name,surface_area,volume,compactness,rectangularity,diameter,convexity,eccentricity
AircraftBuoyant\m1337_06_fill_holes_and_orientation.obj,0.29151403262484005,5.054452196990619,-0.020352624676058445,1.6014595933324778,-0.628040090847215,2.2459672882684623,-0.10350054179889517
AircraftBuoyant\m1338_06_fill_holes_and_orientation.obj,0.7031860378587024,5.868199554478813,-0.020352612731071064,1.5959340715869694,-0.08773577753826664,2.1042425384453862,-0.1035698638514862
AircraftBuoyant\m1339_06_fill_holes_and_orientation.obj,-0.6759939400521293,-0.4015429455021087,-0.02035257462368159,-0.7489175395810695,-0.6826787640114479,-0.8825955480853007,-0.09882860557485512
AircraftBuoyant\m1340_06_fill_holes_and_orientation.obj,-0.6627222454094872,-0.17719719407205123,-0.020352619089278275,0.3108334699349217,-0.7007069488597397,0.8918029052176659,-0.09560264617552641
AircraftBuoyant\m1341_06_fill_holes_and_orientation.obj,-0.6134182939498719,-0.057778859561571416,-0.02035261757200477,0.616547250647625,-0.7004234463103031,1.0906424318772552,-0.08293704740425954
AircraftBuoyant\m1342_06_fill_holes_and_orientation.obj,-0.19338429698483625,1.7634495434340924,-0.020352621833414533,1.2749119757797593,-0.6880524259712306,2.050660043485609,-0.09480301558285824
AircraftBuoyant\m1343_06_fill_holes_and_orientation.obj,0.24531929094550356,3.180842420294206,-0.02035261090926968,1.7724709188203547,-0.6715577321858026,2.541199419854355,-0.10248926362235274
AircraftBuoyant\m1344_06_fill_holes_and_orientation.obj,-0.20126436567890493,2.1364589357853587,-0.020352626495420797,1.1500280392600444,-0.6737742066632204,2.100527552333647,-0.09542590449251855
AircraftBuoyant\m1345_06_fill_holes_and_orientation.obj,0.3973789977840388,-0.5427635242061729,-0.020284471931224103,-0.8746291135174068,-0.6956167894493935,-1.021701537206659,-0.10108693697559142
AircraftBuoyant\m1346_06_fill_holes_and_orientation.obj,-0.5825559605690492,-0.08368137475530905,-0.020352607622955952,1.0302825997946117,-0.6413775971502752,1.42182789096307,-0.08605194214199839
AircraftBuoyant\m1347_06_fill_holes_and_orientation.obj,-0.45582139890713225,0.26243748529374983,-0.020352607699395238,1.6077948898165522,-0.6942637090998073,1.7853233401566753,-0.08804294013641202
AircraftBuoyant\m1348_06_fill_holes_and_orientation.obj,-0.5836205805125414,-0.08639842180360317,-0.020352607615980317,1.039571192384044,-0.6516481213276105,1.4213836689014925,-0.0862084189707769
AircraftBuoyant\m1349_06_fill_holes_and_orientation.obj,-0.6029597578537482,-0.15964342344489021,-0.020352604153812324,0.42317780645890274,-0.4113925971592243,1.0024643526541517,-0.10028267315033168
AircraftBuoyant\m1350_06_fill_holes_and_orientation.obj,-0.5194612170690183,0.05226977937024542,-0.020352604952878484,-0.01757782036170209,0.5032639462018366,1.3370925327171908,-0.0994981337937378
AircraftBuoyant\m1351_06_fill_holes_and_orientation.obj,-0.5403599260228629,-0.30409152470329187,-0.020352515103028296,1.657191148869072,-0.7016218889056522,1.7541382349467496,-0.0880577133124621
AircraftBuoyant\m1352_06_fill_holes_and_orientation.obj,-0.5040804373132485,0.14285448126519162,-0.020352609156102684,1.298318038259925,-0.6727175153425924,1.893552313562427,-0.09345562866251836
Apartment\D00045_06_fill_holes_and_orientation.obj,8.114114300286571,1.2963479884528084,-0.020301308387912723,0.47619423493089397,4.426397998270854,0.2854505384725286,-0.10249182471762233
Apartment\D00086_06_fill_holes_and_orientation.obj,0.2605777984065433,1.1816392021593718,-0.020352510984672684,1.4831848476937053,-0.45386643365670276,1.6491692782832184,-0.09505476167441212
Apartment\D00138_06_fill_holes_and_orientation.obj,1.397702973254331,-0.007373520077762987,-0.02034448815065767,-0.046461770779225656,2.574340275196168,-0.5716436874171383,-0.10016884010062063
Apartment\D00156_06_fill_holes_and_orientation.obj,5.842508704804845,0.21644528889444345,-0.02024201937230463,-0.4059243497642405,1.833457908160502,-0.6718444217906738,-0.09908896381407958
Apartment\D00310_06_fill_holes_and_orientation.obj,4.452813757431091,-0.32470814836671175,-0.01993622917322779,-0.4190891434919552,0.5094365698918512,-0.7213178626808605,-0.09728021658712308
Apartment\D00348_06_fill_holes_and_orientation.obj,0.5756663357841048,2.9070958134406193,-0.0203525701817834,2.645414041220415,1.796319074184247,1.6940858606062568,-0.07420184056968228
Apartment\D00366_06_fill_holes_and_orientation.obj,0.5290980589626257,2.5521177333189407,-0.020352561754749567,0.7650575560102038,0.15652744176079733,1.9929147579165343,-0.1020925122251325
Apartment\D00478_06_fill_holes_and_orientation.obj,2.3824616408170995,-0.22228370812192624,-0.020298040245707867,-0.5309273708043326,0.9728859193443194,-0.7500346695002478,-0.10131889292936999
Apartment\D00496_06_fill_holes_and_orientation.obj,0.2837745994639041,2.309460731478561,-0.020352587174329594,2.2158821304453746,1.865493696246889,1.932407414206523,-0.1031958292189805
Apartment\D00626_06_fill_holes_and_orientation.obj,0.9463829447736206,0.8015819544343482,-0.0203518270519032,1.2762040428258534,-0.08513270867525322,1.2262340513017795,-0.10020661012409313
Apartment\D00639_06_fill_holes_and_orientation.obj,1.9828668239619778,1.9379333647900001,-0.020351683069486527,1.4147291111547924,1.4389254511802796,1.0015938207108992,-0.1024833367874239
Apartment\D00651_06_fill_holes_and_orientation.obj,5.837895948894864,0.21659349146071397,-0.020242286952541107,-0.4053586982924481,1.8353651071294426,-0.6719375651261658,-0.09909713605783609
Apartment\D00681_06_fill_holes_and_orientation.obj,6.946092752884335,1.88036490126978,-0.020332665675889632,0.9495730661088707,1.600586336757001,0.9542483467931072,-0.09875806429217127
Apartment\D00780_06_fill_holes_and_orientation.obj,0.4728657920188367,-0.5822512746413813,-0.020108508602150715,-0.8456260785795059,0.8610957095094807,-1.0865507933249905,-0.08673984584362332
Apartment\D00792_06_fill_holes_and_orientation.obj,0.338276243159206,2.9302648146342545,-0.020352598549324773,1.1399951684182537,0.2893097267334967,2.3105263670723764,-0.10120084439754694
Apartment\D00859_06_fill_holes_and_orientation.obj,0.37140352523764736,0.6908746374302174,-0.020352324454753726,1.1546008848425344,-0.6522280129060026,1.8605939025421723,-0.09113811594384366
Apartment\D00860_06_fill_holes_and_orientation.obj,2.3895838900141597,-0.1542751971555333,-0.020312117785238875,-0.45994704243342005,0.9745096157638207,-0.6801449259574053,-0.10132314638879827
Apartment\D00869_06_fill_holes_and_orientation.obj,1.7178870853467054,-0.45631202721499553,-0.020204951299183673,-0.7793912683456303,1.9209184446618321,-1.0418025854930337,-0.10299359051522555
Apartment\D00921_06_fill_holes_and_orientation.obj,1.790797651598766,0.8812161333770784,-0.020350399324909764,1.1767684683107758,0.08362862711691411,0.7383707546104384,-0.10374438227910092
Apartment\D00953_06_fill_holes_and_orientation.obj,1.8228504602887186,-0.44827615473276805,-0.02020049479752979,-0.7981173091749668,-0.07979770615402973,-0.9233959114667878,-0.10264484402822717
Apartment\m463_06_fill_holes_and_orientation.obj,3.391072811413364,1.5452624319801682,-0.020348270892074576,0.6822342720877647,0.9054380855373405,1.1983483696298596,-0.10103608534903342
Apartment\m464_06_fill_holes_and_orientation.obj,1.6284697593060862,0.07519177628676339,-0.020344168511969157,1.661400786664411,-0.6286070959460882,1.8600637020170638,-0.0895092245398336
Apartment\m465_06_fill_holes_and_orientation.obj,0.8562790127702862,0.09100005002229292,-0.020349902423417058,2.93965998262078,-0.49764180458568935,3.2050427192139543,-0.07188769279947271
AquaticAnimal\m53_06_fill_holes_and_orientation.obj,-0.6947495247192216,-0.5111140428314982,-0.02035246146637571,0.07999408140947005,-0.6295349224715195,0.2579410125785573,-0.04721859258092758
AquaticAnimal\m54_06_fill_holes_and_orientation.obj,-0.6334633362599233,-0.4276595310693482,-0.020352505704371613,0.1297595024751598,-0.564432427937155,0.9048393897505687,-0.0727344548240873
AquaticAnimal\m55_06_fill_holes_and_orientation.obj,-0.6678500677624707,-0.48292262133647035,-0.02035247201704611,-0.06571178349822232,-0.5461593999779858,0.2241873007706397,-0.0627464791792094
AquaticAnimal\m56_06_fill_holes_and_orientation.obj,-0.6773022088173547,-0.486644152445043,-0.02035248297067399,0.011371626542028746,-0.46898227413350696,0.792024898289825,-0.057232920527363965
AquaticAnimal\m57_06_fill_holes_and_orientation.obj,-0.6772233812573821,-0.49840155603584313,-0.02035245494945576,0.0808336272781303,-0.6384137068607065,0.739560123355952,-0.03796935406676852
AquaticAnimal\m58_06_fill_holes_and_orientation.obj,-0.4959844885969824,0.2709014985229813,-0.02035261561124681,0.217489068637145,-0.5556953948226863,1.259106483858503,-0.10122107206565406
AquaticAnimal\m59_06_fill_holes_and_orientation.obj,-0.7612970049228205,-0.5131394779038629,-0.020352576836830658,0.35258450277921666,-0.6545346927400606,1.1282615921080916,-0.054447836628465474
AquaticAnimal\m60_06_fill_holes_and_orientation.obj,-0.6267016335729644,-0.4168242767797873,-0.020352509658394958,-0.41967861186782307,-0.4743688225728114,-0.058656767194814156,-0.07342434125810197
AquaticAnimal\m61_06_fill_holes_and_orientation.obj,-0.6739901076469194,-0.41924491869554026,-0.020352561789637492,-0.012153520458514354,-0.48899497682785803,0.44118261297921285,-0.07667576919519054
AquaticAnimal\m62_06_fill_holes_and_orientation.obj,-0.6389749950839093,-0.4337358362864424,-0.0203525057334644,-0.02131707430155062,-0.6783875663313335,0.5986915757322067,0.019416441453893336
AquaticAnimal\m63_06_fill_holes_and_orientation.obj,-0.13915093572375895,1.095764048481469,-0.02035259834875823,-0.01892942966798491,0.6566388254472819,0.8939057951381973,-0.10357551297728941
AquaticAnimal\m64_06_fill_holes_and_orientation.obj,-0.6415274852218824,-0.4225547760089167,-0.020352522627551713,-0.09083861729784073,-0.6396121494560557,0.7400150927254707,-0.04730542454992629
AquaticAnimal\m65_06_fill_holes_and_orientation.obj,-0.5076424576795057,-0.42326285493665405,-0.020352251010276982,-0.7195096172738857,0.6611748662382765,-0.5548420626687693,-0.09639236547982809
AquaticAnimal\m66_06_fill_holes_and_orientation.obj,-0.16920304719554616,0.006178781260092025,-0.020352377512467736,0.19218360805696055,-0.661867099586865,0.8035854191987774,-0.0908571043740916
AquaticAnimal\m67_06_fill_holes_and_orientation.obj,-0.6818123993225991,-0.408969540767446,-0.0203525752444447,-0.06295497685148699,-0.6882070637254706,0.9847921959625304,-0.04661875906705235
AquaticAnimal\m68_06_fill_holes_and_orientation.obj,-0.7310975396599484,-0.5346288500130985,-0.020352482270056947,-0.1841472932395042,-0.5999862249324651,0.23250929955325408,-0.07516008184158993
AquaticAnimal\m69_06_fill_holes_and_orientation.obj,-0.6686808923292263,-0.42276884638241874,-0.02035255381650766,-0.1418246546973981,-0.6565063241065981,0.5237756745087752,-0.06470855744724222
AquaticAnimal\m70_06_fill_holes_and_orientation.obj,-0.6933368990138055,-0.46803649690218,-0.020352539021656825,-0.4340044796692169,-0.5535175797838278,-0.10315420450813842,-0.018789405744777856
AquaticAnimal\m71_06_fill_holes_and_orientation.obj,-0.6796446414233556,-0.36167645517532,-0.02035259405755324,-0.18353996218557983,-0.5663267404265768,0.37527295581066433,-0.06841804562039766
AquaticAnimal\m72_06_fill_holes_and_orientation.obj,-0.6707702705523609,-0.42219250306914424,-0.020352556423072713,-0.27871231087114867,-0.6244705360202111,0.33523206885703527,0.027483729358367157
AquaticAnimal\m73_06_fill_holes_and_orientation.obj,-0.5673014840627807,-0.1473096765408156,-0.020352593228486978,-0.3096564234912001,-0.11459120085766741,0.10809129795179237,-0.09045288568704914
AquaticAnimal\m75_06_fill_holes_and_orientation.obj,-0.6791407720769405,-0.44369834213018755,-0.020352547083323548,-0.5537499191346494,-0.43590268120601067,-0.2288762128064886,-0.08131061028431692
AquaticAnimal\m76_06_fill_holes_and_orientation.obj,-0.7124351148364599,-0.4421504486602503,-0.0203525817179206,-0.4585477993189863,-0.6982585177509663,-0.05235167986920006,-0.06339955530818284
AquaticAnimal\m77_06_fill_holes_and_orientation.obj,-0.6186374846110054,-0.430096639936909,-0.020352479771882512,-0.5675696777244397,-0.41362195811616087,-0.34633354129791183,-0.08470300606363013
AquaticAnimal\m78_06_fill_holes_and_orientation.obj,-0.7014521067362012,-0.43803371070828945,-0.020352574641340188,-0.5898444372610209,-0.33930563072509456,-0.23508457436063002,-0.06946905281697964
AquaticAnimal\m79_06_fill_holes_and_orientation.obj,-0.66744070191125,-0.5586211987971261,-0.02035197947015373,-0.5727319916827973,-0.48612129189492964,-0.1812333967023181,-0.0603536178825595
AquaticAnimal\m80_06_fill_holes_and_orientation.obj,-0.7179602101763504,-0.5120855929881609,-0.02035251001384008,-0.5909281063964545,-0.6105531381387559,-0.2880867146915725,-0.09438975117378383
AquaticAnimal\m81_06_fill_holes_and_orientation.obj,-0.7444176057598463,-0.5072278422048471,-0.02035256159078803,-0.5854025846509461,-0.6972533723484164,-0.18559322129054104,-0.05923731581130501
Bed\D00031_06_fill_holes_and_orientation.obj,0.7642330563349022,0.8598914307859212,-0.0203520884535721,0.777073184116277,1.7538452376867686,0.6453707165576327,-0.0869338466345123
Bed\D00110_06_fill_holes_and_orientation.obj,0.2300428681299245,0.059169432177731816,-0.02035183096905812,0.0510565429577768,2.2801806071961837,-0.40961369045680096,-0.0664510303012427
Bed\D00121_06_fill_holes_and_orientation.obj,0.6610862983431643,0.4964987382904349,-0.020351844847964345,-0.08470576449840779,3.6507092500520284,-0.49892023701375005,-0.09548896978224519
Bed\D00184_06_fill_holes_and_orientation.obj,2.8036596879433198,4.589277275370853,-0.02035214871466696,3.3504182187583345,3.4441260968690552,2.0962787832608183,-0.09884252742606427
Bed\D00210_06_fill_holes_and_orientation.obj,2.1261918996949243,0.3306106657782211,-0.020344801704700887,-0.3057980850309743,3.903464659354684,-0.6675096742543142,-0.08917132453261621
Bed\D00213_06_fill_holes_and_orientation.obj,0.24969511629170388,0.23098560734076903,-0.02035209231210243,0.8797061780034862,0.9101029911235317,0.13211153120079333,-0.08005103562245339
Bed\D00217_06_fill_holes_and_orientation.obj,0.07660950148209579,-0.01017290188509641,-0.020351991575239228,0.4289712683752603,1.0087103324095474,-0.2343680871645376,-0.08276447531410643
Bed\D00307_06_fill_holes_and_orientation.obj,1.2651647324894388,1.3842485772030764,-0.020351978319476608,1.3311555947539762,1.6526090545786989,1.0778316408111213,-0.08433223589794013
Bed\D00322_06_fill_holes_and_orientation.obj,-0.01782143652631961,0.021114306549805888,-0.02035220413084761,0.182900969693547,1.4412321310143348,-0.40069342486544945,-0.0776212635391128
Bed\D00417_06_fill_holes_and_orientation.obj,0.9130285855763948,0.8470636753276114,-0.020351916376541823,0.9613922047563216,2.254046826729893,0.1624153571595254,-0.0790572626151541
Bed\D00538_06_fill_holes_and_orientation.obj,-0.06733499763404376,0.2687443278361538,-0.020352445499754998,0.3012114406884327,2.1670373170117587,-0.3941805562529687,-0.09413123008723653
Bed\D00545_06_fill_holes_and_orientation.obj,0.15685416599864288,-0.0035696542101512595,-0.020351838238927,-0.29147221722958055,0.9562752472432108,-0.4845403389881737,-0.08141801646443424
Bed\D00552_06_fill_holes_and_orientation.obj,0.20507647792795375,1.2032603098830703,-0.0203525308375409,0.4137522666710364,2.3737879944284908,0.6493651326758483,-0.10127934825755343
Bed\D00565_06_fill_holes_and_orientation.obj,0.7554867802488632,0.35704012342980973,-0.020351409081871944,0.6191671100959263,2.2829640867724748,0.13031314833860116,-0.03260379064305586
Bed\D00650_06_fill_holes_and_orientation.obj,0.27030628380519434,0.12739201351762672,-0.020351895743983123,0.34789852690236833,1.3617225523767604,-0.27176871880056586,-0.09364977424192583
Bed\D00735_06_fill_holes_and_orientation.obj,1.1480175728091766,0.5827526318599181,-0.020351100817690804,0.22862347129242622,1.8557128582913114,-0.008868071938346586,-0.0886392647044977
Bed\D00836_06_fill_holes_and_orientation.obj,0.27333263507072925,0.649180315452758,-0.020352374698565386,1.0256442577259146,-0.043767109416483645,1.405144486602056,-0.09862802996107752
Bed\D00839_06_fill_holes_and_orientation.obj,1.3330970695989182,1.5965569868616003,-0.020352045808206057,1.5117532241322287,2.7462845714297406,0.762559362350521,-0.07450234953539632
Bed\D00969_06_fill_holes_and_orientation.obj,1.5594826556981114,1.9771905778998986,-0.020352061573489497,1.0340158995084412,2.938860121374622,0.5567305030930496,-0.09783700360413902
Bed\D00988_06_fill_holes_and_orientation.obj,0.6322022679873331,0.697132079117198,-0.020352096838908228,0.787808653628294,1.8869496846474667,0.24911389032269768,-0.09201549876213273
Bed\m945_06_fill_holes_and_orientation.obj,0.6394678400207072,0.9420121194516359,-0.02035224654107138,0.18419303673964127,1.9565624470137826,-0.05559020199553819,-0.1003129339506952
Bed\m946_06_fill_holes_and_orientation.obj,0.23392960429720483,0.04291655074339043,-0.020351783118503462,0.03966610858368439,1.2272779115459977,-0.4919810585195943,-0.09214851114778157
Bed\m947_06_fill_holes_and_orientation.obj,0.1504651026860994,0.08322764876899098,-0.02035203089812556,-0.1614497836555836,2.3590587483372825,-0.521607804078019,-0.09366804053988365
Bed\m948_06_fill_holes_and_orientation.obj,0.2552426058247684,0.8036897242657519,-0.020352437827221317,-0.3112581102902753,1.7129435516907132,-0.25581254894358596,-0.10398496224846143
Bed\m949_06_fill_holes_and_orientation.obj,0.6917663429915505,1.0459515192627429,-0.020352257475626027,0.045030866226683564,3.89053952039626,-0.19268286209587632,-0.10022688051668112
Bed\m950_06_fill_holes_and_orientation.obj,0.5696817116002838,-0.09038342414110125,-0.02034977774391549,-0.7302450867859028,2.568927953797823,-0.869544733808476,-0.10362888455702432
Bed\m951_06_fill_holes_and_orientation.obj,1.6741789948774104,1.7812997191937947,-0.020351865974973522,1.12897985028335,3.572836254313477,0.5565477988580461,-0.08290934690797157
Bicycle\D00016_06_fill_holes_and_orientation.obj,-0.6745454836376347,-0.6141148263895582,-0.020344880623733026,-0.910681952061646,-0.6202824301762557,-1.099963433635842,0.01509978539764759
Bicycle\D00033_06_fill_holes_and_orientation.obj,-0.6674460765176117,-0.5957047742683893,-0.02035018381672538,-0.8849537414341219,-0.6908616785065621,-1.0214149423282217,-0.0005023191622547123
Bicycle\D00040_06_fill_holes_and_orientation.obj,-0.12884109707031077,-0.5225421073861415,-0.02034277448441834,-0.7718651266577826,-0.33601957844752717,-0.7978888493272656,-0.06542293608550959
Bicycle\D00077_06_fill_holes_and_orientation.obj,-0.6007776676708733,-0.598471222172107,-0.020346828969188463,-0.908800416639684,-0.6076021343287061,-1.0694733210061258,-0.05691885445091631
Bicycle\D00078_06_fill_holes_and_orientation.obj,-0.5418572017784767,-0.5837827011595107,-0.02034763520747087,-0.9025067997377416,0.0006525854884947589,-1.0551471595202564,-0.08435847901471417
Bicycle\D00462_06_fill_holes_and_orientation.obj,-0.5539272240154017,-0.6174740845583582,-0.02031559619373693,-0.9274669152088317,-0.48219091564137045,-1.1081170579273745,-0.05384354157111626
Bicycle\D00514_06_fill_holes_and_orientation.obj,-0.4695571012323396,-0.555163138917479,-0.020349102634473884,-0.7521328216312575,-0.5431955096884171,-0.8431385981964871,-0.052564768584656786
Bicycle\D00536_06_fill_holes_and_orientation.obj,-0.5968031462663509,-0.5866150168704598,-0.020349171874194716,-0.9158085406638904,-0.21117536485906474,-1.0770071838730384,-0.0937117358158968
Bicycle\D00555_06_fill_holes_and_orientation.obj,-0.19733239324141327,-0.4742939385891605,-0.02034895424978843,-0.7208433639021119,-0.6491094848621969,-0.7190860050650325,-0.07511226207078514
Bicycle\D00558_06_fill_holes_and_orientation.obj,-0.5378369962198795,-0.5811479888702558,-0.020347960301739104,-0.8369329085919602,-0.644534784632643,-0.979819278159072,-0.057233306630079916
Bicycle\D00567_06_fill_holes_and_orientation.obj,-0.6888204381344721,-0.602357422798758,-0.02034994438820515,-0.9009587009728364,-0.6463646647244652,-1.0610008599123322,-0.04680099796659813
Bicycle\D00621_06_fill_holes_and_orientation.obj,-0.6744890502708363,-0.6140983594377503,-0.020344880696972302,-0.9102830189183818,-0.6187875985519512,-1.099963433635842,0.01323345902078512
Bicycle\D00708_06_fill_holes_and_orientation.obj,-0.5762349756037547,-0.5861539422198402,-0.020348529997081928,-0.8885441397234988,-0.43936914419685563,-1.0018261823870531,-0.05504672624779123
Bicycle\D00750_06_fill_holes_and_orientation.obj,-0.24800507778782382,-0.5453159017363887,-0.020343196876942842,-0.8358016056483756,-0.531391494448218,-0.9435399489849285,-0.07661392155316854
Bicycle\D00838_06_fill_holes_and_orientation.obj,-0.547994106475881,-0.5860880744126088,-0.020347426915838112,-0.8893062806539137,-0.41431782801023365,-1.0025749115069695,-0.05738606722021729
Bicycle\D00847_06_fill_holes_and_orientation.obj,-0.5421039857872544,-0.5838485689667421,-0.020347633920022545,-0.902488937059685,-0.004733962950806819,-1.0551328297763345,-0.08415423146916448
Bicycle\D00904_06_fill_holes_and_orientation.obj,-0.6802215158395178,-0.6011718022685932,-0.02034982838489925,-0.8843821357363107,-0.04380576885504293,-1.0111297686283138,-0.004336221023687912
Bicycle\D00930_06_fill_holes_and_orientation.obj,-0.4380184632176621,-0.5621451264840046,-0.020347430169468803,-0.8793150893942551,-0.12158855923695423,-1.0403158745611418,-0.0822031397222666
Bicycle\D00931_06_fill_holes_and_orientation.obj,-0.5677001007012781,-0.5971373990756718,-0.02034532246830485,-0.8909436928091021,-0.3412386026530728,-1.0549465431053504,-0.06275632321607826
Bicycle\D00974_06_fill_holes_and_orientation.obj,-0.517243296177065,-0.5571721070380359,-0.020349992614751344,-0.7995522776455137,0.09703056581757402,-0.8300698717397599,-0.06542743956227036
Bicycle\m1472_06_fill_holes_and_orientation.obj,-0.6885037842429917,-0.6016493438710208,-0.020350044775906177,-0.9214650553818139,-0.5247291845364487,-1.0818721319345064,-0.08047432050467872
Bicycle\m1473_06_fill_holes_and_orientation.obj,-0.6384666468988595,-0.602357422798758,-0.020347703359363575,-0.8984936514010254,-0.6906941542728033,-1.0471798218997077,-0.0008092296793516211
Bicycle\m1475_06_fill_holes_and_orientation.obj,-0.5280444634287508,-0.5610253737610713,-0.020349944471893245,-0.7970455484915707,-0.08892133365409409,-0.8332904816861957,-0.06219032195268918
Bicycle\m1476_06_fill_holes_and_orientation.obj,-0.6888204381344721,-0.602357422798758,-0.020349944395561273,-0.9009587009728364,-0.6463646647244652,-1.0610008599123322,-0.04680099005465724
Bicycle\m1477_06_fill_holes_and_orientation.obj,-0.54222312289494,-0.5838321020149343,-0.02034763965629591,-0.902488937059685,-0.004463346880891862,-1.055136412212315,-0.08430570003935274
Bicycle\m1478_06_fill_holes_and_orientation.obj,-0.6740062314660047,-0.614032491630519,-0.02034488014540943,-0.9104616456989478,-0.6057078218392872,-1.0999670160718225,0.026355964467135503
Biplane\D00069_06_fill_holes_and_orientation.obj,-0.28437996576035945,-0.5845895817980951,-0.02032764436882193,-0.7931753015793073,-0.5234791960230215,-0.974854021890151,-0.09941292219023558
Biplane\D00132_06_fill_holes_and_orientation.obj,-0.419313489427143,-0.516169397036506,-0.02035042742135752,-0.7153595217387355,-0.330826327201022,-0.7303850081474111,-0.07359048885224359
Biplane\D00178_06_fill_holes_and_orientation.obj,-0.49429641431552596,-0.6292479551009661,-0.01987456813131339,-0.9525758863303936,-0.6609135001023932,-1.1513212358517522,-0.09035500785735875
Biplane\D00199_06_fill_holes_and_orientation.obj,-0.2844870100037311,-0.5569086358091104,-0.020342145043084865,-0.8402196413543748,-0.3425916830026591,-1.0099045755229956,-0.1013131124653478
Biplane\D00246_06_fill_holes_and_orientation.obj,-0.636034189636299,-0.6178198905463229,-0.020334901493162083,-0.8926525556765169,-0.7020213697707667,-1.0621687340419628,-0.09295524191621418
Biplane\D00276_06_fill_holes_and_orientation.obj,-0.19594529691621537,-0.27548842941306806,-0.02035189516343479,-0.6143579857806959,-0.45134068367081076,-0.7127379285076529,-0.10252111867880775
Biplane\D00277_06_fill_holes_and_orientation.obj,-0.5624208936024382,-0.5804893107979421,-0.020348910085246436,-0.8603866048802771,-0.6943281414974071,-0.9750725504849591,-0.10084292717985038
Biplane\D00320_06_fill_holes_and_orientation.obj,-0.5630846574881158,-0.5701315981108086,-0.02035001057799355,-0.7901862801178361,-0.7020342562502855,-0.8626592918540271,-0.09831607479046221
Biplane\D00373_06_fill_holes_and_orientation.obj,-0.34110356130238595,-0.5111799106387296,-0.020349474914074975,-0.7936933192429487,-0.6984904743823248,-0.901295863903315,-0.09383027805283205
Biplane\D00410_06_fill_holes_and_orientation.obj,-0.4896738049605479,-0.506717366698804,-0.020351440488750587,-0.5290279727043141,-0.6651531518644295,-0.5331074235753035,-0.09707494128045037
Biplane\D00490_06_fill_holes_and_orientation.obj,-0.4892550335481941,-0.5808021828822911,-0.020345989451416097,-0.8464477617701097,-0.59783418285265,-0.9966495623952847,-0.09705050841575444
Biplane\D00515_06_fill_holes_and_orientation.obj,-0.334444424020164,-0.4227029785751873,-0.020351520060175213,-0.6665289141580079,-0.7021115751274069,-0.7168720596291066,-0.09861633611242605
Biplane\D00601_06_fill_holes_and_orientation.obj,-0.07536107646760695,-0.23873419297796172,-0.020351663492336334,-0.556369778582951,0.29943849963611374,-0.6537459552173773,-0.10251518788790849
Biplane\D00616_06_fill_holes_and_orientation.obj,-0.5445677949202583,-0.5966927913768598,-0.02034395385962186,-0.8346941196088664,-0.6269189671289873,-0.9709061774396812,-0.09092731177286945
Biplane\D00632_06_fill_holes_and_orientation.obj,-0.47962642625109897,-0.4713792881191722,-0.02035184708381593,-0.7080596406396047,-0.5645999521709137,-0.8004037193855502,-0.0922824025500645
Biplane\D00634_06_fill_holes_and_orientation.obj,-0.33800241343164983,-0.5122667294580472,-0.020349366087418125,-0.7770691201982722,-0.5031056719021124,-0.9141209847133707,-0.09859020771879506
Biplane\D00666_06_fill_holes_and_orientation.obj,-0.3861947171421076,-0.40773451938185773,-0.020351901100430798,-0.5895407717340585,-0.31687026988100764,-0.6808649955894783,-0.07764418364070849
Biplane\D00854_06_fill_holes_and_orientation.obj,-0.48478828777770716,-0.591209296424848,-0.020342182922015017,-0.8815241072472546,-0.7014414781923718,-1.0572106426450028,-0.09933183587271907
Biplane\D00890_06_fill_holes_and_orientation.obj,-0.12178692622049928,-0.5807692489786754,-0.020309555447527435,-0.8983805211066669,-0.5033376285334709,-1.0824524865633414,-0.0956524114925987
Biplane\D00900_06_fill_holes_and_orientation.obj,-0.5306018802892221,-0.567661555339632,-0.020349456287650003,-0.8011301475405135,-0.6794571441314803,-0.9131931337944309,-0.09773658445903127
Biplane\m1118_06_fill_holes_and_orientation.obj,-0.5071444108233158,-0.6061118878109463,-0.020332445412264522,-0.8877998614711403,-0.48770632887587156,-1.0746786004857378,-0.09485760243671551
Biplane\m1119_06_fill_holes_and_orientation.obj,-0.32777543329294545,-0.4441429498289994,-0.020351207225032027,-0.7257079665595262,-0.44168871051042957,-0.8559995433663474,-0.10102240243843949
Biplane\m1120_06_fill_holes_and_orientation.obj,0.005522718322126062,-0.55401045229093,-0.020322212730227263,-0.8645188377373707,-0.4841367740488704,-1.0385640633666955,-0.09262742884245129
Biplane\m1121_06_fill_holes_and_orientation.obj,-0.4875414298865192,-0.4961785175417842,-0.02035159917559827,-0.7830828884773279,-0.6688644579661518,-0.8700104504859362,-0.10261580483153875
Biplane\m1122_06_fill_holes_and_orientation.obj,-0.27314927788359616,-0.4597865540464505,-0.020350421015725755,-0.7726332218142163,-0.582911639568645,-0.8666214660484186,-0.09833439330722996
Biplane\m1123_06_fill_holes_and_orientation.obj,-0.3634104171230119,-0.40916714418914013,-0.020351790785583468,-0.7152225745403016,-0.48143061334969794,-0.6360272268580099,-0.10322040212503039
Biplane\m1124_06_fill_holes_and_orientation.obj,-0.5294727650693888,-0.5347276517239455,-0.020351182668040334,-0.7150320393076979,-0.5166880213160527,-0.8287622826068911,-0.042979716442095875
Biplane\m1125_06_fill_holes_and_orientation.obj,-0.32159150078987586,-0.41797696340633633,-0.020351495290168154,-0.5998773081028116,-0.3393700631226943,-0.8069882367176403,-0.09752579769432702
Biplane\m1126_06_fill_holes_and_orientation.obj,-0.41481449601848547,-0.4617461213115839,-0.02035156661308639,-0.6451591969762944,-0.24516989783247065,-0.7968463604569509,-0.08692594023197008
Biplane\m1127_06_fill_holes_and_orientation.obj,-0.475353614193499,-0.4586009335162858,-0.020351936922973397,-0.6054683263345276,-0.41680491855756924,-0.6975054107187265,-0.07900892856819076
Biplane\m1128_06_fill_holes_and_orientation.obj,-0.3881004629812155,-0.40913421028552444,-0.020351899962485424,-0.6149057745744317,-0.3450787735499946,-0.6807682698180058,-0.08757357057202146
Biplane\m1129_06_fill_holes_and_orientation.obj,-0.45462689264323075,-0.5091709425181726,-0.020351058656863014,-0.7429216339800705,-0.6697793980120614,-0.8296113199342607,-0.09920016297866475
Biplane\m1131_06_fill_holes_and_orientation.obj,-0.49074917411676366,-0.4825274144930822,-0.02035179565633191,-0.6178471622277519,-0.48759035056019373,-0.7647119097122026,-0.0980414829695571
Biplane\m1132_06_fill_holes_and_orientation.obj,-0.5120608319927368,-0.5308085171936787,-0.020351098140618192,-0.7096256020825666,-0.5097550953343628,-0.8084462881616885,-0.06804256072912483
Biplane\m1133_06_fill_holes_and_orientation.obj,-0.47962597836723553,-0.4713792881191722,-0.020351847074215897,-0.7080655948656235,-0.5645999521709137,-0.8004073018215306,-0.0922824167915581
Biplane\m1134_06_fill_holes_and_orientation.obj,-0.6502106096831709,-0.5849847886414833,-0.020350771054811406,-0.7499595291343711,-0.6345091035661878,-0.8777234351518718,-0.07341071531348253
Biplane\m1135_06_fill_holes_and_orientation.obj,-0.5190693186884733,-0.5341183745070552,-0.02035108048287947,-0.5817169187452674,-0.5558886920154855,-0.7130137760781485,-0.08542810300823589
Biplane\m1136_06_fill_holes_and_orientation.obj,-0.7232855493131287,-0.5962646506298559,-0.02035146947390384,-0.8503477798124675,-0.7016734348237302,-0.978758877108855,-0.09556303583460037
Biplane\m1137_06_fill_holes_and_orientation.obj,-0.5951912122416861,-0.5644669666889105,-0.020350969687132927,-0.6557279481597833,-0.6592253712852923,-0.7338456413045378,-0.07470877840305237
Biplane\m1138_06_fill_holes_and_orientation.obj,-0.11692738630174038,-0.38492779112799475,-0.020350539901558634,-0.7297032522181859,-0.3180558259968351,-0.86438602599661,-0.10268963431686101
Biplane\m1139_06_fill_holes_and_orientation.obj,-0.43257398697319804,-0.5651750456166478,-0.020346776935565775,-0.8222378787773967,-0.5095231387030071,-0.9985769129527734,-0.1005287511274242
Biplane\m1141_06_fill_holes_and_orientation.obj,-0.4492567651201045,-0.5341183745070552,-0.020350099325752147,-0.7729130704371031,-0.7021244616069257,-0.9072785319906872,-0.10039937665220158
Biplane\m1143_06_fill_holes_and_orientation.obj,-0.2802518201906634,-0.5848201191234048,-0.02032691565201564,-0.7888703961676665,-0.5568938374180353,-0.9742270955935699,-0.09886482564910515
Biplane\m1144_06_fill_holes_and_orientation.obj,-0.38973255177973687,-0.5438174091218749,-0.020348182325262948,-0.7945983615978164,-0.692601353241744,-0.9266845876968525,-0.10248377590014392
Biplane\m1146_06_fill_holes_and_orientation.obj,-0.5909327324677173,-0.4521458884076112,-0.02035237769925862,-0.7121859192706794,-0.43594134064456996,-0.5683657584950152,-0.0678900620242313
Bird\D00089_06_fill_holes_and_orientation.obj,-0.7248217909648653,-0.5780028010749577,-0.0203521066149906,-0.828757756268056,-0.6958745190397897,-0.8043981355037658,-0.09046168455652498
Bird\D00113_06_fill_holes_and_orientation.obj,0.15491841194068187,0.1974918273636157,-0.02035218050197618,-0.38400088956277245,-0.4704899922373303,-0.10919060913521766,-0.10270577230271649
Bird\D00164_06_fill_holes_and_orientation.obj,-0.4464368883156339,-0.5626556019900477,-0.020347633141434503,-0.7757651447001404,-0.7020858021683664,-0.7933821448638437,-0.10058500502722928
Bird\D00234_06_fill_holes_and_orientation.obj,-0.679340976163916,-0.49202884568620775,-0.02035247535585758,-0.7775752294098759,-0.691647753757275,-0.5765516247103719,-0.10326814277642615
Bird\D00271_06_fill_holes_and_orientation.obj,-0.47577148983812584,-0.5722887687976361,-0.020347166189878852,-0.8579513264385605,2.4101536396335517,-1.0196882081856389,-0.09599586805591077
Bird\D00284_06_fill_holes_and_orientation.obj,-0.7137084486603338,-0.5816419974244911,-0.020351919064804717,-0.7882630651137421,-0.7009904514091764,-0.8751118393221147,-0.10138917074442183
Bird\D00323_06_fill_holes_and_orientation.obj,-0.83642235687979,-0.6268767140406367,-0.020351033633381914,-0.702319766757417,-0.7020084832912479,-0.6365968341789034,0.2168732915546534
Bird\D00386_06_fill_holes_and_orientation.obj,-0.7524638393672662,-0.5830910891835813,-0.020352239902336373,-0.4040368601162596,-0.6806684732063482,-0.3907987366874121,0.0009803904304770572
Bird\D00438_06_fill_holes_and_orientation.obj,-0.7500183934726647,-0.6049427342325894,-0.020351414461266037,-0.7808024199121019,-0.7021244616069257,-0.7269601993500889,-0.06738960248807081
Bird\D00442_06_fill_holes_and_orientation.obj,-0.3757814173161955,-0.5017772811564509,-0.020350370546303564,-0.8162657900804732,-0.6856555407805381,-0.8330504584755047,-0.10286138752113087
Bird\D00546_06_fill_holes_and_orientation.obj,-0.6739009787580869,-0.5902706801718011,-0.020350882745458588,-0.7132279088239812,-0.679882397955638,-0.6878292511354973,-0.09533978855417137
Bird\D00599_06_fill_holes_and_orientation.obj,-0.7897980945753761,-0.619285449257221,-0.020350759270692867,-0.8122288248396815,-0.7021115751274069,-0.8469932993114647,-0.05816038355797318
Bird\D00625_06_fill_holes_and_orientation.obj,-0.6195153369834264,-0.5804069760389029,-0.020350453084596917,-0.9222450589902855,-0.23339165555131478,-1.040580974823696,-0.10340246854426453
Bird\D00689_06_fill_holes_and_orientation.obj,-0.7588708180343489,-0.6108379029797973,-0.020351049403094634,-0.8677162571095023,-0.6502048356213841,-0.9524064780365732,-0.09996343187334078
Bird\D00736_06_fill_holes_and_orientation.obj,-0.7436741185464694,-0.595095497051499,-0.020351853269739623,-0.7648034145994065,-0.6983873825461657,-0.6905877268404534,-0.08354724002235626
Bird\D00762_06_fill_holes_and_orientation.obj,-0.6417196273993154,-0.4403720178650033,-0.020352500742939934,-0.8119013424086436,-0.33770770726463095,-0.589154634489639,-0.10130772364240023
Bird\D00862_06_fill_holes_and_orientation.obj,-0.6684435138815819,-0.5644010988816791,-0.020351877483725262,-0.7701503095643488,-0.7004878787079029,-0.7186382005674746,-0.09688640051997707
Bird\D00922_06_fill_holes_and_orientation.obj,-0.2583350712151286,-0.2498164515446403,-0.02035214549396321,-0.8083347610233425,3.6371655600766504,-0.7750364902078954,-0.10332913830241314
Bird\D00961_06_fill_holes_and_orientation.obj,-0.751194984382027,-0.5985206230275305,-0.020351820048679137,-0.8004275488702872,-0.6868797563349248,-0.7346301947842592,-0.06418424420045976
Bird\D00999_06_fill_holes_and_orientation.obj,-0.7822584176175522,-0.6016987447264444,-0.020352119738996668,-0.7168659409215088,-0.7021244616069257,-0.5874458125269584,-0.08614279416816883
Bird\m28_06_fill_holes_and_orientation.obj,-0.3718494448787038,-0.43075531800922273,-0.020351649452551506,-0.6311429489278817,-0.5231441475555039,-0.6075182013254896,-0.0995027701911057
Bird\m29_06_fill_holes_and_orientation.obj,-0.650861832820671,-0.3545956658979474,-0.02035257863575391,-0.3215589213029151,0.5002227370351465,0.30915551735524877,-0.09820317376738927
Bird\m30_06_fill_holes_and_orientation.obj,-0.583765694884309,-0.3961417853091361,-0.020352475105173795,-0.45072394633019514,0.10199186043272353,-0.11788159882381978,-0.09590820928908793
Bird\m31_06_fill_holes_and_orientation.obj,-0.3632039426619476,0.5309146675688273,-0.020352606781509158,0.9525739960223797,0.061038628518590085,0.9943465527224237,-0.09412540848112169
Bird\m32_06_fill_holes_and_orientation.obj,-0.6158928522955993,-0.21740949038680463,-0.020352599293512696,-0.11818637740249659,-0.3559549622647597,0.1845404817748615,-0.09593941081922454
Bird\m33_06_fill_holes_and_orientation.obj,0.035245187270391984,0.557640530352957,-0.020352482324349816,-0.21559156084514045,2.02725767365977,0.14535579702056292,-0.1018936693264122
Bird\m34_06_fill_holes_and_orientation.obj,-0.7242055027687168,-0.5774923255689145,-0.02035211063263367,-0.8180699205641898,-0.6830138124789654,-0.8034559548409043,-0.09871404541777526
Bird\m35_06_fill_holes_and_orientation.obj,-0.040251012525539184,0.9622994040788988,-0.02035257073014626,-0.05457738084294112,0.4129297247675752,0.1997156805881006,-0.10353910855481639
Bird\m36_06_fill_holes_and_orientation.obj,-0.1390004467456297,0.11006878021577558,-0.020352420736030885,-0.5745658932966082,0.22699071177542593,-0.40935933750218817,-0.07719933634594604
Bird\m37_06_fill_holes_and_orientation.obj,-0.5527582471317187,-0.4743104055409683,-0.020352166592757657,-0.7843035048111955,-0.6897663277473749,-0.7223746812950971,-0.10195224854564804
Bird\m38_06_fill_holes_and_orientation.obj,-0.7822431895661939,-0.6016822777746365,-0.020352119732450304,-0.7167349479490938,-0.7021244616069257,-0.585235449527013,-0.09006157137561598
Bird\m39_06_fill_holes_and_orientation.obj,-0.5839117050238034,-0.4543030590944387,-0.02035235362952714,-0.6417593339195214,-0.6954492652156348,-0.3550603553463184,-0.0840797508311061
Bird\m40_06_fill_holes_and_orientation.obj,-0.7600084430475883,-0.6114307132448796,-0.020351007639770647,-0.8569271995633154,-0.6964544106181846,-0.9553476579765326,-0.10030215630480005
Bird\m41_06_fill_holes_and_orientation.obj,-0.7500192892403917,-0.6048109986181266,-0.020351425295527654,-0.7799807367214983,-0.7021244616069257,-0.7249647825089715,-0.06739395959392491
Bird\m43_06_fill_holes_and_orientation.obj,-0.7749668683200963,-0.6139830907750954,-0.020351136452437635,-0.9394289552807354,-0.6920730075814301,-1.0891229823589623,-0.0964191545205243
Bird\m44_06_fill_holes_and_orientation.obj,-0.699781052041557,-0.58386503591855,-0.020351680752805395,-0.7944971397554957,-0.5954759571005139,-0.8527502739320679,-0.09275683259185523
Bird\m45_06_fill_holes_and_orientation.obj,-0.7138437095871049,-0.5813785261955655,-0.02035192740700899,-0.7867983255131007,-0.7006811759007021,-0.8738149974971873,-0.10168236512077304
Bird\m47_06_fill_holes_and_orientation.obj,-0.7786793776644828,-0.5876689017861617,-0.020352357362515575,-0.7987246402288912,-0.6737999796222608,-0.647236669040877,-0.016646153524444516
Bird\m48_06_fill_holes_and_orientation.obj,-0.4614100937556368,0.3809995383102217,-0.02035261539893389,0.8498040549367366,-0.3588673066362502,1.6925346658267169,-0.08514305081026576
Bird\m49_06_fill_holes_and_orientation.obj,0.2127057316584737,2.367243265372283,-0.020352597460355178,0.9317580218604209,-0.6131433205222505,1.6008028101109946,-0.10063517147970526
Bird\m50_06_fill_holes_and_orientation.obj,-0.4960772005567228,0.26116953000454585,-0.02035261512180123,0.5936889769611949,-0.2038945039303413,1.2482051311699556,-0.08212093070033626
Bird\m51_06_fill_holes_and_orientation.obj,-0.42795988741162616,0.5779936827874514,-0.020352618459490743,0.8332513066042866,-0.32062023542128637,1.7943224193395968,-0.10061500235996079
Bird\m52_06_fill_holes_and_orientation.obj,0.061985645455607336,1.0625172727814334,-0.02035255480862814,0.0629769034475484,0.21605009066305828,0.839556658878601,-0.1016373279795831
Bookset\D01009_06_fill_holes_and_orientation.obj,4.531892580250999,2.5349591695351674,-0.020348455516630892,1.4400524344130332,2.827340527609701,0.8008770975975478,-0.10305457259091298
Bookset\D01013_06_fill_holes_and_orientation.obj,8.62758314154764,2.561619164512066,-0.020330513562036495,2.04312621673397,1.5987177972266198,1.8191666128641042,-0.103711114150001
Bookset\D01030_06_fill_holes_and_orientation.obj,1.4363692350724306,2.210296747691729,-0.020352221347453108,0.7375073522209066,0.05240468724027755,1.7974785454383844,-0.10385991956088203
Bookset\D01038_06_fill_holes_and_orientation.obj,0.2689742771952045,0.08367225646780273,-0.020351805490843748,1.7059919853197056,0.16655312282725251,1.0253095469015612,-0.09718710411943728
Bookset\D01042_06_fill_holes_and_orientation.obj,1.2337528456081264,-0.1912764378677573,-0.02033957199831225,-0.7163181521277731,-0.595527503018592,-0.6336771488548266,-0.10121306992862694
Bookset\D01050_06_fill_holes_and_orientation.obj,1.1331294653032349,2.5833390739466116,-0.020352423180390503,0.8979499265252945,0.44892166206655915,1.8896832827035277,-0.10304990138100513
Bookset\D01065_06_fill_holes_and_orientation.obj,8.650400137088772,2.432649997953037,-0.020328441868966995,2.087020770945056,1.3491711213244104,1.899352277414796,-0.10346755454369723
Bookset\D01078_06_fill_holes_and_orientation.obj,1.3264334534780615,-0.377649398428928,-0.02030862822503421,-0.6749124643925725,0.7781067814015424,-0.8634760872575726,-0.09380443290668532
Bookset\D01096_06_fill_holes_and_orientation.obj,5.236680836287816,0.6485216373804443,-0.02031589932794922,0.2617885102175149,2.113339356852476,-0.12257458995822554,-0.10384300224884782
Bookset\D01108_06_fill_holes_and_orientation.obj,5.34973165015269,4.141672591330056,-0.02034983519260069,5.027729642499165,2.3274739870340904,3.052900245559693,-0.10258728149339709
Bookset\D01109_06_fill_holes_and_orientation.obj,4.113429759879051,-0.2428344639781147,-0.020138162923554335,-0.8202968010952462,3.3976574517204177,-0.9889329952933685,-0.10259530657505282
Bookset\D01110_06_fill_holes_and_orientation.obj,2.66829037327737,3.9937005623847757,-0.020352080246226825,1.7260755896813433,2.9274169275609805,1.9653622427907973,-0.10318826540347929
Bookset\D01122_06_fill_holes_and_orientation.obj,0.8113401374441478,1.9159005832711058,-0.020352433343244936,0.5292642514370548,-0.1930183152155734,1.5946123607367553,-0.10331900073253684
Bookset\D01135_06_fill_holes_and_orientation.obj,5.132267014846293,0.23859333907599273,-0.020277332557776338,1.0063882907808988,0.9075772411376368,0.21853421679347002,-0.10057311891841393
Bookset\D01146_06_fill_holes_and_orientation.obj,1.6377382679769434,3.5944263818999995,-0.020352396986359038,1.2390794435982182,1.7870021494913835,1.8878311633016287,-0.10178838433765042
Bookset\D01182_06_fill_holes_and_orientation.obj,2.635054255420103,1.6914889640338169,-0.020350489440682813,0.2772397267364746,0.8849614695802723,1.0737978178971206,-0.10093743452271701
Bookset\D01183_06_fill_holes_and_orientation.obj,2.0685738800775284,4.019389007205011,-0.020352319959743157,1.9851380095362243,3.44063386091917,1.5389377231643881,-0.10147383009444917
Bookset\D01184_06_fill_holes_and_orientation.obj,3.5516754550639185,2.758794445459182,-0.020350626345455654,1.870525112899055,2.5309514986527772,1.0689543644515354,-0.08295624019049684
Bookset\D01190_06_fill_holes_and_orientation.obj,2.0196775029336798,0.48032819161513257,-0.0203473595481042,3.7455287489183053,0.09968518059866839,2.174275579427447,-0.09923469306233836
Bookset\D01199_06_fill_holes_and_orientation.obj,1.6851082569140516,1.2002962585576584,-0.020351282390178096,0.9526752178647003,0.8722811737327227,0.8116064933590328,-0.10305003430161226
Bottle\D00020_06_fill_holes_and_orientation.obj,-0.6093573309596978,-0.06652281097153628,-0.020352616018740895,2.080625932200793,-0.670591246221812,2.0484568453576246,-0.08640575543594968
Bottle\D00123_06_fill_holes_and_orientation.obj,-0.5927184454314125,-0.2110861808925928,-0.020352590816927474,1.8244334492870062,-0.5563010593601188,1.718697195792034,-0.06583311562882675
Bottle\D00139_06_fill_holes_and_orientation.obj,-0.28092857270838184,-0.4107479715626931,-0.020351331646913197,0.411936227735282,-0.6132077529198503,0.262748641664338,-0.057265502691187777
Bottle\D00166_06_fill_holes_and_orientation.obj,0.33348881254246726,1.8534908359193798,-0.020352557170216744,5.059108413618593,-0.2566130916461118,4.16515705659378,-0.0938759687203404
Bottle\D00176_06_fill_holes_and_orientation.obj,-0.1633639852673562,-0.6227599760886758,-0.01968291401777081,-0.918374812078022,-0.5250900059630038,-1.1276055096610904,-0.09057304908067498
Bottle\D00208_06_fill_holes_and_orientation.obj,-0.2469798716243179,-0.3836927697424065,-0.020351420603521287,0.13128378433598978,-0.45811897189826073,-0.12541904412671281,-0.08231349626514582
Bottle\D00281_06_fill_holes_and_orientation.obj,-0.05588215936099433,0.6001581999208085,-0.02035253100744392,3.6642535637607723,-0.5634401690141267,3.7648270006490594,-0.09140468347428712
Bottle\D00311_06_fill_holes_and_orientation.obj,-0.3802096450744231,0.8557088250267292,-0.020352620953850535,2.4046787290516063,-0.4633122231447659,2.3223699004237854,-0.09501044214626189
Bottle\D00347_06_fill_holes_and_orientation.obj,-0.3480287415995152,0.36494426029757454,-0.020352591597320398,3.875217745835246,-0.5795869278525184,3.9718918003197916,-0.08732900931399964
Bottle\D00350_06_fill_holes_and_orientation.obj,-0.5671053109305765,-0.08187001005644619,-0.020352603296609376,1.9239166576102347,-0.5088014958498939,2.036942896116418,-0.08563469327948632
Bottle\D00390_06_fill_holes_and_orientation.obj,0.2409524232765725,0.12516897502356783,-0.020351945575276295,0.06553126640964238,-0.41757810732876055,-0.06130776982035625,-0.09821806324897059
Bottle\D00451_06_fill_holes_and_orientation.obj,0.04752661069087953,1.6984709516003427,-0.020352596273258416,5.598739917708502,-0.32446040631820816,4.486043012235765,-0.09615132503550716
Bottle\D00679_06_fill_holes_and_orientation.obj,-0.10671697786598465,-0.40391418656243816,-0.020350086079979804,-0.08650394075610558,-0.6249215628034064,-0.2259744396623141,-0.0738828532659943
Bottle\D00696_06_fill_holes_and_orientation.obj,-0.3076954560415425,0.3606793197793431,-0.020352580280783954,5.13426860865475,-0.5739555363023366,5.138712693772303,-0.09267631830766584
Bottle\D00711_06_fill_holes_and_orientation.obj,-0.30369943621157314,1.2851175273198594,-0.020352622718090744,2.614720006093156,-0.4342145523889069,2.0888774705251825,-0.09783793325719488
Bottle\D00716_06_fill_holes_and_orientation.obj,-0.054082561997531295,0.33044599626014276,-0.02035246132292156,3.1089743536932803,-0.24839151771243828,2.1401600415855033,-0.07160041813730354
Bottle\D00726_06_fill_holes_and_orientation.obj,-0.4430217738565982,0.34841144068249974,-0.020352610661766392,2.6814430628605788,-0.6275761775845008,2.3267225601400474,-0.10057450350807158
Bottle\D00892_06_fill_holes_and_orientation.obj,-0.3651598514937652,0.3146047886209974,-0.02035259107346494,4.378409386689689,-0.6649340817125926,4.628573810154446,-0.08141030706922044
Bottle\D00940_06_fill_holes_and_orientation.obj,-0.26741770808264137,1.344233884310017,-0.020352620805303683,2.9941471049194317,-0.28314635297751667,2.3609384061894443,-0.095016810467493
Bottle\D00959_06_fill_holes_and_orientation.obj,-0.6074215769017369,-0.26735375521999344,-0.02035258339744832,1.0548199652183625,-0.4887501337169807,1.4889233344411517,-0.06117856114775178
Bottle\m482_06_fill_holes_and_orientation.obj,-0.3840211367526387,-0.3804817141398771,-0.020352042998391526,0.11035467987967244,-0.5004381706414992,-0.07307965445215599,-0.08789062340615919
Bottle\m483_06_fill_holes_and_orientation.obj,-0.47379542623245174,-0.07772033820086975,-0.020352567366007872,2.304891855201416,-0.5450125033007176,2.102110989037011,-0.07550737727862708
Bottle\m484_06_fill_holes_and_orientation.obj,-0.5632230536019311,0.06881906593712805,-0.020352616104741192,2.330465255952449,-0.5410563540881179,2.1051990488521697,-0.082905951894131
Bottle\m485_06_fill_holes_and_orientation.obj,-0.47607336356211144,-0.40198755320092044,-0.020352237854817146,-0.012784668416514218,-0.47144359172180206,-0.163059698973432,-0.0882344035678541
Bottle\m486_06_fill_holes_and_orientation.obj,-0.2555626701001869,0.3524458438754214,-0.02035256260997202,3.169951582352496,-0.5570355886927536,2.8689672350148085,-0.07589459003989725
Bottle\m488_06_fill_holes_and_orientation.obj,-0.4156130729470705,0.6928342046953506,-0.02035262049436603,2.523614393778473,-0.37630271342662835,2.1816518151112194,-0.09380063754863517
Bottle\m489_06_fill_holes_and_orientation.obj,0.24313406557558406,0.42219985173344576,-0.02035227818674109,2.5317240496161704,-0.5019201157862849,2.492521279751831,-0.0835930588633072
Bottle\m490_06_fill_holes_and_orientation.obj,-0.13680044120821547,1.1504013945798932,-0.020352600437321504,4.166409169287933,-0.37327439073945995,3.6991287072033594,-0.10058920389426537
Bottle\m491_06_fill_holes_and_orientation.obj,-0.21054317567862202,1.1410316990012304,-0.020352610043822807,1.605115488108062,-0.1368719239475172,1.815551934959818,-0.10142173629316975
Bottle\m492_06_fill_holes_and_orientation.obj,-0.6086707249969829,-0.08010804621300702,-0.02035261473028769,1.5295325430245654,-0.6929106287502211,1.917773163226334,-0.09881594646941375
BuildingNonResidential\m382_06_fill_holes_and_orientation.obj,0.3004206511340052,0.3743633567316608,-0.02035218152158944,-0.4181424215549554,-0.43827379343766554,-0.4020153437422401,-0.10182331555672769
BuildingNonResidential\m383_06_fill_holes_and_orientation.obj,0.7078176048909499,0.35032160709220966,-0.02035149601485357,-0.08653371188619995,0.3461777608546661,-0.12767239635842367,-0.10405469967794977
BuildingNonResidential\m384_06_fill_holes_and_orientation.obj,0.7911499807623288,-0.47888821814354876,-0.020300067588010343,-0.7434991939039005,2.519559850757217,-0.8469646398236209,-0.09682342067921217
BuildingNonResidential\m385_06_fill_holes_and_orientation.obj,0.7532303413446503,0.5421121947981608,-0.020351768728493046,-0.27986147649279,0.15124398515765194,-0.17713508994066912,-0.10291343543315307
BuildingNonResidential\m386_06_fill_holes_and_orientation.obj,0.7137198184438905,0.6988940429606371,-0.02035200820440856,-0.42347740806786016,3.9536961565231215,-0.6775440774355896,-0.10259139095550097
BuildingNonResidential\m387_06_fill_holes_and_orientation.obj,0.1909636573896961,-0.5215870241812866,-0.02032560427893419,-0.8489842620541469,-0.024939962837957155,-1.0398107510878964,-0.09683474345783538
BuildingNonResidential\m389_06_fill_holes_and_orientation.obj,3.1975471207261146,0.733491108708916,-0.0203429839737918,-0.3344795917638563,1.636951981962062,-0.022466998920182224,-0.10141360914747641
BuildingNonResidential\m390_06_fill_holes_and_orientation.obj,0.7490488975952003,0.41121639487761424,-0.020351545815853953,-0.27699153955169614,-0.3274887290053765,-0.10090443471240812,-0.09697967280886909
BuildingNonResidential\m391_06_fill_holes_and_orientation.obj,0.6021210440644198,0.9317861423789653,-0.02035226938194986,0.033241498709327,-0.48912384162305755,0.912215625434341,-0.1026100085436348
BuildingNonResidential\m392_06_fill_holes_and_orientation.obj,-0.13331321744715943,-0.3803170446217986,-0.02035073707777759,-0.5895110006039642,-0.5580536205748223,-0.5772860240863668,-0.09565914297191715
BuildingNonResidential\m393_06_fill_holes_and_orientation.obj,1.0381400161170597,0.5598635688470158,-0.020351283347478946,-0.29073389320324106,0.2212948878276444,-0.35035661690397113,-0.1031848086764997
BuildingNonResidential\m394_06_fill_holes_and_orientation.obj,1.364254110561911,-0.037458641030692776,-0.020344032635668145,-0.7329542596244872,1.3167487388524275,-0.9203938301151603,-0.10296670732243261
BuildingNonResidential\m395_06_fill_holes_and_orientation.obj,2.335378745436482,2.1146731585435825,-0.0203514577969564,0.08862175491080826,1.7315902875559592,-0.08408489778413679,-0.10365185213026543
BuildingNonResidential\m396_06_fill_holes_and_orientation.obj,1.3936285737482526,0.20239897900235299,-0.020348082328704727,-0.6016338047783772,1.2369814306244569,-0.7487808169070859,-0.10376099102544
BuildingNonResidential\m397_06_fill_holes_and_orientation.obj,1.2146255173343457,1.0279366739849625,-0.02035173127104727,-0.3424284834990436,0.6116392389639115,-0.43268457817097933,-0.1041494206432207
BuildingNonResidential\m398_06_fill_holes_and_orientation.obj,0.8277617992986454,3.522663405921418,-0.020352559194555406,2.0196784746716716,1.210821877199129,2.3155668544968875,-0.10219794516718914
BuildingNonResidential\m399_06_fill_holes_and_orientation.obj,2.033378718201399,1.1266066492175595,-0.020350491958710977,0.11527882479727551,4.352107443838825,-0.35822722875304724,-0.10157325708216795
BuildingNonResidential\m400_06_fill_holes_and_orientation.obj,1.7819138751666386,-0.014668379728637675,-0.02033940644500195,-0.6593838429353676,2.5497786452313034,-0.7475018872620608,-0.10175046003133034
BuildingNonResidential\m401_06_fill_holes_and_orientation.obj,0.5442213054968945,-0.5021066201926078,-0.020307326268004623,-0.7347226647520907,-0.7012224080405348,-0.8423038906130392,-0.09340052515892026
BuildingNonResidential\m402_06_fill_holes_and_orientation.obj,2.853457655304354,1.4376015010604888,-0.020349399476069435,0.7899700376731428,-0.18832763667034172,1.5700762567065678,-0.10359658801426704
BuildingNonResidential\m404_06_fill_holes_and_orientation.obj,0.7756482723634194,0.17690813760381163,-0.020350736082544903,0.011806285041406135,-0.684250914512871,0.5648554678967385,-0.10097712714782843
BuildingNonResidential\m405_06_fill_holes_and_orientation.obj,10.014957154740843,1.7476577366503705,-0.020292802251154166,0.04086290801347668,4.582195535666035,-0.2519972546243935,-0.10304211919593503
BuildingNonResidential\m406_06_fill_holes_and_orientation.obj,2.9099102811089748,0.05571137229808469,-0.02032217623194576,-0.4774167415727756,0.036322360799485656,-0.43762117495205666,-0.10403772223516469
BuildingNonResidential\m407_06_fill_holes_and_orientation.obj,0.9084933135747951,-0.03344070478957899,-0.020348291521199116,-0.6101543022113759,0.012611238482931079,-0.7225932098899052,-0.1004828650349756
BuildingNonResidential\m408_06_fill_holes_and_orientation.obj,1.4556766126593306,3.4377598024001776,-0.020352429950969864,2.785683697772882,1.57543192873422,2.59785922732135,-0.09417682185548364
BuildingNonResidential\m409_06_fill_holes_and_orientation.obj,-0.14257903881483558,-0.3776987992843515,-0.02035084109633987,-0.6460404224270867,0.29733800347437384,-0.30478803123248854,-0.1004138119883752
BuildingNonResidential\m410_06_fill_holes_and_orientation.obj,1.2904916692015111,-0.10551655285250919,-0.020342711101722512,-0.4702240365419843,-0.4852965572056574,-0.19034353140063426,-0.10159827226571419
BuildingNonResidential\m412_06_fill_holes_and_orientation.obj,-0.530366741260895,-0.6160908606064994,-0.020313955570129064,-0.850633582661373,-0.359666268366482,-1.0434146816842418,-0.08079862700623436
BuildingNonResidential\m413_06_fill_holes_and_orientation.obj,5.658868706752329,2.0559355414450056,-0.02034243316265045,0.07122946070969793,5.086842960143514,-0.20250590155430429,-0.10413149614110982
BuildingNonResidential\m414_06_fill_holes_and_orientation.obj,0.6651123263919867,0.19108618311036463,-0.020351138411517537,-0.49292154612590505,0.191475574218675,-0.3660154445745727,-0.10407490598381645
BuildingNonResidential\m415_06_fill_holes_and_orientation.obj,1.3181735792677616,0.3866147688766963,-0.020349867271013348,0.0677402842626419,0.40795554367290693,-0.0953086697109257,-0.10374066920523617
BuildingNonResidential\m416_06_fill_holes_and_orientation.obj,4.499377555413934,1.1398296115192577,-0.020339535468957465,2.059059725560457,1.4119153901066388,0.942286593054343,-0.09649923760393458
BuildingNonResidential\m418_06_fill_holes_and_orientation.obj,2.318987539684701,0.862641411737831,-0.020348719138931815,0.056516568217077776,3.6213796226648136,-0.42394701681463137,-0.10184617552757254
BuildingNonResidential\m420_06_fill_holes_and_orientation.obj,2.4766471384683277,0.5911178433783026,-0.020345894292259865,0.6757441657271999,2.332422395169721,0.008850656421020842,-0.09828621987266692
BuildingNonResidential\m421_06_fill_holes_and_orientation.obj,1.6231945831620178,0.10614964568550884,-0.020344909284075403,0.43941498081235286,1.3877145815683296,-0.12229874238772995,-0.08966242661627323
BuildingNonResidential\m470_06_fill_holes_and_orientation.obj,-0.6481915492266026,-0.47037480405889376,-0.020352459467734698,-0.40219105005041095,0.899948445261877,-0.27800215740657064,-0.07391115190501439
BuildingNonResidential\m472_06_fill_holes_and_orientation.obj,-0.4612506471002379,0.02022509115218237,-0.02035258255816739,0.09101535377039267,-0.5977568639755285,0.490906824388032,-0.08090079943744574
BuildingNonResidential\m474_06_fill_holes_and_orientation.obj,-0.35318074968112667,-0.4138602254543755,-0.020351704323705897,-0.8366173346129603,-0.27622631347534843,-0.9280781552932523,-0.09645216313796266
BuildingNonResidential\m477_06_fill_holes_and_orientation.obj,-0.350001670018145,-0.6284904753178053,-0.0194230713412513,-0.9492117486297339,0.22275106001338965,-1.1437013945213081,-0.08599518029558748
BuildingNonResidential\m478_06_fill_holes_and_orientation.obj,-0.5158239522136965,-0.6342703754023584,-0.01078853579917912,-0.9623467712273542,-0.3897046521272911,-1.1721423537702,0.039323855555595484
BuildingNonResidential\m479_06_fill_holes_and_orientation.obj,-0.4689784352807233,-0.6196477221969935,-0.02026222988227421,-0.9275264574690205,-0.32326196372285904,-1.1299054335605472,-0.09411254050044053
BuildingNonResidential\m481_06_fill_holes_and_orientation.obj,-0.3136075230394797,-0.6340233711252408,0.0025327193498431554,-0.9625730318160712,-0.6836323634959167,-1.1682410809874764,-0.07380615886687185
Bus\D00084_06_fill_holes_and_orientation.obj,-0.3217209392264216,-0.43159513255142273,-0.020351338440712147,0.27957378333587035,-0.4640854119159572,-0.24252529389205058,-0.06467527665903687
Bus\D00114_06_fill_holes_and_orientation.obj,4.235647412777772,0.21267435693044734,-0.02030322435503252,0.6487953387658083,0.4322981034859345,0.05684813368725717,-0.09848286246062271
Bus\D00151_06_fill_holes_and_orientation.obj,-0.10258166615447305,-0.4149470442736931,-0.020349780977350993,-0.31221078645329403,-0.4058771839247232,-0.3628664833477462,-0.09032960182393202
Bus\D00179_06_fill_holes_and_orientation.obj,1.4492293244445345,-0.02115635874092792,-0.020343535856127075,1.7362573161736061,-0.2833267636907943,0.870408597542344,-0.07430559459787975
Bus\D00182_06_fill_holes_and_orientation.obj,1.518924084556808,-0.1936476789280867,-0.02033344045499078,1.8251241395051947,-0.5063015188230395,1.2707601481029476,-0.08410701300586819
Bus\D00264_06_fill_holes_and_orientation.obj,-0.392384920019266,-0.06268601120030873,-0.020352526137729626,1.5622033811900882,-0.210479494964992,0.7943498992411452,-0.06588528934070927
Bus\D00411_06_fill_holes_and_orientation.obj,3.1199176500884285,-0.2399362804599343,-0.020243463889560637,0.6000183192192503,-0.32230836423839015,0.040297279457520485,-0.07827107599246465
Bus\D00436_06_fill_holes_and_orientation.obj,-0.15603750102854885,0.19884211741185895,-0.020352475893644795,1.9416840680505338,-0.6855266759853387,1.0443430292657578,-0.09516065271784692
Bus\D00446_06_fill_holes_and_orientation.obj,0.07123310358488072,0.022859803441437312,-0.020352064334377033,1.8645292072980562,-0.43257796948988403,1.8351801016967713,-0.09069652678634418
Bus\D00448_06_fill_holes_and_orientation.obj,0.8860010338346888,-0.1563829669869373,-0.020346026057678462,0.22099015353623877,0.2484338136964818,-0.24861185262285634,-0.09535891171532873
Bus\D00483_06_fill_holes_and_orientation.obj,2.607583298653552,0.9228116536436906,-0.020347956635150898,2.06009576088774,0.03788162482138995,1.3098301949058713,-0.0983044165455448
Bus\D00516_06_fill_holes_and_orientation.obj,-0.15071171400790703,0.29237440368040896,-0.020352504274405728,2.257424765379009,-0.13148537550821277,1.4710935505663898,-0.07453777525077991
Bus\D00677_06_fill_holes_and_orientation.obj,2.9391906886839863,0.07333101073247707,-0.020323001320370983,0.3782531711465518,-0.42970428455695564,-0.1361520223241784,-0.10050057749707034
Bus\D00754_06_fill_holes_and_orientation.obj,0.9579661172509428,-0.40587375382757146,-0.020320271127146215,0.32239062263754237,-0.5084664473823763,-0.20358421478442348,-0.08331839346135173
Bus\D00769_06_fill_holes_and_orientation.obj,1.405765330680836,-0.3326452191380922,-0.02031722049674238,0.37958691777477804,-0.06541639500985758,-0.21000752249739266,-0.08746562005037019
Bus\D00775_06_fill_holes_and_orientation.obj,2.245901402958156,-0.4801891073363684,-0.020012420744580883,-0.45173616475340256,-0.05729791291234307,-0.8014462082558648,-0.09562471257869891
Bus\D00815_06_fill_holes_and_orientation.obj,0.08921340128428912,-0.01550819427083761,-0.020351954931406003,1.791685206183238,-0.3881969340234649,1.0685316370058409,-0.09377526237177795
Bus\D00823_06_fill_holes_and_orientation.obj,0.9472536310042259,-0.30580408769130757,-0.0203372014413183,0.40533894530637743,-0.27854587978892525,-0.15575869444524953,-0.08406389055437624
Bus\D00832_06_fill_holes_and_orientation.obj,-0.2202806187545427,0.28641336712596965,-0.020352536486409088,1.200960488625432,-0.35175396994128555,0.6836669571887765,-0.09756971687826767
Bus\D00857_06_fill_holes_and_orientation.obj,0.673092721071475,-0.05493007689881453,-0.020349551354562012,1.2430866377089154,-0.2560589730267574,0.6997234352532092,-0.09015755033949018
Car\D00168_06_fill_holes_and_orientation.obj,-0.1691578109253346,-0.10342524997291318,-0.02035225876200118,0.5686752734559349,-0.3149372979530265,0.18811217044738268,-0.09260823763860215
Car\D00236_06_fill_holes_and_orientation.obj,2.686083903405707,0.6595050942362758,-0.020345395784498226,1.0304671808011967,-0.4375006046664743,0.6485483372723028,-0.10007523471901668
Car\D00260_06_fill_holes_and_orientation.obj,1.860267126127709,0.07753008344347709,-0.020341706431138785,0.28572449881335993,-0.5571000210903505,-0.0022584775543933702,-0.0973532817789543
Car\D00265_06_fill_holes_and_orientation.obj,-0.30320228512311026,-0.38086045403145746,-0.020351724062885917,-0.21092344764634874,-0.3710450297825234,-0.4499984912645545,-0.0903170811774564
Car\D00299_06_fill_holes_and_orientation.obj,2.3671717814856166,2.0061065452744717,-0.020351320787314907,1.8004795980131045,1.1054362476856632,1.1363149081921713,-0.10050819590496378
Car\D00377_06_fill_holes_and_orientation.obj,0.016552306344186803,0.31888619609103674,-0.02035240843272032,1.6482657640667906,-0.34275920723641784,1.094228450293698,-0.08424733127774485
Car\D00405_06_fill_holes_and_orientation.obj,0.18813795809500025,0.528971567255502,-0.02035238170753581,0.8875657563483907,-0.29321069348253115,0.46743828628002243,-0.09729732615932118
Car\D00452_06_fill_holes_and_orientation.obj,0.9155237465798423,0.5020975019051015,-0.020351406842088637,0.8139536600771389,0.265443966662705,0.3820831666095234,-0.09824129349864959
Car\D00504_06_fill_holes_and_orientation.obj,0.4709049564645209,0.08143275102193598,-0.02035129342206966,0.6042220027885703,0.11253300067997386,0.2337989765062207,-0.08635518468329367
Car\D00541_06_fill_holes_and_orientation.obj,0.9116773199602755,-0.4576458503114309,-0.0203025975079421,-0.6524412153973688,-0.392707201855419,-0.8774511700173567,-0.09783769352538559
Car\D00618_06_fill_holes_and_orientation.obj,0.3341064443902063,0.06960947962390453,-0.020351620702101503,1.4580401512160301,-0.47394356874865645,1.0136917070169214,-0.07881875636550369
Car\D00670_06_fill_holes_and_orientation.obj,0.10110068690491418,-0.5078371194217373,-0.02033594746703895,-0.5320586737479174,-0.6961580215892264,-0.7733133385012929,-0.08194033669330376
Car\D00671_06_fill_holes_and_orientation.obj,0.36236836405966355,0.49498377872411314,-0.020352215156787937,2.2567281209348016,-0.03732386965654841,1.6201694590213749,-0.08571295266051895
Car\D00724_06_fill_holes_and_orientation.obj,1.601936671349662,-0.20225989472358874,-0.02033055505196442,-0.20555869000334975,-0.4557092002280437,-0.4766195730353711,-0.09834556813255833
Car\D00767_06_fill_holes_and_orientation.obj,-0.20051460809143928,0.5007636788086662,-0.020352565513133213,1.5774938336065385,-0.49939436580039004,1.054707016557236,-0.093817753450386
Car\D00785_06_fill_holes_and_orientation.obj,1.0237042713132332,-0.4401250135878856,-0.02030305234674394,-0.5752208581586836,-0.012903990966402273,-0.8298441782729908,-0.09687321764404806
Car\D00793_06_fill_holes_and_orientation.obj,-0.048752296138254755,0.41348883422709665,-0.020352485485648483,1.8146089763558757,-0.41318381781248714,1.41516814247539,-0.09096618392970943
Car\D00803_06_fill_holes_and_orientation.obj,0.12500111351180232,-0.30191788706465655,-0.02035001541075162,0.7092128701792507,-0.49797685305320694,0.21176341279039593,-0.07655674907702487
Car\D00865_06_fill_holes_and_orientation.obj,0.12319793307743143,0.45781786849381084,-0.020352395729164474,1.7051286225469697,-0.616751534787811,1.2951851966177408,-0.08949290695291968
Car\D00976_06_fill_holes_and_orientation.obj,1.211230109765303,0.333047774645782,-0.020349975007705478,0.6130699826526068,0.444514486070767,0.1847410981897674,-0.0918162262450215
Car\m1485_06_fill_holes_and_orientation.obj,-0.04940217562416441,0.7130885554189981,-0.020352546233545016,1.2253192272686166,-0.45143088902744816,1.0494838248977219,-0.09351538043139572
Car\m1486_06_fill_holes_and_orientation.obj,-0.19788149885803985,0.6496249231515699,-0.02035258086292254,1.558154507497259,-0.06879265264406231,1.1273624006769953,-0.0970241933003182
Car\m1487_06_fill_holes_and_orientation.obj,0.676277623224682,0.14776163290392894,-0.020350932176233308,0.5251379728059801,0.49255528172082746,-0.10360200900569638,-0.09308948065270263
Car\m1488_06_fill_holes_and_orientation.obj,0.9459995561864815,0.2929013461382599,-0.02035069518618975,0.10861604588216338,0.8893428726170269,-0.25426851903600656,-0.09510982087114117
Car\m1489_06_fill_holes_and_orientation.obj,-0.05880549733792887,0.7863829579157087,-0.02035255821243496,0.9976891665673343,0.00936384564392585,0.7445468742407559,-0.09823280082128662
Car\m1490_06_fill_holes_and_orientation.obj,0.32329676734511437,0.028771439140453034,-0.020351521249154906,0.09330773078765658,-0.12017104648976826,-0.18644942348987154,-0.09324470106526607
Car\m1492_06_fill_holes_and_orientation.obj,0.5543260133408688,-0.25167721709892654,-0.020347045937719327,-0.4972800395717156,-0.5444970441199224,-0.43266308355509664,-0.10076442173745573
Car\m1495_06_fill_holes_and_orientation.obj,0.44540155351023764,0.12016302167398348,-0.02035149345708868,0.7534944490815642,-0.4570365076185923,0.4556449070323399,-0.08662279421635379
Car\m1496_06_fill_holes_and_orientation.obj,-0.2446835710562554,-0.01157259278876312,-0.02035243822192511,0.7841468046266911,-0.33487268177025903,0.30291133144130267,-0.08778965991951745
Car\m1497_06_fill_holes_and_orientation.obj,-0.10652752299173264,-0.06184619665810879,-0.020352222242783012,0.6914275970608955,-0.08059666788426151,0.36821913936513373,-0.07540680147708949
Car\m1498_06_fill_holes_and_orientation.obj,0.6807255578729027,-0.24314733606246375,-0.02034578203109365,0.25919842189930786,-0.3095120900751628,-0.03385198046609182,-0.08043958471054169
Car\m1499_06_fill_holes_and_orientation.obj,1.4671643858737313,-0.11058837400932499,-0.02033988503830492,-0.05850717001539342,-0.34177983479290847,-0.32893006730482516,-0.09828319118169007
Car\m1500_06_fill_holes_and_orientation.obj,-0.1445949640843595,0.29105704753578143,-0.02035250062589563,1.0439951823160623,-0.07274880185666197,0.561179888580784,-0.08780390774269173
Car\m1502_06_fill_holes_and_orientation.obj,-0.15105971976983107,-0.4675424883479447,-0.020348542839974837,-0.46496050074130596,-0.668645387814312,-0.5831683839662861,-0.061881591689185056
Car\m1503_06_fill_holes_and_orientation.obj,-0.4086027947158801,-0.580176438713593,-0.020341686770163913,-0.42653192601553885,-0.6980523340786482,-0.6555371732076086,-0.04442226660520307
Car\m1504_06_fill_holes_and_orientation.obj,-0.06121824771049613,-0.39153103880293993,-0.020349927312185503,-0.017137207636305992,-0.19493840066403287,-0.28609129785045484,-0.07861675897594622
Car\m1505_06_fill_holes_and_orientation.obj,-0.19327143025123922,-0.34751487662057473,-0.02035146386013821,0.3998015151088313,-0.5412238783218767,0.07693126979372981,-0.053591842160013684
Car\m1506_06_fill_holes_and_orientation.obj,0.10059054718441027,-0.20683770732616918,-0.020351159197930423,0.04257177088089154,0.23465816708974502,-0.34626905745026343,-0.07604516060479324
Car\m1507_06_fill_holes_and_orientation.obj,-0.07794312694056969,-0.41550692063515976,-0.02034949672297918,-0.137222037984814,-0.07246529930722534,-0.3814091719826199,-0.03670900799066714
Car\m1508_06_fill_holes_and_orientation.obj,-0.35851683803062845,-0.3995339773815518,-0.02035183762483709,0.06267323792058621,-0.1287663283295215,-0.25669024575879923,-0.058592313818020894
Car\m1509_06_fill_holes_and_orientation.obj,0.1961219358453963,-0.32213930388468814,-0.020349012755735797,-0.4410959628576874,0.3556622097812885,-0.5974228967325462,-0.08714077870160965
Car\m1510_06_fill_holes_and_orientation.obj,-0.0030426126830670652,-0.23353063620668324,-0.020351420938332195,0.2187573187791636,-0.01216946163377024,0.06093569314096467,-0.06896055554005799
Car\m1511_06_fill_holes_and_orientation.obj,0.10470883930910974,-0.35140107724722575,-0.020349229849106112,-0.21598453976238574,0.15057388822261966,-0.44206697800381056,-0.0625783274904376
Car\m1512_06_fill_holes_and_orientation.obj,0.27043169128696876,-0.3129507447759116,-0.02034848213290771,0.3413191071515204,-0.09118935404958994,0.03359095930209458,-0.06475563824276685
Car\m1513_06_fill_holes_and_orientation.obj,-0.06484834642400228,-0.3467573968374139,-0.020350727422007827,-0.18188468735233482,-0.5828729801300829,-0.26778146755431104,-0.0830582630860252
Car\m1514_06_fill_holes_and_orientation.obj,-0.2333857005999702,-0.3254656281498725,-0.020351785024461232,0.055403127951549704,-0.43154705112829655,-0.09220628015184508,-0.07473319702625468
Car\m1515_06_fill_holes_and_orientation.obj,-0.4151736988769965,-0.2839689095941073,-0.020352377277149853,0.07501039423167842,-0.5452831193706354,-0.08162734670153945,-0.06957065796202844
Car\m1516_06_fill_holes_and_orientation.obj,0.3202005461968763,0.18542155168846658,-0.02035191249110408,1.5778987209758215,-0.6760808864972755,1.1851757525296989,-0.08276079467919936
Car\m1517_06_fill_holes_and_orientation.obj,-0.1963210714776752,-0.08947774179166987,-0.020352315962373323,0.4638928039759148,-0.5026030992008389,0.16633812455813166,-0.08614002973601807
Car\m1518_06_fill_holes_and_orientation.obj,-0.2647451850692557,0.2829059063908991,-0.02035255427544582,1.693571469844349,-0.5355151678945763,1.371294049022666,-0.08425535002984788
Car\m1519_06_fill_holes_and_orientation.obj,-0.3897670388372248,0.10848795284222253,-0.020352570986771533,1.720151134792571,-0.42686925906258366,1.2827648910734775,-0.08202809040341744
Car\m1521_06_fill_holes_and_orientation.obj,-0.13196553490194785,0.2558671715224203,-0.020352482031724423,1.452371728046069,-0.33025932210214876,1.4785987539454586,-0.0668587247039229
Car\m1522_06_fill_holes_and_orientation.obj,0.29523594753035953,0.15324512785594077,-0.02035189882030589,1.5942133002675165,-0.39480769801715604,1.0640464271583017,-0.08425058545903738
Car\m1523_06_fill_holes_and_orientation.obj,-0.324590083255875,0.17708927407369787,-0.02035255801520501,1.6826335566476907,-0.5220101373577575,1.3111485313466817,-0.08428362018588073
Car\m1524_06_fill_holes_and_orientation.obj,-0.31773208553826787,0.46081485372283837,-0.02035259283465148,1.7796457611730894,-0.3185583986981086,1.3753207070647058,-0.08256875921443015
Car\m1525_06_fill_holes_and_orientation.obj,0.820727335338827,-0.036701161247532026,-0.020348849006597548,0.3687799975505347,-0.3113161972079444,0.0030829344924762536,-0.07754863746000158
Car\m1526_06_fill_holes_and_orientation.obj,-0.28567658954513425,0.3158892108620092,-0.020352567403432394,1.7076472601529507,0.31562391791306466,1.262864459202008,-0.0767610891922831
Car\m1527_06_fill_holes_and_orientation.obj,0.2770272290605766,0.06402718296104566,-0.0203517399144916,1.0854842292155271,0.023087946332581665,0.6677072048958161,-0.08127747428463006
Car\m1528_06_fill_holes_and_orientation.obj,0.352660033434869,0.19704721966480393,-0.020351875430693816,2.0249062851162365,-0.6913127052897575,1.4525866862913206,-0.08788550833636678
Car\m1529_06_fill_holes_and_orientation.obj,0.27824233798219805,0.40286765031103755,-0.02035222954822275,1.5617806311427487,-0.37185687799227685,1.2788707831627144,-0.09073866736597033
Car\m1530_06_fill_holes_and_orientation.obj,0.026421875159834265,0.082898309732834,-0.02035221920904576,1.113183288655296,-0.672111850805157,0.9933398882119139,-0.08699204766297308
Car\m1531_06_fill_holes_and_orientation.obj,-0.2935544188198856,0.3358471564531153,-0.020352572848436466,1.9951113381178265,-0.32407381193261253,1.3610626118624651,-0.0916963951529135
Car\m1532_06_fill_holes_and_orientation.obj,-0.06986733299816021,0.8184605800373875,-0.020352564677823027,1.5594763456734473,-0.46355706625564325,1.8161931910003204,-0.08844166081572248
Car\m1533_06_fill_holes_and_orientation.obj,-0.27571923549224486,0.21626415242455713,-0.020352545435834958,1.9214813791685181,-0.27495055200288077,1.34824107348839,-0.07213139086474225
Car\m1535_06_fill_holes_and_orientation.obj,0.034767743071922104,-0.039665212572943816,-0.020352012486520837,1.1006139175294678,-0.11724581563875892,0.5658370553553851,-0.08289217404024626
Car\m1536_06_fill_holes_and_orientation.obj,-0.39317857022535274,0.4878700555431248,-0.020352609612387176,2.2526911556940097,-0.6664417998164159,1.853905494566649,-0.09303109923198931
Car\m1538_06_fill_holes_and_orientation.obj,-0.324601280352462,0.17705634017008215,-0.02035255801520501,1.6831396658592943,-0.5220616832758355,1.3111521137826618,-0.08428341210183503
Car\m1539_06_fill_holes_and_orientation.obj,0.015960651760529646,0.31888619609103674,-0.020352408871707195,1.6482955351968849,-0.34274632075689904,1.094228450293698,-0.08428223164025263
Car\m1540_06_fill_holes_and_orientation.obj,-0.11099606029767348,0.19217300192968234,-0.020352441967430666,1.7857905224245598,0.0501366668447817,1.1179119345605353,-0.0678499287040117
Car\m1542_06_fill_holes_and_orientation.obj,0.3654103912604203,0.27664846470391863,-0.02035198344090884,0.8791881603398447,-0.33354537437971327,0.7692191108382009,-0.09684914160788677
Car\m1543_06_fill_holes_and_orientation.obj,0.7309203503369801,-0.24360841071308337,-0.02034509613846377,0.09302192793875085,-0.6125505424643368,-0.0821826242785112,-0.09548894129925795
Car\m1544_06_fill_holes_and_orientation.obj,0.5932130819036643,-0.3617917238379749,-0.02034074547036378,-0.10822495727293219,-0.09492643311035272,-0.416825134085472,-0.07891256508398879
Car\m1545_06_fill_holes_and_orientation.obj,0.3344007040885127,0.5365298981353018,-0.02035226999449831,2.5636089299472027,-0.2293839604206342,1.9722190252574028,-0.08790708182562115
Car\m1546_06_fill_holes_and_orientation.obj,1.1573496809886479,0.21754857466556893,-0.02034945944198279,1.1140942852361826,1.2482571002043394,0.4271752882956047,-0.08197832350395697
Car\m1547_06_fill_holes_and_orientation.obj,-0.09891842403506931,0.20090048638783936,-0.020352437222126558,1.155053406019968,0.47848324608513243,0.5407779156720502,-0.0915080624764859
Car\m1548_06_fill_holes_and_orientation.obj,0.3344007040885127,0.5365298981353018,-0.02035226999449831,2.5636089299472027,-0.2293839604206342,1.9722190252574028,-0.08790708182562115
Car\m1550_06_fill_holes_and_orientation.obj,-0.04473880883760966,-0.10482494087657988,-0.020352031578918142,0.6402093448466022,-0.6894055063208169,0.29802488876395195,-0.0813968069244613
Car\m1551_06_fill_holes_and_orientation.obj,0.8183768408232834,0.32376041382615833,-0.020351167846399162,2.03933932898597,0.10504595607893236,1.4154547373538269,-0.08237341260239392
Car\m1552_06_fill_holes_and_orientation.obj,-0.28648233261553496,0.2574973997513968,-0.020352558076805225,1.4616067326013316,-0.5963651241873831,1.1685030954766267,-0.08893838828936002
Car\m1553_06_fill_holes_and_orientation.obj,0.16915887938003146,-0.5619639900141182,-0.02029160136236453,-0.789031160270176,-0.48733262096979757,-0.993042049362959,-0.08918468700960366
Car\m1555_06_fill_holes_and_orientation.obj,-0.007357077939970784,-0.1612901186256746,-0.020351776064167028,0.1970958445225259,-0.4396011008282113,0.1527212853963938,-0.09861228282510255
Car\m1556_06_fill_holes_and_orientation.obj,0.8631571652617501,-0.36129771528373955,-0.020333213969373556,-0.15016057112381187,-0.30397090388162123,-0.48716268212587216,-0.08634920721194309
Car\m1557_06_fill_holes_and_orientation.obj,-0.07448591139836686,0.4295770461433596,-0.020352502955854855,1.4793681888156116,-0.014321503713588254,0.7870023230452166,-0.0905927830436699
Car\m1558_06_fill_holes_and_orientation.obj,0.1881715493847612,-0.439136996479415,-0.020343604515523965,-0.27887902919967694,-0.2006857705298925,-0.6074572999138217,-0.0817699870673497
Car\m1559_06_fill_holes_and_orientation.obj,0.6671699048608144,-0.3432499361023433,-0.02034059370601793,-0.5229010741309,0.24514776141891728,-0.8038500227987551,-0.09868104866824824
Car\m1560_06_fill_holes_and_orientation.obj,2.7138226947226194,0.3683529193217981,-0.02034030466661504,-0.14998194434324585,0.5706860070497751,-0.41160910729791855,-0.10092339557478253
Car\m1561_06_fill_holes_and_orientation.obj,0.24394742267166403,0.4118256720945044,-0.020352270239133295,0.16587783750560647,0.5264724958171149,0.12450243717829097,-0.1005004129286996
Car\m1562_06_fill_holes_and_orientation.obj,1.6159209492191011,0.4323928949025007,-0.02034894224809841,-0.08983830732667109,1.5860632743381107,-0.45907638403904644,-0.10136829983551947
Car\m1563_06_fill_holes_and_orientation.obj,0.8359858427998669,1.1381005815794343,-0.020352195191499823,0.8124115155382523,1.2207960123475032,0.342651293772573,-0.09852666454783802
Cellphone\D00018_06_fill_holes_and_orientation.obj,0.10902330456601345,0.07856750140737123,-0.02035209208598458,1.5682469205992382,-0.10962990624251792,1.0792681976392866,-0.02444809708453815
Cellphone\D00032_06_fill_holes_and_orientation.obj,-0.151353531584274,0.35022280538136263,-0.020352519897181356,2.5592444822753735,0.3464870363631432,2.1673937199089788,-0.0695995017337766
Cellphone\D00079_06_fill_holes_and_orientation.obj,0.9187149191071381,0.7381677230223435,-0.020351789440466648,4.653637530185794,-0.5783369393390912,3.412652049153716,-0.06395224947817076
Cellphone\D00152_06_fill_holes_and_orientation.obj,-0.1057934413394887,0.06020685014162595,-0.02035235479138479,3.397117213424307,-0.5539943795260637,2.0688409060864563,-0.018467582801471
Cellphone\D00192_06_fill_holes_and_orientation.obj,-0.24796476824011063,0.22879550275032584,-0.02035253577806519,3.6660934196006014,-0.12542873013387604,2.3409842377782684,-0.0437074092945112
Cellphone\D00248_06_fill_holes_and_orientation.obj,-0.49567320931186365,-0.21148138773598102,-0.02035253274726453,1.3741510608362142,-0.41315804485344665,1.4050405959586223,-0.07077691484535521
Cellphone\D00312_06_fill_holes_and_orientation.obj,-0.873792890680842,-0.6197135900042249,-0.020352571150479414,-0.458023827429326,-0.6986322256570431,-0.2454485616521081,0.36583185941405855
Cellphone\D00327_06_fill_holes_and_orientation.obj,0.15904252655560658,0.19961606414682756,-0.0203521775402782,2.7899647862804473,-0.49122433778479463,1.771090322006298,-0.0739878091180146
Cellphone\D00362_06_fill_holes_and_orientation.obj,0.8451069976796389,0.1400221655542425,-0.020350282569211033,4.070849795911138,0.17103761770016615,2.2641087440735244,0.05613226526166403
Cellphone\D00369_06_fill_holes_and_orientation.obj,-0.40180705285529666,-0.11091771304548184,-0.02035251162880173,2.313072961751339,-0.472758012632829,1.958788472766649,-0.06768964385807762
Cellphone\D00440_06_fill_holes_and_orientation.obj,-0.6807858495075029,-0.3469879341627237,-0.020352599076555854,1.6687721184757685,-0.6287488472208066,1.7340264393524332,-0.05746596516421049
Cellphone\D00527_06_fill_holes_and_orientation.obj,0.28077915218494925,0.4959059280253524,-0.02035229186624175,3.591701319720878,-0.2657882650642571,2.1371436304899536,-0.07221134656590404
Cellphone\D00542_06_fill_holes_and_orientation.obj,-0.5433173031734219,-0.15389645726395293,-0.02035258157912988,1.6851045604455204,-0.5572675453241094,1.8454939348845232,-0.08312492435289127
Cellphone\D00554_06_fill_holes_and_orientation.obj,1.5446214212239784,0.3078039375243582,-0.020348290731928113,2.640739973795604,-0.21072433807586935,1.7076238861764248,-0.0852552247259699
Cellphone\D00559_06_fill_holes_and_orientation.obj,0.19098202062809877,-0.5446407567122672,-0.020310158674302546,-0.4812155377728127,-0.3914572133419918,-0.6656109831846692,-0.04897723585974123
Cellphone\D00817_06_fill_holes_and_orientation.obj,-0.2763297011981682,0.26199287759493806,-0.02035255494493105,3.9492645006058744,0.19313793007673546,2.236523987023963,-0.02402171309506194
Cellphone\D00848_06_fill_holes_and_orientation.obj,-0.35095073592485926,-0.1643859055655491,-0.020352429370636162,2.090974377021584,-0.5234018771459029,1.9598309616369634,-0.05657610996228532
Cellphone\D00902_06_fill_holes_and_orientation.obj,-0.15822899677255695,0.5610656563289884,-0.020352560257105398,2.6660037547936564,-0.5737364661504998,1.6826435600846599,-0.08792241358469882
Cellphone\D00979_06_fill_holes_and_orientation.obj,0.561781040248495,-0.624538406883923,-0.01349645995718957,-0.9063353670678731,-0.38305522869504066,-1.1139420988316067,-0.049302111229847644
Cellphone\D00997_06_fill_holes_and_orientation.obj,-0.3061341328934509,0.07637739681692804,-0.020352523359739597,2.43897507092028,-0.5077705774883036,1.991657322887392,-0.07677020295700679
Chess\D01017_06_fill_holes_and_orientation.obj,-0.0856561349535604,1.4506268599404926,-0.02035260475756074,0.9925983033212031,0.8131322327365387,0.7880483943515115,-0.1016479007062089
Chess\D01019_06_fill_holes_and_orientation.obj,-0.44575073023678236,0.1381943339035719,-0.020352594102031444,0.493997370727306,-0.5805920732550682,0.7352468704354752,-0.10075877973239933
Chess\D01021_06_fill_holes_and_orientation.obj,-0.3268613023275826,0.5671748954496982,-0.02035260232554263,0.700031453658158,-0.364601790022591,0.718527641714657,-0.09862930140998029
Chess\D01043_06_fill_holes_and_orientation.obj,-0.5292206064542496,-0.06724735685108131,-0.02035259282174412,0.498558307857758,-0.5602056626546403,0.5510308474481337,-0.09448539071539337
Chess\D01045_06_fill_holes_and_orientation.obj,-0.5172894282150033,-0.06569946338114409,-0.020352588687505523,0.4474889112939364,-0.6391482361933386,0.7328932099963114,-0.08983168755915934
Chess\D01049_06_fill_holes_and_orientation.obj,-0.44155943304233564,0.1535085990848662,-0.020352594654550415,0.7486179379721121,-0.34214065621946366,1.1403594784141136,-0.08639905481320075
Chess\D01053_06_fill_holes_and_orientation.obj,-0.1844969374818008,1.1280557409766498,-0.020352606260785416,0.3821948687710417,-0.24598174604222411,1.2418857141004198,-0.09523396238865196
Chess\D01080_06_fill_holes_and_orientation.obj,-0.5062419248384035,-0.05805879774230481,-0.020352585815339556,0.10573420048903172,-0.49615985944090363,0.5910502397858802,-0.09841304432933719
Chess\D01081_06_fill_holes_and_orientation.obj,-0.19111083849381127,0.4344512638784811,-0.020352552843079925,0.28916604145226493,-0.26339137987356176,0.584720075408403,-0.09972562583046012
Chess\D01099_06_fill_holes_and_orientation.obj,-0.14131824573913912,0.35939489753833126,-0.020352517412177695,-0.09508993467531168,-0.24966727918490594,0.17925997113965988,-0.09877674201105592
Chess\D01105_06_fill_holes_and_orientation.obj,-0.4814891752393127,0.07114090614203389,-0.020352596569230167,0.42825676125299633,-0.5016108402778078,0.8210999487072586,-0.09219789906527288
Chess\D01112_06_fill_holes_and_orientation.obj,-0.5007477334850932,-0.08280862630949327,-0.020352578601626967,0.09724347418612758,-0.5805276408574686,0.517871820012973,-0.09647063435518981
Chess\D01123_06_fill_holes_and_orientation.obj,-0.4527408536941161,0.1014894983238892,-0.020352591713935435,0.4949619553423624,-0.31610996758933513,0.21999943310947914,-0.0969256682738621
Chess\D01126_06_fill_holes_and_orientation.obj,-0.2663660767711901,0.6095278954994714,-0.02035259313333543,0.7407047715930378,-0.3356974164595313,0.9077554926386654,-0.09843439786663452
Chess\D01130_06_fill_holes_and_orientation.obj,-0.47250641647335606,-0.02675512235559465,-0.02035257829276737,0.35833628511344207,-0.614857222298392,0.5479248754530728,-0.08877567922473392
Chess\D01138_06_fill_holes_and_orientation.obj,-0.43909024930296986,0.15476008742226227,-0.020352594102050956,0.5430244677666564,-0.488415085249466,0.7352540353074359,-0.09870830530465169
Chess\D01145_06_fill_holes_and_orientation.obj,-0.4542685855524467,0.09783383502254799,-0.02035259171376958,0.4722644457584416,-0.33809430165022664,0.21999943310947914,-0.09855849033011171
Chess\D01171_06_fill_holes_and_orientation.obj,-0.08188360917146757,0.806209167892352,-0.020352566585673484,0.343391177806086,-0.5199740735936172,0.5990032476625069,-0.10361927471360614
Chess\D01186_06_fill_holes_and_orientation.obj,-0.28133256395324086,0.5941806964145614,-0.020352595155742382,0.63049800220983,-0.30049155441125747,0.9481546231903407,-0.09836731884928887
Chess\D01188_06_fill_holes_and_orientation.obj,0.2156492244092648,1.416540269698257,-0.02035254962730302,0.13545769677521552,1.1549718749600282,0.23476265178496497,-0.10233629020100515
Chess\m1589_06_fill_holes_and_orientation.obj,0.29692491757954315,-0.3432499361023433,-0.020347228223506632,-0.7096315563085855,4.418666110558935,-0.5989991685639499,-0.07831440969277863
Chess\m1591_06_fill_holes_and_orientation.obj,0.4488171158531369,-0.37134255588652404,-0.020343199945431434,-0.4799830129869072,0.5062922688890049,-0.5075359955467623,-0.06517844603495587
Chess\m1593_06_fill_holes_and_orientation.obj,0.9305565205736881,0.012963165404923517,-0.020348753629586908,-0.044943443144414556,4.633573929511741,-0.3031723526052999,-0.07224724620654757
Chess\m1595_06_fill_holes_and_orientation.obj,0.5773132047501212,-0.4744586081072389,-0.02031937331572965,-0.5729344353674387,-0.4619849157542201,-0.357775841819509,-0.06409122113770613
Chess\m1596_06_fill_holes_and_orientation.obj,0.5783258701654496,-0.34084576113839815,-0.02034267671875559,0.3808789848208721,1.1618145955850778,0.017573888033447043,-0.021824757784669954
Chess\m1598_06_fill_holes_and_orientation.obj,-0.5006223260033187,-0.08256162203237562,-0.020352578601734284,0.10636534844703174,-0.5785431230114093,0.517871820012973,-0.09568660927475447
Chess\m1599_06_fill_holes_and_orientation.obj,-0.5100041492916362,-0.06602880241730094,-0.020352585815359068,0.0950999528193355,-0.5567005402252361,0.5910502397858802,-0.09539672367208803
Chess\m1600_06_fill_holes_and_orientation.obj,-0.4465152679917428,0.13630063444566995,-0.02035259410189486,0.4665841141364427,-0.5912234188589588,0.7352468704354752,-0.09956634263624409
Chess\m1601_06_fill_holes_and_orientation.obj,-0.1903252501972672,0.43619676077011266,-0.020352552842192114,0.28977932673220835,-0.25617495134243806,0.584720075408403,-0.09976063537775232
Chess\m1602_06_fill_holes_and_orientation.obj,-0.5175263587787844,-0.06620993888718729,-0.020352588687544547,0.48018356636353465,-0.6430141800493009,0.7328932099963114,-0.08979602211196645
Chess\m1603_06_fill_holes_and_orientation.obj,-0.5294566412503036,-0.06775783235712451,-0.020352592821783144,0.5109788233331144,-0.5642004713057993,0.5510308474481337,-0.09409533598495162
Chess\m1604_06_fill_holes_and_orientation.obj,-0.43937331190468926,0.158992094036878,-0.02035259465451139,0.816585427977478,-0.31153526735978126,1.1403594784141136,-0.08451537122038996
Chess\m1605_06_fill_holes_and_orientation.obj,-0.17412573873905582,1.165781527568419,-0.020352606260765904,0.6524333708633359,-0.15148519172304503,1.2418857141004198,-0.09528678567088245
Chess\m1606_06_fill_holes_and_orientation.obj,-0.14131869362300256,0.35939489753833126,-0.020352517412197207,-0.09508993467531168,-0.24966727918490594,0.17925997113965988,-0.09877674201105592
Chess\m1607_06_fill_holes_and_orientation.obj,-0.267617912169617,0.6059216330535537,-0.02035259313281836,0.7336847391167938,-0.34853235006131794,0.9077554926386654,-0.09843739570104185
Chess\m1608_06_fill_holes_and_orientation.obj,0.2401480238577624,1.4836430983152187,-0.020352549627166434,0.16211476666168262,1.3139781457556552,0.23476265178496497,-0.10264451805626205
Chess\m1609_06_fill_holes_and_orientation.obj,-0.2813330118371043,0.5941806964145614,-0.020352595155830187,0.630503956435849,-0.30050444089077627,0.9481546231903407,-0.09836731410212433
Chess\m1610_06_fill_holes_and_orientation.obj,-0.08110832220378357,0.8081358012538697,-0.020352566577078332,0.35691917932095163,-0.5148710277037495,0.599114303177901,-0.10356934482816312
Chess\m1611_06_fill_holes_and_orientation.obj,-0.32831334181298505,0.5627288184615807,-0.020352602325532872,0.6945476114947816,-0.38096761901281956,0.718527641714657,-0.09903513255057834
Chess\m1612_06_fill_holes_and_orientation.obj,-0.4731455467465422,-0.024927290704924044,-0.020352578916125606,0.3431172834092182,-0.6242514658683741,0.5568773829682485,-0.08840327603444198
Chess\m1613_06_fill_holes_and_orientation.obj,-0.4825305052219039,0.06858852861181824,-0.020352596569122847,0.43221632155554285,-0.5173838912101255,0.8210999487072586,-0.0909079710333373
Chess\m1614_06_fill_holes_and_orientation.obj,-0.45492383964471805,0.09626947460080279,-0.02035259171392568,0.44139773807663557,-0.34755297761780857,0.21999943310947914,-0.09591488142884962
City\D01001_06_fill_holes_and_orientation.obj,1.7497679066330818,0.11993248434867367,-0.020344016920911707,-0.6551087086538211,5.78071544989071,0.06294543972600423,-0.09819314538229743
City\D01007_06_fill_holes_and_orientation.obj,0.826318269606649,-0.34957324559655517,-0.020335861006722362,-0.794354238331043,0.9261208851667239,-0.3699740363329837,-0.10168706797844451
City\D01010_06_fill_holes_and_orientation.obj,0.20553421523643053,-0.354842670175065,-0.020348002915885524,-0.6366386995432959,-0.3895629008525728,-0.4543618982887578,-0.0978998331180268
City\D01018_06_fill_holes_and_orientation.obj,0.43550063282414675,-0.38087692098326525,-0.020342774922312526,-0.4973991240920929,2.3451800098943867,-0.3985296335332501,-0.08764127146792192
City\D01039_06_fill_holes_and_orientation.obj,-0.24902222204178706,-0.6160743936546915,-0.020151379180867464,-0.7847441175365918,0.14425951325788391,-0.8536817072869881,0.35141193095415724
City\D01056_06_fill_holes_and_orientation.obj,0.32363984638454013,-0.3111558470288567,-0.020347948552010928,-0.6997296784392097,1.3447639453286182,-0.7140132757166976,-0.082869521362253
City\D01066_06_fill_holes_and_orientation.obj,0.5135488748741874,-0.5958694437864678,-0.01987242472307065,-0.7609093507830674,0.4103910883021616,-0.820504767671925,0.05439923214435238
City\D01068_06_fill_holes_and_orientation.obj,0.136649229149329,-0.4598688888054897,-0.020342857719562873,-0.507110466728865,-0.6879364476555528,-0.43676855518870655,-0.024155174087759853
City\D01079_06_fill_holes_and_orientation.obj,-0.03210266139724583,-0.5986194247383776,-0.020221985293224193,-0.7380510770966373,-0.7012481809995753,-0.8673737776043157,-0.03636233126740842
City\D01090_06_fill_holes_and_orientation.obj,0.5551940122682932,-0.5456452407725456,-0.020250561269556794,-0.5086585654937703,-0.4397428521029296,-0.3329674726548063,0.05108622794481472
City\D01091_06_fill_holes_and_orientation.obj,-0.06369459759167762,-0.5843096436173617,-0.0202917473624174,-0.8288411154323201,0.43674393892028596,-0.8909497887917393,-0.07952713221420958
City\D01092_06_fill_holes_and_orientation.obj,0.3592793090532414,-0.5171738810967844,-0.020314308295877603,-0.7991116649201176,0.7361870635234185,-0.8590840207455256,-0.0739127469523
City\D01101_06_fill_holes_and_orientation.obj,-0.42596098172891456,-0.6277000616310289,-0.019866150844147924,-0.9099972160694763,0.3478014572741701,-1.0933466743799278,0.21641168597786883
City\D01103_06_fill_holes_and_orientation.obj,-0.4590815455494037,-0.5814279270509891,-0.020344280444773266,-0.7443089686424665,-0.6289421444136059,-0.8578444978962855,-0.016528727662370374
City\D01124_06_fill_holes_and_orientation.obj,-0.10119770501631956,-0.34568704496990416,-0.020350974866097063,-0.5121060623586943,0.23753185202267627,-0.6843148814386636,-0.08523507617727179
City\D01133_06_fill_holes_and_orientation.obj,0.16966857121667164,-0.47095114737216826,-0.020340412323287385,-0.7343177773828078,-0.03999137091716159,-0.6136943209558069,-0.051331520906140835
City\D01173_06_fill_holes_and_orientation.obj,-0.12424580863100497,-0.6276506607756053,-0.01831623153632693,-0.8760164481798026,-0.6284653446713699,-0.9932928198815912,0.43010474630680673
City\D01181_06_fill_holes_and_orientation.obj,0.822236703958755,-0.45361144711850926,-0.020311481788556046,-0.6060577947103953,1.5258576420212957,-0.5292885468201305,-0.09808058773745959
City\D01192_06_fill_holes_and_orientation.obj,1.4805158038440729,-0.2841994469194171,-0.020323686516403348,-0.4532187670321004,-0.12563491380619127,-0.1890610193196286,-0.08849027257181143
City\D01195_06_fill_holes_and_orientation.obj,-0.062113567553592874,-0.594272149461107,-0.020258314905359044,-0.8588623230194471,-0.11768395594243554,-0.8788626497936589,0.00649049314653699
City\m1652_06_fill_holes_and_orientation.obj,-0.4590810976655403,-0.5814279270509891,-0.020344280551437048,-0.7443030144164475,-0.6289421444136059,-0.857840915460305,-0.016528904889846558
City\m1654_06_fill_holes_and_orientation.obj,0.13185328873918412,-0.47272957816741534,-0.020341406462547125,-0.5400671077432934,-0.6878591287784342,-0.49089199798153366,-0.025450899198793498
City\m1659_06_fill_holes_and_orientation.obj,0.16865590580134324,-0.47118168469747806,-0.020340412383609546,-0.7349012915326567,-0.04633151884093493,-0.6136943209558069,-0.05084760998556859
City\m1660_06_fill_holes_and_orientation.obj,-0.12424625651486851,-0.6276506607756053,-0.018316233406577256,-0.8760164481798026,-0.6284653446713699,-0.9932928198815912,0.4301047550099417
City\m1661_06_fill_holes_and_orientation.obj,-0.22821801658313687,-0.6167001378233895,-0.020117316584317136,-0.7900076533372701,0.4083034786199433,-0.8811446615132135,0.3493510736863654
City\m1662_06_fill_holes_and_orientation.obj,-0.0321013177456554,-0.5986194247383776,-0.02022198412453725,-0.7380510770966373,-0.7012481809995753,-0.8673773600402962,-0.036363173097920275
City\m1664_06_fill_holes_and_orientation.obj,0.21147181161458603,-0.3471855375844179,-0.020348175513356614,-0.6352394564288621,-0.3598982249978405,-0.4396595810249398,-0.09824489264056539
ClassicPiano\D00005_06_fill_holes_and_orientation.obj,0.38815796480271064,0.6486533729949071,-0.020352290161787114,-0.2760745887447906,1.3875986032526517,-0.2257702408114276,-0.1023856029550579
ClassicPiano\D00009_06_fill_holes_and_orientation.obj,0.022396294994875207,-0.16623020416802758,-0.02035166817021582,-0.546837062726745,-0.17129171074507804,-0.4903403028405424,-0.10137685501721555
ClassicPiano\D00034_06_fill_holes_and_orientation.obj,0.12267435684102321,0.7822332860601321,-0.02035249444177682,0.18925412885567808,1.0078855977202752,0.4758462635261678,-0.09531345682365923
ClassicPiano\D00092_06_fill_holes_and_orientation.obj,1.880810663177814,0.3492018543692763,-0.02034677781977369,-0.4909804684437544,2.1304912610934172,-0.6215756801128243,-0.10021951054373197
ClassicPiano\D00120_06_fill_holes_and_orientation.obj,-0.04145492435057368,0.07128910870830452,-0.020352292542341634,-0.5670218889307039,0.4459319988179501,-0.4737070525832552,-0.10093551508585447
ClassicPiano\D00190_06_fill_holes_and_orientation.obj,1.0059344790296605,0.6814555409961309,-0.020351576404495638,-0.2622548301550005,2.73781815438519,-0.3292274094912035,-0.09794196262093569
ClassicPiano\D00233_06_fill_holes_and_orientation.obj,0.8926041856339755,-0.29034161994374275,-0.020339758360045267,-0.6492854756073693,0.36171885515562524,-0.680420773527901,-0.10036413291145872
ClassicPiano\D00254_06_fill_holes_and_orientation.obj,0.15807464952662606,-0.49764407625268225,-0.02033577629831423,-0.8118120290183607,0.5160473338855424,-0.9768888455270536,-0.0915053961524023
ClassicPiano\D00279_06_fill_holes_and_orientation.obj,0.5282215502417952,-0.13840105561277236,-0.020349478753756464,-0.4987150080422626,1.2411953094274528,-0.4474728738983285,-0.09683742877057712
ClassicPiano\D00305_06_fill_holes_and_orientation.obj,0.042307867913609604,-0.2290022244595263,-0.020351261089207345,-0.4036498354250333,0.1684216623576339,-0.3225533312596019,-0.09329175970735619
ClassicPiano\D00314_06_fill_holes_and_orientation.obj,2.404811045604756,0.06079966040670834,-0.020333013095522382,-0.5895407717340585,-0.16547990848161867,-0.5143856131414066,-0.10321500855491829
ClassicPiano\D00561_06_fill_holes_and_orientation.obj,0.9831613761071518,-0.2528134367736678,-0.02034050353383493,-0.6568711595554058,0.436370231014212,-0.7549784311532859,-0.0905048885010082
ClassicPiano\D00579_06_fill_holes_and_orientation.obj,0.7263116253817699,-0.313016612583143,-0.020341594659466933,-0.6563531418917643,-0.11499068172278189,-0.739276614250919,-0.09380988660754827
ClassicPiano\D00605_06_fill_holes_and_orientation.obj,1.3648224751846671,-0.42955323052725014,-0.0202800583073956,-0.8681449613828607,2.056870803596421,-0.980206181244962,-0.10144124476584901
ClassicPiano\D00784_06_fill_holes_and_orientation.obj,0.7089310441755615,-0.16071377531240008,-0.02034770273999559,-0.6499880742775955,0.3017194065111284,-0.7393590102784696,-0.10299402171600465
ClassicPiano\D00789_06_fill_holes_and_orientation.obj,0.19406435737656877,-0.5476377419412947,-0.02030684245573738,-0.8873294776156498,0.0789766080102417,-1.0587331779366993,-0.10057859081674096
ClassicPiano\D00811_06_fill_holes_and_orientation.obj,0.195399499173603,-0.44521330169650913,-0.020342827921109266,-0.8523186286247124,-0.39819684213088247,-0.9846519842967159,-0.10215856664613149
ClassicPiano\D00845_06_fill_holes_and_orientation.obj,0.2234549443819959,0.07836989798567713,-0.02035188695620659,-0.5789243867424189,-0.29645808632153925,-0.4954560214206429,-0.10303510288674415
ClassicPiano\D00967_06_fill_holes_and_orientation.obj,0.3597039029558204,0.4950825804349603,-0.020352217878875336,-0.05162408473758315,-0.19983526288158263,0.3306286386221408,-0.08981379707839432
ClassicPiano\D00983_06_fill_holes_and_orientation.obj,-0.14957229745921374,0.23951548837723194,-0.02035248685666783,-0.3262091718236501,-0.3800784519259504,-0.050861386501327766,-0.1015890319099361
Computer\D01002_06_fill_holes_and_orientation.obj,0.2597308500207024,0.09648354497430485,-0.02035185310084148,-0.42475756666191655,2.325141534240995,-0.3725426429309753,-0.1034161245542594
Computer\D01023_06_fill_holes_and_orientation.obj,0.9153172721187781,-0.3037127848117115,-0.02033816732743706,-0.6582704026698394,-0.027659010016651275,-0.7160122749937957,-0.10005682758851084
Computer\D01026_06_fill_holes_and_orientation.obj,-0.04910746804199449,0.3577811362611626,-0.02035246802502264,-0.2606412349038876,-0.5965841943392228,0.4250186618353661,-0.09927673078673278
Computer\D01028_06_fill_holes_and_orientation.obj,0.402470989427944,0.31381437493422093,-0.020351979643734815,-0.09682261444680203,-0.5738266715071371,0.30384276479622285,-0.09784234970260573
Computer\D01033_06_fill_holes_and_orientation.obj,0.6426101932068835,0.8481175602433133,-0.020352192629598337,-0.08149643667423861,-0.6855524489443791,0.7330974088471977,-0.10020447073527354
Computer\D01037_06_fill_holes_and_orientation.obj,1.0844050755629628,2.510110539257132,-0.02035242876547311,0.4891446765219294,2.3173323276519575,1.0163534569504047,-0.10363037041952551
Computer\D01067_06_fill_holes_and_orientation.obj,0.5533742601309737,1.2183934385944781,-0.020352399415664947,-0.09403603666997233,2.2140085348616694,0.4426442468592416,-0.10003657855816328
Computer\D01070_06_fill_holes_and_orientation.obj,0.7368037527676545,1.4625159991457555,-0.020352372663173024,1.2418005248888402,1.1594692563124607,1.1274877859363117,-0.10037243886701644
Computer\D01071_06_fill_holes_and_orientation.obj,0.6241018404324323,1.9994044958886792,-0.020352502301559924,0.22593216113189832,5.406311673920516,0.37365369474749527,-0.08187274419099366
Computer\D01072_06_fill_holes_and_orientation.obj,0.14427221250576017,0.9733157948383461,-0.020352519536711824,-0.13603714700705963,0.2249288750522453,0.5060999353811734,-0.08074650393077362
Computer\D01073_06_fill_holes_and_orientation.obj,0.5029949395151425,2.294426404478,-0.02035255246965425,0.19077841071650806,0.675221128914931,1.5082219170679025,-0.09204339863933143
Computer\D01082_06_fill_holes_and_orientation.obj,0.983246474041213,1.5660931260170898,-0.020352271932553748,0.3754130053355523,-0.5276157559488988,1.397839899637893,-0.10354800474116532
Computer\D01085_06_fill_holes_and_orientation.obj,0.9071904194159317,3.6716893197824,-0.0203525539908985,2.083996024127472,2.0055310691892743,1.7605221358639336,-0.10374344471410417
Computer\D01098_06_fill_holes_and_orientation.obj,3.0327074957270383,1.337828240056766,-0.02034852870085308,0.0036549496215772664,4.561615827872811,-0.07207298994164613,-0.09520923203497816
Computer\D01100_06_fill_holes_and_orientation.obj,0.6420628791257109,0.8473765474119603,-0.02035219265715941,-0.07299975614531545,-0.6872792372000394,0.733169057566807,-0.09995800111710643
Computer\D01102_06_fill_holes_and_orientation.obj,-0.10237384804181827,-0.2072493811213653,-0.0203518798760847,-0.29986767591618285,-0.029063636284315592,-0.039576713162871015,-0.09920453986437111
Computer\D01115_06_fill_holes_and_orientation.obj,0.7212111239444586,1.1844715178703211,-0.020352295072330814,-0.002430269369704698,-0.08474611428965756,0.8320657852434541,-0.1017344296478711
Computer\D01128_06_fill_holes_and_orientation.obj,1.3094622381230738,1.4504951243260298,-0.020351981071300696,0.15315365650328785,1.1081552948643545,0.9109832674570618,-0.09963077748294065
Computer\D01164_06_fill_holes_and_orientation.obj,0.25907022132206925,0.2923250028249854,-0.02035215055828305,0.07306336232350896,-0.028470858226401868,0.32818183484748503,-0.0982359141700311
Computer\D01185_06_fill_holes_and_orientation.obj,0.6221625033035635,1.3311261906709737,-0.020352394731736657,-0.14436115498143548,0.46778746808364496,0.7785406092593643,-0.07016418882378204
Computer\m1764_06_fill_holes_and_orientation.obj,3.032707943610902,1.337828240056766,-0.020348528684179853,0.0036489953955583933,4.561615827872811,-0.07207657237762649,-0.09520923440856044
Computer\m1765_06_fill_holes_and_orientation.obj,-0.034646641741812804,-0.1525461672157098,-0.020351879873948108,-0.16424826988445104,0.5252998261808062,-0.039576713162871015,-0.09851799068702842
Computer\m1766_06_fill_holes_and_orientation.obj,0.6475615493176559,2.0599205437825034,-0.020352502301930656,0.10005386886703277,5.5506144715839785,0.37365727718347563,-0.06309865707497649
Computer\m1767_06_fill_holes_and_orientation.obj,0.34228838680826057,0.17506383900133315,-0.0203518531034171,-0.3750397794043777,2.8752782314236023,-0.3725390604949948,-0.10338150190087726
Computer\m1769_06_fill_holes_and_orientation.obj,0.9071890757643414,3.6716893197824,-0.02035255399092777,2.083996024127472,2.0055181827097557,1.7605221358639336,-0.10374344471410417
Computer\m1770_06_fill_holes_and_orientation.obj,0.6420521299129873,0.8473106796047288,-0.02035219262968614,-0.07376189707573036,-0.687872015257953,0.7331009912831782,-0.10040546251714252
Computer\m1772_06_fill_holes_and_orientation.obj,1.3144821204649586,1.4627630034228734,-0.02035198431748746,0.1576312344694758,1.1247144210473823,0.9161563050128497,-0.09963034153499702
Computer\m1773_06_fill_holes_and_orientation.obj,0.402470989427944,0.31381437493422093,-0.020351979644993357,-0.09682261444680203,-0.5738266715071371,0.30384276479622285,-0.09784234970260573
Computer\m1774_06_fill_holes_and_orientation.obj,0.48597848788994336,1.1943187550514114,-0.020352425397403,-0.08749234227523749,-0.353416325799346,1.0018839980253167,-0.06825255155257445
Computer\m1775_06_fill_holes_and_orientation.obj,-0.0271033817130811,0.3959350635999357,-0.0203524680249641,-0.1941503929512007,-0.43237178581756597,0.4250186618353661,-0.09873960098688503
Computer\m1776_06_fill_holes_and_orientation.obj,0.6257025773605102,1.3389479927796992,-0.02035239498210825,-0.15238745165486817,0.4868852307320864,0.7783220806645562,-0.05865227208855576
Computer\m1777_06_fill_holes_and_orientation.obj,0.16560223362013599,1.0222061747558329,-0.02035251953675085,-0.09519115651763252,0.36341987045224783,0.5060999353811734,-0.0844169949384228
Computer\m1778_06_fill_holes_and_orientation.obj,0.5070738178598558,1.1313491313382185,-0.02035239941648446,-0.12839192079883446,1.9627092977447596,0.44264782929522195,-0.1003034372480319
ComputerKeyboard\D00116_06_fill_holes_and_orientation.obj,-0.2729222007648117,-0.49886263068646275,-0.020348968216529102,1.5600003175631074,-0.5337110607617948,1.8084730414624237,0.6905420266120674
ComputerKeyboard\D00127_06_fill_holes_and_orientation.obj,-0.3312371276737831,-0.3844502495255673,-0.020351821419503358,3.014564145938126,-0.26885524718998477,1.896006282209044,2.0260509154370556
ComputerKeyboard\D00197_06_fill_holes_and_orientation.obj,-0.4528277431636312,-0.3623186662958259,-0.02035229664978014,2.612630072760534,0.05522682625512785,1.4726483277819102,0.27226728127173566
ComputerKeyboard\D00278_06_fill_holes_and_orientation.obj,-0.2987852544614696,-0.5060092877710667,-0.02034902678306204,0.8215512524772131,-0.6980394475991294,1.6752279176051026,1.2967145590540694
ComputerKeyboard\D00360_06_fill_holes_and_orientation.obj,-0.4773023568835008,-0.5626885358936634,-0.020348557332336824,1.273185250234288,-0.36831309612431334,0.8548715726950782,1.6214317433524632
ComputerKeyboard\D00382_06_fill_holes_and_orientation.obj,-0.19348551873798278,-0.47253197474572123,-0.020348974779224822,1.5406907625839221,-0.37154760248379975,0.9231528024826928,0.45324787048380377
ComputerKeyboard\D00420_06_fill_holes_and_orientation.obj,0.44052768130784725,-0.5858904709909146,-0.020090627070271247,-0.5179888376653348,-0.4834666771138353,-0.7141314961040529,0.23351815194797218
ComputerKeyboard\D00493_06_fill_holes_and_orientation.obj,0.2193841279468254,-0.3533277106087434,-0.02034787996569722,1.324897703208147,0.6534816379649169,1.6696464823475416,1.496236698691914
ComputerKeyboard\D00525_06_fill_holes_and_orientation.obj,-0.4040563256176937,-0.5447395584231142,-0.020348453290067146,1.838729545958306,-0.23732203180487396,1.5242389883365504,15.020383916889335
ComputerKeyboard\D00569_06_fill_holes_and_orientation.obj,-0.4498855940644305,-0.38232601274235556,-0.020352232755248403,2.214828232440035,0.22412991332201634,1.6440571421390981,0.8195205360931951
ComputerKeyboard\D00597_06_fill_holes_and_orientation.obj,-0.06603523866222455,-0.4090354085746774,-0.02034954494287169,1.4985169796922877,0.5292559753934059,1.2147666737283191,1.2347129925954345
ComputerKeyboard\D00600_06_fill_holes_and_orientation.obj,0.3777186877127166,-0.5927407229429775,-0.02004699947939245,-0.5794483586320791,-0.5241879523966131,-0.7404444883805498,1.1634678810553127
ComputerKeyboard\D00627_06_fill_holes_and_orientation.obj,-0.168936108412912,-0.455636882190874,-0.020349312278277142,0.48840635249559,0.09833210024908216,0.16627722314646382,0.46316467584669624
ComputerKeyboard\D00654_06_fill_holes_and_orientation.obj,-0.41041896378229187,-0.3671599501273318,-0.020352177114481614,0.8105716596984224,-0.34105819193979525,0.7590127507298634,0.041220377854906065
ComputerKeyboard\D00673_06_fill_holes_and_orientation.obj,-0.08084631014364768,-0.6079891203170404,-0.0201549929439184,-0.619544116643129,-0.250607992189856,-0.7743773219874902,0.5898614345820211
ComputerKeyboard\D00676_06_fill_holes_and_orientation.obj,0.6242877122357765,-0.4054950139359911,-0.02033473680734745,1.3549010481172177,0.380430023418471,0.9252879343270486,0.11657563825540258
ComputerKeyboard\D00692_06_fill_holes_and_orientation.obj,-0.02486351451181715,-0.48776390516797635,-0.02034426170048447,1.839342831238249,-0.51404629301448,1.1567347932808074,0.9007017715823069
ComputerKeyboard\D00805_06_fill_holes_and_orientation.obj,0.4409630244231499,-0.22911749312218121,-0.020348718256197072,2.310363788912755,-0.3103754842029943,2.0297959363353955,0.0951232934753362
ComputerKeyboard\D00905_06_fill_holes_and_orientation.obj,-0.5165974476459266,-0.44173877486505425,-0.020352203650211814,2.7143401616148184,-0.4003102247721412,2.0656668678077663,1.2874355012258492
ComputerKeyboard\D00990_06_fill_holes_and_orientation.obj,-0.48924428433547046,-0.4720379661914859,-0.020351892443444954,0.3701018357267231,-0.31975684129345766,0.45898731980211144,2.968691820247013
Cup\D00035_06_fill_holes_and_orientation.obj,0.07967168345670916,1.811714179182881,-0.020352596107131016,0.11220048994552122,-0.2348091682984979,0.544851145381836,-0.1042051325750741
Cup\D00067_06_fill_holes_and_orientation.obj,-0.31340328799773276,-0.4600335583235681,-0.020350807769220484,-0.6630397377109518,-0.38697271846907816,-0.7985623472915925,-0.09456049402320066
Cup\D00174_06_fill_holes_and_orientation.obj,-0.015029328521384886,-0.23262495385725188,-0.02035147358735212,-0.6106842283270549,1.121299503974618,-0.8218983352683251,-0.10036654209746303
Cup\D00206_06_fill_holes_and_orientation.obj,0.4423720670576583,-0.3271287902824647,-0.020345809223450497,-0.8532534421096745,2.8380105326521505,-1.047924968583644,-0.10332459684833604
Cup\D00214_06_fill_holes_and_orientation.obj,0.3448010152823838,-0.30422326031775465,-0.02034790817589171,-0.7763903384321216,-0.09194965634126245,-0.9251298104813318,-0.10222002502066116
Cup\D00270_06_fill_holes_and_orientation.obj,-0.06157386749809931,-0.2691980538224719,-0.02035143716233916,-0.40891337122571164,0.22103715823724823,-0.6738255088878695,-0.09746324905434123
Cup\D00328_06_fill_holes_and_orientation.obj,-0.20143590519861782,-0.271388158412915,-0.020351928387334312,-0.24129595456858896,-0.005906632587115455,-0.5273146245948956,-0.09653506208113957
Cup\D00355_06_fill_holes_and_orientation.obj,-0.494102480602639,-0.5383997819770946,-0.020350596862193374,-0.5938337686936616,-0.14788986393700057,-0.8804926581647693,-0.08451549306427984
Cup\D00363_06_fill_holes_and_orientation.obj,0.15092866248480125,-0.2006790673500358,-0.02035097611102817,-0.7440707996017117,2.178042370521723,-0.9458936094240922,-0.10328740202296703
Cup\D00457_06_fill_holes_and_orientation.obj,-0.37193185550958413,-0.5069479040241138,-0.020350131747522083,-0.6259389553873921,-0.07511991408831685,-0.8426621342110856,-0.09052414695635497
Cup\D00463_06_fill_holes_and_orientation.obj,0.7594639889565664,-0.15007612444453328,-0.020347461889275352,-0.6931204875582675,1.5542336699240415,-0.9167898995188152,-0.10152316104596601
Cup\D00519_06_fill_holes_and_orientation.obj,-0.4635294801976246,0.04094051652644931,-0.02035258674254274,0.11470721909946421,0.2059857501580438,0.10510712878006702,-0.09826148398063447
Cup\D00550_06_fill_holes_and_orientation.obj,-0.025471292914559657,-0.3368278248972844,-0.020350592148030835,-0.60482526992449,0.498779451328923,-0.8567984265899904,-0.0994217155213528
Cup\D00587_06_fill_holes_and_orientation.obj,0.006074511241933689,-0.29371734506435054,-0.020350903318300008,-0.540215963393765,0.8362505769951767,-0.8131643563479576,-0.09966356535722788
Cup\D00638_06_fill_holes_and_orientation.obj,-0.09505587359641703,-0.18203847790355715,-0.020351943454410472,-0.5207813696681833,0.8141373781390885,-0.6881337581938367,-0.1007722118344667
Cup\D00642_06_fill_holes_and_orientation.obj,-0.45958675854740927,-0.43147986388876786,-0.02035205211259845,-0.12820138556623067,-0.5093298415102079,-0.25583404355946876,-0.0927631550238291
Cup\D00738_06_fill_holes_and_orientation.obj,-0.05407405220412518,1.2344157827035098,-0.020352591410353903,0.6675571049512578,1.5274555654817594,0.18312900199855925,-0.10185343710693134
Cup\D00843_06_fill_holes_and_orientation.obj,0.019946370261638972,-0.07783560686352466,-0.020351956823012503,-0.036708748560321636,0.5029546706933595,-0.41061677253133044,-0.09865426200113431
Cup\D00874_06_fill_holes_and_orientation.obj,0.44472972771501745,0.050409013815959205,-0.020351250792928068,-0.7144544793838676,2.750575769109858,-0.8798872264840712,-0.10307717463248446
Cup\D00882_06_fill_holes_and_orientation.obj,0.045143868537165545,0.060914929069363244,-0.020352165099172037,-0.2521386001489456,0.6910586122448457,-0.514776098663277,-0.10151822399484389
Cup\m494_06_fill_holes_and_orientation.obj,-0.460042704320432,-0.5609101050984164,-0.020348269879846708,-0.733859301979355,-0.1574645182202632,-0.9739369182791525,-0.08645590764693202
Cup\m495_06_fill_holes_and_orientation.obj,-0.14998524638134234,-0.29933257563082516,-0.02035161155326031,-0.7256901038814696,0.5070396847011558,-0.8946862695193617,-0.0968900052002515
Cup\m496_06_fill_holes_and_orientation.obj,0.29971120309425264,0.4915421857962739,-0.02035227229490621,0.052908307249644446,1.655701809663467,-0.37447715836042506,-0.1015365599178816
Cup\m497_06_fill_holes_and_orientation.obj,-0.22147467713458063,0.13188749136116798,-0.02035249191607058,0.520886655428509,0.015575128772499686,0.16530280055977806,-0.10152034123022893
Cup\m498_06_fill_holes_and_orientation.obj,0.21281770262434366,2.266844260199863,-0.02035259454003295,0.2452714872411781,0.6069227874596393,0.5096823713616359,-0.10347681072335715
Cup\m499_06_fill_holes_and_orientation.obj,-0.2994566323728262,-0.46956792342030945,-0.020350445651683577,-0.8463227230237134,-0.5243297036713314,-0.9654357976975152,-0.0999107929393333
Cup\m500_06_fill_holes_and_orientation.obj,-0.0034869134756393624,1.8712751438718505,-0.020352607486448165,0.3397590999345772,-0.4480159719546841,1.1091421312803635,-0.10228138686951183
Cup\m501_06_fill_holes_and_orientation.obj,0.33042842210330786,-0.10062586816557975,-0.020350885307438123,-0.554934810112404,1.8145792156638973,-0.8299588162243655,-0.10292707641046024
Cup\m502_06_fill_holes_and_orientation.obj,0.2183965440278518,0.33049539711556625,-0.020352233625251393,-0.1788242151786373,0.41731112780432983,-0.33895730561413956,-0.10171367029733544
Cup\m526_06_fill_holes_and_orientation.obj,-0.08551102058179276,1.7848565807842887,-0.02035261348821513,1.5514321863219578,-0.5959012109246689,1.5013328926774732,-0.1020420126799446
DeskLamp\D00048_06_fill_holes_and_orientation.obj,0.2563027469296258,2.8113240217262025,-0.020352603636493473,0.6757501199532185,1.949861477663454,1.092250945632483,-0.10243446789325569
DeskLamp\D00090_06_fill_holes_and_orientation.obj,-0.34260710743208866,-0.03406644895827709,-0.020352504475138124,-0.2986589680343529,-0.5428218017823403,-0.2048488146855267,-0.0627640919508488
DeskLamp\D00147_06_fill_holes_and_orientation.obj,-0.8017503233562058,-0.6206192723536562,-0.020350991615091196,-0.9136769277491361,-0.6242256929093337,-1.0980611601302164,-0.053954274722382366
DeskLamp\D00257_06_fill_holes_and_orientation.obj,-0.5262789052389123,-0.4889989265535646,-0.020351932102859273,-0.6631826391354047,-0.38855775545002297,-0.8039180890823839,-0.09832223028048308
DeskLamp\D00268_06_fill_holes_and_orientation.obj,-0.8806052042443742,-0.6298736992696642,-0.02035233988637748,-0.894254242475592,-0.7018925049755671,-1.0549859499011356,0.3224047657584827
DeskLamp\D00330_06_fill_holes_and_orientation.obj,-0.7769075491005556,-0.6156791868113032,-0.020350942236589828,-0.9012206869176664,-0.4059158433632825,-1.031735940387934,-0.0756153649864006
DeskLamp\D00378_06_fill_holes_and_orientation.obj,-0.5543804824852436,-0.2944418909438957,-0.02035253465552475,-0.4856395277048308,-0.3926556559373409,-0.5228437444912785,-0.08632183268762021
DeskLamp\D00435_06_fill_holes_and_orientation.obj,-0.5240390380376483,-0.4041941247431714,-0.020352350251056993,-0.5710171745893635,0.19343431910569375,-0.5734958068190374,-0.09186331178771068
DeskLamp\D00455_06_fill_holes_and_orientation.obj,-0.7385673467350694,-0.6165848691607346,-0.020348740733113328,-0.9156656392394377,0.19481317241432047,-1.0995407061901474,-0.036987001154965525
DeskLamp\D00531_06_fill_holes_and_orientation.obj,-0.7940234309434473,-0.5853799954848715,-0.020352460034409818,-0.6743587213728179,-0.33388042284723085,-0.6559993074490882,-0.03956667999136053
DeskLamp\D00547_06_fill_holes_and_orientation.obj,-0.4499890552368944,-0.48089718626410566,-0.02035155114172591,-0.6647605090304044,-0.05504277899636602,-0.8484406034475716,-0.09631730014933713
DeskLamp\D00686_06_fill_holes_and_orientation.obj,-0.6242113992920151,-0.3523396935002728,-0.02035255972734748,-0.6050098509310748,-0.4888661120326614,-0.6350528042713242,-0.06689458557605604
DeskLamp\D00693_06_fill_holes_and_orientation.obj,-0.654360253678314,-0.5747588115688126,-0.020351406397960282,-0.7385333694041656,-0.5009020839042163,-0.9469181861145045,-0.08845272566507233
DeskLamp\D00698_06_fill_holes_and_orientation.obj,-0.6654852409632959,-0.40050552753821456,-0.020352566390170374,-0.5368518256931052,-0.5579891881772225,-0.5387569251164928,-0.10193538187003559
DeskLamp\D00715_06_fill_holes_and_orientation.obj,-0.45307811024331657,-0.5110317080724589,-0.02035099470294571,-0.8232203260705098,0.17879527837112547,-0.9795111886647521,-0.08423375596954717
DeskLamp\D00744_06_fill_holes_and_orientation.obj,-0.7796799502154974,-0.568106163038444,-0.02035249999567883,-0.5651879873168929,-0.692292077733267,-0.6719411475621463,-0.05288249947212972
DeskLamp\D00759_06_fill_holes_and_orientation.obj,0.010945248257279666,1.051830221058143,-0.02035256639527283,0.030847899849742587,1.3144420590183723,0.33886465894122403,-0.08522826953451479
DeskLamp\D00776_06_fill_holes_and_orientation.obj,-0.6631925234661413,-0.5188205762775688,-0.020352337266505063,-0.6138459223430733,-0.6758618163454386,-0.6950048704043637,-0.050298202435830885
DeskLamp\D00797_06_fill_holes_and_orientation.obj,-0.36300687376201635,-0.5534505759294633,-0.020346179738177234,-0.8611487458106921,-0.31116155945370727,-1.0230771926231563,-0.06483872628133128
DeskLamp\D00912_06_fill_holes_and_orientation.obj,-0.6262035867167746,-0.3552708109220689,-0.020352559721796244,-0.6080048266185649,-0.5342265199425899,-0.6350456393993632,-0.05868472054057835
DeskLamp\m603_06_fill_holes_and_orientation.obj,-0.15779813249588903,0.21975514620781997,-0.020352484833470633,-0.47315351574326686,0.3158172151058639,-0.3613367831840887,-0.09718226834115867
DeskLamp\m604_06_fill_holes_and_orientation.obj,-0.7089846175522093,-0.5903530149308402,-0.020351541380365542,-0.8543668823752026,0.9455150368441235,-1.0358700715093878,-0.0911986589068111
DeskLamp\m605_06_fill_holes_and_orientation.obj,-0.6403383535643427,-0.3574773824643199,-0.02035256971825986,-0.333640045895196,0.058577310930294973,-0.5197700144200417,-0.09111614843993243
DeskLamp\m606_06_fill_holes_and_orientation.obj,-0.5159206951282082,-0.2439706836528559,-0.02035253161373869,-0.6411400944135593,0.21347279475908532,-0.5249645465917122,-0.07963871906389888
DeskLamp\m608_06_fill_holes_and_orientation.obj,0.12568637582292677,0.5586450144132356,-0.02035243356276764,-0.15529906817809405,1.9818199468727198,-0.3077399584803896,-0.10055796438681243
DeskLamp\m609_06_fill_holes_and_orientation.obj,-0.8084596236311375,-0.5799459013882833,-0.02035253967891762,-0.6497260883327655,-0.6675758100141653,-0.6919454700770488,-0.08162016734564519
DeskLamp\m611_06_fill_holes_and_orientation.obj,-0.6720758520144056,-0.4574317799379289,-0.020352522514878155,-0.7678996121292172,0.029260570022599085,-0.8532052433015866,-0.08954881035374286
DeskLamp\m613_06_fill_holes_and_orientation.obj,-0.7726168216884163,-0.5834862960269696,-0.02035236721361284,-0.7963429498213446,-0.6430914989264195,-0.9177392450536376,0.04320067890522174
DeskLamp\m614_06_fill_holes_and_orientation.obj,-0.510391120949683,-0.409809355309646,-0.020352302760601137,-0.7343177773828078,1.0402177748356207,-0.8747070240563225,-0.09835948523660294
DeskLamp\m615_06_fill_holes_and_orientation.obj,-0.6798520116521468,-0.591110494714001,-0.020350947910609322,-0.8094005674807196,-0.19669096187873356,-0.921855463995189,-0.07209550625678643
DeskLamp\m616_06_fill_holes_and_orientation.obj,-0.36729401810324774,-0.49777581186714503,-0.02035039801622234,-0.7901148294056096,-0.3627719099307689,-0.9165033046403781,-0.06621364042645342
DeskPhone\D00118_06_fill_holes_and_orientation.obj,0.21071533576916823,1.1564941667487951,-0.02035252340600317,1.419296002511263,-0.011164316231220389,1.7935127888080125,-0.05217981230893155
DeskPhone\D00135_06_fill_holes_and_orientation.obj,-0.33211139697529624,-0.16249220610764717,-0.020352409487816626,0.07292046089905618,-0.5482598961397228,0.934476882616935,-0.07171750536830712
DeskPhone\D00154_06_fill_holes_and_orientation.obj,0.13027405023655333,0.06442238980443384,-0.020352033566964,0.6689861191957859,2.272706449074661,1.0948338819743964,-0.018781513583729256
DeskPhone\D00220_06_fill_holes_and_orientation.obj,0.39411437230313234,1.0592403493716724,-0.020352435848951106,0.3941152292608133,2.125929447343385,0.7386645143608365,-0.08824669635043177
DeskPhone\D00316_06_fill_holes_and_orientation.obj,0.17541760848830212,0.4223151203961006,-0.020352337923843906,0.41359745679454585,-0.6949982384324394,1.5888732982960543,-0.08790535781369885
DeskPhone\D00318_06_fill_holes_and_orientation.obj,-0.23419771404445952,0.18571795682100772,-0.020352517471387655,-0.12715939601292892,-0.08839298799378012,0.23743156659040948,-0.09962342175148513
DeskPhone\D00403_06_fill_holes_and_orientation.obj,0.20030561901416385,0.04421743993621009,-0.020351859126306087,-0.44029809657115926,0.4355197233658993,-0.21767393549558248,-0.09727241936936529
DeskPhone\D00486_06_fill_holes_and_orientation.obj,0.016021116082099555,0.4639435745663285,-0.02035246549470175,0.40395756487000045,-0.13837964205134057,1.287697905418574,-0.045502293218621225
DeskPhone\D00511_06_fill_holes_and_orientation.obj,-0.44087058766030324,-0.3295988330536412,-0.02035234413328963,0.2600736931240812,-0.6707845434146112,0.5165176592123584,-0.07487297253898557
DeskPhone\D00556_06_fill_holes_and_orientation.obj,0.4687654152486766,1.275072686717075,-0.020352450179575952,1.0569932577152488,0.4588829107354175,1.6284484685722234,-0.09120799341468594
DeskPhone\D00576_06_fill_holes_and_orientation.obj,-0.012694062057199668,-0.20500987567549858,-0.02035161034921715,-0.05002835216452687,-0.6142515577609594,0.5905630284925372,-0.07616500672958897
DeskPhone\D00680_06_fill_holes_and_orientation.obj,0.716828580340306,2.1592656640392223,-0.0203524941799808,2.844070838113891,2.6794681751192346,2.0135209296761545,-0.0868465913766754
DeskPhone\D00706_06_fill_holes_and_orientation.obj,2.0828658541611778,1.7635977460003627,-0.02035142128204069,2.1561374265720636,2.8090159537324504,1.8196359119775447,-0.09266763337013897
DeskPhone\D00773_06_fill_holes_and_orientation.obj,-0.12047686591982007,-0.3092127467155311,-0.020351417196777875,-0.3021540987074277,-0.6438002553000111,0.05681947419941344,-0.02784741897691596
DeskPhone\D00829_06_fill_holes_and_orientation.obj,0.1959230754100112,0.06970828133475157,-0.020351922975842547,-0.028980163187832243,-0.5715973105502006,0.6201503672551767,-0.08524095870533158
DeskPhone\D00894_06_fill_holes_and_orientation.obj,0.28601849761993936,0.6961605289605352,-0.020352385041196044,0.14045924663106363,1.7470669494593187,0.35013142009977855,-0.09459924987450942
DeskPhone\D00897_06_fill_holes_and_orientation.obj,-0.3655477189195389,-0.25585982285811876,-0.02035234076265366,0.23519098259123639,-0.616803080705892,0.8318006849808998,-0.07576378192098339
DeskPhone\D00899_06_fill_holes_and_orientation.obj,0.09967417679973,0.3809666044066061,-0.020352376289468413,0.1550471003772876,1.360433904424774,0.5986700811163238,-0.046682428037869726
DeskPhone\D00957_06_fill_holes_and_orientation.obj,0.7614969338129024,0.14010450031328178,-0.020350603252664114,0.20868276835524077,-0.3423081804532224,0.8828432328305293,-0.0745652273121236
DeskPhone\D00958_06_fill_holes_and_orientation.obj,1.9931005223586347,1.8534249681121484,-0.020351606198295572,1.6008820334086475,1.7796955156036196,1.556631374471892,-0.06749415957826971
Door\D01005_06_fill_holes_and_orientation.obj,-0.23229823857944049,-0.5449865627002318,-0.02034258624147886,0.2117968285631083,0.4424397628680675,-0.3600650184110245,0.10281486387747471
Door\D01029_06_fill_holes_and_orientation.obj,-0.3876154047570665,-0.6052391393651306,-0.020311404460251325,-0.9065616276565901,1.143374043392147,-1.053524316021107,-0.10147016844820025
Door\D01052_06_fill_holes_and_orientation.obj,0.1197147402711468,0.6338660502714639,-0.020352460273074052,1.1254728111582373,-0.4248331952984464,3.8245927801111153,-0.0914056194568957
Door\D01058_06_fill_holes_and_orientation.obj,-0.2784231103760742,-0.5317965343021493,-0.020346432022127003,-0.46898555753006,-0.3416251970386685,-0.49808911186628274,0.26111987952172316
Door\D01062_06_fill_holes_and_orientation.obj,-0.22988100936823838,-0.43590947392507773,-0.02035054727318396,0.47338384024998875,1.1525105573717331,0.6569813915703113,0.21844641564322378
Door\D01076_06_fill_holes_and_orientation.obj,0.027836292400704392,-0.40463873244198323,-0.020348559716432825,0.9753429563185267,-0.5737235796709781,1.1075371999611163,-0.040530515796679156
Door\D01104_06_fill_holes_and_orientation.obj,-0.17177569210737578,-0.5236618601090748,-0.020344139096024182,0.367869000969648,0.21842120289471315,0.7603561642225369,0.44642491726063027
Door\D01114_06_fill_holes_and_orientation.obj,-0.21937454969872242,-0.28861259000391914,-0.020351913720708305,-0.003579434991346006,0.3999788128501079,0.34572144140782934,-0.10285570832995225
Door\D01121_06_fill_holes_and_orientation.obj,0.6567118166485542,-0.4003408580201361,-0.020334404794392028,4.244028459669882,1.2579735057623174,1.9588708687941996,0.741080875948774
Door\D01129_06_fill_holes_and_orientation.obj,0.1195888849055088,-0.5650433100021851,-0.020294871261112006,-0.4835198232421141,-0.06952718197669434,-0.4837414557645306,-0.008164639118882744
Door\D01136_06_fill_holes_and_orientation.obj,-0.44716290805833503,-0.3945444909837753,-0.020352182664139705,0.35005991094721706,0.13246838449720638,0.6649702238067429,0.03429814005895
Door\D01141_06_fill_holes_and_orientation.obj,-0.020050106630996583,-0.3783739443084731,-0.020349826559702733,0.6839848145373116,0.6888936836855089,0.5971654580045295,-0.0071380742813257625
Door\D01144_06_fill_holes_and_orientation.obj,-0.45653666943710985,-0.5126290023978197,-0.020350989513523002,1.0085437205997287,-0.26840422040678935,0.927677419126017,0.22067117984349413
Door\D01155_06_fill_holes_and_orientation.obj,0.138830423564477,-0.32950003134279415,-0.02034939496889297,0.04515590497307973,-0.4773455993418988,0.38174283519137947,-0.08688429889581478
Door\D01158_06_fill_holes_and_orientation.obj,-0.5581601744091521,-0.4862160116980391,-0.020352112691021232,-0.4086037514727306,-0.45128913775272983,0.07430534422005067,-0.10020524056712318
Door\D01167_06_fill_holes_and_orientation.obj,-0.029311449160037896,-0.40083486657437145,-0.020349366840864618,1.1490575004189691,1.2271748197098387,0.8984196644735802,0.2229711541627739
Door\D01177_06_fill_holes_and_orientation.obj,-0.26643505088616604,-0.5272516556031845,-0.020346612682289208,-0.027015268601606177,-0.4834666771138353,0.014561059373877971,-0.029803571201214036
Door\D01194_06_fill_holes_and_orientation.obj,-0.15876690529259654,-0.6355383306915623,49.36591278764997,-0.9630076903154484,0.980527601699601,-1.1730057208414915,11.280908696525568
Door\m1707_06_fill_holes_and_orientation.obj,-0.387614956873203,-0.6052391393651306,-0.020311405718616626,-0.9065616276565901,1.143374043392147,-1.0535207335851264,-0.10147016844820025
Door\m1708_06_fill_holes_and_orientation.obj,0.6567118166485542,-0.4003408580201361,-0.020334404794392028,4.244028459669882,1.2579735057623174,1.9588708687941996,0.741080875948774
Door\m1710_06_fill_holes_and_orientation.obj,-0.3479127396788738,-0.564829239628683,-0.020343202323059115,-0.5169230312079576,0.8053101396679796,-0.5061245157704601,-0.09234395507669087
Door\m1711_06_fill_holes_and_orientation.obj,-0.45437921286672633,-0.5181618982052552,-0.020350804311101284,0.9044043075297463,-0.37083884611020534,0.8798411514789017,0.2321023583866035
Door\m1712_06_fill_holes_and_orientation.obj,0.02783763605229482,-0.40463873244198323,-0.020348559719827956,0.9753191394144513,-0.5737364661504998,1.1075443648330772,-0.040530105958140494
Door\m1713_06_fill_holes_and_orientation.obj,-0.2335312628556012,-0.5452335669773495,-0.020342586017185405,0.2001146371140913,0.4297852399795584,-0.36008293059092683,0.09705542029989472
Door\m1714_06_fill_holes_and_orientation.obj,-0.16805959969208148,-0.5225256404343336,-0.020344182414465707,0.41647334796165864,0.2529569680079547,0.7653214204914579,0.34999734159019363
Door\m1715_06_fill_holes_and_orientation.obj,0.16421379364334773,0.7167112848167235,-0.02035246027360088,2.554082168317015,-0.14451360630279583,3.8246071098550374,-0.09062180958125286
Door\m1716_06_fill_holes_and_orientation.obj,-0.020049658747133138,-0.3783739443084731,-0.020349826544092925,0.6839848145373116,0.6888936836855089,0.5971582931325685,-0.007137991205946311
Door\m1717_06_fill_holes_and_orientation.obj,-0.28027018342906607,-0.5325540140853102,-0.020346395306098407,-0.46549638108300406,-0.36159924029446316,-0.4999734731920061,0.2873851940371637
Door\m1718_06_fill_holes_and_orientation.obj,0.11959022855709923,-0.5650433100021851,-0.020294872311144883,-0.4835138690160953,-0.06952718197669434,-0.4837378733285501,-0.008164808434418021
Door\m1720_06_fill_holes_and_orientation.obj,-0.4109824016825498,-0.36599079654897493,-0.020352182667573864,0.5785711970992917,0.654216167297549,0.6649630589347817,0.029530826178544224
Door\m1721_06_fill_holes_and_orientation.obj,-0.5304294450017822,-0.4684152367937604,-0.02035211269372368,-0.35865970362647487,0.05087119617741374,0.0743125090920116,-0.10041259671425283
Door\m1722_06_fill_holes_and_orientation.obj,-0.1186508434084117,-0.21047690367570263,-0.020351913714142432,0.27084488799221146,1.3797507372250521,0.3457142765358684,-0.10229011532271365
Door\m1723_06_fill_holes_and_orientation.obj,-0.30572252762291274,-0.4715274906854428,-0.02035046084185284,0.32029473507890127,0.25532808023960957,0.6422038431509038,0.16352875878971895
Door\m1724_06_fill_holes_and_orientation.obj,-0.16425303473636416,-0.45677310186561515,-0.02034920588358962,0.606436974867589,0.004814918373412476,0.8697565941938998,0.21145564065921404
Door\m1725_06_fill_holes_and_orientation.obj,-0.5557416015463597,-0.5836838994486636,-0.020348193187007584,-0.8202729841911707,-0.6589676416948933,-0.7116524504055728,0.19138846152609504
Door\m1726_06_fill_holes_and_orientation.obj,0.5536985280481332,-0.1530072418663294,-0.02034910371017514,0.3842669394256075,1.8158163176978057,0.33834878816003755,-0.090992018790333
Door\m1727_06_fill_holes_and_orientation.obj,0.0062429155746020724,-0.45616382464872496,-0.02034633465834856,-0.13038063228913602,-0.6235942554128607,-0.03130845091996351,-0.08394972520314734
Door\m1728_06_fill_holes_and_orientation.obj,0.07270350630868593,-0.049117242910645856,-0.020351911447880986,1.0317652020733097,4.599283007509377,0.7668511206551152,0.07664859736778375
Door\m1729_06_fill_holes_and_orientation.obj,0.1804912368938047,-0.43722683006970514,-0.020343960994748816,-0.4963928598949045,0.3755589341599617,-0.48701938468665373,-0.07599149549205092
Door\m1730_06_fill_holes_and_orientation.obj,0.1804912368938047,-0.43722683006970514,-0.020343960994748816,-0.4963928598949045,0.3755589341599617,-0.48701938468665373,-0.07599149549205092
Door\m1731_06_fill_holes_and_orientation.obj,-0.005002552469656015,-0.4393181329493013,-0.02034756091260096,-0.3052622046892763,2.1720243845859457,-0.2234595696040293,0.04956761317308078
Door\m1732_06_fill_holes_and_orientation.obj,0.019399951948193262,-0.46859637326364667,-0.02034504441713484,-0.13574538993213503,-0.19560849759906515,0.05038900161448313,-0.09062506613612767
Drum\D00026_06_fill_holes_and_orientation.obj,0.3889816232276505,-0.4048528028154852,-0.020341819635615554,-0.5659501282473078,-0.22013146812537032,-0.7339459495119908,-0.10162598146513717
Drum\D00063_06_fill_holes_and_orientation.obj,1.8516726826713896,2.8426276971129125,-0.020352183481596176,0.4333952583072785,-0.6262617566734738,1.2231603212305426,-0.10400178619959302
Drum\D00115_06_fill_holes_and_orientation.obj,0.4036466845695791,5.5737045883473435,-0.020352623315897676,3.651987858161905,2.141341676849145,2.4066180473763215,-0.10219287519545987
Drum\D00163_06_fill_holes_and_orientation.obj,2.6474131627489728,3.2244304417295675,-0.020351849410048313,0.6117302817983615,0.8289181701483751,0.7317253358666808,-0.10326489571588045
Drum\D00189_06_fill_holes_and_orientation.obj,0.30877189365245494,0.07799115809409671,-0.020351703797684577,-0.10172294246032945,0.3667316956888528,-0.2967741219441939,-0.10386441591689599
Drum\D00193_06_fill_holes_and_orientation.obj,2.8694712949592214,4.011517804240863,-0.020351985802595004,2.6277538068484554,1.8845527994567712,1.600799227675014,-0.10288971068716775
Drum\D00297_06_fill_holes_and_orientation.obj,0.8504354720034615,-0.11305841678050144,-0.02034740021290734,-0.584193876769116,1.1747526210230237,-0.7491139834532689,-0.10369387719555441
Drum\D00298_06_fill_holes_and_orientation.obj,0.3794779755284665,1.117105218024434,-0.020352455325379003,0.9599929616418876,-0.058187079999212216,0.7697027396955634,-0.10291676556907824
Drum\D00308_06_fill_holes_and_orientation.obj,2.1274298506935834,4.9476310806131405,-0.020352403774655536,1.142216094723291,-0.06930811182485748,2.0723875177071136,-0.10417423723705034
Drum\D00375_06_fill_holes_and_orientation.obj,1.0340409829984902,1.9627655281162277,-0.020352353661956517,1.2584009070294413,0.24209366577270844,1.2027440185778868,-0.10389112662937727
Drum\D00383_06_fill_holes_and_orientation.obj,0.7492217807665035,3.2003722251383087,-0.02035255734840272,0.8720966771513742,-0.5001675545715842,1.4893818862466504,-0.10428718652296277
Drum\D00404_06_fill_holes_and_orientation.obj,1.0378430691155727,1.8464100466420068,-0.020352324468519627,0.5023154244756631,1.3232564110099596,0.27339922383425275,-0.10372310548763035
Drum\D00551_06_fill_holes_and_orientation.obj,1.5363055615307437,0.2901842990899658,-0.02034816928042788,-0.2956401754427873,0.2821835035590132,-0.5679072066895159,-0.10260672350577277
Drum\D00557_06_fill_holes_and_orientation.obj,1.1908491545576414,-0.08264395679141491,-0.020344697131170843,-0.7152999794785468,0.5968326739955844,-0.7881840302561928,-0.10112289832937398
Drum\D00596_06_fill_holes_and_orientation.obj,0.978250777427956,2.43064102983248,-0.02035245112092553,1.3329835421417682,1.6136016810720653,0.659718372659385,-0.10241291022788311
Drum\D00709_06_fill_holes_and_orientation.obj,0.18970465584945362,3.1444504567988725,-0.020352614263681207,2.4969394612139495,-0.04417947676111978,2.4066108825043604,-0.097129364357131
Drum\D00939_06_fill_holes_and_orientation.obj,2.1192680630493856,1.9654825751645217,-0.0203515647301726,0.06618027704569887,0.5126839627308593,0.10007022379153692,-0.10327286936992033
Drum\D00951_06_fill_holes_and_orientation.obj,1.698229462578564,1.5025636259424302,-0.02035162356965282,-0.06291329726935488,0.933569270329206,-0.10782570102666159,-0.09831218923628579
Drum\D00980_06_fill_holes_and_orientation.obj,1.0607147064880469,6.509900199478659,-0.020352599496859736,5.269911831590558,0.5299002993694005,5.3292803757530045,-0.10309558413657258
Drum\D00982_06_fill_holes_and_orientation.obj,3.7261136791412364,0.13297431018048558,-0.020308603841828476,-0.02754519471728537,0.6012398499913795,-0.3390325367697293,-0.09725049458993493
Fish\D00012_06_fill_holes_and_orientation.obj,-0.5502303906062371,-0.3733185901034652,-0.020352456447207245,-0.3686628033381713,-0.6080016151938235,0.2729120125409099,-0.07037054094561136
Fish\D00022_06_fill_holes_and_orientation.obj,-0.543507653815401,-0.4401908813951169,-0.020352291738758386,-0.37611154008777375,-0.7012868404381346,0.10137423048842517,-0.07416837226847756
Fish\D00024_06_fill_holes_and_orientation.obj,-0.6223638783551597,-0.45832099533555243,-0.02035243307523426,-0.27917674050062036,-0.6670861237924106,0.2757707964533191,-0.07200914346588314
Fish\D00030_06_fill_holes_and_orientation.obj,-0.599240082367546,-0.46979846074561926,-0.020352343139852073,-0.2276845938894592,-0.6332204556142014,0.03359812417405551,-0.08044120349365001
Fish\D00142_06_fill_holes_and_orientation.obj,-0.437120008187521,-0.36694587975382986,-0.020352247325932615,-0.5150236331079391,-0.6482847501729246,-0.10868190322599208,-0.0766351136868715
Fish\D00165_06_fill_holes_and_orientation.obj,-0.5750113568887271,-0.4356130687925365,-0.020352384983839747,-0.3706038810203219,-0.6145479467899149,0.04799235194355382,-0.07565915045854002
Fish\D00251_06_fill_holes_and_orientation.obj,-0.09829989641960338,-0.03936880744040257,-0.02035224114351137,-0.2566519034712467,-0.6497409223586699,0.27139664212117426,-0.09405273572155914
Fish\D00293_06_fill_holes_and_orientation.obj,-0.39332816343575505,-0.3242470737160921,-0.020352259477886565,-0.3579094711480976,-0.6281560691628929,0.14980518250829739,-0.0856241292559955
Fish\D00351_06_fill_holes_and_orientation.obj,-0.3839436528442567,-0.43696335884077964,-0.020351655623587345,-0.5806749291919657,-0.5796127008115589,-0.29820351390039845,-0.07643695121506865
Fish\D00398_06_fill_holes_and_orientation.obj,-0.46605554518765224,-0.37440540892278285,-0.020352295532829957,-0.22434427309287483,-0.6357977515181743,0.31674311676186834,-0.08405159144224587
Fish\D00450_06_fill_holes_and_orientation.obj,-0.45486830204564654,-0.4243002729005481,-0.02035207401154199,-0.4764878823138324,-0.6304240895583916,-0.17709210070890352,-0.08534875257055301
Fish\D00535_06_fill_holes_and_orientation.obj,-0.4710512418009092,-0.47319065281803496,-0.02035178029675718,-0.6497618136888786,-0.6156819569876643,-0.3908023191233926,-0.0773781612429931
Fish\D00633_06_fill_holes_and_orientation.obj,-0.5891658306262884,-0.41160425305670095,-0.02035246076871478,-0.3732296946946422,-0.5678988909279999,0.22376815576092565,-0.06284081878892894
Fish\D00636_06_fill_holes_and_orientation.obj,-0.4709177724095921,-0.36226926544040233,-0.020352335443737823,-0.3647806479738701,-0.6121124021606602,0.09040481151624903,-0.08004810345715552
Fish\D00643_06_fill_holes_and_orientation.obj,-0.5204689557618485,-0.39587831408021057,-0.020352362451850136,-0.5523506760202157,-0.6283493663556922,-0.18409218061472726,-0.08153328869619517
Fish\D00682_06_fill_holes_and_orientation.obj,-0.5818993628251874,-0.4638868250466035,-0.020352315065638536,-0.4964881275112063,-0.6922791912537481,-0.0744517274326732,-0.04128232978331892
Fish\D00748_06_fill_holes_and_orientation.obj,-0.5851330843195136,-0.41959072468350495,-0.02035244013919999,-0.26711943281241485,-0.6998048952933489,0.24989844380241905,-0.0713525947860483
Fish\D00763_06_fill_holes_and_orientation.obj,-0.2419008686124536,-0.2651636506295503,-0.020352062531044005,-0.43852969144355575,-0.6977043991316119,-0.13185309914762347,-0.08888281639886057
Fish\D00850_06_fill_holes_and_orientation.obj,-0.4976044845311899,-0.3729069163082691,-0.02035236621449721,-0.4248111546960863,-0.6565192105861198,-0.051527719593693656,-0.08752820033811959
Fish\D00950_06_fill_holes_and_orientation.obj,-0.5400455115506998,-0.35173041628338264,-0.02035246968932104,-0.591136504307115,-0.5717777212634781,-0.34889140058796203,-0.08319149542363106
FloorLamp\D00028_06_fill_holes_and_orientation.obj,-0.35530775014879357,-0.5184089024823728,-0.020349330901999668,-0.814622423699266,-0.06099633253454371,-1.0117889368487192,-0.10159712661667174
FloorLamp\D00093_06_fill_holes_and_orientation.obj,-0.17144828900317183,-0.5365390164228082,-0.020341771209575997,-0.8947246263310825,0.022160119807153236,-1.0745030611226951,-0.1028059620015381
FloorLamp\D00186_06_fill_holes_and_orientation.obj,0.08291212320898766,-0.4233287227438854,-0.02034691251339747,-0.7881618432714212,-0.17614991352406853,-0.9229087001734451,-0.10223339382720133
FloorLamp\D00211_06_fill_holes_and_orientation.obj,-0.18355190252985779,-0.4315786655996149,-0.02035019991932705,-0.5653666140974589,-0.587537885716277,-0.7142031448236621,-0.08699329458485906
FloorLamp\D00228_06_fill_holes_and_orientation.obj,-0.25679524649248403,-0.4259634350331403,-0.020350956318052844,-0.8145688356650961,-0.6358106379976931,-0.8934646588500239,-0.08955575862024198
FloorLamp\D00388_06_fill_holes_and_orientation.obj,0.4379890755696421,-0.028648821813496584,-0.02035089190607543,-0.6936027798657958,-0.4080034530455008,-0.7474409858503929,-0.10394794148579223
FloorLamp\D00400_06_fill_holes_and_orientation.obj,-0.14279805402407733,-0.5274821929284944,-0.020342418625761475,-0.8594934709774471,-0.6206432516028109,-1.0132613180366892,-0.09602458128063407
FloorLamp\D00408_06_fill_holes_and_orientation.obj,0.6408065648886491,0.5652976629436043,-0.020351960121492128,-0.36938921891247306,-0.5488526741976365,-0.32097347699221795,-0.10342813962771144
FloorLamp\D00447_06_fill_holes_and_orientation.obj,0.3789109545573008,0.09254794349223025,-0.020351577259561993,-0.6028425126602074,-0.24630390803022,-0.5889576005107136,-0.10285044451567091
FloorLamp\D00495_06_fill_holes_and_orientation.obj,-0.43885331873918887,-0.3366796223310138,-0.020352326019646906,-0.6034557979401506,-0.6673051939442475,-0.5457856645101602,-0.0877962553134524
FloorLamp\D00563_06_fill_holes_and_orientation.obj,0.0872256926981643,-0.3868214905858967,-0.020348415104618867,-0.7756520144057819,0.1444399239711615,-0.9372276967873535,-0.10250108801802905
FloorLamp\D00580_06_fill_holes_and_orientation.obj,-0.28847720734347526,-0.5322411420009611,-0.020346671158919402,-0.8647986863602574,-0.6237231202080602,-1.0199998801159391,-0.09544032558719853
FloorLamp\D00740_06_fill_holes_and_orientation.obj,-0.2007833384095273,-0.48929533168610573,-0.02034822356206805,-0.8450723355597514,-0.22397163902229214,-1.0107930196461505,-0.08761604266197134
FloorLamp\D00856_06_fill_holes_and_orientation.obj,-0.09613348217195018,-0.4725484416975291,-0.020347278884461188,-0.8287756189461125,-0.41179207802434165,-0.9618175373572481,-0.09473763288564174
FloorLamp\D00875_06_fill_holes_and_orientation.obj,-0.045996466726261724,0.12080523279448943,-0.02035234109684993,0.0673234884413213,-0.5870739724535599,0.3328891557258126,-0.09897883829987467
FloorLamp\D00876_06_fill_holes_and_orientation.obj,0.22256275972594358,1.7760467615670923,-0.02035257303008587,0.043071925866476374,-0.2209046568965645,0.3265876508361791,-0.10368812758810174
FloorLamp\D00888_06_fill_holes_and_orientation.obj,0.0064511815711203865,0.0658385476599084,-0.020352225998152014,-0.2301258265571946,-0.08477188724869804,-0.22327328293304527,-0.09658057947714219
FloorLamp\D00924_06_fill_holes_and_orientation.obj,0.29904385613766726,-0.47727445686638015,-0.02033409479640981,-0.768405721340821,-0.5101803491585177,-0.9043266047427863,-0.08292432658567915
FloorLamp\D00955_06_fill_holes_and_orientation.obj,-0.12762016565846404,-0.32627250878845687,-0.02035131508228067,-0.6770976653414966,-0.3793181496342779,-0.7314418267616476,-0.09018833095437086
FloorLamp\D00981_06_fill_holes_and_orientation.obj,-0.23051431715119924,-0.0471906095491282,-0.02035239858317428,-0.42697253874093505,-0.5945223576160421,-0.3203716277475003,-0.10068371756668472
FloorLamp\m617_06_fill_holes_and_orientation.obj,-0.6498236380251241,-0.4575799825041995,-0.020352487140083437,-0.5620560644309689,-0.6513775052576928,-0.5847410733617091,-0.09074943947350685
FloorLamp\m618_06_fill_holes_and_orientation.obj,-0.8203652724901654,-0.6094876129315541,-0.020352324112254988,-0.2516205824853042,-0.6874081019952388,-0.4921458505746955,0.00820639532941014
FloorLamp\m619_06_fill_holes_and_orientation.obj,-0.8169425440054505,-0.574083666544691,-0.020352575701138954,-0.06204398027060027,-0.6980781070376887,0.25531508700487815,-0.09036521188753859
FloorLamp\m620_06_fill_holes_and_orientation.obj,-0.7737768408948298,-0.6293138229081975,-0.020334388363750205,-0.7401469646552785,-0.6909003379451214,-0.9675601822339293,0.06692258133896865
FloorLamp\m621_06_fill_holes_and_orientation.obj,-0.8235949630297202,-0.6095205468351699,-0.020352355052761298,-0.6196572469374875,-0.6533362501447115,-0.6638233476304184,0.08627921675157496
Glasses\D00050_06_fill_holes_and_orientation.obj,-0.6825025883562219,-0.5834039612679304,-0.020351451614388814,-0.8828102200673298,0.9791874078295336,-1.0716693542621494,-0.09344939959144712
Glasses\D00201_06_fill_holes_and_orientation.obj,-0.6419202793701545,-0.6178034235945151,-0.02033603019900126,-0.9453653186215458,1.6749928695047076,-1.1555341805647759,-0.08843971447826086
Glasses\D00225_06_fill_holes_and_orientation.obj,-0.571806747845527,-0.5508323305920163,-0.020351185699406846,-0.8358611479085644,1.496424922797922,-1.010517172075655,-0.004463181565741686
Glasses\D00432_06_fill_holes_and_orientation.obj,-0.6550387977314863,-0.6104591630882169,-0.020345474553373752,-0.9087646912835707,0.7919339739263573,-1.1063294223731237,-0.09806495215985131
Glasses\D00475_06_fill_holes_and_orientation.obj,-0.7305582874883184,-0.6249665476309268,-0.02033835392077087,-0.9525282525222427,-0.5035695851648266,-1.1603597218304589,-0.10210887649249775
Glasses\D00507_06_fill_holes_and_orientation.obj,-0.6825052756594028,-0.5834039612679304,-0.020351451614896134,-0.8827923573892734,0.979110088952415,-1.07167293669813,-0.09325883416529727
Glasses\D00560_06_fill_holes_and_orientation.obj,-0.7589500934781849,-0.6015011413047501,-0.020351802506921302,-0.909699504768533,-0.6108753001267547,-1.0985734484754226,-0.07099142813422375
Glasses\D00575_06_fill_holes_and_orientation.obj,-0.7190512552677879,-0.6121552591244248,-0.02034912053274026,-0.9093482054334198,1.4652138694008072,-1.128974000205627,-0.0671437958905512
Glasses\D00630_06_fill_holes_and_orientation.obj,-0.530489013555625,-0.5610747746164948,-0.020349992507541218,-0.900976563650893,2.7336687079797937,-1.0994260682387726,-0.09928345910127488
Glasses\D00640_06_fill_holes_and_orientation.obj,-0.7798707487413399,-0.6228752447513307,-0.020348745078318502,-0.9350883245129814,0.9067653929278863,-1.1444608709491664,-0.056703242193456634
Glasses\D00656_06_fill_holes_and_orientation.obj,-0.5815253797991814,-0.5536152454475418,-0.020351213656566322,-0.8230178823858683,-0.5707854623404499,-0.969749050617992,-0.0919142567751713
Glasses\D00660_06_fill_holes_and_orientation.obj,-0.7420061990388696,-0.603921783220503,-0.020351315468760046,-0.9063591839719486,3.444860626201687,-1.1242917563791626,-0.0629903639662842
Glasses\D00717_06_fill_holes_and_orientation.obj,-0.24759929500751082,-0.5288654168803533,-0.020345871901012197,-0.8652631159897292,3.5743053129787437,-1.0675280582687348,-0.09677024056844706
Glasses\D00730_06_fill_holes_and_orientation.obj,-0.7951409011828301,-0.6219201615464759,-0.020350291878277166,-0.9363029866208303,0.5241658159830597,-1.1391946900578864,-0.08349478464537768
Glasses\D00813_06_fill_holes_and_orientation.obj,-0.7679489760632269,-0.6109202377388365,-0.020351304206009155,-0.9332246517690761,2.5310803634479764,-1.1476599862797194,-0.08986900501961231
Glasses\D00816_06_fill_holes_and_orientation.obj,-0.7648558901020333,-0.6205204706428092,-0.020348830804730128,-0.9349156519584343,1.814540556225338,-1.1322125223319652,-0.03822103211563065
Glasses\D00877_06_fill_holes_and_orientation.obj,-0.6449708163643173,-0.5956718403647736,-0.020349454980689415,-0.9163265583275318,2.4134010324725597,-1.1287877135346431,-0.07206860565772351
Glasses\D00883_06_fill_holes_and_orientation.obj,-0.7592515193183069,-0.6141477602931739,-0.02035053784464425,-0.9221021575658328,1.950608893475605,-1.1094389768041653,-0.07878655476603721
Glasses\D00994_06_fill_holes_and_orientation.obj,-0.7379640471709616,-0.6282105371370721,-0.020326463887429244,-0.9492117486297339,0.4882640840407131,-1.1525428465210896,-0.07883255241685251
Guitar\D00023_06_fill_holes_and_orientation.obj,-0.6201083352186739,-0.5141274950123335,-0.020352190436234704,0.05559366318415347,-0.6398054466488521,0.569430238643789,0.319844613592231
Guitar\D00041_06_fill_holes_and_orientation.obj,-0.7588461844218575,-0.6019786829071776,-0.020351776987184836,0.17658353588752934,-0.6875627397494759,0.09908505389690965,0.7404788207618939
Guitar\D00076_06_fill_holes_and_orientation.obj,-0.7649687568356304,-0.6143618306666758,-0.020350721822993467,-0.6205861061964306,-0.5580793935338628,-0.7131319964655038,0.1084654794991575
Guitar\D00097_06_fill_holes_and_orientation.obj,-0.6922351047096444,-0.4688104436371487,-0.020352536566438633,1.1614899243463632,-0.5730277097769053,1.0344268464718378,1.032473814124021
Guitar\D00124_06_fill_holes_and_orientation.obj,-0.7232819662422209,-0.5562993585922202,-0.020352351125167315,0.5639416637709358,-0.6622021480543797,0.6266309939438335,1.2094768190455083
Guitar\D00222_06_fill_holes_and_orientation.obj,-0.698554298139485,-0.46005002527537603,-0.020352554176928408,0.6561488078991089,-0.6998306682523894,1.1388584377382995,-0.018609167775085905
Guitar\D00232_06_fill_holes_and_orientation.obj,-0.5958679647594045,-0.5689953784360674,-0.020350747321803035,-0.3622143765597384,-0.6930266070658989,-0.44480395909288384,0.20250723470915188
Guitar\D00335_06_fill_holes_and_orientation.obj,-0.4936581798100667,-0.6340563050288563,-0.012185948054307207,-0.9520459602147144,-0.6971502805122574,-1.1594748601432847,-0.01752979627037435
Guitar\D00374_06_fill_holes_and_orientation.obj,-0.7515537393566747,-0.5836015646896244,-0.020352225120997783,-0.23684814773249538,-0.6583362041984203,-0.1570197119103722,0.14201609178983626
Guitar\D00414_06_fill_holes_and_orientation.obj,-0.6359777562695006,-0.4703912710107016,-0.020352433553957855,0.2859507594020769,-0.6859648162890124,0.5883813249804355,-0.045992848587162
Guitar\D00416_06_fill_holes_and_orientation.obj,-0.5383296684697075,-0.47519962093859186,-0.020352101881345067,0.41995061595667693,-0.6905781759571255,0.9011100738949074,0.07998133948628677
Guitar\D00461_06_fill_holes_and_orientation.obj,-0.7202574065121398,-0.5842931766655539,-0.020351918213328622,-0.04536023896573516,-0.5793936306597192,0.008707358981802398,0.802241887300431
Guitar\D00464_06_fill_holes_and_orientation.obj,-0.3817118475525354,-0.42721492337053646,-0.020351734048100714,0.22348497423814404,-0.6598052628636843,0.19107842743920558,-0.01040626366521279
Guitar\D00494_06_fill_holes_and_orientation.obj,-0.7274347454244082,-0.5485104903871103,-0.020352415501876314,0.45281794358082234,-0.7020084832912479,0.6042300217580016,0.20118573328585734
Guitar\D00534_06_fill_holes_and_orientation.obj,-0.5313758236053157,-0.5971209321238639,-0.020342779496367272,-0.5422225375621231,-0.6756814056321611,-0.7350887465897582,-0.0032475450764769434
Guitar\D00549_06_fill_holes_and_orientation.obj,-0.6735816375634256,-0.5796000954003185,-0.02035148336507352,0.20897452543016537,-0.6624598776447788,0.3362208211876429,0.47899552648595367
Guitar\D00645_06_fill_holes_and_orientation.obj,-0.6153925660200921,-0.5135017508436354,-0.020352173351307706,0.32533796451688146,-0.6477692909921294,0.8122835737593402,0.26298156317166504
Guitar\D00655_06_fill_holes_and_orientation.obj,-0.7947543774086469,-0.6111672420159542,-0.02035189687042602,-0.18012223645075026,-0.5175127560053221,-0.23141974235261692,3.6984212529306713
Guitar\D00844_06_fill_holes_and_orientation.obj,-0.2953325177579016,-0.2117283920130987,-0.020352295485512723,1.1611207623331934,-0.6892508685665797,1.2897470587993987,-0.06843210751296074
Guitar\D00849_06_fill_holes_and_orientation.obj,-0.556385658542044,-0.5308085171936787,-0.020351553345333482,-0.08223476070057803,-0.6813385701413804,0.25741439448942927,0.10544615309556009
Gun\D00103_06_fill_holes_and_orientation.obj,-0.25670880490683246,-0.20505927653092212,-0.02035223976698957,1.1022394212326185,0.04063933143864049,0.9632904152077948,-0.05637927432297155
Gun\D00137_06_fill_holes_and_orientation.obj,-0.3356304204906593,-0.42955323052725014,-0.020351451724740413,0.5261620996812252,-0.43512949243481935,0.6124230528453192,-0.057462420614686906
Gun\D00140_06_fill_holes_and_orientation.obj,-0.46889199369507173,-0.4751502200831683,-0.02035174636829914,0.15402892772806134,-0.2677985558693568,0.2901542769148759,-0.08265484271381963
Gun\D00153_06_fill_holes_and_orientation.obj,-0.6889646567385127,-0.45950661586571717,-0.020352542963045978,0.1819125681744151,-0.6663515944597787,0.574682089791147,0.10691493529872405
Gun\D00161_06_fill_holes_and_orientation.obj,-0.3707292873361401,-0.15364945298683527,-0.020352458956152453,0.1477412650521379,2.990315834097446,0.6733172996412202,-0.09295404721313814
Gun\D00204_06_fill_holes_and_orientation.obj,0.3548613826238736,-0.2923505880642996,-0.02034812338989947,0.2903330697519629,-0.08566105433556719,0.3327637704664964,-0.0627121484764465
Gun\D00207_06_fill_holes_and_orientation.obj,0.10860856410843099,-0.4740469343120428,-0.020341967041653745,-0.2729426658588667,-0.4066890321344738,-0.10276371898626813,-0.05326355357860266
Gun\D00209_06_fill_holes_and_orientation.obj,-0.18020486641807112,-0.09089389964714432,-0.0203522919391981,0.7136725854673821,-0.1607505704978277,1.1172061946723841,-0.07576287442136206
Gun\D00239_06_fill_holes_and_orientation.obj,-0.7613829986246088,-0.5955071708466952,-0.020352061569177286,-0.23912266207170252,-0.6965188430157844,-0.21097836264809808,0.3040988400534805
Gun\D00244_06_fill_holes_and_orientation.obj,0.07219112716886468,0.021772984622119594,-0.0203520607508135,0.4694659595295742,1.0870214684517727,1.012373370576111,-0.09628510408822928
Gun\D00282_06_fill_holes_and_orientation.obj,-0.5672992446434634,-0.5290465533502394,-0.020351682352196258,-0.3488947729555331,-0.6997662358547896,-0.19885539929021306,-0.033233801090721035
Gun\D00368_06_fill_holes_and_orientation.obj,-0.33216693457436774,-0.27557076417210724,-0.020352242967254224,0.7314876297158318,-0.6957456542445931,0.9555129466942106,-0.09005757663665513
Gun\D00425_06_fill_holes_and_orientation.obj,-0.2848551705395118,-0.4710005482275918,-0.020350244516426627,0.1477591277301945,-0.4346655791721023,0.14853341773523324,-0.047604873315559626
Gun\D00477_06_fill_holes_and_orientation.obj,-0.7565467486667506,-0.5991134332926128,-0.020351874022757274,0.15995338261683392,-0.6316225321537379,0.14771662233168778,0.427452182670833
Gun\D00606_06_fill_holes_and_orientation.obj,-0.2549141342658677,-0.32097015030633125,-0.02035188543417209,0.2001563166962234,-0.34244993172794075,0.4316067616034367,-0.09078364437640943
Gun\D00802_06_fill_holes_and_orientation.obj,-0.6606440642829396,-0.5228714464222982,-0.02035230517220942,0.09283734693216596,-0.5083891285052577,0.4265161200751995,-0.05577523165653707
Gun\D00819_06_fill_holes_and_orientation.obj,-0.2918103590554941,-0.36299381131994746,-0.02035179459286484,0.5554330747899748,-0.6987610904522398,0.6107751322943065,-0.08513934881311824
Gun\D00826_06_fill_holes_and_orientation.obj,-0.668340052709118,-0.5337396346154748,-0.020352266290114846,-0.08693859925548297,-0.6926915585983843,-0.08797900569489951,0.09730638785646395
Gun\D00929_06_fill_holes_and_orientation.obj,-0.41252894466314655,-0.3106124376191979,-0.020352327745555277,0.8346267328146447,-0.6550372654413341,1.295056228922444,-0.06129352718739985
Gun\D00972_06_fill_holes_and_orientation.obj,-0.4575063380015442,-0.4741457360228899,-0.020351688123777065,-0.3178553927191798,-0.6887225229062658,-0.03995645137680002,-0.08895328647407633
Gun\m648_06_fill_holes_and_orientation.obj,-0.6648864202378231,-0.507771251614506,-0.020352392188088896,-0.1145483453049689,-0.614651038626074,0.04272617105227409,-0.08296795540138874
Gun\m649_06_fill_holes_and_orientation.obj,-0.17004103790411737,-0.3465268595121041,-0.020351355385892323,0.352786946463858,-0.27412581731361135,0.7602522735791033,-0.06210318853874214
Gun\m650_06_fill_holes_and_orientation.obj,0.059192193799081985,-0.36898778177800245,-0.020349261875255178,-0.12511709648845767,0.5219364550261231,0.16191381612226055,-0.08100794531470741
Gun\m651_06_fill_holes_and_orientation.obj,-0.5000911357412313,-0.25169368405073445,-0.020352513427988397,0.0662695904359818,-0.6409265703670827,0.21333251974983847,-0.07310204755431152
Gun\m652_06_fill_holes_and_orientation.obj,0.312402888133688,-0.31448217129404105,-0.02034798020452944,0.3116849242556197,-0.5440589038162458,0.38961344704045553,-0.06791214425128557
Gun\m653_06_fill_holes_and_orientation.obj,-0.5716101268294592,-0.509236810325404,-0.02035198369897802,-0.11167840836387498,-0.6831169043151245,0.22454912680466646,-0.018043901531006528
Gun\m654_06_fill_holes_and_orientation.obj,-0.37397868476568813,-0.25256643249655014,-0.020352359180453528,2.1119630237380895,-0.4310702513860607,2.2692137153456833,0.02534029911936356
Gun\m655_06_fill_holes_and_orientation.obj,-0.6887765455158511,-0.4592925454922152,-0.020352542962899633,0.041142756636363374,-0.6609521595409525,0.5746785073551666,0.020082441738328332
Gun\m656_06_fill_holes_and_orientation.obj,-0.0002943972967533617,-0.4670484797937094,-0.020345645707415493,-0.24660712417741829,-0.3961350054077047,-0.059093824384430414,-0.053772506583320195
Gun\m657_06_fill_holes_and_orientation.obj,-0.2806119188169014,0.14273921260253675,-0.02035252952055101,0.5356888613114122,-0.05490102772164771,0.7723788193729687,-0.07750523096983129
Gun\m658_06_fill_holes_and_orientation.obj,0.073309941059838,0.025774453911425525,-0.020352065774616127,0.8198245269317416,1.0953203612625677,1.0219492219518873,-0.09775635006978979
Gun\m659_06_fill_holes_and_orientation.obj,-0.7502150144887326,-0.5616017170743458,-0.020352429491943897,-0.26488659805533976,-0.6866606861830852,-0.01947924731247651,-0.025877821200250964
Gun\m660_06_fill_holes_and_orientation.obj,-0.7455319408121848,-0.6077421160399228,-0.02035103143290606,-0.761820347363954,-0.6769056211865477,-0.7941559510356235,-0.037931632306135506
Gun\m661_06_fill_holes_and_orientation.obj,-0.2799526337698587,-0.22824474467636555,-0.020352238668985796,0.9978142053137304,-0.26403570384955644,1.464068393608703,-0.0852222271852488
Gun\m662_06_fill_holes_and_orientation.obj,-0.03616675957446419,0.1101017141193912,-0.020352321963779313,1.8035519786388399,1.5834602054750972,1.869600146597055,-0.04204236506774876
Gun\m663_06_fill_holes_and_orientation.obj,-0.24875886633006075,-0.2096700230371183,-0.02035221611271317,1.5631262862230126,-0.2930431692487752,1.591990017599057,-0.013774877732566195
Gun\m664_06_fill_holes_and_orientation.obj,-0.3314153854514481,-0.27486268524437,-0.020352242967527395,0.6996087036108185,-0.6874467614337981,0.9555129466942106,-0.09005668733449788
Gun\m665_06_fill_holes_and_orientation.obj,-0.5188247740990132,-0.24653952813487945,-0.020352532549312633,0.37748507599011805,0.23653959309964523,0.5148948157132087,-0.08455072493711135
Gun\m666_06_fill_holes_and_orientation.obj,-0.09875718584421651,-0.3060016911130017,-0.02035133976494109,0.10190563315890042,-0.23690966446023784,0.3905233857794929,-0.08613673203905059
Gun\m667_06_fill_holes_and_orientation.obj,-0.7195819976460117,-0.577442924713491,-0.02035207209968176,-0.340261145228176,-0.6191999658965873,-0.20469476993836697,-0.024984645356729698
Gun\m668_06_fill_holes_and_orientation.obj,-0.6452511916628559,-0.5990146315817658,-0.02034885657444794,-0.2610639849512272,-0.6950111249119582,-0.32392182180413853,0.04973525691524676
Gun\m669_06_fill_holes_and_orientation.obj,-0.8172157531621733,-0.6191866475463739,-0.020351759818530723,-0.3302937708725928,-0.6852302869563803,0.006776425988333081,-0.0021997928523815676
Gun\m670_06_fill_holes_and_orientation.obj,-0.7728707718390097,-0.599525107087809,-0.020352075347439262,-0.1836828636100326,-0.6208752082341694,-0.10568340431034508,0.2455002729573541
Gun\m671_06_fill_holes_and_orientation.obj,-0.8008962088285494,-0.6065070946543346,-0.020352192219674978,-0.07928741882123894,-0.6528465639229568,-0.01631953877770863,0.4528922580144917
Gun\m672_06_fill_holes_and_orientation.obj,-0.7895177192768376,-0.5846389826535185,-0.020352444950465304,0.664830069434617,-0.6424471749504248,0.555587706015282,0.11771816366357887
Gun\m674_06_fill_holes_and_orientation.obj,-0.7786059247108721,-0.5797318310147813,-0.020352431295501315,0.4868403910526279,-0.6545733521786199,0.5503609319197873,0.04865742190945814
Gun\m675_06_fill_holes_and_orientation.obj,-0.8019048432891065,-0.5859234048945304,-0.02035248981849264,-0.10624815423466838,-0.6038908282269867,0.10156409959538977,0.6867004193113909
Gun\m676_06_fill_holes_and_orientation.obj,-0.7439880851347689,-0.5522814223511064,-0.020352454179072624,-0.3694308984946051,-0.694804941239643,-0.020539648362693272,-0.07692199037841335
Gun\m677_06_fill_holes_and_orientation.obj,-0.8128672487316452,-0.6177210888354758,-0.02035179287376625,0.8519713932076041,-0.6986837715751212,0.7781178818136695,0.11829768880754976
Gun\m678_06_fill_holes_and_orientation.obj,-0.8182190130163688,-0.6067046980760287,-0.020352363784957153,-0.10113942831048058,-0.6763386160876745,0.2101513165991878,0.43535029270780023
Gun\m679_06_fill_holes_and_orientation.obj,-0.7561163322739463,-0.5990640324371894,-0.020351869171189384,0.16117995317672057,-0.6318544887850963,0.14900271684867378,0.42887973416757447
Gun\m680_06_fill_holes_and_orientation.obj,-0.8592303947436503,-0.6294949593780838,-0.02035147965074856,-0.14121732364347372,-0.6990445930016764,0.02351714932503417,0.6368192263262453
Gun\m681_06_fill_holes_and_orientation.obj,-0.7767848289219621,-0.598784094256456,-0.020352141326329377,0.012342165383104198,-0.6666866429272933,0.12837146803719035,0.07359605505389637
Gun\m682_06_fill_holes_and_orientation.obj,-0.7170487665141684,-0.5888380553645186,-0.020351727316350755,-0.03764951627130256,-0.6447151953459206,0.08416062560230296,0.1337242036630394
Gun\m683_06_fill_holes_and_orientation.obj,-0.8085362117717927,-0.6062106895217934,-0.02035228398701468,-0.08034727105259731,-0.6897792142268937,0.3207017085202794,0.04645708424433103
Gun\m684_06_fill_holes_and_orientation.obj,-0.6753055425539604,-0.5978125440997932,-0.020350155069836364,-0.8828221285193676,-0.6848308060912659,-0.9699138426730932,-0.03246794261778816
Gun\m685_06_fill_holes_and_orientation.obj,-0.5841710297807584,-0.3631090799826024,-0.02035251285281569,0.7760073776588999,-0.6510424567901751,1.0145299970363495,-0.07634709371986945
Gun\m686_06_fill_holes_and_orientation.obj,-0.6588189375392582,-0.603081968678303,-0.020348539143006036,-0.37511123011660413,-0.7005007651874217,-0.19305901787382473,-0.03446353903225337
Hand\D01006_06_fill_holes_and_orientation.obj,-0.24176381615022874,0.5332365077737333,-0.020352580854093243,0.5423814113566188,-0.6066871942827965,1.1109405141425552,-0.10154583666858787
Hand\D01020_06_fill_holes_and_orientation.obj,-0.5023838532383859,-0.23349770230306757,-0.02035252640393542,0.08954465994373256,-0.5878729341837917,0.24067725358870856,-0.09908502445870505
Hand\D01022_06_fill_holes_and_orientation.obj,-0.3685494365725825,0.03499594692381787,-0.020352544769998527,0.20828978943799567,-0.6973306912255349,0.35304752298787495,-0.09845537637793313
Hand\D01024_06_fill_holes_and_orientation.obj,-0.02596351728052426,0.6765319224055859,-0.020352532837518502,0.497355554201947,-0.012697807294084209,1.002768859712491,-0.09064541643931875
Hand\D01041_06_fill_holes_and_orientation.obj,-0.2973659104981012,0.0052730989106606506,-0.020352490079576464,0.13039660465917854,-0.5801668194309133,0.5549321202308574,-0.09745511478790105
Hand\D01060_06_fill_holes_and_orientation.obj,-0.2801953868238649,0.022579865260703925,-0.020352485689502844,0.08306646203520548,-0.5611979215776685,0.6595499981683032,-0.09432355592023682
Hand\D01074_06_fill_holes_and_orientation.obj,-0.30953805025589964,0.27236705723387933,-0.020352568991213457,0.2434911736615369,-0.37331305017801925,0.7125987101669913,-0.09813356846731398
Hand\D01093_06_fill_holes_and_orientation.obj,-0.5076863502981267,-0.2556786863882325,-0.020352517700461613,-0.18369477206207036,-0.658297544759861,-0.06395877244589855,-0.09625876523697033
Hand\D01097_06_fill_holes_and_orientation.obj,-0.27802897257621173,0.3623754158155509,-0.02035257150031476,0.37134626896466627,-0.6824725803391298,0.518265887970824,-0.096504431793136
Hand\D01106_06_fill_holes_and_orientation.obj,-0.7918032706321765,-0.5544550599897418,-0.020352566459653536,0.596862579429251,-0.698902841726958,0.6862928827624554,-0.006429105828246404
Hand\D01117_06_fill_holes_and_orientation.obj,-0.32519830954248097,0.32222898730802896,-0.02035258081395652,0.5319317446935072,-0.04975932239322062,0.6187854591466205,-0.09395629707391862
Hand\D01118_06_fill_holes_and_orientation.obj,-0.48442415819669776,-0.11149405635875635,-0.020352563589731483,0.09109275870863802,-0.4781445610721306,0.2770174841745199,-0.09504948678341352
Hand\D01153_06_fill_holes_and_orientation.obj,-0.6293065261229646,-0.32120068763164106,-0.020352577937058827,0.33509694096180437,-0.6888256147424248,0.5331222499818019,-0.08944594483650856
Hand\D01162_06_fill_holes_and_orientation.obj,0.09234052641910703,2.6839521494925336,-0.020352614682141182,1.047013974907628,-0.5206957164467305,1.6406144211618738,-0.1024789250891776
Hand\D01170_06_fill_holes_and_orientation.obj,-0.5407468976809097,-0.25014579058079717,-0.020352547581471602,0.05955322348669997,-0.4000396087022234,0.39069176027057473,-0.09125869313197862
Hand\D01172_06_fill_holes_and_orientation.obj,-0.5386611025286829,-0.08267689069503051,-0.020352593705834962,0.8426053956799264,-0.6241870334707744,1.371526907361396,-0.0898639223887776
Hand\D01193_06_fill_holes_and_orientation.obj,-0.17664015874863306,0.6779810141646759,-0.020352578255723338,0.86964949025762,-0.5662494215494553,1.2524252407549405,-0.100334344453967
Hand\D01197_06_fill_holes_and_orientation.obj,-0.506184595703878,-0.24517277113482847,-0.020352522846079295,-0.433194704930651,-0.5849734762918228,-0.12183660814625033,-0.1000430655585079
Hand\D01198_06_fill_holes_and_orientation.obj,-0.7374771974113588,-0.490744423445196,-0.020352570417452504,0.40107571947686876,-0.669122187556548,0.5001029375498791,-0.047866340017704304
Hand\D01200_06_fill_holes_and_orientation.obj,-0.5087191704873117,-0.24607845348425983,-0.020352524465138515,-0.2029447847810672,-0.5004123976824616,-0.13177428555605322,-0.10020298724635462
Hand\m323_06_fill_holes_and_orientation.obj,-0.5386682686704984,-0.08270982459864623,-0.0203525937028691,0.8429269238849452,-0.6244705360202111,1.3715842263370834,-0.08985333700304635
Hand\m324_06_fill_holes_and_orientation.obj,-0.6293119007293263,-0.32120068763164106,-0.020352577940268596,0.33523388816023847,-0.6888127282629032,0.5330900080579776,-0.08950805436377438
Hand\m325_06_fill_holes_and_orientation.obj,-0.29550584881306835,0.008171282428841003,-0.02035249007295205,0.11563012413238868,-0.5605535976016767,0.5548855485631115,-0.09736671625460397
Hand\m326_06_fill_holes_and_orientation.obj,-0.28069119426073735,0.021805918525735313,-0.02035248568739552,0.08363806773301662,-0.5663009674675363,0.6595428332963421,-0.09406477690441616
Hand\m327_06_fill_holes_and_orientation.obj,-0.17382207347961634,0.6855064111408605,-0.020352578255606265,0.7832774876279366,-0.5413914025556354,1.2524216583189598,-0.10039285404812291
Hand\m328_06_fill_holes_and_orientation.obj,-0.33185879047629346,0.30602550672911105,-0.020352580813946763,0.5260132440307536,-0.12653696737258208,0.6187854591466205,-0.09402846030448714
Hand\m329_06_fill_holes_and_orientation.obj,-0.2790143170758679,0.3600535756106451,-0.020352571500324518,0.3751510193907222,-0.6924724884465445,0.518265887970824,-0.09649841317969271
Hand\m330_06_fill_holes_and_orientation.obj,-0.36864170064845936,0.035012413875625724,-0.02035254482450603,0.23781679626555668,-0.6987095445341617,0.3535920532569054,-0.09825525965672778
Hand\m331_06_fill_holes_and_orientation.obj,-0.30418986904208384,0.28443733290902845,-0.02035256899123297,0.20644993359816577,-0.3149888438711074,0.7125987101669913,-0.09754243650604152
Hand\m332_06_fill_holes_and_orientation.obj,0.0875638450150919,2.6603550075518947,-0.020352614682131426,1.0448883162188924,-0.5517263591305678,1.6406144211618738,-0.10233683296015095
Hand\m333_06_fill_holes_and_orientation.obj,-0.20527247837318832,1.2069818409916426,-0.020352611458364252,0.7557630091947523,-0.45935607393216626,1.3118005346951254,-0.10093834281353244
Hand\m334_06_fill_holes_and_orientation.obj,-0.009356431506545922,0.713516696166002,-0.020352532837655087,0.5362485585571856,0.11364123791868275,1.002768859712491,-0.08947313975977299
Hand\m335_06_fill_holes_and_orientation.obj,-0.24176381615022874,0.5332365077737333,-0.02035258085407373,0.5423814113566188,-0.6066871942827965,1.1109369317065751,-0.10154583587739378
Hand\m336_06_fill_holes_and_orientation.obj,-0.4862004655992597,-0.11473804586490154,-0.020352563589750995,0.0723369467492073,-0.5052706004614492,0.2770174841745199,-0.09502774318742978
Hand\m337_06_fill_holes_and_orientation.obj,-0.7374771974113588,-0.490744423445196,-0.020352570417491528,0.40107571947686876,-0.669122187556548,0.5001029375498791,-0.047866306787552514
Hand\m338_06_fill_holes_and_orientation.obj,-0.539882481824393,-0.24881196748436188,-0.020352547581510626,0.051068451409814544,-0.38476913047118205,0.39069176027057473,-0.09093932447273921
Hand\m339_06_fill_holes_and_orientation.obj,-0.7918032706321765,-0.5544550599897418,-0.020352566459682808,0.5968506709772132,-0.698902841726958,0.6862964651984359,-0.006429107410634591
Hat\m1627_06_fill_holes_and_orientation.obj,-0.06859220763883236,0.39399196328661007,-0.02035249032623097,0.14957516666594892,-0.2369869833373564,0.47204529895089703,-0.09468638407965055
Hat\m1628_06_fill_holes_and_orientation.obj,1.3434588627805304,-0.3028071024622801,-0.02032559026094456,-0.7175328142356219,-0.662034623820621,-0.8721348350223505,-0.10213064698908055
Hat\m1629_06_fill_holes_and_orientation.obj,0.22234374451670183,-0.5347605856275611,-0.02031504897414938,-0.8084062117355689,-0.6904235382028884,-0.9853541417488864,-0.10102894403117631
Hat\m1630_06_fill_holes_and_orientation.obj,-0.020699986116906235,0.3463201378029037,-0.020352446225094075,-0.12658183608909893,-0.6277437018182567,0.3367116149169662,-0.1030394014442356
Hat\m1631_06_fill_holes_and_orientation.obj,0.29871152631096515,0.369933746695351,-0.02035217942404077,-0.12880276239413618,-0.5234147636254217,0.2675956775459037,-0.10018796326177799
Hat\m1632_06_fill_holes_and_orientation.obj,0.5161739221980441,-0.569868126881883,-0.02017628223150682,-0.9295628027674728,0.009531369877684635,-1.1278777747956057,-0.1015591121142254
Hat\m1633_06_fill_holes_and_orientation.obj,0.17689652100551345,0.7242037478892922,-0.020352455932795725,0.05930314599390747,0.859974585791253,0.6166539097382454,-0.10212334031165861
Hat\m1634_06_fill_holes_and_orientation.obj,1.529511611205614,3.7938411682929813,-0.02035244514890501,1.399129038985361,-0.358145663783137,1.8943798562739138,-0.09952282617009528
Hat\m1635_06_fill_holes_and_orientation.obj,0.5620941110690676,0.6489991789828717,-0.02035213126758262,-0.39735621852309094,0.18938796453645676,-0.35878250633001896,-0.10399611492035528
Hat\m1636_06_fill_holes_and_orientation.obj,0.26992110368260147,-0.3020331557273115,-0.020348754825464187,-0.765404791427312,-0.1375420208825495,-0.8634904170014944,-0.10414282524928577
Hat\m1637_06_fill_holes_and_orientation.obj,0.39974695977025804,-0.45891380560063477,-0.02033372166929361,-0.8773501948080289,-0.5733369852853825,-1.0219881320850956,-0.10335882548706132
Hat\m1638_06_fill_holes_and_orientation.obj,0.15690701629453357,0.13669584128905823,-0.020352102539835135,-0.24886377583856878,-0.7021244616069257,-0.249554033285718,-0.10389816983916722
Hat\m1639_06_fill_holes_and_orientation.obj,0.29541823626279595,-0.17466128349364338,-0.020350470506168974,-0.7059458904029069,0.00828138136425744,-0.7758282085595776,-0.10382012487173299
Hat\m1640_06_fill_holes_and_orientation.obj,0.6141037289479662,-0.4880273763969018,-0.020309970809861928,-0.8660312111461629,-0.455747859666603,-1.0666503614535214,-0.10320927556254152
Hat\m1641_06_fill_holes_and_orientation.obj,0.15852477280942362,-0.43581067221423064,-0.02034458864562736,-0.8013802250333059,-0.6903848787643262,-0.940577274429086,-0.09927652824104573
Helicopter\D00038_06_fill_holes_and_orientation.obj,-0.5831861331649657,-0.6172600141848562,-0.02032455210932872,-0.8290971471511314,-0.5772158156208635,-0.9587939613897377,-0.07318632475759335
Helicopter\D00191_06_fill_holes_and_orientation.obj,-0.5995773389167466,-0.5041320552649725,-0.02035217009017455,-0.8325982320502251,-0.33851955547438156,-0.8865039857399853,-0.09880389262745129
Helicopter\D00361_06_fill_holes_and_orientation.obj,-0.5170489145803145,-0.5621615934358125,-0.0203496168492651,-0.8639889116216916,-0.48113422432073966,-0.9361601308651758,-0.09531672049928083
Helicopter\D00397_06_fill_holes_and_orientation.obj,-0.5417040254971667,-0.5528906995679966,-0.020350672818103138,-0.8603211083940696,-0.5510176027569762,-0.8832117270739404,-0.09407667725472514
Helicopter\D00423_06_fill_holes_and_orientation.obj,-0.708205299629754,-0.538037509037322,-0.020352400028857298,-0.8453879095387513,0.004918010209571508,-0.895796824673305,-0.09038968905910356
Helicopter\D00470_06_fill_holes_and_orientation.obj,-0.7339949003728011,-0.5472590020497142,-0.02035244390603245,-0.815783497772945,-0.6702561977542973,-0.90853954945581,-0.08718399055803376
Helicopter\D00471_06_fill_holes_and_orientation.obj,-0.39173727995267377,-0.5480823496401064,-0.020347792559816405,-0.5954949977529255,-0.4742141848185714,-0.6470611296778344,-0.08395845602993143
Helicopter\D00473_06_fill_holes_and_orientation.obj,-0.5765762631077265,-0.5709055448457773,-0.02035024666510718,-0.9057220817879299,-0.36139305662214505,-1.0470150298446066,-0.09991345214267007
Helicopter\D00498_06_fill_holes_and_orientation.obj,-0.6115425563296173,-0.6242255347995739,-0.02029685426413043,-0.9362255816825851,-0.6898951925425716,-1.1360779707548843,-0.09820401005954249
Helicopter\D00500_06_fill_holes_and_orientation.obj,-0.6524621218648853,-0.5328010183624279,-0.020352197551644517,-0.7975397492511367,-0.5303476896071088,-0.828303730801392,-0.09088624484362355
Helicopter\D00502_06_fill_holes_and_orientation.obj,-0.7395146211063298,-0.5696375895565733,-0.020352320358300625,-0.852604431473618,-0.6601531978107207,-0.9108394733552669,-0.0902723280749448
Helicopter\D00644_06_fill_holes_and_orientation.obj,-0.6164428536799529,-0.555788883086177,-0.020351560635865847,-0.8153905188556997,-0.49297689899949815,-0.9368157166496004,-0.09488487647938895
Helicopter\D00658_06_fill_holes_and_orientation.obj,-0.6964814916192991,-0.5837333003040872,-0.02035164114518638,-0.8909615554871587,-0.4565725943558752,-1.0078661694501125,-0.09341526589601264
Helicopter\D00751_06_fill_holes_and_orientation.obj,-0.45373022914854366,-0.5315824639286474,-0.020350290641102182,-0.7834282335864221,-0.08773577753826664,-0.8901294109522134,-0.0671265818807332
Helicopter\D00796_06_fill_holes_and_orientation.obj,-0.6644604826836535,-0.4362552799130424,-0.020352536849454237,-0.8201658081228309,0.10605110148148221,-0.7640133346960124,-0.09560156461320526
Helicopter\D00820_06_fill_holes_and_orientation.obj,-0.5924953992673994,-0.5381033768445533,-0.020351727722713125,-0.8649356335586915,-0.29346842307293014,-0.9659409211707602,-0.09654222080526666
Helicopter\D00868_06_fill_holes_and_orientation.obj,-0.6571210098128052,-0.5578472520621575,-0.020351907919283495,-0.7565270404331814,-0.562589661365814,-0.9176532665901066,-0.08113812522551372
Helicopter\D00977_06_fill_holes_and_orientation.obj,-0.5577875350347367,-0.6003813885818168,-0.020343140570944496,-0.9197026044802293,-0.5544582927887779,-1.0513784368688097,-0.09293376969980334
Helicopter\D00986_06_fill_holes_and_orientation.obj,-0.5999880484195579,-0.5167292733979727,-0.020352067775588855,-0.6366922875774658,-0.5608886460691914,-0.7646796677883784,-0.055818750496268145
Helicopter\D00991_06_fill_holes_and_orientation.obj,-0.7386945457522976,-0.5919832431598168,-0.020351899932543858,-0.880702424056651,-0.2070259184536687,-0.9772936607928459,-0.08532646938019985
Helicopter\m1302_06_fill_holes_and_orientation.obj,-0.775584052283972,-0.5607619025321458,-0.020352515214121365,-0.5759413195069666,-0.5656695299710633,-0.4415224477347802,-0.08719836497226244
Helicopter\m1304_06_fill_holes_and_orientation.obj,-0.6413017517546884,-0.32782040225839415,-0.020352582982002994,-0.24529124022724869,0.3158301015853827,-0.0878321258197005,-0.09310380284812136
Helicopter\m1305_06_fill_holes_and_orientation.obj,-0.7778570628911334,-0.5512604713390201,-0.020352546234393802,-0.24582712056894668,-0.6042258766945015,0.03830902748836371,-0.057808116257273924
Helicopter\m1306_06_fill_holes_and_orientation.obj,-0.6237823265508011,-0.49538810385500776,-0.020352314762905787,-0.7487091416704091,-0.2764711565862258,-0.6760788611195804,-0.06942764250949866
Helicopter\m1307_06_fill_holes_and_orientation.obj,-0.6143664640888592,-0.5257202290850552,-0.02035205801490166,-0.7833210575180826,-0.683091131356084,-0.8799911171275047,-0.09921753522730077
Helicopter\m1308_06_fill_holes_and_orientation.obj,-0.6163304348302194,-0.5552784075801339,-0.02035157325401652,-0.8150213568425301,-0.49087640283775824,-0.9353899071293763,-0.0951851694491164
Helicopter\m1309_06_fill_holes_and_orientation.obj,-0.7386013859086938,-0.5846389826535185,-0.02035209684489849,-0.8672399190279929,-0.20519603836184658,-0.9440092480983691,-0.0881144775324553
Helicopter\m1310_06_fill_holes_and_orientation.obj,-0.709901435820753,-0.5392395965192945,-0.020352400029208517,-0.8487699099174676,-0.0511897216199254,-0.8958004071092855,-0.0872259634045128
Helicopter\m1311_06_fill_holes_and_orientation.obj,-0.7466279126261206,-0.5619145891586949,-0.020352413536620782,-0.8072689545659651,-0.6762226377719938,-0.8590804383095451,-0.06297578384159211
Helicopter\m1312_06_fill_holes_and_orientation.obj,-0.6930009861161953,-0.4694526547576545,-0.020352536850644486,-0.7504537298939371,-0.7005651975850214,-0.7640169171319928,-0.09869329239679232
Helicopter\m1313_06_fill_holes_and_orientation.obj,-0.5570521097309024,-0.44341840394945425,-0.02035231794712161,-0.7380689397746939,-0.4678482639357576,-0.5624833986150958,-0.09233701234855037
Helicopter\m1314_06_fill_holes_and_orientation.obj,-0.4197918293933397,-0.31604653171578617,-0.02035233082940002,-0.6560911559469341,0.3308557367055467,-0.6671514306562679,-0.09229986895079721
Helicopter\m1315_06_fill_holes_and_orientation.obj,-0.6613118591233884,-0.5679579604721733,-0.0203517194636506,-0.7951759215216466,-0.6960291567940297,-0.8565189965835145,-0.08779475283587534
Helicopter\m1316_06_fill_holes_and_orientation.obj,-0.6962485920102894,-0.5123655311688943,-0.020352461550941857,-0.7613201923783693,-0.6619057590254243,-0.6959613808111471,-0.07533231530067247
Helicopter\m1317_06_fill_holes_and_orientation.obj,-0.5998836914793669,-0.5166634055907413,-0.020352067774320557,-0.6345189950805793,-0.5587494904688951,-0.7646796677883784,-0.05503891320615164
Helicopter\m1318_06_fill_holes_and_orientation.obj,-0.6551144901044144,-0.5569251027609182,-0.020351908060718127,-0.7540203112792384,-0.5118813644551403,-0.9174132433794157,-0.07061747815948571
Helicopter\m1319_06_fill_holes_and_orientation.obj,-0.8079678471490365,-0.5918679744971619,-0.020352475983157297,-0.8343785456298665,-0.6981554259148073,-0.8862102259895874,-0.08010910373030702
Helicopter\m1320_06_fill_holes_and_orientation.obj,-0.6531603728080507,-0.5112457784459609,-0.020352339664991354,-0.7699121405235941,-0.32049137062608973,-0.740383586968882,-0.07215518286222522
Helicopter\m1321_06_fill_holes_and_orientation.obj,-0.7366911612309512,-0.5684849029300243,-0.02035231610667626,-0.8497404487585429,-0.662601628919497,-0.9060246793975253,-0.08981386907705652
Helicopter\m1322_06_fill_holes_and_orientation.obj,-0.7417191054823787,-0.5644669666889105,-0.020352375171093836,-0.8789637900591419,-0.6630913151412517,-0.9724609546552021,-0.1007878537416277
Helicopter\m1323_06_fill_holes_and_orientation.obj,-0.7235000856837356,-0.5253744230970905,-0.02035249041428981,-0.8741110958537653,-0.1353513193641722,-0.9578338685469737,-0.089885821058803
Helicopter\m1325_06_fill_holes_and_orientation.obj,-0.5777376259657303,-0.5374117648686239,-0.020351610944087488,-0.8611904253928241,-0.36407344436227707,-0.9161522259142928,-0.09668793264725546
Helicopter\m1326_06_fill_holes_and_orientation.obj,-0.6190343097140487,-0.519215783120957,-0.020352145041103116,-0.8287934816241691,-0.45851845276337516,-0.8646403789512228,-0.09999504245082197
Helicopter\m1327_06_fill_holes_and_orientation.obj,-0.7068576170845423,-0.5733920545687615,-0.02035203983545383,-0.8675912183631059,-0.31916406323554397,-0.9580738917576647,-0.07175749231762006
Helicopter\m1328_06_fill_holes_and_orientation.obj,-0.7286780710294289,-0.5708396770385459,-0.02035224293362484,-0.8450127932995627,-0.6930652665044611,-0.9563149156912576,-0.09523605430582616
Helicopter\m1329_06_fill_holes_and_orientation.obj,0.19639693653757315,0.13068540387919536,-0.02035203159675235,-0.4958033915190367,0.17410459982589377,-0.3010085612731006,-0.0953635283328444
Helicopter\m1330_06_fill_holes_and_orientation.obj,-0.7666801210779877,-0.5759938329544009,-0.02035240393963171,-0.6144175280408846,-0.696119362150667,-0.5960436588800683,-0.09114983827548237
Helicopter\m1332_06_fill_holes_and_orientation.obj,-0.7339940046050741,-0.5551302050138633,-0.020352403833660614,-0.8291983689934521,-0.6702433112747757,-0.93239857308569,-0.08725930274108083
Helicopter\m1333_06_fill_holes_and_orientation.obj,-0.3148593584379066,-0.5610912415683026,-0.020342545450031387,-0.8402136871283559,-0.700539424625981,-0.9372527738392168,-0.08944274762119052
Helicopter\m1334_06_fill_holes_and_orientation.obj,-0.3476816316053181,-0.5682378986529066,-0.02034220851523466,-0.8596840062100507,-0.6941863902226888,-0.9592417658872955,-0.07408312664362947
Helicopter\m1336_06_fill_holes_and_orientation.obj,-0.6931514750943247,-0.45105906958829356,-0.02035255632065285,-0.7687927460320473,-0.47801569627693397,-0.6767380293399856,-0.08913125529911792
House\D00001_06_fill_holes_and_orientation.obj,3.0101386278462763,-0.10204202602105432,-0.02029737178129397,-0.49617850775822525,2.3276543977473683,-0.6328101993475546,-0.10087334542783781
House\D00044_06_fill_holes_and_orientation.obj,3.9064420239071804,0.21968927840058852,-0.020312770417647154,-0.3807201110263768,1.5467595118025188,-0.5633575129943286,-0.07350942706174388
House\D00091_06_fill_holes_and_orientation.obj,1.1921811611676312,2.2700553158023924,-0.020352350623370468,1.2932867172739826,0.6672572845716537,1.6533535635083985,-0.10353844790775117
House\D00095_06_fill_holes_and_orientation.obj,0.6239365712868081,2.1532716935811678,-0.02035251698434208,1.6667595900813914,1.116273776961869,2.060830579234142,-0.07886475955467763
House\D00286_06_fill_holes_and_orientation.obj,3.2167971691784887,0.5637003686182435,-0.020339879330743844,-0.3109961243454451,4.4791165859866275,-0.21619797187163184,-0.10313064590267472
House\D00325_06_fill_holes_and_orientation.obj,1.781996285797519,2.1714018075216024,-0.020351991224008752,0.1283126255525752,-0.32449906575676746,1.0160955215598115,-0.10245482689958176
House\D00359_06_fill_holes_and_orientation.obj,1.63125783635625,-0.2775467983890485,-0.020319149074529894,-0.6611403396109333,0.6007372772901031,-0.6578191849271632,-0.10236232206895712
House\D00389_06_fill_holes_and_orientation.obj,5.169934495648832,-0.10138334794874061,-0.020147180549563035,-0.4295804897371987,2.17631558226606,-0.714163738027877,-0.09874646538681062
House\D00415_06_fill_holes_and_orientation.obj,3.886514775053225,2.61839721434551,-0.02034991850634061,1.4900977041016097,1.9209699905799131,0.9298447928941971,-0.09962601132974198
House\D00454_06_fill_holes_and_orientation.obj,0.11239855736119941,1.2661805327408395,-0.020352560911507646,2.1902491874341523,0.14159201199727076,1.797019993632885,-0.09413783101953012
House\D00568_06_fill_holes_and_orientation.obj,1.24427318967741,0.05073835285211606,-0.020347081448309632,-0.5897670323227756,0.07065194224040913,-0.4658006163743745,-0.08862131963134048
House\D00574_06_fill_holes_and_orientation.obj,0.07115114083786395,0.8032451165669402,-0.02035251849880582,-0.13005314985809832,2.653347281132466,-0.3695620561952305,-0.10086355993933163
House\D00665_06_fill_holes_and_orientation.obj,1.8717607218323349,1.2211928204018117,-0.020351006076614057,0.25709062588862885,-0.10352171495010311,0.5703330125108655,-0.0833632921435759
House\D00873_06_fill_holes_and_orientation.obj,0.6849862770661889,-0.5472260681460985,-0.02021627913020334,-0.8937957670721394,-0.0656870110797754,-0.9750976275368223,-0.10155094857360392
House\D00889_06_fill_holes_and_orientation.obj,0.5279868590973317,1.7866350115795357,-0.02035250569556183,0.6234065190213595,0.16891134857938858,2.120435149077077,-0.09900902551918779
House\D00901_06_fill_holes_and_orientation.obj,2.2130258316109908,0.15917323050676435,-0.02034003449945261,-0.43003301091463264,2.1217542279789487,-0.20826645861088797,-0.10302340587331633
House\D00903_06_fill_holes_and_orientation.obj,2.5902524325561895,-0.30069933263087617,-0.020252737023959456,-0.5656940965284966,1.6172356682966662,-0.7440663311567972,-0.10161137443984601
House\D00941_06_fill_holes_and_orientation.obj,0.11623557841963345,1.266444003969765,-0.02035256005643154,2.1699452767098157,0.1399554290982479,1.798499539692816,-0.09366326726593815
House\D00946_06_fill_holes_and_orientation.obj,4.345679489402789,-0.45911140902232894,-0.01913620432251105,-0.878689895662274,0.14703010635465613,-1.0334089379908102,-0.10306838604853179
House\D00965_06_fill_holes_and_orientation.obj,2.3322623695143876,0.37067475952670403,-0.020343842026213216,-0.19150076237280494,1.0444316536386165,-0.22041449902063634,-0.10317146044100588
House\m423_06_fill_holes_and_orientation.obj,-0.3972946229307347,0.37953397959932367,-0.02035260389718705,0.7702794122287498,-0.4421010778550657,1.7988040467511555,-0.08030350803018196
House\m429_06_fill_holes_and_orientation.obj,2.1823793782523655,0.1762165256278822,-0.020340910282734947,-0.3354858559610448,1.0964543714603143,-0.3445638179235634,-0.08834381384260158
House\m430_06_fill_holes_and_orientation.obj,2.220685541444227,-0.010880980812833695,-0.020332088837683244,-0.36608462347200194,1.6068620522831747,-0.43025210414024534,-0.0940077792821664
House\m431_06_fill_holes_and_orientation.obj,0.22287986150128744,-0.2898640783413153,-0.020349437367945967,0.3298036340310317,0.25601106365416354,0.7292427077322201,-0.09132281150103916
House\m432_06_fill_holes_and_orientation.obj,0.02341523078429223,-0.3148609111856214,-0.020350553322297432,-0.5911186416290583,-0.6105144787001967,-0.28064241272417145,-0.09765951186913377
House\m433_06_fill_holes_and_orientation.obj,1.0123275732969752,-0.5024524261805725,-0.020247628787090622,-0.6736680311546293,0.278781472965768,-0.6471220310895022,-0.0569131966219781
House\m434_06_fill_holes_and_orientation.obj,0.6170149740605868,3.142029814883119,-0.020352573283852596,1.0456980909574582,0.6900405803627769,1.9750742267338313,-0.10006455992835325
House\m435_06_fill_holes_and_orientation.obj,-0.09465233023542144,-0.1679921680114668,-0.020351983615719195,-0.37534344493134,-0.39774581534768705,0.43303257112366084,-0.0907124464026308
House\m436_06_fill_holes_and_orientation.obj,0.3089076024630895,0.27263052846280483,-0.02035206141468895,0.5654242660496336,-0.37220481293931323,1.1738301777795745,-0.09530565406754281
House\m439_06_fill_holes_and_orientation.obj,-0.3034271228225773,-0.5768501144484087,-0.020335451263870593,-0.7807666945559886,-0.1027614126584306,-0.779417809412001,-0.09207530433220822
House\m440_06_fill_holes_and_orientation.obj,0.1452508387474641,-0.14166151207072533,-0.020351370144567425,-0.44662743882921474,-0.5189044957934676,-0.26820419500000564,-0.09779642879761717
House\m441_06_fill_holes_and_orientation.obj,7.543104475432621,-0.38367630279059867,-0.01787107326433649,-0.733454414610072,1.4175596681363423,-0.8933571857706101,-0.09982933238701218
House\m443_06_fill_holes_and_orientation.obj,0.3453926698660412,1.3313731949480914,-0.02035250432684493,1.6853725006163693,0.6907493367363685,0.9624055535206202,-0.0949202966564139
House\m446_06_fill_holes_and_orientation.obj,0.05120239355846067,-0.5812961914365263,-0.020273187755008085,-0.8604223302363903,-0.44189489418274763,-0.9388827822103272,-0.09450601398054555
House\m447_06_fill_holes_and_orientation.obj,0.8060707837903045,-0.23310249545967934,-0.02034445896742569,-0.5009597512513754,0.3297861589053971,-0.5072279060524426,-0.10090118042712111
House\m448_06_fill_holes_and_orientation.obj,2.6027161447091136,1.1666542760142347,-0.020349152446498694,-0.1151497221328744,1.0898049480280638,0.0668682071246107,-0.10087948034681234
House\m449_06_fill_holes_and_orientation.obj,0.6846118461563195,2.2419956299218264,-0.020352510299255694,1.2524407267845556,-0.4328228126007614,1.8692813097947938,-0.09698682836821981
House\m451_06_fill_holes_and_orientation.obj,0.5506417206798816,-0.2828162229675583,-0.020346064644367143,-0.2284884144020062,-0.43234601285852836,-0.03167027695399028,-0.09657614404307317
House\m452_06_fill_holes_and_orientation.obj,3.5471585463007216,1.1569552413994146,-0.02034544453892916,0.1326830274504234,2.097115279136963,-0.3204110345432854,-0.10140137966042595
House\m453_06_fill_holes_and_orientation.obj,3.000450004111476,1.363137944985421,-0.020348729599445805,0.1109560567075781,1.509401607674427,0.12184068724480737,-0.10063887664162913
House\m454_06_fill_holes_and_orientation.obj,0.40620454931391403,0.43244229575792426,-0.02035211348233127,0.3406581880634262,-0.5982207772382456,1.0423189529367969,-0.10007645632269178
House\m456_06_fill_holes_and_orientation.obj,1.484897003796635,-0.3011439403296879,-0.020320504614426516,-0.7998083093643251,2.1240351348539632,-0.7789377629906191,-0.09931695905024318
House\m457_06_fill_holes_and_orientation.obj,0.3453926698660412,1.3313731949480914,-0.02035250432684493,1.6853725006163693,0.6907493367363685,0.9624055535206202,-0.0949202966564139
House\m460_06_fill_holes_and_orientation.obj,2.050140323908278,0.09753742989000674,-0.020340022662709498,-0.4938801765149426,1.8397207372071567,-0.6127664700368671,-0.10258487072500459
House\m461_06_fill_holes_and_orientation.obj,1.6613990767168696,1.4511044015429202,-0.02035161732102647,0.15985811500053212,2.4259782364839473,-0.051731918444580124,-0.10088125895112685
House\m462_06_fill_holes_and_orientation.obj,0.8193442699684005,2.151196857653379,-0.020352464159965455,1.0883601203826399,0.9770353657497155,1.2533244321860366,-0.10144058095400742
HumanHead\D00013_06_fill_holes_and_orientation.obj,0.8912802409335286,3.3568741351200515,-0.020352542657122972,1.876574606534224,-0.6587099121044971,2.4417581619086777,-0.10397174693357474
HumanHead\D00061_06_fill_holes_and_orientation.obj,0.8839044894697382,2.4415586188810807,-0.020352478952582135,1.044102358384402,-0.19886877691759205,1.2676255166200427,-0.10365705344021363
HumanHead\D00072_06_fill_holes_and_orientation.obj,0.18540407499231773,3.2685948064782036,-0.020352616064663005,1.5082878645892481,0.14808679767528407,1.6348825235931341,-0.10347857983334258
HumanHead\D00106_06_fill_holes_and_orientation.obj,0.07108574979379585,1.7910316877122296,-0.02035259649170795,0.7304932739706812,-0.21471914672702827,1.092508881023076,-0.10266206199401562
HumanHead\D00131_06_fill_holes_and_orientation.obj,0.07783267231325984,3.299700878443219,-0.020352622359884637,1.601894251831855,-0.5494325657760315,2.062897644794869,-0.10383134795990087
HumanHead\D00205_06_fill_holes_and_orientation.obj,-0.015466463172141296,2.6224645514420475,-0.02035262096909937,1.4710501350672547,-0.0932640772522894,1.9726417527030973,-0.10134261846654938
HumanHead\D00313_06_fill_holes_and_orientation.obj,0.1892863323209632,4.556293970899743,-0.020352625792813505,1.6654734772613162,-0.6166613294311736,2.09133502160778,-0.10417602533569395
HumanHead\D00434_06_fill_holes_and_orientation.obj,-0.047400134754408414,2.4682515477615943,-0.020352621173948853,0.9655482545174906,-0.5717777212634781,1.8917718428801373,-0.10359374841867772
HumanHead\D00487_06_fill_holes_and_orientation.obj,0.20622530003778025,4.469776606101335,-0.020352624721931774,1.6109149042504383,0.5117947956439872,2.1515808474912177,-0.10378076850410987
HumanHead\D00488_06_fill_holes_and_orientation.obj,0.20703373041136183,3.13340113213581,-0.020352612940740075,1.217602550348165,-0.6413518241912376,2.067021028608381,-0.1036784275485573
HumanHead\D00566_06_fill_holes_and_orientation.obj,0.09427851989638537,3.3753335880966437,-0.02035262217409863,1.1875277547268683,0.18222308192341113,1.984320493999405,-0.10405077139929249
HumanHead\D00578_06_fill_holes_and_orientation.obj,0.24157811703385434,3.6711294434209334,-0.020352617102022668,1.0217382854575379,1.1997652777710834,1.4657413912115789,-0.1033040036485593
HumanHead\D00591_06_fill_holes_and_orientation.obj,0.1013286597914256,3.3725671401929262,-0.02035262180021442,1.8538592342722464,0.6077990680669897,1.9048728112606887,-0.10290090054518385
HumanHead\D00610_06_fill_holes_and_orientation.obj,0.1531362820478947,3.381442827217354,-0.020352619155434598,1.4525622632786728,-0.42577390830339645,1.8782947187216372,-0.10384414868908437
HumanHead\D00629_06_fill_holes_and_orientation.obj,0.2948234464920944,3.4876876002815584,-0.020352611711711464,1.1988884179708665,-0.6429497476517011,1.8401166984778485,-0.10196576293190078
HumanHead\D00653_06_fill_holes_and_orientation.obj,0.17564692502640397,3.354074753312718,-0.020352617600707307,1.2748464792935517,2.1811737850450506,1.6039338591579186,-0.10426994086538119
HumanHead\D00690_06_fill_holes_and_orientation.obj,0.2653450742494252,4.216564288152127,-0.02035262062410306,1.59997699105378,0.3621569954593018,2.0191059473696957,-0.10339423696095129
HumanHead\D00758_06_fill_holes_and_orientation.obj,0.46609378800301776,3.577712425815038,-0.020352600208803646,0.6219596420987749,0.12098653124500594,1.6216418402093447,-0.10410085002922445
HumanHead\D00910_06_fill_holes_and_orientation.obj,0.28134438162066117,2.9550969779604825,-0.02035260427077858,1.0772316719533777,-0.5346775467257853,1.7855167916996202,-0.10298738280639474
HumanHead\D00984_06_fill_holes_and_orientation.obj,0.364302774466034,3.098342991736912,-0.020352599754070378,1.4802970480745548,-0.09286459638717207,2.218690620713221,-0.10239240405945628
HumanHead\m340_06_fill_holes_and_orientation.obj,0.1523300910936304,3.1356900384371,-0.020352616566693998,0.7592045518336575,-0.6262230972349145,1.7035900632624237,-0.10368535682639826
HumanHead\m341_06_fill_holes_and_orientation.obj,0.021081755855560984,2.911014947970886,-0.020352621839190163,1.4152828541745468,-0.6168803995830104,2.1986361440945923,-0.10337367382654995
HumanHead\m342_06_fill_holes_and_orientation.obj,1.0858472616033688,6.275147334506046,-0.02035259516018142,2.5188688756414366,-0.08502961683909419,3.5329824913014702,-0.10216065539852931
HumanHead\m343_06_fill_holes_and_orientation.obj,0.15437557669814408,2.8113240217262025,-0.020352612038639417,1.3893879252184946,-0.5530021206030354,2.1570655569773054,-0.10350086223250166
HumanHead\m344_06_fill_holes_and_orientation.obj,0.1716338856096223,2.3084727143700903,-0.02035260032458941,1.4299778839891104,-0.5805791867755465,1.9719252655070048,-0.10125462502462643
HumanHead\m345_06_fill_holes_and_orientation.obj,0.7151646917874774,3.2838926047076904,-0.020352565474625762,0.9788380869916017,-0.537009999518881,2.5838662323816637,-0.10392595815799921
HumanHead\m346_06_fill_holes_and_orientation.obj,-0.06729110501542274,2.304026637381973,-0.020352620472922054,1.3403489197271068,-0.2808139001844211,1.9035473099479172,-0.10401245149592736
HumanHead\m347_06_fill_holes_and_orientation.obj,0.10501608763945705,1.6210927450552868,-0.020352584659081924,0.9722169876586216,-0.6306431597102284,1.417081163288957,-0.10408083202755121
HumanHead\m348_06_fill_holes_and_orientation.obj,0.021586073085839645,2.479086802051155,-0.020352616783367913,1.3539483719541987,-0.666544891652575,2.077424422695644,-0.10424539960709492
HumanHead\m349_06_fill_holes_and_orientation.obj,1.4931255261364913,7.3103093260025,-0.02035258124781167,3.591409562645954,-0.616120097291338,4.4779717839717845,-0.10402896450778154
HumanHead\m350_06_fill_holes_and_orientation.obj,0.28709431466001856,3.747305562484016,-0.02035261527828957,1.1999780413323191,-0.6128984774113733,2.052899065973398,-0.10307693490067517
HumanHead\m351_06_fill_holes_and_orientation.obj,0.12180277484269085,3.2674585868034627,-0.020352619769875735,1.487763647502214,0.04387383779812692,2.0635174062194888,-0.10379048832350657
HumanHead\m352_06_fill_holes_and_orientation.obj,0.5106734604706452,5.364063824881689,-0.020352617848425233,1.920772826272273,1.3023674277082582,2.2357430159802223,-0.10385347924098873
HumanHead\m353_06_fill_holes_and_orientation.obj,0.11819283090304133,3.9248193029725673,-0.02035262499668394,1.7678444852036952,-0.5726540018708314,2.1096376870319626,-0.10391915705360083
HumanHead\m354_06_fill_holes_and_orientation.obj,-0.0870889154328332,1.8702212589561484,-0.02035261531561653,1.3563479250398023,0.08071628274542358,1.6390094898426266,-0.10153474254505668
HumanHead\m355_06_fill_holes_and_orientation.obj,-0.08083735246637802,2.282240860140196,-0.020352621075577785,1.5733675549754635,-0.5254250544305215,1.831092542243064,-0.1029519214872771
HumanHead\m356_06_fill_holes_and_orientation.obj,0.34021692393966524,5.626975177445717,-0.020352625667164292,1.906458866922917,1.5585893000017557,2.1886160706572384,-0.10350285604160868
HumanHead\m357_06_fill_holes_and_orientation.obj,0.06922165715399171,3.449813611123519,-0.020352623936416882,1.1531004198857797,-0.12037723016208632,2.096748082374259,-0.10391595429992417
HumanHead\m358_06_fill_holes_and_orientation.obj,0.42379921900686585,3.973940220215364,-0.020352609424376774,1.0050247730225785,1.5105742773107356,2.0749955311008907,-0.10395054926151316
HumanHead\m359_06_fill_holes_and_orientation.obj,0.03457604877835268,3.0312566300717574,-0.02035262223565982,1.2213418042880135,-0.5896254953984953,2.033285228980366,-0.10231783006049526
HumanHead\m360_06_fill_holes_and_orientation.obj,0.3406885456479096,5.3868705531355525,-0.02035262458582399,1.8456900361743611,1.7287294891025498,2.111428905022194,-0.10272826832427988
HumanHead\m361_06_fill_holes_and_orientation.obj,0.1867795263370652,2.622942093044475,-0.02035260605453105,1.372317159222403,0.04280425999797731,1.8846248830991148,-0.10275788904862451
HumanHead\m362_06_fill_holes_and_orientation.obj,0.6250558330616448,4.53661596348937,-0.02035260328245323,2.383047025925063,-0.25823678806561584,2.9029323105455735,-0.10379416025527866
HumanHead\m363_06_fill_holes_and_orientation.obj,0.1658387163000535,2.8467773689684885,-0.020352611728267616,1.3936928306301355,-0.5653473679830674,2.1802439177708974,-0.10347596335448665
HumanHead\m364_06_fill_holes_and_orientation.obj,0.2388106426414109,1.9509257897663883,-0.02035257913338489,1.2984966650404912,0.029183251145480527,2.263546301624592,-0.10040179058537044
HumanHead\m365_06_fill_holes_and_orientation.obj,0.0001561738699077374,3.309218776588153,-0.02035262598221903,1.744075214936378,-0.666338707980257,2.140779803010123,-0.1034795205631157
HumanHead\m366_06_fill_holes_and_orientation.obj,-0.15507320707047617,-0.5186065059040669,-0.02034432078873628,-0.8592433934846546,-0.4595622576044843,-1.0405558977718328,-0.1021355990728904
HumanHead\m367_06_fill_holes_and_orientation.obj,-0.0988713962294039,1.6068323647896943,-0.02035261071682024,0.9223027109424601,-0.3362644215584045,1.7537799913487033,-0.10317945862206254
HumanHead\m368_06_fill_holes_and_orientation.obj,0.2766424968218471,4.005474432927384,-0.020352618360846505,1.7551560295574895,-0.46177873208190207,2.1270948975647563,-0.10327062554348085
HumanHead\m369_06_fill_holes_and_orientation.obj,0.011591992556144818,2.865879033065587,-0.020352621923327038,1.4563015172185212,-0.4302970626148694,2.044569902318823,-0.10415150781323036
HumanHead\m370_06_fill_holes_and_orientation.obj,-0.07625191747206887,1.9553389328508906,-0.020352615957511415,1.1135107710863335,-0.028599723021601374,1.8835931415367413,-0.10429316478550746
Humanoid\m118_06_fill_holes_and_orientation.obj,-0.6639843821367741,-0.5005422597708628,-0.020352415457320066,0.09857126658833491,-0.61880048503147,0.048228792718264385,-0.05337882818394586
Humanoid\m119_06_fill_holes_and_orientation.obj,-0.6486389852062192,-0.4620589933959329,-0.02035247707369763,0.16569325649902175,-0.6519187373975284,0.399300353931626,-0.08075651649198365
Humanoid\m120_06_fill_holes_and_orientation.obj,-0.6555910385351572,-0.482329811071388,-0.020352447327468593,0.03862411903038279,-0.6544058279448611,0.12322708996924625,-0.06625894024408127
Humanoid\m121_06_fill_holes_and_orientation.obj,-0.6640815729351494,-0.4786247469146233,-0.02035247364241755,0.18443716000641472,-0.6450889032519975,0.3371307599266803,-0.03189774565213936
Humanoid\m122_06_fill_holes_and_orientation.obj,-0.6576719069648858,-0.4509602678774465,-0.02035251002589866,-0.15685907539503707,-0.6349730168289021,0.25503923943438256,-0.07216453240278776
Humanoid\m123_06_fill_holes_and_orientation.obj,-0.6702269874259597,-0.49650785657794105,-0.020352443618226582,-0.14978545488462322,-0.6281560691628929,-0.028736261885991463,-0.07169948671409952
Humanoid\m124_06_fill_holes_and_orientation.obj,-0.6034421287747163,-0.43732563178055217,-0.020352440246439386,0.28283074496819066,-0.6504239057732238,0.42879096692279317,-0.0725231450800895
Humanoid\m125_06_fill_holes_and_orientation.obj,-0.6703161163147922,-0.44937944050389356,-0.02035253001599661,-0.1730069363582043,-0.6536584121327103,-0.11404839232472487,-0.08545133800507942
Humanoid\m126_06_fill_holes_and_orientation.obj,-0.6496440365958687,-0.5018925498191059,-0.020352369433249733,0.1638950802413238,-0.6499084465924286,0.3677355105077713,-0.0401199359091524
Humanoid\m128_06_fill_holes_and_orientation.obj,-0.6500637037759495,-0.45953954976933287,-0.02035248418205376,0.3093806387863182,-0.6808746568786662,0.3260717800549926,-0.06430359820253144
Humanoid\m129_06_fill_holes_and_orientation.obj,-0.497386365089675,-0.5161035292292747,-0.020351319358451463,-0.21281093729432962,-0.5378605071671908,-0.14330614697716185,-0.03946253115731211
Humanoid\m130_06_fill_holes_and_orientation.obj,-0.604223686116489,-0.4676906909142153,-0.020352363985621257,0.2325413520128406,-0.6626918342761344,0.15324432104954142,-0.07950514018328156
Humanoid\m131_06_fill_holes_and_orientation.obj,-0.5569123699654965,-0.47050653967335654,-0.02035220352171381,0.21444050491548522,-0.6796117818857202,0.24396234738279265,-0.05829340939392154
Humanoid\m132_06_fill_holes_and_orientation.obj,-0.5318259468881132,-0.49782521272256863,-0.020351872499542283,-0.057191286065223834,-0.6569573508897936,-0.1610105455926074,-0.07493939882120688
Humanoid\m133_06_fill_holes_and_orientation.obj,-0.19875128932091812,-0.10752552097306614,-0.020352297019108238,1.9642624931140769,-0.6495733981249111,2.312897939691443,-0.07135503561981621
Humanoid\m134_06_fill_holes_and_orientation.obj,-0.5921272387316188,-0.42757719631030894,-0.020352437966226673,0.7803956422348047,-0.6378724747208738,1.4284267380390814,-0.05543945679664564
Humanoid\m135_06_fill_holes_and_orientation.obj,-0.6259097749023316,-0.5181454312534473,-0.02035218703350106,-0.4103423854702397,-0.5983883014720044,-0.43409605794728157,-0.08138695576684565
Humanoid\m136_06_fill_holes_and_orientation.obj,-0.6283431279326189,-0.4779660688423095,-0.020352394302525428,0.20286548953480793,-0.6005790029903788,0.0814737986169562,-0.06413938507794008
Humanoid\m137_06_fill_holes_and_orientation.obj,-0.6408623776846144,-0.4634257503959839,-0.020352459614330326,-0.2688818837139994,-0.5808498028454644,-0.22979331641748693,-0.055632415584917994
Humanoid\m138_06_fill_holes_and_orientation.obj,-0.6488517300413723,-0.44713993505802685,-0.020352501988153967,-0.13370904463368263,-0.6639933687076426,-0.20751414705499088,-0.07537792922235409
Humanoid\m139_06_fill_holes_and_orientation.obj,-0.06451108987480178,-0.007916929487421903,-0.02035223354913406,0.8782533468548828,-0.5848961574147042,1.2784193962291763,-0.09077430591256415
Humanoid\m140_06_fill_holes_and_orientation.obj,-0.6216799596956256,-0.4015923463575322,-0.02035251990569846,0.17026014785549262,-0.6698438304096612,0.15991839928114304,-0.07155643724022387
Humanoid\m141_06_fill_holes_and_orientation.obj,-0.555825803712694,-0.469930196360082,-0.020352202558295868,-0.3124132301379354,-0.5805663002960277,-0.08063142949897088,-0.08240201743352688
Humanoid\m143_06_fill_holes_and_orientation.obj,-0.5109438096372175,-0.35887707336798663,-0.02035241600656098,0.2785853818167384,-0.6693541441879065,0.5307399300547943,-0.05629035913993364
Humanoid\m144_06_fill_holes_and_orientation.obj,-0.5331942320910449,-0.44909950232316015,-0.02035222511951485,0.103846710841051,-0.581610105137137,-0.1765905596716389,-0.07422153972013723
Humanoid\m145_06_fill_holes_and_orientation.obj,-0.6512035682085063,-0.4276265971657325,-0.020352529417038457,-0.3021124191252957,-0.3874366317317924,-0.36126513446447944,-0.06104130479700374
Humanoid\m146_06_fill_holes_and_orientation.obj,-0.4601618414281177,-0.38660742021239475,-0.02035224598597679,-0.27353808846075334,-0.5355538273331356,0.004644876579957864,-0.08810846129259428
Humanoid\m147_06_fill_holes_and_orientation.obj,-0.505791801555606,-0.3707991464768652,-0.02035238604246778,0.26674242626521216,-0.5488397877181177,0.32241053048295987,-0.0691937781955748
Humanoid\m148_06_fill_holes_and_orientation.obj,-0.6191485200992362,-0.5589834717368987,-0.020351500753279607,-0.7701384011123111,-0.5085953121775758,-0.870451090111533,-0.06605291567660525
Humanoid\m149_06_fill_holes_and_orientation.obj,-0.6314384533131299,-0.3992705061526263,-0.020352533500408585,0.5939271460019495,-0.6362616647808885,0.4109790952279338,-0.06487170483339423
Humanoid\m150_06_fill_holes_and_orientation.obj,-0.4884452595230221,-0.39276606018852817,-0.020352298289424798,0.08919336060861956,-0.6675113776165655,0.19017565357212893,-0.07318878299763124
Humanoid\m151_06_fill_holes_and_orientation.obj,-0.5589739793890954,-0.359782755717418,-0.020352485503736355,0.484869542240383,-0.5340461092293123,0.5843295898865324,-0.06684373711427441
Humanoid\m152_06_fill_holes_and_orientation.obj,-0.21097180053597242,-0.2727713823647739,-0.020351951324154585,0.6478843421849216,-0.5862105783257283,0.805362307445087,-0.05970600336638992
Humanoid\m153_06_fill_holes_and_orientation.obj,-0.3257308434561588,-0.2753072929431818,-0.020352230278059404,0.8393365255955687,-0.6088907822806926,0.9414948747026608,-0.07338416363101334
Humanoid\m154_06_fill_holes_and_orientation.obj,-0.4366671976015426,-0.35869593689810036,-0.020352269282300738,0.6620732627878813,-0.6765319132804709,0.8408749953194113,-0.06623519097107917
Humanoid\m155_06_fill_holes_and_orientation.obj,-0.5762457248164783,-0.29832809157054674,-0.02035255051263289,0.2315529504937087,-0.698426041984725,0.4619822362817781,-0.03853620744619262
Humanoid\m156_06_fill_holes_and_orientation.obj,-0.6481310849050328,-0.4402402822505405,-0.02035251042812443,0.011300175829802436,-0.647898155787329,0.03844516005562142,-0.06446638005701384
Humanoid\m157_06_fill_holes_and_orientation.obj,-0.44238040416409463,-0.2683747062320797,-0.0203524361242301,0.2994370813348104,-0.6283493663556922,0.5096143050780071,-0.06988418840007711
Humanoid\m158_06_fill_holes_and_orientation.obj,-0.22029853410908193,-0.09736541170762682,-0.020352338643085402,1.0677465899053225,-0.5827698882939238,1.2300923348527375,-0.08276138095402012
Humanoid\m159_06_fill_holes_and_orientation.obj,-0.6179235577326181,-0.41680780982797944,-0.020352497480177503,0.5109907317851522,-0.630875116341587,0.674846999804878,-0.044264220047349846
Humanoid\m160_06_fill_holes_and_orientation.obj,-0.5508130875126247,-0.3755086946939084,-0.020352454253843612,-0.3181531040201232,-0.6691093010770292,-0.06905657884609669,-0.06666378476564898
Humanoid\m161_06_fill_holes_and_orientation.obj,-0.3550417071338864,-0.34204784862037074,-0.020352110887141863,0.562721047437068,-0.6475373343607738,0.6491143621572159,-0.05832026014775678
Humanoid\m162_06_fill_holes_and_orientation.obj,-0.45807470262430056,-0.3112546487397037,-0.02035240407751511,0.3851779360064941,-0.6065325565285594,0.3908852118135197,-0.06092393906568044
Humanoid\m163_06_fill_holes_and_orientation.obj,-0.657692509622606,-0.3759533023927201,-0.020352573673883205,0.9513295627844364,-0.6188520309495509,0.923238780946224,-0.05989731330617853
Humanoid\m164_06_fill_holes_and_orientation.obj,-0.49676111921625693,-0.3164417385591744,-0.02035245300093199,0.7289868547879079,-0.6436585040252927,0.7325815380660113,-0.06015740253941236
Humanoid\m165_06_fill_holes_and_orientation.obj,-0.7931146745844462,-0.5222621692054081,-0.02035260288262747,-0.2720852573121498,-0.5955661624571512,-0.34897379661551264,-0.04813079268634496
Humanoid\m166_06_fill_holes_and_orientation.obj,-0.8024548446734601,-0.5301333721695571,-0.02035260620509742,-0.4027269303921089,-0.5805147543779496,-0.5218585745966513,-0.07790544621477792
Humanoid\m167_06_fill_holes_and_orientation.obj,-0.4104964476906739,0.10603437702285394,-0.02035257831586989,0.4254880461542231,-0.6037490769522684,0.5469826947902112,-0.09278879999787104
Humanoid\m168_06_fill_holes_and_orientation.obj,-0.601075958323951,-0.383116426429132,-0.020352513513559423,0.21366050130701356,-0.6550888113594151,0.5423040333997271,-0.05773499409946821
Humanoid\m169_06_fill_holes_and_orientation.obj,-0.5833119885306036,-0.4379019750938267,-0.020352397688166327,0.0022914318632566997,-0.6857586326166943,0.3578730642535581,0.0674906681899792
Humanoid\m170_06_fill_holes_and_orientation.obj,-0.64370733598544,-0.48035377685444686,-0.020352425231158527,0.2307848553372749,-0.6137747580187236,-0.006768764453795663,-0.05672182576024455
Humanoid\m171_06_fill_holes_and_orientation.obj,-0.5918361142203568,-0.4542371912872073,-0.020352373876474757,-0.2102446658801979,-0.6774339668468617,-0.06303092152695874,-0.06810264638190822
Humanoid\m172_06_fill_holes_and_orientation.obj,-0.652830282400666,-0.5049389359035569,-0.020352366832772504,-0.04215686536758486,-0.6713902079520438,0.06957652872584025,-0.004223910231406178
Humanoid\m173_06_fill_holes_and_orientation.obj,-0.594371136887654,-0.43732563178055217,-0.020352422330231486,0.6768456975406902,-0.6606171110734378,0.6166109205064798,-0.05675062206034732
Humanoid\m174_06_fill_holes_and_orientation.obj,-0.4241260015402366,-0.2804779158108445,-0.020352395938638364,0.22698605913723782,-0.4799228952458746,0.5028578308188548,-0.031234228925953157
Humanoid\m175_06_fill_holes_and_orientation.obj,-0.5051428178374233,-0.3997974486104773,-0.02035231851424551,-0.09985331549040519,-0.6214293268535238,-0.10184661537526961,-0.08741294946859911
Humanoid\m176_06_fill_holes_and_orientation.obj,-0.5137283036164731,-0.357889056259516,-0.020352422137811313,0.34240277628695415,-0.5624350236115769,0.1545554926183906,-0.07369503407453114
Humanoid\m177_06_fill_holes_and_orientation.obj,-0.3910385811256448,-0.13194601050409777,-0.020352491897885152,0.7644680876343358,-0.6120995156811414,0.8811523230477509,-0.08230429626026631
Humanoid\m178_06_fill_holes_and_orientation.obj,-0.6395733679255188,-0.4271819894669207,-0.02035251476726129,0.37961073467885353,-0.655939319007725,0.20243474949727167,-0.06534836446013083
Humanoid\m179_06_fill_holes_and_orientation.obj,-0.5460305836183843,-0.3865086185015477,-0.02035242955402216,0.45049579543346424,-0.5980919124430462,0.14964755532515708,-0.062365148154804935
Humanoid\m180_06_fill_holes_and_orientation.obj,0.2245527077313855,-0.030805992500324047,-0.02035158801025259,3.9589103467564386,-0.6725499911088336,3.894905251099653,-0.05148949942130232
Humanoid\m181_06_fill_holes_and_orientation.obj,-0.41564890365614887,-0.2977188143536565,-0.020352356367058497,0.21389271612174943,-0.5924089749747863,0.2529363495138511,-0.055018612748188214
Humanoid\m182_06_fill_holes_and_orientation.obj,-0.5677260779653599,-0.5014150082166784,-0.02035203785314458,-0.10646846059736634,-0.6443672603988843,-0.18677900760007402,-0.05005504396493079
Humanoid\m183_06_fill_holes_and_orientation.obj,0.05956214587031654,0.6192104631624833,-0.020352486147914173,0.4559796375968407,-0.5792776523440413,0.706608877207658,-0.08878298352857358
Humanoid\m184_06_fill_holes_and_orientation.obj,-0.6523416411056092,-0.4713628211673644,-0.020352465685882892,0.1524510578330617,-0.6319962400598147,0.404939108164874,-0.054001657754049415
Humanoid\m185_06_fill_holes_and_orientation.obj,-0.6391115996622708,-0.5246169433139296,-0.020352199190313565,-0.5012157829701867,-0.6138263039368016,-0.45579845511692324,-0.08005375100057056
Humanoid\m186_06_fill_holes_and_orientation.obj,-0.44557381611070773,-0.48450344871002327,-0.02035146586433046,0.10601404911191857,-0.651467710614333,-0.01520540118778478,-0.06122837789243993
Humanoid\m187_06_fill_holes_and_orientation.obj,-0.21661692875127553,-0.17433194445748648,-0.020352223581997373,-0.30186829585852215,-0.5513784241835314,-0.18528513179622116,-0.05583615518386185
Humanoid\m188_06_fill_holes_and_orientation.obj,-0.2628604897717315,-0.35143401115084144,-0.020351748311818015,0.453014433039445,-0.5747158385940091,0.8107359614157804,-0.06011230605866565
Humanoid\m189_06_fill_holes_and_orientation.obj,-0.6206502746934849,-0.5123490642170864,-0.02035220566473581,0.05417060316564418,-0.6301534734884737,-0.08095384873721244,-0.026250252082336056
Humanoid\m190_06_fill_holes_and_orientation.obj,-0.0076800022055399176,0.4462910022283204,-0.020352473130669447,0.7719346870619949,-0.2541002281397386,1.174174091633699,-0.09404151658936173
Humanoid\m191_06_fill_holes_and_orientation.obj,-0.20677915968993532,0.2944327726563894,-0.02035253225713602,2.0921473595473006,-0.06876687968502183,1.571122328012863,-0.08472226926614143
Humanoid\m192_06_fill_holes_and_orientation.obj,-0.6499288907330419,-0.453216240275121,-0.020352494503133128,0.209343687443335,-0.6670474643538514,0.30566264227429785,-0.077662921490344
Humanoid\m193_06_fill_holes_and_orientation.obj,-0.2030402251976035,-0.16812390362592955,-0.020352210488898726,-0.15182180018307576,-0.11174328888377665,-0.02635394195898402,-0.08635716583329525
Humanoid\m194_06_fill_holes_and_orientation.obj,-0.4610719414387093,-0.38746370170640265,-0.020352245621331633,0.24939181164623397,-0.6755912002755208,0.2554153952123312,-0.07640344651893578
Humanoid\m195_06_fill_holes_and_orientation.obj,-0.6450545706467881,-0.42341105750292457,-0.020352526160676048,-0.2527637938809266,-0.5181055340632359,0.005741101989979484,-0.0706271346833552
Humanoid\m196_06_fill_holes_and_orientation.obj,-0.42096304569634013,-0.33970954146365695,-0.020352282164988904,0.6217393357360768,-0.6907843596294435,0.8578879837906276,-0.06020259000747942
Humanoid\m197_06_fill_holes_and_orientation.obj,-0.6133354354351281,-0.5035886458553137,-0.020352232279958964,0.11420706411387939,-0.6820344400354532,0.14909227774818534,-0.048837385183571794
Humanoid\m198_06_fill_holes_and_orientation.obj,-0.7694789473408749,-0.5044284603975138,-0.02035259301104233,-0.5876473278600589,-0.6249086763238876,-0.6209057645844778,-0.08770100662172337
Humanoid\m199_06_fill_holes_and_orientation.obj,-0.4602720208585338,-0.30394332213702124,-0.020352417535824768,0.6682597036214841,-0.6329111801057243,0.5618892109049155,-0.07824918286079789
Humanoid\m202_06_fill_holes_and_orientation.obj,-0.5410563854305744,-0.44829262168457584,-0.020352253575037012,0.317752280568845,-0.5210823108323261,0.2149553632489879,-0.04473690550617195
Humanoid\m203_06_fill_holes_and_orientation.obj,-0.6624768050523002,-0.4890318604571803,-0.020352445718497213,-0.27973643774639384,-0.6702690842338161,-0.02793379622636786,-0.06611926125702938
Humanoid\m204_06_fill_holes_and_orientation.obj,-0.3899842625110127,-0.34194904690952366,-0.020352204111071935,-0.35344380163394745,-0.5446903413127216,0.03803676235384869,-0.07780892370056385
Humanoid\m205_06_fill_holes_and_orientation.obj,-0.38346128192328865,-0.24140183917083233,-0.020352388442076024,0.25372053396195027,-0.5865069673546867,0.5831187265251361,-0.057977405683147264
Humanoid\m206_06_fill_holes_and_orientation.obj,-0.566205512248845,-0.4780978044567723,-0.020352196888159313,-0.15916931509035762,-0.6319318076622149,0.10774380166168745,-0.08527689869687372
Humanoid\m207_06_fill_holes_and_orientation.obj,-0.4062330411942069,-0.37040393963347695,-0.020352153872128582,-0.12720107559506103,-0.5494325657760315,0.11987034745555303,-0.07795734142634073
Humanoid\m208_06_fill_holes_and_orientation.obj,-0.6829052359494905,-0.4781636722640037,-0.020352508990636564,-0.037322033840264876,-0.6294060576763201,0.1549352308323196,0.002384708512763134
Humanoid\m210_06_fill_holes_and_orientation.obj,-0.34263039739298956,-0.10442973403319158,-0.020352466568178608,-0.4736358080507951,-0.27118769998308034,-0.39912790034198736,-0.09658186516753858
Humanoid\m211_06_fill_holes_and_orientation.obj,-0.6378996259276936,-0.4163138012737441,-0.020352524697207604,0.47757561536727094,-0.6429368611721795,0.7886036719284832,-0.06171338145205058
Humanoid\m212_06_fill_holes_and_orientation.obj,-0.6098822508476965,-0.36292794351271607,-0.020352540184538866,0.02010647611170666,-0.6996760304981522,0.21985613567026072,-0.0073748921227879145
Humanoid\m213_06_fill_holes_and_orientation.obj,-0.6278101461350776,-0.4996036435178156,-0.02035230845189874,0.08823473021958185,-0.6294447171148794,0.03660378796166366,-0.052009813181959394
Humanoid\m214_06_fill_holes_and_orientation.obj,-0.7126312879686642,-0.5445913558568436,-0.020352381703116283,-0.3313893484600644,-0.6788772525530882,-0.29205605375792487,-0.007148808411545961
Humanoid\m215_06_fill_holes_and_orientation.obj,-0.6103014701439139,-0.4855573336257253,-0.020352314553441653,0.2862722876070957,-0.6912611593716794,0.2207445797934153,0.02017314422881575
Humanoid\m216_06_fill_holes_and_orientation.obj,-0.11948480316221163,-0.06770843150170093,-0.020352233752256706,0.3080707090621675,-0.4766497294478261,0.7214759865265776,-0.09281492206194931
Humanoid\m217_06_fill_holes_and_orientation.obj,-0.47463520847647694,-0.4817534677581135,-0.020351705249816398,-0.2907755727853731,-0.6675113776165655,-0.24027552409632028,-0.08187200758929579
Humanoid\m218_06_fill_holes_and_orientation.obj,-0.6852337841557236,-0.5075242473373883,-0.020352448529882484,-0.7926930092717791,-0.4644591198220341,-0.8822623815391177,-0.0931114133440739
Humanoid\m219_06_fill_holes_and_orientation.obj,-0.30205167147782985,-0.5692917835686085,-0.02033906154727055,-0.8166944943538316,0.9890971105803109,-0.9666789029827356,-0.06311591222688716
Humanoid\m220_06_fill_holes_and_orientation.obj,-0.4801114844752479,-0.2566337695930874,-0.020352490594358723,-0.24605933538368246,-0.6618413266278246,-0.012332287531453785,-0.060519219552778954
Humanoid\m221_06_fill_holes_and_orientation.obj,-0.6218219388803489,-0.38769423903171246,-0.020352533003001997,-0.4609413981785708,-0.6428337693360204,-0.3703143677511277,-0.061709460294140116
Humanoid\m222_06_fill_holes_and_orientation.obj,-0.5516904920011823,-0.35098940345202967,-0.020352485795249547,-0.4689260152698714,-0.012427191224169251,-0.5797149156811202,-0.07484052408696298
Humanoid\m223_06_fill_holes_and_orientation.obj,-0.6434829461698365,-0.43045891287668153,-0.020352516169627084,-0.4903255035816791,-0.6671505561900075,-0.49390124420512216,-0.04557623663589244
Humanoid\m224_06_fill_holes_and_orientation.obj,-0.6492275046028321,-0.459424281106678,-0.020352482916244533,-0.6072486399141688,-0.7020986886478852,-0.583422736920899,-0.07769925707893117
Humanoid\m226_06_fill_holes_and_orientation.obj,-0.4989557501473093,-0.23315189631510286,-0.02035252376803368,-0.3158904981329537,-0.6423440831142657,-0.17114167454535528,-0.08010551329152622
Humanoid\m227_06_fill_holes_and_orientation.obj,0.05481681633674502,-0.05614863133259501,-0.020351933471927392,-0.08280636639838933,-0.5587237175098546,0.30071529818527926,-0.07319945857948877
Humanoid\m228_06_fill_holes_and_orientation.obj,-0.5490829121480011,-0.40457286463475184,-0.02035240155546742,-0.7324898299950156,0.8562632796895306,-0.8017542977501845,-0.07054013498120938
Humanoid\m229_06_fill_holes_and_orientation.obj,-0.5536284854784606,-0.34455082529516295,-0.020352494818197623,-0.4201549499493324,-0.6603336085239984,-0.229320434868066,-0.04938303535257568
Humanoid\m230_06_fill_holes_and_orientation.obj,-0.5667237138788914,-0.42451434327405013,-0.020352393868241007,-0.5554706904541021,-0.6779751989866973,-0.4127769814275494,-0.03236245033617478
Humanoid\m231_06_fill_holes_and_orientation.obj,0.36355480841402227,-0.37348325962154366,-0.020344735636629977,-0.664284170948895,0.12163085522100062,-0.7393124386107236,-0.08343996438926382
Humanoid\m232_06_fill_holes_and_orientation.obj,-0.5270425472261457,-0.2899299461485466,-0.020352512429292282,-0.4736715334069083,-0.3565863997612356,-0.4443848140831698,-0.08463946051909081
Humanoid\m233_06_fill_holes_and_orientation.obj,-0.4616188076360184,-0.29062155812447604,-0.020352436122171556,-0.3528126536759475,0.28695150098136346,-0.4295356169441528,-0.058234084869852834
Humanoid\m234_06_fill_holes_and_orientation.obj,-0.6001591400554073,-0.40434232730944203,-0.02035248814706251,-0.4013693668598073,-0.6353853841735382,-0.2192752843788491,-0.046087439796602195
Humanoid\m235_06_fill_holes_and_orientation.obj,-0.6276784682792145,-0.40047259363459886,-0.020352528121609616,-0.5211862570374663,-0.6506687488841012,-0.6115269471876271,-0.07937383361209095
Humanoid\m236_06_fill_holes_and_orientation.obj,-0.43104939030191186,-0.41972246029796767,-0.020352009104275065,-0.610642548744923,-0.6943668009359664,-0.6173913948876442,-0.06793760566829862
Humanoid\m237_06_fill_holes_and_orientation.obj,-0.7096255393608494,-0.5125631345905883,-0.020352491765445672,-0.6229201627958265,-0.6639804822281209,-0.6457177161851609,-0.021922865851840563
Humanoid\m238_06_fill_holes_and_orientation.obj,-0.5137609991385073,-0.40878840429755975,-0.02035231408482541,-0.47758345990130385,-0.5081829448329397,-0.4893121437141497,-0.053543838832180016
Humanoid\m239_06_fill_holes_and_orientation.obj,-0.5816149565718776,-0.45830452838374464,-0.020352334376417085,-0.5403052767840479,-0.5505536894942591,-0.5684445720865854,-0.04730087439271422
Humanoid\m240_06_fill_holes_and_orientation.obj,-0.4529397141295013,-0.3091468789082998,-0.020352399191459297,-0.23463912987949578,-0.6357848650386555,-0.11033698864896581,-0.07360524857799414
Humanoid\m241_06_fill_holes_and_orientation.obj,-0.3023956462849826,-0.2694779920032052,-0.020352194238891674,-0.4724985508811915,-0.3853876814881363,-0.39912790034198736,-0.04966654946923469
Humanoid\m242_06_fill_holes_and_orientation.obj,-0.2178965329492382,-0.0011160783907825501,-0.020352420541357046,-0.37537917028745316,-0.5482083502216447,-0.03163445259418562,-0.06297170840083406
Humanoid\m243_06_fill_holes_and_orientation.obj,-0.5426020326434442,-0.4445546236241954,-0.020352273048147823,-0.558376352751309,-0.3423210669327412,-0.6169149309022426,-0.05627705837608521
Humanoid\m244_06_fill_holes_and_orientation.obj,-0.47828053524134134,-0.34173497653602175,-0.020352389213707942,-0.3508120337336083,-0.2904787598243211,-0.31228606973959644,-0.057882459227560634
Humanoid\m245_06_fill_holes_and_orientation.obj,-0.5090223878628878,-0.411176112309697,-0.020352295201901995,-0.435296546715311,-0.3705811165198092,-0.4980425401985368,-0.05404619486057442
Humanoid\m246_06_fill_holes_and_orientation.obj,-0.6215800815940696,-0.5029793686384236,-0.020352268249438654,-0.59247620516136,-0.5443424063656853,-0.6682548209382504,-0.03732790057897843
Humanoid\m248_06_fill_holes_and_orientation.obj,-0.655438758021574,-0.4981874856623411,-0.02035240018426271,-0.6548229058049155,-0.328674285121204,-0.7635941896862982,-0.05408779505463703
Humanoid\m249_06_fill_holes_and_orientation.obj,-0.3892707835164889,-0.34904630313870416,-0.020352180430297885,-0.5145472950264297,-0.6552692220726927,-0.3820110212273376,-0.09220086920788707
Humanoid\m250_06_fill_holes_and_orientation.obj,-0.5567094785753401,-0.41593506138216374,-0.020352392478909406,-0.42612703864625595,-0.6169448319806102,-0.26754860921558105,-0.0582714988559848
Humanoid\m251_06_fill_holes_and_orientation.obj,-0.6959570196151639,-0.4841411757702508,-0.02035252096855089,-0.5506358589267821,-0.5731179151335456,-0.574158557475423,-0.054008704919809816
Humanoid\m252_06_fill_holes_and_orientation.obj,-0.4765548387153526,-0.16670774577045505,-0.02035253957999045,-0.34274405747804354,-0.6518671914794474,-0.1211846047978061,-0.08403682696933078
Humanoid\m253_06_fill_holes_and_orientation.obj,-0.41106122924252225,-0.4026462312732342,-0.020352028059228002,-0.5044489276984314,-0.5751539788976857,-0.3397060347340562,-0.07105075186709837
Humanoid\m254_06_fill_holes_and_orientation.obj,-0.6261861192460988,-0.4615320509380819,-0.020352433723665755,-0.354402432022985,-0.6609908189795118,-0.2525346200214628,-0.004362354164483447
Humanoid\m255_06_fill_holes_and_orientation.obj,-0.4144414087602065,-0.32037734004124896,-0.020352311922398468,-0.23203117888323202,-0.6748695574224076,0.10708105100530194,-0.044724225038490155
Humanoid\m256_06_fill_holes_and_orientation.obj,-0.7133940341881708,-0.5361767434830357,-0.020352425816819075,-0.8345988519925644,-0.2843834550114251,-0.7960797191571319,-0.102524220950835
Humanoid\m257_06_fill_holes_and_orientation.obj,-0.4754360248243793,-0.27968750212406807,-0.02035246529218398,-0.5479921825744052,-0.6902560139691296,-0.3680108614156903,-0.08329860253238232
Humanoid\m258_06_fill_holes_and_orientation.obj,-0.7183879392659739,-0.5218834293138277,-0.020352487868651795,-0.5136958407057317,-0.6494574198092332,-0.5656395247138832,-0.009769994872295037
Humanoid\m259_06_fill_holes_and_orientation.obj,-0.47609889294232977,-0.3561764932715003,-0.020352358600363732,-0.592875138304624,-0.34291384499065497,-0.5465451409380182,-0.10112978092676364
Humanoid\m260_06_fill_holes_and_orientation.obj,-0.38049897805023136,-0.3037786526189428,-0.02035227952108714,-0.11774576467710032,-0.6357977515181743,0.1135903371818023,-0.06228116131975417
Humanoid\m261_06_fill_holes_and_orientation.obj,-0.6432643788444582,-0.48244507973404294,-0.020352418281027327,-0.3687163913723411,-0.623104569191106,-0.25907973055776784,-0.09019830712065274
Humanoid\m262_06_fill_holes_and_orientation.obj,-0.6688761696937037,-0.4933956026862587,-0.020352448946508304,-0.3194868506483494,-0.6776014910806205,-0.1392436645753175,-0.08355021965929953
Humanoid\m263_06_fill_holes_and_orientation.obj,-0.6276811555823953,-0.45015338723886217,-0.020352460888832264,-0.49437437727450856,-0.574986454663927,-0.43280638099431507,-0.09615613233079852
Humanoid\m264_06_fill_holes_and_orientation.obj,-0.6605338848525235,-0.4533644428413916,-0.020352510977111684,-0.41548683675054077,-0.5954244111824329,-0.2824551253302854,-0.08908910759874497
Humanoid\m265_06_fill_holes_and_orientation.obj,-0.6745499624762695,-0.43077178496103063,-0.02035255347916016,-0.5401623753595952,-0.5240462011218947,-0.3491350062346335,-0.08567114200882839
Humanoid\m266_06_fill_holes_and_orientation.obj,-0.5067937177582108,-0.4170548141050971,-0.02035227045323159,-0.7121740108186416,0.16639848507301538,-0.6911215098015424,-0.09855418702545575
Insect\D00081_06_fill_holes_and_orientation.obj,-0.6345351223452311,-0.5757797625808989,-0.020351049150771815,-0.895915471534856,-0.5995738575878319,-1.018387783924731,-0.09571691517318111
Insect\D00082_06_fill_holes_and_orientation.obj,-0.16449713144196082,0.41329123080540253,-0.020352539095842444,-0.1574723606749805,0.227042257693504,0.03793287171041527,-0.0950758232610902
Insect\D00102_06_fill_holes_and_orientation.obj,-0.6900875015842574,-0.41901438137023045,-0.020352576387882775,-0.8402315498064126,-0.26616197297033395,-0.8662094859106654,-0.10357249852780619
Insect\D00109_06_fill_holes_and_orientation.obj,0.24102677199791026,-0.5676286214360164,-0.020265778076251073,-0.9139508221460039,-0.7016090024261306,-1.0773116909313776,-0.10304249263954555
Insect\D00117_06_fill_holes_and_orientation.obj,-0.314793519509975,-0.27609770662995825,-0.020352205158216993,-0.6635160757924612,-0.2885586743758616,-0.7362602031553696,-0.10145172808754264
Insect\D00136_06_fill_holes_and_orientation.obj,-0.23824389686713868,-0.23168633760420476,-0.02035214612246293,-0.3985232468227889,-0.3580167989879403,-0.4279056085730424,-0.10159305987904872
Insect\D00160_06_fill_holes_and_orientation.obj,-0.320923705949427,0.3508814834536763,-0.020352582932988188,0.42945951490880735,-0.651841418520407,0.6638345916009363,-0.05512561937529003
Insect\D00180_06_fill_holes_and_orientation.obj,-0.6951239556290909,-0.42337812359930893,-0.020352578083176406,-0.8072510918879088,-0.701686321303249,-0.8404517712111402,-0.10356019387731719
Insect\D00231_06_fill_holes_and_orientation.obj,-0.5287171849916978,-0.6154651164378012,-0.020315868709161092,-0.9052636063844771,-0.6466223943148613,-1.0802600357432983,-0.09807333090526531
Insect\D00291_06_fill_holes_and_orientation.obj,-0.6606328671863526,-0.46227306376943483,-0.02035249764830491,-0.3939384927882614,-0.6976399667340121,-0.2061062497146692,-0.07451667410439732
Insect\D00294_06_fill_holes_and_orientation.obj,1.166881993255095,-0.5225421073861415,-0.02016903857627636,-0.8194929805826991,0.20579245296524454,-0.9542729271823941,-0.07523630706261696
Insect\D00309_06_fill_holes_and_orientation.obj,-0.35694745297299424,-0.2719315678225739,-0.02035229832486882,-0.6708278653436297,0.3953525667024759,-0.7896814884960259,-0.09909566997518715
Insect\D00315_06_fill_holes_and_orientation.obj,-0.5239010898076965,-0.142435458805694,-0.02035257517961521,-0.10559914359861189,-0.6798566249965976,0.18736702376344652,-0.09520908803765377
Insect\D00333_06_fill_holes_and_orientation.obj,-0.7119576706379902,-0.4891306621680273,-0.020352538544679576,-0.6246528425673169,-0.42966562511839634,-0.6086860754551203,-0.07828964452656487
Insect\D00399_06_fill_holes_and_orientation.obj,-0.7728819689355966,-0.6031643034373424,-0.020351941404969286,-0.8987020493116856,0.31503113985515097,-1.0637020166416007,-0.09195452301599802
Insect\D00430_06_fill_holes_and_orientation.obj,-0.034695461082932096,0.06127720200913581,-0.020352274182073672,-0.3134314027871617,2.0659299986988886,-0.326365043142814,-0.09659585189666312
Insect\D00510_06_fill_holes_and_orientation.obj,-0.7761806335901273,-0.5914563007019656,-0.020352288330629603,-0.9184581712422862,-0.30643222146991633,-1.0991143963084724,-0.09964839500174459
Insect\D00590_06_fill_holes_and_orientation.obj,-0.724312099128225,-0.5507829297365927,-0.020352391425686272,-0.7589325477448036,0.459591667109009,-0.72843974541002,-0.08981833378530686
Insect\D00615_06_fill_holes_and_orientation.obj,-0.7215603006710034,-0.4388735252504895,-0.02035259076262485,-0.8256556045122263,-0.6798437385170759,-0.891737924707441,-0.10321117126358137
Insect\D00662_06_fill_holes_and_orientation.obj,-0.05180865562264287,-0.42481074840659133,-0.020348881571811882,-0.8341939646232815,2.4823952438219212,-0.9618426144091112,-0.10034707476687647
Insect\D00668_06_fill_holes_and_orientation.obj,-0.35031070988394625,-0.16832150704762372,-0.020352425099275144,-0.5796091227345885,1.6718614549813802,-0.477633402417842,-0.099776740133456
Insect\D00672_06_fill_holes_and_orientation.obj,-0.5150200006787496,-0.4984509568912666,-0.020351758928722787,-0.7498702157440882,-0.4508638839285749,-0.8964130036619445,-0.09755575467615994
Insect\D00695_06_fill_holes_and_orientation.obj,-0.7468818627767138,-0.5573203096043065,-0.02035244010027303,-0.8130326453522285,0.35621632840064293,-0.9362926809964529,-0.06754920769828152
Insect\D00713_06_fill_holes_and_orientation.obj,-0.4372418325983875,0.12312707299939527,-0.020352589732026184,-0.24733353975172004,-0.17064738676908625,-0.17758647687420745,-0.09976415065309456
Insect\D00732_06_fill_holes_and_orientation.obj,-0.5442171018551535,-0.52415586866331,-0.020351577778519873,-0.9054303247130052,0.7747047508082973,-1.0257532723005618,-0.09968727111455504
Insect\D00734_06_fill_holes_and_orientation.obj,-0.4861520941420039,-0.38188140504354373,-0.020352321794032388,-0.744916299696391,1.0835292325018901,-0.91752429889481,-0.10317798700105499
Insect\D00746_06_fill_holes_and_orientation.obj,-0.6953380441158344,-0.47118168469747806,-0.02035253795212144,-0.7923774352927792,-0.35788793419274084,-0.98096565767282,-0.09626948116972645
Insect\D00752_06_fill_holes_and_orientation.obj,-0.4612376584681969,-0.40404592217690083,-0.02035218781254764,-0.7284588189802427,0.23786690049019096,-0.7464235740319415,-0.09321110459061878
Insect\D00753_06_fill_holes_and_orientation.obj,-0.3371030626337818,-0.38749663561001835,-0.020351826314954323,-0.6505239546192936,0.2662687013519772,-0.7661950382081141,-0.1018631047075181
Insect\D00774_06_fill_holes_and_orientation.obj,-0.7454992452901507,-0.5831734239426205,-0.020352184661629497,-0.8982971619424028,-0.4317016888825337,-1.0649988584665282,-0.09987162724948588
Insect\D00786_06_fill_holes_and_orientation.obj,-0.6535930286201725,-0.503456910240851,-0.020352375211728124,-0.7623383650275954,-0.0158292218174116,-0.9029581141982496,-0.0998121001797301
Insect\D00787_06_fill_holes_and_orientation.obj,-0.8670755284963676,-0.6354559959325231,-0.0188519579887754,-0.9546896365670913,-0.6787741607169292,-1.141437294981656,42.87841464653068
Insect\D00788_06_fill_holes_and_orientation.obj,-0.5991805138137032,-0.5513263391462516,-0.020351493565771983,-0.8847751146535558,0.6071160846524386,-1.0803782561306536,-0.10222480778893572
Insect\D00806_06_fill_holes_and_orientation.obj,-0.14688051543969835,-0.14915397514329404,-0.020352141923199722,-0.6114523234834889,3.3156478960559888,-0.788821703860715,-0.0970492591202862
Insect\D00814_06_fill_holes_and_orientation.obj,-0.4169146234543436,-0.5728486451591027,-0.020344509365091537,-0.8405590322374502,1.443848086356867,-0.9815854190974399,-0.09428852896667464
Insect\D00855_06_fill_holes_and_orientation.obj,-0.6124575830627071,-0.3282650099572059,-0.020352563126090864,-0.5607163635767238,-0.6063392593357602,-0.41545664354093537,-0.09660021216729357
Insect\D00884_06_fill_holes_and_orientation.obj,-0.048762149583251306,-0.42461314498489716,-0.020348849040187904,-0.8340391547467909,2.492279173613661,-0.9620253186441149,-0.10035518529749395
Insect\D00895_06_fill_holes_and_orientation.obj,-0.6452283495858184,-0.6114471801966874,-0.0203439609705341,-0.9338022116929062,-0.6660552054308203,-1.1138310433162122,-0.09963484659414597
Insect\D00973_06_fill_holes_and_orientation.obj,-0.4562840629381071,-0.13879626245616059,-0.02035253755818838,-0.20312341156163322,-0.5888007607092229,-0.27240280996910765,-0.0971947312304657
Insect\D00989_06_fill_holes_and_orientation.obj,-0.5981467978567911,-0.3270135216198098,-0.020352552546903296,-0.44872332638785595,-0.3271407940583402,-0.250994172549864,-0.08720477839155667
Insect\m0_06_fill_holes_and_orientation.obj,-0.668994858917526,-0.5289312846875847,-0.02035230188004201,-0.8137531067005113,-0.5812106242720224,-0.934813134936522,-0.09530322193690989
Insect\m1_06_fill_holes_and_orientation.obj,-0.6665386638102011,-0.40220162357442246,-0.02035256626981874,-0.4192439533684457,-0.6564418917090012,-0.48844519420687776,-0.09315558096295884
Insect\m10_06_fill_holes_and_orientation.obj,-0.46557003907963984,-0.5818396008461851,-0.02034450926005703,-0.8896992595711589,0.6893318239891826,-0.9815890015334204,-0.08675074137743789
Insect\m11_06_fill_holes_and_orientation.obj,-0.5321461838505015,-0.5952766335213854,-0.02034371405005642,-0.7531926738626159,1.5282545272119912,-0.7169472907846963,0.008059578189277498
Insect\m12_06_fill_holes_and_orientation.obj,-0.6451181701554022,-0.5199403290005021,-0.020352259998356645,-0.8153607477256055,-0.5225384830180714,-0.8622222346644107,-0.09828344673738117
Insect\m13_06_fill_holes_and_orientation.obj,-0.6110539150345604,-0.598882895967303,-0.020347260729989054,-0.8314312037505271,-0.7020729156888476,-0.8949047981141698,-0.09307972048240734
Insect\m14_06_fill_holes_and_orientation.obj,-0.4110625728941127,-0.6060954208591384,-0.02031455346378341,-0.931801591750567,0.7698723209883472,-1.1110439081234125,-0.10035197384068228
Insect\m15_06_fill_holes_and_orientation.obj,-0.6048332560546855,-0.6062271564736011,-0.020343711994224963,-0.7379200841242222,0.01380968107828019,-0.7172947870748012,-0.03623963447030613
Insect\m16_06_fill_holes_and_orientation.obj,-0.7544963363397388,-0.5340195727962082,-0.02035253620412519,-0.7577000229588983,0.3032400110944734,-0.9035456336990454,-0.10114991127799768
Insect\m17_06_fill_holes_and_orientation.obj,-0.7396978056064931,-0.5804563768943264,-0.02035218466207828,-0.9080620926133446,-0.2072321021259839,-1.0649988584665282,-0.09913854082695844
Insect\m18_06_fill_holes_and_orientation.obj,-0.6950070579407227,-0.4708029448058976,-0.02035253795192632,-0.7956165342470427,-0.34787513960580446,-0.98096565767282,-0.0933283959496976
Insect\m19_06_fill_holes_and_orientation.obj,-0.515484904129042,-0.4987473620238078,-0.020351758256798528,-0.7495129621829562,-0.45921432265744794,-0.8964774875095929,-0.09752181798805389
Insect\m2_06_fill_holes_and_orientation.obj,-0.6613221604522485,-0.5096484841206,-0.020352373725791312,-0.7699895454618395,-0.22372679591141478,-0.9028613884267771,-0.09903689374862287
Insect\m20_06_fill_holes_and_orientation.obj,-0.5805570548863376,-0.4638209572393721,-0.020352311406318647,-0.8076500250311727,-0.6990445930016764,-0.9178861249288366,-0.10256117604439471
Insect\m21_06_fill_holes_and_orientation.obj,-0.5454353459638193,-0.4179934303581441,-0.020352363294009128,-0.8392074229311673,0.3216032444102828,-0.9403265039104536,-0.10082822204649204
Insect\m22_06_fill_holes_and_orientation.obj,-0.43925551844859406,-0.09808995758717186,-0.020352542297716863,-0.47445749124139874,-0.18471942240477843,-0.5058665803798668,-0.09817279982627088
Insect\m23_06_fill_holes_and_orientation.obj,-0.6478668334255796,-0.3901148809474654,-0.020352557256451187,-0.49548186331401783,0.15245531423251985,-0.6902438129863291,-0.09952139727356858
Insect\m24_06_fill_holes_and_orientation.obj,-0.3820114818572036,-0.04020862198260262,-0.020352528136946255,-0.38769250969446994,-0.18471942240477843,-0.5161768311316378,-0.09790589366475687
Insect\m25_06_fill_holes_and_orientation.obj,-0.7813729512194522,-0.5500913177606632,-0.020352555539420895,-0.9016791623211191,-0.4842269794055078,-1.064733758203974,-0.1017197308440655
Insect\m26_06_fill_holes_and_orientation.obj,-0.5878181480810768,-0.42836760999708545,-0.02035242818629063,-0.7595220161206714,-0.34165096999770894,-0.837847340253344,-0.1003085198788666
Insect\m3_06_fill_holes_and_orientation.obj,-0.5523014055909691,-0.4238391982499285,-0.020352363804625514,-0.8353490844709417,0.15407901065202104,-0.9422072828001963,-0.1007596674521684
Insect\m4_06_fill_holes_and_orientation.obj,-0.7226208896597242,-0.532570481037118,-0.020352466620090978,-0.7509241137494275,-0.33596803252944907,-0.8653962729431004,-0.09247564616820926
Insect\m6_06_fill_holes_and_orientation.obj,0.01194716445988465,0.104453549649301,-0.020352261276634205,-0.3939801723703934,2.900935212147657,-0.6751295155847579,-0.10222135580912067
Insect\m8_06_fill_holes_and_orientation.obj,-0.16040616023293366,-0.06965153181502645,-0.0203522907795746,-0.42073846409918136,1.064160853783531,-0.3894015866550318,-0.09927524571542569
Insect\m9_06_fill_holes_and_orientation.obj,-0.4244516131089866,-0.5505029915558594,-0.020348417048059692,-0.8814943361171602,-0.7021244616069257,-1.0363680301106721,-0.10065559140797628
Jet\m1147_06_fill_holes_and_orientation.obj,-0.621567540845892,-0.48822497981859597,-0.020352338679153818,-0.7592362132717658,-0.5951280221534775,-0.687911647163048,-0.07327903608987547
Jet\m1149_06_fill_holes_and_orientation.obj,-0.6245916526921097,-0.5168280751088198,-0.020352190931329086,-0.7198192370268669,-0.6553207679907708,-0.6885887275633553,-0.06903057621703057
Jet\m1150_06_fill_holes_and_orientation.obj,-0.6946393452888054,-0.5391243278566396,-0.02035234312460324,-0.6858741944933064,-0.5943806063413238,-0.5634112495340355,-0.03447294474759631
Jet\m1151_06_fill_holes_and_orientation.obj,-0.6220570779086758,-0.49914256886719605,-0.020352290538403043,-0.7613201923783693,-0.6132335258788879,-0.7157794166550656,-0.09211734759496128
Jet\m1152_06_fill_holes_and_orientation.obj,-0.4974580265078319,-0.4476339436122621,-0.020352105823553734,-0.7604866007357279,-0.4514437755069698,-0.7132358871089373,-0.09491111168422209
Jet\m1153_06_fill_holes_and_orientation.obj,-0.5426172606948025,-0.4511414043473328,-0.020352246514563972,-0.7243801741573188,-0.3309680784757403,-0.6357477968515339,-0.05843386928954035
Jet\m1154_06_fill_holes_and_orientation.obj,-0.6525073581350969,-0.5294746940972435,-0.020352224929523953,-0.7834222793604033,-0.5872028372487594,-0.8137447109767925,-0.08041587341485593
Jet\m1155_06_fill_holes_and_orientation.obj,-0.6913384412149572,-0.5147697061328395,-0.020352441641331983,-0.7148236413970375,-0.6831297907946433,-0.5337916688475718,-0.08828605509163717
Jet\m1156_06_fill_holes_and_orientation.obj,-0.7013378963510137,-0.5168939429160512,-0.020352460846432118,-0.6844213633447029,-0.6994827333053529,-0.5287332692431588,-0.00032622546720663306
Jet\m1157_06_fill_holes_and_orientation.obj,-0.6970646364095503,-0.5547349981704751,-0.020352231752240078,-0.6917688782519847,-0.5835946229831961,-0.5948292130826914,-0.052009266466843146
Jet\m1158_06_fill_holes_and_orientation.obj,-0.5073674569873289,-0.41613266480385785,-0.02035227510835978,-0.7517457969400313,-0.35001429520610366,-0.6237466363169846,-0.09875321664598131
Jet\m1159_06_fill_holes_and_orientation.obj,-0.4974580265078319,-0.4476339436122621,-0.020352105823553734,-0.7604866007357279,-0.4514437755069698,-0.7132358871089373,-0.09491111168422209
Jet\m1161_06_fill_holes_and_orientation.obj,-0.5391604930364632,-0.5154942520123844,-0.020351687516555465,-0.8232143718444909,-0.35461476839469513,-0.8133506430189417,-0.04628957406273725
Jet\m1162_06_fill_holes_and_orientation.obj,-0.6591655996495919,-0.518688840663106,-0.020352323151598028,-0.7279288928645636,-0.6274988587073794,-0.7051718237169162,-0.08100555432616717
Jet\m1163_06_fill_holes_and_orientation.obj,-0.5437181592312366,-0.5076724499036589,-0.020351830498861384,-0.8179508360438126,-0.5163529728485352,-0.7590516608630717,-0.07321149659756941
Jet\m1165_06_fill_holes_and_orientation.obj,-0.6069360707937245,-0.48881779008367826,-0.020352288600289065,-0.6907983394109094,-0.5022551642538025,-0.5904478938785859,-0.0489926008489707
Jet\m1166_06_fill_holes_and_orientation.obj,-0.6760020019616719,-0.5258684316513257,-0.02035234691225528,-0.76052828031786,-0.4672425993983251,-0.6795430767126875,-0.020665671101799996
Jet\m1167_06_fill_holes_and_orientation.obj,-0.5194836112621923,-0.4945153554091921,-0.020351835066125857,-0.6963179069303991,-0.4597684412768024,-0.6109179330709484,-0.08563730659356587
Jet\m1168_06_fill_holes_and_orientation.obj,-0.5794601873046749,-0.52667531228991,-0.02035181636831527,-0.7069581088261142,-0.4734667690064206,-0.6210848863835009,-0.06818640851783737
Jet\m1169_06_fill_holes_and_orientation.obj,-0.15200654625722806,-0.5868784880993853,-0.02030407023639748,-0.9003096903367799,-0.3354912327872132,-0.984777369556032,-0.08796051037133054
Jet\m1171_06_fill_holes_and_orientation.obj,-0.41217108545622594,-0.4730424502517644,-0.020351392882450428,-0.6637244737031215,-0.581816288809455,-0.5463696015749756,-0.08512658843483334
Jet\m1172_06_fill_holes_and_orientation.obj,-0.3195007789151507,-0.5073925117229255,-0.020349309154256652,-0.6577345223281414,-0.4673585777140029,-0.48774661919068757,-0.029418042892161666
Jet\m1173_06_fill_holes_and_orientation.obj,-0.43863430352994714,-0.5151484460244198,-0.02035070992201599,-0.7475361591446923,-0.3461354648706226,-0.7986877325509086,-0.027381752200866995
Jet\m1174_06_fill_holes_and_orientation.obj,-0.6941860868189637,-0.5357650696878397,-0.02035236100402077,-0.6376568721925222,-0.49762891810617055,-0.5558523096152597,-0.054942203970132296
Jet\m1175_06_fill_holes_and_orientation.obj,-0.579097401375256,-0.5072278422048471,-0.02035204486230037,-0.7467918808923341,-0.3598853385183189,-0.6863783645634101,-0.08496053973995299
Jet\m1177_06_fill_holes_and_orientation.obj,-0.5848370330857533,-0.5125137337351648,-0.020352025409823775,-0.7955569919868539,-0.3727718180381865,-0.7759822533067374,-0.06015782345466829
Jet\m1178_06_fill_holes_and_orientation.obj,-0.7175454697187679,-0.5655208516046124,-0.02035223618064554,-0.6981637169962478,-0.6588001174611345,-0.5621609793768542,-0.055397380303740806
Jet\m1179_06_fill_holes_and_orientation.obj,-0.5777680820684471,-0.5889203901235578,-0.02034809157137063,-0.844143476300808,-0.6801401275460341,-0.812594749027064,0.0016668881802038937
Jet\m1180_06_fill_holes_and_orientation.obj,-0.5942385632640639,-0.5414955689169691,-0.02035167648510293,-0.7338771646574117,-0.4309929325089421,-0.6996118830752385,-0.0629865250925591
Jet\m1181_06_fill_holes_and_orientation.obj,-0.5919144938964657,-0.528256139663463,-0.020351883122622687,-0.7570271954187661,-0.5404249165916449,-0.6980248639358936,0.02278196749071315
Jet\m1182_06_fill_holes_and_orientation.obj,-0.6394712504046454,-0.5270869860851062,-0.020352180744494085,-0.6633374490118952,-0.5147808223471121,-0.4943992028064065,-0.05945492029548353
Jet\m1183_06_fill_holes_and_orientation.obj,-0.29374208215868375,-0.4080803253698224,-0.020351438083893544,-0.4800366010210771,-0.29136792691119023,-0.34972252573542933,-0.03544295740517624
Jet\m1184_06_fill_holes_and_orientation.obj,-0.7050320424569975,-0.52835494137431,-0.020352431951406007,-0.6803308100697414,-0.5778343666378177,-0.38786830405539374,-0.06583512605300966
Jet\m1185_06_fill_holes_and_orientation.obj,-0.6852230349430001,-0.5692259157613773,-0.02035193025944806,-0.747059821063183,-0.5330538503062813,-0.6334729500039402,-0.05712640285820983
Jet\m1187_06_fill_holes_and_orientation.obj,-0.6113154792108327,-0.4983356882286117,-0.020352255213784108,-0.702319766757417,-0.307295615597745,-0.5013347988645818,-0.030450865283777134
Jet\m1188_06_fill_holes_and_orientation.obj,-0.5987966773427008,-0.49326386707179604,-0.02035223592808857,-0.720706416703678,-0.4079905665659791,-0.5772430348546012,-0.04883525212430492
Jet\m1190_06_fill_holes_and_orientation.obj,-0.5978050624689559,-0.546122782374973,-0.020351609777663968,-0.7960571469724388,-0.4155935894827013,-0.7242017236451328,-0.0812338747431018
Jet\m1191_06_fill_holes_and_orientation.obj,-0.5440791536252015,-0.49588211240924307,-0.020351963020311847,-0.6231106980284303,-0.6981811988738477,-0.6381802708822678,-0.06846662335514073
Jet\m1193_06_fill_holes_and_orientation.obj,-0.7175606977701261,-0.572091165375942,-0.02035214871509623,-0.7513230468926917,-0.6904364246824072,-0.5725428788482344,-0.0141061293358446
Jet\m1194_06_fill_holes_and_orientation.obj,-0.4864853197364331,-0.46971612598658,-0.02035189891290133,-0.6361325903316922,-0.6991476848378354,-0.4408525322064338,-0.05745936581430509
Jet\m1195_06_fill_holes_and_orientation.obj,-0.4237941195973978,-0.4495770439255876,-0.020351751995879453,-0.5635327124836479,-0.6985677932594434,-0.2618632833145871,-0.07039484326328242
Jet\m1196_06_fill_holes_and_orientation.obj,-0.4979309918676669,-0.4870393592884312,-0.020351788450853493,-0.597709969831944,-0.701428591712853,-0.4212995966250696,-0.06441420713632541
Jet\m1197_06_fill_holes_and_orientation.obj,-0.6403065538100358,-0.547604808037679,-0.020351948600194007,-0.7645295202025385,-0.6857972920552564,-0.7181509892741317,-0.015201665727010706
Jet\m1198_06_fill_holes_and_orientation.obj,-0.6093103031540325,-0.526477708868216,-0.02035201969389194,-0.7066603975251708,-0.6971889399508167,-0.6347912864447505,-0.024659019934625884
Jet\m1199_06_fill_holes_and_orientation.obj,-0.6408856676455155,-0.5431093301941377,-0.020352017983076304,-0.6856955677127404,-0.657086215684993,-0.44005006654681017,-0.040370280795972754
Jet\m1200_06_fill_holes_and_orientation.obj,-0.6588149065844869,-0.5105706334218393,-0.020352361665896213,-0.6411698655436537,-0.2821540940544885,-0.30866780939932936,-0.05689779602901459
Jet\m1201_06_fill_holes_and_orientation.obj,-0.28753844276562096,-0.3890280621281477,-0.020351585452048678,-0.5828065421067201,-0.484845530422462,-0.3414041093887954,-0.08529698790601507
Jet\m1202_06_fill_holes_and_orientation.obj,-0.5488970403446569,-0.48766510345712927,-0.020352059326096406,-0.49726217689365904,-0.5051417356662525,-0.23641365810938164,-0.04567655767293302
Jet\m1204_06_fill_holes_and_orientation.obj,-0.6146737124192065,-0.49843448993945877,-0.020352267291630484,-0.7449579792785228,-0.3674497019964818,-0.6560745386046779,-0.05951048031807161
Jet\m1205_06_fill_holes_and_orientation.obj,-0.2745000956158521,-0.35163161457253556,-0.020351794008765273,-0.25375219540005856,0.1997615805499483,0.1105273544185069,-0.056725863223686265
Jet\m1207_06_fill_holes_and_orientation.obj,-0.7181304060444728,-0.5956059725575422,-0.02035141293675348,-0.6894110047485135,-0.6744829630368119,-0.4767879475264529,0.21740978365206456
Jet\m1208_06_fill_holes_and_orientation.obj,-0.49954203012460474,-0.46482544129965053,-0.02035200278006797,-0.6380736680138429,0.6551053343844181,-0.6133145827418779,-0.04664031594123083
Jet\m1209_06_fill_holes_and_orientation.obj,-0.39304510083403565,-0.2577535223160208,-0.020352380807981497,-0.42042884434620026,-0.5377831882900722,-0.09487877739327018,-0.04356898751486846
Jet\m1210_06_fill_holes_and_orientation.obj,-0.5455294015751502,-0.4156057223460069,-0.020352369451825406,-0.4185354004722006,-0.5451027086573578,0.023875392923080378,-0.061321931846428014
Jet\m1211_06_fill_holes_and_orientation.obj,-0.49118362146433925,-0.49887909763827054,-0.020351585132847582,-0.7823326559989507,-0.6937869093575715,-0.7351962196691723,-0.08867569681876389
Jet\m1212_06_fill_holes_and_orientation.obj,-0.6201723826111516,-0.5548008659777065,-0.020351626188569137,-0.8164920506691902,-0.32799130170665003,-0.7963448194196863,-0.06068339232647171
Jet\m1214_06_fill_holes_and_orientation.obj,-0.6057084211239256,-0.5527095630981104,-0.020351527216999805,-0.7267975899209789,-0.6881555178073897,-0.6284611220672732,-0.050948006977241826
Jet\m1215_06_fill_holes_and_orientation.obj,-0.5666045767712058,-0.4900692784210744,-0.020352122908714874,-0.6215447365854683,-0.5536722175380677,-0.5426796925150992,-0.06435781635994274
Jet\m1216_06_fill_holes_and_orientation.obj,-0.6124759463011098,-0.5256872951814395,-0.0203520473431967,-0.6911198676159283,-0.5265719511077896,-0.6263116604789958,-0.04289283779264584
Jet\m1217_06_fill_holes_and_orientation.obj,-0.6549613138231042,-0.526263638494714,-0.02035225982851216,-0.7451246976070512,-0.25824967454513464,-0.5553722631938778,-0.03222141682484066
Jet\m1218_06_fill_holes_and_orientation.obj,-0.5496772540348392,-0.5288654168803533,-0.020351532707282082,-0.7098816338013779,-0.4720363697797158,-0.6323158231822508,-0.02772676979011881
Jet\m1219_06_fill_holes_and_orientation.obj,-0.6050298770707532,-0.5042143900240118,-0.020352193527952644,-0.6340426569990699,-0.4486860688897164,-0.2889393344549225,-0.06624315750437225
Jet\m1220_06_fill_holes_and_orientation.obj,-0.6534653817190806,-0.5398324067843769,-0.02035213608223331,-0.7259104102441677,-0.5178349179933209,-0.5470216049234197,-0.06598229052734786
Jet\m1221_06_fill_holes_and_orientation.obj,-0.44933245749303263,-0.35767498588601404,-0.020352300384231994,-0.43817839210844256,-0.3267670861522633,-0.053637774386186075,-0.09719562844456385
Jet\m1222_06_fill_holes_and_orientation.obj,-0.3326045171089878,-0.209488886567232,-0.0203523568549431,-0.5090098648288834,-0.06666638352328477,-0.13418884740688497,-0.08065795269701714
Jet\m1223_06_fill_holes_and_orientation.obj,-0.6031671280825395,-0.5401288119169181,-0.020351780087273535,-0.7208671808061874,-0.6966348213314623,-0.6782175753999166,-0.038940597031158534
Jet\m1224_06_fill_holes_and_orientation.obj,-0.7058100167278625,-0.5913904328947344,-0.0203514346151987,-0.7103401092048306,-0.7013383863562127,-0.45416486430983233,0.00064704849241265
Jet\m1225_06_fill_holes_and_orientation.obj,-0.3267251456330846,-0.45599915513064654,-0.02035100319418464,-0.3717590008679821,-0.6134268230716872,0.07040048900134664,-0.054612621786383965
Jet\m1226_06_fill_holes_and_orientation.obj,-0.6909935706400775,-0.5619804569659261,-0.02035210520731747,-0.7429514051101649,-0.47896929576140285,-0.5041434286732644,-0.016579603815945147
Jet\m1227_06_fill_holes_and_orientation.obj,-0.6165445233169629,-0.5676450883878243,-0.02035115359382336,-0.6961154632457576,-0.5542907685550219,-0.7243271089044491,-0.0444567151958854
Jet\m1228_06_fill_holes_and_orientation.obj,-0.625359773517978,-0.5732273850506832,-0.020351027677498034,-0.7470240957070697,-0.6385812310944654,-0.7108034130782032,-0.07813025847711712
Jet\m1229_06_fill_holes_and_orientation.obj,-0.42653472095803246,-0.540968626459118,-0.020349269270031806,-0.6383058828285787,-0.555025297887654,-0.4174162360222483,-0.06309810877747206
Jet\m1230_06_fill_holes_and_orientation.obj,-0.6263061521215115,-0.5369342232661966,-0.020352001213272342,-0.7765511025346309,-0.33634174043552306,-0.6935969730640419,-0.06809981786303615
Jet\m1231_06_fill_holes_and_orientation.obj,-0.5494940695346758,-0.542878792868828,-0.020351171025453987,-0.691173455650098,-0.6592253712852923,-0.6669973859091081,-0.013243225369404102
Jet\m1232_06_fill_holes_and_orientation.obj,-0.6065235697554594,-0.511130509783306,-0.02035214977149986,-0.7659525802210477,-0.696802345565221,-0.7227651668169675,-0.08590520333008067
Jet\m1233_06_fill_holes_and_orientation.obj,-0.706471989078086,-0.5320929394346906,-0.020352421253408273,-0.6431823939380307,-0.6995342792234339,-0.4367793024966479,-0.06668473479396037
Jet\m1234_06_fill_holes_and_orientation.obj,-0.6382619639732491,-0.5830581552799656,-0.020350658669654523,-0.8532415336576367,-0.6895730305545756,-0.9554121418241811,-0.07317317669420431
Jet\m1235_06_fill_holes_and_orientation.obj,-0.5601474351114133,-0.5107682368435335,-0.02035189794324922,-0.7738776550521594,-0.6710422730050074,-0.7283895913062934,-0.03344241681884209
Jet\m1236_06_fill_holes_and_orientation.obj,-0.6441149103012068,-0.5991793010998443,-0.02034877487144526,-0.8693000812305208,-0.5165462700413316,-0.9926336516611862,0.06454475826838901
Jet\m1237_06_fill_holes_and_orientation.obj,-0.5256720226038968,-0.4696996590347722,-0.020352084397958166,-0.7519303779466162,-0.5381311232371087,-0.7089083044445386,-0.07876345427218898
Jet\m1238_06_fill_holes_and_orientation.obj,-0.7008738886684485,-0.5642858302190242,-0.020352142402186732,-0.7549372620861439,-0.41042611119523376,-0.5106348026698624,-0.05530621733829296
Jet\m1239_06_fill_holes_and_orientation.obj,-0.40887466022101254,-0.380070040344681,-0.02035212456229129,-0.41580836495555956,-0.29288853149453525,-0.0858582035944656,-0.05504759735248441
Jet\m1240_06_fill_holes_and_orientation.obj,-0.662996350333937,-0.5378069717120122,-0.02035220772525996,-0.8212494772582648,-0.6032207312919515,-0.7600260834497576,-0.06659395318406394
Jet\m1241_06_fill_holes_and_orientation.obj,-0.3636652630413321,-0.35543548044014733,-0.020352085605962314,-0.4020660113040147,-0.35976936020264105,-0.06428835655610103,-0.022112613183301252
Jet\m1242_06_fill_holes_and_orientation.obj,-0.5663264408919846,-0.5009539335660588,-0.020352034684070274,-0.6011276955667736,-0.695075557309558,-0.2694329705413044,0.00010552281820035801
Jet\m1243_06_fill_holes_and_orientation.obj,-0.5722080517872051,-0.5378728395192435,-0.020351549348851458,-0.7540619908613704,-0.4320625103090917,-0.716829070397341,-0.04283252190238226
Jet\m1245_06_fill_holes_and_orientation.obj,-0.6301395901090375,-0.517964294783561,-0.020352208025836604,-0.7730321549574806,-0.6955008111337158,-0.6843292111825855,-0.08984112096629543
Jet\m1246_06_fill_holes_and_orientation.obj,-0.6399012189135862,-0.48894952569814104,-0.02035238919058591,-0.7595517872507657,-0.5920352670687095,-0.637940247671577,0.005657573062528479
Jet\m1247_06_fill_holes_and_orientation.obj,-0.5645774544050949,-0.4600664922271838,-0.020352277966340333,-0.6438016334439929,-0.4048591520426517,-0.38533552181720687,-0.07538349685516602
Jet\m1248_06_fill_holes_and_orientation.obj,-0.5236211623930215,-0.45436892690167,-0.020352166810085233,-0.6885119166196645,-0.1846421035276599,-0.4626373254036261,-0.07693826444965232
Jet\m1249_06_fill_holes_and_orientation.obj,-0.5454644584149454,-0.34642805780125707,-0.020352482812849057,-0.5309273708043326,-0.023251834020856215,-0.034142157780509275,-0.07991474531968933
Jet\m1250_06_fill_holes_and_orientation.obj,-0.4382110532789585,-0.4683329020347212,-0.020351635878670723,-0.6188117468428084,-0.7015059105899715,-0.4820863703415568,-0.08705598643097517
Jet\m1251_06_fill_holes_and_orientation.obj,-0.15200654625722806,-0.5868784880993853,-0.02030407023639748,-0.9003096903367799,-0.3354912327872132,-0.984777369556032,-0.08796051037133054
Jet\m1252_06_fill_holes_and_orientation.obj,-0.5175397952946887,-0.560004422748985,-0.020349796825776176,-0.7702098518245376,-0.6867766644987658,-0.7204974848413346,-0.005079278074138613
Jet\m1253_06_fill_holes_and_orientation.obj,-0.41772484536337917,-0.44578964500978363,-0.020351754921684628,-0.5154463831552786,-0.701480137630931,-0.19089164410564508,-0.06323750768181605
Jet\m1255_06_fill_holes_and_orientation.obj,-0.40177390944939917,-0.47687925002299186,-0.020351248987848694,-0.4669789833617019,-0.4134286609233645,-0.19475351009258351,-0.05638051728888707
Jet\m1256_06_fill_holes_and_orientation.obj,-0.6059932752610989,-0.6061777556181775,-0.020343841177117614,-0.7754317080430838,-0.6963126593434663,-0.8286548095274773,-0.05957961881363373
Jet\m1257_06_fill_holes_and_orientation.obj,-0.6724059424217903,-0.6057825487747894,-0.0203485016257942,-0.7742349086132915,-0.6953204004204353,-0.8180293044094256,-0.05443734697721912
Jet\m1258_06_fill_holes_and_orientation.obj,-0.5102486938810963,-0.498829696782847,-0.020351721923678564,-0.7050527565000768,-0.4634797473785247,-0.6263224077869372,-0.08649391423743746
Jet\m1259_06_fill_holes_and_orientation.obj,-0.28753844276562096,-0.3890280621281477,-0.020351585452048678,-0.5828065421067201,-0.484845530422462,-0.3414041093887954,-0.08529698790601507
Jet\m1260_06_fill_holes_and_orientation.obj,-0.35743743791964144,-0.5049060019999412,-0.0203500090789445,-0.7256722412034129,-0.39782313422480564,-0.5909351051719288,-0.09517776861959773
Jet\m1261_06_fill_holes_and_orientation.obj,-0.46280077315174245,-0.40842613135778716,-0.020352175092747837,-0.47315946996928576,-0.5193297496176255,-0.19092388602946916,-0.06193722924879396
Jet\m1262_06_fill_holes_and_orientation.obj,-0.501300870056491,-0.531730666494918,-0.020350940964692775,-0.6980148613457762,-0.418866755280747,-0.6052505193498569,-0.047140353770941286
Jet\m1263_06_fill_holes_and_orientation.obj,-0.3185239442089007,-0.46648860343224274,-0.020350715582757393,-0.7237847515554322,-0.6933745420129354,-0.6636872150631608,-0.01765567287652469
Jet\m1264_06_fill_holes_and_orientation.obj,-0.5139840453025203,-0.5287995490731219,-0.020351176766722493,-0.790013607563289,-0.6620990562182206,-0.7935326071750232,-0.03889952931071855
Jet\m1265_06_fill_holes_and_orientation.obj,-0.7182598444810186,-0.5950790300996913,-0.020351447753712136,-0.6879462651478722,-0.670114446479579,-0.4698308568523948,0.36969379249090945
Jet\m1266_06_fill_holes_and_orientation.obj,-0.4650146630889245,-0.5321094063864984,-0.020350436988190394,-0.6775978203270814,-0.6834519527826391,-0.6307610459667301,0.07212570391285174
Jet\m1267_06_fill_holes_and_orientation.obj,-0.6395782946480171,-0.5558712178452163,-0.020351791229272796,-0.7774561448894987,-0.6782844744951745,-0.7783824854136473,-0.08098119504252162
Jet\m1268_06_fill_holes_and_orientation.obj,-0.8100388621337683,-0.6165848691607346,-0.020351826343832473,-0.8341999188493004,-0.692962174668302,-0.8407670255774209,-0.04257846473289123
Jet\m1269_06_fill_holes_and_orientation.obj,-0.8277060890126041,-0.6266791106189425,-0.020350523593317234,-0.8857813788507444,-0.6880395394917118,-1.0174635154417715,0.07227426721834122
Jet\m1271_06_fill_holes_and_orientation.obj,-0.7178769037777432,-0.6052556063169384,-0.02035050112439125,-0.7351930486075813,-0.6872405777614801,-0.7978673547113828,-0.01577495784393992
Jet\m1273_06_fill_holes_and_orientation.obj,-0.8218486638460115,-0.620751007968119,-0.020351711044041185,-0.8817503678359716,-0.6886323175496255,-0.995886503531446,-0.07692573351765354
Jet\m1274_06_fill_holes_and_orientation.obj,-0.6467650391214186,-0.5484610895316868,-0.0203519835816703,-0.6929954488118714,-0.6595990791913663,-0.6000380749982839,-0.0852888378156931
Jet\m1275_06_fill_holes_and_orientation.obj,-0.6961236324123785,-0.5667064721347772,-0.020352070602993693,-0.6832841061750994,-0.6152180437249472,-0.6857550207028096,-0.09105910334603727
Jet\m1276_06_fill_holes_and_orientation.obj,-0.8215387282124832,-0.6254440892333544,-0.020350630844183305,-0.8647689152301632,-0.6738386390608201,-1.000518593254184,0.011254772006413219
Jet\m1277_06_fill_holes_and_orientation.obj,-0.8434129282209873,-0.630631179052825,-0.020348887952985024,-0.924817284630436,-0.6927044450779031,-1.0704799855166358,0.15184419875687144
Jet\m1278_06_fill_holes_and_orientation.obj,-0.805322645051323,-0.6186926389921386,-0.020351466353697997,-0.8537714597733159,-0.6872921236795609,-0.9170191754215646,-0.05506516898203113
Jet\m1279_06_fill_holes_and_orientation.obj,-0.7304122773488239,-0.6012212031240168,-0.020351273332059168,-0.8759926312757274,1.033375054210571,-0.9265592024375363,-0.06623867618104601
Jet\m1280_06_fill_holes_and_orientation.obj,-0.8289534455723961,-0.6265967758599034,-0.020350652017329225,-0.9030426800794397,-0.6969183238808988,-1.030449845870948,-0.06897906077863102
Jet\m1281_06_fill_holes_and_orientation.obj,-0.7741862067460505,-0.6158273893775739,-0.020350814023007823,-0.8348370210333191,-0.6999724195271076,-0.886246050349392,-0.011595539940978143
Jet\m1282_06_fill_holes_and_orientation.obj,-0.7742189022680845,-0.6153004469197229,-0.020350907470938664,-0.886341076096518,-0.6641222335028392,-1.0176569669847164,0.11760970677770996
Jet\m1283_06_fill_holes_and_orientation.obj,-0.7774342605240082,-0.6170130099077386,-0.020350714600061333,-0.8717829934803883,-0.698426041984725,-0.9783039077393363,-0.012523273559966167
Jet\m1284_06_fill_holes_and_orientation.obj,-0.8012056965782139,-0.6302524391612446,-0.020339492825767042,-0.9288721125492845,-0.6952946274613977,-1.1000744891512364,-0.09302512967257962
Jet\m1285_06_fill_holes_and_orientation.obj,-0.8687120961335238,-0.6312239893179074,-0.0203513600790304,-0.9265916439840582,-0.16672989699504587,-1.0581743179237473,-0.06607847361929729
Jet\m1286_06_fill_holes_and_orientation.obj,-0.7197212895275541,-0.5927736568465932,-0.020351596096348665,-0.7141924934390376,-0.690500857080007,-0.7394270765620984,0.005017394188417512
Jet\m1287_06_fill_holes_and_orientation.obj,-0.743975096502728,-0.6017316786300599,-0.02035152046067415,-0.6760378131101384,-0.6572279669597114,-0.7097358471560254,-0.05613632077134078
Jet\m1288_06_fill_holes_and_orientation.obj,-0.43587489104704635,-0.4807160497942194,-0.02035145166221337,-0.6376985517746543,-0.6807715650425072,-0.6662808987130155,-0.056993225112996176
Jet\m1289_06_fill_holes_and_orientation.obj,-0.5133691007579622,-0.5267741140007571,-0.02035122384116717,-0.735782516983449,-0.7019311644141264,-0.8294787698029837,-0.08517608791069137
Jet\m1290_06_fill_holes_and_orientation.obj,-0.6795326704574856,-0.5843919783764009,-0.020351356930395192,-0.696585847101248,-0.26906143086230283,-0.7239222936386568,-0.024213991456416808
Jet\m1291_06_fill_holes_and_orientation.obj,-0.5474320122272135,-0.4765828448904507,-0.020352131174626205,-0.5285218634927104,-0.4651163302775475,-0.5424468341763691,-0.0890181359064761
Jet\m1292_06_fill_holes_and_orientation.obj,-0.5621369352329919,-0.5782168714484597,-0.020349191332368892,-0.8122228706136625,-0.6817122780474573,-0.9299625166189757,-0.06611445317054393
Jet\m1293_06_fill_holes_and_orientation.obj,-0.6268413733383702,-0.5838321020149343,-0.020350335010727808,-0.832830446864961,-0.6880137665326713,-0.8129386628811883,-0.09925466992191893
Jet\m1296_06_fill_holes_and_orientation.obj,-0.5210579230423248,-0.46943618780584667,-0.020352066210637135,0.04470933802166476,-0.6892250956075393,1.1892453998035042,0.08816019129582128
Jet\m1297_06_fill_holes_and_orientation.obj,-0.7587162981014482,-0.6018963481481384,-0.02035177894454766,-0.06724201958507117,-0.6379755665570328,0.540613123616949,-0.0071754447517827806
Jet\m1298_06_fill_holes_and_orientation.obj,-0.5163945562557701,-0.4210892172980187,-0.02035228286214252,-0.6571450539522736,-0.15473258456205027,-0.4436217552193313,-0.09455198710434407
Jet\m1299_06_fill_holes_and_orientation.obj,-0.5986600727643394,-0.4993731061925058,-0.020352198428847532,-0.48972412675377347,-0.5327703477568446,-0.1814125185013412,-0.05618062368441512
Jet\m1300_06_fill_holes_and_orientation.obj,-0.4994967938543932,-0.48700642538481553,-0.020351798470887923,-0.6106604114229794,-0.4234156825512604,-0.44750869825813305,-0.07182077597691555
Jet\m1301_06_fill_holes_and_orientation.obj,-0.646563939266716,-0.5166140047353178,-0.02035228661140418,-0.4666634093827019,-0.5745225414012098,0.026938375686375776,-0.009322462264790842
Knife\D01015_06_fill_holes_and_orientation.obj,-0.651118470274445,-0.6329036184023074,-0.019692020742817357,-0.8575523932952964,-0.6997146899367115,-1.0065729100611656,1.7874651294183683
Knife\D01025_06_fill_holes_and_orientation.obj,-0.7336271877208839,-0.5901389445573383,-0.020351898377845835,-0.30744740563820044,-0.6695087819421436,-0.32667671507311424,0.07204242677889978
Knife\D01032_06_fill_holes_and_orientation.obj,-0.7930963113460435,-0.6029172991602246,-0.020352207041257613,0.21740570947288096,-0.7019311644141264,0.8145978274027191,0.4209796081680658
Knife\D01051_06_fill_holes_and_orientation.obj,-0.7167486843256368,-0.6321132047155308,-0.02018660305926158,-0.7297747029304122,-0.7003976733512626,-0.9280172538815845,0.08663910483374992
Knife\D01054_06_fill_holes_and_orientation.obj,-0.8443499012633877,-0.6241432000405347,-0.020351964879088965,2.0752730830098316,-0.7014930241104527,1.3470445398709154,7.74554238630944
Knife\D01057_06_fill_holes_and_orientation.obj,-0.8291885846007231,-0.6112660437268013,-0.020352369539279366,0.4507280102482001,-0.6990703659607168,1.115841286563828,0.17171365294851945
Knife\D01063_06_fill_holes_and_orientation.obj,-0.7283645523249929,-0.6249830145827348,-0.020337789821125322,-0.20553487309927426,-0.6934776338490943,-0.2580121646355899,0.7437418760873302
Knife\D01075_06_fill_holes_and_orientation.obj,-0.827201323898462,-0.6146417688474091,-0.020352249755765352,0.06975876688303782,-0.6800241492303564,-0.08571848859122772,0.04107933801401924
Knife\D01077_06_fill_holes_and_orientation.obj,-0.7759526607036161,-0.5759114981953616,-0.02035244612192299,1.0881993562801304,-0.6632974988135698,1.2612523630108001,0.05514767722655656
Knife\D01107_06_fill_holes_and_orientation.obj,-0.7403230514799114,-0.5921149787742794,-0.020351916008794217,0.5270850047141493,-0.672369580395556,0.3534559206896477,0.14251257715808222
Knife\D01119_06_fill_holes_and_orientation.obj,-0.7759799816192883,-0.5939592773767579,-0.020352243008151926,0.912377016169009,-0.6964672970977034,1.067711259166315,0.24276367976184882
Knife\D01132_06_fill_holes_and_orientation.obj,-0.8139466488426322,-0.6036418450397698,-0.020352382593587636,0.28858252730241607,-0.7018538455370079,0.8781860660559282,0.22821753685592056
Knife\D01150_06_fill_holes_and_orientation.obj,-0.7268610061952901,-0.5746929437615812,-0.020352177970279675,-0.2838746248295063,-0.6920601211019113,-0.20467685775846453,-0.07700336706416093
Knife\D01168_06_fill_holes_and_orientation.obj,-0.8128112632487102,-0.596050580256354,-0.020352465796732052,0.9877515633418452,-0.6896374629521754,1.2824424718352356,0.020878826852838983
Knife\D01174_06_fill_holes_and_orientation.obj,-0.8612543819227169,-0.6292314881491583,-0.020351689352503238,-0.23407943263372222,-0.6938771147142117,-0.35640735127497225,0.5791765989184186
Knife\D01187_06_fill_holes_and_orientation.obj,-0.7564114877399797,-0.621376752136817,-0.02034758066131272,-0.3938372709459406,-0.5822028831950506,-0.5082596476148157,1.5868640004225576
Knife\D01189_06_fill_holes_and_orientation.obj,-0.6935738295775864,-0.5723711035566753,-0.020351940124106346,2.804802717519464,-0.6049990654656956,3.032097039821148,0.7856909796229217
Knife\m722_06_fill_holes_and_orientation.obj,-0.8525779757193804,-0.6249500806791191,-0.02035210289577782,-0.6294519487385235,-0.7021244616069257,-0.6230050720690289,0.7564389699217412
Knife\m723_06_fill_holes_and_orientation.obj,-0.8154009277473521,-0.6205204706428092,-0.02035153617516717,-0.7317217348385818,-0.5865198538342055,-0.5501705661502463,-0.011924434577062186
Knife\m724_06_fill_holes_and_orientation.obj,-0.7733316443345306,-0.5751046175567772,-0.020352440316322554,0.8885362951894659,-0.6750370816561664,0.8997236711704683,-0.02348897996077279
Knife\m725_06_fill_holes_and_orientation.obj,-0.7151510825846032,-0.5864338804005734,-0.020351790343416092,-0.23418660870206184,-0.6730783367691476,0.2752800027239957,-0.02313809012898437
Knife\m726_06_fill_holes_and_orientation.obj,-0.7192510114709,-0.5708232100867381,-0.020352179717671046,0.8115183816354223,-0.4431577691756965,0.9792501675007551,0.7034147283483552
Knife\m727_06_fill_holes_and_orientation.obj,-0.651907641641897,-0.5595268811465576,-0.020351827660412606,0.010627348289670463,-0.4460572270676654,0.4241409650201528,0.2256762356800593
Knife\m728_06_fill_holes_and_orientation.obj,-0.6960134529819625,-0.563363680917785,-0.02035212119407484,-0.32878139746380064,-0.701634775385171,0.1558881588031226,-0.030536998628394298
MilitaryVehicle\D00017_06_fill_holes_and_orientation.obj,1.9715868688602318,0.23834633479887504,-0.02034444789517301,0.2141725647446361,1.8857383555725988,0.08949129034123109,-0.09824936209598027
MilitaryVehicle\D00051_06_fill_holes_and_orientation.obj,0.3918839106630016,0.9613772547776596,-0.0203524113831207,0.9608980039967556,0.6007372772901031,0.8415413284117774,-0.1002610126297274
MilitaryVehicle\D00100_06_fill_holes_and_orientation.obj,0.7895904491496911,1.3926631895768842,-0.020352325819646216,0.10367403828650384,0.6866643227285723,0.655258239863709,-0.10414101737078992
MilitaryVehicle\D00173_06_fill_holes_and_orientation.obj,1.1208874556627337,0.14499518500021125,-0.020349038001881075,0.36832747637310065,-0.20989960338659708,0.14175186642421783,-0.10041579946792949
MilitaryVehicle\D00272_06_fill_holes_and_orientation.obj,1.2065089659603594,0.2002582752673334,-0.020349085089769698,0.8561810310029431,-0.12821220971016706,0.5328535672832673,-0.09312538345812253
MilitaryVehicle\D00334_06_fill_holes_and_orientation.obj,0.22270966563316508,-0.20883020849491823,-0.02035053869696913,0.15389198052962744,-0.5139303146987994,0.24291985851247813,-0.09833659836515904
MilitaryVehicle\D00458_06_fill_holes_and_orientation.obj,0.5315040910772407,0.13068540387919536,-0.020351299321182615,0.6833119869971799,0.2429312869414995,0.3549856208533052,-0.0970505519314294
MilitaryVehicle\D00529_06_fill_holes_and_orientation.obj,0.3224771398749458,-0.03436285409081822,-0.020351276920910526,0.7234970583985127,-0.5225384830180714,0.5197131921069309,-0.09650078992673934
MilitaryVehicle\D00577_06_fill_holes_and_orientation.obj,1.0341086134618755,0.49335355049513663,-0.020351128304038908,1.2303029144464084,0.37211824412815725,0.6160126536977424,-0.09781714463247787
MilitaryVehicle\D00611_06_fill_holes_and_orientation.obj,0.5747490696316976,0.08948509045597142,-0.02035100447414026,0.5924921775314026,-0.6349859033084237,0.43032066708645067,-0.09471281945658848
MilitaryVehicle\D00723_06_fill_holes_and_orientation.obj,1.0035817450947992,0.49747028844709745,-0.02035120866323209,1.2626522244069123,0.37597130150459784,0.624879182749387,-0.09888369167218324
MilitaryVehicle\D00761_06_fill_holes_and_orientation.obj,0.20664451933399752,0.3493500569355468,-0.02035226099199908,0.4223323063642238,-0.6002052950843049,0.8026432385359157,-0.10138812557702884
MilitaryVehicle\D00778_06_fill_holes_and_orientation.obj,0.6159288556916475,0.4586906169396265,-0.020351860035870188,0.9575457747481334,-0.48876302019650236,1.0311381702417735,-0.09778346191767474
MilitaryVehicle\D00799_06_fill_holes_and_orientation.obj,0.2189107147031268,0.1761341908688429,-0.020352064086737155,0.1528261740722502,1.2057446042683015,0.29374029533131873,-0.09919107927931649
MilitaryVehicle\D00801_06_fill_holes_and_orientation.obj,-0.04506845136113104,-0.28237161526874655,-0.02035126927610377,0.5508423665294283,-0.6846632818575071,0.45832098670974536,-0.09774369729390114
MilitaryVehicle\D00918_06_fill_holes_and_orientation.obj,1.5659751801831185,0.812318407013062,-0.020350744423676,0.6665448865280503,0.2139109350627619,0.7282288783497491,-0.10157748443219129
MilitaryVehicle\D00932_06_fill_holes_and_orientation.obj,0.8663913346399398,0.6036985945594949,-0.02035168196919982,0.733910999705511,-0.07100912712148008,0.7445934459085017,-0.1011690304831846
MilitaryVehicle\D00933_06_fill_holes_and_orientation.obj,0.5837121215076612,-0.18931687060262392,-0.020348246142691977,0.1104082679138423,-0.6280787502857743,0.29384418597475215,-0.09806718253599127
MilitaryVehicle\D00952_06_fill_holes_and_orientation.obj,1.372350059278177,0.8486939035565877,-0.02035122623667784,0.08895519156786481,2.0478631544120343,-0.17388223807040912,-0.09048156014326203
MilitaryVehicle\D00971_06_fill_holes_and_orientation.obj,0.7202965450952324,0.06932954144317113,-0.020350351413008554,0.6488727437040535,-0.572151429169555,0.518251558226902,-0.09995052987131375
Monitor\D00007_06_fill_holes_and_orientation.obj,1.3592275099620739,0.7652064578908222,-0.020351080013775422,-0.03866173469450995,0.0777008465377769,0.99369813180996,-0.09513226230031237
Monitor\D00141_06_fill_holes_and_orientation.obj,0.1081091736006505,0.07341334549151625,-0.020352085600059855,-0.30416662710180475,-0.3942922388363638,0.10331232835385541,-0.10268270662140822
Monitor\D00229_06_fill_holes_and_orientation.obj,0.19987341108590562,0.15121969278357594,-0.020352057445602142,-0.36614416573219055,1.0636067351641765,-0.1279446614929389,-0.10167894083275114
Monitor\D00336_06_fill_holes_and_orientation.obj,2.485923261164864,5.183734235633997,-0.0203523365983174,1.8046475562263116,1.0484651217283347,2.508144283062628,-0.10055417377592683
Monitor\D00339_06_fill_holes_and_orientation.obj,0.2445556489582699,0.5041888047846976,-0.020352327054909,0.2438603356747067,1.5284993703228684,0.45664440667088885,-0.08309104463075971
Monitor\D00364_06_fill_holes_and_orientation.obj,2.50487367531257,5.195129366285025,-0.020352332717552848,1.59908385715095,0.11681131188056942,2.5369649805254486,-0.10427316498129828
Monitor\D00387_06_fill_holes_and_orientation.obj,-0.1417509015512609,0.011349404127754857,-0.020352352192663663,0.24595026900732891,0.7956452800280797,0.6061752844953926,-0.09530471808493424
Monitor\D00391_06_fill_holes_and_orientation.obj,1.4505693929640668,-0.2087643406876869,-0.02033374316723089,0.14053665156930897,0.9169199387895409,0.3414726723350008,-0.0639092733975855
Monitor\D00412_06_fill_holes_and_orientation.obj,0.33245554446941866,0.4815138121452973,-0.02035223467422085,-0.20385578136195376,2.0380178840588568,0.028736758548567946,-0.10203915805166759
Monitor\D00444_06_fill_holes_and_orientation.obj,0.8279225896056347,0.6575455269711425,-0.020351815730752103,0.41548494644252676,2.1180042624386672,0.5755562041703799,-0.09142553855930768
Monitor\D00469_06_fill_holes_and_orientation.obj,0.7128043438269374,3.9051248286103872,-0.020352584394505407,1.373353194549686,0.7619471360836292,1.5748588087404851,-0.1030303596781741
Monitor\D00548_06_fill_holes_and_orientation.obj,1.343765663227014,0.34795036603188023,-0.020349540995667884,0.6579053045746746,1.3115683740854411,0.8681265858227895,-0.08453163737968804
Monitor\D00659_06_fill_holes_and_orientation.obj,0.9923859921593875,5.734800777883474,-0.020352594312637046,1.8337875383626463,3.411239801134355,1.6407039820613856,-0.10394308197169094
Monitor\D00852_06_fill_holes_and_orientation.obj,1.8785089880033896,4.022797666229235,-0.020352377487238383,1.4357594374534304,1.4897110669680718,2.223351369923803,-0.10287328470666349
Monitor\D00863_06_fill_holes_and_orientation.obj,0.4213497421574934,1.0475158796844881,-0.020352419889832857,-0.012272604978891646,2.6449066370469554,0.5984873768813201,-0.08659836768121057
Monitor\D00915_06_fill_holes_and_orientation.obj,0.5403000822721263,-0.2554481490629227,-0.02034709627467277,-0.6772465209919682,-0.5947414277678819,-0.48610586351163576,-0.06584221119608638
Monitor\D00919_06_fill_holes_and_orientation.obj,1.6015944880779636,2.4579432359298843,-0.02035220564629672,2.3826600012338366,1.1698170993669146,1.9559153591103178,-0.09011793050423506
Monitor\D00920_06_fill_holes_and_orientation.obj,0.11273402237494595,-0.6321790725227623,0.003914698586090163,-0.9599412639157321,0.910347834234409,-1.165335725407321,-0.01215513094984934
Monitor\D00978_06_fill_holes_and_orientation.obj,0.5378017860816343,2.930511818911372,-0.02035257611074036,0.6737971338190303,0.1986920027497987,1.6263419962157113,-0.10386519524307473
Monitor\D01000_06_fill_holes_and_orientation.obj,1.0231085857748046,-0.4226206438161481,-0.020310907597802658,-0.6889525293450607,2.6734501891834572,-0.7825631882028471,-0.09118299959338014
Monoplane\D00011_06_fill_holes_and_orientation.obj,-0.6313717186174713,-0.5447560253749221,-0.02035192573605691,-0.8100733950208516,-0.6849596708864625,-0.8796866100691653,-0.08528252804282468
Monoplane\D00019_06_fill_holes_and_orientation.obj,-0.5227415184851465,-0.4961291166863607,-0.02035183650258933,-0.651041972282935,-0.6773953074083024,-0.5627735759295133,-0.07365484537072525
Monoplane\D00043_06_fill_holes_and_orientation.obj,-0.5777237415659625,-0.48284028657743117,-0.020352214124413657,-0.7345261752934681,-0.6949338060348396,-0.7076365396714744,-0.08203304644319773
Monoplane\D00098_06_fill_holes_and_orientation.obj,-0.4891784454075389,-0.42706672080426583,-0.020352179423045645,-0.6985924212696062,-0.5522675912704034,-0.5416837753125306,-0.06849072550070702
Monoplane\D00167_06_fill_holes_and_orientation.obj,-0.8402522117964083,-0.6262839037755543,-0.02035142849802646,-0.8586539251087869,-0.6995342792234339,-0.9154858928219267,-0.043510893297609834
Monoplane\D00169_06_fill_holes_and_orientation.obj,-0.5980393057295559,-0.5191828492173414,-0.02035203233013048,-0.7616595832614446,-0.5551541626828506,-0.7663060937235082,-0.03957057424867192
Monoplane\D00262_06_fill_holes_and_orientation.obj,-0.5974006233402334,-0.5446736906158829,-0.02035163839845499,-0.7325196011251099,-0.5562366269625219,-0.5888035557635536,-0.05869522838928878
Monoplane\D00301_06_fill_holes_and_orientation.obj,-0.6972702151028876,-0.5548502668331301,-0.02035223175130349,-0.7211232125249987,-0.5897028142756138,-0.5948292130826914,-0.07896325926292284
Monoplane\D00304_06_fill_holes_and_orientation.obj,-0.5860033226662554,-0.5295405619044748,-0.020351821158643923,-0.6032176288993958,-0.6235942554128607,-0.3721521574091049,-0.0747640243215867
Monoplane\D00319_06_fill_holes_and_orientation.obj,-0.6202830099254312,-0.5015467438311412,-0.020352271332610222,-0.7386762708286184,-0.6181303880964377,-0.7300410942932867,-0.07893712058376869
Monoplane\D00402_06_fill_holes_and_orientation.obj,-0.5686155753182314,-0.47750499419168996,-0.020352209255879855,-0.5721782486630426,-0.562744299120054,-0.3186914652726634,-0.08212517070946503
Monoplane\D00482_06_fill_holes_and_orientation.obj,-0.5208922060128373,-0.5111799106387296,-0.020351616416145312,-0.5991032587203589,-0.6757587245092797,-0.39641957874075767,-0.07284741676910518
Monoplane\D00617_06_fill_holes_and_orientation.obj,-0.5393933926454729,-0.44519683474470134,-0.020352260990652737,-0.7013670905943983,-0.7021244616069257,-0.6279345039781452,-0.07671982050854423
Monoplane\D00688_06_fill_holes_and_orientation.obj,-0.571436347890429,-0.548955098085922,-0.020351243373556233,-0.7057791720743787,-0.7001786031994257,-0.7405698736398659,-0.07799570801015716
Monoplane\D00798_06_fill_holes_and_orientation.obj,-0.49156342698057043,-0.5330150887359298,-0.020350772213449535,-0.7468097435703905,-0.5718421536610779,-0.7238398976111061,-0.07618243515300538
Monoplane\D00840_06_fill_holes_and_orientation.obj,-0.509635540871992,-0.45501113802217596,-0.020352110547843135,-0.608802692905093,-0.7021244616069257,-0.461985322055182,-0.058939134538604
Monoplane\D00864_06_fill_holes_and_orientation.obj,-0.6412314339881221,-0.5422530487001299,-0.02035203162565001,-0.6956569878423049,-0.6695732143397434,-0.5826381834411777,-0.09500700519913456
Monoplane\D00925_06_fill_holes_and_orientation.obj,-0.6117499265584085,-0.5168445420606276,-0.020352128544724485,-0.7053861931571334,-0.6644572819703568,-0.5652597864999542,-0.0722617606621302
Monoplane\D00963_06_fill_holes_and_orientation.obj,-0.7145616674202634,-0.5953425013286167,-0.020351362434453128,-0.7217305435789231,-0.6340580767829924,-0.787961919225404,-0.04879580476936144
Monoplane\D00995_06_fill_holes_and_orientation.obj,-0.7255075011598534,-0.5924937186658599,-0.02035169861219359,-0.6997475411172663,-0.6776916964372608,-0.6132321867143272,-0.06354163636049225
Motorcycle\D00021_06_fill_holes_and_orientation.obj,0.7066262338140928,0.22266979667780817,-0.020351134102771024,0.004119379251048855,0.19816365708948472,0.19699661167892954,-0.09433779583147019
Motorcycle\D00039_06_fill_holes_and_orientation.obj,0.21357059539885373,0.18354431918237238,-0.020352082382936607,-0.09100533562636902,0.3561390095235244,0.26200349498040165,-0.09317265888739333
Motorcycle\D00054_06_fill_holes_and_orientation.obj,-0.2090069340268853,-0.45000518467259154,-0.020349988940865548,-0.7828447194365731,-0.5145875251543128,-0.7886246698817896,-0.08983464504266808
Motorcycle\D00224_06_fill_holes_and_orientation.obj,-0.1445156886405235,-0.3077142541010174,-0.020351534980255746,-0.4645020253378533,-0.5905533219239236,-0.45493150560965134,-0.07363145846461641
Motorcycle\D00269_06_fill_holes_and_orientation.obj,-0.1336665978154452,-0.33516466276469226,-0.020351267762361985,-0.5154880627374108,-0.5287239931876077,-0.5023199687592089,-0.08205087125485327
Motorcycle\D00288_06_fill_holes_and_orientation.obj,0.25848752441568174,0.011563474501256806,-0.020351636571141394,0.43863497720388134,-0.12037723016208632,0.5484514935422008,-0.09101039981143387
Motorcycle\D00342_06_fill_holes_and_orientation.obj,-0.14103473525355617,-0.4147823747556147,-0.020350171991318895,-0.6450162955518417,-0.37903464708484125,-0.6880298675504033,-0.09018838000840444
Motorcycle\D00345_06_fill_holes_and_orientation.obj,0.30211454790568676,-0.07529969628511675,-0.020351146854619716,0.2860638896964353,-0.6953461733794758,0.20134927139519154,-0.08936914125260169
Motorcycle\D00395_06_fill_holes_and_orientation.obj,-0.21969881761588209,-0.43661755285281495,-0.02035043696630739,-0.5109271256069586,-0.4296527386388747,-0.5812768577686019,-0.09240882112416654
Motorcycle\D00396_06_fill_holes_and_orientation.obj,-0.20350692018334976,-0.4376385038649012,-0.020350255060667732,-0.6268320892902222,-0.23084013260637945,-0.6333762242324678,-0.08963805783829859
Motorcycle\D00476_06_fill_holes_and_orientation.obj,0.20512037054657495,-0.3521585570303865,-0.020348095541725737,-0.5996391390620569,-0.6020480616556457,-0.5396811935994521,-0.08677897592973668
Motorcycle\D00521_06_fill_holes_and_orientation.obj,-0.2984533725186308,-0.4267867826235325,-0.020351245382616793,-0.39148535166848814,-0.6535553202965513,-0.3860914158090844,-0.09010226486125135
Motorcycle\D00544_06_fill_holes_and_orientation.obj,0.23716780463016582,-0.3790655562844025,-0.020346601954310886,-0.6815395179515714,-0.10411449300801684,-0.6038282922656132,-0.08681499424949374
Motorcycle\D00594_06_fill_holes_and_orientation.obj,0.2361103508284893,-0.3806628506097633,-0.020346543091552538,-0.6807356974390243,-0.13251629386980024,-0.6029505954504,-0.08558203456562657
Motorcycle\D00703_06_fill_holes_and_orientation.obj,0.2299398548413242,-0.2473958096288873,-0.020350051869159818,-0.23630035893875967,-0.13264515866499973,-0.27437673219434255,-0.07769320365294793
Motorcycle\D00768_06_fill_holes_and_orientation.obj,0.010727576699628347,-0.22318939047135763,-0.020351427947887985,-0.44515079077653574,0.10267484384727747,-0.4075717019479374,-0.09764795727064214
Motorcycle\D00858_06_fill_holes_and_orientation.obj,-0.11740975722270842,-0.3443532218734688,-0.020351086638666475,-0.5595612437290636,-0.5403475977145263,-0.6584891004555097,-0.0918564861562955
Motorcycle\D00880_06_fill_holes_and_orientation.obj,-0.1257717489538817,-0.22356813036293802,-0.020351887452959516,-0.4748981039667949,-0.6351534275421825,-0.29011437345651414,-0.09153544333036148
Motorcycle\D00886_06_fill_holes_and_orientation.obj,0.1327857829429497,-0.36062257025961797,-0.02034868789388787,-0.45083707662455363,-0.6350761086650611,-0.4033336801830503,-0.08105480457588682
Motorcycle\D00945_06_fill_holes_and_orientation.obj,0.3819923955380437,0.07960491937126536,-0.02035153060479681,0.5413513302553545,-0.3902072248285646,0.6495370896029106,-0.08904815855741849
Motorcycle\m1479_06_fill_holes_and_orientation.obj,0.23956667060296513,-0.3790984901880182,-0.02034656278792265,-0.6814502045612884,-0.10568664350943993,-0.6036885772623751,-0.08680739483025847
Motorcycle\m1480_06_fill_holes_and_orientation.obj,0.7073562845115654,0.22253806106334542,-0.020351131654255294,0.0039883862786338166,0.19815077060996591,0.19680674257196515,-0.09434355414205782
Motorcycle\m1481_06_fill_holes_and_orientation.obj,-0.31935745607883714,-0.24080902890575,-0.02035228738304586,-0.25141813880066277,-0.4601292627033576,0.0499268673730035,-0.07470128816860154
Motorcycle\m1482_06_fill_holes_and_orientation.obj,0.12916150671966883,-0.3670446814646769,-0.02034853948715356,-0.46275743711432527,-0.6352822923373792,-0.4213318385488937,-0.08084095430766575
Motorcycle\m1483_06_fill_holes_and_orientation.obj,0.22984848653317422,-0.2414183061226402,-0.020350130342844087,-0.22525526967376147,-0.1325420668288407,-0.2605592766176988,-0.07771672980921662
Motorcycle\m1484_06_fill_holes_and_orientation.obj,-0.23000776050160326,-0.3884846527184889,-0.020351273810373008,-0.5787933937700037,-0.5817518564118552,-0.6128417011924567,-0.06828582917600345
Mug\D00172_06_fill_holes_and_orientation.obj,0.48862727305856474,0.34763749394753113,-0.020351895499484726,-0.4113843750235414,-0.5378862801262313,-0.3619493797367478,-0.10328308447681743
Mug\D00202_06_fill_holes_and_orientation.obj,0.6783535649319122,0.22574911666587488,-0.020351221709276914,-0.4088716916435796,-0.17223242375002815,-0.5346908602786679,-0.10351456729653014
Mug\D00227_06_fill_holes_and_orientation.obj,0.9333548989527118,-0.052064827284249784,-0.020347817594848765,-0.6271000294610711,0.17769992761193826,-0.7461262318455631,-0.1001575655848369
Mug\D00321_06_fill_holes_and_orientation.obj,1.161755066669838,-0.21182719372394573,-0.020339670431450463,-0.7264641532639223,2.3403475800744364,-0.9241840473824896,-0.10353064989879929
Mug\D00341_06_fill_holes_and_orientation.obj,0.8661548519600223,0.45001253333689306,-0.020351392400468283,-0.2684055456324901,1.2285407865389437,-0.3982681157066763,-0.10185729813409095
Mug\D00372_06_fill_holes_and_orientation.obj,0.9569494208808429,0.6382956603077736,-0.020351587914418115,-0.32412519271704676,-0.43485887636490156,-0.3426078078782308,-0.10318820369034026
Mug\D00427_06_fill_holes_and_orientation.obj,0.18045137522995497,-0.1527931714928274,-0.020351174187338023,-0.48179309769664275,-0.183533866288951,-0.5276477911410786,-0.09610896925108851
Mug\D00684_06_fill_holes_and_orientation.obj,0.6469376470958282,1.3276351968877107,-0.020352381821467907,0.10433495737459808,-0.23105920275821917,0.16244043421138854,-0.1028055402950881
Mug\D00685_06_fill_holes_and_orientation.obj,0.06363699326025833,2.7574606223627467,-0.020352617631068385,1.000440018988051,-0.5381311232371087,1.8337686219204692,-0.10155749491350528
Mug\D00705_06_fill_holes_and_orientation.obj,0.18581075354035761,-0.050698070284198794,-0.020351626116851814,-0.513148051911996,0.20903984580425264,-0.518168665536775,-0.10279448652245551
Mug\D00728_06_fill_holes_and_orientation.obj,0.5278233814871615,-0.18100105993966306,-0.02034886199024216,-0.6516135779807463,-0.6790576632663657,-0.7411538107046812,-0.10083214953395524
Mug\D00745_06_fill_holes_and_orientation.obj,0.8247166369108443,0.08042826696165756,-0.020349969148104857,-0.5687367060241375,-0.6255014543818014,-0.6824806742166669,-0.10217244419047158
Mug\D00747_06_fill_holes_and_orientation.obj,0.28299304212213133,-0.1865339557470984,-0.020350424013014103,-0.5905172648011527,-0.5539686065670232,-0.7194836554588638,-0.10221575178138059
Mug\D00760_06_fill_holes_and_orientation.obj,1.429365227215329,2.0188519659737425,-0.02035216324021931,0.35965216906361164,-0.5557856001793264,0.9371923690901253,-0.10334564340232641
Mug\D00770_06_fill_holes_and_orientation.obj,0.885080632495237,0.7483442992395907,-0.020351847120538006,-0.38554898832767787,-0.031486294434051425,-0.38777516071990176,-0.10282773566289727
Mug\D00825_06_fill_holes_and_orientation.obj,0.8538434203206815,-0.11544612479263883,-0.020347321236587196,-0.6958594315269464,-0.5321904561784497,-0.801664736850673,-0.10139724250652889
Mug\D00833_06_fill_holes_and_orientation.obj,0.22516630862435327,3.61907740875634,-0.02035261750101916,1.1304505441100101,0.6410590717077663,1.8005988471773675,-0.10293164713871866
Mug\D00908_06_fill_holes_and_orientation.obj,0.8121718577786304,4.126078387968029,-0.020352579698752687,2.41779588897117,-0.6223958128175144,3.551596828655953,-0.100788084770302
Mug\D00913_06_fill_holes_and_orientation.obj,0.5148360930978293,0.17382881761574495,-0.02035147939474768,-0.43996465991410266,0.9080153814413134,-0.5834442315367817,-0.10224504574256602
Mug\D00923_06_fill_holes_and_orientation.obj,1.0724465764080444,0.9015198849561491,-0.02035177492964606,-0.21621675457712144,2.6834758702499153,-0.34513700768043737,-0.10369507189863043
Mug\m503_06_fill_holes_and_orientation.obj,0.6990063856447061,0.16264775733821923,-0.020350923777775184,-0.6001571567256984,-0.538156896196149,-0.6067300654097878,-0.10340744515509118
Mug\m504_06_fill_holes_and_orientation.obj,0.6471871184077866,1.3281127384901383,-0.020352381823711817,0.10494824265454132,-0.22998962495806957,0.16244401664736893,-0.10280568191883022
Mug\m506_06_fill_holes_and_orientation.obj,0.20833169784772718,-0.43564600269615217,-0.02034342970930382,-0.7048681754934919,-0.10685931314574856,-0.9294609755817108,-0.10175131531214172
Mug\m507_06_fill_holes_and_orientation.obj,0.6263914227425426,0.07212892325050456,-0.020350738571597356,-0.43549303617393365,0.22856286227684902,-0.5943420017893485,-0.10291644750905402
Mug\m508_06_fill_holes_and_orientation.obj,0.5483593045115871,0.0470168217435434,-0.020350891106140974,-0.5078309280771478,0.5398615480382559,-0.5594275807237613,-0.09103933852647283
Mug\m509_06_fill_holes_and_orientation.obj,1.0033649693048754,0.7763710512165399,-0.020351718149899747,-0.24241534906013598,1.7560745986437052,-0.33931913164816624,-0.10208869392245376
MultiSeat\D00036_06_fill_holes_and_orientation.obj,0.7874710627077033,1.289580071259785,-0.02035229270446902,1.14884314828229,1.403603610816325,0.6108181215260721,-0.09857877100822288
MultiSeat\D00046_06_fill_holes_and_orientation.obj,1.2326376147880609,3.9510840911060776,-0.020352516337471562,0.8955860987958044,4.054739042438392,0.9954141186446016,-0.10199069504006758
MultiSeat\D00053_06_fill_holes_and_orientation.obj,0.3802940199277273,1.1246141480488105,-0.020352456540563665,2.6168516190079107,0.3341289025035924,1.9626288441377047,-0.012264640915052182
MultiSeat\D00145_06_fill_holes_and_orientation.obj,0.236321752012052,0.29316481736718547,-0.020352179240518187,1.1512248386898365,0.22867884059252686,0.5564367433426517,-0.09025902889348456
MultiSeat\D00146_06_fill_holes_and_orientation.obj,0.8850448017861587,1.1198881328799597,-0.020352146785245696,1.5672763817581628,0.9298837371865242,1.5772088867436689,-0.09549817611667742
MultiSeat\D00237_06_fill_holes_and_orientation.obj,0.20989167734422817,0.6735843380319819,-0.020352423080721868,1.6789597991940497,0.01981478053453596,0.9105569575753869,-0.09550868159180557
MultiSeat\D00245_06_fill_holes_and_orientation.obj,0.6765656125488998,0.9706975495008989,-0.020352232671677385,1.8415101695091167,1.0281431435255037,0.919968016896062,-0.09754927875253258
MultiSeat\D00263_06_fill_holes_and_orientation.obj,1.2114164294525105,1.8106932281707946,-0.02035222100944219,0.9964387791033723,1.6760366743458168,0.8437946806434883,-0.09794989434168878
MultiSeat\D00273_06_fill_holes_and_orientation.obj,0.8418938788430328,0.47878029814519535,-0.020351503611269913,1.5282285675264335,-0.07828998805020353,1.1149886668004783,-0.09379339891390498
MultiSeat\D00285_06_fill_holes_and_orientation.obj,1.199831017555871,1.433534163963951,-0.020352064325586755,1.302081109103849,0.9669323658061418,1.1473094042162106,-0.09989568825295947
MultiSeat\D00289_06_fill_holes_and_orientation.obj,-0.1439952475911596,0.3864995002140414,-0.020352524952906046,2.009776596802296,0.4775296466006635,0.9334809654143664,-0.0855004901467319
MultiSeat\D00329_06_fill_holes_and_orientation.obj,0.36357854625878666,0.47150190544612863,-0.020352195740516343,0.24249086369036726,1.0091098132746619,-0.09696017269791887,-0.0933236155550053
MultiSeat\D00586_06_fill_holes_and_orientation.obj,0.5139761560799474,0.4460110640475873,-0.020351990641372605,2.0961902790141114,0.2554182855962498,1.274822630504792,-0.09220818775322036
MultiSeat\D00588_06_fill_holes_and_orientation.obj,0.990885133332866,1.0922401207945907,-0.02035203590686472,1.6812700388893702,0.07330655702150064,1.5227057057369124,-0.0928137977751473
MultiSeat\D00607_06_fill_holes_and_orientation.obj,1.029076190371813,1.2632823492226593,-0.020352108991896326,2.1533210776651392,0.7664316309565428,1.2471877193515044,-0.09751021591791688
MultiSeat\D00637_06_fill_holes_and_orientation.obj,0.6628030371918834,1.4936714719661952,-0.02035241360302101,1.4961471977367784,0.22749328447669942,1.2631080648486797,-0.10098655026944135
MultiSeat\D00648_06_fill_holes_and_orientation.obj,0.6148682667029267,1.1720389692553992,-0.020352353982260058,1.9512048754547018,0.7198727804512651,1.1721392679967961,-0.0906390370413704
MultiSeat\D00652_06_fill_holes_and_orientation.obj,0.27758081351583797,0.6405845666090638,-0.020352368248894442,0.7099273773015148,1.518795851244409,0.5668401374299147,-0.09576880880235573
MultiSeat\D00749_06_fill_holes_and_orientation.obj,0.3528029083873192,0.39399196328661007,-0.020352139370751927,0.9002542119945961,0.10146351477240956,0.8121904304238483,-0.09574556431118311
MultiSeat\D00985_06_fill_holes_and_orientation.obj,0.4619589241753696,1.5560647523661133,-0.02035249754486065,0.7297668583963794,2.3960300580797784,0.645754037207542,-0.0985054787436878
MultiSeat\m774_06_fill_holes_and_orientation.obj,-0.3788892834448839,-0.5584071284236242,-0.0203459393685806,-0.9090028603243255,2.948357456780763,-1.1065049617361664,-0.09832474627768954
MultiSeat\m775_06_fill_holes_and_orientation.obj,-0.14379504350418404,-0.45501113802217596,-0.020348989884886478,-0.7899064314949494,1.70076582854444,-0.95780520905913,-0.09340473905864405
MultiSeat\m776_06_fill_holes_and_orientation.obj,-0.6052757653118038,-0.6247195433538092,-0.020287823213880476,-0.9340165638295855,-0.278610312186525,-1.1354797039461468,-0.04430507810135595
MultiSeat\m777_06_fill_holes_and_orientation.obj,-0.5914751198263917,-0.6179680931125935,-0.020324484908385624,-0.9183212240438523,-0.5314430403662989,-1.1031338894785512,-0.06444861537610913
MultiSeat\m778_06_fill_holes_and_orientation.obj,0.4831232282602579,0.2923085358731777,-0.0203518139989803,-0.34843629755208033,4.059429720983624,-0.3831502358691247,-0.09676216485036956
MultiSeat\m779_06_fill_holes_and_orientation.obj,-0.6388204751510087,-0.598685292545609,-0.020348650029748016,-0.8424465218854311,-0.24928068479930743,-1.007636893547363,-0.07707951474816713
MultiSeat\m780_06_fill_holes_and_orientation.obj,-0.022687694703030854,-0.42856521341877957,-0.020348336043469167,-0.8661979294746912,1.5067341064138138,-1.003545751657675,-0.10246356168233631
MultiSeat\m781_06_fill_holes_and_orientation.obj,-0.14033782796198122,-0.49456475626461555,-0.02034657475917354,-0.8610058443862392,1.3462201175143604,-1.027544490290793,-0.09804056676680079
MultiSeat\m782_06_fill_holes_and_orientation.obj,-0.45418975799247424,-0.42632570797291286,-0.020352060482958918,-0.6579548286908394,-0.018548268996105725,-0.6549532361427932,-0.09864140826194677
MultiSeat\m783_06_fill_holes_and_orientation.obj,-0.41791967484399295,-0.5020078184817608,-0.02035085659208092,-0.7247136108143754,1.0845730373429994,-0.8839855332457202,-0.08501527612949329
MultiSeat\m784_06_fill_holes_and_orientation.obj,-0.19983068943190516,-0.16285447904741968,-0.020352214286111774,0.5508006869472963,0.03029148838418941,0.577934941661407,-0.08197441184037557
MultiSeat\m829_06_fill_holes_and_orientation.obj,-0.05115519306582547,-0.2324932182427891,-0.020351609183925343,0.42800668376020384,-0.32452483871580795,0.37558821017694494,-0.0774821518382235
MultiSeat\m830_06_fill_holes_and_orientation.obj,0.2269802382714476,0.2535123974138987,-0.020352149454289013,1.3489527763243694,0.14309973010109694,1.2198107435888101,-0.057023636240236784
MultiSeat\m831_06_fill_holes_and_orientation.obj,0.1213329446699002,-0.14452676168529008,-0.02035144031036949,-0.19830048848635098,0.4817435254036593,-0.34285141352490234,-0.08770194814269057
MultiSeat\m832_06_fill_holes_and_orientation.obj,0.3376666732210095,-0.017039620788967084,-0.020351304167550485,0.414490590697376,0.31349764879228714,0.16536728440742643,-0.09818863320240168
MultiSeat\m833_06_fill_holes_and_orientation.obj,0.9187149191071381,0.24649747594375743,-0.020350578725789593,0.27882355085749316,0.05780412215910366,0.20499260878732184,-0.09214638204448515
MultiSeat\m834_06_fill_holes_and_orientation.obj,0.07773234632784039,0.2382804669916436,-0.02035230614742253,0.1679796792902666,-0.013561201421915747,0.2407775617961616,-0.09861920656458488
MultiSeat\m835_06_fill_holes_and_orientation.obj,0.40606033070987335,0.25390760425728703,-0.020351881721808115,0.2641523379470051,0.4700683749586596,0.2654354686496847,-0.0909143069156107
MultiSeat\m836_06_fill_holes_and_orientation.obj,0.0565971546940784,1.5648745715833097,-0.020352589590562284,1.5851390598147637,1.533357573101859,1.3967938283315977,-0.0905097567182445
MultiSeat\m837_06_fill_holes_and_orientation.obj,0.4931786688792493,0.5188114579900625,-0.020352094307777582,0.9951169409271838,-0.3260454432991501,0.8200180530411588,-0.08999198585539295
MultiSeat\m838_06_fill_holes_and_orientation.obj,0.3431657912968182,0.9288879588607847,-0.02035242737915615,1.0655971143125116,-0.13098280280693642,1.1439669914464392,-0.09530109995436027
MultiSeat\m839_06_fill_holes_and_orientation.obj,0.3635772026071962,0.47150190544612863,-0.020352195743667572,0.24249681791638614,1.0091098132746619,-0.09695659026193851,-0.09332361159903486
MultiSeat\m840_06_fill_holes_and_orientation.obj,0.4328455772814368,2.0897421935065075,-0.02035255311298329,0.6762324122607472,1.2084894244060334,1.0278315818318065,-0.10305194582653392
MultiSeat\m841_06_fill_holes_and_orientation.obj,0.36355839148493024,-0.25651850093043255,-0.02034886007847949,-0.5535951092581589,2.3609401743471827,-0.6858266694224188,-0.09582821561060982
MultiSeat\m843_06_fill_holes_and_orientation.obj,1.0268134810935117,0.9781241447662363,-0.020351907787829384,1.7226459554944762,0.32396147016241894,1.6785703303748738,-0.09114446923238705
Musical_Instrument\m625_06_fill_holes_and_orientation.obj,-0.6196322346717947,-0.514489767952106,-0.020352185572100917,0.06079765672464307,-0.6357333191205746,0.5626307751528713,0.39799242359906006
Musical_Instrument\m626_06_fill_holes_and_orientation.obj,-0.7128897169578923,-0.5860057396535696,-0.020351776625622618,0.10568061245486203,-0.6696247602578244,0.3452449774224278,1.1425442097926592
Musical_Instrument\m627_06_fill_holes_and_orientation.obj,-0.6547830560454391,-0.5770641848219106,-0.02035131343416769,-0.16860080910424266,-0.6455141570761525,-0.3520618564306713,-0.004320984999095136
Musical_Instrument\m628_06_fill_holes_and_orientation.obj,-0.6735838769827429,-0.5796000954003185,-0.02035148332449777,0.21033804318848578,-0.6624856506038164,0.33614917246803355,0.4820439799087835
Musical_Instrument\m629_06_fill_holes_and_orientation.obj,-0.7179454300088555,-0.586697351629499,-0.020351817113859295,0.33420380705897446,-0.6977688315292115,0.5150416955884077,1.3271872348653455
Musical_Instrument\m630_06_fill_holes_and_orientation.obj,-0.5383202629085746,-0.49056328697530965,-0.020351982070826086,0.30783254002141275,-0.6897405547883344,0.7018191603017799,0.07561349475480066
Musical_Instrument\m631_06_fill_holes_and_orientation.obj,-0.5580249134823811,-0.5302980416876356,-0.020351578708279167,-0.07855504902091823,-0.6791865280615653,0.2635188654001373,0.10235852369735968
Musical_Instrument\m632_06_fill_holes_and_orientation.obj,-0.6155045369859622,-0.5137981559761766,-0.020352171569623535,0.2196087730998616,-0.6504496787322614,0.8086115768793664,0.23509334817386449
Musical_Instrument\m633_06_fill_holes_and_orientation.obj,-0.580154407293069,-0.6240937991851112,-0.02027935157752339,-0.8685141233960304,-0.3390092416961363,-1.022632970561579,0.152394228185164
Musical_Instrument\m634_06_fill_holes_and_orientation.obj,-0.6634410990103728,-0.5649939091467615,-0.02035181633273466,0.052515328332399164,-0.6490837119031564,0.24525918920771997,0.46673711179717886
Musical_Instrument\m635_06_fill_holes_and_orientation.obj,-0.5990904891571438,-0.5545044608451654,-0.020351400988829503,0.10774672888340876,-0.6721247372846758,0.43483453642183334,0.05320906340165339
Musical_Instrument\m637_06_fill_holes_and_orientation.obj,-0.7202677078409999,-0.5842931766655539,-0.02035191829839233,-0.04537810164379178,-0.5793936306597192,0.008689446801899968,0.802258731822609
Musical_Instrument\m638_06_fill_holes_and_orientation.obj,-0.5642321359463517,-0.5913410320393108,-0.02034694322521031,-0.518024563021448,-0.6623310128495792,-0.6234994482343327,0.06758690666551494
Musical_Instrument\m639_06_fill_holes_and_orientation.obj,-0.3833528940283265,-0.5857916692800677,-0.020336943188469975,-0.621645958427789,-0.6763257296081528,-0.7955960902997695,-0.011651623734053863
Musical_Instrument\m640_06_fill_holes_and_orientation.obj,-0.597170858918268,-0.2399362804599343,-0.020352585832442056,1.0118185449101056,-0.5462496053346231,1.2181234162420123,-0.009275543664054673
Musical_Instrument\m641_06_fill_holes_and_orientation.obj,-0.5313740320698618,-0.5971209321238639,-0.020342779456493962,-0.5422165833361043,-0.6756814056321611,-0.7350887465897582,-0.003248288798921635
Musical_Instrument\m643_06_fill_holes_and_orientation.obj,0.3412967719345157,0.32348047564542504,-0.020352078778231537,-0.4383332019849331,0.31534041536362806,-0.23885329701207653,-0.10268439819437282
Musical_Instrument\m644_06_fill_holes_and_orientation.obj,0.21415239653751433,0.3131721638137151,-0.02035222339346014,-0.45553496095343965,1.6660367662383992,-0.3335836516434459,-0.10324102697257075
Musical_Instrument\m645_06_fill_holes_and_orientation.obj,0.309400722596781,0.0202909589594137,-0.020351530351069107,-0.43071179268078347,0.15257129254819768,-0.39046557014122907,-0.10146421550386646
Musical_Instrument\m646_06_fill_holes_and_orientation.obj,0.8675379173304487,-0.4150787798881559,-0.02032236127619132,-0.8037976407969658,0.623804075630663,-0.9474197271517691,-0.10088784485073271
Musical_Instrument\m647_06_fill_holes_and_orientation.obj,0.10580391535531847,-0.43979567455172874,-0.020345433998112453,-0.7025222104420584,0.24796990043376757,-0.8295504185225928,-0.10173922270166885
NonWheelChair\D00037_06_fill_holes_and_orientation.obj,0.28498522954689076,-0.07888949177922665,-0.020351190493940394,-0.6154118837860353,2.7475474464226894,-0.8755059072799655,-0.10260027527393856
NonWheelChair\D00101_06_fill_holes_and_orientation.obj,-0.39719877578395,-0.3142681009205391,-0.020352290540490852,-0.5196679294026553,-0.5625767748862952,-0.558696763783747,-0.10074937164347411
NonWheelChair\D00170_06_fill_holes_and_orientation.obj,-0.3237659769470716,-0.37382906560950835,-0.020351857150787106,-0.735961143764015,0.07824207867760967,-0.7421389805993085,-0.10281056595994831
NonWheelChair\D00185_06_fill_holes_and_orientation.obj,-0.21233515901640584,-0.4059066877311871,-0.02035093336888131,-0.7364910698796943,0.522361708850278,-0.8645149936919067,-0.10244206810368504
NonWheelChair\D00240_06_fill_holes_and_orientation.obj,-0.510277358448359,-0.47276251207103104,-0.02035199222410975,-0.7231416951453946,0.9632339461839383,-0.8765448137142997,-0.09790318778096876
NonWheelChair\D00306_06_fill_holes_and_orientation.obj,0.038592223382178735,0.1356913572287797,-0.020352260365011563,-0.366572870005549,0.8024106817760107,-0.43707306224704584,-0.10299470926366892
NonWheelChair\D00357_06_fill_holes_and_orientation.obj,-0.16157737653593413,0.08769019270891641,-0.020352426697992834,-0.4318550040764059,2.722947157019263,-0.5334979090971739,-0.10358395580942471
NonWheelChair\D00419_06_fill_holes_and_orientation.obj,-0.320901311756253,-0.40989169006868525,-0.02035157193901688,-0.695603399808135,-0.09563518948394428,-0.817266245545587,-0.09988218177864762
NonWheelChair\D00443_06_fill_holes_and_orientation.obj,-0.14630588044285345,-0.42476134755116773,-0.02034998780828605,-0.6926203325726826,0.0861801500618466,-0.8166393192490061,-0.0985193641999688
NonWheelChair\D00445_06_fill_holes_and_orientation.obj,-0.3847785083657836,-0.5117068530965805,-0.02035012337581527,-0.7384797813699958,0.03400279448590886,-0.8818289067854819,-0.09966021623264455
NonWheelChair\D00480_06_fill_holes_and_orientation.obj,-0.5029835697315858,-0.5117233200483884,-0.020351459915578313,-0.7964501258896841,-0.38582582179181,-0.9533665708793371,-0.09884508456536342
NonWheelChair\D00481_06_fill_holes_and_orientation.obj,-0.4726551139160313,-0.5581271902428908,-0.0203489065624636,-0.8203622975814536,0.2507404935305398,-0.99452159542289,-0.09852361212103847
NonWheelChair\D00512_06_fill_holes_and_orientation.obj,-0.1370651405715322,-0.42764306411754033,-0.020349814287816664,-0.7675364043420663,0.6755948368210051,-0.900375177856336,-0.10282976349335016
NonWheelChair\D00694_06_fill_holes_and_orientation.obj,-0.19944640507703923,-0.3023624947634683,-0.020351783052434944,-0.6536677859572553,2.874273086021052,-0.9023849244413754,-0.09945720690584585
NonWheelChair\D00707_06_fill_holes_and_orientation.obj,-0.006307238163973495,0.2591276279803733,-0.020352395478431907,0.06267919214660508,0.5312018338009058,-0.10270998244656122,-0.10350582381064058
NonWheelChair\D00741_06_fill_holes_and_orientation.obj,-0.5502854803214451,-0.4655993880346192,-0.020352204995894487,-0.7593791146962185,0.17585716104059732,-0.9072068832710779,-0.10162639684203448
NonWheelChair\D00853_06_fill_holes_and_orientation.obj,-0.42091736154226517,-0.5967751261358991,-0.02033190376724247,-0.9450795157726403,0.5899255209729349,-1.1365759293561686,-0.10346301071603788
NonWheelChair\D00914_06_fill_holes_and_orientation.obj,-0.374567204162301,-0.20290210584409465,-0.020352420385366266,-0.6143341688766204,2.336069268873841,-0.768154630689427,-0.10420949205451047
NonWheelChair\D00928_06_fill_holes_and_orientation.obj,-0.6259617294304953,-0.5597738854236752,-0.020351555515214108,-0.7810227262747999,-0.20252853710123342,-0.9356908317517351,-0.09879724264112412
NonWheelChair\D00936_06_fill_holes_and_orientation.obj,-0.3757348373943936,-0.4477162783713013,-0.02035148785504992,-0.7146092892603582,0.34397417285677,-0.8740800977597415,-0.09987995140250766
NonWheelChair\m785_06_fill_holes_and_orientation.obj,-0.38026294325417737,-0.4102868969120735,-0.020351858598479884,-0.7291673718764878,0.9247549183376188,-0.9539254308922892,-0.10185973738547069
NonWheelChair\m786_06_fill_holes_and_orientation.obj,-0.2091090515477588,0.20946330132791788,-0.020352511031853336,-0.4786790374887754,1.7149151830572535,-0.6736069802930613,-0.10299867156367208
NonWheelChair\m787_06_fill_holes_and_orientation.obj,-0.4572711989732173,-0.29618738783552706,-0.02035242332284953,-0.36897837731717126,0.35527561539569286,-0.6936686217836512,-0.10102721685447766
NonWheelChair\m788_06_fill_holes_and_orientation.obj,-0.6755079860602534,-0.4786906147218546,-0.02035249516296954,-0.44252497710221544,-0.2962132432106619,-0.620837698300849,-0.0943265094477751
NonWheelChair\m789_06_fill_holes_and_orientation.obj,-0.3341528516250385,-0.17780647128894148,-0.020352396457362098,-0.33761151464978023,0.40981119672376665,-0.5362348901862473,-0.0992043879551058
NonWheelChair\m790_06_fill_holes_and_orientation.obj,-0.6497887030837727,-0.5496302431100436,-0.02035198834855497,-0.8919023231981397,0.6863937066586544,-1.0584035938264966,-0.10119545082743484
NonWheelChair\m791_06_fill_holes_and_orientation.obj,0.24901030186444298,0.007446736549295972,-0.020351648106702983,-0.09001097988121824,2.2187894187635386,-0.6350348920914218,-0.10237213524925647
NonWheelChair\m793_06_fill_holes_and_orientation.obj,0.09875601487959576,-0.27344652738889547,-0.020350576194746752,-0.7375330594329959,-0.015416854472778333,-0.7835662702773766,-0.10240300526906933
NonWheelChair\m794_06_fill_holes_and_orientation.obj,-0.2779568632741914,-0.47887175119174097,-0.020349909996467467,-0.8331817462000741,-0.10484902234064887,-0.9907421254635019,-0.10284153725260473
NonWheelChair\m795_06_fill_holes_and_orientation.obj,0.022175040366315946,-0.2360994806887068,-0.020351299920833454,-0.26263590062020803,-0.08011986814202564,-0.33901462458982695,-0.10045128373167574
NonWheelChair\m796_06_fill_holes_and_orientation.obj,-0.03550433934037713,-0.1300852449498115,-0.02035194780344005,-0.49522583159520656,-0.3763542593447093,-0.5543942581712115,-0.10341295028356999
NonWheelChair\m797_06_fill_holes_and_orientation.obj,0.0624129266613674,-0.38764483817628886,-0.020348695326547556,-0.7629933298896707,-0.20359811490138302,-0.831316559460961,-0.10398187105315147
NonWheelChair\m798_06_fill_holes_and_orientation.obj,0.05192169504320959,-0.15633356613151372,-0.02035161695397155,-0.6647366921263289,1.1590568889678246,-0.6968068357025363,-0.10311409333111603
NonWheelChair\m799_06_fill_holes_and_orientation.obj,0.11035665482759369,-0.07042547854999517,-0.020351762456120276,-0.6213720640309212,3.3274261383371475,-0.7808973554719321,-0.10204636029146964
NonWheelChair\m800_06_fill_holes_and_orientation.obj,-0.2928154104451435,-0.12810921073287027,-0.020352396355781264,-0.4979826382419419,-0.030777538060457,-0.5400931737372053,-0.10271511314014403
NonWheelChair\m801_06_fill_holes_and_orientation.obj,-0.07654438563492137,-0.27777733571435825,-0.020351444088938568,-0.3743848145423024,-0.31871303645234855,-0.4692110954277748,-0.10048536520830027
NonWheelChair\m804_06_fill_holes_and_orientation.obj,-0.2102014402907867,0.007545538260143017,-0.020352419256074582,-0.5635029413535535,1.4470310467982752,-0.5407702541375127,-0.10385256620300878
NonWheelChair\m805_06_fill_holes_and_orientation.obj,-0.4498690223614818,-0.33544460094542555,-0.02035234966209887,-0.7122454615308681,-0.2527600342696712,-0.7878436988380487,-0.1011654542858974
NonWheelChair\m806_06_fill_holes_and_orientation.obj,-0.5998321848350667,-0.4400591457806542,-0.020352427448005167,-0.44936638279789354,-0.5075257343774262,-0.5819682679128312,-0.10146210064206365
NonWheelChair\m807_06_fill_holes_and_orientation.obj,-0.4954689742701168,-0.408030924514399,-0.020352269976049463,-0.6760854469182893,0.13579309621333305,-0.6874889197173534,-0.09886095117164599
NonWheelChair\m808_06_fill_holes_and_orientation.obj,-0.5368816599390765,-0.5120361921327374,-0.020351723558006133,-0.8100198069866819,-0.3526302505486359,-0.9615381073507718,-0.10072957834092244
NonWheelChair\m809_06_fill_holes_and_orientation.obj,-0.6768493982313762,-0.5926748551357461,-0.02035075067270235,-0.6801224121590811,-0.17363705001769533,-0.8930204367884467,-0.04060470923128284
NonWheelChair\m810_06_fill_holes_and_orientation.obj,-0.4771429102281019,-0.4718074288661761,-0.02035182915086651,-0.6104758304163946,0.06473704814079073,-0.7979712453548162,-0.10165315581735525
NonWheelChair\m811_06_fill_holes_and_orientation.obj,-0.23160088340400198,-0.45713537480538774,-0.020350039860279532,-0.78732825162878,0.24262201143302242,-0.918982350338858,-0.10236162898293423
NonWheelChair\m812_06_fill_holes_and_orientation.obj,-0.35286454367350967,-0.500723396240749,-0.020350108888760612,-0.8327530419267156,0.15106357444437435,-0.9491392964223913,-0.1024110920638641
NonWheelChair\m813_06_fill_holes_and_orientation.obj,-0.45559029083357644,-0.5395195347000279,-0.02034991998820912,-0.8573439953846361,-0.09527436805738909,-0.978146280556196,-0.10198531808503135
NonWheelChair\m814_06_fill_holes_and_orientation.obj,-0.23191081903753025,-0.46797062909494863,-0.02034969715443859,-0.8071558242716068,-0.22890716067840117,-0.9055732924639872,-0.1027910788495095
NonWheelChair\m815_06_fill_holes_and_orientation.obj,-0.31850378943504404,-0.5023865583733412,-0.020349538741445506,-0.8031962639690603,0.08873167300678192,-0.9472226931728438,-0.10207298001663055
NonWheelChair\m816_06_fill_holes_and_orientation.obj,-0.4197568944519882,-0.5235959923018434,-0.02035013131041814,-0.7861850402331575,-0.11051907332938993,-0.9431315512831556,-0.10195619502176939
NonWheelChair\m817_06_fill_holes_and_orientation.obj,-0.2506959640396122,-0.3538052522111709,-0.020351681481881073,-0.7688403798401982,0.2484338136964818,-0.7928877686985399,-0.10172727883568491
NonWheelChair\m818_06_fill_holes_and_orientation.obj,-0.35566516147185073,-0.41422249839414804,-0.02035171360649877,-0.8342475526574512,0.06532982619870445,-0.8236537288987517,-0.10305578470025901
NonWheelChair\m819_06_fill_holes_and_orientation.obj,0.10991728075751976,-0.5680238282794047,-0.020291394198267355,-0.8792317302299909,-0.09072544078687572,-1.0401546649420208,-0.09745477220086003
NonWheelChair\m820_06_fill_holes_and_orientation.obj,-0.36806303469684315,-0.3765625796096103,-0.02035200713100975,-0.7816657826848376,-0.27121347294212084,-0.7459435276105597,-0.10090675043351532
NonWheelChair\m821_06_fill_holes_and_orientation.obj,-0.45873353978747977,-0.5028805669275764,-0.020351242964023117,-0.8214042871347553,-0.5370744319164806,-0.8189070012246388,-0.1039902244803546
NonWheelChair\m822_06_fill_holes_and_orientation.obj,-0.47492051049751366,-0.46558292108281135,-0.02035187577600232,-0.7452914159355793,-0.3495117225048273,-0.8833192001533542,-0.1014765731643595
NonWheelChair\m823_06_fill_holes_and_orientation.obj,-0.4554509989520341,-0.39411635023677133,-0.020352208037290303,-0.7469943245769753,-0.29381635801996653,-0.8194157071338646,-0.1024066226084492
NonWheelChair\m824_06_fill_holes_and_orientation.obj,-0.3088268106806933,-0.36383362586214746,-0.020351857088172255,-0.6894586385566643,0.2499028723617487,-0.7421318157273475,-0.10237608647254236
NonWheelChair\m826_06_fill_holes_and_orientation.obj,-0.47547767802368296,-0.4742939385891605,-0.020351794423215476,-0.7472146309396736,-0.03844499337477896,-0.9076331931527531,-0.09973937994852217
NonWheelChair\m827_06_fill_holes_and_orientation.obj,-0.6137528631958915,-0.5309567197599494,-0.02035199464463514,-0.8019339680530605,-0.2359174055372068,-0.8715222384696912,-0.09824689357041921
NonWheelChair\m828_06_fill_holes_and_orientation.obj,-0.511594584890854,-0.41094557498438716,-0.020352302392941335,-0.7385929116643541,0.048190808437281754,-0.7700640690670135,-0.10380887804774244
PianoBoard\D00008_06_fill_holes_and_orientation.obj,0.6384565182569691,0.9009270746910669,-0.020352226092581607,0.05158646907345599,2.202075654826274,-0.08357260943893063,-0.10148777647267511
PianoBoard\D00065_06_fill_holes_and_orientation.obj,-0.29721273421679095,-0.4699960641673133,-0.020350410107707786,-0.41061627986710764,0.16835722996003416,-0.49065555720682313,-0.07336193107708193
PianoBoard\D00075_06_fill_holes_and_orientation.obj,0.345080942697059,2.4693054326772965,-0.02035258485207771,1.9156224207659531,1.8568210955300202,1.5145592463173407,0.001074598701977632
PianoBoard\D00104_06_fill_holes_and_orientation.obj,0.7782903392740884,1.581967267559851,-0.020352382144015357,1.6310937762283786,2.226018733774184,1.046668030217078,-0.06627000588462521
PianoBoard\D00122_06_fill_holes_and_orientation.obj,0.6209760589492046,2.0386781759503854,-0.020352507087186122,1.2988420101495854,3.4821798708912195,0.8778636468176865,-0.08338285758222962
PianoBoard\D00181_06_fill_holes_and_orientation.obj,1.7098395080876954,1.1784281465568425,-0.020351209473888535,0.3772528611753822,1.6903793260514268,0.7187497527454456,-0.08976951315397814
PianoBoard\D00212_06_fill_holes_and_orientation.obj,2.1110543208770243,-0.25485533879784034,-0.020302915975699762,-0.48622899608069864,1.7509328933152781,-0.7817965469030281,-0.07765739579081883
PianoBoard\D00235_06_fill_holes_and_orientation.obj,0.44707484762419925,0.16882286426616047,-0.020351624102044892,-0.4179697490004083,-0.1897064899789684,-0.16722607201870995,-0.10086344758977084
PianoBoard\D00253_06_fill_holes_and_orientation.obj,0.3142060685680589,1.2996249118625693,-0.02035250994304959,1.6361012803102455,1.623872205249398,1.1336818177465313,-0.08807201810161085
PianoBoard\D00332_06_fill_holes_and_orientation.obj,0.3906338668000286,1.6243532015132398,-0.02035252555078127,1.6056870938058732,2.0656207231904116,1.097201872157482,-0.056833444257697464
PianoBoard\D00381_06_fill_holes_and_orientation.obj,0.14921505882312636,0.046522813189308176,-0.020351966074888195,-0.06724797381109004,1.576900987399487,-0.05107275022417496,-0.07413189347376009
PianoBoard\D00441_06_fill_holes_and_orientation.obj,0.7246316130098561,2.4437816573751396,-0.020352517946745387,0.9525561333443229,3.9701264179109526,0.9527831304770981,-0.09545608933824941
PianoBoard\D00460_06_fill_holes_and_orientation.obj,0.8261207528228542,1.7368554162644254,-0.020352395007191264,1.4548010522617665,1.8283419757911155,1.1365298543509987,-0.08715481606715594
PianoBoard\D00623_06_fill_holes_and_orientation.obj,1.0614774527075534,0.23143021503958078,-0.02034996841374136,-0.16632629476503552,1.1133614325903813,-0.2592301928689472,-0.09693330250563734
PianoBoard\D00718_06_fill_holes_and_orientation.obj,0.31225508645873956,0.21761444247280026,-0.020351979178474682,0.060994146183265714,1.0175891167987345,0.08925843200250108,-0.09112235931353961
PianoBoard\D00721_06_fill_holes_and_orientation.obj,0.28236152587462443,2.416380649566888,-0.020352590895698477,0.8943952535920308,1.6662429499107172,1.3682919676710383,-0.08469716863363347
PianoBoard\D00755_06_fill_holes_and_orientation.obj,1.7783155762074394,2.6774312365766284,-0.02035217582969671,2.506883018665457,2.7588488889616123,1.4113600130281583,-0.09341946397185465
PianoBoard\D00885_06_fill_holes_and_orientation.obj,1.8666010997250444,2.134285298146724,-0.020351909163980456,1.4380399060186562,3.4672186681686554,0.8958044862078426,-0.0932976572681037
PianoBoard\D00962_06_fill_holes_and_orientation.obj,1.2905825896257976,2.465732104134994,-0.02035234870684681,0.7349232181287181,3.451033249891702,0.7209027967697035,-0.09776291065118478
PianoBoard\D00966_06_fill_holes_and_orientation.obj,0.5376647336194095,2.024549531299256,-0.0203525261983152,2.158227359904686,2.7150348585940667,1.5012827385737468,-0.07404150271374417
PlantIndoors\D00049_06_fill_holes_and_orientation.obj,-0.11037484537902657,-0.19475096469921221,-0.02035194328798063,-0.7454938596202209,-0.2886617662120206,-0.812168439145389,-0.1035403673446137
PlantIndoors\D00073_06_fill_holes_and_orientation.obj,-0.15288350286192204,-0.23152166808612634,-0.020351935442548794,-0.628451638767354,-0.5434918987173726,-0.6421352802046985,-0.10288999868181656
PlantIndoors\D00080_06_fill_holes_and_orientation.obj,-0.3440810932268016,-0.5328833531214671,-0.020348068082187483,-0.906472314266307,-0.4607993596383927,-1.0755204729411465,-0.1023037657943499
PlantIndoors\D00087_06_fill_holes_and_orientation.obj,0.8936199862363482,-0.26065170583420116,-0.020341698242349673,-0.7971110449777783,0.5322327521624961,-0.9899611544197612,-0.10264688293539732
PlantIndoors\D00128_06_fill_holes_and_orientation.obj,0.03242441469819431,-0.15766738922794904,-0.020351672266112824,-0.7273632413927712,-0.11901126333298129,-0.7853574882676078,-0.10185295922570092
PlantIndoors\D00159_06_fill_holes_and_orientation.obj,0.13823876898081985,-0.22440794490513805,-0.02035084434999008,-0.7896027659679871,-0.5422419102039454,-0.9040006030685641,-0.10319423258930673
PlantIndoors\D00238_06_fill_holes_and_orientation.obj,1.5468021677552628,-0.2964343921126447,-0.020318906608662646,-0.803833366153079,-0.3124502074056938,-0.9071388169874491,-0.10397272722305236
PlantIndoors\D00280_06_fill_holes_and_orientation.obj,1.272841014025624,0.43132254303499096,-0.020350246559155596,-0.5309392792563704,1.3377794734288502,-0.679414109017391,-0.09905086781864196
PlantIndoors\D00370_06_fill_holes_and_orientation.obj,2.2924710234312258,-0.03785384787408107,-0.020328614391676852,-0.5656702796244211,-0.10327687183922576,-0.6517362086323379,-0.10246348414531548
PlantIndoors\D00379_06_fill_holes_and_orientation.obj,1.3318824085611602,0.0944745768537479,-0.02034710473270183,-0.6810572256440431,0.38974694811133465,-0.7504573969459424,-0.10419217756304303
PlantIndoors\D00466_06_fill_holes_and_orientation.obj,0.1739167496617804,-0.15032312872165096,-0.020351214817555675,-0.7308345551617706,-0.6250762005576465,-0.8222565788663713,-0.10390617593216481
PlantIndoors\D00491_06_fill_holes_and_orientation.obj,0.8024912959533717,-0.04893610644075962,-0.020348812471115914,-0.6999321221238513,0.5968842199136625,-0.7848487823583821,-0.10221337028716945
PlantIndoors\D00595_06_fill_holes_and_orientation.obj,1.98979110849138,0.02653193369458639,-0.020338097202913186,-0.6079750554884705,0.05303612473675055,-0.6463912141494879,-0.10416680396857399
PlantIndoors\D00609_06_fill_holes_and_orientation.obj,0.26275496186692004,-0.5335420311937807,-0.02031188720311977,-0.9129088325927022,0.027984808550131416,-1.1082388607507103,-0.10378491119636557
PlantIndoors\D00622_06_fill_holes_and_orientation.obj,0.43541956584485686,-0.28176233805185635,-0.02034752794558037,-0.6306130228122026,-0.12874055537048104,-0.7474266561064711,-0.08893889781835404
PlantIndoors\D00624_06_fill_holes_and_orientation.obj,2.179518296132455,0.4305156623964065,-0.020345856952707176,-0.5158334078465049,0.8448329723554082,-0.5802666108221115,-0.10312545725183193
PlantIndoors\D00657_06_fill_holes_and_orientation.obj,-0.3054950026202648,-0.5051036054216353,-0.020349191667891994,-0.7250589559234697,-0.6893410739232171,-0.8027394676448117,-0.09814171301927734
PlantIndoors\D00667_06_fill_holes_and_orientation.obj,0.11794828631358124,-0.3643441013681906,-0.02034874890397067,-0.8449175256832608,0.0005237206932981143,-0.974947165225643,-0.10410265553413803
PlantIndoors\D00800_06_fill_holes_and_orientation.obj,-0.031616259521506485,-0.34486369737951195,-0.020350521964375052,-0.80687597564872,-0.2084820906394111,-0.9298299664876986,-0.10421978074245793
PlantIndoors\D00968_06_fill_holes_and_orientation.obj,-0.0380451844978997,-0.36021089646442195,-0.020350330755835137,-0.8486567796231093,-0.4052070869896881,-0.9567304782649912,-0.08220509080689276
PlantIndoors\m1000_06_fill_holes_and_orientation.obj,-0.11187480843782142,-0.19224798802442006,-0.02035195496725003,-0.7394622286631088,-0.299834343955744,-0.8092523362572925,-0.10353982458546794
PlantIndoors\m1001_06_fill_holes_and_orientation.obj,-0.15248085526865346,-0.23145580027889495,-0.02035193457957022,-0.628225378178637,-0.5427444829052217,-0.6421281153327376,-0.10288907219353707
PlantIndoors\m1002_06_fill_holes_and_orientation.obj,7.397170924078766,0.025560383537923576,-0.02001069854168783,-0.6528996908008216,-0.4709023595819664,-0.7520981526249942,-0.1040059130679669
PlantIndoors\m1003_06_fill_holes_and_orientation.obj,1.2881976080527662,0.1268156702043522,-0.020347854616088165,-0.6684402207100641,0.3897727210703751,-0.7316173661246901,-0.10418978261853235
PlantIndoors\m1004_06_fill_holes_and_orientation.obj,-0.0006961491222948707,-0.3296811678126804,-0.02035051874400301,-0.8054112360480788,0.018229743553594056,-0.9297081636643628,-0.10421434444786497
PlantIndoors\m1005_06_fill_holes_and_orientation.obj,-0.5353069002750804,-0.5480329487846828,-0.02035079318590208,-0.8331162497138666,-0.06745245877399775,-1.0086793824176776,-0.09996490191196016
PlantIndoors\m1006_06_fill_holes_and_orientation.obj,-0.24397277936491252,-0.4823627449750037,-0.020349301987236904,-0.8752304903453123,-0.46632765935241544,-1.0187388626508163,-0.10368859834858535
PlantIndoors\m1007_06_fill_holes_and_orientation.obj,2.2924790853407684,-0.03785384787408107,-0.020328614323627838,-0.56567623385044,-0.10327687183922576,-0.6517362086323379,-0.10246348414531548
PlantIndoors\m1008_06_fill_holes_and_orientation.obj,0.2138160357560409,-0.39604298359828904,-0.02034612852204028,-0.8623336367884465,-0.22974478184719224,-1.022966137107762,-0.10375928837575814
PlantIndoors\m1009_06_fill_holes_and_orientation.obj,2.5321180028442005,-0.4580081232512034,-0.02001474133499339,-0.8092219407001536,0.47966880220095987,-0.9366867489543036,-0.09579094878657861
PlantIndoors\m1010_06_fill_holes_and_orientation.obj,0.8247497803167418,-0.34911217094593555,-0.02033595957505128,-0.7943601925570618,-0.4702709220854934,-0.9311626326724305,-0.1034605097515191
PlantIndoors\m1011_06_fill_holes_and_orientation.obj,-0.23428146832693036,-0.42253830905710893,-0.02035083688124246,-0.8686867959505776,0.15980060755884304,-1.0334340150426733,-0.0998964596671973
PlantIndoors\m1012_06_fill_holes_and_orientation.obj,-0.14653071814232044,-0.38728256523651633,-0.020350729302072823,-0.8095613315832291,-0.4458252704363068,-0.9663170769487088,-0.10396093051916919
PlantIndoors\m1013_06_fill_holes_and_orientation.obj,2.139836233711982,0.0960718711791087,-0.02033878690519518,-0.6910662795817585,0.7303108288623593,-0.7732954263213907,-0.10288868925559747
PlantIndoors\m1014_06_fill_holes_and_orientation.obj,2.0288891303538747,0.042867149887966964,-0.020338221988415117,-0.6166146374418464,0.22391084317017662,-0.6532157546922689,-0.10416497077186725
PlantIndoors\m1015_06_fill_holes_and_orientation.obj,-0.22844285428260389,-0.2662834033524836,-0.020352023467270757,-0.4830673020646803,-0.5192782036995445,-0.5212423956080118,-0.10113290930819584
PlantIndoors\m1016_06_fill_holes_and_orientation.obj,0.15823320041429811,-0.44681059602186995,-0.020343630186363388,-0.8305976121078859,-0.6358364109567336,-0.8953131958159426,-0.07972479148657112
PlantIndoors\m1017_06_fill_holes_and_orientation.obj,0.4298474426993011,-0.28057671752169167,-0.020347624756722766,-0.6296305755190895,-0.14135641882042796,-0.7458575491470285,-0.08897938084636144
PlantIndoors\m1018_06_fill_holes_and_orientation.obj,2.0744958005204617,0.39096204415396696,-0.020346044263594674,-0.5290577438344084,0.7450529614330837,-0.5902616072076018,-0.10315105554542256
PlantIndoors\m1020_06_fill_holes_and_orientation.obj,1.5129909670172874,-0.3202785383304019,-0.020315200483635817,-0.8142770785901716,-0.37375119048169586,-0.9225289619595161,-0.10398960181060571
PlantIndoors\m1021_06_fill_holes_and_orientation.obj,-0.055555204140653916,-0.3636195554886455,-0.02035041161119588,-0.8501036565456939,-0.4050266762764105,-0.9594531296101426,-0.08223935346696391
PlantIndoors\m1022_06_fill_holes_and_orientation.obj,1.2729973254939788,0.4314378116976457,-0.020350246540170164,-0.5309333250303515,1.3382949326096452,-0.6794176914533715,-0.09905185443767231
PlantIndoors\m1023_06_fill_holes_and_orientation.obj,0.17364130108574022,-0.1462887255287293,-0.020351239354566814,-0.7287327133771107,-0.6255658867794011,-0.8192652448226851,-0.1039060406379754
PlantIndoors\m1025_06_fill_holes_and_orientation.obj,0.29294233426547805,-0.4555380804800269,-0.020338516059776757,-0.8739205606211615,0.1918235091657114,-1.0607894961894848,-0.10383057417208076
PlantIndoors\m1026_06_fill_holes_and_orientation.obj,0.22638813580392708,-0.0962785928883091,-0.02035131096855922,-0.7541572584776723,0.5817168335187802,-0.8235892450511033,-0.10378333672012628
PlantIndoors\m1027_06_fill_holes_and_orientation.obj,0.9074954283269616,-0.2117942598203301,-0.0203438773754176,-0.7748005600850839,0.5426708005735874,-0.9661988565613535,-0.10255470724151418
PlantIndoors\m1029_06_fill_holes_and_orientation.obj,-0.3511312331218417,-0.558423595375432,-0.020344837226179035,-0.8663467851251628,-0.35172819698224506,-1.0419172234444085,-0.09924828419441785
PlantIndoors\m1030_06_fill_holes_and_orientation.obj,-0.010988968188930909,0.09753742989000674,-0.020352281993593194,-0.5809964573969846,-0.28098142441817986,-0.6101548742071099,-0.10379066713337093
PlantIndoors\m1031_06_fill_holes_and_orientation.obj,0.25506613958255725,-0.5238923974343846,-0.020319285775877646,-0.8985770105652895,-0.16228406156069153,-1.0667184277371502,-0.10107887075184299
PlantIndoors\m1032_06_fill_holes_and_orientation.obj,-0.3367205698143699,-0.40286030164673614,-0.02035171362621591,-0.8394098666158089,0.3215645849717236,-0.9767813724476397,-0.10171081883383477
PlantIndoors\m1033_06_fill_holes_and_orientation.obj,-0.8445881754787591,-0.4786247469146233,-0.02035263522076785,-0.69006001538457,-0.5516876996920085,-0.782903519620991,-0.10043373504675764
PlantIndoors\m1034_06_fill_holes_and_orientation.obj,-0.7776613376427925,-0.5863680125933421,-0.02035236592571573,-0.8781004272864061,-0.47460077920416993,-1.0225541569700087,-0.09740590726266225
PlantIndoors\m1035_06_fill_holes_and_orientation.obj,0.6981110658016095,1.5090680719065286,-0.020352401581965072,-0.08449141236172854,2.507098625061507,0.009302043354559166,-0.10390976083258696
PlantIndoors\m1036_06_fill_holes_and_orientation.obj,-0.6076853804973267,-0.5410344942663495,-0.020351801235785227,-0.824685065671151,-0.14162703489034578,-0.9041510653797434,-0.09319696041387031
PlantIndoors\m989_06_fill_holes_and_orientation.obj,1.87540739224879,0.2794972473666755,-0.020345890295602232,-0.26695866870990537,-0.3875397235679514,-0.19760154669705113,-0.10079243871137974
PlantIndoors\m990_06_fill_holes_and_orientation.obj,0.8459893288906948,0.3658499426470059,-0.02035122331923367,-0.5795376720223622,0.6135850973714114,-0.5684445720865854,-0.10298774992045254
PlantIndoors\m991_06_fill_holes_and_orientation.obj,-0.26938302247559204,-0.2859943446664721,-0.020352067928028402,-0.802761605469683,-0.07898585794427627,-0.9051971366860385,-0.10209559392611338
PlantIndoors\m992_06_fill_holes_and_orientation.obj,-0.12107926971620077,-0.32793567092104897,-0.020351267102808497,-0.8393741412596957,1.354854058792673,-0.980052136497802,-0.10193127082554351
PlantIndoors\m993_06_fill_holes_and_orientation.obj,-0.6689993377561608,-0.47610530328802325,-0.020352488098242826,0.2417168143079146,-0.37515581674936016,0.6198279480169353,-0.07511570060030066
PlantIndoors\m994_06_fill_holes_and_orientation.obj,-0.16092122667593578,-0.41606679699662646,-0.02035033055868324,-0.8408686519904313,-0.43877636613894194,-0.9764947775692027,-0.1040749265548628
PlantIndoors\m995_06_fill_holes_and_orientation.obj,0.6498121657316435,0.5710281621727338,-0.02035195479658603,-0.360130397453135,0.390984050145243,-0.38915081613639935,-0.10236609606476685
PlantIndoors\m996_06_fill_holes_and_orientation.obj,-0.3802199464032832,-0.4819840050834233,-0.020350959691918094,-0.8210708504776988,-0.6225117911331922,-0.9179004546727585,-0.100415391211779
PlantIndoors\m997_06_fill_holes_and_orientation.obj,0.8969226818456506,0.16806538448299974,-0.020350244508163185,-0.5775370520800229,-0.3843181036879867,-0.6320077336879311,-0.10406695764798746
PlantIndoors\m999_06_fill_holes_and_orientation.obj,0.03607063723078581,-0.012675878559888583,-0.020352063218519536,-0.5267296414610314,-0.5828214342120048,-0.4257274874969212,-0.10366509751052755
PlantWildNonTree\m1052_06_fill_holes_and_orientation.obj,-0.06240917090348968,-0.599525107087809,-0.02022899797127078,-0.9523734426457521,0.16556086390422434,-1.1537250503946423,-0.1040371945087066
PlantWildNonTree\m961_06_fill_holes_and_orientation.obj,3.9771713957440946,0.903644121739361,-0.020339779723201598,0.20374076075958125,-0.22460307651876513,0.26862383667229633,-0.10117625804119754
PlantWildNonTree\m962_06_fill_holes_and_orientation.obj,-0.28121387472941867,-0.576092634665248,-0.02033399964610239,-0.9363148950728681,-0.2518193212647211,-1.140050892257217,-0.10378488350457242
PlantWildNonTree\m963_06_fill_holes_and_orientation.obj,-0.27325856154628525,-0.5265271097236395,-0.020346878516626997,-0.9011670988834966,-0.5288915174213635,-1.0966675925338165,-0.1034849940438309
PlantWildNonTree\m964_06_fill_holes_and_orientation.obj,-0.6919798109074607,-0.6126822015822757,-0.020347204632167035,-0.9443114206162063,-0.3493570847505902,-1.1396604067353466,-0.09515616664735611
PlantWildNonTree\m965_06_fill_holes_and_orientation.obj,-0.6887886383801651,-0.6151687113052602,-0.02034549725148101,-0.9507777100726957,-0.42448526035141,-1.1449552471144702,-0.0945936323964698
PlantWildNonTree\m966_06_fill_holes_and_orientation.obj,1.4923269492079065,-0.5443772854833416,-0.01991651707983905,-0.8834711391554241,-0.48398213629463044,-1.0919531067835277,-0.10252187664274608
PlantWildNonTree\m967_06_fill_holes_and_orientation.obj,-0.6607072159076903,-0.621376752136817,-0.02033167530770627,-0.9091814871048916,-0.6954106057770755,-1.1047603154136811,-0.0675765561131994
PlantWildNonTree\m968_06_fill_holes_and_orientation.obj,-0.4907876921290229,-0.5701645320144243,-0.020348024976058886,-0.9116346282246647,-0.4760827243489528,-1.087027257310392,-0.10088805926433114
PlantWildNonTree\m971_06_fill_holes_and_orientation.obj,-0.04060439289382495,-0.6267120445225584,-0.01815409089238693,-0.9573392671454871,-0.2955173733165891,-1.1598832578450575,-0.0979874016887234
PlantWildNonTree\m972_06_fill_holes_and_orientation.obj,0.004774752270114382,-0.6190384449801033,-0.019614698595189394,-0.9503906853814694,-0.4022560831796412,-1.1475166888405008,-0.09988067376271191
PlantWildNonTree\m973_06_fill_holes_and_orientation.obj,-0.3886773373973778,-0.6116447836183817,-0.020286802447817057,-0.9480089949739227,0.03619349600428615,-1.14201048473853,-0.10324278658822708
PlantWildNonTree\m974_06_fill_holes_and_orientation.obj,-0.8188823290181828,-0.6332329574384643,-0.020312202797179754,-0.9532844392266387,-0.6006820948265379,-1.140684983425759,0.4745846629494013
PlantWildNonTree\m976_06_fill_holes_and_orientation.obj,0.05192169504320959,-0.1239266049736781,-0.02035174231660717,-0.596548895758265,-0.3178625288040358,-0.39400859932590643,-0.10346490404349545
PlantWildNonTree\m977_06_fill_holes_and_orientation.obj,-0.7561794838986969,-0.6347149831011701,-0.019024815344659676,-0.965127394778165,-0.6531300664723935,-1.173987308300138,-0.07371279242588312
PlantWildNonTree\m978_06_fill_holes_and_orientation.obj,-0.19093526801932711,-0.6055026105940561,-0.020243892772009876,-0.9152071638359848,-0.7011450891634163,-1.0939700182405283,-0.08078888582459721
PlantWildNonTree\m979_06_fill_holes_and_orientation.obj,-0.36666832434596613,-0.6319979360528759,-0.017036882771739755,-0.9595899645806188,-0.6845344170623076,-1.167936573929137,-0.09455403946181375
PlantWildNonTree\m980_06_fill_holes_and_orientation.obj,-0.7486496603858697,-0.6289844838720406,-0.020325600939917837,-0.9521531362830541,-0.5984785068286418,-1.1460658022684136,-0.09977190831114785
PlantWildNonTree\m981_06_fill_holes_and_orientation.obj,-0.8124439984806565,-0.6028184974493777,-0.020352384348588787,-0.8542239809507497,-0.6434007744348965,-0.9364789676674368,-0.10109163666848651
PlantWildNonTree\m982_06_fill_holes_and_orientation.obj,-0.7474291768578865,-0.6140983594377503,-0.020350030926073223,-0.9038762717220811,-0.6067773996394368,-1.085515469326637,-0.07718046241092705
PlantWildNonTree\m983_06_fill_holes_and_orientation.obj,-0.02339535120732946,-0.3541675251509434,-0.02035031583818388,-0.8313776157163575,-0.17075047860524528,-0.8710708515361529,-0.10329391196794023
PlantWildNonTree\m984_06_fill_holes_and_orientation.obj,-0.44278529117668064,-0.6151028434980287,-0.020287733800685454,-0.9353622189098493,-0.6725113316702743,-1.1229053536547238,-0.09911405336987028
PlantWildNonTree\m985_06_fill_holes_and_orientation.obj,0.22724538551862786,-0.5182442329642943,-0.020324527926952947,-0.7209624484224892,-0.5325126181664485,-0.7016610364560629,-0.08776426575400208
PlantWildNonTree\m986_06_fill_holes_and_orientation.obj,-0.3129854123531059,-0.6222659675344406,-0.020034411505213692,-0.9502358755049789,-0.5599994789823223,-1.1384280487580676,-0.09815535557897268
PlantWildNonTree\m987_06_fill_holes_and_orientation.obj,-0.44354490220914283,-0.6144770993293307,-0.02029174816428357,-0.9345583983973023,-0.6621377156567799,-1.121157124896258,-0.0991161595285381
PlantWildNonTree\m988_06_fill_holes_and_orientation.obj,-0.6879381069234164,-0.6227270421850603,-0.02033444789368158,-0.8775526384926704,-0.6872405777614801,-1.0390441097880776,-0.08707018520011585
Quadruped\D00111_06_fill_holes_and_orientation.obj,-0.38356787828279687,0.32881576803116624,-0.02035259697125106,0.7332619890694543,-0.42676616722642463,0.9420644820235544,-0.09198774525584072
Quadruped\D00150_06_fill_holes_and_orientation.obj,-0.24572176585180228,0.7546017409265711,-0.02035259854777355,0.5864724550263283,0.4151204262859525,0.7212144687000035,-0.09570597849727386
Quadruped\D00218_06_fill_holes_and_orientation.obj,-0.472067042403282,0.08760785794987723,-0.020352595778281107,0.36383798995487515,-0.25080128938265245,0.4212069499521542,-0.08753022895976657
Quadruped\D00226_06_fill_holes_and_orientation.obj,-0.503407267866438,0.04380576614101406,-0.020352599700665316,0.20109708440720434,-0.6456043624327926,0.3305175831067465,-0.08861691980100551
Quadruped\D00261_06_fill_holes_and_orientation.obj,-0.5021912631770895,0.047955437996590494,-0.02035259982973893,0.1927909391108851,-0.6190453281423473,0.3304316046432155,-0.08888775740595317
Quadruped\D00326_06_fill_holes_and_orientation.obj,-0.5631066037974262,-0.24917424042413439,-0.020352563385057608,-0.10968969687357343,-0.3006204192064541,-0.0807998039900527,-0.08037365767179122
Quadruped\D00380_06_fill_holes_and_orientation.obj,-0.4614768284512953,-0.11310781763592502,-0.020352550345959147,-0.0236451766749276,-0.694444119813085,0.027722929166097147,-0.08032433067624484
Quadruped\D00409_06_fill_holes_and_orientation.obj,-0.50561085647476,-0.11312428458773288,-0.02035257376392254,-0.04132327372494349,-0.5161854486147763,0.12083402273429732,-0.0792482046496908
Quadruped\D00508_06_fill_holes_and_orientation.obj,-0.601637604688755,-0.3099537595468841,-0.0203525638802398,-0.09686429402893414,-0.6776401505191798,-0.04845757195843733,-0.08527751978423444
Quadruped\D00509_06_fill_holes_and_orientation.obj,-0.617287114762613,-0.3240659372462058,-0.020352568632734176,0.06690073839398165,-0.7018667320165295,0.18919048367750185,-0.06766800390851968
Quadruped\D00583_06_fill_holes_and_orientation.obj,-0.6726925880944175,-0.42467901279212855,-0.0203525564518533,-0.2819692725034689,-0.020970927145838696,0.010695610950958973,-0.0895585277995573
Quadruped\D00663_06_fill_holes_and_orientation.obj,-0.3693202447016318,-0.11294314811784653,-0.02035248468667013,-0.1121130668632522,0.06585817185901842,-0.08486586882787758,-0.07732750425018128
Quadruped\D00700_06_fill_holes_and_orientation.obj,-0.5377492109826374,-0.19373001368712595,-0.02035256769636023,0.041875126436684076,-0.25794039903665755,0.016814411605588834,-0.08173277404451662
Quadruped\D00757_06_fill_holes_and_orientation.obj,-0.24233442019230236,0.5269625991349449,-0.020352580376228186,0.39697921197588837,-0.38232069936240576,0.41275956591022356,-0.0927961217079807
Quadruped\D00794_06_fill_holes_and_orientation.obj,-0.5521697277351059,-0.1427812647936587,-0.020352587948878596,-0.03311835027094476,-0.5860817135305317,0.09787419053551331,-0.07958402381645127
Quadruped\D00795_06_fill_holes_and_orientation.obj,-0.11610014480589258,-0.003388517740264916,-0.020352307765125647,0.2660279191429481,-0.6069062644346334,0.2923073209391337,-0.09181216900172755
Quadruped\D00831_06_fill_holes_and_orientation.obj,-0.5541878924239472,-0.23343183449583618,-0.020352563730073426,-0.34946042442732544,-0.34857100949987724,-0.3861415699128108,-0.09670946974158168
Quadruped\D00841_06_fill_holes_and_orientation.obj,-0.5553532862367224,-0.28963354101600547,-0.020352538345752062,-0.15117278954701927,-0.5429120071389805,-0.16597221942554802,-0.0836452824204174
Quadruped\D00867_06_fill_holes_and_orientation.obj,-0.5553738888944425,-0.2348479923513107,-0.020352563941800985,-0.5079857379536383,-0.6069449238731955,-0.45187210528233634,-0.09408665816817156
Quadruped\D00934_06_fill_holes_and_orientation.obj,-0.5743157932487425,-0.2850886623170407,-0.02035255564179198,-0.32132075226216045,-0.4964691349493807,-0.32036088043955885,-0.0894417428046961
Quadruped\m100_06_fill_holes_and_orientation.obj,-0.40012614471565594,0.44273414063782635,-0.020352608369768273,0.6427339366786017,-0.6687227066914335,1.1483912998823103,-0.09844815040230838
Quadruped\m101_06_fill_holes_and_orientation.obj,0.36368782992147597,1.582790615150243,-0.02035252839875203,1.7224554202618723,-0.46284830988205167,1.7705135498134434,-0.0954816591488528
Quadruped\m102_06_fill_holes_and_orientation.obj,-0.39256676086783887,0.529053902014541,-0.02035261154201332,1.1944584738128294,-0.5307600569517449,1.3855593090968676,-0.09814855130979794
Quadruped\m103_06_fill_holes_and_orientation.obj,-0.4474809056014059,-0.3745700784408613,-0.0203522505559242,-0.23531195741962768,-0.40283597475803323,-0.11254018677695016,-0.08398421256234008
Quadruped\m104_06_fill_holes_and_orientation.obj,-0.5532424095881406,-0.22733906232693413,-0.020352565374664445,0.006620154178972984,-0.45326076911927027,0.3894343252414324,-0.0751919163269986
Quadruped\m105_06_fill_holes_and_orientation.obj,-0.5567179883687463,-0.22860701761613808,-0.020352567031792092,-0.03201681845745444,-0.5949347249606782,0.18800827980394927,-0.07730944049791054
Quadruped\m106_06_fill_holes_and_orientation.obj,-0.6455947185861451,-0.39971511385143804,-0.020352548205717646,-0.5160120346270709,0.26499293987950956,-0.3872342128868519,-0.06893376887294407
Quadruped\m107_06_fill_holes_and_orientation.obj,-0.5538739258356477,-0.23382704133922444,-0.02035256338571127,-0.09084457152385961,-0.12696222119673986,-0.0807998039900527,-0.07937213887435
Quadruped\m108_06_fill_holes_and_orientation.obj,-0.5813533923956051,-0.34117510017455505,-0.020352528132429167,-0.259771917905133,-0.5963006917897833,-0.18951957112512785,-0.08204548005832342
Quadruped\m109_06_fill_holes_and_orientation.obj,0.48665792771084276,1.8199311881349949,-0.020352520097445457,0.8967352644174457,0.9867904307462557,1.2116786139131603,-0.1014484185226638
Quadruped\m110_06_fill_holes_and_orientation.obj,-0.06745592627718337,1.3262849068394675,-0.02035259771895119,1.0003923851799,-0.22181959694247413,1.004603066934488,-0.0984342230127406
Quadruped\m111_06_fill_holes_and_orientation.obj,-0.39364033848860075,0.29309894955995414,-0.02035259621411675,0.5126757777484915,-0.3695244251991784,0.4802956490139021,-0.09806657648131827
Quadruped\m112_06_fill_holes_and_orientation.obj,-0.21918464694060688,1.070437876601006,-0.020352608751106168,0.6011377137107974,-0.3634677798248417,0.9825424261668001,-0.10252975693588331
Quadruped\m273_06_fill_holes_and_orientation.obj,-0.7560903550098644,-0.5298699009406317,-0.020352546904542447,-0.4672528777585697,-0.31291412066840796,0.1645361592599591,-0.092103802352139
Quadruped\m274_06_fill_holes_and_orientation.obj,-0.6615425193130807,-0.39286486189937525,-0.02035256759598915,-0.3105197862639358,-0.6526017208120795,-0.035148822291019344,-0.09462940465486484
Quadruped\m275_06_fill_holes_and_orientation.obj,-0.7495279606421542,-0.5177502244100589,-0.020352555217185642,-0.30882283184855874,-0.6569831238488341,0.040537302668211414,-0.086679628852621
Quadruped\m276_06_fill_holes_and_orientation.obj,-0.8285794625463903,-0.5941568807984521,-0.020352543939995676,-0.6552635185303116,-0.28241182364488465,-0.302638569644211,-0.0742059009777526
Quadruped\m277_06_fill_holes_and_orientation.obj,-0.4001476431411029,0.1412736538916386,-0.020352580208325168,0.46747129381325375,-0.40717871835622854,1.1626995491882772,-0.08624845734770568
Quadruped\m278_06_fill_holes_and_orientation.obj,-0.18900040972909307,-0.07399880709229709,-0.020352324078508528,0.15688100199109864,-0.19323738536741028,0.8936192002597605,0.02658473428231332
Quadruped\m279_06_fill_holes_and_orientation.obj,-0.4537983074957926,-0.49575037679478035,-0.020351340503850946,-0.8269059919761884,-0.4096658089035641,-0.7019297191545977,-0.05801418513161898
Quadruped\m280_06_fill_holes_and_orientation.obj,-0.4381102794096755,-0.18627048451817288,-0.020352499715990062,-0.08945128263544468,-0.09787743692039966,0.4390976352385838,-0.0690765390553059
Quadruped\m281_06_fill_holes_and_orientation.obj,-0.3945338667962435,0.03878334583962185,-0.020352558482221252,0.34997059755693394,-0.487100664338439,0.9415235341905045,-0.08364539872594863
Quadruped\m282_06_fill_holes_and_orientation.obj,-0.32712958476180715,0.2952396532949737,-0.020352578006463947,-0.16630247786096003,0.5756988475830027,0.13843453070630946,-0.0968926936777696
Quadruped\m86_06_fill_holes_and_orientation.obj,-0.5215214828410267,-0.374076069886626,-0.020352408461091147,-0.4851870065273969,1.8404939259783482,-0.4935394181710954,-0.0758973702959298
Quadruped\m87_06_fill_holes_and_orientation.obj,-0.51871369890087,-0.2261534417967694,-0.020352542782401454,-0.3707289197667181,0.03364197305935367,-0.22901951024570705,-0.09224393390221043
Quadruped\m88_06_fill_holes_and_orientation.obj,-0.5043921644822307,-0.11412876864801129,-0.02035257292945138,-0.04955796830903641,0.8565725551980077,0.12539446373742613,-0.0761591542669046
Quadruped\m89_06_fill_holes_and_orientation.obj,-0.5058585362512645,-0.24090783061659707,-0.020352525064925943,-0.28099873366239364,-0.6099990195194015,-0.23884254970413524,-0.09244934133829619
Quadruped\m90_06_fill_holes_and_orientation.obj,-0.3094368285027531,0.4811844731091406,-0.020352592621684894,0.19837600311658224,-0.5284018311996088,0.33495622128653946,-0.1006120322173466
Quadruped\m91_06_fill_holes_and_orientation.obj,-0.5451007767177997,-0.21810110236273403,-0.02035256373082465,-0.3393739655513649,-0.1824514020092826,-0.3861415699128108,-0.0969450762648919
Quadruped\m92_06_fill_holes_and_orientation.obj,-0.5743157932487425,-0.2850886623170407,-0.020352555642182225,-0.32132075226216045,-0.4964691349493807,-0.32036088043955885,-0.0894417428046961
Quadruped\m93_06_fill_holes_and_orientation.obj,-0.037471893152645215,0.14595026820506618,-0.02035235164351056,0.5541886415520316,-0.6181432745759565,0.6622224954097283,-0.08633708295370661
Quadruped\m94_06_fill_holes_and_orientation.obj,-0.5660129221875486,-0.3974426745019557,-0.020352445183695375,-0.42798475716414247,0.48432082130763227,-0.3202426600522036,-0.07812341702182016
Quadruped\m95_06_fill_holes_and_orientation.obj,-0.6081941765662401,-0.32215577083649605,-0.020352562922246263,0.05639748369670048,-0.7016605483442114,0.1769134755724569,-0.0819232010117007
Quadruped\m96_06_fill_holes_and_orientation.obj,-0.5724857397825629,-0.2569137077738208,-0.020352566395341123,-0.05235050031188498,-0.6664804592549752,-0.04597136138799647,-0.08407568330228897
Quadruped\m97_06_fill_holes_and_orientation.obj,-0.5857162291097647,-0.2948041638836682,-0.020352559393892675,-0.17651397548331693,-0.6972662588279352,-0.18011209424043334,-0.08748289260855084
Quadruped\m98_06_fill_holes_and_orientation.obj,-0.5709804021174063,-0.23629708411040093,-0.020352572811138777,-0.004371347051855272,-0.6924080560489476,0.036815151684510855,-0.08734142868763171
Quadruped\m99_06_fill_holes_and_orientation.obj,-0.40167268769625264,0.23744065244944368,-0.0203525928104953,0.7218656004693429,-0.13834098261278127,0.4534811157001406,-0.09301320637764203
RectangleTable\D00134_06_fill_holes_and_orientation.obj,0.2676427184690782,-0.5172068150004001,-0.020321977852981208,-0.8085312504819651,1.9596680885780724,-1.074764578949269,0.031055188975342627
RectangleTable\D00187_06_fill_holes_and_orientation.obj,1.015039062206484,-0.08914840275551301,-0.020346379168989303,-0.5720651183686842,3.1247862478872523,-0.7792028632531732,-0.09866211697606067
RectangleTable\D00230_06_fill_holes_and_orientation.obj,0.6217428361234827,-0.4921605813006704,-0.020306793016143118,-0.8879784882517063,2.586247382272523,-1.0988672082258204,-0.10308277233067183
RectangleTable\D00243_06_fill_holes_and_orientation.obj,0.20150012527806535,-0.06431623942928524,-0.02035153118342319,-0.23694936957481613,0.8347686318503938,-0.5038210094350227,-0.10034317576240054
RectangleTable\D00295_06_fill_holes_and_orientation.obj,0.6144127688137675,1.0917790461439711,-0.02035232718346554,0.0191299830446125,4.11955803442332,-0.4098823731553357,-0.10359995138034397
RectangleTable\D00302_06_fill_holes_and_orientation.obj,-0.23462051641158477,-0.4455755746362817,-0.020350376874100917,-0.7895313152557607,1.904011383531768,-1.0006475609494807,-0.10047138480872846
RectangleTable\D00317_06_fill_holes_and_orientation.obj,0.9328841730121942,-0.1621299331678746,-0.02034532130649598,-0.4183984532737667,-0.16702628602400416,-0.4757132167323142,-0.07470529161069737
RectangleTable\D00418_06_fill_holes_and_orientation.obj,3.8805780744427962,-0.4342133778888698,-0.019644979207135174,-0.7771643878145742,-0.4845491413935066,-0.928794642489345,-0.06753087731360241
RectangleTable\D00421_06_fill_holes_and_orientation.obj,-0.2888283482924437,-0.33126199518623334,-0.020351951665863073,-0.15961588204177257,0.08904094851525902,-0.3215538316210529,-0.09267882164576688
RectangleTable\D00505_06_fill_holes_and_orientation.obj,-0.1070421415508712,-0.34868403019893157,-0.020350976186794285,-0.31560469528404816,0.9922027521445979,-0.7424828944534329,-0.08645449932145167
RectangleTable\D00523_06_fill_holes_and_orientation.obj,2.113117721836077,0.2116698728701688,-0.020342577463409676,0.25433977346791237,4.248203759470145,-0.4180610744987315,-0.05870813592967443
RectangleTable\D00530_06_fill_holes_and_orientation.obj,0.011960600975788941,-0.14434562521540378,-0.020351782004343538,-0.7097208696988685,1.3989902511482148,-0.826290401780372,-0.10402877778597627
RectangleTable\D00571_06_fill_holes_and_orientation.obj,0.3949653516437445,-0.30697324126966447,-0.02034723061715388,-0.8294484464862445,2.273131702898816,-0.9674419618465739,-0.10327265179154554
RectangleTable\D00603_06_fill_holes_and_orientation.obj,0.38967226014513684,1.3857800037212056,-0.020352497560831437,1.9868766435337337,0.9666875226952645,0.8030408889297469,-0.07880017517229804
RectangleTable\D00678_06_fill_holes_and_orientation.obj,0.5776334417125094,-0.4015923463575322,-0.020336854903659315,-0.8354741232173379,2.27560590696663,-0.9880445511702137,-0.10188797589373995
RectangleTable\D00714_06_fill_holes_and_orientation.obj,-0.3619883858564627,-0.5416108375796239,-0.020347678598380936,-0.7411294119483915,0.5600675479254063,-1.0046240648877942,-0.09684426468751547
RectangleTable\D00766_06_fill_holes_and_orientation.obj,0.9637778582634605,0.2991752547770482,-0.020350665698546967,-0.05223737001752656,-0.4829254449740025,-0.032745007748128906,-0.07676473343226203
RectangleTable\D00944_06_fill_holes_and_orientation.obj,-0.1909401947418254,-0.4223571725872226,-0.02035047351791591,-0.8639174609094652,1.0135943081475756,-1.013787936125817,-0.10276107756080756
RectangleTable\D00954_06_fill_holes_and_orientation.obj,0.6343525584159011,-0.08544333859874821,-0.020349445259065766,-0.7027246541266998,4.497827754249473,-0.9410859803383116,-0.10402730300019238
RectangleTable\m763_06_fill_holes_and_orientation.obj,0.42460227477408574,0.038388138996233556,-0.02035126378070928,-0.5890644336525492,2.5675362140096776,-0.8003678950257456,-0.10091068741530758
RectangleTable\m764_06_fill_holes_and_orientation.obj,-0.06481968185673953,-0.13295049456437624,-0.0203520075682893,-0.6846952577415708,1.1823040980216648,-0.7114052623229209,-0.09873149203865575
RectangleTable\m765_06_fill_holes_and_orientation.obj,0.6384986193401362,-0.42094101473174816,-0.02033149184854908,-0.8010348799242115,1.487391500654495,-1.0027683630499145,-0.10125252915148178
RectangleTable\m870_06_fill_holes_and_orientation.obj,-0.2326668469990846,0.02142717863415488,-0.02035244794508047,-0.09034441653827478,1.3736167729735969,-0.5128021764380422,-0.0993056821608772
RectangleTable\m871_06_fill_holes_and_orientation.obj,0.4789305874142207,-0.6312898571251387,0.01780671301134735,-0.9629243311511844,0.667141306255973,-1.1716443951689157,-0.10297579339536315
RectangleTable\m872_06_fill_holes_and_orientation.obj,0.055841574616387495,-0.40292616945396753,-0.020348250003446706,-0.44989630891357263,0.8022560440217708,-0.8469682222596016,-0.0970638400361724
RectangleTable\m873_06_fill_holes_and_orientation.obj,-0.1662232758518131,-0.4235263261655795,-0.020350217243552432,-0.8105556873283799,1.4899559100789492,-1.0021163597014704,-0.10299490547980326
RectangleTable\m874_06_fill_holes_and_orientation.obj,0.40704567520952967,-0.1527767045410196,-0.020350063508994935,0.10821711273889922,0.600582639535866,-0.408567619150506,-0.0911399966121958
RectangleTable\m875_06_fill_holes_and_orientation.obj,-0.10934112942211453,-0.4143213001049951,-0.020349867447813957,-0.1337864495719278,0.18021279111831146,-0.4925148414806832,-0.08986405768296701
RectangleTable\m876_06_fill_holes_and_orientation.obj,0.504202434411085,0.9406618294033928,-0.020352339823304092,-0.11902592327115667,4.635584220316841,-0.49606145310134103,-0.10340368856555145
RectangleTable\m878_06_fill_holes_and_orientation.obj,-0.43618796186761893,-0.38086045403145746,-0.020352200830875296,-0.8500143431554109,-0.538479058184145,-0.9161916327100779,-0.10390244149605961
RectangleTable\m879_06_fill_holes_and_orientation.obj,0.020705981294101172,-0.33774997419852365,-0.020350241311410736,-0.5479981368004241,0.6441775997515721,-0.8080199782800134,-0.10113812485963768
RectangleTable\m881_06_fill_holes_and_orientation.obj,0.11860085310267166,-0.010848046909217975,-0.020351904178343812,-0.044681457199584315,1.251581811920466,-0.27301898895774723,-0.08735619632532317
RectangleTable\m882_06_fill_holes_and_orientation.obj,-0.025369175393686143,-0.33124552823442555,-0.020350665742498338,-0.717127926866339,2.398452716229514,-0.9877937806515813,-0.10157893310857025
RectangleTable\m883_06_fill_holes_and_orientation.obj,0.17695071495299455,0.8800140458951058,-0.020352491569308413,-0.4002678350463169,2.4766736469151023,-0.3307391974749587,-0.1041213633183981
RectangleTable\m886_06_fill_holes_and_orientation.obj,0.2535715511301241,-0.5524131579655692,-0.020292729301615707,-0.8914676646987624,1.5164247390127543,-1.100135390562904,-0.10313098532493938
RectangleTable\m887_06_fill_holes_and_orientation.obj,0.08185601305890158,-0.22934803044749102,-0.020351080349142427,-0.35709374218351286,1.306259144523258,-0.6897780963088689,-0.09898739189918257
RectangleTable\m888_06_fill_holes_and_orientation.obj,-0.14427875807674254,0.007660806922797921,-0.02035235172594011,-0.1390202142425118,2.539624099369649,-0.6782462348877601,-0.10124389010321214
RectangleTable\m889_06_fill_holes_and_orientation.obj,0.13964333277669344,0.10124249404677153,-0.0203520777297694,-0.24364787384604145,1.4620051360003583,-0.5739973478563022,-0.09640647167926022
RectangleTable\m890_06_fill_holes_and_orientation.obj,0.6484720972121109,0.6642146424533191,-0.020352050859716097,0.22195473815129518,1.546218279662686,-0.25957052428709115,-0.10124980507022961
RectangleTable\m891_06_fill_holes_and_orientation.obj,-0.12841963835477596,0.06629962231052802,-0.020352382482709205,0.24105589521982038,1.176621160553402,-0.2987158022456046,-0.09685903786356555
RectangleTable\m894_06_fill_holes_and_orientation.obj,0.39761637623168317,0.17292313526631345,-0.020351739926667254,-0.3308356054403097,3.9988632672402535,-0.5732271241205028,-0.09921587530209977
RectangleTable\m895_06_fill_holes_and_orientation.obj,-0.04442036341067536,-0.2178870319892321,-0.020351657299719935,-0.28324943109752526,1.583730821545015,-0.5792348692597383,-0.09331579697500708
RectangleTable\m896_06_fill_holes_and_orientation.obj,0.7870993191010149,0.36784244381575487,-0.02035136574116693,-0.5432883440195003,3.57945990478669,-0.6879259769069698,-0.1030328645986633
RectangleTable\m897_06_fill_holes_and_orientation.obj,-0.19571508461038664,-0.4016252802611479,-0.020350875525316704,-0.47156373739622937,1.2243526806949883,-0.7879905787132477,-0.08475681992086138
RectangleTable\m898_06_fill_holes_and_orientation.obj,-0.3402386975620059,-0.502205421903455,-0.020349873790723554,-0.7355741190727887,0.9390202511661102,-1.0016613903319516,-0.09515889151980238
RectangleTable\m901_06_fill_holes_and_orientation.obj,0.5914031832113412,1.0529335068292687,-0.020352327184236272,-0.02422869082477648,3.9857706040480707,-0.4098823731553357,-0.10356321782112948
RectangleTable\m902_06_fill_holes_and_orientation.obj,0.12054019023154061,0.007331467886641067,-0.020351941198412476,-0.12638534663047626,1.7424278168321679,-0.5544802366347426,-0.09854665011055358
RectangleTable\m904_06_fill_holes_and_orientation.obj,-0.08608655134636477,-0.3161453334266332,-0.02035119044936463,-0.4068055752150328,0.8972422845627045,-0.6857729328827119,-0.09657842822041125
RectangleTable\m905_06_fill_holes_and_orientation.obj,0.1428792936903371,-0.43452624997321887,-0.02034503417323623,-0.8474004379331284,1.4123921898488747,-1.029643797775344,-0.10313611384503131
RectangleTable\m906_06_fill_holes_and_orientation.obj,-0.33643840298037736,-0.46275060537186236,-0.02035095900820843,-0.7080239152834914,0.3417705848588739,-0.7855151154507481,-0.09519218101114273
RectangleTable\m907_06_fill_holes_and_orientation.obj,-0.3700216308318416,-0.5516721451342161,-0.020346684388955105,-0.8852990865432162,1.365884885261678,-1.0818972089863697,-0.1001244398706732
RectangleTable\m908_06_fill_holes_and_orientation.obj,-0.3402386975620059,-0.502205421903455,-0.020349873790723554,-0.7355741190727887,0.9390202511661102,-1.0016613903319516,-0.09515889151980238
RectangleTable\m912_06_fill_holes_and_orientation.obj,-0.333084200726775,-0.21205773104925554,-0.02035235412114834,-0.3534259389558908,2.1940473780853966,-0.8072461721082336,-0.09988627304328745
RectangleTable\m913_06_fill_holes_and_orientation.obj,0.023453300912688185,0.2403882368230476,-0.020352359173409603,-0.524103827786711,3.9745335939067448,-0.7793210836405285,-0.10276462052794297
RectangleTable\m914_06_fill_holes_and_orientation.obj,-0.344084228413846,-0.5152637146870747,-0.020349308558478992,-0.5496295947295936,0.1639500539642391,-0.9026751017557928,-0.08376153731523821
RectangleTable\m915_06_fill_holes_and_orientation.obj,-0.30159662147253413,-0.3010945394742644,-0.020352104125879608,-0.590237416178266,2.2958634527718584,-0.9144469863875926,-0.10114111478210411
RectangleTable\m917_06_fill_holes_and_orientation.obj,-0.4098076023086415,-0.4742939385891605,-0.020351355485590226,-0.8379987150493375,-0.5638138769202007,-0.9279133632381511,-0.10254377689515963
RectangleTable\m919_06_fill_holes_and_orientation.obj,-0.17715925614640643,-0.3305703832103039,-0.020351518906434662,-0.8207195511425857,0.36879353241203344,-0.9036387770345373,-0.10413348915902276
RectangleTable\m920_06_fill_holes_and_orientation.obj,-0.1207393258638194,-0.2895841401605819,-0.0203515529446882,-0.7315014284758837,-0.2671928913319214,-0.8473193009856868,-0.07887693286694769
Rocket\D00015_06_fill_holes_and_orientation.obj,-0.7190185597457538,-0.4794810284086311,-0.020352559483424692,-0.03970372424781155,-0.5533113961115126,0.20248848603697855,-0.07445457723623694
Rocket\D00343_06_fill_holes_and_orientation.obj,-0.6590361612130461,-0.5436692065556044,-0.020352127529950265,-0.29346688294590095,-0.6955265840927534,0.1617490240671593,-0.04589106779702521
Rocket\D00346_06_fill_holes_and_orientation.obj,-0.748633088682921,-0.549169168459424,-0.020352480909115688,-0.39122931994967686,-0.6714417538701247,0.3287801016562221,-0.07325109190580775
Rocket\D00354_06_fill_holes_and_orientation.obj,-0.5057882184846981,0.13765092449391308,-0.02035260912912698,1.3544782980698777,-0.7015832294670901,1.893552313562427,-0.09168030305631525
Rocket\D00426_06_fill_holes_and_orientation.obj,-0.7250300569613837,-0.4793492927941684,-0.020352566701000708,1.532462022225848,-0.6710165000459698,1.8079285111933936,0.017799899798435433
Rocket\D00428_06_fill_holes_and_orientation.obj,-0.7309640702686314,-0.4589302725524426,-0.02035258754060402,1.0095559390229358,-0.6753334706851246,1.5853517637272598,-0.08209444152220019
Rocket\D00433_06_fill_holes_and_orientation.obj,-0.5542711988225544,-0.4117853895265872,-0.020352396634211487,-0.09964491757974496,-0.680732905603948,0.1281529394423822,-0.07236886856207554
Rocket\D00437_06_fill_holes_and_orientation.obj,-0.7497429448966246,-0.5150002434581492,-0.020352559307355793,0.5941176812345531,-0.6783489068927714,1.1085940185753524,0.15189326782314447
Rocket\D00472_06_fill_holes_and_orientation.obj,-0.6943074633459668,-0.3903783521763909,-0.02035259280507089,1.764450576372941,-0.6751015140537662,1.551881064361799,-0.0716094401235128
Rocket\D00485_06_fill_holes_and_orientation.obj,-0.7415068085310892,-0.6274201234502955,-0.02033261007680104,-0.9234537668721154,-0.6998822141704704,-1.0905237148273235,0.25610803128389464
Rocket\D00528_06_fill_holes_and_orientation.obj,-0.6266778957281999,-0.1497797193119921,-0.020352612579080297,1.742747422534171,-0.5925893856880639,1.871900070496512,-0.07653222759859084
Rocket\D00564_06_fill_holes_and_orientation.obj,-0.5403429064360507,-0.304075057751484,-0.0203525151064527,1.6363692204810947,-0.7012868404381346,1.7541776417425345,-0.08820430575347316
Rocket\D00585_06_fill_holes_and_orientation.obj,-0.5669924441969796,-0.3091468789082998,-0.020352536606643646,-0.34554849793292985,-0.4188280958421877,0.29074896128763267,-0.08581147610458686
Rocket\D00614_06_fill_holes_and_orientation.obj,-0.7672032494305324,-0.5863186117379185,-0.020352298989690615,-0.36062459821270093,-0.7021244616069257,0.08462275984378258,-0.038951435598998614
Rocket\D00697_06_fill_holes_and_orientation.obj,-0.7256911335438803,-0.5607289686285301,-0.020352328122873645,-0.7004203686573983,-0.6969440968399393,-0.7328748011538325,-0.04521024370011838
Rocket\D00719_06_fill_holes_and_orientation.obj,-0.7384956853169126,-0.53698362412162,-0.020352493830291793,0.5256917158257347,-0.6973049182664945,0.2515284521735294,-0.0921058855661782
Rocket\D00851_06_fill_holes_and_orientation.obj,-0.7308355275998125,-0.4587491360825564,-0.020352587540701583,0.9703652233667539,-0.6707587704555709,1.5853481812912793,-0.08352369013026487
Rocket\D00942_06_fill_holes_and_orientation.obj,-0.7719002075068483,-0.6089442035218953,-0.02035158441241584,-0.7851132795497615,-0.6229370449573473,-0.8600906852560355,-0.012220402879893223
Rocket\D00975_06_fill_holes_and_orientation.obj,-0.6283341702553492,-0.24220871980941666,-0.020352599512430524,1.1375956153326503,-0.6521635805084057,1.6713875462340468,-0.07188425031398676
RoundTable\D00083_06_fill_holes_and_orientation.obj,0.5095868942178426,0.5957121229326907,-0.020352143261848223,-0.4726890861137953,1.7863449390358699,-0.6169435903900863,-0.09917569134545841
RoundTable\D00094_06_fill_holes_and_orientation.obj,-0.06230660549875272,-0.3137246915108802,-0.02035108570422424,-0.8050956620690789,1.6769129549531672,-1.0198494178047595,-0.10384284005405936
RoundTable\D00107_06_fill_holes_and_orientation.obj,0.28131123821476356,-0.31528905193262535,-0.020348304000559068,-0.8444114164716572,0.10175990380136499,-0.9474089798438279,-0.10409134620581434
RoundTable\D00194_06_fill_holes_and_orientation.obj,0.14423235084191044,-0.3808110531760339,-0.02034788479108941,-0.8103472894177195,-0.6887869553038656,-0.9659946577104673,-0.10381319954986248
RoundTable\D00344_06_fill_holes_and_orientation.obj,0.09710377130721788,-0.1654397904812511,-0.020351420962059105,-0.6483804332525015,-0.676209751292475,-0.8001171245071131,-0.10189313052323686
RoundTable\D00401_06_fill_holes_and_orientation.obj,1.8373842916586478,1.534246041220721,-0.020351486929836987,0.0458287325132117,-0.6911967269740797,0.4215831057301026,-0.10348118207070486
RoundTable\D00407_06_fill_holes_and_orientation.obj,0.15619935979023497,-0.1440492200828626,-0.02035131767468958,-0.4796555305558695,-0.6915575484006349,-0.44261509070882127,-0.10208558452967971
RoundTable\D00492_06_fill_holes_and_orientation.obj,-0.12895933841026955,-0.18920160193996902,-0.020352006441729333,-0.45210532676657234,-0.7020471427298072,-0.6569629827278327,-0.10098536426950032
RoundTable\D00501_06_fill_holes_and_orientation.obj,0.0027377764590070285,0.03797646520103752,-0.02035219654899717,-0.42709162326131234,1.0065196308911701,-0.7162093089727212,-0.08911173100255687
RoundTable\D00503_06_fill_holes_and_orientation.obj,-0.44629894008568194,-0.3267335834390765,-0.020352359387293264,-0.7277324034059409,0.8655802043823942,-0.909166475752391,-0.10393634811879023
RoundTable\D00524_06_fill_holes_and_orientation.obj,0.10305435631741433,-0.24779101647227553,-0.020350817073115868,-0.7956522596031559,1.9521552710179904,-0.9918956698492108,-0.10345861484167337
RoundTable\D00581_06_fill_holes_and_orientation.obj,0.38425286539702763,0.24384629670269473,-0.02035190204551697,-0.567551815046383,-0.2885973338144209,-0.3736066264171727,-0.10423872351136276
RoundTable\D00646_06_fill_holes_and_orientation.obj,-0.10401220721442843,-0.31700161492064105,-0.020351275302719598,-0.7193369447193386,-0.24734771287132915,-0.9283540028637481,-0.10320205196049904
RoundTable\D00649_06_fill_holes_and_orientation.obj,-0.09640445190935562,-0.5103071621929138,-0.020343569802907132,-0.8812144874942736,-0.5536077851404679,-1.058636452165227,-0.09917670170031144
RoundTable\D00702_06_fill_holes_and_orientation.obj,0.40661884188763314,0.07919324557606933,-0.020351464880600252,-0.6737752072229689,0.939187775399869,-0.7561749647707604,-0.10435294029020753
RoundTable\D00756_06_fill_holes_and_orientation.obj,-0.4801356702038758,-0.42461314498489716,-0.020352160813976825,-0.7675602212461418,0.9396001427445052,-0.9524100604725535,-0.09688002982516371
RoundTable\D00827_06_fill_holes_and_orientation.obj,0.5654353246906291,-0.07877422311657174,-0.02034991917965024,-0.6739240628734405,0.22838245156357143,-0.8537784330584606,-0.10346369035176124
RoundTable\D00866_06_fill_holes_and_orientation.obj,0.1609876861747006,-0.17581397012019237,-0.020351108475619554,-0.7884774172504212,2.739583602079412,-0.9831187016970777,-0.10406153875966445
RoundTable\D00909_06_fill_holes_and_orientation.obj,0.18777696370103536,0.32213018559718193,-0.020352259049153384,-0.602318540770547,1.531463260612437,-0.6626733856806898,-0.09539366175095938
RoundTable\D00948_06_fill_holes_and_orientation.obj,-0.2617022621007719,-0.3554684143437631,-0.02035171758508805,-0.8146879201854735,2.4796246507251523,-1.0039971385912132,-0.1023175958670446
RoundTable\m921_06_fill_holes_and_orientation.obj,-0.104010863562838,-0.3169851479688332,-0.020351275302758622,-0.7193309904933197,-0.24733482639180748,-0.9283540028637481,-0.10320205275169313
RoundTable\m922_06_fill_holes_and_orientation.obj,0.13477886613543605,0.4539810687225834,-0.02035238572619352,-0.28772700906371323,-0.05033921397161553,-0.39852605109726963,-0.10351025370635096
RoundTable\m923_06_fill_holes_and_orientation.obj,0.09744192362414528,-0.16476464545712954,-0.020351423277754865,-0.6522447259387462,-0.7014028187538125,-0.8002568395103512,-0.10029770504684923
RoundTable\m924_06_fill_holes_and_orientation.obj,-0.5055494963854633,-0.4462342527085954,-0.020352143644600758,-0.7785040886688193,-0.6982971771895256,-0.8929272934529545,-0.10225027078833696
RoundTable\m925_06_fill_holes_and_orientation.obj,-0.4280629007002265,-0.3067591708961625,-0.020352362343166834,-0.818468853707454,-0.47930434422892043,-0.9002068033652544,-0.10422998319024959
RoundTable\m926_06_fill_holes_and_orientation.obj,0.09983362345512892,-0.30506307485995465,-0.020350154894157712,-0.8283885942548863,0.7183779488269635,-0.9731237053115875,-0.10363588345994523
RoundTable\m927_06_fill_holes_and_orientation.obj,0.1313910725920727,-0.06194499836895583,-0.020351734670444314,-0.39534369012871395,-0.7003461274331845,-0.5661088238273237,-0.08955217292862572
RoundTable\m928_06_fill_holes_and_orientation.obj,0.5600454902775097,-0.5300839713141337,-0.020277710738744053,-0.923566897166474,2.368156602878309,-1.1294325520111264,-0.1036422683962522
RoundTable\m929_06_fill_holes_and_orientation.obj,-0.4347856374910627,-0.4194425221172344,-0.020352025180701037,-0.8809644100014812,-0.5917517645192728,-1.0044950971924975,-0.10410674917236012
RoundTable\m930_06_fill_holes_and_orientation.obj,0.03831722269000191,-0.04587325340450079,-0.02035199201909441,-0.4590896338867032,1.5775195384164382,-0.6938011719149283,-0.10059003464805996
RoundTable\m932_06_fill_holes_and_orientation.obj,0.1760374797553587,-0.09550464615334049,-0.02035148253416335,-0.705713675588171,-0.39029743018520485,-0.752925695336481,-0.1043819668277905
RoundTable\m933_06_fill_holes_and_orientation.obj,0.05768685613392543,-0.19750094565112206,-0.020351393913039337,-0.7455534018804096,-0.44618609186286484,-0.8142569993219987,-0.1031578439907155
RoundTable\m934_06_fill_holes_and_orientation.obj,-0.07566608537863696,-0.09591631994853665,-0.020352111948374777,-0.6944185088303805,-0.28885506340481704,-0.6824305201129404,-0.10383442966088176
RoundTable\m935_06_fill_holes_and_orientation.obj,0.30953463987196156,0.4163046829862379,-0.02035220770017695,-0.5574832188484791,2.39127494713695,-0.6199779136655381,-0.09948934520978513
RoundTable\m937_06_fill_holes_and_orientation.obj,0.18738416955276332,1.3808399181788527,-0.0203525532013153,-0.1481956765375858,-0.41644409713101116,0.2747892089946722,-0.10384318817945899
RoundTable\m938_06_fill_holes_and_orientation.obj,-0.022294900554758808,0.30548209731945225,-0.02035243027143926,-0.46183453208140085,0.40442464828446223,-0.39203109466469116,-0.10047934896843926
Shelf\D00057_06_fill_holes_and_orientation.obj,1.574928826497949,-0.1587542080472667,-0.020334982228278512,0.024637642112064293,2.0502600396027297,-0.5006433887203525,-0.08171477517016126
Shelf\D00074_06_fill_holes_and_orientation.obj,2.4670825785637107,-0.1644847072763962,-0.02030729519788811,0.01550385939912239,2.225851209540428,-0.5257956717391796,-0.06957486553219952
Shelf\D00129_06_fill_holes_and_orientation.obj,2.502496307765218,-0.0546336717662734,-0.020321874092702738,-0.46142964471211795,2.339535731864686,-0.5040646150816941,-0.10098086791348636
Shelf\D00171_06_fill_holes_and_orientation.obj,1.1952200531813435,-0.30419032641413896,-0.02033039173564717,0.2275219394789357,0.5325033682324111,-0.2728721090825482,0.001228609378777341
Shelf\D00198_06_fill_holes_and_orientation.obj,2.4224433375422403,-0.210328701109432,-0.0202991655477012,-0.46805074404509794,3.2893208183969023,-0.6769458106268524,-0.08857381317339538
Shelf\D00242_06_fill_holes_and_orientation.obj,4.237812483373834,0.06896726850339857,-0.02028092091552047,-0.24354069777770182,4.635055874656526,-0.7040505212550314,-0.0791731503959171
Shelf\D00337_06_fill_holes_and_orientation.obj,1.7839638396097868,-0.5697693251710361,-0.019172300329462752,-0.870943447611728,0.4838053621268371,-1.038234479256493,-0.058007450487524176
Shelf\D00352_06_fill_holes_and_orientation.obj,0.5553588335300539,-0.2142807695433144,-0.0203479850923316,0.04073191504106165,1.590663747526702,-0.4818355998229245,-0.09442258098135783
Shelf\D00468_06_fill_holes_and_orientation.obj,1.4664571772532964,-0.37396080122397113,-0.02030132734393883,-0.6018005231069056,-0.3585580311277731,-0.7162773752563498,-0.05983614055271538
Shelf\D00592_06_fill_holes_and_orientation.obj,0.46485986795913026,-0.47305891720357224,-0.020326794883239706,-0.7368661861188828,-0.5127963045010528,-0.8217407080851847,-0.09726184110438085
Shelf\D00631_06_fill_holes_and_orientation.obj,1.0177944437346131,-0.5198909281450786,-0.020212416130100913,-0.6464869893785018,0.048809359454235944,-0.8045342680710234,0.023902326014067506
Shelf\D00691_06_fill_holes_and_orientation.obj,4.427441136564943,-0.24540330846013828,-0.020092012010932303,0.7380849121447364,0.8522555845588529,0.0030506925686521586,-0.03409009146576251
Shelf\D00725_06_fill_holes_and_orientation.obj,1.1580591290284006,-0.38774363988713595,-0.020314930172892404,-0.7719723027261222,1.464170064559698,-0.7435110535798256,-0.09301108281270423
Shelf\D00772_06_fill_holes_and_orientation.obj,1.6092089616409884,-0.4023992269961165,-0.02027572216627235,-0.4644543915297023,3.1014617199562933,-0.8306645561125167,-0.09154052517000211
Shelf\D00781_06_fill_holes_and_orientation.obj,1.6150511587562226,-0.17894269096368265,-0.02033244134325542,-0.6921499487171922,-0.5614556511680675,-0.46267673219941124,-0.10059227768330535
Shelf\D00818_06_fill_holes_and_orientation.obj,2.286799022184114,-0.36599079654897493,-0.02023516001302875,-0.586212359389512,2.869234472528784,-0.7688639530135586,-0.07082044159702718
Shelf\D00881_06_fill_holes_and_orientation.obj,1.293756742566281,-0.42049640703293634,-0.02029207917296237,-0.44453155127057353,2.34310528669169,-0.7779669228399136,-0.07860756055345487
Shelf\D00887_06_fill_holes_and_orientation.obj,0.564795298649716,-0.4655993880346192,-0.0203234963198474,-0.22376075894302586,0.9805662611381603,-0.656307396943408,-0.06980744099095063
Shelf\D00917_06_fill_holes_and_orientation.obj,0.6089400758859043,-0.35052832880141005,-0.02034131930313545,-0.20841671849240576,0.13370548653111478,-0.6520335508187163,-0.07521041286243661
Shelf\D00956_06_fill_holes_and_orientation.obj,0.8113473035859634,-0.3346541872586491,-0.020337871589640424,-0.27602100071062086,1.0770473333033985,-0.5968891137714574,-0.09225851956526115
Shelf\m844_06_fill_holes_and_orientation.obj,1.5311965503000262,-0.27697045507577395,-0.02032304017108984,-0.15400104690598107,2.6712337147060423,-0.6119962463010676,-0.06785141377531878
Shelf\m845_06_fill_holes_and_orientation.obj,0.6527959680301478,-0.366089598259822,-0.0203388499737631,-0.49021832751333944,0.02409309173513152,-0.6243663977416045,-0.0955491321808553
Shelf\m846_06_fill_holes_and_orientation.obj,0.5348883015496964,0.0763609298651203,-0.020351076238923425,0.5890446806664786,-0.2506724245874529,0.40410081814544574,0.02216500383359349
Shelf\m847_06_fill_holes_and_orientation.obj,1.319841050891498,-0.11302548287688584,-0.02034200984845449,0.359050792235706,2.122965557053814,-0.3605450648324065,-0.09315335770756569
Shelf\m849_06_fill_holes_and_orientation.obj,0.48608866732035955,-0.39424808585123405,-0.02034036850677586,-0.28892976271952436,-0.41180496450386045,-0.37281132562951,-0.08472138312876056
Shelf\m850_06_fill_holes_and_orientation.obj,1.4658704493921375,-0.40160881330934006,-0.020288532246433767,-0.3892882422675263,3.064232680623401,-0.8253661332974126,-0.0666167870455038
Shelf\m851_06_fill_holes_and_orientation.obj,0.7367947950903849,-0.31902704999300574,-0.020340950093369295,-0.46763394822377724,-0.43114757026317924,-0.4709593241862404,-0.09557205782080962
Shelf\m852_06_fill_holes_and_orientation.obj,0.6396873031138125,-0.08152420406848147,-0.020349457510044446,0.002249752281124755,-0.019901349345691953,-0.0006213043113218727,-0.0948193300049958
Shelf\m853_06_fill_holes_and_orientation.obj,0.31693412918051617,-0.3555013482473787,-0.02034644786369363,-0.4868958693948118,-0.1910209108899925,-0.41392336094129734,-0.09261102264179927
Shelf\m854_06_fill_holes_and_orientation.obj,0.361693403077399,-0.14793542070951363,-0.02035036554117417,0.13336180921657426,-0.06791637203671197,0.25235957732099673,-0.07894803747982368
Shelf\m855_06_fill_holes_and_orientation.obj,1.0505275880131923,3.070876116121429,-0.020352495064842373,2.2932156179784178,0.6369225117818891,2.7247455273133507,-0.10113456448623229
Shelf\m856_06_fill_holes_and_orientation.obj,2.249920712749027,1.0252031599848603,-0.020349649023795165,0.7586150834577896,3.453481681000478,-0.00748525164988808,-0.09978814519626458
Shelf\m857_06_fill_holes_and_orientation.obj,2.410966313540563,1.0037961226346641,-0.02034907763441725,1.4810353721008944,1.5803287909517698,0.7787412256742701,-0.09889906378215951
Shelf\m858_06_fill_holes_and_orientation.obj,-0.10719800513536228,0.05786854298491215,-0.0203523543604077,3.0800129983375117,0.07188904427431467,2.406589387888478,-0.0399450891359903
Shelf\m859_06_fill_holes_and_orientation.obj,3.340942514225628,0.23241823214805146,-0.020326017840677127,0.47533682638417707,2.535332901689532,-0.2938866785439411,-0.09655955191181
Shelf\m860_06_fill_holes_and_orientation.obj,0.20430253461186015,-0.13352683787765077,-0.020351193954371797,-0.1802710921012219,2.156818338752504,-0.6723817871877431,-0.09705612589379405
Shelf\m861_06_fill_holes_and_orientation.obj,0.28497671975348465,-0.4105997689964225,-0.0203437719898555,-0.35302700581262675,1.8566020253781805,-0.6783429606592326,-0.0852120524292503
Shelf\m862_06_fill_holes_and_orientation.obj,0.6649273503563694,-0.19909823997648288,-0.020347259065154066,-0.6059268017379803,5.014755993709384,-0.9290024237762118,-0.0970313195854876
Shelf\m863_06_fill_holes_and_orientation.obj,0.13868396554111903,-0.35920641240414347,-0.020348661778383504,-0.2021171473644447,1.30106589327675,-0.6327922871676523,-0.06718707499847297
Shelf\m864_06_fill_holes_and_orientation.obj,-0.026553828212590988,-0.4370127596962032,-0.020348023106618315,-0.13596569629483315,0.8249104750176945,-0.6408205261998687,-0.014995905418360773
Shelf\m865_06_fill_holes_and_orientation.obj,0.4062202252491358,-0.2172118869651105,-0.02034921538813935,-0.20102752400299195,2.2165987172451613,-0.6212819203624264,-0.07071798037997291
Shelf\m866_06_fill_holes_and_orientation.obj,0.9591955584561956,0.14805803803647008,-0.020349851912863016,-0.04764070753096116,4.543059297364202,-0.602463384157057,-0.09003504105538722
Shelf\m868_06_fill_holes_and_orientation.obj,-0.2732787163201419,-0.4698149276974271,-0.020350146088800626,-0.3115736842692752,0.10491709128373286,-0.6216437463964531,-0.08764761842691257
Ship\D00027_06_fill_holes_and_orientation.obj,0.029530189172385975,-0.4598194879500662,-0.02034555808885102,-0.21042329266076393,-0.6491481443007562,-0.198249967609515,-0.09689574056621052
Ship\D00042_06_fill_holes_and_orientation.obj,-0.18133174221858703,-0.33523053057192365,-0.020351503389142322,0.34206933962989755,-0.6881684042869113,1.0820445855241454,-0.08454889806995734
Ship\D00099_06_fill_holes_and_orientation.obj,-0.6150638192642977,-0.31859890924600187,-0.02035256949924447,0.5987857944333448,-0.36185696988485927,0.9588266999761382,-0.07278495199569293
Ship\D00175_06_fill_holes_and_orientation.obj,-0.33202853846055236,-0.25236882907485597,-0.02035228918414473,0.8557701894076413,-0.6360554811085705,1.070949781292653,-0.07541354878028973
Ship\D00247_06_fill_holes_and_orientation.obj,-0.4914644446467413,-0.45221175621484255,-0.020352054407669753,1.078100988952132,-0.6946374170058842,1.2723471672422924,-0.04841362795847467
Ship\D00258_06_fill_holes_and_orientation.obj,-0.5842968851463964,-0.5326857496997729,-0.020351756868257173,-0.2303997209540625,-0.69869665805464,-0.05017355879307888,-0.07988244640334977
Ship\D00292_06_fill_holes_and_orientation.obj,0.0030477120925352136,-0.4992249036262353,-0.020341837368622828,-0.38138103011447105,-0.6492770090959556,-0.41738757653440456,-0.09689478875972016
Ship\D00429_06_fill_holes_and_orientation.obj,-0.2442441969861815,-0.03922060487413206,-0.020352418767565585,0.8109170048075167,-0.6289679173726463,0.9299701781535132,-0.09608888558030577
Ship\D00467_06_fill_holes_and_orientation.obj,-0.7625295813151177,-0.6160579267028836,-0.020350264052688874,-0.6392228336354842,-0.7020858021683664,-0.6664456907681168,0.052397290353284685
Ship\D00539_06_fill_holes_and_orientation.obj,-0.2874036297227135,-0.5839144367739735,-0.020328648320027575,-0.3149556846479917,-0.6986579986160807,-0.5783213480847204,-0.03736832347623499
Ship\D00543_06_fill_holes_and_orientation.obj,-0.2683304953964138,-0.3953184377187439,-0.020351424365856165,-0.14043136580898335,-0.6760680000177567,-0.011601470591439504,-0.08292453625211302
Ship\D00647_06_fill_holes_and_orientation.obj,-0.7100286348379814,-0.524057066952463,-0.020352460938334874,0.5104905767995673,-0.7000110789656669,0.9567309749275679,-0.0743536240351184
Ship\D00771_06_fill_holes_and_orientation.obj,-0.5490793290770933,-0.4952399012887372,-0.02035199611746947,0.5206127610316411,-0.6933874284924569,0.598988917918585,-0.057047242307108594
Ship\D00791_06_fill_holes_and_orientation.obj,0.021509037061321044,-0.5532200386041535,-0.020321209409589636,-0.6136434786584318,-0.6474600154836524,-0.7178966363195189,-0.09713264543902259
Ship\D00809_06_fill_holes_and_orientation.obj,-0.5260271945076365,-0.413283882141101,-0.020352330939010153,0.1819542477565472,-0.6788772525530882,0.2821224554466789,-0.06728853060783874
Ship\D00837_06_fill_holes_and_orientation.obj,-0.4913112683654312,-0.45229409097388173,-0.02035205326159752,1.0754394499216986,-0.6947147358830027,1.271329755423841,-0.04761150589561681
Ship\D00896_06_fill_holes_and_orientation.obj,-0.09157312867399584,-0.19290666609673376,-0.0203518995038497,0.33900886745620007,-0.38485933582781945,0.5642177942922161,-0.09118499973203988
Ship\D00907_06_fill_holes_and_orientation.obj,-0.19464598582825962,-0.1549832760832706,-0.020352219059845248,0.17591070834739736,-0.6299988357342338,0.17995496371986952,-0.09171730324793811
Ship\D00935_06_fill_holes_and_orientation.obj,-0.7985354129841458,-0.5905670853043422,-0.020352440606030864,0.09277185044595852,-0.6617511212711843,0.5636696815872054,0.01410111964609521
Ship\D00949_06_fill_holes_and_orientation.obj,-0.5491939873461441,-0.47887175119174097,-0.02035212378324471,-0.343440701922251,-0.6972533723484164,-0.3866717704379193,-0.09150128273432795
Ship\m1427_06_fill_holes_and_orientation.obj,-0.7030644886447296,-0.586894955051193,-0.020351606942659105,-0.5038296881924693,-0.6881812907664301,-0.21379057489276104,-0.07969100116937175
Ship\m1428_06_fill_holes_and_orientation.obj,-0.7022081346977556,-0.5744788733880792,-0.02035197557543791,-0.2436835992021546,-0.6941992767022076,0.15911235118553888,-0.054553036959459615
Ship\m1429_06_fill_holes_and_orientation.obj,-0.7470027914198534,-0.5850012555932912,-0.02035216441959897,-0.44927706940761053,-0.6965188430157844,-0.1309109184847618,-0.06773480521673969
Ship\m1430_06_fill_holes_and_orientation.obj,-0.7044175457963029,-0.5809668524003695,-0.020351834451674964,-0.5186378483013913,-0.6993152090715942,-0.42889436090365,-0.06103119412772653
Ship\m1431_06_fill_holes_and_orientation.obj,-0.7079885238398297,-0.553483509833079,-0.02035230076501379,-0.415117674737371,-0.6802303329026744,-0.20982840069836955,-0.07547366054247809
Ship\m1432_06_fill_holes_and_orientation.obj,-0.7650516153503741,-0.5803081743280558,-0.020352356802113652,-0.20489777091525552,-0.7018022996189298,0.14453900161701766,0.08648547551250164
Ship\m1433_06_fill_holes_and_orientation.obj,-0.6449004985977509,-0.5466167909292083,-0.020351997183160934,-0.3951829260262046,-0.6977172856111307,-0.11192759022429115,-0.07953414298504183
Ship\m1434_06_fill_holes_and_orientation.obj,-0.19077850866710905,-0.2862413489435897,-0.020351831534660064,-0.38026163562292403,0.3398891588489737,0.17620057081234486,-0.08207549005016038
Ship\m1435_06_fill_holes_and_orientation.obj,-0.07041195977615194,-0.4747879471433958,-0.02034659232894123,-0.2880902168508641,-0.649792468276748,-0.28134098774036165,-0.09514057695900509
Ship\m1436_06_fill_holes_and_orientation.obj,-0.7145271803627755,-0.5235630583982276,-0.02035247390012575,0.41875381652688465,-0.6957456542445931,0.9639030117604536,-0.08077668244695174
Ship\m1437_06_fill_holes_and_orientation.obj,-0.7468128886617379,-0.589216795256099,-0.020352071962939828,-0.4284372783415763,-0.6992507766739945,-0.3428227540370586,-0.007216089974578658
Ship\m1438_06_fill_holes_and_orientation.obj,-0.34346570079837996,-0.4275936632621168,-0.020351520737816566,0.9995528393112397,-0.6570991021645118,1.1860391196009905,-0.023030394371830087
Ship\m1439_06_fill_holes_and_orientation.obj,-0.7580691059187195,-0.5418907757603573,-0.020352526164363866,0.3341085394426725,-0.6436842769843332,0.630757960193326,-0.03639003413727868
Ship\m1440_06_fill_holes_and_orientation.obj,-0.4465645352167256,-0.5160541283738511,-0.02035077694986581,-0.033499420736152294,-0.6785937500036487,0.13833064006287604,-0.040026861418782915
Ship\m1441_06_fill_holes_and_orientation.obj,-0.21397307030515253,-0.5404746179048827,-0.020342761655623043,-0.6136137075283375,-0.593736282365332,-0.6741121037663065,-0.09131142780047101
Ship\m1442_06_fill_holes_and_orientation.obj,-0.6046599249995187,-0.37203416786245347,-0.020352527730574124,1.1660925410589476,-0.5294971819587989,0.7782504319449468,-0.0479805852795363
Ship\m1444_06_fill_holes_and_orientation.obj,-0.4376193986953013,-0.32693118686077055,-0.020352343190759563,0.11145025746714406,-0.6532460447880741,0.5228549884617963,-0.08292512331812786
Ship\m1446_06_fill_holes_and_orientation.obj,-0.4893352047597569,-0.4511908052027563,-0.02035205207846175,1.0885863809713567,-0.6909389973836807,1.2838360394316355,-0.019874776083080452
Ship\m1447_06_fill_holes_and_orientation.obj,-0.7076879937674344,-0.5635283504358635,-0.02035219796849473,0.4825712109971003,-0.6989672741245578,0.4929918021286613,0.07110224372090428
Ship\m1449_06_fill_holes_and_orientation.obj,-0.35273510523696394,-0.4049022036709087,-0.020351773365543124,-0.5106949107922228,-0.15189755906768118,-0.3267161218688993,-0.013859474578260424
Ship\m1450_06_fill_holes_and_orientation.obj,-0.40267191659567675,-0.455324010106525,-0.020351567171566352,-0.6324826497821268,-0.6972920317869757,-0.5549746128000463,-0.07128548570332725
Ship\m1451_06_fill_holes_and_orientation.obj,-0.5447079825695276,-0.538992592242177,-0.020351232737724566,-0.66142018823382,-0.6514419376552925,-0.5789590216892427,0.24988549547583488
Ship\m1452_06_fill_holes_and_orientation.obj,-0.6249638441826617,-0.5806210464124048,-0.020350556096492327,-0.7216650470927155,-0.5939811254762094,-0.6515893287571389,-0.04247964696462182
Ship\m1453_06_fill_holes_and_orientation.obj,-0.16918468395714348,-0.08801218308077183,-0.02035227988069813,-0.3177660793288969,-0.5675380695014447,-0.22713873135596427,-0.10015928722317693
Ship\m1454_06_fill_holes_and_orientation.obj,-0.2917969225395897,-0.10151508356320338,-0.02035241882525359,-0.6140126406716017,-0.5590587659773721,-0.4660979585607528,-0.094449747421635
Ship\m1455_06_fill_holes_and_orientation.obj,-0.4455379854016293,-0.3946597596464302,-0.02035217742539,-0.6497260883327655,-0.13063486785990003,-0.6926547924011803,-0.08910854723753837
Ship\m1456_06_fill_holes_and_orientation.obj,0.4214039361049743,0.4002329380217827,-0.02035206079562341,0.6739698063735774,0.9757724907567695,0.26920419130113127,-0.08886736991663985
Ship\m1457_06_fill_holes_and_orientation.obj,-0.2513682377186958,-0.09942378068360724,-0.020352375179942647,-0.08951082489563342,-0.3601817275472772,-0.08592268744211398,-0.09603596260761996
Ship\m1458_06_fill_holes_and_orientation.obj,0.18184966865173974,0.07087743491310847,-0.020351952148001316,-0.42460275678542597,-0.3387772850647777,-0.4715826680468409,-0.10109188985059535
Ship\m1459_06_fill_holes_and_orientation.obj,0.4959031464207988,-0.5097143519278315,-0.020306573526071882,-0.8310620417373574,-0.3397824304673276,-0.9599403409034856,-0.09628655909416095
Ship\m1460_06_fill_holes_and_orientation.obj,-0.3190685709868925,-0.5629849410262047,-0.020342234192405814,-0.8935040099972149,-0.7003976733512626,-1.0584286708783601,-0.10172185124422693
Ship\m1461_06_fill_holes_and_orientation.obj,-0.0968559188437435,-0.6148887731245267,-0.02002111624245837,-0.9461334137779795,-0.5762493296568729,-1.1407423024014463,-0.09939973219355977
Ship\m1462_06_fill_holes_and_orientation.obj,-0.39391713071623136,-0.6157615215703425,-0.020259460322621495,-0.9428645436936217,-0.5799606357585952,-1.144743883391623,-0.0907356845642507
Ship\m1463_06_fill_holes_and_orientation.obj,-0.7904950018669511,-0.5486092920979574,-0.020352573814917833,1.1158388734597107,-0.7016476618646899,1.015805344245394,0.03828400498687777
Ship\m1464_06_fill_holes_and_orientation.obj,-0.7752248494254609,-0.5608442372911849,-0.02035251400917088,-0.41351003371227696,-0.6978074909677708,-0.014549815403359988,0.0326941506977313
Ship\m1465_06_fill_holes_and_orientation.obj,-0.7430542472794129,-0.5927901237984011,-0.020351927649234214,-0.2376043344368915,-0.7000883978427855,0.3657078517428295,0.021831701455233575
Ship\m1466_06_fill_holes_and_orientation.obj,-0.5635670284090839,-0.4936261400115685,-0.020352082511307778,0.6704389503443896,-0.6880653124507523,0.7903304060710661,-0.06397154591083387
Ship\m1467_06_fill_holes_and_orientation.obj,-0.7172427002270553,-0.5142098297713728,-0.020352503987165715,0.15260586770955223,-0.7018151860984486,0.6741520072246682,-0.009394976785535365
Ship\m1468_06_fill_holes_and_orientation.obj,-0.6579625835922843,-0.4994554409515451,-0.020352402772691115,0.32492712292157977,-0.7011966350814944,0.8999995187409638,0.024169543114858923
Ship\m1469_06_fill_holes_and_orientation.obj,-0.7489797507932545,-0.5349417220974474,-0.02035252310614848,0.3329057857868615,-0.6598825817408057,0.859346035234676,0.17171284830412983
Ship\m1470_06_fill_holes_and_orientation.obj,-0.794919646554271,-0.5569745036163418,-0.020352567476691178,0.7980499223807451,-0.7015574565080525,0.9628855999420024,0.11702174513115647
Ship\m1471_06_fill_holes_and_orientation.obj,-0.08074419262277417,0.02969358844169227,-0.020352298351385984,0.5451024926472409,-0.5030541259840343,0.7119753663063908,-0.08044937969337695
Sign\m1676_06_fill_holes_and_orientation.obj,-0.8392623884581174,-0.6331012218240015,-0.02033490409253687,-0.9005538136035534,-0.6838900930863158,-0.95842497048375,0.3852116696927576
Sign\m1678_06_fill_holes_and_orientation.obj,-0.811599289514133,-0.6315533283540642,-0.020335407269163334,-0.6180615143644311,-0.6862354323589301,-0.7628096362065769,1.3495309072595387
Sign\m1679_06_fill_holes_and_orientation.obj,-0.8204006553153803,-0.6047121969072796,-0.020352414150339965,0.33157799338465416,-0.6994956197848717,0.5150775199482124,-0.016289242705630542
Sign\m1680_06_fill_holes_and_orientation.obj,-0.7625367474569335,-0.6106402995581032,-0.020351182983719466,-0.1368528759716444,-0.6571764210416333,-0.05665060304575515,1.2272999620727107
Sign\m1681_06_fill_holes_and_orientation.obj,-0.7425315668107316,-0.6063259581844482,-0.0203511041913902,-0.3885261013371113,-0.6448827195796795,0.04071284203125415,5.403652119273622
Sign\m1682_06_fill_holes_and_orientation.obj,0.3477561530136256,-0.4824780136376586,-0.020330328059360088,-0.7152582998964147,2.585268009829014,-0.9526572485552054,-0.08126978308688033
Sign\m1683_06_fill_holes_and_orientation.obj,0.1966629795524803,-0.298295157666931,-0.02034950263911658,-0.6941148433034182,3.4023481302656493,-0.7841358775982701,-0.09610152886186535
Sign\m1684_06_fill_holes_and_orientation.obj,-0.4678121457002212,-0.35395345477744145,-0.020352347037241075,0.36498715557651645,-0.5674349776652857,0.5434719075293579,0.06192834745516768
Sign\m1685_06_fill_holes_and_orientation.obj,0.1172101737065661,-0.43175980206950115,-0.020345765214401724,-0.7354907599085245,1.6681243759206175,-0.8446324740003399,-0.10090974272956402
Skyscraper\D00006_06_fill_holes_and_orientation.obj,5.362373620083279,1.5898714044276157,-0.020339641263301463,7.79624825181366,-0.1562403026658736,5.385678665393425,-0.10159545719714168
Skyscraper\D00058_06_fill_holes_and_orientation.obj,2.694135959503352,-0.30178615145019383,-0.020242879475942853,0.6784473843397655,-0.587383247962037,0.6617531962962874,-0.10053622395560506
Skyscraper\D00059_06_fill_holes_and_orientation.obj,0.9630894607652912,-0.5236947940126904,-0.020215100101371744,-0.30042141893593743,-0.07189829420835209,-0.737123570226661,-0.09853161109328924
Skyscraper\D00105_06_fill_holes_and_orientation.obj,-0.5834593423216885,-0.4162808673701284,-0.020352443132449303,0.32501643631186267,-0.49548976250587135,0.5887933051181887,-0.048996991184976586
Skyscraper\D00125_06_fill_holes_and_orientation.obj,-0.5918638830198925,-0.3897690749595007,-0.02035249462830429,0.481064791814327,-0.49550264898539015,0.8020843785229638,-0.04903936437566521
Skyscraper\D00126_06_fill_holes_and_orientation.obj,2.589564482941884,1.5777352609452353,-0.020350353026936052,13.786914133916046,-0.3175145938569994,10.171279352330204,-0.09417595233317862
Skyscraper\D00130_06_fill_holes_and_orientation.obj,-0.41686849141640514,-0.5766525110267146,-0.02034342706591913,-0.6280050718159388,-0.5836977148193552,-0.4485081978966821,-0.05471238661397922
Skyscraper\D00259_06_fill_holes_and_orientation.obj,1.720862377851804,-0.5025512278914196,-0.020083538871770053,0.9812197773991485,-0.6522151264264838,1.3281328603300542,-0.06785256970988439
Skyscraper\D00300_06_fill_holes_and_orientation.obj,-0.46942721491193046,-0.40295910335758317,-0.020352215805092604,0.41408570332809297,-0.6271122643217837,0.7521452209553167,-0.09382020219609481
Skyscraper\D00520_06_fill_holes_and_orientation.obj,2.169526007138214,-0.168288573144008,-0.020317681379769865,1.5016429483521927,-0.42487185473700567,1.7170098684452362,-0.10078870031930409
Skyscraper\D00532_06_fill_holes_and_orientation.obj,0.8610780883674755,-0.5303968433984827,-0.020221003431704205,-0.3681150145444355,-0.14361155273640502,-0.7866937368883202,-0.09343927468067628
Skyscraper\D00584_06_fill_holes_and_orientation.obj,2.9950530035565404,-0.30595229025757814,-0.020209504738341353,1.0924387652055636,-0.2658269245028164,0.30496764969408824,-0.0943262697159658
Skyscraper\D00589_06_fill_holes_and_orientation.obj,-0.5104153066783109,-0.40286030164673614,-0.020352322597840027,0.8895068340305413,-0.6254885679022826,0.8272438264137517,-0.09577939972644563
Skyscraper\D00641_06_fill_holes_and_orientation.obj,0.8562615452996106,0.09100005002229292,-0.020349902542168685,2.93965998262078,-0.49765469106520815,3.2050857084457203,-0.07188772365604224
Skyscraper\D00664_06_fill_holes_and_orientation.obj,1.6283479348952195,0.07489537115422215,-0.020344162628339185,1.6602813921728643,-0.6286070959460882,1.8587453655762538,-0.08949190213642527
Skyscraper\D00729_06_fill_holes_and_orientation.obj,11.640739748464494,0.04619347415315132,-0.019244254778647454,0.6735053767441059,0.10382174052454564,0.19604010127214622,-0.10099334267070473
Skyscraper\D00822_06_fill_holes_and_orientation.obj,-0.4489481731381667,-0.6149711078835659,-0.020291038550928286,-0.6801224121590811,-0.619109760539947,-0.9626414976327544,-0.08590167064846843
Skyscraper\D00870_06_fill_holes_and_orientation.obj,3.9334924177259247,0.3180793154524524,-0.020320030006376267,6.026771363526788,-0.32051714358513017,4.8933624007783685,-0.09434056105481502
Skyscraper\D00872_06_fill_holes_and_orientation.obj,-0.2743688656438524,-0.07078775148976763,-0.02035242511605569,0.9882398098753925,-0.6935807256852534,2.3796709639312827,-0.08960200154122522
Skyscraper\D00998_06_fill_holes_and_orientation.obj,-0.13008934939782973,-0.44789741484118767,-0.020349077603207387,0.9329607755162319,-0.6455914759532738,0.8216516438482497,-0.09913117085400928
Spoon\D00014_06_fill_holes_and_orientation.obj,-0.828438379129394,-0.6196312552451857,-0.020351996790271783,-0.5686473926338546,-0.6830009259994437,-0.3402971366708326,-0.07178759962633008
Spoon\D00085_06_fill_holes_and_orientation.obj,-0.8092882087785758,-0.6233033854983347,-0.020350655159066852,-0.7025757984762282,-0.697536874897853,-0.7765303660117483,0.05895644522533003
Spoon\D00144_06_fill_holes_and_orientation.obj,-0.7861299257334742,-0.6210803470042758,-0.020350047287836757,-0.6818967715127033,-0.669122187556548,-0.7373528461294107,0.03864544143588704
Spoon\D00157_06_fill_holes_and_orientation.obj,-0.6234338729050136,-0.6136702186907463,-0.02033933137474401,-0.46869975468115443,-0.6923822830899071,-0.4756236558328025,0.04326809418005566
Spoon\D00196_06_fill_holes_and_orientation.obj,-0.8287348782470179,-0.6280623345708014,-0.020349778939607405,-0.7315014284758837,-0.7012739539586158,-0.7407776549267328,-0.020348690266324458
Spoon\D00338_06_fill_holes_and_orientation.obj,-0.7212293144958916,-0.5982900857022206,-0.020351296409084802,-0.7057196298141899,-0.6511197756672966,-0.6511701837474249,-0.08572147382086917
Spoon\D00422_06_fill_holes_and_orientation.obj,-0.7252284695129053,-0.5479176801220279,-0.020352410580942334,0.5233695676783766,-0.6924724884465445,1.0120043796701235,0.2994967615204305
Spoon\D00474_06_fill_holes_and_orientation.obj,-0.8261317772324716,-0.6015999430155973,-0.020352485434516603,0.29735905645422595,-0.6768154158299076,0.5804713063355743,0.32201653473041864
Spoon\D00497_06_fill_holes_and_orientation.obj,-0.8276393543169456,-0.6240937991851112,-0.020351366986985843,-0.689297874454155,-0.6865704808264478,-0.7581990410997218,0.07986774221241454
Spoon\D00517_06_fill_holes_and_orientation.obj,-0.7322029170350173,-0.627798863341876,-0.020326840839661024,-0.8857694703987068,-0.6375245397738374,-1.0396961131365219,-0.045728785186013664
Spoon\D00562_06_fill_holes_and_orientation.obj,-0.8164274775624484,-0.6267120445225584,-0.020349555685123238,-0.5392871041348217,-0.7002816950355848,-0.560642026521138,0.5187464752609126
Spoon\D00593_06_fill_holes_and_orientation.obj,-0.8272886612518406,-0.6205698714982326,-0.020351884863331105,-0.10180630162459367,-0.6865704808264478,-0.09560959433328446,0.4656820204567038
Spoon\D00661_06_fill_holes_and_orientation.obj,-0.7675602128697262,-0.6242420017513818,-0.02034627560468224,-0.755514822009974,-0.6844699846647079,-0.8692903808538631,0.01112396784346982
Spoon\D00669_06_fill_holes_and_orientation.obj,-0.5471328258064089,-0.45300216990161907,-0.020352252940322637,-0.6243670397184111,-0.4727451261533073,-0.534916553745437,-0.09154720363931651
Spoon\D00683_06_fill_holes_and_orientation.obj,-0.6680484803139926,-0.5468967291099417,-0.020352145831515588,-0.46976556113853163,-0.575514800324241,-0.3189852250230613,-0.07268268936835527
Spoon\D00790_06_fill_holes_and_orientation.obj,-0.7564406001911058,-0.566624137375738,-0.020352424322326135,-0.013088333943476568,-0.6971116210736981,0.4511561147488204,0.024349519199307054
Spoon\D00842_06_fill_holes_and_orientation.obj,-0.7985699000416336,-0.6081702567869267,-0.020352105142848957,0.037474953408741324,-0.6908745649860838,0.195427504719487,0.02576239008970695
Spoon\D00927_06_fill_holes_and_orientation.obj,-0.8192531768571444,-0.6270907844141387,-0.02034956512525323,-0.7800640958857623,-0.6834777257416796,-0.8061821886220361,-0.03508202573799645
Spoon\D00964_06_fill_holes_and_orientation.obj,-0.80298379551623,-0.6134232144136287,-0.020351912400937918,-0.3659893558557,-0.6900111708582523,-0.2442126212388484,0.12518565444910562
Starship\m1353_06_fill_holes_and_orientation.obj,-0.4550178952560489,-0.4795139623122468,-0.020351604864417817,-0.5043893854382427,-0.48045124090618857,-0.5182546440003061,-0.09670695849153975
Starship\m1354_06_fill_holes_and_orientation.obj,-0.32883781381712024,-0.3583501309101356,-0.020351959764310413,-0.2088156516356699,-0.46038699229375657,-0.08729117798665062,-0.09826213592456472
Starship\m1355_06_fill_holes_and_orientation.obj,-0.5571251148006496,-0.5146215035665688,-0.02035182946929687,-0.5515706724117443,-0.491726910486071,-0.6030688158377552,-0.09256561363938698
Starship\m1356_06_fill_holes_and_orientation.obj,-0.14646622286597935,-0.35001785329536694,-0.02035119474941843,-0.009879006119307228,-0.08917906324449024,0.23039924476076168,-0.05774923480189566
Starship\m1357_06_fill_holes_and_orientation.obj,-0.7666433946011824,-0.6136208178353229,-0.020350910706393686,-0.8456856208396947,-0.49487121148891716,-1.003398871782476,-0.033836372927342054
Starship\m1358_06_fill_holes_and_orientation.obj,-0.535497698800923,-0.5586211987971261,-0.020350254540743996,-0.7087086512756612,-0.5791487875488418,-0.7231986415706033,-0.09628765331558754
Starship\m1359_06_fill_holes_and_orientation.obj,-0.4402569867673355,-0.37473474795893974,-0.02035223176504988,-0.4971669092773571,-0.2800535978927486,-0.46093566831290644,-0.0990475764512272
Starship\m1360_06_fill_holes_and_orientation.obj,-0.34459705543753066,-0.5546197295078202,-0.020345303777811363,-0.6732929149154406,-0.3487256472541172,-0.6876286347205914,-0.09150655446055019
Starship\m1361_06_fill_holes_and_orientation.obj,-0.366626223262799,-0.3033175779683232,-0.02035225184989938,-0.10693884445285697,-0.013896249889433318,0.12560940989625388,-0.06177366885932692
Starship\m1362_06_fill_holes_and_orientation.obj,0.7727513595344302,-0.5498607804353535,-0.02018262847633673,-0.7185867122409613,-0.19469355755315554,-0.8343437178644516,-0.07695645479297748
Starship\m1364_06_fill_holes_and_orientation.obj,-0.41907028848927336,-0.5140616272051021,-0.020350500701570285,-0.6940553010432297,-0.47934300366747973,-0.7284361629740395,-0.09643635666243094
Starship\m1365_06_fill_holes_and_orientation.obj,-0.36023447264707464,-0.4481608860701131,-0.020351379723049116,-0.4190891434919552,-0.18926834967529182,-0.28240497122655894,-0.07516703960241813
Starship\m1366_06_fill_holes_and_orientation.obj,-0.6052300811577289,-0.491683039698243,-0.020352268408931885,-0.49451727869896134,-0.46319624482908806,-0.4657432973986871,-0.0920109683847729
Starship\m1368_06_fill_holes_and_orientation.obj,-0.5310099024888524,-0.5392889973747181,-0.02035106041473247,-0.12765955099851375,-0.5882853015284278,0.010856820570079846,-0.000451070356263508
Starship\m1369_06_fill_holes_and_orientation.obj,-0.528064170318744,-0.5339043041335533,-0.020351190594848058,-0.5534343451556496,-0.44346704468417075,-0.5292813819481695,-0.0729598644379645
Starship\m1370_06_fill_holes_and_orientation.obj,-0.6120495608630767,-0.5091709425181726,-0.020352189882944998,-0.5416092522821798,-0.5767647888376681,-0.5373741048280343,-0.08746743663200102
Starship\m1371_06_fill_holes_and_orientation.obj,-0.23681111638786587,-0.49135370066208617,-0.02034875065693279,-0.6744004009549499,0.11436288077179597,-0.36769918948539004,-0.08615159145525648
Starship\m1372_06_fill_holes_and_orientation.obj,0.15164079782773449,-0.3103489663902723,-0.020349659788134588,0.05710603659294569,-0.2952725302057118,0.38488104911026455,-0.05201663485740412
Starship\m1373_06_fill_holes_and_orientation.obj,-0.406286339373961,-0.47753792809530554,-0.02035127408106662,-0.636591065735145,-0.23068549485214232,-0.5245740610698418,-0.09566987156377872
Starship\m1374_06_fill_holes_and_orientation.obj,-0.12111017370278093,-0.4706547422396271,-0.020347866896413287,0.13271875280653664,-0.6006305489084598,0.5178646551410122,-0.0524195108880757
Starship\m1375_06_fill_holes_and_orientation.obj,0.32113707135541325,1.0037961226346641,-0.02035245619996737,0.539678192744053,-0.6952946274613977,1.683721873314779,-0.09884677376474575
Starship\m1376_06_fill_holes_and_orientation.obj,-0.7235171052705478,-0.5049883367589805,-0.020352533148534205,0.31406066043714764,-0.7009260190115795,1.5591569918381183,0.033983368237373995
Starship\m1378_06_fill_holes_and_orientation.obj,1.381696947625143,-0.04365021491044189,-0.020343648003000214,0.6456098278457145,-0.6894570522388979,2.2050236274477566,-0.088198692231404
Starship\m1379_06_fill_holes_and_orientation.obj,0.5476247749754797,-0.23405757866453425,-0.02034759565074959,0.4876977995993448,-0.6591609388876926,1.038618296568979,-0.06979176743602603
Starship\m1380_06_fill_holes_and_orientation.obj,0.91172300411435,0.35354912964654694,-0.020351019194444497,-0.02649129671194586,-0.7000497384042262,0.3246352232268272,-0.1021050178389204
Starship\m1381_06_fill_holes_and_orientation.obj,1.0835948536539275,-0.34777834784950024,-0.02032758275959561,-0.7355264852646378,-0.7020084832912479,-0.8589872949740531,-0.10231827866754434
Starship\m1382_06_fill_holes_and_orientation.obj,-0.09571157557255193,1.3759327665401153,-0.020352603501029593,1.65541678951545,-0.6970343021965796,2.247790748182518,-0.09986903055048221
Starship\m1383_06_fill_holes_and_orientation.obj,-0.48569301318193686,-0.25653496788224034,-0.020352496320280834,-0.3651498099870398,-0.7005909705440618,-0.07311547881196065,-0.10345891391303941
Starship\m1384_06_fill_holes_and_orientation.obj,0.12909342837241988,0.21140640164124339,-0.020352226800769407,0.9134904564345371,-0.7021115751274069,2.3113646570918047,-0.09497389926482311
Starship\m1385_06_fill_holes_and_orientation.obj,0.6246742360099599,0.8069666476755128,-0.02035218294597482,0.7534110899173,-0.6948307141986806,2.1727530441357508,-0.1035669182358888
Starship\m1386_06_fill_holes_and_orientation.obj,0.2614399748437425,0.885349338280847,-0.020352455948210408,0.7064560635325154,-0.7020342562502855,1.9292692002876382,-0.10269902579071032
SubmachineGun\D00052_06_fill_holes_and_orientation.obj,-0.4113819140887741,-0.42194549879202653,-0.020351914161578114,0.26744502493543854,-0.4860955189358892,0.4518045356612841,-0.0349943827950554
SubmachineGun\D00060_06_fill_holes_and_orientation.obj,-0.7390013461987816,-0.5983230196058363,-0.02035163297270952,0.13827999990815829,-0.6909518838632024,0.24605448999538265,0.3803464233902692
SubmachineGun\D00062_06_fill_holes_and_orientation.obj,-0.5975125943061034,-0.5221963013981766,-0.020351996457451123,-0.18846410710318273,-0.690140035653449,0.05314031244747848,-0.017930339069674266
SubmachineGun\D00064_06_fill_holes_and_orientation.obj,-0.6484902877635439,-0.568731907207142,-0.020351547588650286,-0.6949127095899464,-0.6972533723484164,-0.6065867679705693,-0.08031826933832069
SubmachineGun\D00068_06_fill_holes_and_orientation.obj,-0.766504998487367,-0.5849847886414833,-0.020352312019442705,0.08061927514145105,-0.7008615866139797,0.22898776498445944,0.18967190106973897
SubmachineGun\D00119_06_fill_holes_and_orientation.obj,-0.747315862240426,-0.5984218213166834,-0.0203517648392309,-0.6165848663117521,-0.666016545992261,-0.5523594345343088,0.032827086337553386
SubmachineGun\D00219_06_fill_holes_and_orientation.obj,-0.6695287364827942,-0.5562828916404123,-0.02035203343356842,0.1281042276419148,-0.4111090946097877,0.1334549446934666,-0.02382442489272864
SubmachineGun\D00256_06_fill_holes_and_orientation.obj,-0.42007757929824,-0.40498453842994786,-0.02035204855234232,0.1585720021804569,-0.5691231064823866,0.29418093495691555,0.01936489436773018
SubmachineGun\D00371_06_fill_holes_and_orientation.obj,-0.545372642222932,-0.5492515032184633,-0.020350888332482664,-0.3191534139912928,-0.6834906122211984,-0.06870191768403085,-0.06161926416787036
SubmachineGun\D00384_06_fill_holes_and_orientation.obj,-0.8137769008583733,-0.610146291003868,-0.0203522331441473,-0.24588666282913532,-0.6382075231883885,0.034812569971432415,0.2180991890400725
SubmachineGun\D00431_06_fill_holes_and_orientation.obj,-0.6885781329643295,-0.5756974278218596,-0.020351806238046315,-0.3166824101934631,-0.454845806100215,-0.20926595824943708,-0.007223248698705758
SubmachineGun\D00459_06_fill_holes_and_orientation.obj,-0.7525041489149794,-0.6030984356301109,-0.020351597872891355,-0.4262520773926522,-0.6984904743823248,-0.290569342826033,0.15931915445863815
SubmachineGun\D00489_06_fill_holes_and_orientation.obj,-0.526137821821916,-0.39810135257426943,-0.020352369256322295,0.0958859106538259,-0.6954750381746753,0.4223891538257068,0.004847530355634756
SubmachineGun\D00537_06_fill_holes_and_orientation.obj,-0.7992385906498094,-0.6022750880397189,-0.020352283268778065,0.3516913688763866,-0.6670345778743297,0.2584891252835679,0.1697243401975177
SubmachineGun\D00613_06_fill_holes_and_orientation.obj,-0.7029999933683884,-0.5414626350133535,-0.0203523623774011,0.4596414865984439,-0.6692510523517474,0.5153784445705714,-0.04915243313188524
SubmachineGun\D00733_06_fill_holes_and_orientation.obj,-0.5897118010558705,-0.5346782508685219,-0.020351766216738072,-0.36391133097511547,-0.5340461092293123,-0.21297377948921578,0.07909080385744412
SubmachineGun\D00878_06_fill_holes_and_orientation.obj,-0.7255787146941467,-0.5695387878457262,-0.02035223904322123,0.04211329547743867,-0.6969698697989798,0.30767597129531776,-0.004768730437809566
SubmachineGun\D00893_06_fill_holes_and_orientation.obj,-0.7719454437770596,-0.5792872233159695,-0.02035240297726743,0.11385576477876622,-0.6999337600885484,0.5152960485430205,0.5175402539813198
SubmachineGun\D00960_06_fill_holes_and_orientation.obj,-0.7217493076613919,-0.5427305903025573,-0.020352423921758907,0.30570688133267726,-0.6879622206145932,0.35406851724230687,0.29476538446679046
SubmachineGun\D00970_06_fill_holes_and_orientation.obj,-0.7991293069871204,-0.6073798431001503,-0.020352141737813717,-0.18622531812008886,-0.6953590598589946,0.05529335647173629,0.24580893280458424
Sword\D00066_06_fill_holes_and_orientation.obj,-0.8042701179721448,-0.6210968139560837,-0.020350998987633602,-0.5182865489662781,-0.7019569373731669,-0.20817331527539604,-0.0002848950703287283
Sword\D00071_06_fill_holes_and_orientation.obj,-0.836447438376145,-0.6212944173777778,-0.020352041933597624,-0.6938707200366449,-0.7021244616069257,-0.6322620866425439,-0.040647000137786105
Sword\D00133_06_fill_holes_and_orientation.obj,-0.6487397590755022,-0.5801435048099773,-0.0203510567426418,-0.31813524134206655,-0.7006682894211804,-0.263070564240003,-0.040789024224121
Sword\D00162_06_fill_holes_and_orientation.obj,-0.8185544780301154,-0.6234680550164131,-0.020351095653234036,-0.34058267343319487,-0.7021115751274069,-0.011719690978794784,0.07683838109417258
Sword\D00177_06_fill_holes_and_orientation.obj,-0.8171481226987879,-0.6209156774861974,-0.02035153617403546,-0.7362945804210715,-0.7020986886478852,-0.5501705661502463,-0.03213486493854984
Sword\D00195_06_fill_holes_and_orientation.obj,-0.8393067289606019,-0.6142959628594443,-0.02035239852184724,-0.5948876666990011,-0.7020858021683664,-0.3305135040081895,0.4386207678514135
Sword\D00249_06_fill_holes_and_orientation.obj,-0.8592353214661486,-0.6301042365949739,-0.020351211485622276,-0.5747921538853252,-0.6729494719739482,-0.3557804249783914,0.06981805896686862
Sword\D00356_06_fill_holes_and_orientation.obj,-0.8277096720835119,-0.6234021872091818,-0.020351509325172473,-0.7351930486075813,-0.6982069718328853,-0.7442454529558203,-0.09749301931436886
Sword\D00484_06_fill_holes_and_orientation.obj,-0.8486397329078,-0.6290174177756563,-0.020350947783857667,-0.7624872206780671,-0.7021244616069257,-0.6847877629880847,0.8590186018306927
Sword\D00513_06_fill_holes_and_orientation.obj,-0.8669895347945794,-0.6345338466312839,-0.020327887475813336,-0.9491938859516773,-0.6964415241386658,-1.1332836706901235,-0.06675493032482685
Sword\D00540_06_fill_holes_and_orientation.obj,-0.8532968293202661,-0.6265473750044799,-0.020351922382396605,-0.5386321392727463,-0.7009517919706171,-0.37430520143336277,1.4190086272877926
Sword\D00635_06_fill_holes_and_orientation.obj,-0.7879071289037632,-0.6101133571002522,-0.020351833195319427,-0.7670481578085192,-0.6975755343364123,-0.7372346257420553,0.1606755198495123
Sword\D00712_06_fill_holes_and_orientation.obj,-0.7608535998979753,-0.6117435853292287,-0.020350991390895305,-0.33617654617923337,-0.7016218889056522,-0.1510406262589804,1.6322840463219497
Sword\D00808_06_fill_holes_and_orientation.obj,-0.799611230024225,-0.6066388302687972,-0.020352172710007943,-0.7125014932496794,-0.6907585866704031,-0.7171371598916608,0.18470232870572598
Sword\D00812_06_fill_holes_and_orientation.obj,-0.8638843559690719,-0.6286880787394994,-0.020351948663316174,-0.7567116214397663,-0.7021115751274069,-0.563995186598851,0.7526714595299894
Sword\D00906_06_fill_holes_and_orientation.obj,-0.8150954709524586,-0.6230563812212171,-0.02035103121549068,-0.6811465390343262,-0.70173786722133,-0.5722455366618561,-0.06807078103993
Sword\D00916_06_fill_holes_and_orientation.obj,-0.8833646167272751,-0.6329530192577308,-0.020351547800602235,-0.5907316169378319,-0.7008744730934985,-0.5051715877996571,0.6206326374178155
Sword\D00992_06_fill_holes_and_orientation.obj,-0.813917536391506,-0.6252794197152759,-0.020350180224771575,-0.5147497387110711,-0.7003461274331845,-0.378489486658543,-0.07361667500304316
Sword\m687_06_fill_holes_and_orientation.obj,-0.8470246636960909,-0.6231551829320642,-0.02035213078041997,-0.6934896495714372,-0.7019698238526886,-0.7069343822193037,0.5009162328491398
Sword\m688_06_fill_holes_and_orientation.obj,-0.8691850614933588,-0.6264156393900171,-0.020352358403309394,-0.5657893641447984,-0.7001012843223072,-0.39326703507795074,-0.09480113728808838
Sword\m691_06_fill_holes_and_orientation.obj,-0.8762817813102007,-0.6328871514504996,-0.02035070250816613,-0.9202742101780406,-0.7021244616069257,-1.042325621146181,0.7017315222612548
Sword\m692_06_fill_holes_and_orientation.obj,-0.8638839080852084,-0.6286880787394994,-0.02035194866117958,-0.7566520791795776,-0.7020986886478852,-0.5639987690348315,0.7076188394188684
Sword\m694_06_fill_holes_and_orientation.obj,-0.8031065156948236,-0.6188902424138327,-0.020351363549452082,-0.8022078624499284,-0.6544702603424608,-0.7313307712462532,-0.09116927870546987
Sword\m695_06_fill_holes_and_orientation.obj,-0.7838949852547086,-0.6197794578114562,-0.02035034167886779,-0.6680115164367056,-0.6994698468258341,-0.5681329001562851,-0.06341893877219586
Sword\m696_06_fill_holes_and_orientation.obj,-0.8500783358772981,-0.6297419636552014,-0.0203506455099215,-0.9047396344948169,-0.7016992077827707,-1.0262297362859634,-0.09875807932485899
Sword\m697_06_fill_holes_and_orientation.obj,-0.8709358395157024,-0.6317673987275662,-0.020351207271793164,-0.7916748366225528,-0.7012610674790941,-0.6726110630904928,2.399865922748866
Sword\m698_06_fill_holes_and_orientation.obj,-0.866581512594949,-0.6332988252456956,-0.020347314673510985,-0.9299557816847182,-0.6629624503460522,-1.0836490201808158,-0.08323368901326125
Sword\m699_06_fill_holes_and_orientation.obj,-0.8632031246127188,-0.62799646676357,-0.020352044884232152,-0.8819825826507073,-0.6990445930016764,-0.9912150070129231,-0.04738738513691236
Sword\m700_06_fill_holes_and_orientation.obj,-0.8524843679919132,-0.6248677459200799,-0.020352109491849263,-0.6412829958380121,-0.7020471427298072,-0.6159154312636935,0.5547796441486519
Sword\m701_06_fill_holes_and_orientation.obj,-0.8624282855288982,-0.6312239893179074,-0.020350761871053023,-0.7062316932518125,-0.7017249807418112,-0.7454563163172166,4.63626194838354
Sword\m702_06_fill_holes_and_orientation.obj,-0.8956724652957079,-0.6344021110168211,-0.02035149212815729,-0.9257520981153982,-0.7021244616069257,-1.0852503690640825,1.8786096853621226
Sword\m703_06_fill_holes_and_orientation.obj,-0.8436095492370552,-0.6281776032334564,-0.020350978534060885,-0.0006797269201578904,-0.7014157052333341,0.025971117971650935,1.125208200219558
Sword\m704_06_fill_holes_and_orientation.obj,-0.8819022759130125,-0.6320308699564916,-0.020351950555273893,-0.39765392982403436,-0.6903591058052886,-0.3048883394399415,0.5512685059602986
Sword\m705_06_fill_holes_and_orientation.obj,-0.7339102503226034,-0.6011553353167854,-0.02035135409475618,-0.6000440264313398,-0.6936064986442939,-0.5128881549015732,0.040576509642753035
Sword\m707_06_fill_holes_and_orientation.obj,-0.8683300511979753,-0.6323931428962642,-0.020350193187850262,-0.861291647235145,-0.6788643660735665,-0.9323627487258855,0.03664465004102632
Sword\m709_06_fill_holes_and_orientation.obj,-0.8486388371400732,-0.6290174177756563,-0.020350947788599145,-0.7625050833561239,-0.7021115751274069,-0.6847734332441628,1.012706791875246
Sword\m710_06_fill_holes_and_orientation.obj,-0.8042696700882813,-0.6210803470042758,-0.020350998974999413,-0.5181972355759952,-0.7019311644141264,-0.20827004104686853,-0.003999971447342439
Sword\m711_06_fill_holes_and_orientation.obj,-0.7358769083671444,-0.6222495005826327,-0.020344365950637794,-0.32159464665902826,-0.7017636401803705,-0.3084671929844235,0.4079148503959625
Sword\m712_06_fill_holes_and_orientation.obj,-0.8789395241560917,-0.6326401471733819,-0.020351331482756533,-0.8005525876166834,-0.7019182779346076,-0.7314346618896866,0.3470532775244156
Sword\m713_06_fill_holes_and_orientation.obj,-0.8742210676543289,-0.6315039274986407,-0.020351648195864262,-0.8175042690923976,-0.7020342562502855,-0.8985015638385542,1.2875442579742782
Sword\m714_06_fill_holes_and_orientation.obj,-0.8709358395157024,-0.6317673987275662,-0.020351207271793164,-0.7916748366225528,-0.7012610674790941,-0.6726110630904928,2.399865922748866
Sword\m715_06_fill_holes_and_orientation.obj,-0.8500783358772981,-0.6297419636552014,-0.0203506455099215,-0.9047396344948169,-0.7016992077827707,-1.0262297362859634,-0.09875807932485899
Sword\m716_06_fill_holes_and_orientation.obj,-0.8323045126389542,-0.6260533664502445,-0.020351070166190366,-0.7293459986570539,-0.7020213697707667,-0.6559025816776157,0.025132896291782596
Sword\m717_06_fill_holes_and_orientation.obj,-0.8800825237756928,-0.6324425437516878,-0.020351599361228177,-0.7080239152834914,-0.7020729156888476,-0.5512238023285022,1.3522353771837925
Sword\m718_06_fill_holes_and_orientation.obj,-0.8396099463361779,-0.620108796847613,-0.020352190236994996,-0.2660179009989244,-0.6949853519529205,0.298970651862794,4.229472413021924
Sword\m719_06_fill_holes_and_orientation.obj,-0.7804386654802327,-0.5668217407974321,-0.020352507349460196,0.042154975059570776,-0.7021244616069257,0.3196413074700625,0.02914862167586429
Sword\m720_06_fill_holes_and_orientation.obj,-0.8381753743214512,-0.6172106133294327,-0.020352301636509466,-0.21368025429308424,-0.7021115751274069,0.4411145466955841,0.13930259117623825
Sword\m721_06_fill_holes_and_orientation.obj,-0.8282547467453671,-0.6006119259071266,-0.020352504277254515,-0.05201706365482843,-0.7018796184960483,0.68462346759556,-0.027696521648860738
Tool\D01003_06_fill_holes_and_orientation.obj,-0.7461916737430909,-0.5243040712295807,-0.020352539285901635,0.7833132129840498,-0.6955265840927534,0.3860274286240127,-0.053612514479199444
Tool\D01012_06_fill_holes_and_orientation.obj,-0.7170774310814311,-0.49454828931280775,-0.020352538708367944,0.3685001489276478,-0.6656814975247435,0.059044166943280574,-0.059731602451174634
Tool\D01040_06_fill_holes_and_orientation.obj,-0.6746579024873681,-0.4502521889497092,-0.020352534746451892,-0.008009379149382963,0.3462550797317875,-0.22587413145486104,-0.07045218742854364
Tool\D01044_06_fill_holes_and_orientation.obj,-0.6587911687397224,-0.43465798558768165,-0.020352531478801637,0.22000770624312574,0.8949484912081682,-0.2391327270185527,-0.06783120826064619
Tool\D01069_06_fill_holes_and_orientation.obj,-0.6362536527294044,-0.41167012086393234,-0.02035252742072916,0.010240323598444056,1.5992074834483745,-0.3042506658354191,-0.07212567765221775
Tool\D01084_06_fill_holes_and_orientation.obj,-0.6802233073749718,-0.45331504198596806,-0.020352538541782005,0.10924123961414436,0.20751924122090762,-0.12306896612352945,-0.06771057885370128
Tool\D01086_06_fill_holes_and_orientation.obj,-0.7341668877763775,-0.5114104479640393,-0.020352540444451957,0.42910821557369433,-0.6749984222176071,0.16313542679159818,-0.05677093834219253
Tool\D01111_06_fill_holes_and_orientation.obj,-0.6941175605878512,-0.4708688126131291,-0.020352536638643757,-0.022501965279305165,-0.16115005136294502,-0.27727134046655616,-0.06140572404773262
Tool\D01113_06_fill_holes_and_orientation.obj,-0.7172861449618129,-0.49276985851756067,-0.020352541492416533,0.026846659965063982,-0.6943796874154852,-0.2543079258317918,-0.05809705400942045
Tool\D01127_06_fill_holes_and_orientation.obj,-0.672784404286431,-0.45334797588958375,-0.020352528632918688,-0.1749003802322039,0.4891661376071039,-0.3174949316551889,-0.07154255890468968
Tool\D01131_06_fill_holes_and_orientation.obj,-0.687789409480741,-0.46075810420311325,-0.020352540067709198,0.1772325465235858,-0.11643396742900834,-0.03999944060856542,-0.06857231739124708
Tool\D01140_06_fill_holes_and_orientation.obj,-0.6821568220136153,-0.45685543662465433,-0.020352537105552678,0.019707542968442508,0.09811303009724244,-0.1790194512663923,-0.07167911109269755
Tool\D01142_06_fill_holes_and_orientation.obj,-0.6317833238880095,-0.40412825693594007,-0.020352529447682465,-0.08234193676891757,1.6089883214039522,-0.3332612324052042,-0.06301706914040685
Tool\D01148_06_fill_holes_and_orientation.obj,-0.7097737889196613,-0.4871546279510861,-0.020352538000131364,0.24198475447876355,-0.6510811162287344,-0.030846316678483882,-0.06213341610895385
Tool\D01152_06_fill_holes_and_orientation.obj,-0.6647480241240077,-0.45649316368488185,-0.020352512945508692,-0.27211502844224417,1.777556360003323,-0.3026170750283283,-0.0601860160736803
Tool\D01154_06_fill_holes_and_orientation.obj,-0.6866943334345321,-0.4651712472876153,-0.02035253337471059,-0.13541790750109733,0.05552321528408614,-0.2582163634864764,-0.06780060882921211
Tool\D01156_06_fill_holes_and_orientation.obj,-0.6603372638364557,-0.43339003029847767,-0.020352534735398196,-0.033457741154020185,0.6745639184594175,-0.3048632623880782,-0.06473165398512001
Tool\D01159_06_fill_holes_and_orientation.obj,-0.6797266041703723,-0.45445126166070926,-0.020352536641853526,0.07792796498092332,0.22275106001338965,-0.17932037588875124,-0.06776721806502822
Tool\D01165_06_fill_holes_and_orientation.obj,-0.6685236850931449,-0.4617131874079682,-0.020352511259307773,-0.19893759067036973,1.5311153256654007,-0.22881172895884022,-0.057418797337335944
Tool\D01176_06_fill_holes_and_orientation.obj,-0.733784842840829,-0.5050048037107883,-0.020352549282423787,0.14085817977432777,-0.6940059795094112,-0.11668148277036473,-0.054730163162795255
Tool\m1099_06_fill_holes_and_orientation.obj,-0.7642888691308675,-0.6134067474618209,-0.02035085942368089,-0.6687200693329509,-0.6429884070902604,-0.7736285928675737,0.23760559116437924
Tool\m1100_06_fill_holes_and_orientation.obj,-0.79179341718718,-0.6208168757753504,-0.020350456110275607,-0.8471741773444114,-0.304769865611853,-0.9836489022221864,0.12681034223891505
Tool\m1102_06_fill_holes_and_orientation.obj,-0.8787720155911501,-0.6306805799082486,-0.020352161338027405,-0.5037225121241297,-0.7016090024261306,-0.5103338780475035,1.1866511243110358
Tool\m1103_06_fill_holes_and_orientation.obj,-0.8021578976719727,-0.6080549881242718,-0.020352156984724642,0.025435508398592432,-0.6831040178356028,-0.2997762032958215,0.35563878252520775
Tool\m1104_06_fill_holes_and_orientation.obj,-0.8040994742201589,-0.6122540608352718,-0.02035200267637981,-0.33304462329330936,-0.6763257296081528,-0.3686664472001149,0.7332904877783661
Tool\m1105_06_fill_holes_and_orientation.obj,-0.7413016777216154,-0.5787932147617342,-0.020352222353485834,0.02246434961517784,-0.7014414781923718,0.10213012448030281,0.299477347199848
Tool\m1106_06_fill_holes_and_orientation.obj,-0.5249872081766357,-0.6084995958230835,-0.020331736413301594,-0.3929500912691295,-0.6984002690256845,-0.4314450553217394,0.4382949921024326
Tool\m1107_06_fill_holes_and_orientation.obj,-0.7256405226673069,-0.5935805374851776,-0.020351651204411188,-0.3052919758193707,-0.6919441427862305,-0.37448074079640553,-0.011168227089640171
Tool\m1108_06_fill_holes_and_orientation.obj,-0.6388491397182715,-0.5808515837377146,-0.02035082747933699,-0.04561627068454653,-0.6961580215892264,0.053609611560919035,0.4363826751955016
Tool\m1109_06_fill_holes_and_orientation.obj,-0.6568200318565467,-0.4222254369727599,-0.02035254138893325,-0.02942673013924738,-0.6332075691346826,-0.055955610465545334,-0.049855809425135886
Tool\m1110_06_fill_holes_and_orientation.obj,-0.7039163637530687,-0.4699960641673133,-0.020352550636165024,0.28608175237449196,-0.5143426820434355,0.1333188121262091,-0.04111125858835471
Tool\m1111_06_fill_holes_and_orientation.obj,-0.7453393507508883,-0.5336737668082435,-0.020352518316093,-0.4006965393196753,-0.6220092184319188,-0.49811777135412644,0.017947014427545937
Tool\m1112_06_fill_holes_and_orientation.obj,-0.7288608076457288,-0.5306603146274081,-0.020352488498214933,-0.0882008951714827,-0.3106589867524309,-0.2246202788616993,0.05379217028127012
Tool\m1113_06_fill_holes_and_orientation.obj,-0.8161502374509543,-0.5863680125933421,-0.02035253783721373,0.49363416294015505,-0.6831684502332025,0.9483552396052464,-0.07674308794434548
Tool\m1114_06_fill_holes_and_orientation.obj,-0.8419734294837624,-0.6019457490035619,-0.02035255249391775,0.2893387140068121,-0.7014543646718934,0.9765275161556033,-0.07293382624045978
Tool\m1115_06_fill_holes_and_orientation.obj,-0.7860403489607782,-0.5852153259667932,-0.0203524233607521,0.45320496827204876,-0.7008744730934985,1.1099625091198893,-0.0797199485875457
Tool\m1116_06_fill_holes_and_orientation.obj,-0.8251961478416616,-0.60677056588326,-0.02035241851486228,0.16914670758996456,-0.6783360204132526,0.759460555227421,0.3139569293205595
Tool\m1117_06_fill_holes_and_orientation.obj,-0.7713475188193137,-0.568715440255334,-0.02035246946078367,0.031485002033761325,-0.6884132473977886,0.7719023553875674,0.22720869318359332
Tool\m587_06_fill_holes_and_orientation.obj,-0.07753286532162196,0.08093874246770075,-0.020352341901506355,-0.3536938791267399,-0.6023444506846012,-0.009452009003162056,-0.09726690949372194
Tool\m588_06_fill_holes_and_orientation.obj,0.28785616511179823,-0.41797696340633633,-0.020343091719274203,-0.8077572010995124,0.11490411291162875,-0.899569129760732,-0.09541291783272389
Tool\m589_06_fill_holes_and_orientation.obj,0.32726680991100193,0.03809173386369242,-0.020351541482639065,-0.24432070138617332,-0.26014398703455655,-0.048668935681284727,-0.09730295471407806
Tool\m590_06_fill_holes_and_orientation.obj,-0.43775734692525314,-0.471708627155329,-0.020351591167278072,-0.47401687851600255,-0.46963948458902044,-0.3845903751332706,-0.09191621893651471
Tool\m591_06_fill_holes_and_orientation.obj,-0.37881045588491136,-0.3846807868508771,-0.020352004511127578,-0.3195404386825192,-0.4056452272933647,-0.22117397544849435,-0.08341107472825844
Train\D01008_06_fill_holes_and_orientation.obj,0.31429206226984713,0.08525308384135567,-0.020351710087384237,0.5697648968173875,-0.15754183709738176,0.11399873488357504,-0.09553327269531953
Train\D01014_06_fill_holes_and_orientation.obj,-0.15754552599688626,-0.6052556063169384,-0.0202300448532093,0.09233719194658113,-0.629509149512479,-0.33724131877949803,0.006514371384175775
Train\D01016_06_fill_holes_and_orientation.obj,-0.7658725864721332,-0.6224635709561347,-0.020347712645102795,-0.421024266948087,-0.695539470572275,-0.4478167877524528,-0.08277106042251822
Train\D01027_06_fill_holes_and_orientation.obj,1.3400052303092351,-0.574610609002542,-0.01955074549408247,-0.8503180086823731,0.41633175536081757,-1.0408102507264454,-0.09342334240528424
Train\D01031_06_fill_holes_and_orientation.obj,-0.24333320120786295,-0.5823665433040363,-0.020324906088769374,-0.4516289886850629,-0.5777570477606963,-0.7791956983812123,-0.06621634393665925
Train\D01035_06_fill_holes_and_orientation.obj,-0.4729762466461467,-0.281795271955472,-0.02035246024856665,1.2137858914700717,-0.6074088371359098,0.8889405388692764,-0.06090542749755471
Train\D01047_06_fill_holes_and_orientation.obj,0.6312809708801547,-0.4795798301194782,-0.020313158658171383,-0.1687734816587898,-0.4457221786001478,-0.37758671279146644,-0.09176314898948812
Train\D01055_06_fill_holes_and_orientation.obj,-0.1777862935552786,-0.441129497648164,-0.02034989060292766,0.936539265353571,-0.6411842999574788,0.5091879951963321,-0.08091884973941696
Train\D01059_06_fill_holes_and_orientation.obj,-0.06927388687904908,-0.4220937013582971,-0.020349194665755955,0.05963658265096402,-0.6579753827718651,-0.014259638088942535,-0.08881524367640273
Train\D01061_06_fill_holes_and_orientation.obj,0.7475462472332246,-0.441129497648164,-0.020321050922049957,0.04867485255023013,-0.4777321937274973,-0.3049492408516093,-0.07820302617997046
Train\D01064_06_fill_holes_and_orientation.obj,0.6153981133134235,0.2392190832446907,-0.020351421583953925,0.42096283437988435,-0.24531164910718897,0.18945916637603652,-0.09917244270252452
Train\D01089_06_fill_holes_and_orientation.obj,-0.3759018980754717,-0.31482797728200573,-0.020352244320078382,1.126639839457935,-0.6583490906779391,0.8388150946306454,-0.06475845568492165
Train\D01094_06_fill_holes_and_orientation.obj,-0.2184586271979057,-0.5404252170494592,-0.02034296307404194,0.32403994324476854,-0.6735035905933026,-0.024949627054642716,-0.07484788614797122
Train\D01095_06_fill_holes_and_orientation.obj,-0.16976917239898495,-0.019394394897488638,-0.020352356025496347,2.249708088458557,-0.48514191945142027,1.379318705618902,-0.0786628064719892
Train\D01134_06_fill_holes_and_orientation.obj,-0.14801366161430304,-0.47865768081823895,-0.020347886295621405,0.822492020188194,-0.6575372424681885,0.5115595678153982,-0.049517354790861334
Train\D01137_06_fill_holes_and_orientation.obj,-0.6868667687219719,-0.6070669710158012,-0.0203488824025562,2.017731442763502,-0.7020729156888476,0.9407568928906858,0.22010353526997997
Train\D01147_06_fill_holes_and_orientation.obj,-0.22879444311543579,-0.5769489161592557,-0.02032826857505449,-0.02641389177370068,-0.6613516404060699,-0.4990420398370858,-0.030963578042810757
Train\D01149_06_fill_holes_and_orientation.obj,-0.0589931606767271,-0.6096852163532483,-0.020110061313924815,0.33997940629727535,-0.7020342562502855,-0.2861199573382985,-0.0022942780418136704
Train\D01163_06_fill_holes_and_orientation.obj,0.7639119236047871,-0.07898829349007369,-0.020348668250093547,0.6861402443561416,-0.40489781148121384,0.12593899400645636,-0.09530311116973728
Train\D01180_06_fill_holes_and_orientation.obj,-0.11607999003203603,-0.3842361791520653,-0.020350544769897314,0.6716774293563138,-0.6140453740886413,0.24459643855133445,-0.07299437474178587
Train\m1578_06_fill_holes_and_orientation.obj,-0.3669988626372144,-0.054123196260230204,-0.020352512680298022,1.6528981519094692,-0.09606044330809922,1.047889640886416,-0.05289598379300705
Train\m1580_06_fill_holes_and_orientation.obj,1.293138214950815,0.30340726139166396,-0.020349463664553397,0.8744902760109587,-0.3850526330206187,1.0038937446103564,-0.09919368547264923
Train\m1581_06_fill_holes_and_orientation.obj,-0.42392803687257835,-0.19256086010876905,-0.02035248256032136,2.7108807562978567,-0.7019827103322074,1.5678551463986812,-0.08003505271063956
Train\m1582_06_fill_holes_and_orientation.obj,-0.31111997606171127,-0.13905973368508612,-0.02035240727705781,2.7184366691157993,-0.6997662358547896,1.5285522412570272,-0.07359106642392936
Train\m1583_06_fill_holes_and_orientation.obj,-0.11710295677622454,-0.2626442070029502,-0.020351691167455815,-0.3754089414175475,-0.059694798103038425,-0.49237512647744514,-0.10083193907632727
Train\m1584_06_fill_holes_and_orientation.obj,0.04570506701810598,0.920572148197824,-0.0203525437132827,1.4990707227120423,-0.5340332227497906,1.0636093699686855,-0.09659049234789686
Train\m1585_06_fill_holes_and_orientation.obj,0.6170163177121771,-0.3759533023927201,-0.020338777258908376,-0.3872161716129606,-0.6739288444174575,-0.5506470301356478,-0.09674733233476272
Train\m1586_06_fill_holes_and_orientation.obj,0.5963446858771171,-0.3387709252106099,-0.020342455728923105,-0.14225335897075664,-0.5688009444943907,-0.2843645637078719,-0.09473528778635873
Train\m1587_06_fill_holes_and_orientation.obj,0.35806464801548327,-0.19053542503640433,-0.02034993267702345,0.03693907306704342,0.01058806119831257,-0.4137800635020788,-0.10192746755555247
Train\m1588_06_fill_holes_and_orientation.obj,0.04203241933756924,0.010460188730131229,-0.02035209358340436,0.8989264195923886,-0.694650303485403,0.7496805050007583,-0.08738498154870866
Tree\D00096_06_fill_holes_and_orientation.obj,0.3606413238820844,-0.632623680221574,0.04128966536640963,-0.9590243131088264,-0.0036386121916196024,-1.1640603781982766,-0.10341451130950972
Tree\D00200_06_fill_holes_and_orientation.obj,-0.7431760716902795,-0.6332988252456956,-0.02010363890122344,-0.9623110458712409,-0.6955136976132346,-1.1707666983537024,-0.10053875419430516
Tree\D00221_06_fill_holes_and_orientation.obj,0.4348615025509606,-0.5788755495207734,-0.020153923029120252,-0.9443590544243573,-0.4309413865908612,-1.1402013545683967,-0.10296596201759978
Tree\D00223_06_fill_holes_and_orientation.obj,0.09209956490055468,-0.5721076323277499,-0.020286830199883144,-0.9389704798772828,0.2629955355539315,-1.1308440317874286,-0.10220058696425592
Tree\D00367_06_fill_holes_and_orientation.obj,0.31173016657074093,-0.5831404900390048,-0.020178267190131962,-0.9299319647806427,-0.013947795807511404,-1.1159876697764506,-0.10365325333499896
Tree\D00385_06_fill_holes_and_orientation.obj,0.03623725002800042,-0.533937238037169,-0.020331016561520886,-0.9138912798858152,0.84469122108069,-1.0946614283847576,-0.10362298224911227
Tree\D00393_06_fill_holes_and_orientation.obj,-0.45893911848081714,-0.6136866856425542,-0.02030148687564795,-0.9568033868037892,-0.1085474419628495,-1.1616744758352886,-0.10196684449422194
Tree\D00439_06_fill_holes_and_orientation.obj,-0.17947974244309683,-0.6202075985584602,-0.0199166191679947,-0.9582919433085059,1.0465836957184345,-1.1650598778368255,-0.1018752811845645
Tree\D00456_06_fill_holes_and_orientation.obj,-0.733421161143683,-0.6335952303782367,-0.019964619184531178,-0.9586372884176002,-0.6704752679061342,-1.1644293691042642,-0.08311715957409117
Tree\D00479_06_fill_holes_and_orientation.obj,-0.36198032394692004,-0.623072848173025,-0.020072926983015216,-0.9609237112088451,-0.5055669894904075,-1.1674744396876573,-0.10385567322220056
Tree\D00533_06_fill_holes_and_orientation.obj,-0.6997107342749905,-0.634517379679476,-0.018130508249406405,-0.9643176200395992,-0.6514161646962521,-1.1732529089241432,-0.10226383264623509
Tree\D00573_06_fill_holes_and_orientation.obj,0.2723450511517556,-0.6062930242808325,-0.019845978417372612,-0.9503906853814694,-0.2850148925078981,-1.1487060575860144,-0.10039959185699408
Tree\D00612_06_fill_holes_and_orientation.obj,-0.499298829186735,-0.627469524305719,-0.020071310702827576,-0.9577560629668078,-0.6927302180369435,-1.1577373786927603,-0.10204288536702597
Tree\D00727_06_fill_holes_and_orientation.obj,-0.2266647553445879,-0.5670852120263576,-0.02033461661011494,-0.9371187155854152,-0.15089241366513131,-1.138557016453364,-0.1032639336238669
Tree\D00765_06_fill_holes_and_orientation.obj,-0.5781716254294426,-0.5925101856176677,-0.020347320220661755,-0.928711348446775,-0.28992464120496664,-1.1252876735817312,-0.10301753125719745
Tree\D00777_06_fill_holes_and_orientation.obj,-0.6081946244501035,-0.6192360484017974,-0.020324786000044556,-0.9493486958281678,-0.6966477078109838,-1.1563832178921456,-0.10382026016592241
Tree\D00810_06_fill_holes_and_orientation.obj,0.060035111230151594,-0.5822842085449971,-0.02026795865168493,-0.9315276973536991,0.8977190843049404,-1.123783050469937,-0.10284010598249575
Tree\D00834_06_fill_holes_and_orientation.obj,-0.6139642643794542,-0.633150622679425,-0.0191729233189204,-0.9622336409329958,-0.6525244019349609,-1.169168931906416,-0.10240563678061297
Tree\D00911_06_fill_holes_and_orientation.obj,0.3044834056596331,-0.5829099527136951,-0.020182882407550697,-0.9451331038068099,-0.6122026075173005,-1.1384746204258136,-0.10389026976617771
Tree\D00996_06_fill_holes_and_orientation.obj,0.9149652354020825,-0.5947496910635344,-0.019397502292128468,-0.9492236570817715,-0.13901107954781355,-1.149701974788583,-0.10367857787543441
Tree\m1050_06_fill_holes_and_orientation.obj,-0.3163508117032952,-0.6319814691010682,-0.01609666325629366,-0.9618882958239015,-0.6493027820549933,-1.1696059890960326,-0.10204101973136155
Tree\m1062_06_fill_holes_and_orientation.obj,-0.8227318908247941,-0.6225129718115582,-0.020351479333498693,-0.9499738895601487,-0.19157502950934693,-1.1381235416997282,-0.09954796240633731
Tree\m1063_06_fill_holes_and_orientation.obj,-0.7627987595170693,-0.6139007560160562,-0.020350722301990237,-0.9539155871846386,1.2127677356066289,-1.1555019386409517,-0.10088833143509812
Tree\m1064_06_fill_holes_and_orientation.obj,-0.7784926100934116,-0.6329694862095387,-0.020258412661587618,-0.9638829615402219,1.178940726866979,-1.171282569134889,-0.10335053772896766
Tree\m1065_06_fill_holes_and_orientation.obj,-0.6667227440780914,-0.6324919446071112,-0.019940325984767738,-0.9629243311511844,0.8957474529384,-1.1698066055109384,-0.10350393918631799
Tree\m1066_06_fill_holes_and_orientation.obj,-0.7217591611063885,-0.629264422052774,-0.020306221271603007,-0.9543026118758651,0.023642064951936107,-1.1517654579133292,-0.10207841710241763
Tree\m1067_06_fill_holes_and_orientation.obj,-0.635359676537898,-0.6011224014131697,-0.02034789502754409,-0.9445079100748289,1.608575954059316,-1.1362320155020442,-0.10239341995266796
Tree\m1068_06_fill_holes_and_orientation.obj,-0.624810220017488,-0.6154486494859934,-0.020337103852085425,-0.9570236931664872,0.30416783761990474,-1.1592706612923982,-0.10077035411074318
Tree\m1069_06_fill_holes_and_orientation.obj,-0.6440808711275823,-0.6320638038601074,-0.019938984324645637,-0.9647046447308255,0.35193801720004736,-1.173475019954932,-0.10127957374786908
Tree\m1070_06_fill_holes_and_orientation.obj,-0.8189405539204352,-0.6258063621731269,-0.02035029379791303,-0.9402625469233769,-0.5119071374141808,-1.1224145599254003,-0.10072443162336644
Tree\m1071_06_fill_holes_and_orientation.obj,-0.7701866038451733,-0.6232210507392955,-0.020347566670659768,-0.9558566648667892,-0.2915741105835083,-1.1605280963215405,-0.10197328402292115
Tree\m1072_06_fill_holes_and_orientation.obj,-0.7962883796410661,-0.6253288205706995,-0.020348596912424043,-0.9515398510031107,-0.6748180115043295,-1.1454424584078131,-0.10236699881722362
Tree\m1075_06_fill_holes_and_orientation.obj,-0.7128982267512983,-0.5689130436770282,-0.020352161819180276,-0.8735513986079918,-0.17126593778603758,-0.9540329039717029,-0.045673581200766124
Tree\m1077_06_fill_holes_and_orientation.obj,-0.30298058261068755,-0.37717185682650056,-0.020351749091440205,-0.7984090662498913,-0.1867941456074779,-0.9134367394411022,-0.10341859624459684
Tree\m1078_06_fill_holes_and_orientation.obj,-0.635000473679387,-0.5517215459896397,-0.020351834043654052,-0.6644151639213101,-0.6203855220124147,-0.7242232182610157,-0.09219763638883498
Tree\m1079_06_fill_holes_and_orientation.obj,-0.3694868574988463,-0.17823461203594537,-0.020352437732284408,1.251886983764801,-0.6918152779910339,2.991816129656828,-0.07997276120873303
Tree\m1082_06_fill_holes_and_orientation.obj,-0.34201590073229493,0.18056380090515287,-0.020352565595484717,0.4945689764251171,-0.6993667549896752,2.283812141966068,-0.04159232595736718
Tree\m1086_06_fill_holes_and_orientation.obj,-0.4982122629339324,-0.6315368614022563,-0.01921036668464793,-0.9510099248874316,-0.6942637090998073,-1.1568560994415664,-0.08756924194915461
Tree\m1089_06_fill_holes_and_orientation.obj,-0.693683561124139,-0.5935146696779461,-0.020351064495000147,-0.9140460897623057,-0.3206975542984078,-1.0671769795426493,-0.09470958663753638
Tree\m1090_06_fill_holes_and_orientation.obj,-0.703288878460333,-0.6231551829320642,-0.02033684615660487,-0.9463537201406776,-0.6528723368819973,-1.1355835945895802,-0.10264844870850161
Tree\m1091_06_fill_holes_and_orientation.obj,-0.22544561546819505,-0.4669002772274388,-0.020349651137460963,-0.802136411737702,-0.6740834821716974,-0.873736183905617,-0.10355101048751354
Tree\m1092_06_fill_holes_and_orientation.obj,-0.39607010844798013,-0.4798268343965958,-0.020351147131664575,-0.8829709841698392,-0.3181975772715534,-0.9714113009129264,-0.10093687514849532
Tree\m1093_06_fill_holes_and_orientation.obj,-0.4529294128006412,-0.5930700619791344,-0.020338513437406773,-0.9447043995334515,-0.03545533012616988,-1.118749727917387,-0.10198550322444844
Tree\m1095_06_fill_holes_and_orientation.obj,-0.6134980172775714,-0.60677056588326,-0.020344121543554115,-0.9548682633476573,-0.0773879344838127,-1.1569241657251952,-0.10219936456938675
Tree\m1096_06_fill_holes_and_orientation.obj,-0.628611858250707,-0.535732135784224,-0.02035203129629278,-0.8455427194152418,-0.5586721715917765,-0.9817896179483263,-0.1003675817264974
Tree\m1098_06_fill_holes_and_orientation.obj,-0.15990945702833423,-0.6088948026664719,-0.020195860657607017,-0.9557078092163176,0.6486363216654453,-1.1596253224544641,-0.10354326707095389
Truck\D00002_06_fill_holes_and_orientation.obj,-0.17187467444120488,-0.07974577327323444,-0.02035229423635721,0.45444940150999186,0.2281376084526941,-0.04314481939941163,-0.09732470938677905
Truck\D00003_06_fill_holes_and_orientation.obj,0.5605896691716379,0.059762242442814195,-0.02035091202786164,0.05417060316564418,-0.5841874010411099,0.14626215332361994,-0.09791384279177995
Truck\D00010_06_fill_holes_and_orientation.obj,0.320176808352112,0.6847653983095076,-0.020352357967610337,2.2436585948233883,0.1855864530780942,1.5371465051741569,-0.08614229492469799
Truck\D00029_06_fill_holes_and_orientation.obj,0.9781612006552601,-0.005693890993363002,-0.020348192930879874,1.9640600494294356,-0.34065871107468076,2.7289441422824523,-0.08096503806800798
Truck\D00047_06_fill_holes_and_orientation.obj,-0.12161359516533252,-0.5571227061826124,-0.020331594595828947,-0.5542322114421777,-0.14185899152170434,-0.7845335279921015,-0.06901652381879655
Truck\D00056_06_fill_holes_and_orientation.obj,-0.21958415934683118,-0.3337485049092177,-0.02035168151635924,0.45356817605919963,-0.19230955884197898,0.2755880922183154,-0.02006626245915114
Truck\D00112_06_fill_holes_and_orientation.obj,0.8398009175489901,-0.08564094202044231,-0.02034799448673461,0.9068038606153497,-0.04778769102668019,0.6158657738225436,-0.08564211705363359
Truck\D00158_06_fill_holes_and_orientation.obj,0.4681567410782072,-0.11952992884098394,-0.020350057149246252,0.1319506576501029,-0.06662772408472549,-0.19921364288825927,-0.09617525786553816
Truck\D00241_06_fill_holes_and_orientation.obj,-0.4910501520730222,-0.26275947566560515,-0.02035249697585382,1.470121275808311,-0.3533905528403084,1.1485632568093722,-0.08420609582415778
Truck\D00287_06_fill_holes_and_orientation.obj,0.8064470062356278,-0.08893433238201107,-0.0203482015224411,-0.0521837819833567,-0.2822056399725666,-0.37269668767813524,-0.09604417599346914
Truck\D00303_06_fill_holes_and_orientation.obj,0.3632085941875521,-0.49603031497551364,-0.020324785868619712,-0.03521423782958603,-0.3582229826602584,-0.39929627483306906,-0.06898635796172387
Truck\D00331_06_fill_holes_and_orientation.obj,0.4876625312166286,-0.5806539803160206,-0.02011499350833511,-0.5953461421024538,-0.4151296762199871,-0.7698168809843616,-0.06775538101024646
Truck\D00406_06_fill_holes_and_orientation.obj,0.6861812312139537,1.0789018898302374,-0.02035227580456705,2.1776798163083244,0.706432182312046,1.2044492581045871,-0.09935897857717355
Truck\D00424_06_fill_holes_and_orientation.obj,-0.3988102619247514,-0.3864592176461242,-0.02035206489194968,1.362712992653971,-0.38514283837725893,1.0936516781008434,-0.05080726779010922
Truck\D00518_06_fill_holes_and_orientation.obj,0.5042691691067435,-0.49609618278274503,-0.020314458153299828,-0.39764797559801546,-0.3685321662761502,-0.6937187758873776,-0.08432178817998055
Truck\D00804_06_fill_holes_and_orientation.obj,0.3124602172682135,-0.36263153838017487,-0.020346190961015795,-0.27743215227709234,-0.1538949633932592,-0.5418270727517491,-0.09115697484617495
Truck\D00835_06_fill_holes_and_orientation.obj,0.5944250556382413,-0.37891735371813196,-0.020339072624332998,-0.10892160171713965,-0.46635343231145304,-0.4617166393566472,-0.07305952087196942
Truck\D00926_06_fill_holes_and_orientation.obj,0.6159010868921118,-0.38435144781472025,-0.02033786579760101,2.135708477101331,-0.46069626780223366,1.0366479567797249,-0.051476288062386064
Truck\D00947_06_fill_holes_and_orientation.obj,1.0091355050019526,-0.45252462829919154,-0.020297375206837446,-0.6491366199568976,0.6643964861182441,-0.8961120790395858,-0.1012141111400495
Truck\D00987_06_fill_holes_and_orientation.obj,0.2432948558825734,-0.4028109007913126,-0.020345189491496725,-0.18950014243046562,-0.39119948375159563,-0.47463848593817537,-0.09189500702295951
Truck\m1570_06_fill_holes_and_orientation.obj,-0.1523397718516572,0.1607046570248937,-0.020352457286244276,1.2778057296249286,0.1271333819759829,1.3346349816345937,-0.09039869363904282
Truck\m1571_06_fill_holes_and_orientation.obj,0.26640028863178444,-0.29294339832938193,-0.020348990888246026,-0.0675337766599956,-0.11549325442405824,-0.38534626912514813,-0.09239808936752862
Truck\m1572_06_fill_holes_and_orientation.obj,-0.3472037395229848,-0.21352328976015358,-0.02035237252860671,1.1912253290845847,-0.2815355430375343,1.2314644078332548,-0.06536558875547199
Truck\m1573_06_fill_holes_and_orientation.obj,-0.23103878915533446,0.05513502898481017,-0.020352464872494733,0.6223645294680579,0.044685686007877506,0.9994085347628172,-0.09934495624431496
Truck\m1574_06_fill_holes_and_orientation.obj,0.5226382299996525,0.7601675706376222,-0.02035224244418901,1.0654542128880586,0.3522086332699652,0.9127601557033714,-0.09556184666988296
Truck\m1575_06_fill_holes_and_orientation.obj,1.5809492813908486,0.023551415417366738,-0.02034333142443929,0.13789892944295093,0.6233401623679488,-0.2307032551565245,-0.09455829766840658
Truck\m1576_06_fill_holes_and_orientation.obj,0.4973000961909932,-0.12399247278090948,-0.020349842077834104,0.4818031158406666,-0.11393399040215395,0.01144792250685605,-0.09358232811052239
TruckNonContainer\D00055_06_fill_holes_and_orientation.obj,1.711665978482967,0.19498885068882352,-0.02034580661199762,0.03838594998962804,0.05003357500862267,-0.16102487533652926,-0.10013150048673312
TruckNonContainer\D00143_06_fill_holes_and_orientation.obj,2.9628420918627794,-0.01740189372873966,-0.020312938866460087,-0.45238517538945905,-0.10030009507013549,-0.5587469178874733,-0.10162628449247367
TruckNonContainer\D00148_06_fill_holes_and_orientation.obj,-0.04505053600659182,-0.48694055757758414,-0.0203449053608229,-0.6387941293621258,-0.25063376514889363,-0.8807219340675189,-0.09826076003804206
TruckNonContainer\D00215_06_fill_holes_and_orientation.obj,0.1316848844065157,-0.2691980538224719,-0.02035042063961715,-0.021972039163625976,-0.34348085008953105,-0.3189243236113934,-0.09575299916204766
TruckNonContainer\D00252_06_fill_holes_and_orientation.obj,0.2615819540284656,-0.49843448993945877,-0.020330149768074315,-0.7266785054006014,0.07703074960274175,-0.940430394553887,-0.10045613770741842
TruckNonContainer\D00266_06_fill_holes_and_orientation.obj,0.892269616387956,0.04199440144215119,-0.020349296547081626,0.47445560093338474,-0.029488890108470528,0.18000511782359604,-0.08783125615760962
TruckNonContainer\D00267_06_fill_holes_and_orientation.obj,0.4572015017774842,0.16528246962747417,-0.02035159211273498,0.21978739988042761,0.13821575436306602,0.030728592953705086,-0.0940722030521457
TruckNonContainer\D00275_06_fill_holes_and_orientation.obj,-0.12721572652974147,-0.4683329020347212,-0.020348104898743252,-0.41721356229601214,-0.3490735822011536,-0.6152813400951518,-0.06996334895117837
TruckNonContainer\D00283_06_fill_holes_and_orientation.obj,1.8966460450550158,0.36517479762288435,-0.020346866410146377,-0.23993839103628728,-0.3713414188114817,0.14658815499784206,-0.1006369239746148
TruckNonContainer\D00353_06_fill_holes_and_orientation.obj,1.3342857533725945,-0.26834177232846407,-0.02033069911363014,-0.39443269354782734,-0.18250294792736066,-0.5587433354514929,-0.09753604761376408
TruckNonContainer\D00553_06_fill_holes_and_orientation.obj,0.04354805833158589,-0.4582386605765132,-0.020345368981050032,-0.5778645345110606,-0.07028748426836685,-0.7873242456208817,-0.09866564095453792
TruckNonContainer\D00572_06_fill_holes_and_orientation.obj,0.507082327653262,-0.5178325591690982,-0.020298742730580122,-0.4665205079582491,-0.4653225139498656,-0.6864213537951755,-0.09218310136220602
TruckNonContainer\D00608_06_fill_holes_and_orientation.obj,0.4068754793414071,0.07021875684079465,-0.020351434179636228,0.4396888752092207,-0.3256717353930761,0.025910216559983112,-0.09589421702160476
TruckNonContainer\D00619_06_fill_holes_and_orientation.obj,0.13312975775010238,-0.004903477306586531,-0.020351887091250954,0.5695029108725574,-0.36216624539333636,0.3589263004318139,-0.09622380790848807
TruckNonContainer\D00699_06_fill_holes_and_orientation.obj,0.3056255095115073,-0.4591772768295603,-0.020337458054726847,-0.6193714440885818,-0.006318999931751585,-0.8252300007301552,-0.08196813529765892
TruckNonContainer\D00731_06_fill_holes_and_orientation.obj,0.5194479532400837,-0.332348814005551,-0.020344298220102634,-0.21278116616423526,-0.31129042424890396,-0.44013604501034126,-0.08959896731188975
TruckNonContainer\D00737_06_fill_holes_and_orientation.obj,0.938746524901285,-0.3674728222116808,-0.020329601484248963,-0.5919700959497562,0.03210848199648986,-0.7896635763161237,-0.0991559170315649
TruckNonContainer\D00783_06_fill_holes_and_orientation.obj,0.1473966503373972,-0.26366515801503654,-0.0203503876725868,-0.03148093811575637,-0.2576826694462614,-0.2686448346256026,-0.0818475565271358
TruckNonContainer\D00879_06_fill_holes_and_orientation.obj,0.6560695511883237,-0.12919602955218792,-0.020348708663890946,-0.3240418335527826,0.47451421039301395,-0.49452817050170306,-0.09682203134238998
TruckNonContainer\D00943_06_fill_holes_and_orientation.obj,0.43645283391790546,0.008484154513190111,-0.02035109279481446,0.3308992116185033,-0.317591912734118,0.2598182090323195,-0.08834659172505188
Vase\m527_06_fill_holes_and_orientation.obj,0.151517181881414,3.815215271739562,-0.02035262286435466,1.2613958827169311,-0.13456524411345921,1.8369820669949442,-0.1040518877741536
Vase\m528_06_fill_holes_and_orientation.obj,-0.05041081008472154,-0.4795139623122468,-0.02034575369342555,-0.5591325394557052,-0.5584788743989773,-0.736790403680478,-0.09243774955368234
Vase\m529_06_fill_holes_and_orientation.obj,2.360526080719299,3.265877759429909,-0.020352038177262766,0.7874930796492943,-0.6956167894493935,1.0296514593098816,-0.10403303361898686
Vase\m531_06_fill_holes_and_orientation.obj,-0.1864783756938367,-0.32240277511361365,-0.02035161636032073,-0.49495789142435753,-0.4382351339991063,-0.6101763688229928,-0.1024870316638246
Vase\m532_06_fill_holes_and_orientation.obj,-0.43651043824932456,0.2939881649575776,-0.020352605949818494,0.978147396773413,-0.5335306500485172,1.2816185115597294,-0.08234578568715631
Vase\m533_06_fill_holes_and_orientation.obj,0.451029214254865,1.4566702312539712,-0.020352487470523598,0.7560726289477333,0.8164311714936249,0.9360280773964753,-0.09925328058509673
Vase\m534_06_fill_holes_and_orientation.obj,0.515999247491287,-0.07818141285148936,-0.02035018807469123,-0.4766010126081908,-0.2561491783833976,-0.6199456717417139,-0.0993085154269138
Vase\m535_06_fill_holes_and_orientation.obj,-0.037953816189749724,1.763251940012398,-0.020352608339895,0.9834764290602989,0.5259828095953601,0.9859564876561807,-0.09829577433249878
Vase\m536_06_fill_holes_and_orientation.obj,-0.2898423573593626,1.0538721230823156,-0.020352616579103797,1.545162386324091,-0.11903703629202177,1.4188222271754618,-0.10081911698490334
Vase\m537_06_fill_holes_and_orientation.obj,-0.1359494618676033,1.6035060405245103,-0.020352614300452064,1.4784274211046307,-0.19975794400446406,1.9392498669292064,-0.09742912564442992
Vase\m538_06_fill_holes_and_orientation.obj,1.1061511807865116,2.5788271291512617,-0.020352431010729602,0.5596010330031815,-0.6630011097846115,1.0156799589860779,-0.10318735790385797
Vase\m539_06_fill_holes_and_orientation.obj,0.10231803524585298,3.1729218164746333,-0.020352619919846982,1.3823976638723448,0.21906552687070782,1.604618104430187,-0.10006185800053562
Vase\m540_06_fill_holes_and_orientation.obj,0.4872567484363156,0.8812326003288862,-0.020352327366597877,-0.3237441222518392,0.47481059942197223,-0.21825070768843702,-0.10268183789029729
Vase\m542_06_fill_holes_and_orientation.obj,0.4505822261591118,0.5527827795696432,-0.020352170244350692,-0.2694713520898672,1.0545217671026714,-0.14156150065467676,-0.10086759107322062
Vase\m543_06_fill_holes_and_orientation.obj,1.7227694673425022,13.350617786444742,-0.02035261436532058,5.24850638905273,0.8510700284430255,5.5620957252513,-0.10404941608381615
Vase\m544_06_fill_holes_and_orientation.obj,0.5958578361175142,0.5150240590742586,-0.020351961779780752,0.008305200142312355,-0.28306903410039813,-0.12247786418675305,-0.10052875824817101
Vase\m545_06_fill_holes_and_orientation.obj,0.14034919774553806,0.07990132450380662,-0.020352042551658286,-0.5348273888466905,-0.6363776430965693,-0.29004988960886585,-0.10090664124873087
Vase\m546_06_fill_holes_and_orientation.obj,0.6187357438640774,0.5245584241709998,-0.02035194214402548,0.01778432796434855,0.08811312198982774,-0.14136804911173179,-0.10008931401784976
Vase\m547_06_fill_holes_and_orientation.obj,1.019447135190855,1.5170874774369485,-0.02035223265163829,0.08618052224307286,-0.3264706971233079,0.08992476509486717,-0.1040157760934939
Violin\D00108_06_fill_holes_and_orientation.obj,-0.6858764974998175,-0.5689459775806439,-0.020351942088961877,-0.39189619326379,-0.6955265840927534,-0.24802791555804107,0.4026506436823544
Violin\D00216_06_fill_holes_and_orientation.obj,-0.5921191768220762,-0.4763193736615252,-0.020352296239983608,0.13778579914859235,-0.6899467384606525,0.2950192249763438,-0.05981048450195617
Violin\D00250_06_fill_holes_and_orientation.obj,-0.5648179680397837,-0.5250286171091257,-0.020351731395242816,-0.05157049670341346,-0.7018280725779674,0.07209498122010541,-0.027087113104107306
Violin\D00324_06_fill_holes_and_orientation.obj,-0.595576392364279,-0.4050174723335636,-0.020352480534441227,0.6529037547188263,-0.6992378901944757,0.9695059416338969,0.05120178658883627
Violin\D00340_06_fill_holes_and_orientation.obj,-0.5342749758536224,-0.49578331069839604,-0.02035190900709211,0.35070296735725465,-0.6988255228498396,0.44845495801955176,0.04677378578829276
Violin\D00349_06_fill_holes_and_orientation.obj,-0.6321855235974146,-0.44114596459997185,-0.020352484507410975,0.29550729216235827,-0.6753076977260842,0.6403553061849854,0.05362683919942947
Violin\D00358_06_fill_holes_and_orientation.obj,-0.44706974821473117,-0.4635904199140623,-0.020351742378734217,0.6811148775962179,-0.6980394475991294,0.7934793672978928,0.006519569529347646
Violin\D00376_06_fill_holes_and_orientation.obj,-0.7209305759589504,-0.5192487170245728,-0.020352500153113517,0.4088936182396411,-0.6646248062041156,0.6680833606737648,0.23787483846920585
Violin\D00506_06_fill_holes_and_orientation.obj,-0.6717421785361127,-0.4782624739748507,-0.020352489075046182,0.5531764231288242,-0.6999981924861481,0.5748074750504631,0.03469575860489297
Violin\D00570_06_fill_holes_and_orientation.obj,-0.6380550416283213,-0.4804031777098703,-0.020352411420906196,0.501654505387569,-0.6901529221329705,0.6577157909463062,0.10560358885157575
Violin\D00598_06_fill_holes_and_orientation.obj,-0.7611608482283226,-0.6029996339192638,-0.02035176254724254,-0.543746819422953,-0.7006296299826211,-0.4104304858603464,0.16578991237977458
Violin\D00602_06_fill_holes_and_orientation.obj,-0.5447160444790702,-0.5701315981108086,-0.020349576336218582,-0.37985079402762223,-0.6054887516874503,-0.22872575049530924,-0.01956767884417827
Violin\D00620_06_fill_holes_and_orientation.obj,-0.6922619777414533,-0.4898058071921489,-0.020352505056379144,0.4301382966749582,-0.6650629465077893,0.7395637057919325,0.5777895043402795
Violin\D00675_06_fill_holes_and_orientation.obj,-0.41148895833214577,-0.6332000235348485,-0.01459345602497406,-0.9438410367607158,-0.6972018264303355,-1.1410145675359615,0.1409046848364171
Violin\D00701_06_fill_holes_and_orientation.obj,-0.6962786002291426,-0.6169471421005072,-0.02034489781611405,-0.6959249280131538,-0.6990703659607168,-0.759796807547008,0.2971376755082922
Violin\D00704_06_fill_holes_and_orientation.obj,-0.6378172152968132,-0.4740469343120428,-0.020352428416262152,0.2590793373789304,-0.6885292257134665,0.5503645143557678,-0.025132376326036387
Violin\D00743_06_fill_holes_and_orientation.obj,-0.48474170785590515,-0.48685822281854496,-0.020351707373940767,0.5995122100076467,-0.6632072934569295,0.4050429988083074,-0.05531367434259202
Violin\D00891_06_fill_holes_and_orientation.obj,-0.6510271019662952,-0.5125796015423962,-0.02035232556832828,0.2671770847645894,-0.6871632588843615,0.23419304446407155,0.08020954438888427
Violin\D00898_06_fill_holes_and_orientation.obj,-0.20651042937184727,-0.5350405238082945,-0.020343514995313935,-0.28742334353675103,-0.7011322026838946,-0.28961999729121035,-0.043274149037198055
Violin\D00993_06_fill_holes_and_orientation.obj,-0.5426504041007001,-0.5882452450994362,-0.020346687059286227,-0.6424083445555779,-0.6989930470835983,-0.6592915661151333,-0.07921222035127963
Wheel\m733_06_fill_holes_and_orientation.obj,0.5369852937985101,0.6066626458849067,-0.020352123302979645,0.054658849699191416,-0.7002816950355848,0.12073371452684446,-0.10100247700647477
Wheel\m734_06_fill_holes_and_orientation.obj,1.0369370000597522,0.4926290046155917,-0.020351119778819367,1.1847769023061516,-0.6776014910806205,0.5927089076448343,-0.09472004701460142
Wheel\m735_06_fill_holes_and_orientation.obj,-0.21828126518796756,-0.4394992694191875,-0.020350357911733324,-0.20910740871059436,-0.6817638239655383,-0.44238939724205223,-0.005037983280994774
Wheel\m736_06_fill_holes_and_orientation.obj,0.5559160010562233,0.5346526656292079,-0.02035203487880265,0.9305969477867418,-0.3353494815124949,0.2789018455002432,-0.09822772926716916
Wheel\m737_06_fill_holes_and_orientation.obj,3.5632877399923673,4.410923720340102,-0.020351721190905316,2.3737048453014604,0.6470641711640222,1.4606650794272635,-0.10156494717063978
Wheel\m738_06_fill_holes_and_orientation.obj,0.7559418302541588,3.1104956021710994,-0.020352552356044103,1.3781284838168173,-0.6156819569876643,1.8763852803440508,-0.10385084535586285
Wheel\m739_06_fill_holes_and_orientation.obj,0.6274878424403417,2.3690052292157224,-0.020352533115792628,1.207986475327695,-0.38172792130449207,1.1463027397057006,-0.10209495780606496
Wheel\m740_06_fill_holes_and_orientation.obj,2.3907268896337612,4.712515942700753,-0.020352310222256042,3.027478862173049,0.08245595748060547,2.0511257601630692,-0.09175748087502675
Wheel\m741_06_fill_holes_and_orientation.obj,1.6409401897169622,1.9144185576083996,-0.02035197095031958,0.11311744075242681,2.436596695608319,-0.2573171720553803,-0.10385542557845034
Wheel\m742_06_fill_holes_and_orientation.obj,0.1307501507834326,1.5787891458609373,-0.02035257820586951,3.150552713983028,-0.4959923352071477,2.1526233363615317,-0.08713062847262795
Wheel\m743_06_fill_holes_and_orientation.obj,0.058906443894181724,0.4382386627942852,-0.020352430796036183,3.303099984586398,-0.6427951098974611,2.0930545908784017,-0.0431994508207649
Wheel\m744_06_fill_holes_and_orientation.obj,0.8203090118103366,2.753162747940899,-0.020352520485290692,1.9427558287339295,0.2534079947911501,1.1771546783694433,-0.10203912244793353
Wheel\m745_06_fill_holes_and_orientation.obj,0.821461416991071,3.445943877448676,-0.020352557068187123,1.767308604861997,-0.07831576100924399,1.258988263471148,-0.10071099556532861
Wheel\m746_06_fill_holes_and_orientation.obj,0.5144383722270589,2.3477793283354127,-0.020352553496477292,0.5888124658517429,-0.4913403161004753,1.8139935753083163,-0.10339438887021658
Wheel\m747_06_fill_holes_and_orientation.obj,-0.004863260588113729,0.7025497062619783,-0.02035252948365332,2.4150331280984165,-0.5645870656913949,1.584950530897448,-0.08189867399490804
Wheel\m748_06_fill_holes_and_orientation.obj,0.1967006017970127,1.0981023556381828,-0.020352520053464822,0.613808306678946,-0.5919192887530316,0.591057404657841,-0.09561148302231857
Wheel\m749_06_fill_holes_and_orientation.obj,-0.05780940362554914,0.41502026074522597,-0.02035249068149073,2.2700715414430817,-0.6219576725138378,1.6105291237979502,-0.06253428725380117
WheelChair\D00004_06_fill_holes_and_orientation.obj,-0.5983747707433026,-0.4906291547825411,-0.020352248938445474,-0.7690130523947453,-0.35064573270257665,-0.8268994158970507,-0.10365829007657644
WheelChair\D00070_06_fill_holes_and_orientation.obj,-0.11087244435135299,0.07510944152772421,-0.020352371664164714,-0.15883587843330105,0.02659306876198591,-0.18776775993068165,-0.10312394448873169
WheelChair\D00088_06_fill_holes_and_orientation.obj,-0.13849836893466844,-0.23945873885750682,-0.020351864743554656,-0.5370185440216335,-0.3940345092459647,-0.5687777386327683,-0.10349710643415602
WheelChair\D00183_06_fill_holes_and_orientation.obj,-0.17060671522369275,-0.25408139206287167,-0.020351903683005525,-0.49233207775003723,-0.28062060299162184,-0.5284753338525655,-0.09966036735071576
WheelChair\D00203_06_fill_holes_and_orientation.obj,0.011879981880362593,-0.37942782922417506,-0.020349488664278322,-0.711715535415189,-0.589006944381541,-0.7872920036970575,-0.1037922732573738
WheelChair\D00274_06_fill_holes_and_orientation.obj,-0.14017838130658228,-0.28945240454611915,-0.020351631554041228,-0.523121380493598,-0.025055941153637854,-0.6560064723210491,-0.1029451615249714
WheelChair\D00290_06_fill_holes_and_orientation.obj,-0.33529629912850306,-0.24846616149639716,-0.0203523019495642,-0.5097303261771664,-0.49268050997053986,-0.5405982972104505,-0.10113396080514156
WheelChair\D00365_06_fill_holes_and_orientation.obj,-0.4983497632800207,-0.3690207156816181,-0.02035237552175846,-0.6637661532852536,-0.2617290240154984,-0.7121324968269548,-0.10095193869277647
WheelChair\D00394_06_fill_holes_and_orientation.obj,-0.35965715034704876,-0.2851709970760799,-0.020352277438670227,-0.5551848876051965,-0.38121246212369975,-0.5794462329825856,-0.10250012671720962
WheelChair\D00449_06_fill_holes_and_orientation.obj,0.39826625571759294,-0.4409648281300856,-0.020337104776508113,-0.7679889255195002,0.013977205312036113,-0.9400112495441729,-0.10212667994191284
WheelChair\D00453_06_fill_holes_and_orientation.obj,-0.11072509056026802,-0.24989878630367954,-0.02035173135032559,-0.591761698039096,-0.21902323088666145,-0.6603913739611352,-0.10280930400537464
WheelChair\D00499_06_fill_holes_and_orientation.obj,-0.24830292055703804,-0.3232425896558137,-0.020351851240835092,-0.5391322942583312,-0.49360833649597113,-0.6212640081825241,-0.10307344969070835
WheelChair\D00526_06_fill_holes_and_orientation.obj,-0.295614684591894,-0.4847669199389488,-0.02034993117969147,-0.8392907820954316,-0.27232171018082973,-0.9908782580307595,-0.10313968766873623
WheelChair\D00604_06_fill_holes_and_orientation.obj,-0.1704145730462598,-0.2013871462777731,-0.02035207083383351,-0.44020282895485735,-0.2499378952548209,-0.4580124005528491,-0.10341152850779009
WheelChair\D00628_06_fill_holes_and_orientation.obj,-0.4737067452274826,-0.5653067812311106,-0.02034813657520331,-0.8995296867283081,-0.3178754152835575,-1.0757282542280133,-0.10344165164038192
WheelChair\D00687_06_fill_holes_and_orientation.obj,-0.0765425940994675,-0.27777733571435825,-0.02035144408878247,-0.3743848145423024,-0.31871303645234855,-0.4692110954277748,-0.10048536441710618
WheelChair\D00720_06_fill_holes_and_orientation.obj,-0.2477314207472375,-0.15987396077020002,-0.020352298387444644,-0.2836126388846762,-0.5206312840491307,-0.30498148277543347,-0.1013759514735647
WheelChair\D00782_06_fill_holes_and_orientation.obj,-0.06803145704175528,-0.23756503939960483,-0.020351643573945942,-0.7025162562160395,1.3679467219848558,-0.7573428389003912,-0.10423338690722514
WheelChair\D00821_06_fill_holes_and_orientation.obj,-0.07654483351878491,-0.27777733571435825,-0.02035144407759219,-0.3743848145423024,-0.31873880941138616,-0.4692146778637552,-0.1004853636259121
WheelChair\D00846_06_fill_holes_and_orientation.obj,-0.35357578324871614,-0.45425365823901515,-0.020351244585872594,-0.7856372514394216,-0.3699496790233362,-0.9232776910794328,-0.10229980349434675
