class,shape_file,num_vertices,num_faces,face_types,bounding_box
AircraftBuoyant,m1337.obj,8700,16971,triangle,"{""min"": [0.025, 0.025, 0.025], ""max"": [0.889234, 0.975, 0.889234]}"
AircraftBuoyant,m1338.obj,8761,16960,triangle,"{""min"": [0.025, 0.025, 0.025], ""max"": [0.933058, 0.975, 0.937901]}"
AircraftBuoyant,m1339.obj,6294,11160,triangle,"{""min"": [0.025, 0.025, 0.025], ""max"": [0.607072, 0.975, 0.626812]}"
AircraftBuoyant,m1340.obj,9198,18145,triangle,"{""min"": [0.025, 0.025, 0.025], ""max"": [0.367686, 0.975, 0.367689]}"
AircraftBuoyant,m1341.obj,6622,13184,triangle,"{""min"": [0.025, 0.025, 0.025], ""max"": [0.379575, 0.975, 0.379575]}"
AircraftBuoyant,m1342.obj,7966,15685,triangle,"{""min"": [0.025, 0.025, 0.025], ""max"": [0.611587, 0.975, 0.60936]}"
AircraftBuoyant,m1343.obj,8592,17172,triangle,"{""min"": [0.025, 0.025, 0.025], ""max"": [0.710921, 0.975, 0.710921]}"
AircraftBuoyant,m1344.obj,8713,16719,triangle,"{""min"": [0.025, 0.0218385, 0.025], ""max"": [0.674099, 0.975, 0.6741]}"
AircraftBuoyant,m1345.obj,9707,18720,triangle,"{""min"": [0.025, 0.025, 0.025], ""max"": [0.601277, 0.975, 0.601277]}"
AircraftBuoyant,m1346.obj,8694,17146,triangle,"{""min"": [0.025, 0.025, 0.025], ""max"": [0.322079, 0.354725, 0.975]}"
AircraftBuoyant,m1347.obj,9466,18850,triangle,"{""min"": [0.025, 0.025, 0.025], ""max"": [0.312086, 0.419881, 0.975]}"
AircraftBuoyant,m1348.obj,8737,17247,triangle,"{""min"": [0.025, 0.025, 0.025], ""max"": [0.321693, 0.354958, 0.975]}"
AircraftBuoyant,m1349.obj,5475,10240,triangle,"{""min"": [0.025, 0.025, 0.025], ""max"": [0.975, 0.385203, 0.273648]}"
AircraftBuoyant,m1350.obj,8809,17262,triangle,"{""min"": [0.025, 0.025, 0.025], ""max"": [0.975, 0.291317, 0.305022]}"
AircraftBuoyant,m1351.obj,8111,14882,triangle,"{""min"": [0.025, 0.025, 0.025], ""max"": [0.2083, 0.219243, 0.975]}"
AircraftBuoyant,m1352.obj,9981,19804,triangle,"{""min"": [0.02527, 0.025, 0.025], ""max"": [0.975, 0.376642, 0.332621]}"
Apartment,D00045.obj,9421,11476,triangle,"{""min"": [-0.613186, -0.700915, -0.532017], ""max"": [0.829027, 0.770415, 0.354253]}"
Apartment,D00086.obj,7886,15311,triangle,"{""min"": [-0.920883, -0.343487, -0.415469], ""max"": [0.863162, 1.32482, 0.293879]}"
Apartment,D00138.obj,8382,16474,triangle,"{""min"": [-0.782682, -0.514535, -0.317783], ""max"": [0.776339, 0.633157, 0.198885]}"
Apartment,D00156.obj,9628,14992,triangle,"{""min"": [-0.81948, -0.742071, -0.667138], ""max"": [0.881168, 0.842832, 0.566733]}"
Apartment,D00310.obj,5934,9026,triangle,"{""min"": [-0.744656, -0.389316, -0.368775], ""max"": [1.03298, 0.494357, 0.339434]}"
Apartment,D00348.obj,6880,12032,triangle,"{""min"": [-0.94171, -0.40949, -0.813025], ""max"": [0.725458, 0.566411, 0.205192]}"
Apartment,D00366.obj,5143,10156,triangle,"{""min"": [-0.895467, -0.856715, -0.663917], ""max"": [0.745644, 0.59104, 0.529402]}"
Apartment,D00478.obj,9691,13230,triangle,"{""min"": [-0.780623, -0.760414, -0.478043], ""max"": [0.910492, 0.404719, 0.451362]}"
Apartment,D00496.obj,5610,10140,triangle,"{""min"": [-0.643419, -0.704659, -0.341188], ""max"": [1.15353, 0.878216, 0.259608]}"
Apartment,D00626.obj,8091,16170,triangle,"{""min"": [-0.885934, -0.596575, -0.511616], ""max"": [0.906987, 0.330015, 0.381974]}"
Apartment,D00639.obj,9046,17428,triangle,"{""min"": [-0.542818, -0.544259, -0.687879], ""max"": [1.14108, 0.500059, 0.449116]}"
Apartment,D00651.obj,9635,14997,triangle,"{""min"": [-0.948858, -0.950931, -0.556634], ""max"": [0.916559, 0.904251, 0.661818]}"
Apartment,D00681.obj,8533,9413,triangle,"{""min"": [-0.681671, -0.790363, -0.471744], ""max"": [1.09453, 0.587597, 0.656092]}"
Apartment,D00780.obj,8240,13323,triangle,"{""min"": [-0.977731, -0.618236, -0.189083], ""max"": [0.789199, 0.449639, 0.33395]}"
Apartment,D00792.obj,7787,14451,triangle,"{""min"": [-0.795163, -0.965409, -0.669296], ""max"": [1.10354, 0.963376, 0.859246]}"
Apartment,D00859.obj,9811,18755,triangle,"{""min"": [-0.824176, -0.692473, -0.33128], ""max"": [1.07379, 0.611025, 0.211846]}"
Apartment,D00860.obj,9691,13231,triangle,"{""min"": [-0.764923, -0.760034, -0.474753], ""max"": [0.927037, 0.399913, 0.451175]}"
Apartment,D00869.obj,9728,17285,triangle,"{""min"": [-0.984501, -0.521665, -0.380646], ""max"": [0.688371, 0.644863, 0.549795]}"
Apartment,D00921.obj,6688,7972,triangle,"{""min"": [-0.850705, -0.487423, -0.558467], ""max"": [0.822601, 0.545748, 0.554978]}"
Apartment,D00953.obj,9863,17169,triangle,"{""min"": [-0.949201, -0.826799, -0.444887], ""max"": [0.665321, 0.896079, 0.51871]}"
Apartment,m463.obj,7539,14620,triangle,"{""min"": [0.02438, 0.025, 0.025], ""max"": [0.785649, 0.975, 0.574765]}"
Apartment,m464.obj,8297,12794,triangle,"{""min"": [0.025, 0.025, 0.025], ""max"": [0.347449, 0.975, 0.296305]}"
Apartment,m465.obj,8906,17452,triangle,"{""min"": [0.025, 0.025, 0.025], ""max"": [0.217023, 0.975, 0.251578]}"
AquaticAnimal,m53.obj,7884,14822,triangle,"{""min"": [0.025, 0.025015, 0.025], ""max"": [0.163371, 0.348731, 0.974969]}"
AquaticAnimal,m54.obj,9953,18468,triangle,"{""min"": [0.025, 0.025, 0.025115], ""max"": [0.254899, 0.371143, 0.975]}"
AquaticAnimal,m55.obj,9605,18134,triangle,"{""min"": [0.025, 0.0250165, 0.0251448], ""max"": [0.18151, 0.380118, 0.974998]}"
AquaticAnimal,m56.obj,5814,10893,triangle,"{""min"": [0.025, 0.025, 0.025], ""max"": [0.168956, 0.367452, 0.975]}"
AquaticAnimal,m57.obj,8118,15433,triangle,"{""min"": [0.025, 0.0250175, 0.025], ""max"": [0.143963, 0.389432, 0.974973]}"
AquaticAnimal,m58.obj,7602,15200,triangle,"{""min"": [0.025, 0.025, 0.025], ""max"": [0.537049, 0.500211, 0.975]}"
AquaticAnimal,m59.obj,8320,16572,triangle,"{""min"": [0.025, 0.031422, 0.025], ""max"": [0.225, 0.225, 0.975]}"
AquaticAnimal,m60.obj,6418,12832,triangle,"{""min"": [0.025, 0.025, 0.025], ""max"": [0.348674, 0.407675, 0.975]}"
AquaticAnimal,m61.obj,8663,16822,triangle,"{""min"": [0.025, 0.025, 0.025], ""max"": [0.18743, 0.443396, 0.975]}"
AquaticAnimal,m62.obj,8353,16702,triangle,"{""min"": [0.025, 0.025, 0.025], ""max"": [0.131276, 0.749178, 0.974253]}"
AquaticAnimal,m63.obj,8149,15653,triangle,"{""min"": [0.025, 0.025, 0.025], ""max"": [0.975, 0.724541, 0.777238]}"
AquaticAnimal,m64.obj,9985,19712,triangle,"{""min"": [0.025, 0.025, 0.025], ""max"": [0.975, 0.545087, 0.1789]}"
AquaticAnimal,m65.obj,8526,16859,triangle,"{""min"": [0.025, 0.025, 0.025], ""max"": [0.399816, 0.604595, 0.975]}"
AquaticAnimal,m66.obj,8855,17508,triangle,"{""min"": [0.025, 0.025, 0.025], ""max"": [0.445705, 0.547553, 0.975]}"
AquaticAnimal,m67.obj,9800,19596,triangle,"{""min"": [0.02501, 0.025, 0.0250015], ""max"": [0.975, 0.2497, 0.388988]}"
AquaticAnimal,m68.obj,8788,17568,triangle,"{""min"": [0.025, 0.025, 0.025], ""max"": [0.975, 0.278519, 0.18743]}"
AquaticAnimal,m69.obj,9869,19568,triangle,"{""min"": [0.025, 0.025, 0.025], ""max"": [0.357325, 0.264776, 0.975]}"
AquaticAnimal,m70.obj,9904,19568,triangle,"{""min"": [0.025, 0.025, 0.025], ""max"": [0.454415, 0.266076, 0.972485]}"
AquaticAnimal,m71.obj,6690,13376,triangle,"{""min"": [0.025, 0.025, 0.025], ""max"": [0.32599, 0.371535, 0.975]}"
AquaticAnimal,m72.obj,8087,16080,triangle,"{""min"": [0.027751, 0.025, 0.025001], ""max"": [0.453623, 0.262828, 0.972701]}"
AquaticAnimal,m73.obj,9837,19637,triangle,"{""min"": [0.025, 0.0338464, 0.0333393], ""max"": [0.974973, 0.610865, 0.364881]}"
AquaticAnimal,m74.obj,7853,15574,triangle,"{""min"": [0.025, 0.0299342, 0.0258022], ""max"": [0.352969, 0.321596, 0.975]}"
AquaticAnimal,m75.obj,9081,17889,triangle,"{""min"": [0.025, 0.025, 0.025], ""max"": [0.538384, 0.299311, 0.975]}"
AquaticAnimal,m76.obj,6325,12648,triangle,"{""min"": [0.025, 0.025, 0.025], ""max"": [0.39593, 0.353755, 0.975]}"
AquaticAnimal,m77.obj,9045,17954,triangle,"{""min"": [0.025, 0.025, 0.025], ""max"": [0.975, 0.407994, 0.611203]}"
AquaticAnimal,m78.obj,6231,11680,triangle,"{""min"": [0.025, 0.025, 0.025], ""max"": [0.975, 0.51665, 0.428181]}"
AquaticAnimal,m79.obj,7550,14464,triangle,"{""min"": [0.025, 0.025, 0.025], ""max"": [0.975, 0.256171, 0.300958]}"
AquaticAnimal,m80.obj,9237,18169,triangle,"{""min"": [0.025, 0.025, 0.0264994], ""max"": [0.970913, 0.307107, 0.415316]}"
AquaticAnimal,m81.obj,7808,15446,triangle,"{""min"": [0.025, 0.025, 0.025], ""max"": [0.4145, 0.291, 0.975]}"
Bed,D00031.obj,7368,14352,triangle,"{""min"": [-0.669666, -0.708463, -0.267503], ""max"": [0.930426, 0.726534, 0.312193]}"
Bed,D00110.obj,7455,14576,triangle,"{""min"": [-0.8889, -0.718484, -0.220014], ""max"": [0.75223, 0.524562, 0.339705]}"
Bed,D00121.obj,9676,19196,triangle,"{""min"": [-0.912283, -0.599669, -0.482021], ""max"": [0.78579, 0.858504, 0.463209]}"
Bed,D00184.obj,7218,14202,triangle,"{""min"": [-0.937684, -0.891329, -0.466361], ""max"": [0.750002, 0.664602, 0.341943]}"
Bed,D00210.obj,9521,18697,triangle,"{""min"": [-0.667887, -0.532688, -0.412555], ""max"": [0.81694, 0.866731, 0.546372]}"
Bed,D00213.obj,9074,18056,triangle,"{""min"": [-0.955079, -0.365319, -0.375599], ""max"": [0.747501, 0.50444, 0.275625]}"
Bed,D00217.obj,9926,19568,triangle,"{""min"": [-0.842601, -0.54509, -0.3038], ""max"": [0.881592, 0.411619, 0.422525]}"
Bed,D00307.obj,8208,16127,triangle,"{""min"": [-0.820216, -0.833938, -0.213808], ""max"": [0.991699, 0.871742, 0.392634]}"
Bed,D00322.obj,7442,14796,triangle,"{""min"": [-0.94314, -0.415536, -0.520955], ""max"": [0.864001, 0.599245, 0.520602]}"
Bed,D00417.obj,9552,19032,triangle,"{""min"": [-0.799888, -0.509407, -0.374753], ""max"": [0.796046, 0.668083, 0.302302]}"
Bed,D00538.obj,7136,13868,triangle,"{""min"": [-0.838246, -0.479658, -0.325735], ""max"": [0.8386, 0.702627, 0.411787]}"
Bed,D00545.obj,6544,12944,triangle,"{""min"": [-0.832734, -0.47967, -0.39825], ""max"": [0.876784, 0.747412, 0.346334]}"
Bed,D00552.obj,6349,12248,triangle,"{""min"": [-1.05698, -0.719045, -0.464456], ""max"": [0.489625, 0.71651, 0.232915]}"
Bed,D00565.obj,8014,15787,triangle,"{""min"": [-1.08588, -0.605613, -0.375019], ""max"": [0.602982, 0.718594, 0.180431]}"
Bed,D00650.obj,8159,16233,triangle,"{""min"": [-0.863733, -0.550605, -0.421559], ""max"": [0.833154, 0.377532, 0.282019]}"
Bed,D00735.obj,5985,10944,triangle,"{""min"": [-0.644923, -0.684425, -0.312594], ""max"": [1.11344, 0.73777, 0.476146]}"
Bed,D00836.obj,6343,12488,triangle,"{""min"": [-0.795864, -0.365307, -0.304602], ""max"": [0.919097, 0.512459, 0.597853]}"
Bed,D00839.obj,8944,17824,triangle,"{""min"": [-0.800648, -0.877287, -0.351917], ""max"": [0.864395, 0.569772, 0.290771]}"
Bed,D00969.obj,9744,18656,triangle,"{""min"": [-0.906979, -0.928304, -0.466518], ""max"": [0.798208, 0.569391, 0.379395]}"
Bed,D00988.obj,5024,9984,triangle,"{""min"": [-0.867888, -0.78697, -0.517681], ""max"": [0.815509, 0.439892, 0.208921]}"
Bed,m945.obj,8112,15657,triangle,"{""min"": [0.025, 0.025, 0.025], ""max"": [0.740004, 0.813378, 0.975]}"
Bed,m946.obj,5651,10304,triangle,"{""min"": [0.025, 0.025, 0.025], ""max"": [0.494149, 0.494147, 0.975]}"
Bed,m947.obj,5061,8960,triangle,"{""min"": [0.025, 0.025, 0.025], ""max"": [0.721994, 0.445454, 0.975]}"
Bed,m948.obj,9947,19738,triangle,"{""min"": [0.025, 0.024558, 0.025], ""max"": [0.975, 0.893382, 0.961408]}"
Bed,m949.obj,8673,17322,triangle,"{""min"": [0.0238833, 0.025, 0.024713], ""max"": [0.959514, 0.975, 0.489954]}"
Bed,m950.obj,6032,11520,triangle,"{""min"": [0.025, 0.025, 0.025], ""max"": [0.769384, 0.889227, 0.975]}"
Bed,m951.obj,8212,15587,triangle,"{""min"": [0.025, 0.025, 0.014355], ""max"": [0.804411, 0.536752, 0.975]}"
Bicycle,D00016.obj,8173,15411,triangle,"{""min"": [-0.914299, -0.44062, -0.209935], ""max"": [0.959955, 0.818183, 0.177847]}"
Bicycle,D00033.obj,8554,16124,triangle,"{""min"": [-1.0652, -0.389308, -0.281626], ""max"": [0.878724, 0.704617, 0.310015]}"
Bicycle,D00040.obj,9825,18593,triangle,"{""min"": [-0.94097, -0.458162, -0.31764], ""max"": [0.963824, 0.744808, 0.315601]}"
Bicycle,D00077.obj,8970,17525,triangle,"{""min"": [-0.846692, -0.658064, -0.363555], ""max"": [1.04491, 0.486785, 0.288896]}"
Bicycle,D00078.obj,8904,17034,triangle,"{""min"": [-1.01698, -0.596377, -0.365096], ""max"": [0.86983, 0.758111, 0.358414]}"
Bicycle,D00462.obj,8314,14608,triangle,"{""min"": [-0.981278, -0.593387, -0.276253], ""max"": [0.933426, 0.611169, 0.236936]}"
Bicycle,D00514.obj,6951,12939,triangle,"{""min"": [-1.00041, -0.554131, -0.218428], ""max"": [0.867701, 0.697751, 0.17829]}"
Bicycle,D00536.obj,8235,15646,triangle,"{""min"": [-0.885594, -0.551904, -0.459872], ""max"": [1.02254, 0.679122, 0.437119]}"
Bicycle,D00555.obj,9989,17241,triangle,"{""min"": [-0.953013, -0.49476, -0.333223], ""max"": [0.97346, 0.757895, 0.354471]}"
Bicycle,D00558.obj,9772,18406,triangle,"{""min"": [-1.01428, -0.539415, -0.283491], ""max"": [0.938784, 0.584583, 0.23671]}"
Bicycle,D00567.obj,7306,14656,triangle,"{""min"": [-0.923799, -0.503743, -0.288646], ""max"": [0.991099, 0.689679, 0.266948]}"
Bicycle,D00621.obj,8173,15411,triangle,"{""min"": [-0.914804, -0.720661, -0.212118], ""max"": [0.956869, 0.549773, 0.175426]}"
Bicycle,D00708.obj,8855,16857,triangle,"{""min"": [-0.993872, -0.56247, -0.307784], ""max"": [0.942018, 0.649391, 0.280629]}"
Bicycle,D00750.obj,8718,17097,triangle,"{""min"": [-0.811559, -0.818838, -0.167292], ""max"": [1.10338, 0.736372, 0.439656]}"
Bicycle,D00838.obj,9199,17550,triangle,"{""min"": [-0.942974, -0.638045, -0.298061], ""max"": [0.971944, 0.560247, 0.284137]}"
Bicycle,D00847.obj,8901,17030,triangle,"{""min"": [-0.932407, -0.589276, -0.361297], ""max"": [0.973915, 0.732026, 0.361904]}"
Bicycle,D00904.obj,5354,10548,triangle,"{""min"": [-0.959896, -0.599316, -0.196088], ""max"": [0.953013, 0.637406, 0.191298]}"
Bicycle,D00930.obj,8141,15224,triangle,"{""min"": [-0.737169, -0.51933, -0.34219], ""max"": [0.993368, 0.852751, 0.337073]}"
Bicycle,D00931.obj,9203,17046,triangle,"{""min"": [-0.920301, -0.400506, -0.43291], ""max"": [0.849829, 0.683783, 0.135606]}"
Bicycle,D00974.obj,6044,11946,triangle,"{""min"": [-0.843326, -0.583879, -0.210511], ""max"": [1.05063, 0.550897, 0.209059]}"
Bicycle,m1472.obj,7085,13440,triangle,"{""min"": [0.025, 0.025, 0.025], ""max"": [0.406458, 0.566816, 0.975]}"
Bicycle,m1473.obj,8556,16136,triangle,"{""min"": [0.025, 0.025, 0.025], ""max"": [0.975, 0.557643, 0.314071]}"
Bicycle,m1475.obj,6044,11948,triangle,"{""min"": [0.025, 0.025, 0.025], ""max"": [0.975, 0.513449, 0.232333]}"
Bicycle,m1476.obj,7306,14656,triangle,"{""min"": [0.025, 0.025, 0.025], ""max"": [0.299675, 0.574723, 0.975]}"
Bicycle,m1477.obj,8902,17025,triangle,"{""min"": [0.025, 0.025, 0.025], ""max"": [0.975, 0.615796, 0.376031]}"
Bicycle,m1478.obj,8173,15412,triangle,"{""min"": [0.025, 0.025, 0.025], ""max"": [0.975, 0.611666, 0.223576]}"
Biplane,D00069.obj,9855,19355,triangle,"{""min"": [-1.06342, -0.446879, -0.200048], ""max"": [0.905137, 0.55329, 0.199738]}"
Biplane,D00132.obj,9298,17372,triangle,"{""min"": [-0.948872, -0.416782, -0.129309], ""max"": [0.947322, 0.85261, 0.255501]}"
Biplane,D00178.obj,9435,16533,triangle,"{""min"": [-0.580523, -0.469202, -0.176893], ""max"": [0.487153, 0.591736, 0.125855]}"
Biplane,D00199.obj,8855,15012,triangle,"{""min"": [-1.01653, -0.38886, -0.234302], ""max"": [0.915606, 1.07596, 0.339116]}"
Biplane,D00246.obj,5020,9246,triangle,"{""min"": [-0.984595, -0.395955, -0.193048], ""max"": [0.998878, 0.632082, 0.139304]}"
Biplane,D00276.obj,7484,14656,triangle,"{""min"": [-1.08018, -0.864861, -0.468883], ""max"": [0.699036, 0.766394, 0.477538]}"
Biplane,D00277.obj,9606,15762,triangle,"{""min"": [-0.557817, -1.05515, -0.278621], ""max"": [0.804851, 0.813411, 0.268756]}"
Biplane,D00320.obj,9723,17379,triangle,"{""min"": [-0.990106, -0.75142, -0.152266], ""max"": [0.984606, 0.427939, 0.303238]}"
Biplane,D00373.obj,5940,11385,triangle,"{""min"": [-0.666583, -0.96762, -0.376918], ""max"": [0.863905, 0.930583, 0.245878]}"
Biplane,D00410.obj,8548,17016,triangle,"{""min"": [-1.1498, -0.571534, -0.231691], ""max"": [0.772427, 0.608046, 0.173266]}"
Biplane,D00490.obj,9070,17678,triangle,"{""min"": [-0.858495, -0.555024, -0.266257], ""max"": [0.970724, 0.710529, 0.214749]}"
Biplane,D00515.obj,5376,10513,triangle,"{""min"": [-0.890078, -0.889517, -0.31532], ""max"": [0.687934, 0.863811, 0.254273]}"
Biplane,D00601.obj,9781,19406,triangle,"{""min"": [-0.807423, -0.49454, -0.350623], ""max"": [0.820866, 0.784118, 0.447235]}"
Biplane,D00616.obj,9423,19500,triangle,"{""min"": [-1.03189, -0.595964, -0.192579], ""max"": [0.95107, 0.339843, 0.186078]}"
Biplane,D00632.obj,8634,16384,triangle,"{""min"": [-0.845186, -0.93675, -0.236713], ""max"": [0.628879, 0.935701, 0.317531]}"
Biplane,D00634.obj,7958,14436,triangle,"{""min"": [-0.957933, -0.737998, -0.336325], ""max"": [0.976742, 0.79603, 0.259276]}"
Biplane,D00666.obj,6634,12704,triangle,"{""min"": [-1.22452, -0.946743, -0.266142], ""max"": [0.693364, 0.962328, 0.179309]}"
Biplane,D00854.obj,8180,15775,triangle,"{""min"": [-0.967073, -0.953196, -0.191033], ""max"": [0.45412, 0.980111, 0.354826]}"
Biplane,D00890.obj,9810,18076,triangle,"{""min"": [-0.889169, -0.837059, -0.259336], ""max"": [0.882175, 0.766087, 0.321081]}"
Biplane,D00900.obj,8150,13315,triangle,"{""min"": [-1.17441, -0.897227, -0.179258], ""max"": [0.802918, 0.482675, 0.275993]}"
Biplane,m1118.obj,8308,15918,triangle,"{""min"": [0.025, 0.025, 0.025], ""max"": [0.975, 0.231623, 0.526884]}"
Biplane,m1119.obj,9860,19343,triangle,"{""min"": [0.025, 0.025, 0.025], ""max"": [0.975, 0.379325, 0.815271]}"
Biplane,m1120.obj,9280,17014,triangle,"{""min"": [0.025, 0.025, 0.025015], ""max"": [0.975, 0.370037, 0.887868]}"
Biplane,m1121.obj,8539,16439,triangle,"{""min"": [0.0257155, 0.025, 0.025], ""max"": [0.792248, 0.975, 0.328749]}"
Biplane,m1122.obj,6704,11497,triangle,"{""min"": [0.025, 0.025, 0.025], ""max"": [0.93572, 0.975, 0.304519]}"
Biplane,m1123.obj,7923,15340,triangle,"{""min"": [0.025, 0.024993, 0.025], ""max"": [0.697675, 0.975007, 0.317316]}"
Biplane,m1124.obj,8154,15589,triangle,"{""min"": [0.0250974, 0.025, 0.0319421], ""max"": [0.633082, 0.975, 0.240746]}"
Biplane,m1125.obj,5646,10464,triangle,"{""min"": [0.025, 0.025, 0.025], ""max"": [0.799669, 0.975, 0.274375]}"
Biplane,m1126.obj,8455,16422,triangle,"{""min"": [0.025, 0.025, 0.025], ""max"": [0.788134, 0.975, 0.236106]}"
Biplane,m1127.obj,9377,18169,triangle,"{""min"": [0.025, 0.025, 0.025], ""max"": [0.811053, 0.975, 0.219704]}"
Biplane,m1128.obj,7968,15375,triangle,"{""min"": [0.025, 0.025, 0.025], ""max"": [0.975, 0.967087, 0.241951]}"
Biplane,m1129.obj,7870,15245,triangle,"{""min"": [0.025, 0.025, 0.0248811], ""max"": [0.975, 0.346551, 0.699499]}"
Biplane,m1131.obj,6530,12288,triangle,"{""min"": [0.025, 0.025, 0.025], ""max"": [0.70586, 0.975, 0.196732]}"
Biplane,m1132.obj,9283,17820,triangle,"{""min"": [0.025, 0.0249767, 0.025], ""max"": [0.7227, 0.975023, 0.209765]}"
Biplane,m1133.obj,8634,16384,triangle,"{""min"": [0.025, 0.025, 0.025], ""max"": [0.769747, 0.975, 0.311217]}"
Biplane,m1134.obj,9240,17890,triangle,"{""min"": [0.025, 0.025, 0.025], ""max"": [0.542388, 0.975, 0.1732]}"
Biplane,m1135.obj,8672,16372,triangle,"{""min"": [0.025, 0.025, 0.025], ""max"": [0.545907, 0.975, 0.191232]}"
Biplane,m1136.obj,8128,15847,triangle,"{""min"": [0.025, 0.025, 0.02605], ""max"": [0.559108, 0.975, 0.233333]}"
Biplane,m1137.obj,9651,18309,triangle,"{""min"": [0.024975, 0.025, 0.0308645], ""max"": [0.461995, 0.975, 0.197352]}"
Biplane,m1138.obj,7555,13808,triangle,"{""min"": [0.052495, 0.025, 0.025], ""max"": [0.975, 0.907034, 0.377887]}"
Biplane,m1139.obj,7829,13210,triangle,"{""min"": [0.025, 0.0248953, 0.025], ""max"": [0.647434, 0.975095, 0.274384]}"
Biplane,m1141.obj,9224,18007,triangle,"{""min"": [0.025, 0.025, 0.025], ""max"": [0.975, 0.310844, 0.62003]}"
Biplane,m1143.obj,7897,15446,triangle,"{""min"": [0.0249715, 0.025, 0.025], ""max"": [0.504495, 0.975, 0.210388]}"
Biplane,m1144.obj,9788,18757,triangle,"{""min"": [0.0249886, 0.025, 0.025], ""max"": [0.975018, 0.716901, 0.291304]}"
Biplane,m1146.obj,6385,12060,triangle,"{""min"": [0.025, 0.025, 0.025], ""max"": [0.88836, 0.32216, 0.975]}"
Bird,D00089.obj,8073,16142,triangle,"{""min"": [-1.14688, -0.562623, -0.314817], ""max"": [0.76827, 0.507858, 0.152308]}"
Bird,D00113.obj,8674,17308,triangle,"{""min"": [-0.98969, -0.565778, -0.55773], ""max"": [0.729676, 0.957181, 0.602622]}"
Bird,D00164.obj,8182,16104,triangle,"{""min"": [-0.692378, -0.498351, -0.400888], ""max"": [1.18953, 0.598524, 0.105716]}"
Bird,D00234.obj,9699,19348,triangle,"{""min"": [-0.928219, -0.966801, -0.185647], ""max"": [0.947521, 0.625768, 0.25714]}"
Bird,D00271.obj,9976,19261,triangle,"{""min"": [-1.17434, -0.67701, -0.192772], ""max"": [0.735516, 0.633247, 0.20922]}"
Bird,D00284.obj,8061,16115,triangle,"{""min"": [-1.17688, -0.422644, -0.266891], ""max"": [0.723095, 0.608828, 0.202101]}"
Bird,D00323.obj,9396,18169,triangle,"{""min"": [-0.777682, -0.188336, -0.049014], ""max"": [1.19869, 0.343291, 0.043661]}"
Bird,D00386.obj,6998,13992,triangle,"{""min"": [-1.05762, -0.286252, -0.132731], ""max"": [0.810894, 0.353767, 0.073903]}"
Bird,D00438.obj,7344,14572,triangle,"{""min"": [-1.18694, -0.545674, -0.194944], ""max"": [0.786275, 0.371307, 0.064915]}"
Bird,D00442.obj,8996,17079,triangle,"{""min"": [-0.874312, -0.617021, -0.37487], ""max"": [0.911395, 0.504857, 0.525607]}"
Bird,D00546.obj,9096,17574,triangle,"{""min"": [-1.23614, -0.288082, -0.248996], ""max"": [0.715362, 0.408477, 0.150496]}"
Bird,D00599.obj,7195,14256,triangle,"{""min"": [-1.20739, -0.452237, -0.05299], ""max"": [0.749861, 0.290011, 0.157614]}"
Bird,D00625.obj,9808,17447,triangle,"{""min"": [-0.757887, -0.798587, -0.705727], ""max"": [1.14986, 0.63741, 0.286246]}"
Bird,D00689.obj,8376,16603,triangle,"{""min"": [-1.17526, -0.376146, -0.199], ""max"": [0.763433, 0.243356, 0.340449]}"
Bird,D00736.obj,8588,17077,triangle,"{""min"": [-1.17558, -0.462894, -0.198137], ""max"": [0.794703, 0.488719, 0.0836949]}"
Bird,D00762.obj,8283,16562,triangle,"{""min"": [-1.0453, -0.723664, -0.386356], ""max"": [0.749594, 0.848577, 0.264739]}"
Bird,D00862.obj,9390,18769,triangle,"{""min"": [-0.750402, -0.536663, -0.404387], ""max"": [1.21746, 0.40716, 0.099096]}"
Bird,D00922.obj,7841,15670,triangle,"{""min"": [-0.724867, -0.536531, -0.391794], ""max"": [1.03105, 0.78013, 0.502507]}"
Bird,D00961.obj,5404,10688,triangle,"{""min"": [-1.19013, -0.684328, -0.061147], ""max"": [0.793, 0.444631, 0.192211]}"
Bird,D00999.obj,5947,11872,triangle,"{""min"": [-1.23089, -0.317419, -0.093164], ""max"": [0.765237, 0.37941, 0.178191]}"
Bird,m28.obj,6057,11644,triangle,"{""min"": [0.025, 0.025, 0.025], ""max"": [0.468681, 0.578224, 0.975]}"
Bird,m29.obj,9228,18338,triangle,"{""min"": [0.025, 0.025, 0.025], ""max"": [0.346738, 0.914682, 0.975]}"
Bird,m30.obj,6135,11936,triangle,"{""min"": [0.025, 0.025, 0.025], ""max"": [0.35945, 0.524749, 0.975]}"
Bird,m31.obj,7152,14192,triangle,"{""min"": [0.025, 0.025, 0.025], ""max"": [0.500847, 0.975, 0.514588]}"
Bird,m32.obj,9816,19620,triangle,"{""min"": [0.025, 0.0329601, 0.0388717], ""max"": [0.382772, 0.658333, 0.97242]}"
Bird,m33.obj,9677,19230,triangle,"{""min"": [0.0251664, 0.025, 0.025], ""max"": [0.541418, 0.692456, 0.975]}"
Bird,m34.obj,8073,16142,triangle,"{""min"": [0.0410619, 0.025, 0.025], ""max"": [0.967843, 0.255602, 0.544293]}"
Bird,m35.obj,8700,17396,triangle,"{""min"": [0.025, 0.025, 0.025], ""max"": [0.792373, 0.63608, 0.975]}"
Bird,m36.obj,5048,10012,triangle,"{""min"": [0.025, 0.025, 0.025], ""max"": [0.944541, 0.808922, 0.975]}"
Bird,m37.obj,9042,18080,triangle,"{""min"": [0.025, 0.025, 0.025], ""max"": [0.975, 0.437258, 0.746203]}"
Bird,m38.obj,7397,14784,triangle,"{""min"": [0.025, 0.025, 0.025], ""max"": [0.975, 0.260681, 0.292609]}"
Bird,m39.obj,9517,18496,triangle,"{""min"": [0.0249703, 0.025, 0.025], ""max"": [0.883574, 0.975, 0.259557]}"
Bird,m40.obj,8379,16610,triangle,"{""min"": [0.025, 0.025198, 0.025], ""max"": [0.975, 0.284845, 0.347879]}"
Bird,m41.obj,7344,14572,triangle,"{""min"": [0.025, 0.025, 0.025], ""max"": [0.975, 0.147249, 0.467716]}"
Bird,m42.obj,6685,13440,triangle,"{""min"": [0.025, 0.025, 0.025], ""max"": [0.876652, 0.210109, 0.497043]}"
Bird,m43.obj,7076,13824,triangle,"{""min"": [0.025, 0.025, 0.025], ""max"": [0.927106, 0.606166, 0.975]}"
Bird,m44.obj,6386,12768,triangle,"{""min"": [0.025, 0.025, 0.025], ""max"": [0.975, 0.458833, 0.2663]}"
Bird,m45.obj,9034,18056,triangle,"{""min"": [0.025, 0.025, 0.025035], ""max"": [0.975, 0.290348, 0.486435]}"
Bird,m47.obj,5393,10560,triangle,"{""min"": [0.025, 0.025, 0.025], ""max"": [0.695803, 0.148154, 0.975]}"
Bird,m48.obj,6637,13136,triangle,"{""min"": [0.025, 0.025, 0.025], ""max"": [0.488025, 0.456093, 0.975]}"
Bird,m49.obj,8993,17388,triangle,"{""min"": [0.025, 0.025, 0.025], ""max"": [0.975, 0.800992, 0.691101]}"
Bird,m50.obj,5826,11648,triangle,"{""min"": [0.025, 0.025, 0.025], ""max"": [0.406048, 0.564283, 0.975]}"
Bird,m51.obj,8159,16298,triangle,"{""min"": [0.025, 0.025, 0.025], ""max"": [0.975, 0.479684, 0.551688]}"
Bird,m52.obj,9798,19568,triangle,"{""min"": [0.025, 0.025, 0.025], ""max"": [0.975, 0.620667, 0.909953]}"
Bookset,D01009.obj,7515,14096,triangle,"{""min"": [0.0, -0.00586773, 0.0], ""max"": [0.429226, 0.262199, 0.275698]}"
Bookset,D01013.obj,7877,13578,triangle,"{""min"": [-0.0508528, 0.207686, -0.000172107], ""max"": [0.215194, 0.665613, 0.2798]}"
Bookset,D01030.obj,9432,18670,triangle,"{""min"": [0.0, 0.0, -0.0067104], ""max"": [0.421721, 0.306934, 0.347472]}"
Bookset,D01038.obj,8867,17300,triangle,"{""min"": [4.96971, 3.42497, 0.373339], ""max"": [5.19432, 4.39234, 0.73787]}"
Bookset,D01042.obj,7230,12272,triangle,"{""min"": [-1.91085, 0.678389, -0.057402], ""max"": [-1.67317, 0.885973, 0.226905]}"
Bookset,D01050.obj,8225,16320,triangle,"{""min"": [0.0, 0.0, -0.000789694], ""max"": [0.275274, 0.28956, 0.318973]}"
Bookset,D01065.obj,8855,15274,triangle,"{""min"": [3.38712, 0.448195, -0.00067951], ""max"": [3.88854, 0.714241, 0.2794]}"
Bookset,D01078.obj,9974,19234,triangle,"{""min"": [0.273999, 0.229734, 0.0], ""max"": [0.580868, 0.351777, 0.173299]}"
Bookset,D01096.obj,7416,13312,triangle,"{""min"": [0.0, 0.0, -0.00200091], ""max"": [0.534848, 0.29726, 0.300599]}"
Bookset,D01108.obj,6420,12464,triangle,"{""min"": [0.151578, 0.0541435, 1.61441], ""max"": [0.342965, 0.453997, 1.89349]}"
Bookset,D01109.obj,9971,19235,triangle,"{""min"": [-0.00159363, 0.0, 0.0], ""max"": [0.21717, 0.306869, 0.269391]}"
Bookset,D01110.obj,9659,19072,triangle,"{""min"": [0.0, 0.0, -0.00220149], ""max"": [0.268736, 0.29025, 0.347472]}"
Bookset,D01122.obj,6373,12544,triangle,"{""min"": [0.0, -0.020638, -0.000363786], ""max"": [0.198004, 0.105497, 0.145403]}"
Bookset,D01135.obj,6648,12840,triangle,"{""min"": [-0.321083, -0.215404, -0.009347], ""max"": [10.1815, 4.38127, 5.03626]}"
Bookset,D01146.obj,6896,9392,triangle,"{""min"": [2.26339, 2.04349, 0.0], ""max"": [2.53892, 2.3333, 0.318973]}"
Bookset,D01182.obj,8157,15973,triangle,"{""min"": [-0.108086, 0.0118123, -0.000736031], ""max"": [0.072563, 0.246285, 0.241909]}"
Bookset,D01183.obj,9792,17152,triangle,"{""min"": [1.03899, -0.276189, -8.1e-05], ""max"": [3.02437, 0.965678, 1.73271]}"
Bookset,D01184.obj,8117,15933,triangle,"{""min"": [-0.0083262, -0.0, -8.7237e-09], ""max"": [0.191003, 0.230709, 0.326645]}"
Bookset,D01190.obj,9505,18448,triangle,"{""min"": [-0.0237999, -2.41124, 0.0385502], ""max"": [0.189845, -1.67663, 0.320322]}"
Bookset,D01199.obj,9571,18591,triangle,"{""min"": [0.0, -0.000511584, -0.233235], ""max"": [13.5218, 7.62756, 7.40651]}"
Bottle,D00020.obj,9578,19152,triangle,"{""min"": [-0.790026, -0.227356, -0.243227], ""max"": [0.882518, 0.221754, 0.192811]}"
Bottle,D00123.obj,9107,17854,triangle,"{""min"": [-0.785998, -0.272641, -0.188644], ""max"": [0.781472, 0.122641, 0.175108]}"
Bottle,D00139.obj,9729,19360,triangle,"{""min"": [-0.918061, -0.211906, -0.194712], ""max"": [0.728216, 0.193114, 0.203996]}"
Bottle,D00166.obj,8903,17554,triangle,"{""min"": [-0.815223, -0.387161, -0.272584], ""max"": [0.919426, 0.446171, 0.283883]}"
Bottle,D00176.obj,7138,14272,triangle,"{""min"": [-0.718902, -0.22924, -0.268809], ""max"": [0.987358, 0.32021, 0.262583]}"
Bottle,D00208.obj,7284,14560,triangle,"{""min"": [-0.951203, -0.268748, -0.243702], ""max"": [0.75863, 0.267936, 0.250368]}"
Bottle,D00281.obj,9926,19755,triangle,"{""min"": [-0.803887, -0.328824, -0.284716], ""max"": [0.904402, 0.192929, 0.233906]}"
Bottle,D00311.obj,9039,18070,triangle,"{""min"": [-0.831219, -0.338461, -0.336791], ""max"": [0.878387, 0.349036, 0.344165]}"
Bottle,D00347.obj,8624,17184,triangle,"{""min"": [-1.01519, -0.171, -0.213249], ""max"": [0.565986, 0.262845, 0.218416]}"
Bottle,D00350.obj,7471,14736,triangle,"{""min"": [-0.894669, -0.219912, -0.214901], ""max"": [0.867081, 0.226588, 0.262761]}"
Bottle,D00390.obj,5504,10968,triangle,"{""min"": [-0.598016, -0.500791, -0.411989], ""max"": [0.998903, 0.328432, 0.406055]}"
Bottle,D00451.obj,9202,18236,triangle,"{""min"": [-0.608839, -0.461541, -0.356345], ""max"": [0.952938, 0.284476, 0.333426]}"
Bottle,D00679.obj,9235,17978,triangle,"{""min"": [-0.906925, -0.229951, -0.271177], ""max"": [0.809482, 0.305606, 0.25847]}"
Bottle,D00696.obj,7969,15725,triangle,"{""min"": [-1.04423, -0.155084, -0.20046], ""max"": [0.652992, 0.302001, 0.209835]}"
Bottle,D00711.obj,8435,16773,triangle,"{""min"": [-0.859195, -0.381496, -0.401455], ""max"": [1.04485, 0.461388, 0.427899]}"
Bottle,D00716.obj,6787,13408,triangle,"{""min"": [-0.881118, -0.445327, -0.163849], ""max"": [0.954585, 0.519924, 0.155909]}"
Bottle,D00726.obj,9294,18390,triangle,"{""min"": [-1.36136, -0.332344, -0.318716], ""max"": [0.600657, 0.276589, 0.290957]}"
Bottle,D00892.obj,9884,19760,triangle,"{""min"": [-0.674448, -0.151915, -0.214476], ""max"": [1.01623, 0.287525, 0.213408]}"
Bottle,D00940.obj,9949,19872,triangle,"{""min"": [-1.07424, -0.303107, -0.398902], ""max"": [0.731591, 0.475795, 0.372505]}"
Bottle,D00959.obj,7259,14272,triangle,"{""min"": [-0.808843, -0.275198, -0.198302], ""max"": [0.700181, 0.10899, 0.186067]}"
Bottle,m482.obj,7946,15200,triangle,"{""min"": [0.0055597, 0.025, 0.00286025], ""max"": [0.305676, 0.975, 0.292987]}"
Bottle,m483.obj,5189,9920,triangle,"{""min"": [0.025, 0.025, 0.025], ""max"": [0.261391, 0.975, 0.261391]}"
Bottle,m484.obj,7174,14208,triangle,"{""min"": [0.025, 0.025, 0.025], ""max"": [0.288882, 0.975, 0.28906]}"
Bottle,m485.obj,7790,14976,triangle,"{""min"": [0.00286016, 0.025, 0.00963898], ""max"": [0.312983, 0.975, 0.312984]}"
Bottle,m486.obj,8094,15576,triangle,"{""min"": [0.025, 0.025, 0.025], ""max"": [0.301499, 0.975807, 0.302639]}"
Bottle,m487.obj,7721,15104,triangle,"{""min"": [0.025, 0.025, 0.025], ""max"": [0.313404, 0.975, 0.313404]}"
Bottle,m488.obj,9090,18176,triangle,"{""min"": [0.025, 0.025, 0.025], ""max"": [0.975, 0.375332, 0.375214]}"
Bottle,m489.obj,8553,16880,triangle,"{""min"": [0.025, 0.025, 0.025], ""max"": [0.343244, 0.975, 0.328845]}"
Bottle,m490.obj,8596,16960,triangle,"{""min"": [0.025, 0.025, 0.025], ""max"": [0.363345, 0.975, 0.363345]}"
Bottle,m491.obj,8152,15952,triangle,"{""min"": [0.025, 0.025, 0.025], ""max"": [0.549945, 0.975, 0.465025]}"
Bottle,m492.obj,5633,11264,triangle,"{""min"": [0.025, 0.025, 0.025], ""max"": [0.295008, 0.295005, 0.975]}"
BuildingNonResidential,m382.obj,7935,15575,triangle,"{""min"": [0.025, 0.025, 0.025], ""max"": [0.944817, 0.670641, 0.975]}"
BuildingNonResidential,m383.obj,9070,17840,triangle,"{""min"": [0.025, 0.025, 0.025], ""max"": [0.63328, 0.975, 0.588135]}"
BuildingNonResidential,m384.obj,8281,13653,triangle,"{""min"": [0.025, 0.0241982, 0.025], ""max"": [0.975, 0.289902, 0.871086]}"
BuildingNonResidential,m385.obj,8144,14688,triangle,"{""min"": [0.025, 0.0247326, 0.025], ""max"": [0.899, 0.975, 0.626562]}"
BuildingNonResidential,m386.obj,8044,16032,triangle,"{""min"": [0.025, 0.025, 0.025], ""max"": [0.950794, 0.975, 0.940744]}"
BuildingNonResidential,m387.obj,8096,15574,triangle,"{""min"": [0.025, 0.025, 0.0242228], ""max"": [0.975, 0.422906, 0.920374]}"
BuildingNonResidential,m389.obj,9579,18532,triangle,"{""min"": [0.025, 0.0170679, 0.025], ""max"": [0.74158, 0.975, 0.650205]}"
BuildingNonResidential,m390.obj,5860,11008,triangle,"{""min"": [0.025, 0.032235, 0.025], ""max"": [0.846817, 0.752337, 0.952219]}"
BuildingNonResidential,m391.obj,9444,17536,triangle,"{""min"": [0.025, 0.0249694, 0.025], ""max"": [0.608136, 0.804944, 0.975]}"
BuildingNonResidential,m392.obj,6872,13568,triangle,"{""min"": [0.025, 0.025, 0.025], ""max"": [0.816667, 0.975, 0.341667]}"
BuildingNonResidential,m393.obj,8513,16273,triangle,"{""min"": [0.025, 0.022273, 0.025], ""max"": [0.975, 0.635937, 0.847742]}"
BuildingNonResidential,m394.obj,9810,19152,triangle,"{""min"": [0.0249998, 0.025, 0.0249863], ""max"": [0.898437, 0.975, 0.898642]}"
BuildingNonResidential,m395.obj,6672,11136,triangle,"{""min"": [0.025, 0.025, 0.025], ""max"": [0.928504, 0.973995, 0.975]}"
BuildingNonResidential,m396.obj,9121,16423,triangle,"{""min"": [0.025, 0.025, 0.025], ""max"": [0.949627, 0.975, 0.825751]}"
BuildingNonResidential,m397.obj,5382,10720,triangle,"{""min"": [0.025, 0.0249966, 0.025], ""max"": [0.975, 0.927504, 0.974999]}"
BuildingNonResidential,m398.obj,7518,14976,triangle,"{""min"": [0.025, 0.025, 0.025], ""max"": [0.870248, 0.642704, 0.975]}"
BuildingNonResidential,m399.obj,7466,13448,triangle,"{""min"": [0.025, 0.025, 0.025], ""max"": [0.975, 0.607391, 0.971631]}"
BuildingNonResidential,m400.obj,6710,13184,triangle,"{""min"": [0.0249541, 0.00984163, 0.025], ""max"": [0.778493, 0.788603, 0.976283]}"
BuildingNonResidential,m401.obj,6891,13248,triangle,"{""min"": [0.025, 0.025, 0.025], ""max"": [0.975, 0.20617, 0.975]}"
BuildingNonResidential,m402.obj,8189,15407,triangle,"{""min"": [0.025, 0.025, 0.025], ""max"": [0.65003, 0.975, 0.665527]}"
BuildingNonResidential,m404.obj,8262,14982,triangle,"{""min"": [0.025, 0.0249265, 0.025], ""max"": [0.975, 0.427949, 0.745506]}"
BuildingNonResidential,m405.obj,8090,15913,triangle,"{""min"": [0.025, 0.025, 0.025], ""max"": [0.975, 0.869668, 0.944047]}"
BuildingNonResidential,m406.obj,7223,13545,triangle,"{""min"": [0.025, 0.025, 0.025], ""max"": [0.703779, 0.975, 0.678502]}"
BuildingNonResidential,m407.obj,9698,19018,triangle,"{""min"": [0.025, 0.025, 0.025], ""max"": [0.799381, 0.961112, 0.756027]}"
BuildingNonResidential,m408.obj,8076,15842,triangle,"{""min"": [0.025, 0.0249794, 0.025], ""max"": [0.644812, 0.592935, 0.975]}"
BuildingNonResidential,m409.obj,7907,13496,triangle,"{""min"": [0.025, 0.0249399, 0.025], ""max"": [0.975, 0.221457, 0.708173]}"
BuildingNonResidential,m410.obj,9270,18135,triangle,"{""min"": [0.025, 0.025, 0.025], ""max"": [0.975, 0.441981, 0.945721]}"
BuildingNonResidential,m412.obj,6482,11248,triangle,"{""min"": [0.025, 0.025, 0.025], ""max"": [0.975, 0.12811, 0.511585]}"
BuildingNonResidential,m413.obj,8097,15793,triangle,"{""min"": [0.025, 0.025, 0.0248199], ""max"": [0.975, 0.880604, 0.882974]}"
BuildingNonResidential,m414.obj,8575,16982,triangle,"{""min"": [0.025, 0.025, 0.025], ""max"": [0.975, 0.724105, 0.975]}"
BuildingNonResidential,m415.obj,7378,14656,triangle,"{""min"": [0.025, 0.025, 0.025], ""max"": [0.695588, 0.460882, 0.975]}"
BuildingNonResidential,m416.obj,7056,13368,triangle,"{""min"": [0.025, 0.025, 0.025], ""max"": [0.515574, 0.412632, 0.975]}"
BuildingNonResidential,m418.obj,5830,11344,triangle,"{""min"": [0.025, 0.025, 0.025], ""max"": [0.713878, 0.643535, 0.975]}"
BuildingNonResidential,m420.obj,7217,12926,triangle,"{""min"": [0.025, 0.025, 0.025], ""max"": [0.66475, 0.403287, 0.975]}"
BuildingNonResidential,m421.obj,6852,10999,triangle,"{""min"": [0.025, 0.025, 0.025], ""max"": [0.587413, 0.32854, 0.975]}"
BuildingNonResidential,m470.obj,7913,15475,triangle,"{""min"": [0.025, 0.025, 0.025], ""max"": [0.191721, 0.659424, 0.975]}"
BuildingNonResidential,m471.obj,7559,14976,triangle,"{""min"": [0.025, 0.025, 0.025], ""max"": [0.253, 0.975, 0.241728]}"
BuildingNonResidential,m472.obj,5638,11264,triangle,"{""min"": [0.025, 0.025, 0.025], ""max"": [0.479545, 0.975, 0.479545]}"
BuildingNonResidential,m474.obj,5366,10680,triangle,"{""min"": [0.025, 0.0249296, 0.025], ""max"": [0.968491, 0.829063, 0.975]}"
BuildingNonResidential,m475.obj,5796,11264,triangle,"{""min"": [0.025, -0.0174767, 0.025], ""max"": [0.975, 0.531667, 0.975]}"
BuildingNonResidential,m477.obj,7980,14902,triangle,"{""min"": [0.025, 0.025, 0.0178106], ""max"": [0.975, 0.305965, 0.412192]}"
BuildingNonResidential,m478.obj,6472,11920,triangle,"{""min"": [0.025, 0.025, 0.025], ""max"": [0.975, 0.167204, 0.850572]}"
BuildingNonResidential,m479.obj,8820,16896,triangle,"{""min"": [0.025, 0.025, 0.025], ""max"": [0.975, 0.298318, 0.51947]}"
BuildingNonResidential,m481.obj,6380,12128,triangle,"{""min"": [0.025, 0.025, 0.025], ""max"": [0.975, 0.215, 0.975]}"
Bus,D00084.obj,8047,14966,triangle,"{""min"": [-1.27166, -10.3559, -0.038539], ""max"": [4.24847, 14.7305, 6.70683]}"
Bus,D00114.obj,7621,14962,triangle,"{""min"": [-2.40609e-05, 0.0299705, 0.0], ""max"": [6.85437, 2.27924, 3.89766]}"
Bus,D00151.obj,9149,16329,triangle,"{""min"": [2.48649, 0.191326, 0.00763302], ""max"": [5.83221, 13.4614, 4.19794]}"
Bus,D00179.obj,5956,11227,triangle,"{""min"": [0.171614, 0.44237, 0.0], ""max"": [3.75681, 14.485, 4.0961]}"
Bus,D00182.obj,8299,15390,triangle,"{""min"": [-5.6355, -6.26626, 0.0292415], ""max"": [36.5496, 1.53764, 10.3619]}"
Bus,D00264.obj,8677,16865,triangle,"{""min"": [-0.641156, -14.5646, -0.363642], ""max"": [2.90488, -2.19661, 3.2131]}"
Bus,D00411.obj,7876,15015,triangle,"{""min"": [0.0256566, -0.632451, 0.0], ""max"": [16.9157, 5.09987, 4.43126]}"
Bus,D00436.obj,7943,15851,triangle,"{""min"": [4.57472, -9.82679, 0.0347497], ""max"": [8.62012, 2.67641, 3.89259]}"
Bus,D00446.obj,8237,15918,triangle,"{""min"": [-7.22028, -2.76491, -0.494284], ""max"": [7.78, 0.26406, 4.27056]}"
Bus,D00448.obj,7366,13133,triangle,"{""min"": [2.53263, 2.13731, -0.465848], ""max"": [8.8068, 4.29352, 2.12651]}"
Bus,D00483.obj,6071,8486,triangle,"{""min"": [-264.916, -114.81, -0.079234], ""max"": [32.4819, 580.567, 286.368]}"
Bus,D00516.obj,9007,17424,triangle,"{""min"": [-9.10837, 2.98801, 0.013357], ""max"": [0.470615, 5.8165, 2.94406]}"
Bus,D00677.obj,9485,16731,triangle,"{""min"": [-0.023403, -1.09583, -0.0107424], ""max"": [5.39852, 1.09583, 2.4654]}"
Bus,D00754.obj,8819,16406,triangle,"{""min"": [0.0, 0.0, 0.0], ""max"": [2.80429, 14.1246, 4.22799]}"
Bus,D00769.obj,8940,16382,triangle,"{""min"": [0.0, 0.0, 0.0], ""max"": [2.6, 12.828, 4.69562]}"
Bus,D00775.obj,9502,17613,triangle,"{""min"": [-0.150412, -0.255398, -0.159065], ""max"": [10.5, 2.61075, 4.0]}"
Bus,D00815.obj,7063,13299,triangle,"{""min"": [-6.01787, -1.3592, -1.90012], ""max"": [6.01787, 1.3592, 1.90012]}"
Bus,D00823.obj,7363,14091,triangle,"{""min"": [3.06768, 0.0, -0.064998], ""max"": [6.76214, 12.3689, 3.37945]}"
Bus,D00832.obj,9691,19059,triangle,"{""min"": [0.374132, 0.490072, 0.0], ""max"": [3.52297, 6.95378, 2.70876]}"
Bus,D00857.obj,5205,8783,triangle,"{""min"": [-2.85392, -2.57347, 0.011314], ""max"": [7.80611, 0.3048, 3.3021]}"
Car,D00168.obj,9340,17813,triangle,"{""min"": [-1.07568, -0.297973, -0.326069], ""max"": [0.817578, 0.423048, 0.317056]}"
Car,D00236.obj,8225,11921,triangle,"{""min"": [-1.07968, -0.412234, -0.443219], ""max"": [0.807135, 0.482035, 0.529612]}"
Car,D00260.obj,8687,11934,triangle,"{""min"": [-1.02687, -0.423021, -0.541783], ""max"": [0.904537, 0.625349, 0.405202]}"
Car,D00265.obj,8241,15596,triangle,"{""min"": [-1.08126, -0.407091, -0.32611], ""max"": [0.860791, 0.369185, 0.261426]}"
Car,D00299.obj,8495,16984,triangle,"{""min"": [-0.853509, -0.457605, -0.401928], ""max"": [0.774789, 0.648143, 0.512887]}"
Car,D00377.obj,8260,16515,triangle,"{""min"": [-0.780183, -0.462143, -0.260185], ""max"": [0.917149, 0.384177, 0.217424]}"
Car,D00405.obj,9599,18465,triangle,"{""min"": [-0.795816, -0.407894, -0.354688], ""max"": [1.02773, 0.501712, 0.503341]}"
Car,D00452.obj,9152,18127,triangle,"{""min"": [-1.01143, -0.406771, -0.378776], ""max"": [0.744895, 0.562306, 0.429936]}"
Car,D00504.obj,5152,8561,triangle,"{""min"": [-1.03804, -0.439167, -0.215415], ""max"": [0.821696, 0.608145, 0.360576]}"
Car,D00541.obj,8399,14720,triangle,"{""min"": [-1.09073, -0.381739, -0.482262], ""max"": [0.789453, 0.499111, 0.397676]}"
Car,D00618.obj,7832,14202,triangle,"{""min"": [-1.10077, -0.397933, -0.224476], ""max"": [0.832571, 0.426797, 0.297102]}"
Car,D00670.obj,8104,14455,triangle,"{""min"": [-0.988723, -0.435632, -0.303878], ""max"": [0.953373, 0.289791, 0.259793]}"
Car,D00671.obj,9727,18204,triangle,"{""min"": [-1.04708, -0.360503, -0.349946], ""max"": [0.84565, 0.3507, 0.283784]}"
Car,D00724.obj,7974,12721,triangle,"{""min"": [-1.04014, -0.550198, -0.441431], ""max"": [0.817799, 0.38944, 0.381314]}"
Car,D00767.obj,8308,16364,triangle,"{""min"": [-1.09774, -0.482563, -0.356135], ""max"": [0.829673, 0.364336, 0.381147]}"
Car,D00785.obj,7061,11230,triangle,"{""min"": [-0.938098, -0.314561, -0.386625], ""max"": [0.906859, 0.494684, 0.357896]}"
Car,D00793.obj,5320,9896,triangle,"{""min"": [-0.975232, -0.366168, -0.221939], ""max"": [0.961661, 0.493747, 0.391463]}"
Car,D00803.obj,9532,18928,triangle,"{""min"": [-0.902505, -0.278279, -0.227012], ""max"": [1.01378, 0.400048, 0.224402]}"
Car,D00865.obj,9362,16870,triangle,"{""min"": [-0.934109, -0.29674, -0.429678], ""max"": [0.952445, 0.435453, 0.309649]}"
Car,D00976.obj,8683,13798,triangle,"{""min"": [-0.911878, -0.571276, -0.287021], ""max"": [0.866952, 0.40291, 0.415608]}"
Car,m1485.obj,6147,12259,triangle,"{""min"": [0.025, 0.025, 0.025], ""max"": [0.422203, 0.460334, 0.975]}"
Car,m1486.obj,5704,11230,triangle,"{""min"": [0.025, 0.025, 0.025], ""max"": [0.442566, 0.396692, 0.975]}"
Car,m1487.obj,7451,14811,triangle,"{""min"": [0.025, 0.025, 0.025], ""max"": [0.479235, 0.398424, 0.975]}"
Car,m1488.obj,8034,15489,triangle,"{""min"": [0.025, 0.025, 0.025], ""max"": [0.568122, 0.50681, 0.975]}"
Car,m1489.obj,6712,13408,triangle,"{""min"": [0.025, 0.025, 0.025], ""max"": [0.505159, 0.495657, 0.975]}"
Car,m1490.obj,8681,16617,triangle,"{""min"": [0.025, 0.025, 0.025], ""max"": [0.975, 0.516427, 0.427501]}"
Car,m1492.obj,5914,10880,triangle,"{""min"": [0.025, 0.025, 0.025], ""max"": [0.499502, 0.59359, 0.975]}"
Car,m1495.obj,6845,13202,triangle,"{""min"": [0.025, 0.025, 0.025], ""max"": [0.975, 0.451866, 0.35359]}"
Car,m1496.obj,8402,16736,triangle,"{""min"": [0.025, 0.025, 0.025], ""max"": [0.374098, 0.356087, 0.975]}"
Car,m1497.obj,7932,15772,triangle,"{""min"": [0.025, 0.025, 0.025], ""max"": [0.975, 0.327574, 0.342892]}"
Car,m1498.obj,5512,10104,triangle,"{""min"": [0.025, 0.025, 0.025], ""max"": [0.375032, 0.296635, 0.975]}"
Car,m1499.obj,8492,16592,triangle,"{""min"": [0.025004, 0.025, 0.0251735], ""max"": [0.975, 0.382137, 0.521473]}"
Car,m1500.obj,6534,13040,triangle,"{""min"": [0.025, 0.025, 0.025], ""max"": [0.427681, 0.380906, 0.975]}"
Car,m1502.obj,9015,15238,triangle,"{""min"": [0.025, 0.025, 0.0249783], ""max"": [0.975, 0.206165, 0.504857]}"
Car,m1503.obj,9947,18229,triangle,"{""min"": [0.025074, 0.025006, 0.025], ""max"": [0.975, 0.216294, 0.201974]}"
Car,m1504.obj,6170,11732,triangle,"{""min"": [0.025, 0.025, 0.0249042], ""max"": [0.450467, 0.212706, 0.975]}"
Car,m1505.obj,8641,16219,triangle,"{""min"": [0.025, 0.025, 0.025], ""max"": [0.391308, 0.210469, 0.975]}"
Car,m1506.obj,9085,17074,triangle,"{""min"": [0.0251799, 0.025, 0.025], ""max"": [0.562722, 0.975, 0.277236]}"
Car,m1507.obj,6509,12744,triangle,"{""min"": [0.025, 0.025, 0.025], ""max"": [0.437739, 0.213081, 0.975]}"
Car,m1508.obj,9503,14537,triangle,"{""min"": [0.025, 0.025, 0.025], ""max"": [0.975, 0.212635, 0.419927]}"
Car,m1509.obj,8837,17758,triangle,"{""min"": [0.025, 0.0252555, 0.025], ""max"": [0.552566, 0.386434, 0.974915]}"
Car,m1510.obj,8002,15971,triangle,"{""min"": [0.025, 0.025, 0.025], ""max"": [0.488036, 0.245307, 0.975]}"
Car,m1511.obj,8227,16013,triangle,"{""min"": [0.025, 0.025, 0.025], ""max"": [0.58091, 0.250914, 0.975]}"
Car,m1512.obj,6808,11419,triangle,"{""min"": [0.025, 0.025, 0.086121], ""max"": [0.975, 0.37961, 0.308885]}"
Car,m1513.obj,9773,16258,triangle,"{""min"": [0.065542, 0.025, 0.025], ""max"": [0.975, 0.420125, 0.288298]}"
Car,m1514.obj,8060,15692,triangle,"{""min"": [0.025, 0.0250455, 0.02509], ""max"": [0.457041, 0.260449, 0.974955]}"
Car,m1515.obj,7840,15223,triangle,"{""min"": [0.025, 0.025, 0.025], ""max"": [0.496361, 0.238391, 0.975]}"
Car,m1516.obj,9584,19075,triangle,"{""min"": [0.025, 0.025, 0.025], ""max"": [0.422411, 0.975, 0.288768]}"
Car,m1517.obj,8376,16193,triangle,"{""min"": [0.025, 0.025, 0.025], ""max"": [0.438897, 0.324205, 0.975]}"
Car,m1518.obj,7329,14460,triangle,"{""min"": [0.025, 0.025, 0.025], ""max"": [0.406739, 0.316635, 0.975]}"
Car,m1519.obj,8830,17373,triangle,"{""min"": [0.025, 0.025, 0.025], ""max"": [0.377113, 0.272796, 0.975]}"
Car,m1521.obj,8008,15642,triangle,"{""min"": [0.022356, 0.025, 0.025], ""max"": [0.415836, 0.269465, 0.975]}"
Car,m1522.obj,7884,14691,triangle,"{""min"": [0.025, 0.025, 0.025], ""max"": [0.408249, 0.285988, 0.975]}"
Car,m1523.obj,7290,14560,triangle,"{""min"": [0.025, 0.025, 0.025], ""max"": [0.975, 0.354228, 0.42955]}"
Car,m1524.obj,6038,12056,triangle,"{""min"": [0.025, 0.025, 0.025], ""max"": [0.426636, 0.338181, 0.975]}"
Car,m1525.obj,8239,16202,triangle,"{""min"": [0.025, 0.025, 0.025], ""max"": [0.450612, 0.975, 0.355389]}"
Car,m1526.obj,9863,19566,triangle,"{""min"": [0.025, 0.025, 0.025], ""max"": [0.43005, 0.286878, 0.975]}"
Car,m1527.obj,7301,14329,triangle,"{""min"": [0.025, 0.025, 0.025], ""max"": [0.975, 0.333125, 0.90681]}"
Car,m1528.obj,7969,15588,triangle,"{""min"": [0.025, 0.0250848, 0.025025], ""max"": [0.374279, 0.280749, 0.974952]}"
Car,m1529.obj,8879,16124,triangle,"{""min"": [0.0253593, 0.025, 0.025], ""max"": [0.42767, 0.332668, 0.975]}"
Car,m1530.obj,8064,15438,triangle,"{""min"": [0.025, 0.025, 0.025119], ""max"": [0.975, 0.299075, 0.399181]}"
Car,m1531.obj,8399,16232,triangle,"{""min"": [0.025, 0.025, 0.025], ""max"": [0.975, 0.323536, 0.377685]}"
Car,m1532.obj,7930,14608,triangle,"{""min"": [0.025, 0.025, 0.025], ""max"": [0.452245, 0.396482, 0.975]}"
Car,m1533.obj,7374,14434,triangle,"{""min"": [0.025, 0.025, 0.025], ""max"": [0.384654, 0.287474, 0.975]}"
Car,m1535.obj,8286,15977,triangle,"{""min"": [0.025, 0.025, 0.0250663], ""max"": [0.373905, 0.290989, 0.975]}"
Car,m1536.obj,5996,11972,triangle,"{""min"": [0.025, 0.025, 0.025], ""max"": [0.629503, 0.975, 0.500356]}"
Car,m1538.obj,7290,14560,triangle,"{""min"": [0.025, 0.025, 0.025], ""max"": [0.975, 0.275461, 0.417512]}"
Car,m1539.obj,8254,16515,triangle,"{""min"": [0.025, 0.025, 0.025], ""max"": [0.47597, 0.281105, 0.975]}"
Car,m1540.obj,8468,16860,triangle,"{""min"": [0.025, 0.025, 0.025], ""max"": [0.975, 0.264994, 0.420549]}"
Car,m1542.obj,8454,15862,triangle,"{""min"": [0.025, 0.025, 0.025], ""max"": [0.475133, 0.345513, 0.975]}"
Car,m1543.obj,7958,14690,triangle,"{""min"": [0.025, 0.025, 0.025], ""max"": [0.975, 0.28357, 0.457384]}"
Car,m1544.obj,8037,14866,triangle,"{""min"": [0.025, 0.025, 0.025], ""max"": [0.479827, 0.252097, 0.975]}"
Car,m1545.obj,8008,14547,triangle,"{""min"": [0.025, 0.025, 0.025], ""max"": [0.975, 0.27926, 0.451815]}"
Car,m1546.obj,9068,14918,triangle,"{""min"": [0.025, 0.025, 0.035239], ""max"": [0.975, 0.574048, 0.287257]}"
Car,m1547.obj,7833,15374,triangle,"{""min"": [0.025, 0.025, 0.025], ""max"": [0.975, 0.266356, 0.57119]}"
Car,m1548.obj,8008,14547,triangle,"{""min"": [0.025, 0.025, 0.025], ""max"": [0.975, 0.27926, 0.451815]}"
Car,m1550.obj,9368,17526,triangle,"{""min"": [0.025, 0.025, 0.025], ""max"": [0.454282, 0.268448, 0.975]}"
Car,m1551.obj,8050,15012,triangle,"{""min"": [0.025, 0.025, 0.025], ""max"": [0.975, 0.267007, 0.44911]}"
Car,m1552.obj,5246,10472,triangle,"{""min"": [0.025, 0.025, 0.025], ""max"": [0.975, 0.323204, 0.418813]}"
Car,m1553.obj,8950,16073,triangle,"{""min"": [0.025, 0.025, 0.025], ""max"": [0.975, 0.317333, 0.472796]}"
Car,m1555.obj,9004,16518,triangle,"{""min"": [0.025, 0.025, 0.025], ""max"": [0.975, 0.419218, 0.322279]}"
Car,m1556.obj,8560,12411,triangle,"{""min"": [0.025, 0.025186, 0.025], ""max"": [0.974801, 0.333696, 0.365631]}"
Car,m1557.obj,8489,16656,triangle,"{""min"": [0.025, 0.025, 0.025], ""max"": [0.975, 0.380186, 0.411033]}"
Car,m1558.obj,6935,11413,triangle,"{""min"": [0.025, 0.025, 0.025], ""max"": [0.347265, 0.307098, 0.975]}"
Car,m1559.obj,8603,16376,triangle,"{""min"": [0.025, 0.025309, 0.025012], ""max"": [0.416123, 0.541627, 0.974691]}"
Car,m1560.obj,8235,16631,triangle,"{""min"": [0.025, 0.025, 0.02515], ""max"": [0.975, 0.630625, 0.671904]}"
Car,m1561.obj,9738,19077,triangle,"{""min"": [0.025, 0.025, 0.025], ""max"": [0.523565, 0.500454, 0.945138]}"
Car,m1562.obj,9442,17034,triangle,"{""min"": [0.025, 0.025, 0.0250105], ""max"": [0.975, 0.661064, 0.654088]}"
Car,m1563.obj,9007,17728,triangle,"{""min"": [0.025, 0.025, 0.025], ""max"": [0.698706, 0.503489, 0.975]}"
Cellphone,D00018.obj,7973,14717,triangle,"{""min"": [-1.21752, -0.450646, -0.265966], ""max"": [0.64781, 0.305057, 0.253022]}"
Cellphone,D00032.obj,5016,9920,triangle,"{""min"": [-0.625087, -0.443575, -0.106936], ""max"": [1.00284, 0.322637, 0.179809]}"
Cellphone,D00079.obj,7964,14124,triangle,"{""min"": [-0.936455, -0.405795, -0.334059], ""max"": [1.02051, 0.370964, 0.102731]}"
Cellphone,D00152.obj,9421,18272,triangle,"{""min"": [-1.01286, -0.485417, -0.089604], ""max"": [0.927637, 0.417618, 0.157031]}"
Cellphone,D00192.obj,8148,16216,triangle,"{""min"": [-0.99916, -0.306454, -0.130382], ""max"": [0.75987, 0.485364, 0.156643]}"
Cellphone,D00248.obj,5685,11300,triangle,"{""min"": [-0.799361, -0.383672, -0.147152], ""max"": [0.781581, 0.335576, 0.086838]}"
Cellphone,D00312.obj,5238,10304,triangle,"{""min"": [-0.165841, -0.93762, -0.0125224], ""max"": [0.342809, 0.068043, 0.028113]}"
Cellphone,D00327.obj,6318,11912,triangle,"{""min"": [-1.13499, -0.385219, -0.166778], ""max"": [0.806077, 0.433581, 0.265698]}"
Cellphone,D00362.obj,8279,15903,triangle,"{""min"": [-0.845234, -0.410936, -0.080069], ""max"": [1.01566, 0.589022, 0.149019]}"
Cellphone,D00369.obj,9889,19420,triangle,"{""min"": [-0.634126, -0.201378, -0.128572], ""max"": [1.03005, 0.297345, 0.209013]}"
Cellphone,D00440.obj,8992,17734,triangle,"{""min"": [-0.544542, -0.168497, -0.113165], ""max"": [0.993595, 0.257078, 0.141587]}"
Cellphone,D00527.obj,8252,11427,triangle,"{""min"": [-0.894174, -0.487487, -0.275139], ""max"": [1.01316, 0.40069, 0.115174]}"
Cellphone,D00542.obj,8854,17604,triangle,"{""min"": [-0.994816, -0.278201, -0.060837], ""max"": [0.494167, 0.267312, 0.196652]}"
Cellphone,D00554.obj,7977,14240,triangle,"{""min"": [-0.939823, -0.383001, -0.217155], ""max"": [0.967266, 0.562863, 0.157361]}"
Cellphone,D00559.obj,8128,15624,triangle,"{""min"": [-0.913337, -0.244785, -0.222912], ""max"": [0.814794, 0.340604, 0.100974]}"
Cellphone,D00817.obj,5013,9728,triangle,"{""min"": [-1.0599, -0.592678, -0.150876], ""max"": [0.813321, 0.446986, 0.182492]}"
Cellphone,D00848.obj,9738,18374,triangle,"{""min"": [-0.968237, -0.220049, -0.136264], ""max"": [0.656545, 0.365368, 0.093254]}"
Cellphone,D00902.obj,9144,18252,triangle,"{""min"": [-0.907661, -0.522068, -0.296883], ""max"": [0.967494, 0.439696, 0.183025]}"
Cellphone,D00979.obj,8106,15583,triangle,"{""min"": [-0.886632, -0.227436, -0.222432], ""max"": [0.836031, 0.333309, 0.098072]}"
Cellphone,D00997.obj,9357,18702,triangle,"{""min"": [-0.702245, -0.252936, -0.193559], ""max"": [0.984907, 0.347464, 0.13643]}"
Chess,D01017.obj,6050,12096,triangle,"{""min"": [-0.192571, -0.139346, -0.141458], ""max"": [0.251959, 0.139498, 0.141575]}"
Chess,D01019.obj,6626,13248,triangle,"{""min"": [0.025, 0.025, 0.025], ""max"": [0.444671, 0.975, 0.444649]}"
Chess,D01021.obj,5890,11776,triangle,"{""min"": [0.025, 0.025, 0.025], ""max"": [0.975, 0.512055, 0.512055]}"
Chess,D01043.obj,6169,12320,triangle,"{""min"": [0.025, 0.025, 0.025], ""max"": [0.384359, 0.975, 0.384359]}"
Chess,D01045.obj,6162,12320,triangle,"{""min"": [0.025, 0.025, 0.025], ""max"": [0.405044, 0.975, 0.405044]}"
Chess,D01049.obj,8168,16314,triangle,"{""min"": [0.025, 0.025, 0.025], ""max"": [0.414079, 0.975, 0.414079]}"
Chess,D01053.obj,5409,10752,triangle,"{""min"": [0.025, 0.025, 0.025], ""max"": [0.658333, 0.975, 0.658333]}"
Chess,D01080.obj,8667,17330,triangle,"{""min"": [0.025, 0.025, 0.025], ""max"": [0.449157, 0.975, 0.449157]}"
Chess,D01081.obj,6727,13450,triangle,"{""min"": [0.025, 0.025, 0.025], ""max"": [0.556126, 0.975, 0.55481]}"
Chess,D01099.obj,9523,18960,triangle,"{""min"": [0.025, 0.0249799, 0.025], ""max"": [0.629581, 0.975, 0.622556]}"
Chess,D01105.obj,9786,19568,triangle,"{""min"": [0.025, 0.025, 0.025], ""max"": [0.43672, 0.975, 0.43672]}"
Chess,D01112.obj,8042,16080,triangle,"{""min"": [0.025, 0.025, 0.025], ""max"": [0.443287, 0.975, 0.443287]}"
Chess,D01123.obj,6210,12416,triangle,"{""min"": [0.025, 0.025, 0.025], ""max"": [0.437937, 0.975, 0.437937]}"
Chess,D01126.obj,9986,19968,triangle,"{""min"": [0.025, 0.025, 0.025], ""max"": [0.518792, 0.975, 0.518792]}"
Chess,D01130.obj,5162,10240,triangle,"{""min"": [0.025, 0.025, 0.025], ""max"": [0.42415, 0.975, 0.424153]}"
Chess,D01138.obj,6626,13248,triangle,"{""min"": [-0.225329, -0.126589, -0.127508], ""max"": [0.352943, 0.128693, 0.128058]}"
Chess,D01145.obj,6210,12416,triangle,"{""min"": [-0.30858, -0.15541, -0.155146], ""max"": [0.404776, 0.154644, 0.154924]}"
Chess,D01171.obj,8738,17472,triangle,"{""min"": [0.025, 0.0243745, 0.025], ""max"": [0.646138, 0.975, 0.645819]}"
Chess,D01186.obj,9730,19456,triangle,"{""min"": [0.025, 0.025, 0.025], ""max"": [0.526367, 0.975, 0.526367]}"
Chess,D01188.obj,8388,16772,triangle,"{""min"": [0.025, 0.025, 0.025], ""max"": [0.825, 0.975, 0.825]}"
Chess,m1589.obj,7923,15728,triangle,"{""min"": [0.025, 0.025, 0.025], ""max"": [0.970478, 0.251514, 0.975]}"
Chess,m1591.obj,7339,14466,triangle,"{""min"": [0.025, 0.025, 0.025], ""max"": [0.974998, 0.266023, 0.975]}"
Chess,m1593.obj,9925,19454,triangle,"{""min"": [0.025, 0.025, 0.025], ""max"": [0.975, 0.267182, 0.974993]}"
Chess,m1595.obj,8013,15789,triangle,"{""min"": [0.025, 0.025, 0.025], ""max"": [0.975, 0.191906, 0.975]}"
Chess,m1596.obj,9238,18007,triangle,"{""min"": [0.025, 0.025, 0.025], ""max"": [0.559374, 0.151249, 0.975]}"
Chess,m1598.obj,8042,16080,triangle,"{""min"": [0.025, 0.025, 0.025], ""max"": [0.443287, 0.975, 0.443287]}"
Chess,m1599.obj,8667,17330,triangle,"{""min"": [0.025, 0.025, 0.025], ""max"": [0.449157, 0.975, 0.449157]}"
Chess,m1600.obj,6626,13248,triangle,"{""min"": [0.025, 0.025, 0.025], ""max"": [0.444671, 0.975, 0.444649]}"
Chess,m1601.obj,6727,13450,triangle,"{""min"": [0.025, 0.025, 0.025], ""max"": [0.556126, 0.975, 0.55481]}"
Chess,m1602.obj,6162,12320,triangle,"{""min"": [0.025, 0.025, 0.025], ""max"": [0.405044, 0.975, 0.405044]}"
Chess,m1603.obj,6169,12320,triangle,"{""min"": [0.025, 0.025, 0.025], ""max"": [0.384359, 0.975, 0.384359]}"
Chess,m1604.obj,8168,16314,triangle,"{""min"": [0.025, 0.025, 0.025], ""max"": [0.414079, 0.975, 0.414079]}"
Chess,m1605.obj,5409,10752,triangle,"{""min"": [0.025, 0.025, 0.025], ""max"": [0.658333, 0.975, 0.658333]}"
Chess,m1606.obj,9523,18960,triangle,"{""min"": [0.025, 0.0249799, 0.025], ""max"": [0.629581, 0.975, 0.622556]}"
Chess,m1607.obj,9986,19968,triangle,"{""min"": [0.025, 0.025, 0.025], ""max"": [0.518792, 0.975, 0.518792]}"
Chess,m1608.obj,8388,16772,triangle,"{""min"": [0.025, 0.025, 0.025], ""max"": [0.825, 0.975, 0.825]}"
Chess,m1609.obj,9730,19456,triangle,"{""min"": [0.025, 0.025, 0.025], ""max"": [0.526367, 0.975, 0.526367]}"
Chess,m1610.obj,6014,12018,triangle,"{""min"": [0.025, 0.025, 0.025], ""max"": [0.646138, 0.975, 0.645819]}"
Chess,m1611.obj,5890,11776,triangle,"{""min"": [0.025, 0.025, 0.025], ""max"": [0.975, 0.512055, 0.512055]}"
Chess,m1612.obj,5162,10240,triangle,"{""min"": [0.025, 0.025, 0.025], ""max"": [0.42415, 0.975, 0.424153]}"
Chess,m1613.obj,9786,19568,triangle,"{""min"": [0.025, 0.025, 0.025], ""max"": [0.43672, 0.975, 0.43672]}"
Chess,m1614.obj,6210,12416,triangle,"{""min"": [0.025, 0.025, 0.025], ""max"": [0.437937, 0.975, 0.437937]}"
City,D01001.obj,6606,7637,triangle,"{""min"": [0.025, 0.025, 0.025], ""max"": [0.975, 0.230267, 0.641048]}"
City,D01007.obj,9220,12068,triangle,"{""min"": [0.0484247, 0.025, 0.025], ""max"": [0.975, 0.362786, 0.625857]}"
City,D01010.obj,9103,15862,triangle,"{""min"": [0.025, 0.0227931, 0.025], ""max"": [0.753517, 0.344504, 0.975]}"
City,D01018.obj,6529,10313,triangle,"{""min"": [0.025, 0.025, 0.025], ""max"": [0.975, 0.223656, 0.895154]}"
City,D01039.obj,9601,17497,triangle,"{""min"": [0.02497, 0.025, 0.0249655], ""max"": [0.840945, 0.0788145, 0.975001]}"
City,D01056.obj,9239,14326,triangle,"{""min"": [0.025, 0.025, 0.025], ""max"": [0.883788, 0.466607, 0.975]}"
City,D01066.obj,9891,16671,triangle,"{""min"": [0.025, 0.025, 0.025], ""max"": [0.975, 0.0934959, 0.842903]}"
City,D01068.obj,5535,9169,triangle,"{""min"": [0.025, 0.025, 0.025], ""max"": [0.975, 0.210119, 0.973098]}"
City,D01079.obj,9137,15870,triangle,"{""min"": [0.025, 0.025, 0.025], ""max"": [0.975, 0.0798889, 0.928504]}"
City,D01090.obj,7089,13031,triangle,"{""min"": [0.025, 0.0454205, 0.025], ""max"": [0.801993, 0.131825, 0.975]}"
City,D01091.obj,9365,17767,triangle,"{""min"": [0.025, 0.0121437, 0.025], ""max"": [0.500146, 0.215775, 0.975]}"
City,D01092.obj,9919,16110,triangle,"{""min"": [0.025, -0.00534555, 0.025], ""max"": [0.975, 0.301324, 0.975]}"
City,D01101.obj,9089,7133,triangle,"{""min"": [0.025, 0.025, 0.025], ""max"": [0.493371, 0.122517, 0.975]}"
City,D01103.obj,7482,11636,triangle,"{""min"": [0.025, 0.025, 0.025], ""max"": [0.856228, 0.185283, 0.975]}"
City,D01124.obj,5078,8732,triangle,"{""min"": [0.025, 0.025, 0.025], ""max"": [0.975, 0.323101, 0.722926]}"
City,D01133.obj,5780,10656,triangle,"{""min"": [0.025, 0.025, 0.025], ""max"": [0.975, 0.345009, 0.975]}"
City,D01173.obj,8562,15864,triangle,"{""min"": [0.025, 0.0240717, 0.025], ""max"": [0.975, 0.063385, 0.925]}"
City,D01181.obj,5119,5213,triangle,"{""min"": [0.025, 0.025, 0.025], ""max"": [0.975, 0.236017, 0.641048]}"
City,D01192.obj,8658,8546,triangle,"{""min"": [0.0484247, 0.025, 0.025], ""max"": [0.975, 0.362786, 0.625857]}"
City,D01195.obj,9952,6825,triangle,"{""min"": [0.025, 0.025, 0.025], ""max"": [0.975, 0.198412, 0.755089]}"
City,m1652.obj,7482,11636,triangle,"{""min"": [0.025, 0.025, 0.025], ""max"": [0.856228, 0.185283, 0.975]}"
City,m1654.obj,5532,9169,triangle,"{""min"": [0.025, 0.025, 0.025], ""max"": [0.975, 0.210119, 0.973098]}"
City,m1659.obj,5780,10656,triangle,"{""min"": [0.025, 0.025, 0.025], ""max"": [0.975, 0.345009, 0.975]}"
City,m1660.obj,8562,15864,triangle,"{""min"": [0.025, 0.0240717, 0.025], ""max"": [0.975, 0.063385, 0.925]}"
City,m1661.obj,9598,17497,triangle,"{""min"": [0.02497, 0.025, 0.0249655], ""max"": [0.840945, 0.078814, 0.975001]}"
City,m1662.obj,9137,15870,triangle,"{""min"": [0.025, 0.025, 0.025], ""max"": [0.975, 0.079889, 0.928504]}"
City,m1664.obj,9101,15848,triangle,"{""min"": [0.025, 0.0227736, 0.025], ""max"": [0.753517, 0.344504, 0.975]}"
ClassicPiano,D00005.obj,9770,19296,triangle,"{""min"": [1.04807, -0.0389595, 0.0], ""max"": [2.2753, 1.45439, 1.50402]}"
ClassicPiano,D00009.obj,8000,15928,triangle,"{""min"": [-0.818664, -1.30573, 0.00244], ""max"": [0.801163, 1.50226, 1.76339]}"
ClassicPiano,D00034.obj,6599,12924,triangle,"{""min"": [0.435222, -0.1524, -0.171199], ""max"": [12.7, 11.0634, 4.28265]}"
ClassicPiano,D00092.obj,5889,10703,triangle,"{""min"": [0.0, -12.6335, -30.5165], ""max"": [46.1645, 47.2239, 27.7809]}"
ClassicPiano,D00120.obj,8265,16314,triangle,"{""min"": [-0.545732, -0.480204, 0.000497], ""max"": [1.16478, 0.842196, 1.59664]}"
ClassicPiano,D00190.obj,6409,12408,triangle,"{""min"": [-0.1524, -1.59385, 0.0], ""max"": [6.19082, 5.76471, 5.13955]}"
ClassicPiano,D00233.obj,5204,9053,triangle,"{""min"": [-33.4484, -8.28907, 0.346075], ""max"": [-6.3484, 9.16711, 14.9684]}"
ClassicPiano,D00254.obj,5175,9688,triangle,"{""min"": [1.58635, -8.64678, 0.0127], ""max"": [4.27963, -4.57551, 2.06966]}"
ClassicPiano,D00279.obj,7218,13777,triangle,"{""min"": [-1.30628, -0.467149, 0.107214], ""max"": [0.740793, 0.514366, 1.43006]}"
ClassicPiano,D00305.obj,6801,13204,triangle,"{""min"": [-0.0749491, -0.734403, 5.56678], ""max"": [1.82072, 2.54905, 6.58094]}"
ClassicPiano,D00314.obj,6800,10292,triangle,"{""min"": [0.553825, 0.314166, -0.0931927], ""max"": [2.55332, 2.72606, 2.02276]}"
ClassicPiano,D00561.obj,6354,11912,triangle,"{""min"": [5.55731, 0.381786, 0.009661], ""max"": [8.15513, 4.20455, 2.25358]}"
ClassicPiano,D00579.obj,8392,15864,triangle,"{""min"": [5.55969, 1.37708, 0.0898382], ""max"": [7.32157, 4.40191, 2.12879]}"
ClassicPiano,D00605.obj,8025,15106,triangle,"{""min"": [-0.016794, 0.0, 0.0], ""max"": [1.36991, 2.49472, 1.85693]}"
ClassicPiano,D00784.obj,5131,9439,triangle,"{""min"": [-0.366941, -2.779, -0.0], ""max"": [1.52159, -0.294685, 1.93568]}"
ClassicPiano,D00789.obj,8188,15487,triangle,"{""min"": [0.091157, 1.06542, -0.044535], ""max"": [4.58903, 8.4901, 5.14909]}"
ClassicPiano,D00811.obj,9399,18368,triangle,"{""min"": [0.219825, -0.395828, -0.0], ""max"": [1.54888, 1.2848, 1.57842]}"
ClassicPiano,D00845.obj,9440,17504,triangle,"{""min"": [1.59715, 8.02348, 0.0], ""max"": [3.69848, 10.5765, 2.46606]}"
ClassicPiano,D00967.obj,5571,10712,triangle,"{""min"": [1.7456, 1.20726, 0.6969], ""max"": [3.82235, 3.05999, 1.93986]}"
ClassicPiano,D00983.obj,8101,15424,triangle,"{""min"": [-0.892376, -1.32447, 0.0], ""max"": [1.24516, 0.403054, 0.980643]}"
Computer,D01002.obj,8026,15939,triangle,"{""min"": [0.025, 0.025, -0.00899915], ""max"": [0.975, 0.648602, 0.66988]}"
Computer,D01023.obj,9167,16174,triangle,"{""min"": [-79.1844, -123.937, -240.26], ""max"": [100.824, 291.253, 213.139]}"
Computer,D01026.obj,6096,12160,triangle,"{""min"": [0.025, 0.025, 0.025], ""max"": [0.975, 0.698854, 0.950566]}"
Computer,D01028.obj,9073,16556,triangle,"{""min"": [0.025, 0.025, 0.025], ""max"": [0.975, 0.477648, 0.724189]}"
Computer,D01033.obj,9067,17676,triangle,"{""min"": [0.025, 0.025, 0.025], ""max"": [0.662817, 0.647886, 0.975]}"
Computer,D01037.obj,7506,14976,triangle,"{""min"": [0.025, 0.0297535, 0.025], ""max"": [0.90283, 0.853898, 0.975]}"
Computer,D01067.obj,5026,9528,triangle,"{""min"": [0.025, 0.025, 0.025], ""max"": [0.975, 0.699188, 0.950849]}"
Computer,D01070.obj,8513,16890,triangle,"{""min"": [-1.2227, -0.66435, 0.10545], ""max"": [1.26784, 0.65371, 3.51795]}"
Computer,D01071.obj,5594,11008,triangle,"{""min"": [0.025, 0.025, 0.025], ""max"": [0.806396, 0.806392, 0.975]}"
Computer,D01072.obj,9732,19378,triangle,"{""min"": [0.025, 0.025, 0.025], ""max"": [0.910416, 0.736516, 0.975]}"
Computer,D01073.obj,7859,15313,triangle,"{""min"": [-15.345, -2.69876, -0.605234], ""max"": [18.1278, 27.1292, 23.3661]}"
Computer,D01082.obj,9989,16844,triangle,"{""min"": [0.0236117, 0.025, 0.025], ""max"": [0.75567, 0.975, 0.651611]}"
Computer,D01085.obj,9736,19456,triangle,"{""min"": [0.025, 0.025, 0.025], ""max"": [0.703571, 0.975, 0.74881]}"
Computer,D01098.obj,9308,17472,triangle,"{""min"": [0.025, 0.025, 0.025], ""max"": [0.975, 0.751088, 0.897328]}"
Computer,D01100.obj,9068,17676,triangle,"{""min"": [-123.448, -118.893, 11.3206], ""max"": [-103.793, -89.6162, 30.5163]}"
Computer,D01102.obj,3943,7680,triangle,"{""min"": [0.025, 0.025, 0.025], ""max"": [0.62896, 0.608372, 0.975]}"
Computer,D01115.obj,6512,11201,triangle,"{""min"": [-32.1405, -29.6439, -22.9863], ""max"": [34.0933, 57.2958, 37.1851]}"
Computer,D01128.obj,9559,18604,triangle,"{""min"": [0.025, 0.025, 0.025], ""max"": [0.929395, 0.533106, 0.975]}"
Computer,D01164.obj,8226,15668,triangle,"{""min"": [0.025, 0.025, 0.025], ""max"": [0.777486, 0.4214, 0.975]}"
Computer,D01185.obj,8213,15933,triangle,"{""min"": [0.025, 0.025, 0.025], ""max"": [0.909483, 0.852815, 0.975]}"
Computer,m1764.obj,9308,17472,triangle,"{""min"": [0.025, 0.025, 0.025], ""max"": [0.975, 0.751088, 0.897328]}"
Computer,m1765.obj,3943,7680,triangle,"{""min"": [0.025, 0.025, 0.025], ""max"": [0.62896, 0.608372, 0.975]}"
Computer,m1766.obj,5594,11008,triangle,"{""min"": [0.025, 0.025, 0.025], ""max"": [0.806396, 0.806392, 0.975]}"
Computer,m1767.obj,8026,15939,triangle,"{""min"": [0.025, 0.025, -0.00899584], ""max"": [0.975, 0.648602, 0.66988]}"
Computer,m1769.obj,9736,19456,triangle,"{""min"": [0.025, 0.025, 0.025], ""max"": [0.703571, 0.975, 0.74881]}"
Computer,m1770.obj,9067,17676,triangle,"{""min"": [0.025, 0.025, 0.025], ""max"": [0.662817, 0.647886, 0.975]}"
Computer,m1772.obj,9559,18604,triangle,"{""min"": [0.025, 0.025, 0.025], ""max"": [0.929395, 0.533106, 0.975]}"
Computer,m1773.obj,9073,16556,triangle,"{""min"": [0.025, 0.025, 0.025], ""max"": [0.975, 0.477648, 0.724189]}"
Computer,m1774.obj,9176,18308,triangle,"{""min"": [0.025, 0.025, 0.025], ""max"": [0.907078, 0.853794, 0.975]}"
Computer,m1775.obj,6096,12160,triangle,"{""min"": [0.025, 0.025, 0.025], ""max"": [0.975, 0.698854, 0.950566]}"
Computer,m1776.obj,8213,15933,triangle,"{""min"": [0.025, 0.025, 0.025], ""max"": [0.909483, 0.852815, 0.975]}"
Computer,m1777.obj,9732,19378,triangle,"{""min"": [0.025, 0.025, 0.025], ""max"": [0.910416, 0.736516, 0.975]}"
Computer,m1778.obj,5026,9528,triangle,"{""min"": [0.025, 0.025, 0.025], ""max"": [0.975, 0.699188, 0.950849]}"
ComputerKeyboard,D00116.obj,8972,17010,triangle,"{""min"": [-25.3572, -9.09765, -0.561], ""max"": [-7.59018, -3.78905, 0.226463]}"
ComputerKeyboard,D00127.obj,9455,17824,triangle,"{""min"": [0.0, -0.00614585, 0.0], ""max"": [0.1143, 0.43815, 0.036337]}"
ComputerKeyboard,D00197.obj,6384,12756,triangle,"{""min"": [1.37708, 2.18197, 1.00767], ""max"": [6.04708, 3.86471, 1.35582]}"
ComputerKeyboard,D00278.obj,7879,14832,triangle,"{""min"": [0.246225, 0.408846, -0.79619], ""max"": [63.8625, 20.779, 2.0244]}"
ComputerKeyboard,D00360.obj,6193,11942,triangle,"{""min"": [0.0, -0.000633, -1.4e-05], ""max"": [0.43, 0.116331, 0.019035]}"
ComputerKeyboard,D00382.obj,8341,13582,triangle,"{""min"": [0.283546, -0.535187, 0.572214], ""max"": [0.779882, -0.373283, 0.606543]}"
ComputerKeyboard,D00420.obj,7131,13914,triangle,"{""min"": [0.0, -0.242249, 0.0], ""max"": [0.48, 0.0, 0.04]}"
ComputerKeyboard,D00493.obj,5188,9996,triangle,"{""min"": [0.805449, 0.215869, 0.734915], ""max"": [1.06935, 0.707306, 0.771269]}"
ComputerKeyboard,D00525.obj,8308,8680,triangle,"{""min"": [0.0, -0.014278, -0.0], ""max"": [46.0, 13.8242, 1.58972]}"
ComputerKeyboard,D00569.obj,5490,10896,triangle,"{""min"": [1.17126, -0.787848, 0.77699], ""max"": [1.31731, -0.419548, 0.801542]}"
ComputerKeyboard,D00597.obj,8454,16594,triangle,"{""min"": [0.890324, 0.870713, 0.52], ""max"": [1.02152, 1.15045, 0.542157]}"
ComputerKeyboard,D00600.obj,6869,11928,triangle,"{""min"": [0.847416, -0.0008, 0.004234], ""max"": [1.30542, 0.159395, 0.041277]}"
ComputerKeyboard,D00627.obj,6564,12702,triangle,"{""min"": [0.0, -0.002354, 0.0], ""max"": [0.45, 0.166113, 0.048376]}"
ComputerKeyboard,D00654.obj,8010,15616,triangle,"{""min"": [5.50833, -7.66522, 0.271064], ""max"": [13.2695, 13.436, 2.83986]}"
ComputerKeyboard,D00673.obj,8783,16622,triangle,"{""min"": [-0.005, -0.006406, 0.0], ""max"": [0.453, 0.15633, 0.030751]}"
ComputerKeyboard,D00676.obj,7950,12774,triangle,"{""min"": [0.0, -0.180873, -0.182521], ""max"": [5.6, 2.68959, 0.176906]}"
ComputerKeyboard,D00692.obj,9236,16589,triangle,"{""min"": [-3.66285, 1.75235, -0.003105], ""max"": [-3.25489, 1.91034, 0.017511]}"
ComputerKeyboard,D00805.obj,6954,13443,triangle,"{""min"": [1.4707, -0.131705, -0.191566], ""max"": [153.012, 51.3568, 18.1854]}"
ComputerKeyboard,D00905.obj,5122,10236,triangle,"{""min"": [-1.61097, 1.81396, 1.18405], ""max"": [-1.34915, 2.5258, 1.21326]}"
ComputerKeyboard,D00990.obj,6288,12120,triangle,"{""min"": [0.0, 0.0, 0.0], ""max"": [0.4445, 0.1524, 0.044462]}"
Cup,D00035.obj,9997,19756,triangle,"{""min"": [-1.20011, -1.00923, -0.801552], ""max"": [0.741275, 0.933018, 0.770052]}"
Cup,D00067.obj,5618,11232,triangle,"{""min"": [-0.944876, -0.249332, -0.353669], ""max"": [0.694881, 0.46521, 0.322506]}"
Cup,D00174.obj,9557,19110,triangle,"{""min"": [-0.845196, -0.32696, -0.476772], ""max"": [0.67668, 0.624951, 0.476128]}"
Cup,D00206.obj,7585,15080,triangle,"{""min"": [-0.547141, -0.838416, -0.659151], ""max"": [0.914093, 0.568313, 0.741534]}"
Cup,D00214.obj,6290,12576,triangle,"{""min"": [-0.988675, -0.517514, -0.632965], ""max"": [0.601485, 0.773412, 0.659266]}"
Cup,D00270.obj,9897,19672,triangle,"{""min"": [-0.859396, -0.307058, -0.394061], ""max"": [0.744707, 0.474676, 0.381987]}"
Cup,D00328.obj,8014,16024,triangle,"{""min"": [-0.760875, -0.433187, -0.354822], ""max"": [0.908646, 0.281105, 0.356583]}"
Cup,D00355.obj,7114,14224,triangle,"{""min"": [-0.684795, -0.340553, -0.25451], ""max"": [0.954906, 0.200958, 0.25516]}"
Cup,D00363.obj,9589,19174,triangle,"{""min"": [-0.577523, -0.498085, -0.641834], ""max"": [0.971664, 0.747347, 0.608541]}"
Cup,D00457.obj,8425,16846,triangle,"{""min"": [-0.864959, -0.204733, -0.307462], ""max"": [0.833136, 0.464037, 0.307252]}"
Cup,D00463.obj,8023,16046,triangle,"{""min"": [-0.895845, -0.743936, -0.57885], ""max"": [0.681721, 0.498029, 0.657532]}"
Cup,D00519.obj,7152,14208,triangle,"{""min"": [-1.07582, -0.354833, -0.405523], ""max"": [0.644285, 0.467092, 0.376382]}"
Cup,D00550.obj,9786,19442,triangle,"{""min"": [-0.714201, -0.516739, -0.396915], ""max"": [0.774792, 0.344814, 0.380183]}"
Cup,D00587.obj,7102,14200,triangle,"{""min"": [-0.665391, -0.34733, -0.479933], ""max"": [1.03476, 0.602043, 0.407467]}"
Cup,D00638.obj,6786,13568,triangle,"{""min"": [-0.540268, -0.392506, -0.463908], ""max"": [0.960222, 0.524391, 0.453931]}"
Cup,D00642.obj,6120,12144,triangle,"{""min"": [-0.835482, -0.301635, -0.282773], ""max"": [0.97391, 0.236074, 0.255214]}"
Cup,D00738.obj,8081,15858,triangle,"{""min"": [-1.02336, -0.466564, -0.522179], ""max"": [0.666301, 0.660126, 0.520628]}"
Cup,D00843.obj,8388,16768,triangle,"{""min"": [-0.783894, -0.329732, -0.347978], ""max"": [0.745375, 0.377492, 0.35917]}"
Cup,D00874.obj,7541,14992,triangle,"{""min"": [-0.7571, -0.688516, -0.758328], ""max"": [0.784032, 0.68702, 0.615694]}"
Cup,D00882.obj,6206,12408,triangle,"{""min"": [-1.0525, -0.37905, -0.486175], ""max"": [0.604467, 0.637049, 0.474396]}"
Cup,m494.obj,9586,19168,triangle,"{""min"": [0.025, 0.025, 0.025], ""max"": [0.3425, 0.3425, 0.975]}"
Cup,m495.obj,5551,11000,triangle,"{""min"": [0.025, 0.025, 0.025], ""max"": [0.743052, 0.975, 0.741634]}"
Cup,m496.obj,7991,15968,triangle,"{""min"": [0.025, 0.0249975, 0.025], ""max"": [0.639734, 0.975, 0.61202]}"
Cup,m497.obj,9418,18370,triangle,"{""min"": [0.025, 0.025, 0.025], ""max"": [0.415029, 0.415029, 0.975]}"
Cup,m498.obj,5840,11520,triangle,"{""min"": [0.025, 0.025, 0.025], ""max"": [0.975, 0.871244, 0.975]}"
Cup,m499.obj,5004,9792,triangle,"{""min"": [0.025, 0.025, 0.025], ""max"": [0.727903, 0.727903, 0.975]}"
Cup,m500.obj,9645,19286,triangle,"{""min"": [0.025, 0.025, 0.025], ""max"": [0.95964, 0.896862, 0.975]}"
Cup,m501.obj,8808,17472,triangle,"{""min"": [0.025, 0.025, 0.025], ""max"": [0.677538, 0.975, 0.677538]}"
Cup,m502.obj,9362,18720,triangle,"{""min"": [0.025, 0.025, 0.025], ""max"": [0.675007, 0.975, 0.675007]}"
Cup,m526.obj,7281,14464,triangle,"{""min"": [0.025, 0.025, 0.025], ""max"": [0.975, 0.658894, 0.5]}"
DeskLamp,D00048.obj,9846,19532,triangle,"{""min"": [-1.12769, -0.581116, -0.630788], ""max"": [0.6057, 0.666292, 0.731294]}"
DeskLamp,D00090.obj,5696,11216,triangle,"{""min"": [-0.875, -0.686618, -0.296137], ""max"": [0.735197, 0.781815, 0.30965]}"
DeskLamp,D00147.obj,6756,13376,triangle,"{""min"": [-0.725228, -0.407043, -0.171117], ""max"": [0.962518, 0.452214, 0.183875]}"
DeskLamp,D00257.obj,8765,17464,triangle,"{""min"": [-0.955963, -0.322302, -0.306709], ""max"": [0.631241, 0.399708, 0.302267]}"
DeskLamp,D00268.obj,7400,14688,triangle,"{""min"": [-0.599151, -0.187466, -0.104204], ""max"": [0.974827, 0.115978, 0.109359]}"
DeskLamp,D00330.obj,9502,18519,triangle,"{""min"": [-1.18276, -0.353165, -0.191189], ""max"": [0.505399, 0.181292, 0.183064]}"
DeskLamp,D00378.obj,8001,15793,triangle,"{""min"": [-0.907867, -0.256646, -0.565493], ""max"": [0.946441, 0.722841, 0.379832]}"
DeskLamp,D00435.obj,8966,17904,triangle,"{""min"": [-1.03346, -0.387217, -0.358974], ""max"": [0.694155, 0.507452, 0.350955]}"
DeskLamp,D00455.obj,7504,14942,triangle,"{""min"": [-0.93453, -0.360921, -0.253472], ""max"": [0.666272, 0.263151, 0.24362]}"
DeskLamp,D00531.obj,9119,18184,triangle,"{""min"": [-1.15289, -0.236699, -0.186329], ""max"": [0.699147, 0.296754, 0.191789]}"
DeskLamp,D00547.obj,8755,17420,triangle,"{""min"": [-0.921965, -0.412135, -0.565215], ""max"": [0.705988, 0.328866, 0.209577]}"
DeskLamp,D00686.obj,9755,19322,triangle,"{""min"": [-0.929669, -0.619726, -0.299398], ""max"": [0.912698, 0.859064, 0.352642]}"
DeskLamp,D00693.obj,9943,19584,triangle,"{""min"": [-1.07987, -0.23138, -0.309121], ""max"": [0.780756, 0.4341, 0.273299]}"
DeskLamp,D00698.obj,5456,11488,triangle,"{""min"": [-0.887514, -0.490664, -0.27815], ""max"": [0.766981, 0.360029, 0.3526]}"
DeskLamp,D00715.obj,7838,15664,triangle,"{""min"": [-1.0124, -0.42488, -0.474136], ""max"": [0.781749, 0.587314, 0.464886]}"
DeskLamp,D00744.obj,8023,14546,triangle,"{""min"": [-0.785517, -0.236031, -0.264928], ""max"": [1.14576, 0.292991, 0.167928]}"
DeskLamp,D00759.obj,5891,11732,triangle,"{""min"": [-0.902994, -0.756791, -0.499502], ""max"": [0.949175, 0.698912, 0.542295]}"
DeskLamp,D00776.obj,8423,16719,triangle,"{""min"": [-1.00827, -0.378761, -0.26802], ""max"": [0.69438, 0.326064, 0.196867]}"
DeskLamp,D00797.obj,9882,19718,triangle,"{""min"": [-0.773745, -0.684703, -0.35179], ""max"": [0.899578, 0.464712, 0.353095]}"
DeskLamp,D00912.obj,9471,18751,triangle,"{""min"": [-0.826668, -0.803363, -0.337562], ""max"": [1.01155, 0.671597, 0.314515]}"
DeskLamp,m603.obj,7915,15773,triangle,"{""min"": [0.025, 0.0169568, 0.025], ""max"": [0.583322, 0.846549, 0.975]}"
DeskLamp,m604.obj,8278,15860,triangle,"{""min"": [0.025, 0.0249358, 0.021505], ""max"": [0.69906, 0.975005, 0.160194]}"
DeskLamp,m605.obj,7569,15696,triangle,"{""min"": [0.025, 0.025, 0.025], ""max"": [0.502077, 0.975, 0.836867]}"
DeskLamp,m606.obj,7857,15480,triangle,"{""min"": [0.025, 0.025, 0.025], ""max"": [0.838636, 0.975, 0.458987]}"
DeskLamp,m608.obj,8337,16397,triangle,"{""min"": [0.025, 0.025, 0.025], ""max"": [0.759984, 0.90819, 0.975]}"
DeskLamp,m609.obj,9753,19470,triangle,"{""min"": [0.025, 0.0246385, 0.025], ""max"": [0.212564, 0.720676, 0.975]}"
DeskLamp,m611.obj,7755,18065,triangle,"{""min"": [0.025, 0.025, 0.025], ""max"": [0.844015, 0.975, 0.458932]}"
DeskLamp,m613.obj,6576,12800,triangle,"{""min"": [0.025, 0.025, 0.025], ""max"": [0.975, 0.934536, 0.298021]}"
DeskLamp,m614.obj,5466,10944,triangle,"{""min"": [0.025, 0.025, 0.025], ""max"": [0.396062, 0.975, 0.919718]}"
DeskLamp,m615.obj,8343,16651,triangle,"{""min"": [0.025, 0.025, 0.025], ""max"": [0.863495, 0.747334, 0.975]}"
DeskLamp,m616.obj,9869,19696,triangle,"{""min"": [0.025, 0.025, 0.025], ""max"": [0.773417, 0.975, 0.442888]}"
DeskPhone,D00118.obj,8143,13352,triangle,"{""min"": [-0.775716, -0.727948, -0.22007], ""max"": [0.897899, 0.591752, 0.218757]}"
DeskPhone,D00135.obj,7125,13568,triangle,"{""min"": [-0.847322, -0.533093, -0.210727], ""max"": [0.884304, 0.765637, 0.143761]}"
DeskPhone,D00154.obj,9076,17896,triangle,"{""min"": [-0.633179, -0.637106, -0.131654], ""max"": [0.967745, 0.42905, 0.106948]}"
DeskPhone,D00220.obj,8529,16990,triangle,"{""min"": [-0.737965, -0.674884, -0.377125], ""max"": [0.748198, 0.508508, 0.498221]}"
DeskPhone,D00316.obj,9019,17694,triangle,"{""min"": [-0.628642, -0.593525, -0.286264], ""max"": [0.811874, 0.701571, 0.244973]}"
DeskPhone,D00318.obj,9340,18548,triangle,"{""min"": [-0.714041, -0.660621, -0.5206], ""max"": [0.810842, 0.614137, 0.270839]}"
DeskPhone,D00403.obj,8219,16238,triangle,"{""min"": [-1.14812, -0.4665, -0.300056], ""max"": [0.541878, 0.579499, 0.823005]}"
DeskPhone,D00486.obj,6670,13256,triangle,"{""min"": [-0.754318, -0.637186, -0.378441], ""max"": [0.968448, 0.494299, 0.291523]}"
DeskPhone,D00511.obj,8449,16220,triangle,"{""min"": [-0.897142, -0.349662, -0.119762], ""max"": [0.72247, 0.260148, 0.264028]}"
DeskPhone,D00556.obj,8896,17728,triangle,"{""min"": [-0.851434, -0.497319, -0.430833], ""max"": [0.837127, 0.918088, 0.255611]}"
DeskPhone,D00576.obj,7915,15583,triangle,"{""min"": [-0.755345, -0.473597, -0.179611], ""max"": [0.819921, 0.471047, 0.197132]}"
DeskPhone,D00680.obj,9570,18793,triangle,"{""min"": [-0.77804, -0.498658, -0.222143], ""max"": [0.777776, 0.848873, 0.191511]}"
DeskPhone,D00706.obj,9464,4112,triangle,"{""min"": [-0.779021, -0.573701, -0.27292], ""max"": [0.761995, 0.75661, 0.211395]}"
DeskPhone,D00773.obj,8452,16283,triangle,"{""min"": [-0.706061, -0.567667, -0.17342], ""max"": [0.865278, 0.529393, 0.195062]}"
DeskPhone,D00829.obj,8423,16798,triangle,"{""min"": [-0.90569, -0.910352, -0.438572], ""max"": [0.924361, 0.795444, 0.122189]}"
DeskPhone,D00894.obj,8212,16332,triangle,"{""min"": [-1.01212, -0.594093, -0.542462], ""max"": [0.568062, 0.696047, 0.287657]}"
DeskPhone,D00897.obj,8134,16052,triangle,"{""min"": [-1.01894, -0.589814, -0.241959], ""max"": [0.869694, 0.353758, 0.165194]}"
DeskPhone,D00899.obj,9605,19122,triangle,"{""min"": [-0.714534, -0.712053, -0.250503], ""max"": [0.779287, 0.69997, 0.255132]}"
DeskPhone,D00957.obj,9933,19607,triangle,"{""min"": [-0.627853, -0.614875, -0.23102], ""max"": [0.899557, 0.628953, 0.217243]}"
DeskPhone,D00958.obj,9209,12767,triangle,"{""min"": [-0.878467, -0.707485, -0.37928], ""max"": [0.840691, 0.824831, 0.264976]}"
Door,D01005.obj,6040,11440,triangle,"{""min"": [0.025, 0.025, 0.025], ""max"": [0.43396, 0.975, 0.0854325]}"
Door,D01029.obj,7185,14304,triangle,"{""min"": [0.025, 0.025, 0.025], ""max"": [0.545253, 0.975, 0.281945]}"
Door,D01052.obj,8236,16398,triangle,"{""min"": [0.025, 0.025, 0.025], ""max"": [0.188871, 0.975, 0.503665]}"
Door,D01058.obj,7973,15543,triangle,"{""min"": [0.025, 0.0249834, 0.0249997], ""max"": [0.521695, 0.975001, 0.115777]}"
Door,D01062.obj,5868,11456,triangle,"{""min"": [0.025, 0.025, 0.0249631], ""max"": [0.857435, 0.975, 0.104125]}"
Door,D01076.obj,6926,13872,triangle,"{""min"": [0.025, 0.025, 0.0247419], ""max"": [0.476732, 0.975, 0.0894251]}"
Door,D01104.obj,9588,19106,triangle,"{""min"": [0.025, 0.025, 0.0247852], ""max"": [0.485632, 0.975, 0.0672815]}"
Door,D01114.obj,5266,10480,triangle,"{""min"": [0.025, 0.025, 0.025], ""max"": [0.609224, 0.975, 0.214508]}"
Door,D01121.obj,2116,4096,triangle,"{""min"": [0.025, 0.025, 0.025], ""max"": [0.567857, 0.975, 0.0521429]}"
Door,D01129.obj,9615,17336,triangle,"{""min"": [0.025, 0.0248338, 0.025], ""max"": [0.476846, 0.975, 0.120993]}"
Door,D01136.obj,8387,16572,triangle,"{""min"": [0.025, 0.0245172, 0.0177194], ""max"": [0.547013, 0.97524, 0.132324]}"
Door,D01139.obj,3931,7424,triangle,"{""min"": [0.025, 0.025, 0.025], ""max"": [0.5, 0.975, 0.0566667]}"
Door,D01141.obj,9302,17636,triangle,"{""min"": [0.025, 0.025, 0.025], ""max"": [0.48635, 0.975, 0.135169]}"
Door,D01143.obj,9228,18432,triangle,"{""min"": [0.025, 0.025, 0.025], ""max"": [0.555623, 0.975, 0.0776375]}"
Door,D01144.obj,7847,15261,triangle,"{""min"": [0.0249969, 0.025, 0.025], ""max"": [0.320384, 0.975, 0.104125]}"
Door,D01155.obj,6127,11712,triangle,"{""min"": [0.025, 0.025, 0.025], ""max"": [0.950965, 0.975, 0.15807]}"
Door,D01158.obj,9016,18046,triangle,"{""min"": [0.025, 0.025, 0.0245216], ""max"": [0.566616, 0.975, 0.125402]}"
Door,D01167.obj,5787,11072,triangle,"{""min"": [0.0249956, 0.025, 0.0249731], ""max"": [0.615773, 0.975, 0.104125]}"
Door,D01177.obj,8058,15263,triangle,"{""min"": [0.025, 0.025, 0.025], ""max"": [0.475837, 0.977265, 0.09054]}"
Door,D01194.obj,2313,4352,triangle,"{""min"": [0.025, 0.025, 0.025], ""max"": [0.0373238, 0.975, 0.528047]}"
Door,m1707.obj,7185,14304,triangle,"{""min"": [0.025, 0.025, 0.025], ""max"": [0.545253, 0.975, 0.281945]}"
Door,m1708.obj,2116,4096,triangle,"{""min"": [0.025, 0.025, 0.025], ""max"": [0.567857, 0.975, 0.052143]}"
Door,m1710.obj,7923,15776,triangle,"{""min"": [0.025, 0.025, 0.025], ""max"": [0.544423, 0.975, 0.119998]}"
Door,m1711.obj,7848,15263,triangle,"{""min"": [0.0249969, 0.025, 0.025], ""max"": [0.320384, 0.975, 0.104125]}"
Door,m1712.obj,6926,13872,triangle,"{""min"": [0.025, 0.025, 0.0247419], ""max"": [0.476732, 0.975, 0.0894251]}"
Door,m1713.obj,6040,11440,triangle,"{""min"": [0.025, 0.025, 0.025], ""max"": [0.43396, 0.975, 0.085432]}"
Door,m1714.obj,8260,16459,triangle,"{""min"": [0.025, 0.025, 0.0249401], ""max"": [0.485632, 0.975, 0.0672812]}"
Door,m1715.obj,8236,16398,triangle,"{""min"": [0.025, 0.025, 0.025], ""max"": [0.188871, 0.975, 0.503665]}"
Door,m1716.obj,9302,17636,triangle,"{""min"": [0.025, 0.025, 0.025], ""max"": [0.48635, 0.975, 0.135169]}"
Door,m1717.obj,7974,15544,triangle,"{""min"": [0.025, 0.0249788, 0.0249999], ""max"": [0.521695, 0.975001, 0.115777]}"
Door,m1718.obj,9615,17336,triangle,"{""min"": [0.025, 0.0248338, 0.025], ""max"": [0.476846, 0.975, 0.120993]}"
Door,m1720.obj,8388,16573,triangle,"{""min"": [0.025, 0.0245172, 0.0177181], ""max"": [0.547013, 0.97524, 0.132337]}"
Door,m1721.obj,9016,18046,triangle,"{""min"": [0.025, 0.025, 0.0245215], ""max"": [0.566616, 0.975, 0.125402]}"
Door,m1722.obj,5266,10480,triangle,"{""min"": [0.025, 0.025, 0.025], ""max"": [0.609224, 0.975, 0.214508]}"
Door,m1723.obj,5868,11456,triangle,"{""min"": [0.025, 0.025, 0.0249631], ""max"": [0.857435, 0.975, 0.104125]}"
Door,m1724.obj,5787,11072,triangle,"{""min"": [0.0249956, 0.025, 0.0249731], ""max"": [0.615773, 0.975, 0.104125]}"
Door,m1725.obj,9986,19876,triangle,"{""min"": [0.025, 0.0251461, 0.025], ""max"": [0.975, 0.953723, 0.210779]}"
Door,m1726.obj,6127,11712,triangle,"{""min"": [0.025, 0.025, 0.025], ""max"": [0.950965, 0.975, 0.15807]}"
Door,m1727.obj,8063,16010,triangle,"{""min"": [0.0170379, 0.025, 0.025], ""max"": [0.763646, 0.975, 0.121945]}"
Door,m1728.obj,7796,15160,triangle,"{""min"": [0.025, 0.0249859, 0.025], ""max"": [0.975, 0.973095, 0.119693]}"
Door,m1729.obj,9907,19706,triangle,"{""min"": [0.025, 0.025, 0.0245926], ""max"": [0.691337, 0.975, 0.190569]}"
Door,m1730.obj,9907,19706,triangle,"{""min"": [0.025, 0.025, 0.0245926], ""max"": [0.691337, 0.975, 0.190569]}"
Door,m1731.obj,8100,16336,triangle,"{""min"": [0.0249693, 0.025, 0.0249944], ""max"": [0.975, 0.935516, 0.136363]}"
Door,m1732.obj,7804,15588,triangle,"{""min"": [0.0247384, 0.0245035, 0.0246892], ""max"": [0.975, 0.874342, 0.105019]}"
Drum,D00026.obj,5505,10641,triangle,"{""min"": [-0.162762, -0.171664, -0.001215], ""max"": [0.164431, 0.150061, 0.705]}"
Drum,D00063.obj,9739,18751,triangle,"{""min"": [0.822257, 0.454092, 0.51276], ""max"": [1.57793, 1.20977, 1.08903]}"
Drum,D00115.obj,8706,17408,triangle,"{""min"": [0.538248, -0.415186, -0.271338], ""max"": [1.75136, 0.685989, 0.427939]}"
Drum,D00163.obj,8307,11852,triangle,"{""min"": [0.97323, -0.017525, 0.0], ""max"": [1.73658, 0.748928, 0.658813]}"
Drum,D00189.obj,8101,16198,triangle,"{""min"": [1.8152, 0.87003, 0.445], ""max"": [2.2152, 1.27003, 1.155]}"
Drum,D00193.obj,7456,14392,triangle,"{""min"": [0.251542, 0.272348, -0.0183368], ""max"": [1.01199, 1.02803, 1.08903]}"
Drum,D00297.obj,5506,10366,triangle,"{""min"": [1.09723, 0.439181, -0.000222921], ""max"": [1.68205, 0.967894, 0.673616]}"
Drum,D00298.obj,6316,12552,triangle,"{""min"": [-0.411341, 0.700202, 0.0], ""max"": [0.321155, 1.43157, 1.25095]}"
Drum,D00308.obj,8054,15325,triangle,"{""min"": [0.457612, 0.326359, 0.0], ""max"": [1.49901, 1.36776, 0.76835]}"
Drum,D00375.obj,8069,14096,triangle,"{""min"": [-0.015297, -0.439469, -0.008625], ""max"": [0.501016, 0.461281, 0.607176]}"
Drum,D00383.obj,9862,19118,triangle,"{""min"": [3.71033, 0.358383, 1.9685], ""max"": [4.37073, 1.01878, 2.4384]}"
Drum,D00404.obj,5264,10416,triangle,"{""min"": [13.759, 11.7284, -0.06985], ""max"": [15.763, 13.7324, 2.413]}"
Drum,D00551.obj,8518,16772,triangle,"{""min"": [2.50802, 1.0119, 0.0], ""max"": [3.16497, 2.46406, 1.45216]}"
Drum,D00557.obj,6495,12544,triangle,"{""min"": [-0.030871, 0.106069, -0.0254], ""max"": [0.508717, 0.799067, 0.6604]}"
Drum,D00596.obj,8450,16572,triangle,"{""min"": [-2.29036, -2.29036, -3.48402], ""max"": [2.27136, 2.29036, 3.03777]}"
Drum,D00709.obj,5634,11264,triangle,"{""min"": [1.73893, 1.34997, 0.304391], ""max"": [1.99154, 1.60258, 0.380591]}"
Drum,D00939.obj,5390,10532,triangle,"{""min"": [-0.148802, -0.144365, 0.0], ""max"": [0.137049, 0.148128, 0.262762]}"
Drum,D00951.obj,7993,15574,triangle,"{""min"": [1.66583, 0.82839, 0.392571], ""max"": [2.18442, 1.32317, 0.940617]}"
Drum,D00980.obj,5651,11181,triangle,"{""min"": [0.0, 0.0, 0.0], ""max"": [0.5834, 0.5834, 0.9578]}"
Drum,D00982.obj,7130,13872,triangle,"{""min"": [-0.159663, -0.080963, -0.020004], ""max"": [0.002263, 0.080963, 0.020325]}"
Fish,D00012.obj,7966,15202,triangle,"{""min"": [-1.05518, -0.391369, -0.33359], ""max"": [0.713382, 0.393205, 0.301782]}"
Fish,D00022.obj,9631,18256,triangle,"{""min"": [-1.13567, -0.372345, -0.253355], ""max"": [0.686773, 0.440886, 0.241122]}"
Fish,D00024.obj,9760,18669,triangle,"{""min"": [-1.10233, -0.254461, -0.272086], ""max"": [0.679145, 0.312381, 0.251856]}"
Fish,D00030.obj,9254,17640,triangle,"{""min"": [-0.6916, -0.307941, -0.194192], ""max"": [1.06021, 0.336697, 0.197393]}"
Fish,D00142.obj,8738,16492,triangle,"{""min"": [-0.587419, -0.527065, -0.336707], ""max"": [1.10759, 0.443873, 0.301658]}"
Fish,D00165.obj,8111,15560,triangle,"{""min"": [-0.721566, -0.289485, -0.299973], ""max"": [1.0557, 0.333933, 0.314918]}"
Fish,D00251.obj,9878,18546,triangle,"{""min"": [-1.12676, -0.621018, -0.40563], ""max"": [0.56197, 0.484538, 0.375834]}"
Fish,D00293.obj,7890,14924,triangle,"{""min"": [-1.10393, -0.484354, -0.325496], ""max"": [0.686576, 0.454548, 0.302995]}"
Fish,D00351.obj,9185,17269,triangle,"{""min"": [-1.118, -0.417415, -0.311242], ""max"": [0.607424, 0.470559, 0.312823]}"
Fish,D00398.obj,9521,17942,triangle,"{""min"": [-0.659736, -0.352784, -0.255863], ""max"": [1.04382, 0.415455, 0.225933]}"
Fish,D00450.obj,9389,17763,triangle,"{""min"": [-1.0845, -0.375535, -0.332976], ""max"": [0.656868, 0.3473, 0.321982]}"
Fish,D00535.obj,9869,18614,triangle,"{""min"": [-1.10592, -0.428851, -0.312952], ""max"": [0.668295, 0.492231, 0.306235]}"
Fish,D00633.obj,9355,17724,triangle,"{""min"": [-0.767358, -0.369286, -0.335369], ""max"": [1.02978, 0.346372, 0.28666]}"
Fish,D00636.obj,9520,17795,triangle,"{""min"": [-1.07007, -0.396668, -0.327637], ""max"": [0.622697, 0.339332, 0.327623]}"
Fish,D00643.obj,9578,18260,triangle,"{""min"": [-0.670672, -0.416426, -0.38279], ""max"": [0.983967, 0.362117, 0.358377]}"
Fish,D00682.obj,9742,18636,triangle,"{""min"": [-0.817069, -0.373849, -0.388286], ""max"": [1.08531, 0.291195, 0.370291]}"
Fish,D00748.obj,5044,8094,triangle,"{""min"": [-1.05002, -0.40181, -0.263805], ""max"": [0.736929, 0.303088, 0.253426]}"
Fish,D00763.obj,7949,14894,triangle,"{""min"": [-0.667665, -0.438571, -0.410754], ""max"": [1.15974, 0.643516, 0.395807]}"
Fish,D00850.obj,8420,15968,triangle,"{""min"": [-0.653742, -0.398371, -0.379481], ""max"": [1.10412, 0.353582, 0.359922]}"
Fish,D00950.obj,9625,18088,triangle,"{""min"": [-1.0048, -0.320455, -0.549373], ""max"": [0.653276, 0.364705, 0.55313]}"
FloorLamp,D00028.obj,8617,17172,triangle,"{""min"": [-0.512066, -0.274079, -0.358054], ""max"": [0.857443, 0.454505, 0.3706]}"
FloorLamp,D00093.obj,8073,16089,triangle,"{""min"": [-0.57033, -0.573733, -0.545006], ""max"": [0.5236, 0.521003, 1.03716]}"
FloorLamp,D00186.obj,7694,15316,triangle,"{""min"": [-0.625938, -0.507875, -0.520385], ""max"": [0.980022, 0.542201, 0.52978]}"
FloorLamp,D00211.obj,5097,9970,triangle,"{""min"": [-0.840113, -0.577233, -0.242279], ""max"": [0.802181, 0.310548, 0.330316]}"
FloorLamp,D00228.obj,5270,10528,triangle,"{""min"": [-0.654154, -0.544531, -0.556888], ""max"": [0.895962, 0.567995, 0.55567]}"
FloorLamp,D00388.obj,8025,15749,triangle,"{""min"": [-0.495216, -0.649654, -0.673652], ""max"": [0.979268, 0.664287, 0.640507]}"
FloorLamp,D00400.obj,9578,18962,triangle,"{""min"": [-0.757635, -0.465739, -0.466686], ""max"": [0.821496, 0.486915, 0.485898]}"
FloorLamp,D00408.obj,8239,16223,triangle,"{""min"": [-0.616008, -0.632876, -0.641696], ""max"": [0.925216, 0.66224, 0.637348]}"
FloorLamp,D00447.obj,9124,18222,triangle,"{""min"": [-0.963398, -0.671227, -0.662706], ""max"": [0.621942, 0.665523, 0.674666]}"
FloorLamp,D00495.obj,9312,18534,triangle,"{""min"": [-0.87269, -0.515695, -0.311082], ""max"": [0.400885, 0.357133, 0.360995]}"
FloorLamp,D00563.obj,8628,17137,triangle,"{""min"": [-0.911632, -0.509476, -0.511188], ""max"": [0.585579, 0.51286, 0.510969]}"
FloorLamp,D00580.obj,9225,17684,triangle,"{""min"": [-1.14253, -0.444224, -0.578098], ""max"": [0.828597, 0.752447, 0.620116]}"
FloorLamp,D00740.obj,9792,19568,triangle,"{""min"": [-0.762766, -0.524981, -0.518862], ""max"": [0.825336, 0.506107, 0.513242]}"
FloorLamp,D00856.obj,8121,16236,triangle,"{""min"": [-0.798935, -0.568265, -0.489934], ""max"": [0.773809, 0.44833, 0.533116]}"
FloorLamp,D00875.obj,8320,16407,triangle,"{""min"": [-0.947539, -0.42432, -0.431938], ""max"": [0.73091, 0.433591, 0.425882]}"
FloorLamp,D00876.obj,7899,15790,triangle,"{""min"": [-0.868162, -0.597088, -0.65649], ""max"": [0.60814, 0.720198, 0.676295]}"
FloorLamp,D00888.obj,7267,14528,triangle,"{""min"": [-0.91812, -0.369781, -0.503533], ""max"": [0.8264, 0.6119, 0.487681]}"
FloorLamp,D00924.obj,9659,19038,triangle,"{""min"": [-0.817161, -0.425956, -0.449487], ""max"": [0.860367, 0.464848, 0.439694]}"
FloorLamp,D00955.obj,8300,16560,triangle,"{""min"": [-0.750376, -0.508289, -0.498685], ""max"": [0.844038, 0.459079, 0.474606]}"
FloorLamp,D00981.obj,6575,12864,triangle,"{""min"": [-0.46224, -0.56175, -0.448819], ""max"": [1.0173, 0.360743, 0.47492]}"
FloorLamp,m617.obj,9651,19252,triangle,"{""min"": [0.025, 0.025, 0.025], ""max"": [0.381876, 0.975, 0.417182]}"
FloorLamp,m618.obj,6470,12928,triangle,"{""min"": [0.025, 0.025, 0.025], ""max"": [0.134223, 0.975, 0.134222]}"
FloorLamp,m619.obj,5617,11136,triangle,"{""min"": [0.025, 0.025, 0.025], ""max"": [0.174245, 0.975, 0.174245]}"
FloorLamp,m620.obj,5584,11058,triangle,"{""min"": [0.025, 0.025, 0.025], ""max"": [0.124357, 0.975, 0.116258]}"
FloorLamp,m621.obj,9530,18994,triangle,"{""min"": [0.0218596, 0.025, 0.0218559], ""max"": [0.147667, 0.975, 0.147663]}"
FloorLamp,m622.obj,8882,17570,triangle,"{""min"": [0.025, 0.025, 0.025], ""max"": [0.099219, 0.975, 0.20127]}"
FloorLamp,m623.obj,8407,16772,triangle,"{""min"": [0.025, 0.025, 0.025], ""max"": [0.284805, 0.975, 0.249998]}"
FloorLamp,m624.obj,9736,19456,triangle,"{""min"": [0.025, 0.025, 0.025], ""max"": [0.171154, 0.975, 0.368539]}"
Glasses,D00050.obj,5652,11300,triangle,"{""min"": [-0.731417, -0.349702, -0.156199], ""max"": [0.570185, 0.931312, 0.169875]}"
Glasses,D00201.obj,6519,12656,triangle,"{""min"": [-0.487773, -0.498747, -0.213041], ""max"": [0.639588, 0.555236, 0.214302]}"
Glasses,D00225.obj,6044,12000,triangle,"{""min"": [-0.541097, -0.533612, -0.174802], ""max"": [0.680631, 0.6235, 0.132124]}"
Glasses,D00432.obj,5790,11072,triangle,"{""min"": [-0.820419, -1.05912, -0.181248], ""max"": [0.744221, 0.462371, 0.089982]}"
Glasses,D00475.obj,6210,12368,triangle,"{""min"": [-0.80163, -0.587238, -0.109028], ""max"": [0.310515, 0.393097, 0.258456]}"
Glasses,D00507.obj,5652,11300,triangle,"{""min"": [-0.72408, -0.341379, -0.158945], ""max"": [0.574905, 0.932688, 0.166407]}"
Glasses,D00560.obj,9167,18273,triangle,"{""min"": [-0.612564, -0.450059, -0.197618], ""max"": [0.628514, 0.642684, 0.102262]}"
Glasses,D00575.obj,9027,17894,triangle,"{""min"": [-0.721997, -0.394149, -0.102883], ""max"": [0.444237, 0.891509, 0.122972]}"
Glasses,D00630.obj,9364,18594,triangle,"{""min"": [-0.66284, -0.782738, -0.245093], ""max"": [0.427605, 0.282376, 0.142124]}"
Glasses,D00640.obj,9979,19848,triangle,"{""min"": [-0.877076, -0.454786, -0.083929], ""max"": [0.419126, 0.850503, 0.132444]}"
Glasses,D00656.obj,9997,18319,triangle,"{""min"": [-0.692427, -0.563963, -0.17177], ""max"": [0.71929, 0.838516, 0.188258]}"
Glasses,D00660.obj,9290,18499,triangle,"{""min"": [-0.686586, -0.486169, -0.117187], ""max"": [0.69791, 0.902648, 0.109791]}"
Glasses,D00717.obj,7232,14416,triangle,"{""min"": [-0.721225, -0.358598, -0.233443], ""max"": [0.523228, 0.847715, 0.191492]}"
Glasses,D00730.obj,9890,19768,triangle,"{""min"": [-0.483262, -0.868901, -0.127724], ""max"": [0.648804, 0.380136, 0.09945]}"
Glasses,D00813.obj,8549,17021,triangle,"{""min"": [-0.592931, -0.442166, -0.220315], ""max"": [0.650733, 0.640606, 0.23731]}"
Glasses,D00816.obj,8292,16500,triangle,"{""min"": [-0.739573, -0.950918, -0.123246], ""max"": [0.543654, 0.332372, 0.088174]}"
Glasses,D00877.obj,8253,16042,triangle,"{""min"": [-0.799376, -0.656955, -0.262726], ""max"": [0.607667, 0.660164, 0.14246]}"
Glasses,D00883.obj,8670,17172,triangle,"{""min"": [-0.853337, -0.29359, -0.056078], ""max"": [0.503224, 1.0682, 0.153361]}"
Glasses,D00937.obj,8834,17664,triangle,"{""min"": [-0.525878, -0.389073, -0.151849], ""max"": [0.778809, 0.892906, 0.109602]}"
Glasses,D00994.obj,8668,17224,triangle,"{""min"": [-0.737751, -0.996489, -0.122722], ""max"": [0.312267, 0.253962, 0.137792]}"
Guitar,D00023.obj,9970,19641,triangle,"{""min"": [-0.796232, -0.262497, -0.054427], ""max"": [0.751486, 0.27479, 0.109924]}"
Guitar,D00041.obj,8144,15014,triangle,"{""min"": [-0.954516, -0.18077, -0.0400942], ""max"": [0.464493, 0.200318, 0.02737]}"
Guitar,D00076.obj,8888,15145,triangle,"{""min"": [-0.750277, -0.267778, -0.03372], ""max"": [0.80501, 0.303992, 0.055867]}"
Guitar,D00097.obj,7873,15654,triangle,"{""min"": [-0.736794, -0.21092, -0.120674], ""max"": [0.808166, 0.246712, 0.02709]}"
Guitar,D00124.obj,6015,11468,triangle,"{""min"": [-0.662394, -0.218193, -0.0472047], ""max"": [0.834363, 0.256949, 0.052156]}"
Guitar,D00222.obj,8834,17426,triangle,"{""min"": [-0.802099, -0.325662, -0.122863], ""max"": [1.00169, 0.298917, 0.090693]}"
Guitar,D00232.obj,6140,11543,triangle,"{""min"": [-0.669757, -0.33698, -0.054688], ""max"": [0.860566, 0.302068, 0.112353]}"
Guitar,D00335.obj,8914,17385,triangle,"{""min"": [-0.742243, -0.285896, -0.062144], ""max"": [0.775003, 0.246724, 0.129719]}"
Guitar,D00374.obj,5482,10220,triangle,"{""min"": [-1.04142, -0.226905, -0.08488], ""max"": [0.464543, 0.207119, 0.083787]}"
Guitar,D00414.obj,8733,15837,triangle,"{""min"": [-0.861591, -0.187211, -0.151303], ""max"": [0.777109, 0.326456, 0.097247]}"
Guitar,D00416.obj,7911,15298,triangle,"{""min"": [-0.872283, -0.288835, -0.093521], ""max"": [0.588507, 0.2832, 0.0574971]}"
Guitar,D00461.obj,8636,16930,triangle,"{""min"": [-0.787248, -0.239581, -0.047724], ""max"": [0.8791, 0.270428, 0.064037]}"
Guitar,D00464.obj,9147,17624,triangle,"{""min"": [-0.844418, -0.240079, -0.140326], ""max"": [0.698593, 0.411624, 0.111249]}"
Guitar,D00494.obj,9761,18112,triangle,"{""min"": [-0.826765, -0.175486, -0.069655], ""max"": [0.640354, 0.204035, 0.063467]}"
Guitar,D00534.obj,7342,14400,triangle,"{""min"": [-0.726362, -0.239725, -0.08063], ""max"": [0.720691, 0.227699, 0.07686]}"
Guitar,D00549.obj,8054,15666,triangle,"{""min"": [-0.663169, -0.278976, -0.021161], ""max"": [0.856067, 0.145906, 0.060895]}"
Guitar,D00645.obj,8426,16728,triangle,"{""min"": [-1.04426, -0.213903, -0.072762], ""max"": [0.431459, 0.315375, 0.060534]}"
Guitar,D00655.obj,5530,10792,triangle,"{""min"": [-0.774865, -0.305031, -0.015852], ""max"": [0.791883, 0.309747, 0.029027]}"
Guitar,D00844.obj,7614,13690,triangle,"{""min"": [-0.878815, -0.313658, -0.132861], ""max"": [0.725749, 0.30587, 0.214252]}"
Guitar,D00849.obj,8269,15429,triangle,"{""min"": [-0.674218, -0.286515, -0.057612], ""max"": [0.860378, 0.219462, 0.123724]}"
Gun,D00103.obj,8072,16079,triangle,"{""min"": [-0.795672, -0.453606, -0.096347], ""max"": [0.776603, 0.434456, 0.151426]}"
Gun,D00137.obj,5308,10332,triangle,"{""min"": [-1.04743, -0.362179, -0.112803], ""max"": [0.796371, 0.405965, 0.104621]}"
Gun,D00140.obj,9675,19074,triangle,"{""min"": [-1.01718, -0.329426, -0.126773], ""max"": [0.834684, 0.33998, 0.108157]}"
Gun,D00153.obj,5644,11264,triangle,"{""min"": [-0.774471, -0.435366, -0.109726], ""max"": [0.976852, 0.412921, 0.103612]}"
Gun,D00161.obj,7810,15588,triangle,"{""min"": [-0.79135, -0.452913, -0.153678], ""max"": [1.02624, 0.546079, 0.101841]}"
Gun,D00204.obj,8302,15576,triangle,"{""min"": [-0.781536, -0.608466, -0.128401], ""max"": [1.0094, 0.451569, 0.153606]}"
Gun,D00207.obj,8884,17386,triangle,"{""min"": [-0.482214, -0.442009, -0.150327], ""max"": [1.0129, 0.359644, 0.103828]}"
Gun,D00209.obj,7925,15772,triangle,"{""min"": [-1.01093, -0.578126, -0.168384], ""max"": [0.681591, 0.35909, 0.179591]}"
Gun,D00239.obj,8467,16912,triangle,"{""min"": [-0.645559, -0.260866, -0.05666], ""max"": [1.01275, 0.221899, 0.065709]}"
Gun,D00244.obj,9783,19497,triangle,"{""min"": [-0.755681, -0.426545, -0.166549], ""max"": [1.05437, 0.624702, 0.122758]}"
Gun,D00282.obj,8323,16557,triangle,"{""min"": [-1.08173, -0.268859, -0.131851], ""max"": [0.778063, 0.456446, 0.167787]}"
Gun,D00368.obj,7911,15790,triangle,"{""min"": [-0.896468, -0.548704, -0.142997], ""max"": [1.00275, 0.480616, 0.157207]}"
Gun,D00425.obj,8425,16491,triangle,"{""min"": [-0.816858, -0.405542, -0.07611], ""max"": [0.948911, 0.486052, 0.106463]}"
Gun,D00477.obj,7685,14788,triangle,"{""min"": [-0.88917, -0.142298, -0.069242], ""max"": [0.967026, 0.25725, 0.040597]}"
Gun,D00606.obj,8117,16217,triangle,"{""min"": [-0.745833, -0.401651, -0.222344], ""max"": [1.13767, 0.703257, 0.121314]}"
Gun,D00802.obj,9871,19706,triangle,"{""min"": [-0.541029, -0.314037, -0.088182], ""max"": [1.0134, 0.294637, 0.064344]}"
Gun,D00819.obj,9444,18602,triangle,"{""min"": [-0.754944, -0.584595, -0.132595], ""max"": [0.996926, 0.306185, 0.13543]}"
Gun,D00826.obj,9262,18378,triangle,"{""min"": [-0.842559, -0.297612, -0.119141], ""max"": [0.976257, 0.279814, 0.120482]}"
Gun,D00929.obj,8736,17396,triangle,"{""min"": [-0.822144, -0.551779, -0.112555], ""max"": [1.02365, 0.602898, 0.0740311]}"
Gun,D00972.obj,9777,19411,triangle,"{""min"": [-1.23352, -0.405593, -0.156665], ""max"": [0.633474, 0.572147, 0.180516]}"
Gun,m648.obj,8295,16542,triangle,"{""min"": [0.025, 0.025, 0.0249206], ""max"": [0.976607, 0.613562, 0.128692]}"
Gun,m649.obj,8354,15663,triangle,"{""min"": [0.025, 0.025, 0.0258051], ""max"": [0.975, 0.688071, 0.137957]}"
Gun,m650.obj,5357,9784,triangle,"{""min"": [0.025, 0.025, 0.025], ""max"": [0.975, 0.660075, 0.158238]}"
Gun,m651.obj,9345,18169,triangle,"{""min"": [0.025, 0.025, 0.025], ""max"": [0.268671, 0.639117, 0.975065]}"
Gun,m652.obj,8035,14174,triangle,"{""min"": [0.0131068, 0.025, 0.0254332], ""max"": [0.194431, 0.704267, 0.975]}"
Gun,m653.obj,8612,17200,triangle,"{""min"": [0.0249997, 0.025, 0.025], ""max"": [0.975, 0.466906, 0.16723]}"
Gun,m654.obj,9139,18238,triangle,"{""min"": [0.025, 0.0249913, 0.0249943], ""max"": [0.975, 0.555676, 0.114499]}"
Gun,m655.obj,5641,11248,triangle,"{""min"": [0.025, 0.025, 0.025], ""max"": [0.148819, 0.575499, 0.975]}"
Gun,m656.obj,8518,16946,triangle,"{""min"": [0.025, 0.025, 0.025], ""max"": [0.167515, 0.573957, 0.975]}"
Gun,m657.obj,9992,19938,triangle,"{""min"": [0.025, 0.025, 0.025], ""max"": [0.230622, 0.746772, 0.975]}"
Gun,m658.obj,9784,19497,triangle,"{""min"": [0.025, 0.025, 0.0294225], ""max"": [0.189951, 0.617093, 0.975]}"
Gun,m659.obj,7874,15595,triangle,"{""min"": [0.025, 0.025, 0.025], ""max"": [0.975, 0.497961, 0.165304]}"
Gun,m660.obj,9287,19392,triangle,"{""min"": [0.025, 0.025, 0.025], ""max"": [0.15705, 0.526839, 0.975027]}"
Gun,m661.obj,5434,10688,triangle,"{""min"": [0.025, 0.025, 0.025], ""max"": [0.975, 0.151189, 0.54785]}"
Gun,m662.obj,6703,13232,triangle,"{""min"": [0.025, 0.025, 0.025], ""max"": [0.975, 0.156909, 0.960369]}"
Gun,m663.obj,7438,14752,triangle,"{""min"": [0.025, 0.025, 0.025], ""max"": [0.975, 0.13951, 0.558544]}"
Gun,m664.obj,7911,15790,triangle,"{""min"": [0.025, 0.025, 0.025], ""max"": [0.974989, 0.721088, 0.199559]}"
Gun,m665.obj,7221,13996,triangle,"{""min"": [0.025, 0.025, 0.025], ""max"": [0.184942, 0.685913, 0.975]}"
Gun,m666.obj,8124,16283,triangle,"{""min"": [0.025, 0.025, 0.025], ""max"": [0.975, 0.69407, 0.267973]}"
Gun,m667.obj,9446,18669,triangle,"{""min"": [0.025, 0.025, 0.025], ""max"": [0.115473, 0.421568, 0.975]}"
Gun,m668.obj,5317,10136,triangle,"{""min"": [0.025, 0.025, 0.025], ""max"": [0.095224, 0.307539, 0.975]}"
Gun,m669.obj,8360,15854,triangle,"{""min"": [0.025, 0.025, 0.025], ""max"": [0.10005, 0.164887, 0.975]}"
Gun,m670.obj,7971,15910,triangle,"{""min"": [0.025, 0.025, 0.0193601], ""max"": [0.975, 0.336501, 0.071794]}"
Gun,m671.obj,7898,15656,triangle,"{""min"": [0.0249764, 0.025, 0.025], ""max"": [0.0754486, 0.237805, 0.975]}"
Gun,m672.obj,8078,16128,triangle,"{""min"": [0.025, 0.025, 0.025], ""max"": [0.068667, 0.238619, 0.975]}"
Gun,m674.obj,7722,15199,triangle,"{""min"": [0.025, 0.025, 0.025], ""max"": [0.071835, 0.254259, 0.975]}"
Gun,m675.obj,5580,10240,triangle,"{""min"": [0.025, 0.025, 0.025], ""max"": [0.975, 0.274906, 0.114237]}"
Gun,m676.obj,7370,14560,triangle,"{""min"": [0.025, 0.025, 0.025], ""max"": [0.194667, 0.269866, 0.975]}"
Gun,m677.obj,8074,16089,triangle,"{""min"": [0.025, 0.025, 0.0233754], ""max"": [0.975, 0.147214, 0.0620544]}"
Gun,m678.obj,9998,19243,triangle,"{""min"": [0.025, 0.025, 0.025], ""max"": [0.066242, 0.212036, 0.975]}"
Gun,m679.obj,7703,14792,triangle,"{""min"": [0.025, 0.025, 0.025], ""max"": [0.078136, 0.243081, 0.975]}"
Gun,m680.obj,8676,17152,triangle,"{""min"": [0.025, 0.025, 0.025], ""max"": [0.060861, 0.117273, 0.975]}"
Gun,m681.obj,9249,18288,triangle,"{""min"": [0.025, 0.025, 0.025], ""max"": [0.975, 0.08651, 0.284788]}"
Gun,m682.obj,7615,14752,triangle,"{""min"": [0.025, 0.025, 0.025], ""max"": [0.975, 0.090654, 0.299704]}"
Gun,m683.obj,7489,14816,triangle,"{""min"": [0.025, 0.025, 0.025], ""max"": [0.190799, 0.093371, 0.975]}"
Gun,m684.obj,9584,19076,triangle,"{""min"": [0.025, 0.025, 0.025], ""max"": [0.975, 0.520892, 0.330532]}"
Gun,m685.obj,9421,18799,triangle,"{""min"": [0.025, 0.025, 0.025], ""max"": [0.188184, 0.337259, 0.975]}"
Gun,m686.obj,9239,17233,triangle,"{""min"": [0.025, 0.025, 0.025], ""max"": [0.975, 0.10846, 0.256575]}"
Hand,D01006.obj,7929,15853,triangle,"{""min"": [0.025, 0.025, 0.025], ""max"": [0.576129, 0.975, 0.67506]}"
Hand,D01020.obj,8524,17044,triangle,"{""min"": [-0.392205, -0.716188, -0.321593], ""max"": [0.324763, 0.978171, 0.425116]}"
Hand,D01022.obj,9628,19392,triangle,"{""min"": [0.025, 0.025, 0.025], ""max"": [0.975, 0.39912, 0.522038]}"
Hand,D01024.obj,6540,13056,triangle,"{""min"": [0.025, 0.025, 0.025], ""max"": [0.795743, 0.975, 0.40055]}"
Hand,D01041.obj,5953,11512,triangle,"{""min"": [0.025, 0.025, 0.025], ""max"": [0.465624, 0.975, 0.533065]}"
Hand,D01060.obj,5853,11312,triangle,"{""min"": [0.025, 0.025, 0.025], ""max"": [0.426691, 0.975, 0.525357]}"
Hand,D01074.obj,6703,13392,triangle,"{""min"": [0.025, 0.025, 0.025], ""max"": [0.384709, 0.975, 0.563866]}"
Hand,D01093.obj,8471,16938,triangle,"{""min"": [-0.438509, -0.763159, -0.282379], ""max"": [0.357895, 0.989234, 0.378968]}"
Hand,D01097.obj,6191,12378,triangle,"{""min"": [0.025, 0.025, 0.025], ""max"": [0.87866, 0.975, 0.354297]}"
Hand,D01106.obj,8961,17864,triangle,"{""min"": [0.025, 0.025, 0.025], ""max"": [0.190557, 0.134926, 0.975]}"
Hand,D01117.obj,6038,12072,triangle,"{""min"": [0.025, 0.025, 0.025], ""max"": [0.975, 0.850934, 0.263156]}"
Hand,D01118.obj,6222,12440,triangle,"{""min"": [0.025, 0.025, 0.025], ""max"": [0.572276, 0.346703, 0.975]}"
Hand,D01153.obj,9556,19108,triangle,"{""min"": [0.0250707, 0.0250211, 0.0250014], ""max"": [0.354613, 0.293481, 0.974997]}"
Hand,D01162.obj,8151,16298,triangle,"{""min"": [0.025, 0.025, 0.025], ""max"": [0.858363, 0.783293, 0.975]}"
Hand,D01170.obj,6182,12360,triangle,"{""min"": [0.025, 0.025, 0.025], ""max"": [0.489372, 0.367234, 0.975]}"
Hand,D01172.obj,8234,16170,triangle,"{""min"": [0.0251134, 0.025, 0.025], ""max"": [0.351535, 0.975, 0.370448]}"
Hand,D01193.obj,6146,12288,triangle,"{""min"": [0.025, 0.025, 0.025], ""max"": [0.775154, 0.395345, 0.975]}"
Hand,D01197.obj,7112,14220,triangle,"{""min"": [-0.527846, -0.584171, -0.265788], ""max"": [0.706539, 0.991672, 0.368778]}"
Hand,D01198.obj,7694,15384,triangle,"{""min"": [0.025, 0.025, 0.025], ""max"": [0.245675, 0.179601, 0.975]}"
Hand,D01200.obj,7314,14624,triangle,"{""min"": [-0.409487, -0.623273, -0.258065], ""max"": [0.345461, 0.982069, 0.348208]}"
Hand,m323.obj,8235,16171,triangle,"{""min"": [0.0251135, 0.025, 0.025], ""max"": [0.351535, 0.975, 0.370448]}"
Hand,m324.obj,9556,19108,triangle,"{""min"": [0.0250705, 0.0250212, 0.0250014], ""max"": [0.354613, 0.293481, 0.974997]}"
Hand,m325.obj,5953,11512,triangle,"{""min"": [0.025, 0.025, 0.025], ""max"": [0.465624, 0.975, 0.533065]}"
Hand,m326.obj,5853,11312,triangle,"{""min"": [0.025, 0.025, 0.025], ""max"": [0.426691, 0.975, 0.525357]}"
Hand,m327.obj,6146,12288,triangle,"{""min"": [0.025, 0.025, 0.025], ""max"": [0.775154, 0.395345, 0.975]}"
Hand,m328.obj,6038,12072,triangle,"{""min"": [0.025, 0.025, 0.025], ""max"": [0.975, 0.850934, 0.263156]}"
Hand,m329.obj,6191,12378,triangle,"{""min"": [0.025, 0.025, 0.025], ""max"": [0.87866, 0.975, 0.354297]}"
Hand,m330.obj,9628,19392,triangle,"{""min"": [0.025, 0.025, 0.025], ""max"": [0.975, 0.39912, 0.522038]}"
Hand,m331.obj,6703,13392,triangle,"{""min"": [0.025, 0.025, 0.025], ""max"": [0.384709, 0.975, 0.563866]}"
Hand,m332.obj,8151,16298,triangle,"{""min"": [0.025, 0.025, 0.025], ""max"": [0.858363, 0.783293, 0.975]}"
Hand,m333.obj,8921,17838,triangle,"{""min"": [0.025, 0.025, 0.025], ""max"": [0.908244, 0.665105, 0.975]}"
Hand,m334.obj,6540,13056,triangle,"{""min"": [0.025, 0.025, 0.025], ""max"": [0.795743, 0.975, 0.40055]}"
Hand,m335.obj,7929,15853,triangle,"{""min"": [0.025, 0.025, 0.025], ""max"": [0.576129, 0.975, 0.67506]}"
Hand,m336.obj,6222,12440,triangle,"{""min"": [0.025, 0.025, 0.025], ""max"": [0.572276, 0.346703, 0.975]}"
Hand,m337.obj,7694,15384,triangle,"{""min"": [0.025, 0.025, 0.025], ""max"": [0.245675, 0.179601, 0.975]}"
Hand,m338.obj,6182,12360,triangle,"{""min"": [0.025, 0.025, 0.025], ""max"": [0.489372, 0.367234, 0.975]}"
Hand,m339.obj,8961,17864,triangle,"{""min"": [0.025, 0.025, 0.025], ""max"": [0.190557, 0.134926, 0.975]}"
Hat,m1627.obj,8736,17452,triangle,"{""min"": [0.025, 0.025, 0.025], ""max"": [0.975, 0.462361, 0.690203]}"
Hat,m1628.obj,7893,14600,triangle,"{""min"": [0.025, 0.025, 0.025], ""max"": [0.790791, 0.58507, 0.975]}"
Hat,m1629.obj,9071,17096,triangle,"{""min"": [0.025, 0.025, 0.025], ""max"": [0.729621, 0.448129, 0.975]}"
Hat,m1630.obj,8962,17920,triangle,"{""min"": [0.025, 0.025, 0.025], ""max"": [0.892071, 0.447202, 0.975]}"
Hat,m1631.obj,7568,13640,triangle,"{""min"": [0.025, 0.025, 0.025], ""max"": [0.854637, 0.488631, 0.975]}"
Hat,m1632.obj,5055,10056,triangle,"{""min"": [0.025, 0.025, 0.025], ""max"": [0.862625, 0.795065, 0.975]}"
Hat,m1633.obj,5441,10612,triangle,"{""min"": [0.025, 0.025, 0.025], ""max"": [0.505742, 0.849176, 0.975]}"
Hat,m1634.obj,5814,11562,triangle,"{""min"": [0.025, 0.025, 0.025], ""max"": [0.927438, 0.685583, 0.975]}"
Hat,m1635.obj,5071,10165,triangle,"{""min"": [0.025, 0.025, 0.025], ""max"": [0.844032, 0.698107, 0.975]}"
Hat,m1636.obj,6786,13568,triangle,"{""min"": [0.025, 0.025, 0.025], ""max"": [0.893712, 0.898678, 0.975]}"
Hat,m1637.obj,8738,17472,triangle,"{""min"": [0.025, 0.025, 0.025], ""max"": [0.784695, 0.681205, 0.975]}"
Hat,m1638.obj,8796,17614,triangle,"{""min"": [0.025, 0.025, 0.025], ""max"": [0.789762, 0.484525, 0.975]}"
Hat,m1639.obj,8053,15984,triangle,"{""min"": [0.025, 0.025, 0.025], ""max"": [0.664693, 0.975, 0.892742]}"
Hat,m1640.obj,8738,17472,triangle,"{""min"": [0.025, 0.025, 0.025], ""max"": [0.727928, 0.704653, 0.975]}"
Hat,m1641.obj,5006,10000,triangle,"{""min"": [0.025, 0.025, 0.025], ""max"": [0.558568, 0.975, 0.771103]}"
Helicopter,D00038.obj,8266,15109,triangle,"{""min"": [-0.852061, -0.325843, -0.198539], ""max"": [1.00076, 0.183623, 0.129104]}"
Helicopter,D00191.obj,9559,18291,triangle,"{""min"": [-0.920097, -0.62371, -0.258189], ""max"": [0.746514, 0.731472, 0.335164]}"
Helicopter,D00361.obj,8465,15266,triangle,"{""min"": [-0.890476, -0.648252, -0.281569], ""max"": [0.862168, 0.747553, 0.198085]}"
Helicopter,D00397.obj,5207,7969,triangle,"{""min"": [-0.812536, -0.539772, -0.288629], ""max"": [0.953353, 0.837998, 0.23361]}"
Helicopter,D00423.obj,5364,10672,triangle,"{""min"": [-1.07205, -0.619176, -0.180666], ""max"": [0.614204, 0.674197, 0.309461]}"
Helicopter,D00470.obj,7387,14720,triangle,"{""min"": [-1.04656, -0.470549, -0.440528], ""max"": [0.761715, 0.804983, 0.212143]}"
Helicopter,D00471.obj,8570,15886,triangle,"{""min"": [-1.01465, -0.717971, -0.277086], ""max"": [0.908684, 0.799765, 0.218196]}"
Helicopter,D00473.obj,9358,17272,triangle,"{""min"": [-0.983973, -0.508541, -0.802736], ""max"": [0.736932, 0.369741, 0.567885]}"
Helicopter,D00498.obj,5786,10472,triangle,"{""min"": [-1.05983, -0.649526, -0.184428], ""max"": [0.718282, 0.6884, 0.297431]}"
Helicopter,D00500.obj,8944,16642,triangle,"{""min"": [-1.02993, -0.9081, -0.252585], ""max"": [0.754817, 0.459728, 0.219288]}"
Helicopter,D00502.obj,8232,15960,triangle,"{""min"": [-1.0631, -0.309767, -0.659235], ""max"": [0.87532, 0.274745, 0.600796]}"
Helicopter,D00644.obj,9368,18751,triangle,"{""min"": [-0.956766, -0.797532, -0.198452], ""max"": [0.915132, 0.934814, 0.16165]}"
Helicopter,D00658.obj,7859,14392,triangle,"{""min"": [-0.730697, -0.551787, -0.328449], ""max"": [1.0857, 0.834034, 0.248646]}"
Helicopter,D00751.obj,9679,18581,triangle,"{""min"": [-0.969644, -0.744752, -0.202847], ""max"": [0.797196, 0.770175, 0.258086]}"
Helicopter,D00796.obj,9371,18369,triangle,"{""min"": [-0.749979, -0.889721, -0.316135], ""max"": [0.832151, 0.939418, 0.245196]}"
Helicopter,D00820.obj,9278,15860,triangle,"{""min"": [-0.663932, -0.607224, -0.242884], ""max"": [0.844106, 0.494945, 0.261522]}"
Helicopter,D00868.obj,8543,16536,triangle,"{""min"": [-0.633154, -0.5954, -0.13749], ""max"": [1.01322, 0.654355, 0.174547]}"
Helicopter,D00977.obj,5429,8458,triangle,"{""min"": [-0.9477, -0.601495, -0.220123], ""max"": [0.847368, 0.761031, 0.231861]}"
Helicopter,D00986.obj,9246,17995,triangle,"{""min"": [-0.780846, -0.471915, -0.122947], ""max"": [0.956675, 0.732233, 0.175549]}"
Helicopter,D00991.obj,7310,13440,triangle,"{""min"": [-1.03598, -0.30443, -0.255449], ""max"": [0.65601, 0.543631, 0.384601]}"
Helicopter,m1302.obj,8467,16134,triangle,"{""min"": [0.025, 0.025, 0.028724], ""max"": [0.211885, 0.289754, 0.975]}"
Helicopter,m1304.obj,9159,18239,triangle,"{""min"": [0.025, 0.025, 0.025], ""max"": [0.266506, 0.373271, 0.975]}"
Helicopter,m1305.obj,7105,14164,triangle,"{""min"": [0.025, 0.025, 0.025], ""max"": [0.975, 0.271097, 0.166684]}"
Helicopter,m1306.obj,8547,16924,triangle,"{""min"": [0.025, 0.025, 0.025], ""max"": [0.751962, 0.310837, 0.975]}"
Helicopter,m1307.obj,9610,18935,triangle,"{""min"": [0.025, 0.025, 0.025], ""max"": [0.753955, 0.336938, 0.975]}"
Helicopter,m1308.obj,9827,19602,triangle,"{""min"": [0.025, 0.025, 0.025], ""max"": [0.915335, 0.251275, 0.975]}"
Helicopter,m1309.obj,7468,13584,triangle,"{""min"": [0.0249987, 0.025, 0.025], ""max"": [0.975, 0.266242, 0.652485]}"
Helicopter,m1310.obj,5364,10664,triangle,"{""min"": [0.025, 0.025, 0.025], ""max"": [0.77452, 0.29927, 0.975]}"
Helicopter,m1311.obj,8772,17540,triangle,"{""min"": [0.025, 0.025, 0.0260149], ""max"": [0.851879, 0.207, 0.975]}"
Helicopter,m1312.obj,9371,18369,triangle,"{""min"": [0.025, 0.025, 0.025], ""max"": [0.975, 0.311245, 0.839692]}"
Helicopter,m1313.obj,6166,11808,triangle,"{""min"": [0.025, 0.025, 0.025], ""max"": [0.813506, 0.975, 0.29115]}"
Helicopter,m1314.obj,6246,11856,triangle,"{""min"": [0.025, 0.025, 0.025], ""max"": [0.975, 0.767999, 0.391399]}"
Helicopter,m1315.obj,7098,13504,triangle,"{""min"": [0.025, 0.025, 0.025], ""max"": [0.752246, 0.975, 0.226254]}"
Helicopter,m1316.obj,5580,10464,triangle,"{""min"": [0.025, 0.025, 0.025], ""max"": [0.975, 0.580851, 0.263677]}"
Helicopter,m1317.obj,9248,17996,triangle,"{""min"": [0.025, 0.025, 0.025], ""max"": [0.975, 0.669317, 0.224073]}"
Helicopter,m1318.obj,9209,17959,triangle,"{""min"": [0.025, 0.025, 0.025], ""max"": [0.975, 0.75913, 0.250313]}"
Helicopter,m1319.obj,8368,16064,triangle,"{""min"": [0.025, 0.025, 0.025], ""max"": [0.687735, 0.975, 0.178555]}"
Helicopter,m1320.obj,7627,14163,triangle,"{""min"": [0.025, 0.025, 0.025], ""max"": [0.762713, 0.312566, 0.975]}"
Helicopter,m1321.obj,8201,15924,triangle,"{""min"": [0.025, 0.025, 0.025], ""max"": [0.658962, 0.279761, 0.975063]}"
Helicopter,m1322.obj,7964,15848,triangle,"{""min"": [0.025, 0.025, 0.025], ""max"": [0.858476, 0.975, 0.290439]}"
Helicopter,m1323.obj,5728,10160,triangle,"{""min"": [0.025, 0.025, 0.025], ""max"": [0.802266, 0.474942, 0.975]}"
Helicopter,m1325.obj,5410,9368,triangle,"{""min"": [0.025, 0.026322, 0.025], ""max"": [0.837723, 0.975, 0.299723]}"
Helicopter,m1326.obj,5240,9188,triangle,"{""min"": [0.02528, 0.025, 0.025], ""max"": [0.97366, 0.30347, 0.835927]}"
Helicopter,m1327.obj,7414,14163,triangle,"{""min"": [0.025, 0.025, 0.025], ""max"": [0.762712, 0.975, 0.312559]}"
Helicopter,m1328.obj,7839,15690,triangle,"{""min"": [0.025, 0.025, 0.025], ""max"": [0.975, 0.318917, 0.789381]}"
Helicopter,m1329.obj,7846,15500,triangle,"{""min"": [0.025, 0.025, 0.025], ""max"": [0.787129, 0.574544, 0.975]}"
Helicopter,m1330.obj,9973,19846,triangle,"{""min"": [0.025, 0.025, 0.025], ""max"": [0.222571, 0.250695, 0.974389]}"
Helicopter,m1332.obj,7387,14720,triangle,"{""min"": [0.025, 0.025, 0.025], ""max"": [0.729325, 0.320984, 0.975]}"
Helicopter,m1333.obj,6916,13664,triangle,"{""min"": [0.025, 0.025, 0.025], ""max"": [0.815941, 0.273015, 0.975]}"
Helicopter,m1334.obj,8840,17540,triangle,"{""min"": [0.025, 0.025, 0.025], ""max"": [0.815539, 0.272406, 0.975]}"
Helicopter,m1336.obj,7945,15800,triangle,"{""min"": [0.025, 0.0227413, 0.025], ""max"": [0.740421, 0.298725, 0.975]}"
House,D00001.obj,9240,11009,triangle,"{""min"": [-0.725983, -0.989338, -0.54204], ""max"": [1.0083, 0.753159, 0.439928]}"
House,D00044.obj,7997,14865,triangle,"{""min"": [-0.708583, -0.698916, -0.488624], ""max"": [0.932177, 0.993506, 0.481474]}"
House,D00091.obj,6468,12288,triangle,"{""min"": [-1.13091, -0.742037, -0.348436], ""max"": [0.54241, 0.5683, 0.703398]}"
House,D00095.obj,6641,13216,triangle,"{""min"": [-0.759361, -0.941489, -0.22936], ""max"": [1.17385, 0.914965, 0.497921]}"
House,D00286.obj,8511,13806,triangle,"{""min"": [-0.857416, -0.919802, -0.387521], ""max"": [0.880342, 0.854694, 0.521237]}"
House,D00325.obj,8462,16494,triangle,"{""min"": [-0.612132, -0.782742, -0.944942], ""max"": [1.00306, 0.784967, 0.684138]}"
House,D00359.obj,8935,11390,triangle,"{""min"": [-1.01194, -0.933903, -0.420429], ""max"": [0.722748, 0.827164, 0.609186]}"
House,D00389.obj,9096,9015,triangle,"{""min"": [-1.08365, -0.830679, -0.454889], ""max"": [0.749038, 0.871337, 0.476385]}"
House,D00415.obj,8416,13892,triangle,"{""min"": [-0.796194, -0.631622, -0.968474], ""max"": [0.780989, 0.446287, 0.397698]}"
House,D00454.obj,5500,10204,triangle,"{""min"": [-0.791773, -0.631246, -0.254815], ""max"": [1.06149, 0.480165, 0.497624]}"
House,D00568.obj,8559,16798,triangle,"{""min"": [-0.568385, -0.573567, -0.87708], ""max"": [1.0051, 0.685736, 0.441765]}"
House,D00574.obj,9524,6421,triangle,"{""min"": [-0.93802, -0.88054, -0.39995], ""max"": [0.538054, 0.533815, 0.340938]}"
House,D00665.obj,9138,15749,triangle,"{""min"": [-0.808512, -0.817056, -0.625194], ""max"": [0.873839, 0.796548, 0.642041]}"
House,D00873.obj,6349,11067,triangle,"{""min"": [-0.727891, -0.804818, -0.470024], ""max"": [1.06092, 1.00815, 0.369889]}"
House,D00889.obj,8955,17890,triangle,"{""min"": [-0.803571, -0.905614, -0.342159], ""max"": [1.03017, 0.809153, 0.582333]}"
House,D00901.obj,9931,16066,triangle,"{""min"": [-0.811374, -1.00023, -0.516602], ""max"": [0.975421, 0.782342, 0.385005]}"
House,D00903.obj,9842,12185,triangle,"{""min"": [-1.05637, -0.789526, -0.460209], ""max"": [0.729164, 0.677664, 0.436233]}"
House,D00941.obj,8511,15796,triangle,"{""min"": [-0.763097, -0.626248, -0.369734], ""max"": [1.00679, 0.222043, 0.427775]}"
House,D00946.obj,7306,14246,triangle,"{""min"": [-0.586741, -0.7919, -0.638984], ""max"": [0.947118, 0.772569, 0.586171]}"
House,D00965.obj,5890,10976,triangle,"{""min"": [-0.924144, -0.920493, -0.397412], ""max"": [0.785336, 0.799208, 0.337556]}"
House,m423.obj,6290,12288,triangle,"{""min"": [0.025, 0.025, 0.025], ""max"": [0.975, 0.309109, 0.390835]}"
House,m429.obj,7896,15265,triangle,"{""min"": [0.025, 0.025, 0.025], ""max"": [0.975, 0.563535, 0.94639]}"
House,m430.obj,5937,11020,triangle,"{""min"": [0.025, 0.025, 0.025], ""max"": [0.975, 0.452011, 0.72239]}"
House,m431.obj,8670,15062,triangle,"{""min"": [0.025, -3.52666e-05, 0.025], ""max"": [0.975197, 0.165267, 0.482454]}"
House,m432.obj,7838,15063,triangle,"{""min"": [0.025, 0.025, 0.025], ""max"": [0.975, 0.329799, 0.956643]}"
House,m433.obj,8676,16384,triangle,"{""min"": [0.025, 0.025, 0.025], ""max"": [0.975, 0.224068, 0.888636]}"
House,m434.obj,3457,6656,triangle,"{""min"": [0.025, 0.025, 0.025], ""max"": [0.658333, 0.975, 0.975]}"
House,m435.obj,5817,11136,triangle,"{""min"": [0.025, 0.025, 0.025], ""max"": [0.975, 0.345625, 0.5]}"
House,m436.obj,8312,15360,triangle,"{""min"": [0.025, 0.025, 0.025], ""max"": [0.975, 0.351567, 0.485656]}"
House,m439.obj,9384,18588,triangle,"{""min"": [0.025, 0.0231874, 0.025], ""max"": [0.588834, 0.191202, 0.975]}"
House,m440.obj,7206,14496,triangle,"{""min"": [0.025, 0.025, 0.025], ""max"": [0.651807, 0.465723, 0.975]}"
House,m441.obj,6627,8864,triangle,"{""min"": [0.025, 0.0244333, 0.025], ""max"": [0.677893, 0.437597, 0.975]}"
House,m443.obj,9890,18680,triangle,"{""min"": [0.025, 0.025, 0.025], ""max"": [0.578512, 0.464669, 0.975]}"
House,m446.obj,7919,13347,triangle,"{""min"": [0.025, 0.025, 0.025], ""max"": [0.975, 0.278717, 0.690334]}"
House,m447.obj,5213,9480,triangle,"{""min"": [0.025, 0.025, 0.025], ""max"": [0.975, 0.476412, 0.465257]}"
House,m448.obj,9016,17409,triangle,"{""min"": [0.025, 0.025, 0.025], ""max"": [0.714563, 0.975, 0.899309]}"
House,m449.obj,8486,16373,triangle,"{""min"": [0.025, 0.025, 0.025], ""max"": [0.680584, 0.524678, 0.975]}"
House,m451.obj,7918,15174,triangle,"{""min"": [0.025, 0.0236723, 0.025], ""max"": [0.975, 0.246661, 0.537424]}"
House,m452.obj,7939,15886,triangle,"{""min"": [0.025, 0.025, 0.025], ""max"": [0.975, 0.743442, 0.766431]}"
House,m453.obj,7838,15948,triangle,"{""min"": [0.025, 0.025, 0.025], ""max"": [0.975, 0.825198, 0.739061]}"
House,m454.obj,7480,13824,triangle,"{""min"": [0.025, 0.025, 0.025], ""max"": [0.975, 0.3874, 0.55505]}"
House,m456.obj,6414,10624,triangle,"{""min"": [0.025, 0.025, 0.025], ""max"": [0.975, 0.484462, 0.942795]}"
House,m457.obj,9890,18680,triangle,"{""min"": [0.025, 0.025, 0.025], ""max"": [0.578512, 0.464669, 0.975]}"
House,m460.obj,9213,16335,triangle,"{""min"": [0.025, 0.0131015, 0.025], ""max"": [0.975, 0.680991, 0.755004]}"
House,m461.obj,9894,19718,triangle,"{""min"": [0.025, 0.0248654, 0.025], ""max"": [0.975, 0.825235, 0.716057]}"
House,m462.obj,3010,5632,triangle,"{""min"": [0.025, 0.025, 0.025], ""max"": [0.680247, 0.60382, 0.975]}"
HumanHead,D00013.obj,5228,10203,triangle,"{""min"": [-3.80574, -0.905669, 15.1802], ""max"": [-1.68524, 1.57128, 18.3088]}"
HumanHead,D00061.obj,7211,13124,triangle,"{""min"": [2.83774, 3.56151, 10.7834], ""max"": [4.05842, 5.1757, 12.925]}"
HumanHead,D00072.obj,5284,10387,triangle,"{""min"": [-1.97504, -0.950931, 0.004771], ""max"": [-0.280246, 0.917072, 2.4266]}"
HumanHead,D00106.obj,5276,10432,triangle,"{""min"": [-0.484285, -0.172062, -0.062946], ""max"": [0.457483, 0.653258, 1.13525]}"
HumanHead,D00131.obj,5161,10222,triangle,"{""min"": [0.000975659, -7.30314, 5.14742], ""max"": [3.7345, -2.34325, 11.029]}"
HumanHead,D00205.obj,7819,15478,triangle,"{""min"": [-4.16077, 1.33721, -4.33926], ""max"": [1.06683, 8.1977, 4.8042]}"
HumanHead,D00313.obj,6146,12288,triangle,"{""min"": [0.154346, 0.153909, 0.164127], ""max"": [0.463039, 0.461727, 0.492382]}"
HumanHead,D00434.obj,9136,18075,triangle,"{""min"": [-2.33279, -2.77522, -0.345865], ""max"": [2.51638, 4.08826, 5.56217]}"
HumanHead,D00487.obj,9999,19855,triangle,"{""min"": [-0.383864, -1.35988, -0.007895], ""max"": [0.390676, -0.567343, 0.973781]}"
HumanHead,D00488.obj,6211,12349,triangle,"{""min"": [-0.1068, 1.6164, -0.005186], ""max"": [0.107003, 1.85664, 0.252218]}"
HumanHead,D00566.obj,7540,14800,triangle,"{""min"": [11598.8, -11225.9, 7202.79], ""max"": [11787.1, -10979.0, 7483.18]}"
HumanHead,D00578.obj,7968,15823,triangle,"{""min"": [-33.6143, -30.3405, -0.288122], ""max"": [0.060443, 1.37269, 39.2622]}"
HumanHead,D00591.obj,5167,10112,triangle,"{""min"": [-1.15729, -1.19965, -2.4486], ""max"": [1.21417, 2.55813, 2.37437]}"
HumanHead,D00610.obj,9677,19130,triangle,"{""min"": [-0.504645, -0.995498, -0.378643], ""max"": [1.3707, 0.99645, 2.1663]}"
HumanHead,D00629.obj,8167,15496,triangle,"{""min"": [-2.23923, -3.13151, 0.302381], ""max"": [-0.927381, -1.91993, 1.80771]}"
HumanHead,D00653.obj,8943,17714,triangle,"{""min"": [-3.14009, 3.6999, -1.58123], ""max"": [-1.51967, 5.59639, 1.43292]}"
HumanHead,D00690.obj,8028,15885,triangle,"{""min"": [8.09076, 9.93985, 0.614052], ""max"": [11.1371, 13.6901, 4.81093]}"
HumanHead,D00758.obj,8179,16108,triangle,"{""min"": [25.2853, 0.006541, 2.47476], ""max"": [25.8752, 0.667125, 3.25706]}"
HumanHead,D00910.obj,5332,10616,triangle,"{""min"": [-0.934193, -0.306695, 0.0], ""max"": [0.934193, 1.70131, 2.31578]}"
HumanHead,D00984.obj,9235,18412,triangle,"{""min"": [0.702217, -2.2411, -1.39246], ""max"": [5.71839, 1.9349, 5.26677]}"
HumanHead,m340.obj,5642,11160,triangle,"{""min"": [0.025, 0.025, 0.025], ""max"": [0.899009, 0.975, 0.948445]}"
HumanHead,m341.obj,7368,14416,triangle,"{""min"": [0.025, 0.025, 0.025], ""max"": [0.677855, 0.975, 0.821646]}"
HumanHead,m342.obj,5712,10564,triangle,"{""min"": [0.035556, 0.025, 0.025], ""max"": [0.703645, 0.975, 0.828088]}"
HumanHead,m343.obj,7704,14972,triangle,"{""min"": [0.025, 0.025, 0.025], ""max"": [0.691565, 0.975, 0.831068]}"
HumanHead,m344.obj,7487,14068,triangle,"{""min"": [0.025, 0.025, 0.025], ""max"": [0.565271, 0.764697, 0.975]}"
HumanHead,m345.obj,7992,14968,triangle,"{""min"": [0.025, 0.025, 0.025], ""max"": [0.956833, 0.975, 0.901069]}"
HumanHead,m346.obj,7447,14704,triangle,"{""min"": [0.025, 0.025, 0.025], ""max"": [0.600914, 0.975, 0.759248]}"
HumanHead,m347.obj,8666,17396,triangle,"{""min"": [0.025, 0.025, 0.025], ""max"": [0.577333, 0.975, 0.761331]}"
HumanHead,m348.obj,9148,18008,triangle,"{""min"": [0.025, 0.025, 0.025], ""max"": [0.601714, 0.975, 0.746015]}"
HumanHead,m349.obj,8029,15440,triangle,"{""min"": [0.025, 0.025092, 0.025], ""max"": [0.716152, 0.975, 0.797491]}"
HumanHead,m350.obj,8009,15784,triangle,"{""min"": [0.025, 0.025, 0.025], ""max"": [0.975, 0.942992, 0.950643]}"
HumanHead,m351.obj,8142,15817,triangle,"{""min"": [0.025, 0.025, 0.025], ""max"": [0.736533, 0.975, 0.842455]}"
HumanHead,m352.obj,9865,19152,triangle,"{""min"": [0.025, 0.025, 0.025], ""max"": [0.747311, 0.975, 0.941067]}"
HumanHead,m353.obj,7896,15788,triangle,"{""min"": [0.025, 0.025, 0.025], ""max"": [0.699801, 0.975, 0.854086]}"
HumanHead,m354.obj,9548,19084,triangle,"{""min"": [0.025, 0.025, 0.025], ""max"": [0.548439, 0.975, 0.705157]}"
HumanHead,m355.obj,9478,18952,triangle,"{""min"": [0.025, 0.025, 0.025], ""max"": [0.583424, 0.975, 0.783781]}"
HumanHead,m356.obj,8600,17196,triangle,"{""min"": [0.025, 0.025, 0.025], ""max"": [0.743412, 0.975, 0.920425]}"
HumanHead,m357.obj,9436,18868,triangle,"{""min"": [0.025, 0.025, 0.025], ""max"": [0.763762, 0.975, 0.934332]}"
HumanHead,m358.obj,9990,19698,triangle,"{""min"": [0.025, 0.025, 0.025], ""max"": [0.639618, 0.975, 0.803968]}"
HumanHead,m359.obj,8312,16380,triangle,"{""min"": [0.025, 0.025, 0.025], ""max"": [0.848333, 0.959167, 0.975]}"
HumanHead,m360.obj,9366,18728,triangle,"{""min"": [0.025, 0.025, 0.025], ""max"": [0.745789, 0.975, 0.884689]}"
HumanHead,m361.obj,9789,19252,triangle,"{""min"": [0.025, 0.025, 0.025], ""max"": [0.675685, 0.975, 0.740753]}"
HumanHead,m362.obj,8991,17970,triangle,"{""min"": [0.025, 0.0244948, 0.025], ""max"": [0.724783, 0.975, 0.775748]}"
HumanHead,m363.obj,7368,14416,triangle,"{""min"": [0.025, 0.025, 0.025], ""max"": [0.713112, 0.975, 0.895097]}"
HumanHead,m364.obj,8280,16107,triangle,"{""min"": [0.025, 0.025, 0.025], ""max"": [0.671742, 0.975, 0.91194]}"
HumanHead,m365.obj,9645,19286,triangle,"{""min"": [0.025, 0.025, 0.025], ""max"": [0.823412, 0.975, 0.685598]}"
HumanHead,m366.obj,9266,18503,triangle,"{""min"": [0.025, 0.26627, 0.025], ""max"": [0.465963, 0.975, 0.474444]}"
HumanHead,m367.obj,8234,16081,triangle,"{""min"": [0.025, 0.025, 0.025], ""max"": [0.603323, 0.975, 0.630986]}"
HumanHead,m368.obj,9129,17823,triangle,"{""min"": [0.025, 0.025, 0.025], ""max"": [0.710689, 0.975, 0.91419]}"
HumanHead,m369.obj,9843,19464,triangle,"{""min"": [0.025, 0.025, 0.025], ""max"": [0.975, 0.881148, 0.714919]}"
HumanHead,m370.obj,5641,10539,triangle,"{""min"": [0.025, 0.025, 0.025], ""max"": [0.517741, 0.975, 0.646433]}"
Humanoid,m118.obj,7189,14048,triangle,"{""min"": [0.025, 0.025, 0.025], ""max"": [0.283933, 0.975, 0.197224]}"
Humanoid,m119.obj,6792,13232,triangle,"{""min"": [0.025, 0.025, 0.025], ""max"": [0.275279, 0.975, 0.216721]}"
Humanoid,m120.obj,7058,13760,triangle,"{""min"": [0.025, 0.025, 0.025], ""max"": [0.272396, 0.975, 0.222875]}"
Humanoid,m121.obj,7152,13952,triangle,"{""min"": [0.025, 0.025, 0.025], ""max"": [0.316116, 0.975, 0.205277]}"
Humanoid,m122.obj,6725,13136,triangle,"{""min"": [0.025, 0.025, 0.025], ""max"": [0.281675, 0.975, 0.275883]}"
Humanoid,m123.obj,7209,14080,triangle,"{""min"": [0.025, 0.025, 0.025], ""max"": [0.273174, 0.975, 0.285059]}"
Humanoid,m124.obj,7037,13632,triangle,"{""min"": [0.025, 0.025, 0.025], ""max"": [0.299149, 0.975, 0.234196]}"
Humanoid,m125.obj,5000,10000,triangle,"{""min"": [0.025, 0.025, 0.025], ""max"": [0.353075, 0.291865, 0.975]}"
Humanoid,m126.obj,8323,16176,triangle,"{""min"": [0.025, 0.025, 0.025], ""max"": [0.258991, 0.975, 0.174844]}"
Humanoid,m128.obj,6923,13504,triangle,"{""min"": [0.025, 0.025, 0.025], ""max"": [0.284853, 0.975, 0.242942]}"
Humanoid,m129.obj,6735,12888,triangle,"{""min"": [0.025, 0.02962, 0.025], ""max"": [0.272453, 0.975, 0.205935]}"
Humanoid,m130.obj,8209,16230,triangle,"{""min"": [0.025, 0.025, 0.025], ""max"": [0.292015, 0.975, 0.178544]}"
Humanoid,m131.obj,6988,12048,triangle,"{""min"": [0.025, 0.025, 0.025], ""max"": [0.322927, 0.197527, 0.975]}"
Humanoid,m132.obj,9076,16196,triangle,"{""min"": [0.025, 0.025, 0.025], ""max"": [0.196376, 0.303506, 0.975]}"
Humanoid,m133.obj,8874,17012,triangle,"{""min"": [0.025, 0.025, 0.025], ""max"": [0.334878, 0.975, 0.215259]}"
Humanoid,m134.obj,7533,14276,triangle,"{""min"": [0.025, 0.025, 0.025], ""max"": [0.237936, 0.975, 0.184611]}"
Humanoid,m135.obj,7463,14544,triangle,"{""min"": [0.025, 0.025, 0.025], ""max"": [0.296721, 0.975, 0.268929]}"
Humanoid,m136.obj,7039,13728,triangle,"{""min"": [0.025, 0.025, 0.025], ""max"": [0.290972, 0.975, 0.205733]}"
Humanoid,m137.obj,6519,13016,triangle,"{""min"": [0.025, 0.025, 0.025], ""max"": [0.410334, 0.975, 0.232007]}"
Humanoid,m138.obj,7401,14776,triangle,"{""min"": [0.025, 0.025, 0.025], ""max"": [0.380387, 0.254112, 0.975]}"
Humanoid,m139.obj,9518,18876,triangle,"{""min"": [0.025, 0.025, 0.025], ""max"": [0.523247, 0.97495, 0.246838]}"
Humanoid,m140.obj,9060,18110,triangle,"{""min"": [0.025, 0.025, 0.025], ""max"": [0.39729, 0.221536, 0.975]}"
Humanoid,m141.obj,6988,12048,triangle,"{""min"": [0.025, 0.025, 0.025], ""max"": [0.325015, 0.975, 0.324737]}"
Humanoid,m143.obj,5622,10130,triangle,"{""min"": [0.025, 0.025, 0.025], ""max"": [0.408698, 0.975, 0.189718]}"
Humanoid,m144.obj,8096,16098,triangle,"{""min"": [0.025, 0.025, 0.025], ""max"": [0.332412, 0.975, 0.204358]}"
Humanoid,m145.obj,9951,19894,triangle,"{""min"": [0.025, 0.025, 0.0250905], ""max"": [0.375543, 0.975, 0.504207]}"
Humanoid,m146.obj,7901,13840,triangle,"{""min"": [0.025, 0.025, 0.025], ""max"": [0.357379, 0.975, 0.399115]}"
Humanoid,m147.obj,9727,18473,triangle,"{""min"": [0.025, 0.025, 0.025], ""max"": [0.355968, 0.974747, 0.234347]}"
Humanoid,m148.obj,8552,16685,triangle,"{""min"": [0.025, 0.025, 0.025], ""max"": [0.537375, 0.975, 0.218602]}"
Humanoid,m149.obj,9468,18926,triangle,"{""min"": [0.025, 0.025, 0.025], ""max"": [0.199225, 0.975, 0.31848]}"
Humanoid,m150.obj,6974,12048,triangle,"{""min"": [0.025, 0.025, 0.025], ""max"": [0.237902, 0.975, 0.384098]}"
Humanoid,m151.obj,9305,18576,triangle,"{""min"": [0.025, 0.025, 0.025], ""max"": [0.298278, 0.975, 0.239721]}"
Humanoid,m152.obj,8365,15926,triangle,"{""min"": [0.025, 0.025, 0.025], ""max"": [0.375511, 0.974918, 0.249312]}"
Humanoid,m153.obj,7888,14652,triangle,"{""min"": [0.025, 0.025, 0.025], ""max"": [0.326118, 0.975, 0.222923]}"
Humanoid,m154.obj,6010,11648,triangle,"{""min"": [0.025, 0.025, 0.025], ""max"": [0.316961, 0.975, 0.239042]}"
Humanoid,m155.obj,5154,10304,triangle,"{""min"": [0.025, 0.025, 0.025], ""max"": [0.511014, 0.975, 0.201783]}"
Humanoid,m156.obj,9166,18194,triangle,"{""min"": [0.0250475, 0.0251025, 0.025], ""max"": [0.409382, 0.975, 0.211205]}"
Humanoid,m157.obj,8955,17846,triangle,"{""min"": [0.395717, 0.036707, 0.025], ""max"": [0.656239, 0.69296, 0.197533]}"
Humanoid,m158.obj,7559,14960,triangle,"{""min"": [0.025, 0.025, 0.025], ""max"": [0.366645, 0.975, 0.23908]}"
Humanoid,m159.obj,8114,15968,triangle,"{""min"": [0.025, 0.025, 0.025], ""max"": [0.317127, 0.975, 0.214102]}"
Humanoid,m160.obj,8025,15835,triangle,"{""min"": [0.025, 0.025, 0.025], ""max"": [0.367933, 0.975, 0.409963]}"
Humanoid,m161.obj,6885,13296,triangle,"{""min"": [0.025, 0.025, 0.025], ""max"": [0.349692, 0.975, 0.182098]}"
Humanoid,m162.obj,9899,19565,triangle,"{""min"": [0.025, 0.025, 0.025], ""max"": [0.356469, 0.975, 0.253653]}"
Humanoid,m163.obj,6791,13312,triangle,"{""min"": [0.025, 0.025, 0.025], ""max"": [0.29804, 0.975, 0.194092]}"
Humanoid,m164.obj,8741,17422,triangle,"{""min"": [0.025, 0.025, 0.025], ""max"": [0.326765, 0.975, 0.202706]}"
Humanoid,m165.obj,11304,33024,triangle,"{""min"": [0.026544, 0.025, 0.025], ""max"": [0.336125, 0.975, 0.198377]}"
Humanoid,m166.obj,11239,32896,triangle,"{""min"": [0.025, 0.025, 0.025], ""max"": [0.295275, 0.975, 0.322111]}"
Humanoid,m167.obj,6849,13664,triangle,"{""min"": [0.025, 0.025, 0.025], ""max"": [0.356041, 0.975, 0.500596]}"
Humanoid,m168.obj,8232,16460,triangle,"{""min"": [0.025, 0.025, 0.025], ""max"": [0.392552, 0.975, 0.212955]}"
Humanoid,m169.obj,8842,17479,triangle,"{""min"": [0.025, 0.025, 0.025], ""max"": [0.3181, 0.975, 0.190571]}"
Humanoid,m170.obj,8777,17492,triangle,"{""min"": [0.025, 0.025, 0.025], ""max"": [0.350225, 0.975, 0.152937]}"
Humanoid,m171.obj,8642,16544,triangle,"{""min"": [0.025, 0.025, 0.025], ""max"": [0.4886, 0.975, 0.224737]}"
Humanoid,m172.obj,8860,17634,triangle,"{""min"": [0.025, 0.025, 0.025], ""max"": [0.316299, 0.975, 0.15938]}"
Humanoid,m173.obj,9924,19061,triangle,"{""min"": [0.025, 0.025, 0.025], ""max"": [0.286928, 0.975, 0.177397]}"
Humanoid,m174.obj,7904,15724,triangle,"{""min"": [0.025, 0.025, 0.025], ""max"": [0.405801, 0.975011, 0.233696]}"
Humanoid,m175.obj,9022,17120,triangle,"{""min"": [0.025118, 0.041787, 0.031331], ""max"": [0.335592, 0.970208, 0.333036]}"
Humanoid,m176.obj,8101,16074,triangle,"{""min"": [0.025, 0.025, 0.025], ""max"": [0.432787, 0.975, 0.194575]}"
Humanoid,m177.obj,5989,11840,triangle,"{""min"": [0.025, 0.025, 0.025], ""max"": [0.380033, 0.975, 0.333153]}"
Humanoid,m178.obj,7973,15942,triangle,"{""min"": [0.025, 0.025, 0.025], ""max"": [0.342225, 0.975, 0.184641]}"
Humanoid,m179.obj,8376,16708,triangle,"{""min"": [0.025, 0.025, 0.025], ""max"": [0.390961, 0.975, 0.182174]}"
Humanoid,m180.obj,8386,16116,triangle,"{""min"": [0.025, 0.025196, 0.025], ""max"": [0.297864, 0.975, 0.172773]}"
Humanoid,m181.obj,8520,16884,triangle,"{""min"": [0.025, 0.025, 0.025], ""max"": [0.444608, 0.975, 0.229084]}"
Humanoid,m182.obj,8657,17244,triangle,"{""min"": [0.025, 0.025, 0.025], ""max"": [0.393436, 0.975, 0.166457]}"
Humanoid,m183.obj,7849,15556,triangle,"{""min"": [0.025, 0.025, 0.025], ""max"": [0.899618, 0.975, 0.382225]}"
Humanoid,m184.obj,6690,13056,triangle,"{""min"": [0.025, 0.025, 0.025], ""max"": [0.283631, 0.975, 0.177975]}"
Humanoid,m185.obj,7453,14528,triangle,"{""min"": [0.025, 0.025, 0.025], ""max"": [0.297162, 0.975, 0.304865]}"
Humanoid,m186.obj,8067,15097,triangle,"{""min"": [0.025, 0.025, 0.025], ""max"": [0.322825, 0.975, 0.182462]}"
Humanoid,m187.obj,6310,12512,triangle,"{""min"": [0.025, 0.025, 0.025], ""max"": [0.562915, 0.975, 0.476143]}"
Humanoid,m188.obj,6942,13396,triangle,"{""min"": [0.025, 0.025, 0.025], ""max"": [0.309395, 0.975, 0.193661]}"
Humanoid,m189.obj,8864,17609,triangle,"{""min"": [0.025, 0.025, 0.025], ""max"": [0.287813, 0.975, 0.172798]}"
Humanoid,m190.obj,7887,15366,triangle,"{""min"": [0.025, 0.025, 0.025], ""max"": [0.462848, 0.975, 0.456327]}"
Humanoid,m191.obj,7571,15040,triangle,"{""min"": [0.025, 0.025, 0.025], ""max"": [0.519, 0.975, 0.2151]}"
Humanoid,m192.obj,6795,13248,triangle,"{""min"": [0.025, 0.025, 0.025], ""max"": [0.278991, 0.975, 0.247654]}"
Humanoid,m193.obj,8616,16493,triangle,"{""min"": [0.025, 0.025, 0.025], ""max"": [0.388658, 0.975, 0.519826]}"
Humanoid,m194.obj,7901,13840,triangle,"{""min"": [0.025, 0.025, 0.025], ""max"": [0.237304, 0.975, 0.396532]}"
Humanoid,m195.obj,8643,16832,triangle,"{""min"": [0.025041, 0.025032, 0.025], ""max"": [0.292339, 0.972727, 0.429359]}"
Humanoid,m196.obj,8569,16671,triangle,"{""min"": [0.025, 0.025, 0.025], ""max"": [0.440896, 0.975, 0.194826]}"
Humanoid,m197.obj,6986,12048,triangle,"{""min"": [0.025, 0.025, 0.025], ""max"": [0.185681, 0.975, 0.296899]}"
Humanoid,m198.obj,10646,18681,triangle,"{""min"": [0.025, 0.025, 0.025], ""max"": [0.406142, 0.975, 0.357811]}"
Humanoid,m199.obj,6540,12936,triangle,"{""min"": [0.025, 0.025, 0.025], ""max"": [0.376621, 0.225852, 0.975]}"
Humanoid,m202.obj,7204,14336,triangle,"{""min"": [0.025, 0.025, 0.025], ""max"": [0.295623, 0.975, 0.225712]}"
Humanoid,m203.obj,7392,14752,triangle,"{""min"": [0.025, 0.025, 0.025], ""max"": [0.342608, 0.975, 0.234325]}"
Humanoid,m204.obj,9926,19576,triangle,"{""min"": [0.025, 0.025, 0.025], ""max"": [0.340756, 0.977101, 0.353742]}"
Humanoid,m205.obj,9932,19776,triangle,"{""min"": [0.025, 0.025, 0.025], ""max"": [0.383616, 0.975, 0.231815]}"
Humanoid,m206.obj,9121,17714,triangle,"{""min"": [0.025, 0.025, 0.025], ""max"": [0.283789, 0.260718, 0.975]}"
Humanoid,m207.obj,9575,18414,triangle,"{""min"": [0.025, 0.025, 0.025], ""max"": [0.354991, 0.975, 0.30667]}"
Humanoid,m208.obj,5554,11104,triangle,"{""min"": [0.025, 0.025, 0.025], ""max"": [0.368732, 0.975, 0.179024]}"
Humanoid,m210.obj,7872,15728,triangle,"{""min"": [0.025, 0.025, 0.025], ""max"": [0.622535, 0.975, 0.598927]}"
Humanoid,m211.obj,8232,16460,triangle,"{""min"": [0.025, 0.025, 0.025], ""max"": [0.339967, 0.975, 0.228073]}"
Humanoid,m212.obj,5154,10304,triangle,"{""min"": [0.025, 0.025, 0.025], ""max"": [0.556397, 0.975, 0.183177]}"
Humanoid,m213.obj,6100,12128,triangle,"{""min"": [0.025, 0.025, 0.025], ""max"": [0.295623, 0.975, 0.219917]}"
Humanoid,m214.obj,6869,13680,triangle,"{""min"": [0.025, 0.025, 0.025], ""max"": [0.29314, 0.975, 0.225712]}"
Humanoid,m215.obj,8242,16422,triangle,"{""min"": [0.025, 0.025, 0.025], ""max"": [0.294287, 0.975, 0.187245]}"
Humanoid,m216.obj,9271,17351,triangle,"{""min"": [0.025, 0.025, 0.025], ""max"": [0.384915, 0.975, 0.491858]}"
Humanoid,m217.obj,9858,18294,triangle,"{""min"": [0.025, 0.025, 0.025], ""max"": [0.326559, 0.975, 0.291927]}"
Humanoid,m218.obj,8143,16266,triangle,"{""min"": [0.025, 0.025, 0.025], ""max"": [0.750381, 0.975, 0.494351]}"
Humanoid,m219.obj,8977,16256,triangle,"{""min"": [0.025, 0.025, 0.025], ""max"": [0.897757, 0.975, 0.185763]}"
Humanoid,m220.obj,7909,15479,triangle,"{""min"": [0.025185, 0.025006, 0.025], ""max"": [0.929134, 0.975, 0.225058]}"
Humanoid,m221.obj,8250,16457,triangle,"{""min"": [0.025, 0.025, 0.025], ""max"": [0.926982, 0.975, 0.211372]}"
Humanoid,m222.obj,9458,18881,triangle,"{""min"": [0.0253045, 0.025, 0.025], ""max"": [0.974696, 0.963345, 0.223269]}"
Humanoid,m223.obj,8155,16249,triangle,"{""min"": [0.025, 0.02506, 0.025], ""max"": [0.930491, 0.974935, 0.19251]}"
Humanoid,m224.obj,9623,19059,triangle,"{""min"": [0.025, 0.025, 0.025], ""max"": [0.975, 0.954548, 0.198281]}"
Humanoid,m226.obj,6368,12712,triangle,"{""min"": [0.025, 0.025, 0.025], ""max"": [0.854559, 0.975, 0.263012]}"
Humanoid,m227.obj,6931,12126,triangle,"{""min"": [0.025, 0.025, 0.025], ""max"": [0.891272, 0.975, 0.271889]}"
Humanoid,m228.obj,8407,15102,triangle,"{""min"": [0.0251145, 0.025, 0.026916], ""max"": [0.956537, 0.974316, 0.377678]}"
Humanoid,m229.obj,9897,19485,triangle,"{""min"": [0.025, 0.025, 0.025], ""max"": [0.931192, 0.975, 0.211418]}"
Humanoid,m230.obj,8171,15647,triangle,"{""min"": [0.0255985, 0.025, 0.025], ""max"": [0.900701, 0.975, 0.215194]}"
Humanoid,m231.obj,7896,15130,triangle,"{""min"": [0.0251085, 0.025, 0.025], ""max"": [0.905138, 0.974998, 0.348658]}"
Humanoid,m232.obj,6834,13664,triangle,"{""min"": [0.025, 0.025, 0.025], ""max"": [0.892351, 0.975, 0.292537]}"
Humanoid,m233.obj,8955,17846,triangle,"{""min"": [0.025, 0.025, 0.025], ""max"": [0.967279, 0.975, 0.207388]}"
Humanoid,m234.obj,8065,15872,triangle,"{""min"": [0.025, 0.025, 0.025], ""max"": [0.843264, 0.975, 0.214802]}"
Humanoid,m235.obj,6498,12992,triangle,"{""min"": [0.025, 0.025, 0.025], ""max"": [0.849048, 0.975, 0.247928]}"
Humanoid,m236.obj,8633,16960,triangle,"{""min"": [0.025, 0.025, 0.025], ""max"": [0.975, 0.956304, 0.262472]}"
Humanoid,m237.obj,7650,15296,triangle,"{""min"": [0.025, 0.025, 0.025], ""max"": [0.925512, 0.975, 0.15042]}"
Humanoid,m238.obj,7488,14032,triangle,"{""min"": [0.025, 0.025, 0.025], ""max"": [0.900705, 0.975, 0.201636]}"
Humanoid,m239.obj,7162,13248,triangle,"{""min"": [0.025, 0.025, 0.025], ""max"": [0.73491, 0.975, 0.216618]}"
Humanoid,m240.obj,8476,16872,triangle,"{""min"": [0.025, 0.025, 0.025], ""max"": [0.903961, 0.975, 0.192413]}"
Humanoid,m241.obj,7569,13936,triangle,"{""min"": [0.025, 0.025, 0.025], ""max"": [0.798532, 0.975, 0.336804]}"
Humanoid,m242.obj,7644,14032,triangle,"{""min"": [0.025, 0.025, 0.025], ""max"": [0.868253, 0.975, 0.441164]}"
Humanoid,m243.obj,7386,13664,triangle,"{""min"": [0.025, 0.025, 0.025], ""max"": [0.919047, 0.975, 0.202954]}"
Humanoid,m244.obj,7160,13360,triangle,"{""min"": [0.025, 0.025, 0.025], ""max"": [0.873235, 0.975, 0.203622]}"
Humanoid,m245.obj,7440,13744,triangle,"{""min"": [0.025, 0.025, 0.025], ""max"": [0.916742, 0.975, 0.184659]}"
Humanoid,m246.obj,7620,14128,triangle,"{""min"": [0.025, 0.025, 0.025], ""max"": [0.793012, 0.975, 0.181295]}"
Humanoid,m248.obj,7452,14320,triangle,"{""min"": [0.025, 0.025, 0.025], ""max"": [0.917266, 0.975, 0.171275]}"
Humanoid,m249.obj,7957,15675,triangle,"{""min"": [0.025, 0.025, 0.025], ""max"": [0.731246, 0.975, 0.304967]}"
Humanoid,m250.obj,8200,15855,triangle,"{""min"": [0.025, 0.025, 0.025], ""max"": [0.718992, 0.975, 0.185819]}"
Humanoid,m251.obj,8077,16126,triangle,"{""min"": [0.025, 0.025, 0.025], ""max"": [0.742238, 0.975, 0.190046]}"
Humanoid,m252.obj,9698,19260,triangle,"{""min"": [0.025, 0.025, 0.025], ""max"": [0.975, 0.970692, 0.253422]}"
Humanoid,m253.obj,9247,18073,triangle,"{""min"": [0.025, 0.025, 0.025], ""max"": [0.7175, 0.975, 0.24255]}"
Humanoid,m254.obj,8819,17041,triangle,"{""min"": [0.0251125, 0.025, 0.025], ""max"": [0.674042, 0.975, 0.169338]}"
Humanoid,m255.obj,9367,17808,triangle,"{""min"": [0.025072, 0.025, 0.025], ""max"": [0.945019, 0.975, 0.180198]}"
Humanoid,m256.obj,7288,14207,triangle,"{""min"": [0.025, 0.025, 0.025], ""max"": [0.55464, 0.975, 0.79986]}"
Humanoid,m257.obj,5793,11536,triangle,"{""min"": [0.025, 0.025, 0.025], ""max"": [0.409814, 0.899138, 0.975]}"
Humanoid,m258.obj,9594,18808,triangle,"{""min"": [0.025, 0.025, 0.025], ""max"": [0.683898, 0.975, 0.160636]}"
Humanoid,m259.obj,5862,11648,triangle,"{""min"": [0.025, 0.025, 0.025], ""max"": [0.389217, 0.975, 0.618324]}"
Humanoid,m260.obj,9062,18003,triangle,"{""min"": [0.025, 0.025, 0.025], ""max"": [0.442046, 0.975, 0.349292]}"
Humanoid,m261.obj,7264,14144,triangle,"{""min"": [0.025, 0.025, 0.025], ""max"": [0.274933, 0.975, 0.347475]}"
Humanoid,m262.obj,7139,13920,triangle,"{""min"": [0.025, 0.025, 0.025], ""max"": [0.274585, 0.975, 0.344233]}"
Humanoid,m263.obj,7264,14208,triangle,"{""min"": [0.025, 0.025, 0.025], ""max"": [0.313418, 0.975, 0.528825]}"
Humanoid,m264.obj,8798,17536,triangle,"{""min"": [0.025, 0.025, 0.025], ""max"": [0.335492, 0.38114, 0.975]}"
Humanoid,m265.obj,8882,17760,triangle,"{""min"": [0.025, 0.025, 0.025], ""max"": [0.380089, 0.825978, 0.975]}"
Humanoid,m266.obj,9317,18485,triangle,"{""min"": [0.025, 0.025, 0.025], ""max"": [0.31278, 0.975, 0.893268]}"
Insect,D00081.obj,7900,15752,triangle,"{""min"": [-0.871441, -0.334192, -0.350236], ""max"": [0.865629, 1.04363, 0.225886]}"
Insect,D00082.obj,6502,12872,triangle,"{""min"": [-0.590599, -0.835046, -0.344072], ""max"": [0.93829, 0.801546, 0.451949]}"
Insect,D00102.obj,9224,17800,triangle,"{""min"": [-0.886803, -0.574698, -0.469734], ""max"": [0.813473, 0.54971, 0.621806]}"
Insect,D00109.obj,9285,16442,triangle,"{""min"": [-0.846761, -0.615379, -0.421693], ""max"": [0.840154, 0.764062, 0.612028]}"
Insect,D00117.obj,5087,9716,triangle,"{""min"": [-1.04016, -0.571054, -0.604933], ""max"": [0.651547, 0.792275, 0.257883]}"
Insect,D00136.obj,5302,10128,triangle,"{""min"": [-1.01657, -0.40694, -0.355477], ""max"": [0.428487, 0.616101, 0.188065]}"
Insect,D00160.obj,8026,16004,triangle,"{""min"": [-0.986263, -0.897329, -0.237725], ""max"": [0.776181, 0.987547, 0.317913]}"
Insect,D00180.obj,9218,17808,triangle,"{""min"": [-0.815003, -0.524205, -0.639429], ""max"": [0.889184, 0.568035, 0.473308]}"
Insect,D00231.obj,9986,19918,triangle,"{""min"": [-0.832333, -0.897677, -0.213491], ""max"": [0.836597, 0.864382, 0.147678]}"
Insect,D00291.obj,9247,18450,triangle,"{""min"": [-0.851002, -0.504469, -0.238823], ""max"": [0.941974, 0.465588, 0.097135]}"
Insect,D00294.obj,7132,12392,triangle,"{""min"": [-0.646123, -0.71144, -0.216035], ""max"": [1.00737, 0.796623, 0.282581]}"
Insect,D00309.obj,5913,11272,triangle,"{""min"": [-0.865085, -0.871184, -0.369866], ""max"": [0.824746, 0.72272, 0.418842]}"
Insect,D00315.obj,7822,15588,triangle,"{""min"": [-0.847541, -0.528298, -0.357809], ""max"": [1.04172, 0.4812, 0.31821]}"
Insect,D00333.obj,5916,11271,triangle,"{""min"": [-0.996985, -0.670121, -0.196507], ""max"": [0.879448, 0.783971, 0.166298]}"
Insect,D00399.obj,8464,16520,triangle,"{""min"": [-0.842056, -0.762026, -0.202293], ""max"": [0.545133, 0.787985, 0.117258]}"
Insect,D00430.obj,8996,17776,triangle,"{""min"": [-0.564899, -0.73292, -0.409988], ""max"": [0.873722, 0.629994, 0.2294]}"
Insect,D00510.obj,9663,19218,triangle,"{""min"": [-1.13292, -0.774596, -0.249673], ""max"": [0.579229, 0.698484, 0.37224]}"
Insect,D00590.obj,5162,10320,triangle,"{""min"": [-0.85955, -0.525911, -0.110485], ""max"": [0.805471, 0.632315, 0.154002]}"
Insect,D00615.obj,8802,16888,triangle,"{""min"": [-0.845745, -0.766987, -0.416725], ""max"": [0.841217, 0.611778, 0.589214]}"
Insect,D00662.obj,8855,15907,triangle,"{""min"": [-0.618993, -0.648307, -0.399868], ""max"": [1.10955, 0.862818, 0.469242]}"
Insect,D00668.obj,8368,16680,triangle,"{""min"": [-0.530873, -0.539442, -0.529794], ""max"": [0.878644, 0.377408, 0.412703]}"
Insect,D00672.obj,9101,16679,triangle,"{""min"": [-1.04573, -0.573228, -0.302292], ""max"": [0.752024, 0.707364, 0.350247]}"
Insect,D00695.obj,9457,18720,triangle,"{""min"": [-0.579904, -0.511946, -0.243856], ""max"": [0.854494, 0.491656, 0.114184]}"
Insect,D00713.obj,6842,13340,triangle,"{""min"": [-0.891573, -0.858824, -0.272601], ""max"": [0.743563, 0.436414, 0.582014]}"
Insect,D00732.obj,9375,18666,triangle,"{""min"": [-0.925133, -0.900313, -0.320589], ""max"": [0.772863, 0.605074, 0.48605]}"
Insect,D00734.obj,6104,11904,triangle,"{""min"": [-0.824841, -0.809035, -0.329979], ""max"": [0.858055, 0.811639, 0.313494]}"
Insect,D00746.obj,9177,18178,triangle,"{""min"": [-0.855579, -0.590112, -0.371106], ""max"": [0.842592, 0.768224, 0.348807]}"
Insect,D00752.obj,9778,19500,triangle,"{""min"": [-0.774579, -0.823453, -0.287331], ""max"": [0.895249, 0.683624, 0.289238]}"
Insect,D00753.obj,7897,15562,triangle,"{""min"": [-0.631165, -0.383393, -0.353821], ""max"": [0.889711, 0.413214, 0.468904]}"
Insect,D00774.obj,6018,11920,triangle,"{""min"": [-0.916614, -0.589496, -0.153404], ""max"": [0.931469, 0.632905, 0.40017]}"
Insect,D00786.obj,8513,16709,triangle,"{""min"": [-1.0366, -0.470075, -0.505994], ""max"": [0.704783, 0.480628, 0.194078]}"
Insect,D00787.obj,9430,18939,triangle,"{""min"": [-1.03133, -0.269697, -0.015994], ""max"": [0.943584, 0.241011, 0.015817]}"
Insect,D00788.obj,6164,9646,triangle,"{""min"": [-0.84498, -0.578823, -0.404241], ""max"": [0.733617, 0.667159, 0.466816]}"
Insect,D00806.obj,7896,15752,triangle,"{""min"": [-0.794771, -0.734649, -0.381115], ""max"": [0.662518, 0.720388, 0.449918]}"
Insect,D00814.obj,5304,10512,triangle,"{""min"": [-0.755762, -0.639358, -0.114302], ""max"": [0.717292, 0.717901, 0.167985]}"
Insect,D00855.obj,9701,19358,triangle,"{""min"": [-1.04037, -0.754949, -0.202695], ""max"": [0.736144, 0.651422, 0.334673]}"
Insect,D00884.obj,8860,15908,triangle,"{""min"": [-0.604077, -0.664783, -0.380233], ""max"": [1.04922, 0.802338, 0.461891]}"
Insect,D00895.obj,8863,17002,triangle,"{""min"": [-0.983625, -0.624793, -0.731623], ""max"": [0.707715, 0.430909, 0.38658]}"
Insect,D00973.obj,7638,15145,triangle,"{""min"": [-1.03917, -0.701223, -0.30201], ""max"": [0.795363, 0.418972, 0.466114]}"
Insect,D00989.obj,8031,16024,triangle,"{""min"": [-0.675198, -0.587478, -0.172699], ""max"": [1.06526, 0.628097, 0.222216]}"
Insect,m0.obj,8647,17190,triangle,"{""min"": [0.025, 0.025, 0.025], ""max"": [0.642549, 0.545521, 0.970324]}"
Insect,m1.obj,8150,15963,triangle,"{""min"": [0.025, 0.025, 0.025], ""max"": [0.424855, 0.376011, 0.956746]}"
Insect,m10.obj,5304,10512,triangle,"{""min"": [0.025, 0.025, 0.025], ""max"": [0.894109, 0.975, 0.222438]}"
Insect,m11.obj,5798,11584,triangle,"{""min"": [0.025, 0.025, 0.0216103], ""max"": [0.975, 0.50912, 0.100962]}"
Insect,m12.obj,8659,17191,triangle,"{""min"": [0.025, 0.025, 0.025], ""max"": [0.975, 0.377544, 0.563472]}"
Insect,m13.obj,7220,13776,triangle,"{""min"": [0.025, 0.025, 0.025], ""max"": [0.553288, 0.177515, 0.975]}"
Insect,m14.obj,8251,16332,triangle,"{""min"": [0.025, 0.025, 0.025], ""max"": [0.975, 0.715939, 0.773575]}"
Insect,m15.obj,5798,11584,triangle,"{""min"": [0.025, 0.025, 0.025], ""max"": [0.975, 0.416924, 0.503842]}"
Insect,m16.obj,8130,16105,triangle,"{""min"": [0.0266743, 0.026952, 0.025], ""max"": [0.975, 0.270136, 0.718665]}"
Insect,m17.obj,6018,11920,triangle,"{""min"": [0.025, 0.025, 0.0247658], ""max"": [0.975, 0.293822, 0.654721]}"
Insect,m18.obj,9177,18178,triangle,"{""min"": [0.025, 0.025, 0.025], ""max"": [0.975, 0.423912, 0.786647]}"
Insect,m19.obj,9099,16678,triangle,"{""min"": [0.025, 0.025, 0.025], ""max"": [0.975, 0.346508, 0.635714]}"
Insect,m2.obj,8275,16224,triangle,"{""min"": [0.025, 0.0255478, 0.025], ""max"": [0.61683, 0.515443, 0.97385]}"
Insect,m20.obj,6245,12168,triangle,"{""min"": [0.025, 0.025, 0.025], ""max"": [0.975, 0.418756, 0.928792]}"
Insect,m21.obj,9782,19428,triangle,"{""min"": [0.025, 0.025, 0.025], ""max"": [0.975, 0.524133, 0.828255]}"
Insect,m22.obj,9744,19442,triangle,"{""min"": [0.025, 0.025, 0.025], ""max"": [0.975, 0.42875, 0.684062]}"
Insect,m23.obj,7032,14016,triangle,"{""min"": [0.025, 0.025, 0.025], ""max"": [0.475631, 0.426094, 0.975]}"
Insect,m24.obj,9109,18176,triangle,"{""min"": [0.025, 0.025, 0.025], ""max"": [0.975, 0.42875, 0.85625]}"
Insect,m25.obj,9762,19520,triangle,"{""min"": [0.025, 0.025, 0.025], ""max"": [0.817473, 0.502402, 0.975]}"
Insect,m26.obj,5266,10274,triangle,"{""min"": [0.025, 0.025, 0.025], ""max"": [0.845772, 0.424813, 0.975]}"
Insect,m3.obj,7326,14592,triangle,"{""min"": [0.025, 0.025, 0.025], ""max"": [0.931406, 0.556332, 0.975]}"
Insect,m4.obj,9199,17943,triangle,"{""min"": [0.025, 0.025, 0.025], ""max"": [0.556745, 0.975, 0.332245]}"
Insect,m6.obj,9173,17819,triangle,"{""min"": [0.025, 0.025, 0.025], ""max"": [0.668147, 0.702228, 0.975]}"
Insect,m7.obj,8825,17576,triangle,"{""min"": [0.025, 0.025, 0.025], ""max"": [0.570829, 0.577454, 0.965345]}"
Insect,m8.obj,5593,10752,triangle,"{""min"": [0.025, 0.0238975, 0.025], ""max"": [0.478489, 0.975, 0.834222]}"
Insect,m9.obj,7607,14304,triangle,"{""min"": [0.025, 0.025, 0.0249825], ""max"": [0.830435, 0.975, 0.482593]}"
Jet,m1147.obj,9912,19707,triangle,"{""min"": [0.025, 0.025, 0.0263289], ""max"": [0.970871, 0.328006, 0.883343]}"
Jet,m1149.obj,9229,18326,triangle,"{""min"": [0.025, 0.025, 0.025], ""max"": [0.975, 0.305634, 0.769297]}"
Jet,m1150.obj,9812,19616,triangle,"{""min"": [0.025, 0.025, 0.025], ""max"": [0.743256, 0.201238, 0.975022]}"
Jet,m1151.obj,8066,16080,triangle,"{""min"": [0.025, 0.025, 0.025], ""max"": [0.975, 0.267357, 0.949829]}"
Jet,m1152.obj,9955,18843,triangle,"{""min"": [0.025, 0.025, 0.025], ""max"": [0.922454, 0.41384, 0.975]}"
Jet,m1153.obj,9173,18307,triangle,"{""min"": [0.025, 0.025, 0.025], ""max"": [0.79127, 0.364467, 0.975]}"
Jet,m1154.obj,8020,16000,triangle,"{""min"": [0.025, 0.025, 0.025], ""max"": [0.849758, 0.284141, 0.975]}"
Jet,m1155.obj,9856,17858,triangle,"{""min"": [0.025, 0.025, 0.025], ""max"": [0.816625, 0.228548, 0.975]}"
Jet,m1156.obj,5115,9800,triangle,"{""min"": [0.025, 0.025, 0.025], ""max"": [0.975, 0.21293, 0.832103]}"
Jet,m1157.obj,9534,18239,triangle,"{""min"": [0.025, 0.025, 0.025], ""max"": [0.975, 0.70371, 0.185681]}"
Jet,m1158.obj,8114,16024,triangle,"{""min"": [0.025, 0.0246793, 0.025], ""max"": [0.908575, 0.453995, 0.975]}"
Jet,m1159.obj,9955,18843,triangle,"{""min"": [0.025, 0.025, 0.025], ""max"": [0.922454, 0.41384, 0.975]}"
Jet,m1161.obj,8338,14674,triangle,"{""min"": [0.025, 0.025, 0.025], ""max"": [0.931591, 0.32614, 0.975]}"
Jet,m1162.obj,8939,17776,triangle,"{""min"": [0.025, 0.025, 0.025], ""max"": [0.830816, 0.975, 0.273857]}"
Jet,m1163.obj,8199,14697,triangle,"{""min"": [0.025, 0.025, 0.025], ""max"": [0.931034, 0.302749, 0.975]}"
Jet,m1165.obj,6376,12288,triangle,"{""min"": [0.025, 0.025, 0.025], ""max"": [0.975, 0.794583, 0.271841]}"
Jet,m1166.obj,5311,10416,triangle,"{""min"": [0.025, 0.025, 0.025], ""max"": [0.871807, 0.252024, 0.975]}"
Jet,m1167.obj,8690,13388,triangle,"{""min"": [0.025, 0.025, 0.025], ""max"": [0.697772, 0.283484, 0.975]}"
Jet,m1168.obj,7580,14688,triangle,"{""min"": [0.025, 0.025, 0.025], ""max"": [0.651374, 0.244231, 0.975]}"
Jet,m1169.obj,9559,17810,triangle,"{""min"": [0.025, 0.025, 0.025], ""max"": [0.663453, 0.309501, 0.975]}"
Jet,m1171.obj,9083,17322,triangle,"{""min"": [0.025015, 0.025, 0.025], ""max"": [0.975, 0.280743, 0.736381]}"
Jet,m1172.obj,7515,14352,triangle,"{""min"": [0.025, 0.025, 0.025], ""max"": [0.975, 0.770694, 0.204025]}"
Jet,m1173.obj,9974,19424,triangle,"{""min"": [0.025, 0.025, 0.025], ""max"": [0.975, 0.790161, 0.261539]}"
Jet,m1174.obj,9668,19286,triangle,"{""min"": [0.0283068, 0.025846, 0.025], ""max"": [0.507131, 0.214941, 0.975]}"
Jet,m1175.obj,9232,18368,triangle,"{""min"": [0.025, 0.025, 0.025], ""max"": [0.665258, 0.321351, 0.975]}"
Jet,m1176.obj,15794,53248,triangle,"{""min"": [0.025, 0.025, 0.025], ""max"": [0.804891, 0.220564, 0.975]}"
Jet,m1177.obj,8073,16128,triangle,"{""min"": [0.025, 0.025, 0.025], ""max"": [0.857283, 0.307677, 0.975]}"
Jet,m1178.obj,8305,16351,triangle,"{""min"": [0.025, 0.0292548, 0.025], ""max"": [0.468333, 0.214472, 0.975]}"
Jet,m1179.obj,9076,16869,triangle,"{""min"": [0.0248548, 0.025, 0.025], ""max"": [0.609321, 0.217744, 0.975]}"
Jet,m1180.obj,8434,16864,triangle,"{""min"": [0.025, 0.025, 0.025], ""max"": [0.656849, 0.231708, 0.975]}"
Jet,m1181.obj,6521,13024,triangle,"{""min"": [0.025, 0.025, 0.025], ""max"": [0.74921, 0.23884, 0.975]}"
Jet,m1182.obj,8837,17670,triangle,"{""min"": [0.025, 0.0294289, 0.025], ""max"": [0.944213, 0.975, 0.248351]}"
Jet,m1183.obj,6736,12480,triangle,"{""min"": [0.025, 0.025, 0.025], ""max"": [0.975, 0.826917, 0.222658]}"
Jet,m1184.obj,8409,16773,triangle,"{""min"": [0.025, 0.0364374, 0.025], ""max"": [0.510179, 0.287946, 0.975]}"
Jet,m1185.obj,9035,17664,triangle,"{""min"": [0.025, 0.025, 0.025], ""max"": [0.470517, 0.247759, 0.975]}"
Jet,m1187.obj,8084,16133,triangle,"{""min"": [0.025, 0.025, 0.025], ""max"": [0.658333, 0.26859, 0.963922]}"
Jet,m1188.obj,9409,18798,triangle,"{""min"": [0.025, 0.025, 0.025], ""max"": [0.787454, 0.27522, 0.975]}"
Jet,m1190.obj,8605,16960,triangle,"{""min"": [0.025, 0.025, 0.025], ""max"": [0.683603, 0.321924, 0.975]}"
Jet,m1191.obj,5027,9776,triangle,"{""min"": [0.0249463, 0.025, 0.025], ""max"": [0.975054, 0.89012, 0.17626]}"
Jet,m1193.obj,8855,17698,triangle,"{""min"": [0.025, 0.025, 0.025], ""max"": [0.521407, 0.211361, 0.975]}"
Jet,m1194.obj,7787,14625,triangle,"{""min"": [0.0249712, 0.025, 0.025], ""max"": [0.975, 0.750378, 0.251583]}"
Jet,m1195.obj,8387,16072,triangle,"{""min"": [0.025, 0.025, 0.025], ""max"": [0.975, 0.7357, 0.237137]}"
Jet,m1196.obj,6877,12864,triangle,"{""min"": [0.025, 0.025, 0.0249956], ""max"": [0.975, 0.676429, 0.228142]}"
Jet,m1197.obj,7899,15653,triangle,"{""min"": [0.025, 0.025, 0.025], ""max"": [0.685476, 0.248929, 0.975]}"
Jet,m1198.obj,8001,15689,triangle,"{""min"": [0.025186, 0.025, 0.025], ""max"": [0.664898, 0.239022, 0.975]}"
Jet,m1199.obj,9091,17744,triangle,"{""min"": [0.025, 0.025, 0.025], ""max"": [0.975, 0.221184, 0.557698]}"
Jet,m1200.obj,8914,17670,triangle,"{""min"": [0.025, 0.025, 0.025], ""max"": [0.483721, 0.300411, 0.975]}"
Jet,m1201.obj,6739,11190,triangle,"{""min"": [0.025, 0.025, 0.025], ""max"": [0.975, 0.677761, 0.322062]}"
Jet,m1202.obj,8329,16622,triangle,"{""min"": [0.025, 0.025, 0.025], ""max"": [0.566055, 0.23369, 0.975]}"
Jet,m1204.obj,8742,17262,triangle,"{""min"": [0.025, 0.025, 0.025], ""max"": [0.666722, 0.333278, 0.949834]}"
Jet,m1205.obj,7907,15153,triangle,"{""min"": [0.0671078, 0.025, 0.025], ""max"": [0.975, 0.774295, 0.21695]}"
Jet,m1207.obj,5473,10480,triangle,"{""min"": [0.025, 0.025, 0.025], ""max"": [0.975, 0.14863, 0.382877]}"
Jet,m1208.obj,8316,16141,triangle,"{""min"": [0.025, 0.025, 0.025], ""max"": [0.718596, 0.21885, 0.975]}"
Jet,m1209.obj,8388,16772,triangle,"{""min"": [0.025, 0.025, 0.025], ""max"": [0.93665, 0.275186, 0.975]}"
Jet,m1210.obj,9184,18320,triangle,"{""min"": [0.025, 0.025, 0.025], ""max"": [0.67786, 0.225975, 0.975]}"
Jet,m1211.obj,6939,13472,triangle,"{""min"": [0.025, 0.025, 0.025], ""max"": [0.918098, 0.317775, 0.975]}"
Jet,m1212.obj,9469,18239,triangle,"{""min"": [0.025, 0.025, 0.025], ""max"": [0.625576, 0.318204, 0.947513]}"
Jet,m1213.obj,8761,17470,triangle,"{""min"": [0.025, 0.025, 0.025], ""max"": [0.45763, 0.17575, 0.975]}"
Jet,m1214.obj,9841,19622,triangle,"{""min"": [0.025, 0.025, 0.025], ""max"": [0.622627, 0.222624, 0.975]}"
Jet,m1215.obj,9862,19712,triangle,"{""min"": [0.025, 0.025, 0.025], ""max"": [0.24166, 0.694913, 0.975]}"
Jet,m1216.obj,9813,19622,triangle,"{""min"": [0.025, 0.025, 0.025], ""max"": [0.669863, 0.221374, 0.975]}"
Jet,m1217.obj,8130,16134,triangle,"{""min"": [0.0249983, 0.025, 0.025], ""max"": [0.606577, 0.27319, 0.965888]}"
Jet,m1218.obj,9790,19019,triangle,"{""min"": [0.025, 0.025, 0.025], ""max"": [0.692906, 0.226508, 0.975]}"
Jet,m1219.obj,9087,18170,triangle,"{""min"": [0.025, 0.025, 0.025], ""max"": [0.177789, 0.727486, 0.975]}"
Jet,m1220.obj,6886,13760,triangle,"{""min"": [0.025, 0.025, 0.025], ""max"": [0.67343, 0.231674, 0.975]}"
Jet,m1221.obj,5385,10560,triangle,"{""min"": [0.025, 0.025, 0.025], ""max"": [0.975, 0.846538, 0.219139]}"
Jet,m1222.obj,8105,15916,triangle,"{""min"": [0.025, 0.025, 0.025], ""max"": [0.975, 0.895296, 0.383768]}"
Jet,m1223.obj,9742,19480,triangle,"{""min"": [0.025, 0.0236913, 0.025], ""max"": [0.685617, 0.215578, 0.975]}"
Jet,m1224.obj,7885,15104,triangle,"{""min"": [0.025, 0.025, 0.025], ""max"": [0.975, 0.436667, 0.164967]}"
Jet,m1225.obj,9241,17920,triangle,"{""min"": [0.025, 0.0249998, 0.025], ""max"": [0.975, 0.731328, 0.180143]}"
Jet,m1226.obj,7939,15874,triangle,"{""min"": [0.0292722, 0.025, 0.025], ""max"": [0.970368, 0.254792, 0.504379]}"
Jet,m1227.obj,8536,16174,triangle,"{""min"": [0.025, 0.0248963, 0.025], ""max"": [0.975, 0.768607, 0.158925]}"
Jet,m1228.obj,9902,18370,triangle,"{""min"": [0.025, 0.025, 0.025], ""max"": [0.970718, 0.705579, 0.16931]}"
Jet,m1229.obj,8037,15583,triangle,"{""min"": [0.025, 0.025, 0.025], ""max"": [0.501292, 0.975, 0.225046]}"
Jet,m1230.obj,9057,17104,triangle,"{""min"": [0.025, 0.025, 0.025], ""max"": [0.975, 0.614959, 0.311299]}"
Jet,m1231.obj,8961,17471,triangle,"{""min"": [0.0444452, 0.025, 0.025], ""max"": [0.603597, 0.194645, 0.975]}"
Jet,m1232.obj,9483,18719,triangle,"{""min"": [0.025, 0.025, 0.025], ""max"": [0.949324, 0.22955, 0.975]}"
Jet,m1233.obj,9865,19531,triangle,"{""min"": [0.025625, 0.025, 0.025], ""max"": [0.511875, 0.238047, 0.975]}"
Jet,m1234.obj,9867,19397,triangle,"{""min"": [0.025, 0.025, 0.025], ""max"": [0.852419, 0.234919, 0.975]}"
Jet,m1235.obj,9092,17921,triangle,"{""min"": [0.025, 0.0331069, 0.025], ""max"": [0.975, 0.238805, 0.946393]}"
Jet,m1236.obj,6080,11872,triangle,"{""min"": [0.025, 0.025, 0.025], ""max"": [0.662817, 0.218923, 0.975]}"
Jet,m1237.obj,9799,19368,triangle,"{""min"": [0.0481978, 0.025, 0.025], ""max"": [0.951953, 0.304132, 0.936937]}"
Jet,m1238.obj,9517,18868,triangle,"{""min"": [0.025, 0.025, 0.025], ""max"": [0.507877, 0.247735, 0.975]}"
Jet,m1239.obj,5750,10816,triangle,"{""min"": [0.025, 0.025, 0.025], ""max"": [0.975, 0.768339, 0.24777]}"
Jet,m1240.obj,8566,17022,triangle,"{""min"": [0.030655, 0.0364352, 0.025], ""max"": [0.85625, 0.287946, 0.975]}"
Jet,m1241.obj,6216,11520,triangle,"{""min"": [0.025, 0.025, 0.025], ""max"": [0.975, 0.703854, 0.263759]}"
Jet,m1242.obj,5150,9728,triangle,"{""min"": [0.025, 0.025, 0.0287112], ""max"": [0.975055, 0.594074, 0.235287]}"
Jet,m1243.obj,9602,18833,triangle,"{""min"": [0.025, 0.025, 0.025], ""max"": [0.67727, 0.24856, 0.946906]}"
Jet,m1245.obj,8294,16584,triangle,"{""min"": [0.025, 0.025, 0.025], ""max"": [0.975, 0.312895, 0.749336]}"
Jet,m1246.obj,5682,11168,triangle,"{""min"": [0.025, 0.025, 0.025], ""max"": [0.811475, 0.332582, 0.975]}"
Jet,m1247.obj,9649,19294,triangle,"{""min"": [0.025, 0.025, 0.0249826], ""max"": [0.680532, 0.338948, 0.975]}"
Jet,m1248.obj,9319,18098,triangle,"{""min"": [0.025, 0.025, 0.025], ""max"": [0.975, 0.388585, 0.634879]}"
Jet,m1249.obj,9660,19316,triangle,"{""min"": [0.025, 0.025, 0.025], ""max"": [0.975, 0.630429, 0.381167]}"
Jet,m1250.obj,7819,15506,triangle,"{""min"": [0.025, 0.025, 0.025], ""max"": [0.874905, 0.225855, 0.975]}"
Jet,m1251.obj,9559,17810,triangle,"{""min"": [0.025, 0.025, 0.025], ""max"": [0.663453, 0.309501, 0.975]}"
Jet,m1252.obj,8482,15112,triangle,"{""min"": [0.025, 0.025, 0.025], ""max"": [0.975, 0.604361, 0.239457]}"
Jet,m1253.obj,8647,16632,triangle,"{""min"": [0.025, 0.025, 0.025], ""max"": [0.975, 0.715337, 0.231058]}"
Jet,m1255.obj,9668,18644,triangle,"{""min"": [0.0251777, 0.025035, 0.025], ""max"": [0.975, 0.246725, 0.50787]}"
Jet,m1256.obj,9379,17255,triangle,"{""min"": [0.025, 0.025, 0.025], ""max"": [0.477636, 0.136758, 0.975]}"
Jet,m1257.obj,8794,16953,triangle,"{""min"": [0.025, 0.025, 0.025], ""max"": [0.477636, 0.975, 0.136758]}"
Jet,m1258.obj,7341,12276,triangle,"{""min"": [0.025, 0.025, 0.025], ""max"": [0.697772, 0.283484, 0.975]}"
Jet,m1259.obj,6739,11190,triangle,"{""min"": [0.025, 0.025, 0.025], ""max"": [0.975, 0.677761, 0.322062]}"
Jet,m1260.obj,6905,12409,triangle,"{""min"": [0.025, 0.025, 0.025], ""max"": [0.975, 0.343613, 0.593564]}"
Jet,m1261.obj,5621,10432,triangle,"{""min"": [0.025, 0.025, 0.025], ""max"": [0.975, 0.719979, 0.249154]}"
Jet,m1262.obj,8740,16512,triangle,"{""min"": [0.025, 0.0249915, 0.025], ""max"": [0.975, 0.654958, 0.227855]}"
Jet,m1263.obj,9563,18274,triangle,"{""min"": [0.025, 0.025, 0.025], ""max"": [0.975, 0.918087, 0.273664]}"
Jet,m1264.obj,9032,17435,triangle,"{""min"": [0.025, 0.025, 0.0190323], ""max"": [0.857277, 0.975, 0.248069]}"
Jet,m1265.obj,5577,10656,triangle,"{""min"": [0.025, 0.025, 0.025], ""max"": [0.975, 0.149763, 0.383441]}"
Jet,m1266.obj,9730,18119,triangle,"{""min"": [0.025, 0.025, 0.025], ""max"": [0.975, 0.685512, 0.200851]}"
Jet,m1267.obj,8061,15325,triangle,"{""min"": [0.025, 0.025, 0.025], ""max"": [0.975, 0.906445, 0.188165]}"
Jet,m1268.obj,9603,18769,triangle,"{""min"": [0.0258509, 0.025, 0.0267808], ""max"": [0.571529, 0.975, 0.105528]}"
Jet,m1269.obj,9442,17408,triangle,"{""min"": [0.025, 0.025, 0.0231667], ""max"": [0.528319, 0.975, 0.102679]}"
Jet,m1270.obj,8155,15792,triangle,"{""min"": [0.025, 0.025, 0.025], ""max"": [0.448754, 0.975, 0.12963]}"
Jet,m1271.obj,9409,18308,triangle,"{""min"": [0.025, 0.025, 0.0282237], ""max"": [0.449345, 0.975, 0.168981]}"
Jet,m1273.obj,7492,14784,triangle,"{""min"": [0.025, 0.025, 0.025], ""max"": [0.975, 0.547667, 0.148437]}"
Jet,m1274.obj,5817,10944,triangle,"{""min"": [0.025, 0.025, 0.025], ""max"": [0.651634, 0.975, 0.156416]}"
Jet,m1275.obj,9241,17408,triangle,"{""min"": [0.025, 0.025, 0.025], ""max"": [0.55428, 0.975, 0.176995]}"
Jet,m1276.obj,9042,16384,triangle,"{""min"": [0.025, 0.025, 0.025], ""max"": [0.431339, 0.975, 0.107863]}"
Jet,m1277.obj,8703,16896,triangle,"{""min"": [0.025279, 0.025, 0.027794], ""max"": [0.47961, 0.975, 0.118603]}"
Jet,m1278.obj,8936,17376,triangle,"{""min"": [0.025, 0.025, 0.025], ""max"": [0.468886, 0.975, 0.150699]}"
Jet,m1279.obj,7792,15024,triangle,"{""min"": [0.025, 0.0243854, 0.025], ""max"": [0.455168, 0.975696, 0.160655]}"
Jet,m1280.obj,8510,16174,triangle,"{""min"": [0.025, 0.025, 0.025], ""max"": [0.447754, 0.975, 0.136879]}"
Jet,m1281.obj,5782,11072,triangle,"{""min"": [0.025, 0.025, 0.025], ""max"": [0.560756, 0.975, 0.117638]}"
Jet,m1282.obj,5120,9728,triangle,"{""min"": [0.025, 0.025, 0.025], ""max"": [0.689896, 0.975, 0.126465]}"
Jet,m1283.obj,9648,18370,triangle,"{""min"": [0.025, 0.0248407, 0.030271], ""max"": [0.542551, 0.975159, 0.196045]}"
Jet,m1284.obj,6270,11557,triangle,"{""min"": [0.025, 0.025, 0.025], ""max"": [0.44402, 0.165302, 0.975]}"
Jet,m1285.obj,9077,17571,triangle,"{""min"": [0.025, 0.025, 0.025], ""max"": [0.383862, 0.352986, 0.975]}"
Jet,m1286.obj,9975,19174,triangle,"{""min"": [0.025, 0.025, 0.0238977], ""max"": [0.584867, 0.975, 0.139]}"
Jet,m1287.obj,9978,19008,triangle,"{""min"": [0.025, 0.025, 0.025], ""max"": [0.468476, 0.975, 0.115832]}"
Jet,m1288.obj,5706,10696,triangle,"{""min"": [0.025, 0.025, 0.025], ""max"": [0.690907, 0.975, 0.240696]}"
Jet,m1289.obj,5078,9742,triangle,"{""min"": [0.048993, 0.025, 0.025], ""max"": [0.740259, 0.975, 0.235926]}"
Jet,m1290.obj,9789,18570,triangle,"{""min"": [0.025, 0.025, 0.025], ""max"": [0.480234, 0.975, 0.132589]}"
Jet,m1291.obj,9672,18816,triangle,"{""min"": [0.025, 0.025, 0.025], ""max"": [0.612934, 0.975, 0.185769]}"
Jet,m1292.obj,8338,15712,triangle,"{""min"": [0.025, 0.0252334, 0.025], ""max"": [0.671475, 0.974767, 0.210654]}"
Jet,m1293.obj,9817,19018,triangle,"{""min"": [0.025, 0.025, 0.025], ""max"": [0.667647, 0.975, 0.221163]}"
Jet,m1294.obj,9165,17571,triangle,"{""min"": [0.025, 0.025, 0.025], ""max"": [0.43938, 0.975, 0.11004]}"
Jet,m1295.obj,8450,15616,triangle,"{""min"": [0.025, 0.025, 0.025], ""max"": [0.500033, 0.975, 0.068777]}"
Jet,m1296.obj,8070,15884,triangle,"{""min"": [0.428995, 0.025, 0.025], ""max"": [0.937519, 0.975, 0.129821]}"
Jet,m1297.obj,8818,16704,triangle,"{""min"": [0.064148, 0.025, 0.045067], ""max"": [0.339672, 0.975, 0.089214]}"
Jet,m1298.obj,9550,18938,triangle,"{""min"": [0.025, 0.025, 0.025], ""max"": [0.726536, 0.315065, 0.975]}"
Jet,m1299.obj,8713,16320,triangle,"{""min"": [0.025, 0.025, 0.025], ""max"": [0.632283, 0.5868, 0.974359]}"
Jet,m1300.obj,7132,14336,triangle,"{""min"": [0.025, 0.025, 0.106129], ""max"": [0.723517, 0.173779, 0.975]}"
Jet,m1301.obj,7851,15698,triangle,"{""min"": [0.025, 0.025, 0.025], ""max"": [0.64902, 0.136765, 0.965673]}"
Knife,D01015.obj,8133,15478,triangle,"{""min"": [-0.157745, -0.662873, -0.01905], ""max"": [0.966448, 2.66789, 0.06985]}"
Knife,D01025.obj,8042,15963,triangle,"{""min"": [1.77491, 7.31109, -0.402575], ""max"": [11.1146, 9.34774, 0.637525]}"
Knife,D01032.obj,8900,17792,triangle,"{""min"": [-0.113, -0.012206, 0.0], ""max"": [0.248835, 0.008206, 0.055113]}"
Knife,D01051.obj,9802,18208,triangle,"{""min"": [-0.0, -0.0117092, -0.001182], ""max"": [0.42, 0.0116423, 0.0401171]}"
Knife,D01054.obj,8152,16256,triangle,"{""min"": [0.003574, -0.033018, 0.0], ""max"": [0.210224, 0.00485051, 0.003175]}"
Knife,D01057.obj,8970,17921,triangle,"{""min"": [-0.0114097, 0.0, -0.040262], ""max"": [0.0112899, 0.431865, 0.016401]}"
Knife,D01063.obj,9790,18569,triangle,"{""min"": [-0.00101089, -0.024724, 0.022117], ""max"": [0.4191, 0.025279, 0.082435]}"
Knife,D01075.obj,9080,18144,triangle,"{""min"": [-0.27305, 0.0, -0.00881566], ""max"": [0.4699, 11.3428, 7.01476]}"
Knife,D01077.obj,5275,10528,triangle,"{""min"": [-61.4207, -0.150406, 9.00667], ""max"": [51.1937, 20.5963, 14.4408]}"
Knife,D01107.obj,8481,16954,triangle,"{""min"": [-0.237856, 0.0891475, 0.789931], ""max"": [-0.02193, 0.101553, 0.831313]}"
Knife,D01119.obj,6980,13952,triangle,"{""min"": [-0.038603, -0.037054, 0.002431], ""max"": [-0.000104, 0.032573, 0.005288]}"
Knife,D01120.obj,8399,16768,triangle,"{""min"": [1.60861, -4.32512, -0.121057], ""max"": [2.06828, -0.26668, 0.114786]}"
Knife,D01132.obj,8588,17165,triangle,"{""min"": [0.054946, 0.061361, -0.010998], ""max"": [0.404836, 0.124894, 0.006745]}"
Knife,D01150.obj,9901,19742,triangle,"{""min"": [0.357621, -0.154008, 0.076647], ""max"": [3.57786, 4.40734, 26.5303]}"
Knife,D01160.obj,9002,17679,triangle,"{""min"": [0.0376174, 0.125524, 0.587375], ""max"": [0.48664, 0.223653, 0.61595]}"
Knife,D01168.obj,8616,17208,triangle,"{""min"": [1.54061, 3.52227, -0.1778], ""max"": [4.3351, 4.49263, 0.0]}"
Knife,D01174.obj,9996,19943,triangle,"{""min"": [0.178714, 0.460678, 0.136231], ""max"": [3.83353, 0.901198, 0.251119]}"
Knife,D01175.obj,5316,10624,triangle,"{""min"": [0.150967, -0.27264, -7.06793e-05], ""max"": [0.7309, 0.244003, 0.04407]}"
Knife,D01187.obj,5591,10304,triangle,"{""min"": [16962.5, 13182.4, -0.0502551], ""max"": [28346.9, 31010.1, 569.736]}"
Knife,D01189.obj,8272,16320,triangle,"{""min"": [0.074995, 0.034983, -0.000128087], ""max"": [0.125136, 0.354732, 0.0128281]}"
Knife,m722.obj,9637,18969,triangle,"{""min"": [0.025, 0.025, 0.025], ""max"": [0.093151, 0.174508, 0.975]}"
Knife,m723.obj,5076,10136,triangle,"{""min"": [0.025, 0.025, 0.025], ""max"": [0.352382, 0.088438, 0.975]}"
Knife,m724.obj,9019,18030,triangle,"{""min"": [0.0247376, 0.025, 0.0248539], ""max"": [0.975, 0.154306, 0.106805]}"
Knife,m725.obj,9019,18030,triangle,"{""min"": [0.025, 0.025, 0.0246863], ""max"": [0.975, 0.269783, 0.0877198]}"
Knife,m726.obj,6567,13072,triangle,"{""min"": [0.025, 0.025, 0.025], ""max"": [0.06534, 0.31723, 0.975177]}"
Knife,m727.obj,8400,16760,triangle,"{""min"": [0.025, 0.025, 0.025], ""max"": [0.442857, 0.975, 0.081071]}"
Knife,m728.obj,6742,13056,triangle,"{""min"": [0.025, 0.025, 0.025], ""max"": [0.125536, 0.31855, 0.975]}"
MilitaryVehicle,D00017.obj,8093,13013,triangle,"{""min"": [-0.83624, -0.486557, -0.307567], ""max"": [0.707287, 0.591831, 0.255549]}"
MilitaryVehicle,D00051.obj,9482,18469,triangle,"{""min"": [-1.17002, -0.608059, -0.513554], ""max"": [0.696292, 0.732167, 0.34083]}"
MilitaryVehicle,D00100.obj,9068,17433,triangle,"{""min"": [-0.96392, -0.536699, -0.705428], ""max"": [0.731249, 0.547079, 0.602465]}"
MilitaryVehicle,D00173.obj,8931,10592,triangle,"{""min"": [-0.974003, -0.362107, -0.631795], ""max"": [0.945201, 0.51637, 0.427082]}"
MilitaryVehicle,D00272.obj,8941,16523,triangle,"{""min"": [-0.986561, -0.507907, -0.418319], ""max"": [0.774326, 0.405604, 0.211603]}"
MilitaryVehicle,D00334.obj,5858,9906,triangle,"{""min"": [-0.560917, -0.308145, -0.206032], ""max"": [1.07817, 0.354905, 0.435779]}"
MilitaryVehicle,D00458.obj,8022,14320,triangle,"{""min"": [-0.837222, -0.430807, -0.352818], ""max"": [0.958094, 0.463285, 0.318154]}"
MilitaryVehicle,D00529.obj,8043,13866,triangle,"{""min"": [-0.689487, -0.296937, -0.292152], ""max"": [0.990478, 0.407132, 0.292621]}"
MilitaryVehicle,D00577.obj,9116,12606,triangle,"{""min"": [-0.85815, -0.355557, -0.473456], ""max"": [0.951074, 0.577245, 0.419408]}"
MilitaryVehicle,D00611.obj,9592,17900,triangle,"{""min"": [-0.908293, -0.410172, -0.271143], ""max"": [0.911727, 0.387056, 0.394438]}"
MilitaryVehicle,D00723.obj,9619,13317,triangle,"{""min"": [-0.942214, -0.399968, -0.455651], ""max"": [0.888685, 0.519824, 0.331076]}"
MilitaryVehicle,D00761.obj,7768,15408,triangle,"{""min"": [-0.922278, -0.382327, -0.43994], ""max"": [0.751932, 0.385562, 0.636184]}"
MilitaryVehicle,D00778.obj,8675,15576,triangle,"{""min"": [-0.830794, -0.312142, -0.51474], ""max"": [0.779045, 0.322464, 0.276175]}"
MilitaryVehicle,D00799.obj,8422,16748,triangle,"{""min"": [-0.685841, -0.694964, -0.370122], ""max"": [1.09352, 0.774278, 0.159248]}"
MilitaryVehicle,D00801.obj,9038,18471,triangle,"{""min"": [-0.956388, -0.292567, -0.224992], ""max"": [0.627752, 0.219907, 0.252192]}"
MilitaryVehicle,D00918.obj,8054,14092,triangle,"{""min"": [-0.949205, -0.479578, -0.285118], ""max"": [0.906026, 0.684576, 0.634273]}"
MilitaryVehicle,D00932.obj,8204,12581,triangle,"{""min"": [-0.952341, -0.42808, -0.344615], ""max"": [0.768164, 0.594246, 0.622693]}"
MilitaryVehicle,D00933.obj,9589,10234,triangle,"{""min"": [-0.608576, -0.294837, -0.20158], ""max"": [1.01934, 0.314281, 0.473099]}"
MilitaryVehicle,D00952.obj,9744,19260,triangle,"{""min"": [-0.766985, -0.578725, -0.692033], ""max"": [0.817703, 0.699645, 0.345766]}"
MilitaryVehicle,D00971.obj,7146,11738,triangle,"{""min"": [-0.653324, -0.348283, -0.323094], ""max"": [1.00185, 0.36262, 0.322784]}"
Monitor,D00007.obj,5130,10184,triangle,"{""min"": [-1.04744, -0.981066, -0.445994], ""max"": [0.827542, 0.775356, 0.288835]}"
Monitor,D00141.obj,6489,12796,triangle,"{""min"": [-0.633022, -0.797377, -0.487189], ""max"": [0.995261, 0.965054, 0.266302]}"
Monitor,D00229.obj,7970,15556,triangle,"{""min"": [-0.569487, -0.807306, -0.423409], ""max"": [1.00619, 0.635025, 0.386586]}"
Monitor,D00336.obj,9485,15511,triangle,"{""min"": [-0.994759, -0.905079, -0.790482], ""max"": [0.854925, 0.701724, 0.819336]}"
Monitor,D00339.obj,5083,9500,triangle,"{""min"": [-0.530858, -0.635985, -0.114764], ""max"": [0.824603, 0.663914, 0.394038]}"
Monitor,D00364.obj,8182,15994,triangle,"{""min"": [-0.921011, -0.556375, -0.829341], ""max"": [0.62895, 1.07042, 0.675112]}"
Monitor,D00387.obj,8077,16146,triangle,"{""min"": [-0.778405, -0.762238, -0.196281], ""max"": [1.02428, 0.943545, 0.158471]}"
Monitor,D00391.obj,7084,13952,triangle,"{""min"": [-0.866177, -0.702299, -0.177661], ""max"": [1.02537, 0.634573, 0.203269]}"
Monitor,D00412.obj,8134,15256,triangle,"{""min"": [-1.17501, -0.771459, -0.375909], ""max"": [0.486995, 0.874892, 0.365203]}"
Monitor,D00444.obj,9961,19638,triangle,"{""min"": [-0.968978, -0.835917, -0.523531], ""max"": [0.802904, 0.613926, 0.187307]}"
Monitor,D00469.obj,9953,19890,triangle,"{""min"": [-0.592973, -0.953622, -0.658623], ""max"": [1.16525, 0.790641, 0.913319]}"
Monitor,D00548.obj,7100,14064,triangle,"{""min"": [-0.825768, -0.708906, -0.212115], ""max"": [1.10906, 0.94581, 0.286457]}"
Monitor,D00659.obj,9508,18816,triangle,"{""min"": [-0.56154, -0.787957, -0.850963], ""max"": [1.14164, 0.701244, 0.583626]}"
Monitor,D00852.obj,6194,11984,triangle,"{""min"": [-0.644759, -0.729475, -0.820066], ""max"": [0.871323, 0.724666, 0.490456]}"
Monitor,D00863.obj,7865,15171,triangle,"{""min"": [-0.634402, -0.703741, -0.501447], ""max"": [0.838458, 0.638702, 0.164216]}"
Monitor,D00915.obj,8178,16107,triangle,"{""min"": [-1.04248, -1.20218, -0.413366], ""max"": [0.547429, 0.388465, 0.378484]}"
Monitor,D00919.obj,9294,18361,triangle,"{""min"": [-0.6975, -0.709662, -0.588155], ""max"": [0.857802, 0.525574, 0.221191]}"
Monitor,D00920.obj,7268,14448,triangle,"{""min"": [-0.658699, -0.958221, -0.206781], ""max"": [1.11174, 0.331279, 0.237776]}"
Monitor,D00978.obj,8991,17924,triangle,"{""min"": [-0.743205, -0.77829, -0.468857], ""max"": [0.982002, 0.779547, 0.923939]}"
Monitor,D01000.obj,9489,17861,triangle,"{""min"": [-0.970835, -1.25733, -0.193641], ""max"": [0.875586, 0.513693, 0.257667]}"
Monoplane,D00011.obj,8550,16512,triangle,"{""min"": [-1.04299, -0.984635, -0.255354], ""max"": [0.759531, 1.00171, 0.210928]}"
Monoplane,D00019.obj,9959,19692,triangle,"{""min"": [-1.05211, -0.968376, -0.142717], ""max"": [0.720002, 0.997828, 0.209466]}"
Monoplane,D00043.obj,9638,18868,triangle,"{""min"": [-0.983905, -0.892229, -0.137708], ""max"": [0.780939, 0.886787, 0.310427]}"
Monoplane,D00098.obj,9704,18670,triangle,"{""min"": [-0.743406, -0.913099, -0.289175], ""max"": [0.986698, 0.879603, 0.125429]}"
Monoplane,D00167.obj,8369,16000,triangle,"{""min"": [-0.963204, -0.332393, -0.111441], ""max"": [0.973855, 0.321536, 0.068975]}"
Monoplane,D00169.obj,8404,16584,triangle,"{""min"": [-1.18663, -0.841492, -0.151996], ""max"": [0.722234, 0.826499, 0.197693]}"
Monoplane,D00262.obj,7334,13888,triangle,"{""min"": [-0.784459, -0.487582, -0.144615], ""max"": [0.938899, 0.494195, 0.273421]}"
Monoplane,D00301.obj,9536,18238,triangle,"{""min"": [-1.02849, -0.62874, -0.142334], ""max"": [0.750731, 0.629994, 0.130723]}"
Monoplane,D00304.obj,5738,10816,triangle,"{""min"": [-1.07151, -0.608389, -0.154208], ""max"": [0.684274, 0.312835, 0.247232]}"
Monoplane,D00319.obj,8019,15888,triangle,"{""min"": [-0.914814, -0.711347, -0.111025], ""max"": [0.83571, 0.85436, 0.316289]}"
Monoplane,D00402.obj,5580,10688,triangle,"{""min"": [-0.914696, -0.796746, -0.166896], ""max"": [0.98928, 0.755449, 0.150598]}"
Monoplane,D00482.obj,6098,11024,triangle,"{""min"": [-0.616611, -0.978597, -0.200243], ""max"": [0.71067, 0.983043, 0.154089]}"
Monoplane,D00617.obj,7418,14796,triangle,"{""min"": [-1.11851, -1.04728, -0.152073], ""max"": [0.732531, 0.895739, 0.352573]}"
Monoplane,D00688.obj,5849,10072,triangle,"{""min"": [-0.85044, -0.991503, -0.231137], ""max"": [0.574102, 0.995217, 0.126262]}"
Monoplane,D00798.obj,8786,16604,triangle,"{""min"": [-0.995713, -0.693868, -0.098262], ""max"": [0.623013, 0.448289, 0.303646]}"
Monoplane,D00840.obj,9884,19488,triangle,"{""min"": [-0.814967, -0.93704, -0.183993], ""max"": [0.977381, 0.866211, 0.13735]}"
Monoplane,D00864.obj,8907,16976,triangle,"{""min"": [-0.672871, -0.88147, -0.126342], ""max"": [0.559821, 0.889466, 0.285313]}"
Monoplane,D00925.obj,8523,16773,triangle,"{""min"": [-0.702113, -0.970438, -0.257026], ""max"": [0.936308, 0.981183, 0.116642]}"
Monoplane,D00963.obj,8557,16573,triangle,"{""min"": [-0.98506, -0.519252, -0.131421], ""max"": [0.991529, 0.473693, 0.091972]}"
Monoplane,D00995.obj,7984,15040,triangle,"{""min"": [-1.00277, -0.539285, -0.053564], ""max"": [0.966309, 0.429996, 0.186259]}"
Motorcycle,D00021.obj,9543,18052,triangle,"{""min"": [-0.782274, -0.599836, -0.446144], ""max"": [0.963886, 0.58957, 0.338896]}"
Motorcycle,D00039.obj,7908,15330,triangle,"{""min"": [-0.873376, -0.697815, -0.363907], ""max"": [0.849424, 0.562127, 0.374216]}"
Motorcycle,D00054.obj,8017,16102,triangle,"{""min"": [-0.818564, -0.521296, -0.165457], ""max"": [0.928797, 0.765906, 0.754938]}"
Motorcycle,D00224.obj,8350,16277,triangle,"{""min"": [-0.990282, -0.623514, -0.37114], ""max"": [0.837545, 0.439533, 0.382465]}"
Motorcycle,D00269.obj,9035,17202,triangle,"{""min"": [-0.993199, -0.546921, -0.388648], ""max"": [0.813776, 0.530591, 0.361903]}"
Motorcycle,D00288.obj,6529,12510,triangle,"{""min"": [-0.943839, -0.468998, -0.309581], ""max"": [0.971983, 0.448304, 0.301947]}"
Motorcycle,D00342.obj,8961,17220,triangle,"{""min"": [-0.899659, -0.594816, -0.385163], ""max"": [0.874228, 0.405034, 0.355801]}"
Motorcycle,D00345.obj,9473,18427,triangle,"{""min"": [-0.917432, -0.475238, -0.234835], ""max"": [0.86803, 0.477661, 0.325799]}"
Motorcycle,D00395.obj,7004,12423,triangle,"{""min"": [-1.00104, -0.429873, -0.304664], ""max"": [0.946864, 0.605092, 0.359325]}"
Motorcycle,D00396.obj,9977,19018,triangle,"{""min"": [-0.984332, -0.597126, -0.310462], ""max"": [0.799751, 0.51593, 0.301506]}"
Motorcycle,D00476.obj,8184,13675,triangle,"{""min"": [-0.984698, -0.550297, -0.701999], ""max"": [0.941655, 0.694815, 0.253616]}"
Motorcycle,D00521.obj,9095,17785,triangle,"{""min"": [-1.05494, -0.398747, -0.422959], ""max"": [0.913743, 0.312155, 0.275225]}"
Motorcycle,D00544.obj,9641,17209,triangle,"{""min"": [-0.930941, -0.527987, -0.480901], ""max"": [0.994115, 0.666465, 0.461987]}"
Motorcycle,D00594.obj,9699,17211,triangle,"{""min"": [-0.964645, -0.533148, -0.477072], ""max"": [0.957037, 0.660588, 0.465384]}"
Motorcycle,D00703.obj,8457,16967,triangle,"{""min"": [-0.848284, -0.549767, -0.364019], ""max"": [0.96296, 0.476275, 0.262004]}"
Motorcycle,D00768.obj,9168,18382,triangle,"{""min"": [-0.840389, -0.712422, -0.433906], ""max"": [1.03392, 0.407357, 0.395409]}"
Motorcycle,D00858.obj,7929,15534,triangle,"{""min"": [-0.747815, -0.68451, -0.344547], ""max"": [1.04076, 0.681444, 0.385818]}"
Motorcycle,D00880.obj,5713,11152,triangle,"{""min"": [-0.937374, -0.575315, -0.472332], ""max"": [0.92453, 0.682759, 0.355181]}"
Motorcycle,D00886.obj,8199,15439,triangle,"{""min"": [-1.02968, -0.752572, -0.306802], ""max"": [0.915426, 0.429771, 0.312925]}"
Motorcycle,D00945.obj,7973,14319,triangle,"{""min"": [-1.02052, -0.516693, -0.253367], ""max"": [0.8757, 0.566386, 0.313027]}"
Motorcycle,m1479.obj,9639,17203,triangle,"{""min"": [0.025, 0.025, 0.025], ""max"": [0.975, 0.5752, 0.48223]}"
Motorcycle,m1480.obj,9543,18048,triangle,"{""min"": [0.025, 0.025, 0.025], ""max"": [0.446434, 0.63483, 0.975]}"
Motorcycle,m1481.obj,8250,16144,triangle,"{""min"": [0.025, 0.025, 0.025], ""max"": [0.348108, 0.578948, 0.975]}"
Motorcycle,m1482.obj,8201,15439,triangle,"{""min"": [0.025, 0.0263834, 0.025], ""max"": [0.975, 0.329395, 0.591614]}"
Motorcycle,m1483.obj,8458,16967,triangle,"{""min"": [0.025, 0.025, 0.025], ""max"": [0.347864, 0.546594, 0.975]}"
Motorcycle,m1484.obj,5963,11520,triangle,"{""min"": [0.025, 0.025, 0.025], ""max"": [0.41663, 0.556002, 0.975]}"
Mug,D00172.obj,6880,13760,triangle,"{""min"": [-0.633302, -0.904028, -0.590048], ""max"": [1.03805, 0.63172, 0.582585]}"
Mug,D00202.obj,9994,19988,triangle,"{""min"": [-0.91112, -0.787673, -0.508363], ""max"": [0.622626, 0.936627, 0.668139]}"
Mug,D00227.obj,9630,18774,triangle,"{""min"": [-0.794253, -0.759252, -0.847463], ""max"": [0.839443, 0.818892, 0.511532]}"
Mug,D00321.obj,8900,17792,triangle,"{""min"": [-0.599921, -0.615485, -0.531183], ""max"": [1.01567, 0.658238, 0.565042]}"
Mug,D00341.obj,7452,14904,triangle,"{""min"": [-1.01784, -0.732671, -0.490505], ""max"": [0.71036, 0.917877, 0.486158]}"
Mug,D00372.obj,9522,18782,triangle,"{""min"": [-0.72196, -0.91247, -0.84242], ""max"": [1.02774, 0.870927, 0.707184]}"
Mug,D00427.obj,5476,10944,triangle,"{""min"": [-1.13502, -0.74306, -0.34153], ""max"": [0.670544, 0.668529, 0.557357]}"
Mug,D00684.obj,6892,13784,triangle,"{""min"": [-1.00719, -0.672208, -0.675927], ""max"": [0.689566, 0.699664, 0.66953]}"
Mug,D00685.obj,5703,11040,triangle,"{""min"": [-0.865429, -0.389794, -0.633452], ""max"": [0.751615, 0.739635, 0.615811]}"
Mug,D00705.obj,8281,16562,triangle,"{""min"": [-0.900868, -0.52377, -0.463541], ""max"": [0.851468, 0.668121, 0.528169]}"
Mug,D00728.obj,9271,18513,triangle,"{""min"": [-0.718121, -0.816966, -0.56715], ""max"": [1.01572, 0.829965, 0.55927]}"
Mug,D00745.obj,7868,15720,triangle,"{""min"": [-0.944064, -0.80257, -0.509688], ""max"": [0.803609, 0.810591, 0.573475]}"
Mug,D00747.obj,8336,16664,triangle,"{""min"": [-0.926668, -0.674028, -0.304719], ""max"": [0.78784, 0.726602, 0.616776]}"
Mug,D00760.obj,7938,15866,triangle,"{""min"": [-0.704249, -0.639932, -0.869865], ""max"": [0.522135, 0.966653, 0.674509]}"
Mug,D00770.obj,8024,16040,triangle,"{""min"": [-0.672088, -0.90385, -0.677665], ""max"": [0.992748, 0.620672, 0.792155]}"
Mug,D00825.obj,7920,15724,triangle,"{""min"": [-0.962805, -0.728043, -0.680457], ""max"": [0.814625, 1.04458, 0.722059]}"
Mug,D00833.obj,8001,15840,triangle,"{""min"": [-0.83201, -0.551875, -0.583021], ""max"": [0.546515, 1.0109, 0.599757]}"
Mug,D00908.obj,9676,18995,triangle,"{""min"": [-0.564837, -0.941823, -0.697971], ""max"": [0.911897, 0.745917, 0.560583]}"
Mug,D00913.obj,6672,13344,triangle,"{""min"": [-1.0473, -0.609363, -0.596327], ""max"": [0.697614, 0.791487, 0.505103]}"
Mug,D00923.obj,9164,18320,triangle,"{""min"": [-1.13978, -0.772646, -0.633688], ""max"": [0.65226, 0.798371, 0.582995]}"
Mug,m503.obj,9828,19343,triangle,"{""min"": [0.025, 0.025, 0.025], ""max"": [0.885303, 0.975, 0.571373]}"
Mug,m504.obj,6900,13800,triangle,"{""min"": [0.025, 0.025, 0.025], ""max"": [0.975, 0.736967, 0.770261]}"
Mug,m506.obj,8692,17304,triangle,"{""min"": [0.025, 0.025, 0.025], ""max"": [0.975, 0.389901, 0.682684]}"
Mug,m507.obj,8074,16041,triangle,"{""min"": [0.025, 0.0248053, 0.025], ""max"": [0.975, 0.695043, 0.677239]}"
Mug,m508.obj,8686,17364,triangle,"{""min"": [0.025, 0.025, 0.025], ""max"": [0.975, 0.809506, 0.624925]}"
Mug,m509.obj,5874,11720,triangle,"{""min"": [0.025, 0.025, 0.025], ""max"": [0.975, 0.889272, 0.714346]}"
MultiSeat,D00036.obj,8460,16896,triangle,"{""min"": [-0.832857, -0.476089, -0.572738], ""max"": [0.880015, 0.700437, 0.464139]}"
MultiSeat,D00046.obj,8040,16037,triangle,"{""min"": [-1.08795, -0.804328, -0.532844], ""max"": [0.663377, 0.702764, 0.648293]}"
MultiSeat,D00053.obj,5981,11856,triangle,"{""min"": [-1.03515, -0.420945, -0.425434], ""max"": [0.784886, 0.488523, 0.350467]}"
MultiSeat,D00145.obj,9870,19712,triangle,"{""min"": [-0.896267, -0.530211, -0.426733], ""max"": [0.920748, 0.355447, 0.313458]}"
MultiSeat,D00146.obj,8424,16784,triangle,"{""min"": [-0.905882, -0.616201, -0.348134], ""max"": [0.906829, 0.472717, 0.477922]}"
MultiSeat,D00237.obj,7700,15360,triangle,"{""min"": [-0.787628, -0.332612, -0.415469], ""max"": [1.05976, 0.677802, 0.564899]}"
MultiSeat,D00245.obj,6616,13184,triangle,"{""min"": [-0.880585, -0.549535, -0.423661], ""max"": [0.856701, 0.388714, 0.267195]}"
MultiSeat,D00263.obj,9849,19271,triangle,"{""min"": [-0.841545, -0.651787, -0.697537], ""max"": [0.821593, 0.697074, 0.352663]}"
MultiSeat,D00273.obj,9595,18952,triangle,"{""min"": [-1.03527, -0.495566, -0.418444], ""max"": [0.87142, 0.407794, 0.298309]}"
MultiSeat,D00285.obj,8174,16248,triangle,"{""min"": [-0.919754, -0.591648, -0.552807], ""max"": [0.782904, 0.674496, 0.31618]}"
MultiSeat,D00289.obj,9725,19400,triangle,"{""min"": [-0.866374, -0.520161, -0.349292], ""max"": [1.01841, 0.40733, 0.238818]}"
MultiSeat,D00329.obj,8520,17024,triangle,"{""min"": [-0.944303, -0.578065, -0.636177], ""max"": [0.709157, 0.602844, 0.459549]}"
MultiSeat,D00586.obj,8536,17024,triangle,"{""min"": [-0.908227, -0.483854, -0.252955], ""max"": [0.964599, 0.478598, 0.420968]}"
MultiSeat,D00588.obj,7934,15200,triangle,"{""min"": [-1.13013, -0.605045, -0.54849], ""max"": [0.708881, 0.55404, 0.234066]}"
MultiSeat,D00607.obj,9804,19568,triangle,"{""min"": [-0.847482, -0.587563, -0.327032], ""max"": [0.95305, 0.596106, 0.517323]}"
MultiSeat,D00637.obj,7421,14740,triangle,"{""min"": [-0.93918, -0.461008, -0.547833], ""max"": [0.866812, 0.706679, 0.446656]}"
MultiSeat,D00648.obj,8306,16536,triangle,"{""min"": [-0.891509, -0.309829, -0.402642], ""max"": [0.834915, 0.549321, 0.391668]}"
MultiSeat,D00652.obj,7840,15637,triangle,"{""min"": [-0.939406, -0.486303, -0.512341], ""max"": [0.745072, 0.658889, 0.367792]}"
MultiSeat,D00749.obj,8527,16267,triangle,"{""min"": [-0.87159, -0.478959, -0.360053], ""max"": [0.946049, 0.37326, 0.477262]}"
MultiSeat,D00985.obj,8282,16532,triangle,"{""min"": [-0.749657, -0.853009, -0.495404], ""max"": [0.968555, 0.58532, 0.51721]}"
MultiSeat,m774.obj,7867,15654,triangle,"{""min"": [0.025, 0.025, 0.0194172], ""max"": [0.975, 0.980872, 0.500001]}"
MultiSeat,m775.obj,7622,15008,triangle,"{""min"": [0.025, 0.025, 0.025], ""max"": [0.975, 0.618064, 0.39682]}"
MultiSeat,m776.obj,7984,15602,triangle,"{""min"": [0.0249501, 0.025, 0.025], ""max"": [0.9751, 0.420835, 0.234905]}"
MultiSeat,m777.obj,8225,16177,triangle,"{""min"": [0.025, 0.025, 0.025], ""max"": [0.975, 0.395501, 0.197265]}"
MultiSeat,m778.obj,8617,17171,triangle,"{""min"": [0.025, 0.025, 0.025], ""max"": [0.545599, 0.800831, 0.975]}"
MultiSeat,m779.obj,7938,15824,triangle,"{""min"": [0.025, 0.025, 0.0185636], ""max"": [0.975, 0.369958, 0.24294]}"
MultiSeat,m780.obj,8392,16352,triangle,"{""min"": [0.025, 0.025, 0.025], ""max"": [0.975, 0.911266, 0.626571]}"
MultiSeat,m781.obj,9148,17750,triangle,"{""min"": [0.025, 0.025, 0.025], ""max"": [0.975, 0.639764, 0.442837]}"
MultiSeat,m782.obj,5634,11008,triangle,"{""min"": [0.025, 0.025, 0.025], ""max"": [0.975, 0.42384, 0.347871]}"
MultiSeat,m783.obj,9681,19173,triangle,"{""min"": [0.025, 0.025, 0.025], ""max"": [0.975, 0.476364, 0.607607]}"
MultiSeat,m784.obj,4614,9216,triangle,"{""min"": [0.025, 0.025, 0.025], ""max"": [0.975, 0.38125, 0.277356]}"
MultiSeat,m829.obj,8280,16512,triangle,"{""min"": [0.025, 0.025, 0.025], ""max"": [0.975, 0.321351, 0.357589]}"
MultiSeat,m830.obj,8204,16352,triangle,"{""min"": [0.025, 0.025, 0.025], ""max"": [0.439982, 0.256592, 0.975]}"
MultiSeat,m831.obj,7204,14368,triangle,"{""min"": [0.025, 0.025, 0.025], ""max"": [0.975, 0.423234, 0.398551]}"
MultiSeat,m832.obj,7247,12808,triangle,"{""min"": [0.0249985, 0.0249404, 0.0249561], ""max"": [0.975002, 0.319911, 0.430281]}"
MultiSeat,m833.obj,9939,19183,triangle,"{""min"": [0.025, 0.025, 0.025], ""max"": [0.975, 0.427209, 0.474877]}"
MultiSeat,m834.obj,9068,17920,triangle,"{""min"": [0.025, 0.025, 0.025], ""max"": [0.975, 0.512827, 0.33972]}"
MultiSeat,m835.obj,7947,15184,triangle,"{""min"": [0.025, 0.025, 0.025], ""max"": [0.975, 0.440625, 0.416873]}"
MultiSeat,m836.obj,5773,11264,triangle,"{""min"": [0.025, 0.025, 0.025], ""max"": [0.975, 0.5, 0.5]}"
MultiSeat,m837.obj,8848,16952,triangle,"{""min"": [0.025, 0.025002, 0.025], ""max"": [0.975, 0.396988, 0.422022]}"
MultiSeat,m838.obj,8600,17168,triangle,"{""min"": [0.0220055, 0.024919, 0.025], ""max"": [0.977992, 0.494388, 0.462158]}"
MultiSeat,m839.obj,8520,17024,triangle,"{""min"": [0.0248529, 0.0249747, 0.025], ""max"": [0.533164, 0.516126, 0.975]}"
MultiSeat,m840.obj,9892,19986,triangle,"{""min"": [0.025, 0.025, 0.0238493], ""max"": [0.975, 0.852445, 0.853556]}"
MultiSeat,m841.obj,8286,16384,triangle,"{""min"": [0.025, 0.025, 0.025], ""max"": [0.658333, 0.975, 0.341667]}"
MultiSeat,m843.obj,8085,15128,triangle,"{""min"": [0.103243, 0.111906, 0.025], ""max"": [0.511488, 0.48559, 0.975]}"
Musical_Instrument,m625.obj,9971,19633,triangle,"{""min"": [0.025, 0.025, 0.025], ""max"": [0.975, 0.35284, 0.098369]}"
Musical_Instrument,m626.obj,9617,18876,triangle,"{""min"": [0.025, 0.025, 0.0245993], ""max"": [0.975, 0.640331, 0.0846141]}"
Musical_Instrument,m627.obj,7425,13008,triangle,"{""min"": [0.025, 0.025, 0.025], ""max"": [0.356581, 0.975, 0.091291]}"
Musical_Instrument,m628.obj,8021,15600,triangle,"{""min"": [0.025, 0.025, 0.025], ""max"": [0.975, 0.290442, 0.0753]}"
Musical_Instrument,m629.obj,8225,16090,triangle,"{""min"": [0.025, 0.025, 0.025], ""max"": [0.975, 0.300208, 0.061897]}"
Musical_Instrument,m630.obj,7910,15287,triangle,"{""min"": [0.025, 0.0242703, 0.025], ""max"": [0.397421, 0.975, 0.121422]}"
Musical_Instrument,m631.obj,8854,16831,triangle,"{""min"": [0.025054, 0.025, 0.025], ""max"": [0.975, 0.335657, 0.14798]}"
Musical_Instrument,m632.obj,8402,16685,triangle,"{""min"": [0.025, 0.025, 0.025], ""max"": [0.36349, 0.975, 0.110045]}"
Musical_Instrument,m633.obj,5591,10064,triangle,"{""min"": [0.060345, 0.057441, 0.025], ""max"": [0.483885, 0.975, 0.085762]}"
Musical_Instrument,m634.obj,8342,15350,triangle,"{""min"": [0.025, 0.025, 0.025], ""max"": [0.975, 0.079825, 0.327198]}"
Musical_Instrument,m635.obj,9617,17242,triangle,"{""min"": [0.025, 0.0250265, 0.025], ""max"": [0.308209, 0.110303, 0.975]}"
Musical_Instrument,m637.obj,8634,16926,triangle,"{""min"": [0.025, 0.025, 0.025], ""max"": [0.975, 0.082192, 0.312649]}"
Musical_Instrument,m638.obj,8377,16553,triangle,"{""min"": [0.025, 0.025, 0.0246241], ""max"": [0.304849, 0.975001, 0.116494]}"
Musical_Instrument,m639.obj,9072,17450,triangle,"{""min"": [0.025, 0.025, 0.025], ""max"": [0.975, 0.365667, 0.163468]}"
Musical_Instrument,m640.obj,8068,16042,triangle,"{""min"": [0.025, 0.025, 0.025], ""max"": [0.389521, 0.975, 0.180776]}"
Musical_Instrument,m641.obj,7342,14400,triangle,"{""min"": [0.025, 0.0244459, 0.025], ""max"": [0.33061, 0.1199, 0.975]}"
Musical_Instrument,m643.obj,9591,18657,triangle,"{""min"": [0.025, 0.0251685, 0.025], ""max"": [0.678291, 0.767262, 0.975]}"
Musical_Instrument,m644.obj,7887,15119,triangle,"{""min"": [0.025, 0.025, 0.025], ""max"": [0.575796, 0.657836, 0.975]}"
Musical_Instrument,m645.obj,7953,13277,triangle,"{""min"": [0.025, 0.025, 0.025], ""max"": [0.635996, 0.724688, 0.975]}"
Musical_Instrument,m646.obj,9074,17870,triangle,"{""min"": [0.025, 0.025, 0.025], ""max"": [0.667908, 0.698324, 0.975]}"
Musical_Instrument,m647.obj,9642,18141,triangle,"{""min"": [0.025, 0.025, 0.025], ""max"": [0.563392, 0.395156, 0.975]}"
NonWheelChair,D00037.obj,8358,16648,triangle,"{""min"": [-0.92367, -0.947778, -0.594191], ""max"": [0.760088, 0.73821, 0.578576]}"
NonWheelChair,D00101.obj,7880,15724,triangle,"{""min"": [-0.719773, -0.518472, -0.621309], ""max"": [0.981061, 0.342373, 0.343456]}"
NonWheelChair,D00170.obj,8033,15698,triangle,"{""min"": [-1.00069, -0.496292, -0.619393], ""max"": [0.871115, 0.69571, 0.64326]}"
NonWheelChair,D00185.obj,7833,14833,triangle,"{""min"": [-0.616451, -0.480944, -0.296803], ""max"": [1.14922, 0.586934, 1.04691]}"
NonWheelChair,D00240.obj,5854,11680,triangle,"{""min"": [-1.09625, -0.347347, -0.460039], ""max"": [0.778712, 0.654129, 0.405362]}"
NonWheelChair,D00306.obj,9260,18432,triangle,"{""min"": [-0.688849, -0.610255, -0.777052], ""max"": [0.902312, 0.431826, 0.500124]}"
NonWheelChair,D00357.obj,7898,15756,triangle,"{""min"": [-1.17221, -0.53877, -0.34688], ""max"": [0.602329, 0.598742, 0.824573]}"
NonWheelChair,D00419.obj,9140,18236,triangle,"{""min"": [-0.963648, -0.593009, -0.800692], ""max"": [0.896471, 0.428743, 0.455322]}"
NonWheelChair,D00443.obj,8078,15855,triangle,"{""min"": [-0.979185, -0.406822, -0.409507], ""max"": [0.821411, 0.574256, 0.790106]}"
NonWheelChair,D00445.obj,8501,16922,triangle,"{""min"": [-1.01702, -0.354026, -0.468704], ""max"": [0.809153, 0.419174, 0.422408]}"
NonWheelChair,D00480.obj,5063,10066,triangle,"{""min"": [-0.965515, -0.46328, -0.563212], ""max"": [0.914101, 0.413728, 0.560941]}"
NonWheelChair,D00481.obj,9033,17971,triangle,"{""min"": [-1.10113, -0.469903, -0.232176], ""max"": [0.73385, 0.296205, 0.511816]}"
NonWheelChair,D00512.obj,9149,17226,triangle,"{""min"": [-0.714064, -0.552481, -0.393659], ""max"": [1.09822, 0.658637, 1.01663]}"
NonWheelChair,D00694.obj,8834,17620,triangle,"{""min"": [-0.57119, -0.528783, -0.884473], ""max"": [0.907557, 0.373007, 0.3476]}"
NonWheelChair,D00707.obj,5215,10272,triangle,"{""min"": [-0.962029, -0.54491, -0.568121], ""max"": [0.843878, 0.742252, 0.799961]}"
NonWheelChair,D00741.obj,9764,19168,triangle,"{""min"": [-0.790359, -0.402043, -0.420674], ""max"": [0.969387, 0.580031, 0.736109]}"
NonWheelChair,D00853.obj,9822,19632,triangle,"{""min"": [-0.912699, -0.401554, -0.709873], ""max"": [0.692115, 0.703863, 0.417202]}"
NonWheelChair,D00914.obj,7641,15136,triangle,"{""min"": [-0.932452, -0.315392, -0.432939], ""max"": [0.714248, 0.815853, 0.446034]}"
NonWheelChair,D00928.obj,7982,15904,triangle,"{""min"": [-0.809127, -0.420215, -0.375911], ""max"": [1.12398, 0.520974, 0.379983]}"
NonWheelChair,D00936.obj,9687,19330,triangle,"{""min"": [-0.935055, -0.417009, -0.362693], ""max"": [0.834716, 0.482069, 0.819808]}"
NonWheelChair,m785.obj,7988,15618,triangle,"{""min"": [0.025, 0.025, 0.025], ""max"": [0.569607, 0.975, 0.569607]}"
NonWheelChair,m786.obj,9986,19936,triangle,"{""min"": [0.025, 0.025, 0.025], ""max"": [0.756678, 0.975, 0.780612]}"
NonWheelChair,m787.obj,5410,10712,triangle,"{""min"": [0.025, 0.025, 0.025], ""max"": [0.572806, 0.975, 0.572806]}"
NonWheelChair,m788.obj,9609,19190,triangle,"{""min"": [0.025, 0.025, 0.025], ""max"": [0.340037, 0.975, 0.331296]}"
NonWheelChair,m789.obj,9694,19232,triangle,"{""min"": [0.025, 0.025, 0.025], ""max"": [0.511587, 0.975, 0.513989]}"
NonWheelChair,m790.obj,8996,17765,triangle,"{""min"": [0.025, 0.025, 0.025], ""max"": [0.660529, 0.975162, 0.684862]}"
NonWheelChair,m791.obj,9050,18032,triangle,"{""min"": [0.0247423, 0.0247842, 0.0247858], ""max"": [0.511208, 0.975193, 0.51111]}"
NonWheelChair,m793.obj,8050,15263,triangle,"{""min"": [0.025, 0.025, 0.025], ""max"": [0.884711, 0.975, 0.770083]}"
NonWheelChair,m794.obj,7921,15375,triangle,"{""min"": [0.025, 0.025, 0.025], ""max"": [0.706179, 0.975, 0.674053]}"
NonWheelChair,m795.obj,9361,18670,triangle,"{""min"": [0.025, 0.025, 0.025], ""max"": [0.394645, 0.975, 0.549344]}"
NonWheelChair,m796.obj,9504,18913,triangle,"{""min"": [0.025, 0.025, 0.025], ""max"": [0.710365, 0.975, 0.691944]}"
NonWheelChair,m797.obj,7911,14756,triangle,"{""min"": [0.025, 0.025, 0.025], ""max"": [0.63591, 0.975, 0.610618]}"
NonWheelChair,m798.obj,5046,9584,triangle,"{""min"": [0.025, 0.025, 0.025], ""max"": [0.596759, 0.975, 0.647338]}"
NonWheelChair,m799.obj,7845,15566,triangle,"{""min"": [0.025, 0.025, 0.025], ""max"": [0.646329, 0.975, 0.688832]}"
NonWheelChair,m800.obj,6171,12160,triangle,"{""min"": [0.025, 0.025, 0.025], ""max"": [0.727778, 0.975, 0.727778]}"
NonWheelChair,m801.obj,8188,16268,triangle,"{""min"": [0.025, 0.025, 0.025], ""max"": [0.469361, 0.975, 0.54502]}"
NonWheelChair,m804.obj,9779,19287,triangle,"{""min"": [0.025, 0.025, 0.025], ""max"": [0.702184, 0.975, 0.669041]}"
NonWheelChair,m805.obj,8605,17024,triangle,"{""min"": [0.025, 0.025, 0.025], ""max"": [0.729762, 0.975, 0.729762]}"
NonWheelChair,m806.obj,7252,14464,triangle,"{""min"": [0.025, 0.025, 0.025], ""max"": [0.358289, 0.975, 0.411545]}"
NonWheelChair,m807.obj,5900,11776,triangle,"{""min"": [0.025, 0.025, 0.025], ""max"": [0.405, 0.975, 0.403838]}"
NonWheelChair,m808.obj,8665,16709,triangle,"{""min"": [0.025, 0.025, 0.025], ""max"": [0.550853, 0.975, 0.624579]}"
NonWheelChair,m809.obj,5790,11520,triangle,"{""min"": [0.025, 0.025, 0.025], ""max"": [0.242542, 0.975, 0.225718]}"
NonWheelChair,m810.obj,9350,18644,triangle,"{""min"": [0.025, 0.025, 0.0249527], ""max"": [0.382957, 0.975008, 0.399496]}"
NonWheelChair,m811.obj,7884,14912,triangle,"{""min"": [0.025, 0.025, 0.025], ""max"": [0.538252, 0.975, 0.556733]}"
NonWheelChair,m812.obj,7887,14911,triangle,"{""min"": [0.025, 0.025, 0.025], ""max"": [0.460153, 0.975, 0.475823]}"
NonWheelChair,m813.obj,7862,14833,triangle,"{""min"": [0.025, 0.025, 0.025], ""max"": [0.402684, 0.975, 0.416284]}"
NonWheelChair,m814.obj,9174,17296,triangle,"{""min"": [0.025, 0.025, 0.025], ""max"": [0.538252, 0.975, 0.556733]}"
NonWheelChair,m815.obj,9180,17297,triangle,"{""min"": [0.025, 0.025, 0.025], ""max"": [0.460153, 0.975, 0.475823]}"
NonWheelChair,m816.obj,9147,17226,triangle,"{""min"": [0.025, 0.025, 0.025], ""max"": [0.402684, 0.975, 0.416284]}"
NonWheelChair,m817.obj,5528,11008,triangle,"{""min"": [0.025, 0.025, 0.025], ""max"": [0.496386, 0.975, 0.559485]}"
NonWheelChair,m818.obj,8149,16212,triangle,"{""min"": [0.025, 0.025, 0.025], ""max"": [0.707366, 0.975, 0.707366]}"
NonWheelChair,m819.obj,5777,10624,triangle,"{""min"": [0.025, 0.025, 0.025], ""max"": [0.483371, 0.975, 0.505608]}"
NonWheelChair,m820.obj,6292,12224,triangle,"{""min"": [0.025, 0.025, 0.025], ""max"": [0.557, 0.975, 0.5665]}"
NonWheelChair,m821.obj,5110,10064,triangle,"{""min"": [0.025, 0.025, 0.0235579], ""max"": [0.448065, 0.975, 0.400077]}"
NonWheelChair,m822.obj,8338,16648,triangle,"{""min"": [0.025, 0.025, 0.025], ""max"": [0.497961, 0.975, 0.528479]}"
NonWheelChair,m823.obj,6530,12992,triangle,"{""min"": [0.025, 0.025, 0.025], ""max"": [0.642458, 0.975, 0.547596]}"
NonWheelChair,m824.obj,8031,15698,triangle,"{""min"": [0.025, 0.025, 0.025], ""max"": [0.504141, 0.975, 0.522758]}"
NonWheelChair,m826.obj,9180,18304,triangle,"{""min"": [0.025, 0.025, 0.025], ""max"": [0.51287, 0.975, 0.498178]}"
NonWheelChair,m827.obj,9247,18450,triangle,"{""min"": [0.025, 0.025, 0.025], ""max"": [0.463793, 0.975, 0.389385]}"
NonWheelChair,m828.obj,8622,17196,triangle,"{""min"": [0.025, 0.025, 0.025], ""max"": [0.508981, 0.975, 0.470436]}"
PianoBoard,D00008.obj,8235,15644,triangle,"{""min"": [2.48069, 0.916081, 0.0], ""max"": [3.20796, 2.29848, 0.95426]}"
PianoBoard,D00065.obj,8907,17374,triangle,"{""min"": [0.177389, 0.162991, -0.0], ""max"": [0.546389, 2.73411, 1.0028]}"
PianoBoard,D00075.obj,5122,9944,triangle,"{""min"": [0.906597, 1.55708, 0.0], ""max"": [3.08865, 2.63893, 1.48617]}"
PianoBoard,D00104.obj,9576,18485,triangle,"{""min"": [1.70621, 8.73314, -0.000868], ""max"": [3.7746, 9.49082, 1.49604]}"
PianoBoard,D00122.obj,7357,13648,triangle,"{""min"": [3.53764, 3.26059, 0.0], ""max"": [5.00764, 3.86259, 1.163]}"
PianoBoard,D00181.obj,9627,15427,triangle,"{""min"": [0.975826, 1.45601, -0.0], ""max"": [2.48603, 2.06401, 1.16905]}"
PianoBoard,D00212.obj,7918,15472,triangle,"{""min"": [-4.57895, 2.06493, 0.0], ""max"": [-3.19895, 2.58967, 0.96308]}"
PianoBoard,D00235.obj,6333,11804,triangle,"{""min"": [0.0, 0.0, 0.0], ""max"": [0.727266, 1.38239, 0.78766]}"
PianoBoard,D00253.obj,8973,17832,triangle,"{""min"": [-0.0, -0.0235781, 0.0], ""max"": [1.03223, 2.58577, 1.3242]}"
PianoBoard,D00332.obj,9653,18169,triangle,"{""min"": [0.0, -0.5588, 0.0], ""max"": [1.4732, 0.0, 1.143]}"
PianoBoard,D00381.obj,9876,18800,triangle,"{""min"": [2.08209, 0.245369, 0.0], ""max"": [3.43234, 0.571913, 0.802835]}"
PianoBoard,D00441.obj,8422,16640,triangle,"{""min"": [0.966469, 0.6069, -0.0407801], ""max"": [2.52857, 1.27193, 1.38272]}"
PianoBoard,D00460.obj,9140,17845,triangle,"{""min"": [-0.889, -4.3335, -0.0159945], ""max"": [3.03747, 4.77955, 5.72805]}"
PianoBoard,D00623.obj,5666,10102,triangle,"{""min"": [-0.00323212, -0.117475, 0.0], ""max"": [1.52723, 0.593195, 0.863484]}"
PianoBoard,D00718.obj,8652,16110,triangle,"{""min"": [-0.869884, 0.287363, -0.0], ""max"": [-0.0806989, 2.51192, 1.02861]}"
PianoBoard,D00721.obj,8262,16296,triangle,"{""min"": [-4.76417e-06, -0.0254, -0.0151584], ""max"": [2.30411, 3.7243, 2.40715]}"
PianoBoard,D00755.obj,8133,15777,triangle,"{""min"": [33.6835, -272.329, 1.94], ""max"": [131.834, -55.6096, 149.102]}"
PianoBoard,D00885.obj,6603,12497,triangle,"{""min"": [1.0599, 0.387144, 0.0], ""max"": [2.53309, 1.00309, 1.402]}"
PianoBoard,D00962.obj,9674,19019,triangle,"{""min"": [1.53556, 0.972197, 0.0], ""max"": [2.48544, 2.80391, 1.52339]}"
PianoBoard,D00966.obj,9554,17166,triangle,"{""min"": [0.0, 10.1053, 0.0], ""max"": [1.52317, 13.9174, 2.73858]}"
PlantIndoors,D00049.obj,8849,11086,triangle,"{""min"": [-0.589232, -0.512215, -0.661418], ""max"": [1.01321, 1.15418, 0.664049]}"
PlantIndoors,D00073.obj,9050,12935,triangle,"{""min"": [-0.893335, -0.533567, -0.497831], ""max"": [0.765558, 0.674337, 0.525104]}"
PlantIndoors,D00080.obj,33580,2005,triangle,"{""min"": [-1.09832, -0.833828, -0.848245], ""max"": [0.827319, 0.707009, 0.697203]}"
PlantIndoors,D00087.obj,8052,12298,triangle,"{""min"": [-0.642902, -0.64049, -0.66054], ""max"": [1.06244, 1.05407, 0.705139]}"
PlantIndoors,D00128.obj,8456,9108,triangle,"{""min"": [-0.678286, -0.80629, -0.849905], ""max"": [0.998715, 0.6413, 0.56917]}"
PlantIndoors,D00159.obj,8536,9507,triangle,"{""min"": [-1.02299, -0.76005, -0.766566], ""max"": [0.735003, 0.812815, 0.954689]}"
PlantIndoors,D00238.obj,9067,11468,triangle,"{""min"": [-0.785201, -0.874954, -0.778486], ""max"": [0.767284, 0.899353, 0.877332]}"
PlantIndoors,D00280.obj,7888,10850,triangle,"{""min"": [-0.733347, -0.767352, -0.554708], ""max"": [0.671253, 0.57333, 0.647612]}"
PlantIndoors,D00370.obj,7930,8864,triangle,"{""min"": [-0.982768, -0.686492, -0.774879], ""max"": [0.860249, 0.613612, 0.588319]}"
PlantIndoors,D00379.obj,8453,10544,triangle,"{""min"": [-0.895974, -0.861116, -0.88025], ""max"": [0.794052, 0.676995, 0.720244]}"
PlantIndoors,D00466.obj,8517,12944,triangle,"{""min"": [-0.845851, -0.855631, -0.867733], ""max"": [0.999812, 0.729978, 0.91146]}"
PlantIndoors,D00491.obj,9289,11484,triangle,"{""min"": [-0.988537, -0.895595, -0.951317], ""max"": [0.640077, 0.625428, 0.589055]}"
PlantIndoors,D00595.obj,9309,8576,triangle,"{""min"": [-0.879242, -0.741142, -0.721075], ""max"": [0.92524, 0.692175, 0.590735]}"
PlantIndoors,D00609.obj,6696,10794,triangle,"{""min"": [-0.849813, -0.826182, -0.831663], ""max"": [0.820439, 0.821122, 0.78608]}"
PlantIndoors,D00622.obj,8686,12097,triangle,"{""min"": [-0.868326, -0.48851, -0.389881], ""max"": [0.528285, 0.454005, 0.383057]}"
PlantIndoors,D00624.obj,9399,10978,triangle,"{""min"": [-0.53202, -0.728902, -0.821446], ""max"": [0.829882, 0.731508, 0.646299]}"
PlantIndoors,D00657.obj,5671,7624,triangle,"{""min"": [-0.70605, -0.511665, -0.272853], ""max"": [0.889756, 0.434736, 0.233868]}"
PlantIndoors,D00667.obj,5080,8256,triangle,"{""min"": [-0.698653, -0.482997, -0.748313], ""max"": [0.697893, 0.829917, 0.508933]}"
PlantIndoors,D00800.obj,8759,10464,triangle,"{""min"": [-0.559202, -0.894201, -0.898129], ""max"": [0.801259, 0.878654, 0.686989]}"
PlantIndoors,D00968.obj,7641,11540,triangle,"{""min"": [-0.932455, -0.824703, -0.728657], ""max"": [0.666304, 0.611696, 0.80668]}"
PlantIndoors,m1000.obj,8849,11084,triangle,"{""min"": [0.025204, 0.025, 0.025], ""max"": [0.87974, 0.975, 0.812218]}"
PlantIndoors,m1001.obj,9047,12934,triangle,"{""min"": [0.025, 0.025, 0.025], ""max"": [0.662534, 0.975, 0.625]}"
PlantIndoors,m1002.obj,8260,10184,triangle,"{""min"": [0.025, 0.025, 0.025], ""max"": [0.975, 0.768037, 0.972462]}"
PlantIndoors,m1003.obj,8453,10544,triangle,"{""min"": [0.025, 0.025, 0.025], ""max"": [0.961288, 0.975, 0.963101]}"
PlantIndoors,m1004.obj,8759,10464,triangle,"{""min"": [0.025, 0.025, 0.025], ""max"": [0.975, 0.744809, 0.882101]}"
PlantIndoors,m1005.obj,8038,8350,triangle,"{""min"": [0.025, 0.025, 0.025], ""max"": [0.485501, 0.975, 0.490785]}"
PlantIndoors,m1006.obj,7833,10968,triangle,"{""min"": [0.025, 0.025, 0.025], ""max"": [0.975, 0.579742, 0.919029]}"
PlantIndoors,m1007.obj,7930,8864,triangle,"{""min"": [0.025, 0.025, 0.025], ""max"": [0.758171, 0.975, 0.745147]}"
PlantIndoors,m1008.obj,5383,7952,triangle,"{""min"": [0.025, 0.025, 0.025], ""max"": [0.92355, 0.808322, 0.975]}"
PlantIndoors,m1009.obj,5331,6734,triangle,"{""min"": [0.025, 0.025, 0.025], ""max"": [0.640569, 0.975, 0.641004]}"
PlantIndoors,m1010.obj,6257,7196,triangle,"{""min"": [0.025, 0.025, 0.025], ""max"": [0.975, 0.691784, 0.803654]}"
PlantIndoors,m1011.obj,7529,10680,triangle,"{""min"": [0.025, 0.025, 0.025], ""max"": [0.870745, 0.975, 0.857125]}"
PlantIndoors,m1012.obj,8030,13390,triangle,"{""min"": [0.025, 0.025, 0.025], ""max"": [0.975, 0.581119, 0.943566]}"
PlantIndoors,m1013.obj,6365,7424,triangle,"{""min"": [0.025, 0.025, 0.025], ""max"": [0.904141, 0.890785, 0.975]}"
PlantIndoors,m1014.obj,9308,8577,triangle,"{""min"": [0.025, 0.025, 0.025], ""max"": [0.719818, 0.975, 0.801019]}"
PlantIndoors,m1015.obj,9983,18440,triangle,"{""min"": [0.025, 0.025, 0.025], ""max"": [0.507051, 0.975, 0.546773]}"
PlantIndoors,m1016.obj,5305,7909,triangle,"{""min"": [0.025, 0.025, 0.025], ""max"": [0.741253, 0.975, 0.619754]}"
PlantIndoors,m1017.obj,8659,12048,triangle,"{""min"": [0.025, 0.025, 0.025], ""max"": [0.65488, 0.975, 0.611239]}"
PlantIndoors,m1018.obj,9394,10974,triangle,"{""min"": [0.025, 0.025, 0.025], ""max"": [0.944203, 0.876864, 0.975]}"
PlantIndoors,m1020.obj,9064,11468,triangle,"{""min"": [0.025, 0.025, 0.025], ""max"": [0.975, 0.836636, 0.851268]}"
PlantIndoors,m1021.obj,7639,11540,triangle,"{""min"": [0.025, 0.025, 0.025], ""max"": [0.903845, 0.975, 0.90316]}"
PlantIndoors,m1022.obj,7882,10842,triangle,"{""min"": [0.025, 0.025, 0.025], ""max"": [0.920176, 0.975, 0.917644]}"
PlantIndoors,m1023.obj,8515,12944,triangle,"{""min"": [0.025, 0.025, 0.025], ""max"": [0.96653, 0.813317, 0.975]}"
PlantIndoors,m1025.obj,6696,10794,triangle,"{""min"": [0.025, 0.025, 0.025], ""max"": [0.886152, 0.703415, 0.975]}"
PlantIndoors,m1026.obj,5074,8256,triangle,"{""min"": [0.025, 0.0249999, 0.025], ""max"": [0.950537, 0.975, 0.958601]}"
PlantIndoors,m1027.obj,8051,12297,triangle,"{""min"": [0.025, 0.025, 0.025], ""max"": [0.946513, 0.975, 0.889027]}"
PlantIndoors,m1029.obj,9567,19008,triangle,"{""min"": [0.025, 0.025, 0.025], ""max"": [0.487126, 0.974215, 0.657368]}"
PlantIndoors,m1030.obj,8466,20666,triangle,"{""min"": [0.025, 0.025, 0.025], ""max"": [0.975, 0.664002, 0.890516]}"
PlantIndoors,m1031.obj,8043,14901,triangle,"{""min"": [0.025, 0.025, 0.025], ""max"": [0.66757, 0.909267, 0.975]}"
PlantIndoors,m1032.obj,5010,9984,triangle,"{""min"": [0.025, 0.025, 0.025], ""max"": [0.892086, 0.897381, 0.975]}"
PlantIndoors,m1033.obj,8110,27136,triangle,"{""min"": [0.054199, 0.025, 0.056344], ""max"": [0.47097, 0.973162, 0.529091]}"
PlantIndoors,m1034.obj,8236,16234,triangle,"{""min"": [0.025, 0.025, 0.028093], ""max"": [0.37276, 0.972013, 0.450815]}"
PlantIndoors,m1035.obj,6927,13440,triangle,"{""min"": [0.025, 0.025, 0.025], ""max"": [0.876645, 0.975, 0.750467]}"
PlantIndoors,m1036.obj,7875,15612,triangle,"{""min"": [0.025, 0.025, 0.025], ""max"": [0.582698, 0.975, 0.364351]}"
PlantIndoors,m989.obj,8064,12778,triangle,"{""min"": [0.025, 0.025, 0.025], ""max"": [0.721648, 0.975, 0.659686]}"
PlantIndoors,m990.obj,5786,10304,triangle,"{""min"": [0.025, 0.025, 0.025], ""max"": [0.927322, 0.542965, 0.975]}"
PlantIndoors,m991.obj,9544,13549,triangle,"{""min"": [0.025, 0.025, 0.025], ""max"": [0.963654, 0.814367, 0.958696]}"
PlantIndoors,m992.obj,5786,10304,triangle,"{""min"": [0.025, 0.025, 0.025], ""max"": [0.914445, 0.510263, 0.975]}"
PlantIndoors,m993.obj,8279,15973,triangle,"{""min"": [0.025823, 0.025, 0.025], ""max"": [0.293021, 0.973704, 0.225939]}"
PlantIndoors,m994.obj,8940,15862,triangle,"{""min"": [0.025, 0.025, 0.025], ""max"": [0.975, 0.64508, 0.863712]}"
PlantIndoors,m995.obj,7248,4615,triangle,"{""min"": [0.025, 0.025, 0.025], ""max"": [0.868916, 0.932844, 0.975]}"
PlantIndoors,m996.obj,8171,15120,triangle,"{""min"": [0.051044, 0.025, 0.049558], ""max"": [0.696157, 0.951458, 0.630208]}"
PlantIndoors,m997.obj,7070,11568,triangle,"{""min"": [0.025, 0.025, 0.025], ""max"": [0.884369, 0.768024, 0.975]}"
PlantIndoors,m998.obj,8906,16701,triangle,"{""min"": [0.025, 0.025, 0.025], ""max"": [0.550817, 0.975, 0.506435]}"
PlantIndoors,m999.obj,9775,15936,triangle,"{""min"": [0.025, 0.025, 0.025], ""max"": [0.805219, 0.975, 0.646627]}"
PlantWildNonTree,m1052.obj,7272,11904,triangle,"{""min"": [0.025, 0.025, 0.025], ""max"": [0.975, 0.928908, 0.915534]}"
PlantWildNonTree,m961.obj,6513,9427,triangle,"{""min"": [0.025, 0.025, 0.025], ""max"": [0.975, 0.593275, 0.892779]}"
PlantWildNonTree,m962.obj,9069,10429,triangle,"{""min"": [0.025, 0.025, 0.025], ""max"": [0.975, 0.914187, 0.96296]}"
PlantWildNonTree,m963.obj,8246,11706,triangle,"{""min"": [0.025, 0.025, 0.025], ""max"": [0.975, 0.59748, 0.946859]}"
PlantWildNonTree,m964.obj,9912,13117,triangle,"{""min"": [0.025, 0.025, 0.025], ""max"": [0.625182, 0.974992, 0.562193]}"
PlantWildNonTree,m965.obj,8216,12496,triangle,"{""min"": [0.025, 0.025, 0.025], ""max"": [0.623671, 0.975, 0.778421]}"
PlantWildNonTree,m966.obj,7920,5280,triangle,"{""min"": [0.025, 0.025, 0.025], ""max"": [0.975, 0.446096, 0.896805]}"
PlantWildNonTree,m967.obj,9670,10288,triangle,"{""min"": [0.025, 0.025, 0.025], ""max"": [0.200176, 0.471886, 0.975]}"
PlantWildNonTree,m968.obj,9018,11712,triangle,"{""min"": [0.025, 0.025, 0.025], ""max"": [0.688396, 0.596846, 0.975]}"
PlantWildNonTree,m971.obj,8120,10232,triangle,"{""min"": [0.025, 0.025, 0.025], ""max"": [0.975, 0.629853, 0.57088]}"
PlantWildNonTree,m972.obj,9808,8842,triangle,"{""min"": [0.025, 0.025, 0.025], ""max"": [0.975, 0.634839, 0.609769]}"
PlantWildNonTree,m973.obj,8674,9316,triangle,"{""min"": [0.025, 0.025, 0.025], ""max"": [0.679426, 0.975, 0.557929]}"
PlantWildNonTree,m974.obj,8964,15824,triangle,"{""min"": [0.025, 0.0241715, 0.025], ""max"": [0.378277, 0.975, 0.215228]}"
PlantWildNonTree,m975.obj,7878,15724,triangle,"{""min"": [0.025, 0.025, 0.025], ""max"": [0.636954, 0.975, 0.199078]}"
PlantWildNonTree,m976.obj,9187,16387,triangle,"{""min"": [0.025, 0.025, 0.025], ""max"": [0.747674, 0.975, 0.708802]}"
PlantWildNonTree,m977.obj,5922,11752,triangle,"{""min"": [0.025, 0.025, 0.025], ""max"": [0.570625, 0.975, 0.651254]}"
PlantWildNonTree,m978.obj,8047,12373,triangle,"{""min"": [0.025, 0.025, 0.025], ""max"": [0.410114, 0.975, 0.465016]}"
PlantWildNonTree,m979.obj,8927,13353,triangle,"{""min"": [0.025, 0.025, 0.025], ""max"": [0.480545, 0.975, 0.460652]}"
PlantWildNonTree,m980.obj,8930,15965,triangle,"{""min"": [0.025, 0.025, 0.025], ""max"": [0.409023, 0.975, 0.438638]}"
PlantWildNonTree,m981.obj,9220,19018,triangle,"{""min"": [0.025, 0.025, 0.025], ""max"": [0.422859, 0.975, 0.30968]}"
PlantWildNonTree,m982.obj,8208,16352,triangle,"{""min"": [0.025, 0.025, 0.025], ""max"": [0.357833, 0.975, 0.373255]}"
PlantWildNonTree,m983.obj,9895,18944,triangle,"{""min"": [0.025, 0.025, 0.025], ""max"": [0.97343, 0.832675, 0.975]}"
PlantWildNonTree,m984.obj,9183,15712,triangle,"{""min"": [0.025, 0.025, 0.025], ""max"": [0.555368, 0.975, 0.403834]}"
PlantWildNonTree,m985.obj,9869,16318,triangle,"{""min"": [0.2499, 0.026053, 0.186911], ""max"": [0.753489, 0.752244, 0.332277]}"
PlantWildNonTree,m986.obj,6656,11843,triangle,"{""min"": [0.151273, 0.152172, 0.025], ""max"": [0.581172, 0.608205, 0.913329]}"
PlantWildNonTree,m987.obj,9184,15712,triangle,"{""min"": [0.025, 0.025, 0.025], ""max"": [0.553203, 0.400042, 0.975]}"
PlantWildNonTree,m988.obj,9479,18720,triangle,"{""min"": [0.025, 0.025189, 0.025], ""max"": [0.272186, 0.974894, 0.241967]}"
Quadruped,D00111.obj,9203,18296,triangle,"{""min"": [-0.740298, -0.509401, -0.279019], ""max"": [0.96725, 0.46231, 0.301237]}"
Quadruped,D00150.obj,9347,18353,triangle,"{""min"": [-0.858154, -0.690643, -0.322446], ""max"": [0.919163, 0.573973, 0.381308]}"
Quadruped,D00218.obj,9858,19712,triangle,"{""min"": [-0.746321, -0.524215, -0.269701], ""max"": [1.09075, 0.518451, 0.374705]}"
Quadruped,D00226.obj,9055,18104,triangle,"{""min"": [-0.905314, -0.735275, -0.277114], ""max"": [0.908629, 0.438284, 0.286821]}"
Quadruped,D00261.obj,9031,18058,triangle,"{""min"": [-0.880692, -0.452002, -0.300286], ""max"": [0.933777, 0.681738, 0.264156]}"
Quadruped,D00326.obj,9467,18882,triangle,"{""min"": [-0.919966, -0.778218, -0.20676], ""max"": [0.973387, 0.664503, 0.225014]}"
Quadruped,D00380.obj,7077,13984,triangle,"{""min"": [-0.766786, -0.571501, -0.267263], ""max"": [1.0742, 0.68435, 0.238171]}"
Quadruped,D00409.obj,9779,19196,triangle,"{""min"": [-1.02799, -0.54933, -0.38059], ""max"": [0.763945, 0.688207, 0.159695]}"
Quadruped,D00508.obj,8130,16175,triangle,"{""min"": [-0.888332, -0.543442, -0.244184], ""max"": [1.07247, 0.696437, 0.18994]}"
Quadruped,D00509.obj,7312,14620,triangle,"{""min"": [-0.774075, -0.431179, -0.229294], ""max"": [1.10078, 0.454522, 0.207407]}"
Quadruped,D00583.obj,8176,15913,triangle,"{""min"": [-1.02481, -0.34461, -0.14532], ""max"": [0.477622, 0.449642, 0.147105]}"
Quadruped,D00663.obj,9350,15977,triangle,"{""min"": [-0.909545, -0.545506, -0.2609], ""max"": [0.857822, 0.855651, 0.241974]}"
Quadruped,D00700.obj,7066,13992,triangle,"{""min"": [-1.09131, -0.513618, -0.230806], ""max"": [0.858057, 0.663338, 0.222797]}"
Quadruped,D00757.obj,9426,18847,triangle,"{""min"": [-0.95819, -0.586311, -0.380385], ""max"": [0.856808, 0.871368, 0.338153]}"
Quadruped,D00794.obj,7510,15016,triangle,"{""min"": [-0.769274, -0.475478, -0.201188], ""max"": [0.738854, 0.651342, 0.175018]}"
Quadruped,D00795.obj,9654,16834,triangle,"{""min"": [-0.697796, -0.589617, -0.294906], ""max"": [1.13286, 0.518917, 0.255965]}"
Quadruped,D00831.obj,6394,12668,triangle,"{""min"": [-0.92721, -0.994428, -0.458822], ""max"": [0.95259, 0.527872, 0.293076]}"
Quadruped,D00841.obj,8353,16596,triangle,"{""min"": [-1.00184, -0.504578, -0.197082], ""max"": [0.787226, 0.71894, 0.213429]}"
Quadruped,D00867.obj,6344,12676,triangle,"{""min"": [-0.870959, -0.628516, -0.412555], ""max"": [1.03025, 0.725331, 0.429695]}"
Quadruped,D00934.obj,7827,15544,triangle,"{""min"": [-0.924407, -0.687939, -0.202762], ""max"": [0.998297, 0.67884, 0.327952]}"
Quadruped,m100.obj,9666,19328,triangle,"{""min"": [0.025, 0.025, 0.025], ""max"": [0.558031, 0.458469, 0.975]}"
Quadruped,m101.obj,9575,19044,triangle,"{""min"": [0.025, 0.025, 0.025], ""max"": [0.408786, 0.685159, 0.975]}"
Quadruped,m102.obj,7309,14464,triangle,"{""min"": [0.025, 0.025, 0.025], ""max"": [0.401002, 0.450621, 0.975]}"
Quadruped,m103.obj,8666,16762,triangle,"{""min"": [0.025, 0.025, 0.025], ""max"": [0.248663, 0.730227, 0.975]}"
Quadruped,m104.obj,8060,16107,triangle,"{""min"": [0.025, 0.025, 0.025], ""max"": [0.975, 0.781594, 0.282277]}"
Quadruped,m105.obj,8413,16640,triangle,"{""min"": [0.025, 0.025, 0.025], ""max"": [0.269551, 0.975, 0.946481]}"
Quadruped,m106.obj,5506,11008,triangle,"{""min"": [0.025, 0.025, 0.025], ""max"": [0.21348, 0.65884, 0.975]}"
Quadruped,m107.obj,9469,18882,triangle,"{""min"": [0.025, 0.025, 0.025], ""max"": [0.263878, 0.888063, 0.975]}"
Quadruped,m108.obj,8660,17327,triangle,"{""min"": [0.025, 0.025, 0.025], ""max"": [0.975, 0.907116, 0.282553]}"
Quadruped,m109.obj,5068,10080,triangle,"{""min"": [0.025, 0.025, 0.025], ""max"": [0.83322, 0.975, 0.465593]}"
Quadruped,m110.obj,7218,14432,triangle,"{""min"": [0.025, 0.025, 0.025], ""max"": [0.47055, 0.719399, 0.975]}"
Quadruped,m111.obj,9608,19144,triangle,"{""min"": [0.025, 0.025, 0.025], ""max"": [0.414531, 0.678081, 0.975]}"
Quadruped,m112.obj,7691,15294,triangle,"{""min"": [0.025, 0.025, 0.025], ""max"": [0.937056, 0.975, 0.655766]}"
Quadruped,m273.obj,7550,15072,triangle,"{""min"": [0.025, 0.025, 0.025], ""max"": [0.21044, 0.382048, 0.975]}"
Quadruped,m274.obj,9163,18306,triangle,"{""min"": [0.025677, 0.025017, 0.025064], ""max"": [0.975, 0.349877, 0.912624]}"
Quadruped,m275.obj,7868,15732,triangle,"{""min"": [0.025112, 0.025, 0.025], ""max"": [0.219449, 0.975, 0.492776]}"
Quadruped,m276.obj,9183,18292,triangle,"{""min"": [0.025, 0.0237104, 0.025], ""max"": [0.142394, 0.37387, 0.975]}"
Quadruped,m277.obj,7024,13984,triangle,"{""min"": [0.025, 0.025, 0.025], ""max"": [0.975, 0.276023, 0.755672]}"
Quadruped,m278.obj,5252,10336,triangle,"{""min"": [0.025, 0.025, 0.025], ""max"": [0.975, 0.201787, 0.960987]}"
Quadruped,m279.obj,9167,18308,triangle,"{""min"": [0.025, 0.025, 0.035458], ""max"": [0.975, 0.25107, 0.948752]}"
Quadruped,m280.obj,8790,17166,triangle,"{""min"": [0.025, 0.025, 0.025], ""max"": [0.761276, 0.975, 0.210309]}"
Quadruped,m281.obj,7878,15735,triangle,"{""min"": [0.025, 0.025, 0.025], ""max"": [0.975, 0.77783, 0.246816]}"
Quadruped,m282.obj,7272,14316,triangle,"{""min"": [0.025, 0.025, 0.025], ""max"": [0.975, 0.443306, 0.929981]}"
Quadruped,m86.obj,7967,15040,triangle,"{""min"": [0.025, 0.025, 0.025], ""max"": [0.18809, 0.627269, 0.975]}"
Quadruped,m87.obj,8380,16584,triangle,"{""min"": [0.025, 0.025, 0.025], ""max"": [0.305914, 0.811559, 0.975]}"
Quadruped,m88.obj,6448,12880,triangle,"{""min"": [0.025, 0.025, 0.025], ""max"": [0.244397, 0.617999, 0.975]}"
Quadruped,m89.obj,9761,19491,triangle,"{""min"": [0.025, 0.025, 0.025], ""max"": [0.366076, 0.832384, 0.975]}"
Quadruped,m90.obj,7088,14096,triangle,"{""min"": [0.025, 0.025, 0.025], ""max"": [0.485433, 0.5735, 0.975]}"
Quadruped,m91.obj,6394,12668,triangle,"{""min"": [0.025, 0.025, 0.025], ""max"": [0.338336, 0.86107, 0.975]}"
Quadruped,m92.obj,7827,15544,triangle,"{""min"": [0.025, 0.025, 0.025], ""max"": [0.335514, 0.890256, 0.975]}"
Quadruped,m93.obj,8152,16212,triangle,"{""min"": [0.025, 0.025, 0.025], ""max"": [0.975, 0.657726, 0.29666]}"
Quadruped,m94.obj,7919,15396,triangle,"{""min"": [-39746300.0, -172210000.0, -454395000.0], ""max"": [55866200.0, 21099000.0, 8049400.0]}"
Quadruped,m95.obj,8335,16666,triangle,"{""min"": [0.025, 0.025, 0.025622], ""max"": [0.254726, 0.413236, 0.975]}"
Quadruped,m96.obj,5163,10034,triangle,"{""min"": [0.025, 0.025, 0.025], ""max"": [0.272288, 0.537454, 0.975]}"
Quadruped,m97.obj,9949,19725,triangle,"{""min"": [0.025, 0.025, 0.025], ""max"": [0.280377, 0.543507, 0.975]}"
Quadruped,m98.obj,9049,17905,triangle,"{""min"": [0.025, 0.025, 0.025], ""max"": [0.279628, 0.51898, 0.974608]}"
Quadruped,m99.obj,5779,11544,triangle,"{""min"": [0.025, 0.025, 0.025], ""max"": [0.337893, 0.511845, 0.975]}"
RectangleTable,D00134.obj,7932,15728,triangle,"{""min"": [-0.706206, -0.369079, -0.100446], ""max"": [0.728155, 0.485354, 0.618111]}"
RectangleTable,D00187.obj,7958,14088,triangle,"{""min"": [-0.563912, -0.249515, -0.27349], ""max"": [0.68609, 0.831647, 0.280377]}"
RectangleTable,D00188.obj,8406,16772,triangle,"{""min"": [-0.743859, -0.611865, -0.274409], ""max"": [1.15863, 0.477861, 0.496949]}"
RectangleTable,D00230.obj,9798,18183,triangle,"{""min"": [-0.746842, -0.608928, -0.227047], ""max"": [0.601798, 0.668799, 0.765292]}"
RectangleTable,D00243.obj,8027,15748,triangle,"{""min"": [-0.781242, -0.241336, -0.268941], ""max"": [0.793694, 0.701575, 0.474889]}"
RectangleTable,D00295.obj,8995,17970,triangle,"{""min"": [-0.857241, -0.538196, -0.896021], ""max"": [0.625113, 0.702653, 0.134432]}"
RectangleTable,D00302.obj,6534,12544,triangle,"{""min"": [-0.823771, -0.417113, -0.477013], ""max"": [0.654156, 0.533716, 0.43961]}"
RectangleTable,D00317.obj,9004,16523,triangle,"{""min"": [-1.14798, -0.923051, -0.0356254], ""max"": [0.649039, 0.875979, 0.509212]}"
RectangleTable,D00418.obj,5794,8472,triangle,"{""min"": [-1.06258, -0.874865, -0.102183], ""max"": [0.724591, 0.912209, 0.594671]}"
RectangleTable,D00421.obj,5324,10624,triangle,"{""min"": [-1.07681, -0.346426, -0.39041], ""max"": [0.790126, 0.434683, 0.155838]}"
RectangleTable,D00505.obj,8358,16672,triangle,"{""min"": [-0.916879, -0.466597, -0.148688], ""max"": [0.833346, 0.591051, 0.367541]}"
RectangleTable,D00523.obj,9709,19503,triangle,"{""min"": [-0.977379, -1.0485, -0.197836], ""max"": [0.97952, 0.897774, 0.257849]}"
RectangleTable,D00530.obj,8356,16572,triangle,"{""min"": [-0.618858, -0.626031, -0.691317], ""max"": [0.463157, 0.491737, 0.493602]}"
RectangleTable,D00571.obj,8255,16399,triangle,"{""min"": [-0.543344, -0.67444, -0.764934], ""max"": [0.689442, 0.610208, 0.317304]}"
RectangleTable,D00603.obj,7120,13672,triangle,"{""min"": [-0.882731, -0.581945, -0.639173], ""max"": [0.75784, 0.382795, 0.304299]}"
RectangleTable,D00678.obj,6898,13660,triangle,"{""min"": [-0.596297, -0.585292, -0.801175], ""max"": [0.773898, 0.496706, 0.370477]}"
RectangleTable,D00714.obj,7712,15360,triangle,"{""min"": [-0.860301, -0.635789, -0.568334], ""max"": [0.945074, 0.373294, 0.479061]}"
RectangleTable,D00766.obj,8123,14344,triangle,"{""min"": [-0.938346, -0.843808, -0.048637], ""max"": [0.751994, 0.846897, 0.637117]}"
RectangleTable,D00944.obj,8736,17436,triangle,"{""min"": [-0.877812, -0.662172, -0.506402], ""max"": [0.630354, 0.716581, 0.839659]}"
RectangleTable,D00954.obj,8783,16832,triangle,"{""min"": [-0.708604, -0.736554, -0.713307], ""max"": [0.585546, 0.446787, 0.764319]}"
RectangleTable,m763.obj,9949,19007,triangle,"{""min"": [0.025, 0.025, 0.025], ""max"": [0.975, 0.95451, 0.658334]}"
RectangleTable,m764.obj,8587,16772,triangle,"{""min"": [0.025, 0.025, 0.025], ""max"": [0.710369, 0.648973, 0.975]}"
RectangleTable,m765.obj,7872,15042,triangle,"{""min"": [0.025, 0.0249302, 0.025], ""max"": [0.975, 0.570742, 0.864273]}"
RectangleTable,m870.obj,9187,18370,triangle,"{""min"": [0.025, 0.025, 0.025], ""max"": [0.570807, 0.440659, 0.975]}"
RectangleTable,m871.obj,8445,16640,triangle,"{""min"": [0.025, 0.025, 0.025], ""max"": [0.895906, 0.975, 0.892876]}"
RectangleTable,m872.obj,8839,17536,triangle,"{""min"": [0.0249998, 0.025, 0.025], ""max"": [0.975001, 0.369962, 0.447246]}"
RectangleTable,m873.obj,9833,19168,triangle,"{""min"": [0.025, 0.025, 0.025], ""max"": [0.678125, 0.580511, 0.975]}"
RectangleTable,m874.obj,9197,17571,triangle,"{""min"": [0.025, 0.025, 0.025], ""max"": [0.975, 0.355804, 0.432143]}"
RectangleTable,m875.obj,6516,11904,triangle,"{""min"": [0.025, 0.025, 0.025], ""max"": [0.975, 0.263804, 0.384483]}"
RectangleTable,m876.obj,6914,13312,triangle,"{""min"": [0.025, 0.025, 0.025], ""max"": [0.975, 0.664286, 0.974996]}"
RectangleTable,m877.obj,8400,16772,triangle,"{""min"": [0.025, 0.025, 0.025], ""max"": [0.975, 0.351352, 0.975]}"
RectangleTable,m878.obj,9624,18658,triangle,"{""min"": [0.025, 0.025, 0.025], ""max"": [0.885122, 0.975, 0.885123]}"
RectangleTable,m879.obj,9347,18309,triangle,"{""min"": [0.025, 0.025, 0.0166371], ""max"": [0.975, 0.381689, 0.508403]}"
RectangleTable,m881.obj,8693,17172,triangle,"{""min"": [0.025, 0.025, 0.025], ""max"": [0.975, 0.658333, 0.341667]}"
RectangleTable,m882.obj,8782,17152,triangle,"{""min"": [0.025, 0.025, 0.025], ""max"": [0.975, 0.809783, 0.531445]}"
RectangleTable,m883.obj,5514,11008,triangle,"{""min"": [0.025, 0.025, 0.025], ""max"": [0.975, 0.975, 0.975]}"
RectangleTable,m886.obj,9115,17495,triangle,"{""min"": [0.025, 0.025, 0.025], ""max"": [0.975, 0.461865, 0.711496]}"
RectangleTable,m887.obj,9690,19316,triangle,"{""min"": [0.025, 0.025, 0.025], ""max"": [0.975, 0.688021, 0.341667]}"
RectangleTable,m888.obj,7686,15360,triangle,"{""min"": [0.025, 0.025, 0.025], ""max"": [0.975, 0.559375, 0.5]}"
RectangleTable,m889.obj,7890,15776,triangle,"{""min"": [0.0249603, 0.025, 0.025], ""max"": [0.599306, 0.569905, 0.979902]}"
RectangleTable,m890.obj,7852,15648,triangle,"{""min"": [0.025, 0.025, 0.025], ""max"": [0.975, 0.568416, 0.650796]}"
RectangleTable,m891.obj,8995,17970,triangle,"{""min"": [0.025, 0.025, 0.025], ""max"": [0.975, 0.353995, 0.575336]}"
RectangleTable,m892.obj,6949,13120,triangle,"{""min"": [0.025, 0.025, 0.025], ""max"": [0.975, 0.315248, 0.5528]}"
RectangleTable,m893.obj,9578,18688,triangle,"{""min"": [0.0243833, 0.025, 0.024764], ""max"": [0.975555, 0.919139, 0.571508]}"
RectangleTable,m894.obj,8041,15573,triangle,"{""min"": [0.025, 0.025, 0.025], ""max"": [0.975, 0.427148, 0.975]}"
RectangleTable,m895.obj,8049,15574,triangle,"{""min"": [0.025, 0.025, 0.025], ""max"": [0.975, 0.326611, 0.618752]}"
RectangleTable,m896.obj,5520,10240,triangle,"{""min"": [0.025, 0.025, 0.025], ""max"": [0.856245, 0.975, 0.856245]}"
RectangleTable,m897.obj,5140,9728,triangle,"{""min"": [0.0243647, 0.025, 0.025], ""max"": [0.975635, 0.617266, 0.262502]}"
RectangleTable,m898.obj,9551,17372,triangle,"{""min"": [0.025, 0.025, -0.00294257], ""max"": [0.975, 0.392505, 0.503911]}"
RectangleTable,m901.obj,8995,17970,triangle,"{""min"": [0.025, 0.025, 0.024675], ""max"": [0.975, 0.744646, 0.755263]}"
RectangleTable,m902.obj,9297,18570,triangle,"{""min"": [0.025, 0.025, 0.025], ""max"": [0.975, 0.596181, 0.436849]}"
RectangleTable,m904.obj,5140,9728,triangle,"{""min"": [0.025, 0.025, 0.0239751], ""max"": [0.405951, 0.975, 0.406977]}"
RectangleTable,m905.obj,8883,17152,triangle,"{""min"": [0.025, 0.025, 0.025], ""max"": [0.975, 0.84105, 0.975]}"
RectangleTable,m906.obj,7809,15574,triangle,"{""min"": [0.025, 0.025, 0.025], ""max"": [0.732512, 0.350511, 0.975]}"
RectangleTable,m907.obj,7235,13696,triangle,"{""min"": [0.025, 0.025, 0.025], ""max"": [0.465795, 0.975001, 0.464028]}"
RectangleTable,m908.obj,9551,17372,triangle,"{""min"": [0.025, 0.025, -0.00294257], ""max"": [0.975, 0.392505, 0.503911]}"
RectangleTable,m910.obj,7837,14219,triangle,"{""min"": [0.025, 0.025, 0.0249971], ""max"": [0.975, 0.546104, 0.762046]}"
RectangleTable,m912.obj,7686,15360,triangle,"{""min"": [0.025, 0.025, 0.025], ""max"": [0.975, 0.5, 0.5]}"
RectangleTable,m913.obj,6026,12032,triangle,"{""min"": [0.025, 0.025, 0.025], ""max"": [0.684242, 0.902915, 0.975277]}"
RectangleTable,m914.obj,7716,15136,triangle,"{""min"": [0.0249995, 0.0249999, 0.025], ""max"": [0.975, 0.290517, 0.379987]}"
RectangleTable,m915.obj,7690,15360,triangle,"{""min"": [0.025, 0.025, 0.025], ""max"": [0.975, 0.636563, 0.5]}"
RectangleTable,m917.obj,5514,11008,triangle,"{""min"": [0.0249569, 0.025, 0.025], ""max"": [0.975043, 0.405, 0.658342]}"
RectangleTable,m919.obj,8556,17051,triangle,"{""min"": [0.025, 0.025, 0.025], ""max"": [0.855996, 0.975, 0.90372]}"
RectangleTable,m920.obj,6291,11776,triangle,"{""min"": [0.025, 0.025, 0.025], ""max"": [0.975, 0.975, 0.676806]}"
Rocket,D00015.obj,5002,9984,triangle,"{""min"": [-0.376261, -0.194145, -0.207637], ""max"": [1.17067, 0.232521, 0.219035]}"
Rocket,D00343.obj,8819,17540,triangle,"{""min"": [-0.638802, -0.192311, -0.19809], ""max"": [0.938396, 0.196906, 0.190727]}"
Rocket,D00346.obj,5864,11616,triangle,"{""min"": [-1.01735, -0.178134, -0.176754], ""max"": [0.425072, 0.167429, 0.167208]}"
Rocket,D00354.obj,10000,19804,triangle,"{""min"": [-0.956015, -0.310124, -0.305138], ""max"": [0.932888, 0.402422, 0.310574]}"
Rocket,D00426.obj,7236,14336,triangle,"{""min"": [-1.02224, -0.196216, -0.113511], ""max"": [0.773607, 0.13698, 0.10123]}"
Rocket,D00428.obj,8951,17890,triangle,"{""min"": [-1.05469, -0.119271, -0.150806], ""max"": [0.894492, 0.217598, 0.179085]}"
Rocket,D00433.obj,9746,19456,triangle,"{""min"": [-0.818707, -0.233606, -0.253759], ""max"": [0.793682, 0.267361, 0.249727]}"
Rocket,D00437.obj,6775,13036,triangle,"{""min"": [-1.0896, -0.18998, -0.207735], ""max"": [0.829451, 0.147994, 0.082673]}"
Rocket,D00472.obj,9753,19352,triangle,"{""min"": [-0.940631, -0.214642, -0.175996], ""max"": [0.906642, 0.156407, 0.171539]}"
Rocket,D00485.obj,8176,16256,triangle,"{""min"": [-0.81344, -0.221463, -0.22958], ""max"": [0.940178, 0.242504, 0.234435]}"
Rocket,D00528.obj,9792,19568,triangle,"{""min"": [-1.04818, -0.239429, -0.238561], ""max"": [0.820302, 0.243583, 0.236202]}"
Rocket,D00564.obj,8119,14882,triangle,"{""min"": [-1.19684, -0.13806, -0.188414], ""max"": [0.594097, 0.245138, 0.176884]}"
Rocket,D00585.obj,9688,19352,triangle,"{""min"": [-1.01609, -0.309084, -0.386308], ""max"": [0.785431, 0.470729, 0.395408]}"
Rocket,D00614.obj,7476,14336,triangle,"{""min"": [-0.931042, -0.089971, -0.157139], ""max"": [0.849059, 0.219059, 0.147331]}"
Rocket,D00697.obj,9634,19264,triangle,"{""min"": [-0.671248, -0.280878, -0.264736], ""max"": [0.941028, 0.223494, 0.235476]}"
Rocket,D00719.obj,6491,12970,triangle,"{""min"": [-0.699287, -0.177962, -0.162172], ""max"": [0.990757, 0.15734, 0.155736]}"
Rocket,D00764.obj,7805,15574,triangle,"{""min"": [-0.547953, -0.114158, -0.141261], ""max"": [0.99425, 0.167714, 0.140374]}"
Rocket,D00851.obj,8951,17890,triangle,"{""min"": [-1.06053, -0.113914, -0.173496], ""max"": [0.888826, 0.221894, 0.157812]}"
Rocket,D00942.obj,9187,18370,triangle,"{""min"": [-0.590479, -0.192285, -0.186346], ""max"": [0.906935, 0.156672, 0.160683]}"
Rocket,D00975.obj,7790,15310,triangle,"{""min"": [-0.961595, -0.139452, -0.196421], ""max"": [0.969337, 0.28388, 0.264921]}"
RoundTable,D00083.obj,8973,17820,triangle,"{""min"": [-0.582531, -0.776936, -0.780501], ""max"": [0.961607, 0.833361, 0.835638]}"
RoundTable,D00094.obj,9689,19281,triangle,"{""min"": [-0.735284, -0.548883, -0.656372], ""max"": [0.417311, 0.845824, 0.629085]}"
RoundTable,D00107.obj,8285,15479,triangle,"{""min"": [-0.276639, -0.570079, -0.631016], ""max"": [0.861039, 0.727171, 0.68805]}"
RoundTable,D00194.obj,7879,14936,triangle,"{""min"": [-0.674582, -0.7644, -0.747263], ""max"": [0.995364, 0.597173, 0.871792]}"
RoundTable,D00344.obj,7570,15104,triangle,"{""min"": [-1.0026, -0.851553, -0.194635], ""max"": [0.709074, 0.865424, 0.766418]}"
RoundTable,D00401.obj,7944,15016,triangle,"{""min"": [-1.09992, -1.02134, -0.994037], ""max"": [0.737442, 0.836857, 0.44318]}"
RoundTable,D00407.obj,9903,18560,triangle,"{""min"": [-0.815619, -0.958069, -0.579912], ""max"": [1.17116, 1.02851, 0.13784]}"
RoundTable,D00492.obj,7913,15806,triangle,"{""min"": [-0.829677, -0.804518, -0.654551], ""max"": [1.05402, 0.656763, 0.207063]}"
RoundTable,D00501.obj,9170,18320,triangle,"{""min"": [-0.724973, -0.822372, -0.185433], ""max"": [0.919174, 0.803819, 0.583589]}"
RoundTable,D00503.obj,6720,13264,triangle,"{""min"": [-0.600342, -0.451238, -0.391328], ""max"": [0.628093, 0.397175, 0.441497]}"
RoundTable,D00524.obj,9890,19760,triangle,"{""min"": [-0.759903, -0.631271, -0.483002], ""max"": [0.539377, 0.606155, 0.797809]}"
RoundTable,D00581.obj,9282,18319,triangle,"{""min"": [-0.748806, -0.952234, -0.71742], ""max"": [1.19973, 0.993392, 0.404848]}"
RoundTable,D00646.obj,7441,14400,triangle,"{""min"": [-0.653058, -0.825887, -0.345202], ""max"": [0.995817, 0.820856, 0.692204]}"
RoundTable,D00649.obj,8514,17008,triangle,"{""min"": [-0.921891, -0.890336, -0.908957], ""max"": [0.858846, 0.891407, 0.116575]}"
RoundTable,D00702.obj,6647,13237,triangle,"{""min"": [-0.843261, -0.728474, -0.351743], ""max"": [0.598222, 0.819497, 0.836556]}"
RoundTable,D00756.obj,8042,16080,triangle,"{""min"": [-0.852991, -0.269645, -0.384058], ""max"": [0.421667, 0.513636, 0.39857]}"
RoundTable,D00827.obj,6886,13744,triangle,"{""min"": [-0.671223, -0.594905, -0.926859], ""max"": [1.04606, 1.24015, 0.844353]}"
RoundTable,D00866.obj,9539,18867,triangle,"{""min"": [-0.735421, -0.822968, -0.5827], ""max"": [0.587976, 0.516124, 0.56519]}"
RoundTable,D00909.obj,7992,15876,triangle,"{""min"": [-0.747098, -0.735746, -0.557324], ""max"": [0.765997, 0.627858, 0.766642]}"
RoundTable,D00948.obj,6936,13856,triangle,"{""min"": [-0.373726, -0.445699, -0.446052], ""max"": [0.779868, 0.444198, 0.446541]}"
RoundTable,m921.obj,7441,14400,triangle,"{""min"": [0.025, 0.025, 0.025], ""max"": [0.975, 0.468679, 0.975]}"
RoundTable,m922.obj,8795,17570,triangle,"{""min"": [0.025, 0.025, 0.025], ""max"": [0.975, 0.535625, 0.928504]}"
RoundTable,m923.obj,9153,18270,triangle,"{""min"": [0.025, 0.025, 0.025], ""max"": [0.97442, 0.526223, 0.975]}"
RoundTable,m924.obj,8090,16000,triangle,"{""min"": [0.025, 0.025, 0.025], ""max"": [0.975, 0.336326, 0.975]}"
RoundTable,m925.obj,7950,15808,triangle,"{""min"": [0.025, 0.025, 0.025], ""max"": [0.974907, 0.568592, 0.975]}"
RoundTable,m926.obj,8439,16960,triangle,"{""min"": [0.025, 0.025, 0.025], ""max"": [0.975, 0.791605, 0.975]}"
RoundTable,m927.obj,9153,18270,triangle,"{""min"": [0.025, 0.025, 0.025], ""max"": [0.974424, 0.354664, 0.975]}"
RoundTable,m928.obj,6232,11824,triangle,"{""min"": [0.025, 0.025, 0.025], ""max"": [0.975, 0.804676, 0.975]}"
RoundTable,m929.obj,5622,10624,triangle,"{""min"": [0.025, 0.025, 0.025], ""max"": [0.975, 0.562554, 0.975]}"
RoundTable,m930.obj,7836,15648,triangle,"{""min"": [0.025, 0.025, 0.025], ""max"": [0.641081, 0.975, 0.641081]}"
RoundTable,m931.obj,8795,17570,triangle,"{""min"": [0.025, 0.025, 0.025], ""max"": [0.811207, 0.975, 0.772727]}"
RoundTable,m932.obj,8085,16062,triangle,"{""min"": [0.025, 0.025, 0.025], ""max"": [0.975, 0.620207, 0.975]}"
RoundTable,m933.obj,9989,19968,triangle,"{""min"": [0.025, 0.025, 0.025], ""max"": [0.975, 0.559375, 0.928504]}"
RoundTable,m934.obj,8842,17664,triangle,"{""min"": [0.025, 0.025, 0.025], ""max"": [0.975, 0.814898, 0.975]}"
RoundTable,m935.obj,7751,15424,triangle,"{""min"": [0.025, 0.025, 0.025], ""max"": [0.876203, 0.975, 0.876186]}"
RoundTable,m937.obj,9786,19568,triangle,"{""min"": [0.025, 0.025, 0.025], ""max"": [0.975, 0.763889, 0.975]}"
RoundTable,m938.obj,6567,13120,triangle,"{""min"": [0.025, 0.025, 0.025], ""max"": [0.87475, 0.876735, 0.975]}"
Shelf,D00057.obj,9896,19320,triangle,"{""min"": [-0.956341, -0.702769, -0.300438], ""max"": [0.730087, 0.462335, 0.20203]}"
Shelf,D00074.obj,8284,16352,triangle,"{""min"": [-0.758328, -0.635381, -0.322933], ""max"": [1.0382, 0.850289, 0.160204]}"
Shelf,D00129.obj,5552,10944,triangle,"{""min"": [-0.760135, -0.731221, -0.280218], ""max"": [0.763554, 0.923977, 0.19845]}"
Shelf,D00171.obj,5439,10536,triangle,"{""min"": [-0.825229, -0.635851, -0.291628], ""max"": [0.917115, 0.29728, 0.261916]}"
Shelf,D00198.obj,9045,17559,triangle,"{""min"": [-0.799434, -0.750856, -0.104008], ""max"": [0.744647, 0.64536, 0.27292]}"
Shelf,D00242.obj,7230,14088,triangle,"{""min"": [-1.17163, -1.02622, -0.193852], ""max"": [0.757996, 0.902776, 0.394703]}"
Shelf,D00337.obj,5379,10180,triangle,"{""min"": [-0.741947, -1.09398, -0.30007], ""max"": [1.12612, 0.705403, 0.108376]}"
Shelf,D00352.obj,8130,16256,triangle,"{""min"": [-0.719658, -0.832937, -0.259647], ""max"": [1.07551, 0.502862, 0.225189]}"
Shelf,D00468.obj,8181,15904,triangle,"{""min"": [-1.14697, -1.02188, -0.382021], ""max"": [0.728744, 0.831612, 0.376543]}"
Shelf,D00592.obj,8272,16508,triangle,"{""min"": [-0.764685, -0.890851, -0.315815], ""max"": [1.21042, 1.06315, 0.177537]}"
Shelf,D00631.obj,5444,10680,triangle,"{""min"": [-0.833323, -0.725468, -0.126855], ""max"": [1.00919, 0.830073, 0.184888]}"
Shelf,D00691.obj,8735,12118,triangle,"{""min"": [-0.796913, -0.453451, -0.143362], ""max"": [0.940277, 0.519454, 0.109983]}"
Shelf,D00725.obj,8917,17746,triangle,"{""min"": [-0.757576, -0.746881, -0.229562], ""max"": [1.09321, 0.890021, 0.196062]}"
Shelf,D00772.obj,9642,19072,triangle,"{""min"": [-0.571215, -0.934896, -0.223388], ""max"": [0.95787, 0.745017, 0.11265]}"
Shelf,D00781.obj,7990,15202,triangle,"{""min"": [-0.793321, -0.897298, -0.567211], ""max"": [1.15081, 0.933888, 0.478878]}"
Shelf,D00818.obj,7865,15485,triangle,"{""min"": [-0.53989, -0.604997, -0.220333], ""max"": [0.981276, 0.665191, 0.216049]}"
Shelf,D00881.obj,9567,18370,triangle,"{""min"": [-0.767308, -0.963581, -0.190552], ""max"": [1.17375, 0.960719, 0.128665]}"
Shelf,D00887.obj,7848,15106,triangle,"{""min"": [-0.754657, -0.470384, -0.129496], ""max"": [1.12675, 0.704412, 0.180283]}"
Shelf,D00917.obj,8327,16648,triangle,"{""min"": [-0.946831, -0.413191, -0.1558], ""max"": [0.882232, 0.521659, 0.392554]}"
Shelf,D00956.obj,5287,10368,triangle,"{""min"": [-0.803797, -0.721052, -0.215748], ""max"": [0.934691, 0.5545, 0.179699]}"
Shelf,m844.obj,7820,15375,triangle,"{""min"": [0.025, 0.025, 0.0249978], ""max"": [0.975, 0.826961, 0.204296]}"
Shelf,m845.obj,8219,15973,triangle,"{""min"": [0.025, 0.025, 0.025], ""max"": [0.785639, 0.975, 0.263024]}"
Shelf,m846.obj,9212,18326,triangle,"{""min"": [0.025, 0.025, 0.025], ""max"": [0.551, 0.975164, 0.267805]}"
Shelf,m847.obj,7627,14976,triangle,"{""min"": [0.025, 0.025, 0.0235086], ""max"": [0.660413, 0.975, 0.225022]}"
Shelf,m849.obj,6127,12160,triangle,"{""min"": [0.025, 0.025, 0.0244526], ""max"": [0.975, 0.662127, 0.178794]}"
Shelf,m850.obj,9242,18176,triangle,"{""min"": [0.025, 0.025, 0.0249977], ""max"": [0.975, 0.788058, 0.198028]}"
Shelf,m851.obj,9978,19711,triangle,"{""min"": [0.025, 0.025, 0.025], ""max"": [0.839286, 0.975, 0.296429]}"
Shelf,m852.obj,6040,11520,triangle,"{""min"": [0.025, 0.025, 0.025], ""max"": [0.79527, 0.975, 0.281757]}"
Shelf,m853.obj,5924,11264,triangle,"{""min"": [0.025, 0.025, 0.0197377], ""max"": [0.755769, 0.975, 0.207692]}"
Shelf,m854.obj,8244,16350,triangle,"{""min"": [0.025, 0.025, 0.025], ""max"": [0.974269, 0.975, 0.193419]}"
Shelf,m855.obj,5116,9472,triangle,"{""min"": [0.025, 0.025, 0.025], ""max"": [0.975, 0.816667, 0.5]}"
Shelf,m856.obj,9600,19168,triangle,"{""min"": [0.025, 0.0230591, 0.0238427], ""max"": [0.975, 0.791105, 0.408053]}"
Shelf,m857.obj,5404,10752,triangle,"{""min"": [0.025, 0.025, 0.025], ""max"": [0.975, 0.668611, 0.331583]}"
Shelf,m858.obj,3978,7168,triangle,"{""min"": [0.025, 0.025, 0.025], ""max"": [0.975, 0.5, 0.12]}"
Shelf,m859.obj,9630,18864,triangle,"{""min"": [0.025, 0.025, 0.025], ""max"": [0.677822, 0.975, 0.322313]}"
Shelf,m860.obj,8400,16772,triangle,"{""min"": [0.025, 0.025, 0.025], ""max"": [0.975, 0.788295, 0.291699]}"
Shelf,m861.obj,7409,14720,triangle,"{""min"": [0.025, 0.025, 0.0249942], ""max"": [0.975, 0.910624, 0.17688]}"
Shelf,m862.obj,8236,16384,triangle,"{""min"": [0.025, 0.025, 0.025], ""max"": [0.468246, 0.975, 0.912536]}"
Shelf,m863.obj,9656,18071,triangle,"{""min"": [0.025, 0.0240718, 0.025], ""max"": [0.590289, 0.976526, 0.216746]}"
Shelf,m864.obj,9663,18187,triangle,"{""min"": [0.025, 0.0241383, 0.025], ""max"": [0.5, 0.976271, 0.186227]}"
Shelf,m865.obj,8472,15873,triangle,"{""min"": [0.025, 0.025, 0.0249902], ""max"": [0.722957, 0.976849, 0.261744]}"
Shelf,m866.obj,9343,17536,triangle,"{""min"": [0.025, 0.025, 0.025], ""max"": [0.936995, 0.977437, 0.334309]}"
Shelf,m868.obj,5586,11008,triangle,"{""min"": [0.025, 0.025, 0.025], ""max"": [0.387727, 0.975, 0.197727]}"
Ship,D00027.obj,8784,11805,triangle,"{""min"": [-0.70186, -0.403568, -0.196767], ""max"": [1.03006, 0.302762, 0.180722]}"
Ship,D00042.obj,7946,15240,triangle,"{""min"": [-1.00258, -0.203019, -0.422271], ""max"": [0.964704, 0.255754, 0.208107]}"
Ship,D00099.obj,5376,10752,triangle,"{""min"": [-0.921394, -0.256689, -0.117036], ""max"": [0.950876, 0.450704, 0.193121]}"
Ship,D00175.obj,8377,16298,triangle,"{""min"": [-0.680901, -0.247049, -0.165009], ""max"": [0.865118, 0.219483, 0.217065]}"
Ship,D00247.obj,6122,10502,triangle,"{""min"": [-0.942829, -0.249844, -0.127142], ""max"": [0.990447, 0.193791, 0.149932]}"
Ship,D00258.obj,6892,10725,triangle,"{""min"": [-0.964138, -0.368354, -0.13321], ""max"": [0.895676, 0.321623, 0.119153]}"
Ship,D00292.obj,8798,11820,triangle,"{""min"": [-0.704417, -0.410858, -0.181184], ""max"": [1.02567, 0.296958, 0.17597]}"
Ship,D00429.obj,7885,15249,triangle,"{""min"": [-0.683971, -0.244451, -0.327857], ""max"": [1.00175, 0.300118, 0.312399]}"
Ship,D00467.obj,9348,15256,triangle,"{""min"": [-1.01228, -0.269387, -0.093821], ""max"": [0.95186, 0.150805, 0.100438]}"
Ship,D00539.obj,8354,15629,triangle,"{""min"": [-1.03133, -0.215717, -0.198674], ""max"": [0.89599, 0.148395, 0.228831]}"
Ship,D00543.obj,7536,14333,triangle,"{""min"": [-0.839794, -0.616998, -0.23086], ""max"": [1.06456, 0.215636, 0.200711]}"
Ship,D00647.obj,6752,13412,triangle,"{""min"": [-0.974421, -0.228144, -0.143241], ""max"": [0.981983, 0.168889, 0.126853]}"
Ship,D00771.obj,8833,17129,triangle,"{""min"": [-0.847981, -0.497341, -0.115535], ""max"": [1.09133, 0.256202, 0.089999]}"
Ship,D00791.obj,8789,11809,triangle,"{""min"": [-1.00437, -0.305311, -0.179924], ""max"": [0.725268, 0.406037, 0.184624]}"
Ship,D00809.obj,7973,15029,triangle,"{""min"": [-0.981329, -0.438615, -0.161653], ""max"": [0.897546, 0.26364, 0.19252]}"
Ship,D00837.obj,6122,10502,triangle,"{""min"": [-0.924, -0.273261, -0.124809], ""max"": [1.00797, 0.167856, 0.153832]}"
Ship,D00896.obj,9701,18380,triangle,"{""min"": [-1.13694, -0.444753, -0.259955], ""max"": [0.757844, 0.335244, 0.251292]}"
Ship,D00907.obj,9227,18210,triangle,"{""min"": [-0.618782, -0.284349, -0.264673], ""max"": [0.876617, 0.349302, 0.31066]}"
Ship,D00935.obj,6424,12800,triangle,"{""min"": [-0.914527, -0.120096, -0.060672], ""max"": [0.965058, 0.208284, 0.114198]}"
Ship,D00949.obj,7480,14672,triangle,"{""min"": [-1.01365, -0.247172, -0.209759], ""max"": [0.933231, 0.51412, 0.385996]}"
Ship,m1427.obj,9442,17344,triangle,"{""min"": [0.025, 0.025, 0.025], ""max"": [0.975, 0.219739, 0.1816]}"
Ship,m1428.obj,9652,17280,triangle,"{""min"": [0.025, 0.025, 0.025], ""max"": [0.975, 0.239868, 0.14634]}"
Ship,m1429.obj,8609,15344,triangle,"{""min"": [0.025, 0.025, 0.025], ""max"": [0.975, 0.301662, 0.13238]}"
Ship,m1430.obj,9126,16352,triangle,"{""min"": [0.025, 0.025, 0.025], ""max"": [0.975, 0.367111, 0.138905]}"
Ship,m1431.obj,8207,14720,triangle,"{""min"": [0.025, 0.0219029, 0.025], ""max"": [0.975, 0.318517, 0.176693]}"
Ship,m1432.obj,7047,12768,triangle,"{""min"": [0.025, 0.025, 0.025], ""max"": [0.975, 0.262155, 0.119449]}"
Ship,m1433.obj,8593,15188,triangle,"{""min"": [0.025, 0.025, 0.0352019], ""max"": [0.975, 0.313262, 0.185227]}"
Ship,m1434.obj,8697,17232,triangle,"{""min"": [0.025, 0.0238329, 0.025], ""max"": [0.47232, 0.276558, 0.975]}"
Ship,m1435.obj,8792,11820,triangle,"{""min"": [0.025, 0.025, 0.025], ""max"": [0.21916, 0.403522, 0.975]}"
Ship,m1436.obj,6710,13348,triangle,"{""min"": [0.025, 0.025, 0.025], ""max"": [0.155969, 0.209796, 0.975]}"
Ship,m1437.obj,8089,14656,triangle,"{""min"": [0.025, 0.025, 0.025], ""max"": [0.975, 0.284961, 0.127364]}"
Ship,m1438.obj,9657,18941,triangle,"{""min"": [0.025, 0.0202316, 0.0237555], ""max"": [0.977708, 0.19299, 0.190151]}"
Ship,m1439.obj,6803,13552,triangle,"{""min"": [0.025, 0.025, 0.025], ""max"": [0.975, 0.2687, 0.122699]}"
Ship,m1440.obj,9343,16640,triangle,"{""min"": [0.025, 0.025, 0.0248339], ""max"": [0.975, 0.22201, 0.262171]}"
Ship,m1441.obj,8001,12709,triangle,"{""min"": [0.025, 0.025, 0.025], ""max"": [0.975, 0.425436, 0.239859]}"
Ship,m1442.obj,6858,12552,triangle,"{""min"": [0.025, 0.025, 0.025], ""max"": [0.164983, 0.305256, 0.975]}"
Ship,m1444.obj,6251,11722,triangle,"{""min"": [0.025, 0.025, 0.025], ""max"": [0.231519, 0.45932, 0.975]}"
Ship,m1446.obj,6119,10502,triangle,"{""min"": [0.025, 0.025, 0.025], ""max"": [0.975, 0.159904, 0.244612]}"
Ship,m1447.obj,9753,18654,triangle,"{""min"": [0.025, 0.025, 0.0248432], ""max"": [0.121877, 0.179082, 0.975]}"
Ship,m1448.obj,8298,16373,triangle,"{""min"": [0.025, 0.025, 0.025], ""max"": [0.186087, 0.975, 0.681739]}"
Ship,m1449.obj,5280,10560,triangle,"{""min"": [0.025, 0.025, 0.025], ""max"": [0.223899, 0.849298, 0.975]}"
Ship,m1450.obj,8514,17889,triangle,"{""min"": [0.025, 0.0264251, 0.025], ""max"": [0.238483, 0.843388, 0.975]}"
Ship,m1451.obj,9403,18620,triangle,"{""min"": [0.025, 0.025, 0.025], ""max"": [0.181495, 0.975, 0.691454]}"
Ship,m1452.obj,9208,18119,triangle,"{""min"": [0.025, 0.025, 0.025], ""max"": [0.603552, 0.975, 0.158593]}"
Ship,m1453.obj,7994,15800,triangle,"{""min"": [0.025, 0.025, 0.025], ""max"": [0.440089, 0.690945, 0.975]}"
Ship,m1454.obj,8175,16298,triangle,"{""min"": [0.025, 0.025, 0.027293], ""max"": [0.637377, 0.820991, 0.968643]}"
Ship,m1455.obj,7875,15698,triangle,"{""min"": [0.035777, 0.0281706, 0.025], ""max"": [0.389791, 0.706094, 0.97389]}"
Ship,m1456.obj,7418,14752,triangle,"{""min"": [0.025, 0.025, 0.025], ""max"": [0.882844, 0.975, 0.270117]}"
Ship,m1457.obj,9167,17872,triangle,"{""min"": [0.025, 0.025, 0.025], ""max"": [0.375197, 0.59733, 0.975]}"
Ship,m1458.obj,9577,18756,triangle,"{""min"": [0.025, 0.025, 0.025], ""max"": [0.975, 0.89088, 0.554814]}"
Ship,m1459.obj,9509,18554,triangle,"{""min"": [0.025, 0.026067, 0.025], ""max"": [0.975, 0.664405, 0.42026]}"
Ship,m1460.obj,8235,16192,triangle,"{""min"": [0.0252273, 0.0253386, 0.0253588], ""max"": [0.67766, 0.518839, 0.975]}"
Ship,m1461.obj,8031,12298,triangle,"{""min"": [0.025, 0.025, 0.025], ""max"": [0.718676, 0.513399, 0.975]}"
Ship,m1462.obj,8311,16182,triangle,"{""min"": [0.0250124, 0.025, 0.0252185], ""max"": [0.548338, 0.524952, 0.974709]}"
Ship,m1463.obj,9911,19712,triangle,"{""min"": [0.025, 0.025, 0.025], ""max"": [0.975, 0.164155, 0.12241]}"
Ship,m1464.obj,8769,17252,triangle,"{""min"": [0.025, 0.025, 0.025], ""max"": [0.193678, 0.342441, 0.975]}"
Ship,m1465.obj,6923,10513,triangle,"{""min"": [0.025, 0.025, 0.025], ""max"": [0.975, 0.227252, 0.151762]}"
Ship,m1466.obj,9703,18883,triangle,"{""min"": [0.025, 0.025, 0.025], ""max"": [0.169516, 0.212589, 0.975]}"
Ship,m1467.obj,8644,17216,triangle,"{""min"": [0.025, 0.025, 0.025], ""max"": [0.159527, 0.294733, 0.975]}"
Ship,m1468.obj,5942,10944,triangle,"{""min"": [0.025, 0.025, 0.025], ""max"": [0.975, 0.227148, 0.178993]}"
Ship,m1469.obj,6627,12704,triangle,"{""min"": [0.025, 0.025, 0.025], ""max"": [0.129224, 0.28801, 0.975]}"
Ship,m1470.obj,8363,16512,triangle,"{""min"": [0.025, 0.025, 0.025], ""max"": [0.122405, 0.164154, 0.975]}"
Ship,m1471.obj,8629,14208,triangle,"{""min"": [0.025, 0.025, 0.025], ""max"": [0.975, 0.350313, 0.453156]}"
Sign,m1670.obj,7753,13888,triangle,"{""min"": [0.025, 0.025, 0.025], ""max"": [0.335671, 0.975007, 0.068536]}"
Sign,m1671.obj,8474,15794,triangle,"{""min"": [0.0249838, 0.025, 0.025], ""max"": [0.338838, 0.975012, 0.075532]}"
Sign,m1672.obj,7739,14726,triangle,"{""min"": [0.025, 0.025, 0.025], ""max"": [0.670752, 0.975, 0.113104]}"
Sign,m1673.obj,8983,17172,triangle,"{""min"": [0.025, 0.025, 0.0235626], ""max"": [0.429, 0.975005, 0.072555]}"
Sign,m1674.obj,7828,15574,triangle,"{""min"": [0.025, 0.025, 0.025], ""max"": [0.596402, 0.975, 0.083778]}"
Sign,m1675.obj,6850,13312,triangle,"{""min"": [0.0249855, 0.025, 0.025], ""max"": [0.318659, 0.975, 0.0460469]}"
Sign,m1676.obj,8786,17544,triangle,"{""min"": [0.025, 0.025, 0.00570444], ""max"": [0.231959, 0.97484, 0.0649372]}"
Sign,m1678.obj,8390,15792,triangle,"{""min"": [0.0249324, 0.025, 0.025], ""max"": [0.209314, 0.975, 0.0472423]}"
Sign,m1679.obj,6336,12576,triangle,"{""min"": [0.025, 0.025, 0.025], ""max"": [0.154414, 0.975, 0.084022]}"
Sign,m1680.obj,5670,11328,triangle,"{""min"": [0.025, 0.025, 0.025], ""max"": [0.377638, 0.975, 0.0532747]}"
Sign,m1681.obj,6540,13032,triangle,"{""min"": [0.025, 0.025, 0.025], ""max"": [0.416613, 0.975, 0.057631]}"
Sign,m1682.obj,9703,19226,triangle,"{""min"": [0.025, 0.025, 0.025], ""max"": [0.975916, 0.852581, 0.357307]}"
Sign,m1683.obj,9249,18394,triangle,"{""min"": [0.024688, 0.025, 0.025], ""max"": [0.970804, 0.975312, 0.358657]}"
Sign,m1684.obj,9734,19456,triangle,"{""min"": [0.025, 0.025, 0.025], ""max"": [0.975, 0.94233, 0.104207]}"
Sign,m1685.obj,8474,16772,triangle,"{""min"": [0.025, 0.025, 0.025], ""max"": [0.807462, 0.975, 0.306966]}"
Skyscraper,D00006.obj,12618,3496,triangle,"{""min"": [-0.86549, -0.383786, -0.427664], ""max"": [1.06092, 0.452534, 0.325606]}"
Skyscraper,D00058.obj,25360,3077,triangle,"{""min"": [-0.866731, -0.316478, -0.185607], ""max"": [0.966146, 0.234873, 0.209522]}"
Skyscraper,D00059.obj,8409,15138,triangle,"{""min"": [-0.921168, -0.369327, -0.31361], ""max"": [0.990169, 0.265781, 0.328817]}"
Skyscraper,D00105.obj,8334,16062,triangle,"{""min"": [-1.03018, -0.304715, -0.206293], ""max"": [0.516563, 0.184333, 0.176329]}"
Skyscraper,D00125.obj,8334,16096,triangle,"{""min"": [-0.985968, -0.208073, -0.166764], ""max"": [0.55974, 0.258848, 0.184044]}"
Skyscraper,D00126.obj,8577,11391,triangle,"{""min"": [-0.789563, -0.291398, -0.218887], ""max"": [1.06176, 0.381102, 0.156256]}"
Skyscraper,D00130.obj,9383,18160,triangle,"{""min"": [-0.941441, -0.179672, -0.185709], ""max"": [0.876353, 0.229129, 0.207345]}"
Skyscraper,D00259.obj,12845,3177,triangle,"{""min"": [-0.913885, -0.182556, -0.126896], ""max"": [0.683779, 0.114684, 0.136428]}"
Skyscraper,D00300.obj,6372,10967,triangle,"{""min"": [-0.881644, -0.182475, -0.192383], ""max"": [0.900784, 0.227646, 0.19267]}"
Skyscraper,D00520.obj,15456,2977,triangle,"{""min"": [-0.857575, -0.378073, -0.255684], ""max"": [1.11018, 0.274454, 0.266699]}"
Skyscraper,D00532.obj,9794,11150,triangle,"{""min"": [-0.90618, -0.293712, -0.256522], ""max"": [1.00357, 0.429107, 0.22904]}"
Skyscraper,D00584.obj,8513,12095,triangle,"{""min"": [-0.797366, -0.293214, -0.179465], ""max"": [1.11754, 0.368587, 0.267066]}"
Skyscraper,D00589.obj,5516,10976,triangle,"{""min"": [-0.891001, -0.249752, -0.210741], ""max"": [0.84234, 0.185449, 0.221908]}"
Skyscraper,D00641.obj,8906,17452,triangle,"{""min"": [-0.867232, -0.183149, -0.205679], ""max"": [1.00218, 0.267759, 0.216752]}"
Skyscraper,D00664.obj,8301,12798,triangle,"{""min"": [-0.771369, -0.284353, -0.248104], ""max"": [0.779295, 0.301205, 0.267771]}"
Skyscraper,D00729.obj,8945,12791,triangle,"{""min"": [-1.08296, -0.366752, -0.330482], ""max"": [0.827276, 0.600892, 0.347648]}"
Skyscraper,D00822.obj,6980,13754,triangle,"{""min"": [-0.962853, -0.207903, -0.20802], ""max"": [0.763876, 0.192337, 0.18562]}"
Skyscraper,D00870.obj,9566,9424,triangle,"{""min"": [-0.877066, -0.396892, -0.231486], ""max"": [1.03817, 0.238894, 0.217626]}"
Skyscraper,D00872.obj,5417,10688,triangle,"{""min"": [-1.25123, -0.247287, -0.181341], ""max"": [0.451695, 0.257228, 0.373556]}"
Skyscraper,D00998.obj,8318,14426,triangle,"{""min"": [-1.17797, -0.185787, -0.161236], ""max"": [0.467044, 0.16659, 0.172304]}"
Spoon,D00014.obj,9298,18582,triangle,"{""min"": [3.41958, 0.835941, -0.025505], ""max"": [4.27963, 5.10234, 0.278286]}"
Spoon,D00085.obj,9167,18320,triangle,"{""min"": [-1.42214, 1.32852, -0.001013], ""max"": [3.04557, 2.21193, 0.348922]}"
Spoon,D00144.obj,8182,16177,triangle,"{""min"": [0.121356, 0.300286, 0.031973], ""max"": [0.186049, 0.618646, 0.055897]}"
Spoon,D00157.obj,6208,11792,triangle,"{""min"": [-0.884846, -0.6884, -0.0], ""max"": [0.922286, 6.322, 0.455736]}"
Spoon,D00196.obj,9495,18807,triangle,"{""min"": [0.11268, -0.102328, 0.0], ""max"": [0.146018, 0.105094, 0.01905]}"
Spoon,D00338.obj,7786,15280,triangle,"{""min"": [-0.538977, 0.169091, 0.0], ""max"": [13.4477, 12.1309, 4.74392]}"
Spoon,D00422.obj,5793,11264,triangle,"{""min"": [-0.027843, -0.116957, 0.064647], ""max"": [0.039432, -0.093315, 0.106098]}"
Spoon,D00474.obj,8563,16910,triangle,"{""min"": [-0.150256, 0.020605, 0.0], ""max"": [-0.01698, 0.04325, 0.00685]}"
Spoon,D00497.obj,9090,18176,triangle,"{""min"": [0.006005, 0.035645, -0.0], ""max"": [0.054753, 0.058796, 0.248042]}"
Spoon,D00517.obj,7302,14336,triangle,"{""min"": [-10.1767, -10.1767, 0.0], ""max"": [10.1767, 69.7818, 12.2462]}"
Spoon,D00562.obj,8526,16764,triangle,"{""min"": [-4.91905, 10.8063, 0.344019], ""max"": [-3.81887, 11.7129, 0.456064]}"
Spoon,D00593.obj,9090,18176,triangle,"{""min"": [0.0, -2.80443e-05, 0.0], ""max"": [1.59758, 0.316013, 8.35756]}"
Spoon,D00661.obj,7236,13724,triangle,"{""min"": [2.73779, -0.591884, 0.011549], ""max"": [4.41013, -0.208667, 0.181983]}"
Spoon,D00669.obj,8866,17728,triangle,"{""min"": [-0.33655, -0.04445, 0.018273], ""max"": [0.33655, 1.08362, 0.669657]}"
Spoon,D00674.obj,7870,15474,triangle,"{""min"": [-0.559925, -2.17868, -0.257557], ""max"": [1.05099, 1.51614, 0.263714]}"
Spoon,D00683.obj,8369,16544,triangle,"{""min"": [-1.88431, 1.36683, 0.002341], ""max"": [-1.84047, 1.52078, 0.0450626]}"
Spoon,D00790.obj,9325,18484,triangle,"{""min"": [-0.018031, -3.26419, -0.0], ""max"": [13.0312, 8.96807, 11.7778]}"
Spoon,D00842.obj,9660,19184,triangle,"{""min"": [0.482661, 1.83535, -0.29845], ""max"": [1.21024, 1.96479, -0.258362]}"
Spoon,D00927.obj,7933,15862,triangle,"{""min"": [-0.128479, -0.085583, 6.59907e-06], ""max"": [0.666226, 0.086442, 0.117144]}"
Spoon,D00964.obj,8638,16871,triangle,"{""min"": [-2.81, -5.62, 0.88], ""max"": [2.81, 19.8559, 3.15808]}"
Starship,m1353.obj,8398,16356,triangle,"{""min"": [0.025, 0.025, 0.025], ""max"": [0.489988, 0.975, 0.336106]}"
Starship,m1354.obj,5720,11360,triangle,"{""min"": [0.025, 0.025, 0.025], ""max"": [0.975, 0.279811, 0.504878]}"
Starship,m1355.obj,7730,13324,triangle,"{""min"": [0.025, 0.025, 0.025], ""max"": [0.859252, 0.975, 0.328011]}"
Starship,m1356.obj,7176,13172,triangle,"{""min"": [0.025, 0.025, 0.025], ""max"": [0.975, 0.614445, 0.688768]}"
Starship,m1357.obj,8995,11516,triangle,"{""min"": [0.025, 0.025, 0.025], ""max"": [0.975, 0.167978, 0.424339]}"
Starship,m1358.obj,9067,17087,triangle,"{""min"": [0.025, 0.025, 0.025], ""max"": [0.45472, 0.22991, 0.975]}"
Starship,m1359.obj,8808,17541,triangle,"{""min"": [0.025, 0.025, 0.025], ""max"": [0.471212, 0.356061, 0.975]}"
Starship,m1360.obj,9333,14600,triangle,"{""min"": [0.025, 0.025, 0.025], ""max"": [0.439815, 0.2326, 0.975]}"
Starship,m1361.obj,8821,17540,triangle,"{""min"": [0.025, 0.025, 0.025], ""max"": [0.841756, 0.21772, 0.975]}"
Starship,m1362.obj,9655,15972,triangle,"{""min"": [0.025, 0.025, 0.025], ""max"": [0.975, 0.222802, 0.7189]}"
Starship,m1364.obj,9015,14093,triangle,"{""min"": [0.025, 0.025, 0.025], ""max"": [0.859251, 0.975, 0.328011]}"
Starship,m1365.obj,9877,18784,triangle,"{""min"": [0.025, 0.025, 0.025], ""max"": [0.975, 0.750444, 0.201007]}"
Starship,m1366.obj,8647,17072,triangle,"{""min"": [0.025, 0.025, 0.025], ""max"": [0.476787, 0.975, 0.245535]}"
Starship,m1368.obj,8628,15872,triangle,"{""min"": [0.025, 0.025, 0.025], ""max"": [0.360794, 0.136676, 0.975]}"
Starship,m1369.obj,7877,15025,triangle,"{""min"": [0.025, 0.025, 0.0249279], ""max"": [0.975, 0.405352, 0.200913]}"
Starship,m1370.obj,6636,12584,triangle,"{""min"": [0.025, 0.025, 0.025], ""max"": [0.432507, 0.256189, 0.975]}"
Starship,m1371.obj,5530,9664,triangle,"{""min"": [0.025, 0.025, 0.025], ""max"": [0.42152, 0.220545, 0.975]}"
Starship,m1372.obj,8058,15404,triangle,"{""min"": [0.025, 0.025, 0.025], ""max"": [0.746801, 0.975, 0.187233]}"
Starship,m1373.obj,6063,11589,triangle,"{""min"": [0.025, 0.025, 0.025], ""max"": [0.468557, 0.975, 0.267043]}"
Starship,m1374.obj,8020,15430,triangle,"{""min"": [0.025, 0.025, 0.025], ""max"": [0.382934, 0.975, 0.163539]}"
Starship,m1375.obj,6678,13248,triangle,"{""min"": [0.025, 0.025, 0.025], ""max"": [0.827817, 0.410352, 0.975]}"
Starship,m1376.obj,7412,14816,triangle,"{""min"": [0.0249999, 0.025, 0.025], ""max"": [0.975, 0.171065, 0.253]}"
Starship,m1378.obj,8062,15216,triangle,"{""min"": [0.025, 0.025, 0.025], ""max"": [0.975, 0.151021, 0.975]}"
Starship,m1379.obj,8478,16231,triangle,"{""min"": [0.025, 0.025, 0.025], ""max"": [0.974987, 0.11359, 0.975]}"
Starship,m1380.obj,9586,16376,triangle,"{""min"": [0.025, 0.025, 0.025], ""max"": [0.975, 0.386659, 0.975]}"
Starship,m1381.obj,9674,19018,triangle,"{""min"": [0.025029, 0.025, 0.025029], ""max"": [0.974971, 0.449051, 0.974967]}"
Starship,m1382.obj,7006,13986,triangle,"{""min"": [0.025, 0.025, 0.025], ""max"": [0.975, 0.283379, 0.975]}"
Starship,m1383.obj,8430,12374,triangle,"{""min"": [0.025, 0.025, 0.025], ""max"": [0.975, 0.241709, 0.975]}"
Starship,m1384.obj,7946,15672,triangle,"{""min"": [0.025, 0.0252776, 0.025], ""max"": [0.956241, 0.195205, 0.974984]}"
Starship,m1385.obj,8679,16109,triangle,"{""min"": [0.025, 0.025, 0.025], ""max"": [0.975, 0.312997, 0.975]}"
Starship,m1386.obj,6783,13536,triangle,"{""min"": [0.025, 0.025, 0.025], ""max"": [0.975, 0.361415, 0.931763]}"
SubmachineGun,D00052.obj,8658,17076,triangle,"{""min"": [-1.06996, -0.313674, -0.091492], ""max"": [0.601225, 0.460192, 0.133358]}"
SubmachineGun,D00060.obj,8359,16224,triangle,"{""min"": [-0.909352, -0.195312, -0.060108], ""max"": [1.05536, 0.316789, 0.03247]}"
SubmachineGun,D00062.obj,5992,11856,triangle,"{""min"": [-0.668179, -0.262206, -0.098315], ""max"": [0.955436, 0.334199, 0.107242]}"
SubmachineGun,D00064.obj,6530,13248,triangle,"{""min"": [-0.812644, -0.302528, -0.253597], ""max"": [1.08721, 0.449624, 0.163876]}"
SubmachineGun,D00068.obj,8294,16325,triangle,"{""min"": [-0.800301, -0.199463, -0.048073], ""max"": [0.8058, 0.354073, 0.034455]}"
SubmachineGun,D00119.obj,9143,17982,triangle,"{""min"": [-1.24448, -0.151096, -0.160147], ""max"": [0.742444, 0.320461, 0.170061]}"
SubmachineGun,D00219.obj,5218,10128,triangle,"{""min"": [-0.797676, -0.254582, -0.059143], ""max"": [1.15909, 0.531088, 0.06715]}"
SubmachineGun,D00256.obj,8574,16473,triangle,"{""min"": [-0.876584, -0.762328, -0.138511], ""max"": [0.919458, 0.296704, 0.099466]}"
SubmachineGun,D00371.obj,8246,13430,triangle,"{""min"": [-0.687517, -0.24343, -0.192067], ""max"": [1.00498, 0.229505, 0.142057]}"
SubmachineGun,D00384.obj,7884,15003,triangle,"{""min"": [-0.905825, -0.118947, -0.034573], ""max"": [0.855507, 0.257527, 0.042452]}"
SubmachineGun,D00431.obj,5482,10832,triangle,"{""min"": [-0.902211, -0.462607, -0.078898], ""max"": [0.965706, 0.279612, 0.076244]}"
SubmachineGun,D00459.obj,9513,18670,triangle,"{""min"": [-0.928734, -0.131499, -0.070005], ""max"": [0.813885, 0.327694, 0.0669715]}"
SubmachineGun,D00489.obj,9558,19043,triangle,"{""min"": [-0.841187, -0.808139, -0.086458], ""max"": [0.890888, 0.619503, 0.094444]}"
SubmachineGun,D00537.obj,6376,12720,triangle,"{""min"": [-0.948614, -0.237611, -0.0376704], ""max"": [0.747389, 0.19582, 0.029982]}"
SubmachineGun,D00613.obj,8133,16196,triangle,"{""min"": [-0.878882, -0.268823, -0.0731192], ""max"": [0.925639, 0.433925, 0.0574702]}"
SubmachineGun,D00733.obj,7892,14998,triangle,"{""min"": [-0.779348, -0.617476, -0.075684], ""max"": [0.942307, 0.191115, 0.146485]}"
SubmachineGun,D00878.obj,5899,11636,triangle,"{""min"": [-0.888097, -0.394638, -0.065063], ""max"": [0.903131, 0.181686, 0.084989]}"
SubmachineGun,D00893.obj,9039,17728,triangle,"{""min"": [-0.915525, -0.180775, -0.079507], ""max"": [0.949885, 0.356856, 0.042732]}"
SubmachineGun,D00960.obj,9366,18176,triangle,"{""min"": [-1.09728, -0.369754, -0.062865], ""max"": [0.617693, 0.356748, 0.047946]}"
SubmachineGun,D00970.obj,6487,12560,triangle,"{""min"": [-0.847672, -0.162623, -0.062191], ""max"": [0.884832, 0.217642, 0.040208]}"
Sword,D00066.obj,8541,16974,triangle,"{""min"": [-1.1684, -0.167468, -0.0467165], ""max"": [0.365576, 0.149393, 0.040217]}"
Sword,D00071.obj,8389,16761,triangle,"{""min"": [-1.25063, -0.36844, -0.039414], ""max"": [0.37005, 0.212721, 0.046616]}"
Sword,D00133.obj,8079,16060,triangle,"{""min"": [-0.314117, -0.17998, -0.08341], ""max"": [1.07516, 0.189026, 0.079927]}"
Sword,D00149.obj,8656,17172,triangle,"{""min"": [-1.1498, -0.152899, -0.050279], ""max"": [0.690999, 0.22797, 0.061565]}"
Sword,D00162.obj,9970,19934,triangle,"{""min"": [-0.528659, -0.173319, -0.041424], ""max"": [1.3085, 0.183818, 0.024868]}"
Sword,D00177.obj,5076,10136,triangle,"{""min"": [-1.0564, -0.221232, -0.041104], ""max"": [0.214279, 0.216651, 0.043766]}"
Sword,D00195.obj,5630,11100,triangle,"{""min"": [-0.746991, -0.146119, -0.101896], ""max"": [0.914549, 0.138769, 0.09907]}"
Sword,D00249.obj,8438,16824,triangle,"{""min"": [-0.468665, -0.056973, -0.038516], ""max"": [0.98383, 0.06647, 0.034242]}"
Sword,D00356.obj,9591,19156,triangle,"{""min"": [-1.2178, -0.092541, -0.106282], ""max"": [0.238315, 0.107805, 0.09526]}"
Sword,D00484.obj,6595,13162,triangle,"{""min"": [-1.07377, -0.155355, -0.033838], ""max"": [0.458325, 0.175099, 0.049098]}"
Sword,D00513.obj,8264,15928,triangle,"{""min"": [-1.26157, -0.227727, -0.069613], ""max"": [0.326411, 0.190218, 0.066442]}"
Sword,D00540.obj,5573,10922,triangle,"{""min"": [-0.603417, -0.145486, -0.032973], ""max"": [0.993437, 0.139218, 0.035452]}"
Sword,D00635.obj,9906,19808,triangle,"{""min"": [-0.823956, -0.354405, -0.092872], ""max"": [0.921147, 0.380758, 0.098875]}"
Sword,D00712.obj,8324,16407,triangle,"{""min"": [-1.09055, -0.156613, -0.076891], ""max"": [0.904259, 0.198897, 0.076708]}"
Sword,D00807.obj,9822,18880,triangle,"{""min"": [-0.962635, -0.125901, -0.035521], ""max"": [0.761381, 0.111819, 0.026662]}"
Sword,D00808.obj,9476,18746,triangle,"{""min"": [-0.938905, -0.166439, -0.158329], ""max"": [0.67056, 0.161002, 0.169184]}"
Sword,D00812.obj,8052,16074,triangle,"{""min"": [-1.05394, -0.114185, -0.03639], ""max"": [0.386256, 0.114324, 0.072053]}"
Sword,D00906.obj,7986,15943,triangle,"{""min"": [-1.21413, -0.212044, -0.05774], ""max"": [0.300214, 0.125027, 0.050567]}"
Sword,D00916.obj,9320,18612,triangle,"{""min"": [-0.720276, -0.053847, -0.027381], ""max"": [0.941206, 0.088122, 0.027282]}"
Sword,D00992.obj,5856,11648,triangle,"{""min"": [-0.913541, -0.1497, -0.028825], ""max"": [0.573817, 0.153792, 0.034635]}"
Sword,m687.obj,9536,18768,triangle,"{""min"": [0.025, 0.025, 0.025], ""max"": [0.459071, 0.975, 0.11228]}"
Sword,m688.obj,7883,15744,triangle,"{""min"": [0.025, 0.025, 0.025], ""max"": [0.11913, 0.975, 0.375814]}"
Sword,m689.obj,8786,17471,triangle,"{""min"": [0.025, 0.025, 0.025], ""max"": [0.887269, 0.975, 0.202834]}"
Sword,m690.obj,8756,17472,triangle,"{""min"": [0.025, 0.025, 0.025], ""max"": [0.155249, 0.975, 0.152246]}"
Sword,m691.obj,8582,16488,triangle,"{""min"": [0.025, 0.025, 0.025], ""max"": [0.115882, 0.975, 0.236604]}"
Sword,m692.obj,8052,16077,triangle,"{""min"": [0.025, 0.025, 0.025], ""max"": [0.17573, 0.975, 0.096435]}"
Sword,m693.obj,9030,16576,triangle,"{""min"": [0.025, 0.025, -0.00758714], ""max"": [0.110751, 0.975, 0.119326]}"
Sword,m694.obj,8234,15374,triangle,"{""min"": [0.025, 0.025, 0.025], ""max"": [0.325319, 0.975, 0.109]}"
Sword,m695.obj,9880,19712,triangle,"{""min"": [0.025, 0.025, 0.025], ""max"": [0.096365, 0.26768, 0.975]}"
Sword,m696.obj,5412,10814,triangle,"{""min"": [0.025, 0.025, 0.025], ""max"": [0.297264, 0.139376, 0.975]}"
Sword,m697.obj,8296,16576,triangle,"{""min"": [0.025, 0.025, 0.025], ""max"": [0.203531, 0.065073, 0.975]}"
Sword,m698.obj,8407,16366,triangle,"{""min"": [0.025, 0.025, 0.025], ""max"": [0.290328, 0.97509, 0.107227]}"
Sword,m699.obj,8879,17696,triangle,"{""min"": [0.025, 0.025, 0.025], ""max"": [0.19693, 0.196831, 0.975]}"
Sword,m700.obj,9535,18769,triangle,"{""min"": [0.025, 0.025, 0.025], ""max"": [0.418371, 0.975, 0.097734]}"
Sword,m701.obj,8329,16598,triangle,"{""min"": [0.0240432, 0.025, 0.025], ""max"": [0.0450039, 0.30701, 0.973825]}"
Sword,m702.obj,8687,17349,triangle,"{""min"": [0.0257526, 0.0257526, 0.025], ""max"": [0.122825, 0.122825, 0.975]}"
Sword,m703.obj,8997,17600,triangle,"{""min"": [0.025, 0.025, 0.025], ""max"": [0.05076, 0.120841, 0.975]}"
Sword,m704.obj,6498,12992,triangle,"{""min"": [0.025, 0.025, 0.0243351], ""max"": [0.054935, 0.086127, 0.975]}"
Sword,m705.obj,7910,15768,triangle,"{""min"": [0.025, 0.025, 0.025], ""max"": [0.466069, 0.975, 0.094607]}"
Sword,m707.obj,9496,18837,triangle,"{""min"": [0.025, 0.025, 0.025024], ""max"": [0.269817, 0.975, 0.065537]}"
Sword,m709.obj,6594,13160,triangle,"{""min"": [0.025, 0.025, 0.025], ""max"": [0.229792, 0.076431, 0.975]}"
Sword,m710.obj,8541,16974,triangle,"{""min"": [0.025, 0.0250105, 0.025], ""max"": [0.221043, 0.0788775, 0.975]}"
Sword,m711.obj,9440,17667,triangle,"{""min"": [0.025, 0.025, 0.025], ""max"": [0.22872, 0.055602, 0.975]}"
Sword,m712.obj,8153,15865,triangle,"{""min"": [0.025, 0.0245438, 0.025], ""max"": [0.975, 0.0569562, 0.209008]}"
Sword,m713.obj,8805,17470,triangle,"{""min"": [0.025, 0.025, 0.025], ""max"": [0.104214, 0.138303, 0.97351]}"
Sword,m714.obj,8296,16576,triangle,"{""min"": [0.025, 0.025, 0.025], ""max"": [0.203531, 0.065073, 0.975]}"
Sword,m715.obj,5412,10814,triangle,"{""min"": [0.025, 0.025, 0.025], ""max"": [0.297264, 0.139376, 0.975]}"
Sword,m716.obj,8097,16190,triangle,"{""min"": [0.025, 0.025, 0.025], ""max"": [0.210778, 0.095698, 0.975]}"
Sword,m717.obj,8147,15858,triangle,"{""min"": [0.025, 0.025, 0.025], ""max"": [0.16253, 0.053702, 0.975]}"
Sword,m718.obj,5302,10592,triangle,"{""min"": [0.025, 0.025, 0.025], ""max"": [0.975, 0.200968, 0.066274]}"
Sword,m719.obj,9834,19648,triangle,"{""min"": [0.0249997, 0.025, 0.025], ""max"": [0.199046, 0.189425, 0.975]}"
Sword,m720.obj,8238,16460,triangle,"{""min"": [0.0254679, 0.026972, 0.025], ""max"": [0.149842, 0.973819, 0.088609]}"
Sword,m721.obj,9270,18520,triangle,"{""min"": [0.0250037, 0.025, 0.025], ""max"": [0.181399, 0.104182, 0.975]}"
Tool,D01003.obj,8652,17300,triangle,"{""min"": [-0.622121, -0.0791928, -0.931854], ""max"": [0.565481, 0.077768, 0.80838]}"
Tool,D01012.obj,9744,19484,triangle,"{""min"": [-0.600461, -0.080424, -0.982011], ""max"": [0.61005, 0.087098, 0.878773]}"
Tool,D01040.obj,8164,16324,triangle,"{""min"": [-0.741894, -0.07958, -0.960138], ""max"": [0.513922, 0.084225, 0.854196]}"
Tool,D01044.obj,5201,10398,triangle,"{""min"": [-0.603615, -0.079919, -0.91933], ""max"": [0.66807, 0.080117, 0.846507]}"
Tool,D01069.obj,6198,12392,triangle,"{""min"": [-0.578796, -0.078379, -0.824175], ""max"": [0.685155, 0.081482, 0.7904]}"
Tool,D01084.obj,9805,19606,triangle,"{""min"": [-0.690559, -0.079647, -0.973455], ""max"": [0.51102, 0.08501, 0.856318]}"
Tool,D01086.obj,8305,16606,triangle,"{""min"": [-0.606074, -0.0812625, -0.962181], ""max"": [0.587498, 0.08305, 0.841194]}"
Tool,D01111.obj,9353,18702,triangle,"{""min"": [-0.75344, -0.076081, -0.735844], ""max"": [0.959852, 0.075916, 0.682277]}"
Tool,D01113.obj,9622,19240,triangle,"{""min"": [-0.768425, -0.075471, -0.698498], ""max"": [0.968271, 0.079069, 0.679867]}"
Tool,D01127.obj,6104,12204,triangle,"{""min"": [-0.771048, -0.078774, -0.878836], ""max"": [0.724927, 0.082087, 0.73547]}"
Tool,D01131.obj,9797,19590,triangle,"{""min"": [-0.675742, -0.079542, -0.969787], ""max"": [0.51606, 0.08539, 0.8659]}"
Tool,D01140.obj,8528,17052,triangle,"{""min"": [-0.707768, -0.080469, -0.975258], ""max"": [0.504725, 0.083869, 0.837825]}"
Tool,D01142.obj,5110,10216,triangle,"{""min"": [-0.770495, -0.077523, -0.816737], ""max"": [0.84498, 0.082044, 0.66265]}"
Tool,D01148.obj,9776,19548,triangle,"{""min"": [-0.593188, -0.08099, -0.986873], ""max"": [0.623641, 0.087471, 0.883842]}"
Tool,D01152.obj,8606,17208,triangle,"{""min"": [-0.755574, -0.063137, -0.961139], ""max"": [0.790339, 0.076423, 0.601456]}"
Tool,D01154.obj,5202,10400,triangle,"{""min"": [-0.766474, -0.079161, -0.934075], ""max"": [0.626326, 0.079515, 0.818626]}"
Tool,D01156.obj,5508,11012,triangle,"{""min"": [-0.760613, -0.079584, -0.762512], ""max"": [0.911473, 0.084707, 0.669961]}"
Tool,D01159.obj,9776,19548,triangle,"{""min"": [-0.604765, -0.083684, -0.965804], ""max"": [0.672128, 0.088183, 0.90787]}"
Tool,D01165.obj,9731,19458,triangle,"{""min"": [-0.759133, -0.065043, -0.876383], ""max"": [0.814122, 0.078307, 0.593642]}"
Tool,D01176.obj,9383,18762,triangle,"{""min"": [-0.790689, -0.077249, -0.672792], ""max"": [0.986672, 0.082488, 0.703256]}"
Tool,m1099.obj,8178,16352,triangle,"{""min"": [0.025, 0.025, 0.025], ""max"": [0.384703, 0.975, 0.0825193]}"
Tool,m1100.obj,7902,15792,triangle,"{""min"": [0.025, 0.025, 0.025], ""max"": [0.239158, 0.975, 0.201019]}"
Tool,m1101.obj,8388,16768,triangle,"{""min"": [0.025, 0.0249996, 0.025], ""max"": [0.228782, 0.975, 0.0609049]}"
Tool,m1102.obj,2944,6400,triangle,"{""min"": [0.0307, 0.025, 0.025], ""max"": [0.195367, 0.975, 0.048434]}"
Tool,m1103.obj,8118,16023,triangle,"{""min"": [0.025, 0.025, 0.025], ""max"": [0.198528, 0.975, 0.071481]}"
Tool,m1104.obj,5672,11328,triangle,"{""min"": [0.025, 0.025, 0.025], ""max"": [0.278994, 0.975, 0.0756424]}"
Tool,m1105.obj,6188,12368,triangle,"{""min"": [0.025, 0.025, 0.025], ""max"": [0.975, 0.280984, 0.097571]}"
Tool,m1106.obj,7716,14936,triangle,"{""min"": [0.025, 0.025, 0.025], ""max"": [0.975, 0.296053, 0.082378]}"
Tool,m1107.obj,9612,19068,triangle,"{""min"": [0.025, 0.025, 0.025], ""max"": [0.975, 0.304248, 0.101067]}"
Tool,m1108.obj,8119,14904,triangle,"{""min"": [0.025, 0.025, 0.025], ""max"": [0.975, 0.532729, 0.099916]}"
Tool,m1109.obj,5869,11564,triangle,"{""min"": [0.025, 0.024952, 0.025], ""max"": [0.5864, 0.975, 0.157179]}"
Tool,m1110.obj,8221,16420,triangle,"{""min"": [0.025, 0.025, 0.025], ""max"": [0.146727, 0.976142, 0.396513]}"
Tool,m1111.obj,8308,16608,triangle,"{""min"": [0.0228012, 0.0244531, 0.025], ""max"": [0.455275, 0.975, 0.160898]}"
Tool,m1112.obj,8289,16434,triangle,"{""min"": [0.025, 0.025, 0.025], ""max"": [0.431724, 0.975, 0.118437]}"
Tool,m1113.obj,8156,16304,triangle,"{""min"": [0.025, 0.025, 0.0201295], ""max"": [0.134803, 0.125273, 0.975]}"
Tool,m1114.obj,9915,19725,triangle,"{""min"": [0.025, 0.025, 0.025], ""max"": [0.118989, 0.975, 0.118989]}"
Tool,m1115.obj,8015,15438,triangle,"{""min"": [0.025, 0.025, 0.025], ""max"": [0.133451, 0.975, 0.133451]}"
Tool,m1116.obj,9831,19514,triangle,"{""min"": [0.025, 0.0249773, 0.0242677], ""max"": [0.121029, 0.975, 0.108896]}"
Tool,m1117.obj,6856,13696,triangle,"{""min"": [0.025, 0.025, 0.025], ""max"": [0.270945, 0.113904, 0.975]}"
Tool,m587.obj,8951,17842,triangle,"{""min"": [0.025, 0.025, 0.025], ""max"": [0.743971, 0.975, 0.744031]}"
Tool,m588.obj,8053,15972,triangle,"{""min"": [0.025, 0.025, 0.025], ""max"": [0.739038, 0.975, 0.725741]}"
Tool,m589.obj,8602,16184,triangle,"{""min"": [0.025, 0.025, 0.025], ""max"": [0.478463, 0.975, 0.654105]}"
Tool,m590.obj,9295,17437,triangle,"{""min"": [0.025, 0.0158608, 0.025], ""max"": [0.453374, 0.975, 0.338917]}"
Tool,m591.obj,9917,19704,triangle,"{""min"": [0.025, 0.025, 0.025], ""max"": [0.538759, 0.975, 0.565938]}"
Train,D01008.obj,9604,18110,triangle,"{""min"": [-74.6464, 18.6005, 1.18313], ""max"": [-68.8803, 26.3091, 4.87218]}"
Train,D01014.obj,9438,16530,triangle,"{""min"": [-27.2865, 0.0, 0.0], ""max"": [18.2245, 3.55605, 5.71526]}"
Train,D01016.obj,7747,10345,triangle,"{""min"": [-0.00635, -3.50787, -0.1016], ""max"": [3.24485, 42.2121, 4.72089]}"
Train,D01027.obj,7786,14728,triangle,"{""min"": [1.49466, -1.0312, 0.604199], ""max"": [2.95518, 3.53116, 2.61426]}"
Train,D01031.obj,5193,10108,triangle,"{""min"": [2.60142, -3.42654, -0.012406], ""max"": [14.6259, -1.55064, 2.72487]}"
Train,D01035.obj,8926,16460,triangle,"{""min"": [0.39, 0.0, 0.0], ""max"": [15.5367, 2.4471, 4.75075]}"
Train,D01047.obj,5444,10401,triangle,"{""min"": [-3.77972, 0.514367, 0.017155], ""max"": [0.630123, 22.2931, 5.88345]}"
Train,D01055.obj,8654,15984,triangle,"{""min"": [0.8261, 0.884317, 0.273581], ""max"": [2.50185, 12.268, 2.73104]}"
Train,D01059.obj,7243,12935,triangle,"{""min"": [0.0, 0.0, 0.0], ""max"": [0.134599, 0.029667, 0.035566]}"
Train,D01061.obj,5911,11345,triangle,"{""min"": [-25.6083, 0.150702, 0.456741], ""max"": [-8.08178, 3.42698, 6.78452]}"
Train,D01064.obj,5036,9653,triangle,"{""min"": [0.856797, 0.505879, 0.0], ""max"": [2.7568, 5.84332, 3.04871]}"
Train,D01089.obj,9528,18592,triangle,"{""min"": [3.96338, -3.03191, -0.088465], ""max"": [9.63021, 26.3166, 5.81873]}"
Train,D01094.obj,7516,14416,triangle,"{""min"": [-0.581402, 2.08828, 3.06159], ""max"": [0.582314, 10.534, 4.55634]}"
Train,D01095.obj,5909,10752,triangle,"{""min"": [-6.92386, -7.38609, 0.0], ""max"": [-1.10613, 7.00026, 5.24168]}"
Train,D01134.obj,8717,14383,triangle,"{""min"": [-25.7188, -325.597, -39.6084], ""max"": [48.9667, 247.986, 97.9482]}"
Train,D01137.obj,6413,11272,triangle,"{""min"": [0.538748, 0.907264, -0.993542], ""max"": [3.8294, 63.6789, 2.88925]}"
Train,D01147.obj,9017,17312,triangle,"{""min"": [-1.70524, -3.70966, 0.018803], ""max"": [2.33107, 23.5094, 3.98485]}"
Train,D01149.obj,8589,13265,triangle,"{""min"": [-1.1212, 0.783813, 0.0447122], ""max"": [37.508, 3.63056, 3.69357]}"
Train,D01163.obj,9824,18244,triangle,"{""min"": [1.53819, 1.31646, 0.0], ""max"": [3.47155, 7.83632, 2.47999]}"
Train,D01180.obj,8356,15567,triangle,"{""min"": [0.762366, -5.31717, 0.001205], ""max"": [3.79223, 12.0411, 5.39791]}"
Train,m1578.obj,7867,15642,triangle,"{""min"": [0.025, 0.025, 0.025], ""max"": [0.208732, 0.370015, 0.975]}"
Train,m1580.obj,5366,10256,triangle,"{""min"": [0.025, 0.025, 0.025], ""max"": [0.975, 0.402336, 0.380885]}"
Train,m1581.obj,8836,17144,triangle,"{""min"": [0.025, 0.025, 0.025], ""max"": [0.17244, 0.282798, 0.975]}"
Train,m1582.obj,8231,16303,triangle,"{""min"": [0.025, 0.025, 0.025], ""max"": [0.194938, 0.273211, 0.975]}"
Train,m1583.obj,7823,15562,triangle,"{""min"": [0.025, 0.025, 0.025], ""max"": [0.323572, 0.567857, 0.975]}"
Train,m1584.obj,7903,15774,triangle,"{""min"": [0.025, 0.025, 0.025], ""max"": [0.975, 0.508051, 0.376302]}"
Train,m1585.obj,5303,10237,triangle,"{""min"": [0.025, 0.025, 0.025], ""max"": [0.302303, 0.399059, 0.975]}"
Train,m1586.obj,5520,10567,triangle,"{""min"": [0.025, 0.025, 0.025], ""max"": [0.30341, 0.377149, 0.975]}"
Train,m1587.obj,7920,15305,triangle,"{""min"": [0.025, 0.025, 0.025], ""max"": [0.327926, 0.473142, 0.975]}"
Train,m1588.obj,9125,16850,triangle,"{""min"": [0.0177454, 0.025, 0.025], ""max"": [0.277148, 0.433029, 0.975]}"
Tree,D00096.obj,17927,2103,triangle,"{""min"": [-0.671176, -0.369995, -0.330048], ""max"": [1.18867, 0.357025, 0.358778]}"
Tree,D00200.obj,10264,1055,triangle,"{""min"": [-0.74025, -0.384577, -0.399645], ""max"": [0.855705, 0.401581, 0.36556]}"
Tree,D00221.obj,17974,2941,triangle,"{""min"": [-0.831774, -0.78348, -0.727623], ""max"": [0.703098, 0.801397, 0.856509]}"
Tree,D00223.obj,23374,3147,triangle,"{""min"": [-0.82818, -0.761249, -0.78434], ""max"": [0.700241, 0.860203, 0.817519]}"
Tree,D00367.obj,9245,14768,triangle,"{""min"": [-1.0802, -0.714574, -0.516723], ""max"": [0.391319, 0.47318, 0.44629]}"
Tree,D00385.obj,9111,3484,triangle,"{""min"": [-1.05533, -0.856072, -0.570593], ""max"": [0.617585, 0.812506, 0.702034]}"
Tree,D00393.obj,9095,8717,triangle,"{""min"": [-1.13003, -0.845961, -0.521846], ""max"": [0.681653, 0.870651, 1.05061]}"
Tree,D00439.obj,19364,1642,triangle,"{""min"": [-0.640132, -0.659844, -0.443485], ""max"": [0.656279, 0.624018, 0.534239]}"
Tree,D00456.obj,5101,6780,triangle,"{""min"": [-0.413466, -0.20615, -0.209774], ""max"": [0.973947, 0.226497, 0.221499]}"
Tree,D00479.obj,10117,2847,triangle,"{""min"": [-0.728104, -0.752175, -0.743726], ""max"": [0.68282, 0.665084, 0.743487]}"
Tree,D00533.obj,16153,1025,triangle,"{""min"": [-0.658318, -0.307912, -0.338814], ""max"": [0.69765, 0.368016, 0.309177]}"
Tree,D00573.obj,9892,2102,triangle,"{""min"": [-0.676141, -0.504682, -0.511131], ""max"": [0.589685, 0.530682, 0.533494]}"
Tree,D00612.obj,9704,2921,triangle,"{""min"": [-1.03674, -0.609221, -0.523038], ""max"": [0.935447, 0.578624, 0.617815]}"
Tree,D00727.obj,11948,2609,triangle,"{""min"": [-0.7726, -0.81415, -0.916956], ""max"": [0.970278, 0.804699, 0.833341]}"
Tree,D00765.obj,10590,2374,triangle,"{""min"": [-0.888173, -0.624738, -0.539909], ""max"": [0.966449, 0.819796, 0.824967]}"
Tree,D00777.obj,10670,1218,triangle,"{""min"": [-0.936128, -0.499338, -0.488366], ""max"": [0.874221, 0.481772, 0.496537]}"
Tree,D00810.obj,9648,11067,triangle,"{""min"": [-0.832815, -0.630199, -0.378609], ""max"": [0.585957, 0.977791, 0.540763]}"
Tree,D00834.obj,18215,2689,triangle,"{""min"": [-0.593639, -0.370053, -0.382732], ""max"": [0.914625, 0.401935, 0.387114]}"
Tree,D00911.obj,9395,5278,triangle,"{""min"": [-0.722567, -0.857903, -0.689189], ""max"": [0.846416, 0.836258, 0.977396]}"
Tree,D00996.obj,13153,1852,triangle,"{""min"": [-0.931967, -0.999761, -0.892153], ""max"": [0.727631, 0.83767, 0.908001]}"
Tree,m1050.obj,5410,4629,triangle,"{""min"": [0.025, 0.025, 0.025], ""max"": [0.581102, 0.975, 0.54077]}"
Tree,m1062.obj,5290,10496,triangle,"{""min"": [0.025, 0.025, 0.025], ""max"": [0.597019, 0.904128, 0.975]}"
Tree,m1063.obj,6821,13072,triangle,"{""min"": [0.025, 0.025, 0.025], ""max"": [0.784114, 0.975, 0.738876]}"
Tree,m1064.obj,6757,7200,triangle,"{""min"": [0.025, 0.025, 0.025], ""max"": [0.516926, 0.975, 0.537091]}"
Tree,m1065.obj,6989,6440,triangle,"{""min"": [0.025, 0.025, 0.025], ""max"": [0.538252, 0.975, 0.51987]}"
Tree,m1066.obj,5689,8168,triangle,"{""min"": [0.025, 0.025, 0.025], ""max"": [0.467435, 0.975, 0.370688]}"
Tree,m1067.obj,8060,14641,triangle,"{""min"": [0.025, 0.025, 0.025], ""max"": [0.761366, 0.975, 0.626671]}"
Tree,m1068.obj,9355,15845,triangle,"{""min"": [0.025, 0.025, 0.025], ""max"": [0.975, 0.853683, 0.901006]}"
Tree,m1069.obj,8486,7423,triangle,"{""min"": [0.025, 0.025, 0.025], ""max"": [0.907191, 0.974827, 0.969755]}"
Tree,m1070.obj,9022,14152,triangle,"{""min"": [0.025, 0.025, 0.025], ""max"": [0.314703, 0.975, 0.427371]}"
Tree,m1071.obj,8311,15146,triangle,"{""min"": [0.025, 0.025, 0.025], ""max"": [0.954665, 0.701217, 0.975]}"
Tree,m1072.obj,8062,12615,triangle,"{""min"": [0.025, 0.025, 0.025], ""max"": [0.477147, 0.975, 0.538707]}"
Tree,m1075.obj,8914,17792,triangle,"{""min"": [0.025, 0.025, 0.025], ""max"": [0.362593, 0.975, 0.640251]}"
Tree,m1077.obj,9260,18282,triangle,"{""min"": [0.025, 0.025, 0.025], ""max"": [0.698488, 0.975, 0.715327]}"
Tree,m1078.obj,6994,11136,triangle,"{""min"": [0.025, 0.025, 0.025], ""max"": [0.271474, 0.975, 0.398059]}"
Tree,m1079.obj,8345,16640,triangle,"{""min"": [0.025, 0.025, 0.025], ""max"": [0.291, 0.975, 0.277981]}"
Tree,m1082.obj,9796,19568,triangle,"{""min"": [0.025, 0.025, 0.025], ""max"": [0.457911, 0.975, 0.436723]}"
Tree,m1086.obj,6247,6856,triangle,"{""min"": [0.025, 0.025, 0.025], ""max"": [0.322071, 0.975, 0.333301]}"
Tree,m1089.obj,8696,16896,triangle,"{""min"": [0.025, 0.025, 0.025], ""max"": [0.578353, 0.975, 0.559279]}"
Tree,m1090.obj,5482,10928,triangle,"{""min"": [0.025, 0.025, 0.025], ""max"": [0.975, 0.69057, 0.759382]}"
Tree,m1091.obj,8757,15256,triangle,"{""min"": [0.025, 0.025, 0.025], ""max"": [0.563717, 0.975, 0.638287]}"
Tree,m1092.obj,5122,10208,triangle,"{""min"": [0.025, 0.025, 0.025], ""max"": [0.975, 0.747408, 0.933538]}"
Tree,m1093.obj,9211,16921,triangle,"{""min"": [0.025, 0.025, 0.025], ""max"": [0.875567, 0.975, 0.793233]}"
Tree,m1095.obj,8650,13783,triangle,"{""min"": [0.025, 0.025, 0.025], ""max"": [0.965689, 0.975, 0.951578]}"
Tree,m1096.obj,9073,17172,triangle,"{""min"": [0.025, 0.025, 0.025], ""max"": [0.565825, 0.975, 0.563253]}"
Tree,m1097.obj,4250,7936,triangle,"{""min"": [0.025, 0.0249993, 0.0247999], ""max"": [0.418527, 0.975, 0.028737]}"
Tree,m1098.obj,8603,11380,triangle,"{""min"": [0.025, 0.025, 0.025], ""max"": [0.909062, 0.86264, 0.975]}"
Truck,D00002.obj,6789,13376,triangle,"{""min"": [2.67901, -0.899511, -0.027327], ""max"": [8.41963, 1.42253, 1.86136]}"
Truck,D00003.obj,6661,11777,triangle,"{""min"": [0.334017, -0.829618, -0.018506], ""max"": [3.0926, 6.45504, 2.97985]}"
Truck,D00010.obj,6936,12710,triangle,"{""min"": [7.22164, 13.3972, -0.279988], ""max"": [10.9004, 24.312, 3.68515]}"
Truck,D00029.obj,5183,9199,triangle,"{""min"": [0.0342377, 0.00192095, 0.00503536], ""max"": [2.61832, 15.7582, 3.87176]}"
Truck,D00047.obj,7967,15499,triangle,"{""min"": [1.55809, 0.454792, -0.209149], ""max"": [17.7317, 3.29646, 4.45954]}"
Truck,D00056.obj,8944,15613,triangle,"{""min"": [-4.28238, 2.64129, 0.0], ""max"": [11.8995, 5.8317, 4.45954]}"
Truck,D00112.obj,7823,13897,triangle,"{""min"": [-0.00187855, -0.00060713, 0.00228129], ""max"": [3.32376, 13.2481, 4.50389]}"
Truck,D00158.obj,8310,15100,triangle,"{""min"": [-0.569652, -2.11952, 0.005011], ""max"": [2.18893, 5.28806, 3.20853]}"
Truck,D00241.obj,9980,19856,triangle,"{""min"": [-2.99001, -0.114752, 0.0], ""max"": [14.4325, 3.07566, 3.89024]}"
Truck,D00287.obj,5266,9855,triangle,"{""min"": [-2.29011, -5.0801, -2.36981], ""max"": [2.28986, 5.07441, 2.37038]}"
Truck,D00303.obj,8925,15946,triangle,"{""min"": [0.00538704, 0.000603553, 0.00227634], ""max"": [3.02213, 17.2463, 4.6]}"
Truck,D00331.obj,9866,18704,triangle,"{""min"": [-1.58932, -0.17497, 0.0], ""max"": [15.5001, 2.58496, 3.64398]}"
Truck,D00406.obj,5776,10440,triangle,"{""min"": [-0.335624, -0.097085, 0.000198], ""max"": [0.144946, 0.088676, 0.22267]}"
Truck,D00424.obj,8633,16095,triangle,"{""min"": [-0.14057, 0.0488025, -0.099348], ""max"": [19.7564, 2.7316, 4.01829]}"
Truck,D00518.obj,5404,9669,triangle,"{""min"": [0.00132611, 0.00748242, 0.000219], ""max"": [2.48132, 11.0415, 3.82758]}"
Truck,D00804.obj,6535,11691,triangle,"{""min"": [-3.0607, -3.76592, -0.034132], ""max"": [0.173545, 6.75881, 4.26479]}"
Truck,D00835.obj,9418,15653,triangle,"{""min"": [4.80326, 0.567997, 0.0], ""max"": [8.0375, 10.5862, 3.23861]}"
Truck,D00926.obj,5467,9986,triangle,"{""min"": [9.17465, 0.0, 0.00170373], ""max"": [11.7069, 19.3774, 4.14456]}"
Truck,D00947.obj,7887,15240,triangle,"{""min"": [2.16119, 16.6348, -0.000953], ""max"": [23.0751, 24.384, 9.38947]}"
Truck,D00987.obj,8298,14126,triangle,"{""min"": [-0.630455, 0.00924992, -0.105915], ""max"": [2.42474, 10.8136, 3.96332]}"
Truck,m1570.obj,5173,9412,triangle,"{""min"": [0.0241882, 0.025, 0.025], ""max"": [0.233035, 0.361782, 0.975]}"
Truck,m1571.obj,9481,18191,triangle,"{""min"": [0.025, 0.025, 0.025], ""max"": [0.316926, 0.413022, 0.975]}"
Truck,m1572.obj,9613,18340,triangle,"{""min"": [0.025, 0.025, 0.025], ""max"": [0.186122, 0.265523, 0.975]}"
Truck,m1573.obj,5447,9960,triangle,"{""min"": [0.0253865, 0.025, 0.025], ""max"": [0.287355, 0.322961, 0.975]}"
Truck,m1574.obj,8173,16135,triangle,"{""min"": [0.025, 0.025, 0.025], ""max"": [0.418847, 0.460146, 0.975]}"
Truck,m1575.obj,9030,17259,triangle,"{""min"": [0.0250737, 0.025, 0.025], ""max"": [0.39713, 0.472813, 0.975]}"
Truck,m1576.obj,9689,18756,triangle,"{""min"": [0.025, 0.025, 0.025], ""max"": [0.975, 0.379927, 0.318182]}"
TruckNonContainer,D00055.obj,7636,14733,triangle,"{""min"": [0.0, 0.0, 0.0], ""max"": [2.54821, 5.85285, 3.75792]}"
TruckNonContainer,D00143.obj,8276,15623,triangle,"{""min"": [0.97501, 6.84813, -0.003855], ""max"": [5.28235, 8.74786, 3.15915]}"
TruckNonContainer,D00148.obj,9549,18532,triangle,"{""min"": [2.85704, 9.62242, 0.007121], ""max"": [4.64376, 14.1735, 2.01458]}"
TruckNonContainer,D00215.obj,9095,17128,triangle,"{""min"": [-85.7269, -320.109, -45.5538], ""max"": [92.9482, 169.11, 131.429]}"
TruckNonContainer,D00252.obj,9048,17660,triangle,"{""min"": [-4.19512, 0.291034, 0.0], ""max"": [16.3387, 12.2474, 9.39042]}"
TruckNonContainer,D00266.obj,6898,12657,triangle,"{""min"": [-0.161621, -0.001006, 0.0], ""max"": [2.14009, 5.77523, 2.2136]}"
TruckNonContainer,D00267.obj,6025,11840,triangle,"{""min"": [5.12225, -5.80774, 1.05702], ""max"": [142.42, 56.4549, 76.1944]}"
TruckNonContainer,D00275.obj,5492,10837,triangle,"{""min"": [12.757, 7.95888, 0.076544], ""max"": [40.4667, 16.0525, 10.2298]}"
TruckNonContainer,D00283.obj,6967,11009,triangle,"{""min"": [0.855565, 0.673984, 0.00349072], ""max"": [0.940859, 0.854657, 0.116439]}"
TruckNonContainer,D00353.obj,9464,16801,triangle,"{""min"": [1.10204e-05, -0.000589981, 0.0], ""max"": [3.32329, 7.41129, 4.19099]}"
TruckNonContainer,D00553.obj,7248,13671,triangle,"{""min"": [-1.33675, -3.12537, -1.8669], ""max"": [3.69653, 10.8245, 4.13561]}"
TruckNonContainer,D00572.obj,8086,15337,triangle,"{""min"": [0.00195067, 0.0, 0.0], ""max"": [2.75672, 9.24579, 2.58466]}"
TruckNonContainer,D00608.obj,7080,12883,triangle,"{""min"": [-2.33769, 0.216103, -0.000962], ""max"": [-0.350706, 5.21958, 2.14772]}"
TruckNonContainer,D00619.obj,5231,10302,triangle,"{""min"": [-293.268, 18.1994, -4.22611], ""max"": [191.88, 153.761, 228.3]}"
TruckNonContainer,D00699.obj,5069,10235,triangle,"{""min"": [-0.001587, 0.131142, -0.0126997], ""max"": [2.28951, 5.66569, 2.31732]}"
TruckNonContainer,D00731.obj,9846,19115,triangle,"{""min"": [3.47577, -0.134361, 0.0], ""max"": [6.099, 7.71456, 3.05502]}"
TruckNonContainer,D00737.obj,9388,17392,triangle,"{""min"": [-72.4159, -245.398, -1.08963], ""max"": [72.8422, 48.1026, 140.698]}"
TruckNonContainer,D00783.obj,5233,10001,triangle,"{""min"": [8.06463, -1.39549, -0.000150005], ""max"": [15.8666, 1.47686, 2.832]}"
TruckNonContainer,D00879.obj,9354,18253,triangle,"{""min"": [1.91147, 1.66569, -0.035788], ""max"": [9.57096, 5.95246, 4.21085]}"
TruckNonContainer,D00943.obj,8850,14607,triangle,"{""min"": [0.758438, -0.0508, 0.146159], ""max"": [2.32999, 4.29926, 2.24877]}"
Vase,m527.obj,8688,17372,triangle,"{""min"": [0.025, 0.025, 0.025], ""max"": [0.975, 0.975, 0.975]}"
Vase,m528.obj,9616,19130,triangle,"{""min"": [0.025, 0.025, 0.025], ""max"": [0.404299, 0.355883, 0.975012]}"
Vase,m529.obj,6750,12432,triangle,"{""min"": [0.025, 0.0249998, 0.025], ""max"": [0.970642, 0.65045, 0.975]}"
Vase,m531.obj,5184,10368,triangle,"{""min"": [0.025, 0.025, 0.025], ""max"": [0.495107, 0.975, 0.495135]}"
Vase,m532.obj,7908,15793,triangle,"{""min"": [0.025, 0.025, 0.025], ""max"": [0.42287, 0.42287, 0.975]}"
Vase,m533.obj,7712,15360,triangle,"{""min"": [0.025, 0.025, 0.025], ""max"": [0.615957, 0.975, 0.525106]}"
Vase,m534.obj,8387,16772,triangle,"{""min"": [0.025, 0.025, 0.025], ""max"": [0.639784, 0.975, 0.639784]}"
Vase,m535.obj,8104,15973,triangle,"{""min"": [0.025, 0.025, 0.025], ""max"": [0.674141, 0.975, 0.674141]}"
Vase,m536.obj,9995,19986,triangle,"{""min"": [0.025, 0.025, 0.0245992], ""max"": [0.5, 0.5, 0.976995]}"
Vase,m537.obj,8064,16128,triangle,"{""min"": [0.025, 0.025, 0.025], ""max"": [0.571605, 0.975, 0.571721]}"
Vase,m538.obj,8064,16080,triangle,"{""min"": [0.025, 0.0245224, 0.025], ""max"": [0.972537, 0.539535, 0.972222]}"
Vase,m539.obj,7847,15611,triangle,"{""min"": [0.025, 0.025, 0.025], ""max"": [0.753297, 0.975, 0.7528]}"
Vase,m540.obj,8232,16460,triangle,"{""min"": [0.025, 0.025, 0.025], ""max"": [0.931966, 0.803261, 0.975]}"
Vase,m541.obj,7850,23040,triangle,"{""min"": [0.025, 0.025, 0.025], ""max"": [0.890313, 0.975, 0.890699]}"
Vase,m542.obj,7824,15589,triangle,"{""min"": [0.025, 0.025, 0.025], ""max"": [0.642246, 0.938592, 0.975]}"
Vase,m543.obj,9666,19136,triangle,"{""min"": [0.025, 0.025, 0.025], ""max"": [0.890313, 0.975, 0.890697]}"
Vase,m544.obj,8738,17472,triangle,"{""min"": [0.025, 0.025, 0.025], ""max"": [0.669069, 0.974915, 0.669069]}"
Vase,m545.obj,6402,12800,triangle,"{""min"": [0.025, 0.025, 0.025], ""max"": [0.975, 0.409609, 0.975]}"
Vase,m546.obj,8738,17472,triangle,"{""min"": [0.025, 0.025, 0.025], ""max"": [0.669058, 0.975, 0.669058]}"
Vase,m547.obj,8137,16000,triangle,"{""min"": [0.025, 0.025, 0.025], ""max"": [0.975, 0.714336, 0.975]}"
Violin,D00108.obj,5752,10700,triangle,"{""min"": [2.68762, -2.46873, 0.483871], ""max"": [4.70813, 3.10917, 1.0828]}"
Violin,D00216.obj,8481,16379,triangle,"{""min"": [0.220861, -0.259683, 0.133586], ""max"": [0.428767, -0.147309, 0.723491]}"
Violin,D00250.obj,9319,17736,triangle,"{""min"": [-0.17854, 0.120517, 0.0625038], ""max"": [0.431319, 0.196024, 0.269974]}"
Violin,D00324.obj,9698,18396,triangle,"{""min"": [1.72684, 2.25604, 0.095745], ""max"": [2.70568, 5.3374, 0.662054]}"
Violin,D00340.obj,9332,17641,triangle,"{""min"": [0.686432, -0.037525, 1.09775], ""max"": [0.901886, 0.0289804, 1.70089]}"
Violin,D00349.obj,5028,9640,triangle,"{""min"": [-14.7378, 17.9008, 0.42433], ""max"": [-14.2826, 18.7407, 1.5019]}"
Violin,D00358.obj,7434,14676,triangle,"{""min"": [0.48787, -0.0127201, -0.061643], ""max"": [0.695017, 0.59669, 0.022873]}"
Violin,D00376.obj,9159,18038,triangle,"{""min"": [3.63477, 2.77945, -0.601902], ""max"": [4.93404, 4.43222, 3.47398]}"
Violin,D00506.obj,8193,15534,triangle,"{""min"": [4.2756, 12.0406, -1.4026], ""max"": [10.7338, 19.9225, 18.0053]}"
Violin,D00570.obj,7956,15060,triangle,"{""min"": [1.8883, 0.742846, 0.341359], ""max"": [2.60086, 1.79447, 2.13234]}"
Violin,D00598.obj,6831,13009,triangle,"{""min"": [-8.06654, -13432.7, -0.526695], ""max"": [52653.5, -1.72402, 5949.69]}"
Violin,D00602.obj,9877,18706,triangle,"{""min"": [9.93669, 20.732, 1.79292], ""max"": [10.0376, 20.9391, 2.54049]}"
Violin,D00620.obj,9351,18132,triangle,"{""min"": [-0.341624, -0.446695, 0.01905], ""max"": [-0.024124, 0.375744, 0.0831091]}"
Violin,D00675.obj,8815,17073,triangle,"{""min"": [0.150585, 0.419612, 0.000903], ""max"": [0.339725, 0.592527, 0.577988]}"
Violin,D00701.obj,8728,16588,triangle,"{""min"": [4.58115, 0.039219, -0.110471], ""max"": [5.56362, 2.81674, 0.119561]}"
Violin,D00704.obj,8716,15773,triangle,"{""min"": [0.323036, 0.018012, 1.31196], ""max"": [1.01076, 0.313791, 1.53282]}"
Violin,D00743.obj,7536,14560,triangle,"{""min"": [-14.6182, -6.01869, 5.97606], ""max"": [0.991073, 54.5738, 13.57]}"
Violin,D00891.obj,7977,15284,triangle,"{""min"": [36.637, 11.9892, 0.0], ""max"": [62.4366, 86.5875, 7.19455]}"
Violin,D00898.obj,7668,13350,triangle,"{""min"": [-1.18662, -0.145814, -0.062188], ""max"": [-0.980585, -0.030921, 0.52223]}"
Violin,D00993.obj,7350,14270,triangle,"{""min"": [4.52953, 0.194657, -3.44774], ""max"": [4.98731, 0.520782, -1.94465]}"
Wheel,m733.obj,8099,16173,triangle,"{""min"": [0.025, 0.025, 0.025], ""max"": [0.970948, 0.975, 0.438043]}"
Wheel,m734.obj,9192,15863,triangle,"{""min"": [0.025, 0.025, 0.025], ""max"": [0.203917, 0.975, 0.969794]}"
Wheel,m735.obj,8756,17472,triangle,"{""min"": [0.025, 0.025, 0.025], ""max"": [0.975, 0.975, 0.113517]}"
Wheel,m736.obj,7794,15552,triangle,"{""min"": [0.025, 0.025, 0.025], ""max"": [0.236112, 0.975, 0.975]}"
Wheel,m737.obj,9977,19274,triangle,"{""min"": [0.025, 0.025, 0.025], ""max"": [0.539529, 0.975, 0.974961]}"
Wheel,m738.obj,5753,10880,triangle,"{""min"": [0.025, 0.025, 0.025], ""max"": [0.975, 0.975, 0.502082]}"
Wheel,m739.obj,7885,15806,triangle,"{""min"": [0.025, 0.025, 0.025], ""max"": [0.975, 0.975, 0.413635]}"
Wheel,m740.obj,8987,16099,triangle,"{""min"": [0.025, 0.025, 0.025], ""max"": [0.975, 0.975, 0.477833]}"
Wheel,m741.obj,8963,17746,triangle,"{""min"": [0.025, 0.00200579, 0.00420125], ""max"": [1.00261, 0.934661, 0.932465]}"
Wheel,m742.obj,8877,17750,triangle,"{""min"": [0.025, 0.025, 0.025], ""max"": [0.975, 0.975, 0.201045]}"
Wheel,m743.obj,8162,16320,triangle,"{""min"": [0.025, 0.025, 0.0169231], ""max"": [0.975, 0.975, 0.119456]}"
Wheel,m744.obj,8126,16252,triangle,"{""min"": [0.025233, 0.025133, 0.0249491], ""max"": [0.974689, 0.974989, 0.413226]}"
Wheel,m745.obj,8079,16158,triangle,"{""min"": [0.025, 0.025, 0.025], ""max"": [0.973661, 0.975, 0.529196]}"
Wheel,m746.obj,9093,17889,triangle,"{""min"": [0.025, 0.025, 0.025], ""max"": [0.975, 0.975, 0.690144]}"
Wheel,m747.obj,8066,16128,triangle,"{""min"": [0.025, 0.025, 0.025], ""max"": [0.975, 0.975, 0.15292]}"
Wheel,m748.obj,9760,19520,triangle,"{""min"": [0.025, 0.025, 0.01992], ""max"": [0.975, 0.975, 0.375898]}"
Wheel,m749.obj,7870,15723,triangle,"{""min"": [0.025, 0.025, 0.025], ""max"": [0.906903, 0.975, 0.732753]}"
WheelChair,D00004.obj,9361,18250,triangle,"{""min"": [-0.539185, -0.395839, -0.410905], ""max"": [1.24602, 0.435985, 0.381082]}"
WheelChair,D00070.obj,8476,16832,triangle,"{""min"": [-1.26678, -0.656406, -0.678476], ""max"": [0.672264, 0.525735, 0.552007]}"
WheelChair,D00088.obj,8154,15918,triangle,"{""min"": [-0.860818, -0.56919, -0.667478], ""max"": [0.882417, 0.425026, 0.449073]}"
WheelChair,D00183.obj,9234,17615,triangle,"{""min"": [-0.964759, -0.534982, -0.478001], ""max"": [0.887057, 0.60084, 0.594706]}"
WheelChair,D00203.obj,7927,14785,triangle,"{""min"": [-1.19246, -0.433728, -0.627437], ""max"": [0.618101, 0.598671, 0.559673]}"
WheelChair,D00274.obj,6978,12476,triangle,"{""min"": [-0.702455, -0.458416, -0.413206], ""max"": [1.16387, 0.533167, 0.692311]}"
WheelChair,D00290.obj,8191,16246,triangle,"{""min"": [-0.868286, -0.458483, -0.543821], ""max"": [0.992781, 0.565154, 0.502741]}"
WheelChair,D00365.obj,7244,14412,triangle,"{""min"": [-0.882691, -0.642376, -0.570905], ""max"": [0.920881, 0.388073, 0.422663]}"
WheelChair,D00394.obj,7912,15585,triangle,"{""min"": [-1.10427, -0.485515, -0.572614], ""max"": [0.794474, 0.574336, 0.535996]}"
WheelChair,D00449.obj,7926,15758,triangle,"{""min"": [-0.9845, -0.382534, -0.634803], ""max"": [0.794562, 0.785255, 0.639188]}"
WheelChair,D00453.obj,8257,14848,triangle,"{""min"": [-0.587937, -0.745833, -0.543627], ""max"": [1.04183, 0.353637, 0.595157]}"
WheelChair,D00499.obj,8403,14820,triangle,"{""min"": [-0.689463, -0.454981, -0.380234], ""max"": [1.16514, 0.485391, 0.693217]}"
WheelChair,D00526.obj,7927,15374,triangle,"{""min"": [-0.883464, -0.519012, -0.564571], ""max"": [0.903358, 0.637842, 0.682028]}"
WheelChair,D00604.obj,7999,14678,triangle,"{""min"": [-0.71117, -0.718189, -0.524783], ""max"": [1.16462, 0.342901, 0.616596]}"
WheelChair,D00628.obj,8811,17244,triangle,"{""min"": [-0.772088, -0.54849, -0.609514], ""max"": [0.989221, 0.523344, 0.577278]}"
WheelChair,D00687.obj,8188,16268,triangle,"{""min"": [-0.832973, -0.383821, -0.446596], ""max"": [0.997014, 0.545195, 0.52509]}"
WheelChair,D00720.obj,8230,15611,triangle,"{""min"": [-1.25554, -0.511296, -0.426115], ""max"": [0.625036, 0.62533, 0.523777]}"
WheelChair,D00782.obj,8935,16666,triangle,"{""min"": [-1.18257, -0.425223, -0.596103], ""max"": [0.70089, 0.702418, 0.61337]}"
WheelChair,D00821.obj,8188,16268,triangle,"{""min"": [-0.824906, -0.346825, -0.468272], ""max"": [1.00177, 0.528973, 0.508547]}"
WheelChair,D00846.obj,8834,17196,triangle,"{""min"": [-0.915155, -0.560325, -0.627176], ""max"": [0.949551, 0.519415, 0.538056]}"
