class,shape_file,num_vertices,num_faces,face_types,bounding_box
AircraftBuoyant,m1337.obj,201,340,triangle,"{""min"": [0.025, 0.025, 0.025], ""max"": [0.889234, 0.975, 0.889234]}"
AircraftBuoyant,m1338.obj,8761,16960,triangle,"{""min"": [0.025, 0.025, 0.025], ""max"": [0.933058, 0.975, 0.937901]}"
AircraftBuoyant,m1339.obj,1878,6173,triangle,"{""min"": [0.025, 0.025, 0.025], ""max"": [0.607072, 0.975, 0.626812]}"
AircraftBuoyant,m1340.obj,778,1457,triangle,"{""min"": [0.025, 0.025, 0.025], ""max"": [0.367686, 0.975, 0.367689]}"
AircraftBuoyant,m1341.obj,425,824,triangle,"{""min"": [0.025, 0.025, 0.025], ""max"": [0.379575, 0.975, 0.379575]}"
AircraftBuoyant,m1342.obj,1252,2305,triangle,"{""min"": [0.025, 0.025, 0.025], ""max"": [0.611587, 0.975, 0.60936]}"
AircraftBuoyant,m1343.obj,178,344,triangle,"{""min"": [0.025, 0.025, 0.025], ""max"": [0.710921, 0.975, 0.710921]}"
AircraftBuoyant,m1344.obj,1093,1930,triangle,"{""min"": [0.025, 0.025, 0.025], ""max"": [0.674099, 0.975, 0.6741]}"
AircraftBuoyant,m1345.obj,3174,6000,triangle,"{""min"": [0.025, 0.025, 0.025], ""max"": [0.601277, 0.975, 0.601277]}"
AircraftBuoyant,m1346.obj,742,1375,triangle,"{""min"": [0.025, 0.025, 0.025], ""max"": [0.322079, 0.354725, 0.975]}"
AircraftBuoyant,m1347.obj,3055,6274,triangle,"{""min"": [0.025, 0.025, 0.025], ""max"": [0.312086, 0.419881, 0.975]}"
AircraftBuoyant,m1348.obj,795,1382,triangle,"{""min"": [0.025, 0.025, 0.025], ""max"": [0.321693, 0.354958, 0.975]}"
AircraftBuoyant,m1349.obj,432,640,triangle,"{""min"": [0.025, 0.025, 0.025], ""max"": [0.975, 0.385203, 0.273648]}"
AircraftBuoyant,m1350.obj,1097,1976,triangle,"{""min"": [0.025, 0.025, 0.025], ""max"": [0.975, 0.291317, 0.305022]}"
AircraftBuoyant,m1351.obj,12987,24466,triangle,"{""min"": [0.025, 0.025, 0.025], ""max"": [0.2083, 0.219243, 0.975]}"
AircraftBuoyant,m1352.obj,3298,6348,triangle,"{""min"": [0.025, 0.025, 0.025], ""max"": [0.975, 0.376642, 0.332621]}"
Apartment,D00045.obj,14865,21021,triangle,"{""min"": [-0.613186, -0.700915, -0.532017], ""max"": [0.829027, 0.770415, 0.354253]}"
Apartment,D00086.obj,20493,42064,triangle,"{""min"": [-0.920883, -0.343487, -0.415469], ""max"": [0.863162, 1.32482, 0.293879]}"
Apartment,D00138.obj,10827,21140,triangle,"{""min"": [-0.782682, -0.514535, -0.317783], ""max"": [0.776339, 0.633157, 0.198885]}"
Apartment,D00156.obj,12732,19380,triangle,"{""min"": [-0.81948, -0.742071, -0.667138], ""max"": [0.881168, 0.842832, 0.566733]}"
Apartment,D00310.obj,14464,9480,triangle,"{""min"": [-0.744656, -0.389316, -0.368775], ""max"": [1.03298, 0.494357, 0.339434]}"
Apartment,D00348.obj,2006,3008,triangle,"{""min"": [-0.94171, -0.40949, -0.813025], ""max"": [0.725458, 0.566411, 0.205192]}"
Apartment,D00366.obj,1294,2540,triangle,"{""min"": [-0.895467, -0.856715, -0.663917], ""max"": [0.745644, 0.59104, 0.529402]}"
Apartment,D00478.obj,19857,25206,triangle,"{""min"": [-0.780623, -0.760414, -0.478043], ""max"": [0.910492, 0.404719, 0.451362]}"
Apartment,D00496.obj,7737,2579,triangle,"{""min"": [-0.643419, -0.704659, -0.341188], ""max"": [1.15353, 0.878216, 0.259608]}"
Apartment,D00626.obj,73184,64688,triangle,"{""min"": [-0.885934, -0.597769, -0.512373], ""max"": [0.906987, 0.33114, 0.382066]}"
Apartment,D00639.obj,4849,7980,triangle,"{""min"": [-0.542818, -0.544259, -0.687879], ""max"": [1.14108, 0.500059, 0.449116]}"
Apartment,D00651.obj,12732,19380,triangle,"{""min"": [-0.948858, -0.950931, -0.556634], ""max"": [0.916559, 0.904251, 0.661818]}"
Apartment,D00681.obj,13823,15557,triangle,"{""min"": [-0.681671, -0.790363, -0.471744], ""max"": [1.09453, 0.587597, 0.656092]}"
Apartment,D00780.obj,8240,13684,triangle,"{""min"": [-0.977731, -0.618236, -0.189083], ""max"": [0.789199, 0.449639, 0.33395]}"
Apartment,D00792.obj,1327,1158,triangle,"{""min"": [-0.795163, -0.965409, -0.669296], ""max"": [1.10354, 0.963376, 0.859246]}"
Apartment,D00859.obj,1378,2163,triangle,"{""min"": [-0.824176, -0.692473, -0.33128], ""max"": [1.07379, 0.611025, 0.211846]}"
Apartment,D00860.obj,19857,25206,triangle,"{""min"": [-0.764923, -0.760034, -0.474753], ""max"": [0.927037, 0.399913, 0.451175]}"
Apartment,D00869.obj,4930,9069,triangle,"{""min"": [-0.984513, -0.521765, -0.380646], ""max"": [0.688383, 0.644962, 0.551785]}"
Apartment,D00921.obj,12842,7983,triangle,"{""min"": [-0.850705, -0.487423, -0.558467], ""max"": [0.822601, 0.545748, 0.554978]}"
Apartment,D00953.obj,4158,7140,triangle,"{""min"": [-0.949201, -0.826799, -0.444887], ""max"": [0.665321, 0.896079, 0.51871]}"
Apartment,m463.obj,2022,3672,triangle,"{""min"": [0.025, 0.025, 0.025], ""max"": [0.785029, 0.975, 0.574765]}"
Apartment,m464.obj,8301,12810,triangle,"{""min"": [0.025, 0.025, 0.025], ""max"": [0.347449, 0.975, 0.296305]}"
Apartment,m465.obj,2335,4363,triangle,"{""min"": [0.025, 0.025, 0.025], ""max"": [0.21702, 0.975, 0.251523]}"
AquaticAnimal,m53.obj,18409,34877,triangle,"{""min"": [0.025, 0.025, 0.025], ""max"": [0.163371, 0.348761, 0.975]}"
AquaticAnimal,m54.obj,18143,33836,triangle,"{""min"": [0.025, 0.025, 0.025], ""max"": [0.254899, 0.371143, 0.975]}"
AquaticAnimal,m55.obj,19505,37072,triangle,"{""min"": [0.025, 0.025, 0.025], ""max"": [0.18151, 0.380146, 0.975]}"
AquaticAnimal,m56.obj,5814,10893,triangle,"{""min"": [0.025, 0.025, 0.025], ""max"": [0.168956, 0.367452, 0.975]}"
AquaticAnimal,m57.obj,18878,36278,triangle,"{""min"": [0.025, 0.025, 0.025], ""max"": [0.143963, 0.389443, 0.975]}"
AquaticAnimal,m58.obj,477,950,triangle,"{""min"": [0.025, 0.025, 0.025], ""max"": [0.537049, 0.500211, 0.975]}"
AquaticAnimal,m59.obj,44,1680,triangle,"{""min"": [0.025, 0.025, 0.025], ""max"": [0.225, 0.225, 0.975]}"
AquaticAnimal,m60.obj,1606,3208,triangle,"{""min"": [0.025, 0.025, 0.025], ""max"": [0.348674, 0.407675, 0.975]}"
AquaticAnimal,m61.obj,216,337,triangle,"{""min"": [0.025, 0.025, 0.025], ""max"": [0.18743, 0.443396, 0.975]}"
AquaticAnimal,m62.obj,241,478,triangle,"{""min"": [0.025, 0.025, 0.025], ""max"": [0.131276, 0.749178, 0.975]}"
AquaticAnimal,m63.obj,1112,1792,triangle,"{""min"": [0.025, 0.025, 0.025], ""max"": [0.975, 0.724541, 0.777238]}"
AquaticAnimal,m64.obj,247,444,triangle,"{""min"": [0.025, 0.025, 0.025], ""max"": [0.975, 0.545087, 0.1789]}"
AquaticAnimal,m65.obj,1004,1930,triangle,"{""min"": [0.025, 0.025, 0.025], ""max"": [0.399816, 0.604595, 0.975]}"
AquaticAnimal,m66.obj,4117,8196,triangle,"{""min"": [0.025, 0.025, 0.025], ""max"": [0.445705, 0.547553, 0.975]}"
AquaticAnimal,m67.obj,14000,27996,triangle,"{""min"": [0.025, 0.025, 0.025], ""max"": [0.975, 0.2497, 0.388988]}"
AquaticAnimal,m68.obj,553,1098,triangle,"{""min"": [0.025, 0.025, 0.025], ""max"": [0.975, 0.278519, 0.18743]}"
AquaticAnimal,m69.obj,317,560,triangle,"{""min"": [0.025, 0.025, 0.025], ""max"": [0.357325, 0.264776, 0.975]}"
AquaticAnimal,m70.obj,320,560,triangle,"{""min"": [0.025, 0.025, 0.025], ""max"": [0.454415, 0.266076, 0.975]}"
AquaticAnimal,m71.obj,420,836,triangle,"{""min"": [0.025, 0.025, 0.025], ""max"": [0.32599, 0.371535, 0.975]}"
AquaticAnimal,m72.obj,331,590,triangle,"{""min"": [0.025, 0.025, 0.025], ""max"": [0.456203, 0.262828, 0.975]}"
AquaticAnimal,m73.obj,285,564,triangle,"{""min"": [0.025, 0.025, 0.025], ""max"": [0.975, 0.610865, 0.376181]}"
AquaticAnimal,m74.obj,162,336,triangle,"{""min"": [0.025, 0.025, 0.025], ""max"": [0.354455, 0.321596, 0.975]}"
AquaticAnimal,m75.obj,298,512,triangle,"{""min"": [0.025, 0.025, 0.025], ""max"": [0.538384, 0.299311, 0.975]}"
AquaticAnimal,m76.obj,1583,3164,triangle,"{""min"": [0.025, 0.025, 0.025], ""max"": [0.39593, 0.35314, 0.975]}"
AquaticAnimal,m77.obj,11578,23022,triangle,"{""min"": [0.025, 0.025, 0.025], ""max"": [0.975, 0.407994, 0.611203]}"
AquaticAnimal,m78.obj,468,734,triangle,"{""min"": [0.025, 0.025, 0.025], ""max"": [0.975, 0.51665, 0.428181]}"
AquaticAnimal,m79.obj,166,226,triangle,"{""min"": [0.025, 0.025, 0.025], ""max"": [0.975, 0.256171, 0.300958]}"
AquaticAnimal,m80.obj,1104,2104,triangle,"{""min"": [0.025, 0.025, 0.025], ""max"": [0.975, 0.308883, 0.416001]}"
AquaticAnimal,m81.obj,857,1673,triangle,"{""min"": [0.025, 0.025, 0.025], ""max"": [0.4145, 0.291, 0.975]}"
Bed,D00031.obj,1867,3590,triangle,"{""min"": [-0.669666, -0.708463, -0.267503], ""max"": [0.930426, 0.726534, 0.312193]}"
Bed,D00110.obj,1926,3644,triangle,"{""min"": [-0.8889, -0.718484, -0.220014], ""max"": [0.75223, 0.524562, 0.339705]}"
Bed,D00121.obj,15368,24612,triangle,"{""min"": [-0.912283, -0.599669, -0.482021], ""max"": [0.78579, 0.858504, 0.463209]}"
Bed,D00184.obj,7218,14204,triangle,"{""min"": [-0.937684, -0.891329, -0.466361], ""max"": [0.750002, 0.664602, 0.341943]}"
Bed,D00210.obj,22063,34247,triangle,"{""min"": [-0.667887, -0.532688, -0.412555], ""max"": [0.81694, 0.866731, 0.546372]}"
Bed,D00213.obj,2277,4536,triangle,"{""min"": [-0.955079, -0.365319, -0.375599], ""max"": [0.747501, 0.50444, 0.275625]}"
Bed,D00217.obj,3238,6272,triangle,"{""min"": [-0.842601, -0.54509, -0.3038], ""max"": [0.881592, 0.411619, 0.422549]}"
Bed,D00307.obj,2644,5259,triangle,"{""min"": [-0.820216, -0.833938, -0.213808], ""max"": [0.991699, 0.872106, 0.392634]}"
Bed,D00322.obj,9342,14796,triangle,"{""min"": [-0.94314, -0.415536, -0.520955], ""max"": [0.864001, 0.599245, 0.520602]}"
Bed,D00417.obj,12808,24736,triangle,"{""min"": [-0.799888, -0.509407, -0.374758], ""max"": [0.796046, 0.668083, 0.302302]}"
Bed,D00538.obj,7136,13868,triangle,"{""min"": [-0.838246, -0.479658, -0.325735], ""max"": [0.8386, 0.702627, 0.411787]}"
Bed,D00545.obj,415,838,triangle,"{""min"": [-0.832734, -0.47967, -0.39825], ""max"": [0.876784, 0.747412, 0.346334]}"
Bed,D00552.obj,6349,12251,triangle,"{""min"": [-1.05698, -0.719045, -0.464456], ""max"": [0.489625, 0.71651, 0.232915]}"
Bed,D00565.obj,826,1628,triangle,"{""min"": [-1.08588, -0.605613, -0.375019], ""max"": [0.602982, 0.718594, 0.180431]}"
Bed,D00650.obj,3752,7443,triangle,"{""min"": [-0.863733, -0.550605, -0.421559], ""max"": [0.833154, 0.377532, 0.282019]}"
Bed,D00735.obj,453,684,triangle,"{""min"": [-0.644923, -0.684425, -0.312594], ""max"": [1.11344, 0.73777, 0.476146]}"
Bed,D00836.obj,1563,3154,triangle,"{""min"": [-0.795864, -0.365307, -0.304602], ""max"": [0.919097, 0.512459, 0.597853]}"
Bed,D00839.obj,16364,32648,triangle,"{""min"": [-0.800648, -0.877287, -0.351917], ""max"": [0.864395, 0.569772, 0.290771]}"
Bed,D00969.obj,13151,23918,triangle,"{""min"": [-0.906979, -0.928304, -0.466867], ""max"": [0.798208, 0.569391, 0.379395]}"
Bed,D00988.obj,768,624,triangle,"{""min"": [-0.867888, -0.726326, -0.517681], ""max"": [0.815509, 0.426407, 0.208921]}"
Bed,m945.obj,8116,15659,triangle,"{""min"": [0.025, 0.025, 0.025], ""max"": [0.740004, 0.813378, 0.975]}"
Bed,m946.obj,449,644,triangle,"{""min"": [0.025, 0.025, 0.025], ""max"": [0.494149, 0.494147, 0.975]}"
Bed,m947.obj,441,584,triangle,"{""min"": [0.025, 0.025, 0.025], ""max"": [0.721994, 0.445454, 0.975]}"
Bed,m948.obj,4597,9038,triangle,"{""min"": [0.025, 0.025, 0.025], ""max"": [0.975, 0.893382, 0.961408]}"
Bed,m949.obj,706,1388,triangle,"{""min"": [0.025, 0.025, 0.025], ""max"": [0.956207, 0.975, 0.489954]}"
Bed,m950.obj,437,724,triangle,"{""min"": [0.025, 0.025, 0.025], ""max"": [0.769384, 0.889227, 0.975]}"
Bed,m951.obj,363,572,triangle,"{""min"": [0.025, 0.025, 0.025], ""max"": [0.797947, 0.536752, 0.975]}"
Bicycle,D00016.obj,2769,5049,triangle,"{""min"": [-0.914299, -0.44062, -0.209935], ""max"": [0.959955, 0.818183, 0.177847]}"
Bicycle,D00033.obj,2192,4448,triangle,"{""min"": [-1.0652, -0.389308, -0.281626], ""max"": [0.878724, 0.704617, 0.310015]}"
Bicycle,D00040.obj,25426,50650,triangle,"{""min"": [-0.94097, -0.458162, -0.31764], ""max"": [0.963824, 0.744808, 0.315601]}"
Bicycle,D00077.obj,16416,32265,triangle,"{""min"": [-0.846692, -0.658064, -0.363761], ""max"": [1.04491, 0.486785, 0.288974]}"
Bicycle,D00078.obj,22674,44740,triangle,"{""min"": [-1.01698, -0.596377, -0.365122], ""max"": [0.86983, 0.758111, 0.358418]}"
Bicycle,D00462.obj,56754,111471,triangle,"{""min"": [-0.981432, -0.593991, -0.276838], ""max"": [0.933426, 0.611169, 0.23777]}"
Bicycle,D00514.obj,6951,12939,triangle,"{""min"": [-1.00041, -0.554131, -0.218428], ""max"": [0.867701, 0.697751, 0.17829]}"
Bicycle,D00536.obj,30832,60488,triangle,"{""min"": [-0.885706, -0.552034, -0.459882], ""max"": [1.02261, 0.679221, 0.437129]}"
Bicycle,D00555.obj,34364,64544,triangle,"{""min"": [-0.953013, -0.49476, -0.333261], ""max"": [0.973589, 0.757895, 0.354566]}"
Bicycle,D00558.obj,19417,37661,triangle,"{""min"": [-1.01428, -0.539415, -0.283491], ""max"": [0.938784, 0.584583, 0.236967]}"
Bicycle,D00567.obj,436,916,triangle,"{""min"": [-0.923799, -0.503743, -0.288646], ""max"": [0.991099, 0.689679, 0.266948]}"
Bicycle,D00621.obj,2769,5049,triangle,"{""min"": [-0.914804, -0.720661, -0.212118], ""max"": [0.956869, 0.549773, 0.175426]}"
Bicycle,D00708.obj,22495,44110,triangle,"{""min"": [-0.993872, -0.56247, -0.307887], ""max"": [0.942018, 0.649391, 0.280766]}"
Bicycle,D00750.obj,3053,5484,triangle,"{""min"": [-0.811559, -0.818838, -0.167292], ""max"": [1.10338, 0.736372, 0.439656]}"
Bicycle,D00838.obj,23397,45925,triangle,"{""min"": [-0.942974, -0.638045, -0.298061], ""max"": [0.971944, 0.560247, 0.284249]}"
Bicycle,D00847.obj,22672,44707,triangle,"{""min"": [-0.932407, -0.589276, -0.361317], ""max"": [0.973915, 0.732026, 0.361906]}"
Bicycle,D00904.obj,5354,10548,triangle,"{""min"": [-0.959896, -0.599316, -0.196088], ""max"": [0.953013, 0.637406, 0.191298]}"
Bicycle,D00930.obj,29173,57224,triangle,"{""min"": [-0.738729, -0.51995, -0.3426], ""max"": [0.994006, 0.852751, 0.337158]}"
Bicycle,D00931.obj,32603,64230,triangle,"{""min"": [-0.920573, -0.400919, -0.432948], ""max"": [0.849829, 0.684049, 0.135958]}"
Bicycle,D00974.obj,6045,12065,triangle,"{""min"": [-0.843326, -0.583879, -0.210511], ""max"": [1.05063, 0.550897, 0.209059]}"
Bicycle,m1472.obj,524,846,triangle,"{""min"": [0.025, 0.025, 0.025], ""max"": [0.406458, 0.566816, 0.975]}"
Bicycle,m1473.obj,2192,4448,triangle,"{""min"": [0.025, 0.025, 0.025], ""max"": [0.975, 0.557643, 0.314071]}"
Bicycle,m1475.obj,6049,12065,triangle,"{""min"": [0.025, 0.025, 0.025], ""max"": [0.975, 0.513449, 0.232333]}"
Bicycle,m1476.obj,436,916,triangle,"{""min"": [0.025, 0.025, 0.025], ""max"": [0.299675, 0.574723, 0.975]}"
Bicycle,m1477.obj,22682,44727,triangle,"{""min"": [0.025, 0.025, 0.025], ""max"": [0.975, 0.616046, 0.376031]}"
Bicycle,m1478.obj,2769,5049,triangle,"{""min"": [0.025, 0.025, 0.025], ""max"": [0.975, 0.611666, 0.223576]}"
Biplane,D00069.obj,3242,6326,triangle,"{""min"": [-1.06342, -0.446842, -0.198847], ""max"": [0.905137, 0.553446, 0.199738]}"
Biplane,D00132.obj,287,348,triangle,"{""min"": [-0.948872, -0.416782, -0.129309], ""max"": [0.947322, 0.85261, 0.255501]}"
Biplane,D00178.obj,10942,8057,triangle,"{""min"": [-0.870457, -0.469202, -0.176893], ""max"": [0.487153, 0.592445, 0.125855]}"
Biplane,D00199.obj,2584,3764,triangle,"{""min"": [-1.01653, -0.38886, -0.234302], ""max"": [0.915606, 1.07596, 0.339116]}"
Biplane,D00246.obj,14082,9353,triangle,"{""min"": [-0.984595, -0.395955, -0.193048], ""max"": [0.998878, 0.632082, 0.139304]}"
Biplane,D00276.obj,567,916,triangle,"{""min"": [-1.08018, -0.864861, -0.468883], ""max"": [0.699036, 0.766394, 0.477538]}"
Biplane,D00277.obj,22427,41567,triangle,"{""min"": [-0.557817, -1.05515, -0.278621], ""max"": [0.804851, 0.813411, 0.268756]}"
Biplane,D00320.obj,9723,17476,triangle,"{""min"": [-0.990106, -0.75142, -0.152266], ""max"": [0.984606, 0.427939, 0.303238]}"
Biplane,D00373.obj,5941,12536,triangle,"{""min"": [-0.666583, -0.96762, -0.376918], ""max"": [0.863905, 0.930583, 0.245878]}"
Biplane,D00410.obj,2167,4254,triangle,"{""min"": [-1.1498, -0.571534, -0.231691], ""max"": [0.772427, 0.608046, 0.173266]}"
Biplane,D00490.obj,24998,46318,triangle,"{""min"": [-0.858495, -0.555024, -0.26707], ""max"": [0.970724, 0.710541, 0.214749]}"
Biplane,D00515.obj,5381,10522,triangle,"{""min"": [-0.890078, -0.889517, -0.31532], ""max"": [0.687934, 0.863811, 0.254273]}"
Biplane,D00601.obj,18086,36024,triangle,"{""min"": [-0.807461, -0.49454, -0.350623], ""max"": [0.820881, 0.784118, 0.447235]}"
Biplane,D00616.obj,20306,37102,triangle,"{""min"": [-1.03189, -0.595964, -0.192579], ""max"": [0.95107, 0.339843, 0.186078]}"
Biplane,D00632.obj,624,1024,triangle,"{""min"": [-0.845186, -0.93675, -0.236713], ""max"": [0.628879, 0.935701, 0.317531]}"
Biplane,D00634.obj,48973,77264,triangle,"{""min"": [-0.958046, -0.738138, -0.336325], ""max"": [0.976882, 0.796668, 0.259283]}"
Biplane,D00666.obj,469,794,triangle,"{""min"": [-1.22452, -0.946743, -0.266142], ""max"": [0.693364, 0.962328, 0.179309]}"
Biplane,D00854.obj,18966,37292,triangle,"{""min"": [-0.967073, -0.953196, -0.191033], ""max"": [0.454312, 0.980111, 0.354826]}"
Biplane,D00890.obj,45079,47490,triangle,"{""min"": [-0.889169, -0.837059, -0.259336], ""max"": [0.882175, 0.766087, 0.321112]}"
Biplane,D00900.obj,27750,49863,triangle,"{""min"": [-1.17911, -0.897227, -0.179258], ""max"": [0.805355, 0.482773, 0.275993]}"
Biplane,m1118.obj,10676,20408,triangle,"{""min"": [0.025, 0.025, 0.025], ""max"": [0.975, 0.231623, 0.526884]}"
Biplane,m1119.obj,863,1550,triangle,"{""min"": [0.025, 0.025, 0.025], ""max"": [0.975, 0.379325, 0.815271]}"
Biplane,m1120.obj,65722,129881,triangle,"{""min"": [0.025, 0.025, 0.025], ""max"": [0.975, 0.370037, 0.889139]}"
Biplane,m1121.obj,1062,1913,triangle,"{""min"": [0.025, 0.025, 0.025], ""max"": [0.792248, 0.975, 0.328749]}"
Biplane,m1122.obj,6704,11577,triangle,"{""min"": [0.025, 0.025, 0.025], ""max"": [0.93572, 0.975, 0.304519]}"
Biplane,m1123.obj,1015,1756,triangle,"{""min"": [0.025, 0.025, 0.025], ""max"": [0.697675, 0.975, 0.318427]}"
Biplane,m1124.obj,390,572,triangle,"{""min"": [0.025, 0.025, 0.025], ""max"": [0.633082, 0.975, 0.240746]}"
Biplane,m1125.obj,434,656,triangle,"{""min"": [0.025, 0.025, 0.025], ""max"": [0.799082, 0.975, 0.274375]}"
Biplane,m1126.obj,770,1316,triangle,"{""min"": [0.025, 0.025, 0.025], ""max"": [0.788134, 0.975, 0.236106]}"
Biplane,m1127.obj,354,520,triangle,"{""min"": [0.025, 0.025, 0.025], ""max"": [0.811053, 0.975, 0.219704]}"
Biplane,m1128.obj,718,1232,triangle,"{""min"": [0.025, 0.025, 0.025], ""max"": [0.975, 0.967087, 0.241951]}"
Biplane,m1129.obj,3351,6272,triangle,"{""min"": [0.025, 0.025, 0.025], ""max"": [0.975, 0.346551, 0.699508]}"
Biplane,m1131.obj,482,768,triangle,"{""min"": [0.025, 0.025, 0.025], ""max"": [0.705618, 0.975, 0.196732]}"
Biplane,m1132.obj,882,1428,triangle,"{""min"": [0.025, 0.025, 0.025], ""max"": [0.7227, 0.975, 0.209765]}"
Biplane,m1133.obj,624,1024,triangle,"{""min"": [0.025, 0.025, 0.025], ""max"": [0.769747, 0.975, 0.311217]}"
Biplane,m1134.obj,338,512,triangle,"{""min"": [0.025, 0.025, 0.025], ""max"": [0.542388, 0.975, 0.1732]}"
Biplane,m1135.obj,264,360,triangle,"{""min"": [0.025, 0.025, 0.025], ""max"": [0.545907, 0.975, 0.181047]}"
Biplane,m1136.obj,904,1628,triangle,"{""min"": [0.025, 0.025, 0.025], ""max"": [0.559108, 0.975, 0.233333]}"
Biplane,m1137.obj,408,524,triangle,"{""min"": [0.025, 0.025, 0.025], ""max"": [0.461983, 0.975, 0.199618]}"
Biplane,m1138.obj,2050,3586,triangle,"{""min"": [0.052495, 0.025, 0.025], ""max"": [0.975, 0.907034, 0.377887]}"
Biplane,m1139.obj,2920,4234,triangle,"{""min"": [0.025, 0.025, 0.025], ""max"": [0.647434, 0.975, 0.274384]}"
Biplane,m1141.obj,11819,23138,triangle,"{""min"": [0.025, 0.025, 0.025], ""max"": [0.975, 0.310844, 0.62003]}"
Biplane,m1143.obj,3336,6570,triangle,"{""min"": [0.025, 0.025, 0.025], ""max"": [0.504495, 0.975, 0.209713]}"
Biplane,m1144.obj,3627,6736,triangle,"{""min"": [0.025, 0.025, 0.025], ""max"": [0.975, 0.716901, 0.291304]}"
Biplane,m1146.obj,1700,3016,triangle,"{""min"": [0.025, 0.025, 0.025], ""max"": [0.88836, 0.32216, 0.975]}"
Bird,D00089.obj,233,462,triangle,"{""min"": [-1.16401, -0.562623, -0.314817], ""max"": [0.785119, 0.507858, 0.154772]}"
Bird,D00113.obj,15871,31702,triangle,"{""min"": [-0.989781, -0.565778, -0.557952], ""max"": [0.729676, 0.957181, 0.602622]}"
Bird,D00164.obj,8188,16135,triangle,"{""min"": [-0.692378, -0.498351, -0.400888], ""max"": [1.18953, 0.598524, 0.105716]}"
Bird,D00234.obj,1247,2468,triangle,"{""min"": [-0.928219, -0.966801, -0.185647], ""max"": [0.947521, 0.625768, 0.258145]}"
Bird,D00271.obj,12813,24753,triangle,"{""min"": [-1.17434, -0.67701, -0.192772], ""max"": [0.735516, 0.633247, 0.20922]}"
Bird,D00284.obj,13253,26516,triangle,"{""min"": [-1.17688, -0.422644, -0.266977], ""max"": [0.723095, 0.608828, 0.202101]}"
Bird,D00323.obj,260,364,triangle,"{""min"": [-0.777682, -0.188336, -0.049014], ""max"": [1.19869, 0.343315, 0.043661]}"
Bird,D00386.obj,1751,3498,triangle,"{""min"": [-1.057619, -0.286252, -0.132731], ""max"": [0.810894, 0.353767, 0.073903]}"
Bird,D00438.obj,1824,3709,triangle,"{""min"": [-1.18694, -0.545674, -0.194944], ""max"": [0.786275, 0.371307, 0.064915]}"
Bird,D00442.obj,9745,17119,triangle,"{""min"": [-0.874312, -0.617021, -0.37487], ""max"": [0.911395, 0.504857, 0.525607]}"
Bird,D00546.obj,1162,2012,triangle,"{""min"": [-1.23614, -0.288082, -0.248996], ""max"": [0.715362, 0.408477, 0.150496]}"
Bird,D00599.obj,1792,3626,triangle,"{""min"": [-1.20739, -0.452237, -0.05299], ""max"": [0.749861, 0.290011, 0.157614]}"
Bird,D00625.obj,1091,1398,triangle,"{""min"": [-0.757887, -0.803401, -0.705727], ""max"": [1.149855, 0.63741, 0.286246]}"
Bird,D00689.obj,2683,5388,triangle,"{""min"": [-1.17894, -0.377306, -0.199], ""max"": [0.767141, 0.24427, 0.340818]}"
Bird,D00736.obj,3947,7898,triangle,"{""min"": [-1.17942, -0.462894, -0.198137], ""max"": [0.798489, 0.49027, 0.084683]}"
Bird,D00762.obj,950,1896,triangle,"{""min"": [-1.0453, -0.723664, -0.387123], ""max"": [0.749594, 0.858881, 0.264739]}"
Bird,D00862.obj,757,1507,triangle,"{""min"": [-0.750402, -0.536856, -0.406756], ""max"": [1.22133, 0.40871, 0.099096]}"
Bird,D00922.obj,903,1794,triangle,"{""min"": [-0.724867, -0.536531, -0.391794], ""max"": [1.03105, 0.78013, 0.503437]}"
Bird,D00961.obj,1344,2734,triangle,"{""min"": [-1.190131, -0.684328, -0.061147], ""max"": [0.793, 0.444631, 0.192211]}"
Bird,D00999.obj,373,744,triangle,"{""min"": [-1.23089, -0.317419, -0.093164], ""max"": [0.765237, 0.37941, 0.178191]}"
Bird,m28.obj,6076,11660,triangle,"{""min"": [0.025, 0.025, 0.025], ""max"": [0.468681, 0.578224, 0.975]}"
Bird,m29.obj,2972,5878,triangle,"{""min"": [0.025, 0.025, 0.025], ""max"": [0.346738, 0.914682, 0.975]}"
Bird,m30.obj,390,800,triangle,"{""min"": [0.025, 0.025, 0.025], ""max"": [0.35945, 0.524749, 0.975]}"
Bird,m31.obj,1802,3548,triangle,"{""min"": [0.025, 0.025, 0.025], ""max"": [0.500847, 0.975, 0.514588]}"
Bird,m32.obj,1129,2246,triangle,"{""min"": [0.025, 0.025, 0.025], ""max"": [0.382772, 0.658333, 0.975]}"
Bird,m33.obj,3144,6164,triangle,"{""min"": [0.025, 0.025, 0.025], ""max"": [0.541498, 0.692456, 0.975]}"
Bird,m34.obj,233,462,triangle,"{""min"": [0.025, 0.025, 0.025], ""max"": [0.975, 0.257154, 0.544293]}"
Bird,m35.obj,699,1394,triangle,"{""min"": [0.025, 0.025, 0.025], ""max"": [0.792373, 0.63608, 0.975]}"
Bird,m36.obj,1289,2503,triangle,"{""min"": [0.025, 0.025, 0.025], ""max"": [0.944541, 0.808922, 0.975]}"
Bird,m37.obj,567,1130,triangle,"{""min"": [0.025, 0.025, 0.025], ""max"": [0.975, 0.437258, 0.746203]}"
Bird,m38.obj,464,928,triangle,"{""min"": [0.025, 0.025, 0.025], ""max"": [0.975, 0.260681, 0.292609]}"
Bird,m39.obj,649,1156,triangle,"{""min"": [0.025, 0.025, 0.025], ""max"": [0.883574, 0.975, 0.259557]}"
Bird,m40.obj,2684,5390,triangle,"{""min"": [0.025, 0.025, 0.025], ""max"": [0.975, 0.284845, 0.347879]}"
Bird,m41.obj,1824,3709,triangle,"{""min"": [0.025, 0.025, 0.025], ""max"": [0.975, 0.147249, 0.467716]}"
Bird,m42.obj,116,265,triangle,"{""min"": [0.025, 0.025, 0.025], ""max"": [0.975, 0.210109, 0.497043]}"
Bird,m43.obj,41,54,triangle,"{""min"": [0.025, 0.025, 0.025], ""max"": [0.927106, 0.606166, 0.975]}"
Bird,m44.obj,401,798,triangle,"{""min"": [0.025, 0.025, 0.025], ""max"": [0.975, 0.458833, 0.2663]}"
Bird,m45.obj,16542,33072,triangle,"{""min"": [0.025, 0.025, 0.025], ""max"": [0.975, 0.290348, 0.486435]}"
Bird,m47.obj,101,165,triangle,"{""min"": [0.025, 0.025, 0.025], ""max"": [0.695803, 0.148154, 0.975]}"
Bird,m48.obj,427,824,triangle,"{""min"": [0.025, 0.025, 0.025], ""max"": [0.488025, 0.456093, 0.975]}"
Bird,m49.obj,2329,4364,triangle,"{""min"": [0.025, 0.025, 0.025], ""max"": [0.975, 0.800992, 0.691101]}"
Bird,m50.obj,93,182,triangle,"{""min"": [0.025, 0.025, 0.025], ""max"": [0.406048, 0.564283, 0.975]}"
Bird,m51.obj,309,598,triangle,"{""min"": [0.025, 0.025, 0.025], ""max"": [0.975, 0.479684, 0.551688]}"
Bird,m52.obj,294,560,triangle,"{""min"": [0.025, 0.025, 0.025], ""max"": [0.975, 0.620667, 0.909953]}"
Bookset,D01009.obj,444,3156,triangle,"{""min"": [0.0, 0.0, 0.0], ""max"": [0.42, 0.26, 0.27]}"
Bookset,D01013.obj,320,816,triangle,"{""min"": [-0.050712, 0.207686, 0.0], ""max"": [0.215194, 0.665613, 0.2798]}"
Bookset,D01030.obj,208,1152,triangle,"{""min"": [0.0, 0.0, 0.0], ""max"": [0.421721, 0.306934, 0.347472]}"
Bookset,D01038.obj,2208,14844,triangle,"{""min"": [4.969709, 3.424974, 0.37465], ""max"": [5.194114, 4.391839, 0.73787]}"
Bookset,D01042.obj,668,2373,triangle,"{""min"": [-1.910849, 0.678389, -0.056548], ""max"": [-1.673169, 0.885973, 0.221452]}"
Bookset,D01050.obj,140,780,triangle,"{""min"": [0.0, 0.0, 0.0], ""max"": [0.275274, 0.28956, 0.318973]}"
Bookset,D01065.obj,360,918,triangle,"{""min"": [3.387116, 0.448335, -0.0004], ""max"": [3.888541, 0.714241, 0.2794]}"
Bookset,D01078.obj,1203,6861,triangle,"{""min"": [0.273999, 0.229734, 0.0], ""max"": [0.580868, 0.350384, 0.17145]}"
Bookset,D01096.obj,624,2544,triangle,"{""min"": [0.0, 0.0, 0.0], ""max"": [0.534848, 0.29726, 0.300496]}"
Bookset,D01108.obj,1628,9798,triangle,"{""min"": [0.172598, 0.055124, 1.616453], ""max"": [0.333604, 0.453997, 1.889558]}"
Bookset,D01109.obj,1203,6861,triangle,"{""min"": [0.0, 0.0, 0.0], ""max"": [0.21717, 0.306869, 0.269177]}"
Bookset,D01110.obj,166,936,triangle,"{""min"": [0.0, 0.0, 0.0], ""max"": [0.268736, 0.28956, 0.347472]}"
Bookset,D01122.obj,110,624,triangle,"{""min"": [0.0, -0.020638, 0.0], ""max"": [0.198004, 0.105497, 0.145403]}"
Bookset,D01135.obj,1645,10185,triangle,"{""min"": [-0.321083, -0.215404, -0.009347], ""max"": [10.181497, 4.381266, 5.036256]}"
Bookset,D01146.obj,2694,7149,triangle,"{""min"": [2.10781, 2.01541, 0.0], ""max"": [2.82142, 2.3333, 0.318973]}"
Bookset,D01182.obj,188,1020,triangle,"{""min"": [-0.108086, 0.013947, 0.0], ""max"": [0.072563, 0.246285, 0.24173]}"
Bookset,D01183.obj,891,3231,triangle,"{""min"": [1.038993, -0.216593, -8.1e-05], ""max"": [2.955486, 0.965678, 1.732709]}"
Bookset,D01184.obj,247,1557,triangle,"{""min"": [0.0, -0.0, 0.0], ""max"": [0.191003, 0.230709, 0.326618]}"
Bookset,D01190.obj,2417,14484,triangle,"{""min"": [-1.3e-05, -2.411233, 0.041233], ""max"": [0.164425, -1.676628, 0.316375]}"
Bookset,D01199.obj,240,1524,triangle,"{""min"": [0.0, 0.0, -0.233235], ""max"": [13.521808, 7.627565, 7.392814]}"
Bottle,D00020.obj,971,1710,triangle,"{""min"": [-0.790026, -0.214855, -0.229202], ""max"": [0.882518, 0.221754, 0.192811]}"
Bottle,D00123.obj,1067,2044,triangle,"{""min"": [-0.785998, -0.272641, -0.188644], ""max"": [0.781472, 0.122641, 0.175108]}"
Bottle,D00139.obj,2452,4860,triangle,"{""min"": [-0.918061, -0.211906, -0.194712], ""max"": [0.728216, 0.193114, 0.203996]}"
Bottle,D00166.obj,23142,45936,triangle,"{""min"": [-0.815243, -0.387408, -0.272684], ""max"": [0.919484, 0.446434, 0.283991]}"
Bottle,D00176.obj,7138,14272,triangle,"{""min"": [-0.718902, -0.22924, -0.268809], ""max"": [0.987358, 0.32021, 0.262583]}"
Bottle,D00208.obj,2000,3640,triangle,"{""min"": [-0.951203, -0.268748, -0.243702], ""max"": [0.75863, 0.267936, 0.250368]}"
Bottle,D00281.obj,1304,1764,triangle,"{""min"": [-0.803887, -0.328824, -0.284716], ""max"": [0.904402, 0.192929, 0.233906]}"
Bottle,D00311.obj,829,1448,triangle,"{""min"": [-0.831219, -0.338461, -0.336791], ""max"": [0.878387, 0.349036, 0.344165]}"
Bottle,D00347.obj,2426,4438,triangle,"{""min"": [-1.01519, -0.171, -0.213249], ""max"": [0.565986, 0.262845, 0.218416]}"
Bottle,D00350.obj,569,921,triangle,"{""min"": [-0.894669, -0.219912, -0.214901], ""max"": [0.867081, 0.226588, 0.262761]}"
Bottle,D00390.obj,1499,2742,triangle,"{""min"": [-0.598016, -0.500791, -0.411989], ""max"": [0.998903, 0.328432, 0.406055]}"
Bottle,D00451.obj,11448,18236,triangle,"{""min"": [-0.608839, -0.461541, -0.356345], ""max"": [0.952938, 0.284476, 0.333426]}"
Bottle,D00679.obj,12640,23052,triangle,"{""min"": [-0.906925, -0.229951, -0.271177], ""max"": [0.809482, 0.305606, 0.25847]}"
Bottle,D00696.obj,13754,25850,triangle,"{""min"": [-1.0443, -0.155084, -0.20046], ""max"": [0.652995, 0.302059, 0.209835]}"
Bottle,D00711.obj,192,336,triangle,"{""min"": [-0.859195, -0.381496, -0.401455], ""max"": [1.04485, 0.461388, 0.427899]}"
Bottle,D00716.obj,446,856,triangle,"{""min"": [-0.881118, -0.445327, -0.163849], ""max"": [0.954585, 0.519924, 0.155909]}"
Bottle,D00726.obj,10163,18390,triangle,"{""min"": [-1.36136, -0.332344, -0.318716], ""max"": [0.600657, 0.276589, 0.290957]}"
Bottle,D00892.obj,2474,4940,triangle,"{""min"": [-0.674448, -0.151915, -0.214476], ""max"": [1.01623, 0.287525, 0.213408]}"
Bottle,D00940.obj,737,1242,triangle,"{""min"": [-1.07424, -0.303107, -0.398902], ""max"": [0.731591, 0.475795, 0.372505]}"
Bottle,D00959.obj,479,892,triangle,"{""min"": [-0.808843, -0.275198, -0.198302], ""max"": [0.69574, 0.10899, 0.186067]}"
Bottle,m482.obj,542,950,triangle,"{""min"": [0.025, 0.025, 0.025], ""max"": [0.289643, 0.975, 0.292987]}"
Bottle,m483.obj,371,620,triangle,"{""min"": [0.025, 0.025, 0.025], ""max"": [0.261391, 0.975, 0.261391]}"
Bottle,m484.obj,460,888,triangle,"{""min"": [0.025, 0.025, 0.025], ""max"": [0.288882, 0.975, 0.28906]}"
Bottle,m485.obj,526,936,triangle,"{""min"": [0.025, 0.025, 0.025], ""max"": [0.289643, 0.975, 0.289643]}"
Bottle,m486.obj,2101,3894,triangle,"{""min"": [0.025, 0.025, 0.025], ""max"": [0.301499, 0.975, 0.302639]}"
Bottle,m487.obj,133,290,triangle,"{""min"": [0.025, 0.025, 0.025], ""max"": [0.313404, 0.975, 0.313404]}"
Bottle,m488.obj,144,284,triangle,"{""min"": [0.025, 0.025, 0.025], ""max"": [0.975, 0.375332, 0.375214]}"
Bottle,m489.obj,558,1055,triangle,"{""min"": [0.025, 0.025, 0.025], ""max"": [0.343244, 0.975, 0.328845]}"
Bottle,m490.obj,574,1075,triangle,"{""min"": [0.025, 0.025, 0.025], ""max"": [0.363345, 0.975, 0.363345]}"
Bottle,m491.obj,544,997,triangle,"{""min"": [0.025, 0.025, 0.025], ""max"": [0.549945, 0.975, 0.465025]}"
Bottle,m492.obj,360,724,triangle,"{""min"": [0.025, 0.025, 0.025], ""max"": [0.295008, 0.295005, 0.975]}"
BuildingNonResidential,m382.obj,252,400,triangle,"{""min"": [0.025, 0.025, 0.025], ""max"": [0.944817, 0.670641, 0.975]}"
BuildingNonResidential,m383.obj,2328,4460,triangle,"{""min"": [0.025, 0.025, 0.025], ""max"": [0.63328, 0.975, 0.588135]}"
BuildingNonResidential,m384.obj,2984,4686,triangle,"{""min"": [0.025, 0.025, 0.025], ""max"": [0.975, 0.289902, 0.871086]}"
BuildingNonResidential,m385.obj,674,918,triangle,"{""min"": [0.025, 0.025, 0.025], ""max"": [0.899, 0.975, 0.626562]}"
BuildingNonResidential,m386.obj,532,1008,triangle,"{""min"": [0.025, 0.025, 0.025], ""max"": [0.950794, 0.975, 0.940744]}"
BuildingNonResidential,m387.obj,844,1668,triangle,"{""min"": [0.025, 0.025, 0.025], ""max"": [0.975, 0.422906, 0.920334]}"
BuildingNonResidential,m389.obj,2509,5100,triangle,"{""min"": [0.025, 0.025, 0.025], ""max"": [0.74158, 0.975, 0.650205]}"
BuildingNonResidential,m390.obj,40,45,triangle,"{""min"": [0.025, 0.032235, 0.025], ""max"": [0.846817, 0.752337, 0.952219]}"
BuildingNonResidential,m391.obj,246,274,triangle,"{""min"": [0.025, 0.025, 0.025], ""max"": [0.608136, 0.804944, 0.975]}"
BuildingNonResidential,m392.obj,33,80,triangle,"{""min"": [0.025, 0.025, 0.025], ""max"": [0.816667, 0.975, 0.341667]}"
BuildingNonResidential,m393.obj,241,326,triangle,"{""min"": [0.025, 0.025, 0.025], ""max"": [0.975, 0.635937, 0.847742]}"
BuildingNonResidential,m394.obj,750,1246,triangle,"{""min"": [0.025, 0.025, 0.025], ""max"": [0.898423, 0.975, 0.898642]}"
BuildingNonResidential,m395.obj,630,696,triangle,"{""min"": [0.025, 0.025, 0.025], ""max"": [0.928504, 0.973995, 0.975]}"
BuildingNonResidential,m396.obj,445,470,triangle,"{""min"": [0.025, 0.025, 0.025], ""max"": [0.949627, 0.975, 0.825751]}"
BuildingNonResidential,m397.obj,1362,2680,triangle,"{""min"": [0.025, 0.025, 0.025], ""max"": [0.975, 0.927504, 0.974999]}"
BuildingNonResidential,m398.obj,498,936,triangle,"{""min"": [0.025, 0.025, 0.025], ""max"": [0.870248, 0.642704, 0.975]}"
BuildingNonResidential,m399.obj,7530,13536,triangle,"{""min"": [0.025, 0.025, 0.025], ""max"": [0.975, 0.607391, 0.971631]}"
BuildingNonResidential,m400.obj,488,840,triangle,"{""min"": [0.025, 0.025, 0.025], ""max"": [0.778448, 0.788603, 0.975]}"
BuildingNonResidential,m401.obj,6936,13373,triangle,"{""min"": [0.025, 0.025, 0.025], ""max"": [0.975, 0.20617, 0.975]}"
BuildingNonResidential,m402.obj,21288,41661,triangle,"{""min"": [0.025, 0.025, 0.025], ""max"": [0.65003, 0.975, 0.665527]}"
BuildingNonResidential,m404.obj,1054,2752,triangle,"{""min"": [0.025, 0.025, 0.025], ""max"": [0.975, 0.427949, 0.745506]}"
BuildingNonResidential,m405.obj,21009,41835,triangle,"{""min"": [0.025, 0.025, 0.025], ""max"": [0.975, 0.869668, 0.944047]}"
BuildingNonResidential,m406.obj,7328,13892,triangle,"{""min"": [0.025, 0.025, 0.025], ""max"": [0.703779, 0.975, 0.678502]}"
BuildingNonResidential,m407.obj,229,404,triangle,"{""min"": [0.025, 0.025, 0.025], ""max"": [0.799381, 0.975, 0.756027]}"
BuildingNonResidential,m408.obj,1252,2372,triangle,"{""min"": [0.025, 0.025, 0.025], ""max"": [0.644812, 0.592935, 0.975]}"
BuildingNonResidential,m409.obj,1509,1988,triangle,"{""min"": [0.025, 0.025, 0.025], ""max"": [0.975, 0.221457, 0.708173]}"
BuildingNonResidential,m410.obj,1217,2076,triangle,"{""min"": [0.025, 0.025, 0.025], ""max"": [0.975, 0.441981, 0.945721]}"
BuildingNonResidential,m412.obj,1990,2820,triangle,"{""min"": [0.025, 0.025, 0.025], ""max"": [0.975, 0.12811, 0.511585]}"
BuildingNonResidential,m413.obj,3749,7282,triangle,"{""min"": [0.025, 0.025, 0.025], ""max"": [0.975, 0.880604, 0.882794]}"
BuildingNonResidential,m414.obj,1056,1944,triangle,"{""min"": [0.025, 0.025, 0.025], ""max"": [0.975, 0.724105, 0.975]}"
BuildingNonResidential,m415.obj,508,956,triangle,"{""min"": [0.025, 0.025, 0.025], ""max"": [0.695588, 0.460882, 0.975]}"
BuildingNonResidential,m416.obj,7056,13542,triangle,"{""min"": [0.025, 0.025, 0.025], ""max"": [0.515574, 0.412632, 0.975]}"
BuildingNonResidential,m418.obj,1576,2836,triangle,"{""min"": [0.025, 0.025, 0.025], ""max"": [0.713878, 0.643535, 0.975]}"
BuildingNonResidential,m420.obj,7226,12960,triangle,"{""min"": [0.025, 0.025, 0.025], ""max"": [0.66475, 0.403287, 0.975]}"
BuildingNonResidential,m421.obj,6853,11000,triangle,"{""min"": [0.025, 0.025, 0.025], ""max"": [0.587413, 0.32854, 0.975]}"
BuildingNonResidential,m470.obj,14464,28562,triangle,"{""min"": [0.025, 0.025, 0.025], ""max"": [0.191721, 0.659424, 0.975]}"
BuildingNonResidential,m471.obj,118,248,triangle,"{""min"": [0.025, 0.025, 0.025], ""max"": [0.253, 0.975, 0.241728]}"
BuildingNonResidential,m472.obj,358,704,triangle,"{""min"": [0.025, 0.025, 0.025], ""max"": [0.479545, 0.975, 0.479545]}"
BuildingNonResidential,m474.obj,1361,2670,triangle,"{""min"": [0.025, 0.025, 0.025], ""max"": [0.968491, 0.829063, 0.975]}"
BuildingNonResidential,m475.obj,112,178,triangle,"{""min"": [0.025, 0.025, 0.025], ""max"": [0.975, 0.531667, 0.975]}"
BuildingNonResidential,m477.obj,1047,1708,triangle,"{""min"": [0.025, 0.025, 0.025], ""max"": [0.975, 0.305965, 0.405]}"
BuildingNonResidential,m478.obj,1750,2980,triangle,"{""min"": [0.025, 0.025, 0.025], ""max"": [0.975, 0.167204, 0.850572]}"
BuildingNonResidential,m479.obj,648,1056,triangle,"{""min"": [0.025, 0.025, 0.025], ""max"": [0.975, 0.298318, 0.51947]}"
BuildingNonResidential,m481.obj,473,760,triangle,"{""min"": [0.025, 0.025, 0.025], ""max"": [0.975, 0.215, 0.975]}"
Bus,D00084.obj,12919,75870,triangle,"{""min"": [-1.27166, -10.3559, -0.038539], ""max"": [4.24847, 14.7305, 6.70683]}"
Bus,D00114.obj,7643,53259,triangle,"{""min"": [-2.40609e-05, 0.0299705, 0.0], ""max"": [6.85437, 2.27924, 3.89766]}"
Bus,D00151.obj,9415,54282,triangle,"{""min"": [2.48649, 0.191326, 0.00763302], ""max"": [5.83221, 13.4614, 4.19794]}"
Bus,D00179.obj,5976,42567,triangle,"{""min"": [0.171614, 0.44237, 0.0], ""max"": [3.75681, 14.485, 4.0961]}"
Bus,D00182.obj,13436,86502,triangle,"{""min"": [-5.6355, -6.26706, 0.039127], ""max"": [36.5496, 1.52923, 10.3619]}"
Bus,D00264.obj,11096,67185,triangle,"{""min"": [-0.641156, -14.5646, -0.363642], ""max"": [2.90488, -2.19661, 3.2131]}"
Bus,D00411.obj,4964,34821,triangle,"{""min"": [0.0256566, -0.632451, 0.0], ""max"": [16.9157, 5.09987, 4.43126]}"
Bus,D00436.obj,4587,29118,triangle,"{""min"": [4.57472, -9.82679, 0.0347497], ""max"": [8.62012, 2.67641, 3.89259]}"
Bus,D00446.obj,4915,28227,triangle,"{""min"": [-7.22028, -2.76502, -0.494284], ""max"": [7.78, 0.26406, 4.27056]}"
Bus,D00448.obj,7367,42369,triangle,"{""min"": [2.53263, 2.13731, -0.465848], ""max"": [8.8068, 4.29352, 2.12651]}"
Bus,D00483.obj,6097,25650,triangle,"{""min"": [-264.916, -114.81, -0.079234], ""max"": [32.4819, 580.567, 286.368]}"
Bus,D00516.obj,4096,24888,triangle,"{""min"": [-9.10837, 2.988008, 0.013357], ""max"": [0.470615, 5.816505, 2.94406]}"
Bus,D00677.obj,11974,65712,triangle,"{""min"": [-0.023403, -1.09583, -0.0107424], ""max"": [5.39852, 1.09583, 2.4654]}"
Bus,D00754.obj,8866,59982,triangle,"{""min"": [0.0, 0.0, 0.0], ""max"": [2.80429, 14.1246, 4.22799]}"
Bus,D00769.obj,8963,56925,triangle,"{""min"": [0.0, 0.0, 0.0], ""max"": [2.6, 12.828, 4.69562]}"
Bus,D00775.obj,9510,65670,triangle,"{""min"": [-0.150412, -0.255398, -0.159065], ""max"": [10.5, 2.61075, 4.0]}"
Bus,D00815.obj,7075,40023,triangle,"{""min"": [-6.017871, -1.359204, -1.900115], ""max"": [6.017871, 1.359204, 1.900115]}"
Bus,D00823.obj,7367,45333,triangle,"{""min"": [3.06768, 0.0, -0.064998], ""max"": [6.76214, 12.3689, 3.37945]}"
Bus,D00832.obj,3155,18774,triangle,"{""min"": [0.374132, 0.490072, 0.0], ""max"": [3.522974, 6.95378, 2.708755]}"
Bus,D00857.obj,5223,28053,triangle,"{""min"": [-2.85392, -2.57347, 0.011314], ""max"": [7.80611, 0.3048, 3.3021]}"
Car,D00168.obj,4999,8157,triangle,"{""min"": [-1.07568, -0.297973, -0.326069], ""max"": [0.817578, 0.423048, 0.317056]}"
Car,D00236.obj,26709,45234,triangle,"{""min"": [-1.07968, -0.412317, -0.443219], ""max"": [0.807784, 0.483085, 0.530837]}"
Car,D00260.obj,38335,57440,triangle,"{""min"": [-1.02687, -0.424302, -0.541783], ""max"": [0.904537, 0.625567, 0.405202]}"
Car,D00265.obj,4960,9157,triangle,"{""min"": [-1.08126, -0.407091, -0.32611], ""max"": [0.860791, 0.369185, 0.261426]}"
Car,D00299.obj,23527,45452,triangle,"{""min"": [-0.853657, -0.457605, -0.401928], ""max"": [0.775096, 0.648322, 0.513055]}"
Car,D00377.obj,8260,16515,triangle,"{""min"": [-0.780183, -0.462143, -0.260185], ""max"": [0.917149, 0.384177, 0.217424]}"
Car,D00405.obj,62279,24552,triangle,"{""min"": [-0.795816, -0.407894, -0.354688], ""max"": [1.02773, 0.501882, 0.503341]}"
Car,D00452.obj,25495,47667,triangle,"{""min"": [-1.01145, -0.406955, -0.378776], ""max"": [0.744895, 0.562323, 0.43]}"
Car,D00504.obj,5153,9168,triangle,"{""min"": [-1.03804, -0.439167, -0.215415], ""max"": [0.821696, 0.608145, 0.360576]}"
Car,D00541.obj,2956,4770,triangle,"{""min"": [-1.09073, -0.381739, -0.482262], ""max"": [0.789453, 0.499111, 0.397676]}"
Car,D00618.obj,3506,5877,triangle,"{""min"": [-1.10077, -0.397933, -0.224476], ""max"": [0.832571, 0.426797, 0.297102]}"
Car,D00670.obj,4978,6755,triangle,"{""min"": [-0.988723, -0.435632, -0.303878], ""max"": [0.953373, 0.289791, 0.259793]}"
Car,D00671.obj,29817,37380,triangle,"{""min"": [-1.04708, -0.360937, -0.349946], ""max"": [0.84565, 0.351184, 0.283784]}"
Car,D00724.obj,17676,29905,triangle,"{""min"": [-1.04014, -0.550198, -0.441431], ""max"": [0.817799, 0.38944, 0.381314]}"
Car,D00767.obj,13728,20980,triangle,"{""min"": [-1.09774, -0.482563, -0.356135], ""max"": [0.829673, 0.364336, 0.381147]}"
Car,D00785.obj,7248,11230,triangle,"{""min"": [-0.938098, -0.314561, -0.386625], ""max"": [0.906859, 0.494684, 0.357896]}"
Car,D00793.obj,5322,9907,triangle,"{""min"": [-0.975232, -0.366168, -0.221939], ""max"": [0.961661, 0.493747, 0.391463]}"
Car,D00803.obj,25807,50126,triangle,"{""min"": [-0.902505, -0.278279, -0.227012], ""max"": [1.01378, 0.400048, 0.224402]}"
Car,D00865.obj,15085,24340,triangle,"{""min"": [-0.934109, -0.297028, -0.429678], ""max"": [0.952445, 0.435453, 0.309649]}"
Car,D00976.obj,18122,32782,triangle,"{""min"": [-0.911992, -0.571276, -0.287021], ""max"": [0.866992, 0.40291, 0.415608]}"
Car,m1485.obj,6148,12263,triangle,"{""min"": [0.025, 0.025, 0.025], ""max"": [0.422203, 0.460334, 0.975]}"
Car,m1486.obj,5911,11230,triangle,"{""min"": [0.025, 0.025, 0.025], ""max"": [0.442566, 0.396692, 0.975]}"
Car,m1487.obj,7454,15436,triangle,"{""min"": [0.025, 0.025, 0.025], ""max"": [0.479235, 0.398424, 0.975]}"
Car,m1488.obj,4952,9223,triangle,"{""min"": [0.025, 0.025, 0.025], ""max"": [0.568805, 0.50681, 0.975]}"
Car,m1489.obj,1684,3352,triangle,"{""min"": [0.025, 0.025, 0.025], ""max"": [0.505159, 0.495657, 0.975]}"
Car,m1490.obj,2868,5566,triangle,"{""min"": [0.025, 0.025, 0.025], ""max"": [0.975, 0.516427, 0.427501]}"
Car,m1492.obj,5914,10880,triangle,"{""min"": [0.025, 0.025, 0.025], ""max"": [0.499502, 0.59359, 0.975]}"
Car,m1495.obj,6870,13402,triangle,"{""min"": [0.025, 0.025, 0.025], ""max"": [0.975, 0.451866, 0.35359]}"
Car,m1496.obj,8404,16736,triangle,"{""min"": [0.025, 0.025, 0.025], ""max"": [0.374098, 0.356087, 0.975]}"
Car,m1497.obj,3655,7234,triangle,"{""min"": [0.025, 0.025, 0.025], ""max"": [0.975, 0.327574, 0.342892]}"
Car,m1498.obj,5514,10496,triangle,"{""min"": [0.025, 0.025, 0.025], ""max"": [0.375032, 0.296635, 0.975]}"
Car,m1499.obj,15465,31807,triangle,"{""min"": [0.025, 0.025, 0.025], ""max"": [0.975, 0.382137, 0.521646]}"
Car,m1500.obj,1644,3260,triangle,"{""min"": [0.025, 0.025, 0.025], ""max"": [0.427681, 0.380906, 0.975]}"
Car,m1502.obj,4970,7120,triangle,"{""min"": [0.025, 0.025, 0.025], ""max"": [0.975, 0.206406, 0.504835]}"
Car,m1503.obj,24786,50685,triangle,"{""min"": [0.025, 0.025, 0.025], ""max"": [0.975, 0.216294, 0.201974]}"
Car,m1504.obj,1621,3269,triangle,"{""min"": [0.025, 0.025, 0.025], ""max"": [0.450467, 0.212706, 0.975]}"
Car,m1505.obj,10969,21007,triangle,"{""min"": [0.025, 0.025, 0.025], ""max"": [0.391308, 0.210469, 0.975]}"
Car,m1506.obj,4284,7879,triangle,"{""min"": [0.025, 0.025, 0.025], ""max"": [0.562902, 0.975, 0.277236]}"
Car,m1507.obj,6514,12769,triangle,"{""min"": [0.025, 0.025, 0.025], ""max"": [0.437739, 0.213081, 0.975]}"
Car,m1508.obj,4336,10492,triangle,"{""min"": [0.025, 0.025, 0.025], ""max"": [0.975, 0.212635, 0.419927]}"
Car,m1509.obj,47558,95017,triangle,"{""min"": [0.025, 0.025, 0.025], ""max"": [0.552566, 0.386434, 0.975]}"
Car,m1510.obj,54710,109357,triangle,"{""min"": [0.025, 0.025, 0.025], ""max"": [0.488036, 0.245331, 0.975]}"
Car,m1511.obj,10828,20577,triangle,"{""min"": [0.025, 0.025, 0.025], ""max"": [0.58091, 0.250914, 0.975]}"
Car,m1512.obj,6816,11468,triangle,"{""min"": [0.025, 0.025, 0.086121], ""max"": [0.975, 0.37961, 0.308885]}"
Car,m1513.obj,13106,20844,triangle,"{""min"": [0.065542, 0.025, 0.025], ""max"": [0.975, 0.420125, 0.288298]}"
Car,m1514.obj,18662,36856,triangle,"{""min"": [0.025, 0.025, 0.025], ""max"": [0.457041, 0.260765, 0.975]}"
Car,m1515.obj,250,391,triangle,"{""min"": [0.025, 0.025, 0.025], ""max"": [0.496361, 0.238391, 0.975]}"
Car,m1516.obj,12279,24863,triangle,"{""min"": [0.025, 0.025, 0.025], ""max"": [0.422411, 0.975, 0.288768]}"
Car,m1517.obj,3956,7448,triangle,"{""min"": [0.025, 0.025, 0.025], ""max"": [0.438897, 0.324205, 0.975]}"
Car,m1518.obj,7486,14482,triangle,"{""min"": [0.025, 0.025, 0.025], ""max"": [0.406739, 0.316635, 0.975]}"
Car,m1519.obj,4275,7958,triangle,"{""min"": [0.025, 0.025, 0.025], ""max"": [0.377113, 0.272796, 0.975]}"
Car,m1521.obj,308,580,triangle,"{""min"": [0.025, 0.025, 0.025], ""max"": [0.412061, 0.269465, 0.975]}"
Car,m1522.obj,2676,4713,triangle,"{""min"": [0.025, 0.025, 0.025], ""max"": [0.408249, 0.285988, 0.975]}"
Car,m1523.obj,1830,3640,triangle,"{""min"": [0.025, 0.025, 0.025], ""max"": [0.975, 0.354228, 0.42955]}"
Car,m1524.obj,1517,3014,triangle,"{""min"": [0.025, 0.025, 0.025], ""max"": [0.426636, 0.338181, 0.975]}"
Car,m1525.obj,10545,21450,triangle,"{""min"": [0.025, 0.025, 0.025], ""max"": [0.450612, 0.975, 0.355389]}"
Car,m1526.obj,320,560,triangle,"{""min"": [0.025, 0.025, 0.025], ""max"": [0.43005, 0.286878, 0.975]}"
Car,m1527.obj,7315,14450,triangle,"{""min"": [0.025, 0.025, 0.025], ""max"": [0.975, 0.333125, 0.90681]}"
Car,m1528.obj,18656,37254,triangle,"{""min"": [0.025, 0.025, 0.025], ""max"": [0.374326, 0.280749, 0.975]}"
Car,m1529.obj,4168,7412,triangle,"{""min"": [0.025, 0.025, 0.025], ""max"": [0.428029, 0.332668, 0.975]}"
Car,m1530.obj,1268,2286,triangle,"{""min"": [0.025, 0.025, 0.025], ""max"": [0.975, 0.299075, 0.3993]}"
Car,m1531.obj,2170,4060,triangle,"{""min"": [0.025, 0.025, 0.025], ""max"": [0.975, 0.323536, 0.377685]}"
Car,m1532.obj,132,134,triangle,"{""min"": [0.025, 0.025, 0.025], ""max"": [0.452245, 0.396482, 0.975]}"
Car,m1533.obj,7374,14462,triangle,"{""min"": [0.025, 0.025, 0.025], ""max"": [0.384654, 0.287474, 0.975]}"
Car,m1535.obj,15178,29304,triangle,"{""min"": [0.025, 0.025, 0.025], ""max"": [0.373905, 0.290989, 0.975]}"
Car,m1536.obj,1503,3653,triangle,"{""min"": [0.025, 0.025, 0.025], ""max"": [0.629503, 0.975, 0.500356]}"
Car,m1538.obj,1830,3640,triangle,"{""min"": [0.025, 0.025, 0.025], ""max"": [0.975, 0.275461, 0.417512]}"
Car,m1539.obj,8254,16515,triangle,"{""min"": [0.025, 0.025, 0.025], ""max"": [0.47597, 0.281105, 0.975]}"
Car,m1540.obj,8492,16860,triangle,"{""min"": [0.025, 0.025, 0.025], ""max"": [0.975, 0.264994, 0.420549]}"
Car,m1542.obj,4384,7414,triangle,"{""min"": [0.025, 0.025, 0.025], ""max"": [0.475133, 0.345513, 0.975]}"
Car,m1543.obj,386,548,triangle,"{""min"": [0.025, 0.025, 0.025], ""max"": [0.975, 0.28357, 0.457384]}"
Car,m1544.obj,60326,116378,triangle,"{""min"": [0.025, 0.025, 0.025], ""max"": [0.479827, 0.252097, 0.975]}"
Car,m1545.obj,8278,14914,triangle,"{""min"": [0.025, 0.025, 0.025], ""max"": [0.975, 0.27926, 0.451815]}"
Car,m1546.obj,9068,15012,triangle,"{""min"": [0.025, 0.025, 0.035239], ""max"": [0.975, 0.574048, 0.287257]}"
Car,m1547.obj,249,440,triangle,"{""min"": [0.025, 0.025, 0.025], ""max"": [0.975, 0.266356, 0.57119]}"
Car,m1548.obj,8278,14914,triangle,"{""min"": [0.025, 0.025, 0.025], ""max"": [0.975, 0.27926, 0.451815]}"
Car,m1550.obj,9369,17526,triangle,"{""min"": [0.025, 0.025, 0.025], ""max"": [0.454282, 0.268448, 0.975]}"
Car,m1551.obj,18528,35465,triangle,"{""min"": [0.025, 0.025, 0.025], ""max"": [0.975, 0.267007, 0.44911]}"
Car,m1552.obj,5247,10474,triangle,"{""min"": [0.025, 0.025, 0.025], ""max"": [0.975, 0.323204, 0.418813]}"
Car,m1553.obj,1239,1915,triangle,"{""min"": [0.025, 0.025, 0.025], ""max"": [0.975, 0.301501, 0.472796]}"
Car,m1555.obj,16607,30255,triangle,"{""min"": [0.025, 0.025, 0.025], ""max"": [0.975, 0.419218, 0.322279]}"
Car,m1556.obj,35131,119540,triangle,"{""min"": [0.025, 0.025, 0.025], ""max"": [0.975, 0.333696, 0.365631]}"
Car,m1557.obj,8489,16656,triangle,"{""min"": [0.025, 0.025, 0.025], ""max"": [0.975, 0.380186, 0.411033]}"
Car,m1558.obj,6943,11791,triangle,"{""min"": [0.025, 0.025, 0.025], ""max"": [0.347265, 0.307098, 0.975]}"
Car,m1559.obj,15606,30000,triangle,"{""min"": [0.025, 0.025, 0.025], ""max"": [0.416123, 0.541627, 0.975]}"
Car,m1560.obj,21686,43584,triangle,"{""min"": [0.025, 0.025, 0.025], ""max"": [0.975, 0.630625, 0.671904]}"
Car,m1561.obj,332,558,triangle,"{""min"": [0.025, 0.025, 0.025], ""max"": [0.523565, 0.500844, 0.975]}"
Car,m1562.obj,12016,21840,triangle,"{""min"": [0.025, 0.025, 0.025], ""max"": [0.975, 0.661064, 0.654089]}"
Car,m1563.obj,616,1110,triangle,"{""min"": [0.025, 0.025, 0.025], ""max"": [0.698706, 0.503489, 0.975]}"
Cellphone,D00018.obj,14103,26960,triangle,"{""min"": [-1.217518, -0.450646, -0.265966], ""max"": [0.64781, 0.305057, 0.253022]}"
Cellphone,D00032.obj,3500,2481,triangle,"{""min"": [-0.617663, -0.443575, -0.106936], ""max"": [1.00284, 0.322637, 0.179809]}"
Cellphone,D00079.obj,20212,36972,triangle,"{""min"": [-0.936548, -0.405795, -0.334059], ""max"": [1.0206, 0.370964, 0.10297]}"
Cellphone,D00152.obj,44041,74103,triangle,"{""min"": [-1.01286, -0.485417, -0.089604], ""max"": [0.927637, 0.417629, 0.157031]}"
Cellphone,D00192.obj,1230,2380,triangle,"{""min"": [-0.99916, -0.306454, -0.123066], ""max"": [0.75987, 0.485364, 0.156643]}"
Cellphone,D00248.obj,5754,11460,triangle,"{""min"": [-0.799361, -0.383672, -0.147152], ""max"": [0.781581, 0.335576, 0.086838]}"
Cellphone,D00312.obj,1012,644,triangle,"{""min"": [-0.161981, -0.93762, -0.011327], ""max"": [0.342809, 0.068043, 0.028113]}"
Cellphone,D00327.obj,6318,11987,triangle,"{""min"": [-1.13499, -0.385219, -0.166778], ""max"": [0.806077, 0.433581, 0.265698]}"
Cellphone,D00362.obj,29805,53829,triangle,"{""min"": [-0.845254, -0.41098, -0.080081], ""max"": [1.01566, 0.589063, 0.149123]}"
Cellphone,D00369.obj,926,1735,triangle,"{""min"": [-0.634126, -0.201378, -0.128572], ""max"": [1.03005, 0.297345, 0.209013]}"
Cellphone,D00440.obj,763,1422,triangle,"{""min"": [-0.544542, -0.168497, -0.113165], ""max"": [0.993595, 0.257078, 0.124731]}"
Cellphone,D00527.obj,8796,16102,triangle,"{""min"": [-0.894174, -0.487487, -0.275139], ""max"": [1.01316, 0.40069, 0.115174]}"
Cellphone,D00542.obj,16185,59840,triangle,"{""min"": [-0.994816, -0.278201, -0.060837], ""max"": [0.494167, 0.267312, 0.196652]}"
Cellphone,D00554.obj,14822,14376,triangle,"{""min"": [-0.939823, -0.383001, -0.217155], ""max"": [0.967266, 0.562863, 0.157361]}"
Cellphone,D00559.obj,3120,5956,triangle,"{""min"": [-0.913337, -0.244785, -0.222912], ""max"": [0.814794, 0.340604, 0.099092]}"
Cellphone,D00817.obj,5206,9766,triangle,"{""min"": [-1.0599, -0.592678, -0.150876], ""max"": [0.813321, 0.446986, 0.182492]}"
Cellphone,D00848.obj,9745,18396,triangle,"{""min"": [-0.968237, -0.220049, -0.136264], ""max"": [0.656545, 0.365368, 0.093254]}"
Cellphone,D00902.obj,2408,4580,triangle,"{""min"": [-0.907351, -0.522068, -0.274709], ""max"": [0.967494, 0.439696, 0.159693]}"
Cellphone,D00979.obj,3120,5956,triangle,"{""min"": [-0.886632, -0.227436, -0.222432], ""max"": [0.836031, 0.333309, 0.094299]}"
Cellphone,D00997.obj,4796,8564,triangle,"{""min"": [-0.702487, -0.252936, -0.190872], ""max"": [0.984907, 0.347464, 0.13643]}"
Chess,D01017.obj,380,756,triangle,"{""min"": [-0.192571, -0.139346, -0.141458], ""max"": [0.251959, 0.139498, 0.141575]}"
Chess,D01019.obj,416,828,triangle,"{""min"": [0.025, 0.025, 0.025], ""max"": [0.444671, 0.975, 0.444649]}"
Chess,D01021.obj,1474,2944,triangle,"{""min"": [0.025, 0.025, 0.025], ""max"": [0.975, 0.512055, 0.512055]}"
Chess,D01043.obj,389,772,triangle,"{""min"": [0.025, 0.025, 0.025], ""max"": [0.384359, 0.975, 0.384359]}"
Chess,D01045.obj,1542,3080,triangle,"{""min"": [0.025, 0.025, 0.025], ""max"": [0.405044, 0.975, 0.405044]}"
Chess,D01049.obj,214,419,triangle,"{""min"": [0.025, 0.025, 0.025], ""max"": [0.414079, 0.975, 0.414079]}"
Chess,D01053.obj,89,168,triangle,"{""min"": [0.025, 0.025, 0.025], ""max"": [0.658333, 0.975, 0.658333]}"
Chess,D01080.obj,250,496,triangle,"{""min"": [0.025, 0.025, 0.025], ""max"": [0.449157, 0.975, 0.449157]}"
Chess,D01081.obj,6727,13450,triangle,"{""min"": [0.025, 0.025, 0.025], ""max"": [0.556126, 0.975, 0.55481]}"
Chess,D01099.obj,2386,4750,triangle,"{""min"": [0.025, 0.025, 0.025], ""max"": [0.629581, 0.975, 0.622556]}"
Chess,D01105.obj,282,560,triangle,"{""min"": [0.025, 0.025, 0.025], ""max"": [0.43672, 0.975, 0.43672]}"
Chess,D01112.obj,1182,2360,triangle,"{""min"": [0.025, 0.025, 0.025], ""max"": [0.443287, 0.975, 0.443287]}"
Chess,D01123.obj,390,776,triangle,"{""min"": [0.025, 0.025, 0.025], ""max"": [0.437937, 0.975, 0.437937]}"
Chess,D01126.obj,802,1600,triangle,"{""min"": [0.025, 0.025, 0.025], ""max"": [0.518792, 0.975, 0.518792]}"
Chess,D01130.obj,1282,2600,triangle,"{""min"": [0.025, 0.025, 0.025], ""max"": [0.42415, 0.975, 0.424153]}"
Chess,D01138.obj,416,828,triangle,"{""min"": [-0.225329, -0.126589, -0.127508], ""max"": [0.352943, 0.128693, 0.128058]}"
Chess,D01145.obj,390,776,triangle,"{""min"": [-0.30858, -0.15541, -0.155146], ""max"": [0.404776, 0.154644, 0.154924]}"
Chess,D01171.obj,4002,8000,triangle,"{""min"": [0.025, 0.025, 0.025], ""max"": [0.646138, 0.975, 0.645819]}"
Chess,D01186.obj,154,304,triangle,"{""min"": [0.025, 0.025, 0.025], ""max"": [0.526367, 0.975, 0.526367]}"
Chess,D01188.obj,242,480,triangle,"{""min"": [0.025, 0.025, 0.025], ""max"": [0.825, 0.975, 0.825]}"
Chess,m1589.obj,3782,7218,triangle,"{""min"": [0.025, 0.025, 0.025], ""max"": [0.970478, 0.251514, 0.975]}"
Chess,m1591.obj,7339,14472,triangle,"{""min"": [0.025, 0.025, 0.025], ""max"": [0.974998, 0.266023, 0.975]}"
Chess,m1593.obj,25650,50984,triangle,"{""min"": [0.025, 0.025, 0.025], ""max"": [0.975, 0.267182, 0.974993]}"
Chess,m1595.obj,60671,121343,triangle,"{""min"": [0.025, 0.025, 0.025], ""max"": [0.975, 0.192279, 0.975]}"
Chess,m1596.obj,16803,32997,triangle,"{""min"": [0.025, 0.025, 0.025], ""max"": [0.559374, 0.151249, 0.975]}"
Chess,m1598.obj,1182,2360,triangle,"{""min"": [0.025, 0.025, 0.025], ""max"": [0.443287, 0.975, 0.443287]}"
Chess,m1599.obj,250,496,triangle,"{""min"": [0.025, 0.025, 0.025], ""max"": [0.449157, 0.975, 0.449157]}"
Chess,m1600.obj,416,828,triangle,"{""min"": [0.025, 0.025, 0.025], ""max"": [0.444671, 0.975, 0.444649]}"
Chess,m1601.obj,6727,13450,triangle,"{""min"": [0.025, 0.025, 0.025], ""max"": [0.556126, 0.975, 0.55481]}"
Chess,m1602.obj,1542,3080,triangle,"{""min"": [0.025, 0.025, 0.025], ""max"": [0.405044, 0.975, 0.405044]}"
Chess,m1603.obj,389,772,triangle,"{""min"": [0.025, 0.025, 0.025], ""max"": [0.384359, 0.975, 0.384359]}"
Chess,m1604.obj,214,419,triangle,"{""min"": [0.025, 0.025, 0.025], ""max"": [0.414079, 0.975, 0.414079]}"
Chess,m1605.obj,89,168,triangle,"{""min"": [0.025, 0.025, 0.025], ""max"": [0.658333, 0.975, 0.658333]}"
Chess,m1606.obj,2386,4750,triangle,"{""min"": [0.025, 0.025, 0.025], ""max"": [0.629581, 0.975, 0.622556]}"
Chess,m1607.obj,802,1600,triangle,"{""min"": [0.025, 0.025, 0.025], ""max"": [0.518792, 0.975, 0.518792]}"
Chess,m1608.obj,242,480,triangle,"{""min"": [0.025, 0.025, 0.025], ""max"": [0.825, 0.975, 0.825]}"
Chess,m1609.obj,154,304,triangle,"{""min"": [0.025, 0.025, 0.025], ""max"": [0.526367, 0.975, 0.526367]}"
Chess,m1610.obj,6094,12184,triangle,"{""min"": [0.025, 0.025, 0.025], ""max"": [0.646138, 0.975, 0.645819]}"
Chess,m1611.obj,1474,2944,triangle,"{""min"": [0.025, 0.025, 0.025], ""max"": [0.975, 0.512055, 0.512055]}"
Chess,m1612.obj,1282,2600,triangle,"{""min"": [0.025, 0.025, 0.025], ""max"": [0.42415, 0.975, 0.424153]}"
Chess,m1613.obj,282,560,triangle,"{""min"": [0.025, 0.025, 0.025], ""max"": [0.43672, 0.975, 0.43672]}"
Chess,m1614.obj,390,776,triangle,"{""min"": [0.025, 0.025, 0.025], ""max"": [0.437937, 0.975, 0.437937]}"
City,D01001.obj,6645,7853,triangle,"{""min"": [0.025, 0.025, 0.025], ""max"": [0.975, 0.230267, 0.641048]}"
City,D01007.obj,3163,3119,triangle,"{""min"": [0.0484247, 0.025, 0.025], ""max"": [0.975, 0.362786, 0.625857]}"
City,D01010.obj,1049,1948,triangle,"{""min"": [0.025, 0.025, 0.025], ""max"": [0.753517, 0.344403, 0.975]}"
City,D01018.obj,6529,10335,triangle,"{""min"": [0.025, 0.025, 0.025], ""max"": [0.975, 0.223656, 0.895154]}"
City,D01039.obj,1344,2022,triangle,"{""min"": [0.025, 0.025, 0.025], ""max"": [0.840902, 0.0788145, 0.975]}"
City,D01056.obj,1638,1767,triangle,"{""min"": [0.025, 0.025, 0.025], ""max"": [0.883788, 0.466607, 0.975]}"
City,D01066.obj,9894,17091,triangle,"{""min"": [0.025, 0.025, 0.025], ""max"": [0.975, 0.0934959, 0.842903]}"
City,D01068.obj,5538,9290,triangle,"{""min"": [0.025, 0.025, 0.025], ""max"": [0.975, 0.210119, 0.973098]}"
City,D01079.obj,9201,17394,triangle,"{""min"": [0.025, 0.025, 0.025], ""max"": [0.975, 0.0798889, 0.928504]}"
City,D01090.obj,7089,13409,triangle,"{""min"": [0.025, 0.0454205, 0.025], ""max"": [0.801993, 0.131825, 0.975]}"
City,D01091.obj,1321,2136,triangle,"{""min"": [0.025, 0.025, 0.025], ""max"": [0.500146, 0.215775, 0.975]}"
City,D01092.obj,1380,1337,triangle,"{""min"": [0.025, 0.025, 0.025], ""max"": [0.975, 0.301324, 0.975]}"
City,D01101.obj,26070,35805,triangle,"{""min"": [0.025, 0.025, 0.025], ""max"": [0.493371, 0.122517, 0.975]}"
City,D01103.obj,2274,3112,triangle,"{""min"": [0.025, 0.025, 0.025], ""max"": [0.856228, 0.185283, 0.975]}"
City,D01124.obj,5211,9152,triangle,"{""min"": [0.025, 0.025, 0.025], ""max"": [0.975, 0.323101, 0.722926]}"
City,D01133.obj,5804,10712,triangle,"{""min"": [0.025, 0.025, 0.025], ""max"": [0.975, 0.345009, 0.975]}"
City,D01173.obj,2341,4217,triangle,"{""min"": [0.025, 0.025, 0.025], ""max"": [0.975, 0.063385, 0.925]}"
City,D01181.obj,5137,5327,triangle,"{""min"": [0.025, 0.025, 0.025], ""max"": [0.975, 0.236017, 0.641048]}"
City,D01192.obj,14752,16111,triangle,"{""min"": [0.0484247, 0.025, 0.025], ""max"": [0.975, 0.362786, 0.625857]}"
City,D01195.obj,16857,16061,triangle,"{""min"": [0.025, 0.025, 0.025], ""max"": [0.975, 0.198499, 0.755089]}"
City,m1652.obj,2274,2938,triangle,"{""min"": [0.025, 0.025, 0.025], ""max"": [0.856228, 0.185283, 0.975]}"
City,m1654.obj,5538,9290,triangle,"{""min"": [0.025, 0.025, 0.025], ""max"": [0.975, 0.210119, 0.973098]}"
City,m1659.obj,5804,10692,triangle,"{""min"": [0.025, 0.025, 0.025], ""max"": [0.975, 0.345009, 0.975]}"
City,m1660.obj,2341,4217,triangle,"{""min"": [0.025, 0.025, 0.025], ""max"": [0.975, 0.063385, 0.925]}"
City,m1661.obj,1344,2022,triangle,"{""min"": [0.025, 0.025, 0.025], ""max"": [0.840902, 0.078814, 0.975]}"
City,m1662.obj,9201,17394,triangle,"{""min"": [0.025, 0.025, 0.025], ""max"": [0.975, 0.079889, 0.928504]}"
City,m1664.obj,1049,1891,triangle,"{""min"": [0.025, 0.025, 0.025], ""max"": [0.753517, 0.344403, 0.975]}"
ClassicPiano,D00005.obj,626,3708,triangle,"{""min"": [1.048408, -0.023757, 0.0], ""max"": [2.251403, 1.454393, 1.504024]}"
ClassicPiano,D00009.obj,2027,11958,triangle,"{""min"": [-0.818664, -1.305727, 0.00244], ""max"": [0.801163, 1.502257, 1.763385]}"
ClassicPiano,D00034.obj,1611,10902,triangle,"{""min"": [0.435222, -0.1524, 0.0], ""max"": [12.7, 11.05535, 4.276281]}"
ClassicPiano,D00092.obj,5901,33381,triangle,"{""min"": [0.0, -12.6335, -30.5165], ""max"": [46.1645, 47.2239, 27.7809]}"
ClassicPiano,D00120.obj,231,1311,triangle,"{""min"": [-0.545732, -0.480204, 0.000497], ""max"": [1.164776, 0.842196, 1.596637]}"
ClassicPiano,D00190.obj,1572,10371,triangle,"{""min"": [-0.1524, -1.59385, 0.0], ""max"": [6.190816, 5.764708, 5.139549]}"
ClassicPiano,D00233.obj,5205,27690,triangle,"{""min"": [-33.448386, -8.289069, 0.346075], ""max"": [-6.348401, 9.167111, 14.968439]}"
ClassicPiano,D00254.obj,1335,8016,triangle,"{""min"": [1.58635, -8.64678, 0.0127], ""max"": [4.27963, -4.57551, 2.06966]}"
ClassicPiano,D00279.obj,7253,43107,triangle,"{""min"": [-1.30628, -0.467149, 0.107214], ""max"": [0.740793, 0.514366, 1.43006]}"
ClassicPiano,D00305.obj,1711,10353,triangle,"{""min"": [-0.074943, -0.734221, 5.566783], ""max"": [1.820722, 2.549052, 6.579608]}"
ClassicPiano,D00314.obj,6800,31047,triangle,"{""min"": [0.553825, 0.314166, -0.0931927], ""max"": [2.55332, 2.72606, 2.02276]}"
ClassicPiano,D00561.obj,1826,9165,triangle,"{""min"": [5.55731, 0.381786, 0.009661], ""max"": [8.15513, 4.20455, 2.25358]}"
ClassicPiano,D00579.obj,2369,12150,triangle,"{""min"": [5.55969, 1.37708, 0.0898382], ""max"": [7.32157, 4.40191, 2.12879]}"
ClassicPiano,D00605.obj,8121,47805,triangle,"{""min"": [-0.016794, 0.0, 0.0], ""max"": [1.36991, 2.49472, 1.85693]}"
ClassicPiano,D00784.obj,5131,31437,triangle,"{""min"": [-0.366941, -2.779, -0.0], ""max"": [1.521594, -0.294685, 1.935681]}"
ClassicPiano,D00789.obj,3136,15573,triangle,"{""min"": [0.091157, 1.065418, -0.044535], ""max"": [4.589034, 8.490104, 5.149089]}"
ClassicPiano,D00811.obj,615,3606,triangle,"{""min"": [0.219825, -0.395828, -0.0], ""max"": [1.548883, 1.284801, 1.578419]}"
ClassicPiano,D00845.obj,750,3345,triangle,"{""min"": [1.59715, 8.023479, 0.0], ""max"": [3.698476, 10.576479, 2.466056]}"
ClassicPiano,D00967.obj,4279,8391,triangle,"{""min"": [0.383274, 0.330893, 0.0], ""max"": [4.70666, 3.46411, 1.93986]}"
ClassicPiano,D00983.obj,204,954,triangle,"{""min"": [-0.892376, -1.324473, 0.0], ""max"": [1.245164, 0.403054, 0.980643]}"
Computer,D01002.obj,2591,5109,triangle,"{""min"": [0.025, 0.025, 0.025], ""max"": [0.975, 0.648602, 0.66988]}"
Computer,D01023.obj,11463,20749,triangle,"{""min"": [-79.1844, -123.937, -240.26], ""max"": [100.824, 291.253, 213.139]}"
Computer,D01026.obj,396,760,triangle,"{""min"": [0.025, 0.025, 0.025], ""max"": [0.975, 0.698854, 0.950566]}"
Computer,D01028.obj,2503,4217,triangle,"{""min"": [0.025, 0.025, 0.025], ""max"": [0.975, 0.477648, 0.724189]}"
Computer,D01033.obj,2986,5666,triangle,"{""min"": [0.025, 0.025, 0.025], ""max"": [0.662817, 0.647886, 0.975]}"
Computer,D01037.obj,135,400,triangle,"{""min"": [0.025, 0.0297535, 0.025], ""max"": [0.90283, 0.853898, 0.975]}"
Computer,D01067.obj,5026,9528,triangle,"{""min"": [0.025, 0.025, 0.025], ""max"": [0.975, 0.699188, 0.950849]}"
Computer,D01070.obj,3935,7734,triangle,"{""min"": [-1.2227, -0.66435, 0.10545], ""max"": [1.25249, 0.65371, 3.51795]}"
Computer,D01071.obj,29,43,triangle,"{""min"": [0.025, 0.025, 0.025], ""max"": [0.806396, 0.806392, 0.975]}"
Computer,D01072.obj,325,618,triangle,"{""min"": [0.025, 0.025, 0.025], ""max"": [0.910416, 0.736516, 0.975]}"
Computer,D01073.obj,4638,8997,triangle,"{""min"": [-15.3327, -2.69876, -0.605204], ""max"": [18.1278, 27.1292, 23.3661]}"
Computer,D01082.obj,4269,6365,triangle,"{""min"": [0.025, 0.025, 0.025], ""max"": [0.755085, 0.975, 0.639211]}"
Computer,D01085.obj,46,76,triangle,"{""min"": [0.025, 0.025, 0.025], ""max"": [0.703571, 0.975, 0.74881]}"
Computer,D01098.obj,668,1092,triangle,"{""min"": [0.025, 0.025, 0.025], ""max"": [0.975, 0.750843, 0.897328]}"
Computer,D01100.obj,2986,5666,triangle,"{""min"": [-123.448, -118.893, 11.3206], ""max"": [-103.793, -89.6162, 30.5163]}"
Computer,D01102.obj,28,30,triangle,"{""min"": [0.025, 0.025, 0.025], ""max"": [0.62896, 0.608372, 0.975]}"
Computer,D01115.obj,8163,11211,triangle,"{""min"": [-32.140453, -132.030945, -117.531853], ""max"": [50.043461, 95.368149, 112.079926]}"
Computer,D01128.obj,17301,34133,triangle,"{""min"": [0.025, 0.025, 0.025], ""max"": [0.929395, 0.533106, 0.975]}"
Computer,D01164.obj,2674,5270,triangle,"{""min"": [0.025, 0.025, 0.025], ""max"": [0.777486, 0.4214, 0.975]}"
Computer,D01185.obj,270,538,triangle,"{""min"": [0.025, 0.025, 0.025], ""max"": [0.909483, 0.852815, 0.975]}"
Computer,m1764.obj,668,1092,triangle,"{""min"": [0.025, 0.025, 0.025], ""max"": [0.975, 0.750843, 0.897328]}"
Computer,m1765.obj,28,30,triangle,"{""min"": [0.025, 0.025, 0.025], ""max"": [0.62896, 0.608372, 0.975]}"
Computer,m1766.obj,29,43,triangle,"{""min"": [0.025, 0.025, 0.025], ""max"": [0.806396, 0.806392, 0.975]}"
Computer,m1767.obj,2591,5109,triangle,"{""min"": [0.025, 0.025, 0.025], ""max"": [0.975, 0.648602, 0.66988]}"
Computer,m1769.obj,46,76,triangle,"{""min"": [0.025, 0.025, 0.025], ""max"": [0.703571, 0.975, 0.74881]}"
Computer,m1770.obj,2986,5666,triangle,"{""min"": [0.025, 0.025, 0.025], ""max"": [0.662817, 0.647886, 0.975]}"
Computer,m1772.obj,17301,34133,triangle,"{""min"": [0.025, 0.025, 0.025], ""max"": [0.929395, 0.533106, 0.975]}"
Computer,m1773.obj,2503,4217,triangle,"{""min"": [0.025, 0.025, 0.025], ""max"": [0.975, 0.477648, 0.724189]}"
Computer,m1774.obj,284,740,triangle,"{""min"": [0.025, 0.025, 0.025], ""max"": [0.907078, 0.853794, 0.975]}"
Computer,m1775.obj,396,760,triangle,"{""min"": [0.025, 0.025, 0.025], ""max"": [0.975, 0.698854, 0.950566]}"
Computer,m1776.obj,270,538,triangle,"{""min"": [0.025, 0.025, 0.025], ""max"": [0.909483, 0.852815, 0.975]}"
Computer,m1777.obj,325,618,triangle,"{""min"": [0.025, 0.025, 0.025], ""max"": [0.910416, 0.736516, 0.975]}"
Computer,m1778.obj,5026,9528,triangle,"{""min"": [0.025, 0.025, 0.025], ""max"": [0.975, 0.699188, 0.950849]}"
ComputerKeyboard,D00116.obj,805,4113,triangle,"{""min"": [-25.3572, -9.09765, -0.4699], ""max"": [-7.59018, -3.78905, 0.226463]}"
ComputerKeyboard,D00127.obj,706,3360,triangle,"{""min"": [0.0, 0.0, 0.0], ""max"": [0.1143, 0.43815, 0.036337]}"
ComputerKeyboard,D00197.obj,6987,38268,triangle,"{""min"": [1.37708, 2.18197, 1.00767], ""max"": [6.04708, 3.86471, 1.35582]}"
ComputerKeyboard,D00278.obj,1043,5118,triangle,"{""min"": [0.244137, 0.407779, -0.4699], ""max"": [63.8625, 20.779, 2.02257]}"
ComputerKeyboard,D00360.obj,6193,35826,triangle,"{""min"": [0.0, -0.000633, -1.4e-05], ""max"": [0.43, 0.116331, 0.019035]}"
ComputerKeyboard,D00382.obj,8346,40758,triangle,"{""min"": [0.283546, -0.535187, 0.572214], ""max"": [0.779882, -0.373283, 0.606543]}"
ComputerKeyboard,D00420.obj,11072,45807,triangle,"{""min"": [0.0, -0.242249, -0.0005], ""max"": [0.698511, 0.0, 0.092894]}"
ComputerKeyboard,D00493.obj,1300,7944,triangle,"{""min"": [0.805449, 0.216073, 0.736948], ""max"": [1.06935, 0.707306, 0.771269]}"
ComputerKeyboard,D00525.obj,8309,26043,triangle,"{""min"": [0.0, -0.014278, -0.0], ""max"": [46.0, 13.824192, 1.589723]}"
ComputerKeyboard,D00569.obj,348,2076,triangle,"{""min"": [1.171264, -0.787848, 0.77699], ""max"": [1.317314, -0.419548, 0.801542]}"
ComputerKeyboard,D00597.obj,8460,50064,triangle,"{""min"": [0.890324, 0.870713, 0.52], ""max"": [1.021524, 1.150452, 0.542157]}"
ComputerKeyboard,D00600.obj,1837,10497,triangle,"{""min"": [0.847416, -0.0008, 0.004234], ""max"": [1.305416, 0.159395, 0.041277]}"
ComputerKeyboard,D00627.obj,6564,38160,triangle,"{""min"": [0.0, -0.002354, 0.0], ""max"": [0.45, 0.166113, 0.048376]}"
ComputerKeyboard,D00654.obj,1179,7401,triangle,"{""min"": [5.508326, -7.665221, 0.271064], ""max"": [13.269531, 13.435953, 2.839856]}"
ComputerKeyboard,D00673.obj,1002,4008,triangle,"{""min"": [-0.005, -0.006406, 0.0], ""max"": [0.453, 0.15633, 0.030751]}"
ComputerKeyboard,D00676.obj,7956,42939,triangle,"{""min"": [0.0, -0.180873, -0.182521], ""max"": [5.6, 2.68959, 0.176906]}"
ComputerKeyboard,D00692.obj,4176,31218,triangle,"{""min"": [-3.66285, 1.75235, -0.003105], ""max"": [-3.25488, 1.91034, 0.017511]}"
ComputerKeyboard,D00805.obj,6954,40641,triangle,"{""min"": [1.4707, -0.131705, -0.191566], ""max"": [153.012, 51.3568, 18.1854]}"
ComputerKeyboard,D00905.obj,1282,7680,triangle,"{""min"": [-1.610966, 1.814205, 1.184175], ""max"": [-1.349154, 2.525576, 1.212519]}"
ComputerKeyboard,D00990.obj,1646,9150,triangle,"{""min"": [0.0, 0.0, 0.0], ""max"": [0.4445, 0.1524, 0.044462]}"
Cup,D00035.obj,235,884,triangle,"{""min"": [-1.20011, -1.00923, -0.801552], ""max"": [0.741275, 0.933018, 0.770052]}"
Cup,D00067.obj,353,702,triangle,"{""min"": [-0.944876, -0.249332, -0.353669], ""max"": [0.694881, 0.46521, 0.322506]}"
Cup,D00174.obj,12252,24500,triangle,"{""min"": [-0.845196, -0.326993, -0.476778], ""max"": [0.676699, 0.624965, 0.476146]}"
Cup,D00206.obj,2092,3770,triangle,"{""min"": [-0.547141, -0.838416, -0.659151], ""max"": [0.914093, 0.568313, 0.741534]}"
Cup,D00214.obj,395,786,triangle,"{""min"": [-0.988675, -0.517514, -0.632965], ""max"": [0.601485, 0.773412, 0.659266]}"
Cup,D00270.obj,2687,5022,triangle,"{""min"": [-0.859396, -0.307058, -0.394061], ""max"": [0.744707, 0.474676, 0.381987]}"
Cup,D00328.obj,2827,5231,triangle,"{""min"": [-0.760875, -0.433187, -0.354822], ""max"": [0.908646, 0.281105, 0.356583]}"
Cup,D00355.obj,7114,14224,triangle,"{""min"": [-0.684795, -0.340553, -0.25451], ""max"": [0.954906, 0.200958, 0.25516]}"
Cup,D00363.obj,5433,6976,triangle,"{""min"": [-0.577523, -0.498085, -0.641834], ""max"": [0.971664, 0.747347, 0.608541]}"
Cup,D00457.obj,10872,21740,triangle,"{""min"": [-0.864959, -0.204733, -0.307462], ""max"": [0.833136, 0.464037, 0.307252]}"
Cup,D00463.obj,4710,9420,triangle,"{""min"": [-0.895845, -0.743936, -0.57885], ""max"": [0.681886, 0.498029, 0.657532]}"
Cup,D00519.obj,856,888,triangle,"{""min"": [-1.07582, -0.354833, -0.405523], ""max"": [0.644285, 0.467092, 0.376382]}"
Cup,D00550.obj,13747,24928,triangle,"{""min"": [-0.714203, -0.516739, -0.396915], ""max"": [0.774792, 0.344814, 0.380183]}"
Cup,D00587.obj,7102,14200,triangle,"{""min"": [-0.665391, -0.34733, -0.479933], ""max"": [1.03476, 0.602043, 0.407467]}"
Cup,D00638.obj,6786,13568,triangle,"{""min"": [-0.540268, -0.392506, -0.463908], ""max"": [0.960222, 0.524391, 0.453931]}"
Cup,D00642.obj,1686,3036,triangle,"{""min"": [-0.835482, -0.301635, -0.282773], ""max"": [0.97391, 0.236074, 0.255214]}"
Cup,D00738.obj,10318,20331,triangle,"{""min"": [-1.02336, -0.466564, -0.522179], ""max"": [0.666301, 0.660126, 0.520628]}"
Cup,D00843.obj,9127,16832,triangle,"{""min"": [-0.783894, -0.329732, -0.347978], ""max"": [0.745375, 0.377492, 0.35917]}"
Cup,D00874.obj,2296,3748,triangle,"{""min"": [-0.7571, -0.688516, -0.758328], ""max"": [0.784032, 0.68702, 0.615694]}"
Cup,D00882.obj,1553,3102,triangle,"{""min"": [-1.0525, -0.37905, -0.486175], ""max"": [0.604467, 0.637049, 0.474396]}"
Cup,m494.obj,770,1536,triangle,"{""min"": [0.025, 0.025, 0.025], ""max"": [0.3425, 0.3425, 0.975]}"
Cup,m495.obj,1401,2750,triangle,"{""min"": [0.025, 0.025, 0.025], ""max"": [0.743052, 0.975, 0.741634]}"
Cup,m496.obj,502,1000,triangle,"{""min"": [0.025, 0.025, 0.025], ""max"": [0.639734, 0.975, 0.61202]}"
Cup,m497.obj,3008,6012,triangle,"{""min"": [0.025, 0.025, 0.025], ""max"": [0.415029, 0.415029, 0.975]}"
Cup,m498.obj,380,720,triangle,"{""min"": [0.025, 0.025, 0.025], ""max"": [0.975, 0.871244, 0.975]}"
Cup,m499.obj,339,636,triangle,"{""min"": [0.025, 0.025, 0.025], ""max"": [0.727903, 0.727903, 0.975]}"
Cup,m500.obj,71,138,triangle,"{""min"": [0.025, 0.025, 0.025], ""max"": [0.95964, 0.896862, 0.975]}"
Cup,m501.obj,1072,2000,triangle,"{""min"": [0.025, 0.025, 0.025], ""max"": [0.677538, 0.975, 0.677538]}"
Cup,m502.obj,752,1500,triangle,"{""min"": [0.025, 0.025, 0.025], ""max"": [0.675007, 0.975, 0.675007]}"
Cup,m526.obj,120,226,triangle,"{""min"": [0.025, 0.025, 0.025], ""max"": [0.975, 0.658894, 0.5]}"
DeskLamp,D00048.obj,4189,6976,triangle,"{""min"": [-1.12769, -0.581116, -0.630788], ""max"": [0.6057, 0.666292, 0.731294]}"
DeskLamp,D00090.obj,6516,11216,triangle,"{""min"": [-0.875, -0.686618, -0.296137], ""max"": [0.735197, 0.781815, 0.30965]}"
DeskLamp,D00147.obj,503,836,triangle,"{""min"": [-0.725228, -0.407043, -0.171117], ""max"": [0.962518, 0.452214, 0.183875]}"
DeskLamp,D00257.obj,2208,4366,triangle,"{""min"": [-0.955963, -0.322302, -0.306709], ""max"": [0.631241, 0.399708, 0.302267]}"
DeskLamp,D00268.obj,1868,3672,triangle,"{""min"": [-0.599151, -0.187466, -0.104204], ""max"": [0.974827, 0.115978, 0.109359]}"
DeskLamp,D00330.obj,13579,18523,triangle,"{""min"": [-1.18276, -0.353165, -0.191189], ""max"": [0.505399, 0.181292, 0.183064]}"
DeskLamp,D00378.obj,69,116,triangle,"{""min"": [-0.907867, -0.256646, -0.565493], ""max"": [0.946441, 0.722841, 0.379832]}"
DeskLamp,D00435.obj,2252,4476,triangle,"{""min"": [-1.03346, -0.386675, -0.35865], ""max"": [0.693677, 0.507452, 0.350955]}"
DeskLamp,D00455.obj,7627,15060,triangle,"{""min"": [-0.93453, -0.360921, -0.253472], ""max"": [0.666272, 0.263151, 0.24362]}"
DeskLamp,D00531.obj,2300,4546,triangle,"{""min"": [-1.15289, -0.236515, -0.186329], ""max"": [0.699147, 0.296754, 0.191789]}"
DeskLamp,D00547.obj,22837,45584,triangle,"{""min"": [-0.921965, -0.412163, -0.565215], ""max"": [0.706008, 0.328925, 0.209583]}"
DeskLamp,D00686.obj,3558,6901,triangle,"{""min"": [-0.929669, -0.619726, -0.299398], ""max"": [0.912698, 0.859064, 0.352642]}"
DeskLamp,D00693.obj,655,1224,triangle,"{""min"": [-1.07987, -0.23138, -0.309121], ""max"": [0.780756, 0.4341, 0.273299]}"
DeskLamp,D00698.obj,615,1044,triangle,"{""min"": [-0.887514, -0.490664, -0.27815], ""max"": [0.766981, 0.360029, 0.3526]}"
DeskLamp,D00715.obj,1964,3916,triangle,"{""min"": [-1.0124, -0.42488, -0.474136], ""max"": [0.780967, 0.587314, 0.464886]}"
DeskLamp,D00744.obj,21616,38066,triangle,"{""min"": [-0.785537, -0.236031, -0.264958], ""max"": [1.14582, 0.292991, 0.167928]}"
DeskLamp,D00759.obj,5982,11780,triangle,"{""min"": [-0.902994, -0.756791, -0.499502], ""max"": [0.949175, 0.698912, 0.542295]}"
DeskLamp,D00776.obj,1001,1972,triangle,"{""min"": [-1.00827, -0.378761, -0.26802], ""max"": [0.69438, 0.326064, 0.196867]}"
DeskLamp,D00797.obj,14960,28504,triangle,"{""min"": [-0.773745, -0.684703, -0.35179], ""max"": [0.899578, 0.464712, 0.353095]}"
DeskLamp,D00912.obj,10656,8640,triangle,"{""min"": [-0.826668, -0.803363, -0.337562], ""max"": [1.01155, 0.671597, 0.314515]}"
DeskLamp,m603.obj,166,320,triangle,"{""min"": [0.025, 0.025, 0.025], ""max"": [0.583322, 0.846549, 0.975]}"
DeskLamp,m604.obj,1316,2333,triangle,"{""min"": [0.025, 0.025, 0.025], ""max"": [0.69906, 0.975, 0.156056]}"
DeskLamp,m605.obj,531,1300,triangle,"{""min"": [0.025, 0.025, 0.025], ""max"": [0.502077, 0.975, 0.836867]}"
DeskLamp,m606.obj,87,145,triangle,"{""min"": [0.025, 0.025, 0.025], ""max"": [0.838636, 0.975, 0.458987]}"
DeskLamp,m608.obj,699,1314,triangle,"{""min"": [0.025, 0.025, 0.025], ""max"": [0.759984, 0.90819, 0.975]}"
DeskLamp,m609.obj,1137,2234,triangle,"{""min"": [0.025, 0.025, 0.025], ""max"": [0.212564, 0.720676, 0.975]}"
DeskLamp,m611.obj,87,200,triangle,"{""min"": [0.025, 0.025, 0.025], ""max"": [0.844015, 0.975, 0.458932]}"
DeskLamp,m613.obj,136,200,triangle,"{""min"": [0.025, 0.025, 0.025], ""max"": [0.975, 0.934536, 0.298021]}"
DeskLamp,m614.obj,336,684,triangle,"{""min"": [0.025, 0.025, 0.025], ""max"": [0.396062, 0.975, 0.919718]}"
DeskLamp,m615.obj,2689,5410,triangle,"{""min"": [0.025, 0.025, 0.025], ""max"": [0.863495, 0.747334, 0.975]}"
DeskLamp,m616.obj,14129,28358,triangle,"{""min"": [0.025, 0.025, 0.025], ""max"": [0.773417, 0.975, 0.442888]}"
DeskPhone,D00118.obj,12443,21950,triangle,"{""min"": [-0.775724, -0.727948, -0.22007], ""max"": [0.897899, 0.591752, 0.218757]}"
DeskPhone,D00135.obj,531,848,triangle,"{""min"": [-0.847322, -0.533093, -0.210727], ""max"": [0.884304, 0.765637, 0.143761]}"
DeskPhone,D00154.obj,17247,22944,triangle,"{""min"": [-0.633179, -0.637106, -0.131654], ""max"": [0.967745, 0.42905, 0.106948]}"
DeskPhone,D00220.obj,3924,7780,triangle,"{""min"": [-0.737965, -0.674884, -0.377125], ""max"": [0.748198, 0.508508, 0.498221]}"
DeskPhone,D00316.obj,48093,94497,triangle,"{""min"": [-0.628642, -0.593525, -0.286264], ""max"": [0.811874, 0.701571, 0.244973]}"
DeskPhone,D00318.obj,4313,8494,triangle,"{""min"": [-0.714041, -0.660621, -0.5206], ""max"": [0.810842, 0.614137, 0.270839]}"
DeskPhone,D00403.obj,27361,54523,triangle,"{""min"": [-1.14834, -0.4665, -0.300472], ""max"": [0.542027, 0.579623, 0.823005]}"
DeskPhone,D00486.obj,1699,3314,triangle,"{""min"": [-0.754318, -0.637186, -0.378441], ""max"": [0.968448, 0.494299, 0.291523]}"
DeskPhone,D00511.obj,31349,60638,triangle,"{""min"": [-0.897564, -0.349662, -0.120496], ""max"": [0.722718, 0.260148, 0.264187]}"
DeskPhone,D00556.obj,586,1108,triangle,"{""min"": [-0.851434, -0.497319, -0.430833], ""max"": [0.837127, 0.918088, 0.255611]}"
DeskPhone,D00576.obj,13619,26647,triangle,"{""min"": [-0.755345, -0.473597, -0.179611], ""max"": [0.819921, 0.471047, 0.197132]}"
DeskPhone,D00680.obj,820,1508,triangle,"{""min"": [-0.77804, -0.498658, -0.222143], ""max"": [0.777776, 0.848873, 0.191511]}"
DeskPhone,D00706.obj,44937,51962,triangle,"{""min"": [-0.779021, -0.573701, -0.273202], ""max"": [0.762809, 0.756733, 0.211645]}"
DeskPhone,D00773.obj,23711,42664,triangle,"{""min"": [-0.706499, -0.567667, -0.17342], ""max"": [0.865278, 0.529835, 0.195062]}"
DeskPhone,D00829.obj,3870,7692,triangle,"{""min"": [-0.90569, -0.910352, -0.438572], ""max"": [0.924361, 0.795984, 0.122189]}"
DeskPhone,D00894.obj,880,1678,triangle,"{""min"": [-1.01212, -0.594093, -0.542462], ""max"": [0.568062, 0.696047, 0.287657]}"
DeskPhone,D00897.obj,27510,53857,triangle,"{""min"": [-1.01916, -0.589814, -0.242044], ""max"": [0.870804, 0.353758, 0.165194]}"
DeskPhone,D00899.obj,39872,79652,triangle,"{""min"": [-0.714538, -0.712053, -0.250503], ""max"": [0.779728, 0.700399, 0.255132]}"
DeskPhone,D00957.obj,14677,28992,triangle,"{""min"": [-0.627853, -0.614875, -0.23102], ""max"": [0.899557, 0.628953, 0.217243]}"
DeskPhone,D00958.obj,11731,16509,triangle,"{""min"": [-0.878467, -0.707485, -0.37928], ""max"": [0.840691, 0.824831, 0.264976]}"
Door,D01005.obj,6044,11464,triangle,"{""min"": [0.025, 0.025, 0.025], ""max"": [0.43396, 0.975, 0.0854325]}"
Door,D01029.obj,456,894,triangle,"{""min"": [0.025, 0.025, 0.025], ""max"": [0.545253, 0.975, 0.281945]}"
Door,D01052.obj,676,1314,triangle,"{""min"": [0.025, 0.025, 0.025], ""max"": [0.188867, 0.975, 0.503665]}"
Door,D01058.obj,858,1617,triangle,"{""min"": [0.025, 0.025, 0.025], ""max"": [0.521695, 0.975, 0.115777]}"
Door,D01062.obj,128,252,triangle,"{""min"": [0.025, 0.025, 0.025], ""max"": [0.857435, 0.975, 0.104125]}"
Door,D01076.obj,1724,3468,triangle,"{""min"": [0.025, 0.025, 0.025], ""max"": [0.476732, 0.975, 0.089167]}"
Door,D01104.obj,871,1772,triangle,"{""min"": [0.025, 0.025, 0.025], ""max"": [0.485632, 0.975, 0.0670163]}"
Door,D01114.obj,1336,2620,triangle,"{""min"": [0.025, 0.025, 0.025], ""max"": [0.609224, 0.975, 0.214508]}"
Door,D01121.obj,16,16,triangle,"{""min"": [0.025, 0.025, 0.025], ""max"": [0.567857, 0.975, 0.0521429]}"
Door,D01129.obj,2695,4338,triangle,"{""min"": [0.025, 0.025, 0.025], ""max"": [0.476846, 0.975, 0.120993]}"
Door,D01136.obj,716,1328,triangle,"{""min"": [0.025, 0.025, 0.025], ""max"": [0.547013, 0.975, 0.119732]}"
Door,D01139.obj,31,29,triangle,"{""min"": [0.025, 0.025, 0.025], ""max"": [0.5, 0.975, 0.0566667]}"
Door,D01141.obj,2447,4410,triangle,"{""min"": [0.025, 0.025, 0.025], ""max"": [0.48635, 0.975, 0.135169]}"
Door,D01143.obj,48,72,triangle,"{""min"": [0.025, 0.025, 0.025], ""max"": [0.555623, 0.975, 0.0776375]}"
Door,D01144.obj,68,132,triangle,"{""min"": [0.025, 0.025, 0.025], ""max"": [0.32038, 0.975, 0.104125]}"
Door,D01155.obj,128,183,triangle,"{""min"": [0.025, 0.025, 0.025], ""max"": [0.950965, 0.975, 0.15807]}"
Door,D01158.obj,716,1446,triangle,"{""min"": [0.025, 0.025, 0.025], ""max"": [0.566616, 0.975, 0.125402]}"
Door,D01167.obj,124,252,triangle,"{""min"": [0.025, 0.025, 0.025], ""max"": [0.61576, 0.975, 0.104125]}"
Door,D01177.obj,88,98,triangle,"{""min"": [0.025, 0.025, 0.025], ""max"": [0.475837, 0.975, 0.09054]}"
Door,D01194.obj,18,18,triangle,"{""min"": [0.025, 0.025, 0.025], ""max"": [0.0373238, 0.975, 0.528047]}"
Door,m1707.obj,456,894,triangle,"{""min"": [0.025, 0.025, 0.025], ""max"": [0.545253, 0.975, 0.281945]}"
Door,m1708.obj,16,16,triangle,"{""min"": [0.025, 0.025, 0.025], ""max"": [0.567857, 0.975, 0.052143]}"
Door,m1710.obj,522,988,triangle,"{""min"": [0.025, 0.025, 0.025], ""max"": [0.544423, 0.975, 0.119998]}"
Door,m1711.obj,68,132,triangle,"{""min"": [0.025, 0.025, 0.025], ""max"": [0.32038, 0.975, 0.104125]}"
Door,m1712.obj,1724,3468,triangle,"{""min"": [0.025, 0.025, 0.025], ""max"": [0.476732, 0.975, 0.089167]}"
Door,m1713.obj,6044,11464,triangle,"{""min"": [0.025, 0.025, 0.025], ""max"": [0.43396, 0.975, 0.085432]}"
Door,m1714.obj,871,1772,triangle,"{""min"": [0.025, 0.025, 0.025], ""max"": [0.485632, 0.975, 0.067016]}"
Door,m1715.obj,676,1314,triangle,"{""min"": [0.025, 0.025, 0.025], ""max"": [0.188867, 0.975, 0.503665]}"
Door,m1716.obj,2447,4410,triangle,"{""min"": [0.025, 0.025, 0.025], ""max"": [0.48635, 0.975, 0.135169]}"
Door,m1717.obj,858,1617,triangle,"{""min"": [0.025, 0.025, 0.025], ""max"": [0.521695, 0.975, 0.115777]}"
Door,m1718.obj,2695,4338,triangle,"{""min"": [0.025, 0.025, 0.025], ""max"": [0.476846, 0.975, 0.120993]}"
Door,m1720.obj,716,1328,triangle,"{""min"": [0.025, 0.025, 0.025], ""max"": [0.547013, 0.975, 0.119732]}"
Door,m1721.obj,716,1446,triangle,"{""min"": [0.025, 0.025, 0.025], ""max"": [0.566616, 0.975, 0.125402]}"
Door,m1722.obj,1336,2620,triangle,"{""min"": [0.025, 0.025, 0.025], ""max"": [0.609224, 0.975, 0.214508]}"
Door,m1723.obj,128,252,triangle,"{""min"": [0.025, 0.025, 0.025], ""max"": [0.857435, 0.975, 0.104125]}"
Door,m1724.obj,124,252,triangle,"{""min"": [0.025, 0.025, 0.025], ""max"": [0.61576, 0.975, 0.104125]}"
Door,m1725.obj,3232,6406,triangle,"{""min"": [0.025, 0.025, 0.025], ""max"": [0.975, 0.953723, 0.210779]}"
Door,m1726.obj,128,183,triangle,"{""min"": [0.025, 0.025, 0.025], ""max"": [0.950965, 0.975, 0.15807]}"
Door,m1727.obj,3724,7332,triangle,"{""min"": [0.025, 0.025, 0.025], ""max"": [0.756079, 0.975, 0.121945]}"
Door,m1728.obj,2018,3790,triangle,"{""min"": [0.025, 0.025, 0.025], ""max"": [0.975, 0.972989, 0.11953]}"
Door,m1729.obj,336,564,triangle,"{""min"": [0.025, 0.025, 0.025], ""max"": [0.691337, 0.975, 0.190569]}"
Door,m1730.obj,336,564,triangle,"{""min"": [0.025, 0.025, 0.025], ""max"": [0.691337, 0.975, 0.190569]}"
Door,m1731.obj,1974,4084,triangle,"{""min"": [0.025, 0.025, 0.025], ""max"": [0.975, 0.935516, 0.136363]}"
Door,m1732.obj,300,575,triangle,"{""min"": [0.025, 0.025, 0.025], ""max"": [0.975, 0.874286, 0.105008]}"
Drum,D00026.obj,5506,32619,triangle,"{""min"": [-0.162762, -0.171664, -0.001215], ""max"": [0.164431, 0.150061, 0.705]}"
Drum,D00063.obj,1800,7752,triangle,"{""min"": [0.822257, 0.454092, -0.017463], ""max"": [1.57793, 1.20977, 1.08903]}"
Drum,D00115.obj,36,204,triangle,"{""min"": [0.538248, -0.415186, -0.271338], ""max"": [1.751362, 0.685989, 0.427939]}"
Drum,D00163.obj,8433,37275,triangle,"{""min"": [0.97323, -0.017525, 0.0], ""max"": [1.73658, 0.779621, 0.658813]}"
Drum,D00189.obj,651,3894,triangle,"{""min"": [1.8152, 0.87003, 0.445], ""max"": [2.2152, 1.27003, 1.155]}"
Drum,D00193.obj,1800,11628,triangle,"{""min"": [0.251542, 0.272348, -0.017463], ""max"": [1.007219, 1.028025, 1.089025]}"
Drum,D00297.obj,5561,33351,triangle,"{""min"": [1.09723, 0.439181, -0.000222921], ""max"": [1.68205, 0.967894, 0.673616]}"
Drum,D00298.obj,1609,9414,triangle,"{""min"": [-0.411341, 0.700202, 0.0], ""max"": [0.321155, 1.431571, 1.25095]}"
Drum,D00308.obj,168,1128,triangle,"{""min"": [0.457612, 0.326359, 0.0], ""max"": [1.499012, 1.367759, 0.76835]}"
Drum,D00375.obj,4790,30513,triangle,"{""min"": [-0.015297, -0.439469, -0.008625], ""max"": [0.501016, 0.461281, 0.607176]}"
Drum,D00383.obj,360,1362,triangle,"{""min"": [3.71033, 0.358383, 1.4224], ""max"": [4.37073, 1.01878, 2.4384]}"
Drum,D00404.obj,1296,8244,triangle,"{""min"": [13.758994, 11.728424, -0.06985], ""max"": [15.762962, 13.732392, 2.413]}"
Drum,D00551.obj,240,1572,triangle,"{""min"": [2.50802, 1.011902, 0.0], ""max"": [3.164967, 2.464058, 1.452156]}"
Drum,D00557.obj,444,2754,triangle,"{""min"": [-0.030871, 0.106069, -0.0254], ""max"": [0.508717, 0.799067, 0.6604]}"
Drum,D00596.obj,169,1329,triangle,"{""min"": [-2.290357, -2.290357, -3.484019], ""max"": [2.290357, 2.290357, 3.037768]}"
Drum,D00709.obj,102,132,triangle,"{""min"": [1.67266, 1.34997, 0.0], ""max"": [2.04694, 1.69872, 0.380591]}"
Drum,D00939.obj,5390,33603,triangle,"{""min"": [-0.148802, -0.144365, 0.0], ""max"": [0.137049, 0.148128, 0.262762]}"
Drum,D00951.obj,7993,50202,triangle,"{""min"": [1.665831, 0.82839, 0.392571], ""max"": [2.184424, 1.323169, 0.940617]}"
Drum,D00980.obj,5653,33699,triangle,"{""min"": [0.0, 0.0, 0.0], ""max"": [0.5834, 0.5834, 0.9578]}"
Drum,D00982.obj,1835,11316,triangle,"{""min"": [-0.159663, -0.080963, -0.020004], ""max"": [0.002263, 0.080963, 0.020325]}"
Fish,D00012.obj,4240,6966,triangle,"{""min"": [-1.05518, -0.391369, -0.333878], ""max"": [0.713382, 0.393205, 0.301967]}"
Fish,D00022.obj,3912,6524,triangle,"{""min"": [-1.13572, -0.372513, -0.253468], ""max"": [0.686773, 0.440886, 0.241286]}"
Fish,D00024.obj,3952,6672,triangle,"{""min"": [-1.10237, -0.254958, -0.27225], ""max"": [0.679145, 0.312526, 0.252203]}"
Fish,D00030.obj,3760,6304,triangle,"{""min"": [-0.692617, -0.307941, -0.194262], ""max"": [1.06053, 0.336987, 0.197573]}"
Fish,D00142.obj,3048,5286,triangle,"{""min"": [-0.587419, -0.527408, -0.336707], ""max"": [1.10759, 0.443986, 0.301658]}"
Fish,D00165.obj,4264,7130,triangle,"{""min"": [-0.721566, -0.289676, -0.300528], ""max"": [1.05587, 0.333963, 0.315419]}"
Fish,D00251.obj,4006,6628,triangle,"{""min"": [-1.12676, -0.621018, -0.40586], ""max"": [0.56197, 0.484538, 0.376034]}"
Fish,D00293.obj,4072,6838,triangle,"{""min"": [-1.10406, -0.484354, -0.325496], ""max"": [0.686576, 0.454548, 0.302995]}"
Fish,D00351.obj,3206,5549,triangle,"{""min"": [-1.118, -0.417415, -0.311242], ""max"": [0.607424, 0.470559, 0.312823]}"
Fish,D00398.obj,3820,6412,triangle,"{""min"": [-0.659736, -0.352784, -0.256018], ""max"": [1.04382, 0.415455, 0.226104]}"
Fish,D00450.obj,3784,6348,triangle,"{""min"": [-1.0845, -0.375535, -0.333079], ""max"": [0.656868, 0.3473, 0.322133]}"
Fish,D00535.obj,3934,6652,triangle,"{""min"": [-1.10596, -0.428851, -0.313088], ""max"": [0.668295, 0.492231, 0.30638]}"
Fish,D00633.obj,3712,6334,triangle,"{""min"": [-0.767358, -0.369286, -0.335369], ""max"": [1.02978, 0.346372, 0.28666]}"
Fish,D00636.obj,3374,5704,triangle,"{""min"": [-1.07007, -0.396668, -0.327637], ""max"": [0.622697, 0.339332, 0.327741]}"
Fish,D00643.obj,3928,6526,triangle,"{""min"": [-0.670672, -0.416426, -0.38279], ""max"": [0.983972, 0.362117, 0.358377]}"
Fish,D00682.obj,3980,6672,triangle,"{""min"": [-0.825399, -0.373849, -0.388286], ""max"": [1.08561, 0.291511, 0.370291]}"
Fish,D00748.obj,5046,8098,triangle,"{""min"": [-1.05002, -0.40181, -0.263805], ""max"": [0.736929, 0.303088, 0.253426]}"
Fish,D00763.obj,4122,6824,triangle,"{""min"": [-0.667665, -0.438726, -0.410754], ""max"": [1.15983, 0.643516, 0.396006]}"
Fish,D00850.obj,4382,7318,triangle,"{""min"": [-0.653742, -0.398371, -0.379845], ""max"": [1.10412, 0.353582, 0.360212]}"
Fish,D00950.obj,3427,5798,triangle,"{""min"": [-1.0048, -0.320455, -0.549373], ""max"": [0.653998, 0.364705, 0.55313]}"
FloorLamp,D00028.obj,871,1376,triangle,"{""min"": [-0.512066, -0.274079, -0.358054], ""max"": [0.857443, 0.454505, 0.3706]}"
FloorLamp,D00093.obj,3756,7472,triangle,"{""min"": [-0.570333, -0.573733, -0.545006], ""max"": [0.523427, 0.521013, 1.03716]}"
FloorLamp,D00186.obj,7694,15316,triangle,"{""min"": [-0.625938, -0.507875, -0.520385], ""max"": [0.980022, 0.542201, 0.52978]}"
FloorLamp,D00211.obj,5097,9970,triangle,"{""min"": [-0.840113, -0.577233, -0.242279], ""max"": [0.802181, 0.310548, 0.330316]}"
FloorLamp,D00228.obj,1322,2632,triangle,"{""min"": [-0.654154, -0.544531, -0.556888], ""max"": [0.895962, 0.567995, 0.55567]}"
FloorLamp,D00388.obj,3767,7212,triangle,"{""min"": [-0.495216, -0.649654, -0.673652], ""max"": [0.979268, 0.664287, 0.640507]}"
FloorLamp,D00400.obj,14213,18962,triangle,"{""min"": [-0.757635, -0.465739, -0.466686], ""max"": [0.821496, 0.486915, 0.485898]}"
FloorLamp,D00408.obj,4018,6750,triangle,"{""min"": [-0.616008, -0.632876, -0.641696], ""max"": [0.925216, 0.66224, 0.637348]}"
FloorLamp,D00447.obj,4911,8434,triangle,"{""min"": [-0.963398, -0.671227, -0.662706], ""max"": [0.622239, 0.665523, 0.674666]}"
FloorLamp,D00495.obj,4282,8487,triangle,"{""min"": [-0.87269, -0.515695, -0.311082], ""max"": [0.400885, 0.357133, 0.360995]}"
FloorLamp,D00563.obj,11136,26964,triangle,"{""min"": [-0.911632, -0.509476, -0.511188], ""max"": [0.585602, 0.51286, 0.510969]}"
FloorLamp,D00580.obj,39647,46682,triangle,"{""min"": [-1.14269, -0.444224, -0.578098], ""max"": [0.828597, 0.752447, 0.620116]}"
FloorLamp,D00740.obj,1128,2240,triangle,"{""min"": [-0.762766, -0.524981, -0.518862], ""max"": [0.825336, 0.506107, 0.513242]}"
FloorLamp,D00856.obj,3339,6672,triangle,"{""min"": [-0.798935, -0.568265, -0.489934], ""max"": [0.773809, 0.44833, 0.533116]}"
FloorLamp,D00875.obj,15152,30052,triangle,"{""min"": [-0.947539, -0.42432, -0.431938], ""max"": [0.73091, 0.433591, 0.425882]}"
FloorLamp,D00876.obj,14464,28920,triangle,"{""min"": [-0.868267, -0.597088, -0.65649], ""max"": [0.608237, 0.720198, 0.676295]}"
FloorLamp,D00888.obj,1819,3632,triangle,"{""min"": [-0.91812, -0.369781, -0.503533], ""max"": [0.8264, 0.6119, 0.487681]}"
FloorLamp,D00924.obj,17626,34872,triangle,"{""min"": [-0.817161, -0.425956, -0.449487], ""max"": [0.860374, 0.464848, 0.439694]}"
FloorLamp,D00955.obj,8300,16560,triangle,"{""min"": [-0.750376, -0.508289, -0.498685], ""max"": [0.844038, 0.459079, 0.474606]}"
FloorLamp,D00981.obj,454,816,triangle,"{""min"": [-0.46224, -0.56175, -0.448819], ""max"": [1.0173, 0.360743, 0.47492]}"
FloorLamp,m617.obj,4440,8828,triangle,"{""min"": [0.025, 0.025, 0.025], ""max"": [0.381876, 0.975, 0.417182]}"
FloorLamp,m618.obj,1622,3232,triangle,"{""min"": [0.025, 0.025, 0.025], ""max"": [0.134223, 0.975, 0.134222]}"
FloorLamp,m619.obj,361,696,triangle,"{""min"": [0.025, 0.025, 0.025], ""max"": [0.174245, 0.975, 0.174245]}"
FloorLamp,m620.obj,5584,11058,triangle,"{""min"": [0.025, 0.025, 0.025], ""max"": [0.124357, 0.975, 0.116258]}"
FloorLamp,m621.obj,778,1528,triangle,"{""min"": [0.025, 0.025, 0.025], ""max"": [0.144523, 0.975, 0.144523]}"
FloorLamp,m622.obj,54,88,triangle,"{""min"": [0.025, 0.025, 0.025], ""max"": [0.099219, 0.975, 0.20127]}"
FloorLamp,m623.obj,78,120,triangle,"{""min"": [0.025, 0.025, 0.025], ""max"": [0.284805, 0.975, 0.249998]}"
FloorLamp,m624.obj,46,76,triangle,"{""min"": [0.025, 0.025, 0.025], ""max"": [0.171154, 0.975, 0.368539]}"
Glasses,D00050.obj,6852,11300,triangle,"{""min"": [-0.731417, -0.349702, -0.156199], ""max"": [0.570185, 0.931312, 0.169875]}"
Glasses,D00201.obj,6519,12656,triangle,"{""min"": [-0.487773, -0.498747, -0.213041], ""max"": [0.639588, 0.555236, 0.214302]}"
Glasses,D00225.obj,1524,3000,triangle,"{""min"": [-0.541097, -0.533612, -0.174802], ""max"": [0.680598, 0.6235, 0.132124]}"
Glasses,D00432.obj,408,700,triangle,"{""min"": [-0.820419, -1.05912, -0.181248], ""max"": [0.744221, 0.462371, 0.089982]}"
Glasses,D00475.obj,1566,3092,triangle,"{""min"": [-0.80163, -0.587238, -0.108938], ""max"": [0.310515, 0.393097, 0.258456]}"
Glasses,D00507.obj,6852,11300,triangle,"{""min"": [-0.72408, -0.341379, -0.158945], ""max"": [0.574905, 0.932688, 0.166407]}"
Glasses,D00560.obj,4230,8368,triangle,"{""min"": [-0.612564, -0.450059, -0.197618], ""max"": [0.628517, 0.642733, 0.102281]}"
Glasses,D00575.obj,17472,32776,triangle,"{""min"": [-0.721997, -0.394149, -0.102883], ""max"": [0.444237, 0.891509, 0.122972]}"
Glasses,D00630.obj,3019,5960,triangle,"{""min"": [-0.66284, -0.782738, -0.245093], ""max"": [0.427605, 0.282376, 0.142124]}"
Glasses,D00640.obj,13986,25604,triangle,"{""min"": [-0.877076, -0.454786, -0.083929], ""max"": [0.419126, 0.850503, 0.132444]}"
Glasses,D00656.obj,220,868,triangle,"{""min"": [-0.692427, -0.563963, -0.17177], ""max"": [0.71929, 0.838516, 0.188258]}"
Glasses,D00660.obj,10770,18568,triangle,"{""min"": [-0.686586, -0.486169, -0.117187], ""max"": [0.69791, 0.902648, 0.109791]}"
Glasses,D00717.obj,1836,3624,triangle,"{""min"": [-0.721225, -0.358598, -0.233443], ""max"": [0.523228, 0.847668, 0.191492]}"
Glasses,D00730.obj,3334,6336,triangle,"{""min"": [-0.483262, -0.868901, -0.127724], ""max"": [0.648804, 0.380136, 0.09945]}"
Glasses,D00813.obj,696,1364,triangle,"{""min"": [-0.592931, -0.442166, -0.220315], ""max"": [0.650733, 0.640606, 0.23731]}"
Glasses,D00816.obj,15752,30220,triangle,"{""min"": [-0.739573, -0.950918, -0.123246], ""max"": [0.543667, 0.332378, 0.088174]}"
Glasses,D00877.obj,2864,5414,triangle,"{""min"": [-0.799376, -0.656955, -0.262726], ""max"": [0.607667, 0.660164, 0.14246]}"
Glasses,D00883.obj,2804,5504,triangle,"{""min"": [-0.853373, -0.29359, -0.056078], ""max"": [0.503224, 1.06823, 0.153361]}"
Glasses,D00937.obj,312,280,triangle,"{""min"": [-0.525878, -0.389073, -0.151849], ""max"": [0.778809, 0.892906, 0.109602]}"
Glasses,D00994.obj,2199,4312,triangle,"{""min"": [-0.737751, -0.996489, -0.122722], ""max"": [0.459597, 0.253962, 0.137724]}"
Guitar,D00023.obj,3655,7019,triangle,"{""min"": [-0.796232, -0.262497, -0.054427], ""max"": [0.751486, 0.27479, 0.109924]}"
Guitar,D00041.obj,28373,50370,triangle,"{""min"": [-0.954516, -0.18077, -0.040154], ""max"": [0.464493, 0.200318, 0.02737]}"
Guitar,D00076.obj,8889,17465,triangle,"{""min"": [-0.750277, -0.267778, -0.03372], ""max"": [0.80501, 0.303992, 0.055867]}"
Guitar,D00097.obj,270,448,triangle,"{""min"": [-0.736794, -0.21092, -0.120674], ""max"": [0.808166, 0.246712, 0.02709]}"
Guitar,D00124.obj,2013,2871,triangle,"{""min"": [-0.662394, -0.218193, -0.046556], ""max"": [0.834363, 0.256949, 0.052156]}"
Guitar,D00222.obj,1068,1998,triangle,"{""min"": [-0.802099, -0.325662, -0.122863], ""max"": [1.00169, 0.298917, 0.090693]}"
Guitar,D00232.obj,7781,12087,triangle,"{""min"": [-0.669757, -0.33698, -0.137126], ""max"": [0.860566, 0.302068, 0.112353]}"
Guitar,D00335.obj,32795,64993,triangle,"{""min"": [-0.742286, -0.285896, -0.062144], ""max"": [0.775042, 0.246724, 0.129719]}"
Guitar,D00374.obj,1491,2575,triangle,"{""min"": [-1.04142, -0.226905, -0.08488], ""max"": [0.464543, 0.207119, 0.083787]}"
Guitar,D00414.obj,947,1397,triangle,"{""min"": [-0.861591, -0.187211, -0.151303], ""max"": [0.777109, 0.326456, 0.097247]}"
Guitar,D00416.obj,4694,9011,triangle,"{""min"": [-0.872283, -0.288835, -0.093521], ""max"": [0.587531, 0.2832, 0.055506]}"
Guitar,D00461.obj,8636,16932,triangle,"{""min"": [-0.787248, -0.239581, -0.047724], ""max"": [0.8791, 0.270428, 0.064037]}"
Guitar,D00464.obj,3016,5657,triangle,"{""min"": [-0.844418, -0.240079, -0.140326], ""max"": [0.698593, 0.411624, 0.111249]}"
Guitar,D00494.obj,32748,47406,triangle,"{""min"": [-0.826765, -0.175486, -0.069655], ""max"": [0.640354, 0.204035, 0.063467]}"
Guitar,D00534.obj,1864,3600,triangle,"{""min"": [-0.726362, -0.239725, -0.08063], ""max"": [0.720691, 0.227699, 0.07686]}"
Guitar,D00549.obj,10340,20236,triangle,"{""min"": [-0.663169, -0.278976, -0.021161], ""max"": [0.856067, 0.145906, 0.060895]}"
Guitar,D00645.obj,1033,1932,triangle,"{""min"": [-1.04426, -0.213903, -0.072762], ""max"": [0.431459, 0.315375, 0.061381]}"
Guitar,D00655.obj,8251,11008,triangle,"{""min"": [-0.774865, -0.305031, -0.015852], ""max"": [0.791883, 0.309747, 0.029027]}"
Guitar,D00844.obj,9253,13769,triangle,"{""min"": [-0.878815, -0.313658, -0.132861], ""max"": [0.725749, 0.30587, 0.214252]}"
Guitar,D00849.obj,29495,58093,triangle,"{""min"": [-0.674278, -0.286515, -0.057612], ""max"": [0.860378, 0.219462, 0.123724]}"
Gun,D00103.obj,1931,1654,triangle,"{""min"": [-0.795672, -0.453606, -0.096347], ""max"": [0.776603, 0.434456, 0.151426]}"
Gun,D00137.obj,5308,10332,triangle,"{""min"": [-1.04743, -0.362179, -0.112803], ""max"": [0.796371, 0.405965, 0.104621]}"
Gun,D00140.obj,4462,8734,triangle,"{""min"": [-1.01718, -0.329426, -0.126773], ""max"": [0.834684, 0.33998, 0.108157]}"
Gun,D00153.obj,364,704,triangle,"{""min"": [-0.774471, -0.435366, -0.109726], ""max"": [0.976852, 0.412921, 0.103612]}"
Gun,D00161.obj,302,572,triangle,"{""min"": [-0.79135, -0.452913, -0.153678], ""max"": [1.02624, 0.546079, 0.101841]}"
Gun,D00204.obj,5558,10640,triangle,"{""min"": [-0.781536, -0.608466, -0.128401], ""max"": [1.0094, 0.451569, 0.146249]}"
Gun,D00207.obj,16366,31917,triangle,"{""min"": [-0.482214, -0.442009, -0.150585], ""max"": [1.0129, 0.359644, 0.103934]}"
Gun,D00209.obj,6826,6484,triangle,"{""min"": [-1.01113, -0.578126, -0.168384], ""max"": [0.681548, 0.35909, 0.179591]}"
Gun,D00239.obj,2121,4229,triangle,"{""min"": [-0.645559, -0.260866, -0.05666], ""max"": [1.01275, 0.221899, 0.065709]}"
Gun,D00244.obj,299,558,triangle,"{""min"": [-0.755681, -0.426545, -0.166549], ""max"": [1.05437, 0.624702, 0.122758]}"
Gun,D00282.obj,3835,7618,triangle,"{""min"": [-1.08173, -0.268859, -0.131851], ""max"": [0.778063, 0.456446, 0.167787]}"
Gun,D00368.obj,4651,9270,triangle,"{""min"": [-0.896468, -0.548704, -0.142997], ""max"": [1.00275, 0.480884, 0.157207]}"
Gun,D00425.obj,10850,21237,triangle,"{""min"": [-0.816858, -0.405542, -0.07611], ""max"": [0.948911, 0.486052, 0.106463]}"
Gun,D00477.obj,2147,3772,triangle,"{""min"": [-0.88917, -0.142298, -0.069242], ""max"": [0.967026, 0.25725, 0.040597]}"
Gun,D00606.obj,3338,6668,triangle,"{""min"": [-0.745833, -0.401651, -0.222344], ""max"": [1.13767, 0.703257, 0.121953]}"
Gun,D00802.obj,300,564,triangle,"{""min"": [-0.541029, -0.314238, -0.088182], ""max"": [1.0134, 0.294637, 0.064344]}"
Gun,D00819.obj,17257,34169,triangle,"{""min"": [-0.754944, -0.584595, -0.132595], ""max"": [0.996926, 0.306185, 0.13543]}"
Gun,D00826.obj,11855,23596,triangle,"{""min"": [-0.842559, -0.297612, -0.119141], ""max"": [0.976257, 0.279814, 0.120482]}"
Gun,D00929.obj,1026,1394,triangle,"{""min"": [-0.822144, -0.551779, -0.112555], ""max"": [1.02365, 0.602898, 0.070117]}"
Gun,D00972.obj,28870,56646,triangle,"{""min"": [-1.23352, -0.405593, -0.156665], ""max"": [0.633474, 0.572147, 0.180521]}"
Gun,m648.obj,1238,2428,triangle,"{""min"": [0.025, 0.025, 0.025], ""max"": [0.975, 0.613562, 0.128121]}"
Gun,m649.obj,1094,1945,triangle,"{""min"": [0.025, 0.025, 0.025], ""max"": [0.975, 0.68525, 0.138763]}"
Gun,m650.obj,1460,2464,triangle,"{""min"": [0.025, 0.025, 0.025], ""max"": [0.975, 0.660075, 0.158238]}"
Gun,m651.obj,91,130,triangle,"{""min"": [0.025, 0.025, 0.025], ""max"": [0.268671, 0.639117, 0.975]}"
Gun,m652.obj,4950,10198,triangle,"{""min"": [0.025, 0.025, 0.025], ""max"": [0.194431, 0.704267, 0.975]}"
Gun,m653.obj,2162,4300,triangle,"{""min"": [0.025, 0.025, 0.025], ""max"": [0.975, 0.466906, 0.16723]}"
Gun,m654.obj,1064,2088,triangle,"{""min"": [0.025, 0.025, 0.025], ""max"": [0.975, 0.555676, 0.114499]}"
Gun,m655.obj,364,704,triangle,"{""min"": [0.025, 0.025, 0.025], ""max"": [0.148819, 0.575499, 0.975]}"
Gun,m656.obj,15763,31098,triangle,"{""min"": [0.025, 0.025, 0.025], ""max"": [0.1677, 0.573957, 0.975]}"
Gun,m657.obj,18283,36520,triangle,"{""min"": [0.025, 0.025, 0.025], ""max"": [0.230622, 0.7468, 0.975]}"
Gun,m658.obj,293,560,triangle,"{""min"": [0.025, 0.025, 0.025], ""max"": [0.189951, 0.617093, 0.975]}"
Gun,m659.obj,1181,2291,triangle,"{""min"": [0.025, 0.025, 0.025], ""max"": [0.975, 0.497961, 0.165304]}"
Gun,m660.obj,1085,3260,triangle,"{""min"": [0.025, 0.025, 0.025], ""max"": [0.15705, 0.526839, 0.975]}"
Gun,m661.obj,370,668,triangle,"{""min"": [0.025, 0.025, 0.025], ""max"": [0.975, 0.151189, 0.54785]}"
Gun,m662.obj,460,828,triangle,"{""min"": [0.025, 0.025, 0.025], ""max"": [0.975, 0.156909, 0.960369]}"
Gun,m663.obj,502,922,triangle,"{""min"": [0.025, 0.025, 0.025], ""max"": [0.975, 0.13951, 0.558544]}"
Gun,m664.obj,4651,9270,triangle,"{""min"": [0.025, 0.025, 0.025], ""max"": [0.975, 0.721188, 0.199559]}"
Gun,m665.obj,1847,3500,triangle,"{""min"": [0.025, 0.025, 0.025], ""max"": [0.184942, 0.685913, 0.975]}"
Gun,m666.obj,13440,26860,triangle,"{""min"": [0.025, 0.025, 0.025], ""max"": [0.975, 0.69407, 0.267973]}"
Gun,m667.obj,767,1500,triangle,"{""min"": [0.025, 0.025, 0.025], ""max"": [0.115473, 0.421568, 0.975]}"
Gun,m668.obj,1414,2538,triangle,"{""min"": [0.025, 0.025, 0.025], ""max"": [0.095224, 0.307539, 0.975]}"
Gun,m669.obj,1070,1832,triangle,"{""min"": [0.025, 0.025, 0.025], ""max"": [0.10005, 0.164887, 0.975]}"
Gun,m670.obj,3285,6538,triangle,"{""min"": [0.025, 0.025, 0.025], ""max"": [0.975, 0.336501, 0.071794]}"
Gun,m671.obj,1190,2302,triangle,"{""min"": [0.025, 0.025, 0.025], ""max"": [0.075425, 0.237805, 0.975]}"
Gun,m672.obj,140,252,triangle,"{""min"": [0.025, 0.025, 0.025], ""max"": [0.068667, 0.238619, 0.975]}"
Gun,m674.obj,7722,15199,triangle,"{""min"": [0.025, 0.025, 0.025], ""max"": [0.071835, 0.254259, 0.975]}"
Gun,m675.obj,438,640,triangle,"{""min"": [0.025, 0.025, 0.025], ""max"": [0.975, 0.274906, 0.114237]}"
Gun,m676.obj,485,910,triangle,"{""min"": [0.025, 0.025, 0.025], ""max"": [0.194667, 0.269866, 0.975]}"
Gun,m677.obj,3330,6623,triangle,"{""min"": [0.025, 0.025, 0.025], ""max"": [0.975, 0.147214, 0.060332]}"
Gun,m678.obj,1305,2216,triangle,"{""min"": [0.025, 0.025, 0.025], ""max"": [0.066242, 0.212036, 0.975]}"
Gun,m679.obj,2003,3774,triangle,"{""min"": [0.025, 0.025, 0.025], ""max"": [0.078136, 0.243081, 0.975]}"
Gun,m680.obj,2823,5500,triangle,"{""min"": [0.025, 0.025, 0.025], ""max"": [0.060861, 0.117672, 0.975]}"
Gun,m681.obj,630,1160,triangle,"{""min"": [0.025, 0.025, 0.025], ""max"": [0.975, 0.08651, 0.284788]}"
Gun,m682.obj,550,926,triangle,"{""min"": [0.025, 0.025, 0.025], ""max"": [0.975, 0.090654, 0.299704]}"
Gun,m683.obj,502,932,triangle,"{""min"": [0.025, 0.025, 0.025], ""max"": [0.190799, 0.093371, 0.975]}"
Gun,m684.obj,27919,55732,triangle,"{""min"": [0.025, 0.025, 0.025], ""max"": [0.975, 0.520892, 0.330532]}"
Gun,m685.obj,280,550,triangle,"{""min"": [0.025, 0.025, 0.025], ""max"": [0.187948, 0.337259, 0.975]}"
Gun,m686.obj,879,1721,triangle,"{""min"": [0.025, 0.025, 0.025], ""max"": [0.975, 0.10846, 0.256575]}"
Hand,D01006.obj,7929,15855,triangle,"{""min"": [0.025, 0.025, 0.025], ""max"": [0.576129, 0.975, 0.67506]}"
Hand,D01020.obj,8524,17044,triangle,"{""min"": [-0.392205, -0.716188, -0.321593], ""max"": [0.324763, 0.978171, 0.425116]}"
Hand,D01022.obj,799,1710,triangle,"{""min"": [0.025, 0.025, 0.025], ""max"": [0.975, 0.39912, 0.522038]}"
Hand,D01024.obj,114,204,triangle,"{""min"": [0.025, 0.025, 0.025], ""max"": [0.795743, 0.975, 0.40055]}"
Hand,D01041.obj,1546,2878,triangle,"{""min"": [0.025, 0.025, 0.025], ""max"": [0.465624, 0.975, 0.533065]}"
Hand,D01060.obj,1521,2828,triangle,"{""min"": [0.025, 0.025, 0.025], ""max"": [0.426691, 0.975, 0.525357]}"
Hand,D01074.obj,421,837,triangle,"{""min"": [0.025, 0.025, 0.025], ""max"": [0.384709, 0.975, 0.563866]}"
Hand,D01093.obj,8471,16938,triangle,"{""min"": [-0.438509, -0.763159, -0.282379], ""max"": [0.357895, 0.989234, 0.378968]}"
Hand,D01097.obj,6191,12378,triangle,"{""min"": [0.025, 0.025, 0.025], ""max"": [0.87866, 0.975, 0.354297]}"
Hand,D01106.obj,2248,4466,triangle,"{""min"": [0.025, 0.025, 0.025], ""max"": [0.190557, 0.134926, 0.975]}"
Hand,D01117.obj,6038,12072,triangle,"{""min"": [0.025, 0.025, 0.025], ""max"": [0.975, 0.850934, 0.263156]}"
Hand,D01118.obj,1557,3110,triangle,"{""min"": [0.025, 0.025, 0.025], ""max"": [0.572276, 0.346703, 0.975]}"
Hand,D01153.obj,25001,49998,triangle,"{""min"": [0.025, 0.025, 0.025], ""max"": [0.354705, 0.293481, 0.975]}"
Hand,D01162.obj,1198,2392,triangle,"{""min"": [0.025, 0.025, 0.025], ""max"": [0.858363, 0.783293, 0.975]}"
Hand,D01170.obj,1547,3090,triangle,"{""min"": [0.025, 0.025, 0.025], ""max"": [0.489372, 0.367234, 0.975]}"
Hand,D01172.obj,43386,86361,triangle,"{""min"": [0.025, 0.025, 0.025], ""max"": [0.351535, 0.975, 0.370544]}"
Hand,D01193.obj,386,768,triangle,"{""min"": [0.025, 0.025, 0.025], ""max"": [0.775154, 0.395345, 0.975]}"
Hand,D01197.obj,7112,14220,triangle,"{""min"": [-0.527846, -0.584171, -0.265788], ""max"": [0.706539, 0.991672, 0.368778]}"
Hand,D01198.obj,1925,3846,triangle,"{""min"": [0.025, 0.025, 0.025], ""max"": [0.245675, 0.179601, 0.975]}"
Hand,D01200.obj,7314,14624,triangle,"{""min"": [-0.409487, -0.623273, -0.258065], ""max"": [0.345461, 0.982069, 0.348208]}"
Hand,m323.obj,43386,86361,triangle,"{""min"": [0.025, 0.025, 0.025], ""max"": [0.351535, 0.975, 0.370544]}"
Hand,m324.obj,25001,49998,triangle,"{""min"": [0.025, 0.025, 0.025], ""max"": [0.354705, 0.293481, 0.975]}"
Hand,m325.obj,1546,2878,triangle,"{""min"": [0.025, 0.025, 0.025], ""max"": [0.465624, 0.975, 0.533065]}"
Hand,m326.obj,1521,2828,triangle,"{""min"": [0.025, 0.025, 0.025], ""max"": [0.426691, 0.975, 0.525357]}"
Hand,m327.obj,386,768,triangle,"{""min"": [0.025, 0.025, 0.025], ""max"": [0.775154, 0.395345, 0.975]}"
Hand,m328.obj,6038,12072,triangle,"{""min"": [0.025, 0.025, 0.025], ""max"": [0.975, 0.850934, 0.263156]}"
Hand,m329.obj,6191,12378,triangle,"{""min"": [0.025, 0.025, 0.025], ""max"": [0.87866, 0.975, 0.354297]}"
Hand,m330.obj,799,1710,triangle,"{""min"": [0.025, 0.025, 0.025], ""max"": [0.975, 0.39912, 0.522038]}"
Hand,m331.obj,421,837,triangle,"{""min"": [0.025, 0.025, 0.025], ""max"": [0.384709, 0.975, 0.563866]}"
Hand,m332.obj,1198,2392,triangle,"{""min"": [0.025, 0.025, 0.025], ""max"": [0.858363, 0.783293, 0.975]}"
Hand,m333.obj,1023,2042,triangle,"{""min"": [0.025, 0.025, 0.025], ""max"": [0.908244, 0.665105, 0.975]}"
Hand,m334.obj,114,204,triangle,"{""min"": [0.025, 0.025, 0.025], ""max"": [0.795743, 0.975, 0.40055]}"
Hand,m335.obj,7929,15855,triangle,"{""min"": [0.025, 0.025, 0.025], ""max"": [0.576129, 0.975, 0.67506]}"
Hand,m336.obj,1557,3110,triangle,"{""min"": [0.025, 0.025, 0.025], ""max"": [0.572276, 0.346703, 0.975]}"
Hand,m337.obj,1925,3846,triangle,"{""min"": [0.025, 0.025, 0.025], ""max"": [0.245675, 0.179601, 0.975]}"
Hand,m338.obj,1547,3090,triangle,"{""min"": [0.025, 0.025, 0.025], ""max"": [0.489372, 0.367234, 0.975]}"
Hand,m339.obj,2248,4466,triangle,"{""min"": [0.025, 0.025, 0.025], ""max"": [0.190557, 0.134926, 0.975]}"
Hat,m1627.obj,1009,1998,triangle,"{""min"": [0.025, 0.025, 0.025], ""max"": [0.975, 0.462361, 0.690203]}"
Hat,m1628.obj,958,1500,triangle,"{""min"": [0.025, 0.025, 0.025], ""max"": [0.790791, 0.555515, 0.975]}"
Hat,m1629.obj,2388,4284,triangle,"{""min"": [0.025, 0.025, 0.025], ""max"": [0.729621, 0.448129, 0.975]}"
Hat,m1630.obj,562,1120,triangle,"{""min"": [0.025, 0.025, 0.025], ""max"": [0.892071, 0.447202, 0.975]}"
Hat,m1631.obj,2064,3414,triangle,"{""min"": [0.025, 0.025, 0.025], ""max"": [0.854637, 0.488631, 0.975]}"
Hat,m1632.obj,1264,2574,triangle,"{""min"": [0.025, 0.025, 0.025], ""max"": [0.862625, 0.795065, 0.975]}"
Hat,m1633.obj,1400,2653,triangle,"{""min"": [0.025, 0.025, 0.025], ""max"": [0.505742, 0.849176, 0.975]}"
Hat,m1634.obj,5814,11562,triangle,"{""min"": [0.025, 0.025, 0.025], ""max"": [0.927438, 0.685583, 0.975]}"
Hat,m1635.obj,5092,10190,triangle,"{""min"": [0.025, 0.025, 0.025], ""max"": [0.844032, 0.698107, 0.975]}"
Hat,m1636.obj,426,848,triangle,"{""min"": [0.025, 0.025, 0.025], ""max"": [0.893712, 0.898678, 0.975]}"
Hat,m1637.obj,1002,2000,triangle,"{""min"": [0.025, 0.025, 0.025], ""max"": [0.784695, 0.681205, 0.975]}"
Hat,m1638.obj,8815,17640,triangle,"{""min"": [0.025, 0.025, 0.025], ""max"": [0.789762, 0.484525, 0.975]}"
Hat,m1639.obj,2029,4000,triangle,"{""min"": [0.025, 0.025, 0.025], ""max"": [0.664693, 0.975, 0.892742]}"
Hat,m1640.obj,1002,2000,triangle,"{""min"": [0.025, 0.025, 0.025], ""max"": [0.727928, 0.704653, 0.975]}"
Hat,m1641.obj,1256,2500,triangle,"{""min"": [0.025, 0.025, 0.025], ""max"": [0.558568, 0.975, 0.771103]}"
Helicopter,D00038.obj,13309,25129,triangle,"{""min"": [-0.852061, -0.325843, -0.198539], ""max"": [1.00076, 0.183623, 0.129104]}"
Helicopter,D00191.obj,4498,8476,triangle,"{""min"": [-0.920097, -0.62371, -0.258189], ""max"": [0.746514, 0.731472, 0.335164]}"
Helicopter,D00361.obj,27062,51403,triangle,"{""min"": [-0.890481, -0.648252, -0.281569], ""max"": [0.862211, 0.747648, 0.198595]}"
Helicopter,D00397.obj,5567,7990,triangle,"{""min"": [-0.812536, -0.539772, -0.288629], ""max"": [0.953353, 0.837998, 0.23361]}"
Helicopter,D00423.obj,1362,2668,triangle,"{""min"": [-1.07205, -0.619176, -0.180666], ""max"": [0.614204, 0.674197, 0.309461]}"
Helicopter,D00470.obj,496,923,triangle,"{""min"": [-1.04656, -0.470549, -0.440528], ""max"": [0.761715, 0.804983, 0.212143]}"
Helicopter,D00471.obj,10985,20598,triangle,"{""min"": [-1.01771, -0.773587, -0.280863], ""max"": [0.917997, 0.809146, 0.218196]}"
Helicopter,D00473.obj,5823,8027,triangle,"{""min"": [-0.983973, -0.508541, -0.802736], ""max"": [0.736932, 0.369741, 0.567885]}"
Helicopter,D00498.obj,2133,3406,triangle,"{""min"": [-1.05983, -0.649526, -0.184428], ""max"": [0.718282, 0.6884, 0.297431]}"
Helicopter,D00500.obj,9980,16677,triangle,"{""min"": [-1.02993, -0.9081, -0.252585], ""max"": [0.754817, 0.459728, 0.219288]}"
Helicopter,D00502.obj,3716,5138,triangle,"{""min"": [-1.0631, -0.309767, -0.659235], ""max"": [0.87532, 0.274745, 0.600796]}"
Helicopter,D00644.obj,35044,70103,triangle,"{""min"": [-0.956766, -0.797532, -0.198452], ""max"": [0.915133, 0.934814, 0.161666]}"
Helicopter,D00658.obj,2770,4664,triangle,"{""min"": [-0.730894, -0.551787, -0.328449], ""max"": [1.0857, 0.834034, 0.248646]}"
Helicopter,D00751.obj,17617,34164,triangle,"{""min"": [-0.969644, -0.744752, -0.202847], ""max"": [0.797196, 0.770175, 0.258086]}"
Helicopter,D00796.obj,222,368,triangle,"{""min"": [-0.749979, -0.889721, -0.316135], ""max"": [0.832151, 0.939418, 0.245196]}"
Helicopter,D00820.obj,2929,4000,triangle,"{""min"": [-0.663932, -0.607224, -0.242884], ""max"": [0.844106, 0.494945, 0.261522]}"
Helicopter,D00868.obj,748,1325,triangle,"{""min"": [-0.633154, -0.5954, -0.13749], ""max"": [1.0153, 0.654355, 0.174547]}"
Helicopter,D00977.obj,5681,8498,triangle,"{""min"": [-0.9477, -0.601495, -0.220123], ""max"": [0.847368, 0.761031, 0.231861]}"
Helicopter,D00986.obj,1176,2060,triangle,"{""min"": [-0.780879, -0.471915, -0.122947], ""max"": [0.956675, 0.732233, 0.175549]}"
Helicopter,D00991.obj,1988,3391,triangle,"{""min"": [-1.03598, -0.30443, -0.255449], ""max"": [0.65601, 0.543631, 0.384601]}"
Helicopter,m1302.obj,1058,1882,triangle,"{""min"": [0.025, 0.025, 0.025], ""max"": [0.211885, 0.289754, 0.975]}"
Helicopter,m1304.obj,1066,2094,triangle,"{""min"": [0.025, 0.025, 0.025], ""max"": [0.266506, 0.373271, 0.975]}"
Helicopter,m1305.obj,7105,14168,triangle,"{""min"": [0.025, 0.025, 0.025], ""max"": [0.975, 0.271097, 0.166684]}"
Helicopter,m1306.obj,8547,17806,triangle,"{""min"": [0.025, 0.025, 0.025], ""max"": [0.751962, 0.310837, 0.975]}"
Helicopter,m1307.obj,18454,34708,triangle,"{""min"": [0.025, 0.025, 0.025], ""max"": [0.753955, 0.336938, 0.975]}"
Helicopter,m1308.obj,58392,116773,triangle,"{""min"": [0.025, 0.025, 0.025], ""max"": [0.915335, 0.251275, 0.975]}"
Helicopter,m1309.obj,2046,3460,triangle,"{""min"": [0.025, 0.025, 0.025], ""max"": [0.975, 0.262523, 0.652485]}"
Helicopter,m1310.obj,1362,2668,triangle,"{""min"": [0.025, 0.025, 0.025], ""max"": [0.77452, 0.29927, 0.975]}"
Helicopter,m1311.obj,1006,2008,triangle,"{""min"": [0.025, 0.025, 0.025], ""max"": [0.851879, 0.20723, 0.975]}"
Helicopter,m1312.obj,222,368,triangle,"{""min"": [0.025, 0.025, 0.025], ""max"": [0.975, 0.311245, 0.839692]}"
Helicopter,m1313.obj,1610,2952,triangle,"{""min"": [0.025, 0.025, 0.025], ""max"": [0.813506, 0.975, 0.29115]}"
Helicopter,m1314.obj,1644,2996,triangle,"{""min"": [0.025, 0.025, 0.025], ""max"": [0.975, 0.767999, 0.391399]}"
Helicopter,m1315.obj,510,844,triangle,"{""min"": [0.025, 0.025, 0.025], ""max"": [0.752246, 0.975, 0.226254]}"
Helicopter,m1316.obj,396,682,triangle,"{""min"": [0.025, 0.025, 0.025], ""max"": [0.975, 0.580851, 0.258243]}"
Helicopter,m1317.obj,1176,2060,triangle,"{""min"": [0.025, 0.025, 0.025], ""max"": [0.975, 0.669317, 0.224073]}"
Helicopter,m1318.obj,1162,2056,triangle,"{""min"": [0.025, 0.025, 0.025], ""max"": [0.975, 0.75913, 0.250313]}"
Helicopter,m1319.obj,598,1004,triangle,"{""min"": [0.025, 0.025, 0.025], ""max"": [0.687735, 0.975, 0.178555]}"
Helicopter,m1320.obj,7818,14166,triangle,"{""min"": [0.025, 0.025, 0.025], ""max"": [0.762713, 0.312566, 0.975]}"
Helicopter,m1321.obj,2752,5138,triangle,"{""min"": [0.025, 0.025, 0.025], ""max"": [0.658962, 0.279761, 0.975]}"
Helicopter,m1322.obj,675,1270,triangle,"{""min"": [0.025, 0.025, 0.025], ""max"": [0.858476, 0.975, 0.290439]}"
Helicopter,m1323.obj,6136,10656,triangle,"{""min"": [0.025, 0.025, 0.025], ""max"": [0.802266, 0.474942, 0.975]}"
Helicopter,m1325.obj,1545,2438,triangle,"{""min"": [0.025, 0.025, 0.025], ""max"": [0.837723, 0.975, 0.299723]}"
Helicopter,m1326.obj,1545,2709,triangle,"{""min"": [0.025, 0.025, 0.025], ""max"": [0.975, 0.30347, 0.840149]}"
Helicopter,m1327.obj,7851,14167,triangle,"{""min"": [0.025, 0.025, 0.025], ""max"": [0.762712, 0.975, 0.312559]}"
Helicopter,m1328.obj,3218,6448,triangle,"{""min"": [0.025, 0.025, 0.025], ""max"": [0.975, 0.318917, 0.789381]}"
Helicopter,m1329.obj,665,1242,triangle,"{""min"": [0.025, 0.025, 0.025], ""max"": [0.787129, 0.574544, 0.975]}"
Helicopter,m1330.obj,294,578,triangle,"{""min"": [0.025, 0.025, 0.025], ""max"": [0.222571, 0.251327, 0.975]}"
Helicopter,m1332.obj,496,923,triangle,"{""min"": [0.025, 0.025, 0.025], ""max"": [0.729325, 0.320984, 0.975]}"
Helicopter,m1333.obj,439,900,triangle,"{""min"": [0.025, 0.025, 0.025], ""max"": [0.815941, 0.273015, 0.975]}"
Helicopter,m1334.obj,267,524,triangle,"{""min"": [0.025, 0.025, 0.025], ""max"": [0.815539, 0.272406, 0.975]}"
Helicopter,m1336.obj,1201,2319,triangle,"{""min"": [0.025, 0.025, 0.025], ""max"": [0.740421, 0.286153, 0.975]}"
House,D00001.obj,46622,90161,triangle,"{""min"": [-0.725983, -0.989338, -0.54204], ""max"": [1.0083, 0.753159, 0.440249]}"
House,D00044.obj,10202,19412,triangle,"{""min"": [-0.708583, -0.698916, -0.488624], ""max"": [0.932177, 0.993506, 0.481474]}"
House,D00091.obj,617,768,triangle,"{""min"": [-1.13091, -0.742037, -0.348436], ""max"": [0.54241, 0.5683, 0.703398]}"
House,D00095.obj,3375,3304,triangle,"{""min"": [-0.759361, -0.941489, -0.22936], ""max"": [1.17385, 0.914965, 0.497921]}"
House,D00286.obj,28479,62973,triangle,"{""min"": [-0.857416, -0.919802, -0.387521], ""max"": [0.880342, 0.854694, 0.521237]}"
House,D00325.obj,10373,16975,triangle,"{""min"": [-0.612132, -0.782742, -0.944942], ""max"": [1.00306, 0.784967, 0.684138]}"
House,D00359.obj,35522,66144,triangle,"{""min"": [-1.01194, -0.933903, -0.420798], ""max"": [0.722748, 0.827164, 0.609186]}"
House,D00389.obj,27493,50407,triangle,"{""min"": [-1.08453, -0.830679, -0.45565], ""max"": [0.749038, 0.871337, 0.476385]}"
House,D00415.obj,25185,46904,triangle,"{""min"": [-0.796194, -0.631622, -0.968474], ""max"": [0.780989, 0.446287, 0.397777]}"
House,D00454.obj,6044,10208,triangle,"{""min"": [-0.791773, -0.631246, -0.254815], ""max"": [1.06149, 0.480165, 0.497624]}"
House,D00568.obj,2852,5384,triangle,"{""min"": [-0.568385, -0.573567, -0.87708], ""max"": [1.0051, 0.685736, 0.441765]}"
House,D00574.obj,15615,68220,triangle,"{""min"": [-0.93802, -0.88054, -0.39995], ""max"": [0.804466, 0.84191, 0.340938]}"
House,D00665.obj,1216,2109,triangle,"{""min"": [-0.808512, -0.817056, -0.625194], ""max"": [0.873839, 0.796548, 0.642041]}"
House,D00873.obj,6380,13009,triangle,"{""min"": [-0.727891, -0.804818, -0.470024], ""max"": [1.06092, 1.00815, 0.369889]}"
House,D00889.obj,2050,2048,triangle,"{""min"": [-0.803571, -0.905614, -0.342139], ""max"": [1.03017, 0.809153, 0.582333]}"
House,D00901.obj,17257,40698,triangle,"{""min"": [-0.811374, -1.00023, -0.516602], ""max"": [0.975421, 0.782342, 0.385005]}"
House,D00903.obj,28137,55333,triangle,"{""min"": [-1.05637, -0.789526, -0.461774], ""max"": [0.729164, 0.677664, 0.436233]}"
House,D00941.obj,8511,15800,triangle,"{""min"": [-0.763097, -0.626248, -0.369734], ""max"": [1.00679, 0.222043, 0.427775]}"
House,D00946.obj,7423,15272,triangle,"{""min"": [-0.586741, -0.7919, -0.638984], ""max"": [0.947118, 0.772569, 0.586171]}"
House,D00965.obj,1752,2800,triangle,"{""min"": [-0.924144, -0.920493, -0.397412], ""max"": [0.785336, 0.799208, 0.337556]}"
House,m423.obj,35,48,triangle,"{""min"": [0.025, 0.025, 0.025], ""max"": [0.975, 0.309109, 0.390835]}"
House,m429.obj,14312,27982,triangle,"{""min"": [0.025, 0.025, 0.025], ""max"": [0.975, 0.563535, 0.94639]}"
House,m430.obj,1686,2832,triangle,"{""min"": [0.025, 0.025, 0.025], ""max"": [0.975, 0.452011, 0.72239]}"
House,m431.obj,966,1275,triangle,"{""min"": [0.025, 0.025, 0.025], ""max"": [0.975, 0.165267, 0.482454]}"
House,m432.obj,722,1207,triangle,"{""min"": [0.025, 0.025, 0.025], ""max"": [0.975, 0.329799, 0.956643]}"
House,m433.obj,2380,4236,triangle,"{""min"": [0.025, 0.025, 0.025], ""max"": [0.975, 0.224068, 0.888636]}"
House,m434.obj,22,26,triangle,"{""min"": [0.025, 0.025, 0.025], ""max"": [0.658333, 0.975, 0.975]}"
House,m435.obj,119,184,triangle,"{""min"": [0.025, 0.025, 0.025], ""max"": [0.975, 0.345625, 0.5]}"
House,m436.obj,220,240,triangle,"{""min"": [0.025, 0.025, 0.025], ""max"": [0.975, 0.351567, 0.485656]}"
House,m439.obj,356,532,triangle,"{""min"": [0.025, 0.025, 0.025], ""max"": [0.588834, 0.191202, 0.975]}"
House,m440.obj,411,906,triangle,"{""min"": [0.025, 0.025, 0.025], ""max"": [0.651804, 0.465722, 0.975]}"
House,m441.obj,2086,2283,triangle,"{""min"": [0.025, 0.025, 0.025], ""max"": [0.677893, 0.437597, 0.975]}"
House,m443.obj,284,417,triangle,"{""min"": [0.025, 0.025, 0.025], ""max"": [0.578512, 0.464669, 0.975]}"
House,m446.obj,20624,35236,triangle,"{""min"": [0.025, 0.025, 0.025], ""max"": [0.975, 0.278717, 0.690334]}"
House,m447.obj,1455,2370,triangle,"{""min"": [0.025, 0.025, 0.025], ""max"": [0.975, 0.476412, 0.465257]}"
House,m448.obj,762,1502,triangle,"{""min"": [0.025, 0.025, 0.025], ""max"": [0.714563, 0.975, 0.899309]}"
House,m449.obj,221,328,triangle,"{""min"": [0.025, 0.025, 0.025], ""max"": [0.680584, 0.524678, 0.975]}"
House,m451.obj,905,1696,triangle,"{""min"": [0.025, 0.025, 0.025], ""max"": [0.975, 0.246661, 0.537424]}"
House,m452.obj,2557,5111,triangle,"{""min"": [0.025, 0.025, 0.025], ""max"": [0.975, 0.743442, 0.766431]}"
House,m453.obj,2385,5116,triangle,"{""min"": [0.025, 0.025, 0.025], ""max"": [0.975, 0.825198, 0.739061]}"
House,m454.obj,200,216,triangle,"{""min"": [0.025, 0.025, 0.025], ""max"": [0.975, 0.3874, 0.55505]}"
House,m456.obj,607,703,triangle,"{""min"": [0.025, 0.025, 0.025], ""max"": [0.975, 0.484462, 0.942795]}"
House,m457.obj,284,417,triangle,"{""min"": [0.025, 0.025, 0.025], ""max"": [0.578512, 0.464669, 0.975]}"
House,m460.obj,4748,8520,triangle,"{""min"": [0.025, 0.025, 0.025], ""max"": [0.975, 0.680991, 0.755004]}"
House,m461.obj,816,1587,triangle,"{""min"": [0.025, 0.025, 0.025], ""max"": [0.975, 0.825235, 0.716057]}"
House,m462.obj,25,22,triangle,"{""min"": [0.025, 0.025, 0.025], ""max"": [0.680247, 0.60382, 0.975]}"
HumanHead,D00013.obj,5244,30981,triangle,"{""min"": [-3.80574, -0.905669, 15.1802], ""max"": [-1.68524, 1.57128, 18.3088]}"
HumanHead,D00061.obj,5119,13146,triangle,"{""min"": [2.83774, 3.56151, 1.27751], ""max"": [7.70361, 5.43307, 12.925]}"
HumanHead,D00072.obj,5284,31161,triangle,"{""min"": [-1.97504, -0.950931, 0.004771], ""max"": [-0.280246, 0.917072, 2.4266]}"
HumanHead,D00106.obj,5276,31296,triangle,"{""min"": [-0.484285, -0.172062, -0.062946], ""max"": [0.457483, 0.653258, 1.13525]}"
HumanHead,D00131.obj,5161,30666,triangle,"{""min"": [0.000975659, -7.30314, 5.14742], ""max"": [3.7345, -2.34325, 11.029]}"
HumanHead,D00205.obj,1394,6816,triangle,"{""min"": [-4.16346, 0.400813, -4.33926], ""max"": [1.06952, 8.1977, 4.8042]}"
HumanHead,D00313.obj,6146,36864,triangle,"{""min"": [0.154346, 0.153909, 0.164127], ""max"": [0.463039, 0.461727, 0.492382]}"
HumanHead,D00434.obj,4296,24864,triangle,"{""min"": [-2.332787, -2.775222, -0.345865], ""max"": [2.516378, 4.088265, 5.562175]}"
HumanHead,D00487.obj,3224,19092,triangle,"{""min"": [-0.383864, -1.359879, -0.007895], ""max"": [0.390676, -0.567343, 0.973781]}"
HumanHead,D00488.obj,6211,37047,triangle,"{""min"": [-0.1068, 1.6164, -0.005186], ""max"": [0.107003, 1.85664, 0.252218]}"
HumanHead,D00566.obj,1919,11118,triangle,"{""min"": [11598.773808, -11225.927771, 7202.7923], ""max"": [11787.050831, -10979.020938, 7483.176055]}"
HumanHead,D00578.obj,7968,47469,triangle,"{""min"": [-33.6143, -30.3405, -0.288122], ""max"": [0.060443, 1.37269, 39.2622]}"
HumanHead,D00591.obj,5167,30336,triangle,"{""min"": [-1.15729, -1.19965, -2.4486], ""max"": [1.21417, 2.55813, 2.37437]}"
HumanHead,D00610.obj,4503,26382,triangle,"{""min"": [-1.1074, -0.995498, -0.725881], ""max"": [1.3707, 1.4892, 2.1663]}"
HumanHead,D00629.obj,3490,19104,triangle,"{""min"": [-2.239233, -3.131511, 0.302381], ""max"": [-0.927381, -1.919931, 1.807713]}"
HumanHead,D00653.obj,2885,17058,triangle,"{""min"": [-3.140091, 3.699896, -1.581232], ""max"": [-1.519674, 5.596388, 1.432925]}"
HumanHead,D00690.obj,5253,28086,triangle,"{""min"": [6.21476, 9.93734, 0.0], ""max"": [13.0131, 14.1784, 4.81093]}"
HumanHead,D00758.obj,959,5589,triangle,"{""min"": [25.285279, 0.006541, 2.474763], ""max"": [25.875211, 0.667125, 3.257058]}"
HumanHead,D00910.obj,3258,8028,triangle,"{""min"": [-0.936392, -0.78467, 0.0], ""max"": [0.936392, 2.21729, 2.93143]}"
HumanHead,D00984.obj,2319,13848,triangle,"{""min"": [0.702217, -2.2411, -1.39246], ""max"": [5.71839, 1.9349, 5.26677]}"
HumanHead,m340.obj,1426,2790,triangle,"{""min"": [0.025, 0.025, 0.025], ""max"": [0.899009, 0.975, 0.948445]}"
HumanHead,m341.obj,1884,3604,triangle,"{""min"": [0.025, 0.025, 0.025], ""max"": [0.677855, 0.975, 0.821646]}"
HumanHead,m342.obj,1543,2688,triangle,"{""min"": [0.035556, 0.025, 0.025], ""max"": [0.703645, 0.975, 0.828088]}"
HumanHead,m343.obj,1984,3747,triangle,"{""min"": [0.025, 0.025, 0.025], ""max"": [0.691565, 0.975, 0.831068]}"
HumanHead,m344.obj,1996,3564,triangle,"{""min"": [0.025, 0.025, 0.025], ""max"": [0.565271, 0.764697, 0.975]}"
HumanHead,m345.obj,2687,4801,triangle,"{""min"": [0.025, 0.025, 0.025], ""max"": [0.956833, 0.975, 0.901069]}"
HumanHead,m346.obj,484,919,triangle,"{""min"": [0.025, 0.025, 0.025], ""max"": [0.600914, 0.975, 0.759248]}"
HumanHead,m347.obj,906,2070,triangle,"{""min"": [0.025, 0.025, 0.025], ""max"": [0.577333, 0.975, 0.761331]}"
HumanHead,m348.obj,9166,18008,triangle,"{""min"": [0.025, 0.025, 0.025], ""max"": [0.601714, 0.975, 0.746015]}"
HumanHead,m349.obj,26749,51801,triangle,"{""min"": [0.025, 0.025, 0.025], ""max"": [0.716152, 0.975, 0.797975]}"
HumanHead,m350.obj,2034,3946,triangle,"{""min"": [0.025, 0.025, 0.025], ""max"": [0.975, 0.942992, 0.950643]}"
HumanHead,m351.obj,882,1646,triangle,"{""min"": [0.025, 0.025, 0.025], ""max"": [0.736533, 0.975, 0.842455]}"
HumanHead,m352.obj,664,1197,triangle,"{""min"": [0.025, 0.025, 0.025], ""max"": [0.747311, 0.975, 0.941067]}"
HumanHead,m353.obj,7896,15788,triangle,"{""min"": [0.025, 0.025, 0.025], ""max"": [0.699801, 0.975, 0.854086]}"
HumanHead,m354.obj,216,426,triangle,"{""min"": [0.025, 0.025, 0.025], ""max"": [0.548439, 0.975, 0.705157]}"
HumanHead,m355.obj,17358,34712,triangle,"{""min"": [0.025, 0.025, 0.025], ""max"": [0.583424, 0.975, 0.783781]}"
HumanHead,m356.obj,692,1380,triangle,"{""min"": [0.025, 0.025, 0.025], ""max"": [0.743412, 0.975, 0.920425]}"
HumanHead,m357.obj,193,384,triangle,"{""min"": [0.025, 0.025, 0.025], ""max"": [0.763762, 0.975, 0.934332]}"
HumanHead,m358.obj,1173,2260,triangle,"{""min"": [0.025, 0.025, 0.025], ""max"": [0.639618, 0.975, 0.803968]}"
HumanHead,m359.obj,314,615,triangle,"{""min"": [0.025, 0.025, 0.025], ""max"": [0.848333, 0.959167, 0.975]}"
HumanHead,m360.obj,270,536,triangle,"{""min"": [0.025, 0.025, 0.025], ""max"": [0.745789, 0.975, 0.884689]}"
HumanHead,m361.obj,295,557,triangle,"{""min"": [0.025, 0.025, 0.025], ""max"": [0.675685, 0.975, 0.740753]}"
HumanHead,m362.obj,186,360,triangle,"{""min"": [0.025, 0.025, 0.025], ""max"": [0.724783, 0.975, 0.775748]}"
HumanHead,m363.obj,1884,3604,triangle,"{""min"": [0.025, 0.025, 0.025], ""max"": [0.713112, 0.975, 0.895097]}"
HumanHead,m364.obj,263,465,triangle,"{""min"": [0.025, 0.025, 0.025], ""max"": [0.671742, 0.975, 0.911965]}"
HumanHead,m365.obj,17666,35328,triangle,"{""min"": [0.025, 0.025, 0.025], ""max"": [0.823412, 0.975, 0.685598]}"
HumanHead,m366.obj,3009,5951,triangle,"{""min"": [0.025, 0.26627, 0.025], ""max"": [0.465963, 0.975, 0.474444]}"
HumanHead,m367.obj,977,1852,triangle,"{""min"": [0.025, 0.025, 0.025], ""max"": [0.603323, 0.975, 0.630986]}"
HumanHead,m368.obj,2991,5728,triangle,"{""min"": [0.025, 0.025, 0.025], ""max"": [0.710689, 0.975, 0.91419]}"
HumanHead,m369.obj,9843,19492,triangle,"{""min"": [0.025, 0.025, 0.025], ""max"": [0.975, 0.881148, 0.714919]}"
HumanHead,m370.obj,5641,10543,triangle,"{""min"": [0.025, 0.025, 0.025], ""max"": [0.517741, 0.975, 0.646433]}"
Humanoid,m118.obj,472,888,triangle,"{""min"": [0.025, 0.025, 0.025], ""max"": [0.283933, 0.975, 0.197224]}"
Humanoid,m119.obj,450,837,triangle,"{""min"": [0.025, 0.025, 0.025], ""max"": [0.275279, 0.975, 0.216721]}"
Humanoid,m120.obj,467,870,triangle,"{""min"": [0.025, 0.025, 0.025], ""max"": [0.272396, 0.975, 0.222875]}"
Humanoid,m121.obj,471,882,triangle,"{""min"": [0.025, 0.025, 0.025], ""max"": [0.316116, 0.975, 0.205277]}"
Humanoid,m122.obj,443,830,triangle,"{""min"": [0.025, 0.025, 0.025], ""max"": [0.281675, 0.975, 0.275883]}"
Humanoid,m123.obj,474,890,triangle,"{""min"": [0.025, 0.025, 0.025], ""max"": [0.273174, 0.975, 0.285059]}"
Humanoid,m124.obj,473,862,triangle,"{""min"": [0.025, 0.025, 0.025], ""max"": [0.299149, 0.975, 0.234196]}"
Humanoid,m125.obj,1250,2500,triangle,"{""min"": [0.025, 0.025, 0.025], ""max"": [0.353075, 0.291865, 0.975]}"
Humanoid,m126.obj,577,1018,triangle,"{""min"": [0.025, 0.025, 0.025], ""max"": [0.258991, 0.975, 0.174844]}"
Humanoid,m128.obj,458,853,triangle,"{""min"": [0.025, 0.025, 0.025], ""max"": [0.284853, 0.975, 0.242942]}"
Humanoid,m129.obj,1871,8364,triangle,"{""min"": [0.025, 0.02962, 0.025], ""max"": [0.272453, 0.975, 0.205935]}"
Humanoid,m130.obj,1025,1864,triangle,"{""min"": [0.025, 0.025, 0.025], ""max"": [0.292015, 0.975, 0.178544]}"
Humanoid,m131.obj,2012,3012,triangle,"{""min"": [0.025, 0.025, 0.025], ""max"": [0.322927, 0.197527, 0.975]}"
Humanoid,m132.obj,2537,4049,triangle,"{""min"": [0.025, 0.025, 0.025], ""max"": [0.196376, 0.303506, 0.975]}"
Humanoid,m133.obj,2344,4253,triangle,"{""min"": [0.025, 0.025, 0.025], ""max"": [0.334878, 0.975, 0.215259]}"
Humanoid,m134.obj,1962,3615,triangle,"{""min"": [0.025, 0.025, 0.025], ""max"": [0.237936, 0.975, 0.184611]}"
Humanoid,m135.obj,498,919,triangle,"{""min"": [0.025, 0.025, 0.025], ""max"": [0.296721, 0.975, 0.268929]}"
Humanoid,m136.obj,469,869,triangle,"{""min"": [0.025, 0.025, 0.025], ""max"": [0.290972, 0.975, 0.205733]}"
Humanoid,m137.obj,1636,3254,triangle,"{""min"": [0.025, 0.025, 0.025], ""max"": [0.410334, 0.975, 0.232007]}"
Humanoid,m138.obj,7401,14776,triangle,"{""min"": [0.025, 0.025, 0.025], ""max"": [0.380387, 0.254112, 0.975]}"
Humanoid,m139.obj,12180,24200,triangle,"{""min"": [0.025, 0.025, 0.025], ""max"": [0.523247, 0.975, 0.246838]}"
Humanoid,m140.obj,9061,18110,triangle,"{""min"": [0.025, 0.025, 0.025], ""max"": [0.39729, 0.221536, 0.975]}"
Humanoid,m141.obj,2012,3012,triangle,"{""min"": [0.025, 0.025, 0.025], ""max"": [0.325015, 0.975, 0.324737]}"
Humanoid,m143.obj,5647,10737,triangle,"{""min"": [0.025, 0.025, 0.025], ""max"": [0.408698, 0.975, 0.189718]}"
Humanoid,m144.obj,676,1302,triangle,"{""min"": [0.025, 0.025, 0.025], ""max"": [0.332412, 0.975, 0.204358]}"
Humanoid,m145.obj,12758,25506,triangle,"{""min"": [0.025, 0.025, 0.025], ""max"": [0.375543, 0.975, 0.504207]}"
Humanoid,m146.obj,2244,3460,triangle,"{""min"": [0.025, 0.025, 0.025], ""max"": [0.357379, 0.975, 0.399115]}"
Humanoid,m147.obj,4677,8559,triangle,"{""min"": [0.025, 0.025, 0.025], ""max"": [0.355968, 0.975, 0.235159]}"
Humanoid,m148.obj,3964,7707,triangle,"{""min"": [0.025, 0.025, 0.025], ""max"": [0.537379, 0.975, 0.218602]}"
Humanoid,m149.obj,17342,34666,triangle,"{""min"": [0.025, 0.025, 0.025], ""max"": [0.199225, 0.975, 0.31848]}"
Humanoid,m150.obj,2001,3012,triangle,"{""min"": [0.025, 0.025, 0.025], ""max"": [0.237902, 0.975, 0.384098]}"
Humanoid,m151.obj,2996,5954,triangle,"{""min"": [0.025, 0.025, 0.025], ""max"": [0.298278, 0.975, 0.239721]}"
Humanoid,m152.obj,10694,20512,triangle,"{""min"": [0.025, 0.025, 0.025], ""max"": [0.375511, 0.975, 0.249312]}"
Humanoid,m153.obj,10333,18860,triangle,"{""min"": [0.025, 0.025, 0.025], ""max"": [0.326118, 0.975, 0.22299]}"
Humanoid,m154.obj,445,730,triangle,"{""min"": [0.025, 0.025, 0.025], ""max"": [0.316961, 0.975, 0.239042]}"
Humanoid,m155.obj,1290,2576,triangle,"{""min"": [0.025, 0.025, 0.025], ""max"": [0.511014, 0.975, 0.201783]}"
Humanoid,m156.obj,16776,33324,triangle,"{""min"": [0.025, 0.025, 0.025], ""max"": [0.409514, 0.975, 0.211205]}"
Humanoid,m157.obj,747,1430,triangle,"{""min"": [0.395717, 0.036707, 0.025], ""max"": [0.656239, 0.69296, 0.197533]}"
Humanoid,m158.obj,521,935,triangle,"{""min"": [0.025, 0.025, 0.025], ""max"": [0.366645, 0.975, 0.23908]}"
Humanoid,m159.obj,533,998,triangle,"{""min"": [0.025, 0.025, 0.025], ""max"": [0.317127, 0.975, 0.214102]}"
Humanoid,m160.obj,894,1627,triangle,"{""min"": [0.025, 0.025, 0.025], ""max"": [0.367933, 0.975, 0.409963]}"
Humanoid,m161.obj,495,839,triangle,"{""min"": [0.025, 0.025, 0.025], ""max"": [0.349692, 0.975, 0.182098]}"
Humanoid,m162.obj,3581,6988,triangle,"{""min"": [0.025, 0.025, 0.025], ""max"": [0.356469, 0.975, 0.253653]}"
Humanoid,m163.obj,120,208,triangle,"{""min"": [0.025, 0.025, 0.025], ""max"": [0.29804, 0.975, 0.194092]}"
Humanoid,m164.obj,728,1396,triangle,"{""min"": [0.025, 0.025, 0.025], ""max"": [0.326765, 0.975, 0.202706]}"
Humanoid,m165.obj,506,1748,triangle,"{""min"": [0.025, 0.025, 0.025], ""max"": [0.336125, 0.975, 0.198377]}"
Humanoid,m166.obj,476,1698,triangle,"{""min"": [0.025, 0.025, 0.025], ""max"": [0.295275, 0.975, 0.322111]}"
Humanoid,m167.obj,435,856,triangle,"{""min"": [0.025, 0.025, 0.025], ""max"": [0.356041, 0.975, 0.500596]}"
Humanoid,m168.obj,2640,5476,triangle,"{""min"": [0.025, 0.025, 0.025], ""max"": [0.392552, 0.975, 0.212955]}"
Humanoid,m169.obj,1059,2001,triangle,"{""min"": [0.025, 0.025, 0.025], ""max"": [0.3181, 0.975, 0.190571]}"
Humanoid,m170.obj,16052,32042,triangle,"{""min"": [0.025, 0.025, 0.025], ""max"": [0.350225, 0.975, 0.152937]}"
Humanoid,m171.obj,614,1094,triangle,"{""min"": [0.025, 0.025, 0.025], ""max"": [0.4886, 0.975, 0.224737]}"
Humanoid,m172.obj,745,1413,triangle,"{""min"": [0.025, 0.025, 0.025], ""max"": [0.316299, 0.975, 0.15938]}"
Humanoid,m173.obj,1003,1702,triangle,"{""min"": [0.025, 0.025, 0.025], ""max"": [0.286928, 0.975, 0.177397]}"
Humanoid,m174.obj,1196,2308,triangle,"{""min"": [0.025, 0.025, 0.025], ""max"": [0.405801, 0.975, 0.233696]}"
Humanoid,m175.obj,660,1070,triangle,"{""min"": [0.025118, 0.041787, 0.031331], ""max"": [0.335592, 0.970208, 0.333036]}"
Humanoid,m176.obj,708,1288,triangle,"{""min"": [0.025, 0.025, 0.025], ""max"": [0.432787, 0.975, 0.194575]}"
Humanoid,m177.obj,116,185,triangle,"{""min"": [0.025, 0.025, 0.025], ""max"": [0.380033, 0.975, 0.333153]}"
Humanoid,m178.obj,14603,29202,triangle,"{""min"": [0.025, 0.025, 0.025], ""max"": [0.342225, 0.975, 0.184695]}"
Humanoid,m179.obj,10735,21422,triangle,"{""min"": [0.025, 0.025, 0.025], ""max"": [0.391009, 0.975, 0.182174]}"
Humanoid,m180.obj,15088,29520,triangle,"{""min"": [0.025, 0.025, 0.025], ""max"": [0.297864, 0.975, 0.173853]}"
Humanoid,m181.obj,8520,16916,triangle,"{""min"": [0.025, 0.025, 0.025], ""max"": [0.444608, 0.975, 0.229084]}"
Humanoid,m182.obj,11090,22190,triangle,"{""min"": [0.025, 0.025, 0.025], ""max"": [0.393436, 0.975, 0.166457]}"
Humanoid,m183.obj,3618,7124,triangle,"{""min"": [0.025, 0.025, 0.025], ""max"": [0.899618, 0.975, 0.383562]}"
Humanoid,m184.obj,441,826,triangle,"{""min"": [0.025, 0.025, 0.025], ""max"": [0.283631, 0.975, 0.177975]}"
Humanoid,m185.obj,493,919,triangle,"{""min"": [0.025, 0.025, 0.025], ""max"": [0.297162, 0.975, 0.304865]}"
Humanoid,m186.obj,375,564,triangle,"{""min"": [0.025, 0.025, 0.025], ""max"": [0.322825, 0.975, 0.182462]}"
Humanoid,m187.obj,1618,3128,triangle,"{""min"": [0.025, 0.025, 0.025], ""max"": [0.562915, 0.975, 0.476143]}"
Humanoid,m188.obj,1863,3352,triangle,"{""min"": [0.025, 0.025, 0.025], ""max"": [0.309395, 0.975, 0.193661]}"
Humanoid,m189.obj,309,526,triangle,"{""min"": [0.025, 0.025, 0.025], ""max"": [0.287813, 0.975, 0.173873]}"
Humanoid,m190.obj,1022,1773,triangle,"{""min"": [0.025, 0.025, 0.025], ""max"": [0.462848, 0.975, 0.456327]}"
Humanoid,m191.obj,124,264,triangle,"{""min"": [0.025, 0.025, 0.025], ""max"": [0.519, 0.975, 0.2151]}"
Humanoid,m192.obj,450,837,triangle,"{""min"": [0.025, 0.025, 0.025], ""max"": [0.278991, 0.975, 0.247654]}"
Humanoid,m193.obj,8622,17298,triangle,"{""min"": [0.025, 0.025, 0.025], ""max"": [0.388658, 0.975, 0.519826]}"
Humanoid,m194.obj,2244,3460,triangle,"{""min"": [0.025, 0.025, 0.025], ""max"": [0.237304, 0.975, 0.396532]}"
Humanoid,m195.obj,22608,44050,triangle,"{""min"": [0.025, 0.025, 0.025], ""max"": [0.292541, 0.97277, 0.429455]}"
Humanoid,m196.obj,4049,7763,triangle,"{""min"": [0.025, 0.025, 0.025], ""max"": [0.440896, 0.975, 0.194826]}"
Humanoid,m197.obj,2010,3012,triangle,"{""min"": [0.025, 0.025, 0.025], ""max"": [0.185681, 0.975, 0.296899]}"
Humanoid,m198.obj,4657,19582,triangle,"{""min"": [0.025, 0.025, 0.025], ""max"": [0.406444, 0.975, 0.357811]}"
Humanoid,m199.obj,6540,12936,triangle,"{""min"": [0.025, 0.025, 0.025], ""max"": [0.376621, 0.225852, 0.975]}"
Humanoid,m202.obj,148,228,triangle,"{""min"": [0.025, 0.025, 0.025], ""max"": [0.295623, 0.975, 0.225712]}"
Humanoid,m203.obj,477,922,triangle,"{""min"": [0.025, 0.025, 0.025], ""max"": [0.342608, 0.975, 0.234325]}"
Humanoid,m204.obj,1224,2338,triangle,"{""min"": [0.025, 0.025, 0.025], ""max"": [0.340756, 0.975, 0.353742]}"
Humanoid,m205.obj,662,1236,triangle,"{""min"": [0.025, 0.025, 0.025], ""max"": [0.383616, 0.975, 0.231815]}"
Humanoid,m206.obj,3109,6056,triangle,"{""min"": [0.025, 0.025, 0.025], ""max"": [0.283789, 0.260718, 0.975]}"
Humanoid,m207.obj,3238,5910,triangle,"{""min"": [0.025, 0.025, 0.025], ""max"": [0.354991, 0.975, 0.30667]}"
Humanoid,m208.obj,349,694,triangle,"{""min"": [0.025, 0.025, 0.025], ""max"": [0.368732, 0.975, 0.179024]}"
Humanoid,m210.obj,210,404,triangle,"{""min"": [0.025, 0.025, 0.025], ""max"": [0.622535, 0.975, 0.598927]}"
Humanoid,m211.obj,2640,5476,triangle,"{""min"": [0.025, 0.025, 0.025], ""max"": [0.339967, 0.975, 0.228073]}"
Humanoid,m212.obj,1290,2576,triangle,"{""min"": [0.025, 0.025, 0.025], ""max"": [0.556397, 0.975, 0.183177]}"
Humanoid,m213.obj,409,760,triangle,"{""min"": [0.025, 0.025, 0.025], ""max"": [0.295623, 0.975, 0.219917]}"
Humanoid,m214.obj,1739,3420,triangle,"{""min"": [0.025, 0.025, 0.025], ""max"": [0.29314, 0.975, 0.225712]}"
Humanoid,m215.obj,689,1320,triangle,"{""min"": [0.025, 0.025, 0.025], ""max"": [0.294287, 0.975, 0.187245]}"
Humanoid,m216.obj,9272,17495,triangle,"{""min"": [0.025, 0.025, 0.025], ""max"": [0.384915, 0.975, 0.491858]}"
Humanoid,m217.obj,955,1835,triangle,"{""min"": [0.025, 0.025, 0.025], ""max"": [0.326559, 0.975, 0.291927]}"
Humanoid,m218.obj,947,1862,triangle,"{""min"": [0.025, 0.025, 0.025], ""max"": [0.750381, 0.975, 0.494502]}"
Humanoid,m219.obj,178,608,triangle,"{""min"": [0.025, 0.025, 0.025], ""max"": [0.897757, 0.975, 0.185763]}"
Humanoid,m220.obj,12911,25449,triangle,"{""min"": [0.025, 0.025, 0.025], ""max"": [0.929319, 0.975, 0.225058]}"
Humanoid,m221.obj,10576,21105,triangle,"{""min"": [0.025, 0.025, 0.025], ""max"": [0.926982, 0.975, 0.211372]}"
Humanoid,m222.obj,17639,34584,triangle,"{""min"": [0.025, 0.025, 0.025], ""max"": [0.975, 0.963345, 0.223364]}"
Humanoid,m223.obj,10473,20895,triangle,"{""min"": [0.025, 0.025, 0.025], ""max"": [0.930491, 0.975, 0.19251]}"
Humanoid,m224.obj,9660,19219,triangle,"{""min"": [0.025, 0.025, 0.025], ""max"": [0.975, 0.954548, 0.198281]}"
Humanoid,m226.obj,6368,12712,triangle,"{""min"": [0.025, 0.025, 0.025], ""max"": [0.854559, 0.975, 0.263012]}"
Humanoid,m227.obj,7015,15968,triangle,"{""min"": [0.025, 0.025, 0.025], ""max"": [0.891272, 0.975, 0.271889]}"
Humanoid,m228.obj,15201,33262,triangle,"{""min"": [0.025, 0.025, 0.025], ""max"": [0.956645, 0.975, 0.377678]}"
Humanoid,m229.obj,18153,35711,triangle,"{""min"": [0.025, 0.025, 0.025], ""max"": [0.931192, 0.975, 0.211418]}"
Humanoid,m230.obj,14796,28681,triangle,"{""min"": [0.025, 0.025, 0.025], ""max"": [0.900784, 0.975, 0.215395]}"
Humanoid,m231.obj,13022,24954,triangle,"{""min"": [0.025, 0.025, 0.025], ""max"": [0.90524, 0.975, 0.348658]}"
Humanoid,m232.obj,429,854,triangle,"{""min"": [0.025, 0.025, 0.025], ""max"": [0.892351, 0.975, 0.292537]}"
Humanoid,m233.obj,747,1430,triangle,"{""min"": [0.025, 0.025, 0.025], ""max"": [0.967279, 0.975, 0.207388]}"
Humanoid,m234.obj,529,992,triangle,"{""min"": [0.025, 0.025, 0.025], ""max"": [0.843264, 0.975, 0.214802]}"
Humanoid,m235.obj,408,812,triangle,"{""min"": [0.025, 0.025, 0.025], ""max"": [0.849048, 0.975, 0.247928]}"
Humanoid,m236.obj,2841,5445,triangle,"{""min"": [0.025, 0.025, 0.025], ""max"": [0.975, 0.956304, 0.262472]}"
Humanoid,m237.obj,480,956,triangle,"{""min"": [0.025, 0.025, 0.025], ""max"": [0.925512, 0.975, 0.15042]}"
Humanoid,m238.obj,559,880,triangle,"{""min"": [0.025, 0.025, 0.025], ""max"": [0.900705, 0.975, 0.201636]}"
Humanoid,m239.obj,551,831,triangle,"{""min"": [0.025, 0.025, 0.025], ""max"": [0.73491, 0.975, 0.216618]}"
Humanoid,m240.obj,716,1352,triangle,"{""min"": [0.025, 0.025, 0.025], ""max"": [0.903961, 0.975, 0.192413]}"
Humanoid,m241.obj,589,874,triangle,"{""min"": [0.025, 0.025, 0.025], ""max"": [0.798532, 0.975, 0.336804]}"
Humanoid,m242.obj,598,880,triangle,"{""min"": [0.025, 0.025, 0.025], ""max"": [0.868253, 0.975, 0.441164]}"
Humanoid,m243.obj,568,857,triangle,"{""min"": [0.025, 0.025, 0.025], ""max"": [0.919047, 0.975, 0.202954]}"
Humanoid,m244.obj,540,840,triangle,"{""min"": [0.025, 0.025, 0.025], ""max"": [0.873235, 0.975, 0.203622]}"
Humanoid,m245.obj,574,862,triangle,"{""min"": [0.025, 0.025, 0.025], ""max"": [0.916742, 0.975, 0.184659]}"
Humanoid,m246.obj,583,886,triangle,"{""min"": [0.025, 0.025, 0.025], ""max"": [0.793012, 0.975, 0.181295]}"
Humanoid,m248.obj,518,897,triangle,"{""min"": [0.025, 0.025, 0.025], ""max"": [0.917266, 0.975, 0.171275]}"
Humanoid,m249.obj,7970,15874,triangle,"{""min"": [0.025, 0.025, 0.025], ""max"": [0.731246, 0.975, 0.304967]}"
Humanoid,m250.obj,10589,20349,triangle,"{""min"": [0.025, 0.025, 0.025], ""max"": [0.718992, 0.975, 0.185819]}"
Humanoid,m251.obj,8077,16126,triangle,"{""min"": [0.025, 0.025, 0.025], ""max"": [0.742238, 0.975, 0.190046]}"
Humanoid,m252.obj,9698,19304,triangle,"{""min"": [0.025, 0.025, 0.025], ""max"": [0.975, 0.970692, 0.253422]}"
Humanoid,m253.obj,11806,23197,triangle,"{""min"": [0.025, 0.025, 0.025], ""max"": [0.7175, 0.975, 0.24255]}"
Humanoid,m254.obj,16082,31221,triangle,"{""min"": [0.025, 0.025, 0.025], ""max"": [0.674155, 0.975, 0.169338]}"
Humanoid,m255.obj,16870,35325,triangle,"{""min"": [0.025, 0.025, 0.025], ""max"": [0.945165, 0.975, 0.180198]}"
Humanoid,m256.obj,7303,14424,triangle,"{""min"": [0.025, 0.025, 0.025], ""max"": [0.55464, 0.975, 0.79986]}"
Humanoid,m257.obj,372,721,triangle,"{""min"": [0.025, 0.025, 0.025], ""max"": [0.409814, 0.899138, 0.975]}"
Humanoid,m258.obj,12410,24119,triangle,"{""min"": [0.025, 0.025, 0.025], ""max"": [0.683898, 0.975, 0.160636]}"
Humanoid,m259.obj,402,728,triangle,"{""min"": [0.025, 0.025, 0.025], ""max"": [0.389217, 0.975, 0.618324]}"
Humanoid,m260.obj,1068,2092,triangle,"{""min"": [0.025, 0.025, 0.025], ""max"": [0.442046, 0.975, 0.349292]}"
Humanoid,m261.obj,481,895,triangle,"{""min"": [0.025, 0.025, 0.025], ""max"": [0.274933, 0.975, 0.347475]}"
Humanoid,m262.obj,470,880,triangle,"{""min"": [0.025, 0.025, 0.025], ""max"": [0.274585, 0.975, 0.344233]}"
Humanoid,m263.obj,478,899,triangle,"{""min"": [0.025, 0.025, 0.025], ""max"": [0.313418, 0.975, 0.528825]}"
Humanoid,m264.obj,8798,17547,triangle,"{""min"": [0.025, 0.025, 0.025], ""max"": [0.335492, 0.38114, 0.975]}"
Humanoid,m265.obj,16267,32530,triangle,"{""min"": [0.025, 0.025, 0.025], ""max"": [0.380248, 0.825978, 0.975]}"
Humanoid,m266.obj,1092,2132,triangle,"{""min"": [0.025, 0.025, 0.025], ""max"": [0.31278, 0.975, 0.893268]}"
Insect,D00081.obj,313,578,triangle,"{""min"": [-0.875191, -0.350645, -0.350236], ""max"": [0.869178, 1.0443, 0.225886]}"
Insect,D00082.obj,7162,12876,triangle,"{""min"": [-0.590599, -0.835046, -0.344072], ""max"": [0.93829, 0.801546, 0.451949]}"
Insect,D00102.obj,2572,5046,triangle,"{""min"": [-0.886803, -0.57891, -0.469734], ""max"": [0.813473, 0.54971, 0.621806]}"
Insect,D00109.obj,3288,5280,triangle,"{""min"": [-0.846761, -0.615379, -0.425006], ""max"": [0.840154, 0.764062, 0.612028]}"
Insect,D00117.obj,5090,9732,triangle,"{""min"": [-1.04016, -0.571054, -0.604933], ""max"": [0.651547, 0.792275, 0.257883]}"
Insect,D00136.obj,1384,2556,triangle,"{""min"": [-1.01657, -0.40694, -0.355477], ""max"": [0.428487, 0.616101, 0.188065]}"
Insect,D00160.obj,253,458,triangle,"{""min"": [-0.992786, -0.897329, -0.25135], ""max"": [0.780602, 0.987547, 0.317913]}"
Insect,D00180.obj,2572,5046,triangle,"{""min"": [-0.815003, -0.524205, -0.639429], ""max"": [0.889184, 0.572469, 0.473308]}"
Insect,D00231.obj,312,570,triangle,"{""min"": [-0.832333, -0.897677, -0.213491], ""max"": [0.836597, 0.864382, 0.149852]}"
Insect,D00291.obj,296,528,triangle,"{""min"": [-0.851002, -0.504469, -0.238823], ""max"": [0.941974, 0.467634, 0.097135]}"
Insect,D00294.obj,2056,3110,triangle,"{""min"": [-0.646123, -0.71144, -0.216035], ""max"": [1.00737, 0.796623, 0.282581]}"
Insect,D00309.obj,1551,2818,triangle,"{""min"": [-0.865085, -0.871184, -0.369866], ""max"": [0.824746, 0.72272, 0.418842]}"
Insect,D00315.obj,314,572,triangle,"{""min"": [-0.847541, -0.576315, -0.386991], ""max"": [1.05471, 0.521783, 0.31821]}"
Insect,D00333.obj,6007,11290,triangle,"{""min"": [-0.996985, -0.670121, -0.196507], ""max"": [0.879448, 0.783971, 0.166298]}"
Insect,D00399.obj,2763,5295,triangle,"{""min"": [-0.842466, -0.762766, -0.202458], ""max"": [0.545133, 0.788803, 0.117258]}"
Insect,D00430.obj,23399,46540,triangle,"{""min"": [-0.565133, -0.733305, -0.410588], ""max"": [0.873837, 0.63008, 0.229497]}"
Insect,D00510.obj,329,550,triangle,"{""min"": [-1.1402, -0.783654, -0.249673], ""max"": [0.579229, 0.707175, 0.37224]}"
Insect,D00590.obj,1430,2580,triangle,"{""min"": [-0.85955, -0.525911, -0.110485], ""max"": [0.805471, 0.632315, 0.154002]}"
Insect,D00615.obj,2546,5088,triangle,"{""min"": [-0.845745, -0.766987, -0.416725], ""max"": [0.841217, 0.61171, 0.589214]}"
Insect,D00662.obj,24324,41626,triangle,"{""min"": [-0.619204, -0.648371, -0.400845], ""max"": [1.10955, 0.862876, 0.469449]}"
Insect,D00668.obj,15305,30554,triangle,"{""min"": [-0.530873, -0.539442, -0.529794], ""max"": [0.878667, 0.377408, 0.412703]}"
Insect,D00672.obj,3334,5490,triangle,"{""min"": [-1.04573, -0.573711, -0.302292], ""max"": [0.752024, 0.707397, 0.35025]}"
Insect,D00695.obj,790,1500,triangle,"{""min"": [-0.579904, -0.511946, -0.243856], ""max"": [0.86988, 0.491656, 0.114184]}"
Insect,D00713.obj,1728,6808,triangle,"{""min"": [-0.891573, -0.858824, -0.272601], ""max"": [0.743563, 0.436414, 0.582014]}"
Insect,D00732.obj,12603,23932,triangle,"{""min"": [-0.925133, -0.900313, -0.320589], ""max"": [0.772863, 0.605074, 0.48605]}"
Insect,D00734.obj,1588,2976,triangle,"{""min"": [-0.824841, -0.809035, -0.329979], ""max"": [0.858055, 0.811639, 0.313494]}"
Insect,D00746.obj,4250,8324,triangle,"{""min"": [-0.855579, -0.590112, -0.371106], ""max"": [0.842592, 0.768224, 0.348807]}"
Insect,D00752.obj,12528,25000,triangle,"{""min"": [-0.774579, -0.823453, -0.287331], ""max"": [0.895249, 0.683624, 0.289238]}"
Insect,D00753.obj,10092,19952,triangle,"{""min"": [-0.631165, -0.383393, -0.353821], ""max"": [0.889711, 0.413214, 0.468904]}"
Insect,D00774.obj,1548,2980,triangle,"{""min"": [-0.916614, -0.589496, -0.153404], ""max"": [0.931469, 0.632748, 0.40017]}"
Insect,D00786.obj,2859,5358,triangle,"{""min"": [-1.0366, -0.470075, -0.506521], ""max"": [0.704783, 0.480628, 0.194078]}"
Insect,D00787.obj,562,972,triangle,"{""min"": [-1.03133, -0.269697, -0.015994], ""max"": [0.943584, 0.241011, 0.015817]}"
Insect,D00788.obj,6175,9662,triangle,"{""min"": [-0.845478, -0.578823, -0.404241], ""max"": [0.733617, 0.667159, 0.467619]}"
Insect,D00806.obj,309,578,triangle,"{""min"": [-0.821831, -0.734649, -0.381115], ""max"": [0.662518, 0.720388, 0.449918]}"
Insect,D00814.obj,1362,2628,triangle,"{""min"": [-0.755762, -0.639358, -0.114302], ""max"": [0.717292, 0.717901, 0.167985]}"
Insect,D00855.obj,299,554,triangle,"{""min"": [-1.04037, -0.754949, -0.202695], ""max"": [0.758869, 0.651422, 0.334673]}"
Insect,D00884.obj,24324,41626,triangle,"{""min"": [-0.604237, -0.664866, -0.381167], ""max"": [1.04922, 0.802399, 0.461935]}"
Insect,D00895.obj,4173,15702,triangle,"{""min"": [-0.983625, -0.625597, -0.731623], ""max"": [0.707715, 0.430913, 0.388597]}"
Insect,D00973.obj,7638,15145,triangle,"{""min"": [-1.03917, -0.701223, -0.30201], ""max"": [0.795363, 0.418972, 0.466114]}"
Insect,D00989.obj,313,588,triangle,"{""min"": [-0.710007, -0.6137, -0.172699], ""max"": [1.06526, 0.655338, 0.227779]}"
Insect,m0.obj,298,492,triangle,"{""min"": [0.025, 0.025, 0.025], ""max"": [0.642549, 0.547541, 0.975]}"
Insect,m1.obj,255,410,triangle,"{""min"": [0.025, 0.025, 0.025], ""max"": [0.424855, 0.384845, 0.975]}"
Insect,m10.obj,1362,2628,triangle,"{""min"": [0.025, 0.025, 0.025], ""max"": [0.894109, 0.975, 0.222438]}"
Insect,m11.obj,368,724,triangle,"{""min"": [0.025, 0.025, 0.025], ""max"": [0.975, 0.50912, 0.100962]}"
Insect,m12.obj,278,500,triangle,"{""min"": [0.025, 0.025, 0.025], ""max"": [0.975, 0.377544, 0.563472]}"
Insect,m13.obj,491,1087,triangle,"{""min"": [0.025, 0.025, 0.025], ""max"": [0.553288, 0.177515, 0.975]}"
Insect,m14.obj,891,1678,triangle,"{""min"": [0.025, 0.025, 0.025], ""max"": [0.975, 0.715939, 0.773575]}"
Insect,m15.obj,368,724,triangle,"{""min"": [0.025, 0.025, 0.025], ""max"": [0.975, 0.416924, 0.503842]}"
Insect,m16.obj,2666,5162,triangle,"{""min"": [0.025, 0.025, 0.025], ""max"": [0.975, 0.270136, 0.718665]}"
Insect,m17.obj,1548,2980,triangle,"{""min"": [0.025, 0.025, 0.025], ""max"": [0.975, 0.293822, 0.654721]}"
Insect,m18.obj,4250,8324,triangle,"{""min"": [0.025, 0.025, 0.025], ""max"": [0.975, 0.423912, 0.786683]}"
Insect,m19.obj,3339,5490,triangle,"{""min"": [0.025, 0.025, 0.025], ""max"": [0.975, 0.346508, 0.635714]}"
Insect,m2.obj,3495,6667,triangle,"{""min"": [0.025, 0.025, 0.025], ""max"": [0.61683, 0.515443, 0.975]}"
Insect,m20.obj,1624,3042,triangle,"{""min"": [0.025, 0.025, 0.025], ""max"": [0.975, 0.418756, 0.928792]}"
Insect,m21.obj,346,556,triangle,"{""min"": [0.025, 0.025, 0.025], ""max"": [0.975, 0.524133, 0.828255]}"
Insect,m22.obj,333,620,triangle,"{""min"": [0.025, 0.025, 0.025], ""max"": [0.975, 0.42875, 0.684062]}"
Insect,m23.obj,462,876,triangle,"{""min"": [0.025, 0.025, 0.025], ""max"": [0.475631, 0.425936, 0.975]}"
Insect,m24.obj,163,284,triangle,"{""min"": [0.025, 0.025, 0.025], ""max"": [0.975, 0.42875, 0.85625]}"
Insect,m25.obj,1249,2494,triangle,"{""min"": [0.025, 0.025, 0.025], ""max"": [0.817473, 0.502402, 0.975]}"
Insect,m26.obj,5266,10274,triangle,"{""min"": [0.025, 0.025, 0.025], ""max"": [0.845772, 0.424813, 0.975]}"
Insect,m3.obj,486,912,triangle,"{""min"": [0.025, 0.025, 0.025], ""max"": [0.931406, 0.556332, 0.975]}"
Insect,m4.obj,4346,8216,triangle,"{""min"": [0.025, 0.025, 0.025], ""max"": [0.556745, 0.975, 0.332245]}"
Insect,m6.obj,9184,17998,triangle,"{""min"": [0.025, 0.025, 0.025], ""max"": [0.668147, 0.702228, 0.975]}"
Insect,m7.obj,265,506,triangle,"{""min"": [0.025, 0.025, 0.025], ""max"": [0.570829, 0.577454, 0.975]}"
Insect,m8.obj,423,698,triangle,"{""min"": [0.025, 0.025, 0.025], ""max"": [0.478489, 0.975, 0.834222]}"
Insect,m9.obj,557,894,triangle,"{""min"": [0.025, 0.025, 0.025], ""max"": [0.830435, 0.975, 0.482593]}"
Jet,m1147.obj,1149,2320,triangle,"{""min"": [0.025, 0.025, 0.025], ""max"": [0.975, 0.33131, 0.884672]}"
Jet,m1149.obj,3003,5874,triangle,"{""min"": [0.025, 0.025, 0.025], ""max"": [0.975, 0.305634, 0.769297]}"
Jet,m1150.obj,622,1228,triangle,"{""min"": [0.025, 0.025, 0.025], ""max"": [0.743256, 0.201238, 0.975]}"
Jet,m1151.obj,858,1660,triangle,"{""min"": [0.025, 0.025, 0.025], ""max"": [0.975, 0.267357, 0.949829]}"
Jet,m1152.obj,3726,6881,triangle,"{""min"": [0.025, 0.025, 0.025], ""max"": [0.922454, 0.41384, 0.975]}"
Jet,m1153.obj,743,1478,triangle,"{""min"": [0.025, 0.025, 0.025], ""max"": [0.79127, 0.364467, 0.975]}"
Jet,m1154.obj,520,1000,triangle,"{""min"": [0.025, 0.025, 0.025], ""max"": [0.849758, 0.284141, 0.975]}"
Jet,m1155.obj,3680,5724,triangle,"{""min"": [0.025, 0.025, 0.025], ""max"": [0.816625, 0.228519, 0.975]}"
Jet,m1156.obj,1335,2452,triangle,"{""min"": [0.025, 0.025, 0.025], ""max"": [0.975, 0.21293, 0.832103]}"
Jet,m1157.obj,1264,2088,triangle,"{""min"": [0.025, 0.025, 0.025], ""max"": [0.975, 0.70371, 0.185832]}"
Jet,m1158.obj,336,588,triangle,"{""min"": [0.025, 0.025, 0.025], ""max"": [0.908575, 0.453995, 0.975]}"
Jet,m1159.obj,3726,6881,triangle,"{""min"": [0.025, 0.025, 0.025], ""max"": [0.922454, 0.41384, 0.975]}"
Jet,m1161.obj,1486,1692,triangle,"{""min"": [0.025, 0.025, 0.025], ""max"": [0.931591, 0.32614, 0.975]}"
Jet,m1162.obj,2960,5706,triangle,"{""min"": [0.025, 0.025, 0.025], ""max"": [0.830816, 0.975, 0.273857]}"
Jet,m1163.obj,1014,2778,triangle,"{""min"": [0.025, 0.025, 0.025], ""max"": [0.931034, 0.302749, 0.975]}"
Jet,m1165.obj,448,768,triangle,"{""min"": [0.025, 0.025, 0.025], ""max"": [0.975, 0.794583, 0.271841]}"
Jet,m1166.obj,349,772,triangle,"{""min"": [0.025, 0.025, 0.025], ""max"": [0.871807, 0.252024, 0.975]}"
Jet,m1167.obj,2838,3992,triangle,"{""min"": [0.025, 0.025, 0.025], ""max"": [0.697772, 0.283484, 0.975]}"
Jet,m1168.obj,500,1106,triangle,"{""min"": [0.025, 0.025, 0.025], ""max"": [0.651374, 0.244231, 0.975]}"
Jet,m1169.obj,1198,2237,triangle,"{""min"": [0.025, 0.025, 0.025], ""max"": [0.663453, 0.309501, 0.975]}"
Jet,m1171.obj,3110,5622,triangle,"{""min"": [0.025, 0.025, 0.025], ""max"": [0.975, 0.280738, 0.736381]}"
Jet,m1172.obj,1965,4928,triangle,"{""min"": [0.025, 0.025, 0.025], ""max"": [0.975, 0.770694, 0.204025]}"
Jet,m1173.obj,2572,4856,triangle,"{""min"": [0.025, 0.025, 0.025], ""max"": [0.975, 0.790161, 0.261539]}"
Jet,m1174.obj,281,552,triangle,"{""min"": [0.025, 0.025, 0.025], ""max"": [0.512874, 0.217563, 0.975]}"
Jet,m1175.obj,2344,4592,triangle,"{""min"": [0.025, 0.025, 0.025], ""max"": [0.665258, 0.321351, 0.975]}"
Jet,m1176.obj,213,642,triangle,"{""min"": [0.025, 0.025, 0.025], ""max"": [0.804891, 0.220564, 0.975]}"
Jet,m1177.obj,507,1010,triangle,"{""min"": [0.025, 0.025, 0.025], ""max"": [0.857283, 0.307677, 0.975]}"
Jet,m1178.obj,258,572,triangle,"{""min"": [0.025, 0.025, 0.025], ""max"": [0.468333, 0.214472, 0.975]}"
Jet,m1179.obj,1203,1994,triangle,"{""min"": [0.025, 0.025, 0.025], ""max"": [0.609267, 0.217744, 0.975]}"
Jet,m1180.obj,531,1058,triangle,"{""min"": [0.025, 0.025, 0.025], ""max"": [0.656849, 0.231708, 0.975]}"
Jet,m1181.obj,412,816,triangle,"{""min"": [0.025, 0.025, 0.025], ""max"": [0.74921, 0.23884, 0.975]}"
Jet,m1182.obj,179,354,triangle,"{""min"": [0.025, 0.025, 0.025], ""max"": [0.950143, 0.975, 0.248351]}"
Jet,m1183.obj,520,780,triangle,"{""min"": [0.025, 0.025, 0.025], ""max"": [0.975, 0.826917, 0.222658]}"
Jet,m1184.obj,182,382,triangle,"{""min"": [0.025, 0.025, 0.025], ""max"": [0.510179, 0.293601, 0.975]}"
Jet,m1185.obj,152,338,triangle,"{""min"": [0.025, 0.025, 0.025], ""max"": [0.470517, 0.247759, 0.975]}"
Jet,m1187.obj,299,596,triangle,"{""min"": [0.025, 0.025, 0.025], ""max"": [0.658333, 0.26859, 0.975]}"
Jet,m1188.obj,279,538,triangle,"{""min"": [0.025, 0.025, 0.025], ""max"": [0.787454, 0.27522, 0.975]}"
Jet,m1190.obj,142,318,triangle,"{""min"": [0.025, 0.025, 0.025], ""max"": [0.683603, 0.321924, 0.975]}"
Jet,m1191.obj,1295,2444,triangle,"{""min"": [0.025, 0.025, 0.025], ""max"": [0.975, 0.89012, 0.17626]}"
Jet,m1193.obj,1020,2030,triangle,"{""min"": [0.025, 0.025, 0.025], ""max"": [0.521407, 0.211361, 0.975]}"
Jet,m1194.obj,757,1188,triangle,"{""min"": [0.025, 0.025, 0.025], ""max"": [0.975, 0.750378, 0.251583]}"
Jet,m1195.obj,340,460,triangle,"{""min"": [0.025, 0.025, 0.025], ""max"": [0.975, 0.7357, 0.237137]}"
Jet,m1196.obj,523,804,triangle,"{""min"": [0.025, 0.025, 0.025], ""max"": [0.975, 0.676429, 0.228142]}"
Jet,m1197.obj,235,484,triangle,"{""min"": [0.025, 0.025, 0.025], ""max"": [0.685476, 0.248929, 0.975]}"
Jet,m1198.obj,224,462,triangle,"{""min"": [0.025, 0.025, 0.025], ""max"": [0.664898, 0.239022, 0.975]}"
Jet,m1199.obj,602,1136,triangle,"{""min"": [0.025, 0.025, 0.025], ""max"": [0.975, 0.221184, 0.557698]}"
Jet,m1200.obj,197,450,triangle,"{""min"": [0.025, 0.025, 0.025], ""max"": [0.483721, 0.300411, 0.975]}"
Jet,m1201.obj,6769,11310,triangle,"{""min"": [0.025, 0.025, 0.025], ""max"": [0.975, 0.677761, 0.322062]}"
Jet,m1202.obj,688,1332,triangle,"{""min"": [0.025, 0.025, 0.025], ""max"": [0.566055, 0.23369, 0.975]}"
Jet,m1204.obj,277,588,triangle,"{""min"": [0.025, 0.025, 0.025], ""max"": [0.666722, 0.333278, 0.975]}"
Jet,m1205.obj,369,556,triangle,"{""min"": [0.025, 0.025, 0.025], ""max"": [0.975, 0.774295, 0.21695]}"
Jet,m1207.obj,412,669,triangle,"{""min"": [0.025, 0.025, 0.025], ""max"": [0.975, 0.14863, 0.382877]}"
Jet,m1208.obj,308,519,triangle,"{""min"": [0.025, 0.025, 0.025], ""max"": [0.718596, 0.21885, 0.975]}"
Jet,m1209.obj,244,480,triangle,"{""min"": [0.025, 0.025, 0.025], ""max"": [0.93665, 0.275186, 0.975]}"
Jet,m1210.obj,577,1145,triangle,"{""min"": [0.025, 0.025, 0.025], ""max"": [0.67786, 0.225975, 0.975]}"
Jet,m1211.obj,486,852,triangle,"{""min"": [0.025, 0.025, 0.025], ""max"": [0.918098, 0.317775, 0.975]}"
Jet,m1212.obj,1173,2513,triangle,"{""min"": [0.025, 0.025, 0.025], ""max"": [0.625576, 0.318204, 0.975]}"
Jet,m1213.obj,254,504,triangle,"{""min"": [0.025, 0.025, 0.025], ""max"": [0.45763, 0.17575, 0.975]}"
Jet,m1214.obj,887,1752,triangle,"{""min"": [0.025, 0.025, 0.025], ""max"": [0.622627, 0.222624, 0.975]}"
Jet,m1215.obj,162,308,triangle,"{""min"": [0.025, 0.025, 0.025], ""max"": [0.24166, 0.694913, 0.975]}"
Jet,m1216.obj,879,1754,triangle,"{""min"": [0.025, 0.025, 0.025], ""max"": [0.669863, 0.221374, 0.975]}"
Jet,m1217.obj,305,594,triangle,"{""min"": [0.025, 0.025, 0.025], ""max"": [0.606575, 0.27319, 0.975]}"
Jet,m1218.obj,274,400,triangle,"{""min"": [0.025, 0.025, 0.025], ""max"": [0.692906, 0.226508, 0.975]}"
Jet,m1219.obj,185,364,triangle,"{""min"": [0.025, 0.025, 0.025], ""max"": [0.177789, 0.727486, 0.975]}"
Jet,m1220.obj,437,862,triangle,"{""min"": [0.025, 0.025, 0.025], ""max"": [0.67343, 0.231674, 0.975]}"
Jet,m1221.obj,372,688,triangle,"{""min"": [0.025, 0.025, 0.025], ""max"": [0.975, 0.846538, 0.219139]}"
Jet,m1222.obj,332,612,triangle,"{""min"": [0.025, 0.025, 0.025], ""max"": [0.975, 0.895296, 0.383768]}"
Jet,m1223.obj,1117,2230,triangle,"{""min"": [0.025, 0.025, 0.025], ""max"": [0.685618, 0.215578, 0.975]}"
Jet,m1224.obj,559,944,triangle,"{""min"": [0.025, 0.025, 0.025], ""max"": [0.975, 0.436667, 0.164967]}"
Jet,m1225.obj,183,340,triangle,"{""min"": [0.025, 0.025, 0.025], ""max"": [0.975, 0.731328, 0.180143]}"
Jet,m1226.obj,161,318,triangle,"{""min"": [0.025, 0.025, 0.025], ""max"": [0.975, 0.254792, 0.504379]}"
Jet,m1227.obj,265,324,triangle,"{""min"": [0.025, 0.025, 0.025], ""max"": [0.975, 0.768503, 0.158925]}"
Jet,m1228.obj,329,368,triangle,"{""min"": [0.025, 0.025, 0.025], ""max"": [0.975, 0.705579, 0.16931]}"
Jet,m1229.obj,3388,6422,triangle,"{""min"": [0.025, 0.025, 0.025], ""max"": [0.501292, 0.975, 0.225043]}"
Jet,m1230.obj,2360,4325,triangle,"{""min"": [0.025, 0.025, 0.025], ""max"": [0.975, 0.614959, 0.311299]}"
Jet,m1231.obj,79,130,triangle,"{""min"": [0.025, 0.025, 0.025], ""max"": [0.635711, 0.194645, 0.975]}"
Jet,m1232.obj,203,418,triangle,"{""min"": [0.025, 0.025, 0.025], ""max"": [0.949324, 0.242387, 0.975]}"
Jet,m1233.obj,233,516,triangle,"{""min"": [0.025, 0.025, 0.025], ""max"": [0.5125, 0.2625, 0.975]}"
Jet,m1234.obj,236,492,triangle,"{""min"": [0.025, 0.025, 0.025], ""max"": [0.852419, 0.234919, 0.975]}"
Jet,m1235.obj,193,376,triangle,"{""min"": [0.025, 0.025, 0.025], ""max"": [0.975, 0.238805, 0.94855]}"
Jet,m1236.obj,396,828,triangle,"{""min"": [0.025, 0.025, 0.025], ""max"": [0.662817, 0.218923, 0.975]}"
Jet,m1237.obj,212,480,triangle,"{""min"": [0.025, 0.025, 0.025], ""max"": [0.975, 0.30889, 0.936937]}"
Jet,m1238.obj,196,396,triangle,"{""min"": [0.025, 0.025, 0.025], ""max"": [0.507877, 0.247735, 0.975]}"
Jet,m1239.obj,428,676,triangle,"{""min"": [0.025, 0.025, 0.025], ""max"": [0.975, 0.768339, 0.24777]}"
Jet,m1240.obj,182,378,triangle,"{""min"": [0.025, 0.025, 0.025], ""max"": [0.861905, 0.293601, 0.975]}"
Jet,m1241.obj,480,720,triangle,"{""min"": [0.025, 0.025, 0.025], ""max"": [0.975, 0.703854, 0.263759]}"
Jet,m1242.obj,380,608,triangle,"{""min"": [0.025, 0.025, 0.029577], ""max"": [0.975, 0.594074, 0.235287]}"
Jet,m1243.obj,282,596,triangle,"{""min"": [0.025, 0.025, 0.025], ""max"": [0.67727, 0.24856, 0.975]}"
Jet,m1245.obj,215,426,triangle,"{""min"": [0.025, 0.025, 0.025], ""max"": [0.975, 0.312895, 0.749336]}"
Jet,m1246.obj,366,784,triangle,"{""min"": [0.025, 0.025, 0.025], ""max"": [0.811475, 0.332582, 0.975]}"
Jet,m1247.obj,777,1546,triangle,"{""min"": [0.025, 0.025, 0.025], ""max"": [0.680532, 0.338948, 0.975]}"
Jet,m1248.obj,296,558,triangle,"{""min"": [0.025, 0.025, 0.025], ""max"": [0.975, 0.388585, 0.634879]}"
Jet,m1249.obj,310,616,triangle,"{""min"": [0.025, 0.025, 0.025], ""max"": [0.975, 0.630429, 0.381167]}"
Jet,m1250.obj,2539,4970,triangle,"{""min"": [0.025, 0.025, 0.025], ""max"": [0.874905, 0.225855, 0.975]}"
Jet,m1251.obj,1198,2237,triangle,"{""min"": [0.025, 0.025, 0.025], ""max"": [0.663453, 0.309501, 0.975]}"
Jet,m1252.obj,3072,4854,triangle,"{""min"": [0.025, 0.025, 0.025], ""max"": [0.975, 0.604361, 0.239457]}"
Jet,m1253.obj,348,476,triangle,"{""min"": [0.025, 0.025, 0.025], ""max"": [0.975, 0.715337, 0.231058]}"
Jet,m1255.obj,3167,6441,triangle,"{""min"": [0.025, 0.025, 0.025], ""max"": [0.975, 0.246725, 0.50787]}"
Jet,m1256.obj,9398,18363,triangle,"{""min"": [0.025, 0.025, 0.025], ""max"": [0.477636, 0.136758, 0.975]}"
Jet,m1257.obj,8812,17370,triangle,"{""min"": [0.025, 0.025, 0.025], ""max"": [0.477636, 0.975, 0.136758]}"
Jet,m1258.obj,2178,3588,triangle,"{""min"": [0.025, 0.025, 0.025], ""max"": [0.697772, 0.283484, 0.975]}"
Jet,m1259.obj,6769,11310,triangle,"{""min"": [0.025, 0.025, 0.025], ""max"": [0.975, 0.677761, 0.322062]}"
Jet,m1260.obj,6906,14563,triangle,"{""min"": [0.025, 0.025, 0.025], ""max"": [0.975, 0.343613, 0.593564]}"
Jet,m1261.obj,431,652,triangle,"{""min"": [0.025, 0.025, 0.025], ""max"": [0.975, 0.719979, 0.249154]}"
Jet,m1262.obj,646,1032,triangle,"{""min"": [0.025, 0.025, 0.025], ""max"": [0.975, 0.654949, 0.227855]}"
Jet,m1263.obj,1244,2092,triangle,"{""min"": [0.025, 0.025, 0.025], ""max"": [0.975, 0.918087, 0.273664]}"
Jet,m1264.obj,1144,1996,triangle,"{""min"": [0.025, 0.025, 0.025], ""max"": [0.857277, 0.975, 0.248069]}"
Jet,m1265.obj,423,680,triangle,"{""min"": [0.025, 0.025, 0.025], ""max"": [0.975, 0.149523, 0.383441]}"
Jet,m1266.obj,3408,5808,triangle,"{""min"": [0.025, 0.025, 0.025], ""max"": [0.975, 0.685512, 0.200851]}"
Jet,m1267.obj,230,335,triangle,"{""min"": [0.025, 0.025, 0.025], ""max"": [0.975, 0.906445, 0.188165]}"
Jet,m1268.obj,240,376,triangle,"{""min"": [0.025, 0.025, 0.025], ""max"": [0.571529, 0.975, 0.105528]}"
Jet,m1269.obj,230,272,triangle,"{""min"": [0.025, 0.025, 0.025], ""max"": [0.528319, 0.975, 0.102679]}"
Jet,m1270.obj,295,452,triangle,"{""min"": [0.025, 0.025, 0.025], ""max"": [0.448754, 0.975, 0.12963]}"
Jet,m1271.obj,328,524,triangle,"{""min"": [0.025, 0.025, 0.025], ""max"": [0.449345, 0.975, 0.168981]}"
Jet,m1273.obj,475,924,triangle,"{""min"": [0.025, 0.025, 0.025], ""max"": [0.975, 0.547667, 0.148437]}"
Jet,m1274.obj,426,684,triangle,"{""min"": [0.025, 0.025, 0.025], ""max"": [0.651634, 0.975, 0.156416]}"
Jet,m1275.obj,204,272,triangle,"{""min"": [0.025, 0.025, 0.025], ""max"": [0.55428, 0.975, 0.176995]}"
Jet,m1276.obj,236,256,triangle,"{""min"": [0.025, 0.025, 0.025], ""max"": [0.431339, 0.975, 0.107863]}"
Jet,m1277.obj,2239,4224,triangle,"{""min"": [0.025279, 0.025, 0.027794], ""max"": [0.47961, 0.975, 0.118603]}"
Jet,m1278.obj,2304,4344,triangle,"{""min"": [0.025, 0.025, 0.025], ""max"": [0.468886, 0.975, 0.150699]}"
Jet,m1279.obj,734,1204,triangle,"{""min"": [0.025, 0.025, 0.025], ""max"": [0.455168, 0.975, 0.160655]}"
Jet,m1280.obj,249,324,triangle,"{""min"": [0.025, 0.025, 0.025], ""max"": [0.447754, 0.975, 0.136879]}"
Jet,m1281.obj,415,692,triangle,"{""min"": [0.025, 0.025, 0.025], ""max"": [0.560756, 0.975, 0.110583]}"
Jet,m1282.obj,368,608,triangle,"{""min"": [0.025, 0.025, 0.025], ""max"": [0.689896, 0.975, 0.126465]}"
Jet,m1283.obj,275,368,triangle,"{""min"": [0.025, 0.025, 0.030271], ""max"": [0.542551, 0.975, 0.196045]}"
Jet,m1284.obj,6334,11608,triangle,"{""min"": [0.025, 0.025, 0.025], ""max"": [0.44402, 0.165302, 0.975]}"
Jet,m1285.obj,802,1408,triangle,"{""min"": [0.025, 0.025, 0.025], ""max"": [0.383862, 0.352986, 0.975]}"
Jet,m1286.obj,334,428,triangle,"{""min"": [0.025, 0.025, 0.025], ""max"": [0.584867, 0.975, 0.139]}"
Jet,m1287.obj,714,1188,triangle,"{""min"": [0.025, 0.025, 0.025], ""max"": [0.468476, 0.975, 0.115832]}"
Jet,m1288.obj,1502,2674,triangle,"{""min"": [0.025, 0.025, 0.025], ""max"": [0.690907, 0.975, 0.240696]}"
Jet,m1289.obj,5078,9746,triangle,"{""min"": [0.048993, 0.025, 0.025], ""max"": [0.740259, 0.975, 0.235926]}"
Jet,m1290.obj,279,372,triangle,"{""min"": [0.025, 0.025, 0.025], ""max"": [0.480234, 0.975, 0.132589]}"
Jet,m1291.obj,272,444,triangle,"{""min"": [0.025, 0.025, 0.025], ""max"": [0.612934, 0.975, 0.185769]}"
Jet,m1292.obj,2911,5036,triangle,"{""min"": [0.025, 0.025, 0.025], ""max"": [0.671475, 0.975, 0.210654]}"
Jet,m1293.obj,906,1540,triangle,"{""min"": [0.025, 0.025, 0.025], ""max"": [0.667647, 0.975, 0.221163]}"
Jet,m1294.obj,257,352,triangle,"{""min"": [0.025, 0.025, 0.025], ""max"": [0.43938, 0.975, 0.11004]}"
Jet,m1295.obj,204,244,triangle,"{""min"": [0.025, 0.025, 0.025], ""max"": [0.500033, 0.975, 0.068777]}"
Jet,m1296.obj,250,408,triangle,"{""min"": [0.428995, 0.025, 0.025], ""max"": [0.937519, 0.975, 0.129821]}"
Jet,m1297.obj,640,1044,triangle,"{""min"": [0.064148, 0.025, 0.045067], ""max"": [0.339672, 0.975, 0.089214]}"
Jet,m1298.obj,301,542,triangle,"{""min"": [0.025, 0.025, 0.025], ""max"": [0.726536, 0.315065, 0.975]}"
Jet,m1299.obj,210,264,triangle,"{""min"": [0.025, 0.025, 0.025], ""max"": [0.632283, 0.5868, 0.975]}"
Jet,m1300.obj,39,76,triangle,"{""min"": [0.025, 0.025, 0.025], ""max"": [0.723517, 0.173779, 0.975]}"
Jet,m1301.obj,74,144,triangle,"{""min"": [0.025, 0.025, 0.025], ""max"": [0.64902, 0.136765, 0.975]}"
Knife,D01015.obj,886,6330,triangle,"{""min"": [-0.157745, -0.662873, -0.01905], ""max"": [0.966448, 2.667893, 0.06985]}"
Knife,D01025.obj,208,1314,triangle,"{""min"": [1.774911, 7.311093, -0.402575], ""max"": [11.114611, 9.347743, 0.637525]}"
Knife,D01032.obj,560,3336,triangle,"{""min"": [-0.113, -0.012206, 0.0], ""max"": [0.248835, 0.008206, 0.055113]}"
Knife,D01051.obj,683,4839,triangle,"{""min"": [-0.0, -0.010991, -0.001182], ""max"": [0.42, 0.010991, 0.04]}"
Knife,D01054.obj,130,780,triangle,"{""min"": [0.003574, -0.033018, 0.0], ""max"": [0.210224, 0.003715, 0.003175]}"
Knife,D01057.obj,184,1146,triangle,"{""min"": [-0.010521, 0.0, -0.040262], ""max"": [0.010521, 0.431865, 0.016401]}"
Knife,D01063.obj,885,5346,triangle,"{""min"": [-0.00101, -0.024724, 0.022117], ""max"": [0.4191, 0.025279, 0.082435]}"
Knife,D01075.obj,726,4374,triangle,"{""min"": [-0.27305, 0.0, 0.0], ""max"": [0.4699, 11.342797, 7.014756]}"
Knife,D01077.obj,334,1980,triangle,"{""min"": [-61.420729, -0.150406, 9.1186], ""max"": [51.1937, 20.596342, 14.1986]}"
Knife,D01107.obj,976,5823,triangle,"{""min"": [-0.237856, 0.089163, 0.789931], ""max"": [-0.02193, 0.101532, 0.831313]}"
Knife,D01119.obj,113,654,triangle,"{""min"": [-0.038603, -0.037054, 0.002431], ""max"": [-0.000104, 0.032573, 0.005288]}"
Knife,D01120.obj,132,798,triangle,"{""min"": [1.6094, -4.32433, -0.1143], ""max"": [2.068283, -0.26668, 0.10795]}"
Knife,D01132.obj,1058,5913,triangle,"{""min"": [0.054946, 0.061361, -0.010998], ""max"": [0.404987, 0.124894, 0.006745]}"
Knife,D01150.obj,287,1704,triangle,"{""min"": [0.357621, -0.13926, 0.076647], ""max"": [3.550874, 4.40734, 26.5303]}"
Knife,D01160.obj,270,1686,triangle,"{""min"": [0.037618, 0.125524, 0.587375], ""max"": [0.48664, 0.223653, 0.61595]}"
Knife,D01168.obj,692,4152,triangle,"{""min"": [1.540613, 3.522268, -0.1778], ""max"": [4.335104, 4.492632, 0.0]}"
Knife,D01174.obj,808,4794,triangle,"{""min"": [0.178714, 0.460678, 0.1397], ""max"": [3.833533, 0.901198, 0.24765]}"
Knife,D01175.obj,87,498,triangle,"{""min"": [0.150967, -0.27264, 0.0], ""max"": [0.7309, 0.244003, 0.044]}"
Knife,D01187.obj,422,1974,triangle,"{""min"": [16962.545036, 13182.377609, 0.0], ""max"": [28346.939381, 31010.106228, 569.735899]}"
Knife,D01189.obj,131,846,triangle,"{""min"": [0.074995, 0.034983, 0.0], ""max"": [0.122721, 0.354732, 0.0127]}"
Knife,m722.obj,812,1520,triangle,"{""min"": [0.025, 0.025, 0.025], ""max"": [0.093151, 0.174508, 0.975]}"
Knife,m723.obj,5076,10136,triangle,"{""min"": [0.025, 0.025, 0.025], ""max"": [0.352382, 0.088438, 0.975]}"
Knife,m724.obj,262,516,triangle,"{""min"": [0.025, 0.025, 0.025], ""max"": [0.975, 0.154306, 0.106656]}"
Knife,m725.obj,262,516,triangle,"{""min"": [0.025, 0.025, 0.025], ""max"": [0.975, 0.269783, 0.087234]}"
Knife,m726.obj,417,817,triangle,"{""min"": [0.025, 0.025, 0.025], ""max"": [0.06534, 0.31723, 0.975]}"
Knife,m727.obj,681,1346,triangle,"{""min"": [0.025, 0.025, 0.025], ""max"": [0.442857, 0.975, 0.081071]}"
Knife,m728.obj,463,818,triangle,"{""min"": [0.025, 0.025, 0.025], ""max"": [0.125536, 0.31855, 0.975]}"
MilitaryVehicle,D00017.obj,27719,49148,triangle,"{""min"": [-0.83624, -0.486638, -0.307567], ""max"": [0.707405, 0.592129, 0.256001]}"
MilitaryVehicle,D00051.obj,855,1624,triangle,"{""min"": [-1.17002, -0.608059, -0.513554], ""max"": [0.696292, 0.732167, 0.34083]}"
MilitaryVehicle,D00100.obj,3225,5588,triangle,"{""min"": [-0.96392, -0.536702, -0.705428], ""max"": [0.731249, 0.547387, 0.602465]}"
MilitaryVehicle,D00173.obj,17299,24950,triangle,"{""min"": [-0.974003, -0.362107, -0.632577], ""max"": [0.948539, 0.51637, 0.42926]}"
MilitaryVehicle,D00272.obj,15903,30266,triangle,"{""min"": [-0.986577, -0.507907, -0.418464], ""max"": [0.774326, 0.405604, 0.211603]}"
MilitaryVehicle,D00334.obj,20392,9976,triangle,"{""min"": [-0.560917, -0.308145, -0.206032], ""max"": [1.07817, 0.354905, 0.435779]}"
MilitaryVehicle,D00458.obj,17962,34011,triangle,"{""min"": [-0.837222, -0.430807, -0.352818], ""max"": [0.958094, 0.463285, 0.318154]}"
MilitaryVehicle,D00529.obj,38226,74093,triangle,"{""min"": [-0.689553, -0.296937, -0.679688], ""max"": [0.990641, 0.407292, 0.2944]}"
MilitaryVehicle,D00577.obj,25763,42389,triangle,"{""min"": [-0.85815, -0.355557, -0.473456], ""max"": [0.951074, 0.577245, 0.421224]}"
MilitaryVehicle,D00611.obj,2625,4483,triangle,"{""min"": [-0.908293, -0.410172, -0.271143], ""max"": [0.911727, 0.387056, 0.394438]}"
MilitaryVehicle,D00723.obj,16287,25582,triangle,"{""min"": [-0.942214, -0.399968, -0.457102], ""max"": [0.888685, 0.519824, 0.331076]}"
MilitaryVehicle,D00761.obj,7768,15408,triangle,"{""min"": [-0.922278, -0.382327, -0.43994], ""max"": [0.751932, 0.385562, 0.636184]}"
MilitaryVehicle,D00778.obj,4449,7133,triangle,"{""min"": [-0.830794, -0.312142, -0.51474], ""max"": [0.78003, 0.322464, 0.276175]}"
MilitaryVehicle,D00799.obj,719,1342,triangle,"{""min"": [-0.685841, -0.694964, -0.370122], ""max"": [1.09352, 0.774278, 0.159248]}"
MilitaryVehicle,D00801.obj,38911,69397,triangle,"{""min"": [-0.956805, -0.292924, -0.432841], ""max"": [0.62833, 0.219907, 0.252228]}"
MilitaryVehicle,D00918.obj,13914,25812,triangle,"{""min"": [-0.949205, -0.479578, -0.285118], ""max"": [0.906026, 0.684576, 0.634273]}"
MilitaryVehicle,D00932.obj,10050,17224,triangle,"{""min"": [-0.952886, -0.42808, -0.344615], ""max"": [0.768164, 0.594246, 0.622693]}"
MilitaryVehicle,D00933.obj,13652,16891,triangle,"{""min"": [-0.610985, -0.294837, -0.203635], ""max"": [1.01956, 0.314281, 0.473183]}"
MilitaryVehicle,D00952.obj,11929,19260,triangle,"{""min"": [-0.766985, -0.578725, -0.692033], ""max"": [0.817703, 0.699645, 0.345766]}"
MilitaryVehicle,D00971.obj,7344,11866,triangle,"{""min"": [-0.653324, -0.348283, -0.323094], ""max"": [1.00185, 0.36262, 0.322784]}"
Monitor,D00007.obj,1552,2568,triangle,"{""min"": [-1.04744, -0.981066, -0.445994], ""max"": [0.827542, 0.775356, 0.288835]}"
Monitor,D00141.obj,1712,3200,triangle,"{""min"": [-0.633022, -0.797377, -0.487189], ""max"": [0.995261, 0.965054, 0.266302]}"
Monitor,D00229.obj,2929,4986,triangle,"{""min"": [-0.569487, -0.807306, -0.423409], ""max"": [1.00619, 0.635025, 0.386586]}"
Monitor,D00336.obj,9494,15561,triangle,"{""min"": [-0.994759, -0.905079, -0.790482], ""max"": [0.854925, 0.701724, 0.819336]}"
Monitor,D00339.obj,1396,2375,triangle,"{""min"": [-0.530858, -0.635985, -0.114764], ""max"": [0.824603, 0.663914, 0.394038]}"
Monitor,D00364.obj,14887,30258,triangle,"{""min"": [-0.921011, -0.556375, -0.829341], ""max"": [0.62895, 1.07042, 0.675112]}"
Monitor,D00387.obj,20399,37916,triangle,"{""min"": [-0.778405, -0.762238, -0.196281], ""max"": [1.02428, 0.943545, 0.158471]}"
Monitor,D00391.obj,1812,3488,triangle,"{""min"": [-0.866177, -0.702046, -0.177661], ""max"": [1.02537, 0.634573, 0.203269]}"
Monitor,D00412.obj,3149,4890,triangle,"{""min"": [-1.17501, -0.771459, -0.375909], ""max"": [0.486995, 0.874892, 0.365203]}"
Monitor,D00444.obj,10283,19638,triangle,"{""min"": [-0.968978, -0.835917, -0.523531], ""max"": [0.802904, 0.613926, 0.187307]}"
Monitor,D00469.obj,230,444,triangle,"{""min"": [-0.592973, -0.953622, -0.658623], ""max"": [1.16525, 0.790641, 0.913319]}"
Monitor,D00548.obj,464,883,triangle,"{""min"": [-0.825768, -0.708906, -0.212115], ""max"": [1.10906, 0.94581, 0.286457]}"
Monitor,D00659.obj,171,294,triangle,"{""min"": [-0.56154, -0.787957, -0.850963], ""max"": [1.14164, 0.701244, 0.583626]}"
Monitor,D00852.obj,6196,11989,triangle,"{""min"": [-0.644759, -0.729475, -0.820066], ""max"": [0.871323, 0.724666, 0.490456]}"
Monitor,D00863.obj,21122,39768,triangle,"{""min"": [-0.634402, -0.703741, -0.501447], ""max"": [0.838458, 0.638702, 0.164216]}"
Monitor,D00915.obj,5124,9779,triangle,"{""min"": [-1.04248, -1.20218, -0.413366], ""max"": [0.547429, 0.388465, 0.378484]}"
Monitor,D00919.obj,1551,2118,triangle,"{""min"": [-0.6975, -0.709662, -0.588155], ""max"": [0.857802, 0.525574, 0.221191]}"
Monitor,D00920.obj,1315,908,triangle,"{""min"": [-0.658699, -0.958221, -0.206781], ""max"": [1.11174, 0.331279, 0.237776]}"
Monitor,D00978.obj,16566,33161,triangle,"{""min"": [-0.743205, -0.77829, -0.468857], ""max"": [0.982002, 0.779547, 0.923939]}"
Monitor,D01000.obj,29914,35688,triangle,"{""min"": [-0.970835, -1.25733, -0.193641], ""max"": [0.875586, 0.513697, 0.257667]}"
Monoplane,D00011.obj,597,1032,triangle,"{""min"": [-1.04299, -0.984635, -0.255354], ""max"": [0.759531, 1.00171, 0.210928]}"
Monoplane,D00019.obj,837,1578,triangle,"{""min"": [-1.05211, -0.968376, -0.142717], ""max"": [0.720002, 0.997828, 0.209466]}"
Monoplane,D00043.obj,338,556,triangle,"{""min"": [-0.983905, -0.892229, -0.137708], ""max"": [0.780939, 0.886787, 0.310427]}"
Monoplane,D00098.obj,238,374,triangle,"{""min"": [-0.743406, -0.913099, -0.289175], ""max"": [0.986698, 0.879603, 0.125429]}"
Monoplane,D00167.obj,593,1000,triangle,"{""min"": [-0.963204, -0.332393, -0.111441], ""max"": [0.973855, 0.321536, 0.068975]}"
Monoplane,D00169.obj,2983,4146,triangle,"{""min"": [-1.18663, -0.841492, -0.151996], ""max"": [0.722234, 0.826499, 0.197693]}"
Monoplane,D00262.obj,524,868,triangle,"{""min"": [-0.784459, -0.487582, -0.144615], ""max"": [0.938899, 0.494195, 0.273421]}"
Monoplane,D00301.obj,1264,2088,triangle,"{""min"": [-1.02849, -0.62874, -0.142334], ""max"": [0.750731, 0.629994, 0.130723]}"
Monoplane,D00304.obj,1521,2704,triangle,"{""min"": [-1.07151, -0.608389, -0.154208], ""max"": [0.684274, 0.312835, 0.247232]}"
Monoplane,D00319.obj,1066,1862,triangle,"{""min"": [-0.915675, -0.717452, -0.111025], ""max"": [0.83571, 0.855586, 0.322297]}"
Monoplane,D00402.obj,393,668,triangle,"{""min"": [-0.914696, -0.796746, -0.166896], ""max"": [0.98928, 0.755449, 0.150598]}"
Monoplane,D00482.obj,1672,2768,triangle,"{""min"": [-0.616611, -0.978597, -0.200243], ""max"": [0.71067, 0.983043, 0.154089]}"
Monoplane,D00617.obj,7440,14840,triangle,"{""min"": [-1.11851, -1.04728, -0.152073], ""max"": [0.732531, 0.895739, 0.352573]}"
Monoplane,D00688.obj,5849,10232,triangle,"{""min"": [-0.85044, -0.991503, -0.231137], ""max"": [0.574102, 0.995217, 0.126262]}"
Monoplane,D00798.obj,2337,4152,triangle,"{""min"": [-0.995713, -0.693868, -0.098262], ""max"": [0.623013, 0.448289, 0.303646]}"
Monoplane,D00840.obj,2512,4872,triangle,"{""min"": [-0.814967, -0.93704, -0.183993], ""max"": [0.977381, 0.866211, 0.13735]}"
Monoplane,D00864.obj,627,1061,triangle,"{""min"": [-0.672871, -0.88147, -0.126342], ""max"": [0.559821, 0.889466, 0.285313]}"
Monoplane,D00925.obj,713,1344,triangle,"{""min"": [-0.702113, -0.970438, -0.257026], ""max"": [0.936308, 0.981183, 0.116642]}"
Monoplane,D00963.obj,790,1328,triangle,"{""min"": [-0.98504, -0.519261, -0.131421], ""max"": [0.991529, 0.473698, 0.091972]}"
Monoplane,D00995.obj,586,940,triangle,"{""min"": [-1.00277, -0.539285, -0.053564], ""max"": [0.966309, 0.429996, 0.186259]}"
Motorcycle,D00021.obj,9543,18238,triangle,"{""min"": [-0.782274, -0.599836, -0.446144], ""max"": [0.963886, 0.58957, 0.338896]}"
Motorcycle,D00039.obj,18315,36384,triangle,"{""min"": [-0.873376, -0.698634, -0.365164], ""max"": [0.850259, 0.562127, 0.375466]}"
Motorcycle,D00054.obj,5300,9454,triangle,"{""min"": [-0.818564, -0.521296, -0.166306], ""max"": [0.928797, 0.765906, 0.75693]}"
Motorcycle,D00224.obj,3920,7453,triangle,"{""min"": [-0.990282, -0.623514, -0.37114], ""max"": [0.837545, 0.439533, 0.382465]}"
Motorcycle,D00269.obj,3061,5544,triangle,"{""min"": [-0.993199, -0.546921, -0.388648], ""max"": [0.813776, 0.530591, 0.361903]}"
Motorcycle,D00288.obj,6697,12510,triangle,"{""min"": [-0.943839, -0.468998, -0.309581], ""max"": [0.971983, 0.448304, 0.301947]}"
Motorcycle,D00342.obj,35829,64374,triangle,"{""min"": [-0.89977, -0.594816, -0.386973], ""max"": [0.874228, 0.405034, 0.35805]}"
Motorcycle,D00345.obj,18397,33774,triangle,"{""min"": [-0.917432, -0.47531, -0.234835], ""max"": [0.86803, 0.477661, 0.325902]}"
Motorcycle,D00395.obj,7334,12538,triangle,"{""min"": [-1.00104, -0.429873, -0.304664], ""max"": [0.946864, 0.605092, 0.359325]}"
Motorcycle,D00396.obj,3397,6096,triangle,"{""min"": [-0.984332, -0.597126, -0.312093], ""max"": [0.799751, 0.51593, 0.302454]}"
Motorcycle,D00476.obj,25632,45963,triangle,"{""min"": [-0.984698, -0.550297, -0.705053], ""max"": [0.941655, 0.694883, 0.253851]}"
Motorcycle,D00521.obj,16542,32576,triangle,"{""min"": [-1.05494, -0.398747, -0.422959], ""max"": [0.913743, 0.312155, 0.275225]}"
Motorcycle,D00544.obj,12097,22065,triangle,"{""min"": [-0.930941, -0.527987, -0.480901], ""max"": [0.994115, 0.666465, 0.461987]}"
Motorcycle,D00594.obj,12312,22067,triangle,"{""min"": [-0.964645, -0.533148, -0.477072], ""max"": [0.957037, 0.660588, 0.465384]}"
Motorcycle,D00703.obj,46694,90616,triangle,"{""min"": [-0.84832, -0.549767, -0.364019], ""max"": [0.96296, 0.476275, 0.262004]}"
Motorcycle,D00768.obj,9288,18420,triangle,"{""min"": [-0.840389, -0.712422, -0.433906], ""max"": [1.03392, 0.407357, 0.395409]}"
Motorcycle,D00858.obj,25404,28454,triangle,"{""min"": [-0.747815, -0.68451, -0.344547], ""max"": [1.04076, 0.681444, 0.385821]}"
Motorcycle,D00880.obj,5713,11152,triangle,"{""min"": [-0.937374, -0.575315, -0.472332], ""max"": [0.92453, 0.682759, 0.355181]}"
Motorcycle,D00886.obj,15288,29064,triangle,"{""min"": [-1.02968, -0.752572, -0.309628], ""max"": [0.915426, 0.429771, 0.315759]}"
Motorcycle,D00945.obj,4481,4590,triangle,"{""min"": [-1.02052, -0.516693, -0.253367], ""max"": [0.8757, 0.566386, 0.313027]}"
Motorcycle,m1479.obj,12097,22065,triangle,"{""min"": [0.025, 0.025, 0.025], ""max"": [0.975, 0.5752, 0.48223]}"
Motorcycle,m1480.obj,9543,18238,triangle,"{""min"": [0.025, 0.025, 0.025], ""max"": [0.446434, 0.63483, 0.975]}"
Motorcycle,m1481.obj,547,1036,triangle,"{""min"": [0.025, 0.025, 0.025], ""max"": [0.348108, 0.578948, 0.975]}"
Motorcycle,m1482.obj,15291,29064,triangle,"{""min"": [0.025, 0.025, 0.025], ""max"": [0.975, 0.330779, 0.591614]}"
Motorcycle,m1483.obj,46407,90616,triangle,"{""min"": [0.025, 0.025, 0.025], ""max"": [0.347864, 0.546594, 0.975]}"
Motorcycle,m1484.obj,118,180,triangle,"{""min"": [0.025, 0.025, 0.025], ""max"": [0.41663, 0.556002, 0.975]}"
Mug,D00172.obj,1800,3440,triangle,"{""min"": [-0.633302, -0.904028, -0.590048], ""max"": [1.03805, 0.63172, 0.582585]}"
Mug,D00202.obj,37360,74720,triangle,"{""min"": [-0.911479, -0.787769, -0.50843], ""max"": [0.622961, 0.936627, 0.668524]}"
Mug,D00227.obj,19611,38444,triangle,"{""min"": [-0.794253, -0.759252, -0.847463], ""max"": [0.839443, 0.818892, 0.511532]}"
Mug,D00321.obj,773,1112,triangle,"{""min"": [-0.599921, -0.615485, -0.531183], ""max"": [1.01567, 0.658238, 0.565042]}"
Mug,D00341.obj,7454,14908,triangle,"{""min"": [-1.01784, -0.732671, -0.490505], ""max"": [0.71036, 0.917877, 0.486158]}"
Mug,D00372.obj,785,1505,triangle,"{""min"": [-0.72196, -0.91247, -0.84242], ""max"": [1.02774, 0.870927, 0.707184]}"
Mug,D00427.obj,5682,10944,triangle,"{""min"": [-1.13502, -0.74306, -0.34153], ""max"": [0.670544, 0.668529, 0.557357]}"
Mug,D00684.obj,1723,3446,triangle,"{""min"": [-1.00719, -0.672208, -0.675927], ""max"": [0.689566, 0.699664, 0.66953]}"
Mug,D00685.obj,5703,11040,triangle,"{""min"": [-0.865429, -0.389794, -0.633452], ""max"": [0.751615, 0.739635, 0.615811]}"
Mug,D00705.obj,4158,7584,triangle,"{""min"": [-0.900868, -0.52377, -0.463548], ""max"": [0.851468, 0.668713, 0.528169]}"
Mug,D00728.obj,9616,18513,triangle,"{""min"": [-0.718121, -0.816966, -0.56715], ""max"": [1.01572, 0.829965, 0.55927]}"
Mug,D00745.obj,3238,6460,triangle,"{""min"": [-0.944064, -0.80257, -0.509688], ""max"": [0.803609, 0.810591, 0.573475]}"
Mug,D00747.obj,15266,30524,triangle,"{""min"": [-0.926668, -0.674028, -0.304724], ""max"": [0.78784, 0.726602, 0.616776]}"
Mug,D00760.obj,3266,6520,triangle,"{""min"": [-0.704249, -0.639932, -0.869865], ""max"": [0.522135, 0.966653, 0.674509]}"
Mug,D00770.obj,3300,6592,triangle,"{""min"": [-0.672088, -0.90385, -0.677665], ""max"": [0.993054, 0.620672, 0.792155]}"
Mug,D00825.obj,1166,1800,triangle,"{""min"": [-0.962805, -0.728043, -0.680457], ""max"": [0.814625, 1.04458, 0.722059]}"
Mug,D00833.obj,2021,3960,triangle,"{""min"": [-0.83201, -0.551875, -0.583021], ""max"": [0.546515, 1.0109, 0.599757]}"
Mug,D00908.obj,1404,1696,triangle,"{""min"": [-0.564837, -0.941823, -0.697971], ""max"": [0.911897, 0.745917, 0.560583]}"
Mug,D00913.obj,7135,13344,triangle,"{""min"": [-1.0473, -0.609363, -0.596327], ""max"": [0.697614, 0.791487, 0.505103]}"
Mug,D00923.obj,738,2874,triangle,"{""min"": [-1.13978, -0.772646, -0.633688], ""max"": [0.65226, 0.798371, 0.582995]}"
Mug,m503.obj,799,1550,triangle,"{""min"": [0.025, 0.025, 0.025], ""max"": [0.885303, 0.975, 0.570795]}"
Mug,m504.obj,1725,3450,triangle,"{""min"": [0.025, 0.025, 0.025], ""max"": [0.975, 0.736967, 0.770261]}"
Mug,m506.obj,8692,17461,triangle,"{""min"": [0.025, 0.025, 0.025], ""max"": [0.975, 0.389901, 0.682684]}"
Mug,m507.obj,3330,6592,triangle,"{""min"": [0.025, 0.025, 0.025], ""max"": [0.975, 0.695043, 0.677239]}"
Mug,m508.obj,998,1988,triangle,"{""min"": [0.025, 0.025, 0.025], ""max"": [0.975, 0.809506, 0.624925]}"
Mug,m509.obj,5894,11748,triangle,"{""min"": [0.025, 0.025, 0.025], ""max"": [0.975, 0.889272, 0.714346]}"
MultiSeat,D00036.obj,144,264,triangle,"{""min"": [-0.832857, -0.476089, -0.572738], ""max"": [0.880015, 0.700437, 0.464139]}"
MultiSeat,D00046.obj,1191,2354,triangle,"{""min"": [-1.08795, -0.804888, -0.532844], ""max"": [0.665682, 0.702764, 0.648293]}"
MultiSeat,D00053.obj,3214,2964,triangle,"{""min"": [-1.03515, -0.420945, -0.425434], ""max"": [0.784886, 0.488523, 0.350467]}"
MultiSeat,D00145.obj,168,308,triangle,"{""min"": [-0.896267, -0.530211, -0.426733], ""max"": [0.920748, 0.355447, 0.313458]}"
MultiSeat,D00146.obj,21992,43920,triangle,"{""min"": [-0.905882, -0.616279, -0.348134], ""max"": [0.906829, 0.472717, 0.477922]}"
MultiSeat,D00237.obj,1940,3840,triangle,"{""min"": [-0.787628, -0.332612, -0.415469], ""max"": [1.05976, 0.677802, 0.564899]}"
MultiSeat,D00245.obj,1672,3296,triangle,"{""min"": [-0.880585, -0.549535, -0.423661], ""max"": [0.856701, 0.388266, 0.267195]}"
MultiSeat,D00263.obj,41265,80270,triangle,"{""min"": [-0.841545, -0.651861, -0.697537], ""max"": [0.821593, 0.697074, 0.352663]}"
MultiSeat,D00273.obj,27775,55260,triangle,"{""min"": [-1.03527, -0.495566, -0.418752], ""max"": [0.87142, 0.407794, 0.298309]}"
MultiSeat,D00285.obj,3770,7440,triangle,"{""min"": [-0.919754, -0.591648, -0.552807], ""max"": [0.782904, 0.674496, 0.31618]}"
MultiSeat,D00289.obj,12463,24874,triangle,"{""min"": [-0.866374, -0.520161, -0.349292], ""max"": [1.01841, 0.40733, 0.238818]}"
MultiSeat,D00329.obj,540,1064,triangle,"{""min"": [-0.944303, -0.578065, -0.636177], ""max"": [0.709157, 0.602844, 0.459549]}"
MultiSeat,D00586.obj,3922,7796,triangle,"{""min"": [-0.908227, -0.483854, -0.252955], ""max"": [0.964669, 0.478598, 0.420968]}"
MultiSeat,D00588.obj,307,435,triangle,"{""min"": [-1.13013, -0.605045, -0.54849], ""max"": [0.708881, 0.55404, 0.234066]}"
MultiSeat,D00607.obj,3156,6272,triangle,"{""min"": [-0.847482, -0.587563, -0.327034], ""max"": [0.95305, 0.596106, 0.517323]}"
MultiSeat,D00637.obj,7542,15019,triangle,"{""min"": [-0.93918, -0.461008, -0.547833], ""max"": [0.866812, 0.706679, 0.446656]}"
MultiSeat,D00648.obj,15181,30300,triangle,"{""min"": [-0.891509, -0.309848, -0.402642], ""max"": [0.834915, 0.549321, 0.391668]}"
MultiSeat,D00652.obj,4607,9182,triangle,"{""min"": [-0.937255, -0.486303, -0.512286], ""max"": [0.745072, 0.660368, 0.367792]}"
MultiSeat,D00749.obj,32736,42729,triangle,"{""min"": [-0.87159, -0.478968, -0.360053], ""max"": [0.946049, 0.37326, 0.477297]}"
MultiSeat,D00985.obj,10614,21196,triangle,"{""min"": [-0.749657, -0.853009, -0.495404], ""max"": [0.968555, 0.58532, 0.51721]}"
MultiSeat,m774.obj,264,448,triangle,"{""min"": [0.025, 0.025, 0.025], ""max"": [0.975, 0.975, 0.500001]}"
MultiSeat,m775.obj,545,961,triangle,"{""min"": [0.025, 0.025, 0.025], ""max"": [0.975, 0.618064, 0.39682]}"
MultiSeat,m776.obj,880,1912,triangle,"{""min"": [0.025, 0.025, 0.025], ""max"": [0.975, 0.420835, 0.234905]}"
MultiSeat,m777.obj,1051,1860,triangle,"{""min"": [0.025, 0.025, 0.025], ""max"": [0.975, 0.395501, 0.19682]}"
MultiSeat,m778.obj,46,90,triangle,"{""min"": [0.025, 0.025, 0.025], ""max"": [0.545599, 0.800831, 0.975]}"
MultiSeat,m779.obj,660,1268,triangle,"{""min"": [0.025, 0.025, 0.025], ""max"": [0.975, 0.369958, 0.24294]}"
MultiSeat,m780.obj,312,468,triangle,"{""min"": [0.025, 0.025, 0.025], ""max"": [0.975, 0.911266, 0.626571]}"
MultiSeat,m781.obj,352,508,triangle,"{""min"": [0.025, 0.025, 0.025], ""max"": [0.975, 0.640582, 0.442837]}"
MultiSeat,m782.obj,40,46,triangle,"{""min"": [0.025, 0.025, 0.025], ""max"": [0.975, 0.42384, 0.347871]}"
MultiSeat,m783.obj,66,120,triangle,"{""min"": [0.025, 0.025, 0.025], ""max"": [0.975, 0.476364, 0.607607]}"
MultiSeat,m784.obj,24,36,triangle,"{""min"": [0.025, 0.025, 0.025], ""max"": [0.975, 0.38125, 0.277356]}"
MultiSeat,m829.obj,540,1032,triangle,"{""min"": [0.025, 0.025, 0.025], ""max"": [0.975, 0.321351, 0.357589]}"
MultiSeat,m830.obj,238,420,triangle,"{""min"": [0.025, 0.025, 0.025], ""max"": [0.439982, 0.256592, 0.975]}"
MultiSeat,m831.obj,448,900,triangle,"{""min"": [0.025, 0.025, 0.025], ""max"": [0.975, 0.423234, 0.389547]}"
MultiSeat,m832.obj,1970,3398,triangle,"{""min"": [0.025, 0.025, 0.025], ""max"": [0.975, 0.319782, 0.427383]}"
MultiSeat,m833.obj,350,549,triangle,"{""min"": [0.025, 0.025, 0.025], ""max"": [0.975, 0.427209, 0.474877]}"
MultiSeat,m834.obj,164,280,triangle,"{""min"": [0.025, 0.025, 0.025], ""max"": [0.975, 0.512827, 0.33972]}"
MultiSeat,m835.obj,257,390,triangle,"{""min"": [0.025, 0.025, 0.025], ""max"": [0.975, 0.440625, 0.416873]}"
MultiSeat,m836.obj,28,44,triangle,"{""min"": [0.025, 0.025, 0.025], ""max"": [0.975, 0.5, 0.5]}"
MultiSeat,m837.obj,15969,31050,triangle,"{""min"": [0.025, 0.025, 0.025], ""max"": [0.975, 0.396988, 0.422022]}"
MultiSeat,m838.obj,2162,4292,triangle,"{""min"": [0.025, 0.025, 0.025], ""max"": [0.975, 0.494388, 0.462158]}"
MultiSeat,m839.obj,540,1064,triangle,"{""min"": [0.025, 0.025, 0.025], ""max"": [0.533164, 0.516126, 0.975]}"
MultiSeat,m840.obj,94,180,triangle,"{""min"": [0.025, 0.025, 0.025], ""max"": [0.975, 0.852445, 0.852414]}"
MultiSeat,m841.obj,36,68,triangle,"{""min"": [0.025, 0.025, 0.025], ""max"": [0.658333, 0.975, 0.341667]}"
MultiSeat,m843.obj,8085,15128,triangle,"{""min"": [0.103243, 0.111906, 0.025], ""max"": [0.511488, 0.48559, 0.975]}"
Musical_Instrument,m625.obj,3655,7019,triangle,"{""min"": [0.025, 0.025, 0.025], ""max"": [0.975, 0.35284, 0.098369]}"
Musical_Instrument,m626.obj,4500,8660,triangle,"{""min"": [0.025, 0.025, 0.025], ""max"": [0.975, 0.640331, 0.084578]}"
Musical_Instrument,m627.obj,7445,13529,triangle,"{""min"": [0.025, 0.025, 0.025], ""max"": [0.356581, 0.975, 0.091291]}"
Musical_Instrument,m628.obj,10314,20186,triangle,"{""min"": [0.025, 0.025, 0.025], ""max"": [0.975, 0.290442, 0.0753]}"
Musical_Instrument,m629.obj,8225,16090,triangle,"{""min"": [0.025, 0.025, 0.025], ""max"": [0.975, 0.300208, 0.061897]}"
Musical_Instrument,m630.obj,4694,9011,triangle,"{""min"": [0.025, 0.025, 0.025], ""max"": [0.397421, 0.975, 0.118722]}"
Musical_Instrument,m631.obj,47076,93366,triangle,"{""min"": [0.025, 0.025, 0.025], ""max"": [0.975, 0.335657, 0.14798]}"
Musical_Instrument,m632.obj,1033,1932,triangle,"{""min"": [0.025, 0.025, 0.025], ""max"": [0.36349, 0.975, 0.110594]}"
Musical_Instrument,m633.obj,524,1728,triangle,"{""min"": [0.060345, 0.057441, 0.025], ""max"": [0.483885, 0.975, 0.085762]}"
Musical_Instrument,m634.obj,1372,2253,triangle,"{""min"": [0.025, 0.025, 0.025], ""max"": [0.975, 0.079825, 0.327198]}"
Musical_Instrument,m635.obj,13705,25330,triangle,"{""min"": [0.025, 0.025, 0.025], ""max"": [0.308226, 0.110363, 0.975]}"
Musical_Instrument,m637.obj,8636,16931,triangle,"{""min"": [0.025, 0.025, 0.025], ""max"": [0.975, 0.082192, 0.312649]}"
Musical_Instrument,m638.obj,3884,7584,triangle,"{""min"": [0.025, 0.025, 0.025], ""max"": [0.304849, 0.975, 0.116494]}"
Musical_Instrument,m639.obj,23238,45776,triangle,"{""min"": [0.025, 0.025, 0.025], ""max"": [0.975, 0.365667, 0.1635]}"
Musical_Instrument,m640.obj,3712,7346,triangle,"{""min"": [0.025, 0.025, 0.025], ""max"": [0.389521, 0.975, 0.180773]}"
Musical_Instrument,m641.obj,1864,3600,triangle,"{""min"": [0.025, 0.025, 0.025], ""max"": [0.33061, 0.1199, 0.975]}"
Musical_Instrument,m643.obj,1331,2392,triangle,"{""min"": [0.025, 0.025, 0.025], ""max"": [0.678291, 0.767262, 0.975]}"
Musical_Instrument,m644.obj,20116,39589,triangle,"{""min"": [0.025, 0.025, 0.025], ""max"": [0.575796, 0.657836, 0.975]}"
Musical_Instrument,m645.obj,362,266,triangle,"{""min"": [0.025, 0.025, 0.025], ""max"": [0.635996, 0.724688, 0.975]}"
Musical_Instrument,m646.obj,227,358,triangle,"{""min"": [0.025, 0.025, 0.025], ""max"": [0.667908, 0.698324, 0.975]}"
Musical_Instrument,m647.obj,3645,6480,triangle,"{""min"": [0.025, 0.025, 0.025], ""max"": [0.563392, 0.395156, 0.975]}"
NonWheelChair,D00037.obj,2936,5336,triangle,"{""min"": [-0.92367, -0.947778, -0.594191], ""max"": [0.760088, 0.73821, 0.578576]}"
NonWheelChair,D00101.obj,10766,20160,triangle,"{""min"": [-0.719773, -0.518472, -0.621309], ""max"": [0.981061, 0.342373, 0.343456]}"
NonWheelChair,D00170.obj,678,1266,triangle,"{""min"": [-1.00069, -0.496292, -0.619393], ""max"": [0.871115, 0.69571, 0.64326]}"
NonWheelChair,D00185.obj,261,434,triangle,"{""min"": [-0.619775, -0.480944, -0.29797], ""max"": [1.14922, 0.586934, 1.04691]}"
NonWheelChair,D00240.obj,1474,2920,triangle,"{""min"": [-1.09625, -0.347347, -0.460039], ""max"": [0.778712, 0.654129, 0.405362]}"
NonWheelChair,D00306.obj,5160,8440,triangle,"{""min"": [-0.688849, -0.611655, -0.778268], ""max"": [0.904394, 0.431826, 0.500124]}"
NonWheelChair,D00357.obj,10676,20200,triangle,"{""min"": [-1.17221, -0.53877, -0.346885], ""max"": [0.602329, 0.598742, 0.824573]}"
NonWheelChair,D00419.obj,20239,33404,triangle,"{""min"": [-0.963648, -0.593009, -0.800692], ""max"": [0.896471, 0.428743, 0.455322]}"
NonWheelChair,D00443.obj,10328,20392,triangle,"{""min"": [-0.979185, -0.406822, -0.409507], ""max"": [0.821411, 0.574256, 0.790106]}"
NonWheelChair,D00445.obj,1882,1356,triangle,"{""min"": [-1.01702, -0.352544, -0.468704], ""max"": [0.809153, 0.419174, 0.422408]}"
NonWheelChair,D00480.obj,5063,10066,triangle,"{""min"": [-0.965515, -0.46328, -0.563212], ""max"": [0.914101, 0.413728, 0.560941]}"
NonWheelChair,D00481.obj,932,364,triangle,"{""min"": [-1.10113, -0.469903, -0.232176], ""max"": [0.73385, 0.296205, 0.511816]}"
NonWheelChair,D00512.obj,345,546,triangle,"{""min"": [-0.718442, -0.552481, -0.394843], ""max"": [1.09822, 0.658637, 1.01663]}"
NonWheelChair,D00694.obj,730,1412,triangle,"{""min"": [-0.57119, -0.528783, -0.884473], ""max"": [0.907557, 0.373007, 0.3476]}"
NonWheelChair,D00707.obj,2921,2568,triangle,"{""min"": [-0.962029, -0.54491, -0.568121], ""max"": [0.843878, 0.742252, 0.799961]}"
NonWheelChair,D00741.obj,4133,6272,triangle,"{""min"": [-0.790359, -0.402043, -0.420674], ""max"": [0.969387, 0.580117, 0.736109]}"
NonWheelChair,D00853.obj,3512,7012,triangle,"{""min"": [-0.912699, -0.401554, -0.709873], ""max"": [0.692115, 0.703863, 0.417202]}"
NonWheelChair,D00914.obj,1931,3784,triangle,"{""min"": [-0.932452, -0.315392, -0.432939], ""max"": [0.714248, 0.815853, 0.446034]}"
NonWheelChair,D00928.obj,2006,3976,triangle,"{""min"": [-0.809127, -0.420215, -0.375911], ""max"": [1.12398, 0.520974, 0.379983]}"
NonWheelChair,D00936.obj,3120,6196,triangle,"{""min"": [-0.935055, -0.417009, -0.362693], ""max"": [0.834716, 0.482069, 0.819808]}"
NonWheelChair,m785.obj,960,1788,triangle,"{""min"": [0.025, 0.025, 0.025], ""max"": [0.569607, 0.975, 0.569607]}"
NonWheelChair,m786.obj,641,1246,triangle,"{""min"": [0.025, 0.025, 0.025], ""max"": [0.756678, 0.975, 0.780612]}"
NonWheelChair,m787.obj,1373,2678,triangle,"{""min"": [0.025, 0.025, 0.025], ""max"": [0.572806, 0.975, 0.572806]}"
NonWheelChair,m788.obj,320,612,triangle,"{""min"": [0.025, 0.025, 0.025], ""max"": [0.340037, 0.975, 0.331296]}"
NonWheelChair,m789.obj,2446,4808,triangle,"{""min"": [0.025, 0.025, 0.025], ""max"": [0.511587, 0.975, 0.513989]}"
NonWheelChair,m790.obj,2912,5694,triangle,"{""min"": [0.025, 0.025, 0.025], ""max"": [0.660529, 0.975, 0.684862]}"
NonWheelChair,m791.obj,2288,4508,triangle,"{""min"": [0.025, 0.025, 0.025], ""max"": [0.510951, 0.975, 0.510897]}"
NonWheelChair,m793.obj,81,98,triangle,"{""min"": [0.025, 0.025, 0.025], ""max"": [0.884711, 0.975, 0.770083]}"
NonWheelChair,m794.obj,678,1232,triangle,"{""min"": [0.025, 0.025, 0.025], ""max"": [0.706179, 0.975, 0.674053]}"
NonWheelChair,m795.obj,3018,5984,triangle,"{""min"": [0.025, 0.025, 0.025], ""max"": [0.394645, 0.975, 0.549344]}"
NonWheelChair,m796.obj,12172,24253,triangle,"{""min"": [0.025, 0.025, 0.025], ""max"": [0.710365, 0.975, 0.691944]}"
NonWheelChair,m797.obj,867,1719,triangle,"{""min"": [0.025, 0.025, 0.025], ""max"": [0.63591, 0.975, 0.610618]}"
NonWheelChair,m798.obj,369,599,triangle,"{""min"": [0.025, 0.025, 0.025], ""max"": [0.596759, 0.975, 0.647338]}"
NonWheelChair,m799.obj,938,1784,triangle,"{""min"": [0.025, 0.025, 0.025], ""max"": [0.646329, 0.975, 0.688832]}"
NonWheelChair,m800.obj,116,190,triangle,"{""min"": [0.025, 0.025, 0.025], ""max"": [0.727778, 0.975, 0.727778]}"
NonWheelChair,m801.obj,8188,16268,triangle,"{""min"": [0.025, 0.025, 0.025], ""max"": [0.469361, 0.975, 0.54502]}"
NonWheelChair,m804.obj,326,552,triangle,"{""min"": [0.025, 0.025, 0.025], ""max"": [0.702184, 0.975, 0.669041]}"
NonWheelChair,m805.obj,151,290,triangle,"{""min"": [0.025, 0.025, 0.025], ""max"": [0.729762, 0.975, 0.729762]}"
NonWheelChair,m806.obj,472,904,triangle,"{""min"": [0.025, 0.025, 0.025], ""max"": [0.358289, 0.975, 0.411545]}"
NonWheelChair,m807.obj,104,184,triangle,"{""min"": [0.025, 0.025, 0.025], ""max"": [0.405, 0.975, 0.403838]}"
NonWheelChair,m808.obj,842,1344,triangle,"{""min"": [0.025, 0.025, 0.025], ""max"": [0.550853, 0.975, 0.624579]}"
NonWheelChair,m809.obj,120,180,triangle,"{""min"": [0.025, 0.025, 0.025], ""max"": [0.242542, 0.975, 0.225718]}"
NonWheelChair,m810.obj,775,1494,triangle,"{""min"": [0.025, 0.025, 0.025], ""max"": [0.382957, 0.975, 0.399496]}"
NonWheelChair,m811.obj,257,434,triangle,"{""min"": [0.025, 0.025, 0.025], ""max"": [0.538252, 0.975, 0.556733]}"
NonWheelChair,m812.obj,257,434,triangle,"{""min"": [0.025, 0.025, 0.025], ""max"": [0.460153, 0.975, 0.475823]}"
NonWheelChair,m813.obj,257,434,triangle,"{""min"": [0.025, 0.025, 0.025], ""max"": [0.402684, 0.975, 0.416284]}"
NonWheelChair,m814.obj,341,546,triangle,"{""min"": [0.025, 0.025, 0.025], ""max"": [0.538252, 0.975, 0.556733]}"
NonWheelChair,m815.obj,341,546,triangle,"{""min"": [0.025, 0.025, 0.025], ""max"": [0.460153, 0.975, 0.475823]}"
NonWheelChair,m816.obj,341,546,triangle,"{""min"": [0.025, 0.025, 0.025], ""max"": [0.402684, 0.975, 0.416284]}"
NonWheelChair,m817.obj,368,688,triangle,"{""min"": [0.025, 0.025, 0.025], ""max"": [0.496386, 0.975, 0.559485]}"
NonWheelChair,m818.obj,76,120,triangle,"{""min"": [0.025, 0.025, 0.025], ""max"": [0.707366, 0.975, 0.707366]}"
NonWheelChair,m819.obj,398,664,triangle,"{""min"": [0.025, 0.025, 0.025], ""max"": [0.483371, 0.975, 0.505608]}"
NonWheelChair,m820.obj,132,208,triangle,"{""min"": [0.025, 0.025, 0.025], ""max"": [0.557, 0.975, 0.5665]}"
NonWheelChair,m821.obj,349,680,triangle,"{""min"": [0.025, 0.025, 0.025], ""max"": [0.444242, 0.975, 0.397663]}"
NonWheelChair,m822.obj,967,1906,triangle,"{""min"": [0.025, 0.025, 0.025], ""max"": [0.497961, 0.975, 0.528479]}"
NonWheelChair,m823.obj,440,812,triangle,"{""min"": [0.025, 0.025, 0.025], ""max"": [0.642458, 0.975, 0.547596]}"
NonWheelChair,m824.obj,678,1266,triangle,"{""min"": [0.025, 0.025, 0.025], ""max"": [0.504141, 0.975, 0.522758]}"
NonWheelChair,m826.obj,600,1144,triangle,"{""min"": [0.025, 0.025, 0.025], ""max"": [0.51287, 0.975, 0.498178]}"
NonWheelChair,m827.obj,88,132,triangle,"{""min"": [0.025, 0.025, 0.025], ""max"": [0.463793, 0.975, 0.389385]}"
NonWheelChair,m828.obj,713,1378,triangle,"{""min"": [0.025, 0.025, 0.025], ""max"": [0.508981, 0.975, 0.470436]}"
PianoBoard,D00008.obj,2078,12900,triangle,"{""min"": [2.480693, 0.916081, 0.0], ""max"": [3.207958, 2.298475, 0.95426]}"
PianoBoard,D00065.obj,1178,6072,triangle,"{""min"": [0.177389, 0.165107, -0.0], ""max"": [0.546389, 2.734107, 0.997]}"
PianoBoard,D00075.obj,1309,7779,triangle,"{""min"": [0.90716, 1.557077, 0.0], ""max"": [3.088651, 2.638934, 1.486169]}"
PianoBoard,D00104.obj,1281,7125,triangle,"{""min"": [1.706209, 8.733145, -0.000868], ""max"": [3.774599, 9.488106, 1.496]}"
PianoBoard,D00122.obj,1934,10977,triangle,"{""min"": [3.537639, 3.260587, 0.0], ""max"": [5.007639, 3.862587, 1.163]}"
PianoBoard,D00181.obj,9628,47613,triangle,"{""min"": [0.975826, 1.456007, -0.0], ""max"": [2.486035, 2.064007, 1.16905]}"
PianoBoard,D00212.obj,3238,33984,triangle,"{""min"": [-4.57895, 2.06493, 0.0], ""max"": [-3.19895, 2.58967, 0.96308]}"
PianoBoard,D00235.obj,1616,10020,triangle,"{""min"": [0.0, 0.0, 0.0], ""max"": [0.727266, 1.382394, 0.78452]}"
PianoBoard,D00253.obj,719,4338,triangle,"{""min"": [-0.0, -0.015, 0.0], ""max"": [1.0244, 2.5757, 1.3242]}"
PianoBoard,D00332.obj,454,1578,triangle,"{""min"": [0.0, -0.5588, 0.0], ""max"": [1.4732, 0.0, 1.143]}"
PianoBoard,D00381.obj,735,5196,triangle,"{""min"": [2.082094, 0.258152, 0.0], ""max"": [3.43234, 0.571913, 0.802186]}"
PianoBoard,D00441.obj,538,3234,triangle,"{""min"": [0.966469, 0.6069, -0.040571], ""max"": [2.528569, 1.27193, 1.382716]}"
PianoBoard,D00460.obj,754,4500,triangle,"{""min"": [-0.889, -4.333498, -0.008093], ""max"": [3.0353, 4.779546, 5.7277]}"
PianoBoard,D00623.obj,5694,32637,triangle,"{""min"": [-0.00323212, -0.117475, 0.0], ""max"": [1.52723, 0.593195, 0.863484]}"
PianoBoard,D00718.obj,797,4110,triangle,"{""min"": [-0.869884, 0.287363, -0.0], ""max"": [-0.099515, 2.511918, 1.028606]}"
PianoBoard,D00721.obj,1228,7260,triangle,"{""min"": [0.0, -0.0254, 0.0], ""max"": [2.300288, 3.721943, 2.386013]}"
PianoBoard,D00755.obj,8133,49260,triangle,"{""min"": [33.6835, -272.329, 1.94], ""max"": [131.834, -55.6096, 149.102]}"
PianoBoard,D00885.obj,6622,38235,triangle,"{""min"": [1.059895, 0.387144, 0.0], ""max"": [2.533095, 1.003094, 1.402001]}"
PianoBoard,D00962.obj,793,4866,triangle,"{""min"": [1.535564, 0.972197, 0.0], ""max"": [2.485443, 2.803905, 1.52339]}"
PianoBoard,D00966.obj,2105,5970,triangle,"{""min"": [0.0, 0.0, 0.0], ""max"": [12.519, 13.9, 6.836]}"
PlantIndoors,D00049.obj,78288,26096,triangle,"{""min"": [-0.589232, -0.512441, -0.661781], ""max"": [1.01327, 1.15418, 0.664292]}"
PlantIndoors,D00073.obj,49944,16648,triangle,"{""min"": [-0.893335, -0.533567, -0.497831], ""max"": [0.765558, 0.674337, 0.525104]}"
PlantIndoors,D00080.obj,64127,34887,triangle,"{""min"": [-1.09852, -0.835933, -0.848245], ""max"": [0.827319, 0.707009, 0.697203]}"
PlantIndoors,D00087.obj,3855,5054,triangle,"{""min"": [-0.642902, -0.64049, -0.66054], ""max"": [1.06244, 1.05407, 0.705139]}"
PlantIndoors,D00128.obj,64866,21622,triangle,"{""min"": [-0.678286, -0.80629, -0.849905], ""max"": [0.998715, 0.6413, 0.56917]}"
PlantIndoors,D00159.obj,98256,32752,triangle,"{""min"": [-1.02299, -0.76005, -0.766566], ""max"": [0.735003, 0.812815, 0.954689]}"
PlantIndoors,D00238.obj,90234,30078,triangle,"{""min"": [-0.785201, -0.874954, -0.778486], ""max"": [0.767284, 0.899353, 0.877332]}"
PlantIndoors,D00280.obj,32742,10914,triangle,"{""min"": [-0.733347, -0.767352, -0.554708], ""max"": [0.671253, 0.57333, 0.647612]}"
PlantIndoors,D00370.obj,26784,8928,triangle,"{""min"": [-0.982768, -0.686492, -0.774879], ""max"": [0.860249, 0.613612, 0.588319]}"
PlantIndoors,D00379.obj,31824,10608,triangle,"{""min"": [-0.895974, -0.861116, -0.88025], ""max"": [0.794052, 0.676995, 0.720244]}"
PlantIndoors,D00466.obj,9900,3300,triangle,"{""min"": [-0.845851, -0.855631, -0.867733], ""max"": [0.999812, 0.729978, 0.91146]}"
PlantIndoors,D00491.obj,20165,30052,triangle,"{""min"": [-0.988537, -0.895595, -0.951317], ""max"": [0.640077, 0.625428, 0.589055]}"
PlantIndoors,D00595.obj,60624,20208,triangle,"{""min"": [-0.879242, -0.741142, -0.721075], ""max"": [0.92524, 0.692175, 0.590735]}"
PlantIndoors,D00609.obj,32382,10794,triangle,"{""min"": [-0.849813, -0.826182, -0.831663], ""max"": [0.820439, 0.821122, 0.78608]}"
PlantIndoors,D00622.obj,60282,20094,triangle,"{""min"": [-0.868326, -0.48851, -0.389881], ""max"": [0.528285, 0.454005, 0.383057]}"
PlantIndoors,D00624.obj,45486,15162,triangle,"{""min"": [-0.53202, -0.728902, -0.821446], ""max"": [0.829882, 0.731508, 0.646299]}"
PlantIndoors,D00657.obj,5801,7624,triangle,"{""min"": [-0.70605, -0.511665, -0.272853], ""max"": [0.889756, 0.434736, 0.233868]}"
PlantIndoors,D00667.obj,1523,2064,triangle,"{""min"": [-0.698653, -0.482997, -0.748313], ""max"": [0.697893, 0.829917, 0.508933]}"
PlantIndoors,D00800.obj,52263,17421,triangle,"{""min"": [-0.559202, -0.894201, -0.898129], ""max"": [0.801259, 0.878654, 0.686989]}"
PlantIndoors,D00968.obj,34812,11604,triangle,"{""min"": [-0.932455, -0.824703, -0.728657], ""max"": [0.666304, 0.611696, 0.80668]}"
PlantIndoors,m1000.obj,19105,26032,triangle,"{""min"": [0.025, 0.025, 0.025], ""max"": [0.87974, 0.975, 0.812744]}"
PlantIndoors,m1001.obj,11431,16584,triangle,"{""min"": [0.025, 0.025, 0.025], ""max"": [0.662534, 0.975, 0.625]}"
PlantIndoors,m1002.obj,8260,10184,triangle,"{""min"": [0.025, 0.025, 0.025], ""max"": [0.975, 0.768037, 0.972462]}"
PlantIndoors,m1003.obj,8453,10544,triangle,"{""min"": [0.025, 0.025, 0.025], ""max"": [0.961288, 0.975, 0.963101]}"
PlantIndoors,m1004.obj,13242,17357,triangle,"{""min"": [0.025, 0.025, 0.025], ""max"": [0.975, 0.744809, 0.882101]}"
PlantIndoors,m1005.obj,17834,19610,triangle,"{""min"": [0.025, 0.025, 0.025], ""max"": [0.485501, 0.975, 0.490785]}"
PlantIndoors,m1006.obj,16333,25760,triangle,"{""min"": [0.025, 0.025, 0.025], ""max"": [0.975, 0.579742, 0.919029]}"
PlantIndoors,m1007.obj,7930,8864,triangle,"{""min"": [0.025, 0.025, 0.025], ""max"": [0.758171, 0.975, 0.745147]}"
PlantIndoors,m1008.obj,5383,7952,triangle,"{""min"": [0.025, 0.025, 0.025], ""max"": [0.92355, 0.808322, 0.975]}"
PlantIndoors,m1009.obj,5348,6764,triangle,"{""min"": [0.025, 0.025, 0.025], ""max"": [0.640569, 0.975, 0.641004]}"
PlantIndoors,m1010.obj,6257,7196,triangle,"{""min"": [0.025, 0.025, 0.025], ""max"": [0.975, 0.691784, 0.803654]}"
PlantIndoors,m1011.obj,7529,10680,triangle,"{""min"": [0.025, 0.025, 0.025], ""max"": [0.870745, 0.975, 0.857125]}"
PlantIndoors,m1012.obj,2950,4292,triangle,"{""min"": [0.025, 0.025, 0.025], ""max"": [0.975, 0.581119, 0.943566]}"
PlantIndoors,m1013.obj,6365,7424,triangle,"{""min"": [0.025, 0.025, 0.025], ""max"": [0.904141, 0.890785, 0.975]}"
PlantIndoors,m1014.obj,16404,20144,triangle,"{""min"": [0.025, 0.025, 0.025], ""max"": [0.719818, 0.975, 0.801019]}"
PlantIndoors,m1015.obj,1325,2111,triangle,"{""min"": [0.025, 0.025, 0.025], ""max"": [0.507051, 0.975, 0.546773]}"
PlantIndoors,m1016.obj,5307,7909,triangle,"{""min"": [0.025, 0.025, 0.025], ""max"": [0.741253, 0.975, 0.619754]}"
PlantIndoors,m1017.obj,13312,20016,triangle,"{""min"": [0.025, 0.025, 0.025], ""max"": [0.65488, 0.975, 0.611239]}"
PlantIndoors,m1018.obj,11666,15091,triangle,"{""min"": [0.025, 0.025, 0.025], ""max"": [0.944203, 0.876864, 0.975]}"
PlantIndoors,m1020.obj,18348,30014,triangle,"{""min"": [0.025, 0.025, 0.025], ""max"": [0.975, 0.836636, 0.851268]}"
PlantIndoors,m1021.obj,7641,11540,triangle,"{""min"": [0.025, 0.025, 0.025], ""max"": [0.903845, 0.975, 0.90316]}"
PlantIndoors,m1022.obj,7882,10842,triangle,"{""min"": [0.025, 0.025, 0.025], ""max"": [0.920176, 0.975, 0.917644]}"
PlantIndoors,m1023.obj,2659,3236,triangle,"{""min"": [0.025, 0.025, 0.025], ""max"": [0.96653, 0.813317, 0.975]}"
PlantIndoors,m1025.obj,6696,10794,triangle,"{""min"": [0.025, 0.025, 0.025], ""max"": [0.886152, 0.703415, 0.975]}"
PlantIndoors,m1026.obj,1522,2064,triangle,"{""min"": [0.025, 0.025, 0.025], ""max"": [0.950537, 0.975, 0.958601]}"
PlantIndoors,m1027.obj,3855,5054,triangle,"{""min"": [0.025, 0.025, 0.025], ""max"": [0.946513, 0.975, 0.889027]}"
PlantIndoors,m1029.obj,316,548,triangle,"{""min"": [0.025, 0.025, 0.025], ""max"": [0.487126, 0.975, 0.664294]}"
PlantIndoors,m1030.obj,395,692,triangle,"{""min"": [0.025, 0.025, 0.025], ""max"": [0.975, 0.664002, 0.890516]}"
PlantIndoors,m1031.obj,729,1284,triangle,"{""min"": [0.025, 0.025, 0.025], ""max"": [0.66757, 0.909267, 0.975]}"
PlantIndoors,m1032.obj,96,156,triangle,"{""min"": [0.025, 0.025, 0.025], ""max"": [0.892086, 0.897381, 0.975]}"
PlantIndoors,m1033.obj,197,480,triangle,"{""min"": [0.025, 0.025, 0.025], ""max"": [0.491013, 0.975, 0.541697]}"
PlantIndoors,m1034.obj,228,426,triangle,"{""min"": [0.025, 0.025, 0.025], ""max"": [0.38689, 0.975, 0.485104]}"
PlantIndoors,m1035.obj,1787,3360,triangle,"{""min"": [0.025, 0.025, 0.025], ""max"": [0.876645, 0.975, 0.750467]}"
PlantIndoors,m1036.obj,234,401,triangle,"{""min"": [0.025, 0.025, 0.025], ""max"": [0.58416, 0.975, 0.364351]}"
PlantIndoors,m989.obj,1027,1024,triangle,"{""min"": [0.025, 0.025, 0.025], ""max"": [0.721648, 0.975, 0.659686]}"
PlantIndoors,m990.obj,491,644,triangle,"{""min"": [0.025, 0.025, 0.025], ""max"": [0.927322, 0.542965, 0.975]}"
PlantIndoors,m991.obj,4867,6370,triangle,"{""min"": [0.025, 0.025, 0.025], ""max"": [0.975, 0.814367, 0.958696]}"
PlantIndoors,m992.obj,491,644,triangle,"{""min"": [0.025, 0.025, 0.025], ""max"": [0.914445, 0.510263, 0.975]}"
PlantIndoors,m993.obj,220,320,triangle,"{""min"": [0.025, 0.025, 0.025], ""max"": [0.293021, 0.975, 0.225939]}"
PlantIndoors,m994.obj,395,454,triangle,"{""min"": [0.025, 0.025, 0.025], ""max"": [0.975, 0.64508, 0.863712]}"
PlantIndoors,m995.obj,7323,8448,triangle,"{""min"": [0.025, 0.025, 0.025], ""max"": [0.868916, 0.932844, 0.975]}"
PlantIndoors,m996.obj,623,1129,triangle,"{""min"": [0.025, 0.025, 0.025], ""max"": [0.723587, 0.975, 0.657661]}"
PlantIndoors,m997.obj,695,723,triangle,"{""min"": [0.025, 0.025, 0.025], ""max"": [0.884369, 0.768024, 0.975]}"
PlantIndoors,m998.obj,318,478,triangle,"{""min"": [0.025, 0.025, 0.025], ""max"": [0.550817, 0.975, 0.506435]}"
PlantIndoors,m999.obj,1235,1277,triangle,"{""min"": [0.025, 0.025, 0.025], ""max"": [0.805219, 0.975, 0.646627]}"
PlantWildNonTree,m1052.obj,342,186,triangle,"{""min"": [0.025, 0.025, 0.025], ""max"": [0.975, 0.928908, 0.915534]}"
PlantWildNonTree,m961.obj,6513,9427,triangle,"{""min"": [0.025, 0.025, 0.025], ""max"": [0.975, 0.593275, 0.892779]}"
PlantWildNonTree,m962.obj,15136,19104,triangle,"{""min"": [0.025, 0.025, 0.025], ""max"": [0.975, 0.914711, 0.96296]}"
PlantWildNonTree,m963.obj,11548,15008,triangle,"{""min"": [0.025, 0.025, 0.025], ""max"": [0.975, 0.59748, 0.946859]}"
PlantWildNonTree,m964.obj,13950,18851,triangle,"{""min"": [0.025, 0.025, 0.025], ""max"": [0.625189, 0.975, 0.562193]}"
PlantWildNonTree,m965.obj,13871,22999,triangle,"{""min"": [0.025, 0.025, 0.025], ""max"": [0.623671, 0.975, 0.778421]}"
PlantWildNonTree,m966.obj,7920,5280,triangle,"{""min"": [0.025, 0.025, 0.025], ""max"": [0.975, 0.446096, 0.896805]}"
PlantWildNonTree,m967.obj,12982,16912,triangle,"{""min"": [0.025, 0.025, 0.025], ""max"": [0.200176, 0.471886, 0.975]}"
PlantWildNonTree,m968.obj,9018,11712,triangle,"{""min"": [0.025, 0.025, 0.025], ""max"": [0.688396, 0.596846, 0.975]}"
PlantWildNonTree,m971.obj,3962,3452,triangle,"{""min"": [0.025, 0.025, 0.025], ""max"": [0.975, 0.629853, 0.57088]}"
PlantWildNonTree,m972.obj,16197,15295,triangle,"{""min"": [0.025, 0.025, 0.025], ""max"": [0.975, 0.634839, 0.609769]}"
PlantWildNonTree,m973.obj,15492,24673,triangle,"{""min"": [0.025, 0.025, 0.025], ""max"": [0.679426, 0.975, 0.557929]}"
PlantWildNonTree,m974.obj,379,358,triangle,"{""min"": [0.025, 0.025, 0.025], ""max"": [0.378277, 0.975, 0.215228]}"
PlantWildNonTree,m975.obj,241,450,triangle,"{""min"": [0.025, 0.025, 0.025], ""max"": [0.636954, 0.975, 0.199078]}"
PlantWildNonTree,m976.obj,1272,1889,triangle,"{""min"": [0.025, 0.025, 0.025], ""max"": [0.747674, 0.975, 0.708802]}"
PlantWildNonTree,m977.obj,1548,3044,triangle,"{""min"": [0.025, 0.025, 0.025], ""max"": [0.570625, 0.975, 0.651253]}"
PlantWildNonTree,m978.obj,3411,3966,triangle,"{""min"": [0.025, 0.025, 0.025], ""max"": [0.410114, 0.975, 0.465016]}"
PlantWildNonTree,m979.obj,1236,1070,triangle,"{""min"": [0.025, 0.025, 0.025], ""max"": [0.480545, 0.975, 0.460652]}"
PlantWildNonTree,m980.obj,8937,16005,triangle,"{""min"": [0.025, 0.025, 0.025], ""max"": [0.409023, 0.975, 0.438638]}"
PlantWildNonTree,m981.obj,927,2200,triangle,"{""min"": [0.025, 0.025, 0.025], ""max"": [0.422859, 0.975, 0.30968]}"
PlantWildNonTree,m982.obj,332,600,triangle,"{""min"": [0.025, 0.025, 0.025], ""max"": [0.357833, 0.975, 0.373255]}"
PlantWildNonTree,m983.obj,70,74,triangle,"{""min"": [0.025, 0.025, 0.025], ""max"": [0.97343, 0.832675, 0.975]}"
PlantWildNonTree,m984.obj,849,982,triangle,"{""min"": [0.025, 0.025, 0.025], ""max"": [0.555368, 0.975, 0.403834]}"
PlantWildNonTree,m985.obj,50833,88945,triangle,"{""min"": [0.2499, 0.026053, 0.186911], ""max"": [0.753489, 0.752244, 0.332549]}"
PlantWildNonTree,m986.obj,6656,13512,triangle,"{""min"": [0.151273, 0.152172, 0.025], ""max"": [0.581172, 0.608205, 0.913329]}"
PlantWildNonTree,m987.obj,850,982,triangle,"{""min"": [0.025, 0.025, 0.025], ""max"": [0.553203, 0.400042, 0.975]}"
PlantWildNonTree,m988.obj,3093,6000,triangle,"{""min"": [0.025, 0.025, 0.025], ""max"": [0.272186, 0.975, 0.242736]}"
Quadruped,D00111.obj,2315,4574,triangle,"{""min"": [-0.740298, -0.509401, -0.279019], ""max"": [0.96725, 0.46231, 0.301237]}"
Quadruped,D00150.obj,24936,23530,triangle,"{""min"": [-0.858304, -0.690643, -0.322446], ""max"": [0.919163, 0.573973, 0.381308]}"
Quadruped,D00218.obj,3666,7040,triangle,"{""min"": [-0.7466, -0.524215, -0.269701], ""max"": [1.09075, 0.518451, 0.374705]}"
Quadruped,D00226.obj,2949,5803,triangle,"{""min"": [-0.905314, -0.735275, -0.277114], ""max"": [0.908629, 0.438284, 0.286821]}"
Quadruped,D00261.obj,3093,5788,triangle,"{""min"": [-0.880692, -0.452002, -0.300286], ""max"": [0.933777, 0.681738, 0.264156]}"
Quadruped,D00326.obj,3077,6052,triangle,"{""min"": [-0.919966, -0.778218, -0.20676], ""max"": [0.973387, 0.664503, 0.225014]}"
Quadruped,D00380.obj,505,874,triangle,"{""min"": [-0.766786, -0.571501, -0.267263], ""max"": [1.0742, 0.68435, 0.238171]}"
Quadruped,D00409.obj,12515,24612,triangle,"{""min"": [-1.02799, -0.54933, -0.38059], ""max"": [0.763945, 0.688207, 0.159695]}"
Quadruped,D00508.obj,11910,20746,triangle,"{""min"": [-0.888332, -0.543442, -0.244184], ""max"": [1.07248, 0.697538, 0.18994]}"
Quadruped,D00509.obj,8159,14620,triangle,"{""min"": [-0.774075, -0.431179, -0.229294], ""max"": [1.10078, 0.454522, 0.207407]}"
Quadruped,D00583.obj,20126,37418,triangle,"{""min"": [-1.02481, -0.34461, -0.14532], ""max"": [0.477622, 0.449642, 0.147105]}"
Quadruped,D00663.obj,12046,20871,triangle,"{""min"": [-0.909545, -0.545506, -0.2609], ""max"": [0.857822, 0.855651, 0.241974]}"
Quadruped,D00700.obj,9174,13992,triangle,"{""min"": [-1.09131, -0.513618, -0.230806], ""max"": [0.858057, 0.663338, 0.222797]}"
Quadruped,D00757.obj,3240,6041,triangle,"{""min"": [-0.95819, -0.586311, -0.380385], ""max"": [0.856808, 0.871368, 0.338153]}"
Quadruped,D00794.obj,8184,15018,triangle,"{""min"": [-0.769274, -0.475478, -0.201188], ""max"": [0.922983, 0.651342, 0.175018]}"
Quadruped,D00795.obj,13081,21595,triangle,"{""min"": [-0.697796, -0.589627, -0.294906], ""max"": [1.13286, 0.518917, 0.255965]}"
Quadruped,D00831.obj,1614,3169,triangle,"{""min"": [-0.92721, -0.994428, -0.458822], ""max"": [0.95259, 0.527872, 0.293076]}"
Quadruped,D00841.obj,2100,4159,triangle,"{""min"": [-1.00184, -0.504578, -0.197082], ""max"": [0.787226, 0.71894, 0.213429]}"
Quadruped,D00867.obj,7873,12676,triangle,"{""min"": [-0.870959, -0.628516, -0.412555], ""max"": [1.03025, 0.725331, 0.429695]}"
Quadruped,D00934.obj,1971,3888,triangle,"{""min"": [-0.924407, -0.687939, -0.202762], ""max"": [0.998297, 0.67884, 0.327952]}"
Quadruped,m100.obj,606,1208,triangle,"{""min"": [0.025, 0.025, 0.025], ""max"": [0.558031, 0.458469, 0.975]}"
Quadruped,m101.obj,1143,2180,triangle,"{""min"": [0.025, 0.025, 0.025], ""max"": [0.408786, 0.685159, 0.975]}"
Quadruped,m102.obj,127,226,triangle,"{""min"": [0.025, 0.025, 0.025], ""max"": [0.401002, 0.450621, 0.975]}"
Quadruped,m103.obj,16049,31432,triangle,"{""min"": [0.025, 0.025, 0.025], ""max"": [0.248663, 0.730227, 0.975]}"
Quadruped,m104.obj,233,462,triangle,"{""min"": [0.025, 0.025, 0.025], ""max"": [0.975, 0.781594, 0.282277]}"
Quadruped,m105.obj,146,260,triangle,"{""min"": [0.025, 0.025, 0.025], ""max"": [0.269551, 0.975, 0.946481]}"
Quadruped,m106.obj,346,690,triangle,"{""min"": [0.025, 0.025, 0.025], ""max"": [0.21348, 0.65884, 0.975]}"
Quadruped,m107.obj,3051,6052,triangle,"{""min"": [0.025, 0.025, 0.025], ""max"": [0.263878, 0.888063, 0.975]}"
Quadruped,m108.obj,11105,22258,triangle,"{""min"": [0.025, 0.025, 0.025], ""max"": [0.975, 0.907116, 0.282553]}"
Quadruped,m109.obj,1288,2520,triangle,"{""min"": [0.025, 0.025, 0.025], ""max"": [0.83322, 0.975, 0.465593]}"
Quadruped,m110.obj,453,902,triangle,"{""min"": [0.025, 0.025, 0.025], ""max"": [0.47055, 0.719399, 0.975]}"
Quadruped,m111.obj,1238,2442,triangle,"{""min"": [0.025, 0.025, 0.025], ""max"": [0.414531, 0.678081, 0.975]}"
Quadruped,m112.obj,7691,15294,triangle,"{""min"": [0.025, 0.025, 0.025], ""max"": [0.937056, 0.975, 0.655766]}"
Quadruped,m273.obj,485,942,triangle,"{""min"": [0.025, 0.025, 0.025], ""max"": [0.21044, 0.382048, 0.975]}"
Quadruped,m274.obj,23984,47904,triangle,"{""min"": [0.025, 0.025, 0.025], ""max"": [0.975, 0.349877, 0.912624]}"
Quadruped,m275.obj,20586,41168,triangle,"{""min"": [0.025, 0.025, 0.025], ""max"": [0.219559, 0.975, 0.492804]}"
Quadruped,m276.obj,2309,4587,triangle,"{""min"": [0.025, 0.025, 0.025], ""max"": [0.142394, 0.37387, 0.975]}"
Quadruped,m277.obj,445,874,triangle,"{""min"": [0.025, 0.025, 0.025], ""max"": [0.975, 0.276023, 0.755672]}"
Quadruped,m278.obj,359,646,triangle,"{""min"": [0.025, 0.025, 0.025], ""max"": [0.975, 0.201787, 0.960987]}"
Quadruped,m279.obj,275,524,triangle,"{""min"": [0.025, 0.025, 0.025], ""max"": [0.975, 0.25107, 0.948752]}"
Quadruped,m280.obj,2894,5504,triangle,"{""min"": [0.025, 0.025, 0.025], ""max"": [0.761276, 0.975, 0.209958]}"
Quadruped,m281.obj,10119,20198,triangle,"{""min"": [0.025, 0.025, 0.025], ""max"": [0.975, 0.77783, 0.246816]}"
Quadruped,m282.obj,1848,3587,triangle,"{""min"": [0.025, 0.025, 0.025], ""max"": [0.975, 0.443306, 0.929981]}"
Quadruped,m86.obj,176,245,triangle,"{""min"": [0.025, 0.025, 0.025], ""max"": [0.18809, 0.627269, 0.975]}"
Quadruped,m87.obj,691,1331,triangle,"{""min"": [0.025, 0.025, 0.025], ""max"": [0.305914, 0.811559, 0.975]}"
Quadruped,m88.obj,1618,3220,triangle,"{""min"": [0.025, 0.025, 0.025], ""max"": [0.244397, 0.617999, 0.975]}"
Quadruped,m89.obj,12515,25030,triangle,"{""min"": [0.025, 0.025, 0.025], ""max"": [0.366076, 0.832384, 0.975]}"
Quadruped,m90.obj,1783,3526,triangle,"{""min"": [0.025, 0.025, 0.025], ""max"": [0.485433, 0.5735, 0.975]}"
Quadruped,m91.obj,1614,3169,triangle,"{""min"": [0.025, 0.025, 0.025], ""max"": [0.338336, 0.86107, 0.975]}"
Quadruped,m92.obj,1971,3888,triangle,"{""min"": [0.025, 0.025, 0.025], ""max"": [0.335514, 0.890256, 0.975]}"
Quadruped,m93.obj,278,464,triangle,"{""min"": [0.025, 0.025, 0.025], ""max"": [0.975, 0.657726, 0.29666]}"
Quadruped,m94.obj,3332,6328,triangle,"{""min"": [-39746300.0, -172210000.0, -454395000.0], ""max"": [55866200.0, 21099000.0, 8049400.0]}"
Quadruped,m95.obj,956,1908,triangle,"{""min"": [0.025, 0.025, 0.025], ""max"": [0.254726, 0.413236, 0.975]}"
Quadruped,m96.obj,5169,10061,triangle,"{""min"": [0.025, 0.025, 0.025], ""max"": [0.272288, 0.537454, 0.975]}"
Quadruped,m97.obj,3601,7083,triangle,"{""min"": [0.025, 0.025, 0.025], ""max"": [0.280377, 0.543507, 0.975]}"
Quadruped,m98.obj,4195,8236,triangle,"{""min"": [0.025, 0.025, 0.025], ""max"": [0.279628, 0.519559, 0.975]}"
Quadruped,m99.obj,1450,2888,triangle,"{""min"": [0.025, 0.025, 0.025], ""max"": [0.337893, 0.511845, 0.975]}"
RectangleTable,D00134.obj,224,422,triangle,"{""min"": [-0.706206, -0.369079, -0.100446], ""max"": [0.728155, 0.485354, 0.618111]}"
RectangleTable,D00187.obj,2136,3688,triangle,"{""min"": [-0.563912, -0.249515, -0.27349], ""max"": [0.68609, 0.831647, 0.280377]}"
RectangleTable,D00188.obj,240,120,triangle,"{""min"": [-0.743859, -0.611865, -0.274409], ""max"": [1.15863, 0.477861, 0.496949]}"
RectangleTable,D00230.obj,3713,6676,triangle,"{""min"": [-0.746842, -0.608928, -0.227047], ""max"": [0.601798, 0.668799, 0.765292]}"
RectangleTable,D00243.obj,1066,1648,triangle,"{""min"": [-0.781242, -0.241336, -0.268941], ""max"": [0.793694, 0.701575, 0.474889]}"
RectangleTable,D00295.obj,190,360,triangle,"{""min"": [-0.857241, -0.538196, -0.896021], ""max"": [0.625113, 0.702653, 0.134432]}"
RectangleTable,D00302.obj,134,216,triangle,"{""min"": [-0.823771, -0.417113, -0.477013], ""max"": [0.654156, 0.533716, 0.43961]}"
RectangleTable,D00317.obj,1042,2706,triangle,"{""min"": [-1.14798, -0.923051, -0.032534], ""max"": [0.649039, 0.875979, 0.509212]}"
RectangleTable,D00418.obj,2003,6267,triangle,"{""min"": [-1.06258, -0.874865, -0.080836], ""max"": [0.724591, 0.912209, 0.594671]}"
RectangleTable,D00421.obj,99,166,triangle,"{""min"": [-1.07681, -0.346426, -0.39041], ""max"": [0.790126, 0.434683, 0.155838]}"
RectangleTable,D00505.obj,189,334,triangle,"{""min"": [-0.916879, -0.466597, -0.148688], ""max"": [0.833346, 0.591051, 0.367541]}"
RectangleTable,D00523.obj,12600,25140,triangle,"{""min"": [-0.977379, -1.0485, -0.197838], ""max"": [0.97952, 0.897774, 0.257849]}"
RectangleTable,D00530.obj,210,340,triangle,"{""min"": [-0.618858, -0.626031, -0.691317], ""max"": [0.463157, 0.491737, 0.493602]}"
RectangleTable,D00571.obj,1245,2409,triangle,"{""min"": [-0.543344, -0.67444, -0.764934], ""max"": [0.689442, 0.610208, 0.317304]}"
RectangleTable,D00603.obj,7282,13672,triangle,"{""min"": [-0.882731, -0.581945, -0.639173], ""max"": [0.75784, 0.382795, 0.304299]}"
RectangleTable,D00678.obj,1768,3419,triangle,"{""min"": [-0.596297, -0.585292, -0.801175], ""max"": [0.773898, 0.496706, 0.370477]}"
RectangleTable,D00714.obj,672,960,triangle,"{""min"": [-0.860301, -0.635789, -0.568334], ""max"": [0.945074, 0.373294, 0.479061]}"
RectangleTable,D00766.obj,2973,8352,triangle,"{""min"": [-0.938346, -0.843808, -0.048637], ""max"": [0.751994, 0.846897, 0.637117]}"
RectangleTable,D00944.obj,1016,1996,triangle,"{""min"": [-0.877812, -0.662728, -0.506402], ""max"": [0.630314, 0.717135, 0.839659]}"
RectangleTable,D00954.obj,652,1052,triangle,"{""min"": [-0.708604, -0.736554, -0.713307], ""max"": [0.585546, 0.446787, 0.764319]}"
RectangleTable,m763.obj,116,136,triangle,"{""min"": [0.025, 0.025, 0.025], ""max"": [0.975, 0.95451, 0.658334]}"
RectangleTable,m764.obj,72,121,triangle,"{""min"": [0.025, 0.025, 0.025], ""max"": [0.710369, 0.648973, 0.975]}"
RectangleTable,m765.obj,1005,1726,triangle,"{""min"": [0.025, 0.025, 0.025], ""max"": [0.975, 0.570742, 0.864273]}"
RectangleTable,m870.obj,48,92,triangle,"{""min"": [0.025, 0.025, 0.025], ""max"": [0.570807, 0.440659, 0.975]}"
RectangleTable,m871.obj,60,184,triangle,"{""min"": [0.025, 0.025, 0.025], ""max"": [0.895906, 0.975, 0.892876]}"
RectangleTable,m872.obj,2229,4413,triangle,"{""min"": [0.025, 0.025, 0.025], ""max"": [0.975, 0.369962, 0.447246]}"
RectangleTable,m873.obj,679,1206,triangle,"{""min"": [0.025, 0.025, 0.025], ""max"": [0.678125, 0.580156, 0.975]}"
RectangleTable,m874.obj,68,88,triangle,"{""min"": [0.025, 0.025, 0.025], ""max"": [0.975, 0.355804, 0.432143]}"
RectangleTable,m875.obj,528,744,triangle,"{""min"": [0.025, 0.025, 0.025], ""max"": [0.975, 0.263804, 0.384483]}"
RectangleTable,m876.obj,44,52,triangle,"{""min"": [0.025, 0.025, 0.025], ""max"": [0.975, 0.664286, 0.974996]}"
RectangleTable,m877.obj,56,84,triangle,"{""min"": [0.025, 0.025, 0.025], ""max"": [0.975, 0.351352, 0.975]}"
RectangleTable,m878.obj,320,534,triangle,"{""min"": [0.025, 0.025, 0.025], ""max"": [0.885122, 0.975, 0.885123]}"
RectangleTable,m879.obj,276,556,triangle,"{""min"": [0.025, 0.025, 0.025], ""max"": [0.975, 0.38125, 0.500002]}"
RectangleTable,m881.obj,60,86,triangle,"{""min"": [0.025, 0.025, 0.025], ""max"": [0.975, 0.658333, 0.341667]}"
RectangleTable,m882.obj,598,1072,triangle,"{""min"": [0.025, 0.025, 0.025], ""max"": [0.975, 0.809783, 0.531445]}"
RectangleTable,m883.obj,96,172,triangle,"{""min"": [0.025, 0.025, 0.025], ""max"": [0.975, 0.975, 0.975]}"
RectangleTable,m886.obj,996,2432,triangle,"{""min"": [0.025, 0.025, 0.025], ""max"": [0.975, 0.461865, 0.711496]}"
RectangleTable,m887.obj,340,616,triangle,"{""min"": [0.025, 0.025, 0.025], ""max"": [0.975, 0.688021, 0.341667]}"
RectangleTable,m888.obj,36,60,triangle,"{""min"": [0.025, 0.025, 0.025], ""max"": [0.975, 0.559375, 0.5]}"
RectangleTable,m889.obj,511,1018,triangle,"{""min"": [0.025, 0.025, 0.025], ""max"": [0.599306, 0.56505, 0.975]}"
RectangleTable,m890.obj,508,979,triangle,"{""min"": [0.025, 0.025, 0.025], ""max"": [0.975, 0.568416, 0.650796]}"
RectangleTable,m891.obj,190,360,triangle,"{""min"": [0.025, 0.025, 0.025], ""max"": [0.975, 0.353995, 0.575336]}"
RectangleTable,m892.obj,174,288,triangle,"{""min"": [0.025, 0.025, 0.025], ""max"": [0.975, 0.315248, 0.5528]}"
RectangleTable,m893.obj,184,292,triangle,"{""min"": [0.025, 0.025, 0.025], ""max"": [0.975, 0.91561, 0.571286]}"
RectangleTable,m894.obj,80,100,triangle,"{""min"": [0.025, 0.025, 0.025], ""max"": [0.975, 0.427148, 0.975]}"
RectangleTable,m895.obj,80,100,triangle,"{""min"": [0.025, 0.025, 0.025], ""max"": [0.975, 0.326611, 0.618752]}"
RectangleTable,m896.obj,144,160,triangle,"{""min"": [0.025, 0.025, 0.025], ""max"": [0.856245, 0.975, 0.856245]}"
RectangleTable,m897.obj,128,152,triangle,"{""min"": [0.025, 0.025, 0.025], ""max"": [0.975, 0.617266, 0.262502]}"
RectangleTable,m898.obj,288,348,triangle,"{""min"": [0.025, 0.025, 0.025], ""max"": [0.975, 0.380927, 0.500002]}"
RectangleTable,m901.obj,190,360,triangle,"{""min"": [0.025, 0.025, 0.025], ""max"": [0.975, 0.744646, 0.755263]}"
RectangleTable,m902.obj,198,372,triangle,"{""min"": [0.025, 0.025, 0.025], ""max"": [0.975, 0.596181, 0.436849]}"
RectangleTable,m904.obj,128,152,triangle,"{""min"": [0.025, 0.025, 0.025], ""max"": [0.405951, 0.975, 0.405951]}"
RectangleTable,m905.obj,48,67,triangle,"{""min"": [0.025, 0.025, 0.025], ""max"": [0.975, 0.84105, 0.975]}"
RectangleTable,m906.obj,178,312,triangle,"{""min"": [0.025, 0.025, 0.025], ""max"": [0.732512, 0.350511, 0.975]}"
RectangleTable,m907.obj,158,214,triangle,"{""min"": [0.025, 0.025, 0.025], ""max"": [0.460914, 0.975, 0.461116]}"
RectangleTable,m908.obj,288,348,triangle,"{""min"": [0.025, 0.025, 0.025], ""max"": [0.975, 0.380927, 0.500002]}"
RectangleTable,m910.obj,352,1136,triangle,"{""min"": [0.025, 0.025, 0.025], ""max"": [0.975, 0.546104, 0.762046]}"
RectangleTable,m912.obj,36,60,triangle,"{""min"": [0.025, 0.025, 0.025], ""max"": [0.975, 0.5, 0.5]}"
RectangleTable,m913.obj,104,188,triangle,"{""min"": [0.025, 0.025, 0.025], ""max"": [0.684242, 0.902915, 0.975]}"
RectangleTable,m914.obj,576,956,triangle,"{""min"": [0.025, 0.025, 0.025], ""max"": [0.975, 0.288203, 0.379987]}"
RectangleTable,m915.obj,40,60,triangle,"{""min"": [0.025, 0.025, 0.025], ""max"": [0.975, 0.636563, 0.5]}"
RectangleTable,m917.obj,96,172,triangle,"{""min"": [0.025, 0.025, 0.025], ""max"": [0.975, 0.405, 0.658333]}"
RectangleTable,m919.obj,78,124,triangle,"{""min"": [0.025, 0.025, 0.025], ""max"": [0.855996, 0.975, 0.90372]}"
RectangleTable,m920.obj,426,736,triangle,"{""min"": [0.025, 0.025, 0.025], ""max"": [0.975, 0.975, 0.676806]}"
Rocket,D00015.obj,88,156,triangle,"{""min"": [-0.376261, -0.194145, -0.207637], ""max"": [1.17067, 0.232521, 0.219035]}"
Rocket,D00343.obj,1053,2008,triangle,"{""min"": [-0.638802, -0.192311, -0.19809], ""max"": [0.938396, 0.196906, 0.190727]}"
Rocket,D00346.obj,1508,2904,triangle,"{""min"": [-1.01735, -0.178134, -0.176754], ""max"": [0.425072, 0.167429, 0.167208]}"
Rocket,D00354.obj,3242,6348,triangle,"{""min"": [-0.956015, -0.310124, -0.305138], ""max"": [0.933647, 0.402422, 0.310574]}"
Rocket,D00426.obj,36,56,triangle,"{""min"": [-1.02224, -0.196216, -0.113511], ""max"": [0.773607, 0.13698, 0.10123]}"
Rocket,D00428.obj,1175,2048,triangle,"{""min"": [-1.05469, -0.115143, -0.150943], ""max"": [0.894492, 0.217718, 0.179191]}"
Rocket,D00433.obj,170,304,triangle,"{""min"": [-0.818707, -0.233606, -0.253759], ""max"": [0.793682, 0.267361, 0.249727]}"
Rocket,D00437.obj,1810,3910,triangle,"{""min"": [-1.0896, -0.18998, -0.207735], ""max"": [0.829451, 0.147994, 0.082673]}"
Rocket,D00472.obj,93,108,triangle,"{""min"": [-0.940631, -0.214642, -0.175996], ""max"": [0.91002, 0.156407, 0.171539]}"
Rocket,D00485.obj,2101,4064,triangle,"{""min"": [-0.81344, -0.221463, -0.22958], ""max"": [0.940178, 0.242504, 0.234435]}"
Rocket,D00528.obj,204,392,triangle,"{""min"": [-1.04818, -0.239429, -0.238561], ""max"": [0.820302, 0.243583, 0.236202]}"
Rocket,D00564.obj,73398,24466,triangle,"{""min"": [-1.19684, -0.138064, -0.188417], ""max"": [0.594097, 0.245138, 0.176884]}"
Rocket,D00585.obj,1014,1728,triangle,"{""min"": [-1.01609, -0.310088, -0.387358], ""max"": [0.786223, 0.472136, 0.396474]}"
Rocket,D00614.obj,161,224,triangle,"{""min"": [-0.931042, -0.089971, -0.157139], ""max"": [0.849059, 0.219059, 0.147331]}"
Rocket,D00697.obj,217,430,triangle,"{""min"": [-0.671248, -0.282161, -0.267608], ""max"": [0.941028, 0.223494, 0.235476]}"
Rocket,D00719.obj,7915,12970,triangle,"{""min"": [-0.699287, -0.177962, -0.162172], ""max"": [0.990757, 0.15734, 0.155736]}"
Rocket,D00764.obj,250,400,triangle,"{""min"": [-0.547953, -0.114158, -0.141261], ""max"": [0.99425, 0.167714, 0.140374]}"
Rocket,D00851.obj,1175,2048,triangle,"{""min"": [-1.06053, -0.111481, -0.173601], ""max"": [0.888826, 0.221993, 0.157947]}"
Rocket,D00942.obj,186,368,triangle,"{""min"": [-0.590479, -0.192285, -0.186346], ""max"": [0.906935, 0.156672, 0.160683]}"
Rocket,D00975.obj,46038,15346,triangle,"{""min"": [-0.961595, -0.139452, -0.196421], ""max"": [0.969337, 0.28388, 0.264921]}"
RoundTable,D00083.obj,1072,2040,triangle,"{""min"": [-0.582531, -0.776936, -0.780501], ""max"": [0.961607, 0.833361, 0.835638]}"
RoundTable,D00094.obj,12414,24720,triangle,"{""min"": [-0.735284, -0.548883, -0.656372], ""max"": [0.417311, 0.845824, 0.629085]}"
RoundTable,D00107.obj,356,904,triangle,"{""min"": [-0.276639, -0.57097, -0.631016], ""max"": [0.861997, 0.727171, 0.68805]}"
RoundTable,D00194.obj,371,604,triangle,"{""min"": [-0.674582, -0.7644, -0.747263], ""max"": [0.995364, 0.597173, 0.871792]}"
RoundTable,D00344.obj,136,236,triangle,"{""min"": [-1.0026, -0.851553, -0.194635], ""max"": [0.709074, 0.865424, 0.766418]}"
RoundTable,D00401.obj,355,551,triangle,"{""min"": [-1.09992, -1.02134, -0.994037], ""max"": [0.737442, 0.836857, 0.440998]}"
RoundTable,D00407.obj,215,408,triangle,"{""min"": [-0.815619, -0.958069, -0.579912], ""max"": [1.17116, 1.02851, 0.13784]}"
RoundTable,D00492.obj,13002,25984,triangle,"{""min"": [-0.829677, -0.804656, -0.654551], ""max"": [1.05402, 0.656763, 0.207063]}"
RoundTable,D00501.obj,744,1468,triangle,"{""min"": [-0.724973, -0.822372, -0.185433], ""max"": [0.919174, 0.803819, 0.583589]}"
RoundTable,D00503.obj,1706,3316,triangle,"{""min"": [-0.600342, -0.451238, -0.391328], ""max"": [0.628093, 0.397175, 0.441497]}"
RoundTable,D00524.obj,1141,2262,triangle,"{""min"": [-0.759903, -0.631271, -0.482521], ""max"": [0.539377, 0.606155, 0.797809]}"
RoundTable,D00581.obj,4126,1526,triangle,"{""min"": [-0.748806, -0.952234, -0.71742], ""max"": [1.19973, 0.993392, 0.404848]}"
RoundTable,D00646.obj,1921,3600,triangle,"{""min"": [-0.653058, -0.825887, -0.345202], ""max"": [0.995817, 0.820856, 0.692204]}"
RoundTable,D00649.obj,2136,4256,triangle,"{""min"": [-0.921891, -0.890336, -0.908957], ""max"": [0.858846, 0.891407, 0.116575]}"
RoundTable,D00702.obj,6647,13237,triangle,"{""min"": [-0.843261, -0.728474, -0.351743], ""max"": [0.598222, 0.819497, 0.836556]}"
RoundTable,D00756.obj,837,1652,triangle,"{""min"": [-0.852804, -0.269645, -0.384058], ""max"": [0.421667, 0.513636, 0.39857]}"
RoundTable,D00827.obj,1732,3436,triangle,"{""min"": [-0.671223, -0.594336, -0.926859], ""max"": [1.04606, 1.24015, 0.844353]}"
RoundTable,D00866.obj,288,636,triangle,"{""min"": [-0.735421, -0.822968, -0.5827], ""max"": [0.587976, 0.516124, 0.56519]}"
RoundTable,D00909.obj,1238,2330,triangle,"{""min"": [-0.747098, -0.735746, -0.557324], ""max"": [0.765997, 0.627858, 0.766642]}"
RoundTable,D00948.obj,1740,3464,triangle,"{""min"": [-0.373726, -0.445699, -0.446052], ""max"": [0.779868, 0.444198, 0.446541]}"
RoundTable,m921.obj,1921,3600,triangle,"{""min"": [0.025, 0.025, 0.025], ""max"": [0.975, 0.468679, 0.975]}"
RoundTable,m922.obj,54,88,triangle,"{""min"": [0.025, 0.025, 0.025], ""max"": [0.975, 0.535625, 0.928504]}"
RoundTable,m923.obj,201,366,triangle,"{""min"": [0.025, 0.025, 0.025], ""max"": [0.97442, 0.526223, 0.975]}"
RoundTable,m924.obj,215,408,triangle,"{""min"": [0.025, 0.025, 0.025], ""max"": [0.975, 0.336326, 0.975]}"
RoundTable,m925.obj,216,408,triangle,"{""min"": [0.025, 0.025, 0.025], ""max"": [0.974907, 0.568592, 0.975]}"
RoundTable,m926.obj,218,408,triangle,"{""min"": [0.025, 0.025, 0.025], ""max"": [0.975, 0.791605, 0.975]}"
RoundTable,m927.obj,201,366,triangle,"{""min"": [0.025, 0.025, 0.025], ""max"": [0.974424, 0.354664, 0.975]}"
RoundTable,m928.obj,463,752,triangle,"{""min"": [0.025, 0.025, 0.025], ""max"": [0.975, 0.804676, 0.975]}"
RoundTable,m929.obj,444,752,triangle,"{""min"": [0.025, 0.025, 0.025], ""max"": [0.975, 0.562554, 0.975]}"
RoundTable,m930.obj,501,978,triangle,"{""min"": [0.025, 0.025, 0.025], ""max"": [0.641081, 0.975, 0.641081]}"
RoundTable,m931.obj,54,88,triangle,"{""min"": [0.025, 0.025, 0.025], ""max"": [0.811207, 0.975, 0.772727]}"
RoundTable,m932.obj,10889,20594,triangle,"{""min"": [0.025, 0.025, 0.025], ""max"": [0.975, 0.620207, 0.975]}"
RoundTable,m933.obj,55,100,triangle,"{""min"": [0.025, 0.025, 0.025], ""max"": [0.975, 0.559375, 0.928504]}"
RoundTable,m934.obj,148,276,triangle,"{""min"": [0.025, 0.025, 0.025], ""max"": [0.975, 0.814898, 0.975]}"
RoundTable,m935.obj,128,241,triangle,"{""min"": [0.025, 0.025, 0.025], ""max"": [0.876203, 0.975, 0.876186]}"
RoundTable,m937.obj,72,140,triangle,"{""min"": [0.025, 0.025, 0.025], ""max"": [0.975, 0.763889, 0.975]}"
RoundTable,m938.obj,422,840,triangle,"{""min"": [0.025, 0.025, 0.025], ""max"": [0.87475, 0.876735, 0.975]}"
Shelf,D00057.obj,9850,6900,triangle,"{""min"": [-0.956341, -0.702769, -0.300438], ""max"": [0.730087, 0.462335, 0.20203]}"
Shelf,D00074.obj,1903,1872,triangle,"{""min"": [-0.758328, -0.635381, -0.284787], ""max"": [1.0382, 0.850289, 0.160204]}"
Shelf,D00129.obj,1207,684,triangle,"{""min"": [-0.760135, -0.731221, -0.280218], ""max"": [0.763554, 0.923977, 0.19845]}"
Shelf,D00171.obj,1505,2716,triangle,"{""min"": [-0.825938, -0.635851, -0.291628], ""max"": [0.917115, 0.29728, 0.261916]}"
Shelf,D00198.obj,2064,2068,triangle,"{""min"": [-0.799434, -0.750856, -0.09851], ""max"": [0.744647, 0.64536, 0.27292]}"
Shelf,D00242.obj,1874,3584,triangle,"{""min"": [-1.17163, -1.02622, -0.193852], ""max"": [0.757996, 0.902776, 0.394703]}"
Shelf,D00337.obj,1628,2806,triangle,"{""min"": [-0.743081, -1.09398, -0.30007], ""max"": [1.12612, 0.706929, 0.181422]}"
Shelf,D00352.obj,129,254,triangle,"{""min"": [-0.719658, -0.832937, -0.259647], ""max"": [1.07551, 0.502862, 0.225189]}"
Shelf,D00468.obj,960,1684,triangle,"{""min"": [-1.14697, -1.02188, -0.395372], ""max"": [0.728744, 0.831612, 0.376543]}"
Shelf,D00592.obj,74,106,triangle,"{""min"": [-0.764685, -0.890851, -0.315815], ""max"": [1.21042, 1.06315, 0.177537]}"
Shelf,D00631.obj,6295,10712,triangle,"{""min"": [-0.833323, -0.725468, -0.126855], ""max"": [1.00919, 0.830073, 0.184888]}"
Shelf,D00691.obj,5210,5004,triangle,"{""min"": [-0.797669, -0.45462, -0.143441], ""max"": [0.940277, 0.519454, 0.109983]}"
Shelf,D00725.obj,5831,8126,triangle,"{""min"": [-0.757576, -0.746881, -0.229562], ""max"": [1.09321, 0.890021, 0.196062]}"
Shelf,D00772.obj,202,306,triangle,"{""min"": [-0.571215, -0.934896, -0.223388], ""max"": [0.95787, 0.745017, 0.11265]}"
Shelf,D00781.obj,4773,6260,triangle,"{""min"": [-0.793321, -0.897298, -0.567211], ""max"": [1.15081, 0.933888, 0.478878]}"
Shelf,D00818.obj,1872,2298,triangle,"{""min"": [-0.53989, -0.604997, -0.220333], ""max"": [0.981276, 0.665191, 0.216049]}"
Shelf,D00881.obj,249,400,triangle,"{""min"": [-0.767308, -0.963581, -0.190552], ""max"": [1.17375, 0.960719, 0.128665]}"
Shelf,D00887.obj,261,404,triangle,"{""min"": [-0.754657, -0.470923, -0.129496], ""max"": [1.12675, 0.704412, 0.180283]}"
Shelf,D00917.obj,2452,4162,triangle,"{""min"": [-0.946831, -0.413191, -0.1558], ""max"": [0.882232, 0.521659, 0.392554]}"
Shelf,D00956.obj,122,173,triangle,"{""min"": [-0.803797, -0.721052, -0.215748], ""max"": [0.934691, 0.5545, 0.179699]}"
Shelf,m844.obj,200,324,triangle,"{""min"": [0.025, 0.025, 0.025], ""max"": [0.975, 0.826961, 0.204296]}"
Shelf,m845.obj,60,88,triangle,"{""min"": [0.025, 0.025, 0.025], ""max"": [0.785639, 0.975, 0.263024]}"
Shelf,m846.obj,1101,2098,triangle,"{""min"": [0.025, 0.025, 0.025], ""max"": [0.551, 0.975, 0.267805]}"
Shelf,m847.obj,158,244,triangle,"{""min"": [0.025, 0.025, 0.025], ""max"": [0.660413, 0.975, 0.225022]}"
Shelf,m849.obj,128,192,triangle,"{""min"": [0.025, 0.025, 0.025], ""max"": [0.975, 0.662127, 0.178756]}"
Shelf,m850.obj,184,300,triangle,"{""min"": [0.025, 0.025, 0.025], ""max"": [0.975, 0.78355, 0.198028]}"
Shelf,m851.obj,68,120,triangle,"{""min"": [0.025, 0.025, 0.025], ""max"": [0.839286, 0.975, 0.296429]}"
Shelf,m852.obj,104,228,triangle,"{""min"": [0.025, 0.025, 0.025], ""max"": [0.79527, 0.975, 0.281757]}"
Shelf,m853.obj,100,228,triangle,"{""min"": [0.025, 0.025, 0.025], ""max"": [0.755769, 0.975, 0.207692]}"
Shelf,m854.obj,96,204,triangle,"{""min"": [0.025, 0.025, 0.025], ""max"": [0.974269, 0.975, 0.193419]}"
Shelf,m855.obj,46,44,triangle,"{""min"": [0.025, 0.025, 0.025], ""max"": [0.975, 0.816667, 0.5]}"
Shelf,m856.obj,64,96,triangle,"{""min"": [0.025, 0.025, 0.025], ""max"": [0.975, 0.791105, 0.408053]}"
Shelf,m857.obj,112,168,triangle,"{""min"": [0.025, 0.025, 0.025], ""max"": [0.975, 0.668611, 0.331583]}"
Shelf,m858.obj,48,28,triangle,"{""min"": [0.025, 0.025, 0.025], ""max"": [0.975, 0.5, 0.12]}"
Shelf,m859.obj,2556,4716,triangle,"{""min"": [0.025, 0.025, 0.025], ""max"": [0.677822, 0.975, 0.322313]}"
Shelf,m860.obj,56,84,triangle,"{""min"": [0.025, 0.025, 0.025], ""max"": [0.975, 0.788295, 0.291699]}"
Shelf,m861.obj,150,232,triangle,"{""min"": [0.025, 0.025, 0.025], ""max"": [0.975, 0.910624, 0.176864]}"
Shelf,m862.obj,544,1024,triangle,"{""min"": [0.025, 0.025, 0.025], ""max"": [0.468246, 0.975, 0.912536]}"
Shelf,m863.obj,289,362,triangle,"{""min"": [0.025, 0.025, 0.025], ""max"": [0.590289, 0.975, 0.213433]}"
Shelf,m864.obj,323,406,triangle,"{""min"": [0.025, 0.025, 0.025], ""max"": [0.5, 0.975, 0.183336]}"
Shelf,m865.obj,255,318,triangle,"{""min"": [0.025, 0.025, 0.025], ""max"": [0.722957, 0.975, 0.257657]}"
Shelf,m866.obj,221,274,triangle,"{""min"": [0.025, 0.025, 0.025], ""max"": [0.936995, 0.975, 0.329004]}"
Shelf,m868.obj,112,180,triangle,"{""min"": [0.025, 0.025, 0.025], ""max"": [0.387727, 0.975, 0.197727]}"
Ship,D00027.obj,4202,4887,triangle,"{""min"": [-0.70186, -0.403568, -0.196767], ""max"": [1.03006, 0.302762, 0.180722]}"
Ship,D00042.obj,2275,3816,triangle,"{""min"": [-1.00258, -0.203019, -0.422159], ""max"": [0.964704, 0.255754, 0.208107]}"
Ship,D00099.obj,374,672,triangle,"{""min"": [-0.921394, -0.256689, -0.117036], ""max"": [0.950876, 0.450704, 0.193121]}"
Ship,D00175.obj,13725,26994,triangle,"{""min"": [-0.680901, -0.247049, -0.165009], ""max"": [0.865118, 0.219483, 0.217065]}"
Ship,D00247.obj,6122,10530,triangle,"{""min"": [-0.942829, -0.249844, -0.127142], ""max"": [0.990447, 0.193791, 0.149932]}"
Ship,D00258.obj,9284,10781,triangle,"{""min"": [-0.964138, -0.368354, -0.13321], ""max"": [0.895676, 0.321623, 0.119153]}"
Ship,D00292.obj,4340,4887,triangle,"{""min"": [-0.704417, -0.410858, -0.181184], ""max"": [1.02567, 0.296958, 0.17597]}"
Ship,D00429.obj,19361,36405,triangle,"{""min"": [-0.683971, -0.244451, -0.327857], ""max"": [1.00175, 0.300118, 0.312399]}"
Ship,D00467.obj,5062,5504,triangle,"{""min"": [-1.01228, -0.269387, -0.093821], ""max"": [0.95186, 0.150805, 0.100438]}"
Ship,D00539.obj,23858,41981,triangle,"{""min"": [-1.03133, -0.215717, -0.198848], ""max"": [0.89599, 0.148406, 0.228831]}"
Ship,D00543.obj,7537,14375,triangle,"{""min"": [-0.839794, -0.616998, -0.23086], ""max"": [1.06456, 0.215636, 0.200711]}"
Ship,D00647.obj,1713,3374,triangle,"{""min"": [-0.974421, -0.228144, -0.143241], ""max"": [0.981983, 0.168889, 0.126853]}"
Ship,D00771.obj,33376,65300,triangle,"{""min"": [-0.847981, -0.497375, -0.115535], ""max"": [1.09133, 0.256202, 0.089999]}"
Ship,D00791.obj,4200,4887,triangle,"{""min"": [-1.00437, -0.305311, -0.179924], ""max"": [0.725268, 0.406037, 0.184624]}"
Ship,D00809.obj,40714,80272,triangle,"{""min"": [-0.981329, -0.439915, -0.161653], ""max"": [0.899011, 0.263674, 0.192675]}"
Ship,D00837.obj,6122,10530,triangle,"{""min"": [-0.924, -0.273261, -0.124809], ""max"": [1.00797, 0.167856, 0.153832]}"
Ship,D00896.obj,4991,9542,triangle,"{""min"": [-1.13694, -0.444753, -0.259955], ""max"": [0.757844, 0.335244, 0.251197]}"
Ship,D00907.obj,21442,18338,triangle,"{""min"": [-0.618782, -0.284349, -0.264673], ""max"": [0.898453, 0.446495, 0.31066]}"
Ship,D00935.obj,124,200,triangle,"{""min"": [-0.914527, -0.120096, -0.060672], ""max"": [0.965058, 0.208284, 0.114198]}"
Ship,D00949.obj,2547,3668,triangle,"{""min"": [-1.01365, -0.247172, -0.209759], ""max"": [0.933231, 0.51412, 0.385996]}"
Ship,m1427.obj,757,1084,triangle,"{""min"": [0.025, 0.025, 0.025], ""max"": [0.975, 0.219739, 0.1816]}"
Ship,m1428.obj,817,1083,triangle,"{""min"": [0.025, 0.025, 0.025], ""max"": [0.975, 0.239868, 0.14634]}"
Ship,m1429.obj,749,1039,triangle,"{""min"": [0.025, 0.025, 0.025], ""max"": [0.975, 0.301662, 0.13238]}"
Ship,m1430.obj,774,1032,triangle,"{""min"": [0.025, 0.025, 0.025], ""max"": [0.975, 0.367111, 0.138905]}"
Ship,m1431.obj,674,960,triangle,"{""min"": [0.025, 0.025, 0.025], ""max"": [0.975, 0.318517, 0.176693]}"
Ship,m1432.obj,573,822,triangle,"{""min"": [0.025, 0.025, 0.025], ""max"": [0.975, 0.262155, 0.119449]}"
Ship,m1433.obj,926,1227,triangle,"{""min"": [0.025, 0.025, 0.025], ""max"": [0.975, 0.313262, 0.195429]}"
Ship,m1434.obj,600,1077,triangle,"{""min"": [0.025, 0.025, 0.025], ""max"": [0.47232, 0.276558, 0.975]}"
Ship,m1435.obj,4241,4887,triangle,"{""min"": [0.025, 0.025, 0.025], ""max"": [0.21916, 0.403522, 0.975]}"
Ship,m1436.obj,1704,3340,triangle,"{""min"": [0.025, 0.025, 0.025], ""max"": [0.155969, 0.209796, 0.975]}"
Ship,m1437.obj,658,930,triangle,"{""min"": [0.025, 0.025, 0.025], ""max"": [0.975, 0.284961, 0.127364]}"
Ship,m1438.obj,1309,2454,triangle,"{""min"": [0.025, 0.025, 0.025], ""max"": [0.975, 0.19299, 0.187891]}"
Ship,m1439.obj,428,848,triangle,"{""min"": [0.025, 0.025, 0.025], ""max"": [0.975, 0.2687, 0.122699]}"
Ship,m1440.obj,4230,5977,triangle,"{""min"": [0.025, 0.025, 0.025], ""max"": [0.975, 0.221908, 0.262171]}"
Ship,m1441.obj,3153,4116,triangle,"{""min"": [0.025, 0.025, 0.025], ""max"": [0.975, 0.425436, 0.239859]}"
Ship,m1442.obj,6859,12554,triangle,"{""min"": [0.025, 0.025, 0.025], ""max"": [0.164983, 0.305256, 0.975]}"
Ship,m1444.obj,6251,11722,triangle,"{""min"": [0.025, 0.025, 0.025], ""max"": [0.231519, 0.45932, 0.975]}"
Ship,m1446.obj,6122,10530,triangle,"{""min"": [0.025, 0.025, 0.025], ""max"": [0.975, 0.159904, 0.244612]}"
Ship,m1447.obj,3189,6000,triangle,"{""min"": [0.025, 0.025, 0.025], ""max"": [0.121877, 0.179082, 0.975]}"
Ship,m1448.obj,182,328,triangle,"{""min"": [0.025, 0.025, 0.025], ""max"": [0.186087, 0.975, 0.681739]}"
Ship,m1449.obj,330,660,triangle,"{""min"": [0.025, 0.025, 0.025], ""max"": [0.223899, 0.849298, 0.975]}"
Ship,m1450.obj,98,156,triangle,"{""min"": [0.025, 0.025, 0.025], ""max"": [0.238483, 0.843388, 0.975]}"
Ship,m1451.obj,775,1498,triangle,"{""min"": [0.025, 0.025, 0.025], ""max"": [0.181495, 0.975, 0.691454]}"
Ship,m1452.obj,776,1452,triangle,"{""min"": [0.025, 0.025, 0.025], ""max"": [0.603552, 0.975, 0.158593]}"
Ship,m1453.obj,7994,15870,triangle,"{""min"": [0.025, 0.025, 0.025], ""max"": [0.440089, 0.690945, 0.975]}"
Ship,m1454.obj,325,598,triangle,"{""min"": [0.025, 0.025, 0.025], ""max"": [0.637377, 0.820991, 0.975]}"
Ship,m1455.obj,314,576,triangle,"{""min"": [0.025, 0.025, 0.025], ""max"": [0.402439, 0.706094, 0.975]}"
Ship,m1456.obj,497,924,triangle,"{""min"": [0.025, 0.025, 0.025], ""max"": [0.882844, 0.975, 0.270117]}"
Ship,m1457.obj,2333,4485,triangle,"{""min"": [0.025, 0.025, 0.025], ""max"": [0.375197, 0.59733, 0.975]}"
Ship,m1458.obj,2509,4698,triangle,"{""min"": [0.025, 0.025, 0.025], ""max"": [0.975, 0.89088, 0.554814]}"
Ship,m1459.obj,331,531,triangle,"{""min"": [0.025, 0.025, 0.025], ""max"": [0.975, 0.664405, 0.42026]}"
Ship,m1460.obj,4892,9510,triangle,"{""min"": [0.025, 0.025, 0.025], ""max"": [0.677889, 0.518839, 0.975]}"
Ship,m1461.obj,12526,23024,triangle,"{""min"": [0.025, 0.025, 0.025], ""max"": [0.718676, 0.513399, 0.975]}"
Ship,m1462.obj,4916,9500,triangle,"{""min"": [0.025, 0.025, 0.025], ""max"": [0.548358, 0.524952, 0.975]}"
Ship,m1463.obj,629,1236,triangle,"{""min"": [0.025, 0.025, 0.025], ""max"": [0.975, 0.164155, 0.12241]}"
Ship,m1464.obj,2873,5534,triangle,"{""min"": [0.025, 0.025, 0.025], ""max"": [0.19372, 0.342441, 0.975]}"
Ship,m1465.obj,6923,10583,triangle,"{""min"": [0.025, 0.025, 0.025], ""max"": [0.975, 0.227252, 0.151762]}"
Ship,m1466.obj,9736,18939,triangle,"{""min"": [0.025, 0.025, 0.025], ""max"": [0.169516, 0.212589, 0.975]}"
Ship,m1467.obj,574,1076,triangle,"{""min"": [0.025, 0.025, 0.025], ""max"": [0.159527, 0.294733, 0.975]}"
Ship,m1468.obj,467,684,triangle,"{""min"": [0.025, 0.025, 0.025], ""max"": [0.975, 0.227148, 0.178993]}"
Ship,m1469.obj,1724,3176,triangle,"{""min"": [0.025, 0.025, 0.025], ""max"": [0.129224, 0.28801, 0.975]}"
Ship,m1470.obj,145,270,triangle,"{""min"": [0.025, 0.025, 0.025], ""max"": [0.122405, 0.164154, 0.975]}"
Ship,m1471.obj,2511,3552,triangle,"{""min"": [0.025, 0.025, 0.025], ""max"": [0.975, 0.350313, 0.453156]}"
Sign,m1670.obj,221,217,triangle,"{""min"": [0.025, 0.025, 0.025], ""max"": [0.335607, 0.975, 0.068536]}"
Sign,m1671.obj,119,113,triangle,"{""min"": [0.025, 0.025, 0.025], ""max"": [0.338838, 0.975, 0.075532]}"
Sign,m1672.obj,231,299,triangle,"{""min"": [0.025, 0.025, 0.025], ""max"": [0.670752, 0.975, 0.11303]}"
Sign,m1673.obj,80,86,triangle,"{""min"": [0.025, 0.025, 0.025], ""max"": [0.429, 0.975, 0.072555]}"
Sign,m1674.obj,50,78,triangle,"{""min"": [0.025, 0.025, 0.025], ""max"": [0.596402, 0.975, 0.083778]}"
Sign,m1675.obj,40,52,triangle,"{""min"": [0.025, 0.025, 0.025], ""max"": [0.318634, 0.975, 0.044992]}"
Sign,m1676.obj,4031,8034,triangle,"{""min"": [0.025, 0.025, 0.025], ""max"": [0.231959, 0.975, 0.057745]}"
Sign,m1678.obj,642,1021,triangle,"{""min"": [0.025, 0.025, 0.025], ""max"": [0.209241, 0.975, 0.045404]}"
Sign,m1679.obj,417,786,triangle,"{""min"": [0.025, 0.025, 0.025], ""max"": [0.154414, 0.975, 0.084022]}"
Sign,m1680.obj,360,708,triangle,"{""min"": [0.025, 0.025, 0.025], ""max"": [0.377568, 0.975, 0.052018]}"
Sign,m1681.obj,6540,13032,triangle,"{""min"": [0.025, 0.025, 0.025], ""max"": [0.416613, 0.975, 0.057631]}"
Sign,m1682.obj,4492,8804,triangle,"{""min"": [0.025, 0.025, 0.025], ""max"": [0.975, 0.852742, 0.357307]}"
Sign,m1683.obj,3000,5896,triangle,"{""min"": [0.025, 0.025, 0.025], ""max"": [0.970492, 0.975, 0.358657]}"
Sign,m1684.obj,44,76,triangle,"{""min"": [0.025, 0.025, 0.025], ""max"": [0.975, 0.94233, 0.104207]}"
Sign,m1685.obj,760,1344,triangle,"{""min"": [0.025, 0.025, 0.025], ""max"": [0.807462, 0.975, 0.306966]}"
Skyscraper,D00006.obj,48737,54489,triangle,"{""min"": [-0.86549, -0.383786, -0.427664], ""max"": [1.06092, 0.452534, 0.325606]}"
Skyscraper,D00058.obj,73697,53448,triangle,"{""min"": [-0.866731, -0.316891, -0.185607], ""max"": [0.966261, 0.236562, 0.209522]}"
Skyscraper,D00059.obj,12771,6932,triangle,"{""min"": [-0.921168, -0.369327, -0.31361], ""max"": [0.990169, 0.265781, 0.328817]}"
Skyscraper,D00105.obj,8334,16159,triangle,"{""min"": [-1.03018, -0.304715, -0.206293], ""max"": [0.516563, 0.184333, 0.176329]}"
Skyscraper,D00125.obj,18704,16194,triangle,"{""min"": [-0.985968, -0.208073, -0.166764], ""max"": [0.55974, 0.258848, 0.184044]}"
Skyscraper,D00126.obj,39975,38308,triangle,"{""min"": [-0.789563, -0.291398, -0.220346], ""max"": [1.06213, 0.381102, 0.156256]}"
Skyscraper,D00130.obj,1036,1672,triangle,"{""min"": [-0.941441, -0.179672, -0.185709], ""max"": [0.876353, 0.229129, 0.207345]}"
Skyscraper,D00259.obj,50449,57938,triangle,"{""min"": [-0.921698, -0.182573, -0.129423], ""max"": [0.683792, 0.11706, 0.138955]}"
Skyscraper,D00300.obj,6372,10967,triangle,"{""min"": [-0.881644, -0.182475, -0.192383], ""max"": [0.900784, 0.227646, 0.19267]}"
Skyscraper,D00520.obj,51730,52041,triangle,"{""min"": [-0.857575, -0.378073, -0.255684], ""max"": [1.11018, 0.274454, 0.266699]}"
Skyscraper,D00532.obj,19283,26932,triangle,"{""min"": [-0.906344, -0.293712, -0.256522], ""max"": [1.00366, 0.429776, 0.22904]}"
Skyscraper,D00584.obj,28864,28622,triangle,"{""min"": [-0.797366, -0.293214, -0.182036], ""max"": [1.11754, 0.368587, 0.267066]}"
Skyscraper,D00589.obj,6372,10976,triangle,"{""min"": [-0.891001, -0.249752, -0.210741], ""max"": [0.84234, 0.185449, 0.221908]}"
Skyscraper,D00641.obj,3299,4363,triangle,"{""min"": [-0.867232, -0.183149, -0.205679], ""max"": [1.00218, 0.267759, 0.216752]}"
Skyscraper,D00664.obj,10076,12812,triangle,"{""min"": [-0.771369, -0.284353, -0.248104], ""max"": [0.779295, 0.301205, 0.267771]}"
Skyscraper,D00729.obj,51011,50113,triangle,"{""min"": [-1.08303, -0.370116, -0.331666], ""max"": [0.82779, 0.604832, 0.347648]}"
Skyscraper,D00822.obj,10054,16987,triangle,"{""min"": [-0.962853, -0.207903, -0.20802], ""max"": [0.763876, 0.192337, 0.18562]}"
Skyscraper,D00870.obj,65343,50778,triangle,"{""min"": [-0.877066, -0.396892, -0.231676], ""max"": [1.03835, 0.239769, 0.218357]}"
Skyscraper,D00872.obj,365,668,triangle,"{""min"": [-1.25123, -0.247287, -0.181341], ""max"": [0.451695, 0.257228, 0.373556]}"
Skyscraper,D00998.obj,4708,5942,triangle,"{""min"": [-1.17797, -0.185787, -0.160495], ""max"": [0.467106, 0.16659, 0.172304]}"
Spoon,D00014.obj,748,4485,triangle,"{""min"": [3.419584, 0.835941, -0.025512], ""max"": [4.279629, 5.10234, 0.278286]}"
Spoon,D00085.obj,575,3444,triangle,"{""min"": [-1.422137, 1.328523, -0.001013], ""max"": [3.04557, 2.211927, 0.348922]}"
Spoon,D00144.obj,243,1407,triangle,"{""min"": [0.121356, 0.300286, 0.031978], ""max"": [0.186049, 0.618646, 0.055897]}"
Spoon,D00157.obj,386,2499,triangle,"{""min"": [-0.884846, -0.6884, -0.0], ""max"": [0.922286, 6.321997, 0.455736]}"
Spoon,D00196.obj,1512,4812,triangle,"{""min"": [-0.160935, -0.102328, 0.0], ""max"": [0.146018, 0.105094, 0.01905]}"
Spoon,D00338.obj,481,3021,triangle,"{""min"": [-0.538977, 0.169091, 0.0], ""max"": [13.447721, 12.13092, 4.743915]}"
Spoon,D00422.obj,109,528,triangle,"{""min"": [-0.027843, -0.116957, 0.064647], ""max"": [0.039432, -0.093315, 0.106098]}"
Spoon,D00474.obj,72,363,triangle,"{""min"": [-0.150256, 0.020605, 0.0], ""max"": [-0.01698, 0.04325, 0.00685]}"
Spoon,D00497.obj,144,852,triangle,"{""min"": [0.006005, 0.035645, -0.0], ""max"": [0.054753, 0.058796, 0.248042]}"
Spoon,D00517.obj,487,2697,triangle,"{""min"": [-10.1767, -10.1767, 0.0], ""max"": [10.1767, 195.832, 10.1767]}"
Spoon,D00562.obj,4958,12999,triangle,"{""min"": [-10.6701, 7.50555, -4.60375], ""max"": [2.94431, 13.7349, 1.18445]}"
Spoon,D00593.obj,144,918,triangle,"{""min"": [0.0, 0.0, 0.0], ""max"": [1.597584, 0.311811, 8.357558]}"
Spoon,D00661.obj,1848,10491,triangle,"{""min"": [2.73779, -0.591884, 0.011549], ""max"": [4.41013, -0.208667, 0.181983]}"
Spoon,D00669.obj,556,3324,triangle,"{""min"": [-0.33655, -0.04445, 0.018273], ""max"": [0.33655, 1.083619, 0.669657]}"
Spoon,D00674.obj,173,966,triangle,"{""min"": [-0.559925, -2.178684, -0.257557], ""max"": [1.050993, 1.516141, 0.263714]}"
Spoon,D00683.obj,5039,3282,triangle,"{""min"": [-1.99653, 1.29308, -0.00210259], ""max"": [-1.38032, 1.71307, 0.096281]}"
Spoon,D00790.obj,284,1623,triangle,"{""min"": [-0.018031, -3.277825, -0.0], ""max"": [13.033793, 8.968065, 11.785623]}"
Spoon,D00842.obj,291,1647,triangle,"{""min"": [0.482661, 1.835353, -0.29845], ""max"": [1.210242, 1.964791, -0.258362]}"
Spoon,D00927.obj,910,5448,triangle,"{""min"": [-0.128479, -0.085583, -0.0], ""max"": [0.666226, 0.086442, 0.117144]}"
Spoon,D00964.obj,211,1014,triangle,"{""min"": [-2.81, -5.62, 0.88], ""max"": [2.81, 19.855872, 3.13755]}"
Starship,m1353.obj,2124,4147,triangle,"{""min"": [0.025, 0.025, 0.025], ""max"": [0.489988, 0.975, 0.336106]}"
Starship,m1354.obj,5724,11368,triangle,"{""min"": [0.025, 0.025, 0.025], ""max"": [0.975, 0.279811, 0.504878]}"
Starship,m1355.obj,7730,13354,triangle,"{""min"": [0.025, 0.025, 0.025], ""max"": [0.859252, 0.975, 0.328011]}"
Starship,m1356.obj,1946,3301,triangle,"{""min"": [0.025, 0.025, 0.025], ""max"": [0.975, 0.614445, 0.688768]}"
Starship,m1357.obj,9664,32216,triangle,"{""min"": [0.025, 0.025, 0.025], ""max"": [0.975, 0.167978, 0.424339]}"
Starship,m1358.obj,1196,1989,triangle,"{""min"": [0.025, 0.025, 0.025], ""max"": [0.45472, 0.230642, 0.975]}"
Starship,m1359.obj,265,508,triangle,"{""min"": [0.025, 0.025, 0.025], ""max"": [0.471212, 0.356061, 0.975]}"
Starship,m1360.obj,2904,4231,triangle,"{""min"": [0.025, 0.025, 0.025], ""max"": [0.439815, 0.2326, 0.975]}"
Starship,m1361.obj,1038,2008,triangle,"{""min"": [0.025, 0.025, 0.025], ""max"": [0.841756, 0.21772, 0.975]}"
Starship,m1362.obj,13685,22912,triangle,"{""min"": [0.025, 0.025, 0.025], ""max"": [0.975, 0.222805, 0.7189]}"
Starship,m1364.obj,9018,18139,triangle,"{""min"": [0.025, 0.025, 0.025], ""max"": [0.859251, 0.975, 0.328011]}"
Starship,m1365.obj,718,1196,triangle,"{""min"": [0.025, 0.025, 0.025], ""max"": [0.975, 0.750444, 0.201007]}"
Starship,m1366.obj,568,1067,triangle,"{""min"": [0.025, 0.025, 0.025], ""max"": [0.476787, 0.975, 0.245535]}"
Starship,m1368.obj,31275,59739,triangle,"{""min"": [0.025, 0.025, 0.025], ""max"": [0.360794, 0.136819, 0.975]}"
Starship,m1369.obj,1004,1720,triangle,"{""min"": [0.025, 0.025, 0.025], ""max"": [0.975, 0.405352, 0.200913]}"
Starship,m1370.obj,1748,3401,triangle,"{""min"": [0.025, 0.025, 0.025], ""max"": [0.432507, 0.256189, 0.975]}"
Starship,m1371.obj,1558,2542,triangle,"{""min"": [0.025, 0.025, 0.025], ""max"": [0.42152, 0.220545, 0.975]}"
Starship,m1372.obj,3366,6344,triangle,"{""min"": [0.025, 0.025, 0.025], ""max"": [0.746801, 0.975, 0.187233]}"
Starship,m1373.obj,6098,11592,triangle,"{""min"": [0.025, 0.025, 0.025], ""max"": [0.468557, 0.975, 0.267043]}"
Starship,m1374.obj,8080,15507,triangle,"{""min"": [0.025, 0.025, 0.025], ""max"": [0.382934, 0.975, 0.163539]}"
Starship,m1375.obj,1694,3380,triangle,"{""min"": [0.025, 0.025, 0.025], ""max"": [0.827817, 0.410352, 0.975]}"
Starship,m1376.obj,467,944,triangle,"{""min"": [0.025, 0.025, 0.025], ""max"": [0.975, 0.171065, 0.253]}"
Starship,m1378.obj,2059,3804,triangle,"{""min"": [0.025, 0.025, 0.025], ""max"": [0.975, 0.151021, 0.975]}"
Starship,m1379.obj,1018,1858,triangle,"{""min"": [0.025, 0.025, 0.025], ""max"": [0.974987, 0.113092, 0.975]}"
Starship,m1380.obj,11926,20996,triangle,"{""min"": [0.025, 0.025, 0.025], ""max"": [0.975, 0.386659, 0.975]}"
Starship,m1381.obj,14225,27965,triangle,"{""min"": [0.025, 0.025, 0.025], ""max"": [0.975, 0.449051, 0.975]}"
Starship,m1382.obj,7006,14044,triangle,"{""min"": [0.025, 0.025, 0.025], ""max"": [0.975, 0.283379, 0.975]}"
Starship,m1383.obj,8722,31296,triangle,"{""min"": [0.025, 0.025, 0.025], ""max"": [0.975, 0.241709, 0.975]}"
Starship,m1384.obj,3820,7365,triangle,"{""min"": [0.025, 0.025, 0.025], ""max"": [0.956241, 0.195205, 0.975]}"
Starship,m1385.obj,11132,20663,triangle,"{""min"": [0.025, 0.025, 0.025], ""max"": [0.975, 0.312997, 0.975]}"
Starship,m1386.obj,1707,3384,triangle,"{""min"": [0.025, 0.025, 0.025], ""max"": [0.975, 0.361415, 0.931763]}"
SubmachineGun,D00052.obj,2258,4275,triangle,"{""min"": [-1.06996, -0.313674, -0.091492], ""max"": [0.601225, 0.460192, 0.133358]}"
SubmachineGun,D00060.obj,577,1014,triangle,"{""min"": [-0.909352, -0.195312, -0.060108], ""max"": [1.05536, 0.316789, 0.03247]}"
SubmachineGun,D00062.obj,2291,2964,triangle,"{""min"": [-0.668179, -0.262206, -0.098315], ""max"": [0.955436, 0.334199, 0.107242]}"
SubmachineGun,D00064.obj,6530,13256,triangle,"{""min"": [-0.812644, -0.302528, -0.253597], ""max"": [1.08721, 0.449624, 0.163876]}"
SubmachineGun,D00068.obj,19423,38396,triangle,"{""min"": [-0.800301, -0.199463, -0.048073], ""max"": [0.8058, 0.354073, 0.034455]}"
SubmachineGun,D00119.obj,11791,23060,triangle,"{""min"": [-1.24448, -0.151096, -0.160147], ""max"": [0.742444, 0.320461, 0.170061]}"
SubmachineGun,D00219.obj,1520,2532,triangle,"{""min"": [-0.797676, -0.254582, -0.059143], ""max"": [1.15909, 0.531088, 0.06715]}"
SubmachineGun,D00256.obj,760,1326,triangle,"{""min"": [-0.876584, -0.762328, -0.138511], ""max"": [0.919527, 0.296704, 0.099466]}"
SubmachineGun,D00371.obj,18170,31606,triangle,"{""min"": [-0.687517, -0.243497, -0.192068], ""max"": [1.00498, 0.229647, 0.142057]}"
SubmachineGun,D00384.obj,1806,2216,triangle,"{""min"": [-0.905825, -0.118947, -0.034573], ""max"": [0.85551, 0.257527, 0.042452]}"
SubmachineGun,D00431.obj,1783,2708,triangle,"{""min"": [-0.902211, -0.462607, -0.078898], ""max"": [0.965706, 0.279612, 0.076244]}"
SubmachineGun,D00459.obj,24710,49474,triangle,"{""min"": [-0.928734, -0.131499, -0.070005], ""max"": [0.813885, 0.327694, 0.067047]}"
SubmachineGun,D00489.obj,1434,2180,triangle,"{""min"": [-0.841187, -0.808139, -0.086458], ""max"": [0.892872, 0.619503, 0.094444]}"
SubmachineGun,D00537.obj,3629,3190,triangle,"{""min"": [-0.948614, -0.237611, -0.030619], ""max"": [0.747389, 0.19582, 0.029982]}"
SubmachineGun,D00613.obj,1424,2437,triangle,"{""min"": [-0.878882, -0.268823, -0.067191], ""max"": [0.925639, 0.433925, 0.05068]}"
SubmachineGun,D00733.obj,4970,8831,triangle,"{""min"": [-0.779348, -0.617476, -0.075684], ""max"": [0.942327, 0.191115, 0.147156]}"
SubmachineGun,D00878.obj,2027,2916,triangle,"{""min"": [-0.888097, -0.394638, -0.065063], ""max"": [0.903131, 0.181686, 0.061265]}"
SubmachineGun,D00893.obj,170,281,triangle,"{""min"": [-0.915525, -0.180775, -0.079507], ""max"": [0.949885, 0.356856, 0.042732]}"
SubmachineGun,D00960.obj,182,294,triangle,"{""min"": [-1.09728, -0.369754, -0.062865], ""max"": [0.617693, 0.356748, 0.047946]}"
SubmachineGun,D00970.obj,451,785,triangle,"{""min"": [-0.847672, -0.162623, -0.062191], ""max"": [0.884832, 0.217642, 0.040208]}"
Sword,D00066.obj,18993,21764,triangle,"{""min"": [-1.1684, -0.167468, -0.046728], ""max"": [0.365576, 0.149393, 0.040217]}"
Sword,D00071.obj,10920,21800,triangle,"{""min"": [-1.25064, -0.36844, -0.039414], ""max"": [0.37005, 0.212721, 0.046616]}"
Sword,D00133.obj,13257,26446,triangle,"{""min"": [-0.314117, -0.17998, -0.08341], ""max"": [1.07519, 0.189026, 0.079927]}"
Sword,D00149.obj,190,344,triangle,"{""min"": [-1.1498, -0.152899, -0.050279], ""max"": [0.690999, 0.22797, 0.061565]}"
Sword,D00162.obj,1150,2296,triangle,"{""min"": [-0.528661, -0.173319, -0.041424], ""max"": [1.3085, 0.183818, 0.024868]}"
Sword,D00177.obj,5076,10136,triangle,"{""min"": [-1.0564, -0.221232, -0.041104], ""max"": [0.214279, 0.216651, 0.043766]}"
Sword,D00195.obj,1429,2976,triangle,"{""min"": [-0.746991, -0.146119, -0.101896], ""max"": [0.914549, 0.138769, 0.09907]}"
Sword,D00249.obj,15478,30816,triangle,"{""min"": [-0.46867, -0.056973, -0.038516], ""max"": [0.98383, 0.06647, 0.034242]}"
Sword,D00356.obj,5012,6142,triangle,"{""min"": [-1.2178, -0.092541, -0.106282], ""max"": [0.238315, 0.107805, 0.09526]}"
Sword,D00484.obj,6873,13168,triangle,"{""min"": [-1.07377, -0.155355, -0.033838], ""max"": [0.458325, 0.175099, 0.049098]}"
Sword,D00513.obj,4136,7297,triangle,"{""min"": [-1.26157, -0.227727, -0.069613], ""max"": [0.326411, 0.190218, 0.066442]}"
Sword,D00540.obj,8181,10922,triangle,"{""min"": [-0.603417, -0.145486, -0.032973], ""max"": [0.993437, 0.139218, 0.035452]}"
Sword,D00635.obj,725,1238,triangle,"{""min"": [-0.823956, -0.354405, -0.092872], ""max"": [0.921147, 0.380758, 0.098875]}"
Sword,D00712.obj,327,602,triangle,"{""min"": [-1.09055, -0.156613, -0.076891], ""max"": [0.904259, 0.198897, 0.076708]}"
Sword,D00807.obj,176,648,triangle,"{""min"": [-0.962635, -0.125901, -0.035521], ""max"": [0.761381, 0.111819, 0.026662]}"
Sword,D00808.obj,1787,3110,triangle,"{""min"": [-0.940874, -0.166439, -0.158329], ""max"": [0.67056, 0.161002, 0.169184]}"
Sword,D00812.obj,3694,12652,triangle,"{""min"": [-1.05394, -0.114185, -0.03639], ""max"": [0.386256, 0.114324, 0.072053]}"
Sword,D00906.obj,14621,29204,triangle,"{""min"": [-1.21413, -0.212044, -0.05774], ""max"": [0.300345, 0.125027, 0.050567]}"
Sword,D00916.obj,2993,7470,triangle,"{""min"": [-0.720276, -0.053847, -0.027381], ""max"": [0.941206, 0.088122, 0.027282]}"
Sword,D00992.obj,5872,11648,triangle,"{""min"": [-0.913541, -0.1497, -0.028825], ""max"": [0.573817, 0.153792, 0.034635]}"
Sword,m687.obj,800,1504,triangle,"{""min"": [0.025, 0.025, 0.025], ""max"": [0.459071, 0.975, 0.11228]}"
Sword,m688.obj,1977,3938,triangle,"{""min"": [0.025, 0.025, 0.025], ""max"": [0.11913, 0.975, 0.375814]}"
Sword,m689.obj,178,360,triangle,"{""min"": [0.025, 0.025, 0.025], ""max"": [0.887269, 0.975, 0.202834]}"
Sword,m690.obj,180,368,triangle,"{""min"": [0.025, 0.025, 0.025], ""max"": [0.155249, 0.975, 0.152246]}"
Sword,m691.obj,8583,16488,triangle,"{""min"": [0.025, 0.025, 0.025], ""max"": [0.115882, 0.975, 0.236604]}"
Sword,m692.obj,3694,12652,triangle,"{""min"": [0.025, 0.025, 0.025], ""max"": [0.17573, 0.975, 0.096435]}"
Sword,m693.obj,196,259,triangle,"{""min"": [0.025, 0.025, 0.025], ""max"": [0.110751, 0.975, 0.119326]}"
Sword,m694.obj,2903,5667,triangle,"{""min"": [0.025, 0.025, 0.025], ""max"": [0.325319, 0.975, 0.109]}"
Sword,m695.obj,9880,19712,triangle,"{""min"": [0.025, 0.025, 0.025], ""max"": [0.096365, 0.26768, 0.975]}"
Sword,m696.obj,5548,11609,triangle,"{""min"": [0.025, 0.025, 0.025], ""max"": [0.297264, 0.139376, 0.975]}"
Sword,m697.obj,526,1036,triangle,"{""min"": [0.025, 0.025, 0.025], ""max"": [0.203531, 0.065073, 0.975]}"
Sword,m698.obj,3949,7505,triangle,"{""min"": [0.025, 0.025, 0.025], ""max"": [0.290328, 0.975, 0.107227]}"
Sword,m699.obj,557,1112,triangle,"{""min"": [0.025, 0.025, 0.025], ""max"": [0.19693, 0.196831, 0.975]}"
Sword,m700.obj,800,1504,triangle,"{""min"": [0.025, 0.025, 0.025], ""max"": [0.418371, 0.975, 0.097734]}"
Sword,m701.obj,960,1900,triangle,"{""min"": [0.025, 0.025, 0.025], ""max"": [0.044047, 0.30701, 0.975]}"
Sword,m702.obj,1005,2000,triangle,"{""min"": [0.025, 0.025, 0.025], ""max"": [0.123578, 0.123578, 0.975]}"
Sword,m703.obj,588,1100,triangle,"{""min"": [0.025, 0.025, 0.025], ""max"": [0.05076, 0.120841, 0.975]}"
Sword,m704.obj,408,812,triangle,"{""min"": [0.025, 0.025, 0.025], ""max"": [0.054935, 0.086127, 0.975]}"
Sword,m705.obj,7910,15768,triangle,"{""min"": [0.025, 0.025, 0.025], ""max"": [0.466069, 0.975, 0.094607]}"
Sword,m707.obj,4325,8628,triangle,"{""min"": [0.025, 0.025, 0.025], ""max"": [0.269817, 0.975, 0.065561]}"
Sword,m709.obj,6598,13168,triangle,"{""min"": [0.025, 0.025, 0.025], ""max"": [0.229792, 0.076431, 0.975]}"
Sword,m710.obj,10936,21764,triangle,"{""min"": [0.025, 0.025, 0.025], ""max"": [0.221043, 0.078888, 0.975]}"
Sword,m711.obj,9457,17701,triangle,"{""min"": [0.025, 0.025, 0.025], ""max"": [0.22872, 0.055602, 0.975]}"
Sword,m712.obj,4890,9314,triangle,"{""min"": [0.025, 0.025, 0.025], ""max"": [0.975, 0.0565, 0.209008]}"
Sword,m713.obj,1023,2000,triangle,"{""min"": [0.025, 0.025, 0.025], ""max"": [0.104214, 0.138303, 0.975]}"
Sword,m714.obj,526,1036,triangle,"{""min"": [0.025, 0.025, 0.025], ""max"": [0.203531, 0.065073, 0.975]}"
Sword,m715.obj,5548,11609,triangle,"{""min"": [0.025, 0.025, 0.025], ""max"": [0.297264, 0.139376, 0.975]}"
Sword,m716.obj,4757,9573,triangle,"{""min"": [0.025, 0.025, 0.025], ""max"": [0.210778, 0.095698, 0.975]}"
Sword,m717.obj,18888,37283,triangle,"{""min"": [0.025, 0.025, 0.025], ""max"": [0.16253, 0.053702, 0.975]}"
Sword,m718.obj,361,710,triangle,"{""min"": [0.025, 0.025, 0.025], ""max"": [0.975, 0.200968, 0.066274]}"
Sword,m719.obj,624,1228,triangle,"{""min"": [0.025, 0.025, 0.025], ""max"": [0.199046, 0.189425, 0.975]}"
Sword,m720.obj,318,620,triangle,"{""min"": [0.025, 0.025, 0.025], ""max"": [0.15031, 0.975, 0.088609]}"
Sword,m721.obj,275,530,triangle,"{""min"": [0.025, 0.025, 0.025], ""max"": [0.181399, 0.104182, 0.975]}"
Tool,D01003.obj,3963,7922,triangle,"{""min"": [-0.622121, -0.079239, -0.931854], ""max"": [0.565481, 0.077786, 0.80838]}"
Tool,D01012.obj,4463,8922,triangle,"{""min"": [-0.600461, -0.080424, -0.982011], ""max"": [0.61005, 0.087098, 0.878773]}"
Tool,D01040.obj,4794,9584,triangle,"{""min"": [-0.741894, -0.07958, -0.960138], ""max"": [0.513922, 0.084225, 0.854196]}"
Tool,D01044.obj,5201,10398,triangle,"{""min"": [-0.603615, -0.079919, -0.91933], ""max"": [0.66807, 0.080117, 0.846507]}"
Tool,D01069.obj,6198,12392,triangle,"{""min"": [-0.578796, -0.078379, -0.824175], ""max"": [0.685155, 0.081482, 0.7904]}"
Tool,D01084.obj,4491,8978,triangle,"{""min"": [-0.690559, -0.079647, -0.975233], ""max"": [0.51102, 0.08501, 0.856318]}"
Tool,D01086.obj,3804,7604,triangle,"{""min"": [-0.6061, -0.081305, -0.962181], ""max"": [0.587498, 0.08305, 0.841194]}"
Tool,D01111.obj,4284,8564,triangle,"{""min"": [-0.75344, -0.076081, -0.735844], ""max"": [0.959852, 0.075916, 0.682277]}"
Tool,D01113.obj,4407,8810,triangle,"{""min"": [-0.768425, -0.075499, -0.698498], ""max"": [0.968271, 0.0791, 0.679867]}"
Tool,D01127.obj,6104,12204,triangle,"{""min"": [-0.771048, -0.078774, -0.878836], ""max"": [0.724927, 0.082087, 0.73547]}"
Tool,D01131.obj,4487,8970,triangle,"{""min"": [-0.675742, -0.079542, -0.969787], ""max"": [0.51606, 0.08539, 0.8659]}"
Tool,D01140.obj,3906,7808,triangle,"{""min"": [-0.707768, -0.080493, -0.975258], ""max"": [0.504725, 0.083869, 0.837825]}"
Tool,D01142.obj,5110,10216,triangle,"{""min"": [-0.770495, -0.077523, -0.816737], ""max"": [0.84498, 0.082044, 0.66265]}"
Tool,D01148.obj,4478,8952,triangle,"{""min"": [-0.593188, -0.08099, -0.986873], ""max"": [0.623641, 0.087471, 0.883842]}"
Tool,D01152.obj,3942,7880,triangle,"{""min"": [-0.755574, -0.063137, -0.961139], ""max"": [0.790339, 0.076423, 0.601456]}"
Tool,D01154.obj,5202,10400,triangle,"{""min"": [-0.766474, -0.079161, -0.934075], ""max"": [0.626326, 0.079515, 0.818626]}"
Tool,D01156.obj,5508,11012,triangle,"{""min"": [-0.760613, -0.079584, -0.762512], ""max"": [0.911473, 0.084707, 0.669961]}"
Tool,D01159.obj,4478,8952,triangle,"{""min"": [-0.604776, -0.083685, -0.965804], ""max"": [0.672128, 0.088202, 0.90787]}"
Tool,D01165.obj,4457,8910,triangle,"{""min"": [-0.75925, -0.065043, -0.876383], ""max"": [0.814122, 0.078307, 0.593642]}"
Tool,D01176.obj,4298,8592,triangle,"{""min"": [-0.791892, -0.077249, -0.672792], ""max"": [0.986672, 0.082488, 0.703256]}"
Tool,m1099.obj,302,600,triangle,"{""min"": [0.025, 0.025, 0.025], ""max"": [0.384703, 0.975, 0.083757]}"
Tool,m1100.obj,232,452,triangle,"{""min"": [0.025, 0.025, 0.025], ""max"": [0.239158, 0.975, 0.201019]}"
Tool,m1101.obj,135,262,triangle,"{""min"": [0.025, 0.025, 0.025], ""max"": [0.228782, 0.975, 0.054304]}"
Tool,m1102.obj,24,52,triangle,"{""min"": [0.025, 0.025, 0.025], ""max"": [0.201067, 0.975, 0.056667]}"
Tool,m1103.obj,199,330,triangle,"{""min"": [0.025, 0.025, 0.025], ""max"": [0.198528, 0.975, 0.071481]}"
Tool,m1104.obj,362,708,triangle,"{""min"": [0.025, 0.025, 0.025], ""max"": [0.278994, 0.975, 0.073793]}"
Tool,m1105.obj,1550,3092,triangle,"{""min"": [0.025, 0.025, 0.025], ""max"": [0.975, 0.280984, 0.097571]}"
Tool,m1106.obj,1902,4076,triangle,"{""min"": [0.025, 0.025, 0.025], ""max"": [0.975, 0.296053, 0.082378]}"
Tool,m1107.obj,1116,2199,triangle,"{""min"": [0.025, 0.025, 0.025], ""max"": [0.975, 0.304248, 0.101067]}"
Tool,m1108.obj,2186,3756,triangle,"{""min"": [0.025, 0.025, 0.025], ""max"": [0.975, 0.532729, 0.099916]}"
Tool,m1109.obj,1490,2891,triangle,"{""min"": [0.025, 0.025, 0.025], ""max"": [0.5864, 0.975, 0.157179]}"
Tool,m1110.obj,850,1687,triangle,"{""min"": [0.025, 0.025, 0.025], ""max"": [0.146727, 0.975, 0.392835]}"
Tool,m1111.obj,523,1038,triangle,"{""min"": [0.025, 0.025, 0.025], ""max"": [0.455275, 0.975, 0.160898]}"
Tool,m1112.obj,316,621,triangle,"{""min"": [0.025, 0.025, 0.025], ""max"": [0.431724, 0.975, 0.118437]}"
Tool,m1113.obj,2042,4076,triangle,"{""min"": [0.025, 0.025, 0.025], ""max"": [0.134803, 0.125273, 0.975]}"
Tool,m1114.obj,1344,2292,triangle,"{""min"": [0.025, 0.025, 0.025], ""max"": [0.118989, 0.975, 0.118989]}"
Tool,m1115.obj,1327,2266,triangle,"{""min"": [0.025, 0.025, 0.025], ""max"": [0.133451, 0.975, 0.133451]}"
Tool,m1116.obj,1155,2234,triangle,"{""min"": [0.025, 0.025, 0.025], ""max"": [0.121029, 0.975, 0.108164]}"
Tool,m1117.obj,1720,3424,triangle,"{""min"": [0.025, 0.025, 0.025], ""max"": [0.270945, 0.113904, 0.975]}"
Tool,m587.obj,4129,8230,triangle,"{""min"": [0.025, 0.025, 0.025], ""max"": [0.743971, 0.975, 0.744031]}"
Tool,m588.obj,3353,6594,triangle,"{""min"": [0.025, 0.025, 0.025], ""max"": [0.739038, 0.975, 0.725741]}"
Tool,m589.obj,2354,4046,triangle,"{""min"": [0.025, 0.025, 0.025], ""max"": [0.478463, 0.975, 0.654105]}"
Tool,m590.obj,4461,8017,triangle,"{""min"": [0.025, 0.025, 0.025], ""max"": [0.453444, 0.975, 0.338917]}"
Tool,m591.obj,3185,6381,triangle,"{""min"": [0.025, 0.025, 0.025], ""max"": [0.538759, 0.975, 0.565938]}"
Train,D01008.obj,4469,25020,triangle,"{""min"": [-74.6464, 18.6005, 1.18313], ""max"": [-68.8803, 26.3091, 4.87077]}"
Train,D01014.obj,4274,33993,triangle,"{""min"": [-27.2865, 0.0, 0.0], ""max"": [18.2245, 3.55605, 5.71526]}"
Train,D01016.obj,7754,32214,triangle,"{""min"": [-0.00635, -3.507874, -0.1016], ""max"": [3.24485, 42.212126, 4.720893]}"
Train,D01027.obj,4906,36708,triangle,"{""min"": [1.494655, -1.031196, 0.604199], ""max"": [2.955183, 3.5306, 2.614265]}"
Train,D01031.obj,1257,8559,triangle,"{""min"": [2.633926, -3.426536, -0.012406], ""max"": [14.625887, -1.550645, 2.724437]}"
Train,D01035.obj,3142,16074,triangle,"{""min"": [0.39, 0.0, 0.0], ""max"": [15.536743, 2.447101, 4.75]}"
Train,D01047.obj,5450,36372,triangle,"{""min"": [-3.77972, 0.514367, 0.017155], ""max"": [0.630123, 22.2931, 5.88345]}"
Train,D01055.obj,10979,68304,triangle,"{""min"": [0.8261, 0.884317, 0.266333], ""max"": [2.50185, 12.268, 2.73104]}"
Train,D01059.obj,7243,42255,triangle,"{""min"": [0.0, 0.0, 0.0], ""max"": [0.134599, 0.029667, 0.035566]}"
Train,D01061.obj,6494,37149,triangle,"{""min"": [-26.67, 0.0, 0.0], ""max"": [-8.08178, 3.556, 6.78452]}"
Train,D01064.obj,5037,29523,triangle,"{""min"": [0.856797, 0.505879, 0.0], ""max"": [2.7568, 5.84332, 3.04871]}"
Train,D01089.obj,4390,25806,triangle,"{""min"": [4.046049, -3.031912, -0.088465], ""max"": [9.630213, 26.316554, 5.818727]}"
Train,D01094.obj,454,3024,triangle,"{""min"": [-0.548979, 2.088276, 3.061586], ""max"": [0.548979, 10.534036, 4.556337]}"
Train,D01095.obj,6385,32868,triangle,"{""min"": [-62.3002, -41.2526, -1.52453], ""max"": [61.8081, 41.1199, 5.24168]}"
Train,D01134.obj,8721,43209,triangle,"{""min"": [-25.71884, -325.597441, -39.608371], ""max"": [48.966741, 247.985855, 97.948219]}"
Train,D01137.obj,6422,39822,triangle,"{""min"": [0.538748, 0.907264, -0.993542], ""max"": [3.829398, 63.678864, 2.88925]}"
Train,D01147.obj,2424,13485,triangle,"{""min"": [-1.70524, -3.70966, 0.018803], ""max"": [2.33107, 23.5094, 3.98485]}"
Train,D01149.obj,8616,43260,triangle,"{""min"": [-1.1212, 0.783813, 0.0447122], ""max"": [37.508, 3.63056, 3.69357]}"
Train,D01163.obj,4522,26739,triangle,"{""min"": [1.55948, 1.31646, 0.0], ""max"": [3.45026, 7.83632, 2.47999]}"
Train,D01180.obj,13612,85308,triangle,"{""min"": [0.762366, -5.31949, 0.001205], ""max"": [3.79223, 12.0434, 5.39791]}"
Train,m1578.obj,333,574,triangle,"{""min"": [0.025, 0.025, 0.025], ""max"": [0.208732, 0.370015, 0.975]}"
Train,m1580.obj,1400,2568,triangle,"{""min"": [0.025, 0.025, 0.025], ""max"": [0.975, 0.402336, 0.380885]}"
Train,m1581.obj,11299,22000,triangle,"{""min"": [0.025, 0.025, 0.025], ""max"": [0.17244, 0.283002, 0.975]}"
Train,m1582.obj,8239,16328,triangle,"{""min"": [0.025, 0.025, 0.025], ""max"": [0.194938, 0.273211, 0.975]}"
Train,m1583.obj,309,573,triangle,"{""min"": [0.025, 0.025, 0.025], ""max"": [0.323572, 0.567857, 0.975]}"
Train,m1584.obj,174,316,triangle,"{""min"": [0.025, 0.025, 0.025], ""max"": [0.975, 0.508051, 0.376302]}"
Train,m1585.obj,5303,10241,triangle,"{""min"": [0.025, 0.025, 0.025], ""max"": [0.302303, 0.399059, 0.975]}"
Train,m1586.obj,5520,10581,triangle,"{""min"": [0.025, 0.025, 0.025], ""max"": [0.30341, 0.377149, 0.975]}"
Train,m1587.obj,4658,8999,triangle,"{""min"": [0.025, 0.025, 0.025], ""max"": [0.327926, 0.473142, 0.975]}"
Train,m1588.obj,4400,7716,triangle,"{""min"": [0.025, 0.025, 0.025], ""max"": [0.269842, 0.433029, 0.975]}"
Tree,D00096.obj,54223,36512,triangle,"{""min"": [-0.671356, -0.373399, -0.334295], ""max"": [1.18867, 0.359227, 0.362451]}"
Tree,D00200.obj,19368,10908,triangle,"{""min"": [-0.74025, -0.384577, -0.399645], ""max"": [0.855705, 0.401581, 0.36556]}"
Tree,D00221.obj,49630,51077,triangle,"{""min"": [-0.831774, -0.788205, -0.727623], ""max"": [0.703098, 0.801397, 0.856509]}"
Tree,D00223.obj,58864,54644,triangle,"{""min"": [-0.82818, -0.761249, -0.78434], ""max"": [0.700241, 0.860203, 0.817519]}"
Tree,D00367.obj,2903,3692,triangle,"{""min"": [-1.0802, -0.714574, -0.516723], ""max"": [0.391319, 0.47318, 0.44629]}"
Tree,D00385.obj,12534,7366,triangle,"{""min"": [-1.07678, -0.856072, -0.590222], ""max"": [0.617585, 0.821101, 0.703101]}"
Tree,D00393.obj,49528,41792,triangle,"{""min"": [-1.13003, -0.845961, -0.521846], ""max"": [0.681653, 0.870651, 1.05061]}"
Tree,D00439.obj,36902,28551,triangle,"{""min"": [-0.640132, -0.723589, -0.444136], ""max"": [0.656279, 0.624018, 0.534239]}"
Tree,D00456.obj,1936,1697,triangle,"{""min"": [-0.413466, -0.20615, -0.209774], ""max"": [0.973947, 0.226497, 0.221499]}"
Tree,D00479.obj,28407,35761,triangle,"{""min"": [-0.728104, -0.753838, -0.743726], ""max"": [0.688675, 0.665084, 0.746704]}"
Tree,D00533.obj,31972,18412,triangle,"{""min"": [-0.658318, -0.307912, -0.338814], ""max"": [0.697815, 0.368016, 0.309177]}"
Tree,D00573.obj,23696,23680,triangle,"{""min"": [-0.676141, -0.504682, -0.511131], ""max"": [0.589685, 0.530682, 0.533494]}"
Tree,D00612.obj,11385,4891,triangle,"{""min"": [-1.03674, -0.609243, -0.523038], ""max"": [0.935448, 0.57922, 0.617815]}"
Tree,D00727.obj,56409,40642,triangle,"{""min"": [-0.7726, -0.81415, -0.916956], ""max"": [0.970278, 0.804699, 0.833341]}"
Tree,D00765.obj,41501,29804,triangle,"{""min"": [-0.888173, -0.630657, -0.545064], ""max"": [0.978355, 0.830772, 0.824967]}"
Tree,D00777.obj,21856,13758,triangle,"{""min"": [-0.936187, -0.501938, -0.492265], ""max"": [0.874221, 0.484235, 0.500288]}"
Tree,D00810.obj,29528,25996,triangle,"{""min"": [-0.832815, -0.630199, -0.378609], ""max"": [0.585957, 0.977791, 0.540763]}"
Tree,D00834.obj,52078,73042,triangle,"{""min"": [-0.593639, -0.375012, -0.387187], ""max"": [0.915808, 0.401935, 0.390214]}"
Tree,D00911.obj,58369,46364,triangle,"{""min"": [-0.722567, -0.857903, -0.689189], ""max"": [0.846416, 0.836258, 0.977396]}"
Tree,D00996.obj,29340,28868,triangle,"{""min"": [-0.931967, -0.999761, -0.892153], ""max"": [0.727631, 0.83767, 0.908001]}"
Tree,m1050.obj,5410,4629,triangle,"{""min"": [0.025, 0.025, 0.025], ""max"": [0.581102, 0.975, 0.54077]}"
Tree,m1062.obj,334,692,triangle,"{""min"": [0.025, 0.025, 0.025], ""max"": [0.597019, 0.904128, 0.975]}"
Tree,m1063.obj,470,932,triangle,"{""min"": [0.025, 0.025, 0.025], ""max"": [0.784114, 0.975, 0.738876]}"
Tree,m1064.obj,2681,1800,triangle,"{""min"": [0.025, 0.025, 0.025], ""max"": [0.516926, 0.975, 0.537091]}"
Tree,m1065.obj,3007,1610,triangle,"{""min"": [0.025, 0.025, 0.025], ""max"": [0.538252, 0.975, 0.51987]}"
Tree,m1066.obj,1904,2042,triangle,"{""min"": [0.025, 0.025, 0.025], ""max"": [0.467435, 0.975, 0.370688]}"
Tree,m1067.obj,1058,1756,triangle,"{""min"": [0.025, 0.025, 0.025], ""max"": [0.761366, 0.975, 0.626671]}"
Tree,m1068.obj,1366,1892,triangle,"{""min"": [0.025, 0.025, 0.025], ""max"": [0.975, 0.853683, 0.901006]}"
Tree,m1069.obj,18418,17436,triangle,"{""min"": [0.025, 0.025, 0.025], ""max"": [0.907191, 0.975, 0.969888]}"
Tree,m1070.obj,1194,1134,triangle,"{""min"": [0.025, 0.025, 0.025], ""max"": [0.314703, 0.975, 0.427371]}"
Tree,m1071.obj,1086,1812,triangle,"{""min"": [0.025, 0.025, 0.025], ""max"": [0.954665, 0.701217, 0.975]}"
Tree,m1072.obj,1356,1296,triangle,"{""min"": [0.025, 0.025, 0.025], ""max"": [0.477147, 0.975, 0.538707]}"
Tree,m1075.obj,574,1112,triangle,"{""min"": [0.025, 0.025, 0.025], ""max"": [0.362593, 0.975, 0.640251]}"
Tree,m1077.obj,832,1471,triangle,"{""min"": [0.025, 0.025, 0.025], ""max"": [0.698488, 0.975, 0.715327]}"
Tree,m1078.obj,724,696,triangle,"{""min"": [0.025, 0.025, 0.025], ""max"": [0.271474, 0.975, 0.398059]}"
Tree,m1079.obj,155,260,triangle,"{""min"": [0.025, 0.025, 0.025], ""max"": [0.291, 0.975, 0.277981]}"
Tree,m1082.obj,82,140,triangle,"{""min"": [0.025, 0.025, 0.025], ""max"": [0.457911, 0.975, 0.436723]}"
Tree,m1086.obj,6247,6856,triangle,"{""min"": [0.025, 0.025, 0.025], ""max"": [0.322071, 0.975, 0.333301]}"
Tree,m1089.obj,170,264,triangle,"{""min"": [0.025, 0.025, 0.025], ""max"": [0.578353, 0.975, 0.559279]}"
Tree,m1090.obj,5482,10928,triangle,"{""min"": [0.025, 0.025, 0.025], ""max"": [0.975, 0.69057, 0.759382]}"
Tree,m1091.obj,2457,3814,triangle,"{""min"": [0.025, 0.025, 0.025], ""max"": [0.563717, 0.975, 0.638287]}"
Tree,m1092.obj,337,638,triangle,"{""min"": [0.025, 0.025, 0.025], ""max"": [0.975, 0.747408, 0.933538]}"
Tree,m1093.obj,1197,1954,triangle,"{""min"": [0.025, 0.025, 0.025], ""max"": [0.875567, 0.975, 0.793233]}"
Tree,m1095.obj,1303,1445,triangle,"{""min"": [0.025, 0.025, 0.025], ""max"": [0.965689, 0.975, 0.951578]}"
Tree,m1096.obj,835,1376,triangle,"{""min"": [0.025, 0.025, 0.025], ""max"": [0.565825, 0.975, 0.563253]}"
Tree,m1097.obj,35,31,triangle,"{""min"": [0.025, 0.025, 0.025], ""max"": [0.418527, 0.975, 0.02842]}"
Tree,m1098.obj,3441,3701,triangle,"{""min"": [0.025, 0.025, 0.025], ""max"": [0.909062, 0.86264, 0.975]}"
Truck,D00002.obj,482,2520,triangle,"{""min"": [2.679006, -0.899511, -0.027327], ""max"": [8.419631, 1.422532, 1.861361]}"
Truck,D00003.obj,6683,37098,triangle,"{""min"": [0.334017, -0.829618, -0.018506], ""max"": [3.0926, 6.45504, 2.97985]}"
Truck,D00010.obj,6939,38910,triangle,"{""min"": [7.22164, 13.3972, -0.279988], ""max"": [10.9004, 24.312, 3.68515]}"
Truck,D00029.obj,5209,38331,triangle,"{""min"": [0.0342377, 0.00192095, 0.00503536], ""max"": [2.61832, 15.7582, 3.87176]}"
Truck,D00047.obj,3644,21885,triangle,"{""min"": [1.587337, 0.454792, -0.209149], ""max"": [17.731709, 3.296465, 4.455437]}"
Truck,D00056.obj,4148,21741,triangle,"{""min"": [-4.28236, 2.641286, 0.0], ""max"": [11.899513, 5.8317, 4.455437]}"
Truck,D00112.obj,7853,47286,triangle,"{""min"": [-0.00187855, -0.00060713, 0.00228129], ""max"": [3.32376, 13.2481, 4.50389]}"
Truck,D00158.obj,8315,46152,triangle,"{""min"": [-0.569652, -2.11952, 0.005011], ""max"": [2.18893, 5.28806, 3.20853]}"
Truck,D00241.obj,1162,6990,triangle,"{""min"": [-2.99001, -0.114752, 0.0], ""max"": [14.432456, 3.075662, 3.890237]}"
Truck,D00287.obj,5290,30009,triangle,"{""min"": [-2.29011, -5.0801, -2.36981], ""max"": [2.28986, 5.07441, 2.37038]}"
Truck,D00303.obj,8955,54603,triangle,"{""min"": [0.00538704, 0.000603553, 0.00227634], ""max"": [3.02213, 17.2701, 4.6]}"
Truck,D00331.obj,4990,34089,triangle,"{""min"": [-1.58009, -0.17497, 0.0], ""max"": [15.5001, 2.58496, 3.63161]}"
Truck,D00406.obj,1419,9108,triangle,"{""min"": [-0.335624, -0.097085, 0.000198], ""max"": [0.144946, 0.088676, 0.22267]}"
Truck,D00424.obj,3725,34776,triangle,"{""min"": [-0.14057, 0.0788136, -0.099348], ""max"": [19.7564, 2.55868, 4.01829]}"
Truck,D00518.obj,5427,32121,triangle,"{""min"": [0.00132611, 0.00748242, 0.000219], ""max"": [2.48132, 11.0415, 3.82758]}"
Truck,D00804.obj,6576,35157,triangle,"{""min"": [-3.0607, -3.76592, -0.034132], ""max"": [0.173545, 6.75881, 4.26479]}"
Truck,D00835.obj,11749,69420,triangle,"{""min"": [4.80326, 0.567997, 0.0], ""max"": [8.0375, 10.6044, 3.23861]}"
Truck,D00926.obj,5602,39495,triangle,"{""min"": [9.17465, 0.0, 0.00170373], ""max"": [11.7069, 19.3774, 4.14456]}"
Truck,D00947.obj,2530,15906,triangle,"{""min"": [2.161186, 16.634753, -0.000953], ""max"": [23.075106, 24.383961, 9.389467]}"
Truck,D00987.obj,13228,78354,triangle,"{""min"": [-0.635555, 0.00839626, -0.105915], ""max"": [2.4286, 10.8136, 3.96332]}"
Truck,m1570.obj,1445,3111,triangle,"{""min"": [0.025, 0.025, 0.025], ""max"": [0.233035, 0.361782, 0.975]}"
Truck,m1571.obj,12792,23350,triangle,"{""min"": [0.025, 0.025, 0.025], ""max"": [0.316926, 0.413022, 0.975]}"
Truck,m1572.obj,9614,18340,triangle,"{""min"": [0.025, 0.025, 0.025], ""max"": [0.186122, 0.265523, 0.975]}"
Truck,m1573.obj,1461,2788,triangle,"{""min"": [0.025, 0.025, 0.025], ""max"": [0.287592, 0.322961, 0.975]}"
Truck,m1574.obj,3780,7402,triangle,"{""min"": [0.025, 0.025, 0.025], ""max"": [0.418847, 0.460146, 0.975]}"
Truck,m1575.obj,47209,92176,triangle,"{""min"": [0.025, 0.025, 0.025], ""max"": [0.397204, 0.472813, 0.975]}"
Truck,m1576.obj,3519,7038,triangle,"{""min"": [0.025, 0.025, 0.025], ""max"": [0.975, 0.379927, 0.318182]}"
TruckNonContainer,D00055.obj,7636,45843,triangle,"{""min"": [0.0, 0.0, 0.0], ""max"": [2.548206, 5.85285, 3.757917]}"
TruckNonContainer,D00143.obj,3622,30261,triangle,"{""min"": [0.97501, 6.84813, -0.003855], ""max"": [5.28235, 8.74786, 3.15915]}"
TruckNonContainer,D00148.obj,2448,14064,triangle,"{""min"": [2.858734, 9.622424, 0.007121], ""max"": [4.643761, 14.173539, 2.014579]}"
TruckNonContainer,D00215.obj,4409,23541,triangle,"{""min"": [-85.726941, -320.108585, -45.553765], ""max"": [92.948175, 169.110471, 134.995221]}"
TruckNonContainer,D00252.obj,2288,13668,triangle,"{""min"": [-4.19512, 0.291034, 0.0], ""max"": [16.338683, 12.247429, 9.390421]}"
TruckNonContainer,D00266.obj,6898,39423,triangle,"{""min"": [-0.161621, -0.001006, 0.0], ""max"": [2.14009, 5.77523, 2.2136]}"
TruckNonContainer,D00267.obj,6035,36387,triangle,"{""min"": [5.12225, -5.80774, 1.05702], ""max"": [142.42, 56.4549, 76.1944]}"
TruckNonContainer,D00275.obj,5510,32640,triangle,"{""min"": [12.757, 7.95888, 0.076544], ""max"": [40.4667, 16.0525, 10.2298]}"
TruckNonContainer,D00283.obj,6979,34398,triangle,"{""min"": [0.855565, 0.673984, 0.00349072], ""max"": [0.940859, 0.854657, 0.116439]}"
TruckNonContainer,D00353.obj,11914,72831,triangle,"{""min"": [1.10204e-05, -0.000589981, 0.0], ""max"": [3.32329, 7.41129, 4.19099]}"
TruckNonContainer,D00553.obj,7248,42048,triangle,"{""min"": [-1.336751, -3.125372, -1.8669], ""max"": [3.696526, 10.824456, 4.135614]}"
TruckNonContainer,D00572.obj,4657,33006,triangle,"{""min"": [0.00195067, 0.0, 0.0], ""max"": [2.75672, 9.24579, 2.58466]}"
TruckNonContainer,D00608.obj,7112,39882,triangle,"{""min"": [-2.337689, 0.216103, -0.000962], ""max"": [-0.350706, 5.219585, 2.147721]}"
TruckNonContainer,D00619.obj,5231,31575,triangle,"{""min"": [-293.268, 18.1994, -4.22611], ""max"": [191.88, 153.761, 228.3]}"
TruckNonContainer,D00699.obj,5071,34131,triangle,"{""min"": [-0.001587, 0.131142, -0.0126997], ""max"": [2.28951, 5.66569, 2.31732]}"
TruckNonContainer,D00731.obj,4918,37590,triangle,"{""min"": [3.47577, -0.133456, 0.0], ""max"": [6.099, 7.71034, 3.05498]}"
TruckNonContainer,D00737.obj,2578,13452,triangle,"{""min"": [-72.4159, -245.398, -1.08963], ""max"": [72.8422, 48.1026, 140.698]}"
TruckNonContainer,D00783.obj,5246,30654,triangle,"{""min"": [8.06463, -1.39549, -0.000150005], ""max"": [15.8666, 1.47686, 2.832]}"
TruckNonContainer,D00879.obj,4278,25308,triangle,"{""min"": [1.912669, 1.665688, -0.035788], ""max"": [9.544557, 5.952464, 4.200177]}"
TruckNonContainer,D00943.obj,8852,45708,triangle,"{""min"": [0.758438, -0.0508, 0.146159], ""max"": [2.329987, 4.299259, 2.248769]}"
Vase,m527.obj,176,348,triangle,"{""min"": [0.025, 0.025, 0.025], ""max"": [0.975, 0.975, 0.975]}"
Vase,m528.obj,3128,6132,triangle,"{""min"": [0.025, 0.025, 0.025], ""max"": [0.404299, 0.355883, 0.975]}"
Vase,m529.obj,1750,3121,triangle,"{""min"": [0.025, 0.025, 0.025], ""max"": [0.970642, 0.65045, 0.975]}"
Vase,m531.obj,1296,2592,triangle,"{""min"": [0.025, 0.025, 0.025], ""max"": [0.495107, 0.975, 0.495135]}"
Vase,m532.obj,240,480,triangle,"{""min"": [0.025, 0.025, 0.025], ""max"": [0.42287, 0.42287, 0.975]}"
Vase,m533.obj,32,68,triangle,"{""min"": [0.025, 0.025, 0.025], ""max"": [0.615957, 0.975, 0.525106]}"
Vase,m534.obj,241,480,triangle,"{""min"": [0.025, 0.025, 0.025], ""max"": [0.639784, 0.975, 0.639784]}"
Vase,m535.obj,176,320,triangle,"{""min"": [0.025, 0.025, 0.025], ""max"": [0.674141, 0.975, 0.674141]}"
Vase,m536.obj,4578,9152,triangle,"{""min"": [0.025, 0.025, 0.025], ""max"": [0.5, 0.5, 0.975]}"
Vase,m537.obj,504,1008,triangle,"{""min"": [0.025, 0.025, 0.025], ""max"": [0.571605, 0.975, 0.571721]}"
Vase,m538.obj,301,638,triangle,"{""min"": [0.025, 0.025, 0.025], ""max"": [0.975, 0.539535, 0.974583]}"
Vase,m539.obj,2526,5004,triangle,"{""min"": [0.025, 0.025, 0.025], ""max"": [0.753297, 0.975, 0.7528]}"
Vase,m540.obj,304,604,triangle,"{""min"": [0.025, 0.025, 0.025], ""max"": [0.931966, 0.803261, 0.975]}"
Vase,m541.obj,312,1196,triangle,"{""min"": [0.025, 0.025, 0.025], ""max"": [0.890313, 0.975, 0.890699]}"
Vase,m542.obj,296,572,triangle,"{""min"": [0.025, 0.025, 0.025], ""max"": [0.642246, 0.938592, 0.975]}"
Vase,m543.obj,624,1196,triangle,"{""min"": [0.025, 0.025, 0.025], ""max"": [0.890313, 0.975, 0.890697]}"
Vase,m544.obj,1002,2000,triangle,"{""min"": [0.025, 0.025, 0.025], ""max"": [0.669069, 0.975, 0.669069]}"
Vase,m545.obj,402,800,triangle,"{""min"": [0.025, 0.025, 0.025], ""max"": [0.975, 0.409609, 0.975]}"
Vase,m546.obj,1002,2000,triangle,"{""min"": [0.025, 0.025, 0.025], ""max"": [0.669058, 0.975, 0.669058]}"
Vase,m547.obj,529,1000,triangle,"{""min"": [0.025, 0.025, 0.025], ""max"": [0.975, 0.714336, 0.975]}"
Violin,D00108.obj,1529,8214,triangle,"{""min"": [2.68762, -2.46873, 0.483871], ""max"": [4.70813, 3.10917, 1.0828]}"
Violin,D00216.obj,3864,24384,triangle,"{""min"": [0.220861, -0.259678, 0.133586], ""max"": [0.428767, -0.147309, 0.723491]}"
Violin,D00250.obj,4066,29310,triangle,"{""min"": [-0.17854, 0.120517, 0.0625038], ""max"": [0.431319, 0.196079, 0.269974]}"
Violin,D00324.obj,2454,15021,triangle,"{""min"": [1.72684, 2.25604, 0.095745], ""max"": [2.70568, 5.3374, 0.659976]}"
Violin,D00340.obj,4315,27552,triangle,"{""min"": [0.686432, -0.037525, 1.09775], ""max"": [0.901886, 0.0263179, 1.70089]}"
Violin,D00349.obj,1299,7410,triangle,"{""min"": [-14.737776, 17.900774, 0.42433], ""max"": [-14.282619, 18.740748, 1.501896]}"
Violin,D00358.obj,7592,48261,triangle,"{""min"": [0.48787, -0.0127201, -0.061643], ""max"": [0.695017, 0.59669, 0.039256]}"
Violin,D00376.obj,1069,6219,triangle,"{""min"": [3.634775, 2.779451, -0.601902], ""max"": [4.934043, 4.432217, 3.473981]}"
Violin,D00506.obj,2841,14943,triangle,"{""min"": [4.275601, 12.040584, -1.402598], ""max"": [10.733775, 19.922489, 18.005328]}"
Violin,D00570.obj,2297,11481,triangle,"{""min"": [-0.886558, 0.090237, 0.006208], ""max"": [2.60086, 1.79447, 2.13234]}"
Violin,D00598.obj,6831,43521,triangle,"{""min"": [-8.06654, -13432.688653, -0.526695], ""max"": [52653.531343, -1.72402, 5949.687947]}"
Violin,D00602.obj,3627,22923,triangle,"{""min"": [9.93669, 20.732, 1.79292], ""max"": [10.078, 20.9391, 2.54049]}"
Violin,D00620.obj,771,4653,triangle,"{""min"": [-0.341624, -0.446695, 0.01905], ""max"": [-0.024124, 0.375744, 0.08255]}"
Violin,D00675.obj,4149,25794,triangle,"{""min"": [0.150585, 0.419612, 0.000899], ""max"": [0.339725, 0.592532, 0.577988]}"
Violin,D00701.obj,2198,13341,triangle,"{""min"": [4.581154, 0.039219, -0.082304], ""max"": [5.563618, 2.816739, 0.119063]}"
Violin,D00704.obj,799,4173,triangle,"{""min"": [0.323036, 0.018012, 1.31196], ""max"": [1.01076, 0.313791, 1.53282]}"
Violin,D00743.obj,466,3018,triangle,"{""min"": [-14.618173, -6.018688, 6.5024], ""max"": [0.991073, 54.573811, 13.56995]}"
Violin,D00891.obj,1959,12369,triangle,"{""min"": [36.637, 11.9892, 0.0], ""max"": [62.4366, 86.5645, 7.19455]}"
Violin,D00898.obj,7672,41214,triangle,"{""min"": [-1.18662, -0.145814, -0.062188], ""max"": [-0.980585, -0.030921, 0.52223]}"
Violin,D00993.obj,7350,46929,triangle,"{""min"": [4.52953, 0.194657, -3.44774], ""max"": [4.98731, 0.520782, -1.94465]}"
Wheel,m733.obj,648,1296,triangle,"{""min"": [0.025, 0.025, 0.025], ""max"": [0.970948, 0.975, 0.438043]}"
Wheel,m734.obj,1396,1816,triangle,"{""min"": [0.025, 0.025, 0.025], ""max"": [0.203917, 0.975, 0.969794]}"
Wheel,m735.obj,720,1400,triangle,"{""min"": [0.025, 0.025, 0.025], ""max"": [0.975, 0.975, 0.113517]}"
Wheel,m736.obj,504,972,triangle,"{""min"": [0.025, 0.025, 0.025], ""max"": [0.236112, 0.975, 0.975]}"
Wheel,m737.obj,3783,7110,triangle,"{""min"": [0.025, 0.025, 0.025], ""max"": [0.539529, 0.975, 0.974961]}"
Wheel,m738.obj,413,700,triangle,"{""min"": [0.025, 0.025, 0.025], ""max"": [0.975, 0.975, 0.502082]}"
Wheel,m739.obj,794,1624,triangle,"{""min"": [0.025, 0.025, 0.025], ""max"": [0.975, 0.975, 0.413635]}"
Wheel,m740.obj,4352,7556,triangle,"{""min"": [0.025, 0.025, 0.025], ""max"": [0.975, 0.975, 0.477833]}"
Wheel,m741.obj,722,1422,triangle,"{""min"": [0.025, 0.025, 0.025], ""max"": [0.975, 0.911667, 0.911667]}"
Wheel,m742.obj,256,508,triangle,"{""min"": [0.025, 0.025, 0.025], ""max"": [0.975, 0.975, 0.201045]}"
Wheel,m743.obj,512,1020,triangle,"{""min"": [0.025, 0.025, 0.025], ""max"": [0.975, 0.975, 0.111379]}"
Wheel,m744.obj,3721,7442,triangle,"{""min"": [0.025, 0.025, 0.025], ""max"": [0.974701, 0.975, 0.413226]}"
Wheel,m745.obj,830,1660,triangle,"{""min"": [0.025, 0.025, 0.025], ""max"": [0.973661, 0.975, 0.529196]}"
Wheel,m746.obj,80,128,triangle,"{""min"": [0.025, 0.025, 0.025], ""max"": [0.975, 0.975, 0.690144]}"
Wheel,m747.obj,128,252,triangle,"{""min"": [0.025, 0.025, 0.025], ""max"": [0.975, 0.975, 0.15292]}"
Wheel,m748.obj,1247,2490,triangle,"{""min"": [0.025, 0.025, 0.025], ""max"": [0.975, 0.975, 0.375898]}"
Wheel,m749.obj,160,315,triangle,"{""min"": [0.025, 0.025, 0.025], ""max"": [0.906903, 0.975, 0.732753]}"
WheelChair,D00004.obj,27581,47752,triangle,"{""min"": [-0.539185, -0.395839, -0.410905], ""max"": [1.24602, 0.435985, 0.381082]}"
WheelChair,D00070.obj,8476,16832,triangle,"{""min"": [-1.26678, -0.656406, -0.678476], ""max"": [0.672264, 0.525735, 0.552007]}"
WheelChair,D00088.obj,26911,53400,triangle,"{""min"": [-0.860818, -0.56919, -0.667703], ""max"": [0.882634, 0.425282, 0.449383]}"
WheelChair,D00183.obj,3475,5646,triangle,"{""min"": [-0.964759, -0.534982, -0.478001], ""max"": [0.887096, 0.60084, 0.594706]}"
WheelChair,D00203.obj,867,1719,triangle,"{""min"": [-1.19246, -0.433728, -0.627437], ""max"": [0.618101, 0.598671, 0.559673]}"
WheelChair,D00274.obj,2012,3167,triangle,"{""min"": [-0.702455, -0.458416, -0.413206], ""max"": [1.16387, 0.533167, 0.692311]}"
WheelChair,D00290.obj,5009,9882,triangle,"{""min"": [-0.868286, -0.458483, -0.544037], ""max"": [0.992781, 0.565172, 0.503621]}"
WheelChair,D00365.obj,7244,14412,triangle,"{""min"": [-0.882691, -0.642376, -0.570905], ""max"": [0.920881, 0.388073, 0.422663]}"
WheelChair,D00394.obj,36064,58292,triangle,"{""min"": [-1.10447, -0.485583, -0.573072], ""max"": [0.794474, 0.574699, 0.535996]}"
WheelChair,D00449.obj,27053,42060,triangle,"{""min"": [-0.9845, -0.382637, -0.634803], ""max"": [0.794641, 0.785503, 0.639799]}"
WheelChair,D00453.obj,709,1012,triangle,"{""min"": [-0.587937, -0.745833, -0.543627], ""max"": [1.04183, 0.353637, 0.595157]}"
WheelChair,D00499.obj,2362,4077,triangle,"{""min"": [-0.689463, -0.454981, -0.380234], ""max"": [1.16514, 0.485391, 0.693217]}"
WheelChair,D00526.obj,679,1232,triangle,"{""min"": [-0.883464, -0.519012, -0.564571], ""max"": [0.903358, 0.637842, 0.682028]}"
WheelChair,D00604.obj,986,1527,triangle,"{""min"": [-0.71117, -0.718189, -0.524783], ""max"": [1.16462, 0.342901, 0.616596]}"
WheelChair,D00628.obj,29552,45128,triangle,"{""min"": [-0.772132, -0.548633, -0.609514], ""max"": [0.989221, 0.523628, 0.577295]}"
WheelChair,D00687.obj,8188,16268,triangle,"{""min"": [-0.832973, -0.383821, -0.446596], ""max"": [0.997014, 0.545195, 0.52509]}"
WheelChair,D00720.obj,43966,83378,triangle,"{""min"": [-1.25623, -0.511296, -0.426438], ""max"": [0.625036, 0.625521, 0.523994]}"
WheelChair,D00782.obj,1144,1940,triangle,"{""min"": [-1.18257, -0.425223, -0.596103], ""max"": [0.70089, 0.702418, 0.61337]}"
WheelChair,D00821.obj,8188,16268,triangle,"{""min"": [-0.824906, -0.346825, -0.468272], ""max"": [1.00177, 0.528973, 0.508547]}"
WheelChair,D00846.obj,8834,17196,triangle,"{""min"": [-0.915155, -0.560325, -0.627176], ""max"": [0.949551, 0.519415, 0.538056]}"
