# After remeshing: D00297.obj
# Vertex count: 5561 -> 8353
# Target vertices: 7500
# Generated on 2025-10-13 13:45:15

v 1.483210 0.488884 0.296145
v 1.519930 0.526307 0.295429
v 1.520420 0.525927 0.296567
v 1.482810 0.489443 0.295036
v 1.531560 0.549799 0.306213
v 1.518620 0.527293 0.306215
v 1.532850 0.549059 0.306555
v 1.544500 0.572306 0.306221
v 1.519470 0.770460 0.295383
v 1.545000 0.724879 0.294429
v 1.518740 0.769900 0.294291
v 1.545890 0.725239 0.295666
v 1.547970 0.623778 0.282009
v 1.535300 0.576104 0.282087
v 1.535680 0.575954 0.280998
v 1.385790 0.459236 0.279408
v 1.433850 0.472123 0.280312
v 1.385710 0.459730 0.280747
v 1.434540 0.827520 0.657626
v 1.393000 0.837410 0.488069
v 1.392100 0.837648 0.488928
v 1.274860 0.483883 0.488044
v 1.264020 0.490113 0.489625
v 1.274220 0.484250 0.493252
v 1.264620 0.489772 0.596987
v 1.274820 0.483909 0.600614
v 1.263980 0.490139 0.602194
v 1.275010 0.483799 0.376935
v 1.264170 0.490030 0.378516
v 1.274360 0.484166 0.382143
v 1.183470 0.594001 0.493132
v 1.180210 0.606069 0.494712
v 1.183270 0.594716 0.498339
v 1.183420 0.594163 0.604241
v 1.180170 0.606232 0.605822
v 1.183230 0.594878 0.609449
v 1.183510 0.593839 0.382022
v 1.180250 0.605907 0.383602
v 1.183320 0.594554 0.387230
v 1.198460 0.537865 0.523296
v 1.200810 0.534150 0.534541
v 1.200640 0.538085 0.530491
v 1.201510 0.536573 0.533116
v 1.200090 0.539036 0.527434
v 1.199900 0.539360 0.524153
v 1.200090 0.539036 0.520873
v 1.200640 0.538085 0.517816
v 1.203010 0.531015 0.512527
v 1.201510 0.536573 0.515191
v 1.382090 0.834491 0.489089
v 1.384360 0.834495 0.489673
v 1.335840 0.833622 0.659462
v 1.550140 0.699236 0.295083
v 1.543970 0.724448 0.296138
v 1.543350 0.724192 0.295079
v 1.556750 0.674293 0.295015
v 1.557450 0.674379 0.296069
v 1.380030 0.834488 0.487854
v 1.390880 0.837975 0.490052
v 1.206850 0.529712 0.659462
v 1.202660 0.534603 0.535130
v 1.246920 0.499432 0.659462
v 1.246920 0.499432 0.293174
v 1.215080 0.526093 0.523298
v 1.336030 0.458992 0.280019
v 1.377010 0.839359 0.472262
v 1.385590 0.840545 0.293174
v 1.376300 0.839358 0.473382
v 1.377980 0.839361 0.470809
v 1.209310 0.525964 0.513176
v 1.209830 0.522884 0.516312
v 1.207430 0.527836 0.511910
v 1.202660 0.534603 0.513176
v 1.211470 0.521078 0.527125
v 1.205840 0.527039 0.535604
v 1.209310 0.525964 0.535130
v 1.207430 0.527836 0.536396
v 1.544240 0.724553 0.297603
v 1.518190 0.769480 0.306212
v 1.518190 0.769480 0.297610
v 1.544240 0.724556 0.306232
v 1.360020 0.459958 0.280856
v 1.394970 0.836885 0.474388
v 1.434540 0.827520 0.293174
v 1.394520 0.837005 0.473172
v 1.395580 0.836724 0.476134
v 1.393560 0.837262 0.471702
v 1.392860 0.837448 0.470638
v 1.335840 0.833622 0.293174
v 1.384980 0.834496 0.469428
v 1.383640 0.834494 0.469490
v 1.384700 0.833708 0.293174
v 1.360420 0.833665 0.293174
v 1.305250 0.845386 0.596497
v 1.304250 0.846358 0.596497
v 1.303870 0.847700 0.596497
v 1.306600 0.845044 0.596497
v 1.304160 0.848952 0.596498
v 1.307950 0.845423 0.596497
v 1.304900 0.849844 0.596497
v 1.305820 0.850327 0.596497
v 1.308890 0.846368 0.596495
v 1.307220 0.850351 0.596497
v 1.309260 0.847783 0.596497
v 1.308440 0.849674 0.596497
v 1.309030 0.848804 0.596497
v 1.303870 0.847692 0.656711
v 1.304450 0.846050 0.656711
v 1.305910 0.845125 0.656711
v 1.304240 0.849107 0.656713
v 1.307300 0.845137 0.656714
v 1.305190 0.850052 0.656711
v 1.308420 0.845786 0.656710
v 1.306150 0.850414 0.656698
v 1.309070 0.846732 0.656715
v 1.307230 0.850349 0.656711
v 1.309260 0.847776 0.656711
v 1.308440 0.849669 0.656711
v 1.309030 0.848804 0.656711
v 1.431910 0.821145 0.659462
v 1.393240 0.832299 0.483041
v 1.393740 0.832167 0.480447
v 1.395880 0.836644 0.480287
v 1.189620 0.746408 0.306217
v 1.202570 0.768929 0.297610
v 1.202570 0.768929 0.306212
v 1.176690 0.723913 0.306214
v 1.176690 0.723913 0.297610
v 1.283870 0.461977 0.655517
v 1.238340 0.488199 0.655612
v 1.283780 0.461743 0.654647
v 1.238160 0.487974 0.654647
v 1.260970 0.474859 0.654647
v 1.221800 0.508810 0.656941
v 1.202990 0.526742 0.654881
v 1.203240 0.526932 0.656415
v 1.221390 0.508415 0.654883
v 1.239860 0.490203 0.655953
v 1.546960 0.571296 0.647052
v 1.526520 0.524923 0.647052
v 1.520730 0.525677 0.647052
v 1.530530 0.525335 0.647052
v 1.534980 0.529151 0.647051
v 1.551150 0.557275 0.647051
v 1.550460 0.566778 0.651486
v 1.551100 0.557180 0.654838
v 1.535000 0.529181 0.654838
v 1.546960 0.571296 0.654838
v 1.531400 0.525804 0.654830
v 1.526460 0.524933 0.654838
v 1.538610 0.541553 0.654869
v 1.542960 0.543495 0.654838
v 1.541860 0.548107 0.654840
v 1.520730 0.525677 0.654838
v 1.536660 0.546169 0.654838
v 1.552230 0.560823 0.654839
v 1.537470 0.544095 0.656906
v 1.537640 0.543771 0.596688
v 1.538080 0.543226 0.656902
v 1.537260 0.545050 0.596686
v 1.537600 0.546478 0.656905
v 1.537600 0.546472 0.596688
v 1.537260 0.545225 0.656901
v 1.541330 0.542844 0.656902
v 1.540700 0.542568 0.596688
v 1.541890 0.543286 0.596688
v 1.542140 0.543561 0.656889
v 1.542650 0.545090 0.596689
v 1.542570 0.545832 0.656904
v 1.542560 0.544495 0.656902
v 1.540350 0.542500 0.656902
v 1.539300 0.542545 0.596688
v 1.539290 0.542547 0.656902
v 1.540620 0.547769 0.596688
v 1.541830 0.547094 0.656902
v 1.541560 0.547314 0.596688
v 1.540600 0.547775 0.656903
v 1.542450 0.544168 0.596688
v 1.539560 0.547816 0.596688
v 1.539560 0.547816 0.656902
v 1.538570 0.547468 0.656902
v 1.542270 0.546537 0.596688
v 1.538570 0.547472 0.596688
v 1.538350 0.543001 0.596688
v 1.539960 0.545136 0.658227
v 1.334970 0.450851 0.654882
v 1.284860 0.464379 0.656115
v 1.335010 0.451161 0.656416
v 1.283780 0.461743 0.646861
v 1.237410 0.482184 0.646861
v 1.238160 0.487975 0.646857
v 1.237820 0.478178 0.646861
v 1.241630 0.473719 0.646860
v 1.269760 0.457557 0.646860
v 1.279260 0.458241 0.651294
v 1.269660 0.457603 0.654647
v 1.241660 0.473702 0.654647
v 1.238290 0.477301 0.654639
v 1.237410 0.482242 0.654647
v 1.253770 0.469166 0.654672
v 1.260580 0.466861 0.654648
v 1.258650 0.472043 0.654647
v 1.273300 0.456472 0.654648
v 1.256580 0.471235 0.656715
v 1.255710 0.470628 0.656711
v 1.256970 0.471361 0.596495
v 1.255700 0.470622 0.596497
v 1.258960 0.471106 0.656714
v 1.258300 0.471362 0.596497
v 1.257710 0.471442 0.656710
v 1.259520 0.470682 0.596497
v 1.255330 0.467371 0.656711
v 1.255170 0.467684 0.596497
v 1.255770 0.466814 0.596497
v 1.259950 0.470136 0.656711
v 1.260110 0.469817 0.596497
v 1.258030 0.466092 0.656711
v 1.256990 0.466137 0.596497
v 1.258480 0.466192 0.596498
v 1.256630 0.466237 0.656710
v 1.260340 0.468791 0.656712
v 1.255140 0.469740 0.656711
v 1.254950 0.468713 0.656711
v 1.259030 0.466441 0.656711
v 1.260000 0.467443 0.656711
v 1.259310 0.466644 0.596497
v 1.254950 0.468705 0.596497
v 1.260330 0.468788 0.596497
v 1.255140 0.469740 0.596497
v 1.259990 0.467436 0.596497
v 1.257620 0.468741 0.658035
v 1.335300 0.453270 0.658275
v 1.386460 0.454165 0.658336
v 1.386680 0.452586 0.657975
v 1.283130 0.834210 0.646861
v 1.330370 0.852547 0.646861
v 1.333930 0.847919 0.646860
v 1.327250 0.855087 0.646861
v 1.321400 0.855542 0.646860
v 1.290080 0.847084 0.646860
v 1.284020 0.840891 0.646851
v 1.290180 0.847119 0.654647
v 1.321360 0.855533 0.654647
v 1.283930 0.840286 0.654809
v 1.283130 0.834210 0.654647
v 1.326300 0.855376 0.654639
v 1.330410 0.852499 0.654647
v 1.310060 0.849337 0.654678
v 1.305620 0.851039 0.654647
v 1.303140 0.846996 0.654649
v 1.333930 0.847919 0.654647
v 1.308180 0.844695 0.654647
v 1.286810 0.845343 0.654648
v 1.306570 0.847760 0.658035
v 1.223110 0.510142 0.658296
v 1.241440 0.492247 0.658373
v 1.204950 0.528245 0.658298
v 1.203750 0.527330 0.657406
v 1.387250 0.448304 0.646861
v 1.334630 0.448212 0.646858
v 1.387190 0.448806 0.646275
v 1.335080 0.451638 0.657211
v 1.386840 0.451393 0.656701
v 1.386800 0.451729 0.657211
v 1.284090 0.462492 0.646075
v 1.334770 0.449131 0.646029
v 1.437410 0.834480 0.646861
v 1.483780 0.814039 0.646861
v 1.483030 0.808248 0.646861
v 1.483370 0.818043 0.646861
v 1.479550 0.822503 0.646860
v 1.451430 0.838666 0.646860
v 1.441930 0.837981 0.651295
v 1.451520 0.838620 0.654647
v 1.479520 0.822520 0.654647
v 1.437410 0.834480 0.654647
v 1.482900 0.818922 0.654639
v 1.483770 0.813981 0.654647
v 1.467420 0.827056 0.654672
v 1.460600 0.829361 0.654648
v 1.483030 0.808248 0.654646
v 1.462530 0.824180 0.654647
v 1.447880 0.839750 0.654648
v 1.464920 0.825145 0.656715
v 1.462230 0.825116 0.656714
v 1.462890 0.824860 0.596497
v 1.463480 0.824780 0.656710
v 1.463940 0.824814 0.596497
v 1.464930 0.825163 0.596497
v 1.461670 0.825541 0.596497
v 1.465420 0.829421 0.656702
v 1.466140 0.828213 0.596497
v 1.465420 0.829409 0.596497
v 1.466140 0.828206 0.656711
v 1.461240 0.826087 0.656711
v 1.460960 0.826739 0.596497
v 1.463770 0.830171 0.656715
v 1.464200 0.830085 0.596497
v 1.462710 0.830030 0.596498
v 1.466220 0.827163 0.596497
v 1.466220 0.827163 0.656711
v 1.460940 0.828133 0.596497
v 1.461190 0.828780 0.656711
v 1.461620 0.829350 0.596497
v 1.460890 0.827470 0.656873
v 1.465900 0.826158 0.656711
v 1.462160 0.829782 0.656711
v 1.465900 0.826165 0.596497
v 1.200890 0.525119 0.654647
v 1.219520 0.506553 0.654672
v 1.201090 0.525274 0.655517
v 1.334860 0.450069 0.658095
v 1.284180 0.462717 0.657102
v 1.334740 0.449016 0.656723
v 1.284510 0.463546 0.658169
v 1.240160 0.490570 0.656977
v 1.238990 0.489059 0.645907
v 1.261340 0.475507 0.646102
v 1.239780 0.490088 0.646267
v 1.262320 0.477117 0.646253
v 1.220220 0.507246 0.645978
v 1.540000 0.574164 0.659462
v 1.527460 0.552142 0.659480
v 1.541090 0.573715 0.659733
v 1.515690 0.529533 0.659733
v 1.514750 0.530250 0.659462
v 1.520530 0.525832 0.655517
v 1.483590 0.488403 0.654647
v 1.520730 0.525677 0.654647
v 1.483430 0.488604 0.655517
v 1.520080 0.526172 0.656740
v 1.483090 0.489045 0.656723
v 1.387080 0.449672 0.645908
v 1.334900 0.450190 0.645941
v 1.386900 0.450941 0.646270
v 1.335490 0.454618 0.658235
v 1.286650 0.468703 0.657626
v 1.335600 0.455677 0.657626
v 1.286370 0.468033 0.658099
v 1.387040 0.449876 0.657788
v 1.387130 0.449318 0.657056
v 1.435440 0.468295 0.658098
v 1.478990 0.494367 0.657626
v 1.479430 0.493794 0.658099
v 1.435170 0.468962 0.657626
v 1.481770 0.490758 0.656416
v 1.518620 0.527294 0.654889
v 1.481960 0.490510 0.654882
v 1.518370 0.527484 0.656416
v 1.518620 0.527294 0.646273
v 1.481960 0.490511 0.646273
v 1.482360 0.489997 0.645946
v 1.519520 0.526585 0.645887
v 1.516960 0.528557 0.659658
v 1.481630 0.490947 0.659098
v 1.518180 0.527628 0.659098
v 1.480690 0.492159 0.659658
v 1.479710 0.493433 0.659733
v 1.387250 0.448304 0.654646
v 1.334630 0.448212 0.654647
v 1.478990 0.494367 0.659462
v 1.514750 0.530250 0.657626
v 1.515330 0.529809 0.658099
v 1.284790 0.464203 0.646273
v 1.334970 0.450851 0.646273
v 1.284520 0.463537 0.645933
v 1.174490 0.570646 0.646861
v 1.156160 0.617890 0.646861
v 1.160790 0.621451 0.646857
v 1.153620 0.614766 0.646861
v 1.153160 0.608916 0.646860
v 1.161620 0.577601 0.646860
v 1.167810 0.571536 0.646851
v 1.161580 0.577700 0.654647
v 1.153170 0.608882 0.654647
v 1.168420 0.571445 0.654808
v 1.174490 0.570646 0.654647
v 1.153330 0.613814 0.654639
v 1.156210 0.617924 0.654647
v 1.158520 0.597114 0.654672
v 1.161710 0.590666 0.654648
v 1.160790 0.621451 0.654647
v 1.164010 0.595694 0.654647
v 1.163360 0.574324 0.654648
v 1.161640 0.596699 0.656715
v 1.162800 0.596064 0.596495
v 1.163570 0.594815 0.656714
v 1.163560 0.594816 0.596497
v 1.162920 0.595939 0.656710
v 1.161620 0.596696 0.596497
v 1.159370 0.591926 0.656711
v 1.158860 0.592415 0.596497
v 1.159750 0.591679 0.596498
v 1.158650 0.592705 0.656711
v 1.158380 0.593342 0.596497
v 1.158270 0.594388 0.656703
v 1.162850 0.592204 0.656873
v 1.160230 0.596675 0.656711
v 1.159040 0.595961 0.656711
v 1.160310 0.591470 0.656711
v 1.161710 0.591494 0.656711
v 1.163580 0.593430 0.656711
v 1.160660 0.591414 0.596497
v 1.163580 0.593422 0.596497
v 1.159030 0.595955 0.596497
v 1.158350 0.594736 0.596497
v 1.162900 0.592205 0.596497
v 1.160230 0.596673 0.596497
v 1.161700 0.591491 0.596497
v 1.438060 0.462012 0.646861
v 1.390810 0.443676 0.646861
v 1.393940 0.441135 0.646861
v 1.399790 0.440681 0.646860
v 1.431100 0.449138 0.646860
v 1.437170 0.455331 0.646851
v 1.431010 0.449103 0.654647
v 1.399820 0.440690 0.654647
v 1.437260 0.455937 0.654809
v 1.438060 0.462012 0.654647
v 1.394890 0.440846 0.654639
v 1.390780 0.443724 0.654647
v 1.411120 0.446885 0.654678
v 1.415570 0.445184 0.654647
v 1.418050 0.449226 0.654649
v 1.413010 0.451529 0.654647
v 1.434380 0.450879 0.654648
v 1.412110 0.449491 0.656715
v 1.411930 0.448447 0.656711
v 1.412300 0.449854 0.596495
v 1.411930 0.448439 0.596497
v 1.413890 0.451085 0.656714
v 1.413240 0.450799 0.596497
v 1.412770 0.450437 0.656710
v 1.414580 0.451178 0.596497
v 1.414320 0.445790 0.656703
v 1.415280 0.451098 0.656711
v 1.415940 0.450836 0.596497
v 1.416480 0.446533 0.596498
v 1.416780 0.446882 0.656711
v 1.416000 0.446171 0.656711
v 1.415360 0.445895 0.596497
v 1.416500 0.450420 0.656710
v 1.416730 0.450153 0.596497
v 1.412160 0.447418 0.656711
v 1.412740 0.446553 0.656711
v 1.417240 0.447832 0.656711
v 1.417210 0.449225 0.656711
v 1.417230 0.447824 0.596497
v 1.412750 0.446548 0.596497
v 1.413970 0.445872 0.596497
v 1.412160 0.447418 0.596497
v 1.417210 0.449218 0.596497
v 1.414610 0.448462 0.658035
v 1.285530 0.465990 0.658107
v 1.264070 0.480252 0.658293
v 1.285950 0.467012 0.658340
v 1.262980 0.478355 0.657813
v 1.284790 0.464203 0.654875
v 1.202990 0.526743 0.646269
v 1.221380 0.508416 0.646270
v 1.239780 0.490089 0.654875
v 1.334660 0.448463 0.655517
v 1.335160 0.452271 0.657821
v 1.437470 0.463397 0.645898
v 1.483140 0.488984 0.646115
v 1.437920 0.462355 0.646390
v 1.387190 0.448881 0.656289
v 1.387230 0.448536 0.655462
v 1.285000 0.464711 0.659097
v 1.263300 0.478914 0.659673
v 1.262210 0.477017 0.658648
v 1.239660 0.489934 0.658638
v 1.436240 0.466390 0.659659
v 1.435620 0.467874 0.659733
v 1.412660 0.455158 0.646861
v 1.219520 0.506547 0.646860
v 1.201720 0.525749 0.645973
v 1.200890 0.525119 0.646860
v 1.335140 0.452197 0.659456
v 1.285590 0.466125 0.659658
v 1.386260 0.455765 0.657626
v 1.437040 0.464469 0.646272
v 1.435870 0.467276 0.658340
v 1.480110 0.492919 0.658340
v 1.436400 0.466005 0.657979
v 1.480780 0.492043 0.658107
v 1.544240 0.724554 0.646271
v 1.518760 0.769941 0.645926
v 1.545840 0.725211 0.646012
v 1.519670 0.770630 0.646089
v 1.520300 0.771103 0.646860
v 1.546690 0.725577 0.646861
v 1.546690 0.725577 0.654647
v 1.520300 0.771103 0.654647
v 1.520100 0.770948 0.655517
v 1.546460 0.725479 0.655517
v 1.412400 0.456100 0.645996
v 1.386920 0.450713 0.658587
v 1.335000 0.451054 0.658888
v 1.411040 0.461165 0.658293
v 1.411580 0.459160 0.657887
v 1.436730 0.465202 0.657211
v 1.551000 0.699486 0.646270
v 1.544240 0.724555 0.654885
v 1.551000 0.699489 0.654883
v 1.557760 0.674419 0.646273
v 1.557760 0.674420 0.654881
v 1.386360 0.454991 0.659670
v 1.335460 0.454408 0.659744
v 1.386520 0.453702 0.659752
v 1.436920 0.464739 0.656380
v 1.481370 0.491297 0.657433
v 1.437040 0.464468 0.654881
v 1.519680 0.770634 0.656670
v 1.545940 0.725265 0.656724
v 1.386890 0.450993 0.655512
v 1.386870 0.451145 0.656128
v 1.386900 0.450942 0.654875
v 1.517080 0.528468 0.658107
v 1.517810 0.527920 0.657470
v 1.482440 0.489884 0.658095
v 1.437650 0.462985 0.657102
v 1.437450 0.463476 0.657788
v 1.437220 0.464037 0.658387
v 1.543620 0.572678 0.657406
v 1.555940 0.622740 0.658107
v 1.556850 0.622629 0.657464
v 1.542710 0.573047 0.658108
v 1.435170 0.468962 0.659462
v 1.518850 0.769978 0.658061
v 1.544920 0.724826 0.658147
v 1.543730 0.724343 0.659097
v 1.517760 0.769144 0.659098
v 1.542320 0.723755 0.659658
v 1.516540 0.768211 0.659658
v 1.540830 0.723138 0.659733
v 1.515270 0.767230 0.659733
v 1.539740 0.722684 0.659462
v 1.514340 0.766510 0.659462
v 1.539740 0.722684 0.657626
v 1.514910 0.766952 0.658099
v 1.540410 0.722963 0.658099
v 1.514340 0.766510 0.657626
v 1.515780 0.767626 0.658340
v 1.541430 0.723387 0.658340
v 1.516660 0.768300 0.658107
v 1.542450 0.723811 0.658107
v 1.437960 0.462246 0.655517
v 1.517420 0.768870 0.657433
v 1.543300 0.724154 0.657470
v 1.543950 0.724434 0.656416
v 1.517950 0.769289 0.656416
v 1.518190 0.769481 0.654882
v 1.518190 0.769480 0.646273
v 1.482390 0.807411 0.657102
v 1.481890 0.806762 0.658095
v 1.481080 0.805696 0.659099
v 1.480150 0.804480 0.659659
v 1.479170 0.803203 0.659733
v 1.335290 0.453314 0.659719
v 1.411430 0.459697 0.659659
v 1.410720 0.462253 0.659480
v 1.478450 0.802268 0.659462
v 1.478890 0.802841 0.658098
v 1.478450 0.802268 0.657626
v 1.483590 0.488403 0.646861
v 1.479560 0.803718 0.658340
v 1.480400 0.804813 0.657979
v 1.411980 0.457681 0.658745
v 1.386730 0.452166 0.659415
v 1.437830 0.462573 0.656340
v 1.519250 0.526814 0.658094
v 1.436820 0.464978 0.659099
v 1.386260 0.455765 0.659462
v 1.480930 0.805503 0.657211
v 1.481130 0.805772 0.656701
v 1.481290 0.805971 0.656128
v 1.335600 0.455677 0.659462
v 1.532840 0.549065 0.645917
v 1.520730 0.525678 0.646854
v 1.481380 0.806093 0.655512
v 1.481410 0.806134 0.654875
v 1.481410 0.806138 0.646253
v 1.411980 0.457707 0.646268
v 1.528450 0.551588 0.658293
v 1.540000 0.574164 0.657626
v 1.540670 0.573889 0.658098
v 1.527380 0.552207 0.657626
v 1.541690 0.573468 0.658340
v 1.516200 0.529138 0.658340
v 1.530780 0.550229 0.657402
v 1.543990 0.572520 0.659099
v 1.532240 0.549411 0.658095
v 1.545280 0.571990 0.658045
v 1.530470 0.550427 0.659445
v 1.542580 0.573102 0.659659
v 1.459700 0.820470 0.645962
v 1.458890 0.819085 0.646268
v 1.436390 0.832022 0.646263
v 1.482620 0.807717 0.646145
v 1.482880 0.808068 0.655462
v 1.482670 0.807793 0.656289
v 1.544210 0.572428 0.656415
v 1.545150 0.572049 0.645937
v 1.557850 0.622491 0.646271
v 1.559100 0.622303 0.645903
v 1.546210 0.571609 0.646074
v 1.560490 0.622150 0.646854
v 1.546960 0.571296 0.646859
v 1.546960 0.571296 0.654647
v 1.560490 0.622149 0.654647
v 1.546730 0.571392 0.655517
v 1.560040 0.622196 0.656032
v 1.546220 0.571595 0.656703
v 1.559160 0.622297 0.657499
v 1.410710 0.462364 0.657626
v 1.437100 0.833731 0.646075
v 1.285170 0.465111 0.657432
v 1.544500 0.572311 0.654885
v 1.531560 0.549804 0.654883
v 1.531560 0.549802 0.646272
v 1.544500 0.572310 0.646273
v 1.284010 0.462304 0.656340
v 1.238660 0.488606 0.656712
v 1.533850 0.548487 0.646861
v 1.533840 0.548483 0.654672
v 1.533150 0.548881 0.656723
v 1.223390 0.510432 0.659776
v 1.241520 0.492368 0.659776
v 1.221770 0.508803 0.659098
v 1.204640 0.528013 0.659659
v 1.203430 0.527079 0.659099
v 1.237870 0.807469 0.646328
v 1.201320 0.769892 0.645967
v 1.200460 0.770545 0.646858
v 1.237600 0.807820 0.646861
v 1.200460 0.770545 0.654647
v 1.237600 0.807820 0.654647
v 1.200660 0.770391 0.655517
v 1.237760 0.807618 0.655517
v 1.201110 0.770050 0.656740
v 1.238100 0.807177 0.656723
v 1.201940 0.769410 0.658094
v 1.238740 0.806338 0.658095
v 1.203010 0.768595 0.659097
v 1.239560 0.805275 0.659098
v 1.204220 0.767666 0.659658
v 1.240500 0.804063 0.659658
v 1.205500 0.766690 0.659733
v 1.241480 0.802790 0.659733
v 1.206440 0.765973 0.659462
v 1.242200 0.801855 0.659462
v 1.206440 0.765973 0.657626
v 1.241750 0.802429 0.658099
v 1.242200 0.801855 0.657626
v 1.205860 0.766414 0.658099
v 1.241080 0.803304 0.658340
v 1.204980 0.767083 0.658340
v 1.460220 0.821361 0.646859
v 1.165250 0.673482 0.658107
v 1.177570 0.723544 0.657406
v 1.178470 0.723176 0.658108
v 1.164310 0.673592 0.657433
v 1.163640 0.673690 0.656416
v 1.176970 0.723794 0.656415
v 1.437310 0.834245 0.655517
v 1.437010 0.833505 0.657102
v 1.437180 0.833918 0.656340
v 1.459380 0.819911 0.657904
v 1.436670 0.832676 0.658169
v 1.458280 0.817989 0.659445
v 1.436190 0.831511 0.659098
v 1.435600 0.830097 0.659658
v 1.456540 0.814996 0.659480
v 1.434990 0.828611 0.659733
v 1.434540 0.827520 0.659462
v 1.457120 0.815970 0.658293
v 1.456500 0.814894 0.657626
v 1.434820 0.828190 0.658099
v 1.435240 0.829211 0.658340
v 1.458150 0.817770 0.657887
v 1.435760 0.830486 0.657975
v 1.436090 0.831285 0.657211
v 1.436290 0.831744 0.656380
v 1.436400 0.832019 0.654881
v 1.334280 0.845283 0.646268
v 1.309210 0.838516 0.646272
v 1.308830 0.839940 0.645935
v 1.283880 0.832404 0.645935
v 1.386430 0.847043 0.646012
v 1.386290 0.846034 0.645939
v 1.386560 0.848011 0.646858
v 1.386560 0.848011 0.654647
v 1.386520 0.847759 0.655517
v 1.386450 0.847207 0.656723
v 1.386330 0.846154 0.658095
v 1.386140 0.844826 0.659098
v 1.385940 0.843309 0.659658
v 1.385740 0.841715 0.659733
v 1.385590 0.840545 0.659462
v 1.385680 0.841263 0.658099
v 1.385590 0.840545 0.657626
v 1.385820 0.842358 0.658340
v 1.385960 0.843454 0.658107
v 1.386090 0.844397 0.657433
v 1.386170 0.845062 0.656416
v 1.386210 0.845372 0.654882
v 1.386210 0.845372 0.646273
v 1.334050 0.847001 0.646021
v 1.333960 0.847686 0.655462
v 1.334000 0.847342 0.656289
v 1.334060 0.846905 0.657056
v 1.334140 0.846347 0.657788
v 1.334220 0.845744 0.658387
v 1.334370 0.844715 0.659109
v 1.334560 0.843217 0.659659
v 1.334770 0.841624 0.659733
v 1.334930 0.840457 0.659462
v 1.334800 0.841425 0.658205
v 1.334930 0.840457 0.657626
v 1.334610 0.842837 0.658280
v 1.334490 0.843839 0.657837
v 1.334390 0.844494 0.657211
v 1.334350 0.844829 0.656701
v 1.334310 0.845077 0.656128
v 1.334290 0.845230 0.655512
v 1.334290 0.845281 0.654875
v 1.262280 0.477146 0.654875
v 1.286200 0.467611 0.659733
v 1.264670 0.481295 0.659468
v 1.205920 0.528993 0.659733
v 1.224710 0.511752 0.657811
v 1.206280 0.529271 0.658098
v 1.283370 0.833590 0.646149
v 1.220830 0.507860 0.658095
v 1.220090 0.507111 0.656723
v 1.202320 0.526230 0.658045
v 1.201520 0.525602 0.656703
v 1.283360 0.833650 0.656340
v 1.283230 0.833976 0.655517
v 1.283530 0.833237 0.657102
v 1.283740 0.832746 0.657788
v 1.309200 0.838527 0.658758
v 1.309730 0.836625 0.658156
v 1.284360 0.831245 0.659099
v 1.283970 0.832185 0.658387
v 1.309760 0.836524 0.659659
v 1.284950 0.829832 0.659659
v 1.310450 0.833960 0.659478
v 1.285570 0.828348 0.659733
v 1.286020 0.827260 0.659462
v 1.310470 0.833859 0.657626
v 1.286020 0.827260 0.657626
v 1.285740 0.827927 0.658098
v 1.285320 0.828946 0.658340
v 1.284790 0.830218 0.657978
v 1.284460 0.831020 0.657211
v 1.284270 0.831484 0.656381
v 1.284150 0.831754 0.654881
v 1.284150 0.831753 0.646273
v 1.239220 0.805711 0.646271
v 1.238450 0.806744 0.645908
v 1.240410 0.804179 0.658107
v 1.239820 0.804925 0.657433
v 1.239420 0.805464 0.656416
v 1.239230 0.805712 0.654882
v 1.202570 0.768929 0.646271
v 1.204110 0.767755 0.658106
v 1.203370 0.768302 0.657470
v 1.202820 0.768739 0.656416
v 1.202570 0.768929 0.654889
v 1.189630 0.746422 0.646270
v 1.188240 0.747223 0.645962
v 1.176690 0.723914 0.646271
v 1.175230 0.724528 0.645959
v 1.187340 0.747736 0.646860
v 1.174230 0.724927 0.646859
v 1.187340 0.747740 0.654672
v 1.174220 0.724927 0.654647
v 1.174460 0.724830 0.655517
v 1.188040 0.747342 0.656723
v 1.174970 0.724628 0.656703
v 1.188950 0.746812 0.658095
v 1.175910 0.724232 0.658045
v 1.190720 0.745794 0.659445
v 1.177200 0.723703 0.659099
v 1.178610 0.723120 0.659659
v 1.193720 0.744082 0.659480
v 1.180100 0.722507 0.659733
v 1.181190 0.722058 0.659462
v 1.193810 0.744015 0.657626
v 1.192740 0.744635 0.658293
v 1.181190 0.722058 0.657626
v 1.180520 0.722334 0.658098
v 1.179500 0.722754 0.658340
v 1.190410 0.745993 0.657402
v 1.189630 0.746419 0.654883
v 1.176690 0.723912 0.654885
v 1.163330 0.673732 0.646271
v 1.162050 0.673912 0.645908
v 1.160700 0.674073 0.646853
v 1.160690 0.674074 0.654647
v 1.160950 0.674041 0.655517
v 1.161500 0.673969 0.656723
v 1.162550 0.673816 0.658095
v 1.163880 0.673661 0.659098
v 1.165400 0.673464 0.659658
v 1.166990 0.673257 0.659733
v 1.168160 0.673104 0.659462
v 1.168160 0.673104 0.657626
v 1.167440 0.673198 0.658099
v 1.166350 0.673340 0.658340
v 1.163330 0.673730 0.654882
v 1.163420 0.621803 0.646269
v 1.162140 0.621632 0.645917
v 1.161040 0.621485 0.655517
v 1.161600 0.621565 0.656742
v 1.162740 0.621712 0.658194
v 1.163970 0.621875 0.659097
v 1.165480 0.622078 0.659658
v 1.167080 0.622291 0.659733
v 1.168250 0.622447 0.659462
v 1.168250 0.622447 0.657626
v 1.167530 0.622351 0.658100
v 1.166430 0.622205 0.658340
v 1.165340 0.622058 0.658106
v 1.164470 0.621942 0.657503
v 1.163750 0.621850 0.656445
v 1.163420 0.621801 0.654881
v 1.286650 0.468703 0.659462
v 1.170180 0.596733 0.646238
v 1.175120 0.570918 0.646139
v 1.176270 0.571378 0.645921
v 1.167640 0.596044 0.646842
v 1.167640 0.596048 0.654647
v 1.168030 0.596155 0.655930
v 1.174730 0.570743 0.655517
v 1.175240 0.570958 0.656724
v 1.169450 0.596520 0.658140
v 1.176270 0.571396 0.658147
v 1.177460 0.571880 0.659097
v 1.172160 0.597267 0.659673
v 1.178870 0.572467 0.659658
v 1.180360 0.573084 0.659733
v 1.174820 0.597923 0.659470
v 1.181440 0.573539 0.659462
v 1.180770 0.573278 0.658098
v 1.174850 0.597993 0.657626
v 1.181440 0.573539 0.657626
v 1.173650 0.597669 0.658293
v 1.179760 0.572835 0.658340
v 1.178740 0.572411 0.658107
v 1.171780 0.597165 0.657977
v 1.177470 0.571880 0.656920
v 1.170450 0.596801 0.656364
v 1.176950 0.571668 0.654889
v 1.170190 0.596736 0.654875
v 1.176950 0.571668 0.646273
v 1.181570 0.573326 0.657626
v 1.206850 0.529712 0.657626
v 1.264690 0.481329 0.657626
v 1.242730 0.493955 0.657626
v 1.242730 0.493955 0.659462
v 1.261610 0.475979 0.657448
v 1.565030 0.678333 0.646861
v 1.560400 0.674771 0.646859
v 1.567570 0.681457 0.646861
v 1.568020 0.687307 0.646860
v 1.559570 0.718622 0.646860
v 1.552360 0.724858 0.651295
v 1.559600 0.718523 0.654647
v 1.568010 0.687341 0.654647
v 1.567860 0.682409 0.654639
v 1.564980 0.678298 0.654647
v 1.562660 0.699109 0.654672
v 1.559470 0.705557 0.654648
v 1.560400 0.674771 0.654647
v 1.557180 0.700528 0.654647
v 1.557820 0.721898 0.654648
v 1.559540 0.699523 0.656715
v 1.557620 0.701408 0.656714
v 1.557910 0.700760 0.596497
v 1.558270 0.700284 0.656710
v 1.558620 0.699983 0.596497
v 1.559570 0.699526 0.596497
v 1.557560 0.701748 0.596497
v 1.562830 0.701479 0.656711
v 1.562580 0.700832 0.596497
v 1.562910 0.702185 0.596497
v 1.562170 0.703995 0.596498
v 1.561820 0.704296 0.656711
v 1.562530 0.703517 0.656711
v 1.562150 0.700262 0.656711
v 1.561890 0.700033 0.596497
v 1.562690 0.703206 0.596497
v 1.562890 0.702549 0.656699
v 1.558340 0.704018 0.656873
v 1.560950 0.699547 0.656711
v 1.560870 0.704752 0.656711
v 1.559480 0.704729 0.656711
v 1.557610 0.702793 0.656711
v 1.557610 0.702800 0.596497
v 1.560880 0.704750 0.596497
v 1.558290 0.704018 0.596497
v 1.560960 0.699549 0.596497
v 1.559490 0.704732 0.596497
v 1.547890 0.673102 0.659462
v 1.546340 0.698230 0.659462
v 1.541470 0.696915 0.659462
v 1.535040 0.720728 0.659462
v 1.510310 0.763404 0.659462
v 1.475360 0.798224 0.659462
v 1.453980 0.810519 0.659462
v 1.432600 0.822814 0.659462
v 1.384930 0.835498 0.659462
v 1.335600 0.835411 0.659462
v 1.310920 0.828752 0.659462
v 1.287980 0.822561 0.659462
v 1.245300 0.797822 0.659462
v 1.210480 0.762881 0.659462
v 1.198200 0.741529 0.659462
v 1.185890 0.720118 0.659462
v 1.173210 0.672448 0.659462
v 1.173290 0.623120 0.659462
v 1.553030 0.623118 0.659462
v 1.552940 0.673776 0.659462
v 1.547980 0.623774 0.659462
v 1.535300 0.576104 0.659462
v 1.522920 0.554586 0.659462
v 1.510710 0.533341 0.659462
v 1.493370 0.515940 0.659462
v 1.475890 0.498400 0.659462
v 1.433210 0.473661 0.659462
v 1.409540 0.467274 0.659462
v 1.385580 0.460811 0.659462
v 1.336260 0.460725 0.659462
v 1.288590 0.473409 0.659462
v 1.267480 0.485547 0.659445
v 1.245820 0.497998 0.659462
v 1.210880 0.532818 0.659462
v 1.224790 0.511833 0.659462
v 1.186140 0.575495 0.659462
v 1.179470 0.600242 0.659462
v 1.174260 0.724984 0.646861
v 1.194700 0.771357 0.646861
v 1.200490 0.770602 0.646861
v 1.190690 0.770944 0.646861
v 1.186240 0.767128 0.646860
v 1.170070 0.739005 0.646860
v 1.170760 0.729502 0.651295
v 1.170120 0.739100 0.654647
v 1.186220 0.767098 0.654647
v 1.174260 0.724984 0.654647
v 1.189820 0.770475 0.654639
v 1.194760 0.771347 0.654647
v 1.181680 0.754992 0.654672
v 1.179380 0.748179 0.654648
v 1.200490 0.770602 0.654647
v 1.184560 0.750110 0.654647
v 1.168990 0.735457 0.654648
v 1.183590 0.752494 0.656715
v 1.183960 0.751229 0.596495
v 1.183620 0.749802 0.656714
v 1.183620 0.749808 0.596497
v 1.183960 0.751054 0.656710
v 1.183580 0.752508 0.596497
v 1.179890 0.753436 0.656711
v 1.180200 0.753588 0.596497
v 1.179330 0.752994 0.596497
v 1.178660 0.750448 0.656713
v 1.178650 0.751775 0.596497
v 1.178710 0.750281 0.596498
v 1.178750 0.752137 0.656710
v 1.180280 0.748624 0.596497
v 1.179390 0.749186 0.656711
v 1.179390 0.749191 0.596497
v 1.180620 0.748505 0.656710
v 1.181300 0.748428 0.596497
v 1.182350 0.748644 0.656711
v 1.182580 0.753473 0.656711
v 1.181230 0.753815 0.656711
v 1.182650 0.748808 0.596497
v 1.181220 0.753815 0.596497
v 1.182570 0.753478 0.596497
v 1.181260 0.751144 0.658035
v 1.550470 0.699345 0.659098
v 1.555700 0.674145 0.659658
v 1.557220 0.674347 0.659097
v 1.548250 0.698745 0.659776
v 1.558320 0.622431 0.658387
v 1.557310 0.622562 0.659098
v 1.555790 0.622759 0.659658
v 1.554200 0.622966 0.659733
v 1.553030 0.623118 0.657626
v 1.553750 0.623025 0.658099
v 1.554840 0.622882 0.658340
v 1.557540 0.622532 0.656417
v 1.557850 0.622493 0.654882
v 1.558890 0.674564 0.645888
v 1.560150 0.674738 0.655517
v 1.559510 0.674663 0.656875
v 1.558450 0.674510 0.658194
v 1.554110 0.673932 0.659733
v 1.552940 0.673776 0.657626
v 1.553660 0.673871 0.658100
v 1.554750 0.674017 0.658340
v 1.555850 0.674164 0.658106
v 1.556780 0.674284 0.657443
v 1.557450 0.674379 0.656415
v 1.552550 0.699907 0.645962
v 1.553550 0.700174 0.646860
v 1.553550 0.700167 0.654672
v 1.552770 0.699965 0.656723
v 1.551760 0.699697 0.658095
v 1.547540 0.698553 0.658293
v 1.546340 0.698230 0.657626
v 1.550130 0.699273 0.657402
v 1.169080 0.699069 0.294581
v 1.162550 0.673833 0.294390
v 1.161740 0.673938 0.295383
v 1.175200 0.724525 0.295383
v 1.175940 0.724228 0.294406
v 1.246820 0.499303 0.280652
v 1.289240 0.474982 0.280845
v 1.289040 0.474494 0.279851
v 1.184510 0.574820 0.279928
v 1.209670 0.531883 0.280534
v 1.185180 0.575094 0.280772
v 1.334070 0.846874 0.295383
v 1.386320 0.846156 0.294390
v 1.334190 0.846048 0.294374
v 1.386450 0.847152 0.295668
v 1.393650 0.832191 0.477790
v 1.310150 0.835057 0.294192
v 1.285300 0.828986 0.294143
v 1.285710 0.827983 0.294359
v 1.334830 0.841173 0.294387
v 1.334690 0.842267 0.294145
v 1.481410 0.806134 0.297605
v 1.518010 0.769350 0.296272
v 1.481960 0.490511 0.306212
v 1.482440 0.489943 0.306563
v 1.481220 0.805887 0.296070
v 1.202000 0.769363 0.306558
v 1.238080 0.807207 0.306396
v 1.200990 0.770138 0.306342
v 1.531580 0.549790 0.293740
v 1.518640 0.527296 0.293738
v 1.517470 0.528188 0.292994
v 1.212310 0.533919 0.659462
v 1.187810 0.576188 0.293174
v 1.187810 0.576188 0.659462
v 1.238160 0.487975 0.305630
v 1.260970 0.474859 0.305626
v 1.261340 0.475511 0.306387
v 1.283780 0.461743 0.305625
v 1.284090 0.462491 0.306410
v 1.435240 0.829211 0.294145
v 1.385960 0.843454 0.294378
v 1.385820 0.842358 0.294145
v 1.435660 0.830232 0.294379
v 1.375260 0.839356 0.476368
v 1.379240 0.839363 0.469694
v 1.380170 0.839365 0.468825
v 1.381650 0.839367 0.468121
v 1.382740 0.839369 0.467565
v 1.386890 0.451041 0.296729
v 1.335020 0.451146 0.296101
v 1.334970 0.450851 0.297603
v 1.481480 0.491140 0.295274
v 1.517810 0.527914 0.295017
v 1.481060 0.491668 0.294641
v 1.203990 0.532308 0.536396
v 1.205410 0.529845 0.536828
v 1.210920 0.524356 0.515191
v 1.172370 0.646815 0.280835
v 1.173210 0.672449 0.281909
v 1.172480 0.672523 0.280875
v 1.214700 0.526464 0.520630
v 1.186200 0.575532 0.279124
v 1.211810 0.533534 0.279804
v 1.210670 0.532645 0.279069
v 1.533630 0.576792 0.293174
v 1.533630 0.576792 0.659462
v 1.544550 0.614780 0.476626
v 1.205410 0.529845 0.511478
v 1.535040 0.720728 0.670551
v 1.510310 0.763404 0.670549
v 1.510560 0.763601 0.671577
v 1.245300 0.797822 0.670550
v 1.287980 0.822561 0.670549
v 1.287950 0.822605 0.671115
v 1.384930 0.835498 0.670550
v 1.335590 0.835605 0.671424
v 1.384960 0.835704 0.671449
v 1.475470 0.798352 0.671367
v 1.432630 0.822933 0.671293
v 1.454390 0.811221 0.671778
v 1.335370 0.837144 0.672681
v 1.385090 0.836749 0.671928
v 1.335440 0.836688 0.671921
v 1.385160 0.837227 0.672755
v 1.174460 0.623274 0.672831
v 1.174840 0.672234 0.671983
v 1.174010 0.672341 0.673140
v 1.335600 0.835411 0.670549
v 1.546390 0.623976 0.672085
v 1.533630 0.576792 0.670992
v 1.534060 0.576617 0.672583
v 1.185160 0.720421 0.673615
v 1.186730 0.719766 0.673057
v 1.172580 0.672535 0.673608
v 1.335390 0.836753 0.673451
v 1.547140 0.623872 0.673113
v 1.175000 0.672216 0.670989
v 1.187560 0.719431 0.659462
v 1.187560 0.719430 0.671000
v 1.175000 0.672216 0.659462
v 1.432600 0.822814 0.670549
v 1.172650 0.672509 0.671733
v 1.185570 0.720251 0.671579
v 1.173210 0.672448 0.670555
v 1.171490 0.672673 0.672489
v 1.335840 0.833622 0.670989
v 1.311390 0.827024 0.659462
v 1.288670 0.820895 0.659462
v 1.311390 0.827024 0.670989
v 1.288670 0.820895 0.670989
v 1.522600 0.554776 0.673403
v 1.521370 0.555478 0.671021
v 1.510580 0.533471 0.673483
v 1.287690 0.823240 0.671809
v 1.310700 0.829583 0.671851
v 1.287330 0.824121 0.672364
v 1.547980 0.623774 0.670550
v 1.548450 0.673175 0.671667
v 1.548380 0.623723 0.671649
v 1.546100 0.672864 0.671001
v 1.546870 0.672961 0.672962
v 1.535910 0.575883 0.671697
v 1.385080 0.836713 0.673536
v 1.433200 0.824262 0.673294
v 1.287490 0.823871 0.673448
v 1.549460 0.623585 0.672066
v 1.549520 0.673331 0.673184
v 1.549450 0.623563 0.673374
v 1.433140 0.824106 0.672022
v 1.476270 0.799483 0.672165
v 1.510810 0.763796 0.673608
v 1.534280 0.720398 0.673127
v 1.535230 0.720821 0.673560
v 1.509370 0.762705 0.672822
v 1.522920 0.554585 0.670555
v 1.510730 0.533324 0.671061
v 1.510710 0.533341 0.670549
v 1.185890 0.720118 0.670549
v 1.432480 0.822515 0.673430
v 1.384730 0.833979 0.672232
v 1.431980 0.821298 0.672003
v 1.384830 0.834715 0.673153
v 1.336100 0.459548 0.671919
v 1.385820 0.459070 0.672841
v 1.336070 0.459268 0.673386
v 1.385620 0.460338 0.671631
v 1.336260 0.460725 0.670553
v 1.211210 0.762322 0.673059
v 1.245340 0.797787 0.673514
v 1.210320 0.763022 0.673560
v 1.535190 0.576139 0.673496
v 1.475900 0.798977 0.673598
v 1.210480 0.762881 0.670549
v 1.198200 0.741530 0.670556
v 1.384700 0.833708 0.670991
v 1.493300 0.516008 0.673493
v 1.512110 0.532285 0.672749
v 1.384930 0.835705 0.673558
v 1.184340 0.720769 0.672336
v 1.511680 0.764461 0.672477
v 1.509270 0.534438 0.670992
v 1.474830 0.499782 0.671615
v 1.509450 0.534300 0.672128
v 1.536750 0.575483 0.673261
v 1.211910 0.761783 0.670996
v 1.246400 0.796392 0.670991
v 1.246160 0.796705 0.672479
v 1.535670 0.720992 0.671732
v 1.197330 0.742032 0.671901
v 1.541470 0.696913 0.670555
v 1.547890 0.673102 0.670549
v 1.475360 0.798224 0.670549
v 1.535300 0.576104 0.670549
v 1.209640 0.763519 0.671872
v 1.209180 0.763888 0.673174
v 1.548180 0.623725 0.673558
v 1.548160 0.673147 0.673567
v 1.175080 0.623359 0.670990
v 1.175080 0.623359 0.659462
v 1.244260 0.799177 0.672391
v 1.244560 0.798792 0.673531
v 1.181190 0.600708 0.670995
v 1.180550 0.600542 0.672882
v 1.187810 0.576188 0.670992
v 1.187190 0.575942 0.672866
v 1.199290 0.740897 0.672753
v 1.197170 0.742134 0.673487
v 1.475080 0.499422 0.672640
v 1.199750 0.740637 0.670990
v 1.246400 0.796392 0.659462
v 1.211920 0.761785 0.659462
v 1.474880 0.797599 0.673151
v 1.474360 0.796915 0.671967
v 1.453580 0.809814 0.673127
v 1.454340 0.811148 0.673601
v 1.431910 0.821145 0.670989
v 1.384700 0.833708 0.659462
v 1.511320 0.532922 0.671750
v 1.493930 0.515377 0.671768
v 1.179470 0.600242 0.670550
v 1.172660 0.623067 0.671711
v 1.173290 0.623120 0.670550
v 1.179110 0.600148 0.671625
v 1.186140 0.575495 0.670551
v 1.185790 0.575358 0.671633
v 1.542340 0.697162 0.673550
v 1.540050 0.696528 0.672369
v 1.181190 0.600708 0.659462
v 1.288570 0.821127 0.672237
v 1.335780 0.834207 0.672744
v 1.310870 0.828956 0.673576
v 1.209490 0.531737 0.672703
v 1.184620 0.574862 0.672263
v 1.210520 0.532540 0.671636
v 1.474270 0.796790 0.670989
v 1.508880 0.762303 0.670990
v 1.210380 0.532426 0.673608
v 1.211510 0.533296 0.673156
v 1.185950 0.575402 0.673560
v 1.185000 0.575010 0.673523
v 1.178840 0.600071 0.673615
v 1.177800 0.599792 0.672501
v 1.172550 0.623008 0.673616
v 1.171550 0.622886 0.672664
v 1.546110 0.672864 0.659462
v 1.546190 0.624006 0.670989
v 1.546190 0.624006 0.659462
v 1.245650 0.497795 0.671492
v 1.210880 0.532818 0.670549
v 1.245820 0.497998 0.670549
v 1.246860 0.499354 0.671787
v 1.268490 0.487031 0.670989
v 1.246920 0.499432 0.670989
v 1.289270 0.475078 0.670990
v 1.336490 0.462515 0.659462
v 1.289270 0.475078 0.659462
v 1.336490 0.462515 0.670997
v 1.289230 0.474963 0.671843
v 1.475890 0.498400 0.670549
v 1.493370 0.515940 0.670549
v 1.476060 0.498155 0.671533
v 1.210390 0.762948 0.671285
v 1.212070 0.533725 0.672308
v 1.521370 0.555478 0.659462
v 1.509270 0.534438 0.659462
v 1.533640 0.720145 0.672241
v 1.245060 0.798136 0.671638
v 1.288590 0.473409 0.670549
v 1.288550 0.473350 0.671177
v 1.267200 0.485704 0.670549
v 1.267920 0.486510 0.672913
v 1.288970 0.474366 0.672955
v 1.246360 0.498719 0.673078
v 1.288410 0.472976 0.673595
v 1.267090 0.484981 0.673608
v 1.245470 0.497547 0.673603
v 1.476780 0.497249 0.673406
v 1.287970 0.471942 0.673237
v 1.244800 0.496659 0.673075
v 1.287990 0.472167 0.672047
v 1.212310 0.533919 0.670991
v 1.335600 0.835435 0.673532
v 1.336420 0.461998 0.672645
v 1.336280 0.460993 0.673451
v 1.524260 0.553815 0.673288
v 1.385660 0.460303 0.673600
v 1.409610 0.467002 0.673582
v 1.385410 0.461940 0.672850
v 1.433690 0.472407 0.673469
v 1.433850 0.472106 0.672294
v 1.409770 0.466418 0.671832
v 1.433340 0.473434 0.671510
v 1.385580 0.460811 0.670550
v 1.433210 0.473661 0.670549
v 1.432520 0.475328 0.670989
v 1.432520 0.475328 0.659462
v 1.409070 0.469002 0.670989
v 1.385350 0.462600 0.670989
v 1.409070 0.469002 0.659462
v 1.385350 0.462600 0.659462
v 1.474780 0.499830 0.670989
v 1.474780 0.499830 0.659462
v 1.432610 0.475117 0.672160
v 1.433140 0.473833 0.673471
v 1.475790 0.498499 0.673490
v 1.453090 0.808967 0.670989
v 1.385350 0.462541 0.671597
v 1.533380 0.720034 0.659462
v 1.508880 0.762303 0.662344
v 1.533380 0.720034 0.670992
v 1.244920 0.496802 0.672057
v 1.536190 0.721212 0.673523
v 1.542400 0.697167 0.671883
v 1.335830 0.833682 0.671595
v 1.288010 0.822493 0.673504
v 1.267010 0.484917 0.671791
v 1.536670 0.721404 0.672681
v 1.492100 0.517203 0.659462
v 1.492100 0.517203 0.670989
v 1.474270 0.796790 0.659462
v 1.476910 0.497079 0.672301
v 1.523770 0.554097 0.671890
v 1.539740 0.696449 0.659462
v 1.539740 0.696449 0.670990
v 1.453090 0.808967 0.659462
v 1.268490 0.487031 0.659462
v 1.199750 0.740637 0.659462
v 1.212160 0.523123 0.517816
v 1.214500 0.526664 0.528641
v 1.213600 0.527568 0.530952
v 1.212160 0.523123 0.530491
v 1.210920 0.524356 0.533116
v 1.204330 0.540011 0.527857
v 1.204070 0.540466 0.525189
v 1.204890 0.539050 0.530279
v 1.205700 0.537646 0.532289
v 1.212310 0.533919 0.293174
v 1.204470 0.539765 0.519846
v 1.205120 0.538658 0.517535
v 1.206000 0.537136 0.515682
v 1.207060 0.535303 0.514412
v 1.212940 0.522347 0.527434
v 1.540670 0.573889 0.294387
v 1.553030 0.623118 0.294859
v 1.540000 0.574164 0.294859
v 1.553750 0.623025 0.294386
v 1.196620 0.734278 0.487262
v 1.202850 0.745115 0.488842
v 1.196980 0.734923 0.492469
v 1.196700 0.734424 0.598371
v 1.202930 0.745261 0.599951
v 1.197070 0.735068 0.603579
v 1.196530 0.734133 0.376152
v 1.202760 0.744969 0.377732
v 1.196900 0.734776 0.381359
v 1.305350 0.824405 0.489062
v 1.317420 0.827662 0.490642
v 1.306060 0.824601 0.494269
v 1.316750 0.827480 0.598005
v 1.305400 0.824419 0.601632
v 1.317470 0.827676 0.603212
v 1.305190 0.824361 0.377953
v 1.317250 0.827619 0.379533
v 1.305900 0.824557 0.383160
v 1.456810 0.806310 0.481494
v 1.446620 0.812173 0.485122
v 1.457450 0.805943 0.486702
v 1.456950 0.806226 0.592603
v 1.446760 0.812090 0.596231
v 1.457600 0.805859 0.597811
v 1.446570 0.812199 0.372552
v 1.457410 0.805968 0.374132
v 1.447210 0.811832 0.377759
v 1.537460 0.703181 0.478619
v 1.540720 0.691113 0.480199
v 1.537660 0.702467 0.483827
v 1.540540 0.691778 0.587561
v 1.537470 0.703131 0.591189
v 1.540730 0.691063 0.592769
v 1.540450 0.692102 0.365342
v 1.537390 0.703456 0.368970
v 1.540640 0.691388 0.370550
v 1.518740 0.551810 0.481893
v 1.524610 0.562003 0.485520
v 1.518380 0.551166 0.487100
v 1.518660 0.551665 0.593002
v 1.524520 0.561857 0.596630
v 1.518290 0.551020 0.598210
v 1.524630 0.562048 0.372951
v 1.518400 0.551211 0.374531
v 1.524270 0.561404 0.378158
v 1.415840 0.471291 0.484520
v 1.403770 0.468034 0.486101
v 1.415120 0.471095 0.489728
v 1.404430 0.468216 0.593462
v 1.415790 0.471277 0.597089
v 1.403720 0.468020 0.598670
v 1.404760 0.468304 0.371243
v 1.416110 0.471365 0.374871
v 1.404040 0.468108 0.376451
v 1.181440 0.573539 0.293174
v 1.224790 0.511833 0.293174
v 1.206850 0.529712 0.293174
v 1.242730 0.493955 0.293174
v 1.174850 0.597993 0.293174
v 1.181130 0.600941 0.293174
v 1.168250 0.622447 0.293174
v 1.175080 0.623359 0.293174
v 1.168160 0.673104 0.293174
v 1.175040 0.646819 0.293174
v 1.175000 0.672216 0.293174
v 1.181190 0.722058 0.293174
v 1.187560 0.719431 0.293174
v 1.193810 0.744015 0.293174
v 1.199810 0.740742 0.293174
v 1.206440 0.765973 0.293174
v 1.211920 0.761785 0.293174
v 1.242200 0.801855 0.293174
v 1.229160 0.779089 0.293174
v 1.229480 0.779407 0.293174
v 1.246400 0.796392 0.293174
v 1.286020 0.827260 0.293174
v 1.288670 0.820895 0.293174
v 1.311390 0.827024 0.293174
v 1.310470 0.833859 0.293174
v 1.334930 0.840457 0.293174
v 1.431910 0.821145 0.293174
v 1.453090 0.808967 0.293174
v 1.456500 0.814894 0.293174
v 1.453170 0.808919 0.293174
v 1.474270 0.796790 0.293174
v 1.478450 0.802268 0.293174
v 1.491460 0.779658 0.293174
v 1.508880 0.762303 0.293174
v 1.264690 0.481329 0.293174
v 1.229640 0.516652 0.293174
v 1.268490 0.487031 0.293174
v 1.286650 0.468703 0.293174
v 1.289270 0.475078 0.293174
v 1.335600 0.455677 0.293174
v 1.336490 0.462515 0.293174
v 1.386260 0.455765 0.293174
v 1.360020 0.462556 0.293174
v 1.385350 0.462600 0.293174
v 1.410710 0.462364 0.293174
v 1.409260 0.469052 0.293174
v 1.435170 0.468962 0.293174
v 1.432520 0.475328 0.293174
v 1.478990 0.494367 0.293174
v 1.474780 0.499830 0.293174
v 1.514750 0.530250 0.293174
v 1.492030 0.517134 0.293174
v 1.509270 0.534438 0.293174
v 1.521560 0.555810 0.293174
v 1.527380 0.552207 0.293174
v 1.540000 0.574164 0.293174
v 1.546190 0.624006 0.293174
v 1.553030 0.623118 0.293174
v 1.546150 0.648435 0.293174
v 1.552940 0.673776 0.293174
v 1.546110 0.672864 0.293174
v 1.539740 0.696449 0.293174
v 1.546340 0.698230 0.293174
v 1.533380 0.720034 0.293174
v 1.539740 0.722684 0.293174
v 1.514340 0.766510 0.293174
v 1.204120 0.540382 0.522457
v 1.334410 0.844342 0.295087
v 1.386170 0.845062 0.296069
v 1.334350 0.844829 0.295784
v 1.386100 0.844395 0.295052
v 1.174790 0.724695 0.296145
v 1.201230 0.769920 0.295466
v 1.385930 0.834243 0.469382
v 1.395630 0.836710 0.482514
v 1.546920 0.632639 0.474745
v 1.546920 0.632542 0.477463
v 1.215010 0.526161 0.526031
v 1.208740 0.532407 0.534646
v 1.207860 0.533920 0.534565
v 1.206720 0.535896 0.533751
v 1.210850 0.530305 0.534076
v 1.209200 0.531954 0.534676
v 1.212350 0.528809 0.532806
v 1.163970 0.621876 0.293388
v 1.162960 0.621741 0.294098
v 1.163880 0.673661 0.293386
v 1.509990 0.763157 0.279231
v 1.533640 0.720144 0.280377
v 1.509050 0.762432 0.280538
v 1.534300 0.720421 0.279495
v 1.491820 0.779999 0.279933
v 1.533630 0.576792 0.281646
v 1.546190 0.624006 0.281647
v 1.546300 0.623986 0.280788
v 1.385600 0.460739 0.281444
v 1.336250 0.460684 0.281552
v 1.229160 0.516181 0.279748
v 1.246040 0.498286 0.279214
v 1.475890 0.498400 0.282087
v 1.433210 0.473661 0.282087
v 1.475960 0.498298 0.281346
v 1.185980 0.575426 0.281228
v 1.173290 0.623120 0.282087
v 1.173020 0.623056 0.281112
v 1.186140 0.575495 0.282087
v 1.288590 0.473409 0.282087
v 1.336260 0.460725 0.293023
v 1.288590 0.473409 0.293023
v 1.336260 0.460725 0.282087
v 1.510730 0.533324 0.281584
v 1.493930 0.515239 0.280835
v 1.511280 0.532923 0.280861
v 1.408530 0.467002 0.293023
v 1.433210 0.473661 0.293023
v 1.385580 0.460811 0.293023
v 1.385580 0.460811 0.282087
v 1.515270 0.767231 0.292751
v 1.542310 0.723753 0.292826
v 1.540830 0.723136 0.292752
v 1.516550 0.768211 0.292827
v 1.161190 0.621505 0.296555
v 1.167640 0.596048 0.297794
v 1.160790 0.621451 0.297838
v 1.174490 0.570646 0.297838
v 1.174730 0.570743 0.296968
v 1.385510 0.839374 0.467114
v 1.386460 0.839270 0.469358
v 1.385620 0.839374 0.467131
v 1.208230 0.533283 0.513811
v 1.208740 0.532407 0.513858
v 1.203990 0.532308 0.511910
v 1.209720 0.531434 0.513922
v 1.211330 0.529821 0.514736
v 1.212770 0.528394 0.516198
v 1.433240 0.473589 0.281441
v 1.433510 0.472969 0.280844
v 1.336140 0.459958 0.280826
v 1.533380 0.720034 0.281643
v 1.510710 0.533341 0.282087
v 1.374910 0.839356 0.479477
v 1.375120 0.839356 0.481346
v 1.375310 0.839356 0.482750
v 1.377880 0.834484 0.473659
v 1.376800 0.834482 0.476014
v 1.379450 0.834487 0.471704
v 1.381420 0.834490 0.470282
v 1.375690 0.839357 0.475065
v 1.391920 0.837696 0.469827
v 1.390700 0.838023 0.468703
v 1.187260 0.575966 0.279892
v 1.288410 0.472995 0.280999
v 1.174420 0.623260 0.279774
v 1.509770 0.534073 0.279824
v 1.533890 0.576683 0.280358
v 1.534650 0.576347 0.279417
v 1.245590 0.497720 0.281020
v 1.244910 0.496793 0.280555
v 1.389600 0.838314 0.468199
v 1.388190 0.838690 0.467501
v 1.392200 0.832577 0.485396
v 1.390670 0.832982 0.487351
v 1.512110 0.532272 0.279959
v 1.476960 0.497011 0.279958
v 1.493490 0.515680 0.279051
v 1.210880 0.532818 0.282086
v 1.245820 0.497998 0.293023
v 1.210880 0.532818 0.293023
v 1.228380 0.515385 0.282087
v 1.245820 0.497999 0.282086
v 1.475750 0.498592 0.279174
v 1.432890 0.474424 0.279514
v 1.474950 0.499611 0.280379
v 1.433290 0.473507 0.279084
v 1.267240 0.485687 0.293023
v 1.453440 0.809361 0.279913
v 1.431910 0.821145 0.281645
v 1.432170 0.821773 0.279765
v 1.209740 0.531928 0.279229
v 1.185100 0.575070 0.279075
v 1.336490 0.462515 0.281646
v 1.385350 0.462600 0.281647
v 1.546110 0.672864 0.281647
v 1.546220 0.672877 0.280804
v 1.213920 0.527249 0.518209
v 1.536910 0.575437 0.280058
v 1.548800 0.623661 0.280850
v 1.212940 0.522347 0.520873
v 1.385590 0.840545 0.294859
v 1.377070 0.834483 0.483804
v 1.378320 0.834485 0.486051
v 1.388770 0.833488 0.488773
v 1.386630 0.834059 0.489565
v 1.213200 0.522083 0.524153
v 1.385880 0.839331 0.489579
v 1.384460 0.839372 0.491607
v 1.385620 0.839374 0.491751
v 1.382960 0.839370 0.491379
v 1.381770 0.839368 0.490849
v 1.380370 0.839365 0.490178
v 1.379350 0.839363 0.489318
v 1.378130 0.839361 0.488245
v 1.377350 0.839360 0.487118
v 1.376340 0.839361 0.479091
v 1.376410 0.839358 0.485711
v 1.375910 0.839357 0.484399
v 1.384330 0.839372 0.467324
v 1.210300 0.762987 0.281216
v 1.185890 0.720118 0.282087
v 1.210480 0.762881 0.282087
v 1.185600 0.720234 0.281055
v 1.198410 0.741890 0.293023
v 1.210480 0.762881 0.293023
v 1.185890 0.720118 0.293023
v 1.198190 0.741500 0.293023
v 1.171780 0.622909 0.280553
v 1.211810 0.761866 0.280756
v 1.246090 0.796805 0.279964
v 1.246400 0.796392 0.281645
v 1.288670 0.820895 0.281646
v 1.536660 0.721398 0.280045
v 1.511570 0.764387 0.279392
v 1.511390 0.764231 0.280667
v 1.476490 0.497598 0.280770
v 1.287930 0.471801 0.280139
v 1.244970 0.496872 0.279206
v 1.175080 0.623360 0.281645
v 1.187810 0.576187 0.281641
v 1.227460 0.514448 0.279229
v 1.227950 0.514952 0.280951
v 1.210590 0.532584 0.281005
v 1.475000 0.797693 0.279356
v 1.474270 0.796790 0.281631
v 1.246920 0.499432 0.281647
v 1.289270 0.475078 0.281647
v 1.229640 0.516652 0.281640
v 1.212310 0.533919 0.281646
v 1.433770 0.472338 0.279222
v 1.476560 0.497541 0.279074
v 1.535640 0.720966 0.279028
v 1.360020 0.460766 0.282087
v 1.547530 0.623826 0.279257
v 1.535850 0.575872 0.279035
v 1.175000 0.672217 0.281643
v 1.174380 0.646809 0.279775
v 1.174350 0.672295 0.279786
v 1.175040 0.646820 0.281644
v 1.184290 0.720783 0.280124
v 1.171480 0.672674 0.279826
v 1.475890 0.498400 0.293023
v 1.432520 0.475328 0.281646
v 1.474780 0.499830 0.281647
v 1.432610 0.475091 0.280438
v 1.547380 0.673035 0.279294
v 1.335380 0.837063 0.279539
v 1.287310 0.824167 0.279876
v 1.287470 0.823788 0.280689
v 1.335450 0.836547 0.280754
v 1.287910 0.822724 0.281229
v 1.171820 0.622946 0.279251
v 1.546150 0.648441 0.281630
v 1.228070 0.780508 0.279090
v 1.211390 0.762182 0.279820
v 1.210580 0.762808 0.279141
v 1.376280 0.834481 0.478608
v 1.376380 0.834481 0.481265
v 1.392980 0.832370 0.475251
v 1.391770 0.832690 0.473004
v 1.390120 0.833129 0.471201
v 1.539740 0.722684 0.294859
v 1.514340 0.766510 0.294859
v 1.546340 0.698230 0.294859
v 1.478450 0.802268 0.294859
v 1.456500 0.814894 0.294859
v 1.514750 0.530250 0.294859
v 1.527380 0.552207 0.294859
v 1.206440 0.765973 0.294859
v 1.193810 0.744015 0.294859
v 1.174850 0.597993 0.294859
v 1.168250 0.622447 0.294859
v 1.552940 0.673776 0.294859
v 1.310470 0.833859 0.294859
v 1.334930 0.840457 0.294859
v 1.172140 0.646818 0.279103
v 1.551910 0.634035 0.475722
v 1.434540 0.827520 0.294859
v 1.286650 0.468703 0.294859
v 1.264690 0.481329 0.294859
v 1.335600 0.455677 0.294859
v 1.386260 0.455765 0.294859
v 1.435170 0.468962 0.294859
v 1.410710 0.462364 0.294859
v 1.168250 0.622693 0.294859
v 1.168160 0.673104 0.294859
v 1.181190 0.722058 0.294859
v 1.181440 0.573539 0.294859
v 1.286020 0.827260 0.294859
v 1.245050 0.798128 0.279032
v 1.549460 0.673299 0.279390
v 1.549370 0.648438 0.280584
v 1.549380 0.648439 0.279276
v 1.549500 0.623569 0.279317
v 1.335580 0.835520 0.281370
v 1.172650 0.672524 0.279026
v 1.173250 0.646816 0.282087
v 1.173060 0.623102 0.279073
v 1.454070 0.810470 0.282087
v 1.432690 0.823032 0.281140
v 1.432600 0.822814 0.282087
v 1.185370 0.720346 0.279036
v 1.387220 0.838949 0.491531
v 1.388390 0.838636 0.491313
v 1.393400 0.837301 0.486283
v 1.389810 0.838260 0.490615
v 1.393950 0.837156 0.486589
v 1.394620 0.836978 0.485498
v 1.395230 0.836818 0.483761
v 1.387000 0.839006 0.467348
v 1.541470 0.696915 0.293023
v 1.535040 0.720729 0.282082
v 1.535040 0.720728 0.293023
v 1.547890 0.673101 0.282084
v 1.547890 0.673102 0.293023
v 1.509270 0.534438 0.281645
v 1.535300 0.576104 0.293023
v 1.547980 0.623774 0.289138
v 1.547980 0.623774 0.293023
v 1.542610 0.603599 0.289138
v 1.542610 0.603599 0.283211
v 1.547980 0.623774 0.283211
v 1.511180 0.532985 0.279032
v 1.535640 0.721003 0.280870
v 1.211920 0.761785 0.281647
v 1.186520 0.719857 0.279413
v 1.454570 0.811338 0.280753
v 1.475360 0.798225 0.282074
v 1.476240 0.799351 0.280581
v 1.336370 0.461576 0.279523
v 1.336470 0.462318 0.280574
v 1.360020 0.461257 0.279291
v 1.385390 0.462365 0.280430
v 1.186140 0.575495 0.293023
v 1.187290 0.719542 0.280344
v 1.547560 0.648440 0.279230
v 1.548810 0.673259 0.280798
v 1.493300 0.515871 0.282087
v 1.510710 0.533341 0.293023
v 1.491460 0.779658 0.281647
v 1.508870 0.762303 0.281646
v 1.245300 0.797822 0.282087
v 1.492660 0.780989 0.282043
v 1.493880 0.782102 0.280238
v 1.510540 0.763577 0.281073
v 1.245160 0.798029 0.281146
v 1.245300 0.797822 0.293023
v 1.179970 0.598373 0.293023
v 1.173290 0.623120 0.293023
v 1.454610 0.811427 0.279106
v 1.432900 0.823490 0.279020
v 1.433240 0.824350 0.280355
v 1.244250 0.799192 0.279689
v 1.209430 0.763713 0.279156
v 1.385590 0.460887 0.279131
v 1.177790 0.689677 0.289138
v 1.173210 0.672448 0.293023
v 1.177790 0.689677 0.283211
v 1.173210 0.672448 0.283211
v 1.173210 0.672448 0.289138
v 1.288090 0.472189 0.279141
v 1.209210 0.763869 0.280453
v 1.187560 0.719431 0.281646
v 1.288030 0.822453 0.279138
v 1.288480 0.821350 0.280018
v 1.287520 0.823676 0.279097
v 1.244500 0.798877 0.280696
v 1.493220 0.781427 0.279015
v 1.476220 0.799379 0.279273
v 1.385080 0.836933 0.279215
v 1.360410 0.836121 0.279036
v 1.360410 0.836357 0.280777
v 1.385120 0.837121 0.280398
v 1.335560 0.835614 0.279077
v 1.360420 0.834458 0.279660
v 1.335720 0.834518 0.279559
v 1.384830 0.834625 0.279545
v 1.384940 0.835720 0.279074
v 1.384700 0.833708 0.281647
v 1.384710 0.833809 0.280840
v 1.384930 0.835498 0.282087
v 1.335600 0.835411 0.282087
v 1.384930 0.835498 0.293023
v 1.335600 0.835411 0.293023
v 1.335840 0.833622 0.281647
v 1.360420 0.833665 0.281647
v 1.384990 0.835786 0.281098
v 1.287980 0.822561 0.282087
v 1.311930 0.829024 0.293023
v 1.287980 0.822561 0.293023
v 1.335830 0.833736 0.280795
v 1.173240 0.653420 0.283211
v 1.173240 0.653420 0.289138
v 1.227390 0.781131 0.280788
v 1.547930 0.648555 0.281977
v 1.288620 0.473461 0.279124
v 1.336150 0.459969 0.279022
v 1.453170 0.808919 0.281647
v 1.453850 0.810597 0.293023
v 1.432600 0.822814 0.293023
v 1.475360 0.798224 0.293023
v 1.547950 0.639754 0.289138
v 1.547950 0.639754 0.283211
v 1.523000 0.554723 0.293023
v 1.238460 0.488353 0.296392
v 1.201560 0.525660 0.295667
v 1.239020 0.489075 0.294910
v 1.360020 0.459603 0.279089
v 1.408860 0.829130 0.293023
v 1.242730 0.493955 0.294859
v 1.216330 0.537014 0.659462
v 1.192490 0.578138 0.659462
v 1.186050 0.602018 0.659462
v 1.180110 0.624030 0.659462
v 1.180030 0.671563 0.659462
v 1.192250 0.717497 0.659462
v 1.204110 0.738130 0.659462
v 1.215950 0.758704 0.659462
v 1.249500 0.792373 0.659462
v 1.312700 0.822168 0.659462
v 1.336510 0.828594 0.659462
v 1.384050 0.828677 0.659462
v 1.429980 0.816455 0.659462
v 1.504860 0.759208 0.659462
v 1.250000 0.503462 0.659462
v 1.270990 0.491391 0.659462
v 1.291210 0.479768 0.659462
v 1.337140 0.467545 0.659462
v 1.384680 0.467628 0.659462
v 1.407760 0.473858 0.659462
v 1.430570 0.480011 0.659462
v 1.517010 0.557985 0.659462
v 1.528940 0.578725 0.659462
v 1.541160 0.624660 0.659462
v 1.541080 0.672193 0.659462
v 1.534890 0.695139 0.659462
v 1.528690 0.718085 0.659462
v 1.239600 0.805238 0.295526
v 1.284510 0.830886 0.295094
v 1.284330 0.831333 0.295784
v 1.386770 0.451888 0.295079
v 1.335220 0.452769 0.294378
v 1.335090 0.451827 0.295052
v 1.386650 0.452860 0.294377
v 1.436570 0.832452 0.294098
v 1.458280 0.817989 0.293040
v 1.436190 0.831511 0.293387
v 1.459290 0.819761 0.294390
v 1.481080 0.805696 0.293386
v 1.481920 0.806790 0.294429
v 1.335050 0.451397 0.293387
v 1.387000 0.450174 0.294374
v 1.334870 0.450066 0.294390
v 1.386830 0.451488 0.293386
v 1.206850 0.529712 0.294859
v 1.438060 0.462012 0.305625
v 1.483590 0.488403 0.297838
v 1.483590 0.488403 0.305625
v 1.438060 0.462012 0.297838
v 1.238220 0.487941 0.305624
v 1.279210 0.458145 0.305624
v 1.283840 0.461710 0.305624
v 1.275540 0.456487 0.305624
v 1.269770 0.457541 0.305625
v 1.241650 0.473718 0.305625
v 1.237460 0.482275 0.301190
v 1.241740 0.473659 0.297838
v 1.269740 0.457559 0.297838
v 1.238220 0.487941 0.297838
v 1.274550 0.456451 0.297846
v 1.279260 0.458182 0.297838
v 1.259730 0.465740 0.297813
v 1.254310 0.470470 0.297837
v 1.283840 0.461710 0.297838
v 1.259760 0.471408 0.297838
v 1.238930 0.476239 0.297837
v 1.260120 0.468861 0.295770
v 1.258790 0.471203 0.295771
v 1.259350 0.470760 0.355988
v 1.259710 0.470289 0.295775
v 1.259920 0.469875 0.355988
v 1.260110 0.468840 0.355988
v 1.258150 0.471470 0.355988
v 1.257390 0.466182 0.295774
v 1.257740 0.466208 0.355988
v 1.256690 0.466283 0.355988
v 1.257460 0.471569 0.295774
v 1.256750 0.471485 0.355988
v 1.255130 0.467463 0.355987
v 1.254930 0.467877 0.295774
v 1.255500 0.466990 0.295774
v 1.255540 0.470801 0.355988
v 1.255110 0.470253 0.295774
v 1.254950 0.469934 0.355988
v 1.255760 0.466764 0.355988
v 1.256340 0.466396 0.295786
v 1.256100 0.471226 0.295773
v 1.259740 0.467505 0.295774
v 1.258760 0.466582 0.295610
v 1.254730 0.468912 0.295774
v 1.254730 0.468904 0.355988
v 1.258740 0.466526 0.355988
v 1.259740 0.467498 0.355988
v 1.203010 0.768595 0.293388
v 1.239150 0.805784 0.293802
v 1.239790 0.804975 0.293204
v 1.436280 0.831730 0.296069
v 1.458900 0.819076 0.297602
v 1.436400 0.832019 0.297596
v 1.458440 0.818313 0.295082
v 1.436880 0.833205 0.294936
v 1.162150 0.621633 0.294936
v 1.167690 0.673165 0.294519
v 1.167530 0.622352 0.294386
v 1.166630 0.673303 0.294154
v 1.163420 0.621803 0.306212
v 1.163330 0.673732 0.297604
v 1.163330 0.673730 0.306222
v 1.163420 0.621803 0.297596
v 1.546690 0.725577 0.305625
v 1.520300 0.771103 0.305624
v 1.519770 0.770697 0.306333
v 1.240100 0.804577 0.294665
v 1.203890 0.767921 0.294510
v 1.240890 0.803573 0.294158
v 1.551000 0.699487 0.297596
v 1.557760 0.674418 0.297600
v 1.334770 0.449257 0.295383
v 1.387160 0.448932 0.296094
v 1.334710 0.448814 0.296145
v 1.387110 0.449348 0.295383
v 1.283930 0.462123 0.296555
v 1.334660 0.448463 0.296968
v 1.386450 0.847343 0.306338
v 1.333930 0.847919 0.305624
v 1.334030 0.847235 0.306351
v 1.386560 0.848011 0.305624
v 1.283780 0.461743 0.297838
v 1.334630 0.448212 0.297838
v 1.514910 0.766953 0.294385
v 1.479560 0.803718 0.294145
v 1.478890 0.802841 0.294387
v 1.515790 0.767627 0.294145
v 1.559990 0.674718 0.296555
v 1.559450 0.622285 0.295383
v 1.559030 0.674590 0.294936
v 1.559890 0.622227 0.296145
v 1.517760 0.769145 0.293388
v 1.543730 0.724342 0.293386
v 1.483430 0.488604 0.296968
v 1.239090 0.489202 0.306597
v 1.262280 0.477141 0.306235
v 1.284520 0.463537 0.306552
v 1.560240 0.622181 0.296968
v 1.166990 0.673256 0.292752
v 1.168250 0.622447 0.293023
v 1.167080 0.622291 0.292752
v 1.168160 0.673104 0.293023
v 1.239230 0.805711 0.306212
v 1.284150 0.831753 0.297610
v 1.284150 0.831753 0.306212
v 1.239230 0.805711 0.297610
v 1.436990 0.833482 0.306518
v 1.437410 0.834480 0.305625
v 1.553550 0.700174 0.305625
v 1.546690 0.725577 0.297838
v 1.553540 0.700180 0.297813
v 1.560400 0.674771 0.305625
v 1.560400 0.674771 0.297838
v 1.437250 0.834099 0.296555
v 1.460220 0.821359 0.297813
v 1.459820 0.820667 0.295762
v 1.482870 0.808046 0.296968
v 1.482530 0.807605 0.295762
v 1.309550 0.837306 0.293040
v 1.284070 0.831944 0.293878
v 1.309010 0.839269 0.294392
v 1.334360 0.844734 0.293386
v 1.436400 0.832019 0.306214
v 1.458900 0.819078 0.306215
v 1.481410 0.806138 0.306232
v 1.546960 0.571296 0.305624
v 1.560490 0.622149 0.297838
v 1.560490 0.622149 0.305624
v 1.546960 0.571296 0.297838
v 1.334630 0.448213 0.305631
v 1.334860 0.449872 0.306598
v 1.242730 0.493955 0.293023
v 1.264670 0.481294 0.293017
v 1.242020 0.493019 0.292752
v 1.286200 0.467611 0.292752
v 1.286650 0.468703 0.293023
v 1.173470 0.697900 0.294192
v 1.174670 0.697581 0.294859
v 1.180030 0.722538 0.294192
v 1.386210 0.845372 0.297605
v 1.386210 0.845372 0.306212
v 1.436010 0.831073 0.295015
v 1.284300 0.463017 0.294936
v 1.203060 0.768571 0.295525
v 1.177100 0.723748 0.295796
v 1.190930 0.745669 0.294598
v 1.386140 0.844826 0.293387
v 1.435600 0.830097 0.292827
v 1.385940 0.843309 0.292827
v 1.520730 0.525677 0.305624
v 1.550530 0.566670 0.305624
v 1.552180 0.563002 0.305624
v 1.551130 0.557228 0.305625
v 1.534950 0.529113 0.305625
v 1.526400 0.524924 0.301190
v 1.535010 0.529200 0.297838
v 1.551110 0.557198 0.297838
v 1.520730 0.525677 0.297838
v 1.552220 0.562007 0.297846
v 1.550490 0.566715 0.297838
v 1.542930 0.547188 0.297813
v 1.538200 0.541768 0.297837
v 1.537270 0.547218 0.297838
v 1.532430 0.526390 0.297837
v 1.539460 0.547564 0.295770
v 1.539830 0.547575 0.355988
v 1.540520 0.547476 0.295774
v 1.537470 0.546253 0.295771
v 1.537910 0.546806 0.355988
v 1.538380 0.547174 0.295775
v 1.538800 0.547376 0.355988
v 1.537330 0.545939 0.355988
v 1.542390 0.544139 0.295783
v 1.542410 0.545544 0.355988
v 1.542390 0.544150 0.355988
v 1.542410 0.545551 0.295774
v 1.541350 0.542663 0.295770
v 1.541670 0.542952 0.355988
v 1.540360 0.542247 0.355987
v 1.541950 0.546492 0.355988
v 1.541720 0.546766 0.295774
v 1.537500 0.543546 0.295612
v 1.539760 0.542188 0.295774
v 1.538420 0.542567 0.295774
v 1.537100 0.544918 0.295774
v 1.539410 0.542222 0.355988
v 1.537100 0.544910 0.355988
v 1.537450 0.543559 0.355988
v 1.541170 0.547197 0.355988
v 1.538420 0.542563 0.355988
v 1.411610 0.459052 0.294672
v 1.436820 0.464990 0.295599
v 1.436400 0.466000 0.294510
v 1.388130 0.833659 0.469966
v 1.308870 0.839780 0.306570
v 1.283130 0.834210 0.305624
v 1.283430 0.833468 0.306398
v 1.437020 0.464517 0.296973
v 1.436960 0.464659 0.296357
v 1.335240 0.452914 0.292827
v 1.386630 0.453006 0.292826
v 1.334300 0.845170 0.296659
v 1.553660 0.673870 0.294386
v 1.547540 0.698553 0.294192
v 1.540410 0.722961 0.294387
v 1.552480 0.724827 0.305624
v 1.556250 0.723405 0.305624
v 1.559590 0.718577 0.305625
v 1.568030 0.687258 0.305625
v 1.564940 0.678245 0.301190
v 1.568010 0.687361 0.297838
v 1.559600 0.718543 0.297838
v 1.556980 0.722728 0.297846
v 1.552430 0.724832 0.297838
v 1.560890 0.705680 0.297813
v 1.561380 0.698504 0.297837
v 1.556860 0.701694 0.297838
v 1.568170 0.683550 0.297837
v 1.558170 0.703494 0.295770
v 1.558980 0.704179 0.295774
v 1.557950 0.703151 0.355990
v 1.558990 0.704182 0.355988
v 1.557690 0.701156 0.295771
v 1.557610 0.701860 0.355988
v 1.557680 0.702454 0.295775
v 1.557960 0.700509 0.355988
v 1.561970 0.703964 0.295774
v 1.561680 0.704147 0.355988
v 1.562650 0.703148 0.355988
v 1.558370 0.699953 0.295774
v 1.558930 0.699513 0.355988
v 1.562770 0.700774 0.295774
v 1.563000 0.701796 0.355988
v 1.562560 0.700365 0.355987
v 1.562990 0.702171 0.295775
v 1.560340 0.704526 0.355988
v 1.560330 0.704526 0.295774
v 1.559580 0.699236 0.295773
v 1.559920 0.699173 0.355988
v 1.562180 0.699902 0.295774
v 1.560970 0.699221 0.295774
v 1.561910 0.699681 0.355988
v 1.560970 0.699223 0.355988
v 1.560320 0.701851 0.294449
v 1.517010 0.768569 0.294602
v 1.542450 0.723809 0.294377
v 1.165480 0.622078 0.292827
v 1.165400 0.673463 0.292826
v 1.237600 0.807820 0.297838
v 1.200460 0.770545 0.305624
v 1.237600 0.807820 0.305624
v 1.200460 0.770545 0.297838
v 1.201860 0.769415 0.294458
v 1.204980 0.767083 0.294145
v 1.192740 0.744635 0.294192
v 1.205860 0.766414 0.294386
v 1.202670 0.768854 0.296617
v 1.239290 0.805623 0.296665
v 1.285000 0.464711 0.293388
v 1.284610 0.463771 0.294098
v 1.437220 0.464037 0.294098
v 1.437590 0.463160 0.295118
v 1.482250 0.490141 0.294098
v 1.434990 0.828611 0.292752
v 1.385740 0.841715 0.292752
v 1.284230 0.831576 0.296394
v 1.284170 0.831706 0.296973
v 1.386560 0.848011 0.297838
v 1.333930 0.847919 0.297838
v 1.481960 0.490511 0.297603
v 1.437040 0.464469 0.306212
v 1.437040 0.464469 0.297610
v 1.480230 0.804597 0.294377
v 1.283880 0.840002 0.305624
v 1.285300 0.843768 0.305624
v 1.290130 0.847105 0.305625
v 1.321450 0.855547 0.305625
v 1.330460 0.852458 0.301190
v 1.321340 0.855527 0.297838
v 1.290160 0.847114 0.297838
v 1.285980 0.844497 0.297846
v 1.283870 0.839943 0.297838
v 1.303050 0.847444 0.297807
v 1.306030 0.851151 0.297838
v 1.310210 0.848905 0.297836
v 1.283130 0.834210 0.297838
v 1.307010 0.844379 0.297838
v 1.325150 0.855690 0.297837
v 1.305210 0.845690 0.295770
v 1.304940 0.845942 0.355988
v 1.304530 0.846499 0.295774
v 1.306080 0.845243 0.355990
v 1.307550 0.845205 0.295771
v 1.307540 0.845212 0.355988
v 1.306250 0.845200 0.295775
v 1.304990 0.849745 0.295774
v 1.304560 0.849198 0.355988
v 1.305560 0.850172 0.355988
v 1.305890 0.850344 0.295787
v 1.307490 0.850440 0.355987
v 1.308190 0.850172 0.295772
v 1.306900 0.850514 0.295774
v 1.304400 0.848878 0.295774
v 1.304180 0.847857 0.355988
v 1.304180 0.847849 0.295774
v 1.309540 0.848139 0.355988
v 1.309220 0.849136 0.295774
v 1.309220 0.849143 0.355988
v 1.309540 0.848139 0.295774
v 1.306550 0.850488 0.355988
v 1.309470 0.847092 0.295775
v 1.308750 0.845891 0.295774
v 1.308530 0.849933 0.355988
v 1.308760 0.845896 0.355988
v 1.309470 0.847096 0.355988
v 1.304380 0.846822 0.355988
v 1.306850 0.847836 0.294449
v 1.552550 0.699904 0.306523
v 1.545980 0.725268 0.306391
v 1.557760 0.674420 0.306214
v 1.558570 0.622376 0.306559
v 1.559330 0.674624 0.306518
v 1.283880 0.832422 0.306546
v 1.333970 0.847642 0.296900
v 1.334010 0.847317 0.296145
v 1.283290 0.833844 0.296576
v 1.168420 0.596258 0.295762
v 1.169430 0.596538 0.294391
v 1.175240 0.570958 0.295762
v 1.176190 0.571343 0.294429
v 1.285950 0.467012 0.294145
v 1.285530 0.465990 0.294378
v 1.335370 0.453865 0.294145
v 1.434820 0.828190 0.294386
v 1.385680 0.841263 0.294386
v 1.167460 0.699494 0.305626
v 1.161390 0.673991 0.306361
v 1.168440 0.699242 0.306513
v 1.174230 0.724926 0.305626
v 1.175250 0.724501 0.306527
v 1.174460 0.724830 0.296968
v 1.200870 0.770190 0.296254
v 1.544500 0.572311 0.297604
v 1.518620 0.527295 0.297604
v 1.178740 0.572412 0.294377
v 1.171040 0.596987 0.295083
v 1.177840 0.572031 0.295079
v 1.164440 0.621929 0.295015
v 1.165340 0.622059 0.294379
v 1.519660 0.526486 0.306567
v 1.261620 0.475972 0.295036
v 1.261170 0.475212 0.296556
v 1.543790 0.572602 0.295284
v 1.555940 0.622740 0.294378
v 1.542710 0.573046 0.294377
v 1.556900 0.622620 0.295076
v 1.238100 0.807178 0.295762
v 1.483030 0.808248 0.305433
v 1.442030 0.838044 0.305433
v 1.437410 0.834480 0.305433
v 1.445700 0.839702 0.305433
v 1.451480 0.838648 0.305434
v 1.479590 0.822472 0.305434
v 1.483780 0.813914 0.300999
v 1.479500 0.822531 0.297647
v 1.451510 0.838630 0.297647
v 1.483030 0.808248 0.297647
v 1.446700 0.839739 0.297655
v 1.441990 0.838007 0.297647
v 1.461520 0.830449 0.297622
v 1.466940 0.825720 0.297646
v 1.437410 0.834480 0.297647
v 1.461490 0.824784 0.297647
v 1.482310 0.819951 0.297646
v 1.461140 0.826981 0.295578
v 1.461230 0.828038 0.295582
v 1.461230 0.826583 0.355799
v 1.461230 0.828045 0.355797
v 1.461670 0.825703 0.355797
v 1.462450 0.824987 0.295579
v 1.462450 0.824995 0.355797
v 1.461530 0.825900 0.295583
v 1.463850 0.830007 0.295582
v 1.463500 0.829981 0.355797
v 1.464560 0.829906 0.355797
v 1.466120 0.828727 0.355796
v 1.466320 0.828312 0.295582
v 1.465750 0.829199 0.295582
v 1.465480 0.829425 0.355797
v 1.464900 0.829793 0.295594
v 1.465160 0.825014 0.295419
v 1.461710 0.828974 0.295582
v 1.462500 0.829660 0.295582
v 1.466520 0.827277 0.295582
v 1.466140 0.825936 0.295582
v 1.463790 0.824620 0.295582
v 1.463790 0.824620 0.355797
v 1.466520 0.827285 0.355797
v 1.462510 0.829664 0.355797
v 1.465150 0.824966 0.355797
v 1.461710 0.828974 0.355797
v 1.466140 0.825942 0.355797
v 1.558640 0.622389 0.294390
v 1.558230 0.674481 0.294098
v 1.479380 0.493834 0.294416
v 1.515400 0.529739 0.294342
v 1.286370 0.468033 0.294386
v 1.335510 0.454959 0.294386
v 1.284700 0.830469 0.293015
v 1.285100 0.829460 0.292766
v 1.238880 0.806160 0.306511
v 1.284790 0.464203 0.306212
v 1.334970 0.450851 0.306212
v 1.160910 0.674064 0.297076
v 1.161270 0.674008 0.296196
v 1.178220 0.723280 0.294508
v 1.386840 0.451393 0.295784
v 1.481770 0.490758 0.296069
v 1.200630 0.770398 0.297035
v 1.237760 0.807618 0.296968
v 1.481550 0.491006 0.293338
v 1.480830 0.805372 0.295079
v 1.201580 0.525658 0.306436
v 1.174500 0.570646 0.305626
v 1.200890 0.525120 0.305627
v 1.175900 0.571233 0.306597
v 1.171220 0.698499 0.293040
v 1.177860 0.723432 0.293040
v 1.546450 0.698244 0.293005
v 1.554110 0.673931 0.292752
v 1.552940 0.673776 0.293023
v 1.539740 0.722684 0.293023
v 1.386500 0.453956 0.294145
v 1.241480 0.802788 0.292752
v 1.286020 0.827260 0.293023
v 1.242200 0.801855 0.293023
v 1.285570 0.828350 0.292752
v 1.177460 0.571881 0.293386
v 1.171400 0.597062 0.293040
v 1.334290 0.845281 0.297609
v 1.435170 0.468962 0.293023
v 1.479760 0.493400 0.292746
v 1.435620 0.467873 0.292752
v 1.478990 0.494367 0.293023
v 1.516280 0.529065 0.294145
v 1.480280 0.492694 0.294152
v 1.517120 0.528427 0.294406
v 1.437410 0.834480 0.297838
v 1.460220 0.821364 0.305625
v 1.483030 0.808248 0.297838
v 1.483030 0.808248 0.305627
v 1.180360 0.573086 0.292752
v 1.178870 0.572468 0.292826
v 1.174730 0.597997 0.293004
v 1.519820 0.770733 0.296145
v 1.456540 0.814994 0.293005
v 1.479170 0.803203 0.292752
v 1.480150 0.804480 0.292826
v 1.334540 0.843363 0.294377
v 1.162690 0.621709 0.306563
v 1.411970 0.457703 0.306217
v 1.386900 0.450942 0.306212
v 1.387000 0.450239 0.306550
v 1.437480 0.463384 0.306594
v 1.436240 0.466389 0.292827
v 1.436820 0.464976 0.293387
v 1.480610 0.492223 0.292808
v 1.238570 0.806563 0.294697
v 1.335600 0.455677 0.293023
v 1.386410 0.454598 0.292752
v 1.335450 0.454508 0.292752
v 1.386260 0.455765 0.293023
v 1.546460 0.725479 0.296968
v 1.520100 0.770948 0.296968
v 1.163730 0.621843 0.296069
v 1.164120 0.673629 0.295274
v 1.163620 0.673703 0.296113
v 1.554840 0.622882 0.294145
v 1.554750 0.674017 0.294145
v 1.174220 0.724927 0.297838
v 1.160690 0.674074 0.305624
v 1.167460 0.699500 0.297838
v 1.160690 0.674074 0.297838
v 1.188180 0.747256 0.306481
v 1.387250 0.448304 0.297838
v 1.387240 0.448558 0.296968
v 1.559820 0.622217 0.306338
v 1.240500 0.804061 0.292826
v 1.520420 0.525938 0.306134
v 1.531280 0.549959 0.296070
v 1.544310 0.572388 0.296357
v 1.514340 0.766510 0.293023
v 1.478450 0.802268 0.293023
v 1.386280 0.846095 0.306559
v 1.238160 0.487974 0.297838
v 1.260970 0.474859 0.297838
v 1.200890 0.525119 0.297838
v 1.241760 0.802401 0.294399
v 1.412500 0.455751 0.306297
v 1.387120 0.449240 0.306461
v 1.204520 0.527921 0.294379
v 1.203600 0.527213 0.295290
v 1.412180 0.456954 0.294392
v 1.411640 0.458916 0.293040
v 1.528450 0.551588 0.294192
v 1.555790 0.622759 0.292827
v 1.543990 0.572520 0.293386
v 1.542580 0.573102 0.292826
v 1.557310 0.622562 0.293387
v 1.437830 0.462573 0.296145
v 1.483080 0.489072 0.306420
v 1.285590 0.466125 0.292827
v 1.410770 0.462263 0.293004
v 1.334290 0.845283 0.306217
v 1.283530 0.833278 0.295442
v 1.180780 0.573261 0.294387
v 1.173650 0.597669 0.294192
v 1.179760 0.572837 0.294145
v 1.166430 0.622205 0.294145
v 1.437960 0.462246 0.296968
v 1.518360 0.527486 0.296052
v 1.530350 0.550497 0.294672
v 1.239780 0.490089 0.306212
v 1.262280 0.477146 0.297605
v 1.239780 0.490089 0.297591
v 1.284790 0.464203 0.297604
v 1.459700 0.820469 0.306523
v 1.411040 0.461165 0.294192
v 1.386350 0.455050 0.294387
v 1.435870 0.467274 0.294145
v 1.435450 0.468293 0.294386
v 1.160790 0.621451 0.305624
v 1.168760 0.596350 0.306568
v 1.161570 0.621552 0.306400
v 1.202990 0.526743 0.306212
v 1.334770 0.841624 0.292752
v 1.385590 0.840545 0.293023
v 1.334930 0.840457 0.293023
v 1.541430 0.723385 0.294145
v 1.529770 0.550830 0.292827
v 1.457120 0.815970 0.294192
v 1.263300 0.478914 0.292812
v 1.241040 0.491742 0.292826
v 1.167640 0.596048 0.305624
v 1.202330 0.526230 0.306571
v 1.202450 0.526323 0.294291
v 1.239490 0.489717 0.294098
v 1.240380 0.490881 0.295040
v 1.240950 0.491625 0.294377
v 1.201090 0.525274 0.296968
v 1.240110 0.490526 0.293386
v 1.262210 0.477017 0.293837
v 1.516250 0.529112 0.292725
v 1.527460 0.552139 0.293005
v 1.541090 0.573715 0.292752
v 1.174630 0.697580 0.293014
v 1.176950 0.571669 0.297604
v 1.176950 0.571668 0.306212
v 1.202990 0.526743 0.297610
v 1.239970 0.490337 0.296069
v 1.176730 0.723893 0.296973
v 1.264070 0.480252 0.294192
v 1.242290 0.493381 0.294387
v 1.241620 0.492504 0.294145
v 1.557850 0.622492 0.306212
v 1.551000 0.699487 0.306214
v 1.203090 0.526820 0.296621
v 1.262750 0.477909 0.295083
v 1.387250 0.448305 0.305627
v 1.181440 0.573539 0.293023
v 1.203430 0.527078 0.293388
v 1.555700 0.674144 0.292827
v 1.557220 0.674346 0.293388
v 1.533850 0.548487 0.305624
v 1.533850 0.548487 0.297838
v 1.519470 0.526641 0.294697
v 1.544930 0.572132 0.294098
v 1.545500 0.571900 0.294697
v 1.518860 0.769993 0.306571
v 1.386900 0.450942 0.297610
v 1.284910 0.464492 0.296069
v 1.285170 0.465149 0.295015
v 1.515370 0.529775 0.292815
v 1.205910 0.528992 0.292752
v 1.204640 0.528012 0.292827
v 1.171470 0.698434 0.294598
v 1.284860 0.830020 0.294406
v 1.309530 0.837327 0.294795
v 1.536390 0.543999 0.339457
v 1.537970 0.541516 0.345179
v 1.536160 0.546355 0.347199
v 1.532450 0.561027 0.610539
v 1.535000 0.559238 0.607797
v 1.532450 0.561027 0.607786
v 1.538250 0.544464 0.538972
v 1.545030 0.539941 0.607786
v 1.543500 0.538681 0.607786
v 1.537490 0.537178 0.345208
v 1.539620 0.537239 0.345208
v 1.534710 0.542463 0.414023
v 1.530950 0.558418 0.414023
v 1.535050 0.559331 0.345196
v 1.532530 0.561163 0.345208
v 1.544100 0.552780 0.345208
v 1.538140 0.553245 0.414023
v 1.536030 0.542870 0.538972
v 1.541680 0.537786 0.607786
v 1.539660 0.537297 0.607786
v 1.545500 0.551107 0.345208
v 1.536970 0.547257 0.609456
v 1.537830 0.542131 0.608828
v 1.542670 0.545008 0.607747
v 1.533340 0.542343 0.414023
v 1.535340 0.537547 0.345208
v 1.531970 0.542518 0.414023
v 1.523800 0.545996 0.414023
v 1.522380 0.543523 0.345208
v 1.525210 0.542215 0.345184
v 1.522380 0.543523 0.342455
v 1.547260 0.545212 0.345208
v 1.539620 0.546838 0.414023
v 1.546940 0.543255 0.345208
v 1.536030 0.542870 0.414023
v 1.537220 0.543548 0.414023
v 1.538250 0.544464 0.414023
v 1.539060 0.545578 0.414023
v 1.539890 0.548188 0.414023
v 1.539870 0.549565 0.414023
v 1.539560 0.550906 0.414023
v 1.538980 0.552152 0.414023
v 1.532530 0.561163 0.342455
v 1.546520 0.549230 0.345208
v 1.537520 0.537235 0.607786
v 1.535370 0.537604 0.607786
v 1.531970 0.542518 0.538972
v 1.537220 0.543548 0.538972
v 1.539060 0.545578 0.538972
v 1.539620 0.546838 0.538972
v 1.546210 0.541508 0.607786
v 1.542620 0.542683 0.347279
v 1.542060 0.548027 0.347270
v 1.170190 0.596736 0.306213
v 1.554200 0.622966 0.292752
v 1.553030 0.623118 0.293023
v 1.545990 0.571697 0.295383
v 1.546420 0.571505 0.296208
v 1.557850 0.622492 0.297605
v 1.386520 0.847759 0.296968
v 1.206270 0.529270 0.294385
v 1.205400 0.528596 0.294145
v 1.546730 0.571392 0.296968
v 1.206850 0.529712 0.293023
v 1.557540 0.622532 0.296070
v 1.177240 0.571788 0.296070
v 1.552770 0.699965 0.295762
v 1.514750 0.530250 0.293023
v 1.540000 0.574164 0.293023
v 1.411970 0.457717 0.297451
v 1.334560 0.843217 0.292826
v 1.555850 0.674163 0.294379
v 1.283740 0.832746 0.294697
v 1.170000 0.698807 0.306218
v 1.434540 0.827520 0.293023
v 1.206440 0.765973 0.293023
v 1.205500 0.766690 0.292752
v 1.170190 0.596736 0.297605
v 1.308530 0.841065 0.297838
v 1.546320 0.571569 0.306356
v 1.541690 0.573468 0.294145
v 1.164980 0.673518 0.294506
v 1.310430 0.833960 0.293005
v 1.482550 0.807642 0.306391
v 1.549790 0.699160 0.293040
v 1.170660 0.729552 0.305624
v 1.169000 0.733221 0.305624
v 1.170060 0.738994 0.305625
v 1.186230 0.767109 0.305625
v 1.193770 0.771391 0.305634
v 1.186170 0.767022 0.297838
v 1.170070 0.739024 0.297838
v 1.194380 0.771325 0.297676
v 1.168970 0.734215 0.297846
v 1.170700 0.729507 0.297838
v 1.178950 0.748367 0.297807
v 1.178440 0.753101 0.297838
v 1.182980 0.754467 0.297836
v 1.183920 0.749004 0.297838
v 1.188750 0.769832 0.297837
v 1.181720 0.748659 0.295770
v 1.181360 0.748647 0.355988
v 1.180670 0.748746 0.295774
v 1.183720 0.749969 0.295771
v 1.183280 0.749416 0.355988
v 1.182800 0.749048 0.295775
v 1.182390 0.748846 0.355988
v 1.183990 0.750616 0.355988
v 1.178910 0.752428 0.295787
v 1.184080 0.751305 0.295774
v 1.184000 0.752011 0.355988
v 1.180660 0.753937 0.295772
v 1.179510 0.753271 0.355988
v 1.180830 0.753975 0.355987
v 1.179500 0.753264 0.295774
v 1.183320 0.753225 0.355988
v 1.182120 0.753933 0.295774
v 1.182120 0.753935 0.355988
v 1.183560 0.752955 0.295774
v 1.178920 0.752398 0.355988
v 1.179730 0.749229 0.295774
v 1.179040 0.750018 0.295774
v 1.178700 0.751368 0.295774
v 1.179040 0.750025 0.355988
v 1.178700 0.751376 0.355988
v 1.180010 0.749026 0.355988
v 1.181370 0.751338 0.294449
v 1.551760 0.699684 0.294390
v 1.520300 0.771103 0.297838
v 1.189610 0.746433 0.293740
v 1.193720 0.744083 0.293005
v 1.181010 0.722127 0.292997
v 1.168700 0.571395 0.305624
v 1.164940 0.572817 0.305624
v 1.161600 0.577645 0.305625
v 1.153160 0.608964 0.305625
v 1.156250 0.617978 0.301190
v 1.153180 0.608861 0.297838
v 1.161590 0.577679 0.297838
v 1.164210 0.573495 0.297846
v 1.168760 0.571390 0.297838
v 1.160300 0.590542 0.297813
v 1.159810 0.597718 0.297837
v 1.164330 0.594527 0.297838
v 1.153020 0.612672 0.297837
v 1.163020 0.592728 0.295770
v 1.162210 0.592043 0.295774
v 1.163240 0.593071 0.355990
v 1.162200 0.592040 0.355988
v 1.163500 0.595066 0.295771
v 1.163580 0.594362 0.355988
v 1.163500 0.593768 0.295775
v 1.163230 0.595712 0.355988
v 1.162810 0.596269 0.295774
v 1.162260 0.596708 0.355988
v 1.158260 0.595012 0.355987
v 1.158410 0.595448 0.295774
v 1.158190 0.594417 0.295774
v 1.158270 0.593728 0.355988
v 1.158710 0.592772 0.295782
v 1.161610 0.596987 0.295773
v 1.161270 0.597050 0.355988
v 1.161200 0.591722 0.295774
v 1.160160 0.591796 0.295774
v 1.159010 0.596320 0.295774
v 1.160220 0.597001 0.295774
v 1.159000 0.596315 0.355988
v 1.160150 0.591798 0.355988
v 1.158950 0.592511 0.355988
v 1.161200 0.591722 0.355988
v 1.160210 0.596999 0.355988
v 1.160870 0.594371 0.294449
v 1.204220 0.767666 0.292827
v 1.510310 0.763404 0.293023
v 1.335600 0.835411 0.293174
v 1.210480 0.762881 0.293174
v 1.287980 0.822561 0.293174
v 1.185890 0.720118 0.293174
v 1.435640 0.452370 0.297838
v 1.437180 0.455207 0.306065
v 1.431090 0.449130 0.305624
v 1.191420 0.745392 0.292827
v 1.414280 0.451098 0.355990
v 1.413320 0.450896 0.295774
v 1.412850 0.450665 0.355988
v 1.414460 0.451091 0.295775
v 1.415750 0.450687 0.295772
v 1.415590 0.450772 0.355987
v 1.414330 0.448341 0.294049
v 1.411620 0.448325 0.295775
v 1.412060 0.449901 0.295773
v 1.412000 0.447024 0.295772
v 1.411620 0.448500 0.355990
v 1.411910 0.447180 0.355987
v 1.411790 0.453109 0.297838
v 1.391240 0.443190 0.297838
v 1.397280 0.440437 0.297840
v 1.408840 0.447202 0.297802
v 1.399840 0.440695 0.297838
v 1.425790 0.456187 0.297838
v 1.430570 0.452776 0.297839
v 1.431030 0.449109 0.297838
v 1.427920 0.448272 0.297838
v 1.399770 0.440676 0.305627
v 1.393450 0.441413 0.305624
v 1.390820 0.443679 0.305624
v 1.415090 0.445822 0.295775
v 1.413450 0.445836 0.295770
v 1.412650 0.446290 0.355988
v 1.413480 0.445841 0.355987
v 1.412060 0.449869 0.355987
v 1.416780 0.447344 0.355988
v 1.417010 0.448127 0.295772
v 1.417010 0.448479 0.355987
v 1.416240 0.446518 0.295772
v 1.416120 0.446400 0.355987
v 1.414920 0.445773 0.355990
v 1.416630 0.449779 0.355990
v 1.416710 0.449627 0.295771
v 1.417770 0.451013 0.297826
v 1.415600 0.445195 0.297606
v 1.418690 0.446561 0.297810
v 1.418640 0.446031 0.291301
v 1.412010 0.444240 0.297839
v 1.412010 0.444243 0.291301
v 1.544470 0.705147 0.414023
v 1.556440 0.694628 0.414023
v 1.548210 0.691312 0.414023
v 1.553220 0.706575 0.414023
v 1.557530 0.695470 0.414023
v 1.558420 0.696525 0.414023
v 1.559060 0.697743 0.414023
v 1.559430 0.699070 0.414023
v 1.554580 0.706395 0.414023
v 1.559510 0.700445 0.414023
v 1.555880 0.705929 0.414023
v 1.559290 0.701805 0.414023
v 1.557050 0.705199 0.414023
v 1.558790 0.703089 0.414023
v 1.558030 0.704237 0.414023
v 1.558710 0.705486 0.347615
v 1.556240 0.702745 0.345212
v 1.558130 0.698783 0.347506
v 1.544470 0.705147 0.538972
v 1.543690 0.708053 0.607786
v 1.553220 0.706575 0.538972
v 1.548950 0.688558 0.342455
v 1.543650 0.708204 0.345208
v 1.543650 0.708204 0.342455
v 1.548950 0.688558 0.345208
v 1.546730 0.708696 0.345196
v 1.557760 0.710458 0.345208
v 1.562980 0.704327 0.343046
v 1.559930 0.710265 0.345208
v 1.567320 0.700002 0.345208
v 1.567520 0.701976 0.345208
v 1.561980 0.709660 0.345208
v 1.567240 0.703915 0.345208
v 1.563810 0.708670 0.345208
v 1.566500 0.705730 0.345208
v 1.565340 0.707340 0.345208
v 1.562340 0.693492 0.345208
v 1.551870 0.689634 0.345208
v 1.561260 0.698367 0.345155
v 1.564120 0.694752 0.345208
v 1.565590 0.696306 0.345208
v 1.566670 0.698083 0.345208
v 1.563610 0.701249 0.347151
v 1.554580 0.706395 0.538972
v 1.557740 0.710521 0.607786
v 1.559910 0.710329 0.607786
v 1.551870 0.689634 0.344619
v 1.566490 0.705794 0.607786
v 1.558790 0.703089 0.538972
v 1.558030 0.704237 0.538972
v 1.567220 0.703979 0.607786
v 1.551900 0.689529 0.608375
v 1.543690 0.708053 0.610539
v 1.548990 0.688407 0.610539
v 1.546750 0.708591 0.608375
v 1.556890 0.700467 0.342613
v 1.559320 0.705325 0.342967
v 1.560640 0.705482 0.613617
v 1.562260 0.705191 0.607771
v 1.556510 0.703506 0.607801
v 1.562380 0.699864 0.345309
v 1.546750 0.708591 0.607786
v 1.548990 0.688407 0.607786
v 1.562320 0.693556 0.607786
v 1.551900 0.689529 0.607786
v 1.548210 0.691312 0.538972
v 1.562120 0.698941 0.339485
v 1.561530 0.704449 0.607824
v 1.556720 0.700956 0.610544
v 1.562560 0.699196 0.607963
v 1.567310 0.700066 0.607786
v 1.559430 0.699070 0.538972
v 1.559510 0.700445 0.538972
v 1.561960 0.709723 0.607786
v 1.555880 0.705929 0.538972
v 1.567500 0.702040 0.607786
v 1.559290 0.701805 0.538972
v 1.562090 0.699135 0.609799
v 1.565330 0.707403 0.607786
v 1.557050 0.705199 0.538972
v 1.563800 0.708733 0.607786
v 1.558420 0.696525 0.538972
v 1.565570 0.696370 0.607786
v 1.557530 0.695470 0.538972
v 1.564100 0.694816 0.607786
v 1.559060 0.697743 0.538972
v 1.566650 0.698147 0.607786
v 1.556440 0.694628 0.538972
v 1.556970 0.699561 0.607786
v 1.546170 0.541451 0.345208
v 1.545000 0.539884 0.345208
v 1.543470 0.538624 0.345208
v 1.523800 0.545996 0.538972
v 1.533340 0.542343 0.538972
v 1.542430 0.542692 0.610753
v 1.546970 0.543312 0.607786
v 1.539380 0.549135 0.607796
v 1.525150 0.542126 0.607786
v 1.535840 0.545719 0.607779
v 1.547290 0.545269 0.607786
v 1.544130 0.552837 0.607786
v 1.547150 0.547292 0.607786
v 1.546550 0.549287 0.607786
v 1.545530 0.551164 0.607786
v 1.547110 0.547235 0.345208
v 1.541620 0.542153 0.339559
v 1.538180 0.548227 0.344085
v 1.539130 0.549079 0.345201
v 1.542830 0.546604 0.342741
v 1.530950 0.558418 0.538972
v 1.534710 0.542463 0.538972
v 1.539890 0.548188 0.538972
v 1.538140 0.553245 0.538972
v 1.539870 0.549565 0.538972
v 1.539560 0.550906 0.538972
v 1.538980 0.552152 0.538972
v 1.539310 0.542079 0.345262
v 1.541690 0.548265 0.613689
v 1.522300 0.543387 0.610539
v 1.522300 0.543387 0.607786
v 1.541650 0.537729 0.345208
v 1.525150 0.542126 0.608375
v 1.402010 0.456801 0.607799
v 1.400890 0.459713 0.610539
v 1.400890 0.459713 0.607786
v 1.410630 0.442052 0.607786
v 1.410230 0.449646 0.538972
v 1.411550 0.449278 0.538972
v 1.415570 0.449912 0.538972
v 1.416460 0.441484 0.607786
v 1.414290 0.449414 0.538972
v 1.412130 0.451770 0.348343
v 1.411600 0.446065 0.346567
v 1.416160 0.445096 0.347128
v 1.417360 0.451402 0.345399
v 1.407300 0.444604 0.607786
v 1.406040 0.446386 0.607786
v 1.407110 0.452263 0.538972
v 1.414460 0.441189 0.345208
v 1.416400 0.441467 0.345208
v 1.412930 0.449199 0.414023
v 1.412490 0.441382 0.345208
v 1.411550 0.449278 0.414023
v 1.410230 0.449646 0.414023
v 1.418210 0.442202 0.345208
v 1.415570 0.449912 0.414023
v 1.414290 0.449414 0.414023
v 1.408850 0.443137 0.607786
v 1.407950 0.451173 0.538972
v 1.409010 0.450288 0.538972
v 1.422940 0.450947 0.345208
v 1.420690 0.465055 0.345208
v 1.417630 0.464230 0.414023
v 1.421180 0.461979 0.345208
v 1.407240 0.444587 0.345208
v 1.407950 0.451173 0.414023
v 1.405970 0.446369 0.345208
v 1.421150 0.444891 0.345208
v 1.416720 0.450672 0.414023
v 1.419820 0.443361 0.345208
v 1.417680 0.451658 0.414023
v 1.408790 0.443120 0.345208
v 1.409010 0.450288 0.414023
v 1.407110 0.452263 0.414023
v 1.403800 0.460497 0.414023
v 1.401040 0.459754 0.345208
v 1.401040 0.459754 0.342455
v 1.402120 0.456831 0.345195
v 1.421080 0.461943 0.607812
v 1.420530 0.465014 0.610539
v 1.421180 0.461979 0.344619
v 1.422750 0.448772 0.345208
v 1.418880 0.454121 0.414023
v 1.422140 0.446723 0.345208
v 1.418410 0.452825 0.414023
v 1.417400 0.446247 0.607906
v 1.416850 0.446280 0.609451
v 1.411610 0.446641 0.610211
v 1.403800 0.460497 0.538972
v 1.416720 0.450672 0.538972
v 1.419890 0.443379 0.607786
v 1.418280 0.442219 0.607786
v 1.419060 0.455486 0.414023
v 1.420690 0.465055 0.342455
v 1.411400 0.451190 0.345208
v 1.414640 0.451698 0.607772
v 1.411440 0.451167 0.607871
v 1.416340 0.451722 0.613525
v 1.416530 0.452108 0.607790
v 1.417680 0.451658 0.538972
v 1.421220 0.444909 0.607786
v 1.412550 0.441399 0.607786
v 1.414520 0.441207 0.607786
v 1.412930 0.449199 0.538972
v 1.418410 0.452825 0.538972
v 1.418880 0.454121 0.538972
v 1.422810 0.448790 0.607786
v 1.417630 0.464230 0.538972
v 1.419060 0.455486 0.538972
v 1.411960 0.446107 0.339516
v 1.418110 0.448594 0.339273
v 1.420530 0.465014 0.607786
v 1.410570 0.442035 0.345208
v 1.413340 0.451916 0.342972
v 1.411790 0.445723 0.607783
v 1.422210 0.446740 0.607786
v 1.423000 0.450964 0.607786
v 1.411520 0.447565 0.345223
v 1.417070 0.447395 0.345282
v 1.259160 0.465377 0.346902
v 1.253880 0.468641 0.339145
v 1.259490 0.465855 0.339597
v 1.254020 0.467404 0.347627
v 1.254400 0.471244 0.346212
v 1.271720 0.473702 0.607813
v 1.255870 0.486400 0.610539
v 1.254610 0.483552 0.608375
v 1.273510 0.476257 0.610539
v 1.260530 0.467558 0.344337
v 1.255050 0.468455 0.345203
v 1.255790 0.461736 0.607786
v 1.259320 0.469088 0.538972
v 1.260670 0.468813 0.538972
v 1.253990 0.462500 0.607786
v 1.265730 0.470565 0.538972
v 1.265320 0.464577 0.607786
v 1.264630 0.469727 0.538972
v 1.250210 0.467058 0.345208
v 1.252370 0.463707 0.345208
v 1.251110 0.465239 0.345208
v 1.253930 0.462533 0.345208
v 1.249720 0.469081 0.345208
v 1.255740 0.461769 0.345208
v 1.249660 0.471217 0.345208
v 1.257690 0.461450 0.345208
v 1.250030 0.473369 0.345208
v 1.254700 0.483493 0.345195
v 1.260810 0.471006 0.345251
v 1.259720 0.461592 0.345208
v 1.261710 0.462187 0.345208
v 1.263590 0.463208 0.345208
v 1.265260 0.464609 0.345208
v 1.271810 0.473646 0.345181
v 1.258650 0.472316 0.342950
v 1.252420 0.463674 0.607786
v 1.251160 0.465206 0.607786
v 1.256950 0.470453 0.538972
v 1.257750 0.461417 0.607786
v 1.256880 0.465141 0.607790
v 1.253990 0.468506 0.612707
v 1.259770 0.461559 0.607786
v 1.261770 0.462154 0.607786
v 1.263650 0.463175 0.607786
v 1.260840 0.471025 0.607790
v 1.254610 0.483552 0.607786
v 1.250270 0.467025 0.607786
v 1.249780 0.469049 0.607786
v 1.249720 0.471185 0.607786
v 1.250090 0.473336 0.607786
v 1.254220 0.470949 0.607808
v 1.257720 0.465356 0.613570
v 1.260980 0.468687 0.609585
v 1.256010 0.486322 0.342455
v 1.273650 0.476179 0.342455
v 1.262050 0.468831 0.538972
v 1.263390 0.469140 0.538972
v 1.256950 0.470453 0.414023
v 1.256030 0.471481 0.414023
v 1.255000 0.476733 0.414023
v 1.256010 0.486322 0.345208
v 1.265730 0.470565 0.414023
v 1.264630 0.469727 0.414023
v 1.254950 0.473995 0.414023
v 1.255350 0.472680 0.414023
v 1.258060 0.469644 0.414023
v 1.254820 0.475367 0.538972
v 1.254950 0.473995 0.538972
v 1.255350 0.472680 0.538972
v 1.270900 0.477757 0.414023
v 1.273650 0.476179 0.345208
v 1.262050 0.468831 0.414023
v 1.260670 0.468813 0.414023
v 1.254820 0.475367 0.414023
v 1.258480 0.484900 0.414023
v 1.256480 0.472187 0.609385
v 1.255630 0.466532 0.607793
v 1.256030 0.471481 0.538972
v 1.258060 0.469644 0.538972
v 1.255870 0.486400 0.607786
v 1.255000 0.476733 0.538972
v 1.263390 0.469140 0.414023
v 1.259320 0.469088 0.414023
v 1.258480 0.484900 0.538972
v 1.270900 0.477757 0.538972
v 1.159230 0.597195 0.609680
v 1.163770 0.597132 0.607784
v 1.158390 0.596931 0.607891
v 1.164290 0.593034 0.613352
v 1.273510 0.476257 0.607786
v 1.177500 0.588170 0.610539
v 1.169280 0.606690 0.607813
v 1.174430 0.587631 0.607799
v 1.172200 0.607816 0.610539
v 1.158120 0.596381 0.347494
v 1.159650 0.597541 0.339574
v 1.157990 0.592516 0.342121
v 1.162070 0.597931 0.345198
v 1.169310 0.606586 0.345181
v 1.177540 0.588018 0.342455
v 1.174450 0.587525 0.345194
v 1.172240 0.607664 0.342455
v 1.164750 0.594590 0.339414
v 1.160430 0.597055 0.345354
v 1.162240 0.590763 0.344908
v 1.164640 0.595728 0.345265
v 1.161680 0.595778 0.538972
v 1.153690 0.594183 0.607786
v 1.153880 0.596156 0.607786
v 1.157390 0.587489 0.607786
v 1.154700 0.590428 0.607786
v 1.155860 0.588819 0.607786
v 1.153970 0.592244 0.607786
v 1.159220 0.586499 0.607786
v 1.161270 0.585894 0.607786
v 1.163450 0.585701 0.607786
v 1.157880 0.592736 0.611919
v 1.162520 0.590632 0.607816
v 1.154530 0.598076 0.607786
v 1.155620 0.599853 0.607786
v 1.157090 0.601407 0.607786
v 1.158870 0.602667 0.607786
v 1.165310 0.590294 0.538972
v 1.172240 0.607664 0.345208
v 1.164740 0.601595 0.414023
v 1.158850 0.602730 0.345208
v 1.167970 0.589647 0.414023
v 1.166600 0.589828 0.414023
v 1.161260 0.585957 0.345208
v 1.155600 0.599916 0.345208
v 1.154520 0.598139 0.345208
v 1.162770 0.599698 0.414023
v 1.153860 0.596220 0.345208
v 1.162130 0.598479 0.414023
v 1.162130 0.598479 0.538972
v 1.172980 0.604910 0.538972
v 1.164740 0.601595 0.538972
v 1.163660 0.600752 0.538972
v 1.163150 0.591985 0.538972
v 1.161680 0.595778 0.414023
v 1.153670 0.594246 0.345208
v 1.153950 0.592307 0.345208
v 1.161760 0.597152 0.414023
v 1.157070 0.601470 0.345208
v 1.163430 0.585765 0.345208
v 1.176710 0.591075 0.414023
v 1.177540 0.588018 0.345208
v 1.162400 0.593134 0.414023
v 1.161900 0.594417 0.414023
v 1.154690 0.590492 0.345208
v 1.163660 0.600752 0.414023
v 1.172980 0.604910 0.414023
v 1.160480 0.591140 0.607702
v 1.159200 0.586563 0.345208
v 1.165310 0.590294 0.414023
v 1.172200 0.607816 0.607786
v 1.160800 0.591062 0.348185
v 1.161760 0.597152 0.538972
v 1.162400 0.593134 0.538972
v 1.161900 0.594417 0.538972
v 1.164140 0.591024 0.538972
v 1.164000 0.595220 0.607780
v 1.177500 0.588170 0.607786
v 1.163150 0.591985 0.414023
v 1.155840 0.588883 0.345208
v 1.157370 0.587553 0.345208
v 1.162770 0.599698 0.538972
v 1.166600 0.589828 0.538972
v 1.164140 0.591024 0.414023
v 1.176710 0.591075 0.538972
v 1.167970 0.589647 0.538972
v 1.180100 0.754250 0.343589
v 1.177620 0.750235 0.346883
v 1.180300 0.754846 0.347415
v 1.184870 0.751384 0.342759
v 1.178050 0.749229 0.607779
v 1.179010 0.748724 0.610038
v 1.179190 0.753792 0.608947
v 1.188740 0.735195 0.610539
v 1.196020 0.754102 0.607813
v 1.186190 0.736984 0.607799
v 1.198880 0.752835 0.610539
v 1.184100 0.751681 0.607829
v 1.183770 0.753953 0.613530
v 1.183870 0.748228 0.613556
v 1.178390 0.749079 0.339307
v 1.183350 0.747637 0.607785
v 1.195970 0.754007 0.345181
v 1.188660 0.735060 0.342455
v 1.186130 0.736891 0.345195
v 1.198800 0.752700 0.342455
v 1.179800 0.748644 0.345099
v 1.183190 0.747572 0.345102
v 1.179080 0.747967 0.345207
v 1.185420 0.752193 0.345206
v 1.184190 0.748841 0.348340
v 1.190240 0.737804 0.414023
v 1.198800 0.752700 0.345208
v 1.197380 0.750227 0.414023
v 1.188660 0.735060 0.345208
v 1.181310 0.746658 0.414023
v 1.174070 0.748988 0.345208
v 1.174670 0.746993 0.345208
v 1.173930 0.751010 0.345208
v 1.181300 0.748035 0.414023
v 1.181570 0.749384 0.414023
v 1.174250 0.752968 0.345208
v 1.182210 0.744070 0.414023
v 1.183050 0.742977 0.414023
v 1.181620 0.745316 0.414023
v 1.182130 0.750644 0.414023
v 1.182940 0.751758 0.414023
v 1.183960 0.752674 0.414023
v 1.185160 0.753352 0.414023
v 1.186480 0.753760 0.414023
v 1.187850 0.753879 0.414023
v 1.189210 0.753705 0.414023
v 1.175010 0.754771 0.345208
v 1.185160 0.753352 0.538972
v 1.179510 0.758437 0.607786
v 1.181530 0.758926 0.607786
v 1.197380 0.750227 0.538972
v 1.189210 0.753705 0.538972
v 1.185820 0.758618 0.607786
v 1.181300 0.748035 0.538972
v 1.173900 0.750953 0.607786
v 1.174220 0.752911 0.607786
v 1.187850 0.753879 0.538972
v 1.186480 0.753760 0.538972
v 1.177720 0.757599 0.345208
v 1.183700 0.759044 0.345208
v 1.184960 0.752934 0.607785
v 1.183670 0.758987 0.607786
v 1.181560 0.758983 0.345208
v 1.177090 0.743442 0.345208
v 1.185850 0.758675 0.345208
v 1.175690 0.745116 0.345208
v 1.188740 0.735195 0.607786
v 1.182940 0.751758 0.538972
v 1.176160 0.756282 0.607786
v 1.177690 0.757541 0.607786
v 1.177060 0.743385 0.607786
v 1.174640 0.746936 0.607786
v 1.175660 0.745059 0.607786
v 1.174040 0.748931 0.607786
v 1.174980 0.754714 0.607786
v 1.181620 0.745316 0.538972
v 1.181310 0.746658 0.538972
v 1.176190 0.756339 0.345208
v 1.179540 0.758494 0.345208
v 1.190240 0.737804 0.538972
v 1.182210 0.744070 0.538972
v 1.183050 0.742977 0.538972
v 1.181570 0.749384 0.538972
v 1.182130 0.750644 0.538972
v 1.183960 0.752674 0.538972
v 1.198880 0.752835 0.607786
v 1.303310 0.846426 0.608857
v 1.308480 0.844372 0.613432
v 1.308960 0.845338 0.607669
v 1.306200 0.851370 0.347335
v 1.305900 0.850917 0.339672
v 1.303120 0.847126 0.344371
v 1.300010 0.834255 0.345183
v 1.320150 0.836468 0.342455
v 1.300500 0.831167 0.342455
v 1.319070 0.839392 0.345197
v 1.307120 0.850520 0.345290
v 1.310350 0.847006 0.339248
v 1.309850 0.849875 0.345213
v 1.310050 0.845263 0.345195
v 1.320300 0.836509 0.610539
v 1.300110 0.834281 0.607810
v 1.300650 0.831208 0.610539
v 1.319170 0.839421 0.607798
v 1.305380 0.851235 0.607788
v 1.307280 0.851090 0.613391
v 1.314080 0.843960 0.538972
v 1.313230 0.845049 0.538972
v 1.313890 0.851618 0.607786
v 1.304790 0.854755 0.345208
v 1.306900 0.846809 0.414023
v 1.308260 0.847024 0.414023
v 1.312340 0.853085 0.607786
v 1.304470 0.845551 0.538972
v 1.301300 0.852844 0.607786
v 1.302910 0.854003 0.607786
v 1.312180 0.845935 0.538972
v 1.310960 0.846576 0.538972
v 1.306730 0.855033 0.345208
v 1.310960 0.846576 0.414023
v 1.308700 0.854841 0.345208
v 1.309640 0.846945 0.414023
v 1.310570 0.848577 0.607791
v 1.309040 0.844308 0.607808
v 1.303560 0.831992 0.414023
v 1.302130 0.840736 0.414023
v 1.298250 0.845276 0.345208
v 1.302970 0.854020 0.345208
v 1.305620 0.846310 0.414023
v 1.310560 0.854170 0.607786
v 1.300030 0.851331 0.345208
v 1.304470 0.845551 0.414023
v 1.301370 0.852861 0.345208
v 1.303510 0.844565 0.414023
v 1.320150 0.836468 0.345208
v 1.300500 0.831167 0.345208
v 1.313230 0.845049 0.414023
v 1.315210 0.849853 0.345208
v 1.313950 0.851636 0.345208
v 1.314080 0.843960 0.414023
v 1.317390 0.835725 0.414023
v 1.312180 0.845935 0.414023
v 1.306140 0.843974 0.342140
v 1.308270 0.844760 0.345279
v 1.312400 0.853103 0.345208
v 1.306340 0.850716 0.607719
v 1.298440 0.847450 0.345208
v 1.299040 0.849499 0.345208
v 1.302310 0.842101 0.414023
v 1.302780 0.843397 0.414023
v 1.309640 0.846945 0.538972
v 1.308640 0.854824 0.607786
v 1.308260 0.847024 0.538972
v 1.306900 0.846809 0.538972
v 1.306660 0.855016 0.607786
v 1.305620 0.846310 0.538972
v 1.304730 0.854738 0.607786
v 1.320300 0.836509 0.607786
v 1.315150 0.849836 0.607786
v 1.303510 0.844565 0.538972
v 1.299970 0.851314 0.607786
v 1.298180 0.845259 0.607786
v 1.298380 0.847433 0.607786
v 1.298980 0.849482 0.607786
v 1.302780 0.843397 0.538972
v 1.307340 0.845591 0.348330
v 1.310620 0.854187 0.345208
v 1.302310 0.842101 0.538972
v 1.302130 0.840736 0.538972
v 1.300650 0.831208 0.607786
v 1.317390 0.835725 0.538972
v 1.303560 0.831992 0.538972
v 1.465320 0.809822 0.610539
v 1.449470 0.822520 0.607810
v 1.447680 0.819965 0.610539
v 1.466580 0.812676 0.607798
v 1.464760 0.824732 0.607730
v 1.467000 0.828259 0.610604
v 1.462360 0.829663 0.607712
v 1.460150 0.826276 0.613578
v 1.449380 0.822576 0.345183
v 1.465180 0.809900 0.342455
v 1.447540 0.820044 0.342455
v 1.466490 0.812729 0.345197
v 1.463190 0.830851 0.339382
v 1.462390 0.830976 0.347106
v 1.467250 0.826448 0.346731
v 1.466220 0.825022 0.339621
v 1.466190 0.819489 0.414023
v 1.471160 0.822854 0.345208
v 1.465180 0.809900 0.345208
v 1.457600 0.833014 0.345208
v 1.455460 0.825658 0.414023
v 1.456550 0.826496 0.414023
v 1.466240 0.822227 0.414023
v 1.471460 0.827141 0.345208
v 1.470980 0.829165 0.345208
v 1.465830 0.823542 0.414023
v 1.447680 0.819965 0.607786
v 1.464240 0.825769 0.538972
v 1.468760 0.832548 0.607786
v 1.470020 0.831017 0.607786
v 1.457800 0.827083 0.538972
v 1.461410 0.834664 0.607786
v 1.459140 0.827392 0.538972
v 1.465160 0.824741 0.414023
v 1.468820 0.832515 0.345208
v 1.464240 0.825769 0.414023
v 1.459420 0.834068 0.607786
v 1.466360 0.820855 0.538972
v 1.471410 0.827174 0.607786
v 1.471470 0.825038 0.607786
v 1.463130 0.826579 0.414023
v 1.467250 0.833690 0.345208
v 1.465450 0.834454 0.345208
v 1.465830 0.823542 0.538972
v 1.470920 0.829197 0.607786
v 1.460520 0.827409 0.538972
v 1.463440 0.834805 0.607786
v 1.466240 0.822227 0.538972
v 1.470080 0.830984 0.345208
v 1.455920 0.831613 0.345208
v 1.450290 0.818465 0.414023
v 1.447540 0.820044 0.345208
v 1.462710 0.811322 0.538972
v 1.466190 0.819489 0.538972
v 1.471100 0.822887 0.607786
v 1.461470 0.834631 0.345208
v 1.460520 0.827409 0.414023
v 1.463490 0.834772 0.345208
v 1.471530 0.825005 0.345208
v 1.466360 0.820855 0.414023
v 1.462440 0.824273 0.345284
v 1.463920 0.829234 0.345326
v 1.463350 0.823341 0.345209
v 1.459860 0.826429 0.347027
v 1.459480 0.834036 0.345208
v 1.462710 0.811322 0.414023
v 1.463390 0.823318 0.607783
v 1.465630 0.824234 0.610235
v 1.465390 0.834487 0.607786
v 1.467200 0.833723 0.607786
v 1.455870 0.831646 0.607786
v 1.459660 0.826557 0.607803
v 1.457540 0.833047 0.607786
v 1.462830 0.830790 0.609438
v 1.465320 0.809822 0.607786
v 1.456550 0.826496 0.538972
v 1.465160 0.824741 0.538972
v 1.460020 0.826123 0.339382
v 1.461870 0.827134 0.414023
v 1.457800 0.827083 0.414023
v 1.459140 0.827392 0.414023
v 1.450290 0.818465 0.538972
v 1.455460 0.825658 0.538972
v 1.461870 0.827134 0.538972
v 1.463130 0.826579 0.538972
v 1.460410 0.824911 0.345213
v 1.510310 0.763404 0.282087
v 1.546930 0.627383 0.466225
v 1.546920 0.629395 0.467680
v 1.546930 0.625110 0.465414
v 1.546920 0.631833 0.480061
v 1.546920 0.630560 0.482361
v 1.546920 0.628809 0.484205
v 1.546930 0.626700 0.485469
v 1.546930 0.624377 0.486067
v 1.546930 0.623738 0.486037
v 1.546080 0.620519 0.465901
v 1.546670 0.622764 0.465304
v 1.545080 0.616789 0.469010
v 1.545530 0.618481 0.467165
v 1.544760 0.615559 0.471310
v 1.544570 0.614873 0.473907
v 1.545900 0.619859 0.485146
v 1.546490 0.622056 0.485956
v 1.545380 0.617914 0.483691
v 1.544680 0.615285 0.479281
v 1.544970 0.616354 0.481691
v 1.546930 0.623738 0.465351
v 1.551490 0.621452 0.487968
v 1.551960 0.623370 0.485953
v 1.551920 0.623089 0.488194
v 1.551170 0.620248 0.487745
v 1.550780 0.618803 0.487031
v 1.550490 0.617708 0.486455
v 1.550160 0.616451 0.485305
v 1.549660 0.614566 0.482889
v 1.549910 0.615534 0.484426
v 1.549470 0.613875 0.481795
v 1.549310 0.613257 0.480017
v 1.549200 0.612843 0.478741
v 1.549640 0.614498 0.470379
v 1.549140 0.612631 0.476825
v 1.549110 0.612509 0.475473
v 1.549170 0.612720 0.473553
v 1.549210 0.612896 0.472213
v 1.549380 0.613516 0.470427
v 1.549500 0.613978 0.469182
v 1.549760 0.614960 0.467656
v 1.549950 0.615682 0.466589
v 1.550210 0.616635 0.465759
v 1.551990 0.624051 0.465171
v 1.550540 0.617892 0.464609
v 1.551920 0.623089 0.463000
v 1.550840 0.619011 0.464093
v 1.551550 0.621672 0.463223
v 1.551220 0.620456 0.463379
v 1.551910 0.630766 0.469451
v 1.551910 0.632511 0.482013
v 1.551910 0.631553 0.483452
v 1.551910 0.628775 0.484358
v 1.551910 0.630747 0.484606
v 1.551910 0.629506 0.485703
v 1.551920 0.628462 0.486584
v 1.551920 0.627023 0.487270
v 1.551920 0.625810 0.487812
v 1.551920 0.624271 0.488046
v 1.551910 0.633642 0.478954
v 1.551910 0.633376 0.471493
v 1.551910 0.633026 0.480670
v 1.551910 0.632624 0.469397
v 1.551910 0.631898 0.468251
v 1.551910 0.630908 0.466764
v 1.551910 0.629618 0.465623
v 1.551920 0.628658 0.464734
v 1.551920 0.627150 0.464014
v 1.551920 0.626030 0.463444
v 1.551920 0.624406 0.463198
v 1.551920 0.623201 0.462983
v 1.546920 0.632116 0.472090
v 1.546920 0.631010 0.469680
v 1.384980 0.834496 0.489644
v 1.466500 0.752275 0.661644
v 1.453750 0.741296 0.661644
v 1.463180 0.756574 0.661645
v 1.457180 0.736838 0.661645
v 1.471080 0.746321 0.661645
v 1.474300 0.742146 0.661644
v 1.475280 0.740874 0.661645
v 1.462150 0.731472 0.661645
v 1.478730 0.736387 0.661644
v 1.467620 0.727945 0.661645
v 1.458110 0.735626 0.661644
v 1.469270 0.721135 0.661645
v 1.492130 0.718983 0.661639
v 1.481780 0.717188 0.661645
v 1.489150 0.722860 0.661661
v 1.475840 0.712609 0.661632
v 1.478820 0.708731 0.661650
v 1.479310 0.723221 0.661644
v 1.485290 0.727872 0.661645
v 1.471210 0.723151 0.661644
v 1.482330 0.731713 0.661645
v 1.469660 0.720633 0.661644
v 1.472000 0.717594 0.661645
v 1.441490 0.757208 0.661642
v 1.447680 0.755407 0.661654
v 1.454800 0.767459 0.661647
v 1.450130 0.745985 0.661645
v 1.453150 0.748306 0.661644
v 1.455140 0.761148 0.661634
v 1.462720 0.757174 0.661644
v 1.460450 0.754247 0.661645
v 1.438960 0.779792 0.661782
v 1.437060 0.786383 0.661782
v 1.446940 0.781328 0.661782
v 1.454500 0.772497 0.661782
v 1.456370 0.775505 0.661782
v 1.465410 0.766596 0.661782
v 1.506190 0.705340 0.661782
v 1.503270 0.717428 0.661782
v 1.509580 0.706418 0.661782
v 1.511610 0.694111 0.661782
v 1.515200 0.684952 0.661782
v 1.506780 0.685923 0.661782
v 1.505200 0.677221 0.661782
v 1.427090 0.778715 0.661782
v 1.429760 0.768129 0.661782
v 1.477020 0.697137 0.661782
v 1.488000 0.691005 0.661782
v 1.486060 0.688384 0.661782
v 1.497950 0.683184 0.661782
v 1.444430 0.766097 0.291159
v 1.488960 0.715587 0.291159
v 1.487670 0.709941 0.291159
v 1.446360 0.770904 0.291159
v 1.488960 0.715587 0.291193
v 1.444430 0.766097 0.291193
v 1.487670 0.709941 0.291193
v 1.446360 0.770904 0.291193
v 1.122200 0.468309 0.109883
v 1.118340 0.465442 0.102053
v 1.124960 0.465085 0.103568
v 1.126630 0.459790 0.114173
v 1.131660 0.463231 0.120964
v 1.131440 0.465246 0.113881
v 1.133510 0.469970 0.118123
v 1.134140 0.474485 0.123064
v 1.137470 0.477025 0.127440
v 1.136340 0.477472 0.127842
v 1.127160 0.459943 0.107324
v 1.119270 0.454451 0.097769
v 1.120900 0.456877 0.106372
v 1.124480 0.461217 0.098397
v 1.120520 0.460495 0.087968
v 1.116020 0.463590 0.094229
v 1.113110 0.461684 0.088595
v 1.195950 0.541561 0.472836
v 1.186260 0.537407 0.472473
v 1.194940 0.542867 0.472706
v 1.187860 0.535330 0.472764
v 1.193960 0.544151 0.472351
v 1.175630 0.505558 0.192402
v 1.177850 0.511070 0.196238
v 1.179090 0.506269 0.201092
v 1.117800 0.468612 0.005090
v 1.124180 0.468462 0.009240
v 1.117780 0.471984 0.010146
v 1.101150 0.460467 0.005024
v 1.099620 0.464495 0.010559
v 1.097230 0.456489 0.010205
v 1.099260 0.463870 0.017815
v 1.097230 0.454980 0.017649
v 1.114900 0.458772 0.100860
v 1.118460 0.462060 0.109894
v 1.182720 0.502474 0.186371
v 1.175730 0.498951 0.183471
v 1.177440 0.501514 0.189868
v 1.117240 0.443790 0.004216
v 1.122580 0.441670 0.010716
v 1.123370 0.446050 0.005442
v 1.165190 0.499546 0.172976
v 1.162510 0.496253 0.169570
v 1.162360 0.497458 0.169153
v 1.162940 0.495053 0.169837
v 1.168000 0.494601 0.173499
v 1.163630 0.493939 0.169934
v 1.184630 0.505658 0.212560
v 1.186680 0.505873 0.217255
v 1.190620 0.510514 0.212150
v 1.191000 0.511306 0.217191
v 1.183920 0.512434 0.194247
v 1.184180 0.508904 0.188866
v 1.186430 0.505780 0.194827
v 1.184410 0.539812 0.471321
v 1.193000 0.545391 0.471776
v 1.192100 0.546566 0.470990
v 1.189840 0.549503 0.467525
v 1.182410 0.542409 0.468775
v 1.181750 0.543272 0.467453
v 1.190500 0.548639 0.468846
v 1.189280 0.550231 0.466066
v 1.181190 0.544000 0.465994
v 1.137430 0.468319 0.131013
v 1.168880 0.491854 0.168057
v 1.138480 0.468495 0.130394
v 1.167830 0.491677 0.168675
v 1.169790 0.492335 0.167390
v 1.139390 0.468977 0.129728
v 1.170480 0.493088 0.166721
v 1.140090 0.469730 0.129059
v 1.118380 0.453493 0.065903
v 1.119000 0.457291 0.071525
v 1.118860 0.456647 0.065854
v 1.112500 0.460813 0.071515
v 1.112410 0.460591 0.065812
v 1.115080 0.460672 0.065837
v 1.119560 0.454424 0.080274
v 1.118830 0.459738 0.080096
v 1.135210 0.477612 0.128371
v 1.129440 0.474022 0.125369
v 1.134160 0.477435 0.128989
v 1.170500 0.497595 0.164872
v 1.140530 0.473036 0.127476
v 1.170930 0.496394 0.165138
v 1.140100 0.474236 0.127209
v 1.173130 0.500943 0.168702
v 1.169810 0.498708 0.164775
v 1.186720 0.506154 0.222383
v 1.188240 0.506263 0.539666
v 1.187990 0.506496 0.222379
v 1.186970 0.505921 0.539656
v 1.189370 0.506922 0.539674
v 1.189130 0.507155 0.222372
v 1.190300 0.507853 0.539680
v 1.190050 0.508086 0.222362
v 1.190950 0.508992 0.539683
v 1.190710 0.509225 0.222351
v 1.179860 0.506423 0.180071
v 1.177320 0.510745 0.188091
v 1.173560 0.508132 0.183991
v 1.118500 0.459977 0.000872
v 1.124840 0.460029 0.003854
v 1.129150 0.462174 0.017852
v 1.130450 0.455892 0.010540
v 1.130280 0.457992 0.017871
v 1.128440 0.463553 0.010056
v 1.183170 0.541424 0.469937
v 1.191260 0.547655 0.470008
v 1.117580 0.452389 0.037184
v 1.118540 0.453986 0.029868
v 1.113890 0.450852 0.029877
v 1.118710 0.457135 0.037182
v 1.118780 0.454720 0.037187
v 1.109390 0.453445 0.037120
v 1.108990 0.456561 0.029834
v 1.110800 0.451786 0.037131
v 1.116890 0.459874 0.029862
v 1.117840 0.458856 0.037175
v 1.115920 0.460409 0.037175
v 1.108850 0.456604 0.037079
v 1.112730 0.450865 0.037165
v 1.111440 0.460256 0.029789
v 1.112620 0.460683 0.037116
v 1.110390 0.459452 0.037113
v 1.115250 0.450931 0.037157
v 1.182990 0.491478 0.465760
v 1.208190 0.508895 0.459925
v 1.183950 0.490227 0.459710
v 1.207230 0.510146 0.465975
v 1.208980 0.507868 0.453798
v 1.184740 0.489200 0.453583
v 1.209600 0.507068 0.447608
v 1.185350 0.488400 0.447394
v 1.210030 0.506496 0.441371
v 1.185790 0.487828 0.441156
v 1.210300 0.506153 0.435101
v 1.186050 0.487485 0.434886
v 1.210380 0.506042 0.428813
v 1.186140 0.487373 0.428599
v 1.210290 0.506161 0.422523
v 1.186050 0.487492 0.422308
v 1.210020 0.506510 0.416245
v 1.185780 0.487842 0.416030
v 1.209570 0.507089 0.409994
v 1.185330 0.488421 0.409779
v 1.208950 0.507897 0.403785
v 1.184710 0.489229 0.403571
v 1.208150 0.508931 0.397634
v 1.183910 0.490262 0.397420
v 1.207190 0.510189 0.391555
v 1.182940 0.491520 0.391340
v 1.113680 0.452170 0.083646
v 1.118710 0.453012 0.088945
v 1.111110 0.445658 0.002838
v 1.104050 0.445787 0.005747
v 1.109130 0.440137 0.009332
v 1.101860 0.444218 0.010109
v 1.107510 0.440459 0.017715
v 1.103760 0.442619 0.017678
v 1.116940 0.451775 0.065911
v 1.125330 0.443809 0.017724
v 1.128180 0.447467 0.009875
v 1.177910 0.498063 0.391264
v 1.181700 0.490558 0.397396
v 1.175550 0.496338 0.396753
v 1.127500 0.454450 0.005521
v 1.188830 0.550811 0.464494
v 1.180740 0.544580 0.464422
v 1.188510 0.551233 0.462837
v 1.180420 0.545002 0.462765
v 1.188310 0.551489 0.461123
v 1.180220 0.545258 0.461051
v 1.188240 0.551576 0.459381
v 1.180150 0.545345 0.459309
v 1.188360 0.511331 0.391341
v 1.187810 0.510256 0.465757
v 1.187770 0.510299 0.391337
v 1.188410 0.511289 0.465761
v 1.186970 0.509413 0.465750
v 1.186930 0.509455 0.391330
v 1.185940 0.508816 0.465741
v 1.185890 0.508858 0.391321
v 1.184790 0.508506 0.465729
v 1.184750 0.508548 0.391309
v 1.183600 0.508504 0.465715
v 1.183560 0.508546 0.391295
v 1.182400 0.508852 0.391281
v 1.182450 0.508810 0.465701
v 1.181370 0.509446 0.391268
v 1.181420 0.509404 0.465688
v 1.180530 0.510287 0.391256
v 1.180580 0.510244 0.465676
v 1.179930 0.511317 0.391246
v 1.179980 0.511275 0.465666
v 1.179620 0.512467 0.391239
v 1.179670 0.512425 0.465659
v 1.179620 0.513658 0.391236
v 1.179670 0.513616 0.465656
v 1.186920 0.516694 0.391308
v 1.187800 0.515811 0.465740
v 1.187760 0.515853 0.391320
v 1.186960 0.516652 0.465728
v 1.188400 0.514781 0.465750
v 1.188350 0.514823 0.391330
v 1.188710 0.513631 0.465757
v 1.188670 0.513673 0.391337
v 1.184730 0.517594 0.391281
v 1.185930 0.517246 0.465715
v 1.185880 0.517288 0.391295
v 1.184780 0.517552 0.465701
v 1.183590 0.517550 0.465687
v 1.183540 0.517592 0.391267
v 1.187050 0.536361 0.391249
v 1.162810 0.517692 0.391035
v 1.182390 0.517282 0.391256
v 1.181360 0.516685 0.391246
v 1.180520 0.515841 0.391239
v 1.179930 0.514809 0.391236
v 1.188670 0.512482 0.391340
v 1.167840 0.511149 0.391111
v 1.188710 0.512440 0.465760
v 1.177960 0.498021 0.465684
v 1.162860 0.517650 0.465455
v 1.167890 0.511107 0.465531
v 1.187100 0.536318 0.465669
v 1.182440 0.517240 0.465676
v 1.181410 0.516643 0.465666
v 1.180570 0.515799 0.465659
v 1.179970 0.514767 0.465656
v 1.180690 0.489768 0.403527
v 1.179890 0.489150 0.409719
v 1.179320 0.488707 0.415958
v 1.178980 0.488439 0.422228
v 1.178870 0.488347 0.428514
v 1.178990 0.488432 0.434803
v 1.179340 0.488692 0.441079
v 1.179910 0.489128 0.447327
v 1.180710 0.489739 0.453533
v 1.181740 0.490523 0.459683
v 1.137380 0.469794 0.123274
v 1.139410 0.475350 0.127112
v 1.138510 0.476301 0.127191
v 1.161750 0.519070 0.397054
v 1.185990 0.537739 0.397269
v 1.160880 0.520203 0.403167
v 1.185120 0.538871 0.403381
v 1.160200 0.521086 0.409355
v 1.184440 0.539754 0.409569
v 1.159720 0.521718 0.415601
v 1.183960 0.540386 0.415815
v 1.159430 0.522096 0.421886
v 1.183670 0.540764 0.422100
v 1.159330 0.522220 0.428192
v 1.183580 0.540888 0.428406
v 1.159440 0.522089 0.434501
v 1.183680 0.540757 0.434716
v 1.159730 0.521703 0.440795
v 1.183970 0.540372 0.441010
v 1.160230 0.521064 0.447056
v 1.184470 0.539733 0.447270
v 1.160910 0.520174 0.453264
v 1.185150 0.538842 0.453479
v 1.161790 0.519035 0.459403
v 1.186030 0.537703 0.459618
v 1.175660 0.496184 0.460127
v 1.175680 0.496282 0.453457
v 1.174880 0.495671 0.447251
v 1.174300 0.495235 0.441003
v 1.173960 0.494974 0.434727
v 1.173840 0.494890 0.428438
v 1.174770 0.504344 0.173053
v 1.167310 0.503106 0.170907
v 1.165480 0.509399 0.396625
v 1.161570 0.516730 0.397091
v 1.165580 0.509397 0.403298
v 1.160550 0.515940 0.403222
v 1.164790 0.508779 0.409490
v 1.159760 0.515322 0.409414
v 1.164220 0.508335 0.415729
v 1.159190 0.514878 0.415652
v 1.163880 0.508068 0.421998
v 1.158850 0.514611 0.421922
v 1.163770 0.507976 0.428285
v 1.158740 0.514519 0.428209
v 1.165610 0.509265 0.459998
v 1.163020 0.507371 0.453988
v 1.173090 0.494285 0.454141
v 1.161280 0.506033 0.447786
v 1.171340 0.492947 0.447938
v 1.160010 0.505068 0.441382
v 1.170080 0.491982 0.441535
v 1.159250 0.504486 0.434845
v 1.169320 0.491400 0.434998
v 1.158990 0.504294 0.428243
v 1.169060 0.491208 0.428396
v 1.159240 0.504494 0.421645
v 1.169310 0.491408 0.421798
v 1.160000 0.505083 0.415122
v 1.170070 0.491997 0.415274
v 1.161250 0.506055 0.408740
v 1.171320 0.492969 0.408893
v 1.162990 0.507400 0.402569
v 1.173060 0.494314 0.402722
v 1.129900 0.451480 0.017896
v 1.127590 0.450126 0.021258
v 1.128590 0.453879 0.021258
v 1.120560 0.454912 0.037208
v 1.119320 0.451816 0.037255
v 1.163890 0.508060 0.434574
v 1.158860 0.514603 0.434498
v 1.164240 0.508321 0.440850
v 1.159200 0.514864 0.440774
v 1.164810 0.508757 0.447098
v 1.159780 0.515300 0.447022
v 1.165610 0.509368 0.453304
v 1.160580 0.515911 0.453228
v 1.175650 0.496311 0.403451
v 1.174860 0.495693 0.409643
v 1.174290 0.495250 0.415881
v 1.173950 0.494982 0.422151
v 1.112200 0.455574 -0.000181
v 1.106720 0.451826 0.001534
v 1.120320 0.453198 0.001212
v 1.161610 0.516695 0.459377
v 1.128580 0.457763 0.021249
v 1.120560 0.456680 0.037204
v 1.109370 0.453783 0.072030
v 1.109000 0.454479 0.065885
v 1.108960 0.456909 0.065850
v 1.212630 0.503129 0.469589
v 1.221320 0.508576 0.468477
v 1.213230 0.502345 0.468405
v 1.220720 0.509360 0.469660
v 1.211940 0.504023 0.470624
v 1.220030 0.510254 0.470695
v 1.219270 0.511243 0.471565
v 1.211180 0.505012 0.471494
v 1.218450 0.512310 0.472254
v 1.210360 0.506079 0.472183
v 1.217580 0.513436 0.472751
v 1.209490 0.507205 0.472679
v 1.216690 0.514603 0.473047
v 1.207700 0.509539 0.473066
v 1.215770 0.515790 0.473136
v 1.209880 0.506689 0.386003
v 1.210780 0.505515 0.386789
v 1.208920 0.507929 0.385428
v 1.206940 0.510500 0.384942
v 1.187100 0.536295 0.384642
v 1.185650 0.538178 0.384860
v 1.184420 0.539774 0.385524
v 1.183600 0.540840 0.386213
v 1.182840 0.541829 0.387082
v 1.182160 0.542722 0.388117
v 1.181560 0.543506 0.389299
v 1.181050 0.544166 0.390610
v 1.180640 0.544691 0.392025
v 1.180260 0.545187 0.394266
v 1.180110 0.545381 0.396655
v 1.214570 0.500591 0.396656
v 1.214670 0.500469 0.461046
v 1.214640 0.500505 0.398398
v 1.214610 0.500546 0.462627
v 1.214370 0.500848 0.394942
v 1.214260 0.501011 0.465027
v 1.214050 0.501269 0.393285
v 1.213740 0.501684 0.467094
v 1.213600 0.501849 0.391713
v 1.213040 0.502577 0.390254
v 1.212380 0.503441 0.388932
v 1.211620 0.504426 0.387771
v 1.112420 0.463985 0.001700
v 1.110230 0.459260 0.065853
v 1.191050 0.510495 0.222338
v 1.182050 0.502805 0.195877
v 1.112610 0.455852 0.091975
v 1.126110 0.471507 0.120507
v 1.124170 0.463781 0.119456
v 1.123800 0.469823 0.115119
v 1.166700 0.491817 0.169204
v 1.173100 0.494873 0.171122
v 1.181090 0.509003 0.215284
v 1.179640 0.511691 0.205825
v 1.181300 0.513376 0.214852
v 1.123010 0.459154 0.093514
v 1.222760 0.506700 0.461117
v 1.222660 0.506822 0.396728
v 1.222730 0.506736 0.398470
v 1.222710 0.506777 0.462699
v 1.222460 0.507079 0.395013
v 1.222350 0.507243 0.465104
v 1.222140 0.507500 0.393356
v 1.221830 0.507915 0.467166
v 1.221690 0.508080 0.391785
v 1.221130 0.508808 0.390326
v 1.220470 0.509672 0.389004
v 1.219710 0.510657 0.387842
v 1.218870 0.511746 0.386860
v 1.217970 0.512920 0.386075
v 1.217010 0.514160 0.385499
v 1.216030 0.515444 0.385144
v 1.215020 0.516750 0.385015
v 1.195190 0.542526 0.384714
v 1.194280 0.543713 0.384804
v 1.193380 0.544879 0.385099
v 1.192520 0.546005 0.385596
v 1.191700 0.547071 0.386284
v 1.190940 0.548060 0.387154
v 1.190250 0.548953 0.388188
v 1.189650 0.549737 0.389371
v 1.189140 0.550397 0.390681
v 1.188730 0.550922 0.392097
v 1.188350 0.551418 0.394343
v 1.188210 0.551612 0.396727
v 1.115800 0.441051 0.021178
v 1.113070 0.439181 0.017820
v 1.111920 0.441045 0.021144
v 1.112980 0.449072 0.037156
v 1.114750 0.449074 0.037171
v 1.127570 0.461512 0.021231
v 1.126970 0.465932 0.017825
v 1.119980 0.458686 0.037177
v 1.162950 0.499559 0.167987
v 1.163650 0.500313 0.167318
v 1.162520 0.498586 0.168613
v 1.170920 0.494062 0.166096
v 1.171070 0.495189 0.165556
v 1.171220 0.506253 0.177892
v 1.135190 0.465877 0.125631
v 1.140520 0.470703 0.128433
v 1.140680 0.471831 0.127893
v 1.191290 0.510262 0.539683
v 1.191290 0.511576 0.539680
v 1.191050 0.511809 0.222326
v 1.190950 0.512845 0.539674
v 1.190700 0.513078 0.222314
v 1.167860 0.500383 0.165102
v 1.168910 0.499659 0.164853
v 1.166740 0.500830 0.165505
v 1.165610 0.500970 0.166033
v 1.099030 0.450236 0.007685
v 1.123920 0.468980 0.017790
v 1.118580 0.471734 0.017588
v 1.188220 0.515565 0.539644
v 1.189120 0.515143 0.222295
v 1.189360 0.514910 0.539655
v 1.187980 0.515798 0.222290
v 1.186950 0.515903 0.539632
v 1.186710 0.516136 0.222287
v 1.185390 0.516134 0.222288
v 1.185640 0.515901 0.539621
v 1.184120 0.515791 0.222293
v 1.184370 0.515559 0.539610
v 1.177160 0.497827 0.177370
v 1.128240 0.467641 0.110635
v 1.186180 0.516329 0.217404
v 1.186290 0.515788 0.212317
v 1.182070 0.505501 0.206255
v 1.186350 0.505093 0.205094
v 1.098520 0.449425 0.017616
v 1.117760 0.450238 0.037174
v 1.111270 0.449526 0.037140
v 1.107140 0.454890 0.037091
v 1.107600 0.453184 0.037100
v 1.109740 0.450407 0.037125
v 1.108490 0.451655 0.037111
v 1.117960 0.461163 0.037171
v 1.116430 0.462044 0.037155
v 1.114730 0.462499 0.037139
v 1.111420 0.462088 0.037160
v 1.109490 0.460985 0.037076
v 1.107460 0.457215 0.037581
v 1.100690 0.445677 0.017644
v 1.182990 0.515132 0.222300
v 1.182060 0.514202 0.222309
v 1.190040 0.514215 0.222303
v 1.115050 0.450858 0.065905
v 1.171830 0.502113 0.183514
v 1.114130 0.451138 0.077478
v 1.109690 0.456358 0.079983
v 1.113170 0.461406 0.080877
v 1.181070 0.510478 0.222346
v 1.181310 0.511560 0.539593
v 1.181310 0.510246 0.539596
v 1.181070 0.511792 0.222333
v 1.181660 0.508977 0.539602
v 1.181410 0.509210 0.222358
v 1.182310 0.507840 0.539611
v 1.182070 0.508072 0.222368
v 1.129410 0.467937 0.127602
v 1.133250 0.476954 0.129656
v 1.132560 0.476201 0.130325
v 1.132120 0.475227 0.130950
v 1.184140 0.506490 0.222382
v 1.185410 0.506152 0.222384
v 1.099090 0.457714 0.020993
v 1.100100 0.461467 0.020993
v 1.119510 0.469550 0.021142
v 1.115760 0.470549 0.021107
v 1.104410 0.468876 0.008164
v 1.109790 0.469243 0.005698
v 1.117440 0.459334 0.065841
v 1.108170 0.442044 0.021109
v 1.104800 0.443980 0.021075
v 1.122880 0.467614 0.021176
v 1.183000 0.507145 0.222377
v 1.183240 0.506912 0.539621
v 1.184380 0.506257 0.539632
v 1.185650 0.505919 0.539644
v 1.133230 0.470581 0.132272
v 1.132540 0.471694 0.132174
v 1.134130 0.469630 0.132193
v 1.165580 0.492264 0.169606
v 1.135180 0.468906 0.131944
v 1.164530 0.492988 0.169856
v 1.136300 0.468459 0.131541
v 1.106290 0.459605 0.001719
v 1.187940 0.513218 0.203980
v 1.189330 0.508839 0.204660
v 1.169000 0.498216 0.177685
v 1.132110 0.472895 0.131908
v 1.108830 0.471657 0.010269
v 1.111650 0.472246 0.017676
v 1.116020 0.439358 0.010512
v 1.112430 0.450924 0.065944
v 1.110090 0.452423 0.065909
v 1.104770 0.467584 0.021019
v 1.105260 0.470057 0.017418
v 1.108130 0.469532 0.021043
v 1.102050 0.446721 0.021045
v 1.184050 0.515020 0.205145
v 1.125650 0.446760 0.021249
v 1.115730 0.451051 0.071621
v 1.131970 0.474100 0.131490
v 1.120210 0.440480 0.017825
v 1.190290 0.513982 0.539666
v 1.183230 0.514900 0.539602
v 1.182310 0.513969 0.539596
v 1.181650 0.512830 0.539593
v 1.111880 0.470543 0.021074
v 1.168710 0.533397 0.431943
v 1.169690 0.534374 0.426818
v 1.167230 0.532514 0.431310
v 1.168610 0.533406 0.425799
v 1.165120 0.538340 0.431325
v 1.159170 0.546053 0.431293
v 1.161840 0.539880 0.433542
v 1.155220 0.547900 0.434532
v 1.159780 0.540594 0.437446
v 1.151690 0.550348 0.439599
v 1.158560 0.540177 0.441767
v 1.152380 0.546044 0.444853
v 1.164940 0.541841 0.424641
v 1.160230 0.547036 0.426456
v 1.166150 0.539152 0.426894
v 1.159390 0.545726 0.427936
v 1.158000 0.554478 0.414716
v 1.164570 0.544814 0.416251
v 1.163910 0.543792 0.420093
v 1.156160 0.553658 0.419065
v 1.158680 0.548991 0.423162
v 1.163540 0.537209 0.427647
v 1.175150 0.522445 0.426909
v 1.177730 0.524424 0.427179
v 1.158750 0.545895 0.425823
v 1.174380 0.521863 0.429055
v 1.157690 0.544911 0.430660
v 1.163440 0.540827 0.423763
v 1.166780 0.539615 0.429441
v 1.175250 0.522540 0.431124
v 1.177830 0.524474 0.430663
v 1.163640 0.537209 0.430682
v 1.164550 0.500794 0.166652
v 1.100110 0.450081 0.021020
v 1.181410 0.513062 0.222321
v 1.102030 0.464834 0.021002
v 1.119550 0.442062 0.021208
v 1.099100 0.453831 0.021002
v 1.122910 0.444009 0.021232
v 1.400800 0.934923 0.112388
v 1.401590 0.941386 0.102104
v 1.396270 0.935564 0.105730
v 1.391150 0.936658 0.116099
v 1.391460 0.928684 0.118999
v 1.394460 0.930603 0.113640
v 1.397260 0.923572 0.123096
v 1.396820 0.919407 0.127469
v 1.397920 0.919915 0.127870
v 1.391380 0.938901 0.108243
v 1.392940 0.948169 0.097824
v 1.393650 0.945293 0.106501
v 1.392630 0.942442 0.096560
v 1.401750 0.944869 0.091369
v 1.396500 0.943099 0.087953
v 1.396850 0.940210 0.095902
v 1.403930 0.832320 0.472794
v 1.407590 0.842207 0.472430
v 1.405570 0.832148 0.472661
v 1.404980 0.842477 0.472727
v 1.407170 0.831980 0.472303
v 1.391320 0.872045 0.192409
v 1.393790 0.866634 0.196237
v 1.389460 0.869039 0.201101
v 1.397670 0.941313 0.002531
v 1.399550 0.935016 0.009275
v 1.405550 0.939870 0.005685
v 1.397560 0.953762 0.000006
v 1.393690 0.948737 0.000316
v 1.404420 0.951885 0.001125
v 1.406510 0.937223 0.010169
v 1.411290 0.960524 0.010233
v 1.405810 0.961913 0.005083
v 1.411220 0.953235 0.005529
v 1.413400 0.956231 0.017839
v 1.408360 0.963830 0.017687
v 1.399160 0.948305 0.100922
v 1.399880 0.943345 0.109049
v 1.384190 0.869035 0.186390
v 1.386440 0.876526 0.183491
v 1.387140 0.873519 0.189884
v 1.385150 0.957848 0.005906
v 1.381240 0.954638 0.010797
v 1.383840 0.951106 0.005554
v 1.394120 0.883763 0.172986
v 1.393580 0.887981 0.169584
v 1.394550 0.887256 0.169165
v 1.392410 0.888496 0.169853
v 1.388600 0.885133 0.173521
v 1.391130 0.888764 0.169953
v 1.385220 0.865437 0.212574
v 1.383980 0.863797 0.217270
v 1.384620 0.857754 0.212161
v 1.384940 0.856929 0.217200
v 1.390590 0.861299 0.194248
v 1.387840 0.863544 0.188874
v 1.384040 0.864065 0.194842
v 1.410610 0.841889 0.471273
v 1.408730 0.831817 0.471724
v 1.410200 0.831663 0.470936
v 1.413880 0.831280 0.467464
v 1.413860 0.841549 0.468721
v 1.414940 0.841437 0.467397
v 1.412800 0.831392 0.468787
v 1.414790 0.831185 0.466003
v 1.415850 0.841342 0.465936
v 1.390540 0.925427 0.131058
v 1.385990 0.886393 0.168084
v 1.389940 0.924543 0.130440
v 1.386590 0.887277 0.168702
v 1.385720 0.885406 0.167417
v 1.389660 0.923556 0.129773
v 1.385780 0.884383 0.166747
v 1.389730 0.922533 0.129103
v 1.392800 0.949494 0.065960
v 1.395140 0.946427 0.071575
v 1.394750 0.946972 0.065906
v 1.402170 0.948709 0.071555
v 1.402060 0.948934 0.065852
v 1.400280 0.946940 0.065879
v 1.392690 0.947989 0.080330
v 1.397040 0.944854 0.080142
v 1.398800 0.920636 0.128397
v 1.400170 0.927290 0.125398
v 1.399400 0.921520 0.129015
v 1.389030 0.881267 0.164890
v 1.391810 0.919932 0.127515
v 1.387870 0.881782 0.165159
v 1.392980 0.919417 0.127246
v 1.389650 0.877050 0.168716
v 1.390310 0.880999 0.164790
v 1.384160 0.863575 0.222398
v 1.383780 0.862187 0.539681
v 1.383540 0.862420 0.222394
v 1.384410 0.863342 0.539671
v 1.383480 0.860909 0.539689
v 1.383230 0.861142 0.222387
v 1.383510 0.859596 0.539694
v 1.383270 0.859828 0.222376
v 1.383890 0.858336 0.539696
v 1.383640 0.858569 0.222363
v 1.389010 0.868390 0.180080
v 1.393910 0.867250 0.188090
v 1.394600 0.871779 0.183992
v 1.391580 0.935738 0.017901
v 1.386200 0.939382 0.009455
v 1.387770 0.937804 0.017930
v 1.393050 0.935306 0.010103
v 1.412630 0.841678 0.469885
v 1.411570 0.831521 0.469952
v 1.392500 0.950853 0.037242
v 1.392980 0.949066 0.029925
v 1.393910 0.954593 0.029935
v 1.395160 0.946764 0.037233
v 1.393360 0.948378 0.037242
v 1.398910 0.956065 0.037170
v 1.401430 0.954211 0.029878
v 1.396740 0.956187 0.037185
v 1.398390 0.946203 0.029906
v 1.397010 0.946209 0.037222
v 1.399460 0.946534 0.037218
v 1.401570 0.954277 0.037123
v 1.394730 0.955417 0.037222
v 1.402420 0.949892 0.029829
v 1.401930 0.948732 0.037155
v 1.402570 0.951198 0.037153
v 1.393050 0.953549 0.037217
v 1.376550 0.876227 0.465798
v 1.371790 0.845964 0.459951
v 1.374970 0.876396 0.459751
v 1.373370 0.845795 0.465998
v 1.370490 0.846104 0.453826
v 1.373670 0.876536 0.453627
v 1.369480 0.846214 0.447639
v 1.372650 0.876646 0.447439
v 1.368750 0.846294 0.441403
v 1.371920 0.876726 0.441203
v 1.368310 0.846344 0.435134
v 1.371480 0.876776 0.434934
v 1.368160 0.846364 0.428846
v 1.371330 0.876796 0.428647
v 1.368300 0.846353 0.422555
v 1.371470 0.876785 0.422356
v 1.368720 0.846313 0.416277
v 1.371900 0.876744 0.416077
v 1.369440 0.846241 0.410024
v 1.372610 0.876673 0.409825
v 1.370440 0.846140 0.403814
v 1.373620 0.876572 0.403615
v 1.371730 0.846009 0.397660
v 1.374900 0.876441 0.397461
v 1.373300 0.845848 0.391578
v 1.376470 0.876280 0.391378
v 1.395110 0.953798 0.083702
v 1.392270 0.949571 0.089003
v 1.390270 0.962883 0.005461
v 1.397360 0.967894 0.010171
v 1.389230 0.965651 0.010674
v 1.396980 0.965227 0.005806
v 1.390760 0.966384 0.017787
v 1.394910 0.967616 0.017743
v 1.392550 0.951719 0.065970
v 1.380900 0.951159 0.017804
v 1.381580 0.946581 0.009951
v 1.384680 0.875420 0.391286
v 1.376640 0.877838 0.397435
v 1.385070 0.878314 0.396776
v 1.415520 0.831110 0.464430
v 1.416580 0.841267 0.464363
v 1.416040 0.831056 0.462772
v 1.417100 0.841213 0.462705
v 1.416360 0.831024 0.461057
v 1.417420 0.841181 0.460990
v 1.416470 0.831014 0.459315
v 1.417530 0.841171 0.459248
v 1.387100 0.858705 0.391347
v 1.386830 0.859793 0.465765
v 1.386760 0.859847 0.391345
v 1.387170 0.858651 0.465767
v 1.386800 0.860983 0.465759
v 1.386730 0.861037 0.391339
v 1.387080 0.862141 0.465750
v 1.387000 0.862195 0.391330
v 1.387650 0.863188 0.465737
v 1.387570 0.863242 0.391317
v 1.388460 0.864052 0.465723
v 1.388390 0.864106 0.391303
v 1.389400 0.864729 0.391288
v 1.389480 0.864675 0.465708
v 1.390550 0.865067 0.391273
v 1.390620 0.865013 0.465693
v 1.391730 0.865099 0.391258
v 1.391810 0.865045 0.465678
v 1.392890 0.864821 0.391246
v 1.392970 0.864767 0.465666
v 1.393940 0.864253 0.391237
v 1.394010 0.864200 0.465657
v 1.394800 0.863434 0.391231
v 1.394880 0.863380 0.465651
v 1.391980 0.856056 0.391304
v 1.390860 0.855971 0.465738
v 1.390790 0.856025 0.391318
v 1.392050 0.856002 0.465724
v 1.389710 0.856248 0.465750
v 1.389630 0.856302 0.391330
v 1.388660 0.856816 0.465759
v 1.388580 0.856870 0.391339
v 1.394130 0.857017 0.391273
v 1.393200 0.856341 0.465709
v 1.393120 0.856395 0.391289
v 1.394210 0.856964 0.465693
v 1.395030 0.857828 0.465679
v 1.394950 0.857881 0.391259
v 1.406140 0.842407 0.391210
v 1.409310 0.872838 0.391010
v 1.395520 0.858928 0.391247
v 1.395800 0.860086 0.391237
v 1.395760 0.861277 0.391231
v 1.395430 0.862418 0.391229
v 1.387720 0.857690 0.391345
v 1.401100 0.873699 0.391102
v 1.387790 0.857636 0.465765
v 1.384760 0.875366 0.465706
v 1.409390 0.872785 0.465430
v 1.401180 0.873645 0.465522
v 1.406210 0.842353 0.465630
v 1.395600 0.858874 0.465667
v 1.395870 0.860033 0.465657
v 1.395840 0.861223 0.465651
v 1.395500 0.862365 0.465649
v 1.376780 0.879117 0.403567
v 1.376890 0.880114 0.409759
v 1.376970 0.880826 0.415998
v 1.377020 0.881253 0.422268
v 1.377050 0.881392 0.428555
v 1.377040 0.881243 0.434843
v 1.377000 0.880808 0.441119
v 1.376930 0.880087 0.447367
v 1.376830 0.879081 0.453573
v 1.376700 0.877793 0.459721
v 1.391630 0.924451 0.123316
v 1.394260 0.919149 0.127146
v 1.395570 0.919146 0.127222
v 1.411050 0.872652 0.397026
v 1.407880 0.842221 0.397226
v 1.412480 0.872499 0.403136
v 1.409310 0.842067 0.403336
v 1.413600 0.872378 0.409322
v 1.410430 0.841946 0.409522
v 1.414400 0.872289 0.415566
v 1.411230 0.841858 0.415766
v 1.414890 0.872235 0.421850
v 1.411720 0.841803 0.422050
v 1.415060 0.872213 0.428156
v 1.411880 0.841782 0.428356
v 1.414900 0.872226 0.434466
v 1.411730 0.841794 0.434666
v 1.414430 0.872271 0.440761
v 1.411260 0.841839 0.440960
v 1.413640 0.872350 0.447023
v 1.410470 0.841918 0.447222
v 1.412530 0.872462 0.453234
v 1.409360 0.842031 0.453433
v 1.411110 0.872607 0.459375
v 1.407940 0.842176 0.459575
v 1.385000 0.878301 0.460151
v 1.385040 0.878221 0.453481
v 1.385140 0.879226 0.447275
v 1.385210 0.879948 0.441027
v 1.385250 0.880383 0.434751
v 1.385250 0.880531 0.428463
v 1.390990 0.873513 0.173062
v 1.395230 0.879778 0.170912
v 1.401470 0.876611 0.396617
v 1.409480 0.874396 0.397067
v 1.401410 0.876536 0.403291
v 1.409620 0.875675 0.403199
v 1.401520 0.877533 0.409483
v 1.409730 0.876672 0.409391
v 1.401600 0.878245 0.415722
v 1.409810 0.877384 0.415630
v 1.401650 0.878671 0.421992
v 1.409860 0.877811 0.421900
v 1.401670 0.878810 0.428279
v 1.409890 0.877950 0.428187
v 1.393400 0.935482 0.122423
v 1.401400 0.876567 0.459991
v 1.401800 0.879754 0.453982
v 1.385380 0.881475 0.454166
v 1.402020 0.881946 0.447781
v 1.385600 0.883667 0.447965
v 1.402180 0.883529 0.441378
v 1.385760 0.885250 0.441562
v 1.402270 0.884488 0.434841
v 1.385850 0.886209 0.435025
v 1.402300 0.884812 0.428239
v 1.385880 0.886533 0.428423
v 1.402260 0.884497 0.421641
v 1.385840 0.886218 0.421826
v 1.402150 0.883548 0.415117
v 1.385730 0.885269 0.415301
v 1.401980 0.881974 0.408735
v 1.385560 0.883695 0.408919
v 1.401750 0.879791 0.402563
v 1.385330 0.881512 0.402747
v 1.389540 0.943975 0.003135
v 1.383310 0.942562 0.017965
v 1.383930 0.945172 0.021329
v 1.385970 0.941862 0.021322
v 1.392270 0.946953 0.037264
v 1.390890 0.949990 0.037316
v 1.401670 0.878662 0.434567
v 1.409880 0.877802 0.434475
v 1.401630 0.878227 0.440843
v 1.409840 0.877366 0.440751
v 1.401560 0.877505 0.447091
v 1.409770 0.876645 0.446999
v 1.401460 0.876500 0.453297
v 1.409670 0.875639 0.453205
v 1.384990 0.878257 0.403475
v 1.385100 0.879253 0.409667
v 1.385180 0.879966 0.415906
v 1.385230 0.880392 0.422176
v 1.391430 0.956988 0.001794
v 1.399470 0.959137 0.001581
v 1.409540 0.874351 0.459353
v 1.388780 0.939190 0.021306
v 1.393560 0.945737 0.037257
v 1.399230 0.955818 0.072079
v 1.399980 0.955616 0.065934
v 1.401760 0.953965 0.065893
v 1.364570 0.846715 0.469629
v 1.362530 0.836662 0.468514
v 1.363590 0.846819 0.468447
v 1.363510 0.836558 0.469695
v 1.365700 0.846596 0.470662
v 1.364640 0.836439 0.470728
v 1.365880 0.836308 0.471596
v 1.366940 0.846466 0.471529
v 1.367220 0.836168 0.472282
v 1.368280 0.846325 0.472216
v 1.368630 0.836019 0.472776
v 1.369690 0.846176 0.472709
v 1.370100 0.835865 0.473069
v 1.372620 0.845869 0.473091
v 1.371590 0.835709 0.473156
v 1.368900 0.846313 0.386035
v 1.367420 0.846467 0.386823
v 1.370450 0.846150 0.385457
v 1.373680 0.845813 0.384965
v 1.406040 0.842420 0.384603
v 1.408410 0.842171 0.384816
v 1.410410 0.841962 0.385477
v 1.411750 0.841821 0.386163
v 1.412990 0.841691 0.387029
v 1.414110 0.841572 0.388062
v 1.415100 0.841468 0.389243
v 1.415930 0.841381 0.390552
v 1.416590 0.841310 0.391966
v 1.417220 0.841243 0.394206
v 1.417460 0.841216 0.396594
v 1.361260 0.847107 0.396702
v 1.361220 0.847071 0.461092
v 1.361160 0.847117 0.398444
v 1.361320 0.847060 0.462674
v 1.361580 0.847074 0.394988
v 1.361910 0.846997 0.465073
v 1.362110 0.847020 0.393330
v 1.362760 0.846907 0.467138
v 1.362830 0.846945 0.391757
v 1.363740 0.846850 0.390296
v 1.364830 0.846738 0.388972
v 1.366060 0.846609 0.387808
v 1.405930 0.945474 0.002662
v 1.402600 0.951428 0.065894
v 1.384330 0.857448 0.222349
v 1.384910 0.869285 0.195894
v 1.397220 0.939413 0.117597
v 1.399920 0.933455 0.121676
v 1.387470 0.887998 0.169229
v 1.385280 0.881252 0.171147
v 1.390090 0.865694 0.215289
v 1.393020 0.864899 0.205825
v 1.393120 0.862532 0.214849
v 1.360160 0.836914 0.461159
v 1.360200 0.836949 0.396769
v 1.360100 0.836959 0.398511
v 1.360260 0.836903 0.462740
v 1.360520 0.836917 0.395054
v 1.360850 0.836840 0.465145
v 1.361050 0.836863 0.393396
v 1.361700 0.836749 0.467204
v 1.361770 0.836788 0.391823
v 1.362680 0.836693 0.390362
v 1.363770 0.836581 0.389038
v 1.365000 0.836452 0.387874
v 1.366360 0.836310 0.386890
v 1.367840 0.836156 0.386101
v 1.369390 0.835993 0.385523
v 1.371000 0.835825 0.385165
v 1.372640 0.835653 0.385032
v 1.404980 0.832263 0.384670
v 1.406470 0.832107 0.384757
v 1.407940 0.831953 0.385049
v 1.409350 0.831805 0.385543
v 1.410690 0.831664 0.386229
v 1.411930 0.831533 0.387096
v 1.413050 0.831415 0.388129
v 1.414040 0.831311 0.389309
v 1.414870 0.831223 0.390618
v 1.415530 0.831153 0.392033
v 1.416160 0.831086 0.394277
v 1.416410 0.831059 0.396660
v 1.385480 0.959967 0.021255
v 1.386000 0.963238 0.017900
v 1.388150 0.962784 0.021218
v 1.393270 0.956475 0.037217
v 1.392050 0.955193 0.037233
v 1.392200 0.937338 0.021281
v 1.395810 0.934727 0.017865
v 1.395410 0.944773 0.037226
v 1.395660 0.885380 0.167996
v 1.395730 0.884357 0.167326
v 1.395260 0.886368 0.168623
v 1.386180 0.883395 0.166120
v 1.386890 0.882507 0.165578
v 1.400090 0.952127 0.089502
v 1.394830 0.874768 0.177895
v 1.400020 0.950140 0.095096
v 1.398910 0.928089 0.118928
v 1.390300 0.928740 0.125679
v 1.390130 0.921544 0.128476
v 1.390840 0.920657 0.127934
v 1.384570 0.857216 0.539693
v 1.385530 0.856311 0.539688
v 1.385280 0.856544 0.222334
v 1.386680 0.855685 0.539679
v 1.386440 0.855918 0.222319
v 1.392870 0.881257 0.165113
v 1.391620 0.880996 0.164866
v 1.393970 0.881766 0.165514
v 1.394850 0.882486 0.166041
v 1.405050 0.966090 0.010622
v 1.400120 0.934843 0.017824
v 1.405790 0.936814 0.017613
v 1.390530 0.855787 0.539642
v 1.389030 0.855646 0.222296
v 1.389270 0.855413 0.539656
v 1.390290 0.856020 0.222288
v 1.391650 0.856474 0.539629
v 1.391410 0.856707 0.222284
v 1.392310 0.857660 0.222284
v 1.392560 0.857427 0.539617
v 1.392940 0.858815 0.222288
v 1.393180 0.858582 0.539606
v 1.384630 0.876270 0.177393
v 1.391900 0.856956 0.217401
v 1.391420 0.857254 0.212314
v 1.386870 0.867406 0.206268
v 1.383620 0.864585 0.205111
v 1.403450 0.966721 0.017665
v 1.390820 0.952206 0.037237
v 1.394770 0.957399 0.037199
v 1.401500 0.956693 0.037137
v 1.399950 0.957536 0.037149
v 1.396460 0.957901 0.037181
v 1.398230 0.957948 0.037164
v 1.398590 0.944530 0.037213
v 1.400290 0.945032 0.037195
v 1.401790 0.945956 0.037177
v 1.403830 0.949278 0.037581
v 1.403840 0.953716 0.037106
v 1.402780 0.955477 0.037130
v 1.399230 0.967731 0.017701
v 1.393240 0.860093 0.222296
v 1.393210 0.861406 0.222306
v 1.387710 0.855611 0.222306
v 1.393180 0.953722 0.065964
v 1.391430 0.877179 0.183525
v 1.394040 0.954190 0.077536
v 1.400890 0.953812 0.080028
v 1.402150 0.947810 0.080916
v 1.394580 0.942733 0.112169
v 1.391190 0.864691 0.222349
v 1.392390 0.863554 0.539594
v 1.391440 0.864458 0.539599
v 1.392150 0.863786 0.222334
v 1.390280 0.865085 0.539608
v 1.390040 0.865317 0.222363
v 1.389000 0.865391 0.539619
v 1.388760 0.865624 0.222376
v 1.395780 0.931507 0.127641
v 1.399670 0.922507 0.129682
v 1.399610 0.923529 0.130352
v 1.399200 0.924518 0.130979
v 1.386190 0.865215 0.222394
v 1.385070 0.864528 0.222398
v 1.409070 0.960592 0.021028
v 1.411100 0.957282 0.021021
v 1.403570 0.937640 0.021171
v 1.406880 0.939670 0.021132
v 1.412140 0.943841 0.009145
v 1.397680 0.946149 0.065886
v 1.391460 0.964814 0.021179
v 1.395180 0.965919 0.021139
v 1.399850 0.936536 0.021211
v 1.387450 0.865589 0.222387
v 1.387690 0.865356 0.539631
v 1.386430 0.864982 0.539645
v 1.385310 0.864295 0.539658
v 1.395070 0.926913 0.132309
v 1.396360 0.926645 0.132209
v 1.393760 0.926917 0.132233
v 1.388570 0.888506 0.169630
v 1.392520 0.926655 0.131986
v 1.389820 0.888767 0.169877
v 1.391420 0.926147 0.131585
v 1.388410 0.857834 0.203983
v 1.384280 0.859845 0.204673
v 1.390540 0.881915 0.177700
v 1.397520 0.926131 0.131940
v 1.410940 0.941482 0.017694
v 1.384080 0.960983 0.010593
v 1.395040 0.955577 0.066000
v 1.397740 0.956241 0.065962
v 1.412310 0.949677 0.021040
v 1.413750 0.947621 0.017435
v 1.411400 0.945901 0.021064
v 1.399060 0.966021 0.021101
v 1.392390 0.859409 0.205141
v 1.382830 0.948895 0.021324
v 1.392870 0.953095 0.071681
v 1.398490 0.925405 0.131521
v 1.382020 0.957170 0.017907
v 1.387960 0.855378 0.539669
v 1.393490 0.859860 0.539598
v 1.393450 0.861174 0.539593
v 1.393080 0.862433 0.539592
v 1.409550 0.942488 0.021095
v 1.416710 0.857717 0.431894
v 1.416730 0.856336 0.426768
v 1.417080 0.859397 0.431262
v 1.416770 0.857787 0.425751
v 1.422760 0.856913 0.431265
v 1.432450 0.855905 0.431214
v 1.426140 0.858222 0.433476
v 1.436510 0.857496 0.434448
v 1.428080 0.859220 0.437379
v 1.440730 0.858362 0.439507
v 1.428630 0.860393 0.441698
v 1.437140 0.860823 0.444769
v 1.425410 0.854635 0.424575
v 1.432420 0.854465 0.426376
v 1.422630 0.855609 0.426833
v 1.432050 0.855978 0.427857
v 1.439330 0.850960 0.414621
v 1.427800 0.852859 0.416179
v 1.427520 0.854037 0.420023
v 1.440010 0.852854 0.418971
v 1.434900 0.854243 0.423077
v 1.423020 0.858840 0.427588
v 1.404320 0.860596 0.426885
v 1.403980 0.857365 0.427153
v 1.432610 0.856327 0.425744
v 1.404430 0.861552 0.429032
v 1.432640 0.857767 0.430582
v 1.425700 0.856415 0.423696
v 1.422530 0.854827 0.429380
v 1.404330 0.860455 0.431100
v 1.403950 0.857253 0.430638
v 1.422960 0.858762 0.430623
v 1.395450 0.883370 0.166659
v 1.402830 0.965116 0.021069
v 1.392830 0.862666 0.222319
v 1.412200 0.953559 0.021026
v 1.414160 0.951753 0.010394
v 1.383630 0.956554 0.021286
v 1.406250 0.963264 0.021044
v 1.382730 0.952777 0.021310
v 1.650650 0.598501 0.109859
v 1.655490 0.597626 0.102039
v 1.649980 0.603266 0.105674
v 1.641690 0.605582 0.118118
v 1.645220 0.605470 0.113608
v 1.649410 0.608613 0.118902
v 1.637980 0.602936 0.123058
v 1.633850 0.603610 0.127438
v 1.634300 0.602483 0.127838
v 1.653580 0.607964 0.108181
v 1.662740 0.605890 0.097749
v 1.659840 0.605340 0.106430
v 1.657030 0.606515 0.096492
v 1.658940 0.597279 0.091298
v 1.657460 0.602620 0.087885
v 1.654570 0.602426 0.095839
v 1.547040 0.601330 0.472897
v 1.556710 0.597122 0.472520
v 1.546770 0.599703 0.472765
v 1.557120 0.599710 0.472815
v 1.546520 0.598104 0.472407
v 1.586960 0.611719 0.192450
v 1.581430 0.609551 0.196288
v 1.584080 0.613738 0.201147
v 1.655430 0.599981 0.002577
v 1.648910 0.601145 0.009686
v 1.650480 0.594719 0.008924
v 1.673920 0.586890 0.010140
v 1.675600 0.592281 0.004987
v 1.668580 0.587782 0.005411
v 1.669530 0.585012 0.017752
v 1.677400 0.589627 0.017588
v 1.662530 0.599671 0.100846
v 1.657540 0.599238 0.108975
v 1.584340 0.619006 0.186436
v 1.591700 0.616342 0.183525
v 1.588660 0.615815 0.189923
v 1.675180 0.614265 0.009104
v 1.669710 0.617216 0.010711
v 1.665970 0.614804 0.005435
v 1.657660 0.594204 0.002696
v 1.598480 0.608277 0.173010
v 1.602720 0.608586 0.169602
v 1.601940 0.607655 0.169183
v 1.603290 0.609722 0.169870
v 1.600150 0.613714 0.173542
v 1.603630 0.610987 0.169969
v 1.580730 0.618170 0.212625
v 1.579170 0.619509 0.217325
v 1.573100 0.619199 0.212224
v 1.572260 0.618925 0.217264
v 1.576280 0.613038 0.194306
v 1.578660 0.615660 0.188929
v 1.579400 0.619425 0.194896
v 1.556220 0.594130 0.471362
v 1.546270 0.596561 0.471829
v 1.546030 0.595099 0.471042
v 1.545440 0.591446 0.467570
v 1.555700 0.590900 0.468811
v 1.555520 0.589826 0.467487
v 1.545610 0.592520 0.468893
v 1.545290 0.590541 0.466109
v 1.555380 0.588922 0.466027
v 1.640210 0.609549 0.131017
v 1.601550 0.616246 0.168103
v 1.639360 0.610195 0.130400
v 1.602400 0.615600 0.168719
v 1.600580 0.616576 0.167438
v 1.638390 0.610525 0.129735
v 1.599550 0.616568 0.166769
v 1.637360 0.610516 0.129067
v 1.664020 0.605957 0.065882
v 1.660830 0.603793 0.071502
v 1.661390 0.604145 0.065832
v 1.662720 0.596647 0.071479
v 1.662950 0.596742 0.065775
v 1.661050 0.598633 0.065805
v 1.662540 0.606151 0.080254
v 1.659170 0.601980 0.080072
v 1.634970 0.601565 0.128364
v 1.641530 0.599831 0.125355
v 1.635820 0.600918 0.128981
v 1.596260 0.613494 0.164917
v 1.634650 0.608579 0.127482
v 1.596840 0.614630 0.165185
v 1.634070 0.607443 0.127214
v 1.592020 0.613108 0.168750
v 1.595920 0.612229 0.164817
v 1.578950 0.619334 0.222452
v 1.578080 0.619790 0.539737
v 1.577830 0.620022 0.222450
v 1.579200 0.619101 0.539725
v 1.576820 0.620165 0.539747
v 1.576570 0.620398 0.222445
v 1.575500 0.620203 0.539754
v 1.575260 0.620436 0.222436
v 1.574230 0.619899 0.539757
v 1.573980 0.620132 0.222425
v 1.583420 0.614231 0.180127
v 1.582030 0.609401 0.188139
v 1.586500 0.608461 0.184035
v 1.650270 0.607935 0.017845
v 1.653950 0.613203 0.010539
v 1.652550 0.611622 0.017869
v 1.650430 0.607845 0.009560
v 1.555890 0.592125 0.469975
v 1.545810 0.593744 0.470057
v 1.665350 0.606184 0.037162
v 1.663520 0.605798 0.029848
v 1.668990 0.604562 0.029850
v 1.661120 0.603752 0.037160
v 1.662830 0.605458 0.037166
v 1.670200 0.599492 0.037083
v 1.668190 0.597081 0.029794
v 1.670440 0.601656 0.037097
v 1.660370 0.600562 0.029834
v 1.660460 0.601939 0.037149
v 1.660650 0.599473 0.037145
v 1.668260 0.596938 0.037038
v 1.669780 0.603698 0.037135
v 1.663830 0.596329 0.029751
v 1.662710 0.596888 0.037080
v 1.665130 0.596107 0.037073
v 1.668010 0.605485 0.037132
v 1.592380 0.626239 0.465832
v 1.562420 0.632659 0.460031
v 1.592630 0.627807 0.459784
v 1.562170 0.631091 0.466078
v 1.562620 0.633949 0.453906
v 1.592830 0.629096 0.453659
v 1.562780 0.634956 0.447718
v 1.592990 0.630104 0.447471
v 1.562890 0.635679 0.441482
v 1.593100 0.630827 0.441235
v 1.562950 0.636116 0.435213
v 1.593160 0.631264 0.434966
v 1.562970 0.636266 0.428925
v 1.593180 0.631414 0.428679
v 1.562940 0.636128 0.422634
v 1.593150 0.631276 0.422388
v 1.562870 0.635704 0.416356
v 1.593080 0.630851 0.416109
v 1.562750 0.634993 0.410104
v 1.592960 0.630140 0.409857
v 1.562580 0.633997 0.403894
v 1.592790 0.629145 0.403647
v 1.562370 0.632720 0.397740
v 1.592580 0.627868 0.397494
v 1.562110 0.631163 0.391658
v 1.592320 0.626311 0.391412
v 1.668210 0.603412 0.083617
v 1.664160 0.606485 0.088924
v 1.674580 0.606168 0.002759
v 1.679400 0.600918 0.005704
v 1.680040 0.608476 0.009303
v 1.682050 0.600389 0.010064
v 1.680920 0.607065 0.017683
v 1.681920 0.602852 0.017637
v 1.666250 0.606089 0.065889
v 1.666260 0.617744 0.017722
v 1.661640 0.617324 0.009877
v 1.591010 0.618161 0.391322
v 1.593880 0.626056 0.397466
v 1.593890 0.617616 0.396808
v 1.657090 0.612044 0.005458
v 1.545170 0.589822 0.464536
v 1.555260 0.588202 0.464454
v 1.545090 0.589299 0.462878
v 1.555170 0.587680 0.462796
v 1.545040 0.588983 0.461164
v 1.555120 0.587363 0.461081
v 1.545020 0.588878 0.459422
v 1.555100 0.587258 0.459339
v 1.574190 0.616674 0.391409
v 1.575400 0.616877 0.465825
v 1.575350 0.616949 0.391405
v 1.574240 0.616601 0.465829
v 1.576590 0.616843 0.465817
v 1.576540 0.616915 0.391397
v 1.577730 0.616502 0.465806
v 1.577680 0.616575 0.391386
v 1.578750 0.615878 0.465792
v 1.578690 0.615950 0.391372
v 1.579570 0.615012 0.465776
v 1.579510 0.615085 0.391356
v 1.580070 0.614037 0.391340
v 1.580130 0.613965 0.465760
v 1.580350 0.612879 0.391325
v 1.580410 0.612807 0.465745
v 1.580310 0.611689 0.391311
v 1.580370 0.611617 0.465730
v 1.579970 0.610548 0.391299
v 1.580030 0.610476 0.465719
v 1.579350 0.609535 0.391291
v 1.579400 0.609462 0.465711
v 1.578480 0.608717 0.391286
v 1.578540 0.608645 0.465706
v 1.571270 0.611946 0.391370
v 1.571360 0.613064 0.465804
v 1.571310 0.613136 0.391384
v 1.571330 0.611874 0.465790
v 1.571700 0.614204 0.465816
v 1.571650 0.614277 0.391396
v 1.572330 0.615218 0.465824
v 1.572270 0.615290 0.391404
v 1.572110 0.609740 0.391338
v 1.571600 0.610715 0.465774
v 1.571550 0.610788 0.391354
v 1.572170 0.609668 0.465758
v 1.572990 0.608802 0.465742
v 1.572930 0.608875 0.391323
v 1.556860 0.598564 0.391298
v 1.587070 0.593712 0.391052
v 1.573940 0.608251 0.391309
v 1.575080 0.607910 0.391297
v 1.576270 0.607876 0.391290
v 1.577430 0.608151 0.391286
v 1.573140 0.616108 0.391408
v 1.588380 0.601862 0.391142
v 1.573200 0.616036 0.465828
v 1.591070 0.618089 0.465742
v 1.587130 0.593639 0.465472
v 1.588440 0.601789 0.465562
v 1.556920 0.598492 0.465718
v 1.574000 0.608178 0.465729
v 1.575140 0.607837 0.465717
v 1.576330 0.607804 0.465710
v 1.577490 0.608079 0.465706
v 1.595160 0.625845 0.403596
v 1.596160 0.625680 0.409787
v 1.596870 0.625559 0.416024
v 1.597310 0.625485 0.422294
v 1.597450 0.625455 0.428580
v 1.597310 0.625472 0.434869
v 1.596890 0.625535 0.441146
v 1.596180 0.625643 0.447395
v 1.595200 0.625797 0.453602
v 1.593930 0.625995 0.459752
v 1.639170 0.608515 0.123276
v 1.633730 0.606178 0.127115
v 1.633660 0.604871 0.127191
v 1.586800 0.591985 0.397068
v 1.556590 0.596837 0.397315
v 1.586570 0.590564 0.403178
v 1.556360 0.595417 0.403425
v 1.586400 0.589454 0.409365
v 1.556190 0.594306 0.409611
v 1.586280 0.588656 0.415609
v 1.556070 0.593508 0.415855
v 1.586210 0.588174 0.421893
v 1.556000 0.593027 0.422140
v 1.586180 0.588010 0.428199
v 1.555980 0.592862 0.428446
v 1.586220 0.588162 0.434509
v 1.556010 0.593014 0.434755
v 1.586300 0.588632 0.440804
v 1.556090 0.593484 0.441050
v 1.586430 0.589417 0.447065
v 1.556220 0.594269 0.447312
v 1.586610 0.590516 0.453276
v 1.556400 0.595368 0.453522
v 1.586850 0.591924 0.459417
v 1.556640 0.596777 0.459664
v 1.593980 0.617684 0.460181
v 1.593880 0.617647 0.453512
v 1.594870 0.617493 0.447305
v 1.595580 0.617385 0.441056
v 1.596000 0.617322 0.434779
v 1.596140 0.617306 0.428490
v 1.588420 0.611965 0.173101
v 1.594440 0.607383 0.170942
v 1.591280 0.601332 0.396652
v 1.588620 0.593457 0.397106
v 1.591220 0.601396 0.403326
v 1.589900 0.593246 0.403236
v 1.592220 0.601230 0.409517
v 1.590900 0.593080 0.409427
v 1.592930 0.601110 0.415754
v 1.591620 0.592960 0.415664
v 1.593360 0.601035 0.422024
v 1.592050 0.592885 0.421934
v 1.593510 0.601006 0.428310
v 1.592200 0.592856 0.428220
v 1.591340 0.601406 0.460025
v 1.594490 0.600828 0.454012
v 1.597110 0.617127 0.454192
v 1.596650 0.600485 0.447807
v 1.599280 0.616785 0.447987
v 1.598220 0.600239 0.441402
v 1.600840 0.616539 0.441582
v 1.599160 0.600094 0.434864
v 1.601780 0.616393 0.435044
v 1.599470 0.600049 0.428262
v 1.602100 0.616349 0.428442
v 1.599150 0.600106 0.421664
v 1.601780 0.616406 0.421844
v 1.598200 0.600265 0.415142
v 1.600820 0.616565 0.415322
v 1.596620 0.600523 0.408762
v 1.599250 0.616823 0.408942
v 1.594450 0.600878 0.402593
v 1.597070 0.617177 0.402773
v 1.656620 0.606670 0.002835
v 1.670820 0.609773 0.002678
v 1.657550 0.615814 0.017896
v 1.660120 0.615048 0.021257
v 1.656710 0.613203 0.021256
v 1.661470 0.606625 0.037190
v 1.664570 0.607841 0.037237
v 1.593370 0.601023 0.434599
v 1.592060 0.592873 0.434509
v 1.592950 0.601085 0.440876
v 1.591640 0.592936 0.440786
v 1.592240 0.601194 0.447125
v 1.590930 0.593044 0.447035
v 1.591260 0.601347 0.453332
v 1.589940 0.593197 0.453242
v 1.593840 0.617696 0.403506
v 1.594840 0.617530 0.409697
v 1.595560 0.617410 0.415934
v 1.595990 0.617335 0.422204
v 1.666680 0.601967 -0.000223
v 1.673170 0.598924 0.001455
v 1.653120 0.590052 0.009733
v 1.661250 0.587887 0.005462
v 1.588670 0.593396 0.459392
v 1.653880 0.610537 0.021244
v 1.660180 0.605412 0.037185
v 1.669990 0.599188 0.071992
v 1.669730 0.598449 0.065847
v 1.667990 0.596759 0.065809
v 1.563580 0.639826 0.469707
v 1.553660 0.642424 0.468607
v 1.563740 0.640804 0.468525
v 1.553500 0.641445 0.469789
v 1.563400 0.638710 0.470740
v 1.553320 0.640330 0.470822
v 1.553120 0.639097 0.471690
v 1.563210 0.637477 0.471608
v 1.552910 0.637767 0.472377
v 1.562990 0.636147 0.472295
v 1.552680 0.636362 0.472871
v 1.562770 0.634743 0.472789
v 1.552450 0.634908 0.473164
v 1.562300 0.631837 0.473171
v 1.552210 0.633429 0.473252
v 1.562810 0.635531 0.386114
v 1.563050 0.636993 0.386902
v 1.562560 0.633988 0.385536
v 1.562050 0.630785 0.385045
v 1.556870 0.598656 0.384691
v 1.556490 0.596313 0.384905
v 1.556170 0.594322 0.385566
v 1.555960 0.592992 0.386252
v 1.555760 0.591760 0.387120
v 1.555580 0.590645 0.388152
v 1.555420 0.589667 0.389333
v 1.555290 0.588843 0.390642
v 1.555190 0.588186 0.392057
v 1.555090 0.587566 0.394297
v 1.555050 0.587319 0.396685
v 1.564040 0.643109 0.396780
v 1.564110 0.643153 0.461169
v 1.564060 0.643214 0.398522
v 1.564100 0.643055 0.462751
v 1.563990 0.642793 0.395065
v 1.564000 0.642471 0.465150
v 1.563910 0.642270 0.393407
v 1.563870 0.641629 0.467215
v 1.563790 0.641551 0.391834
v 1.563640 0.640646 0.390374
v 1.563470 0.639572 0.389050
v 1.563270 0.638348 0.387886
v 1.662390 0.600256 0.000003
v 1.665410 0.596070 0.065814
v 1.572820 0.619508 0.222412
v 1.584570 0.618275 0.195939
v 1.645640 0.599137 0.120487
v 1.652600 0.603025 0.119438
v 1.648450 0.598621 0.115097
v 1.603070 0.614682 0.169246
v 1.596460 0.617243 0.171173
v 1.580730 0.613297 0.215341
v 1.579760 0.610416 0.205877
v 1.577400 0.610449 0.214905
v 1.554030 0.644773 0.461252
v 1.553960 0.644729 0.396862
v 1.553980 0.644834 0.398604
v 1.554010 0.644674 0.462833
v 1.553910 0.644412 0.395147
v 1.553920 0.644089 0.465238
v 1.553820 0.643890 0.393489
v 1.553790 0.643249 0.467298
v 1.553700 0.643170 0.391917
v 1.553560 0.642266 0.390456
v 1.553380 0.641192 0.389132
v 1.553180 0.639967 0.387968
v 1.552970 0.638613 0.386984
v 1.552730 0.637151 0.386196
v 1.552480 0.635608 0.385618
v 1.552220 0.634009 0.385260
v 1.551960 0.632382 0.385128
v 1.546790 0.600276 0.384774
v 1.546550 0.598798 0.384861
v 1.546310 0.597344 0.385154
v 1.546090 0.595941 0.385648
v 1.545870 0.594612 0.386335
v 1.545680 0.593379 0.387202
v 1.545500 0.592264 0.388235
v 1.545340 0.591286 0.389416
v 1.545210 0.590462 0.390725
v 1.545100 0.589806 0.392139
v 1.545010 0.589184 0.394384
v 1.544970 0.588939 0.396767
v 1.674810 0.612689 0.021160
v 1.678040 0.611986 0.017799
v 1.677470 0.609867 0.021119
v 1.670920 0.605107 0.037128
v 1.669700 0.606391 0.037147
v 1.651840 0.607232 0.021222
v 1.649030 0.603774 0.017810
v 1.659110 0.603617 0.037156
v 1.600000 0.606648 0.168017
v 1.598970 0.606639 0.167349
v 1.601010 0.606994 0.168643
v 1.598540 0.616221 0.166144
v 1.597610 0.615560 0.165603
v 1.666280 0.598535 0.089420
v 1.589470 0.608062 0.177933
v 1.664310 0.598712 0.095017
v 1.643530 0.609598 0.125633
v 1.636360 0.610170 0.128441
v 1.635430 0.609509 0.127901
v 1.573070 0.619275 0.539757
v 1.572110 0.618373 0.539753
v 1.571870 0.618605 0.222399
v 1.571420 0.617254 0.539746
v 1.571180 0.617487 0.222385
v 1.596040 0.609662 0.165140
v 1.595840 0.610922 0.164894
v 1.596480 0.608534 0.165540
v 1.597150 0.607616 0.166067
v 1.679820 0.592805 0.010520
v 1.648910 0.599459 0.017769
v 1.650560 0.593685 0.017555
v 1.571310 0.613404 0.539709
v 1.570760 0.614915 0.222362
v 1.571010 0.614682 0.539723
v 1.571070 0.613637 0.222354
v 1.571940 0.612248 0.539694
v 1.571690 0.612481 0.222349
v 1.572590 0.611526 0.222348
v 1.572840 0.611294 0.539680
v 1.573710 0.610838 0.222350
v 1.573960 0.610605 0.539668
v 1.591530 0.618163 0.177428
v 1.571910 0.611977 0.217466
v 1.572220 0.612436 0.212378
v 1.582600 0.616423 0.206316
v 1.579960 0.619823 0.205163
v 1.680550 0.594376 0.017561
v 1.666790 0.607789 0.037154
v 1.671760 0.603552 0.037109
v 1.670680 0.596871 0.037049
v 1.671610 0.598375 0.037059
v 1.672160 0.601834 0.037090
v 1.672110 0.600068 0.037073
v 1.658690 0.600449 0.037144
v 1.659100 0.598730 0.037125
v 1.659940 0.597176 0.037105
v 1.662510 0.595046 0.037121
v 1.664630 0.594403 0.037033
v 1.668770 0.595509 0.037537
v 1.681800 0.598524 0.017595
v 1.574970 0.610462 0.222356
v 1.576280 0.610424 0.222364
v 1.570800 0.616228 0.222373
v 1.666530 0.592762 0.001615
v 1.668220 0.605340 0.065880
v 1.592070 0.611330 0.183558
v 1.668650 0.604455 0.077451
v 1.667900 0.597637 0.079944
v 1.661840 0.596711 0.080841
v 1.662930 0.609153 0.001788
v 1.657240 0.604559 0.112101
v 1.579670 0.612254 0.222402
v 1.578960 0.611120 0.539648
v 1.579920 0.612022 0.539652
v 1.578720 0.611352 0.222388
v 1.580610 0.613140 0.539660
v 1.580360 0.613373 0.222415
v 1.580990 0.614399 0.539670
v 1.580740 0.614632 0.222427
v 1.645990 0.603975 0.127591
v 1.636790 0.600588 0.129646
v 1.637810 0.600597 0.130314
v 1.638830 0.600943 0.130940
v 1.580480 0.617223 0.222446
v 1.579850 0.618379 0.222451
v 1.674130 0.589103 0.020934
v 1.670710 0.587258 0.020933
v 1.651520 0.595855 0.021113
v 1.653360 0.592439 0.021070
v 1.660410 0.601270 0.065814
v 1.679320 0.606451 0.021077
v 1.680220 0.602674 0.021036
v 1.650620 0.599632 0.021154
v 1.580780 0.615945 0.222438
v 1.581030 0.615712 0.539683
v 1.580720 0.616990 0.539696
v 1.580100 0.618146 0.539711
v 1.641450 0.604935 0.132266
v 1.641110 0.603671 0.132167
v 1.641520 0.606242 0.132190
v 1.603520 0.613554 0.169646
v 1.641330 0.607503 0.131943
v 1.603710 0.612294 0.169893
v 1.640880 0.608630 0.131543
v 1.572950 0.615415 0.204047
v 1.575190 0.619426 0.204732
v 1.596840 0.611954 0.177726
v 1.640530 0.602534 0.131899
v 1.654940 0.588289 0.017630
v 1.669970 0.603385 0.065913
v 1.670480 0.600653 0.065874
v 1.663050 0.586471 0.020963
v 1.660910 0.585139 0.017362
v 1.659330 0.587582 0.020993
v 1.680100 0.598794 0.020998
v 1.574310 0.611346 0.205203
v 1.663900 0.615946 0.021246
v 1.667620 0.605690 0.071597
v 1.639750 0.601604 0.131480
v 1.672200 0.616292 0.017817
v 1.571050 0.615995 0.539735
v 1.575220 0.610229 0.539658
v 1.576530 0.610192 0.539651
v 1.577810 0.610495 0.539648
v 1.656030 0.589617 0.021029
v 1.571630 0.587164 0.431960
v 1.570240 0.587219 0.426836
v 1.573280 0.586694 0.431325
v 1.571680 0.587096 0.425816
v 1.570490 0.581165 0.431332
v 1.568950 0.571550 0.431284
v 1.571610 0.577721 0.433542
v 1.570310 0.567400 0.434515
v 1.572510 0.575725 0.437442
v 1.570950 0.563143 0.439573
v 1.573650 0.575111 0.441761
v 1.573620 0.566588 0.444831
v 1.568060 0.578646 0.424645
v 1.567500 0.571655 0.426448
v 1.569190 0.581366 0.426902
v 1.569030 0.571936 0.427927
v 1.563600 0.564951 0.414699
v 1.566140 0.576354 0.416253
v 1.567330 0.576570 0.420095
v 1.565460 0.564168 0.419046
v 1.567140 0.569192 0.423149
v 1.572390 0.580796 0.427652
v 1.575180 0.599374 0.426945
v 1.571970 0.599893 0.427219
v 1.569350 0.571358 0.425813
v 1.576130 0.599209 0.429091
v 1.570790 0.571254 0.430649
v 1.569820 0.578256 0.423765
v 1.568410 0.581507 0.429451
v 1.575040 0.599375 0.431160
v 1.571870 0.599928 0.430703
v 1.572320 0.580866 0.430687
v 1.598000 0.606969 0.166684
v 1.678990 0.595074 0.020968
v 1.577560 0.610728 0.222375
v 1.666930 0.586361 0.020943
v 1.667100 0.584662 0.010254
v 1.660350 0.585308 0.009940
v 1.671500 0.614724 0.021197
v 1.676950 0.591769 0.020946
v 1.667780 0.615835 0.021226
v 1.519690 0.764800 0.499586
v 1.509690 0.762105 0.499074
v 1.513540 0.757135 0.500009
v 1.516920 0.768531 0.499090
v 1.505830 0.766898 0.500146
v 1.513620 0.772559 0.500009
v 1.511340 0.775655 0.501059
v 1.502780 0.771005 0.501421
v 1.508350 0.779702 0.502553
v 1.499950 0.774745 0.502953
v 1.543190 0.734305 0.512379
v 1.526820 0.739752 0.509481
v 1.535540 0.728427 0.512377
v 1.534490 0.745660 0.509481
v 1.551800 0.723825 0.531132
v 1.551700 0.723216 0.525968
v 1.547260 0.721123 0.523131
v 1.551380 0.724400 0.526163
v 1.550500 0.725087 0.522321
v 1.545550 0.731294 0.513883
v 1.543430 0.733954 0.511493
v 1.534750 0.745228 0.508609
v 1.532050 0.748683 0.506599
v 1.500370 0.789935 0.509477
v 1.502290 0.787522 0.507087
v 1.500020 0.790326 0.508609
v 1.491630 0.801270 0.512377
v 1.491340 0.801601 0.511493
v 1.489730 0.803806 0.513415
v 1.485200 0.809642 0.522287
v 1.485820 0.809035 0.518965
v 1.483990 0.811149 0.522202
v 1.484010 0.811627 0.526162
v 1.483070 0.812338 0.525973
v 1.481100 0.810209 0.530538
v 1.483090 0.812309 0.536350
v 1.482700 0.812859 0.532200
v 1.477630 0.808950 0.529755
v 1.551720 0.723187 0.536349
v 1.552140 0.722634 0.531195
v 1.544610 0.719932 0.539661
v 1.551410 0.724357 0.536120
v 1.550110 0.725519 0.540931
v 1.543460 0.733922 0.550827
v 1.545130 0.731746 0.548911
v 1.543210 0.734289 0.549943
v 1.534780 0.745197 0.553711
v 1.534480 0.745627 0.552844
v 1.532570 0.747882 0.555203
v 1.516550 0.768814 0.563220
v 1.514660 0.771320 0.561049
v 1.513390 0.772935 0.562406
v 1.502860 0.786709 0.555814
v 1.500400 0.789933 0.552841
v 1.500050 0.790295 0.553711
v 1.491640 0.801239 0.549941
v 1.491360 0.801570 0.550827
v 1.489710 0.803785 0.548892
v 1.488150 0.805775 0.546100
v 1.487040 0.807053 0.546460
v 1.486030 0.808575 0.543749
v 1.484490 0.810858 0.539433
v 1.483740 0.811930 0.534192
v 1.508530 0.763566 0.563096
v 1.505230 0.767788 0.561886
v 1.511400 0.775656 0.561250
v 1.502770 0.770935 0.560901
v 1.508960 0.778638 0.560210
v 1.499350 0.775451 0.558955
v 1.506270 0.782271 0.558467
v 1.495180 0.780821 0.555802
v 1.489480 0.804018 0.546491
v 1.490990 0.802061 0.547984
v 1.491990 0.800761 0.548778
v 1.508890 0.778809 0.558230
v 1.510300 0.776976 0.559000
v 1.511740 0.775113 0.559687
v 1.513190 0.773224 0.560292
v 1.516160 0.769378 0.561249
v 1.517410 0.767746 0.561542
v 1.518670 0.766114 0.561249
v 1.520620 0.763885 0.562500
v 1.520160 0.764182 0.560813
v 1.521630 0.762269 0.560292
v 1.523080 0.760379 0.559687
v 1.524290 0.758747 0.560889
v 1.524520 0.758516 0.559000
v 1.525930 0.756683 0.558230
v 1.527320 0.754883 0.557380
v 1.527170 0.755107 0.559389
v 1.528670 0.753121 0.556451
v 1.547520 0.729019 0.546413
v 1.544320 0.732802 0.547556
v 1.546290 0.730246 0.545310
v 1.548000 0.728038 0.542547
v 1.547590 0.728613 0.516492
v 1.546280 0.730265 0.517025
v 1.544890 0.732063 0.515378
v 1.543810 0.733463 0.514337
v 1.524500 0.758547 0.503321
v 1.523060 0.760410 0.502633
v 1.521990 0.761895 0.500444
v 1.521610 0.762300 0.502028
v 1.520130 0.764213 0.501507
v 1.518640 0.766145 0.501072
v 1.517390 0.767777 0.500779
v 1.516130 0.769409 0.501072
v 1.514640 0.771342 0.501507
v 1.534380 0.746461 0.533651
v 1.532200 0.749293 0.533399
v 1.533450 0.747641 0.523148
v 1.531060 0.750778 0.519701
v 1.524180 0.759712 0.531998
v 1.527440 0.755460 0.516727
v 1.512200 0.775251 0.532633
v 1.504400 0.785384 0.533491
v 1.509360 0.778938 0.526102
v 1.509160 0.779209 0.515099
v 1.503490 0.786581 0.522012
v 1.501880 0.788685 0.533345
v 1.512320 0.775041 0.514668
v 1.537480 0.725944 0.513489
v 1.549140 0.726702 0.519470
v 1.542840 0.734732 0.548779
v 1.542810 0.734762 0.513543
v 1.534070 0.746121 0.551691
v 1.534040 0.746152 0.510629
v 1.532550 0.748084 0.553210
v 1.532530 0.748116 0.509110
v 1.531300 0.749718 0.554364
v 1.531270 0.749749 0.507956
v 1.530000 0.751398 0.555445
v 1.529980 0.751429 0.506875
v 1.528650 0.753152 0.505869
v 1.527290 0.754915 0.504940
v 1.525910 0.756714 0.504090
v 1.513170 0.773255 0.502028
v 1.511710 0.775144 0.502633
v 1.510280 0.777007 0.503321
v 1.508870 0.778840 0.504090
v 1.507510 0.780609 0.557380
v 1.507480 0.780640 0.504940
v 1.506150 0.782371 0.556451
v 1.506120 0.782403 0.505869
v 1.504820 0.784094 0.555445
v 1.504800 0.784125 0.506875
v 1.503530 0.785774 0.554364
v 1.503500 0.785805 0.507956
v 1.502270 0.787408 0.553210
v 1.502250 0.787439 0.509110
v 1.500760 0.789371 0.551691
v 1.500730 0.789403 0.510629
v 1.491960 0.800793 0.513542
v 1.490480 0.802723 0.514764
v 1.488880 0.804795 0.516546
v 1.487640 0.806411 0.518314
v 1.486660 0.807687 0.542212
v 1.515260 0.754686 0.561573
v 1.492720 0.784022 0.552840
v 1.542050 0.720087 0.520226
v 1.484000 0.795346 0.549943
v 1.543780 0.717692 0.531057
v 1.543540 0.718032 0.527101
v 1.524230 0.742618 0.555725
v 1.526840 0.739721 0.552840
v 1.529980 0.751589 0.557561
v 1.520890 0.747559 0.558497
v 1.487440 0.806739 0.516011
v 1.479910 0.800620 0.515904
v 1.477690 0.803575 0.519748
v 1.518070 0.751086 0.560228
v 1.535560 0.728396 0.549943
v 1.540610 0.721874 0.544954
v 1.537510 0.725846 0.548898
v 1.543570 0.717991 0.535173
v 1.549060 0.727050 0.543533
v 1.528600 0.753266 0.503781
v 1.525000 0.757772 0.501782
v 1.504860 0.783946 0.504748
v 1.497090 0.778239 0.504937
v 1.494460 0.781871 0.507156
v 1.482070 0.797879 0.548909
v 1.492700 0.784053 0.509481
v 1.483980 0.795377 0.512377
v 1.482170 0.797897 0.513349
v 1.476310 0.805228 0.523894
v 1.475860 0.805908 0.528086
v 1.475890 0.805875 0.534264
v 1.476440 0.805280 0.538393
v 1.539690 0.723019 0.515900
v 1.477680 0.803532 0.542549
v 1.479830 0.800736 0.546424
v 1.522330 0.745611 0.504849
v 1.524820 0.742280 0.506976
v 1.527120 0.739353 0.508609
v 1.535810 0.728079 0.511493
v 1.544240 0.717106 0.527042
v 1.544490 0.716766 0.532204
v 1.544100 0.717310 0.536351
v 1.499930 0.792256 0.521012
v 1.501360 0.789752 0.525320
v 1.499590 0.791956 0.528582
v 1.535830 0.728047 0.550827
v 1.527150 0.739322 0.553711
v 1.492420 0.784420 0.553711
v 1.483730 0.795695 0.550827
v 1.475280 0.806651 0.535279
v 1.492390 0.784451 0.508609
v 1.483710 0.795726 0.511493
v 1.475440 0.806463 0.525968
v 1.516450 0.753131 0.501331
v 1.519490 0.749261 0.502922
v 1.520175 0.526117 0.295998
v 1.409820 0.465679 0.279860
v 1.409780 0.465926 0.280529
v 1.385750 0.459483 0.280078
v 1.269440 0.486998 0.488835
v 1.269120 0.487181 0.491439
v 1.274540 0.484067 0.490648
v 1.269720 0.486841 0.598801
v 1.264300 0.489955 0.599591
v 1.269400 0.487024 0.601404
v 1.269590 0.486915 0.377725
v 1.269265 0.487098 0.380329
v 1.274685 0.483983 0.379539
v 1.181840 0.600035 0.493922
v 1.181740 0.600393 0.496525
v 1.183370 0.594359 0.495735
v 1.181795 0.600197 0.605032
v 1.181700 0.600555 0.607636
v 1.183325 0.594521 0.606845
v 1.181880 0.599873 0.382812
v 1.181785 0.600231 0.385416
v 1.183415 0.594196 0.384626
v 1.199635 0.536007 0.528919
v 1.199275 0.538450 0.525365
v 1.199275 0.538450 0.522085
v 1.199550 0.537975 0.520556
v 1.200365 0.538560 0.519345
v 1.200735 0.534440 0.517911
v 1.199985 0.537219 0.519244
v 1.543660 0.724320 0.295608
v 1.381060 0.834489 0.488472
v 1.360910 0.459114 0.279713
v 1.360870 0.459361 0.280383
v 1.202835 0.532809 0.512852
v 1.208370 0.526900 0.535763
v 1.372865 0.459844 0.280802
v 1.348025 0.459475 0.280437
v 1.393210 0.837355 0.471170
v 1.384310 0.834495 0.469459
v 1.304530 0.849398 0.596498
v 1.305360 0.850085 0.596497
v 1.307355 0.848348 0.596496
v 1.306520 0.850339 0.596497
v 1.306805 0.847919 0.656711
v 1.261105 0.475088 0.655564
v 1.550805 0.562027 0.649268
v 1.548710 0.569037 0.653162
v 1.530965 0.525569 0.650941
v 1.528960 0.525364 0.650941
v 1.528930 0.525368 0.654834
v 1.540785 0.542524 0.654854
v 1.536710 0.548114 0.654838
v 1.534030 0.535986 0.654834
v 1.539260 0.547138 0.654839
v 1.533190 0.527478 0.650940
v 1.537260 0.545138 0.626794
v 1.541015 0.542706 0.626795
v 1.539825 0.542523 0.626795
v 1.540000 0.542557 0.596688
v 1.540525 0.542534 0.626795
v 1.539295 0.542546 0.626795
v 1.540090 0.547792 0.596688
v 1.540840 0.542672 0.656902
v 1.539065 0.547644 0.596688
v 1.538825 0.542773 0.596688
v 1.541050 0.544348 0.657558
v 1.538610 0.545180 0.657564
v 1.540155 0.543818 0.657565
v 1.539625 0.543841 0.657565
v 1.334990 0.451006 0.655649
v 1.237850 0.479742 0.650750
v 1.248470 0.474672 0.654643
v 1.259615 0.469452 0.654647
v 1.272180 0.464302 0.654647
v 1.271480 0.457038 0.654647
v 1.257615 0.471639 0.655681
v 1.256340 0.470995 0.626603
v 1.256335 0.470992 0.596496
v 1.255705 0.470625 0.626604
v 1.256145 0.470932 0.656713
v 1.256775 0.471298 0.626605
v 1.257145 0.471339 0.656713
v 1.257340 0.471402 0.626603
v 1.258910 0.471022 0.596497
v 1.257635 0.471362 0.596496
v 1.257510 0.466114 0.626604
v 1.257735 0.466164 0.596498
v 1.258255 0.466142 0.626604
v 1.257330 0.466164 0.656711
v 1.256810 0.466187 0.626604
v 1.256200 0.466526 0.626604
v 1.260460 0.467826 0.655680
v 1.258895 0.466418 0.596498
v 1.260145 0.469463 0.656711
v 1.255045 0.469223 0.596497
v 1.260170 0.468117 0.656711
v 1.258605 0.466549 0.655679
v 1.257125 0.467489 0.657373
v 1.257825 0.467416 0.657373
v 1.258810 0.468092 0.657373
v 1.257100 0.469988 0.657375
v 1.256665 0.469684 0.657373
v 1.258785 0.469438 0.657373
v 1.258980 0.468766 0.657373
v 1.256380 0.469241 0.657373
v 1.332150 0.850233 0.646861
v 1.328810 0.853817 0.646861
v 1.324325 0.855314 0.646861
v 1.287050 0.843987 0.646856
v 1.326775 0.855231 0.650750
v 1.328335 0.853961 0.650750
v 1.317240 0.850035 0.654643
v 1.288445 0.846213 0.650754
v 1.308625 0.845713 0.655681
v 1.305045 0.849948 0.626604
v 1.305505 0.850190 0.626604
v 1.307820 0.847246 0.657375
v 1.306240 0.846443 0.657373
v 1.232275 0.501195 0.658334
v 1.360940 0.448258 0.646859
v 1.387220 0.448555 0.646568
v 1.360960 0.451516 0.656956
v 1.360925 0.451277 0.656559
v 1.335045 0.451400 0.656814
v 1.360940 0.451684 0.657211
v 1.386820 0.451561 0.656956
v 1.309360 0.455352 0.646466
v 1.465490 0.830584 0.646860
v 1.465535 0.830561 0.650753
v 1.451475 0.838643 0.650753
v 1.465520 0.830570 0.654647
v 1.459470 0.832838 0.654660
v 1.481210 0.820721 0.654643
v 1.461565 0.826771 0.654647
v 1.444905 0.838865 0.652972
v 1.481225 0.820712 0.650750
v 1.466170 0.826100 0.655694
v 1.462560 0.824988 0.626606
v 1.464430 0.824980 0.626606
v 1.464200 0.824962 0.656713
v 1.463710 0.824797 0.626604
v 1.461100 0.826413 0.626604
v 1.464595 0.829790 0.626606
v 1.461675 0.829281 0.656711
v 1.309520 0.456393 0.657598
v 1.309460 0.455867 0.656913
v 1.334800 0.449543 0.657409
v 1.309685 0.456808 0.658132
v 1.284345 0.463132 0.657635
v 1.250165 0.482283 0.646004
v 1.229605 0.498153 0.645942
v 1.534275 0.562928 0.659606
v 1.521105 0.541196 0.659471
v 1.520305 0.526002 0.656128
v 1.360890 0.449446 0.657256
v 1.360935 0.449167 0.656889
v 1.387085 0.449597 0.657422
v 1.360950 0.449973 0.657941
v 1.154890 0.616328 0.646861
v 1.164715 0.574569 0.646856
v 1.156185 0.617907 0.650754
v 1.160115 0.593890 0.654660
v 1.158500 0.619687 0.654647
v 1.160110 0.606809 0.654647
v 1.161265 0.596404 0.654660
v 1.162860 0.593180 0.654647
v 1.165890 0.572885 0.654728
v 1.158475 0.619671 0.650754
v 1.160080 0.596907 0.655694
v 1.159305 0.592047 0.596498
v 1.158755 0.592560 0.626604
v 1.162280 0.591435 0.655760
v 1.159990 0.592527 0.655676
v 1.160540 0.591296 0.655679
v 1.161010 0.591068 0.655679
v 1.159840 0.591698 0.656711
v 1.165585 0.572930 0.650750
v 1.160485 0.591442 0.626604
v 1.160030 0.591574 0.626604
v 1.160205 0.591546 0.596498
v 1.163580 0.593426 0.626604
v 1.159035 0.595958 0.626604
v 1.163215 0.592813 0.626685
v 1.162875 0.592204 0.626685
v 1.163240 0.592813 0.596497
v 1.163215 0.592817 0.656792
v 1.159635 0.596317 0.626604
v 1.159630 0.596314 0.596497
v 1.160230 0.596674 0.626604
v 1.161005 0.591480 0.626604
v 1.161180 0.591452 0.596497
v 1.162300 0.591848 0.596497
v 1.160925 0.596685 0.626604
v 1.160925 0.596685 0.596497
v 1.160935 0.596687 0.656713
v 1.160945 0.594082 0.656792
v 1.161540 0.594439 0.656792
v 1.431055 0.449120 0.650753
v 1.415415 0.444897 0.654647
v 1.437660 0.458974 0.650835
v 1.437215 0.455634 0.650830
v 1.407695 0.442937 0.654647
v 1.413345 0.446034 0.654662
v 1.423290 0.447143 0.654647
v 1.424530 0.449164 0.654648
v 1.416810 0.447205 0.654648
v 1.401895 0.447627 0.654647
v 1.403950 0.446187 0.654643
v 1.415530 0.450377 0.654648
v 1.435820 0.453408 0.654729
v 1.432740 0.450008 0.650754
v 1.415680 0.446033 0.626604
v 1.435775 0.453105 0.650750
v 1.412045 0.447929 0.626604
v 1.412045 0.447929 0.596497
v 1.415305 0.447316 0.657373
v 1.415910 0.448844 0.657373
v 1.415555 0.449441 0.657373
v 1.413385 0.447940 0.657373
v 1.360925 0.448672 0.655903
v 1.360945 0.448500 0.655490
v 1.387210 0.448709 0.655876
v 1.360965 0.448949 0.656506
v 1.387135 0.449239 0.646091
v 1.274150 0.471813 0.659385
v 1.262755 0.477965 0.659160
v 1.457665 0.480653 0.659733
v 1.435930 0.467132 0.659696
v 1.425360 0.458585 0.646861
v 1.399955 0.451731 0.646861
v 1.210970 0.516498 0.645976
v 1.310365 0.459161 0.659557
v 1.285295 0.465418 0.659378
v 1.435655 0.467786 0.658219
v 1.480445 0.492481 0.658223
v 1.533495 0.748340 0.654647
v 1.360960 0.450884 0.658737
v 1.334930 0.450562 0.658491
v 1.360890 0.450391 0.658341
v 1.398750 0.457665 0.658314
v 1.387160 0.449099 0.656672
v 1.436565 0.465604 0.657595
v 1.424155 0.462181 0.657549
v 1.399190 0.455444 0.657549
v 1.459050 0.478250 0.657322
v 1.360950 0.451077 0.655964
v 1.360930 0.450922 0.655197
v 1.360940 0.451153 0.656272
v 1.386880 0.451069 0.655820
v 1.437550 0.463231 0.657445
v 1.437335 0.463757 0.658087
v 1.386855 0.451269 0.656415
v 1.549325 0.597893 0.658107
v 1.457305 0.481120 0.659597
v 1.423725 0.463218 0.658113
v 1.411310 0.460163 0.658090
v 1.423455 0.464221 0.658316
v 1.411765 0.458466 0.657211
v 1.545430 0.725046 0.657435
v 1.544325 0.724584 0.658622
v 1.543025 0.724049 0.659378
v 1.541575 0.723446 0.659696
v 1.527040 0.744597 0.659462
v 1.412595 0.455391 0.655490
v 1.531215 0.747017 0.646272
v 1.498810 0.786954 0.659378
v 1.479660 0.803842 0.659696
v 1.335375 0.453861 0.659732
v 1.496755 0.784856 0.659597
v 1.360880 0.452112 0.657593
v 1.335120 0.451955 0.657516
v 1.360920 0.452429 0.657898
v 1.479225 0.803279 0.658219
v 1.386825 0.451439 0.659001
v 1.437895 0.462409 0.655928
v 1.437740 0.462779 0.656721
v 1.436530 0.465684 0.659379
v 1.481030 0.805638 0.656956
v 1.335215 0.452755 0.659588
v 1.412625 0.455409 0.646568
v 1.424510 0.461088 0.646270
v 1.534560 0.562739 0.658195
v 1.521890 0.540698 0.658196
v 1.535780 0.562071 0.659589
v 1.541835 0.573408 0.659696
v 1.528965 0.551285 0.659462
v 1.470150 0.812611 0.646260
v 1.537495 0.561329 0.656908
v 1.546585 0.571452 0.646466
v 1.386980 0.450295 0.658187
v 1.412290 0.456397 0.657422
v 1.412390 0.456152 0.657079
v 1.412245 0.456676 0.657788
v 1.423240 0.464730 0.658195
v 1.310720 0.460815 0.658287
v 1.286160 0.467522 0.658219
v 1.335070 0.451625 0.659172
v 1.497720 0.511364 0.658219
v 1.437020 0.464508 0.658743
v 1.310125 0.458375 0.657322
v 1.310165 0.458691 0.657627
v 1.524965 0.538644 0.655650
v 1.412420 0.455933 0.656695
v 1.412510 0.455727 0.656314
v 1.283940 0.462141 0.655928
v 1.232455 0.501400 0.659776
v 1.222580 0.509618 0.659437
v 1.204035 0.527546 0.659379
v 1.212600 0.517941 0.659099
v 1.219210 0.789005 0.655517
v 1.219435 0.788834 0.656128
v 1.200885 0.770220 0.656128
v 1.201525 0.769730 0.657417
v 1.202475 0.769002 0.658596
v 1.203615 0.768130 0.659378
v 1.223490 0.784740 0.659733
v 1.204860 0.767178 0.659696
v 1.205970 0.766331 0.659597
v 1.223805 0.784422 0.658099
v 1.223470 0.784859 0.658219
v 1.205420 0.766748 0.658219
v 1.459960 0.820915 0.646410
v 1.459925 0.820855 0.656314
v 1.436430 0.832094 0.658634
v 1.435895 0.830804 0.659378
v 1.467855 0.809099 0.659606
v 1.435295 0.829354 0.659696
v 1.468855 0.810744 0.658113
v 1.469540 0.811637 0.657549
v 1.296545 0.835460 0.646104
v 1.296355 0.836172 0.645935
v 1.411670 0.839829 0.657598
v 1.386390 0.846680 0.657409
v 1.411500 0.839415 0.658132
v 1.411260 0.838832 0.658597
v 1.385665 0.841130 0.659597
v 1.360275 0.845949 0.658241
v 1.360215 0.842597 0.658310
v 1.334705 0.842131 0.658242
v 1.360285 0.843145 0.658193
v 1.360225 0.843646 0.657972
v 1.334440 0.844166 0.657524
v 1.412530 0.455555 0.655901
v 1.263985 0.480104 0.659570
v 1.253095 0.486832 0.659622
v 1.233075 0.501999 0.658092
v 1.284305 0.463014 0.646004
v 1.272375 0.468301 0.646860
v 1.321440 0.843471 0.645978
v 1.211575 0.517045 0.658070
v 1.211205 0.516670 0.657384
v 1.210805 0.516356 0.656713
v 1.308660 0.840668 0.655901
v 1.283295 0.833813 0.655928
v 1.283445 0.833443 0.656721
v 1.283635 0.832992 0.657445
v 1.284655 0.830539 0.659379
v 1.285260 0.829090 0.659696
v 1.285880 0.827594 0.657862
v 1.284015 0.832079 0.646104
v 1.261165 0.819574 0.645921
v 1.238160 0.807106 0.646118
v 1.263535 0.815688 0.658219
v 1.263200 0.816125 0.658340
v 1.240745 0.803742 0.658223
v 1.240115 0.804552 0.657770
v 1.239620 0.805195 0.656924
v 1.239325 0.805588 0.655649
v 1.219885 0.788318 0.645938
v 1.222260 0.785967 0.658107
v 1.221965 0.786340 0.657770
v 1.203740 0.768028 0.657788
v 1.221595 0.786614 0.657451
v 1.221320 0.786832 0.656924
v 1.221120 0.787102 0.656416
v 1.203095 0.768521 0.656943
v 1.175960 0.724221 0.646115
v 1.187340 0.747738 0.650766
v 1.195445 0.758111 0.658094
v 1.199835 0.755214 0.657862
v 1.199300 0.755524 0.658196
v 1.197260 0.756874 0.657754
v 1.196890 0.757148 0.657436
v 1.196615 0.757366 0.656909
v 1.183550 0.734953 0.656143
v 1.176830 0.723853 0.655650
v 1.168640 0.699220 0.645934
v 1.166895 0.673269 0.658219
v 1.172925 0.698047 0.658340
v 1.172410 0.698258 0.658224
v 1.165800 0.673411 0.658223
v 1.170150 0.698762 0.655648
v 1.163925 0.647768 0.659098
v 1.164680 0.647869 0.659378
v 1.165440 0.647771 0.659658
v 1.164725 0.621976 0.659378
v 1.166240 0.647878 0.659696
v 1.166280 0.622185 0.659696
v 1.166390 0.647773 0.658340
v 1.165840 0.647844 0.658223
v 1.165885 0.622131 0.658223
v 1.165295 0.647770 0.658107
v 1.164905 0.622000 0.657805
v 1.173225 0.584055 0.646080
v 1.164215 0.608748 0.650744
v 1.171635 0.583557 0.656327
v 1.175755 0.571177 0.657435
v 1.176865 0.571638 0.658622
v 1.170950 0.610107 0.659602
v 1.175260 0.584788 0.658042
v 1.169105 0.609685 0.658158
v 1.168560 0.609611 0.658042
v 1.168125 0.609553 0.657740
v 1.166805 0.609269 0.654878
v 1.173570 0.584202 0.650574
v 1.176610 0.571523 0.646097
v 1.188995 0.548564 0.645947
v 1.188380 0.548280 0.656713
v 1.188780 0.548594 0.657384
v 1.202875 0.526654 0.658572
v 1.191245 0.549870 0.657756
v 1.272895 0.469348 0.657275
v 1.273060 0.469763 0.657808
v 1.310440 0.459720 0.659689
v 1.561065 0.702333 0.654660
v 1.561080 0.689413 0.654647
v 1.559920 0.699819 0.654660
v 1.553080 0.715567 0.654647
v 1.552255 0.723738 0.654647
v 1.559555 0.699524 0.626606
v 1.558445 0.700134 0.626604
v 1.557735 0.701254 0.596497
v 1.562350 0.703756 0.626604
v 1.562365 0.700547 0.626604
v 1.562720 0.702851 0.626604
v 1.558905 0.704787 0.655760
v 1.560170 0.705155 0.655679
v 1.559475 0.705143 0.655679
v 1.560175 0.704741 0.656711
v 1.558910 0.704374 0.656792
v 1.557585 0.702274 0.596497
v 1.560875 0.704751 0.626604
v 1.557975 0.703409 0.626685
v 1.562430 0.703600 0.596498
v 1.561555 0.699906 0.626604
v 1.561550 0.699905 0.656711
v 1.560955 0.699548 0.626604
v 1.560180 0.704742 0.626604
v 1.559485 0.704731 0.626604
v 1.560260 0.699537 0.626604
v 1.560265 0.699538 0.596497
v 1.560080 0.704157 0.656792
v 1.558305 0.702151 0.656792
v 1.560245 0.702140 0.656792
v 1.559645 0.701782 0.656792
v 1.547115 0.685666 0.659462
v 1.543040 0.710457 0.659462
v 1.544680 0.685008 0.659462
v 1.202320 0.753751 0.659462
v 1.266075 0.483421 0.659456
v 1.255245 0.489646 0.659465
v 1.198510 0.554157 0.659462
v 1.187375 0.747793 0.646861
v 1.192695 0.771150 0.646861
v 1.180250 0.746056 0.646861
v 1.188465 0.769036 0.646861
v 1.190255 0.770709 0.650750
v 1.192290 0.770911 0.654643
v 1.197625 0.770974 0.654647
v 1.188030 0.768801 0.650750
v 1.200490 0.770602 0.650754
v 1.182635 0.753743 0.655694
v 1.183790 0.750519 0.596496
v 1.183585 0.752501 0.626606
v 1.179765 0.753291 0.596497
v 1.180450 0.748565 0.626604
v 1.183135 0.749308 0.596497
v 1.182425 0.751819 0.657375
v 1.181245 0.752479 0.657373
v 1.180940 0.749824 0.657373
v 1.181920 0.752308 0.657373
v 1.309375 0.455660 0.656532
v 1.284095 0.462510 0.656721
v 1.273360 0.470281 0.658408
v 1.309305 0.455497 0.656120
v 1.272810 0.469141 0.656894
v 1.310090 0.458136 0.656924
v 1.545285 0.711250 0.659717
v 1.558995 0.648434 0.645895
v 1.559335 0.648480 0.657187
v 1.553705 0.648448 0.658100
v 1.554205 0.673944 0.658220
v 1.555895 0.648452 0.658107
v 1.556350 0.648396 0.657785
v 1.557115 0.674331 0.656929
v 1.557495 0.648456 0.656416
v 1.557605 0.674399 0.655648
v 1.555720 0.687236 0.645925
v 1.556850 0.687452 0.655095
v 1.553160 0.700066 0.655698
v 1.548340 0.712261 0.658121
v 1.555635 0.687180 0.657485
v 1.553790 0.686826 0.656908
v 1.165815 0.686451 0.294485
v 1.360195 0.846515 0.294886
v 1.334130 0.846461 0.294878
v 1.360260 0.847013 0.295526
v 1.297725 0.832022 0.294167
v 1.285505 0.828485 0.294251
v 1.297930 0.831520 0.294275
v 1.322490 0.838115 0.294289
v 1.334760 0.841720 0.294266
v 1.322420 0.838662 0.294168
v 1.499800 0.787807 0.297608
v 1.481315 0.806010 0.296838
v 1.220040 0.788285 0.306477
v 1.219535 0.788673 0.306369
v 1.201495 0.769751 0.306450
v 1.525110 0.538543 0.293739
v 1.518055 0.527742 0.293366
v 1.524525 0.538989 0.293367
v 1.272715 0.469001 0.306399
v 1.410600 0.836332 0.294262
v 1.385890 0.842906 0.294262
v 1.410530 0.835784 0.294145
v 1.435450 0.829722 0.294262
v 1.410810 0.836843 0.294379
v 1.360930 0.450946 0.297166
v 1.499645 0.509527 0.295145
v 1.481270 0.491404 0.294957
v 1.203325 0.530594 0.535073
v 1.210375 0.523620 0.515752
v 1.198435 0.554089 0.279096
v 1.206420 0.526949 0.514419
v 1.464930 0.804787 0.671573
v 1.335405 0.836916 0.672301
v 1.360265 0.837186 0.672718
v 1.174425 0.672287 0.672561
v 1.540225 0.600296 0.672334
v 1.540600 0.600244 0.672848
v 1.546765 0.623924 0.672599
v 1.299195 0.826411 0.671830
v 1.323035 0.833364 0.672266
v 1.323070 0.833135 0.671886
v 1.299015 0.826852 0.672107
v 1.311350 0.830633 0.672522
v 1.311430 0.830508 0.673065
v 1.443765 0.817663 0.671900
v 1.521825 0.741552 0.672974
v 1.360860 0.459943 0.671775
v 1.192045 0.730824 0.665009
v 1.492140 0.517041 0.671872
v 1.541640 0.599939 0.670549
v 1.547660 0.623798 0.673335
v 1.226870 0.781340 0.673353
v 1.180870 0.600625 0.671939
v 1.492265 0.516861 0.672384
v 1.474955 0.499602 0.672128
v 1.443770 0.817705 0.673447
v 1.287510 0.823680 0.672087
v 1.384700 0.833708 0.665226
v 1.511025 0.533123 0.671405
v 1.182625 0.587822 0.671088
v 1.185965 0.575426 0.671092
v 1.203175 0.753011 0.673331
v 1.312175 0.827667 0.672490
v 1.183250 0.587972 0.673221
v 1.179695 0.600307 0.673248
v 1.182395 0.587737 0.673588
v 1.210880 0.532818 0.665005
v 1.257675 0.493193 0.671388
v 1.173250 0.647784 0.670552
v 1.533960 0.720271 0.672684
v 1.227725 0.780542 0.671461
v 1.464610 0.804374 0.673376
v 1.475390 0.798288 0.673375
v 1.278575 0.480737 0.672378
v 1.257140 0.492615 0.672996
v 1.278165 0.479743 0.673254
v 1.288690 0.473671 0.673275
v 1.267505 0.485746 0.673261
v 1.277750 0.478978 0.673602
v 1.256725 0.491850 0.673343
v 1.245915 0.498133 0.673340
v 1.256280 0.491264 0.673606
v 1.277530 0.478462 0.673423
v 1.288190 0.472459 0.673416
v 1.255945 0.490820 0.673342
v 1.266385 0.484301 0.673156
v 1.287980 0.472054 0.672642
v 1.229465 0.516540 0.672048
v 1.229215 0.516222 0.672693
v 1.360215 0.835075 0.673342
v 1.360265 0.835570 0.673545
v 1.198510 0.554157 0.670550
v 1.186140 0.575495 0.665006
v 1.323235 0.832195 0.673554
v 1.335690 0.834821 0.673138
v 1.312045 0.465857 0.671983
v 1.409835 0.465588 0.672568
v 1.397795 0.462744 0.672337
v 1.421810 0.469262 0.672063
v 1.433595 0.472770 0.671902
v 1.385580 0.460811 0.665006
v 1.420795 0.472165 0.670989
v 1.453675 0.487555 0.671302
v 1.454110 0.486628 0.673055
v 1.360920 0.460768 0.670552
v 1.336260 0.460725 0.665008
v 1.408935 0.468935 0.671293
v 1.312125 0.466446 0.671300
v 1.312425 0.467067 0.670551
v 1.360915 0.461969 0.672747
v 1.227205 0.514270 0.672380
v 1.267485 0.808760 0.671614
v 1.312200 0.827404 0.671916
v 1.288290 0.821810 0.672870
v 1.266455 0.484484 0.672052
v 1.255965 0.490860 0.671924
v 1.277780 0.479134 0.671484
v 1.500685 0.525820 0.659462
v 1.484190 0.507715 0.673067
v 1.409150 0.830666 0.672388
v 1.266375 0.810688 0.671724
v 1.335805 0.833944 0.672169
v 1.199750 0.740637 0.665226
v 1.193655 0.730034 0.659462
v 1.455380 0.484593 0.672298
v 1.454955 0.485131 0.671914
v 1.476485 0.497617 0.671917
v 1.227440 0.780907 0.673546
v 1.523430 0.554296 0.673346
v 1.553390 0.623071 0.294622
v 1.199735 0.739697 0.488052
v 1.199915 0.740019 0.490656
v 1.196800 0.734601 0.489866
v 1.199815 0.739843 0.599161
v 1.200000 0.740165 0.601765
v 1.196885 0.734746 0.600975
v 1.199645 0.739551 0.376942
v 1.199830 0.739873 0.379546
v 1.196715 0.734455 0.378756
v 1.311385 0.826034 0.489852
v 1.311740 0.826131 0.492456
v 1.305705 0.824503 0.491666
v 1.311075 0.825950 0.599818
v 1.317110 0.827578 0.600608
v 1.311435 0.826048 0.602422
v 1.311220 0.825990 0.378743
v 1.311575 0.826088 0.381346
v 1.305545 0.824459 0.380556
v 1.451715 0.809242 0.483308
v 1.457130 0.806127 0.484098
v 1.452035 0.809058 0.485912
v 1.451855 0.809158 0.594417
v 1.457275 0.806043 0.595207
v 1.452180 0.808975 0.597021
v 1.451990 0.809083 0.373342
v 1.452310 0.808900 0.375946
v 1.446890 0.812016 0.375156
v 1.539090 0.697147 0.479409
v 1.539190 0.696790 0.482013
v 1.537560 0.702824 0.481223
v 1.539005 0.697455 0.589375
v 1.540635 0.691420 0.590165
v 1.539100 0.697097 0.591979
v 1.538920 0.697779 0.367156
v 1.540545 0.691745 0.367946
v 1.539015 0.697422 0.369760
v 1.521675 0.556907 0.483707
v 1.518560 0.551488 0.484497
v 1.521495 0.556585 0.486310
v 1.521590 0.556761 0.594816
v 1.518475 0.551343 0.595606
v 1.521405 0.556439 0.597420
v 1.521515 0.556630 0.373741
v 1.521335 0.556307 0.376345
v 1.524450 0.561726 0.375555
v 1.409805 0.469663 0.485310
v 1.409445 0.469564 0.487915
v 1.415480 0.471193 0.487124
v 1.410110 0.469747 0.595275
v 1.404075 0.468118 0.596066
v 1.409755 0.469648 0.597879
v 1.410435 0.469835 0.373057
v 1.404400 0.468206 0.373847
v 1.410075 0.469737 0.375661
v 1.171665 0.622903 0.293174
v 1.168205 0.647776 0.293174
v 1.465385 0.805842 0.293174
v 1.398485 0.459064 0.293174
v 1.174995 0.724610 0.295764
v 1.212975 0.528188 0.531879
v 1.521815 0.741650 0.279804
v 1.522145 0.741789 0.279363
v 1.500905 0.771578 0.279582
v 1.539910 0.600399 0.281647
v 1.360925 0.460711 0.281498
v 1.348135 0.460321 0.281204
v 1.372810 0.460348 0.281150
v 1.246430 0.498795 0.279933
v 1.493345 0.515811 0.281465
v 1.502605 0.524081 0.280848
v 1.511005 0.533123 0.281222
v 1.528790 0.745492 0.292789
v 1.541570 0.723444 0.292789
v 1.528050 0.745183 0.292752
v 1.515910 0.767721 0.292789
v 1.529430 0.745982 0.292827
v 1.385985 0.839322 0.468236
v 1.207645 0.534293 0.514111
v 1.212050 0.529107 0.515467
v 1.454600 0.485943 0.281393
v 1.433375 0.473279 0.281143
v 1.454735 0.485633 0.281095
v 1.348080 0.459958 0.280841
v 1.336085 0.459475 0.280422
v 1.433680 0.472546 0.280578
v 1.409610 0.466349 0.280795
v 1.186730 0.575749 0.279508
v 1.390150 0.838169 0.468451
v 1.392720 0.832438 0.484218
v 1.228350 0.515408 0.287555
v 1.210880 0.532818 0.287555
v 1.219630 0.524101 0.282087
v 1.454320 0.486508 0.279344
v 1.454520 0.486049 0.279129
v 1.433090 0.473965 0.279299
v 1.277915 0.479548 0.293023
v 1.184805 0.574945 0.279501
v 1.213345 0.527821 0.517203
v 1.214310 0.526856 0.519419
v 1.542240 0.599808 0.280924
v 1.211385 0.522615 0.518593
v 1.385550 0.839960 0.380986
v 1.377695 0.834484 0.484927
v 1.382850 0.839316 0.469526
v 1.455000 0.485283 0.280807
v 1.219065 0.523546 0.279149
v 1.228310 0.515314 0.279488
v 1.236750 0.506367 0.279221
v 1.181115 0.599724 0.280708
v 1.238280 0.508042 0.281643
v 1.246870 0.499368 0.281149
v 1.227705 0.514700 0.280090
v 1.534970 0.720693 0.279261
v 1.311345 0.830615 0.279707
v 1.546185 0.660659 0.281217
v 1.219325 0.771658 0.279115
v 1.171980 0.634882 0.279177
v 1.172095 0.634881 0.280043
v 1.445520 0.821207 0.294859
v 1.386260 0.455765 0.294016
v 1.236560 0.789318 0.279061
v 1.549375 0.648438 0.279930
v 1.443335 0.816642 0.282087
v 1.392140 0.837638 0.488168
v 1.393675 0.837229 0.486436
v 1.388030 0.838792 0.468779
v 1.390010 0.838266 0.470530
v 1.433810 0.472230 0.279767
v 1.523515 0.742617 0.280768
v 1.336195 0.460321 0.281189
v 1.179860 0.696320 0.279411
v 1.185945 0.720101 0.279225
v 1.180435 0.696076 0.279600
v 1.348245 0.461788 0.279932
v 1.348195 0.461417 0.279407
v 1.372705 0.461811 0.279860
v 1.409555 0.466854 0.281144
v 1.385655 0.460234 0.281096
v 1.476225 0.497948 0.281058
v 1.484010 0.789607 0.282059
v 1.236160 0.789850 0.279390
v 1.244650 0.798660 0.279361
v 1.198550 0.741333 0.279277
v 1.197975 0.741577 0.279088
v 1.409440 0.467197 0.279107
v 1.409240 0.467656 0.279323
v 1.179550 0.696283 0.282649
v 1.175500 0.681062 0.283211
v 1.409420 0.467164 0.281443
v 1.226730 0.781530 0.280071
v 1.288255 0.821902 0.279578
v 1.266540 0.810291 0.279085
v 1.265885 0.811434 0.279393
v 1.266285 0.810902 0.279064
v 1.265780 0.811680 0.279783
v 1.287415 0.823922 0.279486
v 1.244375 0.799035 0.280193
v 1.244830 0.798453 0.280921
v 1.502725 0.773245 0.279815
v 1.347895 0.836592 0.279287
v 1.347895 0.836710 0.280158
v 1.372765 0.836739 0.280588
v 1.360250 0.837092 0.279969
v 1.335640 0.835066 0.279318
v 1.347985 0.835868 0.279056
v 1.372675 0.835921 0.279055
v 1.288575 0.821122 0.280832
v 1.408500 0.828199 0.279655
v 1.179630 0.599317 0.279098
v 1.173225 0.662934 0.283211
v 1.173240 0.653420 0.286174
v 1.235945 0.790004 0.280742
v 1.236275 0.789580 0.280967
v 1.312100 0.827934 0.279788
v 1.311875 0.828486 0.279348
v 1.311450 0.830370 0.279318
v 1.409140 0.468395 0.279972
v 1.385490 0.461626 0.279780
v 1.197405 0.742051 0.280754
v 1.336480 0.462416 0.281110
v 1.312705 0.468035 0.279687
v 1.312495 0.467519 0.279323
v 1.288830 0.473978 0.279487
v 1.311795 0.829034 0.279107
v 1.235820 0.790162 0.280239
v 1.218300 0.772500 0.280621
v 1.312385 0.466715 0.279073
v 1.336260 0.460773 0.279272
v 1.360940 0.462440 0.281038
v 1.546170 0.636223 0.281639
v 1.336090 0.459481 0.279520
v 1.267330 0.485874 0.279169
v 1.267540 0.486390 0.279532
v 1.443170 0.816426 0.279467
v 1.409000 0.468728 0.280434
v 1.409780 0.465787 0.279315
v 1.372805 0.461072 0.279211
v 1.348085 0.459786 0.279056
v 1.348025 0.459298 0.279554
v 1.372905 0.459420 0.279249
v 1.348085 0.460613 0.279157
v 1.501605 0.772292 0.279123
v 1.484620 0.507136 0.279113
v 1.408555 0.828746 0.279420
v 1.408920 0.829605 0.279047
v 1.178460 0.599008 0.279163
v 1.225080 0.510896 0.597929
v 1.253710 0.487642 0.385551
v 1.231175 0.777548 0.659462
v 1.269740 0.489211 0.659462
v 1.507255 0.535978 0.659462
v 1.513140 0.546212 0.659462
v 1.522975 0.568355 0.659462
v 1.360930 0.451857 0.295065
v 1.386710 0.452374 0.294728
v 1.436380 0.831982 0.293742
v 1.470185 0.812728 0.293888
v 1.481500 0.806243 0.293908
v 1.361025 0.450786 0.293880
v 1.360935 0.450120 0.294382
v 1.334960 0.450732 0.293888
v 1.386915 0.450831 0.293880
v 1.197885 0.553858 0.279072
v 1.185650 0.575301 0.279099
v 1.179010 0.599239 0.279188
v 1.172440 0.623024 0.279162
v 1.287775 0.823065 0.279117
v 1.311540 0.829645 0.279087
v 1.335470 0.836339 0.279308
v 1.510780 0.763772 0.279312
v 1.360020 0.460430 0.279190
v 1.372905 0.460247 0.279350
v 1.385690 0.460062 0.279270
v 1.409680 0.466613 0.279177
v 1.433530 0.472922 0.279153
v 1.454925 0.485524 0.279079
v 1.460825 0.475207 0.297838
v 1.281525 0.459927 0.305624
v 1.277375 0.457316 0.305624
v 1.272655 0.457014 0.305624
v 1.255710 0.465629 0.305625
v 1.239555 0.477996 0.303407
v 1.269755 0.457550 0.301731
v 1.275045 0.456469 0.301735
v 1.276880 0.457298 0.301735
v 1.257020 0.468105 0.297825
v 1.248990 0.479675 0.297838
v 1.267155 0.463930 0.297842
v 1.272145 0.457005 0.297842
v 1.264750 0.464483 0.297838
v 1.259745 0.468574 0.297826
v 1.257035 0.470939 0.297837
v 1.272160 0.456996 0.301735
v 1.281525 0.459927 0.301731
v 1.283840 0.461710 0.301731
v 1.259530 0.470524 0.325881
v 1.260015 0.469358 0.355988
v 1.259635 0.470317 0.355988
v 1.257565 0.466195 0.325881
v 1.257805 0.471520 0.325881
v 1.257105 0.471527 0.325881
v 1.257450 0.471477 0.355988
v 1.256425 0.471355 0.325880
v 1.255820 0.471014 0.325880
v 1.256145 0.471143 0.355988
v 1.255205 0.470848 0.296805
v 1.256550 0.470837 0.296804
v 1.259245 0.466161 0.296712
v 1.258560 0.465961 0.296794
v 1.258075 0.466382 0.295692
v 1.258035 0.466068 0.296799
v 1.256865 0.466289 0.295780
v 1.255325 0.468433 0.296811
v 1.258125 0.471386 0.295773
v 1.258065 0.466354 0.325881
v 1.258240 0.466367 0.355988
v 1.258750 0.466554 0.325799
v 1.256780 0.471398 0.295774
v 1.259235 0.468435 0.295693
v 1.259440 0.467722 0.295690
v 1.258110 0.469076 0.295692
v 1.257430 0.468904 0.295692
v 1.221080 0.787189 0.293595
v 1.239470 0.805379 0.293503
v 1.221400 0.786785 0.293296
v 1.411665 0.840178 0.295302
v 1.167970 0.647806 0.294689
v 1.167610 0.647759 0.294453
v 1.240495 0.804075 0.294412
v 1.360965 0.449094 0.295739
v 1.360940 0.449302 0.295383
v 1.387135 0.449140 0.295739
v 1.333980 0.847577 0.305988
v 1.360240 0.847289 0.306345
v 1.309205 0.454977 0.297838
v 1.479225 0.803279 0.294266
v 1.559720 0.648502 0.295969
v 1.559940 0.648473 0.296350
v 1.559670 0.622256 0.295764
v 1.250215 0.482357 0.306492
v 1.284305 0.463014 0.306481
v 1.167620 0.647851 0.292887
v 1.167665 0.622369 0.292887
v 1.167035 0.647774 0.292752
v 1.167575 0.673180 0.292887
v 1.168205 0.647776 0.293023
v 1.550120 0.712875 0.305625
v 1.556975 0.687472 0.305625
v 1.296810 0.834625 0.293459
v 1.296540 0.835606 0.294135
v 1.309280 0.838288 0.293716
v 1.321685 0.842001 0.293889
v 1.321955 0.841020 0.293213
v 1.321600 0.842658 0.294383
v 1.334275 0.845391 0.293880
v 1.309475 0.456181 0.306504
v 1.253700 0.487624 0.293020
v 1.253345 0.487157 0.292884
v 1.242375 0.493487 0.292887
v 1.275435 0.474453 0.292884
v 1.275660 0.474999 0.293020
v 1.286425 0.468157 0.292887
v 1.170580 0.685533 0.294355
v 1.176750 0.710219 0.294192
v 1.410880 0.837314 0.294715
v 1.386030 0.843924 0.294715
v 1.435835 0.830653 0.294697
v 1.411055 0.837734 0.295033
v 1.309350 0.455690 0.295969
v 1.284115 0.462570 0.295746
v 1.410770 0.836703 0.292827
v 1.435895 0.830804 0.293107
v 1.540565 0.544478 0.297825
v 1.540100 0.547203 0.297826
v 1.537735 0.544493 0.297837
v 1.529415 0.525657 0.299513
v 1.541195 0.547376 0.296791
v 1.538365 0.547391 0.296804
v 1.540175 0.547525 0.325881
v 1.539990 0.547520 0.295772
v 1.539645 0.547570 0.325879
v 1.539130 0.547470 0.325879
v 1.539315 0.547475 0.355988
v 1.541015 0.542599 0.355988
v 1.538310 0.542168 0.296806
v 1.539885 0.542235 0.355988
v 1.538915 0.542393 0.355988
v 1.538420 0.542565 0.325881
v 1.537935 0.543061 0.355988
v 1.540500 0.547386 0.355988
v 1.542660 0.545664 0.296798
v 1.424215 0.462021 0.295136
v 1.436610 0.465495 0.295055
v 1.424005 0.462526 0.294591
v 1.296150 0.836624 0.306484
v 1.411955 0.457779 0.296851
v 1.436990 0.464588 0.296665
v 1.411925 0.457850 0.296543
v 1.361035 0.452201 0.293107
v 1.360935 0.452960 0.292827
v 1.386730 0.452247 0.293106
v 1.458940 0.478570 0.294892
v 1.459150 0.478065 0.295437
v 1.458730 0.478834 0.294575
v 1.556440 0.699799 0.305624
v 1.549585 0.725202 0.305624
v 1.564695 0.692932 0.297837
v 1.558875 0.703687 0.297826
v 1.559120 0.700099 0.297837
v 1.566555 0.680898 0.299513
v 1.568100 0.685404 0.301731
v 1.558470 0.703667 0.355989
v 1.562165 0.703647 0.355988
v 1.562780 0.701081 0.355988
v 1.561150 0.704245 0.295774
v 1.562825 0.702472 0.355988
v 1.560480 0.698870 0.296805
v 1.562045 0.699791 0.325881
v 1.562370 0.700134 0.325881
v 1.562235 0.700023 0.355988
v 1.562475 0.700338 0.295774
v 1.561575 0.699562 0.325881
v 1.561440 0.699452 0.355988
v 1.560970 0.699222 0.325881
v 1.561575 0.699562 0.295774
v 1.559660 0.704354 0.325881
v 1.560645 0.700536 0.295112
v 1.561250 0.700877 0.295112
v 1.559000 0.702152 0.295112
v 1.559650 0.703015 0.295112
v 1.559345 0.700902 0.295112
v 1.560325 0.703189 0.295112
v 1.559950 0.700543 0.295111
v 1.165440 0.647770 0.292827
v 1.198860 0.755859 0.294168
v 1.199300 0.755524 0.294289
v 1.205420 0.766748 0.294265
v 1.220980 0.787239 0.296641
v 1.309935 0.457389 0.293889
v 1.309740 0.456918 0.294244
v 1.284805 0.464241 0.293743
v 1.310025 0.458054 0.293388
v 1.460015 0.476740 0.294567
v 1.460200 0.476302 0.295077
v 1.437405 0.463599 0.294608
v 1.410465 0.835960 0.292790
v 1.410365 0.835163 0.292752
v 1.385840 0.842512 0.292790
v 1.435295 0.829354 0.292790
v 1.261760 0.818599 0.296530
v 1.284200 0.831641 0.296683
v 1.261730 0.818664 0.296819
v 1.498010 0.786112 0.294261
v 1.479895 0.804157 0.294261
v 1.312030 0.847512 0.305624
v 1.287715 0.845437 0.305624
v 1.305735 0.851316 0.301731
v 1.321395 0.855537 0.301731
v 1.305750 0.851321 0.297838
v 1.290145 0.847110 0.301731
v 1.284925 0.842220 0.297842
v 1.296605 0.847279 0.297823
v 1.298095 0.849133 0.297838
v 1.304540 0.849297 0.297823
v 1.313685 0.853339 0.297838
v 1.315775 0.852216 0.297837
v 1.308120 0.850028 0.297837
v 1.295440 0.842161 0.297838
v 1.296495 0.844438 0.297842
v 1.298585 0.845747 0.297838
v 1.305030 0.845912 0.297823
v 1.308610 0.846642 0.297837
v 1.288055 0.845801 0.301735
v 1.304470 0.848894 0.296797
v 1.305960 0.850747 0.296813
v 1.309380 0.848641 0.355988
v 1.309540 0.848139 0.325881
v 1.306230 0.850343 0.325881
v 1.305725 0.850258 0.325888
v 1.309840 0.847998 0.296806
v 1.308510 0.846148 0.295773
v 1.308050 0.849625 0.296812
v 1.308150 0.845554 0.355988
v 1.309115 0.846494 0.325881
v 1.309505 0.847618 0.355988
v 1.309505 0.847615 0.295775
v 1.306370 0.849090 0.295118
v 1.305515 0.847843 0.295112
v 1.308195 0.847988 0.295112
v 1.308160 0.847464 0.295112
v 1.558950 0.648500 0.306538
v 1.260755 0.820338 0.306397
v 1.260980 0.819815 0.306471
v 1.283655 0.832945 0.306472
v 1.333990 0.847479 0.296522
v 1.219295 0.788979 0.305983
v 1.237840 0.807514 0.306010
v 1.310660 0.460438 0.294145
v 1.164915 0.686617 0.306437
v 1.171845 0.711872 0.306520
v 1.284455 0.463394 0.294517
v 1.272735 0.469114 0.295746
v 1.549325 0.597893 0.294378
v 1.556420 0.622680 0.294727
v 1.439720 0.836262 0.305433
v 1.443865 0.838873 0.305433
v 1.448590 0.839175 0.305433
v 1.465535 0.830560 0.305434
v 1.481685 0.818193 0.303216
v 1.479545 0.822501 0.301540
v 1.451495 0.838639 0.301540
v 1.446200 0.839721 0.301544
v 1.444365 0.838892 0.301544
v 1.442010 0.838025 0.301540
v 1.444345 0.838873 0.297651
v 1.464230 0.828084 0.297634
v 1.439700 0.836243 0.297647
v 1.451740 0.831395 0.297647
v 1.472260 0.816516 0.297647
v 1.454095 0.832262 0.297651
v 1.449105 0.839185 0.297651
v 1.456500 0.831707 0.297647
v 1.461505 0.827616 0.297634
v 1.464215 0.825252 0.297646
v 1.483045 0.816932 0.299322
v 1.439720 0.836262 0.301540
v 1.437410 0.834480 0.301540
v 1.461230 0.827311 0.325690
v 1.461230 0.828041 0.325689
v 1.464030 0.829944 0.355797
v 1.466050 0.825367 0.296532
v 1.463120 0.824807 0.325689
v 1.463180 0.829836 0.325689
v 1.463005 0.829823 0.355797
v 1.461470 0.828510 0.325689
v 1.461470 0.828510 0.355797
v 1.461470 0.828506 0.295582
v 1.464505 0.827511 0.295501
v 1.463195 0.826526 0.295501
v 1.463435 0.826994 0.295501
v 1.497390 0.511787 0.294379
v 1.310870 0.460949 0.294265
v 1.286160 0.467522 0.294265
v 1.335440 0.454412 0.294265
v 1.310940 0.461496 0.294386
v 1.297125 0.833888 0.293028
v 1.297325 0.833383 0.292903
v 1.284900 0.829965 0.292891
v 1.220440 0.787761 0.306535
v 1.284655 0.463870 0.306382
v 1.309690 0.456704 0.306575
v 1.296375 0.836101 0.306558
v 1.284015 0.832088 0.306379
v 1.296510 0.835766 0.306391
v 1.168030 0.699352 0.296171
v 1.184575 0.734475 0.294553
v 1.185480 0.734104 0.294395
v 1.179125 0.722909 0.294350
v 1.186385 0.733586 0.294192
v 1.191835 0.745152 0.294395
v 1.411830 0.458191 0.295692
v 1.399225 0.455223 0.295228
v 1.399190 0.455470 0.294876
v 1.386805 0.451641 0.295431
v 1.219365 0.788788 0.296399
v 1.219195 0.789008 0.297002
v 1.200750 0.770294 0.296645
v 1.500095 0.509151 0.293538
v 1.499510 0.509597 0.293166
v 1.170150 0.698784 0.293811
v 1.550280 0.686087 0.292878
v 1.553525 0.673853 0.292887
v 1.549695 0.686010 0.293014
v 1.543095 0.710464 0.293014
v 1.540285 0.722910 0.292887
v 1.543640 0.710690 0.292878
v 1.261810 0.818478 0.296225
v 1.361010 0.453362 0.294261
v 1.386575 0.453408 0.294261
v 1.360935 0.453910 0.294145
v 1.263750 0.815024 0.292887
v 1.263525 0.815569 0.292752
v 1.285795 0.827805 0.292887
v 1.167685 0.609469 0.293214
v 1.457465 0.481181 0.292884
v 1.457690 0.480637 0.292749
v 1.435395 0.468418 0.292887
v 1.457080 0.481665 0.293023
v 1.479375 0.493884 0.292884
v 1.498280 0.510880 0.294148
v 1.498700 0.510560 0.294279
v 1.516700 0.528746 0.294275
v 1.175880 0.585074 0.292896
v 1.179615 0.572777 0.292789
v 1.175135 0.584765 0.292933
v 1.173065 0.597530 0.293022
v 1.177545 0.585542 0.292878
v 1.168440 0.609570 0.292934
v 1.170105 0.610038 0.292916
v 1.166280 0.622185 0.292790
v 1.170905 0.610144 0.292878
v 1.437065 0.833652 0.295746
v 1.519645 0.770597 0.295764
v 1.479660 0.803842 0.292789
v 1.360180 0.842860 0.294261
v 1.334615 0.842815 0.294261
v 1.360255 0.842312 0.294145
v 1.360250 0.843408 0.294378
v 1.399435 0.454323 0.306215
v 1.386950 0.450591 0.306381
v 1.399485 0.453971 0.306384
v 1.424725 0.460543 0.306406
v 1.458895 0.478697 0.293083
v 1.459185 0.477991 0.293362
v 1.436530 0.465683 0.293107
v 1.458425 0.479306 0.292818
v 1.481080 0.491614 0.293073
v 1.238860 0.806174 0.294249
v 1.220505 0.787600 0.294130
v 1.436890 0.464824 0.295978
v 1.361005 0.455138 0.292887
v 1.360930 0.454553 0.292752
v 1.335525 0.455093 0.292887
v 1.360930 0.455721 0.293023
v 1.386335 0.455182 0.292887
v 1.284385 0.831207 0.293446
v 1.163925 0.647736 0.295671
v 1.554250 0.648376 0.294265
v 1.553705 0.648448 0.294386
v 1.554295 0.622954 0.294265
v 1.554795 0.648450 0.294145
v 1.554205 0.673944 0.294265
v 1.499090 0.510047 0.294523
v 1.194585 0.758697 0.306412
v 1.559865 0.674698 0.306071
v 1.263035 0.816206 0.292789
v 1.240990 0.803425 0.292789
v 1.262800 0.816761 0.292796
v 1.285335 0.828905 0.292759
v 1.496395 0.784389 0.293023
v 1.478810 0.802736 0.292887
v 1.497220 0.785217 0.292752
v 1.262245 0.817722 0.293110
v 1.262600 0.817265 0.292921
v 1.240145 0.804518 0.293015
v 1.223375 0.784993 0.294272
v 1.222935 0.785328 0.294151
v 1.223810 0.784407 0.294392
v 1.241325 0.802987 0.294279
v 1.399750 0.452995 0.306424
v 1.387060 0.449740 0.306506
v 1.399810 0.452496 0.306379
v 1.412235 0.456727 0.306257
v 1.424990 0.459568 0.306446
v 1.191180 0.549976 0.294729
v 1.399505 0.454221 0.293889
v 1.399590 0.453564 0.294383
v 1.399235 0.455202 0.293213
v 1.411910 0.457935 0.293716
v 1.424430 0.461477 0.293569
v 1.424700 0.460496 0.294245
v 1.424230 0.461946 0.293214
v 1.437020 0.464507 0.293742
v 1.521925 0.540664 0.294267
v 1.534560 0.562739 0.294289
v 1.543285 0.572811 0.293106
v 1.549185 0.597930 0.292827
v 1.412470 0.455960 0.295764
v 1.412495 0.455752 0.296119
v 1.412350 0.456254 0.295251
v 1.437710 0.462867 0.295631
v 1.501750 0.507505 0.306277
v 1.483335 0.488737 0.306022
v 1.498815 0.786954 0.293107
v 1.498350 0.786346 0.292827
v 1.480615 0.805088 0.293106
v 1.261515 0.818956 0.306362
v 1.261380 0.819291 0.306529
v 1.285295 0.465418 0.293108
v 1.310415 0.459520 0.292827
v 1.398515 0.459014 0.293013
v 1.398590 0.458430 0.292878
v 1.423195 0.465068 0.292878
v 1.422970 0.465613 0.293013
v 1.361040 0.453757 0.292789
v 1.335345 0.453711 0.292790
v 1.386520 0.453802 0.292789
v 1.334040 0.847095 0.295764
v 1.308800 0.840076 0.295412
v 1.177215 0.585465 0.294289
v 1.176705 0.585253 0.294168
v 1.180270 0.573049 0.294266
v 1.170040 0.609937 0.294168
v 1.170590 0.610011 0.294289
v 1.166980 0.622279 0.294265
v 1.399645 0.453151 0.294887
v 1.424885 0.460057 0.294755
v 1.387055 0.449761 0.294878
v 1.399025 0.456757 0.292896
v 1.399135 0.455961 0.292933
v 1.411205 0.460589 0.293022
v 1.423505 0.464326 0.292916
v 1.423940 0.462653 0.292934
v 1.435930 0.467131 0.292790
v 1.412535 0.455565 0.296557
v 1.437895 0.462409 0.296557
v 1.412600 0.455402 0.296968
v 1.387200 0.448745 0.296531
v 1.398695 0.458108 0.294289
v 1.386425 0.454503 0.294266
v 1.398770 0.457561 0.294168
v 1.423455 0.464220 0.294168
v 1.435660 0.467784 0.294265
v 1.423245 0.464729 0.294289
v 1.399055 0.456504 0.294409
v 1.399130 0.455956 0.294525
v 1.411325 0.460109 0.294432
v 1.423720 0.463583 0.294351
v 1.436135 0.466637 0.294327
v 1.360180 0.841085 0.292887
v 1.360260 0.840501 0.293023
v 1.334850 0.841041 0.292887
v 1.360255 0.841669 0.292752
v 1.385665 0.841130 0.292887
v 1.528610 0.745506 0.294145
v 1.541940 0.723597 0.294261
v 1.523620 0.539509 0.292911
v 1.530675 0.550310 0.293284
v 1.536175 0.561966 0.292827
v 1.537080 0.561446 0.293283
v 1.446390 0.823101 0.294285
v 1.446180 0.822591 0.294168
v 1.468340 0.809844 0.294168
v 1.480670 0.492181 0.294396
v 1.458340 0.479347 0.294331
v 1.252660 0.485967 0.292782
v 1.252170 0.485328 0.292819
v 1.241530 0.492381 0.292789
v 1.274445 0.472520 0.292819
v 1.274750 0.473263 0.292782
v 1.285895 0.466868 0.292790
v 1.499040 0.510205 0.292901
v 1.411190 0.838062 0.295560
v 1.436145 0.831401 0.295542
v 1.222450 0.509401 0.294710
v 1.222735 0.509773 0.294378
v 1.273605 0.470864 0.293613
v 1.521855 0.540625 0.292865
v 1.528615 0.551484 0.292916
v 1.523010 0.539971 0.292776
v 1.534275 0.562927 0.292878
v 1.535430 0.562272 0.292790
v 1.541835 0.573408 0.292789
v 1.171395 0.685342 0.293018
v 1.170810 0.685418 0.292883
v 1.263735 0.815192 0.294379
v 1.553050 0.700039 0.306074
v 1.360930 0.450055 0.306574
v 1.261930 0.818459 0.293541
v 1.261610 0.818864 0.293840
v 1.253180 0.486816 0.294289
v 1.241955 0.492942 0.294266
v 1.252845 0.486378 0.294168
v 1.275010 0.473632 0.294168
v 1.275220 0.474142 0.294289
v 1.457865 0.480494 0.294269
v 1.458075 0.479984 0.294148
v 1.479830 0.493264 0.294284
v 1.457415 0.481064 0.294401
v 1.361005 0.454458 0.294265
v 1.360930 0.455004 0.294387
v 1.386305 0.455408 0.294623
v 1.252185 0.485206 0.294614
v 1.241285 0.492065 0.294261
v 1.251850 0.484767 0.294730
v 1.263410 0.479080 0.294637
v 1.399875 0.452028 0.305962
v 1.180900 0.573313 0.292887
v 1.171490 0.610222 0.293013
v 1.555745 0.648452 0.292827
v 1.556460 0.674245 0.293108
v 1.538255 0.560961 0.293919
v 1.532420 0.747631 0.306481
v 1.251565 0.484395 0.295061
v 1.273960 0.471529 0.295049
v 1.264380 0.480790 0.294525
v 1.275530 0.474681 0.294622
v 1.497565 0.511588 0.292781
v 1.515810 0.529444 0.292770
v 1.498005 0.511256 0.292736
v 1.192390 0.550730 0.292789
v 1.205275 0.528502 0.292790
v 1.191755 0.550240 0.292827
v 1.193135 0.551039 0.292752
v 1.167795 0.686031 0.294936
v 1.202005 0.525991 0.294979
v 1.262305 0.817731 0.294880
v 1.262480 0.817299 0.294536
v 1.284685 0.830453 0.294750
v 1.297505 0.832539 0.294299
v 1.285080 0.829503 0.294274
v 1.309840 0.836192 0.294493
v 1.297195 0.833674 0.294601
v 1.322110 0.839797 0.294470
v 1.322035 0.840345 0.294586
v 1.537180 0.542758 0.342318
v 1.532450 0.561027 0.609163
v 1.540875 0.541572 0.573379
v 1.538555 0.537208 0.345208
v 1.537165 0.539851 0.379616
v 1.536100 0.539820 0.379616
v 1.539820 0.546133 0.608602
v 1.535415 0.539761 0.379616
v 1.534025 0.542403 0.414023
v 1.535370 0.542666 0.414023
v 1.542240 0.551629 0.379616
v 1.220710 0.507716 0.306584
v 1.166440 0.609223 0.306388
v 1.552985 0.648447 0.293023
v 1.532960 0.549002 0.295406
v 1.223475 0.510367 0.292789
v 1.222840 0.509877 0.292827
v 1.223965 0.511006 0.292752
v 1.411850 0.840625 0.296112
v 1.334475 0.843852 0.294732
v 1.460280 0.476228 0.306507
v 1.482760 0.489507 0.306491
v 1.459960 0.476664 0.306579
v 1.223945 0.510887 0.294265
v 1.224280 0.511325 0.294386
v 1.204960 0.528259 0.294262
v 1.240575 0.491134 0.293106
v 1.360990 0.449556 0.306530
v 1.220930 0.787276 0.297138
v 1.193605 0.551399 0.292887
v 1.206380 0.529352 0.292887
v 1.501050 0.508214 0.306565
v 1.501370 0.507779 0.306494
v 1.310130 0.458488 0.295033
v 1.552315 0.597043 0.294886
v 1.557760 0.674419 0.301907
v 1.557805 0.648455 0.297603
v 1.557495 0.648456 0.296070
v 1.557695 0.622512 0.296838
v 1.311080 0.461831 0.294622
v 1.481025 0.805629 0.295575
v 1.521415 0.540957 0.292910
v 1.468005 0.809406 0.294289
v 1.202435 0.769005 0.293923
v 1.190020 0.549244 0.297112
v 1.190165 0.549304 0.296346
v 1.193015 0.551053 0.294265
v 1.193525 0.551266 0.294386
v 1.224435 0.511366 0.292887
v 1.224790 0.511834 0.293023
v 1.251705 0.484720 0.293099
v 1.274150 0.471813 0.293100
v 1.521105 0.541194 0.293014
v 1.540545 0.573939 0.292887
v 1.386865 0.451217 0.296256
v 1.360150 0.844021 0.293107
v 1.360250 0.843263 0.292827
v 1.334460 0.843976 0.293106
v 1.556375 0.648391 0.294728
v 1.555895 0.648451 0.294379
v 1.556300 0.674228 0.294697
v 1.308905 0.839810 0.295040
v 1.283635 0.833012 0.295069
v 1.321540 0.843071 0.294887
v 1.296375 0.836008 0.294544
v 1.238480 0.806683 0.306454
v 1.497840 0.511217 0.294247
v 1.515840 0.529402 0.294243
v 1.263095 0.816280 0.294151
v 1.262875 0.816797 0.294282
v 1.557175 0.648499 0.295573
v 1.557220 0.622576 0.295573
v 1.262755 0.477965 0.293325
v 1.410140 0.834617 0.292887
v 1.410065 0.834033 0.293023
v 1.434765 0.828066 0.292887
v 1.223960 0.784380 0.292887
v 1.205970 0.766331 0.292887
v 1.223490 0.784739 0.292752
v 1.173570 0.584202 0.301909
v 1.173570 0.584202 0.297605
v 1.502005 0.507165 0.297202
v 1.334820 0.449661 0.294886
v 1.360210 0.840859 0.294623
v 1.263530 0.815693 0.294271
v 1.285040 0.464820 0.295542
v 1.321450 0.843507 0.306460
v 1.523735 0.539462 0.294539
v 1.536530 0.561772 0.294525
v 1.458115 0.480048 0.292780
v 1.480185 0.492812 0.292777
v 1.386245 0.845734 0.306386
v 1.322055 0.840262 0.292933
v 1.544405 0.572349 0.296981
v 1.547720 0.598247 0.294265
v 1.541180 0.573679 0.294266
v 1.548265 0.598175 0.294145
v 1.311050 0.461606 0.292887
v 1.310825 0.461060 0.292752
v 1.311125 0.462190 0.293023
v 1.164550 0.673573 0.294890
v 1.168225 0.685976 0.294552
v 1.172470 0.698167 0.294395
v 1.195090 0.758309 0.306520
v 1.498430 0.510667 0.292766
v 1.310720 0.460263 0.292790
v 1.516860 0.528650 0.292859
v 1.297765 0.831710 0.292885
v 1.298000 0.831155 0.292878
v 1.309990 0.835633 0.293022
v 1.322160 0.839465 0.292896
v 1.322600 0.837792 0.292878
v 1.334665 0.842421 0.292789
v 1.497710 0.785856 0.292789
v 1.360265 0.847538 0.296557
v 1.360230 0.847234 0.295906
v 1.522365 0.540327 0.294168
v 1.535070 0.562528 0.294168
v 1.297020 0.834107 0.294945
v 1.321940 0.841078 0.295290
v 1.360155 0.846665 0.306455
v 1.456810 0.815432 0.294525
v 1.411900 0.458026 0.296071
v 1.194075 0.771358 0.301655
v 1.178695 0.750734 0.297823
v 1.180710 0.753784 0.297837
v 1.176445 0.741610 0.297842
v 1.181435 0.748686 0.297823
v 1.183450 0.751736 0.297837
v 1.191565 0.770579 0.297756
v 1.180335 0.748513 0.296788
v 1.182820 0.748832 0.296804
v 1.181015 0.748696 0.325881
v 1.181195 0.748702 0.295772
v 1.181540 0.748653 0.325879
v 1.182055 0.748753 0.325879
v 1.182260 0.748854 0.295772
v 1.182595 0.748947 0.325881
v 1.180170 0.753623 0.355988
v 1.182720 0.753579 0.325881
v 1.182120 0.753934 0.325881
v 1.182720 0.753580 0.355988
v 1.182840 0.753444 0.295774
v 1.191260 0.770611 0.301735
v 1.181475 0.753955 0.355988
v 1.179385 0.749624 0.295774
v 1.180200 0.748987 0.295774
v 1.182085 0.750193 0.295112
v 1.181545 0.749999 0.295109
v 1.181020 0.750042 0.295112
v 1.182725 0.751321 0.295112
v 1.180205 0.750678 0.295112
v 1.181745 0.752636 0.295112
v 1.180550 0.750284 0.295112
v 1.183735 0.734933 0.293390
v 1.196310 0.757514 0.293564
v 1.556765 0.687449 0.297184
v 1.181110 0.573400 0.294623
v 1.199610 0.755387 0.292878
v 1.166195 0.673359 0.292789
v 1.176245 0.710506 0.293027
v 1.179435 0.722780 0.293019
v 1.497180 0.512071 0.292919
v 1.298225 0.830610 0.293014
v 1.322680 0.837209 0.293014
v 1.410065 0.834033 0.294859
v 1.437330 0.834289 0.297197
v 1.154705 0.613471 0.303407
v 1.164575 0.573156 0.301735
v 1.160055 0.594130 0.297825
v 1.167640 0.596049 0.297838
v 1.160300 0.609585 0.297837
v 1.158520 0.619714 0.299514
v 1.162905 0.575570 0.301735
v 1.162725 0.592557 0.325882
v 1.162720 0.592555 0.355989
v 1.162205 0.592041 0.325881
v 1.163370 0.593419 0.325882
v 1.161440 0.597019 0.325880
v 1.160680 0.591759 0.325881
v 1.159605 0.596657 0.355988
v 1.160215 0.597000 0.325881
v 1.160745 0.597026 0.325881
v 1.160740 0.597025 0.355988
v 1.160915 0.596994 0.295774
v 1.161700 0.591881 0.355988
v 1.160545 0.595686 0.295112
v 1.162185 0.594070 0.295112
v 1.161540 0.593207 0.295112
v 1.160515 0.593084 0.295112
v 1.161240 0.595679 0.295111
v 1.559195 0.622297 0.306449
v 1.223000 0.785376 0.292789
v 1.204860 0.767178 0.292790
v 1.222360 0.785863 0.292827
v 1.263985 0.480104 0.292914
v 1.166240 0.647877 0.292789
v 1.547060 0.598416 0.292887
v 1.424495 0.461117 0.297212
v 1.399430 0.454379 0.297090
v 1.310000 0.458159 0.295560
v 1.548775 0.597964 0.294261
v 1.542200 0.573257 0.294261
v 1.555390 0.622811 0.294262
v 1.360990 0.449707 0.294886
v 1.518525 0.769736 0.306392
v 1.522785 0.540008 0.294299
v 1.529400 0.551042 0.294432
v 1.536020 0.561983 0.294409
v 1.165885 0.622132 0.294262
v 1.202315 0.753736 0.293023
v 1.287620 0.471056 0.293023
v 1.434190 0.471312 0.293023
v 1.261320 0.819254 0.294287
v 1.283905 0.832345 0.294287
v 1.360150 0.842466 0.292789
v 1.555345 0.648378 0.294262
v 1.555300 0.674090 0.294262
v 1.181715 0.735878 0.306504
v 1.309290 0.838203 0.296089
v 1.311790 0.828986 0.293174
v 1.433365 0.450750 0.301731
v 1.186215 0.733760 0.292912
v 1.184640 0.734412 0.292934
v 1.192570 0.744738 0.292916
v 1.197820 0.756529 0.292827
v 1.169495 0.609864 0.294285
v 1.190515 0.745913 0.293284
v 1.197215 0.756994 0.293108
v 1.203615 0.768130 0.293108
v 1.222005 0.786320 0.293016
v 1.198185 0.741499 0.293174
v 1.551075 0.686194 0.292916
v 1.554905 0.674038 0.292790
v 1.414370 0.451094 0.325882
v 1.410315 0.450155 0.297820
v 1.404340 0.443948 0.297820
v 1.418790 0.454648 0.297838
v 1.434315 0.457394 0.297838
v 1.428180 0.454482 0.297838
v 1.433105 0.452573 0.297838
v 1.429475 0.448690 0.297838
v 1.429245 0.450524 0.297838
v 1.430830 0.450953 0.301731
v 1.414710 0.447082 0.294912
v 1.414200 0.445807 0.355989
v 1.415005 0.445798 0.325882
v 1.412280 0.446735 0.355988
v 1.414395 0.449716 0.294912
v 1.413305 0.449107 0.297814
v 1.411145 0.446519 0.296786
v 1.412220 0.446198 0.297704
v 1.417145 0.445878 0.297708
v 1.418230 0.448787 0.297818
v 1.415520 0.446086 0.355989
v 1.431060 0.449119 0.301731
v 1.417120 0.445613 0.294454
v 1.418665 0.446296 0.294556
v 1.415325 0.445136 0.294570
v 1.413805 0.444717 0.297722
v 1.415325 0.445137 0.291301
v 1.412010 0.444242 0.294570
v 1.410425 0.445721 0.297820
v 1.405925 0.442467 0.297838
v 1.415435 0.444902 0.297838
v 1.421520 0.446674 0.297838
v 1.419965 0.446256 0.297838
v 1.415350 0.445401 0.297824
v 1.423305 0.447416 0.297824
v 1.414780 0.452061 0.297832
v 1.421780 0.453600 0.297832
v 1.426855 0.452229 0.297838
v 1.422845 0.449642 0.297832
v 1.554950 0.648345 0.292790
v 1.555230 0.706162 0.414023
v 1.556465 0.705564 0.414023
v 1.557475 0.704116 0.346414
v 1.564575 0.708005 0.345208
v 1.559695 0.698575 0.346330
v 1.562435 0.699808 0.346153
v 1.563375 0.699536 0.379616
v 1.559515 0.707429 0.379616
v 1.557780 0.704035 0.344090
v 1.550445 0.688968 0.607786
v 1.559125 0.702702 0.609184
v 1.413165 0.447682 0.294910
v 1.563410 0.700255 0.573379
v 1.563395 0.701923 0.573379
v 1.558930 0.707794 0.379616
v 1.561190 0.706301 0.573379
v 1.560425 0.706966 0.573379
v 1.561160 0.703368 0.347383
v 1.561550 0.695920 0.573379
v 1.563515 0.701210 0.379616
v 1.559405 0.700045 0.610172
v 1.557255 0.708330 0.379616
v 1.560920 0.706454 0.379616
v 1.559400 0.701125 0.538972
v 1.560870 0.700016 0.347328
v 1.549325 0.699060 0.607786
v 1.564065 0.697783 0.607875
v 1.567405 0.701053 0.607786
v 1.558280 0.708027 0.379616
v 1.536600 0.539867 0.608307
v 1.536835 0.543925 0.608304
v 1.537675 0.539683 0.608307
v 1.538590 0.537266 0.607786
v 1.546850 0.548290 0.607786
v 1.539005 0.543076 0.339508
v 1.537185 0.539880 0.573379
v 1.536500 0.539820 0.573379
v 1.545585 0.540667 0.345208
v 1.537850 0.543039 0.342359
v 1.542725 0.544643 0.345010
v 1.538180 0.540096 0.379616
v 1.542550 0.543850 0.609250
v 1.536405 0.546488 0.608618
v 1.540635 0.537484 0.345208
v 1.543810 0.541283 0.346244
v 1.410890 0.449462 0.538972
v 1.416015 0.445698 0.573379
v 1.415375 0.445449 0.573379
v 1.414930 0.449663 0.538972
v 1.407205 0.448434 0.573379
v 1.415430 0.441328 0.345208
v 1.414665 0.445333 0.379616
v 1.413695 0.445194 0.379616
v 1.410890 0.449462 0.414023
v 1.408480 0.450731 0.538972
v 1.419160 0.464642 0.379616
v 1.420935 0.463517 0.345208
v 1.418935 0.447782 0.379616
v 1.417200 0.451165 0.414023
v 1.413005 0.445233 0.379616
v 1.413475 0.441285 0.345208
v 1.408900 0.446704 0.379616
v 1.408015 0.443853 0.345208
v 1.408480 0.450731 0.414023
v 1.401040 0.459754 0.343831
v 1.410710 0.462364 0.610539
v 1.421180 0.461979 0.344913
v 1.414230 0.446461 0.609831
v 1.419085 0.442799 0.607786
v 1.417500 0.446445 0.573379
v 1.420935 0.463517 0.344913
v 1.420935 0.463517 0.343537
v 1.420690 0.465055 0.343831
v 1.415745 0.448989 0.608611
v 1.413125 0.449170 0.608992
v 1.416435 0.451915 0.610657
v 1.412240 0.449238 0.414023
v 1.416145 0.450292 0.538972
v 1.417200 0.451165 0.538972
v 1.410865 0.462404 0.342455
v 1.416280 0.443281 0.346168
v 1.414125 0.443604 0.607785
v 1.413155 0.443465 0.607785
v 1.415490 0.441345 0.607786
v 1.417370 0.441851 0.607786
v 1.417840 0.444233 0.607846
v 1.416595 0.449001 0.611488
v 1.411110 0.460866 0.343537
v 1.411700 0.446182 0.608997
v 1.416925 0.446066 0.573379
v 1.256520 0.467009 0.343024
v 1.256685 0.467248 0.339371
v 1.253950 0.468023 0.343386
v 1.263165 0.478627 0.608094
v 1.260010 0.466706 0.341967
v 1.257790 0.468006 0.344770
v 1.257270 0.467155 0.342400
v 1.259995 0.468950 0.538972
v 1.265525 0.467571 0.573379
v 1.264975 0.467152 0.573379
v 1.256265 0.470479 0.341047
v 1.258325 0.463350 0.607788
v 1.259325 0.463647 0.607788
v 1.254415 0.477251 0.607797
v 1.259350 0.467021 0.611577
v 1.262720 0.468985 0.538972
v 1.260910 0.465195 0.573379
v 1.256490 0.470967 0.414023
v 1.261360 0.468822 0.538972
v 1.252780 0.469869 0.379616
v 1.254885 0.474681 0.538972
v 1.255440 0.466493 0.379616
v 1.252425 0.474368 0.379616
v 1.255350 0.471568 0.608597
v 1.256055 0.469360 0.608589
v 1.258305 0.467609 0.608689
v 1.258730 0.470437 0.609485
v 1.255240 0.484976 0.607786
v 1.254610 0.483552 0.608081
v 1.262550 0.465663 0.379616
v 1.262720 0.468985 0.414023
v 1.261880 0.465509 0.379616
v 1.257300 0.465248 0.610680
v 1.257505 0.470049 0.414023
v 1.264010 0.469434 0.414023
v 1.259590 0.469937 0.343643
v 1.254465 0.468548 0.342174
v 1.263170 0.465957 0.379616
v 1.256850 0.470385 0.344076
v 1.174850 0.597993 0.610539
v 1.160860 0.597736 0.342386
v 1.163410 0.596261 0.342306
v 1.161795 0.602162 0.379616
v 1.164615 0.587802 0.379616
v 1.164200 0.601173 0.538972
v 1.156335 0.600693 0.345208
v 1.157960 0.602100 0.345208
v 1.162385 0.592087 0.610527
v 1.162255 0.588428 0.379616
v 1.162240 0.593180 0.607741
v 1.175965 0.587900 0.607792
v 1.163215 0.600225 0.538972
v 1.161670 0.588793 0.379616
v 1.163645 0.591504 0.414023
v 1.158835 0.598924 0.345203
v 1.159570 0.599701 0.345203
v 1.160460 0.600331 0.345203
v 1.182585 0.753115 0.345087
v 1.178530 0.748976 0.608909
v 1.183935 0.752817 0.610679
v 1.181555 0.750203 0.608933
v 1.187395 0.735975 0.343825
v 1.193730 0.743880 0.342455
v 1.181135 0.747770 0.345155
v 1.181915 0.744693 0.414023
v 1.178190 0.751806 0.379616
v 1.187165 0.753819 0.538972
v 1.184365 0.753443 0.610657
v 1.188185 0.737347 0.379609
v 1.178145 0.746155 0.379616
v 1.180045 0.743969 0.607792
v 1.182120 0.743107 0.607789
v 1.183245 0.755930 0.607785
v 1.176515 0.751972 0.607783
v 1.184030 0.749478 0.343931
v 1.180100 0.742939 0.345201
v 1.180190 0.744929 0.345201
v 1.176665 0.750468 0.345207
v 1.184660 0.742231 0.345149
v 1.178555 0.752679 0.573379
v 1.184620 0.739981 0.573386
v 1.304660 0.849248 0.345853
v 1.310100 0.848440 0.342230
v 1.310200 0.846135 0.342221
v 1.306525 0.850890 0.379616
v 1.309170 0.850893 0.379616
v 1.308185 0.850989 0.379616
v 1.307715 0.854937 0.345208
v 1.320150 0.836468 0.343831
v 1.177605 0.748806 0.573379
v 1.310100 0.850558 0.573379
v 1.303145 0.843981 0.414023
v 1.300745 0.845843 0.608321
v 1.302305 0.849635 0.608321
v 1.305695 0.854877 0.607786
v 1.305230 0.846359 0.346350
v 1.304630 0.845550 0.343255
v 1.306740 0.844783 0.345235
v 1.308595 0.847733 0.346771
v 1.308095 0.844618 0.343667
v 1.308290 0.852454 0.345210
v 1.309660 0.854514 0.345208
v 1.309310 0.845883 0.342264
v 1.305695 0.845943 0.344825
v 1.307205 0.844367 0.343709
v 1.469390 0.831783 0.607786
v 1.458470 0.827237 0.538972
v 1.468375 0.826369 0.573379
v 1.459830 0.827401 0.538972
v 1.465070 0.827128 0.342474
v 1.464510 0.823776 0.609009
v 1.466295 0.834105 0.607786
v 1.467980 0.833136 0.607786
v 1.461525 0.824937 0.607793
v 1.461245 0.828673 0.608620
v 1.457175 0.826789 0.538972
v 1.465495 0.824142 0.538972
v 1.461970 0.827679 0.342354
v 1.461490 0.828533 0.611508
v 1.464785 0.824181 0.342415
v 1.461880 0.824126 0.345211
v 1.465165 0.830151 0.573379
v 1.468885 0.823616 0.379616
v 1.465300 0.824895 0.345970
v 1.549485 0.613912 0.481453
v 1.549855 0.615321 0.467122
v 1.549795 0.615090 0.468484
v 1.551915 0.629712 0.467092
v 1.551920 0.627904 0.464374
v 1.552475 0.625888 0.378954
v 1.464920 0.818035 0.345203
v 1.546920 0.632378 0.473418
v 1.456500 0.814894 0.476242
v 1.264690 0.481329 0.476242
v 1.552475 0.623103 0.572910
v 1.460125 0.746785 0.661644
v 1.458465 0.748935 0.661644
v 1.464840 0.754424 0.661644
v 1.464130 0.741580 0.661645
v 1.472690 0.744234 0.661644
v 1.465740 0.739492 0.661644
v 1.468715 0.736173 0.661645
v 1.460130 0.733549 0.661644
v 1.466695 0.738250 0.661644
v 1.473175 0.732166 0.661644
v 1.474000 0.728761 0.661644
v 1.468445 0.724540 0.661645
v 1.485465 0.720024 0.661653
v 1.477330 0.710670 0.661641
v 1.480545 0.720205 0.661644
v 1.482300 0.725547 0.661644
v 1.483535 0.722530 0.661645
v 1.478250 0.725512 0.661644
v 1.476770 0.727432 0.661644
v 1.483810 0.729793 0.661645
v 1.477475 0.724252 0.661644
v 1.478645 0.722733 0.661645
v 1.470830 0.719113 0.661644
v 1.444585 0.756307 0.661648
v 1.451240 0.761433 0.661651
v 1.448145 0.762333 0.661645
v 1.458930 0.759161 0.661639
v 1.457795 0.757697 0.661640
v 1.461585 0.755711 0.661644
v 1.480300 0.712959 0.661647
v 1.483985 0.715795 0.661656
v 1.448905 0.750696 0.661649
v 1.445810 0.751596 0.661644
v 1.450415 0.751856 0.661649
v 1.451640 0.747145 0.661644
v 1.438010 0.783087 0.661782
v 1.442000 0.783855 0.661782
v 1.451655 0.778417 0.661782
v 1.460890 0.771051 0.661782
v 1.504730 0.711384 0.661782
v 1.506425 0.711923 0.661782
v 1.507885 0.705879 0.661782
v 1.432075 0.782549 0.661782
v 1.433410 0.777256 0.661782
v 1.428425 0.773422 0.661782
v 1.434360 0.773961 0.661782
v 1.482510 0.694071 0.661782
v 1.487030 0.689694 0.661782
v 1.481540 0.692760 0.661782
v 1.492975 0.687095 0.661782
v 1.492005 0.685784 0.661782
v 1.502365 0.684554 0.661782
v 1.466695 0.740842 0.291159
v 1.488315 0.712764 0.291159
v 1.466050 0.738019 0.291159
v 1.445395 0.768501 0.291159
v 1.467660 0.743246 0.291159
v 1.467660 0.743246 0.291193
v 1.466050 0.738019 0.291193
v 1.488315 0.712764 0.291193
v 1.445395 0.768501 0.291193
v 1.446360 0.770904 0.291176
v 1.488960 0.715587 0.291176
v 1.488315 0.712764 0.291176
v 1.487670 0.709941 0.291176
v 1.466050 0.738019 0.291176
v 1.444430 0.766097 0.291176
v 1.445395 0.768501 0.291176
v 1.123580 0.466697 0.106726
v 1.135805 0.475755 0.125252
v 1.136905 0.477249 0.127641
v 1.135240 0.475979 0.125453
v 1.120990 0.468537 0.007165
v 1.117790 0.470298 0.007618
v 1.120305 0.444920 0.004829
v 1.165470 0.494827 0.171668
v 1.165815 0.494270 0.171717
v 1.163285 0.494496 0.169886
v 1.153155 0.480087 0.149535
v 1.153680 0.480175 0.149225
v 1.137955 0.468407 0.130704
v 1.152630 0.479998 0.149844
v 1.168355 0.491765 0.168366
v 1.154135 0.480415 0.148892
v 1.154590 0.480656 0.148559
v 1.138935 0.468736 0.130061
v 1.169335 0.492095 0.167723
v 1.154935 0.481033 0.148225
v 1.155285 0.481409 0.147890
v 1.139740 0.469353 0.129394
v 1.170135 0.492711 0.167056
v 1.112455 0.460702 0.068664
v 1.113745 0.460631 0.065825
v 1.113790 0.460742 0.068676
v 1.135775 0.477542 0.128106
v 1.134675 0.476048 0.125717
v 1.132325 0.475817 0.126870
v 1.131790 0.474254 0.124216
v 1.134685 0.477523 0.128680
v 1.131800 0.475728 0.127179
v 1.170715 0.496995 0.165005
v 1.170155 0.498152 0.164824
v 1.186845 0.506038 0.381019
v 1.187605 0.506092 0.539661
v 1.190175 0.507969 0.381021
v 1.118150 0.464294 0.002981
v 1.121670 0.460003 0.002363
v 1.121320 0.464320 0.004472
v 1.128795 0.462864 0.013954
v 1.117900 0.457824 0.103616
v 1.115735 0.451621 0.033530
v 1.111640 0.452148 0.033498
v 1.111440 0.453707 0.029855
v 1.109190 0.455003 0.033477
v 1.116405 0.460141 0.033518
v 1.113310 0.450859 0.033521
v 1.110915 0.459854 0.033451
v 1.109690 0.458007 0.033473
v 1.110215 0.458409 0.029812
v 1.113680 0.460332 0.033482
v 1.114165 0.460065 0.029826
v 1.114270 0.460546 0.037146
v 1.112030 0.460469 0.033453
v 1.209290 0.507468 0.450703
v 1.210165 0.506324 0.438236
v 1.198215 0.496763 0.431850
v 1.186095 0.487429 0.431743
v 1.210340 0.506097 0.431957
v 1.198215 0.496767 0.425561
v 1.198170 0.496826 0.422415
v 1.186095 0.487432 0.425453
v 1.185915 0.487667 0.419169
v 1.185555 0.488131 0.412905
v 1.197140 0.498159 0.406782
v 1.208550 0.508414 0.400709
v 1.184785 0.547695 0.464458
v 1.188670 0.551022 0.463666
v 1.188410 0.551361 0.461980
v 1.184195 0.548461 0.459345
v 1.188275 0.551533 0.460252
v 1.188065 0.510815 0.391339
v 1.187370 0.509856 0.428544
v 1.186950 0.509434 0.428540
v 1.187350 0.509877 0.391334
v 1.186435 0.509136 0.428536
v 1.185915 0.508837 0.428531
v 1.186410 0.509157 0.391326
v 1.186455 0.509115 0.465746
v 1.185340 0.508682 0.428525
v 1.184770 0.508527 0.428519
v 1.185320 0.508703 0.391315
v 1.185365 0.508661 0.465735
v 1.184175 0.508526 0.428512
v 1.183580 0.508525 0.428505
v 1.184155 0.508547 0.391302
v 1.184195 0.508505 0.465722
v 1.183025 0.508657 0.465708
v 1.179955 0.511296 0.428456
v 1.188055 0.515338 0.391325
v 1.188530 0.514227 0.428544
v 1.184135 0.517593 0.391274
v 1.183565 0.517571 0.428477
v 1.184185 0.517551 0.465694
v 1.182965 0.517437 0.391262
v 1.188710 0.513036 0.465759
v 1.183015 0.517395 0.465682
v 1.180990 0.516221 0.465662
v 1.179605 0.488928 0.412838
v 1.179150 0.488573 0.419093
v 1.136775 0.474918 0.125088
v 1.137990 0.476663 0.127316
v 1.171550 0.531430 0.421993
v 1.159380 0.522158 0.425039
v 1.159385 0.522155 0.431346
v 1.160570 0.520619 0.450160
v 1.177105 0.492181 0.444165
v 1.176820 0.491963 0.441041
v 1.161705 0.511606 0.415690
v 1.159435 0.522092 0.428193
v 1.180545 0.515820 0.428449
v 1.181900 0.516962 0.428461
v 1.182415 0.517261 0.428466
v 1.174305 0.495326 0.399738
v 1.114175 0.444724 0.003527
v 1.161315 0.511289 0.431392
v 1.162295 0.512028 0.447060
v 1.171800 0.493329 0.418839
v 1.172190 0.493609 0.441269
v 1.172480 0.493827 0.444393
v 1.111655 0.450616 0.001329
v 1.105385 0.448807 0.003641
v 1.177375 0.492421 0.409681
v 1.115100 0.456536 0.037150
v 1.113985 0.455921 0.037148
v 1.111505 0.460067 0.037115
v 1.119410 0.456587 0.001042
v 1.122580 0.456613 0.002533
v 1.164750 0.513901 0.462454
v 1.124570 0.457221 0.029227
v 1.109165 0.455346 0.068940
v 1.211560 0.504517 0.471059
v 1.213535 0.510321 0.472715
v 1.201815 0.525560 0.472950
v 1.209245 0.507509 0.397711
v 1.208935 0.507913 0.394607
v 1.183635 0.540802 0.404157
v 1.182625 0.542119 0.427929
v 1.182500 0.542275 0.387599
v 1.182285 0.542565 0.428446
v 1.181955 0.542997 0.427785
v 1.181655 0.543389 0.428376
v 1.180530 0.544847 0.427395
v 1.180130 0.545363 0.427982
v 1.214655 0.500487 0.429722
v 1.214605 0.500548 0.397527
v 1.214470 0.500719 0.395799
v 1.214490 0.500697 0.428784
v 1.214210 0.501058 0.394113
v 1.214155 0.501140 0.429156
v 1.213825 0.501559 0.392499
v 1.213415 0.502097 0.430059
v 1.211400 0.504719 0.429632
v 1.209760 0.506851 0.457025
v 1.209545 0.507136 0.460143
v 1.115110 0.466298 0.003395
v 1.115460 0.461981 0.001286
v 1.112515 0.460637 0.051464
v 1.167350 0.493209 0.171351
v 1.167915 0.493139 0.171087
v 1.167265 0.491747 0.168940
v 1.170465 0.493275 0.169899
v 1.170990 0.493363 0.169589
v 1.170550 0.494737 0.172311
v 1.171445 0.493604 0.169256
v 1.222710 0.506761 0.428923
v 1.222695 0.506779 0.397599
v 1.222745 0.506718 0.429794
v 1.218660 0.512028 0.429557
v 1.191320 0.547565 0.386719
v 1.190720 0.548349 0.428000
v 1.190375 0.548796 0.428517
v 1.190595 0.548506 0.387671
v 1.188985 0.550604 0.427587
v 1.188780 0.550866 0.428295
v 1.188935 0.550659 0.391389
v 1.114435 0.440116 0.019499
v 1.112495 0.440113 0.019482
v 1.113860 0.441048 0.021161
v 1.112450 0.445058 0.029150
v 1.114390 0.445062 0.029167
v 1.113865 0.449073 0.037163
v 1.115275 0.445063 0.029174
v 1.217870 0.504674 0.392535
v 1.218095 0.504384 0.393321
v 1.218615 0.503706 0.396692
v 1.218650 0.503663 0.397563
v 1.218700 0.503603 0.429758
v 1.119680 0.459468 0.108133
v 1.165480 0.501709 0.169113
v 1.164915 0.500846 0.169760
v 1.171790 0.493980 0.168922
v 1.172010 0.494467 0.168609
v 1.170700 0.493575 0.166409
v 1.170995 0.494626 0.165826
v 1.130125 0.472996 0.121785
v 1.127775 0.472765 0.122938
v 1.137855 0.468290 0.127032
v 1.138950 0.470249 0.125854
v 1.137640 0.467803 0.127345
v 1.140305 0.470216 0.128746
v 1.139030 0.470812 0.125583
v 1.140600 0.471267 0.128163
v 1.191000 0.509744 0.381017
v 1.118990 0.453731 0.093357
v 1.115940 0.455151 0.094872
v 1.153185 0.488342 0.146147
v 1.168385 0.500021 0.164978
v 1.152665 0.488704 0.146271
v 1.152100 0.488928 0.146472
v 1.167300 0.500607 0.165304
v 1.151540 0.489151 0.146674
v 1.150975 0.489221 0.146938
v 1.166175 0.500900 0.165769
v 1.150410 0.489291 0.147202
v 1.102875 0.451031 0.004610
v 1.120850 0.470482 0.013968
v 1.118180 0.471859 0.013867
v 1.124510 0.464245 0.006547
v 1.187345 0.515967 0.222288
v 1.175130 0.496350 0.174246
v 1.178840 0.504182 0.194140
v 1.114720 0.449682 0.002018
v 1.185490 0.505375 0.208827
v 1.117670 0.451313 0.037179
v 1.116255 0.449656 0.037173
v 1.113740 0.449970 0.037168
v 1.112855 0.449969 0.037160
v 1.112125 0.449299 0.037148
v 1.110330 0.451485 0.037130
v 1.118495 0.459362 0.037179
v 1.115580 0.462271 0.037147
v 1.115325 0.461454 0.037157
v 1.113670 0.461248 0.037168
v 1.113075 0.462293 0.037150
v 1.112020 0.461385 0.037138
v 1.111055 0.460834 0.037096
v 1.110455 0.461536 0.037118
v 1.108475 0.459100 0.037328
v 1.108425 0.455330 0.037350
v 1.119615 0.456753 0.088456
v 1.185095 0.547282 0.390646
v 1.186205 0.545837 0.388152
v 1.186550 0.545391 0.387635
v 1.186890 0.544944 0.387118
v 1.187650 0.543956 0.386248
v 1.190850 0.512192 0.219752
v 1.188590 0.513817 0.217297
v 1.187080 0.516063 0.219847
v 1.113140 0.461545 0.084736
v 1.131000 0.475111 0.127847
v 1.115245 0.466524 0.029123
v 1.117170 0.471141 0.019348
v 1.108415 0.466431 0.004932
v 1.111105 0.466614 0.003699
v 1.107100 0.469059 0.006931
v 1.116680 0.459871 0.051508
v 1.105965 0.442331 0.019393
v 1.107515 0.446073 0.027409
v 1.109720 0.445785 0.029125
v 1.104280 0.443300 0.019376
v 1.108035 0.446753 0.029107
v 1.183810 0.506584 0.539627
v 1.132885 0.471137 0.132223
v 1.133680 0.470105 0.132233
v 1.178510 0.502125 0.178720
v 1.149855 0.480947 0.150899
v 1.134655 0.469268 0.132068
v 1.149330 0.481309 0.151024
v 1.165055 0.492626 0.169731
v 1.151500 0.480138 0.150372
v 1.166140 0.492041 0.169405
v 1.152065 0.480068 0.150108
v 1.136865 0.468389 0.131277
v 1.109245 0.457590 0.000769
v 1.112310 0.459780 0.000760
v 1.109355 0.461795 0.001709
v 1.105350 0.464241 0.004942
v 1.115350 0.457776 0.000346
v 1.113795 0.468927 0.005394
v 1.188635 0.511028 0.204320
v 1.170415 0.500164 0.180599
v 1.172365 0.498583 0.180578
v 1.147525 0.483974 0.150872
v 1.147740 0.483373 0.151005
v 1.148085 0.482817 0.151055
v 1.148430 0.482260 0.151103
v 1.148880 0.481785 0.151064
v 1.164080 0.493464 0.169895
v 1.182990 0.517416 0.428472
v 1.176445 0.498389 0.180420
v 1.173080 0.498021 0.177527
v 1.113785 0.470613 0.007922
v 1.113305 0.471821 0.010208
v 1.109310 0.470450 0.007984
v 1.114715 0.472115 0.013911
v 1.110240 0.471951 0.013973
v 1.115115 0.471990 0.017632
v 1.116630 0.441574 0.007364
v 1.124720 0.463151 0.100982
v 1.113850 0.460677 0.051477
v 1.115500 0.460540 0.051506
v 1.106695 0.469795 0.019230
v 1.109775 0.465810 0.029102
v 1.108095 0.464836 0.029090
v 1.102745 0.444829 0.019359
v 1.105215 0.448042 0.027384
v 1.104590 0.448666 0.027377
v 1.185995 0.514119 0.204563
v 1.187115 0.514503 0.208149
v 1.169360 0.499184 0.164814
v 1.167025 0.501968 0.168206
v 1.184200 0.503949 0.200485
v 1.187880 0.507309 0.199744
v 1.187840 0.506966 0.204877
v 1.125490 0.445285 0.019487
v 1.175965 0.501085 0.175211
v 1.118115 0.439919 0.014168
v 1.114545 0.439269 0.014166
v 1.116640 0.439830 0.017823
v 1.108570 0.470300 0.019246
v 1.108455 0.471152 0.017547
v 1.111765 0.471394 0.019375
v 1.110005 0.470038 0.021059
v 1.111650 0.466315 0.029117
v 1.180950 0.513045 0.200691
v 1.126310 0.466008 0.009648
v 1.163940 0.539725 0.431618
v 1.165275 0.536638 0.432743
v 1.160505 0.542966 0.432418
v 1.157500 0.544247 0.435989
v 1.155735 0.545471 0.438523
v 1.153455 0.549124 0.437065
v 1.155125 0.545262 0.440683
v 1.155470 0.543110 0.443310
v 1.152035 0.548196 0.442226
v 1.163190 0.543094 0.426675
v 1.159810 0.546381 0.427196
v 1.161285 0.549646 0.415484
v 1.158430 0.545482 0.430977
v 1.167430 0.536275 0.429419
v 1.167920 0.536763 0.426856
v 1.157195 0.546977 0.432912
v 1.156455 0.546406 0.432596
v 1.174815 0.522201 0.430090
v 1.175200 0.522492 0.429017
v 1.109195 0.453962 0.051503
v 1.122770 0.442144 0.017775
v 1.166460 0.502038 0.168470
v 1.165930 0.501950 0.168779
v 1.165080 0.500882 0.166342
v 1.164100 0.500553 0.166985
v 1.135745 0.467168 0.128586
v 1.136310 0.467098 0.128322
v 1.124855 0.459427 0.027528
v 1.110575 0.445558 0.029133
v 1.115750 0.459052 0.071520
v 1.182060 0.504153 0.201066
v 1.155505 0.481896 0.147578
v 1.155720 0.482383 0.147265
v 1.155795 0.482946 0.146995
v 1.155875 0.483510 0.146724
v 1.114930 0.451094 0.074550
v 1.117365 0.454171 0.071573
v 1.112665 0.455554 0.029833
v 1.181735 0.513632 0.222315
v 1.168500 0.496409 0.175592
v 1.136835 0.467186 0.128013
v 1.137290 0.467427 0.127680
v 1.119655 0.464829 0.029165
v 1.105760 0.462910 0.029039
v 1.113705 0.471397 0.019391
v 1.113820 0.470546 0.021091
v 1.113305 0.466521 0.029106
v 1.172580 0.496214 0.175434
v 1.117040 0.458981 0.068681
v 1.154610 0.487029 0.145944
v 1.154160 0.487504 0.145983
v 1.107045 0.470857 0.013844
v 1.166265 0.493795 0.171678
v 1.166790 0.493433 0.171553
v 1.149885 0.489202 0.147511
v 1.149355 0.489114 0.147820
v 1.148105 0.488257 0.148822
v 1.115390 0.450954 0.068763
v 1.118005 0.440766 0.019501
v 1.117675 0.441556 0.021193
v 1.119880 0.441271 0.019516
v 1.117150 0.445568 0.029189
v 1.118655 0.446150 0.029191
v 1.121845 0.449624 0.003327
v 1.118780 0.448494 0.002714
v 1.106620 0.470267 0.009217
v 1.104835 0.469467 0.012791
v 1.121560 0.442244 0.019528
v 1.124120 0.443909 0.019478
v 1.121230 0.443035 0.021220
v 1.120335 0.447123 0.029203
v 1.102015 0.466686 0.009362
v 1.124280 0.445385 0.021240
v 1.121115 0.447912 0.029243
v 1.116260 0.454386 0.000516
v 1.110730 0.458861 0.068682
v 1.186050 0.487488 0.428597
v 1.185915 0.487663 0.425458
v 1.104745 0.461025 0.029291
v 1.392805 0.933631 0.114870
v 1.404750 0.832234 0.472727
v 1.406370 0.832064 0.472482
v 1.395625 0.951250 0.000161
v 1.399055 0.950311 0.000721
v 1.400990 0.952823 0.000565
v 1.403030 0.936119 0.009722
v 1.406030 0.938547 0.007927
v 1.394065 0.887619 0.169375
v 1.391770 0.888630 0.169903
v 1.408890 0.836935 0.471788
v 1.413330 0.836470 0.468754
v 1.415320 0.836263 0.465970
v 1.387965 0.905468 0.149262
v 1.392395 0.919675 0.127381
v 1.412185 0.831456 0.469370
v 1.393445 0.951829 0.029930
v 1.398925 0.946368 0.033562
v 1.394320 0.955005 0.033579
v 1.402000 0.952704 0.033515
v 1.401925 0.952051 0.029854
v 1.400940 0.948213 0.033523
v 1.400405 0.948047 0.029868
v 1.370335 0.861510 0.441303
v 1.369115 0.846254 0.444521
v 1.373115 0.876622 0.406720
v 1.389750 0.964267 0.008068
v 1.393625 0.964055 0.005634
v 1.392525 0.951286 0.051606
v 1.415155 0.831147 0.465217
v 1.416890 0.836102 0.461024
v 1.386940 0.861562 0.465755
v 1.387365 0.862665 0.465743
v 1.388895 0.864417 0.391296
v 1.390015 0.864871 0.428490
v 1.389975 0.864898 0.391281
v 1.390585 0.865040 0.428483
v 1.391215 0.865029 0.465686
v 1.391770 0.865072 0.428468
v 1.392390 0.864906 0.465672
v 1.394840 0.863407 0.428441
v 1.389670 0.856275 0.428540
v 1.390285 0.856109 0.465744
v 1.393665 0.856679 0.428491
v 1.393625 0.856706 0.391281
v 1.394170 0.856990 0.428483
v 1.393705 0.856652 0.465701
v 1.392550 0.856225 0.391296
v 1.395660 0.859507 0.391242
v 1.395780 0.860682 0.391234
v 1.388150 0.857280 0.391342
v 1.380270 0.852223 0.465882
v 1.383285 0.851068 0.465853
v 1.395670 0.861794 0.465650
v 1.377045 0.881317 0.431699
v 1.395120 0.921495 0.125171
v 1.395760 0.921360 0.125121
v 1.412845 0.857055 0.440860
v 1.384880 0.876833 0.462928
v 1.385175 0.879587 0.444151
v 1.392440 0.878414 0.169814
v 1.395150 0.862900 0.428440
v 1.405700 0.877436 0.443921
v 1.401595 0.877866 0.443967
v 1.409805 0.877006 0.443875
v 1.405665 0.877075 0.447045
v 1.405615 0.876573 0.450148
v 1.385485 0.882599 0.441294
v 1.394495 0.955375 0.000900
v 1.398515 0.956450 0.000793
v 1.395450 0.958062 0.001688
v 1.394870 0.961010 0.003521
v 1.390850 0.959935 0.003628
v 1.398225 0.962182 0.003694
v 1.409605 0.874995 0.456279
v 1.405360 0.873998 0.462437
v 1.401970 0.881575 0.434704
v 1.401870 0.880517 0.444235
v 1.366320 0.846531 0.471096
v 1.368985 0.846251 0.472463
v 1.371155 0.846023 0.472900
v 1.416905 0.841277 0.393086
v 1.417160 0.841228 0.428455
v 1.417320 0.841212 0.427598
v 1.361290 0.847084 0.429688
v 1.363175 0.846863 0.467792
v 1.369220 0.846235 0.457056
v 1.406900 0.842280 0.469030
v 1.405740 0.942672 0.004173
v 1.385935 0.884264 0.169925
v 1.360230 0.836926 0.429754
v 1.360390 0.836910 0.428897
v 1.360785 0.836890 0.394225
v 1.363640 0.836569 0.429366
v 1.364205 0.836510 0.429883
v 1.404455 0.832291 0.428732
v 1.407555 0.831966 0.428676
v 1.409040 0.831811 0.428633
v 1.408645 0.831879 0.385296
v 1.409775 0.831734 0.428239
v 1.410445 0.831664 0.428583
v 1.412365 0.831463 0.427942
v 1.416260 0.831055 0.427667
v 1.387075 0.963011 0.019559
v 1.392660 0.955834 0.037225
v 1.360730 0.842028 0.396735
v 1.360790 0.841982 0.462707
v 1.395480 0.882068 0.169119
v 1.397600 0.952962 0.086602
v 1.390880 0.922998 0.125896
v 1.389930 0.922038 0.128789
v 1.384450 0.857332 0.381021
v 1.384930 0.856880 0.381018
v 1.385050 0.856764 0.539690
v 1.385405 0.856428 0.381011
v 1.394220 0.900201 0.146168
v 1.392245 0.881126 0.164990
v 1.394845 0.900332 0.146291
v 1.393420 0.881512 0.165314
v 1.395945 0.900841 0.146692
v 1.403315 0.936033 0.013997
v 1.389660 0.855833 0.222292
v 1.396685 0.929346 0.116284
v 1.385245 0.865995 0.205689
v 1.404250 0.966406 0.014143
v 1.391435 0.953699 0.037235
v 1.393390 0.955305 0.037228
v 1.394000 0.955946 0.037220
v 1.397345 0.957925 0.037173
v 1.397850 0.944903 0.037211
v 1.394485 0.945255 0.037242
v 1.401040 0.945494 0.037186
v 1.400625 0.946245 0.037197
v 1.369920 0.841071 0.385490
v 1.388760 0.879416 0.166938
v 1.392105 0.857308 0.219843
v 1.393115 0.953636 0.051591
v 1.392865 0.939696 0.114134
v 1.392980 0.940817 0.110206
v 1.393015 0.874479 0.183758
v 1.399890 0.925410 0.127875
v 1.385085 0.864506 0.219832
v 1.412250 0.956757 0.019430
v 1.410085 0.958937 0.021025
v 1.404335 0.942813 0.029154
v 1.390875 0.865397 0.188482
v 1.393185 0.966215 0.019461
v 1.395045 0.966768 0.019441
v 1.395820 0.961910 0.029160
v 1.387035 0.864745 0.216279
v 1.395425 0.929210 0.129975
v 1.395715 0.926779 0.132259
v 1.390545 0.907580 0.150808
v 1.389195 0.888636 0.169753
v 1.389995 0.907326 0.150608
v 1.389445 0.907072 0.150407
v 1.391970 0.926401 0.131786
v 1.388020 0.888252 0.169430
v 1.389005 0.906712 0.150144
v 1.390980 0.925787 0.131321
v 1.386345 0.858839 0.204328
v 1.394740 0.941326 0.096231
v 1.393130 0.875974 0.180710
v 1.393740 0.907705 0.151081
v 1.393100 0.907839 0.151131
v 1.390475 0.888766 0.169915
v 1.399870 0.946737 0.051548
v 1.411855 0.947789 0.021052
v 1.394715 0.873274 0.180943
v 1.388165 0.868223 0.203685
v 1.391905 0.858332 0.208727
v 1.390635 0.879023 0.166791
v 1.391810 0.879408 0.167115
v 1.395030 0.877273 0.174403
v 1.381865 0.950027 0.019564
v 1.383380 0.947033 0.021326
v 1.416690 0.836165 0.394241
v 1.424580 0.856811 0.431554
v 1.432295 0.858358 0.435914
v 1.434405 0.858791 0.438443
v 1.438620 0.857929 0.436978
v 1.434680 0.859378 0.440603
v 1.432885 0.860608 0.443234
v 1.438935 0.859592 0.442138
v 1.424575 0.855401 0.426572
v 1.427525 0.855037 0.426604
v 1.433565 0.851910 0.415400
v 1.433660 0.854354 0.424726
v 1.410545 0.859192 0.426318
v 1.404150 0.858981 0.427019
v 1.410375 0.857576 0.426452
v 1.410355 0.856851 0.426960
v 1.433755 0.855285 0.424410
v 1.432515 0.855396 0.426060
v 1.404375 0.861074 0.427959
v 1.419670 0.856663 0.429364
v 1.419680 0.855972 0.426801
v 1.416720 0.857026 0.429331
v 1.419630 0.855581 0.428074
v 1.422580 0.855218 0.428107
v 1.413255 0.856096 0.428266
v 1.404155 0.858910 0.429127
v 1.433905 0.852857 0.417575
v 1.432855 0.854634 0.421334
v 1.430300 0.855329 0.423386
v 1.429155 0.856371 0.424720
v 1.413240 0.856040 0.430009
v 1.392880 0.941537 0.029269
v 1.392365 0.960645 0.029198
v 1.389355 0.901219 0.146546
v 1.401255 0.966371 0.019383
v 1.401700 0.962128 0.027407
v 1.398165 0.952242 0.029882
v 1.412725 0.956139 0.010313
v 1.393350 0.860633 0.380952
v 1.392940 0.900072 0.146006
v 1.397670 0.903943 0.148839
v 1.393025 0.953409 0.068822
v 1.387635 0.954047 0.003674
v 1.392560 0.952863 0.001055
v 1.402165 0.960905 0.029103
v 1.394055 0.947675 0.051574
v 1.381815 0.951968 0.019557
v 1.401945 0.955511 0.001353
v 1.373645 0.876554 0.428621
v 1.393080 0.948936 0.051601
v 1.395630 0.861821 0.428440
v 1.655305 0.607239 0.102336
v 1.659885 0.606202 0.097120
v 1.582755 0.611645 0.198718
v 1.656545 0.597093 0.002636
v 1.546150 0.595830 0.471436
v 1.620455 0.613220 0.149251
v 1.639785 0.609872 0.130709
v 1.638875 0.610360 0.130067
v 1.637875 0.610521 0.129401
v 1.662000 0.597687 0.065790
v 1.615455 0.611036 0.146200
v 1.615745 0.611604 0.146334
v 1.615165 0.610468 0.146066
v 1.634360 0.608011 0.127348
v 1.666255 0.605180 0.029849
v 1.663175 0.605628 0.033507
v 1.668590 0.600821 0.029822
v 1.669715 0.603109 0.033473
v 1.562835 0.635318 0.444600
v 1.578065 0.633765 0.431946
v 1.578075 0.633840 0.428802
v 1.593170 0.631339 0.431822
v 1.577975 0.633277 0.416232
v 1.593115 0.631063 0.419248
v 1.562475 0.633359 0.400817
v 1.666185 0.604948 0.086270
v 1.681985 0.601620 0.013851
v 1.555320 0.588562 0.465240
v 1.550175 0.588751 0.463666
v 1.555215 0.587941 0.463625
v 1.550130 0.588490 0.462837
v 1.545065 0.589141 0.462021
v 1.550060 0.588068 0.459380
v 1.545030 0.588930 0.460293
v 1.574795 0.616776 0.428617
v 1.575375 0.616913 0.428615
v 1.574770 0.616812 0.391407
v 1.574215 0.616637 0.428619
v 1.574820 0.616739 0.465827
v 1.575995 0.616860 0.465821
v 1.577705 0.616538 0.428596
v 1.580340 0.611653 0.428521
v 1.580200 0.611047 0.465725
v 1.579690 0.610005 0.428505
v 1.579660 0.610041 0.391295
v 1.571335 0.613100 0.428594
v 1.571480 0.613706 0.391390
v 1.571960 0.614783 0.391400
v 1.573435 0.608563 0.391316
v 1.574510 0.608080 0.391303
v 1.576850 0.608014 0.391288
v 1.586375 0.618928 0.465781
v 1.575735 0.607821 0.465714
v 1.576910 0.607942 0.465708
v 1.578015 0.608362 0.465706
v 1.594565 0.625896 0.456677
v 1.556725 0.597701 0.394306
v 1.556475 0.596127 0.400370
v 1.556275 0.594862 0.406518
v 1.556050 0.593249 0.437902
v 1.571195 0.591058 0.440927
v 1.595035 0.621645 0.450453
v 1.594375 0.617570 0.450409
v 1.589920 0.597427 0.400216
v 1.592855 0.596931 0.428265
v 1.589890 0.601597 0.462793
v 1.601940 0.616371 0.431743
v 1.576300 0.607840 0.428500
v 1.575110 0.607873 0.428507
v 1.577460 0.608115 0.428496
v 1.673000 0.612019 0.005891
v 1.658835 0.615431 0.019577
v 1.658415 0.614125 0.021256
v 1.657130 0.614508 0.019576
v 1.659090 0.609914 0.029223
v 1.662345 0.611445 0.029247
v 1.593440 0.601014 0.431455
v 1.593160 0.601054 0.437738
v 1.599045 0.616842 0.425323
v 1.599120 0.616827 0.428466
v 1.596215 0.621484 0.415979
v 1.664090 0.605821 0.037164
v 1.659455 0.591045 0.004079
v 1.592835 0.601137 0.402959
v 1.596040 0.600608 0.418709
v 1.668860 0.597604 0.065828
v 1.558700 0.641614 0.468566
v 1.563100 0.636812 0.471951
v 1.556540 0.596575 0.391110
v 1.556425 0.595865 0.394165
v 1.555240 0.588515 0.391349
v 1.555225 0.588194 0.428255
v 1.555180 0.587933 0.427427
v 1.555130 0.587623 0.428547
v 1.555075 0.587288 0.428012
v 1.564070 0.643082 0.429766
v 1.564045 0.642924 0.428908
v 1.564050 0.642763 0.463950
v 1.556310 0.594749 0.462442
v 1.660025 0.597230 0.001350
v 1.650525 0.600823 0.117268
v 1.647045 0.598879 0.117792
v 1.553970 0.644782 0.397733
v 1.546180 0.596251 0.428739
v 1.545420 0.591775 0.388826
v 1.545315 0.590914 0.427763
v 1.545275 0.590874 0.390070
v 1.676425 0.612337 0.019479
v 1.677755 0.610926 0.019459
v 1.672255 0.609540 0.029153
v 1.650435 0.605503 0.019516
v 1.655475 0.605424 0.029189
v 1.559000 0.643919 0.396821
v 1.559055 0.643865 0.462792
v 1.558960 0.643280 0.465194
v 1.599045 0.616395 0.166456
v 1.598075 0.615891 0.165873
v 1.585920 0.613098 0.176614
v 1.636860 0.610343 0.128754
v 1.635895 0.609839 0.128171
v 1.635040 0.609044 0.127691
v 1.571990 0.618489 0.381076
v 1.571645 0.617930 0.381072
v 1.571190 0.613520 0.381031
v 1.573275 0.611066 0.381015
v 1.668750 0.605870 0.001228
v 1.581665 0.617297 0.209470
v 1.580345 0.618997 0.208894
v 1.659105 0.601174 0.037141
v 1.659645 0.604515 0.037171
v 1.659640 0.602071 0.037155
v 1.659520 0.597953 0.037115
v 1.661225 0.596111 0.037113
v 1.663570 0.594725 0.037077
v 1.666445 0.595671 0.037036
v 1.668515 0.596224 0.037288
v 1.666700 0.594956 0.037285
v 1.669725 0.596190 0.037293
v 1.667555 0.590272 0.003513
v 1.659775 0.607911 0.002312
v 1.579795 0.612138 0.381027
v 1.580485 0.613256 0.381037
v 1.580015 0.612814 0.222409
v 1.580265 0.612581 0.539656
v 1.586730 0.610090 0.188243
v 1.581870 0.619215 0.190666
v 1.679040 0.610231 0.013551
v 1.637300 0.600593 0.129980
v 1.664460 0.596509 0.000809
v 1.662095 0.593483 0.002155
v 1.671830 0.587058 0.019343
v 1.670120 0.586135 0.019342
v 1.672420 0.588180 0.020934
v 1.669740 0.591383 0.029235
v 1.671450 0.592306 0.029236
v 1.655310 0.597293 0.029119
v 1.656650 0.594808 0.029088
v 1.651960 0.593062 0.019313
v 1.681070 0.602763 0.019337
v 1.666605 0.597364 0.000696
v 1.664535 0.601112 -0.000110
v 1.664915 0.587835 0.005437
v 1.622200 0.606697 0.151019
v 1.621625 0.605560 0.150751
v 1.622370 0.607329 0.151068
v 1.652750 0.590987 0.017593
v 1.661980 0.585805 0.019162
v 1.660120 0.586360 0.019177
v 1.661190 0.587027 0.020978
v 1.676105 0.599431 0.029036
v 1.660725 0.615880 0.019571
v 1.661905 0.616779 0.017809
v 1.665080 0.616845 0.019484
v 1.662010 0.615497 0.021251
v 1.664235 0.611894 0.029241
v 1.665820 0.605823 0.068739
v 1.662660 0.604704 0.000896
v 1.664805 0.605560 0.000783
v 1.619920 0.603969 0.149792
v 1.620380 0.604299 0.150061
v 1.639290 0.601274 0.131210
v 1.620845 0.604629 0.150331
v 1.640140 0.602069 0.131689
v 1.550030 0.588252 0.395535
v 1.550050 0.588375 0.394341
v 1.571620 0.582442 0.432751
v 1.571410 0.571562 0.435979
v 1.571730 0.569434 0.438507
v 1.570630 0.565271 0.437044
v 1.572300 0.569127 0.440667
v 1.573635 0.570849 0.443296
v 1.572285 0.564865 0.442202
v 1.568345 0.576510 0.426675
v 1.568265 0.571795 0.427187
v 1.573575 0.599633 0.427082
v 1.568425 0.571507 0.426130
v 1.570410 0.584265 0.429431
v 1.570550 0.569327 0.432582
v 1.568575 0.577413 0.421930
v 1.571920 0.599910 0.428961
v 1.573505 0.599634 0.429190
v 1.575110 0.599375 0.429053
v 1.571750 0.593546 0.431332
v 1.656010 0.606322 0.029203
v 1.617950 0.613369 0.147606
v 1.617450 0.613196 0.147293
v 1.616985 0.612865 0.147022
v 1.616520 0.612534 0.146752
v 1.654860 0.599181 0.029139
v 1.651070 0.597744 0.021134
v 1.666290 0.585742 0.019357
v 1.665220 0.585075 0.017557
v 1.668230 0.585687 0.019347
v 1.665780 0.590382 0.028988
v 1.667840 0.586222 0.007833
v 1.670510 0.585776 0.010197
v 1.668315 0.584837 0.014003
v 1.614995 0.609836 0.146016
v 1.668995 0.597694 0.051443
v 1.666875 0.609463 0.002233
v 1.675540 0.590436 0.020940
v 1.669850 0.595843 0.001535
v 1.593155 0.631270 0.428677
v 1.592975 0.630122 0.428664
v 1.663425 0.605707 0.051524
v 1.668820 0.586809 0.020938
v 1.667850 0.590935 0.029240
v 1.514690 0.763453 0.499330
v 1.511615 0.759620 0.499542
v 1.516615 0.760967 0.499797
v 1.511375 0.767715 0.499618
v 1.507760 0.764501 0.499610
v 1.513305 0.765318 0.499082
v 1.515270 0.770545 0.499549
v 1.509725 0.769728 0.500077
v 1.508585 0.771276 0.500602
v 1.507060 0.773330 0.501240
v 1.504305 0.768951 0.500783
v 1.495680 0.795963 0.510051
v 1.484905 0.810092 0.520584
v 1.483530 0.811743 0.524088
v 1.483080 0.812324 0.531162
v 1.482885 0.812598 0.529087
v 1.482895 0.812584 0.534275
v 1.480350 0.810644 0.527864
v 1.480165 0.810905 0.530977
v 1.539120 0.739560 0.552269
v 1.491500 0.801405 0.550384
v 1.495705 0.795933 0.552269
v 1.504000 0.769361 0.561393
v 1.505865 0.774787 0.560555
v 1.501060 0.773193 0.559928
v 1.504155 0.777045 0.559583
v 1.502810 0.778861 0.558711
v 1.517610 0.767464 0.562235
v 1.519645 0.765000 0.561875
v 1.520390 0.764033 0.561657
v 1.521125 0.763077 0.561396
v 1.527245 0.754995 0.558385
v 1.545915 0.730779 0.515454
v 1.521800 0.762098 0.501236
v 1.517780 0.767338 0.500081
v 1.517155 0.768154 0.499934
v 1.532825 0.748467 0.528273
v 1.533915 0.747051 0.528399
v 1.508300 0.780317 0.533062
v 1.502685 0.787633 0.527678
v 1.536510 0.727185 0.512933
v 1.521620 0.762285 0.531160
v 1.501505 0.788405 0.530400
v 1.501490 0.788421 0.509869
v 1.493950 0.782421 0.554321
v 1.517940 0.759286 0.562037
v 1.522455 0.761316 0.561695
v 1.519775 0.756716 0.561231
v 1.488360 0.789684 0.551391
v 1.487820 0.798293 0.549942
v 1.527105 0.747104 0.556643
v 1.522560 0.745089 0.557111
v 1.525435 0.749574 0.558029
v 1.482865 0.804828 0.517435
v 1.514575 0.763726 0.562798
v 1.512540 0.766190 0.563158
v 1.518585 0.766350 0.562860
v 1.541320 0.728796 0.548904
v 1.543675 0.717842 0.533115
v 1.530640 0.750654 0.555963
v 1.529990 0.751494 0.556503
v 1.508235 0.779624 0.558795
v 1.507615 0.780455 0.559338
v 1.506890 0.781440 0.557923
v 1.485260 0.809716 0.541591
v 1.520840 0.763348 0.500015
v 1.518305 0.766666 0.499338
v 1.501510 0.788463 0.508858
v 1.500550 0.789669 0.510053
v 1.501330 0.788729 0.508282
v 1.521180 0.754916 0.560558
v 1.525730 0.756927 0.560139
v 1.522620 0.753096 0.559808
v 1.545360 0.723697 0.542942
v 1.547360 0.722726 0.540296
v 1.542610 0.720903 0.542307
v 1.547490 0.721174 0.535646
v 1.499690 0.782881 0.506012
v 1.498375 0.784697 0.507122
v 1.495775 0.780055 0.506047
v 1.541515 0.728619 0.513686
v 1.538585 0.724481 0.514695
v 1.542620 0.727156 0.514892
v 1.480465 0.808069 0.538913
v 1.481085 0.807195 0.540991
v 1.477060 0.804406 0.540471
v 1.481855 0.806053 0.543149
v 1.482930 0.804655 0.545086
v 1.478755 0.802134 0.544486
v 1.540870 0.721553 0.518063
v 1.545595 0.723394 0.519848
v 1.525465 0.749438 0.504315
v 1.530325 0.750974 0.505190
v 1.527190 0.747147 0.505724
v 1.530935 0.742290 0.508609
v 1.539620 0.731017 0.511493
v 1.540680 0.729686 0.512688
v 1.544490 0.732624 0.512688
v 1.544655 0.720605 0.521679
v 1.548105 0.719977 0.534276
v 1.547910 0.720249 0.536350
v 1.500645 0.791004 0.523166
v 1.500475 0.790854 0.526951
v 1.499760 0.792106 0.524797
v 1.543940 0.717501 0.533704
v 1.543835 0.717651 0.535762
v 1.476165 0.805578 0.536329
v 1.536645 0.727012 0.512491
v 1.531330 0.733890 0.510493
v 1.525970 0.740817 0.507793
v 1.482940 0.796811 0.512421
v 1.475650 0.806186 0.527027
v 1.475360 0.806557 0.530623
v 1.476535 0.807707 0.527862
v 1.479255 0.809400 0.525971
v 1.479715 0.808806 0.524085
v 1.481040 0.799259 0.514627
v 1.497240 0.786099 0.507883
v 1.498520 0.776492 0.503945
v 1.519220 0.757513 0.500887
v 1.523495 0.759834 0.501113
v 1.520725 0.755452 0.501556
v 1.524045 0.751263 0.503352
v 1.522245 0.753517 0.502352
v 1.526800 0.755519 0.502782
v 1.500725 0.781546 0.557134
v 1.486715 0.799724 0.549868
v 1.483435 0.803895 0.546442
v 1.479765 0.808795 0.537372
v 1.207140 0.528774 0.597011
f 1 2 5398
f 5398 3 1
f 2 1 4
f 6 7 5
f 5 7 8
f 9 10 11
f 10 9 12
f 14 15 13
f 16 5399 5401
f 5399 17 5400
f 5400 18 5401
f 5399 5400 5401
f 19 20 21
f 22 5402 5404
f 5402 23 5403
f 5403 24 5404
f 5402 5403 5404
f 23 5402 5403
f 5402 22 5404
f 5404 24 5403
f 5402 5404 5403
f 26 5405 5407
f 5405 25 5406
f 5406 27 5407
f 5405 5406 5407
f 25 5405 5406
f 5405 26 5407
f 5407 27 5406
f 5405 5407 5406
f 28 5408 5410
f 5408 29 5409
f 5409 30 5410
f 5408 5409 5410
f 29 5408 5409
f 5408 28 5410
f 5410 30 5409
f 5408 5410 5409
f 31 5411 5413
f 5411 32 5412
f 5412 33 5413
f 5411 5412 5413
f 32 5411 5412
f 5411 31 5413
f 5413 33 5412
f 5411 5413 5412
f 34 5414 5416
f 5414 35 5415
f 5415 36 5416
f 5414 5415 5416
f 35 5414 5415
f 5414 34 5416
f 5416 36 5415
f 5414 5416 5415
f 37 5417 5419
f 5417 38 5418
f 5418 39 5419
f 5417 5418 5419
f 38 5417 5418
f 5417 37 5419
f 5419 39 5418
f 5417 5419 5418
f 40 5420 42
f 5420 41 42
f 42 41 43
f 44 5421 42
f 5421 40 42
f 45 40 5421
f 5421 44 45
f 46 5422 45
f 5422 40 45
f 47 5423 5424
f 5423 40 5422
f 5422 46 5424
f 5423 5422 5424
f 48 5425 49
f 5425 40 5426
f 5425 5426 49
f 49 5426 47
f 5426 40 5423
f 5426 5423 47
f 50 51 52
f 53 54 5427
f 5427 55 53
f 53 56 57
f 58 5428 52
f 5428 50 52
f 21 59 19
f 60 44 42
f 42 43 60
f 43 61 60
f 63 64 62
f 65 5429 5430
f 5429 16 5401
f 5401 18 5430
f 5429 5401 5430
f 66 67 68
f 67 66 69
f 70 71 72
f 49 73 5431
f 5431 48 49
f 74 75 71
f 76 5432 75
f 5432 77 75
f 78 79 80
f 78 81 79
f 65 5430 5434
f 5430 18 5433
f 5433 82 5434
f 5430 5433 5434
f 84 85 83
f 83 86 84
f 87 84 5435
f 84 88 5435
f 87 85 84
f 89 90 5436
f 5436 91 89
f 90 89 92
f 96 97 94
f 95 96 94
f 97 96 98
f 97 98 99
f 99 98 5437
f 5437 100 99
f 99 100 5438
f 5438 101 99
f 99 101 5439
f 99 5439 102
f 5439 101 5440
f 5440 103 102
f 5439 5440 102
f 102 103 104
f 104 103 105
f 105 106 104
f 110 109 111
f 111 112 110
f 112 111 5441
f 111 113 5441
f 112 5441 114
f 5441 113 114
f 113 115 114
f 114 115 116
f 120 121 122
f 19 86 123
f 124 125 126
f 125 124 127
f 125 127 128
f 129 5442 131
f 5442 130 131
f 131 130 132
f 135 136 134
f 134 137 135
f 134 138 137
f 140 141 139
f 140 139 142
f 139 143 142
f 139 144 143
f 144 139 5443
f 139 145 5443
f 143 144 146
f 143 146 147
f 145 139 5444
f 139 148 5444
f 5445 149 5446
f 5446 140 142
f 5445 5446 142
f 150 140 5447
f 5446 149 5447
f 140 5446 5447
f 151 147 5448
f 147 152 5448
f 152 147 146
f 152 146 153
f 150 5449 154
f 5449 148 154
f 5449 150 155
f 5449 155 148
f 155 150 5447
f 5447 149 5450
f 155 5447 5450
f 155 5450 147
f 5450 149 147
f 147 151 155
f 148 155 5451
f 148 5451 153
f 148 153 146
f 148 146 156
f 148 156 5444
f 156 145 5444
f 143 147 5452
f 147 149 5452
f 149 5445 5452
f 142 143 5452
f 5445 142 5452
f 140 150 154
f 154 141 140
f 144 156 146
f 151 157 155
f 158 159 157
f 160 161 162
f 161 160 5453
f 5453 163 161
f 157 160 158
f 160 157 5453
f 157 163 5453
f 164 5454 166
f 5454 165 166
f 167 151 5448
f 5448 152 167
f 168 169 170
f 171 5455 5457
f 5455 172 5456
f 5456 165 5457
f 5455 5456 5457
f 172 5455 5458
f 5455 171 173
f 5455 173 5458
f 174 175 176
f 175 174 177
f 166 178 170
f 170 167 166
f 179 177 5459
f 177 174 5459
f 177 179 180
f 177 153 161
f 169 167 153
f 145 156 5443
f 156 144 5443
f 169 182 175
f 181 183 162
f 181 162 161
f 169 168 182
f 165 5454 5457
f 5454 164 5460
f 5460 171 5457
f 5454 5460 5457
f 183 180 5461
f 180 179 5461
f 180 183 181
f 170 178 168
f 176 175 182
f 166 167 164
f 158 184 159
f 155 161 5451
f 161 153 5451
f 173 184 5462
f 5462 172 5458
f 173 5462 5458
f 184 173 159
f 155 157 161
f 167 152 153
f 185 170 169
f 185 164 5463
f 164 167 5463
f 185 161 5464
f 161 163 5464
f 157 185 5464
f 5464 163 157
f 159 185 157
f 185 181 161
f 185 5465 164
f 5465 171 5460
f 5465 5460 164
f 185 5466 5465
f 173 171 5465
f 5466 173 5465
f 175 185 169
f 185 177 180
f 185 5463 170
f 5463 167 170
f 185 159 5466
f 159 173 5466
f 181 185 180
f 185 175 177
f 186 187 5467
f 187 188 5467
f 190 191 189
f 190 189 192
f 192 189 193
f 193 189 194
f 189 195 194
f 196 193 194
f 193 196 197
f 192 198 5468
f 5468 190 192
f 199 190 5468
f 5468 198 199
f 200 197 196
f 196 201 200
f 199 131 132
f 199 202 131
f 202 199 5469
f 199 198 5469
f 202 5469 197
f 5469 198 197
f 202 197 200
f 131 202 5470
f 5470 201 5471
f 131 5470 5471
f 5471 201 196
f 5471 196 131
f 131 196 5472
f 5472 203 131
f 131 203 195
f 197 198 193
f 198 192 193
f 132 190 199
f 194 203 5472
f 5472 196 194
f 200 204 5473
f 5473 202 200
f 205 5474 5476
f 5474 206 5475
f 5475 207 5476
f 5474 5475 5476
f 206 5474 5478
f 5474 205 5477
f 5477 204 5478
f 5474 5477 5478
f 208 209 210
f 206 5478 5480
f 5478 204 5479
f 5479 210 5480
f 5478 5479 5480
f 209 208 5481
f 208 211 5481
f 206 5480 5482
f 210 209 5482
f 5480 210 5482
f 212 213 214
f 211 215 216
f 217 5483 5485
f 5483 218 5484
f 5484 219 5485
f 5483 5484 5485
f 218 5483 5487
f 5483 217 5486
f 5486 220 5487
f 5483 5486 5487
f 220 5488 5487
f 214 218 5487
f 5488 214 5487
f 221 5489 208
f 5489 201 208
f 195 203 194
f 226 224 5490
f 224 219 5490
f 215 211 208
f 217 5485 224
f 5485 219 224
f 212 227 213
f 227 212 223
f 216 221 228
f 221 216 5491
f 216 215 5491
f 223 229 5492
f 5492 227 223
f 229 223 222
f 224 226 230
f 230 225 224
f 5488 220 212
f 5488 212 214
f 228 225 230
f 225 228 5493
f 228 221 5493
f 202 208 5470
f 208 201 5470
f 222 207 229
f 207 222 5476
f 222 205 5476
f 202 5473 208
f 5473 204 208
f 220 200 5494
f 200 201 5494
f 231 5495 5496
f 5495 220 5486
f 5486 217 5496
f 5495 5486 5496
f 225 5497 224
f 5497 231 224
f 231 212 5495
f 212 220 5495
f 231 208 210
f 204 5498 5479
f 5498 231 210
f 5498 210 5479
f 224 231 5496
f 5496 217 224
f 205 5499 5477
f 5499 231 5498
f 5498 204 5477
f 5499 5498 5477
f 231 5500 208
f 5500 215 208
f 231 223 212
f 231 5497 5501
f 5497 225 5493
f 5493 221 5501
f 5497 5493 5501
f 231 5502 223
f 5502 222 223
f 231 5499 5502
f 5499 205 222
f 5499 222 5502
f 215 5500 5491
f 5500 231 5501
f 5501 221 5491
f 5500 5501 5491
f 232 233 234
f 235 236 5503
f 235 5503 237
f 236 235 5504
f 235 238 5504
f 238 235 5505
f 235 239 5505
f 235 240 239
f 240 235 5506
f 235 241 5506
f 239 240 242
f 239 242 243
f 244 241 235
f 244 235 245
f 238 5507 5504
f 5507 246 5508
f 5508 236 5504
f 5507 5508 5504
f 247 236 5508
f 5508 246 247
f 248 243 249
f 249 243 242
f 249 242 250
f 247 245 251
f 247 252 245
f 252 247 5509
f 247 246 5509
f 252 5509 243
f 5509 246 243
f 252 243 248
f 245 252 250
f 250 242 245
f 242 253 245
f 245 253 244
f 243 246 239
f 246 5507 239
f 5507 238 5505
f 5507 5505 239
f 251 236 247
f 236 251 5503
f 251 237 5503
f 240 5510 242
f 5510 253 242
f 248 115 5511
f 5511 252 248
f 117 102 104
f 117 115 102
f 99 113 111
f 102 115 113
f 111 97 99
f 102 113 99
f 114 248 249
f 97 109 94
f 110 100 5437
f 5437 98 110
f 100 110 5512
f 110 112 5512
f 107 96 95
f 107 95 108
f 101 5513 114
f 5513 112 114
f 94 108 95
f 108 250 111
f 114 250 110
f 253 241 244
f 241 253 5506
f 5510 240 5506
f 253 5510 5506
f 110 98 96
f 110 96 107
f 109 97 111
f 105 103 116
f 105 116 118
f 94 109 108
f 112 5513 5512
f 5513 101 5438
f 5438 100 5512
f 5513 5438 5512
f 118 106 105
f 106 118 119
f 114 103 5440
f 5440 101 114
f 103 114 116
f 252 111 250
f 104 106 119
f 119 117 104
f 252 5511 111
f 5511 115 111
f 114 249 250
f 117 254 5514
f 5514 115 117
f 254 118 116
f 107 254 110
f 254 119 118
f 254 117 119
f 109 5515 108
f 5515 254 108
f 254 107 108
f 255 5516 134
f 5516 256 134
f 255 134 257
f 134 258 257
f 259 5517 5518
f 260 261 5518
f 5517 260 5518
f 262 5519 5521
f 5519 263 5520
f 5520 188 5521
f 5519 5520 5521
f 263 5519 5523
f 5519 262 5522
f 5522 264 5523
f 5519 5522 5523
f 260 5524 266
f 5524 265 266
f 269 267 270
f 269 270 268
f 267 271 270
f 271 267 5525
f 267 272 5525
f 267 273 272
f 274 5526 5527
f 5526 271 5525
f 5525 272 5527
f 5526 5525 5527
f 271 5526 275
f 5526 274 5528
f 5526 5528 275
f 270 277 268
f 268 277 278
f 279 275 5529
f 5528 274 5529
f 275 5528 5529
f 279 5529 280
f 5529 274 280
f 278 276 281
f 276 278 282
f 278 277 282
f 282 277 5530
f 5530 275 282
f 275 279 282
f 5531 280 276
f 282 5531 276
f 280 274 276
f 276 274 283
f 276 283 5532
f 5532 273 276
f 271 275 5533
f 5530 277 5533
f 275 5530 5533
f 270 271 5533
f 277 270 5533
f 281 268 278
f 283 274 5527
f 272 283 5527
f 279 5534 282
f 5534 284 282
f 5535 286 287
f 5535 287 285
f 284 5536 289
f 5536 288 289
f 288 5536 5538
f 5536 284 5537
f 5537 287 5538
f 5536 5537 5538
f 286 5535 290
f 5535 285 290
f 288 5538 286
f 5538 287 286
f 292 293 291
f 291 294 292
f 290 295 5539
f 5539 296 290
f 297 298 299
f 294 300 292
f 294 301 300
f 302 303 304
f 5540 293 298
f 5540 298 297
f 293 5540 291
f 5540 297 291
f 296 305 302
f 305 280 285
f 280 307 297
f 307 280 5541
f 280 303 5541
f 303 280 305
f 273 5532 272
f 5532 283 272
f 304 307 299
f 295 290 285
f 299 307 297
f 305 296 5539
f 5539 295 305
f 301 308 300
f 308 301 306
f 307 304 5541
f 304 303 5541
f 303 302 305
f 306 289 308
f 306 284 289
f 285 280 5531
f 282 285 5531
f 282 284 285
f 291 279 280
f 285 287 305
f 284 305 5537
f 305 287 5537
f 305 301 294
f 306 301 305
f 305 284 306
f 305 291 297
f 305 294 291
f 309 310 311
f 130 310 132
f 312 5542 5544
f 5542 313 5543
f 5543 314 5544
f 5542 5543 5544
f 313 5542 5546
f 5542 312 5545
f 5545 315 5546
f 5542 5545 5546
f 138 316 187
f 317 5547 191
f 5547 318 191
f 320 317 319
f 191 321 5548
f 5548 317 191
f 322 323 5549
f 5549 324 322
f 325 323 5550
f 5550 326 325
f 327 328 329
f 327 330 328
f 331 330 5551
f 330 327 5551
f 330 331 332
f 333 334 335
f 336 337 338
f 336 339 337
f 340 5552 5554
f 5552 314 5553
f 5553 341 5554
f 5552 5553 5554
f 314 5552 5544
f 5552 340 5555
f 5555 312 5544
f 5552 5555 5544
f 342 343 344
f 343 342 345
f 346 347 348
f 346 349 347
f 348 350 351
f 350 348 347
f 352 350 353
f 350 352 351
f 355 356 354
f 355 354 357
f 325 357 354
f 325 358 357
f 359 360 259
f 360 260 5517
f 360 5517 259
f 326 358 325
f 326 361 358
f 362 363 344
f 362 344 343
f 334 364 365
f 334 366 364
f 367 368 369
f 368 367 5556
f 367 370 5556
f 370 367 371
f 367 372 371
f 372 367 5557
f 367 373 5557
f 374 371 372
f 374 375 371
f 367 376 373
f 370 378 5556
f 378 368 5556
f 379 5558 378
f 5558 368 378
f 380 375 374
f 380 374 5559
f 374 381 5559
f 379 377 5560
f 377 382 5560
f 377 379 5561
f 5561 383 377
f 383 5561 378
f 5561 379 378
f 383 378 375
f 383 375 5562
f 375 380 5562
f 377 383 5563
f 5563 381 377
f 377 381 374
f 374 384 377
f 377 384 5564
f 5564 376 377
f 375 378 371
f 378 370 371
f 382 5565 5560
f 5565 368 5558
f 5558 379 5560
f 5565 5558 5560
f 384 374 372
f 380 5566 5562
f 385 383 5562
f 5566 385 5562
f 387 388 386
f 387 386 389
f 386 390 385
f 386 385 389
f 391 392 5567
f 5567 393 391
f 392 391 5568
f 391 394 5568
f 394 396 395
f 397 5569 387
f 5569 381 387
f 391 396 5571
f 5570 381 5571
f 396 5570 5571
f 391 5571 5573
f 5571 381 5572
f 5572 400 5573
f 5571 5572 5573
f 400 5572 401
f 5572 381 401
f 401 381 5569
f 5569 397 401
f 384 5574 5564
f 373 376 5564
f 5574 373 5564
f 373 5574 5557
f 384 372 5557
f 5574 384 5557
f 403 5575 5577
f 5575 400 5576
f 5576 393 5577
f 5575 5576 5577
f 388 402 5578
f 5578 404 388
f 402 388 387
f 391 393 5576
f 5576 400 5573
f 391 5576 5573
f 396 405 406
f 405 396 5579
f 396 399 5579
f 404 5580 5582
f 5580 397 5581
f 5581 407 5582
f 5580 5581 5582
f 397 5580 5583
f 5580 404 5578
f 5578 402 5583
f 5580 5578 5583
f 394 395 5568
f 395 392 5568
f 399 5584 5579
f 5584 408 5585
f 5585 405 5579
f 5584 5585 5579
f 408 5584 5586
f 5584 399 398
f 5584 398 5586
f 409 5587 5588
f 5587 400 5575
f 5575 403 5588
f 5587 5575 5588
f 400 5587 401
f 5587 409 401
f 396 406 395
f 407 401 5589
f 401 409 5589
f 401 407 5581
f 5581 397 401
f 398 5590 5586
f 5590 390 5591
f 5591 408 5586
f 5590 5591 5586
f 390 5590 385
f 5590 398 5592
f 5590 5592 385
f 383 387 5563
f 387 381 5563
f 383 385 387
f 396 380 5559
f 5559 381 5570
f 396 5559 5570
f 397 394 391
f 397 387 389
f 385 397 389
f 397 5593 396
f 5593 399 396
f 397 5594 5593
f 398 399 5593
f 5594 398 5593
f 397 385 5594
f 5592 398 5594
f 385 5592 5594
f 397 396 394
f 410 411 259
f 410 412 411
f 412 410 413
f 410 414 413
f 410 415 414
f 416 413 5595
f 413 414 5595
f 413 416 5596
f 5596 417 413
f 5597 418 5598
f 5598 415 410
f 5597 5598 410
f 412 420 411
f 411 420 421
f 422 417 5599
f 5599 423 5600
f 422 5599 5600
f 423 5599 5601
f 5599 417 5596
f 5596 416 5601
f 5599 5596 5601
f 423 5601 5603
f 5601 416 5602
f 5602 424 5603
f 5601 5602 5603
f 421 419 359
f 419 421 5604
f 5604 425 419
f 425 5604 5605
f 421 420 5605
f 5604 421 5605
f 425 5605 417
f 5605 420 417
f 417 422 425
f 419 425 5606
f 5606 424 419
f 419 424 5602
f 5602 416 419
f 416 426 419
f 419 426 5607
f 5607 418 419
f 413 417 420
f 420 412 413
f 411 421 359
f 414 5608 5595
f 5608 426 416
f 5608 416 5595
f 422 427 425
f 429 430 428
f 428 427 429
f 431 432 433
f 427 433 429
f 432 431 434
f 433 432 429
f 435 422 5600
f 5600 423 435
f 436 437 434
f 439 440 438
f 441 5609 435
f 5609 440 435
f 437 442 443
f 442 424 431
f 435 424 439
f 426 5610 5607
f 5610 415 5598
f 5598 418 5607
f 5610 5598 5607
f 415 5610 414
f 5610 426 5608
f 5610 5608 414
f 434 431 436
f 439 438 448
f 448 446 439
f 449 450 435
f 435 445 449
f 442 437 436
f 440 5609 438
f 5609 441 438
f 445 451 449
f 445 444 451
f 452 446 448
f 446 452 447
f 450 441 435
f 443 447 452
f 447 443 442
f 425 431 5606
f 431 424 5606
f 444 5611 451
f 5611 430 5612
f 5611 5612 451
f 430 5611 428
f 5611 444 428
f 425 427 431
f 435 423 5603
f 5603 424 435
f 453 5613 439
f 5613 440 439
f 5614 453 446
f 5614 446 447
f 453 431 433
f 427 453 433
f 446 453 439
f 428 453 427
f 453 436 431
f 453 445 435
f 453 5614 5615
f 5614 447 442
f 5614 442 5615
f 453 5616 445
f 5616 444 445
f 453 435 5613
f 435 440 5613
f 453 428 5616
f 428 444 5616
f 436 453 5615
f 436 5615 442
f 455 456 454
f 454 457 455
f 457 256 455
f 365 364 458
f 365 458 186
f 265 5524 189
f 5524 260 189
f 137 459 135
f 459 137 460
f 460 137 461
f 460 461 319
f 462 131 360
f 131 462 129
f 463 454 232
f 352 465 464
f 465 466 464
f 467 5617 5619
f 5617 462 5618
f 5618 468 5619
f 5617 5618 5619
f 5617 467 5620
f 5620 314 462
f 5617 5620 462
f 336 233 232
f 189 260 360
f 189 360 131
f 266 333 5621
f 5621 261 266
f 5622 470 5623
f 5623 471 469
f 5622 5623 469
f 471 5623 472
f 5623 470 472
f 358 473 357
f 473 358 5625
f 5624 474 5625
f 358 5624 5625
f 419 475 5626
f 5626 410 419
f 475 419 5627
f 419 259 5627
f 419 359 259
f 321 191 476
f 321 476 5628
f 476 477 5628
f 477 476 478
f 479 5629 469
f 5629 480 5630
f 5629 5630 469
f 134 256 316
f 266 261 260
f 481 336 338
f 464 482 352
f 344 484 483
f 344 483 5631
f 5631 342 344
f 485 484 5632
f 485 5632 486
f 484 485 483
f 487 488 489
f 490 489 488
f 489 490 491
f 491 492 489
f 493 491 5633
f 491 494 5633
f 491 493 492
f 495 493 5633
f 495 5633 494
f 493 495 496
f 353 465 352
f 464 466 497
f 498 5634 5636
f 5634 499 5635
f 5635 312 5636
f 5634 5635 5636
f 500 5637 481
f 5637 233 481
f 341 5553 5638
f 5553 314 5620
f 5620 467 5638
f 5553 5620 5638
f 481 233 336
f 501 485 5640
f 5639 502 5640
f 485 5639 5640
f 501 5641 234
f 5641 264 234
f 503 504 487
f 504 503 505
f 503 506 505
f 506 507 505
f 508 509 510
f 502 346 511
f 346 502 5642
f 5642 512 346
f 511 348 513
f 348 511 346
f 514 496 495
f 496 514 515
f 188 5643 5467
f 5643 516 5644
f 5644 186 5467
f 5643 5644 5467
f 516 5643 5646
f 5643 188 5645
f 5645 517 5646
f 5643 5645 5646
f 518 186 5644
f 5644 516 518
f 335 365 186
f 186 518 335
f 512 519 520
f 519 512 486
f 512 349 346
f 349 512 520
f 521 522 332
f 522 521 5647
f 521 523 5647
f 523 521 5648
f 521 524 5648
f 517 5645 5649
f 5645 188 5520
f 5520 263 5649
f 5645 5520 5649
f 525 526 527
f 526 525 5650
f 525 528 5650
f 361 5651 358
f 5651 474 5624
f 5651 5624 358
f 474 5651 529
f 5651 361 529
f 468 360 359
f 360 468 5618
f 5618 462 360
f 501 5652 485
f 5652 483 485
f 483 5652 5654
f 5652 501 5653
f 5653 500 5654
f 5652 5653 5654
f 500 5653 234
f 5653 501 234
f 500 234 5637
f 234 233 5637
f 264 511 5523
f 511 263 5523
f 511 264 5655
f 5655 502 511
f 502 5655 5640
f 5655 264 5641
f 5641 501 5640
f 5655 5641 5640
f 530 515 514
f 515 530 5656
f 530 531 5656
f 5657 531 530
f 532 5657 530
f 532 530 533
f 533 534 5658
f 5658 532 533
f 534 533 535
f 535 536 5659
f 5659 534 535
f 536 535 537
f 538 536 537
f 537 539 5660
f 538 537 5660
f 541 542 540
f 541 540 543
f 542 544 545
f 544 542 541
f 545 546 547
f 546 545 544
f 359 548 5661
f 5661 468 359
f 497 261 5621
f 5621 333 497
f 486 512 485
f 512 5642 485
f 5642 502 5639
f 5642 5639 485
f 263 511 5649
f 511 517 5649
f 547 549 550
f 549 547 546
f 549 552 551
f 549 551 550
f 552 553 504
f 552 504 551
f 487 553 5662
f 553 554 5662
f 553 487 504
f 555 530 514
f 530 555 556
f 556 533 530
f 556 557 533
f 557 5663 533
f 5663 535 533
f 535 5663 558
f 5663 557 558
f 537 535 558
f 537 558 5664
f 5664 559 537
f 510 509 5665
f 5665 560 510
f 474 561 5625
f 561 473 5625
f 561 474 562
f 561 562 510
f 559 5666 537
f 5666 539 537
f 539 5666 563
f 5666 559 563
f 543 564 541
f 564 543 565
f 262 5667 5522
f 234 264 5522
f 5667 234 5522
f 234 5667 5669
f 5667 262 5668
f 5668 463 5669
f 5667 5668 5669
f 566 466 465
f 466 566 410
f 410 566 419
f 566 328 419
f 541 567 544
f 567 541 5670
f 541 564 5670
f 568 546 544
f 544 567 568
f 498 569 5671
f 569 570 5671
f 330 419 328
f 330 548 419
f 332 548 330
f 548 332 5672
f 332 571 5672
f 571 332 5673
f 332 522 5673
f 332 331 572
f 332 572 521
f 356 521 572
f 521 356 355
f 473 569 5674
f 569 573 5674
f 569 473 561
f 561 570 569
f 516 513 518
f 351 482 513
f 351 513 348
f 482 351 352
f 562 474 529
f 508 562 574
f 568 549 546
f 575 549 568
f 552 575 5675
f 5675 576 552
f 575 552 549
f 552 576 577
f 578 508 574
f 508 578 509
f 579 580 353
f 577 581 553
f 553 552 577
f 553 581 582
f 554 582 583
f 582 554 553
f 554 583 488
f 560 570 510
f 570 560 5676
f 5676 479 570
f 497 466 410
f 5677 261 497
f 410 5677 497
f 261 5677 5518
f 410 259 5518
f 5677 410 5518
f 584 5678 464
f 5678 482 464
f 585 586 5679
f 586 587 5679
f 586 585 588
f 588 585 5680
f 5680 363 588
f 588 363 362
f 335 334 365
f 562 508 510
f 585 5679 589
f 5679 587 589
f 585 590 5680
f 590 363 5680
f 591 589 528
f 591 585 589
f 585 591 519
f 585 519 590
f 591 528 525
f 591 520 519
f 592 593 594
f 592 595 593
f 595 572 593
f 595 356 572
f 324 5681 5682
f 5681 595 596
f 5681 596 5682
f 595 5681 5683
f 5681 324 5549
f 5549 323 5683
f 5681 5549 5683
f 595 5683 354
f 5683 323 354
f 354 323 325
f 5684 598 597
f 583 5684 597
f 597 598 599
f 600 490 488
f 600 488 583
f 490 600 491
f 491 600 269
f 494 269 281
f 269 494 491
f 601 494 281
f 601 495 494
f 602 495 601
f 495 602 514
f 514 602 555
f 603 5685 525
f 5685 591 525
f 520 591 349
f 604 605 606
f 607 604 606
f 607 606 608
f 608 609 5686
f 5686 607 608
f 610 608 611
f 608 610 609
f 612 611 613
f 612 610 611
f 613 614 612
f 614 613 615
f 594 614 615
f 524 569 5648
f 569 523 5648
f 340 569 5687
f 569 498 5687
f 570 561 510
f 523 5688 5647
f 5688 341 5689
f 5689 522 5647
f 5688 5689 5647
f 341 5688 5554
f 5688 523 5690
f 5690 340 5554
f 5688 5690 5554
f 340 5690 569
f 5690 523 569
f 500 345 5691
f 345 342 5691
f 345 500 616
f 616 500 481
f 333 266 334
f 497 584 464
f 584 497 335
f 517 513 5646
f 513 516 5646
f 513 517 511
f 312 5555 5636
f 5555 340 5687
f 5687 498 5636
f 5555 5687 5636
f 339 336 5692
f 5692 456 5693
f 339 5692 5693
f 469 499 5694
f 5694 479 469
f 484 5695 590
f 5695 363 590
f 363 5695 344
f 5695 484 344
f 486 590 519
f 590 486 5632
f 5632 484 590
f 583 597 600
f 617 597 599
f 355 524 521
f 524 355 5696
f 355 573 5696
f 357 573 355
f 573 357 5674
f 357 473 5674
f 465 353 580
f 566 465 580
f 329 566 580
f 329 328 566
f 234 5669 232
f 5669 463 232
f 262 5697 5668
f 5697 618 5698
f 5698 463 5668
f 5697 5698 5668
f 619 591 5685
f 5685 603 619
f 619 620 591
f 591 620 5699
f 5699 349 591
f 349 5699 347
f 5699 620 347
f 621 619 622
f 621 620 619
f 620 621 350
f 620 350 347
f 622 604 621
f 621 353 350
f 497 333 335
f 522 5700 5673
f 5700 467 5701
f 5701 571 5673
f 5700 5701 5673
f 467 5700 5638
f 5700 522 5689
f 5689 341 5638
f 5700 5689 5638
f 604 607 579
f 623 624 5702
f 624 129 5702
f 130 5442 624
f 5442 129 624
f 579 607 5686
f 579 5686 609
f 625 579 609
f 579 625 580
f 609 610 626
f 609 626 625
f 625 626 329
f 329 580 625
f 626 610 612
f 626 327 329
f 627 612 614
f 612 627 626
f 627 331 626
f 626 331 5551
f 5551 327 626
f 628 472 5703
f 472 629 5703
f 472 628 5704
f 5704 630 472
f 630 5704 631
f 5704 628 631
f 630 631 5706
f 5705 632 5706
f 631 5705 5706
f 594 627 614
f 627 594 593
f 593 331 627
f 331 593 572
f 633 634 635
f 635 636 633
f 636 635 638
f 635 637 638
f 639 638 637
f 638 639 5707
f 5707 640 638
f 641 5708 5709
f 5708 640 5707
f 5707 639 5709
f 5708 5707 5709
f 640 5708 642
f 5708 641 642
f 642 643 644
f 643 642 5710
f 642 641 5710
f 644 645 646
f 645 644 5711
f 644 643 5711
f 646 647 648
f 647 646 5712
f 646 645 5712
f 648 649 5713
f 5713 650 648
f 649 648 5714
f 648 647 5714
f 650 651 652
f 651 650 5715
f 5713 649 5715
f 650 5713 5715
f 653 654 655
f 654 653 5716
f 653 656 5716
f 656 5717 5716
f 5717 657 654
f 5717 654 5716
f 657 5717 658
f 5717 656 5718
f 5717 5718 658
f 5662 554 488
f 487 5662 488
f 596 595 592
f 356 595 354
f 659 600 5719
f 600 597 5719
f 659 5719 267
f 5719 597 267
f 267 597 617
f 660 661 662
f 661 660 663
f 664 665 661
f 664 661 663
f 666 601 281
f 5720 668 667
f 602 5720 667
f 602 667 555
f 555 667 669
f 556 555 669
f 667 670 669
f 669 557 556
f 557 669 671
f 669 670 671
f 671 670 5721
f 5721 672 671
f 558 557 671
f 671 672 5722
f 5722 673 671
f 671 559 5664
f 5664 558 671
f 559 671 5723
f 671 674 5723
f 671 673 674
f 674 673 5724
f 5724 675 674
f 563 559 5723
f 674 563 5723
f 674 675 676
f 677 564 565
f 677 565 678
f 678 679 677
f 679 678 19
f 564 677 5670
f 677 567 5670
f 677 679 680
f 567 5725 568
f 5725 681 568
f 681 5725 677
f 5725 567 677
f 681 677 682
f 677 680 682
f 568 681 5726
f 5726 575 568
f 683 681 682
f 684 576 5675
f 575 684 5675
f 684 575 683
f 683 575 5726
f 5726 681 683
f 684 577 576
f 685 581 577
f 577 684 685
f 581 685 582
f 582 598 5684
f 5684 583 582
f 598 582 599
f 582 685 599
f 686 687 688
f 688 687 5727
f 5727 689 5728
f 688 5727 5728
f 599 690 617
f 690 599 691
f 617 690 692
f 617 692 267
f 267 692 693
f 693 276 267
f 694 276 693
f 276 694 666
f 695 666 694
f 695 668 666
f 668 695 667
f 696 5729 5730
f 5729 667 695
f 5729 695 5730
f 5729 696 5731
f 5731 670 667
f 5729 5731 667
f 696 5732 5731
f 5732 672 5721
f 5721 670 5731
f 5732 5721 5731
f 672 5732 697
f 5732 696 697
f 697 673 5722
f 5722 672 697
f 673 697 698
f 698 675 5724
f 5724 673 698
f 698 699 675
f 699 676 675
f 676 699 5733
f 5733 700 676
f 701 679 19
f 19 702 701
f 679 703 680
f 703 679 701
f 680 704 682
f 704 680 703
f 682 704 705
f 682 705 683
f 706 684 683
f 706 683 705
f 684 707 685
f 707 684 706
f 685 708 599
f 708 685 707
f 691 599 708
f 709 691 686
f 691 709 690
f 690 709 692
f 692 709 237
f 251 693 237
f 693 692 237
f 710 693 251
f 693 710 694
f 711 694 710
f 711 695 694
f 712 695 711
f 713 695 712
f 695 713 5730
f 713 696 5730
f 696 713 5734
f 713 714 5734
f 714 697 5734
f 697 696 5734
f 697 714 715
f 715 698 697
f 698 715 716
f 716 699 698
f 699 716 717
f 5733 699 717
f 700 5733 717
f 700 717 718
f 702 719 701
f 719 702 720
f 701 719 703
f 721 5735 5736
f 5735 703 719
f 5735 719 5736
f 5735 721 5737
f 5737 704 703
f 5735 5737 703
f 5738 704 5737
f 5737 721 722
f 5738 5737 722
f 704 5738 705
f 5738 722 705
f 723 705 5739
f 705 722 5739
f 705 724 706
f 705 723 724
f 725 706 724
f 706 726 707
f 706 725 726
f 727 707 726
f 686 708 707
f 707 727 686
f 686 691 708
f 604 579 621
f 621 579 353
f 571 5740 5672
f 5740 468 5661
f 5661 548 5672
f 5740 5661 5672
f 468 5740 5619
f 5740 571 5701
f 5701 467 5619
f 5740 5701 5619
f 138 728 461
f 728 138 458
f 138 187 458
f 729 730 5741
f 5741 470 729
f 5741 730 5742
f 5742 629 470
f 5741 5742 470
f 256 457 316
f 628 731 631
f 461 320 319
f 320 461 364
f 461 728 364
f 364 728 458
f 316 457 187
f 457 618 187
f 5743 256 5516
f 5516 255 732
f 5743 5516 732
f 732 255 733
f 733 255 257
f 136 258 134
f 265 320 5744
f 320 366 5744
f 265 318 320
f 320 318 5547
f 5547 317 320
f 318 265 189
f 318 189 5745
f 318 5745 191
f 309 478 476
f 309 476 310
f 476 191 310
f 191 132 310
f 686 688 5746
f 5746 709 686
f 688 5728 734
f 5728 689 734
f 688 237 5746
f 237 709 5746
f 235 688 734
f 688 235 237
f 735 624 472
f 624 735 736
f 736 735 5747
f 5747 737 5748
f 736 5747 5748
f 736 5748 5749
f 737 738 5749
f 5748 737 5749
f 739 5750 5751
f 5750 710 740
f 5750 740 5751
f 5750 739 711
f 5750 711 710
f 741 711 5752
f 711 739 5752
f 711 741 712
f 712 741 5753
f 742 712 5753
f 742 713 712
f 713 742 743
f 719 744 5736
f 744 721 5736
f 714 743 715
f 745 743 746
f 743 716 715
f 716 743 747
f 743 748 747
f 748 743 5754
f 743 745 5754
f 747 717 716
f 717 747 749
f 747 750 749
f 750 747 5755
f 747 748 5755
f 718 717 749
f 749 750 751
f 752 719 720
f 5756 754 752
f 753 5756 752
f 719 752 744
f 752 754 744
f 754 755 744
f 744 755 756
f 722 721 744
f 744 723 5739
f 5739 722 744
f 744 756 757
f 723 758 724
f 723 757 758
f 757 723 744
f 758 725 724
f 725 759 726
f 759 725 758
f 759 727 726
f 727 687 686
f 727 760 687
f 760 727 759
f 687 760 5757
f 5757 689 5727
f 687 5757 5727
f 689 761 5758
f 761 762 5758
f 762 734 5758
f 734 689 5758
f 734 762 5759
f 5759 633 734
f 636 734 633
f 734 636 235
f 235 636 638
f 638 245 235
f 640 245 638
f 245 640 740
f 740 640 642
f 740 642 5751
f 642 739 5751
f 739 642 5752
f 642 741 5752
f 644 741 642
f 741 644 5753
f 644 742 5753
f 644 746 742
f 646 745 746
f 646 746 644
f 745 648 5754
f 648 748 5754
f 648 745 646
f 650 750 5755
f 748 650 5755
f 650 748 648
f 750 652 751
f 652 750 650
f 655 754 5756
f 5756 753 655
f 655 654 754
f 654 5760 754
f 5760 755 754
f 755 5760 5761
f 654 657 5761
f 5760 654 5761
f 657 756 5761
f 756 755 5761
f 756 657 5762
f 5762 763 756
f 756 763 5763
f 5763 764 756
f 764 757 756
f 757 765 758
f 765 757 5764
f 757 764 5764
f 758 766 759
f 766 758 5765
f 758 765 5765
f 761 760 759
f 759 766 761
f 761 689 5757
f 5757 760 761
f 767 762 761
f 767 634 5766
f 762 767 5766
f 634 633 5759
f 5759 762 5766
f 634 5759 5766
f 658 763 5762
f 5762 657 658
f 763 658 5767
f 658 768 5767
f 768 5768 5767
f 5768 764 5763
f 5763 763 5767
f 5768 5763 5767
f 764 5768 5770
f 5768 768 5769
f 5769 769 5770
f 5768 5769 5770
f 764 5771 5764
f 5771 770 5772
f 5772 765 5764
f 5771 5772 5764
f 770 5771 5773
f 5771 764 5770
f 5770 769 5773
f 5771 5770 5773
f 765 771 5765
f 771 766 5765
f 771 765 5772
f 5772 770 771
f 766 767 761
f 767 766 771
f 772 634 767
f 772 773 634
f 772 774 773
f 773 774 5774
f 5774 775 773
f 773 635 634
f 635 773 776
f 773 775 776
f 776 775 777
f 776 637 635
f 637 776 5775
f 637 5775 778
f 778 5775 777
f 5775 776 777
f 777 779 778
f 778 639 637
f 778 779 780
f 778 641 5709
f 5709 639 778
f 641 778 781
f 781 778 780
f 781 780 782
f 641 783 5776
f 5776 643 5710
f 641 5776 5710
f 783 641 781
f 783 781 784
f 784 781 782
f 643 785 5711
f 785 645 5711
f 785 643 5776
f 5776 783 785
f 785 783 786
f 786 783 784
f 645 785 5712
f 785 647 5712
f 787 785 786
f 647 788 5714
f 788 649 5714
f 788 647 785
f 785 789 788
f 785 787 789
f 649 788 5715
f 788 651 5715
f 790 788 789
f 791 5777 653
f 5777 656 653
f 656 5777 5778
f 5777 791 792
f 5777 792 5778
f 792 791 793
f 793 794 792
f 792 658 5718
f 5718 656 5778
f 792 5718 5778
f 792 794 795
f 792 768 658
f 768 792 5779
f 792 796 5779
f 796 792 795
f 796 795 662
f 796 5780 5779
f 5780 769 5769
f 5769 768 5779
f 5780 5769 5779
f 796 662 661
f 769 5780 5773
f 5780 796 5781
f 5781 770 5773
f 5780 5781 5773
f 665 796 661
f 770 797 771
f 797 770 5781
f 5781 796 797
f 797 796 5782
f 797 5782 798
f 798 5782 5783
f 5782 796 665
f 5782 665 5783
f 797 767 771
f 767 797 772
f 797 798 772
f 798 774 772
f 799 775 5774
f 5774 774 799
f 775 799 5784
f 799 800 5784
f 775 5784 801
f 5784 800 801
f 777 775 801
f 801 779 777
f 779 801 802
f 780 779 802
f 780 802 803
f 803 782 780
f 782 803 804
f 804 784 782
f 784 804 805
f 784 806 786
f 806 784 805
f 807 787 786
f 786 806 807
f 787 808 789
f 808 787 807
f 809 790 789
f 789 808 809
f 810 794 793
f 794 810 811
f 795 794 811
f 795 811 5786
f 5785 812 5786
f 811 5785 5786
f 812 5787 5786
f 5787 662 795
f 5787 795 5786
f 5787 812 5788
f 5788 660 662
f 5787 5788 662
f 665 5789 5783
f 5789 813 798
f 5789 798 5783
f 5789 665 664
f 5789 664 813
f 813 799 798
f 799 774 798
f 814 800 799
f 800 814 815
f 801 800 815
f 801 815 369
f 802 801 369
f 369 382 802
f 382 803 802
f 803 382 816
f 804 803 816
f 816 817 804
f 817 805 804
f 817 818 805
f 805 819 5790
f 5790 806 805
f 805 818 819
f 806 5791 807
f 5791 820 5792
f 5791 5792 807
f 820 5791 5793
f 5791 806 5790
f 5790 819 5793
f 5791 5790 5793
f 5794 821 808
f 5794 808 807
f 821 5794 5795
f 5794 807 5792
f 5792 820 5795
f 5794 5792 5795
f 808 822 809
f 808 821 822
f 823 811 810
f 811 823 824
f 824 812 5785
f 5785 811 824
f 812 824 5796
f 824 825 5796
f 825 5797 5796
f 5797 660 5788
f 5788 812 5796
f 5797 5788 5796
f 660 5797 5799
f 5797 825 5798
f 5798 826 5799
f 5797 5798 5799
f 826 663 5799
f 663 660 5799
f 663 826 5800
f 5800 827 663
f 663 828 664
f 663 827 828
f 664 829 813
f 664 828 829
f 799 813 829
f 799 829 814
f 740 251 245
f 740 710 251
f 187 186 458
f 830 509 578
f 509 830 729
f 469 312 5635
f 5635 499 469
f 312 469 5545
f 469 315 5545
f 232 456 5692
f 232 5692 336
f 814 831 815
f 832 831 5801
f 5801 833 832
f 831 832 834
f 831 834 815
f 815 834 369
f 834 832 367
f 834 5802 369
f 5802 382 369
f 382 5802 835
f 5802 834 835
f 834 367 835
f 367 377 835
f 816 382 835
f 816 835 836
f 835 837 836
f 837 835 377
f 817 816 836
f 838 5803 837
f 5803 836 837
f 817 836 839
f 5803 838 839
f 836 5803 839
f 839 818 817
f 840 839 5804
f 839 838 5804
f 839 840 5805
f 5805 841 839
f 819 818 839
f 841 842 839
f 842 819 839
f 842 841 843
f 842 820 5793
f 5793 819 842
f 842 843 844
f 842 821 5795
f 5795 820 842
f 844 845 842
f 842 845 5806
f 5806 821 842
f 845 844 846
f 845 822 5806
f 822 821 5806
f 848 849 847
f 847 850 848
f 848 850 823
f 850 824 823
f 851 850 847
f 850 825 824
f 470 480 729
f 852 850 851
f 850 852 5807
f 850 5807 853
f 5808 825 850
f 853 5808 850
f 825 5808 5798
f 5808 853 5809
f 5809 826 5798
f 5808 5809 5798
f 854 853 5807
f 5807 852 854
f 826 5809 5800
f 5809 853 5810
f 5810 827 5800
f 5809 5810 5800
f 853 854 855
f 853 855 5810
f 855 827 5810
f 828 827 855
f 829 828 855
f 855 854 856
f 855 857 5811
f 829 855 5811
f 857 855 856
f 814 829 5811
f 857 814 5811
f 857 831 814
f 831 857 5812
f 5812 858 831
f 858 5812 856
f 5812 857 856
f 833 5801 5813
f 831 858 5813
f 5801 831 5813
f 477 5814 459
f 5814 833 459
f 833 5814 832
f 5814 477 832
f 832 477 478
f 478 367 832
f 478 377 367
f 478 309 377
f 311 837 377
f 377 309 311
f 837 738 5815
f 5815 838 837
f 738 837 311
f 838 5816 5804
f 737 840 5804
f 5816 737 5804
f 5816 838 5815
f 5815 738 737
f 5816 5815 737
f 5817 632 841
f 737 5817 841
f 737 841 5805
f 5805 840 737
f 843 632 5705
f 843 5705 631
f 632 843 841
f 844 631 731
f 844 843 631
f 731 846 844
f 733 859 860
f 859 733 847
f 859 847 849
f 847 733 257
f 847 257 851
f 257 852 851
f 258 5818 257
f 5818 852 257
f 852 5818 854
f 5818 258 854
f 854 258 136
f 856 854 136
f 856 136 135
f 134 316 138
f 135 858 856
f 858 135 459
f 858 459 5813
f 459 833 5813
f 137 138 461
f 618 457 454
f 339 861 337
f 861 339 455
f 861 455 862
f 455 256 862
f 317 460 319
f 460 317 5548
f 5548 321 460
f 460 321 459
f 459 321 5628
f 5628 477 459
f 311 736 5749
f 5749 738 311
f 736 311 310
f 736 310 624
f 310 130 624
f 256 5743 862
f 5743 732 862
f 732 733 860
f 730 729 830
f 730 863 5742
f 863 629 5742
f 864 5819 5820
f 5819 313 5546
f 5546 315 5820
f 5819 5546 5820
f 864 472 624
f 743 714 713
f 746 743 742
f 729 560 5665
f 5665 509 729
f 560 729 5821
f 729 480 5821
f 492 865 866
f 492 867 865
f 867 492 868
f 492 869 868
f 492 870 869
f 868 869 871
f 871 872 868
f 867 873 865
f 874 865 873
f 875 872 871
f 875 871 5822
f 871 876 5822
f 493 877 878
f 877 874 5823
f 877 5823 878
f 5823 874 873
f 5823 873 878
f 878 873 872
f 878 872 5824
f 872 875 5824
f 493 878 5825
f 878 876 5825
f 493 5825 871
f 5825 876 871
f 493 871 5826
f 871 879 5826
f 493 5826 870
f 5826 879 870
f 872 873 868
f 873 867 868
f 865 874 877
f 869 879 871
f 875 880 5824
f 880 878 5824
f 882 883 881
f 880 884 5827
f 884 885 5827
f 880 883 5828
f 884 880 5828
f 882 881 5829
f 881 886 5829
f 5828 883 882
f 5828 882 884
f 887 888 889
f 890 891 5830
f 891 892 5830
f 893 894 5831
f 894 888 5831
f 892 5832 895
f 5832 889 895
f 5832 892 896
f 5832 896 889
f 897 5833 881
f 5833 876 881
f 896 876 891
f 891 876 5834
f 5834 899 891
f 899 5834 5836
f 5834 876 5835
f 5835 900 5836
f 5834 5835 5836
f 900 5835 5837
f 5835 876 5833
f 5833 897 5837
f 5835 5833 5837
f 870 879 869
f 901 902 5838
f 886 901 5838
f 901 886 881
f 903 891 890
f 891 903 5839
f 5839 899 891
f 887 893 5831
f 888 887 5831
f 902 5840 904
f 5840 897 904
f 897 5840 901
f 5840 902 901
f 892 895 5830
f 5841 890 5830
f 895 5841 5830
f 893 5842 894
f 5842 905 894
f 905 5842 5844
f 5842 893 5843
f 5843 898 5844
f 5842 5843 5844
f 906 5845 903
f 5845 899 5839
f 5845 5839 903
f 899 5845 5836
f 5845 906 5846
f 5846 900 5836
f 5845 5846 5836
f 896 887 889
f 904 900 5846
f 5846 906 904
f 900 904 5837
f 904 897 5837
f 898 5847 5844
f 5847 885 5848
f 5848 905 5844
f 5847 5848 5844
f 885 5847 5827
f 5847 898 880
f 5847 880 5827
f 881 876 878
f 878 880 881
f 896 875 5822
f 5822 876 896
f 897 892 5849
f 892 891 5849
f 897 887 896
f 897 881 5850
f 881 883 5850
f 880 897 5850
f 5850 883 880
f 897 5851 887
f 5851 893 887
f 897 5852 5851
f 5852 898 5843
f 5843 893 5851
f 5852 5843 5851
f 897 880 5852
f 880 898 5852
f 897 896 892
f 538 907 5853
f 5853 908 5854
f 538 5853 5854
f 907 538 5855
f 538 909 5855
f 909 538 910
f 910 538 5660
f 5660 539 910
f 910 539 911
f 911 539 563
f 563 912 911
f 912 563 674
f 912 674 913
f 674 676 913
f 913 676 914
f 676 700 914
f 914 700 915
f 915 700 718
f 915 718 916
f 916 718 749
f 749 917 916
f 917 749 751
f 917 751 918
f 918 751 652
f 652 919 918
f 919 652 920
f 652 651 920
f 920 651 5856
f 5856 921 920
f 921 5856 788
f 5856 651 788
f 788 922 921
f 922 788 790
f 922 790 923
f 923 790 809
f 923 809 924
f 809 822 924
f 822 845 924
f 908 925 926
f 925 908 5853
f 5853 907 925
f 925 907 927
f 925 927 928
f 928 322 925
f 928 323 322
f 323 928 929
f 323 929 5550
f 929 326 5550
f 326 929 930
f 326 930 361
f 361 930 931
f 931 932 361
f 361 932 933
f 933 529 361
f 933 562 529
f 933 934 562
f 562 934 574
f 574 934 935
f 574 935 578
f 935 936 578
f 578 936 937
f 937 830 578
f 937 938 830
f 830 938 5857
f 5857 730 830
f 730 5857 5858
f 5857 938 939
f 5857 939 5858
f 730 5858 863
f 5858 939 863
f 863 939 940
f 863 940 941
f 941 940 60
f 60 940 5859
f 5859 942 60
f 60 942 846
f 846 942 943
f 943 924 846
f 924 845 846
f 456 232 454
f 944 945 5860
f 945 946 5860
f 944 947 5861
f 945 944 5861
f 947 944 5863
f 5862 948 5863
f 944 5862 5863
f 948 5862 949
f 5862 944 949
f 949 944 950
f 951 948 949
f 948 951 952
f 950 944 953
f 947 5864 5861
f 5864 954 945
f 5864 945 5861
f 955 945 5865
f 945 954 5865
f 956 952 951
f 956 951 957
f 955 953 5866
f 953 958 5866
f 955 959 953
f 5865 954 959
f 955 5865 959
f 959 954 952
f 952 956 959
f 953 959 957
f 953 957 951
f 951 960 953
f 960 950 953
f 948 952 5867
f 952 954 5867
f 954 5864 5867
f 5864 947 5863
f 5863 948 5867
f 5864 5863 5867
f 958 945 5866
f 945 955 5866
f 945 958 5868
f 5868 946 945
f 949 960 951
f 956 5869 959
f 5869 961 959
f 962 963 5870
f 963 964 5870
f 963 962 965
f 961 962 5871
f 962 966 5871
f 962 961 965
f 967 968 5872
f 5872 969 967
f 970 971 972
f 971 970 973
f 974 975 976
f 975 974 5873
f 5873 977 975
f 973 969 971
f 977 978 979
f 977 957 963
f 950 960 949
f 976 970 972
f 970 976 975
f 964 979 5874
f 979 982 5874
f 979 964 963
f 983 968 967
f 967 981 983
f 982 979 978
f 981 984 983
f 984 981 980
f 969 973 967
f 978 977 5873
f 5873 974 978
f 980 966 984
f 966 980 5871
f 980 961 5871
f 959 963 957
f 959 961 963
f 973 956 957
f 985 973 970
f 985 967 973
f 985 963 965
f 961 5875 965
f 5875 985 965
f 985 979 963
f 985 5876 967
f 5876 981 967
f 975 985 970
f 985 5877 979
f 5877 977 979
f 985 5878 5876
f 980 981 5876
f 5878 980 5876
f 985 5875 5878
f 5875 961 980
f 5875 980 5878
f 985 975 5877
f 975 977 5877
f 470 5622 480
f 5622 469 5630
f 5622 5630 480
f 470 629 472
f 623 5879 5880
f 5879 314 5543
f 5543 313 5880
f 5879 5543 5880
f 629 941 5703
f 941 628 5703
f 628 60 731
f 315 5881 5820
f 5881 471 864
f 5881 864 5820
f 864 471 472
f 471 5881 469
f 5881 315 469
f 456 455 5693
f 455 339 5693
f 314 5882 462
f 5882 129 462
f 129 5882 5702
f 5882 314 5879
f 5879 623 5702
f 5882 5879 5702
f 266 366 334
f 366 266 5744
f 266 265 5744
f 366 320 364
f 313 5819 5880
f 5819 864 5883
f 5883 623 5880
f 5819 5883 5880
f 624 623 5883
f 5883 864 624
f 454 463 5698
f 5698 618 454
f 480 5629 5821
f 5629 479 5676
f 5676 560 5821
f 5629 5676 5821
f 618 5884 187
f 5884 188 187
f 188 5884 5521
f 5884 618 5697
f 5697 262 5521
f 5884 5697 5521
f 500 5691 5654
f 5691 342 5631
f 5631 483 5654
f 5691 5631 5654
f 986 987 988
f 986 989 987
f 989 986 532
f 989 532 5885
f 5658 534 5885
f 532 5658 5885
f 594 615 990
f 594 990 991
f 991 592 594
f 992 592 991
f 992 596 592
f 993 596 992
f 993 324 5682
f 596 993 5682
f 925 324 993
f 324 925 322
f 994 995 587
f 994 587 586
f 589 995 996
f 995 589 587
f 996 526 5650
f 528 996 5650
f 996 528 589
f 600 659 269
f 276 659 267
f 659 276 269
f 269 276 281
f 997 525 527
f 525 997 603
f 603 997 998
f 603 998 619
f 622 998 605
f 622 619 998
f 605 604 622
f 999 5886 605
f 5886 606 605
f 999 608 5886
f 608 606 5886
f 608 999 866
f 866 877 608
f 877 611 608
f 1000 611 877
f 611 1000 613
f 613 1000 1001
f 613 1001 5887
f 613 5887 615
f 5887 1001 1002
f 5887 1002 615
f 615 1002 990
f 988 990 1002
f 990 988 991
f 987 991 988
f 991 987 992
f 1003 992 987
f 1003 993 992
f 926 993 1003
f 993 926 925
f 995 1004 5888
f 1004 1005 5888
f 1004 995 994
f 996 1005 5889
f 996 5889 1006
f 1005 996 5888
f 996 995 5888
f 526 1006 5890
f 1006 1007 5890
f 1006 526 996
f 5891 1007 1008
f 5891 1008 527
f 1007 5891 5890
f 527 526 5890
f 5891 527 5890
f 997 1008 5893
f 5892 1009 5893
f 1008 5892 5893
f 1008 997 527
f 998 1009 5894
f 5894 507 998
f 1009 998 5893
f 998 997 5893
f 605 507 506
f 507 605 998
f 506 999 605
f 999 5895 866
f 5895 1010 866
f 866 1010 1011
f 1011 1010 489
f 1011 489 492
f 492 493 1012
f 492 1012 1011
f 1011 1012 877
f 877 866 1011
f 1012 493 496
f 877 1012 5896
f 5896 1000 877
f 1012 496 515
f 1012 515 5897
f 515 1013 5897
f 1012 5897 5896
f 1013 1000 5896
f 5897 1013 5896
f 1000 1013 1001
f 668 601 666
f 601 668 5720
f 5720 602 601
f 531 1013 5656
f 1013 515 5656
f 1013 531 5898
f 5898 1014 1013
f 1013 1014 5899
f 5899 1001 1013
f 1001 5899 1002
f 5899 1014 1002
f 1014 988 1002
f 988 1014 986
f 986 1014 5898
f 5898 531 986
f 986 531 5657
f 5657 532 986
f 472 630 735
f 735 630 5706
f 5706 632 735
f 735 632 5817
f 5817 737 5747
f 735 5817 5747
f 989 1003 987
f 989 5885 536
f 5885 534 5659
f 5885 5659 536
f 926 1003 989
f 989 908 926
f 908 989 536
f 908 536 5854
f 536 538 5854
f 1015 1005 1004
f 1015 1004 1016
f 1016 542 1015
f 542 1016 540
f 1005 1015 5889
f 1015 1006 5889
f 1015 542 545
f 1006 1017 1007
f 1017 1006 1015
f 1017 1015 547
f 547 1015 545
f 1007 1017 1008
f 550 1017 547
f 518 584 335
f 584 518 5678
f 518 482 5678
f 482 518 513
f 1017 550 551
f 1017 5900 1008
f 5900 1009 5892
f 5900 5892 1008
f 551 504 505
f 505 1017 551
f 505 507 1017
f 1017 507 5894
f 5894 1009 5900
f 1017 5894 5900
f 573 569 5696
f 569 524 5696
f 503 999 506
f 1010 5895 503
f 5895 999 503
f 1010 503 489
f 503 487 489
f 570 499 5634
f 5634 498 5671
f 570 5634 5671
f 499 570 5694
f 570 479 5694
f 1018 5901 1020
f 5901 1019 1020
f 1018 1021 1022
f 1024 1025 1023
f 1026 1027 1028
f 1029 5902 5903
f 1030 1031 5903
f 5902 1030 5903
f 5902 1029 5904
f 5904 1032 1030
f 5902 5904 1030
f 122 1033 120
f 1034 5905 5907
f 5905 1035 5906
f 5906 1036 5907
f 5905 5906 5907
f 1034 5908 5910
f 5908 1037 5909
f 5909 1038 5910
f 5908 5909 5910
f 5911 1039 1040
f 5911 1040 80
f 1041 1042 6
f 1043 1040 5912
f 1040 1039 5912
f 1044 5913 5915
f 5913 1045 5914
f 5914 1046 5915
f 5913 5914 5915
f 1047 5916 5918
f 5916 1048 5917
f 5917 1049 5918
f 5916 5917 5918
f 1050 1051 1052
f 1054 1055 1053
f 1055 1054 1056
f 1055 1056 5919
f 1056 1057 5919
f 1058 5920 5922
f 5920 1059 5921
f 5921 1060 5922
f 5920 5921 5922
f 1059 5920 5924
f 5920 1058 5923
f 5923 1061 5924
f 5920 5923 5924
f 720 1062 67
f 1063 67 69
f 67 1063 1064
f 1065 67 1064
f 67 1065 1066
f 1067 1068 5925
f 1068 1069 5925
f 1070 5926 5927
f 1071 1072 5927
f 5926 1071 5927
f 1073 75 1074
f 1073 41 5928
f 5928 75 1073
f 1075 5929 70
f 5929 71 70
f 1077 1078 1076
f 63 1079 64
f 1080 1081 5930
f 1081 1082 5930
f 1084 1085 1083
f 72 71 1086
f 1086 71 5931
f 5931 48 1086
f 191 133 132
f 133 191 5745
f 133 5745 189
f 133 189 131
f 1087 1088 1089
f 918 919 1090
f 1090 1091 918
f 1090 1092 1091
f 1094 1095 1093
f 1097 1098 5932
f 1096 1097 5932
f 1099 1100 5933
f 1100 1101 5933
f 1100 1099 5934
f 5934 1102 1100
f 1103 1104 5935
f 1103 5935 1105
f 1106 915 916
f 1106 1093 915
f 1107 1108 5936
f 1108 1109 5936
f 1110 1105 1111
f 1110 1112 1105
f 1113 1102 5934
f 5934 1099 1113
f 1109 5937 5936
f 5937 1114 5938
f 5938 1107 5936
f 5937 5938 5936
f 1115 1116 1117
f 1116 1115 1118
f 915 1119 914
f 915 1093 1119
f 1120 1121 1122
f 1112 1110 1123
f 1124 1125 52
f 1125 1124 1126
f 1124 1127 1126
f 1126 1127 1128
f 1129 1109 1130
f 1129 1130 1131
f 1101 1100 1094
f 1132 5939 1092
f 5939 1133 1092
f 1092 1133 1094
f 1133 5940 5941
f 5940 1099 5933
f 5933 1101 5941
f 5940 5933 5941
f 1099 5940 5943
f 5940 1133 5942
f 5942 1134 5943
f 5940 5942 5943
f 1135 1136 1137
f 1138 1107 1139
f 1140 1135 1137
f 1093 1097 1119
f 1142 1102 1141
f 1099 5943 5944
f 5943 1134 1143
f 5943 1143 5944
f 1145 1146 1144
f 1141 1102 1113
f 1098 5945 1148
f 5945 1147 1148
f 1150 1151 1149
f 1150 1149 5946
f 1149 1152 5946
f 1095 1094 1100
f 1148 1147 1142
f 1153 1154 1155
f 916 917 918
f 916 918 1106
f 918 1091 1106
f 1122 1121 1156
f 1158 1159 1157
f 1157 1160 1158
f 1161 1162 1163
f 1162 1161 5947
f 1162 5947 1164
f 1164 5947 1165
f 5947 1161 1165
f 1167 1168 1166
f 1169 1114 5937
f 5937 1109 1169
f 1170 1148 1142
f 921 1171 920
f 1171 921 1172
f 921 922 5948
f 1172 921 5948
f 1172 5948 1156
f 5948 922 1156
f 1159 1158 1173
f 1131 1174 1175
f 1176 1160 1157
f 1110 1177 1123
f 919 920 1090
f 920 1171 1090
f 1089 1148 1178
f 1179 1180 5949
f 5949 1181 1179
f 1140 1144 1182
f 1089 1096 1148
f 1184 1185 1183
f 1178 1186 1089
f 1121 1177 1187
f 1136 1189 1188
f 1190 1089 1088
f 928 927 1135
f 5950 1191 928
f 1135 5950 928
f 1187 1193 1192
f 1139 1194 1195
f 1194 1139 5951
f 1139 1114 5951
f 1120 1177 1121
f 1177 1120 1123
f 1118 1115 1196
f 1196 1197 1118
f 1198 1193 5952
f 5952 1199 1198
f 1103 1200 1196
f 1200 1103 5953
f 1103 1201 5953
f 5953 1201 1202
f 5953 1202 1200
f 1202 1201 1203
f 1168 1204 1166
f 1168 1205 1204
f 1204 1205 1111
f 1111 1205 1110
f 1206 5954 5955
f 5954 1181 5949
f 5949 1180 5955
f 5954 5949 5955
f 1183 1204 1207
f 1207 1204 1117
f 1208 1183 1209
f 1208 1184 1183
f 1152 1210 1211
f 1211 1210 1212
f 1157 1159 1212
f 1170 1142 5956
f 5956 1213 1170
f 1133 5939 5942
f 5939 1132 5957
f 5957 1134 5942
f 5939 5957 5942
f 1183 1185 1166
f 1215 120 5958
f 1214 1173 5958
f 120 1214 5958
f 1216 1217 5959
f 1217 1154 5959
f 1218 1219 1220
f 1219 1218 1221
f 1218 1222 5960
f 1221 1218 5960
f 5960 1222 5961
f 5961 1223 1221
f 5960 5961 1221
f 1205 5962 1187
f 5962 1193 1187
f 1205 1187 1177
f 1224 1225 1139
f 1224 1150 1225
f 1226 1197 1196
f 1196 1200 1226
f 1200 1202 1226
f 1226 1202 1052
f 1226 1052 1051
f 1227 5963 1229
f 5963 1228 1229
f 1230 1231 1232
f 1223 1232 1231
f 1233 1234 1211
f 1235 1236 1203
f 1203 1237 1235
f 1238 1239 1240
f 1240 1239 1241
f 1242 1240 1241
f 1238 1240 1231
f 1201 5964 1203
f 5964 1237 1203
f 1237 5964 5966
f 5964 1201 5965
f 5965 1239 5966
f 5964 5965 5966
f 1239 5965 1103
f 5965 1201 1103
f 1239 1103 1241
f 1183 1166 1204
f 1204 1111 1117
f 1232 1223 5961
f 5961 1222 1232
f 1243 1244 1138
f 1244 1243 1245
f 1232 1247 1246
f 1246 1247 1248
f 940 1248 5967
f 1248 1247 5967
f 940 939 1248
f 1249 5968 1251
f 5968 1250 1251
f 1250 5968 1252
f 5968 1249 1252
f 1231 1240 1221
f 1221 1240 1219
f 1252 1253 1254
f 1253 1439 1254
f 1252 1255 1253
f 1256 1255 1252
f 1257 1258 1155
f 1155 1154 1257
f 1154 1259 1257
f 5969 1220 1219
f 1122 5969 1219
f 1170 1178 1148
f 1123 1242 1241
f 1115 1104 1196
f 1171 1260 1090
f 1156 922 923
f 1156 923 1122
f 1261 1203 1236
f 5935 1104 1111
f 1105 5935 1111
f 1104 1117 1111
f 1219 1123 1120
f 1117 1104 1115
f 1262 1130 1108
f 1084 1262 1108
f 1130 1262 1179
f 1179 1262 1263
f 1264 1225 5970
f 1225 1150 5970
f 1130 1109 1108
f 1179 1181 1130
f 1146 1182 1144
f 1119 913 914
f 1190 912 913
f 1190 913 1119
f 1265 5971 1192
f 5971 1260 1192
f 1213 5972 1170
f 5972 1210 5973
f 5972 5973 1170
f 1210 5972 1212
f 5972 1213 1212
f 1212 1213 1157
f 1240 1242 1219
f 1096 5932 1148
f 5932 1098 1148
f 1147 5945 1097
f 5945 1098 1097
f 1248 1266 1267
f 1267 1246 1248
f 1266 938 937
f 938 1266 939
f 939 1266 1268
f 1268 1266 1248
f 939 1268 1248
f 1205 1177 1110
f 1256 1249 5974
f 1249 1269 5974
f 1270 1256 5974
f 5974 1269 1270
f 1271 5975 1249
f 5975 1269 1249
f 1140 1137 1144
f 1224 1139 1195
f 1224 1151 1150
f 923 5969 1122
f 5969 923 924
f 5969 924 1220
f 1198 1265 1192
f 1238 1230 1235
f 1230 1238 1231
f 1269 5976 1270
f 5976 1272 5977
f 5976 5977 1270
f 1272 5976 5979
f 5976 1269 5978
f 5978 1273 5979
f 5976 5978 5979
f 1273 5978 5980
f 5978 1269 5975
f 5975 1271 5980
f 5978 5975 5980
f 1273 5980 5982
f 5980 1271 5981
f 5981 1274 5982
f 5980 5981 5982
f 1175 1174 1275
f 1273 5983 5979
f 5983 1276 5984
f 5984 1272 5979
f 5983 5984 5979
f 1273 5982 5985
f 5982 1274 1277
f 5982 1277 5985
f 1277 5986 5985
f 5986 1276 5983
f 5983 1273 5985
f 5986 5983 5985
f 1277 1278 5987
f 5987 1276 5986
f 1277 5987 5986
f 1261 5988 1279
f 5988 1249 1279
f 5988 1261 5989
f 5989 1271 1249
f 5988 5989 1249
f 1271 5989 1236
f 5989 1261 1236
f 1236 1274 5981
f 5981 1271 1236
f 1274 1236 1235
f 1130 1181 1131
f 1280 5990 5991
f 5990 1160 1176
f 5990 1176 5991
f 1222 5992 1232
f 5992 1247 1232
f 942 5859 5993
f 5859 1247 5992
f 5992 1222 5993
f 5859 5992 5993
f 1247 5859 5967
f 5859 940 5967
f 1251 1050 1279
f 1050 1251 62
f 1279 1249 1251
f 1280 5994 5995
f 1229 1228 5995
f 5994 1229 5995
f 1255 1256 1270
f 1270 1281 1255
f 1282 1281 1270
f 1282 1270 5977
f 5977 1272 1282
f 1163 1272 5984
f 5984 1276 1163
f 1163 1276 5987
f 1278 1163 5987
f 5996 1161 1163
f 5996 1163 1278
f 1091 1092 1106
f 1092 1094 1106
f 1211 1234 1152
f 1175 1283 1131
f 1284 1285 1286
f 1162 1285 1284
f 1162 1287 1285
f 1287 1162 5997
f 5997 1288 1287
f 1288 5997 5999
f 5997 1162 5998
f 5998 1289 5999
f 5997 5998 5999
f 1289 5998 1164
f 5998 1162 1164
f 1289 1290 5999
f 6000 1288 5999
f 1290 6000 5999
f 1290 1289 1164
f 1291 1290 1164
f 1290 1291 1292
f 935 934 933
f 933 1292 935
f 1292 1291 6001
f 935 1292 6001
f 1293 1294 6002
f 1294 1295 6002
f 1297 1298 1296
f 1297 1296 1294
f 1296 1295 1294
f 1294 1293 1299
f 1300 1294 1299
f 1293 6003 1299
f 6003 1180 1299
f 1180 6003 1301
f 6003 1293 1301
f 1301 1206 5955
f 5955 1180 1301
f 1302 6004 1301
f 6004 1206 1301
f 1206 6004 1303
f 6004 1302 1303
f 1112 1103 1105
f 1103 1112 1241
f 1242 1123 1219
f 1233 1214 1304
f 1214 1233 1211
f 1211 1159 1214
f 5990 1280 5995
f 5995 1228 1160
f 5990 5995 1160
f 6005 1291 1164
f 1165 6005 1164
f 935 1165 6006
f 6006 936 935
f 1165 935 6005
f 6001 1291 6005
f 935 6001 6005
f 1296 1293 6002
f 6002 1295 1296
f 1293 1296 6007
f 1296 1305 6007
f 1293 6007 1301
f 6007 1305 1301
f 1301 1305 1286
f 1301 1286 1285
f 1285 1302 1301
f 1109 1129 1169
f 1220 924 943
f 943 1218 1220
f 943 1222 1218
f 1222 943 5993
f 943 942 5993
f 1306 1234 1307
f 1234 1306 1308
f 1191 5950 1140
f 5950 1135 1140
f 1161 5996 1165
f 5996 1278 6008
f 5996 6008 1165
f 1267 1165 6008
f 6008 1278 1267
f 1266 6009 1267
f 6009 1165 1267
f 1165 937 6006
f 937 936 6006
f 937 1165 6009
f 937 6009 1266
f 1249 1256 1252
f 1296 1298 1439
f 1253 1296 1439
f 1296 1253 1255
f 1255 1305 1296
f 1286 1305 1255
f 1286 1255 6010
f 1255 1281 6010
f 1286 6010 1282
f 6010 1281 1282
f 1282 1284 1286
f 1163 1162 1284
f 1114 1139 5938
f 1139 1107 5938
f 1232 1309 6011
f 6011 1230 1232
f 1309 1232 1246
f 1107 1138 1244
f 1159 1173 1214
f 1186 1087 1089
f 1136 1144 1137
f 1126 1208 1419
f 1128 1184 1208
f 1126 1128 1208
f 1234 1264 1152
f 1264 1234 1308
f 1227 6012 1128
f 6012 1184 1128
f 928 1191 1153
f 928 1153 929
f 1153 1155 929
f 1155 930 929
f 1178 1149 1310
f 6012 1227 1185
f 6012 1185 1184
f 1277 1274 1235
f 1235 1230 1277
f 1230 6011 1277
f 6011 1309 1277
f 1106 1094 1093
f 1099 5944 1113
f 5944 1143 1113
f 1186 1311 1188
f 1188 1311 1136
f 1128 1127 1124
f 1124 1312 1128
f 1128 1312 6013
f 6013 1227 1128
f 1136 1145 1144
f 1225 1264 1308
f 1313 1185 6014
f 1185 1227 6014
f 1185 1313 1167
f 1309 6015 1277
f 6015 1278 1277
f 1314 1278 6016
f 6015 1309 6016
f 1278 6015 6016
f 1315 1224 1311
f 1224 1145 1311
f 1278 1314 6017
f 1278 6017 1267
f 1316 1179 6018
f 1179 1263 6018
f 1316 1317 1179
f 1317 1316 1299
f 1316 1300 1299
f 1190 1096 1089
f 1135 1189 1136
f 1228 1158 1160
f 911 912 1190
f 911 1190 1088
f 1052 1202 1279
f 1050 1052 1279
f 1279 1202 1203
f 1203 1261 1279
f 1307 1234 1233
f 1307 1233 1318
f 1180 1317 1299
f 1317 1180 1179
f 1175 1319 1217
f 1182 1320 1140
f 1182 1283 1320
f 1320 1283 1175
f 1224 1315 1310
f 1259 1154 1217
f 1153 1191 1140
f 1114 1169 5951
f 1169 1194 5951
f 1155 931 930
f 931 1155 1258
f 1257 932 931
f 1257 931 1258
f 1198 1199 1143
f 1084 1244 1245
f 1244 1084 1108
f 6019 1206 1303
f 1174 6019 1303
f 1140 1320 1153
f 1153 1320 1154
f 1320 1216 5959
f 1154 1320 5959
f 1093 1095 1097
f 1134 1198 1143
f 1100 1147 1097
f 1097 1095 1100
f 1170 1149 1178
f 1102 6020 1100
f 6020 1147 1100
f 1147 6020 1142
f 6020 1102 1142
f 1167 1166 1185
f 1090 1260 5971
f 5971 1265 1090
f 1192 1193 1198
f 1150 5946 5970
f 1152 1264 5970
f 5946 1152 5970
f 1159 1211 1212
f 1198 1134 5957
f 5957 1132 1198
f 1321 1308 1306
f 1308 1321 1322
f 1322 1321 1243
f 1322 1243 1138
f 907 1189 927
f 1189 1135 927
f 1214 120 1304
f 1318 1233 120
f 1233 1304 120
f 1132 6021 1198
f 6021 1265 1198
f 1158 1228 6022
f 6022 1312 1158
f 1188 910 1087
f 1188 909 910
f 909 1188 1189
f 909 1189 5855
f 1189 907 5855
f 910 911 1088
f 910 1088 1087
f 1152 1149 1170
f 1152 1170 5973
f 5973 1210 1152
f 1217 1216 1175
f 1158 1312 1173
f 1251 1324 62
f 1324 1251 1254
f 1251 1250 1254
f 1254 1250 1252
f 1172 1260 1171
f 1121 1172 1156
f 1178 1315 1186
f 1315 1178 1310
f 1227 1229 6014
f 1229 1313 6014
f 1092 1265 6021
f 6021 1132 1092
f 1113 1143 1229
f 6017 1314 1246
f 1267 6017 1246
f 1175 1216 1320
f 1108 1107 1244
f 1188 1087 1186
f 1139 1225 1138
f 1090 1265 1092
f 1173 1312 1124
f 1192 1260 1187
f 1104 1103 1196
f 1173 52 5958
f 52 1215 5958
f 52 1173 1124
f 1219 1120 1122
f 1207 1209 1183
f 1209 1207 6023
f 6023 1325 1415
f 1209 6023 1415
f 1325 6023 1117
f 6023 1207 1117
f 1325 1117 6024
f 1117 1116 6024
f 1241 1112 1123
f 1288 1275 1287
f 1275 1288 6025
f 6025 1319 1275
f 1288 6026 6025
f 6026 1259 6027
f 6027 1319 6025
f 6026 6027 6025
f 1259 6026 1290
f 6026 1288 6000
f 6026 6000 1290
f 1259 1290 1292
f 1257 1259 1292
f 933 932 1257
f 1257 1292 933
f 1187 1260 1172
f 1187 1172 1121
f 1221 1223 1231
f 1319 1175 1275
f 1195 1145 1224
f 1310 1151 1224
f 1151 1310 1149
f 1213 5956 1157
f 5956 1142 1157
f 1157 1142 1141
f 1141 1176 1157
f 1176 1141 1113
f 1176 1113 5991
f 1113 1280 5991
f 1280 1113 5994
f 1113 1229 5994
f 1313 1229 1143
f 1313 1143 1167
f 1143 1199 1167
f 1167 1199 6028
f 6028 1168 1167
f 6028 1199 5952
f 5952 1193 1168
f 6028 5952 1168
f 1168 1193 5962
f 5962 1205 1168
f 1195 1146 1145
f 1146 1195 1194
f 1146 1194 1182
f 1182 1194 1169
f 1169 1283 1182
f 1283 1169 6029
f 1169 1129 6029
f 1283 6029 1131
f 6029 1129 1131
f 1275 1174 1303
f 1275 1303 1287
f 1303 1302 1287
f 1287 1302 1285
f 1163 1284 1282
f 1282 1272 1163
f 1235 1237 1238
f 1238 1237 5966
f 1238 5966 1239
f 1246 1314 6016
f 6016 1309 1246
f 1217 1319 6027
f 6027 1259 1217
f 1190 1097 1096
f 5954 1206 6019
f 6019 1174 1181
f 5954 6019 1181
f 1181 1174 1131
f 1225 1308 1322
f 1225 1322 1138
f 1133 5941 1094
f 5941 1101 1094
f 1228 5963 6022
f 5963 1227 6013
f 6013 1312 6022
f 5963 6013 6022
f 1097 1190 1119
f 1186 1315 1311
f 1311 1145 1136
f 61 41 1073
f 1326 71 5929
f 1075 1326 5929
f 1327 1328 62
f 1329 1330 74
f 74 1330 75
f 1050 1331 1332
f 1333 1331 1050
f 1050 1334 1333
f 1335 1336 1337
f 1335 1337 1338
f 1338 1339 1335
f 1340 1329 74
f 1330 76 75
f 77 1074 75
f 1342 1343 6030
f 1341 1344 6030
f 1343 1341 6030
f 1345 6031 6033
f 6031 1346 6032
f 6032 1347 6033
f 6031 6032 6033
f 1346 6031 6032
f 6031 1345 6033
f 6033 1347 6032
f 6031 6033 6032
f 1348 6034 6036
f 6034 1349 6035
f 6035 1350 6036
f 6034 6035 6036
f 1349 6034 6035
f 6034 1348 6036
f 6036 1350 6035
f 6034 6036 6035
f 1351 6037 6039
f 6037 1352 6038
f 6038 1353 6039
f 6037 6038 6039
f 1352 6037 6038
f 6037 1351 6039
f 6039 1353 6038
f 6037 6039 6038
f 1354 6040 6042
f 6040 1355 6041
f 6041 1356 6042
f 6040 6041 6042
f 1355 6040 6041
f 6040 1354 6042
f 6042 1356 6041
f 6040 6042 6041
f 1358 6043 6045
f 6043 1357 6044
f 6044 1359 6045
f 6043 6044 6045
f 1357 6043 6044
f 6043 1358 6045
f 6045 1359 6044
f 6043 6045 6044
f 1360 6046 6048
f 6046 1361 6047
f 6047 1362 6048
f 6046 6047 6048
f 1361 6046 6047
f 6046 1360 6048
f 6048 1362 6047
f 6046 6048 6047
f 1364 6049 6051
f 6049 1363 6050
f 6050 1365 6051
f 6049 6050 6051
f 1363 6049 6050
f 6049 1364 6051
f 6051 1365 6050
f 6049 6051 6050
f 1367 6052 6054
f 6052 1366 6053
f 6053 1368 6054
f 6052 6053 6054
f 1366 6052 6053
f 6052 1367 6054
f 6054 1368 6053
f 6052 6054 6053
f 1369 6055 6057
f 6055 1370 6056
f 6056 1371 6057
f 6055 6056 6057
f 1370 6055 6056
f 6055 1369 6057
f 6057 1371 6056
f 6055 6057 6056
f 1372 6058 6060
f 6058 1373 6059
f 6059 1374 6060
f 6058 6059 6060
f 1373 6058 6059
f 6058 1372 6060
f 6060 1374 6059
f 6058 6060 6059
f 1376 6061 6063
f 6061 1375 6062
f 6062 1377 6063
f 6061 6062 6063
f 1375 6061 6062
f 6061 1376 6063
f 6063 1377 6062
f 6061 6063 6062
f 1379 6064 6066
f 6064 1378 6065
f 6065 1380 6066
f 6064 6065 6066
f 1378 6064 6065
f 6064 1379 6066
f 6066 1380 6065
f 6064 6066 6065
f 1382 6067 6069
f 6067 1381 6068
f 6068 1383 6069
f 6067 6068 6069
f 1381 6067 6068
f 6067 1382 6069
f 6069 1383 6068
f 6067 6069 6068
f 1385 6070 6072
f 6070 1384 6071
f 6071 1386 6072
f 6070 6071 6072
f 1384 6070 6071
f 6070 1385 6072
f 6072 1386 6071
f 6070 6072 6071
f 1387 6073 6075
f 6073 1388 6074
f 6074 1389 6075
f 6073 6074 6075
f 1388 6073 6074
f 6073 1387 6075
f 6075 1389 6074
f 6073 6075 6074
f 1390 6076 6078
f 6076 1391 6077
f 6077 1392 6078
f 6076 6077 6078
f 1391 6076 6077
f 6076 1390 6078
f 6078 1392 6077
f 6076 6078 6077
f 1394 6079 6081
f 6079 1393 6080
f 6080 1395 6081
f 6079 6080 6081
f 1393 6079 6080
f 6079 1394 6081
f 6081 1395 6080
f 6079 6081 6080
f 1397 6082 6084
f 6082 1396 6083
f 6083 1398 6084
f 6082 6083 6084
f 1396 6082 6083
f 6082 1397 6084
f 6084 1398 6083
f 6082 6084 6083
f 1399 1400 1401
f 1400 1399 1402
f 1399 1335 1402
f 1399 1403 1335
f 1404 1403 1405
f 1406 6085 1407
f 6085 1405 6086
f 6085 6086 1407
f 1407 1410 1409
f 1411 1410 1412
f 1412 1414 1413
f 1414 1416 1415
f 1419 1416 1420
f 1422 1420 1423
f 89 1423 1424
f 93 1424 67
f 1425 67 84
f 1426 84 1427
f 1429 6087 1430
f 6087 1427 1430
f 1335 1433 1402
f 1433 1435 1436
f 1436 1437 1438
f 1439 1440 1438
f 1440 1442 6088
f 1442 1443 6088
f 1443 1444 1445
f 1445 1446 1447
f 1448 1449 1447
f 1452 1453 1449
f 1453 1083 1454
f 1454 1455 1456
f 1456 1457 1458
f 1460 1461 1458
f 1461 1462 1463
f 1432 1430 1464
f 1432 1464 1463
f 43 41 61
f 1050 1332 1051
f 1051 1332 1465
f 1467 1468 1466
f 1466 1469 1467
f 1470 1471 6089
f 1471 1021 6089
f 1472 90 92
f 123 1473 19
f 1455 1474 1243
f 1245 1243 1475
f 1476 1327 62
f 62 64 1476
f 1477 1478 1050
f 1050 1479 1334
f 1478 1479 1050
f 1335 1051 1465
f 1465 1336 1335
f 62 1480 1481
f 62 1482 1480
f 62 1328 6090
f 6090 1482 62
f 1019 1483 1484
f 1483 1019 1485
f 1486 6091 1488
f 6091 1487 1488
f 6091 1486 6092
f 6092 1489 1487
f 6091 6092 1487
f 1490 6093 1488
f 6093 1486 1488
f 1491 6094 1493
f 6094 1492 1493
f 1494 6095 6097
f 6095 1495 6096
f 6096 82 6097
f 6095 6096 6097
f 6098 1497 1496
f 1023 6098 1496
f 1499 1500 1498
f 1502 1503 1501
f 1502 1501 1504
f 1506 1507 1505
f 1506 1505 1508
f 1509 6099 1510
f 6099 1500 1510
f 1509 1510 6101
f 6100 1511 6101
f 1510 6100 6101
f 1499 1513 1512
f 1499 1512 1514
f 1514 1515 1499
f 1516 6102 6104
f 6102 1517 6103
f 6103 1518 6104
f 6102 6103 6104
f 1517 6102 6106
f 6102 1516 6105
f 6105 1519 6106
f 6102 6105 6106
f 1521 1522 1520
f 1521 1524 1523
f 1525 6107 1527
f 6107 1526 1527
f 1335 1339 6108
f 1335 6108 1528
f 1335 1528 1529
f 1401 73 49
f 1530 73 1401
f 60 61 1073
f 1531 1532 63
f 63 1532 6109
f 6109 1533 63
f 1500 6110 6112
f 6110 1534 6111
f 6111 1535 6112
f 6110 6111 6112
f 82 6113 5434
f 6113 1536 6114
f 6114 65 5434
f 6113 6114 5434
f 18 5400 6116
f 5400 17 6115
f 6115 1535 6116
f 5400 6115 6116
f 1534 6110 1499
f 6110 1500 1499
f 1488 1487 1537
f 1538 1509 14
f 1539 720 1540
f 720 1541 1540
f 89 1542 1543
f 89 1544 1542
f 1545 1544 89
f 89 91 1545
f 67 1546 68
f 67 1062 1546
f 1547 84 1548
f 1547 88 84
f 1081 1080 6117
f 6117 1549 1081
f 1550 1495 1505
f 6117 1080 1551
f 1549 6117 1551
f 1552 1553 1554
f 1550 1555 1556
f 1557 84 1558
f 84 1557 6118
f 6118 1548 84
f 120 1559 6119
f 6119 121 120
f 1560 1559 120
f 1562 1563 1561
f 1564 6120 6121
f 6120 1565 1566
f 6120 1566 6121
f 6120 1564 6122
f 6122 1567 1565
f 6120 6122 1565
f 1565 1567 1568
f 1569 6123 1571
f 6123 1570 1571
f 1570 6123 6125
f 6123 1569 6124
f 6124 1572 6125
f 6123 6124 6125
f 1573 1565 1568
f 1573 1568 1505
f 1505 1507 6126
f 1573 1505 6126
f 1574 1575 1576
f 6127 1578 1577
f 1026 6127 1577
f 1579 1439 1580
f 1439 1442 1580
f 1537 1582 1581
f 63 1533 6128
f 6128 1583 63
f 63 1583 6129
f 6129 1079 63
f 1062 720 1539
f 1584 1585 6130
f 6130 15 1584
f 1326 1586 6131
f 6131 71 1326
f 1587 6132 1527
f 6132 1525 1527
f 1588 6133 52
f 6133 1589 52
f 1589 58 52
f 120 1590 1560
f 1591 1590 120
f 6131 1586 74
f 6131 74 71
f 1586 1592 74
f 1340 74 1592
f 1401 46 45
f 1401 47 5424
f 1401 5424 46
f 49 47 1401
f 60 846 45
f 45 44 60
f 1593 1594 1595
f 1594 1593 1596
f 1596 1593 1598
f 1596 1598 1597
f 1593 1599 1598
f 1599 1593 1600
f 1600 1593 1601
f 1601 1593 1602
f 1601 1602 1603
f 1604 1603 1541
f 1603 1602 1541
f 1541 1602 1540
f 1602 1539 1540
f 1546 1062 1539
f 1602 1546 1539
f 1546 1602 68
f 1602 66 68
f 66 1602 69
f 1602 1063 69
f 1063 1602 6134
f 1602 1526 6134
f 1063 6134 1064
f 6134 1526 1064
f 1064 1526 6107
f 6107 1525 1064
f 1064 1525 1605
f 1605 1065 1064
f 1605 1066 1065
f 1606 1607 1608
f 1607 1606 1609
f 1608 1610 1611
f 1610 1608 1612
f 1608 1607 1612
f 1503 1076 1614
f 1615 1616 1617
f 1618 1419 1617
f 73 1530 5431
f 1530 48 5431
f 1619 1620 1621
f 1086 48 1530
f 1562 1535 6115
f 6115 17 1562
f 1535 1562 6135
f 1562 1622 6135
f 1623 1556 1624
f 1404 1626 1625
f 1081 1627 6136
f 6136 1082 1081
f 1627 1081 6137
f 1081 1496 6137
f 1627 6137 6138
f 1496 1497 6138
f 6137 1496 6138
f 1628 1629 1027
f 1556 1555 1628
f 1574 1630 1631
f 1632 1435 1633
f 1027 1026 1577
f 1490 1631 1630
f 1549 1551 6139
f 6139 1626 1549
f 1634 1081 1635
f 1634 1496 1081
f 1496 1634 1023
f 1562 1636 1637
f 1620 1619 1638
f 1510 1562 1561
f 1629 1564 1501
f 1508 1639 1506
f 1515 1514 1506
f 1506 1639 1515
f 1494 1499 1515
f 1640 1641 1554
f 1643 1644 1642
f 1643 1642 1645
f 1643 1645 1551
f 1551 1645 1625
f 1635 1626 1051
f 1635 1051 1335
f 1646 1647 1078
f 1626 1081 1549
f 1505 1495 1508
f 1078 1609 1646
f 1498 1648 1499
f 1648 1513 1499
f 6140 1632 6141
f 6141 1023 1634
f 6140 6141 1634
f 1571 1649 1650
f 1571 1651 1649
f 1027 1627 6142
f 1027 6142 1628
f 6142 1627 1556
f 6142 1556 1628
f 1623 1550 1556
f 1652 1489 6143
f 6143 1638 1652
f 1564 1504 1501
f 1571 1570 1651
f 1653 6144 1655
f 6144 1654 1655
f 1656 1655 1657
f 1614 1658 1026
f 1652 1659 6145
f 6145 1582 1652
f 1493 1659 1640
f 1660 1661 6146
f 1661 1662 6146
f 1663 1664 52
f 1664 1588 52
f 92 1425 120
f 120 1033 92
f 1665 1666 92
f 1666 1667 92
f 1464 1669 1463
f 1669 1668 1463
f 1463 1668 1670
f 1670 1461 1463
f 1427 1672 1671
f 1427 1671 1430
f 1673 1453 1674
f 1453 1673 1449
f 1675 1412 1676
f 1675 1414 1412
f 1405 1677 1678
f 1405 1403 1677
f 1461 1670 1458
f 1670 1679 1458
f 1424 1423 1680
f 1681 1424 1680
f 1028 1614 1026
f 1647 1682 1076
f 1076 1682 6148
f 6147 1658 6148
f 1682 6147 6148
f 1076 6148 1614
f 6148 1658 1614
f 1456 1458 1683
f 14 1509 15
f 89 1663 52
f 1674 1453 1454
f 1343 1674 1454
f 1672 84 6149
f 84 1684 6149
f 84 1672 1427
f 1685 1686 1402
f 1433 1685 1402
f 1685 1433 1436
f 1687 1685 1436
f 1687 1436 1438
f 1688 1687 6150
f 1438 1440 6150
f 1687 1438 6150
f 1443 1689 1690
f 1689 1443 1445
f 1692 1407 6086
f 6086 1405 1691
f 1692 6086 1691
f 1691 1405 1678
f 1693 1410 1692
f 1692 1410 1407
f 1403 1399 1677
f 1423 1695 1680
f 1695 1423 1420
f 1420 1416 655
f 1695 1420 655
f 1416 1675 655
f 1675 653 655
f 1675 1416 1414
f 1412 1410 1693
f 1676 1412 1693
f 1660 6151 1616
f 6151 1696 1616
f 1669 1430 1671
f 1430 1669 1464
f 1447 1449 1673
f 1697 1698 6152
f 6152 1699 1697
f 1699 6152 1700
f 6152 1698 1700
f 1552 1563 1571
f 1653 1655 1656
f 1491 1493 1553
f 1657 1701 1656
f 994 1683 1458
f 1682 1647 1702
f 1077 1076 1703
f 1703 1076 1503
f 1609 1078 1077
f 1462 1537 1581
f 1543 1663 89
f 1551 1704 1682
f 1682 1643 1551
f 1643 1682 1702
f 1702 1644 1643
f 1689 1445 1447
f 1688 1443 1690
f 1688 1690 481
f 1443 1688 6088
f 6150 1440 6088
f 1688 6150 6088
f 1705 1706 6153
f 1706 1707 6153
f 1702 1647 1646
f 1646 1708 1702
f 1593 1595 1709
f 1593 1709 1710
f 1710 1711 1593
f 1711 1710 1712
f 1711 1712 6154
f 1712 59 6154
f 1711 6154 21
f 6154 59 21
f 1711 21 20
f 1711 20 6155
f 20 1713 6155
f 1711 6155 1714
f 6155 1713 1714
f 1711 1714 85
f 85 1714 83
f 1714 1715 83
f 83 1715 86
f 86 1715 1473
f 86 1473 123
f 1526 1716 1527
f 1716 1526 1558
f 1558 1526 6156
f 6156 1557 1558
f 6156 1526 6157
f 6157 87 1557
f 6156 6157 1557
f 87 1548 6118
f 1557 87 6118
f 87 1547 1548
f 1547 87 5435
f 5435 88 1547
f 87 1711 85
f 65 1550 1623
f 1550 65 6114
f 6114 1536 1550
f 1515 1639 1508
f 1508 1494 1515
f 1494 1508 6095
f 1508 1495 6095
f 1717 1718 1719
f 1718 1717 1720
f 1720 1717 1721
f 1722 1650 1448
f 1451 1722 1448
f 1723 1724 1725
f 1723 1726 1724
f 1726 1723 14
f 1726 14 1727
f 1727 13 1728
f 13 1727 14
f 1722 1571 1650
f 1554 1729 1552
f 1729 1554 1641
f 1636 1562 6158
f 1562 17 6158
f 1619 1621 6159
f 1619 6159 1730
f 1731 1417 1415
f 1417 1731 1617
f 1418 1617 1419
f 1617 1418 1417
f 82 6096 6113
f 6096 1495 6160
f 6160 1536 6113
f 6096 6160 6113
f 1708 6161 1702
f 6161 1644 1702
f 1644 6161 6163
f 6161 1708 6162
f 6162 1732 6163
f 6161 6162 6163
f 1733 1734 1735
f 1736 1737 6165
f 6164 1738 6165
f 1737 6164 6165
f 1737 1739 6166
f 6166 1738 6164
f 1737 6166 6164
f 1505 1568 1550
f 1566 1740 1504
f 1566 1504 6121
f 1504 1564 6121
f 1644 6163 1741
f 6163 1732 1741
f 1535 6167 6116
f 6167 1494 6168
f 6168 18 6116
f 6167 6168 6116
f 1552 1571 1722
f 1028 1503 1614
f 1081 1626 1635
f 1640 1659 1742
f 1742 1659 1652
f 1638 1619 1697
f 1487 1582 1537
f 1743 1619 1730
f 1498 1744 1648
f 1538 1745 1648
f 1648 1744 1538
f 1490 1746 1631
f 1490 1488 1746
f 1488 1747 1746
f 1629 1028 1027
f 1622 1510 6169
f 1510 1500 6169
f 1748 1606 1608
f 1749 1735 6170
f 1735 1734 6170
f 1749 1750 1735
f 1750 1749 1751
f 1752 1606 1748
f 1611 1753 1748
f 1611 1748 1608
f 1501 1503 1028
f 1502 1754 1755
f 1754 1502 1504
f 1504 1740 1754
f 1660 1616 1661
f 1616 1615 1661
f 1751 1730 6159
f 6159 1621 1751
f 1756 1757 1758
f 1660 6171 6151
f 6171 1759 6172
f 6172 1696 6151
f 6171 6172 6151
f 1760 1759 6171
f 6171 1660 1760
f 1661 1615 1741
f 1741 1732 1661
f 1662 6173 6174
f 6173 1732 6162
f 6162 1708 6174
f 6173 6162 6174
f 1572 6175 6125
f 6175 1761 6176
f 6176 1570 6125
f 6175 6176 6125
f 1077 1607 1609
f 1612 1762 1763
f 1762 1612 1764
f 1612 1607 1764
f 1764 1607 6178
f 6177 1765 6178
f 1607 6177 6178
f 1765 6177 1077
f 6177 1607 1077
f 1624 1767 1623
f 1494 6167 6179
f 6167 1535 6111
f 6111 1534 6179
f 6167 6111 6179
f 1552 1729 1563
f 1759 1760 6180
f 1760 1768 6180
f 1078 1647 1076
f 1731 1411 1769
f 1769 1615 1731
f 1615 1769 1741
f 1616 1770 6181
f 6181 1771 1616
f 1770 1616 6182
f 1616 1696 6182
f 1759 6183 6172
f 6183 1772 6184
f 6184 1696 6172
f 6183 6184 6172
f 1772 6183 6186
f 6183 1759 6185
f 6185 1654 6186
f 6183 6185 6186
f 1655 1759 6187
f 6187 1773 1655
f 1759 1655 6185
f 1655 1654 6185
f 1655 1773 6188
f 6188 1752 1655
f 1553 1552 1722
f 1775 1750 1774
f 1774 1750 6189
f 6189 1620 1774
f 1653 1776 6190
f 1776 1777 6190
f 1778 6191 1656
f 6191 1653 1656
f 1653 6191 6193
f 6191 1778 6192
f 6192 1779 6193
f 6191 6192 6193
f 1778 1656 1701
f 1732 6173 1661
f 6173 1662 1661
f 1780 1781 6194
f 1781 1782 6194
f 1781 1780 6195
f 6195 1777 1781
f 1781 1777 1783
f 1783 1777 6196
f 6196 1784 1783
f 1616 1618 1617
f 1618 1616 6197
f 1616 1771 6197
f 92 1785 1575
f 1786 1576 1575
f 1576 1786 6198
f 1786 1783 6198
f 1080 6199 1551
f 6199 1704 1551
f 1751 1718 1730
f 1787 1701 1788
f 1788 1790 1789
f 1789 1787 1788
f 1791 1792 93
f 89 1791 93
f 1785 92 1792
f 92 93 1792
f 1655 1752 1657
f 1653 6193 1776
f 6193 1779 1776
f 1778 1793 6192
f 1793 1779 6192
f 1793 1778 1701
f 1701 1657 1794
f 1794 1788 1701
f 1788 1795 1790
f 1788 1794 1795
f 1794 1796 1795
f 1797 1786 1791
f 1791 1785 1792
f 1785 1791 1786
f 1786 1797 1781
f 1782 1781 1797
f 1781 1783 1786
f 1703 1503 1502
f 1703 1765 1077
f 1765 1703 6200
f 1703 1798 6200
f 1798 1703 6201
f 1703 1799 6201
f 1766 1755 1763
f 1766 1799 1755
f 1755 1799 1703
f 1755 1703 1502
f 1657 1752 1748
f 1794 1657 1748
f 1748 1753 1796
f 1748 1796 1794
f 1701 1787 1793
f 1575 1785 1786
f 1773 6202 6188
f 6202 1800 6203
f 6203 1752 6188
f 6202 6203 6188
f 1615 1617 1731
f 1421 1618 1791
f 1421 1791 89
f 1797 1771 6204
f 6204 1782 1797
f 1770 6205 6181
f 6205 1782 6204
f 6204 1771 6181
f 6205 6204 6181
f 1653 6206 6144
f 6206 1772 6186
f 6186 1654 6144
f 6206 6186 6144
f 1489 1652 1487
f 1739 6207 6208
f 6207 1570 6176
f 6176 1761 6208
f 6207 6176 6208
f 1582 1487 1652
f 13 15 6130
f 13 6130 1585
f 1439 1579 1633
f 1584 1511 1561
f 1609 6209 1646
f 6209 1768 1646
f 1768 6209 1606
f 6209 1609 1606
f 6210 1737 1024
f 1579 6210 1024
f 82 5433 6097
f 5433 18 6168
f 6168 1494 6097
f 5433 6168 6097
f 1760 1708 1646
f 1646 1768 1760
f 1499 1494 6179
f 6179 1534 1499
f 1801 1743 1720
f 1735 1750 1775
f 1025 6211 6213
f 6211 1736 6212
f 6212 1802 6213
f 6211 6212 6213
f 1619 1743 1697
f 1618 1797 1791
f 1797 1618 6197
f 6197 1771 1797
f 1782 6205 6194
f 6205 1770 6214
f 6214 1780 6194
f 6205 6214 6194
f 1800 6202 6215
f 6202 1773 6187
f 6187 1759 6215
f 6202 6187 6215
f 1800 6215 6216
f 6215 1759 6180
f 6180 1768 6216
f 6215 6180 6216
f 1585 1698 1801
f 1801 1698 1743
f 1698 1585 1700
f 1756 1758 1733
f 1756 1733 1775
f 1775 1733 1735
f 1803 6217 6218
f 6217 1802 6212
f 6212 1736 6218
f 6217 6212 6218
f 1804 1425 1575
f 1429 1804 1631
f 1579 6219 6210
f 6219 1739 1737
f 6219 1737 6210
f 1633 1023 6141
f 6141 1632 1633
f 1023 1633 1024
f 1642 1741 1769
f 1642 1644 1741
f 1582 6145 1581
f 6145 1659 1581
f 1492 6220 1493
f 6220 1659 1493
f 1739 6219 1580
f 6219 1579 1580
f 1553 1493 1640
f 1620 6189 1621
f 6189 1750 1621
f 15 1509 6101
f 6101 1511 15
f 1722 1491 1553
f 1486 1638 6092
f 6143 1489 6092
f 1638 6143 6092
f 1805 1707 1806
f 1707 1805 6153
f 1805 1705 6153
f 1705 1805 1807
f 1705 1807 1734
f 1767 1803 6221
f 6221 65 1767
f 65 1623 1767
f 1535 6135 6112
f 6135 1622 6169
f 6169 1500 6112
f 6135 6169 6112
f 1561 1729 1641
f 1561 1641 1584
f 1802 6222 6213
f 6222 1497 6223
f 6223 1025 6213
f 6222 6223 6213
f 1733 1758 1706
f 1757 6224 1576
f 6224 1574 1576
f 1574 6224 1756
f 6224 1757 1756
f 1574 1756 1630
f 1725 1720 1721
f 1720 1725 1808
f 1720 1808 1801
f 1801 1808 1809
f 1808 1725 1724
f 13 1801 1809
f 13 1809 1728
f 1739 6225 6207
f 1651 1570 6207
f 6225 1651 6207
f 1810 14 1723
f 14 1810 1745
f 1745 1538 14
f 1564 1629 1628
f 1628 1555 1568
f 1451 1491 1722
f 1812 1813 1811
f 1584 1700 1585
f 16 6226 5399
f 6226 1636 6158
f 6158 17 5399
f 6226 6158 5399
f 1730 1718 1720
f 1720 1743 1730
f 1554 1553 1640
f 1761 6227 6208
f 6227 1738 6166
f 6166 1739 6208
f 6227 6166 6208
f 1803 6228 6221
f 6228 1814 6229
f 6229 65 6221
f 6228 6229 6221
f 16 5429 6230
f 5429 65 6229
f 6229 1814 6230
f 5429 6229 6230
f 1606 1752 6203
f 6203 1800 1606
f 1736 6165 6218
f 6165 1738 6231
f 6231 1803 6218
f 6165 6231 6218
f 1733 1706 1705
f 1705 1734 1733
f 1739 1649 6225
f 1649 1651 6225
f 1537 1747 1488
f 1577 1627 1027
f 1627 1624 1556
f 1490 1630 1774
f 1490 1774 6093
f 6232 1486 6093
f 1774 6232 6093
f 1649 1739 1580
f 1625 1626 6139
f 6139 1551 1625
f 1571 1563 6233
f 6233 1569 1571
f 1444 1649 1580
f 1784 6234 1783
f 6234 1576 6198
f 6234 6198 1783
f 6234 1784 6235
f 6235 1757 1576
f 6234 6235 1576
f 13 1585 1801
f 1737 1025 1024
f 1025 1737 6211
f 1737 1736 6211
f 1550 1536 6160
f 6160 1495 1550
f 1606 1800 6216
f 6216 1768 1606
f 1575 1574 1804
f 1804 1574 1631
f 1567 6122 1628
f 6122 1564 1628
f 1567 1628 1568
f 1698 1697 1743
f 1510 1622 1562
f 1511 6100 1561
f 6100 1510 1561
f 1750 1751 1621
f 1028 1629 1501
f 1448 1650 1649
f 1707 1706 1787
f 1815 1787 1789
f 1815 1707 1787
f 1707 1815 1806
f 1563 1562 1637
f 1563 1729 1561
f 15 1511 1584
f 1498 1538 1744
f 1498 1500 1538
f 1538 1500 6099
f 6099 1509 1538
f 1434 1634 1635
f 1634 1434 6140
f 1434 1632 6140
f 1658 6236 1026
f 6236 1578 6127
f 6236 6127 1026
f 1758 1779 1793
f 1706 1758 1793
f 1555 1550 1568
f 1579 1024 1633
f 1025 6223 1023
f 6223 1497 6098
f 6223 6098 1023
f 1584 1641 1700
f 1758 1757 1776
f 1776 1779 1758
f 1402 1075 70
f 1402 1326 1075
f 6237 77 5432
f 5432 76 863
f 6237 5432 863
f 863 76 1330
f 70 72 1402
f 1402 1686 6238
f 6238 1816 1402
f 1818 1226 1300
f 1226 1819 1300
f 1821 1116 1300
f 1116 1822 1300
f 1325 1823 1300
f 1822 1325 1300
f 1823 1209 1300
f 1209 1824 1300
f 1824 6239 1300
f 1208 1825 1300
f 6239 1208 1300
f 1825 1126 1300
f 1126 1826 1300
f 1826 1125 1300
f 1125 1827 1300
f 1827 52 1300
f 52 1828 1300
f 1828 1215 1300
f 1215 1829 1300
f 120 1323 1830
f 1830 1323 1318
f 62 1817 1052
f 1052 1831 62
f 1324 1831 6240
f 1831 1832 6240
f 1254 1832 1833
f 1253 1833 1834
f 1834 1835 1298
f 1297 1835 1836
f 1836 1837 1294
f 1316 1300 6018
f 6241 1263 6018
f 1300 6241 6018
f 1263 6241 6242
f 1300 1838 6242
f 6241 1300 6242
f 1262 1838 6243
f 6243 1839 1262
f 1843 1830 1306
f 1844 1845 1846
f 1847 1848 6244
f 1848 1849 6244
f 1848 1847 6245
f 6245 1850 1848
f 1851 1852 6246
f 1852 1853 6246
f 1851 1854 1852
f 1852 1854 6247
f 6247 1855 1852
f 1855 6247 6248
f 6247 1854 1856
f 6247 1856 6248
f 1857 6249 6251
f 6249 1858 6250
f 6250 1859 6251
f 6249 6250 6251
f 1858 6249 6252
f 1857 1860 6252
f 6249 1857 6252
f 1787 1706 1793
f 863 1329 1340
f 1578 6253 1577
f 6253 1082 1577
f 1082 6253 5930
f 6253 1578 6254
f 6254 1080 5930
f 6253 6254 5930
f 1080 6254 6255
f 6254 1578 6236
f 6236 1658 6255
f 6254 6236 6255
f 1080 6255 6199
f 6255 1658 6256
f 6256 1704 6199
f 6255 6256 6199
f 1704 6256 1682
f 6256 1658 6147
f 6256 6147 1682
f 1708 1760 6174
f 1760 1662 6174
f 1662 1760 6146
f 1760 1660 6146
f 1696 6184 6182
f 6184 1772 6257
f 6257 1770 6182
f 6184 6257 6182
f 1770 6257 6214
f 6257 1772 6258
f 6258 1780 6214
f 6257 6258 6214
f 1780 6258 6259
f 6258 1772 6206
f 6206 1653 6259
f 6258 6206 6259
f 1780 6259 6195
f 6259 1653 6190
f 6190 1777 6195
f 6259 6190 6195
f 1784 6196 1776
f 6196 1777 1776
f 1784 1776 6235
f 1776 1757 6235
f 1756 1775 1630
f 1630 1775 1774
f 1486 6232 6260
f 1774 1620 6260
f 6232 1774 6260
f 1082 6136 1577
f 6136 1627 1577
f 1624 1627 6138
f 6138 1497 1624
f 1624 1497 1767
f 1767 1497 6222
f 6222 1802 1767
f 1767 1802 6217
f 6217 1803 1767
f 1814 6228 6261
f 6228 1803 6231
f 6231 1738 6261
f 6228 6231 6261
f 1814 6261 6230
f 6261 1738 6262
f 6262 16 6230
f 6261 6262 6230
f 16 6262 6263
f 6262 1738 6227
f 6227 1761 6263
f 6262 6227 6263
f 16 6263 6226
f 6263 1761 6264
f 6264 1636 6226
f 6263 6264 6226
f 1636 6264 6265
f 6264 1761 6175
f 6175 1572 6265
f 6264 6175 6265
f 1636 6265 1637
f 6265 1572 6266
f 6265 6266 1637
f 6266 1572 6124
f 6124 1569 1637
f 6266 6124 1637
f 1637 1569 6233
f 6233 1563 1637
f 1641 1640 1700
f 1700 1640 1742
f 1742 1699 1700
f 1699 1742 1652
f 1699 1652 1697
f 1697 1652 1638
f 1638 1486 6260
f 6260 1620 1638
f 1402 1586 1326
f 863 1340 1592
f 1592 1586 1402
f 1086 1861 72
f 1863 1864 1862
f 1863 1862 6267
f 1862 1865 6267
f 1866 1867 6268
f 6268 1868 1866
f 1867 1866 6269
f 1866 1869 6269
f 1869 1866 6270
f 1866 1870 6270
f 1870 1866 6271
f 1866 1871 6271
f 1871 1866 6272
f 1866 1872 6272
f 1873 1870 6271
f 6271 1871 1873
f 1870 1873 6273
f 1873 1874 6273
f 1872 1866 1875
f 1869 6274 6269
f 6274 1876 6275
f 6275 1867 6269
f 6274 6275 6269
f 1877 1867 6275
f 6275 1876 1877
f 1878 1874 1873
f 1878 1873 6276
f 1873 1879 6276
f 1875 1880 1877
f 1877 1881 6277
f 1875 1877 6277
f 1881 1877 6278
f 1877 1876 6278
f 1881 6278 6280
f 6278 1876 6279
f 6279 1874 6280
f 6278 6279 6280
f 1881 6280 6281
f 1874 1878 6281
f 6280 1874 6281
f 6277 1881 6282
f 6282 1879 1875
f 6277 6282 1875
f 1875 1879 1873
f 1875 1873 1882
f 1882 1872 1875
f 1870 6273 6283
f 6273 1874 6279
f 6279 1876 6283
f 6273 6279 6283
f 1876 6274 6283
f 6274 1869 6270
f 6270 1870 6283
f 6274 6270 6283
f 1880 6284 1877
f 6284 1867 1877
f 1867 6284 6268
f 6284 1880 6285
f 6285 1868 6268
f 6284 6285 6268
f 1871 1882 1873
f 1878 1883 6281
f 1883 1881 6281
f 1884 1885 6286
f 6286 1886 1884
f 1883 1887 6287
f 6287 1888 1883
f 1883 1886 1887
f 1884 1889 1885
f 1887 1886 6286
f 6286 1885 6288
f 1887 6286 6288
f 1890 6289 1892
f 6289 1891 1892
f 1889 6290 6292
f 6290 1893 6291
f 6291 1894 6292
f 6290 6291 6292
f 1896 1897 1895
f 1898 1899 1900
f 1892 1901 1897
f 1897 1902 1892
f 1894 6293 6295
f 6293 1903 6294
f 6294 1898 6295
f 6293 6294 6295
f 1903 6296 1884
f 6296 1879 6297
f 6296 6297 1884
f 1904 1878 6298
f 6298 1905 1904
f 1905 6298 6300
f 6298 1878 6299
f 6299 1890 6300
f 6298 6299 6300
f 1890 6299 6302
f 6299 1878 6301
f 6301 1902 6302
f 6299 6301 6302
f 1896 1902 6303
f 6303 1879 1896
f 1883 1878 1904
f 1872 1882 6272
f 1882 1871 6272
f 1893 6290 6304
f 6290 1889 1884
f 6290 1884 6304
f 1907 1896 1895
f 1907 1906 1896
f 1890 6305 6289
f 6305 1908 6306
f 6306 1891 6289
f 6305 6306 6289
f 1908 6305 6307
f 6305 1890 6300
f 6300 1905 6307
f 6305 6300 6307
f 1903 6293 6308
f 6293 1894 6291
f 6291 1893 6308
f 6293 6291 6308
f 1897 1901 1895
f 1905 1909 6307
f 1909 1908 6307
f 1909 1905 1904
f 1900 1906 1907
f 1906 1900 1899
f 1892 1902 6302
f 6302 1890 1892
f 1899 1898 6294
f 6294 1903 1899
f 1904 1888 1909
f 1888 1904 1883
f 1881 1884 6282
f 6297 1879 6282
f 1884 6297 6282
f 1881 1883 1884
f 1902 6301 6303
f 6301 1878 6276
f 6276 1879 6303
f 6301 6276 6303
f 1905 1897 1896
f 1899 1905 1906
f 1905 1884 6309
f 1884 1886 6309
f 1883 6310 1886
f 6310 1905 6309
f 6310 6309 1886
f 1906 1905 1896
f 1905 6311 1884
f 6311 1893 6304
f 6311 6304 1884
f 1905 1899 6312
f 1899 1903 6312
f 1905 1902 1897
f 1893 6311 6308
f 6311 1905 6312
f 6312 1903 6308
f 6311 6312 6308
f 1910 6313 6315
f 6313 1911 6314
f 6314 1912 6315
f 6313 6314 6315
f 1913 1914 1915
f 1914 1913 1916
f 1916 1039 1914
f 1039 1916 5912
f 1916 1043 5912
f 1032 6316 1030
f 6316 1917 1030
f 1020 1019 1918
f 6317 1919 6318
f 6318 1920 1678
f 6317 6318 1678
f 1921 1920 6318
f 6318 1919 1921
f 1923 1924 1922
f 1922 1925 1923
f 1927 1928 1926
f 1929 1930 6319
f 1930 1931 6319
f 78 54 53
f 53 1932 78
f 53 57 1932
f 1932 57 1933
f 1934 6320 1936
f 6320 1935 1936
f 1935 6320 6322
f 6320 1934 6321
f 6321 1937 6322
f 6320 6321 6322
f 1938 1936 1939
f 1940 1941 6324
f 6323 1942 6324
f 1941 6323 6324
f 1941 1940 1943
f 1944 1938 1939
f 1939 1945 6325
f 1944 1939 6325
f 1946 1947 6326
f 6326 1948 1946
f 1946 1949 1947
f 6327 1951 1952
f 6327 1952 1950
f 1951 6327 6329
f 6327 1950 6328
f 6328 1953 6329
f 6327 6328 6329
f 1330 1329 863
f 1954 10 1955
f 10 1954 11
f 3 1956 1
f 1957 6330 1958
f 6330 1055 1958
f 1958 1055 5919
f 5919 1057 1958
f 1958 1057 6331
f 6331 1959 1958
f 1953 6328 1960
f 6328 1950 1960
f 1961 6332 6334
f 6332 1962 6333
f 6333 1963 6334
f 6332 6333 6334
f 1962 6332 6336
f 6332 1961 6335
f 6335 1964 6336
f 6332 6335 6336
f 1966 1967 1965
f 1966 1965 1968
f 1940 1969 1970
f 1971 1972 6337
f 1972 1926 6337
f 1972 1971 1973
f 1973 1971 6338
f 6338 1974 1973
f 1973 1974 1975
f 1976 1977 1978
f 1978 1977 1979
f 1978 1979 1980
f 1044 124 126
f 1981 6339 6341
f 6339 1982 6340
f 6340 1983 6341
f 6339 6340 6341
f 1981 6341 6343
f 6341 1983 6342
f 6342 1984 6343
f 6341 6342 6343
f 1984 6342 6345
f 6342 1983 6344
f 6344 1031 6345
f 6342 6344 6345
f 1914 1985 1915
f 1985 1914 1986
f 1914 1039 1986
f 1986 1039 1987
f 1988 1989 1990
f 1989 1988 1991
f 1057 1992 6346
f 1992 1993 6346
f 1994 6347 6349
f 6347 1995 6348
f 6348 1996 6349
f 6347 6348 6349
f 1997 6350 6352
f 6350 1995 6351
f 6351 1998 6352
f 6350 6351 6352
f 1692 1999 6353
f 6353 1919 1692
f 1999 1692 2000
f 1999 2000 6354
f 2000 2001 6354
f 2001 2000 1693
f 1985 2003 2002
f 2002 1915 1985
f 1061 6355 5924
f 6355 1469 6356
f 6356 1059 5924
f 6355 6356 5924
f 1469 6355 6358
f 6355 1061 6357
f 6357 2004 6358
f 6355 6357 6358
f 1934 6359 2005
f 6359 1938 6360
f 6359 6360 2005
f 6359 1934 1936
f 6359 1936 1938
f 2007 2008 2006
f 2009 2010 6361
f 6361 2011 2009
f 2010 2009 6362
f 2009 1853 6362
f 2013 1988 2012
f 2012 2014 2013
f 2014 2012 2015
f 2012 2016 2015
f 2012 2017 2016
f 2015 2016 2018
f 2018 2019 2015
f 2014 2021 2013
f 2022 2013 2021
f 2023 2019 2018
f 2023 2018 6363
f 2018 2024 6363
f 2022 2025 2020
f 1991 2022 2020
f 2025 2022 2021
f 2025 2021 2019
f 2025 2019 6364
f 2019 2023 6364
f 2020 2025 6365
f 6365 2024 2020
f 2020 2024 2018
f 2018 2026 2020
f 2020 2026 6366
f 6366 2017 2020
f 2015 2019 2021
f 2021 2014 2015
f 1991 2013 2022
f 2016 2026 2018
f 2023 6367 6364
f 6367 2027 6368
f 6368 2025 6364
f 6367 6368 6364
f 2028 6369 6371
f 6369 2029 6370
f 6370 2027 6371
f 6369 6370 6371
f 2030 2031 2032
f 2027 6372 6371
f 6372 2033 6373
f 6373 2028 6371
f 6372 6373 6371
f 2033 6372 2032
f 6372 2027 2032
f 2031 2030 2034
f 2033 2032 2031
f 2036 2037 2035
f 2036 2035 2038
f 2039 2040 6374
f 6374 2041 2039
f 2038 2042 2036
f 2038 2043 2042
f 2037 2040 2039
f 2037 2039 2035
f 2044 2024 2030
f 2039 2024 2045
f 2045 2024 6375
f 6375 2046 2045
f 2046 6375 2044
f 6375 2024 2044
f 2017 6366 2016
f 6366 2026 2016
f 2048 2045 6376
f 2045 2041 6376
f 2034 2047 2049
f 2047 2034 2030
f 2039 2041 2045
f 2044 2050 2049
f 2049 2047 2044
f 2043 2051 2042
f 2052 2045 6377
f 2045 2048 6377
f 2045 2052 6378
f 6378 2046 2045
f 2050 2046 6379
f 6378 2052 6379
f 2046 6378 6379
f 2046 2050 2044
f 2029 6369 2051
f 6369 2028 6380
f 6369 6380 2051
f 2025 2030 6365
f 2030 2024 6365
f 2043 2029 2051
f 2025 6368 2030
f 6368 2027 2030
f 6381 2023 6363
f 6363 2024 2035
f 6381 6363 2035
f 2030 2032 2044
f 2027 2044 2032
f 2029 2044 6370
f 2044 2027 6370
f 2044 2043 2038
f 2044 2035 2039
f 2044 2029 2043
f 2038 2035 2044
f 2053 6382 6384
f 6382 2054 6383
f 6383 2055 6384
f 6382 6383 6384
f 2056 1472 92
f 1667 2056 92
f 2057 2058 6385
f 2058 2059 6385
f 1067 6386 6388
f 6386 2060 6387
f 6387 2061 6388
f 6386 6387 6388
f 2062 6389 1857
f 6389 1860 1857
f 1860 6389 6391
f 6389 2062 6390
f 6390 2063 6391
f 6389 6390 6391
f 2002 2064 1467
f 1670 2065 2066
f 1668 2066 2067
f 1070 6392 6393
f 6392 2055 6383
f 6383 2054 6393
f 6392 6383 6393
f 2055 6392 6394
f 6392 1070 5927
f 5927 1072 6394
f 6392 5927 6394
f 1974 6395 1926
f 6395 2068 6396
f 6395 6396 1926
f 2068 6395 2069
f 6395 1974 2069
f 2069 1974 2070
f 2070 1974 2071
f 2071 1974 2072
f 2070 2071 2073
f 2073 2074 2070
f 2075 2068 2069
f 2076 2068 2075
f 2077 2074 2073
f 6397 2078 2077
f 2073 6397 2077
f 2076 1975 1972
f 2076 2079 1975
f 2079 2076 2075
f 2079 2075 2074
f 2079 2074 6398
f 2074 2077 6398
f 1975 2079 6399
f 6399 2078 1975
f 1975 2078 6397
f 6397 2073 1975
f 2073 2080 1975
f 1975 2080 6400
f 6400 2072 1975
f 2074 2075 2070
f 2075 2069 2070
f 1972 2068 2076
f 2071 6401 2073
f 6401 2080 2073
f 2077 2081 6398
f 2081 2079 6398
f 2082 2083 6402
f 6402 2084 2082
f 2083 2082 2081
f 2085 2086 2087
f 2083 2081 2087
f 2086 2085 2088
f 2087 2086 2083
f 2089 2090 6403
f 6403 2091 2089
f 2088 2092 2093
f 2094 2095 6404
f 6404 2096 2094
f 2095 2094 2097
f 2098 2090 2089
f 6405 2099 2098
f 2089 6405 2098
f 2097 2091 6406
f 6406 2095 2097
f 2100 2101 2093
f 2100 6407 2085
f 6407 2078 2085
f 2072 6400 2071
f 6400 2080 6401
f 6400 6401 2071
f 2104 6408 6410
f 6408 2102 6409
f 6409 2096 6410
f 6408 6409 6410
f 2092 2088 2085
f 2094 2096 6409
f 6409 2102 6411
f 2094 6409 6411
f 2093 2092 2100
f 2105 6412 6413
f 6412 2102 6408
f 6408 2104 6413
f 6412 6408 6413
f 2102 6412 6415
f 6412 2105 6414
f 6414 2103 6415
f 6412 6414 6415
f 2091 2097 2089
f 2101 2103 6414
f 6414 2105 2101
f 2103 2101 2100
f 2079 2085 6399
f 2085 2078 6399
f 2099 6416 2098
f 6416 2084 2098
f 2084 6416 2082
f 6416 2099 2082
f 2079 2081 2085
f 2077 2078 2097
f 2106 2097 2094
f 2103 6417 6415
f 6417 2106 6418
f 6418 2102 6415
f 6417 6418 6415
f 2106 2089 2097
f 2106 2085 6419
f 2085 2087 6419
f 2081 2106 6419
f 6419 2087 2081
f 2102 6418 6411
f 6418 2106 2094
f 6418 2094 6411
f 2082 6420 2081
f 6420 2106 2081
f 2106 6421 2085
f 6421 2092 2085
f 2106 6422 2089
f 6422 2099 6405
f 6422 6405 2089
f 2106 6417 6423
f 6417 2103 2100
f 6417 2100 6423
f 2106 6420 6422
f 2082 2099 6422
f 6420 2082 6422
f 2092 6421 2100
f 6421 2106 6423
f 6421 6423 2100
f 2107 2108 55
f 1485 2109 1483
f 2109 1485 6424
f 1485 2110 6424
f 2112 2113 2111
f 2112 2111 2114
f 1021 2115 1022
f 2116 6425 6427
f 6425 2117 6426
f 6426 2118 6427
f 6425 6426 6427
f 2119 1844 6428
f 1844 2120 6428
f 1844 2119 2006
f 2121 6429 6431
f 6429 1859 6430
f 6430 2122 6431
f 6429 6430 6431
f 1859 6429 6251
f 6429 2121 6432
f 6432 1857 6251
f 6429 6432 6251
f 2123 6433 6435
f 6433 4 6434
f 6434 2124 6435
f 6433 6434 6435
f 4 6433 2125
f 6433 2123 2125
f 2011 6436 6438
f 6436 2126 6437
f 6437 2127 6438
f 6436 6437 6438
f 2126 6436 6439
f 6436 2011 6361
f 6361 2010 6439
f 6436 6361 6439
f 2120 6440 6442
f 6440 2128 6441
f 6441 2129 6442
f 6440 6441 6442
f 1943 2130 2131
f 1943 2131 1941
f 2132 2133 1041
f 2132 2134 2133
f 1949 6443 1947
f 6443 2135 6444
f 6443 6444 1947
f 2135 6443 2107
f 6443 1949 2107
f 1941 2136 2058
f 1941 2137 2136
f 2137 1941 6446
f 6445 2138 6446
f 1941 6445 6446
f 2138 6445 2139
f 6445 1941 2139
f 2139 1941 2140
f 2141 6447 6448
f 6447 2138 2139
f 6447 2139 6448
f 2138 6447 6450
f 6447 2141 6449
f 6449 2142 6450
f 6447 6449 6450
f 2137 2143 2136
f 2144 2136 6451
f 2136 2143 6451
f 2145 6452 6454
f 6452 2142 6453
f 6453 2146 6454
f 6452 6453 6454
f 2146 6453 6455
f 6453 2142 6449
f 6449 2141 6455
f 6453 6449 6455
f 2146 6455 6457
f 6455 2141 6456
f 6456 2147 6457
f 6455 6456 6457
f 2144 2131 2148
f 2131 2144 6458
f 6458 2149 2131
f 2149 6458 6459
f 6458 2144 6451
f 6451 2143 6459
f 6458 6451 6459
f 2149 6459 6460
f 2143 2142 6460
f 6459 2143 6460
f 2149 6460 6461
f 6460 2142 6452
f 6452 2145 6461
f 6460 6452 6461
f 2131 2149 6462
f 6462 2147 2131
f 2131 2147 6456
f 6456 2141 2131
f 2131 2141 2150
f 2131 2150 2140
f 2138 6450 6463
f 6450 2142 2143
f 6450 2143 6463
f 2143 2137 6446
f 6446 2138 6463
f 2143 6446 6463
f 2136 2144 2148
f 2139 2150 6448
f 2150 2141 6448
f 2145 2151 6461
f 2151 2149 6461
f 2153 2151 2152
f 2155 2156 2154
f 2155 2154 2157
f 2151 2154 2152
f 2151 2157 2154
f 2159 2160 2158
f 2161 6464 6465
f 6464 2145 6454
f 6454 2146 6465
f 6464 6454 6465
f 2163 2164 2162
f 2165 2166 2159
f 2166 2165 2167
f 2168 2169 6466
f 2169 2170 6466
f 2169 2168 6467
f 6467 2171 2169
f 2164 6468 2172
f 6468 2160 2172
f 2160 6468 6469
f 2164 2161 6469
f 6468 2164 6469
f 2173 6470 6471
f 6470 2147 2155
f 6470 2155 6471
f 2163 2161 6472
f 6472 2147 2163
f 2169 2147 6470
f 6470 2173 2169
f 2150 2139 2140
f 2163 2175 2170
f 2163 2170 2169
f 2156 2174 6473
f 2174 2176 6473
f 2174 2156 2155
f 2175 2163 2162
f 2158 2165 2159
f 2176 6474 2177
f 6474 2173 2177
f 2173 6474 2174
f 6474 2176 2174
f 2164 2172 2162
f 2160 6469 2158
f 6469 2161 2158
f 2177 2171 6467
f 6467 2168 6475
f 2177 6467 6475
f 2171 2177 6476
f 2177 2173 6476
f 2153 2152 2178
f 2149 2155 6462
f 2155 2147 6462
f 2178 2166 2167
f 2178 2167 2153
f 2149 2151 2155
f 2161 6465 6472
f 6465 2146 6457
f 6457 2147 6472
f 6465 6457 6472
f 2179 2164 2163
f 2179 2158 6477
f 2158 2161 6477
f 2179 2155 2157
f 2151 2179 2157
f 2153 2179 2151
f 2179 2174 2155
f 2179 2165 2158
f 2179 6478 2165
f 6478 2167 2165
f 2179 6479 6480
f 6479 2171 6476
f 6476 2173 6480
f 6479 6476 6480
f 2169 2179 2163
f 2179 6477 2164
f 6477 2161 2164
f 2179 2153 6478
f 2153 2167 6478
f 2174 2179 6480
f 6480 2173 2174
f 2179 2169 6479
f 2169 2171 6479
f 81 2180 2181
f 2182 2183 6481
f 6481 2184 2182
f 2059 6482 6484
f 6482 1045 6483
f 6483 2185 6484
f 6482 6483 6484
f 1948 1669 1946
f 1039 79 1987
f 79 1039 5911
f 79 5911 80
f 2186 6485 2188
f 6485 2187 2188
f 2189 1918 2190
f 2190 2191 2189
f 2190 2192 2191
f 2113 6486 6487
f 6486 1046 5914
f 5914 1045 6487
f 6486 5914 6487
f 1046 6486 2112
f 6486 2113 2112
f 1848 2193 2194
f 2193 1848 6488
f 1848 2195 6488
f 2196 1060 2197
f 1060 2196 5922
f 2196 1058 5922
f 2198 2199 6489
f 6489 2200 2198
f 2198 2200 2201
f 2201 2200 6490
f 6490 2202 2201
f 2203 2204 1471
f 1471 1470 2203
f 2205 5 8
f 2205 6 5
f 2205 2206 6
f 2122 6430 6491
f 6430 1859 2005
f 6430 2005 6491
f 2207 2208 2209
f 2208 2211 2210
f 2212 7 6
f 1917 1854 1851
f 1811 1813 2213
f 2213 2214 1811
f 2214 2213 6492
f 2213 2005 6492
f 6492 2005 6360
f 6360 1938 2214
f 6492 6360 2214
f 2215 2216 6493
f 6493 2217 2215
f 2216 2215 6494
f 2215 2218 6494
f 2204 2219 1471
f 1943 1940 1970
f 2220 2221 6495
f 6495 2222 2220
f 2221 2220 6496
f 2220 2223 6496
f 2223 2220 6497
f 2220 2224 6497
f 2224 2220 6498
f 2220 2225 6498
f 2225 2220 6499
f 2220 2226 6499
f 2227 2224 6498
f 6498 2225 6500
f 2227 6498 6500
f 2224 2227 6501
f 2227 2228 6501
f 2226 2220 2229
f 2223 6502 6496
f 6502 2230 6503
f 6503 2221 6496
f 6502 6503 6496
f 2231 6504 6505
f 6504 2221 6503
f 6503 2230 6505
f 6504 6503 6505
f 2232 2228 2227
f 2232 2227 6506
f 2227 2233 6506
f 2231 2229 6507
f 2229 2234 6507
f 2229 2231 6508
f 6508 2235 6509
f 2229 6508 6509
f 2235 6508 6510
f 6508 2231 6505
f 6505 2230 6510
f 6508 6505 6510
f 2235 6510 6512
f 6510 2230 6511
f 6511 2228 6512
f 6510 6511 6512
f 2235 6512 6513
f 2228 2232 6513
f 6512 2228 6513
f 6509 2235 6514
f 6514 2233 2229
f 6509 6514 2229
f 2229 2233 2227
f 2229 2227 2236
f 6515 2226 2229
f 2236 6515 2229
f 6501 2228 6511
f 6511 2230 2224
f 6501 6511 2224
f 2230 6502 2224
f 6502 2223 6497
f 6502 6497 2224
f 2234 6516 6507
f 6516 2221 6504
f 6504 2231 6507
f 6516 6504 6507
f 2221 6516 6495
f 6516 2234 6517
f 6517 2222 6495
f 6516 6517 6495
f 2225 2236 6500
f 2236 2227 6500
f 2232 2237 6513
f 2237 2235 6513
f 2238 6518 6519
f 2239 2240 6519
f 6518 2239 6519
f 6518 2238 2237
f 6518 2237 2239
f 2242 2243 2241
f 2241 2244 2242
f 2239 2237 2244
f 2244 2241 2239
f 2245 2246 6520
f 2245 6520 2247
f 2248 2249 2250
f 2247 2251 2250
f 2250 2252 2247
f 2253 6521 2242
f 6521 2233 2242
f 2252 2233 2249
f 2249 2233 2256
f 2256 2233 2257
f 2257 2233 6521
f 6521 2253 2257
f 2226 6515 6499
f 2236 2225 6499
f 6515 2236 6499
f 2243 6522 2259
f 6522 2258 2259
f 2258 6522 2242
f 6522 2243 2242
f 2260 2249 2248
f 2249 2260 2256
f 6523 2261 6524
f 6524 2246 2245
f 6523 6524 2245
f 2261 6523 2255
f 6523 2245 2255
f 2259 2253 2262
f 2253 2259 2258
f 2250 2251 2248
f 2263 2261 2255
f 2255 2254 2263
f 2256 2260 2264
f 2264 2257 2256
f 2252 2245 2247
f 2262 2257 2264
f 2262 2253 2257
f 2235 2242 6514
f 2242 2233 6514
f 2254 6525 2263
f 6525 2240 6526
f 6525 6526 2263
f 2240 6525 6519
f 6525 2254 6527
f 6527 2238 6519
f 6525 6527 6519
f 2235 2237 2242
f 2252 2232 6506
f 6506 2233 2252
f 2253 2250 2249
f 2253 6528 2252
f 6528 2245 2252
f 2253 2242 2244
f 2237 2253 2244
f 2238 6529 2237
f 6529 2253 2237
f 2253 2255 6528
f 2255 2245 6528
f 2253 6530 2255
f 6530 2254 2255
f 2253 2252 2250
f 2253 6529 6530
f 6529 2238 6527
f 6527 2254 6530
f 6529 6527 6530
f 2012 1864 1863
f 2012 1863 2020
f 2265 2266 1952
f 1673 2267 6531
f 6531 2268 1673
f 2195 6532 6488
f 6532 2269 6533
f 6533 2193 6488
f 6532 6533 6488
f 2269 6532 6535
f 6532 2195 6534
f 6534 2270 6535
f 6532 6534 6535
f 2271 6536 6538
f 6536 1981 6537
f 6537 2272 6538
f 6536 6537 6538
f 126 2273 6539
f 6539 1044 126
f 2273 126 1965
f 1993 2274 6541
f 6540 1959 6541
f 2274 6540 6541
f 2274 1993 2275
f 1856 1954 6248
f 1954 1855 6248
f 1954 1856 11
f 2057 6542 6544
f 6542 2185 6543
f 6543 1967 6544
f 6542 6543 6544
f 1470 2276 2203
f 2276 1470 6545
f 6545 2277 2276
f 2278 6546 2007
f 6546 2008 2007
f 2006 2008 1930
f 2001 6547 6548
f 6547 2008 6546
f 6546 2278 6548
f 6547 6546 6548
f 2008 6547 6550
f 6547 2001 6549
f 6549 2117 6550
f 6547 6549 6550
f 2008 6550 1930
f 6550 2117 1930
f 1930 2117 6425
f 6425 2116 1930
f 2279 6551 6552
f 6551 2054 6382
f 6382 2053 6552
f 6551 6382 6552
f 2279 6552 6554
f 6552 2053 6553
f 6553 1847 6554
f 6552 6553 6554
f 1070 6393 2280
f 6393 2054 2280
f 6555 2281 6556
f 6556 2282 2219
f 6555 6556 2219
f 2281 6555 6557
f 6555 2219 2204
f 6555 2204 6557
f 1048 6558 5917
f 6558 2283 6559
f 6559 1049 5917
f 6558 6559 5917
f 2107 2284 2135
f 2285 2286 2287
f 2285 2288 2286
f 1018 1485 5901
f 1485 1019 5901
f 1485 1018 6560
f 6560 2289 1485
f 2289 6560 1022
f 6560 1018 1022
f 1022 2290 2289
f 2291 6561 6563
f 6561 2292 6562
f 6562 2293 6563
f 6561 6562 6563
f 2291 6564 6566
f 6564 2294 6565
f 6565 1518 6566
f 6564 6565 6566
f 2120 6567 6440
f 1846 2128 6440
f 6567 1846 6440
f 1846 6567 1844
f 6567 2120 1844
f 1850 6568 1848
f 6568 2195 1848
f 2195 6568 6570
f 6568 1850 6569
f 6569 2295 6570
f 6568 6569 6570
f 2296 6571 2298
f 6571 2297 2298
f 2297 6571 6573
f 6571 2296 6572
f 6572 2299 6573
f 6571 6572 6573
f 2300 2192 2190
f 2190 2301 2300
f 2301 2190 1484
f 2301 1484 6574
f 1484 1483 6574
f 2064 2002 2302
f 2303 6575 6577
f 6575 2304 6576
f 6576 2305 6577
f 6575 6576 6577
f 2304 6575 6579
f 6575 2303 6578
f 6578 2306 6579
f 6575 6578 6579
f 2307 6580 6582
f 6580 2308 6581
f 6581 2309 6582
f 6580 6581 6582
f 1977 2310 1970
f 1970 2311 1977
f 1977 2311 2312
f 2311 2313 2312
f 2301 6583 6585
f 6583 2314 6584
f 6584 2315 6585
f 6583 6584 6585
f 2314 6583 6587
f 6583 2301 6586
f 6586 2316 6587
f 6583 6586 6587
f 2316 6586 6589
f 6586 2301 6588
f 6588 2109 6589
f 6586 6588 6589
f 2316 6589 6591
f 6589 2109 6590
f 6590 1963 6591
f 6589 6590 6591
f 1978 1917 6592
f 6592 1976 1978
f 2317 12 6593
f 12 9 6593
f 2289 2110 1485
f 2010 2318 6439
f 2318 2126 6439
f 2318 2010 1852
f 1852 2319 2318
f 2319 1852 6594
f 1852 2320 6594
f 1060 6595 6597
f 6595 2321 6596
f 6596 1038 6597
f 6595 6596 6597
f 2321 6595 6598
f 6595 1060 5921
f 5921 1059 6598
f 6595 5921 6598
f 2197 1038 5909
f 5909 1037 2197
f 1038 2197 6597
f 2197 1060 6597
f 1924 2322 1922
f 2323 6599 6601
f 6599 2324 6600
f 6600 2325 6601
f 6599 6600 6601
f 2323 6602 2133
f 6602 2326 2133
f 2327 6603 6605
f 6603 2283 6604
f 6604 2328 6605
f 6603 6604 6605
f 2283 6603 6607
f 6603 2327 6606
f 6606 2329 6607
f 6603 6606 6607
f 2115 2330 6609
f 6608 1911 6609
f 2330 6608 6609
f 2061 2280 6610
f 2280 2054 6610
f 1036 1680 5907
f 1680 1034 5907
f 1034 1681 5908
f 1681 1037 5908
f 1975 1960 1950
f 1960 1975 1989
f 2331 6611 6613
f 6611 2332 6612
f 6612 2333 6613
f 6611 6612 6613
f 2332 6611 6615
f 6611 2331 6614
f 6614 2334 6615
f 6611 6614 6615
f 1975 1974 1990
f 1975 1990 1989
f 2317 2336 2335
f 2317 2335 12
f 1982 6339 6616
f 6339 1981 6536
f 6536 2271 6616
f 6339 6536 6616
f 1519 1955 6106
f 1955 1517 6106
f 1955 1519 1954
f 6617 2338 2339
f 6617 2339 2337
f 2338 6617 2210
f 6617 2337 2210
f 2340 6618 6620
f 6618 2065 6619
f 6619 1344 6620
f 6618 6619 6620
f 2065 6618 6622
f 6618 2340 6621
f 6621 2341 6622
f 6618 6621 6622
f 1072 1071 6623
f 1071 2309 6623
f 1019 1484 1918
f 2198 2201 2342
f 2198 2342 2343
f 2342 2344 2343
f 2343 2344 2345
f 2112 2346 6624
f 6624 1046 2112
f 2346 2112 2201
f 2347 1945 1939
f 1939 2348 2347
f 2184 2349 6625
f 2349 1974 6625
f 2350 6626 6627
f 6626 2299 6572
f 6572 2296 6627
f 6626 6572 6627
f 2299 6626 6629
f 6626 2350 6628
f 6628 2272 6629
f 6626 6628 6629
f 7 2212 2351
f 2352 2353 2215
f 2319 2354 6631
f 6630 2355 6631
f 2354 6630 6631
f 2354 2319 6632
f 6632 1516 2354
f 1940 2356 1969
f 2214 2357 1811
f 2214 2358 2357
f 2214 1938 2358
f 2358 1938 1944
f 2357 2287 2359
f 2287 2357 1053
f 1912 6633 6635
f 6633 2271 6634
f 6634 2350 6635
f 6633 6634 6635
f 2118 6636 6427
f 6636 1931 6637
f 6637 2116 6427
f 6636 6637 6427
f 1931 6636 6639
f 6636 2118 6638
f 6638 2360 6639
f 6636 6638 6639
f 1978 1854 1917
f 1854 1978 1980
f 1854 1980 1856
f 2361 6640 6642
f 6640 2325 6641
f 6641 2362 6642
f 6640 6641 6642
f 2325 6640 6601
f 6640 2361 6643
f 6643 2323 6601
f 6640 6643 6601
f 2323 6643 6602
f 6643 2361 6644
f 6644 2326 6602
f 6643 6644 6602
f 2363 6645 2364
f 6645 2209 2364
f 6645 2363 2207
f 6645 2207 2209
f 1860 6646 6252
f 6646 2365 6647
f 6647 1858 6252
f 6646 6647 6252
f 2365 6646 6649
f 6646 1860 6648
f 6648 2366 6649
f 6646 6648 6649
f 2365 6649 6651
f 6649 2366 6650
f 6650 2123 6651
f 6649 6650 6651
f 2123 6650 6653
f 6650 2366 6652
f 6652 2328 6653
f 6650 6652 6653
f 1993 6541 6346
f 6541 1959 6331
f 6331 1057 6346
f 6541 6331 6346
f 1851 1030 1917
f 1674 2268 6654
f 6654 2367 1674
f 1343 2367 6655
f 6655 1341 1343
f 1970 2130 1943
f 1970 2310 2130
f 2368 2369 6657
f 6656 2370 6657
f 2369 6656 6657
f 2369 2368 2371
f 1935 6322 6659
f 6322 1937 6658
f 6658 2372 6659
f 6322 6658 6659
f 2372 6658 6661
f 6658 1937 6660
f 6660 2124 6661
f 6658 6660 6661
f 1864 2351 6663
f 6662 2373 6663
f 2351 6662 6663
f 2342 2281 6557
f 6557 2204 2342
f 2342 2204 2203
f 1855 6664 6666
f 6664 1519 6665
f 6665 2320 6666
f 6664 6665 6666
f 1519 6664 1954
f 6664 1855 1954
f 2006 2119 2007
f 1990 1974 2349
f 1967 6667 1965
f 6667 2273 1965
f 2273 6667 6668
f 6667 1967 6543
f 6543 2185 6668
f 6667 6543 6668
f 2374 1857 6669
f 6432 2121 6669
f 1857 6432 6669
f 1857 2374 6670
f 6670 2062 1857
f 2334 6671 6615
f 6671 2375 6672
f 6672 2332 6615
f 6671 6672 6615
f 2305 6673 6577
f 6673 2375 6674
f 6674 2303 6577
f 6673 6674 6577
f 2002 2003 2376
f 2376 2302 2002
f 2333 6675 6676
f 6675 2063 6390
f 6390 2062 6676
f 6675 6390 6676
f 2063 6675 6677
f 6675 2333 6612
f 6612 2332 6677
f 6675 6612 6677
f 1029 2188 6678
f 2188 2187 6678
f 2188 1029 6679
f 6679 2377 2188
f 2378 6680 6682
f 6680 2379 6681
f 6681 2380 6682
f 6680 6681 6682
f 2381 6683 6685
f 6683 2379 6684
f 6684 1920 6685
f 6683 6684 6685
f 1847 1068 6554
f 1068 2279 6554
f 1068 1847 6244
f 6244 1849 1068
f 2124 6660 6687
f 6660 1937 6686
f 6686 2365 6687
f 6660 6686 6687
f 2365 6686 6647
f 6686 1937 6688
f 6688 1858 6647
f 6686 6688 6647
f 2332 6689 6677
f 6689 2366 6690
f 6690 2063 6677
f 6689 6690 6677
f 2366 6689 6691
f 6689 2332 6672
f 6672 2375 6691
f 6689 6672 6691
f 2366 6691 6693
f 6691 2375 6692
f 6692 2327 6693
f 6691 6692 6693
f 2327 6692 6694
f 6692 2375 6673
f 6673 2305 6694
f 6692 6673 6694
f 2348 6695 6697
f 6695 2372 6696
f 6696 2382 6697
f 6695 6696 6697
f 2372 6695 6659
f 6695 2348 6698
f 6698 1935 6659
f 6695 6698 6659
f 2352 2215 2383
f 2215 2384 2383
f 2383 2384 1071
f 2272 6628 6538
f 6628 2350 6634
f 6634 2271 6538
f 6628 6634 6538
f 2386 2387 2385
f 2385 1958 2386
f 2386 1958 2274
f 2386 2274 2388
f 1986 1969 1985
f 1986 2389 1969
f 2389 1986 1987
f 2390 6699 6701
f 6699 2391 6700
f 6700 2295 6701
f 6699 6700 6701
f 2390 6702 6704
f 6702 2392 6703
f 6703 2393 6704
f 6702 6703 6704
f 2395 2396 2394
f 2053 6705 6706
f 6705 2295 6569
f 6569 1850 6706
f 6705 6569 6706
f 2295 6705 6701
f 6705 2053 6707
f 6707 2390 6701
f 6705 6707 6701
f 2390 6707 6708
f 6707 2053 6384
f 6384 2055 6708
f 6707 6384 6708
f 2390 6708 6702
f 6708 2055 6709
f 6709 2392 6702
f 6708 6709 6702
f 2397 1957 2385
f 2398 6710 6712
f 6710 2399 6711
f 6711 2400 6712
f 6710 6711 6712
f 2399 6710 6714
f 6710 2398 6713
f 6713 2127 6714
f 6710 6713 6714
f 2108 1949 6715
f 6715 2401 6716
f 2108 6715 6716
f 1949 2108 2107
f 1049 6717 5918
f 6717 2402 6718
f 6718 1047 5918
f 6717 6718 5918
f 1047 6718 6720
f 6718 2402 6719
f 6719 2370 6720
f 6718 6719 6720
f 1047 6720 2369
f 6720 2370 6656
f 6720 6656 2369
f 2403 6721 6722
f 6721 1061 5923
f 5923 1058 6722
f 6721 5923 6722
f 1061 6721 1916
f 6721 2403 1916
f 1916 2403 6723
f 6723 1947 1916
f 1916 1947 6444
f 6444 2135 1916
f 2055 6394 6725
f 6394 1072 6724
f 6724 2308 6725
f 6394 6724 6725
f 1996 6726 6728
f 6726 2404 6727
f 6727 2405 6728
f 6726 6727 6728
f 2374 6729 6731
f 6729 2404 6730
f 6730 1997 6731
f 6729 6730 6731
f 1049 6559 6732
f 6559 2283 6607
f 6607 2329 6732
f 6559 6607 6732
f 1469 6733 1467
f 6733 1913 1467
f 1913 6733 6734
f 6733 1469 6358
f 6358 2004 6734
f 6733 6358 6734
f 2406 2395 2394
f 2395 2406 2286
f 2288 2407 2397
f 2408 2409 1813
f 2410 6735 2364
f 6735 2363 2364
f 2363 6735 6736
f 2410 2411 6736
f 6735 2410 6736
f 1811 2412 1812
f 2413 2414 2409
f 2122 2414 6431
f 6737 2121 6431
f 2414 6737 6431
f 2377 2219 2188
f 2415 6738 6740
f 6738 2416 6739
f 6739 2402 6740
f 6738 6739 6740
f 2402 6739 6742
f 6739 2416 6741
f 6741 2417 6742
f 6739 6741 6742
f 2402 6742 6719
f 6742 2417 6743
f 6743 2370 6719
f 6742 6743 6719
f 2418 6744 6745
f 6744 1964 6335
f 6335 1961 6745
f 6744 6335 6745
f 2360 1695 6746
f 1695 1036 6746
f 2397 2419 2420
f 2419 2397 2421
f 1974 2180 6625
f 2180 2184 6625
f 2180 1974 6338
f 6338 1971 6747
f 2180 6338 6747
f 2180 6747 2181
f 6747 1971 2181
f 2181 1971 6337
f 2181 6337 1926
f 2422 2410 2364
f 1468 1467 2064
f 2007 2423 1923
f 1923 2339 2007
f 2325 2275 6748
f 2275 1993 6748
f 2275 2325 6600
f 6600 2324 2275
f 1982 6749 6750
f 6749 1912 6314
f 6314 1911 6750
f 6749 6314 6750
f 1912 6749 6633
f 6749 1982 6616
f 6616 2271 6633
f 6749 6616 6633
f 1344 1679 6030
f 1679 1342 6030
f 1679 1344 6619
f 6619 2065 1679
f 2424 6751 6753
f 6751 2425 6752
f 6752 2426 6753
f 6751 6752 6753
f 2424 6754 6755
f 6754 2193 6533
f 6533 2269 6755
f 6754 6533 6755
f 2358 1053 2357
f 2358 1054 1053
f 1054 2358 1056
f 2358 1944 1056
f 8 2183 2427
f 2184 2428 2182
f 2428 2184 2180
f 2428 2180 81
f 1669 2067 1946
f 2364 2429 2422
f 2308 6756 6757
f 6756 2393 6703
f 6703 2392 6757
f 6756 6703 6757
f 2393 6756 6759
f 6756 2308 6758
f 6758 2267 6759
f 6756 6758 6759
f 2295 6760 6570
f 6760 2270 6534
f 6534 2195 6570
f 6760 6534 6570
f 2270 6760 6761
f 6760 2295 6700
f 6700 2391 6761
f 6760 6700 6761
f 2390 1688 6699
f 6762 2391 6699
f 1688 6762 6699
f 1690 2390 6704
f 6704 2393 1690
f 2430 6763 6765
f 6763 2426 6764
f 6764 2411 6765
f 6763 6764 6765
f 2426 6763 6753
f 6763 2430 6766
f 6766 2424 6753
f 6763 6766 6753
f 2424 6766 2194
f 6766 2430 2194
f 2424 2194 6754
f 2194 2193 6754
f 2361 6767 1862
f 6767 2431 1862
f 2394 1522 1521
f 2394 1521 2406
f 2406 1521 1523
f 2406 1523 2286
f 2316 2432 6587
f 6768 2314 6587
f 2432 6768 6587
f 2316 6591 6769
f 6591 1963 6333
f 6333 1962 6769
f 6591 6333 6769
f 1055 6330 1053
f 6330 1957 1053
f 2433 2409 2408
f 2433 2413 2409
f 2409 2213 1813
f 2213 2409 2414
f 2414 2005 2213
f 2414 2122 6491
f 2005 2414 6491
f 2385 2421 2397
f 2385 2387 2421
f 2401 1946 2067
f 1946 2401 6715
f 6715 1949 1946
f 2434 2371 6770
f 2371 2368 6770
f 2371 2434 6771
f 6771 2435 2371
f 2436 1991 1988
f 1991 2436 2012
f 2012 2437 1991
f 2437 2012 2020
f 2429 2387 2422
f 1047 2438 5916
f 2438 1048 5916
f 1047 6772 2440
f 6772 2439 2440
f 2407 2288 2285
f 2181 6773 81
f 6773 2441 81
f 2441 6773 1928
f 6773 2181 1928
f 1069 2275 2442
f 2275 2324 2442
f 2387 2430 2422
f 2430 2387 2386
f 2430 2386 2443
f 2443 2386 2388
f 2430 6765 6774
f 6765 2411 2410
f 6765 2410 6774
f 2430 6775 2194
f 6775 2444 2194
f 2267 1689 6759
f 1689 2393 6759
f 2424 1816 6751
f 1816 2425 6751
f 1686 6776 6777
f 6776 2424 6755
f 6755 2269 6777
f 6776 6755 6777
f 2304 6778 6780
f 6778 2445 6779
f 6779 2415 6780
f 6778 6779 6780
f 2361 6642 6767
f 6642 2362 2431
f 6642 2431 6767
f 2361 1862 6644
f 1862 2326 6644
f 1520 2189 1521
f 1521 2189 1524
f 1524 2189 2191
f 2359 2286 1523
f 2359 2287 2286
f 2315 6781 6783
f 6781 2446 6782
f 6782 2447 6783
f 6781 6782 6783
f 2446 6781 6784
f 6781 2315 6584
f 6584 2314 6784
f 6781 6584 6784
f 2339 2338 2007
f 2007 2338 6785
f 6785 2448 2007
f 2192 1812 2191
f 2192 2408 6786
f 1812 2192 6786
f 1845 6787 6789
f 6787 1929 6788
f 6788 2449 6789
f 6787 6788 6789
f 2300 2447 2433
f 2447 2300 6783
f 2300 2315 6783
f 1524 2359 1523
f 2359 1524 2412
f 2435 2265 2371
f 2265 2435 2266
f 2396 2199 2394
f 1034 6790 5905
f 6790 2449 6791
f 6791 1035 5905
f 6790 6791 5905
f 2449 6790 6793
f 6790 1034 6792
f 6792 2450 6793
f 6790 6792 6793
f 2450 6792 6794
f 6792 1034 5910
f 5910 1038 6794
f 6792 5910 6794
f 2450 6794 6795
f 6794 1038 6596
f 6596 2321 6795
f 6794 6596 6795
f 2451 6796 2453
f 6796 2452 2453
f 2454 2455 6797
f 2455 2456 6797
f 2457 2458 6798
f 2458 2459 6798
f 2460 6799 6801
f 6799 2461 6800
f 6800 2462 6801
f 6799 6800 6801
f 2464 2465 2463
f 2463 2466 2464
f 2463 2467 2466
f 2469 2470 2468
f 2471 2466 2467
f 2472 2473 6802
f 2473 2474 6802
f 2460 6803 2476
f 6803 2475 2476
f 2476 2475 2477
f 2477 2478 2479
f 2460 6801 6803
f 6801 2462 6804
f 6804 2475 6803
f 6801 6804 6803
f 2479 2481 2480
f 2482 2483 2484
f 2477 2478 2463
f 2463 2475 2477
f 2475 2463 6804
f 2463 2462 6804
f 2462 2463 6805
f 2463 2485 6805
f 2485 2463 2486
f 2486 2463 2487
f 2463 2488 2487
f 2488 2463 2483
f 2463 2489 2483
f 2463 2490 2489
f 2463 2491 2490
f 2467 2492 2491
f 2463 2467 2491
f 2464 2493 2465
f 2494 2471 6806
f 6806 2492 2494
f 2495 2496 2497
f 2468 2498 2469
f 2499 2500 2501
f 2453 2502 2503
f 2063 6690 6391
f 6690 2366 6648
f 6648 1860 6391
f 6690 6648 6391
f 2328 6652 6605
f 6652 2366 6693
f 6693 2327 6605
f 6652 6693 6605
f 1957 2397 6807
f 2397 2407 6807
f 2395 2288 2504
f 6808 2322 2395
f 2504 6808 2395
f 2053 6706 6553
f 6706 1850 6245
f 6245 1847 6553
f 6706 6245 6553
f 6786 2408 1813
f 1812 6786 1813
f 2293 2505 6809
f 2505 2506 6809
f 2505 2293 6562
f 6562 2292 2505
f 3 2507 2508
f 2507 3 5398
f 5398 2 6810
f 2507 5398 6810
f 2509 8 2427
f 8 2509 2205
f 2446 6811 6782
f 6811 2405 6812
f 6812 2447 6782
f 6811 6812 6782
f 2405 6811 6728
f 6811 2446 6813
f 6813 1996 6728
f 6811 6813 6728
f 6807 2407 2285
f 6807 2285 1957
f 1976 6814 2510
f 6814 1032 2510
f 1045 2058 6487
f 2058 2113 6487
f 1059 1466 6598
f 6815 2321 6598
f 1466 6815 6598
f 1466 1059 6356
f 6356 1469 1466
f 1968 1965 126
f 126 125 1968
f 2326 6816 6818
f 6816 2373 6817
f 6817 1042 6818
f 6816 6817 6818
f 2426 6819 2512
f 6819 2511 2512
f 2511 6819 6820
f 6819 2426 6752
f 6752 2425 6820
f 6819 6752 6820
f 2411 2512 6736
f 6821 2363 6736
f 2512 6821 6736
f 2512 2411 6764
f 6764 2426 2512
f 1047 2369 6772
f 2369 2439 6772
f 2412 2357 2359
f 2357 2412 1811
f 2505 2370 6743
f 6743 2417 2505
f 2370 2505 6657
f 2505 2368 6657
f 2288 2395 2286
f 2447 2413 2433
f 2413 2447 6812
f 6812 2405 6822
f 2413 6812 6822
f 2513 1953 1960
f 1953 2513 2508
f 2395 2322 2396
f 1862 1864 6663
f 6663 2373 1862
f 2373 6816 1862
f 6816 2326 1862
f 2362 6823 1992
f 6823 1993 1992
f 125 6824 1968
f 6824 2120 1968
f 2120 6824 6428
f 125 2119 6428
f 6824 125 6428
f 2314 6825 6784
f 6825 2514 6826
f 6826 2446 6784
f 6825 6826 6784
f 2514 6825 2432
f 6825 2314 6768
f 6825 6768 2432
f 2212 6827 6828
f 6827 1042 6817
f 6817 2373 6828
f 6827 6817 6828
f 1849 2194 6829
f 2194 2444 6829
f 2194 1849 1848
f 2440 2439 2265
f 2371 2439 2369
f 2439 2371 2265
f 6830 2507 2440
f 6830 2440 2265
f 2507 6830 1951
f 6830 2265 1951
f 2509 2427 6832
f 2427 2182 6831
f 6831 1933 6832
f 2427 6831 6832
f 2515 1933 6833
f 1933 57 6833
f 1933 2515 6834
f 6834 2509 6832
f 1933 6834 6832
f 2270 6835 6535
f 1685 2269 6535
f 6835 1685 6535
f 1467 1915 2002
f 1467 1913 1915
f 2341 2066 6622
f 2066 2065 6622
f 2066 2401 2067
f 2284 1040 6836
f 1040 1043 6836
f 1040 2284 2107
f 2416 6738 6837
f 6738 2415 6779
f 6779 2445 6837
f 6738 6779 6837
f 1930 1844 2006
f 1930 1929 1844
f 2412 1524 2191
f 2412 2191 1812
f 2309 6581 6623
f 6581 2308 6724
f 6724 1072 6623
f 6581 6724 6623
f 1952 1951 2265
f 2288 2397 2420
f 2403 6722 2196
f 6722 1058 2196
f 2403 6838 6723
f 6838 1948 6326
f 6326 1947 6723
f 6838 6326 6723
f 2391 1687 6761
f 1687 2270 6761
f 1911 6313 6609
f 6313 1910 6839
f 6839 2115 6609
f 6313 6839 6609
f 2419 2421 6840
f 2421 2429 6840
f 2429 6841 6840
f 2516 2419 6840
f 6841 2516 6840
f 2132 2060 2134
f 2364 2209 2516
f 1956 1863 6267
f 1865 1956 6267
f 1865 2382 1956
f 2511 6842 2512
f 6842 2380 2512
f 2380 6842 6682
f 6842 2511 6843
f 6843 2378 6682
f 6842 6843 6682
f 2514 6844 6826
f 6844 1996 6813
f 6813 2446 6826
f 6844 6813 6826
f 1996 6844 6349
f 6844 2514 6845
f 6845 1994 6349
f 6844 6845 6349
f 2405 6727 6822
f 6727 2404 6846
f 6846 2413 6822
f 6727 6846 6822
f 2121 6847 6669
f 6847 2404 6729
f 6729 2374 6669
f 6847 6729 6669
f 1952 2517 1950
f 2416 6837 6848
f 6837 2445 2518
f 6837 2518 6848
f 2416 2519 6741
f 6849 2417 6741
f 2519 6849 6741
f 2276 1522 2345
f 1522 2276 1520
f 2279 1068 6850
f 1068 1067 6850
f 2134 2323 2133
f 2323 2134 2442
f 2134 2520 2442
f 2442 2324 6599
f 6599 2323 2442
f 2437 2513 1991
f 2513 2437 2020
f 2020 3 2513
f 1984 6851 6853
f 6851 2011 6852
f 6852 2521 6853
f 6851 6852 6853
f 2011 6851 2009
f 6851 1984 2009
f 2388 2274 2275
f 2275 1069 2388
f 2218 6854 6494
f 6854 2522 6855
f 6855 2216 6494
f 6854 6855 6494
f 2522 6854 6856
f 6854 2218 56
f 6854 56 6856
f 2377 6679 6858
f 6679 1029 6857
f 6857 2523 6858
f 6679 6857 6858
f 2523 6857 6860
f 6857 1029 6859
f 6859 1983 6860
f 6857 6859 6860
f 1983 6859 6344
f 6859 1029 5903
f 5903 1031 6344
f 6859 5903 6344
f 2273 6668 6861
f 6668 2185 6483
f 6483 1045 6861
f 6668 6483 6861
f 2524 128 127
f 128 2524 1924
f 128 1924 1923
f 2308 6862 6758
f 6862 2268 6531
f 6531 2267 6758
f 6862 6531 6758
f 2268 6862 6863
f 6862 2308 6580
f 6580 2307 6863
f 6862 6580 6863
f 1931 6864 6865
f 6864 1035 6791
f 6791 2449 6865
f 6864 6791 6865
f 2218 6866 56
f 6866 57 56
f 57 6866 6833
f 6866 2218 6867
f 6867 2515 6833
f 6866 6867 6833
f 2508 1951 6329
f 6329 1953 2508
f 2508 2507 1951
f 2414 2413 6868
f 6846 2404 6868
f 2413 6846 6868
f 2414 6868 6737
f 6868 2404 6847
f 6847 2121 6737
f 6868 6847 6737
f 1916 2004 6357
f 6357 1061 1916
f 2135 2284 1916
f 2385 1957 1958
f 1958 1959 6540
f 1958 6540 2274
f 2523 2219 6858
f 2219 2377 6858
f 2219 2523 2330
f 2127 6869 6714
f 6869 2525 6870
f 6870 2399 6714
f 6869 6870 6714
f 2525 6869 6871
f 6869 2127 6437
f 6437 2126 6871
f 6869 6437 6871
f 2433 2408 2192
f 2433 2192 2300
f 2296 6872 6874
f 6872 2526 6873
f 6873 2527 6874
f 6872 6873 6874
f 2526 6872 2298
f 6872 2296 2298
f 1922 2528 1925
f 2528 1922 2504
f 2528 2504 6875
f 2504 2420 6875
f 2528 6875 6876
f 2420 2419 6876
f 6875 2420 6876
f 1031 2009 6345
f 2009 1984 6345
f 2009 1031 1030
f 1863 6877 2020
f 6877 3 2020
f 3 6877 1956
f 6877 1863 1956
f 1934 2005 6878
f 2005 1859 6878
f 1587 6879 1681
f 6879 1037 1681
f 1037 6879 2197
f 6879 1587 2197
f 2360 6880 6639
f 6880 1035 6864
f 6864 1931 6639
f 6880 6864 6639
f 1035 6880 5906
f 6880 2360 6746
f 6746 1036 5906
f 6880 6746 5906
f 2282 2188 2219
f 2422 2430 6774
f 6774 2410 2422
f 2444 6775 6881
f 6775 2430 2443
f 6775 2443 6881
f 2186 2529 2131
f 2186 2148 2529
f 2186 2188 2148
f 1032 6814 6316
f 6814 1976 6592
f 6592 1917 6316
f 6814 6592 6316
f 2349 2530 1988
f 2349 1988 1990
f 2057 6385 6542
f 6385 2059 6484
f 6484 2185 6542
f 6385 6484 6542
f 2057 2376 6882
f 2376 1942 6882
f 1071 2384 6883
f 6883 2309 1071
f 2217 6884 2215
f 6884 2384 2215
f 1992 1057 1056
f 2305 6885 6694
f 6885 2329 6606
f 6606 2327 6694
f 6885 6606 6694
f 2329 6885 6886
f 6885 2305 6576
f 6576 2304 6886
f 6885 6576 6886
f 2347 2382 1865
f 2382 2347 6697
f 2347 2348 6697
f 1985 2356 6887
f 6887 2003 1985
f 2330 1471 2219
f 2330 2115 1471
f 1853 1852 6362
f 1852 2010 6362
f 2320 1852 6666
f 1852 1855 6666
f 6841 2429 2364
f 6841 2364 2516
f 2521 6888 6853
f 6888 1981 6343
f 6343 1984 6853
f 6888 6343 6853
f 1993 6823 6748
f 6823 2362 6641
f 6641 2325 6748
f 6823 6641 6748
f 1068 2443 2388
f 2388 1069 1068
f 2515 2205 6834
f 2205 2509 6834
f 2515 2353 6889
f 2205 2515 6889
f 2531 6890 6891
f 6890 1344 1341
f 6890 1341 6891
f 1344 6890 6620
f 6890 2531 6892
f 6892 2340 6620
f 6890 6892 6620
f 2504 2288 2420
f 2322 6808 1922
f 6808 2504 1922
f 1998 6893 6352
f 6893 2333 6894
f 6894 1997 6352
f 6893 6894 6352
f 2333 6893 6613
f 6893 1998 6895
f 6895 2331 6613
f 6893 6895 6613
f 2428 81 78
f 2428 78 1932
f 2428 1932 1933
f 6831 2182 2428
f 1933 6831 2428
f 1048 2125 6558
f 2125 2283 6558
f 2338 2210 6896
f 2210 2532 6896
f 2211 2532 2210
f 2353 2515 2215
f 2308 6757 6725
f 6757 2392 6709
f 6709 2055 6725
f 6757 6709 6725
f 1921 2448 6897
f 1921 6897 2532
f 2448 1921 6898
f 1921 1999 6898
f 2448 6898 2278
f 6898 1999 2278
f 2278 1999 6354
f 6354 2001 6548
f 2278 6354 6548
f 1046 6624 5915
f 6624 2346 6899
f 6899 1044 5915
f 6624 6899 5915
f 2415 6900 6780
f 6900 2329 6886
f 6886 2304 6780
f 6900 6886 6780
f 2328 2125 6653
f 2125 2123 6653
f 2125 2328 6604
f 6604 2283 2125
f 1997 6901 6731
f 6901 2062 6670
f 6670 2374 6731
f 6901 6670 6731
f 2062 6901 6676
f 6901 1997 6894
f 6894 2333 6676
f 6901 6894 6676
f 2402 6717 6740
f 6717 1049 6902
f 6902 2415 6740
f 6717 6902 6740
f 80 1040 78
f 2272 6903 6629
f 6903 2533 6904
f 6904 2299 6629
f 6903 6904 6629
f 2533 6903 6905
f 6903 2272 6537
f 6537 1981 6905
f 6903 6537 6905
f 2533 6905 6907
f 6905 1981 6906
f 6906 2398 6907
f 6905 6906 6907
f 2398 6906 6908
f 6906 1981 6888
f 6888 2521 6908
f 6906 6888 6908
f 1864 2012 2351
f 2282 2114 2111
f 2114 2282 6556
f 6556 2281 2114
f 2119 2423 2007
f 2320 6909 6594
f 6909 1516 6632
f 6632 2319 6594
f 6909 6632 6594
f 1516 6909 6105
f 6909 2320 6665
f 6665 1519 6105
f 6909 6665 6105
f 2188 2111 2148
f 2188 2282 2111
f 2510 6910 2186
f 6910 2187 6485
f 6910 6485 2186
f 2187 6910 6911
f 2510 1032 6911
f 6910 2510 6911
f 2307 6912 6863
f 6912 2367 6654
f 6654 2268 6863
f 6912 6654 6863
f 1341 6655 6891
f 6655 2367 6913
f 6913 2531 6891
f 6655 6913 6891
f 1845 6914 1846
f 6914 2450 1846
f 1466 1468 6915
f 6915 2450 1466
f 2322 2199 2396
f 2199 2322 1924
f 1693 2117 6549
f 6549 2001 1693
f 2117 1676 6426
f 1676 2118 6426
f 2356 6916 2376
f 6916 1942 2376
f 1942 6916 6324
f 6916 2356 1940
f 6916 1940 6324
f 2129 2064 1966
f 2064 2302 1966
f 2196 1672 6917
f 6917 2403 2196
f 2403 1671 6838
f 1671 1948 6838
f 2389 1970 1969
f 1970 2389 2311
f 2311 2389 2534
f 2534 2313 2311
f 1069 2442 5925
f 2442 1067 5925
f 1045 6482 2058
f 6482 2059 2058
f 2535 2435 6771
f 6771 2434 2535
f 2535 1517 1955
f 2279 6850 6918
f 6850 1067 6388
f 6388 2061 6918
f 6850 6388 6918
f 2279 6918 6551
f 6918 2061 6610
f 6610 2054 6551
f 6918 6610 6551
f 2206 1041 6
f 1041 2206 2132
f 2148 2111 2058
f 2111 2113 2058
f 2131 2130 2510
f 2131 2510 2186
f 2112 2536 2201
f 2112 2537 2536
f 2537 2112 2538
f 2112 2539 2538
f 2112 2540 2539
f 2541 2538 2539
f 2541 2542 2538
f 2112 2543 6919
f 6919 2540 2112
f 2543 2112 2114
f 2537 2544 2536
f 2536 2544 2545
f 2546 2542 6920
f 2542 2547 6920
f 2547 2542 2541
f 2547 2541 6921
f 2541 2548 6921
f 2545 2114 2342
f 2545 2549 2114
f 2549 2545 6922
f 2545 2544 6922
f 2549 6922 2542
f 6922 2544 2542
f 2549 2542 6923
f 2542 2546 6923
f 2114 2549 6924
f 6924 2548 2114
f 2114 2548 2541
f 2541 2550 2114
f 2114 2550 6925
f 6925 2543 2114
f 2542 2544 2538
f 2544 2537 2538
f 2536 2545 2342
f 2342 2201 2536
f 2539 2550 2541
f 2546 6926 6923
f 6926 2551 6927
f 6927 2549 6923
f 6926 6927 6923
f 2552 6928 6930
f 6928 2553 6929
f 6929 2551 6930
f 6928 6929 6930
f 2555 2556 2554
f 2551 6931 6930
f 6931 2557 2552
f 6931 2552 6930
f 2557 6931 6933
f 6931 2551 6932
f 6932 2556 6933
f 6931 6932 6933
f 2554 2558 2555
f 2557 6933 2555
f 6933 2556 2555
f 2559 2546 6920
f 6920 2547 2559
f 2558 2560 2561
f 2562 2563 6934
f 6934 2564 2562
f 2563 2562 2565
f 2566 6935 6937
f 6935 2567 6936
f 6936 2568 6937
f 6935 6936 6937
f 2567 6935 6938
f 6935 2566 2569
f 6935 2569 6938
f 2570 2563 2565
f 2570 2565 2559
f 2569 2566 2561
f 2569 2548 2554
f 2559 2548 2562
f 2550 6939 6925
f 6939 2540 6919
f 6919 2543 6925
f 6939 6919 6925
f 2540 6939 2539
f 6939 2550 2539
f 2568 2562 6940
f 2562 2564 6940
f 2562 2568 6936
f 6936 2567 2562
f 2560 2558 2554
f 2574 2575 2573
f 2573 2572 2574
f 2561 2560 2569
f 2572 2576 2574
f 2576 2572 6941
f 6941 2571 2576
f 2575 2570 2559
f 2575 2559 2573
f 2553 6928 2576
f 6928 2552 2576
f 2549 2554 6924
f 2554 2548 6924
f 2576 2571 6942
f 6942 2553 2576
f 2549 6927 2554
f 6927 2551 2554
f 2559 2547 6921
f 6921 2548 2559
f 2577 2565 2562
f 2577 2573 2559
f 2577 2554 6943
f 2554 2556 6943
f 2551 6944 6932
f 6944 2577 6943
f 6943 2556 6932
f 6944 6943 6932
f 2553 6945 6929
f 6945 2577 6944
f 6944 2551 6929
f 6945 6944 6929
f 2577 6946 2554
f 6946 2560 2554
f 2577 6947 2573
f 6947 2572 2573
f 2567 6948 2562
f 6948 2577 2562
f 2577 6949 6947
f 6949 2571 6941
f 6941 2572 6947
f 6949 6941 6947
f 2577 2559 2565
f 2577 6945 6949
f 6945 2553 6942
f 6942 2571 6949
f 6945 6942 6949
f 2560 6946 2569
f 6946 2577 2569
f 2577 6948 2569
f 6948 2567 6938
f 6948 6938 2569
f 2578 1952 2266
f 1972 2336 2579
f 2336 1972 2335
f 2580 6950 1022
f 6950 2290 1022
f 2580 2115 6839
f 6839 1910 6951
f 2580 6839 6951
f 1045 5913 6861
f 5913 1044 6539
f 6539 2273 6861
f 5913 6539 6861
f 1972 1973 2335
f 1950 6952 1975
f 6952 1973 1975
f 1042 2133 6818
f 2133 2326 6818
f 2133 1042 1041
f 1694 2379 6680
f 6680 2378 6953
f 1694 6680 6953
f 2379 1677 6684
f 1677 1920 6684
f 12 2578 10
f 12 2517 2578
f 2578 2517 1952
f 2345 2394 2343
f 2345 1522 2394
f 6954 2527 6873
f 6873 2526 2581
f 6954 6873 2581
f 2376 2003 6887
f 6887 2356 2376
f 1071 2280 2383
f 2280 1071 5926
f 5926 1070 2280
f 6 1042 6827
f 6827 2212 6
f 2058 1941 2131
f 2058 2131 2529
f 2529 2148 2058
f 2289 1961 6955
f 6955 2110 2289
f 1961 2289 6745
f 2289 2418 6745
f 2418 2289 6956
f 2289 2290 6956
f 6956 2290 6957
f 6957 2582 2418
f 6956 6957 2418
f 2306 6958 6579
f 6958 2445 6778
f 6778 2304 6579
f 6958 6778 6579
f 2445 6958 2518
f 6958 2306 2518
f 2183 2182 2427
f 2299 6904 6573
f 6904 2533 6959
f 6959 2297 6573
f 6904 6959 6573
f 2400 6960 6712
f 6960 2533 6907
f 6907 2398 6712
f 6960 6907 6712
f 1684 2197 6961
f 2197 1587 6961
f 2197 1684 2196
f 2373 6662 6828
f 2351 2212 6828
f 6662 2351 6828
f 2394 2199 2343
f 2116 6637 1930
f 6637 1931 1930
f 1977 1976 6962
f 6962 2310 1977
f 2312 1979 1977
f 2354 1518 6565
f 6565 2294 2354
f 1518 2354 6104
f 2354 1516 6104
f 2394 2583 2286
f 2394 2584 2583
f 2584 2394 2585
f 2394 2586 2585
f 2586 2394 6963
f 2394 2587 6963
f 2585 2586 2588
f 2585 2588 2589
f 2584 6964 2583
f 6964 2590 2583
f 2583 2590 2591
f 2592 2589 2588
f 2592 2588 6965
f 2588 2593 6965
f 2591 2594 1523
f 2594 1522 6966
f 2594 6966 1523
f 2591 2590 2594
f 2594 2590 2589
f 2589 2592 2594
f 1522 2594 6967
f 2594 2593 6967
f 1522 6967 2588
f 6967 2593 2588
f 1522 2588 2595
f 1522 2595 6968
f 2595 2587 6968
f 2585 2589 6969
f 2589 2590 6969
f 2590 6964 6969
f 6964 2584 2585
f 6964 2585 6969
f 2583 2591 1523
f 2586 2595 2588
f 2592 2596 2594
f 2597 6970 6972
f 6970 2598 6971
f 6971 2599 6972
f 6970 6971 6972
f 2598 6970 2596
f 6970 2597 2596
f 2601 2602 2600
f 2598 2596 6973
f 2596 2602 6973
f 2600 2603 2601
f 2598 6973 2601
f 6973 2602 2601
f 2603 2604 2605
f 2607 2608 2606
f 2608 2610 2609
f 2605 2611 6974
f 6974 2612 2605
f 2611 2593 2600
f 2610 2593 2607
f 2587 2595 6963
f 2595 2586 6963
f 2604 2603 2600
f 2617 2607 2606
f 2617 2615 2607
f 2618 2619 2610
f 2610 2614 2618
f 2611 2605 2604
f 2608 2609 2606
f 2614 6975 2618
f 6975 2620 2618
f 2620 6975 2613
f 6975 2614 2613
f 2621 2615 6976
f 2615 2617 6976
f 2615 2621 6977
f 6977 2616 2615
f 2610 2619 2609
f 2612 6978 6979
f 6978 2616 6977
f 6977 2621 6979
f 6978 6977 6979
f 2616 6978 6980
f 6978 2612 6974
f 6974 2611 6980
f 6978 6974 6980
f 2600 2593 2594
f 2613 2599 6981
f 6981 2620 2613
f 2599 2613 6972
f 2613 2597 6972
f 2594 2596 2600
f 2610 2592 6965
f 6965 2593 2610
f 2622 2608 2607
f 2616 6982 2615
f 6982 2622 2615
f 2622 2600 6983
f 2600 2602 6983
f 2596 2622 6983
f 6983 2602 2596
f 2615 2622 2607
f 2597 6984 2596
f 6984 2622 2596
f 2622 2604 2600
f 2622 6985 2610
f 6985 2614 2610
f 2622 6982 6986
f 6982 2616 6980
f 6980 2611 6986
f 6982 6980 6986
f 2622 2613 6985
f 2613 2614 6985
f 2622 2610 2608
f 2622 6984 2613
f 6984 2597 2613
f 2604 2622 6986
f 6986 2611 2604
f 2119 125 128
f 128 2423 2119
f 2215 2515 6867
f 2218 2215 6867
f 2530 2183 8
f 2183 2530 6987
f 2530 2349 6987
f 2350 6988 6990
f 6988 2527 6989
f 6989 2623 6990
f 6988 6989 6990
f 2527 6988 6874
f 6988 2350 6627
f 6627 2296 6874
f 6988 6627 6874
f 2356 1985 1969
f 1928 2313 2534
f 2208 2210 2337
f 2516 2209 2208
f 55 1040 2107
f 5427 54 1040
f 55 5427 1040
f 1030 1853 2009
f 1853 1030 6246
f 1030 1851 6246
f 2200 1924 2524
f 2200 2524 6490
f 2524 2202 6490
f 2202 2524 127
f 1920 1921 6685
f 1921 2381 6685
f 56 53 6856
f 53 2522 6856
f 2108 53 55
f 2404 6726 6991
f 6726 1996 6348
f 6348 1995 6991
f 6726 6348 6991
f 2404 6991 6730
f 6991 1995 6350
f 6350 1997 6730
f 6991 6350 6730
f 2110 6992 6424
f 6992 1963 6590
f 6590 2109 6424
f 6992 6590 6424
f 1963 6992 6334
f 6992 2110 6955
f 6955 1961 6334
f 6992 6955 6334
f 2190 1918 1484
f 7 2530 8
f 2506 6993 2519
f 6993 2417 6849
f 6993 6849 2519
f 2417 6993 2505
f 6993 2506 2505
f 2312 2313 1927
f 1927 2579 2312
f 2266 2435 2535
f 2535 2578 2266
f 2578 2535 1955
f 2578 1955 10
f 1675 2360 6638
f 6638 2118 1675
f 1929 6787 1844
f 6787 1845 1844
f 2060 6994 2134
f 6994 2520 2134
f 2520 6995 2442
f 6995 1067 2442
f 2512 2207 6821
f 2207 2363 6821
f 2512 2380 2207
f 1918 2189 1520
f 2443 6996 6881
f 6996 1849 6829
f 6829 2444 6881
f 6996 6829 6881
f 1849 6996 1068
f 6996 2443 1068
f 2335 2517 12
f 2517 2335 1973
f 6952 1950 2517
f 1973 6952 2517
f 2187 6911 6678
f 6911 1032 5904
f 5904 1029 6678
f 6911 5904 6678
f 2217 6997 6998
f 6997 2340 6892
f 6892 2531 6998
f 6997 6892 6998
f 2340 6997 6999
f 6997 2217 6493
f 6493 2216 6999
f 6997 6493 6999
f 1924 2200 6489
f 6489 2199 1924
f 2532 6897 6896
f 6897 2448 6785
f 6785 2338 6896
f 6897 6785 6896
f 2007 2448 2278
f 2199 2198 2343
f 1053 2285 2287
f 2285 1053 1957
f 2124 6687 6435
f 6687 2365 6651
f 6651 2123 6435
f 6687 6651 6435
f 2280 2060 2132
f 2060 2280 6387
f 2280 2061 6387
f 2528 2337 1925
f 2337 2528 2208
f 2208 2528 6876
f 2208 6876 2419
f 2419 2516 2208
f 1941 2057 6882
f 6882 1942 6323
f 1941 6882 6323
f 2431 2362 1992
f 2064 2129 6441
f 6441 2128 2064
f 2387 2429 2421
f 1991 1960 1989
f 1991 2513 1960
f 1859 7000 6878
f 7000 1937 6321
f 6321 1934 6878
f 7000 6321 6878
f 1937 7000 6688
f 7000 1859 6250
f 6250 1858 6688
f 7000 6250 6688
f 1987 79 7001
f 7001 2441 1987
f 2309 7002 6582
f 7002 2367 6912
f 6912 2307 6582
f 7002 6912 6582
f 2367 7002 7003
f 7002 2309 6883
f 6883 2384 7003
f 7002 6883 7003
f 2367 7003 6913
f 7003 2384 7004
f 7004 2531 6913
f 7003 7004 6913
f 2531 7004 6998
f 7004 2384 6884
f 6884 2217 6998
f 7004 6884 6998
f 2381 2532 7005
f 2532 2211 7005
f 2532 2381 1921
f 1566 2514 2432
f 2432 1740 1566
f 2432 2316 1740
f 1740 2316 1754
f 1754 2316 6769
f 6769 1962 1754
f 1754 1962 1755
f 1755 1962 6336
f 6336 1964 1755
f 1755 1964 1763
f 1763 1964 6744
f 6744 2418 1763
f 1763 2418 1612
f 2418 2582 1612
f 1612 2582 2581
f 2581 1613 1612
f 1613 2581 7006
f 2581 2526 7006
f 1613 7006 1610
f 7006 2526 1610
f 1610 2526 1611
f 1611 2526 2298
f 1611 2298 1753
f 2298 2297 1796
f 1753 2298 1796
f 1796 2297 1795
f 1795 2297 6959
f 6959 2533 1795
f 1795 2533 1790
f 1790 2533 6960
f 6960 2400 1790
f 1790 2400 1789
f 1789 2400 6711
f 6711 2399 1789
f 1789 2399 6870
f 6870 2525 1815
f 1789 6870 1815
f 1815 2525 1806
f 1806 2525 1805
f 1805 2525 2318
f 1805 2318 1807
f 2318 2355 1807
f 1807 2355 2624
f 2624 2355 6630
f 6630 2354 2624
f 1566 1994 6845
f 6845 2514 1566
f 1994 1566 1565
f 1994 1565 6347
f 1565 1995 6347
f 1995 1565 1573
f 1995 1573 6351
f 1573 1998 6351
f 1998 1573 7007
f 6126 1507 7007
f 1573 6126 7007
f 1998 7007 6895
f 7007 1507 1506
f 1506 2331 6895
f 7007 1506 6895
f 2331 1506 6614
f 1506 2334 6614
f 2334 1506 1514
f 2334 1514 6671
f 1514 2375 6671
f 2375 1514 1512
f 2375 1512 6674
f 1512 2303 6674
f 2303 1512 7008
f 1512 1513 7008
f 2303 7008 6578
f 7008 1513 1648
f 1648 2306 6578
f 7008 1648 6578
f 2306 1648 2518
f 2518 1648 1745
f 1745 1810 2518
f 1810 2416 6848
f 2518 1810 6848
f 2416 1810 1723
f 2416 1723 2519
f 2519 1723 1725
f 1725 2506 2519
f 2506 1725 1721
f 2506 1721 6809
f 1721 2293 6809
f 2293 1721 1717
f 2293 1717 6563
f 1717 2291 6563
f 2291 1717 1719
f 2291 1719 6564
f 1719 2294 6564
f 2294 1719 2624
f 2294 2624 2354
f 1021 2277 6545
f 6545 1470 6089
f 1021 6545 6089
f 2277 1021 1020
f 1021 1018 1020
f 2450 6914 6793
f 6914 1845 6789
f 6789 2449 6793
f 6914 6789 6793
f 2450 6795 1466
f 6795 2321 6815
f 6795 6815 1466
f 1923 2423 128
f 2579 1979 2312
f 2579 2336 1979
f 1927 2313 1928
f 2336 1980 1979
f 1980 2336 2317
f 1520 2277 1020
f 1520 1020 1918
f 1980 2317 6593
f 6593 9 1980
f 9 1856 1980
f 1856 9 11
f 2441 2534 1987
f 2534 2441 1928
f 2330 7009 6608
f 7009 1982 6750
f 6750 1911 6608
f 7009 6750 6608
f 1982 7009 7010
f 2330 2523 7010
f 7009 2330 7010
f 2126 2318 6871
f 2318 2525 6871
f 2355 2318 6631
f 2318 2319 6631
f 1967 2376 6544
f 2376 2057 6544
f 2376 1967 1966
f 2376 1966 2302
f 2277 1520 2276
f 1925 2339 1923
f 2339 1925 2337
f 1040 54 78
f 1945 1056 6325
f 1056 1944 6325
f 1056 1945 1992
f 1988 2530 7
f 1988 7 2351
f 1988 2351 2012
f 2521 7011 6908
f 7011 2127 6713
f 6713 2398 6908
f 7011 6713 6908
f 2127 7011 6438
f 7011 2521 6852
f 6852 2011 6438
f 7011 6852 6438
f 2389 1987 2534
f 2347 2431 1992
f 1992 1945 2347
f 1931 6865 6319
f 6865 2449 6788
f 6788 1929 6319
f 6865 6788 6319
f 1936 2348 1939
f 2348 1936 6698
f 1936 1935 6698
f 2372 4 1
f 4 2372 6661
f 6661 2124 6434
f 4 6661 6434
f 2301 6585 2300
f 6585 2315 2300
f 2301 6574 6588
f 1483 2109 6588
f 6574 1483 6588
f 2438 4 2125
f 2125 1048 2438
f 1861 2378 6843
f 6843 2511 1861
f 2378 1861 6953
f 1861 1694 6953
f 2216 7012 6999
f 7012 2341 6621
f 6621 2340 6999
f 7012 6621 6999
f 2341 7012 7013
f 7012 2216 6855
f 6855 2522 7013
f 7012 6855 7013
f 127 2346 7014
f 7014 2202 127
f 2346 127 124
f 2346 124 6899
f 124 1044 6899
f 2064 2128 7015
f 7015 1468 2064
f 1468 7015 1846
f 7015 2128 1846
f 1468 1846 6915
f 1846 2450 6915
f 2202 7014 2201
f 7014 2346 2201
f 1790 2627 7016
f 7016 2625 1790
f 2627 1790 1796
f 2629 2630 7017
f 2630 2631 7017
f 2630 1865 1862
f 2630 2629 1865
f 1972 2579 1927
f 1927 1926 1972
f 1968 2129 1966
f 2129 1968 6442
f 1968 2120 6442
f 2632 7018 7019
f 7018 2582 6957
f 6957 2290 7019
f 7018 6957 7019
f 2582 7018 2581
f 7018 2632 7020
f 7018 7020 2581
f 7020 2632 7021
f 7021 2623 2581
f 7020 7021 2581
f 2581 2623 6989
f 6989 2527 6954
f 2581 6989 6954
f 2310 2510 2130
f 2510 2310 6962
f 6962 1976 2510
f 2380 2208 2207
f 2208 2380 6681
f 6681 2379 2208
f 2208 2379 7022
f 7022 2211 2208
f 2211 7022 7005
f 7022 2379 6683
f 6683 2381 7005
f 7022 6683 7005
f 2290 6950 7019
f 6950 2580 7023
f 7023 2632 7019
f 6950 7023 7019
f 2632 7023 7024
f 7023 2580 6951
f 6951 1910 7024
f 7023 6951 7024
f 2632 7024 7021
f 7024 1910 7025
f 7025 2623 7021
f 7024 7025 7021
f 2522 2066 7013
f 2066 2341 7013
f 2066 2522 53
f 53 2401 2066
f 2401 53 6716
f 53 2108 6716
f 2438 2 4
f 1928 2181 1926
f 1912 7026 6315
f 7026 2623 7025
f 7025 1910 6315
f 7026 7025 6315
f 2623 7026 6990
f 7026 1912 6635
f 6635 2350 6990
f 7026 6635 6990
f 2626 1612 7027
f 1612 2628 7027
f 1612 2626 1611
f 2291 7028 6561
f 7028 2434 7029
f 7029 2292 6561
f 7028 7029 6561
f 2434 7028 2535
f 7028 2291 2535
f 2535 2291 6566
f 6566 1518 2535
f 2535 1518 6103
f 6103 1517 2535
f 2523 6860 7010
f 6860 1983 6340
f 6340 1982 7010
f 6860 6340 7010
f 2383 2132 2206
f 2132 2383 2280
f 2633 2634 2635
f 2634 2633 7030
f 7030 2636 2634
f 2203 2344 2342
f 2344 2203 2345
f 2345 2203 2276
f 2633 2637 7030
f 2637 2636 7030
f 2637 2633 2638
f 2639 2640 2641
f 2642 2643 2640
f 2642 2644 2643
f 2347 2645 2646
f 2645 2347 1865
f 2646 2645 2647
f 2647 2645 7031
f 7031 2648 2647
f 2647 2648 7032
f 7032 2649 2647
f 2645 1865 7033
f 1865 2650 7033
f 2650 1865 7035
f 7034 2651 7035
f 1865 7034 7035
f 2651 7034 7036
f 1865 2629 7036
f 7034 1865 7036
f 2651 2652 7038
f 7037 2653 7038
f 2652 7037 7038
f 2647 2649 2654
f 2655 2656 2646
f 2629 7017 7036
f 7017 2631 7039
f 7039 2651 7036
f 7017 7039 7036
f 2347 2656 2431
f 2656 2347 2646
f 2646 2654 2655
f 2646 2647 2654
f 2656 1862 2431
f 1862 2656 2655
f 2655 2654 1862
f 2654 2631 1862
f 1862 2631 2630
f 2639 7040 2658
f 7040 2657 2658
f 2659 2658 2660
f 2641 2661 2635
f 2663 2664 2662
f 2643 2661 2641
f 2641 2640 2643
f 2662 2666 2665
f 2662 2665 2663
f 2658 2667 7041
f 7041 2660 2658
f 2667 2658 7042
f 2658 2657 7042
f 2663 2669 2668
f 2668 2664 2663
f 2639 2669 2663
f 2642 2659 7043
f 7043 2644 2642
f 2642 2658 2659
f 2637 2639 7044
f 7044 2636 2637
f 2669 2639 2637
f 2642 2648 2640
f 2634 2648 7045
f 7045 2670 2634
f 2648 7046 7047
f 2658 2671 7047
f 7046 2658 7047
f 2671 2665 7048
f 2665 2672 7048
f 2672 2669 7049
f 2669 2670 7049
f 2636 7044 2634
f 7044 2639 2634
f 2639 2641 2634
f 2639 2663 2665
f 2667 2665 7050
f 2665 2666 7050
f 2665 2667 7042
f 7042 2657 2665
f 2651 7039 2652
f 7039 2631 7051
f 7039 7051 2652
f 2673 7052 7053
f 7052 2671 7048
f 7048 2672 7053
f 7052 7048 7053
f 2671 7052 7055
f 7052 2673 7054
f 7054 2674 7055
f 7052 7054 7055
f 2674 7054 7057
f 7054 2673 7056
f 7056 2675 7057
f 7054 7056 7057
f 2648 7058 7032
f 7058 2674 7059
f 7059 2649 7032
f 7058 7059 7032
f 2654 2652 7051
f 7051 2631 2654
f 2652 2654 7060
f 2654 2649 7060
f 2652 7060 7061
f 7060 2649 7059
f 7059 2674 7061
f 7060 7059 7061
f 2652 7061 7037
f 7061 2674 7062
f 7062 2653 7037
f 7061 7062 7037
f 2653 7062 7064
f 7062 2674 7063
f 7063 2672 7064
f 7062 7063 7064
f 2668 2637 2638
f 2637 2668 2669
f 2635 2634 2641
f 2674 7058 7055
f 7058 2648 7047
f 7047 2671 7055
f 7058 7047 7055
f 1033 1665 92
f 2657 7040 2665
f 7040 2639 2665
f 2648 7031 7045
f 7031 2645 7065
f 7065 2670 7045
f 7031 7065 7045
f 2670 7065 7066
f 7065 2645 7033
f 7033 2650 7066
f 7065 7033 7066
f 2670 7066 7068
f 7066 2650 7067
f 7067 2653 7068
f 7066 7067 7068
f 2653 7067 7038
f 7067 2650 7035
f 7035 2651 7038
f 7067 7035 7038
f 2653 7064 7068
f 7064 2672 7049
f 7049 2670 7068
f 7064 7049 7068
f 2292 7069 2505
f 7069 2368 2505
f 2368 7069 6770
f 7069 2292 7029
f 7029 2434 6770
f 7069 7029 6770
f 2 2440 6810
f 2440 2507 6810
f 2440 2 2438
f 2438 1047 2440
f 2004 1916 6734
f 1916 1913 6734
f 1043 1916 6836
f 1916 2284 6836
f 1919 6353 1921
f 6353 1999 1921
f 1049 6732 6902
f 6732 2329 6900
f 6900 2415 6902
f 6732 6900 6902
f 81 2441 7001
f 79 81 7001
f 1763 1762 1764
f 1766 1763 1764
f 1766 1764 6178
f 6178 1765 1766
f 1766 1765 6200
f 6200 1798 6201
f 6201 1799 1766
f 6200 6201 1766
f 1642 1408 1645
f 1645 1406 1625
f 1769 1409 1642
f 1724 1728 1809
f 1724 1809 1808
f 1728 1724 1727
f 1724 1726 1727
f 2677 2678 2676
f 2676 2680 2677
f 2680 2676 2681
f 2681 2676 2682
f 2676 2683 2682
f 2679 2684 2676
f 2676 2685 2683
f 2676 2684 7070
f 7070 2686 2676
f 2685 2676 2687
f 2676 2686 7071
f 7071 2688 2676
f 2687 2676 2689
f 2688 2690 2689
f 2676 2688 2689
f 7072 2692 2693
f 7072 2693 2691
f 2695 2696 2694
f 2698 2699 2697
f 2698 2697 2676
f 2697 2678 2676
f 2697 2700 2678
f 2701 2692 2693
f 2692 2701 2702
f 2692 2702 7072
f 2702 2691 7072
f 2691 2702 2703
f 2702 2704 2703
f 2703 2704 2705
f 2705 2704 2706
f 2706 2704 2707
f 2706 2707 2709
f 2706 2710 2708
f 2710 2706 2711
f 2706 2709 7073
f 2706 7073 2711
f 2712 2713 2701
f 2701 2693 2712
f 2712 2693 7074
f 7074 2714 2712
f 2712 2714 2715
f 2715 2714 2716
f 2716 2714 2717
f 2717 2714 7075
f 7075 2718 2717
f 2717 2718 2705
f 2425 1861 6820
f 1861 2511 6820
f 1861 2425 1816
f 2382 1 1956
f 1 2382 6696
f 6696 2372 1
f 2706 2683 7076
f 2705 2706 7076
f 2676 2679 2702
f 2717 2705 2682
f 2720 2721 2719
f 2697 2713 2700
f 2713 2697 2722
f 2724 2725 2723
f 2709 2707 7077
f 7077 2688 2709
f 2711 2690 2689
f 2726 2724 2723
f 2719 2696 2720
f 2727 2728 2729
f 2727 2730 2728
f 2731 2692 7078
f 7078 2732 2731
f 2733 2734 2735
f 2703 2732 2736
f 2695 2737 2720
f 2720 2696 2695
f 2738 2739 7079
f 2739 2740 7079
f 2739 2738 2741
f 2736 2732 2731
f 2703 2736 2742
f 2733 2744 7080
f 2743 2733 7080
f 2353 2206 6889
f 2206 2205 6889
f 2206 2353 2383
f 2383 2353 2352
f 2349 2184 6481
f 6481 2183 6987
f 2349 6481 6987
f 2639 2658 7081
f 2658 2642 7081
f 1083 1492 6094
f 6094 1491 1083
f 1581 1659 1457
f 1455 1659 6220
f 6220 1492 1455
f 2710 2711 2689
f 2716 2681 2715
f 2702 2701 2676
f 2676 2701 2698
f 2742 2736 2731
f 2745 2734 2733
f 2717 2682 2681
f 2747 2748 7082
f 2746 2747 7082
f 2749 2750 2721
f 2751 7083 2726
f 7083 2752 2726
f 2742 2714 2731
f 2679 2704 2702
f 2729 2728 2695
f 2695 2694 2729
f 2694 2741 2729
f 2741 2738 2729
f 2688 7077 7071
f 7077 2707 7084
f 7084 2686 7071
f 7077 7084 7071
f 2753 2745 2733
f 7085 2755 7086
f 7086 2756 2754
f 7085 7086 2754
f 2718 2742 2703
f 2742 2718 7075
f 7075 2714 2742
f 2691 7087 2703
f 7087 2718 2703
f 2725 2754 2723
f 2757 2758 7088
f 7088 2759 2757
f 2708 2685 7089
f 2706 2708 7089
f 2705 7076 2682
f 7076 2683 2682
f 2689 2687 2710
f 2754 2725 7085
f 2725 2755 7085
f 2756 2750 2749
f 2759 7088 2760
f 7088 2758 2760
f 2715 2680 2712
f 2712 2680 2677
f 2700 2677 2678
f 2744 7090 7080
f 7090 2753 2743
f 7090 2743 7080
f 2700 2712 2677
f 2700 2713 2712
f 2704 2679 7091
f 2679 2684 7091
f 2716 2717 2681
f 2730 2695 2728
f 2730 2737 2695
f 2710 2687 2708
f 2762 2758 2761
f 2741 2763 2739
f 2701 2699 2698
f 2701 2713 2722
f 2759 2760 2763
f 2687 2685 2708
f 7073 2709 7092
f 7092 2690 2711
f 7073 7092 2711
f 2688 2690 7092
f 2709 2688 7092
f 2763 2694 2741
f 2763 2759 2694
f 2694 2759 2757
f 2696 2694 2761
f 2694 2757 2761
f 2696 2761 2719
f 2747 2748 2761
f 2719 2761 2750
f 2761 2748 7093
f 7093 2752 2761
f 2761 2755 2750
f 2761 2752 2724
f 2755 2761 2725
f 2761 2724 2725
f 2745 2744 2764
f 2751 2748 7083
f 7093 2752 7083
f 2748 7093 7083
f 2747 2762 2761
f 2726 2752 2724
f 2691 2693 7094
f 7094 2718 7087
f 2691 7094 7087
f 2735 2744 2733
f 2763 2760 2739
f 2719 2721 2750
f 2747 2746 2762
f 2699 2722 2697
f 2722 2699 2701
f 2733 2743 2753
f 2729 2738 7079
f 7079 2740 2727
f 2729 7079 2727
f 2727 2737 2730
f 2737 2727 7095
f 2727 2740 7095
f 2739 2737 7095
f 7095 2740 2739
f 2737 2739 2764
f 2739 2745 2764
f 2745 2739 2760
f 2745 2760 7096
f 2760 2758 7096
f 2745 7096 2762
f 7096 2758 2762
f 2745 2762 2746
f 2746 2734 2745
f 2737 2735 2720
f 2735 2737 2764
f 2735 2734 2720
f 2720 2734 2721
f 2721 2734 2746
f 2721 2746 2726
f 7097 2751 2726
f 2746 7097 2726
f 2726 2749 2721
f 2726 2756 2749
f 2756 2726 2754
f 2726 2723 2754
f 2761 2758 2757
f 2681 2680 2715
f 2707 2704 7091
f 7091 2684 7098
f 2707 7091 7098
f 2707 7098 7084
f 7098 2684 7070
f 7070 2686 7084
f 7098 7070 7084
f 7090 2744 2745
f 2753 7090 2745
f 2746 7082 7097
f 2748 2751 7097
f 7082 2748 7097
f 2693 2731 7074
f 2731 2714 7074
f 2765 2488 2487
f 2766 2486 2767
f 2494 2492 2491
f 2756 7086 2750
f 7086 2755 2750
f 7089 2685 2683
f 7089 2683 2706
f 2764 2744 2735
f 2496 2768 2497
f 2497 2769 2495
f 2473 2470 2469
f 2469 2459 2473
f 2473 2459 2770
f 2770 2459 2458
f 2770 2458 2501
f 2501 2771 2770
f 2770 2771 2772
f 2455 2773 2496
f 2496 2774 2455
f 2774 2496 7100
f 7099 2473 7100
f 2496 7099 7100
f 2473 7099 7101
f 2496 2495 7101
f 7099 2496 7101
f 7101 2495 7102
f 7102 2470 2473
f 7101 7102 2473
f 2455 2774 2772
f 2455 2772 2771
f 2455 2771 2775
f 2455 2775 2776
f 2775 2777 2776
f 2776 2777 7103
f 7103 2778 2776
f 2776 2778 2779
f 2780 2489 2482
f 2490 2489 2780
f 2491 2490 2494
f 2498 2459 2469
f 2457 2499 2458
f 6796 2451 7104
f 7104 2781 2452
f 6796 7104 2452
f 2781 2502 2452
f 2783 2784 2782
f 2497 2785 2768
f 2497 2769 2785
f 2769 2786 2785
f 2785 2786 2468
f 2468 2498 2785
f 2498 2457 2785
f 2785 2457 2499
f 2785 2499 2500
f 2785 2500 2787
f 2787 2789 2785
f 2785 2789 2790
f 2785 2790 2788
f 2788 2790 2791
f 2777 2789 2790
f 2775 2771 2787
f 2786 7105 2769
f 7105 2470 7106
f 7105 7106 2769
f 2786 2468 7105
f 2468 2470 7105
f 2766 7107 2487
f 7107 2765 2487
f 2486 2485 2767
f 2452 2502 2453
f 2788 2785 2456
f 2465 2478 2463
f 2478 2465 2479
f 2465 2493 2479
f 2479 2493 2481
f 2482 2489 2483
f 2782 2451 7108
f 7108 2792 2782
f 2771 2500 2787
f 2771 2501 2500
f 2474 2793 6802
f 2793 2472 6802
f 2779 2791 2776
f 2457 6798 2498
f 6798 2459 2498
f 2778 2790 2779
f 2499 2501 2458
f 2791 2788 2776
f 2451 2453 2782
f 2792 7108 2781
f 7108 2451 7104
f 7108 7104 2781
f 2772 2472 2793
f 2502 2781 7109
f 2781 2784 7109
f 2456 2795 6797
f 2795 2794 2454
f 2795 2454 6797
f 2456 2785 2795
f 2785 2768 2795
f 2455 2788 2456
f 2788 2455 2776
f 2792 2784 2782
f 2781 2784 2792
f 2496 2795 2768
f 2496 2773 2795
f 2775 2789 2777
f 2796 2485 6805
f 6805 2462 7110
f 2796 6805 7110
f 2767 2485 2796
f 2483 2488 2484
f 2484 2488 2765
f 2793 2474 7111
f 2793 7111 2770
f 2487 2486 2766
f 2774 7112 2772
f 7112 2472 2772
f 2794 2795 2797
f 2795 2773 2797
f 2787 2789 2775
f 2773 2455 2797
f 2777 2790 7103
f 2790 2778 7103
f 2790 2791 2779
f 2464 2476 2480
f 2464 2453 2476
f 2452 2460 2476
f 2460 2452 6799
f 2452 2461 6799
f 2464 2783 2453
f 2783 2464 2503
f 2503 2464 2484
f 2464 2482 2484
f 2482 2464 2466
f 2466 2780 2482
f 2780 2466 2494
f 2466 2471 2494
f 2461 2452 7113
f 2452 2796 7113
f 2796 2452 2767
f 2767 2502 7114
f 7114 2766 2767
f 2766 7114 7107
f 7114 2502 2765
f 7114 2765 7107
f 2765 2502 2484
f 2484 2502 2503
f 2471 2467 6806
f 2467 2492 6806
f 2796 7110 7113
f 7110 2462 6800
f 6800 2461 7113
f 7110 6800 7113
f 2503 2784 2783
f 2480 2477 2479
f 2477 2480 2476
f 2769 7106 2495
f 7106 2470 7102
f 7106 7102 2495
f 2780 2494 2490
f 2774 7100 7112
f 2473 2472 7112
f 7100 2473 7112
f 2454 2794 2797
f 2454 2797 2455
f 7111 2474 2473
f 7111 2473 2770
f 2798 2799 2800
f 2801 2802 7115
f 2801 7115 2803
f 2804 7116 7118
f 7116 2805 7117
f 7117 2806 7118
f 7116 7117 7118
f 2808 2809 2807
f 2807 2809 2810
f 2811 2812 7119
f 2812 2813 7119
f 2814 7120 7122
f 7120 2815 7121
f 7121 2816 7122
f 7120 7121 7122
f 2817 2818 7123
f 7123 2819 2817
f 2821 2822 2820
f 2820 2822 2815
f 2823 2824 7124
f 7124 2825 2823
f 2823 2825 2802
f 7125 2828 2826
f 2827 7125 2826
f 2826 2829 7126
f 2827 2826 7126
f 2830 2831 2832
f 7119 2813 2824
f 7119 2824 2811
f 2822 2816 7121
f 2815 2822 7121
f 7127 2834 2835
f 7127 2835 2833
f 2833 2836 7128
f 7128 2834 7127
f 2833 7128 7127
f 2814 7129 7130
f 7129 2818 2817
f 7129 2817 7130
f 2837 7131 7132
f 7131 2838 2830
f 7131 2830 7132
f 2832 2831 2839
f 2840 2841 2839
f 2830 2838 7133
f 7133 2831 2830
f 2842 2843 7134
f 2843 2841 7134
f 2844 2799 2798
f 2799 2844 7135
f 2844 2845 7135
f 2843 2846 7136
f 7136 2829 2843
f 2847 2848 2849
f 2848 2850 2849
f 2851 2852 7137
f 7137 2853 2851
f 2793 2770 2772
f 2823 2802 2801
f 2493 2480 2481
f 2480 2493 2464
f 2854 2813 2812
f 2811 2824 2823
f 2855 2856 7139
f 7138 2857 7139
f 2856 7138 7139
f 2847 2826 2858
f 2827 7140 7142
f 7140 2846 7141
f 7141 2859 7142
f 7140 7141 7142
f 2846 7140 7136
f 7140 2827 7126
f 7126 2829 7136
f 7140 7126 7136
f 2807 2810 2860
f 2853 7137 7144
f 7137 2852 7143
f 7143 2861 7144
f 7137 7143 7144
f 2826 2828 2858
f 2862 2863 7145
f 7145 2864 2862
f 2866 2856 2865
f 2867 2801 2803
f 2806 2868 2869
f 2870 2871 2872
f 2849 2850 2836
f 2851 2864 7145
f 2863 2851 7145
f 2840 2858 2839
f 2858 2831 2839
f 2831 2858 7133
f 2858 2838 7133
f 2838 2858 2819
f 2819 2858 7123
f 2858 2818 7123
f 2818 2858 7146
f 2858 2816 7146
f 2840 2828 2858
f 2816 2858 2822
f 2822 2858 2821
f 2858 2834 2821
f 2834 2858 7128
f 2858 2836 7128
f 2858 2850 2836
f 2858 2848 2850
f 2854 2813 2824
f 2874 2854 2824
f 2874 2824 7124
f 7124 2825 2874
f 2874 2825 2802
f 2874 2802 7115
f 7115 2803 2874
f 2803 2869 2874
f 2874 2873 2854
f 2869 2806 2874
f 2874 2806 7118
f 7118 2804 2874
f 2874 2804 7147
f 7147 2855 2874
f 2874 2855 7148
f 7148 2865 2874
f 2874 2865 2870
f 2870 2871 2874
f 2809 2875 2876
f 2860 2875 2808
f 2875 2809 2808
f 2874 2873 2877
f 2828 2841 2840
f 2841 2828 7125
f 2841 7125 2827
f 7142 2859 2841
f 2827 7142 2841
f 2841 2859 7149
f 7149 2842 7134
f 2841 7149 7134
f 2832 2837 7132
f 7132 2830 2832
f 2837 2832 2843
f 2837 2843 2878
f 2843 2817 2878
f 2843 2814 7130
f 2817 2843 7130
f 2814 2843 2808
f 2843 2860 2808
f 2843 2829 2860
f 2860 2829 2810
f 2810 2829 2849
f 2847 2849 2826
f 2849 2829 2826
f 2814 2808 7120
f 2808 2815 7120
f 2815 7150 2820
f 7150 2809 2820
f 2820 2809 2835
f 2835 2809 2833
f 2833 2810 2849
f 2849 2836 2833
f 2803 2869 2867
f 2875 2860 2879
f 2845 2844 2877
f 2869 2868 2867
f 2805 7151 7153
f 7151 2880 7152
f 7152 2868 7153
f 7151 7152 7153
f 2880 7151 2851
f 7151 2805 2851
f 2851 2805 7154
f 7154 2857 7155
f 2851 7154 7155
f 2851 7155 2856
f 7155 2857 7138
f 7155 7138 2856
f 2851 2856 2866
f 2851 2866 2881
f 2881 2864 2851
f 2812 2811 2823
f 2812 2823 2798
f 2798 2823 2801
f 2801 2867 2798
f 2867 2868 2798
f 2798 2868 7152
f 7152 2880 2798
f 2798 2880 2862
f 2798 2862 2844
f 2862 2864 2844
f 2844 2864 2881
f 2844 2881 2872
f 2844 2872 2882
f 2814 7122 7129
f 7122 2816 7146
f 7146 2818 7129
f 7122 7146 7129
f 2855 7148 2856
f 7148 2865 2856
f 2881 2866 2870
f 2839 2841 2843
f 2843 2832 2839
f 2847 2858 2848
f 2878 2838 7131
f 7131 2837 2878
f 2819 2838 2878
f 2852 7156 7143
f 2863 2861 7143
f 7156 2863 7143
f 2872 2871 2882
f 2861 2862 7144
f 2862 2853 7144
f 2883 2884 2879
f 2876 2879 2884
f 2861 2863 2862
f 2842 7157 2843
f 7157 2846 2843
f 2846 7157 7141
f 7157 2842 7149
f 7149 2859 7141
f 7157 7149 7141
f 2880 7158 2862
f 7158 2853 2862
f 2835 2834 2821
f 2820 2835 2821
f 2804 7159 7116
f 7159 2857 7154
f 7154 2805 7116
f 7159 7154 7116
f 2817 2819 2878
f 2872 2881 2870
f 2806 7117 2868
f 7117 2805 7153
f 7117 7153 2868
f 2853 7158 2851
f 7158 2880 2851
f 2871 2874 2882
f 2884 2875 2876
f 2875 2883 2879
f 2852 2851 7156
f 2851 2863 7156
f 2810 2876 2879
f 2845 2877 7135
f 2800 2799 7135
f 2877 2800 7135
f 2800 2877 2854
f 2877 2873 2854
f 7160 2886 7161
f 7161 2887 2885
f 7160 7161 2885
f 2888 7162 2885
f 7162 2886 7160
f 7162 7160 2885
f 2889 2886 7162
f 7162 2888 2889
f 2890 2891 7163
f 2891 2892 7163
f 2891 2890 2893
f 2887 7164 7166
f 7164 2894 7165
f 7165 2895 7166
f 7164 7165 7166
f 7167 2898 2896
f 2897 7167 2896
f 2896 2899 2897
f 7168 2901 7169
f 7169 2902 2900
f 7168 7169 2900
f 2905 2903 2911
f 2911 2906 2904
f 2905 2911 2904
f 2911 2903 2907
f 2906 2911 2908
f 2907 2909 2911
f 2911 2910 2908
f 2911 2888 2910
f 2888 2911 2889
f 2889 2911 2912
f 2889 2912 2913
f 2910 2885 2914
f 2910 2888 2885
f 2885 2915 2914
f 2915 2885 2916
f 2885 2917 2916
f 2917 2913 2918
f 2913 2912 2918
f 2889 2919 7170
f 7170 2886 2889
f 2921 2922 2920
f 2923 2924 2925
f 2924 2923 7171
f 2923 2926 7171
f 2924 7171 7172
f 7171 2926 2927
f 7171 2927 7172
f 2924 7172 2928
f 7172 2927 2928
f 2924 2928 2929
f 2929 2928 2901
f 2929 2901 2890
f 2890 2930 2929
f 2932 2931 2921
f 2932 2921 2920
f 2932 2920 2899
f 2932 2899 2896
f 2932 2896 2923
f 2932 2923 2934
f 2932 2934 2933
f 2934 2923 2925
f 2925 2935 2934
f 2934 2935 7173
f 7173 2930 2934
f 2930 7173 2929
f 7173 2935 2929
f 2870 2866 2865
f 2855 7139 7147
f 7139 2857 7159
f 7159 2804 7147
f 7139 7159 7147
f 2809 2876 2810
f 2936 2929 7174
f 2929 2937 7174
f 2883 2875 2884
f 2844 2874 2877
f 2874 2844 2882
f 2798 2800 2854
f 2798 2854 2812
f 2918 2912 2938
f 2918 2938 2939
f 2913 2887 7164
f 7164 2894 2913
f 2887 2913 2885
f 2940 7175 7176
f 2941 2926 7176
f 7175 2941 7176
f 2904 2942 7177
f 7177 2943 2904
f 2940 2923 7178
f 2923 2898 7178
f 2927 2926 2941
f 2912 2911 2944
f 2912 2944 2945
f 2946 2947 2916
f 2903 2948 2907
f 2903 7179 2948
f 7179 2949 2948
f 2905 2949 7179
f 7179 2903 2905
f 2950 2906 2908
f 2933 2951 2932
f 2896 2898 2923
f 2932 2951 7180
f 7180 2952 2932
f 2932 2952 2953
f 2906 7181 2904
f 7181 2942 2904
f 2943 2949 2905
f 2948 2909 2907
f 2954 2918 2955
f 2954 2917 2918
f 2914 2956 2957
f 2904 2943 2905
f 2938 2912 2945
f 2909 2958 7182
f 2911 2909 7182
f 2944 2911 7182
f 2958 2944 7182
f 2945 2944 2959
f 2948 2958 2909
f 2960 2929 7183
f 2929 2935 7183
f 2960 7184 7186
f 7184 2961 7185
f 7185 2937 7186
f 7184 7185 7186
f 2936 2961 2925
f 2931 2953 2962
f 2899 2963 2897
f 2889 2885 2913
f 2964 2892 2891
f 2892 2964 7188
f 7187 2930 7188
f 2964 7187 7188
f 2930 2890 7188
f 7163 2892 7188
f 2890 7163 7188
f 2933 2934 2965
f 2902 2928 2941
f 2915 7189 7191
f 7189 2966 7190
f 7190 2956 7191
f 7189 7190 7191
f 2925 2924 7192
f 7192 2936 2925
f 2940 7176 2923
f 7176 2926 2923
f 2921 2931 2962
f 2920 2922 2963
f 2910 2957 2967
f 2910 2967 2908
f 2949 2954 2943
f 2954 2942 7177
f 2954 7177 2943
f 2942 2954 7193
f 2954 2950 7193
f 2954 2949 2948
f 2950 2954 2967
f 2948 2958 2954
f 2954 2957 2967
f 2958 2944 2954
f 2954 2956 2957
f 2944 2959 2954
f 2956 2954 7190
f 2954 2966 7190
f 2966 2954 7194
f 2954 2947 7194
f 2947 2954 2946
f 2915 7191 2914
f 7191 2956 2914
f 2902 7169 2928
f 7169 2901 2928
f 2919 2913 7195
f 2913 2894 7195
f 2929 2936 7192
f 7192 2924 2929
f 2964 2934 7187
f 2934 2930 7187
f 2934 2964 2968
f 2922 2968 2962
f 2968 2953 2962
f 2968 2922 2963
f 2968 2952 2953
f 2968 2963 2897
f 2952 2968 7180
f 2968 2951 7180
f 2968 2897 7167
f 7167 2898 2968
f 2951 2968 2965
f 2968 2898 7178
f 7178 2940 2968
f 2968 2940 7175
f 7175 2941 2968
f 2941 2902 2968
f 2968 2902 2900
f 2968 2900 2969
f 2895 7196 7166
f 7196 2886 7161
f 7161 2887 7166
f 7196 7161 7166
f 2971 2972 2970
f 2971 2970 2973
f 2962 2922 2921
f 2965 2951 2933
f 2906 2950 7181
f 7193 2942 7181
f 2950 7193 7181
f 2910 2914 2957
f 2941 2928 2927
f 2920 2963 2899
f 2925 2961 7184
f 7184 2960 2925
f 2890 2974 2893
f 7174 2937 7185
f 7185 2961 2936
f 7174 7185 2936
f 2915 2916 7197
f 2916 2947 7197
f 2915 7197 7189
f 7197 2947 7194
f 7194 2966 7189
f 7197 7194 7189
f 2965 2934 2968
f 2967 2950 2908
f 2960 7183 2925
f 7183 2935 2925
f 2917 2954 2946
f 2931 2932 2953
f 2955 2918 2939
f 2895 7198 7196
f 7198 2919 7170
f 7170 2886 7196
f 7198 7170 7196
f 2917 2946 2916
f 2974 2900 2969
f 2938 2945 2959
f 2938 2959 2939
f 2939 2959 2954
f 2954 2955 2939
f 2976 2977 2975
f 7199 2978 2976
f 2975 7199 2976
f 2980 2981 2979
f 2979 2982 7200
f 2980 2979 7200
f 2984 2985 2983
f 2983 2986 2984
f 2987 2988 2989
f 2982 7201 7200
f 7201 2987 2980
f 7201 2980 7200
f 2990 2987 7201
f 7201 2982 2990
f 2991 2992 2993
f 2995 2996 2994
f 2994 2998 2995
f 2995 2992 2997
f 2998 2999 2995
f 2992 2995 2993
f 2995 2999 3000
f 2995 3000 2993
f 3000 3001 2993
f 3000 3002 3001
f 3002 3000 2977
f 3002 2977 2971
f 3001 3003 2993
f 3001 2972 3003
f 3003 2972 3004
f 3004 2972 3005
f 3005 2972 3006
f 3006 2972 2971
f 3006 2971 2976
f 2971 2977 2976
f 3007 2998 2994
f 2983 3009 3008
f 3010 7202 2983
f 7202 3009 2983
f 3011 3012 7203
f 3012 3013 7203
f 3014 3015 3016
f 3017 3018 3015
f 3019 3003 3004
f 3020 3021 3006
f 3021 7204 3005
f 7204 3022 3005
f 3022 3004 3005
f 3023 2996 2995
f 3024 3025 3026
f 3027 3018 3017
f 3014 3016 7205
f 3016 3028 7205
f 3029 2985 3030
f 3031 3030 2985
f 3030 3011 3029
f 3033 3034 3032
f 3026 3034 3033
f 3010 7206 3035
f 7206 3028 3035
f 3010 3035 7202
f 3035 3009 7202
f 3008 3009 3036
f 3028 3016 3035
f 3008 2986 2983
f 2985 2984 3031
f 3037 3001 7207
f 3001 2973 7207
f 3012 3038 3013
f 3012 3039 7208
f 3012 7208 3038
f 3040 2976 2978
f 3042 3003 3019
f 3043 2997 3044
f 2979 3041 2990
f 2895 7165 7198
f 7165 2894 7195
f 7195 2919 7198
f 7165 7195 7198
f 2900 2974 7168
f 2890 2901 7168
f 2974 2890 7168
f 2929 2960 7186
f 7186 2937 2929
f 2893 2964 2891
f 2964 2893 2968
f 2893 2969 2968
f 2969 2893 2974
f 2994 3045 3007
f 3024 3027 3025
f 3027 3017 3025
f 2970 3037 7209
f 7209 3046 2970
f 2977 7210 2975
f 7210 3047 2975
f 3045 2996 3023
f 3015 3018 3016
f 3033 3024 3026
f 3048 3049 3050
f 3051 3004 7211
f 3004 3022 7211
f 3004 3051 3019
f 3021 3005 3006
f 2994 2996 3045
f 3042 2993 3003
f 3044 2992 2991
f 3052 2999 3007
f 3039 3053 7208
f 7212 3038 7208
f 3053 7212 7208
f 3054 3047 3055
f 2984 2986 3008
f 3008 3036 2984
f 2984 3036 3030
f 2984 3030 3031
f 3030 3053 7213
f 7213 3048 3032
f 3030 7213 3032
f 3030 3032 3033
f 3030 3039 3053
f 3033 3024 3030
f 3039 3030 3012
f 3030 3024 3027
f 3030 3011 3012
f 3027 3018 3030
f 3030 3018 3016
f 3016 3035 3030
f 3035 3009 3030
f 3030 3009 3036
f 3045 3054 3023
f 3054 3043 3023
f 3043 3054 3044
f 3054 3045 3007
f 3054 2991 3044
f 3007 3052 3054
f 3054 3042 2991
f 3054 3052 3055
f 3054 3019 3042
f 3054 3051 3019
f 3051 3054 7211
f 3054 3022 7211
f 3022 3054 7204
f 3054 3021 7204
f 3021 3054 3020
f 3015 2979 3017
f 3015 3014 2979
f 2979 3014 7214
f 7214 2982 2979
f 2982 7214 7215
f 7214 3014 7205
f 7205 3028 7215
f 7214 7205 7215
f 2982 7215 7216
f 7215 3028 7206
f 7206 3010 7216
f 7215 7206 7216
f 2982 7216 2983
f 7216 3010 2983
f 2982 2983 2990
f 2990 2983 2985
f 3050 3049 3034
f 3026 3050 3034
f 3050 3026 3038
f 3026 3013 3038
f 3025 3017 3026
f 3013 3026 3029
f 3026 3017 3029
f 3029 3017 3041
f 3029 2989 2985
f 2985 2989 2990
f 3000 3052 3055
f 3001 3002 2973
f 2993 3042 2991
f 2981 2989 3041
f 2981 2988 2980
f 3001 3037 2970
f 2988 2981 2989
f 2989 2987 2990
f 2973 3002 2971
f 3020 3040 2978
f 3020 2978 7199
f 3020 7199 2975
f 3020 2975 3054
f 2975 3047 3054
f 2977 3055 7210
f 3055 3047 7210
f 3055 2977 3000
f 2976 3040 3020
f 3020 3006 2976
f 3058 7217 3056
f 7217 3059 3056
f 3060 7218 3062
f 7218 3061 3062
f 3063 3064 3065
f 3063 3066 3064
f 3067 7219 3062
f 7219 3068 3062
f 3069 3067 7220
f 7220 3061 3069
f 3057 3056 3070
f 3053 7213 3050
f 7213 3048 3050
f 3013 3029 7203
f 3029 3011 7203
f 7212 3053 3050
f 7212 3050 3038
f 3032 3049 3048
f 2995 3043 3023
f 3043 2995 2997
f 3032 3034 3049
f 2988 2987 2980
f 2999 2998 3007
f 2997 2992 3044
f 2972 3001 2970
f 3061 7218 3071
f 7218 3060 3071
f 3052 3000 2999
f 3046 2973 2970
f 3037 7207 7209
f 2973 3046 7209
f 7207 2973 7209
f 2981 3041 2979
f 3068 7219 3069
f 7219 3067 3069
f 3072 3073 7221
f 7221 3074 3072
f 3073 3072 7222
f 3072 3075 7222
f 3070 3077 3076
f 3078 3070 7223
f 3070 3077 7223
f 3080 3077 3079
f 3081 3082 3083
f 3082 3081 3084
f 3084 3075 3082
f 3075 3084 7222
f 3084 3073 7222
f 3085 3086 3087
f 3089 3090 3088
f 3090 3091 3088
f 3092 3101 3093
f 3101 3081 3093
f 3101 3092 7224
f 7224 3094 3101
f 3101 3094 3085
f 3085 3089 3101
f 3089 3090 3101
f 3101 3083 3081
f 3090 3095 3101
f 3095 3096 3101
f 3101 3096 3097
f 3097 3098 3101
f 3101 3098 3099
f 3099 3100 3101
f 3102 3091 7225
f 7225 3095 3102
f 3104 3105 3103
f 3106 3107 3108
f 3109 3110 3111
f 7226 3113 3105
f 7226 3105 3112
f 3105 3113 3103
f 3114 3097 3098
f 3083 3082 3101
f 3099 3100 3115
f 3071 3068 3069
f 3068 3071 7227
f 3071 3116 7227
f 3091 3090 7225
f 3090 3095 7225
f 3112 3117 3107
f 3095 3096 3102
f 3088 3086 3089
f 3089 3086 3085
f 3118 3099 3115
f 3074 7228 3119
f 7228 3081 3119
f 7228 3074 3084
f 7228 3084 3081
f 3082 3075 3072
f 3120 3100 3101
f 3062 3061 7220
f 7220 3067 3062
f 3087 3121 3092
f 3092 7224 3087
f 7224 3094 7229
f 7224 7229 3087
f 3093 3121 3119
f 3061 3071 3069
f 3107 3117 3108
f 3063 3065 3122
f 3123 3124 3125
f 3126 3127 3128
f 3127 3126 3065
f 3065 3129 3127
f 7230 3110 3129
f 3065 7230 3129
f 3110 7230 3111
f 7230 3065 3111
f 3111 3065 7231
f 7231 3060 3111
f 3060 7231 3071
f 7231 3065 3071
f 3071 3065 3064
f 3064 3116 3071
f 3116 3064 7232
f 3064 3105 7232
f 3105 3064 3117
f 3117 3064 3108
f 3111 3060 7233
f 7233 3130 3111
f 3130 7233 3062
f 7233 3060 3062
f 3130 3062 3124
f 3124 3062 3125
f 3125 3062 3104
f 3062 3105 3104
f 3105 3062 7232
f 3062 3116 7232
f 3129 3132 3131
f 3133 3096 3097
f 3101 3072 3120
f 3101 3082 3072
f 3092 3121 3093
f 3134 3099 3118
f 3134 3098 3099
f 3114 3098 3134
f 3079 3058 3080
f 3136 3137 3135
f 3136 3135 3131
f 3135 3132 3131
f 3132 3135 3109
f 3135 3138 3109
f 3138 3135 3106
f 3106 3139 3138
f 3139 3106 3123
f 3106 3140 3123
f 3140 3106 3103
f 3106 3113 3103
f 3113 3106 7226
f 3106 3112 7226
f 3112 3106 3107
f 3122 3137 3135
f 3077 7234 3076
f 7234 3059 3076
f 3057 3091 3102
f 3102 3133 3057
f 3133 3058 3057
f 3058 3133 3114
f 3058 3114 3134
f 3058 3134 3118
f 3058 3118 3079
f 3119 3121 3087
f 3087 3074 3119
f 3074 3087 7235
f 3087 3086 7235
f 3074 7235 3088
f 7235 3086 3088
f 3074 3088 7236
f 3088 3091 7236
f 3074 7236 3078
f 7236 3091 7237
f 7236 7237 3078
f 3074 3078 7238
f 7223 3077 7238
f 3078 7223 7238
f 3074 7238 3072
f 7238 3077 3072
f 3078 7237 3057
f 7237 3091 3057
f 3072 3077 3079
f 3072 3079 3118
f 3072 3118 3115
f 3072 3115 3120
f 3084 3074 7221
f 7221 3073 3084
f 3081 3093 3119
f 3100 3120 3115
f 3103 3140 3104
f 3139 3138 7239
f 3138 3130 7239
f 3058 3057 3080
f 3102 3096 3133
f 3114 3133 3097
f 3094 3085 7229
f 3085 3087 7229
f 3139 3124 3123
f 3136 3128 3131
f 3068 7227 3062
f 7227 3116 3062
f 3109 3111 3138
f 3111 3130 3138
f 3131 3128 3127
f 3139 7239 3124
f 7239 3130 3124
f 3136 3126 3128
f 3070 3078 3057
f 3076 3059 3056
f 3141 3066 3063
f 3122 3141 3063
f 3141 3122 3106
f 3106 3122 3135
f 3137 7240 3126
f 7240 3065 3126
f 7240 3137 3122
f 7240 3122 3065
f 3064 3106 3108
f 3064 3141 3106
f 3143 3144 3142
f 3145 3146 7241
f 3146 3147 7241
f 3149 3150 3148
f 3149 3148 3151
f 3152 3153 3146
f 3154 7242 3146
f 7242 3153 3146
f 3153 7242 7243
f 3154 3155 7243
f 7242 3154 7243
f 3146 3145 3154
f 3157 3158 3156
f 3157 3156 3159
f 3160 3142 3161
f 3162 3163 3164
f 3165 3166 7244
f 3166 3167 7244
f 3168 3164 3163
f 3169 3170 3171
f 3163 3172 3168
f 3172 3173 3168
f 3174 3165 7244
f 3174 7244 3167
f 3175 3176 7245
f 7245 3177 3175
f 3178 3143 3179
f 3180 3181 3182
f 3183 3184 3166
f 3173 3185 3168
f 3186 3187 3188
f 3186 3189 3187
f 3174 7246 7247
f 7246 3177 7245
f 7245 3176 7247
f 7246 7245 7247
f 3149 3151 7248
f 3151 3190 7248
f 3148 3150 3191
f 3192 3193 3194
f 3193 3192 3195
f 3195 3196 3190
f 3192 3194 3197
f 3057 3077 3080
f 3064 3066 3141
f 3132 7249 3109
f 7249 3110 3109
f 3127 3129 3131
f 3112 3105 3117
f 3132 3129 7249
f 3129 3110 7249
f 3140 3125 3104
f 3137 3126 3136
f 3140 3123 3125
f 3070 3076 3056
f 3194 3200 3197
f 3148 3180 3182
f 3180 3148 3191
f 3144 3201 3142
f 3181 3202 3182
f 3142 3201 3161
f 3202 3204 3203
f 3204 3205 3203
f 3206 3207 7250
f 3207 3185 7250
f 3209 3210 3208
f 3173 3206 7250
f 7250 3185 3173
f 3211 3212 3209
f 3159 3156 3213
f 3162 3164 3214
f 3203 3205 7251
f 7251 3189 3203
f 3216 3170 3215
f 3159 3217 3157
f 3217 3159 3179
f 3217 3179 7252
f 3179 3142 7252
f 3217 7252 3218
f 7252 3142 3218
f 3218 3142 3219
f 3159 3178 3179
f 3159 3210 3178
f 3210 3159 3207
f 3207 3159 3214
f 3214 3185 3207
f 3185 3214 3168
f 3214 3164 3168
f 3142 3216 3219
f 3216 3142 7253
f 7253 3170 3216
f 7253 3142 3160
f 7253 3160 3170
f 3170 3160 3171
f 3160 3212 3171
f 3212 3160 7254
f 3160 3210 7254
f 3210 3160 3178
f 3215 3220 3216
f 3174 3167 7246
f 3167 3177 7246
f 3202 3181 3204
f 3221 7255 7257
f 7255 3147 7256
f 7256 3198 7257
f 7255 7256 7257
f 3181 3204 3180
f 3204 3196 3180
f 3196 3204 3195
f 3204 3205 7251
f 7251 3189 3195
f 3204 7251 3195
f 3195 3189 3187
f 3187 3184 3195
f 3195 3184 3166
f 3166 3167 3195
f 3167 3177 3195
f 3195 3177 3175
f 3175 3197 3195
f 3197 3192 3195
f 3145 3221 7258
f 3154 3145 7258
f 3143 3178 3161
f 3186 3147 3203
f 3147 3186 3188
f 3147 3188 3183
f 3183 3165 3145
f 3145 3165 3174
f 3151 3148 3182
f 3182 3198 3151
f 3198 3182 7256
f 3182 3147 7256
f 3147 3182 3202
f 3147 3202 3203
f 3151 3198 7259
f 7259 3155 3151
f 3151 3155 3154
f 3151 3154 7260
f 7260 3174 3151
f 3151 3174 7247
f 7247 3176 3151
f 3151 3176 3193
f 3193 3176 7261
f 7261 3222 3193
f 3193 3222 3200
f 3193 3200 3194
f 3171 3212 3211
f 3161 3201 3144
f 3144 3143 3161
f 3224 3217 3223
f 3223 3217 3218
f 3160 3161 3178
f 3208 3207 3206
f 3220 3218 3219
f 3209 3212 7254
f 7254 3210 3209
f 3153 3152 7262
f 3152 3199 7262
f 3143 3142 3179
f 3157 3217 3224
f 3224 3225 3157
f 3159 3226 3214
f 3159 3213 3226
f 3147 7263 3152
f 7263 3199 3152
f 3200 3222 3197
f 3197 3222 3175
f 3175 3222 7261
f 7261 3176 3175
f 3226 3162 3214
f 3153 7262 3198
f 7262 3199 7264
f 7262 7264 3198
f 3166 3165 3183
f 3153 7243 3198
f 7243 3155 7259
f 7243 7259 3198
f 3158 3157 3225
f 3208 3210 3207
f 3203 3189 3186
f 3224 3227 3226
f 3224 3226 3223
f 3226 3220 3223
f 3220 3226 3215
f 3226 3169 3215
f 3226 3211 3169
f 3211 3226 3209
f 3209 3226 3208
f 3208 3226 3206
f 3206 3226 3173
f 3226 3162 3172
f 3226 3172 3173
f 3172 3162 3163
f 3211 3169 3171
f 3215 3170 3169
f 3220 3219 3216
f 3195 3151 3193
f 3151 3195 3190
f 3223 3218 3220
f 3146 3147 3152
f 3187 3184 3188
f 3188 3184 3183
f 3227 3225 3224
f 3196 3180 3191
f 3196 3191 3190
f 3190 3191 7248
f 3191 3149 7248
f 3191 3150 3149
f 3158 3213 3156
f 3213 3158 3225
f 3213 3225 3226
f 3225 3227 3226
f 3228 3229 3230
f 3229 3228 3231
f 3233 3234 3232
f 3234 3235 3232
f 3237 3238 3236
f 3237 3236 3239
f 7241 3147 7255
f 7255 3221 3145
f 7241 7255 3145
f 3241 3242 3240
f 3242 3243 3240
f 3239 3245 3244
f 3239 3244 3246
f 3248 3249 3247
f 3250 3251 3252
f 3252 3253 3250
f 3229 3254 3230
f 3255 3256 7265
f 3255 7265 3257
f 3258 3259 7266
f 3259 3260 7266
f 3261 3262 3263
f 3258 3264 3259
f 3265 3266 3267
f 3269 3270 3268
f 3266 3271 7267
f 7267 3272 3266
f 3273 7268 3274
f 7268 3260 3274
f 3275 3271 3266
f 3263 3262 3269
f 3276 3261 3253
f 3277 3236 3278
f 3279 3278 3236
f 3278 3248 3277
f 3280 3281 3282
f 3281 3265 3267
f 3269 3268 3263
f 3283 3284 3285
f 3261 3276 3262
f 3239 3246 3237
f 3236 3238 3279
f 3286 3287 3245
f 3245 3287 3244
f 3277 3248 3247
f 3288 3243 7269
f 7269 3289 3288
f 3247 3249 3292
f 3244 3293 3246
f 3294 3231 3282
f 3294 3282 7270
f 3282 3295 7270
f 3295 3282 3233
f 3233 3282 3267
f 3233 3267 3274
f 3274 3267 3266
f 3296 3274 7271
f 3274 3297 7271
f 3266 3272 3274
f 3297 3274 7272
f 3274 3256 7272
f 3256 3274 7265
f 3274 3272 3257
f 3274 3257 7265
f 3298 3229 3231
f 3231 3299 3298
f 3299 3231 7273
f 3231 3294 7273
f 3298 3299 3300
f 3300 3299 7274
f 7274 3301 3300
f 3300 3301 3264
f 3264 3301 3259
f 3259 3301 3274
f 3274 3301 3233
f 3274 3296 3273
f 3302 3231 3228
f 3281 3267 3282
f 3303 3300 7275
f 3300 3258 7275
f 3271 7276 7267
f 3304 3272 7267
f 7276 3304 7267
f 3289 7277 3288
f 7277 3305 3288
f 3260 3259 3274
f 3305 3291 3240
f 3240 3291 3241
f 3306 3270 3285
f 3293 3278 3244
f 3248 3249 3278
f 3249 3307 3278
f 3278 3307 3308
f 3278 3308 3284
f 3278 3287 3244
f 3284 3306 3278
f 3278 3250 3287
f 3306 3268 3278
f 3278 3253 3250
f 3278 3268 3263
f 3263 3261 3253
f 3278 3263 3253
f 3295 3232 3235
f 3309 3254 3310
f 3279 3238 3237
f 3279 3237 3278
f 3237 3293 3278
f 3293 3237 3246
f 3292 3308 3283
f 3310 3309 3280
f 3280 3303 3310
f 3303 3280 7275
f 3280 3258 7275
f 3258 3280 7266
f 3280 3260 7266
f 3260 3280 7268
f 3280 3273 7268
f 3280 3281 3265
f 3273 3280 3311
f 3280 3265 3275
f 3280 3312 3311
f 3275 3271 3280
f 3312 3280 3255
f 3280 3271 7276
f 7276 3304 3255
f 3280 7276 3255
f 3304 3255 3257
f 3258 3300 3264
f 7271 3297 3311
f 3296 7271 3311
f 3232 3295 3233
f 3234 3301 7278
f 3235 3234 7278
f 3303 3298 3300
f 3290 3305 7279
f 3305 3243 7279
f 3303 3310 3298
f 3313 3291 3305
f 3310 3229 3298
f 3254 3229 3310
f 3280 3282 3231
f 3231 3302 3280
f 3305 3290 7280
f 3313 3305 7280
f 3289 3240 7277
f 3240 3305 7277
f 3240 3289 7269
f 7269 3243 3240
f 3235 3299 7273
f 7273 3294 3235
f 3230 3254 3309
f 3309 3228 3230
f 3228 3309 3280
f 3280 3302 3228
f 45 846 859
f 1401 45 859
f 3265 3275 3266
f 3249 3307 3292
f 3235 3294 7270
f 7270 3295 3235
f 3253 3252 3276
f 3268 3270 3306
f 3312 3311 7281
f 3311 3297 7281
f 3286 3251 7282
f 3251 3250 7282
f 3241 3291 3242
f 3283 3308 3284
f 7282 3250 3287
f 3286 7282 3287
f 3243 3288 3305
f 3243 3242 7279
f 7283 3290 7279
f 3242 7283 7279
f 3299 3235 7274
f 7278 3301 7274
f 3235 7278 7274
f 3306 3285 3284
f 3257 3272 3304
f 3312 3256 3255
f 1404 63 1434
f 1051 1404 1434
f 1404 1435 63
f 1404 1437 1435
f 1404 1406 1408
f 1437 1404 1439
f 1404 1408 1409
f 1404 1409 1411
f 1404 1441 1439
f 1404 1442 1441
f 1404 1411 1413
f 1404 1444 1442
f 1404 1413 1415
f 1404 1446 1444
f 1415 1417 1404
f 1404 1448 1446
f 1417 1418 1404
f 1404 1418 1419
f 1404 1419 1421
f 1448 1404 1450
f 1450 1404 1451
f 1404 1421 1451
f 1421 1422 1451
f 1451 1422 89
f 89 1452 1451
f 1452 89 1083
f 89 93 1083
f 1455 1083 1460
f 1083 93 92
f 1083 92 1460
f 92 1425 1460
f 1460 1457 1455
f 1460 1459 1457
f 1425 1426 1460
f 1460 1426 1428
f 1428 1429 1460
f 1462 1460 1431
f 1460 1429 1431
f 1747 1462 1432
f 1462 1747 1537
f 1746 1429 1631
f 1431 1746 1432
f 1746 1747 1432
f 1749 3314 1751
f 2624 1734 1807
f 1734 2624 6170
f 2624 1749 6170
f 2624 3314 1749
f 1455 3315 3316
f 3317 3315 1455
f 1245 1475 3318
f 3318 3319 1245
f 1245 3319 3320
f 3320 3321 1245
f 3322 1245 3321
f 3323 1245 3322
f 3324 3325 1083
f 3326 3327 1083
f 1083 3328 3326
f 3329 3328 1083
f 1085 3329 1083
f 3330 1084 3331
f 3332 1084 3330
f 1084 3334 3333
f 1084 3333 1085
f 1455 3325 3335
f 3325 1455 1083
f 3337 3338 3336
f 3336 3339 3337
f 3337 3339 3340
f 3337 3340 3341
f 3337 3341 3342
f 3342 3343 3337
f 3343 3342 3344
f 3343 3345 7284
f 3345 3346 7284
f 3343 7284 3347
f 7284 3346 3347
f 3343 3347 3348
f 3347 3349 3348
f 3348 3349 3350
f 3350 3351 3348
f 3348 3351 3352
f 3348 3352 3353
f 3348 3353 3354
f 3348 3354 3355
f 3348 3355 7286
f 7285 3356 7286
f 3355 7285 7286
f 3348 7286 3357
f 7286 3356 3357
f 3357 3358 3348
f 3358 3357 3359
f 3360 3358 3359
f 3359 3361 3360
f 3361 3362 3360
f 3362 3361 3363
f 3361 3359 1454
f 3361 1454 3363
f 3357 3356 1454
f 1454 3359 3357
f 1454 3355 3354
f 1454 3356 7285
f 3355 1454 7285
f 1454 3353 3352
f 3353 1454 3354
f 1454 3351 3350
f 3351 1454 3352
f 3365 3366 3368
f 3368 3367 3364
f 3367 3368 3369
f 3367 3369 3370
f 3367 3370 3371
f 3367 3371 3372
f 3367 3372 3337
f 3337 3372 3373
f 3373 3338 3337
f 1683 3374 3377
f 1683 3377 3375
f 3374 3376 3377
f 3377 3376 3365
f 3377 3365 3379
f 3379 3378 3377
f 3379 3365 3368
f 3368 3364 3379
f 3379 3364 3380
f 3380 3364 7287
f 7287 3381 3380
f 3381 7287 3358
f 7287 3364 3358
f 3381 3358 7288
f 3358 3382 7288
f 3382 3358 3383
f 3383 3358 3384
f 3384 3358 3385
f 994 3374 1683
f 1683 3375 1456
f 3365 3376 994
f 994 3376 3374
f 3380 1456 3379
f 3380 3381 7289
f 1456 3380 7289
f 3382 1456 7288
f 7289 3381 7288
f 1456 7289 7288
f 1456 3382 3383
f 1531 1335 1529
f 1335 1531 1434
f 1531 63 1434
f 3292 3307 3308
f 3239 3236 3277
f 3277 3313 3239
f 3313 3277 3291
f 3291 3277 3247
f 3241 3247 3292
f 3241 3292 3283
f 3241 3283 3285
f 3239 7290 3245
f 7290 3290 3245
f 3290 7290 7280
f 3239 3313 7280
f 7290 3239 7280
f 3245 3290 7283
f 7283 3242 3245
f 3245 3242 3286
f 3286 3242 3285
f 3285 3270 3251
f 3286 3285 3251
f 3251 3270 3269
f 3251 3269 3262
f 3262 3276 3252
f 3251 3262 3252
f 3311 3273 3296
f 3233 3301 3234
f 7281 3297 7272
f 7272 3256 3312
f 7281 7272 3312
f 1455 3386 7291
f 7291 1474 1455
f 3387 3386 1455
f 3316 3387 1455
f 1719 3314 2624
f 1719 1718 3314
f 3314 1718 1751
f 3335 3317 1455
f 1243 1474 1475
f 1083 3327 3324
f 1084 3332 3334
f 3378 1456 3377
f 1456 3378 3379
f 3358 3360 3385
f 1456 3375 3377
f 1342 3385 3360
f 3350 3349 586
f 3349 3347 586
f 1243 1459 1457
f 1243 1457 1455
f 1681 720 67
f 67 1424 1681
f 1676 793 791
f 1676 1693 793
f 1597 1598 720
f 1597 720 1596
f 720 1599 1600
f 720 1598 1599
f 720 1601 1603
f 1601 720 1600
f 678 1671 7292
f 1671 1672 7292
f 1671 678 565
f 1679 1670 1004
f 1670 1016 1004
f 19 1672 6149
f 6149 1684 19
f 1672 19 7292
f 19 678 7292
f 19 1715 1714
f 1715 19 1473
f 1596 720 702
f 702 1594 1596
f 1594 702 1595
f 1670 1668 540
f 540 1016 1670
f 1324 1437 1435
f 1437 1324 1254
f 1452 1263 1262
f 1263 1452 1451
f 1693 810 793
f 810 1693 2000
f 810 2000 1692
f 1689 345 616
f 616 1690 1689
f 720 1604 1541
f 1604 720 1603
f 337 861 7293
f 7293 1686 1685
f 337 7293 1685
f 655 753 1695
f 1712 1710 19
f 19 59 1712
f 543 1668 1669
f 1668 543 540
f 791 653 1676
f 653 1675 1676
f 1426 120 1425
f 120 1426 1323
f 1306 1462 1460
f 1460 1321 1306
f 1687 481 338
f 1687 1688 481
f 343 1447 362
f 1447 1673 362
f 1691 810 1692
f 810 1691 823
f 1691 1678 823
f 481 1690 616
f 1669 1671 565
f 1669 565 543
f 1441 1298 1442
f 1439 1298 1441
f 1439 1437 1254
f 1404 1406 1197
f 1197 1226 1404
f 1125 89 52
f 1125 1422 89
f 1444 1297 1294
f 1294 1446 1444
f 1318 1429 1431
f 1318 1431 1307
f 1431 1432 1307
f 1413 1325 6024
f 1116 1413 6024
f 1116 1411 1413
f 19 1684 86
f 86 1684 84
f 1118 1408 1409
f 1408 1118 1197
f 1197 1406 1408
f 1298 1297 1444
f 1298 1444 1442
f 1300 1263 1451
f 1451 1450 1300
f 1448 1300 1450
f 1300 1448 1446
f 1300 1446 1294
f 1226 1051 1404
f 1694 848 1399
f 848 1677 1399
f 848 1694 849
f 19 1595 702
f 19 1709 1595
f 1709 19 1710
f 1415 1325 1413
f 19 1713 20
f 1713 19 1714
f 1399 1401 849
f 849 1401 859
f 1343 3350 586
f 1343 1454 3350
f 337 1685 1687
f 337 1687 338
f 752 720 1681
f 1681 1680 752
f 362 1673 1674
f 588 362 1674
f 1307 1432 1462
f 1462 1306 1307
f 3323 1084 1245
f 1084 3323 3331
f 3336 3338 586
f 586 3339 3336
f 586 3338 7294
f 7294 994 586
f 586 3340 3339
f 586 3341 3340
f 3342 3341 586
f 586 3344 3342
f 586 3343 3344
f 3343 586 3345
f 586 3346 3345
f 3346 586 3347
f 994 3366 3365
f 3366 994 3368
f 994 3369 3368
f 994 3370 3369
f 3371 3370 994
f 994 3372 3371
f 1481 1477 1050
f 62 1481 1050
f 77 941 60
f 941 77 6237
f 941 6237 863
f 1125 1126 1421
f 1421 1422 1125
f 62 1435 63
f 62 1324 1435
f 1083 1262 1084
f 1083 1452 1262
f 1459 1243 1460
f 1243 1321 1460
f 6238 862 1816
f 862 6238 861
f 6238 1686 7293
f 6238 7293 861
f 1419 1208 1209
f 1419 1209 1415
f 1411 1116 1118
f 1118 1409 1411
f 1215 3388 1591
f 1215 1591 120
f 1447 343 345
f 1447 345 1689
f 823 1678 1677
f 823 1677 848
f 1343 586 588
f 588 1674 1343
f 1421 1126 1419
f 1323 1426 1428
f 1323 1428 1318
f 1428 1429 1318
f 752 1695 753
f 752 1680 1695
f 1004 994 1458
f 51 1215 52
f 1215 51 3388
f 941 732 860
f 732 941 862
f 1402 1816 1592
f 1816 863 1592
f 3373 3372 994
f 7294 3373 994
f 7294 3338 3373
f 3389 7295 7297
f 7295 3390 7296
f 7296 3391 7297
f 7295 7296 7297
f 3392 7298 7300
f 7298 3393 7299
f 7299 3394 7300
f 7298 7299 7300
f 3395 7301 7303
f 7301 3396 7302
f 7302 3399 7303
f 7301 7302 7303
f 3398 7304 7306
f 7304 3397 7305
f 7305 3400 7306
f 7304 7305 7306
f 3401 3402 7307
f 7307 3403 3401
f 3404 3401 7308
f 3401 3405 7308
f 3402 7309 7311
f 7309 3406 7310
f 7310 3407 7311
f 7309 7310 7311
f 3407 7312 7314
f 7312 3408 7313
f 7313 3409 7314
f 7312 7313 7314
f 3410 7315 7317
f 7315 3407 7316
f 7316 3411 7317
f 7315 7316 7317
f 3412 7318 7320
f 7318 3413 7319
f 7319 3414 7320
f 7318 7319 7320
f 3417 3414 7319
f 7319 3413 3417
f 3418 7321 7323
f 7321 3417 7322
f 7322 3419 7323
f 7321 7322 7323
f 3390 7295 7296
f 7295 3389 7297
f 7297 3391 7296
f 7295 7297 7296
f 3393 7298 7299
f 7298 3392 7300
f 7300 3394 7299
f 7298 7300 7299
f 3396 7301 7302
f 7301 3395 7303
f 7303 3399 7302
f 7301 7303 7302
f 3397 7304 7305
f 7304 3398 7306
f 7306 3400 7305
f 7304 7306 7305
f 3408 7312 7313
f 7312 3407 7314
f 7314 3409 7313
f 7312 7314 7313
f 3407 7315 7316
f 7315 3410 7317
f 7317 3411 7316
f 7315 7317 7316
f 3407 7310 7311
f 7310 3406 7309
f 7309 3402 7311
f 7310 7309 7311
f 3402 7324 7307
f 7324 3405 7325
f 7325 3403 7307
f 7324 7325 7307
f 3403 7325 3401
f 7325 3405 3401
f 3414 3417 7320
f 3417 3412 7320
f 3417 7321 7322
f 7321 3418 7323
f 7323 3419 7322
f 7321 7323 7322
f 3412 7318 7327
f 7318 3413 7326
f 7326 3415 7327
f 7318 7326 7327
f 3415 7326 7329
f 7326 3413 7328
f 7328 3416 7329
f 7326 7328 7329
f 3420 7330 3423
f 7330 3421 7331
f 7331 3422 3423
f 7330 7331 3423
f 3423 3422 7332
f 7332 3424 3423
f 3423 3424 7333
f 7333 3425 3423
f 3426 7334 7336
f 7334 3427 7335
f 7335 3428 7336
f 7334 7335 7336
f 3426 7336 3429
f 7336 3428 3429
f 3431 3429 3432
f 3429 3430 3432
f 3433 7337 7339
f 7337 3421 7338
f 7338 3434 7339
f 7337 7338 7339
f 3434 7338 7340
f 7338 3421 7330
f 7330 3420 7340
f 7338 7330 7340
f 3435 7341 7343
f 7341 3436 7342
f 7342 3437 7343
f 7341 7342 7343
f 3437 7342 7345
f 7342 3436 7344
f 7344 3438 7345
f 7342 7344 7345
f 3432 3438 7346
f 7346 3431 3432
f 3439 7347 7349
f 7347 3440 7348
f 7348 3441 7349
f 7347 7348 7349
f 3440 7347 7351
f 7347 3439 7350
f 7350 3442 7351
f 7347 7350 7351
f 3443 7352 7354
f 7352 3444 7353
f 7353 3445 7354
f 7352 7353 7354
f 3444 7352 7355
f 7352 3446 7355
f 7352 3442 7356
f 7356 3446 7352
f 3442 7352 7351
f 7352 3443 7357
f 7357 3440 7351
f 7352 7357 7351
f 3440 7358 7348
f 7358 3445 7359
f 7359 3441 7348
f 7358 7359 7348
f 3445 7358 7354
f 7358 3440 7357
f 7357 3443 7354
f 7358 7357 7354
f 3439 7360 7361
f 7360 3445 7353
f 7353 3444 7361
f 7360 7353 7361
f 3445 7360 7359
f 7360 3439 7349
f 7349 3441 7359
f 7360 7349 7359
f 3444 7362 7361
f 7362 3442 7350
f 7350 3439 7361
f 7362 7350 7361
f 3442 7362 7356
f 7362 3444 7355
f 7355 3446 7356
f 7362 7355 7356
f 3447 3448 7363
f 3448 3449 7363
f 3451 3452 3450
f 3453 3452 3451
f 3454 7364 7366
f 7364 3455 7365
f 7365 3456 7366
f 7364 7365 7366
f 3457 3458 3459
f 3458 3457 3460
f 3462 3463 3461
f 3465 3466 3464
f 3464 3467 3465
f 3465 3468 3466
f 3469 3470 3471
f 3472 7367 7368
f 3473 3474 7368
f 7367 3473 7368
f 3475 3476 3477
f 3477 3476 3478
f 3477 3478 3479
f 3480 3448 3481
f 3482 3483 3484
f 3485 3486 7369
f 3486 3487 7369
f 3488 3489 3490
f 3491 3488 7370
f 3488 3492 7370
f 3488 3491 3489
f 3491 7370 7372
f 7370 3492 7371
f 7371 3493 7372
f 7370 7371 7372
f 3494 3495 3496
f 3497 3496 3495
f 3498 3499 3500
f 3468 3501 3502
f 3468 3465 3501
f 3501 3503 3502
f 3505 3506 3504
f 3504 3507 3505
f 3508 3506 3509
f 3506 3508 3504
f 3510 7373 7375
f 7373 3511 7374
f 7374 3512 7375
f 7373 7374 7375
f 3511 7373 7377
f 7373 3510 7376
f 7376 3513 7377
f 7373 7376 7377
f 3512 7378 7380
f 7378 3514 7379
f 7379 3515 7380
f 7378 7379 7380
f 3514 7378 7381
f 7378 3512 7374
f 7374 3511 7381
f 7378 7374 7381
f 3515 7382 7384
f 7382 3516 7383
f 7383 3517 7384
f 7382 7383 7384
f 3516 7382 7385
f 7382 3515 7379
f 7379 3514 7385
f 7382 7379 7385
f 3518 3519 3520
f 3521 7386 7388
f 7386 3522 7387
f 7387 3523 7388
f 7386 7387 7388
f 3524 3525 3519
f 3454 7366 7390
f 7366 3456 7389
f 7389 3526 7390
f 7366 7389 7390
f 3526 7391 7390
f 7391 3527 7392
f 7392 3454 7390
f 7391 7392 7390
f 3527 7391 7394
f 7391 3526 7393
f 7393 3528 7394
f 7391 7393 7394
f 3529 3530 7395
f 3530 3531 7395
f 3530 3529 3532
f 3529 3533 7396
f 3533 3534 7396
f 3535 3536 3537
f 3536 3535 7397
f 7397 3538 7398
f 3536 7397 7398
f 3537 3539 3540
f 3539 3537 3536
f 3540 3541 7399
f 7399 3542 3540
f 3541 3540 3539
f 3542 3543 3544
f 3543 3542 7399
f 7399 3541 3543
f 3546 3547 3545
f 3472 7400 7402
f 7400 3548 7401
f 7401 3549 7402
f 7400 7401 7402
f 3550 3551 3552
f 3551 3550 7403
f 7403 3553 3551
f 3480 7404 3458
f 7404 3459 3458
f 3503 3554 3555
f 3554 3503 3501
f 3507 3554 3505
f 3554 3507 3555
f 3556 3557 7405
f 3557 3558 7405
f 3559 3557 3560
f 3561 7406 7408
f 7406 3558 7407
f 7407 3562 7408
f 7406 7407 7408
f 3558 7406 3563
f 7406 3561 3563
f 3564 3565 7409
f 3565 3566 7409
f 3562 3567 7408
f 3567 3561 7408
f 3568 7410 3563
f 7410 3558 3563
f 3569 7411 7413
f 7411 3571 7412
f 7412 3562 7413
f 7411 7412 7413
f 3566 7414 7409
f 7414 3569 7415
f 7415 3564 7409
f 7414 7415 7409
f 3569 7414 7417
f 7414 3566 7416
f 7416 3570 7417
f 7414 7416 7417
f 3565 3564 3559
f 3559 3564 3557
f 3572 3558 7410
f 7410 3568 3572
f 3574 3575 3573
f 3573 3576 3574
f 3575 3577 3578
f 3577 3575 3574
f 3578 3579 3580
f 3579 3578 7418
f 3578 3577 7418
f 3580 3581 3582
f 3581 3580 3579
f 3583 3584 3582
f 3582 3581 7419
f 3583 3582 7419
f 3584 7420 7421
f 3585 3586 7421
f 7420 3585 7421
f 3585 7420 7422
f 7420 3584 3583
f 7420 3583 7422
f 3586 7423 7425
f 7423 3587 7424
f 7424 3588 7425
f 7423 7424 7425
f 3587 7423 3585
f 7423 3586 3585
f 3588 3589 7426
f 3589 3590 7426
f 3589 3588 7424
f 7424 3587 3589
f 3590 3589 7427
f 3589 3591 3592
f 3589 3592 7427
f 7428 3593 3594
f 7428 3594 3592
f 3593 7428 3591
f 7428 3592 3591
f 3594 3595 3596
f 3595 3594 7429
f 3594 3593 7429
f 3596 3597 3598
f 3597 3596 3595
f 3599 3600 3524
f 3601 3602 3603
f 3603 3602 3604
f 3604 3605 3603
f 3604 3606 3605
f 3556 3607 3518
f 3608 3609 3486
f 3610 3611 3598
f 3611 3610 3612
f 3553 3613 3551
f 3614 3509 7430
f 3509 3615 7430
f 3509 3614 3508
f 3616 3615 3617
f 3615 3616 7431
f 7431 3614 7430
f 3615 7431 7430
f 3618 3617 3619
f 3617 3618 7432
f 7432 3616 3617
f 3620 3619 7433
f 3619 3621 7433
f 3619 3620 7434
f 7434 3618 3619
f 3622 3623 7435
f 3623 3624 7435
f 3623 3622 3625
f 3624 7436 7438
f 7436 3626 7437
f 7437 3627 7438
f 7436 7437 7438
f 3626 7436 3623
f 7436 3624 3623
f 3627 7439 7441
f 7439 3628 7440
f 7440 3629 7441
f 7439 7440 7441
f 3628 7439 7442
f 7439 3627 7437
f 7437 3626 7442
f 7439 7437 7442
f 3629 7443 7445
f 7443 3630 7444
f 7444 3631 7445
f 7443 7444 7445
f 3630 7443 7446
f 7443 3629 7440
f 7440 3628 7446
f 7443 7440 7446
f 3631 7447 7449
f 7447 3632 7448
f 7448 3633 7449
f 7447 7448 7449
f 3632 7447 7450
f 7447 3631 7444
f 7444 3630 7450
f 7447 7444 7450
f 3632 3634 7448
f 3634 3633 7448
f 3634 3632 7451
f 7451 3635 3634
f 3635 3637 3634
f 3637 3636 3634
f 3638 3636 3637
f 3638 3637 3639
f 3639 3640 3638
f 3640 3639 7452
f 3639 3641 7452
f 3641 3642 7452
f 3642 3640 7452
f 3642 3641 3643
f 3642 3643 3645
f 3642 3645 3644
f 3646 3647 3648
f 3647 3646 3649
f 3648 3650 7453
f 3650 3651 7453
f 3650 3648 3647
f 3651 7454 3653
f 7454 3652 3653
f 3652 7454 3650
f 7454 3651 3650
f 3654 3655 3656
f 3654 3657 3655
f 3649 3646 3656
f 3649 3656 3655
f 3658 3654 7456
f 7455 3659 7456
f 3654 7455 7456
f 3654 3658 7457
f 3654 7457 3657
f 3660 3656 3597
f 3660 3654 3656
f 3654 3660 3661
f 3656 3646 3597
f 3597 3646 3648
f 3654 3661 7455
f 3661 3659 7455
f 3659 3661 7458
f 3661 3662 7458
f 3662 3661 3663
f 3661 3664 3663
f 3661 3665 3664
f 3665 3661 3644
f 3644 3661 3642
f 3661 3640 3642
f 3640 3661 3638
f 3597 3622 3598
f 3597 3666 3622
f 3666 3597 3653
f 3597 3651 3653
f 3651 3597 7453
f 3597 3648 7453
f 3598 3622 7435
f 7435 3624 3598
f 3598 3624 7438
f 7438 3627 3598
f 3598 3627 7441
f 7441 3629 3598
f 3598 3629 7445
f 7445 3631 3598
f 3598 3631 7449
f 7449 3633 3598
f 3598 3633 3634
f 3634 3636 3598
f 3598 3636 3638
f 3598 3638 3610
f 3610 3638 3661
f 3661 3667 3610
f 3576 3650 3647
f 3576 3652 3650
f 3652 3576 7459
f 3576 3668 7459
f 3668 3576 3625
f 3625 3576 3573
f 3573 3623 3625
f 3573 3626 3623
f 3626 3573 7442
f 3573 3628 7442
f 3628 3573 7446
f 3573 3630 7446
f 3630 3573 7450
f 3573 3632 7450
f 3632 3573 7451
f 3573 3635 7451
f 3635 3573 3637
f 3637 3573 3639
f 3573 3669 3639
f 3639 3669 3670
f 3669 3671 3670
f 3657 3670 3672
f 3657 3672 3655
f 3655 3672 3576
f 3655 3576 3649
f 3649 3576 3647
f 7457 3658 3670
f 3657 7457 3670
f 3670 3658 7460
f 7460 3673 3670
f 3670 3673 3674
f 3670 3674 7461
f 7461 3675 3670
f 3670 3675 3676
f 3676 3645 3670
f 3645 3643 3670
f 3643 3641 3670
f 3670 3641 3639
f 3611 3573 3598
f 3573 3611 3677
f 3677 3678 3573
f 3573 3678 7462
f 7462 3679 3573
f 3573 3679 7463
f 7463 3680 3573
f 3680 3681 3573
f 3681 3682 3573
f 3573 3682 3683
f 3683 3684 3573
f 3684 3685 3573
f 3573 3685 3686
f 3532 3454 3687
f 3454 3532 7464
f 3532 3688 7464
f 3689 3454 7464
f 7464 3688 3689
f 3455 7364 7465
f 7364 3454 3689
f 7364 3689 7465
f 3660 3690 3661
f 3660 3691 3690
f 3691 3692 3690
f 3691 3693 3692
f 3693 3695 3692
f 3695 3694 3692
f 3695 3696 3694
f 3696 3695 3697
f 3697 3698 3696
f 3698 3697 7466
f 3697 3699 7466
f 3699 3700 7466
f 7467 3698 7466
f 3700 7467 7466
f 3700 3699 3701
f 3701 3702 7468
f 7468 3700 3701
f 3702 3701 3703
f 3704 3702 3703
f 3704 3703 3705
f 3706 3704 3705
f 3706 3705 3707
f 3707 3708 7469
f 3707 7469 3706
f 3707 3709 3708
f 3709 3710 3708
f 3710 3709 3711
f 3670 3710 3711
f 3670 3711 3672
f 3457 3459 3450
f 3573 3686 3712
f 3712 3669 3573
f 3686 3685 3713
f 3686 3713 3712
f 3685 3684 3713
f 3684 3714 3713
f 3715 7470 7471
f 7470 3684 3683
f 7470 3683 7471
f 3684 7470 3714
f 7470 3715 3714
f 3683 3682 3716
f 3716 3715 7471
f 3683 3716 7471
f 3717 3682 3681
f 3682 3717 3716
f 3447 3481 3448
f 3718 3719 3533
f 3720 3667 3661
f 3661 3721 3720
f 3721 3722 3720
f 3722 3721 3723
f 3723 3725 3722
f 3725 3724 3722
f 3726 3724 3725
f 3726 3725 7472
f 3725 3727 7472
f 3727 3728 7472
f 3728 3726 7472
f 3728 3727 3729
f 3729 3730 3728
f 3729 3731 3730
f 3690 3670 3661
f 3670 3690 3710
f 3710 3690 3692
f 3710 3692 3708
f 3692 3694 3708
f 3694 3706 7469
f 3708 3694 7469
f 3694 3696 3706
f 3706 3696 3704
f 3696 3698 3704
f 3704 3698 7473
f 7473 3702 3704
f 3702 7473 7468
f 7473 3698 7467
f 7467 3700 7468
f 7473 7467 7468
f 3470 3469 3546
f 3732 3669 3712
f 3732 3671 3669
f 3712 3734 3733
f 3712 3733 3732
f 3735 3734 3736
f 3734 3735 3733
f 3736 3738 3737
f 3736 3737 3735
f 3739 3738 3740
f 3738 3739 3737
f 3740 3742 3741
f 3741 3739 3740
f 3675 3663 7474
f 3663 3664 7474
f 3663 3675 7461
f 7461 3674 3663
f 3674 7475 3663
f 7475 3662 3663
f 3662 7475 7476
f 3674 3673 7476
f 7475 3674 7476
f 3676 3665 3644
f 3644 3645 3676
f 3741 3742 3744
f 3741 3744 3743
f 3745 3743 3746
f 3743 3744 3746
f 3747 3746 3748
f 3747 3745 3746
f 3749 3748 3750
f 3749 3747 3748
f 3720 3750 7477
f 7477 3612 3720
f 3720 3749 3750
f 3667 3612 3610
f 3612 3667 3720
f 3553 3549 3613
f 3485 7478 3603
f 7478 3601 3603
f 3752 3753 3751
f 3753 3752 3754
f 3752 3755 3754
f 3731 7479 3730
f 7479 3756 3730
f 3756 7479 3757
f 7479 3731 3757
f 3758 3756 3757
f 3758 3757 3759
f 3759 3760 3758
f 3760 3759 7480
f 3759 3761 7480
f 3761 3763 7480
f 3762 3760 7480
f 3763 3762 7480
f 3653 3668 3666
f 3668 3653 7459
f 3653 3652 7459
f 3668 3622 3666
f 3622 3668 3625
f 7477 3750 3764
f 7477 3764 3612
f 3764 3750 3748
f 3748 3765 3764
f 3765 3748 3746
f 3765 3746 3766
f 3766 3746 7481
f 3746 3744 7481
f 3766 7481 3767
f 7481 3744 3767
f 3744 3742 3767
f 3767 3742 3717
f 3717 3742 3740
f 3717 3740 3716
f 3740 3715 3716
f 3715 3740 7482
f 3740 3738 7482
f 3715 7482 3714
f 7482 3738 7483
f 7482 7483 3714
f 7483 3738 3736
f 7483 3736 3714
f 3714 3736 3713
f 3713 3736 3734
f 3713 3734 3712
f 3601 7484 3769
f 7484 3768 3769
f 7485 3602 3601
f 3769 7485 3601
f 3681 3680 3767
f 3681 3767 3717
f 3767 3680 7463
f 7463 3679 3766
f 3767 7463 3766
f 3765 3679 7486
f 7462 3678 7486
f 3679 7462 7486
f 3679 3765 3766
f 3764 3678 3677
f 3678 3764 7486
f 3764 3765 7486
f 3677 3611 3612
f 3612 3764 3677
f 3570 3560 7487
f 3560 3556 7487
f 3570 7487 7489
f 7487 3556 7488
f 7488 3571 7489
f 7487 7488 7489
f 3571 7488 3572
f 7488 3556 3572
f 3571 3572 3567
f 3549 7401 7491
f 7401 3548 7490
f 7490 3770 7491
f 7401 7490 7491
f 3763 3732 3762
f 3763 3771 3732
f 3771 7492 3732
f 7492 3671 3732
f 3671 7492 3670
f 7492 3771 3670
f 3749 3720 3722
f 3722 3747 3749
f 3722 3724 3747
f 3747 3724 3745
f 3745 3724 3726
f 3745 3726 3743
f 3743 3726 3728
f 3728 3741 3743
f 3728 3730 3741
f 3741 3730 3739
f 3730 3756 3739
f 3739 3756 3758
f 3758 3737 3739
f 3758 3760 3737
f 3737 3760 3735
f 3735 3760 3762
f 3735 3762 3733
f 3733 3762 3732
f 3753 3552 3751
f 3552 3753 3754
f 3754 3772 3552
f 3772 3754 7493
f 3754 3773 7493
f 3613 3609 3551
f 3775 3776 7494
f 3774 3775 7494
f 3777 3778 3779
f 3777 3780 3778
f 3781 3780 3777
f 3780 3781 3782
f 3783 3782 3781
f 3783 3781 7495
f 3783 7495 3784
f 3784 3785 3783
f 3785 3784 3786
f 3787 3785 3786
f 3787 3786 7496
f 3786 3788 7496
f 3788 3789 7496
f 3789 3787 7496
f 3789 3788 3790
f 3791 3789 3790
f 3791 7497 3464
f 7497 3467 3464
f 7497 3791 3790
f 7497 3790 3467
f 3792 3585 3793
f 3792 3587 3585
f 3587 3792 3589
f 3792 3591 3589
f 3591 3792 7498
f 3792 3794 7498
f 7498 3794 7499
f 7499 3593 3591
f 7498 7499 3591
f 3593 7499 7429
f 7499 3794 3595
f 7499 3595 7429
f 3595 3794 3795
f 3595 3795 3597
f 3795 3660 3597
f 3795 3796 3660
f 3660 3796 3797
f 3660 3797 3691
f 3797 3693 3691
f 3797 3798 3693
f 3693 3798 3695
f 3695 3798 3697
f 3798 3799 3697
f 3697 3799 7500
f 7500 3699 3697
f 3699 7500 3701
f 7500 3799 3701
f 3799 3800 3701
f 3701 3800 3554
f 3554 3800 7501
f 7501 3505 3554
f 3505 7501 7503
f 7501 3800 7502
f 7502 3801 7503
f 7501 7502 7503
f 7503 3801 7504
f 7504 3506 3505
f 7503 7504 3505
f 3506 7504 7505
f 7504 3801 3802
f 7504 3802 7505
f 3506 7505 3509
f 7505 3802 3509
f 3802 3803 3509
f 3509 3803 3615
f 3615 3803 3804
f 3615 3804 7506
f 7506 3617 3615
f 7506 3804 3805
f 7506 3805 3617
f 3805 3619 3617
f 3805 3806 3619
f 3619 3806 7507
f 7507 3621 3619
f 3807 3808 7509
f 7508 3809 7509
f 3808 7508 7509
f 3808 3807 3810
f 3810 3807 7510
f 7510 3811 7511
f 3810 7510 7511
f 3810 7511 3812
f 7511 3811 3812
f 3812 3811 7512
f 7512 3813 7513
f 3812 7512 7513
f 3812 7513 3814
f 7513 3813 3814
f 3814 3813 7514
f 7514 3815 3814
f 3814 3815 7515
f 3814 7515 3779
f 3779 7515 3816
f 7515 3815 3816
f 3816 3777 3779
f 3816 3817 3777
f 3777 3817 3781
f 3781 3817 3818
f 3781 3818 7495
f 7516 3784 7495
f 3818 7516 7495
f 3784 7516 3793
f 7516 3818 3793
f 3793 3786 3784
f 3793 3585 3786
f 3786 3585 7422
f 3786 7422 3583
f 3583 3788 3786
f 3788 3583 7517
f 7419 3581 7517
f 3583 7419 7517
f 3788 7517 7518
f 7517 3581 3579
f 7517 3579 7518
f 3788 7518 3577
f 7518 3579 7418
f 7518 7418 3577
f 3788 3577 3790
f 3790 3577 3574
f 3574 3576 3790
f 3790 3576 3467
f 3467 3576 3672
f 3467 3672 3465
f 3465 3672 3711
f 3465 3711 3709
f 3465 3709 3501
f 3709 3707 3501
f 3707 3705 3501
f 3705 3554 3501
f 3554 3705 3703
f 3554 3703 3701
f 3670 3721 3661
f 3721 3670 3723
f 3723 3670 3725
f 3670 3727 3725
f 3727 3670 3729
f 3670 3731 3729
f 3731 3670 3757
f 3757 3670 3759
f 3670 3761 3759
f 3761 3670 3763
f 3670 3771 3763
f 3548 7400 7520
f 7400 3472 7519
f 7519 3819 7520
f 7400 7519 7520
f 3570 3820 7489
f 3820 3571 7489
f 3820 3570 7521
f 7521 3522 3820
f 3542 3495 3540
f 3544 3497 3495
f 3495 3542 3544
f 3821 3497 3544
f 3484 3822 3482
f 3480 3823 3462
f 3824 3825 3826
f 3827 7522 7524
f 7522 3492 7523
f 7523 3513 7524
f 7522 7523 7524
f 3513 7525 7377
f 7525 3828 7526
f 7526 3511 7377
f 7525 7526 7377
f 3828 7525 7527
f 7525 3513 7523
f 7523 3492 7527
f 7525 7523 7527
f 3511 7526 7381
f 7526 3828 7528
f 7528 3514 7381
f 7526 7528 7381
f 3830 3831 3829
f 3458 3460 3832
f 3833 7529 7531
f 7529 3834 7530
f 7530 3835 7531
f 7529 7530 7531
f 3834 7529 3836
f 7529 3833 3836
f 3834 3836 3837
f 3837 3836 3838
f 3838 3839 3837
f 3839 3838 3840
f 3839 3840 3841
f 3841 3840 3778
f 3778 3842 3841
f 3778 3780 3842
f 3842 3780 3843
f 3843 3780 3782
f 3843 3782 3844
f 3844 3782 3783
f 3844 3783 3845
f 3783 3785 7532
f 3845 3783 7532
f 7532 3785 3846
f 7532 3846 3845
f 3846 3785 3787
f 3846 3787 3847
f 3787 3789 3847
f 3789 3848 3847
f 3848 3789 3791
f 3791 3849 3848
f 3849 3791 3464
f 3849 3464 3850
f 3464 3466 3850
f 3850 3466 3851
f 3466 3468 3851
f 3851 3468 3852
f 3852 3468 3502
f 3502 3853 3852
f 3502 3503 3853
f 3853 3503 3854
f 3854 3503 3555
f 3555 3855 7533
f 3854 3555 7533
f 3855 3555 7534
f 3555 3507 7534
f 3855 7534 7536
f 7534 3507 7535
f 7535 3856 7536
f 7534 7535 7536
f 3856 7535 3504
f 7535 3507 3504
f 3856 3504 3857
f 3857 3504 3508
f 3508 3858 3857
f 3858 3508 7537
f 3508 3614 7537
f 3858 7537 7539
f 7537 3614 7538
f 7538 3859 7539
f 7537 7538 7539
f 7538 3614 7431
f 7431 3616 3859
f 7538 7431 3859
f 3859 3616 3860
f 3860 3616 7432
f 7432 3618 3860
f 3860 3618 3861
f 3861 3618 7434
f 7434 3620 3861
f 3862 7540 7542
f 7540 3863 7541
f 7541 3864 7542
f 7540 7541 7542
f 3862 7542 7544
f 7542 3864 7543
f 7543 3865 7544
f 7542 7543 7544
f 3862 7544 7546
f 7544 3865 7545
f 7545 3866 7546
f 7544 7545 7546
f 3867 3868 3550
f 3868 3867 3869
f 3843 3817 3816
f 3816 3842 3843
f 3842 3816 3841
f 3816 3815 3841
f 3813 7547 7514
f 3841 3815 7514
f 7547 3841 7514
f 7547 3813 7548
f 7548 3839 3841
f 7547 7548 3841
f 3811 3839 7512
f 7548 3813 7512
f 3839 7548 7512
f 3839 3811 3837
f 3807 3837 7510
f 3837 3811 7510
f 3837 3807 7549
f 7549 3834 3837
f 3809 7550 7509
f 7550 3834 7549
f 7549 3807 7509
f 7550 7549 7509
f 3834 7550 7530
f 7550 3809 3835
f 7550 3835 7530
f 3808 7551 7508
f 3835 3809 7508
f 7551 3835 7508
f 3835 7551 7531
f 7551 3808 3833
f 7551 3833 7531
f 3810 3833 3808
f 3833 3810 3836
f 3836 3810 3812
f 3836 3812 3838
f 3838 3812 3814
f 3814 3840 3838
f 3779 3840 3814
f 3840 3779 3778
f 3459 7552 3450
f 7552 3481 3450
f 3719 3870 7553
f 3870 3871 7553
f 3719 7554 3870
f 7554 3872 3870
f 3872 7554 3488
f 7554 3719 3488
f 3488 3490 3872
f 3514 7528 7385
f 7528 3828 7555
f 7555 3516 7385
f 7528 7555 7385
f 3516 7555 7557
f 7555 3828 7556
f 7556 3873 7557
f 7555 7556 7557
f 3873 3533 7558
f 3533 3874 7558
f 3533 3873 7556
f 7556 3828 3533
f 3600 3599 3823
f 3718 3545 3875
f 3824 7559 7560
f 7559 3454 7392
f 7392 3527 7560
f 7559 7392 7560
f 3876 7561 3687
f 7561 3877 7562
f 7561 7562 3687
f 3877 7561 7564
f 7561 3876 7563
f 7563 3517 7564
f 7561 7563 7564
f 3878 7565 7566
f 7565 3687 7562
f 7562 3877 7566
f 7565 7562 7566
f 3687 7565 3530
f 7565 3878 3530
f 7567 3879 3821
f 7567 3821 3544
f 3879 7567 3543
f 7567 3544 3543
f 3821 3879 3880
f 3881 3821 3880
f 3881 3880 3882
f 3882 3883 3881
f 3458 7568 7569
f 7568 3600 3823
f 7568 3823 7569
f 3471 3470 3830
f 3884 7570 7571
f 3689 3885 7571
f 7570 3689 7571
f 3689 7570 7465
f 7570 3884 7572
f 7572 3455 7465
f 7570 7572 7465
f 3884 7573 7572
f 7573 3456 7365
f 7365 3455 7572
f 7573 7365 7572
f 3456 7573 7575
f 7573 3884 7574
f 7574 3886 7575
f 7573 7574 7575
f 3886 7576 7575
f 7576 3526 7389
f 7389 3456 7575
f 7576 7389 7575
f 3526 7576 7578
f 7576 3886 7577
f 7577 3887 7578
f 7576 7577 7578
f 3448 3480 3462
f 3769 7579 7485
f 3888 3602 7485
f 7579 3888 7485
f 3602 3888 3604
f 7580 3474 3473
f 7580 3473 3889
f 3474 7580 7581
f 3889 3890 7581
f 7580 3889 7581
f 3549 7582 7402
f 7582 3473 7367
f 7367 3472 7402
f 7582 7367 7402
f 3891 3892 3893
f 3892 3891 3894
f 3894 3891 3895
f 3894 3895 7583
f 3895 3896 7583
f 3897 3896 3895
f 3895 3898 3897
f 3898 3899 3897
f 3899 3898 3900
f 3828 7584 3533
f 7584 3901 3533
f 3457 3452 3902
f 3453 3902 3452
f 3822 3484 7585
f 3484 3469 7585
f 3485 7586 7478
f 7586 3768 7484
f 7484 3601 7478
f 7586 7484 7478
f 3903 3831 3904
f 3447 7363 3902
f 7363 3449 3902
f 3830 3829 3905
f 3494 3905 3829
f 3905 3494 7587
f 7587 3906 3905
f 3888 3479 3907
f 3888 3477 3479
f 3565 3773 3754
f 3754 3755 3559
f 3556 3755 7588
f 3755 3908 7588
f 3572 3908 7589
f 7589 3866 3572
f 3568 7590 7591
f 7590 3866 7545
f 7545 3865 7591
f 7590 7545 7591
f 3563 3865 7592
f 7592 3909 3563
f 3561 7593 3910
f 7593 3909 3910
f 3910 3909 3911
f 3911 3909 3912
f 3912 3913 3911
f 3869 3915 3914
f 3915 3869 7594
f 3869 3773 7594
f 3915 7594 7595
f 7594 3773 3565
f 3565 3916 7595
f 7594 3565 7595
f 3916 7596 7598
f 7596 3566 7597
f 7597 3917 7598
f 7596 7597 7598
f 3917 7599 7601
f 7599 3570 7600
f 7600 3918 7601
f 7599 7600 7601
f 3918 3567 7602
f 3567 3919 7602
f 3919 7603 3910
f 7603 3561 3910
f 3606 3604 3920
f 3461 3524 7604
f 3524 3600 7604
f 3461 3525 3524
f 3858 3804 7605
f 3804 3803 7605
f 3804 3858 7539
f 3804 7539 3859
f 3857 3803 3802
f 3803 3857 7605
f 3857 3858 7605
f 3856 3802 7606
f 3802 3801 7606
f 3802 3856 3857
f 3855 7607 7608
f 7607 3801 7502
f 7502 3800 7608
f 7607 7502 7608
f 3801 7607 7606
f 7607 3855 7536
f 7536 3856 7606
f 7607 7536 7606
f 3855 3799 7533
f 7609 3854 7533
f 3799 7609 7533
f 3799 3855 7608
f 7608 3800 3799
f 3798 3853 3854
f 7609 3799 3798
f 3854 7609 3798
f 3853 3797 3852
f 3797 3853 3798
f 3852 3797 3851
f 3851 3796 3850
f 3796 3851 3797
f 3796 3849 3850
f 3849 3796 3795
f 3848 3849 3795
f 3847 3848 3795
f 3795 3794 3847
f 3794 3846 3847
f 3846 3794 3792
f 3845 3846 3792
f 3792 3793 3845
f 3793 3844 3845
f 3793 3818 3844
f 3817 3844 3818
f 3844 3817 3843
f 3874 3533 3531
f 3531 3533 7395
f 3533 3529 7395
f 3903 3896 3897
f 3903 3897 3899
f 3903 3899 3921
f 3831 3903 3921
f 3831 3921 3922
f 3923 3497 7610
f 7610 3883 3923
f 3923 3903 7611
f 7611 3497 3923
f 3903 3923 3892
f 3903 3892 7612
f 3892 3894 7612
f 3896 3903 7612
f 7612 3894 7583
f 3896 7612 7583
f 3607 3556 3572
f 3572 3924 3607
f 3484 3483 3925
f 3926 3599 3524
f 3463 3927 7613
f 3927 3928 7613
f 3927 3463 3823
f 3770 3613 7491
f 3613 3549 7491
f 3825 3450 3481
f 3930 3931 3932
f 3931 3929 3932
f 3929 3933 3934
f 3933 3929 3931
f 3935 3936 3934
f 3934 3933 3935
f 3469 3925 3547
f 3925 3469 3484
f 3482 3822 3500
f 3863 3603 3605
f 3609 3487 3486
f 3824 7560 3937
f 7560 3527 3937
f 3832 3460 3462
f 3527 7394 3938
f 7394 3528 3938
f 3527 3938 7614
f 3938 3939 7614
f 3527 7614 3940
f 7614 3939 3940
f 3495 3941 3942
f 3535 3495 3942
f 3495 3535 3537
f 3540 3495 3537
f 3447 3902 3826
f 3943 3479 3478
f 3478 3944 3943
f 3944 3919 3943
f 3916 3945 7595
f 3945 3915 7595
f 3945 3916 7615
f 7615 3946 3945
f 3945 3946 7616
f 7616 3890 3945
f 3499 3498 3546
f 3947 7617 7619
f 7617 3819 7618
f 7618 3948 7619
f 7617 7618 7619
f 7620 3566 3565
f 3949 7620 3565
f 3606 7621 3605
f 7621 3950 3605
f 3950 7621 7623
f 7621 3606 7622
f 7622 3909 7623
f 7621 7622 7623
f 3909 7622 7625
f 7622 3606 7624
f 7624 3951 7625
f 7622 7624 7625
f 3909 7625 3912
f 7625 3951 3912
f 3868 3869 3914
f 3914 3889 3868
f 3914 3952 3889
f 3832 3600 7568
f 7568 3458 3832
f 3494 3829 3495
f 3953 3935 3954
f 3953 3936 3935
f 3953 3954 7626
f 7626 3955 3941
f 3953 7626 3941
f 3956 3942 3941
f 3941 3955 3956
f 3942 3538 7397
f 7397 3535 3942
f 3942 3956 3538
f 3957 3937 7627
f 3937 3958 7627
f 3959 3937 7628
f 3937 3957 7628
f 3545 7629 3482
f 7629 3901 3482
f 3959 7630 7631
f 7630 3960 3961
f 7630 3961 7631
f 3960 7630 7633
f 7630 3959 7632
f 7632 3962 7633
f 7630 7632 7633
f 3961 3827 7634
f 7634 3963 3961
f 3827 3961 7635
f 3961 3960 7635
f 3963 7636 7637
f 7636 3513 7376
f 7376 3510 7637
f 7636 7376 7637
f 3513 7636 7524
f 7636 3963 7634
f 7634 3827 7524
f 7636 7634 7524
f 3964 7638 7640
f 7638 3768 7639
f 7639 3819 7640
f 7638 7639 7640
f 3947 7641 7617
f 7641 3964 7640
f 7640 3819 7617
f 7641 7640 7617
f 3964 7641 3475
f 7641 3947 3475
f 3548 7520 7642
f 7520 3819 7639
f 7639 3768 7642
f 7520 7639 7642
f 3948 7618 7643
f 7618 3819 7519
f 7519 3472 7643
f 7618 7519 7643
f 3823 3463 3462
f 3496 3965 7644
f 7644 3966 3496
f 3903 3496 7611
f 3496 3497 7611
f 3496 3903 3904
f 3545 3499 3546
f 3451 3876 3687
f 3451 3687 3453
f 3449 3457 3902
f 3875 3925 7645
f 7645 3967 3875
f 3483 7646 3925
f 7646 3967 7645
f 7646 7645 3925
f 7647 3491 7648
f 7648 3958 3968
f 7647 7648 3968
f 3491 7647 3489
f 7647 3968 3489
f 3957 7649 7650
f 7649 3491 7372
f 7372 3493 7650
f 7649 7372 7650
f 3491 7649 7648
f 7649 3957 7627
f 7627 3958 7648
f 7649 7627 7648
f 3959 7651 7632
f 7651 3493 7652
f 7652 3962 7632
f 7651 7652 7632
f 3493 7651 7650
f 7651 3959 7628
f 7628 3957 7650
f 7651 7628 7650
f 3673 7653 7476
f 7653 3659 7458
f 7458 3662 7476
f 7653 7458 7476
f 3659 7653 7456
f 7653 3673 7460
f 7460 3658 7456
f 7653 7460 7456
f 3823 3599 3927
f 3967 7646 7655
f 7646 3483 7654
f 7654 3901 7655
f 7646 7654 7655
f 3474 7656 7368
f 7656 3948 7643
f 7643 3472 7368
f 7656 7643 7368
f 3948 7656 7658
f 7656 3474 7657
f 7657 3969 7658
f 7656 7657 7658
f 3474 7659 7657
f 7659 3970 7660
f 7660 3969 7657
f 7659 7660 7657
f 3970 7659 7661
f 7659 3474 7581
f 7581 3890 7661
f 7659 7581 7661
f 3485 7662 3486
f 7662 3971 3486
f 3461 3928 3525
f 3928 3461 7613
f 3461 3463 7613
f 3600 3832 7604
f 3832 3461 7604
f 3461 3832 3462
f 3460 7663 3448
f 7663 3449 3448
f 3972 3568 3563
f 3563 3973 3972
f 3523 7664 7665
f 7664 3570 7416
f 7416 3566 7665
f 7664 7416 7665
f 3570 7664 7521
f 7664 3523 7387
f 7387 3522 7521
f 7664 7387 7521
f 3974 3975 7666
f 7666 3976 3974
f 3974 3976 7667
f 7667 3917 7668
f 3974 7667 7668
f 7668 3917 7601
f 7601 3918 3974
f 7668 7601 3974
f 7669 3951 7624
f 7624 3606 3920
f 7669 7624 3920
f 3951 7669 3912
f 7669 3920 7670
f 7669 7670 3912
f 7670 3920 7671
f 7671 3913 3912
f 7670 7671 3912
f 3913 7671 3977
f 7671 3920 3977
f 3774 3927 3926
f 3545 3547 3875
f 3830 3905 3471
f 3551 3751 3552
f 3520 3519 3949
f 3480 3481 7404
f 7552 3459 7404
f 3481 7552 7404
f 3462 3460 3448
f 3904 3978 7672
f 7672 3965 7673
f 3904 7672 7673
f 3825 3824 3937
f 3534 3533 7674
f 3533 3885 7674
f 3885 3533 7571
f 3533 3884 7571
f 3533 3886 7574
f 7574 3884 3533
f 3886 3533 7675
f 3533 3719 7675
f 3719 3718 3875
f 3547 3546 3469
f 3822 7676 3500
f 7676 3906 3500
f 3966 7677 7678
f 3500 3906 7678
f 7677 3500 7678
f 3499 3482 3500
f 3482 3901 7654
f 7654 3483 3482
f 3979 3751 7679
f 3751 3608 7679
f 3751 3979 3752
f 3752 3979 3755
f 3966 3498 7677
f 3498 3500 7677
f 3498 3966 7644
f 3498 7644 3965
f 7569 3823 3480
f 3458 7569 3480
f 7680 3901 7629
f 7629 3545 3718
f 7680 7629 3718
f 3607 3980 3518
f 3868 3553 7403
f 7403 3550 3868
f 3940 3939 3870
f 3940 3870 3872
f 3872 3981 3940
f 3981 3872 3490
f 3490 3968 3981
f 3968 3490 3489
f 3718 3533 7680
f 3533 3901 7680
f 3971 7681 3486
f 7681 3982 3486
f 3982 7681 7683
f 7681 3971 7682
f 7682 3863 7683
f 7681 7682 7683
f 3893 3983 3882
f 3882 3891 3893
f 3891 3882 3880
f 3891 3880 3895
f 3880 3879 3895
f 3895 3879 3898
f 3898 3879 3543
f 3898 3543 3900
f 3900 3543 3539
f 3543 3541 3539
f 3539 3984 3900
f 3984 3539 3985
f 3539 3536 3985
f 3985 3536 7398
f 7398 3538 3986
f 3985 7398 3986
f 3538 3956 3986
f 3986 3956 3931
f 3931 3930 3986
f 3956 3955 3931
f 3931 3955 3935
f 3935 3955 7626
f 7626 3954 3935
f 3935 3933 3931
f 3987 7684 7686
f 7684 3975 7685
f 7685 3970 7686
f 7684 7685 7686
f 3975 7684 7666
f 7684 3987 7687
f 7687 3976 7666
f 7684 7687 7666
f 3976 7687 7667
f 7687 3987 7688
f 7688 3917 7667
f 7687 7688 7667
f 3978 3498 7672
f 3498 3965 7672
f 3978 7689 3498
f 7689 3470 3498
f 3470 7689 3830
f 7689 3978 3830
f 3473 7582 7690
f 7582 3549 3553
f 7582 3553 7690
f 3563 3561 3973
f 3927 3599 3926
f 3451 3450 3825
f 3861 3621 7507
f 7507 3806 3861
f 3621 3861 7433
f 3861 3620 7433
f 3860 3806 3805
f 3806 3860 3861
f 3805 3804 3859
f 3805 3859 3860
f 3993 7691 7693
f 7691 3988 7692
f 7692 3994 7693
f 7691 7692 7693
f 3995 7694 7696
f 7694 3996 7695
f 7695 3997 7696
f 7694 7695 7696
f 3997 7697 7699
f 7697 3998 7698
f 7698 3999 7699
f 7697 7698 7699
f 3989 4000 3991
f 3989 4001 4000
f 4001 7700 7701
f 7700 4002 4003
f 7700 4003 7701
f 4003 4002 3992
f 3992 3993 4003
f 4004 7702 4006
f 7702 4005 4006
f 4004 4006 4007
f 4006 4000 4007
f 4000 4008 4007
f 4000 4001 4008
f 4009 4010 3991
f 3991 4010 4011
f 4011 3989 3991
f 4008 4001 4012
f 4009 4013 4010
f 4001 7701 4012
f 7701 4003 4012
f 4014 4003 7703
f 4003 3993 7703
f 7692 3988 3990
f 3994 7692 3990
f 4000 4015 3991
f 3988 7704 3989
f 7704 4002 7705
f 7704 7705 3989
f 4002 7704 3992
f 7704 3988 3992
f 3993 7706 7703
f 7706 3995 7707
f 7707 4014 7703
f 7706 7707 7703
f 3989 4016 7705
f 4016 4002 7705
f 3989 4011 4016
f 4009 4017 7708
f 7708 4013 4009
f 4006 4015 4000
f 4011 4017 4018
f 4017 4011 7709
f 4011 4010 7709
f 4017 7709 7708
f 4010 4013 7708
f 7709 4010 7708
f 4018 3988 3992
f 3988 4018 3990
f 4018 4017 3990
f 3996 7694 7695
f 7694 3995 7696
f 7696 3997 7695
f 7694 7696 7695
f 3998 7697 7698
f 7697 3997 7699
f 7699 3999 7698
f 7697 7699 7698
f 4009 4012 4003
f 4003 4019 4009
f 4003 4014 4019
f 3990 4014 3994
f 4005 7702 4007
f 7702 4004 4007
f 4015 4007 4008
f 4015 4008 4012
f 4015 4012 3991
f 3991 4012 4009
f 3990 4019 3992
f 4016 4011 4018
f 4019 4017 4009
f 3991 4019 3990
f 4018 3992 4016
f 3863 7682 3603
f 7682 3971 3603
f 3973 3561 7710
f 3973 7710 3775
f 3486 3982 7711
f 7711 3608 3486
f 3545 3482 3499
f 3829 3929 3934
f 3936 3829 3934
f 3953 3495 3829
f 3829 3936 3953
f 3495 3953 3941
f 3719 7712 7675
f 7712 3887 7577
f 7577 3886 7675
f 7712 7577 7675
f 3719 7713 7712
f 7713 4020 7714
f 7714 3887 7712
f 7713 7714 7712
f 3719 7553 7713
f 7553 3871 7715
f 7715 4020 7713
f 7553 7715 7713
f 3937 3959 7631
f 7631 3961 3937
f 3937 3963 7716
f 7716 3876 3937
f 3963 3937 3961
f 3510 7717 7637
f 7717 3876 7716
f 7716 3963 7637
f 7717 7716 7637
f 3772 3550 3552
f 3550 3772 7718
f 7493 3773 7718
f 3772 7493 7718
f 7718 3773 3867
f 7718 3867 3550
f 3867 3773 3869
f 3605 3864 7541
f 7541 3863 3605
f 3864 3605 7543
f 3605 3865 7543
f 3865 3605 7719
f 3605 3950 7719
f 3865 7719 7592
f 7719 3950 7623
f 7623 3909 7592
f 7719 7623 7592
f 3525 3521 7720
f 3519 3525 7720
f 3965 3496 7673
f 3496 3904 7673
f 3471 3905 7721
f 7721 3822 3471
f 3906 7676 3905
f 7676 3822 7721
f 7676 7721 3905
f 3453 3454 7559
f 7559 3824 3453
f 3517 7722 7564
f 7722 3873 7723
f 7723 3877 7564
f 7722 7723 7564
f 3873 7722 7557
f 7722 3517 7383
f 7383 3516 7557
f 7722 7383 7557
f 3877 7724 7566
f 7724 3874 7725
f 7725 3878 7566
f 7724 7725 7566
f 3874 7724 7558
f 7724 3877 7723
f 7723 3873 7558
f 7724 7723 7558
f 3878 3531 3530
f 3531 3878 7725
f 7725 3874 3531
f 3524 3980 7726
f 7726 3926 3524
f 3980 3524 7727
f 3524 3519 7727
f 3977 3920 3907
f 3977 3907 3911
f 3907 4021 3911
f 3911 3913 3977
f 3557 3564 7415
f 7415 3569 3557
f 3557 3569 7728
f 7728 3558 3557
f 3558 7728 7407
f 7728 3569 7413
f 7413 3562 7407
f 7728 7413 7407
f 3881 3497 3821
f 3883 7610 3881
f 7610 3497 3881
f 3983 3923 3882
f 3923 3883 3882
f 3983 3892 3923
f 3983 3893 3892
f 7729 4022 3831
f 3922 7729 3831
f 3831 4022 3932
f 3831 3929 3829
f 3929 3831 3932
f 3825 3937 3451
f 3937 3876 3451
f 3875 3967 3488
f 3488 3967 7730
f 7730 3492 3488
f 3452 3457 3450
f 3512 7731 7375
f 7731 3876 7717
f 7717 3510 7375
f 7731 7717 7375
f 3515 7732 7380
f 7732 3876 7731
f 7731 3512 7380
f 7732 7731 7380
f 3517 7563 7384
f 7563 3876 7732
f 7732 3515 7384
f 7563 7732 7384
f 3488 3719 3875
f 3973 3775 3774
f 3609 3608 3751
f 3915 7733 3914
f 7733 3952 3914
f 3952 7733 3945
f 7733 3915 3945
f 3952 3945 3889
f 3945 3890 3889
f 3478 3975 3974
f 3974 4023 3478
f 4023 3974 7734
f 3974 3918 7734
f 3946 7735 7616
f 7735 3970 7661
f 7661 3890 7616
f 7735 7661 7616
f 3970 7735 7686
f 7735 3946 7736
f 7736 3987 7686
f 7735 7736 7686
f 3987 7736 7737
f 7736 3946 7615
f 7615 3916 7737
f 7736 7615 7737
f 3987 7737 7688
f 7737 3916 7598
f 7598 3917 7688
f 7737 7598 7688
f 3937 3527 3940
f 3940 3981 3937
f 3968 3937 3981
f 3958 3937 3968
f 3492 7730 7738
f 7730 3967 7655
f 7655 3901 7738
f 7730 7655 7738
f 3481 3447 3826
f 3481 3826 3825
f 3547 3925 3875
f 3519 7739 3949
f 7739 3523 3949
f 3523 7739 7388
f 7739 3519 7720
f 7720 3521 7388
f 7739 7720 7388
f 3603 3971 7662
f 7662 3485 3603
f 3921 3899 3900
f 3900 3984 3921
f 3984 3922 3921
f 3922 3984 3985
f 3985 4022 7729
f 3985 7729 3922
f 4022 3985 3986
f 3932 4022 3986
f 3986 3930 3932
f 3521 3928 3927
f 3496 3906 7587
f 7587 3494 3496
f 3906 3496 7678
f 3496 3966 7678
f 3868 3473 7690
f 7690 3553 3868
f 3473 3868 3889
f 3454 3453 3687
f 3687 3530 3532
f 3534 3532 7396
f 3532 3529 7396
f 3532 3534 7740
f 7740 3688 3532
f 3885 7741 7674
f 7741 3688 7740
f 7740 3534 7674
f 7741 7740 7674
f 3688 7741 3689
f 7741 3885 3689
f 3609 3751 3551
f 3969 7660 7742
f 7660 3970 7685
f 7685 3975 7742
f 7660 7685 7742
f 3453 3826 3902
f 3453 3824 3826
f 3493 7371 7652
f 7371 3492 7743
f 7743 3962 7652
f 7371 7743 7652
f 3492 7744 7743
f 7744 3960 7633
f 7633 3962 7743
f 7744 7633 7743
f 3960 7744 7635
f 7744 3492 7522
f 7522 3827 7635
f 7744 7522 7635
f 3567 3775 7710
f 7710 3561 3567
f 3567 3776 3775
f 3887 7745 7578
f 7745 3528 7393
f 7393 3526 7578
f 7745 7393 7578
f 3528 7745 7746
f 7745 3887 7714
f 7714 4020 7746
f 7745 7714 7746
f 4020 3938 7746
f 3938 3528 7746
f 3938 4020 7715
f 3938 7715 3871
f 7747 3939 3938
f 7747 3938 3871
f 3939 7747 3870
f 7747 3871 3870
f 3973 3774 3972
f 3972 3980 7748
f 7748 3924 3972
f 3924 7748 3607
f 7748 3980 3607
f 7726 3980 3774
f 7726 3774 3926
f 3980 3972 3774
f 3498 3470 3546
f 3774 3521 3927
f 3492 7738 7527
f 7738 3901 7584
f 7584 3828 7527
f 7738 7584 7527
f 3862 7749 7540
f 7749 3982 7683
f 7683 3863 7540
f 7749 7683 7540
f 3982 7749 7751
f 7749 3862 7750
f 7750 4024 7751
f 7749 7750 7751
f 4024 7750 7752
f 7750 3862 7546
f 7546 3866 7752
f 7750 7546 7752
f 4024 7752 7753
f 7752 3866 7589
f 7589 3908 7753
f 7752 7589 7753
f 3485 7369 7755
f 7369 3487 7754
f 7754 3770 7755
f 7369 7754 7755
f 4021 3910 3911
f 3910 4021 4025
f 4025 4021 3907
f 3907 3479 4025
f 3559 3520 3949
f 3949 3565 3559
f 4025 3919 3910
f 3919 4025 3943
f 4025 3479 3943
f 3947 7619 7756
f 7619 3948 7658
f 7658 3969 7756
f 7619 7658 7756
f 3969 7742 7756
f 7742 3975 7757
f 7757 3947 7756
f 7742 7757 7756
f 3523 7665 3949
f 7665 3566 7620
f 7665 7620 3949
f 3830 3978 3904
f 3830 3904 3831
f 3487 3609 3613
f 3770 7754 3613
f 7754 3487 3613
f 3520 3559 3560
f 3982 7758 7711
f 7758 4026 7759
f 7759 3608 7711
f 7758 7759 7711
f 4026 7758 7760
f 7758 3982 7751
f 7751 4024 7760
f 7758 7751 7760
f 4026 7760 7761
f 7760 4024 7753
f 7753 3908 7761
f 7760 7753 7761
f 3519 3518 7727
f 3518 3980 7727
f 3947 7762 3475
f 7762 3476 3475
f 3947 3478 7762
f 3478 3476 7762
f 3478 3947 7757
f 7757 3975 3478
f 3608 7759 7679
f 7759 4026 7763
f 7763 3979 7679
f 7759 7763 7679
f 3979 7763 3755
f 7763 4026 7764
f 7763 7764 3755
f 7764 4026 7761
f 7761 3908 3755
f 7764 7761 3755
f 3768 7638 3769
f 7638 3964 3769
f 3769 3964 3475
f 3769 3475 7579
f 3475 3888 7579
f 3475 3477 3888
f 3768 7765 7642
f 7765 3770 7490
f 7490 3548 7642
f 7765 7490 7642
f 3521 3820 7386
f 3820 3522 7386
f 3521 7766 3820
f 7766 3776 3820
f 3776 7766 7494
f 7766 3521 3774
f 7766 3774 7494
f 3588 7767 7425
f 7767 3584 7421
f 7421 3586 7425
f 7767 7421 7425
f 3584 7767 7768
f 7767 3588 7426
f 7426 3590 7768
f 7767 7426 7768
f 3584 7768 3582
f 7768 3590 3582
f 3582 3590 7427
f 7427 3592 3582
f 3582 3592 3580
f 3580 3592 3594
f 3580 3594 3578
f 3578 3594 3596
f 3596 3575 3578
f 3575 3596 3598
f 3575 3598 3573
f 3560 3518 3520
f 3485 7755 7586
f 7755 3770 7765
f 7765 3768 7586
f 7755 7765 7586
f 3664 3665 3676
f 3664 3676 7474
f 3676 3675 7474
f 3907 3920 3604
f 3907 3604 3888
f 3478 4023 3944
f 3944 4023 7769
f 7769 3919 3944
f 3919 7769 7602
f 7769 4023 7734
f 7734 3918 7602
f 7769 7734 7602
f 3521 3525 3928
f 3567 3571 3820
f 3820 3776 3567
f 3572 3568 3972
f 3972 3924 3572
f 3556 3518 3560
f 3449 7663 3457
f 7663 3460 3457
f 3469 3471 7585
f 3471 3822 7585
f 4028 4029 4027
f 4030 4031 7770
f 4031 4032 7770
f 4033 4034 4035
f 4036 4037 4038
f 4037 4036 4039
f 4041 4042 4040
f 4043 4044 7771
f 4044 4045 7771
f 4044 4043 4046
f 4045 4044 7772
f 4044 4047 7772
f 4049 4050 4048
f 4052 4053 4051
f 4054 7773 7775
f 7773 4055 7774
f 7774 4056 7775
f 7773 7774 7775
f 4053 4052 7777
f 7776 4057 7777
f 4052 7776 7777
f 4058 4059 4060
f 4058 4061 4062
f 4063 4028 4064
f 4066 4067 4065
f 4069 4070 4068
f 4071 4072 7778
f 7778 4073 4071
f 4074 4071 4075
f 4074 4072 4071
f 4074 4075 7779
f 4075 4076 7779
f 4077 4078 4079
f 4079 4078 4080
f 4081 4082 4083
f 4047 7780 4085
f 7780 4084 4085
f 7780 4047 4044
f 7780 4044 4084
f 4085 4084 4086
f 4087 4088 4089
f 4088 4087 7781
f 4087 4090 7781
f 4091 4087 7782
f 4089 4092 7782
f 4087 4089 7782
f 4093 4094 7783
f 4093 7783 4095
f 4093 4096 4094
f 4095 4097 4098
f 4097 4095 7783
f 7783 4094 4097
f 4099 4100 4098
f 4099 4098 4097
f 4102 4103 4101
f 4105 4106 4104
f 4107 4108 4102
f 4033 4035 4109
f 4109 4110 4033
f 4109 4111 4110
f 4113 4114 4112
f 4113 4112 7784
f 4112 4115 7784
f 4112 4116 4117
f 4118 4119 4120
f 4119 4118 4121
f 4120 4122 4123
f 4120 4119 4122
f 4123 4124 4125
f 4124 4123 4122
f 4125 4126 4127
f 4125 4124 4126
f 4129 4130 4128
f 4131 4132 4133
f 4132 4131 4134
f 4063 4038 4037
f 4086 4135 4136
f 4086 4084 4135
f 4090 4135 7781
f 4135 4088 7781
f 4135 4090 7785
f 7785 4136 4135
f 4137 4138 7786
f 7786 4139 4137
f 4140 4138 4141
f 4142 4139 4143
f 4139 4142 4144
f 4145 4146 7787
f 4146 4147 7787
f 4143 4148 4142
f 4149 7788 4144
f 7788 4139 4144
f 4150 4152 7790
f 7789 4143 7790
f 4152 7789 7790
f 4147 7791 7787
f 7791 4150 7792
f 7792 4145 7787
f 7791 7792 7787
f 4150 7791 4151
f 7791 4147 4151
f 4146 4145 4140
f 4140 4145 4138
f 4153 4139 7788
f 7788 4149 4153
f 4154 4155 4156
f 4154 4157 4155
f 4158 4159 4156
f 4156 4155 4158
f 4160 4161 4159
f 4160 4159 4158
f 7793 4163 4161
f 4162 7793 7794
f 7793 4161 4160
f 7793 4160 7794
f 4165 4163 7793
f 7793 4162 4164
f 4165 7793 4164
f 4166 4167 4165
f 4165 4164 4166
f 4168 4169 4166
f 4169 4167 4166
f 4169 4170 4171
f 4170 4169 4168
f 4172 4173 4171
f 4171 4170 4172
f 4174 4175 7795
f 4173 4174 7795
f 4173 4172 4174
f 4175 4176 4177
f 4176 4175 4174
f 4177 4178 4179
f 4178 4177 4176
f 4180 4181 4107
f 4182 4183 7796
f 4183 4184 7796
f 4183 4182 7797
f 7797 4185 4183
f 4186 4184 4183
f 4183 4187 4186
f 4137 7798 4101
f 7798 4188 4101
f 4189 4190 4069
f 4191 4192 4179
f 4191 4193 4192
f 4092 4195 7782
f 4195 4194 7799
f 7799 4091 7782
f 4195 7799 7782
f 4196 4195 4197
f 4196 4194 4195
f 4197 4199 7800
f 7800 4198 4196
f 7800 4196 4197
f 4199 4201 7800
f 4200 4198 7800
f 4201 4200 7800
f 4202 4203 4204
f 4203 4202 4205
f 4204 4206 4207
f 4204 4203 4206
f 4207 4208 4209
f 4208 4207 7801
f 4207 4206 7801
f 4210 4211 7802
f 4209 4208 7802
f 4211 4209 7802
f 4212 4213 4211
f 4211 4210 4212
f 4212 4214 7803
f 7803 4213 4212
f 4214 4212 4215
f 7804 4216 7805
f 7805 4214 4215
f 7804 7805 4215
f 4216 7804 7806
f 4215 4217 7806
f 7804 4215 7806
f 4217 4218 7806
f 4218 4216 7806
f 4218 4217 7807
f 7807 4219 7808
f 4218 7807 7808
f 4220 4218 7808
f 7808 4219 7809
f 7809 4221 4220
f 7808 7809 4220
f 4221 4222 4220
f 4221 4223 4222
f 4223 4224 4222
f 4224 4223 7810
f 4223 4225 7810
f 4227 4228 4229
f 4228 4226 4229
f 4228 4230 7811
f 7811 4231 4228
f 4230 4228 7812
f 4228 4227 7812
f 4231 7811 4233
f 7811 4232 4233
f 7811 4230 4232
f 4234 7813 7814
f 7813 4235 4236
f 7813 4236 7814
f 4235 7813 7816
f 7813 4234 7815
f 7815 4237 7816
f 7813 7815 7816
f 4236 4229 7817
f 4229 4226 7817
f 4236 4235 4229
f 4238 4234 4239
f 4234 4238 7815
f 4238 4237 7815
f 4240 4236 4178
f 4236 4240 7814
f 4240 4234 7814
f 4234 4240 4241
f 4178 4236 7817
f 7817 4226 4178
f 4178 4226 4228
f 4234 4241 4239
f 4239 4241 4242
f 4241 4243 7818
f 4242 4241 7818
f 4243 4241 7819
f 4241 4244 7819
f 4244 4241 4245
f 4241 4224 4245
f 4224 4241 4222
f 4241 4220 4222
f 4241 4218 4220
f 4202 4179 4178
f 4178 4246 4202
f 4246 4178 7820
f 4178 4233 7820
f 4178 4231 4233
f 4231 4178 4228
f 4202 4204 4179
f 4179 4204 4207
f 4207 4209 4179
f 4179 4209 4211
f 4211 4213 4179
f 4179 4213 7803
f 7803 4214 4179
f 4179 4214 7805
f 7805 4216 4179
f 4179 4216 4218
f 4218 4241 4191
f 4179 4218 4191
f 4241 4247 4191
f 4157 4230 7812
f 7812 4227 4157
f 4230 4157 4232
f 4157 4248 4232
f 4248 4157 7821
f 4248 7821 4205
f 4205 7821 4154
f 7821 4157 4154
f 4154 4203 4205
f 4203 4154 4206
f 4206 4154 7801
f 4154 4208 7801
f 4208 4154 7802
f 4154 4210 7802
f 4210 4154 4212
f 4154 4215 4212
f 4154 4217 4215
f 4217 4154 7807
f 4154 4219 7807
f 4219 4154 4249
f 4219 4249 4250
f 4249 4251 4250
f 4252 4237 4250
f 4237 4252 7816
f 4252 4235 7816
f 4235 4252 7822
f 4252 4157 7822
f 4235 7822 4229
f 7822 4157 4229
f 4157 4227 4229
f 4250 4237 4238
f 4238 4253 4250
f 4253 4254 4250
f 4250 4254 4255
f 4250 4255 7823
f 7823 4256 4250
f 4250 4256 4225
f 4250 4225 4223
f 4223 4221 4250
f 4250 4221 7809
f 7809 4219 4250
f 4154 4179 4192
f 4192 4257 4154
f 4257 4258 4154
f 4258 4259 4154
f 4154 4259 4260
f 4260 4261 4154
f 4154 4261 7824
f 7824 4262 4154
f 4154 4262 4263
f 4154 4263 4264
f 4264 4265 4154
f 4265 4266 4154
f 4115 7825 4267
f 7825 4033 4267
f 4033 7825 7826
f 4115 4268 7826
f 7825 4115 7826
f 4269 4033 7826
f 7826 4268 4269
f 4034 4033 4269
f 4270 4241 4240
f 4240 4271 4270
f 4272 4270 4273
f 4270 4271 4273
f 4274 4272 4273
f 4273 4275 4274
f 4275 4276 4274
f 4275 4277 4276
f 4277 4278 4276
f 4278 4277 4279
f 4279 4280 4278
f 4280 4279 4281
f 4281 4282 4280
f 4282 4281 4283
f 4283 4284 4282
f 4284 4283 7827
f 4283 4285 7827
f 4285 4287 7827
f 4286 4284 7827
f 4287 4286 7827
f 4287 4288 4286
f 4288 4287 4289
f 4290 4288 4289
f 4290 4289 4291
f 4250 4290 4291
f 4291 4252 4250
f 4154 4266 4292
f 4154 4292 7828
f 7828 4249 4154
f 4293 4266 4265
f 4266 4293 4292
f 4294 4265 4264
f 4265 4294 4293
f 4264 4263 4295
f 4264 4295 7829
f 4264 7829 4294
f 4263 4262 4296
f 4295 4263 4296
f 4297 4262 7824
f 7824 4261 4297
f 4262 4297 4296
f 4064 4028 4027
f 4116 4298 7830
f 4298 4299 7830
f 4300 4247 4241
f 4300 4241 4301
f 4302 4300 4301
f 4302 4301 4303
f 4303 4304 4302
f 4304 4303 4305
f 4306 4304 4305
f 4305 4307 4306
f 4307 4308 4306
f 4308 4307 4309
f 4309 4310 4308
f 4309 4311 4310
f 4031 4030 4312
f 4250 4241 4270
f 4250 4270 4290
f 4270 4272 4290
f 4290 4272 4288
f 4288 4272 4274
f 4288 4274 4286
f 4286 4274 4276
f 4276 4284 4286
f 4284 4276 4278
f 4284 4278 4282
f 4282 4278 4280
f 4048 4129 4049
f 4313 4249 7828
f 7828 4292 4313
f 4313 4251 4249
f 4292 4315 4314
f 4292 4314 4313
f 4316 4315 4317
f 4315 4316 4314
f 4317 4319 4318
f 4317 4318 4316
f 4320 4319 4321
f 4319 4320 4318
f 4321 4323 4322
f 4322 4320 4321
f 4255 4243 7819
f 7819 4244 4255
f 4255 4254 4243
f 4254 4242 7818
f 4254 7818 4243
f 4254 4253 4242
f 4224 7831 4245
f 7831 4256 4245
f 4256 7831 4225
f 7831 4224 7810
f 7831 7810 4225
f 4323 4325 4322
f 4325 4324 4322
f 4326 4325 4327
f 4326 4324 4325
f 4328 4327 4329
f 4328 4326 4327
f 4329 4331 4330
f 4329 4330 4328
f 4300 4331 4193
f 4331 4300 4330
f 4247 4193 4191
f 4193 4247 4300
f 4332 4132 4134
f 4332 4134 4051
f 4333 4334 4335
f 4335 4334 4336
f 4336 4334 4337
f 4311 4338 4310
f 4338 4311 4339
f 4340 4338 4339
f 4339 4341 4340
f 4341 7832 4340
f 7832 4342 7833
f 7832 7833 4340
f 4342 7832 7835
f 7832 4341 7834
f 7834 4343 7835
f 7832 7834 7835
f 4343 7836 7835
f 4344 4342 7835
f 7836 4344 7835
f 7836 4343 4345
f 7836 4345 4344
f 4233 4248 7820
f 4248 4246 7820
f 4248 4233 4232
f 4202 4246 4248
f 4202 4248 4205
f 4193 4331 4346
f 4346 4331 4329
f 4346 4329 4347
f 4329 4327 4347
f 4347 4327 4348
f 4348 4327 4325
f 4325 4349 4348
f 4325 4323 4349
f 4349 4323 4297
f 4297 4323 4321
f 4297 4321 4296
f 4321 4295 4296
f 4295 4321 7837
f 4321 4319 7837
f 4295 7837 7829
f 7837 4319 4294
f 7837 4294 7829
f 4294 4319 4317
f 4294 4317 4293
f 4317 4315 4293
f 4293 4315 4292
f 4350 7838 7840
f 7838 4054 7839
f 7839 4351 7840
f 7838 7839 7840
f 4351 7841 7840
f 7841 4182 7842
f 7842 4350 7840
f 7841 7842 7840
f 4182 7841 7797
f 7841 4351 7843
f 7843 4185 7797
f 7841 7843 7797
f 4349 4261 4260
f 4261 4349 4297
f 4260 4259 4348
f 4348 4349 4260
f 4347 4259 4258
f 4259 4347 4348
f 4346 4258 4257
f 4258 4346 4347
f 4193 4257 4192
f 4257 4193 4346
f 4151 4141 4137
f 4137 4152 4151
f 4137 4153 4152
f 4152 4153 4148
f 4345 4313 4344
f 4313 4345 7844
f 7844 4352 4313
f 4352 7845 4313
f 7845 4251 4313
f 4251 7845 4250
f 7845 4352 4250
f 4330 4300 4302
f 4330 4302 4328
f 4302 4304 4328
f 4328 4304 4326
f 4326 4304 4306
f 4306 4324 4326
f 4306 4308 4324
f 4324 4308 4322
f 4308 4310 4322
f 4310 4320 4322
f 4320 4310 7846
f 4310 4338 7846
f 4320 7846 4340
f 7846 4338 4340
f 4320 4340 4318
f 4318 4340 7847
f 7833 4342 7847
f 4340 7833 7847
f 4318 7847 4316
f 7847 4342 4316
f 4316 4342 4344
f 4344 4314 4316
f 4314 4344 4313
f 4133 4333 4335
f 4133 4335 4336
f 4133 4336 4353
f 4336 4354 4353
f 4355 4356 4357
f 4359 4360 4358
f 4358 4361 4359
f 4361 4358 4363
f 4358 4362 4363
f 4364 4363 4362
f 4364 4362 7848
f 7848 4365 4364
f 4365 4366 4364
f 4365 4367 4366
f 4367 4368 4366
f 7849 4369 4368
f 4367 7849 4368
f 4369 4370 4368
f 4370 4369 7850
f 7850 4371 4370
f 4371 4372 4370
f 4046 4043 4372
f 4372 4371 4046
f 4166 4374 4373
f 4166 4373 4168
f 4168 4373 4170
f 4170 4373 4172
f 4373 4375 4172
f 4172 4375 4174
f 4174 4375 4176
f 4176 4375 4376
f 4176 4376 4178
f 4178 4376 4240
f 4240 4376 4377
f 4377 4378 4240
f 4378 4271 4240
f 4271 4378 4273
f 4273 4378 4379
f 4273 4379 4275
f 4379 4277 4275
f 4277 4379 4279
f 4379 4380 4279
f 4279 4380 4281
f 4281 4380 4381
f 4381 4135 4281
f 4381 4088 4135
f 4088 4381 4382
f 4088 4382 4089
f 4089 4382 4383
f 4383 4092 4089
f 4092 4383 4384
f 4092 4384 4195
f 4384 4385 4195
f 4195 4385 4197
f 4197 4385 7851
f 7851 4386 7852
f 4197 7851 7852
f 7852 4386 7853
f 7853 4199 4197
f 7852 7853 4197
f 4199 7853 4387
f 7853 4386 4387
f 4199 4387 4201
f 4388 4389 4390
f 4389 4388 7854
f 7854 4391 4389
f 4391 7854 4392
f 7854 4388 4392
f 4391 4392 4393
f 4392 4394 4393
f 4394 4395 4393
f 4395 4394 4396
f 4395 4396 7855
f 4396 4360 7855
f 4360 4396 4358
f 4396 4397 4358
f 4358 4397 4398
f 4398 4362 4358
f 4362 4398 4399
f 4362 4399 7848
f 4399 4365 7848
f 4399 4374 4365
f 4374 4367 4365
f 4367 4374 4166
f 4166 4164 4367
f 4164 4369 7849
f 4367 4164 7849
f 4369 4164 7856
f 4164 4162 7856
f 4369 7856 4160
f 7856 4162 7794
f 7856 7794 4160
f 4369 4160 4158
f 4369 4158 7850
f 4158 4371 7850
f 4371 4158 4155
f 4371 4155 4157
f 4371 4157 4046
f 4157 4252 4046
f 4046 4252 7857
f 7857 4044 4046
f 4044 7857 4291
f 7857 4252 4291
f 4044 4291 4289
f 4044 4289 4084
f 4084 4289 4287
f 4084 4287 4285
f 4084 4285 4135
f 4135 4285 4283
f 4135 4283 4281
f 4301 4241 4250
f 4250 4303 4301
f 4250 4305 4303
f 4250 4307 4305
f 4307 4250 4309
f 4250 4311 4309
f 4250 4339 4311
f 4250 4341 4339
f 4341 4250 7834
f 4250 4343 7834
f 4343 4250 4345
f 4345 4250 7844
f 4250 4352 7844
f 4400 4055 4051
f 4051 4053 7858
f 7858 4400 4051
f 4401 4152 4151
f 4151 4105 4401
f 4125 4078 4123
f 4078 4127 4080
f 4127 4078 4125
f 4402 4080 4127
f 4067 4403 4065
f 4404 4405 4312
f 4406 4075 4096
f 4096 7859 4094
f 7859 4407 4094
f 7859 4096 4075
f 7859 4075 4407
f 4094 4407 4097
f 4408 4409 4410
f 4411 4412 4413
f 4412 4411 7860
f 4411 4414 7860
f 7860 4414 7861
f 7861 4415 4412
f 7860 7861 4412
f 4415 7861 4416
f 7861 4414 4416
f 4415 4416 7862
f 4416 4417 7862
f 4417 4416 4418
f 4418 4419 4417
f 4419 4418 4359
f 4419 4359 4420
f 4359 4361 4420
f 4420 4361 7863
f 7863 4421 4420
f 4421 7863 7864
f 7863 4361 4363
f 7863 4363 7864
f 4421 7864 4422
f 7864 4363 4422
f 4422 4363 4364
f 4422 4364 4423
f 4423 4364 4366
f 4423 4366 4424
f 4424 4366 4368
f 4424 4368 4425
f 4425 4368 4370
f 4425 4370 4426
f 4370 4372 4426
f 4426 4372 4427
f 4372 4043 4427
f 4427 4043 7865
f 4427 7865 4428
f 7865 4043 7771
f 7771 4045 4428
f 7865 7771 4428
f 4428 4045 4429
f 4429 4045 7772
f 7772 4047 4429
f 4429 4047 7866
f 7866 4430 4429
f 7866 4047 4085
f 7866 4085 4430
f 4430 4085 7867
f 7867 4431 7868
f 4430 7867 7868
f 4431 7867 7869
f 4085 4086 7869
f 7867 4085 7869
f 4431 7869 4432
f 7869 4086 7870
f 7869 7870 4432
f 7870 4086 4136
f 7870 4136 4432
f 4136 4433 4432
f 4433 4136 7871
f 7785 4090 7871
f 4136 7785 7871
f 4433 7871 4434
f 7871 4090 4434
f 4434 4090 4087
f 4434 4087 4435
f 4087 4091 4435
f 4435 4091 4436
f 4436 4091 7799
f 4436 7799 4194
f 4436 4194 4437
f 4437 4194 4196
f 4196 4438 4437
f 4438 4196 7872
f 4196 4198 7872
f 4438 7872 4439
f 7872 4198 4439
f 4439 4198 4200
f 4440 4441 7873
f 7873 4442 4440
f 4442 4443 4440
f 4440 4443 7874
f 7874 4444 4440
f 4445 4446 4131
f 4445 4447 4446
f 4397 4421 4398
f 4421 4397 4420
f 4396 4420 4397
f 4396 4419 4420
f 4394 4419 4396
f 4419 4394 4417
f 4392 4417 4394
f 4417 4392 7862
f 4392 4415 7862
f 4388 4415 4392
f 4415 4388 7875
f 4415 7875 4412
f 4413 4412 7875
f 7875 4388 4390
f 4413 7875 4390
f 4389 4413 4390
f 4413 4389 4411
f 4391 4411 4389
f 4411 4391 7876
f 7876 4414 4411
f 4393 4414 7876
f 7876 4391 4393
f 4414 4393 4416
f 4395 4416 4393
f 4416 4395 4418
f 4360 4418 7855
f 4418 4395 7855
f 4418 4360 4359
f 4299 4448 7877
f 4448 4449 7877
f 4299 4450 4448
f 4450 4299 4071
f 4071 4073 4450
f 4097 4407 4099
f 4099 4407 4451
f 4451 4116 4452
f 4116 4451 4407
f 4181 4180 7878
f 7878 4453 4181
f 4454 4298 4128
f 4037 4453 4455
f 4033 4110 4456
f 7879 4267 4457
f 4458 7879 4457
f 4457 4100 7880
f 4458 4457 7880
f 7879 4458 4459
f 4267 7879 4459
f 4267 4459 4113
f 4127 4460 7881
f 7881 4402 4127
f 4460 4127 4126
f 4461 7882 7883
f 7882 4402 7881
f 7881 4460 7883
f 7882 7881 7883
f 4402 7882 4462
f 7882 4461 7884
f 7882 7884 4462
f 4463 4462 7884
f 4463 7884 4461
f 4463 4464 4462
f 4181 4453 4037
f 4050 4049 4409
f 4465 7885 7886
f 4269 4466 7886
f 7885 4269 7886
f 7885 4465 7887
f 7887 4034 4269
f 7885 7887 4269
f 4465 4035 7887
f 4035 4034 7887
f 4035 4465 7888
f 7888 4467 7889
f 4035 7888 7889
f 4467 4109 7889
f 4109 4035 7889
f 4109 4467 4468
f 4455 4040 4028
f 4028 4063 4455
f 4351 4059 7843
f 4059 4185 7843
f 4185 4469 4183
f 4469 4185 4059
f 4470 7890 4052
f 7890 4057 7776
f 7890 7776 4052
f 4057 7890 4471
f 7890 4470 4471
f 4055 4332 4051
f 4472 4473 4474
f 4473 4472 7891
f 4472 4475 7891
f 4476 4475 4472
f 4475 4476 4477
f 4476 4478 4477
f 4476 4479 4478
f 4479 4480 4478
f 4480 4479 4481
f 4482 4116 4407
f 4036 4032 4029
f 4032 4031 7892
f 4031 4456 7892
f 4403 4067 4048
f 4410 4484 4483
f 4408 4485 4409
f 4077 4485 4408
f 4485 4077 7893
f 4077 4486 7893
f 4469 4062 7894
f 4062 4487 7894
f 4146 4354 4336
f 4336 4337 4140
f 4337 4488 4137
f 4153 4488 7895
f 7895 4444 4153
f 4149 7896 7897
f 7896 4444 7874
f 7874 4443 7897
f 7896 7874 7897
f 4144 4443 4489
f 4489 4490 4142
f 4490 4489 4491
f 4489 4492 4491
f 4491 4492 7898
f 7898 4493 4491
f 4494 4447 7899
f 7899 4495 4494
f 4495 7899 4354
f 7899 4447 7900
f 7899 7900 4354
f 4495 4354 7901
f 4146 4496 7901
f 4354 4146 7901
f 4496 7902 4497
f 7902 4147 4497
f 4152 4498 4497
f 4498 4148 4499
f 4142 4490 4499
f 4187 4183 4500
f 4041 4107 4181
f 4041 4108 4107
f 4436 4385 4384
f 4385 4436 4437
f 4435 4384 4383
f 4435 4436 4384
f 4434 4383 4382
f 4434 4435 4383
f 4433 4434 4381
f 4434 4382 4381
f 4433 4380 4432
f 4380 4433 4381
f 4379 4431 4432
f 4380 4379 4432
f 4431 4378 7868
f 4378 4430 7868
f 4378 4431 4379
f 4430 4378 4429
f 4429 4377 4428
f 4429 4378 4377
f 4377 4427 4428
f 4377 4376 4427
f 4376 4426 4427
f 4376 4425 4426
f 4425 4376 7903
f 4376 4375 7903
f 4375 4373 7903
f 4373 4424 4425
f 4373 4425 7903
f 4373 4423 4424
f 4373 4374 4423
f 4374 4422 4423
f 4422 4374 4399
f 4422 4399 4398
f 4398 4421 4422
f 4452 4116 7904
f 7904 4114 4452
f 4114 7904 4112
f 7904 4116 4112
f 4483 4477 7905
f 4477 4478 7905
f 4483 7905 4480
f 7905 4478 4480
f 4483 4480 4501
f 4410 4483 4501
f 4501 4502 4410
f 4503 4080 4464
f 4503 4483 4080
f 4503 4473 4483
f 4483 4473 7891
f 7891 4475 4483
f 4483 4475 4477
f 4056 4060 4059
f 4153 4188 7798
f 4153 7798 4137
f 7906 4504 4188
f 4153 7906 4188
f 4505 4067 4066
f 4506 4180 4107
f 4453 4507 4508
f 4456 4405 4027
f 4405 4404 4027
f 4509 4404 7907
f 4404 4030 7907
f 4509 7907 7908
f 7907 4030 4036
f 7907 4036 7908
f 4508 4040 4453
f 4511 4512 4510
f 4511 4510 4513
f 4514 4515 4510
f 4510 4512 4514
f 4515 4516 4517
f 4515 4514 4516
f 4130 4048 7909
f 4048 4505 7909
f 4048 4067 4505
f 4065 4403 4083
f 4441 4184 4186
f 4190 4070 4069
f 4110 4405 4456
f 4405 4110 4518
f 4110 4111 4519
f 4110 4519 7910
f 4519 4520 7910
f 4110 7910 4521
f 7910 4520 4521
f 4078 7911 4523
f 7911 4522 4523
f 4118 4078 4523
f 4120 4078 4118
f 4123 4078 4120
f 4032 4027 4029
f 4061 4524 4062
f 4524 4061 7913
f 7912 4525 7913
f 4061 7912 7913
f 4524 7913 4499
f 7913 4525 4499
f 4499 4525 4498
f 4496 4526 7901
f 4526 4495 7901
f 4526 4496 7914
f 7914 4527 4526
f 4526 4527 4471
f 4082 4081 7915
f 4081 4129 7915
f 4056 4400 4060
f 4060 4400 4528
f 4529 4147 4146
f 4187 7916 4186
f 7916 4530 4186
f 4530 7916 4489
f 7916 4187 4489
f 4489 4187 7917
f 7917 4531 4489
f 4489 4531 7918
f 7918 4492 4489
f 4446 4447 4494
f 4494 4470 4446
f 4470 4494 4532
f 4039 4181 4037
f 4077 4408 7919
f 7919 4078 4077
f 4517 4516 4534
f 4517 4534 4533
f 4522 4533 4535
f 4533 4534 4535
f 4522 4536 4523
f 4536 4522 4535
f 4523 4121 4118
f 4121 4523 4536
f 4537 7920 7921
f 4518 4538 7921
f 7920 4518 7921
f 7920 4537 4539
f 4518 7920 4539
f 4453 4040 4455
f 4128 4482 4065
f 4539 4540 7922
f 7922 4541 4539
f 4540 4539 7923
f 4539 4542 7923
f 4541 7924 7926
f 7924 4406 7925
f 7925 4543 7926
f 7924 7925 7926
f 4406 7924 7927
f 7924 4541 7922
f 7922 4540 7927
f 7924 7922 7927
f 4543 7928 7929
f 7928 4096 4093
f 7928 4093 7929
f 7928 4543 7925
f 7925 4406 4096
f 7928 7925 4096
f 4457 4031 4312
f 4055 4400 7774
f 4400 4056 7774
f 4079 4544 7930
f 7930 4545 4079
f 4079 4080 4483
f 4483 4484 4079
f 7915 4129 4128
f 4082 7915 4128
f 4267 4031 4457
f 4029 4042 7931
f 7931 4039 4029
f 4454 7932 4546
f 7932 4505 4546
f 4546 4505 4066
f 4074 4538 4547
f 4547 4072 4074
f 4537 7933 7934
f 7933 4074 7779
f 7779 4076 7934
f 7933 7779 7934
f 7933 4537 7921
f 7921 4538 4074
f 7933 7921 4074
f 4539 4076 7935
f 7935 4542 4539
f 4076 4539 7934
f 4539 4537 7934
f 4253 4239 4242
f 4239 4253 4238
f 4453 7878 4507
f 7878 4180 4507
f 4546 4066 4482
f 4053 4528 7858
f 4528 4400 7858
f 4057 4528 7777
f 4528 4053 7777
f 4057 4548 4528
f 4548 4057 4471
f 4068 4549 4069
f 4508 4108 4041
f 4041 4040 4508
f 4039 4041 4181
f 4042 4041 7931
f 4041 4039 7931
f 4042 4029 4028
f 4550 4149 4144
f 4144 4551 4550
f 4106 4151 7936
f 4151 4147 7936
f 4106 4105 4151
f 4553 4554 7937
f 4552 4553 7937
f 4552 7937 4497
f 7937 4554 4497
f 4500 4531 7917
f 7917 4187 4500
f 4531 4500 7918
f 4500 4492 7918
f 4492 4500 7898
f 4500 4493 7898
f 4493 4500 4555
f 4355 4507 4506
f 4454 4128 7938
f 4128 4130 7938
f 4050 4409 7939
f 4409 4485 7939
f 4133 4132 4333
f 4103 4102 4529
f 4063 4064 4038
f 4042 4028 4040
f 4484 7940 4544
f 7940 4556 4544
f 4312 4405 4518
f 4117 4116 7941
f 7941 4466 4117
f 4466 7941 7886
f 7941 4116 4465
f 7941 4465 7886
f 4116 7942 4465
f 7942 4467 7888
f 7942 7888 4465
f 7942 4116 7830
f 7830 4299 4467
f 7942 7830 4467
f 4299 4298 7943
f 4298 4454 7943
f 4130 4129 4048
f 4403 4486 4083
f 4083 4486 4545
f 4082 4065 4083
f 4482 4066 4065
f 4557 4333 7944
f 4333 4189 7944
f 4333 4557 7945
f 7945 4334 4333
f 4334 7945 4337
f 7945 4557 4337
f 4545 4081 4083
f 4081 4545 7930
f 7930 4544 4081
f 4063 4037 4455
f 4482 4128 4298
f 4188 4558 4101
f 4446 4134 4131
f 4521 4520 4448
f 4448 4450 4521
f 4450 4559 4521
f 4450 4073 4559
f 4073 4547 4559
f 4547 4073 7778
f 7778 4072 4547
f 4298 4116 4482
f 4549 4560 4069
f 4560 4549 4441
f 4068 4350 7842
f 7842 4182 4068
f 4190 4132 4332
f 4474 4561 4472
f 4561 4463 4472
f 4472 4463 4461
f 7883 4460 4472
f 4461 7883 4472
f 4472 4460 4476
f 4476 4460 4479
f 4479 4460 4126
f 4479 4126 4481
f 4126 4124 4481
f 4481 4124 4122
f 4122 4562 4481
f 4562 4122 4563
f 4122 4119 4563
f 4563 4119 4121
f 4563 4121 4564
f 4564 4121 4536
f 4536 4511 4564
f 4536 4535 4511
f 4511 4535 4534
f 4534 4512 4511
f 4512 4534 4514
f 4514 4534 4516
f 4553 4548 4565
f 4565 4554 4553
f 4554 4565 4497
f 4081 4544 4556
f 4556 4049 4081
f 4049 4556 4409
f 4052 4051 4134
f 4551 4144 4142
f 4507 4180 4506
f 4312 4030 4404
f 4439 4201 4387
f 4439 4200 4201
f 4438 4387 7946
f 4387 4386 7946
f 4387 4438 4439
f 4437 4386 7851
f 7851 4385 4437
f 4386 4437 7946
f 4437 4438 7946
f 4571 7947 4572
f 7947 4566 4572
f 4572 4573 4571
f 4573 7948 7950
f 7948 4574 7949
f 7949 4575 7950
f 7948 7949 7950
f 4575 7951 7953
f 7951 4576 7952
f 7952 4577 7953
f 7951 7952 7953
f 4567 4578 4569
f 4578 4567 7954
f 7954 4579 4578
f 4579 7955 4581
f 7955 4580 4581
f 4581 4580 4570
f 4570 4571 4581
f 4582 7956 4584
f 7956 4583 4584
f 4584 4585 4582
f 4584 4578 4585
f 4585 4578 4586
f 4578 4579 7957
f 4586 4578 7957
f 4587 4588 7958
f 7958 4569 4587
f 4569 7958 7960
f 7958 4588 7959
f 7959 4589 7960
f 7958 7959 7960
f 4589 7961 7960
f 7961 4567 4569
f 7961 4569 7960
f 4590 7962 7963
f 7962 4586 7957
f 7957 4579 7963
f 7962 7957 7963
f 4588 4587 7964
f 4587 4591 7964
f 4579 4581 7963
f 4581 4590 7963
f 4581 4571 4592
f 4572 4566 4568
f 4569 4578 4593
f 4566 7965 7967
f 7965 4580 7966
f 7966 4567 7967
f 7965 7966 7967
f 4580 7965 4570
f 7965 4566 4570
f 4571 4573 4592
f 4567 7968 7966
f 7968 4594 7969
f 7969 4580 7966
f 7968 7969 7966
f 4594 7968 7970
f 7968 4567 7961
f 7961 4589 7970
f 7968 7961 7970
f 4595 4591 4587
f 4578 4584 4593
f 4596 4589 7971
f 4596 7971 4595
f 7971 4589 7959
f 7959 4588 4595
f 7971 7959 4595
f 4595 4588 7964
f 7964 4591 4595
f 4596 4566 4570
f 4566 4596 4568
f 4568 4596 4595
f 4573 4572 4592
f 4574 7948 7949
f 7948 4573 7950
f 7950 4575 7949
f 7948 7950 7949
f 4576 7951 7952
f 7951 4575 7953
f 7953 4577 7952
f 7951 7953 7952
f 4587 4590 4581
f 4581 4597 4587
f 4597 4581 4592
f 4568 4592 4572
f 4583 7956 7972
f 4582 4585 7972
f 7956 4582 7972
f 4593 7973 7974
f 4585 4586 7974
f 7973 4585 7974
f 4593 7974 7975
f 7974 4586 7962
f 7962 4590 7975
f 7974 7962 7975
f 7975 4590 4569
f 7975 4569 4593
f 4569 4590 4587
f 4568 4597 4570
f 7976 4594 7970
f 7970 4589 4596
f 7976 7970 4596
f 4597 4595 4587
f 4569 4597 4568
f 4596 4570 7976
f 4570 4594 7976
f 4038 4509 7908
f 4036 4038 7908
f 4549 4184 4441
f 4551 4142 4356
f 4560 4189 4069
f 4128 4065 4082
f 4408 4510 4515
f 4517 4408 4515
f 4408 4533 7919
f 4533 4078 7919
f 4533 4408 4517
f 4078 4533 7911
f 4533 4522 7911
f 4299 4468 4467
f 4299 4598 4468
f 4299 7877 4598
f 7877 4449 4598
f 4539 4541 4518
f 4518 4543 4457
f 4543 4518 7926
f 4518 4541 7926
f 4093 4457 7929
f 4457 4543 7929
f 4404 4509 4064
f 4131 4133 4353
f 4353 4354 4131
f 4131 4354 7977
f 7977 4445 4131
f 7977 4354 7900
f 7900 4447 4445
f 7977 7900 4445
f 4186 4442 7873
f 7873 4441 4186
f 4186 4443 4442
f 4443 4186 7978
f 4186 4530 7978
f 4443 7978 4489
f 7978 4530 4489
f 4108 4104 4102
f 4079 4484 4544
f 4050 7939 4403
f 7939 4485 4403
f 4486 4403 7893
f 4403 4485 7893
f 4451 4458 7880
f 4100 4451 7880
f 4451 4100 4099
f 4458 4452 4459
f 4452 4458 4451
f 4459 7979 4113
f 7979 4114 4113
f 4114 7979 4452
f 7979 4459 4452
f 4107 4558 4506
f 4558 4107 4102
f 4487 7980 4500
f 7980 4555 4500
f 4555 7980 4491
f 7980 4487 7981
f 7980 7981 4491
f 7981 4487 4599
f 7981 4599 4491
f 4491 4493 4555
f 4138 4145 7792
f 7792 4150 4138
f 4138 4150 7982
f 7982 4139 7786
f 4138 7982 7786
f 4139 7982 4143
f 7982 4150 7790
f 7982 7790 4143
f 4462 4080 4402
f 4464 4080 4462
f 4561 4464 4463
f 4561 4503 4464
f 4561 4473 4503
f 4473 4561 4474
f 4410 4502 4600
f 4600 4513 4410
f 4510 4408 4410
f 4510 4410 4513
f 4312 4518 4457
f 4071 4454 4546
f 4546 4075 4071
f 4032 4036 7770
f 4036 4030 7770
f 4457 4093 4095
f 4457 4095 4098
f 4100 4457 4098
f 4064 4509 4038
f 4454 4071 7943
f 4071 4299 7943
f 4355 4551 4356
f 4190 4189 4333
f 4495 4532 4494
f 4532 4495 4526
f 4526 4470 4532
f 4470 4526 4471
f 4061 4553 4552
f 4552 4601 4061
f 4601 4552 4497
f 4601 4497 4498
f 4527 4548 4471
f 4548 4527 4565
f 4565 4527 7914
f 7914 4496 4565
f 4565 4496 4497
f 4518 4110 4521
f 4521 4559 4518
f 4518 4559 4547
f 4538 4518 4547
f 4075 4546 4482
f 4060 4602 7983
f 7983 4058 4060
f 4602 4061 7983
f 4061 4058 7983
f 4027 4404 4064
f 4130 7909 7938
f 7909 4505 7932
f 7932 4454 7938
f 7909 7932 7938
f 4102 4106 4529
f 4106 4102 4104
f 4182 4549 4068
f 4549 4182 7796
f 7796 4184 4549
f 4481 4501 4480
f 4481 4562 4501
f 4562 7984 4501
f 7984 4502 4501
f 7984 4562 4563
f 7984 4563 4502
f 4563 4600 4502
f 4600 4563 4564
f 4564 4513 4600
f 4564 4511 4513
f 4104 4508 4507
f 4079 4486 4077
f 4486 4079 4545
f 4446 4052 4134
f 4446 4470 4052
f 4033 4031 4267
f 4031 4033 4456
f 7784 4115 4267
f 4113 7784 4267
f 4117 4268 4115
f 4112 4117 4115
f 4466 7985 4117
f 7985 4268 4117
f 4268 7985 4269
f 7985 4466 4269
f 4333 4132 4190
f 4528 4548 4553
f 4456 4027 7892
f 4027 4032 7892
f 4076 4075 7935
f 4075 4542 7935
f 4075 4540 7923
f 7923 4542 4075
f 4540 4075 7927
f 4075 4406 7927
f 4356 4142 4148
f 4148 4357 4356
f 4468 4598 4109
f 4598 4111 4109
f 4519 4111 4598
f 4598 4449 4519
f 4449 7986 4519
f 7986 4520 4519
f 4520 7986 4448
f 7986 4449 4448
f 4551 4355 4550
f 4550 4558 7987
f 7987 4504 4550
f 4504 7987 4188
f 7987 4558 4188
f 4558 4355 4506
f 4550 4355 4558
f 4129 4081 4049
f 4355 4104 4507
f 4075 4482 4407
f 4560 4441 4440
f 4560 4440 4603
f 4440 4444 4603
f 4603 4444 7895
f 7895 4488 4603
f 4350 7988 7989
f 7988 4070 4055
f 7988 4055 7989
f 4070 7988 4068
f 7988 4350 4068
f 4599 7990 4491
f 7990 4490 4491
f 4490 7990 4604
f 7990 4599 4604
f 4599 4487 4604
f 4604 4487 4062
f 4140 4103 4529
f 4529 4146 4140
f 4499 4490 4604
f 4604 4524 4499
f 4524 4604 4062
f 4054 7838 7773
f 7838 4350 7989
f 7989 4055 7773
f 7838 7989 7773
f 4528 4602 4060
f 4553 4602 4528
f 4106 7936 4529
f 7936 4147 4529
f 4484 4409 7940
f 4409 4556 7940
f 4409 4484 4410
f 4070 4190 4332
f 4055 4070 4332
f 4141 7991 4140
f 7991 4103 4140
f 7992 4189 4560
f 4605 7992 4560
f 4605 4560 4603
f 4603 4488 4605
f 4101 4558 4102
f 4061 4602 4553
f 4189 7992 7944
f 4605 4557 7944
f 7992 4605 7944
f 4557 4605 4337
f 4605 4488 4337
f 4054 7775 7839
f 7775 4056 7993
f 7993 4351 7839
f 7775 7993 7839
f 4059 4351 7993
f 7993 4056 4059
f 4469 4059 4058
f 4062 4469 4058
f 4104 4401 4105
f 4104 4357 4401
f 4357 4104 4355
f 4165 4167 4169
f 4165 4169 4171
f 4171 4163 4165
f 4163 4171 4173
f 4163 4173 4161
f 7795 4175 4161
f 4173 7795 4161
f 4161 4175 7994
f 4161 7994 4159
f 7994 4175 4177
f 7994 4177 4159
f 4159 4177 4156
f 4156 4177 4179
f 4156 4179 4154
f 4141 7995 7991
f 4101 4103 7991
f 7995 4101 7991
f 4256 7996 4245
f 7996 4244 4245
f 4244 7996 4255
f 7996 4256 7823
f 7996 7823 4255
f 4183 4487 4500
f 4487 4183 7894
f 4183 4469 7894
f 4525 7912 4601
f 7912 4061 4601
f 4525 4601 4498
f 4104 4108 4508
f 4148 4152 4401
f 4401 4357 4148
f 4153 4149 4550
f 4550 4504 7906
f 4153 4550 7906
f 7995 4141 4137
f 4101 7995 4137
f 4029 4039 4036
f 4048 4050 4403
f 4606 4607 4608
f 4609 4610 4611
f 4612 4613 4614
f 4615 4616 4617
f 4616 4615 7997
f 7997 4618 7998
f 4616 7997 7998
f 4619 4620 4621
f 4623 4624 4622
f 4623 4622 4625
f 4624 4623 4626
f 4627 4628 7999
f 7999 4629 4627
f 4630 4631 4632
f 4634 4635 4633
f 4633 4636 4637
f 4638 4607 4639
f 4640 4641 4642
f 4643 4644 4645
f 4632 4646 8000
f 8000 4630 4632
f 4647 4648 4649
f 4650 4647 4651
f 4650 4648 4647
f 4650 4651 4652
f 4653 4654 4655
f 4655 4654 4656
f 4658 4659 4657
f 4660 4661 4626
f 4626 4623 4660
f 4661 4660 8001
f 4660 4662 8001
f 4663 4664 4665
f 4664 4663 4666
f 4667 4665 4668
f 4665 4667 4663
f 4669 4670 8002
f 8002 4671 8003
f 4669 8002 8003
f 4670 4669 4672
f 4671 4673 8004
f 4673 4674 8004
f 4673 4671 8002
f 8002 4670 4673
f 4674 4675 8005
f 4675 4676 8005
f 4675 4674 4673
f 4677 4678 4679
f 4680 4681 8006
f 8006 4682 4680
f 4678 4683 4684
f 4612 4614 4685
f 4686 4612 4685
f 4686 4685 4687
f 8007 4689 8008
f 8008 4690 4688
f 8007 8008 4688
f 4689 8007 8010
f 8007 4688 8009
f 8009 4691 8010
f 8007 8009 8010
f 4688 4692 4693
f 4694 4695 4696
f 4695 4694 4697
f 4698 4699 4696
f 4696 4695 4698
f 4699 4700 4701
f 4700 4699 4698
f 4701 4702 4703
f 4701 4700 4702
f 4704 4705 4706
f 4707 4708 4709
f 4708 4707 4710
f 4638 4617 4616
f 4662 4711 4712
f 4711 4662 4660
f 4711 4664 4666
f 4711 4666 4712
f 8011 4715 4713
f 4714 8011 4713
f 4716 4714 8012
f 8012 4717 4716
f 4718 4715 8013
f 8013 4719 4718
f 4715 4718 8014
f 4718 4720 8014
f 4721 4722 4723
f 4719 4724 4718
f 4725 4715 8014
f 4725 8014 4720
f 4726 4728 4719
f 4723 4726 4721
f 4723 4727 4726
f 4722 4721 4716
f 4716 4721 4714
f 4729 4715 4725
f 4730 4731 4732
f 4731 4730 4733
f 4732 4734 4735
f 4732 4731 4734
f 4735 4736 4737
f 4736 4735 4734
f 4738 4739 4737
f 4738 4737 8015
f 4737 4736 8015
f 4740 4741 4739
f 4739 4738 4740
f 4741 8016 8018
f 8016 4742 8017
f 8017 4743 8018
f 8016 8017 8018
f 4742 8016 4740
f 8016 4741 4740
f 4743 4744 4745
f 4744 4743 8017
f 8017 4742 4744
f 4745 4746 8020
f 8019 4747 8020
f 4746 8019 8020
f 4746 4745 4744
f 4747 4748 4749
f 4748 4747 8019
f 8019 4746 4748
f 4749 4750 4751
f 4750 4749 4748
f 4751 4752 4753
f 4752 4751 8021
f 4751 4750 8021
f 4753 4754 4755
f 4753 4752 4754
f 4756 8022 4683
f 8022 4757 4683
f 4758 4759 4760
f 4761 4760 4759
f 4762 4760 4761
f 4762 4761 8023
f 8023 4763 4762
f 4764 4677 4713
f 4765 4766 4644
f 4767 4768 4755
f 4768 4767 4769
f 4770 4708 4710
f 4771 4668 8024
f 8024 4772 4771
f 4771 4667 4668
f 4773 8025 8027
f 8025 4772 8026
f 8026 4774 8027
f 8025 8026 8027
f 4772 8025 4771
f 8025 4773 4771
f 4775 4774 4776
f 4774 4775 8028
f 8028 4773 8027
f 4774 8028 8027
f 4776 4778 8029
f 8029 4777 8030
f 8030 4775 4776
f 8029 8030 4776
f 4779 8031 8033
f 8031 4780 8032
f 8032 4781 8033
f 8031 8032 8033
f 4780 8031 8035
f 8031 4779 8034
f 8034 4782 8035
f 8031 8034 8035
f 4783 4784 8036
f 4784 4781 8032
f 8032 4780 8036
f 4784 8032 8036
f 4784 4785 8037
f 8037 4786 4784
f 4784 4783 4785
f 4786 4787 4788
f 4787 4786 8037
f 4787 8037 4785
f 4789 4790 4788
f 4789 4788 4787
f 4791 4790 4789
f 4791 4789 4792
f 4793 4791 4792
f 4792 4794 4793
f 4794 4795 4793
f 4795 4794 8038
f 4794 4796 8038
f 4797 4795 8038
f 8038 4796 8039
f 8039 4798 4797
f 8038 8039 4797
f 4798 8040 4797
f 8040 4799 8041
f 8040 8041 4797
f 4799 8040 4800
f 8040 4798 4800
f 4800 4801 4799
f 4800 4802 4801
f 4803 4804 8042
f 4803 8042 4805
f 4804 4803 4806
f 4807 4808 8043
f 4805 4807 8043
f 8042 4804 4807
f 4805 8042 4807
f 4808 4809 8044
f 4809 4810 8044
f 4809 4808 4807
f 4812 4813 4811
f 4811 4814 4812
f 4813 4806 4803
f 4806 4813 4812
f 4811 4816 4815
f 4815 4814 4811
f 4817 4813 4754
f 4813 4817 4811
f 4811 4817 4818
f 4754 4813 4803
f 4754 4803 4805
f 4818 4816 4811
f 4816 4818 8045
f 4818 4819 8045
f 4819 4818 8046
f 4818 4820 8046
f 4818 4821 4820
f 4821 4818 8047
f 4818 4822 8047
f 4822 4818 4801
f 4801 4818 4799
f 4799 4818 8041
f 4818 4797 8041
f 4818 4795 4797
f 4754 4779 4755
f 4779 4754 4823
f 4754 4810 4823
f 4810 4754 8044
f 4754 4808 8044
f 4808 4754 8043
f 4754 4805 8043
f 4755 4779 8033
f 8033 4781 4755
f 4755 4781 4784
f 4784 4786 4755
f 4755 4786 4788
f 4788 4790 4755
f 4755 4790 4791
f 4755 4791 4793
f 4793 4795 4755
f 4755 4795 4818
f 4818 4767 4755
f 4767 4818 4824
f 4807 4804 4733
f 4807 4733 4809
f 4733 4825 4809
f 4733 4782 4825
f 4782 4733 4730
f 4782 4730 8035
f 4730 4780 8035
f 4780 4730 8036
f 4730 4783 8036
f 4783 4730 4785
f 4730 4787 4785
f 4787 4730 4789
f 4789 4730 4792
f 4792 4730 4794
f 4794 4730 8048
f 8048 4796 4794
f 4796 8048 4827
f 8048 4730 4826
f 8048 4826 4827
f 4827 4826 4828
f 4829 4814 4827
f 4814 4829 4812
f 4812 4829 4733
f 4733 4806 4812
f 4733 4804 4806
f 4827 4814 4815
f 4827 4815 4830
f 4830 4831 4827
f 4827 4831 8049
f 8049 4832 4827
f 4827 4832 8050
f 8050 4833 4827
f 4827 4833 8051
f 8051 4802 4827
f 4827 4802 4800
f 4800 4798 4827
f 4827 4798 8039
f 8039 4796 4827
f 4768 4730 4755
f 4768 4834 4730
f 4834 4835 4730
f 4835 4836 4730
f 4730 4836 4837
f 4730 4837 4838
f 4838 4839 4730
f 4730 4839 4840
f 4840 4841 4730
f 4730 4841 4842
f 4730 4842 8052
f 8052 4843 4730
f 4691 4612 4844
f 4612 4691 4845
f 4846 4612 4845
f 4612 4846 4613
f 4847 4818 4817
f 4847 4817 8053
f 8053 4848 4847
f 4848 4849 4847
f 4849 4848 8054
f 8054 4850 4849
f 4850 4851 4849
f 4851 4850 8055
f 8055 4852 4851
f 4852 4853 4851
f 4853 4852 4854
f 4854 4855 4853
f 4855 4854 4856
f 4857 4855 4856
f 4857 4856 4858
f 4859 4857 4858
f 4859 4858 4860
f 8056 4861 4859
f 8056 4859 4860
f 4861 8056 8057
f 8056 4862 8057
f 4862 4863 8057
f 4863 4861 8057
f 4863 4862 4864
f 4865 4863 4864
f 4864 4866 4865
f 4866 4867 4865
f 4867 4866 4868
f 4868 4827 4867
f 4827 4868 4829
f 4730 4843 4869
f 4730 4869 4826
f 8052 4842 4870
f 4843 8052 4870
f 4843 4870 4869
f 4871 8058 4841
f 8058 4842 4841
f 4842 8058 4870
f 8058 4871 8059
f 8058 8059 4870
f 4872 4841 4840
f 4872 4871 4841
f 4840 4839 4873
f 4840 4873 4872
f 4874 4873 4838
f 4873 4839 4838
f 4606 4639 4607
f 4692 4875 4876
f 4877 4824 4818
f 4818 4878 4877
f 4878 8060 4877
f 8060 4879 4877
f 4879 8060 4880
f 8060 4878 4880
f 4881 4879 4880
f 4881 4880 4882
f 4882 4883 4881
f 4882 4884 4883
f 4884 4885 4883
f 4884 4886 4885
f 4886 8061 4885
f 8061 4887 4885
f 4886 4888 8061
f 4847 4827 4818
f 4827 4847 4867
f 4867 4847 4849
f 4867 4849 4865
f 4865 4849 4851
f 4851 4863 4865
f 4863 4851 4853
f 4853 4861 4863
f 4861 4853 4859
f 4853 4855 4859
f 4855 4857 4859
f 4628 4627 4705
f 4826 4869 4889
f 4826 4889 8062
f 4826 8062 4828
f 4890 4869 4891
f 4869 4890 4889
f 4892 4891 4893
f 4891 4892 4890
f 4893 4895 4894
f 4894 4892 4893
f 4895 4897 4896
f 4895 4896 4894
f 4898 4897 8063
f 4898 8063 4899
f 4897 4898 4896
f 4832 4820 8064
f 4820 4821 8064
f 4820 4832 8049
f 8049 4831 8065
f 4820 8049 8065
f 4831 4830 8065
f 4830 4819 8046
f 8046 4820 8065
f 4830 8046 8065
f 4801 4833 8066
f 8066 4822 4801
f 4833 4801 8051
f 4801 4802 8051
f 4900 4898 4901
f 4898 4899 4901
f 4902 4901 4903
f 4902 4900 4901
f 4904 4903 4905
f 4903 4904 4902
f 4905 4907 4906
f 4906 4904 4905
f 4877 4907 4769
f 4907 4877 4906
f 4769 4767 4824
f 4769 4824 4877
f 4710 4908 4770
f 4758 4643 8067
f 8067 4909 4758
f 4758 4760 4643
f 4910 8068 8070
f 8068 4911 8069
f 8069 4912 8070
f 8068 8069 8070
f 4912 8069 8071
f 8069 4911 4913
f 8069 4913 8071
f 4913 4911 8072
f 8072 4914 4913
f 8061 4915 8073
f 8073 4887 8061
f 4915 8061 4916
f 8061 4888 4916
f 4916 4917 8074
f 8074 4915 4916
f 4917 4916 4918
f 4919 4917 4918
f 4918 4920 4919
f 4920 4921 4919
f 4921 4920 4922
f 4810 4825 4823
f 4825 4810 4809
f 4825 4779 4823
f 4779 4825 8034
f 4825 4782 8034
f 4907 4923 4769
f 4923 4907 4905
f 4923 4905 4924
f 4924 4905 4903
f 4903 4925 4924
f 4925 4903 4901
f 4925 4901 4926
f 4926 4901 8075
f 4901 4899 8075
f 4926 8075 4874
f 8075 4899 8076
f 8075 8076 4874
f 4874 8076 4897
f 8076 4899 8063
f 8076 8063 4897
f 4874 4897 4873
f 4873 4897 4872
f 4872 4897 4895
f 4895 4871 4872
f 4871 4895 4893
f 4871 4893 8059
f 4893 4870 8059
f 4870 4893 4891
f 4870 4891 4869
f 4758 4927 4928
f 4758 4928 4759
f 4926 4838 4837
f 4838 4926 4874
f 4837 4836 8077
f 4925 4837 8077
f 4925 4926 4837
f 4924 4836 4835
f 4836 4924 8077
f 4924 4925 8077
f 4923 4835 4834
f 4835 4923 4924
f 4769 4834 4768
f 4769 4923 4834
f 4727 4717 8078
f 8078 4713 4727
f 4713 4728 4727
f 4728 4713 4729
f 4729 4724 4728
f 4929 4930 8079
f 8079 4646 4929
f 4922 4889 4921
f 4889 4922 4931
f 4931 4828 8062
f 8062 4889 4931
f 4828 4931 4827
f 4906 4877 8080
f 4877 4879 8080
f 8080 4879 4904
f 8080 4904 4906
f 4904 4879 4881
f 4904 4881 4902
f 4881 4883 4902
f 4902 4883 8081
f 8081 4900 4902
f 4900 8081 4885
f 8081 4883 4885
f 4900 4885 4898
f 4898 4885 4887
f 4898 4887 4896
f 4896 4887 8073
f 8073 4915 4896
f 4896 4915 8074
f 8074 4917 4896
f 4896 4917 4894
f 4894 4917 4919
f 4894 4919 4892
f 4919 4921 4892
f 4892 4921 4890
f 4921 4889 4890
f 4912 4709 8070
f 4709 4910 8070
f 4709 4912 8071
f 8071 4913 4709
f 4709 4913 4932
f 4932 4913 4933
f 4766 4708 4770
f 4934 4935 8082
f 8082 4936 4934
f 4937 4938 8083
f 8083 4939 4937
f 4938 4937 4940
f 4941 4940 4937
f 4941 4942 4940
f 4943 4942 4941
f 4941 4944 4943
f 4944 4945 4943
f 4945 4944 8084
f 8084 4946 4945
f 4946 4947 4945
f 4947 4946 4948
f 4948 4949 4947
f 4949 4948 4950
f 4951 4949 4950
f 4951 4625 4622
f 4625 4951 4950
f 4952 4742 4953
f 4742 4952 4744
f 4952 4746 4744
f 4746 4952 4748
f 4748 4952 4954
f 4954 4750 4748
f 4750 4954 8021
f 4954 4752 8021
f 4752 4954 4955
f 4752 4955 4754
f 4955 4817 4754
f 4817 4955 4956
f 4956 4957 4817
f 4817 4957 8085
f 8085 4848 8053
f 4817 8085 8053
f 4848 8085 8054
f 8085 4957 8086
f 8086 4850 8054
f 8085 8086 8054
f 4850 8086 4958
f 8086 4957 4958
f 4850 4958 8055
f 4958 4852 8055
f 4852 4958 4854
f 4854 4958 4959
f 4959 4856 4854
f 4856 4959 4858
f 4858 4959 4960
f 4858 4960 4711
f 4960 4664 4711
f 4664 4960 4961
f 4664 4961 4665
f 4665 4961 4962
f 4962 4668 4665
f 4962 4963 4668
f 4963 4772 8024
f 4668 4963 8024
f 4772 4963 8088
f 8087 4964 8088
f 4963 8087 8088
f 4772 8088 8026
f 8088 4964 8089
f 8089 4774 8026
f 8088 8089 8026
f 4774 8089 8090
f 4964 4965 8090
f 8089 4964 8090
f 4774 8090 4776
f 8090 4965 4776
f 4965 4966 4776
f 4776 4966 8091
f 8091 4778 4776
f 4967 4968 4969
f 4968 4967 8092
f 8092 4970 4968
f 4970 8092 8093
f 8092 4967 4971
f 8092 4971 8093
f 4970 8093 8094
f 4971 4972 8094
f 8093 4971 8094
f 4972 4971 4973
f 4972 4973 4974
f 4974 4973 4975
f 4975 4939 4974
f 4939 4975 4976
f 4939 4976 4937
f 4937 4976 4977
f 4977 4941 4937
f 4977 4978 4941
f 4941 4978 4944
f 4944 4978 4953
f 4944 4953 8084
f 4953 4946 8084
f 4953 4742 4946
f 4946 4742 4740
f 4946 4740 4948
f 4740 4738 4948
f 4948 4738 8015
f 8015 4736 4948
f 4948 4736 4734
f 4948 4734 4950
f 4734 4731 4950
f 4950 4731 4733
f 4733 4625 4950
f 4625 4733 4829
f 4829 4623 4625
f 4829 4868 4623
f 4868 4866 4623
f 4623 4866 8095
f 4623 8095 4660
f 4660 8095 4864
f 8095 4866 4864
f 4864 4862 4660
f 4660 4862 4711
f 4711 4862 8056
f 8056 4860 4711
f 4711 4860 4858
f 4827 4878 4818
f 4878 4827 4880
f 4880 4827 4882
f 4827 4884 4882
f 4827 4886 4884
f 4827 4888 4886
f 4888 4827 4916
f 4916 4827 4918
f 4918 4827 4920
f 4920 4827 4922
f 4827 4931 4922
f 4646 8096 8000
f 8096 4979 4630
f 8096 4630 8000
f 4980 4728 4727
f 4727 4681 4980
f 4701 4654 4699
f 4654 4703 4656
f 4654 4701 4703
f 4981 4656 4703
f 4982 4640 4642
f 4983 4984 8098
f 8097 4985 8098
f 4984 8097 8098
f 4986 4651 4672
f 4987 4670 4672
f 4987 4672 4651
f 4670 4987 4673
f 4989 4990 4988
f 4991 4992 8099
f 8099 4993 4991
f 4992 4991 4994
f 4992 4994 4995
f 4994 4996 4995
f 4995 4996 4997
f 4997 4996 4998
f 4997 4998 4999
f 4998 4938 4999
f 4999 4938 5000
f 5000 4938 4940
f 4940 5001 5000
f 5001 4940 5002
f 4940 4942 5002
f 5002 4942 4943
f 5002 4943 5003
f 5003 4943 4945
f 4945 5004 5003
f 5004 4945 4947
f 5004 4947 5005
f 4947 4949 5005
f 5005 4949 5006
f 5006 4949 4951
f 5006 4951 5007
f 4951 4622 5007
f 5007 4622 5008
f 4622 4624 5008
f 5008 4624 5009
f 5009 4624 4626
f 5009 4626 5010
f 4626 4661 5010
f 5010 4661 8100
f 5010 8100 5011
f 8100 4661 8001
f 8001 4662 5011
f 8100 8001 5011
f 5011 4662 5012
f 5012 4662 4712
f 5012 4712 5013
f 4712 4666 5013
f 4666 5014 5013
f 5014 4666 4663
f 5014 4663 8101
f 4663 5015 8101
f 5015 4663 8102
f 4663 4667 8102
f 5015 8102 8103
f 4667 5016 8103
f 8102 4667 8103
f 5016 4667 4771
f 5016 4771 5017
f 4771 4773 5017
f 5017 4773 5018
f 5018 4773 8028
f 8028 4775 5018
f 5018 4775 5019
f 5019 4775 8030
f 8030 4777 5019
f 8104 5021 8105
f 8105 5022 5020
f 8104 8105 5020
f 5020 5022 5023
f 5020 5023 8106
f 5023 5024 8106
f 5025 8107 4707
f 8107 5026 4707
f 8107 5025 8108
f 8108 5027 5026
f 8107 8108 5026
f 4976 5001 4977
f 5001 4976 5000
f 4975 5000 4976
f 4975 4999 5000
f 4973 4999 4975
f 4973 4997 4999
f 4971 4997 4973
f 4997 4971 4995
f 4967 4995 4971
f 4995 4967 8109
f 8109 4992 4995
f 4969 4992 8109
f 8109 4967 4969
f 4992 4969 8099
f 4969 4993 8099
f 4968 4993 4969
f 4993 4968 4991
f 4970 4991 4968
f 4991 4970 8110
f 8110 4994 4991
f 4972 4994 8094
f 8110 4970 8094
f 4994 8110 8094
f 4994 4972 8111
f 8111 4996 4994
f 4998 4996 8111
f 8111 4972 4974
f 4998 8111 4974
f 4939 4998 4974
f 4998 4939 8083
f 8083 4938 4998
f 5028 5029 4876
f 4876 5030 5028
f 5030 4876 4647
f 4649 5030 4647
f 4987 4675 4673
f 4675 4987 8112
f 4987 5031 8112
f 5031 4692 8113
f 4692 5032 8113
f 4692 5031 4987
f 8022 4756 5033
f 8022 5033 4757
f 5034 4875 8114
f 8114 4704 5034
f 4616 5033 5035
f 4612 4686 4983
f 5036 5037 4844
f 5037 5036 8115
f 5036 4676 8115
f 5038 4844 8116
f 4844 5037 8116
f 4844 5038 8117
f 8117 4689 4844
f 5039 4981 4703
f 5039 4703 4702
f 4981 5039 5040
f 4981 5040 8118
f 8118 5041 4981
f 5042 8119 5040
f 8119 5041 8118
f 8119 8118 5040
f 5041 8119 5043
f 8119 5042 5043
f 4757 5033 4616
f 4629 7999 4989
f 7999 4628 4989
f 5044 4846 5045
f 4846 5044 4613
f 4614 4613 5044
f 5044 5046 4614
f 5046 4685 4614
f 4685 5046 5047
f 4607 5035 4619
f 5035 4607 4638
f 4928 4634 4759
f 5048 4761 4759
f 5048 4759 4634
f 5049 4632 4631
f 5049 5050 4632
f 5051 5052 5053
f 5052 5051 8120
f 5052 8120 5054
f 8120 5051 5055
f 5054 8120 5055
f 5054 5055 5056
f 5057 5056 5055
f 5055 5058 5057
f 5058 8121 5057
f 8121 5059 5057
f 5059 8121 5060
f 8121 5058 5060
f 4987 5061 4692
f 4615 4610 4608
f 4642 4627 4982
f 4909 8122 4758
f 8122 4927 4758
f 5062 4990 5063
f 4989 4988 5064
f 4653 8123 4988
f 8123 5064 4988
f 8123 4653 8124
f 8124 5065 5064
f 8123 8124 5064
f 5050 4929 4632
f 5048 4637 5066
f 4913 4722 4933
f 4913 4914 4716
f 4713 4914 5067
f 5067 5024 4729
f 4725 5024 5023
f 5023 5068 4720
f 5068 5069 4718
f 5069 5068 5070
f 5070 5068 5071
f 5071 5072 5070
f 5073 5027 8125
f 8125 5074 5073
f 5074 8125 8127
f 8125 5027 8126
f 8126 4933 8127
f 8125 8126 8127
f 5074 8127 8128
f 8127 4933 4722
f 4722 5075 8128
f 8127 4722 8128
f 5075 4723 8129
f 4723 5076 8129
f 5076 4727 8130
f 4727 5077 8130
f 5077 8131 8133
f 8131 4724 8132
f 8132 5078 8133
f 8131 8132 8133
f 5078 4718 8134
f 4718 5069 8134
f 4763 8023 5079
f 8023 4761 5079
f 4620 4683 4757
f 4684 4683 4620
f 5016 4964 8087
f 5016 8087 4963
f 4964 5016 5017
f 4962 5015 8103
f 8103 5016 4963
f 4962 8103 4963
f 5014 4962 4961
f 4962 5014 8101
f 8101 5015 4962
f 5013 4961 4960
f 5013 5014 4961
f 4959 5012 5013
f 4959 5013 4960
f 5012 4958 5011
f 4958 5012 4959
f 5011 4957 5010
f 4957 5011 4958
f 5010 4957 5009
f 5009 4956 5008
f 5009 4957 4956
f 4956 5007 5008
f 4956 4955 5007
f 4955 5006 5007
f 5005 5006 4955
f 5005 4955 4954
f 4954 5004 5005
f 5004 4954 4952
f 5003 5004 4952
f 5003 4952 4953
f 4953 5002 5003
f 4953 4978 5002
f 5002 4978 4977
f 4977 5001 5002
f 5032 4692 4690
f 4690 4692 4688
f 5062 5056 5057
f 5057 5059 5062
f 5062 5059 5080
f 4990 5062 5080
f 4990 5080 5081
f 5082 4656 5043
f 5082 5062 4656
f 5062 5082 5052
f 5062 5052 5054
f 5062 5054 5056
f 5083 8135 4634
f 8135 4635 4634
f 4764 4713 4729
f 4764 4729 5084
f 5085 4642 4641
f 5086 4756 4683
f 5033 5087 5088
f 4770 4908 8136
f 8136 5089 4770
f 5090 4984 4611
f 5090 4611 4615
f 4619 5033 5088
f 5091 5092 8137
f 5092 5093 8137
f 5092 5091 5094
f 5091 5095 8138
f 8138 5096 8139
f 5091 8138 8139
f 5095 5091 8140
f 8137 5093 8140
f 5091 8137 8140
f 5097 5098 5096
f 8138 5095 5097
f 5096 8138 5097
f 4706 8141 5085
f 8141 4627 5085
f 4627 4642 5085
f 4659 8142 4982
f 8142 4640 4982
f 5021 8143 4762
f 8143 4760 4762
f 4766 4645 4644
f 4983 4686 5099
f 4686 4687 5100
f 8144 5101 4686
f 5100 8144 4686
f 5101 5102 4686
f 4654 5103 5104
f 4694 4654 5104
f 4696 4654 4694
f 4699 4654 4696
f 5083 8145 8146
f 8145 4979 8096
f 8096 4646 8146
f 8145 8096 8146
f 4610 4606 4608
f 4610 4985 4606
f 4636 8147 4637
f 8147 5105 4637
f 5105 8147 8149
f 8147 4636 8148
f 8148 5106 8149
f 8147 8148 8149
f 5105 8149 8151
f 8149 5106 8150
f 8150 5078 8151
f 8149 8150 8151
f 5075 5107 8152
f 8152 5074 8128
f 5075 8152 8128
f 8153 5108 5107
f 5075 8153 5107
f 5107 5108 8154
f 8154 5050 5107
f 4657 4705 4658
f 4722 5109 4723
f 4763 5110 4762
f 5110 4763 5068
f 5068 4763 8155
f 8155 5111 5068
f 5068 5111 5071
f 5026 5027 5073
f 5026 5073 5049
f 5073 5112 5049
f 4618 4757 7998
f 4757 4616 7998
f 4653 4988 4654
f 5113 5097 5114
f 5097 5113 5098
f 5114 5115 5103
f 5103 5113 5114
f 5103 5116 5104
f 5116 5103 5115
f 5104 4697 4694
f 5104 5116 4697
f 5099 5118 5117
f 5099 5117 5119
f 5033 4619 5035
f 5061 4640 4704
f 5119 5120 5121
f 5120 5119 5122
f 5121 4986 5123
f 4986 5121 5120
f 4672 4669 5123
f 5123 4986 4672
f 4979 8145 8157
f 8145 5083 8156
f 8156 4927 8157
f 8145 8156 8157
f 5083 4930 8135
f 8158 4635 8135
f 4930 8158 8135
f 4655 5124 5125
f 4655 4656 5062
f 4655 5062 5063
f 4704 4658 4705
f 4844 4611 5036
f 4611 4844 4609
f 4621 4618 4608
f 5085 5126 5034
f 4641 5126 5085
f 5127 4650 8159
f 8159 5118 5127
f 8160 4648 4650
f 5127 8160 4650
f 5117 8161 4652
f 8161 4650 4652
f 4650 8161 8159
f 5117 5118 8159
f 8161 5117 8159
f 4652 5122 5119
f 5119 5117 4652
f 4815 4816 8045
f 8045 4819 4830
f 4815 8045 4830
f 5033 4756 5087
f 5126 4641 5061
f 4929 4646 4632
f 5128 4929 8162
f 4929 5050 8162
f 4620 5088 4684
f 5088 4620 4619
f 4757 4618 4620
f 4620 4618 4621
f 4608 4607 4621
f 5129 4725 4720
f 5129 4720 5130
f 4682 4727 4723
f 8006 4681 4727
f 4682 8006 4727
f 5131 8163 8165
f 8163 5132 8164
f 8164 5133 8165
f 8163 8164 8165
f 5131 8165 5076
f 8165 5133 5076
f 8130 5077 5131
f 5076 8130 5131
f 5079 5111 8155
f 8155 4763 5079
f 5111 5079 5071
f 5079 5072 5071
f 5072 5079 8166
f 5079 5134 8166
f 4934 5087 5086
f 5034 4704 4706
f 4629 4989 5064
f 4979 4908 4630
f 4708 4910 4709
f 4679 4678 5109
f 4638 4639 4617
f 4621 4607 4619
f 5063 5135 5124
f 4984 4983 5099
f 4693 4692 5045
f 5045 4692 5044
f 4692 5046 5044
f 5046 4692 4876
f 4876 4875 5034
f 4706 4705 8141
f 4705 4627 8141
f 5065 4659 4982
f 5125 4659 5065
f 4658 4640 8142
f 8142 4659 4658
f 4640 5061 4641
f 5136 8167 8169
f 8167 4910 8168
f 8168 4765 8169
f 8167 8168 8169
f 4910 8167 8068
f 8167 5136 8170
f 8170 4911 8068
f 8167 8170 8068
f 4911 8170 8072
f 8170 5136 8171
f 8171 4914 8072
f 8170 8171 8072
f 5125 4657 4659
f 4657 5125 5124
f 4638 4616 5035
f 4875 5061 8114
f 5061 4704 8114
f 4764 5137 8172
f 8172 4677 4764
f 5026 4710 4707
f 4710 5026 4631
f 4979 8173 4908
f 8173 5089 8136
f 8173 8136 4908
f 5089 8173 8174
f 8173 4979 8157
f 8157 4927 8174
f 8173 8157 8174
f 5028 5102 5101
f 5102 5028 8175
f 5028 5030 8175
f 5030 8176 8175
f 8176 5138 8177
f 8177 5102 8175
f 8176 8177 8175
f 5138 8176 8178
f 8176 5030 4649
f 8176 4649 8178
f 4649 5127 8178
f 8179 5138 8178
f 5127 8179 8178
f 4649 4648 8160
f 5127 4649 8160
f 4875 4692 5061
f 4643 5139 4644
f 5139 4643 5021
f 5042 5053 5140
f 5053 5042 5040
f 5040 5039 5051
f 5053 5040 5051
f 5051 5039 5055
f 5058 5055 4702
f 5055 5039 4702
f 5058 4702 5060
f 4702 4700 5060
f 5060 4700 4698
f 5060 4698 5141
f 4698 5142 5141
f 5142 4698 4695
f 5142 4695 4697
f 4697 5143 5142
f 5143 4697 5092
f 4697 5116 5092
f 5092 5116 5115
f 5115 5093 5092
f 5093 5115 5114
f 5093 5114 8140
f 5097 5095 8140
f 5114 5097 8140
f 5144 5132 5128
f 5132 5144 8164
f 5144 5133 8164
f 5144 5076 5133
f 4657 5124 5135
f 5135 4628 4657
f 4628 5135 4989
f 4908 4710 4631
f 4908 4631 4630
f 5130 4720 4718
f 5087 4756 5086
f 5019 4778 8091
f 8091 4966 5019
f 4778 5019 8029
f 5019 4777 8029
f 5018 8180 8181
f 8180 4966 4965
f 8180 4965 8181
f 4966 8180 5019
f 8180 5018 5019
f 5017 4965 4964
f 4965 5017 8181
f 5017 5018 8181
f 5150 5145 8182
f 8182 5151 5150
f 5152 8183 8185
f 8183 5153 8184
f 8184 5154 8185
f 8183 8184 8185
f 5154 8186 8188
f 8186 5155 8187
f 8187 5156 8188
f 8186 8187 8188
f 5157 5148 5146
f 5146 5158 5157
f 5158 8189 8190
f 8189 5159 5160
f 8189 5160 8190
f 5160 5159 5149
f 5160 5149 5150
f 5161 5162 5163
f 5161 5163 5164
f 5164 5163 5157
f 5164 5157 5165
f 5157 5158 5165
f 5166 5167 5148
f 5148 5167 8191
f 5148 8191 5168
f 5146 5148 5168
f 5169 5165 8192
f 5165 5158 8192
f 5167 5166 5170
f 5158 8190 8192
f 5160 5169 8192
f 8190 5160 8192
f 5171 5160 5150
f 5147 5151 8182
f 8182 5145 5147
f 5157 5172 5148
f 5145 8193 5146
f 8193 5159 5146
f 5159 8193 5149
f 8193 5145 5149
f 5150 5152 8194
f 8194 5171 5150
f 5173 5159 5146
f 5146 5168 5173
f 5166 5174 5170
f 5157 5163 8195
f 8195 5172 5157
f 5175 8196 5174
f 8196 5168 8197
f 8196 8197 5174
f 5174 8197 8198
f 8197 5168 8191
f 8191 5167 8198
f 8197 8191 8198
f 5174 8198 5170
f 8198 5167 5170
f 5149 5175 8199
f 8199 5145 5149
f 5145 8199 5147
f 8199 5175 5147
f 5147 5175 5174
f 5153 8183 8184
f 8183 5152 8185
f 8185 5154 8184
f 8183 8185 8184
f 5155 8186 8187
f 8186 5154 8188
f 8188 5156 8187
f 8186 8188 8187
f 5166 5169 5160
f 5166 5160 5176
f 5160 5171 5176
f 5147 5171 5151
f 5162 5161 5164
f 5172 5164 5165
f 5172 5165 5169
f 5172 5169 5148
f 5148 5169 5166
f 5147 5176 5149
f 5175 5173 8196
f 5173 5168 8196
f 5176 5174 5166
f 5148 5176 5147
f 5175 5149 5173
f 4617 5090 4615
f 4643 4760 8143
f 5021 4643 8143
f 4643 4645 8067
f 4645 4909 8067
f 4718 4935 5130
f 5139 4765 4644
f 4704 4640 4658
f 4988 5091 8139
f 4988 8139 5096
f 5098 4988 5096
f 5113 4654 4988
f 5113 4988 5098
f 4654 5113 5103
f 5047 5046 4876
f 4876 5177 5047
f 4876 5029 5177
f 5099 5119 5121
f 5123 5036 5099
f 5123 5099 5121
f 4669 5036 5123
f 5090 4639 4984
f 4707 4709 4932
f 4932 4933 4707
f 4707 4933 8200
f 8200 5025 4707
f 5025 8200 8108
f 8200 4933 8126
f 8126 5027 8108
f 8200 8126 8108
f 4762 5022 8105
f 8105 5021 4762
f 5022 4762 5023
f 4762 5110 5023
f 5110 5068 5023
f 4678 4684 4680
f 4655 5063 5124
f 4629 5064 4982
f 5065 4982 5064
f 4609 4612 4983
f 4676 8201 8115
f 8201 5031 8202
f 8202 5037 8115
f 8201 8202 8115
f 5031 8201 8112
f 8201 4676 4675
f 8201 4675 8112
f 5037 8203 8116
f 8203 5032 8204
f 8204 5038 8116
f 8203 8204 8116
f 5032 8203 8113
f 8203 5037 8202
f 8202 5031 8113
f 8203 8202 8113
f 5038 4690 8117
f 8008 4689 8117
f 4690 8008 8117
f 4690 5038 8204
f 8204 5032 4690
f 4683 5137 5086
f 5137 4683 4678
f 5066 5134 5079
f 5066 5070 5134
f 5066 5178 5070
f 5070 5072 8166
f 5070 8166 5134
f 4714 4721 4726
f 4714 4726 8011
f 4726 4715 8011
f 4715 4726 8013
f 4726 4719 8013
f 5041 4656 4981
f 5043 4656 5041
f 5043 5042 5140
f 5140 5082 5043
f 5140 5052 5082
f 5052 5140 5053
f 4990 5081 5179
f 4990 5179 5094
f 4990 5091 4988
f 5091 4990 5094
f 4984 5099 4611
f 4611 5099 5036
f 5034 5126 4647
f 4647 5126 4651
f 4610 4615 4611
f 4671 5036 8003
f 5036 4669 8003
f 4674 5036 8004
f 5036 4671 8004
f 4676 5036 8005
f 5036 4674 8005
f 4639 5090 4617
f 5034 4647 4876
f 5130 4935 4934
f 4910 4766 8168
f 4766 4765 8168
f 5074 8205 5073
f 8205 5112 5073
f 5112 8205 8206
f 8205 5074 8152
f 8152 5107 8206
f 8205 8152 8206
f 5112 8206 5049
f 8206 5107 5049
f 5107 5050 5049
f 5131 8207 8163
f 8207 4636 8208
f 8208 5132 8163
f 8207 8208 8163
f 4636 8207 8209
f 5131 5180 8209
f 8207 5131 8209
f 5180 5131 8210
f 5131 5077 8210
f 5108 5128 8162
f 8162 5050 8154
f 5108 8162 8154
f 5128 5108 5144
f 8153 5075 5144
f 5108 8153 5144
f 5144 5075 8129
f 8129 5076 5144
f 5102 5099 4686
f 5099 5102 8177
f 8177 5138 5099
f 5127 5099 8179
f 5099 5138 8179
f 5118 5099 5127
f 4651 5126 5061
f 4635 8211 4633
f 8211 5181 8212
f 8211 8212 4633
f 5181 8213 8212
f 8213 4636 4633
f 8213 4633 8212
f 4985 4639 4606
f 4639 4985 8097
f 4984 4639 8097
f 4706 5085 5034
f 4678 4682 5109
f 4682 4678 4680
f 5080 5059 5060
f 5060 5141 5080
f 5141 5081 5080
f 5081 5141 5142
f 5179 5081 5142
f 5142 5143 5179
f 5143 5094 5179
f 5094 5143 5092
f 5088 5087 4680
f 4655 5065 8124
f 8124 4653 4655
f 4655 5125 5065
f 4631 5026 5049
f 4609 4844 4612
f 4844 4689 8010
f 8010 4691 4844
f 8214 4691 8009
f 8009 4688 4693
f 8214 8009 4693
f 4691 8214 4845
f 8214 4693 4845
f 4845 4693 5045
f 5045 4846 4845
f 4646 8079 8146
f 4930 5083 8146
f 8079 4930 8146
f 4766 4910 4708
f 4930 4929 5182
f 5128 5182 4929
f 5128 5132 5182
f 4609 4985 4610
f 4985 4609 8098
f 4609 4983 8098
f 4651 5122 4652
f 5120 5122 4651
f 4651 4986 5120
f 4724 8215 4718
f 8215 4935 4718
f 4935 8215 8082
f 8215 4724 4936
f 8215 4936 8082
f 4687 4685 5047
f 5047 5177 4687
f 5177 5100 4687
f 5177 5029 5100
f 5029 5101 8144
f 5029 8144 5100
f 5029 5028 5101
f 4934 5129 5130
f 5129 5137 5084
f 5084 5137 4764
f 5086 5137 4934
f 5137 5129 4934
f 4657 4628 4705
f 5087 4934 4680
f 5061 4987 4651
f 5139 5021 8104
f 5020 5139 8104
f 5020 5183 5139
f 8106 5024 5183
f 5020 8106 5183
f 5183 5024 5067
f 4909 4645 8216
f 4645 5089 8216
f 5178 5069 5070
f 5069 5178 5184
f 5184 5178 5066
f 5184 5066 4637
f 4716 4679 5109
f 5109 4722 4716
f 5184 5078 8134
f 8134 5069 5184
f 5078 5184 8151
f 8217 5105 8151
f 5184 8217 8151
f 5105 8217 4637
f 8217 5184 4637
f 4682 4723 5109
f 4989 5135 5063
f 5063 4990 4989
f 4645 4766 4770
f 5089 4645 4770
f 4717 4679 4716
f 5185 4765 5139
f 5139 5183 5185
f 5185 5183 5067
f 4678 4677 8172
f 8172 5137 4678
f 4930 5181 8158
f 8211 4635 8158
f 5181 8211 8158
f 5181 4930 5182
f 5182 4636 8213
f 8213 5181 5182
f 4636 5182 8208
f 5182 5132 8208
f 4765 5185 8169
f 5185 5136 8169
f 5136 5185 8171
f 5185 4914 8171
f 4914 5185 5067
f 4927 8156 4928
f 8156 5083 8218
f 8156 8218 4928
f 4634 4928 8218
f 8218 5083 4634
f 5048 4634 4633
f 4637 5048 4633
f 4980 4681 4680
f 4680 4936 4980
f 4936 4680 4934
f 8219 4741 8018
f 8018 4743 4745
f 8219 8018 4745
f 4741 8219 4747
f 8219 4745 8020
f 8219 8020 4747
f 4741 4747 4739
f 4739 4747 4749
f 4739 4749 8220
f 4739 8220 4737
f 4737 8220 4751
f 8220 4749 4751
f 4737 4751 4735
f 4735 4751 4753
f 4753 4732 4735
f 4732 4753 4755
f 4732 4755 4730
f 4717 8221 4679
f 8221 4677 4679
f 4927 8122 8174
f 8122 4909 8216
f 8216 5089 8174
f 8122 8216 8174
f 4833 8064 8066
f 8064 4821 8047
f 8047 4822 8066
f 8064 8047 8066
f 8064 4833 8050
f 8050 4832 8064
f 4761 5066 5079
f 5066 4761 5048
f 5106 8148 8222
f 8148 4636 8209
f 8209 5180 8222
f 8148 8209 8222
f 5106 8222 8150
f 8222 5180 8223
f 8223 5078 8150
f 8222 8223 8150
f 5078 8223 8133
f 8223 5180 8210
f 8210 5077 8133
f 8223 8210 8133
f 4684 5088 4680
f 4980 4724 4728
f 4724 4980 4936
f 4729 4725 5129
f 4729 5129 5084
f 4713 4677 8221
f 8221 4717 8078
f 4713 8221 8078
f 4608 4618 7997
f 7997 4615 4608
f 4627 4629 4982
f 67 1587 1527
f 84 67 1527
f 1527 1716 84
f 84 1716 1558
f 67 1066 1605
f 1605 1525 67
f 1525 6132 67
f 6132 1587 67
f 1401 1086 1530
f 1401 1861 1086
f 1454 3362 3363
f 3360 3362 1454
f 1454 1342 3360
f 1456 1342 1454
f 3383 3384 1456
f 3384 3385 1456
f 1456 3385 1342
f 72 1861 1401
f 1400 72 1401
f 72 1400 1402
f 5186 8224 8226
f 8224 5187 8225
f 8225 5188 8226
f 8224 8225 8226
f 5189 8227 8229
f 8227 5190 8228
f 8228 5187 8229
f 8227 8228 8229
f 5190 8227 8231
f 8227 5189 8230
f 8230 5191 8231
f 8227 8230 8231
f 5190 8232 8234
f 8232 5192 8233
f 8233 5193 8234
f 8232 8233 8234
f 5197 5198 5196
f 5196 5199 5197
f 5201 5202 5200
f 5200 5202 5203
f 5206 5207 5196
f 5212 5211 8235
f 8235 5213 5212
f 5215 5216 8236
f 8236 5217 5215
f 5218 5217 8237
f 8237 5219 5218
f 5220 5219 8238
f 8238 5221 5220
f 5221 8238 8240
f 8238 5219 8239
f 8239 5222 8240
f 8238 8239 8240
f 5222 8239 8242
f 8239 5219 8241
f 8241 5223 8242
f 8239 8241 8242
f 5224 5225 5201
f 5224 5201 5200
f 5224 5200 5226
f 5200 5227 5226
f 5229 5230 5231
f 5229 5231 8243
f 5231 5232 8243
f 5235 5236 5237
f 5240 5241 8244
f 8244 5242 8245
f 5240 8244 8245
f 5244 5245 5243
f 5236 5249 5250
f 5251 5250 8246
f 8246 5252 5251
f 5253 8247 8249
f 8247 5252 8248
f 8248 5254 8249
f 8247 8248 8249
f 5254 5256 5238
f 5238 5255 8250
f 5254 5238 8250
f 5243 5257 5258
f 5259 5243 5258
f 5261 5251 5260
f 5251 5261 5262
f 5262 5263 5251
f 5235 5264 5265
f 8251 5235 5265
f 8251 5265 5266
f 5267 8252 8253
f 8252 5266 5268
f 8252 5268 8253
f 5268 5269 8254
f 8254 5267 8253
f 5268 8254 8253
f 5269 5270 5271
f 5271 5270 5272
f 5273 5271 5272
f 5273 5274 8255
f 8255 5275 5273
f 5274 5276 8255
f 5276 5275 8255
f 5277 5278 5279
f 5280 5277 5279
f 5281 5282 8256
f 8256 5205 5281
f 5283 5205 8256
f 8256 5282 5283
f 5284 5205 5283
f 5286 5287 5285
f 5287 5286 8257
f 5286 5288 8257
f 5288 5289 8257
f 5289 5287 8257
f 5289 5290 8258
f 8258 5189 5289
f 5189 8258 8259
f 8258 5290 5291
f 8258 5291 8259
f 5189 8259 5292
f 8259 5291 5292
f 5293 5189 5292
f 5294 5295 8261
f 8260 5296 8261
f 5295 8260 8261
f 5296 8260 5297
f 8260 5295 5297
f 5297 5295 5298
f 5297 5298 5299
f 5300 8262 5302
f 8262 5301 5302
f 5302 5301 5303
f 5301 5304 5303
f 5304 5301 8263
f 5301 5305 8263
f 5303 5306 5302
f 5307 5196 8264
f 5196 5198 8264
f 5204 5228 5308
f 5308 5228 5280
f 5308 5280 5281
f 5281 5280 5279
f 5279 5282 5281
f 5282 5279 5278
f 5282 5278 5283
f 5283 5278 5284
f 5284 5278 5309
f 5309 5310 5284
f 5310 5309 5311
f 5310 5311 5312
f 5312 5311 5313
f 5312 5313 5314
f 5314 5313 5315
f 5315 5316 5314
f 5315 5317 5316
f 5316 5317 5318
f 5318 5317 5276
f 5276 5319 5318
f 5319 5276 5274
f 5319 5274 5320
f 5320 5274 5273
f 5273 5321 5320
f 5321 5273 5272
f 5272 5285 5321
f 5272 5270 5285
f 5285 5270 5286
f 5270 5269 5286
f 5286 5269 8265
f 8265 5288 5286
f 5288 8265 5268
f 8265 5269 5268
f 5288 5268 5289
f 5289 5268 5266
f 5266 5290 5289
f 5290 5266 5265
f 5290 5265 5291
f 5265 5264 5291
f 5291 5264 5292
f 5264 5236 5292
f 5292 5236 5293
f 5236 5263 5293
f 5293 5263 5322
f 5322 5263 5262
f 5322 5262 5323
f 5323 5262 5261
f 5261 5324 5323
f 5324 5261 5325
f 5261 5260 5325
f 5260 5326 5325
f 5325 5326 5327
f 5327 5326 5328
f 5328 5329 5327
f 5329 5328 5330
f 5329 5330 5331
f 5331 5330 5332
f 5331 5332 5333
f 5333 5332 5334
f 5334 5335 5333
f 5335 5334 8266
f 5334 5336 8266
f 5335 8266 8267
f 5336 5337 8267
f 8266 5336 8267
f 5337 5336 5259
f 5259 5338 5337
f 5338 5259 5258
f 5338 5258 5339
f 5258 5257 5339
f 5339 5257 5340
f 5257 5244 5340
f 5340 5244 5341
f 5244 5342 5341
f 5342 5215 5341
f 5215 5342 5247
f 5239 5256 8268
f 8268 5344 5239
f 5343 8269 8271
f 8269 5267 8270
f 8270 5271 8271
f 8269 8270 8271
f 5241 5344 8273
f 8272 5346 8273
f 5344 8272 8273
f 5344 5241 5239
f 5347 5200 5348
f 5349 5233 5350
f 5233 5349 5234
f 5203 5348 5200
f 5351 8274 8276
f 8274 5349 8275
f 8275 5352 8276
f 8274 8275 8276
f 5354 8277 5355
f 8277 5216 5355
f 5204 5345 5348
f 5348 5203 5204
f 5267 8278 8280
f 8278 5249 8279
f 8279 5235 8280
f 8278 8279 8280
f 5357 5350 5233
f 5233 5231 5357
f 5358 5359 8281
f 5230 5358 8281
f 5358 5230 5277
f 5360 5200 8282
f 5200 5347 8282
f 5203 5227 5228
f 5280 5361 5277
f 5278 5230 5231
f 5278 5231 5309
f 5309 5231 5233
f 5233 5311 5309
f 5233 5234 5311
f 5311 5234 5313
f 5234 5315 5313
f 8283 5351 8284
f 8284 5317 5315
f 8283 8284 5315
f 5317 8284 5276
f 8284 5351 5276
f 5263 5237 5251
f 5251 5253 5260
f 5260 5253 8285
f 8285 5326 5260
f 5326 8285 8287
f 8285 5253 8286
f 8286 5255 8287
f 8285 8286 8287
f 5326 8287 5328
f 8287 5255 5328
f 5328 5255 5330
f 5330 5238 5332
f 5332 5238 5334
f 5334 5238 5336
f 5336 5238 5239
f 5336 5239 5259
f 5259 5239 5241
f 5259 5241 5243
f 5244 5246 5342
f 5342 5246 8288
f 5342 8288 5247
f 5204 5203 5228
f 5205 5284 5196
f 5284 5310 5196
f 5196 5310 5199
f 5199 5310 5312
f 5199 5312 5208
f 5208 5312 5314
f 5208 5314 5316
f 5208 5316 5318
f 5362 5318 5319
f 5362 5319 5320
f 5363 5320 5321
f 5363 5321 5285
f 5186 8289 5289
f 8289 5287 5289
f 5186 5289 8290
f 5289 5189 8290
f 5191 5293 5322
f 5191 5322 5323
f 5192 5323 5324
f 5194 5324 5325
f 5194 5325 5327
f 5194 5327 5329
f 5364 5329 5331
f 5364 5331 5333
f 5210 5333 5335
f 5210 5335 8291
f 8267 5337 8291
f 5335 8267 8291
f 5210 8291 8293
f 8291 5337 8292
f 8292 5209 8293
f 8291 8292 8293
f 5209 8292 5338
f 8292 5337 5338
f 5209 5338 5212
f 5212 5338 5339
f 5212 5339 5214
f 5214 5339 5340
f 5340 5353 5214
f 5353 5340 5341
f 5341 5216 5353
f 5216 5341 5215
f 5247 5218 5215
f 5247 5248 5218
f 5218 5248 5220
f 5231 5359 5357
f 5356 8294 8296
f 8294 5271 8295
f 8295 5275 8296
f 8294 8295 8296
f 5358 8297 8299
f 8297 5228 8298
f 8298 5226 8299
f 8297 8298 8299
f 5226 5227 8300
f 8300 5360 5226
f 5200 5360 8300
f 8300 5227 5200
f 5365 5194 5364
f 5365 8301 8303
f 8301 5210 8302
f 8302 5366 8303
f 8301 8302 8303
f 5346 5243 8273
f 5243 5241 8273
f 5368 5210 8293
f 8293 5209 5368
f 5209 5369 5368
f 5369 5209 5212
f 5369 5212 5214
f 5215 5371 5355
f 5218 5371 5215
f 5218 5372 5371
f 5220 5372 5218
f 5248 5373 5220
f 5247 5373 5248
f 5205 8304 8306
f 8304 5307 8305
f 8305 5375 8306
f 8304 8305 8306
f 5374 8307 8309
f 8307 5247 8308
f 8308 5376 8309
f 8307 8308 8309
f 5376 8310 8312
f 8310 5246 8311
f 8311 5377 8312
f 8310 8311 8312
f 5367 5377 5244
f 5367 5244 5243
f 5345 5281 8313
f 5281 5375 8313
f 5281 5345 8314
f 8314 5308 5281
f 5378 8315 8317
f 8315 5362 8316
f 8316 5208 8317
f 8315 8316 8317
f 5380 5208 8318
f 5208 5207 8318
f 5381 5380 8318
f 5207 5381 8318
f 5381 5207 8319
f 5207 5206 8319
f 5205 8320 8321
f 8320 5381 8319
f 8319 5206 8321
f 8320 8319 8321
f 5205 8306 8304
f 8306 5375 8305
f 8305 5307 8304
f 8306 8305 8304
f 5375 5308 8313
f 8314 5345 8313
f 5308 8314 8313
f 5202 8322 5204
f 8322 5345 5204
f 5202 5201 5382
f 5382 5201 5225
f 5225 5383 5382
f 5224 8323 5225
f 8323 5383 5225
f 8323 5224 8324
f 8324 5384 5383
f 8323 8324 5383
f 5226 5384 8324
f 8324 5224 5226
f 5226 8298 8299
f 8298 5228 8297
f 8297 5358 8299
f 8298 8297 8299
f 5385 8325 8327
f 8325 5386 8326
f 8326 5387 8327
f 8325 8326 8327
f 5386 8325 8326
f 8325 5385 8327
f 8327 5387 8326
f 8325 8327 8326
f 5277 5359 5358
f 5359 5277 8281
f 5277 5230 8281
f 5230 5229 5388
f 5388 5232 5389
f 5232 5388 8243
f 5388 5229 8243
f 5232 5349 5389
f 5349 5232 5234
f 5383 5384 5382
f 5382 5384 8328
f 8328 5347 5382
f 5347 8328 8282
f 8328 5384 8329
f 8329 5360 8282
f 8328 8329 8282
f 5360 8329 5226
f 8329 5384 5226
f 5359 5388 5357
f 5357 5388 5389
f 5389 5350 5357
f 5389 5349 5350
f 5344 8268 5390
f 8268 5256 5390
f 5344 5390 8272
f 5390 5346 8272
f 5346 5390 5391
f 5346 5391 5367
f 5373 8330 5392
f 8330 5374 5392
f 5373 5392 5220
f 5382 5348 5202
f 5382 5347 5348
f 5348 5345 8322
f 5202 5348 8322
f 8331 5307 8264
f 8264 5198 5381
f 8331 8264 5381
f 5381 5198 8332
f 8332 5380 5381
f 5380 8332 5197
f 8332 5198 5197
f 5380 5197 8333
f 5197 5379 8333
f 5366 5368 5393
f 5393 5368 5369
f 5369 5394 5393
f 5394 5369 8334
f 5369 5370 8334
f 5371 5372 8335
f 5371 8335 5395
f 5395 8335 5220
f 8335 5372 5220
f 5395 5220 8336
f 5220 5392 8336
f 5395 8336 8337
f 5392 5223 8337
f 8336 5392 8337
f 5392 5222 8242
f 8242 5223 5392
f 5223 8241 8337
f 8241 5219 8338
f 8338 5395 8337
f 8241 8338 8337
f 8339 5217 5371
f 8339 5371 5395
f 5217 8339 8237
f 8339 5395 8338
f 8338 5219 8237
f 8339 8338 8237
f 5371 5217 5355
f 5216 5355 8236
f 5355 5217 8236
f 5353 5354 5355
f 5354 5214 8340
f 5214 5370 8340
f 5214 5354 5353
f 5394 5214 5213
f 5393 5394 5213
f 5393 5213 8235
f 8235 5211 5393
f 5210 8301 8302
f 8301 5365 8303
f 8303 5366 8302
f 8301 8303 8302
f 5211 8341 5393
f 8341 5366 5393
f 5364 5195 8342
f 8342 5365 5364
f 5195 5364 5194
f 5192 8232 8233
f 8232 5190 8234
f 8234 5193 8233
f 8232 8234 8233
f 5191 5187 8228
f 8228 5190 8231
f 5191 8228 8231
f 5187 5191 8229
f 8230 5189 8229
f 5191 8230 8229
f 5186 8226 8224
f 8226 5188 8225
f 8225 5187 8224
f 8226 8225 8224
f 5396 8343 8345
f 8343 5287 8344
f 8344 5363 8345
f 8343 8344 8345
f 5362 8346 8348
f 8346 5397 8347
f 8347 5363 8348
f 8346 8347 8348
f 5349 8274 8275
f 8274 5351 8276
f 8276 5352 8275
f 8274 8276 8275
f 5356 8296 8294
f 8296 5275 8295
f 8295 5271 8294
f 8296 8295 8294
f 5267 8269 8270
f 8269 5343 8271
f 8271 5271 8270
f 8269 8271 8270
f 5249 8278 8279
f 8278 5267 8280
f 8280 5235 8279
f 8278 8280 8279
f 5237 5252 8246
f 8246 5250 5237
f 5252 5237 5251
f 5253 8249 8247
f 8249 5254 8248
f 8248 5252 8247
f 8249 8248 8247
f 5255 8349 8250
f 8349 5256 5254
f 8349 5254 8250
f 5256 8349 5238
f 8349 5255 5238
f 5250 5249 5237
f 5390 5238 5240
f 5391 5390 5240
f 5391 5240 8245
f 8245 5242 5391
f 5242 8350 5391
f 8350 5367 5391
f 5243 5377 5367
f 5377 5243 8351
f 5243 5245 8351
f 5377 8311 8312
f 8311 5246 8310
f 8310 5376 8312
f 8311 8310 8312
f 5376 8308 8309
f 8308 5247 8307
f 8307 5374 8309
f 8308 8307 8309
f 5374 8352 5392
f 8352 5221 5392
f 5222 5392 8240
f 5392 5221 8240
f 5199 5379 5197
f 5379 5199 5208
f 5378 8317 8315
f 8317 5208 8316
f 8316 5362 8315
f 8317 8316 8315
f 5363 8347 8348
f 8347 5397 8346
f 8346 5362 8348
f 8347 8346 8348
f 5287 8343 8344
f 8343 5396 8345
f 8345 5363 8344
f 8343 8345 8344
f 1818 1300 1052
f 1300 1819 1197
f 1197 1820 1300
f 1300 1820 1118
f 1118 1821 1300
f 1300 1829 120
f 1300 120 1830
f 1300 1831 1052
f 1300 1832 1831
f 1832 1300 1833
f 1833 1300 1834
f 1300 1835 1834
f 1835 1300 1836
f 1300 1837 1836
f 1838 1300 6243
f 1300 1839 6243
f 1839 1300 1841
f 1839 1841 1084
f 1841 1840 1084
f 1840 1841 1245
f 1841 1842 1243
f 1842 1841 1830
f 1841 1300 1830
f 1842 1830 1321
f 1830 1843 1321
f 60 1073 1074
f 1074 860 60
f 77 8353 1074
f 8353 860 1074
f 77 60 8353
f 60 860 8353
