query,id,class,tp,fp,fn,tn,P,N_total,AP,ROC_AUC,NDCG,NDCG_top10,TP,FP,FN,TN,TPR,TNR,PPV,NPV,FNR,FPR,FDR,FOR,TS,ACC,F1,F0_5,F2,MCC,BM,MK,LR+,LR-
m1337_06_fill_holes_and_orientation.obj,m1337,AircraftBuoyant,1,9,6,0,7,2437,0.10859910448903147,0.8247729149463253,0.38757561202257085,0.07839826897867534,1,9,6,0,0.14285714285714285,0.0,0.1,0.0,0.8571428571428571,1.0,0.9,1.0,0.0625,0.0625,0.11764705882352941,0.10638297872340426,0.13157894736842102,-0.8783100656536799,-0.8571428571428572,-0.9,0.14285714285714285,
m1338_06_fill_holes_and_orientation.obj,m1338,AircraftBuoyant,1,9,6,0,7,2437,0.09813604220331373,0.7950178915496835,0.3802760797033737,0.1100458831490401,1,9,6,0,0.14285714285714285,0.0,0.1,0.0,0.8571428571428571,1.0,0.9,1.0,0.0625,0.0625,0.11764705882352941,0.10638297872340426,0.13157894736842102,-0.8783100656536799,-0.8571428571428572,-0.9,0.14285714285714285,
m1339_06_fill_holes_and_orientation.obj,m1339,AircraftBuoyant,0,10,7,0,7,2437,0.008401608242813446,0.21555188549408202,0.23577397350025975,0.0,0,10,7,0,0.0,0.0,0.0,0.0,1.0,1.0,1.0,1.0,0.0,0.0,,,,-1.0,-1.0,-1.0,0.0,
m1340_06_fill_holes_and_orientation.obj,m1340,AircraftBuoyant,1,9,6,0,7,2437,0.16133050332781532,0.6221029452243325,0.42095204350601084,0.2200917662980802,1,9,6,0,0.14285714285714285,0.0,0.1,0.0,0.8571428571428571,1.0,0.9,1.0,0.0625,0.0625,0.11764705882352941,0.10638297872340426,0.13157894736842102,-0.8783100656536799,-0.8571428571428572,-0.9,0.14285714285714285,
m1341_06_fill_holes_and_orientation.obj,m1341,AircraftBuoyant,1,9,6,0,7,2437,0.17464018343577867,0.7331406551059729,0.4434296641379038,0.2200917662980802,1,9,6,0,0.14285714285714285,0.0,0.1,0.0,0.8571428571428571,1.0,0.9,1.0,0.0625,0.0625,0.11764705882352941,0.10638297872340426,0.13157894736842102,-0.8783100656536799,-0.8571428571428572,-0.9,0.14285714285714285,
m1342_06_fill_holes_and_orientation.obj,m1342,AircraftBuoyant,3,7,4,0,7,2437,0.3653942886293658,0.8568676025323424,0.575777523574213,0.3647442587311446,3,7,4,0,0.42857142857142855,0.0,0.3,0.0,0.5714285714285714,1.0,0.7,1.0,0.21428571428571427,0.21428571428571427,0.3529411764705882,0.3191489361702127,0.3947368421052631,-0.6324555320336759,-0.5714285714285714,-0.7,0.42857142857142855,
m1343_06_fill_holes_and_orientation.obj,m1343,AircraftBuoyant,1,9,6,0,7,2437,0.09067071440919058,0.8261216625378476,0.36972292853102,0.06943122193677728,1,9,6,0,0.14285714285714285,0.0,0.1,0.0,0.8571428571428571,1.0,0.9,1.0,0.0625,0.0625,0.11764705882352941,0.10638297872340426,0.13157894736842102,-0.8783100656536799,-0.8571428571428572,-0.9,0.14285714285714285,
m1344_06_fill_holes_and_orientation.obj,m1344,AircraftBuoyant,3,7,4,0,7,2437,0.2876098354963412,0.8576658409028352,0.511752234652031,0.29343678345195284,3,7,4,0,0.42857142857142855,0.0,0.3,0.0,0.5714285714285714,1.0,0.7,1.0,0.21428571428571427,0.21428571428571427,0.3529411764705882,0.3191489361702127,0.3947368421052631,-0.6324555320336759,-0.5714285714285714,-0.7,0.42857142857142855,
m1345_06_fill_holes_and_orientation.obj,m1345,AircraftBuoyant,0,10,7,0,7,2437,0.00832178336223067,0.19402697495183047,0.23682415771613968,0.0,0,10,7,0,0.0,0.0,0.0,0.0,1.0,1.0,1.0,1.0,0.0,0.0,,,,-1.0,-1.0,-1.0,0.0,
m1346_06_fill_holes_and_orientation.obj,m1346,AircraftBuoyant,1,9,6,0,7,2437,0.19769950820029086,0.7963941646022571,0.47167528299753747,0.2200917662980802,1,9,6,0,0.14285714285714285,0.0,0.1,0.0,0.8571428571428571,1.0,0.9,1.0,0.0625,0.0625,0.11764705882352941,0.10638297872340426,0.13157894736842102,-0.8783100656536799,-0.8571428571428572,-0.9,0.14285714285714285,
m1347_06_fill_holes_and_orientation.obj,m1347,AircraftBuoyant,2,8,5,0,7,2437,0.1949624656526038,0.8361409303605836,0.4607658295440529,0.2122263659729146,2,8,5,0,0.2857142857142857,0.0,0.2,0.0,0.7142857142857143,1.0,0.8,1.0,0.13333333333333333,0.13333333333333333,0.23529411764705882,0.2127659574468085,0.26315789473684204,-0.7559289460184545,-0.7142857142857143,-0.8,0.2857142857142857,
m1348_06_fill_holes_and_orientation.obj,m1348,AircraftBuoyant,1,9,6,0,7,2437,0.1984114784924495,0.7964767409854114,0.4723421413300146,0.2200917662980802,1,9,6,0,0.14285714285714285,0.0,0.1,0.0,0.8571428571428571,1.0,0.9,1.0,0.0625,0.0625,0.11764705882352941,0.10638297872340426,0.13157894736842102,-0.8783100656536799,-0.8571428571428572,-0.9,0.14285714285714285,
m1349_06_fill_holes_and_orientation.obj,m1349,AircraftBuoyant,0,10,7,0,7,2437,0.026660216800688297,0.6734929810074318,0.2901204509171019,0.0,0,10,7,0,0.0,0.0,0.0,0.0,1.0,1.0,1.0,1.0,0.0,0.0,,,,-1.0,-1.0,-1.0,0.0,
m1350_06_fill_holes_and_orientation.obj,m1350,AircraftBuoyant,1,9,6,0,7,2437,0.049128296335241746,0.6135425268373245,0.3208682217793489,0.08514311764162101,1,9,6,0,0.14285714285714285,0.0,0.1,0.0,0.8571428571428571,1.0,0.9,1.0,0.0625,0.0625,0.11764705882352941,0.10638297872340426,0.13157894736842102,-0.8783100656536799,-0.8571428571428572,-0.9,0.14285714285714285,
m1351_06_fill_holes_and_orientation.obj,m1351,AircraftBuoyant,1,9,6,0,7,2437,0.13219353951351503,0.8304156344618772,0.3996352801460312,0.06943122193677728,1,9,6,0,0.14285714285714285,0.0,0.1,0.0,0.8571428571428571,1.0,0.9,1.0,0.0625,0.0625,0.11764705882352941,0.10638297872340426,0.13157894736842102,-0.8783100656536799,-0.8571428571428572,-0.9,0.14285714285714285,
m1352_06_fill_holes_and_orientation.obj,m1352,AircraftBuoyant,3,7,4,0,7,2437,0.27326947094778287,0.836223506743738,0.4968592935704152,0.29062463495159,3,7,4,0,0.42857142857142855,0.0,0.3,0.0,0.5714285714285714,1.0,0.7,1.0,0.21428571428571427,0.21428571428571427,0.3529411764705882,0.3191489361702127,0.3947368421052631,-0.6324555320336759,-0.5714285714285714,-0.7,0.42857142857142855,
D00045_06_fill_holes_and_orientation.obj,d00045,Apartment,3,7,4,0,7,2437,0.3317528335814721,0.8803124411820064,0.5008019752489398,0.26180807422707547,3,7,4,0,0.42857142857142855,0.0,0.3,0.0,0.5714285714285714,1.0,0.7,1.0,0.21428571428571427,0.21428571428571427,0.3529411764705882,0.3191489361702127,0.3947368421052631,-0.6324555320336759,-0.5714285714285714,-0.7,0.42857142857142855,
D00086_06_fill_holes_and_orientation.obj,d00086,Apartment,0,10,7,0,7,2437,0.04288217356215669,0.40624882364012793,0.3221343153663315,0.0,0,10,7,0,0.0,0.0,0.0,0.0,1.0,1.0,1.0,1.0,0.0,0.0,,,,-1.0,-1.0,-1.0,0.0,
D00138_06_fill_holes_and_orientation.obj,d00138,Apartment,0,10,7,0,7,2437,0.03312331404243737,0.4436288349331827,0.3091834921036696,0.0,0,10,7,0,0.0,0.0,0.0,0.0,1.0,1.0,1.0,1.0,0.0,0.0,,,,-1.0,-1.0,-1.0,0.0,
D00156_06_fill_holes_and_orientation.obj,d00156,Apartment,2,8,5,0,7,2437,0.4264498145292519,0.7987577639751552,0.5633241360064591,0.3052348839397012,2,8,5,0,0.2857142857142857,0.0,0.2,0.0,0.7142857142857143,1.0,0.8,1.0,0.13333333333333333,0.13333333333333333,0.23529411764705882,0.2127659574468085,0.26315789473684204,-0.7559289460184545,-0.7142857142857143,-0.8,0.2857142857142857,
D00310_06_fill_holes_and_orientation.obj,d00310,Apartment,0,10,7,0,7,2437,0.1899850910879655,0.6843026538678713,0.4177461349451579,0.0,0,10,7,0,0.0,0.0,0.0,0.0,1.0,1.0,1.0,1.0,0.0,0.0,,,,-1.0,-1.0,-1.0,0.0,
D00348_06_fill_holes_and_orientation.obj,d00348,Apartment,1,9,6,0,7,2437,0.19803912912130484,0.5690193864106907,0.44551025542538014,0.2200917662980802,1,9,6,0,0.14285714285714285,0.0,0.1,0.0,0.8571428571428571,1.0,0.9,1.0,0.0625,0.0625,0.11764705882352941,0.10638297872340426,0.13157894736842102,-0.8783100656536799,-0.8571428571428572,-0.9,0.14285714285714285,
D00366_06_fill_holes_and_orientation.obj,d00366,Apartment,1,9,6,0,7,2437,0.1259948244546252,0.44285714285714284,0.3921231956803712,0.13886244387355456,1,9,6,0,0.14285714285714285,0.0,0.1,0.0,0.8571428571428571,1.0,0.9,1.0,0.0625,0.0625,0.11764705882352941,0.10638297872340426,0.13157894736842102,-0.8783100656536799,-0.8571428571428572,-0.9,0.14285714285714285,
D00478_06_fill_holes_and_orientation.obj,d00478,Apartment,1,9,6,0,7,2437,0.20215996685097454,0.4766986636551853,0.44691988463807875,0.2200917662980802,1,9,6,0,0.14285714285714285,0.0,0.1,0.0,0.8571428571428571,1.0,0.9,1.0,0.0625,0.0625,0.11764705882352941,0.10638297872340426,0.13157894736842102,-0.8783100656536799,-0.8571428571428572,-0.9,0.14285714285714285,
D00496_06_fill_holes_and_orientation.obj,d00496,Apartment,1,9,6,0,7,2437,0.12349515205551742,0.5476943346508564,0.39362649210938633,0.13886244387355456,1,9,6,0,0.14285714285714285,0.0,0.1,0.0,0.8571428571428571,1.0,0.9,1.0,0.0625,0.0625,0.11764705882352941,0.10638297872340426,0.13157894736842102,-0.8783100656536799,-0.8571428571428572,-0.9,0.14285714285714285,
D00626_06_fill_holes_and_orientation.obj,d00626,Apartment,0,10,7,0,7,2437,0.05559450659265077,0.4775644645209862,0.3310477490498845,0.0,0,10,7,0,0.0,0.0,0.0,0.0,1.0,1.0,1.0,1.0,0.0,0.0,,,,-1.0,-1.0,-1.0,0.0,
D00639_06_fill_holes_and_orientation.obj,d00639,Apartment,0,10,7,0,7,2437,0.08444807432298476,0.686128364389234,0.3615053014114301,0.0,0,10,7,0,0.0,0.0,0.0,0.0,1.0,1.0,1.0,1.0,0.0,0.0,,,,-1.0,-1.0,-1.0,0.0,
D00651_06_fill_holes_and_orientation.obj,d00651,Apartment,2,8,5,0,7,2437,0.4264258831790269,0.7987012987012987,0.5633103447374725,0.3052348839397012,2,8,5,0,0.2857142857142857,0.0,0.2,0.0,0.7142857142857143,1.0,0.8,1.0,0.13333333333333333,0.13333333333333333,0.23529411764705882,0.2127659574468085,0.26315789473684204,-0.7559289460184545,-0.7142857142857143,-0.8,0.2857142857142857,
D00681_06_fill_holes_and_orientation.obj,d00681,Apartment,2,8,5,0,7,2437,0.3404424410381008,0.910653115000941,0.49611453640951814,0.16354138662029635,2,8,5,0,0.2857142857142857,0.0,0.2,0.0,0.7142857142857143,1.0,0.8,1.0,0.13333333333333333,0.13333333333333333,0.23529411764705882,0.2127659574468085,0.26315789473684204,-0.7559289460184545,-0.7142857142857143,-0.8,0.2857142857142857,
D00780_06_fill_holes_and_orientation.obj,d00780,Apartment,0,10,6,0,6,2437,0.019921643879723006,0.19851308112177674,0.27265644192533606,0.0,0,10,6,0,0.0,0.0,0.0,0.0,1.0,1.0,1.0,1.0,0.0,0.0,,,,-1.0,-1.0,-1.0,0.0,
D00792_06_fill_holes_and_orientation.obj,d00792,Apartment,1,9,6,0,7,2437,0.09693827660459566,0.46102013928100877,0.372254622737099,0.1100458831490401,1,9,6,0,0.14285714285714285,0.0,0.1,0.0,0.8571428571428571,1.0,0.9,1.0,0.0625,0.0625,0.11764705882352941,0.10638297872340426,0.13157894736842102,-0.8783100656536799,-0.8571428571428572,-0.9,0.14285714285714285,
D00859_06_fill_holes_and_orientation.obj,d00859,Apartment,0,10,7,0,7,2437,0.04589454030267428,0.39973649538866923,0.3253305074666842,0.0,0,10,7,0,0.0,0.0,0.0,0.0,1.0,1.0,1.0,1.0,0.0,0.0,,,,-1.0,-1.0,-1.0,0.0,
D00860_06_fill_holes_and_orientation.obj,d00860,Apartment,1,9,6,0,7,2437,0.20127728732703157,0.48560135516657255,0.446878047941857,0.2200917662980802,1,9,6,0,0.14285714285714285,0.0,0.1,0.0,0.8571428571428571,1.0,0.9,1.0,0.0625,0.0625,0.11764705882352941,0.10638297872340426,0.13157894736842102,-0.8783100656536799,-0.8571428571428572,-0.9,0.14285714285714285,
D00869_06_fill_holes_and_orientation.obj,d00869,Apartment,0,10,7,0,7,2437,0.054847911830747074,0.3971202710333145,0.33077627026186457,0.0,0,10,7,0,0.0,0.0,0.0,0.0,1.0,1.0,1.0,1.0,0.0,0.0,,,,-1.0,-1.0,-1.0,0.0,
D00921_06_fill_holes_and_orientation.obj,d00921,Apartment,1,9,6,0,7,2437,0.06955304388228364,0.5795595708639187,0.3516436076240439,0.06362078819895173,1,9,6,0,0.14285714285714285,0.0,0.1,0.0,0.8571428571428571,1.0,0.9,1.0,0.0625,0.0625,0.11764705882352941,0.10638297872340426,0.13157894736842102,-0.8783100656536799,-0.8571428571428572,-0.9,0.14285714285714285,
D00953_06_fill_holes_and_orientation.obj,d00953,Apartment,0,10,7,0,7,2437,0.02644173994563245,0.3022586109542631,0.2965646591969975,0.0,0,10,7,0,0.0,0.0,0.0,0.0,1.0,1.0,1.0,1.0,0.0,0.0,,,,-1.0,-1.0,-1.0,0.0,
m463_06_fill_holes_and_orientation.obj,m463,Apartment,0,10,7,0,7,2437,0.13506671975880816,0.8346508563899868,0.3966221946792297,0.0,0,10,7,0,0.0,0.0,0.0,0.0,1.0,1.0,1.0,1.0,0.0,0.0,,,,-1.0,-1.0,-1.0,0.0,
m464_06_fill_holes_and_orientation.obj,m464,Apartment,0,10,7,0,7,2437,0.0945708962255959,0.5397891963109355,0.3650097312155618,0.0,0,10,7,0,0.0,0.0,0.0,0.0,1.0,1.0,1.0,1.0,0.0,0.0,,,,-1.0,-1.0,-1.0,0.0,
m465_06_fill_holes_and_orientation.obj,m465,Apartment,0,10,7,0,7,2437,0.053383966507332146,0.5015433841520798,0.3286177077985183,0.0,0,10,7,0,0.0,0.0,0.0,0.0,1.0,1.0,1.0,1.0,0.0,0.0,,,,-1.0,-1.0,-1.0,0.0,
m53_06_fill_holes_and_orientation.obj,m53,AquaticAnimal,3,7,4,0,7,2437,0.41075882742980385,0.8713846626709697,0.5448017550203891,0.3621108234757073,3,7,4,0,0.42857142857142855,0.0,0.3,0.0,0.5714285714285714,1.0,0.7,1.0,0.21428571428571427,0.21428571428571427,0.3529411764705882,0.3191489361702127,0.3947368421052631,-0.6324555320336759,-0.5714285714285714,-0.7,0.42857142857142855,
m54_06_fill_holes_and_orientation.obj,m54,AquaticAnimal,5,5,2,0,7,2437,0.9346763486388331,0.875718457046258,0.6817433314106102,0.633219679627003,5,5,2,0,0.7142857142857143,0.0,0.5,0.0,0.2857142857142857,1.0,0.5,1.0,0.4166666666666667,0.4166666666666667,0.588235294117647,0.5319148936170213,0.6578947368421053,-0.37796447300922725,-0.2857142857142857,-0.5,0.7142857142857143,
m55_06_fill_holes_and_orientation.obj,m55,AquaticAnimal,3,7,4,0,7,2437,0.5768600068308547,0.8796987859228522,0.5983071045522985,0.44409732781325584,3,7,4,0,0.42857142857142855,0.0,0.3,0.0,0.5714285714285714,1.0,0.7,1.0,0.21428571428571427,0.21428571428571427,0.3529411764705882,0.3191489361702127,0.3947368421052631,-0.6324555320336759,-0.5714285714285714,-0.7,0.42857142857142855,
m56_06_fill_holes_and_orientation.obj,m56,AquaticAnimal,6,4,1,0,7,2437,1.0218100099212546,0.8955739972337482,0.6994904209121701,0.6901935063354876,6,4,1,0,0.8571428571428571,0.0,0.6,0.0,0.14285714285714285,1.0,0.4,1.0,0.5454545454545454,0.5454545454545454,0.7058823529411764,0.6382978723404255,0.7894736842105262,-0.23904572186687872,-0.1428571428571429,-0.4,0.8571428571428571,
m57_06_fill_holes_and_orientation.obj,m57,AquaticAnimal,5,5,2,0,7,2437,0.8935933030909932,0.8855386506838789,0.6753065233988264,0.6020521034564039,5,5,2,0,0.7142857142857143,0.0,0.5,0.0,0.2857142857142857,1.0,0.5,1.0,0.4166666666666667,0.4166666666666667,0.588235294117647,0.5319148936170213,0.6578947368421053,-0.37796447300922725,-0.2857142857142857,-0.5,0.7142857142857143,
m58_06_fill_holes_and_orientation.obj,m58,AquaticAnimal,2,8,5,0,7,2437,0.26950122424808914,0.8309512832334409,0.45778739675185226,0.1356854453911663,2,8,5,0,0.2857142857142857,0.0,0.2,0.0,0.7142857142857143,1.0,0.8,1.0,0.13333333333333333,0.13333333333333333,0.23529411764705882,0.2127659574468085,0.26315789473684204,-0.7559289460184545,-0.7142857142857143,-0.8,0.2857142857142857,
m59_06_fill_holes_and_orientation.obj,m59,AquaticAnimal,2,8,5,0,7,2437,0.43541843602046415,0.8501613646841863,0.5541921900535841,0.29849003527675555,2,8,5,0,0.2857142857142857,0.0,0.2,0.0,0.7142857142857143,1.0,0.8,1.0,0.13333333333333333,0.13333333333333333,0.23529411764705882,0.2127659574468085,0.26315789473684204,-0.7559289460184545,-0.7142857142857143,-0.8,0.2857142857142857,
m60_06_fill_holes_and_orientation.obj,m60,AquaticAnimal,1,9,6,0,7,2437,0.3603985312040751,0.8067465806055018,0.522182711455195,0.2200917662980802,1,9,6,0,0.14285714285714285,0.0,0.1,0.0,0.8571428571428571,1.0,0.9,1.0,0.0625,0.0625,0.11764705882352941,0.10638297872340426,0.13157894736842102,-0.8783100656536799,-0.8571428571428572,-0.9,0.14285714285714285,
m61_06_fill_holes_and_orientation.obj,m61,AquaticAnimal,4,6,3,0,7,2437,0.6731613007384364,0.8928538497003227,0.6271651658101176,0.48882922182497557,4,6,3,0,0.5714285714285714,0.0,0.4,0.0,0.42857142857142855,1.0,0.6,1.0,0.3076923076923077,0.3076923076923077,0.47058823529411764,0.425531914893617,0.5263157894736841,-0.50709255283711,-0.4285714285714286,-0.6,0.5714285714285714,
m62_06_fill_holes_and_orientation.obj,m62,AquaticAnimal,3,7,4,0,7,2437,0.7899097729854975,0.8906715844475181,0.6510865817589223,0.428385432108412,3,7,4,0,0.42857142857142855,0.0,0.3,0.0,0.5714285714285714,1.0,0.7,1.0,0.21428571428571427,0.21428571428571427,0.3529411764705882,0.3191489361702127,0.3947368421052631,-0.6324555320336759,-0.5714285714285714,-0.7,0.42857142857142855,
m63_06_fill_holes_and_orientation.obj,m63,AquaticAnimal,0,10,7,0,7,2437,0.1127358410402719,0.809435992008606,0.3724784983825531,0.0,0,10,7,0,0.0,0.0,0.0,0.0,1.0,1.0,1.0,1.0,0.0,0.0,,,,-1.0,-1.0,-1.0,0.0,
m64_06_fill_holes_and_orientation.obj,m64,AquaticAnimal,6,4,1,0,7,2437,1.1895586888044407,0.8978331028123561,0.7276335019137077,0.727329844310522,6,4,1,0,0.8571428571428571,0.0,0.6,0.0,0.14285714285714285,1.0,0.4,1.0,0.5454545454545454,0.5454545454545454,0.7058823529411764,0.6382978723404255,0.7894736842105262,-0.23904572186687872,-0.1428571428571429,-0.4,0.8571428571428571,
m65_06_fill_holes_and_orientation.obj,m65,AquaticAnimal,0,10,7,0,7,2437,0.043989665540434764,0.5343629936990933,0.31948358070837174,0.0,0,10,7,0,0.0,0.0,0.0,0.0,1.0,1.0,1.0,1.0,0.0,0.0,,,,-1.0,-1.0,-1.0,0.0,
m66_06_fill_holes_and_orientation.obj,m66,AquaticAnimal,0,10,7,0,7,2437,0.1757875860228901,0.8353619179345321,0.40922102211199984,0.0,0,10,7,0,0.0,0.0,0.0,0.0,1.0,1.0,1.0,1.0,0.0,0.0,,,,-1.0,-1.0,-1.0,0.0,
m67_06_fill_holes_and_orientation.obj,m67,AquaticAnimal,6,4,1,0,7,2437,1.1306425716030362,0.8871215613954204,0.7167119976834645,0.6961622681399229,6,4,1,0,0.8571428571428571,0.0,0.6,0.0,0.14285714285714285,1.0,0.4,1.0,0.5454545454545454,0.5454545454545454,0.7058823529411764,0.6382978723404255,0.7894736842105262,-0.23904572186687872,-0.1428571428571429,-0.4,0.8571428571428571,
m68_06_fill_holes_and_orientation.obj,m68,AquaticAnimal,2,8,5,0,7,2437,0.3364665803671098,0.880620869832488,0.48935903871734027,0.16815228646891087,2,8,5,0,0.2857142857142857,0.0,0.2,0.0,0.7142857142857143,1.0,0.8,1.0,0.13333333333333333,0.13333333333333333,0.23529411764705882,0.2127659574468085,0.26315789473684204,-0.7559289460184545,-0.7142857142857143,-0.8,0.2857142857142857,
m69_06_fill_holes_and_orientation.obj,m69,AquaticAnimal,3,7,4,0,7,2437,0.7414982712850461,0.901521438450899,0.6398065630730295,0.4152807670887413,3,7,4,0,0.42857142857142855,0.0,0.3,0.0,0.5714285714285714,1.0,0.7,1.0,0.21428571428571427,0.21428571428571427,0.3529411764705882,0.3191489361702127,0.3947368421052631,-0.6324555320336759,-0.5714285714285714,-0.7,0.42857142857142855,
m70_06_fill_holes_and_orientation.obj,m70,AquaticAnimal,3,7,4,0,7,2437,0.5027533966895767,0.7962962962962963,0.572097434623597,0.400023248309252,3,7,4,0,0.42857142857142855,0.0,0.3,0.0,0.5714285714285714,1.0,0.7,1.0,0.21428571428571427,0.21428571428571427,0.3529411764705882,0.3191489361702127,0.3947368421052631,-0.6324555320336759,-0.5714285714285714,-0.7,0.42857142857142855,
m71_06_fill_holes_and_orientation.obj,m71,AquaticAnimal,2,8,5,0,7,2437,0.5512676517211896,0.8993391731980944,0.5651222321939984,0.24890832702259466,2,8,5,0,0.2857142857142857,0.0,0.2,0.0,0.7142857142857143,1.0,0.8,1.0,0.13333333333333333,0.13333333333333333,0.23529411764705882,0.2127659574468085,0.26315789473684204,-0.7559289460184545,-0.7142857142857143,-0.8,0.2857142857142857,
m72_06_fill_holes_and_orientation.obj,m72,AquaticAnimal,1,9,6,0,7,2437,0.4223532373987193,0.8975872137697863,0.5032737805417447,0.07839826897867534,1,9,6,0,0.14285714285714285,0.0,0.1,0.0,0.8571428571428571,1.0,0.9,1.0,0.0625,0.0625,0.11764705882352941,0.10638297872340426,0.13157894736842102,-0.8783100656536799,-0.8571428571428572,-0.9,0.14285714285714285,
m73_06_fill_holes_and_orientation.obj,m73,AquaticAnimal,0,10,7,0,7,2437,0.21028965060819796,0.8507299830951283,0.4295724916274546,0.0,0,10,7,0,0.0,0.0,0.0,0.0,1.0,1.0,1.0,1.0,0.0,0.0,,,,-1.0,-1.0,-1.0,0.0,
m75_06_fill_holes_and_orientation.obj,m75,AquaticAnimal,4,6,3,0,7,2437,0.5211327631857557,0.7342707853081296,0.5676343955945855,0.4671223597454321,4,6,3,0,0.5714285714285714,0.0,0.4,0.0,0.42857142857142855,1.0,0.6,1.0,0.3076923076923077,0.3076923076923077,0.47058823529411764,0.425531914893617,0.5263157894736841,-0.50709255283711,-0.4285714285714286,-0.6,0.5714285714285714,
m76_06_fill_holes_and_orientation.obj,m76,AquaticAnimal,3,7,4,0,7,2437,0.36668425355893264,0.8124635008452435,0.49832697065443354,0.24618570546556087,3,7,4,0,0.42857142857142855,0.0,0.3,0.0,0.5714285714285714,1.0,0.7,1.0,0.21428571428571427,0.21428571428571427,0.3529411764705882,0.3191489361702127,0.3947368421052631,-0.6324555320336759,-0.5714285714285714,-0.7,0.42857142857142855,
m77_06_fill_holes_and_orientation.obj,m77,AquaticAnimal,1,9,6,0,7,2437,0.21444108441574494,0.6837252189949286,0.4465506568578403,0.13886244387355456,1,9,6,0,0.14285714285714285,0.0,0.1,0.0,0.8571428571428571,1.0,0.9,1.0,0.0625,0.0625,0.11764705882352941,0.10638297872340426,0.13157894736842102,-0.8783100656536799,-0.8571428571428572,-0.9,0.14285714285714285,
m78_06_fill_holes_and_orientation.obj,m78,AquaticAnimal,4,6,3,0,7,2437,0.5768142952031298,0.7297833102812356,0.5814372075338424,0.47338717040861206,4,6,3,0,0.5714285714285714,0.0,0.4,0.0,0.42857142857142855,1.0,0.6,1.0,0.3076923076923077,0.3076923076923077,0.47058823529411764,0.425531914893617,0.5263157894736841,-0.50709255283711,-0.4285714285714286,-0.6,0.5714285714285714,
m79_06_fill_holes_and_orientation.obj,m79,AquaticAnimal,4,6,3,0,7,2437,0.4976584460222776,0.7471492239127093,0.5617495504948976,0.4479321408033599,4,6,3,0,0.5714285714285714,0.0,0.4,0.0,0.42857142857142855,1.0,0.6,1.0,0.3076923076923077,0.3076923076923077,0.47058823529411764,0.425531914893617,0.5263157894736841,-0.50709255283711,-0.4285714285714286,-0.6,0.5714285714285714,
m80_06_fill_holes_and_orientation.obj,m80,AquaticAnimal,1,9,6,0,7,2437,0.14222420056612076,0.7064545873674504,0.40286805084482724,0.06943122193677728,1,9,6,0,0.14285714285714285,0.0,0.1,0.0,0.8571428571428571,1.0,0.9,1.0,0.0625,0.0625,0.11764705882352941,0.10638297872340426,0.13157894736842102,-0.8783100656536799,-0.8571428571428572,-0.9,0.14285714285714285,
m81_06_fill_holes_and_orientation.obj,m81,AquaticAnimal,2,8,5,0,7,2437,0.32685730058785223,0.7495773782080837,0.49276390109640855,0.23365080824310536,2,8,5,0,0.2857142857142857,0.0,0.2,0.0,0.7142857142857143,1.0,0.8,1.0,0.13333333333333333,0.13333333333333333,0.23529411764705882,0.2127659574468085,0.26315789473684204,-0.7559289460184545,-0.7142857142857143,-0.8,0.2857142857142857,
D00031_06_fill_holes_and_orientation.obj,d00031,Bed,1,9,6,0,7,2437,0.46864005308216744,0.8897680502823596,0.5105490710661347,0.06362078819895173,1,9,6,0,0.14285714285714285,0.0,0.1,0.0,0.8571428571428571,1.0,0.9,1.0,0.0625,0.0625,0.11764705882352941,0.10638297872340426,0.13157894736842102,-0.8783100656536799,-0.8571428571428572,-0.9,0.14285714285714285,
D00110_06_fill_holes_and_orientation.obj,d00110,Bed,1,9,6,0,7,2437,0.5335487470725473,0.8867370704782567,0.5791127859157522,0.2200917662980802,1,9,6,0,0.14285714285714285,0.0,0.1,0.0,0.8571428571428571,1.0,0.9,1.0,0.0625,0.0625,0.11764705882352941,0.10638297872340426,0.13157894736842102,-0.8783100656536799,-0.8571428571428572,-0.9,0.14285714285714285,
D00121_06_fill_holes_and_orientation.obj,d00121,Bed,1,9,6,0,7,2437,0.3902841143065253,0.9073636856714417,0.49839623630384733,0.1100458831490401,1,9,6,0,0.14285714285714285,0.0,0.1,0.0,0.8571428571428571,1.0,0.9,1.0,0.0625,0.0625,0.11764705882352941,0.10638297872340426,0.13157894736842102,-0.8783100656536799,-0.8571428571428572,-0.9,0.14285714285714285,
D00184_06_fill_holes_and_orientation.obj,d00184,Bed,0,10,6,0,6,2437,0.2744104557398798,0.8989567048463771,0.4394213833717762,0.0,0,10,6,0,0.0,0.0,0.0,0.0,1.0,1.0,1.0,1.0,0.0,0.0,,,,-1.0,-1.0,-1.0,0.0,
D00210_06_fill_holes_and_orientation.obj,d00210,Bed,0,10,7,0,7,2437,0.30422267189807334,0.9215454806495867,0.456395663871269,0.0,0,10,7,0,0.0,0.0,0.0,0.0,1.0,1.0,1.0,1.0,0.0,0.0,,,,-1.0,-1.0,-1.0,0.0,
D00213_06_fill_holes_and_orientation.obj,d00213,Bed,1,9,6,0,7,2437,0.21126343114567686,0.6818587882461794,0.4467514737028018,0.13886244387355456,1,9,6,0,0.14285714285714285,0.0,0.1,0.0,0.8571428571428571,1.0,0.9,1.0,0.0625,0.0625,0.11764705882352941,0.10638297872340426,0.13157894736842102,-0.8783100656536799,-0.8571428571428572,-0.9,0.14285714285714285,
D00217_06_fill_holes_and_orientation.obj,d00217,Bed,4,6,3,0,7,2437,0.43443640269264605,0.6554095013240595,0.5115449622783793,0.3565964385966263,4,6,3,0,0.5714285714285714,0.0,0.4,0.0,0.42857142857142855,1.0,0.6,1.0,0.3076923076923077,0.3076923076923077,0.47058823529411764,0.425531914893617,0.5263157894736841,-0.50709255283711,-0.4285714285714286,-0.6,0.5714285714285714,
D00307_06_fill_holes_and_orientation.obj,d00307,Bed,1,9,6,0,7,2437,0.24288527620694025,0.869109530038605,0.4449546691890165,0.06625422345438904,1,9,6,0,0.14285714285714285,0.0,0.1,0.0,0.8571428571428571,1.0,0.9,1.0,0.0625,0.0625,0.11764705882352941,0.10638297872340426,0.13157894736842102,-0.8783100656536799,-0.8571428571428572,-0.9,0.14285714285714285,
D00322_06_fill_holes_and_orientation.obj,d00322,Bed,3,7,3,0,6,2437,0.43220259605052,0.7173850620553234,0.4982999022142848,0.24309789328476908,3,7,3,0,0.5,0.0,0.3,0.0,0.5,1.0,0.7,1.0,0.23076923076923078,0.23076923076923078,0.37499999999999994,0.32608695652173914,0.4411764705882353,-0.5916079783099616,-0.5,-0.7,0.5,
D00417_06_fill_holes_and_orientation.obj,d00417,Bed,4,6,3,0,7,2437,1.1886424586007929,0.9358070382541556,0.7383243407278979,0.5321408435198609,4,6,3,0,0.5714285714285714,0.0,0.4,0.0,0.42857142857142855,1.0,0.6,1.0,0.3076923076923077,0.3076923076923077,0.47058823529411764,0.425531914893617,0.5263157894736841,-0.50709255283711,-0.4285714285714286,-0.6,0.5714285714285714,
D00538_06_fill_holes_and_orientation.obj,d00538,Bed,2,8,4,0,6,2437,0.8750254883063655,0.8820310755192546,0.6450625276291645,0.35895421017163476,2,8,4,0,0.3333333333333333,0.0,0.2,0.0,0.6666666666666666,1.0,0.8,1.0,0.14285714285714285,0.14285714285714285,0.25,0.21739130434782608,0.29411764705882354,-0.7302967433402214,-0.6666666666666667,-0.8,0.3333333333333333,
D00545_06_fill_holes_and_orientation.obj,d00545,Bed,0,10,7,0,7,2437,0.06997885965400533,0.5342022142105095,0.35179232421556966,0.0,0,10,7,0,0.0,0.0,0.0,0.0,1.0,1.0,1.0,1.0,0.0,0.0,,,,-1.0,-1.0,-1.0,0.0,
D00552_06_fill_holes_and_orientation.obj,d00552,Bed,1,9,6,0,7,2437,0.5754465066162239,0.9210669048910441,0.5342948357425276,0.06625422345438904,1,9,6,0,0.14285714285714285,0.0,0.1,0.0,0.8571428571428571,1.0,0.9,1.0,0.0625,0.0625,0.11764705882352941,0.10638297872340426,0.13157894736842102,-0.8783100656536799,-0.8571428571428572,-0.9,0.14285714285714285,
D00565_06_fill_holes_and_orientation.obj,d00565,Bed,5,5,2,0,7,2437,0.9064525471495902,0.9257728998500462,0.6492237745391063,0.47674870152787446,5,5,2,0,0.7142857142857143,0.0,0.5,0.0,0.2857142857142857,1.0,0.5,1.0,0.4166666666666667,0.4166666666666667,0.588235294117647,0.5319148936170213,0.6578947368421053,-0.37796447300922725,-0.2857142857142857,-0.5,0.7142857142857143,
D00650_06_fill_holes_and_orientation.obj,d00650,Bed,3,7,4,0,7,2437,0.5628315514963051,0.7688160035733657,0.5513183187867805,0.2832325164972662,3,7,4,0,0.42857142857142855,0.0,0.3,0.0,0.5714285714285714,1.0,0.7,1.0,0.21428571428571427,0.21428571428571427,0.3529411764705882,0.3191489361702127,0.3947368421052631,-0.6324555320336759,-0.5714285714285714,-0.7,0.42857142857142855,
D00735_06_fill_holes_and_orientation.obj,d00735,Bed,2,8,5,0,7,2437,0.6199541008148719,0.8990683725233704,0.6138472106283744,0.35895421017163476,2,8,5,0,0.2857142857142857,0.0,0.2,0.0,0.7142857142857143,1.0,0.8,1.0,0.13333333333333333,0.13333333333333333,0.23529411764705882,0.2127659574468085,0.26315789473684204,-0.7559289460184545,-0.7142857142857143,-0.8,0.2857142857142857,
D00836_06_fill_holes_and_orientation.obj,d00836,Bed,0,10,7,0,7,2437,0.028815549542334278,0.34814791181444027,0.29704750428749777,0.0,0,10,7,0,0.0,0.0,0.0,0.0,1.0,1.0,1.0,1.0,0.0,0.0,,,,-1.0,-1.0,-1.0,0.0,
D00839_06_fill_holes_and_orientation.obj,d00839,Bed,4,6,3,0,7,2437,0.8679674896254058,0.9562900807197778,0.6746789542744662,0.48864468918810133,4,6,3,0,0.5714285714285714,0.0,0.4,0.0,0.42857142857142855,1.0,0.6,1.0,0.3076923076923077,0.3076923076923077,0.47058823529411764,0.425531914893617,0.5263157894736841,-0.50709255283711,-0.4285714285714286,-0.6,0.5714285714285714,
D00969_06_fill_holes_and_orientation.obj,d00969,Bed,3,7,4,0,7,2437,0.8629784928998694,0.9567048463771815,0.671623518992395,0.4152807670887413,3,7,4,0,0.42857142857142855,0.0,0.3,0.0,0.5714285714285714,1.0,0.7,1.0,0.21428571428571427,0.21428571428571427,0.3529411764705882,0.3191489361702127,0.3947368421052631,-0.6324555320336759,-0.5714285714285714,-0.7,0.42857142857142855,
D00988_06_fill_holes_and_orientation.obj,d00988,Bed,4,6,3,0,7,2437,1.0414376948271207,0.9130746897233831,0.7044030266017314,0.4920062203073638,4,6,3,0,0.5714285714285714,0.0,0.4,0.0,0.42857142857142855,1.0,0.6,1.0,0.3076923076923077,0.3076923076923077,0.47058823529411764,0.425531914893617,0.5263157894736841,-0.50709255283711,-0.4285714285714286,-0.6,0.5714285714285714,
m945_06_fill_holes_and_orientation.obj,m945,Bed,1,9,5,0,6,2437,0.5438274239741739,0.8965957311042336,0.5083258959209107,0.06625422345438904,1,9,5,0,0.16666666666666666,0.0,0.1,0.0,0.8333333333333334,1.0,0.9,1.0,0.06666666666666667,0.06666666666666667,0.125,0.10869565217391304,0.14705882352941177,-0.8660254037844386,-0.8333333333333334,-0.9,0.16666666666666666,
m946_06_fill_holes_and_orientation.obj,m946,Bed,4,6,3,0,7,2437,0.6284522088910665,0.6741218134830744,0.6054187703114211,0.5326208815196266,4,6,3,0,0.5714285714285714,0.0,0.4,0.0,0.42857142857142855,1.0,0.6,1.0,0.3076923076923077,0.3076923076923077,0.47058823529411764,0.425531914893617,0.5263157894736841,-0.50709255283711,-0.4285714285714286,-0.6,0.5714285714285714,
m947_06_fill_holes_and_orientation.obj,m947,Bed,1,9,6,0,7,2437,0.37250925510946475,0.8701623967073988,0.5058675957308397,0.13886244387355456,1,9,6,0,0.14285714285714285,0.0,0.1,0.0,0.8571428571428571,1.0,0.9,1.0,0.0625,0.0625,0.11764705882352941,0.10638297872340426,0.13157894736842102,-0.8783100656536799,-0.8571428571428572,-0.9,0.14285714285714285,
m948_06_fill_holes_and_orientation.obj,m948,Bed,0,10,7,0,7,2437,0.2201063524031507,0.7763136904571993,0.42543589047542024,0.0,0,10,7,0,0.0,0.0,0.0,0.0,1.0,1.0,1.0,1.0,0.0,0.0,,,,-1.0,-1.0,-1.0,0.0,
m949_06_fill_holes_and_orientation.obj,m949,Bed,1,9,6,0,7,2437,0.3956364873049778,0.927974348339342,0.4940209427587156,0.09478836436955079,1,9,6,0,0.14285714285714285,0.0,0.1,0.0,0.8571428571428571,1.0,0.9,1.0,0.0625,0.0625,0.11764705882352941,0.10638297872340426,0.13157894736842102,-0.8783100656536799,-0.8571428571428572,-0.9,0.14285714285714285,
m950_06_fill_holes_and_orientation.obj,m950,Bed,0,10,7,0,7,2437,0.20037271206322976,0.8485626774718438,0.4165416739667876,0.0,0,10,7,0,0.0,0.0,0.0,0.0,1.0,1.0,1.0,1.0,0.0,0.0,,,,-1.0,-1.0,-1.0,0.0,
m951_06_fill_holes_and_orientation.obj,m951,Bed,2,8,5,0,7,2437,0.6302347136551326,0.9536738665730784,0.5714170016056216,0.18340980524840014,2,8,5,0,0.2857142857142857,0.0,0.2,0.0,0.7142857142857143,1.0,0.8,1.0,0.13333333333333333,0.13333333333333333,0.23529411764705882,0.2127659574468085,0.26315789473684204,-0.7559289460184545,-0.7142857142857143,-0.8,0.2857142857142857,
D00016_06_fill_holes_and_orientation.obj,d00016,Bicycle,10,0,0,0,7,2437,1.9378067148165086,0.9455389718076286,0.8401047760971284,1.0,10,0,0,0,1.0,,1.0,,0.0,,0.0,,1.0,1.0,1.0,1.0,1.0,,,,,
D00033_06_fill_holes_and_orientation.obj,d00033,Bicycle,10,0,0,0,7,2437,1.880027069830175,0.9400331674958541,0.8337775166798247,1.0,10,0,0,0,1.0,,1.0,,0.0,,0.0,,1.0,1.0,1.0,1.0,1.0,,,,,
D00040_06_fill_holes_and_orientation.obj,d00040,Bicycle,0,10,7,0,7,2437,0.14784848640891043,0.872587064676617,0.3971814944768652,0.0,0,10,7,0,0.0,0.0,0.0,0.0,1.0,1.0,1.0,1.0,0.0,0.0,,,,-1.0,-1.0,-1.0,0.0,
D00077_06_fill_holes_and_orientation.obj,d00077,Bicycle,10,0,0,0,7,2437,2.018025753918715,0.9477611940298507,0.8492937661947806,1.0,10,0,0,0,1.0,,1.0,,0.0,,0.0,,1.0,1.0,1.0,1.0,1.0,,,,,
D00078_06_fill_holes_and_orientation.obj,d00078,Bicycle,4,6,3,0,7,2437,0.9230706584660368,0.9537479270315091,0.6968845983766563,0.5637884576902257,4,6,3,0,0.5714285714285714,0.0,0.4,0.0,0.42857142857142855,1.0,0.6,1.0,0.3076923076923077,0.3076923076923077,0.47058823529411764,0.425531914893617,0.5263157894736841,-0.50709255283711,-0.4285714285714286,-0.6,0.5714285714285714,
D00462_06_fill_holes_and_orientation.obj,d00462,Bicycle,7,3,0,0,7,2437,1.8468930837841953,0.9648922056384743,0.8379699285025826,0.7778721720600673,7,3,0,0,1.0,0.0,0.7,,0.0,1.0,0.3,,0.7,0.7,0.8235294117647058,0.7446808510638298,0.9210526315789475,,0.0,,1.0,
D00514_06_fill_holes_and_orientation.obj,d00514,Bicycle,1,9,5,0,6,2437,0.36687107618954107,0.9208623548922057,0.4717619730046062,0.07336392209936006,1,9,5,0,0.16666666666666666,0.0,0.1,0.0,0.8333333333333334,1.0,0.9,1.0,0.06666666666666667,0.06666666666666667,0.125,0.10869565217391304,0.14705882352941177,-0.8660254037844386,-0.8333333333333334,-0.9,0.16666666666666666,
D00536_06_fill_holes_and_orientation.obj,d00536,Bicycle,5,5,2,0,7,2437,1.2618511951387272,0.9688723051409618,0.7626223959198827,0.6421867266689011,5,5,2,0,0.7142857142857143,0.0,0.5,0.0,0.2857142857142857,1.0,0.5,1.0,0.4166666666666667,0.4166666666666667,0.588235294117647,0.5319148936170213,0.6578947368421053,-0.37796447300922725,-0.2857142857142857,-0.5,0.7142857142857143,
D00555_06_fill_holes_and_orientation.obj,d00555,Bicycle,1,9,6,0,7,2437,0.16268964912931533,0.8574461028192372,0.4166510267495763,0.08514311764162101,1,9,6,0,0.14285714285714285,0.0,0.1,0.0,0.8571428571428571,1.0,0.9,1.0,0.0625,0.0625,0.11764705882352941,0.10638297872340426,0.13157894736842102,-0.8783100656536799,-0.8571428571428572,-0.9,0.14285714285714285,
D00558_06_fill_holes_and_orientation.obj,d00558,Bicycle,8,2,0,0,7,2437,1.8292639633597128,0.9414759535655057,0.8303022476841961,0.8603818544462509,8,2,0,0,1.0,0.0,0.8,,0.0,1.0,0.2,,0.8,0.8,0.888888888888889,0.8333333333333334,0.9523809523809523,,0.0,,1.0,
D00567_06_fill_holes_and_orientation.obj,d00567,Bicycle,9,1,0,0,7,2437,1.8647149059343449,0.9450414593698175,0.8334597303059691,0.9363792118010483,9,1,0,0,1.0,0.0,0.9,,0.0,1.0,0.1,,0.9,0.9,0.9473684210526316,0.9183673469387754,0.9782608695652175,,0.0,,1.0,
D00621_06_fill_holes_and_orientation.obj,d00621,Bicycle,10,0,0,0,7,2437,1.9455071007997327,0.9458872305140962,0.8410917446771385,1.0,10,0,0,0,1.0,,1.0,,0.0,,0.0,,1.0,1.0,1.0,1.0,1.0,,,,,
D00708_06_fill_holes_and_orientation.obj,d00708,Bicycle,9,1,0,0,7,2437,1.9510706310024044,0.9656882255389718,0.8524021960738745,0.9363792118010483,9,1,0,0,1.0,0.0,0.9,,0.0,1.0,0.1,,0.9,0.9,0.9473684210526316,0.9183673469387754,0.9782608695652175,,0.0,,1.0,
D00750_06_fill_holes_and_orientation.obj,d00750,Bicycle,2,8,5,0,7,2437,0.5208519054070482,0.9443117744610282,0.5546957748199243,0.2024832320725063,2,8,5,0,0.2857142857142857,0.0,0.2,0.0,0.7142857142857143,1.0,0.8,1.0,0.13333333333333333,0.13333333333333333,0.23529411764705882,0.2127659574468085,0.26315789473684204,-0.7559289460184545,-0.7142857142857143,-0.8,0.2857142857142857,
D00838_06_fill_holes_and_orientation.obj,d00838,Bicycle,7,3,0,0,7,2437,1.8824803202303397,0.9694693200663349,0.846171869911027,0.7909506325094736,7,3,0,0,1.0,0.0,0.7,,0.0,1.0,0.3,,0.7,0.7,0.8235294117647058,0.7446808510638298,0.9210526315789475,,0.0,,1.0,
D00847_06_fill_holes_and_orientation.obj,d00847,Bicycle,4,6,3,0,7,2437,0.9344777159639477,0.9545439469320066,0.699567955834893,0.5637884576902257,4,6,3,0,0.5714285714285714,0.0,0.4,0.0,0.42857142857142855,1.0,0.6,1.0,0.3076923076923077,0.3076923076923077,0.47058823529411764,0.425531914893617,0.5263157894736841,-0.50709255283711,-0.4285714285714286,-0.6,0.5714285714285714,
D00904_06_fill_holes_and_orientation.obj,d00904,Bicycle,4,6,3,0,7,2437,0.7596895910450037,0.961592039800995,0.5912780509516885,0.2941924851321474,4,6,3,0,0.5714285714285714,0.0,0.4,0.0,0.42857142857142855,1.0,0.6,1.0,0.3076923076923077,0.3076923076923077,0.47058823529411764,0.425531914893617,0.5263157894736841,-0.50709255283711,-0.4285714285714286,-0.6,0.5714285714285714,
D00930_06_fill_holes_and_orientation.obj,d00930,Bicycle,5,5,2,0,7,2437,0.9947736060921291,0.9582587064676616,0.7125258880581603,0.6300426811446147,5,5,2,0,0.7142857142857143,0.0,0.5,0.0,0.2857142857142857,1.0,0.5,1.0,0.4166666666666667,0.4166666666666667,0.588235294117647,0.5319148936170213,0.6578947368421053,-0.37796447300922725,-0.2857142857142857,-0.5,0.7142857142857143,
D00931_06_fill_holes_and_orientation.obj,d00931,Bicycle,4,6,3,0,7,2437,1.2519851553458283,0.9695854063018242,0.755357508073389,0.5326208815196266,4,6,3,0,0.5714285714285714,0.0,0.4,0.0,0.42857142857142855,1.0,0.6,1.0,0.3076923076923077,0.3076923076923077,0.47058823529411764,0.425531914893617,0.5263157894736841,-0.50709255283711,-0.4285714285714286,-0.6,0.5714285714285714,
D00974_06_fill_holes_and_orientation.obj,d00974,Bicycle,1,9,6,0,7,2437,0.35103905725300494,0.8885074626865672,0.5274218036140869,0.2200917662980802,1,9,6,0,0.14285714285714285,0.0,0.1,0.0,0.8571428571428571,1.0,0.9,1.0,0.0625,0.0625,0.11764705882352941,0.10638297872340426,0.13157894736842102,-0.8783100656536799,-0.8571428571428572,-0.9,0.14285714285714285,
m1472_06_fill_holes_and_orientation.obj,m1472,Bicycle,8,2,0,0,7,2437,1.7525231083424722,0.9585240464344942,0.8185598280243487,0.823699893396571,8,2,0,0,1.0,0.0,0.8,,0.0,1.0,0.2,,0.8,0.8,0.888888888888889,0.8333333333333334,0.9523809523809523,,0.0,,1.0,
m1473_06_fill_holes_and_orientation.obj,m1473,Bicycle,10,0,0,0,7,2437,1.9118046041257206,0.9424046434494195,0.8380320397561629,1.0,10,0,0,0,1.0,,1.0,,0.0,,0.0,,1.0,1.0,1.0,1.0,1.0,,,,,
m1475_06_fill_holes_and_orientation.obj,m1475,Bicycle,2,8,5,0,7,2437,0.4052874486193083,0.9130679933665008,0.5452920295604928,0.2837125544970319,2,8,5,0,0.2857142857142857,0.0,0.2,0.0,0.7142857142857143,1.0,0.8,1.0,0.13333333333333333,0.13333333333333333,0.23529411764705882,0.2127659574468085,0.26315789473684204,-0.7559289460184545,-0.7142857142857143,-0.8,0.2857142857142857,
m1476_06_fill_holes_and_orientation.obj,m1476,Bicycle,9,1,0,0,7,2437,1.8640589942868602,0.9449253731343283,0.8333136032780224,0.9363792118010483,9,1,0,0,1.0,0.0,0.9,,0.0,1.0,0.1,,0.9,0.9,0.9473684210526316,0.9183673469387754,0.9782608695652175,,0.0,,1.0,
m1477_06_fill_holes_and_orientation.obj,m1477,Bicycle,4,6,3,0,7,2437,0.9279494822593305,0.9541956882255389,0.6980179493167535,0.5637884576902257,4,6,3,0,0.5714285714285714,0.0,0.4,0.0,0.42857142857142855,1.0,0.6,1.0,0.3076923076923077,0.3076923076923077,0.47058823529411764,0.425531914893617,0.5263157894736841,-0.50709255283711,-0.4285714285714286,-0.6,0.5714285714285714,
m1478_06_fill_holes_and_orientation.obj,m1478,Bicycle,10,0,0,0,7,2437,1.9645963190224054,0.9470480928689884,0.8435352799691037,1.0,10,0,0,0,1.0,,1.0,,0.0,,0.0,,1.0,1.0,1.0,1.0,1.0,,,,,
D00069_06_fill_holes_and_orientation.obj,d00069,Biplane,4,6,3,0,7,2437,2.1295012112712026,0.9473844166698324,0.7602713031521614,0.513528549750033,4,6,3,0,0.5714285714285714,0.0,0.4,0.0,0.42857142857142855,1.0,0.6,1.0,0.3076923076923077,0.3076923076923077,0.47058823529411764,0.425531914893617,0.5263157894736841,-0.50709255283711,-0.4285714285714286,-0.6,0.5714285714285714,
D00132_06_fill_holes_and_orientation.obj,d00132,Biplane,0,10,7,0,7,2437,0.6663265089682603,0.9029081031797288,0.5286191147764884,0.0,0,10,7,0,0.0,0.0,0.0,0.0,1.0,1.0,1.0,1.0,0.0,0.0,,,,-1.0,-1.0,-1.0,0.0,
D00178_06_fill_holes_and_orientation.obj,d00178,Biplane,2,8,5,0,7,2437,1.1726534138409936,0.9242962428294648,0.6477433648635076,0.2837125544970319,2,8,5,0,0.2857142857142857,0.0,0.2,0.0,0.7142857142857143,1.0,0.8,1.0,0.13333333333333333,0.13333333333333333,0.23529411764705882,0.2127659574468085,0.26315789473684204,-0.7559289460184545,-0.7142857142857143,-0.8,0.2857142857142857,
D00199_06_fill_holes_and_orientation.obj,d00199,Biplane,4,6,3,0,7,2437,1.2805110641200377,0.9256163811115754,0.6404624048475722,0.3565964385966263,4,6,3,0,0.5714285714285714,0.0,0.4,0.0,0.42857142857142855,1.0,0.6,1.0,0.3076923076923077,0.3076923076923077,0.47058823529411764,0.425531914893617,0.5263157894736841,-0.50709255283711,-0.4285714285714286,-0.6,0.5714285714285714,
D00246_06_fill_holes_and_orientation.obj,d00246,Biplane,1,9,6,0,7,2437,0.6553806887606886,0.9041522622801352,0.5283490487095415,0.06943122193677728,1,9,6,0,0.14285714285714285,0.0,0.1,0.0,0.8571428571428571,1.0,0.9,1.0,0.0625,0.0625,0.11764705882352941,0.10638297872340426,0.13157894736842102,-0.8783100656536799,-0.8571428571428572,-0.9,0.14285714285714285,
D00276_06_fill_holes_and_orientation.obj,d00276,Biplane,0,10,7,0,7,2437,0.7268059453207727,0.9013790221479314,0.5379590200094646,0.0,0,10,7,0,0.0,0.0,0.0,0.0,1.0,1.0,1.0,1.0,0.0,0.0,,,,-1.0,-1.0,-1.0,0.0,
D00277_06_fill_holes_and_orientation.obj,d00277,Biplane,3,7,4,0,7,2437,1.2563585820035337,0.919044181894161,0.6749006430600448,0.44409732781325584,3,7,4,0,0.42857142857142855,0.0,0.3,0.0,0.5714285714285714,1.0,0.7,1.0,0.21428571428571427,0.21428571428571427,0.3529411764705882,0.3191489361702127,0.3947368421052631,-0.6324555320336759,-0.5714285714285714,-0.7,0.42857142857142855,
D00320_06_fill_holes_and_orientation.obj,d00320,Biplane,4,6,3,0,7,2437,1.2489567755417608,0.9153971811723587,0.6651908477869825,0.4480300279758385,4,6,3,0,0.5714285714285714,0.0,0.4,0.0,0.42857142857142855,1.0,0.6,1.0,0.3076923076923077,0.3076923076923077,0.47058823529411764,0.425531914893617,0.5263157894736841,-0.50709255283711,-0.4285714285714286,-0.6,0.5714285714285714,
D00373_06_fill_holes_and_orientation.obj,d00373,Biplane,6,4,1,0,7,2437,2.1638533740246495,0.9413630665197735,0.7659556860656076,0.6464018466408364,6,4,1,0,0.8571428571428571,0.0,0.6,0.0,0.14285714285714285,1.0,0.4,1.0,0.5454545454545454,0.5454545454545454,0.7058823529411764,0.6382978723404255,0.7894736842105262,-0.23904572186687872,-0.1428571428571429,-0.4,0.8571428571428571,
D00410_06_fill_holes_and_orientation.obj,d00410,Biplane,0,10,7,0,7,2437,0.4145637004407289,0.86375033240892,0.47391528502910707,0.0,0,10,7,0,0.0,0.0,0.0,0.0,1.0,1.0,1.0,1.0,0.0,0.0,,,,-1.0,-1.0,-1.0,0.0,
D00490_06_fill_holes_and_orientation.obj,d00490,Biplane,3,7,4,0,7,2437,1.5865325948536932,0.9300136762527067,0.7104276500088603,0.4373524791503101,3,7,4,0,0.42857142857142855,0.0,0.3,0.0,0.5714285714285714,1.0,0.7,1.0,0.21428571428571427,0.21428571428571427,0.3529411764705882,0.3191489361702127,0.3947368421052631,-0.6324555320336759,-0.5714285714285714,-0.7,0.42857142857142855,
D00515_06_fill_holes_and_orientation.obj,d00515,Biplane,3,7,4,0,7,2437,1.0173107520646236,0.9205542681305322,0.6077529437227777,0.2745478892647209,3,7,4,0,0.42857142857142855,0.0,0.3,0.0,0.5714285714285714,1.0,0.7,1.0,0.21428571428571427,0.21428571428571427,0.3529411764705882,0.3191489361702127,0.3947368421052631,-0.6324555320336759,-0.5714285714285714,-0.7,0.42857142857142855,
D00601_06_fill_holes_and_orientation.obj,d00601,Biplane,0,10,7,0,7,2437,0.22115265823521793,0.7622896326406565,0.41619323233762084,0.0,0,10,7,0,0.0,0.0,0.0,0.0,1.0,1.0,1.0,1.0,0.0,0.0,,,,-1.0,-1.0,-1.0,0.0,
D00616_06_fill_holes_and_orientation.obj,d00616,Biplane,2,8,5,0,7,2437,1.039036274839378,0.9235744406032748,0.5930814765185901,0.1517621910780354,2,8,5,0,0.2857142857142857,0.0,0.2,0.0,0.7142857142857143,1.0,0.8,1.0,0.13333333333333333,0.13333333333333333,0.23529411764705882,0.2127659574468085,0.26315789473684204,-0.7559289460184545,-0.7142857142857143,-0.8,0.2857142857142857,
D00632_06_fill_holes_and_orientation.obj,d00632,Biplane,5,5,2,0,7,2437,1.3449505140556162,0.9241252896706302,0.6870673711702502,0.5680035776621611,5,5,2,0,0.7142857142857143,0.0,0.5,0.0,0.2857142857142857,1.0,0.5,1.0,0.4166666666666667,0.4166666666666667,0.588235294117647,0.5319148936170213,0.6578947368421053,-0.37796447300922725,-0.2857142857142857,-0.5,0.7142857142857143,
D00634_06_fill_holes_and_orientation.obj,d00634,Biplane,3,7,4,0,7,2437,1.143834059839302,0.9275918398358849,0.610797344671074,0.24309789328476908,3,7,4,0,0.42857142857142855,0.0,0.3,0.0,0.5714285714285714,1.0,0.7,1.0,0.21428571428571427,0.21428571428571427,0.3529411764705882,0.3191489361702127,0.3947368421052631,-0.6324555320336759,-0.5714285714285714,-0.7,0.42857142857142855,
D00666_06_fill_holes_and_orientation.obj,d00666,Biplane,3,7,4,0,7,2437,0.9415214062019474,0.8807221821220985,0.6307007544019599,0.46900009332067494,3,7,4,0,0.42857142857142855,0.0,0.3,0.0,0.5714285714285714,1.0,0.7,1.0,0.21428571428571427,0.21428571428571427,0.3529411764705882,0.3191489361702127,0.3947368421052631,-0.6324555320336759,-0.5714285714285714,-0.7,0.42857142857142855,
D00854_06_fill_holes_and_orientation.obj,d00854,Biplane,5,5,2,0,7,2437,1.5935282806908233,0.9282471602780837,0.7069715090235155,0.5428183923453894,5,5,2,0,0.7142857142857143,0.0,0.5,0.0,0.2857142857142857,1.0,0.5,1.0,0.4166666666666667,0.4166666666666667,0.588235294117647,0.5319148936170213,0.6578947368421053,-0.37796447300922725,-0.2857142857142857,-0.5,0.7142857142857143,
D00890_06_fill_holes_and_orientation.obj,d00890,Biplane,3,7,4,0,7,2437,1.0931834694152094,0.918683280781066,0.6410723221158081,0.3718539573761156,3,7,4,0,0.42857142857142855,0.0,0.3,0.0,0.5714285714285714,1.0,0.7,1.0,0.21428571428571427,0.21428571428571427,0.3529411764705882,0.3191489361702127,0.3947368421052631,-0.6324555320336759,-0.5714285714285714,-0.7,0.42857142857142855,
D00900_06_fill_holes_and_orientation.obj,d00900,Biplane,5,5,2,0,7,2437,1.6010295537477606,0.921902898605782,0.718061251079157,0.5907272848394974,5,5,2,0,0.7142857142857143,0.0,0.5,0.0,0.2857142857142857,1.0,0.5,1.0,0.4166666666666667,0.4166666666666667,0.588235294117647,0.5319148936170213,0.6578947368421053,-0.37796447300922725,-0.2857142857142857,-0.5,0.7142857142857143,
m1118_06_fill_holes_and_orientation.obj,m1118,Biplane,2,8,5,0,7,2437,0.8268432876211657,0.9184648406336664,0.5667797043459336,0.17318663334822615,2,8,5,0,0.2857142857142857,0.0,0.2,0.0,0.7142857142857143,1.0,0.8,1.0,0.13333333333333333,0.13333333333333333,0.23529411764705882,0.2127659574468085,0.26315789473684204,-0.7559289460184545,-0.7142857142857143,-0.8,0.2857142857142857,
m1119_06_fill_holes_and_orientation.obj,m1119,Biplane,6,4,1,0,7,2437,2.130376543397387,0.9410116628043915,0.7664627307074593,0.6594803070902427,6,4,1,0,0.8571428571428571,0.0,0.6,0.0,0.14285714285714285,1.0,0.4,1.0,0.5454545454545454,0.5454545454545454,0.7058823529411764,0.6382978723404255,0.7894736842105262,-0.23904572186687872,-0.1428571428571429,-0.4,0.8571428571428571,
m1120_06_fill_holes_and_orientation.obj,m1120,Biplane,1,9,6,0,7,2437,0.8646258104595657,0.9088439767503704,0.6004843113280813,0.2200917662980802,1,9,6,0,0.14285714285714285,0.0,0.1,0.0,0.8571428571428571,1.0,0.9,1.0,0.0625,0.0625,0.11764705882352941,0.10638297872340426,0.13157894736842102,-0.8783100656536799,-0.8571428571428572,-0.9,0.14285714285714285,
m1121_06_fill_holes_and_orientation.obj,m1121,Biplane,2,8,5,0,7,2437,1.3215628607895165,0.9314667781027999,0.6203339510679082,0.15850703974098107,2,8,5,0,0.2857142857142857,0.0,0.2,0.0,0.7142857142857143,1.0,0.8,1.0,0.13333333333333333,0.13333333333333333,0.23529411764705882,0.2127659574468085,0.26315789473684204,-0.7559289460184545,-0.7142857142857143,-0.8,0.2857142857142857,
m1122_06_fill_holes_and_orientation.obj,m1122,Biplane,2,8,5,0,7,2437,1.5120170899194423,0.9457318694677659,0.6383697511936534,0.16354138662029635,2,8,5,0,0.2857142857142857,0.0,0.2,0.0,0.7142857142857143,1.0,0.8,1.0,0.13333333333333333,0.13333333333333333,0.23529411764705882,0.2127659574468085,0.26315789473684204,-0.7559289460184545,-0.7142857142857143,-0.8,0.2857142857142857,
m1123_06_fill_holes_and_orientation.obj,m1123,Biplane,2,8,5,0,7,2437,0.8519525627079246,0.9150837670478289,0.5638666584425935,0.14201905717762706,2,8,5,0,0.2857142857142857,0.0,0.2,0.0,0.7142857142857143,1.0,0.8,1.0,0.13333333333333333,0.13333333333333333,0.23529411764705882,0.2127659574468085,0.26315789473684204,-0.7559289460184545,-0.7142857142857143,-0.8,0.2857142857142857,
m1124_06_fill_holes_and_orientation.obj,m1124,Biplane,2,8,5,0,7,2437,1.0160704673254666,0.9196995023363599,0.6267710853909567,0.2895229882348575,2,8,5,0,0.2857142857142857,0.0,0.2,0.0,0.7142857142857143,1.0,0.8,1.0,0.13333333333333333,0.13333333333333333,0.23529411764705882,0.2127659574468085,0.26315789473684204,-0.7559289460184545,-0.7142857142857143,-0.8,0.2857142857142857,
m1125_06_fill_holes_and_orientation.obj,m1125,Biplane,1,9,6,0,7,2437,0.5253692759407037,0.8817479010751055,0.5049440602223058,0.06625422345438904,1,9,6,0,0.14285714285714285,0.0,0.1,0.0,0.8571428571428571,1.0,0.9,1.0,0.0625,0.0625,0.11764705882352941,0.10638297872340426,0.13157894736842102,-0.8783100656536799,-0.8571428571428572,-0.9,0.14285714285714285,
m1126_06_fill_holes_and_orientation.obj,m1126,Biplane,3,7,4,0,7,2437,0.9124703546864755,0.899811951525282,0.6231000834114914,0.42520843362602384,3,7,4,0,0.42857142857142855,0.0,0.3,0.0,0.5714285714285714,1.0,0.7,1.0,0.21428571428571427,0.21428571428571427,0.3529411764705882,0.3191489361702127,0.3947368421052631,-0.6324555320336759,-0.5714285714285714,-0.7,0.42857142857142855,
m1127_06_fill_holes_and_orientation.obj,m1127,Biplane,3,7,4,0,7,2437,0.8020496938354581,0.8991471336853702,0.5798594756898503,0.2816575879096919,3,7,4,0,0.42857142857142855,0.0,0.3,0.0,0.5714285714285714,1.0,0.7,1.0,0.21428571428571427,0.21428571428571427,0.3529411764705882,0.3191489361702127,0.3947368421052631,-0.6324555320336759,-0.5714285714285714,-0.7,0.42857142857142855,
m1128_06_fill_holes_and_orientation.obj,m1128,Biplane,2,8,5,0,7,2437,0.8525165099547378,0.8926034266610948,0.6119988315858507,0.35895421017163476,2,8,5,0,0.2857142857142857,0.0,0.2,0.0,0.7142857142857143,1.0,0.8,1.0,0.13333333333333333,0.13333333333333333,0.23529411764705882,0.2127659574468085,0.26315789473684204,-0.7559289460184545,-0.7142857142857143,-0.8,0.2857142857142857,
m1129_06_fill_holes_and_orientation.obj,m1129,Biplane,6,4,1,0,7,2437,1.7721138240932817,0.9309349238308703,0.7392696241694325,0.6804503724350792,6,4,1,0,0.8571428571428571,0.0,0.6,0.0,0.14285714285714285,1.0,0.4,1.0,0.5454545454545454,0.5454545454545454,0.7058823529411764,0.6382978723404255,0.7894736842105262,-0.23904572186687872,-0.1428571428571429,-0.4,0.8571428571428571,
m1131_06_fill_holes_and_orientation.obj,m1131,Biplane,2,8,5,0,7,2437,0.9438309031552498,0.9054249135736808,0.6061560281512504,0.24890832702259466,2,8,5,0,0.2857142857142857,0.0,0.2,0.0,0.7142857142857143,1.0,0.8,1.0,0.13333333333333333,0.13333333333333333,0.23529411764705882,0.2127659574468085,0.26315789473684204,-0.7559289460184545,-0.7142857142857143,-0.8,0.2857142857142857,
m1132_06_fill_holes_and_orientation.obj,m1132,Biplane,2,8,5,0,7,2437,0.7685999607570804,0.9119686205979561,0.5585278147447711,0.17318663334822615,2,8,5,0,0.2857142857142857,0.0,0.2,0.0,0.7142857142857143,1.0,0.8,1.0,0.13333333333333333,0.13333333333333333,0.23529411764705882,0.2127659574468085,0.26315789473684204,-0.7559289460184545,-0.7142857142857143,-0.8,0.2857142857142857,
m1133_06_fill_holes_and_orientation.obj,m1133,Biplane,5,5,2,0,7,2437,1.3422878293442186,0.9241157922729173,0.6866496301313176,0.5680035776621611,5,5,2,0,0.7142857142857143,0.0,0.5,0.0,0.2857142857142857,1.0,0.5,1.0,0.4166666666666667,0.4166666666666667,0.588235294117647,0.5319148936170213,0.6578947368421053,-0.37796447300922725,-0.2857142857142857,-0.5,0.7142857142857143,
m1134_06_fill_holes_and_orientation.obj,m1134,Biplane,0,10,7,0,7,2437,0.6464470630594991,0.9045036659955172,0.5238353197044966,0.0,0,10,7,0,0.0,0.0,0.0,0.0,1.0,1.0,1.0,1.0,0.0,0.0,,,,-1.0,-1.0,-1.0,0.0,
m1135_06_fill_holes_and_orientation.obj,m1135,Biplane,0,10,7,0,7,2437,0.6158487744958834,0.9010751054211146,0.5133355026880423,0.0,0,10,7,0,0.0,0.0,0.0,0.0,1.0,1.0,1.0,1.0,0.0,0.0,,,,-1.0,-1.0,-1.0,0.0,
m1136_06_fill_holes_and_orientation.obj,m1136,Biplane,0,10,7,0,7,2437,0.6035348087368381,0.897656042244425,0.5095538744457232,0.0,0,10,7,0,0.0,0.0,0.0,0.0,1.0,1.0,1.0,1.0,0.0,0.0,,,,-1.0,-1.0,-1.0,0.0,
m1137_06_fill_holes_and_orientation.obj,m1137,Biplane,1,9,6,0,7,2437,0.6240284425854202,0.8949302891007864,0.5267071544748462,0.06943122193677728,1,9,6,0,0.14285714285714285,0.0,0.1,0.0,0.8571428571428571,1.0,0.9,1.0,0.0625,0.0625,0.11764705882352941,0.10638297872340426,0.13157894736842102,-0.8783100656536799,-0.8571428571428572,-0.9,0.14285714285714285,
m1138_06_fill_holes_and_orientation.obj,m1138,Biplane,1,9,6,0,7,2437,0.9154674589588485,0.9179329863617369,0.5704627117104378,0.07839826897867534,1,9,6,0,0.14285714285714285,0.0,0.1,0.0,0.8571428571428571,1.0,0.9,1.0,0.0625,0.0625,0.11764705882352941,0.10638297872340426,0.13157894736842102,-0.8783100656536799,-0.8571428571428572,-0.9,0.14285714285714285,
m1139_06_fill_holes_and_orientation.obj,m1139,Biplane,4,6,3,0,7,2437,1.2742486974892808,0.9309254264331572,0.6438562176075286,0.36680070555131294,4,6,3,0,0.5714285714285714,0.0,0.4,0.0,0.42857142857142855,1.0,0.6,1.0,0.3076923076923077,0.3076923076923077,0.47058823529411764,0.425531914893617,0.5263157894736841,-0.50709255283711,-0.4285714285714286,-0.6,0.5714285714285714,
m1141_06_fill_holes_and_orientation.obj,m1141,Biplane,8,2,0,0,7,2437,2.3336623189221086,0.9346579037343767,0.792040674893812,0.8701249883466594,8,2,0,0,1.0,0.0,0.8,,0.0,1.0,0.2,,0.8,0.8,0.888888888888889,0.8333333333333334,0.9523809523809523,,0.0,,1.0,
m1143_06_fill_holes_and_orientation.obj,m1143,Biplane,3,7,4,0,7,2437,2.1483999527681954,0.9479542605326141,0.7564085841678116,0.4323181322709948,3,7,4,0,0.42857142857142855,0.0,0.3,0.0,0.5714285714285714,1.0,0.7,1.0,0.21428571428571427,0.21428571428571427,0.3529411764705882,0.3191489361702127,0.3947368421052631,-0.6324555320336759,-0.5714285714285714,-0.7,0.42857142857142855,
m1144_06_fill_holes_and_orientation.obj,m1144,Biplane,8,2,0,0,7,2437,2.147936731357389,0.9395585609542985,0.7653998332732981,0.7975167679274939,8,2,0,0,1.0,0.0,0.8,,0.0,1.0,0.2,,0.8,0.8,0.888888888888889,0.8333333333333334,0.9523809523809523,,0.0,,1.0,
m1146_06_fill_holes_and_orientation.obj,m1146,Biplane,0,10,7,0,7,2437,0.44524964675622825,0.8655928275652471,0.4856670399669141,0.0,0,10,7,0,0.0,0.0,0.0,0.0,1.0,1.0,1.0,1.0,0.0,0.0,,,,-1.0,-1.0,-1.0,0.0,
D00089_06_fill_holes_and_orientation.obj,d00089,Bird,4,6,3,0,7,2437,0.8929990733493295,0.7230937468933293,0.6194468310510409,0.49435723575344837,4,6,3,0,0.5714285714285714,0.0,0.4,0.0,0.42857142857142855,1.0,0.6,1.0,0.3076923076923077,0.3076923076923077,0.47058823529411764,0.425531914893617,0.5263157894736841,-0.50709255283711,-0.4285714285714286,-0.6,0.5714285714285714,
D00113_06_fill_holes_and_orientation.obj,d00113,Bird,0,10,7,0,7,2437,0.09989857060622057,0.5187792027040461,0.36695203862740455,0.0,0,10,7,0,0.0,0.0,0.0,0.0,1.0,1.0,1.0,1.0,0.0,0.0,,,,-1.0,-1.0,-1.0,0.0,
D00164_06_fill_holes_and_orientation.obj,d00164,Bird,2,8,4,0,6,2437,0.5954868507251118,0.7059250422507207,0.5258024602283159,0.20511666732794362,2,8,4,0,0.3333333333333333,0.0,0.2,0.0,0.6666666666666666,1.0,0.8,1.0,0.14285714285714285,0.14285714285714285,0.25,0.21739130434782608,0.29411764705882354,-0.7302967433402214,-0.6666666666666667,-0.8,0.3333333333333333,
D00234_06_fill_holes_and_orientation.obj,d00234,Bird,2,8,5,0,7,2437,0.4469259815633932,0.7292772641415648,0.4974395863503043,0.1517621910780354,2,8,5,0,0.2857142857142857,0.0,0.2,0.0,0.7142857142857143,1.0,0.8,1.0,0.13333333333333333,0.13333333333333333,0.23529411764705882,0.2127659574468085,0.26315789473684204,-0.7559289460184545,-0.7142857142857143,-0.8,0.2857142857142857,
D00271_06_fill_holes_and_orientation.obj,d00271,Bird,0,10,7,0,7,2437,0.10757722771043131,0.5394572025052192,0.3747538600689794,0.0,0,10,7,0,0.0,0.0,0.0,0.0,1.0,1.0,1.0,1.0,0.0,0.0,,,,-1.0,-1.0,-1.0,0.0,
D00284_06_fill_holes_and_orientation.obj,d00284,Bird,4,6,3,0,7,2437,1.0636784776029051,0.7261755641713887,0.6373454785961278,0.47842151728792737,4,6,3,0,0.5714285714285714,0.0,0.4,0.0,0.42857142857142855,1.0,0.6,1.0,0.3076923076923077,0.3076923076923077,0.47058823529411764,0.425531914893617,0.5263157894736841,-0.50709255283711,-0.4285714285714286,-0.6,0.5714285714285714,
D00323_06_fill_holes_and_orientation.obj,d00323,Bird,2,8,5,0,7,2437,0.518556317962554,0.7226861517049408,0.5117028261429646,0.14201905717762706,2,8,5,0,0.2857142857142857,0.0,0.2,0.0,0.7142857142857143,1.0,0.8,1.0,0.13333333333333333,0.13333333333333333,0.23529411764705882,0.2127659574468085,0.26315789473684204,-0.7559289460184545,-0.7142857142857143,-0.8,0.2857142857142857,
D00386_06_fill_holes_and_orientation.obj,d00386,Bird,0,10,7,0,7,2437,0.20077147758372718,0.6827219405507505,0.4195373599811779,0.0,0,10,7,0,0.0,0.0,0.0,0.0,1.0,1.0,1.0,1.0,0.0,0.0,,,,-1.0,-1.0,-1.0,0.0,
D00438_06_fill_holes_and_orientation.obj,d00438,Bird,4,6,3,0,7,2437,0.982662530116358,0.728700666070186,0.6374475863485947,0.5388856921828066,4,6,3,0,0.5714285714285714,0.0,0.4,0.0,0.42857142857142855,1.0,0.6,1.0,0.3076923076923077,0.3076923076923077,0.47058823529411764,0.425531914893617,0.5263157894736841,-0.50709255283711,-0.4285714285714286,-0.6,0.5714285714285714,
D00442_06_fill_holes_and_orientation.obj,d00442,Bird,2,8,5,0,7,2437,0.29165145690278965,0.6836365443881102,0.4640057437870167,0.16421958630632805,2,8,5,0,0.2857142857142857,0.0,0.2,0.0,0.7142857142857143,1.0,0.8,1.0,0.13333333333333333,0.13333333333333333,0.23529411764705882,0.2127659574468085,0.26315789473684204,-0.7559289460184545,-0.7142857142857143,-0.8,0.2857142857142857,
D00546_06_fill_holes_and_orientation.obj,d00546,Bird,2,8,5,0,7,2437,0.532590709717416,0.7277264141564768,0.5261205155705099,0.20483424751859092,2,8,5,0,0.2857142857142857,0.0,0.2,0.0,0.7142857142857143,1.0,0.8,1.0,0.13333333333333333,0.13333333333333333,0.23529411764705882,0.2127659574468085,0.26315789473684204,-0.7559289460184545,-0.7142857142857143,-0.8,0.2857142857142857,
D00599_06_fill_holes_and_orientation.obj,d00599,Bird,4,6,3,0,7,2437,0.843921827224477,0.7275872353116613,0.5902489913140258,0.4131279133289228,4,6,3,0,0.5714285714285714,0.0,0.4,0.0,0.42857142857142855,1.0,0.6,1.0,0.3076923076923077,0.3076923076923077,0.47058823529411764,0.425531914893617,0.5263157894736841,-0.50709255283711,-0.4285714285714286,-0.6,0.5714285714285714,
D00625_06_fill_holes_and_orientation.obj,d00625,Bird,0,10,7,0,7,2437,0.18692657895766432,0.6738642012128442,0.40695524467894656,0.0,0,10,7,0,0.0,0.0,0.0,0.0,1.0,1.0,1.0,1.0,0.0,0.0,,,,-1.0,-1.0,-1.0,0.0,
D00689_06_fill_holes_and_orientation.obj,d00689,Bird,3,7,4,0,7,2437,0.8689700470467302,0.7268217516651755,0.6109994712438376,0.400023248309252,3,7,4,0,0.42857142857142855,0.0,0.3,0.0,0.5714285714285714,1.0,0.7,1.0,0.21428571428571427,0.21428571428571427,0.3529411764705882,0.3191489361702127,0.3947368421052631,-0.6324555320336759,-0.5714285714285714,-0.7,0.42857142857142855,
D00736_06_fill_holes_and_orientation.obj,d00736,Bird,5,5,2,0,7,2437,1.1041095446696088,0.7356993736951983,0.6496897463228454,0.5884674004369674,5,5,2,0,0.7142857142857143,0.0,0.5,0.0,0.2857142857142857,1.0,0.5,1.0,0.4166666666666667,0.4166666666666667,0.588235294117647,0.5319148936170213,0.6578947368421053,-0.37796447300922725,-0.2857142857142857,-0.5,0.7142857142857143,
D00762_06_fill_holes_and_orientation.obj,d00762,Bird,0,10,7,0,7,2437,0.25021385972132276,0.7054876230241575,0.4325240535548695,0.0,0,10,7,0,0.0,0.0,0.0,0.0,1.0,1.0,1.0,1.0,0.0,0.0,,,,-1.0,-1.0,-1.0,0.0,
D00862_06_fill_holes_and_orientation.obj,d00862,Bird,5,5,2,0,7,2437,0.7530335872907985,0.7210557709513868,0.5492037905395936,0.35106842466815347,5,5,2,0,0.7142857142857143,0.0,0.5,0.0,0.2857142857142857,1.0,0.5,1.0,0.4166666666666667,0.4166666666666667,0.588235294117647,0.5319148936170213,0.6578947368421053,-0.37796447300922725,-0.2857142857142857,-0.5,0.7142857142857143,
D00922_06_fill_holes_and_orientation.obj,d00922,Bird,0,10,7,0,7,2437,0.10071306301683912,0.48372601650263447,0.3745525957155358,0.0,0,10,7,0,0.0,0.0,0.0,0.0,1.0,1.0,1.0,1.0,0.0,0.0,,,,-1.0,-1.0,-1.0,0.0,
D00961_06_fill_holes_and_orientation.obj,d00961,Bird,3,7,4,0,7,2437,0.9220098746034655,0.7319415448851774,0.6278770352069072,0.45374257454118555,3,7,4,0,0.42857142857142855,0.0,0.3,0.0,0.5714285714285714,1.0,0.7,1.0,0.21428571428571427,0.21428571428571427,0.3529411764705882,0.3191489361702127,0.3947368421052631,-0.6324555320336759,-0.5714285714285714,-0.7,0.42857142857142855,
D00999_06_fill_holes_and_orientation.obj,d00999,Bird,3,7,4,0,7,2437,0.9071674755947231,0.7341485237101104,0.6201624899269056,0.4085359184257956,3,7,4,0,0.42857142857142855,0.0,0.3,0.0,0.5714285714285714,1.0,0.7,1.0,0.21428571428571427,0.21428571428571427,0.3529411764705882,0.3191489361702127,0.3947368421052631,-0.6324555320336759,-0.5714285714285714,-0.7,0.42857142857142855,
m28_06_fill_holes_and_orientation.obj,m28,Bird,0,10,7,0,7,2437,0.1823800684795614,0.6669052589720648,0.4132757431679905,0.0,0,10,7,0,0.0,0.0,0.0,0.0,1.0,1.0,1.0,1.0,0.0,0.0,,,,-1.0,-1.0,-1.0,0.0,
m29_06_fill_holes_and_orientation.obj,m29,Bird,1,9,6,0,7,2437,0.157764745359633,0.5313848295059151,0.4108298373746706,0.09478836436955079,1,9,6,0,0.14285714285714285,0.0,0.1,0.0,0.8571428571428571,1.0,0.9,1.0,0.0625,0.0625,0.11764705882352941,0.10638297872340426,0.13157894736842102,-0.8783100656536799,-0.8571428571428572,-0.9,0.14285714285714285,
m30_06_fill_holes_and_orientation.obj,m30,Bird,0,10,7,0,7,2437,0.13126468770756944,0.6108758325877325,0.3879908657772235,0.0,0,10,7,0,0.0,0.0,0.0,0.0,1.0,1.0,1.0,1.0,0.0,0.0,,,,-1.0,-1.0,-1.0,0.0,
m31_06_fill_holes_and_orientation.obj,m31,Bird,0,10,7,0,7,2437,0.10211567581459222,0.4301023958644,0.3794200450000506,0.0,0,10,7,0,0.0,0.0,0.0,0.0,1.0,1.0,1.0,1.0,0.0,0.0,,,,-1.0,-1.0,-1.0,0.0,
m32_06_fill_holes_and_orientation.obj,m32,Bird,0,10,7,0,7,2437,0.10936156901856064,0.5584849388607218,0.37019851339096965,0.0,0,10,7,0,0.0,0.0,0.0,0.0,1.0,1.0,1.0,1.0,0.0,0.0,,,,-1.0,-1.0,-1.0,0.0,
m33_06_fill_holes_and_orientation.obj,m33,Bird,0,10,7,0,7,2437,0.08496889908371932,0.3999204692315339,0.36331389750454246,0.0,0,10,7,0,0.0,0.0,0.0,0.0,1.0,1.0,1.0,1.0,0.0,0.0,,,,-1.0,-1.0,-1.0,0.0,
m34_06_fill_holes_and_orientation.obj,m34,Bird,4,6,3,0,7,2437,0.8471892503169791,0.7213440699870762,0.6091889110565634,0.47842151728792737,4,6,3,0,0.5714285714285714,0.0,0.4,0.0,0.42857142857142855,1.0,0.6,1.0,0.3076923076923077,0.3076923076923077,0.47058823529411764,0.425531914893617,0.5263157894736841,-0.50709255283711,-0.4285714285714286,-0.6,0.5714285714285714,
m35_06_fill_holes_and_orientation.obj,m35,Bird,0,10,7,0,7,2437,0.0985293123744633,0.4447360572621533,0.3749501922858181,0.0,0,10,7,0,0.0,0.0,0.0,0.0,1.0,1.0,1.0,1.0,0.0,0.0,,,,-1.0,-1.0,-1.0,0.0,
m36_06_fill_holes_and_orientation.obj,m36,Bird,0,10,7,0,7,2437,0.10748221757143965,0.5480564668456109,0.3721807173139698,0.0,0,10,7,0,0.0,0.0,0.0,0.0,1.0,1.0,1.0,1.0,0.0,0.0,,,,-1.0,-1.0,-1.0,0.0,
m37_06_fill_holes_and_orientation.obj,m37,Bird,2,8,5,0,7,2437,0.34933254005991304,0.6998111144248932,0.4758882031791452,0.13698471029831177,2,8,5,0,0.2857142857142857,0.0,0.2,0.0,0.7142857142857143,1.0,0.8,1.0,0.13333333333333333,0.13333333333333333,0.23529411764705882,0.2127659574468085,0.26315789473684204,-0.7559289460184545,-0.7142857142857143,-0.8,0.2857142857142857,
m38_06_fill_holes_and_orientation.obj,m38,Bird,3,7,4,0,7,2437,0.844920951199682,0.7356894323491401,0.6086523635790484,0.39327839964630634,3,7,4,0,0.42857142857142855,0.0,0.3,0.0,0.5714285714285714,1.0,0.7,1.0,0.21428571428571427,0.21428571428571427,0.3529411764705882,0.3191489361702127,0.3947368421052631,-0.6324555320336759,-0.5714285714285714,-0.7,0.42857142857142855,
m39_06_fill_holes_and_orientation.obj,m39,Bird,0,10,7,0,7,2437,0.20370323365446502,0.6876926135798788,0.4138080931530649,0.0,0,10,7,0,0.0,0.0,0.0,0.0,1.0,1.0,1.0,1.0,0.0,0.0,,,,-1.0,-1.0,-1.0,0.0,
m40_06_fill_holes_and_orientation.obj,m40,Bird,3,7,4,0,7,2437,0.9249210383941555,0.7275375285813699,0.6223980051374551,0.4249260138166711,3,7,4,0,0.42857142857142855,0.0,0.3,0.0,0.5714285714285714,1.0,0.7,1.0,0.21428571428571427,0.21428571428571427,0.3529411764705882,0.3191489361702127,0.3947368421052631,-0.6324555320336759,-0.5714285714285714,-0.7,0.42857142857142855,
m41_06_fill_holes_and_orientation.obj,m41,Bird,4,6,3,0,7,2437,1.014432068241671,0.728700666070186,0.6429024315871268,0.5541432109622959,4,6,3,0,0.5714285714285714,0.0,0.4,0.0,0.42857142857142855,1.0,0.6,1.0,0.3076923076923077,0.3076923076923077,0.47058823529411764,0.425531914893617,0.5263157894736841,-0.50709255283711,-0.4285714285714286,-0.6,0.5714285714285714,
m43_06_fill_holes_and_orientation.obj,m43,Bird,1,9,6,0,7,2437,0.41976420443414764,0.7177552440600458,0.4883385622044109,0.07336392209936006,1,9,6,0,0.14285714285714285,0.0,0.1,0.0,0.8571428571428571,1.0,0.9,1.0,0.0625,0.0625,0.11764705882352941,0.10638297872340426,0.13157894736842102,-0.8783100656536799,-0.8571428571428572,-0.9,0.14285714285714285,
m44_06_fill_holes_and_orientation.obj,m44,Bird,0,10,7,0,7,2437,0.44298655890959127,0.7217814892136396,0.4834049460254007,0.0,0,10,7,0,0.0,0.0,0.0,0.0,1.0,1.0,1.0,1.0,0.0,0.0,,,,-1.0,-1.0,-1.0,0.0,
m45_06_fill_holes_and_orientation.obj,m45,Bird,4,6,3,0,7,2437,1.035601761947735,0.7262153295556218,0.6341096640567917,0.47842151728792737,4,6,3,0,0.5714285714285714,0.0,0.4,0.0,0.42857142857142855,1.0,0.6,1.0,0.3076923076923077,0.3076923076923077,0.47058823529411764,0.425531914893617,0.5263157894736841,-0.50709255283711,-0.4285714285714286,-0.6,0.5714285714285714,
m47_06_fill_holes_and_orientation.obj,m47,Bird,1,9,6,0,7,2437,0.40955660176490427,0.7313550054677403,0.48027493283553896,0.07839826897867534,1,9,6,0,0.14285714285714285,0.0,0.1,0.0,0.8571428571428571,1.0,0.9,1.0,0.0625,0.0625,0.11764705882352941,0.10638297872340426,0.13157894736842102,-0.8783100656536799,-0.8571428571428572,-0.9,0.14285714285714285,
m48_06_fill_holes_and_orientation.obj,m48,Bird,2,8,5,0,7,2437,0.280680369121788,0.45064121682075753,0.4642028024203964,0.2895229882348575,2,8,5,0,0.2857142857142857,0.0,0.2,0.0,0.7142857142857143,1.0,0.8,1.0,0.13333333333333333,0.13333333333333333,0.23529411764705882,0.2127659574468085,0.26315789473684204,-0.7559289460184545,-0.7142857142857143,-0.8,0.2857142857142857,
m49_06_fill_holes_and_orientation.obj,m49,Bird,0,10,7,0,7,2437,0.09503757410123324,0.4173874142558903,0.37307613890311886,0.0,0,10,7,0,0.0,0.0,0.0,0.0,1.0,1.0,1.0,1.0,0.0,0.0,,,,-1.0,-1.0,-1.0,0.0,
m50_06_fill_holes_and_orientation.obj,m50,Bird,0,10,7,0,7,2437,0.11305738619750473,0.47014613778705644,0.38537438308172456,0.0,0,10,7,0,0.0,0.0,0.0,0.0,1.0,1.0,1.0,1.0,0.0,0.0,,,,-1.0,-1.0,-1.0,0.0,
m51_06_fill_holes_and_orientation.obj,m51,Bird,1,9,6,0,7,2437,0.2594236513539842,0.45120787354607816,0.45647436359041504,0.2200917662980802,1,9,6,0,0.14285714285714285,0.0,0.1,0.0,0.8571428571428571,1.0,0.9,1.0,0.0625,0.0625,0.11764705882352941,0.10638297872340426,0.13157894736842102,-0.8783100656536799,-0.8571428571428572,-0.9,0.14285714285714285,
m52_06_fill_holes_and_orientation.obj,m52,Bird,0,10,7,0,7,2437,0.10019717497161562,0.44058057460980216,0.37792344726008337,0.0,0,10,7,0,0.0,0.0,0.0,0.0,1.0,1.0,1.0,1.0,0.0,0.0,,,,-1.0,-1.0,-1.0,0.0,
D01009_06_fill_holes_and_orientation.obj,d01009,Bookset,4,6,3,0,7,2437,0.4800753618753747,0.9373993295894825,0.5732956780763913,0.3764459522792427,4,6,3,0,0.5714285714285714,0.0,0.4,0.0,0.42857142857142855,1.0,0.6,1.0,0.3076923076923077,0.3076923076923077,0.47058823529411764,0.425531914893617,0.5263157894736841,-0.50709255283711,-0.4285714285714286,-0.6,0.5714285714285714,
D01013_06_fill_holes_and_orientation.obj,d01013,Bookset,4,6,3,0,7,2437,0.6430000900990207,0.9622349919463673,0.6507760424644541,0.4315420454124846,4,6,3,0,0.5714285714285714,0.0,0.4,0.0,0.42857142857142855,1.0,0.6,1.0,0.3076923076923077,0.3076923076923077,0.47058823529411764,0.425531914893617,0.5263157894736841,-0.50709255283711,-0.4285714285714286,-0.6,0.5714285714285714,
D01030_06_fill_holes_and_orientation.obj,d01030,Bookset,2,8,5,0,7,2437,0.3211684348284998,0.4438422358626094,0.502289666787589,0.35895421017163476,2,8,5,0,0.2857142857142857,0.0,0.2,0.0,0.7142857142857143,1.0,0.8,1.0,0.13333333333333333,0.13333333333333333,0.23529411764705882,0.2127659574468085,0.26315789473684204,-0.7559289460184545,-0.7142857142857143,-0.8,0.2857142857142857,
D01038_06_fill_holes_and_orientation.obj,d01038,Bookset,0,10,7,0,7,2437,0.01609678632017821,0.3023377301815332,0.27098014968015655,0.0,0,10,7,0,0.0,0.0,0.0,0.0,1.0,1.0,1.0,1.0,0.0,0.0,,,,-1.0,-1.0,-1.0,0.0,
D01042_06_fill_holes_and_orientation.obj,d01042,Bookset,0,10,7,0,7,2437,0.012278947751023709,0.13105654956249185,0.2563372068922399,0.0,0,10,7,0,0.0,0.0,0.0,0.0,1.0,1.0,1.0,1.0,0.0,0.0,,,,-1.0,-1.0,-1.0,0.0,
D01050_06_fill_holes_and_orientation.obj,d01050,Bookset,2,8,5,0,7,2437,0.21629364401969367,0.4580558094989335,0.4583131924992362,0.2895229882348575,2,8,5,0,0.2857142857142857,0.0,0.2,0.0,0.7142857142857143,1.0,0.8,1.0,0.13333333333333333,0.13333333333333333,0.23529411764705882,0.2127659574468085,0.26315789473684204,-0.7559289460184545,-0.7142857142857143,-0.8,0.2857142857142857,
D01065_06_fill_holes_and_orientation.obj,d01065,Bookset,4,6,3,0,7,2437,0.6498095560002252,0.9623220582473555,0.6545682164955156,0.43828689407543026,4,6,3,0,0.5714285714285714,0.0,0.4,0.0,0.42857142857142855,1.0,0.6,1.0,0.3076923076923077,0.3076923076923077,0.47058823529411764,0.425531914893617,0.5263157894736841,-0.50709255283711,-0.4285714285714286,-0.6,0.5714285714285714,
D01078_06_fill_holes_and_orientation.obj,d01078,Bookset,0,10,7,0,7,2437,0.012667686591449857,0.16714553132210178,0.2586073335648257,0.0,0,10,7,0,0.0,0.0,0.0,0.0,1.0,1.0,1.0,1.0,0.0,0.0,,,,-1.0,-1.0,-1.0,0.0,
D01096_06_fill_holes_and_orientation.obj,d01096,Bookset,2,8,5,0,7,2437,0.2597022141978124,0.9115406381959863,0.474426369250019,0.16421958630632805,2,8,5,0,0.2857142857142857,0.0,0.2,0.0,0.7142857142857143,1.0,0.8,1.0,0.13333333333333333,0.13333333333333333,0.23529411764705882,0.2127659574468085,0.26315789473684204,-0.7559289460184545,-0.7142857142857143,-0.8,0.2857142857142857,
D01108_06_fill_holes_and_orientation.obj,d01108,Bookset,3,7,4,0,7,2437,0.5088014412571216,0.9323494841321667,0.5463278194149261,0.22119341301481268,3,7,4,0,0.42857142857142855,0.0,0.3,0.0,0.5714285714285714,1.0,0.7,1.0,0.21428571428571427,0.21428571428571427,0.3529411764705882,0.3191489361702127,0.3947368421052631,-0.6324555320336759,-0.5714285714285714,-0.7,0.42857142857142855,
D01109_06_fill_holes_and_orientation.obj,d01109,Bookset,0,10,7,0,7,2437,0.0852013732091365,0.7130077053676375,0.36225665631939213,0.0,0,10,7,0,0.0,0.0,0.0,0.0,1.0,1.0,1.0,1.0,0.0,0.0,,,,-1.0,-1.0,-1.0,0.0,
D01110_06_fill_holes_and_orientation.obj,d01110,Bookset,3,7,4,0,7,2437,0.35224788970159776,0.8192068259979974,0.5252201201023868,0.31833954895937194,3,7,4,0,0.42857142857142855,0.0,0.3,0.0,0.5714285714285714,1.0,0.7,1.0,0.21428571428571427,0.21428571428571427,0.3529411764705882,0.3191489361702127,0.3947368421052631,-0.6324555320336759,-0.5714285714285714,-0.7,0.42857142857142855,
D01122_06_fill_holes_and_orientation.obj,d01122,Bookset,1,9,6,0,7,2437,0.06057443795080225,0.329328283487876,0.32747488194421476,0.07336392209936006,1,9,6,0,0.14285714285714285,0.0,0.1,0.0,0.8571428571428571,1.0,0.9,1.0,0.0625,0.0625,0.11764705882352941,0.10638297872340426,0.13157894736842102,-0.8783100656536799,-0.8571428571428572,-0.9,0.14285714285714285,
D01135_06_fill_holes_and_orientation.obj,d01135,Bookset,1,9,6,0,7,2437,0.2608261902956364,0.9399242523181404,0.4775291591341376,0.1100458831490401,1,9,6,0,0.14285714285714285,0.0,0.1,0.0,0.8571428571428571,1.0,0.9,1.0,0.0625,0.0625,0.11764705882352941,0.10638297872340426,0.13157894736842102,-0.8783100656536799,-0.8571428571428572,-0.9,0.14285714285714285,
D01146_06_fill_holes_and_orientation.obj,d01146,Bookset,0,10,7,0,7,2437,0.10277186786948393,0.6527578250838013,0.36913643068860796,0.0,0,10,7,0,0.0,0.0,0.0,0.0,1.0,1.0,1.0,1.0,0.0,0.0,,,,-1.0,-1.0,-1.0,0.0,
D01182_06_fill_holes_and_orientation.obj,d01182,Bookset,1,9,6,0,7,2437,0.11527159750959,0.7032998128074529,0.39138673838483096,0.09478836436955079,1,9,6,0,0.14285714285714285,0.0,0.1,0.0,0.8571428571428571,1.0,0.9,1.0,0.0625,0.0625,0.11764705882352941,0.10638297872340426,0.13157894736842102,-0.8783100656536799,-0.8571428571428572,-0.9,0.14285714285714285,
D01183_06_fill_holes_and_orientation.obj,d01183,Bookset,1,9,6,0,7,2437,0.18882792886743666,0.7783291976840363,0.4475020134441623,0.13886244387355456,1,9,6,0,0.14285714285714285,0.0,0.1,0.0,0.8571428571428571,1.0,0.9,1.0,0.0625,0.0625,0.11764705882352941,0.10638297872340426,0.13157894736842102,-0.8783100656536799,-0.8571428571428572,-0.9,0.14285714285714285,
D01184_06_fill_holes_and_orientation.obj,d01184,Bookset,3,7,4,0,7,2437,0.42250025714218664,0.8949545078577337,0.5537847541650502,0.31833954895937194,3,7,4,0,0.42857142857142855,0.0,0.3,0.0,0.5714285714285714,1.0,0.7,1.0,0.21428571428571427,0.21428571428571427,0.3529411764705882,0.3191489361702127,0.3947368421052631,-0.6324555320336759,-0.5714285714285714,-0.7,0.42857142857142855,
D01190_06_fill_holes_and_orientation.obj,d01190,Bookset,0,10,7,0,7,2437,0.0466736182711493,0.6634234469548561,0.31822312784362977,0.0,0,10,7,0,0.0,0.0,0.0,0.0,1.0,1.0,1.0,1.0,0.0,0.0,,,,-1.0,-1.0,-1.0,0.0,
D01199_06_fill_holes_and_orientation.obj,d01199,Bookset,0,10,7,0,7,2437,0.06632288153044771,0.5313221017805059,0.3388030649962764,0.0,0,10,7,0,0.0,0.0,0.0,0.0,1.0,1.0,1.0,1.0,0.0,0.0,,,,-1.0,-1.0,-1.0,0.0,
D00020_06_fill_holes_and_orientation.obj,d00020,Bottle,4,6,3,0,7,2437,0.7669514693705827,0.7863157291786,0.6271869281147547,0.4671223597454321,4,6,3,0,0.5714285714285714,0.0,0.4,0.0,0.42857142857142855,1.0,0.6,1.0,0.3076923076923077,0.3076923076923077,0.47058823529411764,0.425531914893617,0.5263157894736841,-0.50709255283711,-0.4285714285714286,-0.6,0.5714285714285714,
D00123_06_fill_holes_and_orientation.obj,d00123,Bottle,2,8,5,0,7,2437,0.36544147447367054,0.7236224080650706,0.5040505940887459,0.2172607128522299,2,8,5,0,0.2857142857142857,0.0,0.2,0.0,0.7142857142857143,1.0,0.8,1.0,0.13333333333333333,0.13333333333333333,0.23529411764705882,0.2127659574468085,0.26315789473684204,-0.7559289460184545,-0.7142857142857143,-0.8,0.2857142857142857,
D00139_06_fill_holes_and_orientation.obj,d00139,Bottle,0,10,7,0,7,2437,0.03876992604654234,0.27546110665597434,0.31877633487652407,0.0,0,10,7,0,0.0,0.0,0.0,0.0,1.0,1.0,1.0,1.0,0.0,0.0,,,,-1.0,-1.0,-1.0,0.0,
D00166_06_fill_holes_and_orientation.obj,d00166,Bottle,6,4,1,0,7,2437,1.3177955987580436,0.8846803757589643,0.7277081725439161,0.6528642754944295,6,4,1,0,0.8571428571428571,0.0,0.6,0.0,0.14285714285714285,1.0,0.4,1.0,0.5454545454545454,0.5454545454545454,0.7058823529411764,0.6382978723404255,0.7894736842105262,-0.23904572186687872,-0.1428571428571429,-0.4,0.8571428571428571,
D00176_06_fill_holes_and_orientation.obj,d00176,Bottle,0,10,6,0,6,2437,0.0325473024999759,0.15196471531676026,0.29625259245274504,0.0,0,10,6,0,0.0,0.0,0.0,0.0,1.0,1.0,1.0,1.0,0.0,0.0,,,,-1.0,-1.0,-1.0,0.0,
D00208_06_fill_holes_and_orientation.obj,d00208,Bottle,2,8,5,0,7,2437,0.2525216648860181,0.24971359835032653,0.45314596042711913,0.29849003527675555,2,8,5,0,0.2857142857142857,0.0,0.2,0.0,0.7142857142857143,1.0,0.8,1.0,0.13333333333333333,0.13333333333333333,0.23529411764705882,0.2127659574468085,0.26315789473684204,-0.7559289460184545,-0.7142857142857143,-0.8,0.2857142857142857,
D00281_06_fill_holes_and_orientation.obj,d00281,Bottle,5,5,2,0,7,2437,1.326975346349229,0.8895205636384466,0.6944337792418181,0.49509403248815553,5,5,2,0,0.7142857142857143,0.0,0.5,0.0,0.2857142857142857,1.0,0.5,1.0,0.4166666666666667,0.4166666666666667,0.588235294117647,0.5319148936170213,0.6578947368421053,-0.37796447300922725,-0.2857142857142857,-0.5,0.7142857142857143,
D00311_06_fill_holes_and_orientation.obj,d00311,Bottle,5,5,2,0,7,2437,1.1428653961869617,0.8378537060373468,0.6981743656695469,0.5837154733670049,5,5,2,0,0.7142857142857143,0.0,0.5,0.0,0.2857142857142857,1.0,0.5,1.0,0.4166666666666667,0.4166666666666667,0.588235294117647,0.5319148936170213,0.6578947368421053,-0.37796447300922725,-0.2857142857142857,-0.5,0.7142857142857143,
D00347_06_fill_holes_and_orientation.obj,d00347,Bottle,6,4,1,0,7,2437,1.5715321455879363,0.8898642456180548,0.7676620304997334,0.6809047493604335,6,4,1,0,0.8571428571428571,0.0,0.6,0.0,0.14285714285714285,1.0,0.4,1.0,0.5454545454545454,0.5454545454545454,0.7058823529411764,0.6382978723404255,0.7894736842105262,-0.23904572186687872,-0.1428571428571429,-0.4,0.8571428571428571,
D00350_06_fill_holes_and_orientation.obj,d00350,Bottle,4,6,3,0,7,2437,0.7097034241858343,0.7658666513919121,0.6124973067224245,0.4568991878452581,4,6,3,0,0.5714285714285714,0.0,0.4,0.0,0.42857142857142855,1.0,0.6,1.0,0.3076923076923077,0.3076923076923077,0.47058823529411764,0.425531914893617,0.5263157894736841,-0.50709255283711,-0.4285714285714286,-0.6,0.5714285714285714,
D00390_06_fill_holes_and_orientation.obj,d00390,Bottle,0,10,7,0,7,2437,0.04586859277090704,0.23429086951540842,0.32810603249243253,0.0,0,10,7,0,0.0,0.0,0.0,0.0,1.0,1.0,1.0,1.0,0.0,0.0,,,,-1.0,-1.0,-1.0,0.0,
D00451_06_fill_holes_and_orientation.obj,d00451,Bottle,6,4,1,0,7,2437,1.4258039868827768,0.8850813380685073,0.75418638232037,0.699473903081392,6,4,1,0,0.8571428571428571,0.0,0.6,0.0,0.14285714285714285,1.0,0.4,1.0,0.5454545454545454,0.5454545454545454,0.7058823529411764,0.6382978723404255,0.7894736842105262,-0.23904572186687872,-0.1428571428571429,-0.4,0.8571428571428571,
D00679_06_fill_holes_and_orientation.obj,d00679,Bottle,0,10,7,0,7,2437,0.06950427166984592,0.24314068049031964,0.3454444108110077,0.0,0,10,7,0,0.0,0.0,0.0,0.0,1.0,1.0,1.0,1.0,0.0,0.0,,,,-1.0,-1.0,-1.0,0.0,
D00696_06_fill_holes_and_orientation.obj,d00696,Bottle,6,4,1,0,7,2437,1.5646545380882455,0.8859835032649788,0.7725531286588609,0.718362797268624,6,4,1,0,0.8571428571428571,0.0,0.6,0.0,0.14285714285714285,1.0,0.4,1.0,0.5454545454545454,0.5454545454545454,0.7058823529411764,0.6382978723404255,0.7894736842105262,-0.23904572186687872,-0.1428571428571429,-0.4,0.8571428571428571,
D00711_06_fill_holes_and_orientation.obj,d00711,Bottle,4,6,3,0,7,2437,0.6990554467966811,0.8361639363042731,0.5866156772639588,0.3764459522792427,4,6,3,0,0.5714285714285714,0.0,0.4,0.0,0.42857142857142855,1.0,0.6,1.0,0.3076923076923077,0.3076923076923077,0.47058823529411764,0.425531914893617,0.5263157894736841,-0.50709255283711,-0.4285714285714286,-0.6,0.5714285714285714,
D00716_06_fill_holes_and_orientation.obj,d00716,Bottle,4,6,3,0,7,2437,0.7693105251714388,0.8621692060946271,0.6262803207177136,0.4341754806679219,4,6,3,0,0.5714285714285714,0.0,0.4,0.0,0.42857142857142855,1.0,0.6,1.0,0.3076923076923077,0.3076923076923077,0.47058823529411764,0.425531914893617,0.5263157894736841,-0.50709255283711,-0.4285714285714286,-0.6,0.5714285714285714,
D00726_06_fill_holes_and_orientation.obj,d00726,Bottle,8,2,0,0,7,2437,1.431877456689191,0.8549805246878223,0.7435530352681017,0.8200685179888284,8,2,0,0,1.0,0.0,0.8,,0.0,1.0,0.2,,0.8,0.8,0.888888888888889,0.8333333333333334,0.9523809523809523,,0.0,,1.0,
D00892_06_fill_holes_and_orientation.obj,d00892,Bottle,7,3,0,0,7,2437,1.586856379796416,0.888360636957269,0.7736329036483705,0.769526190239283,7,3,0,0,1.0,0.0,0.7,,0.0,1.0,0.3,,0.7,0.7,0.8235294117647058,0.7446808510638298,0.9210526315789475,,0.0,,1.0,
D00940_06_fill_holes_and_orientation.obj,d00940,Bottle,6,4,1,0,7,2437,1.1363976771106594,0.8674533165311032,0.6957935449837547,0.6235540477207573,6,4,1,0,0.8571428571428571,0.0,0.6,0.0,0.14285714285714285,1.0,0.4,1.0,0.5454545454545454,0.5454545454545454,0.7058823529411764,0.6382978723404255,0.7894736842105262,-0.23904572186687872,-0.1428571428571429,-0.4,0.8571428571428571,
D00959_06_fill_holes_and_orientation.obj,d00959,Bottle,0,10,7,0,7,2437,0.07128776689719488,0.5807795852904114,0.35051861823211816,0.0,0,10,7,0,0.0,0.0,0.0,0.0,1.0,1.0,1.0,1.0,0.0,0.0,,,,-1.0,-1.0,-1.0,0.0,
m482_06_fill_holes_and_orientation.obj,m482,Bottle,2,8,5,0,7,2437,0.29121013179920424,0.2520334517126819,0.4657176495045252,0.314880130667631,2,8,5,0,0.2857142857142857,0.0,0.2,0.0,0.7142857142857143,1.0,0.8,1.0,0.13333333333333333,0.13333333333333333,0.23529411764705882,0.2127659574468085,0.26315789473684204,-0.7559289460184545,-0.7142857142857143,-0.8,0.2857142857142857,
m483_06_fill_holes_and_orientation.obj,m483,Bottle,6,4,1,0,7,2437,1.14962264868082,0.8157005384351014,0.7016209053370435,0.6867151830982592,6,4,1,0,0.8571428571428571,0.0,0.6,0.0,0.14285714285714285,1.0,0.4,1.0,0.5454545454545454,0.5454545454545454,0.7058823529411764,0.6382978723404255,0.7894736842105262,-0.23904572186687872,-0.1428571428571429,-0.4,0.8571428571428571,
m484_06_fill_holes_and_orientation.obj,m484,Bottle,5,5,2,0,7,2437,0.9782802780064422,0.8193807996334059,0.6675630387325434,0.5606114592078374,5,5,2,0,0.7142857142857143,0.0,0.5,0.0,0.2857142857142857,1.0,0.5,1.0,0.4166666666666667,0.4166666666666667,0.588235294117647,0.5319148936170213,0.6578947368421053,-0.37796447300922725,-0.2857142857142857,-0.5,0.7142857142857143,
m485_06_fill_holes_and_orientation.obj,m485,Bottle,1,9,6,0,7,2437,0.09243205372256647,0.24235307595371752,0.3636571151014307,0.1100458831490401,1,9,6,0,0.14285714285714285,0.0,0.1,0.0,0.8571428571428571,1.0,0.9,1.0,0.0625,0.0625,0.11764705882352941,0.10638297872340426,0.13157894736842102,-0.8783100656536799,-0.8571428571428572,-0.9,0.14285714285714285,
m486_06_fill_holes_and_orientation.obj,m486,Bottle,6,4,1,0,7,2437,1.3520528726003558,0.8848951769962194,0.7339138271432455,0.6464018466408364,6,4,1,0,0.8571428571428571,0.0,0.6,0.0,0.14285714285714285,1.0,0.4,1.0,0.5454545454545454,0.5454545454545454,0.7058823529411764,0.6382978723404255,0.7894736842105262,-0.23904572186687872,-0.1428571428571429,-0.4,0.8571428571428571,
m488_06_fill_holes_and_orientation.obj,m488,Bottle,5,5,2,0,7,2437,0.9112235630622614,0.8372952228204835,0.6272243316556758,0.469736890055382,5,5,2,0,0.7142857142857143,0.0,0.5,0.0,0.2857142857142857,1.0,0.5,1.0,0.4166666666666667,0.4166666666666667,0.588235294117647,0.5319148936170213,0.6578947368421053,-0.37796447300922725,-0.2857142857142857,-0.5,0.7142857142857143,
m489_06_fill_holes_and_orientation.obj,m489,Bottle,2,8,5,0,7,2437,0.5541527369443949,0.8492524916943522,0.5402556735489986,0.17318663334822615,2,8,5,0,0.2857142857142857,0.0,0.2,0.0,0.7142857142857143,1.0,0.8,1.0,0.13333333333333333,0.13333333333333333,0.23529411764705882,0.2127659574468085,0.26315789473684204,-0.7559289460184545,-0.7142857142857143,-0.8,0.2857142857142857,
m490_06_fill_holes_and_orientation.obj,m490,Bottle,6,4,1,0,7,2437,1.4920223679691287,0.8884179172872035,0.7576849017251825,0.6758704024811183,6,4,1,0,0.8571428571428571,0.0,0.6,0.0,0.14285714285714285,1.0,0.4,1.0,0.5454545454545454,0.5454545454545454,0.7058823529411764,0.6382978723404255,0.7894736842105262,-0.23904572186687872,-0.1428571428571429,-0.4,0.8571428571428571,
m491_06_fill_holes_and_orientation.obj,m491,Bottle,0,10,7,0,7,2437,0.12266992026000564,0.6858746706381029,0.37947893126711923,0.0,0,10,7,0,0.0,0.0,0.0,0.0,1.0,1.0,1.0,1.0,0.0,0.0,,,,-1.0,-1.0,-1.0,0.0,
m492_06_fill_holes_and_orientation.obj,m492,Bottle,1,9,6,0,7,2437,0.22492392916649445,0.707111352961393,0.4371489588949158,0.06362078819895173,1,9,6,0,0.14285714285714285,0.0,0.1,0.0,0.8571428571428571,1.0,0.9,1.0,0.0625,0.0625,0.11764705882352941,0.10638297872340426,0.13157894736842102,-0.8783100656536799,-0.8571428571428572,-0.9,0.14285714285714285,
m382_06_fill_holes_and_orientation.obj,m382,BuildingNonResidential,0,10,7,0,7,2437,0.0906987517406316,0.42569933629219436,0.3690483589010334,0.0,0,10,7,0,0.0,0.0,0.0,0.0,1.0,1.0,1.0,1.0,0.0,0.0,,,,-1.0,-1.0,-1.0,0.0,
m383_06_fill_holes_and_orientation.obj,m383,BuildingNonResidential,2,8,5,0,7,2437,0.3628006231704128,0.5110448308155869,0.5003015108791358,0.2895229882348575,2,8,5,0,0.2857142857142857,0.0,0.2,0.0,0.7142857142857143,1.0,0.8,1.0,0.13333333333333333,0.13333333333333333,0.23529411764705882,0.2127659574468085,0.26315789473684204,-0.7559289460184545,-0.7142857142857143,-0.8,0.2857142857142857,
m384_06_fill_holes_and_orientation.obj,m384,BuildingNonResidential,0,10,7,0,7,2437,0.17186630406199369,0.6528360275255507,0.4060705497775008,0.0,0,10,7,0,0.0,0.0,0.0,0.0,1.0,1.0,1.0,1.0,0.0,0.0,,,,-1.0,-1.0,-1.0,0.0,
m385_06_fill_holes_and_orientation.obj,m385,BuildingNonResidential,3,7,4,0,7,2437,0.4588909301418033,0.5151370169795186,0.525013796929282,0.4085359184257956,3,7,4,0,0.42857142857142855,0.0,0.3,0.0,0.5714285714285714,1.0,0.7,1.0,0.21428571428571427,0.21428571428571427,0.3529411764705882,0.3191489361702127,0.3947368421052631,-0.6324555320336759,-0.5714285714285714,-0.7,0.42857142857142855,
m386_06_fill_holes_and_orientation.obj,m386,BuildingNonResidential,0,10,7,0,7,2437,0.18632685145725433,0.6560222321755772,0.41650758980093217,0.0,0,10,7,0,0.0,0.0,0.0,0.0,1.0,1.0,1.0,1.0,0.0,0.0,,,,-1.0,-1.0,-1.0,0.0,
m387_06_fill_holes_and_orientation.obj,m387,BuildingNonResidential,0,10,7,0,7,2437,0.09512673004535067,0.453184168736512,0.36955303413765,0.0,0,10,7,0,0.0,0.0,0.0,0.0,1.0,1.0,1.0,1.0,0.0,0.0,,,,-1.0,-1.0,-1.0,0.0,
m389_06_fill_holes_and_orientation.obj,m389,BuildingNonResidential,1,9,6,0,7,2437,0.3767250620542018,0.758377784111731,0.4787803460267483,0.06943122193677728,1,9,6,0,0.14285714285714285,0.0,0.1,0.0,0.8571428571428571,1.0,0.9,1.0,0.0625,0.0625,0.11764705882352941,0.10638297872340426,0.13157894736842102,-0.8783100656536799,-0.8571428571428572,-0.9,0.14285714285714285,
m390_06_fill_holes_and_orientation.obj,m390,BuildingNonResidential,0,10,7,0,7,2437,0.16265330554488514,0.4748971863675231,0.40652780984898196,0.0,0,10,7,0,0.0,0.0,0.0,0.0,1.0,1.0,1.0,1.0,0.0,0.0,,,,-1.0,-1.0,-1.0,0.0,
m391_06_fill_holes_and_orientation.obj,m391,BuildingNonResidential,1,9,6,0,7,2437,0.09494048409858916,0.3640009772384869,0.3752370958199467,0.06943122193677728,1,9,6,0,0.14285714285714285,0.0,0.1,0.0,0.8571428571428571,1.0,0.9,1.0,0.0625,0.0625,0.11764705882352941,0.10638297872340426,0.13157894736842102,-0.8783100656536799,-0.8571428571428572,-0.9,0.14285714285714285,
m392_06_fill_holes_and_orientation.obj,m392,BuildingNonResidential,0,10,7,0,7,2437,0.07052935450176112,0.3495663504214341,0.34920320021533746,0.0,0,10,7,0,0.0,0.0,0.0,0.0,1.0,1.0,1.0,1.0,0.0,0.0,,,,-1.0,-1.0,-1.0,0.0,
m393_06_fill_holes_and_orientation.obj,m393,BuildingNonResidential,3,7,4,0,7,2437,0.45270176900280495,0.5573924019707643,0.526632395578898,0.37148910739409025,3,7,4,0,0.42857142857142855,0.0,0.3,0.0,0.5714285714285714,1.0,0.7,1.0,0.21428571428571427,0.21428571428571427,0.3529411764705882,0.3191489361702127,0.3947368421052631,-0.6324555320336759,-0.5714285714285714,-0.7,0.42857142857142855,
m394_06_fill_holes_and_orientation.obj,m394,BuildingNonResidential,1,9,6,0,7,2437,0.3494068261776947,0.6650006107740544,0.4943390729137489,0.2200917662980802,1,9,6,0,0.14285714285714285,0.0,0.1,0.0,0.8571428571428571,1.0,0.9,1.0,0.0625,0.0625,0.11764705882352941,0.10638297872340426,0.13157894736842102,-0.8783100656536799,-0.8571428571428572,-0.9,0.14285714285714285,
m395_06_fill_holes_and_orientation.obj,m395,BuildingNonResidential,2,8,5,0,7,2437,0.37869560309990086,0.7216702634472086,0.4853332104913177,0.1517621910780354,2,8,5,0,0.2857142857142857,0.0,0.2,0.0,0.7142857142857143,1.0,0.8,1.0,0.13333333333333333,0.13333333333333333,0.23529411764705882,0.2127659574468085,0.26315789473684204,-0.7559289460184545,-0.7142857142857143,-0.8,0.2857142857142857,
m396_06_fill_holes_and_orientation.obj,m396,BuildingNonResidential,1,9,6,0,7,2437,0.26572028880434895,0.6661814406124028,0.4508344584043381,0.08514311764162101,1,9,6,0,0.14285714285714285,0.0,0.1,0.0,0.8571428571428571,1.0,0.9,1.0,0.0625,0.0625,0.11764705882352941,0.10638297872340426,0.13157894736842102,-0.8783100656536799,-0.8571428571428572,-0.9,0.14285714285714285,
m397_06_fill_holes_and_orientation.obj,m397,BuildingNonResidential,1,9,6,0,7,2437,0.28562858760368626,0.6112423144264831,0.4598481882111868,0.08514311764162101,1,9,6,0,0.14285714285714285,0.0,0.1,0.0,0.8571428571428571,1.0,0.9,1.0,0.0625,0.0625,0.11764705882352941,0.10638297872340426,0.13157894736842102,-0.8783100656536799,-0.8571428571428572,-0.9,0.14285714285714285,
m398_06_fill_holes_and_orientation.obj,m398,BuildingNonResidential,0,10,7,0,7,2437,0.09161571577825277,0.4458243413819781,0.36829455374598896,0.0,0,10,7,0,0.0,0.0,0.0,0.0,1.0,1.0,1.0,1.0,0.0,0.0,,,,-1.0,-1.0,-1.0,0.0,
m399_06_fill_holes_and_orientation.obj,m399,BuildingNonResidential,1,9,5,0,6,2437,0.35309462738317715,0.7379881102650759,0.47047963951936234,0.1100458831490401,1,9,5,0,0.16666666666666666,0.0,0.1,0.0,0.8333333333333334,1.0,0.9,1.0,0.06666666666666667,0.06666666666666667,0.125,0.10869565217391304,0.14705882352941177,-0.8660254037844386,-0.8333333333333334,-0.9,0.16666666666666666,
m400_06_fill_holes_and_orientation.obj,m400,BuildingNonResidential,0,10,7,0,7,2437,0.27473441550544325,0.7004865833299401,0.44629445182524735,0.0,0,10,7,0,0.0,0.0,0.0,0.0,1.0,1.0,1.0,1.0,0.0,0.0,,,,-1.0,-1.0,-1.0,0.0,
m401_06_fill_holes_and_orientation.obj,m401,BuildingNonResidential,0,10,6,0,6,2437,0.11506714289541221,0.45346919662852725,0.37539411052780575,0.0,0,10,6,0,0.0,0.0,0.0,0.0,1.0,1.0,1.0,1.0,0.0,0.0,,,,-1.0,-1.0,-1.0,0.0,
m402_06_fill_holes_and_orientation.obj,m402,BuildingNonResidential,0,10,7,0,7,2437,0.16170960176712534,0.5840526894417524,0.4020424314895753,0.0,0,10,7,0,0.0,0.0,0.0,0.0,1.0,1.0,1.0,1.0,0.0,0.0,,,,-1.0,-1.0,-1.0,0.0,
m404_06_fill_holes_and_orientation.obj,m404,BuildingNonResidential,1,9,6,0,7,2437,0.11690549908833721,0.39876420049676287,0.3898408976970328,0.07839826897867534,1,9,6,0,0.14285714285714285,0.0,0.1,0.0,0.8571428571428571,1.0,0.9,1.0,0.0625,0.0625,0.11764705882352941,0.10638297872340426,0.13157894736842102,-0.8783100656536799,-0.8571428571428572,-0.9,0.14285714285714285,
m405_06_fill_holes_and_orientation.obj,m405,BuildingNonResidential,1,9,6,0,7,2437,0.4515696417991169,0.7983427663992833,0.5055419805249015,0.1100458831490401,1,9,6,0,0.14285714285714285,0.0,0.1,0.0,0.8571428571428571,1.0,0.9,1.0,0.0625,0.0625,0.11764705882352941,0.10638297872340426,0.13157894736842102,-0.8783100656536799,-0.8571428571428572,-0.9,0.14285714285714285,
m406_06_fill_holes_and_orientation.obj,m406,BuildingNonResidential,0,10,6,0,6,2437,0.35148167744321307,0.690164501811963,0.44587978644962223,0.0,0,10,6,0,0.0,0.0,0.0,0.0,1.0,1.0,1.0,1.0,0.0,0.0,,,,-1.0,-1.0,-1.0,0.0,
m407_06_fill_holes_and_orientation.obj,m407,BuildingNonResidential,0,10,7,0,7,2437,0.16841547241275964,0.5451056639113971,0.4115256823475885,0.0,0,10,7,0,0.0,0.0,0.0,0.0,1.0,1.0,1.0,1.0,0.0,0.0,,,,-1.0,-1.0,-1.0,0.0,
m408_06_fill_holes_and_orientation.obj,m408,BuildingNonResidential,1,9,6,0,7,2437,0.14196448263942957,0.5026161488659961,0.398947675715328,0.1100458831490401,1,9,6,0,0.14285714285714285,0.0,0.1,0.0,0.8571428571428571,1.0,0.9,1.0,0.0625,0.0625,0.11764705882352941,0.10638297872340426,0.13157894736842102,-0.8783100656536799,-0.8571428571428572,-0.9,0.14285714285714285,
m409_06_fill_holes_and_orientation.obj,m409,BuildingNonResidential,0,10,7,0,7,2437,0.07869893287320588,0.3954354819007288,0.3574611904494521,0.0,0,10,7,0,0.0,0.0,0.0,0.0,1.0,1.0,1.0,1.0,0.0,0.0,,,,-1.0,-1.0,-1.0,0.0,
m410_06_fill_holes_and_orientation.obj,m410,BuildingNonResidential,0,10,7,0,7,2437,0.19435132290223495,0.5284315322285109,0.41910960843500067,0.0,0,10,7,0,0.0,0.0,0.0,0.0,1.0,1.0,1.0,1.0,0.0,0.0,,,,-1.0,-1.0,-1.0,0.0,
m412_06_fill_holes_and_orientation.obj,m412,BuildingNonResidential,0,10,7,0,7,2437,0.07715548239635912,0.36001058675027486,0.36032349148592613,0.0,0,10,7,0,0.0,0.0,0.0,0.0,1.0,1.0,1.0,1.0,0.0,0.0,,,,-1.0,-1.0,-1.0,0.0,
m413_06_fill_holes_and_orientation.obj,m413,BuildingNonResidential,0,10,7,0,7,2437,0.4119513744245218,0.7870638055295411,0.4846696890561149,0.0,0,10,7,0,0.0,0.0,0.0,0.0,1.0,1.0,1.0,1.0,0.0,0.0,,,,-1.0,-1.0,-1.0,0.0,
m414_06_fill_holes_and_orientation.obj,m414,BuildingNonResidential,2,8,5,0,7,2437,0.3781416841944299,0.5235453397939656,0.5045061144510591,0.29345568839744024,2,8,5,0,0.2857142857142857,0.0,0.2,0.0,0.7142857142857143,1.0,0.8,1.0,0.13333333333333333,0.13333333333333333,0.23529411764705882,0.2127659574468085,0.26315789473684204,-0.7559289460184545,-0.7142857142857143,-0.8,0.2857142857142857,
m415_06_fill_holes_and_orientation.obj,m415,BuildingNonResidential,2,8,5,0,7,2437,0.33894281024941736,0.5802964290076958,0.47872476035414185,0.18844415212771543,2,8,5,0,0.2857142857142857,0.0,0.2,0.0,0.7142857142857143,1.0,0.8,1.0,0.13333333333333333,0.13333333333333333,0.23529411764705882,0.2127659574468085,0.26315789473684204,-0.7559289460184545,-0.7142857142857143,-0.8,0.2857142857142857,
m416_06_fill_holes_and_orientation.obj,m416,BuildingNonResidential,0,10,6,0,6,2437,0.30852545216154276,0.6957530844089743,0.44332034619274924,0.0,0,10,6,0,0.0,0.0,0.0,0.0,1.0,1.0,1.0,1.0,0.0,0.0,,,,-1.0,-1.0,-1.0,0.0,
m418_06_fill_holes_and_orientation.obj,m418,BuildingNonResidential,1,9,6,0,7,2437,0.3414646527681001,0.7451952441060303,0.47911432620840244,0.09478836436955079,1,9,6,0,0.14285714285714285,0.0,0.1,0.0,0.8571428571428571,1.0,0.9,1.0,0.0625,0.0625,0.11764705882352941,0.10638297872340426,0.13157894736842102,-0.8783100656536799,-0.8571428571428572,-0.9,0.14285714285714285,
m420_06_fill_holes_and_orientation.obj,m420,BuildingNonResidential,1,9,5,0,6,2437,0.44623756790125113,0.727248666476648,0.4976397751941672,0.13886244387355456,1,9,5,0,0.16666666666666666,0.0,0.1,0.0,0.8333333333333334,1.0,0.9,1.0,0.06666666666666667,0.06666666666666667,0.125,0.10869565217391304,0.14705882352941177,-0.8660254037844386,-0.8333333333333334,-0.9,0.16666666666666666,
m421_06_fill_holes_and_orientation.obj,m421,BuildingNonResidential,0,10,6,0,6,2437,0.30066808938615414,0.6643592980170202,0.4461430530184172,0.0,0,10,6,0,0.0,0.0,0.0,0.0,1.0,1.0,1.0,1.0,0.0,0.0,,,,-1.0,-1.0,-1.0,0.0,
m470_06_fill_holes_and_orientation.obj,m470,BuildingNonResidential,0,10,7,0,7,2437,0.07040989988777865,0.32695753084408974,0.3527978013573104,0.0,0,10,7,0,0.0,0.0,0.0,0.0,1.0,1.0,1.0,1.0,0.0,0.0,,,,-1.0,-1.0,-1.0,0.0,
m472_06_fill_holes_and_orientation.obj,m472,BuildingNonResidential,0,10,7,0,7,2437,0.061618389519806235,0.25719695427338246,0.33947031430989955,0.0,0,10,7,0,0.0,0.0,0.0,0.0,1.0,1.0,1.0,1.0,0.0,0.0,,,,-1.0,-1.0,-1.0,0.0,
m474_06_fill_holes_and_orientation.obj,m474,BuildingNonResidential,0,10,7,0,7,2437,0.0783088610166058,0.37428234048617615,0.36066528716474194,0.0,0,10,7,0,0.0,0.0,0.0,0.0,1.0,1.0,1.0,1.0,0.0,0.0,,,,-1.0,-1.0,-1.0,0.0,
m477_06_fill_holes_and_orientation.obj,m477,BuildingNonResidential,0,10,7,0,7,2437,0.084269359826024,0.39803127163158114,0.36522049004263984,0.0,0,10,7,0,0.0,0.0,0.0,0.0,1.0,1.0,1.0,1.0,0.0,0.0,,,,-1.0,-1.0,-1.0,0.0,
m478_06_fill_holes_and_orientation.obj,m478,BuildingNonResidential,0,10,7,0,7,2437,0.09426413138277887,0.37031230913310803,0.3747469919832906,0.0,0,10,7,0,0.0,0.0,0.0,0.0,1.0,1.0,1.0,1.0,0.0,0.0,,,,-1.0,-1.0,-1.0,0.0,
m479_06_fill_holes_and_orientation.obj,m479,BuildingNonResidential,0,10,7,0,7,2437,0.08011893833555493,0.37428234048617615,0.3633330364287422,0.0,0,10,7,0,0.0,0.0,0.0,0.0,1.0,1.0,1.0,1.0,0.0,0.0,,,,-1.0,-1.0,-1.0,0.0,
m481_06_fill_holes_and_orientation.obj,m481,BuildingNonResidential,0,10,7,0,7,2437,0.07782599438108485,0.37278594405309656,0.360526781704509,0.0,0,10,7,0,0.0,0.0,0.0,0.0,1.0,1.0,1.0,1.0,0.0,0.0,,,,-1.0,-1.0,-1.0,0.0,
D00084_06_fill_holes_and_orientation.obj,d00084,Bus,0,10,7,0,7,2437,0.015851523219301087,0.3074093422140961,0.2692795246222447,0.0,0,10,7,0,0.0,0.0,0.0,0.0,1.0,1.0,1.0,1.0,0.0,0.0,,,,-1.0,-1.0,-1.0,0.0,
D00114_06_fill_holes_and_orientation.obj,d00114,Bus,2,8,4,0,6,2437,0.18032083796266662,0.810870227678377,0.4142737384575198,0.14465249243306438,2,8,4,0,0.3333333333333333,0.0,0.2,0.0,0.6666666666666666,1.0,0.8,1.0,0.14285714285714285,0.14285714285714285,0.25,0.21739130434782608,0.29411764705882354,-0.7302967433402214,-0.6666666666666667,-0.8,0.3333333333333333,
D00151_06_fill_holes_and_orientation.obj,d00151,Bus,0,10,7,0,7,2437,0.013862674018029547,0.25469069696573937,0.26116093596664214,0.0,0,10,7,0,0.0,0.0,0.0,0.0,1.0,1.0,1.0,1.0,0.0,0.0,,,,-1.0,-1.0,-1.0,0.0,
D00179_06_fill_holes_and_orientation.obj,d00179,Bus,2,8,5,0,7,2437,0.2824868736382758,0.8624352444386401,0.5156889017702054,0.2863459897524693,2,8,5,0,0.2857142857142857,0.0,0.2,0.0,0.7142857142857143,1.0,0.8,1.0,0.13333333333333333,0.13333333333333333,0.23529411764705882,0.2127659574468085,0.26315789473684204,-0.7559289460184545,-0.7142857142857143,-0.8,0.2857142857142857,
D00182_06_fill_holes_and_orientation.obj,d00182,Bus,1,9,6,0,7,2437,0.25792592851155355,0.8462844456053285,0.5013871312766108,0.2200917662980802,1,9,6,0,0.14285714285714285,0.0,0.1,0.0,0.8571428571428571,1.0,0.9,1.0,0.0625,0.0625,0.11764705882352941,0.10638297872340426,0.13157894736842102,-0.8783100656536799,-0.8571428571428572,-0.9,0.14285714285714285,
D00264_06_fill_holes_and_orientation.obj,d00264,Bus,1,9,6,0,7,2437,0.11146335107422459,0.6145792521004745,0.38333395734089176,0.09478836436955079,1,9,6,0,0.14285714285714285,0.0,0.1,0.0,0.8571428571428571,1.0,0.9,1.0,0.0625,0.0625,0.11764705882352941,0.10638297872340426,0.13157894736842102,-0.8783100656536799,-0.8571428571428572,-0.9,0.14285714285714285,
D00411_06_fill_holes_and_orientation.obj,d00411,Bus,1,9,6,0,7,2437,0.3273921952944329,0.8303077793739932,0.5341868668994599,0.2200917662980802,1,9,6,0,0.14285714285714285,0.0,0.1,0.0,0.8571428571428571,1.0,0.9,1.0,0.0625,0.0625,0.11764705882352941,0.10638297872340426,0.13157894736842102,-0.8783100656536799,-0.8571428571428572,-0.9,0.14285714285714285,
D00436_06_fill_holes_and_orientation.obj,d00436,Bus,1,9,6,0,7,2437,0.1578791987068001,0.6650994732488791,0.4217655520183344,0.13886244387355456,1,9,6,0,0.14285714285714285,0.0,0.1,0.0,0.8571428571428571,1.0,0.9,1.0,0.0625,0.0625,0.11764705882352941,0.10638297872340426,0.13157894736842102,-0.8783100656536799,-0.8571428571428572,-0.9,0.14285714285714285,
D00446_06_fill_holes_and_orientation.obj,d00446,Bus,0,10,7,0,7,2437,0.04904622869141693,0.6760698271733925,0.32492832788269893,0.0,0,10,7,0,0.0,0.0,0.0,0.0,1.0,1.0,1.0,1.0,0.0,0.0,,,,-1.0,-1.0,-1.0,0.0,
D00448_06_fill_holes_and_orientation.obj,d00448,Bus,0,10,6,0,6,2437,0.060757947046368194,0.48154194419050106,0.3262909667170843,0.0,0,10,6,0,0.0,0.0,0.0,0.0,1.0,1.0,1.0,1.0,0.0,0.0,,,,-1.0,-1.0,-1.0,0.0,
D00483_06_fill_holes_and_orientation.obj,d00483,Bus,2,8,5,0,7,2437,0.16257236790523288,0.8889251665143008,0.4212703967989532,0.14201905717762706,2,8,5,0,0.2857142857142857,0.0,0.2,0.0,0.7142857142857143,1.0,0.8,1.0,0.13333333333333333,0.13333333333333333,0.23529411764705882,0.2127659574468085,0.26315789473684204,-0.7559289460184545,-0.7142857142857143,-0.8,0.2857142857142857,
D00516_06_fill_holes_and_orientation.obj,d00516,Bus,0,10,7,0,7,2437,0.08293655446536773,0.6712376474685473,0.35754512276745704,0.0,0,10,7,0,0.0,0.0,0.0,0.0,1.0,1.0,1.0,1.0,0.0,0.0,,,,-1.0,-1.0,-1.0,0.0,
D00677_06_fill_holes_and_orientation.obj,d00677,Bus,1,9,6,0,7,2437,0.29605360754290994,0.7882112228461973,0.5184317091316958,0.2200917662980802,1,9,6,0,0.14285714285714285,0.0,0.1,0.0,0.8571428571428571,1.0,0.9,1.0,0.0625,0.0625,0.11764705882352941,0.10638297872340426,0.13157894736842102,-0.8783100656536799,-0.8571428571428572,-0.9,0.14285714285714285,
D00754_06_fill_holes_and_orientation.obj,d00754,Bus,1,9,6,0,7,2437,0.20333038446895216,0.5376561751773976,0.4523366348855614,0.2200917662980802,1,9,6,0,0.14285714285714285,0.0,0.1,0.0,0.8571428571428571,1.0,0.9,1.0,0.0625,0.0625,0.11764705882352941,0.10638297872340426,0.13157894736842102,-0.8783100656536799,-0.8571428571428572,-0.9,0.14285714285714285,
D00769_06_fill_holes_and_orientation.obj,d00769,Bus,3,7,4,0,7,2437,0.24115847805510796,0.6469243829175917,0.45731524407074725,0.3070147303424654,3,7,4,0,0.42857142857142855,0.0,0.3,0.0,0.5714285714285714,1.0,0.7,1.0,0.21428571428571427,0.21428571428571427,0.3529411764705882,0.3191489361702127,0.3947368421052631,-0.6324555320336759,-0.5714285714285714,-0.7,0.42857142857142855,
D00775_06_fill_holes_and_orientation.obj,d00775,Bus,0,10,7,0,7,2437,0.0542724621108348,0.5680640807975272,0.3276698569112417,0.0,0,10,7,0,0.0,0.0,0.0,0.0,1.0,1.0,1.0,1.0,0.0,0.0,,,,-1.0,-1.0,-1.0,0.0,
D00815_06_fill_holes_and_orientation.obj,d00815,Bus,1,9,5,0,6,2437,0.1365815433718439,0.6871054808236472,0.3851052839609587,0.07839826897867534,1,9,5,0,0.16666666666666666,0.0,0.1,0.0,0.8333333333333334,1.0,0.9,1.0,0.06666666666666667,0.06666666666666667,0.125,0.10869565217391304,0.14705882352941177,-0.8660254037844386,-0.8333333333333334,-0.9,0.16666666666666666,
D00823_06_fill_holes_and_orientation.obj,d00823,Bus,2,8,4,0,6,2437,0.270226166774157,0.5642766967045405,0.4686304724728089,0.2837125544970319,2,8,4,0,0.3333333333333333,0.0,0.2,0.0,0.6666666666666666,1.0,0.8,1.0,0.14285714285714285,0.14285714285714285,0.25,0.21739130434782608,0.29411764705882354,-0.7302967433402214,-0.6666666666666667,-0.8,0.3333333333333333,
D00832_06_fill_holes_and_orientation.obj,d00832,Bus,0,10,7,0,7,2437,0.04472936439374633,0.595468199033564,0.32327611299652587,0.0,0,10,7,0,0.0,0.0,0.0,0.0,1.0,1.0,1.0,1.0,0.0,0.0,,,,-1.0,-1.0,-1.0,0.0,
D00857_06_fill_holes_and_orientation.obj,d00857,Bus,0,10,7,0,7,2437,0.07193130230324876,0.7537982673806104,0.34653178742508506,0.0,0,10,7,0,0.0,0.0,0.0,0.0,1.0,1.0,1.0,1.0,0.0,0.0,,,,-1.0,-1.0,-1.0,0.0,
D00168_06_fill_holes_and_orientation.obj,d00168,Car,4,6,3,0,7,2437,1.4516696489370358,0.658283021788769,0.6309061710032299,0.4959389204699465,4,6,3,0,0.5714285714285714,0.0,0.4,0.0,0.42857142857142855,1.0,0.6,1.0,0.3076923076923077,0.3076923076923077,0.47058823529411764,0.425531914893617,0.5263157894736841,-0.50709255283711,-0.4285714285714286,-0.6,0.5714285714285714,
D00236_06_fill_holes_and_orientation.obj,d00236,Car,1,9,6,0,7,2437,1.3804881672616172,0.8413686675180927,0.574607150923137,0.06625422345438904,1,9,6,0,0.14285714285714285,0.0,0.1,0.0,0.8571428571428571,1.0,0.9,1.0,0.0625,0.0625,0.11764705882352941,0.10638297872340426,0.13157894736842102,-0.8783100656536799,-0.8571428571428572,-0.9,0.14285714285714285,
D00260_06_fill_holes_and_orientation.obj,d00260,Car,2,8,5,0,7,2437,1.290278174031308,0.7340309222493131,0.5940062801247205,0.22400556151517556,2,8,5,0,0.2857142857142857,0.0,0.2,0.0,0.7142857142857143,1.0,0.8,1.0,0.13333333333333333,0.13333333333333333,0.23529411764705882,0.2127659574468085,0.26315789473684204,-0.7559289460184545,-0.7142857142857143,-0.8,0.2857142857142857,
D00265_06_fill_holes_and_orientation.obj,d00265,Car,0,10,7,0,7,2437,0.41666232712939283,0.42351677696505285,0.4724895948511337,0.0,0,10,7,0,0.0,0.0,0.0,0.0,1.0,1.0,1.0,1.0,0.0,0.0,,,,-1.0,-1.0,-1.0,0.0,
D00299_06_fill_holes_and_orientation.obj,d00299,Car,0,10,7,0,7,2437,1.149851270685689,0.8073067843182786,0.5490636914844289,0.0,0,10,7,0,0.0,0.0,0.0,0.0,1.0,1.0,1.0,1.0,0.0,0.0,,,,-1.0,-1.0,-1.0,0.0,
D00377_06_fill_holes_and_orientation.obj,d00377,Car,8,2,0,0,7,2437,4.064574273024388,0.7928325399589766,0.7774198965208993,0.8454256604216018,8,2,0,0,1.0,0.0,0.8,,0.0,1.0,0.2,,0.8,0.8,0.888888888888889,0.8333333333333334,0.9523809523809523,,0.0,,1.0,
D00405_06_fill_holes_and_orientation.obj,d00405,Car,6,4,1,0,7,2437,2.343080336100532,0.7842553891404467,0.696222183998852,0.6434035614033738,6,4,1,0,0.8571428571428571,0.0,0.6,0.0,0.14285714285714285,1.0,0.4,1.0,0.5454545454545454,0.5454545454545454,0.7058823529411764,0.6382978723404255,0.7894736842105262,-0.23904572186687872,-0.1428571428571429,-0.4,0.8571428571428571,
D00452_06_fill_holes_and_orientation.obj,d00452,Car,2,8,5,0,7,2437,1.88477453123276,0.8306774642981539,0.6505249772961689,0.29345568839744024,2,8,5,0,0.2857142857142857,0.0,0.2,0.0,0.7142857142857143,1.0,0.8,1.0,0.13333333333333333,0.13333333333333333,0.23529411764705882,0.2127659574468085,0.26315789473684204,-0.7559289460184545,-0.7142857142857143,-0.8,0.2857142857142857,
D00504_06_fill_holes_and_orientation.obj,d00504,Car,1,9,6,0,7,2437,1.7517909726394527,0.7566807926003328,0.6098113780322305,0.06625422345438904,1,9,6,0,0.14285714285714285,0.0,0.1,0.0,0.8571428571428571,1.0,0.9,1.0,0.0625,0.0625,0.11764705882352941,0.10638297872340426,0.13157894736842102,-0.8783100656536799,-0.8571428571428572,-0.9,0.14285714285714285,
D00541_06_fill_holes_and_orientation.obj,d00541,Car,1,9,6,0,7,2437,0.5323702812671602,0.4665331475676304,0.5000859198541949,0.08514311764162101,1,9,6,0,0.14285714285714285,0.0,0.1,0.0,0.8571428571428571,1.0,0.9,1.0,0.0625,0.0625,0.11764705882352941,0.10638297872340426,0.13157894736842102,-0.8783100656536799,-0.8571428571428572,-0.9,0.14285714285714285,
D00618_06_fill_holes_and_orientation.obj,d00618,Car,7,3,0,0,7,2437,3.818637196347662,0.8080179186501025,0.770259708361831,0.7819835854675756,7,3,0,0,1.0,0.0,0.7,,0.0,1.0,0.3,,0.7,0.7,0.8235294117647058,0.7446808510638298,0.9210526315789475,,0.0,,1.0,
D00670_06_fill_holes_and_orientation.obj,d00670,Car,1,9,6,0,7,2437,0.4007392556525257,0.4030486860946631,0.4723673168395425,0.06943122193677728,1,9,6,0,0.14285714285714285,0.0,0.1,0.0,0.8571428571428571,1.0,0.9,1.0,0.0625,0.0625,0.11764705882352941,0.10638297872340426,0.13157894736842102,-0.8783100656536799,-0.8571428571428572,-0.9,0.14285714285714285,
D00671_06_fill_holes_and_orientation.obj,d00671,Car,3,7,4,0,7,2437,2.0124033100861687,0.7903750145129456,0.6447943055982162,0.27819816961795096,3,7,4,0,0.42857142857142855,0.0,0.3,0.0,0.5714285714285714,1.0,0.7,1.0,0.21428571428571427,0.21428571428571427,0.3529411764705882,0.3191489361702127,0.3947368421052631,-0.6324555320336759,-0.5714285714285714,-0.7,0.42857142857142855,
D00724_06_fill_holes_and_orientation.obj,d00724,Car,3,7,4,0,7,2437,1.0350580669880576,0.5938552188552189,0.5839765550797992,0.3597099118518293,3,7,4,0,0.42857142857142855,0.0,0.3,0.0,0.5714285714285714,1.0,0.7,1.0,0.21428571428571427,0.21428571428571427,0.3529411764705882,0.3191489361702127,0.3947368421052631,-0.6324555320336759,-0.5714285714285714,-0.7,0.42857142857142855,
D00767_06_fill_holes_and_orientation.obj,d00767,Car,9,1,0,0,7,2437,3.886870734497562,0.7785808274314021,0.77236267979886,0.9337457765456111,9,1,0,0,1.0,0.0,0.9,,0.0,1.0,0.1,,0.9,0.9,0.9473684210526316,0.9183673469387754,0.9782608695652175,,0.0,,1.0,
D00785_06_fill_holes_and_orientation.obj,d00785,Car,2,8,4,0,6,2437,0.7641736901202526,0.48896532373543866,0.5271003638625811,0.22400556151517556,2,8,4,0,0.3333333333333333,0.0,0.2,0.0,0.6666666666666666,1.0,0.8,1.0,0.14285714285714285,0.14285714285714285,0.25,0.21739130434782608,0.29411764705882354,-0.7302967433402214,-0.6666666666666667,-0.8,0.3333333333333333,
D00793_06_fill_holes_and_orientation.obj,d00793,Car,9,1,0,0,7,2437,3.876283871186314,0.7796451101048802,0.7705240225580992,0.92663607790064,9,1,0,0,1.0,0.0,0.9,,0.0,1.0,0.1,,0.9,0.9,0.9473684210526316,0.9183673469387754,0.9782608695652175,,0.0,,1.0,
D00803_06_fill_holes_and_orientation.obj,d00803,Car,6,4,1,0,7,2437,1.7678444333626655,0.7207999535585742,0.6526457983463972,0.6032621820619529,6,4,1,0,0.8571428571428571,0.0,0.6,0.0,0.14285714285714285,1.0,0.4,1.0,0.5454545454545454,0.5454545454545454,0.7058823529411764,0.6382978723404255,0.7894736842105262,-0.23904572186687872,-0.1428571428571429,-0.4,0.8571428571428571,
D00865_06_fill_holes_and_orientation.obj,d00865,Car,8,2,0,0,7,2437,3.585347311154199,0.7879465149580092,0.7501037023719752,0.7917063341896683,8,2,0,0,1.0,0.0,0.8,,0.0,1.0,0.2,,0.8,0.8,0.888888888888889,0.8333333333333334,0.9523809523809523,,0.0,,1.0,
D00976_06_fill_holes_and_orientation.obj,d00976,Car,2,8,5,0,7,2437,1.6998222432486556,0.7874966136460391,0.6440891154078738,0.3301376494471203,2,8,5,0,0.2857142857142857,0.0,0.2,0.0,0.7142857142857143,1.0,0.8,1.0,0.13333333333333333,0.13333333333333333,0.23529411764705882,0.2127659574468085,0.26315789473684204,-0.7559289460184545,-0.7142857142857143,-0.8,0.2857142857142857,
m1485_06_fill_holes_and_orientation.obj,m1485,Car,6,4,1,0,7,2437,2.712386653458244,0.7798337783969969,0.6930238173574962,0.533722528236359,6,4,1,0,0.8571428571428571,0.0,0.6,0.0,0.14285714285714285,1.0,0.4,1.0,0.5454545454545454,0.5454545454545454,0.7058823529411764,0.6382978723404255,0.7894736842105262,-0.23904572186687872,-0.1428571428571429,-0.4,0.8571428571428571,
m1486_06_fill_holes_and_orientation.obj,m1486,Car,9,1,0,0,7,2437,3.670397485488094,0.7826589651302295,0.7382305068733854,0.77990823370192,9,1,0,0,1.0,0.0,0.9,,0.0,1.0,0.1,,0.9,0.9,0.9473684210526316,0.9183673469387754,0.9782608695652175,,0.0,,1.0,
m1487_06_fill_holes_and_orientation.obj,m1487,Car,3,7,3,0,6,2437,1.8079965550935688,0.704356786253338,0.6092771647908053,0.24618570546556087,3,7,3,0,0.5,0.0,0.3,0.0,0.5,1.0,0.7,1.0,0.23076923076923078,0.23076923076923078,0.37499999999999994,0.32608695652173914,0.4411764705882353,-0.5916079783099616,-0.5,-0.7,0.5,
m1488_06_fill_holes_and_orientation.obj,m1488,Car,1,9,6,0,7,2437,0.8257326409552659,0.5998877665544332,0.5377220530139143,0.09478836436955079,1,9,6,0,0.14285714285714285,0.0,0.1,0.0,0.8571428571428571,1.0,0.9,1.0,0.0625,0.0625,0.11764705882352941,0.10638297872340426,0.13157894736842102,-0.8783100656536799,-0.8571428571428572,-0.9,0.14285714285714285,
m1489_06_fill_holes_and_orientation.obj,m1489,Car,5,5,2,0,7,2437,2.066620154959063,0.7730078563411897,0.6792139439193327,0.5797827732044221,5,5,2,0,0.7142857142857143,0.0,0.5,0.0,0.2857142857142857,1.0,0.5,1.0,0.4166666666666667,0.4166666666666667,0.588235294117647,0.5319148936170213,0.6578947368421053,-0.37796447300922725,-0.2857142857142857,-0.5,0.7142857142857143,
m1490_06_fill_holes_and_orientation.obj,m1490,Car,1,9,6,0,7,2437,1.1003395694910068,0.5949920662564341,0.5609241132782985,0.06943122193677728,1,9,6,0,0.14285714285714285,0.0,0.1,0.0,0.8571428571428571,1.0,0.9,1.0,0.0625,0.0625,0.11764705882352941,0.10638297872340426,0.13157894736842102,-0.8783100656536799,-0.8571428571428572,-0.9,0.14285714285714285,
m1492_06_fill_holes_and_orientation.obj,m1492,Car,0,10,7,0,7,2437,0.5275261424879997,0.48167014977359807,0.4913208093428382,0.0,0,10,7,0,0.0,0.0,0.0,0.0,1.0,1.0,1.0,1.0,0.0,0.0,,,,-1.0,-1.0,-1.0,0.0,
m1495_06_fill_holes_and_orientation.obj,m1495,Car,3,7,3,0,6,2437,1.9599236538820692,0.783660358373002,0.6184277551442178,0.24703059344735187,3,7,3,0,0.5,0.0,0.3,0.0,0.5,1.0,0.7,1.0,0.23076923076923078,0.23076923076923078,0.37499999999999994,0.32608695652173914,0.4411764705882353,-0.5916079783099616,-0.5,-0.7,0.5,
m1496_06_fill_holes_and_orientation.obj,m1496,Car,3,7,4,0,7,2437,1.4015568395165763,0.7033940941986919,0.6202680989027564,0.36792125721353286,3,7,4,0,0.42857142857142855,0.0,0.3,0.0,0.5714285714285714,1.0,0.7,1.0,0.21428571428571427,0.21428571428571427,0.3529411764705882,0.3191489361702127,0.3947368421052631,-0.6324555320336759,-0.5714285714285714,-0.7,0.42857142857142855,
m1497_06_fill_holes_and_orientation.obj,m1497,Car,3,7,4,0,7,2437,1.6587061427213161,0.7129919888540579,0.6312382872315611,0.3436966913921455,3,7,4,0,0.42857142857142855,0.0,0.3,0.0,0.5714285714285714,1.0,0.7,1.0,0.21428571428571427,0.21428571428571427,0.3529411764705882,0.3191489361702127,0.3947368421052631,-0.6324555320336759,-0.5714285714285714,-0.7,0.42857142857142855,
m1498_06_fill_holes_and_orientation.obj,m1498,Car,2,8,5,0,7,2437,1.3110524311112772,0.6600390882000078,0.587872004375858,0.1951890007906611,2,8,5,0,0.2857142857142857,0.0,0.2,0.0,0.7142857142857143,1.0,0.8,1.0,0.13333333333333333,0.13333333333333333,0.23529411764705882,0.2127659574468085,0.26315789473684204,-0.7559289460184545,-0.7142857142857143,-0.8,0.2857142857142857,
m1499_06_fill_holes_and_orientation.obj,m1499,Car,3,7,4,0,7,2437,1.1879880453684184,0.6239986067572274,0.5996715364528635,0.3647442587311446,3,7,4,0,0.42857142857142855,0.0,0.3,0.0,0.5714285714285714,1.0,0.7,1.0,0.21428571428571427,0.21428571428571427,0.3529411764705882,0.3191489361702127,0.3947368421052631,-0.6324555320336759,-0.5714285714285714,-0.7,0.42857142857142855,
m1500_06_fill_holes_and_orientation.obj,m1500,Car,7,3,0,0,7,2437,2.481933291027912,0.7729933433956423,0.7071290808151285,0.7569021067152311,7,3,0,0,1.0,0.0,0.7,,0.0,1.0,0.3,,0.7,0.7,0.8235294117647058,0.7446808510638298,0.9210526315789475,,0.0,,1.0,
m1502_06_fill_holes_and_orientation.obj,m1502,Car,0,10,7,0,7,2437,0.34849649719655934,0.38570087851697044,0.4552464130245809,0.0,0,10,7,0,0.0,0.0,0.0,0.0,1.0,1.0,1.0,1.0,0.0,0.0,,,,-1.0,-1.0,-1.0,0.0,
m1503_06_fill_holes_and_orientation.obj,m1503,Car,0,10,7,0,7,2437,0.3153207084853565,0.3410784086071443,0.43840524821066995,0.0,0,10,7,0,0.0,0.0,0.0,0.0,1.0,1.0,1.0,1.0,0.0,0.0,,,,-1.0,-1.0,-1.0,0.0,
m1504_06_fill_holes_and_orientation.obj,m1504,Car,3,7,4,0,7,2437,0.9147270135411784,0.49110356437942637,0.5582457986900988,0.28669193478900723,3,7,4,0,0.42857142857142855,0.0,0.3,0.0,0.5714285714285714,1.0,0.7,1.0,0.21428571428571427,0.21428571428571427,0.3529411764705882,0.3191489361702127,0.3947368421052631,-0.6324555320336759,-0.5714285714285714,-0.7,0.42857142857142855,
m1505_06_fill_holes_and_orientation.obj,m1505,Car,4,6,3,0,7,2437,1.058058072798055,0.5742192035295484,0.5896492596020919,0.4631896595828493,4,6,3,0,0.5714285714285714,0.0,0.4,0.0,0.42857142857142855,1.0,0.6,1.0,0.3076923076923077,0.3076923076923077,0.47058823529411764,0.425531914893617,0.5263157894736841,-0.50709255283711,-0.4285714285714286,-0.6,0.5714285714285714,
m1506_06_fill_holes_and_orientation.obj,m1506,Car,3,7,4,0,7,2437,1.1659874937523729,0.5416376407755719,0.6014018917552103,0.4249260138166711,3,7,4,0,0.42857142857142855,0.0,0.3,0.0,0.5714285714285714,1.0,0.7,1.0,0.21428571428571427,0.21428571428571427,0.3529411764705882,0.3191489361702127,0.3947368421052631,-0.6324555320336759,-0.5714285714285714,-0.7,0.42857142857142855,
m1507_06_fill_holes_and_orientation.obj,m1507,Car,3,7,4,0,7,2437,0.9182634178222301,0.47274952591044545,0.5688830654099519,0.3557772116892466,3,7,4,0,0.42857142857142855,0.0,0.3,0.0,0.5714285714285714,1.0,0.7,1.0,0.21428571428571427,0.21428571428571427,0.3529411764705882,0.3191489361702127,0.3947368421052631,-0.6324555320336759,-0.5714285714285714,-0.7,0.42857142857142855,
m1508_06_fill_holes_and_orientation.obj,m1508,Car,5,5,2,0,7,2437,1.2284605136582198,0.4771469484113162,0.6044716776969673,0.6325414799409712,5,5,2,0,0.7142857142857143,0.0,0.5,0.0,0.2857142857142857,1.0,0.5,1.0,0.4166666666666667,0.4166666666666667,0.588235294117647,0.5319148936170213,0.6578947368421053,-0.37796447300922725,-0.2857142857142857,-0.5,0.7142857142857143,
m1509_06_fill_holes_and_orientation.obj,m1509,Car,1,9,6,0,7,2437,0.4857149506043701,0.4448508069197724,0.4929491171687648,0.08514311764162101,1,9,6,0,0.14285714285714285,0.0,0.1,0.0,0.8571428571428571,1.0,0.9,1.0,0.0625,0.0625,0.11764705882352941,0.10638297872340426,0.13157894736842102,-0.8783100656536799,-0.8571428571428572,-0.9,0.14285714285714285,
m1510_06_fill_holes_and_orientation.obj,m1510,Car,2,8,5,0,7,2437,1.1865226440614793,0.5756559851387437,0.5988363827239456,0.314880130667631,2,8,5,0,0.2857142857142857,0.0,0.2,0.0,0.7142857142857143,1.0,0.8,1.0,0.13333333333333333,0.13333333333333333,0.23529411764705882,0.2127659574468085,0.26315789473684204,-0.7559289460184545,-0.7142857142857143,-0.8,0.2857142857142857,
m1511_06_fill_holes_and_orientation.obj,m1511,Car,3,7,4,0,7,2437,0.8578996165339,0.48327624908084676,0.5556501323574679,0.3436966913921455,3,7,4,0,0.42857142857142855,0.0,0.3,0.0,0.5714285714285714,1.0,0.7,1.0,0.21428571428571427,0.21428571428571427,0.3529411764705882,0.3191489361702127,0.3947368421052631,-0.6324555320336759,-0.5714285714285714,-0.7,0.42857142857142855,
m1512_06_fill_holes_and_orientation.obj,m1512,Car,1,9,5,0,6,2437,1.564233525660207,0.6416898873795425,0.5876531209370295,0.1100458831490401,1,9,5,0,0.16666666666666666,0.0,0.1,0.0,0.8333333333333334,1.0,0.9,1.0,0.06666666666666667,0.06666666666666667,0.125,0.10869565217391304,0.14705882352941177,-0.8660254037844386,-0.8333333333333334,-0.9,0.16666666666666666,
m1513_06_fill_holes_and_orientation.obj,m1513,Car,0,10,7,0,7,2437,0.4025521236938733,0.43418379194241263,0.46974019683041734,0.0,0,10,7,0,0.0,0.0,0.0,0.0,1.0,1.0,1.0,1.0,0.0,0.0,,,,-1.0,-1.0,-1.0,0.0,
m1514_06_fill_holes_and_orientation.obj,m1514,Car,2,8,5,0,7,2437,0.601815616281776,0.48378420217500673,0.5161569911762804,0.17630010660342915,2,8,5,0,0.2857142857142857,0.0,0.2,0.0,0.7142857142857143,1.0,0.8,1.0,0.13333333333333333,0.13333333333333333,0.23529411764705882,0.2127659574468085,0.26315789473684204,-0.7559289460184545,-0.7142857142857143,-0.8,0.2857142857142857,
m1515_06_fill_holes_and_orientation.obj,m1515,Car,1,9,6,0,7,2437,0.4875683734825685,0.46888424474631374,0.49325738498680843,0.09478836436955079,1,9,6,0,0.14285714285714285,0.0,0.1,0.0,0.8571428571428571,1.0,0.9,1.0,0.0625,0.0625,0.11764705882352941,0.10638297872340426,0.13157894736842102,-0.8783100656536799,-0.8571428571428572,-0.9,0.14285714285714285,
m1516_06_fill_holes_and_orientation.obj,m1516,Car,7,3,0,0,7,2437,3.671521251502187,0.7989231394403808,0.7639253411902714,0.7849818707050383,7,3,0,0,1.0,0.0,0.7,,0.0,1.0,0.3,,0.7,0.7,0.8235294117647058,0.7446808510638298,0.9210526315789475,,0.0,,1.0,
m1517_06_fill_holes_and_orientation.obj,m1517,Car,4,6,3,0,7,2437,1.3436716126473804,0.620380045667402,0.6220560753970136,0.535254316775064,4,6,3,0,0.5714285714285714,0.0,0.4,0.0,0.42857142857142855,1.0,0.6,1.0,0.3076923076923077,0.3076923076923077,0.47058823529411764,0.425531914893617,0.5263157894736841,-0.50709255283711,-0.4285714285714286,-0.6,0.5714285714285714,
m1518_06_fill_holes_and_orientation.obj,m1518,Car,9,1,0,0,6,2437,4.310559186901126,0.7664383296567203,0.763076894323206,0.9363792118010483,9,1,0,0,1.0,0.0,0.9,,0.0,1.0,0.1,,0.9,0.9,0.9473684210526316,0.9183673469387754,0.9782608695652175,,0.0,,1.0,
m1519_06_fill_holes_and_orientation.obj,m1519,Car,9,1,0,0,7,2437,3.4831906707485354,0.7631971051511282,0.7557524444076509,0.9337457765456111,9,1,0,0,1.0,0.0,0.9,,0.0,1.0,0.1,,0.9,0.9,0.9473684210526316,0.9183673469387754,0.9782608695652175,,0.0,,1.0,
m1521_06_fill_holes_and_orientation.obj,m1521,Car,7,3,0,0,7,2437,3.1713556968256995,0.7667914779983747,0.7412949258345211,0.791726719367984,7,3,0,0,1.0,0.0,0.7,,0.0,1.0,0.3,,0.7,0.7,0.8235294117647058,0.7446808510638298,0.9210526315789475,,0.0,,1.0,
m1522_06_fill_holes_and_orientation.obj,m1522,Car,8,2,0,0,7,2437,3.755453067366267,0.8071277913231936,0.7680520725342617,0.8454256604216018,8,2,0,0,1.0,0.0,0.8,,0.0,1.0,0.2,,0.8,0.8,0.888888888888889,0.8333333333333334,0.9523809523809523,,0.0,,1.0,
m1523_06_fill_holes_and_orientation.obj,m1523,Car,9,1,0,0,7,2437,3.629462446311745,0.7647306397306397,0.7610262167236801,0.9363792118010483,9,1,0,0,1.0,0.0,0.9,,0.0,1.0,0.1,,0.9,0.9,0.9473684210526316,0.9183673469387754,0.9782608695652175,,0.0,,1.0,
m1524_06_fill_holes_and_orientation.obj,m1524,Car,9,1,0,0,7,2437,3.6625366886597037,0.7666898873795425,0.7623891845082686,0.9363792118010483,9,1,0,0,1.0,0.0,0.9,,0.0,1.0,0.1,,0.9,0.9,0.9473684210526316,0.9183673469387754,0.9782608695652175,,0.0,,1.0,
m1525_06_fill_holes_and_orientation.obj,m1525,Car,1,9,6,0,7,2437,1.4651934588908013,0.7079366461550369,0.5949366433569446,0.1100458831490401,1,9,6,0,0.14285714285714285,0.0,0.1,0.0,0.8571428571428571,1.0,0.9,1.0,0.0625,0.0625,0.11764705882352941,0.10638297872340426,0.13157894736842102,-0.8783100656536799,-0.8571428571428572,-0.9,0.14285714285714285,
m1526_06_fill_holes_and_orientation.obj,m1526,Car,6,4,1,0,7,2437,2.7717591392079366,0.776553852703278,0.717254826183667,0.6555476069276601,6,4,1,0,0.8571428571428571,0.0,0.6,0.0,0.14285714285714285,1.0,0.4,1.0,0.5454545454545454,0.5454545454545454,0.7058823529411764,0.6382978723404255,0.7894736842105262,-0.23904572186687872,-0.1428571428571429,-0.4,0.8571428571428571,
m1527_06_fill_holes_and_orientation.obj,m1527,Car,5,5,1,0,6,2437,2.9212895193531483,0.8147228994930145,0.6988635457943448,0.5420423054868792,5,5,1,0,0.8333333333333334,0.0,0.5,0.0,0.16666666666666666,1.0,0.5,1.0,0.45454545454545453,0.45454545454545453,0.625,0.5434782608695652,0.7352941176470589,-0.28867513459481287,-0.16666666666666663,-0.5,0.8333333333333334,
m1528_06_fill_holes_and_orientation.obj,m1528,Car,5,5,2,0,7,2437,3.0556155906353912,0.7918456596617516,0.7324361702579333,0.6274092458891773,5,5,2,0,0.7142857142857143,0.0,0.5,0.0,0.2857142857142857,1.0,0.5,1.0,0.4166666666666667,0.4166666666666667,0.588235294117647,0.5319148936170213,0.6578947368421053,-0.37796447300922725,-0.2857142857142857,-0.5,0.7142857142857143,
m1529_06_fill_holes_and_orientation.obj,m1529,Car,7,3,0,0,7,2437,3.6967088547349185,0.7982748945392624,0.7660643126724033,0.8006937664098821,7,3,0,0,1.0,0.0,0.7,,0.0,1.0,0.3,,0.7,0.7,0.8235294117647058,0.7446808510638298,0.9210526315789475,,0.0,,1.0,
m1530_06_fill_holes_and_orientation.obj,m1530,Car,2,8,5,0,7,2437,1.7343974378380127,0.7685330314640659,0.6388316327012927,0.2895229882348575,2,8,5,0,0.2857142857142857,0.0,0.2,0.0,0.7142857142857143,1.0,0.8,1.0,0.13333333333333333,0.13333333333333333,0.23529411764705882,0.2127659574468085,0.26315789473684204,-0.7559289460184545,-0.7142857142857143,-0.8,0.2857142857142857,
m1531_06_fill_holes_and_orientation.obj,m1531,Car,8,2,0,0,7,2437,3.568395707929428,0.7724515267618717,0.759157238491152,0.8643145546088339,8,2,0,0,1.0,0.0,0.8,,0.0,1.0,0.2,,0.8,0.8,0.888888888888889,0.8333333333333334,0.9523809523809523,,0.0,,1.0,
m1532_06_fill_holes_and_orientation.obj,m1532,Car,1,9,6,0,7,2437,1.543754619456864,0.7599220171059251,0.6037132260621134,0.1100458831490401,1,9,6,0,0.14285714285714285,0.0,0.1,0.0,0.8571428571428571,1.0,0.9,1.0,0.0625,0.0625,0.11764705882352941,0.10638297872340426,0.13157894736842102,-0.8783100656536799,-0.8571428571428572,-0.9,0.14285714285714285,
m1533_06_fill_holes_and_orientation.obj,m1533,Car,7,3,0,0,6,2437,4.135038172926921,0.7727224350787568,0.7579883505965689,0.7967610662472993,7,3,0,0,1.0,0.0,0.7,,0.0,1.0,0.3,,0.7,0.7,0.8235294117647058,0.7446808510638298,0.9210526315789475,,0.0,,1.0,
m1535_06_fill_holes_and_orientation.obj,m1535,Car,7,3,0,0,7,2437,2.750071499932164,0.7919666008746469,0.7241785091627344,0.7670273914429266,7,3,0,0,1.0,0.0,0.7,,0.0,1.0,0.3,,0.7,0.7,0.8235294117647058,0.7446808510638298,0.9210526315789475,,0.0,,1.0,
m1536_06_fill_holes_and_orientation.obj,m1536,Car,0,10,7,0,7,2437,1.4302614320435463,0.7499322729207787,0.5803618452012476,0.0,0,10,7,0,0.0,0.0,0.0,0.0,1.0,1.0,1.0,1.0,0.0,0.0,,,,-1.0,-1.0,-1.0,0.0,
m1538_06_fill_holes_and_orientation.obj,m1538,Car,9,1,0,0,7,2437,3.6283449616848635,0.7647935291613452,0.760993065789488,0.9363792118010483,9,1,0,0,1.0,0.0,0.9,,0.0,1.0,0.1,,0.9,0.9,0.9473684210526316,0.9183673469387754,0.9782608695652175,,0.0,,1.0,
m1539_06_fill_holes_and_orientation.obj,m1539,Car,8,2,0,0,7,2437,4.045620688619211,0.7927938387708502,0.7754762903027399,0.8357804136936722,8,2,0,0,1.0,0.0,0.8,,0.0,1.0,0.2,,0.8,0.8,0.888888888888889,0.8333333333333334,0.9523809523809523,,0.0,,1.0,
m1540_06_fill_holes_and_orientation.obj,m1540,Car,8,2,0,0,7,2437,3.820730051944182,0.7909990711714849,0.7715038144765118,0.8701249883466594,8,2,0,0,1.0,0.0,0.8,,0.0,1.0,0.2,,0.8,0.8,0.888888888888889,0.8333333333333334,0.9523809523809523,,0.0,,1.0,
m1542_06_fill_holes_and_orientation.obj,m1542,Car,3,7,4,0,7,2437,1.5625219103878543,0.787646580750029,0.6086000484828419,0.2369053087196564,3,7,4,0,0.42857142857142855,0.0,0.3,0.0,0.5714285714285714,1.0,0.7,1.0,0.21428571428571427,0.21428571428571427,0.3529411764705882,0.3191489361702127,0.3947368421052631,-0.6324555320336759,-0.5714285714285714,-0.7,0.42857142857142855,
m1543_06_fill_holes_and_orientation.obj,m1543,Car,2,8,5,0,7,2437,1.0455638324370062,0.6206316033902242,0.5631664106894715,0.17630010660342915,2,8,5,0,0.2857142857142857,0.0,0.2,0.0,0.7142857142857143,1.0,0.8,1.0,0.13333333333333333,0.13333333333333333,0.23529411764705882,0.2127659574468085,0.26315789473684204,-0.7559289460184545,-0.7142857142857143,-0.8,0.2857142857142857,
m1544_06_fill_holes_and_orientation.obj,m1544,Car,1,9,6,0,7,2437,0.8731807676360457,0.5541623127830024,0.549541763868539,0.13886244387355456,1,9,6,0,0.14285714285714285,0.0,0.1,0.0,0.8571428571428571,1.0,0.9,1.0,0.0625,0.0625,0.11764705882352941,0.10638297872340426,0.13157894736842102,-0.8783100656536799,-0.8571428571428572,-0.9,0.14285714285714285,
m1545_06_fill_holes_and_orientation.obj,m1545,Car,2,8,4,0,6,2437,1.8488956575166677,0.7760555749061495,0.6327722209648107,0.3301376494471203,2,8,4,0,0.3333333333333333,0.0,0.2,0.0,0.6666666666666666,1.0,0.8,1.0,0.14285714285714285,0.14285714285714285,0.25,0.21739130434782608,0.29411764705882354,-0.7302967433402214,-0.6666666666666667,-0.8,0.3333333333333333,
m1546_06_fill_holes_and_orientation.obj,m1546,Car,1,9,6,0,7,2437,1.3249783851536032,0.8045589999612988,0.6022180627766713,0.2200917662980802,1,9,6,0,0.14285714285714285,0.0,0.1,0.0,0.8571428571428571,1.0,0.9,1.0,0.0625,0.0625,0.11764705882352941,0.10638297872340426,0.13157894736842102,-0.8783100656536799,-0.8571428571428572,-0.9,0.14285714285714285,
m1547_06_fill_holes_and_orientation.obj,m1547,Car,5,5,2,0,7,2437,1.9805260813163426,0.7918650102558149,0.6412200531739594,0.39401519638101345,5,5,2,0,0.7142857142857143,0.0,0.5,0.0,0.2857142857142857,1.0,0.5,1.0,0.4166666666666667,0.4166666666666667,0.588235294117647,0.5319148936170213,0.6578947368421053,-0.37796447300922725,-0.2857142857142857,-0.5,0.7142857142857143,
m1548_06_fill_holes_and_orientation.obj,m1548,Car,2,8,4,0,6,2437,1.8484108926178988,0.7760023607724758,0.6327852434628459,0.3301376494471203,2,8,4,0,0.3333333333333333,0.0,0.2,0.0,0.6666666666666666,1.0,0.8,1.0,0.14285714285714285,0.14285714285714285,0.25,0.21739130434782608,0.29411764705882354,-0.7302967433402214,-0.6666666666666667,-0.8,0.3333333333333333,
m1550_06_fill_holes_and_orientation.obj,m1550,Car,4,6,3,0,7,2437,1.2403870052196164,0.6857511900615348,0.5976630210826669,0.40030566811860474,4,6,3,0,0.5714285714285714,0.0,0.4,0.0,0.42857142857142855,1.0,0.6,1.0,0.3076923076923077,0.3076923076923077,0.47058823529411764,0.425531914893617,0.5263157894736841,-0.50709255283711,-0.4285714285714286,-0.6,0.5714285714285714,
m1551_06_fill_holes_and_orientation.obj,m1551,Car,1,9,6,0,7,2437,1.7162277108142505,0.8105673594179341,0.6090578022483575,0.07839826897867534,1,9,6,0,0.14285714285714285,0.0,0.1,0.0,0.8571428571428571,1.0,0.9,1.0,0.0625,0.0625,0.11764705882352941,0.10638297872340426,0.13157894736842102,-0.8783100656536799,-0.8571428571428572,-0.9,0.14285714285714285,
m1552_06_fill_holes_and_orientation.obj,m1552,Car,8,2,0,0,7,2437,3.4283656571405468,0.7630326251015906,0.7522738930681355,0.857980942822373,8,2,0,0,1.0,0.0,0.8,,0.0,1.0,0.2,,0.8,0.8,0.888888888888889,0.8333333333333334,0.9523809523809523,,0.0,,1.0,
m1553_06_fill_holes_and_orientation.obj,m1553,Car,0,10,7,0,7,2437,0.34295885375148794,0.3785411587135725,0.4536678727695119,0.0,0,10,7,0,0.0,0.0,0.0,0.0,1.0,1.0,1.0,1.0,0.0,0.0,,,,-1.0,-1.0,-1.0,0.0,
m1555_06_fill_holes_and_orientation.obj,m1555,Car,2,8,5,0,7,2437,0.8411801417832877,0.5710989202368513,0.547789247227944,0.18340980524840014,2,8,5,0,0.2857142857142857,0.0,0.2,0.0,0.7142857142857143,1.0,0.8,1.0,0.13333333333333333,0.13333333333333333,0.23529411764705882,0.2127659574468085,0.26315789473684204,-0.7559289460184545,-0.7142857142857143,-0.8,0.2857142857142857,
m1556_06_fill_holes_and_orientation.obj,m1556,Car,1,9,6,0,7,2437,0.8525583130523033,0.5586613259027051,0.5436105071149585,0.1100458831490401,1,9,6,0,0.14285714285714285,0.0,0.1,0.0,0.8571428571428571,1.0,0.9,1.0,0.0625,0.0625,0.11764705882352941,0.10638297872340426,0.13157894736842102,-0.8783100656536799,-0.8571428571428572,-0.9,0.14285714285714285,
m1557_06_fill_holes_and_orientation.obj,m1557,Car,6,4,1,0,7,2437,3.2733990402421225,0.8001325515693332,0.7175661056796697,0.5399873388995391,6,4,1,0,0.8571428571428571,0.0,0.6,0.0,0.14285714285714285,1.0,0.4,1.0,0.5454545454545454,0.5454545454545454,0.7058823529411764,0.6382978723404255,0.7894736842105262,-0.23904572186687872,-0.1428571428571429,-0.4,0.8571428571428571,
m1558_06_fill_holes_and_orientation.obj,m1558,Car,0,10,6,0,6,2437,0.6673316338377657,0.4707709276674794,0.5027467232273082,0.0,0,10,6,0,0.0,0.0,0.0,0.0,1.0,1.0,1.0,1.0,0.0,0.0,,,,-1.0,-1.0,-1.0,0.0,
m1559_06_fill_holes_and_orientation.obj,m1559,Car,1,9,6,0,7,2437,0.5214315680938553,0.47002592979604474,0.49719532035515696,0.07336392209936006,1,9,6,0,0.14285714285714285,0.0,0.1,0.0,0.8571428571428571,1.0,0.9,1.0,0.0625,0.0625,0.11764705882352941,0.10638297872340426,0.13157894736842102,-0.8783100656536799,-0.8571428571428572,-0.9,0.14285714285714285,
m1560_06_fill_holes_and_orientation.obj,m1560,Car,0,10,7,0,7,2437,0.7485987531732355,0.6130606834629824,0.5183723731474078,0.0,0,10,7,0,0.0,0.0,0.0,0.0,1.0,1.0,1.0,1.0,0.0,0.0,,,,-1.0,-1.0,-1.0,0.0,
m1561_06_fill_holes_and_orientation.obj,m1561,Car,1,9,6,0,7,2437,0.9758959785802933,0.6203897209644336,0.547383276164596,0.06362078819895173,1,9,6,0,0.14285714285714285,0.0,0.1,0.0,0.8571428571428571,1.0,0.9,1.0,0.0625,0.0625,0.11764705882352941,0.10638297872340426,0.13157894736842102,-0.8783100656536799,-0.8571428571428572,-0.9,0.14285714285714285,
m1562_06_fill_holes_and_orientation.obj,m1562,Car,0,10,7,0,7,2437,0.5580856963054466,0.5549508494910793,0.4929910835173461,0.0,0,10,7,0,0.0,0.0,0.0,0.0,1.0,1.0,1.0,1.0,0.0,0.0,,,,-1.0,-1.0,-1.0,0.0,
m1563_06_fill_holes_and_orientation.obj,m1563,Car,1,9,6,0,7,2437,1.144450801330621,0.7691135492859631,0.57289388192003,0.1100458831490401,1,9,6,0,0.14285714285714285,0.0,0.1,0.0,0.8571428571428571,1.0,0.9,1.0,0.0625,0.0625,0.11764705882352941,0.10638297872340426,0.13157894736842102,-0.8783100656536799,-0.8571428571428572,-0.9,0.14285714285714285,
D00018_06_fill_holes_and_orientation.obj,d00018,Cellphone,0,10,7,0,7,2437,0.041020423188414534,0.6687780244656306,0.31565946574794485,0.0,0,10,7,0,0.0,0.0,0.0,0.0,1.0,1.0,1.0,1.0,0.0,0.0,,,,-1.0,-1.0,-1.0,0.0,
D00032_06_fill_holes_and_orientation.obj,d00032,Cellphone,0,10,7,0,7,2437,0.2452019355230764,0.8568412346001479,0.44807557562576456,0.0,0,10,7,0,0.0,0.0,0.0,0.0,1.0,1.0,1.0,1.0,0.0,0.0,,,,-1.0,-1.0,-1.0,0.0,
D00079_06_fill_holes_and_orientation.obj,d00079,Cellphone,1,9,6,0,7,2437,0.4091241702126793,0.8747986591789648,0.5131960470472534,0.08514311764162101,1,9,6,0,0.14285714285714285,0.0,0.1,0.0,0.8571428571428571,1.0,0.9,1.0,0.0625,0.0625,0.11764705882352941,0.10638297872340426,0.13157894736842102,-0.8783100656536799,-0.8571428571428572,-0.9,0.14285714285714285,
D00152_06_fill_holes_and_orientation.obj,d00152,Cellphone,4,6,3,0,7,2437,0.5785051371649255,0.8806756344956684,0.5711440560110972,0.3101713436465379,4,6,3,0,0.5714285714285714,0.0,0.4,0.0,0.42857142857142855,1.0,0.6,1.0,0.3076923076923077,0.3076923076923077,0.47058823529411764,0.425531914893617,0.5263157894736841,-0.50709255283711,-0.4285714285714286,-0.6,0.5714285714285714,
D00192_06_fill_holes_and_orientation.obj,d00192,Cellphone,4,6,3,0,7,2437,0.856033676166495,0.8832440903748204,0.714495337324307,0.5077181160122075,4,6,3,0,0.5714285714285714,0.0,0.4,0.0,0.42857142857142855,1.0,0.6,1.0,0.3076923076923077,0.3076923076923077,0.47058823529411764,0.425531914893617,0.5263157894736841,-0.50709255283711,-0.4285714285714286,-0.6,0.5714285714285714,
D00248_06_fill_holes_and_orientation.obj,d00248,Cellphone,0,10,7,0,7,2437,0.051956028410361524,0.6586130338252579,0.3302391420219906,0.0,0,10,7,0,0.0,0.0,0.0,0.0,1.0,1.0,1.0,1.0,0.0,0.0,,,,-1.0,-1.0,-1.0,0.0,
D00312_06_fill_holes_and_orientation.obj,d00312,Cellphone,0,10,7,0,7,2437,0.012204871822644415,0.14211396978799354,0.25380728778626777,0.0,0,10,7,0,0.0,0.0,0.0,0.0,1.0,1.0,1.0,1.0,0.0,0.0,,,,-1.0,-1.0,-1.0,0.0,
D00327_06_fill_holes_and_orientation.obj,d00327,Cellphone,2,8,5,0,7,2437,0.3686091157933767,0.8699882460493666,0.5142534792758501,0.17366667134799182,2,8,5,0,0.2857142857142857,0.0,0.2,0.0,0.7142857142857143,1.0,0.8,1.0,0.13333333333333333,0.13333333333333333,0.23529411764705882,0.2127659574468085,0.26315789473684204,-0.7559289460184545,-0.7142857142857143,-0.8,0.2857142857142857,
D00362_06_fill_holes_and_orientation.obj,d00362,Cellphone,4,6,3,0,7,2437,0.791125790411474,0.8731226328849419,0.6968494826860763,0.5036067026046992,4,6,3,0,0.5714285714285714,0.0,0.4,0.0,0.42857142857142855,1.0,0.6,1.0,0.3076923076923077,0.3076923076923077,0.47058823529411764,0.425531914893617,0.5263157894736841,-0.50709255283711,-0.4285714285714286,-0.6,0.5714285714285714,
D00369_06_fill_holes_and_orientation.obj,d00369,Cellphone,2,8,5,0,7,2437,0.4452260967828433,0.8457402812241521,0.5891506648136667,0.3301376494471203,2,8,5,0,0.2857142857142857,0.0,0.2,0.0,0.7142857142857143,1.0,0.8,1.0,0.13333333333333333,0.13333333333333333,0.23529411764705882,0.2127659574468085,0.26315789473684204,-0.7559289460184545,-0.7142857142857143,-0.8,0.2857142857142857,
D00440_06_fill_holes_and_orientation.obj,d00440,Cellphone,0,10,7,0,7,2437,0.11813596289870451,0.7521875408123285,0.38480938995294944,0.0,0,10,7,0,0.0,0.0,0.0,0.0,1.0,1.0,1.0,1.0,0.0,0.0,,,,-1.0,-1.0,-1.0,0.0,
D00527_06_fill_holes_and_orientation.obj,d00527,Cellphone,5,5,2,0,7,2437,0.842900820427358,0.8812850986025857,0.7016917659337417,0.5455206287241074,5,5,2,0,0.7142857142857143,0.0,0.5,0.0,0.2857142857142857,1.0,0.5,1.0,0.4166666666666667,0.4166666666666667,0.588235294117647,0.5319148936170213,0.6578947368421053,-0.37796447300922725,-0.2857142857142857,-0.5,0.7142857142857143,
D00542_06_fill_holes_and_orientation.obj,d00542,Cellphone,2,8,5,0,7,2437,0.16158776270809602,0.7684471725218754,0.4164558558914895,0.14465249243306438,2,8,5,0,0.2857142857142857,0.0,0.2,0.0,0.7142857142857143,1.0,0.8,1.0,0.13333333333333333,0.13333333333333333,0.23529411764705882,0.2127659574468085,0.26315789473684204,-0.7559289460184545,-0.7142857142857143,-0.8,0.2857142857142857,
D00554_06_fill_holes_and_orientation.obj,d00554,Cellphone,0,10,6,0,6,2437,0.15336251296934206,0.8470898088894694,0.3868166644049633,0.0,0,10,6,0,0.0,0.0,0.0,0.0,1.0,1.0,1.0,1.0,0.0,0.0,,,,-1.0,-1.0,-1.0,0.0,
D00559_06_fill_holes_and_orientation.obj,d00559,Cellphone,0,10,7,0,7,2437,0.01488728858048195,0.13721649035740716,0.26459702234787785,0.0,0,10,7,0,0.0,0.0,0.0,0.0,1.0,1.0,1.0,1.0,0.0,0.0,,,,-1.0,-1.0,-1.0,0.0,
D00817_06_fill_holes_and_orientation.obj,d00817,Cellphone,4,6,3,0,7,2437,0.8869627486838999,0.8766488180749641,0.7231558939855101,0.5231737964779629,4,6,3,0,0.5714285714285714,0.0,0.4,0.0,0.42857142857142855,1.0,0.6,1.0,0.3076923076923077,0.3076923076923077,0.47058823529411764,0.425531914893617,0.5263157894736841,-0.50709255283711,-0.4285714285714286,-0.6,0.5714285714285714,
D00848_06_fill_holes_and_orientation.obj,d00848,Cellphone,2,8,5,0,7,2437,0.24576520473123398,0.8306995777284403,0.4601005583239974,0.14876390584057272,2,8,5,0,0.2857142857142857,0.0,0.2,0.0,0.7142857142857143,1.0,0.8,1.0,0.13333333333333333,0.13333333333333333,0.23529411764705882,0.2127659574468085,0.26315789473684204,-0.7559289460184545,-0.7142857142857143,-0.8,0.2857142857142857,
D00902_06_fill_holes_and_orientation.obj,d00902,Cellphone,3,7,4,0,7,2437,0.3140018548731108,0.8601932871881939,0.48740397269626545,0.21501812929496178,3,7,4,0,0.42857142857142855,0.0,0.3,0.0,0.5714285714285714,1.0,0.7,1.0,0.21428571428571427,0.21428571428571427,0.3529411764705882,0.3191489361702127,0.3947368421052631,-0.6324555320336759,-0.5714285714285714,-0.7,0.42857142857142855,
D00979_06_fill_holes_and_orientation.obj,d00979,Cellphone,0,10,7,0,7,2437,0.02006043312979807,0.12557137260023507,0.27291189764335816,0.0,0,10,7,0,0.0,0.0,0.0,0.0,1.0,1.0,1.0,1.0,0.0,0.0,,,,-1.0,-1.0,-1.0,0.0,
D00997_06_fill_holes_and_orientation.obj,d00997,Cellphone,3,7,4,0,7,2437,0.4764260690941421,0.8550128422793957,0.5995333279681401,0.38824405276699103,3,7,4,0,0.42857142857142855,0.0,0.3,0.0,0.5714285714285714,1.0,0.7,1.0,0.21428571428571427,0.21428571428571427,0.3529411764705882,0.3191489361702127,0.3947368421052631,-0.6324555320336759,-0.5714285714285714,-0.7,0.42857142857142855,
D01017_06_fill_holes_and_orientation.obj,d01017,Chess,0,10,7,0,7,2437,0.42529139007625566,0.8504112545299074,0.46866976868942184,0.0,0,10,7,0,0.0,0.0,0.0,0.0,1.0,1.0,1.0,1.0,0.0,0.0,,,,-1.0,-1.0,-1.0,0.0,
D01019_06_fill_holes_and_orientation.obj,d01019,Chess,7,3,0,0,7,2437,2.293540304694793,0.8591555030742294,0.7927079427363859,0.8006937664098821,7,3,0,0,1.0,0.0,0.7,,0.0,1.0,0.3,,0.7,0.7,0.8235294117647058,0.7446808510638298,0.9210526315789475,,0.0,,1.0,
D01021_06_fill_holes_and_orientation.obj,d01021,Chess,5,5,2,0,7,2437,1.8285372115119316,0.8682153182132822,0.7505374626109039,0.6489315753318466,5,5,2,0,0.7142857142857143,0.0,0.5,0.0,0.2857142857142857,1.0,0.5,1.0,0.4166666666666667,0.4166666666666667,0.588235294117647,0.5319148936170213,0.6578947368421053,-0.37796447300922725,-0.2857142857142857,-0.5,0.7142857142857143,
D01043_06_fill_holes_and_orientation.obj,d01043,Chess,5,5,2,0,7,2437,1.710669851348742,0.8485076753939492,0.7365666064549896,0.6325414799409712,5,5,2,0,0.7142857142857143,0.0,0.5,0.0,0.2857142857142857,1.0,0.5,1.0,0.4166666666666667,0.4166666666666667,0.588235294117647,0.5319148936170213,0.6578947368421053,-0.37796447300922725,-0.2857142857142857,-0.5,0.7142857142857143,
D01045_06_fill_holes_and_orientation.obj,d01045,Chess,5,5,2,0,7,2437,1.4174551870577545,0.8414226963638584,0.7036144987875108,0.6168295842361275,5,5,2,0,0.7142857142857143,0.0,0.5,0.0,0.2857142857142857,1.0,0.5,1.0,0.4166666666666667,0.4166666666666667,0.588235294117647,0.5319148936170213,0.6578947368421053,-0.37796447300922725,-0.2857142857142857,-0.5,0.7142857142857143,
D01049_06_fill_holes_and_orientation.obj,d01049,Chess,5,5,2,0,7,2437,1.3351789698273175,0.8531902764770551,0.6886403765272752,0.5884674004369674,5,5,2,0,0.7142857142857143,0.0,0.5,0.0,0.2857142857142857,1.0,0.5,1.0,0.4166666666666667,0.4166666666666667,0.588235294117647,0.5319148936170213,0.6578947368421053,-0.37796447300922725,-0.2857142857142857,-0.5,0.7142857142857143,
D01053_06_fill_holes_and_orientation.obj,d01053,Chess,3,7,4,0,7,2437,1.2768986801830287,0.8718799625391912,0.6629528781045729,0.36288691033421755,3,7,4,0,0.42857142857142855,0.0,0.3,0.0,0.5714285714285714,1.0,0.7,1.0,0.21428571428571427,0.21428571428571427,0.3529411764705882,0.3191489361702127,0.3947368421052631,-0.6324555320336759,-0.5714285714285714,-0.7,0.42857142857142855,
D01080_06_fill_holes_and_orientation.obj,d01080,Chess,5,5,2,0,7,2437,1.2171933892746154,0.8267641190602223,0.6786491781682048,0.633219679627003,5,5,2,0,0.7142857142857143,0.0,0.5,0.0,0.2857142857142857,1.0,0.5,1.0,0.4166666666666667,0.4166666666666667,0.588235294117647,0.5319148936170213,0.6578947368421053,-0.37796447300922725,-0.2857142857142857,-0.5,0.7142857142857143,
D01081_06_fill_holes_and_orientation.obj,d01081,Chess,3,7,4,0,7,2437,1.3263050789950517,0.8721039130257746,0.6742891668470403,0.4373524791503101,3,7,4,0,0.42857142857142855,0.0,0.3,0.0,0.5714285714285714,1.0,0.7,1.0,0.21428571428571427,0.21428571428571427,0.3529411764705882,0.3191489361702127,0.3947368421052631,-0.6324555320336759,-0.5714285714285714,-0.7,0.42857142857142855,
D01099_06_fill_holes_and_orientation.obj,d01099,Chess,1,9,6,0,7,2437,0.3707240421402757,0.7390976831304206,0.5003921392132846,0.2200917662980802,1,9,6,0,0.14285714285714285,0.0,0.1,0.0,0.8571428571428571,1.0,0.9,1.0,0.0625,0.0625,0.11764705882352941,0.10638297872340426,0.13157894736842102,-0.8783100656536799,-0.8571428571428572,-0.9,0.14285714285714285,
D01105_06_fill_holes_and_orientation.obj,d01105,Chess,8,2,0,0,7,2437,2.505716002317104,0.8625452990756952,0.8058771647983874,0.8389574121760603,8,2,0,0,1.0,0.0,0.8,,0.0,1.0,0.2,,0.8,0.8,0.888888888888889,0.8333333333333334,0.9523809523809523,,0.0,,1.0,
D01112_06_fill_holes_and_orientation.obj,d01112,Chess,3,7,4,0,7,2437,0.9150428415521479,0.8068427053218779,0.631142386437065,0.46900009332067494,3,7,4,0,0.42857142857142855,0.0,0.3,0.0,0.5714285714285714,1.0,0.7,1.0,0.21428571428571427,0.21428571428571427,0.3529411764705882,0.3191489361702127,0.3947368421052631,-0.6324555320336759,-0.5714285714285714,-0.7,0.42857142857142855,
D01123_06_fill_holes_and_orientation.obj,d01123,Chess,1,9,6,0,7,2437,0.826199524589832,0.8409849749582636,0.593911841863021,0.2200917662980802,1,9,6,0,0.14285714285714285,0.0,0.1,0.0,0.8571428571428571,1.0,0.9,1.0,0.0625,0.0625,0.11764705882352941,0.10638297872340426,0.13157894736842102,-0.8783100656536799,-0.8571428571428572,-0.9,0.14285714285714285,
D01126_06_fill_holes_and_orientation.obj,d01126,Chess,7,3,0,0,7,2437,1.72441432908271,0.8684189095647216,0.7393500274438485,0.7564477297898766,7,3,0,0,1.0,0.0,0.7,,0.0,1.0,0.3,,0.7,0.7,0.8235294117647058,0.7446808510638298,0.9210526315789475,,0.0,,1.0,
D01130_06_fill_holes_and_orientation.obj,d01130,Chess,8,2,0,0,7,2437,1.7548119435628828,0.8386843926869987,0.7419643829209907,0.8364586133797037,8,2,0,0,1.0,0.0,0.8,,0.0,1.0,0.2,,0.8,0.8,0.888888888888889,0.8333333333333334,0.9523809523809523,,0.0,,1.0,
D01138_06_fill_holes_and_orientation.obj,d01138,Chess,2,8,5,0,7,2437,0.9103691663092592,0.8480190561504947,0.5657395671845155,0.1356854453911663,2,8,5,0,0.2857142857142857,0.0,0.2,0.0,0.7142857142857143,1.0,0.8,1.0,0.13333333333333333,0.13333333333333333,0.23529411764705882,0.2127659574468085,0.26315789473684204,-0.7559289460184545,-0.7142857142857143,-0.8,0.2857142857142857,
D01145_06_fill_holes_and_orientation.obj,d01145,Chess,2,8,5,0,7,2437,0.5082744259828017,0.8167881428396921,0.504136058866204,0.14465249243306438,2,8,5,0,0.2857142857142857,0.0,0.2,0.0,0.7142857142857143,1.0,0.8,1.0,0.13333333333333333,0.13333333333333333,0.23529411764705882,0.2127659574468085,0.26315789473684204,-0.7559289460184545,-0.7142857142857143,-0.8,0.2857142857142857,
D01171_06_fill_holes_and_orientation.obj,d01171,Chess,3,7,4,0,7,2437,1.180287921096701,0.8628303269677103,0.6453207434804579,0.349966777951421,3,7,4,0,0.42857142857142855,0.0,0.3,0.0,0.5714285714285714,1.0,0.7,1.0,0.21428571428571427,0.21428571428571427,0.3529411764705882,0.3191489361702127,0.3947368421052631,-0.6324555320336759,-0.5714285714285714,-0.7,0.42857142857142855,
D01186_06_fill_holes_and_orientation.obj,d01186,Chess,5,5,2,0,7,2437,1.736089438926152,0.8717476281607557,0.7384806193754925,0.6059848036189868,5,5,2,0,0.7142857142857143,0.0,0.5,0.0,0.2857142857142857,1.0,0.5,1.0,0.4166666666666667,0.4166666666666667,0.588235294117647,0.5319148936170213,0.6578947368421053,-0.37796447300922725,-0.2857142857142857,-0.5,0.7142857142857143,
D01188_06_fill_holes_and_orientation.obj,d01188,Chess,2,8,5,0,7,2437,0.35352844846072023,0.7332037135062501,0.49548713755388996,0.2863459897524693,2,8,5,0,0.2857142857142857,0.0,0.2,0.0,0.7142857142857143,1.0,0.8,1.0,0.13333333333333333,0.13333333333333333,0.23529411764705882,0.2127659574468085,0.26315789473684204,-0.7559289460184545,-0.7142857142857143,-0.8,0.2857142857142857,
m1589_06_fill_holes_and_orientation.obj,m1589,Chess,1,9,6,0,7,2437,0.10050913043261234,0.4349729223502586,0.3767425359434298,0.06943122193677728,1,9,6,0,0.14285714285714285,0.0,0.1,0.0,0.8571428571428571,1.0,0.9,1.0,0.0625,0.0625,0.11764705882352941,0.10638297872340426,0.13157894736842102,-0.8783100656536799,-0.8571428571428572,-0.9,0.14285714285714285,
m1591_06_fill_holes_and_orientation.obj,m1591,Chess,0,10,6,0,6,2437,0.09009511984888806,0.39977197768638784,0.35320887019962727,0.0,0,10,6,0,0.0,0.0,0.0,0.0,1.0,1.0,1.0,1.0,0.0,0.0,,,,-1.0,-1.0,-1.0,0.0,
m1593_06_fill_holes_and_orientation.obj,m1593,Chess,1,9,6,0,7,2437,0.11637407590063913,0.5433649578565902,0.3844489282791228,0.06625422345438904,1,9,6,0,0.14285714285714285,0.0,0.1,0.0,0.8571428571428571,1.0,0.9,1.0,0.0625,0.0625,0.11764705882352941,0.10638297872340426,0.13157894736842102,-0.8783100656536799,-0.8571428571428572,-0.9,0.14285714285714285,
m1595_06_fill_holes_and_orientation.obj,m1595,Chess,0,10,7,0,7,2437,0.07718996448579574,0.39756301152327045,0.35001253928613874,0.0,0,10,7,0,0.0,0.0,0.0,0.0,1.0,1.0,1.0,1.0,0.0,0.0,,,,-1.0,-1.0,-1.0,0.0,
m1596_06_fill_holes_and_orientation.obj,m1596,Chess,2,8,5,0,7,2437,0.2673984552467955,0.6859298017020237,0.4508628595350905,0.20483424751859092,2,8,5,0,0.2857142857142857,0.0,0.2,0.0,0.7142857142857143,1.0,0.8,1.0,0.13333333333333333,0.13333333333333333,0.23529411764705882,0.2127659574468085,0.26315789473684204,-0.7559289460184545,-0.7142857142857143,-0.8,0.2857142857142857,
m1598_06_fill_holes_and_orientation.obj,m1598,Chess,3,7,4,0,7,2437,0.9237081556907715,0.8075450954843437,0.6326501393850353,0.46900009332067494,3,7,4,0,0.42857142857142855,0.0,0.3,0.0,0.5714285714285714,1.0,0.7,1.0,0.21428571428571427,0.21428571428571427,0.3529411764705882,0.3191489361702127,0.3947368421052631,-0.6324555320336759,-0.5714285714285714,-0.7,0.42857142857142855,
m1599_06_fill_holes_and_orientation.obj,m1599,Chess,5,5,2,0,7,2437,1.153026911860469,0.8195060873814081,0.668233029174668,0.6325414799409712,5,5,2,0,0.7142857142857143,0.0,0.5,0.0,0.2857142857142857,1.0,0.5,1.0,0.4166666666666667,0.4166666666666667,0.588235294117647,0.5319148936170213,0.6578947368421053,-0.37796447300922725,-0.2857142857142857,-0.5,0.7142857142857143,
m1600_06_fill_holes_and_orientation.obj,m1600,Chess,7,3,0,0,7,2437,2.2674382892453178,0.857251923938271,0.7908818990219073,0.8006937664098821,7,3,0,0,1.0,0.0,0.7,,0.0,1.0,0.3,,0.7,0.7,0.8235294117647058,0.7446808510638298,0.9210526315789475,,0.0,,1.0,
m1601_06_fill_holes_and_orientation.obj,m1601,Chess,3,7,4,0,7,2437,1.3281856621919967,0.8725619935665132,0.6745904458458393,0.4373524791503101,3,7,4,0,0.42857142857142855,0.0,0.3,0.0,0.5714285714285714,1.0,0.7,1.0,0.21428571428571427,0.21428571428571427,0.3529411764705882,0.3191489361702127,0.3947368421052631,-0.6324555320336759,-0.5714285714285714,-0.7,0.42857142857142855,
m1602_06_fill_holes_and_orientation.obj,m1602,Chess,5,5,2,0,7,2437,1.1684364823871471,0.8409442566879758,0.65325330400248,0.5049059675118447,5,5,2,0,0.7142857142857143,0.0,0.5,0.0,0.2857142857142857,1.0,0.5,1.0,0.4166666666666667,0.4166666666666667,0.588235294117647,0.5319148936170213,0.6578947368421053,-0.37796447300922725,-0.2857142857142857,-0.5,0.7142857142857143,
m1603_06_fill_holes_and_orientation.obj,m1603,Chess,5,5,2,0,7,2437,1.662380062414363,0.8476220530151879,0.731720413269668,0.6325414799409712,5,5,2,0,0.7142857142857143,0.0,0.5,0.0,0.2857142857142857,1.0,0.5,1.0,0.4166666666666667,0.4166666666666667,0.588235294117647,0.5319148936170213,0.6578947368421053,-0.37796447300922725,-0.2857142857142857,-0.5,0.7142857142857143,
m1604_06_fill_holes_and_orientation.obj,m1604,Chess,5,5,2,0,7,2437,1.2368985131521306,0.8514190317195325,0.6763085080931599,0.5766882048947065,5,5,2,0,0.7142857142857143,0.0,0.5,0.0,0.2857142857142857,1.0,0.5,1.0,0.4166666666666667,0.4166666666666667,0.588235294117647,0.5319148936170213,0.6578947368421053,-0.37796447300922725,-0.2857142857142857,-0.5,0.7142857142857143,
m1605_06_fill_holes_and_orientation.obj,m1605,Chess,4,6,3,0,7,2437,1.0642185037335188,0.8633494849138807,0.6407402823111865,0.4193979998881983,4,6,3,0,0.5714285714285714,0.0,0.4,0.0,0.42857142857142855,1.0,0.6,1.0,0.3076923076923077,0.3076923076923077,0.47058823529411764,0.425531914893617,0.5263157894736841,-0.50709255283711,-0.4285714285714286,-0.6,0.5714285714285714,
m1606_06_fill_holes_and_orientation.obj,m1606,Chess,1,9,6,0,7,2437,0.37030540231725056,0.7389246304816971,0.5002812124306957,0.2200917662980802,1,9,6,0,0.14285714285714285,0.0,0.1,0.0,0.8571428571428571,1.0,0.9,1.0,0.0625,0.0625,0.11764705882352941,0.10638297872340426,0.13157894736842102,-0.8783100656536799,-0.8571428571428572,-0.9,0.14285714285714285,
m1607_06_fill_holes_and_orientation.obj,m1607,Chess,7,3,0,0,7,2437,1.7422484547432247,0.8683069343214299,0.7411768964894074,0.7564477297898766,7,3,0,0,1.0,0.0,0.7,,0.0,1.0,0.3,,0.7,0.7,0.8235294117647058,0.7446808510638298,0.9210526315789475,,0.0,,1.0,
m1608_06_fill_holes_and_orientation.obj,m1608,Chess,2,8,5,0,7,2437,0.3404754914802028,0.7156948572824625,0.4905094886112462,0.2863459897524693,2,8,5,0,0.2857142857142857,0.0,0.2,0.0,0.7142857142857143,1.0,0.8,1.0,0.13333333333333333,0.13333333333333333,0.23529411764705882,0.2127659574468085,0.26315789473684204,-0.7559289460184545,-0.7142857142857143,-0.8,0.2857142857142857,
m1609_06_fill_holes_and_orientation.obj,m1609,Chess,5,5,2,0,7,2437,1.7320333540395445,0.8717883464310435,0.7380066240556967,0.6059848036189868,5,5,2,0,0.7142857142857143,0.0,0.5,0.0,0.2857142857142857,1.0,0.5,1.0,0.4166666666666667,0.4166666666666667,0.588235294117647,0.5319148936170213,0.6578947368421053,-0.37796447300922725,-0.2857142857142857,-0.5,0.7142857142857143,
m1610_06_fill_holes_and_orientation.obj,m1610,Chess,3,7,4,0,7,2437,1.1746613203505005,0.8633698440490247,0.6452025446428835,0.3557772116892466,3,7,4,0,0.42857142857142855,0.0,0.3,0.0,0.5714285714285714,1.0,0.7,1.0,0.21428571428571427,0.21428571428571427,0.3529411764705882,0.3191489361702127,0.3947368421052631,-0.6324555320336759,-0.5714285714285714,-0.7,0.42857142857142855,
m1611_06_fill_holes_and_orientation.obj,m1611,Chess,5,5,2,0,7,2437,1.8277925217402475,0.8673195162669489,0.7504041863314429,0.6489315753318466,5,5,2,0,0.7142857142857143,0.0,0.5,0.0,0.2857142857142857,1.0,0.5,1.0,0.4166666666666667,0.4166666666666667,0.588235294117647,0.5319148936170213,0.6578947368421053,-0.37796447300922725,-0.2857142857142857,-0.5,0.7142857142857143,
m1612_06_fill_holes_and_orientation.obj,m1612,Chess,8,2,0,0,7,2437,1.7113849576082647,0.8365874017671728,0.737340567362265,0.8364586133797037,8,2,0,0,1.0,0.0,0.8,,0.0,1.0,0.2,,0.8,0.8,0.888888888888889,0.8333333333333334,0.9523809523809523,,0.0,,1.0,
m1613_06_fill_holes_and_orientation.obj,m1613,Chess,7,3,0,0,7,2437,2.3179891145820277,0.8605195651288733,0.7900184596767402,0.7605591431973849,7,3,0,0,1.0,0.0,0.7,,0.0,1.0,0.3,,0.7,0.7,0.8235294117647058,0.7446808510638298,0.9210526315789475,,0.0,,1.0,
m1614_06_fill_holes_and_orientation.obj,m1614,Chess,1,9,6,0,7,2437,0.7737985580031533,0.8333095810089988,0.5872685338746105,0.2200917662980802,1,9,6,0,0.14285714285714285,0.0,0.1,0.0,0.8571428571428571,1.0,0.9,1.0,0.0625,0.0625,0.11764705882352941,0.10638297872340426,0.13157894736842102,-0.8783100656536799,-0.8571428571428572,-0.9,0.14285714285714285,
D01001_06_fill_holes_and_orientation.obj,d01001,City,0,10,7,0,7,2437,0.06219603761702364,0.6702932074147337,0.3398079254864768,0.0,0,10,7,0,0.0,0.0,0.0,0.0,1.0,1.0,1.0,1.0,0.0,0.0,,,,-1.0,-1.0,-1.0,0.0,
D01007_06_fill_holes_and_orientation.obj,d01007,City,2,8,5,0,7,2437,0.2204596473080977,0.81011709153559,0.44810162377139473,0.16104258782393985,2,8,5,0,0.2857142857142857,0.0,0.2,0.0,0.7142857142857143,1.0,0.8,1.0,0.13333333333333333,0.13333333333333333,0.23529411764705882,0.2127659574468085,0.26315789473684204,-0.7559289460184545,-0.7142857142857143,-0.8,0.2857142857142857,
D01010_06_fill_holes_and_orientation.obj,d01010,City,1,9,6,0,7,2437,0.26621018407792435,0.6938231822097438,0.484250684194417,0.2200917662980802,1,9,6,0,0.14285714285714285,0.0,0.1,0.0,0.8571428571428571,1.0,0.9,1.0,0.0625,0.0625,0.11764705882352941,0.10638297872340426,0.13157894736842102,-0.8783100656536799,-0.8571428571428572,-0.9,0.14285714285714285,
D01018_06_fill_holes_and_orientation.obj,d01018,City,0,10,7,0,7,2437,0.08003997175228998,0.7145455125546374,0.3585040937998541,0.0,0,10,7,0,0.0,0.0,0.0,0.0,1.0,1.0,1.0,1.0,0.0,0.0,,,,-1.0,-1.0,-1.0,0.0,
D01039_06_fill_holes_and_orientation.obj,d01039,City,4,6,3,0,7,2437,0.6616083739684875,0.7529751459656063,0.6107602152926146,0.5541432109622959,4,6,3,0,0.5714285714285714,0.0,0.4,0.0,0.42857142857142855,1.0,0.6,1.0,0.3076923076923077,0.3076923076923077,0.47058823529411764,0.425531914893617,0.5263157894736841,-0.50709255283711,-0.4285714285714286,-0.6,0.5714285714285714,
D01056_06_fill_holes_and_orientation.obj,d01056,City,0,10,7,0,7,2437,0.10783240854541364,0.7601218772931755,0.37758547286823574,0.0,0,10,7,0,0.0,0.0,0.0,0.0,1.0,1.0,1.0,1.0,0.0,0.0,,,,-1.0,-1.0,-1.0,0.0,
D01066_06_fill_holes_and_orientation.obj,d01066,City,1,9,6,0,7,2437,0.3088313622987639,0.8587722936540854,0.4695258952239,0.06943122193677728,1,9,6,0,0.14285714285714285,0.0,0.1,0.0,0.8571428571428571,1.0,0.9,1.0,0.0625,0.0625,0.11764705882352941,0.10638297872340426,0.13157894736842102,-0.8783100656536799,-0.8571428571428572,-0.9,0.14285714285714285,
D01068_06_fill_holes_and_orientation.obj,d01068,City,1,9,6,0,7,2437,0.30245293302006415,0.6619181316402386,0.49952939674895974,0.2200917662980802,1,9,6,0,0.14285714285714285,0.0,0.1,0.0,0.8571428571428571,1.0,0.9,1.0,0.0625,0.0625,0.11764705882352941,0.10638297872340426,0.13157894736842102,-0.8783100656536799,-0.8571428571428572,-0.9,0.14285714285714285,
D01079_06_fill_holes_and_orientation.obj,d01079,City,1,9,6,0,7,2437,0.24591498551330587,0.6930096034202213,0.47289902329554795,0.2200917662980802,1,9,6,0,0.14285714285714285,0.0,0.1,0.0,0.8571428571428571,1.0,0.9,1.0,0.0625,0.0625,0.11764705882352941,0.10638297872340426,0.13157894736842102,-0.8783100656536799,-0.8571428571428572,-0.9,0.14285714285714285,
D01090_06_fill_holes_and_orientation.obj,d01090,City,1,9,5,0,6,2437,0.21251518197915764,0.7345818843122867,0.42076414970512316,0.06362078819895173,1,9,5,0,0.16666666666666666,0.0,0.1,0.0,0.8333333333333334,1.0,0.9,1.0,0.06666666666666667,0.06666666666666667,0.125,0.10869565217391304,0.14705882352941177,-0.8660254037844386,-0.8333333333333334,-0.9,0.16666666666666666,
D01091_06_fill_holes_and_orientation.obj,d01091,City,1,9,6,0,7,2437,0.2387738438027376,0.7806687298599368,0.44504548227403934,0.07839826897867534,1,9,6,0,0.14285714285714285,0.0,0.1,0.0,0.8571428571428571,1.0,0.9,1.0,0.0625,0.0625,0.11764705882352941,0.10638297872340426,0.13157894736842102,-0.8783100656536799,-0.8571428571428572,-0.9,0.14285714285714285,
D01092_06_fill_holes_and_orientation.obj,d01092,City,0,10,7,0,7,2437,0.1611389581770699,0.8039594167756755,0.404700488572794,0.0,0,10,7,0,0.0,0.0,0.0,0.0,1.0,1.0,1.0,1.0,0.0,0.0,,,,-1.0,-1.0,-1.0,0.0,
D01101_06_fill_holes_and_orientation.obj,d01101,City,2,8,5,0,7,2437,0.40261769496881705,0.7230482085314105,0.5349822659286334,0.35895421017163476,2,8,5,0,0.2857142857142857,0.0,0.2,0.0,0.7142857142857143,1.0,0.8,1.0,0.13333333333333333,0.13333333333333333,0.23529411764705882,0.2127659574468085,0.26315789473684204,-0.7559289460184545,-0.7142857142857143,-0.8,0.2857142857142857,
D01103_06_fill_holes_and_orientation.obj,d01103,City,1,9,6,0,7,2437,0.19078672957279008,0.5994161375745781,0.42705917313524727,0.2200917662980802,1,9,6,0,0.14285714285714285,0.0,0.1,0.0,0.8571428571428571,1.0,0.9,1.0,0.0625,0.0625,0.11764705882352941,0.10638297872340426,0.13157894736842102,-0.8783100656536799,-0.8571428571428572,-0.9,0.14285714285714285,
D01124_06_fill_holes_and_orientation.obj,d01124,City,0,10,7,0,7,2437,0.11414782869459458,0.7363047570430399,0.38255177111622674,0.0,0,10,7,0,0.0,0.0,0.0,0.0,1.0,1.0,1.0,1.0,0.0,0.0,,,,-1.0,-1.0,-1.0,0.0,
D01133_06_fill_holes_and_orientation.obj,d01133,City,1,9,6,0,7,2437,0.31907436804926353,0.7700443480202916,0.5105969111186066,0.2200917662980802,1,9,6,0,0.14285714285714285,0.0,0.1,0.0,0.8571428571428571,1.0,0.9,1.0,0.0625,0.0625,0.11764705882352941,0.10638297872340426,0.13157894736842102,-0.8783100656536799,-0.8571428571428572,-0.9,0.14285714285714285,
D01173_06_fill_holes_and_orientation.obj,d01173,City,3,7,4,0,7,2437,0.44606169936593965,0.6995979963628243,0.5470953783931254,0.4249260138166711,3,7,4,0,0.42857142857142855,0.0,0.3,0.0,0.5714285714285714,1.0,0.7,1.0,0.21428571428571427,0.21428571428571427,0.3529411764705882,0.3191489361702127,0.3947368421052631,-0.6324555320336759,-0.5714285714285714,-0.7,0.42857142857142855,
D01181_06_fill_holes_and_orientation.obj,d01181,City,2,8,5,0,7,2437,0.16252483625045436,0.7624349934594645,0.4178460680760605,0.15139734109601005,2,8,5,0,0.2857142857142857,0.0,0.2,0.0,0.7142857142857143,1.0,0.8,1.0,0.13333333333333333,0.13333333333333333,0.23529411764705882,0.2127659574468085,0.26315789473684204,-0.7559289460184545,-0.7142857142857143,-0.8,0.2857142857142857,
D01192_06_fill_holes_and_orientation.obj,d01192,City,0,10,7,0,7,2437,0.09335456671614675,0.7556870752640142,0.3615677026835202,0.0,0,10,7,0,0.0,0.0,0.0,0.0,1.0,1.0,1.0,1.0,0.0,0.0,,,,-1.0,-1.0,-1.0,0.0,
D01195_06_fill_holes_and_orientation.obj,d01195,City,0,10,7,0,7,2437,0.20775935376393856,0.7622116581054781,0.4302496982581164,0.0,0,10,7,0,0.0,0.0,0.0,0.0,1.0,1.0,1.0,1.0,0.0,0.0,,,,-1.0,-1.0,-1.0,0.0,
m1652_06_fill_holes_and_orientation.obj,m1652,City,1,9,6,0,7,2437,0.19077963668792308,0.5993523274734391,0.4270386531674226,0.2200917662980802,1,9,6,0,0.14285714285714285,0.0,0.1,0.0,0.8571428571428571,1.0,0.9,1.0,0.0625,0.0625,0.11764705882352941,0.10638297872340426,0.13157894736842102,-0.8783100656536799,-0.8571428571428572,-0.9,0.14285714285714285,
m1654_06_fill_holes_and_orientation.obj,m1654,City,1,9,6,0,7,2437,0.3356163361528183,0.6730051367131417,0.5117740682844996,0.2200917662980802,1,9,6,0,0.14285714285714285,0.0,0.1,0.0,0.8571428571428571,1.0,0.9,1.0,0.0625,0.0625,0.11764705882352941,0.10638297872340426,0.13157894736842102,-0.8783100656536799,-0.8571428571428572,-0.9,0.14285714285714285,
m1659_06_fill_holes_and_orientation.obj,m1659,City,1,9,6,0,7,2437,0.3213490889909551,0.7696136298376033,0.5116428836259482,0.2200917662980802,1,9,6,0,0.14285714285714285,0.0,0.1,0.0,0.8571428571428571,1.0,0.9,1.0,0.0625,0.0625,0.11764705882352941,0.10638297872340426,0.13157894736842102,-0.8783100656536799,-0.8571428571428572,-0.9,0.14285714285714285,
m1660_06_fill_holes_and_orientation.obj,m1660,City,3,7,4,0,7,2437,0.4461280419153643,0.69955013878697,0.5471099134856162,0.4249260138166711,3,7,4,0,0.42857142857142855,0.0,0.3,0.0,0.5714285714285714,1.0,0.7,1.0,0.21428571428571427,0.21428571428571427,0.3529411764705882,0.3191489361702127,0.3947368421052631,-0.6324555320336759,-0.5714285714285714,-0.7,0.42857142857142855,
m1661_06_fill_holes_and_orientation.obj,m1661,City,4,6,3,0,7,2437,0.6153332032242987,0.7638547682098076,0.6013544669727845,0.5384313152574522,4,6,3,0,0.5714285714285714,0.0,0.4,0.0,0.42857142857142855,1.0,0.6,1.0,0.3076923076923077,0.3076923076923077,0.47058823529411764,0.425531914893617,0.5263157894736841,-0.50709255283711,-0.4285714285714286,-0.6,0.5714285714285714,
m1662_06_fill_holes_and_orientation.obj,m1662,City,1,9,6,0,7,2437,0.24689466547327074,0.6931372236224994,0.47345835173502865,0.2200917662980802,1,9,6,0,0.14285714285714285,0.0,0.1,0.0,0.8571428571428571,1.0,0.9,1.0,0.0625,0.0625,0.11764705882352941,0.10638297872340426,0.13157894736842102,-0.8783100656536799,-0.8571428571428572,-0.9,0.14285714285714285,
m1664_06_fill_holes_and_orientation.obj,m1664,City,1,9,6,0,7,2437,0.2670153958945739,0.6967584468621383,0.485127010949491,0.2200917662980802,1,9,6,0,0.14285714285714285,0.0,0.1,0.0,0.8571428571428571,1.0,0.9,1.0,0.0625,0.0625,0.11764705882352941,0.10638297872340426,0.13157894736842102,-0.8783100656536799,-0.8571428571428572,-0.9,0.14285714285714285,
D00005_06_fill_holes_and_orientation.obj,d00005,ClassicPiano,0,10,7,0,7,2437,0.07691258650841785,0.8285011536284881,0.3535821653226885,0.0,0,10,7,0,0.0,0.0,0.0,0.0,1.0,1.0,1.0,1.0,0.0,0.0,,,,-1.0,-1.0,-1.0,0.0,
D00009_06_fill_holes_and_orientation.obj,d00009,ClassicPiano,1,9,6,0,7,2437,0.06723153167650633,0.5998868138087153,0.3465817454386929,0.06625422345438904,1,9,6,0,0.14285714285714285,0.0,0.1,0.0,0.8571428571428571,1.0,0.9,1.0,0.0625,0.0625,0.11764705882352941,0.10638297872340426,0.13157894736842102,-0.8783100656536799,-0.8571428571428572,-0.9,0.14285714285714285,
D00034_06_fill_holes_and_orientation.obj,d00034,ClassicPiano,0,10,7,0,7,2437,0.04374874009744271,0.6652083061251143,0.3188393287298676,0.0,0,10,7,0,0.0,0.0,0.0,0.0,1.0,1.0,1.0,1.0,0.0,0.0,,,,-1.0,-1.0,-1.0,0.0,
D00092_06_fill_holes_and_orientation.obj,d00092,ClassicPiano,0,10,7,0,7,2437,0.0928145219822019,0.8577989639110183,0.369759457965246,0.0,0,10,7,0,0.0,0.0,0.0,0.0,1.0,1.0,1.0,1.0,0.0,0.0,,,,-1.0,-1.0,-1.0,0.0,
D00120_06_fill_holes_and_orientation.obj,d00120,ClassicPiano,1,9,6,0,7,2437,0.07697276164880085,0.6991859300857602,0.3588209508115589,0.07336392209936006,1,9,6,0,0.14285714285714285,0.0,0.1,0.0,0.8571428571428571,1.0,0.9,1.0,0.0625,0.0625,0.11764705882352941,0.10638297872340426,0.13157894736842102,-0.8783100656536799,-0.8571428571428572,-0.9,0.14285714285714285,
D00190_06_fill_holes_and_orientation.obj,d00190,ClassicPiano,0,10,7,0,7,2437,0.06941212875815835,0.8286970528057116,0.34552300706731337,0.0,0,10,7,0,0.0,0.0,0.0,0.0,1.0,1.0,1.0,1.0,0.0,0.0,,,,-1.0,-1.0,-1.0,0.0,
D00233_06_fill_holes_and_orientation.obj,d00233,ClassicPiano,2,8,5,0,7,2437,0.2411410777535187,0.822428279134561,0.4760798411164247,0.22400556151517556,2,8,5,0,0.2857142857142857,0.0,0.2,0.0,0.7142857142857143,1.0,0.8,1.0,0.13333333333333333,0.13333333333333333,0.23529411764705882,0.2127659574468085,0.26315789473684204,-0.7559289460184545,-0.7142857142857143,-0.8,0.2857142857142857,
D00254_06_fill_holes_and_orientation.obj,d00254,ClassicPiano,0,10,7,0,7,2437,0.07715528008989025,0.7269383135257499,0.35232476025116455,0.0,0,10,7,0,0.0,0.0,0.0,0.0,1.0,1.0,1.0,1.0,0.0,0.0,,,,-1.0,-1.0,-1.0,0.0,
D00279_06_fill_holes_and_orientation.obj,d00279,ClassicPiano,1,9,5,0,6,2437,0.12396792254591645,0.8450002176657524,0.3822882119635296,0.07336392209936006,1,9,5,0,0.16666666666666666,0.0,0.1,0.0,0.8333333333333334,1.0,0.9,1.0,0.06666666666666667,0.06666666666666667,0.125,0.10869565217391304,0.14705882352941177,-0.8660254037844386,-0.8333333333333334,-0.9,0.16666666666666666,
D00305_06_fill_holes_and_orientation.obj,d00305,ClassicPiano,1,9,6,0,7,2437,0.07506710274883768,0.6588089330024813,0.3550800546972842,0.06362078819895173,1,9,6,0,0.14285714285714285,0.0,0.1,0.0,0.8571428571428571,1.0,0.9,1.0,0.0625,0.0625,0.11764705882352941,0.10638297872340426,0.13157894736842102,-0.8783100656536799,-0.8571428571428572,-0.9,0.14285714285714285,
D00314_06_fill_holes_and_orientation.obj,d00314,ClassicPiano,0,10,6,0,6,2437,0.08652377814183032,0.8278916895215707,0.3450991370844278,0.0,0,10,6,0,0.0,0.0,0.0,0.0,1.0,1.0,1.0,1.0,0.0,0.0,,,,-1.0,-1.0,-1.0,0.0,
D00561_06_fill_holes_and_orientation.obj,d00561,ClassicPiano,1,9,6,0,7,2437,0.14858488255867708,0.826803360759218,0.41531444900645287,0.09478836436955079,1,9,6,0,0.14285714285714285,0.0,0.1,0.0,0.8571428571428571,1.0,0.9,1.0,0.0625,0.0625,0.11764705882352941,0.10638297872340426,0.13157894736842102,-0.8783100656536799,-0.8571428571428572,-0.9,0.14285714285714285,
D00579_06_fill_holes_and_orientation.obj,d00579,ClassicPiano,0,10,7,0,7,2437,0.0892245326770095,0.7222367332723869,0.3638992351145431,0.0,0,10,7,0,0.0,0.0,0.0,0.0,1.0,1.0,1.0,1.0,0.0,0.0,,,,-1.0,-1.0,-1.0,0.0,
D00605_06_fill_holes_and_orientation.obj,d00605,ClassicPiano,1,9,5,0,6,2437,0.13253261803202787,0.8605197858168996,0.38884215708250447,0.06943122193677728,1,9,5,0,0.16666666666666666,0.0,0.1,0.0,0.8333333333333334,1.0,0.9,1.0,0.06666666666666667,0.06666666666666667,0.125,0.10869565217391304,0.14705882352941177,-0.8660254037844386,-0.8333333333333334,-0.9,0.16666666666666666,
D00784_06_fill_holes_and_orientation.obj,d00784,ClassicPiano,2,8,5,0,7,2437,0.34375842451196276,0.7786774628879892,0.5411699114591684,0.3301376494471203,2,8,5,0,0.2857142857142857,0.0,0.2,0.0,0.7142857142857143,1.0,0.8,1.0,0.13333333333333333,0.13333333333333333,0.23529411764705882,0.2127659574468085,0.26315789473684204,-0.7559289460184545,-0.7142857142857143,-0.8,0.2857142857142857,
D00789_06_fill_holes_and_orientation.obj,d00789,ClassicPiano,1,9,6,0,7,2437,0.08398932156431482,0.6826650994732488,0.36269899708638587,0.06362078819895173,1,9,6,0,0.14285714285714285,0.0,0.1,0.0,0.8571428571428571,1.0,0.9,1.0,0.0625,0.0625,0.11764705882352941,0.10638297872340426,0.13157894736842102,-0.8783100656536799,-0.8571428571428572,-0.9,0.14285714285714285,
D00811_06_fill_holes_and_orientation.obj,d00811,ClassicPiano,0,10,7,0,7,2437,0.0356711681335214,0.6053066910452309,0.3088275200337877,0.0,0,10,7,0,0.0,0.0,0.0,0.0,1.0,1.0,1.0,1.0,0.0,0.0,,,,-1.0,-1.0,-1.0,0.0,
D00845_06_fill_holes_and_orientation.obj,d00845,ClassicPiano,1,9,6,0,7,2437,0.058602928606969376,0.6263114361586348,0.3395269207220243,0.06362078819895173,1,9,6,0,0.14285714285714285,0.0,0.1,0.0,0.8571428571428571,1.0,0.9,1.0,0.0625,0.0625,0.11764705882352941,0.10638297872340426,0.13157894736842102,-0.8783100656536799,-0.8571428571428572,-0.9,0.14285714285714285,
D00967_06_fill_holes_and_orientation.obj,d00967,ClassicPiano,0,10,7,0,7,2437,0.023326963820726476,0.5263810891994254,0.28654267456926286,0.0,0,10,7,0,0.0,0.0,0.0,0.0,1.0,1.0,1.0,1.0,0.0,0.0,,,,-1.0,-1.0,-1.0,0.0,
D00983_06_fill_holes_and_orientation.obj,d00983,ClassicPiano,0,10,7,0,7,2437,0.027637211219621087,0.46878673109572944,0.2970146771736896,0.0,0,10,7,0,0.0,0.0,0.0,0.0,1.0,1.0,1.0,1.0,0.0,0.0,,,,-1.0,-1.0,-1.0,0.0,
D01002_06_fill_holes_and_orientation.obj,d01002,Computer,1,9,6,0,7,2437,0.23511377009467477,0.6026377338877339,0.45642082825190317,0.2200917662980802,1,9,6,0,0.14285714285714285,0.0,0.1,0.0,0.8571428571428571,1.0,0.9,1.0,0.0625,0.0625,0.11764705882352941,0.10638297872340426,0.13157894736842102,-0.8783100656536799,-0.8571428571428572,-0.9,0.14285714285714285,
D01023_06_fill_holes_and_orientation.obj,d01023,Computer,0,10,7,0,7,2437,0.04981624554664251,0.4181003118503118,0.32884031605824526,0.0,0,10,7,0,0.0,0.0,0.0,0.0,1.0,1.0,1.0,1.0,0.0,0.0,,,,-1.0,-1.0,-1.0,0.0,
D01026_06_fill_holes_and_orientation.obj,d01026,Computer,1,9,6,0,7,2437,0.223818089635977,0.466281185031185,0.4496833341202578,0.2200917662980802,1,9,6,0,0.14285714285714285,0.0,0.1,0.0,0.8571428571428571,1.0,0.9,1.0,0.0625,0.0625,0.11764705882352941,0.10638297872340426,0.13157894736842102,-0.8783100656536799,-0.8571428571428572,-0.9,0.14285714285714285,
D01028_06_fill_holes_and_orientation.obj,d01028,Computer,1,9,6,0,7,2437,0.30695872773917704,0.5285213097713097,0.48822606285459386,0.2200917662980802,1,9,6,0,0.14285714285714285,0.0,0.1,0.0,0.8571428571428571,1.0,0.9,1.0,0.0625,0.0625,0.11764705882352941,0.10638297872340426,0.13157894736842102,-0.8783100656536799,-0.8571428571428572,-0.9,0.14285714285714285,
D01033_06_fill_holes_and_orientation.obj,d01033,Computer,5,5,2,0,7,2437,0.788018212513004,0.5839786902286902,0.614687225808414,0.5653701424067238,5,5,2,0,0.7142857142857143,0.0,0.5,0.0,0.2857142857142857,1.0,0.5,1.0,0.4166666666666667,0.4166666666666667,0.588235294117647,0.5319148936170213,0.6578947368421053,-0.37796447300922725,-0.2857142857142857,-0.5,0.7142857142857143,
D01037_06_fill_holes_and_orientation.obj,d01037,Computer,1,9,6,0,7,2437,0.2559686099385449,0.8229469854469854,0.4512820397027528,0.06943122193677728,1,9,6,0,0.14285714285714285,0.0,0.1,0.0,0.8571428571428571,1.0,0.9,1.0,0.0625,0.0625,0.11764705882352941,0.10638297872340426,0.13157894736842102,-0.8783100656536799,-0.8571428571428572,-0.9,0.14285714285714285,
D01067_06_fill_holes_and_orientation.obj,d01067,Computer,1,9,6,0,7,2437,0.30437162096169956,0.7445296257796257,0.4924348007612695,0.2200917662980802,1,9,6,0,0.14285714285714285,0.0,0.1,0.0,0.8571428571428571,1.0,0.9,1.0,0.0625,0.0625,0.11764705882352941,0.10638297872340426,0.13157894736842102,-0.8783100656536799,-0.8571428571428572,-0.9,0.14285714285714285,
D01070_06_fill_holes_and_orientation.obj,d01070,Computer,0,10,7,0,7,2437,0.1645878142675519,0.7286382536382536,0.40357227215132024,0.0,0,10,7,0,0.0,0.0,0.0,0.0,1.0,1.0,1.0,1.0,0.0,0.0,,,,-1.0,-1.0,-1.0,0.0,
D01071_06_fill_holes_and_orientation.obj,d01071,Computer,1,9,6,0,7,2437,0.3472300510977937,0.7889812889812889,0.5095249965385017,0.2200917662980802,1,9,6,0,0.14285714285714285,0.0,0.1,0.0,0.8571428571428571,1.0,0.9,1.0,0.0625,0.0625,0.11764705882352941,0.10638297872340426,0.13157894736842102,-0.8783100656536799,-0.8571428571428572,-0.9,0.14285714285714285,
D01072_06_fill_holes_and_orientation.obj,d01072,Computer,2,8,5,0,7,2437,0.5741911832511118,0.6001039501039501,0.5710675587641433,0.35895421017163476,2,8,5,0,0.2857142857142857,0.0,0.2,0.0,0.7142857142857143,1.0,0.8,1.0,0.13333333333333333,0.13333333333333333,0.23529411764705882,0.2127659574468085,0.26315789473684204,-0.7559289460184545,-0.7142857142857143,-0.8,0.2857142857142857,
D01073_06_fill_holes_and_orientation.obj,d01073,Computer,2,8,5,0,7,2437,0.4101613480093115,0.739033264033264,0.49609625491244025,0.15457433957839828,2,8,5,0,0.2857142857142857,0.0,0.2,0.0,0.7142857142857143,1.0,0.8,1.0,0.13333333333333333,0.13333333333333333,0.23529411764705882,0.2127659574468085,0.26315789473684204,-0.7559289460184545,-0.7142857142857143,-0.8,0.2857142857142857,
D01082_06_fill_holes_and_orientation.obj,d01082,Computer,0,10,7,0,7,2437,0.19882430085720423,0.631301975051975,0.4225439681914481,0.0,0,10,7,0,0.0,0.0,0.0,0.0,1.0,1.0,1.0,1.0,0.0,0.0,,,,-1.0,-1.0,-1.0,0.0,
D01085_06_fill_holes_and_orientation.obj,d01085,Computer,1,9,6,0,7,2437,0.2718765174095531,0.7391632016632017,0.4771444690251046,0.2200917662980802,1,9,6,0,0.14285714285714285,0.0,0.1,0.0,0.8571428571428571,1.0,0.9,1.0,0.0625,0.0625,0.11764705882352941,0.10638297872340426,0.13157894736842102,-0.8783100656536799,-0.8571428571428572,-0.9,0.14285714285714285,
D01098_06_fill_holes_and_orientation.obj,d01098,Computer,1,9,6,0,7,2437,0.32634415557680635,0.8084589397089397,0.5009869102792218,0.2200917662980802,1,9,6,0,0.14285714285714285,0.0,0.1,0.0,0.8571428571428571,1.0,0.9,1.0,0.0625,0.0625,0.11764705882352941,0.10638297872340426,0.13157894736842102,-0.8783100656536799,-0.8571428571428572,-0.9,0.14285714285714285,
D01100_06_fill_holes_and_orientation.obj,d01100,Computer,5,5,2,0,7,2437,0.7878882867143479,0.5838227650727651,0.6146277782663155,0.5653701424067238,5,5,2,0,0.7142857142857143,0.0,0.5,0.0,0.2857142857142857,1.0,0.5,1.0,0.4166666666666667,0.4166666666666667,0.588235294117647,0.5319148936170213,0.6578947368421053,-0.37796447300922725,-0.2857142857142857,-0.5,0.7142857142857143,
D01102_06_fill_holes_and_orientation.obj,d01102,Computer,0,10,7,0,7,2437,0.06354526522936522,0.41452702702702704,0.34867612436253065,0.0,0,10,7,0,0.0,0.0,0.0,0.0,1.0,1.0,1.0,1.0,0.0,0.0,,,,-1.0,-1.0,-1.0,0.0,
D01115_06_fill_holes_and_orientation.obj,d01115,Computer,1,9,6,0,7,2437,0.5573298285740235,0.6558861746361746,0.5247721613895592,0.1100458831490401,1,9,6,0,0.14285714285714285,0.0,0.1,0.0,0.8571428571428571,1.0,0.9,1.0,0.0625,0.0625,0.11764705882352941,0.10638297872340426,0.13157894736842102,-0.8783100656536799,-0.8571428571428572,-0.9,0.14285714285714285,
D01128_06_fill_holes_and_orientation.obj,d01128,Computer,1,9,6,0,7,2437,0.47334632742180477,0.781470893970894,0.547481873620081,0.2200917662980802,1,9,6,0,0.14285714285714285,0.0,0.1,0.0,0.8571428571428571,1.0,0.9,1.0,0.0625,0.0625,0.11764705882352941,0.10638297872340426,0.13157894736842102,-0.8783100656536799,-0.8571428571428572,-0.9,0.14285714285714285,
D01164_06_fill_holes_and_orientation.obj,d01164,Computer,1,9,6,0,7,2437,0.24172619447808755,0.568801975051975,0.4386998255601876,0.06943122193677728,1,9,6,0,0.14285714285714285,0.0,0.1,0.0,0.8571428571428571,1.0,0.9,1.0,0.0625,0.0625,0.11764705882352941,0.10638297872340426,0.13157894736842102,-0.8783100656536799,-0.8571428571428572,-0.9,0.14285714285714285,
D01185_06_fill_holes_and_orientation.obj,d01185,Computer,5,5,2,0,7,2437,1.0863879331267345,0.7107328482328482,0.6808793671035527,0.6235744328990732,5,5,2,0,0.7142857142857143,0.0,0.5,0.0,0.2857142857142857,1.0,0.5,1.0,0.4166666666666667,0.4166666666666667,0.588235294117647,0.5319148936170213,0.6578947368421053,-0.37796447300922725,-0.2857142857142857,-0.5,0.7142857142857143,
m1764_06_fill_holes_and_orientation.obj,m1764,Computer,1,9,6,0,7,2437,0.32635471403724203,0.8084719334719335,0.5009907203186063,0.2200917662980802,1,9,6,0,0.14285714285714285,0.0,0.1,0.0,0.8571428571428571,1.0,0.9,1.0,0.0625,0.0625,0.11764705882352941,0.10638297872340426,0.13157894736842102,-0.8783100656536799,-0.8571428571428572,-0.9,0.14285714285714285,
m1765_06_fill_holes_and_orientation.obj,m1765,Computer,0,10,7,0,7,2437,0.08566568153714109,0.46841216216216214,0.3678276569235742,0.0,0,10,7,0,0.0,0.0,0.0,0.0,1.0,1.0,1.0,1.0,0.0,0.0,,,,-1.0,-1.0,-1.0,0.0,
m1766_06_fill_holes_and_orientation.obj,m1766,Computer,1,9,6,0,7,2437,0.3446313093627979,0.7873440748440749,0.5087203700436455,0.2200917662980802,1,9,6,0,0.14285714285714285,0.0,0.1,0.0,0.8571428571428571,1.0,0.9,1.0,0.0625,0.0625,0.11764705882352941,0.10638297872340426,0.13157894736842102,-0.8783100656536799,-0.8571428571428572,-0.9,0.14285714285714285,
m1767_06_fill_holes_and_orientation.obj,m1767,Computer,1,9,6,0,7,2437,0.2550730547764311,0.7049246361746361,0.4667887615131472,0.2200917662980802,1,9,6,0,0.14285714285714285,0.0,0.1,0.0,0.8571428571428571,1.0,0.9,1.0,0.0625,0.0625,0.11764705882352941,0.10638297872340426,0.13157894736842102,-0.8783100656536799,-0.8571428571428572,-0.9,0.14285714285714285,
m1769_06_fill_holes_and_orientation.obj,m1769,Computer,1,9,6,0,7,2437,0.2718707541867667,0.7391372141372141,0.4771414379438293,0.2200917662980802,1,9,6,0,0.14285714285714285,0.0,0.1,0.0,0.8571428571428571,1.0,0.9,1.0,0.0625,0.0625,0.11764705882352941,0.10638297872340426,0.13157894736842102,-0.8783100656536799,-0.8571428571428572,-0.9,0.14285714285714285,
m1770_06_fill_holes_and_orientation.obj,m1770,Computer,5,5,2,0,7,2437,0.7865297517445988,0.5836148648648648,0.6143578093018731,0.5653701424067238,5,5,2,0,0.7142857142857143,0.0,0.5,0.0,0.2857142857142857,1.0,0.5,1.0,0.4166666666666667,0.4166666666666667,0.588235294117647,0.5319148936170213,0.6578947368421053,-0.37796447300922725,-0.2857142857142857,-0.5,0.7142857142857143,
m1772_06_fill_holes_and_orientation.obj,m1772,Computer,1,9,6,0,7,2437,0.4701731038090058,0.7818087318087318,0.5463282992098882,0.2200917662980802,1,9,6,0,0.14285714285714285,0.0,0.1,0.0,0.8571428571428571,1.0,0.9,1.0,0.0625,0.0625,0.11764705882352941,0.10638297872340426,0.13157894736842102,-0.8783100656536799,-0.8571428571428572,-0.9,0.14285714285714285,
m1773_06_fill_holes_and_orientation.obj,m1773,Computer,1,9,6,0,7,2437,0.30814331700124603,0.5284953222453221,0.48868442241856425,0.2200917662980802,1,9,6,0,0.14285714285714285,0.0,0.1,0.0,0.8571428571428571,1.0,0.9,1.0,0.0625,0.0625,0.11764705882352941,0.10638297872340426,0.13157894736842102,-0.8783100656536799,-0.8571428571428572,-0.9,0.14285714285714285,
m1774_06_fill_holes_and_orientation.obj,m1774,Computer,5,5,2,0,7,2437,0.9159795603763451,0.6163981288981288,0.5889922891537989,0.43199642233783897,5,5,2,0,0.7142857142857143,0.0,0.5,0.0,0.2857142857142857,1.0,0.5,1.0,0.4166666666666667,0.4166666666666667,0.588235294117647,0.5319148936170213,0.6578947368421053,-0.37796447300922725,-0.2857142857142857,-0.5,0.7142857142857143,
m1775_06_fill_holes_and_orientation.obj,m1775,Computer,1,9,6,0,7,2437,0.23791161926648738,0.48586278586278586,0.45782494175373645,0.2200917662980802,1,9,6,0,0.14285714285714285,0.0,0.1,0.0,0.8571428571428571,1.0,0.9,1.0,0.0625,0.0625,0.11764705882352941,0.10638297872340426,0.13157894736842102,-0.8783100656536799,-0.8571428571428572,-0.9,0.14285714285714285,
m1776_06_fill_holes_and_orientation.obj,m1776,Computer,5,5,2,0,7,2437,1.0859197522596036,0.7126559251559251,0.6809926048492523,0.6235744328990732,5,5,2,0,0.7142857142857143,0.0,0.5,0.0,0.2857142857142857,1.0,0.5,1.0,0.4166666666666667,0.4166666666666667,0.588235294117647,0.5319148936170213,0.6578947368421053,-0.37796447300922725,-0.2857142857142857,-0.5,0.7142857142857143,
m1777_06_fill_holes_and_orientation.obj,m1777,Computer,2,8,5,0,7,2437,0.5052278704962522,0.6198544698544698,0.5544809518336691,0.314880130667631,2,8,5,0,0.2857142857142857,0.0,0.2,0.0,0.7142857142857143,1.0,0.8,1.0,0.13333333333333333,0.13333333333333333,0.23529411764705882,0.2127659574468085,0.26315789473684204,-0.7559289460184545,-0.7142857142857143,-0.8,0.2857142857142857,
m1778_06_fill_holes_and_orientation.obj,m1778,Computer,1,9,6,0,7,2437,0.30774707453702377,0.7285213097713098,0.49199300931501694,0.2200917662980802,1,9,6,0,0.14285714285714285,0.0,0.1,0.0,0.8571428571428571,1.0,0.9,1.0,0.0625,0.0625,0.11764705882352941,0.10638297872340426,0.13157894736842102,-0.8783100656536799,-0.8571428571428572,-0.9,0.14285714285714285,
D00116_06_fill_holes_and_orientation.obj,d00116,ComputerKeyboard,2,8,5,0,7,2437,0.3436801170165614,0.7872752601105741,0.5417972090321246,0.3301376494471203,2,8,5,0,0.2857142857142857,0.0,0.2,0.0,0.7142857142857143,1.0,0.8,1.0,0.13333333333333333,0.13333333333333333,0.23529411764705882,0.2127659574468085,0.26315789473684204,-0.7559289460184545,-0.7142857142857143,-0.8,0.2857142857142857,
D00127_06_fill_holes_and_orientation.obj,d00127,ComputerKeyboard,9,1,0,0,7,2437,1.2383360599324404,0.8431718253450002,0.7769078912614551,0.88995411685096,9,1,0,0,1.0,0.0,0.9,,0.0,1.0,0.1,,0.9,0.9,0.9473684210526316,0.9183673469387754,0.9782608695652175,,0.0,,1.0,
D00197_06_fill_holes_and_orientation.obj,d00197,ComputerKeyboard,1,9,6,0,7,2437,0.2536265748260185,0.7729093204475208,0.4945396494230586,0.2200917662980802,1,9,6,0,0.14285714285714285,0.0,0.1,0.0,0.8571428571428571,1.0,0.9,1.0,0.0625,0.0625,0.11764705882352941,0.10638297872340426,0.13157894736842102,-0.8783100656536799,-0.8571428571428572,-0.9,0.14285714285714285,
D00278_06_fill_holes_and_orientation.obj,d00278,ComputerKeyboard,3,7,4,0,7,2437,0.3536659664076661,0.791040877628314,0.5175221413104415,0.3120490772217807,3,7,4,0,0.42857142857142855,0.0,0.3,0.0,0.5714285714285714,1.0,0.7,1.0,0.21428571428571427,0.21428571428571427,0.3529411764705882,0.3191489361702127,0.3947368421052631,-0.6324555320336759,-0.5714285714285714,-0.7,0.42857142857142855,
D00360_06_fill_holes_and_orientation.obj,d00360,ComputerKeyboard,5,5,2,0,7,2437,0.7550698690402523,0.8468286099865048,0.6277722826884254,0.4544793712758927,5,5,2,0,0.7142857142857143,0.0,0.5,0.0,0.2857142857142857,1.0,0.5,1.0,0.4166666666666667,0.4166666666666667,0.588235294117647,0.5319148936170213,0.6578947368421053,-0.37796447300922725,-0.2857142857142857,-0.5,0.7142857142857143,
D00382_06_fill_holes_and_orientation.obj,d00382,ComputerKeyboard,1,9,6,0,7,2437,0.21623658208821703,0.7437856427669671,0.47082010803220065,0.2200917662980802,1,9,6,0,0.14285714285714285,0.0,0.1,0.0,0.8571428571428571,1.0,0.9,1.0,0.0625,0.0625,0.11764705882352941,0.10638297872340426,0.13157894736842102,-0.8783100656536799,-0.8571428571428572,-0.9,0.14285714285714285,
D00420_06_fill_holes_and_orientation.obj,d00420,ComputerKeyboard,0,10,6,0,6,2437,0.016537225130181434,0.22447869052283315,0.26464991263643134,0.0,0,10,6,0,0.0,0.0,0.0,0.0,1.0,1.0,1.0,1.0,0.0,0.0,,,,-1.0,-1.0,-1.0,0.0,
D00493_06_fill_holes_and_orientation.obj,d00493,ComputerKeyboard,7,3,0,0,7,2437,1.1755910898887643,0.8412346001480128,0.771143144257907,0.7967610662472993,7,3,0,0,1.0,0.0,0.7,,0.0,1.0,0.3,,0.7,0.7,0.8235294117647058,0.7446808510638298,0.9210526315789475,,0.0,,1.0,
D00525_06_fill_holes_and_orientation.obj,d00525,ComputerKeyboard,3,7,4,0,7,2437,0.6963817068833061,0.9789952548865962,0.5910438161628027,0.21538297927698713,3,7,4,0,0.42857142857142855,0.0,0.3,0.0,0.5714285714285714,1.0,0.7,1.0,0.21428571428571427,0.21428571428571427,0.3529411764705882,0.3191489361702127,0.3947368421052631,-0.6324555320336759,-0.5714285714285714,-0.7,0.42857142857142855,
D00569_06_fill_holes_and_orientation.obj,d00569,ComputerKeyboard,5,5,2,0,7,2437,0.923616744438287,0.8103478298724479,0.7211271833038864,0.6489315753318466,5,5,2,0,0.7142857142857143,0.0,0.5,0.0,0.2857142857142857,1.0,0.5,1.0,0.4166666666666667,0.4166666666666667,0.588235294117647,0.5319148936170213,0.6578947368421053,-0.37796447300922725,-0.2857142857142857,-0.5,0.7142857142857143,
D00597_06_fill_holes_and_orientation.obj,d00597,ComputerKeyboard,7,3,0,0,7,2437,1.1159541607668937,0.8371860171520613,0.7628772290285931,0.791726719367984,7,3,0,0,1.0,0.0,0.7,,0.0,1.0,0.3,,0.7,0.7,0.8235294117647058,0.7446808510638298,0.9210526315789475,,0.0,,1.0,
D00600_06_fill_holes_and_orientation.obj,d00600,ComputerKeyboard,2,8,5,0,7,2437,0.2986389220832924,0.27343171825345003,0.4680372142442649,0.35895421017163476,2,8,5,0,0.2857142857142857,0.0,0.2,0.0,0.7142857142857143,1.0,0.8,1.0,0.13333333333333333,0.13333333333333333,0.23529411764705882,0.2127659574468085,0.26315789473684204,-0.7559289460184545,-0.7142857142857143,-0.8,0.2857142857142857,
D00627_06_fill_holes_and_orientation.obj,d00627,ComputerKeyboard,0,10,7,0,7,2437,0.018604896345979467,0.38724914022027773,0.2773873577199197,0.0,0,10,7,0,0.0,0.0,0.0,0.0,1.0,1.0,1.0,1.0,0.0,0.0,,,,-1.0,-1.0,-1.0,0.0,
D00654_06_fill_holes_and_orientation.obj,d00654,ComputerKeyboard,0,10,7,0,7,2437,0.02170001597894757,0.5074006355839972,0.2820880530567236,0.0,0,10,7,0,0.0,0.0,0.0,0.0,1.0,1.0,1.0,1.0,0.0,0.0,,,,-1.0,-1.0,-1.0,0.0,
D00673_06_fill_holes_and_orientation.obj,d00673,ComputerKeyboard,1,9,6,0,7,2437,0.05202224129070654,0.248922554525271,0.313008363404651,0.07336392209936006,1,9,6,0,0.14285714285714285,0.0,0.1,0.0,0.8571428571428571,1.0,0.9,1.0,0.0625,0.0625,0.11764705882352941,0.10638297872340426,0.13157894736842102,-0.8783100656536799,-0.8571428571428572,-0.9,0.14285714285714285,
D00676_06_fill_holes_and_orientation.obj,d00676,ComputerKeyboard,0,10,6,0,6,2437,0.046431172913506506,0.6558051456183884,0.3114240875527777,0.0,0,10,6,0,0.0,0.0,0.0,0.0,1.0,1.0,1.0,1.0,0.0,0.0,,,,-1.0,-1.0,-1.0,0.0,
D00692_06_fill_holes_and_orientation.obj,d00692,ComputerKeyboard,5,5,2,0,7,2437,0.7768232262701646,0.8214923163989378,0.6873164242979245,0.6300426811446147,5,5,2,0,0.7142857142857143,0.0,0.5,0.0,0.2857142857142857,1.0,0.5,1.0,0.4166666666666667,0.4166666666666667,0.588235294117647,0.5319148936170213,0.6578947368421053,-0.37796447300922725,-0.2857142857142857,-0.5,0.7142857142857143,
D00805_06_fill_holes_and_orientation.obj,d00805,ComputerKeyboard,0,10,6,0,6,2437,0.07957464061860166,0.7521440076618344,0.3402815619537651,0.0,0,10,6,0,0.0,0.0,0.0,0.0,1.0,1.0,1.0,1.0,0.0,0.0,,,,-1.0,-1.0,-1.0,0.0,
D00905_06_fill_holes_and_orientation.obj,d00905,ComputerKeyboard,5,5,2,0,7,2437,0.798744173887167,0.8207957859910322,0.6922880235948315,0.6172839611614819,5,5,2,0,0.7142857142857143,0.0,0.5,0.0,0.2857142857142857,1.0,0.5,1.0,0.4166666666666667,0.4166666666666667,0.588235294117647,0.5319148936170213,0.6578947368421053,-0.37796447300922725,-0.2857142857142857,-0.5,0.7142857142857143,
D00990_06_fill_holes_and_orientation.obj,d00990,ComputerKeyboard,1,9,6,0,7,2437,0.2833187109535997,0.7970484523964999,0.48873378368294956,0.13886244387355456,1,9,6,0,0.14285714285714285,0.0,0.1,0.0,0.8571428571428571,1.0,0.9,1.0,0.0625,0.0625,0.11764705882352941,0.10638297872340426,0.13157894736842102,-0.8783100656536799,-0.8571428571428572,-0.9,0.14285714285714285,
D00035_06_fill_holes_and_orientation.obj,d00035,Cup,0,10,7,0,7,2437,0.05057327358297548,0.49573261541986485,0.33269432240706887,0.0,0,10,7,0,0.0,0.0,0.0,0.0,1.0,1.0,1.0,1.0,0.0,0.0,,,,-1.0,-1.0,-1.0,0.0,
D00067_06_fill_holes_and_orientation.obj,d00067,Cup,0,10,7,0,7,2437,0.055827967481483054,0.5093653339443236,0.3399716631386002,0.0,0,10,7,0,0.0,0.0,0.0,0.0,1.0,1.0,1.0,1.0,0.0,0.0,,,,-1.0,-1.0,-1.0,0.0,
D00174_06_fill_holes_and_orientation.obj,d00174,Cup,2,8,5,0,7,2437,0.47024218369108306,0.7947216175965174,0.5574647118741746,0.35895421017163476,2,8,5,0,0.2857142857142857,0.0,0.2,0.0,0.7142857142857143,1.0,0.8,1.0,0.13333333333333333,0.13333333333333333,0.23529411764705882,0.2127659574468085,0.26315789473684204,-0.7559289460184545,-0.7142857142857143,-0.8,0.2857142857142857,
D00206_06_fill_holes_and_orientation.obj,d00206,Cup,1,9,6,0,7,2437,0.2884288597780591,0.7804874556077444,0.48926646156575504,0.2200917662980802,1,9,6,0,0.14285714285714285,0.0,0.1,0.0,0.8571428571428571,1.0,0.9,1.0,0.0625,0.0625,0.11764705882352941,0.10638297872340426,0.13157894736842102,-0.8783100656536799,-0.8571428571428572,-0.9,0.14285714285714285,
D00214_06_fill_holes_and_orientation.obj,d00214,Cup,0,10,7,0,7,2437,0.06807813847515108,0.6037203574292589,0.3444474206118682,0.0,0,10,7,0,0.0,0.0,0.0,0.0,1.0,1.0,1.0,1.0,0.0,0.0,,,,-1.0,-1.0,-1.0,0.0,
D00270_06_fill_holes_and_orientation.obj,d00270,Cup,1,9,6,0,7,2437,0.20992428797086252,0.6766525375186161,0.438999857890359,0.1100458831490401,1,9,6,0,0.14285714285714285,0.0,0.1,0.0,0.8571428571428571,1.0,0.9,1.0,0.0625,0.0625,0.11764705882352941,0.10638297872340426,0.13157894736842102,-0.8783100656536799,-0.8571428571428572,-0.9,0.14285714285714285,
D00328_06_fill_holes_and_orientation.obj,d00328,Cup,1,9,6,0,7,2437,0.1392302930665392,0.6238400733188223,0.4058242132161608,0.1100458831490401,1,9,6,0,0.14285714285714285,0.0,0.1,0.0,0.8571428571428571,1.0,0.9,1.0,0.0625,0.0625,0.11764705882352941,0.10638297872340426,0.13157894736842102,-0.8783100656536799,-0.8571428571428572,-0.9,0.14285714285714285,
D00355_06_fill_holes_and_orientation.obj,d00355,Cup,1,9,5,0,6,2437,0.170695074423308,0.5327213884751977,0.402414424016217,0.13886244387355456,1,9,5,0,0.16666666666666666,0.0,0.1,0.0,0.8333333333333334,1.0,0.9,1.0,0.06666666666666667,0.06666666666666667,0.125,0.10869565217391304,0.14705882352941177,-0.8660254037844386,-0.8333333333333334,-0.9,0.16666666666666666,
D00363_06_fill_holes_and_orientation.obj,d00363,Cup,0,10,7,0,7,2437,0.1773676699476829,0.7951225799060603,0.41566127675743925,0.0,0,10,7,0,0.0,0.0,0.0,0.0,1.0,1.0,1.0,1.0,0.0,0.0,,,,-1.0,-1.0,-1.0,0.0,
D00457_06_fill_holes_and_orientation.obj,d00457,Cup,1,9,6,0,7,2437,0.15208640628372355,0.5647554129911789,0.4105531473477426,0.13886244387355456,1,9,6,0,0.14285714285714285,0.0,0.1,0.0,0.8571428571428571,1.0,0.9,1.0,0.0625,0.0625,0.11764705882352941,0.10638297872340426,0.13157894736842102,-0.8783100656536799,-0.8571428571428572,-0.9,0.14285714285714285,
D00463_06_fill_holes_and_orientation.obj,d00463,Cup,1,9,6,0,7,2437,0.24167711953687723,0.791828960934815,0.45897099429728866,0.13886244387355456,1,9,6,0,0.14285714285714285,0.0,0.1,0.0,0.8571428571428571,1.0,0.9,1.0,0.0625,0.0625,0.11764705882352941,0.10638297872340426,0.13157894736842102,-0.8783100656536799,-0.8571428571428572,-0.9,0.14285714285714285,
D00519_06_fill_holes_and_orientation.obj,d00519,Cup,0,10,7,0,7,2437,0.07356904606665304,0.5855624928399588,0.3556118906640746,0.0,0,10,7,0,0.0,0.0,0.0,0.0,1.0,1.0,1.0,1.0,0.0,0.0,,,,-1.0,-1.0,-1.0,0.0,
D00550_06_fill_holes_and_orientation.obj,d00550,Cup,2,8,5,0,7,2437,0.35674581389094095,0.7046196586092337,0.5176835526549888,0.2863459897524693,2,8,5,0,0.2857142857142857,0.0,0.2,0.0,0.7142857142857143,1.0,0.8,1.0,0.13333333333333333,0.13333333333333333,0.23529411764705882,0.2127659574468085,0.26315789473684204,-0.7559289460184545,-0.7142857142857143,-0.8,0.2857142857142857,
D00587_06_fill_holes_and_orientation.obj,d00587,Cup,3,7,3,0,6,2437,0.5388989656023581,0.7548258677969986,0.5549372712835561,0.39956887138389763,3,7,3,0,0.5,0.0,0.3,0.0,0.5,1.0,0.7,1.0,0.23076923076923078,0.23076923076923078,0.37499999999999994,0.32608695652173914,0.4411764705882353,-0.5916079783099616,-0.5,-0.7,0.5,
D00638_06_fill_holes_and_orientation.obj,d00638,Cup,3,7,3,0,6,2437,0.5259485069366399,0.7577328445411846,0.5306758890858702,0.33405144466421566,3,7,3,0,0.5,0.0,0.3,0.0,0.5,1.0,0.7,1.0,0.23076923076923078,0.23076923076923078,0.37499999999999994,0.32608695652173914,0.4411764705882353,-0.5916079783099616,-0.5,-0.7,0.5,
D00642_06_fill_holes_and_orientation.obj,d00642,Cup,0,10,7,0,7,2437,0.042174863408026016,0.44933554817275756,0.3182293385546381,0.0,0,10,7,0,0.0,0.0,0.0,0.0,1.0,1.0,1.0,1.0,0.0,0.0,,,,-1.0,-1.0,-1.0,0.0,
D00738_06_fill_holes_and_orientation.obj,d00738,Cup,0,10,7,0,7,2437,0.1442328319562519,0.7619715889563523,0.39973109121373307,0.0,0,10,7,0,0.0,0.0,0.0,0.0,1.0,1.0,1.0,1.0,0.0,0.0,,,,-1.0,-1.0,-1.0,0.0,
D00843_06_fill_holes_and_orientation.obj,d00843,Cup,2,8,5,0,7,2437,0.4908720272404505,0.7422957956237828,0.5642799276389204,0.35895421017163476,2,8,5,0,0.2857142857142857,0.0,0.2,0.0,0.7142857142857143,1.0,0.8,1.0,0.13333333333333333,0.13333333333333333,0.23529411764705882,0.2127659574468085,0.26315789473684204,-0.7559289460184545,-0.7142857142857143,-0.8,0.2857142857142857,
D00874_06_fill_holes_and_orientation.obj,d00874,Cup,1,9,6,0,7,2437,0.2904923536032967,0.7832655516095773,0.49048213907144717,0.2200917662980802,1,9,6,0,0.14285714285714285,0.0,0.1,0.0,0.8571428571428571,1.0,0.9,1.0,0.0625,0.0625,0.11764705882352941,0.10638297872340426,0.13157894736842102,-0.8783100656536799,-0.8571428571428572,-0.9,0.14285714285714285,
D00882_06_fill_holes_and_orientation.obj,d00882,Cup,4,6,3,0,7,2437,0.42654439565343566,0.7656804903196243,0.5202700625927165,0.34527837610864365,4,6,3,0,0.5714285714285714,0.0,0.4,0.0,0.42857142857142855,1.0,0.6,1.0,0.3076923076923077,0.3076923076923077,0.47058823529411764,0.425531914893617,0.5263157894736841,-0.50709255283711,-0.4285714285714286,-0.6,0.5714285714285714,
m494_06_fill_holes_and_orientation.obj,m494,Cup,2,8,5,0,7,2437,0.15292890363197983,0.5423731240691947,0.40531096127931115,0.20511666732794362,2,8,5,0,0.2857142857142857,0.0,0.2,0.0,0.7142857142857143,1.0,0.8,1.0,0.13333333333333333,0.13333333333333333,0.23529411764705882,0.2127659574468085,0.26315789473684204,-0.7559289460184545,-0.7142857142857143,-0.8,0.2857142857142857,
m495_06_fill_holes_and_orientation.obj,m495,Cup,0,10,7,0,7,2437,0.14174046098738552,0.6847290640394088,0.39307259977576403,0.0,0,10,7,0,0.0,0.0,0.0,0.0,1.0,1.0,1.0,1.0,0.0,0.0,,,,-1.0,-1.0,-1.0,0.0,
m496_06_fill_holes_and_orientation.obj,m496,Cup,0,10,7,0,7,2437,0.18976204649488201,0.8127219612784969,0.41416925933720633,0.0,0,10,7,0,0.0,0.0,0.0,0.0,1.0,1.0,1.0,1.0,0.0,0.0,,,,-1.0,-1.0,-1.0,0.0,
m497_06_fill_holes_and_orientation.obj,m497,Cup,1,9,6,0,7,2437,0.08087348799961788,0.5412991178829191,0.36340469176719853,0.07839826897867534,1,9,6,0,0.14285714285714285,0.0,0.1,0.0,0.8571428571428571,1.0,0.9,1.0,0.0625,0.0625,0.11764705882352941,0.10638297872340426,0.13157894736842102,-0.8783100656536799,-0.8571428571428572,-0.9,0.14285714285714285,
m498_06_fill_holes_and_orientation.obj,m498,Cup,0,10,7,0,7,2437,0.09939036954088569,0.6386756787719097,0.3715314722490089,0.0,0,10,7,0,0.0,0.0,0.0,0.0,1.0,1.0,1.0,1.0,0.0,0.0,,,,-1.0,-1.0,-1.0,0.0,
m499_06_fill_holes_and_orientation.obj,m499,Cup,0,10,7,0,7,2437,0.04646469382294193,0.4906060258907092,0.32484062775228956,0.0,0,10,7,0,0.0,0.0,0.0,0.0,1.0,1.0,1.0,1.0,0.0,0.0,,,,-1.0,-1.0,-1.0,0.0,
m500_06_fill_holes_and_orientation.obj,m500,Cup,0,10,7,0,7,2437,0.04285663416442013,0.42629453545652424,0.3233712735598561,0.0,0,10,7,0,0.0,0.0,0.0,0.0,1.0,1.0,1.0,1.0,0.0,0.0,,,,-1.0,-1.0,-1.0,0.0,
m501_06_fill_holes_and_orientation.obj,m501,Cup,1,9,6,0,7,2437,0.2015808905903629,0.8017957383434529,0.42940988175056216,0.06943122193677728,1,9,6,0,0.14285714285714285,0.0,0.1,0.0,0.8571428571428571,1.0,0.9,1.0,0.0625,0.0625,0.11764705882352941,0.10638297872340426,0.13157894736842102,-0.8783100656536799,-0.8571428571428572,-0.9,0.14285714285714285,
m502_06_fill_holes_and_orientation.obj,m502,Cup,2,8,5,0,7,2437,0.23363908015916296,0.7250687363959217,0.45332112075207537,0.18340980524840014,2,8,5,0,0.2857142857142857,0.0,0.2,0.0,0.7142857142857143,1.0,0.8,1.0,0.13333333333333333,0.13333333333333333,0.23529411764705882,0.2127659574468085,0.26315789473684204,-0.7559289460184545,-0.7142857142857143,-0.8,0.2857142857142857,
m526_06_fill_holes_and_orientation.obj,m526,Cup,0,10,7,0,7,2437,0.03859357203266089,0.39702428685989233,0.31483773315955726,0.0,0,10,7,0,0.0,0.0,0.0,0.0,1.0,1.0,1.0,1.0,0.0,0.0,,,,-1.0,-1.0,-1.0,0.0,
D00048_06_fill_holes_and_orientation.obj,d00048,DeskLamp,0,10,7,0,7,2437,0.044382654696283295,0.36342611826616816,0.32669525556630163,0.0,0,10,7,0,0.0,0.0,0.0,0.0,1.0,1.0,1.0,1.0,0.0,0.0,,,,-1.0,-1.0,-1.0,0.0,
D00090_06_fill_holes_and_orientation.obj,d00090,DeskLamp,0,10,7,0,7,2437,0.06654823102971977,0.6085860684115774,0.34383786532837796,0.0,0,10,7,0,0.0,0.0,0.0,0.0,1.0,1.0,1.0,1.0,0.0,0.0,,,,-1.0,-1.0,-1.0,0.0,
D00147_06_fill_holes_and_orientation.obj,d00147,DeskLamp,0,10,7,0,7,2437,0.13069420435086798,0.7576789918293865,0.3886145421570669,0.0,0,10,7,0,0.0,0.0,0.0,0.0,1.0,1.0,1.0,1.0,0.0,0.0,,,,-1.0,-1.0,-1.0,0.0,
D00257_06_fill_holes_and_orientation.obj,d00257,DeskLamp,0,10,7,0,7,2437,0.12325756755809171,0.7315191801689517,0.3902430148003861,0.0,0,10,7,0,0.0,0.0,0.0,0.0,1.0,1.0,1.0,1.0,0.0,0.0,,,,-1.0,-1.0,-1.0,0.0,
D00268_06_fill_holes_and_orientation.obj,d00268,DeskLamp,0,10,7,0,7,2437,0.1308174645052912,0.7504777731616119,0.390684124521965,0.0,0,10,7,0,0.0,0.0,0.0,0.0,1.0,1.0,1.0,1.0,0.0,0.0,,,,-1.0,-1.0,-1.0,0.0,
D00330_06_fill_holes_and_orientation.obj,d00330,DeskLamp,0,10,7,0,7,2437,0.1264265256426224,0.7565572635369062,0.38622036293892353,0.0,0,10,7,0,0.0,0.0,0.0,0.0,1.0,1.0,1.0,1.0,0.0,0.0,,,,-1.0,-1.0,-1.0,0.0,
D00378_06_fill_holes_and_orientation.obj,d00378,DeskLamp,0,10,7,0,7,2437,0.11527363851154311,0.7223376263675392,0.37970768294933693,0.0,0,10,7,0,0.0,0.0,0.0,0.0,1.0,1.0,1.0,1.0,0.0,0.0,,,,-1.0,-1.0,-1.0,0.0,
D00435_06_fill_holes_and_orientation.obj,d00435,DeskLamp,1,9,6,0,7,2437,0.2220619251334386,0.7838803489821354,0.43933638165520433,0.06943122193677728,1,9,6,0,0.14285714285714285,0.0,0.1,0.0,0.8571428571428571,1.0,0.9,1.0,0.0625,0.0625,0.11764705882352941,0.10638297872340426,0.13157894736842102,-0.8783100656536799,-0.8571428571428572,-0.9,0.14285714285714285,
D00455_06_fill_holes_and_orientation.obj,d00455,DeskLamp,2,8,4,0,6,2437,0.314427401023145,0.8197064118543137,0.4607736689215848,0.15457433957839828,2,8,4,0,0.3333333333333333,0.0,0.2,0.0,0.6666666666666666,1.0,0.8,1.0,0.14285714285714285,0.14285714285714285,0.25,0.21739130434782608,0.29411764705882354,-0.7302967433402214,-0.6666666666666667,-0.8,0.3333333333333333,
D00531_06_fill_holes_and_orientation.obj,d00531,DeskLamp,0,10,7,0,7,2437,0.1561864262733197,0.7671652125744356,0.40328278996664935,0.0,0,10,7,0,0.0,0.0,0.0,0.0,1.0,1.0,1.0,1.0,0.0,0.0,,,,-1.0,-1.0,-1.0,0.0,
D00547_06_fill_holes_and_orientation.obj,d00547,DeskLamp,0,10,7,0,7,2437,0.17843024467041033,0.7768730092784932,0.4130073528253531,0.0,0,10,7,0,0.0,0.0,0.0,0.0,1.0,1.0,1.0,1.0,0.0,0.0,,,,-1.0,-1.0,-1.0,0.0,
D00686_06_fill_holes_and_orientation.obj,d00686,DeskLamp,1,9,6,0,7,2437,0.3451247704784418,0.7551585652956654,0.513267635738072,0.2200917662980802,1,9,6,0,0.14285714285714285,0.0,0.1,0.0,0.8571428571428571,1.0,0.9,1.0,0.0625,0.0625,0.11764705882352941,0.10638297872340426,0.13157894736842102,-0.8783100656536799,-0.8571428571428572,-0.9,0.14285714285714285,
D00693_06_fill_holes_and_orientation.obj,d00693,DeskLamp,0,10,7,0,7,2437,0.13304445529082207,0.7513225315053316,0.39332488784369307,0.0,0,10,7,0,0.0,0.0,0.0,0.0,1.0,1.0,1.0,1.0,0.0,0.0,,,,-1.0,-1.0,-1.0,0.0,
D00698_06_fill_holes_and_orientation.obj,d00698,DeskLamp,1,9,6,0,7,2437,0.15282775541476015,0.7169228638692702,0.41222695097345835,0.08514311764162101,1,9,6,0,0.14285714285714285,0.0,0.1,0.0,0.8571428571428571,1.0,0.9,1.0,0.0625,0.0625,0.11764705882352941,0.10638297872340426,0.13157894736842102,-0.8783100656536799,-0.8571428571428572,-0.9,0.14285714285714285,
D00715_06_fill_holes_and_orientation.obj,d00715,DeskLamp,0,10,7,0,7,2437,0.1923038613255497,0.7972303005123944,0.4199705631353103,0.0,0,10,7,0,0.0,0.0,0.0,0.0,1.0,1.0,1.0,1.0,0.0,0.0,,,,-1.0,-1.0,-1.0,0.0,
D00744_06_fill_holes_and_orientation.obj,d00744,DeskLamp,0,10,7,0,7,2437,0.13953292562045608,0.72373632460878,0.4009065688916039,0.0,0,10,7,0,0.0,0.0,0.0,0.0,1.0,1.0,1.0,1.0,0.0,0.0,,,,-1.0,-1.0,-1.0,0.0,
D00759_06_fill_holes_and_orientation.obj,d00759,DeskLamp,0,10,7,0,7,2437,0.06195496755077213,0.5330425148871347,0.34531163344918037,0.0,0,10,7,0,0.0,0.0,0.0,0.0,1.0,1.0,1.0,1.0,0.0,0.0,,,,-1.0,-1.0,-1.0,0.0,
D00776_06_fill_holes_and_orientation.obj,d00776,DeskLamp,2,8,5,0,7,2437,0.389532223123599,0.7448968286940867,0.5278292692495953,0.3301376494471203,2,8,5,0,0.2857142857142857,0.0,0.2,0.0,0.7142857142857143,1.0,0.8,1.0,0.13333333333333333,0.13333333333333333,0.23529411764705882,0.2127659574468085,0.26315789473684204,-0.7559289460184545,-0.7142857142857143,-0.8,0.2857142857142857,
D00797_06_fill_holes_and_orientation.obj,d00797,DeskLamp,1,9,6,0,7,2437,0.2737004718488974,0.7571527489267416,0.4807173926005564,0.2200917662980802,1,9,6,0,0.14285714285714285,0.0,0.1,0.0,0.8571428571428571,1.0,0.9,1.0,0.0625,0.0625,0.11764705882352941,0.10638297872340426,0.13157894736842102,-0.8783100656536799,-0.8571428571428572,-0.9,0.14285714285714285,
D00912_06_fill_holes_and_orientation.obj,d00912,DeskLamp,3,7,4,0,7,2437,0.45961328974752835,0.749023680930619,0.5487082372212606,0.400023248309252,3,7,4,0,0.42857142857142855,0.0,0.3,0.0,0.5714285714285714,1.0,0.7,1.0,0.21428571428571427,0.21428571428571427,0.3529411764705882,0.3191489361702127,0.3947368421052631,-0.6324555320336759,-0.5714285714285714,-0.7,0.42857142857142855,
m603_06_fill_holes_and_orientation.obj,m603,DeskLamp,0,10,7,0,7,2437,0.10500975933603048,0.6977426949176014,0.377609860143053,0.0,0,10,7,0,0.0,0.0,0.0,0.0,1.0,1.0,1.0,1.0,0.0,0.0,,,,-1.0,-1.0,-1.0,0.0,
m604_06_fill_holes_and_orientation.obj,m604,DeskLamp,1,9,6,0,7,2437,0.1735158696798371,0.7939343581221436,0.4174084028961301,0.07336392209936006,1,9,6,0,0.14285714285714285,0.0,0.1,0.0,0.8571428571428571,1.0,0.9,1.0,0.0625,0.0625,0.11764705882352941,0.10638297872340426,0.13157894736842102,-0.8783100656536799,-0.8571428571428572,-0.9,0.14285714285714285,
m605_06_fill_holes_and_orientation.obj,m605,DeskLamp,1,9,6,0,7,2437,0.22577061534762904,0.7729677330009693,0.43908119948772834,0.06943122193677728,1,9,6,0,0.14285714285714285,0.0,0.1,0.0,0.8571428571428571,1.0,0.9,1.0,0.0625,0.0625,0.11764705882352941,0.10638297872340426,0.13157894736842102,-0.8783100656536799,-0.8571428571428572,-0.9,0.14285714285714285,
m606_06_fill_holes_and_orientation.obj,m606,DeskLamp,1,9,6,0,7,2437,0.31235582592348543,0.800484697410331,0.48103671067608034,0.1100458831490401,1,9,6,0,0.14285714285714285,0.0,0.1,0.0,0.8571428571428571,1.0,0.9,1.0,0.0625,0.0625,0.11764705882352941,0.10638297872340426,0.13157894736842102,-0.8783100656536799,-0.8571428571428572,-0.9,0.14285714285714285,
m608_06_fill_holes_and_orientation.obj,m608,DeskLamp,0,10,7,0,7,2437,0.07366935022863705,0.6276277523888658,0.35228972551715265,0.0,0,10,7,0,0.0,0.0,0.0,0.0,1.0,1.0,1.0,1.0,0.0,0.0,,,,-1.0,-1.0,-1.0,0.0,
m609_06_fill_holes_and_orientation.obj,m609,DeskLamp,0,10,7,0,7,2437,0.09666297239223906,0.7093477357706689,0.36500618756289105,0.0,0,10,7,0,0.0,0.0,0.0,0.0,1.0,1.0,1.0,1.0,0.0,0.0,,,,-1.0,-1.0,-1.0,0.0,
m611_06_fill_holes_and_orientation.obj,m611,DeskLamp,1,9,6,0,7,2437,0.31522036906226136,0.8130729815814984,0.48086378247834766,0.1100458831490401,1,9,6,0,0.14285714285714285,0.0,0.1,0.0,0.8571428571428571,1.0,0.9,1.0,0.0625,0.0625,0.11764705882352941,0.10638297872340426,0.13157894736842102,-0.8783100656536799,-0.8571428571428572,-0.9,0.14285714285714285,
m613_06_fill_holes_and_orientation.obj,m613,DeskLamp,1,9,6,0,7,2437,0.26915117786089954,0.7707104279185708,0.4654541635293353,0.1100458831490401,1,9,6,0,0.14285714285714285,0.0,0.1,0.0,0.8571428571428571,1.0,0.9,1.0,0.0625,0.0625,0.11764705882352941,0.10638297872340426,0.13157894736842102,-0.8783100656536799,-0.8571428571428572,-0.9,0.14285714285714285,
m614_06_fill_holes_and_orientation.obj,m614,DeskLamp,0,10,7,0,7,2437,0.14370823729154925,0.7884226561418086,0.3932649650267983,0.0,0,10,7,0,0.0,0.0,0.0,0.0,1.0,1.0,1.0,1.0,0.0,0.0,,,,-1.0,-1.0,-1.0,0.0,
m615_06_fill_holes_and_orientation.obj,m615,DeskLamp,0,10,7,0,7,2437,0.1296796541187796,0.7585237501731061,0.3890699160703387,0.0,0,10,7,0,0.0,0.0,0.0,0.0,1.0,1.0,1.0,1.0,0.0,0.0,,,,-1.0,-1.0,-1.0,0.0,
m616_06_fill_holes_and_orientation.obj,m616,DeskLamp,1,9,6,0,7,2437,0.2865989533112691,0.7550062318238471,0.4879322691517656,0.2200917662980802,1,9,6,0,0.14285714285714285,0.0,0.1,0.0,0.8571428571428571,1.0,0.9,1.0,0.0625,0.0625,0.11764705882352941,0.10638297872340426,0.13157894736842102,-0.8783100656536799,-0.8571428571428572,-0.9,0.14285714285714285,
D00118_06_fill_holes_and_orientation.obj,d00118,DeskPhone,0,10,7,0,7,2437,0.044757599221503346,0.7250228549040094,0.3211472632277719,0.0,0,10,7,0,0.0,0.0,0.0,0.0,1.0,1.0,1.0,1.0,0.0,0.0,,,,-1.0,-1.0,-1.0,0.0,
D00135_06_fill_holes_and_orientation.obj,d00135,DeskPhone,1,9,6,0,7,2437,0.20855480131859708,0.5856079404466501,0.4597062771918763,0.2200917662980802,1,9,6,0,0.14285714285714285,0.0,0.1,0.0,0.8571428571428571,1.0,0.9,1.0,0.0625,0.0625,0.11764705882352941,0.10638297872340426,0.13157894736842102,-0.8783100656536799,-0.8571428571428572,-0.9,0.14285714285714285,
D00154_06_fill_holes_and_orientation.obj,d00154,DeskPhone,1,9,6,0,7,2437,0.17158685326400966,0.8100430978189892,0.4347476484050345,0.13886244387355456,1,9,6,0,0.14285714285714285,0.0,0.1,0.0,0.8571428571428571,1.0,0.9,1.0,0.0625,0.0625,0.11764705882352941,0.10638297872340426,0.13157894736842102,-0.8783100656536799,-0.8571428571428572,-0.9,0.14285714285714285,
D00220_06_fill_holes_and_orientation.obj,d00220,DeskPhone,2,8,5,0,7,2437,0.16160572230294976,0.7702320316921336,0.4130860101594102,0.17993148201117182,2,8,5,0,0.2857142857142857,0.0,0.2,0.0,0.7142857142857143,1.0,0.8,1.0,0.13333333333333333,0.13333333333333333,0.23529411764705882,0.2127659574468085,0.26315789473684204,-0.7559289460184545,-0.7142857142857143,-0.8,0.2857142857142857,
D00316_06_fill_holes_and_orientation.obj,d00316,DeskPhone,0,10,7,0,7,2437,0.0729939483797557,0.6485133429106265,0.35028303386926735,0.0,0,10,7,0,0.0,0.0,0.0,0.0,1.0,1.0,1.0,1.0,0.0,0.0,,,,-1.0,-1.0,-1.0,0.0,
D00318_06_fill_holes_and_orientation.obj,d00318,DeskPhone,0,10,7,0,7,2437,0.03146681170083994,0.49949936876931783,0.30351694711031524,0.0,0,10,7,0,0.0,0.0,0.0,0.0,1.0,1.0,1.0,1.0,0.0,0.0,,,,-1.0,-1.0,-1.0,0.0,
D00403_06_fill_holes_and_orientation.obj,d00403,DeskPhone,0,10,7,0,7,2437,0.01646339013247144,0.37327499891167126,0.27052599620619544,0.0,0,10,7,0,0.0,0.0,0.0,0.0,1.0,1.0,1.0,1.0,0.0,0.0,,,,-1.0,-1.0,-1.0,0.0,
D00486_06_fill_holes_and_orientation.obj,d00486,DeskPhone,0,10,7,0,7,2437,0.09062992564057645,0.6877149449305646,0.36647615750708235,0.0,0,10,7,0,0.0,0.0,0.0,0.0,1.0,1.0,1.0,1.0,0.0,0.0,,,,-1.0,-1.0,-1.0,0.0,
D00511_06_fill_holes_and_orientation.obj,d00511,DeskPhone,0,10,7,0,7,2437,0.03587241666248535,0.5180662574550521,0.3113057265819554,0.0,0,10,7,0,0.0,0.0,0.0,0.0,1.0,1.0,1.0,1.0,0.0,0.0,,,,-1.0,-1.0,-1.0,0.0,
D00556_06_fill_holes_and_orientation.obj,d00556,DeskPhone,1,9,6,0,7,2437,0.06080598837252404,0.7706238300465804,0.3406569561140507,0.06362078819895173,1,9,6,0,0.14285714285714285,0.0,0.1,0.0,0.8571428571428571,1.0,0.9,1.0,0.0625,0.0625,0.11764705882352941,0.10638297872340426,0.13157894736842102,-0.8783100656536799,-0.8571428571428572,-0.9,0.14285714285714285,
D00576_06_fill_holes_and_orientation.obj,d00576,DeskPhone,1,9,6,0,7,2437,0.12327337624319357,0.5577902572809195,0.38291007644466135,0.07336392209936006,1,9,6,0,0.14285714285714285,0.0,0.1,0.0,0.8571428571428571,1.0,0.9,1.0,0.0625,0.0625,0.11764705882352941,0.10638297872340426,0.13157894736842102,-0.8783100656536799,-0.8571428571428572,-0.9,0.14285714285714285,
D00680_06_fill_holes_and_orientation.obj,d00680,DeskPhone,0,10,7,0,7,2437,0.08810792763686552,0.7923251055678899,0.3672674170459575,0.0,0,10,7,0,0.0,0.0,0.0,0.0,1.0,1.0,1.0,1.0,0.0,0.0,,,,-1.0,-1.0,-1.0,0.0,
D00706_06_fill_holes_and_orientation.obj,d00706,DeskPhone,1,9,6,0,7,2437,0.12184005191708824,0.7819424491750468,0.39725126344600015,0.09478836436955079,1,9,6,0,0.14285714285714285,0.0,0.1,0.0,0.8571428571428571,1.0,0.9,1.0,0.0625,0.0625,0.11764705882352941,0.10638297872340426,0.13157894736842102,-0.8783100656536799,-0.8571428571428572,-0.9,0.14285714285714285,
D00773_06_fill_holes_and_orientation.obj,d00773,DeskPhone,0,10,7,0,7,2437,0.019455707848510553,0.41992076966610076,0.2792826751952704,0.0,0,10,7,0,0.0,0.0,0.0,0.0,1.0,1.0,1.0,1.0,0.0,0.0,,,,-1.0,-1.0,-1.0,0.0,
D00829_06_fill_holes_and_orientation.obj,d00829,DeskPhone,1,9,6,0,7,2437,0.24030334686980745,0.5844760785338035,0.47989797502594667,0.2200917662980802,1,9,6,0,0.14285714285714285,0.0,0.1,0.0,0.8571428571428571,1.0,0.9,1.0,0.0625,0.0625,0.11764705882352941,0.10638297872340426,0.13157894736842102,-0.8783100656536799,-0.8571428571428572,-0.9,0.14285714285714285,
D00894_06_fill_holes_and_orientation.obj,d00894,DeskPhone,2,8,5,0,7,2437,0.10429997976327572,0.6605284924469983,0.3730246336856726,0.1517621910780354,2,8,5,0,0.2857142857142857,0.0,0.2,0.0,0.7142857142857143,1.0,0.8,1.0,0.13333333333333333,0.13333333333333333,0.23529411764705882,0.2127659574468085,0.26315789473684204,-0.7559289460184545,-0.7142857142857143,-0.8,0.2857142857142857,
D00897_06_fill_holes_and_orientation.obj,d00897,DeskPhone,2,8,5,0,7,2437,0.22500512139042114,0.5712855339340908,0.4654081986712471,0.29849003527675555,2,8,5,0,0.2857142857142857,0.0,0.2,0.0,0.7142857142857143,1.0,0.8,1.0,0.13333333333333333,0.13333333333333333,0.23529411764705882,0.2127659574468085,0.26315789473684204,-0.7559289460184545,-0.7142857142857143,-0.8,0.2857142857142857,
D00899_06_fill_holes_and_orientation.obj,d00899,DeskPhone,1,9,6,0,7,2437,0.0907127260124467,0.706368899917287,0.37142800251919084,0.08514311764162101,1,9,6,0,0.14285714285714285,0.0,0.1,0.0,0.8571428571428571,1.0,0.9,1.0,0.0625,0.0625,0.11764705882352941,0.10638297872340426,0.13157894736842102,-0.8783100656536799,-0.8571428571428572,-0.9,0.14285714285714285,
D00957_06_fill_holes_and_orientation.obj,d00957,DeskPhone,0,10,7,0,7,2437,0.07029254037659685,0.6596142962866223,0.347815131280424,0.0,0,10,7,0,0.0,0.0,0.0,0.0,1.0,1.0,1.0,1.0,0.0,0.0,,,,-1.0,-1.0,-1.0,0.0,
D00958_06_fill_holes_and_orientation.obj,d00958,DeskPhone,1,9,6,0,7,2437,0.08706732118771696,0.8082147054982369,0.36635371300496095,0.06943122193677728,1,9,6,0,0.14285714285714285,0.0,0.1,0.0,0.8571428571428571,1.0,0.9,1.0,0.0625,0.0625,0.11764705882352941,0.10638297872340426,0.13157894736842102,-0.8783100656536799,-0.8571428571428572,-0.9,0.14285714285714285,
D01005_06_fill_holes_and_orientation.obj,d01005,Door,1,9,6,0,7,2437,0.2779359891048439,0.5389979233682152,0.4699559179583454,0.2200917662980802,1,9,6,0,0.14285714285714285,0.0,0.1,0.0,0.8571428571428571,1.0,0.9,1.0,0.0625,0.0625,0.11764705882352941,0.10638297872340426,0.13157894736842102,-0.8783100656536799,-0.8571428571428572,-0.9,0.14285714285714285,
D01029_06_fill_holes_and_orientation.obj,d01029,Door,1,9,6,0,7,2437,0.23632309010354488,0.44857282462640985,0.44715160942393894,0.2200917662980802,1,9,6,0,0.14285714285714285,0.0,0.1,0.0,0.8571428571428571,1.0,0.9,1.0,0.0625,0.0625,0.11764705882352941,0.10638297872340426,0.13157894736842102,-0.8783100656536799,-0.8571428571428572,-0.9,0.14285714285714285,
D01052_06_fill_holes_and_orientation.obj,d01052,Door,1,9,6,0,7,2437,0.2777910826413484,0.6274074677307708,0.46528208726265624,0.2200917662980802,1,9,6,0,0.14285714285714285,0.0,0.1,0.0,0.8571428571428571,1.0,0.9,1.0,0.0625,0.0625,0.11764705882352941,0.10638297872340426,0.13157894736842102,-0.8783100656536799,-0.8571428571428572,-0.9,0.14285714285714285,
D01058_06_fill_holes_and_orientation.obj,d01058,Door,1,9,6,0,7,2437,0.2211535523240351,0.39511991530599777,0.43494297017394196,0.2200917662980802,1,9,6,0,0.14285714285714285,0.0,0.1,0.0,0.8571428571428571,1.0,0.9,1.0,0.0625,0.0625,0.11764705882352941,0.10638297872340426,0.13157894736842102,-0.8783100656536799,-0.8571428571428572,-0.9,0.14285714285714285,
D01062_06_fill_holes_and_orientation.obj,d01062,Door,3,7,4,0,7,2437,0.48861556871991635,0.6677185553157702,0.5065103536033785,0.21801641453242443,3,7,4,0,0.42857142857142855,0.0,0.3,0.0,0.5714285714285714,1.0,0.7,1.0,0.21428571428571427,0.21428571428571427,0.3529411764705882,0.3191489361702127,0.3947368421052631,-0.6324555320336759,-0.5714285714285714,-0.7,0.42857142857142855,
D01076_06_fill_holes_and_orientation.obj,d01076,Door,1,9,6,0,7,2437,0.27901444924446145,0.5738018648967792,0.47030540606497534,0.2200917662980802,1,9,6,0,0.14285714285714285,0.0,0.1,0.0,0.8571428571428571,1.0,0.9,1.0,0.0625,0.0625,0.11764705882352941,0.10638297872340426,0.13157894736842102,-0.8783100656536799,-0.8571428571428572,-0.9,0.14285714285714285,
D01104_06_fill_holes_and_orientation.obj,d01104,Door,6,4,1,0,7,2437,1.1841451313403275,0.6694999796408649,0.6597483185016729,0.7125523635307983,6,4,1,0,0.8571428571428571,0.0,0.6,0.0,0.14285714285714285,1.0,0.4,1.0,0.5454545454545454,0.5454545454545454,0.7058823529411764,0.6382978723404255,0.7894736842105262,-0.23904572186687872,-0.1428571428571429,-0.4,0.8571428571428571,
D01114_06_fill_holes_and_orientation.obj,d01114,Door,1,9,6,0,7,2437,0.47905885733051184,0.682804674457429,0.5048990536978425,0.09478836436955079,1,9,6,0,0.14285714285714285,0.0,0.1,0.0,0.8571428571428571,1.0,0.9,1.0,0.0625,0.0625,0.11764705882352941,0.10638297872340426,0.13157894736842102,-0.8783100656536799,-0.8571428571428572,-0.9,0.14285714285714285,
D01121_06_fill_holes_and_orientation.obj,d01121,Door,1,9,6,0,7,2437,0.2845800191076675,0.6481737855775886,0.4660066441811752,0.2200917662980802,1,9,6,0,0.14285714285714285,0.0,0.1,0.0,0.8571428571428571,1.0,0.9,1.0,0.0625,0.0625,0.11764705882352941,0.10638297872340426,0.13157894736842102,-0.8783100656536799,-0.8571428571428572,-0.9,0.14285714285714285,
D01129_06_fill_holes_and_orientation.obj,d01129,Door,1,9,6,0,7,2437,0.24313017993676153,0.3867930290321267,0.44629362305812004,0.2200917662980802,1,9,6,0,0.14285714285714285,0.0,0.1,0.0,0.8571428571428571,1.0,0.9,1.0,0.0625,0.0625,0.11764705882352941,0.10638297872340426,0.13157894736842102,-0.8783100656536799,-0.8571428571428572,-0.9,0.14285714285714285,
D01136_06_fill_holes_and_orientation.obj,d01136,Door,4,6,3,0,7,2437,0.6803706537760695,0.6200476403762368,0.5776086688896519,0.5224955967919311,4,6,3,0,0.5714285714285714,0.0,0.4,0.0,0.42857142857142855,1.0,0.6,1.0,0.3076923076923077,0.3076923076923077,0.47058823529411764,0.425531914893617,0.5263157894736841,-0.50709255283711,-0.4285714285714286,-0.6,0.5714285714285714,
D01141_06_fill_holes_and_orientation.obj,d01141,Door,3,7,4,0,7,2437,0.7430505283152504,0.6716580479661224,0.5967782256272445,0.44409732781325584,3,7,4,0,0.42857142857142855,0.0,0.3,0.0,0.5714285714285714,1.0,0.7,1.0,0.21428571428571427,0.21428571428571427,0.3529411764705882,0.3191489361702127,0.3947368421052631,-0.6324555320336759,-0.5714285714285714,-0.7,0.42857142857142855,
D01144_06_fill_holes_and_orientation.obj,d01144,Door,2,8,5,0,7,2437,0.28320698686526075,0.5450038682356773,0.4701826943509008,0.2837125544970319,2,8,5,0,0.2857142857142857,0.0,0.2,0.0,0.7142857142857143,1.0,0.8,1.0,0.13333333333333333,0.13333333333333333,0.23529411764705882,0.2127659574468085,0.26315789473684204,-0.7559289460184545,-0.7142857142857143,-0.8,0.2857142857142857,
D01155_06_fill_holes_and_orientation.obj,d01155,Door,3,7,4,0,7,2437,0.4108684943468937,0.5941610000407183,0.4947451163737252,0.2832325164972662,3,7,4,0,0.42857142857142855,0.0,0.3,0.0,0.5714285714285714,1.0,0.7,1.0,0.21428571428571427,0.21428571428571427,0.3529411764705882,0.3191489361702127,0.3947368421052631,-0.6324555320336759,-0.5714285714285714,-0.7,0.42857142857142855,
D01158_06_fill_holes_and_orientation.obj,d01158,Door,2,8,5,0,7,2437,0.31351675468233037,0.490634797833788,0.4820413032698779,0.2837125544970319,2,8,5,0,0.2857142857142857,0.0,0.2,0.0,0.7142857142857143,1.0,0.8,1.0,0.13333333333333333,0.13333333333333333,0.23529411764705882,0.2127659574468085,0.26315789473684204,-0.7559289460184545,-0.7142857142857143,-0.8,0.2857142857142857,
D01167_06_fill_holes_and_orientation.obj,d01167,Door,1,9,6,0,7,2437,0.32003756796184496,0.6370475182214259,0.4738079091167551,0.1100458831490401,1,9,6,0,0.14285714285714285,0.0,0.1,0.0,0.8571428571428571,1.0,0.9,1.0,0.0625,0.0625,0.11764705882352941,0.10638297872340426,0.13157894736842102,-0.8783100656536799,-0.8571428571428572,-0.9,0.14285714285714285,
D01177_06_fill_holes_and_orientation.obj,d01177,Door,1,9,6,0,7,2437,0.1223064245292852,0.48793721242721605,0.3905948772387925,0.08514311764162101,1,9,6,0,0.14285714285714285,0.0,0.1,0.0,0.8571428571428571,1.0,0.9,1.0,0.0625,0.0625,0.11764705882352941,0.10638297872340426,0.13157894736842102,-0.8783100656536799,-0.8571428571428572,-0.9,0.14285714285714285,
D01194_06_fill_holes_and_orientation.obj,d01194,Door,0,10,7,0,7,2437,0.2064815637718726,0.6058878618836272,0.4170015616721917,0.0,0,10,7,0,0.0,0.0,0.0,0.0,1.0,1.0,1.0,1.0,0.0,0.0,,,,-1.0,-1.0,-1.0,0.0,
m1707_06_fill_holes_and_orientation.obj,m1707,Door,1,9,6,0,7,2437,0.23631848205332304,0.4484913880858341,0.4471529270491541,0.2200917662980802,1,9,6,0,0.14285714285714285,0.0,0.1,0.0,0.8571428571428571,1.0,0.9,1.0,0.0625,0.0625,0.11764705882352941,0.10638297872340426,0.13157894736842102,-0.8783100656536799,-0.8571428571428572,-0.9,0.14285714285714285,
m1708_06_fill_holes_and_orientation.obj,m1708,Door,1,9,6,0,7,2437,0.2845754234291794,0.6481432468748727,0.4660047997394041,0.2200917662980802,1,9,6,0,0.14285714285714285,0.0,0.1,0.0,0.8571428571428571,1.0,0.9,1.0,0.0625,0.0625,0.11764705882352941,0.10638297872340426,0.13157894736842102,-0.8783100656536799,-0.8571428571428572,-0.9,0.14285714285714285,
m1710_06_fill_holes_and_orientation.obj,m1710,Door,0,10,7,0,7,2437,0.17212694547884938,0.5521702838063438,0.41246966279011726,0.0,0,10,7,0,0.0,0.0,0.0,0.0,1.0,1.0,1.0,1.0,0.0,0.0,,,,-1.0,-1.0,-1.0,0.0,
m1711_06_fill_holes_and_orientation.obj,m1711,Door,1,9,6,0,7,2437,0.2674561928874525,0.537114703367401,0.46347233913509833,0.2200917662980802,1,9,6,0,0.14285714285714285,0.0,0.1,0.0,0.8571428571428571,1.0,0.9,1.0,0.0625,0.0625,0.11764705882352941,0.10638297872340426,0.13157894736842102,-0.8783100656536799,-0.8571428571428572,-0.9,0.14285714285714285,
m1712_06_fill_holes_and_orientation.obj,m1712,Door,1,9,6,0,7,2437,0.27903413164640395,0.5738018648967792,0.4703172828645455,0.2200917662980802,1,9,6,0,0.14285714285714285,0.0,0.1,0.0,0.8571428571428571,1.0,0.9,1.0,0.0625,0.0625,0.11764705882352941,0.10638297872340426,0.13157894736842102,-0.8783100656536799,-0.8571428571428572,-0.9,0.14285714285714285,
m1713_06_fill_holes_and_orientation.obj,m1713,Door,1,9,6,0,7,2437,0.2753977917091266,0.5345290932041207,0.46886553404796016,0.2200917662980802,1,9,6,0,0.14285714285714285,0.0,0.1,0.0,0.8571428571428571,1.0,0.9,1.0,0.0625,0.0625,0.11764705882352941,0.10638297872340426,0.13157894736842102,-0.8783100656536799,-0.8571428571428572,-0.9,0.14285714285714285,
m1714_06_fill_holes_and_orientation.obj,m1714,Door,7,3,0,0,7,2437,1.3315335166615818,0.6837208355389064,0.6791432600009815,0.791726719367984,7,3,0,0,1.0,0.0,0.7,,0.0,1.0,0.3,,0.7,0.7,0.8235294117647058,0.7446808510638298,0.9210526315789475,,0.0,,1.0,
m1715_06_fill_holes_and_orientation.obj,m1715,Door,1,9,6,0,7,2437,0.28236134310268535,0.6415570666558085,0.46571463359970966,0.2200917662980802,1,9,6,0,0.14285714285714285,0.0,0.1,0.0,0.8571428571428571,1.0,0.9,1.0,0.0625,0.0625,0.11764705882352941,0.10638297872340426,0.13157894736842102,-0.8783100656536799,-0.8571428571428572,-0.9,0.14285714285714285,
m1716_06_fill_holes_and_orientation.obj,m1716,Door,3,7,4,0,7,2437,0.7427680781949446,0.6714849953173989,0.5967137723301945,0.44409732781325584,3,7,4,0,0.42857142857142855,0.0,0.3,0.0,0.5714285714285714,1.0,0.7,1.0,0.21428571428571427,0.21428571428571427,0.3529411764705882,0.3191489361702127,0.3947368421052631,-0.6324555320336759,-0.5714285714285714,-0.7,0.42857142857142855,
m1717_06_fill_holes_and_orientation.obj,m1717,Door,1,9,6,0,7,2437,0.22045088196586385,0.3946821939004031,0.4342950676540383,0.2200917662980802,1,9,6,0,0.14285714285714285,0.0,0.1,0.0,0.8571428571428571,1.0,0.9,1.0,0.0625,0.0625,0.11764705882352941,0.10638297872340426,0.13157894736842102,-0.8783100656536799,-0.8571428571428572,-0.9,0.14285714285714285,
m1718_06_fill_holes_and_orientation.obj,m1718,Door,1,9,6,0,7,2437,0.2431346875831659,0.3868439268699865,0.44630479771270143,0.2200917662980802,1,9,6,0,0.14285714285714285,0.0,0.1,0.0,0.8571428571428571,1.0,0.9,1.0,0.0625,0.0625,0.11764705882352941,0.10638297872340426,0.13157894736842102,-0.8783100656536799,-0.8571428571428572,-0.9,0.14285714285714285,
m1720_06_fill_holes_and_orientation.obj,m1720,Door,6,4,1,0,7,2437,1.173427446637336,0.6699478806140314,0.6579861633377564,0.7007731679885375,6,4,1,0,0.8571428571428571,0.0,0.6,0.0,0.14285714285714285,1.0,0.4,1.0,0.5454545454545454,0.5454545454545454,0.7058823529411764,0.6382978723404255,0.7894736842105262,-0.23904572186687872,-0.1428571428571429,-0.4,0.8571428571428571,
m1721_06_fill_holes_and_orientation.obj,m1721,Door,2,8,5,0,7,2437,0.4930517501486126,0.5744431776538133,0.5363470392879514,0.35895421017163476,2,8,5,0,0.2857142857142857,0.0,0.2,0.0,0.7142857142857143,1.0,0.8,1.0,0.13333333333333333,0.13333333333333333,0.23529411764705882,0.2127659574468085,0.26315789473684204,-0.7559289460184545,-0.7142857142857143,-0.8,0.2857142857142857,
m1722_06_fill_holes_and_orientation.obj,m1722,Door,2,8,5,0,7,2437,0.5489283987613109,0.7198175821491103,0.5343599504996495,0.20829366581033185,2,8,5,0,0.2857142857142857,0.0,0.2,0.0,0.7142857142857143,1.0,0.8,1.0,0.13333333333333333,0.13333333333333333,0.23529411764705882,0.2127659574468085,0.26315789473684204,-0.7559289460184545,-0.7142857142857143,-0.8,0.2857142857142857,
m1723_06_fill_holes_and_orientation.obj,m1723,Door,2,8,5,0,7,2437,0.4529629630682604,0.6039639236125249,0.5281667964890716,0.3301376494471203,2,8,5,0,0.2857142857142857,0.0,0.2,0.0,0.7142857142857143,1.0,0.8,1.0,0.13333333333333333,0.13333333333333333,0.23529411764705882,0.2127659574468085,0.26315789473684204,-0.7559289460184545,-0.7142857142857143,-0.8,0.2857142857142857,
m1724_06_fill_holes_and_orientation.obj,m1724,Door,3,7,4,0,7,2437,0.25536542287442554,0.5724988802475671,0.4493400269976505,0.23047380976071713,3,7,4,0,0.42857142857142855,0.0,0.3,0.0,0.5714285714285714,1.0,0.7,1.0,0.21428571428571427,0.21428571428571427,0.3529411764705882,0.3191489361702127,0.3947368421052631,-0.6324555320336759,-0.5714285714285714,-0.7,0.42857142857142855,
m1725_06_fill_holes_and_orientation.obj,m1725,Door,0,10,7,0,7,2437,0.08116928039188129,0.39670792784722503,0.3612424160231059,0.0,0,10,7,0,0.0,0.0,0.0,0.0,1.0,1.0,1.0,1.0,0.0,0.0,,,,-1.0,-1.0,-1.0,0.0,
m1726_06_fill_holes_and_orientation.obj,m1726,Door,1,9,6,0,7,2437,0.2778573014553593,0.715236776741724,0.44945804160895036,0.06625422345438904,1,9,6,0,0.14285714285714285,0.0,0.1,0.0,0.8571428571428571,1.0,0.9,1.0,0.0625,0.0625,0.11764705882352941,0.10638297872340426,0.13157894736842102,-0.8783100656536799,-0.8571428571428572,-0.9,0.14285714285714285,
m1727_06_fill_holes_and_orientation.obj,m1727,Door,3,7,4,0,7,2437,0.43280971549290786,0.48751985015676536,0.513415852666759,0.39639187290150935,3,7,4,0,0.42857142857142855,0.0,0.3,0.0,0.5714285714285714,1.0,0.7,1.0,0.21428571428571427,0.21428571428571427,0.3529411764705882,0.3191489361702127,0.3947368421052631,-0.6324555320336759,-0.5714285714285714,-0.7,0.42857142857142855,
m1728_06_fill_holes_and_orientation.obj,m1728,Door,0,10,7,0,7,2437,0.17566714964980504,0.6845250213770919,0.4060099775588357,0.0,0,10,7,0,0.0,0.0,0.0,0.0,1.0,1.0,1.0,1.0,0.0,0.0,,,,-1.0,-1.0,-1.0,0.0,
m1729_06_fill_holes_and_orientation.obj,m1729,Door,1,9,6,0,7,2437,0.23978560741644356,0.4147359420171831,0.4478863916164464,0.2200917662980802,1,9,6,0,0.14285714285714285,0.0,0.1,0.0,0.8571428571428571,1.0,0.9,1.0,0.0625,0.0625,0.11764705882352941,0.10638297872340426,0.13157894736842102,-0.8783100656536799,-0.8571428571428572,-0.9,0.14285714285714285,
m1730_06_fill_holes_and_orientation.obj,m1730,Door,1,9,6,0,7,2437,0.24037382573806335,0.4149700720713383,0.44816912456858776,0.2200917662980802,1,9,6,0,0.14285714285714285,0.0,0.1,0.0,0.8571428571428571,1.0,0.9,1.0,0.0625,0.0625,0.11764705882352941,0.10638297872340426,0.13157894736842102,-0.8783100656536799,-0.8571428571428572,-0.9,0.14285714285714285,
m1731_06_fill_holes_and_orientation.obj,m1731,Door,0,10,7,0,7,2437,0.15363298500051556,0.6072722830734151,0.3951934493449234,0.0,0,10,7,0,0.0,0.0,0.0,0.0,1.0,1.0,1.0,1.0,0.0,0.0,,,,-1.0,-1.0,-1.0,0.0,
m1732_06_fill_holes_and_orientation.obj,m1732,Door,2,8,5,0,7,2437,0.29599743662643657,0.5602732195936316,0.47095319814470665,0.20511666732794362,2,8,5,0,0.2857142857142857,0.0,0.2,0.0,0.7142857142857143,1.0,0.8,1.0,0.13333333333333333,0.13333333333333333,0.23529411764705882,0.2127659574468085,0.26315789473684204,-0.7559289460184545,-0.7142857142857143,-0.8,0.2857142857142857,
D00026_06_fill_holes_and_orientation.obj,d00026,Drum,0,10,7,0,7,2437,0.01359049515846619,0.24907492055200034,0.2607293227678865,0.0,0,10,7,0,0.0,0.0,0.0,0.0,1.0,1.0,1.0,1.0,0.0,0.0,,,,-1.0,-1.0,-1.0,0.0,
D00063_06_fill_holes_and_orientation.obj,d00063,Drum,0,10,7,0,7,2437,0.09029990832702131,0.6911322972443515,0.3665306211011121,0.0,0,10,7,0,0.0,0.0,0.0,0.0,1.0,1.0,1.0,1.0,0.0,0.0,,,,-1.0,-1.0,-1.0,0.0,
D00115_06_fill_holes_and_orientation.obj,d00115,Drum,0,10,7,0,7,2437,0.053960122036162114,0.7322493578860302,0.3324624521507925,0.0,0,10,7,0,0.0,0.0,0.0,0.0,1.0,1.0,1.0,1.0,0.0,0.0,,,,-1.0,-1.0,-1.0,0.0,
D00163_06_fill_holes_and_orientation.obj,d00163,Drum,1,9,6,0,7,2437,0.17979562626125042,0.8136345827347525,0.42351802145416517,0.07336392209936006,1,9,6,0,0.14285714285714285,0.0,0.1,0.0,0.8571428571428571,1.0,0.9,1.0,0.0625,0.0625,0.11764705882352941,0.10638297872340426,0.13157894736842102,-0.8783100656536799,-0.8571428571428572,-0.9,0.14285714285714285,
D00189_06_fill_holes_and_orientation.obj,d00189,Drum,0,10,7,0,7,2437,0.015156070788340933,0.3111967263070828,0.26789257874221184,0.0,0,10,7,0,0.0,0.0,0.0,0.0,1.0,1.0,1.0,1.0,0.0,0.0,,,,-1.0,-1.0,-1.0,0.0,
D00193_06_fill_holes_and_orientation.obj,d00193,Drum,0,10,7,0,7,2437,0.10810011788195294,0.8528361847546908,0.37351245175100894,0.0,0,10,7,0,0.0,0.0,0.0,0.0,1.0,1.0,1.0,1.0,0.0,0.0,,,,-1.0,-1.0,-1.0,0.0,
D00297_06_fill_holes_and_orientation.obj,d00297,Drum,0,10,7,0,7,2437,0.028691455883690174,0.44249270819729225,0.2974461294464781,0.0,0,10,7,0,0.0,0.0,0.0,0.0,1.0,1.0,1.0,1.0,0.0,0.0,,,,-1.0,-1.0,-1.0,0.0,
D00298_06_fill_holes_and_orientation.obj,d00298,Drum,0,10,7,0,7,2437,0.01999993920839377,0.44945801227634846,0.2805649588819693,0.0,0,10,7,0,0.0,0.0,0.0,0.0,1.0,1.0,1.0,1.0,0.0,0.0,,,,-1.0,-1.0,-1.0,0.0,
D00308_06_fill_holes_and_orientation.obj,d00308,Drum,0,10,7,0,7,2437,0.1018102965137248,0.7636802925427714,0.37646177236692374,0.0,0,10,7,0,0.0,0.0,0.0,0.0,1.0,1.0,1.0,1.0,0.0,0.0,,,,-1.0,-1.0,-1.0,0.0,
D00375_06_fill_holes_and_orientation.obj,d00375,Drum,0,10,7,0,7,2437,0.04330395655003267,0.6606808584737277,0.31945216234704304,0.0,0,10,7,0,0.0,0.0,0.0,0.0,1.0,1.0,1.0,1.0,0.0,0.0,,,,-1.0,-1.0,-1.0,0.0,
D00383_06_fill_holes_and_orientation.obj,d00383,Drum,0,10,7,0,7,2437,0.029851427632738764,0.5354795176526925,0.3012411368577183,0.0,0,10,7,0,0.0,0.0,0.0,0.0,1.0,1.0,1.0,1.0,0.0,0.0,,,,-1.0,-1.0,-1.0,0.0,
D00404_06_fill_holes_and_orientation.obj,d00404,Drum,0,10,7,0,7,2437,0.06401539661159168,0.6583953680727874,0.3418413264081094,0.0,0,10,7,0,0.0,0.0,0.0,0.0,1.0,1.0,1.0,1.0,0.0,0.0,,,,-1.0,-1.0,-1.0,0.0,
D00551_06_fill_holes_and_orientation.obj,d00551,Drum,0,10,7,0,7,2437,0.058178073099125004,0.5767707108963476,0.3368577900931174,0.0,0,10,7,0,0.0,0.0,0.0,0.0,1.0,1.0,1.0,1.0,0.0,0.0,,,,-1.0,-1.0,-1.0,0.0,
D00557_06_fill_holes_and_orientation.obj,d00557,Drum,0,10,7,0,7,2437,0.03523234533928241,0.4385529580775761,0.3079862724504023,0.0,0,10,7,0,0.0,0.0,0.0,0.0,1.0,1.0,1.0,1.0,0.0,0.0,,,,-1.0,-1.0,-1.0,0.0,
D00596_06_fill_holes_and_orientation.obj,d00596,Drum,0,10,7,0,7,2437,0.06203896660521104,0.7447433720778374,0.342622217538931,0.0,0,10,7,0,0.0,0.0,0.0,0.0,1.0,1.0,1.0,1.0,0.0,0.0,,,,-1.0,-1.0,-1.0,0.0,
D00709_06_fill_holes_and_orientation.obj,d00709,Drum,0,10,7,0,7,2437,0.02948185029432961,0.614361586348004,0.2956885880298367,0.0,0,10,7,0,0.0,0.0,0.0,0.0,1.0,1.0,1.0,1.0,0.0,0.0,,,,-1.0,-1.0,-1.0,0.0,
D00939_06_fill_holes_and_orientation.obj,d00939,Drum,2,8,5,0,7,2437,0.20021483850495364,0.7389099299116277,0.4406077185908949,0.17993148201117182,2,8,5,0,0.2857142857142857,0.0,0.2,0.0,0.7142857142857143,1.0,0.8,1.0,0.13333333333333333,0.13333333333333333,0.23529411764705882,0.2127659574468085,0.26315789473684204,-0.7559289460184545,-0.7142857142857143,-0.8,0.2857142857142857,
D00951_06_fill_holes_and_orientation.obj,d00951,Drum,0,10,6,0,6,2437,0.13011800715285282,0.6864089504157416,0.3803267897124516,0.0,0,10,6,0,0.0,0.0,0.0,0.0,1.0,1.0,1.0,1.0,0.0,0.0,,,,-1.0,-1.0,-1.0,0.0,
D00980_06_fill_holes_and_orientation.obj,d00980,Drum,0,10,7,0,7,2437,0.05733770237933961,0.7259152844891386,0.33739029557224726,0.0,0,10,7,0,0.0,0.0,0.0,0.0,1.0,1.0,1.0,1.0,0.0,0.0,,,,-1.0,-1.0,-1.0,0.0,
D00982_06_fill_holes_and_orientation.obj,d00982,Drum,0,10,7,0,7,2437,0.10129754501334177,0.7671411780070523,0.37058321558654406,0.0,0,10,7,0,0.0,0.0,0.0,0.0,1.0,1.0,1.0,1.0,0.0,0.0,,,,-1.0,-1.0,-1.0,0.0,
D00012_06_fill_holes_and_orientation.obj,d00012,Fish,8,2,0,0,7,2437,1.6326804951355334,0.9830438378825477,0.8724803730697807,0.8701249883466594,8,2,0,0,1.0,0.0,0.8,,0.0,1.0,0.2,,0.8,0.8,0.888888888888889,0.8333333333333334,0.9523809523809523,,0.0,,1.0,
D00022_06_fill_holes_and_orientation.obj,d00022,Fish,8,2,0,0,7,2437,1.8141255711377424,0.9893996778546864,0.8998538109776614,0.8701249883466594,8,2,0,0,1.0,0.0,0.8,,0.0,1.0,0.2,,0.8,0.8,0.888888888888889,0.8333333333333334,0.9523809523809523,,0.0,,1.0,
D00024_06_fill_holes_and_orientation.obj,d00024,Fish,7,3,0,0,7,2437,1.3579365285130234,0.9703974576640112,0.8246209039073653,0.8006937664098821,7,3,0,0,1.0,0.0,0.7,,0.0,1.0,0.3,,0.7,0.7,0.8235294117647058,0.7446808510638298,0.9210526315789475,,0.0,,1.0,
D00030_06_fill_holes_and_orientation.obj,d00030,Fish,2,8,5,0,7,2437,0.6591071533921472,0.9749249053153978,0.6233473632553395,0.24890832702259466,2,8,5,0,0.2857142857142857,0.0,0.2,0.0,0.7142857142857143,1.0,0.8,1.0,0.13333333333333333,0.13333333333333333,0.23529411764705882,0.2127659574468085,0.26315789473684204,-0.7559289460184545,-0.7142857142857143,-0.8,0.2857142857142857,
D00142_06_fill_holes_and_orientation.obj,d00142,Fish,6,4,1,0,7,2437,1.3097846313970678,0.9845674981498411,0.8158957247969053,0.6722390270733758,6,4,1,0,0.8571428571428571,0.0,0.6,0.0,0.14285714285714285,1.0,0.4,1.0,0.5454545454545454,0.5454545454545454,0.7058823529411764,0.6382978723404255,0.7894736842105262,-0.23904572186687872,-0.1428571428571429,-0.4,0.8571428571428571,
D00165_06_fill_holes_and_orientation.obj,d00165,Fish,7,3,0,0,7,2437,1.5765247674301297,0.9872230203299813,0.8647201115454354,0.7788065869851875,7,3,0,0,1.0,0.0,0.7,,0.0,1.0,0.3,,0.7,0.7,0.8235294117647058,0.7446808510638298,0.9210526315789475,,0.0,,1.0,
D00251_06_fill_holes_and_orientation.obj,d00251,Fish,2,8,5,0,7,2437,0.5116490632073295,0.9684384658917766,0.5764806305058302,0.2122263659729146,2,8,5,0,0.2857142857142857,0.0,0.2,0.0,0.7142857142857143,1.0,0.8,1.0,0.13333333333333333,0.13333333333333333,0.23529411764705882,0.2127659574468085,0.26315789473684204,-0.7559289460184545,-0.7142857142857143,-0.8,0.2857142857142857,
D00293_06_fill_holes_and_orientation.obj,d00293,Fish,7,3,0,0,7,2437,1.682835318626024,0.9910757041487093,0.8809319097113262,0.7818048722226502,7,3,0,0,1.0,0.0,0.7,,0.0,1.0,0.3,,0.7,0.7,0.8235294117647058,0.7446808510638298,0.9210526315789475,,0.0,,1.0,
D00351_06_fill_holes_and_orientation.obj,d00351,Fish,5,5,2,0,7,2437,0.536752304679107,0.9365286665796004,0.5630244587024434,0.3889808495016982,5,5,2,0,0.7142857142857143,0.0,0.5,0.0,0.2857142857142857,1.0,0.5,1.0,0.4166666666666667,0.4166666666666667,0.588235294117647,0.5319148936170213,0.6578947368421053,-0.37796447300922725,-0.2857142857142857,-0.5,0.7142857142857143,
D00398_06_fill_holes_and_orientation.obj,d00398,Fish,7,3,0,0,7,2437,1.3204734931803401,0.9696356275303645,0.8173185015443509,0.7849818707050383,7,3,0,0,1.0,0.0,0.7,,0.0,1.0,0.3,,0.7,0.7,0.8235294117647058,0.7446808510638298,0.9210526315789475,,0.0,,1.0,
D00450_06_fill_holes_and_orientation.obj,d00450,Fish,5,5,2,0,7,2437,1.0825773977897035,0.9759914675025032,0.773947222526535,0.6020521034564039,5,5,2,0,0.7142857142857143,0.0,0.5,0.0,0.2857142857142857,1.0,0.5,1.0,0.4166666666666667,0.4166666666666667,0.588235294117647,0.5319148936170213,0.6578947368421053,-0.37796447300922725,-0.2857142857142857,-0.5,0.7142857142857143,
D00535_06_fill_holes_and_orientation.obj,d00535,Fish,3,7,4,0,7,2437,0.27717300849358556,0.8874015062470071,0.49401347186558264,0.2784805894273037,3,7,4,0,0.42857142857142855,0.0,0.3,0.0,0.5714285714285714,1.0,0.7,1.0,0.21428571428571427,0.21428571428571427,0.3529411764705882,0.3191489361702127,0.3947368421052631,-0.6324555320336759,-0.5714285714285714,-0.7,0.42857142857142855,
D00633_06_fill_holes_and_orientation.obj,d00633,Fish,9,1,0,0,7,2437,1.6341063329941752,0.9826520395281008,0.8720791420982722,0.9305687780632229,9,1,0,0,1.0,0.0,0.9,,0.0,1.0,0.1,,0.9,0.9,0.9473684210526316,0.9183673469387754,0.9782608695652175,,0.0,,1.0,
D00636_06_fill_holes_and_orientation.obj,d00636,Fish,7,3,0,0,7,2437,1.6786638317218545,0.9907492055200036,0.8831164426517538,0.7967610662472993,7,3,0,0,1.0,0.0,0.7,,0.0,1.0,0.3,,0.7,0.7,0.8235294117647058,0.7446808510638298,0.9210526315789475,,0.0,,1.0,
D00643_06_fill_holes_and_orientation.obj,d00643,Fish,5,5,2,0,7,2437,0.9205599466866758,0.9673501371294242,0.7276419736482277,0.5631102580041939,5,5,2,0,0.7142857142857143,0.0,0.5,0.0,0.2857142857142857,1.0,0.5,1.0,0.4166666666666667,0.4166666666666667,0.588235294117647,0.5319148936170213,0.6578947368421053,-0.37796447300922725,-0.2857142857142857,-0.5,0.7142857142857143,
D00682_06_fill_holes_and_orientation.obj,d00682,Fish,5,5,2,0,7,2437,1.0235234280040628,0.9808889469330896,0.753074758296232,0.5834330535576522,5,5,2,0,0.7142857142857143,0.0,0.5,0.0,0.2857142857142857,1.0,0.5,1.0,0.4166666666666667,0.4166666666666667,0.588235294117647,0.5319148936170213,0.6578947368421053,-0.37796447300922725,-0.2857142857142857,-0.5,0.7142857142857143,
D00748_06_fill_holes_and_orientation.obj,d00748,Fish,9,1,0,0,7,2437,1.4782153552668351,0.9744025075094686,0.8444529606665708,0.9305687780632229,9,1,0,0,1.0,0.0,0.9,,0.0,1.0,0.1,,0.9,0.9,0.9473684210526316,0.9183673469387754,0.9782608695652175,,0.0,,1.0,
D00763_06_fill_holes_and_orientation.obj,d00763,Fish,5,5,2,0,7,2437,1.0914118587840824,0.9804318488529016,0.7812045072589775,0.6300426811446147,5,5,2,0,0.7142857142857143,0.0,0.5,0.0,0.2857142857142857,1.0,0.5,1.0,0.4166666666666667,0.4166666666666667,0.588235294117647,0.5319148936170213,0.6578947368421053,-0.37796447300922725,-0.2857142857142857,-0.5,0.7142857142857143,
D00850_06_fill_holes_and_orientation.obj,d00850,Fish,7,3,0,0,7,2437,1.4814535274586333,0.9892690784032041,0.8527109756303531,0.7849818707050383,7,3,0,0,1.0,0.0,0.7,,0.0,1.0,0.3,,0.7,0.7,0.8235294117647058,0.7446808510638298,0.9210526315789475,,0.0,,1.0,
D00950_06_fill_holes_and_orientation.obj,d00950,Fish,4,6,3,0,7,2437,0.5509057039486172,0.9113229724435158,0.6301301483249687,0.5036067026046992,4,6,3,0,0.5714285714285714,0.0,0.4,0.0,0.42857142857142855,1.0,0.6,1.0,0.3076923076923077,0.3076923076923077,0.47058823529411764,0.425531914893617,0.5263157894736841,-0.50709255283711,-0.4285714285714286,-0.6,0.5714285714285714,
D00028_06_fill_holes_and_orientation.obj,d00028,FloorLamp,0,10,7,0,7,2437,0.06480399234663702,0.7205760464152507,0.3430149504186013,0.0,0,10,7,0,0.0,0.0,0.0,0.0,1.0,1.0,1.0,1.0,0.0,0.0,,,,-1.0,-1.0,-1.0,0.0,
D00093_06_fill_holes_and_orientation.obj,d00093,FloorLamp,1,9,6,0,7,2437,0.10887259970198233,0.7398293963254594,0.3856606494755888,0.07839826897867534,1,9,6,0,0.14285714285714285,0.0,0.1,0.0,0.8571428571428571,1.0,0.9,1.0,0.0625,0.0625,0.11764705882352941,0.10638297872340426,0.13157894736842102,-0.8783100656536799,-0.8571428571428572,-0.9,0.14285714285714285,
D00186_06_fill_holes_and_orientation.obj,d00186,FloorLamp,0,10,6,0,6,2437,0.11974068960920281,0.7726377952755906,0.3732533249367891,0.0,0,10,6,0,0.0,0.0,0.0,0.0,1.0,1.0,1.0,1.0,0.0,0.0,,,,-1.0,-1.0,-1.0,0.0,
D00211_06_fill_holes_and_orientation.obj,d00211,FloorLamp,0,10,7,0,7,2437,0.08304184005258396,0.7447851913247686,0.3621875057212845,0.0,0,10,7,0,0.0,0.0,0.0,0.0,1.0,1.0,1.0,1.0,0.0,0.0,,,,-1.0,-1.0,-1.0,0.0,
D00228_06_fill_holes_and_orientation.obj,d00228,FloorLamp,0,10,7,0,7,2437,0.07931433786955007,0.7497755214808676,0.35747660824225275,0.0,0,10,7,0,0.0,0.0,0.0,0.0,1.0,1.0,1.0,1.0,0.0,0.0,,,,-1.0,-1.0,-1.0,0.0,
D00388_06_fill_holes_and_orientation.obj,d00388,FloorLamp,1,9,6,0,7,2437,0.13282693365630796,0.7888520513883133,0.4011753392166684,0.09478836436955079,1,9,6,0,0.14285714285714285,0.0,0.1,0.0,0.8571428571428571,1.0,0.9,1.0,0.0625,0.0625,0.11764705882352941,0.10638297872340426,0.13157894736842102,-0.8783100656536799,-0.8571428571428572,-0.9,0.14285714285714285,
D00400_06_fill_holes_and_orientation.obj,d00400,FloorLamp,0,10,7,0,7,2437,0.0842949366274702,0.7515022793203481,0.3639615270079443,0.0,0,10,7,0,0.0,0.0,0.0,0.0,1.0,1.0,1.0,1.0,0.0,0.0,,,,-1.0,-1.0,-1.0,0.0,
D00408_06_fill_holes_and_orientation.obj,d00408,FloorLamp,0,10,7,0,7,2437,0.07988586836504341,0.7479969609062025,0.35691426182419794,0.0,0,10,7,0,0.0,0.0,0.0,0.0,1.0,1.0,1.0,1.0,0.0,0.0,,,,-1.0,-1.0,-1.0,0.0,
D00447_06_fill_holes_and_orientation.obj,d00447,FloorLamp,1,9,6,0,7,2437,0.15823454187192895,0.7708246995441359,0.42112340592716346,0.13886244387355456,1,9,6,0,0.14285714285714285,0.0,0.1,0.0,0.8571428571428571,1.0,0.9,1.0,0.0625,0.0625,0.11764705882352941,0.10638297872340426,0.13157894736842102,-0.8783100656536799,-0.8571428571428572,-0.9,0.14285714285714285,
D00495_06_fill_holes_and_orientation.obj,d00495,FloorLamp,0,10,7,0,7,2437,0.050711826825846566,0.6868524658101948,0.3221131483031399,0.0,0,10,7,0,0.0,0.0,0.0,0.0,1.0,1.0,1.0,1.0,0.0,0.0,,,,-1.0,-1.0,-1.0,0.0,
D00563_06_fill_holes_and_orientation.obj,d00563,FloorLamp,0,10,7,0,7,2437,0.10164019924891743,0.7603778146152784,0.37550591221028995,0.0,0,10,7,0,0.0,0.0,0.0,0.0,1.0,1.0,1.0,1.0,0.0,0.0,,,,-1.0,-1.0,-1.0,0.0,
D00580_06_fill_holes_and_orientation.obj,d00580,FloorLamp,0,10,7,0,7,2437,0.06799003560458591,0.7348390661693605,0.345892132168146,0.0,0,10,7,0,0.0,0.0,0.0,0.0,1.0,1.0,1.0,1.0,0.0,0.0,,,,-1.0,-1.0,-1.0,0.0,
D00740_06_fill_holes_and_orientation.obj,d00740,FloorLamp,1,9,6,0,7,2437,0.18002256692198884,0.7772655062853986,0.4327853262214463,0.1100458831490401,1,9,6,0,0.14285714285714285,0.0,0.1,0.0,0.8571428571428571,1.0,0.9,1.0,0.0625,0.0625,0.11764705882352941,0.10638297872340426,0.13157894736842102,-0.8783100656536799,-0.8571428571428572,-0.9,0.14285714285714285,
D00856_06_fill_holes_and_orientation.obj,d00856,FloorLamp,1,9,6,0,7,2437,0.14373344470695168,0.7652472717226135,0.411223133328865,0.1100458831490401,1,9,6,0,0.14285714285714285,0.0,0.1,0.0,0.8571428571428571,1.0,0.9,1.0,0.0625,0.0625,0.11764705882352941,0.10638297872340426,0.13157894736842102,-0.8783100656536799,-0.8571428571428572,-0.9,0.14285714285714285,
D00875_06_fill_holes_and_orientation.obj,d00875,FloorLamp,0,10,7,0,7,2437,0.03550300665571878,0.5523898328498411,0.3048580276124115,0.0,0,10,7,0,0.0,0.0,0.0,0.0,1.0,1.0,1.0,1.0,0.0,0.0,,,,-1.0,-1.0,-1.0,0.0,
D00876_06_fill_holes_and_orientation.obj,d00876,FloorLamp,0,10,7,0,7,2437,0.03914566755700134,0.5620769443293272,0.3157381140280682,0.0,0,10,7,0,0.0,0.0,0.0,0.0,1.0,1.0,1.0,1.0,0.0,0.0,,,,-1.0,-1.0,-1.0,0.0,
D00888_06_fill_holes_and_orientation.obj,d00888,FloorLamp,0,10,7,0,7,2437,0.05295468666235232,0.6897534189805221,0.32421579015865426,0.0,0,10,7,0,0.0,0.0,0.0,0.0,1.0,1.0,1.0,1.0,0.0,0.0,,,,-1.0,-1.0,-1.0,0.0,
D00924_06_fill_holes_and_orientation.obj,d00924,FloorLamp,1,9,6,0,7,2437,0.174268410554068,0.8131993369249897,0.42059438388160614,0.07336392209936006,1,9,6,0,0.14285714285714285,0.0,0.1,0.0,0.8571428571428571,1.0,0.9,1.0,0.0625,0.0625,0.11764705882352941,0.10638297872340426,0.13157894736842102,-0.8783100656536799,-0.8571428571428572,-0.9,0.14285714285714285,
D00955_06_fill_holes_and_orientation.obj,d00955,FloorLamp,2,8,5,0,7,2437,0.18302667010884038,0.7677856057466501,0.42621699212941044,0.15850703974098107,2,8,5,0,0.2857142857142857,0.0,0.2,0.0,0.7142857142857143,1.0,0.8,1.0,0.13333333333333333,0.13333333333333333,0.23529411764705882,0.2127659574468085,0.26315789473684204,-0.7559289460184545,-0.7142857142857143,-0.8,0.2857142857142857,
D00981_06_fill_holes_and_orientation.obj,d00981,FloorLamp,0,10,7,0,7,2437,0.04963505256533568,0.6771998894874983,0.3229189960363152,0.0,0,10,7,0,0.0,0.0,0.0,0.0,1.0,1.0,1.0,1.0,0.0,0.0,,,,-1.0,-1.0,-1.0,0.0,
m617_06_fill_holes_and_orientation.obj,m617,FloorLamp,0,10,7,0,7,2437,0.04785851165317696,0.6672882994888797,0.31973619931545705,0.0,0,10,7,0,0.0,0.0,0.0,0.0,1.0,1.0,1.0,1.0,0.0,0.0,,,,-1.0,-1.0,-1.0,0.0,
m618_06_fill_holes_and_orientation.obj,m618,FloorLamp,0,10,7,0,7,2437,0.05188009089640155,0.6543894184279596,0.3314546733934869,0.0,0,10,7,0,0.0,0.0,0.0,0.0,1.0,1.0,1.0,1.0,0.0,0.0,,,,-1.0,-1.0,-1.0,0.0,
m619_06_fill_holes_and_orientation.obj,m619,FloorLamp,0,10,7,0,7,2437,0.035665225892369,0.5530460008288438,0.3051459472570048,0.0,0,10,7,0,0.0,0.0,0.0,0.0,1.0,1.0,1.0,1.0,0.0,0.0,,,,-1.0,-1.0,-1.0,0.0,
m620_06_fill_holes_and_orientation.obj,m620,FloorLamp,0,10,7,0,7,2437,0.05359619708873749,0.6987498273242161,0.32589028922155305,0.0,0,10,7,0,0.0,0.0,0.0,0.0,1.0,1.0,1.0,1.0,0.0,0.0,,,,-1.0,-1.0,-1.0,0.0,
m621_06_fill_holes_and_orientation.obj,m621,FloorLamp,0,10,7,0,7,2437,0.05560760298569011,0.6811023622047244,0.33392015311279577,0.0,0,10,7,0,0.0,0.0,0.0,0.0,1.0,1.0,1.0,1.0,0.0,0.0,,,,-1.0,-1.0,-1.0,0.0,
D00050_06_fill_holes_and_orientation.obj,d00050,Glasses,2,8,5,0,7,2437,0.4730288702521723,0.8465160075329567,0.5987512860985181,0.314880130667631,2,8,5,0,0.2857142857142857,0.0,0.2,0.0,0.7142857142857143,1.0,0.8,1.0,0.13333333333333333,0.13333333333333333,0.23529411764705882,0.2127659574468085,0.26315789473684204,-0.7559289460184545,-0.7142857142857143,-0.8,0.2857142857142857,
D00201_06_fill_holes_and_orientation.obj,d00201,Glasses,4,6,3,0,7,2437,0.8839395931945179,0.9384272656285884,0.7365073673340514,0.5541432109622959,4,6,3,0,0.5714285714285714,0.0,0.4,0.0,0.42857142857142855,1.0,0.6,1.0,0.3076923076923077,0.3076923076923077,0.47058823529411764,0.425531914893617,0.5263157894736841,-0.50709255283711,-0.4285714285714286,-0.6,0.5714285714285714,
D00225_06_fill_holes_and_orientation.obj,d00225,Glasses,3,7,4,0,7,2437,0.7473692763786258,0.9148408433236874,0.6972956502196848,0.46900009332067494,3,7,4,0,0.42857142857142855,0.0,0.3,0.0,0.5714285714285714,1.0,0.7,1.0,0.21428571428571427,0.21428571428571427,0.3529411764705882,0.3191489361702127,0.3947368421052631,-0.6324555320336759,-0.5714285714285714,-0.7,0.42857142857142855,
D00432_06_fill_holes_and_orientation.obj,d00432,Glasses,3,7,4,0,7,2437,0.289978695949228,0.8069450186027283,0.48090467503398976,0.24618570546556087,3,7,4,0,0.42857142857142855,0.0,0.3,0.0,0.5714285714285714,1.0,0.7,1.0,0.21428571428571427,0.21428571428571427,0.3529411764705882,0.3191489361702127,0.3947368421052631,-0.6324555320336759,-0.5714285714285714,-0.7,0.42857142857142855,
D00475_06_fill_holes_and_orientation.obj,d00475,Glasses,0,10,7,0,7,2437,0.03143704673905375,0.4864498644986449,0.29954084853814933,0.0,0,10,7,0,0.0,0.0,0.0,0.0,1.0,1.0,1.0,1.0,0.0,0.0,,,,-1.0,-1.0,-1.0,0.0,
D00507_06_fill_holes_and_orientation.obj,d00507,Glasses,2,8,5,0,7,2437,0.4696335809482923,0.8465849065270313,0.5973997858347215,0.314880130667631,2,8,5,0,0.2857142857142857,0.0,0.2,0.0,0.7142857142857143,1.0,0.8,1.0,0.13333333333333333,0.13333333333333333,0.23529411764705882,0.2127659574468085,0.26315789473684204,-0.7559289460184545,-0.7142857142857143,-0.8,0.2857142857142857,
D00560_06_fill_holes_and_orientation.obj,d00560,Glasses,0,10,7,0,7,2437,0.03456750971127907,0.4616462266317578,0.30259285120717416,0.0,0,10,7,0,0.0,0.0,0.0,0.0,1.0,1.0,1.0,1.0,0.0,0.0,,,,-1.0,-1.0,-1.0,0.0,
D00575_06_fill_holes_and_orientation.obj,d00575,Glasses,6,4,1,0,7,2437,0.7433289500593595,0.923131688944008,0.6407552844775961,0.5278432933752527,6,4,1,0,0.8571428571428571,0.0,0.6,0.0,0.14285714285714285,1.0,0.4,1.0,0.5454545454545454,0.5454545454545454,0.7058823529411764,0.6382978723404255,0.7894736842105262,-0.23904572186687872,-0.1428571428571429,-0.4,0.8571428571428571,
D00630_06_fill_holes_and_orientation.obj,d00630,Glasses,3,7,4,0,7,2437,0.5019741134347531,0.9206742914886775,0.5808865751962721,0.2972715964420571,3,7,4,0,0.42857142857142855,0.0,0.3,0.0,0.5714285714285714,1.0,0.7,1.0,0.21428571428571427,0.21428571428571427,0.3529411764705882,0.3191489361702127,0.3947368421052631,-0.6324555320336759,-0.5714285714285714,-0.7,0.42857142857142855,
D00640_06_fill_holes_and_orientation.obj,d00640,Glasses,3,7,4,0,7,2437,0.5687470056831644,0.8418768085985944,0.6364486428745798,0.4225749983705865,3,7,4,0,0.42857142857142855,0.0,0.3,0.0,0.5714285714285714,1.0,0.7,1.0,0.21428571428571427,0.21428571428571427,0.3529411764705882,0.3191489361702127,0.3947368421052631,-0.6324555320336759,-0.5714285714285714,-0.7,0.42857142857142855,
D00656_06_fill_holes_and_orientation.obj,d00656,Glasses,0,10,7,0,7,2437,0.022363268968566875,0.4330531440907629,0.2844975714053014,0.0,0,10,7,0,0.0,0.0,0.0,0.0,1.0,1.0,1.0,1.0,0.0,0.0,,,,-1.0,-1.0,-1.0,0.0,
D00660_06_fill_holes_and_orientation.obj,d00660,Glasses,3,7,4,0,7,2437,0.5261152936974937,0.9122456478802076,0.6273551804143668,0.40350157154648036,3,7,4,0,0.42857142857142855,0.0,0.3,0.0,0.5714285714285714,1.0,0.7,1.0,0.21428571428571427,0.21428571428571427,0.3529411764705882,0.3191489361702127,0.3947368421052631,-0.6324555320336759,-0.5714285714285714,-0.7,0.42857142857142855,
D00717_06_fill_holes_and_orientation.obj,d00717,Glasses,2,8,5,0,7,2437,0.2401888733219252,0.8940333471131321,0.4715631975640647,0.17630010660342915,2,8,5,0,0.2857142857142857,0.0,0.2,0.0,0.7142857142857143,1.0,0.8,1.0,0.13333333333333333,0.13333333333333333,0.23529411764705882,0.2127659574468085,0.26315789473684204,-0.7559289460184545,-0.7142857142857143,-0.8,0.2857142857142857,
D00730_06_fill_holes_and_orientation.obj,d00730,Glasses,3,7,4,0,7,2437,0.24548146314273236,0.7492765605622158,0.4505330223180978,0.22716217481924805,3,7,4,0,0.42857142857142855,0.0,0.3,0.0,0.5714285714285714,1.0,0.7,1.0,0.21428571428571427,0.21428571428571427,0.3529411764705882,0.3191489361702127,0.3947368421052631,-0.6324555320336759,-0.5714285714285714,-0.7,0.42857142857142855,
D00813_06_fill_holes_and_orientation.obj,d00813,Glasses,4,6,3,0,7,2437,0.6970239382959337,0.9328923797712553,0.6395763107546386,0.4034826666009929,4,6,3,0,0.5714285714285714,0.0,0.4,0.0,0.42857142857142855,1.0,0.6,1.0,0.3076923076923077,0.3076923076923077,0.47058823529411764,0.425531914893617,0.5263157894736841,-0.50709255283711,-0.4285714285714286,-0.6,0.5714285714285714,
D00816_06_fill_holes_and_orientation.obj,d00816,Glasses,5,5,2,0,7,2437,1.0092949146714405,0.9429745992375177,0.7651085561579415,0.627507133061656,5,5,2,0,0.7142857142857143,0.0,0.5,0.0,0.2857142857142857,1.0,0.5,1.0,0.4166666666666667,0.4166666666666667,0.588235294117647,0.5319148936170213,0.6578947368421053,-0.37796447300922725,-0.2857142857142857,-0.5,0.7142857142857143,
D00877_06_fill_holes_and_orientation.obj,d00877,Glasses,5,5,2,0,7,2437,0.8148618733872297,0.9327545817831059,0.716208362487907,0.5887498202463202,5,5,2,0,0.7142857142857143,0.0,0.5,0.0,0.2857142857142857,1.0,0.5,1.0,0.4166666666666667,0.4166666666666667,0.588235294117647,0.5319148936170213,0.6578947368421053,-0.37796447300922725,-0.2857142857142857,-0.5,0.7142857142857143,
D00883_06_fill_holes_and_orientation.obj,d00883,Glasses,7,3,0,0,7,2437,0.9407793025485222,0.9413210233797252,0.7281080026871579,0.6848374495230164,7,3,0,0,1.0,0.0,0.7,,0.0,1.0,0.3,,0.7,0.7,0.8235294117647058,0.7446808510638298,0.9210526315789475,,0.0,,1.0,
D00994_06_fill_holes_and_orientation.obj,d00994,Glasses,0,10,7,0,7,2437,0.10992682760338433,0.7439713380184649,0.37540106647531457,0.0,0,10,7,0,0.0,0.0,0.0,0.0,1.0,1.0,1.0,1.0,0.0,0.0,,,,-1.0,-1.0,-1.0,0.0,
D00023_06_fill_holes_and_orientation.obj,d00023,Guitar,3,7,4,0,7,2437,0.32946734594842547,0.8231248095424666,0.5124594451055681,0.28669193478900723,3,7,4,0,0.42857142857142855,0.0,0.3,0.0,0.5714285714285714,1.0,0.7,1.0,0.21428571428571427,0.21428571428571427,0.3529411764705882,0.3191489361702127,0.3947368421052631,-0.6324555320336759,-0.5714285714285714,-0.7,0.42857142857142855,
D00041_06_fill_holes_and_orientation.obj,d00041,Guitar,2,8,5,0,7,2437,0.3964097397367777,0.8265639284315006,0.5668591328648414,0.3301376494471203,2,8,5,0,0.2857142857142857,0.0,0.2,0.0,0.7142857142857143,1.0,0.8,1.0,0.13333333333333333,0.13333333333333333,0.23529411764705882,0.2127659574468085,0.26315789473684204,-0.7559289460184545,-0.7142857142857143,-0.8,0.2857142857142857,
D00076_06_fill_holes_and_orientation.obj,d00076,Guitar,0,10,7,0,7,2437,0.028400348993541585,0.530124940141918,0.29752337101234055,0.0,0,10,7,0,0.0,0.0,0.0,0.0,1.0,1.0,1.0,1.0,0.0,0.0,,,,-1.0,-1.0,-1.0,0.0,
D00097_06_fill_holes_and_orientation.obj,d00097,Guitar,1,9,6,0,7,2437,0.22064268086628,0.8099560315180009,0.451910121190046,0.1100458831490401,1,9,6,0,0.14285714285714285,0.0,0.1,0.0,0.8571428571428571,1.0,0.9,1.0,0.0625,0.0625,0.11764705882352941,0.10638297872340426,0.13157894736842102,-0.8783100656536799,-0.8571428571428572,-0.9,0.14285714285714285,
D00124_06_fill_holes_and_orientation.obj,d00124,Guitar,3,7,4,0,7,2437,0.43956404657070214,0.8580601628139828,0.5300040331824418,0.2394408568026152,3,7,4,0,0.42857142857142855,0.0,0.3,0.0,0.5714285714285714,1.0,0.7,1.0,0.21428571428571427,0.21428571428571427,0.3529411764705882,0.3191489361702127,0.3947368421052631,-0.6324555320336759,-0.5714285714285714,-0.7,0.42857142857142855,
D00222_06_fill_holes_and_orientation.obj,d00222,Guitar,1,9,6,0,7,2437,0.08410849352388763,0.7574115188716207,0.36390831709331983,0.06943122193677728,1,9,6,0,0.14285714285714285,0.0,0.1,0.0,0.8571428571428571,1.0,0.9,1.0,0.0625,0.0625,0.11764705882352941,0.10638297872340426,0.13157894736842102,-0.8783100656536799,-0.8571428571428572,-0.9,0.14285714285714285,
D00232_06_fill_holes_and_orientation.obj,d00232,Guitar,0,10,7,0,7,2437,0.0397423571833044,0.5860650385268381,0.3155838191817831,0.0,0,10,7,0,0.0,0.0,0.0,0.0,1.0,1.0,1.0,1.0,0.0,0.0,,,,-1.0,-1.0,-1.0,0.0,
D00335_06_fill_holes_and_orientation.obj,d00335,Guitar,0,10,7,0,7,2437,0.01858927194582594,0.4470419224239258,0.2746202518352023,0.0,0,10,7,0,0.0,0.0,0.0,0.0,1.0,1.0,1.0,1.0,0.0,0.0,,,,-1.0,-1.0,-1.0,0.0,
D00374_06_fill_holes_and_orientation.obj,d00374,Guitar,0,10,7,0,7,2437,0.050788473399185706,0.693918418875974,0.3285259457247049,0.0,0,10,7,0,0.0,0.0,0.0,0.0,1.0,1.0,1.0,1.0,0.0,0.0,,,,-1.0,-1.0,-1.0,0.0,
D00414_06_fill_holes_and_orientation.obj,d00414,Guitar,0,10,7,0,7,2437,0.0586323869553569,0.7547124635409864,0.3322671531145994,0.0,0,10,7,0,0.0,0.0,0.0,0.0,1.0,1.0,1.0,1.0,0.0,0.0,,,,-1.0,-1.0,-1.0,0.0,
D00416_06_fill_holes_and_orientation.obj,d00416,Guitar,2,8,5,0,7,2437,0.174056629227154,0.7849680031343869,0.4247476751225636,0.14876390584057272,2,8,5,0,0.2857142857142857,0.0,0.2,0.0,0.7142857142857143,1.0,0.8,1.0,0.13333333333333333,0.13333333333333333,0.23529411764705882,0.2127659574468085,0.26315789473684204,-0.7559289460184545,-0.7142857142857143,-0.8,0.2857142857142857,
D00461_06_fill_holes_and_orientation.obj,d00461,Guitar,1,9,6,0,7,2437,0.23098238446536543,0.8017064994993688,0.46896811434060803,0.13886244387355456,1,9,6,0,0.14285714285714285,0.0,0.1,0.0,0.8571428571428571,1.0,0.9,1.0,0.0625,0.0625,0.11764705882352941,0.10638297872340426,0.13157894736842102,-0.8783100656536799,-0.8571428571428572,-0.9,0.14285714285714285,
D00464_06_fill_holes_and_orientation.obj,d00464,Guitar,1,9,6,0,7,2437,0.13054242138321037,0.7447433720778373,0.4048692066639212,0.13886244387355456,1,9,6,0,0.14285714285714285,0.0,0.1,0.0,0.8571428571428571,1.0,0.9,1.0,0.0625,0.0625,0.11764705882352941,0.10638297872340426,0.13157894736842102,-0.8783100656536799,-0.8571428571428572,-0.9,0.14285714285714285,
D00494_06_fill_holes_and_orientation.obj,d00494,Guitar,2,8,5,0,7,2437,0.2143579328316018,0.8150276435505637,0.4414640659769662,0.14279514403613736,2,8,5,0,0.2857142857142857,0.0,0.2,0.0,0.7142857142857143,1.0,0.8,1.0,0.13333333333333333,0.13333333333333333,0.23529411764705882,0.2127659574468085,0.26315789473684204,-0.7559289460184545,-0.7142857142857143,-0.8,0.2857142857142857,
D00534_06_fill_holes_and_orientation.obj,d00534,Guitar,0,10,7,0,7,2437,0.023456726745341792,0.5065952722998563,0.2883323020508468,0.0,0,10,7,0,0.0,0.0,0.0,0.0,1.0,1.0,1.0,1.0,0.0,0.0,,,,-1.0,-1.0,-1.0,0.0,
D00549_06_fill_holes_and_orientation.obj,d00549,Guitar,1,9,6,0,7,2437,0.24440793441281555,0.826759827608724,0.448463945893757,0.06625422345438904,1,9,6,0,0.14285714285714285,0.0,0.1,0.0,0.8571428571428571,1.0,0.9,1.0,0.0625,0.0625,0.11764705882352941,0.10638297872340426,0.13157894736842102,-0.8783100656536799,-0.8571428571428572,-0.9,0.14285714285714285,
D00645_06_fill_holes_and_orientation.obj,d00645,Guitar,3,7,4,0,7,2437,0.2921207662288591,0.8076487745418135,0.496207259564075,0.29062463495159,3,7,4,0,0.42857142857142855,0.0,0.3,0.0,0.5714285714285714,1.0,0.7,1.0,0.21428571428571427,0.21428571428571427,0.3529411764705882,0.3191489361702127,0.3947368421052631,-0.6324555320336759,-0.5714285714285714,-0.7,0.42857142857142855,
D00655_06_fill_holes_and_orientation.obj,d00655,Guitar,0,10,7,0,7,2437,0.18776398539982184,0.8670715249662617,0.4173999183404216,0.0,0,10,7,0,0.0,0.0,0.0,0.0,1.0,1.0,1.0,1.0,0.0,0.0,,,,-1.0,-1.0,-1.0,0.0,
D00844_06_fill_holes_and_orientation.obj,d00844,Guitar,0,10,6,0,6,2437,0.04778913682288816,0.6935483870967741,0.3142152747415274,0.0,0,10,6,0,0.0,0.0,0.0,0.0,1.0,1.0,1.0,1.0,0.0,0.0,,,,-1.0,-1.0,-1.0,0.0,
D00849_06_fill_holes_and_orientation.obj,d00849,Guitar,0,10,7,0,7,2437,0.0568717134408275,0.7349919463671586,0.3318082565990922,0.0,0,10,7,0,0.0,0.0,0.0,0.0,1.0,1.0,1.0,1.0,0.0,0.0,,,,-1.0,-1.0,-1.0,0.0,
D00103_06_fill_holes_and_orientation.obj,d00103,Gun,1,9,6,0,7,2437,0.5853124315914597,0.7532950022114109,0.5391910009807314,0.2200917662980802,1,9,6,0,0.14285714285714285,0.0,0.1,0.0,0.8571428571428571,1.0,0.9,1.0,0.0625,0.0625,0.11764705882352941,0.10638297872340426,0.13157894736842102,-0.8783100656536799,-0.8571428571428572,-0.9,0.14285714285714285,
D00137_06_fill_holes_and_orientation.obj,d00137,Gun,2,8,5,0,7,2437,0.6643389348394694,0.8047692761315053,0.5311989286719938,0.16104258782393985,2,8,5,0,0.2857142857142857,0.0,0.2,0.0,0.7142857142857143,1.0,0.8,1.0,0.13333333333333333,0.13333333333333333,0.23529411764705882,0.2127659574468085,0.26315789473684204,-0.7559289460184545,-0.7142857142857143,-0.8,0.2857142857142857,
D00140_06_fill_holes_and_orientation.obj,d00140,Gun,4,6,3,0,7,2437,1.103207654387228,0.8024104378593543,0.6085203835922188,0.3909273842002217,4,6,3,0,0.5714285714285714,0.0,0.4,0.0,0.42857142857142855,1.0,0.6,1.0,0.3076923076923077,0.3076923076923077,0.47058823529411764,0.425531914893617,0.5263157894736841,-0.50709255283711,-0.4285714285714286,-0.6,0.5714285714285714,
D00153_06_fill_holes_and_orientation.obj,d00153,Gun,0,10,7,0,7,2437,0.5416379307055628,0.7947884416924664,0.4922890980371871,0.0,0,10,7,0,0.0,0.0,0.0,0.0,1.0,1.0,1.0,1.0,0.0,0.0,,,,-1.0,-1.0,-1.0,0.0,
D00161_06_fill_holes_and_orientation.obj,d00161,Gun,0,10,7,0,7,2437,0.19268259763213938,0.5345643520566121,0.4134256522703453,0.0,0,10,7,0,0.0,0.0,0.0,0.0,1.0,1.0,1.0,1.0,0.0,0.0,,,,-1.0,-1.0,-1.0,0.0,
D00204_06_fill_holes_and_orientation.obj,d00204,Gun,1,9,6,0,7,2437,0.41573335581626863,0.6950243255196815,0.48876594384767724,0.09478836436955079,1,9,6,0,0.14285714285714285,0.0,0.1,0.0,0.8571428571428571,1.0,0.9,1.0,0.0625,0.0625,0.11764705882352941,0.10638297872340426,0.13157894736842102,-0.8783100656536799,-0.8571428571428572,-0.9,0.14285714285714285,
D00207_06_fill_holes_and_orientation.obj,d00207,Gun,1,9,6,0,7,2437,0.38183845615288875,0.5912649270234409,0.4917570123246734,0.2200917662980802,1,9,6,0,0.14285714285714285,0.0,0.1,0.0,0.8571428571428571,1.0,0.9,1.0,0.0625,0.0625,0.11764705882352941,0.10638297872340426,0.13157894736842102,-0.8783100656536799,-0.8571428571428572,-0.9,0.14285714285714285,
D00209_06_fill_holes_and_orientation.obj,d00209,Gun,0,10,7,0,7,2437,0.5290507456144004,0.7652218782249741,0.5040290391151055,0.0,0,10,7,0,0.0,0.0,0.0,0.0,1.0,1.0,1.0,1.0,0.0,0.0,,,,-1.0,-1.0,-1.0,0.0,
D00239_06_fill_holes_and_orientation.obj,d00239,Gun,1,9,6,0,7,2437,0.8882351833948465,0.6884785493144626,0.5497297503062646,0.07336392209936006,1,9,6,0,0.14285714285714285,0.0,0.1,0.0,0.8571428571428571,1.0,0.9,1.0,0.0625,0.0625,0.11764705882352941,0.10638297872340426,0.13157894736842102,-0.8783100656536799,-0.8571428571428572,-0.9,0.14285714285714285,
D00244_06_fill_holes_and_orientation.obj,d00244,Gun,1,9,6,0,7,2437,0.501968067847843,0.6934542237947809,0.5225150297160891,0.2200917662980802,1,9,6,0,0.14285714285714285,0.0,0.1,0.0,0.8571428571428571,1.0,0.9,1.0,0.0625,0.0625,0.11764705882352941,0.10638297872340426,0.13157894736842102,-0.8783100656536799,-0.8571428571428572,-0.9,0.14285714285714285,
D00282_06_fill_holes_and_orientation.obj,d00282,Gun,0,10,7,0,7,2437,0.27446673490946405,0.6164160401002506,0.4451630021980876,0.0,0,10,7,0,0.0,0.0,0.0,0.0,1.0,1.0,1.0,1.0,0.0,0.0,,,,-1.0,-1.0,-1.0,0.0,
D00368_06_fill_holes_and_orientation.obj,d00368,Gun,2,8,5,0,7,2437,0.7466336812925043,0.794279817190034,0.571510478929106,0.29345568839744024,2,8,5,0,0.2857142857142857,0.0,0.2,0.0,0.7142857142857143,1.0,0.8,1.0,0.13333333333333333,0.13333333333333333,0.23529411764705882,0.2127659574468085,0.26315789473684204,-0.7559289460184545,-0.7142857142857143,-0.8,0.2857142857142857,
D00425_06_fill_holes_and_orientation.obj,d00425,Gun,1,9,6,0,7,2437,0.4266986593073883,0.7342473831637918,0.4827804639279118,0.07839826897867534,1,9,6,0,0.14285714285714285,0.0,0.1,0.0,0.8571428571428571,1.0,0.9,1.0,0.0625,0.0625,0.11764705882352941,0.10638297872340426,0.13157894736842102,-0.8783100656536799,-0.8571428571428572,-0.9,0.14285714285714285,
D00477_06_fill_holes_and_orientation.obj,d00477,Gun,3,7,4,0,7,2437,1.1711741788378787,0.7876603272888102,0.6258176360569463,0.35314377643380923,3,7,4,0,0.42857142857142855,0.0,0.3,0.0,0.5714285714285714,1.0,0.7,1.0,0.21428571428571427,0.21428571428571427,0.3529411764705882,0.3191489361702127,0.3947368421052631,-0.6324555320336759,-0.5714285714285714,-0.7,0.42857142857142855,
D00606_06_fill_holes_and_orientation.obj,d00606,Gun,2,8,5,0,7,2437,0.5921230176375076,0.761609907120743,0.5304506971526685,0.23365080824310536,2,8,5,0,0.2857142857142857,0.0,0.2,0.0,0.7142857142857143,1.0,0.8,1.0,0.13333333333333333,0.13333333333333333,0.23529411764705882,0.2127659574468085,0.26315789473684204,-0.7559289460184545,-0.7142857142857143,-0.8,0.2857142857142857,
D00802_06_fill_holes_and_orientation.obj,d00802,Gun,1,9,6,0,7,2437,0.6164577702449978,0.7953486657821023,0.5144280683499576,0.06943122193677728,1,9,6,0,0.14285714285714285,0.0,0.1,0.0,0.8571428571428571,1.0,0.9,1.0,0.0625,0.0625,0.11764705882352941,0.10638297872340426,0.13157894736842102,-0.8783100656536799,-0.8571428571428572,-0.9,0.14285714285714285,
D00819_06_fill_holes_and_orientation.obj,d00819,Gun,0,10,7,0,7,2437,0.48048110579279235,0.7816600324340262,0.48057328343582884,0.0,0,10,7,0,0.0,0.0,0.0,0.0,1.0,1.0,1.0,1.0,0.0,0.0,,,,-1.0,-1.0,-1.0,0.0,
D00826_06_fill_holes_and_orientation.obj,d00826,Gun,1,9,6,0,7,2437,0.4269850927778901,0.698813209494324,0.48516849082835556,0.06625422345438904,1,9,6,0,0.14285714285714285,0.0,0.1,0.0,0.8571428571428571,1.0,0.9,1.0,0.0625,0.0625,0.11764705882352941,0.10638297872340426,0.13157894736842102,-0.8783100656536799,-0.8571428571428572,-0.9,0.14285714285714285,
D00929_06_fill_holes_and_orientation.obj,d00929,Gun,1,9,6,0,7,2437,0.5039135578752411,0.7746940881615805,0.500200880853704,0.06943122193677728,1,9,6,0,0.14285714285714285,0.0,0.1,0.0,0.8571428571428571,1.0,0.9,1.0,0.0625,0.0625,0.11764705882352941,0.10638297872340426,0.13157894736842102,-0.8783100656536799,-0.8571428571428572,-0.9,0.14285714285714285,
D00972_06_fill_holes_and_orientation.obj,d00972,Gun,0,10,7,0,7,2437,0.3044801192201338,0.6511573050272741,0.45026968203588397,0.0,0,10,7,0,0.0,0.0,0.0,0.0,1.0,1.0,1.0,1.0,0.0,0.0,,,,-1.0,-1.0,-1.0,0.0,
m648_06_fill_holes_and_orientation.obj,m648,Gun,2,8,5,0,7,2437,1.100332612566499,0.7459015185021376,0.6173096810590168,0.3052348839397012,2,8,5,0,0.2857142857142857,0.0,0.2,0.0,0.7142857142857143,1.0,0.8,1.0,0.13333333333333333,0.13333333333333333,0.23529411764705882,0.2127659574468085,0.26315789473684204,-0.7559289460184545,-0.7142857142857143,-0.8,0.2857142857142857,
m649_06_fill_holes_and_orientation.obj,m649,Gun,1,9,6,0,7,2437,0.5603927322252955,0.7751953412944125,0.514054641935545,0.08514311764162101,1,9,6,0,0.14285714285714285,0.0,0.1,0.0,0.8571428571428571,1.0,0.9,1.0,0.0625,0.0625,0.11764705882352941,0.10638297872340426,0.13157894736842102,-0.8783100656536799,-0.8571428571428572,-0.9,0.14285714285714285,
m650_06_fill_holes_and_orientation.obj,m650,Gun,0,10,7,0,7,2437,0.23203780985351916,0.5796476485330975,0.4292800988560109,0.0,0,10,7,0,0.0,0.0,0.0,0.0,1.0,1.0,1.0,1.0,0.0,0.0,,,,-1.0,-1.0,-1.0,0.0,
m651_06_fill_holes_and_orientation.obj,m651,Gun,0,10,7,0,7,2437,0.3817016983410753,0.7326993955476928,0.45844067959919116,0.0,0,10,7,0,0.0,0.0,0.0,0.0,1.0,1.0,1.0,1.0,0.0,0.0,,,,-1.0,-1.0,-1.0,0.0,
m652_06_fill_holes_and_orientation.obj,m652,Gun,1,9,6,0,7,2437,0.40056095256294605,0.7157378740970073,0.47990599499692194,0.07839826897867534,1,9,6,0,0.14285714285714285,0.0,0.1,0.0,0.8571428571428571,1.0,0.9,1.0,0.0625,0.0625,0.11764705882352941,0.10638297872340426,0.13157894736842102,-0.8783100656536799,-0.8571428571428572,-0.9,0.14285714285714285,
m653_06_fill_holes_and_orientation.obj,m653,Gun,0,10,7,0,7,2437,0.5365141881038632,0.7558381247235736,0.4979471652880864,0.0,0,10,7,0,0.0,0.0,0.0,0.0,1.0,1.0,1.0,1.0,0.0,0.0,,,,-1.0,-1.0,-1.0,0.0,
m654_06_fill_holes_and_orientation.obj,m654,Gun,0,10,7,0,7,2437,0.32431519264344905,0.7229249594574673,0.44799690559431743,0.0,0,10,7,0,0.0,0.0,0.0,0.0,1.0,1.0,1.0,1.0,0.0,0.0,,,,-1.0,-1.0,-1.0,0.0,
m655_06_fill_holes_and_orientation.obj,m655,Gun,1,9,6,0,7,2437,0.7313712391477548,0.8046955624355006,0.5401034771748306,0.09478836436955079,1,9,6,0,0.14285714285714285,0.0,0.1,0.0,0.8571428571428571,1.0,0.9,1.0,0.0625,0.0625,0.11764705882352941,0.10638297872340426,0.13157894736842102,-0.8783100656536799,-0.8571428571428572,-0.9,0.14285714285714285,
m656_06_fill_holes_and_orientation.obj,m656,Gun,1,9,6,0,7,2437,0.4187126417969641,0.6180598555211558,0.5035768307429433,0.2200917662980802,1,9,6,0,0.14285714285714285,0.0,0.1,0.0,0.8571428571428571,1.0,0.9,1.0,0.0625,0.0625,0.11764705882352941,0.10638297872340426,0.13157894736842102,-0.8783100656536799,-0.8571428571428572,-0.9,0.14285714285714285,
m657_06_fill_holes_and_orientation.obj,m657,Gun,1,9,6,0,7,2437,0.5079531554036366,0.7636444051304732,0.5020808000929481,0.07336392209936006,1,9,6,0,0.14285714285714285,0.0,0.1,0.0,0.8571428571428571,1.0,0.9,1.0,0.0625,0.0625,0.11764705882352941,0.10638297872340426,0.13157894736842102,-0.8783100656536799,-0.8571428571428572,-0.9,0.14285714285714285,
m658_06_fill_holes_and_orientation.obj,m658,Gun,1,9,6,0,7,2437,0.4829625849503749,0.6896284829721362,0.5179832220218601,0.2200917662980802,1,9,6,0,0.14285714285714285,0.0,0.1,0.0,0.8571428571428571,1.0,0.9,1.0,0.0625,0.0625,0.11764705882352941,0.10638297872340426,0.13157894736842102,-0.8783100656536799,-0.8571428571428572,-0.9,0.14285714285714285,
m659_06_fill_holes_and_orientation.obj,m659,Gun,2,8,5,0,7,2437,0.5544803162409935,0.6908447589562141,0.5260614818585488,0.23365080824310536,2,8,5,0,0.2857142857142857,0.0,0.2,0.0,0.7142857142857143,1.0,0.8,1.0,0.13333333333333333,0.13333333333333333,0.23529411764705882,0.2127659574468085,0.26315789473684204,-0.7559289460184545,-0.7142857142857143,-0.8,0.2857142857142857,
m660_06_fill_holes_and_orientation.obj,m660,Gun,0,10,7,0,7,2437,0.17041391591449936,0.4865693645879404,0.39895907800207536,0.0,0,10,7,0,0.0,0.0,0.0,0.0,1.0,1.0,1.0,1.0,0.0,0.0,,,,-1.0,-1.0,-1.0,0.0,
m661_06_fill_holes_and_orientation.obj,m661,Gun,2,8,5,0,7,2437,0.555394246203884,0.7619563614919651,0.5243699033501619,0.2122263659729146,2,8,5,0,0.2857142857142857,0.0,0.2,0.0,0.7142857142857143,1.0,0.8,1.0,0.13333333333333333,0.13333333333333333,0.23529411764705882,0.2127659574468085,0.26315789473684204,-0.7559289460184545,-0.7142857142857143,-0.8,0.2857142857142857,
m662_06_fill_holes_and_orientation.obj,m662,Gun,0,10,7,0,7,2437,0.2805152738320921,0.6645879404393336,0.4421922036002504,0.0,0,10,7,0,0.0,0.0,0.0,0.0,1.0,1.0,1.0,1.0,0.0,0.0,,,,-1.0,-1.0,-1.0,0.0,
m663_06_fill_holes_and_orientation.obj,m663,Gun,0,10,7,0,7,2437,0.34132005247728264,0.7301046734483267,0.452911153758672,0.0,0,10,7,0,0.0,0.0,0.0,0.0,1.0,1.0,1.0,1.0,0.0,0.0,,,,-1.0,-1.0,-1.0,0.0,
m664_06_fill_holes_and_orientation.obj,m664,Gun,2,8,5,0,7,2437,0.7290296335834617,0.7955550641309156,0.5670498374381737,0.2837125544970319,2,8,5,0,0.2857142857142857,0.0,0.2,0.0,0.7142857142857143,1.0,0.8,1.0,0.13333333333333333,0.13333333333333333,0.23529411764705882,0.2127659574468085,0.26315789473684204,-0.7559289460184545,-0.7142857142857143,-0.8,0.2857142857142857,
m665_06_fill_holes_and_orientation.obj,m665,Gun,1,9,6,0,7,2437,0.5428903418953241,0.764388913460121,0.5153697960231539,0.1100458831490401,1,9,6,0,0.14285714285714285,0.0,0.1,0.0,0.8571428571428571,1.0,0.9,1.0,0.0625,0.0625,0.11764705882352941,0.10638297872340426,0.13157894736842102,-0.8783100656536799,-0.8571428571428572,-0.9,0.14285714285714285,
m666_06_fill_holes_and_orientation.obj,m666,Gun,2,8,5,0,7,2437,0.8472794498676987,0.758093763821318,0.5936135341169655,0.35895421017163476,2,8,5,0,0.2857142857142857,0.0,0.2,0.0,0.7142857142857143,1.0,0.8,1.0,0.13333333333333333,0.13333333333333333,0.23529411764705882,0.2127659574468085,0.26315789473684204,-0.7559289460184545,-0.7142857142857143,-0.8,0.2857142857142857,
m667_06_fill_holes_and_orientation.obj,m667,Gun,2,8,5,0,7,2437,0.4468741716546818,0.6550051599587203,0.492261243494385,0.13698471029831177,2,8,5,0,0.2857142857142857,0.0,0.2,0.0,0.7142857142857143,1.0,0.8,1.0,0.13333333333333333,0.13333333333333333,0.23529411764705882,0.2127659574468085,0.26315789473684204,-0.7559289460184545,-0.7142857142857143,-0.8,0.2857142857142857,
m668_06_fill_holes_and_orientation.obj,m668,Gun,0,10,7,0,7,2437,0.34968706240623554,0.6331785345717234,0.46699661520958496,0.0,0,10,7,0,0.0,0.0,0.0,0.0,1.0,1.0,1.0,1.0,0.0,0.0,,,,-1.0,-1.0,-1.0,0.0,
m669_06_fill_holes_and_orientation.obj,m669,Gun,2,8,5,0,7,2437,0.8771633993270024,0.7090446704997788,0.5569329429849512,0.15457433957839828,2,8,5,0,0.2857142857142857,0.0,0.2,0.0,0.7142857142857143,1.0,0.8,1.0,0.13333333333333333,0.13333333333333333,0.23529411764705882,0.2127659574468085,0.26315789473684204,-0.7559289460184545,-0.7142857142857143,-0.8,0.2857142857142857,
m670_06_fill_holes_and_orientation.obj,m670,Gun,5,5,2,0,7,2437,1.1545107585491954,0.7149491375497568,0.5903694836544098,0.3699573188553854,5,5,2,0,0.7142857142857143,0.0,0.5,0.0,0.2857142857142857,1.0,0.5,1.0,0.4166666666666667,0.4166666666666667,0.588235294117647,0.5319148936170213,0.6578947368421053,-0.37796447300922725,-0.2857142857142857,-0.5,0.7142857142857143,
m671_06_fill_holes_and_orientation.obj,m671,Gun,4,6,3,0,7,2437,1.2709072505322363,0.745171752911691,0.6002333610385561,0.2941924851321474,4,6,3,0,0.5714285714285714,0.0,0.4,0.0,0.42857142857142855,1.0,0.6,1.0,0.3076923076923077,0.3076923076923077,0.47058823529411764,0.425531914893617,0.5263157894736841,-0.50709255283711,-0.4285714285714286,-0.6,0.5714285714285714,
m672_06_fill_holes_and_orientation.obj,m672,Gun,1,9,6,0,7,2437,0.8035577266487148,0.821030517470146,0.5714246711775551,0.2200917662980802,1,9,6,0,0.14285714285714285,0.0,0.1,0.0,0.8571428571428571,1.0,0.9,1.0,0.0625,0.0625,0.11764705882352941,0.10638297872340426,0.13157894736842102,-0.8783100656536799,-0.8571428571428572,-0.9,0.14285714285714285,
m674_06_fill_holes_and_orientation.obj,m674,Gun,2,8,4,0,6,2437,0.7862647008035671,0.8123691581895915,0.5321740737482148,0.17366667134799182,2,8,4,0,0.3333333333333333,0.0,0.2,0.0,0.6666666666666666,1.0,0.8,1.0,0.14285714285714285,0.14285714285714285,0.25,0.21739130434782608,0.29411764705882354,-0.7302967433402214,-0.6666666666666667,-0.8,0.3333333333333333,
m675_06_fill_holes_and_orientation.obj,m675,Gun,4,6,3,0,7,2437,1.1987314580428439,0.7446999852572609,0.641353528057012,0.5231737964779629,4,6,3,0,0.5714285714285714,0.0,0.4,0.0,0.42857142857142855,1.0,0.6,1.0,0.3076923076923077,0.3076923076923077,0.47058823529411764,0.425531914893617,0.5263157894736841,-0.50709255283711,-0.4285714285714286,-0.6,0.5714285714285714,
m676_06_fill_holes_and_orientation.obj,m676,Gun,1,9,6,0,7,2437,0.5077082192819997,0.6783797729618163,0.5068451527222794,0.09478836436955079,1,9,6,0,0.14285714285714285,0.0,0.1,0.0,0.8571428571428571,1.0,0.9,1.0,0.0625,0.0625,0.11764705882352941,0.10638297872340426,0.13157894736842102,-0.8783100656536799,-0.8571428571428572,-0.9,0.14285714285714285,
m677_06_fill_holes_and_orientation.obj,m677,Gun,2,8,5,0,7,2437,0.6632271575318774,0.8156273035530002,0.5323329391326644,0.17630010660342915,2,8,5,0,0.2857142857142857,0.0,0.2,0.0,0.7142857142857143,1.0,0.8,1.0,0.13333333333333333,0.13333333333333333,0.23529411764705882,0.2127659574468085,0.26315789473684204,-0.7559289460184545,-0.7142857142857143,-0.8,0.2857142857142857,
m678_06_fill_holes_and_orientation.obj,m678,Gun,3,7,4,0,7,2437,1.2405080388772134,0.7707282913165265,0.6039604126987586,0.2457313285402064,3,7,4,0,0.42857142857142855,0.0,0.3,0.0,0.5714285714285714,1.0,0.7,1.0,0.21428571428571427,0.21428571428571427,0.3529411764705882,0.3191489361702127,0.3947368421052631,-0.6324555320336759,-0.5714285714285714,-0.7,0.42857142857142855,
m679_06_fill_holes_and_orientation.obj,m679,Gun,3,7,4,0,7,2437,1.1711491588039635,0.7878372401592215,0.62584629827625,0.35314377643380923,3,7,4,0,0.42857142857142855,0.0,0.3,0.0,0.5714285714285714,1.0,0.7,1.0,0.21428571428571427,0.21428571428571427,0.3529411764705882,0.3191489361702127,0.3947368421052631,-0.6324555320336759,-0.5714285714285714,-0.7,0.42857142857142855,
m680_06_fill_holes_and_orientation.obj,m680,Gun,3,7,4,0,7,2437,1.1043357360442136,0.7351909184726522,0.6020256644739521,0.3187939258847264,3,7,4,0,0.42857142857142855,0.0,0.3,0.0,0.5714285714285714,1.0,0.7,1.0,0.21428571428571427,0.21428571428571427,0.3529411764705882,0.3191489361702127,0.3947368421052631,-0.6324555320336759,-0.5714285714285714,-0.7,0.42857142857142855,
m681_06_fill_holes_and_orientation.obj,m681,Gun,3,7,4,0,7,2437,1.3861738003739532,0.7800457024915228,0.6461610358577977,0.37859880603906126,3,7,4,0,0.42857142857142855,0.0,0.3,0.0,0.5714285714285714,1.0,0.7,1.0,0.21428571428571427,0.21428571428571427,0.3529411764705882,0.3191489361702127,0.3947368421052631,-0.6324555320336759,-0.5714285714285714,-0.7,0.42857142857142855,
m682_06_fill_holes_and_orientation.obj,m682,Gun,2,8,5,0,7,2437,0.9255574357320127,0.7639318885448916,0.5698952552941551,0.17947710508581738,2,8,5,0,0.2857142857142857,0.0,0.2,0.0,0.7142857142857143,1.0,0.8,1.0,0.13333333333333333,0.13333333333333333,0.23529411764705882,0.2127659574468085,0.26315789473684204,-0.7559289460184545,-0.7142857142857143,-0.8,0.2857142857142857,
m683_06_fill_holes_and_orientation.obj,m683,Gun,1,9,6,0,7,2437,1.3206839719359134,0.7912280701754386,0.6346436804702225,0.2200917662980802,1,9,6,0,0.14285714285714285,0.0,0.1,0.0,0.8571428571428571,1.0,0.9,1.0,0.0625,0.0625,0.11764705882352941,0.10638297872340426,0.13157894736842102,-0.8783100656536799,-0.8571428571428572,-0.9,0.14285714285714285,
m684_06_fill_holes_and_orientation.obj,m684,Gun,0,10,7,0,7,2437,0.16777142622854088,0.4735736399823087,0.3997767418103605,0.0,0,10,7,0,0.0,0.0,0.0,0.0,1.0,1.0,1.0,1.0,0.0,0.0,,,,-1.0,-1.0,-1.0,0.0,
m685_06_fill_holes_and_orientation.obj,m685,Gun,0,10,7,0,7,2437,0.47810420247836005,0.7830237358101135,0.48745084412224005,0.0,0,10,7,0,0.0,0.0,0.0,0.0,1.0,1.0,1.0,1.0,0.0,0.0,,,,-1.0,-1.0,-1.0,0.0,
m686_06_fill_holes_and_orientation.obj,m686,Gun,1,9,6,0,7,2437,0.5640231956944395,0.6643299425033171,0.510671392934113,0.07839826897867534,1,9,6,0,0.14285714285714285,0.0,0.1,0.0,0.8571428571428571,1.0,0.9,1.0,0.0625,0.0625,0.11764705882352941,0.10638297872340426,0.13157894736842102,-0.8783100656536799,-0.8571428571428572,-0.9,0.14285714285714285,
D01006_06_fill_holes_and_orientation.obj,d01006,Hand,4,6,2,0,6,2437,1.179273693488867,0.9388102179647368,0.6584907574186755,0.4847119890255186,4,6,2,0,0.6666666666666666,0.0,0.4,0.0,0.3333333333333333,1.0,0.6,1.0,0.3333333333333333,0.3333333333333333,0.5,0.43478260869565216,0.5882352941176471,-0.4472135954999579,-0.33333333333333337,-0.6,0.6666666666666666,
D01020_06_fill_holes_and_orientation.obj,d01020,Hand,2,8,5,0,7,2437,0.7032548637922549,0.8449488638993012,0.6041510839120738,0.35895421017163476,2,8,5,0,0.2857142857142857,0.0,0.2,0.0,0.7142857142857143,1.0,0.8,1.0,0.13333333333333333,0.13333333333333333,0.23529411764705882,0.2127659574468085,0.26315789473684204,-0.7559289460184545,-0.7142857142857143,-0.8,0.2857142857142857,
D01022_06_fill_holes_and_orientation.obj,d01022,Hand,1,9,6,0,7,2437,0.8494851448970818,0.8784765606923041,0.6156879712977357,0.2200917662980802,1,9,6,0,0.14285714285714285,0.0,0.1,0.0,0.8571428571428571,1.0,0.9,1.0,0.0625,0.0625,0.11764705882352941,0.10638297872340426,0.13157894736842102,-0.8783100656536799,-0.8571428571428572,-0.9,0.14285714285714285,
D01024_06_fill_holes_and_orientation.obj,d01024,Hand,1,9,6,0,7,2437,0.6831033711829664,0.9176616224721181,0.58583742526622,0.2200917662980802,1,9,6,0,0.14285714285714285,0.0,0.1,0.0,0.8571428571428571,1.0,0.9,1.0,0.0625,0.0625,0.11764705882352941,0.10638297872340426,0.13157894736842102,-0.8783100656536799,-0.8571428571428572,-0.9,0.14285714285714285,
D01041_06_fill_holes_and_orientation.obj,d01041,Hand,5,5,2,0,7,2437,1.4516600107754527,0.9069600629367394,0.7286715268054625,0.6489315753318466,5,5,2,0,0.7142857142857143,0.0,0.5,0.0,0.2857142857142857,1.0,0.5,1.0,0.4166666666666667,0.4166666666666667,0.588235294117647,0.5319148936170213,0.6578947368421053,-0.37796447300922725,-0.2857142857142857,-0.5,0.7142857142857143,
D01060_06_fill_holes_and_orientation.obj,d01060,Hand,5,5,2,0,7,2437,1.3429192473806804,0.9160766347355269,0.7155930194278284,0.6371523797895857,5,5,2,0,0.7142857142857143,0.0,0.5,0.0,0.2857142857142857,1.0,0.5,1.0,0.4166666666666667,0.4166666666666667,0.588235294117647,0.5319148936170213,0.6578947368421053,-0.37796447300922725,-0.2857142857142857,-0.5,0.7142857142857143,
D01074_06_fill_holes_and_orientation.obj,d01074,Hand,5,5,2,0,7,2437,1.3332126491297458,0.9297862001943635,0.7154737156331056,0.6489315753318466,5,5,2,0,0.7142857142857143,0.0,0.5,0.0,0.2857142857142857,1.0,0.5,1.0,0.4166666666666667,0.4166666666666667,0.588235294117647,0.5319148936170213,0.6578947368421053,-0.37796447300922725,-0.2857142857142857,-0.5,0.7142857142857143,
D01093_06_fill_holes_and_orientation.obj,d01093,Hand,2,8,5,0,7,2437,0.3552174775389584,0.6826206673145448,0.5045640971673893,0.314880130667631,2,8,5,0,0.2857142857142857,0.0,0.2,0.0,0.7142857142857143,1.0,0.8,1.0,0.13333333333333333,0.13333333333333333,0.23529411764705882,0.2127659574468085,0.26315789473684204,-0.7559289460184545,-0.7142857142857143,-0.8,0.2857142857142857,
D01097_06_fill_holes_and_orientation.obj,d01097,Hand,1,9,6,0,7,2437,0.7096659820323596,0.9257832384654543,0.5842673441341255,0.2200917662980802,1,9,6,0,0.14285714285714285,0.0,0.1,0.0,0.8571428571428571,1.0,0.9,1.0,0.0625,0.0625,0.11764705882352941,0.10638297872340426,0.13157894736842102,-0.8783100656536799,-0.8571428571428572,-0.9,0.14285714285714285,
D01106_06_fill_holes_and_orientation.obj,d01106,Hand,3,7,4,0,7,2437,0.6745625719769869,0.8972765977139155,0.5916924637820458,0.4249260138166711,3,7,4,0,0.42857142857142855,0.0,0.3,0.0,0.5714285714285714,1.0,0.7,1.0,0.21428571428571427,0.21428571428571427,0.3529411764705882,0.3191489361702127,0.3947368421052631,-0.6324555320336759,-0.5714285714285714,-0.7,0.42857142857142855,
D01117_06_fill_holes_and_orientation.obj,d01117,Hand,1,9,6,0,7,2437,0.6774330866492606,0.925216345041418,0.5823887969732868,0.2200917662980802,1,9,6,0,0.14285714285714285,0.0,0.1,0.0,0.8571428571428571,1.0,0.9,1.0,0.0625,0.0625,0.11764705882352941,0.10638297872340426,0.13157894736842102,-0.8783100656536799,-0.8571428571428572,-0.9,0.14285714285714285,
D01118_06_fill_holes_and_orientation.obj,d01118,Hand,4,6,3,0,7,2437,0.9463278043178001,0.8546091906150215,0.6492911442002934,0.5637884576902257,4,6,3,0,0.5714285714285714,0.0,0.4,0.0,0.42857142857142855,1.0,0.6,1.0,0.3076923076923077,0.3076923076923077,0.47058823529411764,0.425531914893617,0.5263157894736841,-0.50709255283711,-0.4285714285714286,-0.6,0.5714285714285714,
D01153_06_fill_holes_and_orientation.obj,d01153,Hand,1,9,6,0,7,2437,0.6679791647511758,0.9124670276273775,0.5751900798785788,0.2200917662980802,1,9,6,0,0.14285714285714285,0.0,0.1,0.0,0.8571428571428571,1.0,0.9,1.0,0.0625,0.0625,0.11764705882352941,0.10638297872340426,0.13157894736842102,-0.8783100656536799,-0.8571428571428572,-0.9,0.14285714285714285,
D01162_06_fill_holes_and_orientation.obj,d01162,Hand,2,8,5,0,7,2437,0.49934693465684793,0.8617705585635616,0.5504760406380599,0.2837125544970319,2,8,5,0,0.2857142857142857,0.0,0.2,0.0,0.7142857142857143,1.0,0.8,1.0,0.13333333333333333,0.13333333333333333,0.23529411764705882,0.2127659574468085,0.26315789473684204,-0.7559289460184545,-0.7142857142857143,-0.8,0.2857142857142857,
D01170_06_fill_holes_and_orientation.obj,d01170,Hand,3,7,4,0,7,2437,0.9064306544035379,0.8742537831459114,0.6455144205656658,0.46900009332067494,3,7,4,0,0.42857142857142855,0.0,0.3,0.0,0.5714285714285714,1.0,0.7,1.0,0.21428571428571427,0.21428571428571427,0.3529411764705882,0.3191489361702127,0.3947368421052631,-0.6324555320336759,-0.5714285714285714,-0.7,0.42857142857142855,
D01172_06_fill_holes_and_orientation.obj,d01172,Hand,4,6,3,0,7,2437,0.7386115900829597,0.9108241936230275,0.6036835931973199,0.42914113378860663,4,6,3,0,0.5714285714285714,0.0,0.4,0.0,0.42857142857142855,1.0,0.6,1.0,0.3076923076923077,0.3076923076923077,0.47058823529411764,0.425531914893617,0.5263157894736841,-0.50709255283711,-0.4285714285714286,-0.6,0.5714285714285714,
D01193_06_fill_holes_and_orientation.obj,d01193,Hand,6,4,1,0,7,2437,1.0711894155046664,0.9056064602711833,0.6737126934636468,0.6687607038361473,6,4,1,0,0.8571428571428571,0.0,0.6,0.0,0.14285714285714285,1.0,0.4,1.0,0.5454545454545454,0.5454545454545454,0.7058823529411764,0.6382978723404255,0.7894736842105262,-0.23904572186687872,-0.1428571428571429,-0.4,0.8571428571428571,
D01197_06_fill_holes_and_orientation.obj,d01197,Hand,2,8,4,0,6,2437,0.20461099243530842,0.5876139571474848,0.4176611746549865,0.18340980524840014,2,8,4,0,0.3333333333333333,0.0,0.2,0.0,0.6666666666666666,1.0,0.8,1.0,0.14285714285714285,0.14285714285714285,0.25,0.21739130434782608,0.29411764705882354,-0.7302967433402214,-0.6666666666666667,-0.8,0.3333333333333333,
D01198_06_fill_holes_and_orientation.obj,d01198,Hand,3,7,4,0,7,2437,0.7205248723503468,0.8949280392429081,0.6003851304841799,0.36288691033421755,3,7,4,0,0.42857142857142855,0.0,0.3,0.0,0.5714285714285714,1.0,0.7,1.0,0.21428571428571427,0.21428571428571427,0.3529411764705882,0.3191489361702127,0.3947368421052631,-0.6324555320336759,-0.5714285714285714,-0.7,0.42857142857142855,
D01200_06_fill_holes_and_orientation.obj,d01200,Hand,2,8,4,0,6,2437,0.412156382807689,0.6446619464112175,0.4991671346980806,0.3301376494471203,2,8,4,0,0.3333333333333333,0.0,0.2,0.0,0.6666666666666666,1.0,0.8,1.0,0.14285714285714285,0.14285714285714285,0.25,0.21739130434782608,0.29411764705882354,-0.7302967433402214,-0.6666666666666667,-0.8,0.3333333333333333,
m323_06_fill_holes_and_orientation.obj,m323,Hand,4,6,3,0,7,2437,0.7383772281594421,0.9108241936230275,0.6036415109101527,0.42914113378860663,4,6,3,0,0.5714285714285714,0.0,0.4,0.0,0.42857142857142855,1.0,0.6,1.0,0.3076923076923077,0.3076923076923077,0.47058823529411764,0.425531914893617,0.5263157894736841,-0.50709255283711,-0.4285714285714286,-0.6,0.5714285714285714,
m324_06_fill_holes_and_orientation.obj,m324,Hand,1,9,6,0,7,2437,0.668850064119375,0.9125133046415845,0.5753557333773753,0.2200917662980802,1,9,6,0,0.14285714285714285,0.0,0.1,0.0,0.8571428571428571,1.0,0.9,1.0,0.0625,0.0625,0.11764705882352941,0.10638297872340426,0.13157894736842102,-0.8783100656536799,-0.8571428571428572,-0.9,0.14285714285714285,
m325_06_fill_holes_and_orientation.obj,m325,Hand,5,5,2,0,7,2437,1.4504990199046972,0.9052131056504235,0.7287979957808539,0.6489315753318466,5,5,2,0,0.7142857142857143,0.0,0.5,0.0,0.2857142857142857,1.0,0.5,1.0,0.4166666666666667,0.4166666666666667,0.588235294117647,0.5319148936170213,0.6578947368421053,-0.37796447300922725,-0.2857142857142857,-0.5,0.7142857142857143,
m326_06_fill_holes_and_orientation.obj,m326,Hand,5,5,2,0,7,2437,1.3437402991549259,0.915104817437179,0.7156837952616814,0.6421867266689011,5,5,2,0,0.7142857142857143,0.0,0.5,0.0,0.2857142857142857,1.0,0.5,1.0,0.4166666666666667,0.4166666666666667,0.588235294117647,0.5319148936170213,0.6578947368421053,-0.37796447300922725,-0.2857142857142857,-0.5,0.7142857142857143,
m327_06_fill_holes_and_orientation.obj,m327,Hand,4,6,3,0,7,2437,1.1173130977177828,0.9125364431486881,0.6838794189473306,0.5637884576902257,4,6,3,0,0.5714285714285714,0.0,0.4,0.0,0.42857142857142855,1.0,0.6,1.0,0.3076923076923077,0.3076923076923077,0.47058823529411764,0.425531914893617,0.5263157894736841,-0.50709255283711,-0.4285714285714286,-0.6,0.5714285714285714,
m328_06_fill_holes_and_orientation.obj,m328,Hand,1,9,6,0,7,2437,0.6972043532926382,0.9283863205146005,0.5830197791508525,0.2200917662980802,1,9,6,0,0.14285714285714285,0.0,0.1,0.0,0.8571428571428571,1.0,0.9,1.0,0.0625,0.0625,0.11764705882352941,0.10638297872340426,0.13157894736842102,-0.8783100656536799,-0.8571428571428572,-0.9,0.14285714285714285,
m329_06_fill_holes_and_orientation.obj,m329,Hand,1,9,6,0,7,2437,0.7063199597718807,0.9258526539867649,0.5833831633868207,0.2200917662980802,1,9,6,0,0.14285714285714285,0.0,0.1,0.0,0.8571428571428571,1.0,0.9,1.0,0.0625,0.0625,0.11764705882352941,0.10638297872340426,0.13157894736842102,-0.8783100656536799,-0.8571428571428572,-0.9,0.14285714285714285,
m330_06_fill_holes_and_orientation.obj,m330,Hand,1,9,6,0,7,2437,0.8286252861091689,0.8812416122911748,0.6135461964198964,0.2200917662980802,1,9,6,0,0.14285714285714285,0.0,0.1,0.0,0.8571428571428571,1.0,0.9,1.0,0.0625,0.0625,0.11764705882352941,0.10638297872340426,0.13157894736842102,-0.8783100656536799,-0.8571428571428572,-0.9,0.14285714285714285,
m331_06_fill_holes_and_orientation.obj,m331,Hand,5,5,2,0,7,2437,1.329072297233142,0.9274607802304595,0.7150439226329104,0.6489315753318466,5,5,2,0,0.7142857142857143,0.0,0.5,0.0,0.2857142857142857,1.0,0.5,1.0,0.4166666666666667,0.4166666666666667,0.588235294117647,0.5319148936170213,0.6578947368421053,-0.37796447300922725,-0.2857142857142857,-0.5,0.7142857142857143,
m332_06_fill_holes_and_orientation.obj,m332,Hand,2,8,5,0,7,2437,0.5111388555133372,0.8626266833263918,0.5533899927383785,0.2837125544970319,2,8,5,0,0.2857142857142857,0.0,0.2,0.0,0.7142857142857143,1.0,0.8,1.0,0.13333333333333333,0.13333333333333333,0.23529411764705882,0.2127659574468085,0.26315789473684204,-0.7559289460184545,-0.7142857142857143,-0.8,0.2857142857142857,
m333_06_fill_holes_and_orientation.obj,m333,Hand,4,6,3,0,7,2437,1.1364993181558392,0.9100953306492665,0.6867040849083441,0.5637884576902257,4,6,3,0,0.5714285714285714,0.0,0.4,0.0,0.42857142857142855,1.0,0.6,1.0,0.3076923076923077,0.3076923076923077,0.47058823529411764,0.425531914893617,0.5263157894736841,-0.50709255283711,-0.4285714285714286,-0.6,0.5714285714285714,
m334_06_fill_holes_and_orientation.obj,m334,Hand,1,9,6,0,7,2437,0.613437179355422,0.9081516960525707,0.5730931839087285,0.2200917662980802,1,9,6,0,0.14285714285714285,0.0,0.1,0.0,0.8571428571428571,1.0,0.9,1.0,0.0625,0.0625,0.11764705882352941,0.10638297872340426,0.13157894736842102,-0.8783100656536799,-0.8571428571428572,-0.9,0.14285714285714285,
m335_06_fill_holes_and_orientation.obj,m335,Hand,4,6,2,0,6,2437,1.1791263347934697,0.9387986487111852,0.6584469776962515,0.4847119890255186,4,6,2,0,0.6666666666666666,0.0,0.4,0.0,0.3333333333333333,1.0,0.6,1.0,0.3333333333333333,0.3333333333333333,0.5,0.43478260869565216,0.5882352941176471,-0.4472135954999579,-0.33333333333333337,-0.6,0.6666666666666666,
m336_06_fill_holes_and_orientation.obj,m336,Hand,4,6,3,0,7,2437,0.9396439251085756,0.8515201999167014,0.6476547045153037,0.5637884576902257,4,6,3,0,0.5714285714285714,0.0,0.4,0.0,0.42857142857142855,1.0,0.6,1.0,0.3076923076923077,0.3076923076923077,0.47058823529411764,0.425531914893617,0.5263157894736841,-0.50709255283711,-0.4285714285714286,-0.6,0.5714285714285714,
m337_06_fill_holes_and_orientation.obj,m337,Hand,3,7,4,0,7,2437,0.7089313999125817,0.8948123467073905,0.5971940428635893,0.3557772116892466,3,7,4,0,0.42857142857142855,0.0,0.3,0.0,0.5714285714285714,1.0,0.7,1.0,0.21428571428571427,0.21428571428571427,0.3529411764705882,0.3191489361702127,0.3947368421052631,-0.6324555320336759,-0.5714285714285714,-0.7,0.42857142857142855,
m338_06_fill_holes_and_orientation.obj,m338,Hand,3,7,4,0,7,2437,0.895276343995088,0.8727266416770789,0.6435142486883746,0.46900009332067494,3,7,4,0,0.42857142857142855,0.0,0.3,0.0,0.5714285714285714,1.0,0.7,1.0,0.21428571428571427,0.21428571428571427,0.3529411764705882,0.3191489361702127,0.3947368421052631,-0.6324555320336759,-0.5714285714285714,-0.7,0.42857142857142855,
m339_06_fill_holes_and_orientation.obj,m339,Hand,3,7,4,0,7,2437,0.6756528463767528,0.8975311212920543,0.5919619601923776,0.4249260138166711,3,7,4,0,0.42857142857142855,0.0,0.3,0.0,0.5714285714285714,1.0,0.7,1.0,0.21428571428571427,0.21428571428571427,0.3529411764705882,0.3191489361702127,0.3947368421052631,-0.6324555320336759,-0.5714285714285714,-0.7,0.42857142857142855,
m1627_06_fill_holes_and_orientation.obj,m1627,Hat,0,10,7,0,7,2437,0.012555074424220472,0.4916278521313602,0.2555540618430561,0.0,0,10,7,0,0.0,0.0,0.0,0.0,1.0,1.0,1.0,1.0,0.0,0.0,,,,-1.0,-1.0,-1.0,0.0,
m1628_06_fill_holes_and_orientation.obj,m1628,Hat,0,10,7,0,7,2437,0.07330625090169453,0.8041978656918813,0.34476942117073023,0.0,0,10,7,0,0.0,0.0,0.0,0.0,1.0,1.0,1.0,1.0,0.0,0.0,,,,-1.0,-1.0,-1.0,0.0,
m1629_06_fill_holes_and_orientation.obj,m1629,Hat,1,9,6,0,7,2437,0.07643355893160696,0.7187371027651671,0.35541908908800546,0.07336392209936006,1,9,6,0,0.14285714285714285,0.0,0.1,0.0,0.8571428571428571,1.0,0.9,1.0,0.0625,0.0625,0.11764705882352941,0.10638297872340426,0.13157894736842102,-0.8783100656536799,-0.8571428571428572,-0.9,0.14285714285714285,
m1630_06_fill_holes_and_orientation.obj,m1630,Hat,1,9,6,0,7,2437,0.08758099289642304,0.5527975944814575,0.3522029203836934,0.13886244387355456,1,9,6,0,0.14285714285714285,0.0,0.1,0.0,0.8571428571428571,1.0,0.9,1.0,0.0625,0.0625,0.11764705882352941,0.10638297872340426,0.13157894736842102,-0.8783100656536799,-0.8571428571428572,-0.9,0.14285714285714285,
m1631_06_fill_holes_and_orientation.obj,m1631,Hat,1,9,6,0,7,2437,0.052003992197134016,0.6426802664937209,0.3219473939328644,0.08514311764162101,1,9,6,0,0.14285714285714285,0.0,0.1,0.0,0.8571428571428571,1.0,0.9,1.0,0.0625,0.0625,0.11764705882352941,0.10638297872340426,0.13157894736842102,-0.8783100656536799,-0.8571428571428572,-0.9,0.14285714285714285,
m1632_06_fill_holes_and_orientation.obj,m1632,Hat,2,8,5,0,7,2437,0.1716141925497995,0.7435587524320499,0.42626783288140946,0.16815228646891087,2,8,5,0,0.2857142857142857,0.0,0.2,0.0,0.7142857142857143,1.0,0.8,1.0,0.13333333333333333,0.13333333333333333,0.23529411764705882,0.2127659574468085,0.26315789473684204,-0.7559289460184545,-0.7142857142857143,-0.8,0.2857142857142857,
m1633_06_fill_holes_and_orientation.obj,m1633,Hat,0,10,7,0,7,2437,0.0140121282049134,0.5189552502800543,0.2582901257696667,0.0,0,10,7,0,0.0,0.0,0.0,0.0,1.0,1.0,1.0,1.0,0.0,0.0,,,,-1.0,-1.0,-1.0,0.0,
m1634_06_fill_holes_and_orientation.obj,m1634,Hat,0,10,7,0,7,2437,0.012059750476644449,0.5261187429986439,0.24937771404229198,0.0,0,10,7,0,0.0,0.0,0.0,0.0,1.0,1.0,1.0,1.0,0.0,0.0,,,,-1.0,-1.0,-1.0,0.0,
m1635_06_fill_holes_and_orientation.obj,m1635,Hat,0,10,7,0,7,2437,0.03007621374074703,0.7743352396674724,0.29198787331160964,0.0,0,10,7,0,0.0,0.0,0.0,0.0,1.0,1.0,1.0,1.0,0.0,0.0,,,,-1.0,-1.0,-1.0,0.0,
m1636_06_fill_holes_and_orientation.obj,m1636,Hat,1,9,6,0,7,2437,0.13683402393724456,0.7334767997169978,0.41625137024307296,0.13886244387355456,1,9,6,0,0.14285714285714285,0.0,0.1,0.0,0.8571428571428571,1.0,0.9,1.0,0.0625,0.0625,0.11764705882352941,0.10638297872340426,0.13157894736842102,-0.8783100656536799,-0.8571428571428572,-0.9,0.14285714285714285,
m1637_06_fill_holes_and_orientation.obj,m1637,Hat,1,9,6,0,7,2437,0.2929373581126186,0.7533753906019692,0.534293119830839,0.2200917662980802,1,9,6,0,0.14285714285714285,0.0,0.1,0.0,0.8571428571428571,1.0,0.9,1.0,0.0625,0.0625,0.11764705882352941,0.10638297872340426,0.13157894736842102,-0.8783100656536799,-0.8571428571428572,-0.9,0.14285714285714285,
m1638_06_fill_holes_and_orientation.obj,m1638,Hat,0,10,7,0,7,2437,0.029793589540676426,0.6870762337126349,0.2962047119388722,0.0,0,10,7,0,0.0,0.0,0.0,0.0,1.0,1.0,1.0,1.0,0.0,0.0,,,,-1.0,-1.0,-1.0,0.0,
m1639_06_fill_holes_and_orientation.obj,m1639,Hat,1,9,6,0,7,2437,0.08860947580013023,0.7424090560698072,0.3710126070116893,0.1100458831490401,1,9,6,0,0.14285714285714285,0.0,0.1,0.0,0.8571428571428571,1.0,0.9,1.0,0.0625,0.0625,0.11764705882352941,0.10638297872340426,0.13157894736842102,-0.8783100656536799,-0.8571428571428572,-0.9,0.14285714285714285,
m1640_06_fill_holes_and_orientation.obj,m1640,Hat,2,8,5,0,7,2437,0.33649708917857,0.7677318554330523,0.5615634172052768,0.3052348839397012,2,8,5,0,0.2857142857142857,0.0,0.2,0.0,0.7142857142857143,1.0,0.8,1.0,0.13333333333333333,0.13333333333333333,0.23529411764705882,0.2127659574468085,0.26315789473684204,-0.7559289460184545,-0.7142857142857143,-0.8,0.2857142857142857,
m1641_06_fill_holes_and_orientation.obj,m1641,Hat,1,9,6,0,7,2437,0.06953016346085143,0.6990153882436178,0.3486178961484839,0.07839826897867534,1,9,6,0,0.14285714285714285,0.0,0.1,0.0,0.8571428571428571,1.0,0.9,1.0,0.0625,0.0625,0.11764705882352941,0.10638297872340426,0.13157894736842102,-0.8783100656536799,-0.8571428571428572,-0.9,0.14285714285714285,
D00038_06_fill_holes_and_orientation.obj,d00038,Helicopter,7,3,0,0,7,2437,2.996658661141243,0.9374025974025975,0.8183635076838994,0.7909506325094736,7,3,0,0,1.0,0.0,0.7,,0.0,1.0,0.3,,0.7,0.7,0.8235294117647058,0.7446808510638298,0.9210526315789475,,0.0,,1.0,
D00191_06_fill_holes_and_orientation.obj,d00191,Helicopter,8,2,0,0,7,2437,3.50874118970142,0.9441809803100125,0.8491106846490672,0.8669479898642711,8,2,0,0,1.0,0.0,0.8,,0.0,1.0,0.2,,0.8,0.8,0.888888888888889,0.8333333333333334,0.9523809523809523,,0.0,,1.0,
D00361_06_fill_holes_and_orientation.obj,d00361,Helicopter,9,1,0,0,7,2437,3.341976185587486,0.9370423125261834,0.8395386173588388,0.9337457765456111,9,1,0,0,1.0,0.0,0.9,,0.0,1.0,0.1,,0.9,0.9,0.9473684210526316,0.9183673469387754,0.9782608695652175,,0.0,,1.0,
D00397_06_fill_holes_and_orientation.obj,d00397,Helicopter,8,2,0,0,7,2437,3.097522420728762,0.9369752827817344,0.8231927569701536,0.8486026589039901,8,2,0,0,1.0,0.0,0.8,,0.0,1.0,0.2,,0.8,0.8,0.888888888888889,0.8333333333333334,0.9523809523809523,,0.0,,1.0,
D00423_06_fill_holes_and_orientation.obj,d00423,Helicopter,1,9,6,0,7,2437,1.5854190601827665,0.9286468370339338,0.672496139391155,0.2200917662980802,1,9,6,0,0.14285714285714285,0.0,0.1,0.0,0.8571428571428571,1.0,0.9,1.0,0.0625,0.0625,0.11764705882352941,0.10638297872340426,0.13157894736842102,-0.8783100656536799,-0.8571428571428572,-0.9,0.14285714285714285,
D00470_06_fill_holes_and_orientation.obj,d00470,Helicopter,3,7,4,0,7,2437,1.4416742144599977,0.9165563468789275,0.6689753591950512,0.37859880603906126,3,7,4,0,0.42857142857142855,0.0,0.3,0.0,0.5714285714285714,1.0,0.7,1.0,0.21428571428571427,0.21428571428571427,0.3529411764705882,0.3191489361702127,0.3947368421052631,-0.6324555320336759,-0.5714285714285714,-0.7,0.42857142857142855,
D00471_06_fill_holes_and_orientation.obj,d00471,Helicopter,1,9,6,0,7,2437,0.5326339129995034,0.8651110180142438,0.4958419251865887,0.06943122193677728,1,9,6,0,0.14285714285714285,0.0,0.1,0.0,0.8571428571428571,1.0,0.9,1.0,0.0625,0.0625,0.11764705882352941,0.10638297872340426,0.13157894736842102,-0.8783100656536799,-0.8571428571428572,-0.9,0.14285714285714285,
D00473_06_fill_holes_and_orientation.obj,d00473,Helicopter,9,1,0,0,7,2437,3.3479128866245325,0.9444323418516967,0.8412243525327514,0.9363792118010483,9,1,0,0,1.0,0.0,0.9,,0.0,1.0,0.1,,0.9,0.9,0.9473684210526316,0.9183673469387754,0.9782608695652175,,0.0,,1.0,
D00498_06_fill_holes_and_orientation.obj,d00498,Helicopter,5,5,2,0,7,2437,2.1372659446669275,0.9269375785504818,0.7373986116159983,0.5517854393872874,5,5,2,0,0.7142857142857143,0.0,0.5,0.0,0.2857142857142857,1.0,0.5,1.0,0.4166666666666667,0.4166666666666667,0.588235294117647,0.5319148936170213,0.6578947368421053,-0.37796447300922725,-0.2857142857142857,-0.5,0.7142857142857143,
D00500_06_fill_holes_and_orientation.obj,d00500,Helicopter,5,5,2,0,7,2437,1.8707519213499164,0.9200167574361122,0.7322771297593622,0.6371523797895857,5,5,2,0,0.7142857142857143,0.0,0.5,0.0,0.2857142857142857,1.0,0.5,1.0,0.4166666666666667,0.4166666666666667,0.588235294117647,0.5319148936170213,0.6578947368421053,-0.37796447300922725,-0.2857142857142857,-0.5,0.7142857142857143,
D00502_06_fill_holes_and_orientation.obj,d00502,Helicopter,3,7,4,0,7,2437,1.5620473292828134,0.9279262672811059,0.6738408101470106,0.3647442587311446,3,7,4,0,0.42857142857142855,0.0,0.3,0.0,0.5714285714285714,1.0,0.7,1.0,0.21428571428571427,0.21428571428571427,0.3529411764705882,0.3191489361702127,0.3947368421052631,-0.6324555320336759,-0.5714285714285714,-0.7,0.42857142857142855,
D00644_06_fill_holes_and_orientation.obj,d00644,Helicopter,7,3,0,0,7,2437,2.431868964805698,0.9243820695433599,0.77837070025425,0.7720617383222419,7,3,0,0,1.0,0.0,0.7,,0.0,1.0,0.3,,0.7,0.7,0.8235294117647058,0.7446808510638298,0.9210526315789475,,0.0,,1.0,
D00658_06_fill_holes_and_orientation.obj,d00658,Helicopter,9,1,0,0,7,2437,3.1547899035838074,0.9356933389191454,0.8290881239708457,0.9363792118010483,9,1,0,0,1.0,0.0,0.9,,0.0,1.0,0.1,,0.9,0.9,0.9473684210526316,0.9183673469387754,0.9782608695652175,,0.0,,1.0,
D00751_06_fill_holes_and_orientation.obj,d00751,Helicopter,1,9,6,0,7,2437,0.6962079038241576,0.8808043569333892,0.5327339669310536,0.06943122193677728,1,9,6,0,0.14285714285714285,0.0,0.1,0.0,0.8571428571428571,1.0,0.9,1.0,0.0625,0.0625,0.11764705882352941,0.10638297872340426,0.13157894736842102,-0.8783100656536799,-0.8571428571428572,-0.9,0.14285714285714285,
D00796_06_fill_holes_and_orientation.obj,d00796,Helicopter,1,9,6,0,7,2437,0.754969178893304,0.885731043150398,0.5463967161327218,0.07839826897867534,1,9,6,0,0.14285714285714285,0.0,0.1,0.0,0.8571428571428571,1.0,0.9,1.0,0.0625,0.0625,0.11764705882352941,0.10638297872340426,0.13157894736842102,-0.8783100656536799,-0.8571428571428572,-0.9,0.14285714285714285,
D00820_06_fill_holes_and_orientation.obj,d00820,Helicopter,6,4,1,0,7,2437,2.6250302403570234,0.9293255131964809,0.7909160529250153,0.7058075148678529,6,4,1,0,0.8571428571428571,0.0,0.6,0.0,0.14285714285714285,1.0,0.4,1.0,0.5454545454545454,0.5454545454545454,0.7058823529411764,0.6382978723404255,0.7894736842105262,-0.23904572186687872,-0.1428571428571429,-0.4,0.8571428571428571,
D00868_06_fill_holes_and_orientation.obj,d00868,Helicopter,3,7,4,0,7,2437,1.7295875602510247,0.9330959363217428,0.6879276471845783,0.3557772116892466,3,7,4,0,0.42857142857142855,0.0,0.3,0.0,0.5714285714285714,1.0,0.7,1.0,0.21428571428571427,0.21428571428571427,0.3529411764705882,0.3191489361702127,0.3947368421052631,-0.6324555320336759,-0.5714285714285714,-0.7,0.42857142857142855,
D00977_06_fill_holes_and_orientation.obj,d00977,Helicopter,4,6,3,0,7,2437,2.343508115416941,0.9292333472978634,0.7648482087843509,0.5473983622993503,4,6,3,0,0.5714285714285714,0.0,0.4,0.0,0.42857142857142855,1.0,0.6,1.0,0.3076923076923077,0.3076923076923077,0.47058823529411764,0.425531914893617,0.5263157894736841,-0.50709255283711,-0.4285714285714286,-0.6,0.5714285714285714,
D00986_06_fill_holes_and_orientation.obj,d00986,Helicopter,1,9,6,0,7,2437,0.8919256740958302,0.8974947633012149,0.5875189860246184,0.2200917662980802,1,9,6,0,0.14285714285714285,0.0,0.1,0.0,0.8571428571428571,1.0,0.9,1.0,0.0625,0.0625,0.11764705882352941,0.10638297872340426,0.13157894736842102,-0.8783100656536799,-0.8571428571428572,-0.9,0.14285714285714285,
D00991_06_fill_holes_and_orientation.obj,d00991,Helicopter,3,7,4,0,7,2437,1.612703076237927,0.9262086300795978,0.6913252167379663,0.4085359184257956,3,7,4,0,0.42857142857142855,0.0,0.3,0.0,0.5714285714285714,1.0,0.7,1.0,0.21428571428571427,0.21428571428571427,0.3529411764705882,0.3191489361702127,0.3947368421052631,-0.6324555320336759,-0.5714285714285714,-0.7,0.42857142857142855,
m1302_06_fill_holes_and_orientation.obj,m1302,Helicopter,2,8,5,0,7,2437,0.606127342722979,0.8674319229157939,0.5234280454747395,0.18844415212771543,2,8,5,0,0.2857142857142857,0.0,0.2,0.0,0.7142857142857143,1.0,0.8,1.0,0.13333333333333333,0.13333333333333333,0.23529411764705882,0.2127659574468085,0.26315789473684204,-0.7559289460184545,-0.7142857142857143,-0.8,0.2857142857142857,
m1304_06_fill_holes_and_orientation.obj,m1304,Helicopter,0,10,7,0,7,2437,0.1862685161467838,0.6381315458734813,0.4078179352686747,0.0,0,10,7,0,0.0,0.0,0.0,0.0,1.0,1.0,1.0,1.0,0.0,0.0,,,,-1.0,-1.0,-1.0,0.0,
m1305_06_fill_holes_and_orientation.obj,m1305,Helicopter,0,10,6,0,6,2437,0.24290100660314537,0.6790615835777126,0.40749285581361006,0.0,0,10,6,0,0.0,0.0,0.0,0.0,1.0,1.0,1.0,1.0,0.0,0.0,,,,-1.0,-1.0,-1.0,0.0,
m1306_06_fill_holes_and_orientation.obj,m1306,Helicopter,2,8,5,0,7,2437,1.3667784304944741,0.9182739840804357,0.6569199031659152,0.2895229882348575,2,8,5,0,0.2857142857142857,0.0,0.2,0.0,0.7142857142857143,1.0,0.8,1.0,0.13333333333333333,0.13333333333333333,0.23529411764705882,0.2127659574468085,0.26315789473684204,-0.7559289460184545,-0.7142857142857143,-0.8,0.2857142857142857,
m1307_06_fill_holes_and_orientation.obj,m1307,Helicopter,5,5,2,0,7,2437,1.3391285001171678,0.911587767071638,0.6247048179478525,0.3699573188553854,5,5,2,0,0.7142857142857143,0.0,0.5,0.0,0.2857142857142857,1.0,0.5,1.0,0.4166666666666667,0.4166666666666667,0.588235294117647,0.5319148936170213,0.6578947368421053,-0.37796447300922725,-0.2857142857142857,-0.5,0.7142857142857143,
m1308_06_fill_holes_and_orientation.obj,m1308,Helicopter,6,4,1,0,7,2437,2.388123875542934,0.924264767490574,0.7739408577053225,0.6987957033953602,6,4,1,0,0.8571428571428571,0.0,0.6,0.0,0.14285714285714285,1.0,0.4,1.0,0.5454545454545454,0.5454545454545454,0.7058823529411764,0.6382978723404255,0.7894736842105262,-0.23904572186687872,-0.1428571428571429,-0.4,0.8571428571428571,
m1309_06_fill_holes_and_orientation.obj,m1309,Helicopter,3,7,4,0,7,2437,1.6162476148479483,0.9262756598240469,0.6915075171749681,0.4085359184257956,3,7,4,0,0.42857142857142855,0.0,0.3,0.0,0.5714285714285714,1.0,0.7,1.0,0.21428571428571427,0.21428571428571427,0.3529411764705882,0.3191489361702127,0.3947368421052631,-0.6324555320336759,-0.5714285714285714,-0.7,0.42857142857142855,
m1310_06_fill_holes_and_orientation.obj,m1310,Helicopter,2,8,5,0,7,2437,1.7204862027575465,0.9319648093841643,0.6861916908456781,0.2837125544970319,2,8,5,0,0.2857142857142857,0.0,0.2,0.0,0.7142857142857143,1.0,0.8,1.0,0.13333333333333333,0.13333333333333333,0.23529411764705882,0.2127659574468085,0.26315789473684204,-0.7559289460184545,-0.7142857142857143,-0.8,0.2857142857142857,
m1311_06_fill_holes_and_orientation.obj,m1311,Helicopter,3,7,4,0,7,2437,1.3107711877336787,0.9149560117302052,0.6299511651775104,0.2719144540092836,3,7,4,0,0.42857142857142855,0.0,0.3,0.0,0.5714285714285714,1.0,0.7,1.0,0.21428571428571427,0.21428571428571427,0.3529411764705882,0.3191489361702127,0.3947368421052631,-0.6324555320336759,-0.5714285714285714,-0.7,0.42857142857142855,
m1312_06_fill_holes_and_orientation.obj,m1312,Helicopter,3,7,4,0,7,2437,0.8667171194018237,0.8927356514453288,0.5624154090845936,0.22119341301481268,3,7,4,0,0.42857142857142855,0.0,0.3,0.0,0.5714285714285714,1.0,0.7,1.0,0.21428571428571427,0.21428571428571427,0.3529411764705882,0.3191489361702127,0.3947368421052631,-0.6324555320336759,-0.5714285714285714,-0.7,0.42857142857142855,
m1313_06_fill_holes_and_orientation.obj,m1313,Helicopter,0,10,7,0,7,2437,0.7636859093278004,0.898600754084625,0.5321391855805582,0.0,0,10,7,0,0.0,0.0,0.0,0.0,1.0,1.0,1.0,1.0,0.0,0.0,,,,-1.0,-1.0,-1.0,0.0,
m1314_06_fill_holes_and_orientation.obj,m1314,Helicopter,0,10,7,0,7,2437,0.42825628787188924,0.827984918307499,0.47976838238438363,0.0,0,10,7,0,0.0,0.0,0.0,0.0,1.0,1.0,1.0,1.0,0.0,0.0,,,,-1.0,-1.0,-1.0,0.0,
m1315_06_fill_holes_and_orientation.obj,m1315,Helicopter,1,9,6,0,7,2437,1.0693998828348275,0.911336405529954,0.5764125877146796,0.06362078819895173,1,9,6,0,0.14285714285714285,0.0,0.1,0.0,0.8571428571428571,1.0,0.9,1.0,0.0625,0.0625,0.11764705882352941,0.10638297872340426,0.13157894736842102,-0.8783100656536799,-0.8571428571428572,-0.9,0.14285714285714285,
m1316_06_fill_holes_and_orientation.obj,m1316,Helicopter,0,10,7,0,7,2437,0.7004490735571091,0.8873229995810641,0.5236211226453409,0.0,0,10,7,0,0.0,0.0,0.0,0.0,1.0,1.0,1.0,1.0,0.0,0.0,,,,-1.0,-1.0,-1.0,0.0,
m1317_06_fill_holes_and_orientation.obj,m1317,Helicopter,1,9,6,0,7,2437,0.8181112117530717,0.8902639296187683,0.5746358024364588,0.2200917662980802,1,9,6,0,0.14285714285714285,0.0,0.1,0.0,0.8571428571428571,1.0,0.9,1.0,0.0625,0.0625,0.11764705882352941,0.10638297872340426,0.13157894736842102,-0.8783100656536799,-0.8571428571428572,-0.9,0.14285714285714285,
m1318_06_fill_holes_and_orientation.obj,m1318,Helicopter,2,8,5,0,7,2437,1.4582533729643874,0.9280603267700042,0.6582465004863137,0.2837125544970319,2,8,5,0,0.2857142857142857,0.0,0.2,0.0,0.7142857142857143,1.0,0.8,1.0,0.13333333333333333,0.13333333333333333,0.23529411764705882,0.2127659574468085,0.26315789473684204,-0.7559289460184545,-0.7142857142857143,-0.8,0.2857142857142857,
m1319_06_fill_holes_and_orientation.obj,m1319,Helicopter,2,8,5,0,7,2437,1.3152326182504817,0.9224884792626729,0.6077611326634694,0.1356854453911663,2,8,5,0,0.2857142857142857,0.0,0.2,0.0,0.7142857142857143,1.0,0.8,1.0,0.13333333333333333,0.13333333333333333,0.23529411764705882,0.2127659574468085,0.26315789473684204,-0.7559289460184545,-0.7142857142857143,-0.8,0.2857142857142857,
m1320_06_fill_holes_and_orientation.obj,m1320,Helicopter,5,5,1,0,6,2437,2.326032129028708,0.9297360703812316,0.730983050297247,0.5645441593704202,5,5,1,0,0.8333333333333334,0.0,0.5,0.0,0.16666666666666666,1.0,0.5,1.0,0.45454545454545453,0.45454545454545453,0.625,0.5434782608695652,0.7352941176470589,-0.28867513459481287,-0.16666666666666663,-0.5,0.8333333333333334,
m1321_06_fill_holes_and_orientation.obj,m1321,Helicopter,3,7,4,0,7,2437,1.4714235742404262,0.9245412651864264,0.6676538223495497,0.37466610587647853,3,7,4,0,0.42857142857142855,0.0,0.3,0.0,0.5714285714285714,1.0,0.7,1.0,0.21428571428571427,0.21428571428571427,0.3529411764705882,0.3191489361702127,0.3947368421052631,-0.6324555320336759,-0.5714285714285714,-0.7,0.42857142857142855,
m1322_06_fill_holes_and_orientation.obj,m1322,Helicopter,7,3,0,0,7,2437,2.3156275655884877,0.9319648093841643,0.7191938578863301,0.56264752084969,7,3,0,0,1.0,0.0,0.7,,0.0,1.0,0.3,,0.7,0.7,0.8235294117647058,0.7446808510638298,0.9210526315789475,,0.0,,1.0,
m1323_06_fill_holes_and_orientation.obj,m1323,Helicopter,6,4,1,0,7,2437,2.2517848133646075,0.9330791788856305,0.7540335179488958,0.6496872770120412,6,4,1,0,0.8571428571428571,0.0,0.6,0.0,0.14285714285714285,1.0,0.4,1.0,0.5454545454545454,0.5454545454545454,0.7058823529411764,0.6382978723404255,0.7894736842105262,-0.23904572186687872,-0.1428571428571429,-0.4,0.8571428571428571,
m1325_06_fill_holes_and_orientation.obj,m1325,Helicopter,7,3,0,0,7,2437,2.6977348690102763,0.9414746543778802,0.7861200268085093,0.7312625444731049,7,3,0,0,1.0,0.0,0.7,,0.0,1.0,0.3,,0.7,0.7,0.8235294117647058,0.7446808510638298,0.9210526315789475,,0.0,,1.0,
m1326_06_fill_holes_and_orientation.obj,m1326,Helicopter,4,6,3,0,7,2437,2.277204783838452,0.9398324256388773,0.7438136105946511,0.47479014188018465,4,6,3,0,0.5714285714285714,0.0,0.4,0.0,0.42857142857142855,1.0,0.6,1.0,0.3076923076923077,0.3076923076923077,0.47058823529411764,0.425531914893617,0.5263157894736841,-0.50709255283711,-0.4285714285714286,-0.6,0.5714285714285714,
m1327_06_fill_holes_and_orientation.obj,m1327,Helicopter,8,2,0,0,6,2437,3.3428190815861,0.9343443653121073,0.809479636902969,0.8486026589039901,8,2,0,0,1.0,0.0,0.8,,0.0,1.0,0.2,,0.8,0.8,0.888888888888889,0.8333333333333334,0.9523809523809523,,0.0,,1.0,
m1328_06_fill_holes_and_orientation.obj,m1328,Helicopter,3,7,4,0,7,2437,1.3771084003925262,0.9176539589442816,0.6213834138236272,0.21145027911440437,3,7,4,0,0.42857142857142855,0.0,0.3,0.0,0.5714285714285714,1.0,0.7,1.0,0.21428571428571427,0.21428571428571427,0.3529411764705882,0.3191489361702127,0.3947368421052631,-0.6324555320336759,-0.5714285714285714,-0.7,0.42857142857142855,
m1329_06_fill_holes_and_orientation.obj,m1329,Helicopter,0,10,7,0,7,2437,0.16304866692673042,0.5876916631755341,0.3933764819993694,0.0,0,10,7,0,0.0,0.0,0.0,0.0,1.0,1.0,1.0,1.0,0.0,0.0,,,,-1.0,-1.0,-1.0,0.0,
m1330_06_fill_holes_and_orientation.obj,m1330,Helicopter,0,10,7,0,7,2437,0.6314433702644642,0.8796313364055299,0.5109876056600722,0.0,0,10,7,0,0.0,0.0,0.0,0.0,1.0,1.0,1.0,1.0,0.0,0.0,,,,-1.0,-1.0,-1.0,0.0,
m1332_06_fill_holes_and_orientation.obj,m1332,Helicopter,3,7,4,0,7,2437,1.4672765203974312,0.9172852953498115,0.66969051416578,0.37466610587647853,3,7,4,0,0.42857142857142855,0.0,0.3,0.0,0.5714285714285714,1.0,0.7,1.0,0.21428571428571427,0.21428571428571427,0.3529411764705882,0.3191489361702127,0.3947368421052631,-0.6324555320336759,-0.5714285714285714,-0.7,0.42857142857142855,
m1333_06_fill_holes_and_orientation.obj,m1333,Helicopter,0,10,7,0,7,2437,0.8914627134387414,0.8987264348554671,0.5512512473469703,0.0,0,10,7,0,0.0,0.0,0.0,0.0,1.0,1.0,1.0,1.0,0.0,0.0,,,,-1.0,-1.0,-1.0,0.0,
m1334_06_fill_holes_and_orientation.obj,m1334,Helicopter,1,9,6,0,7,2437,0.8285429181473916,0.8921156263091747,0.5597954128505865,0.13886244387355456,1,9,6,0,0.14285714285714285,0.0,0.1,0.0,0.8571428571428571,1.0,0.9,1.0,0.0625,0.0625,0.11764705882352941,0.10638297872340426,0.13157894736842102,-0.8783100656536799,-0.8571428571428572,-0.9,0.14285714285714285,
m1336_06_fill_holes_and_orientation.obj,m1336,Helicopter,1,9,6,0,7,2437,0.8116781209584547,0.9041139505655635,0.5370010537939552,0.06625422345438904,1,9,6,0,0.14285714285714285,0.0,0.1,0.0,0.8571428571428571,1.0,0.9,1.0,0.0625,0.0625,0.11764705882352941,0.10638297872340426,0.13157894736842102,-0.8783100656536799,-0.8571428571428572,-0.9,0.14285714285714285,
D00001_06_fill_holes_and_orientation.obj,d00001,House,5,5,2,0,7,2437,1.312154549371805,0.7679115570419918,0.6723435822148632,0.5894280199323519,5,5,2,0,0.7142857142857143,0.0,0.5,0.0,0.2857142857142857,1.0,0.5,1.0,0.4166666666666667,0.4166666666666667,0.588235294117647,0.5319148936170213,0.6578947368421053,-0.37796447300922725,-0.2857142857142857,-0.5,0.7142857142857143,
D00044_06_fill_holes_and_orientation.obj,d00044,House,5,5,2,0,7,2437,1.253610452008507,0.8031586770717205,0.6329494235139587,0.4451989745299882,5,5,2,0,0.7142857142857143,0.0,0.5,0.0,0.2857142857142857,1.0,0.5,1.0,0.4166666666666667,0.4166666666666667,0.588235294117647,0.5319148936170213,0.6578947368421053,-0.37796447300922725,-0.2857142857142857,-0.5,0.7142857142857143,
D00091_06_fill_holes_and_orientation.obj,d00091,House,2,8,5,0,7,2437,0.3416658277773505,0.6070698625046451,0.4725800115652377,0.1517621910780354,2,8,5,0,0.2857142857142857,0.0,0.2,0.0,0.7142857142857143,1.0,0.8,1.0,0.13333333333333333,0.13333333333333333,0.23529411764705882,0.2127659574468085,0.26315789473684204,-0.7559289460184545,-0.7142857142857143,-0.8,0.2857142857142857,
D00095_06_fill_holes_and_orientation.obj,d00095,House,1,9,6,0,7,2437,0.2591183825334531,0.5615013006317355,0.444834880267544,0.06625422345438904,1,9,6,0,0.14285714285714285,0.0,0.1,0.0,0.8571428571428571,1.0,0.9,1.0,0.0625,0.0625,0.11764705882352941,0.10638297872340426,0.13157894736842102,-0.8783100656536799,-0.8571428571428572,-0.9,0.14285714285714285,
D00286_06_fill_holes_and_orientation.obj,d00286,House,0,10,7,0,7,2437,0.4864366679804965,0.7981698253437385,0.49643154412993706,0.0,0,10,7,0,0.0,0.0,0.0,0.0,1.0,1.0,1.0,1.0,0.0,0.0,,,,-1.0,-1.0,-1.0,0.0,
D00325_06_fill_holes_and_orientation.obj,d00325,House,1,9,6,0,7,2437,0.27351355711632364,0.6121330360460795,0.4590985396779125,0.13886244387355456,1,9,6,0,0.14285714285714285,0.0,0.1,0.0,0.8571428571428571,1.0,0.9,1.0,0.0625,0.0625,0.11764705882352941,0.10638297872340426,0.13157894736842102,-0.8783100656536799,-0.8571428571428572,-0.9,0.14285714285714285,
D00359_06_fill_holes_and_orientation.obj,d00359,House,0,10,7,0,7,2437,0.25444050331419504,0.5685804533630621,0.4418422781725498,0.0,0,10,7,0,0.0,0.0,0.0,0.0,1.0,1.0,1.0,1.0,0.0,0.0,,,,-1.0,-1.0,-1.0,0.0,
D00389_06_fill_holes_and_orientation.obj,d00389,House,2,8,5,0,7,2437,1.0262342999974847,0.8133500557413601,0.5882477010915418,0.17318663334822615,2,8,5,0,0.2857142857142857,0.0,0.2,0.0,0.7142857142857143,1.0,0.8,1.0,0.13333333333333333,0.13333333333333333,0.23529411764705882,0.2127659574468085,0.26315789473684204,-0.7559289460184545,-0.7142857142857143,-0.8,0.2857142857142857,
D00415_06_fill_holes_and_orientation.obj,d00415,House,0,10,7,0,7,2437,0.6232194637912173,0.8518115942028985,0.5205110447086821,0.0,0,10,7,0,0.0,0.0,0.0,0.0,1.0,1.0,1.0,1.0,0.0,0.0,,,,-1.0,-1.0,-1.0,0.0,
D00454_06_fill_holes_and_orientation.obj,d00454,House,1,9,6,0,7,2437,0.27203717594642235,0.44362690449646963,0.4620948366352277,0.2200917662980802,1,9,6,0,0.14285714285714285,0.0,0.1,0.0,0.8571428571428571,1.0,0.9,1.0,0.0625,0.0625,0.11764705882352941,0.10638297872340426,0.13157894736842102,-0.8783100656536799,-0.8571428571428572,-0.9,0.14285714285714285,
D00568_06_fill_holes_and_orientation.obj,d00568,House,0,10,7,0,7,2437,0.14231398698261297,0.4464418431809736,0.4024318706021023,0.0,0,10,7,0,0.0,0.0,0.0,0.0,1.0,1.0,1.0,1.0,0.0,0.0,,,,-1.0,-1.0,-1.0,0.0,
D00574_06_fill_holes_and_orientation.obj,d00574,House,0,10,7,0,7,2437,0.125678281391586,0.5143998513563731,0.38508724504383735,0.0,0,10,7,0,0.0,0.0,0.0,0.0,1.0,1.0,1.0,1.0,0.0,0.0,,,,-1.0,-1.0,-1.0,0.0,
D00665_06_fill_holes_and_orientation.obj,d00665,House,1,9,6,0,7,2437,0.366510606758801,0.6471293199554069,0.49463305325115253,0.2200917662980802,1,9,6,0,0.14285714285714285,0.0,0.1,0.0,0.8571428571428571,1.0,0.9,1.0,0.0625,0.0625,0.11764705882352941,0.10638297872340426,0.13157894736842102,-0.8783100656536799,-0.8571428571428572,-0.9,0.14285714285714285,
D00873_06_fill_holes_and_orientation.obj,d00873,House,0,10,7,0,7,2437,0.09882763219111088,0.33276662950575997,0.3757783292883194,0.0,0,10,7,0,0.0,0.0,0.0,0.0,1.0,1.0,1.0,1.0,0.0,0.0,,,,-1.0,-1.0,-1.0,0.0,
D00889_06_fill_holes_and_orientation.obj,d00889,House,1,9,6,0,7,2437,0.21260898456151553,0.4892883686361946,0.43412301596129327,0.08514311764162101,1,9,6,0,0.14285714285714285,0.0,0.1,0.0,0.8571428571428571,1.0,0.9,1.0,0.0625,0.0625,0.11764705882352941,0.10638297872340426,0.13157894736842102,-0.8783100656536799,-0.8571428571428572,-0.9,0.14285714285714285,
D00901_06_fill_holes_and_orientation.obj,d00901,House,4,6,3,0,7,2437,0.9911267904017903,0.7515235971757711,0.6046633331441116,0.412449713642891,4,6,3,0,0.5714285714285714,0.0,0.4,0.0,0.42857142857142855,1.0,0.6,1.0,0.3076923076923077,0.3076923076923077,0.47058823529411764,0.425531914893617,0.5263157894736841,-0.50709255283711,-0.4285714285714286,-0.6,0.5714285714285714,
D00903_06_fill_holes_and_orientation.obj,d00903,House,5,5,2,0,7,2437,1.1045581263205477,0.7285117056856187,0.6062840468828016,0.44173955623824734,5,5,2,0,0.7142857142857143,0.0,0.5,0.0,0.2857142857142857,1.0,0.5,1.0,0.4166666666666667,0.4166666666666667,0.588235294117647,0.5319148936170213,0.6578947368421053,-0.37796447300922725,-0.2857142857142857,-0.5,0.7142857142857143,
D00941_06_fill_holes_and_orientation.obj,d00941,House,1,9,6,0,7,2437,0.2724075553361768,0.4434132292827945,0.46220706363406017,0.2200917662980802,1,9,6,0,0.14285714285714285,0.0,0.1,0.0,0.8571428571428571,1.0,0.9,1.0,0.0625,0.0625,0.11764705882352941,0.10638297872340426,0.13157894736842102,-0.8783100656536799,-0.8571428571428572,-0.9,0.14285714285714285,
D00946_06_fill_holes_and_orientation.obj,d00946,House,1,9,5,0,6,2437,0.8217731627700443,0.7518766257896693,0.5337761521566985,0.08514311764162101,1,9,5,0,0.16666666666666666,0.0,0.1,0.0,0.8333333333333334,1.0,0.9,1.0,0.06666666666666667,0.06666666666666667,0.125,0.10869565217391304,0.14705882352941177,-0.8660254037844386,-0.8333333333333334,-0.9,0.16666666666666666,
D00965_06_fill_holes_and_orientation.obj,d00965,House,4,6,3,0,7,2437,0.9720586721917229,0.7463210702341136,0.6278815800460507,0.4920062203073638,4,6,3,0,0.5714285714285714,0.0,0.4,0.0,0.42857142857142855,1.0,0.6,1.0,0.3076923076923077,0.3076923076923077,0.47058823529411764,0.425531914893617,0.5263157894736841,-0.50709255283711,-0.4285714285714286,-0.6,0.5714285714285714,
m423_06_fill_holes_and_orientation.obj,m423,House,0,10,7,0,7,2437,0.0962205951162107,0.3709401709401709,0.37200951642232255,0.0,0,10,7,0,0.0,0.0,0.0,0.0,1.0,1.0,1.0,1.0,0.0,0.0,,,,-1.0,-1.0,-1.0,0.0,
m429_06_fill_holes_and_orientation.obj,m429,House,3,7,4,0,7,2437,0.7163929533463496,0.7159234485321442,0.5607355772514598,0.29062463495159,3,7,4,0,0.42857142857142855,0.0,0.3,0.0,0.5714285714285714,1.0,0.7,1.0,0.21428571428571427,0.21428571428571427,0.3529411764705882,0.3191489361702127,0.3947368421052631,-0.6324555320336759,-0.5714285714285714,-0.7,0.42857142857142855,
m430_06_fill_holes_and_orientation.obj,m430,House,5,5,2,0,7,2437,1.0665121227888812,0.7329895949461167,0.6144248139074011,0.49545888247018083,5,5,2,0,0.7142857142857143,0.0,0.5,0.0,0.2857142857142857,1.0,0.5,1.0,0.4166666666666667,0.4166666666666667,0.588235294117647,0.5319148936170213,0.6578947368421053,-0.37796447300922725,-0.2857142857142857,-0.5,0.7142857142857143,
m431_06_fill_holes_and_orientation.obj,m431,House,0,10,7,0,7,2437,0.09447709992828261,0.37714604236343363,0.37204061265194766,0.0,0,10,7,0,0.0,0.0,0.0,0.0,1.0,1.0,1.0,1.0,0.0,0.0,,,,-1.0,-1.0,-1.0,0.0,
m432_06_fill_holes_and_orientation.obj,m432,House,1,9,6,0,7,2437,0.11152374979517936,0.2475102192493497,0.38134981425420167,0.09478836436955079,1,9,6,0,0.14285714285714285,0.0,0.1,0.0,0.8571428571428571,1.0,0.9,1.0,0.0625,0.0625,0.11764705882352941,0.10638297872340426,0.13157894736842102,-0.8783100656536799,-0.8571428571428572,-0.9,0.14285714285714285,
m433_06_fill_holes_and_orientation.obj,m433,House,1,9,6,0,7,2437,0.17406811387327342,0.40432924563359346,0.41953411899436266,0.09478836436955079,1,9,6,0,0.14285714285714285,0.0,0.1,0.0,0.8571428571428571,1.0,0.9,1.0,0.0625,0.0625,0.11764705882352941,0.10638297872340426,0.13157894736842102,-0.8783100656536799,-0.8571428571428572,-0.9,0.14285714285714285,
m434_06_fill_holes_and_orientation.obj,m434,House,2,8,5,0,7,2437,0.3012261586644508,0.5367707172054998,0.4584055835431405,0.13698471029831177,2,8,5,0,0.2857142857142857,0.0,0.2,0.0,0.7142857142857143,1.0,0.8,1.0,0.13333333333333333,0.13333333333333333,0.23529411764705882,0.2127659574468085,0.26315789473684204,-0.7559289460184545,-0.7142857142857143,-0.8,0.2857142857142857,
m435_06_fill_holes_and_orientation.obj,m435,House,0,10,7,0,7,2437,0.0740493429280238,0.2437662578966927,0.35373536209040224,0.0,0,10,7,0,0.0,0.0,0.0,0.0,1.0,1.0,1.0,1.0,0.0,0.0,,,,-1.0,-1.0,-1.0,0.0,
m436_06_fill_holes_and_orientation.obj,m436,House,1,9,6,0,7,2437,0.24146516134767806,0.39973058342623563,0.4453971695426576,0.2200917662980802,1,9,6,0,0.14285714285714285,0.0,0.1,0.0,0.8571428571428571,1.0,0.9,1.0,0.0625,0.0625,0.11764705882352941,0.10638297872340426,0.13157894736842102,-0.8783100656536799,-0.8571428571428572,-0.9,0.14285714285714285,
m439_06_fill_holes_and_orientation.obj,m439,House,0,10,7,0,7,2437,0.07252309223040551,0.22717391304347825,0.35083154282152745,0.0,0,10,7,0,0.0,0.0,0.0,0.0,1.0,1.0,1.0,1.0,0.0,0.0,,,,-1.0,-1.0,-1.0,0.0,
m440_06_fill_holes_and_orientation.obj,m440,House,0,10,7,0,7,2437,0.07794078129080208,0.25466369379412856,0.35903226087035583,0.0,0,10,7,0,0.0,0.0,0.0,0.0,1.0,1.0,1.0,1.0,0.0,0.0,,,,-1.0,-1.0,-1.0,0.0,
m441_06_fill_holes_and_orientation.obj,m441,House,2,8,5,0,7,2437,0.8191038475509484,0.820837978446674,0.5611880576085138,0.16104258782393985,2,8,5,0,0.2857142857142857,0.0,0.2,0.0,0.7142857142857143,1.0,0.8,1.0,0.13333333333333333,0.13333333333333333,0.23529411764705882,0.2127659574468085,0.26315789473684204,-0.7559289460184545,-0.7142857142857143,-0.8,0.2857142857142857,
m443_06_fill_holes_and_orientation.obj,m443,House,1,9,6,0,7,2437,0.3066913077211296,0.48801560758082496,0.47848148031702703,0.2200917662980802,1,9,6,0,0.14285714285714285,0.0,0.1,0.0,0.8571428571428571,1.0,0.9,1.0,0.0625,0.0625,0.11764705882352941,0.10638297872340426,0.13157894736842102,-0.8783100656536799,-0.8571428571428572,-0.9,0.14285714285714285,
m446_06_fill_holes_and_orientation.obj,m446,House,0,10,7,0,7,2437,0.07521906818058384,0.2547287253808993,0.35466583518137446,0.0,0,10,7,0,0.0,0.0,0.0,0.0,1.0,1.0,1.0,1.0,0.0,0.0,,,,-1.0,-1.0,-1.0,0.0,
m447_06_fill_holes_and_orientation.obj,m447,House,0,10,7,0,7,2437,0.11262605315910608,0.3766908212560387,0.3863458083799682,0.0,0,10,7,0,0.0,0.0,0.0,0.0,1.0,1.0,1.0,1.0,0.0,0.0,,,,-1.0,-1.0,-1.0,0.0,
m448_06_fill_holes_and_orientation.obj,m448,House,4,6,3,0,7,2437,1.0803117560752082,0.7881642512077296,0.6474344340542645,0.5173633627401373,4,6,3,0,0.5714285714285714,0.0,0.4,0.0,0.42857142857142855,1.0,0.6,1.0,0.3076923076923077,0.3076923076923077,0.47058823529411764,0.425531914893617,0.5263157894736841,-0.50709255283711,-0.4285714285714286,-0.6,0.5714285714285714,
m449_06_fill_holes_and_orientation.obj,m449,House,0,10,7,0,7,2437,0.14078599932362987,0.4660999628390933,0.3956877827931987,0.0,0,10,7,0,0.0,0.0,0.0,0.0,1.0,1.0,1.0,1.0,0.0,0.0,,,,-1.0,-1.0,-1.0,0.0,
m451_06_fill_holes_and_orientation.obj,m451,House,0,10,7,0,7,2437,0.09608820038349565,0.32004830917874394,0.37606134275043707,0.0,0,10,7,0,0.0,0.0,0.0,0.0,1.0,1.0,1.0,1.0,0.0,0.0,,,,-1.0,-1.0,-1.0,0.0,
m452_06_fill_holes_and_orientation.obj,m452,House,5,5,2,0,7,2437,1.2793969987055616,0.820661464139725,0.6285674557017822,0.4198523768135527,5,5,2,0,0.7142857142857143,0.0,0.5,0.0,0.2857142857142857,1.0,0.5,1.0,0.4166666666666667,0.4166666666666667,0.588235294117647,0.5319148936170213,0.6578947368421053,-0.37796447300922725,-0.2857142857142857,-0.5,0.7142857142857143,
m453_06_fill_holes_and_orientation.obj,m453,House,5,5,2,0,7,2437,1.1906592461693606,0.8170568561872911,0.6329028570307181,0.46392645631755647,5,5,2,0,0.7142857142857143,0.0,0.5,0.0,0.2857142857142857,1.0,0.5,1.0,0.4166666666666667,0.4166666666666667,0.588235294117647,0.5319148936170213,0.6578947368421053,-0.37796447300922725,-0.2857142857142857,-0.5,0.7142857142857143,
m454_06_fill_holes_and_orientation.obj,m454,House,1,9,6,0,7,2437,0.16377072387686437,0.38076923076923075,0.4105569780168849,0.13886244387355456,1,9,6,0,0.14285714285714285,0.0,0.1,0.0,0.8571428571428571,1.0,0.9,1.0,0.0625,0.0625,0.11764705882352941,0.10638297872340426,0.13157894736842102,-0.8783100656536799,-0.8571428571428572,-0.9,0.14285714285714285,
m456_06_fill_holes_and_orientation.obj,m456,House,0,10,7,0,7,2437,0.30031661177925173,0.6185897435897436,0.4574674525041266,0.0,0,10,7,0,0.0,0.0,0.0,0.0,1.0,1.0,1.0,1.0,0.0,0.0,,,,-1.0,-1.0,-1.0,0.0,
m457_06_fill_holes_and_orientation.obj,m457,House,1,9,6,0,7,2437,0.3066775389330624,0.48798773690078034,0.47847465018533886,0.2200917662980802,1,9,6,0,0.14285714285714285,0.0,0.1,0.0,0.8571428571428571,1.0,0.9,1.0,0.0625,0.0625,0.11764705882352941,0.10638297872340426,0.13157894736842102,-0.8783100656536799,-0.8571428571428572,-0.9,0.14285714285714285,
m460_06_fill_holes_and_orientation.obj,m460,House,3,7,4,0,7,2437,0.7229414273100189,0.7080174656261613,0.5502871937864403,0.2583297509898471,3,7,4,0,0.42857142857142855,0.0,0.3,0.0,0.5714285714285714,1.0,0.7,1.0,0.21428571428571427,0.21428571428571427,0.3529411764705882,0.3191489361702127,0.3947368421052631,-0.6324555320336759,-0.5714285714285714,-0.7,0.42857142857142855,
m461_06_fill_holes_and_orientation.obj,m461,House,0,10,7,0,7,2437,0.36370974606856404,0.7471107395020439,0.4705443888075713,0.0,0,10,7,0,0.0,0.0,0.0,0.0,1.0,1.0,1.0,1.0,0.0,0.0,,,,-1.0,-1.0,-1.0,0.0,
m462_06_fill_holes_and_orientation.obj,m462,House,1,9,6,0,7,2437,0.24969963371275208,0.587736900780379,0.4450535036598701,0.06362078819895173,1,9,6,0,0.14285714285714285,0.0,0.1,0.0,0.8571428571428571,1.0,0.9,1.0,0.0625,0.0625,0.11764705882352941,0.10638297872340426,0.13157894736842102,-0.8783100656536799,-0.8571428571428572,-0.9,0.14285714285714285,
D00013_06_fill_holes_and_orientation.obj,d00013,HumanHead,6,4,1,0,7,2437,2.9714671996790556,0.9508671973188103,0.7578733757462056,0.496393297395301,6,4,1,0,0.8571428571428571,0.0,0.6,0.0,0.14285714285714285,1.0,0.4,1.0,0.5454545454545454,0.5454545454545454,0.7058823529411764,0.6382978723404255,0.7894736842105262,-0.23904572186687872,-0.1428571428571429,-0.4,0.8571428571428571,
D00061_06_fill_holes_and_orientation.obj,d00061,HumanHead,0,10,7,0,7,2437,0.8163422581038111,0.8735316296606619,0.5316042186371805,0.0,0,10,7,0,0.0,0.0,0.0,0.0,1.0,1.0,1.0,1.0,0.0,0.0,,,,-1.0,-1.0,-1.0,0.0,
D00072_06_fill_holes_and_orientation.obj,d00072,HumanHead,4,6,3,0,7,2437,2.2075447061481914,0.9269627147046502,0.7053354303150902,0.3494867399516553,4,6,3,0,0.5714285714285714,0.0,0.4,0.0,0.42857142857142855,1.0,0.6,1.0,0.3076923076923077,0.3076923076923077,0.47058823529411764,0.425531914893617,0.5263157894736841,-0.50709255283711,-0.4285714285714286,-0.6,0.5714285714285714,
D00106_06_fill_holes_and_orientation.obj,d00106,HumanHead,0,10,7,0,7,2437,0.3351274081128851,0.7534059488898197,0.4511736625623749,0.0,0,10,7,0,0.0,0.0,0.0,0.0,1.0,1.0,1.0,1.0,0.0,0.0,,,,-1.0,-1.0,-1.0,0.0,
D00131_06_fill_holes_and_orientation.obj,d00131,HumanHead,9,1,0,0,7,2437,3.719047346421987,0.9360452450775031,0.8598283730332278,0.9337457765456111,9,1,0,0,1.0,0.0,0.9,,0.0,1.0,0.1,,0.9,0.9,0.9473684210526316,0.9183673469387754,0.9782608695652175,,0.0,,1.0,
D00205_06_fill_holes_and_orientation.obj,d00205,HumanHead,7,3,0,0,7,2437,3.874301791906899,0.9371093422706327,0.8630447176024285,0.791726719367984,7,3,0,0,1.0,0.0,0.7,,0.0,1.0,0.3,,0.7,0.7,0.8235294117647058,0.7446808510638298,0.9210526315789475,,0.0,,1.0,
D00313_06_fill_holes_and_orientation.obj,d00313,HumanHead,7,3,0,0,7,2437,3.1435011949497387,0.9370674486803519,0.7859744858088413,0.6352557412688554,7,3,0,0,1.0,0.0,0.7,,0.0,1.0,0.3,,0.7,0.7,0.8235294117647058,0.7446808510638298,0.9210526315789475,,0.0,,1.0,
D00434_06_fill_holes_and_orientation.obj,d00434,HumanHead,7,3,0,0,7,2437,3.0661743863860265,0.9037704231252619,0.7953261407668621,0.6848374495230164,7,3,0,0,1.0,0.0,0.7,,0.0,1.0,0.3,,0.7,0.7,0.8235294117647058,0.7446808510638298,0.9210526315789475,,0.0,,1.0,
D00487_06_fill_holes_and_orientation.obj,d00487,HumanHead,7,3,0,0,7,2437,3.288741418093417,0.9530372852953498,0.8343725658275649,0.7885497208855957,7,3,0,0,1.0,0.0,0.7,,0.0,1.0,0.3,,0.7,0.7,0.8235294117647058,0.7446808510638298,0.9210526315789475,,0.0,,1.0,
D00488_06_fill_holes_and_orientation.obj,d00488,HumanHead,9,1,0,0,7,2437,3.999295232872836,0.9259907834101382,0.8723062986046873,0.9363792118010483,9,1,0,0,1.0,0.0,0.9,,0.0,1.0,0.1,,0.9,0.9,0.9473684210526316,0.9183673469387754,0.9782608695652175,,0.0,,1.0,
D00566_06_fill_holes_and_orientation.obj,d00566,HumanHead,8,2,0,0,7,2437,3.7135257023435857,0.9385504817762882,0.8558461682266929,0.8482378089219648,8,2,0,0,1.0,0.0,0.8,,0.0,1.0,0.2,,0.8,0.8,0.888888888888889,0.8333333333333334,0.9523809523809523,,0.0,,1.0,
D00578_06_fill_holes_and_orientation.obj,d00578,HumanHead,1,9,5,0,6,2437,1.00383331719292,0.87683284457478,0.5507622867456523,0.07336392209936006,1,9,5,0,0.16666666666666666,0.0,0.1,0.0,0.8333333333333334,1.0,0.9,1.0,0.06666666666666667,0.06666666666666667,0.125,0.10869565217391304,0.14705882352941177,-0.8660254037844386,-0.8333333333333334,-0.9,0.16666666666666666,
D00591_06_fill_holes_and_orientation.obj,d00591,HumanHead,4,6,3,0,7,2437,2.3080684040126975,0.9395978215333054,0.7644319766397267,0.5637884576902257,4,6,3,0,0.5714285714285714,0.0,0.4,0.0,0.42857142857142855,1.0,0.6,1.0,0.3076923076923077,0.3076923076923077,0.47058823529411764,0.425531914893617,0.5263157894736841,-0.50709255283711,-0.4285714285714286,-0.6,0.5714285714285714,
D00610_06_fill_holes_and_orientation.obj,d00610,HumanHead,8,2,0,0,7,2437,3.5849964540729324,0.9267783829074152,0.8465006736078413,0.8389574121760603,8,2,0,0,1.0,0.0,0.8,,0.0,1.0,0.2,,0.8,0.8,0.888888888888889,0.8333333333333334,0.9523809523809523,,0.0,,1.0,
D00629_06_fill_holes_and_orientation.obj,d00629,HumanHead,6,4,1,0,7,2437,3.2800269322085644,0.9152660242982824,0.8199482769852796,0.6722390270733758,6,4,1,0,0.8571428571428571,0.0,0.6,0.0,0.14285714285714285,1.0,0.4,1.0,0.5454545454545454,0.5454545454545454,0.7058823529411764,0.6382978723404255,0.7894736842105262,-0.23904572186687872,-0.1428571428571429,-0.4,0.8571428571428571,
D00653_06_fill_holes_and_orientation.obj,d00653,HumanHead,2,8,5,0,7,2437,0.7612043368813552,0.8582237117720988,0.5548984818082563,0.17318663334822615,2,8,5,0,0.2857142857142857,0.0,0.2,0.0,0.7142857142857143,1.0,0.8,1.0,0.13333333333333333,0.13333333333333333,0.23529411764705882,0.2127659574468085,0.26315789473684204,-0.7559289460184545,-0.7142857142857143,-0.8,0.2857142857142857,
D00690_06_fill_holes_and_orientation.obj,d00690,HumanHead,8,2,0,0,7,2437,3.2340505021538677,0.9492584834520319,0.832510070593157,0.8521705090845474,8,2,0,0,1.0,0.0,0.8,,0.0,1.0,0.2,,0.8,0.8,0.888888888888889,0.8333333333333334,0.9523809523809523,,0.0,,1.0,
D00758_06_fill_holes_and_orientation.obj,d00758,HumanHead,1,9,6,0,7,2437,1.3050937767588133,0.8890909090909089,0.6055288586625579,0.06943122193677728,1,9,6,0,0.14285714285714285,0.0,0.1,0.0,0.8571428571428571,1.0,0.9,1.0,0.0625,0.0625,0.11764705882352941,0.10638297872340426,0.13157894736842102,-0.8783100656536799,-0.8571428571428572,-0.9,0.14285714285714285,
D00910_06_fill_holes_and_orientation.obj,d00910,HumanHead,5,5,2,0,7,2437,3.105036152421299,0.9114956011730205,0.8029600565518629,0.5861163849908828,5,5,2,0,0.7142857142857143,0.0,0.5,0.0,0.2857142857142857,1.0,0.5,1.0,0.4166666666666667,0.4166666666666667,0.588235294117647,0.5319148936170213,0.6578947368421053,-0.37796447300922725,-0.2857142857142857,-0.5,0.7142857142857143,
D00984_06_fill_holes_and_orientation.obj,d00984,HumanHead,8,2,0,0,7,2437,4.254971694235737,0.9524926686217008,0.8815977643955061,0.8415908474314977,8,2,0,0,1.0,0.0,0.8,,0.0,1.0,0.2,,0.8,0.8,0.888888888888889,0.8333333333333334,0.9523809523809523,,0.0,,1.0,
m340_06_fill_holes_and_orientation.obj,m340,HumanHead,5,5,2,0,7,2437,1.768565480347802,0.8790532048596564,0.6671980281884233,0.41125017975368,5,5,2,0,0.7142857142857143,0.0,0.5,0.0,0.2857142857142857,1.0,0.5,1.0,0.4166666666666667,0.4166666666666667,0.588235294117647,0.5319148936170213,0.6578947368421053,-0.37796447300922725,-0.2857142857142857,-0.5,0.7142857142857143,
m341_06_fill_holes_and_orientation.obj,m341,HumanHead,9,1,0,0,7,2437,3.873006310611497,0.9318391286133221,0.867006519675634,0.9337457765456111,9,1,0,0,1.0,0.0,0.9,,0.0,1.0,0.1,,0.9,0.9,0.9473684210526316,0.9183673469387754,0.9782608695652175,,0.0,,1.0,
m342_06_fill_holes_and_orientation.obj,m342,HumanHead,3,7,4,0,7,2437,1.9049389113301611,0.9513280268118979,0.6750458362952128,0.27584715417186634,3,7,4,0,0.42857142857142855,0.0,0.3,0.0,0.5714285714285714,1.0,0.7,1.0,0.21428571428571427,0.21428571428571427,0.3529411764705882,0.3191489361702127,0.3947368421052631,-0.6324555320336759,-0.5714285714285714,-0.7,0.42857142857142855,
m343_06_fill_holes_and_orientation.obj,m343,HumanHead,10,0,0,0,7,2437,4.070411008001523,0.9342940930037704,0.877085732347692,1.0,10,0,0,0,1.0,,1.0,,0.0,,0.0,,1.0,1.0,1.0,1.0,1.0,,,,,
m344_06_fill_holes_and_orientation.obj,m344,HumanHead,10,0,0,0,7,2437,3.9711157889024853,0.9291160452450775,0.8721103368557114,1.0,10,0,0,0,1.0,,1.0,,0.0,,0.0,,1.0,1.0,1.0,1.0,1.0,,,,,
m345_06_fill_holes_and_orientation.obj,m345,HumanHead,7,3,0,0,7,2437,3.2978122201869455,0.9454377880184331,0.8148487304837326,0.7093753650484101,7,3,0,0,1.0,0.0,0.7,,0.0,1.0,0.3,,0.7,0.7,0.8235294117647058,0.7446808510638298,0.9210526315789475,,0.0,,1.0,
m346_06_fill_holes_and_orientation.obj,m346,HumanHead,8,2,0,0,7,2437,3.6868780312660987,0.9243653121072477,0.8490840711386359,0.826813366651774,8,2,0,0,1.0,0.0,0.8,,0.0,1.0,0.2,,0.8,0.8,0.888888888888889,0.8333333333333334,0.9523809523809523,,0.0,,1.0,
m347_06_fill_holes_and_orientation.obj,m347,HumanHead,1,9,6,0,7,2437,0.9620932996960968,0.8415081692501047,0.5669467268432726,0.07336392209936006,1,9,6,0,0.14285714285714285,0.0,0.1,0.0,0.8571428571428571,1.0,0.9,1.0,0.0625,0.0625,0.11764705882352941,0.10638297872340426,0.13157894736842102,-0.8783100656536799,-0.8571428571428572,-0.9,0.14285714285714285,
m348_06_fill_holes_and_orientation.obj,m348,HumanHead,10,0,0,0,7,2437,3.8790048148743286,0.9245496439044826,0.8667778574627687,1.0,10,0,0,0,1.0,,1.0,,0.0,,0.0,,1.0,1.0,1.0,1.0,1.0,,,,,
m349_06_fill_holes_and_orientation.obj,m349,HumanHead,1,9,6,0,7,2437,1.3955361301716624,0.9391034771679934,0.6381343538545305,0.2200917662980802,1,9,6,0,0.14285714285714285,0.0,0.1,0.0,0.8571428571428571,1.0,0.9,1.0,0.0625,0.0625,0.11764705882352941,0.10638297872340426,0.13157894736842102,-0.8783100656536799,-0.8571428571428572,-0.9,0.14285714285714285,
m350_06_fill_holes_and_orientation.obj,m350,HumanHead,8,2,0,0,7,2437,3.559189126837738,0.9234017595307917,0.8437418899579168,0.8415908474314977,8,2,0,0,1.0,0.0,0.8,,0.0,1.0,0.2,,0.8,0.8,0.888888888888889,0.8333333333333334,0.9523809523809523,,0.0,,1.0,
m351_06_fill_holes_and_orientation.obj,m351,HumanHead,9,1,0,0,7,2437,4.032260250050082,0.9458232090490156,0.8700072089324531,0.9052116356304495,9,1,0,0,1.0,0.0,0.9,,0.0,1.0,0.1,,0.9,0.9,0.9473684210526316,0.9183673469387754,0.9782608695652175,,0.0,,1.0,
m352_06_fill_holes_and_orientation.obj,m352,HumanHead,5,5,2,0,7,2437,1.7682991035250823,0.9382404692082111,0.6830225573251728,0.45795769451312107,5,5,2,0,0.7142857142857143,0.0,0.5,0.0,0.2857142857142857,1.0,0.5,1.0,0.4166666666666667,0.4166666666666667,0.588235294117647,0.5319148936170213,0.6578947368421053,-0.37796447300922725,-0.2857142857142857,-0.5,0.7142857142857143,
m353_06_fill_holes_and_orientation.obj,m353,HumanHead,9,1,0,0,6,2437,4.123725934695056,0.9377042312526183,0.8513061195880304,0.9363792118010483,9,1,0,0,1.0,0.0,0.9,,0.0,1.0,0.1,,0.9,0.9,0.9473684210526316,0.9183673469387754,0.9782608695652175,,0.0,,1.0,
m354_06_fill_holes_and_orientation.obj,m354,HumanHead,6,4,1,0,7,2437,2.3739429472684237,0.9137997486384584,0.7698169763405509,0.6969383549984333,6,4,1,0,0.8571428571428571,0.0,0.6,0.0,0.14285714285714285,1.0,0.4,1.0,0.5454545454545454,0.5454545454545454,0.7058823529411764,0.6382978723404255,0.7894736842105262,-0.23904572186687872,-0.1428571428571429,-0.4,0.8571428571428571,
m355_06_fill_holes_and_orientation.obj,m355,HumanHead,7,3,0,0,7,2437,2.9433436655968777,0.9202010892333472,0.796560886804018,0.7065632165480473,7,3,0,0,1.0,0.0,0.7,,0.0,1.0,0.3,,0.7,0.7,0.8235294117647058,0.7446808510638298,0.9210526315789475,,0.0,,1.0,
m356_06_fill_holes_and_orientation.obj,m356,HumanHead,3,7,4,0,7,2437,1.647267659056562,0.9287725178047758,0.6981308441102563,0.4225749983705865,3,7,4,0,0.42857142857142855,0.0,0.3,0.0,0.5714285714285714,1.0,0.7,1.0,0.21428571428571427,0.21428571428571427,0.3529411764705882,0.3191489361702127,0.3947368421052631,-0.6324555320336759,-0.5714285714285714,-0.7,0.42857142857142855,
m357_06_fill_holes_and_orientation.obj,m357,HumanHead,8,2,0,0,7,2437,4.042715522336024,0.9381901968998744,0.8261245144823842,0.685119869332369,8,2,0,0,1.0,0.0,0.8,,0.0,1.0,0.2,,0.8,0.8,0.888888888888889,0.8333333333333334,0.9523809523809523,,0.0,,1.0,
m358_06_fill_holes_and_orientation.obj,m358,HumanHead,5,5,2,0,7,2437,1.621575633362505,0.9120988688730625,0.697435960673532,0.5695785062497355,5,5,2,0,0.7142857142857143,0.0,0.5,0.0,0.2857142857142857,1.0,0.5,1.0,0.4166666666666667,0.4166666666666667,0.588235294117647,0.5319148936170213,0.6578947368421053,-0.37796447300922725,-0.2857142857142857,-0.5,0.7142857142857143,
m359_06_fill_holes_and_orientation.obj,m359,HumanHead,8,2,0,0,7,2437,3.672657481651537,0.9184080435693339,0.8532492651504717,0.8630152897016883,8,2,0,0,1.0,0.0,0.8,,0.0,1.0,0.2,,0.8,0.8,0.888888888888889,0.8333333333333334,0.9523809523809523,,0.0,,1.0,
m360_06_fill_holes_and_orientation.obj,m360,HumanHead,3,7,4,0,7,2437,1.4223108294118494,0.9207540846250524,0.6675919473081214,0.3785009188665827,3,7,4,0,0.42857142857142855,0.0,0.3,0.0,0.5714285714285714,1.0,0.7,1.0,0.21428571428571427,0.21428571428571427,0.3529411764705882,0.3191489361702127,0.3947368421052631,-0.6324555320336759,-0.5714285714285714,-0.7,0.42857142857142855,
m361_06_fill_holes_and_orientation.obj,m361,HumanHead,8,2,0,0,7,2437,3.3759397851846615,0.9315458734813573,0.8008432298396382,0.713654010247531,8,2,0,0,1.0,0.0,0.8,,0.0,1.0,0.2,,0.8,0.8,0.888888888888889,0.8333333333333334,0.9523809523809523,,0.0,,1.0,
m362_06_fill_holes_and_orientation.obj,m362,HumanHead,2,8,5,0,7,2437,2.0689850117187025,0.9524256388772518,0.6806516713416925,0.18844415212771543,2,8,5,0,0.2857142857142857,0.0,0.2,0.0,0.7142857142857143,1.0,0.8,1.0,0.13333333333333333,0.13333333333333333,0.23529411764705882,0.2127659574468085,0.26315789473684204,-0.7559289460184545,-0.7142857142857143,-0.8,0.2857142857142857,
m363_06_fill_holes_and_orientation.obj,m363,HumanHead,10,0,0,0,7,2437,4.095697623096645,0.9358609132802682,0.8783591852049452,1.0,10,0,0,0,1.0,,1.0,,0.0,,0.0,,1.0,1.0,1.0,1.0,1.0,,,,,
m364_06_fill_holes_and_orientation.obj,m364,HumanHead,9,1,0,0,7,2437,4.207219133415459,0.9516129032258065,0.867008739062938,0.8611375561264456,9,1,0,0,1.0,0.0,0.9,,0.0,1.0,0.1,,0.9,0.9,0.9473684210526316,0.9183673469387754,0.9782608695652175,,0.0,,1.0,
m365_06_fill_holes_and_orientation.obj,m365,HumanHead,7,3,0,0,7,2437,3.2209357885937875,0.9350146627565982,0.8297273971137497,0.7788065869851875,7,3,0,0,1.0,0.0,0.7,,0.0,1.0,0.3,,0.7,0.7,0.8235294117647058,0.7446808510638298,0.9210526315789475,,0.0,,1.0,
m366_06_fill_holes_and_orientation.obj,m366,HumanHead,0,10,7,0,7,2437,0.0819300250809745,0.10330121491411816,0.34991409539729607,0.0,0,10,7,0,0.0,0.0,0.0,0.0,1.0,1.0,1.0,1.0,0.0,0.0,,,,-1.0,-1.0,-1.0,0.0,
m367_06_fill_holes_and_orientation.obj,m367,HumanHead,4,6,3,0,7,2437,2.2500926442196305,0.8946041055718476,0.7352437913560746,0.45767527470376834,4,6,3,0,0.5714285714285714,0.0,0.4,0.0,0.42857142857142855,1.0,0.6,1.0,0.3076923076923077,0.3076923076923077,0.47058823529411764,0.425531914893617,0.5263157894736841,-0.50709255283711,-0.4285714285714286,-0.6,0.5714285714285714,
m368_06_fill_holes_and_orientation.obj,m368,HumanHead,7,3,0,0,7,2437,3.4143450255723558,0.9423963133640554,0.8377640274949881,0.7631925784528223,7,3,0,0,1.0,0.0,0.7,,0.0,1.0,0.3,,0.7,0.7,0.8235294117647058,0.7446808510638298,0.9210526315789475,,0.0,,1.0,
m369_06_fill_holes_and_orientation.obj,m369,HumanHead,9,1,0,0,7,2437,4.044647129682621,0.9326099706744868,0.8733155316408366,0.92663607790064,9,1,0,0,1.0,0.0,0.9,,0.0,1.0,0.1,,0.9,0.9,0.9473684210526316,0.9183673469387754,0.9782608695652175,,0.0,,1.0,
m370_06_fill_holes_and_orientation.obj,m370,HumanHead,7,3,0,0,7,2437,3.3561184651710976,0.9193464599916212,0.8369946545662464,0.7909506325094736,7,3,0,0,1.0,0.0,0.7,,0.0,1.0,0.3,,0.7,0.7,0.8235294117647058,0.7446808510638298,0.9210526315789475,,0.0,,1.0,
m118_06_fill_holes_and_orientation.obj,m118,Humanoid,8,2,0,0,7,2437,7.593043696539616,0.8649702226505549,0.8234127594144063,0.8318477135310892,8,2,0,0,1.0,0.0,0.8,,0.0,1.0,0.2,,0.8,0.8,0.888888888888889,0.8333333333333334,0.9523809523809523,,0.0,,1.0,
m119_06_fill_holes_and_orientation.obj,m119,Humanoid,7,3,0,0,7,2437,6.017926236277284,0.8551165146909827,0.7869441622921216,0.769526190239283,7,3,0,0,1.0,0.0,0.7,,0.0,1.0,0.3,,0.7,0.7,0.8235294117647058,0.7446808510638298,0.9210526315789475,,0.0,,1.0,
m120_06_fill_holes_and_orientation.obj,m120,Humanoid,7,3,0,0,7,2437,7.126409354798262,0.8636481577581733,0.8112917316040341,0.7600791051976192,7,3,0,0,1.0,0.0,0.7,,0.0,1.0,0.3,,0.7,0.7,0.8235294117647058,0.7446808510638298,0.9210526315789475,,0.0,,1.0,
m121_06_fill_holes_and_orientation.obj,m121,Humanoid,7,3,0,0,7,2437,6.090222513252235,0.856151308473571,0.7812726968986218,0.6929852696575346,7,3,0,0,1.0,0.0,0.7,,0.0,1.0,0.3,,0.7,0.7,0.8235294117647058,0.7446808510638298,0.9210526315789475,,0.0,,1.0,
m122_06_fill_holes_and_orientation.obj,m122,Humanoid,5,5,2,0,7,2437,6.046018450158208,0.8530222156324907,0.7836243597846795,0.6177639991612476,5,5,2,0,0.7142857142857143,0.0,0.5,0.0,0.2857142857142857,1.0,0.5,1.0,0.4166666666666667,0.4166666666666667,0.588235294117647,0.5319148936170213,0.6578947368421053,-0.37796447300922725,-0.2857142857142857,-0.5,0.7142857142857143,
m123_06_fill_holes_and_orientation.obj,m123,Humanoid,7,3,0,0,7,2437,6.832801048738773,0.8497973657548126,0.8025447852004555,0.7411902110103873,7,3,0,0,1.0,0.0,0.7,,0.0,1.0,0.3,,0.7,0.7,0.8235294117647058,0.7446808510638298,0.9210526315789475,,0.0,,1.0,
m124_06_fill_holes_and_orientation.obj,m124,Humanoid,8,2,0,0,7,2437,6.326193732913418,0.8488892183754665,0.7988242277748989,0.8701249883466594,8,2,0,0,1.0,0.0,0.8,,0.0,1.0,0.2,,0.8,0.8,0.888888888888889,0.8333333333333334,0.9523809523809523,,0.0,,1.0,
m125_06_fill_holes_and_orientation.obj,m125,Humanoid,7,3,0,0,7,2437,6.2049642943304875,0.8353751204685299,0.7848716712342784,0.7241528458281337,7,3,0,0,1.0,0.0,0.7,,0.0,1.0,0.3,,0.7,0.7,0.8235294117647058,0.7446808510638298,0.9210526315789475,,0.0,,1.0,
m126_06_fill_holes_and_orientation.obj,m126,Humanoid,4,6,3,0,7,2437,4.921716042673275,0.8504182420243656,0.7292684610678365,0.381480299158558,4,6,3,0,0.5714285714285714,0.0,0.4,0.0,0.42857142857142855,1.0,0.6,1.0,0.3076923076923077,0.3076923076923077,0.47058823529411764,0.425531914893617,0.5263157894736841,-0.50709255283711,-0.4285714285714286,-0.6,0.5714285714285714,
m128_06_fill_holes_and_orientation.obj,m128,Humanoid,9,1,0,0,7,2437,6.8101926516176645,0.8557003237205623,0.8103028902487821,0.92663607790064,9,1,0,0,1.0,0.0,0.9,,0.0,1.0,0.1,,0.9,0.9,0.9473684210526316,0.9183673469387754,0.9782608695652175,,0.0,,1.0,
m129_06_fill_holes_and_orientation.obj,m129,Humanoid,8,2,0,0,7,2437,6.160066935337203,0.8188184199471175,0.7859545451157288,0.7917063341896683,8,2,0,0,1.0,0.0,0.8,,0.0,1.0,0.2,,0.8,0.8,0.888888888888889,0.8333333333333334,0.9523809523809523,,0.0,,1.0,
m130_06_fill_holes_and_orientation.obj,m130,Humanoid,7,3,0,0,7,2437,6.021489392171008,0.8492475350285418,0.7771158027808436,0.6812060741152738,7,3,0,0,1.0,0.0,0.7,,0.0,1.0,0.3,,0.7,0.7,0.8235294117647058,0.7446808510638298,0.9210526315789475,,0.0,,1.0,
m131_06_fill_holes_and_orientation.obj,m131,Humanoid,9,1,0,0,7,2437,7.245470813196792,0.8586873254750784,0.8207601529060861,0.9305687780632229,9,1,0,0,1.0,0.0,0.9,,0.0,1.0,0.1,,0.9,0.9,0.9473684210526316,0.9183673469387754,0.9782608695652175,,0.0,,1.0,
m132_06_fill_holes_and_orientation.obj,m132,Humanoid,6,4,1,0,7,2437,7.083469459999033,0.8445986853485555,0.8124984973920321,0.7222954974312067,6,4,1,0,0.8571428571428571,0.0,0.6,0.0,0.14285714285714285,1.0,0.4,1.0,0.5454545454545454,0.5454545454545454,0.7058823529411764,0.6382978723404255,0.7894736842105262,-0.23904572186687872,-0.1428571428571429,-0.4,0.8571428571428571,
m133_06_fill_holes_and_orientation.obj,m133,Humanoid,0,10,7,0,7,2437,1.5261244432650776,0.6595343119084687,0.5548284120483988,0.0,0,10,7,0,0.0,0.0,0.0,0.0,1.0,1.0,1.0,1.0,0.0,0.0,,,,-1.0,-1.0,-1.0,0.0,
m134_06_fill_holes_and_orientation.obj,m134,Humanoid,0,10,7,0,7,2437,2.08417428015047,0.7335606790718363,0.5967548010020767,0.0,0,10,7,0,0.0,0.0,0.0,0.0,1.0,1.0,1.0,1.0,0.0,0.0,,,,-1.0,-1.0,-1.0,0.0,
m135_06_fill_holes_and_orientation.obj,m135,Humanoid,7,3,0,0,7,2437,5.101209636260608,0.7519645637185856,0.7618285817629711,0.769526190239283,7,3,0,0,1.0,0.0,0.7,,0.0,1.0,0.3,,0.7,0.7,0.8235294117647058,0.7446808510638298,0.9210526315789475,,0.0,,1.0,
m136_06_fill_holes_and_orientation.obj,m136,Humanoid,8,2,0,0,7,2437,7.227463550915763,0.8646551511107816,0.8160419029039713,0.8357804136936722,8,2,0,0,1.0,0.0,0.8,,0.0,1.0,0.2,,0.8,0.8,0.888888888888889,0.8333333333333334,0.9523809523809523,,0.0,,1.0,
m137_06_fill_holes_and_orientation.obj,m137,Humanoid,8,2,0,0,7,2437,6.502652065466385,0.8123903427484123,0.7927360955772648,0.7917063341896683,8,2,0,0,1.0,0.0,0.8,,0.0,1.0,0.2,,0.8,0.8,0.888888888888889,0.8333333333333334,0.9523809523809523,,0.0,,1.0,
m138_06_fill_holes_and_orientation.obj,m138,Humanoid,6,4,0,0,6,2437,8.159819234781077,0.8346553982257148,0.8071692658996792,0.693761356516045,6,4,0,0,1.0,0.0,0.6,,0.0,1.0,0.4,,0.6,0.6,0.7499999999999999,0.6521739130434783,0.8823529411764706,,0.0,,1.0,
m139_06_fill_holes_and_orientation.obj,m139,Humanoid,1,9,6,0,7,2437,2.030124425385318,0.7138285516593766,0.6034979954368384,0.06943122193677728,1,9,6,0,0.14285714285714285,0.0,0.1,0.0,0.8571428571428571,1.0,0.9,1.0,0.0625,0.0625,0.11764705882352941,0.10638297872340426,0.13157894736842102,-0.8783100656536799,-0.8571428571428572,-0.9,0.14285714285714285,
m140_06_fill_holes_and_orientation.obj,m140,Humanoid,7,3,0,0,7,2437,6.812276532742648,0.8644389255442706,0.8045733245631016,0.7529694065526482,7,3,0,0,1.0,0.0,0.7,,0.0,1.0,0.3,,0.7,0.7,0.8235294117647058,0.7446808510638298,0.9210526315789475,,0.0,,1.0,
m141_06_fill_holes_and_orientation.obj,m141,Humanoid,5,5,2,0,7,2437,5.584493661495082,0.8232881113005659,0.7653734453340235,0.5801476231864474,5,5,2,0,0.7142857142857143,0.0,0.5,0.0,0.2857142857142857,1.0,0.5,1.0,0.4166666666666667,0.4166666666666667,0.588235294117647,0.5319148936170213,0.6578947368421053,-0.37796447300922725,-0.2857142857142857,-0.5,0.7142857142857143,
m143_06_fill_holes_and_orientation.obj,m143,Humanoid,2,8,5,0,7,2437,4.430050146029683,0.8348407344255814,0.7025966350671009,0.15840915256850252,2,8,5,0,0.2857142857142857,0.0,0.2,0.0,0.7142857142857143,1.0,0.8,1.0,0.13333333333333333,0.13333333333333333,0.23529411764705882,0.2127659574468085,0.26315789473684204,-0.7559289460184545,-0.7142857142857143,-0.8,0.2857142857142857,
m144_06_fill_holes_and_orientation.obj,m144,Humanoid,7,3,0,0,7,2437,7.04018379891438,0.8545790397113697,0.8095844312765014,0.77523873680463,7,3,0,0,1.0,0.0,0.7,,0.0,1.0,0.3,,0.7,0.7,0.8235294117647058,0.7446808510638298,0.9210526315789475,,0.0,,1.0,
m145_06_fill_holes_and_orientation.obj,m145,Humanoid,9,1,0,0,7,2437,5.864870871114353,0.7767254800207577,0.7843275350982284,0.92663607790064,9,1,0,0,1.0,0.0,0.9,,0.0,1.0,0.1,,0.9,0.9,0.9473684210526316,0.9183673469387754,0.9782608695652175,,0.0,,1.0,
m146_06_fill_holes_and_orientation.obj,m146,Humanoid,2,8,5,0,7,2437,5.029321229181238,0.832249116564114,0.7205128965269403,0.20829366581033185,2,8,5,0,0.2857142857142857,0.0,0.2,0.0,0.7142857142857143,1.0,0.8,1.0,0.13333333333333333,0.13333333333333333,0.23529411764705882,0.2127659574468085,0.26315789473684204,-0.7559289460184545,-0.7142857142857143,-0.8,0.2857142857142857,
m147_06_fill_holes_and_orientation.obj,m147,Humanoid,9,1,0,0,7,2437,6.119612616100038,0.8490498430820175,0.792717344894975,0.9148568823583791,9,1,0,0,1.0,0.0,0.9,,0.0,1.0,0.1,,0.9,0.9,0.9473684210526316,0.9183673469387754,0.9782608695652175,,0.0,,1.0,
m148_06_fill_holes_and_orientation.obj,m148,Humanoid,0,10,7,0,7,2437,1.3551516658497031,0.6046037512046852,0.5518384690175335,0.0,0,10,7,0,0.0,0.0,0.0,0.0,1.0,1.0,1.0,1.0,0.0,0.0,,,,-1.0,-1.0,-1.0,0.0,
m149_06_fill_holes_and_orientation.obj,m149,Humanoid,7,3,0,0,7,2437,6.037409395722456,0.836045419724714,0.7909339683913031,0.7967610662472993,7,3,0,0,1.0,0.0,0.7,,0.0,1.0,0.3,,0.7,0.7,0.8235294117647058,0.7446808510638298,0.9210526315789475,,0.0,,1.0,
m150_06_fill_holes_and_orientation.obj,m150,Humanoid,5,5,2,0,7,2437,6.402372688583499,0.8602873946672598,0.7868295899453305,0.5736899196572437,5,5,2,0,0.7142857142857143,0.0,0.5,0.0,0.2857142857142857,1.0,0.5,1.0,0.4166666666666667,0.4166666666666667,0.588235294117647,0.5319148936170213,0.6578947368421053,-0.37796447300922725,-0.2857142857142857,-0.5,0.7142857142857143,
m151_06_fill_holes_and_orientation.obj,m151,Humanoid,6,4,1,0,7,2437,4.852348987880592,0.8230070180641016,0.7450135056522112,0.6090726157997784,6,4,1,0,0.8571428571428571,0.0,0.6,0.0,0.14285714285714285,1.0,0.4,1.0,0.5454545454545454,0.5454545454545454,0.7058823529411764,0.6382978723404255,0.7894736842105262,-0.23904572186687872,-0.1428571428571429,-0.4,0.8571428571428571,
m152_06_fill_holes_and_orientation.obj,m152,Humanoid,4,6,3,0,7,2437,3.422063458024227,0.7761880050411447,0.7014868610504632,0.5224955967919311,4,6,3,0,0.5714285714285714,0.0,0.4,0.0,0.42857142857142855,1.0,0.6,1.0,0.3076923076923077,0.3076923076923077,0.47058823529411764,0.425531914893617,0.5263157894736841,-0.50709255283711,-0.4285714285714286,-0.6,0.5714285714285714,
m153_06_fill_holes_and_orientation.obj,m153,Humanoid,4,6,3,0,7,2437,3.017711252101295,0.7587169792670572,0.6708621019172435,0.38589303732090646,4,6,3,0,0.5714285714285714,0.0,0.4,0.0,0.42857142857142855,1.0,0.6,1.0,0.3076923076923077,0.3076923076923077,0.47058823529411764,0.425531914893617,0.5263157894736841,-0.50709255283711,-0.4285714285714286,-0.6,0.5714285714285714,
m154_06_fill_holes_and_orientation.obj,m154,Humanoid,6,4,1,0,7,2437,3.7782803030984717,0.7886364197988485,0.7023268164540363,0.5404673768993047,6,4,1,0,0.8571428571428571,0.0,0.6,0.0,0.14285714285714285,1.0,0.4,1.0,0.5454545454545454,0.5454545454545454,0.7058823529411764,0.6382978723404255,0.7894736842105262,-0.23904572186687872,-0.1428571428571429,-0.4,0.8571428571428571,
m155_06_fill_holes_and_orientation.obj,m155,Humanoid,5,5,2,0,7,2437,5.427647364877928,0.8425074752267281,0.7707865926064043,0.627507133061656,5,5,2,0,0.7142857142857143,0.0,0.5,0.0,0.2857142857142857,1.0,0.5,1.0,0.4166666666666667,0.4166666666666667,0.588235294117647,0.5319148936170213,0.6578947368421053,-0.37796447300922725,-0.2857142857142857,-0.5,0.7142857142857143,
m156_06_fill_holes_and_orientation.obj,m156,Humanoid,7,3,0,0,7,2437,7.041050076816528,0.8624650950156918,0.8047873104982285,0.7280855459907166,7,3,0,0,1.0,0.0,0.7,,0.0,1.0,0.3,,0.7,0.7,0.8235294117647058,0.7446808510638298,0.9210526315789475,,0.0,,1.0,
m157_06_fill_holes_and_orientation.obj,m157,Humanoid,5,5,2,0,7,2437,4.713550294495007,0.8349797365754812,0.7253691527585976,0.43938854079216266,5,5,2,0,0.7142857142857143,0.0,0.5,0.0,0.2857142857142857,1.0,0.5,1.0,0.4166666666666667,0.4166666666666667,0.588235294117647,0.5319148936170213,0.6578947368421053,-0.37796447300922725,-0.2857142857142857,-0.5,0.7142857142857143,
m158_06_fill_holes_and_orientation.obj,m158,Humanoid,2,8,5,0,7,2437,1.9977857819357643,0.7132694541231126,0.600226095305775,0.12987501165334078,2,8,5,0,0.2857142857142857,0.0,0.2,0.0,0.7142857142857143,1.0,0.8,1.0,0.13333333333333333,0.13333333333333333,0.23529411764705882,0.2127659574468085,0.26315789473684204,-0.7559289460184545,-0.7142857142857143,-0.8,0.2857142857142857,
m159_06_fill_holes_and_orientation.obj,m159,Humanoid,6,4,1,0,7,2437,4.896136740252445,0.8187072182271975,0.7582524269850801,0.715550648768261,6,4,1,0,0.8571428571428571,0.0,0.6,0.0,0.14285714285714285,1.0,0.4,1.0,0.5454545454545454,0.5454545454545454,0.7058823529411764,0.6382978723404255,0.7894736842105262,-0.23904572186687872,-0.1428571428571429,-0.4,0.8571428571428571,
m160_06_fill_holes_and_orientation.obj,m160,Humanoid,6,4,1,0,7,2437,5.97369867844593,0.825033360515976,0.7776940146088862,0.647053841756604,6,4,1,0,0.8571428571428571,0.0,0.6,0.0,0.14285714285714285,1.0,0.4,1.0,0.5454545454545454,0.5454545454545454,0.7058823529411764,0.6382978723404255,0.7894736842105262,-0.23904572186687872,-0.1428571428571429,-0.4,0.8571428571428571,
m161_06_fill_holes_and_orientation.obj,m161,Humanoid,7,3,0,0,7,2437,4.280087880923833,0.8043776410408482,0.7204391140325496,0.6214990811334173,7,3,0,0,1.0,0.0,0.7,,0.0,1.0,0.3,,0.7,0.7,0.8235294117647058,0.7446808510638298,0.9210526315789475,,0.0,,1.0,
m162_06_fill_holes_and_orientation.obj,m162,Humanoid,8,2,0,0,7,2437,5.9659589724190925,0.8392332023624189,0.7892879458465014,0.8572048559638626,8,2,0,0,1.0,0.0,0.8,,0.0,1.0,0.2,,0.8,0.8,0.888888888888889,0.8333333333333334,0.9523809523809523,,0.0,,1.0,
m163_06_fill_holes_and_orientation.obj,m163,Humanoid,4,6,3,0,7,2437,3.0847607429251878,0.7703437368720192,0.6736769969464574,0.4074153667635757,4,6,3,0,0.5714285714285714,0.0,0.4,0.0,0.42857142857142855,1.0,0.6,1.0,0.3076923076923077,0.3076923076923077,0.47058823529411764,0.425531914893617,0.5263157894736841,-0.50709255283711,-0.4285714285714286,-0.6,0.5714285714285714,
m164_06_fill_holes_and_orientation.obj,m164,Humanoid,8,2,0,0,7,2437,4.401896624272597,0.7959911779968865,0.7428063673873899,0.8389574121760603,8,2,0,0,1.0,0.0,0.8,,0.0,1.0,0.2,,0.8,0.8,0.888888888888889,0.8333333333333334,0.9523809523809523,,0.0,,1.0,
m165_06_fill_holes_and_orientation.obj,m165,Humanoid,8,2,0,0,7,2437,6.521336177768902,0.7968313687696147,0.8002496348832353,0.8630152897016883,8,2,0,0,1.0,0.0,0.8,,0.0,1.0,0.2,,0.8,0.8,0.888888888888889,0.8333333333333334,0.9523809523809523,,0.0,,1.0,
m166_06_fill_holes_and_orientation.obj,m166,Humanoid,8,2,0,0,7,2437,4.865105553413497,0.7388242271480465,0.7534520879911257,0.8205228949141828,8,2,0,0,1.0,0.0,0.8,,0.0,1.0,0.2,,0.8,0.8,0.888888888888889,0.8333333333333334,0.9523809523809523,,0.0,,1.0,
m167_06_fill_holes_and_orientation.obj,m167,Humanoid,0,10,7,0,7,2437,3.664756684234473,0.8202794869893988,0.666127436131147,0.0,0,10,7,0,0.0,0.0,0.0,0.0,1.0,1.0,1.0,1.0,0.0,0.0,,,,-1.0,-1.0,-1.0,0.0,
m168_06_fill_holes_and_orientation.obj,m168,Humanoid,5,5,2,0,7,2437,5.0206808938928384,0.8423344947735192,0.7480430476400696,0.5294438830372383,5,5,2,0,0.7142857142857143,0.0,0.5,0.0,0.2857142857142857,1.0,0.5,1.0,0.4166666666666667,0.4166666666666667,0.588235294117647,0.5319148936170213,0.6578947368421053,-0.37796447300922725,-0.2857142857142857,-0.5,0.7142857142857143,
m169_06_fill_holes_and_orientation.obj,m169,Humanoid,3,7,4,0,7,2437,3.7240856288813586,0.8361998665579361,0.6705712707611743,0.21501812929496178,3,7,4,0,0.42857142857142855,0.0,0.3,0.0,0.5714285714285714,1.0,0.7,1.0,0.21428571428571427,0.21428571428571427,0.3529411764705882,0.3191489361702127,0.3947368421052631,-0.6324555320336759,-0.5714285714285714,-0.7,0.42857142857142855,
m170_06_fill_holes_and_orientation.obj,m170,Humanoid,7,3,0,0,7,2437,6.965835315440416,0.8644142140509551,0.7767602287279086,0.5309999066793253,7,3,0,0,1.0,0.0,0.7,,0.0,1.0,0.3,,0.7,0.7,0.8235294117647058,0.7446808510638298,0.9210526315789475,,0.0,,1.0,
m171_06_fill_holes_and_orientation.obj,m171,Humanoid,8,2,0,0,7,2437,6.500475838897869,0.8365736278943336,0.8003565184757186,0.8553475075669357,8,2,0,0,1.0,0.0,0.8,,0.0,1.0,0.2,,0.8,0.8,0.888888888888889,0.8333333333333334,0.9523809523809523,,0.0,,1.0,
m172_06_fill_holes_and_orientation.obj,m172,Humanoid,3,7,4,0,7,2437,5.35468817142899,0.8489664417920775,0.7426125953054685,0.3436966913921455,3,7,4,0,0.42857142857142855,0.0,0.3,0.0,0.5714285714285714,1.0,0.7,1.0,0.21428571428571427,0.21428571428571427,0.3529411764705882,0.3191489361702127,0.3947368421052631,-0.6324555320336759,-0.5714285714285714,-0.7,0.42857142857142855,
m173_06_fill_holes_and_orientation.obj,m173,Humanoid,7,3,0,0,7,2437,4.696998570659845,0.8139502557639559,0.7476471481026683,0.72891152902702,7,3,0,0,1.0,0.0,0.7,,0.0,1.0,0.3,,0.7,0.7,0.8235294117647058,0.7446808510638298,0.9210526315789475,,0.0,,1.0,
m174_06_fill_holes_and_orientation.obj,m174,Humanoid,2,8,5,0,7,2437,3.1658689539865397,0.8070650159389131,0.6544657833274625,0.17993148201117182,2,8,5,0,0.2857142857142857,0.0,0.2,0.0,0.7142857142857143,1.0,0.8,1.0,0.13333333333333333,0.13333333333333333,0.23529411764705882,0.2127659574468085,0.26315789473684204,-0.7559289460184545,-0.7142857142857143,-0.8,0.2857142857142857,
m175_06_fill_holes_and_orientation.obj,m175,Humanoid,8,2,0,0,7,2437,6.563305436249409,0.8434032668594164,0.7979870207141577,0.823699893396571,8,2,0,0,1.0,0.0,0.8,,0.0,1.0,0.2,,0.8,0.8,0.888888888888889,0.8333333333333334,0.9523809523809523,,0.0,,1.0,
m176_06_fill_holes_and_orientation.obj,m176,Humanoid,8,2,0,0,7,2437,6.704036999862635,0.8551844712976006,0.8079878235977047,0.8669479898642711,8,2,0,0,1.0,0.0,0.8,,0.0,1.0,0.2,,0.8,0.8,0.888888888888889,0.8333333333333334,0.9523809523809523,,0.0,,1.0,
m177_06_fill_holes_and_orientation.obj,m177,Humanoid,7,3,0,0,7,2437,3.7564108602691504,0.7703962487953147,0.719757514417401,0.7631925784528223,7,3,0,0,1.0,0.0,0.7,,0.0,1.0,0.3,,0.7,0.7,0.8235294117647058,0.7446808510638298,0.9210526315789475,,0.0,,1.0,
m178_06_fill_holes_and_orientation.obj,m178,Humanoid,9,1,0,0,7,2437,7.222910185670005,0.8591908221513826,0.8205869748844061,0.9363792118010483,9,1,0,0,1.0,0.0,0.9,,0.0,1.0,0.1,,0.9,0.9,0.9473684210526316,0.9183673469387754,0.9782608695652175,,0.0,,1.0,
m179_06_fill_holes_and_orientation.obj,m179,Humanoid,8,2,0,0,7,2437,6.451639916170885,0.8536678033953591,0.8012874375395977,0.8521705090845474,8,2,0,0,1.0,0.0,0.8,,0.0,1.0,0.2,,0.8,0.8,0.888888888888889,0.8333333333333334,0.9523809523809523,,0.0,,1.0,
m180_06_fill_holes_and_orientation.obj,m180,Humanoid,0,10,7,0,7,2437,1.3751544480950113,0.6212840091926756,0.5451608748147092,0.0,0,10,7,0,0.0,0.0,0.0,0.0,1.0,1.0,1.0,1.0,0.0,0.0,,,,-1.0,-1.0,-1.0,0.0,
m181_06_fill_holes_and_orientation.obj,m181,Humanoid,4,6,3,0,7,2437,5.07034013706448,0.8507024241974943,0.7217362450820255,0.29802729812225165,4,6,3,0,0.5714285714285714,0.0,0.4,0.0,0.42857142857142855,1.0,0.6,1.0,0.3076923076923077,0.3076923076923077,0.47058823529411764,0.425531914893617,0.5263157894736841,-0.50709255283711,-0.4285714285714286,-0.6,0.5714285714285714,
m182_06_fill_holes_and_orientation.obj,m182,Humanoid,7,3,0,0,7,2437,6.834712891757069,0.8361627993179628,0.8065948614692291,0.7846170207230131,7,3,0,0,1.0,0.0,0.7,,0.0,1.0,0.3,,0.7,0.7,0.8235294117647058,0.7446808510638298,0.9210526315789475,,0.0,,1.0,
m183_06_fill_holes_and_orientation.obj,m183,Humanoid,0,10,7,0,7,2437,2.484762620261684,0.768011589690365,0.6134259444066611,0.0,0,10,7,0,0.0,0.0,0.0,0.0,1.0,1.0,1.0,1.0,0.0,0.0,,,,-1.0,-1.0,-1.0,0.0,
m184_06_fill_holes_and_orientation.obj,m184,Humanoid,9,1,0,0,7,2437,6.627069939904944,0.8520306669632045,0.8069091863378068,0.9363792118010483,9,1,0,0,1.0,0.0,0.9,,0.0,1.0,0.1,,0.9,0.9,0.9473684210526316,0.9183673469387754,0.9782608695652175,,0.0,,1.0,
m185_06_fill_holes_and_orientation.obj,m185,Humanoid,6,4,1,0,7,2437,4.183703069181933,0.7315528702399485,0.73324685704578,0.6906478832608419,6,4,1,0,0.8571428571428571,0.0,0.6,0.0,0.14285714285714285,1.0,0.4,1.0,0.5454545454545454,0.5454545454545454,0.7058823529411764,0.6382978723404255,0.7894736842105262,-0.23904572186687872,-0.1428571428571429,-0.4,0.8571428571428571,
m186_06_fill_holes_and_orientation.obj,m186,Humanoid,7,3,0,0,7,2437,7.248179810038721,0.8600371907974399,0.8158967114076201,0.7720617383222419,7,3,0,0,1.0,0.0,0.7,,0.0,1.0,0.3,,0.7,0.7,0.8235294117647058,0.7446808510638298,0.9210526315789475,,0.0,,1.0,
m187_06_fill_holes_and_orientation.obj,m187,Humanoid,2,8,5,0,7,2437,3.8168245267514154,0.7839906590555267,0.6815555643959063,0.20483424751859092,2,8,5,0,0.2857142857142857,0.0,0.2,0.0,0.7142857142857143,1.0,0.8,1.0,0.13333333333333333,0.13333333333333333,0.23529411764705882,0.2127659574468085,0.26315789473684204,-0.7559289460184545,-0.7142857142857143,-0.8,0.2857142857142857,
m188_06_fill_holes_and_orientation.obj,m188,Humanoid,3,7,4,0,7,2437,3.4264280369099125,0.7889020683519905,0.6970196697396461,0.4323181322709948,3,7,4,0,0.42857142857142855,0.0,0.3,0.0,0.5714285714285714,1.0,0.7,1.0,0.21428571428571427,0.21428571428571427,0.3529411764705882,0.3191489361702127,0.3947368421052631,-0.6324555320336759,-0.5714285714285714,-0.7,0.42857142857142855,
m189_06_fill_holes_and_orientation.obj,m189,Humanoid,8,2,0,0,7,2437,7.963554718624379,0.8612634986532237,0.8318189005879498,0.8486026589039901,8,2,0,0,1.0,0.0,0.8,,0.0,1.0,0.2,,0.8,0.8,0.888888888888889,0.8333333333333334,0.9523809523809523,,0.0,,1.0,
m190_06_fill_holes_and_orientation.obj,m190,Humanoid,1,9,6,0,7,2437,1.9597191734487425,0.7080831294635135,0.5970225813949848,0.06625422345438904,1,9,6,0,0.14285714285714285,0.0,0.1,0.0,0.8571428571428571,1.0,0.9,1.0,0.0625,0.0625,0.11764705882352941,0.10638297872340426,0.13157894736842102,-0.8783100656536799,-0.8571428571428572,-0.9,0.14285714285714285,
m191_06_fill_holes_and_orientation.obj,m191,Humanoid,0,10,7,0,7,2437,1.4839727841702721,0.6507895322114315,0.5517344997090392,0.0,0,10,7,0,0.0,0.0,0.0,0.0,1.0,1.0,1.0,1.0,0.0,0.0,,,,-1.0,-1.0,-1.0,0.0,
m192_06_fill_holes_and_orientation.obj,m192,Humanoid,9,1,0,0,7,2437,6.930057996216839,0.859166110658067,0.813106126493099,0.9216017310213247,9,1,0,0,1.0,0.0,0.9,,0.0,1.0,0.1,,0.9,0.9,0.9473684210526316,0.9183673469387754,0.9782608695652175,,0.0,,1.0,
m193_06_fill_holes_and_orientation.obj,m193,Humanoid,0,10,7,0,7,2437,2.8494942092524123,0.7848277608915907,0.6288087199327548,0.0,0,10,7,0,0.0,0.0,0.0,0.0,1.0,1.0,1.0,1.0,0.0,0.0,,,,-1.0,-1.0,-1.0,0.0,
m194_06_fill_holes_and_orientation.obj,m194,Humanoid,8,2,0,0,7,2437,6.7282389101573745,0.854609929078014,0.807463220994436,0.8482378089219648,8,2,0,0,1.0,0.0,0.8,,0.0,1.0,0.2,,0.8,0.8,0.888888888888889,0.8333333333333334,0.9523809523809523,,0.0,,1.0,
m195_06_fill_holes_and_orientation.obj,m195,Humanoid,5,5,2,0,7,2437,5.539194623821216,0.8383003434897571,0.7437874838018175,0.4346298575932763,5,5,2,0,0.7142857142857143,0.0,0.5,0.0,0.2857142857142857,1.0,0.5,1.0,0.4166666666666667,0.4166666666666667,0.588235294117647,0.5319148936170213,0.6578947368421053,-0.37796447300922725,-0.2857142857142857,-0.5,0.7142857142857143,
m196_06_fill_holes_and_orientation.obj,m196,Humanoid,6,4,1,0,7,2437,3.701353851011157,0.7866903897002495,0.7012583297745284,0.5684579545875156,6,4,1,0,0.8571428571428571,0.0,0.6,0.0,0.14285714285714285,1.0,0.4,1.0,0.5454545454545454,0.5454545454545454,0.7058823529411764,0.6382978723404255,0.7894736842105262,-0.23904572186687872,-0.1428571428571429,-0.4,0.8571428571428571,
m197_06_fill_holes_and_orientation.obj,m197,Humanoid,8,2,0,0,7,2437,7.5445398412171985,0.8623909605357452,0.8256295466829274,0.8572048559638626,8,2,0,0,1.0,0.0,0.8,,0.0,1.0,0.2,,0.8,0.8,0.888888888888889,0.8333333333333334,0.9523809523809523,,0.0,,1.0,
m198_06_fill_holes_and_orientation.obj,m198,Humanoid,4,6,3,0,7,2437,2.579188805670056,0.6862937702325352,0.664080573925793,0.4779671403625729,4,6,3,0,0.5714285714285714,0.0,0.4,0.0,0.42857142857142855,1.0,0.6,1.0,0.3076923076923077,0.3076923076923077,0.47058823529411764,0.425531914893617,0.5263157894736841,-0.50709255283711,-0.4285714285714286,-0.6,0.5714285714285714,
m199_06_fill_holes_and_orientation.obj,m199,Humanoid,6,4,1,0,7,2437,4.75295556356236,0.8097307682803272,0.7440290140743655,0.6117748521784965,6,4,1,0,0.8571428571428571,0.0,0.6,0.0,0.14285714285714285,1.0,0.4,1.0,0.5454545454545454,0.5454545454545454,0.7058823529411764,0.6382978723404255,0.7894736842105262,-0.23904572186687872,-0.1428571428571429,-0.4,0.8571428571428571,
m202_06_fill_holes_and_orientation.obj,m202,Humanoid,5,5,2,0,7,2437,6.028289788478337,0.8523457385029778,0.7763734862458113,0.5446757407423164,5,5,2,0,0.7142857142857143,0.0,0.5,0.0,0.2857142857142857,1.0,0.5,1.0,0.4166666666666667,0.4166666666666667,0.588235294117647,0.5319148936170213,0.6578947368421053,-0.37796447300922725,-0.2857142857142857,-0.5,0.7142857142857143,
m203_06_fill_holes_and_orientation.obj,m203,Humanoid,3,7,4,0,7,2437,4.638158491031963,0.8235692045370302,0.7167476253520976,0.3024038304938509,3,7,4,0,0.42857142857142855,0.0,0.3,0.0,0.5714285714285714,1.0,0.7,1.0,0.21428571428571427,0.21428571428571427,0.3529411764705882,0.3191489361702127,0.3947368421052631,-0.6324555320336759,-0.5714285714285714,-0.7,0.42857142857142855,
m204_06_fill_holes_and_orientation.obj,m204,Humanoid,2,8,5,0,7,2437,3.2060345360260887,0.790168532384412,0.6535152405615142,0.15840915256850252,2,8,5,0,0.2857142857142857,0.0,0.2,0.0,0.7142857142857143,1.0,0.8,1.0,0.13333333333333333,0.13333333333333333,0.23529411764705882,0.2127659574468085,0.26315789473684204,-0.7559289460184545,-0.7142857142857143,-0.8,0.2857142857142857,
m205_06_fill_holes_and_orientation.obj,m205,Humanoid,7,3,0,0,7,2437,5.034304208535922,0.8240943237699855,0.7623693353679067,0.7859162856301584,7,3,0,0,1.0,0.0,0.7,,0.0,1.0,0.3,,0.7,0.7,0.8235294117647058,0.7446808510638298,0.9210526315789475,,0.0,,1.0,
m206_06_fill_holes_and_orientation.obj,m206,Humanoid,3,7,4,0,7,2437,4.825906436162343,0.8419483776904639,0.7172090647513711,0.27584715417186634,3,7,4,0,0.42857142857142855,0.0,0.3,0.0,0.5714285714285714,1.0,0.7,1.0,0.21428571428571427,0.21428571428571427,0.3529411764705882,0.3191489361702127,0.3947368421052631,-0.6324555320336759,-0.5714285714285714,-0.7,0.42857142857142855,
m207_06_fill_holes_and_orientation.obj,m207,Humanoid,3,7,4,0,7,2437,5.177552691647543,0.8441229891022315,0.7493589781822484,0.4225749983705865,3,7,4,0,0.42857142857142855,0.0,0.3,0.0,0.5714285714285714,1.0,0.7,1.0,0.21428571428571427,0.21428571428571427,0.3529411764705882,0.3191489361702127,0.3947368421052631,-0.6324555320336759,-0.5714285714285714,-0.7,0.42857142857142855,
m208_06_fill_holes_and_orientation.obj,m208,Humanoid,4,6,3,0,7,2437,6.153404988369455,0.8596479847777202,0.7726329318193345,0.45767527470376834,4,6,3,0,0.5714285714285714,0.0,0.4,0.0,0.42857142857142855,1.0,0.6,1.0,0.3076923076923077,0.3076923076923077,0.47058823529411764,0.425531914893617,0.5263157894736841,-0.50709255283711,-0.4285714285714286,-0.6,0.5714285714285714,
m210_06_fill_holes_and_orientation.obj,m210,Humanoid,3,7,4,0,7,2437,2.604376269345631,0.7029585835372032,0.6465849161708098,0.29343678345195284,3,7,4,0,0.42857142857142855,0.0,0.3,0.0,0.5714285714285714,1.0,0.7,1.0,0.21428571428571427,0.21428571428571427,0.3529411764705882,0.3191489361702127,0.3947368421052631,-0.6324555320336759,-0.5714285714285714,-0.7,0.42857142857142855,
m211_06_fill_holes_and_orientation.obj,m211,Humanoid,5,5,2,0,7,2437,4.492036950192392,0.8132861343811006,0.7449466713810431,0.6489315753318466,5,5,2,0,0.7142857142857143,0.0,0.5,0.0,0.2857142857142857,1.0,0.5,1.0,0.4166666666666667,0.4166666666666667,0.588235294117647,0.5319148936170213,0.6578947368421053,-0.37796447300922725,-0.2857142857142857,-0.5,0.7142857142857143,
m212_06_fill_holes_and_orientation.obj,m212,Humanoid,4,6,3,0,7,2437,5.474712689180628,0.8561945535868734,0.7584616543911604,0.5067837010870874,4,6,3,0,0.5714285714285714,0.0,0.4,0.0,0.42857142857142855,1.0,0.6,1.0,0.3076923076923077,0.3076923076923077,0.47058823529411764,0.425531914893617,0.5263157894736841,-0.50709255283711,-0.4285714285714286,-0.6,0.5714285714285714,
m213_06_fill_holes_and_orientation.obj,m213,Humanoid,8,2,0,0,7,2437,7.601970135444295,0.8612912990832036,0.8262026492327278,0.8643145546088339,8,2,0,0,1.0,0.0,0.8,,0.0,1.0,0.2,,0.8,0.8,0.888888888888889,0.8333333333333334,0.9523809523809523,,0.0,,1.0,
m214_06_fill_holes_and_orientation.obj,m214,Humanoid,4,6,3,0,7,2437,4.5897395435558535,0.7881298341858799,0.7088279368314621,0.2915590498767101,4,6,3,0,0.5714285714285714,0.0,0.4,0.0,0.42857142857142855,1.0,0.6,1.0,0.3076923076923077,0.3076923076923077,0.47058823529411764,0.425531914893617,0.5263157894736841,-0.50709255283711,-0.4285714285714286,-0.6,0.5714285714285714,
m215_06_fill_holes_and_orientation.obj,m215,Humanoid,10,0,0,0,7,2437,7.406436004604401,0.8583753428719698,0.8248527074023185,1.0,10,0,0,0,1.0,,1.0,,0.0,,0.0,,1.0,1.0,1.0,1.0,1.0,,,,,
m216_06_fill_holes_and_orientation.obj,m216,Humanoid,1,9,6,0,7,2437,2.877394566317821,0.7847628932216374,0.6401069804223655,0.08514311764162101,1,9,6,0,0.14285714285714285,0.0,0.1,0.0,0.8571428571428571,1.0,0.9,1.0,0.0625,0.0625,0.11764705882352941,0.10638297872340426,0.13157894736842102,-0.8783100656536799,-0.8571428571428572,-0.9,0.14285714285714285,
m217_06_fill_holes_and_orientation.obj,m217,Humanoid,4,6,3,0,7,2437,4.787282913169003,0.7981256332320161,0.7151496558731271,0.30315953217404545,4,6,3,0,0.5714285714285714,0.0,0.4,0.0,0.42857142857142855,1.0,0.6,1.0,0.3076923076923077,0.3076923076923077,0.47058823529411764,0.425531914893617,0.5263157894736841,-0.50709255283711,-0.4285714285714286,-0.6,0.5714285714285714,
m218_06_fill_holes_and_orientation.obj,m218,Humanoid,1,9,6,0,7,2437,1.4437713373123464,0.614259767217733,0.5650883395696619,0.06943122193677728,1,9,6,0,0.14285714285714285,0.0,0.1,0.0,0.8571428571428571,1.0,0.9,1.0,0.0625,0.0625,0.11764705882352941,0.10638297872340426,0.13157894736842102,-0.8783100656536799,-0.8571428571428572,-0.9,0.14285714285714285,
m219_06_fill_holes_and_orientation.obj,m219,Humanoid,1,9,6,0,7,2437,1.0682267086397308,0.47191847678355203,0.5385303567393598,0.13886244387355456,1,9,6,0,0.14285714285714285,0.0,0.1,0.0,0.8571428571428571,1.0,0.9,1.0,0.0625,0.0625,0.11764705882352941,0.10638297872340426,0.13157894736842102,-0.8783100656536799,-0.8571428571428572,-0.9,0.14285714285714285,
m220_06_fill_holes_and_orientation.obj,m220,Humanoid,7,3,0,0,7,2437,6.366814344687072,0.8401722391084093,0.7950607053964757,0.8006937664098821,7,3,0,0,1.0,0.0,0.7,,0.0,1.0,0.3,,0.7,0.7,0.8235294117647058,0.7446808510638298,0.9210526315789475,,0.0,,1.0,
m221_06_fill_holes_and_orientation.obj,m221,Humanoid,9,1,0,0,7,2437,6.647804326949112,0.7582320162107397,0.7987072268341817,0.9148568823583791,9,1,0,0,1.0,0.0,0.9,,0.0,1.0,0.1,,0.9,0.9,0.9473684210526316,0.9183673469387754,0.9782608695652175,,0.0,,1.0,
m222_06_fill_holes_and_orientation.obj,m222,Humanoid,2,8,5,0,7,2437,2.149691016499172,0.6590956829021177,0.6208938584478985,0.16815228646891087,2,8,5,0,0.2857142857142857,0.0,0.2,0.0,0.7142857142857143,1.0,0.8,1.0,0.13333333333333333,0.13333333333333333,0.23529411764705882,0.2127659574468085,0.26315789473684204,-0.7559289460184545,-0.7142857142857143,-0.8,0.2857142857142857,
m223_06_fill_holes_and_orientation.obj,m223,Humanoid,9,1,0,0,7,2437,5.629971766395472,0.7313737119134109,0.7754925148726233,0.9363792118010483,9,1,0,0,1.0,0.0,0.9,,0.0,1.0,0.1,,0.9,0.9,0.9473684210526316,0.9183673469387754,0.9782608695652175,,0.0,,1.0,
m224_06_fill_holes_and_orientation.obj,m224,Humanoid,7,3,0,0,7,2437,3.268910474931347,0.6922214396916007,0.6999160501991449,0.7381919257729246,7,3,0,0,1.0,0.0,0.7,,0.0,1.0,0.3,,0.7,0.7,0.8235294117647058,0.7446808510638298,0.9210526315789475,,0.0,,1.0,
m226_06_fill_holes_and_orientation.obj,m226,Humanoid,6,4,1,0,7,2437,6.209307271099407,0.8135826723008871,0.7793665869851079,0.6267310462031456,6,4,1,0,0.8571428571428571,0.0,0.6,0.0,0.14285714285714285,1.0,0.4,1.0,0.5454545454545454,0.5454545454545454,0.7058823529411764,0.6382978723404255,0.7894736842105262,-0.23904572186687872,-0.1428571428571429,-0.4,0.8571428571428571,
m227_06_fill_holes_and_orientation.obj,m227,Humanoid,0,10,6,0,6,2437,3.5705939342443607,0.8108396965428621,0.6318362488925628,0.0,0,10,6,0,0.0,0.0,0.0,0.0,1.0,1.0,1.0,1.0,0.0,0.0,,,,-1.0,-1.0,-1.0,0.0,
m228_06_fill_holes_and_orientation.obj,m228,Humanoid,1,9,6,0,7,2437,1.1669191467477587,0.5162230953616528,0.5490786242686185,0.13886244387355456,1,9,6,0,0.14285714285714285,0.0,0.1,0.0,0.8571428571428571,1.0,0.9,1.0,0.0625,0.0625,0.11764705882352941,0.10638297872340426,0.13157894736842102,-0.8783100656536799,-0.8571428571428572,-0.9,0.14285714285714285,
m229_06_fill_holes_and_orientation.obj,m229,Humanoid,7,3,0,0,7,2437,6.237853247359338,0.787746806039489,0.789946556257633,0.769526190239283,7,3,0,0,1.0,0.0,0.7,,0.0,1.0,0.3,,0.7,0.7,0.8235294117647058,0.7446808510638298,0.9210526315789475,,0.0,,1.0,
m230_06_fill_holes_and_orientation.obj,m230,Humanoid,7,3,0,0,7,2437,4.935312189339995,0.733146761558801,0.7389429474893576,0.6500332220485792,7,3,0,0,1.0,0.0,0.7,,0.0,1.0,0.3,,0.7,0.7,0.8235294117647058,0.7446808510638298,0.9210526315789475,,0.0,,1.0,
m231_06_fill_holes_and_orientation.obj,m231,Humanoid,0,10,7,0,7,2437,1.0801004119026867,0.513350384263721,0.5233633605186404,0.0,0,10,7,0,0.0,0.0,0.0,0.0,1.0,1.0,1.0,1.0,0.0,0.0,,,,-1.0,-1.0,-1.0,0.0,
m232_06_fill_holes_and_orientation.obj,m232,Humanoid,7,3,0,0,7,2437,3.6763991464506915,0.7195770627919045,0.707835817716809,0.6726934039987302,7,3,0,0,1.0,0.0,0.7,,0.0,1.0,0.3,,0.7,0.7,0.8235294117647058,0.7446808510638298,0.9210526315789475,,0.0,,1.0,
m233_06_fill_holes_and_orientation.obj,m233,Humanoid,1,9,6,0,7,2437,1.7578212870659198,0.6592285071786887,0.5859639426884629,0.08514311764162101,1,9,6,0,0.14285714285714285,0.0,0.1,0.0,0.8571428571428571,1.0,0.9,1.0,0.0625,0.0625,0.11764705882352941,0.10638297872340426,0.13157894736842102,-0.8783100656536799,-0.8571428571428572,-0.9,0.14285714285714285,
m234_06_fill_holes_and_orientation.obj,m234,Humanoid,5,5,2,0,7,2437,5.8829561122706755,0.793155534138928,0.7749327227215581,0.5958595188912911,5,5,2,0,0.7142857142857143,0.0,0.5,0.0,0.2857142857142857,1.0,0.5,1.0,0.4166666666666667,0.4166666666666667,0.588235294117647,0.5319148936170213,0.6578947368421053,-0.37796447300922725,-0.2857142857142857,-0.5,0.7142857142857143,
m235_06_fill_holes_and_orientation.obj,m235,Humanoid,8,2,0,0,7,2437,3.69703778924105,0.6974015864778709,0.7184555061358705,0.8701249883466594,8,2,0,0,1.0,0.0,0.8,,0.0,1.0,0.2,,0.8,0.8,0.888888888888889,0.8333333333333334,0.9523809523809523,,0.0,,1.0,
m236_06_fill_holes_and_orientation.obj,m236,Humanoid,6,4,1,0,7,2437,2.710048473131057,0.6746299453875998,0.668443534773659,0.5829393865084945,6,4,1,0,0.8571428571428571,0.0,0.6,0.0,0.14285714285714285,1.0,0.4,1.0,0.5454545454545454,0.5454545454545454,0.7058823529411764,0.6382978723404255,0.7894736842105262,-0.23904572186687872,-0.1428571428571429,-0.4,0.8571428571428571,
m237_06_fill_holes_and_orientation.obj,m237,Humanoid,7,3,0,0,7,2437,3.1818554418073925,0.6817530333358045,0.6979886768824619,0.7849818707050383,7,3,0,0,1.0,0.0,0.7,,0.0,1.0,0.3,,0.7,0.7,0.8235294117647058,0.7446808510638298,0.9210526315789475,,0.0,,1.0,
m238_06_fill_holes_and_orientation.obj,m238,Humanoid,7,3,0,0,7,2437,4.625183461920486,0.7174426075567746,0.746895016127531,0.7818048722226502,7,3,0,0,1.0,0.0,0.7,,0.0,1.0,0.3,,0.7,0.7,0.8235294117647058,0.7446808510638298,0.9210526315789475,,0.0,,1.0,
m239_06_fill_holes_and_orientation.obj,m239,Humanoid,8,2,0,0,7,2437,3.5681033969052285,0.6956408925791386,0.7077250287972807,0.7759944384848245,8,2,0,0,1.0,0.0,0.8,,0.0,1.0,0.2,,0.8,0.8,0.888888888888889,0.8333333333333334,0.9523809523809523,,0.0,,1.0,
m240_06_fill_holes_and_orientation.obj,m240,Humanoid,7,3,0,0,7,2437,5.949367372099007,0.8251630958558827,0.7830839305373215,0.769526190239283,7,3,0,0,1.0,0.0,0.7,,0.0,1.0,0.3,,0.7,0.7,0.8235294117647058,0.7446808510638298,0.9210526315789475,,0.0,,1.0,
m241_06_fill_holes_and_orientation.obj,m241,Humanoid,4,6,3,0,7,2437,3.282966077732333,0.7136185039661948,0.6967426130642919,0.5384313152574522,4,6,3,0,0.5714285714285714,0.0,0.4,0.0,0.42857142857142855,1.0,0.6,1.0,0.3076923076923077,0.3076923076923077,0.47058823529411764,0.425531914893617,0.5263157894736841,-0.50709255283711,-0.4285714285714286,-0.6,0.5714285714285714,
m242_06_fill_holes_and_orientation.obj,m242,Humanoid,3,7,4,0,7,2437,3.94986938065765,0.7978692514888674,0.6849696645722038,0.22119341301481268,3,7,4,0,0.42857142857142855,0.0,0.3,0.0,0.5714285714285714,1.0,0.7,1.0,0.21428571428571427,0.21428571428571427,0.3529411764705882,0.3191489361702127,0.3947368421052631,-0.6324555320336759,-0.5714285714285714,-0.7,0.42857142857142855,
m243_06_fill_holes_and_orientation.obj,m243,Humanoid,6,4,1,0,7,2437,2.9857545598411117,0.6703363234240245,0.6879511713758869,0.7059054020403313,6,4,1,0,0.8571428571428571,0.0,0.6,0.0,0.14285714285714285,1.0,0.4,1.0,0.5454545454545454,0.5454545454545454,0.7058823529411764,0.6382978723404255,0.7894736842105262,-0.23904572186687872,-0.1428571428571429,-0.4,0.8571428571428571,
m244_06_fill_holes_and_orientation.obj,m244,Humanoid,6,4,1,0,7,2437,4.3999670102424195,0.7579323893542886,0.736086289418414,0.6987957033953602,6,4,1,0,0.8571428571428571,0.0,0.6,0.0,0.14285714285714285,1.0,0.4,1.0,0.5454545454545454,0.5454545454545454,0.7058823529411764,0.6382978723404255,0.7894736842105262,-0.23904572186687872,-0.1428571428571429,-0.4,0.8571428571428571,
m245_06_fill_holes_and_orientation.obj,m245,Humanoid,5,5,2,0,7,2437,4.184366309626065,0.7144741394222452,0.7337211493756928,0.6489315753318466,5,5,2,0,0.7142857142857143,0.0,0.5,0.0,0.2857142857142857,1.0,0.5,1.0,0.4166666666666667,0.4166666666666667,0.588235294117647,0.5319148936170213,0.6578947368421053,-0.37796447300922725,-0.2857142857142857,-0.5,0.7142857142857143,
m246_06_fill_holes_and_orientation.obj,m246,Humanoid,5,5,2,0,7,2437,2.7172077881671206,0.6683501371487879,0.6730791818730351,0.5834330535576522,5,5,2,0,0.7142857142857143,0.0,0.5,0.0,0.2857142857142857,1.0,0.5,1.0,0.4166666666666667,0.4166666666666667,0.588235294117647,0.5319148936170213,0.6578947368421053,-0.37796447300922725,-0.2857142857142857,-0.5,0.7142857142857143,
m248_06_fill_holes_and_orientation.obj,m248,Humanoid,2,8,5,0,7,2437,1.7357561303826743,0.6345911483430944,0.5988027665881844,0.20511666732794362,2,8,5,0,0.2857142857142857,0.0,0.2,0.0,0.7142857142857143,1.0,0.8,1.0,0.13333333333333333,0.13333333333333333,0.23529411764705882,0.2127659574468085,0.26315789473684204,-0.7559289460184545,-0.7142857142857143,-0.8,0.2857142857142857,
m249_06_fill_holes_and_orientation.obj,m249,Humanoid,5,5,1,0,6,2437,4.795725516249159,0.7306354560506091,0.7228413768989679,0.5619107241149829,5,5,1,0,0.8333333333333334,0.0,0.5,0.0,0.16666666666666666,1.0,0.5,1.0,0.45454545454545453,0.45454545454545453,0.625,0.5434782608695652,0.7352941176470589,-0.28867513459481287,-0.16666666666666663,-0.5,0.8333333333333334,
m250_06_fill_holes_and_orientation.obj,m250,Humanoid,7,3,0,0,7,2437,5.321007733559539,0.7695993031358884,0.7675207340838802,0.7630946912803437,7,3,0,0,1.0,0.0,0.7,,0.0,1.0,0.3,,0.7,0.7,0.8235294117647058,0.7446808510638298,0.9210526315789475,,0.0,,1.0,
m251_06_fill_holes_and_orientation.obj,m251,Humanoid,7,3,0,0,6,2437,5.009333800337068,0.7019237897546149,0.7375091276897773,0.7885497208855957,7,3,0,0,1.0,0.0,0.7,,0.0,1.0,0.3,,0.7,0.7,0.8235294117647058,0.7446808510638298,0.9210526315789475,,0.0,,1.0,
m252_06_fill_holes_and_orientation.obj,m252,Humanoid,4,6,3,0,7,2437,5.581220373180996,0.8092736056539896,0.7663228498065683,0.5174612499126158,4,6,3,0,0.5714285714285714,0.0,0.4,0.0,0.42857142857142855,1.0,0.6,1.0,0.3076923076923077,0.3076923076923077,0.47058823529411764,0.425531914893617,0.5263157894736841,-0.50709255283711,-0.4285714285714286,-0.6,0.5714285714285714,
m253_06_fill_holes_and_orientation.obj,m253,Humanoid,7,3,0,0,7,2437,4.538951172141722,0.7372890256258187,0.7422610829171502,0.7411902110103873,7,3,0,0,1.0,0.0,0.7,,0.0,1.0,0.3,,0.7,0.7,0.8235294117647058,0.7446808510638298,0.9210526315789475,,0.0,,1.0,
m254_06_fill_holes_and_orientation.obj,m254,Humanoid,7,3,0,0,7,2437,6.880758247355586,0.7946474905478538,0.8070606747334648,0.7967610662472993,7,3,0,0,1.0,0.0,0.7,,0.0,1.0,0.3,,0.7,0.7,0.8235294117647058,0.7446808510638298,0.9210526315789475,,0.0,,1.0,
m255_06_fill_holes_and_orientation.obj,m255,Humanoid,4,6,3,0,7,2437,5.227014649886591,0.8438418958657671,0.7494582678182603,0.4920062203073638,4,6,3,0,0.5714285714285714,0.0,0.4,0.0,0.42857142857142855,1.0,0.6,1.0,0.3076923076923077,0.3076923076923077,0.47058823529411764,0.425531914893617,0.5263157894736841,-0.50709255283711,-0.4285714285714286,-0.6,0.5714285714285714,
m256_06_fill_holes_and_orientation.obj,m256,Humanoid,0,10,6,0,6,2437,1.5527228362931398,0.6007178688808166,0.5472531260617536,0.0,0,10,6,0,0.0,0.0,0.0,0.0,1.0,1.0,1.0,1.0,0.0,0.0,,,,-1.0,-1.0,-1.0,0.0,
m257_06_fill_holes_and_orientation.obj,m257,Humanoid,8,2,0,0,7,2437,4.778249345434891,0.7344842711345048,0.7504302954338888,0.8205228949141828,8,2,0,0,1.0,0.0,0.8,,0.0,1.0,0.2,,0.8,0.8,0.888888888888889,0.8333333333333334,0.9523809523809523,,0.0,,1.0,
m258_06_fill_holes_and_orientation.obj,m258,Humanoid,8,2,0,0,7,2437,4.472954550929322,0.7113450465811648,0.7428287294574061,0.8486026589039901,8,2,0,0,1.0,0.0,0.8,,0.0,1.0,0.2,,0.8,0.8,0.888888888888889,0.8333333333333334,0.9523809523809523,,0.0,,1.0,
m259_06_fill_holes_and_orientation.obj,m259,Humanoid,1,9,6,0,7,2437,2.364328896264541,0.6736754639582869,0.6272206156991408,0.09478836436955079,1,9,6,0,0.14285714285714285,0.0,0.1,0.0,0.8571428571428571,1.0,0.9,1.0,0.0625,0.0625,0.11764705882352941,0.10638297872340426,0.13157894736842102,-0.8783100656536799,-0.8571428571428572,-0.9,0.14285714285714285,
m260_06_fill_holes_and_orientation.obj,m260,Humanoid,2,8,5,0,7,2437,5.086332278683689,0.844790199421751,0.7187367579903516,0.17947710508581738,2,8,5,0,0.2857142857142857,0.0,0.2,0.0,0.7142857142857143,1.0,0.8,1.0,0.13333333333333333,0.13333333333333333,0.23529411764705882,0.2127659574468085,0.26315789473684204,-0.7559289460184545,-0.7142857142857143,-0.8,0.2857142857142857,
m261_06_fill_holes_and_orientation.obj,m261,Humanoid,7,3,0,0,7,2437,5.958860255315908,0.7934242716287345,0.7848068606526218,0.7721596254947204,7,3,0,0,1.0,0.0,0.7,,0.0,1.0,0.3,,0.7,0.7,0.8235294117647058,0.7446808510638298,0.9210526315789475,,0.0,,1.0,
m262_06_fill_holes_and_orientation.obj,m262,Humanoid,7,3,0,0,7,2437,6.198678562298572,0.8201250401561767,0.7878316865509659,0.7421246259355073,7,3,0,0,1.0,0.0,0.7,,0.0,1.0,0.3,,0.7,0.7,0.8235294117647058,0.7446808510638298,0.9210526315789475,,0.0,,1.0,
m263_06_fill_holes_and_orientation.obj,m263,Humanoid,8,2,0,0,7,2437,4.772812820403773,0.7358217807102083,0.7532924718606586,0.8486026589039901,8,2,0,0,1.0,0.0,0.8,,0.0,1.0,0.2,,0.8,0.8,0.888888888888889,0.8333333333333334,0.9523809523809523,,0.0,,1.0,
m264_06_fill_holes_and_orientation.obj,m264,Humanoid,6,4,1,0,7,2437,5.647470720095514,0.7802283341982356,0.7765294366102864,0.727329844310522,6,4,1,0,0.8571428571428571,0.0,0.6,0.0,0.14285714285714285,1.0,0.4,1.0,0.5454545454545454,0.5454545454545454,0.7058823529411764,0.6382978723404255,0.7894736842105262,-0.23904572186687872,-0.1428571428571429,-0.4,0.8571428571428571,
m265_06_fill_holes_and_orientation.obj,m265,Humanoid,5,5,2,0,7,2437,4.218546757843976,0.7433464304247905,0.7305765736418103,0.5957616317188127,5,5,2,0,0.7142857142857143,0.0,0.5,0.0,0.2857142857142857,1.0,0.5,1.0,0.4166666666666667,0.4166666666666667,0.588235294117647,0.5319148936170213,0.6578947368421053,-0.37796447300922725,-0.2857142857142857,-0.5,0.7142857142857143,
m266_06_fill_holes_and_orientation.obj,m266,Humanoid,0,10,7,0,7,2437,1.3417824989071327,0.5847357105789902,0.5566185589117383,0.0,0,10,7,0,0.0,0.0,0.0,0.0,1.0,1.0,1.0,1.0,0.0,0.0,,,,-1.0,-1.0,-1.0,0.0,
D00081_06_fill_holes_and_orientation.obj,d00081,Insect,4,6,3,0,7,2437,0.6692150408654041,0.7016500737463127,0.5323758000790787,0.31954962756492095,4,6,3,0,0.5714285714285714,0.0,0.4,0.0,0.42857142857142855,1.0,0.6,1.0,0.3076923076923077,0.3076923076923077,0.47058823529411764,0.425531914893617,0.5263157894736841,-0.50709255283711,-0.4285714285714286,-0.6,0.5714285714285714,
D00082_06_fill_holes_and_orientation.obj,d00082,Insect,0,10,7,0,7,2437,0.2494302930582919,0.5247379372102824,0.4357327846347827,0.0,0,10,7,0,0.0,0.0,0.0,0.0,1.0,1.0,1.0,1.0,0.0,0.0,,,,-1.0,-1.0,-1.0,0.0,
D00102_06_fill_holes_and_orientation.obj,d00102,Insect,2,8,5,0,7,2437,0.6185596446734817,0.7271452275600505,0.5208939111214796,0.1517621910780354,2,8,5,0,0.2857142857142857,0.0,0.2,0.0,0.7142857142857143,1.0,0.8,1.0,0.13333333333333333,0.13333333333333333,0.23529411764705882,0.2127659574468085,0.26315789473684204,-0.7559289460184545,-0.7142857142857143,-0.8,0.2857142857142857,
D00109_06_fill_holes_and_orientation.obj,d00109,Insect,0,10,7,0,7,2437,0.31018751213664386,0.6293589338390224,0.44223168791379885,0.0,0,10,7,0,0.0,0.0,0.0,0.0,1.0,1.0,1.0,1.0,0.0,0.0,,,,-1.0,-1.0,-1.0,0.0,
D00117_06_fill_holes_and_orientation.obj,d00117,Insect,0,10,7,0,7,2437,0.4216508198818914,0.6790257585335019,0.4745051616333927,0.0,0,10,7,0,0.0,0.0,0.0,0.0,1.0,1.0,1.0,1.0,0.0,0.0,,,,-1.0,-1.0,-1.0,0.0,
D00136_06_fill_holes_and_orientation.obj,d00136,Insect,0,10,7,0,7,2437,0.31946576825141343,0.6026785714285715,0.4568001300503298,0.0,0,10,7,0,0.0,0.0,0.0,0.0,1.0,1.0,1.0,1.0,0.0,0.0,,,,-1.0,-1.0,-1.0,0.0,
D00160_06_fill_holes_and_orientation.obj,d00160,Insect,0,10,7,0,7,2437,0.16870100012294056,0.3472266118836916,0.39955707137986124,0.0,0,10,7,0,0.0,0.0,0.0,0.0,1.0,1.0,1.0,1.0,0.0,0.0,,,,-1.0,-1.0,-1.0,0.0,
D00180_06_fill_holes_and_orientation.obj,d00180,Insect,3,7,4,0,7,2437,0.722980651330834,0.6765302359882006,0.5619243701862633,0.40350157154648036,3,7,4,0,0.42857142857142855,0.0,0.3,0.0,0.5714285714285714,1.0,0.7,1.0,0.21428571428571427,0.21428571428571427,0.3529411764705882,0.3191489361702127,0.3947368421052631,-0.6324555320336759,-0.5714285714285714,-0.7,0.42857142857142855,
D00231_06_fill_holes_and_orientation.obj,d00231,Insect,1,9,6,0,7,2437,0.6031439016700607,0.6976203645174884,0.5153506838944307,0.06362078819895173,1,9,6,0,0.14285714285714285,0.0,0.1,0.0,0.8571428571428571,1.0,0.9,1.0,0.0625,0.0625,0.11764705882352941,0.10638297872340426,0.13157894736842102,-0.8783100656536799,-0.8571428571428572,-0.9,0.14285714285714285,
D00291_06_fill_holes_and_orientation.obj,d00291,Insect,0,10,7,0,7,2437,0.27169672061257494,0.5693610408765276,0.43865381215697286,0.0,0,10,7,0,0.0,0.0,0.0,0.0,1.0,1.0,1.0,1.0,0.0,0.0,,,,-1.0,-1.0,-1.0,0.0,
D00294_06_fill_holes_and_orientation.obj,d00294,Insect,0,10,7,0,7,2437,0.2801890283505675,0.6048317003792667,0.42970739972334804,0.0,0,10,7,0,0.0,0.0,0.0,0.0,1.0,1.0,1.0,1.0,0.0,0.0,,,,-1.0,-1.0,-1.0,0.0,
D00309_06_fill_holes_and_orientation.obj,d00309,Insect,5,5,2,0,7,2437,1.226904552187588,0.7577301938474504,0.6119579512395685,0.44903378752009254,5,5,2,0,0.7142857142857143,0.0,0.5,0.0,0.2857142857142857,1.0,0.5,1.0,0.4166666666666667,0.4166666666666667,0.588235294117647,0.5319148936170213,0.6578947368421053,-0.37796447300922725,-0.2857142857142857,-0.5,0.7142857142857143,
D00315_06_fill_holes_and_orientation.obj,d00315,Insect,0,10,7,0,7,2437,0.21284808625618326,0.47607195533080493,0.4185750548789461,0.0,0,10,7,0,0.0,0.0,0.0,0.0,1.0,1.0,1.0,1.0,0.0,0.0,,,,-1.0,-1.0,-1.0,0.0,
D00333_06_fill_holes_and_orientation.obj,d00333,Insect,0,10,7,0,7,2437,0.4059438979712579,0.6691095132743363,0.47090387388777794,0.0,0,10,7,0,0.0,0.0,0.0,0.0,1.0,1.0,1.0,1.0,0.0,0.0,,,,-1.0,-1.0,-1.0,0.0,
D00399_06_fill_holes_and_orientation.obj,d00399,Insect,5,5,2,0,7,2437,1.6541097783329732,0.7833965444584914,0.6798971020035471,0.6325414799409712,5,5,2,0,0.7142857142857143,0.0,0.5,0.0,0.2857142857142857,1.0,0.5,1.0,0.4166666666666667,0.4166666666666667,0.588235294117647,0.5319148936170213,0.6578947368421053,-0.37796447300922725,-0.2857142857142857,-0.5,0.7142857142857143,
D00430_06_fill_holes_and_orientation.obj,d00430,Insect,0,10,7,0,7,2437,0.4093125092102217,0.6623867467340919,0.47438813855775414,0.0,0,10,7,0,0.0,0.0,0.0,0.0,1.0,1.0,1.0,1.0,0.0,0.0,,,,-1.0,-1.0,-1.0,0.0,
D00510_06_fill_holes_and_orientation.obj,d00510,Insect,0,10,7,0,7,2437,0.5938630051458433,0.7400310788032026,0.5060234570658443,0.0,0,10,7,0,0.0,0.0,0.0,0.0,1.0,1.0,1.0,1.0,0.0,0.0,,,,-1.0,-1.0,-1.0,0.0,
D00590_06_fill_holes_and_orientation.obj,d00590,Insect,5,5,2,0,7,2437,1.875466094774857,0.7941226822587442,0.6979465905994998,0.6325414799409712,5,5,2,0,0.7142857142857143,0.0,0.5,0.0,0.2857142857142857,1.0,0.5,1.0,0.4166666666666667,0.4166666666666667,0.588235294117647,0.5319148936170213,0.6578947368421053,-0.37796447300922725,-0.2857142857142857,-0.5,0.7142857142857143,
D00615_06_fill_holes_and_orientation.obj,d00615,Insect,2,8,5,0,7,2437,0.7185994398557599,0.6815146965865992,0.5612351865924483,0.35895421017163476,2,8,5,0,0.2857142857142857,0.0,0.2,0.0,0.7142857142857143,1.0,0.8,1.0,0.13333333333333333,0.13333333333333333,0.23529411764705882,0.2127659574468085,0.26315789473684204,-0.7559289460184545,-0.7142857142857143,-0.8,0.2857142857142857,
D00662_06_fill_holes_and_orientation.obj,d00662,Insect,2,8,5,0,7,2437,0.6594342356734681,0.7197376738305942,0.5495773970530854,0.2837125544970319,2,8,5,0,0.2857142857142857,0.0,0.2,0.0,0.7142857142857143,1.0,0.8,1.0,0.13333333333333333,0.13333333333333333,0.23529411764705882,0.2127659574468085,0.26315789473684204,-0.7559289460184545,-0.7142857142857143,-0.8,0.2857142857142857,
D00668_06_fill_holes_and_orientation.obj,d00668,Insect,2,8,5,0,7,2437,0.6131789812763325,0.7357577433628318,0.5196031621756111,0.14876390584057272,2,8,5,0,0.2857142857142857,0.0,0.2,0.0,0.7142857142857143,1.0,0.8,1.0,0.13333333333333333,0.13333333333333333,0.23529411764705882,0.2127659574468085,0.26315789473684204,-0.7559289460184545,-0.7142857142857143,-0.8,0.2857142857142857,
D00672_06_fill_holes_and_orientation.obj,d00672,Insect,3,7,4,0,7,2437,0.7336238794933053,0.68715102191319,0.5630128092692395,0.3557772116892466,3,7,4,0,0.42857142857142855,0.0,0.3,0.0,0.5714285714285714,1.0,0.7,1.0,0.21428571428571427,0.21428571428571427,0.3529411764705882,0.3191489361702127,0.3947368421052631,-0.6324555320336759,-0.5714285714285714,-0.7,0.42857142857142855,
D00695_06_fill_holes_and_orientation.obj,d00695,Insect,7,3,0,0,7,2437,1.9480557248769839,0.783291192583228,0.7032383217146392,0.7630946912803437,7,3,0,0,1.0,0.0,0.7,,0.0,1.0,0.3,,0.7,0.7,0.8235294117647058,0.7446808510638298,0.9210526315789475,,0.0,,1.0,
D00713_06_fill_holes_and_orientation.obj,d00713,Insect,0,10,7,0,7,2437,0.2948129097053431,0.5744442688579856,0.4500535282054389,0.0,0,10,7,0,0.0,0.0,0.0,0.0,1.0,1.0,1.0,1.0,0.0,0.0,,,,-1.0,-1.0,-1.0,0.0,
D00732_06_fill_holes_and_orientation.obj,d00732,Insect,3,7,4,0,7,2437,1.2200712996116168,0.790751422250316,0.6263634379394835,0.36885567213865295,3,7,4,0,0.42857142857142855,0.0,0.3,0.0,0.5714285714285714,1.0,0.7,1.0,0.21428571428571427,0.21428571428571427,0.3529411764705882,0.3191489361702127,0.3947368421052631,-0.6324555320336759,-0.5714285714285714,-0.7,0.42857142857142855,
D00734_06_fill_holes_and_orientation.obj,d00734,Insect,4,6,3,0,7,2437,1.1647640824409056,0.8008652022756005,0.5958496139571042,0.31954962756492095,4,6,3,0,0.5714285714285714,0.0,0.4,0.0,0.42857142857142855,1.0,0.6,1.0,0.3076923076923077,0.3076923076923077,0.47058823529411764,0.425531914893617,0.5263157894736841,-0.50709255283711,-0.4285714285714286,-0.6,0.5714285714285714,
D00746_06_fill_holes_and_orientation.obj,d00746,Insect,3,7,4,0,7,2437,0.7896714557869002,0.7125539928360725,0.5716169371247377,0.3557772116892466,3,7,4,0,0.42857142857142855,0.0,0.3,0.0,0.5714285714285714,1.0,0.7,1.0,0.21428571428571427,0.21428571428571427,0.3529411764705882,0.3191489361702127,0.3947368421052631,-0.6324555320336759,-0.5714285714285714,-0.7,0.42857142857142855,
D00752_06_fill_holes_and_orientation.obj,d00752,Insect,2,8,5,0,7,2437,0.9143461634489066,0.7411701959544881,0.5906358827970736,0.314880130667631,2,8,5,0,0.2857142857142857,0.0,0.2,0.0,0.7142857142857143,1.0,0.8,1.0,0.13333333333333333,0.13333333333333333,0.23529411764705882,0.2127659574468085,0.26315789473684204,-0.7559289460184545,-0.7142857142857143,-0.8,0.2857142857142857,
D00753_06_fill_holes_and_orientation.obj,d00753,Insect,1,9,6,0,7,2437,0.7955341536475721,0.7326498630425622,0.5704882714710494,0.2200917662980802,1,9,6,0,0.14285714285714285,0.0,0.1,0.0,0.8571428571428571,1.0,0.9,1.0,0.0625,0.0625,0.11764705882352941,0.10638297872340426,0.13157894736842102,-0.8783100656536799,-0.8571428571428572,-0.9,0.14285714285714285,
D00774_06_fill_holes_and_orientation.obj,d00774,Insect,2,8,5,0,7,2437,0.8456742064949875,0.7300819110830172,0.5812189204780448,0.314880130667631,2,8,5,0,0.2857142857142857,0.0,0.2,0.0,0.7142857142857143,1.0,0.8,1.0,0.13333333333333333,0.13333333333333333,0.23529411764705882,0.2127659574468085,0.26315789473684204,-0.7559289460184545,-0.7142857142857143,-0.8,0.2857142857142857,
D00786_06_fill_holes_and_orientation.obj,d00786,Insect,1,9,6,0,7,2437,0.9163840284900518,0.7470303940160136,0.5849727140873178,0.2200917662980802,1,9,6,0,0.14285714285714285,0.0,0.1,0.0,0.8571428571428571,1.0,0.9,1.0,0.0625,0.0625,0.11764705882352941,0.10638297872340426,0.13157894736842102,-0.8783100656536799,-0.8571428571428572,-0.9,0.14285714285714285,
D00787_06_fill_holes_and_orientation.obj,d00787,Insect,0,10,7,0,7,2437,0.2561330737003247,0.566898440792246,0.42198499083241786,0.0,0,10,7,0,0.0,0.0,0.0,0.0,1.0,1.0,1.0,1.0,0.0,0.0,,,,-1.0,-1.0,-1.0,0.0,
D00788_06_fill_holes_and_orientation.obj,d00788,Insect,4,6,3,0,7,2437,1.2958958100417914,0.7855628423935945,0.6352580702405677,0.4479321408033599,4,6,3,0,0.5714285714285714,0.0,0.4,0.0,0.42857142857142855,1.0,0.6,1.0,0.3076923076923077,0.3076923076923077,0.47058823529411764,0.425531914893617,0.5263157894736841,-0.50709255283711,-0.4285714285714286,-0.6,0.5714285714285714,
D00806_06_fill_holes_and_orientation.obj,d00806,Insect,1,9,6,0,7,2437,0.5174694475603371,0.6914967867678045,0.5085783973992006,0.1100458831490401,1,9,6,0,0.14285714285714285,0.0,0.1,0.0,0.8571428571428571,1.0,0.9,1.0,0.0625,0.0625,0.11764705882352941,0.10638297872340426,0.13157894736842102,-0.8783100656536799,-0.8571428571428572,-0.9,0.14285714285714285,
D00814_06_fill_holes_and_orientation.obj,d00814,Insect,3,7,4,0,7,2437,0.9692060558307054,0.7918378634639697,0.5842193458155748,0.3187939258847264,3,7,4,0,0.42857142857142855,0.0,0.3,0.0,0.5714285714285714,1.0,0.7,1.0,0.21428571428571427,0.21428571428571427,0.3529411764705882,0.3191489361702127,0.3947368421052631,-0.6324555320336759,-0.5714285714285714,-0.7,0.42857142857142855,
D00855_06_fill_holes_and_orientation.obj,d00855,Insect,0,10,7,0,7,2437,0.3255158418572589,0.6222345132743363,0.4525711636252461,0.0,0,10,7,0,0.0,0.0,0.0,0.0,1.0,1.0,1.0,1.0,0.0,0.0,,,,-1.0,-1.0,-1.0,0.0,
D00884_06_fill_holes_and_orientation.obj,d00884,Insect,2,8,5,0,7,2437,0.658086531489173,0.7193426042983565,0.5493356317119723,0.2837125544970319,2,8,5,0,0.2857142857142857,0.0,0.2,0.0,0.7142857142857143,1.0,0.8,1.0,0.13333333333333333,0.13333333333333333,0.23529411764705882,0.2127659574468085,0.26315789473684204,-0.7559289460184545,-0.7142857142857143,-0.8,0.2857142857142857,
D00895_06_fill_holes_and_orientation.obj,d00895,Insect,0,10,7,0,7,2437,0.4488623690265167,0.6954935735356089,0.47972957993141657,0.0,0,10,7,0,0.0,0.0,0.0,0.0,1.0,1.0,1.0,1.0,0.0,0.0,,,,-1.0,-1.0,-1.0,0.0,
D00973_06_fill_holes_and_orientation.obj,d00973,Insect,0,10,6,0,6,2437,0.3097529596377566,0.550430625790139,0.43838715958734104,0.0,0,10,6,0,0.0,0.0,0.0,0.0,1.0,1.0,1.0,1.0,0.0,0.0,,,,-1.0,-1.0,-1.0,0.0,
D00989_06_fill_holes_and_orientation.obj,d00989,Insect,1,9,6,0,7,2437,0.3483061462316574,0.6184550147492626,0.4664406758603962,0.08514311764162101,1,9,6,0,0.14285714285714285,0.0,0.1,0.0,0.8571428571428571,1.0,0.9,1.0,0.0625,0.0625,0.11764705882352941,0.10638297872340426,0.13157894736842102,-0.8783100656536799,-0.8571428571428572,-0.9,0.14285714285714285,
m0_06_fill_holes_and_orientation.obj,m0,Insect,0,10,7,0,7,2437,0.475923231915553,0.6879674989464812,0.4880123657215537,0.0,0,10,7,0,0.0,0.0,0.0,0.0,1.0,1.0,1.0,1.0,0.0,0.0,,,,-1.0,-1.0,-1.0,0.0,
m10_06_fill_holes_and_orientation.obj,m10,Insect,3,7,4,0,7,2437,1.3270189848248175,0.7869982616940582,0.6460502547670367,0.44409732781325584,3,7,4,0,0.42857142857142855,0.0,0.3,0.0,0.5714285714285714,1.0,0.7,1.0,0.21428571428571427,0.21428571428571427,0.3529411764705882,0.3191489361702127,0.3947368421052631,-0.6324555320336759,-0.5714285714285714,-0.7,0.42857142857142855,
m11_06_fill_holes_and_orientation.obj,m11,Insect,1,9,6,0,7,2437,0.8436040989318324,0.7756070901812052,0.5732549110702224,0.2200917662980802,1,9,6,0,0.14285714285714285,0.0,0.1,0.0,0.8571428571428571,1.0,0.9,1.0,0.0625,0.0625,0.11764705882352941,0.10638297872340426,0.13157894736842102,-0.8783100656536799,-0.8571428571428572,-0.9,0.14285714285714285,
m12_06_fill_holes_and_orientation.obj,m12,Insect,1,9,6,0,7,2437,0.4523242977052019,0.6908580910240203,0.48552109009077526,0.08514311764162101,1,9,6,0,0.14285714285714285,0.0,0.1,0.0,0.8571428571428571,1.0,0.9,1.0,0.0625,0.0625,0.11764705882352941,0.10638297872340426,0.13157894736842102,-0.8783100656536799,-0.8571428571428572,-0.9,0.14285714285714285,
m13_06_fill_holes_and_orientation.obj,m13,Insect,2,8,5,0,7,2437,0.6516370502825107,0.678163190054783,0.548987037958441,0.314880130667631,2,8,5,0,0.2857142857142857,0.0,0.2,0.0,0.7142857142857143,1.0,0.8,1.0,0.13333333333333333,0.13333333333333333,0.23529411764705882,0.2127659574468085,0.26315789473684204,-0.7559289460184545,-0.7142857142857143,-0.8,0.2857142857142857,
m14_06_fill_holes_and_orientation.obj,m14,Insect,3,7,4,0,7,2437,1.3048685774419473,0.793121839443742,0.6424690387130467,0.42520843362602384,3,7,4,0,0.42857142857142855,0.0,0.3,0.0,0.5714285714285714,1.0,0.7,1.0,0.21428571428571427,0.21428571428571427,0.3529411764705882,0.3191489361702127,0.3947368421052631,-0.6324555320336759,-0.5714285714285714,-0.7,0.42857142857142855,
m15_06_fill_holes_and_orientation.obj,m15,Insect,1,9,6,0,7,2437,0.867585385177457,0.7675740096923725,0.5548776678798152,0.1100458831490401,1,9,6,0,0.14285714285714285,0.0,0.1,0.0,0.8571428571428571,1.0,0.9,1.0,0.0625,0.0625,0.11764705882352941,0.10638297872340426,0.13157894736842102,-0.8783100656536799,-0.8571428571428572,-0.9,0.14285714285714285,
m16_06_fill_holes_and_orientation.obj,m16,Insect,5,5,2,0,7,2437,1.9129978417200377,0.7939712389380531,0.7019501015151252,0.6421867266689011,5,5,2,0,0.7142857142857143,0.0,0.5,0.0,0.2857142857142857,1.0,0.5,1.0,0.4166666666666667,0.4166666666666667,0.588235294117647,0.5319148936170213,0.6578947368421053,-0.37796447300922725,-0.2857142857142857,-0.5,0.7142857142857143,
m17_06_fill_holes_and_orientation.obj,m17,Insect,1,9,6,0,7,2437,0.9059126890236445,0.7508757374631269,0.5854305945665917,0.2200917662980802,1,9,6,0,0.14285714285714285,0.0,0.1,0.0,0.8571428571428571,1.0,0.9,1.0,0.0625,0.0625,0.11764705882352941,0.10638297872340426,0.13157894736842102,-0.8783100656536799,-0.8571428571428572,-0.9,0.14285714285714285,
m18_06_fill_holes_and_orientation.obj,m18,Insect,3,7,4,0,7,2437,0.8032288498339243,0.7076024546986937,0.5726909481839281,0.349966777951421,3,7,4,0,0.42857142857142855,0.0,0.3,0.0,0.5714285714285714,1.0,0.7,1.0,0.21428571428571427,0.21428571428571427,0.3529411764705882,0.3191489361702127,0.3947368421052631,-0.6324555320336759,-0.5714285714285714,-0.7,0.42857142857142855,
m19_06_fill_holes_and_orientation.obj,m19,Insect,2,8,5,0,7,2437,0.7089970171280614,0.6849715549936788,0.5600173839519437,0.29849003527675555,2,8,5,0,0.2857142857142857,0.0,0.2,0.0,0.7142857142857143,1.0,0.8,1.0,0.13333333333333333,0.13333333333333333,0.23529411764705882,0.2127659574468085,0.26315789473684204,-0.7559289460184545,-0.7142857142857143,-0.8,0.2857142857142857,
m1_06_fill_holes_and_orientation.obj,m1,Insect,0,10,7,0,7,2437,0.3165124305231201,0.6172039612305099,0.4493627416375752,0.0,0,10,7,0,0.0,0.0,0.0,0.0,1.0,1.0,1.0,1.0,0.0,0.0,,,,-1.0,-1.0,-1.0,0.0,
m20_06_fill_holes_and_orientation.obj,m20,Insect,2,8,5,0,7,2437,0.5929714753657624,0.6879609144542773,0.5232844897586765,0.17630010660342915,2,8,5,0,0.2857142857142857,0.0,0.2,0.0,0.7142857142857143,1.0,0.8,1.0,0.13333333333333333,0.13333333333333333,0.23529411764705882,0.2127659574468085,0.26315789473684204,-0.7559289460184545,-0.7142857142857143,-0.8,0.2857142857142857,
m21_06_fill_holes_and_orientation.obj,m21,Insect,7,3,0,0,7,2437,1.8179992305965034,0.775975821744627,0.6903347203785217,0.7453016244178956,7,3,0,0,1.0,0.0,0.7,,0.0,1.0,0.3,,0.7,0.7,0.8235294117647058,0.7446808510638298,0.9210526315789475,,0.0,,1.0,
m22_06_fill_holes_and_orientation.obj,m22,Insect,0,10,7,0,7,2437,0.41541864991821614,0.6713877475769069,0.474877052581124,0.0,0,10,7,0,0.0,0.0,0.0,0.0,1.0,1.0,1.0,1.0,0.0,0.0,,,,-1.0,-1.0,-1.0,0.0,
m23_06_fill_holes_and_orientation.obj,m23,Insect,3,7,4,0,7,2437,1.1866477791884105,0.7440278655710072,0.6268401075143172,0.4249260138166711,3,7,4,0,0.42857142857142855,0.0,0.3,0.0,0.5714285714285714,1.0,0.7,1.0,0.21428571428571427,0.21428571428571427,0.3529411764705882,0.3191489361702127,0.3947368421052631,-0.6324555320336759,-0.5714285714285714,-0.7,0.42857142857142855,
m24_06_fill_holes_and_orientation.obj,m24,Insect,0,10,7,0,7,2437,0.389636848580157,0.6463600927096502,0.47201526632701557,0.0,0,10,7,0,0.0,0.0,0.0,0.0,1.0,1.0,1.0,1.0,0.0,0.0,,,,-1.0,-1.0,-1.0,0.0,
m25_06_fill_holes_and_orientation.obj,m25,Insect,2,8,5,0,7,2437,0.6775578231747941,0.7222134428992835,0.5307349862794117,0.14782949091545264,2,8,5,0,0.2857142857142857,0.0,0.2,0.0,0.7142857142857143,1.0,0.8,1.0,0.13333333333333333,0.13333333333333333,0.23529411764705882,0.2127659574468085,0.26315789473684204,-0.7559289460184545,-0.7142857142857143,-0.8,0.2857142857142857,
m26_06_fill_holes_and_orientation.obj,m26,Insect,3,7,4,0,7,2437,0.7009089688692007,0.6984961019806153,0.5361011007441627,0.22466337602289158,3,7,4,0,0.42857142857142855,0.0,0.3,0.0,0.5714285714285714,1.0,0.7,1.0,0.21428571428571427,0.21428571428571427,0.3529411764705882,0.3191489361702127,0.3947368421052631,-0.6324555320336759,-0.5714285714285714,-0.7,0.42857142857142855,
m2_06_fill_holes_and_orientation.obj,m2,Insect,2,8,5,0,7,2437,0.7608928529781674,0.7194018647281921,0.5563241222071226,0.23365080824310536,2,8,5,0,0.2857142857142857,0.0,0.2,0.0,0.7142857142857143,1.0,0.8,1.0,0.13333333333333333,0.13333333333333333,0.23529411764705882,0.2127659574468085,0.26315789473684204,-0.7559289460184545,-0.7142857142857143,-0.8,0.2857142857142857,
m3_06_fill_holes_and_orientation.obj,m3,Insect,1,9,6,0,7,2437,0.7170166929068594,0.7480904972608512,0.5291552668632575,0.07336392209936006,1,9,6,0,0.14285714285714285,0.0,0.1,0.0,0.8571428571428571,1.0,0.9,1.0,0.0625,0.0625,0.11764705882352941,0.10638297872340426,0.13157894736842102,-0.8783100656536799,-0.8571428571428572,-0.9,0.14285714285714285,
m4_06_fill_holes_and_orientation.obj,m4,Insect,1,9,6,0,7,2437,0.7026739756724683,0.7087086493889592,0.5558624224895746,0.2200917662980802,1,9,6,0,0.14285714285714285,0.0,0.1,0.0,0.8571428571428571,1.0,0.9,1.0,0.0625,0.0625,0.11764705882352941,0.10638297872340426,0.13157894736842102,-0.8783100656536799,-0.8571428571428572,-0.9,0.14285714285714285,
m6_06_fill_holes_and_orientation.obj,m6,Insect,3,7,4,0,7,2437,0.49879579836057614,0.6718618310155922,0.5019178028776641,0.21501812929496178,3,7,4,0,0.42857142857142855,0.0,0.3,0.0,0.5714285714285714,1.0,0.7,1.0,0.21428571428571427,0.21428571428571427,0.3529411764705882,0.3191489361702127,0.3947368421052631,-0.6324555320336759,-0.5714285714285714,-0.7,0.42857142857142855,
m8_06_fill_holes_and_orientation.obj,m8,Insect,0,10,7,0,7,2437,0.44008188215718475,0.6975150126422249,0.47344859909782905,0.0,0,10,7,0,0.0,0.0,0.0,0.0,1.0,1.0,1.0,1.0,0.0,0.0,,,,-1.0,-1.0,-1.0,0.0,
m9_06_fill_holes_and_orientation.obj,m9,Insect,0,10,7,0,7,2437,0.38663541669027657,0.6703869047619047,0.4671386331407781,0.0,0,10,7,0,0.0,0.0,0.0,0.0,1.0,1.0,1.0,1.0,0.0,0.0,,,,-1.0,-1.0,-1.0,0.0,
m1147_06_fill_holes_and_orientation.obj,m1147,Jet,5,5,2,0,7,2437,6.796445241838225,0.900739447794351,0.7679763028347326,0.37960256558331523,5,5,2,0,0.7142857142857143,0.0,0.5,0.0,0.2857142857142857,1.0,0.5,1.0,0.4166666666666667,0.4166666666666667,0.588235294117647,0.5319148936170213,0.6578947368421053,-0.37796447300922725,-0.2857142857142857,-0.5,0.7142857142857143,
m1149_06_fill_holes_and_orientation.obj,m1149,Jet,6,4,1,0,7,2437,7.518553642820793,0.9057219930180895,0.8003020670783122,0.5430029249822635,6,4,1,0,0.8571428571428571,0.0,0.6,0.0,0.14285714285714285,1.0,0.4,1.0,0.5454545454545454,0.5454545454545454,0.7058823529411764,0.6382978723404255,0.7894736842105262,-0.23904572186687872,-0.1428571428571429,-0.4,0.8571428571428571,
m1150_06_fill_holes_and_orientation.obj,m1150,Jet,8,2,0,0,7,2437,8.870807489611904,0.9144906378927324,0.8533680235306383,0.8415908474314977,8,2,0,0,1.0,0.0,0.8,,0.0,1.0,0.2,,0.8,0.8,0.888888888888889,0.8333333333333334,0.9523809523809523,,0.0,,1.0,
m1151_06_fill_holes_and_orientation.obj,m1151,Jet,2,8,5,0,7,2437,6.407192575689364,0.9030561726436053,0.7583195598335888,0.20483424751859092,2,8,5,0,0.2857142857142857,0.0,0.2,0.0,0.7142857142857143,1.0,0.8,1.0,0.13333333333333333,0.13333333333333333,0.23529411764705882,0.2127659574468085,0.26315789473684204,-0.7559289460184545,-0.7142857142857143,-0.8,0.2857142857142857,
m1152_06_fill_holes_and_orientation.obj,m1152,Jet,4,6,3,0,7,2437,5.685731752057187,0.8928847984766741,0.7581888945115579,0.4341754806679219,4,6,3,0,0.5714285714285714,0.0,0.4,0.0,0.42857142857142855,1.0,0.6,1.0,0.3076923076923077,0.3076923076923077,0.47058823529411764,0.425531914893617,0.5263157894736841,-0.50709255283711,-0.4285714285714286,-0.6,0.5714285714285714,
m1153_06_fill_holes_and_orientation.obj,m1153,Jet,6,4,1,0,7,2437,7.204668668021246,0.8955157092986353,0.7858960121926275,0.4896484487323553,6,4,1,0,0.8571428571428571,0.0,0.6,0.0,0.14285714285714285,1.0,0.4,1.0,0.5454545454545454,0.5454545454545454,0.7058823529411764,0.6382978723404255,0.7894736842105262,-0.23904572186687872,-0.1428571428571429,-0.4,0.8571428571428571,
m1154_06_fill_holes_and_orientation.obj,m1154,Jet,3,7,4,0,7,2437,5.608145767790964,0.8922373849571565,0.7397010404695544,0.29343678345195284,3,7,4,0,0.42857142857142855,0.0,0.3,0.0,0.5714285714285714,1.0,0.7,1.0,0.21428571428571427,0.21428571428571427,0.3529411764705882,0.3191489361702127,0.3947368421052631,-0.6324555320336759,-0.5714285714285714,-0.7,0.42857142857142855,
m1155_06_fill_holes_and_orientation.obj,m1155,Jet,3,7,4,0,7,2437,7.267394382109854,0.9186321802602349,0.7907406491845536,0.38113435412202007,3,7,4,0,0.42857142857142855,0.0,0.3,0.0,0.5714285714285714,1.0,0.7,1.0,0.21428571428571427,0.21428571428571427,0.3529411764705882,0.3191489361702127,0.3947368421052631,-0.6324555320336759,-0.5714285714285714,-0.7,0.42857142857142855,
m1156_06_fill_holes_and_orientation.obj,m1156,Jet,5,5,2,0,7,2437,7.479343851493537,0.9109044747699143,0.8122208514351316,0.5894280199323519,5,5,2,0,0.7142857142857143,0.0,0.5,0.0,0.2857142857142857,1.0,0.5,1.0,0.4166666666666667,0.4166666666666667,0.588235294117647,0.5319148936170213,0.6578947368421053,-0.37796447300922725,-0.2857142857142857,-0.5,0.7142857142857143,
m1157_06_fill_holes_and_orientation.obj,m1157,Jet,7,3,0,0,7,2437,8.804338726545414,0.9149222469057442,0.8456584905791865,0.72891152902702,7,3,0,0,1.0,0.0,0.7,,0.0,1.0,0.3,,0.7,0.7,0.8235294117647058,0.7446808510638298,0.9210526315789475,,0.0,,1.0,
m1158_06_fill_holes_and_orientation.obj,m1158,Jet,8,2,0,0,7,2437,8.674048652298678,0.9107521421770867,0.8509472427743933,0.8603818544462509,8,2,0,0,1.0,0.0,0.8,,0.0,1.0,0.2,,0.8,0.8,0.888888888888889,0.8333333333333334,0.9523809523809523,,0.0,,1.0,
m1159_06_fill_holes_and_orientation.obj,m1159,Jet,4,6,3,0,7,2437,5.608973980117712,0.8923706759758806,0.7550461212815648,0.42914113378860663,4,6,3,0,0.5714285714285714,0.0,0.4,0.0,0.42857142857142855,1.0,0.6,1.0,0.3076923076923077,0.3076923076923077,0.47058823529411764,0.425531914893617,0.5263157894736841,-0.50709255283711,-0.4285714285714286,-0.6,0.5714285714285714,
m1161_06_fill_holes_and_orientation.obj,m1161,Jet,6,4,1,0,7,2437,6.284526367922166,0.8873151380514124,0.7970627541686669,0.7116179486056783,6,4,1,0,0.8571428571428571,0.0,0.6,0.0,0.14285714285714285,1.0,0.4,1.0,0.5454545454545454,0.5454545454545454,0.7058823529411764,0.6382978723404255,0.7894736842105262,-0.23904572186687872,-0.1428571428571429,-0.4,0.8571428571428571,
m1162_06_fill_holes_and_orientation.obj,m1162,Jet,6,4,1,0,7,2437,7.191103878939897,0.9021072675341162,0.7840976822176137,0.4800032020044256,6,4,1,0,0.8571428571428571,0.0,0.6,0.0,0.14285714285714285,1.0,0.4,1.0,0.5454545454545454,0.5454545454545454,0.7058823529411764,0.6382978723404255,0.7894736842105262,-0.23904572186687872,-0.1428571428571429,-0.4,0.8571428571428571,
m1163_06_fill_holes_and_orientation.obj,m1163,Jet,5,5,2,0,7,2437,5.927077124062315,0.8947381783560774,0.7714522628046471,0.5695785062497355,5,5,2,0,0.7142857142857143,0.0,0.5,0.0,0.2857142857142857,1.0,0.5,1.0,0.4166666666666667,0.4166666666666667,0.588235294117647,0.5319148936170213,0.6578947368421053,-0.37796447300922725,-0.2857142857142857,-0.5,0.7142857142857143,
m1165_06_fill_holes_and_orientation.obj,m1165,Jet,6,4,1,0,7,2437,7.78785611687439,0.9116661377340527,0.802711454501077,0.533722528236359,6,4,1,0,0.8571428571428571,0.0,0.6,0.0,0.14285714285714285,1.0,0.4,1.0,0.5454545454545454,0.5454545454545454,0.7058823529411764,0.6382978723404255,0.7894736842105262,-0.23904572186687872,-0.1428571428571429,-0.4,0.8571428571428571,
m1166_06_fill_holes_and_orientation.obj,m1166,Jet,10,0,0,0,7,2437,9.250888843721196,0.9111742304030467,0.8652800893763958,1.0,10,0,0,0,1.0,,1.0,,0.0,,0.0,,1.0,1.0,1.0,1.0,1.0,,,,,
m1167_06_fill_holes_and_orientation.obj,m1167,Jet,7,3,0,0,7,2437,7.920744015410455,0.9042780069819104,0.8247864808119787,0.7254521107352793,7,3,0,0,1.0,0.0,0.7,,0.0,1.0,0.3,,0.7,0.7,0.8235294117647058,0.7446808510638298,0.9210526315789475,,0.0,,1.0,
m1168_06_fill_holes_and_orientation.obj,m1168,Jet,9,1,0,0,7,2437,9.643193215563993,0.9126562995874326,0.8706075246955427,0.9337457765456111,9,1,0,0,1.0,0.0,0.9,,0.0,1.0,0.1,,0.9,0.9,0.9473684210526316,0.9183673469387754,0.9782608695652175,,0.0,,1.0,
m1169_06_fill_holes_and_orientation.obj,m1169,Jet,2,8,5,0,7,2437,2.885027662135738,0.8220660107902253,0.655447672957088,0.2837125544970319,2,8,5,0,0.2857142857142857,0.0,0.2,0.0,0.7142857142857143,1.0,0.8,1.0,0.13333333333333333,0.13333333333333333,0.23529411764705882,0.2127659574468085,0.26315789473684204,-0.7559289460184545,-0.7142857142857143,-0.8,0.2857142857142857,
m1171_06_fill_holes_and_orientation.obj,m1171,Jet,3,7,4,0,7,2437,5.989987145231645,0.892710250714059,0.7602133092269535,0.36792125721353286,3,7,4,0,0.42857142857142855,0.0,0.3,0.0,0.5714285714285714,1.0,0.7,1.0,0.21428571428571427,0.21428571428571427,0.3529411764705882,0.3191489361702127,0.3947368421052631,-0.6324555320336759,-0.5714285714285714,-0.7,0.42857142857142855,
m1172_06_fill_holes_and_orientation.obj,m1172,Jet,7,3,0,0,7,2437,7.627263180195382,0.9008886067914949,0.8208741787227217,0.741670249010153,7,3,0,0,1.0,0.0,0.7,,0.0,1.0,0.3,,0.7,0.7,0.8235294117647058,0.7446808510638298,0.9210526315789475,,0.0,,1.0,
m1173_06_fill_holes_and_orientation.obj,m1173,Jet,7,3,0,0,7,2437,7.028285597654104,0.8940336401142495,0.8129478528281564,0.7630946912803437,7,3,0,0,1.0,0.0,0.7,,0.0,1.0,0.3,,0.7,0.7,0.8235294117647058,0.7446808510638298,0.9210526315789475,,0.0,,1.0,
m1174_06_fill_holes_and_orientation.obj,m1174,Jet,6,4,1,0,7,2437,8.467602875061154,0.912992700729927,0.8389997380233112,0.7019727018777485,6,4,1,0,0.8571428571428571,0.0,0.6,0.0,0.14285714285714285,1.0,0.4,1.0,0.5454545454545454,0.5454545454545454,0.7058823529411764,0.6382978723404255,0.7894736842105262,-0.23904572186687872,-0.1428571428571429,-0.4,0.8571428571428571,
m1175_06_fill_holes_and_orientation.obj,m1175,Jet,6,4,1,0,7,2437,7.143436316184016,0.8943954300222151,0.8178573200247041,0.715550648768261,6,4,1,0,0.8571428571428571,0.0,0.6,0.0,0.14285714285714285,1.0,0.4,1.0,0.5454545454545454,0.5454545454545454,0.7058823529411764,0.6382978723404255,0.7894736842105262,-0.23904572186687872,-0.1428571428571429,-0.4,0.8571428571428571,
m1177_06_fill_holes_and_orientation.obj,m1177,Jet,5,5,2,0,7,2437,5.776749535454136,0.8839289114566804,0.7722035759977566,0.5645441593704202,5,5,2,0,0.7142857142857143,0.0,0.5,0.0,0.2857142857142857,1.0,0.5,1.0,0.4166666666666667,0.4166666666666667,0.588235294117647,0.5319148936170213,0.6578947368421053,-0.37796447300922725,-0.2857142857142857,-0.5,0.7142857142857143,
m1178_06_fill_holes_and_orientation.obj,m1178,Jet,7,3,0,0,7,2437,8.894461779507784,0.9167121548714694,0.8533912732366755,0.793584067764911,7,3,0,0,1.0,0.0,0.7,,0.0,1.0,0.3,,0.7,0.7,0.8235294117647058,0.7446808510638298,0.9210526315789475,,0.0,,1.0,
m1179_06_fill_holes_and_orientation.obj,m1179,Jet,4,6,3,0,7,2437,7.045844138947743,0.9031069501745478,0.8025006529117165,0.535254316775064,4,6,3,0,0.5714285714285714,0.0,0.4,0.0,0.42857142857142855,1.0,0.6,1.0,0.3076923076923077,0.3076923076923077,0.47058823529411764,0.425531914893617,0.5263157894736841,-0.50709255283711,-0.4285714285714286,-0.6,0.5714285714285714,
m1180_06_fill_holes_and_orientation.obj,m1180,Jet,10,0,0,0,7,2437,9.302417672355245,0.9079086004443033,0.8652742088191844,1.0,10,0,0,0,1.0,,1.0,,0.0,,0.0,,1.0,1.0,1.0,1.0,1.0,,,,,
m1181_06_fill_holes_and_orientation.obj,m1181,Jet,9,1,0,0,7,2437,9.686997331945937,0.9126816883529039,0.8718280293288736,0.9363792118010483,9,1,0,0,1.0,0.0,0.9,,0.0,1.0,0.1,,0.9,0.9,0.9473684210526316,0.9183673469387754,0.9782608695652175,,0.0,,1.0,
m1182_06_fill_holes_and_orientation.obj,m1182,Jet,8,2,0,0,7,2437,9.89987139809232,0.9180482386543956,0.8729180809767203,0.8512360941594275,8,2,0,0,1.0,0.0,0.8,,0.0,1.0,0.2,,0.8,0.8,0.888888888888889,0.8333333333333334,0.9523809523809523,,0.0,,1.0,
m1183_06_fill_holes_and_orientation.obj,m1183,Jet,4,6,3,0,7,2437,4.649848650336411,0.8518946366232941,0.7182659250314959,0.3398414932237255,4,6,3,0,0.5714285714285714,0.0,0.4,0.0,0.42857142857142855,1.0,0.6,1.0,0.3076923076923077,0.3076923076923077,0.47058823529411764,0.425531914893617,0.5263157894736841,-0.50709255283711,-0.4285714285714286,-0.6,0.5714285714285714,
m1184_06_fill_holes_and_orientation.obj,m1184,Jet,8,2,0,0,7,2437,8.86886986907446,0.917359568390987,0.8528868855231342,0.8643145546088339,8,2,0,0,1.0,0.0,0.8,,0.0,1.0,0.2,,0.8,0.8,0.888888888888889,0.8333333333333334,0.9523809523809523,,0.0,,1.0,
m1185_06_fill_holes_and_orientation.obj,m1185,Jet,9,1,0,0,7,2437,10.25382867192037,0.9185814027292922,0.8728294819870414,0.8611375561264456,9,1,0,0,1.0,0.0,0.9,,0.0,1.0,0.1,,0.9,0.9,0.9473684210526316,0.9183673469387754,0.9782608695652175,,0.0,,1.0,
m1187_06_fill_holes_and_orientation.obj,m1187,Jet,8,2,0,0,7,2437,9.769973152309325,0.915001586797842,0.8696163513346638,0.8486026589039901,8,2,0,0,1.0,0.0,0.8,,0.0,1.0,0.2,,0.8,0.8,0.888888888888889,0.8333333333333334,0.9523809523809523,,0.0,,1.0,
m1188_06_fill_holes_and_orientation.obj,m1188,Jet,9,1,0,0,7,2437,10.076959743091217,0.9160076166296414,0.8787799695541854,0.9363792118010483,9,1,0,0,1.0,0.0,0.9,,0.0,1.0,0.1,,0.9,0.9,0.9473684210526316,0.9183673469387754,0.9782608695652175,,0.0,,1.0,
m1190_06_fill_holes_and_orientation.obj,m1190,Jet,9,1,0,0,7,2437,9.598443950239426,0.9090257061250395,0.8707823364227956,0.9363792118010483,9,1,0,0,1.0,0.0,0.9,,0.0,1.0,0.1,,0.9,0.9,0.9473684210526316,0.9183673469387754,0.9782608695652175,,0.0,,1.0,
m1191_06_fill_holes_and_orientation.obj,m1191,Jet,3,7,4,0,7,2437,5.9343351699388895,0.896518565534751,0.7433279318817106,0.27584715417186634,3,7,4,0,0.42857142857142855,0.0,0.3,0.0,0.5714285714285714,1.0,0.7,1.0,0.21428571428571427,0.21428571428571427,0.3529411764705882,0.3191489361702127,0.3947368421052631,-0.6324555320336759,-0.5714285714285714,-0.7,0.42857142857142855,
m1193_06_fill_holes_and_orientation.obj,m1193,Jet,9,1,0,0,7,2437,9.476714547791476,0.9192827673754363,0.8643738876873358,0.9052116356304495,9,1,0,0,1.0,0.0,0.9,,0.0,1.0,0.1,,0.9,0.9,0.9473684210526316,0.9183673469387754,0.9782608695652175,,0.0,,1.0,
m1194_06_fill_holes_and_orientation.obj,m1194,Jet,5,5,2,0,7,2437,8.164608124281605,0.9097556331323389,0.8030780181743237,0.4105719800676482,5,5,2,0,0.7142857142857143,0.0,0.5,0.0,0.2857142857142857,1.0,0.5,1.0,0.4166666666666667,0.4166666666666667,0.588235294117647,0.5319148936170213,0.6578947368421053,-0.37796447300922725,-0.2857142857142857,-0.5,0.7142857142857143,
m1195_06_fill_holes_and_orientation.obj,m1195,Jet,3,7,4,0,7,2437,5.40671655913893,0.8773754363694065,0.7533317097082829,0.37148910739409025,3,7,4,0,0.42857142857142855,0.0,0.3,0.0,0.5714285714285714,1.0,0.7,1.0,0.21428571428571427,0.21428571428571427,0.3529411764705882,0.3191489361702127,0.3947368421052631,-0.6324555320336759,-0.5714285714285714,-0.7,0.42857142857142855,
m1196_06_fill_holes_and_orientation.obj,m1196,Jet,4,6,3,0,7,2437,6.35191329120208,0.8977562678514757,0.7519462724329874,0.29341639827363714,4,6,3,0,0.5714285714285714,0.0,0.4,0.0,0.42857142857142855,1.0,0.6,1.0,0.3076923076923077,0.3076923076923077,0.47058823529411764,0.425531914893617,0.5263157894736841,-0.50709255283711,-0.4285714285714286,-0.6,0.5714285714285714,
m1197_06_fill_holes_and_orientation.obj,m1197,Jet,6,4,1,0,7,2437,8.103268616273409,0.9109838146620121,0.8252407632819891,0.6403089930936582,6,4,1,0,0.8571428571428571,0.0,0.6,0.0,0.14285714285714285,1.0,0.4,1.0,0.5454545454545454,0.5454545454545454,0.7058823529411764,0.6382978723404255,0.7894736842105262,-0.23904572186687872,-0.1428571428571429,-0.4,0.8571428571428571,
m1198_06_fill_holes_and_orientation.obj,m1198,Jet,8,2,0,0,7,2437,9.043512178138593,0.9124880990161853,0.8552649728936911,0.826813366651774,8,2,0,0,1.0,0.0,0.8,,0.0,1.0,0.2,,0.8,0.8,0.888888888888889,0.8333333333333334,0.9523809523809523,,0.0,,1.0,
m1199_06_fill_holes_and_orientation.obj,m1199,Jet,7,3,0,0,7,2437,8.361115948946267,0.9148175182481753,0.8143199158872788,0.5914640815742044,7,3,0,0,1.0,0.0,0.7,,0.0,1.0,0.3,,0.7,0.7,0.8235294117647058,0.7446808510638298,0.9210526315789475,,0.0,,1.0,
m1200_06_fill_holes_and_orientation.obj,m1200,Jet,6,4,1,0,7,2437,7.66257693040289,0.9036908917803872,0.7902743004905047,0.4647456832249362,6,4,1,0,0.8571428571428571,0.0,0.6,0.0,0.14285714285714285,1.0,0.4,1.0,0.5454545454545454,0.5454545454545454,0.7058823529411764,0.6382978723404255,0.7894736842105262,-0.23904572186687872,-0.1428571428571429,-0.4,0.8571428571428571,
m1201_06_fill_holes_and_orientation.obj,m1201,Jet,4,6,3,0,7,2437,4.960740180901412,0.865420501428118,0.7430270688236753,0.4447551423209718,4,6,3,0,0.5714285714285714,0.0,0.4,0.0,0.42857142857142855,1.0,0.6,1.0,0.3076923076923077,0.3076923076923077,0.47058823529411764,0.425531914893617,0.5263157894736841,-0.50709255283711,-0.4285714285714286,-0.6,0.5714285714285714,
m1202_06_fill_holes_and_orientation.obj,m1202,Jet,2,8,5,0,7,2437,4.843923964110061,0.8744144715963186,0.708299496935168,0.1356854453911663,2,8,5,0,0.2857142857142857,0.0,0.2,0.0,0.7142857142857143,1.0,0.8,1.0,0.13333333333333333,0.13333333333333333,0.23529411764705882,0.2127659574468085,0.26315789473684204,-0.7559289460184545,-0.7142857142857143,-0.8,0.2857142857142857,
m1204_06_fill_holes_and_orientation.obj,m1204,Jet,9,1,0,0,7,2437,8.528591663139974,0.9038463979688989,0.847962344994748,0.9052116356304495,9,1,0,0,1.0,0.0,0.9,,0.0,1.0,0.1,,0.9,0.9,0.9473684210526316,0.9183673469387754,0.9782608695652175,,0.0,,1.0,
m1205_06_fill_holes_and_orientation.obj,m1205,Jet,2,8,5,0,7,2437,1.7192120740261967,0.6812154871469375,0.5891929682156434,0.15139734109601005,2,8,5,0,0.2857142857142857,0.0,0.2,0.0,0.7142857142857143,1.0,0.8,1.0,0.13333333333333333,0.13333333333333333,0.23529411764705882,0.2127659574468085,0.26315789473684204,-0.7559289460184545,-0.7142857142857143,-0.8,0.2857142857142857,
m1207_06_fill_holes_and_orientation.obj,m1207,Jet,1,9,6,0,7,2437,4.424146254913147,0.8925483973341797,0.6972228939388685,0.2200917662980802,1,9,6,0,0.14285714285714285,0.0,0.1,0.0,0.8571428571428571,1.0,0.9,1.0,0.0625,0.0625,0.11764705882352941,0.10638297872340426,0.13157894736842102,-0.8783100656536799,-0.8571428571428572,-0.9,0.14285714285714285,
m1208_06_fill_holes_and_orientation.obj,m1208,Jet,0,10,7,0,7,2437,1.9802091109296955,0.7575119009838147,0.5770673764183244,0.0,0,10,7,0,0.0,0.0,0.0,0.0,1.0,1.0,1.0,1.0,0.0,0.0,,,,-1.0,-1.0,-1.0,0.0,
m1209_06_fill_holes_and_orientation.obj,m1209,Jet,2,8,5,0,7,2437,3.1765205805898424,0.8137067597588068,0.6695521585919646,0.24890832702259466,2,8,5,0,0.2857142857142857,0.0,0.2,0.0,0.7142857142857143,1.0,0.8,1.0,0.13333333333333333,0.13333333333333333,0.23529411764705882,0.2127659574468085,0.26315789473684204,-0.7559289460184545,-0.7142857142857143,-0.8,0.2857142857142857,
m1210_06_fill_holes_and_orientation.obj,m1210,Jet,1,9,6,0,7,2437,2.890225531847604,0.8142875277689623,0.6371514583762401,0.06362078819895173,1,9,6,0,0.14285714285714285,0.0,0.1,0.0,0.8571428571428571,1.0,0.9,1.0,0.0625,0.0625,0.11764705882352941,0.10638297872340426,0.13157894736842102,-0.8783100656536799,-0.8571428571428572,-0.9,0.14285714285714285,
m1211_06_fill_holes_and_orientation.obj,m1211,Jet,4,6,3,0,7,2437,6.061037915772111,0.8934401777213583,0.7564941493596115,0.36837563413888724,4,6,3,0,0.5714285714285714,0.0,0.4,0.0,0.42857142857142855,1.0,0.6,1.0,0.3076923076923077,0.3076923076923077,0.47058823529411764,0.425531914893617,0.5263157894736841,-0.50709255283711,-0.4285714285714286,-0.6,0.5714285714285714,
m1212_06_fill_holes_and_orientation.obj,m1212,Jet,7,3,0,0,7,2437,7.031093060227143,0.8925293557600762,0.8170624542553228,0.791726719367984,7,3,0,0,1.0,0.0,0.7,,0.0,1.0,0.3,,0.7,0.7,0.8235294117647058,0.7446808510638298,0.9210526315789475,,0.0,,1.0,
m1214_06_fill_holes_and_orientation.obj,m1214,Jet,7,3,0,0,7,2437,8.859559779924401,0.9134433513170421,0.8425465075139239,0.7093753650484101,7,3,0,0,1.0,0.0,0.7,,0.0,1.0,0.3,,0.7,0.7,0.8235294117647058,0.7446808510638298,0.9210526315789475,,0.0,,1.0,
m1215_06_fill_holes_and_orientation.obj,m1215,Jet,6,4,1,0,7,2437,7.085723198985979,0.9037384957156458,0.7763599522857547,0.4728935033594544,6,4,1,0,0.8571428571428571,0.0,0.6,0.0,0.14285714285714285,1.0,0.4,1.0,0.5454545454545454,0.5454545454545454,0.7058823529411764,0.6382978723404255,0.7894736842105262,-0.23904572186687872,-0.1428571428571429,-0.4,0.8571428571428571,
m1216_06_fill_holes_and_orientation.obj,m1216,Jet,8,2,0,0,7,2437,10.208805622547432,0.9182513487781656,0.8673907859190875,0.7759944384848245,8,2,0,0,1.0,0.0,0.8,,0.0,1.0,0.2,,0.8,0.8,0.888888888888889,0.8333333333333334,0.9523809523809523,,0.0,,1.0,
m1217_06_fill_holes_and_orientation.obj,m1217,Jet,10,0,0,0,7,2437,9.76650579616292,0.91387178673437,0.8744083288135427,1.0,10,0,0,0,1.0,,1.0,,0.0,,0.0,,1.0,1.0,1.0,1.0,1.0,,,,,
m1218_06_fill_holes_and_orientation.obj,m1218,Jet,9,1,0,0,7,2437,10.404410427782873,0.9156743890828307,0.8739200763585948,0.8611375561264456,9,1,0,0,1.0,0.0,0.9,,0.0,1.0,0.1,,0.9,0.9,0.9473684210526316,0.9183673469387754,0.9782608695652175,,0.0,,1.0,
m1219_06_fill_holes_and_orientation.obj,m1219,Jet,5,5,2,0,7,2437,6.923670204889965,0.898133925737861,0.7911076218089189,0.514186364257749,5,5,2,0,0.7142857142857143,0.0,0.5,0.0,0.2857142857142857,1.0,0.5,1.0,0.4166666666666667,0.4166666666666667,0.588235294117647,0.5319148936170213,0.6578947368421053,-0.37796447300922725,-0.2857142857142857,-0.5,0.7142857142857143,
m1220_06_fill_holes_and_orientation.obj,m1220,Jet,7,3,0,0,7,2437,8.231330339207869,0.9132624563630594,0.818843909841512,0.6378891765242929,7,3,0,0,1.0,0.0,0.7,,0.0,1.0,0.3,,0.7,0.7,0.8235294117647058,0.7446808510638298,0.9210526315789475,,0.0,,1.0,
m1221_06_fill_holes_and_orientation.obj,m1221,Jet,3,7,4,0,7,2437,3.6604625197202165,0.8249476356712155,0.7023675955846933,0.3836331529183765,3,7,4,0,0.42857142857142855,0.0,0.3,0.0,0.5714285714285714,1.0,0.7,1.0,0.21428571428571427,0.21428571428571427,0.3529411764705882,0.3191489361702127,0.3947368421052631,-0.6324555320336759,-0.5714285714285714,-0.7,0.42857142857142855,
m1222_06_fill_holes_and_orientation.obj,m1222,Jet,4,6,3,0,7,2437,4.2142610575432915,0.821199619168518,0.7116951002013538,0.3565964385966263,4,6,3,0,0.5714285714285714,0.0,0.4,0.0,0.42857142857142855,1.0,0.6,1.0,0.3076923076923077,0.3076923076923077,0.47058823529411764,0.425531914893617,0.5263157894736841,-0.50709255283711,-0.4285714285714286,-0.6,0.5714285714285714,
m1223_06_fill_holes_and_orientation.obj,m1223,Jet,6,4,1,0,7,2437,8.10673316355388,0.9100507775309425,0.8339458561080227,0.6969383549984333,6,4,1,0,0.8571428571428571,0.0,0.6,0.0,0.14285714285714285,1.0,0.4,1.0,0.5454545454545454,0.5454545454545454,0.7058823529411764,0.6382978723404255,0.7894736842105262,-0.23904572186687872,-0.1428571428571429,-0.4,0.8571428571428571,
m1224_06_fill_holes_and_orientation.obj,m1224,Jet,3,7,4,0,7,2437,6.68322212255451,0.9123135512535703,0.7652499771371254,0.27819816961795096,3,7,4,0,0.42857142857142855,0.0,0.3,0.0,0.5714285714285714,1.0,0.7,1.0,0.21428571428571427,0.21428571428571427,0.3529411764705882,0.3191489361702127,0.3947368421052631,-0.6324555320336759,-0.5714285714285714,-0.7,0.42857142857142855,
m1225_06_fill_holes_and_orientation.obj,m1225,Jet,1,9,6,0,7,2437,2.4764620647180515,0.7798349730244367,0.6284037806302267,0.1100458831490401,1,9,6,0,0.14285714285714285,0.0,0.1,0.0,0.8571428571428571,1.0,0.9,1.0,0.0625,0.0625,0.11764705882352941,0.10638297872340426,0.13157894736842102,-0.8783100656536799,-0.8571428571428572,-0.9,0.14285714285714285,
m1226_06_fill_holes_and_orientation.obj,m1226,Jet,8,2,0,0,7,2437,10.625346294034388,0.9255664868295779,0.877370196950547,0.7948833326720566,8,2,0,0,1.0,0.0,0.8,,0.0,1.0,0.2,,0.8,0.8,0.888888888888889,0.8333333333333334,0.9523809523809523,,0.0,,1.0,
m1227_06_fill_holes_and_orientation.obj,m1227,Jet,6,4,1,0,7,2437,7.816561542636232,0.9083751190098381,0.8120196855962458,0.5875502863571092,6,4,1,0,0.8571428571428571,0.0,0.6,0.0,0.14285714285714285,1.0,0.4,1.0,0.5454545454545454,0.5454545454545454,0.7058823529411764,0.6382978723404255,0.7894736842105262,-0.23904572186687872,-0.1428571428571429,-0.4,0.8571428571428571,
m1228_06_fill_holes_and_orientation.obj,m1228,Jet,4,6,3,0,7,2437,7.03144179588855,0.9068930498254522,0.7890768528705914,0.442219594238013,4,6,3,0,0.5714285714285714,0.0,0.4,0.0,0.42857142857142855,1.0,0.6,1.0,0.3076923076923077,0.3076923076923077,0.47058823529411764,0.425531914893617,0.5263157894736841,-0.50709255283711,-0.4285714285714286,-0.6,0.5714285714285714,
m1229_06_fill_holes_and_orientation.obj,m1229,Jet,5,5,2,0,7,2437,6.826322367500056,0.9010980641066328,0.7894340433575195,0.5294438830372383,5,5,2,0,0.7142857142857143,0.0,0.5,0.0,0.2857142857142857,1.0,0.5,1.0,0.4166666666666667,0.4166666666666667,0.588235294117647,0.5319148936170213,0.6578947368421053,-0.37796447300922725,-0.2857142857142857,-0.5,0.7142857142857143,
m1230_06_fill_holes_and_orientation.obj,m1230,Jet,8,2,0,0,7,2437,8.254064700502115,0.9038876547127895,0.8408446900028026,0.8200685179888284,8,2,0,0,1.0,0.0,0.8,,0.0,1.0,0.2,,0.8,0.8,0.888888888888889,0.8333333333333334,0.9523809523809523,,0.0,,1.0,
m1231_06_fill_holes_and_orientation.obj,m1231,Jet,8,2,0,0,7,2437,8.178573278080444,0.90739447794351,0.8370820698287921,0.8318477135310892,8,2,0,0,1.0,0.0,0.8,,0.0,1.0,0.2,,0.8,0.8,0.888888888888889,0.8333333333333334,0.9523809523809523,,0.0,,1.0,
m1232_06_fill_holes_and_orientation.obj,m1232,Jet,6,4,1,0,7,2437,7.608213316176555,0.9044557283402095,0.8242089007331387,0.718362797268624,6,4,1,0,0.8571428571428571,0.0,0.6,0.0,0.14285714285714285,1.0,0.4,1.0,0.5454545454545454,0.5454545454545454,0.7058823529411764,0.6382978723404255,0.7894736842105262,-0.23904572186687872,-0.1428571428571429,-0.4,0.8571428571428571,
m1233_06_fill_holes_and_orientation.obj,m1233,Jet,7,3,0,0,7,2437,7.6497363344006715,0.9108981275785466,0.8191637459444217,0.7191184989488185,7,3,0,0,1.0,0.0,0.7,,0.0,1.0,0.3,,0.7,0.7,0.8235294117647058,0.7446808510638298,0.9210526315789475,,0.0,,1.0,
m1234_06_fill_holes_and_orientation.obj,m1234,Jet,2,8,5,0,7,2437,4.565827768176446,0.8806474135195176,0.6954925368076205,0.15457433957839828,2,8,5,0,0.2857142857142857,0.0,0.2,0.0,0.7142857142857143,1.0,0.8,1.0,0.13333333333333333,0.13333333333333333,0.23529411764705882,0.2127659574468085,0.26315789473684204,-0.7559289460184545,-0.7142857142857143,-0.8,0.2857142857142857,
m1235_06_fill_holes_and_orientation.obj,m1235,Jet,8,2,0,0,7,2437,8.581443206053828,0.9068962234211362,0.848523905046549,0.8486026589039901,8,2,0,0,1.0,0.0,0.8,,0.0,1.0,0.2,,0.8,0.8,0.888888888888889,0.8333333333333334,0.9523809523809523,,0.0,,1.0,
m1236_06_fill_holes_and_orientation.obj,m1236,Jet,5,5,2,0,7,2437,4.606778304129679,0.8758172008886068,0.7136453412340518,0.3831704157638726,5,5,2,0,0.7142857142857143,0.0,0.5,0.0,0.2857142857142857,1.0,0.5,1.0,0.4166666666666667,0.4166666666666667,0.588235294117647,0.5319148936170213,0.6578947368421053,-0.37796447300922725,-0.2857142857142857,-0.5,0.7142857142857143,
m1237_06_fill_holes_and_orientation.obj,m1237,Jet,4,6,3,0,7,2437,6.195031251962549,0.8919549349412884,0.7535035833276913,0.32195053918879885,4,6,3,0,0.5714285714285714,0.0,0.4,0.0,0.42857142857142855,1.0,0.6,1.0,0.3076923076923077,0.3076923076923077,0.47058823529411764,0.425531914893617,0.5263157894736841,-0.50709255283711,-0.4285714285714286,-0.6,0.5714285714285714,
m1238_06_fill_holes_and_orientation.obj,m1238,Jet,8,2,0,0,7,2437,10.163097676677234,0.9243160901301173,0.8770731015551629,0.8482378089219648,8,2,0,0,1.0,0.0,0.8,,0.0,1.0,0.2,,0.8,0.8,0.888888888888889,0.8333333333333334,0.9523809523809523,,0.0,,1.0,
m1239_06_fill_holes_and_orientation.obj,m1239,Jet,5,5,2,0,7,2437,3.4637167976587544,0.8024151063154554,0.7033452291973757,0.5672274908036509,5,5,2,0,0.7142857142857143,0.0,0.5,0.0,0.2857142857142857,1.0,0.5,1.0,0.4166666666666667,0.4166666666666667,0.588235294117647,0.5319148936170213,0.6578947368421053,-0.37796447300922725,-0.2857142857142857,-0.5,0.7142857142857143,
m1240_06_fill_holes_and_orientation.obj,m1240,Jet,9,1,0,0,7,2437,8.62867636568878,0.9087019993652808,0.8506942609057343,0.9337457765456111,9,1,0,0,1.0,0.0,0.9,,0.0,1.0,0.1,,0.9,0.9,0.9473684210526316,0.9183673469387754,0.9782608695652175,,0.0,,1.0,
m1241_06_fill_holes_and_orientation.obj,m1241,Jet,5,5,2,0,7,2437,3.2158965005314806,0.7924754046334498,0.6931578712162119,0.5769706247040592,5,5,2,0,0.7142857142857143,0.0,0.5,0.0,0.2857142857142857,1.0,0.5,1.0,0.4166666666666667,0.4166666666666667,0.588235294117647,0.5319148936170213,0.6578947368421053,-0.37796447300922725,-0.2857142857142857,-0.5,0.7142857142857143,
m1242_06_fill_holes_and_orientation.obj,m1242,Jet,4,6,3,0,7,2437,6.335346720353134,0.8978990796572517,0.7755986501137401,0.4448530294934503,4,6,3,0,0.5714285714285714,0.0,0.4,0.0,0.42857142857142855,1.0,0.6,1.0,0.3076923076923077,0.3076923076923077,0.47058823529411764,0.425531914893617,0.5263157894736841,-0.50709255283711,-0.4285714285714286,-0.6,0.5714285714285714,
m1243_06_fill_holes_and_orientation.obj,m1243,Jet,6,4,1,0,7,2437,9.220307088786393,0.9105934623928911,0.8533227592327987,0.6809047493604335,6,4,1,0,0.8571428571428571,0.0,0.6,0.0,0.14285714285714285,1.0,0.4,1.0,0.5454545454545454,0.5454545454545454,0.7058823529411764,0.6382978723404255,0.7894736842105262,-0.23904572186687872,-0.1428571428571429,-0.4,0.8571428571428571,
m1245_06_fill_holes_and_orientation.obj,m1245,Jet,2,8,5,0,7,2437,6.1491060695758275,0.9023103776578864,0.7605939959487434,0.2895229882348575,2,8,5,0,0.2857142857142857,0.0,0.2,0.0,0.7142857142857143,1.0,0.8,1.0,0.13333333333333333,0.13333333333333333,0.23529411764705882,0.2127659574468085,0.26315789473684204,-0.7559289460184545,-0.7142857142857143,-0.8,0.2857142857142857,
m1246_06_fill_holes_and_orientation.obj,m1246,Jet,9,1,0,0,7,2437,10.375034702949113,0.9193748016502699,0.8824703517782507,0.92663607790064,9,1,0,0,1.0,0.0,0.9,,0.0,1.0,0.1,,0.9,0.9,0.9473684210526316,0.9183673469387754,0.9782608695652175,,0.0,,1.0,
m1247_06_fill_holes_and_orientation.obj,m1247,Jet,3,7,4,0,7,2437,6.322814554114939,0.8925674389082832,0.776376685429757,0.4323181322709948,3,7,4,0,0.42857142857142855,0.0,0.3,0.0,0.5714285714285714,1.0,0.7,1.0,0.21428571428571427,0.21428571428571427,0.3529411764705882,0.3191489361702127,0.3947368421052631,-0.6324555320336759,-0.5714285714285714,-0.7,0.42857142857142855,
m1248_06_fill_holes_and_orientation.obj,m1248,Jet,7,3,0,0,7,2437,7.109697393676613,0.8892542050142812,0.8129864068241842,0.7471589728148226,7,3,0,0,1.0,0.0,0.7,,0.0,1.0,0.3,,0.7,0.7,0.8235294117647058,0.7446808510638298,0.9210526315789475,,0.0,,1.0,
m1249_06_fill_holes_and_orientation.obj,m1249,Jet,4,6,3,0,7,2437,4.228295837137631,0.8249127261186925,0.7094382208665683,0.33217371108897287,4,6,3,0,0.5714285714285714,0.0,0.4,0.0,0.42857142857142855,1.0,0.6,1.0,0.3076923076923077,0.3076923076923077,0.47058823529411764,0.425531914893617,0.5263157894736841,-0.50709255283711,-0.4285714285714286,-0.6,0.5714285714285714,
m1250_06_fill_holes_and_orientation.obj,m1250,Jet,5,5,2,0,7,2437,7.096336707959808,0.9018026023484609,0.8070898088621155,0.6172839611614819,5,5,2,0,0.7142857142857143,0.0,0.5,0.0,0.2857142857142857,1.0,0.5,1.0,0.4166666666666667,0.4166666666666667,0.588235294117647,0.5319148936170213,0.6578947368421053,-0.37796447300922725,-0.2857142857142857,-0.5,0.7142857142857143,
m1251_06_fill_holes_and_orientation.obj,m1251,Jet,2,8,5,0,7,2437,2.882444743683542,0.8218279911139321,0.6554951376406154,0.2837125544970319,2,8,5,0,0.2857142857142857,0.0,0.2,0.0,0.7142857142857143,1.0,0.8,1.0,0.13333333333333333,0.13333333333333333,0.23529411764705882,0.2127659574468085,0.26315789473684204,-0.7559289460184545,-0.7142857142857143,-0.8,0.2857142857142857,
m1252_06_fill_holes_and_orientation.obj,m1252,Jet,8,2,0,0,7,2437,8.766545513711872,0.9091431291653442,0.8490399911481743,0.823699893396571,8,2,0,0,1.0,0.0,0.8,,0.0,1.0,0.2,,0.8,0.8,0.888888888888889,0.8333333333333334,0.9523809523809523,,0.0,,1.0,
m1253_06_fill_holes_and_orientation.obj,m1253,Jet,4,6,3,0,7,2437,4.600310511809558,0.8628403681370994,0.7291639424518565,0.4315420454124846,4,6,3,0,0.5714285714285714,0.0,0.4,0.0,0.42857142857142855,1.0,0.6,1.0,0.3076923076923077,0.3076923076923077,0.47058823529411764,0.425531914893617,0.5263157894736841,-0.50709255283711,-0.4285714285714286,-0.6,0.5714285714285714,
m1255_06_fill_holes_and_orientation.obj,m1255,Jet,6,4,1,0,7,2437,4.7129274485216985,0.8456743890828309,0.7515001998249609,0.6901935063354876,6,4,1,0,0.8571428571428571,0.0,0.6,0.0,0.14285714285714285,1.0,0.4,1.0,0.5454545454545454,0.5454545454545454,0.7058823529411764,0.6382978723404255,0.7894736842105262,-0.23904572186687872,-0.1428571428571429,-0.4,0.8571428571428571,
m1256_06_fill_holes_and_orientation.obj,m1256,Jet,3,7,4,0,7,2437,5.260592358633489,0.8907457949857188,0.7453451205121022,0.39375843764607205,3,7,4,0,0.42857142857142855,0.0,0.3,0.0,0.5714285714285714,1.0,0.7,1.0,0.21428571428571427,0.21428571428571427,0.3529411764705882,0.3191489361702127,0.3947368421052631,-0.6324555320336759,-0.5714285714285714,-0.7,0.42857142857142855,
m1257_06_fill_holes_and_orientation.obj,m1257,Jet,3,7,4,0,7,2437,5.4045215564595,0.8932878451285307,0.7470418539520071,0.36792125721353286,3,7,4,0,0.42857142857142855,0.0,0.3,0.0,0.5714285714285714,1.0,0.7,1.0,0.21428571428571427,0.21428571428571427,0.3529411764705882,0.3191489361702127,0.3947368421052631,-0.6324555320336759,-0.5714285714285714,-0.7,0.42857142857142855,
m1258_06_fill_holes_and_orientation.obj,m1258,Jet,7,3,0,0,7,2437,8.271063594754336,0.9062139003490954,0.8318184718020041,0.7183424120903082,7,3,0,0,1.0,0.0,0.7,,0.0,1.0,0.3,,0.7,0.7,0.8235294117647058,0.7446808510638298,0.9210526315789475,,0.0,,1.0,
m1259_06_fill_holes_and_orientation.obj,m1259,Jet,4,6,3,0,7,2437,4.959147194991589,0.8653602031101237,0.7429622335994756,0.4447551423209718,4,6,3,0,0.5714285714285714,0.0,0.4,0.0,0.42857142857142855,1.0,0.6,1.0,0.3076923076923077,0.3076923076923077,0.47058823529411764,0.425531914893617,0.5263157894736841,-0.50709255283711,-0.4285714285714286,-0.6,0.5714285714285714,
m1260_06_fill_holes_and_orientation.obj,m1260,Jet,2,8,4,0,6,2437,7.203159489279753,0.8922246905744208,0.7696243295794565,0.3052348839397012,2,8,4,0,0.3333333333333333,0.0,0.2,0.0,0.6666666666666666,1.0,0.8,1.0,0.14285714285714285,0.14285714285714285,0.25,0.21739130434782608,0.29411764705882354,-0.7302967433402214,-0.6666666666666667,-0.8,0.3333333333333333,
m1261_06_fill_holes_and_orientation.obj,m1261,Jet,3,7,4,0,7,2437,4.261066278915154,0.8506188511583624,0.7004507958492774,0.2329726085570736,3,7,4,0,0.42857142857142855,0.0,0.3,0.0,0.5714285714285714,1.0,0.7,1.0,0.21428571428571427,0.21428571428571427,0.3529411764705882,0.3191489361702127,0.3947368421052631,-0.6324555320336759,-0.5714285714285714,-0.7,0.42857142857142855,
m1262_06_fill_holes_and_orientation.obj,m1262,Jet,8,2,0,0,7,2437,9.875476113016559,0.9142272294509679,0.8709908133054873,0.8512360941594275,8,2,0,0,1.0,0.0,0.8,,0.0,1.0,0.2,,0.8,0.8,0.888888888888889,0.8333333333333334,0.9523809523809523,,0.0,,1.0,
m1263_06_fill_holes_and_orientation.obj,m1263,Jet,3,7,4,0,7,2437,6.700982390816328,0.8960107902253254,0.7812890270645168,0.36792125721353286,3,7,4,0,0.42857142857142855,0.0,0.3,0.0,0.5714285714285714,1.0,0.7,1.0,0.21428571428571427,0.21428571428571427,0.3529411764705882,0.3191489361702127,0.3947368421052631,-0.6324555320336759,-0.5714285714285714,-0.7,0.42857142857142855,
m1264_06_fill_holes_and_orientation.obj,m1264,Jet,6,4,1,0,7,2437,7.767140505438436,0.9040304665185656,0.8274148385383332,0.6898286563534622,6,4,1,0,0.8571428571428571,0.0,0.6,0.0,0.14285714285714285,1.0,0.4,1.0,0.5454545454545454,0.5454545454545454,0.7058823529411764,0.6382978723404255,0.7894736842105262,-0.23904572186687872,-0.1428571428571429,-0.4,0.8571428571428571,
m1265_06_fill_holes_and_orientation.obj,m1265,Jet,1,9,6,0,7,2437,4.317343053519849,0.8907140590288798,0.6911233985050408,0.2200917662980802,1,9,6,0,0.14285714285714285,0.0,0.1,0.0,0.8571428571428571,1.0,0.9,1.0,0.0625,0.0625,0.11764705882352941,0.10638297872340426,0.13157894736842102,-0.8783100656536799,-0.8571428571428572,-0.9,0.14285714285714285,
m1266_06_fill_holes_and_orientation.obj,m1266,Jet,7,3,0,0,7,2437,8.72054104686089,0.9102697556331323,0.8408089651412474,0.7167674835027339,7,3,0,0,1.0,0.0,0.7,,0.0,1.0,0.3,,0.7,0.7,0.8235294117647058,0.7446808510638298,0.9210526315789475,,0.0,,1.0,
m1267_06_fill_holes_and_orientation.obj,m1267,Jet,6,4,1,0,7,2437,6.757504567326129,0.8990288797207235,0.7952341714960087,0.643121141594021,6,4,1,0,0.8571428571428571,0.0,0.6,0.0,0.14285714285714285,1.0,0.4,1.0,0.5454545454545454,0.5454545454545454,0.7058823529411764,0.6382978723404255,0.7894736842105262,-0.23904572186687872,-0.1428571428571429,-0.4,0.8571428571428571,
m1268_06_fill_holes_and_orientation.obj,m1268,Jet,5,5,2,0,7,2437,5.220978884151533,0.8917010472865756,0.7324510008095543,0.4272444952678764,5,5,2,0,0.7142857142857143,0.0,0.5,0.0,0.2857142857142857,1.0,0.5,1.0,0.4166666666666667,0.4166666666666667,0.588235294117647,0.5319148936170213,0.6578947368421053,-0.37796447300922725,-0.2857142857142857,-0.5,0.7142857142857143,
m1269_06_fill_holes_and_orientation.obj,m1269,Jet,5,5,2,0,7,2437,4.907566440371083,0.8806220247540464,0.7432650213014261,0.5365535816822092,5,5,2,0,0.7142857142857143,0.0,0.5,0.0,0.2857142857142857,1.0,0.5,1.0,0.4166666666666667,0.4166666666666667,0.588235294117647,0.5319148936170213,0.6578947368421053,-0.37796447300922725,-0.2857142857142857,-0.5,0.7142857142857143,
m1271_06_fill_holes_and_orientation.obj,m1271,Jet,3,7,4,0,7,2437,5.587207239747725,0.8958711520152333,0.7503210148633083,0.35314377643380923,3,7,4,0,0.42857142857142855,0.0,0.3,0.0,0.5714285714285714,1.0,0.7,1.0,0.21428571428571427,0.21428571428571427,0.3529411764705882,0.3191489361702127,0.3947368421052631,-0.6324555320336759,-0.5714285714285714,-0.7,0.42857142857142855,
m1273_06_fill_holes_and_orientation.obj,m1273,Jet,4,6,3,0,7,2437,4.905643946694596,0.8803681370993335,0.7461624202008553,0.510069131458292,4,6,3,0,0.5714285714285714,0.0,0.4,0.0,0.42857142857142855,1.0,0.6,1.0,0.3076923076923077,0.3076923076923077,0.47058823529411764,0.425531914893617,0.5263157894736841,-0.50709255283711,-0.4285714285714286,-0.6,0.5714285714285714,
m1274_06_fill_holes_and_orientation.obj,m1274,Jet,7,3,0,0,7,2437,8.746412856345973,0.9167311964455729,0.8358393988478928,0.6777277508780453,7,3,0,0,1.0,0.0,0.7,,0.0,1.0,0.3,,0.7,0.7,0.8235294117647058,0.7446808510638298,0.9210526315789475,,0.0,,1.0,
m1275_06_fill_holes_and_orientation.obj,m1275,Jet,4,6,3,0,7,2437,7.151115206007974,0.9077213582989527,0.7785455430932423,0.35623158861460097,4,6,3,0,0.5714285714285714,0.0,0.4,0.0,0.42857142857142855,1.0,0.6,1.0,0.3076923076923077,0.3076923076923077,0.47058823529411764,0.425531914893617,0.5263157894736841,-0.50709255283711,-0.4285714285714286,-0.6,0.5714285714285714,
m1276_06_fill_holes_and_orientation.obj,m1276,Jet,6,4,1,0,7,2437,4.853096265986449,0.8781148841637576,0.7481606291345618,0.6569815082938865,6,4,1,0,0.8571428571428571,0.0,0.6,0.0,0.14285714285714285,1.0,0.4,1.0,0.5454545454545454,0.5454545454545454,0.7058823529411764,0.6382978723404255,0.7894736842105262,-0.23904572186687872,-0.1428571428571429,-0.4,0.8571428571428571,
m1277_06_fill_holes_and_orientation.obj,m1277,Jet,3,7,4,0,7,2437,3.8070102419259126,0.8598603617899079,0.6864875605490478,0.2646202227274384,3,7,4,0,0.42857142857142855,0.0,0.3,0.0,0.5714285714285714,1.0,0.7,1.0,0.21428571428571427,0.21428571428571427,0.3529411764705882,0.3191489361702127,0.3947368421052631,-0.6324555320336759,-0.5714285714285714,-0.7,0.42857142857142855,
m1278_06_fill_holes_and_orientation.obj,m1278,Jet,1,9,6,0,7,2437,4.053263540474779,0.8733767058076802,0.6853372446832372,0.09478836436955079,1,9,6,0,0.14285714285714285,0.0,0.1,0.0,0.8571428571428571,1.0,0.9,1.0,0.0625,0.0625,0.11764705882352941,0.10638297872340426,0.13157894736842102,-0.8783100656536799,-0.8571428571428572,-0.9,0.14285714285714285,
m1279_06_fill_holes_and_orientation.obj,m1279,Jet,0,10,7,0,7,2437,1.8814110355173084,0.7466804189146303,0.5720868452017518,0.0,0,10,7,0,0.0,0.0,0.0,0.0,1.0,1.0,1.0,1.0,0.0,0.0,,,,-1.0,-1.0,-1.0,0.0,
m1280_06_fill_holes_and_orientation.obj,m1280,Jet,4,6,3,0,7,2437,4.41224256103221,0.8741669311329736,0.7247507770161294,0.4671223597454321,4,6,3,0,0.5714285714285714,0.0,0.4,0.0,0.42857142857142855,1.0,0.6,1.0,0.3076923076923077,0.3076923076923077,0.47058823529411764,0.425531914893617,0.5263157894736841,-0.50709255283711,-0.4285714285714286,-0.6,0.5714285714285714,
m1281_06_fill_holes_and_orientation.obj,m1281,Jet,2,8,5,0,7,2437,3.9410581194057146,0.8692510314185973,0.6816853929437066,0.17630010660342915,2,8,5,0,0.2857142857142857,0.0,0.2,0.0,0.7142857142857143,1.0,0.8,1.0,0.13333333333333333,0.13333333333333333,0.23529411764705882,0.2127659574468085,0.26315789473684204,-0.7559289460184545,-0.7142857142857143,-0.8,0.2857142857142857,
m1282_06_fill_holes_and_orientation.obj,m1282,Jet,6,4,1,0,7,2437,4.896794742296983,0.8763091082196128,0.7533619116082334,0.6871952210980249,6,4,1,0,0.8571428571428571,0.0,0.6,0.0,0.14285714285714285,1.0,0.4,1.0,0.5454545454545454,0.5454545454545454,0.7058823529411764,0.6382978723404255,0.7894736842105262,-0.23904572186687872,-0.1428571428571429,-0.4,0.8571428571428571,
m1283_06_fill_holes_and_orientation.obj,m1283,Jet,2,8,5,0,7,2437,4.647977167525027,0.8785591875595049,0.7290814064422892,0.3301376494471203,2,8,5,0,0.2857142857142857,0.0,0.2,0.0,0.7142857142857143,1.0,0.8,1.0,0.13333333333333333,0.13333333333333333,0.23529411764705882,0.2127659574468085,0.26315789473684204,-0.7559289460184545,-0.7142857142857143,-0.8,0.2857142857142857,
m1284_06_fill_holes_and_orientation.obj,m1284,Jet,3,7,4,0,7,2437,3.7709778321790948,0.8636083782926055,0.6774611296568688,0.23440650992329992,3,7,4,0,0.42857142857142855,0.0,0.3,0.0,0.5714285714285714,1.0,0.7,1.0,0.21428571428571427,0.21428571428571427,0.3529411764705882,0.3191489361702127,0.3947368421052631,-0.6324555320336759,-0.5714285714285714,-0.7,0.42857142857142855,
m1285_06_fill_holes_and_orientation.obj,m1285,Jet,2,8,5,0,7,2437,3.2384389866365906,0.8487464297048556,0.6532101368221105,0.17366667134799182,2,8,5,0,0.2857142857142857,0.0,0.2,0.0,0.7142857142857143,1.0,0.8,1.0,0.13333333333333333,0.13333333333333333,0.23529411764705882,0.2127659574468085,0.26315789473684204,-0.7559289460184545,-0.7142857142857143,-0.8,0.2857142857142857,
m1286_06_fill_holes_and_orientation.obj,m1286,Jet,8,2,0,0,7,2437,8.111748552666977,0.9084354173278325,0.8371845185678599,0.8630152897016883,8,2,0,0,1.0,0.0,0.8,,0.0,1.0,0.2,,0.8,0.8,0.888888888888889,0.8333333333333334,0.9523809523809523,,0.0,,1.0,
m1287_06_fill_holes_and_orientation.obj,m1287,Jet,3,7,4,0,7,2437,5.2531491971431885,0.8962329419231989,0.7219821223403516,0.24618570546556087,3,7,4,0,0.42857142857142855,0.0,0.3,0.0,0.5714285714285714,1.0,0.7,1.0,0.21428571428571427,0.21428571428571427,0.3529411764705882,0.3191489361702127,0.3947368421052631,-0.6324555320336759,-0.5714285714285714,-0.7,0.42857142857142855,
m1288_06_fill_holes_and_orientation.obj,m1288,Jet,4,6,3,0,7,2437,6.703774584210902,0.8996699460488734,0.7654973400221585,0.32776097292662437,4,6,3,0,0.5714285714285714,0.0,0.4,0.0,0.42857142857142855,1.0,0.6,1.0,0.3076923076923077,0.3076923076923077,0.47058823529411764,0.425531914893617,0.5263157894736841,-0.50709255283711,-0.4285714285714286,-0.6,0.5714285714285714,
m1289_06_fill_holes_and_orientation.obj,m1289,Jet,1,9,6,0,7,2437,4.4074429795339904,0.875280863218026,0.6916657357534295,0.07839826897867534,1,9,6,0,0.14285714285714285,0.0,0.1,0.0,0.8571428571428571,1.0,0.9,1.0,0.0625,0.0625,0.11764705882352941,0.10638297872340426,0.13157894736842102,-0.8783100656536799,-0.8571428571428572,-0.9,0.14285714285714285,
m1290_06_fill_holes_and_orientation.obj,m1290,Jet,7,3,0,0,7,2437,7.743529507659654,0.9033417962551571,0.8285955872022673,0.7467045958894682,7,3,0,0,1.0,0.0,0.7,,0.0,1.0,0.3,,0.7,0.7,0.8235294117647058,0.7446808510638298,0.9210526315789475,,0.0,,1.0,
m1291_06_fill_holes_and_orientation.obj,m1291,Jet,3,7,4,0,7,2437,6.106659238637278,0.8929260552205649,0.7699585005505905,0.44409732781325584,3,7,4,0,0.42857142857142855,0.0,0.3,0.0,0.5714285714285714,1.0,0.7,1.0,0.21428571428571427,0.21428571428571427,0.3529411764705882,0.3191489361702127,0.3947368421052631,-0.6324555320336759,-0.5714285714285714,-0.7,0.42857142857142855,
m1292_06_fill_holes_and_orientation.obj,m1292,Jet,0,10,7,0,7,2437,4.093332188474757,0.8733798794033639,0.6688489746909528,0.0,0,10,7,0,0.0,0.0,0.0,0.0,1.0,1.0,1.0,1.0,0.0,0.0,,,,-1.0,-1.0,-1.0,0.0,
m1293_06_fill_holes_and_orientation.obj,m1293,Jet,0,10,7,0,7,2437,4.010751230576627,0.877219930180895,0.67118008432808,0.0,0,10,7,0,0.0,0.0,0.0,0.0,1.0,1.0,1.0,1.0,0.0,0.0,,,,-1.0,-1.0,-1.0,0.0,
m1296_06_fill_holes_and_orientation.obj,m1296,Jet,0,10,7,0,7,2437,1.12135580336133,0.5575912408759124,0.5221830159634471,0.0,0,10,7,0,0.0,0.0,0.0,0.0,1.0,1.0,1.0,1.0,0.0,0.0,,,,-1.0,-1.0,-1.0,0.0,
m1297_06_fill_holes_and_orientation.obj,m1297,Jet,0,10,7,0,7,2437,1.4845067110786139,0.673275150745795,0.5455317586145902,0.0,0,10,7,0,0.0,0.0,0.0,0.0,1.0,1.0,1.0,1.0,0.0,0.0,,,,-1.0,-1.0,-1.0,0.0,
m1298_06_fill_holes_and_orientation.obj,m1298,Jet,4,6,3,0,7,2437,5.5950360066955005,0.878343383052999,0.7601750587962068,0.45699707501773656,4,6,3,0,0.5714285714285714,0.0,0.4,0.0,0.42857142857142855,1.0,0.6,1.0,0.3076923076923077,0.3076923076923077,0.47058823529411764,0.425531914893617,0.5263157894736841,-0.50709255283711,-0.4285714285714286,-0.6,0.5714285714285714,
m1299_06_fill_holes_and_orientation.obj,m1299,Jet,2,8,5,0,7,2437,4.00879169500284,0.8594922246905744,0.679393023783958,0.1356854453911663,2,8,5,0,0.2857142857142857,0.0,0.2,0.0,0.7142857142857143,1.0,0.8,1.0,0.13333333333333333,0.13333333333333333,0.23529411764705882,0.2127659574468085,0.26315789473684204,-0.7559289460184545,-0.7142857142857143,-0.8,0.2857142857142857,
m1300_06_fill_holes_and_orientation.obj,m1300,Jet,2,8,5,0,7,2437,5.869406361155318,0.8898667089812758,0.7446510122304445,0.2172607128522299,2,8,5,0,0.2857142857142857,0.0,0.2,0.0,0.7142857142857143,1.0,0.8,1.0,0.13333333333333333,0.13333333333333333,0.23529411764705882,0.2127659574468085,0.26315789473684204,-0.7559289460184545,-0.7142857142857143,-0.8,0.2857142857142857,
m1301_06_fill_holes_and_orientation.obj,m1301,Jet,1,9,6,0,7,2437,3.031757790456322,0.826969216121866,0.6413451800375406,0.06362078819895173,1,9,6,0,0.14285714285714285,0.0,0.1,0.0,0.8571428571428571,1.0,0.9,1.0,0.0625,0.0625,0.11764705882352941,0.10638297872340426,0.13157894736842102,-0.8783100656536799,-0.8571428571428572,-0.9,0.14285714285714285,
D01015_06_fill_holes_and_orientation.obj,d01015,Knife,1,9,6,0,7,2437,0.123864532825514,0.5760599402038832,0.3866074312235867,0.07336392209936006,1,9,6,0,0.14285714285714285,0.0,0.1,0.0,0.8571428571428571,1.0,0.9,1.0,0.0625,0.0625,0.11764705882352941,0.10638297872340426,0.13157894736842102,-0.8783100656536799,-0.8571428571428572,-0.9,0.14285714285714285,
D01025_06_fill_holes_and_orientation.obj,d01025,Knife,0,10,7,0,7,2437,0.047534597606250485,0.5853895753034832,0.32732273869557854,0.0,0,10,7,0,0.0,0.0,0.0,0.0,1.0,1.0,1.0,1.0,0.0,0.0,,,,-1.0,-1.0,-1.0,0.0,
D01032_06_fill_holes_and_orientation.obj,d01032,Knife,1,9,6,0,7,2437,0.20304837427904832,0.7515759518749325,0.44875773375157374,0.13886244387355456,1,9,6,0,0.14285714285714285,0.0,0.1,0.0,0.8571428571428571,1.0,0.9,1.0,0.0625,0.0625,0.11764705882352941,0.10638297872340426,0.13157894736842102,-0.8783100656536799,-0.8571428571428572,-0.9,0.14285714285714285,
D01051_06_fill_holes_and_orientation.obj,d01051,Knife,0,10,7,0,7,2437,0.03055518235799028,0.4881128201433666,0.3025241499988949,0.0,0,10,7,0,0.0,0.0,0.0,0.0,1.0,1.0,1.0,1.0,0.0,0.0,,,,-1.0,-1.0,-1.0,0.0,
D01054_06_fill_holes_and_orientation.obj,d01054,Knife,0,10,7,0,7,2437,0.3022183493032999,0.8785346349194914,0.45552911880098584,0.0,0,10,7,0,0.0,0.0,0.0,0.0,1.0,1.0,1.0,1.0,0.0,0.0,,,,-1.0,-1.0,-1.0,0.0,
D01057_06_fill_holes_and_orientation.obj,d01057,Knife,1,9,6,0,7,2437,0.344329731931208,0.734177443175678,0.5233809242479711,0.2200917662980802,1,9,6,0,0.14285714285714285,0.0,0.1,0.0,0.8571428571428571,1.0,0.9,1.0,0.0625,0.0625,0.11764705882352941,0.10638297872340426,0.13157894736842102,-0.8783100656536799,-0.8571428571428572,-0.9,0.14285714285714285,
D01063_06_fill_holes_and_orientation.obj,d01063,Knife,0,10,7,0,7,2437,0.12257272770651564,0.6928784986131624,0.3871872614643883,0.0,0,10,7,0,0.0,0.0,0.0,0.0,1.0,1.0,1.0,1.0,0.0,0.0,,,,-1.0,-1.0,-1.0,0.0,
D01075_06_fill_holes_and_orientation.obj,d01075,Knife,0,10,7,0,7,2437,0.05581319519475221,0.6494542703793091,0.33503180403089483,0.0,0,10,7,0,0.0,0.0,0.0,0.0,1.0,1.0,1.0,1.0,0.0,0.0,,,,-1.0,-1.0,-1.0,0.0,
D01077_06_fill_holes_and_orientation.obj,d01077,Knife,3,7,4,0,7,2437,0.2690076581544462,0.6997226324700119,0.47231174562616274,0.2816575879096919,3,7,4,0,0.42857142857142855,0.0,0.3,0.0,0.5714285714285714,1.0,0.7,1.0,0.21428571428571427,0.21428571428571427,0.3529411764705882,0.3191489361702127,0.3947368421052631,-0.6324555320336759,-0.5714285714285714,-0.7,0.42857142857142855,
D01107_06_fill_holes_and_orientation.obj,d01107,Knife,0,10,7,0,7,2437,0.08621782337581908,0.7331148013400094,0.35734292438912,0.0,0,10,7,0,0.0,0.0,0.0,0.0,1.0,1.0,1.0,1.0,0.0,0.0,,,,-1.0,-1.0,-1.0,0.0,
D01119_06_fill_holes_and_orientation.obj,d01119,Knife,3,7,4,0,7,2437,0.5004642233411183,0.7124022909837542,0.576375761706568,0.4249260138166711,3,7,4,0,0.42857142857142855,0.0,0.3,0.0,0.5714285714285714,1.0,0.7,1.0,0.21428571428571427,0.21428571428571427,0.3529411764705882,0.3191489361702127,0.3947368421052631,-0.6324555320336759,-0.5714285714285714,-0.7,0.42857142857142855,
D01132_06_fill_holes_and_orientation.obj,d01132,Knife,2,8,5,0,7,2437,0.29633268166415727,0.749918951046432,0.507222982180053,0.2863459897524693,2,8,5,0,0.2857142857142857,0.0,0.2,0.0,0.7142857142857143,1.0,0.8,1.0,0.13333333333333333,0.13333333333333333,0.23529411764705882,0.2127659574468085,0.26315789473684204,-0.7559289460184545,-0.7142857142857143,-0.8,0.2857142857142857,
D01150_06_fill_holes_and_orientation.obj,d01150,Knife,0,10,7,0,7,2437,0.03327995729586818,0.5279889052988005,0.30615049144845824,0.0,0,10,7,0,0.0,0.0,0.0,0.0,1.0,1.0,1.0,1.0,0.0,0.0,,,,-1.0,-1.0,-1.0,0.0,
D01168_06_fill_holes_and_orientation.obj,d01168,Knife,3,7,4,0,7,2437,0.39027504776530186,0.7018839378984907,0.537604566400263,0.3836331529183765,3,7,4,0,0.42857142857142855,0.0,0.3,0.0,0.5714285714285714,1.0,0.7,1.0,0.21428571428571427,0.21428571428571427,0.3529411764705882,0.3191489361702127,0.3947368421052631,-0.6324555320336759,-0.5714285714285714,-0.7,0.42857142857142855,
D01174_06_fill_holes_and_orientation.obj,d01174,Knife,1,9,6,0,7,2437,0.1308543979493622,0.6685998342999171,0.39746185458377004,0.07839826897867534,1,9,6,0,0.14285714285714285,0.0,0.1,0.0,0.8571428571428571,1.0,0.9,1.0,0.0625,0.0625,0.11764705882352941,0.10638297872340426,0.13157894736842102,-0.8783100656536799,-0.8571428571428572,-0.9,0.14285714285714285,
D01187_06_fill_holes_and_orientation.obj,d01187,Knife,1,9,6,0,7,2437,0.1703966644182279,0.6724181405568964,0.41306561412383735,0.06943122193677728,1,9,6,0,0.14285714285714285,0.0,0.1,0.0,0.8571428571428571,1.0,0.9,1.0,0.0625,0.0625,0.11764705882352941,0.10638297872340426,0.13157894736842102,-0.8783100656536799,-0.8571428571428572,-0.9,0.14285714285714285,
D01189_06_fill_holes_and_orientation.obj,d01189,Knife,0,10,7,0,7,2437,0.049184243176422913,0.6509671841792442,0.32447721833974374,0.0,0,10,7,0,0.0,0.0,0.0,0.0,1.0,1.0,1.0,1.0,0.0,0.0,,,,-1.0,-1.0,-1.0,0.0,
m722_06_fill_holes_and_orientation.obj,m722,Knife,0,10,7,0,7,2437,0.10737482604561631,0.6126760563380282,0.375889550415543,0.0,0,10,7,0,0.0,0.0,0.0,0.0,1.0,1.0,1.0,1.0,0.0,0.0,,,,-1.0,-1.0,-1.0,0.0,
m723_06_fill_holes_and_orientation.obj,m723,Knife,0,10,7,0,7,2437,0.03134699034407929,0.49823493390007567,0.30392218969850754,0.0,0,10,7,0,0.0,0.0,0.0,0.0,1.0,1.0,1.0,1.0,0.0,0.0,,,,-1.0,-1.0,-1.0,0.0,
m724_06_fill_holes_and_orientation.obj,m724,Knife,3,7,4,0,7,2437,0.20922868068330724,0.7037930910269803,0.43245544385493545,0.2090493674905264,3,7,4,0,0.42857142857142855,0.0,0.3,0.0,0.5714285714285714,1.0,0.7,1.0,0.21428571428571427,0.21428571428571427,0.3529411764705882,0.3191489361702127,0.3947368421052631,-0.6324555320336759,-0.5714285714285714,-0.7,0.42857142857142855,
m725_06_fill_holes_and_orientation.obj,m725,Knife,0,10,7,0,7,2437,0.05997423490360704,0.6478693130650913,0.3420853918450467,0.0,0,10,7,0,0.0,0.0,0.0,0.0,1.0,1.0,1.0,1.0,0.0,0.0,,,,-1.0,-1.0,-1.0,0.0,
m726_06_fill_holes_and_orientation.obj,m726,Knife,2,8,5,0,7,2437,0.34538700553192475,0.7289002557544757,0.4974935017780725,0.2024832320725063,2,8,5,0,0.2857142857142857,0.0,0.2,0.0,0.7142857142857143,1.0,0.8,1.0,0.13333333333333333,0.13333333333333333,0.23529411764705882,0.2127659574468085,0.26315789473684204,-0.7559289460184545,-0.7142857142857143,-0.8,0.2857142857142857,
m727_06_fill_holes_and_orientation.obj,m727,Knife,0,10,7,0,7,2437,0.05659247060183784,0.6744713807139513,0.3345630442711653,0.0,0,10,7,0,0.0,0.0,0.0,0.0,1.0,1.0,1.0,1.0,0.0,0.0,,,,-1.0,-1.0,-1.0,0.0,
m728_06_fill_holes_and_orientation.obj,m728,Knife,1,9,6,0,7,2437,0.09746842713081585,0.6099203919167178,0.3747054553955559,0.1100458831490401,1,9,6,0,0.14285714285714285,0.0,0.1,0.0,0.8571428571428571,1.0,0.9,1.0,0.0625,0.0625,0.11764705882352941,0.10638297872340426,0.13157894736842102,-0.8783100656536799,-0.8571428571428572,-0.9,0.14285714285714285,
D00017_06_fill_holes_and_orientation.obj,d00017,MilitaryVehicle,1,9,6,0,7,2437,0.1176826782309045,0.8366853859213792,0.3931256693145501,0.1100458831490401,1,9,6,0,0.14285714285714285,0.0,0.1,0.0,0.8571428571428571,1.0,0.9,1.0,0.0625,0.0625,0.11764705882352941,0.10638297872340426,0.13157894736842102,-0.8783100656536799,-0.8571428571428572,-0.9,0.14285714285714285,
D00051_06_fill_holes_and_orientation.obj,d00051,MilitaryVehicle,1,9,6,0,7,2437,0.19771253870266342,0.8981977275695443,0.43383688645848767,0.06362078819895173,1,9,6,0,0.14285714285714285,0.0,0.1,0.0,0.8571428571428571,1.0,0.9,1.0,0.0625,0.0625,0.11764705882352941,0.10638297872340426,0.13157894736842102,-0.8783100656536799,-0.8571428571428572,-0.9,0.14285714285714285,
D00100_06_fill_holes_and_orientation.obj,d00100,MilitaryVehicle,0,10,7,0,7,2437,0.1873274835844733,0.9264725088154631,0.4222350418357488,0.0,0,10,7,0,0.0,0.0,0.0,0.0,1.0,1.0,1.0,1.0,0.0,0.0,,,,-1.0,-1.0,-1.0,0.0,
D00173_06_fill_holes_and_orientation.obj,d00173,MilitaryVehicle,1,9,6,0,7,2437,0.2496221104859735,0.8947803752557573,0.4509096899107791,0.06625422345438904,1,9,6,0,0.14285714285714285,0.0,0.1,0.0,0.8571428571428571,1.0,0.9,1.0,0.0625,0.0625,0.11764705882352941,0.10638297872340426,0.13157894736842102,-0.8783100656536799,-0.8571428571428572,-0.9,0.14285714285714285,
D00272_06_fill_holes_and_orientation.obj,d00272,MilitaryVehicle,6,4,1,0,7,2437,0.8589084230467455,0.9276261373035566,0.7027781915355581,0.5965173333990071,6,4,1,0,0.8571428571428571,0.0,0.6,0.0,0.14285714285714285,1.0,0.4,1.0,0.5454545454545454,0.5454545454545454,0.7058823529411764,0.6382978723404255,0.7894736842105262,-0.23904572186687872,-0.1428571428571429,-0.4,0.8571428571428571,
D00334_06_fill_holes_and_orientation.obj,d00334,MilitaryVehicle,1,9,6,0,7,2437,0.127370919245062,0.6851682556266596,0.39951691964584296,0.1100458831490401,1,9,6,0,0.14285714285714285,0.0,0.1,0.0,0.8571428571428571,1.0,0.9,1.0,0.0625,0.0625,0.11764705882352941,0.10638297872340426,0.13157894736842102,-0.8783100656536799,-0.8571428571428572,-0.9,0.14285714285714285,
D00458_06_fill_holes_and_orientation.obj,d00458,MilitaryVehicle,0,10,7,0,7,2437,0.2813951410384175,0.908841582865352,0.45624691433692743,0.0,0,10,7,0,0.0,0.0,0.0,0.0,1.0,1.0,1.0,1.0,0.0,0.0,,,,-1.0,-1.0,-1.0,0.0,
D00529_06_fill_holes_and_orientation.obj,d00529,MilitaryVehicle,3,7,4,0,7,2437,0.35765877837119836,0.8210352183187497,0.5243945760396939,0.29343678345195284,3,7,4,0,0.42857142857142855,0.0,0.3,0.0,0.5714285714285714,1.0,0.7,1.0,0.21428571428571427,0.21428571428571427,0.3529411764705882,0.3191489361702127,0.3947368421052631,-0.6324555320336759,-0.5714285714285714,-0.7,0.42857142857142855,
D00577_06_fill_holes_and_orientation.obj,d00577,MilitaryVehicle,4,6,3,0,7,2437,0.6445588475281713,0.937246963562753,0.6561912467534248,0.46582309483828666,4,6,3,0,0.5714285714285714,0.0,0.4,0.0,0.42857142857142855,1.0,0.6,1.0,0.3076923076923077,0.3076923076923077,0.47058823529411764,0.425531914893617,0.5263157894736841,-0.50709255283711,-0.4285714285714286,-0.6,0.5714285714285714,
D00611_06_fill_holes_and_orientation.obj,d00611,MilitaryVehicle,3,7,4,0,7,2437,0.573528518182337,0.8364241870184145,0.633633613696731,0.4225749983705865,3,7,4,0,0.42857142857142855,0.0,0.3,0.0,0.5714285714285714,1.0,0.7,1.0,0.21428571428571427,0.21428571428571427,0.3529411764705882,0.3191489361702127,0.3947368421052631,-0.6324555320336759,-0.5714285714285714,-0.7,0.42857142857142855,
D00723_06_fill_holes_and_orientation.obj,d00723,MilitaryVehicle,4,6,3,0,7,2437,0.5973517735417809,0.9350267728875539,0.6399772759065396,0.4505655760587973,4,6,3,0,0.5714285714285714,0.0,0.4,0.0,0.42857142857142855,1.0,0.6,1.0,0.3076923076923077,0.3076923076923077,0.47058823529411764,0.425531914893617,0.5263157894736841,-0.50709255283711,-0.4285714285714286,-0.6,0.5714285714285714,
D00761_06_fill_holes_and_orientation.obj,d00761,MilitaryVehicle,1,9,5,0,6,2437,0.2012687157970147,0.7778720996038484,0.42146872014620096,0.07839826897867534,1,9,5,0,0.16666666666666666,0.0,0.1,0.0,0.8333333333333334,1.0,0.9,1.0,0.06666666666666667,0.06666666666666667,0.125,0.10869565217391304,0.14705882352941177,-0.8660254037844386,-0.8333333333333334,-0.9,0.16666666666666666,
D00778_06_fill_holes_and_orientation.obj,d00778,MilitaryVehicle,2,8,5,0,7,2437,0.2607096408642829,0.8553393409081015,0.46095720480954133,0.133052010135729,2,8,5,0,0.2857142857142857,0.0,0.2,0.0,0.7142857142857143,1.0,0.8,1.0,0.13333333333333333,0.13333333333333333,0.23529411764705882,0.2127659574468085,0.26315789473684204,-0.7559289460184545,-0.7142857142857143,-0.8,0.2857142857142857,
D00799_06_fill_holes_and_orientation.obj,d00799,MilitaryVehicle,0,10,7,0,7,2437,0.05904174895995783,0.8138087153367289,0.3347889663518954,0.0,0,10,7,0,0.0,0.0,0.0,0.0,1.0,1.0,1.0,1.0,0.0,0.0,,,,-1.0,-1.0,-1.0,0.0,
D00801_06_fill_holes_and_orientation.obj,d00801,MilitaryVehicle,0,10,7,0,7,2437,0.07450838841226166,0.6924818249096687,0.3511649906432177,0.0,0,10,7,0,0.0,0.0,0.0,0.0,1.0,1.0,1.0,1.0,0.0,0.0,,,,-1.0,-1.0,-1.0,0.0,
D00918_06_fill_holes_and_orientation.obj,d00918,MilitaryVehicle,4,6,3,0,7,2437,0.6241344803108086,0.9521353010317357,0.6445504962352182,0.4315420454124846,4,6,3,0,0.5714285714285714,0.0,0.4,0.0,0.42857142857142855,1.0,0.6,1.0,0.3076923076923077,0.3076923076923077,0.47058823529411764,0.425531914893617,0.5263157894736841,-0.50709255283711,-0.4285714285714286,-0.6,0.5714285714285714,
D00932_06_fill_holes_and_orientation.obj,d00932,MilitaryVehicle,4,6,3,0,7,2437,0.751499154295258,0.9164163510513257,0.6408703686709575,0.3921578479840864,4,6,3,0,0.5714285714285714,0.0,0.4,0.0,0.42857142857142855,1.0,0.6,1.0,0.3076923076923077,0.3076923076923077,0.47058823529411764,0.425531914893617,0.5263157894736841,-0.50709255283711,-0.4285714285714286,-0.6,0.5714285714285714,
D00933_06_fill_holes_and_orientation.obj,d00933,MilitaryVehicle,1,9,6,0,7,2437,0.30133180272403715,0.7651386530843236,0.5195165431276358,0.2200917662980802,1,9,6,0,0.14285714285714285,0.0,0.1,0.0,0.8571428571428571,1.0,0.9,1.0,0.0625,0.0625,0.11764705882352941,0.10638297872340426,0.13157894736842102,-0.8783100656536799,-0.8571428571428572,-0.9,0.14285714285714285,
D00952_06_fill_holes_and_orientation.obj,d00952,MilitaryVehicle,1,9,6,0,7,2437,0.07226922217941519,0.7791345609681773,0.3524846519674792,0.07839826897867534,1,9,6,0,0.14285714285714285,0.0,0.1,0.0,0.8571428571428571,1.0,0.9,1.0,0.0625,0.0625,0.11764705882352941,0.10638297872340426,0.13157894736842102,-0.8783100656536799,-0.8571428571428572,-0.9,0.14285714285714285,
D00971_06_fill_holes_and_orientation.obj,d00971,MilitaryVehicle,4,6,2,0,6,2437,0.9046587937588804,0.8608245178703583,0.6895439204388764,0.4946396555628011,4,6,2,0,0.6666666666666666,0.0,0.4,0.0,0.3333333333333333,1.0,0.6,1.0,0.3333333333333333,0.3333333333333333,0.5,0.43478260869565216,0.5882352941176471,-0.4472135954999579,-0.33333333333333337,-0.6,0.6666666666666666,
D00007_06_fill_holes_and_orientation.obj,d00007,Monitor,1,9,6,0,7,2437,0.1423312358284932,0.6206303600191547,0.41089870400525363,0.13886244387355456,1,9,6,0,0.14285714285714285,0.0,0.1,0.0,0.8571428571428571,1.0,0.9,1.0,0.0625,0.0625,0.11764705882352941,0.10638297872340426,0.13157894736842102,-0.8783100656536799,-0.8571428571428572,-0.9,0.14285714285714285,
D00141_06_fill_holes_and_orientation.obj,d00141,Monitor,0,10,7,0,7,2437,0.02092424281373182,0.2370597710156284,0.2768126079465096,0.0,0,10,7,0,0.0,0.0,0.0,0.0,1.0,1.0,1.0,1.0,0.0,0.0,,,,-1.0,-1.0,-1.0,0.0,
D00229_06_fill_holes_and_orientation.obj,d00229,Monitor,0,10,7,0,7,2437,0.0225776782472098,0.4431457054547038,0.28718826429327593,0.0,0,10,7,0,0.0,0.0,0.0,0.0,1.0,1.0,1.0,1.0,0.0,0.0,,,,-1.0,-1.0,-1.0,0.0,
D00336_06_fill_holes_and_orientation.obj,d00336,Monitor,3,7,4,0,7,2437,0.5010226346301886,0.7979408819816289,0.5945019005517015,0.46900009332067494,3,7,4,0,0.42857142857142855,0.0,0.3,0.0,0.5714285714285714,1.0,0.7,1.0,0.21428571428571427,0.21428571428571427,0.3529411764705882,0.3191489361702127,0.3947368421052631,-0.6324555320336759,-0.5714285714285714,-0.7,0.42857142857142855,
D00339_06_fill_holes_and_orientation.obj,d00339,Monitor,0,10,7,0,7,2437,0.10573612020991206,0.6755691959427104,0.3726924380658331,0.0,0,10,7,0,0.0,0.0,0.0,0.0,1.0,1.0,1.0,1.0,0.0,0.0,,,,-1.0,-1.0,-1.0,0.0,
D00364_06_fill_holes_and_orientation.obj,d00364,Monitor,2,8,5,0,7,2437,0.18335216359051645,0.7419137172957206,0.4400490636265592,0.2024832320725063,2,8,5,0,0.2857142857142857,0.0,0.2,0.0,0.7142857142857143,1.0,0.8,1.0,0.13333333333333333,0.13333333333333333,0.23529411764705882,0.2127659574468085,0.26315789473684204,-0.7559289460184545,-0.7142857142857143,-0.8,0.2857142857142857,
D00387_06_fill_holes_and_orientation.obj,d00387,Monitor,0,10,7,0,7,2437,0.021916553003544455,0.4308258238648731,0.28662303041418624,0.0,0,10,7,0,0.0,0.0,0.0,0.0,1.0,1.0,1.0,1.0,0.0,0.0,,,,-1.0,-1.0,-1.0,0.0,
D00391_06_fill_holes_and_orientation.obj,d00391,Monitor,1,9,6,0,7,2437,0.1311828673530028,0.7163815245309303,0.40523502921505894,0.13886244387355456,1,9,6,0,0.14285714285714285,0.0,0.1,0.0,0.8571428571428571,1.0,0.9,1.0,0.0625,0.0625,0.11764705882352941,0.10638297872340426,0.13157894736842102,-0.8783100656536799,-0.8571428571428572,-0.9,0.14285714285714285,
D00412_06_fill_holes_and_orientation.obj,d00412,Monitor,0,10,7,0,7,2437,0.06291350013746413,0.6247877758913413,0.33947230096372194,0.0,0,10,7,0,0.0,0.0,0.0,0.0,1.0,1.0,1.0,1.0,0.0,0.0,,,,-1.0,-1.0,-1.0,0.0,
D00444_06_fill_holes_and_orientation.obj,d00444,Monitor,0,10,7,0,7,2437,0.10403019667360698,0.7991815767707109,0.37848314476611455,0.0,0,10,7,0,0.0,0.0,0.0,0.0,1.0,1.0,1.0,1.0,0.0,0.0,,,,-1.0,-1.0,-1.0,0.0,
D00469_06_fill_holes_and_orientation.obj,d00469,Monitor,0,10,7,0,7,2437,0.044915630114656095,0.7088502894954507,0.321161497324066,0.0,0,10,7,0,0.0,0.0,0.0,0.0,1.0,1.0,1.0,1.0,0.0,0.0,,,,-1.0,-1.0,-1.0,0.0,
D00548_06_fill_holes_and_orientation.obj,d00548,Monitor,2,8,5,0,7,2437,0.3146529987582225,0.8653737320969919,0.5319544891022703,0.2837125544970319,2,8,5,0,0.2857142857142857,0.0,0.2,0.0,0.7142857142857143,1.0,0.8,1.0,0.13333333333333333,0.13333333333333333,0.23529411764705882,0.2127659574468085,0.26315789473684204,-0.7559289460184545,-0.7142857142857143,-0.8,0.2857142857142857,
D00659_06_fill_holes_and_orientation.obj,d00659,Monitor,0,10,7,0,7,2437,0.12291573949162792,0.8473074746419398,0.3804574779207579,0.0,0,10,7,0,0.0,0.0,0.0,0.0,1.0,1.0,1.0,1.0,0.0,0.0,,,,-1.0,-1.0,-1.0,0.0,
D00852_06_fill_holes_and_orientation.obj,d00852,Monitor,2,8,5,0,7,2437,0.24979093144658876,0.8270645596621828,0.47177882556748196,0.20483424751859092,2,8,5,0,0.2857142857142857,0.0,0.2,0.0,0.7142857142857143,1.0,0.8,1.0,0.13333333333333333,0.13333333333333333,0.23529411764705882,0.2127659574468085,0.26315789473684204,-0.7559289460184545,-0.7142857142857143,-0.8,0.2857142857142857,
D00863_06_fill_holes_and_orientation.obj,d00863,Monitor,2,8,5,0,7,2437,0.13308112562675742,0.7568020547647034,0.4001581153424859,0.1517621910780354,2,8,5,0,0.2857142857142857,0.0,0.2,0.0,0.7142857142857143,1.0,0.8,1.0,0.13333333333333333,0.13333333333333333,0.23529411764705882,0.2127659574468085,0.26315789473684204,-0.7559289460184545,-0.7142857142857143,-0.8,0.2857142857142857,
D00915_06_fill_holes_and_orientation.obj,d00915,Monitor,0,10,7,0,7,2437,0.013330198489840572,0.22001654259718775,0.25944031516479604,0.0,0,10,7,0,0.0,0.0,0.0,0.0,1.0,1.0,1.0,1.0,0.0,0.0,,,,-1.0,-1.0,-1.0,0.0,
D00919_06_fill_holes_and_orientation.obj,d00919,Monitor,1,9,6,0,7,2437,0.1316993669520769,0.7773279352226721,0.401873301045213,0.08514311764162101,1,9,6,0,0.14285714285714285,0.0,0.1,0.0,0.8571428571428571,1.0,0.9,1.0,0.0625,0.0625,0.11764705882352941,0.10638297872340426,0.13157894736842102,-0.8783100656536799,-0.8571428571428572,-0.9,0.14285714285714285,
D00920_06_fill_holes_and_orientation.obj,d00920,Monitor,0,10,7,0,7,2437,0.014840589308324817,0.3113490923338122,0.2652614225213551,0.0,0,10,7,0,0.0,0.0,0.0,0.0,1.0,1.0,1.0,1.0,0.0,0.0,,,,-1.0,-1.0,-1.0,0.0,
D00978_06_fill_holes_and_orientation.obj,d00978,Monitor,0,10,7,0,7,2437,0.029734521604930664,0.5723085629707022,0.29856415113121887,0.0,0,10,7,0,0.0,0.0,0.0,0.0,1.0,1.0,1.0,1.0,0.0,0.0,,,,-1.0,-1.0,-1.0,0.0,
D01000_06_fill_holes_and_orientation.obj,d01000,Monitor,0,10,7,0,7,2437,0.039763892827027435,0.609181141439206,0.3130169659904211,0.0,0,10,7,0,0.0,0.0,0.0,0.0,1.0,1.0,1.0,1.0,0.0,0.0,,,,-1.0,-1.0,-1.0,0.0,
D00011_06_fill_holes_and_orientation.obj,d00011,Monoplane,2,8,5,0,7,2437,0.16814602133911288,0.9129554655870447,0.42018672571925186,0.12987501165334078,2,8,5,0,0.2857142857142857,0.0,0.2,0.0,0.7142857142857143,1.0,0.8,1.0,0.13333333333333333,0.13333333333333333,0.23529411764705882,0.2127659574468085,0.26315789473684204,-0.7559289460184545,-0.7142857142857143,-0.8,0.2857142857142857,
D00019_06_fill_holes_and_orientation.obj,d00019,Monoplane,3,7,4,0,7,2437,0.45508313902271486,0.9392277219102347,0.5949022911979484,0.36885567213865295,3,7,4,0,0.42857142857142855,0.0,0.3,0.0,0.5714285714285714,1.0,0.7,1.0,0.21428571428571427,0.21428571428571427,0.3529411764705882,0.3191489361702127,0.3947368421052631,-0.6324555320336759,-0.5714285714285714,-0.7,0.42857142857142855,
D00043_06_fill_holes_and_orientation.obj,d00043,Monoplane,3,7,4,0,7,2437,0.5298193450493404,0.9288668320926385,0.5842797463332092,0.29990503169749444,3,7,4,0,0.42857142857142855,0.0,0.3,0.0,0.5714285714285714,1.0,0.7,1.0,0.21428571428571427,0.21428571428571427,0.3529411764705882,0.3191489361702127,0.3947368421052631,-0.6324555320336759,-0.5714285714285714,-0.7,0.42857142857142855,
D00098_06_fill_holes_and_orientation.obj,d00098,Monoplane,1,9,6,0,7,2437,0.31795327831353626,0.9293674633233208,0.5286102880311555,0.2200917662980802,1,9,6,0,0.14285714285714285,0.0,0.1,0.0,0.8571428571428571,1.0,0.9,1.0,0.0625,0.0625,0.11764705882352941,0.10638297872340426,0.13157894736842102,-0.8783100656536799,-0.8571428571428572,-0.9,0.14285714285714285,
D00167_06_fill_holes_and_orientation.obj,d00167,Monoplane,1,9,6,0,7,2437,0.14855625750915252,0.915698054068173,0.41002936849407284,0.07336392209936006,1,9,6,0,0.14285714285714285,0.0,0.1,0.0,0.8571428571428571,1.0,0.9,1.0,0.0625,0.0625,0.11764705882352941,0.10638297872340426,0.13157894736842102,-0.8783100656536799,-0.8571428571428572,-0.9,0.14285714285714285,
D00169_06_fill_holes_and_orientation.obj,d00169,Monoplane,1,9,6,0,7,2437,0.23148586399215015,0.9077314875277525,0.45968102997222654,0.09478836436955079,1,9,6,0,0.14285714285714285,0.0,0.1,0.0,0.8571428571428571,1.0,0.9,1.0,0.0625,0.0625,0.11764705882352941,0.10638297872340426,0.13157894736842102,-0.8783100656536799,-0.8571428571428572,-0.9,0.14285714285714285,
D00262_06_fill_holes_and_orientation.obj,d00262,Monoplane,1,9,6,0,7,2437,0.22915768958442126,0.9360715684994123,0.45120235456346885,0.09478836436955079,1,9,6,0,0.14285714285714285,0.0,0.1,0.0,0.8571428571428571,1.0,0.9,1.0,0.0625,0.0625,0.11764705882352941,0.10638297872340426,0.13157894736842102,-0.8783100656536799,-0.8571428571428572,-0.9,0.14285714285714285,
D00301_06_fill_holes_and_orientation.obj,d00301,Monoplane,0,10,7,0,7,2437,0.24135686835871795,0.9514605371990772,0.4473832582264918,0.0,0,10,7,0,0.0,0.0,0.0,0.0,1.0,1.0,1.0,1.0,0.0,0.0,,,,-1.0,-1.0,-1.0,0.0,
D00304_06_fill_holes_and_orientation.obj,d00304,Monoplane,3,7,4,0,7,2437,0.4693770369144424,0.9368116320578121,0.6010342398631655,0.39327839964630634,3,7,4,0,0.42857142857142855,0.0,0.3,0.0,0.5714285714285714,1.0,0.7,1.0,0.21428571428571427,0.21428571428571427,0.3529411764705882,0.3191489361702127,0.3947368421052631,-0.6324555320336759,-0.5714285714285714,-0.7,0.42857142857142855,
D00319_06_fill_holes_and_orientation.obj,d00319,Monoplane,2,8,5,0,7,2437,0.3809166476772143,0.9282356014104742,0.5149914403333075,0.15840915256850252,2,8,5,0,0.2857142857142857,0.0,0.2,0.0,0.7142857142857143,1.0,0.8,1.0,0.13333333333333333,0.13333333333333333,0.23529411764705882,0.2127659574468085,0.26315789473684204,-0.7559289460184545,-0.7142857142857143,-0.8,0.2857142857142857,
D00402_06_fill_holes_and_orientation.obj,d00402,Monoplane,2,8,5,0,7,2437,0.2766280633475307,0.915654520917679,0.49658986579882547,0.20829366581033185,2,8,5,0,0.2857142857142857,0.0,0.2,0.0,0.7142857142857143,1.0,0.8,1.0,0.13333333333333333,0.13333333333333333,0.23529411764705882,0.2127659574468085,0.26315789473684204,-0.7559289460184545,-0.7142857142857143,-0.8,0.2857142857142857,
D00482_06_fill_holes_and_orientation.obj,d00482,Monoplane,3,7,4,0,7,2437,0.587193035638475,0.948369683513996,0.6402034275538664,0.39327839964630634,3,7,4,0,0.42857142857142855,0.0,0.3,0.0,0.5714285714285714,1.0,0.7,1.0,0.21428571428571427,0.21428571428571427,0.3529411764705882,0.3191489361702127,0.3947368421052631,-0.6324555320336759,-0.5714285714285714,-0.7,0.42857142857142855,
D00617_06_fill_holes_and_orientation.obj,d00617,Monoplane,3,7,3,0,6,2437,0.7711244560820906,0.9341561098776718,0.6560763878112414,0.39327839964630634,3,7,3,0,0.5,0.0,0.3,0.0,0.5,1.0,0.7,1.0,0.23076923076923078,0.23076923076923078,0.37499999999999994,0.32608695652173914,0.4411764705882353,-0.5916079783099616,-0.5,-0.7,0.5,
D00688_06_fill_holes_and_orientation.obj,d00688,Monoplane,2,8,5,0,7,2437,0.3052463268339519,0.9436681032606331,0.48448533772932684,0.14201905717762706,2,8,5,0,0.2857142857142857,0.0,0.2,0.0,0.7142857142857143,1.0,0.8,1.0,0.13333333333333333,0.13333333333333333,0.23529411764705882,0.2127659574468085,0.26315789473684204,-0.7559289460184545,-0.7142857142857143,-0.8,0.2857142857142857,
D00798_06_fill_holes_and_orientation.obj,d00798,Monoplane,2,8,5,0,7,2437,0.29149971874256214,0.9073396891733055,0.4739232736458834,0.133052010135729,2,8,5,0,0.2857142857142857,0.0,0.2,0.0,0.7142857142857143,1.0,0.8,1.0,0.13333333333333333,0.13333333333333333,0.23529411764705882,0.2127659574468085,0.26315789473684204,-0.7559289460184545,-0.7142857142857143,-0.8,0.2857142857142857,
D00840_06_fill_holes_and_orientation.obj,d00840,Monoplane,0,10,7,0,7,2437,0.15960094506806835,0.9176135126899134,0.405892646967147,0.0,0,10,7,0,0.0,0.0,0.0,0.0,1.0,1.0,1.0,1.0,0.0,0.0,,,,-1.0,-1.0,-1.0,0.0,
D00864_06_fill_holes_and_orientation.obj,d00864,Monoplane,1,9,6,0,7,2437,0.2534752112471298,0.9488485481694311,0.460542409053821,0.07839826897867534,1,9,6,0,0.14285714285714285,0.0,0.1,0.0,0.8571428571428571,1.0,0.9,1.0,0.0625,0.0625,0.11764705882352941,0.10638297872340426,0.13157894736842102,-0.8783100656536799,-0.8571428571428572,-0.9,0.14285714285714285,
D00925_06_fill_holes_and_orientation.obj,d00925,Monoplane,2,8,5,0,7,2437,0.5250730534055202,0.9436245701101389,0.6224931197648709,0.35895421017163476,2,8,5,0,0.2857142857142857,0.0,0.2,0.0,0.7142857142857143,1.0,0.8,1.0,0.13333333333333333,0.13333333333333333,0.23529411764705882,0.2127659574468085,0.26315789473684204,-0.7559289460184545,-0.7142857142857143,-0.8,0.2857142857142857,
D00963_06_fill_holes_and_orientation.obj,d00963,Monoplane,0,10,7,0,7,2437,0.2023760489145563,0.9376822950676942,0.4320989545333648,0.0,0,10,7,0,0.0,0.0,0.0,0.0,1.0,1.0,1.0,1.0,0.0,0.0,,,,-1.0,-1.0,-1.0,0.0,
D00995_06_fill_holes_and_orientation.obj,d00995,Monoplane,3,7,4,0,7,2437,0.3879712900606935,0.9527665317139002,0.5430667083695288,0.29990503169749444,3,7,4,0,0.42857142857142855,0.0,0.3,0.0,0.5714285714285714,1.0,0.7,1.0,0.21428571428571427,0.21428571428571427,0.3529411764705882,0.3191489361702127,0.3947368421052631,-0.6324555320336759,-0.5714285714285714,-0.7,0.42857142857142855,
D00021_06_fill_holes_and_orientation.obj,d00021,Motorcycle,2,8,5,0,7,2437,0.3278368126727515,0.8630845771144279,0.5194515805595635,0.2895229882348575,2,8,5,0,0.2857142857142857,0.0,0.2,0.0,0.7142857142857143,1.0,0.8,1.0,0.13333333333333333,0.13333333333333333,0.23529411764705882,0.2127659574468085,0.26315789473684204,-0.7559289460184545,-0.7142857142857143,-0.8,0.2857142857142857,
D00039_06_fill_holes_and_orientation.obj,d00039,Motorcycle,1,9,6,0,7,2437,0.1765202246713841,0.847379767827529,0.4214589641935928,0.06362078819895173,1,9,6,0,0.14285714285714285,0.0,0.1,0.0,0.8571428571428571,1.0,0.9,1.0,0.0625,0.0625,0.11764705882352941,0.10638297872340426,0.13157894736842102,-0.8783100656536799,-0.8571428571428572,-0.9,0.14285714285714285,
D00054_06_fill_holes_and_orientation.obj,d00054,Motorcycle,1,9,6,0,7,2437,0.19454935911901736,0.7584577114427862,0.4377790658028143,0.1100458831490401,1,9,6,0,0.14285714285714285,0.0,0.1,0.0,0.8571428571428571,1.0,0.9,1.0,0.0625,0.0625,0.11764705882352941,0.10638297872340426,0.13157894736842102,-0.8783100656536799,-0.8571428571428572,-0.9,0.14285714285714285,
D00224_06_fill_holes_and_orientation.obj,d00224,Motorcycle,6,4,1,0,7,2437,0.9875329157636238,0.8398507462686566,0.687650360465308,0.643121141594021,6,4,1,0,0.8571428571428571,0.0,0.6,0.0,0.14285714285714285,1.0,0.4,1.0,0.5454545454545454,0.5454545454545454,0.7058823529411764,0.6382978723404255,0.7894736842105262,-0.23904572186687872,-0.1428571428571429,-0.4,0.8571428571428571,
D00269_06_fill_holes_and_orientation.obj,d00269,Motorcycle,4,6,3,0,7,2437,1.0152867996154107,0.8425704809286899,0.7044819515800683,0.5541432109622959,4,6,3,0,0.5714285714285714,0.0,0.4,0.0,0.42857142857142855,1.0,0.6,1.0,0.3076923076923077,0.3076923076923077,0.47058823529411764,0.425531914893617,0.5263157894736841,-0.50709255283711,-0.4285714285714286,-0.6,0.5714285714285714,
D00288_06_fill_holes_and_orientation.obj,d00288,Motorcycle,1,9,6,0,7,2437,0.14762127267338712,0.7386069651741294,0.4118807921559006,0.13886244387355456,1,9,6,0,0.14285714285714285,0.0,0.1,0.0,0.8571428571428571,1.0,0.9,1.0,0.0625,0.0625,0.11764705882352941,0.10638297872340426,0.13157894736842102,-0.8783100656536799,-0.8571428571428572,-0.9,0.14285714285714285,
D00342_06_fill_holes_and_orientation.obj,d00342,Motorcycle,5,5,2,0,7,2437,0.8391292370985834,0.8191708126036484,0.6684649430998502,0.6168295842361275,5,5,2,0,0.7142857142857143,0.0,0.5,0.0,0.2857142857142857,1.0,0.5,1.0,0.4166666666666667,0.4166666666666667,0.588235294117647,0.5319148936170213,0.6578947368421053,-0.37796447300922725,-0.2857142857142857,-0.5,0.7142857142857143,
D00345_06_fill_holes_and_orientation.obj,d00345,Motorcycle,0,10,7,0,7,2437,0.10613611590025027,0.8222388059701493,0.37421175860831435,0.0,0,10,7,0,0.0,0.0,0.0,0.0,1.0,1.0,1.0,1.0,0.0,0.0,,,,-1.0,-1.0,-1.0,0.0,
D00395_06_fill_holes_and_orientation.obj,d00395,Motorcycle,4,6,2,0,6,2437,0.7587230455393862,0.8236318407960199,0.6212217514221454,0.48153499054313037,4,6,2,0,0.6666666666666666,0.0,0.4,0.0,0.3333333333333333,1.0,0.6,1.0,0.3333333333333333,0.3333333333333333,0.5,0.43478260869565216,0.5882352941176471,-0.4472135954999579,-0.33333333333333337,-0.6,0.6666666666666666,
D00396_06_fill_holes_and_orientation.obj,d00396,Motorcycle,3,7,4,0,7,2437,0.46605843938317515,0.8066832504145938,0.5685569707893274,0.38824405276699103,3,7,4,0,0.42857142857142855,0.0,0.3,0.0,0.5714285714285714,1.0,0.7,1.0,0.21428571428571427,0.21428571428571427,0.3529411764705882,0.3191489361702127,0.3947368421052631,-0.6324555320336759,-0.5714285714285714,-0.7,0.42857142857142855,
D00476_06_fill_holes_and_orientation.obj,d00476,Motorcycle,4,6,3,0,7,2437,0.9193017976607057,0.8627197346600333,0.6841609453806333,0.5009732673492617,4,6,3,0,0.5714285714285714,0.0,0.4,0.0,0.42857142857142855,1.0,0.6,1.0,0.3076923076923077,0.3076923076923077,0.47058823529411764,0.425531914893617,0.5263157894736841,-0.50709255283711,-0.4285714285714286,-0.6,0.5714285714285714,
D00521_06_fill_holes_and_orientation.obj,d00521,Motorcycle,0,10,7,0,7,2437,0.17317854266599686,0.7856053067993367,0.41735280645427136,0.0,0,10,7,0,0.0,0.0,0.0,0.0,1.0,1.0,1.0,1.0,0.0,0.0,,,,-1.0,-1.0,-1.0,0.0,
D00544_06_fill_holes_and_orientation.obj,d00544,Motorcycle,2,8,5,0,7,2437,0.5853386665366253,0.8571973466003318,0.6068668647733811,0.35895421017163476,2,8,5,0,0.2857142857142857,0.0,0.2,0.0,0.7142857142857143,1.0,0.8,1.0,0.13333333333333333,0.13333333333333333,0.23529411764705882,0.2127659574468085,0.26315789473684204,-0.7559289460184545,-0.7142857142857143,-0.8,0.2857142857142857,
D00594_06_fill_holes_and_orientation.obj,d00594,Motorcycle,2,8,5,0,7,2437,0.6123919494008938,0.8580762852404644,0.6135080551594125,0.35895421017163476,2,8,5,0,0.2857142857142857,0.0,0.2,0.0,0.7142857142857143,1.0,0.8,1.0,0.13333333333333333,0.13333333333333333,0.23529411764705882,0.2127659574468085,0.26315789473684204,-0.7559289460184545,-0.7142857142857143,-0.8,0.2857142857142857,
D00703_06_fill_holes_and_orientation.obj,d00703,Motorcycle,1,9,6,0,7,2437,0.42817770244052766,0.9260364842454395,0.5481075717103465,0.2200917662980802,1,9,6,0,0.14285714285714285,0.0,0.1,0.0,0.8571428571428571,1.0,0.9,1.0,0.0625,0.0625,0.11764705882352941,0.10638297872340426,0.13157894736842102,-0.8783100656536799,-0.8571428571428572,-0.9,0.14285714285714285,
D00768_06_fill_holes_and_orientation.obj,d00768,Motorcycle,0,10,7,0,7,2437,0.2975189251189982,0.8745936981757878,0.461903988782065,0.0,0,10,7,0,0.0,0.0,0.0,0.0,1.0,1.0,1.0,1.0,0.0,0.0,,,,-1.0,-1.0,-1.0,0.0,
D00858_06_fill_holes_and_orientation.obj,d00858,Motorcycle,4,6,3,0,7,2437,0.8102680112087489,0.825804311774461,0.6623784452461723,0.5388856921828066,4,6,3,0,0.5714285714285714,0.0,0.4,0.0,0.42857142857142855,1.0,0.6,1.0,0.3076923076923077,0.3076923076923077,0.47058823529411764,0.425531914893617,0.5263157894736841,-0.50709255283711,-0.4285714285714286,-0.6,0.5714285714285714,
D00880_06_fill_holes_and_orientation.obj,d00880,Motorcycle,2,8,5,0,7,2437,0.5084350491330782,0.8391376451077944,0.5798701593898159,0.3052348839397012,2,8,5,0,0.2857142857142857,0.0,0.2,0.0,0.7142857142857143,1.0,0.8,1.0,0.13333333333333333,0.13333333333333333,0.23529411764705882,0.2127659574468085,0.26315789473684204,-0.7559289460184545,-0.7142857142857143,-0.8,0.2857142857142857,
D00886_06_fill_holes_and_orientation.obj,d00886,Motorcycle,4,6,3,0,7,2437,0.8848339081101274,0.8730182421227197,0.6813533208286495,0.5224955967919311,4,6,3,0,0.5714285714285714,0.0,0.4,0.0,0.42857142857142855,1.0,0.6,1.0,0.3076923076923077,0.3076923076923077,0.47058823529411764,0.425531914893617,0.5263157894736841,-0.50709255283711,-0.4285714285714286,-0.6,0.5714285714285714,
D00945_06_fill_holes_and_orientation.obj,d00945,Motorcycle,1,9,6,0,7,2437,0.10143229298011187,0.7181592039800995,0.37869070945058275,0.08514311764162101,1,9,6,0,0.14285714285714285,0.0,0.1,0.0,0.8571428571428571,1.0,0.9,1.0,0.0625,0.0625,0.11764705882352941,0.10638297872340426,0.13157894736842102,-0.8783100656536799,-0.8571428571428572,-0.9,0.14285714285714285,
m1479_06_fill_holes_and_orientation.obj,m1479,Motorcycle,2,8,5,0,7,2437,0.5848210055760185,0.857313432835821,0.6066703066862007,0.35895421017163476,2,8,5,0,0.2857142857142857,0.0,0.2,0.0,0.7142857142857143,1.0,0.8,1.0,0.13333333333333333,0.13333333333333333,0.23529411764705882,0.2127659574468085,0.26315789473684204,-0.7559289460184545,-0.7142857142857143,-0.8,0.2857142857142857,
m1480_06_fill_holes_and_orientation.obj,m1480,Motorcycle,2,8,5,0,7,2437,0.3277984519597485,0.8630679933665009,0.5194380716995934,0.2895229882348575,2,8,5,0,0.2857142857142857,0.0,0.2,0.0,0.7142857142857143,1.0,0.8,1.0,0.13333333333333333,0.13333333333333333,0.23529411764705882,0.2127659574468085,0.26315789473684204,-0.7559289460184545,-0.7142857142857143,-0.8,0.2857142857142857,
m1481_06_fill_holes_and_orientation.obj,m1481,Motorcycle,0,10,7,0,7,2437,0.08927620991241311,0.79787728026534,0.35601886897053964,0.0,0,10,7,0,0.0,0.0,0.0,0.0,1.0,1.0,1.0,1.0,0.0,0.0,,,,-1.0,-1.0,-1.0,0.0,
m1482_06_fill_holes_and_orientation.obj,m1482,Motorcycle,4,6,3,0,7,2437,0.9111745097318488,0.8702819237147597,0.6874191441770369,0.5321408435198609,4,6,3,0,0.5714285714285714,0.0,0.4,0.0,0.42857142857142855,1.0,0.6,1.0,0.3076923076923077,0.3076923076923077,0.47058823529411764,0.425531914893617,0.5263157894736841,-0.50709255283711,-0.4285714285714286,-0.6,0.5714285714285714,
m1483_06_fill_holes_and_orientation.obj,m1483,Motorcycle,1,9,6,0,7,2437,0.42494114501923946,0.9271973466003317,0.546509302360542,0.2200917662980802,1,9,6,0,0.14285714285714285,0.0,0.1,0.0,0.8571428571428571,1.0,0.9,1.0,0.0625,0.0625,0.11764705882352941,0.10638297872340426,0.13157894736842102,-0.8783100656536799,-0.8571428571428572,-0.9,0.14285714285714285,
m1484_06_fill_holes_and_orientation.obj,m1484,Motorcycle,2,8,5,0,7,2437,0.27710367383926326,0.7879601990049752,0.45783283658726714,0.133052010135729,2,8,5,0,0.2857142857142857,0.0,0.2,0.0,0.7142857142857143,1.0,0.8,1.0,0.13333333333333333,0.13333333333333333,0.23529411764705882,0.2127659574468085,0.26315789473684204,-0.7559289460184545,-0.7142857142857143,-0.8,0.2857142857142857,
D00172_06_fill_holes_and_orientation.obj,d00172,Mug,3,7,4,0,7,2437,0.3582517910079836,0.7033001658374793,0.4867778371797767,0.22476126319537013,3,7,4,0,0.42857142857142855,0.0,0.3,0.0,0.5714285714285714,1.0,0.7,1.0,0.21428571428571427,0.21428571428571427,0.3529411764705882,0.3191489361702127,0.3947368421052631,-0.6324555320336759,-0.5714285714285714,-0.7,0.42857142857142855,
D00202_06_fill_holes_and_orientation.obj,d00202,Mug,5,5,2,0,7,2437,0.7051297281726914,0.7522553897180763,0.600059591541787,0.476846588700353,5,5,2,0,0.7142857142857143,0.0,0.5,0.0,0.2857142857142857,1.0,0.5,1.0,0.4166666666666667,0.4166666666666667,0.588235294117647,0.5319148936170213,0.6578947368421053,-0.37796447300922725,-0.2857142857142857,-0.5,0.7142857142857143,
D00227_06_fill_holes_and_orientation.obj,d00227,Mug,1,9,6,0,7,2437,0.3025502193619106,0.7698507462686567,0.4622146574196813,0.06943122193677728,1,9,6,0,0.14285714285714285,0.0,0.1,0.0,0.8571428571428571,1.0,0.9,1.0,0.0625,0.0625,0.11764705882352941,0.10638297872340426,0.13157894736842102,-0.8783100656536799,-0.8571428571428572,-0.9,0.14285714285714285,
D00321_06_fill_holes_and_orientation.obj,d00321,Mug,0,10,7,0,7,2437,0.0975359328249381,0.7206799336650083,0.37301666315323434,0.0,0,10,7,0,0.0,0.0,0.0,0.0,1.0,1.0,1.0,1.0,0.0,0.0,,,,-1.0,-1.0,-1.0,0.0,
D00341_06_fill_holes_and_orientation.obj,d00341,Mug,2,8,4,0,6,2437,0.3090428209678156,0.7762189054726368,0.47428928824856376,0.23365080824310536,2,8,4,0,0.3333333333333333,0.0,0.2,0.0,0.6666666666666666,1.0,0.8,1.0,0.14285714285714285,0.14285714285714285,0.25,0.21739130434782608,0.29411764705882354,-0.7302967433402214,-0.6666666666666667,-0.8,0.3333333333333333,
D00372_06_fill_holes_and_orientation.obj,d00372,Mug,5,5,2,0,7,2437,0.7397501092569473,0.757346600331675,0.6346552063961162,0.5370079586075638,5,5,2,0,0.7142857142857143,0.0,0.5,0.0,0.2857142857142857,1.0,0.5,1.0,0.4166666666666667,0.4166666666666667,0.588235294117647,0.5319148936170213,0.6578947368421053,-0.37796447300922725,-0.2857142857142857,-0.5,0.7142857142857143,
D00427_06_fill_holes_and_orientation.obj,d00427,Mug,0,10,7,0,7,2437,0.09209466311282398,0.6514925373134328,0.3646119851264893,0.0,0,10,7,0,0.0,0.0,0.0,0.0,1.0,1.0,1.0,1.0,0.0,0.0,,,,-1.0,-1.0,-1.0,0.0,
D00684_06_fill_holes_and_orientation.obj,d00684,Mug,1,9,6,0,7,2437,0.24732339953652677,0.7111774461028192,0.47462773691539517,0.2200917662980802,1,9,6,0,0.14285714285714285,0.0,0.1,0.0,0.8571428571428571,1.0,0.9,1.0,0.0625,0.0625,0.11764705882352941,0.10638297872340426,0.13157894736842102,-0.8783100656536799,-0.8571428571428572,-0.9,0.14285714285714285,
D00685_06_fill_holes_and_orientation.obj,d00685,Mug,0,10,7,0,7,2437,0.03225424390701081,0.4603814262023217,0.30266995919330747,0.0,0,10,7,0,0.0,0.0,0.0,0.0,1.0,1.0,1.0,1.0,0.0,0.0,,,,-1.0,-1.0,-1.0,0.0,
D00705_06_fill_holes_and_orientation.obj,d00705,Mug,0,10,7,0,7,2437,0.12133525239571721,0.6853565505804311,0.3875876251674516,0.0,0,10,7,0,0.0,0.0,0.0,0.0,1.0,1.0,1.0,1.0,0.0,0.0,,,,-1.0,-1.0,-1.0,0.0,
D00728_06_fill_holes_and_orientation.obj,d00728,Mug,4,6,3,0,7,2437,0.5170670987566305,0.6758872305140962,0.5738436533876994,0.46664232174566644,4,6,3,0,0.5714285714285714,0.0,0.4,0.0,0.42857142857142855,1.0,0.6,1.0,0.3076923076923077,0.3076923076923077,0.47058823529411764,0.425531914893617,0.5263157894736841,-0.50709255283711,-0.4285714285714286,-0.6,0.5714285714285714,
D00745_06_fill_holes_and_orientation.obj,d00745,Mug,4,6,3,0,7,2437,0.8904055805955716,0.7146600331674958,0.672375349296611,0.5637884576902257,4,6,3,0,0.5714285714285714,0.0,0.4,0.0,0.42857142857142855,1.0,0.6,1.0,0.3076923076923077,0.3076923076923077,0.47058823529411764,0.425531914893617,0.5263157894736841,-0.50709255283711,-0.4285714285714286,-0.6,0.5714285714285714,
D00747_06_fill_holes_and_orientation.obj,d00747,Mug,0,10,7,0,7,2437,0.15830263915040527,0.6513432835820895,0.40469904591508243,0.0,0,10,7,0,0.0,0.0,0.0,0.0,1.0,1.0,1.0,1.0,0.0,0.0,,,,-1.0,-1.0,-1.0,0.0,
D00760_06_fill_holes_and_orientation.obj,d00760,Mug,0,10,7,0,7,2437,0.07355120262055474,0.6850414593698175,0.3526999381646782,0.0,0,10,7,0,0.0,0.0,0.0,0.0,1.0,1.0,1.0,1.0,0.0,0.0,,,,-1.0,-1.0,-1.0,0.0,
D00770_06_fill_holes_and_orientation.obj,d00770,Mug,2,8,5,0,7,2437,0.517306161918291,0.7709452736318407,0.5807407981628085,0.314880130667631,2,8,5,0,0.2857142857142857,0.0,0.2,0.0,0.7142857142857143,1.0,0.8,1.0,0.13333333333333333,0.13333333333333333,0.23529411764705882,0.2127659574468085,0.26315789473684204,-0.7559289460184545,-0.7142857142857143,-0.8,0.2857142857142857,
D00825_06_fill_holes_and_orientation.obj,d00825,Mug,3,7,4,0,7,2437,0.6328705442817375,0.721094527363184,0.611720914628183,0.4249260138166711,3,7,4,0,0.42857142857142855,0.0,0.3,0.0,0.5714285714285714,1.0,0.7,1.0,0.21428571428571427,0.21428571428571427,0.3529411764705882,0.3191489361702127,0.3947368421052631,-0.6324555320336759,-0.5714285714285714,-0.7,0.42857142857142855,
D00833_06_fill_holes_and_orientation.obj,d00833,Mug,0,10,7,0,7,2437,0.03715293526045991,0.5188723051409618,0.3104911454099841,0.0,0,10,7,0,0.0,0.0,0.0,0.0,1.0,1.0,1.0,1.0,0.0,0.0,,,,-1.0,-1.0,-1.0,0.0,
D00908_06_fill_holes_and_orientation.obj,d00908,Mug,0,10,7,0,7,2437,0.03591140668144017,0.4972636815920398,0.3100153464417514,0.0,0,10,7,0,0.0,0.0,0.0,0.0,1.0,1.0,1.0,1.0,0.0,0.0,,,,-1.0,-1.0,-1.0,0.0,
D00913_06_fill_holes_and_orientation.obj,d00913,Mug,1,9,6,0,7,2437,0.15144506284894424,0.7458374792703151,0.41009114116150563,0.07336392209936006,1,9,6,0,0.14285714285714285,0.0,0.1,0.0,0.8571428571428571,1.0,0.9,1.0,0.0625,0.0625,0.11764705882352941,0.10638297872340426,0.13157894736842102,-0.8783100656536799,-0.8571428571428572,-0.9,0.14285714285714285,
D00923_06_fill_holes_and_orientation.obj,d00923,Mug,1,9,6,0,7,2437,0.10823895271217589,0.7226202321724711,0.3810881330413708,0.06362078819895173,1,9,6,0,0.14285714285714285,0.0,0.1,0.0,0.8571428571428571,1.0,0.9,1.0,0.0625,0.0625,0.11764705882352941,0.10638297872340426,0.13157894736842102,-0.8783100656536799,-0.8571428571428572,-0.9,0.14285714285714285,
m503_06_fill_holes_and_orientation.obj,m503,Mug,1,9,6,0,7,2437,0.3269446973853539,0.7113101160862355,0.4689554023148687,0.06625422345438904,1,9,6,0,0.14285714285714285,0.0,0.1,0.0,0.8571428571428571,1.0,0.9,1.0,0.0625,0.0625,0.11764705882352941,0.10638297872340426,0.13157894736842102,-0.8783100656536799,-0.8571428571428572,-0.9,0.14285714285714285,
m504_06_fill_holes_and_orientation.obj,m504,Mug,1,9,6,0,7,2437,0.24722966888516917,0.7112603648424544,0.4745819754992494,0.2200917662980802,1,9,6,0,0.14285714285714285,0.0,0.1,0.0,0.8571428571428571,1.0,0.9,1.0,0.0625,0.0625,0.11764705882352941,0.10638297872340426,0.13157894736842102,-0.8783100656536799,-0.8571428571428572,-0.9,0.14285714285714285,
m506_06_fill_holes_and_orientation.obj,m506,Mug,0,10,7,0,7,2437,0.07170322059515666,0.6270978441127695,0.35113926284300767,0.0,0,10,7,0,0.0,0.0,0.0,0.0,1.0,1.0,1.0,1.0,0.0,0.0,,,,-1.0,-1.0,-1.0,0.0,
m507_06_fill_holes_and_orientation.obj,m507,Mug,3,7,4,0,7,2437,0.4014342615138661,0.7620729684908789,0.5119948268876157,0.2528410271851775,3,7,4,0,0.42857142857142855,0.0,0.3,0.0,0.5714285714285714,1.0,0.7,1.0,0.21428571428571427,0.21428571428571427,0.3529411764705882,0.3191489361702127,0.3947368421052631,-0.6324555320336759,-0.5714285714285714,-0.7,0.42857142857142855,
m508_06_fill_holes_and_orientation.obj,m508,Mug,0,10,7,0,7,2437,0.18853861752854226,0.7392703150912107,0.4225174433217349,0.0,0,10,7,0,0.0,0.0,0.0,0.0,1.0,1.0,1.0,1.0,0.0,0.0,,,,-1.0,-1.0,-1.0,0.0,
m509_06_fill_holes_and_orientation.obj,m509,Mug,1,9,6,0,7,2437,0.2533554905936551,0.754759535655058,0.4803435662999725,0.2200917662980802,1,9,6,0,0.14285714285714285,0.0,0.1,0.0,0.8571428571428571,1.0,0.9,1.0,0.0625,0.0625,0.11764705882352941,0.10638297872340426,0.13157894736842102,-0.8783100656536799,-0.8571428571428572,-0.9,0.14285714285714285,
D00036_06_fill_holes_and_orientation.obj,d00036,MultiSeat,3,7,4,0,7,2437,0.9142974508870668,0.8103464650685712,0.5773970872966266,0.2369053087196564,3,7,4,0,0.42857142857142855,0.0,0.3,0.0,0.5714285714285714,1.0,0.7,1.0,0.21428571428571427,0.21428571428571427,0.3529411764705882,0.3191489361702127,0.3947368421052631,-0.6324555320336759,-0.5714285714285714,-0.7,0.42857142857142855,
D00046_06_fill_holes_and_orientation.obj,d00046,MultiSeat,0,10,7,0,7,2437,0.3660551757444176,0.8183242791475135,0.46467716835165995,0.0,0,10,7,0,0.0,0.0,0.0,0.0,1.0,1.0,1.0,1.0,0.0,0.0,,,,-1.0,-1.0,-1.0,0.0,
D00053_06_fill_holes_and_orientation.obj,d00053,MultiSeat,0,10,7,0,7,2437,0.36621120587282513,0.6845914219503855,0.4713128875471506,0.0,0,10,7,0,0.0,0.0,0.0,0.0,1.0,1.0,1.0,1.0,0.0,0.0,,,,-1.0,-1.0,-1.0,0.0,
D00145_06_fill_holes_and_orientation.obj,d00145,MultiSeat,1,9,6,0,7,2437,0.5382315009078963,0.6954564449340881,0.5165566849822896,0.09478836436955079,1,9,6,0,0.14285714285714285,0.0,0.1,0.0,0.8571428571428571,1.0,0.9,1.0,0.0625,0.0625,0.11764705882352941,0.10638297872340426,0.13157894736842102,-0.8783100656536799,-0.8571428571428572,-0.9,0.14285714285714285,
D00146_06_fill_holes_and_orientation.obj,d00146,MultiSeat,6,4,1,0,7,2437,1.2126491461225803,0.7505318542719295,0.6329004615604653,0.5328776402545681,6,4,1,0,0.8571428571428571,0.0,0.6,0.0,0.14285714285714285,1.0,0.4,1.0,0.5454545454545454,0.5454545454545454,0.7058823529411764,0.6382978723404255,0.7894736842105262,-0.23904572186687872,-0.1428571428571429,-0.4,0.8571428571428571,
D00237_06_fill_holes_and_orientation.obj,d00237,MultiSeat,1,9,6,0,7,2437,0.5442239463123123,0.6780857045169624,0.5106068620544963,0.06943122193677728,1,9,6,0,0.14285714285714285,0.0,0.1,0.0,0.8571428571428571,1.0,0.9,1.0,0.0625,0.0625,0.11764705882352941,0.10638297872340426,0.13157894736842102,-0.8783100656536799,-0.8571428571428572,-0.9,0.14285714285714285,
D00245_06_fill_holes_and_orientation.obj,d00245,MultiSeat,5,5,2,0,7,2437,1.4650023578664204,0.768548417733541,0.6817496375567857,0.5396413938630011,5,5,2,0,0.7142857142857143,0.0,0.5,0.0,0.2857142857142857,1.0,0.5,1.0,0.4166666666666667,0.4166666666666667,0.588235294117647,0.5319148936170213,0.6578947368421053,-0.37796447300922725,-0.2857142857142857,-0.5,0.7142857142857143,
D00263_06_fill_holes_and_orientation.obj,d00263,MultiSeat,2,8,5,0,7,2437,0.700329246740761,0.8187136724537476,0.5477306679212387,0.16421958630632805,2,8,5,0,0.2857142857142857,0.0,0.2,0.0,0.7142857142857143,1.0,0.8,1.0,0.13333333333333333,0.13333333333333333,0.23529411764705882,0.2127659574468085,0.26315789473684204,-0.7559289460184545,-0.7142857142857143,-0.8,0.2857142857142857,
D00273_06_fill_holes_and_orientation.obj,d00273,MultiSeat,2,8,5,0,7,2437,0.7300203958946677,0.6834992212133875,0.5652904293239008,0.24890832702259466,2,8,5,0,0.2857142857142857,0.0,0.2,0.0,0.7142857142857143,1.0,0.8,1.0,0.13333333333333333,0.13333333333333333,0.23529411764705882,0.2127659574468085,0.26315789473684204,-0.7559289460184545,-0.7142857142857143,-0.8,0.2857142857142857,
D00285_06_fill_holes_and_orientation.obj,d00285,MultiSeat,3,7,4,0,7,2437,1.0809105842247206,0.7663735136572579,0.6093621475150013,0.2808815010511816,3,7,4,0,0.42857142857142855,0.0,0.3,0.0,0.5714285714285714,1.0,0.7,1.0,0.21428571428571427,0.21428571428571427,0.3529411764705882,0.3191489361702127,0.3947368421052631,-0.6324555320336759,-0.5714285714285714,-0.7,0.42857142857142855,
D00289_06_fill_holes_and_orientation.obj,d00289,MultiSeat,2,8,5,0,7,2437,0.5634389384551677,0.7057706188504349,0.519506624363483,0.1517621910780354,2,8,5,0,0.2857142857142857,0.0,0.2,0.0,0.7142857142857143,1.0,0.8,1.0,0.13333333333333333,0.13333333333333333,0.23529411764705882,0.2127659574468085,0.26315789473684204,-0.7559289460184545,-0.7142857142857143,-0.8,0.2857142857142857,
D00329_06_fill_holes_and_orientation.obj,d00329,MultiSeat,1,9,6,0,7,2437,0.3752448336696386,0.630864643087794,0.5038902982105374,0.2200917662980802,1,9,6,0,0.14285714285714285,0.0,0.1,0.0,0.8571428571428571,1.0,0.9,1.0,0.0625,0.0625,0.11764705882352941,0.10638297872340426,0.13157894736842102,-0.8783100656536799,-0.8571428571428572,-0.9,0.14285714285714285,
D00586_06_fill_holes_and_orientation.obj,d00586,MultiSeat,5,5,2,0,7,2437,0.9087662202585618,0.6967575884207726,0.5675204798994702,0.35106842466815347,5,5,2,0,0.7142857142857143,0.0,0.5,0.0,0.2857142857142857,1.0,0.5,1.0,0.4166666666666667,0.4166666666666667,0.588235294117647,0.5319148936170213,0.6578947368421053,-0.37796447300922725,-0.2857142857142857,-0.5,0.7142857142857143,
D00588_06_fill_holes_and_orientation.obj,d00588,MultiSeat,4,6,3,0,7,2437,0.9560113345948408,0.6899194620673935,0.6239574413967162,0.49435723575344837,4,6,3,0,0.5714285714285714,0.0,0.4,0.0,0.42857142857142855,1.0,0.6,1.0,0.3076923076923077,0.3076923076923077,0.47058823529411764,0.425531914893617,0.5263157894736841,-0.50709255283711,-0.4285714285714286,-0.6,0.5714285714285714,
D00607_06_fill_holes_and_orientation.obj,d00607,MultiSeat,6,4,1,0,7,2437,1.469236750670939,0.7409964669680508,0.6939052866025361,0.6758704024811183,6,4,1,0,0.8571428571428571,0.0,0.6,0.0,0.14285714285714285,1.0,0.4,1.0,0.5454545454545454,0.5454545454545454,0.7058823529411764,0.6382978723404255,0.7894736842105262,-0.23904572186687872,-0.1428571428571429,-0.4,0.8571428571428571,
D00637_06_fill_holes_and_orientation.obj,d00637,MultiSeat,2,8,4,0,6,2437,1.2584881363593012,0.7058371006344262,0.639473148493229,0.35895421017163476,2,8,4,0,0.3333333333333333,0.0,0.2,0.0,0.6666666666666666,1.0,0.8,1.0,0.14285714285714285,0.14285714285714285,0.25,0.21739130434782608,0.29411764705882354,-0.7302967433402214,-0.6666666666666667,-0.8,0.3333333333333333,
D00648_06_fill_holes_and_orientation.obj,d00648,MultiSeat,5,5,2,0,7,2437,1.3634956164471441,0.7422026364776051,0.668022435344876,0.5302631099446181,5,5,2,0,0.7142857142857143,0.0,0.5,0.0,0.2857142857142857,1.0,0.5,1.0,0.4166666666666667,0.4166666666666667,0.588235294117647,0.5319148936170213,0.6578947368421053,-0.37796447300922725,-0.2857142857142857,-0.5,0.7142857142857143,
D00652_06_fill_holes_and_orientation.obj,d00652,MultiSeat,2,8,5,0,7,2437,0.61308602034495,0.8041826539528169,0.537629746142848,0.18844415212771543,2,8,5,0,0.2857142857142857,0.0,0.2,0.0,0.7142857142857143,1.0,0.8,1.0,0.13333333333333333,0.13333333333333333,0.23529411764705882,0.2127659574468085,0.26315789473684204,-0.7559289460184545,-0.7142857142857143,-0.8,0.2857142857142857,
D00749_06_fill_holes_and_orientation.obj,d00749,MultiSeat,4,6,3,0,7,2437,0.8256074725623552,0.6749325684762375,0.6063744511923036,0.5224955967919311,4,6,3,0,0.5714285714285714,0.0,0.4,0.0,0.42857142857142855,1.0,0.6,1.0,0.3076923076923077,0.3076923076923077,0.47058823529411764,0.425531914893617,0.5263157894736841,-0.50709255283711,-0.4285714285714286,-0.6,0.5714285714285714,
D00985_06_fill_holes_and_orientation.obj,d00985,MultiSeat,1,9,6,0,7,2437,0.4790077466523671,0.8354575846218136,0.49694644784451836,0.06362078819895173,1,9,6,0,0.14285714285714285,0.0,0.1,0.0,0.8571428571428571,1.0,0.9,1.0,0.0625,0.0625,0.11764705882352941,0.10638297872340426,0.13157894736842102,-0.8783100656536799,-0.8571428571428572,-0.9,0.14285714285714285,
m774_06_fill_holes_and_orientation.obj,m774,MultiSeat,0,10,7,0,7,2437,0.16428125080147704,0.5355677544352847,0.41018643428041024,0.0,0,10,7,0,0.0,0.0,0.0,0.0,1.0,1.0,1.0,1.0,0.0,0.0,,,,-1.0,-1.0,-1.0,0.0,
m775_06_fill_holes_and_orientation.obj,m775,MultiSeat,2,8,5,0,7,2437,0.420661159174914,0.463273563043726,0.5069966714678358,0.35895421017163476,2,8,5,0,0.2857142857142857,0.0,0.2,0.0,0.7142857142857143,1.0,0.8,1.0,0.13333333333333333,0.13333333333333333,0.23529411764705882,0.2127659574468085,0.26315789473684204,-0.7559289460184545,-0.7142857142857143,-0.8,0.2857142857142857,
m776_06_fill_holes_and_orientation.obj,m776,MultiSeat,1,9,6,0,7,2437,0.21544692680097421,0.2747597158378604,0.424788158038411,0.2200917662980802,1,9,6,0,0.14285714285714285,0.0,0.1,0.0,0.8571428571428571,1.0,0.9,1.0,0.0625,0.0625,0.11764705882352941,0.10638297872340426,0.13157894736842102,-0.8783100656536799,-0.8571428571428572,-0.9,0.14285714285714285,
m777_06_fill_holes_and_orientation.obj,m777,MultiSeat,1,9,6,0,7,2437,0.21405588935846273,0.26094100216540667,0.4227481745399999,0.2200917662980802,1,9,6,0,0.14285714285714285,0.0,0.1,0.0,0.8571428571428571,1.0,0.9,1.0,0.0625,0.0625,0.11764705882352941,0.10638297872340426,0.13157894736842102,-0.8783100656536799,-0.8571428571428572,-0.9,0.14285714285714285,
m778_06_fill_holes_and_orientation.obj,m778,MultiSeat,0,10,7,0,7,2437,0.23579335192269574,0.7304543555065912,0.4312636845306072,0.0,0,10,7,0,0.0,0.0,0.0,0.0,1.0,1.0,1.0,1.0,0.0,0.0,,,,-1.0,-1.0,-1.0,0.0,
m779_06_fill_holes_and_orientation.obj,m779,MultiSeat,0,10,7,0,7,2437,0.0839554137507771,0.277115070470691,0.36302629572725265,0.0,0,10,7,0,0.0,0.0,0.0,0.0,1.0,1.0,1.0,1.0,0.0,0.0,,,,-1.0,-1.0,-1.0,0.0,
m780_06_fill_holes_and_orientation.obj,m780,MultiSeat,2,8,5,0,7,2437,0.40719858168982886,0.4413630665197736,0.5009500960416524,0.35895421017163476,2,8,5,0,0.2857142857142857,0.0,0.2,0.0,0.7142857142857143,1.0,0.8,1.0,0.13333333333333333,0.13333333333333333,0.23529411764705882,0.2127659574468085,0.26315789473684204,-0.7559289460184545,-0.7142857142857143,-0.8,0.2857142857142857,
m781_06_fill_holes_and_orientation.obj,m781,MultiSeat,2,8,5,0,7,2437,0.4234093296475419,0.4241062948752042,0.5034307720780719,0.35895421017163476,2,8,5,0,0.2857142857142857,0.0,0.2,0.0,0.7142857142857143,1.0,0.8,1.0,0.13333333333333333,0.13333333333333333,0.23529411764705882,0.2127659574468085,0.26315789473684204,-0.7559289460184545,-0.7142857142857143,-0.8,0.2857142857142857,
m782_06_fill_holes_and_orientation.obj,m782,MultiSeat,0,10,7,0,7,2437,0.07306711760569416,0.2751965961326597,0.35011512610497436,0.0,0,10,7,0,0.0,0.0,0.0,0.0,1.0,1.0,1.0,1.0,0.0,0.0,,,,-1.0,-1.0,-1.0,0.0,
m783_06_fill_holes_and_orientation.obj,m783,MultiSeat,1,9,6,0,7,2437,0.14911853427092134,0.40671655966265247,0.4073106715109246,0.08514311764162101,1,9,6,0,0.14285714285714285,0.0,0.1,0.0,0.8571428571428571,1.0,0.9,1.0,0.0625,0.0625,0.11764705882352941,0.10638297872340426,0.13157894736842102,-0.8783100656536799,-0.8571428571428572,-0.9,0.14285714285714285,
m784_06_fill_holes_and_orientation.obj,m784,MultiSeat,1,9,6,0,7,2437,0.15773271799347824,0.5138567032633059,0.41246067678755427,0.07839826897867534,1,9,6,0,0.14285714285714285,0.0,0.1,0.0,0.8571428571428571,1.0,0.9,1.0,0.0625,0.0625,0.11764705882352941,0.10638297872340426,0.13157894736842102,-0.8783100656536799,-0.8571428571428572,-0.9,0.14285714285714285,
m829_06_fill_holes_and_orientation.obj,m829,MultiSeat,0,10,7,0,7,2437,0.10227042815672807,0.4071154503665996,0.37856937555291365,0.0,0,10,7,0,0.0,0.0,0.0,0.0,1.0,1.0,1.0,1.0,0.0,0.0,,,,-1.0,-1.0,-1.0,0.0,
m830_06_fill_holes_and_orientation.obj,m830,MultiSeat,4,6,3,0,7,2437,0.8616204483139098,0.684088059871595,0.61326868325832,0.5224955967919311,4,6,3,0,0.5714285714285714,0.0,0.4,0.0,0.42857142857142855,1.0,0.6,1.0,0.3076923076923077,0.3076923076923077,0.47058823529411764,0.425531914893617,0.5263157894736841,-0.50709255283711,-0.4285714285714286,-0.6,0.5714285714285714,
m831_06_fill_holes_and_orientation.obj,m831,MultiSeat,0,10,7,0,7,2437,0.10040938476578458,0.4040192987121528,0.3761694646714378,0.0,0,10,7,0,0.0,0.0,0.0,0.0,1.0,1.0,1.0,1.0,0.0,0.0,,,,-1.0,-1.0,-1.0,0.0,
m832_06_fill_holes_and_orientation.obj,m832,MultiSeat,2,8,5,0,7,2437,0.292192778857104,0.553859742430574,0.4644160411438156,0.18340980524840014,2,8,5,0,0.2857142857142857,0.0,0.2,0.0,0.7142857142857143,1.0,0.8,1.0,0.13333333333333333,0.13333333333333333,0.23529411764705882,0.2127659574468085,0.26315789473684204,-0.7559289460184545,-0.7142857142857143,-0.8,0.2857142857142857,
m833_06_fill_holes_and_orientation.obj,m833,MultiSeat,0,10,7,0,7,2437,0.18054828916215085,0.5552938494852411,0.4174085451410438,0.0,0,10,7,0,0.0,0.0,0.0,0.0,1.0,1.0,1.0,1.0,0.0,0.0,,,,-1.0,-1.0,-1.0,0.0,
m834_06_fill_holes_and_orientation.obj,m834,MultiSeat,0,10,7,0,7,2437,0.14677693470995976,0.4118641492231129,0.40389274733528946,0.0,0,10,7,0,0.0,0.0,0.0,0.0,1.0,1.0,1.0,1.0,0.0,0.0,,,,-1.0,-1.0,-1.0,0.0,
m835_06_fill_holes_and_orientation.obj,m835,MultiSeat,1,9,6,0,7,2437,0.30495066305671553,0.5810697868783954,0.46442227493493565,0.09478836436955079,1,9,6,0,0.14285714285714285,0.0,0.1,0.0,0.8571428571428571,1.0,0.9,1.0,0.0625,0.0625,0.11764705882352941,0.10638297872340426,0.13157894736842102,-0.8783100656536799,-0.8571428571428572,-0.9,0.14285714285714285,
m836_06_fill_holes_and_orientation.obj,m836,MultiSeat,1,9,6,0,7,2437,0.7054986405457271,0.7846655016525472,0.529920068670504,0.06362078819895173,1,9,6,0,0.14285714285714285,0.0,0.1,0.0,0.8571428571428571,1.0,0.9,1.0,0.0625,0.0625,0.11764705882352941,0.10638297872340426,0.13157894736842102,-0.8783100656536799,-0.8571428571428572,-0.9,0.14285714285714285,
m837_06_fill_holes_and_orientation.obj,m837,MultiSeat,1,9,6,0,7,2437,0.34777080784042047,0.6228488394179995,0.48493105588831403,0.13886244387355456,1,9,6,0,0.14285714285714285,0.0,0.1,0.0,0.8571428571428571,1.0,0.9,1.0,0.0625,0.0625,0.11764705882352941,0.10638297872340426,0.13157894736842102,-0.8783100656536799,-0.8571428571428572,-0.9,0.14285714285714285,
m838_06_fill_holes_and_orientation.obj,m838,MultiSeat,2,8,5,0,7,2437,0.5166440874917131,0.6487007559928579,0.5402502271309056,0.2863459897524693,2,8,5,0,0.2857142857142857,0.0,0.2,0.0,0.7142857142857143,1.0,0.8,1.0,0.13333333333333333,0.13333333333333333,0.23529411764705882,0.2127659574468085,0.26315789473684204,-0.7559289460184545,-0.7142857142857143,-0.8,0.2857142857142857,
m839_06_fill_holes_and_orientation.obj,m839,MultiSeat,1,9,6,0,7,2437,0.3754562021470134,0.6311115754283327,0.5039519829245989,0.2200917662980802,1,9,6,0,0.14285714285714285,0.0,0.1,0.0,0.8571428571428571,1.0,0.9,1.0,0.0625,0.0625,0.11764705882352941,0.10638297872340426,0.13157894736842102,-0.8783100656536799,-0.8571428571428572,-0.9,0.14285714285714285,
m840_06_fill_holes_and_orientation.obj,m840,MultiSeat,2,8,5,0,7,2437,0.6959238720418456,0.7782927477871063,0.5399947087933726,0.16421958630632805,2,8,5,0,0.2857142857142857,0.0,0.2,0.0,0.7142857142857143,1.0,0.8,1.0,0.13333333333333333,0.13333333333333333,0.23529411764705882,0.2127659574468085,0.26315789473684204,-0.7559289460184545,-0.7142857142857143,-0.8,0.2857142857142857,
m841_06_fill_holes_and_orientation.obj,m841,MultiSeat,0,10,7,0,7,2437,0.17368979104557095,0.5868062150970634,0.41185066560687905,0.0,0,10,7,0,0.0,0.0,0.0,0.0,1.0,1.0,1.0,1.0,0.0,0.0,,,,-1.0,-1.0,-1.0,0.0,
m843_06_fill_holes_and_orientation.obj,m843,MultiSeat,6,4,0,0,6,2437,1.3013405684414747,0.704023097671238,0.6448672627484509,0.6339753813071975,6,4,0,0,1.0,0.0,0.6,,0.0,1.0,0.4,,0.6,0.6,0.7499999999999999,0.6521739130434783,0.8823529411764706,,0.0,,1.0,
m625_06_fill_holes_and_orientation.obj,m625,Musical_Instrument,2,8,5,0,7,2437,0.28886614546845085,0.7317335539925527,0.4784814204464062,0.20483424751859092,2,8,5,0,0.2857142857142857,0.0,0.2,0.0,0.7142857142857143,1.0,0.8,1.0,0.13333333333333333,0.13333333333333333,0.23529411764705882,0.2127659574468085,0.26315789473684204,-0.7559289460184545,-0.7142857142857143,-0.8,0.2857142857142857,
m626_06_fill_holes_and_orientation.obj,m626,Musical_Instrument,3,7,4,0,7,2437,0.44128096746832324,0.7401117087298303,0.5712172370034406,0.38113435412202007,3,7,4,0,0.42857142857142855,0.0,0.3,0.0,0.5714285714285714,1.0,0.7,1.0,0.21428571428571427,0.21428571428571427,0.3529411764705882,0.3191489361702127,0.3947368421052631,-0.6324555320336759,-0.5714285714285714,-0.7,0.42857142857142855,
m627_06_fill_holes_and_orientation.obj,m627,Musical_Instrument,0,10,6,0,6,2437,0.03102603243616427,0.5637567232105917,0.2920269655592156,0.0,0,10,6,0,0.0,0.0,0.0,0.0,1.0,1.0,1.0,1.0,0.0,0.0,,,,-1.0,-1.0,-1.0,0.0,
m628_06_fill_holes_and_orientation.obj,m628,Musical_Instrument,1,9,6,0,7,2437,0.184831803481294,0.7250724038063716,0.4216471436090955,0.07839826897867534,1,9,6,0,0.14285714285714285,0.0,0.1,0.0,0.8571428571428571,1.0,0.9,1.0,0.0625,0.0625,0.11764705882352941,0.10638297872340426,0.13157894736842102,-0.8783100656536799,-0.8571428571428572,-0.9,0.14285714285714285,
m629_06_fill_holes_and_orientation.obj,m629,Musical_Instrument,3,7,3,0,6,2437,0.49202079313144303,0.7275341332230038,0.5607126539400775,0.36792125721353286,3,7,3,0,0.5,0.0,0.3,0.0,0.5,1.0,0.7,1.0,0.23076923076923078,0.23076923076923078,0.37499999999999994,0.32608695652173914,0.4411764705882353,-0.5916079783099616,-0.5,-0.7,0.5,
m630_06_fill_holes_and_orientation.obj,m630,Musical_Instrument,1,9,6,0,7,2437,0.10249118740627292,0.6713280926768721,0.37814658268138296,0.08514311764162101,1,9,6,0,0.14285714285714285,0.0,0.1,0.0,0.8571428571428571,1.0,0.9,1.0,0.0625,0.0625,0.11764705882352941,0.10638297872340426,0.13157894736842102,-0.8783100656536799,-0.8571428571428572,-0.9,0.14285714285714285,
m631_06_fill_holes_and_orientation.obj,m631,Musical_Instrument,1,9,6,0,7,2437,0.092164544640757,0.6680802647910633,0.37091150312604226,0.1100458831490401,1,9,6,0,0.14285714285714285,0.0,0.1,0.0,0.8571428571428571,1.0,0.9,1.0,0.0625,0.0625,0.11764705882352941,0.10638297872340426,0.13157894736842102,-0.8783100656536799,-0.8571428571428572,-0.9,0.14285714285714285,
m632_06_fill_holes_and_orientation.obj,m632,Musical_Instrument,2,8,5,0,7,2437,0.2068807986295948,0.6886843194042201,0.44700137573033644,0.2122263659729146,2,8,5,0,0.2857142857142857,0.0,0.2,0.0,0.7142857142857143,1.0,0.8,1.0,0.13333333333333333,0.13333333333333333,0.23529411764705882,0.2127659574468085,0.26315789473684204,-0.7559289460184545,-0.7142857142857143,-0.8,0.2857142857142857,
m633_06_fill_holes_and_orientation.obj,m633,Musical_Instrument,0,10,7,0,7,2437,0.03369886897047618,0.5432767894083574,0.30488846951360965,0.0,0,10,7,0,0.0,0.0,0.0,0.0,1.0,1.0,1.0,1.0,0.0,0.0,,,,-1.0,-1.0,-1.0,0.0,
m634_06_fill_holes_and_orientation.obj,m634,Musical_Instrument,2,8,5,0,7,2437,0.25986308208753056,0.7569714522134878,0.479056741175122,0.2172607128522299,2,8,5,0,0.2857142857142857,0.0,0.2,0.0,0.7142857142857143,1.0,0.8,1.0,0.13333333333333333,0.13333333333333333,0.23529411764705882,0.2127659574468085,0.26315789473684204,-0.7559289460184545,-0.7142857142857143,-0.8,0.2857142857142857,
m635_06_fill_holes_and_orientation.obj,m635,Musical_Instrument,1,9,6,0,7,2437,0.1073494768674803,0.666652875465453,0.38443725192436823,0.1100458831490401,1,9,6,0,0.14285714285714285,0.0,0.1,0.0,0.8571428571428571,1.0,0.9,1.0,0.0625,0.0625,0.11764705882352941,0.10638297872340426,0.13157894736842102,-0.8783100656536799,-0.8571428571428572,-0.9,0.14285714285714285,
m637_06_fill_holes_and_orientation.obj,m637,Musical_Instrument,0,10,7,0,7,2437,0.16626395020650486,0.7480968142325197,0.4098871598930762,0.0,0,10,7,0,0.0,0.0,0.0,0.0,1.0,1.0,1.0,1.0,0.0,0.0,,,,-1.0,-1.0,-1.0,0.0,
m638_06_fill_holes_and_orientation.obj,m638,Musical_Instrument,2,8,5,0,7,2437,0.1708761389709151,0.5749482829954489,0.4109690941348528,0.23365080824310536,2,8,5,0,0.2857142857142857,0.0,0.2,0.0,0.7142857142857143,1.0,0.8,1.0,0.13333333333333333,0.13333333333333333,0.23529411764705882,0.2127659574468085,0.26315789473684204,-0.7559289460184545,-0.7142857142857143,-0.8,0.2857142857142857,
m639_06_fill_holes_and_orientation.obj,m639,Musical_Instrument,3,7,4,0,7,2437,0.3028979475126368,0.5549441456350849,0.4897088124614411,0.39375843764607205,3,7,4,0,0.42857142857142855,0.0,0.3,0.0,0.5714285714285714,1.0,0.7,1.0,0.21428571428571427,0.21428571428571427,0.3529411764705882,0.3191489361702127,0.3947368421052631,-0.6324555320336759,-0.5714285714285714,-0.7,0.42857142857142855,
m640_06_fill_holes_and_orientation.obj,m640,Musical_Instrument,0,10,7,0,7,2437,0.0371119226223808,0.6315887463798098,0.31031266864904206,0.0,0,10,7,0,0.0,0.0,0.0,0.0,1.0,1.0,1.0,1.0,0.0,0.0,,,,-1.0,-1.0,-1.0,0.0,
m641_06_fill_holes_and_orientation.obj,m641,Musical_Instrument,1,9,6,0,7,2437,0.09755199653085618,0.5443111294993794,0.36383804051884744,0.13886244387355456,1,9,6,0,0.14285714285714285,0.0,0.1,0.0,0.8571428571428571,1.0,0.9,1.0,0.0625,0.0625,0.11764705882352941,0.10638297872340426,0.13157894736842102,-0.8783100656536799,-0.8571428571428572,-0.9,0.14285714285714285,
m643_06_fill_holes_and_orientation.obj,m643,Musical_Instrument,1,9,6,0,7,2437,0.0950227944255615,0.4869466280513033,0.3598140343371015,0.13886244387355456,1,9,6,0,0.14285714285714285,0.0,0.1,0.0,0.8571428571428571,1.0,0.9,1.0,0.0625,0.0625,0.11764705882352941,0.10638297872340426,0.13157894736842102,-0.8783100656536799,-0.8571428571428572,-0.9,0.14285714285714285,
m644_06_fill_holes_and_orientation.obj,m644,Musical_Instrument,0,10,7,0,7,2437,0.02213576783388732,0.4204385601985933,0.28487175453537017,0.0,0,10,7,0,0.0,0.0,0.0,0.0,1.0,1.0,1.0,1.0,0.0,0.0,,,,-1.0,-1.0,-1.0,0.0,
m645_06_fill_holes_and_orientation.obj,m645,Musical_Instrument,1,9,6,0,7,2437,0.04063738693934956,0.4834091849400083,0.31397949266602404,0.06625422345438904,1,9,6,0,0.14285714285714285,0.0,0.1,0.0,0.8571428571428571,1.0,0.9,1.0,0.0625,0.0625,0.11764705882352941,0.10638297872340426,0.13157894736842102,-0.8783100656536799,-0.8571428571428572,-0.9,0.14285714285714285,
m646_06_fill_holes_and_orientation.obj,m646,Musical_Instrument,0,10,7,0,7,2437,0.02797972963428174,0.4558543649151841,0.2965444547220933,0.0,0,10,7,0,0.0,0.0,0.0,0.0,1.0,1.0,1.0,1.0,0.0,0.0,,,,-1.0,-1.0,-1.0,0.0,
m647_06_fill_holes_and_orientation.obj,m647,Musical_Instrument,0,10,7,0,7,2437,0.02967148256825331,0.5039925527513447,0.3012679502539917,0.0,0,10,7,0,0.0,0.0,0.0,0.0,1.0,1.0,1.0,1.0,0.0,0.0,,,,-1.0,-1.0,-1.0,0.0,
D00037_06_fill_holes_and_orientation.obj,d00037,NonWheelChair,0,10,7,0,7,2437,0.6049387893629595,0.8219341135550455,0.512263859467493,0.0,0,10,7,0,0.0,0.0,0.0,0.0,1.0,1.0,1.0,1.0,0.0,0.0,,,,-1.0,-1.0,-1.0,0.0,
D00101_06_fill_holes_and_orientation.obj,d00101,NonWheelChair,0,10,7,0,7,2437,0.2845551054948012,0.642164758877279,0.43683940034668284,0.0,0,10,7,0,0.0,0.0,0.0,0.0,1.0,1.0,1.0,1.0,0.0,0.0,,,,-1.0,-1.0,-1.0,0.0,
D00170_06_fill_holes_and_orientation.obj,d00170,NonWheelChair,7,3,0,0,7,2437,3.3129059671888266,0.8464954170289805,0.8000366609738777,0.7778721720600673,7,3,0,0,1.0,0.0,0.7,,0.0,1.0,0.3,,0.7,0.7,0.8235294117647058,0.7446808510638298,0.9210526315789475,,0.0,,1.0,
D00185_06_fill_holes_and_orientation.obj,d00185,NonWheelChair,6,4,1,0,7,2437,2.5113304161212864,0.8795384242562473,0.7498064373844813,0.6505132600483448,6,4,1,0,0.8571428571428571,0.0,0.6,0.0,0.14285714285714285,1.0,0.4,1.0,0.5454545454545454,0.5454545454545454,0.7058823529411764,0.6382978723404255,0.7894736842105262,-0.23904572186687872,-0.1428571428571429,-0.4,0.8571428571428571,
D00240_06_fill_holes_and_orientation.obj,d00240,NonWheelChair,1,9,6,0,7,2437,1.1865405951744297,0.8874998218129464,0.5809211641593686,0.07336392209936006,1,9,6,0,0.14285714285714285,0.0,0.1,0.0,0.8571428571428571,1.0,0.9,1.0,0.0625,0.0625,0.11764705882352941,0.10638297872340426,0.13157894736842102,-0.8783100656536799,-0.8571428571428572,-0.9,0.14285714285714285,
D00306_06_fill_holes_and_orientation.obj,d00306,NonWheelChair,0,10,7,0,7,2437,0.790343084952559,0.8396744166155864,0.5300866942371131,0.0,0,10,7,0,0.0,0.0,0.0,0.0,1.0,1.0,1.0,1.0,0.0,0.0,,,,-1.0,-1.0,-1.0,0.0,
D00357_06_fill_holes_and_orientation.obj,d00357,NonWheelChair,3,7,4,0,7,2437,0.7770517220259976,0.8251557354848826,0.5547867909144236,0.2899773651602119,3,7,4,0,0.42857142857142855,0.0,0.3,0.0,0.5714285714285714,1.0,0.7,1.0,0.21428571428571427,0.21428571428571427,0.3529411764705882,0.3191489361702127,0.3947368421052631,-0.6324555320336759,-0.5714285714285714,-0.7,0.42857142857142855,
D00419_06_fill_holes_and_orientation.obj,d00419,NonWheelChair,8,2,0,0,7,2437,2.9126023767843265,0.8219269860728999,0.7665436309692385,0.7877736340270853,8,2,0,0,1.0,0.0,0.8,,0.0,1.0,0.2,,0.8,0.8,0.888888888888889,0.8333333333333334,0.9523809523809523,,0.0,,1.0,
D00443_06_fill_holes_and_orientation.obj,d00443,NonWheelChair,2,8,5,0,7,2437,1.6570564312865703,0.8347707088993742,0.6300469791899921,0.16104258782393985,2,8,5,0,0.2857142857142857,0.0,0.2,0.0,0.7142857142857143,1.0,0.8,1.0,0.13333333333333333,0.13333333333333333,0.23529411764705882,0.2127659574468085,0.26315789473684204,-0.7559289460184545,-0.7142857142857143,-0.8,0.2857142857142857,
D00445_06_fill_holes_and_orientation.obj,d00445,NonWheelChair,9,1,0,0,7,2437,3.449729895605502,0.8394819745976536,0.8095842883545424,0.9363792118010483,9,1,0,0,1.0,0.0,0.9,,0.0,1.0,0.1,,0.9,0.9,0.9473684210526316,0.9183673469387754,0.9782608695652175,,0.0,,1.0,
D00480_06_fill_holes_and_orientation.obj,d00480,NonWheelChair,4,6,3,0,7,2437,1.0384619701502786,0.747359267865034,0.6188836965039137,0.5017493542077721,4,6,3,0,0.5714285714285714,0.0,0.4,0.0,0.42857142857142855,1.0,0.6,1.0,0.3076923076923077,0.3076923076923077,0.47058823529411764,0.425531914893617,0.5263157894736841,-0.50709255283711,-0.4285714285714286,-0.6,0.5714285714285714,
D00481_06_fill_holes_and_orientation.obj,d00481,NonWheelChair,5,5,2,0,7,2437,2.4773783152714484,0.8580205556585081,0.7007242381730278,0.40423836828118753,5,5,2,0,0.7142857142857143,0.0,0.5,0.0,0.2857142857142857,1.0,0.5,1.0,0.4166666666666667,0.4166666666666667,0.588235294117647,0.5319148936170213,0.6578947368421053,-0.37796447300922725,-0.2857142857142857,-0.5,0.7142857142857143,
D00512_06_fill_holes_and_orientation.obj,d00512,NonWheelChair,3,7,4,0,7,2437,1.6774813884486772,0.8791749226668187,0.6651557956350387,0.349966777951421,3,7,4,0,0.42857142857142855,0.0,0.3,0.0,0.5714285714285714,1.0,0.7,1.0,0.21428571428571427,0.21428571428571427,0.3529411764705882,0.3191489361702127,0.3947368421052631,-0.6324555320336759,-0.5714285714285714,-0.7,0.42857142857142855,
D00694_06_fill_holes_and_orientation.obj,d00694,NonWheelChair,2,8,5,0,7,2437,0.7017759490951665,0.8376430842040741,0.5307148371223749,0.1356854453911663,2,8,5,0,0.2857142857142857,0.0,0.2,0.0,0.7142857142857143,1.0,0.8,1.0,0.13333333333333333,0.13333333333333333,0.23529411764705882,0.2127659574468085,0.26315789473684204,-0.7559289460184545,-0.7142857142857143,-0.8,0.2857142857142857,
D00707_06_fill_holes_and_orientation.obj,d00707,NonWheelChair,0,10,7,0,7,2437,0.38215524482585234,0.7134253253695599,0.46797313751528313,0.0,0,10,7,0,0.0,0.0,0.0,0.0,1.0,1.0,1.0,1.0,0.0,0.0,,,,-1.0,-1.0,-1.0,0.0,
D00741_06_fill_holes_and_orientation.obj,d00741,NonWheelChair,7,3,0,0,7,2437,2.8130712079471656,0.8547918062465254,0.7410606842098169,0.6311443278613472,7,3,0,0,1.0,0.0,0.7,,0.0,1.0,0.3,,0.7,0.7,0.8235294117647058,0.7446808510638298,0.9210526315789475,,0.0,,1.0,
D00853_06_fill_holes_and_orientation.obj,d00853,NonWheelChair,3,7,4,0,7,2437,1.8084047667729357,0.8780915453806788,0.6452618896889362,0.22119341301481268,3,7,4,0,0.42857142857142855,0.0,0.3,0.0,0.5714285714285714,1.0,0.7,1.0,0.21428571428571427,0.21428571428571427,0.3529411764705882,0.3191489361702127,0.3947368421052631,-0.6324555320336759,-0.5714285714285714,-0.7,0.42857142857142855,
D00914_06_fill_holes_and_orientation.obj,d00914,NonWheelChair,2,8,5,0,7,2437,0.7534759010014136,0.8572864249975054,0.5373256911770633,0.1356854453911663,2,8,5,0,0.2857142857142857,0.0,0.2,0.0,0.7142857142857143,1.0,0.8,1.0,0.13333333333333333,0.13333333333333333,0.23529411764705882,0.2127659574468085,0.26315789473684204,-0.7559289460184545,-0.7142857142857143,-0.8,0.2857142857142857,
D00928_06_fill_holes_and_orientation.obj,d00928,NonWheelChair,4,6,3,0,7,2437,1.0740950777873708,0.7718706789639492,0.6165608112453915,0.4480300279758385,4,6,3,0,0.5714285714285714,0.0,0.4,0.0,0.42857142857142855,1.0,0.6,1.0,0.3076923076923077,0.3076923076923077,0.47058823529411764,0.425531914893617,0.5263157894736841,-0.50709255283711,-0.4285714285714286,-0.6,0.5714285714285714,
D00936_06_fill_holes_and_orientation.obj,d00936,NonWheelChair,3,7,4,0,7,2437,2.0426222464207116,0.8599235933913987,0.6651401930598839,0.23680742154717785,3,7,4,0,0.42857142857142855,0.0,0.3,0.0,0.5714285714285714,1.0,0.7,1.0,0.21428571428571427,0.21428571428571427,0.3529411764705882,0.3191489361702127,0.3947368421052631,-0.6324555320336759,-0.5714285714285714,-0.7,0.42857142857142855,
m785_06_fill_holes_and_orientation.obj,m785,NonWheelChair,3,7,4,0,7,2437,1.343132443782179,0.8898447634388676,0.6117780122339133,0.2457313285402064,3,7,4,0,0.42857142857142855,0.0,0.3,0.0,0.5714285714285714,1.0,0.7,1.0,0.21428571428571427,0.21428571428571427,0.3529411764705882,0.3191489361702127,0.3947368421052631,-0.6324555320336759,-0.5714285714285714,-0.7,0.42857142857142855,
m786_06_fill_holes_and_orientation.obj,m786,NonWheelChair,1,9,6,0,7,2437,0.7364674362844399,0.8663525822867814,0.5288601335884124,0.08514311764162101,1,9,6,0,0.14285714285714285,0.0,0.1,0.0,0.8571428571428571,1.0,0.9,1.0,0.0625,0.0625,0.11764705882352941,0.10638297872340426,0.13157894736842102,-0.8783100656536799,-0.8571428571428572,-0.9,0.14285714285714285,
m787_06_fill_holes_and_orientation.obj,m787,NonWheelChair,4,6,3,0,7,2437,2.1735738251985612,0.8635372268392467,0.722534189506751,0.513528549750033,4,6,3,0,0.5714285714285714,0.0,0.4,0.0,0.42857142857142855,1.0,0.6,1.0,0.3076923076923077,0.3076923076923077,0.47058823529411764,0.425531914893617,0.5263157894736841,-0.50709255283711,-0.4285714285714286,-0.6,0.5714285714285714,
m788_06_fill_holes_and_orientation.obj,m788,NonWheelChair,1,9,6,0,7,2437,0.3895783110641298,0.6974098729882682,0.47227674610477594,0.06362078819895173,1,9,6,0,0.14285714285714285,0.0,0.1,0.0,0.8571428571428571,1.0,0.9,1.0,0.0625,0.0625,0.11764705882352941,0.10638297872340426,0.13157894736842102,-0.8783100656536799,-0.8571428571428572,-0.9,0.14285714285714285,
m789_06_fill_holes_and_orientation.obj,m789,NonWheelChair,1,9,6,0,7,2437,1.4502187356512468,0.8546064917107383,0.6392809534799182,0.2200917662980802,1,9,6,0,0.14285714285714285,0.0,0.1,0.0,0.8571428571428571,1.0,0.9,1.0,0.0625,0.0625,0.11764705882352941,0.10638297872340426,0.13157894736842102,-0.8783100656536799,-0.8571428571428572,-0.9,0.14285714285714285,
m790_06_fill_holes_and_orientation.obj,m790,NonWheelChair,0,10,7,0,7,2437,1.2219059215442696,0.8647702812504454,0.578698173225537,0.0,0,10,7,0,0.0,0.0,0.0,0.0,1.0,1.0,1.0,1.0,0.0,0.0,,,,-1.0,-1.0,-1.0,0.0,
m791_06_fill_holes_and_orientation.obj,m791,NonWheelChair,0,10,7,0,7,2437,0.5354487227399615,0.8118130889082122,0.495052053686369,0.0,0,10,7,0,0.0,0.0,0.0,0.0,1.0,1.0,1.0,1.0,0.0,0.0,,,,-1.0,-1.0,-1.0,0.0,
m793_06_fill_holes_and_orientation.obj,m793,NonWheelChair,0,10,7,0,7,2437,1.032159415058149,0.8130390158372652,0.5544598324895564,0.0,0,10,7,0,0.0,0.0,0.0,0.0,1.0,1.0,1.0,1.0,0.0,0.0,,,,-1.0,-1.0,-1.0,0.0,
m794_06_fill_holes_and_orientation.obj,m794,NonWheelChair,5,5,2,0,7,2437,2.234656687918559,0.8250416957705522,0.6842618131950955,0.4105719800676482,5,5,2,0,0.7142857142857143,0.0,0.5,0.0,0.2857142857142857,1.0,0.5,1.0,0.4166666666666667,0.4166666666666667,0.588235294117647,0.5319148936170213,0.6578947368421053,-0.37796447300922725,-0.2857142857142857,-0.5,0.7142857142857143,
m795_06_fill_holes_and_orientation.obj,m795,NonWheelChair,1,9,6,0,7,2437,0.4718618638803936,0.7187139171216377,0.4951673351510421,0.1100458831490401,1,9,6,0,0.14285714285714285,0.0,0.1,0.0,0.8571428571428571,1.0,0.9,1.0,0.0625,0.0625,0.11764705882352941,0.10638297872340426,0.13157894736842102,-0.8783100656536799,-0.8571428571428572,-0.9,0.14285714285714285,
m796_06_fill_holes_and_orientation.obj,m796,NonWheelChair,1,9,6,0,7,2437,0.5900248712550964,0.7320280537697254,0.5186471688297387,0.1100458831490401,1,9,6,0,0.14285714285714285,0.0,0.1,0.0,0.8571428571428571,1.0,0.9,1.0,0.0625,0.0625,0.11764705882352941,0.10638297872340426,0.13157894736842102,-0.8783100656536799,-0.8571428571428572,-0.9,0.14285714285714285,
m797_06_fill_holes_and_orientation.obj,m797,NonWheelChair,1,9,6,0,7,2437,0.9642324078804253,0.7910578609000585,0.5598521311625148,0.07336392209936006,1,9,6,0,0.14285714285714285,0.0,0.1,0.0,0.8571428571428571,1.0,0.9,1.0,0.0625,0.0625,0.11764705882352941,0.10638297872340426,0.13157894736842102,-0.8783100656536799,-0.8571428571428572,-0.9,0.14285714285714285,
m798_06_fill_holes_and_orientation.obj,m798,NonWheelChair,0,10,7,0,7,2437,0.7838694857112184,0.8677495687873302,0.5297181049356555,0.0,0,10,7,0,0.0,0.0,0.0,0.0,1.0,1.0,1.0,1.0,0.0,0.0,,,,-1.0,-1.0,-1.0,0.0,
m799_06_fill_holes_and_orientation.obj,m799,NonWheelChair,2,8,5,0,7,2437,0.6222331768447631,0.8133098601588004,0.5244801516067652,0.17318663334822615,2,8,5,0,0.2857142857142857,0.0,0.2,0.0,0.7142857142857143,1.0,0.8,1.0,0.13333333333333333,0.13333333333333333,0.23529411764705882,0.2127659574468085,0.26315789473684204,-0.7559289460184545,-0.7142857142857143,-0.8,0.2857142857142857,
m800_06_fill_holes_and_orientation.obj,m800,NonWheelChair,1,9,6,0,7,2437,1.3254850384444616,0.8111716155151032,0.5939141292106288,0.06362078819895173,1,9,6,0,0.14285714285714285,0.0,0.1,0.0,0.8571428571428571,1.0,0.9,1.0,0.0625,0.0625,0.11764705882352941,0.10638297872340426,0.13157894736842102,-0.8783100656536799,-0.8571428571428572,-0.9,0.14285714285714285,
m801_06_fill_holes_and_orientation.obj,m801,NonWheelChair,2,8,4,0,6,2437,0.6069018594815069,0.7152214508702657,0.5076654766774281,0.17318663334822615,2,8,4,0,0.3333333333333333,0.0,0.2,0.0,0.6666666666666666,1.0,0.8,1.0,0.14285714285714285,0.14285714285714285,0.25,0.21739130434782608,0.29411764705882354,-0.7302967433402214,-0.6666666666666667,-0.8,0.3333333333333333,
m804_06_fill_holes_and_orientation.obj,m804,NonWheelChair,1,9,6,0,7,2437,0.7931912799411825,0.8738649484683041,0.5400400926068661,0.1100458831490401,1,9,6,0,0.14285714285714285,0.0,0.1,0.0,0.8571428571428571,1.0,0.9,1.0,0.0625,0.0625,0.11764705882352941,0.10638297872340426,0.13157894736842102,-0.8783100656536799,-0.8571428571428572,-0.9,0.14285714285714285,
m805_06_fill_holes_and_orientation.obj,m805,NonWheelChair,4,6,3,0,7,2437,1.002237405682172,0.7643511853002808,0.5818778535219961,0.32776097292662437,4,6,3,0,0.5714285714285714,0.0,0.4,0.0,0.42857142857142855,1.0,0.6,1.0,0.3076923076923077,0.3076923076923077,0.47058823529411764,0.425531914893617,0.5263157894736841,-0.50709255283711,-0.4285714285714286,-0.6,0.5714285714285714,
m806_06_fill_holes_and_orientation.obj,m806,NonWheelChair,0,10,7,0,7,2437,0.26156694308433853,0.6230060868697525,0.4295252842698794,0.0,0,10,7,0,0.0,0.0,0.0,0.0,1.0,1.0,1.0,1.0,0.0,0.0,,,,-1.0,-1.0,-1.0,0.0,
m807_06_fill_holes_and_orientation.obj,m807,NonWheelChair,5,5,2,0,7,2437,2.5376324666586747,0.8479779333152772,0.7080690718487612,0.429595510713961,5,5,2,0,0.7142857142857143,0.0,0.5,0.0,0.2857142857142857,1.0,0.5,1.0,0.4166666666666667,0.4166666666666667,0.588235294117647,0.5319148936170213,0.6578947368421053,-0.37796447300922725,-0.2857142857142857,-0.5,0.7142857142857143,
m808_06_fill_holes_and_orientation.obj,m808,NonWheelChair,3,7,4,0,7,2437,0.8759765142929521,0.7425197074881327,0.5938200956291764,0.39956887138389763,3,7,4,0,0.42857142857142855,0.0,0.3,0.0,0.5714285714285714,1.0,0.7,1.0,0.21428571428571427,0.21428571428571427,0.3529411764705882,0.3191489361702127,0.3947368421052631,-0.6324555320336759,-0.5714285714285714,-0.7,0.42857142857142855,
m809_06_fill_holes_and_orientation.obj,m809,NonWheelChair,0,10,7,0,7,2437,0.36282889985169053,0.7077732320280538,0.4575172543192205,0.0,0,10,7,0,0.0,0.0,0.0,0.0,1.0,1.0,1.0,1.0,0.0,0.0,,,,-1.0,-1.0,-1.0,0.0,
m810_06_fill_holes_and_orientation.obj,m810,NonWheelChair,7,3,0,0,7,2437,3.37535593046151,0.8460250032073671,0.8048924772184236,0.791726719367984,7,3,0,0,1.0,0.0,0.7,,0.0,1.0,0.3,,0.7,0.7,0.8235294117647058,0.7446808510638298,0.9210526315789475,,0.0,,1.0,
m811_06_fill_holes_and_orientation.obj,m811,NonWheelChair,7,3,0,0,7,2437,3.071892894759589,0.8619192883921826,0.7773475896465584,0.7191184989488185,7,3,0,0,1.0,0.0,0.7,,0.0,1.0,0.3,,0.7,0.7,0.8235294117647058,0.7446808510638298,0.9210526315789475,,0.0,,1.0,
m812_06_fill_holes_and_orientation.obj,m812,NonWheelChair,7,3,0,0,7,2437,3.244481146076027,0.8555829567646933,0.7984263015909244,0.7791714369672128,7,3,0,0,1.0,0.0,0.7,,0.0,1.0,0.3,,0.7,0.7,0.8235294117647058,0.7446808510638298,0.9210526315789475,,0.0,,1.0,
m813_06_fill_holes_and_orientation.obj,m813,NonWheelChair,5,5,2,0,7,2437,2.2681682535551384,0.818762384000228,0.7269899805309776,0.5801476231864474,5,5,2,0,0.7142857142857143,0.0,0.5,0.0,0.2857142857142857,1.0,0.5,1.0,0.4166666666666667,0.4166666666666667,0.588235294117647,0.5319148936170213,0.6578947368421053,-0.37796447300922725,-0.2857142857142857,-0.5,0.7142857142857143,
m814_06_fill_holes_and_orientation.obj,m814,NonWheelChair,5,5,2,0,7,2437,1.6879266908458825,0.798384912545794,0.650069699887003,0.4260276605334036,5,5,2,0,0.7142857142857143,0.0,0.5,0.0,0.2857142857142857,1.0,0.5,1.0,0.4166666666666667,0.4166666666666667,0.588235294117647,0.5319148936170213,0.6578947368421053,-0.37796447300922725,-0.2857142857142857,-0.5,0.7142857142857143,
m815_06_fill_holes_and_orientation.obj,m815,NonWheelChair,7,3,0,0,7,2437,3.082424886554805,0.8464027597610868,0.7848849394105406,0.7600791051976192,7,3,0,0,1.0,0.0,0.7,,0.0,1.0,0.3,,0.7,0.7,0.8235294117647058,0.7446808510638298,0.9210526315789475,,0.0,,1.0,
m816_06_fill_holes_and_orientation.obj,m816,NonWheelChair,7,3,0,0,7,2437,2.375319614307414,0.8128465738193327,0.7332238476121778,0.7093753650484101,7,3,0,0,1.0,0.0,0.7,,0.0,1.0,0.3,,0.7,0.7,0.8235294117647058,0.7446808510638298,0.9210526315789475,,0.0,,1.0,
m817_06_fill_holes_and_orientation.obj,m817,NonWheelChair,7,3,0,0,7,2437,3.087675828913567,0.862617781642457,0.7790587678725391,0.7215194105726963,7,3,0,0,1.0,0.0,0.7,,0.0,1.0,0.3,,0.7,0.7,0.8235294117647058,0.7446808510638298,0.9210526315789475,,0.0,,1.0,
m818_06_fill_holes_and_orientation.obj,m818,NonWheelChair,7,3,0,0,7,2437,3.4069639762342945,0.8431383729383759,0.8034334840147368,0.7778721720600673,7,3,0,0,1.0,0.0,0.7,,0.0,1.0,0.3,,0.7,0.7,0.8235294117647058,0.7446808510638298,0.9210526315789475,,0.0,,1.0,
m819_06_fill_holes_and_orientation.obj,m819,NonWheelChair,1,9,6,0,7,2437,0.8510053780601338,0.7978931162777438,0.5452637580327663,0.07839826897867534,1,9,6,0,0.14285714285714285,0.0,0.1,0.0,0.8571428571428571,1.0,0.9,1.0,0.0625,0.0625,0.11764705882352941,0.10638297872340426,0.13157894736842102,-0.8783100656536799,-0.8571428571428572,-0.9,0.14285714285714285,
m820_06_fill_holes_and_orientation.obj,m820,NonWheelChair,4,6,3,0,7,2437,1.7787913582511856,0.7878504939345127,0.6931646114324427,0.5199967979955746,4,6,3,0,0.5714285714285714,0.0,0.4,0.0,0.42857142857142855,1.0,0.6,1.0,0.3076923076923077,0.3076923076923077,0.47058823529411764,0.425531914893617,0.5263157894736841,-0.50709255283711,-0.4285714285714286,-0.6,0.5714285714285714,
m821_06_fill_holes_and_orientation.obj,m821,NonWheelChair,0,10,7,0,7,2437,0.39938102974327394,0.6938104945047112,0.47587591225224946,0.0,0,10,7,0,0.0,0.0,0.0,0.0,1.0,1.0,1.0,1.0,0.0,0.0,,,,-1.0,-1.0,-1.0,0.0,
m822_06_fill_holes_and_orientation.obj,m822,NonWheelChair,4,6,3,0,7,2437,1.3148866531992902,0.7584068651908027,0.650951485392869,0.513528549750033,4,6,3,0,0.5714285714285714,0.0,0.4,0.0,0.42857142857142855,1.0,0.6,1.0,0.3076923076923077,0.3076923076923077,0.47058823529411764,0.425531914893617,0.5263157894736841,-0.50709255283711,-0.4285714285714286,-0.6,0.5714285714285714,
m823_06_fill_holes_and_orientation.obj,m823,NonWheelChair,5,5,2,0,7,2437,1.8486366467732858,0.7838377214865077,0.6973113132656188,0.5771493379489848,5,5,2,0,0.7142857142857143,0.0,0.5,0.0,0.2857142857142857,1.0,0.5,1.0,0.4166666666666667,0.4166666666666667,0.588235294117647,0.5319148936170213,0.6578947368421053,-0.37796447300922725,-0.2857142857142857,-0.5,0.7142857142857143,
m824_06_fill_holes_and_orientation.obj,m824,NonWheelChair,6,4,1,0,7,2437,3.0196189642910007,0.864200082678793,0.7665318731064179,0.6082965289412682,6,4,1,0,0.8571428571428571,0.0,0.6,0.0,0.14285714285714285,1.0,0.4,1.0,0.5454545454545454,0.5454545454545454,0.7058823529411764,0.6382978723404255,0.7894736842105262,-0.23904572186687872,-0.1428571428571429,-0.4,0.8571428571428571,
m826_06_fill_holes_and_orientation.obj,m826,NonWheelChair,6,4,1,0,7,2437,2.5867815764354702,0.827600461860843,0.7123897668457472,0.5056427642465516,6,4,1,0,0.8571428571428571,0.0,0.6,0.0,0.14285714285714285,1.0,0.4,1.0,0.5454545454545454,0.5454545454545454,0.7058823529411764,0.6382978723404255,0.7894736842105262,-0.23904572186687872,-0.1428571428571429,-0.4,0.8571428571428571,
m827_06_fill_holes_and_orientation.obj,m827,NonWheelChair,3,7,4,0,7,2437,1.032077106601093,0.7627617567817992,0.6136219346769478,0.39327839964630634,3,7,4,0,0.42857142857142855,0.0,0.3,0.0,0.5714285714285714,1.0,0.7,1.0,0.21428571428571427,0.21428571428571427,0.3529411764705882,0.3191489361702127,0.3947368421052631,-0.6324555320336759,-0.5714285714285714,-0.7,0.42857142857142855,
m828_06_fill_holes_and_orientation.obj,m828,NonWheelChair,7,3,0,0,7,2437,2.9969957984745337,0.8348633661672678,0.7824961073256486,0.7788065869851875,7,3,0,0,1.0,0.0,0.7,,0.0,1.0,0.3,,0.7,0.7,0.8235294117647058,0.7446808510638298,0.9210526315789475,,0.0,,1.0,
D00008_06_fill_holes_and_orientation.obj,d00008,PianoBoard,0,10,7,0,7,2437,0.07377004712534108,0.8395803404292368,0.3476730157177957,0.0,0,10,7,0,0.0,0.0,0.0,0.0,1.0,1.0,1.0,1.0,0.0,0.0,,,,-1.0,-1.0,-1.0,0.0,
D00065_06_fill_holes_and_orientation.obj,d00065,PianoBoard,0,10,7,0,7,2437,0.012575811062794345,0.17776762004266247,0.25595673661057583,0.0,0,10,7,0,0.0,0.0,0.0,0.0,1.0,1.0,1.0,1.0,0.0,0.0,,,,-1.0,-1.0,-1.0,0.0,
D00075_06_fill_holes_and_orientation.obj,d00075,PianoBoard,4,6,3,0,7,2437,0.6102380153481601,0.8828087588698794,0.6471784019770674,0.5077181160122075,4,6,3,0,0.5714285714285714,0.0,0.4,0.0,0.42857142857142855,1.0,0.6,1.0,0.3076923076923077,0.3076923076923077,0.47058823529411764,0.425531914893617,0.5263157894736841,-0.50709255283711,-0.4285714285714286,-0.6,0.5714285714285714,
D00104_06_fill_holes_and_orientation.obj,d00104,PianoBoard,5,5,2,0,7,2437,0.8603295006137447,0.9261895433372513,0.7187763337805315,0.6172839611614819,5,5,2,0,0.7142857142857143,0.0,0.5,0.0,0.2857142857142857,1.0,0.5,1.0,0.4166666666666667,0.4166666666666667,0.588235294117647,0.5319148936170213,0.6578947368421053,-0.37796447300922725,-0.2857142857142857,-0.5,0.7142857142857143,
D00122_06_fill_holes_and_orientation.obj,d00122,PianoBoard,5,5,2,0,7,2437,0.8208615039058279,0.9440163684645859,0.7084152687267439,0.5621931439243355,5,5,2,0,0.7142857142857143,0.0,0.5,0.0,0.2857142857142857,1.0,0.5,1.0,0.4166666666666667,0.4166666666666667,0.588235294117647,0.5319148936170213,0.6578947368421053,-0.37796447300922725,-0.2857142857142857,-0.5,0.7142857142857143,
D00181_06_fill_holes_and_orientation.obj,d00181,PianoBoard,0,10,7,0,7,2437,0.12947970007813042,0.9053589308258239,0.38511725734488894,0.0,0,10,7,0,0.0,0.0,0.0,0.0,1.0,1.0,1.0,1.0,0.0,0.0,,,,-1.0,-1.0,-1.0,0.0,
D00212_06_fill_holes_and_orientation.obj,d00212,PianoBoard,0,10,7,0,7,2437,0.044782296535870236,0.6789430151060032,0.3213392608333599,0.0,0,10,7,0,0.0,0.0,0.0,0.0,1.0,1.0,1.0,1.0,0.0,0.0,,,,-1.0,-1.0,-1.0,0.0,
D00235_06_fill_holes_and_orientation.obj,d00235,PianoBoard,0,10,7,0,7,2437,0.012668254440142242,0.18209916851682553,0.2574472033526642,0.0,0,10,7,0,0.0,0.0,0.0,0.0,1.0,1.0,1.0,1.0,0.0,0.0,,,,-1.0,-1.0,-1.0,0.0,
D00253_06_fill_holes_and_orientation.obj,d00253,PianoBoard,2,8,5,0,7,2437,0.3165223850982657,0.8655696312742154,0.5105732201020208,0.23365080824310536,2,8,5,0,0.2857142857142857,0.0,0.2,0.0,0.7142857142857143,1.0,0.8,1.0,0.13333333333333333,0.13333333333333333,0.23529411764705882,0.2127659574468085,0.26315789473684204,-0.7559289460184545,-0.7142857142857143,-0.8,0.2857142857142857,
D00332_06_fill_holes_and_orientation.obj,d00332,PianoBoard,5,5,2,0,7,2437,0.8631607387437571,0.9137172957206914,0.7183286102100234,0.6371523797895857,5,5,2,0,0.7142857142857143,0.0,0.5,0.0,0.2857142857142857,1.0,0.5,1.0,0.4166666666666667,0.4166666666666667,0.588235294117647,0.5319148936170213,0.6578947368421053,-0.37796447300922725,-0.2857142857142857,-0.5,0.7142857142857143,
D00381_06_fill_holes_and_orientation.obj,d00381,PianoBoard,1,9,6,0,7,2437,0.10930667357159442,0.589830656044578,0.3822376606286321,0.13886244387355456,1,9,6,0,0.14285714285714285,0.0,0.1,0.0,0.8571428571428571,1.0,0.9,1.0,0.0625,0.0625,0.11764705882352941,0.10638297872340426,0.13157894736842102,-0.8783100656536799,-0.8571428571428572,-0.9,0.14285714285714285,
D00441_06_fill_holes_and_orientation.obj,d00441,PianoBoard,3,7,4,0,7,2437,0.49187724810277256,0.9392059553349876,0.5796074871448493,0.32227224912195473,3,7,4,0,0.42857142857142855,0.0,0.3,0.0,0.5714285714285714,1.0,0.7,1.0,0.21428571428571427,0.21428571428571427,0.3529411764705882,0.3191489361702127,0.3947368421052631,-0.6324555320336759,-0.5714285714285714,-0.7,0.42857142857142855,
D00460_06_fill_holes_and_orientation.obj,d00460,PianoBoard,2,8,5,0,7,2437,0.37233103067725976,0.9078185538287407,0.5372503153670745,0.24890832702259466,2,8,5,0,0.2857142857142857,0.0,0.2,0.0,0.7142857142857143,1.0,0.8,1.0,0.13333333333333333,0.13333333333333333,0.23529411764705882,0.2127659574468085,0.26315789473684204,-0.7559289460184545,-0.7142857142857143,-0.8,0.2857142857142857,
D00623_06_fill_holes_and_orientation.obj,d00623,PianoBoard,0,10,7,0,7,2437,0.0328934639277478,0.489269078403204,0.30403253531610874,0.0,0,10,7,0,0.0,0.0,0.0,0.0,1.0,1.0,1.0,1.0,0.0,0.0,,,,-1.0,-1.0,-1.0,0.0,
D00718_06_fill_holes_and_orientation.obj,d00718,PianoBoard,1,9,6,0,7,2437,0.07547866291481989,0.45045927473771274,0.34869658249603314,0.1100458831490401,1,9,6,0,0.14285714285714285,0.0,0.1,0.0,0.8571428571428571,1.0,0.9,1.0,0.0625,0.0625,0.11764705882352941,0.10638297872340426,0.13157894736842102,-0.8783100656536799,-0.8571428571428572,-0.9,0.14285714285714285,
D00721_06_fill_holes_and_orientation.obj,d00721,PianoBoard,3,7,4,0,7,2437,0.3253177197347264,0.8724696356275303,0.5127844911743511,0.2808815010511816,3,7,4,0,0.42857142857142855,0.0,0.3,0.0,0.5714285714285714,1.0,0.7,1.0,0.21428571428571427,0.21428571428571427,0.3529411764705882,0.3191489361702127,0.3947368421052631,-0.6324555320336759,-0.5714285714285714,-0.7,0.42857142857142855,
D00755_06_fill_holes_and_orientation.obj,d00755,PianoBoard,2,8,4,0,6,2437,0.49196902941420845,0.9188977406294894,0.531316475466722,0.17630010660342915,2,8,4,0,0.3333333333333333,0.0,0.2,0.0,0.6666666666666666,1.0,0.8,1.0,0.14285714285714285,0.14285714285714285,0.25,0.21739130434782608,0.29411764705882354,-0.7302967433402214,-0.6666666666666667,-0.8,0.3333333333333333,
D00885_06_fill_holes_and_orientation.obj,d00885,PianoBoard,2,8,5,0,7,2437,0.5362854451725632,0.9384441252013409,0.5796687765906922,0.20829366581033185,2,8,5,0,0.2857142857142857,0.0,0.2,0.0,0.7142857142857143,1.0,0.8,1.0,0.13333333333333333,0.13333333333333333,0.23529411764705882,0.2127659574468085,0.26315789473684204,-0.7559289460184545,-0.7142857142857143,-0.8,0.2857142857142857,
D00962_06_fill_holes_and_orientation.obj,d00962,PianoBoard,3,7,4,0,7,2437,0.4355785984318823,0.9433633712071743,0.5466794711404872,0.27358726976933645,3,7,4,0,0.42857142857142855,0.0,0.3,0.0,0.5714285714285714,1.0,0.7,1.0,0.21428571428571427,0.21428571428571427,0.3529411764705882,0.3191489361702127,0.3947368421052631,-0.6324555320336759,-0.5714285714285714,-0.7,0.42857142857142855,
D00966_06_fill_holes_and_orientation.obj,d00966,PianoBoard,3,7,4,0,7,2437,0.6530344415385121,0.9123677680553742,0.641520109802992,0.3557772116892466,3,7,4,0,0.42857142857142855,0.0,0.3,0.0,0.5714285714285714,1.0,0.7,1.0,0.21428571428571427,0.21428571428571427,0.3529411764705882,0.3191489361702127,0.3947368421052631,-0.6324555320336759,-0.5714285714285714,-0.7,0.42857142857142855,
D00049_06_fill_holes_and_orientation.obj,d00049,PlantIndoors,4,6,3,0,7,2437,0.8978876722584631,0.6823591554004359,0.5890330351313993,0.4354747455750673,4,6,3,0,0.5714285714285714,0.0,0.4,0.0,0.42857142857142855,1.0,0.6,1.0,0.3076923076923077,0.3076923076923077,0.47058823529411764,0.425531914893617,0.5263157894736841,-0.50709255283711,-0.4285714285714286,-0.6,0.5714285714285714,
D00073_06_fill_holes_and_orientation.obj,d00073,PlantIndoors,2,8,5,0,7,2437,0.6053566219293278,0.6310426445220043,0.5429244314676309,0.29849003527675555,2,8,5,0,0.2857142857142857,0.0,0.2,0.0,0.7142857142857143,1.0,0.8,1.0,0.13333333333333333,0.13333333333333333,0.23529411764705882,0.2127659574468085,0.26315789473684204,-0.7559289460184545,-0.7142857142857143,-0.8,0.2857142857142857,
D00080_06_fill_holes_and_orientation.obj,d00080,PlantIndoors,0,10,7,0,7,2437,0.44709254975295065,0.6599537315628301,0.4843814135417429,0.0,0,10,7,0,0.0,0.0,0.0,0.0,1.0,1.0,1.0,1.0,0.0,0.0,,,,-1.0,-1.0,-1.0,0.0,
D00087_06_fill_holes_and_orientation.obj,d00087,PlantIndoors,4,6,3,0,7,2437,1.4345000951752922,0.852041293911555,0.6582446652475289,0.5107164012496702,4,6,3,0,0.5714285714285714,0.0,0.4,0.0,0.42857142857142855,1.0,0.6,1.0,0.3076923076923077,0.3076923076923077,0.47058823529411764,0.425531914893617,0.5263157894736841,-0.50709255283711,-0.4285714285714286,-0.6,0.5714285714285714,
D00128_06_fill_holes_and_orientation.obj,d00128,PlantIndoors,2,8,5,0,7,2437,0.9907118442213794,0.7184445246787285,0.573048087392434,0.17318663334822615,2,8,5,0,0.2857142857142857,0.0,0.2,0.0,0.7142857142857143,1.0,0.8,1.0,0.13333333333333333,0.13333333333333333,0.23529411764705882,0.2127659574468085,0.26315789473684204,-0.7559289460184545,-0.7142857142857143,-0.8,0.2857142857142857,
D00159_06_fill_holes_and_orientation.obj,d00159,PlantIndoors,2,8,5,0,7,2437,0.8942960194165611,0.7113170457736591,0.5756035866888453,0.24890832702259466,2,8,5,0,0.2857142857142857,0.0,0.2,0.0,0.7142857142857143,1.0,0.8,1.0,0.13333333333333333,0.13333333333333333,0.23529411764705882,0.2127659574468085,0.26315789473684204,-0.7559289460184545,-0.7142857142857143,-0.8,0.2857142857142857,
D00238_06_fill_holes_and_orientation.obj,d00238,PlantIndoors,2,8,5,0,7,2437,1.543126850558157,0.8650927374600501,0.654856365910558,0.29849003527675555,2,8,5,0,0.2857142857142857,0.0,0.2,0.0,0.7142857142857143,1.0,0.8,1.0,0.13333333333333333,0.13333333333333333,0.23529411764705882,0.2127659574468085,0.26315789473684204,-0.7559289460184545,-0.7142857142857143,-0.8,0.2857142857142857,
D00280_06_fill_holes_and_orientation.obj,d00280,PlantIndoors,2,8,4,0,6,2437,1.0508315444224012,0.7926879822414784,0.5856760447954771,0.2895229882348575,2,8,4,0,0.3333333333333333,0.0,0.2,0.0,0.6666666666666666,1.0,0.8,1.0,0.14285714285714285,0.14285714285714285,0.25,0.21739130434782608,0.29411764705882354,-0.7302967433402214,-0.6666666666666667,-0.8,0.3333333333333333,
D00370_06_fill_holes_and_orientation.obj,d00370,PlantIndoors,4,6,2,0,6,2437,1.9048311376106406,0.8308193257645659,0.6699002218938724,0.46627747176364104,4,6,2,0,0.6666666666666666,0.0,0.4,0.0,0.3333333333333333,1.0,0.6,1.0,0.3333333333333333,0.3333333333333333,0.5,0.43478260869565216,0.5882352941176471,-0.4472135954999579,-0.33333333333333337,-0.6,0.6666666666666666,
D00379_06_fill_holes_and_orientation.obj,d00379,PlantIndoors,4,6,3,0,7,2437,1.4950747201105663,0.854862866236076,0.6532553390933911,0.4354747455750673,4,6,3,0,0.5714285714285714,0.0,0.4,0.0,0.42857142857142855,1.0,0.6,1.0,0.3076923076923077,0.3076923076923077,0.47058823529411764,0.425531914893617,0.5263157894736841,-0.50709255283711,-0.4285714285714286,-0.6,0.5714285714285714,
D00466_06_fill_holes_and_orientation.obj,d00466,PlantIndoors,2,8,5,0,7,2437,1.0137055309780287,0.7068841015766036,0.6068638121556842,0.35895421017163476,2,8,5,0,0.2857142857142857,0.0,0.2,0.0,0.7142857142857143,1.0,0.8,1.0,0.13333333333333333,0.13333333333333333,0.23529411764705882,0.2127659574468085,0.26315789473684204,-0.7559289460184545,-0.7142857142857143,-0.8,0.2857142857142857,
D00491_06_fill_holes_and_orientation.obj,d00491,PlantIndoors,4,6,3,0,7,2437,1.3190164660223143,0.832310346210936,0.6465969044087769,0.5077181160122075,4,6,3,0,0.5714285714285714,0.0,0.4,0.0,0.42857142857142855,1.0,0.6,1.0,0.3076923076923077,0.3076923076923077,0.47058823529411764,0.425531914893617,0.5263157894736841,-0.50709255283711,-0.4285714285714286,-0.6,0.5714285714285714,
D00595_06_fill_holes_and_orientation.obj,d00595,PlantIndoors,6,4,1,0,7,2437,1.8606965575376198,0.8434963426538826,0.6891496208088189,0.6032621820619529,6,4,1,0,0.8571428571428571,0.0,0.6,0.0,0.14285714285714285,1.0,0.4,1.0,0.5454545454545454,0.5454545454545454,0.7058823529411764,0.6382978723404255,0.7894736842105262,-0.23904572186687872,-0.1428571428571429,-0.4,0.8571428571428571,
D00609_06_fill_holes_and_orientation.obj,d00609,PlantIndoors,4,6,3,0,7,2437,1.7337363626915105,0.7855270723846968,0.6845075422797738,0.5231737964779629,4,6,3,0,0.5714285714285714,0.0,0.4,0.0,0.42857142857142855,1.0,0.6,1.0,0.3076923076923077,0.3076923076923077,0.47058823529411764,0.425531914893617,0.5263157894736841,-0.50709255283711,-0.4285714285714286,-0.6,0.5714285714285714,
D00622_06_fill_holes_and_orientation.obj,d00622,PlantIndoors,1,9,6,0,7,2437,0.8610625217732577,0.7626068118907209,0.5706127469154048,0.2200917662980802,1,9,6,0,0.14285714285714285,0.0,0.1,0.0,0.8571428571428571,1.0,0.9,1.0,0.0625,0.0625,0.11764705882352941,0.10638297872340426,0.13157894736842102,-0.8783100656536799,-0.8571428571428572,-0.9,0.14285714285714285,
D00624_06_fill_holes_and_orientation.obj,d00624,PlantIndoors,3,7,4,0,7,2437,1.3058860240722239,0.804529225337987,0.6350941669100264,0.37148910739409025,3,7,4,0,0.42857142857142855,0.0,0.3,0.0,0.5714285714285714,1.0,0.7,1.0,0.21428571428571427,0.21428571428571427,0.3529411764705882,0.3191489361702127,0.3947368421052631,-0.6324555320336759,-0.5714285714285714,-0.7,0.42857142857142855,
D00657_06_fill_holes_and_orientation.obj,d00657,PlantIndoors,2,8,5,0,7,2437,0.510834009098479,0.6022920260493976,0.5218601436365015,0.3052348839397012,2,8,5,0,0.2857142857142857,0.0,0.2,0.0,0.7142857142857143,1.0,0.8,1.0,0.13333333333333333,0.13333333333333333,0.23529411764705882,0.2127659574468085,0.26315789473684204,-0.7559289460184545,-0.7142857142857143,-0.8,0.2857142857142857,
D00667_06_fill_holes_and_orientation.obj,d00667,PlantIndoors,5,5,2,0,7,2437,1.6095947298331148,0.7605875824072958,0.6723658618243867,0.5797827732044221,5,5,2,0,0.7142857142857143,0.0,0.5,0.0,0.2857142857142857,1.0,0.5,1.0,0.4166666666666667,0.4166666666666667,0.588235294117647,0.5319148936170213,0.6578947368421053,-0.37796447300922725,-0.2857142857142857,-0.5,0.7142857142857143,
D00800_06_fill_holes_and_orientation.obj,d00800,PlantIndoors,5,5,2,0,7,2437,1.4784617712483887,0.7264813254703735,0.6521498284080371,0.5294438830372383,5,5,2,0,0.7142857142857143,0.0,0.5,0.0,0.2857142857142857,1.0,0.5,1.0,0.4166666666666667,0.4166666666666667,0.588235294117647,0.5319148936170213,0.6578947368421053,-0.37796447300922725,-0.2857142857142857,-0.5,0.7142857142857143,
D00968_06_fill_holes_and_orientation.obj,d00968,PlantIndoors,2,8,4,0,6,2437,1.1762671443453023,0.7082213396450971,0.5968292355691693,0.2837125544970319,2,8,4,0,0.3333333333333333,0.0,0.2,0.0,0.6666666666666666,1.0,0.8,1.0,0.14285714285714285,0.14285714285714285,0.25,0.21739130434782608,0.29411764705882354,-0.7302967433402214,-0.6666666666666667,-0.8,0.3333333333333333,
m1000_06_fill_holes_and_orientation.obj,m1000,PlantIndoors,4,6,3,0,7,2437,0.8823548353917648,0.6807076663858467,0.586840660212423,0.4315420454124846,4,6,3,0,0.5714285714285714,0.0,0.4,0.0,0.42857142857142855,1.0,0.6,1.0,0.3076923076923077,0.3076923076923077,0.47058823529411764,0.425531914893617,0.5263157894736841,-0.50709255283711,-0.4285714285714286,-0.6,0.5714285714285714,
m1001_06_fill_holes_and_orientation.obj,m1001,PlantIndoors,2,8,5,0,7,2437,0.6061382200271087,0.6311763683288536,0.5430869833294784,0.29849003527675555,2,8,5,0,0.2857142857142857,0.0,0.2,0.0,0.7142857142857143,1.0,0.8,1.0,0.13333333333333333,0.13333333333333333,0.23529411764705882,0.2127659574468085,0.26315789473684204,-0.7559289460184545,-0.7142857142857143,-0.8,0.2857142857142857,
m1002_06_fill_holes_and_orientation.obj,m1002,PlantIndoors,0,10,7,0,7,2437,0.697922215630075,0.788957088030382,0.5180090615334388,0.0,0,10,7,0,0.0,0.0,0.0,0.0,1.0,1.0,1.0,1.0,0.0,0.0,,,,-1.0,-1.0,-1.0,0.0,
m1003_06_fill_holes_and_orientation.obj,m1003,PlantIndoors,4,6,3,0,7,2437,1.4933207534541122,0.853859937684706,0.6565813804558195,0.4568991878452581,4,6,3,0,0.5714285714285714,0.0,0.4,0.0,0.42857142857142855,1.0,0.6,1.0,0.3076923076923077,0.3076923076923077,0.47058823529411764,0.425531914893617,0.5263157894736841,-0.50709255283711,-0.4285714285714286,-0.6,0.5714285714285714,
m1004_06_fill_holes_and_orientation.obj,m1004,PlantIndoors,4,6,3,0,7,2437,1.3847806804873415,0.7380952380952381,0.6493822199648973,0.5036067026046992,4,6,3,0,0.5714285714285714,0.0,0.4,0.0,0.42857142857142855,1.0,0.6,1.0,0.3076923076923077,0.3076923076923077,0.47058823529411764,0.425531914893617,0.5263157894736841,-0.50709255283711,-0.4285714285714286,-0.6,0.5714285714285714,
m1005_06_fill_holes_and_orientation.obj,m1005,PlantIndoors,1,9,6,0,7,2437,0.47161712276599804,0.64143967050454,0.5019450256905984,0.13886244387355456,1,9,6,0,0.14285714285714285,0.0,0.1,0.0,0.8571428571428571,1.0,0.9,1.0,0.0625,0.0625,0.11764705882352941,0.10638297872340426,0.13157894736842102,-0.8783100656536799,-0.8571428571428572,-0.9,0.14285714285714285,
m1006_06_fill_holes_and_orientation.obj,m1006,PlantIndoors,3,7,4,0,7,2437,0.7415646258602375,0.6677230847407765,0.5553788547459249,0.32730659600127,3,7,4,0,0.42857142857142855,0.0,0.3,0.0,0.5714285714285714,1.0,0.7,1.0,0.21428571428571427,0.21428571428571427,0.3529411764705882,0.3191489361702127,0.3947368421052631,-0.6324555320336759,-0.5714285714285714,-0.7,0.42857142857142855,
m1007_06_fill_holes_and_orientation.obj,m1007,PlantIndoors,4,6,2,0,6,2437,1.9042797256290613,0.8307658362418261,0.669857852569937,0.46627747176364104,4,6,2,0,0.6666666666666666,0.0,0.4,0.0,0.3333333333333333,1.0,0.6,1.0,0.3333333333333333,0.3333333333333333,0.5,0.43478260869565216,0.5882352941176471,-0.4472135954999579,-0.33333333333333337,-0.6,0.6666666666666666,
m1008_06_fill_holes_and_orientation.obj,m1008,PlantIndoors,5,5,2,0,7,2437,1.5983057050938307,0.745643946991883,0.6456974265989277,0.46035860613699897,5,5,2,0,0.7142857142857143,0.0,0.5,0.0,0.2857142857142857,1.0,0.5,1.0,0.4166666666666667,0.4166666666666667,0.588235294117647,0.5319148936170213,0.6578947368421053,-0.37796447300922725,-0.2857142857142857,-0.5,0.7142857142857143,
m1009_06_fill_holes_and_orientation.obj,m1009,PlantIndoors,6,4,1,0,7,2437,1.7600027876500106,0.8384683275163476,0.6847728300928801,0.6235540477207573,6,4,1,0,0.8571428571428571,0.0,0.6,0.0,0.14285714285714285,1.0,0.4,1.0,0.5454545454545454,0.5454545454545454,0.7058823529411764,0.6382978723404255,0.7894736842105262,-0.23904572186687872,-0.1428571428571429,-0.4,0.8571428571428571,
m1010_06_fill_holes_and_orientation.obj,m1010,PlantIndoors,1,9,6,0,7,2437,1.130863933235702,0.8207164921570987,0.5864382393405858,0.13886244387355456,1,9,6,0,0.14285714285714285,0.0,0.1,0.0,0.8571428571428571,1.0,0.9,1.0,0.0625,0.0625,0.11764705882352941,0.10638297872340426,0.13157894736842102,-0.8783100656536799,-0.8571428571428572,-0.9,0.14285714285714285,
m1011_06_fill_holes_and_orientation.obj,m1011,PlantIndoors,2,8,4,0,6,2437,1.0689821630549639,0.7003316350409863,0.5621238474399137,0.16354138662029635,2,8,4,0,0.3333333333333333,0.0,0.2,0.0,0.6666666666666666,1.0,0.8,1.0,0.14285714285714285,0.14285714285714285,0.25,0.21739130434782608,0.29411764705882354,-0.7302967433402214,-0.6666666666666667,-0.8,0.3333333333333333,
m1012_06_fill_holes_and_orientation.obj,m1012,PlantIndoors,4,6,3,0,7,2437,0.9810295660437628,0.6753921450635857,0.6053496483122011,0.5174612499126158,4,6,3,0,0.5714285714285714,0.0,0.4,0.0,0.42857142857142855,1.0,0.6,1.0,0.3076923076923077,0.3076923076923077,0.47058823529411764,0.425531914893617,0.5263157894736841,-0.50709255283711,-0.4285714285714286,-0.6,0.5714285714285714,
m1013_06_fill_holes_and_orientation.obj,m1013,PlantIndoors,5,5,2,0,7,2437,1.8188166645865864,0.8338414837993608,0.6957429773566276,0.6059848036189868,5,5,2,0,0.7142857142857143,0.0,0.5,0.0,0.2857142857142857,1.0,0.5,1.0,0.4166666666666667,0.4166666666666667,0.588235294117647,0.5319148936170213,0.6578947368421053,-0.37796447300922725,-0.2857142857142857,-0.5,0.7142857142857143,
m1014_06_fill_holes_and_orientation.obj,m1014,PlantIndoors,6,4,1,0,7,2437,1.9099619240633454,0.841624209357992,0.6910366049111871,0.5965173333990071,6,4,1,0,0.8571428571428571,0.0,0.6,0.0,0.14285714285714285,1.0,0.4,1.0,0.5454545454545454,0.5454545454545454,0.7058823529411764,0.6382978723404255,0.7894736842105262,-0.23904572186687872,-0.1428571428571429,-0.4,0.8571428571428571,
m1015_06_fill_holes_and_orientation.obj,m1015,PlantIndoors,0,10,7,0,7,2437,0.3157191366223165,0.5867600058838475,0.45594079252928293,0.0,0,10,7,0,0.0,0.0,0.0,0.0,1.0,1.0,1.0,1.0,0.0,0.0,,,,-1.0,-1.0,-1.0,0.0,
m1016_06_fill_holes_and_orientation.obj,m1016,PlantIndoors,2,8,5,0,7,2437,0.9006136088055464,0.7018427140583838,0.5735638192936716,0.24890832702259466,2,8,5,0,0.2857142857142857,0.0,0.2,0.0,0.7142857142857143,1.0,0.8,1.0,0.13333333333333333,0.13333333333333333,0.23529411764705882,0.2127659574468085,0.26315789473684204,-0.7559289460184545,-0.7142857142857143,-0.8,0.2857142857142857,
m1017_06_fill_holes_and_orientation.obj,m1017,PlantIndoors,1,9,6,0,7,2437,0.8575914575081686,0.761289632393255,0.5701388217635285,0.2200917662980802,1,9,6,0,0.14285714285714285,0.0,0.1,0.0,0.8571428571428571,1.0,0.9,1.0,0.0625,0.0625,0.11764705882352941,0.10638297872340426,0.13157894736842102,-0.8783100656536799,-0.8571428571428572,-0.9,0.14285714285714285,
m1018_06_fill_holes_and_orientation.obj,m1018,PlantIndoors,4,6,3,0,7,2437,1.4674675226574405,0.8127131223171661,0.652777327295235,0.4518648409659428,4,6,3,0,0.5714285714285714,0.0,0.4,0.0,0.42857142857142855,1.0,0.6,1.0,0.3076923076923077,0.3076923076923077,0.47058823529411764,0.425531914893617,0.5263157894736841,-0.50709255283711,-0.4285714285714286,-0.6,0.5714285714285714,
m1020_06_fill_holes_and_orientation.obj,m1020,PlantIndoors,2,8,5,0,7,2437,1.4876638174912873,0.8648453484173788,0.6466631895057577,0.2837125544970319,2,8,5,0,0.2857142857142857,0.0,0.2,0.0,0.7142857142857143,1.0,0.8,1.0,0.13333333333333333,0.13333333333333333,0.23529411764705882,0.2127659574468085,0.26315789473684204,-0.7559289460184545,-0.7142857142857143,-0.8,0.2857142857142857,
m1021_06_fill_holes_and_orientation.obj,m1021,PlantIndoors,2,8,4,0,6,2437,1.1581928403432842,0.7054398844626308,0.5968531534632355,0.29345568839744024,2,8,4,0,0.3333333333333333,0.0,0.2,0.0,0.6666666666666666,1.0,0.8,1.0,0.14285714285714285,0.14285714285714285,0.25,0.21739130434782608,0.29411764705882354,-0.7302967433402214,-0.6666666666666667,-0.8,0.3333333333333333,
m1022_06_fill_holes_and_orientation.obj,m1022,PlantIndoors,2,8,4,0,6,2437,1.050487525675909,0.7926010617670264,0.5856399465569284,0.2895229882348575,2,8,4,0,0.3333333333333333,0.0,0.2,0.0,0.6666666666666666,1.0,0.8,1.0,0.14285714285714285,0.14285714285714285,0.25,0.21739130434782608,0.29411764705882354,-0.7302967433402214,-0.6666666666666667,-0.8,0.3333333333333333,
m1023_06_fill_holes_and_orientation.obj,m1023,PlantIndoors,2,8,5,0,7,2437,1.0145362129195556,0.7065230472981106,0.6069522395608945,0.35895421017163476,2,8,5,0,0.2857142857142857,0.0,0.2,0.0,0.7142857142857143,1.0,0.8,1.0,0.13333333333333333,0.13333333333333333,0.23529411764705882,0.2127659574468085,0.26315789473684204,-0.7559289460184545,-0.7142857142857143,-0.8,0.2857142857142857,
m1025_06_fill_holes_and_orientation.obj,m1025,PlantIndoors,4,6,3,0,7,2437,1.5603689306244966,0.7925542584346291,0.6687840273014323,0.5107164012496702,4,6,3,0,0.5714285714285714,0.0,0.4,0.0,0.42857142857142855,1.0,0.6,1.0,0.3076923076923077,0.3076923076923077,0.47058823529411764,0.425531914893617,0.5263157894736841,-0.50709255283711,-0.4285714285714286,-0.6,0.5714285714285714,
m1026_06_fill_holes_and_orientation.obj,m1026,PlantIndoors,0,10,7,0,7,2437,0.6971666256166874,0.7595044195718164,0.5199387752019918,0.0,0,10,7,0,0.0,0.0,0.0,0.0,1.0,1.0,1.0,1.0,0.0,0.0,,,,-1.0,-1.0,-1.0,0.0,
m1027_06_fill_holes_and_orientation.obj,m1027,PlantIndoors,4,6,3,0,7,2437,1.4126180767942533,0.8505435872748426,0.6560546396545207,0.5107164012496702,4,6,3,0,0.5714285714285714,0.0,0.4,0.0,0.42857142857142855,1.0,0.6,1.0,0.3076923076923077,0.3076923076923077,0.47058823529411764,0.425531914893617,0.5263157894736841,-0.50709255283711,-0.4285714285714286,-0.6,0.5714285714285714,
m1029_06_fill_holes_and_orientation.obj,m1029,PlantIndoors,0,10,7,0,7,2437,0.48120034463123995,0.6615116139126249,0.4916607107095002,0.0,0,10,7,0,0.0,0.0,0.0,0.0,1.0,1.0,1.0,1.0,0.0,0.0,,,,-1.0,-1.0,-1.0,0.0,
m1030_06_fill_holes_and_orientation.obj,m1030,PlantIndoors,1,9,6,0,7,2437,0.6410646046541767,0.6732458779636539,0.525570583972579,0.09478836436955079,1,9,6,0,0.14285714285714285,0.0,0.1,0.0,0.8571428571428571,1.0,0.9,1.0,0.0625,0.0625,0.11764705882352941,0.10638297872340426,0.13157894736842102,-0.8783100656536799,-0.8571428571428572,-0.9,0.14285714285714285,
m1031_06_fill_holes_and_orientation.obj,m1031,PlantIndoors,1,9,6,0,7,2437,1.1463061616297594,0.7734584988165443,0.5780323484617468,0.07336392209936006,1,9,6,0,0.14285714285714285,0.0,0.1,0.0,0.8571428571428571,1.0,0.9,1.0,0.0625,0.0625,0.11764705882352941,0.10638297872340426,0.13157894736842102,-0.8783100656536799,-0.8571428571428572,-0.9,0.14285714285714285,
m1032_06_fill_holes_and_orientation.obj,m1032,PlantIndoors,0,10,7,0,7,2437,0.462198262833002,0.6786817507120791,0.4825001550987825,0.0,0,10,7,0,0.0,0.0,0.0,0.0,1.0,1.0,1.0,1.0,0.0,0.0,,,,-1.0,-1.0,-1.0,0.0,
m1033_06_fill_holes_and_orientation.obj,m1033,PlantIndoors,0,10,7,0,7,2437,0.2447758121309833,0.5440954253085677,0.4277408767979506,0.0,0,10,7,0,0.0,0.0,0.0,0.0,1.0,1.0,1.0,1.0,0.0,0.0,,,,-1.0,-1.0,-1.0,0.0,
m1034_06_fill_holes_and_orientation.obj,m1034,PlantIndoors,0,10,7,0,7,2437,0.272775186877589,0.5799467779248739,0.43605030061191946,0.0,0,10,7,0,0.0,0.0,0.0,0.0,1.0,1.0,1.0,1.0,0.0,0.0,,,,-1.0,-1.0,-1.0,0.0,
m1035_06_fill_holes_and_orientation.obj,m1035,PlantIndoors,0,10,7,0,7,2437,0.30328014512638396,0.640323076717348,0.4396000530062436,0.0,0,10,7,0,0.0,0.0,0.0,0.0,1.0,1.0,1.0,1.0,0.0,0.0,,,,-1.0,-1.0,-1.0,0.0,
m1036_06_fill_holes_and_orientation.obj,m1036,PlantIndoors,1,9,6,0,7,2437,0.3377476526486638,0.6062101335900831,0.46408980460226507,0.08514311764162101,1,9,6,0,0.14285714285714285,0.0,0.1,0.0,0.8571428571428571,1.0,0.9,1.0,0.0625,0.0625,0.11764705882352941,0.10638297872340426,0.13157894736842102,-0.8783100656536799,-0.8571428571428572,-0.9,0.14285714285714285,
m989_06_fill_holes_and_orientation.obj,m989,PlantIndoors,1,9,6,0,7,2437,0.9268359773734146,0.7931225846137389,0.5597260530008233,0.06943122193677728,1,9,6,0,0.14285714285714285,0.0,0.1,0.0,0.8571428571428571,1.0,0.9,1.0,0.0625,0.0625,0.11764705882352941,0.10638297872340426,0.13157894736842102,-0.8783100656536799,-0.8571428571428572,-0.9,0.14285714285714285,
m990_06_fill_holes_and_orientation.obj,m990,PlantIndoors,3,7,4,0,7,2437,1.0781519140012534,0.8228092697342908,0.6096388369939366,0.3557772116892466,3,7,4,0,0.42857142857142855,0.0,0.3,0.0,0.5714285714285714,1.0,0.7,1.0,0.21428571428571427,0.21428571428571427,0.3529411764705882,0.3191489361702127,0.3947368421052631,-0.6324555320336759,-0.5714285714285714,-0.7,0.42857142857142855,
m991_06_fill_holes_and_orientation.obj,m991,PlantIndoors,2,8,5,0,7,2437,0.5542073884568725,0.6763549564729008,0.5082918942702458,0.1356854453911663,2,8,5,0,0.2857142857142857,0.0,0.2,0.0,0.7142857142857143,1.0,0.8,1.0,0.13333333333333333,0.13333333333333333,0.23529411764705882,0.2127659574468085,0.26315789473684204,-0.7559289460184545,-0.7142857142857143,-0.8,0.2857142857142857,
m992_06_fill_holes_and_orientation.obj,m992,PlantIndoors,0,10,7,0,7,2437,0.40947346701245646,0.7048916168545486,0.46385341425061427,0.0,0,10,7,0,0.0,0.0,0.0,0.0,1.0,1.0,1.0,1.0,0.0,0.0,,,,-1.0,-1.0,-1.0,0.0,
m993_06_fill_holes_and_orientation.obj,m993,PlantIndoors,0,10,7,0,7,2437,0.15333580595409305,0.28973937230045066,0.3896115407735383,0.0,0,10,7,0,0.0,0.0,0.0,0.0,1.0,1.0,1.0,1.0,0.0,0.0,,,,-1.0,-1.0,-1.0,0.0,
m994_06_fill_holes_and_orientation.obj,m994,PlantIndoors,0,10,7,0,7,2437,0.7264540801391027,0.6872133295890668,0.530742333612891,0.0,0,10,7,0,0.0,0.0,0.0,0.0,1.0,1.0,1.0,1.0,0.0,0.0,,,,-1.0,-1.0,-1.0,0.0,
m995_06_fill_holes_and_orientation.obj,m995,PlantIndoors,0,10,6,0,6,2437,0.6378642130963658,0.7609954400181864,0.4976704421387028,0.0,0,10,6,0,0.0,0.0,0.0,0.0,1.0,1.0,1.0,1.0,0.0,0.0,,,,-1.0,-1.0,-1.0,0.0,
m996_06_fill_holes_and_orientation.obj,m996,PlantIndoors,0,10,7,0,7,2437,0.33736872036361865,0.6230727056337839,0.4551007514922962,0.0,0,10,7,0,0.0,0.0,0.0,0.0,1.0,1.0,1.0,1.0,0.0,0.0,,,,-1.0,-1.0,-1.0,0.0,
m997_06_fill_holes_and_orientation.obj,m997,PlantIndoors,0,10,7,0,7,2437,0.787995353723004,0.80689613671922,0.5245483022672769,0.0,0,10,7,0,0.0,0.0,0.0,0.0,1.0,1.0,1.0,1.0,0.0,0.0,,,,-1.0,-1.0,-1.0,0.0,
m999_06_fill_holes_and_orientation.obj,m999,PlantIndoors,3,7,4,0,7,2437,0.4309558160219741,0.6120672363300839,0.48835077062049154,0.21538297927698713,3,7,4,0,0.42857142857142855,0.0,0.3,0.0,0.5714285714285714,1.0,0.7,1.0,0.21428571428571427,0.21428571428571427,0.3529411764705882,0.3191489361702127,0.3947368421052631,-0.6324555320336759,-0.5714285714285714,-0.7,0.42857142857142855,
m1052_06_fill_holes_and_orientation.obj,m1052,PlantWildNonTree,0,10,7,0,7,2437,0.134406914689105,0.78257048092869,0.3985970764524575,0.0,0,10,7,0,0.0,0.0,0.0,0.0,1.0,1.0,1.0,1.0,0.0,0.0,,,,-1.0,-1.0,-1.0,0.0,
m961_06_fill_holes_and_orientation.obj,m961,PlantWildNonTree,0,10,7,0,7,2437,0.028066417186281143,0.3619402985074627,0.2996316582315946,0.0,0,10,7,0,0.0,0.0,0.0,0.0,1.0,1.0,1.0,1.0,0.0,0.0,,,,-1.0,-1.0,-1.0,0.0,
m962_06_fill_holes_and_orientation.obj,m962,PlantWildNonTree,1,9,6,0,7,2437,0.23632962425569798,0.8270315091210614,0.4439664540889926,0.06625422345438904,1,9,6,0,0.14285714285714285,0.0,0.1,0.0,0.8571428571428571,1.0,0.9,1.0,0.0625,0.0625,0.11764705882352941,0.10638297872340426,0.13157894736842102,-0.8783100656536799,-0.8571428571428572,-0.9,0.14285714285714285,
m963_06_fill_holes_and_orientation.obj,m963,PlantWildNonTree,1,9,6,0,7,2437,0.27478801860977625,0.8345439469320066,0.46954972176626747,0.1100458831490401,1,9,6,0,0.14285714285714285,0.0,0.1,0.0,0.8571428571428571,1.0,0.9,1.0,0.0625,0.0625,0.11764705882352941,0.10638297872340426,0.13157894736842102,-0.8783100656536799,-0.8571428571428572,-0.9,0.14285714285714285,
m964_06_fill_holes_and_orientation.obj,m964,PlantWildNonTree,2,8,5,0,7,2437,0.31560989100421305,0.817363184079602,0.5108044915064227,0.2837125544970319,2,8,5,0,0.2857142857142857,0.0,0.2,0.0,0.7142857142857143,1.0,0.8,1.0,0.13333333333333333,0.13333333333333333,0.23529411764705882,0.2127659574468085,0.26315789473684204,-0.7559289460184545,-0.7142857142857143,-0.8,0.2857142857142857,
m965_06_fill_holes_and_orientation.obj,m965,PlantWildNonTree,2,8,5,0,7,2437,0.3343572857006916,0.8208789386401326,0.5200897046016868,0.29345568839744024,2,8,5,0,0.2857142857142857,0.0,0.2,0.0,0.7142857142857143,1.0,0.8,1.0,0.13333333333333333,0.13333333333333333,0.23529411764705882,0.2127659574468085,0.26315789473684204,-0.7559289460184545,-0.7142857142857143,-0.8,0.2857142857142857,
m966_06_fill_holes_and_orientation.obj,m966,PlantWildNonTree,0,10,6,0,6,2437,0.09007849358689689,0.7440464344941957,0.3479416113264978,0.0,0,10,6,0,0.0,0.0,0.0,0.0,1.0,1.0,1.0,1.0,0.0,0.0,,,,-1.0,-1.0,-1.0,0.0,
m967_06_fill_holes_and_orientation.obj,m967,PlantWildNonTree,0,10,7,0,7,2437,0.16954195924628718,0.8116252072968491,0.4114134051270715,0.0,0,10,7,0,0.0,0.0,0.0,0.0,1.0,1.0,1.0,1.0,0.0,0.0,,,,-1.0,-1.0,-1.0,0.0,
m968_06_fill_holes_and_orientation.obj,m968,PlantWildNonTree,2,8,5,0,7,2437,0.2962776336407054,0.8257379767827528,0.47846756437698323,0.17318663334822615,2,8,5,0,0.2857142857142857,0.0,0.2,0.0,0.7142857142857143,1.0,0.8,1.0,0.13333333333333333,0.13333333333333333,0.23529411764705882,0.2127659574468085,0.26315789473684204,-0.7559289460184545,-0.7142857142857143,-0.8,0.2857142857142857,
m971_06_fill_holes_and_orientation.obj,m971,PlantWildNonTree,2,8,5,0,7,2437,0.3823090365418465,0.8382752902155888,0.5408350154400781,0.314880130667631,2,8,5,0,0.2857142857142857,0.0,0.2,0.0,0.7142857142857143,1.0,0.8,1.0,0.13333333333333333,0.13333333333333333,0.23529411764705882,0.2127659574468085,0.26315789473684204,-0.7559289460184545,-0.7142857142857143,-0.8,0.2857142857142857,
m972_06_fill_holes_and_orientation.obj,m972,PlantWildNonTree,1,9,6,0,7,2437,0.22481015053016962,0.8363847429519071,0.4416146657404643,0.06625422345438904,1,9,6,0,0.14285714285714285,0.0,0.1,0.0,0.8571428571428571,1.0,0.9,1.0,0.0625,0.0625,0.11764705882352941,0.10638297872340426,0.13157894736842102,-0.8783100656536799,-0.8571428571428572,-0.9,0.14285714285714285,
m973_06_fill_holes_and_orientation.obj,m973,PlantWildNonTree,1,9,6,0,7,2437,0.18357837033029742,0.8097844112769487,0.42542747719385654,0.07839826897867534,1,9,6,0,0.14285714285714285,0.0,0.1,0.0,0.8571428571428571,1.0,0.9,1.0,0.0625,0.0625,0.11764705882352941,0.10638297872340426,0.13157894736842102,-0.8783100656536799,-0.8571428571428572,-0.9,0.14285714285714285,
m974_06_fill_holes_and_orientation.obj,m974,PlantWildNonTree,0,10,7,0,7,2437,0.12840902874837842,0.8071310116086237,0.38560606983470047,0.0,0,10,7,0,0.0,0.0,0.0,0.0,1.0,1.0,1.0,1.0,0.0,0.0,,,,-1.0,-1.0,-1.0,0.0,
m976_06_fill_holes_and_orientation.obj,m976,PlantWildNonTree,0,10,7,0,7,2437,0.04650444536296365,0.6123880597014926,0.32198222478502087,0.0,0,10,7,0,0.0,0.0,0.0,0.0,1.0,1.0,1.0,1.0,0.0,0.0,,,,-1.0,-1.0,-1.0,0.0,
m977_06_fill_holes_and_orientation.obj,m977,PlantWildNonTree,1,9,6,0,7,2437,0.2658471259649283,0.815804311774461,0.4760588474509865,0.13886244387355456,1,9,6,0,0.14285714285714285,0.0,0.1,0.0,0.8571428571428571,1.0,0.9,1.0,0.0625,0.0625,0.11764705882352941,0.10638297872340426,0.13157894736842102,-0.8783100656536799,-0.8571428571428572,-0.9,0.14285714285714285,
m978_06_fill_holes_and_orientation.obj,m978,PlantWildNonTree,2,8,5,0,7,2437,0.3115206565294681,0.8334991708126037,0.48801975483470034,0.20483424751859092,2,8,5,0,0.2857142857142857,0.0,0.2,0.0,0.7142857142857143,1.0,0.8,1.0,0.13333333333333333,0.13333333333333333,0.23529411764705882,0.2127659574468085,0.26315789473684204,-0.7559289460184545,-0.7142857142857143,-0.8,0.2857142857142857,
m979_06_fill_holes_and_orientation.obj,m979,PlantWildNonTree,0,10,7,0,7,2437,0.25404209592071647,0.8413432835820895,0.4411995366920098,0.0,0,10,7,0,0.0,0.0,0.0,0.0,1.0,1.0,1.0,1.0,0.0,0.0,,,,-1.0,-1.0,-1.0,0.0,
m980_06_fill_holes_and_orientation.obj,m980,PlantWildNonTree,2,8,5,0,7,2437,0.26663713524418864,0.8158374792703151,0.4763526962039977,0.20511666732794362,2,8,5,0,0.2857142857142857,0.0,0.2,0.0,0.7142857142857143,1.0,0.8,1.0,0.13333333333333333,0.13333333333333333,0.23529411764705882,0.2127659574468085,0.26315789473684204,-0.7559289460184545,-0.7142857142857143,-0.8,0.2857142857142857,
m981_06_fill_holes_and_orientation.obj,m981,PlantWildNonTree,1,9,6,0,7,2437,0.1107495568858297,0.7654892205638474,0.3844763803815703,0.06943122193677728,1,9,6,0,0.14285714285714285,0.0,0.1,0.0,0.8571428571428571,1.0,0.9,1.0,0.0625,0.0625,0.11764705882352941,0.10638297872340426,0.13157894736842102,-0.8783100656536799,-0.8571428571428572,-0.9,0.14285714285714285,
m982_06_fill_holes_and_orientation.obj,m982,PlantWildNonTree,0,10,7,0,7,2437,0.14486266272137968,0.8019734660033168,0.40161347953250004,0.0,0,10,7,0,0.0,0.0,0.0,0.0,1.0,1.0,1.0,1.0,0.0,0.0,,,,-1.0,-1.0,-1.0,0.0,
m983_06_fill_holes_and_orientation.obj,m983,PlantWildNonTree,0,10,7,0,7,2437,0.11538482348169998,0.773714759535655,0.38194923844645035,0.0,0,10,7,0,0.0,0.0,0.0,0.0,1.0,1.0,1.0,1.0,0.0,0.0,,,,-1.0,-1.0,-1.0,0.0,
m984_06_fill_holes_and_orientation.obj,m984,PlantWildNonTree,1,9,6,0,7,2437,0.3744259239770367,0.8318739635157546,0.5361048337523043,0.2200917662980802,1,9,6,0,0.14285714285714285,0.0,0.1,0.0,0.8571428571428571,1.0,0.9,1.0,0.0625,0.0625,0.11764705882352941,0.10638297872340426,0.13157894736842102,-0.8783100656536799,-0.8571428571428572,-0.9,0.14285714285714285,
m985_06_fill_holes_and_orientation.obj,m985,PlantWildNonTree,0,10,7,0,7,2437,0.08263091370939668,0.7309618573797678,0.3598752293390513,0.0,0,10,7,0,0.0,0.0,0.0,0.0,1.0,1.0,1.0,1.0,0.0,0.0,,,,-1.0,-1.0,-1.0,0.0,
m986_06_fill_holes_and_orientation.obj,m986,PlantWildNonTree,2,8,5,0,7,2437,0.25809035564323113,0.8363681592039802,0.4577301625403126,0.1396181455537491,2,8,5,0,0.2857142857142857,0.0,0.2,0.0,0.7142857142857143,1.0,0.8,1.0,0.13333333333333333,0.13333333333333333,0.23529411764705882,0.2127659574468085,0.26315789473684204,-0.7559289460184545,-0.7142857142857143,-0.8,0.2857142857142857,
m987_06_fill_holes_and_orientation.obj,m987,PlantWildNonTree,1,9,6,0,7,2437,0.37547266495615483,0.8319402985074626,0.5363863224391902,0.2200917662980802,1,9,6,0,0.14285714285714285,0.0,0.1,0.0,0.8571428571428571,1.0,0.9,1.0,0.0625,0.0625,0.11764705882352941,0.10638297872340426,0.13157894736842102,-0.8783100656536799,-0.8571428571428572,-0.9,0.14285714285714285,
m988_06_fill_holes_and_orientation.obj,m988,PlantWildNonTree,0,10,7,0,7,2437,0.1342006690282985,0.792106135986733,0.39368547227112954,0.0,0,10,7,0,0.0,0.0,0.0,0.0,1.0,1.0,1.0,1.0,0.0,0.0,,,,-1.0,-1.0,-1.0,0.0,
D00111_06_fill_holes_and_orientation.obj,d00111,Quadruped,3,7,4,0,7,2437,0.7268417051085552,0.7990640187196256,0.5460677679330406,0.2369053087196564,3,7,4,0,0.42857142857142855,0.0,0.3,0.0,0.5714285714285714,1.0,0.7,1.0,0.21428571428571427,0.21428571428571427,0.3529411764705882,0.3191489361702127,0.3947368421052631,-0.6324555320336759,-0.5714285714285714,-0.7,0.42857142857142855,
D00150_06_fill_holes_and_orientation.obj,d00150,Quadruped,0,10,7,0,7,2437,0.6235700010400038,0.8225835483290335,0.5138829550219496,0.0,0,10,7,0,0.0,0.0,0.0,0.0,1.0,1.0,1.0,1.0,0.0,0.0,,,,-1.0,-1.0,-1.0,0.0,
D00218_06_fill_holes_and_orientation.obj,d00218,Quadruped,4,6,3,0,7,2437,1.2491893242851297,0.8541429171416572,0.644596530138173,0.46945447024602927,4,6,3,0,0.5714285714285714,0.0,0.4,0.0,0.42857142857142855,1.0,0.6,1.0,0.3076923076923077,0.3076923076923077,0.47058823529411764,0.425531914893617,0.5263157894736841,-0.50709255283711,-0.4285714285714286,-0.6,0.5714285714285714,
D00226_06_fill_holes_and_orientation.obj,d00226,Quadruped,3,7,4,0,7,2437,1.1722491075910766,0.8399907001859963,0.6347450663064221,0.39327839964630634,3,7,4,0,0.42857142857142855,0.0,0.3,0.0,0.5714285714285714,1.0,0.7,1.0,0.21428571428571427,0.21428571428571427,0.3529411764705882,0.3191489361702127,0.3947368421052631,-0.6324555320336759,-0.5714285714285714,-0.7,0.42857142857142855,
D00261_06_fill_holes_and_orientation.obj,d00261,Quadruped,3,7,4,0,7,2437,1.2053818700504266,0.8414681706365872,0.6392795958516554,0.400023248309252,3,7,4,0,0.42857142857142855,0.0,0.3,0.0,0.5714285714285714,1.0,0.7,1.0,0.21428571428571427,0.21428571428571427,0.3529411764705882,0.3191489361702127,0.3947368421052631,-0.6324555320336759,-0.5714285714285714,-0.7,0.42857142857142855,
D00326_06_fill_holes_and_orientation.obj,d00326,Quadruped,7,3,0,0,7,2437,2.2052584324521916,0.8173336533269334,0.7329294935662599,0.7264127302306637,7,3,0,0,1.0,0.0,0.7,,0.0,1.0,0.3,,0.7,0.7,0.8235294117647058,0.7446808510638298,0.9210526315789475,,0.0,,1.0,
D00380_06_fill_holes_and_orientation.obj,d00380,Quadruped,7,3,0,0,7,2437,2.1450579402248726,0.8139362212755745,0.7335754089963226,0.7720617383222419,7,3,0,0,1.0,0.0,0.7,,0.0,1.0,0.3,,0.7,0.7,0.8235294117647058,0.7446808510638298,0.9210526315789475,,0.0,,1.0,
D00409_06_fill_holes_and_orientation.obj,d00409,Quadruped,7,3,0,0,7,2437,2.1596720266287925,0.8349283014339713,0.735456403362247,0.7631925784528223,7,3,0,0,1.0,0.0,0.7,,0.0,1.0,0.3,,0.7,0.7,0.8235294117647058,0.7446808510638298,0.9210526315789475,,0.0,,1.0,
D00508_06_fill_holes_and_orientation.obj,d00508,Quadruped,8,2,0,0,7,2437,1.963121574715551,0.7976165476690467,0.710021649086776,0.7827392871477703,8,2,0,0,1.0,0.0,0.8,,0.0,1.0,0.2,,0.8,0.8,0.888888888888889,0.8333333333333334,0.9523809523809523,,0.0,,1.0,
D00509_06_fill_holes_and_orientation.obj,d00509,Quadruped,5,5,1,0,6,2437,1.473557148738615,0.8147087058258835,0.6471377524461712,0.5481540639795447,5,5,1,0,0.8333333333333334,0.0,0.5,0.0,0.16666666666666666,1.0,0.5,1.0,0.45454545454545453,0.45454545454545453,0.625,0.5434782608695652,0.7352941176470589,-0.28867513459481287,-0.16666666666666663,-0.5,0.8333333333333334,
D00583_06_fill_holes_and_orientation.obj,d00583,Quadruped,1,9,6,0,7,2437,0.8399126408122024,0.7939191216175676,0.5525985225015295,0.07336392209936006,1,9,6,0,0.14285714285714285,0.0,0.1,0.0,0.8571428571428571,1.0,0.9,1.0,0.0625,0.0625,0.11764705882352941,0.10638297872340426,0.13157894736842102,-0.8783100656536799,-0.8571428571428572,-0.9,0.14285714285714285,
D00663_06_fill_holes_and_orientation.obj,d00663,Quadruped,3,7,4,0,7,2437,1.165120192030518,0.8158786824263515,0.6295759809700705,0.38431135260440824,3,7,4,0,0.42857142857142855,0.0,0.3,0.0,0.5714285714285714,1.0,0.7,1.0,0.21428571428571427,0.21428571428571427,0.3529411764705882,0.3191489361702127,0.3947368421052631,-0.6324555320336759,-0.5714285714285714,-0.7,0.42857142857142855,
D00700_06_fill_holes_and_orientation.obj,d00700,Quadruped,6,4,0,0,6,2437,2.720876348307495,0.8488030239395212,0.7489183210594443,0.706583601726363,6,4,0,0,1.0,0.0,0.6,,0.0,1.0,0.4,,0.6,0.6,0.7499999999999999,0.6521739130434783,0.8823529411764706,,0.0,,1.0,
D00757_06_fill_holes_and_orientation.obj,d00757,Quadruped,3,7,4,0,7,2437,1.2726746176893147,0.8481805363892723,0.6535485152396726,0.46900009332067494,3,7,4,0,0.42857142857142855,0.0,0.3,0.0,0.5714285714285714,1.0,0.7,1.0,0.21428571428571427,0.21428571428571427,0.3529411764705882,0.3191489361702127,0.3947368421052631,-0.6324555320336759,-0.5714285714285714,-0.7,0.42857142857142855,
D00794_06_fill_holes_and_orientation.obj,d00794,Quadruped,7,3,0,0,6,2437,2.462366158454106,0.8223660526789465,0.7333130599913218,0.791726719367984,7,3,0,0,1.0,0.0,0.7,,0.0,1.0,0.3,,0.7,0.7,0.8235294117647058,0.7446808510638298,0.9210526315789475,,0.0,,1.0,
D00795_06_fill_holes_and_orientation.obj,d00795,Quadruped,0,10,7,0,7,2437,0.5682740423562891,0.8065938681226374,0.49846184509918023,0.0,0,10,7,0,0.0,0.0,0.0,0.0,1.0,1.0,1.0,1.0,0.0,0.0,,,,-1.0,-1.0,-1.0,0.0,
D00831_06_fill_holes_and_orientation.obj,d00831,Quadruped,5,5,2,0,7,2437,1.2280125474333492,0.7172631547369053,0.6451401586454788,0.6136525857537394,5,5,2,0,0.7142857142857143,0.0,0.5,0.0,0.2857142857142857,1.0,0.5,1.0,0.4166666666666667,0.4166666666666667,0.588235294117647,0.5319148936170213,0.6578947368421053,-0.37796447300922725,-0.2857142857142857,-0.5,0.7142857142857143,
D00841_06_fill_holes_and_orientation.obj,d00841,Quadruped,4,6,3,0,7,2437,1.550044036014162,0.7766694666106678,0.6809239264937855,0.5473983622993503,4,6,3,0,0.5714285714285714,0.0,0.4,0.0,0.42857142857142855,1.0,0.6,1.0,0.3076923076923077,0.3076923076923077,0.47058823529411764,0.425531914893617,0.5263157894736841,-0.50709255283711,-0.4285714285714286,-0.6,0.5714285714285714,
D00867_06_fill_holes_and_orientation.obj,d00867,Quadruped,0,10,7,0,7,2437,0.3446821536264361,0.6537019259614808,0.4661367334357795,0.0,0,10,7,0,0.0,0.0,0.0,0.0,1.0,1.0,1.0,1.0,0.0,0.0,,,,-1.0,-1.0,-1.0,0.0,
D00934_06_fill_holes_and_orientation.obj,d00934,Quadruped,7,3,0,0,7,2437,1.5826865184823047,0.7357652846943061,0.6813479876419777,0.7728378251807521,7,3,0,0,1.0,0.0,0.7,,0.0,1.0,0.3,,0.7,0.7,0.8235294117647058,0.7446808510638298,0.9210526315789475,,0.0,,1.0,
m100_06_fill_holes_and_orientation.obj,m100,Quadruped,3,7,4,0,7,2437,0.6320698334337822,0.7852717945641088,0.5327136586180574,0.24355227021012354,3,7,4,0,0.42857142857142855,0.0,0.3,0.0,0.5714285714285714,1.0,0.7,1.0,0.21428571428571427,0.21428571428571427,0.3529411764705882,0.3191489361702127,0.3947368421052631,-0.6324555320336759,-0.5714285714285714,-0.7,0.42857142857142855,
m101_06_fill_holes_and_orientation.obj,m101,Quadruped,0,10,7,0,7,2437,0.2692452988484887,0.6844738105237895,0.4311131373220801,0.0,0,10,7,0,0.0,0.0,0.0,0.0,1.0,1.0,1.0,1.0,0.0,0.0,,,,-1.0,-1.0,-1.0,0.0,
m102_06_fill_holes_and_orientation.obj,m102,Quadruped,0,10,7,0,7,2437,0.3641774909144625,0.7417651646967061,0.4645600517479665,0.0,0,10,7,0,0.0,0.0,0.0,0.0,1.0,1.0,1.0,1.0,0.0,0.0,,,,-1.0,-1.0,-1.0,0.0,
m103_06_fill_holes_and_orientation.obj,m103,Quadruped,2,8,5,0,7,2437,0.6299575332364882,0.7596898062038759,0.5237633215315106,0.15139734109601005,2,8,5,0,0.2857142857142857,0.0,0.2,0.0,0.7142857142857143,1.0,0.8,1.0,0.13333333333333333,0.13333333333333333,0.23529411764705882,0.2127659574468085,0.26315789473684204,-0.7559289460184545,-0.7142857142857143,-0.8,0.2857142857142857,
m104_06_fill_holes_and_orientation.obj,m104,Quadruped,2,8,5,0,7,2437,0.9938272496320494,0.8475130497390051,0.5706110764311654,0.12987501165334078,2,8,5,0,0.2857142857142857,0.0,0.2,0.0,0.7142857142857143,1.0,0.8,1.0,0.13333333333333333,0.13333333333333333,0.23529411764705882,0.2127659574468085,0.26315789473684204,-0.7559289460184545,-0.7142857142857143,-0.8,0.2857142857142857,
m105_06_fill_holes_and_orientation.obj,m105,Quadruped,6,4,1,0,7,2437,1.626052575267851,0.8326783464330714,0.6817361524371041,0.6180396628416766,6,4,1,0,0.8571428571428571,0.0,0.6,0.0,0.14285714285714285,1.0,0.4,1.0,0.5454545454545454,0.5454545454545454,0.7058823529411764,0.6382978723404255,0.7894736842105262,-0.23904572186687872,-0.1428571428571429,-0.4,0.8571428571428571,
m106_06_fill_holes_and_orientation.obj,m106,Quadruped,3,7,4,0,7,2437,0.5436433802807646,0.6725565488690226,0.521103136359164,0.27108847097297994,3,7,4,0,0.42857142857142855,0.0,0.3,0.0,0.5714285714285714,1.0,0.7,1.0,0.21428571428571427,0.21428571428571427,0.3529411764705882,0.3191489361702127,0.3947368421052631,-0.6324555320336759,-0.5714285714285714,-0.7,0.42857142857142855,
m107_06_fill_holes_and_orientation.obj,m107,Quadruped,4,6,3,0,7,2437,1.8991705302729092,0.8295809083818324,0.7084039623536136,0.5174612499126158,4,6,3,0,0.5714285714285714,0.0,0.4,0.0,0.42857142857142855,1.0,0.6,1.0,0.3076923076923077,0.3076923076923077,0.47058823529411764,0.425531914893617,0.5263157894736841,-0.50709255283711,-0.4285714285714286,-0.6,0.5714285714285714,
m108_06_fill_holes_and_orientation.obj,m108,Quadruped,2,8,5,0,7,2437,0.8789127852825596,0.747547549049019,0.593681507519962,0.314880130667631,2,8,5,0,0.2857142857142857,0.0,0.2,0.0,0.7142857142857143,1.0,0.8,1.0,0.13333333333333333,0.13333333333333333,0.23529411764705882,0.2127659574468085,0.26315789473684204,-0.7559289460184545,-0.7142857142857143,-0.8,0.2857142857142857,
m109_06_fill_holes_and_orientation.obj,m109,Quadruped,0,10,7,0,7,2437,0.27944678191604305,0.6887412251754965,0.43729426623776396,0.0,0,10,7,0,0.0,0.0,0.0,0.0,1.0,1.0,1.0,1.0,0.0,0.0,,,,-1.0,-1.0,-1.0,0.0,
m110_06_fill_holes_and_orientation.obj,m110,Quadruped,1,9,6,0,7,2437,0.4812044943554353,0.7633572328553428,0.4962629217500497,0.06362078819895173,1,9,6,0,0.14285714285714285,0.0,0.1,0.0,0.8571428571428571,1.0,0.9,1.0,0.0625,0.0625,0.11764705882352941,0.10638297872340426,0.13157894736842102,-0.8783100656536799,-0.8571428571428572,-0.9,0.14285714285714285,
m111_06_fill_holes_and_orientation.obj,m111,Quadruped,2,8,5,0,7,2437,0.905856422006272,0.8411306773864523,0.5804256198056033,0.23365080824310536,2,8,5,0,0.2857142857142857,0.0,0.2,0.0,0.7142857142857143,1.0,0.8,1.0,0.13333333333333333,0.13333333333333333,0.23529411764705882,0.2127659574468085,0.26315789473684204,-0.7559289460184545,-0.7142857142857143,-0.8,0.2857142857142857,
m112_06_fill_holes_and_orientation.obj,m112,Quadruped,2,8,4,0,6,2437,1.0033803740285416,0.7980740385192296,0.5934009033930333,0.314880130667631,2,8,4,0,0.3333333333333333,0.0,0.2,0.0,0.6666666666666666,1.0,0.8,1.0,0.14285714285714285,0.14285714285714285,0.25,0.21739130434782608,0.29411764705882354,-0.7302967433402214,-0.6666666666666667,-0.8,0.3333333333333333,
m273_06_fill_holes_and_orientation.obj,m273,Quadruped,2,8,5,0,7,2437,0.5395540395324946,0.754867402651947,0.5098053335643653,0.15840915256850252,2,8,5,0,0.2857142857142857,0.0,0.2,0.0,0.7142857142857143,1.0,0.8,1.0,0.13333333333333333,0.13333333333333333,0.23529411764705882,0.2127659574468085,0.26315789473684204,-0.7559289460184545,-0.7142857142857143,-0.8,0.2857142857142857,
m274_06_fill_holes_and_orientation.obj,m274,Quadruped,0,10,7,0,7,2437,0.5310990864463032,0.745395092098158,0.5011529176070743,0.0,0,10,7,0,0.0,0.0,0.0,0.0,1.0,1.0,1.0,1.0,0.0,0.0,,,,-1.0,-1.0,-1.0,0.0,
m275_06_fill_holes_and_orientation.obj,m275,Quadruped,1,9,6,0,7,2437,0.4731070250269287,0.7392677146457072,0.4923775896109175,0.09478836436955079,1,9,6,0,0.14285714285714285,0.0,0.1,0.0,0.8571428571428571,1.0,0.9,1.0,0.0625,0.0625,0.11764705882352941,0.10638297872340426,0.13157894736842102,-0.8783100656536799,-0.8571428571428572,-0.9,0.14285714285714285,
m276_06_fill_holes_and_orientation.obj,m276,Quadruped,0,10,7,0,7,2437,0.23908039193630257,0.6145602087958241,0.4309440712026315,0.0,0,10,7,0,0.0,0.0,0.0,0.0,1.0,1.0,1.0,1.0,0.0,0.0,,,,-1.0,-1.0,-1.0,0.0,
m277_06_fill_holes_and_orientation.obj,m277,Quadruped,4,6,3,0,7,2437,0.8670897802759285,0.7995665086698265,0.595031151930343,0.46945447024602927,4,6,3,0,0.5714285714285714,0.0,0.4,0.0,0.42857142857142855,1.0,0.6,1.0,0.3076923076923077,0.3076923076923077,0.47058823529411764,0.425531914893617,0.5263157894736841,-0.50709255283711,-0.4285714285714286,-0.6,0.5714285714285714,
m278_06_fill_holes_and_orientation.obj,m278,Quadruped,1,9,6,0,7,2437,0.6644182092420056,0.8238585228295434,0.52713412952727,0.07839826897867534,1,9,6,0,0.14285714285714285,0.0,0.1,0.0,0.8571428571428571,1.0,0.9,1.0,0.0625,0.0625,0.11764705882352941,0.10638297872340426,0.13157894736842102,-0.8783100656536799,-0.8571428571428572,-0.9,0.14285714285714285,
m279_06_fill_holes_and_orientation.obj,m279,Quadruped,0,10,7,0,7,2437,0.17874152472303792,0.5265269694606107,0.40025044788547187,0.0,0,10,7,0,0.0,0.0,0.0,0.0,1.0,1.0,1.0,1.0,0.0,0.0,,,,-1.0,-1.0,-1.0,0.0,
m280_06_fill_holes_and_orientation.obj,m280,Quadruped,1,9,6,0,7,2437,1.045827274602175,0.8577728445431092,0.577721747986933,0.09478836436955079,1,9,6,0,0.14285714285714285,0.0,0.1,0.0,0.8571428571428571,1.0,0.9,1.0,0.0625,0.0625,0.11764705882352941,0.10638297872340426,0.13157894736842102,-0.8783100656536799,-0.8571428571428572,-0.9,0.14285714285714285,
m281_06_fill_holes_and_orientation.obj,m281,Quadruped,1,9,6,0,7,2437,0.8062105031944508,0.8181661366772665,0.5810711817837575,0.2200917662980802,1,9,6,0,0.14285714285714285,0.0,0.1,0.0,0.8571428571428571,1.0,0.9,1.0,0.0625,0.0625,0.11764705882352941,0.10638297872340426,0.13157894736842102,-0.8783100656536799,-0.8571428571428572,-0.9,0.14285714285714285,
m282_06_fill_holes_and_orientation.obj,m282,Quadruped,2,8,5,0,7,2437,0.6871630809924069,0.8119037619247614,0.5340982783375177,0.14782949091545264,2,8,5,0,0.2857142857142857,0.0,0.2,0.0,0.7142857142857143,1.0,0.8,1.0,0.13333333333333333,0.13333333333333333,0.23529411764705882,0.2127659574468085,0.26315789473684204,-0.7559289460184545,-0.7142857142857143,-0.8,0.2857142857142857,
m86_06_fill_holes_and_orientation.obj,m86,Quadruped,0,10,7,0,7,2437,0.20086301020906444,0.5660811783764325,0.4151699964433503,0.0,0,10,7,0,0.0,0.0,0.0,0.0,1.0,1.0,1.0,1.0,0.0,0.0,,,,-1.0,-1.0,-1.0,0.0,
m87_06_fill_holes_and_orientation.obj,m87,Quadruped,2,8,5,0,7,2437,0.8087688886540602,0.74587508249835,0.550337941947871,0.14279514403613736,2,8,5,0,0.2857142857142857,0.0,0.2,0.0,0.7142857142857143,1.0,0.8,1.0,0.13333333333333333,0.13333333333333333,0.23529411764705882,0.2127659574468085,0.26315789473684204,-0.7559289460184545,-0.7142857142857143,-0.8,0.2857142857142857,
m88_06_fill_holes_and_orientation.obj,m88,Quadruped,2,8,5,0,7,2437,0.8395729743958714,0.8126012479750405,0.5890706941527356,0.3301376494471203,2,8,5,0,0.2857142857142857,0.0,0.2,0.0,0.7142857142857143,1.0,0.8,1.0,0.13333333333333333,0.13333333333333333,0.23529411764705882,0.2127659574468085,0.26315789473684204,-0.7559289460184545,-0.7142857142857143,-0.8,0.2857142857142857,
m89_06_fill_holes_and_orientation.obj,m89,Quadruped,5,5,2,0,7,2437,1.2246346940162118,0.740542689146217,0.6464858680443841,0.6117952373568122,5,5,2,0,0.7142857142857143,0.0,0.5,0.0,0.2857142857142857,1.0,0.5,1.0,0.4166666666666667,0.4166666666666667,0.588235294117647,0.5319148936170213,0.6578947368421053,-0.37796447300922725,-0.2857142857142857,-0.5,0.7142857142857143,
m90_06_fill_holes_and_orientation.obj,m90,Quadruped,3,7,4,0,7,2437,1.5257560222454798,0.8529804403911923,0.6816756261791116,0.46900009332067494,3,7,4,0,0.42857142857142855,0.0,0.3,0.0,0.5714285714285714,1.0,0.7,1.0,0.21428571428571427,0.21428571428571427,0.3529411764705882,0.3191489361702127,0.3947368421052631,-0.6324555320336759,-0.5714285714285714,-0.7,0.42857142857142855,
m91_06_fill_holes_and_orientation.obj,m91,Quadruped,4,6,3,0,7,2437,1.205053452402516,0.7195956080878383,0.6424834741665125,0.5384313152574522,4,6,3,0,0.5714285714285714,0.0,0.4,0.0,0.42857142857142855,1.0,0.6,1.0,0.3076923076923077,0.3076923076923077,0.47058823529411764,0.425531914893617,0.5263157894736841,-0.50709255283711,-0.4285714285714286,-0.6,0.5714285714285714,
m92_06_fill_holes_and_orientation.obj,m92,Quadruped,7,3,0,0,7,2437,1.5697465044492702,0.7355627887442251,0.680279386765226,0.7702043899253147,7,3,0,0,1.0,0.0,0.7,,0.0,1.0,0.3,,0.7,0.7,0.8235294117647058,0.7446808510638298,0.9210526315789475,,0.0,,1.0,
m93_06_fill_holes_and_orientation.obj,m93,Quadruped,0,10,7,0,7,2437,0.5536410603753636,0.8021464570708585,0.501217427096541,0.0,0,10,7,0,0.0,0.0,0.0,0.0,1.0,1.0,1.0,1.0,0.0,0.0,,,,-1.0,-1.0,-1.0,0.0,
m94_06_fill_holes_and_orientation.obj,m94,Quadruped,2,8,5,0,7,2437,0.5907843376927008,0.6872412551748965,0.5453099083341011,0.2837125544970319,2,8,5,0,0.2857142857142857,0.0,0.2,0.0,0.7142857142857143,1.0,0.8,1.0,0.13333333333333333,0.13333333333333333,0.23529411764705882,0.2127659574468085,0.26315789473684204,-0.7559289460184545,-0.7142857142857143,-0.8,0.2857142857142857,
m95_06_fill_holes_and_orientation.obj,m95,Quadruped,6,4,1,0,7,2437,1.5150710475853815,0.8227710445791084,0.6753418259804389,0.6528642754944295,6,4,1,0,0.8571428571428571,0.0,0.6,0.0,0.14285714285714285,1.0,0.4,1.0,0.5454545454545454,0.5454545454545454,0.7058823529411764,0.6382978723404255,0.7894736842105262,-0.23904572186687872,-0.1428571428571429,-0.4,0.8571428571428571,
m96_06_fill_holes_and_orientation.obj,m96,Quadruped,8,2,0,0,7,2437,2.2227873177322506,0.8015839683206336,0.7388134885865066,0.857980942822373,8,2,0,0,1.0,0.0,0.8,,0.0,1.0,0.2,,0.8,0.8,0.888888888888889,0.8333333333333334,0.9523809523809523,,0.0,,1.0,
m97_06_fill_holes_and_orientation.obj,m97,Quadruped,7,3,0,0,7,2437,2.0094862406214036,0.7694921101577968,0.720894610952857,0.8006937664098821,7,3,0,0,1.0,0.0,0.7,,0.0,1.0,0.3,,0.7,0.7,0.8235294117647058,0.7446808510638298,0.9210526315789475,,0.0,,1.0,
m98_06_fill_holes_and_orientation.obj,m98,Quadruped,8,2,0,0,7,2437,2.313699760043268,0.8185711285774284,0.7460420604665027,0.8486026589039901,8,2,0,0,1.0,0.0,0.8,,0.0,1.0,0.2,,0.8,0.8,0.888888888888889,0.8333333333333334,0.9523809523809523,,0.0,,1.0,
m99_06_fill_holes_and_orientation.obj,m99,Quadruped,3,7,4,0,7,2437,0.849057321850876,0.8416256674866502,0.5662457222027857,0.2528410271851775,3,7,4,0,0.42857142857142855,0.0,0.3,0.0,0.5714285714285714,1.0,0.7,1.0,0.21428571428571427,0.21428571428571427,0.3529411764705882,0.3191489361702127,0.3947368421052631,-0.6324555320336759,-0.5714285714285714,-0.7,0.42857142857142855,
D00134_06_fill_holes_and_orientation.obj,d00134,RectangleTable,5,5,2,0,7,2437,1.939551340830264,0.8726500558043804,0.6702883199718025,0.4105719800676482,5,5,2,0,0.7142857142857143,0.0,0.5,0.0,0.2857142857142857,1.0,0.5,1.0,0.4166666666666667,0.4166666666666667,0.588235294117647,0.5319148936170213,0.6578947368421053,-0.37796447300922725,-0.2857142857142857,-0.5,0.7142857142857143,
D00187_06_fill_holes_and_orientation.obj,d00187,RectangleTable,3,7,4,0,7,2437,1.4008928083290597,0.8943992694699308,0.6239363882172346,0.2687374555268953,3,7,4,0,0.42857142857142855,0.0,0.3,0.0,0.5714285714285714,1.0,0.7,1.0,0.21428571428571427,0.21428571428571427,0.3529411764705882,0.3191489361702127,0.3947368421052631,-0.6324555320336759,-0.5714285714285714,-0.7,0.42857142857142855,
D00230_06_fill_holes_and_orientation.obj,d00230,RectangleTable,4,6,3,0,7,2437,1.6970663846340883,0.8984360278876954,0.6478569304976923,0.32776097292662437,4,6,3,0,0.5714285714285714,0.0,0.4,0.0,0.42857142857142855,1.0,0.6,1.0,0.3076923076923077,0.3076923076923077,0.47058823529411764,0.425531914893617,0.5263157894736841,-0.50709255283711,-0.4285714285714286,-0.6,0.5714285714285714,
D00243_06_fill_holes_and_orientation.obj,d00243,RectangleTable,0,10,7,0,7,2437,0.5870346899865924,0.6809438912321897,0.5061286832096618,0.0,0,10,7,0,0.0,0.0,0.0,0.0,1.0,1.0,1.0,1.0,0.0,0.0,,,,-1.0,-1.0,-1.0,0.0,
D00295_06_fill_holes_and_orientation.obj,d00295,RectangleTable,4,6,3,0,7,2437,1.6290648005882922,0.883608006841472,0.6810133513442648,0.47890155528769296,4,6,3,0,0.5714285714285714,0.0,0.4,0.0,0.42857142857142855,1.0,0.6,1.0,0.3076923076923077,0.3076923076923077,0.47058823529411764,0.425531914893617,0.5263157894736841,-0.50709255283711,-0.4285714285714286,-0.6,0.5714285714285714,
D00302_06_fill_holes_and_orientation.obj,d00302,RectangleTable,4,6,3,0,7,2437,1.96006551286516,0.8588149178878405,0.6830636455152816,0.412449713642891,4,6,3,0,0.5714285714285714,0.0,0.4,0.0,0.42857142857142855,1.0,0.6,1.0,0.3076923076923077,0.3076923076923077,0.47058823529411764,0.425531914893617,0.5263157894736841,-0.50709255283711,-0.4285714285714286,-0.6,0.5714285714285714,
D00317_06_fill_holes_and_orientation.obj,d00317,RectangleTable,1,9,6,0,7,2437,0.1600924234742276,0.37730283660187564,0.4053700529714304,0.06362078819895173,1,9,6,0,0.14285714285714285,0.0,0.1,0.0,0.8571428571428571,1.0,0.9,1.0,0.0625,0.0625,0.11764705882352941,0.10638297872340426,0.13157894736842102,-0.8783100656536799,-0.8571428571428572,-0.9,0.14285714285714285,
D00418_06_fill_holes_and_orientation.obj,d00418,RectangleTable,0,10,7,0,7,2437,0.2003627140424571,0.5194663071994898,0.41498353268904625,0.0,0,10,7,0,0.0,0.0,0.0,0.0,1.0,1.0,1.0,1.0,0.0,0.0,,,,-1.0,-1.0,-1.0,0.0,
D00421_06_fill_holes_and_orientation.obj,d00421,RectangleTable,0,10,7,0,7,2437,0.15505106781509134,0.3865359249757215,0.40296599962011,0.0,0,10,7,0,0.0,0.0,0.0,0.0,1.0,1.0,1.0,1.0,0.0,0.0,,,,-1.0,-1.0,-1.0,0.0,
D00505_06_fill_holes_and_orientation.obj,d00505,RectangleTable,6,4,1,0,7,2437,2.020697102673379,0.749952892406256,0.7175421418937892,0.7059054020403313,6,4,1,0,0.8571428571428571,0.0,0.6,0.0,0.14285714285714285,1.0,0.4,1.0,0.5454545454545454,0.5454545454545454,0.7058823529411764,0.6382978723404255,0.7894736842105262,-0.23904572186687872,-0.1428571428571429,-0.4,0.8571428571428571,
D00523_06_fill_holes_and_orientation.obj,d00523,RectangleTable,0,10,7,0,7,2437,0.9546005537302282,0.8728239915351279,0.5601003969815929,0.0,0,10,7,0,0.0,0.0,0.0,0.0,1.0,1.0,1.0,1.0,0.0,0.0,,,,-1.0,-1.0,-1.0,0.0,
D00530_06_fill_holes_and_orientation.obj,d00530,RectangleTable,2,8,5,0,7,2437,1.813791797311598,0.8108956240669073,0.6520909248887038,0.2024832320725063,2,8,5,0,0.2857142857142857,0.0,0.2,0.0,0.7142857142857143,1.0,0.8,1.0,0.13333333333333333,0.13333333333333333,0.23529411764705882,0.2127659574468085,0.26315789473684204,-0.7559289460184545,-0.7142857142857143,-0.8,0.2857142857142857,
D00571_06_fill_holes_and_orientation.obj,d00571,RectangleTable,4,6,3,0,7,2437,1.7232155434524536,0.8880071313649607,0.6806504910896638,0.4505655760587973,4,6,3,0,0.5714285714285714,0.0,0.4,0.0,0.42857142857142855,1.0,0.6,1.0,0.3076923076923077,0.3076923076923077,0.47058823529411764,0.425531914893617,0.5263157894736841,-0.50709255283711,-0.4285714285714286,-0.6,0.5714285714285714,
D00603_06_fill_holes_and_orientation.obj,d00603,RectangleTable,0,10,6,0,6,2437,0.17426693990787415,0.3934063863402472,0.3930877267271512,0.0,0,10,6,0,0.0,0.0,0.0,0.0,1.0,1.0,1.0,1.0,0.0,0.0,,,,-1.0,-1.0,-1.0,0.0,
D00678_06_fill_holes_and_orientation.obj,d00678,RectangleTable,3,7,4,0,7,2437,1.7352415662858276,0.8889927671725297,0.6902576568203026,0.4373524791503101,3,7,4,0,0.42857142857142855,0.0,0.3,0.0,0.5714285714285714,1.0,0.7,1.0,0.21428571428571427,0.21428571428571427,0.3529411764705882,0.3191489361702127,0.3947368421052631,-0.6324555320336759,-0.5714285714285714,-0.7,0.42857142857142855,
D00714_06_fill_holes_and_orientation.obj,d00714,RectangleTable,2,8,5,0,7,2437,0.6072385273222116,0.6213926454175183,0.5295395924031367,0.20483424751859092,2,8,5,0,0.2857142857142857,0.0,0.2,0.0,0.7142857142857143,1.0,0.8,1.0,0.13333333333333333,0.13333333333333333,0.23529411764705882,0.2127659574468085,0.26315789473684204,-0.7559289460184545,-0.7142857142857143,-0.8,0.2857142857142857,
D00766_06_fill_holes_and_orientation.obj,d00766,RectangleTable,0,10,7,0,7,2437,0.12635048865747406,0.25972952993868764,0.38612921919384885,0.0,0,10,7,0,0.0,0.0,0.0,0.0,1.0,1.0,1.0,1.0,0.0,0.0,,,,-1.0,-1.0,-1.0,0.0,
D00944_06_fill_holes_and_orientation.obj,d00944,RectangleTable,0,10,7,0,7,2437,0.9066142569676809,0.7393355655085445,0.5479046630407908,0.0,0,10,7,0,0.0,0.0,0.0,0.0,1.0,1.0,1.0,1.0,0.0,0.0,,,,-1.0,-1.0,-1.0,0.0,
D00954_06_fill_holes_and_orientation.obj,d00954,RectangleTable,5,5,2,0,7,2437,1.7167001974509966,0.892493223753823,0.686484855513845,0.5330752584449809,5,5,2,0,0.7142857142857143,0.0,0.5,0.0,0.2857142857142857,1.0,0.5,1.0,0.4166666666666667,0.4166666666666667,0.588235294117647,0.5319148936170213,0.6578947368421053,-0.37796447300922725,-0.2857142857142857,-0.5,0.7142857142857143,
m763_06_fill_holes_and_orientation.obj,m763,RectangleTable,4,6,3,0,7,2437,1.588664799038417,0.8959574437245437,0.6309166419032484,0.28444935123173903,4,6,3,0,0.5714285714285714,0.0,0.4,0.0,0.42857142857142855,1.0,0.6,1.0,0.3076923076923077,0.3076923076923077,0.47058823529411764,0.425531914893617,0.5263157894736841,-0.50709255283711,-0.4285714285714286,-0.6,0.5714285714285714,
m764_06_fill_holes_and_orientation.obj,m764,RectangleTable,1,9,6,0,7,2437,1.227980958296437,0.769317737096143,0.5969246576656385,0.1100458831490401,1,9,6,0,0.14285714285714285,0.0,0.1,0.0,0.8571428571428571,1.0,0.9,1.0,0.0625,0.0625,0.11764705882352941,0.10638297872340426,0.13157894736842102,-0.8783100656536799,-0.8571428571428572,-0.9,0.14285714285714285,
m765_06_fill_holes_and_orientation.obj,m765,RectangleTable,2,8,5,0,7,2437,1.5086038178838137,0.8294922526126596,0.6339335811109562,0.23365080824310536,2,8,5,0,0.2857142857142857,0.0,0.2,0.0,0.7142857142857143,1.0,0.8,1.0,0.13333333333333333,0.13333333333333333,0.23529411764705882,0.2127659574468085,0.26315789473684204,-0.7559289460184545,-0.7142857142857143,-0.8,0.2857142857142857,
m870_06_fill_holes_and_orientation.obj,m870,RectangleTable,5,5,2,0,7,2437,1.7665652793996571,0.7774274905422447,0.6709931682152411,0.49509403248815553,5,5,2,0,0.7142857142857143,0.0,0.5,0.0,0.2857142857142857,1.0,0.5,1.0,0.4166666666666667,0.4166666666666667,0.588235294117647,0.5319148936170213,0.6578947368421053,-0.37796447300922725,-0.2857142857142857,-0.5,0.7142857142857143,
m871_06_fill_holes_and_orientation.obj,m871,RectangleTable,0,10,7,0,7,2437,0.4837359417607838,0.6873867605919612,0.4878537677398363,0.0,0,10,7,0,0.0,0.0,0.0,0.0,1.0,1.0,1.0,1.0,0.0,0.0,,,,-1.0,-1.0,-1.0,0.0,
m872_06_fill_holes_and_orientation.obj,m872,RectangleTable,4,6,3,0,7,2437,1.4394467731179035,0.7202823556695801,0.6611563015535235,0.5077181160122075,4,6,3,0,0.5714285714285714,0.0,0.4,0.0,0.42857142857142855,1.0,0.6,1.0,0.3076923076923077,0.3076923076923077,0.47058823529411764,0.425531914893617,0.5263157894736841,-0.50709255283711,-0.4285714285714286,-0.6,0.5714285714285714,
m873_06_fill_holes_and_orientation.obj,m873,RectangleTable,0,10,7,0,7,2437,1.0951165235753966,0.7962850226841183,0.5625501142411741,0.0,0,10,7,0,0.0,0.0,0.0,0.0,1.0,1.0,1.0,1.0,0.0,0.0,,,,-1.0,-1.0,-1.0,0.0,
m874_06_fill_holes_and_orientation.obj,m874,RectangleTable,0,10,7,0,7,2437,0.37565566365483216,0.6053760635445202,0.4661681503748353,0.0,0,10,7,0,0.0,0.0,0.0,0.0,1.0,1.0,1.0,1.0,0.0,0.0,,,,-1.0,-1.0,-1.0,0.0,
m875_06_fill_holes_and_orientation.obj,m875,RectangleTable,0,10,7,0,7,2437,0.15842821580730673,0.40541519908393847,0.4026747957112855,0.0,0,10,7,0,0.0,0.0,0.0,0.0,1.0,1.0,1.0,1.0,0.0,0.0,,,,-1.0,-1.0,-1.0,0.0,
m876_06_fill_holes_and_orientation.obj,m876,RectangleTable,4,6,3,0,7,2437,1.465226190152295,0.8846008899711556,0.6410625942064744,0.3660246186928026,4,6,3,0,0.5714285714285714,0.0,0.4,0.0,0.42857142857142855,1.0,0.6,1.0,0.3076923076923077,0.3076923076923077,0.47058823529411764,0.425531914893617,0.5263157894736841,-0.50709255283711,-0.4285714285714286,-0.6,0.5714285714285714,
m878_06_fill_holes_and_orientation.obj,m878,RectangleTable,0,10,7,0,7,2437,0.1385595315623787,0.3443854995579133,0.38783028783135015,0.0,0,10,7,0,0.0,0.0,0.0,0.0,1.0,1.0,1.0,1.0,0.0,0.0,,,,-1.0,-1.0,-1.0,0.0,
m879_06_fill_holes_and_orientation.obj,m879,RectangleTable,3,7,4,0,7,2437,1.140567603892411,0.6728123958197445,0.6279794903988987,0.42520843362602384,3,7,4,0,0.42857142857142855,0.0,0.3,0.0,0.5714285714285714,1.0,0.7,1.0,0.21428571428571427,0.21428571428571427,0.3529411764705882,0.3191489361702127,0.3947368421052631,-0.6324555320336759,-0.5714285714285714,-0.7,0.42857142857142855,
m881_06_fill_holes_and_orientation.obj,m881,RectangleTable,3,7,4,0,7,2437,1.1006699421569146,0.7561783421025932,0.5928433970961149,0.25787537406449274,3,7,4,0,0.42857142857142855,0.0,0.3,0.0,0.5714285714285714,1.0,0.7,1.0,0.21428571428571427,0.21428571428571427,0.3529411764705882,0.3191489361702127,0.3947368421052631,-0.6324555320336759,-0.5714285714285714,-0.7,0.42857142857142855,
m882_06_fill_holes_and_orientation.obj,m882,RectangleTable,2,8,5,0,7,2437,1.7930042198933915,0.8906524039367454,0.6783208714063076,0.2895229882348575,2,8,5,0,0.2857142857142857,0.0,0.2,0.0,0.7142857142857143,1.0,0.8,1.0,0.13333333333333333,0.13333333333333333,0.23529411764705882,0.2127659574468085,0.26315789473684204,-0.7559289460184545,-0.7142857142857143,-0.8,0.2857142857142857,
m883_06_fill_holes_and_orientation.obj,m883,RectangleTable,0,10,7,0,7,2437,1.3135274558221948,0.8900218869127856,0.5889967687418425,0.0,0,10,7,0,0.0,0.0,0.0,0.0,1.0,1.0,1.0,1.0,0.0,0.0,,,,-1.0,-1.0,-1.0,0.0,
m886_06_fill_holes_and_orientation.obj,m886,RectangleTable,2,8,5,0,7,2437,1.4649548851764052,0.8183168819121335,0.621887201217344,0.2024832320725063,2,8,5,0,0.2857142857142857,0.0,0.2,0.0,0.7142857142857143,1.0,0.8,1.0,0.13333333333333333,0.13333333333333333,0.23529411764705882,0.2127659574468085,0.26315789473684204,-0.7559289460184545,-0.7142857142857143,-0.8,0.2857142857142857,
m887_06_fill_holes_and_orientation.obj,m887,RectangleTable,4,6,3,0,7,2437,1.803949208056108,0.7902262613964139,0.6852343122880299,0.45767527470376834,4,6,3,0,0.5714285714285714,0.0,0.4,0.0,0.42857142857142855,1.0,0.6,1.0,0.3076923076923077,0.3076923076923077,0.47058823529411764,0.425531914893617,0.5263157894736841,-0.50709255283711,-0.4285714285714286,-0.6,0.5714285714285714,
m888_06_fill_holes_and_orientation.obj,m888,RectangleTable,4,6,3,0,7,2437,1.7120053278039256,0.8957690133495673,0.6778180372510694,0.4505655760587973,4,6,3,0,0.5714285714285714,0.0,0.4,0.0,0.42857142857142855,1.0,0.6,1.0,0.3076923076923077,0.3076923076923077,0.47058823529411764,0.425531914893617,0.5263157894736841,-0.50709255283711,-0.4285714285714286,-0.6,0.5714285714285714,
m889_06_fill_holes_and_orientation.obj,m889,RectangleTable,5,5,2,0,7,2437,1.6845487623397213,0.8027713759765767,0.6586528392968404,0.4705561169627618,5,5,2,0,0.7142857142857143,0.0,0.5,0.0,0.2857142857142857,1.0,0.5,1.0,0.4166666666666667,0.4166666666666667,0.588235294117647,0.5319148936170213,0.6578947368421053,-0.37796447300922725,-0.2857142857142857,-0.5,0.7142857142857143,
m890_06_fill_holes_and_orientation.obj,m890,RectangleTable,1,9,6,0,7,2437,0.7615788837236234,0.7961038396312563,0.5352576298777384,0.07336392209936006,1,9,6,0,0.14285714285714285,0.0,0.1,0.0,0.8571428571428571,1.0,0.9,1.0,0.0625,0.0625,0.11764705882352941,0.10638297872340426,0.13157894736842102,-0.8783100656536799,-0.8571428571428572,-0.9,0.14285714285714285,
m891_06_fill_holes_and_orientation.obj,m891,RectangleTable,3,7,4,0,7,2437,1.134725689885284,0.7325230827209346,0.6070418853169036,0.31252911522154636,3,7,4,0,0.42857142857142855,0.0,0.3,0.0,0.5714285714285714,1.0,0.7,1.0,0.21428571428571427,0.21428571428571427,0.3529411764705882,0.3191489361702127,0.3947368421052631,-0.6324555320336759,-0.5714285714285714,-0.7,0.42857142857142855,
m894_06_fill_holes_and_orientation.obj,m894,RectangleTable,5,5,2,0,7,2437,1.535204960779841,0.889558058297459,0.6388783687250016,0.3948600843628045,5,5,2,0,0.7142857142857143,0.0,0.5,0.0,0.2857142857142857,1.0,0.5,1.0,0.4166666666666667,0.4166666666666667,0.588235294117647,0.5319148936170213,0.6578947368421053,-0.37796447300922725,-0.2857142857142857,-0.5,0.7142857142857143,
m895_06_fill_holes_and_orientation.obj,m895,RectangleTable,4,6,3,0,7,2437,1.4966246942806427,0.8103085909756345,0.6335290455847129,0.35687885840597905,4,6,3,0,0.5714285714285714,0.0,0.4,0.0,0.42857142857142855,1.0,0.6,1.0,0.3076923076923077,0.3076923076923077,0.47058823529411764,0.425531914893617,0.5263157894736841,-0.50709255283711,-0.4285714285714286,-0.6,0.5714285714285714,
m896_06_fill_holes_and_orientation.obj,m896,RectangleTable,3,7,4,0,7,2437,1.512294240426607,0.8911814584511023,0.6460092908127303,0.3151625504769837,3,7,4,0,0.42857142857142855,0.0,0.3,0.0,0.5714285714285714,1.0,0.7,1.0,0.21428571428571427,0.21428571428571427,0.3529411764705882,0.3191489361702127,0.3947368421052631,-0.6324555320336759,-0.5714285714285714,-0.7,0.42857142857142855,
m897_06_fill_holes_and_orientation.obj,m897,RectangleTable,4,6,3,0,7,2437,1.66470462182582,0.7765650592106217,0.6317052476273559,0.28163720273137616,4,6,3,0,0.5714285714285714,0.0,0.4,0.0,0.42857142857142855,1.0,0.6,1.0,0.3076923076923077,0.3076923076923077,0.47058823529411764,0.425531914893617,0.5263157894736841,-0.50709255283711,-0.4285714285714286,-0.6,0.5714285714285714,
m898_06_fill_holes_and_orientation.obj,m898,RectangleTable,2,8,5,0,7,2437,1.1126625900729263,0.7258048151208129,0.6138473161184759,0.29345568839744024,2,8,5,0,0.2857142857142857,0.0,0.2,0.0,0.7142857142857143,1.0,0.8,1.0,0.13333333333333333,0.13333333333333333,0.23529411764705882,0.2127659574468085,0.26315789473684204,-0.7559289460184545,-0.7142857142857143,-0.8,0.2857142857142857,
m901_06_fill_holes_and_orientation.obj,m901,RectangleTable,5,5,2,0,7,2437,1.6343693185879984,0.8850357292980243,0.6783492596078905,0.5231534112996472,5,5,2,0,0.7142857142857143,0.0,0.5,0.0,0.2857142857142857,1.0,0.5,1.0,0.4166666666666667,0.4166666666666667,0.588235294117647,0.5319148936170213,0.6578947368421053,-0.37796447300922725,-0.2857142857142857,-0.5,0.7142857142857143,
m902_06_fill_holes_and_orientation.obj,m902,RectangleTable,3,7,4,0,7,2437,1.7008350423722356,0.8442115638271659,0.6757204290398817,0.400023248309252,3,7,4,0,0.42857142857142855,0.0,0.3,0.0,0.5714285714285714,1.0,0.7,1.0,0.21428571428571427,0.21428571428571427,0.3529411764705882,0.3191489361702127,0.3947368421052631,-0.6324555320336759,-0.5714285714285714,-0.7,0.42857142857142855,
m904_06_fill_holes_and_orientation.obj,m904,RectangleTable,1,9,6,0,7,2437,0.9156122445605753,0.7119479352379297,0.5476691862807341,0.06625422345438904,1,9,6,0,0.14285714285714285,0.0,0.1,0.0,0.8571428571428571,1.0,0.9,1.0,0.0625,0.0625,0.11764705882352941,0.10638297872340426,0.13157894736842102,-0.8783100656536799,-0.8571428571428572,-0.9,0.14285714285714285,
m905_06_fill_holes_and_orientation.obj,m905,RectangleTable,3,7,4,0,7,2437,1.7232522189596509,0.8148744039077561,0.6419275849105079,0.2546983755821045,3,7,4,0,0.42857142857142855,0.0,0.3,0.0,0.5714285714285714,1.0,0.7,1.0,0.21428571428571427,0.21428571428571427,0.3529411764705882,0.3191489361702127,0.3947368421052631,-0.6324555320336759,-0.5714285714285714,-0.7,0.42857142857142855,
m906_06_fill_holes_and_orientation.obj,m906,RectangleTable,0,10,7,0,7,2437,0.23361633259336564,0.5089287008450378,0.43608218690820155,0.0,0,10,7,0,0.0,0.0,0.0,0.0,1.0,1.0,1.0,1.0,0.0,0.0,,,,-1.0,-1.0,-1.0,0.0,
m907_06_fill_holes_and_orientation.obj,m907,RectangleTable,2,8,5,0,7,2437,1.3782324209364472,0.7930817063095187,0.6066602414163448,0.16354138662029635,2,8,5,0,0.2857142857142857,0.0,0.2,0.0,0.7142857142857143,1.0,0.8,1.0,0.13333333333333333,0.13333333333333333,0.23529411764705882,0.2127659574468085,0.26315789473684204,-0.7559289460184545,-0.7142857142857143,-0.8,0.2857142857142857,
m908_06_fill_holes_and_orientation.obj,m908,RectangleTable,2,8,5,0,7,2437,1.1134645922796622,0.7259062776304155,0.6139606154225199,0.29345568839744024,2,8,5,0,0.2857142857142857,0.0,0.2,0.0,0.7142857142857143,1.0,0.8,1.0,0.13333333333333333,0.13333333333333333,0.23529411764705882,0.2127659574468085,0.26315789473684204,-0.7559289460184545,-0.7142857142857143,-0.8,0.2857142857142857,
m912_06_fill_holes_and_orientation.obj,m912,RectangleTable,4,6,3,0,7,2437,1.9662041608005045,0.8766868142221449,0.7139954643025099,0.5541432109622959,4,6,3,0,0.5714285714285714,0.0,0.4,0.0,0.42857142857142855,1.0,0.6,1.0,0.3076923076923077,0.3076923076923077,0.47058823529411764,0.425531914893617,0.5263157894736841,-0.50709255283711,-0.4285714285714286,-0.6,0.5714285714285714,
m913_06_fill_holes_and_orientation.obj,m913,RectangleTable,4,6,3,0,7,2437,1.8893606014194486,0.8956240669072776,0.7050684449196886,0.510069131458292,4,6,3,0,0.5714285714285714,0.0,0.4,0.0,0.42857142857142855,1.0,0.6,1.0,0.3076923076923077,0.3076923076923077,0.47058823529411764,0.425531914893617,0.5263157894736841,-0.50709255283711,-0.4285714285714286,-0.6,0.5714285714285714,
m914_06_fill_holes_and_orientation.obj,m914,RectangleTable,1,9,6,0,7,2437,0.22392689358381887,0.4808090910408604,0.43514295324139857,0.06362078819895173,1,9,6,0,0.14285714285714285,0.0,0.1,0.0,0.8571428571428571,1.0,0.9,1.0,0.0625,0.0625,0.11764705882352941,0.10638297872340426,0.13157894736842102,-0.8783100656536799,-0.8571428571428572,-0.9,0.14285714285714285,
m915_06_fill_holes_and_orientation.obj,m915,RectangleTable,4,6,3,0,7,2437,1.9073861120958544,0.8827093388992766,0.7049056826696917,0.5224955967919311,4,6,3,0,0.5714285714285714,0.0,0.4,0.0,0.42857142857142855,1.0,0.6,1.0,0.3076923076923077,0.3076923076923077,0.47058823529411764,0.425531914893617,0.5263157894736841,-0.50709255283711,-0.4285714285714286,-0.6,0.5714285714285714,
m917_06_fill_holes_and_orientation.obj,m917,RectangleTable,0,10,7,0,7,2437,0.1371945944846091,0.3390877070922294,0.3857445679289544,0.0,0,10,7,0,0.0,0.0,0.0,0.0,1.0,1.0,1.0,1.0,0.0,0.0,,,,-1.0,-1.0,-1.0,0.0,
m919_06_fill_holes_and_orientation.obj,m919,RectangleTable,1,9,6,0,7,2437,0.28248557839158633,0.5519560522386978,0.4532028307856728,0.07336392209936006,1,9,6,0,0.14285714285714285,0.0,0.1,0.0,0.8571428571428571,1.0,0.9,1.0,0.0625,0.0625,0.11764705882352941,0.10638297872340426,0.13157894736842102,-0.8783100656536799,-0.8571428571428572,-0.9,0.14285714285714285,
m920_06_fill_holes_and_orientation.obj,m920,RectangleTable,0,10,7,0,7,2437,0.1553712453943377,0.3906741459030888,0.4018115879302295,0.0,0,10,7,0,0.0,0.0,0.0,0.0,1.0,1.0,1.0,1.0,0.0,0.0,,,,-1.0,-1.0,-1.0,0.0,
D00015_06_fill_holes_and_orientation.obj,d00015,Rocket,1,9,6,0,7,2437,0.1791756325371236,0.5658215056726839,0.43637302425832675,0.2200917662980802,1,9,6,0,0.14285714285714285,0.0,0.1,0.0,0.8571428571428571,1.0,0.9,1.0,0.0625,0.0625,0.11764705882352941,0.10638297872340426,0.13157894736842102,-0.8783100656536799,-0.8571428571428572,-0.9,0.14285714285714285,
D00343_06_fill_holes_and_orientation.obj,d00343,Rocket,0,10,7,0,7,2437,0.06202600601737924,0.5647420880988471,0.33699737804028734,0.0,0,10,7,0,0.0,0.0,0.0,0.0,1.0,1.0,1.0,1.0,0.0,0.0,,,,-1.0,-1.0,-1.0,0.0,
D00346_06_fill_holes_and_orientation.obj,d00346,Rocket,2,8,5,0,7,2437,0.17050601043267005,0.5768683110559919,0.4218072865225547,0.22400556151517556,2,8,5,0,0.2857142857142857,0.0,0.2,0.0,0.7142857142857143,1.0,0.8,1.0,0.13333333333333333,0.13333333333333333,0.23529411764705882,0.2127659574468085,0.26315789473684204,-0.7559289460184545,-0.7142857142857143,-0.8,0.2857142857142857,
D00354_06_fill_holes_and_orientation.obj,d00354,Rocket,4,6,3,0,7,2437,0.40727462087535116,0.7657893528087822,0.5178098070075532,0.3469511918686965,4,6,3,0,0.5714285714285714,0.0,0.4,0.0,0.42857142857142855,1.0,0.6,1.0,0.3076923076923077,0.3076923076923077,0.47058823529411764,0.425531914893617,0.5263157894736841,-0.50709255283711,-0.4285714285714286,-0.6,0.5714285714285714,
D00426_06_fill_holes_and_orientation.obj,d00426,Rocket,4,6,3,0,7,2437,0.6189820059986848,0.7758486059436865,0.6397819499108899,0.5107164012496702,4,6,3,0,0.5714285714285714,0.0,0.4,0.0,0.42857142857142855,1.0,0.6,1.0,0.3076923076923077,0.3076923076923077,0.47058823529411764,0.425531914893617,0.5263157894736841,-0.50709255283711,-0.4285714285714286,-0.6,0.5714285714285714,
D00428_06_fill_holes_and_orientation.obj,d00428,Rocket,2,8,5,0,7,2437,0.4223997313988643,0.7949336273023746,0.5784239181824135,0.35895421017163476,2,8,5,0,0.2857142857142857,0.0,0.2,0.0,0.7142857142857143,1.0,0.8,1.0,0.13333333333333333,0.13333333333333333,0.23529411764705882,0.2127659574468085,0.26315789473684204,-0.7559289460184545,-0.7142857142857143,-0.8,0.2857142857142857,
D00433_06_fill_holes_and_orientation.obj,d00433,Rocket,0,10,7,0,7,2437,0.02934718423367751,0.5421891507050665,0.2988236810762691,0.0,0,10,7,0,0.0,0.0,0.0,0.0,1.0,1.0,1.0,1.0,0.0,0.0,,,,-1.0,-1.0,-1.0,0.0,
D00437_06_fill_holes_and_orientation.obj,d00437,Rocket,0,10,7,0,7,2437,0.05417646211082334,0.7874006706168757,0.32714057574434063,0.0,0,10,7,0,0.0,0.0,0.0,0.0,1.0,1.0,1.0,1.0,0.0,0.0,,,,-1.0,-1.0,-1.0,0.0,
D00472_06_fill_holes_and_orientation.obj,d00472,Rocket,3,7,4,0,7,2437,0.5443334671819753,0.768866841210785,0.6196541686036238,0.45374257454118555,3,7,4,0,0.42857142857142855,0.0,0.3,0.0,0.5714285714285714,1.0,0.7,1.0,0.21428571428571427,0.21428571428571427,0.3529411764705882,0.3191489361702127,0.3947368421052631,-0.6324555320336759,-0.5714285714285714,-0.7,0.42857142857142855,
D00485_06_fill_holes_and_orientation.obj,d00485,Rocket,1,9,6,0,7,2437,0.03522257734932934,0.4190436819622434,0.30158599913755857,0.06943122193677728,1,9,6,0,0.14285714285714285,0.0,0.1,0.0,0.8571428571428571,1.0,0.9,1.0,0.0625,0.0625,0.11764705882352941,0.10638297872340426,0.13157894736842102,-0.8783100656536799,-0.8571428571428572,-0.9,0.14285714285714285,
D00528_06_fill_holes_and_orientation.obj,d00528,Rocket,4,6,3,0,7,2437,0.5343735915845723,0.7586697900877314,0.6081189018623371,0.5033242827953465,4,6,3,0,0.5714285714285714,0.0,0.4,0.0,0.42857142857142855,1.0,0.6,1.0,0.3076923076923077,0.3076923076923077,0.47058823529411764,0.425531914893617,0.5263157894736841,-0.50709255283711,-0.4285714285714286,-0.6,0.5714285714285714,
D00564_06_fill_holes_and_orientation.obj,d00564,Rocket,4,6,3,0,7,2437,0.43714194160522934,0.7655826558265583,0.5352954658081441,0.35687885840597905,4,6,3,0,0.5714285714285714,0.0,0.4,0.0,0.42857142857142855,1.0,0.6,1.0,0.3076923076923077,0.3076923076923077,0.47058823529411764,0.425531914893617,0.5263157894736841,-0.50709255283711,-0.4285714285714286,-0.6,0.5714285714285714,
D00585_06_fill_holes_and_orientation.obj,d00585,Rocket,0,10,7,0,7,2437,0.033903221579699654,0.5319461669192963,0.3046814149043949,0.0,0,10,7,0,0.0,0.0,0.0,0.0,1.0,1.0,1.0,1.0,0.0,0.0,,,,-1.0,-1.0,-1.0,0.0,
D00614_06_fill_holes_and_orientation.obj,d00614,Rocket,1,9,6,0,7,2437,0.050011054858514634,0.5680951724771486,0.328352925181259,0.06625422345438904,1,9,6,0,0.14285714285714285,0.0,0.1,0.0,0.8571428571428571,1.0,0.9,1.0,0.0625,0.0625,0.11764705882352941,0.10638297872340426,0.13157894736842102,-0.8783100656536799,-0.8571428571428572,-0.9,0.14285714285714285,
D00697_06_fill_holes_and_orientation.obj,d00697,Rocket,0,10,7,0,7,2437,0.026330203745175595,0.4428368012493685,0.28938717830814187,0.0,0,10,7,0,0.0,0.0,0.0,0.0,1.0,1.0,1.0,1.0,0.0,0.0,,,,-1.0,-1.0,-1.0,0.0,
D00719_06_fill_holes_and_orientation.obj,d00719,Rocket,0,10,7,0,7,2437,0.02949102949507712,0.654356713058656,0.29539095643304175,0.0,0,10,7,0,0.0,0.0,0.0,0.0,1.0,1.0,1.0,1.0,0.0,0.0,,,,-1.0,-1.0,-1.0,0.0,
D00851_06_fill_holes_and_orientation.obj,d00851,Rocket,2,8,5,0,7,2437,0.4137306656138354,0.7956915162371963,0.5746338329616472,0.35895421017163476,2,8,5,0,0.2857142857142857,0.0,0.2,0.0,0.7142857142857143,1.0,0.8,1.0,0.13333333333333333,0.13333333333333333,0.23529411764705882,0.2127659574468085,0.26315789473684204,-0.7559289460184545,-0.7142857142857143,-0.8,0.2857142857142857,
D00942_06_fill_holes_and_orientation.obj,d00942,Rocket,1,9,6,0,7,2437,0.03386674790254764,0.43188186119149324,0.2988182682436469,0.06943122193677728,1,9,6,0,0.14285714285714285,0.0,0.1,0.0,0.8571428571428571,1.0,0.9,1.0,0.0625,0.0625,0.11764705882352941,0.10638297872340426,0.13157894736842102,-0.8783100656536799,-0.8571428571428572,-0.9,0.14285714285714285,
D00975_06_fill_holes_and_orientation.obj,d00975,Rocket,3,7,3,0,6,2437,0.5729800539640874,0.7823940103807817,0.6001358738180735,0.4085359184257956,3,7,3,0,0.5,0.0,0.3,0.0,0.5,1.0,0.7,1.0,0.23076923076923078,0.23076923076923078,0.37499999999999994,0.32608695652173914,0.4411764705882353,-0.5916079783099616,-0.5,-0.7,0.5,
D00083_06_fill_holes_and_orientation.obj,d00083,RoundTable,3,7,4,0,7,2437,0.3437335841386297,0.7606994171523729,0.4926736304075961,0.2719144540092836,3,7,4,0,0.42857142857142855,0.0,0.3,0.0,0.5714285714285714,1.0,0.7,1.0,0.21428571428571427,0.21428571428571427,0.3529411764705882,0.3191489361702127,0.3947368421052631,-0.6324555320336759,-0.5714285714285714,-0.7,0.42857142857142855,
D00094_06_fill_holes_and_orientation.obj,d00094,RoundTable,1,9,6,0,7,2437,0.3392164109165588,0.7981206137742356,0.4707054428006272,0.06362078819895173,1,9,6,0,0.14285714285714285,0.0,0.1,0.0,0.8571428571428571,1.0,0.9,1.0,0.0625,0.0625,0.11764705882352941,0.10638297872340426,0.13157894736842102,-0.8783100656536799,-0.8571428571428572,-0.9,0.14285714285714285,
D00107_06_fill_holes_and_orientation.obj,d00107,RoundTable,0,10,7,0,7,2437,0.24947927880225546,0.7457713809920306,0.4409200235404407,0.0,0,10,7,0,0.0,0.0,0.0,0.0,1.0,1.0,1.0,1.0,0.0,0.0,,,,-1.0,-1.0,-1.0,0.0,
D00194_06_fill_holes_and_orientation.obj,d00194,RoundTable,2,8,5,0,7,2437,0.2831110551095672,0.6464255977161889,0.45546884945894756,0.1356854453911663,2,8,5,0,0.2857142857142857,0.0,0.2,0.0,0.7142857142857143,1.0,0.8,1.0,0.13333333333333333,0.13333333333333333,0.23529411764705882,0.2127659574468085,0.26315789473684204,-0.7559289460184545,-0.7142857142857143,-0.8,0.2857142857142857,
D00344_06_fill_holes_and_orientation.obj,d00344,RoundTable,4,6,3,0,7,2437,0.6530717870222834,0.6455215891518973,0.5733148673670267,0.4193979998881983,4,6,3,0,0.5714285714285714,0.0,0.4,0.0,0.42857142857142855,1.0,0.6,1.0,0.3076923076923077,0.3076923076923077,0.47058823529411764,0.425531914893617,0.5263157894736841,-0.50709255283711,-0.4285714285714286,-0.6,0.5714285714285714,
D00401_06_fill_holes_and_orientation.obj,d00401,RoundTable,0,10,7,0,7,2437,0.08097053244744468,0.5188057571071726,0.3582562866645549,0.0,0,10,7,0,0.0,0.0,0.0,0.0,1.0,1.0,1.0,1.0,0.0,0.0,,,,-1.0,-1.0,-1.0,0.0,
D00407_06_fill_holes_and_orientation.obj,d00407,RoundTable,0,10,7,0,7,2437,0.16431861395130726,0.6063518496491019,0.4059347669756823,0.0,0,10,7,0,0.0,0.0,0.0,0.0,1.0,1.0,1.0,1.0,0.0,0.0,,,,-1.0,-1.0,-1.0,0.0,
D00492_06_fill_holes_and_orientation.obj,d00492,RoundTable,1,9,6,0,7,2437,0.27698313523174045,0.6143095039847746,0.4506284826619349,0.06625422345438904,1,9,6,0,0.14285714285714285,0.0,0.1,0.0,0.8571428571428571,1.0,0.9,1.0,0.0625,0.0625,0.11764705882352941,0.10638297872340426,0.13157894736842102,-0.8783100656536799,-0.8571428571428572,-0.9,0.14285714285714285,
D00501_06_fill_holes_and_orientation.obj,d00501,RoundTable,1,9,6,0,7,2437,0.232484647921492,0.791174021648626,0.4398459041846634,0.06362078819895173,1,9,6,0,0.14285714285714285,0.0,0.1,0.0,0.8571428571428571,1.0,0.9,1.0,0.0625,0.0625,0.11764705882352941,0.10638297872340426,0.13157894736842102,-0.8783100656536799,-0.8571428571428572,-0.9,0.14285714285714285,
D00503_06_fill_holes_and_orientation.obj,d00503,RoundTable,1,9,6,0,7,2437,0.3107623790115915,0.7473771856786011,0.4902819127114758,0.2200917662980802,1,9,6,0,0.14285714285714285,0.0,0.1,0.0,0.8571428571428571,1.0,0.9,1.0,0.0625,0.0625,0.11764705882352941,0.10638297872340426,0.13157894736842102,-0.8783100656536799,-0.8571428571428572,-0.9,0.14285714285714285,
D00524_06_fill_holes_and_orientation.obj,d00524,RoundTable,1,9,6,0,7,2437,0.33275940730861525,0.790626858570239,0.475737948263013,0.07839826897867534,1,9,6,0,0.14285714285714285,0.0,0.1,0.0,0.8571428571428571,1.0,0.9,1.0,0.0625,0.0625,0.11764705882352941,0.10638297872340426,0.13157894736842102,-0.8783100656536799,-0.8571428571428572,-0.9,0.14285714285714285,
D00581_06_fill_holes_and_orientation.obj,d00581,RoundTable,0,10,7,0,7,2437,0.1106783713013438,0.6047460449625313,0.37766290961074794,0.0,0,10,7,0,0.0,0.0,0.0,0.0,1.0,1.0,1.0,1.0,0.0,0.0,,,,-1.0,-1.0,-1.0,0.0,
D00646_06_fill_holes_and_orientation.obj,d00646,RoundTable,2,8,5,0,7,2437,0.46737000157801106,0.674568811704532,0.5429165158808745,0.3301376494471203,2,8,5,0,0.2857142857142857,0.0,0.2,0.0,0.7142857142857143,1.0,0.8,1.0,0.13333333333333333,0.13333333333333333,0.23529411764705882,0.2127659574468085,0.26315789473684204,-0.7559289460184545,-0.7142857142857143,-0.8,0.2857142857142857,
D00649_06_fill_holes_and_orientation.obj,d00649,RoundTable,1,9,6,0,7,2437,0.19549467873514095,0.6300701796122279,0.4261894879350312,0.06943122193677728,1,9,6,0,0.14285714285714285,0.0,0.1,0.0,0.8571428571428571,1.0,0.9,1.0,0.0625,0.0625,0.11764705882352941,0.10638297872340426,0.13157894736842102,-0.8783100656536799,-0.8571428571428572,-0.9,0.14285714285714285,
D00702_06_fill_holes_and_orientation.obj,d00702,RoundTable,1,9,6,0,7,2437,0.265378320206693,0.8041988818841441,0.45840625496260423,0.1100458831490401,1,9,6,0,0.14285714285714285,0.0,0.1,0.0,0.8571428571428571,1.0,0.9,1.0,0.0625,0.0625,0.11764705882352941,0.10638297872340426,0.13157894736842102,-0.8783100656536799,-0.8571428571428572,-0.9,0.14285714285714285,
D00756_06_fill_holes_and_orientation.obj,d00756,RoundTable,1,9,6,0,7,2437,0.30540154819366544,0.744581896039015,0.48676458329483574,0.2200917662980802,1,9,6,0,0.14285714285714285,0.0,0.1,0.0,0.8571428571428571,1.0,0.9,1.0,0.0625,0.0625,0.11764705882352941,0.10638297872340426,0.13157894736842102,-0.8783100656536799,-0.8571428571428572,-0.9,0.14285714285714285,
D00827_06_fill_holes_and_orientation.obj,d00827,RoundTable,0,10,7,0,7,2437,0.1747033356736755,0.7374093017723327,0.4059813037144118,0.0,0,10,7,0,0.0,0.0,0.0,0.0,1.0,1.0,1.0,1.0,0.0,0.0,,,,-1.0,-1.0,-1.0,0.0,
D00866_06_fill_holes_and_orientation.obj,d00866,RoundTable,2,8,5,0,7,2437,0.37299892237329396,0.7636255501367908,0.5018564991514656,0.2122263659729146,2,8,5,0,0.2857142857142857,0.0,0.2,0.0,0.7142857142857143,1.0,0.8,1.0,0.13333333333333333,0.13333333333333333,0.23529411764705882,0.2127659574468085,0.26315789473684204,-0.7559289460184545,-0.7142857142857143,-0.8,0.2857142857142857,
D00909_06_fill_holes_and_orientation.obj,d00909,RoundTable,2,8,5,0,7,2437,0.4103425014199092,0.7628167003687403,0.5281619481324716,0.29849003527675555,2,8,5,0,0.2857142857142857,0.0,0.2,0.0,0.7142857142857143,1.0,0.8,1.0,0.13333333333333333,0.13333333333333333,0.23529411764705882,0.2127659574468085,0.26315789473684204,-0.7559289460184545,-0.7142857142857143,-0.8,0.2857142857142857,
D00948_06_fill_holes_and_orientation.obj,d00948,RoundTable,0,10,7,0,7,2437,0.26471533391149166,0.7588319257761389,0.44785032539557074,0.0,0,10,7,0,0.0,0.0,0.0,0.0,1.0,1.0,1.0,1.0,0.0,0.0,,,,-1.0,-1.0,-1.0,0.0,
m921_06_fill_holes_and_orientation.obj,m921,RoundTable,2,8,5,0,7,2437,0.4444886739605055,0.6748186035446652,0.5363492730798164,0.314880130667631,2,8,5,0,0.2857142857142857,0.0,0.2,0.0,0.7142857142857143,1.0,0.8,1.0,0.13333333333333333,0.13333333333333333,0.23529411764705882,0.2127659574468085,0.26315789473684204,-0.7559289460184545,-0.7142857142857143,-0.8,0.2857142857142857,
m922_06_fill_holes_and_orientation.obj,m922,RoundTable,0,10,7,0,7,2437,0.15844980888324464,0.6534078743903889,0.401858666799091,0.0,0,10,7,0,0.0,0.0,0.0,0.0,1.0,1.0,1.0,1.0,0.0,0.0,,,,-1.0,-1.0,-1.0,0.0,
m923_06_fill_holes_and_orientation.obj,m923,RoundTable,5,5,2,0,7,2437,0.8838299361821171,0.6449030569763293,0.6274699502119837,0.605504765619221,5,5,2,0,0.7142857142857143,0.0,0.5,0.0,0.2857142857142857,1.0,0.5,1.0,0.4166666666666667,0.4166666666666667,0.588235294117647,0.5319148936170213,0.6578947368421053,-0.37796447300922725,-0.2857142857142857,-0.5,0.7142857142857143,
m924_06_fill_holes_and_orientation.obj,m924,RoundTable,1,9,6,0,7,2437,0.12602553614732717,0.5536219816819318,0.39020937007751405,0.1100458831490401,1,9,6,0,0.14285714285714285,0.0,0.1,0.0,0.8571428571428571,1.0,0.9,1.0,0.0625,0.0625,0.11764705882352941,0.10638297872340426,0.13157894736842102,-0.8783100656536799,-0.8571428571428572,-0.9,0.14285714285714285,
m925_06_fill_holes_and_orientation.obj,m925,RoundTable,1,9,6,0,7,2437,0.1250322264446824,0.5971571309622934,0.39340305555747906,0.08514311764162101,1,9,6,0,0.14285714285714285,0.0,0.1,0.0,0.8571428571428571,1.0,0.9,1.0,0.0625,0.0625,0.11764705882352941,0.10638297872340426,0.13157894736842102,-0.8783100656536799,-0.8571428571428572,-0.9,0.14285714285714285,
m926_06_fill_holes_and_orientation.obj,m926,RoundTable,1,9,6,0,7,2437,0.20607970664164105,0.7850838586891875,0.4267981801826069,0.06625422345438904,1,9,6,0,0.14285714285714285,0.0,0.1,0.0,0.8571428571428571,1.0,0.9,1.0,0.0625,0.0625,0.11764705882352941,0.10638297872340426,0.13157894736842102,-0.8783100656536799,-0.8571428571428572,-0.9,0.14285714285714285,
m927_06_fill_holes_and_orientation.obj,m927,RoundTable,4,6,3,0,7,2437,0.7502091142177864,0.622873795646485,0.6017405360889189,0.5224955967919311,4,6,3,0,0.5714285714285714,0.0,0.4,0.0,0.42857142857142855,1.0,0.6,1.0,0.3076923076923077,0.3076923076923077,0.47058823529411764,0.425531914893617,0.5263157894736841,-0.50709255283711,-0.4285714285714286,-0.6,0.5714285714285714,
m928_06_fill_holes_and_orientation.obj,m928,RoundTable,1,9,6,0,7,2437,0.5051023211223895,0.7827405733317474,0.5516995135368499,0.2200917662980802,1,9,6,0,0.14285714285714285,0.0,0.1,0.0,0.8571428571428571,1.0,0.9,1.0,0.0625,0.0625,0.11764705882352941,0.10638297872340426,0.13157894736842102,-0.8783100656536799,-0.8571428571428572,-0.9,0.14285714285714285,
m929_06_fill_holes_and_orientation.obj,m929,RoundTable,1,9,6,0,7,2437,0.1614264395683036,0.6003568454859046,0.41706317091143597,0.1100458831490401,1,9,6,0,0.14285714285714285,0.0,0.1,0.0,0.8571428571428571,1.0,0.9,1.0,0.0625,0.0625,0.11764705882352941,0.10638297872340426,0.13157894736842102,-0.8783100656536799,-0.8571428571428572,-0.9,0.14285714285714285,
m930_06_fill_holes_and_orientation.obj,m930,RoundTable,0,10,7,0,7,2437,0.26007345776777896,0.7796479124539074,0.44506472052009655,0.0,0,10,7,0,0.0,0.0,0.0,0.0,1.0,1.0,1.0,1.0,0.0,0.0,,,,-1.0,-1.0,-1.0,0.0,
m932_06_fill_holes_and_orientation.obj,m932,RoundTable,2,8,5,0,7,2437,0.4003087001041785,0.6747591292970144,0.5076812211590424,0.24890832702259466,2,8,5,0,0.2857142857142857,0.0,0.2,0.0,0.7142857142857143,1.0,0.8,1.0,0.13333333333333333,0.13333333333333333,0.23529411764705882,0.2127659574468085,0.26315789473684204,-0.7559289460184545,-0.7142857142857143,-0.8,0.2857142857142857,
m933_06_fill_holes_and_orientation.obj,m933,RoundTable,2,8,5,0,7,2437,0.43931355490188995,0.6558582133936005,0.5331248767132758,0.29849003527675555,2,8,5,0,0.2857142857142857,0.0,0.2,0.0,0.7142857142857143,1.0,0.8,1.0,0.13333333333333333,0.13333333333333333,0.23529411764705882,0.2127659574468085,0.26315789473684204,-0.7559289460184545,-0.7142857142857143,-0.8,0.2857142857142857,
m934_06_fill_holes_and_orientation.obj,m934,RoundTable,1,9,6,0,7,2437,0.2009808340694174,0.644724634233377,0.43297936515047236,0.08514311764162101,1,9,6,0,0.14285714285714285,0.0,0.1,0.0,0.8571428571428571,1.0,0.9,1.0,0.0625,0.0625,0.11764705882352941,0.10638297872340426,0.13157894736842102,-0.8783100656536799,-0.8571428571428572,-0.9,0.14285714285714285,
m935_06_fill_holes_and_orientation.obj,m935,RoundTable,0,10,7,0,7,2437,0.243622278026961,0.7525871297728083,0.437778420189251,0.0,0,10,7,0,0.0,0.0,0.0,0.0,1.0,1.0,1.0,1.0,0.0,0.0,,,,-1.0,-1.0,-1.0,0.0,
m937_06_fill_holes_and_orientation.obj,m937,RoundTable,0,10,7,0,7,2437,0.06583622092373165,0.46825264660402044,0.34678163779514043,0.0,0,10,7,0,0.0,0.0,0.0,0.0,1.0,1.0,1.0,1.0,0.0,0.0,,,,-1.0,-1.0,-1.0,0.0,
m938_06_fill_holes_and_orientation.obj,m938,RoundTable,0,10,7,0,7,2437,0.12285849907088323,0.6772213631497562,0.38418237237638975,0.0,0,10,7,0,0.0,0.0,0.0,0.0,1.0,1.0,1.0,1.0,0.0,0.0,,,,-1.0,-1.0,-1.0,0.0,
D00057_06_fill_holes_and_orientation.obj,d00057,Shelf,3,7,4,0,7,2437,0.6823474742185258,0.8305696391291382,0.5525617661472129,0.24703059344735187,3,7,4,0,0.42857142857142855,0.0,0.3,0.0,0.5714285714285714,1.0,0.7,1.0,0.21428571428571427,0.21428571428571427,0.3529411764705882,0.3191489361702127,0.3947368421052631,-0.6324555320336759,-0.5714285714285714,-0.7,0.42857142857142855,
D00074_06_fill_holes_and_orientation.obj,d00074,Shelf,0,10,7,0,7,2437,0.7807818271861012,0.8694502435629785,0.5478690921031663,0.0,0,10,7,0,0.0,0.0,0.0,0.0,1.0,1.0,1.0,1.0,0.0,0.0,,,,-1.0,-1.0,-1.0,0.0,
D00129_06_fill_holes_and_orientation.obj,d00129,Shelf,2,8,5,0,7,2437,1.0157447739785335,0.870633263743911,0.6386739516923156,0.3301376494471203,2,8,5,0,0.2857142857142857,0.0,0.2,0.0,0.7142857142857143,1.0,0.8,1.0,0.13333333333333333,0.13333333333333333,0.23529411764705882,0.2127659574468085,0.26315789473684204,-0.7559289460184545,-0.7142857142857143,-0.8,0.2857142857142857,
D00171_06_fill_holes_and_orientation.obj,d00171,Shelf,0,10,7,0,7,2437,0.272165175710949,0.6138482950591511,0.44377893657371936,0.0,0,10,7,0,0.0,0.0,0.0,0.0,1.0,1.0,1.0,1.0,0.0,0.0,,,,-1.0,-1.0,-1.0,0.0,
D00198_06_fill_holes_and_orientation.obj,d00198,Shelf,4,6,3,0,7,2437,1.015266603385627,0.8638333830400637,0.6060722061934184,0.33217371108897287,4,6,3,0,0.5714285714285714,0.0,0.4,0.0,0.42857142857142855,1.0,0.6,1.0,0.3076923076923077,0.3076923076923077,0.47058823529411764,0.425531914893617,0.5263157894736841,-0.50709255283711,-0.4285714285714286,-0.6,0.5714285714285714,
D00242_06_fill_holes_and_orientation.obj,d00242,Shelf,1,9,6,0,7,2437,0.815588642279531,0.8708817973953673,0.5587445565847639,0.06943122193677728,1,9,6,0,0.14285714285714285,0.0,0.1,0.0,0.8571428571428571,1.0,0.9,1.0,0.0625,0.0625,0.11764705882352941,0.10638297872340426,0.13157894736842102,-0.8783100656536799,-0.8571428571428572,-0.9,0.14285714285714285,
D00337_06_fill_holes_and_orientation.obj,d00337,Shelf,0,10,7,0,7,2437,0.271844039620175,0.6768267223382046,0.44577325440266347,0.0,0,10,7,0,0.0,0.0,0.0,0.0,1.0,1.0,1.0,1.0,0.0,0.0,,,,-1.0,-1.0,-1.0,0.0,
D00352_06_fill_holes_and_orientation.obj,d00352,Shelf,1,9,6,0,7,2437,0.3819283059816244,0.6764986579182821,0.48021771208011726,0.06625422345438904,1,9,6,0,0.14285714285714285,0.0,0.1,0.0,0.8571428571428571,1.0,0.9,1.0,0.0625,0.0625,0.11764705882352941,0.10638297872340426,0.13157894736842102,-0.8783100656536799,-0.8571428571428572,-0.9,0.14285714285714285,
D00468_06_fill_holes_and_orientation.obj,d00468,Shelf,2,8,5,0,7,2437,0.2969311117317975,0.4950293269708719,0.4689582776993107,0.20511666732794362,2,8,5,0,0.2857142857142857,0.0,0.2,0.0,0.7142857142857143,1.0,0.8,1.0,0.13333333333333333,0.13333333333333333,0.23529411764705882,0.2127659574468085,0.26315789473684204,-0.7559289460184545,-0.7142857142857143,-0.8,0.2857142857142857,
D00592_06_fill_holes_and_orientation.obj,d00592,Shelf,0,10,7,0,7,2437,0.09474039574746695,0.36030420518938266,0.3740532101811939,0.0,0,10,7,0,0.0,0.0,0.0,0.0,1.0,1.0,1.0,1.0,0.0,0.0,,,,-1.0,-1.0,-1.0,0.0,
D00631_06_fill_holes_and_orientation.obj,d00631,Shelf,1,9,6,0,7,2437,0.19551355755963185,0.5103489412466449,0.4228631879667896,0.06362078819895173,1,9,6,0,0.14285714285714285,0.0,0.1,0.0,0.8571428571428571,1.0,0.9,1.0,0.0625,0.0625,0.11764705882352941,0.10638297872340426,0.13157894736842102,-0.8783100656536799,-0.8571428571428572,-0.9,0.14285714285714285,
D00691_06_fill_holes_and_orientation.obj,d00691,Shelf,0,10,7,0,7,2437,0.41782472061369574,0.8401630380753555,0.4757813885060502,0.0,0,10,7,0,0.0,0.0,0.0,0.0,1.0,1.0,1.0,1.0,0.0,0.0,,,,-1.0,-1.0,-1.0,0.0,
D00725_06_fill_holes_and_orientation.obj,d00725,Shelf,1,9,6,0,7,2437,0.3827403962853381,0.7363753852271597,0.47842353552301464,0.06943122193677728,1,9,6,0,0.14285714285714285,0.0,0.1,0.0,0.8571428571428571,1.0,0.9,1.0,0.0625,0.0625,0.11764705882352941,0.10638297872340426,0.13157894736842102,-0.8783100656536799,-0.8571428571428572,-0.9,0.14285714285714285,
D00772_06_fill_holes_and_orientation.obj,d00772,Shelf,4,6,3,0,7,2437,0.98247115077323,0.8482652351128344,0.6416376434996018,0.5017493542077721,4,6,3,0,0.5714285714285714,0.0,0.4,0.0,0.42857142857142855,1.0,0.6,1.0,0.3076923076923077,0.3076923076923077,0.47058823529411764,0.425531914893617,0.5263157894736841,-0.50709255283711,-0.4285714285714286,-0.6,0.5714285714285714,
D00781_06_fill_holes_and_orientation.obj,d00781,Shelf,1,9,6,0,7,2437,0.21813270786570582,0.47083209066507603,0.4347070594111955,0.08514311764162101,1,9,6,0,0.14285714285714285,0.0,0.1,0.0,0.8571428571428571,1.0,0.9,1.0,0.0625,0.0625,0.11764705882352941,0.10638297872340426,0.13157894736842102,-0.8783100656536799,-0.8571428571428572,-0.9,0.14285714285714285,
D00818_06_fill_holes_and_orientation.obj,d00818,Shelf,5,5,2,0,7,2437,1.3223772636316986,0.8664678397455017,0.6914030331566365,0.6025064803817582,5,5,2,0,0.7142857142857143,0.0,0.5,0.0,0.2857142857142857,1.0,0.5,1.0,0.4166666666666667,0.4166666666666667,0.588235294117647,0.5319148936170213,0.6578947368421053,-0.37796447300922725,-0.2857142857142857,-0.5,0.7142857142857143,
D00881_06_fill_holes_and_orientation.obj,d00881,Shelf,3,7,4,0,7,2437,0.7067614404028987,0.8180236604036186,0.5640619251302286,0.2687374555268953,3,7,4,0,0.42857142857142855,0.0,0.3,0.0,0.5714285714285714,1.0,0.7,1.0,0.21428571428571427,0.21428571428571427,0.3529411764705882,0.3191489361702127,0.3947368421052631,-0.6324555320336759,-0.5714285714285714,-0.7,0.42857142857142855,
D00887_06_fill_holes_and_orientation.obj,d00887,Shelf,2,8,5,0,7,2437,0.3294004641311834,0.5987374490506014,0.48135600771718545,0.2024832320725063,2,8,5,0,0.2857142857142857,0.0,0.2,0.0,0.7142857142857143,1.0,0.8,1.0,0.13333333333333333,0.13333333333333333,0.23529411764705882,0.2127659574468085,0.26315789473684204,-0.7559289460184545,-0.7142857142857143,-0.8,0.2857142857142857,
D00917_06_fill_holes_and_orientation.obj,d00917,Shelf,1,9,6,0,7,2437,0.189029275311235,0.47651854061039867,0.42361796355828446,0.06943122193677728,1,9,6,0,0.14285714285714285,0.0,0.1,0.0,0.8571428571428571,1.0,0.9,1.0,0.0625,0.0625,0.11764705882352941,0.10638297872340426,0.13157894736842102,-0.8783100656536799,-0.8571428571428572,-0.9,0.14285714285714285,
D00956_06_fill_holes_and_orientation.obj,d00956,Shelf,1,9,6,0,7,2437,0.4236593514644177,0.6469032707028533,0.5177256282379115,0.2200917662980802,1,9,6,0,0.14285714285714285,0.0,0.1,0.0,0.8571428571428571,1.0,0.9,1.0,0.0625,0.0625,0.11764705882352941,0.10638297872340426,0.13157894736842102,-0.8783100656536799,-0.8571428571428572,-0.9,0.14285714285714285,
m844_06_fill_holes_and_orientation.obj,m844,Shelf,4,6,3,0,7,2437,1.0113838115275284,0.8448851774530273,0.6430341223981967,0.4936790360674166,4,6,3,0,0.5714285714285714,0.0,0.4,0.0,0.42857142857142855,1.0,0.6,1.0,0.3076923076923077,0.3076923076923077,0.47058823529411764,0.425531914893617,0.5263157894736841,-0.50709255283711,-0.4285714285714286,-0.6,0.5714285714285714,
m845_06_fill_holes_and_orientation.obj,m845,Shelf,0,10,7,0,7,2437,0.16062928992261166,0.4597176657719455,0.4111351914560654,0.0,0,10,7,0,0.0,0.0,0.0,0.0,1.0,1.0,1.0,1.0,0.0,0.0,,,,-1.0,-1.0,-1.0,0.0,
m846_06_fill_holes_and_orientation.obj,m846,Shelf,0,10,7,0,7,2437,0.07909226798631346,0.31984292673227954,0.36335573292213136,0.0,0,10,7,0,0.0,0.0,0.0,0.0,1.0,1.0,1.0,1.0,0.0,0.0,,,,-1.0,-1.0,-1.0,0.0,
m847_06_fill_holes_and_orientation.obj,m847,Shelf,2,8,5,0,7,2437,0.6156295462449669,0.8129038671836167,0.5466856453695058,0.2024832320725063,2,8,5,0,0.2857142857142857,0.0,0.2,0.0,0.7142857142857143,1.0,0.8,1.0,0.13333333333333333,0.13333333333333333,0.23529411764705882,0.2127659574468085,0.26315789473684204,-0.7559289460184545,-0.7142857142857143,-0.8,0.2857142857142857,
m849_06_fill_holes_and_orientation.obj,m849,Shelf,2,8,5,0,7,2437,0.1870610275137519,0.3667760214733075,0.42115339364028603,0.17318663334822615,2,8,5,0,0.2857142857142857,0.0,0.2,0.0,0.7142857142857143,1.0,0.8,1.0,0.13333333333333333,0.13333333333333333,0.23529411764705882,0.2127659574468085,0.26315789473684204,-0.7559289460184545,-0.7142857142857143,-0.8,0.2857142857142857,
m850_06_fill_holes_and_orientation.obj,m850,Shelf,3,7,4,0,7,2437,0.9238519349071448,0.8433343274679392,0.6320135275515744,0.4373524791503101,3,7,4,0,0.42857142857142855,0.0,0.3,0.0,0.5714285714285714,1.0,0.7,1.0,0.21428571428571427,0.21428571428571427,0.3529411764705882,0.3191489361702127,0.3947368421052631,-0.6324555320336759,-0.5714285714285714,-0.7,0.42857142857142855,
m851_06_fill_holes_and_orientation.obj,m851,Shelf,1,9,6,0,7,2437,0.2005048560385081,0.4044636643801571,0.43029469186553765,0.1100458831490401,1,9,6,0,0.14285714285714285,0.0,0.1,0.0,0.8571428571428571,1.0,0.9,1.0,0.0625,0.0625,0.11764705882352941,0.10638297872340426,0.13157894736842102,-0.8783100656536799,-0.8571428571428572,-0.9,0.14285714285714285,
m852_06_fill_holes_and_orientation.obj,m852,Shelf,1,9,6,0,7,2437,0.1418394648899838,0.42067799980117304,0.4036727862569819,0.06625422345438904,1,9,6,0,0.14285714285714285,0.0,0.1,0.0,0.8571428571428571,1.0,0.9,1.0,0.0625,0.0625,0.11764705882352941,0.10638297872340426,0.13157894736842102,-0.8783100656536799,-0.8571428571428572,-0.9,0.14285714285714285,
m853_06_fill_holes_and_orientation.obj,m853,Shelf,1,9,6,0,7,2437,0.12782355040814872,0.3647082214931902,0.39590324803856564,0.06943122193677728,1,9,6,0,0.14285714285714285,0.0,0.1,0.0,0.8571428571428571,1.0,0.9,1.0,0.0625,0.0625,0.11764705882352941,0.10638297872340426,0.13157894736842102,-0.8783100656536799,-0.8571428571428572,-0.9,0.14285714285714285,
m854_06_fill_holes_and_orientation.obj,m854,Shelf,1,9,6,0,7,2437,0.10580938346536231,0.3456606024455711,0.3832029433312527,0.07839826897867534,1,9,6,0,0.14285714285714285,0.0,0.1,0.0,0.8571428571428571,1.0,0.9,1.0,0.0625,0.0625,0.11764705882352941,0.10638297872340426,0.13157894736842102,-0.8783100656536799,-0.8571428571428572,-0.9,0.14285714285714285,
m855_06_fill_holes_and_orientation.obj,m855,Shelf,0,10,7,0,7,2437,0.08941410178880303,0.4443582861119396,0.36417137909302616,0.0,0,10,7,0,0.0,0.0,0.0,0.0,1.0,1.0,1.0,1.0,0.0,0.0,,,,-1.0,-1.0,-1.0,0.0,
m856_06_fill_holes_and_orientation.obj,m856,Shelf,0,10,7,0,7,2437,0.7133469656250749,0.8623620638234417,0.5403709167286841,0.0,0,10,7,0,0.0,0.0,0.0,0.0,1.0,1.0,1.0,1.0,0.0,0.0,,,,-1.0,-1.0,-1.0,0.0,
m857_06_fill_holes_and_orientation.obj,m857,Shelf,0,10,7,0,7,2437,0.25926681704877674,0.7870762501242669,0.434480977067668,0.0,0,10,7,0,0.0,0.0,0.0,0.0,1.0,1.0,1.0,1.0,0.0,0.0,,,,-1.0,-1.0,-1.0,0.0,
m858_06_fill_holes_and_orientation.obj,m858,Shelf,0,10,7,0,7,2437,0.07124828637034812,0.3090665076051297,0.3519751665415903,0.0,0,10,7,0,0.0,0.0,0.0,0.0,1.0,1.0,1.0,1.0,0.0,0.0,,,,-1.0,-1.0,-1.0,0.0,
m859_06_fill_holes_and_orientation.obj,m859,Shelf,2,8,5,0,7,2437,0.7511806230988922,0.8772044934884183,0.5528465747726135,0.14201905717762706,2,8,5,0,0.2857142857142857,0.0,0.2,0.0,0.7142857142857143,1.0,0.8,1.0,0.13333333333333333,0.13333333333333333,0.23529411764705882,0.2127659574468085,0.26315789473684204,-0.7559289460184545,-0.7142857142857143,-0.8,0.2857142857142857,
m860_06_fill_holes_and_orientation.obj,m860,Shelf,2,8,5,0,7,2437,0.43525855624235327,0.702833283626603,0.5243701799012789,0.2895229882348575,2,8,5,0,0.2857142857142857,0.0,0.2,0.0,0.7142857142857143,1.0,0.8,1.0,0.13333333333333333,0.13333333333333333,0.23529411764705882,0.2127659574468085,0.26315789473684204,-0.7559289460184545,-0.7142857142857143,-0.8,0.2857142857142857,
m861_06_fill_holes_and_orientation.obj,m861,Shelf,1,9,6,0,7,2437,0.31087718873626213,0.660234615766975,0.467290229096674,0.08514311764162101,1,9,6,0,0.14285714285714285,0.0,0.1,0.0,0.8571428571428571,1.0,0.9,1.0,0.0625,0.0625,0.11764705882352941,0.10638297872340426,0.13157894736842102,-0.8783100656536799,-0.8571428571428572,-0.9,0.14285714285714285,
m862_06_fill_holes_and_orientation.obj,m862,Shelf,1,9,6,0,7,2437,0.5030473818401073,0.810627298936276,0.5191813003341816,0.13886244387355456,1,9,6,0,0.14285714285714285,0.0,0.1,0.0,0.8571428571428571,1.0,0.9,1.0,0.0625,0.0625,0.11764705882352941,0.10638297872340426,0.13157894736842102,-0.8783100656536799,-0.8571428571428572,-0.9,0.14285714285714285,
m863_06_fill_holes_and_orientation.obj,m863,Shelf,1,9,6,0,7,2437,0.30526218812964007,0.5713689233522219,0.47272312095249924,0.13886244387355456,1,9,6,0,0.14285714285714285,0.0,0.1,0.0,0.8571428571428571,1.0,0.9,1.0,0.0625,0.0625,0.11764705882352941,0.10638297872340426,0.13157894736842102,-0.8783100656536799,-0.8571428571428572,-0.9,0.14285714285714285,
m864_06_fill_holes_and_orientation.obj,m864,Shelf,1,9,6,0,7,2437,0.2845958765245652,0.4745302713987474,0.47220654240712584,0.2200917662980802,1,9,6,0,0.14285714285714285,0.0,0.1,0.0,0.8571428571428571,1.0,0.9,1.0,0.0625,0.0625,0.11764705882352941,0.10638297872340426,0.13157894736842102,-0.8783100656536799,-0.8571428571428572,-0.9,0.14285714285714285,
m865_06_fill_holes_and_orientation.obj,m865,Shelf,2,8,5,0,7,2437,0.4981790495946599,0.7438214534247937,0.54125964182637,0.29345568839744024,2,8,5,0,0.2857142857142857,0.0,0.2,0.0,0.7142857142857143,1.0,0.8,1.0,0.13333333333333333,0.13333333333333333,0.23529411764705882,0.2127659574468085,0.26315789473684204,-0.7559289460184545,-0.7142857142857143,-0.8,0.2857142857142857,
m866_06_fill_holes_and_orientation.obj,m866,Shelf,1,9,6,0,7,2437,0.49850126234313824,0.8242966497663785,0.5056315963613877,0.07839826897867534,1,9,6,0,0.14285714285714285,0.0,0.1,0.0,0.8571428571428571,1.0,0.9,1.0,0.0625,0.0625,0.11764705882352941,0.10638297872340426,0.13157894736842102,-0.8783100656536799,-0.8571428571428572,-0.9,0.14285714285714285,
m868_06_fill_holes_and_orientation.obj,m868,Shelf,0,10,7,0,7,2437,0.06842589763129121,0.2965105875335521,0.3489333960929503,0.0,0,10,7,0,0.0,0.0,0.0,0.0,1.0,1.0,1.0,1.0,0.0,0.0,,,,-1.0,-1.0,-1.0,0.0,
D00027_06_fill_holes_and_orientation.obj,d00027,Ship,3,7,4,0,7,2437,0.7162761332415727,0.6638102334823647,0.5658604537618475,0.39956887138389763,3,7,4,0,0.42857142857142855,0.0,0.3,0.0,0.5714285714285714,1.0,0.7,1.0,0.21428571428571427,0.21428571428571427,0.3529411764705882,0.3191489361702127,0.3947368421052631,-0.6324555320336759,-0.5714285714285714,-0.7,0.42857142857142855,
D00042_06_fill_holes_and_orientation.obj,d00042,Ship,0,10,7,0,7,2437,0.676800044555786,0.7587900866589391,0.5223692936268863,0.0,0,10,7,0,0.0,0.0,0.0,0.0,1.0,1.0,1.0,1.0,0.0,0.0,,,,-1.0,-1.0,-1.0,0.0,
D00099_06_fill_holes_and_orientation.obj,d00099,Ship,2,8,5,0,7,2437,0.8793553813933128,0.7567478059281338,0.5889862233429711,0.3052348839397012,2,8,5,0,0.2857142857142857,0.0,0.2,0.0,0.7142857142857143,1.0,0.8,1.0,0.13333333333333333,0.13333333333333333,0.23529411764705882,0.2127659574468085,0.26315789473684204,-0.7559289460184545,-0.7142857142857143,-0.8,0.2857142857142857,
D00175_06_fill_holes_and_orientation.obj,d00175,Ship,1,9,6,0,7,2437,0.5687099642055528,0.7284456587735275,0.5087794062280051,0.07839826897867534,1,9,6,0,0.14285714285714285,0.0,0.1,0.0,0.8571428571428571,1.0,0.9,1.0,0.0625,0.0625,0.11764705882352941,0.10638297872340426,0.13157894736842102,-0.8783100656536799,-0.8571428571428572,-0.9,0.14285714285714285,
D00247_06_fill_holes_and_orientation.obj,d00247,Ship,3,7,4,0,7,2437,1.0204938845856675,0.7276729039024121,0.6110140011110932,0.4225749983705865,3,7,4,0,0.42857142857142855,0.0,0.3,0.0,0.5714285714285714,1.0,0.7,1.0,0.21428571428571427,0.21428571428571427,0.3529411764705882,0.3191489361702127,0.3947368421052631,-0.6324555320336759,-0.5714285714285714,-0.7,0.42857142857142855,
D00258_06_fill_holes_and_orientation.obj,d00258,Ship,4,6,2,0,6,2437,0.905240734252403,0.7110862725616824,0.5556040248862976,0.3526637384340435,4,6,2,0,0.6666666666666666,0.0,0.4,0.0,0.3333333333333333,1.0,0.6,1.0,0.3333333333333333,0.3333333333333333,0.5,0.43478260869565216,0.5882352941176471,-0.4472135954999579,-0.33333333333333337,-0.6,0.6666666666666666,
D00292_06_fill_holes_and_orientation.obj,d00292,Ship,3,7,4,0,7,2437,0.7553145832572739,0.6313821272837666,0.5732582203699722,0.4323181322709948,3,7,4,0,0.42857142857142855,0.0,0.3,0.0,0.5714285714285714,1.0,0.7,1.0,0.21428571428571427,0.21428571428571427,0.3529411764705882,0.3191489361702127,0.3947368421052631,-0.6324555320336759,-0.5714285714285714,-0.7,0.42857142857142855,
D00429_06_fill_holes_and_orientation.obj,d00429,Ship,1,9,6,0,7,2437,0.5623593645129693,0.734993376386819,0.5093271807721338,0.08514311764162101,1,9,6,0,0.14285714285714285,0.0,0.1,0.0,0.8571428571428571,1.0,0.9,1.0,0.0625,0.0625,0.11764705882352941,0.10638297872340426,0.13157894736842102,-0.8783100656536799,-0.8571428571428572,-0.9,0.14285714285714285,
D00467_06_fill_holes_and_orientation.obj,d00467,Ship,0,10,7,0,7,2437,0.2962540735102677,0.6045357951095657,0.4521840423888719,0.0,0,10,7,0,0.0,0.0,0.0,0.0,1.0,1.0,1.0,1.0,0.0,0.0,,,,-1.0,-1.0,-1.0,0.0,
D00539_06_fill_holes_and_orientation.obj,d00539,Ship,3,7,4,0,7,2437,0.5378730512529367,0.6339211790031463,0.5119341681110752,0.23440650992329992,3,7,4,0,0.42857142857142855,0.0,0.3,0.0,0.5714285714285714,1.0,0.7,1.0,0.21428571428571427,0.21428571428571427,0.3529411764705882,0.3191489361702127,0.3947368421052631,-0.6324555320336759,-0.5714285714285714,-0.7,0.42857142857142855,
D00543_06_fill_holes_and_orientation.obj,d00543,Ship,0,10,6,0,6,2437,0.5123566998766752,0.702109896782028,0.4826812581647647,0.0,0,10,6,0,0.0,0.0,0.0,0.0,1.0,1.0,1.0,1.0,0.0,0.0,,,,-1.0,-1.0,-1.0,0.0,
D00647_06_fill_holes_and_orientation.obj,d00647,Ship,2,8,5,0,7,2437,1.1367923336766832,0.7761770712590383,0.6267535973952337,0.35895421017163476,2,8,5,0,0.2857142857142857,0.0,0.2,0.0,0.7142857142857143,1.0,0.8,1.0,0.13333333333333333,0.13333333333333333,0.23529411764705882,0.2127659574468085,0.26315789473684204,-0.7559289460184545,-0.7142857142857143,-0.8,0.2857142857142857,
D00771_06_fill_holes_and_orientation.obj,d00771,Ship,1,9,6,0,7,2437,0.7232281421444505,0.7776397858365072,0.5588548295878102,0.2200917662980802,1,9,6,0,0.14285714285714285,0.0,0.1,0.0,0.8571428571428571,1.0,0.9,1.0,0.0625,0.0625,0.11764705882352941,0.10638297872340426,0.13157894736842102,-0.8783100656536799,-0.8571428571428572,-0.9,0.14285714285714285,
D00791_06_fill_holes_and_orientation.obj,d00791,Ship,2,8,5,0,7,2437,0.35020731450372183,0.5828779599271403,0.4726771110790168,0.15850703974098107,2,8,5,0,0.2857142857142857,0.0,0.2,0.0,0.7142857142857143,1.0,0.8,1.0,0.13333333333333333,0.13333333333333333,0.23529411764705882,0.2127659574468085,0.26315789473684204,-0.7559289460184545,-0.7142857142857143,-0.8,0.2857142857142857,
D00809_06_fill_holes_and_orientation.obj,d00809,Ship,0,10,7,0,7,2437,0.47567233831310807,0.7671523982999393,0.48143548487083776,0.0,0,10,7,0,0.0,0.0,0.0,0.0,1.0,1.0,1.0,1.0,0.0,0.0,,,,-1.0,-1.0,-1.0,0.0,
D00837_06_fill_holes_and_orientation.obj,d00837,Ship,3,7,4,0,7,2437,1.0179232094792436,0.7277970966495556,0.6106686615346026,0.4225749983705865,3,7,4,0,0.42857142857142855,0.0,0.3,0.0,0.5714285714285714,1.0,0.7,1.0,0.21428571428571427,0.21428571428571427,0.3529411764705882,0.3191489361702127,0.3947368421052631,-0.6324555320336759,-0.5714285714285714,-0.7,0.42857142857142855,
D00896_06_fill_holes_and_orientation.obj,d00896,Ship,1,9,6,0,7,2437,0.43139339520845177,0.7364077937848429,0.4807393458507062,0.07839826897867534,1,9,6,0,0.14285714285714285,0.0,0.1,0.0,0.8571428571428571,1.0,0.9,1.0,0.0625,0.0625,0.11764705882352941,0.10638297872340426,0.13157894736842102,-0.8783100656536799,-0.8571428571428572,-0.9,0.14285714285714285,
D00907_06_fill_holes_and_orientation.obj,d00907,Ship,0,10,7,0,7,2437,0.42450170772561463,0.733903240050781,0.4765939880521716,0.0,0,10,7,0,0.0,0.0,0.0,0.0,1.0,1.0,1.0,1.0,0.0,0.0,,,,-1.0,-1.0,-1.0,0.0,
D00935_06_fill_holes_and_orientation.obj,d00935,Ship,1,9,6,0,7,2437,0.6290309867427694,0.7875062096373571,0.5188910253548161,0.06943122193677728,1,9,6,0,0.14285714285714285,0.0,0.1,0.0,0.8571428571428571,1.0,0.9,1.0,0.0625,0.0625,0.11764705882352941,0.10638297872340426,0.13157894736842102,-0.8783100656536799,-0.8571428571428572,-0.9,0.14285714285714285,
D00949_06_fill_holes_and_orientation.obj,d00949,Ship,2,8,5,0,7,2437,0.4664619595654019,0.6541645967875476,0.49733590639196495,0.14465249243306438,2,8,5,0,0.2857142857142857,0.0,0.2,0.0,0.7142857142857143,1.0,0.8,1.0,0.13333333333333333,0.13333333333333333,0.23529411764705882,0.2127659574468085,0.26315789473684204,-0.7559289460184545,-0.7142857142857143,-0.8,0.2857142857142857,
m1427_06_fill_holes_and_orientation.obj,m1427,Ship,5,5,2,0,7,2437,0.9938913423304013,0.6637481371087929,0.6011830410698981,0.5727555047321238,5,5,2,0,0.7142857142857143,0.0,0.5,0.0,0.2857142857142857,1.0,0.5,1.0,0.4166666666666667,0.4166666666666667,0.588235294117647,0.5319148936170213,0.6578947368421053,-0.37796447300922725,-0.2857142857142857,-0.5,0.7142857142857143,
m1428_06_fill_holes_and_orientation.obj,m1428,Ship,3,7,4,0,7,2437,0.7966447663826136,0.7357109344814263,0.5661364430955573,0.33405144466421566,3,7,4,0,0.42857142857142855,0.0,0.3,0.0,0.5714285714285714,1.0,0.7,1.0,0.21428571428571427,0.21428571428571427,0.3529411764705882,0.3191489361702127,0.3947368421052631,-0.6324555320336759,-0.5714285714285714,-0.7,0.42857142857142855,
m1429_06_fill_holes_and_orientation.obj,m1429,Ship,6,4,1,0,7,2437,1.0687111152889854,0.678264889330463,0.6086692264815792,0.6293644814585829,6,4,1,0,0.8571428571428571,0.0,0.6,0.0,0.14285714285714285,1.0,0.4,1.0,0.5454545454545454,0.5454545454545454,0.7058823529411764,0.6382978723404255,0.7894736842105262,-0.23904572186687872,-0.1428571428571429,-0.4,0.8571428571428571,
m1430_06_fill_holes_and_orientation.obj,m1430,Ship,2,8,5,0,7,2437,0.5745008667485895,0.6371708892200696,0.523580979134426,0.20511666732794362,2,8,5,0,0.2857142857142857,0.0,0.2,0.0,0.7142857142857143,1.0,0.8,1.0,0.13333333333333333,0.13333333333333333,0.23529411764705882,0.2127659574468085,0.26315789473684204,-0.7559289460184545,-0.7142857142857143,-0.8,0.2857142857142857,
m1431_06_fill_holes_and_orientation.obj,m1431,Ship,2,8,5,0,7,2437,0.6505115052070558,0.6658456146161065,0.5505211839082439,0.2863459897524693,2,8,5,0,0.2857142857142857,0.0,0.2,0.0,0.7142857142857143,1.0,0.8,1.0,0.13333333333333333,0.13333333333333333,0.23529411764705882,0.2127659574468085,0.26315789473684204,-0.7559289460184545,-0.7142857142857143,-0.8,0.2857142857142857,
m1432_06_fill_holes_and_orientation.obj,m1432,Ship,1,9,6,0,7,2437,0.6995251126982243,0.7386225644422366,0.5579627202904225,0.2200917662980802,1,9,6,0,0.14285714285714285,0.0,0.1,0.0,0.8571428571428571,1.0,0.9,1.0,0.0625,0.0625,0.11764705882352941,0.10638297872340426,0.13157894736842102,-0.8783100656536799,-0.8571428571428572,-0.9,0.14285714285714285,
m1433_06_fill_holes_and_orientation.obj,m1433,Ship,3,7,4,0,7,2437,0.7028640237207665,0.683715571010653,0.5628317855299294,0.36885567213865295,3,7,4,0,0.42857142857142855,0.0,0.3,0.0,0.5714285714285714,1.0,0.7,1.0,0.21428571428571427,0.21428571428571427,0.3529411764705882,0.3191489361702127,0.3947368421052631,-0.6324555320336759,-0.5714285714285714,-0.7,0.42857142857142855,
m1434_06_fill_holes_and_orientation.obj,m1434,Ship,0,10,7,0,7,2437,0.2638571769477432,0.5975465032842082,0.4343790626061387,0.0,0,10,7,0,0.0,0.0,0.0,0.0,1.0,1.0,1.0,1.0,0.0,0.0,,,,-1.0,-1.0,-1.0,0.0,
m1435_06_fill_holes_and_orientation.obj,m1435,Ship,2,8,5,0,7,2437,0.706348862300099,0.6541231992051664,0.5644634100991781,0.3301376494471203,2,8,5,0,0.2857142857142857,0.0,0.2,0.0,0.7142857142857143,1.0,0.8,1.0,0.13333333333333333,0.13333333333333333,0.23529411764705882,0.2127659574468085,0.26315789473684204,-0.7559289460184545,-0.7142857142857143,-0.8,0.2857142857142857,
m1436_06_fill_holes_and_orientation.obj,m1436,Ship,2,8,5,0,7,2437,1.0042041018750874,0.7801374399735055,0.603968727745043,0.29849003527675555,2,8,5,0,0.2857142857142857,0.0,0.2,0.0,0.7142857142857143,1.0,0.8,1.0,0.13333333333333333,0.13333333333333333,0.23529411764705882,0.2127659574468085,0.26315789473684204,-0.7559289460184545,-0.7142857142857143,-0.8,0.2857142857142857,
m1437_06_fill_holes_and_orientation.obj,m1437,Ship,3,7,4,0,7,2437,0.9222036972539935,0.6553237290942209,0.5971002465674655,0.46900009332067494,3,7,4,0,0.42857142857142855,0.0,0.3,0.0,0.5714285714285714,1.0,0.7,1.0,0.21428571428571427,0.21428571428571427,0.3529411764705882,0.3191489361702127,0.3947368421052631,-0.6324555320336759,-0.5714285714285714,-0.7,0.42857142857142855,
m1438_06_fill_holes_and_orientation.obj,m1438,Ship,2,8,5,0,7,2437,0.7165903505179487,0.7213045758127725,0.539371464160158,0.15850703974098107,2,8,5,0,0.2857142857142857,0.0,0.2,0.0,0.7142857142857143,1.0,0.8,1.0,0.13333333333333333,0.13333333333333333,0.23529411764705882,0.2127659574468085,0.26315789473684204,-0.7559289460184545,-0.7142857142857143,-0.8,0.2857142857142857,
m1439_06_fill_holes_and_orientation.obj,m1439,Ship,2,8,5,0,7,2437,0.6971539971388571,0.7805100182149363,0.5451785400183493,0.23365080824310536,2,8,5,0,0.2857142857142857,0.0,0.2,0.0,0.7142857142857143,1.0,0.8,1.0,0.13333333333333333,0.13333333333333333,0.23529411764705882,0.2127659574468085,0.26315789473684204,-0.7559289460184545,-0.7142857142857143,-0.8,0.2857142857142857,
m1440_06_fill_holes_and_orientation.obj,m1440,Ship,2,8,5,0,7,2437,0.4911349836208801,0.7388019539658883,0.496482708993187,0.1517621910780354,2,8,5,0,0.2857142857142857,0.0,0.2,0.0,0.7142857142857143,1.0,0.8,1.0,0.13333333333333333,0.13333333333333333,0.23529411764705882,0.2127659574468085,0.26315789473684204,-0.7559289460184545,-0.7142857142857143,-0.8,0.2857142857142857,
m1441_06_fill_holes_and_orientation.obj,m1441,Ship,0,10,7,0,7,2437,0.27446804699089833,0.5813669481702268,0.4451570404161262,0.0,0,10,7,0,0.0,0.0,0.0,0.0,1.0,1.0,1.0,1.0,0.0,0.0,,,,-1.0,-1.0,-1.0,0.0,
m1442_06_fill_holes_and_orientation.obj,m1442,Ship,2,8,4,0,6,2437,0.7806039322705342,0.7303913451454435,0.530984485726296,0.1517621910780354,2,8,4,0,0.3333333333333333,0.0,0.2,0.0,0.6666666666666666,1.0,0.8,1.0,0.14285714285714285,0.14285714285714285,0.25,0.21739130434782608,0.29411764705882354,-0.7302967433402214,-0.6666666666666667,-0.8,0.3333333333333333,
m1444_06_fill_holes_and_orientation.obj,m1444,Ship,0,10,7,0,7,2437,0.47645796713523153,0.7666211293260474,0.4845789246265654,0.0,0,10,7,0,0.0,0.0,0.0,0.0,1.0,1.0,1.0,1.0,0.0,0.0,,,,-1.0,-1.0,-1.0,0.0,
m1446_06_fill_holes_and_orientation.obj,m1446,Ship,3,7,4,0,7,2437,1.0123841404398264,0.7258790086658939,0.6112686731644312,0.4323181322709948,3,7,4,0,0.42857142857142855,0.0,0.3,0.0,0.5714285714285714,1.0,0.7,1.0,0.21428571428571427,0.21428571428571427,0.3529411764705882,0.3191489361702127,0.3947368421052631,-0.6324555320336759,-0.5714285714285714,-0.7,0.42857142857142855,
m1447_06_fill_holes_and_orientation.obj,m1447,Ship,0,10,7,0,7,2437,0.6350128222183328,0.7825453993486781,0.5123399124108536,0.0,0,10,7,0,0.0,0.0,0.0,0.0,1.0,1.0,1.0,1.0,0.0,0.0,,,,-1.0,-1.0,-1.0,0.0,
m1449_06_fill_holes_and_orientation.obj,m1449,Ship,0,10,7,0,7,2437,0.25435048877437877,0.5776411657559198,0.4347591846562744,0.0,0,10,7,0,0.0,0.0,0.0,0.0,1.0,1.0,1.0,1.0,0.0,0.0,,,,-1.0,-1.0,-1.0,0.0,
m1450_06_fill_holes_and_orientation.obj,m1450,Ship,0,10,7,0,7,2437,0.2776957958141671,0.601775956284153,0.4407609418934085,0.0,0,10,7,0,0.0,0.0,0.0,0.0,1.0,1.0,1.0,1.0,0.0,0.0,,,,-1.0,-1.0,-1.0,0.0,
m1451_06_fill_holes_and_orientation.obj,m1451,Ship,0,10,7,0,7,2437,0.2684292097618418,0.5922131147540983,0.4405232541592397,0.0,0,10,7,0,0.0,0.0,0.0,0.0,1.0,1.0,1.0,1.0,0.0,0.0,,,,-1.0,-1.0,-1.0,0.0,
m1452_06_fill_holes_and_orientation.obj,m1452,Ship,0,10,7,0,7,2437,0.25786475846185014,0.5817878235911023,0.43730773984093974,0.0,0,10,7,0,0.0,0.0,0.0,0.0,1.0,1.0,1.0,1.0,0.0,0.0,,,,-1.0,-1.0,-1.0,0.0,
m1453_06_fill_holes_and_orientation.obj,m1453,Ship,1,9,5,0,6,2437,0.410425712916426,0.6250344979853176,0.47095880541073787,0.09478836436955079,1,9,5,0,0.16666666666666666,0.0,0.1,0.0,0.8333333333333334,1.0,0.9,1.0,0.06666666666666667,0.06666666666666667,0.125,0.10869565217391304,0.14705882352941177,-0.8660254037844386,-0.8333333333333334,-0.9,0.16666666666666666,
m1454_06_fill_holes_and_orientation.obj,m1454,Ship,0,10,7,0,7,2437,0.28102017226050235,0.595324833029751,0.44460205711381695,0.0,0,10,7,0,0.0,0.0,0.0,0.0,1.0,1.0,1.0,1.0,0.0,0.0,,,,-1.0,-1.0,-1.0,0.0,
m1455_06_fill_holes_and_orientation.obj,m1455,Ship,0,10,7,0,7,2437,0.2151951724339383,0.5289093116961969,0.4184622411558589,0.0,0,10,7,0,0.0,0.0,0.0,0.0,1.0,1.0,1.0,1.0,0.0,0.0,,,,-1.0,-1.0,-1.0,0.0,
m1456_06_fill_holes_and_orientation.obj,m1456,Ship,0,10,7,0,7,2437,0.2000757932285271,0.502297565822156,0.4102123136352763,0.0,0,10,7,0,0.0,0.0,0.0,0.0,1.0,1.0,1.0,1.0,0.0,0.0,,,,-1.0,-1.0,-1.0,0.0,
m1457_06_fill_holes_and_orientation.obj,m1457,Ship,0,10,7,0,7,2437,0.32616935608816017,0.6442981729866976,0.4585090349241169,0.0,0,10,7,0,0.0,0.0,0.0,0.0,1.0,1.0,1.0,1.0,0.0,0.0,,,,-1.0,-1.0,-1.0,0.0,
m1458_06_fill_holes_and_orientation.obj,m1458,Ship,0,10,7,0,7,2437,0.25407785677087086,0.5544516200253906,0.43523359602410083,0.0,0,10,7,0,0.0,0.0,0.0,0.0,1.0,1.0,1.0,1.0,0.0,0.0,,,,-1.0,-1.0,-1.0,0.0,
m1459_06_fill_holes_and_orientation.obj,m1459,Ship,0,10,7,0,7,2437,0.2167238516528486,0.5064580228514655,0.4239391553899247,0.0,0,10,7,0,0.0,0.0,0.0,0.0,1.0,1.0,1.0,1.0,0.0,0.0,,,,-1.0,-1.0,-1.0,0.0,
m1460_06_fill_holes_and_orientation.obj,m1460,Ship,1,9,6,0,7,2437,0.2607828213692182,0.5370163382458464,0.4421592580626665,0.06943122193677728,1,9,6,0,0.14285714285714285,0.0,0.1,0.0,0.8571428571428571,1.0,0.9,1.0,0.0625,0.0625,0.11764705882352941,0.10638297872340426,0.13157894736842102,-0.8783100656536799,-0.8571428571428572,-0.9,0.14285714285714285,
m1461_06_fill_holes_and_orientation.obj,m1461,Ship,1,9,6,0,7,2437,0.23863395170447665,0.5231826461334659,0.4362373055542061,0.06625422345438904,1,9,6,0,0.14285714285714285,0.0,0.1,0.0,0.8571428571428571,1.0,0.9,1.0,0.0625,0.0625,0.11764705882352941,0.10638297872340426,0.13157894736842102,-0.8783100656536799,-0.8571428571428572,-0.9,0.14285714285714285,
m1462_06_fill_holes_and_orientation.obj,m1462,Ship,1,9,6,0,7,2437,0.2868814264624157,0.5257147982557818,0.4533756471925451,0.13886244387355456,1,9,6,0,0.14285714285714285,0.0,0.1,0.0,0.8571428571428571,1.0,0.9,1.0,0.0625,0.0625,0.11764705882352941,0.10638297872340426,0.13157894736842102,-0.8783100656536799,-0.8571428571428572,-0.9,0.14285714285714285,
m1463_06_fill_holes_and_orientation.obj,m1463,Ship,2,8,5,0,7,2437,0.9294001090739785,0.7382292874096152,0.5909563278941644,0.2837125544970319,2,8,5,0,0.2857142857142857,0.0,0.2,0.0,0.7142857142857143,1.0,0.8,1.0,0.13333333333333333,0.13333333333333333,0.23529411764705882,0.2127659574468085,0.26315789473684204,-0.7559289460184545,-0.7142857142857143,-0.8,0.2857142857142857,
m1464_06_fill_holes_and_orientation.obj,m1464,Ship,0,10,7,0,7,2437,0.4896740866922929,0.6922917701606226,0.49443321244256394,0.0,0,10,7,0,0.0,0.0,0.0,0.0,1.0,1.0,1.0,1.0,0.0,0.0,,,,-1.0,-1.0,-1.0,0.0,
m1465_06_fill_holes_and_orientation.obj,m1465,Ship,1,9,5,0,6,2437,0.7196086681924112,0.7657793784842966,0.51764191485396,0.06362078819895173,1,9,5,0,0.16666666666666666,0.0,0.1,0.0,0.8333333333333334,1.0,0.9,1.0,0.06666666666666667,0.06666666666666667,0.125,0.10869565217391304,0.14705882352941177,-0.8660254037844386,-0.8333333333333334,-0.9,0.16666666666666666,
m1466_06_fill_holes_and_orientation.obj,m1466,Ship,2,8,5,0,7,2437,0.8758077056220424,0.7697052492134459,0.5729826596897536,0.24890832702259466,2,8,5,0,0.2857142857142857,0.0,0.2,0.0,0.7142857142857143,1.0,0.8,1.0,0.13333333333333333,0.13333333333333333,0.23529411764705882,0.2127659574468085,0.26315789473684204,-0.7559289460184545,-0.7142857142857143,-0.8,0.2857142857142857,
m1467_06_fill_holes_and_orientation.obj,m1467,Ship,1,9,6,0,7,2437,0.7376867229894278,0.7842978970028149,0.5617875348164716,0.2200917662980802,1,9,6,0,0.14285714285714285,0.0,0.1,0.0,0.8571428571428571,1.0,0.9,1.0,0.0625,0.0625,0.11764705882352941,0.10638297872340426,0.13157894736842102,-0.8783100656536799,-0.8571428571428572,-0.9,0.14285714285714285,
m1468_06_fill_holes_and_orientation.obj,m1468,Ship,3,7,4,0,7,2437,0.9505922598317343,0.7789093116961969,0.600747472144723,0.38431135260440824,3,7,4,0,0.42857142857142855,0.0,0.3,0.0,0.5714285714285714,1.0,0.7,1.0,0.21428571428571427,0.21428571428571427,0.3529411764705882,0.3191489361702127,0.3947368421052631,-0.6324555320336759,-0.5714285714285714,-0.7,0.42857142857142855,
m1469_06_fill_holes_and_orientation.obj,m1469,Ship,3,7,4,0,7,2437,0.8874908932192813,0.7738519070486283,0.5892543702947145,0.3647442587311446,3,7,4,0,0.42857142857142855,0.0,0.3,0.0,0.5714285714285714,1.0,0.7,1.0,0.21428571428571427,0.21428571428571427,0.3529411764705882,0.3191489361702127,0.3947368421052631,-0.6324555320336759,-0.5714285714285714,-0.7,0.42857142857142855,
m1470_06_fill_holes_and_orientation.obj,m1470,Ship,2,8,5,0,7,2437,0.9415504192158913,0.7572790749020257,0.5917047580676479,0.2837125544970319,2,8,5,0,0.2857142857142857,0.0,0.2,0.0,0.7142857142857143,1.0,0.8,1.0,0.13333333333333333,0.13333333333333333,0.23529411764705882,0.2127659574468085,0.26315789473684204,-0.7559289460184545,-0.7142857142857143,-0.8,0.2857142857142857,
m1471_06_fill_holes_and_orientation.obj,m1471,Ship,0,10,7,0,7,2437,0.40489385572466335,0.723726334382072,0.47123450901539016,0.0,0,10,7,0,0.0,0.0,0.0,0.0,1.0,1.0,1.0,1.0,0.0,0.0,,,,-1.0,-1.0,-1.0,0.0,
m1676_06_fill_holes_and_orientation.obj,m1676,Sign,0,10,7,0,7,2437,0.0031892354480963924,0.37402223137093454,0.19536959282399907,0.0,0,10,7,0,0.0,0.0,0.0,0.0,1.0,1.0,1.0,1.0,0.0,0.0,,,,-1.0,-1.0,-1.0,0.0,
m1678_06_fill_holes_and_orientation.obj,m1678,Sign,0,10,7,0,7,2437,0.02438127751200015,0.44467888019761215,0.25717364247268676,0.0,0,10,7,0,0.0,0.0,0.0,0.0,1.0,1.0,1.0,1.0,0.0,0.0,,,,-1.0,-1.0,-1.0,0.0,
m1679_06_fill_holes_and_orientation.obj,m1679,Sign,0,10,7,0,7,2437,0.003886199363203465,0.3419102511321531,0.20213902723427746,0.0,0,10,7,0,0.0,0.0,0.0,0.0,1.0,1.0,1.0,1.0,0.0,0.0,,,,-1.0,-1.0,-1.0,0.0,
m1680_06_fill_holes_and_orientation.obj,m1680,Sign,0,10,7,0,7,2437,0.008958988957047801,0.4938760806916427,0.22875728400688453,0.0,0,10,7,0,0.0,0.0,0.0,0.0,1.0,1.0,1.0,1.0,0.0,0.0,,,,-1.0,-1.0,-1.0,0.0,
m1681_06_fill_holes_and_orientation.obj,m1681,Sign,0,10,7,0,7,2437,0.039311541392443125,0.6369390695759571,0.29701210291804886,0.0,0,10,7,0,0.0,0.0,0.0,0.0,1.0,1.0,1.0,1.0,0.0,0.0,,,,-1.0,-1.0,-1.0,0.0,
m1682_06_fill_holes_and_orientation.obj,m1682,Sign,0,10,7,0,7,2437,0.01447796426074508,0.38117538081515023,0.23852939398610734,0.0,0,10,7,0,0.0,0.0,0.0,0.0,1.0,1.0,1.0,1.0,0.0,0.0,,,,-1.0,-1.0,-1.0,0.0,
m1683_06_fill_holes_and_orientation.obj,m1683,Sign,0,10,7,0,7,2437,0.015799591147665486,0.3677439275421984,0.24215751978678793,0.0,0,10,7,0,0.0,0.0,0.0,0.0,1.0,1.0,1.0,1.0,0.0,0.0,,,,-1.0,-1.0,-1.0,0.0,
m1684_06_fill_holes_and_orientation.obj,m1684,Sign,0,10,7,0,7,2437,0.002778517062213323,0.2646665294359819,0.19164471561468097,0.0,0,10,7,0,0.0,0.0,0.0,0.0,1.0,1.0,1.0,1.0,0.0,0.0,,,,-1.0,-1.0,-1.0,0.0,
m1685_06_fill_holes_and_orientation.obj,m1685,Sign,0,10,7,0,7,2437,0.00478789723116733,0.3840057636887608,0.20792674293519722,0.0,0,10,7,0,0.0,0.0,0.0,0.0,1.0,1.0,1.0,1.0,0.0,0.0,,,,-1.0,-1.0,-1.0,0.0,
D00006_06_fill_holes_and_orientation.obj,d00006,Skyscraper,1,9,6,0,7,2437,0.23696007193661275,0.7749336119454964,0.48676305273613657,0.2200917662980802,1,9,6,0,0.14285714285714285,0.0,0.1,0.0,0.8571428571428571,1.0,0.9,1.0,0.0625,0.0625,0.11764705882352941,0.10638297872340426,0.13157894736842102,-0.8783100656536799,-0.8571428571428572,-0.9,0.14285714285714285,
D00058_06_fill_holes_and_orientation.obj,d00058,Skyscraper,2,8,5,0,7,2437,0.1832264903477287,0.5695006747638327,0.42981349551112524,0.20829366581033185,2,8,5,0,0.2857142857142857,0.0,0.2,0.0,0.7142857142857143,1.0,0.8,1.0,0.13333333333333333,0.13333333333333333,0.23529411764705882,0.2127659574468085,0.26315789473684204,-0.7559289460184545,-0.7142857142857143,-0.8,0.2857142857142857,
D00059_06_fill_holes_and_orientation.obj,d00059,Skyscraper,1,9,6,0,7,2437,0.1559777206963874,0.24528753645901352,0.39097417837483084,0.2200917662980802,1,9,6,0,0.14285714285714285,0.0,0.1,0.0,0.8571428571428571,1.0,0.9,1.0,0.0625,0.0625,0.11764705882352941,0.10638297872340426,0.13157894736842102,-0.8783100656536799,-0.8571428571428572,-0.9,0.14285714285714285,
D00105_06_fill_holes_and_orientation.obj,d00105,Skyscraper,1,9,6,0,7,2437,0.16662874835171484,0.3390579426233077,0.4126993007175501,0.2200917662980802,1,9,6,0,0.14285714285714285,0.0,0.1,0.0,0.8571428571428571,1.0,0.9,1.0,0.0625,0.0625,0.11764705882352941,0.10638297872340426,0.13157894736842102,-0.8783100656536799,-0.8571428571428572,-0.9,0.14285714285714285,
D00125_06_fill_holes_and_orientation.obj,d00125,Skyscraper,1,9,6,0,7,2437,0.17823431260518582,0.3583866614426886,0.4247518316805156,0.2200917662980802,1,9,6,0,0.14285714285714285,0.0,0.1,0.0,0.8571428571428571,1.0,0.9,1.0,0.0625,0.0625,0.11764705882352941,0.10638297872340426,0.13157894736842102,-0.8783100656536799,-0.8571428571428572,-0.9,0.14285714285714285,
D00126_06_fill_holes_and_orientation.obj,d00126,Skyscraper,2,8,5,0,7,2437,0.35569031544039237,0.7309433633712071,0.5370110120705509,0.35895421017163476,2,8,5,0,0.2857142857142857,0.0,0.2,0.0,0.7142857142857143,1.0,0.8,1.0,0.13333333333333333,0.13333333333333333,0.23529411764705882,0.2127659574468085,0.26315789473684204,-0.7559289460184545,-0.7142857142857143,-0.8,0.2857142857142857,
D00130_06_fill_holes_and_orientation.obj,d00130,Skyscraper,0,10,7,0,7,2437,0.013116594765853768,0.22045187410212874,0.25888809493975096,0.0,0,10,7,0,0.0,0.0,0.0,0.0,1.0,1.0,1.0,1.0,0.0,0.0,,,,-1.0,-1.0,-1.0,0.0,
D00259_06_fill_holes_and_orientation.obj,d00259,Skyscraper,2,8,5,0,7,2437,0.17023013087047592,0.6106395019807583,0.4171758562994053,0.20483424751859092,2,8,5,0,0.2857142857142857,0.0,0.2,0.0,0.7142857142857143,1.0,0.8,1.0,0.13333333333333333,0.13333333333333333,0.23529411764705882,0.2127659574468085,0.26315789473684204,-0.7559289460184545,-0.7142857142857143,-0.8,0.2857142857142857,
D00300_06_fill_holes_and_orientation.obj,d00300,Skyscraper,0,10,7,0,7,2437,0.03278324913810688,0.36550433154847417,0.3022317483778119,0.0,0,10,7,0,0.0,0.0,0.0,0.0,1.0,1.0,1.0,1.0,0.0,0.0,,,,-1.0,-1.0,-1.0,0.0,
D00520_06_fill_holes_and_orientation.obj,d00520,Skyscraper,2,8,5,0,7,2437,0.30688669140116615,0.6118584301945931,0.5107243748260148,0.3301376494471203,2,8,5,0,0.2857142857142857,0.0,0.2,0.0,0.7142857142857143,1.0,0.8,1.0,0.13333333333333333,0.13333333333333333,0.23529411764705882,0.2127659574468085,0.26315789473684204,-0.7559289460184545,-0.7142857142857143,-0.8,0.2857142857142857,
D00532_06_fill_holes_and_orientation.obj,d00532,Skyscraper,1,9,6,0,7,2437,0.15606995747529565,0.24794305863915372,0.39148212975896496,0.2200917662980802,1,9,6,0,0.14285714285714285,0.0,0.1,0.0,0.8571428571428571,1.0,0.9,1.0,0.0625,0.0625,0.11764705882352941,0.10638297872340426,0.13157894736842102,-0.8783100656536799,-0.8571428571428572,-0.9,0.14285714285714285,
D00584_06_fill_holes_and_orientation.obj,d00584,Skyscraper,1,9,6,0,7,2437,0.11828015866229148,0.5493012929345698,0.3871623536627084,0.1100458831490401,1,9,6,0,0.14285714285714285,0.0,0.1,0.0,0.8571428571428571,1.0,0.9,1.0,0.0625,0.0625,0.11764705882352941,0.10638297872340426,0.13157894736842102,-0.8783100656536799,-0.8571428571428572,-0.9,0.14285714285714285,
D00589_06_fill_holes_and_orientation.obj,d00589,Skyscraper,0,10,7,0,7,2437,0.04433612616128146,0.39404031169735754,0.31546838880004974,0.0,0,10,7,0,0.0,0.0,0.0,0.0,1.0,1.0,1.0,1.0,0.0,0.0,,,,-1.0,-1.0,-1.0,0.0,
D00641_06_fill_holes_and_orientation.obj,d00641,Skyscraper,0,10,7,0,7,2437,0.0360831700171572,0.6093117408906883,0.30855443710094815,0.0,0,10,7,0,0.0,0.0,0.0,0.0,1.0,1.0,1.0,1.0,0.0,0.0,,,,-1.0,-1.0,-1.0,0.0,
D00664_06_fill_holes_and_orientation.obj,d00664,Skyscraper,2,8,5,0,7,2437,0.12946619422939878,0.6083975447303122,0.38907542965438674,0.17993148201117182,2,8,5,0,0.2857142857142857,0.0,0.2,0.0,0.7142857142857143,1.0,0.8,1.0,0.13333333333333333,0.13333333333333333,0.23529411764705882,0.2127659574468085,0.26315789473684204,-0.7559289460184545,-0.7142857142857143,-0.8,0.2857142857142857,
D00729_06_fill_holes_and_orientation.obj,d00729,Skyscraper,0,10,7,0,7,2437,0.06330217339044407,0.6696486874755125,0.3396694678633017,0.0,0,10,7,0,0.0,0.0,0.0,0.0,1.0,1.0,1.0,1.0,0.0,0.0,,,,-1.0,-1.0,-1.0,0.0,
D00822_06_fill_holes_and_orientation.obj,d00822,Skyscraper,0,10,6,0,6,2437,0.015145996237792307,0.21564146097253062,0.2583245111166309,0.0,0,10,6,0,0.0,0.0,0.0,0.0,1.0,1.0,1.0,1.0,0.0,0.0,,,,-1.0,-1.0,-1.0,0.0,
D00870_06_fill_holes_and_orientation.obj,d00870,Skyscraper,1,9,6,0,7,2437,0.22078321651744165,0.711962909755779,0.47412994744727266,0.2200917662980802,1,9,6,0,0.14285714285714285,0.0,0.1,0.0,0.8571428571428571,1.0,0.9,1.0,0.0625,0.0625,0.11764705882352941,0.10638297872340426,0.13157894736842102,-0.8783100656536799,-0.8571428571428572,-0.9,0.14285714285714285,
D00872_06_fill_holes_and_orientation.obj,d00872,Skyscraper,0,10,7,0,7,2437,0.02642995264353662,0.5070306038047974,0.2921605498750021,0.0,0,10,7,0,0.0,0.0,0.0,0.0,1.0,1.0,1.0,1.0,0.0,0.0,,,,-1.0,-1.0,-1.0,0.0,
D00998_06_fill_holes_and_orientation.obj,d00998,Skyscraper,1,9,6,0,7,2437,0.08166481450487928,0.42936746332332076,0.35410034091682313,0.1100458831490401,1,9,6,0,0.14285714285714285,0.0,0.1,0.0,0.8571428571428571,1.0,0.9,1.0,0.0625,0.0625,0.11764705882352941,0.10638297872340426,0.13157894736842102,-0.8783100656536799,-0.8571428571428572,-0.9,0.14285714285714285,
D00014_06_fill_holes_and_orientation.obj,d00014,Spoon,2,8,5,0,7,2437,0.2507044157520774,0.8763952046300124,0.48524222968948405,0.20829366581033185,2,8,5,0,0.2857142857142857,0.0,0.2,0.0,0.7142857142857143,1.0,0.8,1.0,0.13333333333333333,0.13333333333333333,0.23529411764705882,0.2127659574468085,0.26315789473684204,-0.7559289460184545,-0.7142857142857143,-0.8,0.2857142857142857,
D00085_06_fill_holes_and_orientation.obj,d00085,Spoon,2,8,5,0,7,2437,0.36327568926477277,0.7987919709705571,0.5492770296191873,0.35895421017163476,2,8,5,0,0.2857142857142857,0.0,0.2,0.0,0.7142857142857143,1.0,0.8,1.0,0.13333333333333333,0.13333333333333333,0.23529411764705882,0.2127659574468085,0.26315789473684204,-0.7559289460184545,-0.7142857142857143,-0.8,0.2857142857142857,
D00144_06_fill_holes_and_orientation.obj,d00144,Spoon,2,8,5,0,7,2437,0.275889218264253,0.835607000137798,0.479690016264743,0.17630010660342915,2,8,5,0,0.2857142857142857,0.0,0.2,0.0,0.7142857142857143,1.0,0.8,1.0,0.13333333333333333,0.13333333333333333,0.23529411764705882,0.2127659574468085,0.26315789473684204,-0.7559289460184545,-0.7142857142857143,-0.8,0.2857142857142857,
D00157_06_fill_holes_and_orientation.obj,d00157,Spoon,0,10,7,0,7,2437,0.11025070296025048,0.8471820311423452,0.37395135623916825,0.0,0,10,7,0,0.0,0.0,0.0,0.0,1.0,1.0,1.0,1.0,0.0,0.0,,,,-1.0,-1.0,-1.0,0.0,
D00196_06_fill_holes_and_orientation.obj,d00196,Spoon,2,8,5,0,7,2437,0.2693988714246823,0.8413715493087134,0.490655697442139,0.20829366581033185,2,8,5,0,0.2857142857142857,0.0,0.2,0.0,0.7142857142857143,1.0,0.8,1.0,0.13333333333333333,0.13333333333333333,0.23529411764705882,0.2127659574468085,0.26315789473684204,-0.7559289460184545,-0.7142857142857143,-0.8,0.2857142857142857,
D00338_06_fill_holes_and_orientation.obj,d00338,Spoon,0,10,7,0,7,2437,0.055845720228090825,0.7756878416241789,0.3319575826351764,0.0,0,10,7,0,0.0,0.0,0.0,0.0,1.0,1.0,1.0,1.0,0.0,0.0,,,,-1.0,-1.0,-1.0,0.0,
D00422_06_fill_holes_and_orientation.obj,d00422,Spoon,0,10,7,0,7,2437,0.02893231942206831,0.6189655964356253,0.297954840223117,0.0,0,10,7,0,0.0,0.0,0.0,0.0,1.0,1.0,1.0,1.0,0.0,0.0,,,,-1.0,-1.0,-1.0,0.0,
D00474_06_fill_holes_and_orientation.obj,d00474,Spoon,0,10,7,0,7,2437,0.04846745936134872,0.7185476092049057,0.3256321819841325,0.0,0,10,7,0,0.0,0.0,0.0,0.0,1.0,1.0,1.0,1.0,0.0,0.0,,,,-1.0,-1.0,-1.0,0.0,
D00497_06_fill_holes_and_orientation.obj,d00497,Spoon,2,8,5,0,7,2437,0.24679886585094354,0.7967020348169582,0.4948952427281256,0.29345568839744024,2,8,5,0,0.2857142857142857,0.0,0.2,0.0,0.7142857142857143,1.0,0.8,1.0,0.13333333333333333,0.13333333333333333,0.23529411764705882,0.2127659574468085,0.26315789473684204,-0.7559289460184545,-0.7142857142857143,-0.8,0.2857142857142857,
D00517_06_fill_holes_and_orientation.obj,d00517,Spoon,0,10,7,0,7,2437,0.04279772254935742,0.7315695190850213,0.31694228942994435,0.0,0,10,7,0,0.0,0.0,0.0,0.0,1.0,1.0,1.0,1.0,0.0,0.0,,,,-1.0,-1.0,-1.0,0.0,
D00562_06_fill_holes_and_orientation.obj,d00562,Spoon,0,10,7,0,7,2437,0.1570814269670109,0.8572872169399659,0.4049071184256268,0.0,0,10,7,0,0.0,0.0,0.0,0.0,1.0,1.0,1.0,1.0,0.0,0.0,,,,-1.0,-1.0,-1.0,0.0,
D00593_06_fill_holes_and_orientation.obj,d00593,Spoon,0,10,7,0,7,2437,0.09480992493700675,0.8534059069404253,0.3718596837582118,0.0,0,10,7,0,0.0,0.0,0.0,0.0,1.0,1.0,1.0,1.0,0.0,0.0,,,,-1.0,-1.0,-1.0,0.0,
D00661_06_fill_holes_and_orientation.obj,d00661,Spoon,2,8,5,0,7,2437,0.24636349084550227,0.7864590510311883,0.4942140315391426,0.29345568839744024,2,8,5,0,0.2857142857142857,0.0,0.2,0.0,0.7142857142857143,1.0,0.8,1.0,0.13333333333333333,0.13333333333333333,0.23529411764705882,0.2127659574468085,0.26315789473684204,-0.7559289460184545,-0.7142857142857143,-0.8,0.2857142857142857,
D00669_06_fill_holes_and_orientation.obj,d00669,Spoon,0,10,7,0,7,2437,0.02811001189073385,0.6676312525837123,0.29112205647446565,0.0,0,10,7,0,0.0,0.0,0.0,0.0,1.0,1.0,1.0,1.0,0.0,0.0,,,,-1.0,-1.0,-1.0,0.0,
D00683_06_fill_holes_and_orientation.obj,d00683,Spoon,0,10,7,0,7,2437,0.042870091738228644,0.7699921914473382,0.3127346812073757,0.0,0,10,7,0,0.0,0.0,0.0,0.0,1.0,1.0,1.0,1.0,0.0,0.0,,,,-1.0,-1.0,-1.0,0.0,
D00790_06_fill_holes_and_orientation.obj,d00790,Spoon,0,10,7,0,7,2437,0.03657718397785779,0.7284690643516605,0.3077848934831271,0.0,0,10,7,0,0.0,0.0,0.0,0.0,1.0,1.0,1.0,1.0,0.0,0.0,,,,-1.0,-1.0,-1.0,0.0,
D00842_06_fill_holes_and_orientation.obj,d00842,Spoon,1,9,6,0,7,2437,0.08088795766301735,0.7997335905562444,0.36046523111945017,0.06362078819895173,1,9,6,0,0.14285714285714285,0.0,0.1,0.0,0.8571428571428571,1.0,0.9,1.0,0.0625,0.0625,0.11764705882352941,0.10638297872340426,0.13157894736842102,-0.8783100656536799,-0.8571428571428572,-0.9,0.14285714285714285,
D00927_06_fill_holes_and_orientation.obj,d00927,Spoon,2,8,5,0,7,2437,0.31522828054073454,0.8306922052271369,0.5355182424649831,0.29345568839744024,2,8,5,0,0.2857142857142857,0.0,0.2,0.0,0.7142857142857143,1.0,0.8,1.0,0.13333333333333333,0.13333333333333333,0.23529411764705882,0.2127659574468085,0.26315789473684204,-0.7559289460184545,-0.7142857142857143,-0.8,0.2857142857142857,
D00964_06_fill_holes_and_orientation.obj,d00964,Spoon,1,9,6,0,7,2437,0.15500931856474054,0.8787377704285517,0.4160482426930913,0.07839826897867534,1,9,6,0,0.14285714285714285,0.0,0.1,0.0,0.8571428571428571,1.0,0.9,1.0,0.0625,0.0625,0.11764705882352941,0.10638297872340426,0.13157894736842102,-0.8783100656536799,-0.8571428571428572,-0.9,0.14285714285714285,
m1353_06_fill_holes_and_orientation.obj,m1353,Starship,1,9,6,0,7,2437,0.25536974641041,0.6165351059410054,0.46031764841744544,0.13886244387355456,1,9,6,0,0.14285714285714285,0.0,0.1,0.0,0.8571428571428571,1.0,0.9,1.0,0.0625,0.0625,0.11764705882352941,0.10638297872340426,0.13157894736842102,-0.8783100656536799,-0.8571428571428572,-0.9,0.14285714285714285,
m1354_06_fill_holes_and_orientation.obj,m1354,Starship,0,10,7,0,7,2437,0.11503610988472711,0.6418501592577206,0.3842754412463355,0.0,0,10,7,0,0.0,0.0,0.0,0.0,1.0,1.0,1.0,1.0,0.0,0.0,,,,-1.0,-1.0,-1.0,0.0,
m1355_06_fill_holes_and_orientation.obj,m1355,Starship,0,10,6,0,6,2437,0.1756167267126002,0.5984489682869408,0.40228736956363487,0.0,0,10,6,0,0.0,0.0,0.0,0.0,1.0,1.0,1.0,1.0,0.0,0.0,,,,-1.0,-1.0,-1.0,0.0,
m1356_06_fill_holes_and_orientation.obj,m1356,Starship,1,9,6,0,7,2437,0.2616846440588968,0.612380556709597,0.4739856241623474,0.2200917662980802,1,9,6,0,0.14285714285714285,0.0,0.1,0.0,0.8571428571428571,1.0,0.9,1.0,0.0625,0.0625,0.11764705882352941,0.10638297872340426,0.13157894736842102,-0.8783100656536799,-0.8571428571428572,-0.9,0.14285714285714285,
m1357_06_fill_holes_and_orientation.obj,m1357,Starship,0,10,7,0,7,2437,0.06038530932231062,0.5448968286940867,0.3387361934200844,0.0,0,10,7,0,0.0,0.0,0.0,0.0,1.0,1.0,1.0,1.0,0.0,0.0,,,,-1.0,-1.0,-1.0,0.0,
m1358_06_fill_holes_and_orientation.obj,m1358,Starship,0,10,7,0,7,2437,0.07638136653616982,0.5780639800581637,0.3552813414910461,0.0,0,10,7,0,0.0,0.0,0.0,0.0,1.0,1.0,1.0,1.0,0.0,0.0,,,,-1.0,-1.0,-1.0,0.0,
m1359_06_fill_holes_and_orientation.obj,m1359,Starship,2,8,5,0,7,2437,0.23816549494259126,0.6166043484281956,0.4455816449575861,0.16104258782393985,2,8,5,0,0.2857142857142857,0.0,0.2,0.0,0.7142857142857143,1.0,0.8,1.0,0.13333333333333333,0.13333333333333333,0.23529411764705882,0.2127659574468085,0.26315789473684204,-0.7559289460184545,-0.7142857142857143,-0.8,0.2857142857142857,
m1360_06_fill_holes_and_orientation.obj,m1360,Starship,0,10,7,0,7,2437,0.11397025725196244,0.5903475972856945,0.38349491032652117,0.0,0,10,7,0,0.0,0.0,0.0,0.0,1.0,1.0,1.0,1.0,0.0,0.0,,,,-1.0,-1.0,-1.0,0.0,
m1361_06_fill_holes_and_orientation.obj,m1361,Starship,1,9,6,0,7,2437,0.14484201648196932,0.6072981581498407,0.40888884737249104,0.1100458831490401,1,9,6,0,0.14285714285714285,0.0,0.1,0.0,0.8571428571428571,1.0,0.9,1.0,0.0625,0.0625,0.11764705882352941,0.10638297872340426,0.13157894736842102,-0.8783100656536799,-0.8571428571428572,-0.9,0.14285714285714285,
m1362_06_fill_holes_and_orientation.obj,m1362,Starship,0,10,7,0,7,2437,0.06351626607715084,0.5662927572358399,0.3424238737039287,0.0,0,10,7,0,0.0,0.0,0.0,0.0,1.0,1.0,1.0,1.0,0.0,0.0,,,,-1.0,-1.0,-1.0,0.0,
m1364_06_fill_holes_and_orientation.obj,m1364,Starship,0,10,7,0,7,2437,0.10782365965350917,0.5886580805982551,0.3822503900781033,0.0,0,10,7,0,0.0,0.0,0.0,0.0,1.0,1.0,1.0,1.0,0.0,0.0,,,,-1.0,-1.0,-1.0,0.0,
m1365_06_fill_holes_and_orientation.obj,m1365,Starship,1,9,6,0,7,2437,0.19992262909657277,0.6379587314776347,0.4295071940831216,0.07839826897867534,1,9,6,0,0.14285714285714285,0.0,0.1,0.0,0.8571428571428571,1.0,0.9,1.0,0.0625,0.0625,0.11764705882352941,0.10638297872340426,0.13157894736842102,-0.8783100656536799,-0.8571428571428572,-0.9,0.14285714285714285,
m1366_06_fill_holes_and_orientation.obj,m1366,Starship,1,9,6,0,7,2437,0.2895416028032707,0.6144439828278632,0.4866551724010782,0.2200917662980802,1,9,6,0,0.14285714285714285,0.0,0.1,0.0,0.8571428571428571,1.0,0.9,1.0,0.0625,0.0625,0.11764705882352941,0.10638297872340426,0.13157894736842102,-0.8783100656536799,-0.8571428571428572,-0.9,0.14285714285714285,
m1368_06_fill_holes_and_orientation.obj,m1368,Starship,0,10,7,0,7,2437,0.08118553432883305,0.6161473480127406,0.35583318395534796,0.0,0,10,7,0,0.0,0.0,0.0,0.0,1.0,1.0,1.0,1.0,0.0,0.0,,,,-1.0,-1.0,-1.0,0.0,
m1369_06_fill_holes_and_orientation.obj,m1369,Starship,0,10,7,0,7,2437,0.1149652732480733,0.6002492729538844,0.3837226003263791,0.0,0,10,7,0,0.0,0.0,0.0,0.0,1.0,1.0,1.0,1.0,0.0,0.0,,,,-1.0,-1.0,-1.0,0.0,
m1370_06_fill_holes_and_orientation.obj,m1370,Starship,2,8,5,0,7,2437,0.18735392278650273,0.6036144578313253,0.42123811285122953,0.14279514403613736,2,8,5,0,0.2857142857142857,0.0,0.2,0.0,0.7142857142857143,1.0,0.8,1.0,0.13333333333333333,0.13333333333333333,0.23529411764705882,0.2127659574468085,0.26315789473684204,-0.7559289460184545,-0.7142857142857143,-0.8,0.2857142857142857,
m1371_06_fill_holes_and_orientation.obj,m1371,Starship,1,9,6,0,7,2437,0.1399191570249389,0.6012463647694224,0.40378562234065873,0.08514311764162101,1,9,6,0,0.14285714285714285,0.0,0.1,0.0,0.8571428571428571,1.0,0.9,1.0,0.0625,0.0625,0.11764705882352941,0.10638297872340426,0.13157894736842102,-0.8783100656536799,-0.8571428571428572,-0.9,0.14285714285714285,
m1372_06_fill_holes_and_orientation.obj,m1372,Starship,0,10,7,0,7,2437,0.10104375326144646,0.6224068688547293,0.3779828922105971,0.0,0,10,7,0,0.0,0.0,0.0,0.0,1.0,1.0,1.0,1.0,0.0,0.0,,,,-1.0,-1.0,-1.0,0.0,
m1373_06_fill_holes_and_orientation.obj,m1373,Starship,2,8,5,0,7,2437,0.22901927994687013,0.608406037944883,0.43690705673378605,0.14279514403613736,2,8,5,0,0.2857142857142857,0.0,0.2,0.0,0.7142857142857143,1.0,0.8,1.0,0.13333333333333333,0.13333333333333333,0.23529411764705882,0.2127659574468085,0.26315789473684204,-0.7559289460184545,-0.7142857142857143,-0.8,0.2857142857142857,
m1374_06_fill_holes_and_orientation.obj,m1374,Starship,0,10,6,0,6,2437,0.0864193667846727,0.6290818446198588,0.35348620872160946,0.0,0,10,6,0,0.0,0.0,0.0,0.0,1.0,1.0,1.0,1.0,0.0,0.0,,,,-1.0,-1.0,-1.0,0.0,
m1375_06_fill_holes_and_orientation.obj,m1375,Starship,1,9,6,0,7,2437,0.1778421249642516,0.6573050823985598,0.42598451341877247,0.1100458831490401,1,9,6,0,0.14285714285714285,0.0,0.1,0.0,0.8571428571428571,1.0,0.9,1.0,0.0625,0.0625,0.11764705882352941,0.10638297872340426,0.13157894736842102,-0.8783100656536799,-0.8571428571428572,-0.9,0.14285714285714285,
m1376_06_fill_holes_and_orientation.obj,m1376,Starship,0,10,7,0,7,2437,0.07240814495361443,0.6428057055809444,0.3470647928586084,0.0,0,10,7,0,0.0,0.0,0.0,0.0,1.0,1.0,1.0,1.0,0.0,0.0,,,,-1.0,-1.0,-1.0,0.0,
m1378_06_fill_holes_and_orientation.obj,m1378,Starship,1,9,6,0,7,2437,0.1850662457185412,0.6278216313529982,0.4213347545729718,0.08514311764162101,1,9,6,0,0.14285714285714285,0.0,0.1,0.0,0.8571428571428571,1.0,0.9,1.0,0.0625,0.0625,0.11764705882352941,0.10638297872340426,0.13157894736842102,-0.8783100656536799,-0.8571428571428572,-0.9,0.14285714285714285,
m1379_06_fill_holes_and_orientation.obj,m1379,Starship,0,10,7,0,7,2437,0.09171212761355853,0.6626229054147624,0.36888253992588493,0.0,0,10,7,0,0.0,0.0,0.0,0.0,1.0,1.0,1.0,1.0,0.0,0.0,,,,-1.0,-1.0,-1.0,0.0,
m1380_06_fill_holes_and_orientation.obj,m1380,Starship,0,10,7,0,7,2437,0.0844580546525243,0.6580667497576513,0.36223512355738724,0.0,0,10,7,0,0.0,0.0,0.0,0.0,1.0,1.0,1.0,1.0,0.0,0.0,,,,-1.0,-1.0,-1.0,0.0,
m1381_06_fill_holes_and_orientation.obj,m1381,Starship,0,10,7,0,7,2437,0.07242388872667693,0.5741310067857637,0.3530306500175491,0.0,0,10,7,0,0.0,0.0,0.0,0.0,1.0,1.0,1.0,1.0,0.0,0.0,,,,-1.0,-1.0,-1.0,0.0,
m1382_06_fill_holes_and_orientation.obj,m1382,Starship,0,10,6,0,6,2437,0.08678284676495003,0.6093477357706689,0.35584431895027085,0.0,0,10,6,0,0.0,0.0,0.0,0.0,1.0,1.0,1.0,1.0,0.0,0.0,,,,-1.0,-1.0,-1.0,0.0,
m1383_06_fill_holes_and_orientation.obj,m1383,Starship,0,10,7,0,7,2437,0.08606386137325876,0.6206204126852237,0.36300290418539716,0.0,0,10,7,0,0.0,0.0,0.0,0.0,1.0,1.0,1.0,1.0,0.0,0.0,,,,-1.0,-1.0,-1.0,0.0,
m1384_06_fill_holes_and_orientation.obj,m1384,Starship,1,9,6,0,7,2437,0.14411022836391332,0.6335410607949038,0.4040218573656928,0.07839826897867534,1,9,6,0,0.14285714285714285,0.0,0.1,0.0,0.8571428571428571,1.0,0.9,1.0,0.0625,0.0625,0.11764705882352941,0.10638297872340426,0.13157894736842102,-0.8783100656536799,-0.8571428571428572,-0.9,0.14285714285714285,
m1385_06_fill_holes_and_orientation.obj,m1385,Starship,3,7,4,0,7,2437,0.4745813179940543,0.6424594931449937,0.545499448051236,0.428385432108412,3,7,4,0,0.42857142857142855,0.0,0.3,0.0,0.5714285714285714,1.0,0.7,1.0,0.21428571428571427,0.21428571428571427,0.3529411764705882,0.3191489361702127,0.3947368421052631,-0.6324555320336759,-0.5714285714285714,-0.7,0.42857142857142855,
m1386_06_fill_holes_and_orientation.obj,m1386,Starship,3,7,4,0,7,2437,0.3780092649775814,0.6484420440382218,0.5150060516578137,0.39327839964630634,3,7,4,0,0.42857142857142855,0.0,0.3,0.0,0.5714285714285714,1.0,0.7,1.0,0.21428571428571427,0.21428571428571427,0.3529411764705882,0.3191489361702127,0.3947368421052631,-0.6324555320336759,-0.5714285714285714,-0.7,0.42857142857142855,
D00052_06_fill_holes_and_orientation.obj,d00052,SubmachineGun,1,9,6,0,7,2437,0.0893021183652454,0.8385137782421315,0.3692188411591464,0.06943122193677728,1,9,6,0,0.14285714285714285,0.0,0.1,0.0,0.8571428571428571,1.0,0.9,1.0,0.0625,0.0625,0.11764705882352941,0.10638297872340426,0.13157894736842102,-0.8783100656536799,-0.8571428571428572,-0.9,0.14285714285714285,
D00060_06_fill_holes_and_orientation.obj,d00060,SubmachineGun,2,8,5,0,7,2437,0.44274500750634793,0.9515911366505594,0.5296058538662386,0.1517621910780354,2,8,5,0,0.2857142857142857,0.0,0.2,0.0,0.7142857142857143,1.0,0.8,1.0,0.13333333333333333,0.13333333333333333,0.23529411764705882,0.2127659574468085,0.26315789473684204,-0.7559289460184545,-0.7142857142857143,-0.8,0.2857142857142857,
D00062_06_fill_holes_and_orientation.obj,d00062,SubmachineGun,0,10,7,0,7,2437,0.11208782638812691,0.9067519916416351,0.37216445173258694,0.0,0,10,7,0,0.0,0.0,0.0,0.0,1.0,1.0,1.0,1.0,0.0,0.0,,,,-1.0,-1.0,-1.0,0.0,
D00064_06_fill_holes_and_orientation.obj,d00064,SubmachineGun,0,10,7,0,7,2437,0.026018098225414017,0.6107701014322406,0.28522077567117754,0.0,0,10,7,0,0.0,0.0,0.0,0.0,1.0,1.0,1.0,1.0,0.0,0.0,,,,-1.0,-1.0,-1.0,0.0,
D00068_06_fill_holes_and_orientation.obj,d00068,SubmachineGun,2,8,5,0,7,2437,0.4276889300618811,0.9490662139219016,0.543349796838513,0.1951890007906611,2,8,5,0,0.2857142857142857,0.0,0.2,0.0,0.7142857142857143,1.0,0.8,1.0,0.13333333333333333,0.13333333333333333,0.23529411764705882,0.2127659574468085,0.26315789473684204,-0.7559289460184545,-0.7142857142857143,-0.8,0.2857142857142857,
D00119_06_fill_holes_and_orientation.obj,d00119,SubmachineGun,0,10,7,0,7,2437,0.055511632938094545,0.7288320055722433,0.33681031650306514,0.0,0,10,7,0,0.0,0.0,0.0,0.0,1.0,1.0,1.0,1.0,0.0,0.0,,,,-1.0,-1.0,-1.0,0.0,
D00219_06_fill_holes_and_orientation.obj,d00219,SubmachineGun,2,8,5,0,7,2437,0.3654302087485203,0.9498715772060424,0.5008953326760723,0.13698471029831177,2,8,5,0,0.2857142857142857,0.0,0.2,0.0,0.7142857142857143,1.0,0.8,1.0,0.13333333333333333,0.13333333333333333,0.23529411764705882,0.2127659574468085,0.26315789473684204,-0.7559289460184545,-0.7142857142857143,-0.8,0.2857142857142857,
D00256_06_fill_holes_and_orientation.obj,d00256,SubmachineGun,1,9,6,0,7,2437,0.11353768864134388,0.8548387096774195,0.3882495428546146,0.07839826897867534,1,9,6,0,0.14285714285714285,0.0,0.1,0.0,0.8571428571428571,1.0,0.9,1.0,0.0625,0.0625,0.11764705882352941,0.10638297872340426,0.13157894736842102,-0.8783100656536799,-0.8571428571428572,-0.9,0.14285714285714285,
D00371_06_fill_holes_and_orientation.obj,d00371,SubmachineGun,0,10,7,0,7,2437,0.15671578414964019,0.8929955160854992,0.41291182199046816,0.0,0,10,7,0,0.0,0.0,0.0,0.0,1.0,1.0,1.0,1.0,0.0,0.0,,,,-1.0,-1.0,-1.0,0.0,
D00384_06_fill_holes_and_orientation.obj,d00384,SubmachineGun,1,9,6,0,7,2437,0.38325711522983674,0.9463671585912673,0.5185568155232754,0.1100458831490401,1,9,6,0,0.14285714285714285,0.0,0.1,0.0,0.8571428571428571,1.0,0.9,1.0,0.0625,0.0625,0.11764705882352941,0.10638297872340426,0.13157894736842102,-0.8783100656536799,-0.8571428571428572,-0.9,0.14285714285714285,
D00431_06_fill_holes_and_orientation.obj,d00431,SubmachineGun,2,8,5,0,7,2437,0.1974355905295126,0.8737973967176005,0.435664051726172,0.1356854453911663,2,8,5,0,0.2857142857142857,0.0,0.2,0.0,0.7142857142857143,1.0,0.8,1.0,0.13333333333333333,0.13333333333333333,0.23529411764705882,0.2127659574468085,0.26315789473684204,-0.7559289460184545,-0.7142857142857143,-0.8,0.2857142857142857,
D00459_06_fill_holes_and_orientation.obj,d00459,SubmachineGun,1,9,6,0,7,2437,0.13172780842147366,0.832332070871969,0.3970449210526293,0.06362078819895173,1,9,6,0,0.14285714285714285,0.0,0.1,0.0,0.8571428571428571,1.0,0.9,1.0,0.0625,0.0625,0.11764705882352941,0.10638297872340426,0.13157894736842102,-0.8783100656536799,-0.8571428571428572,-0.9,0.14285714285714285,
D00489_06_fill_holes_and_orientation.obj,d00489,SubmachineGun,1,9,6,0,7,2437,0.1706203006341114,0.8797614383352924,0.4363435008534629,0.13886244387355456,1,9,6,0,0.14285714285714285,0.0,0.1,0.0,0.8571428571428571,1.0,0.9,1.0,0.0625,0.0625,0.11764705882352941,0.10638297872340426,0.13157894736842102,-0.8783100656536799,-0.8571428571428572,-0.9,0.14285714285714285,
D00537_06_fill_holes_and_orientation.obj,d00537,SubmachineGun,6,4,1,0,7,2437,0.6820868683672492,0.9460406599625615,0.62667867097424,0.5152880109744816,6,4,1,0,0.8571428571428571,0.0,0.6,0.0,0.14285714285714285,1.0,0.4,1.0,0.5454545454545454,0.5454545454545454,0.7058823529411764,0.6382978723404255,0.7894736842105262,-0.23904572186687872,-0.1428571428571429,-0.4,0.8571428571428571,
D00613_06_fill_holes_and_orientation.obj,d00613,SubmachineGun,0,10,7,0,7,2437,0.15266591788335937,0.8984153933220147,0.400404115223726,0.0,0,10,7,0,0.0,0.0,0.0,0.0,1.0,1.0,1.0,1.0,0.0,0.0,,,,-1.0,-1.0,-1.0,0.0,
D00733_06_fill_holes_and_orientation.obj,d00733,SubmachineGun,1,9,6,0,7,2437,0.09309475689723037,0.8184232292891037,0.37162254292548647,0.06362078819895173,1,9,6,0,0.14285714285714285,0.0,0.1,0.0,0.8571428571428571,1.0,0.9,1.0,0.0625,0.0625,0.11764705882352941,0.10638297872340426,0.13157894736842102,-0.8783100656536799,-0.8571428571428572,-0.9,0.14285714285714285,
D00878_06_fill_holes_and_orientation.obj,d00878,SubmachineGun,2,8,5,0,7,2437,0.45754409509932337,0.9535065952722999,0.5262538312804106,0.13698471029831177,2,8,5,0,0.2857142857142857,0.0,0.2,0.0,0.7142857142857143,1.0,0.8,1.0,0.13333333333333333,0.13333333333333333,0.23529411764705882,0.2127659574468085,0.26315789473684204,-0.7559289460184545,-0.7142857142857143,-0.8,0.2857142857142857,
D00893_06_fill_holes_and_orientation.obj,d00893,SubmachineGun,2,8,5,0,7,2437,0.2897503868649195,0.9220974271908059,0.49233371667739645,0.20483424751859092,2,8,5,0,0.2857142857142857,0.0,0.2,0.0,0.7142857142857143,1.0,0.8,1.0,0.13333333333333333,0.13333333333333333,0.23529411764705882,0.2127659574468085,0.26315789473684204,-0.7559289460184545,-0.7142857142857143,-0.8,0.2857142857142857,
D00960_06_fill_holes_and_orientation.obj,d00960,SubmachineGun,1,9,6,0,7,2437,0.19570193905349204,0.9020721779635192,0.4377486653957694,0.07336392209936006,1,9,6,0,0.14285714285714285,0.0,0.1,0.0,0.8571428571428571,1.0,0.9,1.0,0.0625,0.0625,0.11764705882352941,0.10638297872340426,0.13157894736842102,-0.8783100656536799,-0.8571428571428572,-0.9,0.14285714285714285,
D00970_06_fill_holes_and_orientation.obj,d00970,SubmachineGun,1,9,6,0,7,2437,0.4507057936957844,0.9554438204692874,0.534325022972078,0.09478836436955079,1,9,6,0,0.14285714285714285,0.0,0.1,0.0,0.8571428571428571,1.0,0.9,1.0,0.0625,0.0625,0.11764705882352941,0.10638297872340426,0.13157894736842102,-0.8783100656536799,-0.8571428571428572,-0.9,0.14285714285714285,
D00066_06_fill_holes_and_orientation.obj,d00066,Sword,8,2,0,0,7,2437,1.831391524559089,0.8101219620760259,0.7276201512613184,0.8318477135310892,8,2,0,0,1.0,0.0,0.8,,0.0,1.0,0.2,,0.8,0.8,0.888888888888889,0.8333333333333334,0.9523809523809523,,0.0,,1.0,
D00071_06_fill_holes_and_orientation.obj,d00071,Sword,5,5,2,0,7,2437,1.0293445256716922,0.7801299741832102,0.6124077479734097,0.4793821367833118,5,5,2,0,0.7142857142857143,0.0,0.5,0.0,0.2857142857142857,1.0,0.5,1.0,0.4166666666666667,0.4166666666666667,0.588235294117647,0.5319148936170213,0.6578947368421053,-0.37796447300922725,-0.2857142857142857,-0.5,0.7142857142857143,
D00133_06_fill_holes_and_orientation.obj,d00133,Sword,3,7,4,0,7,2437,0.8002372678532007,0.7420991720822576,0.5516893812465049,0.2140837143698417,3,7,4,0,0.42857142857142855,0.0,0.3,0.0,0.5714285714285714,1.0,0.7,1.0,0.21428571428571427,0.21428571428571427,0.3529411764705882,0.3191489361702127,0.3947368421052631,-0.6324555320336759,-0.5714285714285714,-0.7,0.42857142857142855,
D00162_06_fill_holes_and_orientation.obj,d00162,Sword,4,6,3,0,7,2437,1.217566436371768,0.7870827027508235,0.6633818494855177,0.5637884576902257,4,6,3,0,0.5714285714285714,0.0,0.4,0.0,0.42857142857142855,1.0,0.6,1.0,0.3076923076923077,0.3076923076923077,0.47058823529411764,0.425531914893617,0.5263157894736841,-0.50709255283711,-0.4285714285714286,-0.6,0.5714285714285714,
D00177_06_fill_holes_and_orientation.obj,d00177,Sword,1,9,6,0,7,2437,0.313096813285088,0.72260304460073,0.4652265203419154,0.09478836436955079,1,9,6,0,0.14285714285714285,0.0,0.1,0.0,0.8571428571428571,1.0,0.9,1.0,0.0625,0.0625,0.11764705882352941,0.10638297872340426,0.13157894736842102,-0.8783100656536799,-0.8571428571428572,-0.9,0.14285714285714285,
D00195_06_fill_holes_and_orientation.obj,d00195,Sword,1,9,6,0,7,2437,0.49116145599100347,0.7813673996261017,0.5097022982198606,0.09478836436955079,1,9,6,0,0.14285714285714285,0.0,0.1,0.0,0.8571428571428571,1.0,0.9,1.0,0.0625,0.0625,0.11764705882352941,0.10638297872340426,0.13157894736842102,-0.8783100656536799,-0.8571428571428572,-0.9,0.14285714285714285,
D00249_06_fill_holes_and_orientation.obj,d00249,Sword,8,2,0,0,7,2437,2.2708708898088577,0.8341582836285943,0.7653019508629534,0.8318477135310892,8,2,0,0,1.0,0.0,0.8,,0.0,1.0,0.2,,0.8,0.8,0.888888888888889,0.8333333333333334,0.9523809523809523,,0.0,,1.0,
D00356_06_fill_holes_and_orientation.obj,d00356,Sword,6,4,1,0,7,2437,1.8024897944036808,0.8023413157660464,0.6704281736224149,0.4932162989129128,6,4,1,0,0.8571428571428571,0.0,0.6,0.0,0.14285714285714285,1.0,0.4,1.0,0.5454545454545454,0.5454545454545454,0.7058823529411764,0.6382978723404255,0.7894736842105262,-0.23904572186687872,-0.1428571428571429,-0.4,0.8571428571428571,
D00484_06_fill_holes_and_orientation.obj,d00484,Sword,6,4,1,0,7,2437,1.9439115320553262,0.8786076738182143,0.7326152000619507,0.6390097281865128,6,4,1,0,0.8571428571428571,0.0,0.6,0.0,0.14285714285714285,1.0,0.4,1.0,0.5454545454545454,0.5454545454545454,0.7058823529411764,0.6382978723404255,0.7894736842105262,-0.23904572186687872,-0.1428571428571429,-0.4,0.8571428571428571,
D00513_06_fill_holes_and_orientation.obj,d00513,Sword,2,8,5,0,7,2437,0.5814043989755574,0.7555595121516958,0.5512782714270077,0.2895229882348575,2,8,5,0,0.2857142857142857,0.0,0.2,0.0,0.7142857142857143,1.0,0.8,1.0,0.13333333333333333,0.13333333333333333,0.23529411764705882,0.2127659574468085,0.26315789473684204,-0.7559289460184545,-0.7142857142857143,-0.8,0.2857142857142857,
D00540_06_fill_holes_and_orientation.obj,d00540,Sword,6,4,1,0,7,2437,2.0795275135395226,0.9103178135849729,0.7126600592103648,0.5184650094568698,6,4,1,0,0.8571428571428571,0.0,0.6,0.0,0.14285714285714285,1.0,0.4,1.0,0.5454545454545454,0.5454545454545454,0.7058823529411764,0.6382978723404255,0.7894736842105262,-0.23904572186687872,-0.1428571428571429,-0.4,0.8571428571428571,
D00635_06_fill_holes_and_orientation.obj,d00635,Sword,0,10,7,0,7,2437,0.19646110081014356,0.6783406035787412,0.4118100976363278,0.0,0,10,7,0,0.0,0.0,0.0,0.0,1.0,1.0,1.0,1.0,0.0,0.0,,,,-1.0,-1.0,-1.0,0.0,
D00712_06_fill_holes_and_orientation.obj,d00712,Sword,4,6,3,0,7,2437,1.6963866055672223,0.8883023235110834,0.6993079227819982,0.4518648409659428,4,6,3,0,0.5714285714285714,0.0,0.4,0.0,0.42857142857142855,1.0,0.6,1.0,0.3076923076923077,0.3076923076923077,0.47058823529411764,0.425531914893617,0.5263157894736841,-0.50709255283711,-0.4285714285714286,-0.6,0.5714285714285714,
D00808_06_fill_holes_and_orientation.obj,d00808,Sword,3,7,4,0,7,2437,0.7680224469799898,0.8030802100952551,0.5632011197117316,0.2546983755821045,3,7,4,0,0.42857142857142855,0.0,0.3,0.0,0.5714285714285714,1.0,0.7,1.0,0.21428571428571427,0.21428571428571427,0.3529411764705882,0.3191489361702127,0.3947368421052631,-0.6324555320336759,-0.5714285714285714,-0.7,0.42857142857142855,
D00812_06_fill_holes_and_orientation.obj,d00812,Sword,5,5,2,0,7,2437,2.4316756765367598,0.9071752871005074,0.7657858231620006,0.5621931439243355,5,5,2,0,0.7142857142857143,0.0,0.5,0.0,0.2857142857142857,1.0,0.5,1.0,0.4166666666666667,0.4166666666666667,0.588235294117647,0.5319148936170213,0.6578947368421053,-0.37796447300922725,-0.2857142857142857,-0.5,0.7142857142857143,
D00906_06_fill_holes_and_orientation.obj,d00906,Sword,6,4,1,0,7,2437,1.4902966759013656,0.7863171013976675,0.6831606477358546,0.6332971816211658,6,4,1,0,0.8571428571428571,0.0,0.6,0.0,0.14285714285714285,1.0,0.4,1.0,0.5454545454545454,0.5454545454545454,0.7058823529411764,0.6382978723404255,0.7894736842105262,-0.23904572186687872,-0.1428571428571429,-0.4,0.8571428571428571,
D00916_06_fill_holes_and_orientation.obj,d00916,Sword,5,5,2,0,7,2437,2.4702026359488514,0.9004985311136828,0.7428904384811166,0.4818809355796683,5,5,2,0,0.7142857142857143,0.0,0.5,0.0,0.2857142857142857,1.0,0.5,1.0,0.4166666666666667,0.4166666666666667,0.588235294117647,0.5319148936170213,0.6578947368421053,-0.37796447300922725,-0.2857142857142857,-0.5,0.7142857142857143,
D00992_06_fill_holes_and_orientation.obj,d00992,Sword,6,4,1,0,7,2437,1.3169345617512227,0.78622807798451,0.6559351762492073,0.5711601909662337,6,4,1,0,0.8571428571428571,0.0,0.6,0.0,0.14285714285714285,1.0,0.4,1.0,0.5454545454545454,0.5454545454545454,0.7058823529411764,0.6382978723404255,0.7894736842105262,-0.23904572186687872,-0.1428571428571429,-0.4,0.8571428571428571,
m687_06_fill_holes_and_orientation.obj,m687,Sword,4,6,3,0,7,2437,1.1786005485371072,0.8336241431496484,0.6483288428768023,0.4479321408033599,4,6,3,0,0.5714285714285714,0.0,0.4,0.0,0.42857142857142855,1.0,0.6,1.0,0.3076923076923077,0.3076923076923077,0.47058823529411764,0.425531914893617,0.5263157894736841,-0.50709255283711,-0.4285714285714286,-0.6,0.5714285714285714,
m688_06_fill_holes_and_orientation.obj,m688,Sword,8,2,0,0,7,2437,2.034343019308417,0.8110745125968128,0.7346198713985754,0.7877736340270853,8,2,0,0,1.0,0.0,0.8,,0.0,1.0,0.2,,0.8,0.8,0.888888888888889,0.8333333333333334,0.9523809523809523,,0.0,,1.0,
m691_06_fill_holes_and_orientation.obj,m691,Sword,4,6,3,0,7,2437,1.2420124278128086,0.8371049586041128,0.6677540559331125,0.5388856921828066,4,6,3,0,0.5714285714285714,0.0,0.4,0.0,0.42857142857142855,1.0,0.6,1.0,0.3076923076923077,0.3076923076923077,0.47058823529411764,0.425531914893617,0.5263157894736841,-0.50709255283711,-0.4285714285714286,-0.6,0.5714285714285714,
m692_06_fill_holes_and_orientation.obj,m692,Sword,5,5,2,0,7,2437,2.4315896444970684,0.903160331167097,0.7674483969581968,0.570404489286039,5,5,2,0,0.7142857142857143,0.0,0.5,0.0,0.2857142857142857,1.0,0.5,1.0,0.4166666666666667,0.4166666666666667,0.588235294117647,0.5319148936170213,0.6578947368421053,-0.37796447300922725,-0.2857142857142857,-0.5,0.7142857142857143,
m694_06_fill_holes_and_orientation.obj,m694,Sword,2,8,5,0,7,2437,0.7351043334872757,0.7517226030446007,0.5877110688549605,0.35895421017163476,2,8,5,0,0.2857142857142857,0.0,0.2,0.0,0.7142857142857143,1.0,0.8,1.0,0.13333333333333333,0.13333333333333333,0.23529411764705882,0.2127659574468085,0.26315789473684204,-0.7559289460184545,-0.7142857142857143,-0.8,0.2857142857142857,
m695_06_fill_holes_and_orientation.obj,m695,Sword,5,5,2,0,7,2437,1.3618429506658585,0.7912311938039704,0.6679774768607806,0.5391870169376467,5,5,2,0,0.7142857142857143,0.0,0.5,0.0,0.2857142857142857,1.0,0.5,1.0,0.4166666666666667,0.4166666666666667,0.588235294117647,0.5319148936170213,0.6578947368421053,-0.37796447300922725,-0.2857142857142857,-0.5,0.7142857142857143,
m696_06_fill_holes_and_orientation.obj,m696,Sword,2,8,5,0,7,2437,1.0316238178427788,0.7917297249176534,0.6219683088306536,0.29849003527675555,2,8,5,0,0.2857142857142857,0.0,0.2,0.0,0.7142857142857143,1.0,0.8,1.0,0.13333333333333333,0.13333333333333333,0.23529411764705882,0.2127659574468085,0.26315789473684204,-0.7559289460184545,-0.7142857142857143,-0.8,0.2857142857142857,
m697_06_fill_holes_and_orientation.obj,m697,Sword,6,4,1,0,7,2437,2.5460573555880823,0.9493812872785543,0.7889832208914317,0.6652907408280684,6,4,1,0,0.8571428571428571,0.0,0.6,0.0,0.14285714285714285,1.0,0.4,1.0,0.5454545454545454,0.5454545454545454,0.7058823529411764,0.6382978723404255,0.7894736842105262,-0.23904572186687872,-0.1428571428571429,-0.4,0.8571428571428571,
m698_06_fill_holes_and_orientation.obj,m698,Sword,1,9,6,0,7,2437,0.7174864021821524,0.7600908038814208,0.5745426960145812,0.2200917662980802,1,9,6,0,0.14285714285714285,0.0,0.1,0.0,0.8571428571428571,1.0,0.9,1.0,0.0625,0.0625,0.11764705882352941,0.10638297872340426,0.13157894736842102,-0.8783100656536799,-0.8571428571428572,-0.9,0.14285714285714285,
m699_06_fill_holes_and_orientation.obj,m699,Sword,0,10,7,0,7,2437,0.2794881710828643,0.7274637229591383,0.44242972718680035,0.0,0,10,7,0,0.0,0.0,0.0,0.0,1.0,1.0,1.0,1.0,0.0,0.0,,,,-1.0,-1.0,-1.0,0.0,
m700_06_fill_holes_and_orientation.obj,m700,Sword,5,5,2,0,7,2437,1.3715132335252547,0.8458292530935636,0.6731356651639827,0.5428183923453894,5,5,2,0,0.7142857142857143,0.0,0.5,0.0,0.2857142857142857,1.0,0.5,1.0,0.4166666666666667,0.4166666666666667,0.588235294117647,0.5319148936170213,0.6578947368421053,-0.37796447300922725,-0.2857142857142857,-0.5,0.7142857142857143,
m701_06_fill_holes_and_orientation.obj,m701,Sword,5,5,2,0,7,2437,2.064910519538377,0.9401762663580522,0.7059190690570234,0.42696207545852366,5,5,2,0,0.7142857142857143,0.0,0.5,0.0,0.2857142857142857,1.0,0.5,1.0,0.4166666666666667,0.4166666666666667,0.588235294117647,0.5319148936170213,0.6578947368421053,-0.37796447300922725,-0.2857142857142857,-0.5,0.7142857142857143,
m702_06_fill_holes_and_orientation.obj,m702,Sword,6,4,1,0,7,2437,2.7380124137505994,0.926564586486246,0.8014973296412089,0.6745711375739729,6,4,1,0,0.8571428571428571,0.0,0.6,0.0,0.14285714285714285,1.0,0.4,1.0,0.5454545454545454,0.5454545454545454,0.7058823529411764,0.6382978723404255,0.7894736842105262,-0.23904572186687872,-0.1428571428571429,-0.4,0.8571428571428571,
m703_06_fill_holes_and_orientation.obj,m703,Sword,1,9,6,0,7,2437,0.6571871008359399,0.8238137630196742,0.5266111039921311,0.06943122193677728,1,9,6,0,0.14285714285714285,0.0,0.1,0.0,0.8571428571428571,1.0,0.9,1.0,0.0625,0.0625,0.11764705882352941,0.10638297872340426,0.13157894736842102,-0.8783100656536799,-0.8571428571428572,-0.9,0.14285714285714285,
m704_06_fill_holes_and_orientation.obj,m704,Sword,3,7,4,0,7,2437,1.557297106829436,0.8707112970711297,0.6674377380498692,0.3436966913921455,3,7,4,0,0.42857142857142855,0.0,0.3,0.0,0.5714285714285714,1.0,0.7,1.0,0.21428571428571427,0.21428571428571427,0.3529411764705882,0.3191489361702127,0.3947368421052631,-0.6324555320336759,-0.5714285714285714,-0.7,0.42857142857142855,
m705_06_fill_holes_and_orientation.obj,m705,Sword,1,9,5,0,6,2437,0.2286375439644519,0.651330900026707,0.41915292224715306,0.06625422345438904,1,9,5,0,0.16666666666666666,0.0,0.1,0.0,0.8333333333333334,1.0,0.9,1.0,0.06666666666666667,0.06666666666666667,0.125,0.10869565217391304,0.14705882352941177,-0.8660254037844386,-0.8333333333333334,-0.9,0.16666666666666666,
m707_06_fill_holes_and_orientation.obj,m707,Sword,4,6,3,0,7,2437,0.6049084577243036,0.7698032582569215,0.5330045294146741,0.3012042966046399,4,6,3,0,0.5714285714285714,0.0,0.4,0.0,0.42857142857142855,1.0,0.6,1.0,0.3076923076923077,0.3076923076923077,0.47058823529411764,0.425531914893617,0.5263157894736841,-0.50709255283711,-0.4285714285714286,-0.6,0.5714285714285714,
m709_06_fill_holes_and_orientation.obj,m709,Sword,7,3,0,0,7,2437,2.0665135145422115,0.8930294667497551,0.7387130533624368,0.6816604510406282,7,3,0,0,1.0,0.0,0.7,,0.0,1.0,0.3,,0.7,0.7,0.8235294117647058,0.7446808510638298,0.9210526315789475,,0.0,,1.0,
m710_06_fill_holes_and_orientation.obj,m710,Sword,8,2,0,0,7,2437,1.8296013262067259,0.8097480637407637,0.7274198668467,0.8318477135310892,8,2,0,0,1.0,0.0,0.8,,0.0,1.0,0.2,,0.8,0.8,0.888888888888889,0.8333333333333334,0.9523809523809523,,0.0,,1.0,
m711_06_fill_holes_and_orientation.obj,m711,Sword,0,10,7,0,7,2437,0.561700214936115,0.7921214279355471,0.5063469026778527,0.0,0,10,7,0,0.0,0.0,0.0,0.0,1.0,1.0,1.0,1.0,0.0,0.0,,,,-1.0,-1.0,-1.0,0.0,
m712_06_fill_holes_and_orientation.obj,m712,Sword,2,8,5,0,7,2437,1.4867680555641187,0.8530490519006497,0.6671749366604888,0.2837125544970319,2,8,5,0,0.2857142857142857,0.0,0.2,0.0,0.7142857142857143,1.0,0.8,1.0,0.13333333333333333,0.13333333333333333,0.23529411764705882,0.2127659574468085,0.26315789473684204,-0.7559289460184545,-0.7142857142857143,-0.8,0.2857142857142857,
m713_06_fill_holes_and_orientation.obj,m713,Sword,6,4,1,0,7,2437,2.4471583996855295,0.8993501290839492,0.7782556321473981,0.6722390270733758,6,4,1,0,0.8571428571428571,0.0,0.6,0.0,0.14285714285714285,1.0,0.4,1.0,0.5454545454545454,0.5454545454545454,0.7058823529411764,0.6382978723404255,0.7894736842105262,-0.23904572186687872,-0.1428571428571429,-0.4,0.8571428571428571,
m714_06_fill_holes_and_orientation.obj,m714,Sword,6,4,1,0,7,2437,2.546523252655031,0.9493278732306597,0.788996158362884,0.6652907408280684,6,4,1,0,0.8571428571428571,0.0,0.6,0.0,0.14285714285714285,1.0,0.4,1.0,0.5454545454545454,0.5454545454545454,0.7058823529411764,0.6382978723404255,0.7894736842105262,-0.23904572186687872,-0.1428571428571429,-0.4,0.8571428571428571,
m715_06_fill_holes_and_orientation.obj,m715,Sword,2,8,5,0,7,2437,1.0302817973287377,0.7915872874566011,0.622152756790659,0.29849003527675555,2,8,5,0,0.2857142857142857,0.0,0.2,0.0,0.7142857142857143,1.0,0.8,1.0,0.13333333333333333,0.13333333333333333,0.23529411764705882,0.2127659574468085,0.26315789473684204,-0.7559289460184545,-0.7142857142857143,-0.8,0.2857142857142857,
m716_06_fill_holes_and_orientation.obj,m716,Sword,3,7,4,0,7,2437,1.0883052457174052,0.7960651651384314,0.6151891271359309,0.31252911522154636,3,7,4,0,0.42857142857142855,0.0,0.3,0.0,0.5714285714285714,1.0,0.7,1.0,0.21428571428571427,0.21428571428571427,0.3529411764705882,0.3191489361702127,0.3947368421052631,-0.6324555320336759,-0.5714285714285714,-0.7,0.42857142857142855,
m717_06_fill_holes_and_orientation.obj,m717,Sword,6,4,1,0,7,2437,2.681144994832968,0.9289059022522923,0.7578336087574103,0.5328776402545681,6,4,1,0,0.8571428571428571,0.0,0.6,0.0,0.14285714285714285,1.0,0.4,1.0,0.5454545454545454,0.5454545454545454,0.7058823529411764,0.6382978723404255,0.7894736842105262,-0.23904572186687872,-0.1428571428571429,-0.4,0.8571428571428571,
m718_06_fill_holes_and_orientation.obj,m718,Sword,5,5,2,0,7,2437,1.7231648358533103,0.8982996528086887,0.6816157545169341,0.4451989745299882,5,5,2,0,0.7142857142857143,0.0,0.5,0.0,0.2857142857142857,1.0,0.5,1.0,0.4166666666666667,0.4166666666666667,0.588235294117647,0.5319148936170213,0.6578947368421053,-0.37796447300922725,-0.2857142857142857,-0.5,0.7142857142857143,
m719_06_fill_holes_and_orientation.obj,m719,Sword,0,10,7,0,7,2437,0.1282972148233843,0.5302946674975518,0.3826931961440528,0.0,0,10,7,0,0.0,0.0,0.0,0.0,1.0,1.0,1.0,1.0,0.0,0.0,,,,-1.0,-1.0,-1.0,0.0,
m720_06_fill_holes_and_orientation.obj,m720,Sword,0,10,7,0,7,2437,0.20771503203013514,0.6570907148580076,0.4256686999700972,0.0,0,10,7,0,0.0,0.0,0.0,0.0,1.0,1.0,1.0,1.0,0.0,0.0,,,,-1.0,-1.0,-1.0,0.0,
m721_06_fill_holes_and_orientation.obj,m721,Sword,0,10,7,0,7,2437,0.15402754780576194,0.5742099172082258,0.4020375326956516,0.0,0,10,7,0,0.0,0.0,0.0,0.0,1.0,1.0,1.0,1.0,0.0,0.0,,,,-1.0,-1.0,-1.0,0.0,
D01003_06_fill_holes_and_orientation.obj,d01003,Tool,1,9,6,0,7,2437,0.27399069067365467,0.7236604036186499,0.4580471411703514,0.1100458831490401,1,9,6,0,0.14285714285714285,0.0,0.1,0.0,0.8571428571428571,1.0,0.9,1.0,0.0625,0.0625,0.11764705882352941,0.10638297872340426,0.13157894736842102,-0.8783100656536799,-0.8571428571428572,-0.9,0.14285714285714285,
D01012_06_fill_holes_and_orientation.obj,d01012,Tool,3,7,4,0,7,2437,0.6970844984707406,0.747131921662193,0.5878040649205593,0.45374257454118555,3,7,4,0,0.42857142857142855,0.0,0.3,0.0,0.5714285714285714,1.0,0.7,1.0,0.21428571428571427,0.21428571428571427,0.3529411764705882,0.3191489361702127,0.3947368421052631,-0.6324555320336759,-0.5714285714285714,-0.7,0.42857142857142855,
D01040_06_fill_holes_and_orientation.obj,d01040,Tool,7,3,0,0,7,2437,1.3867225374032752,0.7475892235808728,0.6824946712069712,0.7909506325094736,7,3,0,0,1.0,0.0,0.7,,0.0,1.0,0.3,,0.7,0.7,0.8235294117647058,0.7446808510638298,0.9210526315789475,,0.0,,1.0,
D01044_06_fill_holes_and_orientation.obj,d01044,Tool,7,3,0,0,7,2437,1.493655587501415,0.7300526891341088,0.6937232923885056,0.7909506325094736,7,3,0,0,1.0,0.0,0.7,,0.0,1.0,0.3,,0.7,0.7,0.8235294117647058,0.7446808510638298,0.9210526315789475,,0.0,,1.0,
D01069_06_fill_holes_and_orientation.obj,d01069,Tool,4,6,3,0,7,2437,0.7871851066906891,0.6454418928322895,0.5948415927592948,0.5541432109622959,4,6,3,0,0.5714285714285714,0.0,0.4,0.0,0.42857142857142855,1.0,0.6,1.0,0.3076923076923077,0.3076923076923077,0.47058823529411764,0.425531914893617,0.5263157894736841,-0.50709255283711,-0.4285714285714286,-0.6,0.5714285714285714,
D01084_06_fill_holes_and_orientation.obj,d01084,Tool,8,2,0,0,7,2437,1.4589045914075012,0.7633263743910925,0.6950845320894259,0.8553475075669357,8,2,0,0,1.0,0.0,0.8,,0.0,1.0,0.2,,0.8,0.8,0.888888888888889,0.8333333333333334,0.9523809523809523,,0.0,,1.0,
D01086_06_fill_holes_and_orientation.obj,d01086,Tool,2,8,5,0,7,2437,0.5956938915140615,0.7450740630281341,0.5657216454742531,0.35895421017163476,2,8,5,0,0.2857142857142857,0.0,0.2,0.0,0.7142857142857143,1.0,0.8,1.0,0.13333333333333333,0.13333333333333333,0.23529411764705882,0.2127659574468085,0.26315789473684204,-0.7559289460184545,-0.7142857142857143,-0.8,0.2857142857142857,
D01111_06_fill_holes_and_orientation.obj,d01111,Tool,6,4,1,0,7,2437,1.345984980686673,0.7427378467044439,0.683086814825789,0.7222954974312067,6,4,1,0,0.8571428571428571,0.0,0.6,0.0,0.14285714285714285,1.0,0.4,1.0,0.5454545454545454,0.5454545454545454,0.7058823529411764,0.6382978723404255,0.7894736842105262,-0.23904572186687872,-0.1428571428571429,-0.4,0.8571428571428571,
D01113_06_fill_holes_and_orientation.obj,d01113,Tool,2,8,5,0,7,2437,0.4991397237452624,0.7210358882592703,0.5420972498746028,0.29849003527675555,2,8,5,0,0.2857142857142857,0.0,0.2,0.0,0.7142857142857143,1.0,0.8,1.0,0.13333333333333333,0.13333333333333333,0.23529411764705882,0.2127659574468085,0.26315789473684204,-0.7559289460184545,-0.7142857142857143,-0.8,0.2857142857142857,
D01127_06_fill_holes_and_orientation.obj,d01127,Tool,6,4,1,0,7,2437,1.1092708441540007,0.7236106968883587,0.6471256668739311,0.6901935063354876,6,4,1,0,0.8571428571428571,0.0,0.6,0.0,0.14285714285714285,1.0,0.4,1.0,0.5454545454545454,0.5454545454545454,0.7058823529411764,0.6382978723404255,0.7894736842105262,-0.23904572186687872,-0.1428571428571429,-0.4,0.8571428571428571,
D01131_06_fill_holes_and_orientation.obj,d01131,Tool,6,4,1,0,7,2437,1.4203953734807733,0.7671239685853465,0.6931448686512122,0.7125523635307983,6,4,1,0,0.8571428571428571,0.0,0.6,0.0,0.14285714285714285,1.0,0.4,1.0,0.5454545454545454,0.5454545454545454,0.7058823529411764,0.6382978723404255,0.7894736842105262,-0.23904572186687872,-0.1428571428571429,-0.4,0.8571428571428571,
D01140_06_fill_holes_and_orientation.obj,d01140,Tool,7,3,0,0,7,2437,1.3773782746410286,0.7500049706730292,0.6861802783267498,0.7909506325094736,7,3,0,0,1.0,0.0,0.7,,0.0,1.0,0.3,,0.7,0.7,0.8235294117647058,0.7446808510638298,0.9210526315789475,,0.0,,1.0,
D01142_06_fill_holes_and_orientation.obj,d01142,Tool,4,6,3,0,7,2437,0.7289857364670571,0.6383437717466944,0.5847438752694427,0.542364015420035,4,6,3,0,0.5714285714285714,0.0,0.4,0.0,0.42857142857142855,1.0,0.6,1.0,0.3076923076923077,0.3076923076923077,0.47058823529411764,0.425531914893617,0.5263157894736841,-0.50709255283711,-0.4285714285714286,-0.6,0.5714285714285714,
D01148_06_fill_holes_and_orientation.obj,d01148,Tool,4,6,3,0,7,2437,0.7401101655430936,0.7438413361169103,0.5959400500105776,0.513528549750033,4,6,3,0,0.5714285714285714,0.0,0.4,0.0,0.42857142857142855,1.0,0.6,1.0,0.3076923076923077,0.3076923076923077,0.47058823529411764,0.425531914893617,0.5263157894736841,-0.50709255283711,-0.4285714285714286,-0.6,0.5714285714285714,
D01152_06_fill_holes_and_orientation.obj,d01152,Tool,3,7,4,0,7,2437,0.6250009909859602,0.6220001988269211,0.5631452218544559,0.46900009332067494,3,7,4,0,0.42857142857142855,0.0,0.3,0.0,0.5714285714285714,1.0,0.7,1.0,0.21428571428571427,0.21428571428571427,0.3529411764705882,0.3191489361702127,0.3947368421052631,-0.6324555320336759,-0.5714285714285714,-0.7,0.42857142857142855,
D01154_06_fill_holes_and_orientation.obj,d01154,Tool,6,4,1,0,7,2437,1.2163426625451803,0.726652748782185,0.6640427529928109,0.7151857987862358,6,4,1,0,0.8571428571428571,0.0,0.6,0.0,0.14285714285714285,1.0,0.4,1.0,0.5454545454545454,0.5454545454545454,0.7058823529411764,0.6382978723404255,0.7894736842105262,-0.23904572186687872,-0.1428571428571429,-0.4,0.8571428571428571,
D01156_06_fill_holes_and_orientation.obj,d01156,Tool,7,3,0,0,7,2437,1.2710108054125093,0.7298737449050602,0.6706983640618529,0.7846170207230131,7,3,0,0,1.0,0.0,0.7,,0.0,1.0,0.3,,0.7,0.7,0.8235294117647058,0.7446808510638298,0.9210526315789475,,0.0,,1.0,
D01159_06_fill_holes_and_orientation.obj,d01159,Tool,8,2,0,0,7,2437,1.4837317440303586,0.7570633263743911,0.6960683253486337,0.8643145546088339,8,2,0,0,1.0,0.0,0.8,,0.0,1.0,0.2,,0.8,0.8,0.888888888888889,0.8333333333333334,0.9523809523809523,,0.0,,1.0,
D01165_06_fill_holes_and_orientation.obj,d01165,Tool,5,5,2,0,7,2437,0.8062187912666658,0.6476289889651059,0.5982186660843236,0.6136525857537394,5,5,2,0,0.7142857142857143,0.0,0.5,0.0,0.2857142857142857,1.0,0.5,1.0,0.4166666666666667,0.4166666666666667,0.588235294117647,0.5319148936170213,0.6578947368421053,-0.37796447300922725,-0.2857142857142857,-0.5,0.7142857142857143,
D01176_06_fill_holes_and_orientation.obj,d01176,Tool,4,6,3,0,7,2437,0.7676933145788423,0.7395267919276269,0.6006473589045953,0.5271064966405457,4,6,3,0,0.5714285714285714,0.0,0.4,0.0,0.42857142857142855,1.0,0.6,1.0,0.3076923076923077,0.3076923076923077,0.47058823529411764,0.425531914893617,0.5263157894736841,-0.50709255283711,-0.4285714285714286,-0.6,0.5714285714285714,
m1099_06_fill_holes_and_orientation.obj,m1099,Tool,0,10,7,0,7,2437,0.11386039330725999,0.5804751963415846,0.37396897110327854,0.0,0,10,7,0,0.0,0.0,0.0,0.0,1.0,1.0,1.0,1.0,0.0,0.0,,,,-1.0,-1.0,-1.0,0.0,
m1100_06_fill_holes_and_orientation.obj,m1100,Tool,0,10,7,0,7,2437,0.1087079927171354,0.5607316830698876,0.3680269736628607,0.0,0,10,7,0,0.0,0.0,0.0,0.0,1.0,1.0,1.0,1.0,0.0,0.0,,,,-1.0,-1.0,-1.0,0.0,
m1102_06_fill_holes_and_orientation.obj,m1102,Tool,0,10,7,0,7,2437,0.2111092380053598,0.6598767273088777,0.4296035646759646,0.0,0,10,7,0,0.0,0.0,0.0,0.0,1.0,1.0,1.0,1.0,0.0,0.0,,,,-1.0,-1.0,-1.0,0.0,
m1103_06_fill_holes_and_orientation.obj,m1103,Tool,3,7,4,0,7,2437,0.6555515598461723,0.7449249428372602,0.5427953738355091,0.24618570546556087,3,7,4,0,0.42857142857142855,0.0,0.3,0.0,0.5714285714285714,1.0,0.7,1.0,0.21428571428571427,0.21428571428571427,0.3529411764705882,0.3191489361702127,0.3947368421052631,-0.6324555320336759,-0.5714285714285714,-0.7,0.42857142857142855,
m1104_06_fill_holes_and_orientation.obj,m1104,Tool,2,8,5,0,7,2437,0.34658173238222456,0.6952281538920371,0.4800417674900438,0.16815228646891087,2,8,5,0,0.2857142857142857,0.0,0.2,0.0,0.7142857142857143,1.0,0.8,1.0,0.13333333333333333,0.13333333333333333,0.23529411764705882,0.2127659574468085,0.26315789473684204,-0.7559289460184545,-0.7142857142857143,-0.8,0.2857142857142857,
m1105_06_fill_holes_and_orientation.obj,m1105,Tool,1,9,6,0,7,2437,0.42893272635211444,0.75655631772542,0.5188717594046723,0.2200917662980802,1,9,6,0,0.14285714285714285,0.0,0.1,0.0,0.8571428571428571,1.0,0.9,1.0,0.0625,0.0625,0.11764705882352941,0.10638297872340426,0.13157894736842102,-0.8783100656536799,-0.8571428571428572,-0.9,0.14285714285714285,
m1106_06_fill_holes_and_orientation.obj,m1106,Tool,1,9,6,0,7,2437,0.2395961800559488,0.6462968485932996,0.44508661778919095,0.08514311764162101,1,9,6,0,0.14285714285714285,0.0,0.1,0.0,0.8571428571428571,1.0,0.9,1.0,0.0625,0.0625,0.11764705882352941,0.10638297872340426,0.13157894736842102,-0.8783100656536799,-0.8571428571428572,-0.9,0.14285714285714285,
m1107_06_fill_holes_and_orientation.obj,m1107,Tool,0,10,7,0,7,2437,0.1594444917022468,0.6632468436226264,0.4020862655139172,0.0,0,10,7,0,0.0,0.0,0.0,0.0,1.0,1.0,1.0,1.0,0.0,0.0,,,,-1.0,-1.0,-1.0,0.0,
m1108_06_fill_holes_and_orientation.obj,m1108,Tool,0,10,7,0,7,2437,0.3089260347647764,0.7475792822348146,0.4583886768471646,0.0,0,10,7,0,0.0,0.0,0.0,0.0,1.0,1.0,1.0,1.0,0.0,0.0,,,,-1.0,-1.0,-1.0,0.0,
m1109_06_fill_holes_and_orientation.obj,m1109,Tool,1,9,6,0,7,2437,0.2954449378113749,0.7236703449647082,0.4603863245351269,0.06943122193677728,1,9,6,0,0.14285714285714285,0.0,0.1,0.0,0.8571428571428571,1.0,0.9,1.0,0.0625,0.0625,0.11764705882352941,0.10638297872340426,0.13157894736842102,-0.8783100656536799,-0.8571428571428572,-0.9,0.14285714285714285,
m1110_06_fill_holes_and_orientation.obj,m1110,Tool,3,7,4,0,7,2437,0.4796386288614876,0.7533154389104284,0.5231163416275257,0.3070147303424654,3,7,4,0,0.42857142857142855,0.0,0.3,0.0,0.5714285714285714,1.0,0.7,1.0,0.21428571428571427,0.21428571428571427,0.3529411764705882,0.3191489361702127,0.3947368421052631,-0.6324555320336759,-0.5714285714285714,-0.7,0.42857142857142855,
m1111_06_fill_holes_and_orientation.obj,m1111,Tool,0,10,7,0,7,2437,0.1379427439277245,0.6339695794810618,0.3898706639880298,0.0,0,10,7,0,0.0,0.0,0.0,0.0,1.0,1.0,1.0,1.0,0.0,0.0,,,,-1.0,-1.0,-1.0,0.0,
m1112_06_fill_holes_and_orientation.obj,m1112,Tool,2,8,5,0,7,2437,0.7042147832057227,0.7448951187990853,0.5871009980447092,0.3301376494471203,2,8,5,0,0.2857142857142857,0.0,0.2,0.0,0.7142857142857143,1.0,0.8,1.0,0.13333333333333333,0.13333333333333333,0.23529411764705882,0.2127659574468085,0.26315789473684204,-0.7559289460184545,-0.7142857142857143,-0.8,0.2857142857142857,
m1113_06_fill_holes_and_orientation.obj,m1113,Tool,2,8,5,0,7,2437,0.3136209020457752,0.7060145143652451,0.471474606761694,0.20483424751859092,2,8,5,0,0.2857142857142857,0.0,0.2,0.0,0.7142857142857143,1.0,0.8,1.0,0.13333333333333333,0.13333333333333333,0.23529411764705882,0.2127659574468085,0.26315789473684204,-0.7559289460184545,-0.7142857142857143,-0.8,0.2857142857142857,
m1114_06_fill_holes_and_orientation.obj,m1114,Tool,2,8,5,0,7,2437,0.3839860605540838,0.7090565662590714,0.5083751532382756,0.29345568839744024,2,8,5,0,0.2857142857142857,0.0,0.2,0.0,0.7142857142857143,1.0,0.8,1.0,0.13333333333333333,0.13333333333333333,0.23529411764705882,0.2127659574468085,0.26315789473684204,-0.7559289460184545,-0.7142857142857143,-0.8,0.2857142857142857,
m1115_06_fill_holes_and_orientation.obj,m1115,Tool,2,8,5,0,7,2437,0.35067536092007695,0.6913609702753754,0.49659393125601625,0.2863459897524693,2,8,5,0,0.2857142857142857,0.0,0.2,0.0,0.7142857142857143,1.0,0.8,1.0,0.13333333333333333,0.13333333333333333,0.23529411764705882,0.2127659574468085,0.26315789473684204,-0.7559289460184545,-0.7142857142857143,-0.8,0.2857142857142857,
m1116_06_fill_holes_and_orientation.obj,m1116,Tool,1,9,6,0,7,2437,0.261814899479941,0.7309971170096432,0.4501226112558711,0.07336392209936006,1,9,6,0,0.14285714285714285,0.0,0.1,0.0,0.8571428571428571,1.0,0.9,1.0,0.0625,0.0625,0.11764705882352941,0.10638297872340426,0.13157894736842102,-0.8783100656536799,-0.8571428571428572,-0.9,0.14285714285714285,
m1117_06_fill_holes_and_orientation.obj,m1117,Tool,0,10,7,0,7,2437,0.22593694004450174,0.7243861218809028,0.43232968925238396,0.0,0,10,7,0,0.0,0.0,0.0,0.0,1.0,1.0,1.0,1.0,0.0,0.0,,,,-1.0,-1.0,-1.0,0.0,
m587_06_fill_holes_and_orientation.obj,m587,Tool,0,10,7,0,7,2437,0.13799856268768326,0.6160155084998509,0.39401687956379,0.0,0,10,7,0,0.0,0.0,0.0,0.0,1.0,1.0,1.0,1.0,0.0,0.0,,,,-1.0,-1.0,-1.0,0.0,
m588_06_fill_holes_and_orientation.obj,m588,Tool,0,10,7,0,7,2437,0.09032805406315751,0.46738244358286113,0.3570865703844598,0.0,0,10,7,0,0.0,0.0,0.0,0.0,1.0,1.0,1.0,1.0,0.0,0.0,,,,-1.0,-1.0,-1.0,0.0,
m589_06_fill_holes_and_orientation.obj,m589,Tool,0,10,7,0,7,2437,0.11432150065621012,0.563962620538821,0.37923630532706337,0.0,0,10,7,0,0.0,0.0,0.0,0.0,1.0,1.0,1.0,1.0,0.0,0.0,,,,-1.0,-1.0,-1.0,0.0,
m590_06_fill_holes_and_orientation.obj,m590,Tool,0,10,7,0,7,2437,0.12685390596524612,0.601550849985088,0.3867309450126239,0.0,0,10,7,0,0.0,0.0,0.0,0.0,1.0,1.0,1.0,1.0,0.0,0.0,,,,-1.0,-1.0,-1.0,0.0,
m591_06_fill_holes_and_orientation.obj,m591,Tool,1,9,6,0,7,2437,0.3019461539324199,0.6583059946316732,0.47517807765370607,0.2200917662980802,1,9,6,0,0.14285714285714285,0.0,0.1,0.0,0.8571428571428571,1.0,0.9,1.0,0.0625,0.0625,0.11764705882352941,0.10638297872340426,0.13157894736842102,-0.8783100656536799,-0.8571428571428572,-0.9,0.14285714285714285,
D01008_06_fill_holes_and_orientation.obj,d01008,Train,1,9,6,0,7,2437,0.203998942313113,0.7328875014320083,0.4356766819212694,0.09478836436955079,1,9,6,0,0.14285714285714285,0.0,0.1,0.0,0.8571428571428571,1.0,0.9,1.0,0.0625,0.0625,0.11764705882352941,0.10638297872340426,0.13157894736842102,-0.8783100656536799,-0.8571428571428572,-0.9,0.14285714285714285,
D01014_06_fill_holes_and_orientation.obj,d01014,Train,2,8,5,0,7,2437,0.3267712311574743,0.5884265093366938,0.49616223122196784,0.314880130667631,2,8,5,0,0.2857142857142857,0.0,0.2,0.0,0.7142857142857143,1.0,0.8,1.0,0.13333333333333333,0.13333333333333333,0.23529411764705882,0.2127659574468085,0.26315789473684204,-0.7559289460184545,-0.7142857142857143,-0.8,0.2857142857142857,
D01016_06_fill_holes_and_orientation.obj,d01016,Train,0,10,6,0,6,2437,0.04567725045771143,0.41098636728147553,0.3125042793238293,0.0,0,10,6,0,0.0,0.0,0.0,0.0,1.0,1.0,1.0,1.0,0.0,0.0,,,,-1.0,-1.0,-1.0,0.0,
D01027_06_fill_holes_and_orientation.obj,d01027,Train,0,10,7,0,7,2437,0.049588943733064904,0.46719269102990035,0.3302522625705415,0.0,0,10,7,0,0.0,0.0,0.0,0.0,1.0,1.0,1.0,1.0,0.0,0.0,,,,-1.0,-1.0,-1.0,0.0,
D01031_06_fill_holes_and_orientation.obj,d01031,Train,0,10,7,0,7,2437,0.04164022240390604,0.43702027723679693,0.3184264603907092,0.0,0,10,7,0,0.0,0.0,0.0,0.0,1.0,1.0,1.0,1.0,0.0,0.0,,,,-1.0,-1.0,-1.0,0.0,
D01035_06_fill_holes_and_orientation.obj,d01035,Train,0,10,7,0,7,2437,0.14251629909818983,0.7466491006988201,0.4012945307290684,0.0,0,10,7,0,0.0,0.0,0.0,0.0,1.0,1.0,1.0,1.0,0.0,0.0,,,,-1.0,-1.0,-1.0,0.0,
D01047_06_fill_holes_and_orientation.obj,d01047,Train,2,8,5,0,7,2437,0.28482365632874956,0.6200166112956811,0.4718968440550532,0.24890832702259466,2,8,5,0,0.2857142857142857,0.0,0.2,0.0,0.7142857142857143,1.0,0.8,1.0,0.13333333333333333,0.13333333333333333,0.23529411764705882,0.2127659574468085,0.26315789473684204,-0.7559289460184545,-0.7142857142857143,-0.8,0.2857142857142857,
D01055_06_fill_holes_and_orientation.obj,d01055,Train,3,7,4,0,7,2437,0.5022498956419643,0.7565585977775232,0.5580993246700796,0.45374257454118555,3,7,4,0,0.42857142857142855,0.0,0.3,0.0,0.5714285714285714,1.0,0.7,1.0,0.21428571428571427,0.21428571428571427,0.3529411764705882,0.3191489361702127,0.3947368421052631,-0.6324555320336759,-0.5714285714285714,-0.7,0.42857142857142855,
D01059_06_fill_holes_and_orientation.obj,d01059,Train,0,10,6,0,6,2437,0.10173296860285791,0.6317017986023601,0.36468035288462275,0.0,0,10,6,0,0.0,0.0,0.0,0.0,1.0,1.0,1.0,1.0,0.0,0.0,,,,-1.0,-1.0,-1.0,0.0,
D01061_06_fill_holes_and_orientation.obj,d01061,Train,2,8,5,0,7,2437,0.37583857211099053,0.669120174132203,0.5244349903176503,0.314880130667631,2,8,5,0,0.2857142857142857,0.0,0.2,0.0,0.7142857142857143,1.0,0.8,1.0,0.13333333333333333,0.13333333333333333,0.23529411764705882,0.2127659574468085,0.26315789473684204,-0.7559289460184545,-0.7142857142857143,-0.8,0.2857142857142857,
D01064_06_fill_holes_and_orientation.obj,d01064,Train,2,8,5,0,7,2437,0.24475057030992825,0.7281045938824608,0.45245250042376134,0.17993148201117182,2,8,5,0,0.2857142857142857,0.0,0.2,0.0,0.7142857142857143,1.0,0.8,1.0,0.13333333333333333,0.13333333333333333,0.23529411764705882,0.2127659574468085,0.26315789473684204,-0.7559289460184545,-0.7142857142857143,-0.8,0.2857142857142857,
D01089_06_fill_holes_and_orientation.obj,d01089,Train,0,10,7,0,7,2437,0.1757893134242449,0.7467493412762058,0.41731259931781517,0.0,0,10,7,0,0.0,0.0,0.0,0.0,1.0,1.0,1.0,1.0,0.0,0.0,,,,-1.0,-1.0,-1.0,0.0,
D01094_06_fill_holes_and_orientation.obj,d01094,Train,3,7,4,0,7,2437,0.2252709550413694,0.6523083972963685,0.4388920646609587,0.24261785528500343,3,7,4,0,0.42857142857142855,0.0,0.3,0.0,0.5714285714285714,1.0,0.7,1.0,0.21428571428571427,0.21428571428571427,0.3529411764705882,0.3191489361702127,0.3947368421052631,-0.6324555320336759,-0.5714285714285714,-0.7,0.42857142857142855,
D01095_06_fill_holes_and_orientation.obj,d01095,Train,0,10,7,0,7,2437,0.14568265728626928,0.7446013289036545,0.4045480487168467,0.0,0,10,7,0,0.0,0.0,0.0,0.0,1.0,1.0,1.0,1.0,0.0,0.0,,,,-1.0,-1.0,-1.0,0.0,
D01134_06_fill_holes_and_orientation.obj,d01134,Train,3,7,4,0,7,2437,0.5302851821401894,0.7472362240806507,0.5621704061197647,0.46900009332067494,3,7,4,0,0.42857142857142855,0.0,0.3,0.0,0.5714285714285714,1.0,0.7,1.0,0.21428571428571427,0.21428571428571427,0.3529411764705882,0.3191489361702127,0.3947368421052631,-0.6324555320336759,-0.5714285714285714,-0.7,0.42857142857142855,
D01137_06_fill_holes_and_orientation.obj,d01137,Train,1,9,6,0,7,2437,0.21352744343752367,0.7535513804559515,0.4319637819205693,0.06625422345438904,1,9,6,0,0.14285714285714285,0.0,0.1,0.0,0.8571428571428571,1.0,0.9,1.0,0.0625,0.0625,0.11764705882352941,0.10638297872340426,0.13157894736842102,-0.8783100656536799,-0.8571428571428572,-0.9,0.14285714285714285,
D01147_06_fill_holes_and_orientation.obj,d01147,Train,0,10,7,0,7,2437,0.09124394554038673,0.5527408637873754,0.3688345241422793,0.0,0,10,7,0,0.0,0.0,0.0,0.0,1.0,1.0,1.0,1.0,0.0,0.0,,,,-1.0,-1.0,-1.0,0.0,
D01149_06_fill_holes_and_orientation.obj,d01149,Train,3,7,4,0,7,2437,0.48925436058945887,0.6665425592851415,0.5557762342196643,0.4323181322709948,3,7,4,0,0.42857142857142855,0.0,0.3,0.0,0.5714285714285714,1.0,0.7,1.0,0.21428571428571427,0.21428571428571427,0.3529411764705882,0.3191489361702127,0.3947368421052631,-0.6324555320336759,-0.5714285714285714,-0.7,0.42857142857142855,
D01163_06_fill_holes_and_orientation.obj,d01163,Train,1,9,6,0,7,2437,0.3560226691830059,0.7652508878451141,0.5162613409768085,0.2200917662980802,1,9,6,0,0.14285714285714285,0.0,0.1,0.0,0.8571428571428571,1.0,0.9,1.0,0.0625,0.0625,0.11764705882352941,0.10638297872340426,0.13157894736842102,-0.8783100656536799,-0.8571428571428572,-0.9,0.14285714285714285,
D01180_06_fill_holes_and_orientation.obj,d01180,Train,2,8,5,0,7,2437,0.2091282780008222,0.7317418948333143,0.4430102928960622,0.17630010660342915,2,8,5,0,0.2857142857142857,0.0,0.2,0.0,0.7142857142857143,1.0,0.8,1.0,0.13333333333333333,0.13333333333333333,0.23529411764705882,0.2127659574468085,0.26315789473684204,-0.7559289460184545,-0.7142857142857143,-0.8,0.2857142857142857,
m1578_06_fill_holes_and_orientation.obj,m1578,Train,0,10,7,0,7,2437,0.1330150243528144,0.7425965173559399,0.39384859201534794,0.0,0,10,7,0,0.0,0.0,0.0,0.0,1.0,1.0,1.0,1.0,0.0,0.0,,,,-1.0,-1.0,-1.0,0.0,
m1580_06_fill_holes_and_orientation.obj,m1580,Train,0,10,7,0,7,2437,0.11922880655109953,0.7609548631000114,0.38354259244260763,0.0,0,10,7,0,0.0,0.0,0.0,0.0,1.0,1.0,1.0,1.0,0.0,0.0,,,,-1.0,-1.0,-1.0,0.0,
m1581_06_fill_holes_and_orientation.obj,m1581,Train,2,8,5,0,7,2437,0.2911872149267397,0.7377849696414251,0.49237976440323933,0.2895229882348575,2,8,5,0,0.2857142857142857,0.0,0.2,0.0,0.7142857142857143,1.0,0.8,1.0,0.13333333333333333,0.13333333333333333,0.23529411764705882,0.2127659574468085,0.26315789473684204,-0.7559289460184545,-0.7142857142857143,-0.8,0.2857142857142857,
m1582_06_fill_holes_and_orientation.obj,m1582,Train,2,8,4,0,6,2437,0.34446983796736025,0.7404055447359377,0.493683111843323,0.29345568839744024,2,8,4,0,0.3333333333333333,0.0,0.2,0.0,0.6666666666666666,1.0,0.8,1.0,0.14285714285714285,0.14285714285714285,0.25,0.21739130434782608,0.29411764705882354,-0.7302967433402214,-0.6666666666666667,-0.8,0.3333333333333333,
m1583_06_fill_holes_and_orientation.obj,m1583,Train,0,10,7,0,7,2437,0.04338724300159945,0.454734219269103,0.32124046042008253,0.0,0,10,7,0,0.0,0.0,0.0,0.0,1.0,1.0,1.0,1.0,0.0,0.0,,,,-1.0,-1.0,-1.0,0.0,
m1584_06_fill_holes_and_orientation.obj,m1584,Train,0,10,7,0,7,2437,0.1285355735128303,0.7619286287089014,0.3878685554795727,0.0,0,10,7,0,0.0,0.0,0.0,0.0,1.0,1.0,1.0,1.0,0.0,0.0,,,,-1.0,-1.0,-1.0,0.0,
m1585_06_fill_holes_and_orientation.obj,m1585,Train,1,9,6,0,7,2437,0.1159774314006381,0.5785742925879254,0.3870075580259436,0.06362078819895173,1,9,6,0,0.14285714285714285,0.0,0.1,0.0,0.8571428571428571,1.0,0.9,1.0,0.0625,0.0625,0.11764705882352941,0.10638297872340426,0.13157894736842102,-0.8783100656536799,-0.8571428571428572,-0.9,0.14285714285714285,
m1586_06_fill_holes_and_orientation.obj,m1586,Train,2,8,5,0,7,2437,0.3786099657530756,0.6336206896551725,0.5223081719219383,0.3301376494471203,2,8,5,0,0.2857142857142857,0.0,0.2,0.0,0.7142857142857143,1.0,0.8,1.0,0.13333333333333333,0.13333333333333333,0.23529411764705882,0.2127659574468085,0.26315789473684204,-0.7559289460184545,-0.7142857142857143,-0.8,0.2857142857142857,
m1587_06_fill_holes_and_orientation.obj,m1587,Train,0,10,7,0,7,2437,0.11926414284717403,0.6064125329361897,0.3854674916641785,0.0,0,10,7,0,0.0,0.0,0.0,0.0,1.0,1.0,1.0,1.0,0.0,0.0,,,,-1.0,-1.0,-1.0,0.0,
m1588_06_fill_holes_and_orientation.obj,m1588,Train,2,8,5,0,7,2437,0.4176845616936891,0.7601958987283767,0.5362019859987877,0.35895421017163476,2,8,5,0,0.2857142857142857,0.0,0.2,0.0,0.7142857142857143,1.0,0.8,1.0,0.13333333333333333,0.13333333333333333,0.23529411764705882,0.2127659574468085,0.26315789473684204,-0.7559289460184545,-0.7142857142857143,-0.8,0.2857142857142857,
D00096_06_fill_holes_and_orientation.obj,d00096,Tree,1,9,6,0,7,2437,0.5189502362118001,0.7971850613154963,0.5388216032545535,0.2200917662980802,1,9,6,0,0.14285714285714285,0.0,0.1,0.0,0.8571428571428571,1.0,0.9,1.0,0.0625,0.0625,0.11764705882352941,0.10638297872340426,0.13157894736842102,-0.8783100656536799,-0.8571428571428572,-0.9,0.14285714285714285,
D00200_06_fill_holes_and_orientation.obj,d00200,Tree,7,3,0,0,7,2437,1.3915982241189464,0.7765143069490896,0.6828077655115116,0.791726719367984,7,3,0,0,1.0,0.0,0.7,,0.0,1.0,0.3,,0.7,0.7,0.8235294117647058,0.7446808510638298,0.9210526315789475,,0.0,,1.0,
D00221_06_fill_holes_and_orientation.obj,d00221,Tree,2,8,5,0,7,2437,0.6417217040563324,0.7712095875139353,0.5723132949363732,0.35895421017163476,2,8,5,0,0.2857142857142857,0.0,0.2,0.0,0.7142857142857143,1.0,0.8,1.0,0.13333333333333333,0.13333333333333333,0.23529411764705882,0.2127659574468085,0.26315789473684204,-0.7559289460184545,-0.7142857142857143,-0.8,0.2857142857142857,
D00223_06_fill_holes_and_orientation.obj,d00223,Tree,0,10,7,0,7,2437,0.5288081161184166,0.826328502415459,0.5074034694745573,0.0,0,10,7,0,0.0,0.0,0.0,0.0,1.0,1.0,1.0,1.0,0.0,0.0,,,,-1.0,-1.0,-1.0,0.0,
D00367_06_fill_holes_and_orientation.obj,d00367,Tree,1,9,6,0,7,2437,0.4653335251627658,0.8007060572277964,0.508934848728772,0.1100458831490401,1,9,6,0,0.14285714285714285,0.0,0.1,0.0,0.8571428571428571,1.0,0.9,1.0,0.0625,0.0625,0.11764705882352941,0.10638297872340426,0.13157894736842102,-0.8783100656536799,-0.8571428571428572,-0.9,0.14285714285714285,
D00385_06_fill_holes_and_orientation.obj,d00385,Tree,3,7,4,0,7,2437,0.8164131008052474,0.8026755852842811,0.6078626626290462,0.45374257454118555,3,7,4,0,0.42857142857142855,0.0,0.3,0.0,0.5714285714285714,1.0,0.7,1.0,0.21428571428571427,0.21428571428571427,0.3529411764705882,0.3191489361702127,0.3947368421052631,-0.6324555320336759,-0.5714285714285714,-0.7,0.42857142857142855,
D00393_06_fill_holes_and_orientation.obj,d00393,Tree,2,8,5,0,7,2437,0.8072300064022874,0.8337513935340024,0.583011283979542,0.24890832702259466,2,8,5,0,0.2857142857142857,0.0,0.2,0.0,0.7142857142857143,1.0,0.8,1.0,0.13333333333333333,0.13333333333333333,0.23529411764705882,0.2127659574468085,0.26315789473684204,-0.7559289460184545,-0.7142857142857143,-0.8,0.2857142857142857,
D00439_06_fill_holes_and_orientation.obj,d00439,Tree,3,7,4,0,7,2437,0.8036319988634216,0.8051746562616129,0.6030958974526098,0.4152807670887413,3,7,4,0,0.42857142857142855,0.0,0.3,0.0,0.5714285714285714,1.0,0.7,1.0,0.21428571428571427,0.21428571428571427,0.3529411764705882,0.3191489361702127,0.3947368421052631,-0.6324555320336759,-0.5714285714285714,-0.7,0.42857142857142855,
D00456_06_fill_holes_and_orientation.obj,d00456,Tree,0,10,7,0,7,2437,0.23654726416427993,0.727238944630249,0.42747021629011295,0.0,0,10,7,0,0.0,0.0,0.0,0.0,1.0,1.0,1.0,1.0,0.0,0.0,,,,-1.0,-1.0,-1.0,0.0,
D00479_06_fill_holes_and_orientation.obj,d00479,Tree,3,7,4,0,7,2437,0.6687619544944938,0.8097918989223337,0.5423798706357493,0.22793826167775835,3,7,4,0,0.42857142857142855,0.0,0.3,0.0,0.5714285714285714,1.0,0.7,1.0,0.21428571428571427,0.21428571428571427,0.3529411764705882,0.3191489361702127,0.3947368421052631,-0.6324555320336759,-0.5714285714285714,-0.7,0.42857142857142855,
D00533_06_fill_holes_and_orientation.obj,d00533,Tree,6,4,1,0,7,2437,1.221146892929957,0.777099591230026,0.6637397453676335,0.715550648768261,6,4,1,0,0.8571428571428571,0.0,0.6,0.0,0.14285714285714285,1.0,0.4,1.0,0.5454545454545454,0.5454545454545454,0.7058823529411764,0.6382978723404255,0.7894736842105262,-0.23904572186687872,-0.1428571428571429,-0.4,0.8571428571428571,
D00573_06_fill_holes_and_orientation.obj,d00573,Tree,3,7,4,0,7,2437,0.6117580014011826,0.7954849498327761,0.548271552512161,0.33405144466421566,3,7,4,0,0.42857142857142855,0.0,0.3,0.0,0.5714285714285714,1.0,0.7,1.0,0.21428571428571427,0.21428571428571427,0.3529411764705882,0.3191489361702127,0.3947368421052631,-0.6324555320336759,-0.5714285714285714,-0.7,0.42857142857142855,
D00612_06_fill_holes_and_orientation.obj,d00612,Tree,4,6,3,0,7,2437,1.083841497712468,0.7776755852842809,0.6469347753423551,0.5388856921828066,4,6,3,0,0.5714285714285714,0.0,0.4,0.0,0.42857142857142855,1.0,0.6,1.0,0.3076923076923077,0.3076923076923077,0.47058823529411764,0.425531914893617,0.5263157894736841,-0.50709255283711,-0.4285714285714286,-0.6,0.5714285714285714,
D00727_06_fill_holes_and_orientation.obj,d00727,Tree,2,8,5,0,7,2437,0.6426060327806772,0.8204384986993684,0.5676610470391825,0.2895229882348575,2,8,5,0,0.2857142857142857,0.0,0.2,0.0,0.7142857142857143,1.0,0.8,1.0,0.13333333333333333,0.13333333333333333,0.23529411764705882,0.2127659574468085,0.26315789473684204,-0.7559289460184545,-0.7142857142857143,-0.8,0.2857142857142857,
D00765_06_fill_holes_and_orientation.obj,d00765,Tree,3,7,4,0,7,2437,0.8173546826077336,0.8169360832404312,0.5979967206818048,0.3557772116892466,3,7,4,0,0.42857142857142855,0.0,0.3,0.0,0.5714285714285714,1.0,0.7,1.0,0.21428571428571427,0.21428571428571427,0.3529411764705882,0.3191489361702127,0.3947368421052631,-0.6324555320336759,-0.5714285714285714,-0.7,0.42857142857142855,
D00777_06_fill_holes_and_orientation.obj,d00777,Tree,6,4,1,0,7,2437,1.3657285820309741,0.785776662950576,0.6829577139285596,0.715550648768261,6,4,1,0,0.8571428571428571,0.0,0.6,0.0,0.14285714285714285,1.0,0.4,1.0,0.5454545454545454,0.5454545454545454,0.7058823529411764,0.6382978723404255,0.7894736842105262,-0.23904572186687872,-0.1428571428571429,-0.4,0.8571428571428571,
D00810_06_fill_holes_and_orientation.obj,d00810,Tree,3,7,4,0,7,2437,0.849635726040013,0.8051746562616129,0.6132106572458239,0.46900009332067494,3,7,4,0,0.42857142857142855,0.0,0.3,0.0,0.5714285714285714,1.0,0.7,1.0,0.21428571428571427,0.21428571428571427,0.3529411764705882,0.3191489361702127,0.3947368421052631,-0.6324555320336759,-0.5714285714285714,-0.7,0.42857142857142855,
D00834_06_fill_holes_and_orientation.obj,d00834,Tree,4,6,3,0,7,2437,0.924180881335811,0.7729933110367894,0.6221082008825787,0.5017493542077721,4,6,3,0,0.5714285714285714,0.0,0.4,0.0,0.42857142857142855,1.0,0.6,1.0,0.3076923076923077,0.3076923076923077,0.47058823529411764,0.425531914893617,0.5263157894736841,-0.50709255283711,-0.4285714285714286,-0.6,0.5714285714285714,
D00911_06_fill_holes_and_orientation.obj,d00911,Tree,2,8,5,0,7,2437,0.5662441569155531,0.7712839093273877,0.5539273608360673,0.314880130667631,2,8,5,0,0.2857142857142857,0.0,0.2,0.0,0.7142857142857143,1.0,0.8,1.0,0.13333333333333333,0.13333333333333333,0.23529411764705882,0.2127659574468085,0.26315789473684204,-0.7559289460184545,-0.7142857142857143,-0.8,0.2857142857142857,
D00996_06_fill_holes_and_orientation.obj,d00996,Tree,1,9,6,0,7,2437,0.3414238309488157,0.7485507246376812,0.476269733187434,0.09478836436955079,1,9,6,0,0.14285714285714285,0.0,0.1,0.0,0.8571428571428571,1.0,0.9,1.0,0.0625,0.0625,0.11764705882352941,0.10638297872340426,0.13157894736842102,-0.8783100656536799,-0.8571428571428572,-0.9,0.14285714285714285,
m1050_06_fill_holes_and_orientation.obj,m1050,Tree,3,7,4,0,7,2437,0.6924607407487721,0.7950947603121516,0.5584949270452524,0.2745478892647209,3,7,4,0,0.42857142857142855,0.0,0.3,0.0,0.5714285714285714,1.0,0.7,1.0,0.21428571428571427,0.21428571428571427,0.3529411764705882,0.3191489361702127,0.3947368421052631,-0.6324555320336759,-0.5714285714285714,-0.7,0.42857142857142855,
m1062_06_fill_holes_and_orientation.obj,m1062,Tree,3,7,4,0,7,2437,0.7903586251966151,0.8109903381642514,0.5928409820615187,0.36288691033421755,3,7,4,0,0.42857142857142855,0.0,0.3,0.0,0.5714285714285714,1.0,0.7,1.0,0.21428571428571427,0.21428571428571427,0.3529411764705882,0.3191489361702127,0.3947368421052631,-0.6324555320336759,-0.5714285714285714,-0.7,0.42857142857142855,
m1063_06_fill_holes_and_orientation.obj,m1063,Tree,4,6,3,0,7,2437,0.7767254014472537,0.8060386473429952,0.5952698545241424,0.4530643748551538,4,6,3,0,0.5714285714285714,0.0,0.4,0.0,0.42857142857142855,1.0,0.6,1.0,0.3076923076923077,0.3076923076923077,0.47058823529411764,0.425531914893617,0.5263157894736841,-0.50709255283711,-0.4285714285714286,-0.6,0.5714285714285714,
m1064_06_fill_holes_and_orientation.obj,m1064,Tree,3,7,4,0,7,2437,0.8789869465489435,0.8152638424377556,0.6187799699544416,0.44409732781325584,3,7,4,0,0.42857142857142855,0.0,0.3,0.0,0.5714285714285714,1.0,0.7,1.0,0.21428571428571427,0.21428571428571427,0.3529411764705882,0.3191489361702127,0.3947368421052631,-0.6324555320336759,-0.5714285714285714,-0.7,0.42857142857142855,
m1065_06_fill_holes_and_orientation.obj,m1065,Tree,2,8,5,0,7,2437,0.6797440137470759,0.8345039018952063,0.5416682092276525,0.14876390584057272,2,8,5,0,0.2857142857142857,0.0,0.2,0.0,0.7142857142857143,1.0,0.8,1.0,0.13333333333333333,0.13333333333333333,0.23529411764705882,0.2127659574468085,0.26315789473684204,-0.7559289460184545,-0.7142857142857143,-0.8,0.2857142857142857,
m1066_06_fill_holes_and_orientation.obj,m1066,Tree,2,8,5,0,7,2437,0.5443219661671971,0.8188312894834635,0.5157859515847808,0.14279514403613736,2,8,5,0,0.2857142857142857,0.0,0.2,0.0,0.7142857142857143,1.0,0.8,1.0,0.13333333333333333,0.13333333333333333,0.23529411764705882,0.2127659574468085,0.26315789473684204,-0.7559289460184545,-0.7142857142857143,-0.8,0.2857142857142857,
m1067_06_fill_holes_and_orientation.obj,m1067,Tree,2,8,5,0,7,2437,0.5517387577645032,0.7804162021553327,0.5375647263992988,0.24890832702259466,2,8,5,0,0.2857142857142857,0.0,0.2,0.0,0.7142857142857143,1.0,0.8,1.0,0.13333333333333333,0.13333333333333333,0.23529411764705882,0.2127659574468085,0.26315789473684204,-0.7559289460184545,-0.7142857142857143,-0.8,0.2857142857142857,
m1068_06_fill_holes_and_orientation.obj,m1068,Tree,1,9,6,0,7,2437,0.7967744730391704,0.8567075436640655,0.5905035655514149,0.2200917662980802,1,9,6,0,0.14285714285714285,0.0,0.1,0.0,0.8571428571428571,1.0,0.9,1.0,0.0625,0.0625,0.11764705882352941,0.10638297872340426,0.13157894736842102,-0.8783100656536799,-0.8571428571428572,-0.9,0.14285714285714285,
m1069_06_fill_holes_and_orientation.obj,m1069,Tree,2,8,5,0,7,2437,0.8037603499241281,0.8523318468970643,0.5936872751628222,0.2863459897524693,2,8,5,0,0.2857142857142857,0.0,0.2,0.0,0.7142857142857143,1.0,0.8,1.0,0.13333333333333333,0.13333333333333333,0.23529411764705882,0.2127659574468085,0.26315789473684204,-0.7559289460184545,-0.7142857142857143,-0.8,0.2857142857142857,
m1070_06_fill_holes_and_orientation.obj,m1070,Tree,5,5,2,0,7,2437,1.07846125331895,0.7765143069490896,0.6473556218275347,0.6274092458891773,5,5,2,0,0.7142857142857143,0.0,0.5,0.0,0.2857142857142857,1.0,0.5,1.0,0.4166666666666667,0.4166666666666667,0.588235294117647,0.5319148936170213,0.6578947368421053,-0.37796447300922725,-0.2857142857142857,-0.5,0.7142857142857143,
m1071_06_fill_holes_and_orientation.obj,m1071,Tree,2,8,5,0,7,2437,0.8925417058636776,0.8122166480862134,0.6140436311535113,0.3301376494471203,2,8,5,0,0.2857142857142857,0.0,0.2,0.0,0.7142857142857143,1.0,0.8,1.0,0.13333333333333333,0.13333333333333333,0.23529411764705882,0.2127659574468085,0.26315789473684204,-0.7559289460184545,-0.7142857142857143,-0.8,0.2857142857142857,
m1072_06_fill_holes_and_orientation.obj,m1072,Tree,5,5,2,0,7,2437,1.028028789091896,0.7714790040876998,0.63826604269905,0.5861163849908828,5,5,2,0,0.7142857142857143,0.0,0.5,0.0,0.2857142857142857,1.0,0.5,1.0,0.4166666666666667,0.4166666666666667,0.588235294117647,0.5319148936170213,0.6578947368421053,-0.37796447300922725,-0.2857142857142857,-0.5,0.7142857142857143,
m1075_06_fill_holes_and_orientation.obj,m1075,Tree,3,7,4,0,7,2437,0.47425355311974987,0.757627276105537,0.5127524548926403,0.2832325164972662,3,7,4,0,0.42857142857142855,0.0,0.3,0.0,0.5714285714285714,1.0,0.7,1.0,0.21428571428571427,0.21428571428571427,0.3529411764705882,0.3191489361702127,0.3947368421052631,-0.6324555320336759,-0.5714285714285714,-0.7,0.42857142857142855,
m1077_06_fill_holes_and_orientation.obj,m1077,Tree,0,10,7,0,7,2437,0.32109757445731457,0.7742660720921591,0.45808450074051044,0.0,0,10,7,0,0.0,0.0,0.0,0.0,1.0,1.0,1.0,1.0,0.0,0.0,,,,-1.0,-1.0,-1.0,0.0,
m1078_06_fill_holes_and_orientation.obj,m1078,Tree,0,10,7,0,7,2437,0.16641332589234234,0.651523597175771,0.39770408206604385,0.0,0,10,7,0,0.0,0.0,0.0,0.0,1.0,1.0,1.0,1.0,0.0,0.0,,,,-1.0,-1.0,-1.0,0.0,
m1079_06_fill_holes_and_orientation.obj,m1079,Tree,1,9,6,0,7,2437,0.09156626560494739,0.14358974358974358,0.3614671549870067,0.07839826897867534,1,9,6,0,0.14285714285714285,0.0,0.1,0.0,0.8571428571428571,1.0,0.9,1.0,0.0625,0.0625,0.11764705882352941,0.10638297872340426,0.13157894736842102,-0.8783100656536799,-0.8571428571428572,-0.9,0.14285714285714285,
m1082_06_fill_holes_and_orientation.obj,m1082,Tree,0,10,7,0,7,2437,0.07660463365725112,0.1665644741731698,0.3519628435287655,0.0,0,10,7,0,0.0,0.0,0.0,0.0,1.0,1.0,1.0,1.0,0.0,0.0,,,,-1.0,-1.0,-1.0,0.0,
m1086_06_fill_holes_and_orientation.obj,m1086,Tree,0,10,7,0,7,2437,0.3938153007657674,0.758063916759569,0.48290496781625547,0.0,0,10,7,0,0.0,0.0,0.0,0.0,1.0,1.0,1.0,1.0,0.0,0.0,,,,-1.0,-1.0,-1.0,0.0,
m1089_06_fill_holes_and_orientation.obj,m1089,Tree,0,10,7,0,7,2437,0.36420837570479375,0.7719063545150502,0.4697625670121051,0.0,0,10,7,0,0.0,0.0,0.0,0.0,1.0,1.0,1.0,1.0,0.0,0.0,,,,-1.0,-1.0,-1.0,0.0,
m1090_06_fill_holes_and_orientation.obj,m1090,Tree,3,7,4,0,7,2437,0.7143621676900901,0.7638703084355258,0.5652655141050097,0.3187939258847264,3,7,4,0,0.42857142857142855,0.0,0.3,0.0,0.5714285714285714,1.0,0.7,1.0,0.21428571428571427,0.21428571428571427,0.3529411764705882,0.3191489361702127,0.3947368421052631,-0.6324555320336759,-0.5714285714285714,-0.7,0.42857142857142855,
m1091_06_fill_holes_and_orientation.obj,m1091,Tree,0,10,7,0,7,2437,0.2287160654480875,0.709866220735786,0.4295333084752906,0.0,0,10,7,0,0.0,0.0,0.0,0.0,1.0,1.0,1.0,1.0,0.0,0.0,,,,-1.0,-1.0,-1.0,0.0,
m1092_06_fill_holes_and_orientation.obj,m1092,Tree,0,10,7,0,7,2437,0.2380950293485299,0.7234485321441844,0.4361471021358874,0.0,0,10,7,0,0.0,0.0,0.0,0.0,1.0,1.0,1.0,1.0,0.0,0.0,,,,-1.0,-1.0,-1.0,0.0,
m1093_06_fill_holes_and_orientation.obj,m1093,Tree,2,8,5,0,7,2437,0.5875556244372887,0.7965811965811966,0.5576238752214335,0.3052348839397012,2,8,5,0,0.2857142857142857,0.0,0.2,0.0,0.7142857142857143,1.0,0.8,1.0,0.13333333333333333,0.13333333333333333,0.23529411764705882,0.2127659574468085,0.26315789473684204,-0.7559289460184545,-0.7142857142857143,-0.8,0.2857142857142857,
m1095_06_fill_holes_and_orientation.obj,m1095,Tree,3,7,4,0,7,2437,0.6021238713198508,0.8166945373467114,0.5264119784529852,0.19930623359011804,3,7,4,0,0.42857142857142855,0.0,0.3,0.0,0.5714285714285714,1.0,0.7,1.0,0.21428571428571427,0.21428571428571427,0.3529411764705882,0.3191489361702127,0.3947368421052631,-0.6324555320336759,-0.5714285714285714,-0.7,0.42857142857142855,
m1096_06_fill_holes_and_orientation.obj,m1096,Tree,1,9,6,0,7,2437,0.40408470824767156,0.7592066146413973,0.4812434521176977,0.06943122193677728,1,9,6,0,0.14285714285714285,0.0,0.1,0.0,0.8571428571428571,1.0,0.9,1.0,0.0625,0.0625,0.11764705882352941,0.10638297872340426,0.13157894736842102,-0.8783100656536799,-0.8571428571428572,-0.9,0.14285714285714285,
m1098_06_fill_holes_and_orientation.obj,m1098,Tree,3,7,4,0,7,2437,0.8939044066678477,0.8337606837606839,0.6189370535099592,0.4249260138166711,3,7,4,0,0.42857142857142855,0.0,0.3,0.0,0.5714285714285714,1.0,0.7,1.0,0.21428571428571427,0.21428571428571427,0.3529411764705882,0.3191489361702127,0.3947368421052631,-0.6324555320336759,-0.5714285714285714,-0.7,0.42857142857142855,
D00002_06_fill_holes_and_orientation.obj,d00002,Truck,0,10,7,0,7,2437,0.07419105139404449,0.6331876336023993,0.35459848933402793,0.0,0,10,7,0,0.0,0.0,0.0,0.0,1.0,1.0,1.0,1.0,0.0,0.0,,,,-1.0,-1.0,-1.0,0.0,
D00003_06_fill_holes_and_orientation.obj,d00003,Truck,0,10,7,0,7,2437,0.1386091005482536,0.6549468780908019,0.3915644567260131,0.0,0,10,7,0,0.0,0.0,0.0,0.0,1.0,1.0,1.0,1.0,0.0,0.0,,,,-1.0,-1.0,-1.0,0.0,
D00010_06_fill_holes_and_orientation.obj,d00010,Truck,0,10,6,0,6,2437,0.11234105148789342,0.7340873560284593,0.3691009556868337,0.0,0,10,6,0,0.0,0.0,0.0,0.0,1.0,1.0,1.0,1.0,0.0,0.0,,,,-1.0,-1.0,-1.0,0.0,
D00029_06_fill_holes_and_orientation.obj,d00029,Truck,0,10,7,0,7,2437,0.07621131059648431,0.7142902721500813,0.3522015233762277,0.0,0,10,7,0,0.0,0.0,0.0,0.0,1.0,1.0,1.0,1.0,0.0,0.0,,,,-1.0,-1.0,-1.0,0.0,
D00047_06_fill_holes_and_orientation.obj,d00047,Truck,0,10,7,0,7,2437,0.03645972378199457,0.44670261302364167,0.3130662184409391,0.0,0,10,7,0,0.0,0.0,0.0,0.0,1.0,1.0,1.0,1.0,0.0,0.0,,,,-1.0,-1.0,-1.0,0.0,
D00056_06_fill_holes_and_orientation.obj,d00056,Truck,0,10,7,0,7,2437,0.05296752027694241,0.608636697189165,0.33050398962758704,0.0,0,10,7,0,0.0,0.0,0.0,0.0,1.0,1.0,1.0,1.0,0.0,0.0,,,,-1.0,-1.0,-1.0,0.0,
D00112_06_fill_holes_and_orientation.obj,d00112,Truck,1,9,5,0,6,2437,0.16051354709030977,0.8116485339629264,0.3993444240672821,0.07336392209936006,1,9,5,0,0.16666666666666666,0.0,0.1,0.0,0.8333333333333334,1.0,0.9,1.0,0.06666666666666667,0.06666666666666667,0.125,0.10869565217391304,0.14705882352941177,-0.8660254037844386,-0.8333333333333334,-0.9,0.16666666666666666,
D00158_06_fill_holes_and_orientation.obj,d00158,Truck,2,8,5,0,7,2437,0.2937930996580948,0.6651245892224739,0.4646449681859625,0.16354138662029635,2,8,5,0,0.2857142857142857,0.0,0.2,0.0,0.7142857142857143,1.0,0.8,1.0,0.13333333333333333,0.13333333333333333,0.23529411764705882,0.2127659574468085,0.26315789473684204,-0.7559289460184545,-0.7142857142857143,-0.8,0.2857142857142857,
D00241_06_fill_holes_and_orientation.obj,d00241,Truck,2,8,5,0,7,2437,0.3070189052080761,0.6784130427846727,0.49337959708476564,0.3301376494471203,2,8,5,0,0.2857142857142857,0.0,0.2,0.0,0.7142857142857143,1.0,0.8,1.0,0.13333333333333333,0.13333333333333333,0.23529411764705882,0.2127659574468085,0.26315789473684204,-0.7559289460184545,-0.7142857142857143,-0.8,0.2857142857142857,
D00287_06_fill_holes_and_orientation.obj,d00287,Truck,2,8,5,0,7,2437,0.23479806039305573,0.6496027821204097,0.4357601416943293,0.12987501165334078,2,8,5,0,0.2857142857142857,0.0,0.2,0.0,0.7142857142857143,1.0,0.8,1.0,0.13333333333333333,0.13333333333333333,0.23529411764705882,0.2127659574468085,0.26315789473684204,-0.7559289460184545,-0.7142857142857143,-0.8,0.2857142857142857,
D00303_06_fill_holes_and_orientation.obj,d00303,Truck,4,6,3,0,7,2437,0.6314266396879001,0.6021759244488403,0.5994102071888401,0.5107164012496702,4,6,3,0,0.5714285714285714,0.0,0.4,0.0,0.42857142857142855,1.0,0.6,1.0,0.3076923076923077,0.3076923076923077,0.47058823529411764,0.425531914893617,0.5263157894736841,-0.50709255283711,-0.4285714285714286,-0.6,0.5714285714285714,
D00331_06_fill_holes_and_orientation.obj,d00331,Truck,1,9,6,0,7,2437,0.23124211987581447,0.5346169798679131,0.4617114788634748,0.2200917662980802,1,9,6,0,0.14285714285714285,0.0,0.1,0.0,0.8571428571428571,1.0,0.9,1.0,0.0625,0.0625,0.11764705882352941,0.10638297872340426,0.13157894736842102,-0.8783100656536799,-0.8571428571428572,-0.9,0.14285714285714285,
D00406_06_fill_holes_and_orientation.obj,d00406,Truck,0,10,7,0,7,2437,0.11824953966545373,0.7534377691988642,0.38924210086853117,0.0,0,10,7,0,0.0,0.0,0.0,0.0,1.0,1.0,1.0,1.0,0.0,0.0,,,,-1.0,-1.0,-1.0,0.0,
D00424_06_fill_holes_and_orientation.obj,d00424,Truck,2,8,5,0,7,2437,0.35359241685117715,0.6821299811760202,0.508456279113219,0.35895421017163476,2,8,5,0,0.2857142857142857,0.0,0.2,0.0,0.7142857142857143,1.0,0.8,1.0,0.13333333333333333,0.13333333333333333,0.23529411764705882,0.2127659574468085,0.26315789473684204,-0.7559289460184545,-0.7142857142857143,-0.8,0.2857142857142857,
D00518_06_fill_holes_and_orientation.obj,d00518,Truck,3,7,4,0,7,2437,0.3548228760039584,0.5644162970998309,0.49291273550248094,0.3120490772217807,3,7,4,0,0.42857142857142855,0.0,0.3,0.0,0.5714285714285714,1.0,0.7,1.0,0.21428571428571427,0.21428571428571427,0.3529411764705882,0.3191489361702127,0.3947368421052631,-0.6324555320336759,-0.5714285714285714,-0.7,0.42857142857142855,
D00804_06_fill_holes_and_orientation.obj,d00804,Truck,3,7,4,0,7,2437,0.4012684261565238,0.5778642759148773,0.5320825843573663,0.3785009188665827,3,7,4,0,0.42857142857142855,0.0,0.3,0.0,0.5714285714285714,1.0,0.7,1.0,0.21428571428571427,0.21428571428571427,0.3529411764705882,0.3191489361702127,0.3947368421052631,-0.6324555320336759,-0.5714285714285714,-0.7,0.42857142857142855,
D00835_06_fill_holes_and_orientation.obj,d00835,Truck,3,7,4,0,7,2437,0.41306894945886413,0.6083016941581852,0.49052868072443534,0.23047380976071713,3,7,4,0,0.42857142857142855,0.0,0.3,0.0,0.5714285714285714,1.0,0.7,1.0,0.21428571428571427,0.21428571428571427,0.3529411764705882,0.3191489361702127,0.3947368421052631,-0.6324555320336759,-0.5714285714285714,-0.7,0.42857142857142855,
D00926_06_fill_holes_and_orientation.obj,d00926,Truck,0,10,7,0,7,2437,0.116636714878685,0.7585585298152697,0.3836666725072524,0.0,0,10,7,0,0.0,0.0,0.0,0.0,1.0,1.0,1.0,1.0,0.0,0.0,,,,-1.0,-1.0,-1.0,0.0,
D00947_06_fill_holes_and_orientation.obj,d00947,Truck,0,10,7,0,7,2437,0.06536464951395242,0.5586574354720353,0.34100635011094094,0.0,0,10,7,0,0.0,0.0,0.0,0.0,1.0,1.0,1.0,1.0,0.0,0.0,,,,-1.0,-1.0,-1.0,0.0,
D00987_06_fill_holes_and_orientation.obj,d00987,Truck,3,7,4,0,7,2437,0.43500863642403603,0.5736687617649874,0.5399371998093749,0.3836331529183765,3,7,4,0,0.42857142857142855,0.0,0.3,0.0,0.5714285714285714,1.0,0.7,1.0,0.21428571428571427,0.21428571428571427,0.3529411764705882,0.3191489361702127,0.3947368421052631,-0.6324555320336759,-0.5714285714285714,-0.7,0.42857142857142855,
m1570_06_fill_holes_and_orientation.obj,m1570,Truck,1,9,6,0,7,2437,0.18780218199949758,0.7100947580001914,0.4368324450286787,0.13886244387355456,1,9,6,0,0.14285714285714285,0.0,0.1,0.0,0.8571428571428571,1.0,0.9,1.0,0.0625,0.0625,0.11764705882352941,0.10638297872340426,0.13157894736842102,-0.8783100656536799,-0.8571428571428572,-0.9,0.14285714285714285,
m1571_06_fill_holes_and_orientation.obj,m1571,Truck,2,8,5,0,7,2437,0.41457651067012813,0.603101170915356,0.5361866465545098,0.29849003527675555,2,8,5,0,0.2857142857142857,0.0,0.2,0.0,0.7142857142857143,1.0,0.8,1.0,0.13333333333333333,0.13333333333333333,0.23529411764705882,0.2127659574468085,0.26315789473684204,-0.7559289460184545,-0.7142857142857143,-0.8,0.2857142857142857,
m1572_06_fill_holes_and_orientation.obj,m1572,Truck,2,8,5,0,7,2437,0.3224882032962416,0.6835816609769326,0.5002889312548464,0.3301376494471203,2,8,5,0,0.2857142857142857,0.0,0.2,0.0,0.7142857142857143,1.0,0.8,1.0,0.13333333333333333,0.13333333333333333,0.23529411764705882,0.2127659574468085,0.26315789473684204,-0.7559289460184545,-0.7142857142857143,-0.8,0.2857142857142857,
m1573_06_fill_holes_and_orientation.obj,m1573,Truck,0,10,7,0,7,2437,0.07716936172920495,0.6657945952844335,0.3570662508150012,0.0,0,10,7,0,0.0,0.0,0.0,0.0,1.0,1.0,1.0,1.0,0.0,0.0,,,,-1.0,-1.0,-1.0,0.0,
m1574_06_fill_holes_and_orientation.obj,m1574,Truck,1,9,6,0,7,2437,0.12019969213863944,0.7778770379351051,0.3902801795609745,0.07336392209936006,1,9,6,0,0.14285714285714285,0.0,0.1,0.0,0.8571428571428571,1.0,0.9,1.0,0.0625,0.0625,0.11764705882352941,0.10638297872340426,0.13157894736842102,-0.8783100656536799,-0.8571428571428572,-0.9,0.14285714285714285,
m1575_06_fill_holes_and_orientation.obj,m1575,Truck,0,10,7,0,7,2437,0.10271689171335698,0.6817630730944708,0.36924881635497936,0.0,0,10,7,0,0.0,0.0,0.0,0.0,1.0,1.0,1.0,1.0,0.0,0.0,,,,-1.0,-1.0,-1.0,0.0,
m1576_06_fill_holes_and_orientation.obj,m1576,Truck,1,9,6,0,7,2437,0.18123803722388726,0.7285677822799349,0.4188999866340469,0.07336392209936006,1,9,6,0,0.14285714285714285,0.0,0.1,0.0,0.8571428571428571,1.0,0.9,1.0,0.0625,0.0625,0.11764705882352941,0.10638297872340426,0.13157894736842102,-0.8783100656536799,-0.8571428571428572,-0.9,0.14285714285714285,
D00055_06_fill_holes_and_orientation.obj,d00055,TruckNonContainer,2,8,4,0,6,2437,0.2300618392268942,0.9233381219798877,0.44203985602692464,0.14876390584057272,2,8,4,0,0.3333333333333333,0.0,0.2,0.0,0.6666666666666666,1.0,0.8,1.0,0.14285714285714285,0.14285714285714285,0.25,0.21739130434782608,0.29411764705882354,-0.7302967433402214,-0.6666666666666667,-0.8,0.3333333333333333,
D00143_06_fill_holes_and_orientation.obj,d00143,TruckNonContainer,0,10,7,0,7,2437,0.12407067535039892,0.9027469417961779,0.3884365501175494,0.0,0,10,7,0,0.0,0.0,0.0,0.0,1.0,1.0,1.0,1.0,0.0,0.0,,,,-1.0,-1.0,-1.0,0.0,
D00148_06_fill_holes_and_orientation.obj,d00148,TruckNonContainer,1,9,6,0,7,2437,0.07267601909556339,0.6332332070871969,0.35222965527691474,0.09478836436955079,1,9,6,0,0.14285714285714285,0.0,0.1,0.0,0.8571428571428571,1.0,0.9,1.0,0.0625,0.0625,0.11764705882352941,0.10638297872340426,0.13157894736842102,-0.8783100656536799,-0.8571428571428572,-0.9,0.14285714285714285,
D00215_06_fill_holes_and_orientation.obj,d00215,TruckNonContainer,1,9,6,0,7,2437,0.22477262880947796,0.7704932305950982,0.4783314836026456,0.2200917662980802,1,9,6,0,0.14285714285714285,0.0,0.1,0.0,0.8571428571428571,1.0,0.9,1.0,0.0625,0.0625,0.11764705882352941,0.10638297872340426,0.13157894736842102,-0.8783100656536799,-0.8571428571428572,-0.9,0.14285714285714285,
D00252_06_fill_holes_and_orientation.obj,d00252,TruckNonContainer,1,9,6,0,7,2437,0.2282042885534261,0.7077837273083454,0.47742760112267346,0.2200917662980802,1,9,6,0,0.14285714285714285,0.0,0.1,0.0,0.8571428571428571,1.0,0.9,1.0,0.0625,0.0625,0.11764705882352941,0.10638297872340426,0.13157894736842102,-0.8783100656536799,-0.8571428571428572,-0.9,0.14285714285714285,
D00266_06_fill_holes_and_orientation.obj,d00266,TruckNonContainer,0,10,6,0,6,2437,0.17760470696531686,0.852574985851726,0.4088998999887892,0.0,0,10,6,0,0.0,0.0,0.0,0.0,1.0,1.0,1.0,1.0,0.0,0.0,,,,-1.0,-1.0,-1.0,0.0,
D00267_06_fill_holes_and_orientation.obj,d00267,TruckNonContainer,0,10,7,0,7,2437,0.14363098912541172,0.835727656610509,0.3968420704768039,0.0,0,10,7,0,0.0,0.0,0.0,0.0,1.0,1.0,1.0,1.0,0.0,0.0,,,,-1.0,-1.0,-1.0,0.0,
D00275_06_fill_holes_and_orientation.obj,d00275,TruckNonContainer,0,10,7,0,7,2437,0.0334472212531147,0.6062644203561012,0.30516980515744985,0.0,0,10,7,0,0.0,0.0,0.0,0.0,1.0,1.0,1.0,1.0,0.0,0.0,,,,-1.0,-1.0,-1.0,0.0,
D00283_06_fill_holes_and_orientation.obj,d00283,TruckNonContainer,2,8,4,0,6,2437,0.2424693871838105,0.9193548387096775,0.4541048033245483,0.17366667134799182,2,8,4,0,0.3333333333333333,0.0,0.2,0.0,0.6666666666666666,1.0,0.8,1.0,0.14285714285714285,0.14285714285714285,0.25,0.21739130434782608,0.29411764705882354,-0.7302967433402214,-0.6666666666666667,-0.8,0.3333333333333333,
D00353_06_fill_holes_and_orientation.obj,d00353,TruckNonContainer,1,9,6,0,7,2437,0.15970117474733417,0.9242305515650169,0.41278976589899574,0.06625422345438904,1,9,6,0,0.14285714285714285,0.0,0.1,0.0,0.8571428571428571,1.0,0.9,1.0,0.0625,0.0625,0.11764705882352941,0.10638297872340426,0.13157894736842102,-0.8783100656536799,-0.8571428571428572,-0.9,0.14285714285714285,
D00553_06_fill_holes_and_orientation.obj,d00553,TruckNonContainer,1,9,5,0,6,2437,0.13802176730969665,0.6794654129119324,0.3928295851072568,0.1100458831490401,1,9,5,0,0.16666666666666666,0.0,0.1,0.0,0.8333333333333334,1.0,0.9,1.0,0.06666666666666667,0.06666666666666667,0.125,0.10869565217391304,0.14705882352941177,-0.8660254037844386,-0.8333333333333334,-0.9,0.16666666666666666,
D00572_06_fill_holes_and_orientation.obj,d00572,TruckNonContainer,1,9,6,0,7,2437,0.08488857761039441,0.7719080579861565,0.3618910085344715,0.06362078819895173,1,9,6,0,0.14285714285714285,0.0,0.1,0.0,0.8571428571428571,1.0,0.9,1.0,0.0625,0.0625,0.11764705882352941,0.10638297872340426,0.13157894736842102,-0.8783100656536799,-0.8571428571428572,-0.9,0.14285714285714285,
D00608_06_fill_holes_and_orientation.obj,d00608,TruckNonContainer,1,9,5,0,6,2437,0.24966796547760262,0.7881894562709503,0.45556045327553824,0.13886244387355456,1,9,5,0,0.16666666666666666,0.0,0.1,0.0,0.8333333333333334,1.0,0.9,1.0,0.06666666666666667,0.06666666666666667,0.125,0.10869565217391304,0.14705882352941177,-0.8660254037844386,-0.8333333333333334,-0.9,0.16666666666666666,
D00619_06_fill_holes_and_orientation.obj,d00619,TruckNonContainer,0,10,7,0,7,2437,0.05784580912281699,0.6565887423272823,0.33786950121920967,0.0,0,10,7,0,0.0,0.0,0.0,0.0,1.0,1.0,1.0,1.0,0.0,0.0,,,,-1.0,-1.0,-1.0,0.0,
D00699_06_fill_holes_and_orientation.obj,d00699,TruckNonContainer,2,8,5,0,7,2437,0.25481232108182844,0.7379086674502633,0.49575978299626805,0.2895229882348575,2,8,5,0,0.2857142857142857,0.0,0.2,0.0,0.7142857142857143,1.0,0.8,1.0,0.13333333333333333,0.13333333333333333,0.23529411764705882,0.2127659574468085,0.26315789473684204,-0.7559289460184545,-0.7142857142857143,-0.8,0.2857142857142857,
D00731_06_fill_holes_and_orientation.obj,d00731,TruckNonContainer,0,10,7,0,7,2437,0.13790823594409823,0.8614339819772756,0.39466351638903735,0.0,0,10,7,0,0.0,0.0,0.0,0.0,1.0,1.0,1.0,1.0,0.0,0.0,,,,-1.0,-1.0,-1.0,0.0,
D00737_06_fill_holes_and_orientation.obj,d00737,TruckNonContainer,0,10,7,0,7,2437,0.11986210017506142,0.8656349309999565,0.3839063263960514,0.0,0,10,7,0,0.0,0.0,0.0,0.0,1.0,1.0,1.0,1.0,0.0,0.0,,,,-1.0,-1.0,-1.0,0.0,
D00783_06_fill_holes_and_orientation.obj,d00783,TruckNonContainer,1,9,6,0,7,2437,0.12800980010331237,0.7749118453702495,0.4018572461548015,0.09478836436955079,1,9,6,0,0.14285714285714285,0.0,0.1,0.0,0.8571428571428571,1.0,0.9,1.0,0.0625,0.0625,0.11764705882352941,0.10638297872340426,0.13157894736842102,-0.8783100656536799,-0.8571428571428572,-0.9,0.14285714285714285,
D00879_06_fill_holes_and_orientation.obj,d00879,TruckNonContainer,0,10,7,0,7,2437,0.1033527312114412,0.8577771973357712,0.367953380640836,0.0,0,10,7,0,0.0,0.0,0.0,0.0,1.0,1.0,1.0,1.0,0.0,0.0,,,,-1.0,-1.0,-1.0,0.0,
D00943_06_fill_holes_and_orientation.obj,d00943,TruckNonContainer,2,8,5,0,7,2437,0.198129499547179,0.7643115232249358,0.4492249611302144,0.2122263659729146,2,8,5,0,0.2857142857142857,0.0,0.2,0.0,0.7142857142857143,1.0,0.8,1.0,0.13333333333333333,0.13333333333333333,0.23529411764705882,0.2127659574468085,0.26315789473684204,-0.7559289460184545,-0.7142857142857143,-0.8,0.2857142857142857,
m527_06_fill_holes_and_orientation.obj,m527,Vase,1,9,6,0,7,2437,0.114479303746633,0.6939277019888842,0.3902981897323571,0.1100458831490401,1,9,6,0,0.14285714285714285,0.0,0.1,0.0,0.8571428571428571,1.0,0.9,1.0,0.0625,0.0625,0.11764705882352941,0.10638297872340426,0.13157894736842102,-0.8783100656536799,-0.8571428571428572,-0.9,0.14285714285714285,
m528_06_fill_holes_and_orientation.obj,m528,Vase,0,10,7,0,7,2437,0.01847398860110595,0.3876257406641863,0.2772753524023832,0.0,0,10,7,0,0.0,0.0,0.0,0.0,1.0,1.0,1.0,1.0,0.0,0.0,,,,-1.0,-1.0,-1.0,0.0,
m529_06_fill_holes_and_orientation.obj,m529,Vase,0,10,7,0,7,2437,0.061938160894364866,0.7694869321574571,0.3422534101892836,0.0,0,10,7,0,0.0,0.0,0.0,0.0,1.0,1.0,1.0,1.0,0.0,0.0,,,,-1.0,-1.0,-1.0,0.0,
m531_06_fill_holes_and_orientation.obj,m531,Vase,0,10,7,0,7,2437,0.015205445011330173,0.3603417390106104,0.2675197021424694,0.0,0,10,7,0,0.0,0.0,0.0,0.0,1.0,1.0,1.0,1.0,0.0,0.0,,,,-1.0,-1.0,-1.0,0.0,
m532_06_fill_holes_and_orientation.obj,m532,Vase,0,10,7,0,7,2437,0.02609188476786933,0.6101924578567819,0.29040505750733214,0.0,0,10,7,0,0.0,0.0,0.0,0.0,1.0,1.0,1.0,1.0,0.0,0.0,,,,-1.0,-1.0,-1.0,0.0,
m533_06_fill_holes_and_orientation.obj,m533,Vase,1,9,6,0,7,2437,0.0750931484751388,0.7330163979605897,0.35480261359609516,0.08514311764162101,1,9,6,0,0.14285714285714285,0.0,0.1,0.0,0.8571428571428571,1.0,0.9,1.0,0.0625,0.0625,0.11764705882352941,0.10638297872340426,0.13157894736842102,-0.8783100656536799,-0.8571428571428572,-0.9,0.14285714285714285,
m534_06_fill_holes_and_orientation.obj,m534,Vase,0,10,7,0,7,2437,0.029076657442562943,0.48631206651049563,0.2961267611211809,0.0,0,10,7,0,0.0,0.0,0.0,0.0,1.0,1.0,1.0,1.0,0.0,0.0,,,,-1.0,-1.0,-1.0,0.0,
m535_06_fill_holes_and_orientation.obj,m535,Vase,1,9,6,0,7,2437,0.07335239904083236,0.6911487758945386,0.3553814401119528,0.07839826897867534,1,9,6,0,0.14285714285714285,0.0,0.1,0.0,0.8571428571428571,1.0,0.9,1.0,0.0625,0.0625,0.11764705882352941,0.10638297872340426,0.13157894736842102,-0.8783100656536799,-0.8571428571428572,-0.9,0.14285714285714285,
m536_06_fill_holes_and_orientation.obj,m536,Vase,0,10,7,0,7,2437,0.06017970659691547,0.6659547103945616,0.33732419182961293,0.0,0,10,7,0,0.0,0.0,0.0,0.0,1.0,1.0,1.0,1.0,0.0,0.0,,,,-1.0,-1.0,-1.0,0.0,
m537_06_fill_holes_and_orientation.obj,m537,Vase,1,9,6,0,7,2437,0.08830140650280548,0.6724082495062238,0.3665043023311199,0.08514311764162101,1,9,6,0,0.14285714285714285,0.0,0.1,0.0,0.8571428571428571,1.0,0.9,1.0,0.0625,0.0625,0.11764705882352941,0.10638297872340426,0.13157894736842102,-0.8783100656536799,-0.8571428571428572,-0.9,0.14285714285714285,
m538_06_fill_holes_and_orientation.obj,m538,Vase,0,10,7,0,7,2437,0.05109427441614865,0.7596573423361352,0.3263411532725538,0.0,0,10,7,0,0.0,0.0,0.0,0.0,1.0,1.0,1.0,1.0,0.0,0.0,,,,-1.0,-1.0,-1.0,0.0,
m539_06_fill_holes_and_orientation.obj,m539,Vase,3,7,4,0,7,2437,0.1993804892429804,0.6975563823434844,0.4346603306298082,0.25787537406449274,3,7,4,0,0.42857142857142855,0.0,0.3,0.0,0.5714285714285714,1.0,0.7,1.0,0.21428571428571427,0.21428571428571427,0.3529411764705882,0.3191489361702127,0.3947368421052631,-0.6324555320336759,-0.5714285714285714,-0.7,0.42857142857142855,
m540_06_fill_holes_and_orientation.obj,m540,Vase,0,10,7,0,7,2437,0.0354715412278745,0.5085434752652611,0.3084208458982643,0.0,0,10,7,0,0.0,0.0,0.0,0.0,1.0,1.0,1.0,1.0,0.0,0.0,,,,-1.0,-1.0,-1.0,0.0,
m542_06_fill_holes_and_orientation.obj,m542,Vase,0,10,7,0,7,2437,0.03505395702066294,0.5163060952643426,0.30807884163673277,0.0,0,10,7,0,0.0,0.0,0.0,0.0,1.0,1.0,1.0,1.0,0.0,0.0,,,,-1.0,-1.0,-1.0,0.0,
m543_06_fill_holes_and_orientation.obj,m543,Vase,0,10,7,0,7,2437,0.038344403734699814,0.7141610399154839,0.3071424788846218,0.0,0,10,7,0,0.0,0.0,0.0,0.0,1.0,1.0,1.0,1.0,0.0,0.0,,,,-1.0,-1.0,-1.0,0.0,
m544_06_fill_holes_and_orientation.obj,m544,Vase,1,9,6,0,7,2437,0.18313141791261547,0.5640071654953838,0.44088407376404365,0.2200917662980802,1,9,6,0,0.14285714285714285,0.0,0.1,0.0,0.8571428571428571,1.0,0.9,1.0,0.0625,0.0625,0.11764705882352941,0.10638297872340426,0.13157894736842102,-0.8783100656536799,-0.8571428571428572,-0.9,0.14285714285714285,
m545_06_fill_holes_and_orientation.obj,m545,Vase,0,10,7,0,7,2437,0.02554549234965346,0.439483716871067,0.29238119179944566,0.0,0,10,7,0,0.0,0.0,0.0,0.0,1.0,1.0,1.0,1.0,0.0,0.0,,,,-1.0,-1.0,-1.0,0.0,
m546_06_fill_holes_and_orientation.obj,m546,Vase,1,9,6,0,7,2437,0.1845577749303199,0.5796702034816958,0.4429295383999538,0.2200917662980802,1,9,6,0,0.14285714285714285,0.0,0.1,0.0,0.8571428571428571,1.0,0.9,1.0,0.0625,0.0625,0.11764705882352941,0.10638297872340426,0.13157894736842102,-0.8783100656536799,-0.8571428571428572,-0.9,0.14285714285714285,
m547_06_fill_holes_and_orientation.obj,m547,Vase,1,9,6,0,7,2437,0.08046438350454088,0.6510954940057875,0.36074275000603145,0.07839826897867534,1,9,6,0,0.14285714285714285,0.0,0.1,0.0,0.8571428571428571,1.0,0.9,1.0,0.0625,0.0625,0.11764705882352941,0.10638297872340426,0.13157894736842102,-0.8783100656536799,-0.8571428571428572,-0.9,0.14285714285714285,
D00108_06_fill_holes_and_orientation.obj,d00108,Violin,1,9,6,0,7,2437,0.08445821937317864,0.7030821470549824,0.364123818081932,0.08514311764162101,1,9,6,0,0.14285714285714285,0.0,0.1,0.0,0.8571428571428571,1.0,0.9,1.0,0.0625,0.0625,0.11764705882352941,0.10638297872340426,0.13157894736842102,-0.8783100656536799,-0.8571428571428572,-0.9,0.14285714285714285,
D00216_06_fill_holes_and_orientation.obj,d00216,Violin,0,10,7,0,7,2437,0.09648509643658196,0.8253885333681599,0.3735006888555118,0.0,0,10,7,0,0.0,0.0,0.0,0.0,1.0,1.0,1.0,1.0,0.0,0.0,,,,-1.0,-1.0,-1.0,0.0,
D00250_06_fill_holes_and_orientation.obj,d00250,Violin,0,10,7,0,7,2437,0.06858039730080878,0.7916285751599844,0.34913015173222833,0.0,0,10,7,0,0.0,0.0,0.0,0.0,1.0,1.0,1.0,1.0,0.0,0.0,,,,-1.0,-1.0,-1.0,0.0,
D00324_06_fill_holes_and_orientation.obj,d00324,Violin,1,9,6,0,7,2437,0.13050412027842054,0.8128292194506116,0.39679138905568745,0.06625422345438904,1,9,6,0,0.14285714285714285,0.0,0.1,0.0,0.8571428571428571,1.0,0.9,1.0,0.0625,0.0625,0.11764705882352941,0.10638297872340426,0.13157894736842102,-0.8783100656536799,-0.8571428571428572,-0.9,0.14285714285714285,
D00340_06_fill_holes_and_orientation.obj,d00340,Violin,1,9,6,0,7,2437,0.30181515058665404,0.8427800269905532,0.5224843661801358,0.2200917662980802,1,9,6,0,0.14285714285714285,0.0,0.1,0.0,0.8571428571428571,1.0,0.9,1.0,0.0625,0.0625,0.11764705882352941,0.10638297872340426,0.13157894736842102,-0.8783100656536799,-0.8571428571428572,-0.9,0.14285714285714285,
D00349_06_fill_holes_and_orientation.obj,d00349,Violin,2,8,5,0,7,2437,0.2929873709083107,0.859017892124853,0.4813945018825164,0.16354138662029635,2,8,5,0,0.2857142857142857,0.0,0.2,0.0,0.7142857142857143,1.0,0.8,1.0,0.13333333333333333,0.13333333333333333,0.23529411764705882,0.2127659574468085,0.26315789473684204,-0.7559289460184545,-0.7142857142857143,-0.8,0.2857142857142857,
D00358_06_fill_holes_and_orientation.obj,d00358,Violin,0,10,6,0,6,2437,0.1363792644824186,0.8017282660746159,0.3824299485869955,0.0,0,10,6,0,0.0,0.0,0.0,0.0,1.0,1.0,1.0,1.0,0.0,0.0,,,,-1.0,-1.0,-1.0,0.0,
D00376_06_fill_holes_and_orientation.obj,d00376,Violin,1,9,6,0,7,2437,0.3553496593843032,0.8550346088546428,0.5458709581170357,0.2200917662980802,1,9,6,0,0.14285714285714285,0.0,0.1,0.0,0.8571428571428571,1.0,0.9,1.0,0.0625,0.0625,0.11764705882352941,0.10638297872340426,0.13157894736842102,-0.8783100656536799,-0.8571428571428572,-0.9,0.14285714285714285,
D00506_06_fill_holes_and_orientation.obj,d00506,Violin,3,7,4,0,7,2437,0.541841659375702,0.8453267162944582,0.6220012467625213,0.45374257454118555,3,7,4,0,0.42857142857142855,0.0,0.3,0.0,0.5714285714285714,1.0,0.7,1.0,0.21428571428571427,0.21428571428571427,0.3529411764705882,0.3191489361702127,0.3947368421052631,-0.6324555320336759,-0.5714285714285714,-0.7,0.42857142857142855,
D00570_06_fill_holes_and_orientation.obj,d00570,Violin,3,7,4,0,7,2437,0.4330297491525647,0.8458926472508815,0.5812627616339643,0.39327839964630634,3,7,4,0,0.42857142857142855,0.0,0.3,0.0,0.5714285714285714,1.0,0.7,1.0,0.21428571428571427,0.21428571428571427,0.3529411764705882,0.3191489361702127,0.3947368421052631,-0.6324555320336759,-0.5714285714285714,-0.7,0.42857142857142855,
D00598_06_fill_holes_and_orientation.obj,d00598,Violin,1,9,5,0,6,2437,0.22534986049116698,0.6436158634800401,0.44432493987779703,0.2200917662980802,1,9,5,0,0.16666666666666666,0.0,0.1,0.0,0.8333333333333334,1.0,0.9,1.0,0.06666666666666667,0.06666666666666667,0.125,0.10869565217391304,0.14705882352941177,-0.8660254037844386,-0.8333333333333334,-0.9,0.16666666666666666,
D00602_06_fill_holes_and_orientation.obj,d00602,Violin,0,10,7,0,7,2437,0.034091029710810794,0.655217448086718,0.30602110009940153,0.0,0,10,7,0,0.0,0.0,0.0,0.0,1.0,1.0,1.0,1.0,0.0,0.0,,,,-1.0,-1.0,-1.0,0.0,
D00620_06_fill_holes_and_orientation.obj,d00620,Violin,1,9,6,0,7,2437,0.329084219469859,0.8539027469417962,0.5334095791880558,0.2200917662980802,1,9,6,0,0.14285714285714285,0.0,0.1,0.0,0.8571428571428571,1.0,0.9,1.0,0.0625,0.0625,0.11764705882352941,0.10638297872340426,0.13157894736842102,-0.8783100656536799,-0.8571428571428572,-0.9,0.14285714285714285,
D00675_06_fill_holes_and_orientation.obj,d00675,Violin,0,10,7,0,7,2437,0.022889074180703965,0.5222019067519916,0.2858875839335859,0.0,0,10,7,0,0.0,0.0,0.0,0.0,1.0,1.0,1.0,1.0,0.0,0.0,,,,-1.0,-1.0,-1.0,0.0,
D00701_06_fill_holes_and_orientation.obj,d00701,Violin,0,10,7,0,7,2437,0.02744206560517671,0.5880675634495669,0.2945600810051931,0.0,0,10,7,0,0.0,0.0,0.0,0.0,1.0,1.0,1.0,1.0,0.0,0.0,,,,-1.0,-1.0,-1.0,0.0,
D00704_06_fill_holes_and_orientation.obj,d00704,Violin,1,9,6,0,7,2437,0.2082637388188254,0.8444342867093292,0.4586531940982702,0.13886244387355456,1,9,6,0,0.14285714285714285,0.0,0.1,0.0,0.8571428571428571,1.0,0.9,1.0,0.0625,0.0625,0.11764705882352941,0.10638297872340426,0.13157894736842102,-0.8783100656536799,-0.8571428571428572,-0.9,0.14285714285714285,
D00743_06_fill_holes_and_orientation.obj,d00743,Violin,1,9,6,0,7,2437,0.17893874383911637,0.8253014670671717,0.43468470424402705,0.1100458831490401,1,9,6,0,0.14285714285714285,0.0,0.1,0.0,0.8571428571428571,1.0,0.9,1.0,0.0625,0.0625,0.11764705882352941,0.10638297872340426,0.13157894736842102,-0.8783100656536799,-0.8571428571428572,-0.9,0.14285714285714285,
D00891_06_fill_holes_and_orientation.obj,d00891,Violin,2,8,5,0,7,2437,0.21308991985312883,0.8547516433764311,0.4630599680525694,0.2024832320725063,2,8,5,0,0.2857142857142857,0.0,0.2,0.0,0.7142857142857143,1.0,0.8,1.0,0.13333333333333333,0.13333333333333333,0.23529411764705882,0.2127659574468085,0.26315789473684204,-0.7559289460184545,-0.7142857142857143,-0.8,0.2857142857142857,
D00898_06_fill_holes_and_orientation.obj,d00898,Violin,0,10,6,0,6,2437,0.03997004283612509,0.6296199555961866,0.30809431830929945,0.0,0,10,6,0,0.0,0.0,0.0,0.0,1.0,1.0,1.0,1.0,0.0,0.0,,,,-1.0,-1.0,-1.0,0.0,
D00993_06_fill_holes_and_orientation.obj,d00993,Violin,0,10,6,0,6,2437,0.027722295297043818,0.5628618693134823,0.2852455757298397,0.0,0,10,6,0,0.0,0.0,0.0,0.0,1.0,1.0,1.0,1.0,0.0,0.0,,,,-1.0,-1.0,-1.0,0.0,
m733_06_fill_holes_and_orientation.obj,m733,Wheel,0,10,7,0,7,2437,0.014734399253600382,0.3645704254440314,0.2655416286896676,0.0,0,10,7,0,0.0,0.0,0.0,0.0,1.0,1.0,1.0,1.0,0.0,0.0,,,,-1.0,-1.0,-1.0,0.0,
m734_06_fill_holes_and_orientation.obj,m734,Wheel,2,8,5,0,7,2437,0.12058370479188972,0.712592936802974,0.3896340192557351,0.13698471029831177,2,8,5,0,0.2857142857142857,0.0,0.2,0.0,0.7142857142857143,1.0,0.8,1.0,0.13333333333333333,0.13333333333333333,0.23529411764705882,0.2127659574468085,0.26315789473684204,-0.7559289460184545,-0.7142857142857143,-0.8,0.2857142857142857,
m735_06_fill_holes_and_orientation.obj,m735,Wheel,0,10,7,0,7,2437,0.009239841050537724,0.20058859975216853,0.24124501882265229,0.0,0,10,7,0,0.0,0.0,0.0,0.0,1.0,1.0,1.0,1.0,0.0,0.0,,,,-1.0,-1.0,-1.0,0.0,
m736_06_fill_holes_and_orientation.obj,m736,Wheel,0,10,7,0,7,2437,0.049001166735427495,0.5731619165634035,0.3214059665280169,0.0,0,10,7,0,0.0,0.0,0.0,0.0,1.0,1.0,1.0,1.0,0.0,0.0,,,,-1.0,-1.0,-1.0,0.0,
m737_06_fill_holes_and_orientation.obj,m737,Wheel,1,9,6,0,7,2437,0.09625858318915169,0.8831319702602229,0.37548663733755533,0.07336392209936006,1,9,6,0,0.14285714285714285,0.0,0.1,0.0,0.8571428571428571,1.0,0.9,1.0,0.0625,0.0625,0.11764705882352941,0.10638297872340426,0.13157894736842102,-0.8783100656536799,-0.8571428571428572,-0.9,0.14285714285714285,
m738_06_fill_holes_and_orientation.obj,m738,Wheel,0,10,7,0,7,2437,0.0693611795412615,0.7863228004956629,0.34996753813332787,0.0,0,10,7,0,0.0,0.0,0.0,0.0,1.0,1.0,1.0,1.0,0.0,0.0,,,,-1.0,-1.0,-1.0,0.0,
m739_06_fill_holes_and_orientation.obj,m739,Wheel,0,10,7,0,7,2437,0.06987730254706989,0.7285729037587774,0.3422653621543207,0.0,0,10,7,0,0.0,0.0,0.0,0.0,1.0,1.0,1.0,1.0,0.0,0.0,,,,-1.0,-1.0,-1.0,0.0,
m740_06_fill_holes_and_orientation.obj,m740,Wheel,1,9,6,0,7,2437,0.13726802638028096,0.8884500206526228,0.4034212313858156,0.07336392209936006,1,9,6,0,0.14285714285714285,0.0,0.1,0.0,0.8571428571428571,1.0,0.9,1.0,0.0625,0.0625,0.11764705882352941,0.10638297872340426,0.13157894736842102,-0.8783100656536799,-0.8571428571428572,-0.9,0.14285714285714285,
m741_06_fill_holes_and_orientation.obj,m741,Wheel,0,10,7,0,7,2437,0.011992583309400276,0.37582610491532426,0.25213882318685793,0.0,0,10,7,0,0.0,0.0,0.0,0.0,1.0,1.0,1.0,1.0,0.0,0.0,,,,-1.0,-1.0,-1.0,0.0,
m742_06_fill_holes_and_orientation.obj,m742,Wheel,1,9,6,0,7,2437,0.24482400129712226,0.8321458075175547,0.5041439478568164,0.2200917662980802,1,9,6,0,0.14285714285714285,0.0,0.1,0.0,0.8571428571428571,1.0,0.9,1.0,0.0625,0.0625,0.11764705882352941,0.10638297872340426,0.13157894736842102,-0.8783100656536799,-0.8571428571428572,-0.9,0.14285714285714285,
m743_06_fill_holes_and_orientation.obj,m743,Wheel,1,9,6,0,7,2437,0.1685417242359957,0.827679677819083,0.4405317245893786,0.13886244387355456,1,9,6,0,0.14285714285714285,0.0,0.1,0.0,0.8571428571428571,1.0,0.9,1.0,0.0625,0.0625,0.11764705882352941,0.10638297872340426,0.13157894736842102,-0.8783100656536799,-0.8571428571428572,-0.9,0.14285714285714285,
m744_06_fill_holes_and_orientation.obj,m744,Wheel,1,9,6,0,7,2437,0.20922990382291617,0.8391676992978108,0.4770639083088145,0.2200917662980802,1,9,6,0,0.14285714285714285,0.0,0.1,0.0,0.8571428571428571,1.0,0.9,1.0,0.0625,0.0625,0.11764705882352941,0.10638297872340426,0.13157894736842102,-0.8783100656536799,-0.8571428571428572,-0.9,0.14285714285714285,
m745_06_fill_holes_and_orientation.obj,m745,Wheel,1,9,6,0,7,2437,0.2291961396263233,0.8347015695993392,0.49362735386906853,0.2200917662980802,1,9,6,0,0.14285714285714285,0.0,0.1,0.0,0.8571428571428571,1.0,0.9,1.0,0.0625,0.0625,0.11764705882352941,0.10638297872340426,0.13157894736842102,-0.8783100656536799,-0.8571428571428572,-0.9,0.14285714285714285,
m746_06_fill_holes_and_orientation.obj,m746,Wheel,0,10,7,0,7,2437,0.03647044288464945,0.6693515076414704,0.3076924355077896,0.0,0,10,7,0,0.0,0.0,0.0,0.0,1.0,1.0,1.0,1.0,0.0,0.0,,,,-1.0,-1.0,-1.0,0.0,
m747_06_fill_holes_and_orientation.obj,m747,Wheel,1,9,6,0,7,2437,0.20472589196525628,0.8009087154068566,0.4720570324022075,0.2200917662980802,1,9,6,0,0.14285714285714285,0.0,0.1,0.0,0.8571428571428571,1.0,0.9,1.0,0.0625,0.0625,0.11764705882352941,0.10638297872340426,0.13157894736842102,-0.8783100656536799,-0.8571428571428572,-0.9,0.14285714285714285,
m748_06_fill_holes_and_orientation.obj,m748,Wheel,0,10,7,0,7,2437,0.02200135285505835,0.5259964890541099,0.28344301177747433,0.0,0,10,7,0,0.0,0.0,0.0,0.0,1.0,1.0,1.0,1.0,0.0,0.0,,,,-1.0,-1.0,-1.0,0.0,
m749_06_fill_holes_and_orientation.obj,m749,Wheel,1,9,6,0,7,2437,0.19915886638959654,0.791795745559686,0.4657118842461461,0.2200917662980802,1,9,6,0,0.14285714285714285,0.0,0.1,0.0,0.8571428571428571,1.0,0.9,1.0,0.0625,0.0625,0.11764705882352941,0.10638297872340426,0.13157894736842102,-0.8783100656536799,-0.8571428571428572,-0.9,0.14285714285714285,
D00004_06_fill_holes_and_orientation.obj,d00004,WheelChair,0,10,7,0,7,2437,0.0651443112520728,0.7996169082756519,0.3454469681675466,0.0,0,10,7,0,0.0,0.0,0.0,0.0,1.0,1.0,1.0,1.0,0.0,0.0,,,,-1.0,-1.0,-1.0,0.0,
D00070_06_fill_holes_and_orientation.obj,d00070,WheelChair,0,10,7,0,7,2437,0.14289529410279536,0.8424099952113535,0.3967068639174248,0.0,0,10,7,0,0.0,0.0,0.0,0.0,1.0,1.0,1.0,1.0,0.0,0.0,,,,-1.0,-1.0,-1.0,0.0,
D00088_06_fill_holes_and_orientation.obj,d00088,WheelChair,5,5,2,0,7,2437,0.7915840236729508,0.9037264376822951,0.6823340909699961,0.5360735436824438,5,5,2,0,0.7142857142857143,0.0,0.5,0.0,0.2857142857142857,1.0,0.5,1.0,0.4166666666666667,0.4166666666666667,0.588235294117647,0.5319148936170213,0.6578947368421053,-0.37796447300922725,-0.2857142857142857,-0.5,0.7142857142857143,
D00183_06_fill_holes_and_orientation.obj,d00183,WheelChair,6,4,1,0,7,2437,1.03973899610055,0.916590483653302,0.7428193792366021,0.6461194268314838,6,4,1,0,0.8571428571428571,0.0,0.6,0.0,0.14285714285714285,1.0,0.4,1.0,0.5454545454545454,0.5454545454545454,0.7058823529411764,0.6382978723404255,0.7894736842105262,-0.23904572186687872,-0.1428571428571429,-0.4,0.8571428571428571,
D00203_06_fill_holes_and_orientation.obj,d00203,WheelChair,0,10,7,0,7,2437,0.23141239957744672,0.9056854294545296,0.43049034612379483,0.0,0,10,7,0,0.0,0.0,0.0,0.0,1.0,1.0,1.0,1.0,0.0,0.0,,,,-1.0,-1.0,-1.0,0.0,
D00274_06_fill_holes_and_orientation.obj,d00274,WheelChair,3,7,4,0,7,2437,0.6165586315061014,0.926080710461016,0.6424735245551797,0.37859880603906126,3,7,4,0,0.42857142857142855,0.0,0.3,0.0,0.5714285714285714,1.0,0.7,1.0,0.21428571428571427,0.21428571428571427,0.3529411764705882,0.3191489361702127,0.3947368421052631,-0.6324555320336759,-0.5714285714285714,-0.7,0.42857142857142855,
D00290_06_fill_holes_and_orientation.obj,d00290,WheelChair,2,8,5,0,7,2437,0.24344854909502042,0.8622611118366637,0.4570064998021694,0.14201905717762706,2,8,5,0,0.2857142857142857,0.0,0.2,0.0,0.7142857142857143,1.0,0.8,1.0,0.13333333333333333,0.13333333333333333,0.23529411764705882,0.2127659574468085,0.26315789473684204,-0.7559289460184545,-0.7142857142857143,-0.8,0.2857142857142857,
D00365_06_fill_holes_and_orientation.obj,d00365,WheelChair,1,9,5,0,6,2437,0.38031673685709916,0.8984589264725089,0.4947186703363915,0.09478836436955079,1,9,5,0,0.16666666666666666,0.0,0.1,0.0,0.8333333333333334,1.0,0.9,1.0,0.06666666666666667,0.06666666666666667,0.125,0.10869565217391304,0.14705882352941177,-0.8660254037844386,-0.8333333333333334,-0.9,0.16666666666666666,
D00394_06_fill_holes_and_orientation.obj,d00394,WheelChair,5,5,2,0,7,2437,0.9245658664598014,0.9059030952070001,0.7219116059191397,0.5884674004369674,5,5,2,0,0.7142857142857143,0.0,0.5,0.0,0.2857142857142857,1.0,0.5,1.0,0.4166666666666667,0.4166666666666667,0.588235294117647,0.5319148936170213,0.6578947368421053,-0.37796447300922725,-0.2857142857142857,-0.5,0.7142857142857143,
D00449_06_fill_holes_and_orientation.obj,d00449,WheelChair,0,10,7,0,7,2437,0.09604081363278172,0.8805450350441862,0.35936603127694283,0.0,0,10,7,0,0.0,0.0,0.0,0.0,1.0,1.0,1.0,1.0,0.0,0.0,,,,-1.0,-1.0,-1.0,0.0,
D00453_06_fill_holes_and_orientation.obj,d00453,WheelChair,4,6,3,0,7,2437,0.8407868331010687,0.9309781898916025,0.7127176674000946,0.5036067026046992,4,6,3,0,0.5714285714285714,0.0,0.4,0.0,0.42857142857142855,1.0,0.6,1.0,0.3076923076923077,0.3076923076923077,0.47058823529411764,0.425531914893617,0.5263157894736841,-0.50709255283711,-0.4285714285714286,-0.6,0.5714285714285714,
D00499_06_fill_holes_and_orientation.obj,d00499,WheelChair,4,6,3,0,7,2437,0.7360286525946982,0.8956728048408863,0.6817299929850844,0.4985723557253839,4,6,3,0,0.5714285714285714,0.0,0.4,0.0,0.42857142857142855,1.0,0.6,1.0,0.3076923076923077,0.3076923076923077,0.47058823529411764,0.425531914893617,0.5263157894736841,-0.50709255283711,-0.4285714285714286,-0.6,0.5714285714285714,
D00526_06_fill_holes_and_orientation.obj,d00526,WheelChair,2,8,5,0,7,2437,0.18463735459096894,0.8709242087849898,0.44057759586194073,0.18340980524840014,2,8,5,0,0.2857142857142857,0.0,0.2,0.0,0.7142857142857143,1.0,0.8,1.0,0.13333333333333333,0.13333333333333333,0.23529411764705882,0.2127659574468085,0.26315789473684204,-0.7559289460184545,-0.7142857142857143,-0.8,0.2857142857142857,
D00604_06_fill_holes_and_orientation.obj,d00604,WheelChair,7,3,0,0,7,2437,1.0686231311104117,0.9056854294545296,0.7045693557868729,0.6468562235661909,7,3,0,0,1.0,0.0,0.7,,0.0,1.0,0.3,,0.7,0.7,0.8235294117647058,0.7446808510638298,0.9210526315789475,,0.0,,1.0,
D00628_06_fill_holes_and_orientation.obj,d00628,WheelChair,2,8,5,0,7,2437,0.13356924528713163,0.8306560445779461,0.40333443890027415,0.16421958630632805,2,8,5,0,0.2857142857142857,0.0,0.2,0.0,0.7142857142857143,1.0,0.8,1.0,0.13333333333333333,0.13333333333333333,0.23529411764705882,0.2127659574468085,0.26315789473684204,-0.7559289460184545,-0.7142857142857143,-0.8,0.2857142857142857,
D00687_06_fill_holes_and_orientation.obj,d00687,WheelChair,5,5,1,0,6,2437,0.9502216512139516,0.9033128727526011,0.6543391603999903,0.4735717030454862,5,5,1,0,0.8333333333333334,0.0,0.5,0.0,0.16666666666666666,1.0,0.5,1.0,0.45454545454545453,0.45454545454545453,0.625,0.5434782608695652,0.7352941176470589,-0.28867513459481287,-0.16666666666666663,-0.5,0.8333333333333334,
D00720_06_fill_holes_and_orientation.obj,d00720,WheelChair,2,8,5,0,7,2437,0.3543156183912465,0.8485481694310217,0.49044501094313636,0.14782949091545264,2,8,5,0,0.2857142857142857,0.0,0.2,0.0,0.7142857142857143,1.0,0.8,1.0,0.13333333333333333,0.13333333333333333,0.23529411764705882,0.2127659574468085,0.26315789473684204,-0.7559289460184545,-0.7142857142857143,-0.8,0.2857142857142857,
D00782_06_fill_holes_and_orientation.obj,d00782,WheelChair,0,10,7,0,7,2437,0.047679062839388164,0.7875582255887859,0.3114139427727114,0.0,0,10,7,0,0.0,0.0,0.0,0.0,1.0,1.0,1.0,1.0,0.0,0.0,,,,-1.0,-1.0,-1.0,0.0,
D00821_06_fill_holes_and_orientation.obj,d00821,WheelChair,5,5,1,0,6,2437,1.039150682332925,0.9034434722040834,0.7093327311255697,0.5548010254700118,5,5,1,0,0.8333333333333334,0.0,0.5,0.0,0.16666666666666666,1.0,0.5,1.0,0.45454545454545453,0.45454545454545453,0.625,0.5434782608695652,0.7352941176470589,-0.28867513459481287,-0.16666666666666663,-0.5,0.8333333333333334,
D00846_06_fill_holes_and_orientation.obj,d00846,WheelChair,1,9,6,0,7,2437,0.21867529084060394,0.8778677462887989,0.46552198210018814,0.13886244387355456,1,9,6,0,0.14285714285714285,0.0,0.1,0.0,0.8571428571428571,1.0,0.9,1.0,0.0625,0.0625,0.11764705882352941,0.10638297872340426,0.13157894736842102,-0.8783100656536799,-0.8571428571428572,-0.9,0.14285714285714285,
