query,id,class,tp,fp,fn,tn,P,N_total,AP,ROC_AUC,TP,FP,FN,TN,TPR,TNR,PPV,NPV,FNR,FPR,FDR,FOR,TS,ACC,F1,F0_5,F2,MCC,BM,MK,LR+,LR-
m1337_06_fill_holes_and_orientation.obj,m1337,AircraftBuoyant,1,9,6,19372,7,19388,0.17975460848996255,0.4768235617946601,1,9,6,19372,0.14285714285714285,0.9995356276765904,0.1,0.9996903705232738,0.8571428571428571,0.0004643723234095248,0.9,0.0003096294767261843,0.0625,0.9992263255622035,0.11764705882352941,0.10638297872340426,0.13157894736842102,0.11914356069189547,0.14239277053373334,0.0996903705232739,307.6349206349206,0.857541075484499
m1338_06_fill_holes_and_orientation.obj,m1338,AircraftBuoyant,1,9,6,19372,7,19388,0.1625175445582554,0.45893201211120294,1,9,6,19372,0.14285714285714285,0.9995356276765904,0.1,0.9996903705232738,0.8571428571428571,0.0004643723234095248,0.9,0.0003096294767261843,0.0625,0.9992263255622035,0.11764705882352941,0.10638297872340426,0.13157894736842102,0.11914356069189547,0.14239277053373334,0.0996903705232739,307.6349206349206,0.857541075484499
m1339_06_fill_holes_and_orientation.obj,m1339,AircraftBuoyant,0,10,7,19371,7,19388,0.009340237065077011,0.2618772364437104,0,10,7,19371,0.0,0.9994840307517672,0.0,0.9996387656104861,1.0,0.0005159692482328053,1.0,0.0003612343895138817,0.0,0.9991231689704972,,,,-0.0004317242596766064,-0.0005159692482328282,-0.00036123438951385367,0.0,1.0005162356099324
m1340_06_fill_holes_and_orientation.obj,m1340,AircraftBuoyant,1,9,6,19372,7,19388,0.18259954423211694,0.5982383704927057,1,9,6,19372,0.14285714285714285,0.9995356276765904,0.1,0.9996903705232738,0.8571428571428571,0.0004643723234095248,0.9,0.0003096294767261843,0.0625,0.9992263255622035,0.11764705882352941,0.10638297872340426,0.13157894736842102,0.11914356069189547,0.14239277053373334,0.0996903705232739,307.6349206349206,0.857541075484499
m1341_06_fill_holes_and_orientation.obj,m1341,AircraftBuoyant,1,9,6,19372,7,19388,0.179368305976548,0.6106798788879714,1,9,6,19372,0.14285714285714285,0.9995356276765904,0.1,0.9996903705232738,0.8571428571428571,0.0004643723234095248,0.9,0.0003096294767261843,0.0625,0.9992263255622035,0.11764705882352941,0.10638297872340426,0.13157894736842102,0.11914356069189547,0.14239277053373334,0.0996903705232739,307.6349206349206,0.857541075484499
m1342_06_fill_holes_and_orientation.obj,m1342,AircraftBuoyant,1,9,6,19372,7,19388,0.20480240988310666,0.6872557115331681,1,9,6,19372,0.14285714285714285,0.9995356276765904,0.1,0.9996903705232738,0.8571428571428571,0.0004643723234095248,0.9,0.0003096294767261843,0.0625,0.9992263255622035,0.11764705882352941,0.10638297872340426,0.13157894736842102,0.11914356069189547,0.14239277053373334,0.0996903705232739,307.6349206349206,0.857541075484499
m1343_06_fill_holes_and_orientation.obj,m1343,AircraftBuoyant,0,10,7,19371,7,19388,0.02105463628565954,0.47817230938618216,0,10,7,19371,0.0,0.9994840307517672,0.0,0.9996387656104861,1.0,0.0005159692482328053,1.0,0.0003612343895138817,0.0,0.9991231689704972,,,,-0.0004317242596766064,-0.0005159692482328282,-0.00036123438951385367,0.0,1.0005162356099324
m1344_06_fill_holes_and_orientation.obj,m1344,AircraftBuoyant,1,9,6,19372,7,19388,0.25483197184221207,0.7038535645472062,1,9,6,19372,0.14285714285714285,0.9995356276765904,0.1,0.9996903705232738,0.8571428571428571,0.0004643723234095248,0.9,0.0003096294767261843,0.0625,0.9992263255622035,0.11764705882352941,0.10638297872340426,0.13157894736842102,0.11914356069189547,0.14239277053373334,0.0996903705232739,307.6349206349206,0.857541075484499
m1345_06_fill_holes_and_orientation.obj,m1345,AircraftBuoyant,0,10,7,19371,7,19388,0.010869840943419294,0.3120011010184421,0,10,7,19371,0.0,0.9994840307517672,0.0,0.9996387656104861,1.0,0.0005159692482328053,1.0,0.0003612343895138817,0.0,0.9991231689704972,,,,-0.0004317242596766064,-0.0005159692482328282,-0.00036123438951385367,0.0,1.0005162356099324
m1346_06_fill_holes_and_orientation.obj,m1346,AircraftBuoyant,1,9,6,19372,7,19388,0.16060458005154876,0.36878612716763004,1,9,6,19372,0.14285714285714285,0.9995356276765904,0.1,0.9996903705232738,0.8571428571428571,0.0004643723234095248,0.9,0.0003096294767261843,0.0625,0.9992263255622035,0.11764705882352941,0.10638297872340426,0.13157894736842102,0.11914356069189547,0.14239277053373334,0.0996903705232739,307.6349206349206,0.857541075484499
m1347_06_fill_holes_and_orientation.obj,m1347,AircraftBuoyant,1,9,6,19372,7,19388,0.159843942050524,0.4399119185246353,1,9,6,19372,0.14285714285714285,0.9995356276765904,0.1,0.9996903705232738,0.8571428571428571,0.0004643723234095248,0.9,0.0003096294767261843,0.0625,0.9992263255622035,0.11764705882352941,0.10638297872340426,0.13157894736842102,0.11914356069189547,0.14239277053373334,0.0996903705232739,307.6349206349206,0.857541075484499
m1348_06_fill_holes_and_orientation.obj,m1348,AircraftBuoyant,1,9,6,19372,7,19388,0.16045714024358707,0.37120836774015964,1,9,6,19372,0.14285714285714285,0.9995356276765904,0.1,0.9996903705232738,0.8571428571428571,0.0004643723234095248,0.9,0.0003096294767261843,0.0625,0.9992263255622035,0.11764705882352941,0.10638297872340426,0.13157894736842102,0.11914356069189547,0.14239277053373334,0.0996903705232739,307.6349206349206,0.857541075484499
m1349_06_fill_holes_and_orientation.obj,m1349,AircraftBuoyant,0,10,7,19371,7,19388,0.0229873442634512,0.5492981007431874,0,10,7,19371,0.0,0.9994840307517672,0.0,0.9996387656104861,1.0,0.0005159692482328053,1.0,0.0003612343895138817,0.0,0.9991231689704972,,,,-0.0004317242596766064,-0.0005159692482328282,-0.00036123438951385367,0.0,1.0005162356099324
m1350_06_fill_holes_and_orientation.obj,m1350,AircraftBuoyant,0,10,7,19371,7,19388,0.05178062413195959,0.5473988439306359,0,10,7,19371,0.0,0.9994840307517672,0.0,0.9996387656104861,1.0,0.0005159692482328053,1.0,0.0003612343895138817,0.0,0.9991231689704972,,,,-0.0004317242596766064,-0.0005159692482328282,-0.00036123438951385367,0.0,1.0005162356099324
m1351_06_fill_holes_and_orientation.obj,m1351,AircraftBuoyant,1,9,6,19372,7,19388,0.08866786806292214,0.42810349573355355,1,9,6,19372,0.14285714285714285,0.9995356276765904,0.1,0.9996903705232738,0.8571428571428571,0.0004643723234095248,0.9,0.0003096294767261843,0.0625,0.9992263255622035,0.11764705882352941,0.10638297872340426,0.13157894736842102,0.11914356069189547,0.14239277053373334,0.0996903705232739,307.6349206349206,0.857541075484499
m1352_06_fill_holes_and_orientation.obj,m1352,AircraftBuoyant,2,8,5,19373,7,19388,0.061324094836788315,0.4389210019267823,2,8,5,19373,0.2857142857142857,0.9995872246014138,0.2,0.9997419754360615,0.7142857142857143,0.00041277539858624424,0.8,0.0002580245639384869,0.13333333333333333,0.9993294821539096,0.23529411764705882,0.2127659574468085,0.26315789473684204,0.23871884564346754,0.2853015103156995,0.19974197543606143,692.1785714285714,0.7145806756089108
D00045_06_fill_holes_and_orientation.obj,d00045,Apartment,2,8,5,19373,7,19388,0.3533123641026442,0.8348202522115565,2,8,5,19373,0.2857142857142857,0.9995872246014138,0.2,0.9997419754360615,0.7142857142857143,0.00041277539858624424,0.8,0.0002580245639384869,0.13333333333333333,0.9993294821539096,0.23529411764705882,0.2127659574468085,0.26315789473684204,0.23871884564346754,0.2853015103156995,0.19974197543606143,692.1785714285714,0.7145806756089108
D00086_06_fill_holes_and_orientation.obj,d00086,Apartment,0,10,7,19371,7,19388,0.0411686913279249,0.5028044419348767,0,10,7,19371,0.0,0.9994840307517672,0.0,0.9996387656104861,1.0,0.0005159692482328053,1.0,0.0003612343895138817,0.0,0.9991231689704972,,,,-0.0004317242596766064,-0.0005159692482328282,-0.00036123438951385367,0.0,1.0005162356099324
D00138_06_fill_holes_and_orientation.obj,d00138,Apartment,0,10,7,19371,7,19388,0.01879010051746288,0.2785620176924525,0,10,7,19371,0.0,0.9994840307517672,0.0,0.9996387656104861,1.0,0.0005159692482328053,1.0,0.0003612343895138817,0.0,0.9991231689704972,,,,-0.0004317242596766064,-0.0005159692482328282,-0.00036123438951385367,0.0,1.0005162356099324
D00156_06_fill_holes_and_orientation.obj,d00156,Apartment,2,8,5,19373,7,19388,0.4187470578908576,0.7586297760210803,2,8,5,19373,0.2857142857142857,0.9995872246014138,0.2,0.9997419754360615,0.7142857142857143,0.00041277539858624424,0.8,0.0002580245639384869,0.13333333333333333,0.9993294821539096,0.23529411764705882,0.2127659574468085,0.26315789473684204,0.23871884564346754,0.2853015103156995,0.19974197543606143,692.1785714285714,0.7145806756089108
D00310_06_fill_holes_and_orientation.obj,d00310,Apartment,0,10,7,19371,7,19388,0.1328183585630664,0.7487483530961792,0,10,7,19371,0.0,0.9994840307517672,0.0,0.9996387656104861,1.0,0.0005159692482328053,1.0,0.0003612343895138817,0.0,0.9991231689704972,,,,-0.0004317242596766064,-0.0005159692482328282,-0.00036123438951385367,0.0,1.0005162356099324
D00348_06_fill_holes_and_orientation.obj,d00348,Apartment,0,10,7,19371,7,19388,0.10797880386021143,0.6138528138528139,0,10,7,19371,0.0,0.9994840307517672,0.0,0.9996387656104861,1.0,0.0005159692482328053,1.0,0.0003612343895138817,0.0,0.9991231689704972,,,,-0.0004317242596766064,-0.0005159692482328282,-0.00036123438951385367,0.0,1.0005162356099324
D00366_06_fill_holes_and_orientation.obj,d00366,Apartment,1,9,6,19372,7,19388,0.19410604502248718,0.5721249764728026,1,9,6,19372,0.14285714285714285,0.9995356276765904,0.1,0.9996903705232738,0.8571428571428571,0.0004643723234095248,0.9,0.0003096294767261843,0.0625,0.9992263255622035,0.11764705882352941,0.10638297872340426,0.13157894736842102,0.11914356069189547,0.14239277053373334,0.0996903705232739,307.6349206349206,0.857541075484499
D00478_06_fill_holes_and_orientation.obj,d00478,Apartment,1,9,6,19372,7,19388,0.25667435136793076,0.7140222096743836,1,9,6,19372,0.14285714285714285,0.9995356276765904,0.1,0.9996903705232738,0.8571428571428571,0.0004643723234095248,0.9,0.0003096294767261843,0.0625,0.9992263255622035,0.11764705882352941,0.10638297872340426,0.13157894736842102,0.11914356069189547,0.14239277053373334,0.0996903705232739,307.6349206349206,0.857541075484499
D00496_06_fill_holes_and_orientation.obj,d00496,Apartment,2,8,5,19373,7,19388,0.13714472733827415,0.6307359307359307,2,8,5,19373,0.2857142857142857,0.9995872246014138,0.2,0.9997419754360615,0.7142857142857143,0.00041277539858624424,0.8,0.0002580245639384869,0.13333333333333333,0.9993294821539096,0.23529411764705882,0.2127659574468085,0.26315789473684204,0.23871884564346754,0.2853015103156995,0.19974197543606143,692.1785714285714,0.7145806756089108
D00626_06_fill_holes_and_orientation.obj,d00626,Apartment,0,10,7,19371,7,19388,0.07022143833851188,0.6563146997929606,0,10,7,19371,0.0,0.9994840307517672,0.0,0.9996387656104861,1.0,0.0005159692482328053,1.0,0.0003612343895138817,0.0,0.9991231689704972,,,,-0.0004317242596766064,-0.0005159692482328282,-0.00036123438951385367,0.0,1.0005162356099324
D00639_06_fill_holes_and_orientation.obj,d00639,Apartment,0,10,7,19371,7,19388,0.12353272598113589,0.7896856766421984,0,10,7,19371,0.0,0.9994840307517672,0.0,0.9996387656104861,1.0,0.0005159692482328053,1.0,0.0003612343895138817,0.0,0.9991231689704972,,,,-0.0004317242596766064,-0.0005159692482328282,-0.00036123438951385367,0.0,1.0005162356099324
D00651_06_fill_holes_and_orientation.obj,d00651,Apartment,2,8,5,19373,7,19388,0.4174936206276361,0.7587615283267457,2,8,5,19373,0.2857142857142857,0.9995872246014138,0.2,0.9997419754360615,0.7142857142857143,0.00041277539858624424,0.8,0.0002580245639384869,0.13333333333333333,0.9993294821539096,0.23529411764705882,0.2127659574468085,0.26315789473684204,0.23871884564346754,0.2853015103156995,0.19974197543606143,692.1785714285714,0.7145806756089108
D00681_06_fill_holes_and_orientation.obj,d00681,Apartment,2,8,5,19373,7,19388,0.5553926431904712,0.8387351778656126,2,8,5,19373,0.2857142857142857,0.9995872246014138,0.2,0.9997419754360615,0.7142857142857143,0.00041277539858624424,0.8,0.0002580245639384869,0.13333333333333333,0.9993294821539096,0.23529411764705882,0.2127659574468085,0.26315789473684204,0.23871884564346754,0.2853015103156995,0.19974197543606143,692.1785714285714,0.7145806756089108
D00780_06_fill_holes_and_orientation.obj,d00780,Apartment,0,10,6,19372,6,19388,0.032779987210673336,0.5062864671560323,0,10,6,19372,0.0,0.9994840573728201,0.0,0.9996903705232738,1.0,0.0005159426271798576,1.0,0.0003096294767261843,0.0,0.9991747472663504,,,,-0.00039968868594749107,-0.0005159426271799106,-0.000309629476726192,0.0,1.0005162089613877
D00792_06_fill_holes_and_orientation.obj,d00792,Apartment,1,9,6,19372,7,19388,0.21903972093410506,0.5642386598908338,1,9,6,19372,0.14285714285714285,0.9995356276765904,0.1,0.9996903705232738,0.8571428571428571,0.0004643723234095248,0.9,0.0003096294767261843,0.0625,0.9992263255622035,0.11764705882352941,0.10638297872340426,0.13157894736842102,0.11914356069189547,0.14239277053373334,0.0996903705232739,307.6349206349206,0.857541075484499
D00859_06_fill_holes_and_orientation.obj,d00859,Apartment,0,10,7,19371,7,19388,0.05361478270689374,0.5163749294184077,0,10,7,19371,0.0,0.9994840307517672,0.0,0.9996387656104861,1.0,0.0005159692482328053,1.0,0.0003612343895138817,0.0,0.9991231689704972,,,,-0.0004317242596766064,-0.0005159692482328282,-0.00036123438951385367,0.0,1.0005162356099324
D00860_06_fill_holes_and_orientation.obj,d00860,Apartment,1,9,6,19372,7,19388,0.25397712353104607,0.7181253529079615,1,9,6,19372,0.14285714285714285,0.9995356276765904,0.1,0.9996903705232738,0.8571428571428571,0.0004643723234095248,0.9,0.0003096294767261843,0.0625,0.9992263255622035,0.11764705882352941,0.10638297872340426,0.13157894736842102,0.11914356069189547,0.14239277053373334,0.0996903705232739,307.6349206349206,0.857541075484499
D00869_06_fill_holes_and_orientation.obj,d00869,Apartment,0,10,7,19371,7,19388,0.07136565867059277,0.661509504987766,0,10,7,19371,0.0,0.9994840307517672,0.0,0.9996387656104861,1.0,0.0005159692482328053,1.0,0.0003612343895138817,0.0,0.9991231689704972,,,,-0.0004317242596766064,-0.0005159692482328282,-0.00036123438951385367,0.0,1.0005162356099324
D00921_06_fill_holes_and_orientation.obj,d00921,Apartment,2,8,5,19373,7,19388,0.2629702176786687,0.7137022397891963,2,8,5,19373,0.2857142857142857,0.9995872246014138,0.2,0.9997419754360615,0.7142857142857143,0.00041277539858624424,0.8,0.0002580245639384869,0.13333333333333333,0.9993294821539096,0.23529411764705882,0.2127659574468085,0.26315789473684204,0.23871884564346754,0.2853015103156995,0.19974197543606143,692.1785714285714,0.7145806756089108
D00953_06_fill_holes_and_orientation.obj,d00953,Apartment,0,10,7,19371,7,19388,0.05842725260717823,0.5802371541501976,0,10,7,19371,0.0,0.9994840307517672,0.0,0.9996387656104861,1.0,0.0005159692482328053,1.0,0.0003612343895138817,0.0,0.9991231689704972,,,,-0.0004317242596766064,-0.0005159692482328282,-0.00036123438951385367,0.0,1.0005162356099324
m463_06_fill_holes_and_orientation.obj,m463,Apartment,1,9,6,19372,7,19388,0.16262254333638423,0.8065123282514587,1,9,6,19372,0.14285714285714285,0.9995356276765904,0.1,0.9996903705232738,0.8571428571428571,0.0004643723234095248,0.9,0.0003096294767261843,0.0625,0.9992263255622035,0.11764705882352941,0.10638297872340426,0.13157894736842102,0.11914356069189547,0.14239277053373334,0.0996903705232739,307.6349206349206,0.857541075484499
m464_06_fill_holes_and_orientation.obj,m464,Apartment,0,10,7,19371,7,19388,0.03679322051392431,0.5231695840391493,0,10,7,19371,0.0,0.9994840307517672,0.0,0.9996387656104861,1.0,0.0005159692482328053,1.0,0.0003612343895138817,0.0,0.9991231689704972,,,,-0.0004317242596766064,-0.0005159692482328282,-0.00036123438951385367,0.0,1.0005162356099324
m465_06_fill_holes_and_orientation.obj,m465,Apartment,0,10,7,19371,7,19388,0.04099577900682309,0.4413325804630152,0,10,7,19371,0.0,0.9994840307517672,0.0,0.9996387656104861,1.0,0.0005159692482328053,1.0,0.0003612343895138817,0.0,0.9991231689704972,,,,-0.0004317242596766064,-0.0005159692482328282,-0.00036123438951385367,0.0,1.0005162356099324
m53_06_fill_holes_and_orientation.obj,m53,AquaticAnimal,3,7,4,19374,7,19388,0.7228249058192724,0.8445673889657292,3,7,4,19374,0.42857142857142855,0.9996388215262371,0.3,0.9997935803488492,0.5714285714285714,0.00036117847376296373,0.7,0.00020641965115078957,0.21428571428571427,0.9994326387456158,0.3529411764705882,0.3191489361702127,0.3947368421052631,0.3582941305950396,0.42821025009766567,0.2997935803488492,1186.5918367346937,0.5716350336975917
m54_06_fill_holes_and_orientation.obj,m54,AquaticAnimal,4,6,3,19375,7,19388,0.6305701879481075,0.8463808206546796,4,6,3,19375,0.5714285714285714,0.9996904184510603,0.4,0.9998451852616369,0.42857142857142855,0.00030958154893968317,0.6,0.00015481473836309216,0.3076923076923077,0.9995357953373221,0.47058823529411764,0.425531914893617,0.5263157894736841,0.4778694155466117,0.5711189898796318,0.3998451852616369,1845.8095238095239,0.4287041474654378
m55_06_fill_holes_and_orientation.obj,m55,AquaticAnimal,5,5,2,19376,7,19388,0.8737284442094492,0.8552942984478253,5,5,2,19376,0.7142857142857143,0.9997420153758836,0.5,0.9998967901744246,0.2857142857142857,0.00025798462411640266,0.5,0.00010320982557539478,0.4166666666666667,0.9996389519290283,0.588235294117647,0.5319148936170213,0.6578947368421053,0.5974447004981838,0.714027729661598,0.4998967901744247,2768.714285714286,0.28578801462781644
m56_06_fill_holes_and_orientation.obj,m56,AquaticAnimal,5,5,2,19376,7,19388,0.9570690325780858,0.8676502228369448,5,5,2,19376,0.7142857142857143,0.9997420153758836,0.5,0.9998967901744246,0.2857142857142857,0.00025798462411640266,0.5,0.00010320982557539478,0.4166666666666667,0.9996389519290283,0.588235294117647,0.5319148936170213,0.6578947368421053,0.5974447004981838,0.714027729661598,0.4998967901744247,2768.714285714286,0.28578801462781644
m57_06_fill_holes_and_orientation.obj,m57,AquaticAnimal,4,6,3,19375,7,19388,0.7395392736787503,0.8439526663593053,4,6,3,19375,0.5714285714285714,0.9996904184510603,0.4,0.9998451852616369,0.42857142857142855,0.00030958154893968317,0.6,0.00015481473836309216,0.3076923076923077,0.9995357953373221,0.47058823529411764,0.425531914893617,0.5263157894736841,0.4778694155466117,0.5711189898796318,0.3998451852616369,1845.8095238095239,0.4287041474654378
m58_06_fill_holes_and_orientation.obj,m58,AquaticAnimal,0,10,7,19371,7,19388,0.04051767303721944,0.48627631781158753,0,10,7,19371,0.0,0.9994840307517672,0.0,0.9996387656104861,1.0,0.0005159692482328053,1.0,0.0003612343895138817,0.0,0.9991231689704972,,,,-0.0004317242596766064,-0.0005159692482328282,-0.00036123438951385367,0.0,1.0005162356099324
m59_06_fill_holes_and_orientation.obj,m59,AquaticAnimal,1,9,6,19372,7,19388,0.31554375881045155,0.8356846473029045,1,9,6,19372,0.14285714285714285,0.9995356276765904,0.1,0.9996903705232738,0.8571428571428571,0.0004643723234095248,0.9,0.0003096294767261843,0.0625,0.9992263255622035,0.11764705882352941,0.10638297872340426,0.13157894736842102,0.11914356069189547,0.14239277053373334,0.0996903705232739,307.6349206349206,0.857541075484499
m60_06_fill_holes_and_orientation.obj,m60,AquaticAnimal,2,8,5,19373,7,19388,0.34638873464168046,0.8431381589057938,2,8,5,19373,0.2857142857142857,0.9995872246014138,0.2,0.9997419754360615,0.7142857142857143,0.00041277539858624424,0.8,0.0002580245639384869,0.13333333333333333,0.9993294821539096,0.23529411764705882,0.2127659574468085,0.26315789473684204,0.23871884564346754,0.2853015103156995,0.19974197543606143,692.1785714285714,0.7145806756089108
m61_06_fill_holes_and_orientation.obj,m61,AquaticAnimal,4,6,3,19375,7,19388,0.6789862929834821,0.8505916705086829,4,6,3,19375,0.5714285714285714,0.9996904184510603,0.4,0.9998451852616369,0.42857142857142855,0.00030958154893968317,0.6,0.00015481473836309216,0.3076923076923077,0.9995357953373221,0.47058823529411764,0.425531914893617,0.5263157894736841,0.4778694155466117,0.5711189898796318,0.3998451852616369,1845.8095238095239,0.4287041474654378
m62_06_fill_holes_and_orientation.obj,m62,AquaticAnimal,0,10,7,19371,7,19388,0.07859551952521794,0.6706162594129399,0,10,7,19371,0.0,0.9994840307517672,0.0,0.9996387656104861,1.0,0.0005159692482328053,1.0,0.0003612343895138817,0.0,0.9991231689704972,,,,-0.0004317242596766064,-0.0005159692482328282,-0.00036123438951385367,0.0,1.0005162356099324
m63_06_fill_holes_and_orientation.obj,m63,AquaticAnimal,0,10,7,19371,7,19388,0.06409978383496481,0.6218533886583679,0,10,7,19371,0.0,0.9994840307517672,0.0,0.9996387656104861,1.0,0.0005159692482328053,1.0,0.0003612343895138817,0.0,0.9991231689704972,,,,-0.0004317242596766064,-0.0005159692482328282,-0.00036123438951385367,0.0,1.0005162356099324
m64_06_fill_holes_and_orientation.obj,m64,AquaticAnimal,1,9,6,19372,7,19388,0.2813689307361746,0.8455048409405256,1,9,6,19372,0.14285714285714285,0.9995356276765904,0.1,0.9996903705232738,0.8571428571428571,0.0004643723234095248,0.9,0.0003096294767261843,0.0625,0.9992263255622035,0.11764705882352941,0.10638297872340426,0.13157894736842102,0.11914356069189547,0.14239277053373334,0.0996903705232739,307.6349206349206,0.857541075484499
m65_06_fill_holes_and_orientation.obj,m65,AquaticAnimal,0,10,7,19371,7,19388,0.07200268785531504,0.7076994006454587,0,10,7,19371,0.0,0.9994840307517672,0.0,0.9996387656104861,1.0,0.0005159692482328053,1.0,0.0003612343895138817,0.0,0.9991231689704972,,,,-0.0004317242596766064,-0.0005159692482328282,-0.00036123438951385367,0.0,1.0005162356099324
m66_06_fill_holes_and_orientation.obj,m66,AquaticAnimal,0,10,7,19371,7,19388,0.048997691575506916,0.5657292146918702,0,10,7,19371,0.0,0.9994840307517672,0.0,0.9996387656104861,1.0,0.0005159692482328053,1.0,0.0003612343895138817,0.0,0.9991231689704972,,,,-0.0004317242596766064,-0.0005159692482328282,-0.00036123438951385367,0.0,1.0005162356099324
m67_06_fill_holes_and_orientation.obj,m67,AquaticAnimal,0,10,7,19371,7,19388,0.1566058201463105,0.8031350852927617,0,10,7,19371,0.0,0.9994840307517672,0.0,0.9996387656104861,1.0,0.0005159692482328053,1.0,0.0003612343895138817,0.0,0.9991231689704972,,,,-0.0004317242596766064,-0.0005159692482328282,-0.00036123438951385367,0.0,1.0005162356099324
m68_06_fill_holes_and_orientation.obj,m68,AquaticAnimal,2,8,5,19373,7,19388,0.2735456960617962,0.8367604118641463,2,8,5,19373,0.2857142857142857,0.9995872246014138,0.2,0.9997419754360615,0.7142857142857143,0.00041277539858624424,0.8,0.0002580245639384869,0.13333333333333333,0.9993294821539096,0.23529411764705882,0.2127659574468085,0.26315789473684204,0.23871884564346754,0.2853015103156995,0.19974197543606143,692.1785714285714,0.7145806756089108
m69_06_fill_holes_and_orientation.obj,m69,AquaticAnimal,0,10,7,19371,7,19388,0.10952281062554096,0.7630090671584447,0,10,7,19371,0.0,0.9994840307517672,0.0,0.9996387656104861,1.0,0.0005159692482328053,1.0,0.0003612343895138817,0.0,0.9991231689704972,,,,-0.0004317242596766064,-0.0005159692482328282,-0.00036123438951385367,0.0,1.0005162356099324
m70_06_fill_holes_and_orientation.obj,m70,AquaticAnimal,1,9,6,19372,7,19388,0.31408012970861693,0.8264484401413863,1,9,6,19372,0.14285714285714285,0.9995356276765904,0.1,0.9996903705232738,0.8571428571428571,0.0004643723234095248,0.9,0.0003096294767261843,0.0625,0.9992263255622035,0.11764705882352941,0.10638297872340426,0.13157894736842102,0.11914356069189547,0.14239277053373334,0.0996903705232739,307.6349206349206,0.857541075484499
m71_06_fill_holes_and_orientation.obj,m71,AquaticAnimal,0,10,7,19371,7,19388,0.11253420571640363,0.78762870754572,0,10,7,19371,0.0,0.9994840307517672,0.0,0.9996387656104861,1.0,0.0005159692482328053,1.0,0.0003612343895138817,0.0,0.9991231689704972,,,,-0.0004317242596766064,-0.0005159692482328282,-0.00036123438951385367,0.0,1.0005162356099324
m72_06_fill_holes_and_orientation.obj,m72,AquaticAnimal,2,8,5,19373,7,19388,0.24992722211745608,0.8202243737513447,2,8,5,19373,0.2857142857142857,0.9995872246014138,0.2,0.9997419754360615,0.7142857142857143,0.00041277539858624424,0.8,0.0002580245639384869,0.13333333333333333,0.9993294821539096,0.23529411764705882,0.2127659574468085,0.26315789473684204,0.23871884564346754,0.2853015103156995,0.19974197543606143,692.1785714285714,0.7145806756089108
m73_06_fill_holes_and_orientation.obj,m73,AquaticAnimal,0,10,7,19371,7,19388,0.07367294924376833,0.6954817888427847,0,10,7,19371,0.0,0.9994840307517672,0.0,0.9996387656104861,1.0,0.0005159692482328053,1.0,0.0003612343895138817,0.0,0.9991231689704972,,,,-0.0004317242596766064,-0.0005159692482328282,-0.00036123438951385367,0.0,1.0005162356099324
m75_06_fill_holes_and_orientation.obj,m75,AquaticAnimal,1,9,6,19372,7,19388,0.26089871380743246,0.8289534347625634,1,9,6,19372,0.14285714285714285,0.9995356276765904,0.1,0.9996903705232738,0.8571428571428571,0.0004643723234095248,0.9,0.0003096294767261843,0.0625,0.9992263255622035,0.11764705882352941,0.10638297872340426,0.13157894736842102,0.11914356069189547,0.14239277053373334,0.0996903705232739,307.6349206349206,0.857541075484499
m76_06_fill_holes_and_orientation.obj,m76,AquaticAnimal,1,9,6,19372,7,19388,0.15419950062361587,0.8123866605194406,1,9,6,19372,0.14285714285714285,0.9995356276765904,0.1,0.9996903705232738,0.8571428571428571,0.0004643723234095248,0.9,0.0003096294767261843,0.0625,0.9992263255622035,0.11764705882352941,0.10638297872340426,0.13157894736842102,0.11914356069189547,0.14239277053373334,0.0996903705232739,307.6349206349206,0.857541075484499
m77_06_fill_holes_and_orientation.obj,m77,AquaticAnimal,1,9,6,19372,7,19388,0.2314939844959567,0.8208390963577685,1,9,6,19372,0.14285714285714285,0.9995356276765904,0.1,0.9996903705232738,0.8571428571428571,0.0004643723234095248,0.9,0.0003096294767261843,0.0625,0.9992263255622035,0.11764705882352941,0.10638297872340426,0.13157894736842102,0.11914356069189547,0.14239277053373334,0.0996903705232739,307.6349206349206,0.857541075484499
m78_06_fill_holes_and_orientation.obj,m78,AquaticAnimal,0,10,7,19371,7,19388,0.09480551973062572,0.7651452282157677,0,10,7,19371,0.0,0.9994840307517672,0.0,0.9996387656104861,1.0,0.0005159692482328053,1.0,0.0003612343895138817,0.0,0.9991231689704972,,,,-0.0004317242596766064,-0.0005159692482328282,-0.00036123438951385367,0.0,1.0005162356099324
m79_06_fill_holes_and_orientation.obj,m79,AquaticAnimal,2,8,5,19373,7,19388,0.24184303621864783,0.8140003073613031,2,8,5,19373,0.2857142857142857,0.9995872246014138,0.2,0.9997419754360615,0.7142857142857143,0.00041277539858624424,0.8,0.0002580245639384869,0.13333333333333333,0.9993294821539096,0.23529411764705882,0.2127659574468085,0.26315789473684204,0.23871884564346754,0.2853015103156995,0.19974197543606143,692.1785714285714,0.7145806756089108
m80_06_fill_holes_and_orientation.obj,m80,AquaticAnimal,0,10,7,19371,7,19388,0.09485353970935581,0.7606116489933917,0,10,7,19371,0.0,0.9994840307517672,0.0,0.9996387656104861,1.0,0.0005159692482328053,1.0,0.0003612343895138817,0.0,0.9991231689704972,,,,-0.0004317242596766064,-0.0005159692482328282,-0.00036123438951385367,0.0,1.0005162356099324
m81_06_fill_holes_and_orientation.obj,m81,AquaticAnimal,0,10,7,19371,7,19388,0.2204612505035332,0.825849085600123,0,10,7,19371,0.0,0.9994840307517672,0.0,0.9996387656104861,1.0,0.0005159692482328053,1.0,0.0003612343895138817,0.0,0.9991231689704972,,,,-0.0004317242596766064,-0.0005159692482328282,-0.00036123438951385367,0.0,1.0005162356099324
D00031_06_fill_holes_and_orientation.obj,d00031,Bed,1,9,6,19372,7,19388,0.16677476926695958,0.7294451711705963,1,9,6,19372,0.14285714285714285,0.9995356276765904,0.1,0.9996903705232738,0.8571428571428571,0.0004643723234095248,0.9,0.0003096294767261843,0.0625,0.9992263255622035,0.11764705882352941,0.10638297872340426,0.13157894736842102,0.11914356069189547,0.14239277053373334,0.0996903705232739,307.6349206349206,0.857541075484499
D00110_06_fill_holes_and_orientation.obj,d00110,Bed,1,9,6,19372,7,19388,0.24116696878997376,0.7832849440066363,1,9,6,19372,0.14285714285714285,0.9995356276765904,0.1,0.9996903705232738,0.8571428571428571,0.0004643723234095248,0.9,0.0003096294767261843,0.0625,0.9992263255622035,0.11764705882352941,0.10638297872340426,0.13157894736842102,0.11914356069189547,0.14239277053373334,0.0996903705232739,307.6349206349206,0.857541075484499
D00121_06_fill_holes_and_orientation.obj,d00121,Bed,0,10,7,19371,7,19388,0.26841584633750804,0.8513703219219603,0,10,7,19371,0.0,0.9994840307517672,0.0,0.9996387656104861,1.0,0.0005159692482328053,1.0,0.0003612343895138817,0.0,0.9991231689704972,,,,-0.0004317242596766064,-0.0005159692482328282,-0.00036123438951385367,0.0,1.0005162356099324
D00184_06_fill_holes_and_orientation.obj,d00184,Bed,1,9,5,19373,6,19388,0.20376171692959585,0.7542513479883866,1,9,5,19373,0.16666666666666666,0.9995356516355381,0.1,0.9997419754360615,0.8333333333333334,0.0004643483644618718,0.9,0.0002580245639384869,0.06666666666666667,0.9992779038580565,0.125,0.10869565217391304,0.14705882352941177,0.1287530486998851,0.16620231830220478,0.09974197543606156,358.9259259259259,0.8337204700700288
D00210_06_fill_holes_and_orientation.obj,d00210,Bed,1,9,6,19372,7,19388,0.1581106856285051,0.7501515489902051,1,9,6,19372,0.14285714285714285,0.9995356276765904,0.1,0.9996903705232738,0.8571428571428571,0.0004643723234095248,0.9,0.0003096294767261843,0.0625,0.9992263255622035,0.11764705882352941,0.10638297872340426,0.13157894736842102,0.11914356069189547,0.14239277053373334,0.0996903705232739,307.6349206349206,0.857541075484499
D00213_06_fill_holes_and_orientation.obj,d00213,Bed,0,10,7,19371,7,19388,0.08972232028260567,0.689037424624318,0,10,7,19371,0.0,0.9994840307517672,0.0,0.9996387656104861,1.0,0.0005159692482328053,1.0,0.0003612343895138817,0.0,0.9991231689704972,,,,-0.0004317242596766064,-0.0005159692482328282,-0.00036123438951385367,0.0,1.0005162356099324
D00217_06_fill_holes_and_orientation.obj,d00217,Bed,6,4,1,19377,7,19388,0.9161605582619403,0.7630252368950005,6,4,1,19377,0.8571428571428571,0.9997936123007068,0.6,0.9999483950872123,0.14285714285714285,0.00020638769929312212,0.4,5.160491278769739e-05,0.5454545454545454,0.9997421085207345,0.7058823529411764,0.6382978723404255,0.7894736842105262,0.7170199854497559,0.8569364694435639,0.5999483950872122,4153.071428571428,0.14288663290056694
D00307_06_fill_holes_and_orientation.obj,d00307,Bed,1,9,6,19372,7,19388,0.13147813373980208,0.6379255336119708,1,9,6,19372,0.14285714285714285,0.9995356276765904,0.1,0.9996903705232738,0.8571428571428571,0.0004643723234095248,0.9,0.0003096294767261843,0.0625,0.9992263255622035,0.11764705882352941,0.10638297872340426,0.13157894736842102,0.11914356069189547,0.14239277053373334,0.0996903705232739,307.6349206349206,0.857541075484499
D00322_06_fill_holes_and_orientation.obj,d00322,Bed,1,9,5,19373,6,19388,0.2974136724541344,0.7419359984685575,1,9,5,19373,0.16666666666666666,0.9995356516355381,0.1,0.9997419754360615,0.8333333333333334,0.0004643483644618718,0.9,0.0002580245639384869,0.06666666666666667,0.9992779038580565,0.125,0.10869565217391304,0.14705882352941177,0.1287530486998851,0.16620231830220478,0.09974197543606156,358.9259259259259,0.8337204700700288
D00417_06_fill_holes_and_orientation.obj,d00417,Bed,1,9,6,19372,7,19388,0.35436683300099764,0.7746865328781546,1,9,6,19372,0.14285714285714285,0.9995356276765904,0.1,0.9996903705232738,0.8571428571428571,0.0004643723234095248,0.9,0.0003096294767261843,0.0625,0.9992263255622035,0.11764705882352941,0.10638297872340426,0.13157894736842102,0.11914356069189547,0.14239277053373334,0.0996903705232739,307.6349206349206,0.857541075484499
D00538_06_fill_holes_and_orientation.obj,d00538,Bed,4,6,2,19376,6,19388,1.13852324008265,0.802778929904604,4,6,2,19376,0.6666666666666666,0.9996904344236921,0.4,0.9998967901744246,0.3333333333333333,0.00030956557630791457,0.6,0.00010320982557539478,0.3333333333333333,0.9995873736331752,0.5,0.43478260869565216,0.5882352941176471,0.5162112608573829,0.6663571010903588,0.3998967901744246,2153.555555555555,0.3334365538122763
D00545_06_fill_holes_and_orientation.obj,d00545,Bed,2,8,5,19373,7,19388,0.14660605442500083,0.7187569792298121,2,8,5,19373,0.2857142857142857,0.9995872246014138,0.2,0.9997419754360615,0.7142857142857143,0.00041277539858624424,0.8,0.0002580245639384869,0.13333333333333333,0.9993294821539096,0.23529411764705882,0.2127659574468085,0.26315789473684204,0.23871884564346754,0.2853015103156995,0.19974197543606143,692.1785714285714,0.7145806756089108
D00552_06_fill_holes_and_orientation.obj,d00552,Bed,0,10,7,19371,7,19388,0.17660772262160543,0.671569409437514,0,10,7,19371,0.0,0.9994840307517672,0.0,0.9996387656104861,1.0,0.0005159692482328053,1.0,0.0003612343895138817,0.0,0.9991231689704972,,,,-0.0004317242596766064,-0.0005159692482328282,-0.00036123438951385367,0.0,1.0005162356099324
D00565_06_fill_holes_and_orientation.obj,d00565,Bed,1,9,6,19372,7,19388,0.1043207010203973,0.36051111891012344,1,9,6,19372,0.14285714285714285,0.9995356276765904,0.1,0.9996903705232738,0.8571428571428571,0.0004643723234095248,0.9,0.0003096294767261843,0.0625,0.9992263255622035,0.11764705882352941,0.10638297872340426,0.13157894736842102,0.11914356069189547,0.14239277053373334,0.0996903705232739,307.6349206349206,0.857541075484499
D00650_06_fill_holes_and_orientation.obj,d00650,Bed,4,6,3,19375,7,19388,0.8570347554629895,0.7870497399738379,4,6,3,19375,0.5714285714285714,0.9996904184510603,0.4,0.9998451852616369,0.42857142857142855,0.00030958154893968317,0.6,0.00015481473836309216,0.3076923076923077,0.9995357953373221,0.47058823529411764,0.425531914893617,0.5263157894736841,0.4778694155466117,0.5711189898796318,0.3998451852616369,1845.8095238095239,0.4287041474654378
D00735_06_fill_holes_and_orientation.obj,d00735,Bed,1,9,6,19372,7,19388,0.04672864429731619,0.41377660083591233,1,9,6,19372,0.14285714285714285,0.9995356276765904,0.1,0.9996903705232738,0.8571428571428571,0.0004643723234095248,0.9,0.0003096294767261843,0.0625,0.9992263255622035,0.11764705882352941,0.10638297872340426,0.13157894736842102,0.11914356069189547,0.14239277053373334,0.0996903705232739,307.6349206349206,0.857541075484499
D00836_06_fill_holes_and_orientation.obj,d00836,Bed,0,10,7,19371,7,19388,0.0342791446891084,0.450547171617267,0,10,7,19371,0.0,0.9994840307517672,0.0,0.9996387656104861,1.0,0.0005159692482328053,1.0,0.0003612343895138817,0.0,0.9991231689704972,,,,-0.0004317242596766064,-0.0005159692482328282,-0.00036123438951385367,0.0,1.0005162356099324
D00839_06_fill_holes_and_orientation.obj,d00839,Bed,3,7,4,19374,7,19388,0.4644661371273247,0.8963245381743931,3,7,4,19374,0.42857142857142855,0.9996388215262371,0.3,0.9997935803488492,0.5714285714285714,0.00036117847376296373,0.7,0.00020641965115078957,0.21428571428571427,0.9994326387456158,0.3529411764705882,0.3191489361702127,0.3947368421052631,0.3582941305950396,0.42821025009766567,0.2997935803488492,1186.5918367346937,0.5716350336975917
D00969_06_fill_holes_and_orientation.obj,d00969,Bed,1,9,6,19372,7,19388,0.18017683505334167,0.791165491497304,1,9,6,19372,0.14285714285714285,0.9995356276765904,0.1,0.9996903705232738,0.8571428571428571,0.0004643723234095248,0.9,0.0003096294767261843,0.0625,0.9992263255622035,0.11764705882352941,0.10638297872340426,0.13157894736842102,0.11914356069189547,0.14239277053373334,0.0996903705232739,307.6349206349206,0.857541075484499
D00988_06_fill_holes_and_orientation.obj,d00988,Bed,5,5,2,19376,7,19388,1.0537774372200215,0.8666209360941837,5,5,2,19376,0.7142857142857143,0.9997420153758836,0.5,0.9998967901744246,0.2857142857142857,0.00025798462411640266,0.5,0.00010320982557539478,0.4166666666666667,0.9996389519290283,0.588235294117647,0.5319148936170213,0.6578947368421053,0.5974447004981838,0.714027729661598,0.4998967901744247,2768.714285714286,0.28578801462781644
m945_06_fill_holes_and_orientation.obj,m945,Bed,1,9,5,19373,6,19388,0.10474851274566244,0.5807038254155633,1,9,5,19373,0.16666666666666666,0.9995356516355381,0.1,0.9997419754360615,0.8333333333333334,0.0004643483644618718,0.9,0.0002580245639384869,0.06666666666666667,0.9992779038580565,0.125,0.10869565217391304,0.14705882352941177,0.1287530486998851,0.16620231830220478,0.09974197543606156,358.9259259259259,0.8337204700700288
m946_06_fill_holes_and_orientation.obj,m946,Bed,6,4,1,19377,7,19388,0.9777161708993164,0.7885652298758894,6,4,1,19377,0.8571428571428571,0.9997936123007068,0.6,0.9999483950872123,0.14285714285714285,0.00020638769929312212,0.4,5.160491278769739e-05,0.5454545454545454,0.9997421085207345,0.7058823529411764,0.6382978723404255,0.7894736842105262,0.7170199854497559,0.8569364694435639,0.5999483950872122,4153.071428571428,0.14288663290056694
m947_06_fill_holes_and_orientation.obj,m947,Bed,0,10,7,19371,7,19388,0.30609380141260006,0.8022684490954919,0,10,7,19371,0.0,0.9994840307517672,0.0,0.9996387656104861,1.0,0.0005159692482328053,1.0,0.0003612343895138817,0.0,0.9991231689704972,,,,-0.0004317242596766064,-0.0005159692482328282,-0.00036123438951385367,0.0,1.0005162356099324
m948_06_fill_holes_and_orientation.obj,m948,Bed,1,9,6,19372,7,19388,0.16877540839003347,0.7492263025236895,1,9,6,19372,0.14285714285714285,0.9995356276765904,0.1,0.9996903705232738,0.8571428571428571,0.0004643723234095248,0.9,0.0003096294767261843,0.0625,0.9992263255622035,0.11764705882352941,0.10638297872340426,0.13157894736842102,0.11914356069189547,0.14239277053373334,0.0996903705232739,307.6349206349206,0.857541075484499
m949_06_fill_holes_and_orientation.obj,m949,Bed,2,8,5,19373,7,19388,0.19405231084105762,0.694588903423412,2,8,5,19373,0.2857142857142857,0.9995872246014138,0.2,0.9997419754360615,0.7142857142857143,0.00041277539858624424,0.8,0.0002580245639384869,0.13333333333333333,0.9993294821539096,0.23529411764705882,0.2127659574468085,0.26315789473684204,0.23871884564346754,0.2853015103156995,0.19974197543606143,692.1785714285714,0.7145806756089108
m950_06_fill_holes_and_orientation.obj,m950,Bed,1,9,6,19372,7,19388,0.14678038074215008,0.7559263631432855,1,9,6,19372,0.14285714285714285,0.9995356276765904,0.1,0.9996903705232738,0.8571428571428571,0.0004643723234095248,0.9,0.0003096294767261843,0.0625,0.9992263255622035,0.11764705882352941,0.10638297872340426,0.13157894736842102,0.11914356069189547,0.14239277053373334,0.0996903705232739,307.6349206349206,0.857541075484499
m951_06_fill_holes_and_orientation.obj,m951,Bed,1,9,6,19372,7,19388,0.179148414560701,0.43392464027055483,1,9,6,19372,0.14285714285714285,0.9995356276765904,0.1,0.9996903705232738,0.8571428571428571,0.0004643723234095248,0.9,0.0003096294767261843,0.0625,0.9992263255622035,0.11764705882352941,0.10638297872340426,0.13157894736842102,0.11914356069189547,0.14239277053373334,0.0996903705232739,307.6349206349206,0.857541075484499
D00016_06_fill_holes_and_orientation.obj,d00016,Bicycle,10,0,0,19378,7,19388,2.251401701868281,0.9713101160862354,10,0,0,19378,1.0,1.0,1.0,1.0,0.0,0.0,0.0,0.0,1.0,1.0,1.0,1.0,1.0,1.0,1.0,1.0,,0.0
D00033_06_fill_holes_and_orientation.obj,d00033,Bicycle,9,1,0,19378,7,19388,2.260506714108238,0.9726036484245439,9,1,0,19378,1.0,0.9999483977501419,0.9,1.0,0.0,5.1602249858093815e-05,0.1,0.0,0.9,0.9999484217041469,0.9473684210526316,0.9183673469387754,0.9782608695652175,0.9486588206384462,0.999948397750142,0.8999999999999999,19379.0,0.0
D00040_06_fill_holes_and_orientation.obj,d00040,Bicycle,0,10,7,19371,7,19388,0.10673035054399917,0.8272305140961858,0,10,7,19371,0.0,0.9994840307517672,0.0,0.9996387656104861,1.0,0.0005159692482328053,1.0,0.0003612343895138817,0.0,0.9991231689704972,,,,-0.0004317242596766064,-0.0005159692482328282,-0.00036123438951385367,0.0,1.0005162356099324
D00077_06_fill_holes_and_orientation.obj,d00077,Bicycle,10,0,0,19378,7,19388,2.848108011024666,0.9686567164179105,10,0,0,19378,1.0,1.0,1.0,1.0,0.0,0.0,0.0,0.0,1.0,1.0,1.0,1.0,1.0,1.0,1.0,1.0,,0.0
D00078_06_fill_holes_and_orientation.obj,d00078,Bicycle,6,4,1,19377,7,19388,1.622149282448189,0.9292205638474296,6,4,1,19377,0.8571428571428571,0.9997936123007068,0.6,0.9999483950872123,0.14285714285714285,0.00020638769929312212,0.4,5.160491278769739e-05,0.5454545454545454,0.9997421085207345,0.7058823529411764,0.6382978723404255,0.7894736842105262,0.7170199854497559,0.8569364694435639,0.5999483950872122,4153.071428571428,0.14288663290056694
D00462_06_fill_holes_and_orientation.obj,d00462,Bicycle,10,0,0,19378,7,19388,2.753649231966115,0.967893864013267,10,0,0,19378,1.0,1.0,1.0,1.0,0.0,0.0,0.0,0.0,1.0,1.0,1.0,1.0,1.0,1.0,1.0,1.0,,0.0
D00514_06_fill_holes_and_orientation.obj,d00514,Bicycle,7,3,0,19378,6,19388,2.3793133775383706,0.9632172470978442,7,3,0,19378,1.0,0.9998452092255301,0.7,1.0,0.0,0.00015479077446984158,0.3,0.0,0.7,0.9998452651124407,0.8235294117647058,0.7446808510638298,0.9210526315789475,0.836595270401328,0.9998452092255301,0.7,6460.333333333334,0.0
D00536_06_fill_holes_and_orientation.obj,d00536,Bicycle,5,5,2,19376,7,19388,1.1251978909539475,0.9077446102819238,5,5,2,19376,0.7142857142857143,0.9997420153758836,0.5,0.9998967901744246,0.2857142857142857,0.00025798462411640266,0.5,0.00010320982557539478,0.4166666666666667,0.9996389519290283,0.588235294117647,0.5319148936170213,0.6578947368421053,0.5974447004981838,0.714027729661598,0.4998967901744247,2768.714285714286,0.28578801462781644
D00555_06_fill_holes_and_orientation.obj,d00555,Bicycle,7,3,0,19378,7,19388,1.5040102594888765,0.9320232172470979,7,3,0,19378,1.0,0.9998452092255301,0.7,1.0,0.0,0.00015479077446984158,0.3,0.0,0.7,0.9998452651124407,0.8235294117647058,0.7446808510638298,0.9210526315789475,0.836595270401328,0.9998452092255301,0.7,6460.333333333334,0.0
D00558_06_fill_holes_and_orientation.obj,d00558,Bicycle,9,1,0,19378,7,19388,1.8029158108977887,0.9620729684908789,9,1,0,19378,1.0,0.9999483977501419,0.9,1.0,0.0,5.1602249858093815e-05,0.1,0.0,0.9,0.9999484217041469,0.9473684210526316,0.9183673469387754,0.9782608695652175,0.9486588206384462,0.999948397750142,0.8999999999999999,19379.0,0.0
D00567_06_fill_holes_and_orientation.obj,d00567,Bicycle,9,1,0,19378,7,19388,2.596304400627621,0.9660862354892206,9,1,0,19378,1.0,0.9999483977501419,0.9,1.0,0.0,5.1602249858093815e-05,0.1,0.0,0.9,0.9999484217041469,0.9473684210526316,0.9183673469387754,0.9782608695652175,0.9486588206384462,0.999948397750142,0.8999999999999999,19379.0,0.0
D00621_06_fill_holes_and_orientation.obj,d00621,Bicycle,10,0,0,19378,7,19388,2.317738599973755,0.9724875621890547,10,0,0,19378,1.0,1.0,1.0,1.0,0.0,0.0,0.0,0.0,1.0,1.0,1.0,1.0,1.0,1.0,1.0,1.0,,0.0
D00708_06_fill_holes_and_orientation.obj,d00708,Bicycle,9,1,0,19378,7,19388,2.213108334515851,0.9722222222222222,9,1,0,19378,1.0,0.9999483977501419,0.9,1.0,0.0,5.1602249858093815e-05,0.1,0.0,0.9,0.9999484217041469,0.9473684210526316,0.9183673469387754,0.9782608695652175,0.9486588206384462,0.999948397750142,0.8999999999999999,19379.0,0.0
D00750_06_fill_holes_and_orientation.obj,d00750,Bicycle,7,3,0,19378,7,19388,1.7198410616321615,0.932587064676617,7,3,0,19378,1.0,0.9998452092255301,0.7,1.0,0.0,0.00015479077446984158,0.3,0.0,0.7,0.9998452651124407,0.8235294117647058,0.7446808510638298,0.9210526315789475,0.836595270401328,0.9998452092255301,0.7,6460.333333333334,0.0
D00838_06_fill_holes_and_orientation.obj,d00838,Bicycle,8,2,0,19378,7,19388,2.050283556685465,0.9723548922056384,8,2,0,19378,1.0,0.9998968008255934,0.8,1.0,0.0,0.00010319917440660474,0.2,0.0,0.8,0.9998968434082938,0.888888888888889,0.8333333333333334,0.9523809523809523,0.8943810377353014,0.9998968008255935,0.8,9690.0,0.0
D00847_06_fill_holes_and_orientation.obj,d00847,Bicycle,8,2,0,19378,7,19388,1.7601650623267917,0.9311276948590381,8,2,0,19378,1.0,0.9998968008255934,0.8,1.0,0.0,0.00010319917440660474,0.2,0.0,0.8,0.9998968434082938,0.888888888888889,0.8333333333333334,0.9523809523809523,0.8943810377353014,0.9998968008255935,0.8,9690.0,0.0
D00904_06_fill_holes_and_orientation.obj,d00904,Bicycle,10,0,0,19378,7,19388,2.938941332096744,0.9817744610281923,10,0,0,19378,1.0,1.0,1.0,1.0,0.0,0.0,0.0,0.0,1.0,1.0,1.0,1.0,1.0,1.0,1.0,1.0,,0.0
D00930_06_fill_holes_and_orientation.obj,d00930,Bicycle,8,2,0,19378,7,19388,1.7946661024793347,0.9380431177446104,8,2,0,19378,1.0,0.9998968008255934,0.8,1.0,0.0,0.00010319917440660474,0.2,0.0,0.8,0.9998968434082938,0.888888888888889,0.8333333333333334,0.9523809523809523,0.8943810377353014,0.9998968008255935,0.8,9690.0,0.0
D00931_06_fill_holes_and_orientation.obj,d00931,Bicycle,10,0,0,19378,7,19388,2.203435878230559,0.9622056384742952,10,0,0,19378,1.0,1.0,1.0,1.0,0.0,0.0,0.0,0.0,1.0,1.0,1.0,1.0,1.0,1.0,1.0,1.0,,0.0
D00974_06_fill_holes_and_orientation.obj,d00974,Bicycle,1,9,6,19372,7,19388,0.2135220916043362,0.7554394693200663,1,9,6,19372,0.14285714285714285,0.9995356276765904,0.1,0.9996903705232738,0.8571428571428571,0.0004643723234095248,0.9,0.0003096294767261843,0.0625,0.9992263255622035,0.11764705882352941,0.10638297872340426,0.13157894736842102,0.11914356069189547,0.14239277053373334,0.0996903705232739,307.6349206349206,0.857541075484499
m1472_06_fill_holes_and_orientation.obj,m1472,Bicycle,9,1,0,19378,7,19388,2.447224560989146,0.9494859038142621,9,1,0,19378,1.0,0.9999483977501419,0.9,1.0,0.0,5.1602249858093815e-05,0.1,0.0,0.9,0.9999484217041469,0.9473684210526316,0.9183673469387754,0.9782608695652175,0.9486588206384462,0.999948397750142,0.8999999999999999,19379.0,0.0
m1473_06_fill_holes_and_orientation.obj,m1473,Bicycle,9,1,0,19378,7,19388,2.2885144388970327,0.9734162520729684,9,1,0,19378,1.0,0.9999483977501419,0.9,1.0,0.0,5.1602249858093815e-05,0.1,0.0,0.9,0.9999484217041469,0.9473684210526316,0.9183673469387754,0.9782608695652175,0.9486588206384462,0.999948397750142,0.8999999999999999,19379.0,0.0
m1475_06_fill_holes_and_orientation.obj,m1475,Bicycle,1,9,6,19372,7,19388,0.2386998364968998,0.8002321724709784,1,9,6,19372,0.14285714285714285,0.9995356276765904,0.1,0.9996903705232738,0.8571428571428571,0.0004643723234095248,0.9,0.0003096294767261843,0.0625,0.9992263255622035,0.11764705882352941,0.10638297872340426,0.13157894736842102,0.11914356069189547,0.14239277053373334,0.0996903705232739,307.6349206349206,0.857541075484499
m1476_06_fill_holes_and_orientation.obj,m1476,Bicycle,9,1,0,19378,7,19388,2.5231969253904056,0.9665008291873964,9,1,0,19378,1.0,0.9999483977501419,0.9,1.0,0.0,5.1602249858093815e-05,0.1,0.0,0.9,0.9999484217041469,0.9473684210526316,0.9183673469387754,0.9782608695652175,0.9486588206384462,0.999948397750142,0.8999999999999999,19379.0,0.0
m1477_06_fill_holes_and_orientation.obj,m1477,Bicycle,6,4,1,19377,7,19388,1.5816120057730798,0.929452736318408,6,4,1,19377,0.8571428571428571,0.9997936123007068,0.6,0.9999483950872123,0.14285714285714285,0.00020638769929312212,0.4,5.160491278769739e-05,0.5454545454545454,0.9997421085207345,0.7058823529411764,0.6382978723404255,0.7894736842105262,0.7170199854497559,0.8569364694435639,0.5999483950872122,4153.071428571428,0.14288663290056694
m1478_06_fill_holes_and_orientation.obj,m1478,Bicycle,9,1,0,19378,7,19388,2.1202332716386736,0.9714427860696517,9,1,0,19378,1.0,0.9999483977501419,0.9,1.0,0.0,5.1602249858093815e-05,0.1,0.0,0.9,0.9999484217041469,0.9473684210526316,0.9183673469387754,0.9782608695652175,0.9486588206384462,0.999948397750142,0.8999999999999999,19379.0,0.0
D00069_06_fill_holes_and_orientation.obj,d00069,Biplane,3,7,4,19374,7,19388,1.1988048335679051,0.8894502906203701,3,7,4,19374,0.42857142857142855,0.9996388215262371,0.3,0.9997935803488492,0.5714285714285714,0.00036117847376296373,0.7,0.00020641965115078957,0.21428571428571427,0.9994326387456158,0.3529411764705882,0.3191489361702127,0.3947368421052631,0.3582941305950396,0.42821025009766567,0.2997935803488492,1186.5918367346937,0.5716350336975917
D00132_06_fill_holes_and_orientation.obj,d00132,Biplane,1,9,6,19372,7,19388,0.2998555072489046,0.7150210842229229,1,9,6,19372,0.14285714285714285,0.9995356276765904,0.1,0.9996903705232738,0.8571428571428571,0.0004643723234095248,0.9,0.0003096294767261843,0.0625,0.9992263255622035,0.11764705882352941,0.10638297872340426,0.13157894736842102,0.11914356069189547,0.14239277053373334,0.0996903705232739,307.6349206349206,0.857541075484499
D00178_06_fill_holes_and_orientation.obj,d00178,Biplane,7,3,0,19378,7,19388,1.8671931885807722,0.8763248869809672,7,3,0,19378,1.0,0.9998452092255301,0.7,1.0,0.0,0.00015479077446984158,0.3,0.0,0.7,0.9998452651124407,0.8235294117647058,0.7446808510638298,0.9210526315789475,0.836595270401328,0.9998452092255301,0.7,6460.333333333334,0.0
D00199_06_fill_holes_and_orientation.obj,d00199,Biplane,3,7,4,19374,7,19388,1.0421150720739956,0.855193177069483,3,7,4,19374,0.42857142857142855,0.9996388215262371,0.3,0.9997935803488492,0.5714285714285714,0.00036117847376296373,0.7,0.00020641965115078957,0.21428571428571427,0.9994326387456158,0.3529411764705882,0.3191489361702127,0.3947368421052631,0.3582941305950396,0.42821025009766567,0.2997935803488492,1186.5918367346937,0.5716350336975917
D00246_06_fill_holes_and_orientation.obj,d00246,Biplane,0,10,7,19371,7,19388,0.3765151991470717,0.8012384606617786,0,10,7,19371,0.0,0.9994840307517672,0.0,0.9996387656104861,1.0,0.0005159692482328053,1.0,0.0003612343895138817,0.0,0.9991231689704972,,,,-0.0004317242596766064,-0.0005159692482328282,-0.00036123438951385367,0.0,1.0005162356099324
D00276_06_fill_holes_and_orientation.obj,d00276,Biplane,0,10,7,19371,7,19388,0.27795826042379834,0.6749230710785246,0,10,7,19371,0.0,0.9994840307517672,0.0,0.9996387656104861,1.0,0.0005159692482328053,1.0,0.0003612343895138817,0.0,0.9991231689704972,,,,-0.0004317242596766064,-0.0005159692482328282,-0.00036123438951385367,0.0,1.0005162356099324
D00277_06_fill_holes_and_orientation.obj,d00277,Biplane,2,8,5,19373,7,19388,0.9031438903039286,0.8665235725411238,2,8,5,19373,0.2857142857142857,0.9995872246014138,0.2,0.9997419754360615,0.7142857142857143,0.00041277539858624424,0.8,0.0002580245639384869,0.13333333333333333,0.9993294821539096,0.23529411764705882,0.2127659574468085,0.26315789473684204,0.23871884564346754,0.2853015103156995,0.19974197543606143,692.1785714285714,0.7145806756089108
D00320_06_fill_holes_and_orientation.obj,d00320,Biplane,4,6,3,19375,7,19388,1.4511510372508383,0.8864965999316187,4,6,3,19375,0.5714285714285714,0.9996904184510603,0.4,0.9998451852616369,0.42857142857142855,0.00030958154893968317,0.6,0.00015481473836309216,0.3076923076923077,0.9995357953373221,0.47058823529411764,0.425531914893617,0.5263157894736841,0.4778694155466117,0.5711189898796318,0.3998451852616369,1845.8095238095239,0.4287041474654378
D00373_06_fill_holes_and_orientation.obj,d00373,Biplane,2,8,5,19373,7,19388,0.5446970903453234,0.7627834973217339,2,8,5,19373,0.2857142857142857,0.9995872246014138,0.2,0.9997419754360615,0.7142857142857143,0.00041277539858624424,0.8,0.0002580245639384869,0.13333333333333333,0.9993294821539096,0.23529411764705882,0.2127659574468085,0.26315789473684204,0.23871884564346754,0.2853015103156995,0.19974197543606143,692.1785714285714,0.7145806756089108
D00410_06_fill_holes_and_orientation.obj,d00410,Biplane,2,8,5,19373,7,19388,0.9866171659082783,0.8633894312958248,2,8,5,19373,0.2857142857142857,0.9995872246014138,0.2,0.9997419754360615,0.7142857142857143,0.00041277539858624424,0.8,0.0002580245639384869,0.13333333333333333,0.9993294821539096,0.23529411764705882,0.2127659574468085,0.26315789473684204,0.23871884564346754,0.2853015103156995,0.19974197543606143,692.1785714285714,0.7145806756089108
D00490_06_fill_holes_and_orientation.obj,d00490,Biplane,6,4,1,19377,7,19388,1.5742365868964867,0.893724119591232,6,4,1,19377,0.8571428571428571,0.9997936123007068,0.6,0.9999483950872123,0.14285714285714285,0.00020638769929312212,0.4,5.160491278769739e-05,0.5454545454545454,0.9997421085207345,0.7058823529411764,0.6382978723404255,0.7894736842105262,0.7170199854497559,0.8569364694435639,0.5999483950872122,4153.071428571428,0.14288663290056694
D00515_06_fill_holes_and_orientation.obj,d00515,Biplane,2,8,5,19373,7,19388,0.5293605190403557,0.7367511301903278,2,8,5,19373,0.2857142857142857,0.9995872246014138,0.2,0.9997419754360615,0.7142857142857143,0.00041277539858624424,0.8,0.0002580245639384869,0.13333333333333333,0.9993294821539096,0.23529411764705882,0.2127659574468085,0.26315789473684204,0.23871884564346754,0.2853015103156995,0.19974197543606143,692.1785714285714,0.7145806756089108
D00601_06_fill_holes_and_orientation.obj,d00601,Biplane,0,10,7,19371,7,19388,0.19038929329309615,0.6431732705238764,0,10,7,19371,0.0,0.9994840307517672,0.0,0.9996387656104861,1.0,0.0005159692482328053,1.0,0.0003612343895138817,0.0,0.9991231689704972,,,,-0.0004317242596766064,-0.0005159692482328282,-0.00036123438951385367,0.0,1.0005162356099324
D00616_06_fill_holes_and_orientation.obj,d00616,Biplane,0,10,7,19371,7,19388,0.4873912113524685,0.8252383846825968,0,10,7,19371,0.0,0.9994840307517672,0.0,0.9996387656104861,1.0,0.0005159692482328053,1.0,0.0003612343895138817,0.0,0.9991231689704972,,,,-0.0004317242596766064,-0.0005159692482328282,-0.00036123438951385367,0.0,1.0005162356099324
D00632_06_fill_holes_and_orientation.obj,d00632,Biplane,4,6,3,19375,7,19388,1.1851383752267233,0.8447650343805797,4,6,3,19375,0.5714285714285714,0.9996904184510603,0.4,0.9998451852616369,0.42857142857142855,0.00030958154893968317,0.6,0.00015481473836309216,0.3076923076923077,0.9995357953373221,0.47058823529411764,0.425531914893617,0.5263157894736841,0.4778694155466117,0.5711189898796318,0.3998451852616369,1845.8095238095239,0.4287041474654378
D00634_06_fill_holes_and_orientation.obj,d00634,Biplane,3,7,4,19374,7,19388,0.7078432363270782,0.7331991034456559,3,7,4,19374,0.42857142857142855,0.9996388215262371,0.3,0.9997935803488492,0.5714285714285714,0.00036117847376296373,0.7,0.00020641965115078957,0.21428571428571427,0.9994326387456158,0.3529411764705882,0.3191489361702127,0.3947368421052631,0.3582941305950396,0.42821025009766567,0.2997935803488492,1186.5918367346937,0.5716350336975917
D00666_06_fill_holes_and_orientation.obj,d00666,Biplane,0,10,7,19371,7,19388,0.2986375680007014,0.7653667894996771,0,10,7,19371,0.0,0.9994840307517672,0.0,0.9996387656104861,1.0,0.0005159692482328053,1.0,0.0003612343895138817,0.0,0.9991231689704972,,,,-0.0004317242596766064,-0.0005159692482328282,-0.00036123438951385367,0.0,1.0005162356099324
D00854_06_fill_holes_and_orientation.obj,d00854,Biplane,7,3,0,19378,7,19388,1.8421083531537605,0.8888234623713102,7,3,0,19378,1.0,0.9998452092255301,0.7,1.0,0.0,0.00015479077446984158,0.3,0.0,0.7,0.9998452651124407,0.8235294117647058,0.7446808510638298,0.9210526315789475,0.836595270401328,0.9998452092255301,0.7,6460.333333333334,0.0
D00890_06_fill_holes_and_orientation.obj,d00890,Biplane,3,7,4,19374,7,19388,0.6865121140800255,0.7098355050716104,3,7,4,19374,0.42857142857142855,0.9996388215262371,0.3,0.9997935803488492,0.5714285714285714,0.00036117847376296373,0.7,0.00020641965115078957,0.21428571428571427,0.9994326387456158,0.3529411764705882,0.3191489361702127,0.3947368421052631,0.3582941305950396,0.42821025009766567,0.2997935803488492,1186.5918367346937,0.5716350336975917
D00900_06_fill_holes_and_orientation.obj,d00900,Biplane,2,8,5,19373,7,19388,1.0044284630970721,0.8752516810393951,2,8,5,19373,0.2857142857142857,0.9995872246014138,0.2,0.9997419754360615,0.7142857142857143,0.00041277539858624424,0.8,0.0002580245639384869,0.13333333333333333,0.9993294821539096,0.23529411764705882,0.2127659574468085,0.26315789473684204,0.23871884564346754,0.2853015103156995,0.19974197543606143,692.1785714285714,0.7145806756089108
m1118_06_fill_holes_and_orientation.obj,m1118,Biplane,0,10,7,19371,7,19388,0.4173692382484889,0.8041446643619647,0,10,7,19371,0.0,0.9994840307517672,0.0,0.9996387656104861,1.0,0.0005159692482328053,1.0,0.0003612343895138817,0.0,0.9991231689704972,,,,-0.0004317242596766064,-0.0005159692482328282,-0.00036123438951385367,0.0,1.0005162356099324
m1119_06_fill_holes_and_orientation.obj,m1119,Biplane,3,7,4,19374,7,19388,0.8344311725281066,0.8404342210234395,3,7,4,19374,0.42857142857142855,0.9996388215262371,0.3,0.9997935803488492,0.5714285714285714,0.00036117847376296373,0.7,0.00020641965115078957,0.21428571428571427,0.9994326387456158,0.3529411764705882,0.3191489361702127,0.3947368421052631,0.3582941305950396,0.42821025009766567,0.2997935803488492,1186.5918367346937,0.5716350336975917
m1120_06_fill_holes_and_orientation.obj,m1120,Biplane,3,7,4,19374,7,19388,0.6068195217727573,0.6885423393990047,3,7,4,19374,0.42857142857142855,0.9996388215262371,0.3,0.9997935803488492,0.5714285714285714,0.00036117847376296373,0.7,0.00020641965115078957,0.21428571428571427,0.9994326387456158,0.3529411764705882,0.3191489361702127,0.3947368421052631,0.3582941305950396,0.42821025009766567,0.2997935803488492,1186.5918367346937,0.5716350336975917
m1121_06_fill_holes_and_orientation.obj,m1121,Biplane,1,9,6,19372,7,19388,0.5879130411077645,0.8276792158948448,1,9,6,19372,0.14285714285714285,0.9995356276765904,0.1,0.9996903705232738,0.8571428571428571,0.0004643723234095248,0.9,0.0003096294767261843,0.0625,0.9992263255622035,0.11764705882352941,0.10638297872340426,0.13157894736842102,0.11914356069189547,0.14239277053373334,0.0996903705232739,307.6349206349206,0.857541075484499
m1122_06_fill_holes_and_orientation.obj,m1122,Biplane,1,9,6,19372,7,19388,0.9554943624304526,0.8836093910268586,1,9,6,19372,0.14285714285714285,0.9995356276765904,0.1,0.9996903705232738,0.8571428571428571,0.0004643723234095248,0.9,0.0003096294767261843,0.0625,0.9992263255622035,0.11764705882352941,0.10638297872340426,0.13157894736842102,0.11914356069189547,0.14239277053373334,0.0996903705232739,307.6349206349206,0.857541075484499
m1123_06_fill_holes_and_orientation.obj,m1123,Biplane,1,9,6,19372,7,19388,0.38151572082587837,0.8108973141359267,1,9,6,19372,0.14285714285714285,0.9995356276765904,0.1,0.9996903705232738,0.8571428571428571,0.0004643723234095248,0.9,0.0003096294767261843,0.0625,0.9992263255622035,0.11764705882352941,0.10638297872340426,0.13157894736842102,0.11914356069189547,0.14239277053373334,0.0996903705232739,307.6349206349206,0.857541075484499
m1124_06_fill_holes_and_orientation.obj,m1124,Biplane,2,8,5,19373,7,19388,1.0265946311473477,0.8617938684800364,2,8,5,19373,0.2857142857142857,0.9995872246014138,0.2,0.9997419754360615,0.7142857142857143,0.00041277539858624424,0.8,0.0002580245639384869,0.13333333333333333,0.9993294821539096,0.23529411764705882,0.2127659574468085,0.26315789473684204,0.23871884564346754,0.2853015103156995,0.19974197543606143,692.1785714285714,0.7145806756089108
m1125_06_fill_holes_and_orientation.obj,m1125,Biplane,2,8,5,19373,7,19388,0.4801029560140319,0.7016867378338335,2,8,5,19373,0.2857142857142857,0.9995872246014138,0.2,0.9997419754360615,0.7142857142857143,0.00041277539858624424,0.8,0.0002580245639384869,0.13333333333333333,0.9993294821539096,0.23529411764705882,0.2127659574468085,0.26315789473684204,0.23871884564346754,0.2853015103156995,0.19974197543606143,692.1785714285714,0.7145806756089108
m1126_06_fill_holes_and_orientation.obj,m1126,Biplane,4,6,3,19375,7,19388,0.9055768376682856,0.8369391786650457,4,6,3,19375,0.5714285714285714,0.9996904184510603,0.4,0.9998451852616369,0.42857142857142855,0.00030958154893968317,0.6,0.00015481473836309216,0.3076923076923077,0.9995357953373221,0.47058823529411764,0.425531914893617,0.5263157894736841,0.4778694155466117,0.5711189898796318,0.3998451852616369,1845.8095238095239,0.4287041474654378
m1127_06_fill_holes_and_orientation.obj,m1127,Biplane,1,9,6,19372,7,19388,0.658507017248236,0.8230064962200356,1,9,6,19372,0.14285714285714285,0.9995356276765904,0.1,0.9996903705232738,0.8571428571428571,0.0004643723234095248,0.9,0.0003096294767261843,0.0625,0.9992263255622035,0.11764705882352941,0.10638297872340426,0.13157894736842102,0.11914356069189547,0.14239277053373334,0.0996903705232739,307.6349206349206,0.857541075484499
m1128_06_fill_holes_and_orientation.obj,m1128,Biplane,1,9,6,19372,7,19388,0.5986868747878448,0.815589028606162,1,9,6,19372,0.14285714285714285,0.9995356276765904,0.1,0.9996903705232738,0.8571428571428571,0.0004643723234095248,0.9,0.0003096294767261843,0.0625,0.9992263255622035,0.11764705882352941,0.10638297872340426,0.13157894736842102,0.11914356069189547,0.14239277053373334,0.0996903705232739,307.6349206349206,0.857541075484499
m1129_06_fill_holes_and_orientation.obj,m1129,Biplane,8,2,0,19378,7,19388,2.105329712801613,0.879819929339361,8,2,0,19378,1.0,0.9998968008255934,0.8,1.0,0.0,0.00010319917440660474,0.2,0.0,0.8,0.9998968434082938,0.888888888888889,0.8333333333333334,0.9523809523809523,0.8943810377353014,0.9998968008255935,0.8,9690.0,0.0
m1131_06_fill_holes_and_orientation.obj,m1131,Biplane,1,9,6,19372,7,19388,0.4625450595952447,0.8055407818257798,1,9,6,19372,0.14285714285714285,0.9995356276765904,0.1,0.9996903705232738,0.8571428571428571,0.0004643723234095248,0.9,0.0003096294767261843,0.0625,0.9992263255622035,0.11764705882352941,0.10638297872340426,0.13157894736842102,0.11914356069189547,0.14239277053373334,0.0996903705232739,307.6349206349206,0.857541075484499
m1132_06_fill_holes_and_orientation.obj,m1132,Biplane,0,10,7,19371,7,19388,0.23632395177302618,0.7506648178399118,0,10,7,19371,0.0,0.9994840307517672,0.0,0.9996387656104861,1.0,0.0005159692482328053,1.0,0.0003612343895138817,0.0,0.9991231689704972,,,,-0.0004317242596766064,-0.0005159692482328282,-0.00036123438951385367,0.0,1.0005162356099324
m1133_06_fill_holes_and_orientation.obj,m1133,Biplane,4,6,3,19375,7,19388,1.146299118110511,0.8441287087338069,4,6,3,19375,0.5714285714285714,0.9996904184510603,0.4,0.9998451852616369,0.42857142857142855,0.00030958154893968317,0.6,0.00015481473836309216,0.3076923076923077,0.9995357953373221,0.47058823529411764,0.425531914893617,0.5263157894736841,0.4778694155466117,0.5711189898796318,0.3998451852616369,1845.8095238095239,0.4287041474654378
m1134_06_fill_holes_and_orientation.obj,m1134,Biplane,3,7,4,19374,7,19388,1.108593124281042,0.8647760513619269,3,7,4,19374,0.42857142857142855,0.9996388215262371,0.3,0.9997935803488492,0.5714285714285714,0.00036117847376296373,0.7,0.00020641965115078957,0.21428571428571427,0.9994326387456158,0.3529411764705882,0.3191489361702127,0.3947368421052631,0.3582941305950396,0.42821025009766567,0.2997935803488492,1186.5918367346937,0.5716350336975917
m1135_06_fill_holes_and_orientation.obj,m1135,Biplane,0,10,7,19371,7,19388,0.6778508644811014,0.8542434372981803,0,10,7,19371,0.0,0.9994840307517672,0.0,0.9996387656104861,1.0,0.0005159692482328053,1.0,0.0003612343895138817,0.0,0.9991231689704972,,,,-0.0004317242596766064,-0.0005159692482328282,-0.00036123438951385367,0.0,1.0005162356099324
m1136_06_fill_holes_and_orientation.obj,m1136,Biplane,1,9,6,19372,7,19388,0.4645142693748246,0.8153705884587623,1,9,6,19372,0.14285714285714285,0.9995356276765904,0.1,0.9996903705232738,0.8571428571428571,0.0004643723234095248,0.9,0.0003096294767261843,0.0625,0.9992263255622035,0.11764705882352941,0.10638297872340426,0.13157894736842102,0.11914356069189547,0.14239277053373334,0.0996903705232739,307.6349206349206,0.857541075484499
m1137_06_fill_holes_and_orientation.obj,m1137,Biplane,3,7,4,19374,7,19388,0.9358023003930717,0.847006420240854,3,7,4,19374,0.42857142857142855,0.9996388215262371,0.3,0.9997935803488492,0.5714285714285714,0.00036117847376296373,0.7,0.00020641965115078957,0.21428571428571427,0.9994326387456158,0.3529411764705882,0.3191489361702127,0.3947368421052631,0.3582941305950396,0.42821025009766567,0.2997935803488492,1186.5918367346937,0.5716350336975917
m1138_06_fill_holes_and_orientation.obj,m1138,Biplane,3,7,4,19374,7,19388,0.9368109727336925,0.86199331383201,3,7,4,19374,0.42857142857142855,0.9996388215262371,0.3,0.9997935803488492,0.5714285714285714,0.00036117847376296373,0.7,0.00020641965115078957,0.21428571428571427,0.9994326387456158,0.3529411764705882,0.3191489361702127,0.3947368421052631,0.3582941305950396,0.42821025009766567,0.2997935803488492,1186.5918367346937,0.5716350336975917
m1139_06_fill_holes_and_orientation.obj,m1139,Biplane,2,8,5,19373,7,19388,0.8044305930190266,0.864491129430536,2,8,5,19373,0.2857142857142857,0.9995872246014138,0.2,0.9997419754360615,0.7142857142857143,0.00041277539858624424,0.8,0.0002580245639384869,0.13333333333333333,0.9993294821539096,0.23529411764705882,0.2127659574468085,0.26315789473684204,0.23871884564346754,0.2853015103156995,0.19974197543606143,692.1785714285714,0.7145806756089108
m1141_06_fill_holes_and_orientation.obj,m1141,Biplane,4,6,3,19375,7,19388,1.3373822894938632,0.870189568058352,4,6,3,19375,0.5714285714285714,0.9996904184510603,0.4,0.9998451852616369,0.42857142857142855,0.00030958154893968317,0.6,0.00015481473836309216,0.3076923076923077,0.9995357953373221,0.47058823529411764,0.425531914893617,0.5263157894736841,0.4778694155466117,0.5711189898796318,0.3998451852616369,1845.8095238095239,0.4287041474654378
m1143_06_fill_holes_and_orientation.obj,m1143,Biplane,2,8,5,19373,7,19388,1.2494993509368977,0.8902480720282642,2,8,5,19373,0.2857142857142857,0.9995872246014138,0.2,0.9997419754360615,0.7142857142857143,0.00041277539858624424,0.8,0.0002580245639384869,0.13333333333333333,0.9993294821539096,0.23529411764705882,0.2127659574468085,0.26315789473684204,0.23871884564346754,0.2853015103156995,0.19974197543606143,692.1785714285714,0.7145806756089108
m1144_06_fill_holes_and_orientation.obj,m1144,Biplane,3,7,4,19374,7,19388,1.0153660169547165,0.8833434638908939,3,7,4,19374,0.42857142857142855,0.9996388215262371,0.3,0.9997935803488492,0.5714285714285714,0.00036117847376296373,0.7,0.00020641965115078957,0.21428571428571427,0.9994326387456158,0.3529411764705882,0.3191489361702127,0.3947368421052631,0.3582941305950396,0.42821025009766567,0.2997935803488492,1186.5918367346937,0.5716350336975917
m1146_06_fill_holes_and_orientation.obj,m1146,Biplane,0,10,7,19371,7,19388,0.16546659713647688,0.6759867796223835,0,10,7,19371,0.0,0.9994840307517672,0.0,0.9996387656104861,1.0,0.0005159692482328053,1.0,0.0003612343895138817,0.0,0.9991231689704972,,,,-0.0004317242596766064,-0.0005159692482328282,-0.00036123438951385367,0.0,1.0005162356099324
D00089_06_fill_holes_and_orientation.obj,d00089,Bird,1,9,6,19372,7,19388,0.20809134091096496,0.6245253007257183,1,9,6,19372,0.14285714285714285,0.9995356276765904,0.1,0.9996903705232738,0.8571428571428571,0.0004643723234095248,0.9,0.0003096294767261843,0.0625,0.9992263255622035,0.11764705882352941,0.10638297872340426,0.13157894736842102,0.11914356069189547,0.14239277053373334,0.0996903705232739,307.6349206349206,0.857541075484499
D00113_06_fill_holes_and_orientation.obj,d00113,Bird,0,10,7,19371,7,19388,0.1036910705095763,0.4775126752162243,0,10,7,19371,0.0,0.9994840307517672,0.0,0.9996387656104861,1.0,0.0005159692482328053,1.0,0.0003612343895138817,0.0,0.9991231689704972,,,,-0.0004317242596766064,-0.0005159692482328282,-0.00036123438951385367,0.0,1.0005162356099324
D00164_06_fill_holes_and_orientation.obj,d00164,Bird,3,7,3,19375,6,19388,0.8752436046810989,0.7107565364350334,3,7,3,19375,0.5,0.9996388401609742,0.3,0.9998451852616369,0.5,0.0003611598390259003,0.7,0.00015481473836309216,0.23076923076923078,0.999484217041469,0.37499999999999994,0.32608695652173914,0.4411764705882353,0.38705852347155034,0.49963884016097415,0.29984518526163684,1384.4285714285716,0.5001806451612903
D00234_06_fill_holes_and_orientation.obj,d00234,Bird,1,9,6,19372,7,19388,0.22558747759495987,0.6774629684859329,1,9,6,19372,0.14285714285714285,0.9995356276765904,0.1,0.9996903705232738,0.8571428571428571,0.0004643723234095248,0.9,0.0003096294767261843,0.0625,0.9992263255622035,0.11764705882352941,0.10638297872340426,0.13157894736842102,0.11914356069189547,0.14239277053373334,0.0996903705232739,307.6349206349206,0.857541075484499
D00271_06_fill_holes_and_orientation.obj,d00271,Bird,1,9,6,19372,7,19388,0.13589267634328414,0.5196043344268814,1,9,6,19372,0.14285714285714285,0.9995356276765904,0.1,0.9996903705232738,0.8571428571428571,0.0004643723234095248,0.9,0.0003096294767261843,0.0625,0.9992263255622035,0.11764705882352941,0.10638297872340426,0.13157894736842102,0.11914356069189547,0.14239277053373334,0.0996903705232739,307.6349206349206,0.857541075484499
D00284_06_fill_holes_and_orientation.obj,d00284,Bird,2,8,5,19373,7,19388,0.619638704632959,0.7324982602644399,2,8,5,19373,0.2857142857142857,0.9995872246014138,0.2,0.9997419754360615,0.7142857142857143,0.00041277539858624424,0.8,0.0002580245639384869,0.13333333333333333,0.9993294821539096,0.23529411764705882,0.2127659574468085,0.26315789473684204,0.23871884564346754,0.2853015103156995,0.19974197543606143,692.1785714285714,0.7145806756089108
D00323_06_fill_holes_and_orientation.obj,d00323,Bird,3,7,4,19374,7,19388,0.4718780542589213,0.6400536832687147,3,7,4,19374,0.42857142857142855,0.9996388215262371,0.3,0.9997935803488492,0.5714285714285714,0.00036117847376296373,0.7,0.00020641965115078957,0.21428571428571427,0.9994326387456158,0.3529411764705882,0.3191489361702127,0.3947368421052631,0.3582941305950396,0.42821025009766567,0.2997935803488492,1186.5918367346937,0.5716350336975917
D00386_06_fill_holes_and_orientation.obj,d00386,Bird,1,9,6,19372,7,19388,0.2010332432468601,0.6301719852868078,1,9,6,19372,0.14285714285714285,0.9995356276765904,0.1,0.9996903705232738,0.8571428571428571,0.0004643723234095248,0.9,0.0003096294767261843,0.0625,0.9992263255622035,0.11764705882352941,0.10638297872340426,0.13157894736842102,0.11914356069189547,0.14239277053373334,0.0996903705232739,307.6349206349206,0.857541075484499
D00438_06_fill_holes_and_orientation.obj,d00438,Bird,2,8,5,19373,7,19388,0.5578117924744066,0.655234118699672,2,8,5,19373,0.2857142857142857,0.9995872246014138,0.2,0.9997419754360615,0.7142857142857143,0.00041277539858624424,0.8,0.0002580245639384869,0.13333333333333333,0.9993294821539096,0.23529411764705882,0.2127659574468085,0.26315789473684204,0.23871884564346754,0.2853015103156995,0.19974197543606143,692.1785714285714,0.7145806756089108
D00442_06_fill_holes_and_orientation.obj,d00442,Bird,0,10,7,19371,7,19388,0.21135386299530637,0.6599363753852272,0,10,7,19371,0.0,0.9994840307517672,0.0,0.9996387656104861,1.0,0.0005159692482328053,1.0,0.0003612343895138817,0.0,0.9991231689704972,,,,-0.0004317242596766064,-0.0005159692482328282,-0.00036123438951385367,0.0,1.0005162356099324
D00546_06_fill_holes_and_orientation.obj,d00546,Bird,1,9,6,19372,7,19388,0.22067811066444176,0.6657719455214235,1,9,6,19372,0.14285714285714285,0.9995356276765904,0.1,0.9996903705232738,0.8571428571428571,0.0004643723234095248,0.9,0.0003096294767261843,0.0625,0.9992263255622035,0.11764705882352941,0.10638297872340426,0.13157894736842102,0.11914356069189547,0.14239277053373334,0.0996903705232739,307.6349206349206,0.857541075484499
D00599_06_fill_holes_and_orientation.obj,d00599,Bird,3,7,4,19374,7,19388,0.6602101018021044,0.6486827716472812,3,7,4,19374,0.42857142857142855,0.9996388215262371,0.3,0.9997935803488492,0.5714285714285714,0.00036117847376296373,0.7,0.00020641965115078957,0.21428571428571427,0.9994326387456158,0.3529411764705882,0.3191489361702127,0.3947368421052631,0.3582941305950396,0.42821025009766567,0.2997935803488492,1186.5918367346937,0.5716350336975917
D00625_06_fill_holes_and_orientation.obj,d00625,Bird,2,8,5,19373,7,19388,0.2503776977096708,0.6514464658514764,2,8,5,19373,0.2857142857142857,0.9995872246014138,0.2,0.9997419754360615,0.7142857142857143,0.00041277539858624424,0.8,0.0002580245639384869,0.13333333333333333,0.9993294821539096,0.23529411764705882,0.2127659574468085,0.26315789473684204,0.23871884564346754,0.2853015103156995,0.19974197543606143,692.1785714285714,0.7145806756089108
D00689_06_fill_holes_and_orientation.obj,d00689,Bird,3,7,4,19374,7,19388,0.7849030533831901,0.7191370911621434,3,7,4,19374,0.42857142857142855,0.9996388215262371,0.3,0.9997935803488492,0.5714285714285714,0.00036117847376296373,0.7,0.00020641965115078957,0.21428571428571427,0.9994326387456158,0.3529411764705882,0.3191489361702127,0.3947368421052631,0.3582941305950396,0.42821025009766567,0.2997935803488492,1186.5918367346937,0.5716350336975917
D00736_06_fill_holes_and_orientation.obj,d00736,Bird,2,8,5,19373,7,19388,0.7492150814772636,0.7015011432547968,2,8,5,19373,0.2857142857142857,0.9995872246014138,0.2,0.9997419754360615,0.7142857142857143,0.00041277539858624424,0.8,0.0002580245639384869,0.13333333333333333,0.9993294821539096,0.23529411764705882,0.2127659574468085,0.26315789473684204,0.23871884564346754,0.2853015103156995,0.19974197543606143,692.1785714285714,0.7145806756089108
D00762_06_fill_holes_and_orientation.obj,d00762,Bird,0,10,7,19371,7,19388,0.42018751467422033,0.708102197037479,0,10,7,19371,0.0,0.9994840307517672,0.0,0.9996387656104861,1.0,0.0005159692482328053,1.0,0.0003612343895138817,0.0,0.9991231689704972,,,,-0.0004317242596766064,-0.0005159692482328282,-0.00036123438951385367,0.0,1.0005162356099324
D00862_06_fill_holes_and_orientation.obj,d00862,Bird,1,9,6,19372,7,19388,0.31841025757663083,0.694452728899493,1,9,6,19372,0.14285714285714285,0.9995356276765904,0.1,0.9996903705232738,0.8571428571428571,0.0004643723234095248,0.9,0.0003096294767261843,0.0625,0.9992263255622035,0.11764705882352941,0.10638297872340426,0.13157894736842102,0.11914356069189547,0.14239277053373334,0.0996903705232739,307.6349206349206,0.857541075484499
D00922_06_fill_holes_and_orientation.obj,d00922,Bird,0,10,7,19371,7,19388,0.193181252736291,0.6518938264240979,0,10,7,19371,0.0,0.9994840307517672,0.0,0.9996387656104861,1.0,0.0005159692482328053,1.0,0.0003612343895138817,0.0,0.9991231689704972,,,,-0.0004317242596766064,-0.0005159692482328282,-0.00036123438951385367,0.0,1.0005162356099324
D00961_06_fill_holes_and_orientation.obj,d00961,Bird,4,6,3,19375,7,19388,0.7973504331496625,0.6672134406998709,4,6,3,19375,0.5714285714285714,0.9996904184510603,0.4,0.9998451852616369,0.42857142857142855,0.00030958154893968317,0.6,0.00015481473836309216,0.3076923076923077,0.9995357953373221,0.47058823529411764,0.425531914893617,0.5263157894736841,0.4778694155466117,0.5711189898796318,0.3998451852616369,1845.8095238095239,0.4287041474654378
D00999_06_fill_holes_and_orientation.obj,d00999,Bird,1,9,6,19372,7,19388,0.4168862322168684,0.7092553931802366,1,9,6,19372,0.14285714285714285,0.9995356276765904,0.1,0.9996903705232738,0.8571428571428571,0.0004643723234095248,0.9,0.0003096294767261843,0.0625,0.9992263255622035,0.11764705882352941,0.10638297872340426,0.13157894736842102,0.11914356069189547,0.14239277053373334,0.0996903705232739,307.6349206349206,0.857541075484499
m28_06_fill_holes_and_orientation.obj,m28,Bird,1,9,6,19372,7,19388,0.1951628607553902,0.6212446565264937,1,9,6,19372,0.14285714285714285,0.9995356276765904,0.1,0.9996903705232738,0.8571428571428571,0.0004643723234095248,0.9,0.0003096294767261843,0.0625,0.9992263255622035,0.11764705882352941,0.10638297872340426,0.13157894736842102,0.11914356069189547,0.14239277053373334,0.0996903705232739,307.6349206349206,0.857541075484499
m29_06_fill_holes_and_orientation.obj,m29,Bird,4,6,3,19375,7,19388,0.5798859428639623,0.6955462769659012,4,6,3,19375,0.5714285714285714,0.9996904184510603,0.4,0.9998451852616369,0.42857142857142855,0.00030958154893968317,0.6,0.00015481473836309216,0.3076923076923077,0.9995357953373221,0.47058823529411764,0.425531914893617,0.5263157894736841,0.4778694155466117,0.5711189898796318,0.3998451852616369,1845.8095238095239,0.4287041474654378
m30_06_fill_holes_and_orientation.obj,m30,Bird,0,10,7,19371,7,19388,0.2796948962637587,0.6752659310070585,0,10,7,19371,0.0,0.9994840307517672,0.0,0.9996387656104861,1.0,0.0005159692482328053,1.0,0.0003612343895138817,0.0,0.9991231689704972,,,,-0.0004317242596766064,-0.0005159692482328282,-0.00036123438951385367,0.0,1.0005162356099324
m31_06_fill_holes_and_orientation.obj,m31,Bird,0,10,7,19371,7,19388,0.09420004716339422,0.41467342678198627,0,10,7,19371,0.0,0.9994840307517672,0.0,0.9996387656104861,1.0,0.0005159692482328053,1.0,0.0003612343895138817,0.0,0.9991231689704972,,,,-0.0004317242596766064,-0.0005159692482328282,-0.00036123438951385367,0.0,1.0005162356099324
m32_06_fill_holes_and_orientation.obj,m32,Bird,0,10,7,19371,7,19388,0.1148427327747632,0.54367233323392,0,10,7,19371,0.0,0.9994840307517672,0.0,0.9996387656104861,1.0,0.0005159692482328053,1.0,0.0003612343895138817,0.0,0.9991231689704972,,,,-0.0004317242596766064,-0.0005159692482328282,-0.00036123438951385367,0.0,1.0005162356099324
m33_06_fill_holes_and_orientation.obj,m33,Bird,1,9,6,19372,7,19388,0.11396262029311276,0.43254796699473114,1,9,6,19372,0.14285714285714285,0.9995356276765904,0.1,0.9996903705232738,0.8571428571428571,0.0004643723234095248,0.9,0.0003096294767261843,0.0625,0.9992263255622035,0.11764705882352941,0.10638297872340426,0.13157894736842102,0.11914356069189547,0.14239277053373334,0.0996903705232739,307.6349206349206,0.857541075484499
m34_06_fill_holes_and_orientation.obj,m34,Bird,1,9,6,19372,7,19388,0.2624217557367827,0.6462272591708917,1,9,6,19372,0.14285714285714285,0.9995356276765904,0.1,0.9996903705232738,0.8571428571428571,0.0004643723234095248,0.9,0.0003096294767261843,0.0625,0.9992263255622035,0.11764705882352941,0.10638297872340426,0.13157894736842102,0.11914356069189547,0.14239277053373334,0.0996903705232739,307.6349206349206,0.857541075484499
m35_06_fill_holes_and_orientation.obj,m35,Bird,1,9,6,19372,7,19388,0.18131590437474715,0.4316433045034298,1,9,6,19372,0.14285714285714285,0.9995356276765904,0.1,0.9996903705232738,0.8571428571428571,0.0004643723234095248,0.9,0.0003096294767261843,0.0625,0.9992263255622035,0.11764705882352941,0.10638297872340426,0.13157894736842102,0.11914356069189547,0.14239277053373334,0.0996903705232739,307.6349206349206,0.857541075484499
m36_06_fill_holes_and_orientation.obj,m36,Bird,0,10,7,19371,7,19388,0.19172347668566944,0.6712993339298141,0,10,7,19371,0.0,0.9994840307517672,0.0,0.9996387656104861,1.0,0.0005159692482328053,1.0,0.0003612343895138817,0.0,0.9991231689704972,,,,-0.0004317242596766064,-0.0005159692482328282,-0.00036123438951385367,0.0,1.0005162356099324
m37_06_fill_holes_and_orientation.obj,m37,Bird,0,10,7,19371,7,19388,0.17038502305996484,0.5936872452530073,0,10,7,19371,0.0,0.9994840307517672,0.0,0.9996387656104861,1.0,0.0005159692482328053,1.0,0.0003612343895138817,0.0,0.9991231689704972,,,,-0.0004317242596766064,-0.0005159692482328282,-0.00036123438951385367,0.0,1.0005162356099324
m38_06_fill_holes_and_orientation.obj,m38,Bird,1,9,6,19372,7,19388,0.3810783653515248,0.7036087086191471,1,9,6,19372,0.14285714285714285,0.9995356276765904,0.1,0.9996903705232738,0.8571428571428571,0.0004643723234095248,0.9,0.0003096294767261843,0.0625,0.9992263255622035,0.11764705882352941,0.10638297872340426,0.13157894736842102,0.11914356069189547,0.14239277053373334,0.0996903705232739,307.6349206349206,0.857541075484499
m39_06_fill_holes_and_orientation.obj,m39,Bird,0,10,7,19371,7,19388,0.14682161986116724,0.6042449547668756,0,10,7,19371,0.0,0.9994840307517672,0.0,0.9996387656104861,1.0,0.0005159692482328053,1.0,0.0003612343895138817,0.0,0.9991231689704972,,,,-0.0004317242596766064,-0.0005159692482328282,-0.00036123438951385367,0.0,1.0005162356099324
m40_06_fill_holes_and_orientation.obj,m40,Bird,3,7,4,19374,7,19388,0.8065574494760783,0.7241674122676212,3,7,4,19374,0.42857142857142855,0.9996388215262371,0.3,0.9997935803488492,0.5714285714285714,0.00036117847376296373,0.7,0.00020641965115078957,0.21428571428571427,0.9994326387456158,0.3529411764705882,0.3191489361702127,0.3947368421052631,0.3582941305950396,0.42821025009766567,0.2997935803488492,1186.5918367346937,0.5716350336975917
m41_06_fill_holes_and_orientation.obj,m41,Bird,3,7,4,19374,7,19388,0.5607106692780965,0.6542499254399046,3,7,4,19374,0.42857142857142855,0.9996388215262371,0.3,0.9997935803488492,0.5714285714285714,0.00036117847376296373,0.7,0.00020641965115078957,0.21428571428571427,0.9994326387456158,0.3529411764705882,0.3191489361702127,0.3947368421052631,0.3582941305950396,0.42821025009766567,0.2997935803488492,1186.5918367346937,0.5716350336975917
m43_06_fill_holes_and_orientation.obj,m43,Bird,2,8,5,19373,7,19388,0.47953807139615157,0.6883586837657819,2,8,5,19373,0.2857142857142857,0.9995872246014138,0.2,0.9997419754360615,0.7142857142857143,0.00041277539858624424,0.8,0.0002580245639384869,0.13333333333333333,0.9993294821539096,0.23529411764705882,0.2127659574468085,0.26315789473684204,0.23871884564346754,0.2853015103156995,0.19974197543606143,692.1785714285714,0.7145806756089108
m44_06_fill_holes_and_orientation.obj,m44,Bird,2,8,5,19373,7,19388,0.7233082006304471,0.7291679093349239,2,8,5,19373,0.2857142857142857,0.9995872246014138,0.2,0.9997419754360615,0.7142857142857143,0.00041277539858624424,0.8,0.0002580245639384869,0.13333333333333333,0.9993294821539096,0.23529411764705882,0.2127659574468085,0.26315789473684204,0.23871884564346754,0.2853015103156995,0.19974197543606143,692.1785714285714,0.7145806756089108
m45_06_fill_holes_and_orientation.obj,m45,Bird,2,8,5,19373,7,19388,0.6230752843606512,0.7338304006362462,2,8,5,19373,0.2857142857142857,0.9995872246014138,0.2,0.9997419754360615,0.7142857142857143,0.00041277539858624424,0.8,0.0002580245639384869,0.13333333333333333,0.9993294821539096,0.23529411764705882,0.2127659574468085,0.26315789473684204,0.23871884564346754,0.2853015103156995,0.19974197543606143,692.1785714285714,0.7145806756089108
m47_06_fill_holes_and_orientation.obj,m47,Bird,0,10,7,19371,7,19388,0.176422390281511,0.6496967889452232,0,10,7,19371,0.0,0.9994840307517672,0.0,0.9996387656104861,1.0,0.0005159692482328053,1.0,0.0003612343895138817,0.0,0.9991231689704972,,,,-0.0004317242596766064,-0.0005159692482328282,-0.00036123438951385367,0.0,1.0005162356099324
m48_06_fill_holes_and_orientation.obj,m48,Bird,1,9,6,19372,7,19388,0.18214059399112031,0.4356596083109653,1,9,6,19372,0.14285714285714285,0.9995356276765904,0.1,0.9996903705232738,0.8571428571428571,0.0004643723234095248,0.9,0.0003096294767261843,0.0625,0.9992263255622035,0.11764705882352941,0.10638297872340426,0.13157894736842102,0.11914356069189547,0.14239277053373334,0.0996903705232739,307.6349206349206,0.857541075484499
m49_06_fill_holes_and_orientation.obj,m49,Bird,0,10,7,19371,7,19388,0.09402461167031205,0.41136295854458693,0,10,7,19371,0.0,0.9994840307517672,0.0,0.9996387656104861,1.0,0.0005159692482328053,1.0,0.0003612343895138817,0.0,0.9991231689704972,,,,-0.0004317242596766064,-0.0005159692482328282,-0.00036123438951385367,0.0,1.0005162356099324
m50_06_fill_holes_and_orientation.obj,m50,Bird,1,9,6,19372,7,19388,0.1148165151582147,0.44233025151605526,1,9,6,19372,0.14285714285714285,0.9995356276765904,0.1,0.9996903705232738,0.8571428571428571,0.0004643723234095248,0.9,0.0003096294767261843,0.0625,0.9992263255622035,0.11764705882352941,0.10638297872340426,0.13157894736842102,0.11914356069189547,0.14239277053373334,0.0996903705232739,307.6349206349206,0.857541075484499
m51_06_fill_holes_and_orientation.obj,m51,Bird,0,10,7,19371,7,19388,0.15362552216543415,0.6436723332339199,0,10,7,19371,0.0,0.9994840307517672,0.0,0.9996387656104861,1.0,0.0005159692482328053,1.0,0.0003612343895138817,0.0,0.9991231689704972,,,,-0.0004317242596766064,-0.0005159692482328282,-0.00036123438951385367,0.0,1.0005162356099324
m52_06_fill_holes_and_orientation.obj,m52,Bird,1,9,6,19372,7,19388,0.18238002971705836,0.44305596977830797,1,9,6,19372,0.14285714285714285,0.9995356276765904,0.1,0.9996903705232738,0.8571428571428571,0.0004643723234095248,0.9,0.0003096294767261843,0.0625,0.9992263255622035,0.11764705882352941,0.10638297872340426,0.13157894736842102,0.11914356069189547,0.14239277053373334,0.0996903705232739,307.6349206349206,0.857541075484499
D01009_06_fill_holes_and_orientation.obj,d01009,Bookset,5,5,2,19376,7,19388,0.8569181471431563,0.9256889121065691,5,5,2,19376,0.7142857142857143,0.9997420153758836,0.5,0.9998967901744246,0.2857142857142857,0.00025798462411640266,0.5,0.00010320982557539478,0.4166666666666667,0.9996389519290283,0.588235294117647,0.5319148936170213,0.6578947368421053,0.5974447004981838,0.714027729661598,0.4998967901744247,2768.714285714286,0.28578801462781644
D01013_06_fill_holes_and_orientation.obj,d01013,Bookset,3,7,4,19374,7,19388,0.6804172566379976,0.9386400243785642,3,7,4,19374,0.42857142857142855,0.9996388215262371,0.3,0.9997935803488492,0.5714285714285714,0.00036117847376296373,0.7,0.00020641965115078957,0.21428571428571427,0.9994326387456158,0.3529411764705882,0.3191489361702127,0.3947368421052631,0.3582941305950396,0.42821025009766567,0.2997935803488492,1186.5918367346937,0.5716350336975917
D01030_06_fill_holes_and_orientation.obj,d01030,Bookset,2,8,5,19373,7,19388,0.27311108758037533,0.6704105176091594,2,8,5,19373,0.2857142857142857,0.9995872246014138,0.2,0.9997419754360615,0.7142857142857143,0.00041277539858624424,0.8,0.0002580245639384869,0.13333333333333333,0.9993294821539096,0.23529411764705882,0.2127659574468085,0.26315789473684204,0.23871884564346754,0.2853015103156995,0.19974197543606143,692.1785714285714,0.7145806756089108
D01038_06_fill_holes_and_orientation.obj,d01038,Bookset,0,10,7,19371,7,19388,0.017757685082361998,0.40013495276653166,0,10,7,19371,0.0,0.9994840307517672,0.0,0.9996387656104861,1.0,0.0005159692482328053,1.0,0.0003612343895138817,0.0,0.9991231689704972,,,,-0.0004317242596766064,-0.0005159692482328282,-0.00036123438951385367,0.0,1.0005162356099324
D01042_06_fill_holes_and_orientation.obj,d01042,Bookset,0,10,7,19371,7,19388,0.01314329520563974,0.19635627530364372,0,10,7,19371,0.0,0.9994840307517672,0.0,0.9996387656104861,1.0,0.0005159692482328053,1.0,0.0003612343895138817,0.0,0.9991231689704972,,,,-0.0004317242596766064,-0.0005159692482328282,-0.00036123438951385367,0.0,1.0005162356099324
D01050_06_fill_holes_and_orientation.obj,d01050,Bookset,2,8,5,19373,7,19388,0.2672845619468082,0.672413042531888,2,8,5,19373,0.2857142857142857,0.9995872246014138,0.2,0.9997419754360615,0.7142857142857143,0.00041277539858624424,0.8,0.0002580245639384869,0.13333333333333333,0.9993294821539096,0.23529411764705882,0.2127659574468085,0.26315789473684204,0.23871884564346754,0.2853015103156995,0.19974197543606143,692.1785714285714,0.7145806756089108
D01065_06_fill_holes_and_orientation.obj,d01065,Bookset,3,7,4,19374,7,19388,0.6314221544157242,0.9366810326063297,3,7,4,19374,0.42857142857142855,0.9996388215262371,0.3,0.9997935803488492,0.5714285714285714,0.00036117847376296373,0.7,0.00020641965115078957,0.21428571428571427,0.9994326387456158,0.3529411764705882,0.3191489361702127,0.3947368421052631,0.3582941305950396,0.42821025009766567,0.2997935803488492,1186.5918367346937,0.5716350336975917
D01078_06_fill_holes_and_orientation.obj,d01078,Bookset,0,10,7,19371,7,19388,0.018282380345714385,0.432480083583649,0,10,7,19371,0.0,0.9994840307517672,0.0,0.9996387656104861,1.0,0.0005159692482328053,1.0,0.0003612343895138817,0.0,0.9991231689704972,,,,-0.0004317242596766064,-0.0005159692482328282,-0.00036123438951385367,0.0,1.0005162356099324
D01096_06_fill_holes_and_orientation.obj,d01096,Bookset,2,8,5,19373,7,19388,0.3805888334544615,0.9145661921553263,2,8,5,19373,0.2857142857142857,0.9995872246014138,0.2,0.9997419754360615,0.7142857142857143,0.00041277539858624424,0.8,0.0002580245639384869,0.13333333333333333,0.9993294821539096,0.23529411764705882,0.2127659574468085,0.26315789473684204,0.23871884564346754,0.2853015103156995,0.19974197543606143,692.1785714285714,0.7145806756089108
D01108_06_fill_holes_and_orientation.obj,d01108,Bookset,5,5,2,19376,7,19388,0.9891394509592132,0.9395542205389404,5,5,2,19376,0.7142857142857143,0.9997420153758836,0.5,0.9998967901744246,0.2857142857142857,0.00025798462411640266,0.5,0.00010320982557539478,0.4166666666666667,0.9996389519290283,0.588235294117647,0.5319148936170213,0.6578947368421053,0.5974447004981838,0.714027729661598,0.4998967901744247,2768.714285714286,0.28578801462781644
D01109_06_fill_holes_and_orientation.obj,d01109,Bookset,1,9,6,19372,7,19388,0.1404732719395737,0.834051630316486,1,9,6,19372,0.14285714285714285,0.9995356276765904,0.1,0.9996903705232738,0.8571428571428571,0.0004643723234095248,0.9,0.0003096294767261843,0.0625,0.9992263255622035,0.11764705882352941,0.10638297872340426,0.13157894736842102,0.11914356069189547,0.14239277053373334,0.0996903705232739,307.6349206349206,0.857541075484499
D01110_06_fill_holes_and_orientation.obj,d01110,Bookset,2,8,5,19373,7,19388,0.30636692839134005,0.9035958382308128,2,8,5,19373,0.2857142857142857,0.9995872246014138,0.2,0.9997419754360615,0.7142857142857143,0.00041277539858624424,0.8,0.0002580245639384869,0.13333333333333333,0.9993294821539096,0.23529411764705882,0.2127659574468085,0.26315789473684204,0.23871884564346754,0.2853015103156995,0.19974197543606143,692.1785714285714,0.7145806756089108
D01122_06_fill_holes_and_orientation.obj,d01122,Bookset,2,8,5,19373,7,19388,0.3153689375059929,0.5964694614949284,2,8,5,19373,0.2857142857142857,0.9995872246014138,0.2,0.9997419754360615,0.7142857142857143,0.00041277539858624424,0.8,0.0002580245639384869,0.13333333333333333,0.9993294821539096,0.23529411764705882,0.2127659574468085,0.26315789473684204,0.23871884564346754,0.2853015103156995,0.19974197543606143,692.1785714285714,0.7145806756089108
D01135_06_fill_holes_and_orientation.obj,d01135,Bookset,2,8,5,19373,7,19388,0.4692548376112127,0.9306516912628966,2,8,5,19373,0.2857142857142857,0.9995872246014138,0.2,0.9997419754360615,0.7142857142857143,0.00041277539858624424,0.8,0.0002580245639384869,0.13333333333333333,0.9993294821539096,0.23529411764705882,0.2127659574468085,0.26315789473684204,0.23871884564346754,0.2853015103156995,0.19974197543606143,692.1785714285714,0.7145806756089108
D01146_06_fill_holes_and_orientation.obj,d01146,Bookset,3,7,4,19374,7,19388,0.23242230706946268,0.7636802925427713,3,7,4,19374,0.42857142857142855,0.9996388215262371,0.3,0.9997935803488492,0.5714285714285714,0.00036117847376296373,0.7,0.00020641965115078957,0.21428571428571427,0.9994326387456158,0.3529411764705882,0.3191489361702127,0.3947368421052631,0.3582941305950396,0.42821025009766567,0.2997935803488492,1186.5918367346937,0.5716350336975917
D01182_06_fill_holes_and_orientation.obj,d01182,Bookset,0,10,7,19371,7,19388,0.12457544552547953,0.819402725175221,0,10,7,19371,0.0,0.9994840307517672,0.0,0.9996387656104861,1.0,0.0005159692482328053,1.0,0.0003612343895138817,0.0,0.9991231689704972,,,,-0.0004317242596766064,-0.0005159692482328282,-0.00036123438951385367,0.0,1.0005162356099324
D01183_06_fill_holes_and_orientation.obj,d01183,Bookset,2,8,5,19373,7,19388,0.3161841843523729,0.879173740803622,2,8,5,19373,0.2857142857142857,0.9995872246014138,0.2,0.9997419754360615,0.7142857142857143,0.00041277539858624424,0.8,0.0002580245639384869,0.13333333333333333,0.9993294821539096,0.23529411764705882,0.2127659574468085,0.26315789473684204,0.23871884564346754,0.2853015103156995,0.19974197543606143,692.1785714285714,0.7145806756089108
D01184_06_fill_holes_and_orientation.obj,d01184,Bookset,2,8,5,19373,7,19388,0.26135197297490975,0.884789517217361,2,8,5,19373,0.2857142857142857,0.9995872246014138,0.2,0.9997419754360615,0.7142857142857143,0.00041277539858624424,0.8,0.0002580245639384869,0.13333333333333333,0.9993294821539096,0.23529411764705882,0.2127659574468085,0.26315789473684204,0.23871884564346754,0.2853015103156995,0.19974197543606143,692.1785714285714,0.7145806756089108
D01190_06_fill_holes_and_orientation.obj,d01190,Bookset,1,9,6,19372,7,19388,0.05483345150345609,0.6537155543946715,1,9,6,19372,0.14285714285714285,0.9995356276765904,0.1,0.9996903705232738,0.8571428571428571,0.0004643723234095248,0.9,0.0003096294767261843,0.0625,0.9992263255622035,0.11764705882352941,0.10638297872340426,0.13157894736842102,0.11914356069189547,0.14239277053373334,0.0996903705232739,307.6349206349206,0.857541075484499
D01199_06_fill_holes_and_orientation.obj,d01199,Bookset,3,7,4,19374,7,19388,0.2581333066082046,0.7496408515084236,3,7,4,19374,0.42857142857142855,0.9996388215262371,0.3,0.9997935803488492,0.5714285714285714,0.00036117847376296373,0.7,0.00020641965115078957,0.21428571428571427,0.9994326387456158,0.3529411764705882,0.3191489361702127,0.3947368421052631,0.3582941305950396,0.42821025009766567,0.2997935803488492,1186.5918367346937,0.5716350336975917
D00020_06_fill_holes_and_orientation.obj,d00020,Bottle,1,9,6,19372,7,19388,0.17686085645045924,0.7290783594913508,1,9,6,19372,0.14285714285714285,0.9995356276765904,0.1,0.9996903705232738,0.8571428571428571,0.0004643723234095248,0.9,0.0003096294767261843,0.0625,0.9992263255622035,0.11764705882352941,0.10638297872340426,0.13157894736842102,0.11914356069189547,0.14239277053373334,0.0996903705232739,307.6349206349206,0.857541075484499
D00123_06_fill_holes_and_orientation.obj,d00123,Bottle,3,7,4,19374,7,19388,0.4749541597389415,0.7381000114560661,3,7,4,19374,0.42857142857142855,0.9996388215262371,0.3,0.9997935803488492,0.5714285714285714,0.00036117847376296373,0.7,0.00020641965115078957,0.21428571428571427,0.9994326387456158,0.3529411764705882,0.3191489361702127,0.3947368421052631,0.3582941305950396,0.42821025009766567,0.2997935803488492,1186.5918367346937,0.5716350336975917
D00139_06_fill_holes_and_orientation.obj,d00139,Bottle,0,10,7,19371,7,19388,0.05209583920999267,0.5042244243326842,0,10,7,19371,0.0,0.9994840307517672,0.0,0.9996387656104861,1.0,0.0005159692482328053,1.0,0.0003612343895138817,0.0,0.9991231689704972,,,,-0.0004317242596766064,-0.0005159692482328282,-0.00036123438951385367,0.0,1.0005162356099324
D00166_06_fill_holes_and_orientation.obj,d00166,Bottle,2,8,5,19373,7,19388,0.43789934316041496,0.7463340588841791,2,8,5,19373,0.2857142857142857,0.9995872246014138,0.2,0.9997419754360615,0.7142857142857143,0.00041277539858624424,0.8,0.0002580245639384869,0.13333333333333333,0.9993294821539096,0.23529411764705882,0.2127659574468085,0.26315789473684204,0.23871884564346754,0.2853015103156995,0.19974197543606143,692.1785714285714,0.7145806756089108
D00176_06_fill_holes_and_orientation.obj,d00176,Bottle,0,10,6,19372,6,19388,0.04318478961936579,0.3632575323633864,0,10,6,19372,0.0,0.9994840573728201,0.0,0.9996903705232738,1.0,0.0005159426271798576,1.0,0.0003096294767261843,0.0,0.9991747472663504,,,,-0.00039968868594749107,-0.0005159426271799106,-0.000309629476726192,0.0,1.0005162089613877
D00208_06_fill_holes_and_orientation.obj,d00208,Bottle,0,10,7,19371,7,19388,0.06340295451313918,0.4690256615878108,0,10,7,19371,0.0,0.9994840307517672,0.0,0.9996387656104861,1.0,0.0005159692482328053,1.0,0.0003612343895138817,0.0,0.9991231689704972,,,,-0.0004317242596766064,-0.0005159692482328282,-0.00036123438951385367,0.0,1.0005162356099324
D00281_06_fill_holes_and_orientation.obj,d00281,Bottle,4,6,3,19375,7,19388,0.7468514090556267,0.8200968037575898,4,6,3,19375,0.5714285714285714,0.9996904184510603,0.4,0.9998451852616369,0.42857142857142855,0.00030958154893968317,0.6,0.00015481473836309216,0.3076923076923077,0.9995357953373221,0.47058823529411764,0.425531914893617,0.5263157894736841,0.4778694155466117,0.5711189898796318,0.3998451852616369,1845.8095238095239,0.4287041474654378
D00311_06_fill_holes_and_orientation.obj,d00311,Bottle,3,7,4,19374,7,19388,0.8969133269592653,0.8641453774773742,3,7,4,19374,0.42857142857142855,0.9996388215262371,0.3,0.9997935803488492,0.5714285714285714,0.00036117847376296373,0.7,0.00020641965115078957,0.21428571428571427,0.9994326387456158,0.3529411764705882,0.3191489361702127,0.3947368421052631,0.3582941305950396,0.42821025009766567,0.2997935803488492,1186.5918367346937,0.5716350336975917
D00347_06_fill_holes_and_orientation.obj,d00347,Bottle,5,5,2,19376,7,19388,1.2786778502429055,0.8700738916256159,5,5,2,19376,0.7142857142857143,0.9997420153758836,0.5,0.9998967901744246,0.2857142857142857,0.00025798462411640266,0.5,0.00010320982557539478,0.4166666666666667,0.9996389519290283,0.588235294117647,0.5319148936170213,0.6578947368421053,0.5974447004981838,0.714027729661598,0.4998967901744247,2768.714285714286,0.28578801462781644
D00350_06_fill_holes_and_orientation.obj,d00350,Bottle,3,7,4,19374,7,19388,0.45091770157022354,0.7447015694810402,3,7,4,19374,0.42857142857142855,0.9996388215262371,0.3,0.9997935803488492,0.5714285714285714,0.00036117847376296373,0.7,0.00020641965115078957,0.21428571428571427,0.9994326387456158,0.3529411764705882,0.3191489361702127,0.3947368421052631,0.3582941305950396,0.42821025009766567,0.2997935803488492,1186.5918367346937,0.5716350336975917
D00390_06_fill_holes_and_orientation.obj,d00390,Bottle,0,10,7,19371,7,19388,0.03764286653617129,0.3832626875930805,0,10,7,19371,0.0,0.9994840307517672,0.0,0.9996387656104861,1.0,0.0005159692482328053,1.0,0.0003612343895138817,0.0,0.9991231689704972,,,,-0.0004317242596766064,-0.0005159692482328282,-0.00036123438951385367,0.0,1.0005162356099324
D00451_06_fill_holes_and_orientation.obj,d00451,Bottle,5,5,2,19376,7,19388,1.2800368680981793,0.8523026692633751,5,5,2,19376,0.7142857142857143,0.9997420153758836,0.5,0.9998967901744246,0.2857142857142857,0.00025798462411640266,0.5,0.00010320982557539478,0.4166666666666667,0.9996389519290283,0.588235294117647,0.5319148936170213,0.6578947368421053,0.5974447004981838,0.714027729661598,0.4998967901744247,2768.714285714286,0.28578801462781644
D00679_06_fill_holes_and_orientation.obj,d00679,Bottle,0,10,7,19371,7,19388,0.053905804757540754,0.4597462481383893,0,10,7,19371,0.0,0.9994840307517672,0.0,0.9996387656104861,1.0,0.0005159692482328053,1.0,0.0003612343895138817,0.0,0.9991231689704972,,,,-0.0004317242596766064,-0.0005159692482328282,-0.00036123438951385367,0.0,1.0005162356099324
D00696_06_fill_holes_and_orientation.obj,d00696,Bottle,6,4,1,19377,7,19388,1.593773561147005,0.8787805017756902,6,4,1,19377,0.8571428571428571,0.9997936123007068,0.6,0.9999483950872123,0.14285714285714285,0.00020638769929312212,0.4,5.160491278769739e-05,0.5454545454545454,0.9997421085207345,0.7058823529411764,0.6382978723404255,0.7894736842105262,0.7170199854497559,0.8569364694435639,0.5999483950872122,4153.071428571428,0.14288663290056694
D00711_06_fill_holes_and_orientation.obj,d00711,Bottle,1,9,6,19372,7,19388,0.15585398917526008,0.7395176996219498,1,9,6,19372,0.14285714285714285,0.9995356276765904,0.1,0.9996903705232738,0.8571428571428571,0.0004643723234095248,0.9,0.0003096294767261843,0.0625,0.9992263255622035,0.11764705882352941,0.10638297872340426,0.13157894736842102,0.11914356069189547,0.14239277053373334,0.0996903705232739,307.6349206349206,0.857541075484499
D00716_06_fill_holes_and_orientation.obj,d00716,Bottle,5,5,2,19376,7,19388,1.3046810497988195,0.9058740978348035,5,5,2,19376,0.7142857142857143,0.9997420153758836,0.5,0.9998967901744246,0.2857142857142857,0.00025798462411640266,0.5,0.00010320982557539478,0.4166666666666667,0.9996389519290283,0.588235294117647,0.5319148936170213,0.6578947368421053,0.5974447004981838,0.714027729661598,0.4998967901744247,2768.714285714286,0.28578801462781644
D00726_06_fill_holes_and_orientation.obj,d00726,Bottle,0,10,7,19371,7,19388,0.16057335211560692,0.7585777294077214,0,10,7,19371,0.0,0.9994840307517672,0.0,0.9996387656104861,1.0,0.0005159692482328053,1.0,0.0003612343895138817,0.0,0.9991231689704972,,,,-0.0004317242596766064,-0.0005159692482328282,-0.00036123438951385367,0.0,1.0005162356099324
D00892_06_fill_holes_and_orientation.obj,d00892,Bottle,5,5,2,19376,7,19388,1.130680775166739,0.8472047198991867,5,5,2,19376,0.7142857142857143,0.9997420153758836,0.5,0.9998967901744246,0.2857142857142857,0.00025798462411640266,0.5,0.00010320982557539478,0.4166666666666667,0.9996389519290283,0.588235294117647,0.5319148936170213,0.6578947368421053,0.5974447004981838,0.714027729661598,0.4998967901744247,2768.714285714286,0.28578801462781644
D00940_06_fill_holes_and_orientation.obj,d00940,Bottle,3,7,4,19374,7,19388,0.5049295291095809,0.8262687593080535,3,7,4,19374,0.42857142857142855,0.9996388215262371,0.3,0.9997935803488492,0.5714285714285714,0.00036117847376296373,0.7,0.00020641965115078957,0.21428571428571427,0.9994326387456158,0.3529411764705882,0.3191489361702127,0.3947368421052631,0.3582941305950396,0.42821025009766567,0.2997935803488492,1186.5918367346937,0.5716350336975917
D00959_06_fill_holes_and_orientation.obj,d00959,Bottle,0,10,7,19371,7,19388,0.0880251517722231,0.6067275747508306,0,10,7,19371,0.0,0.9994840307517672,0.0,0.9996387656104861,1.0,0.0005159692482328053,1.0,0.0003612343895138817,0.0,0.9991231689704972,,,,-0.0004317242596766064,-0.0005159692482328282,-0.00036123438951385367,0.0,1.0005162356099324
m482_06_fill_holes_and_orientation.obj,m482,Bottle,2,8,5,19373,7,19388,0.3085799150713772,0.5275375186161072,2,8,5,19373,0.2857142857142857,0.9995872246014138,0.2,0.9997419754360615,0.7142857142857143,0.00041277539858624424,0.8,0.0002580245639384869,0.13333333333333333,0.9993294821539096,0.23529411764705882,0.2127659574468085,0.26315789473684204,0.23871884564346754,0.2853015103156995,0.19974197543606143,692.1785714285714,0.7145806756089108
m483_06_fill_holes_and_orientation.obj,m483,Bottle,0,10,7,19371,7,19388,0.30023209909538,0.8236052239660901,0,10,7,19371,0.0,0.9994840307517672,0.0,0.9996387656104861,1.0,0.0005159692482328053,1.0,0.0003612343895138817,0.0,0.9991231689704972,,,,-0.0004317242596766064,-0.0005159692482328282,-0.00036123438951385367,0.0,1.0005162356099324
m484_06_fill_holes_and_orientation.obj,m484,Bottle,1,9,6,19372,7,19388,0.2806251405330433,0.8019818994157407,1,9,6,19372,0.14285714285714285,0.9995356276765904,0.1,0.9996903705232738,0.8571428571428571,0.0004643723234095248,0.9,0.0003096294767261843,0.0625,0.9992263255622035,0.11764705882352941,0.10638297872340426,0.13157894736842102,0.11914356069189547,0.14239277053373334,0.0996903705232739,307.6349206349206,0.857541075484499
m485_06_fill_holes_and_orientation.obj,m485,Bottle,2,8,5,19373,7,19388,0.27898016787142516,0.5072602818192233,2,8,5,19373,0.2857142857142857,0.9995872246014138,0.2,0.9997419754360615,0.7142857142857143,0.00041277539858624424,0.8,0.0002580245639384869,0.13333333333333333,0.9993294821539096,0.23529411764705882,0.2127659574468085,0.26315789473684204,0.23871884564346754,0.2853015103156995,0.19974197543606143,692.1785714285714,0.7145806756089108
m486_06_fill_holes_and_orientation.obj,m486,Bottle,4,6,3,19375,7,19388,0.9927490527755822,0.8922700194753121,4,6,3,19375,0.5714285714285714,0.9996904184510603,0.4,0.9998451852616369,0.42857142857142855,0.00030958154893968317,0.6,0.00015481473836309216,0.3076923076923077,0.9995357953373221,0.47058823529411764,0.425531914893617,0.5263157894736841,0.4778694155466117,0.5711189898796318,0.3998451852616369,1845.8095238095239,0.4287041474654378
m488_06_fill_holes_and_orientation.obj,m488,Bottle,1,9,6,19372,7,19388,0.2608459462518956,0.789050864932982,1,9,6,19372,0.14285714285714285,0.9995356276765904,0.1,0.9996903705232738,0.8571428571428571,0.0004643723234095248,0.9,0.0003096294767261843,0.0625,0.9992263255622035,0.11764705882352941,0.10638297872340426,0.13157894736842102,0.11914356069189547,0.14239277053373334,0.0996903705232739,307.6349206349206,0.857541075484499
m489_06_fill_holes_and_orientation.obj,m489,Bottle,1,9,6,19372,7,19388,0.2245555109609705,0.7798716920609463,1,9,6,19372,0.14285714285714285,0.9995356276765904,0.1,0.9996903705232738,0.8571428571428571,0.0004643723234095248,0.9,0.0003096294767261843,0.0625,0.9992263255622035,0.11764705882352941,0.10638297872340426,0.13157894736842102,0.11914356069189547,0.14239277053373334,0.0996903705232739,307.6349206349206,0.857541075484499
m490_06_fill_holes_and_orientation.obj,m490,Bottle,5,5,2,19376,7,19388,1.1579760434309687,0.849524573261542,5,5,2,19376,0.7142857142857143,0.9997420153758836,0.5,0.9998967901744246,0.2857142857142857,0.00025798462411640266,0.5,0.00010320982557539478,0.4166666666666667,0.9996389519290283,0.588235294117647,0.5319148936170213,0.6578947368421053,0.5974447004981838,0.714027729661598,0.4998967901744247,2768.714285714286,0.28578801462781644
m491_06_fill_holes_and_orientation.obj,m491,Bottle,0,10,7,19371,7,19388,0.060751671079019,0.5929373353190515,0,10,7,19371,0.0,0.9994840307517672,0.0,0.9996387656104861,1.0,0.0005159692482328053,1.0,0.0003612343895138817,0.0,0.9991231689704972,,,,-0.0004317242596766064,-0.0005159692482328282,-0.00036123438951385367,0.0,1.0005162356099324
m492_06_fill_holes_and_orientation.obj,m492,Bottle,1,9,6,19372,7,19388,0.17640260404280722,0.6521222362240806,1,9,6,19372,0.14285714285714285,0.9995356276765904,0.1,0.9996903705232738,0.8571428571428571,0.0004643723234095248,0.9,0.0003096294767261843,0.0625,0.9992263255622035,0.11764705882352941,0.10638297872340426,0.13157894736842102,0.11914356069189547,0.14239277053373334,0.0996903705232739,307.6349206349206,0.857541075484499
m382_06_fill_holes_and_orientation.obj,m382,BuildingNonResidential,1,9,6,19372,7,19388,0.13077954725621208,0.5285740461745185,1,9,6,19372,0.14285714285714285,0.9995356276765904,0.1,0.9996903705232738,0.8571428571428571,0.0004643723234095248,0.9,0.0003096294767261843,0.0625,0.9992263255622035,0.11764705882352941,0.10638297872340426,0.13157894736842102,0.11914356069189547,0.14239277053373334,0.0996903705232739,307.6349206349206,0.857541075484499
m383_06_fill_holes_and_orientation.obj,m383,BuildingNonResidential,2,8,5,19373,7,19388,0.38999421232679604,0.5770084286819496,2,8,5,19373,0.2857142857142857,0.9995872246014138,0.2,0.9997419754360615,0.7142857142857143,0.00041277539858624424,0.8,0.0002580245639384869,0.13333333333333333,0.9993294821539096,0.23529411764705882,0.2127659574468085,0.26315789473684204,0.23871884564346754,0.2853015103156995,0.19974197543606143,692.1785714285714,0.7145806756089108
m384_06_fill_holes_and_orientation.obj,m384,BuildingNonResidential,0,10,7,19371,7,19388,0.1288751032379407,0.5331650311494768,0,10,7,19371,0.0,0.9994840307517672,0.0,0.9996387656104861,1.0,0.0005159692482328053,1.0,0.0003612343895138817,0.0,0.9991231689704972,,,,-0.0004317242596766064,-0.0005159692482328282,-0.00036123438951385367,0.0,1.0005162356099324
m385_06_fill_holes_and_orientation.obj,m385,BuildingNonResidential,1,9,6,19372,7,19388,0.24540409223086296,0.5551121788346431,1,9,6,19372,0.14285714285714285,0.9995356276765904,0.1,0.9996903705232738,0.8571428571428571,0.0004643723234095248,0.9,0.0003096294767261843,0.0625,0.9992263255622035,0.11764705882352941,0.10638297872340426,0.13157894736842102,0.11914356069189547,0.14239277053373334,0.0996903705232739,307.6349206349206,0.857541075484499
m386_06_fill_holes_and_orientation.obj,m386,BuildingNonResidential,0,10,7,19371,7,19388,0.20282532087187458,0.6495887454700924,0,10,7,19371,0.0,0.9994840307517672,0.0,0.9996387656104861,1.0,0.0005159692482328053,1.0,0.0003612343895138817,0.0,0.9991231689704972,,,,-0.0004317242596766064,-0.0005159692482328282,-0.00036123438951385367,0.0,1.0005162356099324
m387_06_fill_holes_and_orientation.obj,m387,BuildingNonResidential,1,9,6,19372,7,19388,0.12066665577780585,0.5146076794657763,1,9,6,19372,0.14285714285714285,0.9995356276765904,0.1,0.9996903705232738,0.8571428571428571,0.0004643723234095248,0.9,0.0003096294767261843,0.0625,0.9992263255622035,0.11764705882352941,0.10638297872340426,0.13157894736842102,0.11914356069189547,0.14239277053373334,0.0996903705232739,307.6349206349206,0.857541075484499
m389_06_fill_holes_and_orientation.obj,m389,BuildingNonResidential,0,10,7,19371,7,19388,0.20658170008606083,0.6466061321715053,0,10,7,19371,0.0,0.9994840307517672,0.0,0.9996387656104861,1.0,0.0005159692482328053,1.0,0.0003612343895138817,0.0,0.9991231689704972,,,,-0.0004317242596766064,-0.0005159692482328282,-0.00036123438951385367,0.0,1.0005162356099324
m390_06_fill_holes_and_orientation.obj,m390,BuildingNonResidential,1,9,6,19372,7,19388,0.1383675829497967,0.5085406571928824,1,9,6,19372,0.14285714285714285,0.9995356276765904,0.1,0.9996903705232738,0.8571428571428571,0.0004643723234095248,0.9,0.0003096294767261843,0.0625,0.9992263255622035,0.11764705882352941,0.10638297872340426,0.13157894736842102,0.11914356069189547,0.14239277053373334,0.0996903705232739,307.6349206349206,0.857541075484499
m391_06_fill_holes_and_orientation.obj,m391,BuildingNonResidential,0,10,7,19371,7,19388,0.12767252919649624,0.5035526690826173,0,10,7,19371,0.0,0.9994840307517672,0.0,0.9996387656104861,1.0,0.0005159692482328053,1.0,0.0003612343895138817,0.0,0.9991231689704972,,,,-0.0004317242596766064,-0.0005159692482328282,-0.00036123438951385367,0.0,1.0005162356099324
m392_06_fill_holes_and_orientation.obj,m392,BuildingNonResidential,0,10,7,19371,7,19388,0.0697273146960716,0.32722219960096094,0,10,7,19371,0.0,0.9994840307517672,0.0,0.9996387656104861,1.0,0.0005159692482328053,1.0,0.0003612343895138817,0.0,0.9991231689704972,,,,-0.0004317242596766064,-0.0005159692482328282,-0.00036123438951385367,0.0,1.0005162356099324
m393_06_fill_holes_and_orientation.obj,m393,BuildingNonResidential,2,8,5,19373,7,19388,0.44324052918192924,0.5737306079237754,2,8,5,19373,0.2857142857142857,0.9995872246014138,0.2,0.9997419754360615,0.7142857142857143,0.00041277539858624424,0.8,0.0002580245639384869,0.13333333333333333,0.9993294821539096,0.23529411764705882,0.2127659574468085,0.26315789473684204,0.23871884564346754,0.2853015103156995,0.19974197543606143,692.1785714285714,0.7145806756089108
m394_06_fill_holes_and_orientation.obj,m394,BuildingNonResidential,2,8,5,19373,7,19388,0.5365396664122544,0.6729508530477626,2,8,5,19373,0.2857142857142857,0.9995872246014138,0.2,0.9997419754360615,0.7142857142857143,0.00041277539858624424,0.8,0.0002580245639384869,0.13333333333333333,0.9993294821539096,0.23529411764705882,0.2127659574468085,0.26315789473684204,0.23871884564346754,0.2853015103156995,0.19974197543606143,692.1785714285714,0.7145806756089108
m395_06_fill_holes_and_orientation.obj,m395,BuildingNonResidential,2,8,5,19373,7,19388,0.48964787587946207,0.6997231157620425,2,8,5,19373,0.2857142857142857,0.9995872246014138,0.2,0.9997419754360615,0.7142857142857143,0.00041277539858624424,0.8,0.0002580245639384869,0.13333333333333333,0.9993294821539096,0.23529411764705882,0.2127659574468085,0.26315789473684204,0.23871884564346754,0.2853015103156995,0.19974197543606143,692.1785714285714,0.7145806756089108
m396_06_fill_holes_and_orientation.obj,m396,BuildingNonResidential,2,8,5,19373,7,19388,0.4953563688468075,0.6729610326153345,2,8,5,19373,0.2857142857142857,0.9995872246014138,0.2,0.9997419754360615,0.7142857142857143,0.00041277539858624424,0.8,0.0002580245639384869,0.13333333333333333,0.9993294821539096,0.23529411764705882,0.2127659574468085,0.26315789473684204,0.23871884564346754,0.2853015103156995,0.19974197543606143,692.1785714285714,0.7145806756089108
m397_06_fill_holes_and_orientation.obj,m397,BuildingNonResidential,1,9,6,19372,7,19388,0.30566214936472175,0.5841646646850441,1,9,6,19372,0.14285714285714285,0.9995356276765904,0.1,0.9996903705232738,0.8571428571428571,0.0004643723234095248,0.9,0.0003096294767261843,0.0625,0.9992263255622035,0.11764705882352941,0.10638297872340426,0.13157894736842102,0.11914356069189547,0.14239277053373334,0.0996903705232739,307.6349206349206,0.857541075484499
m398_06_fill_holes_and_orientation.obj,m398,BuildingNonResidential,0,10,7,19371,7,19388,0.1415329441241316,0.6026609389633129,0,10,7,19371,0.0,0.9994840307517672,0.0,0.9996387656104861,1.0,0.0005159692482328053,1.0,0.0003612343895138817,0.0,0.9991231689704972,,,,-0.0004317242596766064,-0.0005159692482328282,-0.00036123438951385367,0.0,1.0005162356099324
m399_06_fill_holes_and_orientation.obj,m399,BuildingNonResidential,2,8,4,19374,6,19388,0.6954603633401731,0.700527301600228,2,8,4,19374,0.3333333333333333,0.9995872458982561,0.2,0.9997935803488492,0.6666666666666666,0.0004127541017438861,0.8,0.00020641965115078957,0.14285714285714285,0.9993810604497627,0.25,0.21739130434782608,0.29411764705882354,0.25790578608571774,0.33292057923158946,0.1997935803488493,807.5833333333333,0.6669419496920271
m400_06_fill_holes_and_orientation.obj,m400,BuildingNonResidential,4,6,3,19375,7,19388,0.6937718779959319,0.7263019666924548,4,6,3,19375,0.5714285714285714,0.9996904184510603,0.4,0.9998451852616369,0.42857142857142855,0.00030958154893968317,0.6,0.00015481473836309216,0.3076923076923077,0.9995357953373221,0.47058823529411764,0.425531914893617,0.5263157894736841,0.4778694155466117,0.5711189898796318,0.3998451852616369,1845.8095238095239,0.4287041474654378
m401_06_fill_holes_and_orientation.obj,m401,BuildingNonResidential,0,10,6,19372,6,19388,0.11972522564805176,0.4764343010708906,0,10,6,19372,0.0,0.9994840573728201,0.0,0.9996903705232738,1.0,0.0005159426271798576,1.0,0.0003096294767261843,0.0,0.9991747472663504,,,,-0.00039968868594749107,-0.0005159426271799106,-0.000309629476726192,0.0,1.0005162089613877
m402_06_fill_holes_and_orientation.obj,m402,BuildingNonResidential,1,9,6,19372,7,19388,0.26509818962297316,0.6580479661223991,1,9,6,19372,0.14285714285714285,0.9995356276765904,0.1,0.9996903705232738,0.8571428571428571,0.0004643723234095248,0.9,0.0003096294767261843,0.0625,0.9992263255622035,0.11764705882352941,0.10638297872340426,0.13157894736842102,0.11914356069189547,0.14239277053373334,0.0996903705232739,307.6349206349206,0.857541075484499
m404_06_fill_holes_and_orientation.obj,m404,BuildingNonResidential,1,9,6,19372,7,19388,0.13590362592753258,0.5138136731951626,1,9,6,19372,0.14285714285714285,0.9995356276765904,0.1,0.9996903705232738,0.8571428571428571,0.0004643723234095248,0.9,0.0003096294767261843,0.0625,0.9992263255622035,0.11764705882352941,0.10638297872340426,0.13157894736842102,0.11914356069189547,0.14239277053373334,0.0996903705232739,307.6349206349206,0.857541075484499
m405_06_fill_holes_and_orientation.obj,m405,BuildingNonResidential,1,9,6,19372,7,19388,0.38246049763870954,0.7000183232216295,1,9,6,19372,0.14285714285714285,0.9995356276765904,0.1,0.9996903705232738,0.8571428571428571,0.0004643723234095248,0.9,0.0003096294767261843,0.0625,0.9992263255622035,0.11764705882352941,0.10638297872340426,0.13157894736842102,0.11914356069189547,0.14239277053373334,0.0996903705232739,307.6349206349206,0.857541075484499
m406_06_fill_holes_and_orientation.obj,m406,BuildingNonResidential,1,9,5,19373,6,19388,0.2869338791475259,0.6782136894824707,1,9,5,19373,0.16666666666666666,0.9995356516355381,0.1,0.9997419754360615,0.8333333333333334,0.0004643483644618718,0.9,0.0002580245639384869,0.06666666666666667,0.9992779038580565,0.125,0.10869565217391304,0.14705882352941177,0.1287530486998851,0.16620231830220478,0.09974197543606156,358.9259259259259,0.8337204700700288
m407_06_fill_holes_and_orientation.obj,m407,BuildingNonResidential,0,10,7,19371,7,19388,0.22279783867036862,0.6215542163768883,0,10,7,19371,0.0,0.9994840307517672,0.0,0.9996387656104861,1.0,0.0005159692482328053,1.0,0.0003612343895138817,0.0,0.9991231689704972,,,,-0.0004317242596766064,-0.0005159692482328282,-0.00036123438951385367,0.0,1.0005162356099324
m408_06_fill_holes_and_orientation.obj,m408,BuildingNonResidential,0,10,7,19371,7,19388,0.11610156427811129,0.5391607964493668,0,10,7,19371,0.0,0.9994840307517672,0.0,0.9996387656104861,1.0,0.0005159692482328053,1.0,0.0003612343895138817,0.0,0.9991231689704972,,,,-0.0004317242596766064,-0.0005159692482328282,-0.00036123438951385367,0.0,1.0005162356099324
m409_06_fill_holes_and_orientation.obj,m409,BuildingNonResidential,0,10,7,19371,7,19388,0.10333316649856632,0.4356854920802964,0,10,7,19371,0.0,0.9994840307517672,0.0,0.9996387656104861,1.0,0.0005159692482328053,1.0,0.0003612343895138817,0.0,0.9991231689704972,,,,-0.0004317242596766064,-0.0005159692482328282,-0.00036123438951385367,0.0,1.0005162356099324
m410_06_fill_holes_and_orientation.obj,m410,BuildingNonResidential,1,9,6,19372,7,19388,0.16868506636603023,0.5070544403273749,1,9,6,19372,0.14285714285714285,0.9995356276765904,0.1,0.9996903705232738,0.8571428571428571,0.0004643723234095248,0.9,0.0003096294767261843,0.0625,0.9992263255622035,0.11764705882352941,0.10638297872340426,0.13157894736842102,0.11914356069189547,0.14239277053373334,0.0996903705232739,307.6349206349206,0.857541075484499
m412_06_fill_holes_and_orientation.obj,m412,BuildingNonResidential,0,10,7,19371,7,19388,0.06925706554125642,0.3275988436011238,0,10,7,19371,0.0,0.9994840307517672,0.0,0.9996387656104861,1.0,0.0005159692482328053,1.0,0.0003612343895138817,0.0,0.9991231689704972,,,,-0.0004317242596766064,-0.0005159692482328282,-0.00036123438951385367,0.0,1.0005162356099324
m413_06_fill_holes_and_orientation.obj,m413,BuildingNonResidential,0,10,7,19371,7,19388,0.4167261762519949,0.7121727269025611,0,10,7,19371,0.0,0.9994840307517672,0.0,0.9996387656104861,1.0,0.0005159692482328053,1.0,0.0003612343895138817,0.0,0.9991231689704972,,,,-0.0004317242596766064,-0.0005159692482328282,-0.00036123438951385367,0.0,1.0005162356099324
m414_06_fill_holes_and_orientation.obj,m414,BuildingNonResidential,1,9,6,19372,7,19388,0.259884750430089,0.6373020074107252,1,9,6,19372,0.14285714285714285,0.9995356276765904,0.1,0.9996903705232738,0.8571428571428571,0.0004643723234095248,0.9,0.0003096294767261843,0.0625,0.9992263255622035,0.11764705882352941,0.10638297872340426,0.13157894736842102,0.11914356069189547,0.14239277053373334,0.0996903705232739,307.6349206349206,0.857541075484499
m415_06_fill_holes_and_orientation.obj,m415,BuildingNonResidential,1,9,6,19372,7,19388,0.16042619438191388,0.5821592898733661,1,9,6,19372,0.14285714285714285,0.9995356276765904,0.1,0.9996903705232738,0.8571428571428571,0.0004643723234095248,0.9,0.0003096294767261843,0.0625,0.9992263255622035,0.11764705882352941,0.10638297872340426,0.13157894736842102,0.11914356069189547,0.14239277053373334,0.0996903705232739,307.6349206349206,0.857541075484499
m416_06_fill_holes_and_orientation.obj,m416,BuildingNonResidential,0,10,6,19372,6,19388,0.1812182728521421,0.5634696038112301,0,10,6,19372,0.0,0.9994840573728201,0.0,0.9996903705232738,1.0,0.0005159426271798576,1.0,0.0003096294767261843,0.0,0.9991747472663504,,,,-0.00039968868594749107,-0.0005159426271799106,-0.000309629476726192,0.0,1.0005162089613877
m418_06_fill_holes_and_orientation.obj,m418,BuildingNonResidential,1,9,6,19372,7,19388,0.4897173159191971,0.6894417525143532,1,9,6,19372,0.14285714285714285,0.9995356276765904,0.1,0.9996903705232738,0.8571428571428571,0.0004643723234095248,0.9,0.0003096294767261843,0.0625,0.9992263255622035,0.11764705882352941,0.10638297872340426,0.13157894736842102,0.11914356069189547,0.14239277053373334,0.0996903705232739,307.6349206349206,0.857541075484499
m420_06_fill_holes_and_orientation.obj,m420,BuildingNonResidential,1,9,5,19373,6,19388,0.30808526432593014,0.6705891933710656,1,9,5,19373,0.16666666666666666,0.9995356516355381,0.1,0.9997419754360615,0.8333333333333334,0.0004643483644618718,0.9,0.0002580245639384869,0.06666666666666667,0.9992779038580565,0.125,0.10869565217391304,0.14705882352941177,0.1287530486998851,0.16620231830220478,0.09974197543606156,358.9259259259259,0.8337204700700288
m421_06_fill_holes_and_orientation.obj,m421,BuildingNonResidential,0,10,6,19372,6,19388,0.2004054549119233,0.627997882649945,0,10,6,19372,0.0,0.9994840573728201,0.0,0.9996903705232738,1.0,0.0005159426271798576,1.0,0.0003096294767261843,0.0,0.9991747472663504,,,,-0.00039968868594749107,-0.0005159426271799106,-0.000309629476726192,0.0,1.0005162089613877
m470_06_fill_holes_and_orientation.obj,m470,BuildingNonResidential,0,10,7,19371,7,19388,0.07723296502665124,0.36214829594038844,0,10,7,19371,0.0,0.9994840307517672,0.0,0.9996387656104861,1.0,0.0005159692482328053,1.0,0.0003612343895138817,0.0,0.9991231689704972,,,,-0.0004317242596766064,-0.0005159692482328282,-0.00036123438951385367,0.0,1.0005162356099324
m472_06_fill_holes_and_orientation.obj,m472,BuildingNonResidential,0,10,7,19371,7,19388,0.060383859940015557,0.23492406042591307,0,10,7,19371,0.0,0.9994840307517672,0.0,0.9996387656104861,1.0,0.0005159692482328053,1.0,0.0003612343895138817,0.0,0.9991231689704972,,,,-0.0004317242596766064,-0.0005159692482328282,-0.00036123438951385367,0.0,1.0005162356099324
m474_06_fill_holes_and_orientation.obj,m474,BuildingNonResidential,0,10,7,19371,7,19388,0.08203279780479747,0.4001893399568386,0,10,7,19371,0.0,0.9994840307517672,0.0,0.9996387656104861,1.0,0.0005159692482328053,1.0,0.0003612343895138817,0.0,0.9991231689704972,,,,-0.0004317242596766064,-0.0005159692482328282,-0.00036123438951385367,0.0,1.0005162356099324
m477_06_fill_holes_and_orientation.obj,m477,BuildingNonResidential,0,10,7,19371,7,19388,0.0805160214494873,0.3484669571236613,0,10,7,19371,0.0,0.9994840307517672,0.0,0.9996387656104861,1.0,0.0005159692482328053,1.0,0.0003612343895138817,0.0,0.9991231689704972,,,,-0.0004317242596766064,-0.0005159692482328282,-0.00036123438951385367,0.0,1.0005162356099324
m478_06_fill_holes_and_orientation.obj,m478,BuildingNonResidential,0,10,7,19371,7,19388,0.0827021296853548,0.34961724825929397,0,10,7,19371,0.0,0.9994840307517672,0.0,0.9996387656104861,1.0,0.0005159692482328053,1.0,0.0003612343895138817,0.0,0.9991231689704972,,,,-0.0004317242596766064,-0.0005159692482328282,-0.00036123438951385367,0.0,1.0005162356099324
m479_06_fill_holes_and_orientation.obj,m479,BuildingNonResidential,0,10,7,19371,7,19388,0.06907899233881071,0.33717781668634716,0,10,7,19371,0.0,0.9994840307517672,0.0,0.9996387656104861,1.0,0.0005159692482328053,1.0,0.0003612343895138817,0.0,0.9991231689704972,,,,-0.0004317242596766064,-0.0005159692482328282,-0.00036123438951385367,0.0,1.0005162356099324
m481_06_fill_holes_and_orientation.obj,m481,BuildingNonResidential,0,10,7,19371,7,19388,0.08141207537401692,0.37245001832322155,0,10,7,19371,0.0,0.9994840307517672,0.0,0.9996387656104861,1.0,0.0005159692482328053,1.0,0.0003612343895138817,0.0,0.9991231689704972,,,,-0.0004317242596766064,-0.0005159692482328282,-0.00036123438951385367,0.0,1.0005162356099324
D00084_06_fill_holes_and_orientation.obj,d00084,Bus,0,10,7,19371,7,19388,0.02633764929848145,0.5592921509729659,0,10,7,19371,0.0,0.9994840307517672,0.0,0.9996387656104861,1.0,0.0005159692482328053,1.0,0.0003612343895138817,0.0,0.9991231689704972,,,,-0.0004317242596766064,-0.0005159692482328282,-0.00036123438951385367,0.0,1.0005162356099324
D00114_06_fill_holes_and_orientation.obj,d00114,Bus,1,9,5,19373,6,19388,0.10135937587094612,0.7154890949458013,1,9,5,19373,0.16666666666666666,0.9995356516355381,0.1,0.9997419754360615,0.8333333333333334,0.0004643483644618718,0.9,0.0002580245639384869,0.06666666666666667,0.9992779038580565,0.125,0.10869565217391304,0.14705882352941177,0.1287530486998851,0.16620231830220478,0.09974197543606156,358.9259259259259,0.8337204700700288
D00151_06_fill_holes_and_orientation.obj,d00151,Bus,0,10,7,19371,7,19388,0.022027064184133183,0.5267511209786253,0,10,7,19371,0.0,0.9994840307517672,0.0,0.9996387656104861,1.0,0.0005159692482328053,1.0,0.0003612343895138817,0.0,0.9991231689704972,,,,-0.0004317242596766064,-0.0005159692482328282,-0.00036123438951385367,0.0,1.0005162356099324
D00179_06_fill_holes_and_orientation.obj,d00179,Bus,2,8,5,19373,7,19388,0.2924733266991506,0.8382525793391667,2,8,5,19373,0.2857142857142857,0.9995872246014138,0.2,0.9997419754360615,0.7142857142857143,0.00041277539858624424,0.8,0.0002580245639384869,0.13333333333333333,0.9993294821539096,0.23529411764705882,0.2127659574468085,0.26315789473684204,0.23871884564346754,0.2853015103156995,0.19974197543606143,692.1785714285714,0.7145806756089108
D00182_06_fill_holes_and_orientation.obj,d00182,Bus,1,9,6,19372,7,19388,0.17835920836325733,0.7883635888729268,1,9,6,19372,0.14285714285714285,0.9995356276765904,0.1,0.9996903705232738,0.8571428571428571,0.0004643723234095248,0.9,0.0003096294767261843,0.0625,0.9992263255622035,0.11764705882352941,0.10638297872340426,0.13157894736842102,0.11914356069189547,0.14239277053373334,0.0996903705232739,307.6349206349206,0.857541075484499
D00264_06_fill_holes_and_orientation.obj,d00264,Bus,0,10,7,19371,7,19388,0.05224134254015873,0.5882852292020373,0,10,7,19371,0.0,0.9994840307517672,0.0,0.9996387656104861,1.0,0.0005159692482328053,1.0,0.0003612343895138817,0.0,0.9991231689704972,,,,-0.0004317242596766064,-0.0005159692482328282,-0.00036123438951385367,0.0,1.0005162356099324
D00411_06_fill_holes_and_orientation.obj,d00411,Bus,4,6,3,19375,7,19388,0.5951252550071947,0.8492882329894215,4,6,3,19375,0.5714285714285714,0.9996904184510603,0.4,0.9998451852616369,0.42857142857142855,0.00030958154893968317,0.6,0.00015481473836309216,0.3076923076923077,0.9995357953373221,0.47058823529411764,0.425531914893617,0.5263157894736841,0.4778694155466117,0.5711189898796318,0.3998451852616369,1845.8095238095239,0.4287041474654378
D00436_06_fill_holes_and_orientation.obj,d00436,Bus,0,10,7,19371,7,19388,0.05088846938752595,0.6652736058508555,0,10,7,19371,0.0,0.9994840307517672,0.0,0.9996387656104861,1.0,0.0005159692482328053,1.0,0.0003612343895138817,0.0,0.9991231689704972,,,,-0.0004317242596766064,-0.0005159692482328282,-0.00036123438951385367,0.0,1.0005162356099324
D00446_06_fill_holes_and_orientation.obj,d00446,Bus,0,10,7,19371,7,19388,0.06194888197552799,0.7072613295024162,0,10,7,19371,0.0,0.9994840307517672,0.0,0.9996387656104861,1.0,0.0005159692482328053,1.0,0.0003612343895138817,0.0,0.9991231689704972,,,,-0.0004317242596766064,-0.0005159692482328282,-0.00036123438951385367,0.0,1.0005162356099324
D00448_06_fill_holes_and_orientation.obj,d00448,Bus,0,10,6,19372,6,19388,0.05726350320254584,0.7089808889469331,0,10,6,19372,0.0,0.9994840573728201,0.0,0.9996903705232738,1.0,0.0005159426271798576,1.0,0.0003096294767261843,0.0,0.9991747472663504,,,,-0.00039968868594749107,-0.0005159426271799106,-0.000309629476726192,0.0,1.0005162089613877
D00483_06_fill_holes_and_orientation.obj,d00483,Bus,1,9,6,19372,7,19388,0.18516793840845916,0.8723825693265422,1,9,6,19372,0.14285714285714285,0.9995356276765904,0.1,0.9996903705232738,0.8571428571428571,0.0004643723234095248,0.9,0.0003096294767261843,0.0625,0.9992263255622035,0.11764705882352941,0.10638297872340426,0.13157894736842102,0.11914356069189547,0.14239277053373334,0.0996903705232739,307.6349206349206,0.857541075484499
D00516_06_fill_holes_and_orientation.obj,d00516,Bus,2,8,5,19373,7,19388,0.1360572180709881,0.6929606895651039,2,8,5,19373,0.2857142857142857,0.9995872246014138,0.2,0.9997419754360615,0.7142857142857143,0.00041277539858624424,0.8,0.0002580245639384869,0.13333333333333333,0.9993294821539096,0.23529411764705882,0.2127659574468085,0.26315789473684204,0.23871884564346754,0.2853015103156995,0.19974197543606143,692.1785714285714,0.7145806756089108
D00677_06_fill_holes_and_orientation.obj,d00677,Bus,1,9,6,19372,7,19388,0.1261924459886654,0.7608071046101607,1,9,6,19372,0.14285714285714285,0.9995356276765904,0.1,0.9996903705232738,0.8571428571428571,0.0004643723234095248,0.9,0.0003096294767261843,0.0625,0.9992263255622035,0.11764705882352941,0.10638297872340426,0.13157894736842102,0.11914356069189547,0.14239277053373334,0.0996903705232739,307.6349206349206,0.857541075484499
D00754_06_fill_holes_and_orientation.obj,d00754,Bus,1,9,6,19372,7,19388,0.2092614536576311,0.7557354925775979,1,9,6,19372,0.14285714285714285,0.9995356276765904,0.1,0.9996903705232738,0.8571428571428571,0.0004643723234095248,0.9,0.0003096294767261843,0.0625,0.9992263255622035,0.11764705882352941,0.10638297872340426,0.13157894736842102,0.11914356069189547,0.14239277053373334,0.0996903705232739,307.6349206349206,0.857541075484499
D00769_06_fill_holes_and_orientation.obj,d00769,Bus,3,7,4,19374,7,19388,0.35892684278627385,0.799660441426146,3,7,4,19374,0.42857142857142855,0.9996388215262371,0.3,0.9997935803488492,0.5714285714285714,0.00036117847376296373,0.7,0.00020641965115078957,0.21428571428571427,0.9994326387456158,0.3529411764705882,0.3191489361702127,0.3947368421052631,0.3582941305950396,0.42821025009766567,0.2997935803488492,1186.5918367346937,0.5716350336975917
D00775_06_fill_holes_and_orientation.obj,d00775,Bus,0,10,7,19371,7,19388,0.10589996896022735,0.7327282225414653,0,10,7,19371,0.0,0.9994840307517672,0.0,0.9996387656104861,1.0,0.0005159692482328053,1.0,0.0003612343895138817,0.0,0.9991231689704972,,,,-0.0004317242596766064,-0.0005159692482328282,-0.00036123438951385367,0.0,1.0005162356099324
D00815_06_fill_holes_and_orientation.obj,d00815,Bus,0,10,6,19372,6,19388,0.09863578112256448,0.7667929128030996,0,10,6,19372,0.0,0.9994840573728201,0.0,0.9996903705232738,1.0,0.0005159426271798576,1.0,0.0003096294767261843,0.0,0.9991747472663504,,,,-0.00039968868594749107,-0.0005159426271799106,-0.000309629476726192,0.0,1.0005162089613877
D00823_06_fill_holes_and_orientation.obj,d00823,Bus,0,10,6,19372,6,19388,0.07199495102463618,0.7288102389969962,0,10,6,19372,0.0,0.9994840573728201,0.0,0.9996903705232738,1.0,0.0005159426271798576,1.0,0.0003096294767261843,0.0,0.9991747472663504,,,,-0.00039968868594749107,-0.0005159426271799106,-0.000309629476726192,0.0,1.0005162089613877
D00832_06_fill_holes_and_orientation.obj,d00832,Bus,0,10,7,19371,7,19388,0.03293844730325202,0.668103260632972,0,10,7,19371,0.0,0.9994840307517672,0.0,0.9996387656104861,1.0,0.0005159692482328053,1.0,0.0003612343895138817,0.0,0.9991231689704972,,,,-0.0004317242596766064,-0.0005159692482328282,-0.00036123438951385367,0.0,1.0005162356099324
D00857_06_fill_holes_and_orientation.obj,d00857,Bus,0,10,7,19371,7,19388,0.11866032468644651,0.8483522702537982,0,10,7,19371,0.0,0.9994840307517672,0.0,0.9996387656104861,1.0,0.0005159692482328053,1.0,0.0003612343895138817,0.0,0.9991231689704972,,,,-0.0004317242596766064,-0.0005159692482328282,-0.00036123438951385367,0.0,1.0005162356099324
D00168_06_fill_holes_and_orientation.obj,d00168,Car,3,7,4,19374,7,19388,3.125908848367812,0.8862378575022252,3,7,4,19374,0.42857142857142855,0.9996388215262371,0.3,0.9997935803488492,0.5714285714285714,0.00036117847376296373,0.7,0.00020641965115078957,0.21428571428571427,0.9994326387456158,0.3529411764705882,0.3191489361702127,0.3947368421052631,0.3582941305950396,0.42821025009766567,0.2997935803488492,1186.5918367346937,0.5716350336975917
D00236_06_fill_holes_and_orientation.obj,d00236,Car,1,9,6,19372,7,19388,1.5281951930109443,0.8554317117535508,1,9,6,19372,0.14285714285714285,0.9995356276765904,0.1,0.9996903705232738,0.8571428571428571,0.0004643723234095248,0.9,0.0003096294767261843,0.0625,0.9992263255622035,0.11764705882352941,0.10638297872340426,0.13157894736842102,0.11914356069189547,0.14239277053373334,0.0996903705232739,307.6349206349206,0.857541075484499
D00260_06_fill_holes_and_orientation.obj,d00260,Car,2,8,5,19373,7,19388,2.47854415923426,0.8697172878207362,2,8,5,19373,0.2857142857142857,0.9995872246014138,0.2,0.9997419754360615,0.7142857142857143,0.00041277539858624424,0.8,0.0002580245639384869,0.13333333333333333,0.9993294821539096,0.23529411764705882,0.2127659574468085,0.26315789473684204,0.23871884564346754,0.2853015103156995,0.19974197543606143,692.1785714285714,0.7145806756089108
D00265_06_fill_holes_and_orientation.obj,d00265,Car,2,8,5,19373,7,19388,1.6081954139861547,0.820876388405124,2,8,5,19373,0.2857142857142857,0.9995872246014138,0.2,0.9997419754360615,0.7142857142857143,0.00041277539858624424,0.8,0.0002580245639384869,0.13333333333333333,0.9993294821539096,0.23529411764705882,0.2127659574468085,0.26315789473684204,0.23871884564346754,0.2853015103156995,0.19974197543606143,692.1785714285714,0.7145806756089108
D00299_06_fill_holes_and_orientation.obj,d00299,Car,0,10,7,19371,7,19388,1.4571730572470771,0.837532412245056,0,10,7,19371,0.0,0.9994840307517672,0.0,0.9996387656104861,1.0,0.0005159692482328053,1.0,0.0003612343895138817,0.0,0.9991231689704972,,,,-0.0004317242596766064,-0.0005159692482328282,-0.00036123438951385367,0.0,1.0005162356099324
D00377_06_fill_holes_and_orientation.obj,d00377,Car,10,0,0,19378,7,19388,5.539357464582446,0.9091441232245829,10,0,0,19378,1.0,1.0,1.0,1.0,0.0,0.0,0.0,0.0,1.0,1.0,1.0,1.0,1.0,1.0,1.0,1.0,,0.0
D00405_06_fill_holes_and_orientation.obj,d00405,Car,5,5,2,19376,7,19388,3.4690858247805996,0.8916318355973529,5,5,2,19376,0.7142857142857143,0.9997420153758836,0.5,0.9998967901744246,0.2857142857142857,0.00025798462411640266,0.5,0.00010320982557539478,0.4166666666666667,0.9996389519290283,0.588235294117647,0.5319148936170213,0.6578947368421053,0.5974447004981838,0.714027729661598,0.4998967901744247,2768.714285714286,0.28578801462781644
D00452_06_fill_holes_and_orientation.obj,d00452,Car,5,5,2,19376,7,19388,2.6671750885798464,0.8632300011610357,5,5,2,19376,0.7142857142857143,0.9997420153758836,0.5,0.9998967901744246,0.2857142857142857,0.00025798462411640266,0.5,0.00010320982557539478,0.4166666666666667,0.9996389519290283,0.588235294117647,0.5319148936170213,0.6578947368421053,0.5974447004981838,0.714027729661598,0.4998967901744247,2768.714285714286,0.28578801462781644
D00504_06_fill_holes_and_orientation.obj,d00504,Car,2,8,5,19373,7,19388,2.4785451804870116,0.879165215372112,2,8,5,19373,0.2857142857142857,0.9995872246014138,0.2,0.9997419754360615,0.7142857142857143,0.00041277539858624424,0.8,0.0002580245639384869,0.13333333333333333,0.9993294821539096,0.23529411764705882,0.2127659574468085,0.26315789473684204,0.23871884564346754,0.2853015103156995,0.19974197543606143,692.1785714285714,0.7145806756089108
D00541_06_fill_holes_and_orientation.obj,d00541,Car,3,7,4,19374,7,19388,1.3945006724086064,0.771401757033941,3,7,4,19374,0.42857142857142855,0.9996388215262371,0.3,0.9997935803488492,0.5714285714285714,0.00036117847376296373,0.7,0.00020641965115078957,0.21428571428571427,0.9994326387456158,0.3529411764705882,0.3191489361702127,0.3947368421052631,0.3582941305950396,0.42821025009766567,0.2997935803488492,1186.5918367346937,0.5716350336975917
D00618_06_fill_holes_and_orientation.obj,d00618,Car,6,4,1,19377,7,19388,2.690651029409034,0.8394045822206742,6,4,1,19377,0.8571428571428571,0.9997936123007068,0.6,0.9999483950872123,0.14285714285714285,0.00020638769929312212,0.4,5.160491278769739e-05,0.5454545454545454,0.9997421085207345,0.7058823529411764,0.6382978723404255,0.7894736842105262,0.7170199854497559,0.8569364694435639,0.5999483950872122,4153.071428571428,0.14288663290056694
D00670_06_fill_holes_and_orientation.obj,d00670,Car,4,6,3,19375,7,19388,1.5453821481935641,0.7786340415650761,4,6,3,19375,0.5714285714285714,0.9996904184510603,0.4,0.9998451852616369,0.42857142857142855,0.00030958154893968317,0.6,0.00015481473836309216,0.3076923076923077,0.9995357953373221,0.47058823529411764,0.425531914893617,0.5263157894736841,0.4778694155466117,0.5711189898796318,0.3998451852616369,1845.8095238095239,0.4287041474654378
D00671_06_fill_holes_and_orientation.obj,d00671,Car,5,5,2,19376,7,19388,3.5430174407284207,0.9013700220596772,5,5,2,19376,0.7142857142857143,0.9997420153758836,0.5,0.9998967901744246,0.2857142857142857,0.00025798462411640266,0.5,0.00010320982557539478,0.4166666666666667,0.9996389519290283,0.588235294117647,0.5319148936170213,0.6578947368421053,0.5974447004981838,0.714027729661598,0.4998967901744247,2768.714285714286,0.28578801462781644
D00724_06_fill_holes_and_orientation.obj,d00724,Car,4,6,3,19375,7,19388,1.752079429859953,0.8069052594914665,4,6,3,19375,0.5714285714285714,0.9996904184510603,0.4,0.9998451852616369,0.42857142857142855,0.00030958154893968317,0.6,0.00015481473836309216,0.3076923076923077,0.9995357953373221,0.47058823529411764,0.425531914893617,0.5263157894736841,0.4778694155466117,0.5711189898796318,0.3998451852616369,1845.8095238095239,0.4287041474654378
D00767_06_fill_holes_and_orientation.obj,d00767,Car,9,1,0,19378,7,19388,4.761118064518496,0.8994785014899958,9,1,0,19378,1.0,0.9999483977501419,0.9,1.0,0.0,5.1602249858093815e-05,0.1,0.0,0.9,0.9999484217041469,0.9473684210526316,0.9183673469387754,0.9782608695652175,0.9486588206384462,0.999948397750142,0.8999999999999999,19379.0,0.0
D00785_06_fill_holes_and_orientation.obj,d00785,Car,4,6,2,19376,6,19388,1.9333022121044268,0.7891365764928984,4,6,2,19376,0.6666666666666666,0.9996904344236921,0.4,0.9998967901744246,0.3333333333333333,0.00030956557630791457,0.6,0.00010320982557539478,0.3333333333333333,0.9995873736331752,0.5,0.43478260869565216,0.5882352941176471,0.5162112608573829,0.6663571010903588,0.3998967901744246,2153.555555555555,0.3334365538122763
D00793_06_fill_holes_and_orientation.obj,d00793,Car,8,2,0,19378,7,19388,4.958825564001286,0.8987286659700453,8,2,0,19378,1.0,0.9998968008255934,0.8,1.0,0.0,0.00010319917440660474,0.2,0.0,0.8,0.9998968434082938,0.888888888888889,0.8333333333333334,0.9523809523809523,0.8943810377353014,0.9998968008255935,0.8,9690.0,0.0
D00803_06_fill_holes_and_orientation.obj,d00803,Car,5,5,2,19376,7,19388,3.167580029350151,0.8831272495065599,5,5,2,19376,0.7142857142857143,0.9997420153758836,0.5,0.9998967901744246,0.2857142857142857,0.00025798462411640266,0.5,0.00010320982557539478,0.4166666666666667,0.9996389519290283,0.588235294117647,0.5319148936170213,0.6578947368421053,0.5974447004981838,0.714027729661598,0.4998967901744247,2768.714285714286,0.28578801462781644
D00865_06_fill_holes_and_orientation.obj,d00865,Car,8,2,0,19378,7,19388,4.144795958278676,0.892976701884748,8,2,0,19378,1.0,0.9998968008255934,0.8,1.0,0.0,0.00010319917440660474,0.2,0.0,0.8,0.9998968434082938,0.888888888888889,0.8333333333333334,0.9523809523809523,0.8943810377353014,0.9998968008255935,0.8,9690.0,0.0
D00976_06_fill_holes_and_orientation.obj,d00976,Car,5,5,2,19376,7,19388,2.8185631940646076,0.8620738031657571,5,5,2,19376,0.7142857142857143,0.9997420153758836,0.5,0.9998967901744246,0.2857142857142857,0.00025798462411640266,0.5,0.00010320982557539478,0.4166666666666667,0.9996389519290283,0.588235294117647,0.5319148936170213,0.6578947368421053,0.5974447004981838,0.714027729661598,0.4998967901744247,2768.714285714286,0.28578801462781644
m1485_06_fill_holes_and_orientation.obj,m1485,Car,6,4,1,19377,7,19388,4.290025717033945,0.8944279964394908,6,4,1,19377,0.8571428571428571,0.9997936123007068,0.6,0.9999483950872123,0.14285714285714285,0.00020638769929312212,0.4,5.160491278769739e-05,0.5454545454545454,0.9997421085207345,0.7058823529411764,0.6382978723404255,0.7894736842105262,0.7170199854497559,0.8569364694435639,0.5999483950872122,4153.071428571428,0.14288663290056694
m1486_06_fill_holes_and_orientation.obj,m1486,Car,8,2,0,19378,7,19388,4.216264815978887,0.8923913464143349,8,2,0,19378,1.0,0.9998968008255934,0.8,1.0,0.0,0.00010319917440660474,0.2,0.0,0.8,0.9998968434082938,0.888888888888889,0.8333333333333334,0.9523809523809523,0.8943810377353014,0.9998968008255935,0.8,9690.0,0.0
m1487_06_fill_holes_and_orientation.obj,m1487,Car,3,7,3,19375,6,19388,2.141716330191056,0.8251238438020048,3,7,3,19375,0.5,0.9996388401609742,0.3,0.9998451852616369,0.5,0.0003611598390259003,0.7,0.00015481473836309216,0.23076923076923078,0.999484217041469,0.37499999999999994,0.32608695652173914,0.4411764705882353,0.38705852347155034,0.49963884016097415,0.29984518526163684,1384.4285714285716,0.5001806451612903
m1488_06_fill_holes_and_orientation.obj,m1488,Car,1,9,6,19372,7,19388,1.2846952326043304,0.797549247261891,1,9,6,19372,0.14285714285714285,0.9995356276765904,0.1,0.9996903705232738,0.8571428571428571,0.0004643723234095248,0.9,0.0003096294767261843,0.0625,0.9992263255622035,0.11764705882352941,0.10638297872340426,0.13157894736842102,0.11914356069189547,0.14239277053373334,0.0996903705232739,307.6349206349206,0.857541075484499
m1489_06_fill_holes_and_orientation.obj,m1489,Car,4,6,3,19375,7,19388,3.8681721264913906,0.8877859050272844,4,6,3,19375,0.5714285714285714,0.9996904184510603,0.4,0.9998451852616369,0.42857142857142855,0.00030958154893968317,0.6,0.00015481473836309216,0.3076923076923077,0.9995357953373221,0.47058823529411764,0.425531914893617,0.5263157894736841,0.4778694155466117,0.5711189898796318,0.3998451852616369,1845.8095238095239,0.4287041474654378
m1490_06_fill_holes_and_orientation.obj,m1490,Car,1,9,6,19372,7,19388,1.8439263499855019,0.8556348929912148,1,9,6,19372,0.14285714285714285,0.9995356276765904,0.1,0.9996903705232738,0.8571428571428571,0.0004643723234095248,0.9,0.0003096294767261843,0.0625,0.9992263255622035,0.11764705882352941,0.10638297872340426,0.13157894736842102,0.11914356069189547,0.14239277053373334,0.0996903705232739,307.6349206349206,0.857541075484499
m1492_06_fill_holes_and_orientation.obj,m1492,Car,0,10,7,19371,7,19388,0.6931332948586892,0.6828244127094703,0,10,7,19371,0.0,0.9994840307517672,0.0,0.9996387656104861,1.0,0.0005159692482328053,1.0,0.0003612343895138817,0.0,0.9991231689704972,,,,-0.0004317242596766064,-0.0005159692482328282,-0.00036123438951385367,0.0,1.0005162356099324
m1495_06_fill_holes_and_orientation.obj,m1495,Car,4,6,2,19376,6,19388,3.3341081890339113,0.8993914238167111,4,6,2,19376,0.6666666666666666,0.9996904344236921,0.4,0.9998967901744246,0.3333333333333333,0.00030956557630791457,0.6,0.00010320982557539478,0.3333333333333333,0.9995873736331752,0.5,0.43478260869565216,0.5882352941176471,0.5162112608573829,0.6663571010903588,0.3998967901744246,2153.555555555555,0.3334365538122763
m1496_06_fill_holes_and_orientation.obj,m1496,Car,3,7,4,19374,7,19388,2.3979008873742598,0.8738196137621425,3,7,4,19374,0.42857142857142855,0.9996388215262371,0.3,0.9997935803488492,0.5714285714285714,0.00036117847376296373,0.7,0.00020641965115078957,0.21428571428571427,0.9994326387456158,0.3529411764705882,0.3191489361702127,0.3947368421052631,0.3582941305950396,0.42821025009766567,0.2997935803488492,1186.5918367346937,0.5716350336975917
m1497_06_fill_holes_and_orientation.obj,m1497,Car,3,7,4,19374,7,19388,1.7641696029952345,0.8000599868415961,3,7,4,19374,0.42857142857142855,0.9996388215262371,0.3,0.9997935803488492,0.5714285714285714,0.00036117847376296373,0.7,0.00020641965115078957,0.21428571428571427,0.9994326387456158,0.3529411764705882,0.3191489361702127,0.3947368421052631,0.3582941305950396,0.42821025009766567,0.2997935803488492,1186.5918367346937,0.5716350336975917
m1498_06_fill_holes_and_orientation.obj,m1498,Car,2,8,5,19373,7,19388,2.661066775287174,0.8900160609930725,2,8,5,19373,0.2857142857142857,0.9995872246014138,0.2,0.9997419754360615,0.7142857142857143,0.00041277539858624424,0.8,0.0002580245639384869,0.13333333333333333,0.9993294821539096,0.23529411764705882,0.2127659574468085,0.26315789473684204,0.23871884564346754,0.2853015103156995,0.19974197543606143,692.1785714285714,0.7145806756089108
m1499_06_fill_holes_and_orientation.obj,m1499,Car,4,6,3,19375,7,19388,2.1027967288075335,0.8343347265761059,4,6,3,19375,0.5714285714285714,0.9996904184510603,0.4,0.9998451852616369,0.42857142857142855,0.00030958154893968317,0.6,0.00015481473836309216,0.3076923076923077,0.9995357953373221,0.47058823529411764,0.425531914893617,0.5263157894736841,0.4778694155466117,0.5711189898796318,0.3998451852616369,1845.8095238095239,0.4287041474654378
m1500_06_fill_holes_and_orientation.obj,m1500,Car,7,3,0,19378,7,19388,4.342347657914959,0.889904795077209,7,3,0,19378,1.0,0.9998452092255301,0.7,1.0,0.0,0.00015479077446984158,0.3,0.0,0.7,0.9998452651124407,0.8235294117647058,0.7446808510638298,0.9210526315789475,0.836595270401328,0.9998452092255301,0.7,6460.333333333334,0.0
m1502_06_fill_holes_and_orientation.obj,m1502,Car,0,10,7,19371,7,19388,0.6192555521082974,0.6399870351019776,0,10,7,19371,0.0,0.9994840307517672,0.0,0.9996387656104861,1.0,0.0005159692482328053,1.0,0.0003612343895138817,0.0,0.9991231689704972,,,,-0.0004317242596766064,-0.0005159692482328282,-0.00036123438951385367,0.0,1.0005162356099324
m1503_06_fill_holes_and_orientation.obj,m1503,Car,0,10,7,19371,7,19388,0.2876770103679456,0.26108305274971944,0,10,7,19371,0.0,0.9994840307517672,0.0,0.9996387656104861,1.0,0.0005159692482328053,1.0,0.0003612343895138817,0.0,0.9991231689704972,,,,-0.0004317242596766064,-0.0005159692482328282,-0.00036123438951385367,0.0,1.0005162356099324
m1504_06_fill_holes_and_orientation.obj,m1504,Car,2,8,5,19373,7,19388,0.897051861262593,0.6496623321335965,2,8,5,19373,0.2857142857142857,0.9995872246014138,0.2,0.9997419754360615,0.7142857142857143,0.00041277539858624424,0.8,0.0002580245639384869,0.13333333333333333,0.9993294821539096,0.23529411764705882,0.2127659574468085,0.26315789473684204,0.23871884564346754,0.2853015103156995,0.19974197543606143,692.1785714285714,0.7145806756089108
m1505_06_fill_holes_and_orientation.obj,m1505,Car,2,8,5,19373,7,19388,1.0412256597205067,0.7045648051395178,2,8,5,19373,0.2857142857142857,0.9995872246014138,0.2,0.9997419754360615,0.7142857142857143,0.00041277539858624424,0.8,0.0002580245639384869,0.13333333333333333,0.9993294821539096,0.23529411764705882,0.2127659574468085,0.26315789473684204,0.23871884564346754,0.2853015103156995,0.19974197543606143,692.1785714285714,0.7145806756089108
m1506_06_fill_holes_and_orientation.obj,m1506,Car,2,8,5,19373,7,19388,1.8640726524057658,0.8431392468748791,2,8,5,19373,0.2857142857142857,0.9995872246014138,0.2,0.9997419754360615,0.7142857142857143,0.00041277539858624424,0.8,0.0002580245639384869,0.13333333333333333,0.9993294821539096,0.23529411764705882,0.2127659574468085,0.26315789473684204,0.23871884564346754,0.2853015103156995,0.19974197543606143,692.1785714285714,0.7145806756089108
m1507_06_fill_holes_and_orientation.obj,m1507,Car,3,7,4,19374,7,19388,1.5964686992816797,0.7654079105228532,3,7,4,19374,0.42857142857142855,0.9996388215262371,0.3,0.9997935803488492,0.5714285714285714,0.00036117847376296373,0.7,0.00020641965115078957,0.21428571428571427,0.9994326387456158,0.3529411764705882,0.3191489361702127,0.3947368421052631,0.3582941305950396,0.42821025009766567,0.2997935803488492,1186.5918367346937,0.5716350336975917
m1508_06_fill_holes_and_orientation.obj,m1508,Car,3,7,4,19374,7,19388,1.405336553521336,0.7542958318820387,3,7,4,19374,0.42857142857142855,0.9996388215262371,0.3,0.9997935803488492,0.5714285714285714,0.00036117847376296373,0.7,0.00020641965115078957,0.21428571428571427,0.9994326387456158,0.3529411764705882,0.3191489361702127,0.3947368421052631,0.3582941305950396,0.42821025009766567,0.2997935803488492,1186.5918367346937,0.5716350336975917
m1509_06_fill_holes_and_orientation.obj,m1509,Car,1,9,6,19372,7,19388,1.242997503517458,0.7914102712953288,1,9,6,19372,0.14285714285714285,0.9995356276765904,0.1,0.9996903705232738,0.8571428571428571,0.0004643723234095248,0.9,0.0003096294767261843,0.0625,0.9992263255622035,0.11764705882352941,0.10638297872340426,0.13157894736842102,0.11914356069189547,0.14239277053373334,0.0996903705232739,307.6349206349206,0.857541075484499
m1510_06_fill_holes_and_orientation.obj,m1510,Car,2,8,5,19373,7,19388,1.1940865354233832,0.7062337938774721,2,8,5,19373,0.2857142857142857,0.9995872246014138,0.2,0.9997419754360615,0.7142857142857143,0.00041277539858624424,0.8,0.0002580245639384869,0.13333333333333333,0.9993294821539096,0.23529411764705882,0.2127659574468085,0.26315789473684204,0.23871884564346754,0.2853015103156995,0.19974197543606143,692.1785714285714,0.7145806756089108
m1511_06_fill_holes_and_orientation.obj,m1511,Car,3,7,4,19374,7,19388,1.811337250563906,0.8093385966949185,3,7,4,19374,0.42857142857142855,0.9996388215262371,0.3,0.9997935803488492,0.5714285714285714,0.00036117847376296373,0.7,0.00020641965115078957,0.21428571428571427,0.9994326387456158,0.3529411764705882,0.3191489361702127,0.3947368421052631,0.3582941305950396,0.42821025009766567,0.2997935803488492,1186.5918367346937,0.5716350336975917
m1512_06_fill_holes_and_orientation.obj,m1512,Car,1,9,5,19373,6,19388,0.8734442569741451,0.6777110182282595,1,9,5,19373,0.16666666666666666,0.9995356516355381,0.1,0.9997419754360615,0.8333333333333334,0.0004643483644618718,0.9,0.0002580245639384869,0.06666666666666667,0.9992779038580565,0.125,0.10869565217391304,0.14705882352941177,0.1287530486998851,0.16620231830220478,0.09974197543606156,358.9259259259259,0.8337204700700288
m1513_06_fill_holes_and_orientation.obj,m1513,Car,0,10,7,19371,7,19388,0.3261771071265477,0.3625575680173382,0,10,7,19371,0.0,0.9994840307517672,0.0,0.9996387656104861,1.0,0.0005159692482328053,1.0,0.0003612343895138817,0.0,0.9991231689704972,,,,-0.0004317242596766064,-0.0005159692482328282,-0.00036123438951385367,0.0,1.0005162356099324
m1514_06_fill_holes_and_orientation.obj,m1514,Car,0,10,7,19371,7,19388,0.4443210050017302,0.5255572971090212,0,10,7,19371,0.0,0.9994840307517672,0.0,0.9996387656104861,1.0,0.0005159692482328053,1.0,0.0003612343895138817,0.0,0.9991231689704972,,,,-0.0004317242596766064,-0.0005159692482328282,-0.00036123438951385367,0.0,1.0005162356099324
m1515_06_fill_holes_and_orientation.obj,m1515,Car,1,9,6,19372,7,19388,1.006319356884001,0.7411712914586477,1,9,6,19372,0.14285714285714285,0.9995356276765904,0.1,0.9996903705232738,0.8571428571428571,0.0004643723234095248,0.9,0.0003096294767261843,0.0625,0.9992263255622035,0.11764705882352941,0.10638297872340426,0.13157894736842102,0.11914356069189547,0.14239277053373334,0.0996903705232739,307.6349206349206,0.857541075484499
m1516_06_fill_holes_and_orientation.obj,m1516,Car,7,3,0,19378,7,19388,4.0025539255199725,0.8858073067843183,7,3,0,19378,1.0,0.9998452092255301,0.7,1.0,0.0,0.00015479077446984158,0.3,0.0,0.7,0.9998452651124407,0.8235294117647058,0.7446808510638298,0.9210526315789475,0.836595270401328,0.9998452092255301,0.7,6460.333333333334,0.0
m1517_06_fill_holes_and_orientation.obj,m1517,Car,4,6,3,19375,7,19388,2.7696275292310255,0.8604144897248346,4,6,3,19375,0.5714285714285714,0.9996904184510603,0.4,0.9998451852616369,0.42857142857142855,0.00030958154893968317,0.6,0.00015481473836309216,0.3076923076923077,0.9995357953373221,0.47058823529411764,0.425531914893617,0.5263157894736841,0.4778694155466117,0.5711189898796318,0.3998451852616369,1845.8095238095239,0.4287041474654378
m1518_06_fill_holes_and_orientation.obj,m1518,Car,5,5,1,19377,6,19388,3.945008148700035,0.8292019815008321,5,5,1,19377,0.8333333333333334,0.99974202868641,0.5,0.9999483950872123,0.16666666666666666,0.0002579713135899288,0.5,5.160491278769739e-05,0.45454545454545453,0.9996905302248814,0.625,0.5434782608695652,0.7352941176470589,0.6453639982432156,0.8330753620197435,0.49994839508721234,3230.333333333334,0.16670967297999345
m1519_06_fill_holes_and_orientation.obj,m1519,Car,10,0,0,19378,7,19388,5.683915300741766,0.8886953829482565,10,0,0,19378,1.0,1.0,1.0,1.0,0.0,0.0,0.0,0.0,1.0,1.0,1.0,1.0,1.0,1.0,1.0,1.0,,0.0
m1521_06_fill_holes_and_orientation.obj,m1521,Car,3,7,4,19374,7,19388,1.5637509451347473,0.7273114284608537,3,7,4,19374,0.42857142857142855,0.9996388215262371,0.3,0.9997935803488492,0.5714285714285714,0.00036117847376296373,0.7,0.00020641965115078957,0.21428571428571427,0.9994326387456158,0.3529411764705882,0.3191489361702127,0.3947368421052631,0.3582941305950396,0.42821025009766567,0.2997935803488492,1186.5918367346937,0.5716350336975917
m1522_06_fill_holes_and_orientation.obj,m1522,Car,8,2,0,19378,7,19388,5.048763151989535,0.9134109292155269,8,2,0,19378,1.0,0.9998968008255934,0.8,1.0,0.0,0.00010319917440660474,0.2,0.0,0.8,0.9998968434082938,0.888888888888889,0.8333333333333334,0.9523809523809523,0.8943810377353014,0.9998968008255935,0.8,9690.0,0.0
m1523_06_fill_holes_and_orientation.obj,m1523,Car,9,1,0,19378,7,19388,5.124297813517886,0.87804771856496,9,1,0,19378,1.0,0.9999483977501419,0.9,1.0,0.0,5.1602249858093815e-05,0.1,0.0,0.9,0.9999484217041469,0.9473684210526316,0.9183673469387754,0.9782608695652175,0.9486588206384462,0.999948397750142,0.8999999999999999,19379.0,0.0
m1524_06_fill_holes_and_orientation.obj,m1524,Car,9,1,0,19378,7,19388,5.102314365560019,0.8822226092341037,9,1,0,19378,1.0,0.9999483977501419,0.9,1.0,0.0,5.1602249858093815e-05,0.1,0.0,0.9,0.9999484217041469,0.9473684210526316,0.9183673469387754,0.9782608695652175,0.9486588206384462,0.999948397750142,0.8999999999999999,19379.0,0.0
m1525_06_fill_holes_and_orientation.obj,m1525,Car,4,6,3,19375,7,19388,2.4815539242985523,0.8651698982158752,4,6,3,19375,0.5714285714285714,0.9996904184510603,0.4,0.9998451852616369,0.42857142857142855,0.00030958154893968317,0.6,0.00015481473836309216,0.3076923076923077,0.9995357953373221,0.47058823529411764,0.425531914893617,0.5263157894736841,0.4778694155466117,0.5711189898796318,0.3998451852616369,1845.8095238095239,0.4287041474654378
m1526_06_fill_holes_and_orientation.obj,m1526,Car,10,0,0,19378,7,19388,5.242480412851637,0.8904079105228531,10,0,0,19378,1.0,1.0,1.0,1.0,0.0,0.0,0.0,0.0,1.0,1.0,1.0,1.0,1.0,1.0,1.0,1.0,,0.0
m1527_06_fill_holes_and_orientation.obj,m1527,Car,8,2,0,19378,6,19388,5.532035059651226,0.909168311467162,8,2,0,19378,1.0,0.9998968008255934,0.8,1.0,0.0,0.00010319917440660474,0.2,0.0,0.8,0.9998968434082938,0.888888888888889,0.8333333333333334,0.9523809523809523,0.8943810377353014,0.9998968008255935,0.8,9690.0,0.0
m1528_06_fill_holes_and_orientation.obj,m1528,Car,8,2,0,19378,7,19388,4.6734688348876,0.9038178722086768,8,2,0,19378,1.0,0.9998968008255934,0.8,1.0,0.0,0.00010319917440660474,0.2,0.0,0.8,0.9998968434082938,0.888888888888889,0.8333333333333334,0.9523809523809523,0.8943810377353014,0.9998968008255935,0.8,9690.0,0.0
m1529_06_fill_holes_and_orientation.obj,m1529,Car,10,0,0,19378,7,19388,4.824642730910041,0.9061979952784551,10,0,0,19378,1.0,1.0,1.0,1.0,0.0,0.0,0.0,0.0,1.0,1.0,1.0,1.0,1.0,1.0,1.0,1.0,,0.0
m1530_06_fill_holes_and_orientation.obj,m1530,Car,5,5,2,19376,7,19388,3.843147533352255,0.888579279383877,5,5,2,19376,0.7142857142857143,0.9997420153758836,0.5,0.9998967901744246,0.2857142857142857,0.00025798462411640266,0.5,0.00010320982557539478,0.4166666666666667,0.9996389519290283,0.588235294117647,0.5319148936170213,0.6578947368421053,0.5974447004981838,0.714027729661598,0.4998967901744247,2768.714285714286,0.28578801462781644
m1531_06_fill_holes_and_orientation.obj,m1531,Car,10,0,0,19378,7,19388,5.331323435604312,0.896377568791362,10,0,0,19378,1.0,1.0,1.0,1.0,0.0,0.0,0.0,0.0,1.0,1.0,1.0,1.0,1.0,1.0,1.0,1.0,,0.0
m1532_06_fill_holes_and_orientation.obj,m1532,Car,2,8,5,19373,7,19388,1.9348428206250357,0.8060973721893261,2,8,5,19373,0.2857142857142857,0.9995872246014138,0.2,0.9997419754360615,0.7142857142857143,0.00041277539858624424,0.8,0.0002580245639384869,0.13333333333333333,0.9993294821539096,0.23529411764705882,0.2127659574468085,0.26315789473684204,0.23871884564346754,0.2853015103156995,0.19974197543606143,692.1785714285714,0.7145806756089108
m1533_06_fill_holes_and_orientation.obj,m1533,Car,9,1,0,19378,6,19388,5.889530560617664,0.8947085800534077,9,1,0,19378,1.0,0.9999483977501419,0.9,1.0,0.0,5.1602249858093815e-05,0.1,0.0,0.9,0.9999484217041469,0.9473684210526316,0.9183673469387754,0.9782608695652175,0.9486588206384462,0.999948397750142,0.8999999999999999,19379.0,0.0
m1535_06_fill_holes_and_orientation.obj,m1535,Car,7,3,0,19378,7,19388,3.23124654289137,0.8829192306203799,7,3,0,19378,1.0,0.9998452092255301,0.7,1.0,0.0,0.00015479077446984158,0.3,0.0,0.7,0.9998452651124407,0.8235294117647058,0.7446808510638298,0.9210526315789475,0.836595270401328,0.9998452092255301,0.7,6460.333333333334,0.0
m1536_06_fill_holes_and_orientation.obj,m1536,Car,2,8,5,19373,7,19388,1.788983012267011,0.774904214559387,2,8,5,19373,0.2857142857142857,0.9995872246014138,0.2,0.9997419754360615,0.7142857142857143,0.00041277539858624424,0.8,0.0002580245639384869,0.13333333333333333,0.9993294821539096,0.23529411764705882,0.2127659574468085,0.26315789473684204,0.23871884564346754,0.2853015103156995,0.19974197543606143,692.1785714285714,0.7145806756089108
m1538_06_fill_holes_and_orientation.obj,m1538,Car,9,1,0,19378,7,19388,5.036813835833834,0.8765964240102171,9,1,0,19378,1.0,0.9999483977501419,0.9,1.0,0.0,5.1602249858093815e-05,0.1,0.0,0.9,0.9999484217041469,0.9473684210526316,0.9183673469387754,0.9782608695652175,0.9486588206384462,0.999948397750142,0.8999999999999999,19379.0,0.0
m1539_06_fill_holes_and_orientation.obj,m1539,Car,10,0,0,19378,7,19388,5.517361729818307,0.9091296102790356,10,0,0,19378,1.0,1.0,1.0,1.0,0.0,0.0,0.0,0.0,1.0,1.0,1.0,1.0,1.0,1.0,1.0,1.0,,0.0
m1540_06_fill_holes_and_orientation.obj,m1540,Car,10,0,0,19378,7,19388,5.364299195922021,0.8906546305971593,10,0,0,19378,1.0,1.0,1.0,1.0,0.0,0.0,0.0,0.0,1.0,1.0,1.0,1.0,1.0,1.0,1.0,1.0,,0.0
m1542_06_fill_holes_and_orientation.obj,m1542,Car,1,9,6,19372,7,19388,2.054089002278442,0.8760062308912884,1,9,6,19372,0.14285714285714285,0.9995356276765904,0.1,0.9996903705232738,0.8571428571428571,0.0004643723234095248,0.9,0.0003096294767261843,0.0625,0.9992263255622035,0.11764705882352941,0.10638297872340426,0.13157894736842102,0.11914356069189547,0.14239277053373334,0.0996903705232739,307.6349206349206,0.857541075484499
m1543_06_fill_holes_and_orientation.obj,m1543,Car,1,9,6,19372,7,19388,1.13351058265476,0.757716049382716,1,9,6,19372,0.14285714285714285,0.9995356276765904,0.1,0.9996903705232738,0.8571428571428571,0.0004643723234095248,0.9,0.0003096294767261843,0.0625,0.9992263255622035,0.11764705882352941,0.10638297872340426,0.13157894736842102,0.11914356069189547,0.14239277053373334,0.0996903705232739,307.6349206349206,0.857541075484499
m1544_06_fill_holes_and_orientation.obj,m1544,Car,1,9,6,19372,7,19388,0.7813631081127715,0.6547467007237122,1,9,6,19372,0.14285714285714285,0.9995356276765904,0.1,0.9996903705232738,0.8571428571428571,0.0004643723234095248,0.9,0.0003096294767261843,0.0625,0.9992263255622035,0.11764705882352941,0.10638297872340426,0.13157894736842102,0.11914356069189547,0.14239277053373334,0.0996903705232739,307.6349206349206,0.857541075484499
m1545_06_fill_holes_and_orientation.obj,m1545,Car,3,7,3,19375,6,19388,1.8879655816310015,0.7989279770888966,3,7,3,19375,0.5,0.9996388401609742,0.3,0.9998451852616369,0.5,0.0003611598390259003,0.7,0.00015481473836309216,0.23076923076923078,0.999484217041469,0.37499999999999994,0.32608695652173914,0.4411764705882353,0.38705852347155034,0.49963884016097415,0.29984518526163684,1384.4285714285716,0.5001806451612903
m1546_06_fill_holes_and_orientation.obj,m1546,Car,3,7,4,19374,7,19388,2.6106904317590707,0.8770366500251557,3,7,4,19374,0.42857142857142855,0.9996388215262371,0.3,0.9997935803488492,0.5714285714285714,0.00036117847376296373,0.7,0.00020641965115078957,0.21428571428571427,0.9994326387456158,0.3529411764705882,0.3191489361702127,0.3947368421052631,0.3582941305950396,0.42821025009766567,0.2997935803488492,1186.5918367346937,0.5716350336975917
m1547_06_fill_holes_and_orientation.obj,m1547,Car,8,2,0,19378,7,19388,3.5778880090497793,0.8891743101513216,8,2,0,19378,1.0,0.9998968008255934,0.8,1.0,0.0,0.00010319917440660474,0.2,0.0,0.8,0.9998968434082938,0.888888888888889,0.8333333333333334,0.9523809523809523,0.8943810377353014,0.9998968008255935,0.8,9690.0,0.0
m1548_06_fill_holes_and_orientation.obj,m1548,Car,3,7,3,19375,6,19388,1.8497911249551064,0.7950626959247649,3,7,3,19375,0.5,0.9996388401609742,0.3,0.9998451852616369,0.5,0.0003611598390259003,0.7,0.00015481473836309216,0.23076923076923078,0.999484217041469,0.37499999999999994,0.32608695652173914,0.4411764705882353,0.38705852347155034,0.49963884016097415,0.29984518526163684,1384.4285714285716,0.5001806451612903
m1550_06_fill_holes_and_orientation.obj,m1550,Car,4,6,3,19375,7,19388,3.0695683172650794,0.8875585355470413,4,6,3,19375,0.5714285714285714,0.9996904184510603,0.4,0.9998451852616369,0.42857142857142855,0.00030958154893968317,0.6,0.00015481473836309216,0.3076923076923077,0.9995357953373221,0.47058823529411764,0.425531914893617,0.5263157894736841,0.4778694155466117,0.5711189898796318,0.3998451852616369,1845.8095238095239,0.4287041474654378
m1551_06_fill_holes_and_orientation.obj,m1551,Car,4,6,3,19375,7,19388,2.50073444036219,0.8936878362165719,4,6,3,19375,0.5714285714285714,0.9996904184510603,0.4,0.9998451852616369,0.42857142857142855,0.00030958154893968317,0.6,0.00015481473836309216,0.3076923076923077,0.9995357953373221,0.47058823529411764,0.425531914893617,0.5263157894736841,0.4778694155466117,0.5711189898796318,0.3998451852616369,1845.8095238095239,0.4287041474654378
m1552_06_fill_holes_and_orientation.obj,m1552,Car,9,1,0,19378,7,19388,5.077734475806567,0.8818114091102598,9,1,0,19378,1.0,0.9999483977501419,0.9,1.0,0.0,5.1602249858093815e-05,0.1,0.0,0.9,0.9999484217041469,0.9473684210526316,0.9183673469387754,0.9782608695652175,0.9486588206384462,0.999948397750142,0.8999999999999999,19379.0,0.0
m1553_06_fill_holes_and_orientation.obj,m1553,Car,3,7,4,19374,7,19388,1.356903859758967,0.7794661171097954,3,7,4,19374,0.42857142857142855,0.9996388215262371,0.3,0.9997935803488492,0.5714285714285714,0.00036117847376296373,0.7,0.00020641965115078957,0.21428571428571427,0.9994326387456158,0.3529411764705882,0.3191489361702127,0.3947368421052631,0.3582941305950396,0.42821025009766567,0.2997935803488492,1186.5918367346937,0.5716350336975917
m1555_06_fill_holes_and_orientation.obj,m1555,Car,0,10,7,19371,7,19388,0.9503512794529556,0.7520705135647664,0,10,7,19371,0.0,0.9994840307517672,0.0,0.9996387656104861,1.0,0.0005159692482328053,1.0,0.0003612343895138817,0.0,0.9991231689704972,,,,-0.0004317242596766064,-0.0005159692482328282,-0.00036123438951385367,0.0,1.0005162356099324
m1556_06_fill_holes_and_orientation.obj,m1556,Car,1,9,6,19372,7,19388,0.8992426405319496,0.6726701884747862,1,9,6,19372,0.14285714285714285,0.9995356276765904,0.1,0.9996903705232738,0.8571428571428571,0.0004643723234095248,0.9,0.0003096294767261843,0.0625,0.9992263255622035,0.11764705882352941,0.10638297872340426,0.13157894736842102,0.11914356069189547,0.14239277053373334,0.0996903705232739,307.6349206349206,0.857541075484499
m1557_06_fill_holes_and_orientation.obj,m1557,Car,7,3,0,19378,7,19388,4.592933920752551,0.8989947366384149,7,3,0,19378,1.0,0.9998452092255301,0.7,1.0,0.0,0.00015479077446984158,0.3,0.0,0.7,0.9998452651124407,0.8235294117647058,0.7446808510638298,0.9210526315789475,0.836595270401328,0.9998452092255301,0.7,6460.333333333334,0.0
m1558_06_fill_holes_and_orientation.obj,m1558,Car,2,8,4,19374,6,19388,1.4586075220322077,0.7620796083439761,2,8,4,19374,0.3333333333333333,0.9995872458982561,0.2,0.9997935803488492,0.6666666666666666,0.0004127541017438861,0.8,0.00020641965115078957,0.14285714285714285,0.9993810604497627,0.25,0.21739130434782608,0.29411764705882354,0.25790578608571774,0.33292057923158946,0.1997935803488493,807.5833333333333,0.6669419496920271
m1559_06_fill_holes_and_orientation.obj,m1559,Car,3,7,4,19374,7,19388,1.563877612139711,0.8000454738960486,3,7,4,19374,0.42857142857142855,0.9996388215262371,0.3,0.9997935803488492,0.5714285714285714,0.00036117847376296373,0.7,0.00020641965115078957,0.21428571428571427,0.9994326387456158,0.3529411764705882,0.3191489361702127,0.3947368421052631,0.3582941305950396,0.42821025009766567,0.2997935803488492,1186.5918367346937,0.5716350336975917
m1560_06_fill_holes_and_orientation.obj,m1560,Car,0,10,7,19371,7,19388,1.1541302489236909,0.7718516583459112,0,10,7,19371,0.0,0.9994840307517672,0.0,0.9996387656104861,1.0,0.0005159692482328053,1.0,0.0003612343895138817,0.0,0.9991231689704972,,,,-0.0004317242596766064,-0.0005159692482328282,-0.00036123438951385367,0.0,1.0005162356099324
m1561_06_fill_holes_and_orientation.obj,m1561,Car,1,9,6,19372,7,19388,1.5006629507944773,0.8265993265993266,1,9,6,19372,0.14285714285714285,0.9995356276765904,0.1,0.9996903705232738,0.8571428571428571,0.0004643723234095248,0.9,0.0003096294767261843,0.0625,0.9992263255622035,0.11764705882352941,0.10638297872340426,0.13157894736842102,0.11914356069189547,0.14239277053373334,0.0996903705232739,307.6349206349206,0.857541075484499
m1562_06_fill_holes_and_orientation.obj,m1562,Car,1,9,6,19372,7,19388,1.131055161837043,0.7615136034676264,1,9,6,19372,0.14285714285714285,0.9995356276765904,0.1,0.9996903705232738,0.8571428571428571,0.0004643723234095248,0.9,0.0003096294767261843,0.0625,0.9992263255622035,0.11764705882352941,0.10638297872340426,0.13157894736842102,0.11914356069189547,0.14239277053373334,0.0996903705232739,307.6349206349206,0.857541075484499
m1563_06_fill_holes_and_orientation.obj,m1563,Car,2,8,5,19373,7,19388,1.509106085469005,0.822830798405511,2,8,5,19373,0.2857142857142857,0.9995872246014138,0.2,0.9997419754360615,0.7142857142857143,0.00041277539858624424,0.8,0.0002580245639384869,0.13333333333333333,0.9993294821539096,0.23529411764705882,0.2127659574468085,0.26315789473684204,0.23871884564346754,0.2853015103156995,0.19974197543606143,692.1785714285714,0.7145806756089108
D00018_06_fill_holes_and_orientation.obj,d00018,Cellphone,1,9,6,19372,7,19388,0.07388417386866278,0.6201950285142135,1,9,6,19372,0.14285714285714285,0.9995356276765904,0.1,0.9996903705232738,0.8571428571428571,0.0004643723234095248,0.9,0.0003096294767261843,0.0625,0.9992263255622035,0.11764705882352941,0.10638297872340426,0.13157894736842102,0.11914356069189547,0.14239277053373334,0.0996903705232739,307.6349206349206,0.857541075484499
D00032_06_fill_holes_and_orientation.obj,d00032,Cellphone,1,9,6,19372,7,19388,0.11508935330924641,0.7006660572025597,1,9,6,19372,0.14285714285714285,0.9995356276765904,0.1,0.9996903705232738,0.8571428571428571,0.0004643723234095248,0.9,0.0003096294767261843,0.0625,0.9992263255622035,0.11764705882352941,0.10638297872340426,0.13157894736842102,0.11914356069189547,0.14239277053373334,0.0996903705232739,307.6349206349206,0.857541075484499
D00079_06_fill_holes_and_orientation.obj,d00079,Cellphone,2,8,5,19373,7,19388,0.46695411989186153,0.7689260371773106,2,8,5,19373,0.2857142857142857,0.9995872246014138,0.2,0.9997419754360615,0.7142857142857143,0.00041277539858624424,0.8,0.0002580245639384869,0.13333333333333333,0.9993294821539096,0.23529411764705882,0.2127659574468085,0.26315789473684204,0.23871884564346754,0.2853015103156995,0.19974197543606143,692.1785714285714,0.7145806756089108
D00152_06_fill_holes_and_orientation.obj,d00152,Cellphone,4,6,3,19375,7,19388,0.5311743538070275,0.7531670366984459,4,6,3,19375,0.5714285714285714,0.9996904184510603,0.4,0.9998451852616369,0.42857142857142855,0.00030958154893968317,0.6,0.00015481473836309216,0.3076923076923077,0.9995357953373221,0.47058823529411764,0.425531914893617,0.5263157894736841,0.4778694155466117,0.5711189898796318,0.3998451852616369,1845.8095238095239,0.4287041474654378
D00192_06_fill_holes_and_orientation.obj,d00192,Cellphone,1,9,6,19372,7,19388,0.14243220891413935,0.8192938922989857,1,9,6,19372,0.14285714285714285,0.9995356276765904,0.1,0.9996903705232738,0.8571428571428571,0.0004643723234095248,0.9,0.0003096294767261843,0.0625,0.9992263255622035,0.11764705882352941,0.10638297872340426,0.13157894736842102,0.11914356069189547,0.14239277053373334,0.0996903705232739,307.6349206349206,0.857541075484499
D00248_06_fill_holes_and_orientation.obj,d00248,Cellphone,0,10,7,19371,7,19388,0.028884726017425946,0.5247921292063906,0,10,7,19371,0.0,0.9994840307517672,0.0,0.9996387656104861,1.0,0.0005159692482328053,1.0,0.0003612343895138817,0.0,0.9991231689704972,,,,-0.0004317242596766064,-0.0005159692482328282,-0.00036123438951385367,0.0,1.0005162356099324
D00312_06_fill_holes_and_orientation.obj,d00312,Cellphone,0,10,7,19371,7,19388,0.017188737141563052,0.36561316442470937,0,10,7,19371,0.0,0.9994840307517672,0.0,0.9996387656104861,1.0,0.0005159692482328053,1.0,0.0003612343895138817,0.0,0.9991231689704972,,,,-0.0004317242596766064,-0.0005159692482328282,-0.00036123438951385367,0.0,1.0005162356099324
D00327_06_fill_holes_and_orientation.obj,d00327,Cellphone,2,8,5,19373,7,19388,0.19070956278925053,0.7576944843498324,2,8,5,19373,0.2857142857142857,0.9995872246014138,0.2,0.9997419754360615,0.7142857142857143,0.00041277539858624424,0.8,0.0002580245639384869,0.13333333333333333,0.9993294821539096,0.23529411764705882,0.2127659574468085,0.26315789473684204,0.23871884564346754,0.2853015103156995,0.19974197543606143,692.1785714285714,0.7145806756089108
D00362_06_fill_holes_and_orientation.obj,d00362,Cellphone,3,7,4,19374,7,19388,0.3560874336549361,0.7249140220277741,3,7,4,19374,0.42857142857142855,0.9996388215262371,0.3,0.9997935803488492,0.5714285714285714,0.00036117847376296373,0.7,0.00020641965115078957,0.21428571428571427,0.9994326387456158,0.3529411764705882,0.3191489361702127,0.3947368421052631,0.3582941305950396,0.42821025009766567,0.2997935803488492,1186.5918367346937,0.5716350336975917
D00369_06_fill_holes_and_orientation.obj,d00369,Cellphone,2,8,5,19373,7,19388,0.36923790783958665,0.7640720908972183,2,8,5,19373,0.2857142857142857,0.9995872246014138,0.2,0.9997419754360615,0.7142857142857143,0.00041277539858624424,0.8,0.0002580245639384869,0.13333333333333333,0.9993294821539096,0.23529411764705882,0.2127659574468085,0.26315789473684204,0.23871884564346754,0.2853015103156995,0.19974197543606143,692.1785714285714,0.7145806756089108
D00440_06_fill_holes_and_orientation.obj,d00440,Cellphone,1,9,6,19372,7,19388,0.10656682889179923,0.6472291149710504,1,9,6,19372,0.14285714285714285,0.9995356276765904,0.1,0.9996903705232738,0.8571428571428571,0.0004643723234095248,0.9,0.0003096294767261843,0.0625,0.9992263255622035,0.11764705882352941,0.10638297872340426,0.13157894736842102,0.11914356069189547,0.14239277053373334,0.0996903705232739,307.6349206349206,0.857541075484499
D00527_06_fill_holes_and_orientation.obj,d00527,Cellphone,2,8,5,19373,7,19388,0.3559681717048499,0.8181402638108919,2,8,5,19373,0.2857142857142857,0.9995872246014138,0.2,0.9997419754360615,0.7142857142857143,0.00041277539858624424,0.8,0.0002580245639384869,0.13333333333333333,0.9993294821539096,0.23529411764705882,0.2127659574468085,0.26315789473684204,0.23871884564346754,0.2853015103156995,0.19974197543606143,692.1785714285714,0.7145806756089108
D00542_06_fill_holes_and_orientation.obj,d00542,Cellphone,0,10,7,19371,7,19388,0.03683043396298748,0.5824300204605807,0,10,7,19371,0.0,0.9994840307517672,0.0,0.9996387656104861,1.0,0.0005159692482328053,1.0,0.0003612343895138817,0.0,0.9991231689704972,,,,-0.0004317242596766064,-0.0005159692482328282,-0.00036123438951385367,0.0,1.0005162356099324
D00554_06_fill_holes_and_orientation.obj,d00554,Cellphone,0,10,6,19372,6,19388,0.1024456041022308,0.704584040747029,0,10,6,19372,0.0,0.9994840573728201,0.0,0.9996903705232738,1.0,0.0005159426271798576,1.0,0.0003096294767261843,0.0,0.9991747472663504,,,,-0.00039968868594749107,-0.0005159426271799106,-0.000309629476726192,0.0,1.0005162089613877
D00559_06_fill_holes_and_orientation.obj,d00559,Cellphone,1,9,6,19372,7,19388,0.1569811000382721,0.3056244830438379,1,9,6,19372,0.14285714285714285,0.9995356276765904,0.1,0.9996903705232738,0.8571428571428571,0.0004643723234095248,0.9,0.0003096294767261843,0.0625,0.9992263255622035,0.11764705882352941,0.10638297872340426,0.13157894736842102,0.11914356069189547,0.14239277053373334,0.0996903705232739,307.6349206349206,0.857541075484499
D00817_06_fill_holes_and_orientation.obj,d00817,Cellphone,3,7,4,19374,7,19388,0.5686852903707399,0.755365460798398,3,7,4,19374,0.42857142857142855,0.9996388215262371,0.3,0.9997935803488492,0.5714285714285714,0.00036117847376296373,0.7,0.00020641965115078957,0.21428571428571427,0.9994326387456158,0.3529411764705882,0.3191489361702127,0.3947368421052631,0.3582941305950396,0.42821025009766567,0.2997935803488492,1186.5918367346937,0.5716350336975917
D00848_06_fill_holes_and_orientation.obj,d00848,Cellphone,1,9,6,19372,7,19388,0.07087093786616766,0.6653389055765966,1,9,6,19372,0.14285714285714285,0.9995356276765904,0.1,0.9996903705232738,0.8571428571428571,0.0004643723234095248,0.9,0.0003096294767261843,0.0625,0.9992263255622035,0.11764705882352941,0.10638297872340426,0.13157894736842102,0.11914356069189547,0.14239277053373334,0.0996903705232739,307.6349206349206,0.857541075484499
D00902_06_fill_holes_and_orientation.obj,d00902,Cellphone,0,10,7,19371,7,19388,0.06586939350684141,0.6546732837055418,0,10,7,19371,0.0,0.9994840307517672,0.0,0.9996387656104861,1.0,0.0005159692482328053,1.0,0.0003612343895138817,0.0,0.9991231689704972,,,,-0.0004317242596766064,-0.0005159692482328282,-0.00036123438951385367,0.0,1.0005162356099324
D00979_06_fill_holes_and_orientation.obj,d00979,Cellphone,1,9,6,19372,7,19388,0.15647454045463974,0.2773932349484132,1,9,6,19372,0.14285714285714285,0.9995356276765904,0.1,0.9996903705232738,0.8571428571428571,0.0004643723234095248,0.9,0.0003096294767261843,0.0625,0.9992263255622035,0.11764705882352941,0.10638297872340426,0.13157894736842102,0.11914356069189547,0.14239277053373334,0.0996903705232739,307.6349206349206,0.857541075484499
D00997_06_fill_holes_and_orientation.obj,d00997,Cellphone,1,9,6,19372,7,19388,0.21062289175991172,0.7272212790039616,1,9,6,19372,0.14285714285714285,0.9995356276765904,0.1,0.9996903705232738,0.8571428571428571,0.0004643723234095248,0.9,0.0003096294767261843,0.0625,0.9992263255622035,0.11764705882352941,0.10638297872340426,0.13157894736842102,0.11914356069189547,0.14239277053373334,0.0996903705232739,307.6349206349206,0.857541075484499
D01017_06_fill_holes_and_orientation.obj,d01017,Chess,0,10,7,19371,7,19388,0.23595159290114096,0.7604442363288406,0,10,7,19371,0.0,0.9994840307517672,0.0,0.9996387656104861,1.0,0.0005159692482328053,1.0,0.0003612343895138817,0.0,0.9991231689704972,,,,-0.0004317242596766064,-0.0005159692482328282,-0.00036123438951385367,0.0,1.0005162356099324
D01019_06_fill_holes_and_orientation.obj,d01019,Chess,6,4,1,19377,7,19388,1.2590329894028387,0.837870027281241,6,4,1,19377,0.8571428571428571,0.9997936123007068,0.6,0.9999483950872123,0.14285714285714285,0.00020638769929312212,0.4,5.160491278769739e-05,0.5454545454545454,0.9997421085207345,0.7058823529411764,0.6382978723404255,0.7894736842105262,0.7170199854497559,0.8569364694435639,0.5999483950872122,4153.071428571428,0.14288663290056694
D01021_06_fill_holes_and_orientation.obj,d01021,Chess,3,7,4,19374,7,19388,0.6223616189203056,0.7453784763223258,3,7,4,19374,0.42857142857142855,0.9996388215262371,0.3,0.9997935803488492,0.5714285714285714,0.00036117847376296373,0.7,0.00020641965115078957,0.21428571428571427,0.9994326387456158,0.3529411764705882,0.3191489361702127,0.3947368421052631,0.3582941305950396,0.42821025009766567,0.2997935803488492,1186.5918367346937,0.5716350336975917
D01043_06_fill_holes_and_orientation.obj,d01043,Chess,7,3,0,19378,7,19388,1.7609427808173046,0.8470418176635857,7,3,0,19378,1.0,0.9998452092255301,0.7,1.0,0.0,0.00015479077446984158,0.3,0.0,0.7,0.9998452651124407,0.8235294117647058,0.7446808510638298,0.9210526315789475,0.836595270401328,0.9998452092255301,0.7,6460.333333333334,0.0
D01045_06_fill_holes_and_orientation.obj,d01045,Chess,6,4,1,19377,7,19388,1.3647662082976153,0.7962254163443137,6,4,1,19377,0.8571428571428571,0.9997936123007068,0.6,0.9999483950872123,0.14285714285714285,0.00020638769929312212,0.4,5.160491278769739e-05,0.5454545454545454,0.9997421085207345,0.7058823529411764,0.6382978723404255,0.7894736842105262,0.7170199854497559,0.8569364694435639,0.5999483950872122,4153.071428571428,0.14288663290056694
D01049_06_fill_holes_and_orientation.obj,d01049,Chess,7,3,0,19378,7,19388,1.3222837451269929,0.7900362392605562,7,3,0,19378,1.0,0.9998452092255301,0.7,1.0,0.0,0.00015479077446984158,0.3,0.0,0.7,0.9998452651124407,0.8235294117647058,0.7446808510638298,0.9210526315789475,0.836595270401328,0.9998452092255301,0.7,6460.333333333334,0.0
D01053_06_fill_holes_and_orientation.obj,d01053,Chess,3,7,4,19374,7,19388,0.5590621845467628,0.8023433364550674,3,7,4,19374,0.42857142857142855,0.9996388215262371,0.3,0.9997935803488492,0.5714285714285714,0.00036117847376296373,0.7,0.00020641965115078957,0.21428571428571427,0.9994326387456158,0.3529411764705882,0.3191489361702127,0.3947368421052631,0.3582941305950396,0.42821025009766567,0.2997935803488492,1186.5918367346937,0.5716350336975917
D01080_06_fill_holes_and_orientation.obj,d01080,Chess,5,5,2,19376,7,19388,0.95989131698279,0.7806201392564843,5,5,2,19376,0.7142857142857143,0.9997420153758836,0.5,0.9998967901744246,0.2857142857142857,0.00025798462411640266,0.5,0.00010320982557539478,0.4166666666666667,0.9996389519290283,0.588235294117647,0.5319148936170213,0.6578947368421053,0.5974447004981838,0.714027729661598,0.4998967901744247,2768.714285714286,0.28578801462781644
D01081_06_fill_holes_and_orientation.obj,d01081,Chess,5,5,2,19376,7,19388,1.0553674597450524,0.8529154281526121,5,5,2,19376,0.7142857142857143,0.9997420153758836,0.5,0.9998967901744246,0.2857142857142857,0.00025798462411640266,0.5,0.00010320982557539478,0.4166666666666667,0.9996389519290283,0.588235294117647,0.5319148936170213,0.6578947368421053,0.5974447004981838,0.714027729661598,0.4998967901744247,2768.714285714286,0.28578801462781644
D01099_06_fill_holes_and_orientation.obj,d01099,Chess,1,9,6,19372,7,19388,0.426308185416096,0.7626837411946741,1,9,6,19372,0.14285714285714285,0.9995356276765904,0.1,0.9996903705232738,0.8571428571428571,0.0004643723234095248,0.9,0.0003096294767261843,0.0625,0.9992263255622035,0.11764705882352941,0.10638297872340426,0.13157894736842102,0.11914356069189547,0.14239277053373334,0.0996903705232739,307.6349206349206,0.857541075484499
D01105_06_fill_holes_and_orientation.obj,d01105,Chess,6,4,1,19377,7,19388,1.6685935052364196,0.8193228551651126,6,4,1,19377,0.8571428571428571,0.9997936123007068,0.6,0.9999483950872123,0.14285714285714285,0.00020638769929312212,0.4,5.160491278769739e-05,0.5454545454545454,0.9997421085207345,0.7058823529411764,0.6382978723404255,0.7894736842105262,0.7170199854497559,0.8569364694435639,0.5999483950872122,4153.071428571428,0.14288663290056694
D01112_06_fill_holes_and_orientation.obj,d01112,Chess,4,6,3,19375,7,19388,0.8285524174436149,0.755670019137587,4,6,3,19375,0.5714285714285714,0.9996904184510603,0.4,0.9998451852616369,0.42857142857142855,0.00030958154893968317,0.6,0.00015481473836309216,0.3076923076923077,0.9995357953373221,0.47058823529411764,0.425531914893617,0.5263157894736841,0.4778694155466117,0.5711189898796318,0.3998451852616369,1845.8095238095239,0.4287041474654378
D01123_06_fill_holes_and_orientation.obj,d01123,Chess,3,7,4,19374,7,19388,1.004288809776515,0.8568243821002484,3,7,4,19374,0.42857142857142855,0.9996388215262371,0.3,0.9997935803488492,0.5714285714285714,0.00036117847376296373,0.7,0.00020641965115078957,0.21428571428571427,0.9994326387456158,0.3529411764705882,0.3191489361702127,0.3947368421052631,0.3582941305950396,0.42821025009766567,0.2997935803488492,1186.5918367346937,0.5716350336975917
D01126_06_fill_holes_and_orientation.obj,d01126,Chess,3,7,4,19374,7,19388,1.0960402339538136,0.8297060140885215,3,7,4,19374,0.42857142857142855,0.9996388215262371,0.3,0.9997935803488492,0.5714285714285714,0.00036117847376296373,0.7,0.00020641965115078957,0.21428571428571427,0.9994326387456158,0.3529411764705882,0.3191489361702127,0.3947368421052631,0.3582941305950396,0.42821025009766567,0.2997935803488492,1186.5918367346937,0.5716350336975917
D01130_06_fill_holes_and_orientation.obj,d01130,Chess,6,4,1,19377,7,19388,1.5013227362813804,0.8063744452135673,6,4,1,19377,0.8571428571428571,0.9997936123007068,0.6,0.9999483950872123,0.14285714285714285,0.00020638769929312212,0.4,5.160491278769739e-05,0.5454545454545454,0.9997421085207345,0.7058823529411764,0.6382978723404255,0.7894736842105262,0.7170199854497559,0.8569364694435639,0.5999483950872122,4153.071428571428,0.14288663290056694
D01138_06_fill_holes_and_orientation.obj,d01138,Chess,2,8,5,19373,7,19388,0.3334848710066588,0.7032452461419438,2,8,5,19373,0.2857142857142857,0.9995872246014138,0.2,0.9997419754360615,0.7142857142857143,0.00041277539858624424,0.8,0.0002580245639384869,0.13333333333333333,0.9993294821539096,0.23529411764705882,0.2127659574468085,0.26315789473684204,0.23871884564346754,0.2853015103156995,0.19974197543606143,692.1785714285714,0.7145806756089108
D01145_06_fill_holes_and_orientation.obj,d01145,Chess,3,7,4,19374,7,19388,0.37712396887469407,0.6633311616922513,3,7,4,19374,0.42857142857142855,0.9996388215262371,0.3,0.9997935803488492,0.5714285714285714,0.00036117847376296373,0.7,0.00020641965115078957,0.21428571428571427,0.9994326387456158,0.3529411764705882,0.3191489361702127,0.3947368421052631,0.3582941305950396,0.42821025009766567,0.2997935803488492,1186.5918367346937,0.5716350336975917
D01171_06_fill_holes_and_orientation.obj,d01171,Chess,3,7,4,19374,7,19388,0.6753230058770584,0.8182947188403435,3,7,4,19374,0.42857142857142855,0.9996388215262371,0.3,0.9997935803488492,0.5714285714285714,0.00036117847376296373,0.7,0.00020641965115078957,0.21428571428571427,0.9994326387456158,0.3529411764705882,0.3191489361702127,0.3947368421052631,0.3582941305950396,0.42821025009766567,0.2997935803488492,1186.5918367346937,0.5716350336975917
D01186_06_fill_holes_and_orientation.obj,d01186,Chess,3,7,4,19374,7,19388,1.1756040792698894,0.8448328515004682,3,7,4,19374,0.42857142857142855,0.9996388215262371,0.3,0.9997935803488492,0.5714285714285714,0.00036117847376296373,0.7,0.00020641965115078957,0.21428571428571427,0.9994326387456158,0.3529411764705882,0.3191489361702127,0.3947368421052631,0.3582941305950396,0.42821025009766567,0.2997935803488492,1186.5918367346937,0.5716350336975917
D01188_06_fill_holes_and_orientation.obj,d01188,Chess,1,9,6,19372,7,19388,0.3997030262913662,0.7360743515615457,1,9,6,19372,0.14285714285714285,0.9995356276765904,0.1,0.9996903705232738,0.8571428571428571,0.0004643723234095248,0.9,0.0003096294767261843,0.0625,0.9992263255622035,0.11764705882352941,0.10638297872340426,0.13157894736842102,0.11914356069189547,0.14239277053373334,0.0996903705232739,307.6349206349206,0.857541075484499
m1589_06_fill_holes_and_orientation.obj,m1589,Chess,0,10,7,19371,7,19388,0.0919151132510132,0.5037359012989128,0,10,7,19371,0.0,0.9994840307517672,0.0,0.9996387656104861,1.0,0.0005159692482328053,1.0,0.0003612343895138817,0.0,0.9991231689704972,,,,-0.0004317242596766064,-0.0005159692482328282,-0.00036123438951385367,0.0,1.0005162356099324
m1591_06_fill_holes_and_orientation.obj,m1591,Chess,0,10,6,19372,6,19388,0.16138153373895095,0.6651533042876339,0,10,6,19372,0.0,0.9994840573728201,0.0,0.9996903705232738,1.0,0.0005159426271798576,1.0,0.0003096294767261843,0.0,0.9991747472663504,,,,-0.00039968868594749107,-0.0005159426271799106,-0.000309629476726192,0.0,1.0005162089613877
m1593_06_fill_holes_and_orientation.obj,m1593,Chess,1,9,6,19372,7,19388,0.1829258475369295,0.6832932937008837,1,9,6,19372,0.14285714285714285,0.9995356276765904,0.1,0.9996903705232738,0.8571428571428571,0.0004643723234095248,0.9,0.0003096294767261843,0.0625,0.9992263255622035,0.11764705882352941,0.10638297872340426,0.13157894736842102,0.11914356069189547,0.14239277053373334,0.0996903705232739,307.6349206349206,0.857541075484499
m1595_06_fill_holes_and_orientation.obj,m1595,Chess,0,10,7,19371,7,19388,0.10157018313423452,0.5521499246711999,0,10,7,19371,0.0,0.9994840307517672,0.0,0.9996387656104861,1.0,0.0005159692482328053,1.0,0.0003612343895138817,0.0,0.9991231689704972,,,,-0.0004317242596766064,-0.0005159692482328282,-0.00036123438951385367,0.0,1.0005162356099324
m1596_06_fill_holes_and_orientation.obj,m1596,Chess,0,10,7,19371,7,19388,0.23187451676792675,0.7894763630440979,0,10,7,19371,0.0,0.9994840307517672,0.0,0.9996387656104861,1.0,0.0005159692482328053,1.0,0.0003612343895138817,0.0,0.9991231689704972,,,,-0.0004317242596766064,-0.0005159692482328282,-0.00036123438951385367,0.0,1.0005162356099324
m1598_06_fill_holes_and_orientation.obj,m1598,Chess,3,7,4,19374,7,19388,0.7708565443077753,0.7491347367563825,3,7,4,19374,0.42857142857142855,0.9996388215262371,0.3,0.9997935803488492,0.5714285714285714,0.00036117847376296373,0.7,0.00020641965115078957,0.21428571428571427,0.9994326387456158,0.3529411764705882,0.3191489361702127,0.3947368421052631,0.3582941305950396,0.42821025009766567,0.2997935803488492,1186.5918367346937,0.5716350336975917
m1599_06_fill_holes_and_orientation.obj,m1599,Chess,4,6,3,19375,7,19388,0.9435894404862198,0.7532778207581741,4,6,3,19375,0.5714285714285714,0.9996904184510603,0.4,0.9998451852616369,0.42857142857142855,0.00030958154893968317,0.6,0.00015481473836309216,0.3076923076923077,0.9995357953373221,0.47058823529411764,0.425531914893617,0.5263157894736841,0.4778694155466117,0.5711189898796318,0.3998451852616369,1845.8095238095239,0.4287041474654378
m1600_06_fill_holes_and_orientation.obj,m1600,Chess,6,4,1,19377,7,19388,1.2585642054883213,0.8392951667413169,6,4,1,19377,0.8571428571428571,0.9997936123007068,0.6,0.9999483950872123,0.14285714285714285,0.00020638769929312212,0.4,5.160491278769739e-05,0.5454545454545454,0.9997421085207345,0.7058823529411764,0.6382978723404255,0.7894736842105262,0.7170199854497559,0.8569364694435639,0.5999483950872122,4153.071428571428,0.14288663290056694
m1601_06_fill_holes_and_orientation.obj,m1601,Chess,4,6,3,19375,7,19388,1.093710923019425,0.8519178305305591,4,6,3,19375,0.5714285714285714,0.9996904184510603,0.4,0.9998451852616369,0.42857142857142855,0.00030958154893968317,0.6,0.00015481473836309216,0.3076923076923077,0.9995357953373221,0.47058823529411764,0.425531914893617,0.5263157894736841,0.4778694155466117,0.5711189898796318,0.3998451852616369,1845.8095238095239,0.4287041474654378
m1602_06_fill_holes_and_orientation.obj,m1602,Chess,5,5,2,19376,7,19388,1.073542235805902,0.7907284498554501,5,5,2,19376,0.7142857142857143,0.9997420153758836,0.5,0.9998967901744246,0.2857142857142857,0.00025798462411640266,0.5,0.00010320982557539478,0.4166666666666667,0.9996389519290283,0.588235294117647,0.5319148936170213,0.6578947368421053,0.5974447004981838,0.714027729661598,0.4998967901744247,2768.714285714286,0.28578801462781644
m1603_06_fill_holes_and_orientation.obj,m1603,Chess,7,3,0,19378,7,19388,1.6919420937957121,0.8424610122561993,7,3,0,19378,1.0,0.9998452092255301,0.7,1.0,0.0,0.00015479077446984158,0.3,0.0,0.7,0.9998452651124407,0.8235294117647058,0.7446808510638298,0.9210526315789475,0.836595270401328,0.9998452092255301,0.7,6460.333333333334,0.0
m1604_06_fill_holes_and_orientation.obj,m1604,Chess,6,4,1,19377,7,19388,1.1586149248019653,0.7927440042347,6,4,1,19377,0.8571428571428571,0.9997936123007068,0.6,0.9999483950872123,0.14285714285714285,0.00020638769929312212,0.4,5.160491278769739e-05,0.5454545454545454,0.9997421085207345,0.7058823529411764,0.6382978723404255,0.7894736842105262,0.7170199854497559,0.8569364694435639,0.5999483950872122,4153.071428571428,0.14288663290056694
m1605_06_fill_holes_and_orientation.obj,m1605,Chess,1,9,6,19372,7,19388,0.5304303763394745,0.8112402785129686,1,9,6,19372,0.14285714285714285,0.9995356276765904,0.1,0.9996903705232738,0.8571428571428571,0.0004643723234095248,0.9,0.0003096294767261843,0.0625,0.9992263255622035,0.11764705882352941,0.10638297872340426,0.13157894736842102,0.11914356069189547,0.14239277053373334,0.0996903705232739,307.6349206349206,0.857541075484499
m1606_06_fill_holes_and_orientation.obj,m1606,Chess,1,9,6,19372,7,19388,0.4239766184489814,0.7611160877885907,1,9,6,19372,0.14285714285714285,0.9995356276765904,0.1,0.9996903705232738,0.8571428571428571,0.0004643723234095248,0.9,0.0003096294767261843,0.0625,0.9992263255622035,0.11764705882352941,0.10638297872340426,0.13157894736842102,0.11914356069189547,0.14239277053373334,0.0996903705232739,307.6349206349206,0.857541075484499
m1607_06_fill_holes_and_orientation.obj,m1607,Chess,3,7,4,19374,7,19388,1.0720150115468847,0.8286880573313246,3,7,4,19374,0.42857142857142855,0.9996388215262371,0.3,0.9997935803488492,0.5714285714285714,0.00036117847376296373,0.7,0.00020641965115078957,0.21428571428571427,0.9994326387456158,0.3529411764705882,0.3191489361702127,0.3947368421052631,0.3582941305950396,0.42821025009766567,0.2997935803488492,1186.5918367346937,0.5716350336975917
m1608_06_fill_holes_and_orientation.obj,m1608,Chess,1,9,6,19372,7,19388,0.39295606650780146,0.7415916771855531,1,9,6,19372,0.14285714285714285,0.9995356276765904,0.1,0.9996903705232738,0.8571428571428571,0.0004643723234095248,0.9,0.0003096294767261843,0.0625,0.9992263255622035,0.11764705882352941,0.10638297872340426,0.13157894736842102,0.11914356069189547,0.14239277053373334,0.0996903705232739,307.6349206349206,0.857541075484499
m1609_06_fill_holes_and_orientation.obj,m1609,Chess,3,7,4,19374,7,19388,1.152622952292384,0.8449142880410441,3,7,4,19374,0.42857142857142855,0.9996388215262371,0.3,0.9997935803488492,0.5714285714285714,0.00036117847376296373,0.7,0.00020641965115078957,0.21428571428571427,0.9994326387456158,0.3529411764705882,0.3191489361702127,0.3947368421052631,0.3582941305950396,0.42821025009766567,0.2997935803488492,1186.5918367346937,0.5716350336975917
m1610_06_fill_holes_and_orientation.obj,m1610,Chess,3,7,4,19374,7,19388,0.6302377503167998,0.8164114988395292,3,7,4,19374,0.42857142857142855,0.9996388215262371,0.3,0.9997935803488492,0.5714285714285714,0.00036117847376296373,0.7,0.00020641965115078957,0.21428571428571427,0.9994326387456158,0.3529411764705882,0.3191489361702127,0.3947368421052631,0.3582941305950396,0.42821025009766567,0.2997935803488492,1186.5918367346937,0.5716350336975917
m1611_06_fill_holes_and_orientation.obj,m1611,Chess,3,7,4,19374,7,19388,0.5900731799812247,0.7359012989128222,3,7,4,19374,0.42857142857142855,0.9996388215262371,0.3,0.9997935803488492,0.5714285714285714,0.00036117847376296373,0.7,0.00020641965115078957,0.21428571428571427,0.9994326387456158,0.3529411764705882,0.3191489361702127,0.3947368421052631,0.3582941305950396,0.42821025009766567,0.2997935803488492,1186.5918367346937,0.5716350336975917
m1612_06_fill_holes_and_orientation.obj,m1612,Chess,6,4,1,19377,7,19388,1.5012194531117833,0.8003583207785333,6,4,1,19377,0.8571428571428571,0.9997936123007068,0.6,0.9999483950872123,0.14285714285714285,0.00020638769929312212,0.4,5.160491278769739e-05,0.5454545454545454,0.9997421085207345,0.7058823529411764,0.6382978723404255,0.7894736842105262,0.7170199854497559,0.8569364694435639,0.5999483950872122,4153.071428571428,0.14288663290056694
m1613_06_fill_holes_and_orientation.obj,m1613,Chess,6,4,1,19377,7,19388,1.7105021328316963,0.8132252941895028,6,4,1,19377,0.8571428571428571,0.9997936123007068,0.6,0.9999483950872123,0.14285714285714285,0.00020638769929312212,0.4,5.160491278769739e-05,0.5454545454545454,0.9997421085207345,0.7058823529411764,0.6382978723404255,0.7894736842105262,0.7170199854497559,0.8569364694435639,0.5999483950872122,4153.071428571428,0.14288663290056694
m1614_06_fill_holes_and_orientation.obj,m1614,Chess,2,8,5,19373,7,19388,0.9827397072532819,0.8654261166985626,2,8,5,19373,0.2857142857142857,0.9995872246014138,0.2,0.9997419754360615,0.7142857142857143,0.00041277539858624424,0.8,0.0002580245639384869,0.13333333333333333,0.9993294821539096,0.23529411764705882,0.2127659574468085,0.26315789473684204,0.23871884564346754,0.2853015103156995,0.19974197543606143,692.1785714285714,0.7145806756089108
D01001_06_fill_holes_and_orientation.obj,d01001,City,1,9,6,19372,7,19388,0.1989628584417738,0.789362856140127,1,9,6,19372,0.14285714285714285,0.9995356276765904,0.1,0.9996903705232738,0.8571428571428571,0.0004643723234095248,0.9,0.0003096294767261843,0.0625,0.9992263255622035,0.11764705882352941,0.10638297872340426,0.13157894736842102,0.11914356069189547,0.14239277053373334,0.0996903705232739,307.6349206349206,0.857541075484499
D01007_06_fill_holes_and_orientation.obj,d01007,City,1,9,6,19372,7,19388,0.2771831884956088,0.8023960692977699,1,9,6,19372,0.14285714285714285,0.9995356276765904,0.1,0.9996903705232738,0.8571428571428571,0.0004643723234095248,0.9,0.0003096294767261843,0.0625,0.9992263255622035,0.11764705882352941,0.10638297872340426,0.13157894736842102,0.11914356069189547,0.14239277053373334,0.0996903705232739,307.6349206349206,0.857541075484499
D01010_06_fill_holes_and_orientation.obj,d01010,City,1,9,6,19372,7,19388,0.19503002689931906,0.5746737708579268,1,9,6,19372,0.14285714285714285,0.9995356276765904,0.1,0.9996903705232738,0.8571428571428571,0.0004643723234095248,0.9,0.0003096294767261843,0.0625,0.9992263255622035,0.11764705882352941,0.10638297872340426,0.13157894736842102,0.11914356069189547,0.14239277053373334,0.0996903705232739,307.6349206349206,0.857541075484499
D01018_06_fill_holes_and_orientation.obj,d01018,City,1,9,6,19372,7,19388,0.22091769239219539,0.739782407555116,1,9,6,19372,0.14285714285714285,0.9995356276765904,0.1,0.9996903705232738,0.8571428571428571,0.0004643723234095248,0.9,0.0003096294767261843,0.0625,0.9992263255622035,0.11764705882352941,0.10638297872340426,0.13157894736842102,0.11914356069189547,0.14239277053373334,0.0996903705232739,307.6349206349206,0.857541075484499
D01039_06_fill_holes_and_orientation.obj,d01039,City,6,4,1,19377,7,19388,0.9111581895324504,0.7936859904922949,6,4,1,19377,0.8571428571428571,0.9997936123007068,0.6,0.9999483950872123,0.14285714285714285,0.00020638769929312212,0.4,5.160491278769739e-05,0.5454545454545454,0.9997421085207345,0.7058823529411764,0.6382978723404255,0.7894736842105262,0.7170199854497559,0.8569364694435639,0.5999483950872122,4153.071428571428,0.14288663290056694
D01056_06_fill_holes_and_orientation.obj,d01056,City,0,10,7,19371,7,19388,0.039155817492994134,0.48391985451296937,0,10,7,19371,0.0,0.9994840307517672,0.0,0.9996387656104861,1.0,0.0005159692482328053,1.0,0.0003612343895138817,0.0,0.9991231689704972,,,,-0.0004317242596766064,-0.0005159692482328282,-0.00036123438951385367,0.0,1.0005162356099324
D01066_06_fill_holes_and_orientation.obj,d01066,City,1,9,6,19372,7,19388,0.16809429208255208,0.7786746641993427,1,9,6,19372,0.14285714285714285,0.9995356276765904,0.1,0.9996903705232738,0.8571428571428571,0.0004643723234095248,0.9,0.0003096294767261843,0.0625,0.9992263255622035,0.11764705882352941,0.10638297872340426,0.13157894736842102,0.11914356069189547,0.14239277053373334,0.0996903705232739,307.6349206349206,0.857541075484499
D01068_06_fill_holes_and_orientation.obj,d01068,City,1,9,6,19372,7,19388,0.2561397630987564,0.6585042912293015,1,9,6,19372,0.14285714285714285,0.9995356276765904,0.1,0.9996903705232738,0.8571428571428571,0.0004643723234095248,0.9,0.0003096294767261843,0.0625,0.9992263255622035,0.11764705882352941,0.10638297872340426,0.13157894736842102,0.11914356069189547,0.14239277053373334,0.0996903705232739,307.6349206349206,0.857541075484499
D01079_06_fill_holes_and_orientation.obj,d01079,City,3,7,4,19374,7,19388,0.5566699371526933,0.793175509683183,3,7,4,19374,0.42857142857142855,0.9996388215262371,0.3,0.9997935803488492,0.5714285714285714,0.00036117847376296373,0.7,0.00020641965115078957,0.21428571428571427,0.9994326387456158,0.3529411764705882,0.3191489361702127,0.3947368421052631,0.3582941305950396,0.42821025009766567,0.2997935803488492,1186.5918367346937,0.5716350336975917
D01090_06_fill_holes_and_orientation.obj,d01090,City,6,4,0,19378,6,19388,0.8006656177366914,0.7982165076731647,6,4,0,19378,1.0,0.9997936229491281,0.6,1.0,0.0,0.00020637705087194304,0.4,0.0,0.6,0.9997936868165875,0.7499999999999999,0.6521739130434783,0.8823529411764706,0.7745167356290481,0.9997936229491282,0.6000000000000001,4845.5,0.0
D01091_06_fill_holes_and_orientation.obj,d01091,City,3,7,4,19374,7,19388,0.40734820606053174,0.8087770794116709,3,7,4,19374,0.42857142857142855,0.9996388215262371,0.3,0.9997935803488492,0.5714285714285714,0.00036117847376296373,0.7,0.00020641965115078957,0.21428571428571427,0.9994326387456158,0.3529411764705882,0.3191489361702127,0.3947368421052631,0.3582941305950396,0.42821025009766567,0.2997935803488492,1186.5918367346937,0.5716350336975917
D01092_06_fill_holes_and_orientation.obj,d01092,City,2,8,5,19373,7,19388,0.10778803717596443,0.5984111284816387,2,8,5,19373,0.2857142857142857,0.9995872246014138,0.2,0.9997419754360615,0.7142857142857143,0.00041277539858624424,0.8,0.0002580245639384869,0.13333333333333333,0.9993294821539096,0.23529411764705882,0.2127659574468085,0.26315789473684204,0.23871884564346754,0.2853015103156995,0.19974197543606143,692.1785714285714,0.7145806756089108
D01101_06_fill_holes_and_orientation.obj,d01101,City,1,9,6,19372,7,19388,0.09045332844859293,0.6273490093481797,1,9,6,19372,0.14285714285714285,0.9995356276765904,0.1,0.9996903705232738,0.8571428571428571,0.0004643723234095248,0.9,0.0003096294767261843,0.0625,0.9992263255622035,0.11764705882352941,0.10638297872340426,0.13157894736842102,0.11914356069189547,0.14239277053373334,0.0996903705232739,307.6349206349206,0.857541075484499
D01103_06_fill_holes_and_orientation.obj,d01103,City,1,9,6,19372,7,19388,0.1900258949052449,0.5606036435567749,1,9,6,19372,0.14285714285714285,0.9995356276765904,0.1,0.9996903705232738,0.8571428571428571,0.0004643723234095248,0.9,0.0003096294767261843,0.0625,0.9992263255622035,0.11764705882352941,0.10638297872340426,0.13157894736842102,0.11914356069189547,0.14239277053373334,0.0996903705232739,307.6349206349206,0.857541075484499
D01124_06_fill_holes_and_orientation.obj,d01124,City,0,10,7,19371,7,19388,0.0645068361110179,0.6631464760871646,0,10,7,19371,0.0,0.9994840307517672,0.0,0.9996387656104861,1.0,0.0005159692482328053,1.0,0.0003612343895138817,0.0,0.9991231689704972,,,,-0.0004317242596766064,-0.0005159692482328282,-0.00036123438951385367,0.0,1.0005162356099324
D01133_06_fill_holes_and_orientation.obj,d01133,City,1,9,6,19372,7,19388,0.329249626297778,0.7389688287655936,1,9,6,19372,0.14285714285714285,0.9995356276765904,0.1,0.9996903705232738,0.8571428571428571,0.0004643723234095248,0.9,0.0003096294767261843,0.0625,0.9992263255622035,0.11764705882352941,0.10638297872340426,0.13157894736842102,0.11914356069189547,0.14239277053373334,0.0996903705232739,307.6349206349206,0.857541075484499
D01173_06_fill_holes_and_orientation.obj,d01173,City,1,9,6,19372,7,19388,0.30531509923540145,0.7515394186899786,1,9,6,19372,0.14285714285714285,0.9995356276765904,0.1,0.9996903705232738,0.8571428571428571,0.0004643723234095248,0.9,0.0003096294767261843,0.0625,0.9992263255622035,0.11764705882352941,0.10638297872340426,0.13157894736842102,0.11914356069189547,0.14239277053373334,0.0996903705232739,307.6349206349206,0.857541075484499
D01181_06_fill_holes_and_orientation.obj,d01181,City,1,9,6,19372,7,19388,0.29263848666215847,0.8120313945697604,1,9,6,19372,0.14285714285714285,0.9995356276765904,0.1,0.9996903705232738,0.8571428571428571,0.0004643723234095248,0.9,0.0003096294767261843,0.0625,0.9992263255622035,0.11764705882352941,0.10638297872340426,0.13157894736842102,0.11914356069189547,0.14239277053373334,0.0996903705232739,307.6349206349206,0.857541075484499
D01192_06_fill_holes_and_orientation.obj,d01192,City,0,10,7,19371,7,19388,0.07610888119163807,0.6410362760424975,0,10,7,19371,0.0,0.9994840307517672,0.0,0.9996387656104861,1.0,0.0005159692482328053,1.0,0.0003612343895138817,0.0,0.9991231689704972,,,,-0.0004317242596766064,-0.0005159692482328282,-0.00036123438951385367,0.0,1.0005162356099324
D01195_06_fill_holes_and_orientation.obj,d01195,City,6,4,1,19377,7,19388,0.8215537707991342,0.8089525571898031,6,4,1,19377,0.8571428571428571,0.9997936123007068,0.6,0.9999483950872123,0.14285714285714285,0.00020638769929312212,0.4,5.160491278769739e-05,0.5454545454545454,0.9997421085207345,0.7058823529411764,0.6382978723404255,0.7894736842105262,0.7170199854497559,0.8569364694435639,0.5999483950872122,4153.071428571428,0.14288663290056694
m1652_06_fill_holes_and_orientation.obj,m1652,City,1,9,6,19372,7,19388,0.18997680851754947,0.5603005455763648,1,9,6,19372,0.14285714285714285,0.9995356276765904,0.1,0.9996903705232738,0.8571428571428571,0.0004643723234095248,0.9,0.0003096294767261843,0.0625,0.9992263255622035,0.11764705882352941,0.10638297872340426,0.13157894736842102,0.11914356069189547,0.14239277053373334,0.0996903705232739,307.6349206349206,0.857541075484499
m1654_06_fill_holes_and_orientation.obj,m1654,City,1,9,6,19372,7,19388,0.26885290120101174,0.6617905114379605,1,9,6,19372,0.14285714285714285,0.9995356276765904,0.1,0.9996903705232738,0.8571428571428571,0.0004643723234095248,0.9,0.0003096294767261843,0.0625,0.9992263255622035,0.11764705882352941,0.10638297872340426,0.13157894736842102,0.11914356069189547,0.14239277053373334,0.0996903705232739,307.6349206349206,0.857541075484499
m1659_06_fill_holes_and_orientation.obj,m1659,City,1,9,6,19372,7,19388,0.32752866509296596,0.7393038317965733,1,9,6,19372,0.14285714285714285,0.9995356276765904,0.1,0.9996903705232738,0.8571428571428571,0.0004643723234095248,0.9,0.0003096294767261843,0.0625,0.9992263255622035,0.11764705882352941,0.10638297872340426,0.13157894736842102,0.11914356069189547,0.14239277053373334,0.0996903705232739,307.6349206349206,0.857541075484499
m1660_06_fill_holes_and_orientation.obj,m1660,City,1,9,6,19372,7,19388,0.30854365022480074,0.7510289378808666,1,9,6,19372,0.14285714285714285,0.9995356276765904,0.1,0.9996903705232738,0.8571428571428571,0.0004643723234095248,0.9,0.0003096294767261843,0.0625,0.9992263255622035,0.11764705882352941,0.10638297872340426,0.13157894736842102,0.11914356069189547,0.14239277053373334,0.0996903705232739,307.6349206349206,0.857541075484499
m1661_06_fill_holes_and_orientation.obj,m1661,City,6,4,1,19377,7,19388,1.0430899518200527,0.797801742015761,6,4,1,19377,0.8571428571428571,0.9997936123007068,0.6,0.9999483950872123,0.14285714285714285,0.00020638769929312212,0.4,5.160491278769739e-05,0.5454545454545454,0.9997421085207345,0.7058823529411764,0.6382978723404255,0.7894736842105262,0.7170199854497559,0.8569364694435639,0.5999483950872122,4153.071428571428,0.14288663290056694
m1662_06_fill_holes_and_orientation.obj,m1662,City,3,7,4,19374,7,19388,0.5550977455370316,0.7940369460485595,3,7,4,19374,0.42857142857142855,0.9996388215262371,0.3,0.9997935803488492,0.5714285714285714,0.00036117847376296373,0.7,0.00020641965115078957,0.21428571428571427,0.9994326387456158,0.3529411764705882,0.3191489361702127,0.3947368421052631,0.3582941305950396,0.42821025009766567,0.2997935803488492,1186.5918367346937,0.5716350336975917
m1664_06_fill_holes_and_orientation.obj,m1664,City,1,9,6,19372,7,19388,0.19438566714477698,0.5713396930734135,1,9,6,19372,0.14285714285714285,0.9995356276765904,0.1,0.9996903705232738,0.8571428571428571,0.0004643723234095248,0.9,0.0003096294767261843,0.0625,0.9992263255622035,0.11764705882352941,0.10638297872340426,0.13157894736842102,0.11914356069189547,0.14239277053373334,0.0996903705232739,307.6349206349206,0.857541075484499
D00005_06_fill_holes_and_orientation.obj,d00005,ClassicPiano,2,8,5,19373,7,19388,0.15368979697109614,0.6656001044795612,2,8,5,19373,0.2857142857142857,0.9995872246014138,0.2,0.9997419754360615,0.7142857142857143,0.00041277539858624424,0.8,0.0002580245639384869,0.13333333333333333,0.9993294821539096,0.23529411764705882,0.2127659574468085,0.26315789473684204,0.23871884564346754,0.2853015103156995,0.19974197543606143,692.1785714285714,0.7145806756089108
D00009_06_fill_holes_and_orientation.obj,d00009,ClassicPiano,2,8,5,19373,7,19388,0.16942920238184428,0.6279003961516696,2,8,5,19373,0.2857142857142857,0.9995872246014138,0.2,0.9997419754360615,0.7142857142857143,0.00041277539858624424,0.8,0.0002580245639384869,0.13333333333333333,0.9993294821539096,0.23529411764705882,0.2127659574468085,0.26315789473684204,0.23871884564346754,0.2853015103156995,0.19974197543606143,692.1785714285714,0.7145806756089108
D00034_06_fill_holes_and_orientation.obj,d00034,ClassicPiano,0,10,7,19371,7,19388,0.020845766995183805,0.42549301292934566,0,10,7,19371,0.0,0.9994840307517672,0.0,0.9996387656104861,1.0,0.0005159692482328053,1.0,0.0003612343895138817,0.0,0.9991231689704972,,,,-0.0004317242596766064,-0.0005159692482328282,-0.00036123438951385367,0.0,1.0005162356099324
D00092_06_fill_holes_and_orientation.obj,d00092,ClassicPiano,0,10,7,19371,7,19388,0.07868647721802045,0.6969439728353141,0,10,7,19371,0.0,0.9994840307517672,0.0,0.9996387656104861,1.0,0.0005159692482328053,1.0,0.0003612343895138817,0.0,0.9991231689704972,,,,-0.0004317242596766064,-0.0005159692482328282,-0.00036123438951385367,0.0,1.0005162356099324
D00120_06_fill_holes_and_orientation.obj,d00120,ClassicPiano,2,8,5,19373,7,19388,0.12435572991748352,0.6146010186757216,2,8,5,19373,0.2857142857142857,0.9995872246014138,0.2,0.9997419754360615,0.7142857142857143,0.00041277539858624424,0.8,0.0002580245639384869,0.13333333333333333,0.9993294821539096,0.23529411764705882,0.2127659574468085,0.26315789473684204,0.23871884564346754,0.2853015103156995,0.19974197543606143,692.1785714285714,0.7145806756089108
D00190_06_fill_holes_and_orientation.obj,d00190,ClassicPiano,3,7,4,19374,7,19388,0.18605252922650892,0.5581820556353663,3,7,4,19374,0.42857142857142855,0.9996388215262371,0.3,0.9997935803488492,0.5714285714285714,0.00036117847376296373,0.7,0.00020641965115078957,0.21428571428571427,0.9994326387456158,0.3529411764705882,0.3191489361702127,0.3947368421052631,0.3582941305950396,0.42821025009766567,0.2997935803488492,1186.5918367346937,0.5716350336975917
D00233_06_fill_holes_and_orientation.obj,d00233,ClassicPiano,0,10,7,19371,7,19388,0.05544139198289918,0.69690043968482,0,10,7,19371,0.0,0.9994840307517672,0.0,0.9996387656104861,1.0,0.0005159692482328053,1.0,0.0003612343895138817,0.0,0.9991231689704972,,,,-0.0004317242596766064,-0.0005159692482328282,-0.00036123438951385367,0.0,1.0005162356099324
D00254_06_fill_holes_and_orientation.obj,d00254,ClassicPiano,2,8,5,19373,7,19388,0.3431381066096505,0.635388098036655,2,8,5,19373,0.2857142857142857,0.9995872246014138,0.2,0.9997419754360615,0.7142857142857143,0.00041277539858624424,0.8,0.0002580245639384869,0.13333333333333333,0.9993294821539096,0.23529411764705882,0.2127659574468085,0.26315789473684204,0.23871884564346754,0.2853015103156995,0.19974197543606143,692.1785714285714,0.7145806756089108
D00279_06_fill_holes_and_orientation.obj,d00279,ClassicPiano,1,9,5,19373,6,19388,0.05983447751745227,0.46893909712245874,1,9,5,19373,0.16666666666666666,0.9995356516355381,0.1,0.9997419754360615,0.8333333333333334,0.0004643483644618718,0.9,0.0002580245639384869,0.06666666666666667,0.9992779038580565,0.125,0.10869565217391304,0.14705882352941177,0.1287530486998851,0.16620231830220478,0.09974197543606156,358.9259259259259,0.8337204700700288
D00305_06_fill_holes_and_orientation.obj,d00305,ClassicPiano,0,10,7,19371,7,19388,0.06828003958182882,0.6154716816856036,0,10,7,19371,0.0,0.9994840307517672,0.0,0.9996387656104861,1.0,0.0005159692482328053,1.0,0.0003612343895138817,0.0,0.9991231689704972,,,,-0.0004317242596766064,-0.0005159692482328282,-0.00036123438951385367,0.0,1.0005162356099324
D00314_06_fill_holes_and_orientation.obj,d00314,ClassicPiano,0,10,6,19372,6,19388,0.041933272663517596,0.5876322319446259,0,10,6,19372,0.0,0.9994840573728201,0.0,0.9996903705232738,1.0,0.0005159426271798576,1.0,0.0003096294767261843,0.0,0.9991747472663504,,,,-0.00039968868594749107,-0.0005159426271799106,-0.000309629476726192,0.0,1.0005162089613877
D00561_06_fill_holes_and_orientation.obj,d00561,ClassicPiano,1,9,6,19372,7,19388,0.1761913761445005,0.5780331722606764,1,9,6,19372,0.14285714285714285,0.9995356276765904,0.1,0.9996903705232738,0.8571428571428571,0.0004643723234095248,0.9,0.0003096294767261843,0.0625,0.9992263255622035,0.11764705882352941,0.10638297872340426,0.13157894736842102,0.11914356069189547,0.14239277053373334,0.0996903705232739,307.6349206349206,0.857541075484499
D00579_06_fill_holes_and_orientation.obj,d00579,ClassicPiano,1,9,6,19372,7,19388,0.18385636705002337,0.5599016150798832,1,9,6,19372,0.14285714285714285,0.9995356276765904,0.1,0.9996903705232738,0.8571428571428571,0.0004643723234095248,0.9,0.0003096294767261843,0.0625,0.9992263255622035,0.11764705882352941,0.10638297872340426,0.13157894736842102,0.11914356069189547,0.14239277053373334,0.0996903705232739,307.6349206349206,0.857541075484499
D00605_06_fill_holes_and_orientation.obj,d00605,ClassicPiano,2,8,4,19374,6,19388,0.25347876294676835,0.5317356667101998,2,8,4,19374,0.3333333333333333,0.9995872458982561,0.2,0.9997935803488492,0.6666666666666666,0.0004127541017438861,0.8,0.00020641965115078957,0.14285714285714285,0.9993810604497627,0.25,0.21739130434782608,0.29411764705882354,0.25790578608571774,0.33292057923158946,0.1997935803488493,807.5833333333333,0.6669419496920271
D00784_06_fill_holes_and_orientation.obj,d00784,ClassicPiano,1,9,6,19372,7,19388,0.21175300974260086,0.6533019894649776,1,9,6,19372,0.14285714285714285,0.9995356276765904,0.1,0.9996903705232738,0.8571428571428571,0.0004643723234095248,0.9,0.0003096294767261843,0.0625,0.9992263255622035,0.11764705882352941,0.10638297872340426,0.13157894736842102,0.11914356069189547,0.14239277053373334,0.0996903705232739,307.6349206349206,0.857541075484499
D00789_06_fill_holes_and_orientation.obj,d00789,ClassicPiano,0,10,7,19371,7,19388,0.027598041654433823,0.4594488703147447,0,10,7,19371,0.0,0.9994840307517672,0.0,0.9996387656104861,1.0,0.0005159692482328053,1.0,0.0003612343895138817,0.0,0.9991231689704972,,,,-0.0004317242596766064,-0.0005159692482328282,-0.00036123438951385367,0.0,1.0005162356099324
D00811_06_fill_holes_and_orientation.obj,d00811,ClassicPiano,1,9,6,19372,7,19388,0.2452624760410045,0.6463584519611684,1,9,6,19372,0.14285714285714285,0.9995356276765904,0.1,0.9996903705232738,0.8571428571428571,0.0004643723234095248,0.9,0.0003096294767261843,0.0625,0.9992263255622035,0.11764705882352941,0.10638297872340426,0.13157894736842102,0.11914356069189547,0.14239277053373334,0.0996903705232739,307.6349206349206,0.857541075484499
D00845_06_fill_holes_and_orientation.obj,d00845,ClassicPiano,1,9,6,19372,7,19388,0.22952260916502526,0.6413303730790998,1,9,6,19372,0.14285714285714285,0.9995356276765904,0.1,0.9996903705232738,0.8571428571428571,0.0004643723234095248,0.9,0.0003096294767261843,0.0625,0.9992263255622035,0.11764705882352941,0.10638297872340426,0.13157894736842102,0.11914356069189547,0.14239277053373334,0.0996903705232739,307.6349206349206,0.857541075484499
D00967_06_fill_holes_and_orientation.obj,d00967,ClassicPiano,0,10,7,19371,7,19388,0.02231011797678308,0.4121283357276566,0,10,7,19371,0.0,0.9994840307517672,0.0,0.9996387656104861,1.0,0.0005159692482328053,1.0,0.0003612343895138817,0.0,0.9991231689704972,,,,-0.0004317242596766064,-0.0005159692482328282,-0.00036123438951385367,0.0,1.0005162356099324
D00983_06_fill_holes_and_orientation.obj,d00983,ClassicPiano,0,10,7,19371,7,19388,0.039543235291441374,0.5769230769230769,0,10,7,19371,0.0,0.9994840307517672,0.0,0.9996387656104861,1.0,0.0005159692482328053,1.0,0.0003612343895138817,0.0,0.9991231689704972,,,,-0.0004317242596766064,-0.0005159692482328282,-0.00036123438951385367,0.0,1.0005162356099324
D01002_06_fill_holes_and_orientation.obj,d01002,Computer,1,9,6,19372,7,19388,0.23210366194873133,0.5061720374220374,1,9,6,19372,0.14285714285714285,0.9995356276765904,0.1,0.9996903705232738,0.8571428571428571,0.0004643723234095248,0.9,0.0003096294767261843,0.0625,0.9992263255622035,0.11764705882352941,0.10638297872340426,0.13157894736842102,0.11914356069189547,0.14239277053373334,0.0996903705232739,307.6349206349206,0.857541075484499
D01023_06_fill_holes_and_orientation.obj,d01023,Computer,0,10,7,19371,7,19388,0.0831834497617805,0.5984797297297297,0,10,7,19371,0.0,0.9994840307517672,0.0,0.9996387656104861,1.0,0.0005159692482328053,1.0,0.0003612343895138817,0.0,0.9991231689704972,,,,-0.0004317242596766064,-0.0005159692482328282,-0.00036123438951385367,0.0,1.0005162356099324
D01026_06_fill_holes_and_orientation.obj,d01026,Computer,4,6,3,19375,7,19388,0.39429568350593414,0.5373700623700624,4,6,3,19375,0.5714285714285714,0.9996904184510603,0.4,0.9998451852616369,0.42857142857142855,0.00030958154893968317,0.6,0.00015481473836309216,0.3076923076923077,0.9995357953373221,0.47058823529411764,0.425531914893617,0.5263157894736841,0.4778694155466117,0.5711189898796318,0.3998451852616369,1845.8095238095239,0.4287041474654378
D01028_06_fill_holes_and_orientation.obj,d01028,Computer,1,9,6,19372,7,19388,0.30494729467282905,0.6074454261954262,1,9,6,19372,0.14285714285714285,0.9995356276765904,0.1,0.9996903705232738,0.8571428571428571,0.0004643723234095248,0.9,0.0003096294767261843,0.0625,0.9992263255622035,0.11764705882352941,0.10638297872340426,0.13157894736842102,0.11914356069189547,0.14239277053373334,0.0996903705232739,307.6349206349206,0.857541075484499
D01033_06_fill_holes_and_orientation.obj,d01033,Computer,6,4,1,19377,7,19388,0.9622861041092389,0.6341346153846154,6,4,1,19377,0.8571428571428571,0.9997936123007068,0.6,0.9999483950872123,0.14285714285714285,0.00020638769929312212,0.4,5.160491278769739e-05,0.5454545454545454,0.9997421085207345,0.7058823529411764,0.6382978723404255,0.7894736842105262,0.7170199854497559,0.8569364694435639,0.5999483950872122,4153.071428571428,0.14288663290056694
D01037_06_fill_holes_and_orientation.obj,d01037,Computer,0,10,7,19371,7,19388,0.1830390093734781,0.6482848232848233,0,10,7,19371,0.0,0.9994840307517672,0.0,0.9996387656104861,1.0,0.0005159692482328053,1.0,0.0003612343895138817,0.0,0.9991231689704972,,,,-0.0004317242596766064,-0.0005159692482328282,-0.00036123438951385367,0.0,1.0005162356099324
D01067_06_fill_holes_and_orientation.obj,d01067,Computer,3,7,4,19374,7,19388,0.5983510749572493,0.7208160083160083,3,7,4,19374,0.42857142857142855,0.9996388215262371,0.3,0.9997935803488492,0.5714285714285714,0.00036117847376296373,0.7,0.00020641965115078957,0.21428571428571427,0.9994326387456158,0.3529411764705882,0.3191489361702127,0.3947368421052631,0.3582941305950396,0.42821025009766567,0.2997935803488492,1186.5918367346937,0.5716350336975917
D01070_06_fill_holes_and_orientation.obj,d01070,Computer,0,10,7,19371,7,19388,0.12011687586137387,0.573466735966736,0,10,7,19371,0.0,0.9994840307517672,0.0,0.9996387656104861,1.0,0.0005159692482328053,1.0,0.0003612343895138817,0.0,0.9991231689704972,,,,-0.0004317242596766064,-0.0005159692482328282,-0.00036123438951385367,0.0,1.0005162356099324
D01071_06_fill_holes_and_orientation.obj,d01071,Computer,1,9,6,19372,7,19388,0.28879825021943606,0.6957380457380458,1,9,6,19372,0.14285714285714285,0.9995356276765904,0.1,0.9996903705232738,0.8571428571428571,0.0004643723234095248,0.9,0.0003096294767261843,0.0625,0.9992263255622035,0.11764705882352941,0.10638297872340426,0.13157894736842102,0.11914356069189547,0.14239277053373334,0.0996903705232739,307.6349206349206,0.857541075484499
D01072_06_fill_holes_and_orientation.obj,d01072,Computer,1,9,6,19372,7,19388,0.23027146963422226,0.5099142411642411,1,9,6,19372,0.14285714285714285,0.9995356276765904,0.1,0.9996903705232738,0.8571428571428571,0.0004643723234095248,0.9,0.0003096294767261843,0.0625,0.9992263255622035,0.11764705882352941,0.10638297872340426,0.13157894736842102,0.11914356069189547,0.14239277053373334,0.0996903705232739,307.6349206349206,0.857541075484499
D01073_06_fill_holes_and_orientation.obj,d01073,Computer,2,8,5,19373,7,19388,0.22153388953896377,0.550493762993763,2,8,5,19373,0.2857142857142857,0.9995872246014138,0.2,0.9997419754360615,0.7142857142857143,0.00041277539858624424,0.8,0.0002580245639384869,0.13333333333333333,0.9993294821539096,0.23529411764705882,0.2127659574468085,0.26315789473684204,0.23871884564346754,0.2853015103156995,0.19974197543606143,692.1785714285714,0.7145806756089108
D01082_06_fill_holes_and_orientation.obj,d01082,Computer,0,10,7,19371,7,19388,0.09675145128868226,0.6058212058212058,0,10,7,19371,0.0,0.9994840307517672,0.0,0.9996387656104861,1.0,0.0005159692482328053,1.0,0.0003612343895138817,0.0,0.9991231689704972,,,,-0.0004317242596766064,-0.0005159692482328282,-0.00036123438951385367,0.0,1.0005162356099324
D01085_06_fill_holes_and_orientation.obj,d01085,Computer,1,9,6,19372,7,19388,0.24804803453422494,0.6263253638253639,1,9,6,19372,0.14285714285714285,0.9995356276765904,0.1,0.9996903705232738,0.8571428571428571,0.0004643723234095248,0.9,0.0003096294767261843,0.0625,0.9992263255622035,0.11764705882352941,0.10638297872340426,0.13157894736842102,0.11914356069189547,0.14239277053373334,0.0996903705232739,307.6349206349206,0.857541075484499
D01098_06_fill_holes_and_orientation.obj,d01098,Computer,1,9,6,19372,7,19388,0.3480779505190567,0.6968814968814968,1,9,6,19372,0.14285714285714285,0.9995356276765904,0.1,0.9996903705232738,0.8571428571428571,0.0004643723234095248,0.9,0.0003096294767261843,0.0625,0.9992263255622035,0.11764705882352941,0.10638297872340426,0.13157894736842102,0.11914356069189547,0.14239277053373334,0.0996903705232739,307.6349206349206,0.857541075484499
D01100_06_fill_holes_and_orientation.obj,d01100,Computer,5,5,2,19376,7,19388,0.8871484465392714,0.6257406444906444,5,5,2,19376,0.7142857142857143,0.9997420153758836,0.5,0.9998967901744246,0.2857142857142857,0.00025798462411640266,0.5,0.00010320982557539478,0.4166666666666667,0.9996389519290283,0.588235294117647,0.5319148936170213,0.6578947368421053,0.5974447004981838,0.714027729661598,0.4998967901744247,2768.714285714286,0.28578801462781644
D01102_06_fill_holes_and_orientation.obj,d01102,Computer,1,9,6,19372,7,19388,0.1370617515706713,0.5140202702702703,1,9,6,19372,0.14285714285714285,0.9995356276765904,0.1,0.9996903705232738,0.8571428571428571,0.0004643723234095248,0.9,0.0003096294767261843,0.0625,0.9992263255622035,0.11764705882352941,0.10638297872340426,0.13157894736842102,0.11914356069189547,0.14239277053373334,0.0996903705232739,307.6349206349206,0.857541075484499
D01115_06_fill_holes_and_orientation.obj,d01115,Computer,0,10,7,19371,7,19388,0.1662327090936131,0.6579521829521829,0,10,7,19371,0.0,0.9994840307517672,0.0,0.9996387656104861,1.0,0.0005159692482328053,1.0,0.0003612343895138817,0.0,0.9991231689704972,,,,-0.0004317242596766064,-0.0005159692482328282,-0.00036123438951385367,0.0,1.0005162356099324
D01128_06_fill_holes_and_orientation.obj,d01128,Computer,4,6,3,19375,7,19388,0.4879019128724687,0.6863825363825363,4,6,3,19375,0.5714285714285714,0.9996904184510603,0.4,0.9998451852616369,0.42857142857142855,0.00030958154893968317,0.6,0.00015481473836309216,0.3076923076923077,0.9995357953373221,0.47058823529411764,0.425531914893617,0.5263157894736841,0.4778694155466117,0.5711189898796318,0.3998451852616369,1845.8095238095239,0.4287041474654378
D01164_06_fill_holes_and_orientation.obj,d01164,Computer,3,7,4,19374,7,19388,0.6418468925197448,0.6334329521829523,3,7,4,19374,0.42857142857142855,0.9996388215262371,0.3,0.9997935803488492,0.5714285714285714,0.00036117847376296373,0.7,0.00020641965115078957,0.21428571428571427,0.9994326387456158,0.3529411764705882,0.3191489361702127,0.3947368421052631,0.3582941305950396,0.42821025009766567,0.2997935803488492,1186.5918367346937,0.5716350336975917
D01185_06_fill_holes_and_orientation.obj,d01185,Computer,3,7,4,19374,7,19388,0.4950935387224094,0.6096803534303534,3,7,4,19374,0.42857142857142855,0.9996388215262371,0.3,0.9997935803488492,0.5714285714285714,0.00036117847376296373,0.7,0.00020641965115078957,0.21428571428571427,0.9994326387456158,0.3529411764705882,0.3191489361702127,0.3947368421052631,0.3582941305950396,0.42821025009766567,0.2997935803488492,1186.5918367346937,0.5716350336975917
m1764_06_fill_holes_and_orientation.obj,m1764,Computer,1,9,6,19372,7,19388,0.353197713220535,0.6981548856548856,1,9,6,19372,0.14285714285714285,0.9995356276765904,0.1,0.9996903705232738,0.8571428571428571,0.0004643723234095248,0.9,0.0003096294767261843,0.0625,0.9992263255622035,0.11764705882352941,0.10638297872340426,0.13157894736842102,0.11914356069189547,0.14239277053373334,0.0996903705232739,307.6349206349206,0.857541075484499
m1765_06_fill_holes_and_orientation.obj,m1765,Computer,1,9,6,19372,7,19388,0.1302311974270363,0.566995841995842,1,9,6,19372,0.14285714285714285,0.9995356276765904,0.1,0.9996903705232738,0.8571428571428571,0.0004643723234095248,0.9,0.0003096294767261843,0.0625,0.9992263255622035,0.11764705882352941,0.10638297872340426,0.13157894736842102,0.11914356069189547,0.14239277053373334,0.0996903705232739,307.6349206349206,0.857541075484499
m1766_06_fill_holes_and_orientation.obj,m1766,Computer,1,9,6,19372,7,19388,0.29986697483174707,0.6924116424116424,1,9,6,19372,0.14285714285714285,0.9995356276765904,0.1,0.9996903705232738,0.8571428571428571,0.0004643723234095248,0.9,0.0003096294767261843,0.0625,0.9992263255622035,0.11764705882352941,0.10638297872340426,0.13157894736842102,0.11914356069189547,0.14239277053373334,0.0996903705232739,307.6349206349206,0.857541075484499
m1767_06_fill_holes_and_orientation.obj,m1767,Computer,1,9,6,19372,7,19388,0.24309724276963382,0.5254807692307693,1,9,6,19372,0.14285714285714285,0.9995356276765904,0.1,0.9996903705232738,0.8571428571428571,0.0004643723234095248,0.9,0.0003096294767261843,0.0625,0.9992263255622035,0.11764705882352941,0.10638297872340426,0.13157894736842102,0.11914356069189547,0.14239277053373334,0.0996903705232739,307.6349206349206,0.857541075484499
m1769_06_fill_holes_and_orientation.obj,m1769,Computer,1,9,6,19372,7,19388,0.24874628396666942,0.6260914760914761,1,9,6,19372,0.14285714285714285,0.9995356276765904,0.1,0.9996903705232738,0.8571428571428571,0.0004643723234095248,0.9,0.0003096294767261843,0.0625,0.9992263255622035,0.11764705882352941,0.10638297872340426,0.13157894736842102,0.11914356069189547,0.14239277053373334,0.0996903705232739,307.6349206349206,0.857541075484499
m1770_06_fill_holes_and_orientation.obj,m1770,Computer,6,4,1,19377,7,19388,0.9729432420246162,0.6362266112266112,6,4,1,19377,0.8571428571428571,0.9997936123007068,0.6,0.9999483950872123,0.14285714285714285,0.00020638769929312212,0.4,5.160491278769739e-05,0.5454545454545454,0.9997421085207345,0.7058823529411764,0.6382978723404255,0.7894736842105262,0.7170199854497559,0.8569364694435639,0.5999483950872122,4153.071428571428,0.14288663290056694
m1772_06_fill_holes_and_orientation.obj,m1772,Computer,3,7,4,19374,7,19388,0.4769307218563016,0.6860057172557172,3,7,4,19374,0.42857142857142855,0.9996388215262371,0.3,0.9997935803488492,0.5714285714285714,0.00036117847376296373,0.7,0.00020641965115078957,0.21428571428571427,0.9994326387456158,0.3529411764705882,0.3191489361702127,0.3947368421052631,0.3582941305950396,0.42821025009766567,0.2997935803488492,1186.5918367346937,0.5716350336975917
m1773_06_fill_holes_and_orientation.obj,m1773,Computer,1,9,6,19372,7,19388,0.30580742035154934,0.6064059251559252,1,9,6,19372,0.14285714285714285,0.9995356276765904,0.1,0.9996903705232738,0.8571428571428571,0.0004643723234095248,0.9,0.0003096294767261843,0.0625,0.9992263255622035,0.11764705882352941,0.10638297872340426,0.13157894736842102,0.11914356069189547,0.14239277053373334,0.0996903705232739,307.6349206349206,0.857541075484499
m1774_06_fill_holes_and_orientation.obj,m1774,Computer,3,7,4,19374,7,19388,0.3859186052140841,0.5651637214137215,3,7,4,19374,0.42857142857142855,0.9996388215262371,0.3,0.9997935803488492,0.5714285714285714,0.00036117847376296373,0.7,0.00020641965115078957,0.21428571428571427,0.9994326387456158,0.3529411764705882,0.3191489361702127,0.3947368421052631,0.3582941305950396,0.42821025009766567,0.2997935803488492,1186.5918367346937,0.5716350336975917
m1775_06_fill_holes_and_orientation.obj,m1775,Computer,1,9,6,19372,7,19388,0.25961663931134965,0.5312370062370062,1,9,6,19372,0.14285714285714285,0.9995356276765904,0.1,0.9996903705232738,0.8571428571428571,0.0004643723234095248,0.9,0.0003096294767261843,0.0625,0.9992263255622035,0.11764705882352941,0.10638297872340426,0.13157894736842102,0.11914356069189547,0.14239277053373334,0.0996903705232739,307.6349206349206,0.857541075484499
m1776_06_fill_holes_and_orientation.obj,m1776,Computer,3,7,4,19374,7,19388,0.45163503661763055,0.6018061330561331,3,7,4,19374,0.42857142857142855,0.9996388215262371,0.3,0.9997935803488492,0.5714285714285714,0.00036117847376296373,0.7,0.00020641965115078957,0.21428571428571427,0.9994326387456158,0.3529411764705882,0.3191489361702127,0.3947368421052631,0.3582941305950396,0.42821025009766567,0.2997935803488492,1186.5918367346937,0.5716350336975917
m1777_06_fill_holes_and_orientation.obj,m1777,Computer,1,9,6,19372,7,19388,0.2669078957071432,0.5536512474012474,1,9,6,19372,0.14285714285714285,0.9995356276765904,0.1,0.9996903705232738,0.8571428571428571,0.0004643723234095248,0.9,0.0003096294767261843,0.0625,0.9992263255622035,0.11764705882352941,0.10638297872340426,0.13157894736842102,0.11914356069189547,0.14239277053373334,0.0996903705232739,307.6349206349206,0.857541075484499
m1778_06_fill_holes_and_orientation.obj,m1778,Computer,4,6,3,19375,7,19388,0.6375792090724894,0.71118762993763,4,6,3,19375,0.5714285714285714,0.9996904184510603,0.4,0.9998451852616369,0.42857142857142855,0.00030958154893968317,0.6,0.00015481473836309216,0.3076923076923077,0.9995357953373221,0.47058823529411764,0.425531914893617,0.5263157894736841,0.4778694155466117,0.5711189898796318,0.3998451852616369,1845.8095238095239,0.4287041474654378
D00116_06_fill_holes_and_orientation.obj,d00116,ComputerKeyboard,8,2,0,19378,7,19388,1.496723342748657,0.9593618040137565,8,2,0,19378,1.0,0.9998968008255934,0.8,1.0,0.0,0.00010319917440660474,0.2,0.0,0.8,0.9998968434082938,0.888888888888889,0.8333333333333334,0.9523809523809523,0.8943810377353014,0.9998968008255935,0.8,9690.0,0.0
D00127_06_fill_holes_and_orientation.obj,d00127,ComputerKeyboard,10,0,0,19378,7,19388,1.8355793220975671,0.9767097644856559,10,0,0,19378,1.0,1.0,1.0,1.0,0.0,0.0,0.0,0.0,1.0,1.0,1.0,1.0,1.0,1.0,1.0,1.0,,0.0
D00197_06_fill_holes_and_orientation.obj,d00197,ComputerKeyboard,8,2,0,19378,7,19388,1.344830327397976,0.9195072047364068,8,2,0,19378,1.0,0.9998968008255934,0.8,1.0,0.0,0.00010319917440660474,0.2,0.0,0.8,0.9998968434082938,0.888888888888889,0.8333333333333334,0.9523809523809523,0.8943810377353014,0.9998968008255935,0.8,9690.0,0.0
D00278_06_fill_holes_and_orientation.obj,d00278,ComputerKeyboard,0,10,7,19371,7,19388,0.15890566254254496,0.8769535501284227,0,10,7,19371,0.0,0.9994840307517672,0.0,0.9996387656104861,1.0,0.0005159692482328053,1.0,0.0003612343895138817,0.0,0.9991231689704972,,,,-0.0004317242596766064,-0.0005159692482328282,-0.00036123438951385367,0.0,1.0005162356099324
D00360_06_fill_holes_and_orientation.obj,d00360,ComputerKeyboard,9,1,0,19378,7,19388,1.782036636735588,0.9670018719254713,9,1,0,19378,1.0,0.9999483977501419,0.9,1.0,0.0,5.1602249858093815e-05,0.1,0.0,0.9,0.9999484217041469,0.9473684210526316,0.9183673469387754,0.9782608695652175,0.9486588206384462,0.999948397750142,0.8999999999999999,19379.0,0.0
D00382_06_fill_holes_and_orientation.obj,d00382,ComputerKeyboard,7,3,0,19378,7,19388,1.3719663761663978,0.9449305646249619,7,3,0,19378,1.0,0.9998452092255301,0.7,1.0,0.0,0.00015479077446984158,0.3,0.0,0.7,0.9998452651124407,0.8235294117647058,0.7446808510638298,0.9210526315789475,0.836595270401328,0.9998452092255301,0.7,6460.333333333334,0.0
D00420_06_fill_holes_and_orientation.obj,d00420,ComputerKeyboard,0,10,6,19372,6,19388,0.03247271978687714,0.5871969004396848,0,10,6,19372,0.0,0.9994840573728201,0.0,0.9996903705232738,1.0,0.0005159426271798576,1.0,0.0003096294767261843,0.0,0.9991747472663504,,,,-0.00039968868594749107,-0.0005159426271799106,-0.000309629476726192,0.0,1.0005162089613877
D00493_06_fill_holes_and_orientation.obj,d00493,ComputerKeyboard,3,7,4,19374,7,19388,0.6787389468860862,0.9029863741238953,3,7,4,19374,0.42857142857142855,0.9996388215262371,0.3,0.9997935803488492,0.5714285714285714,0.00036117847376296373,0.7,0.00020641965115078957,0.21428571428571427,0.9994326387456158,0.3529411764705882,0.3191489361702127,0.3947368421052631,0.3582941305950396,0.42821025009766567,0.2997935803488492,1186.5918367346937,0.5716350336975917
D00525_06_fill_holes_and_orientation.obj,d00525,ComputerKeyboard,9,1,0,19378,7,19388,1.7894291111511014,0.9788211222846198,9,1,0,19378,1.0,0.9999483977501419,0.9,1.0,0.0,5.1602249858093815e-05,0.1,0.0,0.9,0.9999484217041469,0.9473684210526316,0.9183673469387754,0.9782608695652175,0.9486588206384462,0.999948397750142,0.8999999999999999,19379.0,0.0
D00569_06_fill_holes_and_orientation.obj,d00569,ComputerKeyboard,6,4,1,19377,7,19388,1.1751305926939162,0.9347873405598364,6,4,1,19377,0.8571428571428571,0.9997936123007068,0.6,0.9999483950872123,0.14285714285714285,0.00020638769929312212,0.4,5.160491278769739e-05,0.5454545454545454,0.9997421085207345,0.7058823529411764,0.6382978723404255,0.7894736842105262,0.7170199854497559,0.8569364694435639,0.5999483950872122,4153.071428571428,0.14288663290056694
D00597_06_fill_holes_and_orientation.obj,d00597,ComputerKeyboard,7,3,0,19378,7,19388,1.5823165723761907,0.9545296243089112,7,3,0,19378,1.0,0.9998452092255301,0.7,1.0,0.0,0.00015479077446984158,0.3,0.0,0.7,0.9998452651124407,0.8235294117647058,0.7446808510638298,0.9210526315789475,0.836595270401328,0.9998452092255301,0.7,6460.333333333334,0.0
D00600_06_fill_holes_and_orientation.obj,d00600,ComputerKeyboard,0,10,7,19371,7,19388,0.09674464384747668,0.8172260676505159,0,10,7,19371,0.0,0.9994840307517672,0.0,0.9996387656104861,1.0,0.0005159692482328053,1.0,0.0003612343895138817,0.0,0.9991231689704972,,,,-0.0004317242596766064,-0.0005159692482328282,-0.00036123438951385367,0.0,1.0005162356099324
D00627_06_fill_holes_and_orientation.obj,d00627,ComputerKeyboard,4,6,3,19375,7,19388,0.6698774384918629,0.913216664490009,4,6,3,19375,0.5714285714285714,0.9996904184510603,0.4,0.9998451852616369,0.42857142857142855,0.00030958154893968317,0.6,0.00015481473836309216,0.3076923076923077,0.9995357953373221,0.47058823529411764,0.425531914893617,0.5263157894736841,0.4778694155466117,0.5711189898796318,0.3998451852616369,1845.8095238095239,0.4287041474654378
D00654_06_fill_holes_and_orientation.obj,d00654,ComputerKeyboard,0,10,7,19371,7,19388,0.10492321785481036,0.8566235688476775,0,10,7,19371,0.0,0.9994840307517672,0.0,0.9996387656104861,1.0,0.0005159692482328053,1.0,0.0003612343895138817,0.0,0.9991231689704972,,,,-0.0004317242596766064,-0.0005159692482328282,-0.00036123438951385367,0.0,1.0005162356099324
D00673_06_fill_holes_and_orientation.obj,d00673,ComputerKeyboard,1,9,6,19372,7,19388,0.08574253798086151,0.7857080666927866,1,9,6,19372,0.14285714285714285,0.9995356276765904,0.1,0.9996903705232738,0.8571428571428571,0.0004643723234095248,0.9,0.0003096294767261843,0.0625,0.9992263255622035,0.11764705882352941,0.10638297872340426,0.13157894736842102,0.11914356069189547,0.14239277053373334,0.0996903705232739,307.6349206349206,0.857541075484499
D00676_06_fill_holes_and_orientation.obj,d00676,ComputerKeyboard,1,9,5,19373,6,19388,0.18703219430123144,0.7973749510252057,1,9,5,19373,0.16666666666666666,0.9995356516355381,0.1,0.9997419754360615,0.8333333333333334,0.0004643483644618718,0.9,0.0002580245639384869,0.06666666666666667,0.9992779038580565,0.125,0.10869565217391304,0.14705882352941177,0.1287530486998851,0.16620231830220478,0.09974197543606156,358.9259259259259,0.8337204700700288
D00692_06_fill_holes_and_orientation.obj,d00692,ComputerKeyboard,8,2,0,19378,7,19388,1.4642644571133707,0.9517870358277828,8,2,0,19378,1.0,0.9998968008255934,0.8,1.0,0.0,0.00010319917440660474,0.2,0.0,0.8,0.9998968434082938,0.888888888888889,0.8333333333333334,0.9523809523809523,0.8943810377353014,0.9998968008255935,0.8,9690.0,0.0
D00805_06_fill_holes_and_orientation.obj,d00805,ComputerKeyboard,6,4,0,19378,6,19388,1.3842819868798921,0.9485655826912194,6,4,0,19378,1.0,0.9997936229491281,0.6,1.0,0.0,0.00020637705087194304,0.4,0.0,0.6,0.9997936868165875,0.7499999999999999,0.6521739130434783,0.8823529411764706,0.7745167356290481,0.9997936229491282,0.6000000000000001,4845.5,0.0
D00905_06_fill_holes_and_orientation.obj,d00905,ComputerKeyboard,9,1,0,19378,7,19388,1.760047600561667,0.9673936702799182,9,1,0,19378,1.0,0.9999483977501419,0.9,1.0,0.0,5.1602249858093815e-05,0.1,0.0,0.9,0.9999484217041469,0.9473684210526316,0.9183673469387754,0.9782608695652175,0.9486588206384462,0.999948397750142,0.8999999999999999,19379.0,0.0
D00990_06_fill_holes_and_orientation.obj,d00990,ComputerKeyboard,3,7,4,19374,7,19388,0.6224641995995132,0.9404031169735754,3,7,4,19374,0.42857142857142855,0.9996388215262371,0.3,0.9997935803488492,0.5714285714285714,0.00036117847376296373,0.7,0.00020641965115078957,0.21428571428571427,0.9994326387456158,0.3529411764705882,0.3191489361702127,0.3947368421052631,0.3582941305950396,0.42821025009766567,0.2997935803488492,1186.5918367346937,0.5716350336975917
D00035_06_fill_holes_and_orientation.obj,d00035,Cup,0,10,7,19371,7,19388,0.1147827465663521,0.6507331882231642,0,10,7,19371,0.0,0.9994840307517672,0.0,0.9996387656104861,1.0,0.0005159692482328053,1.0,0.0003612343895138817,0.0,0.9991231689704972,,,,-0.0004317242596766064,-0.0005159692482328282,-0.00036123438951385367,0.0,1.0005162356099324
D00067_06_fill_holes_and_orientation.obj,d00067,Cup,1,9,6,19372,7,19388,0.19575931699280372,0.4122178943750716,1,9,6,19372,0.14285714285714285,0.9995356276765904,0.1,0.9996903705232738,0.8571428571428571,0.0004643723234095248,0.9,0.0003096294767261843,0.0625,0.9992263255622035,0.11764705882352941,0.10638297872340426,0.13157894736842102,0.11914356069189547,0.14239277053373334,0.0996903705232739,307.6349206349206,0.857541075484499
D00174_06_fill_holes_and_orientation.obj,d00174,Cup,3,7,4,19374,7,19388,0.6553339481948306,0.7312836521938366,3,7,4,19374,0.42857142857142855,0.9996388215262371,0.3,0.9997935803488492,0.5714285714285714,0.00036117847376296373,0.7,0.00020641965115078957,0.21428571428571427,0.9994326387456158,0.3529411764705882,0.3191489361702127,0.3947368421052631,0.3582941305950396,0.42821025009766567,0.2997935803488492,1186.5918367346937,0.5716350336975917
D00206_06_fill_holes_and_orientation.obj,d00206,Cup,2,8,5,19373,7,19388,0.32256594700618946,0.6941373582311834,2,8,5,19373,0.2857142857142857,0.9995872246014138,0.2,0.9997419754360615,0.7142857142857143,0.00041277539858624424,0.8,0.0002580245639384869,0.13333333333333333,0.9993294821539096,0.23529411764705882,0.2127659574468085,0.26315789473684204,0.23871884564346754,0.2853015103156995,0.19974197543606143,692.1785714285714,0.7145806756089108
D00214_06_fill_holes_and_orientation.obj,d00214,Cup,0,10,7,19371,7,19388,0.05956987260774111,0.5858488944896323,0,10,7,19371,0.0,0.9994840307517672,0.0,0.9996387656104861,1.0,0.0005159692482328053,1.0,0.0003612343895138817,0.0,0.9991231689704972,,,,-0.0004317242596766064,-0.0005159692482328282,-0.00036123438951385367,0.0,1.0005162356099324
D00270_06_fill_holes_and_orientation.obj,d00270,Cup,3,7,4,19374,7,19388,0.3179025951054187,0.7073404742811319,3,7,4,19374,0.42857142857142855,0.9996388215262371,0.3,0.9997935803488492,0.5714285714285714,0.00036117847376296373,0.7,0.00020641965115078957,0.21428571428571427,0.9994326387456158,0.3529411764705882,0.3191489361702127,0.3947368421052631,0.3582941305950396,0.42821025009766567,0.2997935803488492,1186.5918367346937,0.5716350336975917
D00328_06_fill_holes_and_orientation.obj,d00328,Cup,2,8,5,19373,7,19388,0.2824099907781079,0.6464228433955781,2,8,5,19373,0.2857142857142857,0.9995872246014138,0.2,0.9997419754360615,0.7142857142857143,0.00041277539858624424,0.8,0.0002580245639384869,0.13333333333333333,0.9993294821539096,0.23529411764705882,0.2127659574468085,0.26315789473684204,0.23871884564346754,0.2853015103156995,0.19974197543606143,692.1785714285714,0.7145806756089108
D00355_06_fill_holes_and_orientation.obj,d00355,Cup,1,9,5,19373,6,19388,0.09148341707592063,0.5274802382861725,1,9,5,19373,0.16666666666666666,0.9995356516355381,0.1,0.9997419754360615,0.8333333333333334,0.0004643483644618718,0.9,0.0002580245639384869,0.06666666666666667,0.9992779038580565,0.125,0.10869565217391304,0.14705882352941177,0.1287530486998851,0.16620231830220478,0.09974197543606156,358.9259259259259,0.8337204700700288
D00363_06_fill_holes_and_orientation.obj,d00363,Cup,0,10,7,19371,7,19388,0.04511156303145604,0.45679631114675223,0,10,7,19371,0.0,0.9994840307517672,0.0,0.9996387656104861,1.0,0.0005159692482328053,1.0,0.0003612343895138817,0.0,0.9991231689704972,,,,-0.0004317242596766064,-0.0005159692482328282,-0.00036123438951385367,0.0,1.0005162356099324
D00457_06_fill_holes_and_orientation.obj,d00457,Cup,1,9,6,19372,7,19388,0.09273626471952588,0.5393802268301067,1,9,6,19372,0.14285714285714285,0.9995356276765904,0.1,0.9996903705232738,0.8571428571428571,0.0004643723234095248,0.9,0.0003096294767261843,0.0625,0.9992263255622035,0.11764705882352941,0.10638297872340426,0.13157894736842102,0.11914356069189547,0.14239277053373334,0.0996903705232739,307.6349206349206,0.857541075484499
D00463_06_fill_holes_and_orientation.obj,d00463,Cup,2,8,5,19373,7,19388,0.3225926852826618,0.6955407263145836,2,8,5,19373,0.2857142857142857,0.9995872246014138,0.2,0.9997419754360615,0.7142857142857143,0.00041277539858624424,0.8,0.0002580245639384869,0.13333333333333333,0.9993294821539096,0.23529411764705882,0.2127659574468085,0.26315789473684204,0.23871884564346754,0.2853015103156995,0.19974197543606143,692.1785714285714,0.7145806756089108
D00519_06_fill_holes_and_orientation.obj,d00519,Cup,0,10,7,19371,7,19388,0.06271242315638496,0.5575810516668576,0,10,7,19371,0.0,0.9994840307517672,0.0,0.9996387656104861,1.0,0.0005159692482328053,1.0,0.0003612343895138817,0.0,0.9991231689704972,,,,-0.0004317242596766064,-0.0005159692482328282,-0.00036123438951385367,0.0,1.0005162356099324
D00550_06_fill_holes_and_orientation.obj,d00550,Cup,0,10,7,19371,7,19388,0.1088583058387711,0.7216319165998396,0,10,7,19371,0.0,0.9994840307517672,0.0,0.9996387656104861,1.0,0.0005159692482328053,1.0,0.0003612343895138817,0.0,0.9991231689704972,,,,-0.0004317242596766064,-0.0005159692482328282,-0.00036123438951385367,0.0,1.0005162356099324
D00587_06_fill_holes_and_orientation.obj,d00587,Cup,4,6,2,19376,6,19388,0.5890449037440125,0.7195555046397069,4,6,2,19376,0.6666666666666666,0.9996904344236921,0.4,0.9998967901744246,0.3333333333333333,0.00030956557630791457,0.6,0.00010320982557539478,0.3333333333333333,0.9995873736331752,0.5,0.43478260869565216,0.5882352941176471,0.5162112608573829,0.6663571010903588,0.3998967901744246,2153.555555555555,0.3334365538122763
D00638_06_fill_holes_and_orientation.obj,d00638,Cup,3,7,3,19375,6,19388,0.6763635826330004,0.7396752205292703,3,7,3,19375,0.5,0.9996388401609742,0.3,0.9998451852616369,0.5,0.0003611598390259003,0.7,0.00015481473836309216,0.23076923076923078,0.999484217041469,0.37499999999999994,0.32608695652173914,0.4411764705882353,0.38705852347155034,0.49963884016097415,0.29984518526163684,1384.4285714285716,0.5001806451612903
D00642_06_fill_holes_and_orientation.obj,d00642,Cup,0,10,7,19371,7,19388,0.0479327386965216,0.45026635353419636,0,10,7,19371,0.0,0.9994840307517672,0.0,0.9996387656104861,1.0,0.0005159692482328053,1.0,0.0003612343895138817,0.0,0.9991231689704972,,,,-0.0004317242596766064,-0.0005159692482328282,-0.00036123438951385367,0.0,1.0005162356099324
D00738_06_fill_holes_and_orientation.obj,d00738,Cup,2,8,5,19373,7,19388,0.2895783602121976,0.697459617367396,2,8,5,19373,0.2857142857142857,0.9995872246014138,0.2,0.9997419754360615,0.7142857142857143,0.00041277539858624424,0.8,0.0002580245639384869,0.13333333333333333,0.9993294821539096,0.23529411764705882,0.2127659574468085,0.26315789473684204,0.23871884564346754,0.2853015103156995,0.19974197543606143,692.1785714285714,0.7145806756089108
D00843_06_fill_holes_and_orientation.obj,d00843,Cup,1,9,6,19372,7,19388,0.13897796755257036,0.6574636269904914,1,9,6,19372,0.14285714285714285,0.9995356276765904,0.1,0.9996903705232738,0.8571428571428571,0.0004643723234095248,0.9,0.0003096294767261843,0.0625,0.9992263255622035,0.11764705882352941,0.10638297872340426,0.13157894736842102,0.11914356069189547,0.14239277053373334,0.0996903705232739,307.6349206349206,0.857541075484499
D00874_06_fill_holes_and_orientation.obj,d00874,Cup,2,8,5,19373,7,19388,0.38505639178491985,0.7005097949364189,2,8,5,19373,0.2857142857142857,0.9995872246014138,0.2,0.9997419754360615,0.7142857142857143,0.00041277539858624424,0.8,0.0002580245639384869,0.13333333333333333,0.9993294821539096,0.23529411764705882,0.2127659574468085,0.26315789473684204,0.23871884564346754,0.2853015103156995,0.19974197543606143,692.1785714285714,0.7145806756089108
D00882_06_fill_holes_and_orientation.obj,d00882,Cup,2,8,5,19373,7,19388,0.23051454499910057,0.6834402566158782,2,8,5,19373,0.2857142857142857,0.9995872246014138,0.2,0.9997419754360615,0.7142857142857143,0.00041277539858624424,0.8,0.0002580245639384869,0.13333333333333333,0.9993294821539096,0.23529411764705882,0.2127659574468085,0.26315789473684204,0.23871884564346754,0.2853015103156995,0.19974197543606143,692.1785714285714,0.7145806756089108
m494_06_fill_holes_and_orientation.obj,m494,Cup,0,10,7,19371,7,19388,0.09870560781174588,0.6098207125673044,0,10,7,19371,0.0,0.9994840307517672,0.0,0.9996387656104861,1.0,0.0005159692482328053,1.0,0.0003612343895138817,0.0,0.9991231689704972,,,,-0.0004317242596766064,-0.0005159692482328282,-0.00036123438951385367,0.0,1.0005162356099324
m495_06_fill_holes_and_orientation.obj,m495,Cup,0,10,7,19371,7,19388,0.05308348966581488,0.43710619773169895,0,10,7,19371,0.0,0.9994840307517672,0.0,0.9996387656104861,1.0,0.0005159692482328053,1.0,0.0003612343895138817,0.0,0.9991231689704972,,,,-0.0004317242596766064,-0.0005159692482328282,-0.00036123438951385367,0.0,1.0005162356099324
m496_06_fill_holes_and_orientation.obj,m496,Cup,3,7,4,19374,7,19388,0.40655452562940164,0.7269589872837667,3,7,4,19374,0.42857142857142855,0.9996388215262371,0.3,0.9997935803488492,0.5714285714285714,0.00036117847376296373,0.7,0.00020641965115078957,0.21428571428571427,0.9994326387456158,0.3529411764705882,0.3191489361702127,0.3947368421052631,0.3582941305950396,0.42821025009766567,0.2997935803488492,1186.5918367346937,0.5716350336975917
m497_06_fill_holes_and_orientation.obj,m497,Cup,0,10,7,19371,7,19388,0.057078391558277305,0.5021766525375186,0,10,7,19371,0.0,0.9994840307517672,0.0,0.9996387656104861,1.0,0.0005159692482328053,1.0,0.0003612343895138817,0.0,0.9991231689704972,,,,-0.0004317242596766064,-0.0005159692482328282,-0.00036123438951385367,0.0,1.0005162356099324
m498_06_fill_holes_and_orientation.obj,m498,Cup,0,10,7,19371,7,19388,0.08708101679378764,0.648055332798717,0,10,7,19371,0.0,0.9994840307517672,0.0,0.9996387656104861,1.0,0.0005159692482328053,1.0,0.0003612343895138817,0.0,0.9991231689704972,,,,-0.0004317242596766064,-0.0005159692482328282,-0.00036123438951385367,0.0,1.0005162356099324
m499_06_fill_holes_and_orientation.obj,m499,Cup,1,9,6,19372,7,19388,0.11683514286115193,0.4046139305762401,1,9,6,19372,0.14285714285714285,0.9995356276765904,0.1,0.9996903705232738,0.8571428571428571,0.0004643723234095248,0.9,0.0003096294767261843,0.0625,0.9992263255622035,0.11764705882352941,0.10638297872340426,0.13157894736842102,0.11914356069189547,0.14239277053373334,0.0996903705232739,307.6349206349206,0.857541075484499
m500_06_fill_holes_and_orientation.obj,m500,Cup,0,10,7,19371,7,19388,0.06480256266621547,0.561404513689999,0,10,7,19371,0.0,0.9994840307517672,0.0,0.9996387656104861,1.0,0.0005159692482328053,1.0,0.0003612343895138817,0.0,0.9991231689704972,,,,-0.0004317242596766064,-0.0005159692482328282,-0.00036123438951385367,0.0,1.0005162356099324
m501_06_fill_holes_and_orientation.obj,m501,Cup,0,10,7,19371,7,19388,0.1552963040054933,0.703545652422958,0,10,7,19371,0.0,0.9994840307517672,0.0,0.9996387656104861,1.0,0.0005159692482328053,1.0,0.0003612343895138817,0.0,0.9991231689704972,,,,-0.0004317242596766064,-0.0005159692482328282,-0.00036123438951385367,0.0,1.0005162356099324
m502_06_fill_holes_and_orientation.obj,m502,Cup,1,9,6,19372,7,19388,0.2214662053376009,0.7052354221560316,1,9,6,19372,0.14285714285714285,0.9995356276765904,0.1,0.9996903705232738,0.8571428571428571,0.0004643723234095248,0.9,0.0003096294767261843,0.0625,0.9992263255622035,0.11764705882352941,0.10638297872340426,0.13157894736842102,0.11914356069189547,0.14239277053373334,0.0996903705232739,307.6349206349206,0.857541075484499
m526_06_fill_holes_and_orientation.obj,m526,Cup,0,10,7,19371,7,19388,0.06307050533627226,0.5704404857371979,0,10,7,19371,0.0,0.9994840307517672,0.0,0.9996387656104861,1.0,0.0005159692482328053,1.0,0.0003612343895138817,0.0,0.9991231689704972,,,,-0.0004317242596766064,-0.0005159692482328282,-0.00036123438951385367,0.0,1.0005162356099324
D00048_06_fill_holes_and_orientation.obj,d00048,DeskLamp,0,10,7,19371,7,19388,0.04715818488778848,0.45367677606979645,0,10,7,19371,0.0,0.9994840307517672,0.0,0.9996387656104861,1.0,0.0005159692482328053,1.0,0.0003612343895138817,0.0,0.9991231689704972,,,,-0.0004317242596766064,-0.0005159692482328282,-0.00036123438951385367,0.0,1.0005162356099324
D00090_06_fill_holes_and_orientation.obj,d00090,DeskLamp,0,10,7,19371,7,19388,0.08189157053091718,0.6019664866362,0,10,7,19371,0.0,0.9994840307517672,0.0,0.9996387656104861,1.0,0.0005159692482328053,1.0,0.0003612343895138817,0.0,0.9991231689704972,,,,-0.0004317242596766064,-0.0005159692482328282,-0.00036123438951385367,0.0,1.0005162356099324
D00147_06_fill_holes_and_orientation.obj,d00147,DeskLamp,4,6,3,19375,7,19388,0.7933923171084668,0.6970641185431381,4,6,3,19375,0.5714285714285714,0.9996904184510603,0.4,0.9998451852616369,0.42857142857142855,0.00030958154893968317,0.6,0.00015481473836309216,0.3076923076923077,0.9995357953373221,0.47058823529411764,0.425531914893617,0.5263157894736841,0.4778694155466117,0.5711189898796318,0.3998451852616369,1845.8095238095239,0.4287041474654378
D00257_06_fill_holes_and_orientation.obj,d00257,DeskLamp,1,9,6,19372,7,19388,0.1656863886688849,0.6922448414347043,1,9,6,19372,0.14285714285714285,0.9995356276765904,0.1,0.9996903705232738,0.8571428571428571,0.0004643723234095248,0.9,0.0003096294767261843,0.0625,0.9992263255622035,0.11764705882352941,0.10638297872340426,0.13157894736842102,0.11914356069189547,0.14239277053373334,0.0996903705232739,307.6349206349206,0.857541075484499
D00268_06_fill_holes_and_orientation.obj,d00268,DeskLamp,1,9,6,19372,7,19388,0.1010114191880861,0.6628029358814569,1,9,6,19372,0.14285714285714285,0.9995356276765904,0.1,0.9996903705232738,0.8571428571428571,0.0004643723234095248,0.9,0.0003096294767261843,0.0625,0.9992263255622035,0.11764705882352941,0.10638297872340426,0.13157894736842102,0.11914356069189547,0.14239277053373334,0.0996903705232739,307.6349206349206,0.857541075484499
D00330_06_fill_holes_and_orientation.obj,d00330,DeskLamp,0,10,7,19371,7,19388,0.06823552871599196,0.6080875225038084,0,10,7,19371,0.0,0.9994840307517672,0.0,0.9996387656104861,1.0,0.0005159692482328053,1.0,0.0003612343895138817,0.0,0.9991231689704972,,,,-0.0004317242596766064,-0.0005159692482328282,-0.00036123438951385367,0.0,1.0005162356099324
D00378_06_fill_holes_and_orientation.obj,d00378,DeskLamp,0,10,7,19371,7,19388,0.07255299259579327,0.6169921063564603,0,10,7,19371,0.0,0.9994840307517672,0.0,0.9996387656104861,1.0,0.0005159692482328053,1.0,0.0003612343895138817,0.0,0.9991231689704972,,,,-0.0004317242596766064,-0.0005159692482328282,-0.00036123438951385367,0.0,1.0005162356099324
D00435_06_fill_holes_and_orientation.obj,d00435,DeskLamp,1,9,6,19372,7,19388,0.20195585538711394,0.668771638277247,1,9,6,19372,0.14285714285714285,0.9995356276765904,0.1,0.9996903705232738,0.8571428571428571,0.0004643723234095248,0.9,0.0003096294767261843,0.0625,0.9992263255622035,0.11764705882352941,0.10638297872340426,0.13157894736842102,0.11914356069189547,0.14239277053373334,0.0996903705232739,307.6349206349206,0.857541075484499
D00455_06_fill_holes_and_orientation.obj,d00455,DeskLamp,3,7,3,19375,6,19388,0.9148808526768586,0.7712089738263399,3,7,3,19375,0.5,0.9996388401609742,0.3,0.9998451852616369,0.5,0.0003611598390259003,0.7,0.00015481473836309216,0.23076923076923078,0.999484217041469,0.37499999999999994,0.32608695652173914,0.4411764705882353,0.38705852347155034,0.49963884016097415,0.29984518526163684,1384.4285714285716,0.5001806451612903
D00531_06_fill_holes_and_orientation.obj,d00531,DeskLamp,0,10,7,19371,7,19388,0.08314192006350564,0.6427918570835065,0,10,7,19371,0.0,0.9994840307517672,0.0,0.9996387656104861,1.0,0.0005159692482328053,1.0,0.0003612343895138817,0.0,0.9991231689704972,,,,-0.0004317242596766064,-0.0005159692482328282,-0.00036123438951385367,0.0,1.0005162356099324
D00547_06_fill_holes_and_orientation.obj,d00547,DeskLamp,0,10,7,19371,7,19388,0.15222851830770673,0.6828140146794073,0,10,7,19371,0.0,0.9994840307517672,0.0,0.9996387656104861,1.0,0.0005159692482328053,1.0,0.0003612343895138817,0.0,0.9991231689704972,,,,-0.0004317242596766064,-0.0005159692482328282,-0.00036123438951385367,0.0,1.0005162356099324
D00686_06_fill_holes_and_orientation.obj,d00686,DeskLamp,4,6,3,19375,7,19388,0.5171867408366996,0.6864146240132946,4,6,3,19375,0.5714285714285714,0.9996904184510603,0.4,0.9998451852616369,0.42857142857142855,0.00030958154893968317,0.6,0.00015481473836309216,0.3076923076923077,0.9995357953373221,0.47058823529411764,0.425531914893617,0.5263157894736841,0.4778694155466117,0.5711189898796318,0.3998451852616369,1845.8095238095239,0.4287041474654378
D00693_06_fill_holes_and_orientation.obj,d00693,DeskLamp,0,10,7,19371,7,19388,0.1123704370544452,0.6911508101371002,0,10,7,19371,0.0,0.9994840307517672,0.0,0.9996387656104861,1.0,0.0005159692482328053,1.0,0.0003612343895138817,0.0,0.9991231689704972,,,,-0.0004317242596766064,-0.0005159692482328282,-0.00036123438951385367,0.0,1.0005162356099324
D00698_06_fill_holes_and_orientation.obj,d00698,DeskLamp,0,10,7,19371,7,19388,0.06535449231526808,0.6049300650879379,0,10,7,19371,0.0,0.9994840307517672,0.0,0.9996387656104861,1.0,0.0005159692482328053,1.0,0.0003612343895138817,0.0,0.9991231689704972,,,,-0.0004317242596766064,-0.0005159692482328282,-0.00036123438951385367,0.0,1.0005162356099324
D00715_06_fill_holes_and_orientation.obj,d00715,DeskLamp,3,7,4,19374,7,19388,0.5658254694968515,0.6767760697964271,3,7,4,19374,0.42857142857142855,0.9996388215262371,0.3,0.9997935803488492,0.5714285714285714,0.00036117847376296373,0.7,0.00020641965115078957,0.21428571428571427,0.9994326387456158,0.3529411764705882,0.3191489361702127,0.3947368421052631,0.3582941305950396,0.42821025009766567,0.2997935803488492,1186.5918367346937,0.5716350336975917
D00744_06_fill_holes_and_orientation.obj,d00744,DeskLamp,0,10,7,19371,7,19388,0.09652815830370738,0.6486359230023542,0,10,7,19371,0.0,0.9994840307517672,0.0,0.9996387656104861,1.0,0.0005159692482328053,1.0,0.0003612343895138817,0.0,0.9991231689704972,,,,-0.0004317242596766064,-0.0005159692482328282,-0.00036123438951385367,0.0,1.0005162356099324
D00759_06_fill_holes_and_orientation.obj,d00759,DeskLamp,0,10,7,19371,7,19388,0.05842535820043369,0.5189862899875364,0,10,7,19371,0.0,0.9994840307517672,0.0,0.9996387656104861,1.0,0.0005159692482328053,1.0,0.0003612343895138817,0.0,0.9991231689704972,,,,-0.0004317242596766064,-0.0005159692482328282,-0.00036123438951385367,0.0,1.0005162356099324
D00776_06_fill_holes_and_orientation.obj,d00776,DeskLamp,1,9,6,19372,7,19388,0.15457958156876725,0.7178507131976181,1,9,6,19372,0.14285714285714285,0.9995356276765904,0.1,0.9996903705232738,0.8571428571428571,0.0004643723234095248,0.9,0.0003096294767261843,0.0625,0.9992263255622035,0.11764705882352941,0.10638297872340426,0.13157894736842102,0.11914356069189547,0.14239277053373334,0.0996903705232739,307.6349206349206,0.857541075484499
D00797_06_fill_holes_and_orientation.obj,d00797,DeskLamp,1,9,6,19372,7,19388,0.3121114900501528,0.6666805151641048,1,9,6,19372,0.14285714285714285,0.9995356276765904,0.1,0.9996903705232738,0.8571428571428571,0.0004643723234095248,0.9,0.0003096294767261843,0.0625,0.9992263255622035,0.11764705882352941,0.10638297872340426,0.13157894736842102,0.11914356069189547,0.14239277053373334,0.0996903705232739,307.6349206349206,0.857541075484499
D00912_06_fill_holes_and_orientation.obj,d00912,DeskLamp,1,9,6,19372,7,19388,0.5916484174480342,0.7301897244149009,1,9,6,19372,0.14285714285714285,0.9995356276765904,0.1,0.9996903705232738,0.8571428571428571,0.0004643723234095248,0.9,0.0003096294767261843,0.0625,0.9992263255622035,0.11764705882352941,0.10638297872340426,0.13157894736842102,0.11914356069189547,0.14239277053373334,0.0996903705232739,307.6349206349206,0.857541075484499
m603_06_fill_holes_and_orientation.obj,m603,DeskLamp,0,10,7,19371,7,19388,0.08058281347348903,0.6090846143193464,0,10,7,19371,0.0,0.9994840307517672,0.0,0.9996387656104861,1.0,0.0005159692482328053,1.0,0.0003612343895138817,0.0,0.9991231689704972,,,,-0.0004317242596766064,-0.0005159692482328282,-0.00036123438951385367,0.0,1.0005162356099324
m604_06_fill_holes_and_orientation.obj,m604,DeskLamp,0,10,7,19371,7,19388,0.07868357468843237,0.6542168674698795,0,10,7,19371,0.0,0.9994840307517672,0.0,0.9996387656104861,1.0,0.0005159692482328053,1.0,0.0003612343895138817,0.0,0.9991231689704972,,,,-0.0004317242596766064,-0.0005159692482328282,-0.00036123438951385367,0.0,1.0005162356099324
m605_06_fill_holes_and_orientation.obj,m605,DeskLamp,0,10,7,19371,7,19388,0.15084031882620536,0.6668605456307991,0,10,7,19371,0.0,0.9994840307517672,0.0,0.9996387656104861,1.0,0.0005159692482328053,1.0,0.0003612343895138817,0.0,0.9991231689704972,,,,-0.0004317242596766064,-0.0005159692482328282,-0.00036123438951385367,0.0,1.0005162356099324
m606_06_fill_holes_and_orientation.obj,m606,DeskLamp,0,10,7,19371,7,19388,0.18072921437108783,0.7161473480127407,0,10,7,19371,0.0,0.9994840307517672,0.0,0.9996387656104861,1.0,0.0005159692482328053,1.0,0.0003612343895138817,0.0,0.9991231689704972,,,,-0.0004317242596766064,-0.0005159692482328282,-0.00036123438951385367,0.0,1.0005162356099324
m608_06_fill_holes_and_orientation.obj,m608,DeskLamp,0,10,7,19371,7,19388,0.05719524097862229,0.5266445090707658,0,10,7,19371,0.0,0.9994840307517672,0.0,0.9996387656104861,1.0,0.0005159692482328053,1.0,0.0003612343895138817,0.0,0.9991231689704972,,,,-0.0004317242596766064,-0.0005159692482328282,-0.00036123438951385367,0.0,1.0005162356099324
m609_06_fill_holes_and_orientation.obj,m609,DeskLamp,0,10,7,19371,7,19388,0.07791946076278969,0.6352859714720953,0,10,7,19371,0.0,0.9994840307517672,0.0,0.9996387656104861,1.0,0.0005159692482328053,1.0,0.0003612343895138817,0.0,0.9991231689704972,,,,-0.0004317242596766064,-0.0005159692482328282,-0.00036123438951385367,0.0,1.0005162356099324
m611_06_fill_holes_and_orientation.obj,m611,DeskLamp,4,6,3,19375,7,19388,0.5909548806118542,0.7348012740617643,4,6,3,19375,0.5714285714285714,0.9996904184510603,0.4,0.9998451852616369,0.42857142857142855,0.00030958154893968317,0.6,0.00015481473836309216,0.3076923076923077,0.9995357953373221,0.47058823529411764,0.425531914893617,0.5263157894736841,0.4778694155466117,0.5711189898796318,0.3998451852616369,1845.8095238095239,0.4287041474654378
m613_06_fill_holes_and_orientation.obj,m613,DeskLamp,1,9,6,19372,7,19388,0.09625695754704434,0.6503254396897936,1,9,6,19372,0.14285714285714285,0.9995356276765904,0.1,0.9996903705232738,0.8571428571428571,0.0004643723234095248,0.9,0.0003096294767261843,0.0625,0.9992263255622035,0.11764705882352941,0.10638297872340426,0.13157894736842102,0.11914356069189547,0.14239277053373334,0.0996903705232739,307.6349206349206,0.857541075484499
m614_06_fill_holes_and_orientation.obj,m614,DeskLamp,0,10,7,19371,7,19388,0.10546581907629515,0.6555324747264921,0,10,7,19371,0.0,0.9994840307517672,0.0,0.9996387656104861,1.0,0.0005159692482328053,1.0,0.0003612343895138817,0.0,0.9991231689704972,,,,-0.0004317242596766064,-0.0005159692482328282,-0.00036123438951385367,0.0,1.0005162356099324
m615_06_fill_holes_and_orientation.obj,m615,DeskLamp,0,10,7,19371,7,19388,0.06977509569369396,0.6279878133222546,0,10,7,19371,0.0,0.9994840307517672,0.0,0.9996387656104861,1.0,0.0005159692482328053,1.0,0.0003612343895138817,0.0,0.9991231689704972,,,,-0.0004317242596766064,-0.0005159692482328282,-0.00036123438951385367,0.0,1.0005162356099324
m616_06_fill_holes_and_orientation.obj,m616,DeskLamp,1,9,6,19372,7,19388,0.31775003962642645,0.669768730092785,1,9,6,19372,0.14285714285714285,0.9995356276765904,0.1,0.9996903705232738,0.8571428571428571,0.0004643723234095248,0.9,0.0003096294767261843,0.0625,0.9992263255622035,0.11764705882352941,0.10638297872340426,0.13157894736842102,0.11914356069189547,0.14239277053373334,0.0996903705232739,307.6349206349206,0.857541075484499
D00118_06_fill_holes_and_orientation.obj,d00118,DeskPhone,2,8,5,19373,7,19388,0.20656172893218883,0.8096512994645422,2,8,5,19373,0.2857142857142857,0.9995872246014138,0.2,0.9997419754360615,0.7142857142857143,0.00041277539858624424,0.8,0.0002580245639384869,0.13333333333333333,0.9993294821539096,0.23529411764705882,0.2127659574468085,0.26315789473684204,0.23871884564346754,0.2853015103156995,0.19974197543606143,692.1785714285714,0.7145806756089108
D00135_06_fill_holes_and_orientation.obj,d00135,DeskPhone,2,8,5,19373,7,19388,0.22821367705961082,0.6968786731095729,2,8,5,19373,0.2857142857142857,0.9995872246014138,0.2,0.9997419754360615,0.7142857142857143,0.00041277539858624424,0.8,0.0002580245639384869,0.13333333333333333,0.9993294821539096,0.23529411764705882,0.2127659574468085,0.26315789473684204,0.23871884564346754,0.2853015103156995,0.19974197543606143,692.1785714285714,0.7145806756089108
D00154_06_fill_holes_and_orientation.obj,d00154,DeskPhone,2,8,5,19373,7,19388,0.16961208268858272,0.7961777893866179,2,8,5,19373,0.2857142857142857,0.9995872246014138,0.2,0.9997419754360615,0.7142857142857143,0.00041277539858624424,0.8,0.0002580245639384869,0.13333333333333333,0.9993294821539096,0.23529411764705882,0.2127659574468085,0.26315789473684204,0.23871884564346754,0.2853015103156995,0.19974197543606143,692.1785714285714,0.7145806756089108
D00220_06_fill_holes_and_orientation.obj,d00220,DeskPhone,1,9,6,19372,7,19388,0.10490478701120706,0.7222149666971398,1,9,6,19372,0.14285714285714285,0.9995356276765904,0.1,0.9996903705232738,0.8571428571428571,0.0004643723234095248,0.9,0.0003096294767261843,0.0625,0.9992263255622035,0.11764705882352941,0.10638297872340426,0.13157894736842102,0.11914356069189547,0.14239277053373334,0.0996903705232739,307.6349206349206,0.857541075484499
D00316_06_fill_holes_and_orientation.obj,d00316,DeskPhone,3,7,4,19374,7,19388,0.2737818547427599,0.766531713900135,3,7,4,19374,0.42857142857142855,0.9996388215262371,0.3,0.9997935803488492,0.5714285714285714,0.00036117847376296373,0.7,0.00020641965115078957,0.21428571428571427,0.9994326387456158,0.3529411764705882,0.3191489361702127,0.3947368421052631,0.3582941305950396,0.42821025009766567,0.2997935803488492,1186.5918367346937,0.5716350336975917
D00318_06_fill_holes_and_orientation.obj,d00318,DeskPhone,2,8,5,19373,7,19388,0.12954490509740685,0.5623612380828,2,8,5,19373,0.2857142857142857,0.9995872246014138,0.2,0.9997419754360615,0.7142857142857143,0.00041277539858624424,0.8,0.0002580245639384869,0.13333333333333333,0.9993294821539096,0.23529411764705882,0.2127659574468085,0.26315789473684204,0.23871884564346754,0.2853015103156995,0.19974197543606143,692.1785714285714,0.7145806756089108
D00403_06_fill_holes_and_orientation.obj,d00403,DeskPhone,0,10,7,19371,7,19388,0.029574026612818608,0.5972312916285751,0,10,7,19371,0.0,0.9994840307517672,0.0,0.9996387656104861,1.0,0.0005159692482328053,1.0,0.0003612343895138817,0.0,0.9991231689704972,,,,-0.0004317242596766064,-0.0005159692482328282,-0.00036123438951385367,0.0,1.0005162356099324
D00486_06_fill_holes_and_orientation.obj,d00486,DeskPhone,2,8,5,19373,7,19388,0.20984145905880738,0.6592660310826695,2,8,5,19373,0.2857142857142857,0.9995872246014138,0.2,0.9997419754360615,0.7142857142857143,0.00041277539858624424,0.8,0.0002580245639384869,0.13333333333333333,0.9993294821539096,0.23529411764705882,0.2127659574468085,0.26315789473684204,0.23871884564346754,0.2853015103156995,0.19974197543606143,692.1785714285714,0.7145806756089108
D00511_06_fill_holes_and_orientation.obj,d00511,DeskPhone,1,9,6,19372,7,19388,0.06885237661829179,0.6361281615950546,1,9,6,19372,0.14285714285714285,0.9995356276765904,0.1,0.9996903705232738,0.8571428571428571,0.0004643723234095248,0.9,0.0003096294767261843,0.0625,0.9992263255622035,0.11764705882352941,0.10638297872340426,0.13157894736842102,0.11914356069189547,0.14239277053373334,0.0996903705232739,307.6349206349206,0.857541075484499
D00556_06_fill_holes_and_orientation.obj,d00556,DeskPhone,0,10,7,19371,7,19388,0.09835214084266107,0.7861433981977275,0,10,7,19371,0.0,0.9994840307517672,0.0,0.9996387656104861,1.0,0.0005159692482328053,1.0,0.0003612343895138817,0.0,0.9991231689704972,,,,-0.0004317242596766064,-0.0005159692482328282,-0.00036123438951385367,0.0,1.0005162356099324
D00576_06_fill_holes_and_orientation.obj,d00576,DeskPhone,3,7,4,19374,7,19388,0.2841244926454918,0.7203865743763876,3,7,4,19374,0.42857142857142855,0.9996388215262371,0.3,0.9997935803488492,0.5714285714285714,0.00036117847376296373,0.7,0.00020641965115078957,0.21428571428571427,0.9994326387456158,0.3529411764705882,0.3191489361702127,0.3947368421052631,0.3582941305950396,0.42821025009766567,0.2997935803488492,1186.5918367346937,0.5716350336975917
D00680_06_fill_holes_and_orientation.obj,d00680,DeskPhone,0,10,7,19371,7,19388,0.03244422410540538,0.6300770536763746,0,10,7,19371,0.0,0.9994840307517672,0.0,0.9996387656104861,1.0,0.0005159692482328053,1.0,0.0003612343895138817,0.0,0.9991231689704972,,,,-0.0004317242596766064,-0.0005159692482328282,-0.00036123438951385367,0.0,1.0005162356099324
D00706_06_fill_holes_and_orientation.obj,d00706,DeskPhone,1,9,6,19372,7,19388,0.17505858207957822,0.7823342475294937,1,9,6,19372,0.14285714285714285,0.9995356276765904,0.1,0.9996903705232738,0.8571428571428571,0.0004643723234095248,0.9,0.0003096294767261843,0.0625,0.9992263255622035,0.11764705882352941,0.10638297872340426,0.13157894736842102,0.11914356069189547,0.14239277053373334,0.0996903705232739,307.6349206349206,0.857541075484499
D00773_06_fill_holes_and_orientation.obj,d00773,DeskPhone,0,10,7,19371,7,19388,0.031126354332449407,0.6040659962561491,0,10,7,19371,0.0,0.9994840307517672,0.0,0.9996387656104861,1.0,0.0005159692482328053,1.0,0.0003612343895138817,0.0,0.9991231689704972,,,,-0.0004317242596766064,-0.0005159692482328282,-0.00036123438951385367,0.0,1.0005162356099324
D00829_06_fill_holes_and_orientation.obj,d00829,DeskPhone,1,9,6,19372,7,19388,0.10610793578796816,0.6608332245004571,1,9,6,19372,0.14285714285714285,0.9995356276765904,0.1,0.9996903705232738,0.8571428571428571,0.0004643723234095248,0.9,0.0003096294767261843,0.0625,0.9992263255622035,0.11764705882352941,0.10638297872340426,0.13157894736842102,0.11914356069189547,0.14239277053373334,0.0996903705232739,307.6349206349206,0.857541075484499
D00894_06_fill_holes_and_orientation.obj,d00894,DeskPhone,0,10,7,19371,7,19388,0.1249832800908789,0.7783944974097775,0,10,7,19371,0.0,0.9994840307517672,0.0,0.9996387656104861,1.0,0.0005159692482328053,1.0,0.0003612343895138817,0.0,0.9991231689704972,,,,-0.0004317242596766064,-0.0005159692482328282,-0.00036123438951385367,0.0,1.0005162356099324
D00897_06_fill_holes_and_orientation.obj,d00897,DeskPhone,1,9,6,19372,7,19388,0.2193481700975641,0.6766575247050628,1,9,6,19372,0.14285714285714285,0.9995356276765904,0.1,0.9996903705232738,0.8571428571428571,0.0004643723234095248,0.9,0.0003096294767261843,0.0625,0.9992263255622035,0.11764705882352941,0.10638297872340426,0.13157894736842102,0.11914356069189547,0.14239277053373334,0.0996903705232739,307.6349206349206,0.857541075484499
D00899_06_fill_holes_and_orientation.obj,d00899,DeskPhone,0,10,7,19371,7,19388,0.05329608792443701,0.6922641591571982,0,10,7,19371,0.0,0.9994840307517672,0.0,0.9996387656104861,1.0,0.0005159692482328053,1.0,0.0003612343895138817,0.0,0.9991231689704972,,,,-0.0004317242596766064,-0.0005159692482328282,-0.00036123438951385367,0.0,1.0005162356099324
D00957_06_fill_holes_and_orientation.obj,d00957,DeskPhone,0,10,7,19371,7,19388,0.12565091495310168,0.7635061599407948,0,10,7,19371,0.0,0.9994840307517672,0.0,0.9996387656104861,1.0,0.0005159692482328053,1.0,0.0003612343895138817,0.0,0.9991231689704972,,,,-0.0004317242596766064,-0.0005159692482328282,-0.00036123438951385367,0.0,1.0005162356099324
D00958_06_fill_holes_and_orientation.obj,d00958,DeskPhone,1,9,6,19372,7,19388,0.13282141027664537,0.7785250968612598,1,9,6,19372,0.14285714285714285,0.9995356276765904,0.1,0.9996903705232738,0.8571428571428571,0.0004643723234095248,0.9,0.0003096294767261843,0.0625,0.9992263255622035,0.11764705882352941,0.10638297872340426,0.13157894736842102,0.11914356069189547,0.14239277053373334,0.0996903705232739,307.6349206349206,0.857541075484499
D01005_06_fill_holes_and_orientation.obj,d01005,Door,2,8,5,19373,7,19388,0.2947084707154025,0.37444521356732763,2,8,5,19373,0.2857142857142857,0.9995872246014138,0.2,0.9997419754360615,0.7142857142857143,0.00041277539858624424,0.8,0.0002580245639384869,0.13333333333333333,0.9993294821539096,0.23529411764705882,0.2127659574468085,0.26315789473684204,0.23871884564346754,0.2853015103156995,0.19974197543606143,692.1785714285714,0.7145806756089108
D01029_06_fill_holes_and_orientation.obj,d01029,Door,1,9,6,19372,7,19388,0.2591820491728967,0.5456655401278554,1,9,6,19372,0.14285714285714285,0.9995356276765904,0.1,0.9996903705232738,0.8571428571428571,0.0004643723234095248,0.9,0.0003096294767261843,0.0625,0.9992263255622035,0.11764705882352941,0.10638297872340426,0.13157894736842102,0.11914356069189547,0.14239277053373334,0.0996903705232739,307.6349206349206,0.857541075484499
D01052_06_fill_holes_and_orientation.obj,d01052,Door,2,8,5,19373,7,19388,0.997682491388158,0.7536951830286249,2,8,5,19373,0.2857142857142857,0.9995872246014138,0.2,0.9997419754360615,0.7142857142857143,0.00041277539858624424,0.8,0.0002580245639384869,0.13333333333333333,0.9993294821539096,0.23529411764705882,0.2127659574468085,0.26315789473684204,0.23871884564346754,0.2853015103156995,0.19974197543606143,692.1785714285714,0.7145806756089108
D01058_06_fill_holes_and_orientation.obj,d01058,Door,2,8,5,19373,7,19388,0.4629431954636415,0.6227554053503807,2,8,5,19373,0.2857142857142857,0.9995872246014138,0.2,0.9997419754360615,0.7142857142857143,0.00041277539858624424,0.8,0.0002580245639384869,0.13333333333333333,0.9993294821539096,0.23529411764705882,0.2127659574468085,0.26315789473684204,0.23871884564346754,0.2853015103156995,0.19974197543606143,692.1785714285714,0.7145806756089108
D01062_06_fill_holes_and_orientation.obj,d01062,Door,4,6,3,19375,7,19388,0.7004831705521201,0.3667392809153467,4,6,3,19375,0.5714285714285714,0.9996904184510603,0.4,0.9998451852616369,0.42857142857142855,0.00030958154893968317,0.6,0.00015481473836309216,0.3076923076923077,0.9995357953373221,0.47058823529411764,0.425531914893617,0.5263157894736841,0.4778694155466117,0.5711189898796318,0.3998451852616369,1845.8095238095239,0.4287041474654378
D01076_06_fill_holes_and_orientation.obj,d01076,Door,4,6,3,19375,7,19388,0.6649590996310565,0.7140355877682316,4,6,3,19375,0.5714285714285714,0.9996904184510603,0.4,0.9998451852616369,0.42857142857142855,0.00030958154893968317,0.6,0.00015481473836309216,0.3076923076923077,0.9995357953373221,0.47058823529411764,0.425531914893617,0.5263157894736841,0.4778694155466117,0.5711189898796318,0.3998451852616369,1845.8095238095239,0.4287041474654378
D01104_06_fill_holes_and_orientation.obj,d01104,Door,5,5,2,19376,7,19388,0.8727105599580678,0.6810639684026222,5,5,2,19376,0.7142857142857143,0.9997420153758836,0.5,0.9998967901744246,0.2857142857142857,0.00025798462411640266,0.5,0.00010320982557539478,0.4166666666666667,0.9996389519290283,0.588235294117647,0.5319148936170213,0.6578947368421053,0.5974447004981838,0.714027729661598,0.4998967901744247,2768.714285714286,0.28578801462781644
D01114_06_fill_holes_and_orientation.obj,d01114,Door,2,8,5,19373,7,19388,0.6868568301093311,0.7225049879881102,2,8,5,19373,0.2857142857142857,0.9995872246014138,0.2,0.9997419754360615,0.7142857142857143,0.00041277539858624424,0.8,0.0002580245639384869,0.13333333333333333,0.9993294821539096,0.23529411764705882,0.2127659574468085,0.26315789473684204,0.23871884564346754,0.2853015103156995,0.19974197543606143,692.1785714285714,0.7145806756089108
D01121_06_fill_holes_and_orientation.obj,d01121,Door,1,9,6,19372,7,19388,0.2415902912213341,0.3520908831792825,1,9,6,19372,0.14285714285714285,0.9995356276765904,0.1,0.9996903705232738,0.8571428571428571,0.0004643723234095248,0.9,0.0003096294767261843,0.0625,0.9992263255622035,0.11764705882352941,0.10638297872340426,0.13157894736842102,0.11914356069189547,0.14239277053373334,0.0996903705232739,307.6349206349206,0.857541075484499
D01129_06_fill_holes_and_orientation.obj,d01129,Door,1,9,6,19372,7,19388,0.2239945429954178,0.30084694002198786,1,9,6,19372,0.14285714285714285,0.9995356276765904,0.1,0.9996903705232738,0.8571428571428571,0.0004643723234095248,0.9,0.0003096294767261843,0.0625,0.9992263255622035,0.11764705882352941,0.10638297872340426,0.13157894736842102,0.11914356069189547,0.14239277053373334,0.0996903705232739,307.6349206349206,0.857541075484499
D01136_06_fill_holes_and_orientation.obj,d01136,Door,1,9,6,19372,7,19388,0.2729829173586414,0.48736715664318586,1,9,6,19372,0.14285714285714285,0.9995356276765904,0.1,0.9996903705232738,0.8571428571428571,0.0004643723234095248,0.9,0.0003096294767261843,0.0625,0.9992263255622035,0.11764705882352941,0.10638297872340426,0.13157894736842102,0.11914356069189547,0.14239277053373334,0.0996903705232739,307.6349206349206,0.857541075484499
D01141_06_fill_holes_and_orientation.obj,d01141,Door,2,8,5,19373,7,19388,0.41676163970287733,0.41909279693798607,2,8,5,19373,0.2857142857142857,0.9995872246014138,0.2,0.9997419754360615,0.7142857142857143,0.00041277539858624424,0.8,0.0002580245639384869,0.13333333333333333,0.9993294821539096,0.23529411764705882,0.2127659574468085,0.26315789473684204,0.23871884564346754,0.2853015103156995,0.19974197543606143,692.1785714285714,0.7145806756089108
D01144_06_fill_holes_and_orientation.obj,d01144,Door,3,7,4,19374,7,19388,0.39057071016803047,0.3466549940958508,3,7,4,19374,0.42857142857142855,0.9996388215262371,0.3,0.9997935803488492,0.5714285714285714,0.00036117847376296373,0.7,0.00020641965115078957,0.21428571428571427,0.9994326387456158,0.3529411764705882,0.3191489361702127,0.3947368421052631,0.3582941305950396,0.42821025009766567,0.2997935803488492,1186.5918367346937,0.5716350336975917
D01155_06_fill_holes_and_orientation.obj,d01155,Door,4,6,3,19375,7,19388,1.0467972549884343,0.7121727269025611,4,6,3,19375,0.5714285714285714,0.9996904184510603,0.4,0.9998451852616369,0.42857142857142855,0.00030958154893968317,0.6,0.00015481473836309216,0.3076923076923077,0.9995357953373221,0.47058823529411764,0.425531914893617,0.5263157894736841,0.4778694155466117,0.5711189898796318,0.3998451852616369,1845.8095238095239,0.4287041474654378
D01158_06_fill_holes_and_orientation.obj,d01158,Door,3,7,4,19374,7,19388,0.8974077790931422,0.6890447493790464,3,7,4,19374,0.42857142857142855,0.9996388215262371,0.3,0.9997935803488492,0.5714285714285714,0.00036117847376296373,0.7,0.00020641965115078957,0.21428571428571427,0.9994326387456158,0.3529411764705882,0.3191489361702127,0.3947368421052631,0.3582941305950396,0.42821025009766567,0.2997935803488492,1186.5918367346937,0.5716350336975917
D01167_06_fill_holes_and_orientation.obj,d01167,Door,5,5,2,19376,7,19388,0.759126518722579,0.39613787206319473,5,5,2,19376,0.7142857142857143,0.9997420153758836,0.5,0.9998967901744246,0.2857142857142857,0.00025798462411640266,0.5,0.00010320982557539478,0.4166666666666667,0.9996389519290283,0.588235294117647,0.5319148936170213,0.6578947368421053,0.5974447004981838,0.714027729661598,0.4998967901744247,2768.714285714286,0.28578801462781644
D01177_06_fill_holes_and_orientation.obj,d01177,Door,3,7,4,19374,7,19388,0.5292905087763939,0.6619060222321755,3,7,4,19374,0.42857142857142855,0.9996388215262371,0.3,0.9997935803488492,0.5714285714285714,0.00036117847376296373,0.7,0.00020641965115078957,0.21428571428571427,0.9994326387456158,0.3529411764705882,0.3191489361702127,0.3947368421052631,0.3582941305950396,0.42821025009766567,0.2997935803488492,1186.5918367346937,0.5716350336975917
D01194_06_fill_holes_and_orientation.obj,d01194,Door,0,10,7,19371,7,19388,0.08589562895932339,0.3454741642575023,0,10,7,19371,0.0,0.9994840307517672,0.0,0.9996387656104861,1.0,0.0005159692482328053,1.0,0.0003612343895138817,0.0,0.9991231689704972,,,,-0.0004317242596766064,-0.0005159692482328282,-0.00036123438951385367,0.0,1.0005162356099324
m1707_06_fill_holes_and_orientation.obj,m1707,Door,1,9,6,19372,7,19388,0.25869370985796836,0.544403273748931,1,9,6,19372,0.14285714285714285,0.9995356276765904,0.1,0.9996903705232738,0.8571428571428571,0.0004643723234095248,0.9,0.0003096294767261843,0.0625,0.9992263255622035,0.11764705882352941,0.10638297872340426,0.13157894736842102,0.11914356069189547,0.14239277053373334,0.0996903705232739,307.6349206349206,0.857541075484499
m1708_06_fill_holes_and_orientation.obj,m1708,Door,1,9,6,19372,7,19388,0.24124733204803678,0.353587279612362,1,9,6,19372,0.14285714285714285,0.9995356276765904,0.1,0.9996903705232738,0.8571428571428571,0.0004643723234095248,0.9,0.0003096294767261843,0.0625,0.9992263255622035,0.11764705882352941,0.10638297872340426,0.13157894736842102,0.11914356069189547,0.14239277053373334,0.0996903705232739,307.6349206349206,0.857541075484499
m1710_06_fill_holes_and_orientation.obj,m1710,Door,4,6,3,19375,7,19388,0.6517875195449563,0.6880471517569933,4,6,3,19375,0.5714285714285714,0.9996904184510603,0.4,0.9998451852616369,0.42857142857142855,0.00030958154893968317,0.6,0.00015481473836309216,0.3076923076923077,0.9995357953373221,0.47058823529411764,0.425531914893617,0.5263157894736841,0.4778694155466117,0.5711189898796318,0.3998451852616369,1845.8095238095239,0.4287041474654378
m1711_06_fill_holes_and_orientation.obj,m1711,Door,4,6,3,19375,7,19388,0.6019959224732575,0.35051305020562723,4,6,3,19375,0.5714285714285714,0.9996904184510603,0.4,0.9998451852616369,0.42857142857142855,0.00030958154893968317,0.6,0.00015481473836309216,0.3076923076923077,0.9995357953373221,0.47058823529411764,0.425531914893617,0.5263157894736841,0.4778694155466117,0.5711189898796318,0.3998451852616369,1845.8095238095239,0.4287041474654378
m1712_06_fill_holes_and_orientation.obj,m1712,Door,4,6,3,19375,7,19388,0.6570753817600582,0.7127326031190195,4,6,3,19375,0.5714285714285714,0.9996904184510603,0.4,0.9998451852616369,0.42857142857142855,0.00030958154893968317,0.6,0.00015481473836309216,0.3076923076923077,0.9995357953373221,0.47058823529411764,0.425531914893617,0.5263157894736841,0.4778694155466117,0.5711189898796318,0.3998451852616369,1845.8095238095239,0.4287041474654378
m1713_06_fill_holes_and_orientation.obj,m1713,Door,2,8,5,19373,7,19388,0.27911901849923654,0.3742212630807444,2,8,5,19373,0.2857142857142857,0.9995872246014138,0.2,0.9997419754360615,0.7142857142857143,0.00041277539858624424,0.8,0.0002580245639384869,0.13333333333333333,0.9993294821539096,0.23529411764705882,0.2127659574468085,0.26315789473684204,0.23871884564346754,0.2853015103156995,0.19974197543606143,692.1785714285714,0.7145806756089108
m1714_06_fill_holes_and_orientation.obj,m1714,Door,4,6,3,19375,7,19388,0.8603820809420796,0.754010749623356,4,6,3,19375,0.5714285714285714,0.9996904184510603,0.4,0.9998451852616369,0.42857142857142855,0.00030958154893968317,0.6,0.00015481473836309216,0.3076923076923077,0.9995357953373221,0.47058823529411764,0.425531914893617,0.5263157894736841,0.4778694155466117,0.5711189898796318,0.3998451852616369,1845.8095238095239,0.4287041474654378
m1715_06_fill_holes_and_orientation.obj,m1715,Door,2,8,5,19373,7,19388,0.9673323650867405,0.7689034569811475,2,8,5,19373,0.2857142857142857,0.9995872246014138,0.2,0.9997419754360615,0.7142857142857143,0.00041277539858624424,0.8,0.0002580245639384869,0.13333333333333333,0.9993294821539096,0.23529411764705882,0.2127659574468085,0.26315789473684204,0.23871884564346754,0.2853015103156995,0.19974197543606143,692.1785714285714,0.7145806756089108
m1716_06_fill_holes_and_orientation.obj,m1716,Door,2,8,5,19373,7,19388,0.41603617101540646,0.41757604136976256,2,8,5,19373,0.2857142857142857,0.9995872246014138,0.2,0.9997419754360615,0.7142857142857143,0.00041277539858624424,0.8,0.0002580245639384869,0.13333333333333333,0.9993294821539096,0.23529411764705882,0.2127659574468085,0.26315789473684204,0.23871884564346754,0.2853015103156995,0.19974197543606143,692.1785714285714,0.7145806756089108
m1717_06_fill_holes_and_orientation.obj,m1717,Door,2,8,5,19373,7,19388,0.4658198335779046,0.6280793191905207,2,8,5,19373,0.2857142857142857,0.9995872246014138,0.2,0.9997419754360615,0.7142857142857143,0.00041277539858624424,0.8,0.0002580245639384869,0.13333333333333333,0.9993294821539096,0.23529411764705882,0.2127659574468085,0.26315789473684204,0.23871884564346754,0.2853015103156995,0.19974197543606143,692.1785714285714,0.7145806756089108
m1718_06_fill_holes_and_orientation.obj,m1718,Door,1,9,6,19372,7,19388,0.22326109728432267,0.30013437029194995,1,9,6,19372,0.14285714285714285,0.9995356276765904,0.1,0.9996903705232738,0.8571428571428571,0.0004643723234095248,0.9,0.0003096294767261843,0.0625,0.9992263255622035,0.11764705882352941,0.10638297872340426,0.13157894736842102,0.11914356069189547,0.14239277053373334,0.0996903705232739,307.6349206349206,0.857541075484499
m1720_06_fill_holes_and_orientation.obj,m1720,Door,1,9,6,19372,7,19388,0.308141823667925,0.4851581904800685,1,9,6,19372,0.14285714285714285,0.9995356276765904,0.1,0.9996903705232738,0.8571428571428571,0.0004643723234095248,0.9,0.0003096294767261843,0.0625,0.9992263255622035,0.11764705882352941,0.10638297872340426,0.13157894736842102,0.11914356069189547,0.14239277053373334,0.0996903705232739,307.6349206349206,0.857541075484499
m1721_06_fill_holes_and_orientation.obj,m1721,Door,3,7,4,19374,7,19388,0.8362823584130298,0.7125391913351521,3,7,4,19374,0.42857142857142855,0.9996388215262371,0.3,0.9997935803488492,0.5714285714285714,0.00036117847376296373,0.7,0.00020641965115078957,0.21428571428571427,0.9994326387456158,0.3529411764705882,0.3191489361702127,0.3947368421052631,0.3582941305950396,0.42821025009766567,0.2997935803488492,1186.5918367346937,0.5716350336975917
m1722_06_fill_holes_and_orientation.obj,m1722,Door,2,8,5,19373,7,19388,0.6688111167758153,0.747679058593591,2,8,5,19373,0.2857142857142857,0.9995872246014138,0.2,0.9997419754360615,0.7142857142857143,0.00041277539858624424,0.8,0.0002580245639384869,0.13333333333333333,0.9993294821539096,0.23529411764705882,0.2127659574468085,0.26315789473684204,0.23871884564346754,0.2853015103156995,0.19974197543606143,692.1785714285714,0.7145806756089108
m1723_06_fill_holes_and_orientation.obj,m1723,Door,4,6,3,19375,7,19388,0.6163620561654469,0.3598578932366953,4,6,3,19375,0.5714285714285714,0.9996904184510603,0.4,0.9998451852616369,0.42857142857142855,0.00030958154893968317,0.6,0.00015481473836309216,0.3076923076923077,0.9995357953373221,0.47058823529411764,0.425531914893617,0.5263157894736841,0.4778694155466117,0.5711189898796318,0.3998451852616369,1845.8095238095239,0.4287041474654378
m1724_06_fill_holes_and_orientation.obj,m1724,Door,5,5,2,19376,7,19388,0.808704861354913,0.3595016083716764,5,5,2,19376,0.7142857142857143,0.9997420153758836,0.5,0.9998967901744246,0.2857142857142857,0.00025798462411640266,0.5,0.00010320982557539478,0.4166666666666667,0.9996389519290283,0.588235294117647,0.5319148936170213,0.6578947368421053,0.5974447004981838,0.714027729661598,0.4998967901744247,2768.714285714286,0.28578801462781644
m1725_06_fill_holes_and_orientation.obj,m1725,Door,0,10,7,19371,7,19388,0.3085161307301977,0.6854106437558533,0,10,7,19371,0.0,0.9994840307517672,0.0,0.9996387656104861,1.0,0.0005159692482328053,1.0,0.0003612343895138817,0.0,0.9991231689704972,,,,-0.0004317242596766064,-0.0005159692482328282,-0.00036123438951385367,0.0,1.0005162356099324
m1726_06_fill_holes_and_orientation.obj,m1726,Door,4,6,3,19375,7,19388,0.9980779901576955,0.7558736104890265,4,6,3,19375,0.5714285714285714,0.9996904184510603,0.4,0.9998451852616369,0.42857142857142855,0.00030958154893968317,0.6,0.00015481473836309216,0.3076923076923077,0.9995357953373221,0.47058823529411764,0.425531914893617,0.5263157894736841,0.4778694155466117,0.5711189898796318,0.3998451852616369,1845.8095238095239,0.4287041474654378
m1727_06_fill_holes_and_orientation.obj,m1727,Door,2,8,5,19373,7,19388,0.819566699562923,0.7197972230139664,2,8,5,19373,0.2857142857142857,0.9995872246014138,0.2,0.9997419754360615,0.7142857142857143,0.00041277539858624424,0.8,0.0002580245639384869,0.13333333333333333,0.9993294821539096,0.23529411764705882,0.2127659574468085,0.26315789473684204,0.23871884564346754,0.2853015103156995,0.19974197543606143,692.1785714285714,0.7145806756089108
m1728_06_fill_holes_and_orientation.obj,m1728,Door,2,8,5,19373,7,19388,0.40559244169421416,0.4601469929557392,2,8,5,19373,0.2857142857142857,0.9995872246014138,0.2,0.9997419754360615,0.7142857142857143,0.00041277539858624424,0.8,0.0002580245639384869,0.13333333333333333,0.9993294821539096,0.23529411764705882,0.2127659574468085,0.26315789473684204,0.23871884564346754,0.2853015103156995,0.19974197543606143,692.1785714285714,0.7145806756089108
m1729_06_fill_holes_and_orientation.obj,m1729,Door,1,9,6,19372,7,19388,0.2060627513450419,0.2654016857363899,1,9,6,19372,0.14285714285714285,0.9995356276765904,0.1,0.9996903705232738,0.8571428571428571,0.0004643723234095248,0.9,0.0003096294767261843,0.0625,0.9992263255622035,0.11764705882352941,0.10638297872340426,0.13157894736842102,0.11914356069189547,0.14239277053373334,0.0996903705232739,307.6349206349206,0.857541075484499
m1730_06_fill_holes_and_orientation.obj,m1730,Door,1,9,6,19372,7,19388,0.20580176642902948,0.26372205708701496,1,9,6,19372,0.14285714285714285,0.9995356276765904,0.1,0.9996903705232738,0.8571428571428571,0.0004643723234095248,0.9,0.0003096294767261843,0.0625,0.9992263255622035,0.11764705882352941,0.10638297872340426,0.13157894736842102,0.11914356069189547,0.14239277053373334,0.0996903705232739,307.6349206349206,0.857541075484499
m1731_06_fill_holes_and_orientation.obj,m1731,Door,0,10,7,19371,7,19388,0.0657390933482373,0.2835823934199275,0,10,7,19371,0.0,0.9994840307517672,0.0,0.9996387656104861,1.0,0.0005159692482328053,1.0,0.0003612343895138817,0.0,0.9991231689704972,,,,-0.0004317242596766064,-0.0005159692482328282,-0.00036123438951385367,0.0,1.0005162356099324
m1732_06_fill_holes_and_orientation.obj,m1732,Door,5,5,2,19376,7,19388,1.170664455225173,0.7141272038763793,5,5,2,19376,0.7142857142857143,0.9997420153758836,0.5,0.9998967901744246,0.2857142857142857,0.00025798462411640266,0.5,0.00010320982557539478,0.4166666666666667,0.9996389519290283,0.588235294117647,0.5319148936170213,0.6578947368421053,0.5974447004981838,0.714027729661598,0.4998967901744247,2768.714285714286,0.28578801462781644
D00026_06_fill_holes_and_orientation.obj,d00026,Drum,0,10,7,19371,7,19388,0.031466261647928824,0.5574419920769667,0,10,7,19371,0.0,0.9994840307517672,0.0,0.9996387656104861,1.0,0.0005159692482328053,1.0,0.0003612343895138817,0.0,0.9991231689704972,,,,-0.0004317242596766064,-0.0005159692482328282,-0.00036123438951385367,0.0,1.0005162356099324
D00063_06_fill_holes_and_orientation.obj,d00063,Drum,5,5,2,19376,7,19388,0.6719211050992325,0.875321056984894,5,5,2,19376,0.7142857142857143,0.9997420153758836,0.5,0.9998967901744246,0.2857142857142857,0.00025798462411640266,0.5,0.00010320982557539478,0.4166666666666667,0.9996389519290283,0.588235294117647,0.5319148936170213,0.6578947368421053,0.5974447004981838,0.714027729661598,0.4998967901744247,2768.714285714286,0.28578801462781644
D00115_06_fill_holes_and_orientation.obj,d00115,Drum,0,10,7,19371,7,19388,0.07706339814754513,0.7659004832179706,0,10,7,19371,0.0,0.9994840307517672,0.0,0.9996387656104861,1.0,0.0005159692482328053,1.0,0.0003612343895138817,0.0,0.9991231689704972,,,,-0.0004317242596766064,-0.0005159692482328282,-0.00036123438951385367,0.0,1.0005162356099324
D00163_06_fill_holes_and_orientation.obj,d00163,Drum,2,8,5,19373,7,19388,0.4503313780976675,0.8755822558878587,2,8,5,19373,0.2857142857142857,0.9995872246014138,0.2,0.9997419754360615,0.7142857142857143,0.00041277539858624424,0.8,0.0002580245639384869,0.13333333333333333,0.9993294821539096,0.23529411764705882,0.2127659574468085,0.26315789473684204,0.23871884564346754,0.2853015103156995,0.19974197543606143,692.1785714285714,0.7145806756089108
D00189_06_fill_holes_and_orientation.obj,d00189,Drum,0,10,7,19371,7,19388,0.027536635487303864,0.45087283966740677,0,10,7,19371,0.0,0.9994840307517672,0.0,0.9996387656104861,1.0,0.0005159692482328053,1.0,0.0003612343895138817,0.0,0.9991231689704972,,,,-0.0004317242596766064,-0.0005159692482328282,-0.00036123438951385367,0.0,1.0005162356099324
D00193_06_fill_holes_and_orientation.obj,d00193,Drum,3,7,4,19374,7,19388,0.3317124359901416,0.9225327586957468,3,7,4,19374,0.42857142857142855,0.9996388215262371,0.3,0.9997935803488492,0.5714285714285714,0.00036117847376296373,0.7,0.00020641965115078957,0.21428571428571427,0.9994326387456158,0.3529411764705882,0.3191489361702127,0.3947368421052631,0.3582941305950396,0.42821025009766567,0.2997935803488492,1186.5918367346937,0.5716350336975917
D00297_06_fill_holes_and_orientation.obj,d00297,Drum,0,10,7,19371,7,19388,0.061131336960092354,0.7135083365983197,0,10,7,19371,0.0,0.9994840307517672,0.0,0.9996387656104861,1.0,0.0005159692482328053,1.0,0.0003612343895138817,0.0,0.9991231689704972,,,,-0.0004317242596766064,-0.0005159692482328282,-0.00036123438951385367,0.0,1.0005162356099324
D00298_06_fill_holes_and_orientation.obj,d00298,Drum,1,9,6,19372,7,19388,0.07521690286915836,0.6019328718819381,1,9,6,19372,0.14285714285714285,0.9995356276765904,0.1,0.9996903705232738,0.8571428571428571,0.0004643723234095248,0.9,0.0003096294767261843,0.0625,0.9992263255622035,0.11764705882352941,0.10638297872340426,0.13157894736842102,0.11914356069189547,0.14239277053373334,0.0996903705232739,307.6349206349206,0.857541075484499
D00308_06_fill_holes_and_orientation.obj,d00308,Drum,4,6,3,19375,7,19388,0.6716014610265317,0.8861608114579251,4,6,3,19375,0.5714285714285714,0.9996904184510603,0.4,0.9998451852616369,0.42857142857142855,0.00030958154893968317,0.6,0.00015481473836309216,0.3076923076923077,0.9995357953373221,0.47058823529411764,0.425531914893617,0.5263157894736841,0.4778694155466117,0.5711189898796318,0.3998451852616369,1845.8095238095239,0.4287041474654378
D00375_06_fill_holes_and_orientation.obj,d00375,Drum,0,10,7,19371,7,19388,0.12958827990788274,0.8395150407034957,0,10,7,19371,0.0,0.9994840307517672,0.0,0.9996387656104861,1.0,0.0005159692482328053,1.0,0.0003612343895138817,0.0,0.9991231689704972,,,,-0.0004317242596766064,-0.0005159692482328282,-0.00036123438951385367,0.0,1.0005162356099324
D00383_06_fill_holes_and_orientation.obj,d00383,Drum,3,7,4,19374,7,19388,0.27935219417415835,0.8543816115972312,3,7,4,19374,0.42857142857142855,0.9996388215262371,0.3,0.9997935803488492,0.5714285714285714,0.00036117847376296373,0.7,0.00020641965115078957,0.21428571428571427,0.9994326387456158,0.3529411764705882,0.3191489361702127,0.3947368421052631,0.3582941305950396,0.42821025009766567,0.2997935803488492,1186.5918367346937,0.5716350336975917
D00404_06_fill_holes_and_orientation.obj,d00404,Drum,1,9,6,19372,7,19388,0.09439070177780519,0.7784815637107658,1,9,6,19372,0.14285714285714285,0.9995356276765904,0.1,0.9996903705232738,0.8571428571428571,0.0004643723234095248,0.9,0.0003096294767261843,0.0625,0.9992263255622035,0.11764705882352941,0.10638297872340426,0.13157894736842102,0.11914356069189547,0.14239277053373334,0.0996903705232739,307.6349206349206,0.857541075484499
D00551_06_fill_holes_and_orientation.obj,d00551,Drum,2,8,5,19373,7,19388,0.28879416017335197,0.8463932784815638,2,8,5,19373,0.2857142857142857,0.9995872246014138,0.2,0.9997419754360615,0.7142857142857143,0.00041277539858624424,0.8,0.0002580245639384869,0.13333333333333333,0.9993294821539096,0.23529411764705882,0.2127659574468085,0.26315789473684204,0.23871884564346754,0.2853015103156995,0.19974197543606143,692.1785714285714,0.7145806756089108
D00557_06_fill_holes_and_orientation.obj,d00557,Drum,0,10,7,19371,7,19388,0.016201025812614876,0.35562230638631315,0,10,7,19371,0.0,0.9994840307517672,0.0,0.9996387656104861,1.0,0.0005159692482328053,1.0,0.0003612343895138817,0.0,0.9991231689704972,,,,-0.0004317242596766064,-0.0005159692482328282,-0.00036123438951385367,0.0,1.0005162356099324
D00596_06_fill_holes_and_orientation.obj,d00596,Drum,1,9,6,19372,7,19388,0.1092043310193728,0.7719298245614035,1,9,6,19372,0.14285714285714285,0.9995356276765904,0.1,0.9996903705232738,0.8571428571428571,0.0004643723234095248,0.9,0.0003096294767261843,0.0625,0.9992263255622035,0.11764705882352941,0.10638297872340426,0.13157894736842102,0.11914356069189547,0.14239277053373334,0.0996903705232739,307.6349206349206,0.857541075484499
D00709_06_fill_holes_and_orientation.obj,d00709,Drum,0,10,7,19371,7,19388,0.04682797928084061,0.7408906882591093,0,10,7,19371,0.0,0.9994840307517672,0.0,0.9996387656104861,1.0,0.0005159692482328053,1.0,0.0003612343895138817,0.0,0.9991231689704972,,,,-0.0004317242596766064,-0.0005159692482328282,-0.00036123438951385367,0.0,1.0005162356099324
D00939_06_fill_holes_and_orientation.obj,d00939,Drum,5,5,2,19376,7,19388,0.4982049140693546,0.8654390318227331,5,5,2,19376,0.7142857142857143,0.9997420153758836,0.5,0.9998967901744246,0.2857142857142857,0.00025798462411640266,0.5,0.00010320982557539478,0.4166666666666667,0.9996389519290283,0.588235294117647,0.5319148936170213,0.6578947368421053,0.5974447004981838,0.714027729661598,0.4998967901744247,2768.714285714286,0.28578801462781644
D00951_06_fill_holes_and_orientation.obj,d00951,Drum,3,7,3,19375,6,19388,0.35234771314996133,0.8632188411475339,3,7,3,19375,0.5,0.9996388401609742,0.3,0.9998451852616369,0.5,0.0003611598390259003,0.7,0.00015481473836309216,0.23076923076923078,0.999484217041469,0.37499999999999994,0.32608695652173914,0.4411764705882353,0.38705852347155034,0.49963884016097415,0.29984518526163684,1384.4285714285716,0.5001806451612903
D00980_06_fill_holes_and_orientation.obj,d00980,Drum,1,9,6,19372,7,19388,0.27798481983606826,0.8978059292150973,1,9,6,19372,0.14285714285714285,0.9995356276765904,0.1,0.9996903705232738,0.8571428571428571,0.0004643723234095248,0.9,0.0003096294767261843,0.0625,0.9992263255622035,0.11764705882352941,0.10638297872340426,0.13157894736842102,0.11914356069189547,0.14239277053373334,0.0996903705232739,307.6349206349206,0.857541075484499
D00982_06_fill_holes_and_orientation.obj,d00982,Drum,0,10,7,19371,7,19388,0.017419770023187148,0.4129989987375386,0,10,7,19371,0.0,0.9994840307517672,0.0,0.9996387656104861,1.0,0.0005159692482328053,1.0,0.0003612343895138817,0.0,0.9991231689704972,,,,-0.0004317242596766064,-0.0005159692482328282,-0.00036123438951385367,0.0,1.0005162356099324
D00012_06_fill_holes_and_orientation.obj,d00012,Fish,6,4,1,19377,7,19388,1.4229939580046582,0.9783422576291847,6,4,1,19377,0.8571428571428571,0.9997936123007068,0.6,0.9999483950872123,0.14285714285714285,0.00020638769929312212,0.4,5.160491278769739e-05,0.5454545454545454,0.9997421085207345,0.7058823529411764,0.6382978723404255,0.7894736842105262,0.7170199854497559,0.8569364694435639,0.5999483950872122,4153.071428571428,0.14288663290056694
D00022_06_fill_holes_and_orientation.obj,d00022,Fish,10,0,0,19378,7,19388,2.145814718189384,0.9837403682904533,10,0,0,19378,1.0,1.0,1.0,1.0,0.0,0.0,0.0,0.0,1.0,1.0,1.0,1.0,1.0,1.0,1.0,1.0,,0.0
D00024_06_fill_holes_and_orientation.obj,d00024,Fish,6,4,1,19377,7,19388,1.0990253736797482,0.9581428757999217,6,4,1,19377,0.8571428571428571,0.9997936123007068,0.6,0.9999483950872123,0.14285714285714285,0.00020638769929312212,0.4,5.160491278769739e-05,0.5454545454545454,0.9997421085207345,0.7058823529411764,0.6382978723404255,0.7894736842105262,0.7170199854497559,0.8569364694435639,0.5999483950872122,4153.071428571428,0.14288663290056694
D00030_06_fill_holes_and_orientation.obj,d00030,Fish,2,8,5,19373,7,19388,0.5165378811640827,0.9528753645901353,2,8,5,19373,0.2857142857142857,0.9995872246014138,0.2,0.9997419754360615,0.7142857142857143,0.00041277539858624424,0.8,0.0002580245639384869,0.13333333333333333,0.9993294821539096,0.23529411764705882,0.2127659574468085,0.26315789473684204,0.23871884564346754,0.2853015103156995,0.19974197543606143,692.1785714285714,0.7145806756089108
D00142_06_fill_holes_and_orientation.obj,d00142,Fish,6,4,1,19377,7,19388,1.2363513522995357,0.9836968351399592,6,4,1,19377,0.8571428571428571,0.9997936123007068,0.6,0.9999483950872123,0.14285714285714285,0.00020638769929312212,0.4,5.160491278769739e-05,0.5454545454545454,0.9997421085207345,0.7058823529411764,0.6382978723404255,0.7894736842105262,0.7170199854497559,0.8569364694435639,0.5999483950872122,4153.071428571428,0.14288663290056694
D00165_06_fill_holes_and_orientation.obj,d00165,Fish,7,3,0,19378,7,19388,1.6330395808591731,0.9719211179313048,7,3,0,19378,1.0,0.9998452092255301,0.7,1.0,0.0,0.00015479077446984158,0.3,0.0,0.7,0.9998452651124407,0.8235294117647058,0.7446808510638298,0.9210526315789475,0.836595270401328,0.9998452092255301,0.7,6460.333333333334,0.0
D00251_06_fill_holes_and_orientation.obj,d00251,Fish,1,9,6,19372,7,19388,0.134808217384173,0.8171825345000219,1,9,6,19372,0.14285714285714285,0.9995356276765904,0.1,0.9996903705232738,0.8571428571428571,0.0004643723234095248,0.9,0.0003096294767261843,0.0625,0.9992263255622035,0.11764705882352941,0.10638297872340426,0.13157894736842102,0.11914356069189547,0.14239277053373334,0.0996903705232739,307.6349206349206,0.857541075484499
D00293_06_fill_holes_and_orientation.obj,d00293,Fish,6,4,1,19377,7,19388,0.9791319898413969,0.9696791606808586,6,4,1,19377,0.8571428571428571,0.9997936123007068,0.6,0.9999483950872123,0.14285714285714285,0.00020638769929312212,0.4,5.160491278769739e-05,0.5454545454545454,0.9997421085207345,0.7058823529411764,0.6382978723404255,0.7894736842105262,0.7170199854497559,0.8569364694435639,0.5999483950872122,4153.071428571428,0.14288663290056694
D00351_06_fill_holes_and_orientation.obj,d00351,Fish,2,8,5,19373,7,19388,0.5769653526497205,0.9487397152931958,2,8,5,19373,0.2857142857142857,0.9995872246014138,0.2,0.9997419754360615,0.7142857142857143,0.00041277539858624424,0.8,0.0002580245639384869,0.13333333333333333,0.9993294821539096,0.23529411764705882,0.2127659574468085,0.26315789473684204,0.23871884564346754,0.2853015103156995,0.19974197543606143,692.1785714285714,0.7145806756089108
D00398_06_fill_holes_and_orientation.obj,d00398,Fish,9,1,0,19378,7,19388,1.6770724940937023,0.9874189195072048,9,1,0,19378,1.0,0.9999483977501419,0.9,1.0,0.0,5.1602249858093815e-05,0.1,0.0,0.9,0.9999484217041469,0.9473684210526316,0.9183673469387754,0.9782608695652175,0.9486588206384462,0.999948397750142,0.8999999999999999,19379.0,0.0
D00450_06_fill_holes_and_orientation.obj,d00450,Fish,9,1,0,19378,7,19388,1.8786811411630444,0.9868094554002874,9,1,0,19378,1.0,0.9999483977501419,0.9,1.0,0.0,5.1602249858093815e-05,0.1,0.0,0.9,0.9999484217041469,0.9473684210526316,0.9183673469387754,0.9782608695652175,0.9486588206384462,0.999948397750142,0.8999999999999999,19379.0,0.0
D00535_06_fill_holes_and_orientation.obj,d00535,Fish,7,3,0,19378,7,19388,1.556239128507365,0.9684166993165296,7,3,0,19378,1.0,0.9998452092255301,0.7,1.0,0.0,0.00015479077446984158,0.3,0.0,0.7,0.9998452651124407,0.8235294117647058,0.7446808510638298,0.9210526315789475,0.836595270401328,0.9998452092255301,0.7,6460.333333333334,0.0
D00633_06_fill_holes_and_orientation.obj,d00633,Fish,7,3,0,19378,7,19388,1.5454704286456409,0.9674589700056594,7,3,0,19378,1.0,0.9998452092255301,0.7,1.0,0.0,0.00015479077446984158,0.3,0.0,0.7,0.9998452651124407,0.8235294117647058,0.7446808510638298,0.9210526315789475,0.836595270401328,0.9998452092255301,0.7,6460.333333333334,0.0
D00636_06_fill_holes_and_orientation.obj,d00636,Fish,7,3,0,19378,7,19388,1.543957891569189,0.9864611901963346,7,3,0,19378,1.0,0.9998452092255301,0.7,1.0,0.0,0.00015479077446984158,0.3,0.0,0.7,0.9998452651124407,0.8235294117647058,0.7446808510638298,0.9210526315789475,0.836595270401328,0.9998452092255301,0.7,6460.333333333334,0.0
D00643_06_fill_holes_and_orientation.obj,d00643,Fish,10,0,0,19378,7,19388,1.9983671127098042,0.9851769622567585,10,0,0,19378,1.0,1.0,1.0,1.0,0.0,0.0,0.0,0.0,1.0,1.0,1.0,1.0,1.0,1.0,1.0,1.0,,0.0
D00682_06_fill_holes_and_orientation.obj,d00682,Fish,10,0,0,19378,7,19388,1.8980613323111566,0.9730094466936572,10,0,0,19378,1.0,1.0,1.0,1.0,0.0,0.0,0.0,0.0,1.0,1.0,1.0,1.0,1.0,1.0,1.0,1.0,,0.0
D00748_06_fill_holes_and_orientation.obj,d00748,Fish,9,1,0,19378,7,19388,1.970907090412602,0.9814113447390188,9,1,0,19378,1.0,0.9999483977501419,0.9,1.0,0.0,5.1602249858093815e-05,0.1,0.0,0.9,0.9999484217041469,0.9473684210526316,0.9183673469387754,0.9782608695652175,0.9486588206384462,0.999948397750142,0.8999999999999999,19379.0,0.0
D00763_06_fill_holes_and_orientation.obj,d00763,Fish,2,8,5,19373,7,19388,0.3200810770265286,0.8894475643202299,2,8,5,19373,0.2857142857142857,0.9995872246014138,0.2,0.9997419754360615,0.7142857142857143,0.00041277539858624424,0.8,0.0002580245639384869,0.13333333333333333,0.9993294821539096,0.23529411764705882,0.2127659574468085,0.26315789473684204,0.23871884564346754,0.2853015103156995,0.19974197543606143,692.1785714285714,0.7145806756089108
D00850_06_fill_holes_and_orientation.obj,d00850,Fish,6,4,1,19377,7,19388,1.5442683405005984,0.98752775238344,6,4,1,19377,0.8571428571428571,0.9997936123007068,0.6,0.9999483950872123,0.14285714285714285,0.00020638769929312212,0.4,5.160491278769739e-05,0.5454545454545454,0.9997421085207345,0.7058823529411764,0.6382978723404255,0.7894736842105262,0.7170199854497559,0.8569364694435639,0.5999483950872122,4153.071428571428,0.14288663290056694
D00950_06_fill_holes_and_orientation.obj,d00950,Fish,8,2,0,19378,7,19388,1.6138532973821913,0.9796047189935136,8,2,0,19378,1.0,0.9998968008255934,0.8,1.0,0.0,0.00010319917440660474,0.2,0.0,0.8,0.9998968434082938,0.888888888888889,0.8333333333333334,0.9523809523809523,0.8943810377353014,0.9998968008255935,0.8,9690.0,0.0
D00028_06_fill_holes_and_orientation.obj,d00028,FloorLamp,1,9,6,19372,7,19388,0.17043134080661845,0.6454275452410554,1,9,6,19372,0.14285714285714285,0.9995356276765904,0.1,0.9996903705232738,0.8571428571428571,0.0004643723234095248,0.9,0.0003096294767261843,0.0625,0.9992263255622035,0.11764705882352941,0.10638297872340426,0.13157894736842102,0.11914356069189547,0.14239277053373334,0.0996903705232739,307.6349206349206,0.857541075484499
D00093_06_fill_holes_and_orientation.obj,d00093,FloorLamp,2,8,5,19373,7,19388,0.2879905040058309,0.6219436386241194,2,8,5,19373,0.2857142857142857,0.9995872246014138,0.2,0.9997419754360615,0.7142857142857143,0.00041277539858624424,0.8,0.0002580245639384869,0.13333333333333333,0.9993294821539096,0.23529411764705882,0.2127659574468085,0.26315789473684204,0.23871884564346754,0.2853015103156995,0.19974197543606143,692.1785714285714,0.7145806756089108
D00186_06_fill_holes_and_orientation.obj,d00186,FloorLamp,0,10,6,19372,6,19388,0.07569908617199668,0.6369836994059953,0,10,6,19372,0.0,0.9994840573728201,0.0,0.9996903705232738,1.0,0.0005159426271798576,1.0,0.0003096294767261843,0.0,0.9991747472663504,,,,-0.00039968868594749107,-0.0005159426271799106,-0.000309629476726192,0.0,1.0005162089613877
D00211_06_fill_holes_and_orientation.obj,d00211,FloorLamp,0,10,7,19371,7,19388,0.06879189407763935,0.7076771653543308,0,10,7,19371,0.0,0.9994840307517672,0.0,0.9996387656104861,1.0,0.0005159692482328053,1.0,0.0003612343895138817,0.0,0.9991231689704972,,,,-0.0004317242596766064,-0.0005159692482328282,-0.00036123438951385367,0.0,1.0005162356099324
D00228_06_fill_holes_and_orientation.obj,d00228,FloorLamp,1,9,6,19372,7,19388,0.12569921164809275,0.7090758392043099,1,9,6,19372,0.14285714285714285,0.9995356276765904,0.1,0.9996903705232738,0.8571428571428571,0.0004643723234095248,0.9,0.0003096294767261843,0.0625,0.9992263255622035,0.11764705882352941,0.10638297872340426,0.13157894736842102,0.11914356069189547,0.14239277053373334,0.0996903705232739,307.6349206349206,0.857541075484499
D00388_06_fill_holes_and_orientation.obj,d00388,FloorLamp,1,9,6,19372,7,19388,0.07615313990078461,0.5713669015057329,1,9,6,19372,0.14285714285714285,0.9995356276765904,0.1,0.9996903705232738,0.8571428571428571,0.0004643723234095248,0.9,0.0003096294767261843,0.0625,0.9992263255622035,0.11764705882352941,0.10638297872340426,0.13157894736842102,0.11914356069189547,0.14239277053373334,0.0996903705232739,307.6349206349206,0.857541075484499
D00400_06_fill_holes_and_orientation.obj,d00400,FloorLamp,0,10,7,19371,7,19388,0.03768179694405542,0.5284569691946401,0,10,7,19371,0.0,0.9994840307517672,0.0,0.9996387656104861,1.0,0.0005159692482328053,1.0,0.0003612343895138817,0.0,0.9991231689704972,,,,-0.0004317242596766064,-0.0005159692482328282,-0.00036123438951385367,0.0,1.0005162356099324
D00408_06_fill_holes_and_orientation.obj,d00408,FloorLamp,0,10,7,19371,7,19388,0.038603765904919256,0.5080812266887692,0,10,7,19371,0.0,0.9994840307517672,0.0,0.9996387656104861,1.0,0.0005159692482328053,1.0,0.0003612343895138817,0.0,0.9991231689704972,,,,-0.0004317242596766064,-0.0005159692482328282,-0.00036123438951385367,0.0,1.0005162356099324
D00447_06_fill_holes_and_orientation.obj,d00447,FloorLamp,0,10,7,19371,7,19388,0.05900786204515187,0.5346905649951651,0,10,7,19371,0.0,0.9994840307517672,0.0,0.9996387656104861,1.0,0.0005159692482328053,1.0,0.0003612343895138817,0.0,0.9991231689704972,,,,-0.0004317242596766064,-0.0005159692482328282,-0.00036123438951385367,0.0,1.0005162356099324
D00495_06_fill_holes_and_orientation.obj,d00495,FloorLamp,0,10,7,19371,7,19388,0.03423782814288794,0.4958385136068518,0,10,7,19371,0.0,0.9994840307517672,0.0,0.9996387656104861,1.0,0.0005159692482328053,1.0,0.0003612343895138817,0.0,0.9991231689704972,,,,-0.0004317242596766064,-0.0005159692482328282,-0.00036123438951385367,0.0,1.0005162356099324
D00563_06_fill_holes_and_orientation.obj,d00563,FloorLamp,0,10,7,19371,7,19388,0.07562453847055532,0.6018096422157757,0,10,7,19371,0.0,0.9994840307517672,0.0,0.9996387656104861,1.0,0.0005159692482328053,1.0,0.0003612343895138817,0.0,0.9991231689704972,,,,-0.0004317242596766064,-0.0005159692482328282,-0.00036123438951385367,0.0,1.0005162356099324
D00580_06_fill_holes_and_orientation.obj,d00580,FloorLamp,0,10,7,19371,7,19388,0.05346831374154188,0.603553667633651,0,10,7,19371,0.0,0.9994840307517672,0.0,0.9996387656104861,1.0,0.0005159692482328053,1.0,0.0003612343895138817,0.0,0.9991231689704972,,,,-0.0004317242596766064,-0.0005159692482328282,-0.00036123438951385367,0.0,1.0005162356099324
D00740_06_fill_holes_and_orientation.obj,d00740,FloorLamp,1,9,6,19372,7,19388,0.17411213669850847,0.7366694294792098,1,9,6,19372,0.14285714285714285,0.9995356276765904,0.1,0.9996903705232738,0.8571428571428571,0.0004643723234095248,0.9,0.0003096294767261843,0.0625,0.9992263255622035,0.11764705882352941,0.10638297872340426,0.13157894736842102,0.11914356069189547,0.14239277053373334,0.0996903705232739,307.6349206349206,0.857541075484499
D00856_06_fill_holes_and_orientation.obj,d00856,FloorLamp,0,10,7,19371,7,19388,0.07393437682124601,0.6265540820555325,0,10,7,19371,0.0,0.9994840307517672,0.0,0.9996387656104861,1.0,0.0005159692482328053,1.0,0.0003612343895138817,0.0,0.9991231689704972,,,,-0.0004317242596766064,-0.0005159692482328282,-0.00036123438951385367,0.0,1.0005162356099324
D00875_06_fill_holes_and_orientation.obj,d00875,FloorLamp,0,10,7,19371,7,19388,0.04009816584040398,0.5227586683243541,0,10,7,19371,0.0,0.9994840307517672,0.0,0.9996387656104861,1.0,0.0005159692482328053,1.0,0.0003612343895138817,0.0,0.9991231689704972,,,,-0.0004317242596766064,-0.0005159692482328282,-0.00036123438951385367,0.0,1.0005162356099324
D00876_06_fill_holes_and_orientation.obj,d00876,FloorLamp,0,10,7,19371,7,19388,0.03878241935717581,0.49525141594142835,0,10,7,19371,0.0,0.9994840307517672,0.0,0.9996387656104861,1.0,0.0005159692482328053,1.0,0.0003612343895138817,0.0,0.9991231689704972,,,,-0.0004317242596766064,-0.0005159692482328282,-0.00036123438951385367,0.0,1.0005162356099324
D00888_06_fill_holes_and_orientation.obj,d00888,FloorLamp,2,8,5,19373,7,19388,0.16805544658050173,0.6283671777869871,2,8,5,19373,0.2857142857142857,0.9995872246014138,0.2,0.9997419754360615,0.7142857142857143,0.00041277539858624424,0.8,0.0002580245639384869,0.13333333333333333,0.9993294821539096,0.23529411764705882,0.2127659574468085,0.26315789473684204,0.23871884564346754,0.2853015103156995,0.19974197543606143,692.1785714285714,0.7145806756089108
D00924_06_fill_holes_and_orientation.obj,d00924,FloorLamp,0,10,7,19371,7,19388,0.07932403839191768,0.5778767785605747,0,10,7,19371,0.0,0.9994840307517672,0.0,0.9996387656104861,1.0,0.0005159692482328053,1.0,0.0003612343895138817,0.0,0.9991231689704972,,,,-0.0004317242596766064,-0.0005159692482328282,-0.00036123438951385367,0.0,1.0005162356099324
D00955_06_fill_holes_and_orientation.obj,d00955,FloorLamp,0,10,7,19371,7,19388,0.08406922016085015,0.6565824008840999,0,10,7,19371,0.0,0.9994840307517672,0.0,0.9996387656104861,1.0,0.0005159692482328053,1.0,0.0003612343895138817,0.0,0.9991231689704972,,,,-0.0004317242596766064,-0.0005159692482328282,-0.00036123438951385367,0.0,1.0005162356099324
D00981_06_fill_holes_and_orientation.obj,d00981,FloorLamp,1,9,6,19372,7,19388,0.1266695309828382,0.6361548556430446,1,9,6,19372,0.14285714285714285,0.9995356276765904,0.1,0.9996903705232738,0.8571428571428571,0.0004643723234095248,0.9,0.0003096294767261843,0.0625,0.9992263255622035,0.11764705882352941,0.10638297872340426,0.13157894736842102,0.11914356069189547,0.14239277053373334,0.0996903705232739,307.6349206349206,0.857541075484499
m617_06_fill_holes_and_orientation.obj,m617,FloorLamp,0,10,7,19371,7,19388,0.04146141391968527,0.574820417184694,0,10,7,19371,0.0,0.9994840307517672,0.0,0.9996387656104861,1.0,0.0005159692482328053,1.0,0.0003612343895138817,0.0,0.9991231689704972,,,,-0.0004317242596766064,-0.0005159692482328282,-0.00036123438951385367,0.0,1.0005162356099324
m618_06_fill_holes_and_orientation.obj,m618,FloorLamp,0,10,7,19371,7,19388,0.09067593376437719,0.6978173780908965,0,10,7,19371,0.0,0.9994840307517672,0.0,0.9996387656104861,1.0,0.0005159692482328053,1.0,0.0003612343895138817,0.0,0.9991231689704972,,,,-0.0004317242596766064,-0.0005159692482328282,-0.00036123438951385367,0.0,1.0005162356099324
m619_06_fill_holes_and_orientation.obj,m619,FloorLamp,0,10,7,19371,7,19388,0.07672979283037248,0.6966604503384446,0,10,7,19371,0.0,0.9994840307517672,0.0,0.9996387656104861,1.0,0.0005159692482328053,1.0,0.0003612343895138817,0.0,0.9991231689704972,,,,-0.0004317242596766064,-0.0005159692482328282,-0.00036123438951385367,0.0,1.0005162356099324
m620_06_fill_holes_and_orientation.obj,m620,FloorLamp,0,10,7,19371,7,19388,0.04877748352861261,0.6334956485702445,0,10,7,19371,0.0,0.9994840307517672,0.0,0.9996387656104861,1.0,0.0005159692482328053,1.0,0.0003612343895138817,0.0,0.9991231689704972,,,,-0.0004317242596766064,-0.0005159692482328282,-0.00036123438951385367,0.0,1.0005162356099324
m621_06_fill_holes_and_orientation.obj,m621,FloorLamp,0,10,7,19371,7,19388,0.08130930935212366,0.6521964359718193,0,10,7,19371,0.0,0.9994840307517672,0.0,0.9996387656104861,1.0,0.0005159692482328053,1.0,0.0003612343895138817,0.0,0.9991231689704972,,,,-0.0004317242596766064,-0.0005159692482328282,-0.00036123438951385367,0.0,1.0005162356099324
D00050_06_fill_holes_and_orientation.obj,d00050,Glasses,1,9,6,19372,7,19388,0.22066283611946355,0.7728170502044003,1,9,6,19372,0.14285714285714285,0.9995356276765904,0.1,0.9996903705232738,0.8571428571428571,0.0004643723234095248,0.9,0.0003096294767261843,0.0625,0.9992263255622035,0.11764705882352941,0.10638297872340426,0.13157894736842102,0.11914356069189547,0.14239277053373334,0.0996903705232739,307.6349206349206,0.857541075484499
D00201_06_fill_holes_and_orientation.obj,d00201,Glasses,0,10,7,19371,7,19388,0.12904089129168478,0.859101557117266,0,10,7,19371,0.0,0.9994840307517672,0.0,0.9996387656104861,1.0,0.0005159692482328053,1.0,0.0003612343895138817,0.0,0.9991231689704972,,,,-0.0004317242596766064,-0.0005159692482328282,-0.00036123438951385367,0.0,1.0005162356099324
D00225_06_fill_holes_and_orientation.obj,d00225,Glasses,2,8,5,19373,7,19388,0.3149744552956384,0.879472693032015,2,8,5,19373,0.2857142857142857,0.9995872246014138,0.2,0.9997419754360615,0.7142857142857143,0.00041277539858624424,0.8,0.0002580245639384869,0.13333333333333333,0.9993294821539096,0.23529411764705882,0.2127659574468085,0.26315789473684204,0.23871884564346754,0.2853015103156995,0.19974197543606143,692.1785714285714,0.7145806756089108
D00432_06_fill_holes_and_orientation.obj,d00432,Glasses,0,10,7,19371,7,19388,0.023126598288859084,0.564236828808966,0,10,7,19371,0.0,0.9994840307517672,0.0,0.9996387656104861,1.0,0.0005159692482328053,1.0,0.0003612343895138817,0.0,0.9991231689704972,,,,-0.0004317242596766064,-0.0005159692482328282,-0.00036123438951385367,0.0,1.0005162356099324
D00475_06_fill_holes_and_orientation.obj,d00475,Glasses,0,10,7,19371,7,19388,0.033213736746785474,0.6899774929952689,0,10,7,19371,0.0,0.9994840307517672,0.0,0.9996387656104861,1.0,0.0005159692482328053,1.0,0.0003612343895138817,0.0,0.9991231689704972,,,,-0.0004317242596766064,-0.0005159692482328282,-0.00036123438951385367,0.0,1.0005162356099324
D00507_06_fill_holes_and_orientation.obj,d00507,Glasses,1,9,6,19372,7,19388,0.22826516560167295,0.7709108447016673,1,9,6,19372,0.14285714285714285,0.9995356276765904,0.1,0.9996903705232738,0.8571428571428571,0.0004643723234095248,0.9,0.0003096294767261843,0.0625,0.9992263255622035,0.11764705882352941,0.10638297872340426,0.13157894736842102,0.11914356069189547,0.14239277053373334,0.0996903705232739,307.6349206349206,0.857541075484499
D00560_06_fill_holes_and_orientation.obj,d00560,Glasses,3,7,4,19374,7,19388,0.15483793260121675,0.7954159202608975,3,7,4,19374,0.42857142857142855,0.9996388215262371,0.3,0.9997935803488492,0.5714285714285714,0.00036117847376296373,0.7,0.00020641965115078957,0.21428571428571427,0.9994326387456158,0.3529411764705882,0.3191489361702127,0.3947368421052631,0.3582941305950396,0.42821025009766567,0.2997935803488492,1186.5918367346937,0.5716350336975917
D00575_06_fill_holes_and_orientation.obj,d00575,Glasses,3,7,4,19374,7,19388,0.6288536857774235,0.894515640071655,3,7,4,19374,0.42857142857142855,0.9996388215262371,0.3,0.9997935803488492,0.5714285714285714,0.00036117847376296373,0.7,0.00020641965115078957,0.21428571428571427,0.9994326387456158,0.3529411764705882,0.3191489361702127,0.3947368421052631,0.3582941305950396,0.42821025009766567,0.2997935803488492,1186.5918367346937,0.5716350336975917
D00630_06_fill_holes_and_orientation.obj,d00630,Glasses,5,5,2,19376,7,19388,0.8368851901333969,0.9191814799503927,5,5,2,19376,0.7142857142857143,0.9997420153758836,0.5,0.9998967901744246,0.2857142857142857,0.00025798462411640266,0.5,0.00010320982557539478,0.4166666666666667,0.9996389519290283,0.588235294117647,0.5319148936170213,0.6578947368421053,0.5974447004981838,0.714027729661598,0.4998967901744247,2768.714285714286,0.28578801462781644
D00640_06_fill_holes_and_orientation.obj,d00640,Glasses,3,7,4,19374,7,19388,0.534576327939497,0.8542556612006798,3,7,4,19374,0.42857142857142855,0.9996388215262371,0.3,0.9997935803488492,0.5714285714285714,0.00036117847376296373,0.7,0.00020641965115078957,0.21428571428571427,0.9994326387456158,0.3529411764705882,0.3191489361702127,0.3947368421052631,0.3582941305950396,0.42821025009766567,0.2997935803488492,1186.5918367346937,0.5716350336975917
D00656_06_fill_holes_and_orientation.obj,d00656,Glasses,0,10,7,19371,7,19388,0.04693998613762303,0.7603003996141656,0,10,7,19371,0.0,0.9994840307517672,0.0,0.9996387656104861,1.0,0.0005159692482328053,1.0,0.0003612343895138817,0.0,0.9991231689704972,,,,-0.0004317242596766064,-0.0005159692482328282,-0.00036123438951385367,0.0,1.0005162356099324
D00660_06_fill_holes_and_orientation.obj,d00660,Glasses,6,4,1,19377,7,19388,1.1539865315878903,0.9361995314868402,6,4,1,19377,0.8571428571428571,0.9997936123007068,0.6,0.9999483950872123,0.14285714285714285,0.00020638769929312212,0.4,5.160491278769739e-05,0.5454545454545454,0.9997421085207345,0.7058823529411764,0.6382978723404255,0.7894736842105262,0.7170199854497559,0.8569364694435639,0.5999483950872122,4153.071428571428,0.14288663290056694
D00717_06_fill_holes_and_orientation.obj,d00717,Glasses,2,8,5,19373,7,19388,0.4524222713323384,0.8633962610812549,2,8,5,19373,0.2857142857142857,0.9995872246014138,0.2,0.9997419754360615,0.7142857142857143,0.00041277539858624424,0.8,0.0002580245639384869,0.13333333333333333,0.9993294821539096,0.23529411764705882,0.2127659574468085,0.26315789473684204,0.23871884564346754,0.2853015103156995,0.19974197543606143,692.1785714285714,0.7145806756089108
D00730_06_fill_holes_and_orientation.obj,d00730,Glasses,0,10,7,19371,7,19388,0.11411551924921084,0.7588075880758808,0,10,7,19371,0.0,0.9994840307517672,0.0,0.9996387656104861,1.0,0.0005159692482328053,1.0,0.0003612343895138817,0.0,0.9991231689704972,,,,-0.0004317242596766064,-0.0005159692482328282,-0.00036123438951385367,0.0,1.0005162356099324
D00813_06_fill_holes_and_orientation.obj,d00813,Glasses,5,5,2,19376,7,19388,1.072854183316766,0.9463736162785356,5,5,2,19376,0.7142857142857143,0.9997420153758836,0.5,0.9998967901744246,0.2857142857142857,0.00025798462411640266,0.5,0.00010320982557539478,0.4166666666666667,0.9996389519290283,0.588235294117647,0.5319148936170213,0.6578947368421053,0.5974447004981838,0.714027729661598,0.4998967901744247,2768.714285714286,0.28578801462781644
D00816_06_fill_holes_and_orientation.obj,d00816,Glasses,4,6,3,19375,7,19388,0.7337092717346471,0.9081806072298011,4,6,3,19375,0.5714285714285714,0.9996904184510603,0.4,0.9998451852616369,0.42857142857142855,0.00030958154893968317,0.6,0.00015481473836309216,0.3076923076923077,0.9995357953373221,0.47058823529411764,0.425531914893617,0.5263157894736841,0.4778694155466117,0.5711189898796318,0.3998451852616369,1845.8095238095239,0.4287041474654378
D00877_06_fill_holes_and_orientation.obj,d00877,Glasses,2,8,5,19373,7,19388,0.41213359490108775,0.8814477975288227,2,8,5,19373,0.2857142857142857,0.9995872246014138,0.2,0.9997419754360615,0.7142857142857143,0.00041277539858624424,0.8,0.0002580245639384869,0.13333333333333333,0.9993294821539096,0.23529411764705882,0.2127659574468085,0.26315789473684204,0.23871884564346754,0.2853015103156995,0.19974197543606143,692.1785714285714,0.7145806756089108
D00883_06_fill_holes_and_orientation.obj,d00883,Glasses,6,4,1,19377,7,19388,0.9312116926898993,0.9112351293004455,6,4,1,19377,0.8571428571428571,0.9997936123007068,0.6,0.9999483950872123,0.14285714285714285,0.00020638769929312212,0.4,5.160491278769739e-05,0.5454545454545454,0.9997421085207345,0.7058823529411764,0.6382978723404255,0.7894736842105262,0.7170199854497559,0.8569364694435639,0.5999483950872122,4153.071428571428,0.14288663290056694
D00994_06_fill_holes_and_orientation.obj,d00994,Glasses,3,7,4,19374,7,19388,0.3445187251435578,0.8463782095448072,3,7,4,19374,0.42857142857142855,0.9996388215262371,0.3,0.9997935803488492,0.5714285714285714,0.00036117847376296373,0.7,0.00020641965115078957,0.21428571428571427,0.9994326387456158,0.3529411764705882,0.3191489361702127,0.3947368421052631,0.3582941305950396,0.42821025009766567,0.2997935803488492,1186.5918367346937,0.5716350336975917
D00023_06_fill_holes_and_orientation.obj,d00023,Guitar,1,9,6,19372,7,19388,0.3486105400587477,0.9308911235906143,1,9,6,19372,0.14285714285714285,0.9995356276765904,0.1,0.9996903705232738,0.8571428571428571,0.0004643723234095248,0.9,0.0003096294767261843,0.0625,0.9992263255622035,0.11764705882352941,0.10638297872340426,0.13157894736842102,0.11914356069189547,0.14239277053373334,0.0996903705232739,307.6349206349206,0.857541075484499
D00041_06_fill_holes_and_orientation.obj,d00041,Guitar,1,9,6,19372,7,19388,0.2596102933043869,0.9077750206782466,1,9,6,19372,0.14285714285714285,0.9995356276765904,0.1,0.9996903705232738,0.8571428571428571,0.0004643723234095248,0.9,0.0003096294767261843,0.0625,0.9992263255622035,0.11764705882352941,0.10638297872340426,0.13157894736842102,0.11914356069189547,0.14239277053373334,0.0996903705232739,307.6349206349206,0.857541075484499
D00076_06_fill_holes_and_orientation.obj,d00076,Guitar,0,10,7,19371,7,19388,0.15435023974197165,0.9040094031605066,0,10,7,19371,0.0,0.9994840307517672,0.0,0.9996387656104861,1.0,0.0005159692482328053,1.0,0.0003612343895138817,0.0,0.9991231689704972,,,,-0.0004317242596766064,-0.0005159692482328282,-0.00036123438951385367,0.0,1.0005162356099324
D00097_06_fill_holes_and_orientation.obj,d00097,Guitar,3,7,4,19374,7,19388,0.533637350809509,0.9576204779939924,3,7,4,19374,0.42857142857142855,0.9996388215262371,0.3,0.9997935803488492,0.5714285714285714,0.00036117847376296373,0.7,0.00020641965115078957,0.21428571428571427,0.9994326387456158,0.3529411764705882,0.3191489361702127,0.3947368421052631,0.3582941305950396,0.42821025009766567,0.2997935803488492,1186.5918367346937,0.5716350336975917
D00124_06_fill_holes_and_orientation.obj,d00124,Guitar,2,8,5,19373,7,19388,0.36988474547958045,0.9323930172826608,2,8,5,19373,0.2857142857142857,0.9995872246014138,0.2,0.9997419754360615,0.7142857142857143,0.00041277539858624424,0.8,0.0002580245639384869,0.13333333333333333,0.9993294821539096,0.23529411764705882,0.2127659574468085,0.26315789473684204,0.23871884564346754,0.2853015103156995,0.19974197543606143,692.1785714285714,0.7145806756089108
D00222_06_fill_holes_and_orientation.obj,d00222,Guitar,1,9,6,19372,7,19388,0.1716548496270398,0.8870532410430543,1,9,6,19372,0.14285714285714285,0.9995356276765904,0.1,0.9996903705232738,0.8571428571428571,0.0004643723234095248,0.9,0.0003096294767261843,0.0625,0.9992263255622035,0.11764705882352941,0.10638297872340426,0.13157894736842102,0.11914356069189547,0.14239277053373334,0.0996903705232739,307.6349206349206,0.857541075484499
D00232_06_fill_holes_and_orientation.obj,d00232,Guitar,0,10,7,19371,7,19388,0.11614957862069876,0.8619128466327108,0,10,7,19371,0.0,0.9994840307517672,0.0,0.9996387656104861,1.0,0.0005159692482328053,1.0,0.0003612343895138817,0.0,0.9991231689704972,,,,-0.0004317242596766064,-0.0005159692482328282,-0.00036123438951385367,0.0,1.0005162356099324
D00335_06_fill_holes_and_orientation.obj,d00335,Guitar,0,10,7,19371,7,19388,0.033619100803099385,0.6278568630011754,0,10,7,19371,0.0,0.9994840307517672,0.0,0.9996387656104861,1.0,0.0005159692482328053,1.0,0.0003612343895138817,0.0,0.9991231689704972,,,,-0.0004317242596766064,-0.0005159692482328282,-0.00036123438951385367,0.0,1.0005162356099324
D00374_06_fill_holes_and_orientation.obj,d00374,Guitar,0,10,7,19371,7,19388,0.15489854542740494,0.896412868399286,0,10,7,19371,0.0,0.9994840307517672,0.0,0.9996387656104861,1.0,0.0005159692482328053,1.0,0.0003612343895138817,0.0,0.9991231689704972,,,,-0.0004317242596766064,-0.0005159692482328282,-0.00036123438951385367,0.0,1.0005162356099324
D00414_06_fill_holes_and_orientation.obj,d00414,Guitar,0,10,7,19371,7,19388,0.07150499285121636,0.8089547690566367,0,10,7,19371,0.0,0.9994840307517672,0.0,0.9996387656104861,1.0,0.0005159692482328053,1.0,0.0003612343895138817,0.0,0.9991231689704972,,,,-0.0004317242596766064,-0.0005159692482328282,-0.00036123438951385367,0.0,1.0005162356099324
D00416_06_fill_holes_and_orientation.obj,d00416,Guitar,4,6,3,19375,7,19388,0.5276638009086967,0.9400330851943757,4,6,3,19375,0.5714285714285714,0.9996904184510603,0.4,0.9998451852616369,0.42857142857142855,0.00030958154893968317,0.6,0.00015481473836309216,0.3076923076923077,0.9995357953373221,0.47058823529411764,0.425531914893617,0.5263157894736841,0.4778694155466117,0.5711189898796318,0.3998451852616369,1845.8095238095239,0.4287041474654378
D00461_06_fill_holes_and_orientation.obj,d00461,Guitar,3,7,4,19374,7,19388,0.3716714499018274,0.9201166688433242,3,7,4,19374,0.42857142857142855,0.9996388215262371,0.3,0.9997935803488492,0.5714285714285714,0.00036117847376296373,0.7,0.00020641965115078957,0.21428571428571427,0.9994326387456158,0.3529411764705882,0.3191489361702127,0.3947368421052631,0.3582941305950396,0.42821025009766567,0.2997935803488492,1186.5918367346937,0.5716350336975917
D00464_06_fill_holes_and_orientation.obj,d00464,Guitar,2,8,5,19373,7,19388,0.10097701646862385,0.7740411823603675,2,8,5,19373,0.2857142857142857,0.9995872246014138,0.2,0.9997419754360615,0.7142857142857143,0.00041277539858624424,0.8,0.0002580245639384869,0.13333333333333333,0.9993294821539096,0.23529411764705882,0.2127659574468085,0.26315789473684204,0.23871884564346754,0.2853015103156995,0.19974197543606143,692.1785714285714,0.7145806756089108
D00494_06_fill_holes_and_orientation.obj,d00494,Guitar,2,8,5,19373,7,19388,0.50664469165776,0.9603630664751208,2,8,5,19373,0.2857142857142857,0.9995872246014138,0.2,0.9997419754360615,0.7142857142857143,0.00041277539858624424,0.8,0.0002580245639384869,0.13333333333333333,0.9993294821539096,0.23529411764705882,0.2127659574468085,0.26315789473684204,0.23871884564346754,0.2853015103156995,0.19974197543606143,692.1785714285714,0.7145806756089108
D00534_06_fill_holes_and_orientation.obj,d00534,Guitar,0,10,7,19371,7,19388,0.08660836168460126,0.7894954507857734,0,10,7,19371,0.0,0.9994840307517672,0.0,0.9996387656104861,1.0,0.0005159692482328053,1.0,0.0003612343895138817,0.0,0.9991231689704972,,,,-0.0004317242596766064,-0.0005159692482328282,-0.00036123438951385367,0.0,1.0005162356099324
D00549_06_fill_holes_and_orientation.obj,d00549,Guitar,3,7,4,19374,7,19388,0.3619688419601485,0.9428845065517393,3,7,4,19374,0.42857142857142855,0.9996388215262371,0.3,0.9997935803488492,0.5714285714285714,0.00036117847376296373,0.7,0.00020641965115078957,0.21428571428571427,0.9994326387456158,0.3529411764705882,0.3191489361702127,0.3947368421052631,0.3582941305950396,0.42821025009766567,0.2997935803488492,1186.5918367346937,0.5716350336975917
D00645_06_fill_holes_and_orientation.obj,d00645,Guitar,2,8,5,19373,7,19388,0.3248172076587757,0.9274737712768274,2,8,5,19373,0.2857142857142857,0.9995872246014138,0.2,0.9997419754360615,0.7142857142857143,0.00041277539858624424,0.8,0.0002580245639384869,0.13333333333333333,0.9993294821539096,0.23529411764705882,0.2127659574468085,0.26315789473684204,0.23871884564346754,0.2853015103156995,0.19974197543606143,692.1785714285714,0.7145806756089108
D00655_06_fill_holes_and_orientation.obj,d00655,Guitar,2,8,5,19373,7,19388,0.4251851553954592,0.950132776109007,2,8,5,19373,0.2857142857142857,0.9995872246014138,0.2,0.9997419754360615,0.7142857142857143,0.00041277539858624424,0.8,0.0002580245639384869,0.13333333333333333,0.9993294821539096,0.23529411764705882,0.2127659574468085,0.26315789473684204,0.23871884564346754,0.2853015103156995,0.19974197543606143,692.1785714285714,0.7145806756089108
D00844_06_fill_holes_and_orientation.obj,d00844,Guitar,0,10,6,19372,6,19388,0.021759522049503984,0.4519394018545122,0,10,6,19372,0.0,0.9994840573728201,0.0,0.9996903705232738,1.0,0.0005159426271798576,1.0,0.0003096294767261843,0.0,0.9991747472663504,,,,-0.00039968868594749107,-0.0005159426271799106,-0.000309629476726192,0.0,1.0005162089613877
D00849_06_fill_holes_and_orientation.obj,d00849,Guitar,0,10,7,19371,7,19388,0.1472972346245399,0.87055417700579,0,10,7,19371,0.0,0.9994840307517672,0.0,0.9996387656104861,1.0,0.0005159692482328053,1.0,0.0003612343895138817,0.0,0.9991231689704972,,,,-0.0004317242596766064,-0.0005159692482328282,-0.00036123438951385367,0.0,1.0005162356099324
D00103_06_fill_holes_and_orientation.obj,d00103,Gun,4,6,3,19375,7,19388,0.8442360625721418,0.5724163349550346,4,6,3,19375,0.5714285714285714,0.9996904184510603,0.4,0.9998451852616369,0.42857142857142855,0.00030958154893968317,0.6,0.00015481473836309216,0.3076923076923077,0.9995357953373221,0.47058823529411764,0.425531914893617,0.5263157894736841,0.4778694155466117,0.5711189898796318,0.3998451852616369,1845.8095238095239,0.4287041474654378
D00137_06_fill_holes_and_orientation.obj,d00137,Gun,3,7,4,19374,7,19388,0.8568510324299765,0.7276131505233672,3,7,4,19374,0.42857142857142855,0.9996388215262371,0.3,0.9997935803488492,0.5714285714285714,0.00036117847376296373,0.7,0.00020641965115078957,0.21428571428571427,0.9994326387456158,0.3529411764705882,0.3191489361702127,0.3947368421052631,0.3582941305950396,0.42821025009766567,0.2997935803488492,1186.5918367346937,0.5716350336975917
D00140_06_fill_holes_and_orientation.obj,d00140,Gun,0,10,7,19371,7,19388,0.570056890741957,0.765111307680967,0,10,7,19371,0.0,0.9994840307517672,0.0,0.9996387656104861,1.0,0.0005159692482328053,1.0,0.0003612343895138817,0.0,0.9991231689704972,,,,-0.0004317242596766064,-0.0005159692482328282,-0.00036123438951385367,0.0,1.0005162356099324
D00153_06_fill_holes_and_orientation.obj,d00153,Gun,1,9,6,19372,7,19388,0.3525291659760024,0.6807091257555653,1,9,6,19372,0.14285714285714285,0.9995356276765904,0.1,0.9996903705232738,0.8571428571428571,0.0004643723234095248,0.9,0.0003096294767261843,0.0625,0.9992263255622035,0.11764705882352941,0.10638297872340426,0.13157894736842102,0.11914356069189547,0.14239277053373334,0.0996903705232739,307.6349206349206,0.857541075484499
D00161_06_fill_holes_and_orientation.obj,d00161,Gun,1,9,6,19372,7,19388,0.6114889654462051,0.662922010909627,1,9,6,19372,0.14285714285714285,0.9995356276765904,0.1,0.9996903705232738,0.8571428571428571,0.0004643723234095248,0.9,0.0003096294767261843,0.0625,0.9992263255622035,0.11764705882352941,0.10638297872340426,0.13157894736842102,0.11914356069189547,0.14239277053373334,0.0996903705232739,307.6349206349206,0.857541075484499
D00204_06_fill_holes_and_orientation.obj,d00204,Gun,3,7,4,19374,7,19388,0.5995489922377109,0.5609243697478992,3,7,4,19374,0.42857142857142855,0.9996388215262371,0.3,0.9997935803488492,0.5714285714285714,0.00036117847376296373,0.7,0.00020641965115078957,0.21428571428571427,0.9994326387456158,0.3529411764705882,0.3191489361702127,0.3947368421052631,0.3582941305950396,0.42821025009766567,0.2997935803488492,1186.5918367346937,0.5716350336975917
D00207_06_fill_holes_and_orientation.obj,d00207,Gun,1,9,6,19372,7,19388,0.5474066012297281,0.6969408816158041,1,9,6,19372,0.14285714285714285,0.9995356276765904,0.1,0.9996903705232738,0.8571428571428571,0.0004643723234095248,0.9,0.0003096294767261843,0.0625,0.9992263255622035,0.11764705882352941,0.10638297872340426,0.13157894736842102,0.11914356069189547,0.14239277053373334,0.0996903705232739,307.6349206349206,0.857541075484499
D00209_06_fill_holes_and_orientation.obj,d00209,Gun,2,8,5,19373,7,19388,0.549031736105341,0.5169467787114846,2,8,5,19373,0.2857142857142857,0.9995872246014138,0.2,0.9997419754360615,0.7142857142857143,0.00041277539858624424,0.8,0.0002580245639384869,0.13333333333333333,0.9993294821539096,0.23529411764705882,0.2127659574468085,0.26315789473684204,0.23871884564346754,0.2853015103156995,0.19974197543606143,692.1785714285714,0.7145806756089108
D00239_06_fill_holes_and_orientation.obj,d00239,Gun,2,8,5,19373,7,19388,0.5729885761066805,0.7778785198289841,2,8,5,19373,0.2857142857142857,0.9995872246014138,0.2,0.9997419754360615,0.7142857142857143,0.00041277539858624424,0.8,0.0002580245639384869,0.13333333333333333,0.9993294821539096,0.23529411764705882,0.2127659574468085,0.26315789473684204,0.23871884564346754,0.2853015103156995,0.19974197543606143,692.1785714285714,0.7145806756089108
D00244_06_fill_holes_and_orientation.obj,d00244,Gun,4,6,3,19375,7,19388,1.0299318422579637,0.6814978623028158,4,6,3,19375,0.5714285714285714,0.9996904184510603,0.4,0.9998451852616369,0.42857142857142855,0.00030958154893968317,0.6,0.00015481473836309216,0.3076923076923077,0.9995357953373221,0.47058823529411764,0.425531914893617,0.5263157894736841,0.4778694155466117,0.5711189898796318,0.3998451852616369,1845.8095238095239,0.4287041474654378
D00282_06_fill_holes_and_orientation.obj,d00282,Gun,0,10,7,19371,7,19388,0.2290459709683581,0.5792864514226743,0,10,7,19371,0.0,0.9994840307517672,0.0,0.9996387656104861,1.0,0.0005159692482328053,1.0,0.0003612343895138817,0.0,0.9991231689704972,,,,-0.0004317242596766064,-0.0005159692482328282,-0.00036123438951385367,0.0,1.0005162356099324
D00368_06_fill_holes_and_orientation.obj,d00368,Gun,3,7,4,19374,7,19388,0.7342032919545868,0.7441618752764263,3,7,4,19374,0.42857142857142855,0.9996388215262371,0.3,0.9997935803488492,0.5714285714285714,0.00036117847376296373,0.7,0.00020641965115078957,0.21428571428571427,0.9994326387456158,0.3529411764705882,0.3191489361702127,0.3947368421052631,0.3582941305950396,0.42821025009766567,0.2997935803488492,1186.5918367346937,0.5716350336975917
D00425_06_fill_holes_and_orientation.obj,d00425,Gun,0,10,7,19371,7,19388,0.2985202707207419,0.6187748783724016,0,10,7,19371,0.0,0.9994840307517672,0.0,0.9996387656104861,1.0,0.0005159692482328053,1.0,0.0003612343895138817,0.0,0.9991231689704972,,,,-0.0004317242596766064,-0.0005159692482328282,-0.00036123438951385367,0.0,1.0005162356099324
D00477_06_fill_holes_and_orientation.obj,d00477,Gun,3,7,4,19374,7,19388,0.7123284765801391,0.777141382868937,3,7,4,19374,0.42857142857142855,0.9996388215262371,0.3,0.9997935803488492,0.5714285714285714,0.00036117847376296373,0.7,0.00020641965115078957,0.21428571428571427,0.9994326387456158,0.3529411764705882,0.3191489361702127,0.3947368421052631,0.3582941305950396,0.42821025009766567,0.2997935803488492,1186.5918367346937,0.5716350336975917
D00606_06_fill_holes_and_orientation.obj,d00606,Gun,1,9,6,19372,7,19388,0.46566190972466137,0.6217160548429899,1,9,6,19372,0.14285714285714285,0.9995356276765904,0.1,0.9996903705232738,0.8571428571428571,0.0004643723234095248,0.9,0.0003096294767261843,0.0625,0.9992263255622035,0.11764705882352941,0.10638297872340426,0.13157894736842102,0.11914356069189547,0.14239277053373334,0.0996903705232739,307.6349206349206,0.857541075484499
D00802_06_fill_holes_and_orientation.obj,d00802,Gun,3,7,4,19374,7,19388,0.9024335224614719,0.801422674332891,3,7,4,19374,0.42857142857142855,0.9996388215262371,0.3,0.9997935803488492,0.5714285714285714,0.00036117847376296373,0.7,0.00020641965115078957,0.21428571428571427,0.9994326387456158,0.3529411764705882,0.3191489361702127,0.3947368421052631,0.3582941305950396,0.42821025009766567,0.2997935803488492,1186.5918367346937,0.5716350336975917
D00819_06_fill_holes_and_orientation.obj,d00819,Gun,1,9,6,19372,7,19388,0.4836152732485878,0.639156715317706,1,9,6,19372,0.14285714285714285,0.9995356276765904,0.1,0.9996903705232738,0.8571428571428571,0.0004643723234095248,0.9,0.0003096294767261843,0.0625,0.9992263255622035,0.11764705882352941,0.10638297872340426,0.13157894736842102,0.11914356069189547,0.14239277053373334,0.0996903705232739,307.6349206349206,0.857541075484499
D00826_06_fill_holes_and_orientation.obj,d00826,Gun,1,9,6,19372,7,19388,0.328565101138634,0.6673669467787116,1,9,6,19372,0.14285714285714285,0.9995356276765904,0.1,0.9996903705232738,0.8571428571428571,0.0004643723234095248,0.9,0.0003096294767261843,0.0625,0.9992263255622035,0.11764705882352941,0.10638297872340426,0.13157894736842102,0.11914356069189547,0.14239277053373334,0.0996903705232739,307.6349206349206,0.857541075484499
D00929_06_fill_holes_and_orientation.obj,d00929,Gun,1,9,6,19372,7,19388,0.5866764226327934,0.6858101135190919,1,9,6,19372,0.14285714285714285,0.9995356276765904,0.1,0.9996903705232738,0.8571428571428571,0.0004643723234095248,0.9,0.0003096294767261843,0.0625,0.9992263255622035,0.11764705882352941,0.10638297872340426,0.13157894736842102,0.11914356069189547,0.14239277053373334,0.0996903705232739,307.6349206349206,0.857541075484499
D00972_06_fill_holes_and_orientation.obj,d00972,Gun,0,10,7,19371,7,19388,0.3583873874218195,0.6810703228659885,0,10,7,19371,0.0,0.9994840307517672,0.0,0.9996387656104861,1.0,0.0005159692482328053,1.0,0.0003612343895138817,0.0,0.9991231689704972,,,,-0.0004317242596766064,-0.0005159692482328282,-0.00036123438951385367,0.0,1.0005162356099324
m648_06_fill_holes_and_orientation.obj,m648,Gun,0,10,7,19371,7,19388,0.4655179611023482,0.7364882795223353,0,10,7,19371,0.0,0.9994840307517672,0.0,0.9996387656104861,1.0,0.0005159692482328053,1.0,0.0003612343895138817,0.0,0.9991231689704972,,,,-0.0004317242596766064,-0.0005159692482328282,-0.00036123438951385367,0.0,1.0005162356099324
m649_06_fill_holes_and_orientation.obj,m649,Gun,2,8,5,19373,7,19388,0.6105219539645155,0.5167403803626713,2,8,5,19373,0.2857142857142857,0.9995872246014138,0.2,0.9997419754360615,0.7142857142857143,0.00041277539858624424,0.8,0.0002580245639384869,0.13333333333333333,0.9993294821539096,0.23529411764705882,0.2127659574468085,0.26315789473684204,0.23871884564346754,0.2853015103156995,0.19974197543606143,692.1785714285714,0.7145806756089108
m650_06_fill_holes_and_orientation.obj,m650,Gun,0,10,7,19371,7,19388,0.21855512913557365,0.45224089635854336,0,10,7,19371,0.0,0.9994840307517672,0.0,0.9996387656104861,1.0,0.0005159692482328053,1.0,0.0003612343895138817,0.0,0.9991231689704972,,,,-0.0004317242596766064,-0.0005159692482328282,-0.00036123438951385367,0.0,1.0005162356099324
m651_06_fill_holes_and_orientation.obj,m651,Gun,0,10,7,19371,7,19388,0.2002520121057458,0.49380804953560364,0,10,7,19371,0.0,0.9994840307517672,0.0,0.9996387656104861,1.0,0.0005159692482328053,1.0,0.0003612343895138817,0.0,0.9991231689704972,,,,-0.0004317242596766064,-0.0005159692482328282,-0.00036123438951385367,0.0,1.0005162356099324
m652_06_fill_holes_and_orientation.obj,m652,Gun,2,8,5,19373,7,19388,0.5185709972260546,0.523780038331122,2,8,5,19373,0.2857142857142857,0.9995872246014138,0.2,0.9997419754360615,0.7142857142857143,0.00041277539858624424,0.8,0.0002580245639384869,0.13333333333333333,0.9993294821539096,0.23529411764705882,0.2127659574468085,0.26315789473684204,0.23871884564346754,0.2853015103156995,0.19974197543606143,692.1785714285714,0.7145806756089108
m653_06_fill_holes_and_orientation.obj,m653,Gun,2,8,5,19373,7,19388,0.5372542984746858,0.7592952970661948,2,8,5,19373,0.2857142857142857,0.9995872246014138,0.2,0.9997419754360615,0.7142857142857143,0.00041277539858624424,0.8,0.0002580245639384869,0.13333333333333333,0.9993294821539096,0.23529411764705882,0.2127659574468085,0.26315789473684204,0.23871884564346754,0.2853015103156995,0.19974197543606143,692.1785714285714,0.7145806756089108
m654_06_fill_holes_and_orientation.obj,m654,Gun,1,9,6,19372,7,19388,0.4875053041690968,0.7113076809671237,1,9,6,19372,0.14285714285714285,0.9995356276765904,0.1,0.9996903705232738,0.8571428571428571,0.0004643723234095248,0.9,0.0003096294767261843,0.0625,0.9992263255622035,0.11764705882352941,0.10638297872340426,0.13157894736842102,0.11914356069189547,0.14239277053373334,0.0996903705232739,307.6349206349206,0.857541075484499
m655_06_fill_holes_and_orientation.obj,m655,Gun,2,8,5,19373,7,19388,0.9195998284464348,0.8180377414123543,2,8,5,19373,0.2857142857142857,0.9995872246014138,0.2,0.9997419754360615,0.7142857142857143,0.00041277539858624424,0.8,0.0002580245639384869,0.13333333333333333,0.9993294821539096,0.23529411764705882,0.2127659574468085,0.26315789473684204,0.23871884564346754,0.2853015103156995,0.19974197543606143,692.1785714285714,0.7145806756089108
m656_06_fill_holes_and_orientation.obj,m656,Gun,1,9,6,19372,7,19388,0.5489928001679114,0.695061182367684,1,9,6,19372,0.14285714285714285,0.9995356276765904,0.1,0.9996903705232738,0.8571428571428571,0.0004643723234095248,0.9,0.0003096294767261843,0.0625,0.9992263255622035,0.11764705882352941,0.10638297872340426,0.13157894736842102,0.11914356069189547,0.14239277053373334,0.0996903705232739,307.6349206349206,0.857541075484499
m657_06_fill_holes_and_orientation.obj,m657,Gun,0,10,7,19371,7,19388,0.21144370386063374,0.45177650007371367,0,10,7,19371,0.0,0.9994840307517672,0.0,0.9996387656104861,1.0,0.0005159692482328053,1.0,0.0003612343895138817,0.0,0.9991231689704972,,,,-0.0004317242596766064,-0.0005159692482328282,-0.00036123438951385367,0.0,1.0005162356099324
m658_06_fill_holes_and_orientation.obj,m658,Gun,3,7,4,19374,7,19388,0.9364448948624036,0.6176028306059266,3,7,4,19374,0.42857142857142855,0.9996388215262371,0.3,0.9997935803488492,0.5714285714285714,0.00036117847376296373,0.7,0.00020641965115078957,0.21428571428571427,0.9994326387456158,0.3529411764705882,0.3191489361702127,0.3947368421052631,0.3582941305950396,0.42821025009766567,0.2997935803488492,1186.5918367346937,0.5716350336975917
m659_06_fill_holes_and_orientation.obj,m659,Gun,0,10,7,19371,7,19388,0.31686222323743,0.6957983193277311,0,10,7,19371,0.0,0.9994840307517672,0.0,0.9996387656104861,1.0,0.0005159692482328053,1.0,0.0003612343895138817,0.0,0.9991231689704972,,,,-0.0004317242596766064,-0.0005159692482328282,-0.00036123438951385367,0.0,1.0005162356099324
m660_06_fill_holes_and_orientation.obj,m660,Gun,0,10,7,19371,7,19388,0.26757480820678925,0.6644699985257261,0,10,7,19371,0.0,0.9994840307517672,0.0,0.9996387656104861,1.0,0.0005159692482328053,1.0,0.0003612343895138817,0.0,0.9991231689704972,,,,-0.0004317242596766064,-0.0005159692482328282,-0.00036123438951385367,0.0,1.0005162356099324
m661_06_fill_holes_and_orientation.obj,m661,Gun,1,9,6,19372,7,19388,0.7490720104809657,0.7980760725342768,1,9,6,19372,0.14285714285714285,0.9995356276765904,0.1,0.9996903705232738,0.8571428571428571,0.0004643723234095248,0.9,0.0003096294767261843,0.0625,0.9992263255622035,0.11764705882352941,0.10638297872340426,0.13157894736842102,0.11914356069189547,0.14239277053373334,0.0996903705232739,307.6349206349206,0.857541075484499
m662_06_fill_holes_and_orientation.obj,m662,Gun,1,9,6,19372,7,19388,0.1994972360241078,0.40305174701459534,1,9,6,19372,0.14285714285714285,0.9995356276765904,0.1,0.9996903705232738,0.8571428571428571,0.0004643723234095248,0.9,0.0003096294767261843,0.0625,0.9992263255622035,0.11764705882352941,0.10638297872340426,0.13157894736842102,0.11914356069189547,0.14239277053373334,0.0996903705232739,307.6349206349206,0.857541075484499
m663_06_fill_holes_and_orientation.obj,m663,Gun,2,8,5,19373,7,19388,0.39514283804923644,0.6080421642341147,2,8,5,19373,0.2857142857142857,0.9995872246014138,0.2,0.9997419754360615,0.7142857142857143,0.00041277539858624424,0.8,0.0002580245639384869,0.13333333333333333,0.9993294821539096,0.23529411764705882,0.2127659574468085,0.26315789473684204,0.23871884564346754,0.2853015103156995,0.19974197543606143,692.1785714285714,0.7145806756089108
m664_06_fill_holes_and_orientation.obj,m664,Gun,2,8,5,19373,7,19388,0.6708086133832861,0.7178534571723426,2,8,5,19373,0.2857142857142857,0.9995872246014138,0.2,0.9997419754360615,0.7142857142857143,0.00041277539858624424,0.8,0.0002580245639384869,0.13333333333333333,0.9993294821539096,0.23529411764705882,0.2127659574468085,0.26315789473684204,0.23871884564346754,0.2853015103156995,0.19974197543606143,692.1785714285714,0.7145806756089108
m665_06_fill_holes_and_orientation.obj,m665,Gun,1,9,6,19372,7,19388,0.31002986418464396,0.46519976411617275,1,9,6,19372,0.14285714285714285,0.9995356276765904,0.1,0.9996903705232738,0.8571428571428571,0.0004643723234095248,0.9,0.0003096294767261843,0.0625,0.9992263255622035,0.11764705882352941,0.10638297872340426,0.13157894736842102,0.11914356069189547,0.14239277053373334,0.0996903705232739,307.6349206349206,0.857541075484499
m666_06_fill_holes_and_orientation.obj,m666,Gun,2,8,5,19373,7,19388,0.7236205808476789,0.6984593837535014,2,8,5,19373,0.2857142857142857,0.9995872246014138,0.2,0.9997419754360615,0.7142857142857143,0.00041277539858624424,0.8,0.0002580245639384869,0.13333333333333333,0.9993294821539096,0.23529411764705882,0.2127659574468085,0.26315789473684204,0.23871884564346754,0.2853015103156995,0.19974197543606143,692.1785714285714,0.7145806756089108
m667_06_fill_holes_and_orientation.obj,m667,Gun,2,8,5,19373,7,19388,0.6463135718175153,0.7740380362671384,2,8,5,19373,0.2857142857142857,0.9995872246014138,0.2,0.9997419754360615,0.7142857142857143,0.00041277539858624424,0.8,0.0002580245639384869,0.13333333333333333,0.9993294821539096,0.23529411764705882,0.2127659574468085,0.26315789473684204,0.23871884564346754,0.2853015103156995,0.19974197543606143,692.1785714285714,0.7145806756089108
m668_06_fill_holes_and_orientation.obj,m668,Gun,0,10,7,19371,7,19388,0.4307113320421821,0.7207725195341295,0,10,7,19371,0.0,0.9994840307517672,0.0,0.9996387656104861,1.0,0.0005159692482328053,1.0,0.0003612343895138817,0.0,0.9991231689704972,,,,-0.0004317242596766064,-0.0005159692482328282,-0.00036123438951385367,0.0,1.0005162356099324
m669_06_fill_holes_and_orientation.obj,m669,Gun,2,8,5,19373,7,19388,0.8098380824252921,0.7767507002801121,2,8,5,19373,0.2857142857142857,0.9995872246014138,0.2,0.9997419754360615,0.7142857142857143,0.00041277539858624424,0.8,0.0002580245639384869,0.13333333333333333,0.9993294821539096,0.23529411764705882,0.2127659574468085,0.26315789473684204,0.23871884564346754,0.2853015103156995,0.19974197543606143,692.1785714285714,0.7145806756089108
m670_06_fill_holes_and_orientation.obj,m670,Gun,3,7,4,19374,7,19388,0.8195341808056583,0.7647206250921421,3,7,4,19374,0.42857142857142855,0.9996388215262371,0.3,0.9997935803488492,0.5714285714285714,0.00036117847376296373,0.7,0.00020641965115078957,0.21428571428571427,0.9994326387456158,0.3529411764705882,0.3191489361702127,0.3947368421052631,0.3582941305950396,0.42821025009766567,0.2997935803488492,1186.5918367346937,0.5716350336975917
m671_06_fill_holes_and_orientation.obj,m671,Gun,1,9,6,19372,7,19388,0.7358619753718353,0.8004717676544302,1,9,6,19372,0.14285714285714285,0.9995356276765904,0.1,0.9996903705232738,0.8571428571428571,0.0004643723234095248,0.9,0.0003096294767261843,0.0625,0.9992263255622035,0.11764705882352941,0.10638297872340426,0.13157894736842102,0.11914356069189547,0.14239277053373334,0.0996903705232739,307.6349206349206,0.857541075484499
m672_06_fill_holes_and_orientation.obj,m672,Gun,1,9,6,19372,7,19388,0.8969607619196085,0.8485920684063099,1,9,6,19372,0.14285714285714285,0.9995356276765904,0.1,0.9996903705232738,0.8571428571428571,0.0004643723234095248,0.9,0.0003096294767261843,0.0625,0.9992263255622035,0.11764705882352941,0.10638297872340426,0.13157894736842102,0.11914356069189547,0.14239277053373334,0.0996903705232739,307.6349206349206,0.857541075484499
m674_06_fill_holes_and_orientation.obj,m674,Gun,1,9,5,19373,6,19388,0.7359053510997309,0.8231387291758808,1,9,5,19373,0.16666666666666666,0.9995356516355381,0.1,0.9997419754360615,0.8333333333333334,0.0004643483644618718,0.9,0.0002580245639384869,0.06666666666666667,0.9992779038580565,0.125,0.10869565217391304,0.14705882352941177,0.1287530486998851,0.16620231830220478,0.09974197543606156,358.9259259259259,0.8337204700700288
m675_06_fill_holes_and_orientation.obj,m675,Gun,0,10,7,19371,7,19388,0.3205014348900764,0.6926138876603273,0,10,7,19371,0.0,0.9994840307517672,0.0,0.9996387656104861,1.0,0.0005159692482328053,1.0,0.0003612343895138817,0.0,0.9991231689704972,,,,-0.0004317242596766064,-0.0005159692482328282,-0.00036123438951385367,0.0,1.0005162356099324
m676_06_fill_holes_and_orientation.obj,m676,Gun,2,8,5,19373,7,19388,0.6520100852932469,0.7531033466017987,2,8,5,19373,0.2857142857142857,0.9995872246014138,0.2,0.9997419754360615,0.7142857142857143,0.00041277539858624424,0.8,0.0002580245639384869,0.13333333333333333,0.9993294821539096,0.23529411764705882,0.2127659574468085,0.26315789473684204,0.23871884564346754,0.2853015103156995,0.19974197543606143,692.1785714285714,0.7145806756089108
m677_06_fill_holes_and_orientation.obj,m677,Gun,3,7,4,19374,7,19388,0.9840200289712294,0.8312693498452012,3,7,4,19374,0.42857142857142855,0.9996388215262371,0.3,0.9997935803488492,0.5714285714285714,0.00036117847376296373,0.7,0.00020641965115078957,0.21428571428571427,0.9994326387456158,0.3529411764705882,0.3191489361702127,0.3947368421052631,0.3582941305950396,0.42821025009766567,0.2997935803488492,1186.5918367346937,0.5716350336975917
m678_06_fill_holes_and_orientation.obj,m678,Gun,1,9,6,19372,7,19388,0.71345702400408,0.8065531475748193,1,9,6,19372,0.14285714285714285,0.9995356276765904,0.1,0.9996903705232738,0.8571428571428571,0.0004643723234095248,0.9,0.0003096294767261843,0.0625,0.9992263255622035,0.11764705882352941,0.10638297872340426,0.13157894736842102,0.11914356069189547,0.14239277053373334,0.0996903705232739,307.6349206349206,0.857541075484499
m679_06_fill_holes_and_orientation.obj,m679,Gun,3,7,4,19374,7,19388,0.7091756231959224,0.7763747604304879,3,7,4,19374,0.42857142857142855,0.9996388215262371,0.3,0.9997935803488492,0.5714285714285714,0.00036117847376296373,0.7,0.00020641965115078957,0.21428571428571427,0.9994326387456158,0.3529411764705882,0.3191489361702127,0.3947368421052631,0.3582941305950396,0.42821025009766567,0.2997935803488492,1186.5918367346937,0.5716350336975917
m680_06_fill_holes_and_orientation.obj,m680,Gun,2,8,5,19373,7,19388,0.7894571146101581,0.7969187675070029,2,8,5,19373,0.2857142857142857,0.9995872246014138,0.2,0.9997419754360615,0.7142857142857143,0.00041277539858624424,0.8,0.0002580245639384869,0.13333333333333333,0.9993294821539096,0.23529411764705882,0.2127659574468085,0.26315789473684204,0.23871884564346754,0.2853015103156995,0.19974197543606143,692.1785714285714,0.7145806756089108
m681_06_fill_holes_and_orientation.obj,m681,Gun,3,7,4,19374,7,19388,0.9785713670091862,0.7805469556243549,3,7,4,19374,0.42857142857142855,0.9996388215262371,0.3,0.9997935803488492,0.5714285714285714,0.00036117847376296373,0.7,0.00020641965115078957,0.21428571428571427,0.9994326387456158,0.3529411764705882,0.3191489361702127,0.3947368421052631,0.3582941305950396,0.42821025009766567,0.2997935803488492,1186.5918367346937,0.5716350336975917
m682_06_fill_holes_and_orientation.obj,m682,Gun,1,9,6,19372,7,19388,0.6655511062974208,0.8106368863334807,1,9,6,19372,0.14285714285714285,0.9995356276765904,0.1,0.9996903705232738,0.8571428571428571,0.0004643723234095248,0.9,0.0003096294767261843,0.0625,0.9992263255622035,0.11764705882352941,0.10638297872340426,0.13157894736842102,0.11914356069189547,0.14239277053373334,0.0996903705232739,307.6349206349206,0.857541075484499
m683_06_fill_holes_and_orientation.obj,m683,Gun,4,6,3,19375,7,19388,0.9726363516128965,0.7756671089488426,4,6,3,19375,0.5714285714285714,0.9996904184510603,0.4,0.9998451852616369,0.42857142857142855,0.00030958154893968317,0.6,0.00015481473836309216,0.3076923076923077,0.9995357953373221,0.47058823529411764,0.425531914893617,0.5263157894736841,0.4778694155466117,0.5711189898796318,0.3998451852616369,1845.8095238095239,0.4287041474654378
m684_06_fill_holes_and_orientation.obj,m684,Gun,0,10,7,19371,7,19388,0.3810737790716362,0.7241043785935426,0,10,7,19371,0.0,0.9994840307517672,0.0,0.9996387656104861,1.0,0.0005159692482328053,1.0,0.0003612343895138817,0.0,0.9991231689704972,,,,-0.0004317242596766064,-0.0005159692482328282,-0.00036123438951385367,0.0,1.0005162356099324
m685_06_fill_holes_and_orientation.obj,m685,Gun,0,10,7,19371,7,19388,0.24147049599119555,0.5795297066194899,0,10,7,19371,0.0,0.9994840307517672,0.0,0.9996387656104861,1.0,0.0005159692482328053,1.0,0.0003612343895138817,0.0,0.9991231689704972,,,,-0.0004317242596766064,-0.0005159692482328282,-0.00036123438951385367,0.0,1.0005162356099324
m686_06_fill_holes_and_orientation.obj,m686,Gun,3,7,4,19374,7,19388,0.8096324198937167,0.7539952823234556,3,7,4,19374,0.42857142857142855,0.9996388215262371,0.3,0.9997935803488492,0.5714285714285714,0.00036117847376296373,0.7,0.00020641965115078957,0.21428571428571427,0.9994326387456158,0.3529411764705882,0.3191489361702127,0.3947368421052631,0.3582941305950396,0.42821025009766567,0.2997935803488492,1186.5918367346937,0.5716350336975917
D01006_06_fill_holes_and_orientation.obj,d01006,Hand,4,6,2,19376,6,19388,1.6896637317700112,0.8678906936924429,4,6,2,19376,0.6666666666666666,0.9996904344236921,0.4,0.9998967901744246,0.3333333333333333,0.00030956557630791457,0.6,0.00010320982557539478,0.3333333333333333,0.9995873736331752,0.5,0.43478260869565216,0.5882352941176471,0.5162112608573829,0.6663571010903588,0.3998967901744246,2153.555555555555,0.3334365538122763
D01020_06_fill_holes_and_orientation.obj,d01020,Hand,5,5,2,19376,7,19388,1.1423311691146663,0.8626729603405988,5,5,2,19376,0.7142857142857143,0.9997420153758836,0.5,0.9998967901744246,0.2857142857142857,0.00025798462411640266,0.5,0.00010320982557539478,0.4166666666666667,0.9996389519290283,0.588235294117647,0.5319148936170213,0.6578947368421053,0.5974447004981838,0.714027729661598,0.4998967901744247,2768.714285714286,0.28578801462781644
D01022_06_fill_holes_and_orientation.obj,d01022,Hand,2,8,5,19373,7,19388,0.481544366744866,0.8131334166319589,2,8,5,19373,0.2857142857142857,0.9995872246014138,0.2,0.9997419754360615,0.7142857142857143,0.00041277539858624424,0.8,0.0002580245639384869,0.13333333333333333,0.9993294821539096,0.23529411764705882,0.2127659574468085,0.26315789473684204,0.23871884564346754,0.2853015103156995,0.19974197543606143,692.1785714285714,0.7145806756089108
D01024_06_fill_holes_and_orientation.obj,d01024,Hand,5,5,2,19376,7,19388,0.8595501113687384,0.7783099634411588,5,5,2,19376,0.7142857142857143,0.9997420153758836,0.5,0.9998967901744246,0.2857142857142857,0.00025798462411640266,0.5,0.00010320982557539478,0.4166666666666667,0.9996389519290283,0.588235294117647,0.5319148936170213,0.6578947368421053,0.5974447004981838,0.714027729661598,0.4998967901744247,2768.714285714286,0.28578801462781644
D01041_06_fill_holes_and_orientation.obj,d01041,Hand,6,4,1,19377,7,19388,1.1325032126694003,0.8443704012217133,6,4,1,19377,0.8571428571428571,0.9997936123007068,0.6,0.9999483950872123,0.14285714285714285,0.00020638769929312212,0.4,5.160491278769739e-05,0.5454545454545454,0.9997421085207345,0.7058823529411764,0.6382978723404255,0.7894736842105262,0.7170199854497559,0.8569364694435639,0.5999483950872122,4153.071428571428,0.14288663290056694
D01060_06_fill_holes_and_orientation.obj,d01060,Hand,6,4,1,19377,7,19388,1.2354739490973576,0.8596418159100375,6,4,1,19377,0.8571428571428571,0.9997936123007068,0.6,0.9999483950872123,0.14285714285714285,0.00020638769929312212,0.4,5.160491278769739e-05,0.5454545454545454,0.9997421085207345,0.7058823529411764,0.6382978723404255,0.7894736842105262,0.7170199854497559,0.8569364694435639,0.5999483950872122,4153.071428571428,0.14288663290056694
D01074_06_fill_holes_and_orientation.obj,d01074,Hand,6,4,1,19377,7,19388,1.1141557482081708,0.8327085936415384,6,4,1,19377,0.8571428571428571,0.9997936123007068,0.6,0.9999483950872123,0.14285714285714285,0.00020638769929312212,0.4,5.160491278769739e-05,0.5454545454545454,0.9997421085207345,0.7058823529411764,0.6382978723404255,0.7894736842105262,0.7170199854497559,0.8569364694435639,0.5999483950872122,4153.071428571428,0.14288663290056694
D01093_06_fill_holes_and_orientation.obj,d01093,Hand,3,7,4,19374,7,19388,0.6280925929568658,0.8199592762274978,3,7,4,19374,0.42857142857142855,0.9996388215262371,0.3,0.9997935803488492,0.5714285714285714,0.00036117847376296373,0.7,0.00020641965115078957,0.21428571428571427,0.9994326387456158,0.3529411764705882,0.3191489361702127,0.3947368421052631,0.3582941305950396,0.42821025009766567,0.2997935803488492,1186.5918367346937,0.5716350336975917
D01097_06_fill_holes_and_orientation.obj,d01097,Hand,8,2,0,19378,7,19388,1.5071991872174009,0.828173446249248,8,2,0,19378,1.0,0.9998968008255934,0.8,1.0,0.0,0.00010319917440660474,0.2,0.0,0.8,0.9998968434082938,0.888888888888889,0.8333333333333334,0.9523809523809523,0.8943810377353014,0.9998968008255935,0.8,9690.0,0.0
D01106_06_fill_holes_and_orientation.obj,d01106,Hand,2,8,5,19373,7,19388,0.319097967979767,0.6886482484150123,2,8,5,19373,0.2857142857142857,0.9995872246014138,0.2,0.9997419754360615,0.7142857142857143,0.00041277539858624424,0.8,0.0002580245639384869,0.13333333333333333,0.9993294821539096,0.23529411764705882,0.2127659574468085,0.26315789473684204,0.23871884564346754,0.2853015103156995,0.19974197543606143,692.1785714285714,0.7145806756089108
D01117_06_fill_holes_and_orientation.obj,d01117,Hand,4,6,3,19375,7,19388,1.033583544593636,0.7729533990466935,4,6,3,19375,0.5714285714285714,0.9996904184510603,0.4,0.9998451852616369,0.42857142857142855,0.00030958154893968317,0.6,0.00015481473836309216,0.3076923076923077,0.9995357953373221,0.47058823529411764,0.425531914893617,0.5263157894736841,0.4778694155466117,0.5711189898796318,0.3998451852616369,1845.8095238095239,0.4287041474654378
D01118_06_fill_holes_and_orientation.obj,d01118,Hand,5,5,2,19376,7,19388,1.1942371282950617,0.8399856541255958,5,5,2,19376,0.7142857142857143,0.9997420153758836,0.5,0.9998967901744246,0.2857142857142857,0.00025798462411640266,0.5,0.00010320982557539478,0.4166666666666667,0.9996389519290283,0.588235294117647,0.5319148936170213,0.6578947368421053,0.5974447004981838,0.714027729661598,0.4998967901744247,2768.714285714286,0.28578801462781644
D01153_06_fill_holes_and_orientation.obj,d01153,Hand,4,6,3,19375,7,19388,0.8739506187265478,0.8546901753898839,4,6,3,19375,0.5714285714285714,0.9996904184510603,0.4,0.9998451852616369,0.42857142857142855,0.00030958154893968317,0.6,0.00015481473836309216,0.3076923076923077,0.9995357953373221,0.47058823529411764,0.425531914893617,0.5263157894736841,0.4778694155466117,0.5711189898796318,0.3998451852616369,1845.8095238095239,0.4287041474654378
D01162_06_fill_holes_and_orientation.obj,d01162,Hand,2,8,5,19373,7,19388,0.47023449206414697,0.7072053311120367,2,8,5,19373,0.2857142857142857,0.9995872246014138,0.2,0.9997419754360615,0.7142857142857143,0.00041277539858624424,0.8,0.0002580245639384869,0.13333333333333333,0.9993294821539096,0.23529411764705882,0.2127659574468085,0.26315789473684204,0.23871884564346754,0.2853015103156995,0.19974197543606143,692.1785714285714,0.7145806756089108
D01170_06_fill_holes_and_orientation.obj,d01170,Hand,4,6,3,19375,7,19388,1.2717337586216846,0.8349298903234763,4,6,3,19375,0.5714285714285714,0.9996904184510603,0.4,0.9998451852616369,0.42857142857142855,0.00030958154893968317,0.6,0.00015481473836309216,0.3076923076923077,0.9995357953373221,0.47058823529411764,0.425531914893617,0.5263157894736841,0.4778694155466117,0.5711189898796318,0.3998451852616369,1845.8095238095239,0.4287041474654378
D01172_06_fill_holes_and_orientation.obj,d01172,Hand,1,9,6,19372,7,19388,0.5945256115606299,0.8771345272802998,1,9,6,19372,0.14285714285714285,0.9995356276765904,0.1,0.9996903705232738,0.8571428571428571,0.0004643723234095248,0.9,0.0003096294767261843,0.0625,0.9992263255622035,0.11764705882352941,0.10638297872340426,0.13157894736842102,0.11914356069189547,0.14239277053373334,0.0996903705232739,307.6349206349206,0.857541075484499
D01193_06_fill_holes_and_orientation.obj,d01193,Hand,6,4,1,19377,7,19388,1.4430617057578186,0.8153315748067935,6,4,1,19377,0.8571428571428571,0.9997936123007068,0.6,0.9999483950872123,0.14285714285714285,0.00020638769929312212,0.4,5.160491278769739e-05,0.5454545454545454,0.9997421085207345,0.7058823529411764,0.6382978723404255,0.7894736842105262,0.7170199854497559,0.8569364694435639,0.5999483950872122,4153.071428571428,0.14288663290056694
D01197_06_fill_holes_and_orientation.obj,d01197,Hand,2,8,4,19374,6,19388,0.6962089620328188,0.8081123605904947,2,8,4,19374,0.3333333333333333,0.9995872458982561,0.2,0.9997935803488492,0.6666666666666666,0.0004127541017438861,0.8,0.00020641965115078957,0.14285714285714285,0.9993810604497627,0.25,0.21739130434782608,0.29411764705882354,0.25790578608571774,0.33292057923158946,0.1997935803488493,807.5833333333333,0.6669419496920271
D01198_06_fill_holes_and_orientation.obj,d01198,Hand,2,8,5,19373,7,19388,0.41005340783518146,0.7501504002961729,2,8,5,19373,0.2857142857142857,0.9995872246014138,0.2,0.9997419754360615,0.7142857142857143,0.00041277539858624424,0.8,0.0002580245639384869,0.13333333333333333,0.9993294821539096,0.23529411764705882,0.2127659574468085,0.26315789473684204,0.23871884564346754,0.2853015103156995,0.19974197543606143,692.1785714285714,0.7145806756089108
D01200_06_fill_holes_and_orientation.obj,d01200,Hand,3,7,3,19375,6,19388,0.8947119197078237,0.8366190013420334,3,7,3,19375,0.5,0.9996388401609742,0.3,0.9998451852616369,0.5,0.0003611598390259003,0.7,0.00015481473836309216,0.23076923076923078,0.999484217041469,0.37499999999999994,0.32608695652173914,0.4411764705882353,0.38705852347155034,0.49963884016097415,0.29984518526163684,1384.4285714285716,0.5001806451612903
m323_06_fill_holes_and_orientation.obj,m323,Hand,1,9,6,19372,7,19388,0.5950818235903184,0.8773312045906798,1,9,6,19372,0.14285714285714285,0.9995356276765904,0.1,0.9996903705232738,0.8571428571428571,0.0004643723234095248,0.9,0.0003096294767261843,0.0625,0.9992263255622035,0.11764705882352941,0.10638297872340426,0.13157894736842102,0.11914356069189547,0.14239277053373334,0.0996903705232739,307.6349206349206,0.857541075484499
m324_06_fill_holes_and_orientation.obj,m324,Hand,4,6,3,19375,7,19388,0.8946916426954807,0.8576519042991346,4,6,3,19375,0.5714285714285714,0.9996904184510603,0.4,0.9998451852616369,0.42857142857142855,0.00030958154893968317,0.6,0.00015481473836309216,0.3076923076923077,0.9995357953373221,0.47058823529411764,0.425531914893617,0.5263157894736841,0.4778694155466117,0.5711189898796318,0.3998451852616369,1845.8095238095239,0.4287041474654378
m325_06_fill_holes_and_orientation.obj,m325,Hand,6,4,1,19377,7,19388,1.1382238787670769,0.8475635152019991,6,4,1,19377,0.8571428571428571,0.9997936123007068,0.6,0.9999483950872123,0.14285714285714285,0.00020638769929312212,0.4,5.160491278769739e-05,0.5454545454545454,0.9997421085207345,0.7058823529411764,0.6382978723404255,0.7894736842105262,0.7170199854497559,0.8569364694435639,0.5999483950872122,4153.071428571428,0.14288663290056694
m326_06_fill_holes_and_orientation.obj,m326,Hand,6,4,1,19377,7,19388,1.219030834471866,0.8553033458281272,6,4,1,19377,0.8571428571428571,0.9997936123007068,0.6,0.9999483950872123,0.14285714285714285,0.00020638769929312212,0.4,5.160491278769739e-05,0.5454545454545454,0.9997421085207345,0.7058823529411764,0.6382978723404255,0.7894736842105262,0.7170199854497559,0.8569364694435639,0.5999483950872122,4153.071428571428,0.14288663290056694
m327_06_fill_holes_and_orientation.obj,m327,Hand,5,5,2,19376,7,19388,1.366353352276726,0.8189527511684946,5,5,2,19376,0.7142857142857143,0.9997420153758836,0.5,0.9998967901744246,0.2857142857142857,0.00025798462411640266,0.5,0.00010320982557539478,0.4166666666666667,0.9996389519290283,0.588235294117647,0.5319148936170213,0.6578947368421053,0.5974447004981838,0.714027729661598,0.4998967901744247,2768.714285714286,0.28578801462781644
m328_06_fill_holes_and_orientation.obj,m328,Hand,4,6,3,19375,7,19388,1.1317507530182456,0.7819889860706186,4,6,3,19375,0.5714285714285714,0.9996904184510603,0.4,0.9998451852616369,0.42857142857142855,0.00030958154893968317,0.6,0.00015481473836309216,0.3076923076923077,0.9995357953373221,0.47058823529411764,0.425531914893617,0.5263157894736841,0.4778694155466117,0.5711189898796318,0.3998451852616369,1845.8095238095239,0.4287041474654378
m329_06_fill_holes_and_orientation.obj,m329,Hand,8,2,0,19378,7,19388,1.5400344744868015,0.8262066731454486,8,2,0,19378,1.0,0.9998968008255934,0.8,1.0,0.0,0.00010319917440660474,0.2,0.0,0.8,0.9998968434082938,0.888888888888889,0.8333333333333334,0.9523809523809523,0.8943810377353014,0.9998968008255935,0.8,9690.0,0.0
m330_06_fill_holes_and_orientation.obj,m330,Hand,1,9,6,19372,7,19388,0.4561620089001396,0.8127169235040956,1,9,6,19372,0.14285714285714285,0.9995356276765904,0.1,0.9996903705232738,0.8571428571428571,0.0004643723234095248,0.9,0.0003096294767261843,0.0625,0.9992263255622035,0.11764705882352941,0.10638297872340426,0.13157894736842102,0.11914356069189547,0.14239277053373334,0.0996903705232739,307.6349206349206,0.857541075484499
m331_06_fill_holes_and_orientation.obj,m331,Hand,6,4,1,19377,7,19388,1.0495240671180446,0.8193923828034615,6,4,1,19377,0.8571428571428571,0.9997936123007068,0.6,0.9999483950872123,0.14285714285714285,0.00020638769929312212,0.4,5.160491278769739e-05,0.5454545454545454,0.9997421085207345,0.7058823529411764,0.6382978723404255,0.7894736842105262,0.7170199854497559,0.8569364694435639,0.5999483950872122,4153.071428571428,0.14288663290056694
m332_06_fill_holes_and_orientation.obj,m332,Hand,2,8,5,19373,7,19388,0.504475866435875,0.7121801101392938,2,8,5,19373,0.2857142857142857,0.9995872246014138,0.2,0.9997419754360615,0.7142857142857143,0.00041277539858624424,0.8,0.0002580245639384869,0.13333333333333333,0.9993294821539096,0.23529411764705882,0.2127659574468085,0.26315789473684204,0.23871884564346754,0.2853015103156995,0.19974197543606143,692.1785714285714,0.7145806756089108
m333_06_fill_holes_and_orientation.obj,m333,Hand,7,3,0,19378,7,19388,1.3329544220236886,0.7898560784858162,7,3,0,19378,1.0,0.9998452092255301,0.7,1.0,0.0,0.00015479077446984158,0.3,0.0,0.7,0.9998452651124407,0.8235294117647058,0.7446808510638298,0.9210526315789475,0.836595270401328,0.9998452092255301,0.7,6460.333333333334,0.0
m334_06_fill_holes_and_orientation.obj,m334,Hand,5,5,2,19376,7,19388,0.8996182312754671,0.818501550279976,5,5,2,19376,0.7142857142857143,0.9997420153758836,0.5,0.9998967901744246,0.2857142857142857,0.00025798462411640266,0.5,0.00010320982557539478,0.4166666666666667,0.9996389519290283,0.588235294117647,0.5319148936170213,0.6578947368421053,0.5974447004981838,0.714027729661598,0.4998967901744247,2768.714285714286,0.28578801462781644
m335_06_fill_holes_and_orientation.obj,m335,Hand,4,6,2,19376,6,19388,1.7248728989838193,0.8684575871164792,4,6,2,19376,0.6666666666666666,0.9996904344236921,0.4,0.9998967901744246,0.3333333333333333,0.00030956557630791457,0.6,0.00010320982557539478,0.3333333333333333,0.9995873736331752,0.5,0.43478260869565216,0.5882352941176471,0.5162112608573829,0.6663571010903588,0.3998967901744246,2153.555555555555,0.3334365538122763
m336_06_fill_holes_and_orientation.obj,m336,Hand,5,5,2,19376,7,19388,1.21461815384501,0.8338655189967143,5,5,2,19376,0.7142857142857143,0.9997420153758836,0.5,0.9998967901744246,0.2857142857142857,0.00025798462411640266,0.5,0.00010320982557539478,0.4166666666666667,0.9996389519290283,0.588235294117647,0.5319148936170213,0.6578947368421053,0.5974447004981838,0.714027729661598,0.4998967901744247,2768.714285714286,0.28578801462781644
m337_06_fill_holes_and_orientation.obj,m337,Hand,3,7,4,19374,7,19388,0.4414867079824455,0.7490513212087555,3,7,4,19374,0.42857142857142855,0.9996388215262371,0.3,0.9997935803488492,0.5714285714285714,0.00036117847376296373,0.7,0.00020641965115078957,0.21428571428571427,0.9994326387456158,0.3529411764705882,0.3191489361702127,0.3947368421052631,0.3582941305950396,0.42821025009766567,0.2997935803488492,1186.5918367346937,0.5716350336975917
m338_06_fill_holes_and_orientation.obj,m338,Hand,4,6,3,19375,7,19388,1.269533408210121,0.824448146605581,4,6,3,19375,0.5714285714285714,0.9996904184510603,0.4,0.9998451852616369,0.42857142857142855,0.00030958154893968317,0.6,0.00015481473836309216,0.3076923076923077,0.9995357953373221,0.47058823529411764,0.425531914893617,0.5263157894736841,0.4778694155466117,0.5711189898796318,0.3998451852616369,1845.8095238095239,0.4287041474654378
m339_06_fill_holes_and_orientation.obj,m339,Hand,3,7,4,19374,7,19388,0.32598551363674544,0.68837058632977,3,7,4,19374,0.42857142857142855,0.9996388215262371,0.3,0.9997935803488492,0.5714285714285714,0.00036117847376296373,0.7,0.00020641965115078957,0.21428571428571427,0.9994326387456158,0.3529411764705882,0.3191489361702127,0.3947368421052631,0.3582941305950396,0.42821025009766567,0.2997935803488492,1186.5918367346937,0.5716350336975917
m1627_06_fill_holes_and_orientation.obj,m1627,Hat,0,10,7,19371,7,19388,0.009224360882035931,0.28742409056069806,0,10,7,19371,0.0,0.9994840307517672,0.0,0.9996387656104861,1.0,0.0005159692482328053,1.0,0.0003612343895138817,0.0,0.9991231689704972,,,,-0.0004317242596766064,-0.0005159692482328282,-0.00036123438951385367,0.0,1.0005162356099324
m1628_06_fill_holes_and_orientation.obj,m1628,Hat,3,7,4,19374,7,19388,0.2854223151236548,0.8713224456105182,3,7,4,19374,0.42857142857142855,0.9996388215262371,0.3,0.9997935803488492,0.5714285714285714,0.00036117847376296373,0.7,0.00020641965115078957,0.21428571428571427,0.9994326387456158,0.3529411764705882,0.3191489361702127,0.3947368421052631,0.3582941305950396,0.42821025009766567,0.2997935803488492,1186.5918367346937,0.5716350336975917
m1629_06_fill_holes_and_orientation.obj,m1629,Hat,1,9,6,19372,7,19388,0.08833362082230435,0.778108602087141,1,9,6,19372,0.14285714285714285,0.9995356276765904,0.1,0.9996903705232738,0.8571428571428571,0.0004643723234095248,0.9,0.0003096294767261843,0.0625,0.9992263255622035,0.11764705882352941,0.10638297872340426,0.13157894736842102,0.11914356069189547,0.14239277053373334,0.0996903705232739,307.6349206349206,0.857541075484499
m1630_06_fill_holes_and_orientation.obj,m1630,Hat,0,10,7,19371,7,19388,0.05014149642540453,0.7108071458050822,0,10,7,19371,0.0,0.9994840307517672,0.0,0.9996387656104861,1.0,0.0005159692482328053,1.0,0.0003612343895138817,0.0,0.9991231689704972,,,,-0.0004317242596766064,-0.0005159692482328282,-0.00036123438951385367,0.0,1.0005162356099324
m1631_06_fill_holes_and_orientation.obj,m1631,Hat,0,10,7,19371,7,19388,0.054703365924679156,0.8031955662991569,0,10,7,19371,0.0,0.9994840307517672,0.0,0.9996387656104861,1.0,0.0005159692482328053,1.0,0.0003612343895138817,0.0,0.9991231689704972,,,,-0.0004317242596766064,-0.0005159692482328282,-0.00036123438951385367,0.0,1.0005162356099324
m1632_06_fill_holes_and_orientation.obj,m1632,Hat,3,7,4,19374,7,19388,0.38727103706523763,0.8723247450032428,3,7,4,19374,0.42857142857142855,0.9996388215262371,0.3,0.9997935803488492,0.5714285714285714,0.00036117847376296373,0.7,0.00020641965115078957,0.21428571428571427,0.9994326387456158,0.3529411764705882,0.3191489361702127,0.3947368421052631,0.3582941305950396,0.42821025009766567,0.2997935803488492,1186.5918367346937,0.5716350336975917
m1633_06_fill_holes_and_orientation.obj,m1633,Hat,1,9,6,19372,7,19388,0.07228345843011304,0.8150462826484287,1,9,6,19372,0.14285714285714285,0.9995356276765904,0.1,0.9996903705232738,0.8571428571428571,0.0004643723234095248,0.9,0.0003096294767261843,0.0625,0.9992263255622035,0.11764705882352941,0.10638297872340426,0.13157894736842102,0.11914356069189547,0.14239277053373334,0.0996903705232739,307.6349206349206,0.857541075484499
m1634_06_fill_holes_and_orientation.obj,m1634,Hat,0,10,7,19371,7,19388,0.03621361549773765,0.7999233535758505,0,10,7,19371,0.0,0.9994840307517672,0.0,0.9996387656104861,1.0,0.0005159692482328053,1.0,0.0003612343895138817,0.0,0.9991231689704972,,,,-0.0004317242596766064,-0.0005159692482328282,-0.00036123438951385367,0.0,1.0005162356099324
m1635_06_fill_holes_and_orientation.obj,m1635,Hat,0,10,7,19371,7,19388,0.027843057913309766,0.7545840457520194,0,10,7,19371,0.0,0.9994840307517672,0.0,0.9996387656104861,1.0,0.0005159692482328053,1.0,0.0003612343895138817,0.0,0.9991231689704972,,,,-0.0004317242596766064,-0.0005159692482328282,-0.00036123438951385367,0.0,1.0005162356099324
m1636_06_fill_holes_and_orientation.obj,m1636,Hat,2,8,5,19373,7,19388,0.24832129370476483,0.8711750486409999,2,8,5,19373,0.2857142857142857,0.9995872246014138,0.2,0.9997419754360615,0.7142857142857143,0.00041277539858624424,0.8,0.0002580245639384869,0.13333333333333333,0.9993294821539096,0.23529411764705882,0.2127659574468085,0.26315789473684204,0.23871884564346754,0.2853015103156995,0.19974197543606143,692.1785714285714,0.7145806756089108
m1637_06_fill_holes_and_orientation.obj,m1637,Hat,3,7,4,19374,7,19388,0.41368201076361755,0.8666941807676435,3,7,4,19374,0.42857142857142855,0.9996388215262371,0.3,0.9997935803488492,0.5714285714285714,0.00036117847376296373,0.7,0.00020641965115078957,0.21428571428571427,0.9994326387456158,0.3529411764705882,0.3191489361702127,0.3947368421052631,0.3582941305950396,0.42821025009766567,0.2997935803488492,1186.5918367346937,0.5716350336975917
m1638_06_fill_holes_and_orientation.obj,m1638,Hat,2,8,5,19373,7,19388,0.19113584480237783,0.8845292140793586,2,8,5,19373,0.2857142857142857,0.9995872246014138,0.2,0.9997419754360615,0.7142857142857143,0.00041277539858624424,0.8,0.0002580245639384869,0.13333333333333333,0.9993294821539096,0.23529411764705882,0.2127659574468085,0.26315789473684204,0.23871884564346754,0.2853015103156995,0.19974197543606143,692.1785714285714,0.7145806756089108
m1639_06_fill_holes_and_orientation.obj,m1639,Hat,1,9,6,19372,7,19388,0.13734048021462272,0.7915512057072107,1,9,6,19372,0.14285714285714285,0.9995356276765904,0.1,0.9996903705232738,0.8571428571428571,0.0004643723234095248,0.9,0.0003096294767261843,0.0625,0.9992263255622035,0.11764705882352941,0.10638297872340426,0.13157894736842102,0.11914356069189547,0.14239277053373334,0.0996903705232739,307.6349206349206,0.857541075484499
m1640_06_fill_holes_and_orientation.obj,m1640,Hat,2,8,5,19373,7,19388,0.2933234185460688,0.8636578031955663,2,8,5,19373,0.2857142857142857,0.9995872246014138,0.2,0.9997419754360615,0.7142857142857143,0.00041277539858624424,0.8,0.0002580245639384869,0.13333333333333333,0.9993294821539096,0.23529411764705882,0.2127659574468085,0.26315789473684204,0.23871884564346754,0.2853015103156995,0.19974197543606143,692.1785714285714,0.7145806756089108
m1641_06_fill_holes_and_orientation.obj,m1641,Hat,1,9,6,19372,7,19388,0.07319171252059284,0.7982430281233417,1,9,6,19372,0.14285714285714285,0.9995356276765904,0.1,0.9996903705232738,0.8571428571428571,0.0004643723234095248,0.9,0.0003096294767261843,0.0625,0.9992263255622035,0.11764705882352941,0.10638297872340426,0.13157894736842102,0.11914356069189547,0.14239277053373334,0.0996903705232739,307.6349206349206,0.857541075484499
D00038_06_fill_holes_and_orientation.obj,d00038,Helicopter,4,6,3,19375,7,19388,1.6674026470769985,0.9078927524088815,4,6,3,19375,0.5714285714285714,0.9996904184510603,0.4,0.9998451852616369,0.42857142857142855,0.00030958154893968317,0.6,0.00015481473836309216,0.3076923076923077,0.9995357953373221,0.47058823529411764,0.425531914893617,0.5263157894736841,0.4778694155466117,0.5711189898796318,0.3998451852616369,1845.8095238095239,0.4287041474654378
D00191_06_fill_holes_and_orientation.obj,d00191,Helicopter,4,6,3,19375,7,19388,1.742553358887465,0.890791788856305,4,6,3,19375,0.5714285714285714,0.9996904184510603,0.4,0.9998451852616369,0.42857142857142855,0.00030958154893968317,0.6,0.00015481473836309216,0.3076923076923077,0.9995357953373221,0.47058823529411764,0.425531914893617,0.5263157894736841,0.4778694155466117,0.5711189898796318,0.3998451852616369,1845.8095238095239,0.4287041474654378
D00361_06_fill_holes_and_orientation.obj,d00361,Helicopter,9,1,0,19378,7,19388,2.6793287794144107,0.8918307498952659,9,1,0,19378,1.0,0.9999483977501419,0.9,1.0,0.0,5.1602249858093815e-05,0.1,0.0,0.9,0.9999484217041469,0.9473684210526316,0.9183673469387754,0.9782608695652175,0.9486588206384462,0.999948397750142,0.8999999999999999,19379.0,0.0
D00397_06_fill_holes_and_orientation.obj,d00397,Helicopter,7,3,0,19378,7,19388,2.596164745787178,0.8956514453288648,7,3,0,19378,1.0,0.9998452092255301,0.7,1.0,0.0,0.00015479077446984158,0.3,0.0,0.7,0.9998452651124407,0.8235294117647058,0.7446808510638298,0.9210526315789475,0.836595270401328,0.9998452092255301,0.7,6460.333333333334,0.0
D00423_06_fill_holes_and_orientation.obj,d00423,Helicopter,2,8,5,19373,7,19388,0.6689455984566316,0.8459907834101382,2,8,5,19373,0.2857142857142857,0.9995872246014138,0.2,0.9997419754360615,0.7142857142857143,0.00041277539858624424,0.8,0.0002580245639384869,0.13333333333333333,0.9993294821539096,0.23529411764705882,0.2127659574468085,0.26315789473684204,0.23871884564346754,0.2853015103156995,0.19974197543606143,692.1785714285714,0.7145806756089108
D00470_06_fill_holes_and_orientation.obj,d00470,Helicopter,6,4,1,19377,7,19388,1.6279560606147103,0.8609384164222874,6,4,1,19377,0.8571428571428571,0.9997936123007068,0.6,0.9999483950872123,0.14285714285714285,0.00020638769929312212,0.4,5.160491278769739e-05,0.5454545454545454,0.9997421085207345,0.7058823529411764,0.6382978723404255,0.7894736842105262,0.7170199854497559,0.8569364694435639,0.5999483950872122,4153.071428571428,0.14288663290056694
D00471_06_fill_holes_and_orientation.obj,d00471,Helicopter,7,3,0,19378,7,19388,2.1784208357168553,0.8611897779639714,7,3,0,19378,1.0,0.9998452092255301,0.7,1.0,0.0,0.00015479077446984158,0.3,0.0,0.7,0.9998452651124407,0.8235294117647058,0.7446808510638298,0.9210526315789475,0.836595270401328,0.9998452092255301,0.7,6460.333333333334,0.0
D00473_06_fill_holes_and_orientation.obj,d00473,Helicopter,2,8,5,19373,7,19388,1.1017227596123456,0.8747633012149141,2,8,5,19373,0.2857142857142857,0.9995872246014138,0.2,0.9997419754360615,0.7142857142857143,0.00041277539858624424,0.8,0.0002580245639384869,0.13333333333333333,0.9993294821539096,0.23529411764705882,0.2127659574468085,0.26315789473684204,0.23871884564346754,0.2853015103156995,0.19974197543606143,692.1785714285714,0.7145806756089108
D00498_06_fill_holes_and_orientation.obj,d00498,Helicopter,1,9,6,19372,7,19388,1.032659032729137,0.8808294930875576,1,9,6,19372,0.14285714285714285,0.9995356276765904,0.1,0.9996903705232738,0.8571428571428571,0.0004643723234095248,0.9,0.0003096294767261843,0.0625,0.9992263255622035,0.11764705882352941,0.10638297872340426,0.13157894736842102,0.11914356069189547,0.14239277053373334,0.0996903705232739,307.6349206349206,0.857541075484499
D00500_06_fill_holes_and_orientation.obj,d00500,Helicopter,2,8,5,19373,7,19388,0.989628280071546,0.831772098868873,2,8,5,19373,0.2857142857142857,0.9995872246014138,0.2,0.9997419754360615,0.7142857142857143,0.00041277539858624424,0.8,0.0002580245639384869,0.13333333333333333,0.9993294821539096,0.23529411764705882,0.2127659574468085,0.26315789473684204,0.23871884564346754,0.2853015103156995,0.19974197543606143,692.1785714285714,0.7145806756089108
D00502_06_fill_holes_and_orientation.obj,d00502,Helicopter,5,5,2,19376,7,19388,1.7720922078973007,0.9000167574361122,5,5,2,19376,0.7142857142857143,0.9997420153758836,0.5,0.9998967901744246,0.2857142857142857,0.00025798462411640266,0.5,0.00010320982557539478,0.4166666666666667,0.9996389519290283,0.588235294117647,0.5319148936170213,0.6578947368421053,0.5974447004981838,0.714027729661598,0.4998967901744247,2768.714285714286,0.28578801462781644
D00644_06_fill_holes_and_orientation.obj,d00644,Helicopter,2,8,5,19373,7,19388,0.6078682899380328,0.7797570171763719,2,8,5,19373,0.2857142857142857,0.9995872246014138,0.2,0.9997419754360615,0.7142857142857143,0.00041277539858624424,0.8,0.0002580245639384869,0.13333333333333333,0.9993294821539096,0.23529411764705882,0.2127659574468085,0.26315789473684204,0.23871884564346754,0.2853015103156995,0.19974197543606143,692.1785714285714,0.7145806756089108
D00658_06_fill_holes_and_orientation.obj,d00658,Helicopter,6,4,1,19377,7,19388,2.5414772659068627,0.8916045245077503,6,4,1,19377,0.8571428571428571,0.9997936123007068,0.6,0.9999483950872123,0.14285714285714285,0.00020638769929312212,0.4,5.160491278769739e-05,0.5454545454545454,0.9997421085207345,0.7058823529411764,0.6382978723404255,0.7894736842105262,0.7170199854497559,0.8569364694435639,0.5999483950872122,4153.071428571428,0.14288663290056694
D00751_06_fill_holes_and_orientation.obj,d00751,Helicopter,0,10,7,19371,7,19388,0.2678800666322013,0.7086468370339338,0,10,7,19371,0.0,0.9994840307517672,0.0,0.9996387656104861,1.0,0.0005159692482328053,1.0,0.0003612343895138817,0.0,0.9991231689704972,,,,-0.0004317242596766064,-0.0005159692482328282,-0.00036123438951385367,0.0,1.0005162356099324
D00796_06_fill_holes_and_orientation.obj,d00796,Helicopter,2,8,5,19373,7,19388,0.4904963869173313,0.6729367406786761,2,8,5,19373,0.2857142857142857,0.9995872246014138,0.2,0.9997419754360615,0.7142857142857143,0.00041277539858624424,0.8,0.0002580245639384869,0.13333333333333333,0.9993294821539096,0.23529411764705882,0.2127659574468085,0.26315789473684204,0.23871884564346754,0.2853015103156995,0.19974197543606143,692.1785714285714,0.7145806756089108
D00820_06_fill_holes_and_orientation.obj,d00820,Helicopter,8,2,0,19378,7,19388,2.509248307485382,0.8924507750314201,8,2,0,19378,1.0,0.9998968008255934,0.8,1.0,0.0,0.00010319917440660474,0.2,0.0,0.8,0.9998968434082938,0.888888888888889,0.8333333333333334,0.9523809523809523,0.8943810377353014,0.9998968008255935,0.8,9690.0,0.0
D00868_06_fill_holes_and_orientation.obj,d00868,Helicopter,2,8,5,19373,7,19388,0.8180896824896873,0.8783158776707164,2,8,5,19373,0.2857142857142857,0.9995872246014138,0.2,0.9997419754360615,0.7142857142857143,0.00041277539858624424,0.8,0.0002580245639384869,0.13333333333333333,0.9993294821539096,0.23529411764705882,0.2127659574468085,0.26315789473684204,0.23871884564346754,0.2853015103156995,0.19974197543606143,692.1785714285714,0.7145806756089108
D00977_06_fill_holes_and_orientation.obj,d00977,Helicopter,10,0,0,19378,7,19388,2.990569951241099,0.9027733556765815,10,0,0,19378,1.0,1.0,1.0,1.0,0.0,0.0,0.0,0.0,1.0,1.0,1.0,1.0,1.0,1.0,1.0,1.0,,0.0
D00986_06_fill_holes_and_orientation.obj,d00986,Helicopter,1,9,6,19372,7,19388,0.4438822429859246,0.755366568914956,1,9,6,19372,0.14285714285714285,0.9995356276765904,0.1,0.9996903705232738,0.8571428571428571,0.0004643723234095248,0.9,0.0003096294767261843,0.0625,0.9992263255622035,0.11764705882352941,0.10638297872340426,0.13157894736842102,0.11914356069189547,0.14239277053373334,0.0996903705232739,307.6349206349206,0.857541075484499
D00991_06_fill_holes_and_orientation.obj,d00991,Helicopter,1,9,6,19372,7,19388,0.5171540150524391,0.750121491411814,1,9,6,19372,0.14285714285714285,0.9995356276765904,0.1,0.9996903705232738,0.8571428571428571,0.0004643723234095248,0.9,0.0003096294767261843,0.0625,0.9992263255622035,0.11764705882352941,0.10638297872340426,0.13157894736842102,0.11914356069189547,0.14239277053373334,0.0996903705232739,307.6349206349206,0.857541075484499
m1302_06_fill_holes_and_orientation.obj,m1302,Helicopter,7,3,0,19378,7,19388,2.563735714244284,0.8866694595726853,7,3,0,19378,1.0,0.9998452092255301,0.7,1.0,0.0,0.00015479077446984158,0.3,0.0,0.7,0.9998452651124407,0.8235294117647058,0.7446808510638298,0.9210526315789475,0.836595270401328,0.9998452092255301,0.7,6460.333333333334,0.0
m1304_06_fill_holes_and_orientation.obj,m1304,Helicopter,0,10,7,19371,7,19388,0.11973332493437316,0.4300293255131965,0,10,7,19371,0.0,0.9994840307517672,0.0,0.9996387656104861,1.0,0.0005159692482328053,1.0,0.0003612343895138817,0.0,0.9991231689704972,,,,-0.0004317242596766064,-0.0005159692482328282,-0.00036123438951385367,0.0,1.0005162356099324
m1305_06_fill_holes_and_orientation.obj,m1305,Helicopter,1,9,5,19373,6,19388,0.7170271970631488,0.8292836196062002,1,9,5,19373,0.16666666666666666,0.9995356516355381,0.1,0.9997419754360615,0.8333333333333334,0.0004643483644618718,0.9,0.0002580245639384869,0.06666666666666667,0.9992779038580565,0.125,0.10869565217391304,0.14705882352941177,0.1287530486998851,0.16620231830220478,0.09974197543606156,358.9259259259259,0.8337204700700288
m1306_06_fill_holes_and_orientation.obj,m1306,Helicopter,5,5,2,19376,7,19388,1.5339611504811803,0.8500460829493088,5,5,2,19376,0.7142857142857143,0.9997420153758836,0.5,0.9998967901744246,0.2857142857142857,0.00025798462411640266,0.5,0.00010320982557539478,0.4166666666666667,0.9996389519290283,0.588235294117647,0.5319148936170213,0.6578947368421053,0.5974447004981838,0.714027729661598,0.4998967901744247,2768.714285714286,0.28578801462781644
m1307_06_fill_holes_and_orientation.obj,m1307,Helicopter,0,10,7,19371,7,19388,0.7926853153576859,0.8578718056137411,0,10,7,19371,0.0,0.9994840307517672,0.0,0.9996387656104861,1.0,0.0005159692482328053,1.0,0.0003612343895138817,0.0,0.9991231689704972,,,,-0.0004317242596766064,-0.0005159692482328282,-0.00036123438951385367,0.0,1.0005162356099324
m1308_06_fill_holes_and_orientation.obj,m1308,Helicopter,2,8,5,19373,7,19388,0.5959988410871153,0.778357771260997,2,8,5,19373,0.2857142857142857,0.9995872246014138,0.2,0.9997419754360615,0.7142857142857143,0.00041277539858624424,0.8,0.0002580245639384869,0.13333333333333333,0.9993294821539096,0.23529411764705882,0.2127659574468085,0.26315789473684204,0.23871884564346754,0.2853015103156995,0.19974197543606143,692.1785714285714,0.7145806756089108
m1309_06_fill_holes_and_orientation.obj,m1309,Helicopter,1,9,6,19372,7,19388,0.5052121416551132,0.745798072894847,1,9,6,19372,0.14285714285714285,0.9995356276765904,0.1,0.9996903705232738,0.8571428571428571,0.0004643723234095248,0.9,0.0003096294767261843,0.0625,0.9992263255622035,0.11764705882352941,0.10638297872340426,0.13157894736842102,0.11914356069189547,0.14239277053373334,0.0996903705232739,307.6349206349206,0.857541075484499
m1310_06_fill_holes_and_orientation.obj,m1310,Helicopter,2,8,5,19373,7,19388,0.8904102925612346,0.8635274403016338,2,8,5,19373,0.2857142857142857,0.9995872246014138,0.2,0.9997419754360615,0.7142857142857143,0.00041277539858624424,0.8,0.0002580245639384869,0.13333333333333333,0.9993294821539096,0.23529411764705882,0.2127659574468085,0.26315789473684204,0.23871884564346754,0.2853015103156995,0.19974197543606143,692.1785714285714,0.7145806756089108
m1311_06_fill_holes_and_orientation.obj,m1311,Helicopter,1,9,6,19372,7,19388,0.8936156936789302,0.8905320485965647,1,9,6,19372,0.14285714285714285,0.9995356276765904,0.1,0.9996903705232738,0.8571428571428571,0.0004643723234095248,0.9,0.0003096294767261843,0.0625,0.9992263255622035,0.11764705882352941,0.10638297872340426,0.13157894736842102,0.11914356069189547,0.14239277053373334,0.0996903705232739,307.6349206349206,0.857541075484499
m1312_06_fill_holes_and_orientation.obj,m1312,Helicopter,2,8,5,19373,7,19388,0.46630883279497926,0.6908085462924173,2,8,5,19373,0.2857142857142857,0.9995872246014138,0.2,0.9997419754360615,0.7142857142857143,0.00041277539858624424,0.8,0.0002580245639384869,0.13333333333333333,0.9993294821539096,0.23529411764705882,0.2127659574468085,0.26315789473684204,0.23871884564346754,0.2853015103156995,0.19974197543606143,692.1785714285714,0.7145806756089108
m1313_06_fill_holes_and_orientation.obj,m1313,Helicopter,5,5,2,19376,7,19388,1.2803586046071975,0.8796229576874738,5,5,2,19376,0.7142857142857143,0.9997420153758836,0.5,0.9998967901744246,0.2857142857142857,0.00025798462411640266,0.5,0.00010320982557539478,0.4166666666666667,0.9996389519290283,0.588235294117647,0.5319148936170213,0.6578947368421053,0.5974447004981838,0.714027729661598,0.4998967901744247,2768.714285714286,0.28578801462781644
m1314_06_fill_holes_and_orientation.obj,m1314,Helicopter,4,6,3,19375,7,19388,1.275259115391372,0.8675743611227482,4,6,3,19375,0.5714285714285714,0.9996904184510603,0.4,0.9998451852616369,0.42857142857142855,0.00030958154893968317,0.6,0.00015481473836309216,0.3076923076923077,0.9995357953373221,0.47058823529411764,0.425531914893617,0.5263157894736841,0.4778694155466117,0.5711189898796318,0.3998451852616369,1845.8095238095239,0.4287041474654378
m1315_06_fill_holes_and_orientation.obj,m1315,Helicopter,0,10,7,19371,7,19388,0.5784246960009399,0.8369920402178466,0,10,7,19371,0.0,0.9994840307517672,0.0,0.9996387656104861,1.0,0.0005159692482328053,1.0,0.0003612343895138817,0.0,0.9991231689704972,,,,-0.0004317242596766064,-0.0005159692482328282,-0.00036123438951385367,0.0,1.0005162356099324
m1316_06_fill_holes_and_orientation.obj,m1316,Helicopter,3,7,4,19374,7,19388,0.6983023724534639,0.8172015081692501,3,7,4,19374,0.42857142857142855,0.9996388215262371,0.3,0.9997935803488492,0.5714285714285714,0.00036117847376296373,0.7,0.00020641965115078957,0.21428571428571427,0.9994326387456158,0.3529411764705882,0.3191489361702127,0.3947368421052631,0.3582941305950396,0.42821025009766567,0.2997935803488492,1186.5918367346937,0.5716350336975917
m1317_06_fill_holes_and_orientation.obj,m1317,Helicopter,1,9,6,19372,7,19388,0.43344114491268654,0.7430163385002094,1,9,6,19372,0.14285714285714285,0.9995356276765904,0.1,0.9996903705232738,0.8571428571428571,0.0004643723234095248,0.9,0.0003096294767261843,0.0625,0.9992263255622035,0.11764705882352941,0.10638297872340426,0.13157894736842102,0.11914356069189547,0.14239277053373334,0.0996903705232739,307.6349206349206,0.857541075484499
m1318_06_fill_holes_and_orientation.obj,m1318,Helicopter,2,8,5,19373,7,19388,0.7684585882984875,0.8766568914956011,2,8,5,19373,0.2857142857142857,0.9995872246014138,0.2,0.9997419754360615,0.7142857142857143,0.00041277539858624424,0.8,0.0002580245639384869,0.13333333333333333,0.9993294821539096,0.23529411764705882,0.2127659574468085,0.26315789473684204,0.23871884564346754,0.2853015103156995,0.19974197543606143,692.1785714285714,0.7145806756089108
m1319_06_fill_holes_and_orientation.obj,m1319,Helicopter,1,9,6,19372,7,19388,0.5944382731797996,0.8584834520318392,1,9,6,19372,0.14285714285714285,0.9995356276765904,0.1,0.9996903705232738,0.8571428571428571,0.0004643723234095248,0.9,0.0003096294767261843,0.0625,0.9992263255622035,0.11764705882352941,0.10638297872340426,0.13157894736842102,0.11914356069189547,0.14239277053373334,0.0996903705232739,307.6349206349206,0.857541075484499
m1320_06_fill_holes_and_orientation.obj,m1320,Helicopter,5,5,1,19377,6,19388,1.8810774837039024,0.8411143695014662,5,5,1,19377,0.8333333333333334,0.99974202868641,0.5,0.9999483950872123,0.16666666666666666,0.0002579713135899288,0.5,5.160491278769739e-05,0.45454545454545453,0.9996905302248814,0.625,0.5434782608695652,0.7352941176470589,0.6453639982432156,0.8330753620197435,0.49994839508721234,3230.333333333334,0.16670967297999345
m1321_06_fill_holes_and_orientation.obj,m1321,Helicopter,6,4,1,19377,7,19388,2.031461001491463,0.9026895684960201,6,4,1,19377,0.8571428571428571,0.9997936123007068,0.6,0.9999483950872123,0.14285714285714285,0.00020638769929312212,0.4,5.160491278769739e-05,0.5454545454545454,0.9997421085207345,0.7058823529411764,0.6382978723404255,0.7894736842105262,0.7170199854497559,0.8569364694435639,0.5999483950872122,4153.071428571428,0.14288663290056694
m1322_06_fill_holes_and_orientation.obj,m1322,Helicopter,5,5,2,19376,7,19388,1.657571133515493,0.8906912442396313,5,5,2,19376,0.7142857142857143,0.9997420153758836,0.5,0.9998967901744246,0.2857142857142857,0.00025798462411640266,0.5,0.00010320982557539478,0.4166666666666667,0.9996389519290283,0.588235294117647,0.5319148936170213,0.6578947368421053,0.5974447004981838,0.714027729661598,0.4998967901744247,2768.714285714286,0.28578801462781644
m1323_06_fill_holes_and_orientation.obj,m1323,Helicopter,10,0,0,19378,7,19388,3.1192724799460376,0.8970339338081275,10,0,0,19378,1.0,1.0,1.0,1.0,0.0,0.0,0.0,0.0,1.0,1.0,1.0,1.0,1.0,1.0,1.0,1.0,,0.0
m1325_06_fill_holes_and_orientation.obj,m1325,Helicopter,5,5,2,19376,7,19388,1.5700239345609148,0.8759363217427734,5,5,2,19376,0.7142857142857143,0.9997420153758836,0.5,0.9998967901744246,0.2857142857142857,0.00025798462411640266,0.5,0.00010320982557539478,0.4166666666666667,0.9996389519290283,0.588235294117647,0.5319148936170213,0.6578947368421053,0.5974447004981838,0.714027729661598,0.4998967901744247,2768.714285714286,0.28578801462781644
m1326_06_fill_holes_and_orientation.obj,m1326,Helicopter,5,5,2,19376,7,19388,1.6631779337531933,0.8832593213238374,5,5,2,19376,0.7142857142857143,0.9997420153758836,0.5,0.9998967901744246,0.2857142857142857,0.00025798462411640266,0.5,0.00010320982557539478,0.4166666666666667,0.9996389519290283,0.588235294117647,0.5319148936170213,0.6578947368421053,0.5974447004981838,0.714027729661598,0.4998967901744247,2768.714285714286,0.28578801462781644
m1327_06_fill_holes_and_orientation.obj,m1327,Helicopter,5,5,1,19377,6,19388,1.8692936432212213,0.83841642228739,5,5,1,19377,0.8333333333333334,0.99974202868641,0.5,0.9999483950872123,0.16666666666666666,0.0002579713135899288,0.5,5.160491278769739e-05,0.45454545454545453,0.9996905302248814,0.625,0.5434782608695652,0.7352941176470589,0.6453639982432156,0.8330753620197435,0.49994839508721234,3230.333333333334,0.16670967297999345
m1328_06_fill_holes_and_orientation.obj,m1328,Helicopter,4,6,3,19375,7,19388,0.9066276809405105,0.7941265186426476,4,6,3,19375,0.5714285714285714,0.9996904184510603,0.4,0.9998451852616369,0.42857142857142855,0.00030958154893968317,0.6,0.00015481473836309216,0.3076923076923077,0.9995357953373221,0.47058823529411764,0.425531914893617,0.5263157894736841,0.4778694155466117,0.5711189898796318,0.3998451852616369,1845.8095238095239,0.4287041474654378
m1329_06_fill_holes_and_orientation.obj,m1329,Helicopter,0,10,7,19371,7,19388,0.1035085358836979,0.337377461248429,0,10,7,19371,0.0,0.9994840307517672,0.0,0.9996387656104861,1.0,0.0005159692482328053,1.0,0.0003612343895138817,0.0,0.9991231689704972,,,,-0.0004317242596766064,-0.0005159692482328282,-0.00036123438951385367,0.0,1.0005162356099324
m1330_06_fill_holes_and_orientation.obj,m1330,Helicopter,1,9,6,19372,7,19388,0.90689087252064,0.8775869291998324,1,9,6,19372,0.14285714285714285,0.9995356276765904,0.1,0.9996903705232738,0.8571428571428571,0.0004643723234095248,0.9,0.0003096294767261843,0.0625,0.9992263255622035,0.11764705882352941,0.10638297872340426,0.13157894736842102,0.11914356069189547,0.14239277053373334,0.0996903705232739,307.6349206349206,0.857541075484499
m1332_06_fill_holes_and_orientation.obj,m1332,Helicopter,6,4,1,19377,7,19388,1.613340969614733,0.8616925010473397,6,4,1,19377,0.8571428571428571,0.9997936123007068,0.6,0.9999483950872123,0.14285714285714285,0.00020638769929312212,0.4,5.160491278769739e-05,0.5454545454545454,0.9997421085207345,0.7058823529411764,0.6382978723404255,0.7894736842105262,0.7170199854497559,0.8569364694435639,0.5999483950872122,4153.071428571428,0.14288663290056694
m1333_06_fill_holes_and_orientation.obj,m1333,Helicopter,4,6,3,19375,7,19388,2.0029789009198753,0.8848596564725597,4,6,3,19375,0.5714285714285714,0.9996904184510603,0.4,0.9998451852616369,0.42857142857142855,0.00030958154893968317,0.6,0.00015481473836309216,0.3076923076923077,0.9995357953373221,0.47058823529411764,0.425531914893617,0.5263157894736841,0.4778694155466117,0.5711189898796318,0.3998451852616369,1845.8095238095239,0.4287041474654378
m1334_06_fill_holes_and_orientation.obj,m1334,Helicopter,1,9,6,19372,7,19388,0.6500955858220288,0.8429995810640971,1,9,6,19372,0.14285714285714285,0.9995356276765904,0.1,0.9996903705232738,0.8571428571428571,0.0004643723234095248,0.9,0.0003096294767261843,0.0625,0.9992263255622035,0.11764705882352941,0.10638297872340426,0.13157894736842102,0.11914356069189547,0.14239277053373334,0.0996903705232739,307.6349206349206,0.857541075484499
m1336_06_fill_holes_and_orientation.obj,m1336,Helicopter,1,9,6,19372,7,19388,0.3367986566019647,0.7143527440301634,1,9,6,19372,0.14285714285714285,0.9995356276765904,0.1,0.9996903705232738,0.8571428571428571,0.0004643723234095248,0.9,0.0003096294767261843,0.0625,0.9992263255622035,0.11764705882352941,0.10638297872340426,0.13157894736842102,0.11914356069189547,0.14239277053373334,0.0996903705232739,307.6349206349206,0.857541075484499
D00001_06_fill_holes_and_orientation.obj,d00001,House,5,5,2,19376,7,19388,1.1628805872489771,0.7115663322185062,5,5,2,19376,0.7142857142857143,0.9997420153758836,0.5,0.9998967901744246,0.2857142857142857,0.00025798462411640266,0.5,0.00010320982557539478,0.4166666666666667,0.9996389519290283,0.588235294117647,0.5319148936170213,0.6578947368421053,0.5974447004981838,0.714027729661598,0.4998967901744247,2768.714285714286,0.28578801462781644
D00044_06_fill_holes_and_orientation.obj,d00044,House,4,6,3,19375,7,19388,0.7145141727128392,0.6883221850613155,4,6,3,19375,0.5714285714285714,0.9996904184510603,0.4,0.9998451852616369,0.42857142857142855,0.00030958154893968317,0.6,0.00015481473836309216,0.3076923076923077,0.9995357953373221,0.47058823529411764,0.425531914893617,0.5263157894736841,0.4778694155466117,0.5711189898796318,0.3998451852616369,1845.8095238095239,0.4287041474654378
D00091_06_fill_holes_and_orientation.obj,d00091,House,1,9,6,19372,7,19388,0.284517491050441,0.5244890375325157,1,9,6,19372,0.14285714285714285,0.9995356276765904,0.1,0.9996903705232738,0.8571428571428571,0.0004643723234095248,0.9,0.0003096294767261843,0.0625,0.9992263255622035,0.11764705882352941,0.10638297872340426,0.13157894736842102,0.11914356069189547,0.14239277053373334,0.0996903705232739,307.6349206349206,0.857541075484499
D00095_06_fill_holes_and_orientation.obj,d00095,House,0,10,7,19371,7,19388,0.16096238829886517,0.5935711631363805,0,10,7,19371,0.0,0.9994840307517672,0.0,0.9996387656104861,1.0,0.0005159692482328053,1.0,0.0003612343895138817,0.0,0.9991231689704972,,,,-0.0004317242596766064,-0.0005159692482328282,-0.00036123438951385367,0.0,1.0005162356099324
D00286_06_fill_holes_and_orientation.obj,d00286,House,5,5,2,19376,7,19388,1.2110902756913458,0.7241174284652545,5,5,2,19376,0.7142857142857143,0.9997420153758836,0.5,0.9998967901744246,0.2857142857142857,0.00025798462411640266,0.5,0.00010320982557539478,0.4166666666666667,0.9996389519290283,0.588235294117647,0.5319148936170213,0.6578947368421053,0.5974447004981838,0.714027729661598,0.4998967901744247,2768.714285714286,0.28578801462781644
D00325_06_fill_holes_and_orientation.obj,d00325,House,0,10,7,19371,7,19388,0.24803855180549292,0.6645856558900037,0,10,7,19371,0.0,0.9994840307517672,0.0,0.9996387656104861,1.0,0.0005159692482328053,1.0,0.0003612343895138817,0.0,0.9991231689704972,,,,-0.0004317242596766064,-0.0005159692482328282,-0.00036123438951385367,0.0,1.0005162356099324
D00359_06_fill_holes_and_orientation.obj,d00359,House,2,8,5,19373,7,19388,0.464554217920214,0.6314381270903009,2,8,5,19373,0.2857142857142857,0.9995872246014138,0.2,0.9997419754360615,0.7142857142857143,0.00041277539858624424,0.8,0.0002580245639384869,0.13333333333333333,0.9993294821539096,0.23529411764705882,0.2127659574468085,0.26315789473684204,0.23871884564346754,0.2853015103156995,0.19974197543606143,692.1785714285714,0.7145806756089108
D00389_06_fill_holes_and_orientation.obj,d00389,House,3,7,4,19374,7,19388,0.6713705972878593,0.6874953548866592,3,7,4,19374,0.42857142857142855,0.9996388215262371,0.3,0.9997935803488492,0.5714285714285714,0.00036117847376296373,0.7,0.00020641965115078957,0.21428571428571427,0.9994326387456158,0.3529411764705882,0.3191489361702127,0.3947368421052631,0.3582941305950396,0.42821025009766567,0.2997935803488492,1186.5918367346937,0.5716350336975917
D00415_06_fill_holes_and_orientation.obj,d00415,House,1,9,6,19372,7,19388,0.5527813706794193,0.7445280564845782,1,9,6,19372,0.14285714285714285,0.9995356276765904,0.1,0.9996903705232738,0.8571428571428571,0.0004643723234095248,0.9,0.0003096294767261843,0.0625,0.9992263255622035,0.11764705882352941,0.10638297872340426,0.13157894736842102,0.11914356069189547,0.14239277053373334,0.0996903705232739,307.6349206349206,0.857541075484499
D00454_06_fill_holes_and_orientation.obj,d00454,House,1,9,6,19372,7,19388,0.22864861530646025,0.34208472686733554,1,9,6,19372,0.14285714285714285,0.9995356276765904,0.1,0.9996903705232738,0.8571428571428571,0.0004643723234095248,0.9,0.0003096294767261843,0.0625,0.9992263255622035,0.11764705882352941,0.10638297872340426,0.13157894736842102,0.11914356069189547,0.14239277053373334,0.0996903705232739,307.6349206349206,0.857541075484499
D00568_06_fill_holes_and_orientation.obj,d00568,House,0,10,7,19371,7,19388,0.143819847365151,0.5558714232627275,0,10,7,19371,0.0,0.9994840307517672,0.0,0.9996387656104861,1.0,0.0005159692482328053,1.0,0.0003612343895138817,0.0,0.9991231689704972,,,,-0.0004317242596766064,-0.0005159692482328282,-0.00036123438951385367,0.0,1.0005162356099324
D00574_06_fill_holes_and_orientation.obj,d00574,House,0,10,7,19371,7,19388,0.10507078502753066,0.4752043849869937,0,10,7,19371,0.0,0.9994840307517672,0.0,0.9996387656104861,1.0,0.0005159692482328053,1.0,0.0003612343895138817,0.0,0.9991231689704972,,,,-0.0004317242596766064,-0.0005159692482328282,-0.00036123438951385367,0.0,1.0005162356099324
D00665_06_fill_holes_and_orientation.obj,d00665,House,0,10,7,19371,7,19388,0.12142725247606985,0.4922054998141955,0,10,7,19371,0.0,0.9994840307517672,0.0,0.9996387656104861,1.0,0.0005159692482328053,1.0,0.0003612343895138817,0.0,0.9991231689704972,,,,-0.0004317242596766064,-0.0005159692482328282,-0.00036123438951385367,0.0,1.0005162356099324
D00873_06_fill_holes_and_orientation.obj,d00873,House,1,9,6,19372,7,19388,0.2182582067555152,0.488173541434411,1,9,6,19372,0.14285714285714285,0.9995356276765904,0.1,0.9996903705232738,0.8571428571428571,0.0004643723234095248,0.9,0.0003096294767261843,0.0625,0.9992263255622035,0.11764705882352941,0.10638297872340426,0.13157894736842102,0.11914356069189547,0.14239277053373334,0.0996903705232739,307.6349206349206,0.857541075484499
D00889_06_fill_holes_and_orientation.obj,d00889,House,1,9,6,19372,7,19388,0.21059032410471065,0.4567725752508361,1,9,6,19372,0.14285714285714285,0.9995356276765904,0.1,0.9996903705232738,0.8571428571428571,0.0004643723234095248,0.9,0.0003096294767261843,0.0625,0.9992263255622035,0.11764705882352941,0.10638297872340426,0.13157894736842102,0.11914356069189547,0.14239277053373334,0.0996903705232739,307.6349206349206,0.857541075484499
D00901_06_fill_holes_and_orientation.obj,d00901,House,4,6,3,19375,7,19388,0.9023322941141644,0.7144463024897807,4,6,3,19375,0.5714285714285714,0.9996904184510603,0.4,0.9998451852616369,0.42857142857142855,0.00030958154893968317,0.6,0.00015481473836309216,0.3076923076923077,0.9995357953373221,0.47058823529411764,0.425531914893617,0.5263157894736841,0.4778694155466117,0.5711189898796318,0.3998451852616369,1845.8095238095239,0.4287041474654378
D00903_06_fill_holes_and_orientation.obj,d00903,House,3,7,4,19374,7,19388,0.7370876215112652,0.6954663693794129,3,7,4,19374,0.42857142857142855,0.9996388215262371,0.3,0.9997935803488492,0.5714285714285714,0.00036117847376296373,0.7,0.00020641965115078957,0.21428571428571427,0.9994326387456158,0.3529411764705882,0.3191489361702127,0.3947368421052631,0.3582941305950396,0.42821025009766567,0.2997935803488492,1186.5918367346937,0.5716350336975917
D00941_06_fill_holes_and_orientation.obj,d00941,House,1,9,6,19372,7,19388,0.22627945397943308,0.3268487551096247,1,9,6,19372,0.14285714285714285,0.9995356276765904,0.1,0.9996903705232738,0.8571428571428571,0.0004643723234095248,0.9,0.0003096294767261843,0.0625,0.9992263255622035,0.11764705882352941,0.10638297872340426,0.13157894736842102,0.11914356069189547,0.14239277053373334,0.0996903705232739,307.6349206349206,0.857541075484499
D00946_06_fill_holes_and_orientation.obj,d00946,House,2,8,4,19374,6,19388,0.8526950201052342,0.6955592716462282,2,8,4,19374,0.3333333333333333,0.9995872458982561,0.2,0.9997935803488492,0.6666666666666666,0.0004127541017438861,0.8,0.00020641965115078957,0.14285714285714285,0.9993810604497627,0.25,0.21739130434782608,0.29411764705882354,0.25790578608571774,0.33292057923158946,0.1997935803488493,807.5833333333333,0.6669419496920271
D00965_06_fill_holes_and_orientation.obj,d00965,House,3,7,4,19374,7,19388,0.6560919003154035,0.7125975473801561,3,7,4,19374,0.42857142857142855,0.9996388215262371,0.3,0.9997935803488492,0.5714285714285714,0.00036117847376296373,0.7,0.00020641965115078957,0.21428571428571427,0.9994326387456158,0.3529411764705882,0.3191489361702127,0.3947368421052631,0.3582941305950396,0.42821025009766567,0.2997935803488492,1186.5918367346937,0.5716350336975917
m423_06_fill_holes_and_orientation.obj,m423,House,0,10,7,19371,7,19388,0.09016243860469787,0.3362504645113341,0,10,7,19371,0.0,0.9994840307517672,0.0,0.9996387656104861,1.0,0.0005159692482328053,1.0,0.0003612343895138817,0.0,0.9991231689704972,,,,-0.0004317242596766064,-0.0005159692482328282,-0.00036123438951385367,0.0,1.0005162356099324
m429_06_fill_holes_and_orientation.obj,m429,House,3,7,4,19374,7,19388,0.5021266199208315,0.6960888145670755,3,7,4,19374,0.42857142857142855,0.9996388215262371,0.3,0.9997935803488492,0.5714285714285714,0.00036117847376296373,0.7,0.00020641965115078957,0.21428571428571427,0.9994326387456158,0.3529411764705882,0.3191489361702127,0.3947368421052631,0.3582941305950396,0.42821025009766567,0.2997935803488492,1186.5918367346937,0.5716350336975917
m430_06_fill_holes_and_orientation.obj,m430,House,2,8,5,19373,7,19388,0.4300628437400194,0.6403753251579338,2,8,5,19373,0.2857142857142857,0.9995872246014138,0.2,0.9997419754360615,0.7142857142857143,0.00041277539858624424,0.8,0.0002580245639384869,0.13333333333333333,0.9993294821539096,0.23529411764705882,0.2127659574468085,0.26315789473684204,0.23871884564346754,0.2853015103156995,0.19974197543606143,692.1785714285714,0.7145806756089108
m431_06_fill_holes_and_orientation.obj,m431,House,0,10,7,19371,7,19388,0.14743008575618372,0.4538554440728354,0,10,7,19371,0.0,0.9994840307517672,0.0,0.9996387656104861,1.0,0.0005159692482328053,1.0,0.0003612343895138817,0.0,0.9991231689704972,,,,-0.0004317242596766064,-0.0005159692482328282,-0.00036123438951385367,0.0,1.0005162356099324
m432_06_fill_holes_and_orientation.obj,m432,House,1,9,6,19372,7,19388,0.1284494687558587,0.37303047194351546,1,9,6,19372,0.14285714285714285,0.9995356276765904,0.1,0.9996903705232738,0.8571428571428571,0.0004643723234095248,0.9,0.0003096294767261843,0.0625,0.9992263255622035,0.11764705882352941,0.10638297872340426,0.13157894736842102,0.11914356069189547,0.14239277053373334,0.0996903705232739,307.6349206349206,0.857541075484499
m433_06_fill_holes_and_orientation.obj,m433,House,1,9,6,19372,7,19388,0.26094248792020297,0.4493125232255667,1,9,6,19372,0.14285714285714285,0.9995356276765904,0.1,0.9996903705232738,0.8571428571428571,0.0004643723234095248,0.9,0.0003096294767261843,0.0625,0.9992263255622035,0.11764705882352941,0.10638297872340426,0.13157894736842102,0.11914356069189547,0.14239277053373334,0.0996903705232739,307.6349206349206,0.857541075484499
m434_06_fill_holes_and_orientation.obj,m434,House,1,9,6,19372,7,19388,0.1842159197228304,0.5102657004830917,1,9,6,19372,0.14285714285714285,0.9995356276765904,0.1,0.9996903705232738,0.8571428571428571,0.0004643723234095248,0.9,0.0003096294767261843,0.0625,0.9992263255622035,0.11764705882352941,0.10638297872340426,0.13157894736842102,0.11914356069189547,0.14239277053373334,0.0996903705232739,307.6349206349206,0.857541075484499
m435_06_fill_holes_and_orientation.obj,m435,House,0,10,7,19371,7,19388,0.08565668136862623,0.3200018580453363,0,10,7,19371,0.0,0.9994840307517672,0.0,0.9996387656104861,1.0,0.0005159692482328053,1.0,0.0003612343895138817,0.0,0.9991231689704972,,,,-0.0004317242596766064,-0.0005159692482328282,-0.00036123438951385367,0.0,1.0005162356099324
m436_06_fill_holes_and_orientation.obj,m436,House,1,9,6,19372,7,19388,0.1377347539335181,0.3992382014121145,1,9,6,19372,0.14285714285714285,0.9995356276765904,0.1,0.9996903705232738,0.8571428571428571,0.0004643723234095248,0.9,0.0003096294767261843,0.0625,0.9992263255622035,0.11764705882352941,0.10638297872340426,0.13157894736842102,0.11914356069189547,0.14239277053373334,0.0996903705232739,307.6349206349206,0.857541075484499
m439_06_fill_holes_and_orientation.obj,m439,House,0,10,7,19371,7,19388,0.0904168652204002,0.336371237458194,0,10,7,19371,0.0,0.9994840307517672,0.0,0.9996387656104861,1.0,0.0005159692482328053,1.0,0.0003612343895138817,0.0,0.9991231689704972,,,,-0.0004317242596766064,-0.0005159692482328282,-0.00036123438951385367,0.0,1.0005162356099324
m440_06_fill_holes_and_orientation.obj,m440,House,0,10,7,19371,7,19388,0.08938922385022942,0.3842437755481234,0,10,7,19371,0.0,0.9994840307517672,0.0,0.9996387656104861,1.0,0.0005159692482328053,1.0,0.0003612343895138817,0.0,0.9991231689704972,,,,-0.0004317242596766064,-0.0005159692482328282,-0.00036123438951385367,0.0,1.0005162356099324
m441_06_fill_holes_and_orientation.obj,m441,House,2,8,5,19373,7,19388,0.5825409217559637,0.6819676700111483,2,8,5,19373,0.2857142857142857,0.9995872246014138,0.2,0.9997419754360615,0.7142857142857143,0.00041277539858624424,0.8,0.0002580245639384869,0.13333333333333333,0.9993294821539096,0.23529411764705882,0.2127659574468085,0.26315789473684204,0.23871884564346754,0.2853015103156995,0.19974197543606143,692.1785714285714,0.7145806756089108
m443_06_fill_holes_and_orientation.obj,m443,House,2,8,5,19373,7,19388,0.3359795832035874,0.5289576365663322,2,8,5,19373,0.2857142857142857,0.9995872246014138,0.2,0.9997419754360615,0.7142857142857143,0.00041277539858624424,0.8,0.0002580245639384869,0.13333333333333333,0.9993294821539096,0.23529411764705882,0.2127659574468085,0.26315789473684204,0.23871884564346754,0.2853015103156995,0.19974197543606143,692.1785714285714,0.7145806756089108
m446_06_fill_holes_and_orientation.obj,m446,House,0,10,7,19371,7,19388,0.11994777717588738,0.3807878112225938,0,10,7,19371,0.0,0.9994840307517672,0.0,0.9996387656104861,1.0,0.0005159692482328053,1.0,0.0003612343895138817,0.0,0.9991231689704972,,,,-0.0004317242596766064,-0.0005159692482328282,-0.00036123438951385367,0.0,1.0005162356099324
m447_06_fill_holes_and_orientation.obj,m447,House,2,8,5,19373,7,19388,0.22151455144079066,0.5545986622073579,2,8,5,19373,0.2857142857142857,0.9995872246014138,0.2,0.9997419754360615,0.7142857142857143,0.00041277539858624424,0.8,0.0002580245639384869,0.13333333333333333,0.9993294821539096,0.23529411764705882,0.2127659574468085,0.26315789473684204,0.23871884564346754,0.2853015103156995,0.19974197543606143,692.1785714285714,0.7145806756089108
m448_06_fill_holes_and_orientation.obj,m448,House,2,8,5,19373,7,19388,0.4906670483815983,0.696218877740617,2,8,5,19373,0.2857142857142857,0.9995872246014138,0.2,0.9997419754360615,0.7142857142857143,0.00041277539858624424,0.8,0.0002580245639384869,0.13333333333333333,0.9993294821539096,0.23529411764705882,0.2127659574468085,0.26315789473684204,0.23871884564346754,0.2853015103156995,0.19974197543606143,692.1785714285714,0.7145806756089108
m449_06_fill_holes_and_orientation.obj,m449,House,1,9,6,19372,7,19388,0.17940734799886823,0.55194165737644,1,9,6,19372,0.14285714285714285,0.9995356276765904,0.1,0.9996903705232738,0.8571428571428571,0.0004643723234095248,0.9,0.0003096294767261843,0.0625,0.9992263255622035,0.11764705882352941,0.10638297872340426,0.13157894736842102,0.11914356069189547,0.14239277053373334,0.0996903705232739,307.6349206349206,0.857541075484499
m451_06_fill_holes_and_orientation.obj,m451,House,0,10,7,19371,7,19388,0.16960951565730717,0.4335098476402824,0,10,7,19371,0.0,0.9994840307517672,0.0,0.9996387656104861,1.0,0.0005159692482328053,1.0,0.0003612343895138817,0.0,0.9991231689704972,,,,-0.0004317242596766064,-0.0005159692482328282,-0.00036123438951385367,0.0,1.0005162356099324
m452_06_fill_holes_and_orientation.obj,m452,House,4,6,3,19375,7,19388,0.860380682372872,0.7149201040505389,4,6,3,19375,0.5714285714285714,0.9996904184510603,0.4,0.9998451852616369,0.42857142857142855,0.00030958154893968317,0.6,0.00015481473836309216,0.3076923076923077,0.9995357953373221,0.47058823529411764,0.425531914893617,0.5263157894736841,0.4778694155466117,0.5711189898796318,0.3998451852616369,1845.8095238095239,0.4287041474654378
m453_06_fill_holes_and_orientation.obj,m453,House,2,8,5,19373,7,19388,0.5140544119615946,0.6994147157190636,2,8,5,19373,0.2857142857142857,0.9995872246014138,0.2,0.9997419754360615,0.7142857142857143,0.00041277539858624424,0.8,0.0002580245639384869,0.13333333333333333,0.9993294821539096,0.23529411764705882,0.2127659574468085,0.26315789473684204,0.23871884564346754,0.2853015103156995,0.19974197543606143,692.1785714285714,0.7145806756089108
m454_06_fill_holes_and_orientation.obj,m454,House,1,9,6,19372,7,19388,0.12896195261467885,0.4545243403939056,1,9,6,19372,0.14285714285714285,0.9995356276765904,0.1,0.9996903705232738,0.8571428571428571,0.0004643723234095248,0.9,0.0003096294767261843,0.0625,0.9992263255622035,0.11764705882352941,0.10638297872340426,0.13157894736842102,0.11914356069189547,0.14239277053373334,0.0996903705232739,307.6349206349206,0.857541075484499
m456_06_fill_holes_and_orientation.obj,m456,House,3,7,4,19374,7,19388,0.5024719427710224,0.57202712746191,3,7,4,19374,0.42857142857142855,0.9996388215262371,0.3,0.9997935803488492,0.5714285714285714,0.00036117847376296373,0.7,0.00020641965115078957,0.21428571428571427,0.9994326387456158,0.3529411764705882,0.3191489361702127,0.3947368421052631,0.3582941305950396,0.42821025009766567,0.2997935803488492,1186.5918367346937,0.5716350336975917
m457_06_fill_holes_and_orientation.obj,m457,House,2,8,5,19373,7,19388,0.31936364733383515,0.5280100334448161,2,8,5,19373,0.2857142857142857,0.9995872246014138,0.2,0.9997419754360615,0.7142857142857143,0.00041277539858624424,0.8,0.0002580245639384869,0.13333333333333333,0.9993294821539096,0.23529411764705882,0.2127659574468085,0.26315789473684204,0.23871884564346754,0.2853015103156995,0.19974197543606143,692.1785714285714,0.7145806756089108
m460_06_fill_holes_and_orientation.obj,m460,House,1,9,6,19372,7,19388,0.38129111436879404,0.6955499814195467,1,9,6,19372,0.14285714285714285,0.9995356276765904,0.1,0.9996903705232738,0.8571428571428571,0.0004643723234095248,0.9,0.0003096294767261843,0.0625,0.9992263255622035,0.11764705882352941,0.10638297872340426,0.13157894736842102,0.11914356069189547,0.14239277053373334,0.0996903705232739,307.6349206349206,0.857541075484499
m461_06_fill_holes_and_orientation.obj,m461,House,0,10,7,19371,7,19388,0.23729662754149494,0.6647621701969528,0,10,7,19371,0.0,0.9994840307517672,0.0,0.9996387656104861,1.0,0.0005159692482328053,1.0,0.0003612343895138817,0.0,0.9991231689704972,,,,-0.0004317242596766064,-0.0005159692482328282,-0.00036123438951385367,0.0,1.0005162356099324
m462_06_fill_holes_and_orientation.obj,m462,House,2,8,5,19373,7,19388,0.2320064401832869,0.5981233742103307,2,8,5,19373,0.2857142857142857,0.9995872246014138,0.2,0.9997419754360615,0.7142857142857143,0.00041277539858624424,0.8,0.0002580245639384869,0.13333333333333333,0.9993294821539096,0.23529411764705882,0.2127659574468085,0.26315789473684204,0.23871884564346754,0.2853015103156995,0.19974197543606143,692.1785714285714,0.7145806756089108
D00013_06_fill_holes_and_orientation.obj,d00013,HumanHead,9,1,0,19378,7,19388,4.320878527231647,0.948470883954755,9,1,0,19378,1.0,0.9999483977501419,0.9,1.0,0.0,5.1602249858093815e-05,0.1,0.0,0.9,0.9999484217041469,0.9473684210526316,0.9183673469387754,0.9782608695652175,0.9486588206384462,0.999948397750142,0.8999999999999999,19379.0,0.0
D00061_06_fill_holes_and_orientation.obj,d00061,HumanHead,5,5,2,19376,7,19388,2.6554730988866715,0.9268705488060327,5,5,2,19376,0.7142857142857143,0.9997420153758836,0.5,0.9998967901744246,0.2857142857142857,0.00025798462411640266,0.5,0.00010320982557539478,0.4166666666666667,0.9996389519290283,0.588235294117647,0.5319148936170213,0.6578947368421053,0.5974447004981838,0.714027729661598,0.4998967901744247,2768.714285714286,0.28578801462781644
D00072_06_fill_holes_and_orientation.obj,d00072,HumanHead,8,2,0,19378,7,19388,3.0988817212972215,0.9269208211143695,8,2,0,19378,1.0,0.9998968008255934,0.8,1.0,0.0,0.00010319917440660474,0.2,0.0,0.8,0.9998968434082938,0.888888888888889,0.8333333333333334,0.9523809523809523,0.8943810377353014,0.9998968008255935,0.8,9690.0,0.0
D00106_06_fill_holes_and_orientation.obj,d00106,HumanHead,2,8,5,19373,7,19388,0.8148457607131834,0.8465605362379556,2,8,5,19373,0.2857142857142857,0.9995872246014138,0.2,0.9997419754360615,0.7142857142857143,0.00041277539858624424,0.8,0.0002580245639384869,0.13333333333333333,0.9993294821539096,0.23529411764705882,0.2127659574468085,0.26315789473684204,0.23871884564346754,0.2853015103156995,0.19974197543606143,692.1785714285714,0.7145806756089108
D00131_06_fill_holes_and_orientation.obj,d00131,HumanHead,8,2,0,19378,7,19388,3.885970167360493,0.9424549643904483,8,2,0,19378,1.0,0.9998968008255934,0.8,1.0,0.0,0.00010319917440660474,0.2,0.0,0.8,0.9998968434082938,0.888888888888889,0.8333333333333334,0.9523809523809523,0.8943810377353014,0.9998968008255935,0.8,9690.0,0.0
D00205_06_fill_holes_and_orientation.obj,d00205,HumanHead,9,1,0,19378,7,19388,3.598592458159807,0.9572098868873062,9,1,0,19378,1.0,0.9999483977501419,0.9,1.0,0.0,5.1602249858093815e-05,0.1,0.0,0.9,0.9999484217041469,0.9473684210526316,0.9183673469387754,0.9782608695652175,0.9486588206384462,0.999948397750142,0.8999999999999999,19379.0,0.0
D00313_06_fill_holes_and_orientation.obj,d00313,HumanHead,8,2,0,19378,7,19388,4.501319837685048,0.957922077922078,8,2,0,19378,1.0,0.9998968008255934,0.8,1.0,0.0,0.00010319917440660474,0.2,0.0,0.8,0.9998968434082938,0.888888888888889,0.8333333333333334,0.9523809523809523,0.8943810377353014,0.9998968008255935,0.8,9690.0,0.0
D00434_06_fill_holes_and_orientation.obj,d00434,HumanHead,6,4,1,19377,7,19388,3.2428952080896343,0.9295098449937159,6,4,1,19377,0.8571428571428571,0.9997936123007068,0.6,0.9999483950872123,0.14285714285714285,0.00020638769929312212,0.4,5.160491278769739e-05,0.5454545454545454,0.9997421085207345,0.7058823529411764,0.6382978723404255,0.7894736842105262,0.7170199854497559,0.8569364694435639,0.5999483950872122,4153.071428571428,0.14288663290056694
D00487_06_fill_holes_and_orientation.obj,d00487,HumanHead,7,3,0,19378,7,19388,3.762407439229153,0.9409970674486803,7,3,0,19378,1.0,0.9998452092255301,0.7,1.0,0.0,0.00015479077446984158,0.3,0.0,0.7,0.9998452651124407,0.8235294117647058,0.7446808510638298,0.9210526315789475,0.836595270401328,0.9998452092255301,0.7,6460.333333333334,0.0
D00488_06_fill_holes_and_orientation.obj,d00488,HumanHead,7,3,0,19378,7,19388,3.91595259199658,0.9425974025974027,7,3,0,19378,1.0,0.9998452092255301,0.7,1.0,0.0,0.00015479077446984158,0.3,0.0,0.7,0.9998452651124407,0.8235294117647058,0.7446808510638298,0.9210526315789475,0.836595270401328,0.9998452092255301,0.7,6460.333333333334,0.0
D00566_06_fill_holes_and_orientation.obj,d00566,HumanHead,8,2,0,19378,7,19388,4.314040189332906,0.9419857561793046,8,2,0,19378,1.0,0.9998968008255934,0.8,1.0,0.0,0.00010319917440660474,0.2,0.0,0.8,0.9998968434082938,0.888888888888889,0.8333333333333334,0.9523809523809523,0.8943810377353014,0.9998968008255935,0.8,9690.0,0.0
D00578_06_fill_holes_and_orientation.obj,d00578,HumanHead,3,7,3,19375,6,19388,2.088108736985727,0.8932467532467532,3,7,3,19375,0.5,0.9996388401609742,0.3,0.9998451852616369,0.5,0.0003611598390259003,0.7,0.00015481473836309216,0.23076923076923078,0.999484217041469,0.37499999999999994,0.32608695652173914,0.4411764705882353,0.38705852347155034,0.49963884016097415,0.29984518526163684,1384.4285714285716,0.5001806451612903
D00591_06_fill_holes_and_orientation.obj,d00591,HumanHead,7,3,0,19378,7,19388,3.1956357654103447,0.9333221617092584,7,3,0,19378,1.0,0.9998452092255301,0.7,1.0,0.0,0.00015479077446984158,0.3,0.0,0.7,0.9998452651124407,0.8235294117647058,0.7446808510638298,0.9210526315789475,0.836595270401328,0.9998452092255301,0.7,6460.333333333334,0.0
D00610_06_fill_holes_and_orientation.obj,d00610,HumanHead,8,2,0,19378,7,19388,3.5656840757162565,0.9415584415584416,8,2,0,19378,1.0,0.9998968008255934,0.8,1.0,0.0,0.00010319917440660474,0.2,0.0,0.8,0.9998968434082938,0.888888888888889,0.8333333333333334,0.9523809523809523,0.8943810377353014,0.9998968008255935,0.8,9690.0,0.0
D00629_06_fill_holes_and_orientation.obj,d00629,HumanHead,10,0,0,19378,7,19388,4.586643735595572,0.9527105152911604,10,0,0,19378,1.0,1.0,1.0,1.0,0.0,0.0,0.0,0.0,1.0,1.0,1.0,1.0,1.0,1.0,1.0,1.0,,0.0
D00653_06_fill_holes_and_orientation.obj,d00653,HumanHead,9,1,0,19378,7,19388,4.748362341159898,0.9493757855048178,9,1,0,19378,1.0,0.9999483977501419,0.9,1.0,0.0,5.1602249858093815e-05,0.1,0.0,0.9,0.9999484217041469,0.9473684210526316,0.9183673469387754,0.9782608695652175,0.9486588206384462,0.999948397750142,0.8999999999999999,19379.0,0.0
D00690_06_fill_holes_and_orientation.obj,d00690,HumanHead,8,2,0,19378,7,19388,4.34904937323949,0.9590615835777127,8,2,0,19378,1.0,0.9998968008255934,0.8,1.0,0.0,0.00010319917440660474,0.2,0.0,0.8,0.9998968434082938,0.888888888888889,0.8333333333333334,0.9523809523809523,0.8943810377353014,0.9998968008255935,0.8,9690.0,0.0
D00758_06_fill_holes_and_orientation.obj,d00758,HumanHead,7,3,0,19378,7,19388,2.5912776000242057,0.9150816925010473,7,3,0,19378,1.0,0.9998452092255301,0.7,1.0,0.0,0.00015479077446984158,0.3,0.0,0.7,0.9998452651124407,0.8235294117647058,0.7446808510638298,0.9210526315789475,0.836595270401328,0.9998452092255301,0.7,6460.333333333334,0.0
D00910_06_fill_holes_and_orientation.obj,d00910,HumanHead,8,2,0,19378,7,19388,3.8759520246919945,0.9570674486803519,8,2,0,19378,1.0,0.9998968008255934,0.8,1.0,0.0,0.00010319917440660474,0.2,0.0,0.8,0.9998968434082938,0.888888888888889,0.8333333333333334,0.9523809523809523,0.8943810377353014,0.9998968008255935,0.8,9690.0,0.0
D00984_06_fill_holes_and_orientation.obj,d00984,HumanHead,4,6,3,19375,7,19388,2.363132392313073,0.9203183912861332,4,6,3,19375,0.5714285714285714,0.9996904184510603,0.4,0.9998451852616369,0.42857142857142855,0.00030958154893968317,0.6,0.00015481473836309216,0.3076923076923077,0.9995357953373221,0.47058823529411764,0.425531914893617,0.5263157894736841,0.4778694155466117,0.5711189898796318,0.3998451852616369,1845.8095238095239,0.4287041474654378
m340_06_fill_holes_and_orientation.obj,m340,HumanHead,8,2,0,19378,7,19388,3.83417094801356,0.9387515710096355,8,2,0,19378,1.0,0.9998968008255934,0.8,1.0,0.0,0.00010319917440660474,0.2,0.0,0.8,0.9998968434082938,0.888888888888889,0.8333333333333334,0.9523809523809523,0.8943810377353014,0.9998968008255935,0.8,9690.0,0.0
m341_06_fill_holes_and_orientation.obj,m341,HumanHead,7,3,0,19378,7,19388,3.366727015504151,0.9350481776288229,7,3,0,19378,1.0,0.9998452092255301,0.7,1.0,0.0,0.00015479077446984158,0.3,0.0,0.7,0.9998452651124407,0.8235294117647058,0.7446808510638298,0.9210526315789475,0.836595270401328,0.9998452092255301,0.7,6460.333333333334,0.0
m342_06_fill_holes_and_orientation.obj,m342,HumanHead,8,2,0,19378,7,19388,4.186133134636811,0.9564976958525345,8,2,0,19378,1.0,0.9998968008255934,0.8,1.0,0.0,0.00010319917440660474,0.2,0.0,0.8,0.9998968434082938,0.888888888888889,0.8333333333333334,0.9523809523809523,0.8943810377353014,0.9998968008255935,0.8,9690.0,0.0
m343_06_fill_holes_and_orientation.obj,m343,HumanHead,8,2,0,19378,7,19388,3.205090293218364,0.9329283619606201,8,2,0,19378,1.0,0.9998968008255934,0.8,1.0,0.0,0.00010319917440660474,0.2,0.0,0.8,0.9998968434082938,0.888888888888889,0.8333333333333334,0.9523809523809523,0.8943810377353014,0.9998968008255935,0.8,9690.0,0.0
m344_06_fill_holes_and_orientation.obj,m344,HumanHead,8,2,0,19378,7,19388,3.7149709495505787,0.9435106828655215,8,2,0,19378,1.0,0.9998968008255934,0.8,1.0,0.0,0.00010319917440660474,0.2,0.0,0.8,0.9998968434082938,0.888888888888889,0.8333333333333334,0.9523809523809523,0.8943810377353014,0.9998968008255935,0.8,9690.0,0.0
m345_06_fill_holes_and_orientation.obj,m345,HumanHead,4,6,3,19375,7,19388,1.7110961793677981,0.9095014662756598,4,6,3,19375,0.5714285714285714,0.9996904184510603,0.4,0.9998451852616369,0.42857142857142855,0.00030958154893968317,0.6,0.00015481473836309216,0.3076923076923077,0.9995357953373221,0.47058823529411764,0.425531914893617,0.5263157894736841,0.4778694155466117,0.5711189898796318,0.3998451852616369,1845.8095238095239,0.4287041474654378
m346_06_fill_holes_and_orientation.obj,m346,HumanHead,10,0,0,19378,7,19388,5.013953061604482,0.9551068286552157,10,0,0,19378,1.0,1.0,1.0,1.0,0.0,0.0,0.0,0.0,1.0,1.0,1.0,1.0,1.0,1.0,1.0,1.0,,0.0
m347_06_fill_holes_and_orientation.obj,m347,HumanHead,2,8,5,19373,7,19388,0.6215809740092325,0.6879514034352744,2,8,5,19373,0.2857142857142857,0.9995872246014138,0.2,0.9997419754360615,0.7142857142857143,0.00041277539858624424,0.8,0.0002580245639384869,0.13333333333333333,0.9993294821539096,0.23529411764705882,0.2127659574468085,0.26315789473684204,0.23871884564346754,0.2853015103156995,0.19974197543606143,692.1785714285714,0.7145806756089108
m348_06_fill_holes_and_orientation.obj,m348,HumanHead,9,1,0,19378,7,19388,4.581291069288101,0.9589107666527021,9,1,0,19378,1.0,0.9999483977501419,0.9,1.0,0.0,5.1602249858093815e-05,0.1,0.0,0.9,0.9999484217041469,0.9473684210526316,0.9183673469387754,0.9782608695652175,0.9486588206384462,0.999948397750142,0.8999999999999999,19379.0,0.0
m349_06_fill_holes_and_orientation.obj,m349,HumanHead,7,3,0,19378,7,19388,2.8602762770298766,0.9397318810222035,7,3,0,19378,1.0,0.9998452092255301,0.7,1.0,0.0,0.00015479077446984158,0.3,0.0,0.7,0.9998452651124407,0.8235294117647058,0.7446808510638298,0.9210526315789475,0.836595270401328,0.9998452092255301,0.7,6460.333333333334,0.0
m350_06_fill_holes_and_orientation.obj,m350,HumanHead,2,8,5,19373,7,19388,0.941859132358439,0.8577628822790113,2,8,5,19373,0.2857142857142857,0.9995872246014138,0.2,0.9997419754360615,0.7142857142857143,0.00041277539858624424,0.8,0.0002580245639384869,0.13333333333333333,0.9993294821539096,0.23529411764705882,0.2127659574468085,0.26315789473684204,0.23871884564346754,0.2853015103156995,0.19974197543606143,692.1785714285714,0.7145806756089108
m351_06_fill_holes_and_orientation.obj,m351,HumanHead,8,2,0,19378,7,19388,3.1348095775918,0.9495182237117721,8,2,0,19378,1.0,0.9998968008255934,0.8,1.0,0.0,0.00010319917440660474,0.2,0.0,0.8,0.9998968434082938,0.888888888888889,0.8333333333333334,0.9523809523809523,0.8943810377353014,0.9998968008255935,0.8,9690.0,0.0
m352_06_fill_holes_and_orientation.obj,m352,HumanHead,6,4,1,19377,7,19388,3.3846888432655886,0.9366401340594889,6,4,1,19377,0.8571428571428571,0.9997936123007068,0.6,0.9999483950872123,0.14285714285714285,0.00020638769929312212,0.4,5.160491278769739e-05,0.5454545454545454,0.9997421085207345,0.7058823529411764,0.6382978723404255,0.7894736842105262,0.7170199854497559,0.8569364694435639,0.5999483950872122,4153.071428571428,0.14288663290056694
m353_06_fill_holes_and_orientation.obj,m353,HumanHead,9,1,0,19378,6,19388,5.648206108512176,0.9533305404273147,9,1,0,19378,1.0,0.9999483977501419,0.9,1.0,0.0,5.1602249858093815e-05,0.1,0.0,0.9,0.9999484217041469,0.9473684210526316,0.9183673469387754,0.9782608695652175,0.9486588206384462,0.999948397750142,0.8999999999999999,19379.0,0.0
m354_06_fill_holes_and_orientation.obj,m354,HumanHead,7,3,0,19378,7,19388,2.6871058362816265,0.92744030163385,7,3,0,19378,1.0,0.9998452092255301,0.7,1.0,0.0,0.00015479077446984158,0.3,0.0,0.7,0.9998452651124407,0.8235294117647058,0.7446808510638298,0.9210526315789475,0.836595270401328,0.9998452092255301,0.7,6460.333333333334,0.0
m355_06_fill_holes_and_orientation.obj,m355,HumanHead,6,4,1,19377,7,19388,3.0597795202357436,0.9324088814411395,6,4,1,19377,0.8571428571428571,0.9997936123007068,0.6,0.9999483950872123,0.14285714285714285,0.00020638769929312212,0.4,5.160491278769739e-05,0.5454545454545454,0.9997421085207345,0.7058823529411764,0.6382978723404255,0.7894736842105262,0.7170199854497559,0.8569364694435639,0.5999483950872122,4153.071428571428,0.14288663290056694
m356_06_fill_holes_and_orientation.obj,m356,HumanHead,7,3,0,19378,7,19388,2.7169185783280483,0.9273062421449518,7,3,0,19378,1.0,0.9998452092255301,0.7,1.0,0.0,0.00015479077446984158,0.3,0.0,0.7,0.9998452651124407,0.8235294117647058,0.7446808510638298,0.9210526315789475,0.836595270401328,0.9998452092255301,0.7,6460.333333333334,0.0
m357_06_fill_holes_and_orientation.obj,m357,HumanHead,8,2,0,19378,7,19388,3.563486065543026,0.9359865940511101,8,2,0,19378,1.0,0.9998968008255934,0.8,1.0,0.0,0.00010319917440660474,0.2,0.0,0.8,0.9998968434082938,0.888888888888889,0.8333333333333334,0.9523809523809523,0.8943810377353014,0.9998968008255935,0.8,9690.0,0.0
m358_06_fill_holes_and_orientation.obj,m358,HumanHead,8,2,0,19378,7,19388,4.110775693301925,0.9405948889819858,8,2,0,19378,1.0,0.9998968008255934,0.8,1.0,0.0,0.00010319917440660474,0.2,0.0,0.8,0.9998968434082938,0.888888888888889,0.8333333333333334,0.9523809523809523,0.8943810377353014,0.9998968008255935,0.8,9690.0,0.0
m359_06_fill_holes_and_orientation.obj,m359,HumanHead,2,8,5,19373,7,19388,0.5739758984063968,0.7026811897779639,2,8,5,19373,0.2857142857142857,0.9995872246014138,0.2,0.9997419754360615,0.7142857142857143,0.00041277539858624424,0.8,0.0002580245639384869,0.13333333333333333,0.9993294821539096,0.23529411764705882,0.2127659574468085,0.26315789473684204,0.23871884564346754,0.2853015103156995,0.19974197543606143,692.1785714285714,0.7145806756089108
m360_06_fill_holes_and_orientation.obj,m360,HumanHead,6,4,1,19377,7,19388,1.9919650436396306,0.9039463762044407,6,4,1,19377,0.8571428571428571,0.9997936123007068,0.6,0.9999483950872123,0.14285714285714285,0.00020638769929312212,0.4,5.160491278769739e-05,0.5454545454545454,0.9997421085207345,0.7058823529411764,0.6382978723404255,0.7894736842105262,0.7170199854497559,0.8569364694435639,0.5999483950872122,4153.071428571428,0.14288663290056694
m361_06_fill_holes_and_orientation.obj,m361,HumanHead,2,8,5,19373,7,19388,0.49889813192992094,0.6610305823209048,2,8,5,19373,0.2857142857142857,0.9995872246014138,0.2,0.9997419754360615,0.7142857142857143,0.00041277539858624424,0.8,0.0002580245639384869,0.13333333333333333,0.9993294821539096,0.23529411764705882,0.2127659574468085,0.26315789473684204,0.23871884564346754,0.2853015103156995,0.19974197543606143,692.1785714285714,0.7145806756089108
m362_06_fill_holes_and_orientation.obj,m362,HumanHead,9,1,0,19378,7,19388,3.8277588661987183,0.9412568077084207,9,1,0,19378,1.0,0.9999483977501419,0.9,1.0,0.0,5.1602249858093815e-05,0.1,0.0,0.9,0.9999484217041469,0.9473684210526316,0.9183673469387754,0.9782608695652175,0.9486588206384462,0.999948397750142,0.8999999999999999,19379.0,0.0
m363_06_fill_holes_and_orientation.obj,m363,HumanHead,7,3,0,19378,7,19388,3.392602998600836,0.9348470883954755,7,3,0,19378,1.0,0.9998452092255301,0.7,1.0,0.0,0.00015479077446984158,0.3,0.0,0.7,0.9998452651124407,0.8235294117647058,0.7446808510638298,0.9210526315789475,0.836595270401328,0.9998452092255301,0.7,6460.333333333334,0.0
m364_06_fill_holes_and_orientation.obj,m364,HumanHead,4,6,3,19375,7,19388,2.097271264418183,0.9133054042731461,4,6,3,19375,0.5714285714285714,0.9996904184510603,0.4,0.9998451852616369,0.42857142857142855,0.00030958154893968317,0.6,0.00015481473836309216,0.3076923076923077,0.9995357953373221,0.47058823529411764,0.425531914893617,0.5263157894736841,0.4778694155466117,0.5711189898796318,0.3998451852616369,1845.8095238095239,0.4287041474654378
m365_06_fill_holes_and_orientation.obj,m365,HumanHead,8,2,0,19378,7,19388,4.327589643435585,0.952006702974445,8,2,0,19378,1.0,0.9998968008255934,0.8,1.0,0.0,0.00010319917440660474,0.2,0.0,0.8,0.9998968434082938,0.888888888888889,0.8333333333333334,0.9523809523809523,0.8943810377353014,0.9998968008255935,0.8,9690.0,0.0
m366_06_fill_holes_and_orientation.obj,m366,HumanHead,0,10,7,19371,7,19388,0.14807142820527958,0.5391118558860495,0,10,7,19371,0.0,0.9994840307517672,0.0,0.9996387656104861,1.0,0.0005159692482328053,1.0,0.0003612343895138817,0.0,0.9991231689704972,,,,-0.0004317242596766064,-0.0005159692482328282,-0.00036123438951385367,0.0,1.0005162356099324
m367_06_fill_holes_and_orientation.obj,m367,HumanHead,4,6,3,19375,7,19388,2.02663100319854,0.9063343108504399,4,6,3,19375,0.5714285714285714,0.9996904184510603,0.4,0.9998451852616369,0.42857142857142855,0.00030958154893968317,0.6,0.00015481473836309216,0.3076923076923077,0.9995357953373221,0.47058823529411764,0.425531914893617,0.5263157894736841,0.4778694155466117,0.5711189898796318,0.3998451852616369,1845.8095238095239,0.4287041474654378
m368_06_fill_holes_and_orientation.obj,m368,HumanHead,3,7,4,19374,7,19388,1.726672465885713,0.9041558441558442,3,7,4,19374,0.42857142857142855,0.9996388215262371,0.3,0.9997935803488492,0.5714285714285714,0.00036117847376296373,0.7,0.00020641965115078957,0.21428571428571427,0.9994326387456158,0.3529411764705882,0.3191489361702127,0.3947368421052631,0.3582941305950396,0.42821025009766567,0.2997935803488492,1186.5918367346937,0.5716350336975917
m369_06_fill_holes_and_orientation.obj,m369,HumanHead,10,0,0,19378,7,19388,4.491390138938111,0.9522329283619606,10,0,0,19378,1.0,1.0,1.0,1.0,0.0,0.0,0.0,0.0,1.0,1.0,1.0,1.0,1.0,1.0,1.0,1.0,,0.0
m370_06_fill_holes_and_orientation.obj,m370,HumanHead,8,2,0,19378,7,19388,2.9039317604031987,0.928839547549225,8,2,0,19378,1.0,0.9998968008255934,0.8,1.0,0.0,0.00010319917440660474,0.2,0.0,0.8,0.9998968434082938,0.888888888888889,0.8333333333333334,0.9523809523809523,0.8943810377353014,0.9998968008255935,0.8,9690.0,0.0
m118_06_fill_holes_and_orientation.obj,m118,Humanoid,10,0,0,19378,7,19388,9.616565782880874,0.843066572762992,10,0,0,19378,1.0,1.0,1.0,1.0,0.0,0.0,0.0,0.0,1.0,1.0,1.0,1.0,1.0,1.0,1.0,1.0,,0.0
m119_06_fill_holes_and_orientation.obj,m119,Humanoid,10,0,0,19378,7,19388,9.181914989150926,0.8469555440235254,10,0,0,19378,1.0,1.0,1.0,1.0,0.0,0.0,0.0,0.0,1.0,1.0,1.0,1.0,1.0,1.0,1.0,1.0,,0.0
m120_06_fill_holes_and_orientation.obj,m120,Humanoid,10,0,0,19378,7,19388,8.577563710048244,0.8343588603059282,10,0,0,19378,1.0,1.0,1.0,1.0,0.0,0.0,0.0,0.0,1.0,1.0,1.0,1.0,1.0,1.0,1.0,1.0,,0.0
m121_06_fill_holes_and_orientation.obj,m121,Humanoid,9,1,0,19378,7,19388,7.5686215863893125,0.8303741320087972,9,1,0,19378,1.0,0.9999483977501419,0.9,1.0,0.0,5.1602249858093815e-05,0.1,0.0,0.9,0.9999484217041469,0.9473684210526316,0.9183673469387754,0.9782608695652175,0.9486588206384462,0.999948397750142,0.8999999999999999,19379.0,0.0
m122_06_fill_holes_and_orientation.obj,m122,Humanoid,2,8,5,19373,7,19388,2.7850604947712374,0.742030543405738,2,8,5,19373,0.2857142857142857,0.9995872246014138,0.2,0.9997419754360615,0.7142857142857143,0.00041277539858624424,0.8,0.0002580245639384869,0.13333333333333333,0.9993294821539096,0.23529411764705882,0.2127659574468085,0.26315789473684204,0.23871884564346754,0.2853015103156995,0.19974197543606143,692.1785714285714,0.7145806756089108
m123_06_fill_holes_and_orientation.obj,m123,Humanoid,10,0,0,19378,7,19388,8.663916531611216,0.8436225813625917,10,0,0,19378,1.0,1.0,1.0,1.0,0.0,0.0,0.0,0.0,1.0,1.0,1.0,1.0,1.0,1.0,1.0,1.0,,0.0
m124_06_fill_holes_and_orientation.obj,m124,Humanoid,10,0,0,19378,7,19388,9.768938525079218,0.8475949539130649,10,0,0,19378,1.0,1.0,1.0,1.0,0.0,0.0,0.0,0.0,1.0,1.0,1.0,1.0,1.0,1.0,1.0,1.0,,0.0
m125_06_fill_holes_and_orientation.obj,m125,Humanoid,1,9,6,19372,7,19388,3.4972319415097073,0.7891738947784616,1,9,6,19372,0.14285714285714285,0.9995356276765904,0.1,0.9996903705232738,0.8571428571428571,0.0004643723234095248,0.9,0.0003096294767261843,0.0625,0.9992263255622035,0.11764705882352941,0.10638297872340426,0.13157894736842102,0.11914356069189547,0.14239277053373334,0.0996903705232739,307.6349206349206,0.857541075484499
m126_06_fill_holes_and_orientation.obj,m126,Humanoid,4,6,3,19375,7,19388,5.149457417397456,0.8148213359033286,4,6,3,19375,0.5714285714285714,0.9996904184510603,0.4,0.9998451852616369,0.42857142857142855,0.00030958154893968317,0.6,0.00015481473836309216,0.3076923076923077,0.9995357953373221,0.47058823529411764,0.425531914893617,0.5263157894736841,0.4778694155466117,0.5711189898796318,0.3998451852616369,1845.8095238095239,0.4287041474654378
m128_06_fill_holes_and_orientation.obj,m128,Humanoid,10,0,0,19378,7,19388,9.966994885193243,0.8472829713099562,10,0,0,19378,1.0,1.0,1.0,1.0,0.0,0.0,0.0,0.0,1.0,1.0,1.0,1.0,1.0,1.0,1.0,1.0,,0.0
m129_06_fill_holes_and_orientation.obj,m129,Humanoid,2,8,5,19373,7,19388,1.8682201880661042,0.6640688709318705,2,8,5,19373,0.2857142857142857,0.9995872246014138,0.2,0.9997419754360615,0.7142857142857143,0.00041277539858624424,0.8,0.0002580245639384869,0.13333333333333333,0.9993294821539096,0.23529411764705882,0.2127659574468085,0.26315789473684204,0.23871884564346754,0.2853015103156995,0.19974197543606143,692.1785714285714,0.7145806756089108
m130_06_fill_holes_and_orientation.obj,m130,Humanoid,0,10,7,19371,7,19388,1.4244447863647973,0.6169162527491536,0,10,7,19371,0.0,0.9994840307517672,0.0,0.9996387656104861,1.0,0.0005159692482328053,1.0,0.0003612343895138817,0.0,0.9991231689704972,,,,-0.0004317242596766064,-0.0005159692482328282,-0.00036123438951385367,0.0,1.0005162356099324
m131_06_fill_holes_and_orientation.obj,m131,Humanoid,10,0,0,19378,7,19388,9.943303303234645,0.84280092420985,10,0,0,19378,1.0,1.0,1.0,1.0,0.0,0.0,0.0,0.0,1.0,1.0,1.0,1.0,1.0,1.0,1.0,1.0,,0.0
m132_06_fill_holes_and_orientation.obj,m132,Humanoid,9,1,0,19378,7,19388,7.720647703237199,0.8264944275582574,9,1,0,19378,1.0,0.9999483977501419,0.9,1.0,0.0,5.1602249858093815e-05,0.1,0.0,0.9,0.9999484217041469,0.9473684210526316,0.9183673469387754,0.9782608695652175,0.9486588206384462,0.999948397750142,0.8999999999999999,19379.0,0.0
m133_06_fill_holes_and_orientation.obj,m133,Humanoid,2,8,5,19373,7,19388,2.8142646035367247,0.7282631526923172,2,8,5,19373,0.2857142857142857,0.9995872246014138,0.2,0.9997419754360615,0.7142857142857143,0.00041277539858624424,0.8,0.0002580245639384869,0.13333333333333333,0.9993294821539096,0.23529411764705882,0.2127659574468085,0.26315789473684204,0.23871884564346754,0.2853015103156995,0.19974197543606143,692.1785714285714,0.7145806756089108
m134_06_fill_holes_and_orientation.obj,m134,Humanoid,0,10,7,19371,7,19388,1.6574870156944412,0.6674234561494551,0,10,7,19371,0.0,0.9994840307517672,0.0,0.9996387656104861,1.0,0.0005159692482328053,1.0,0.0003612343895138817,0.0,0.9991231689704972,,,,-0.0004317242596766064,-0.0005159692482328282,-0.00036123438951385367,0.0,1.0005162356099324
m135_06_fill_holes_and_orientation.obj,m135,Humanoid,9,1,0,19378,7,19388,7.195392865890447,0.8337781402130129,9,1,0,19378,1.0,0.9999483977501419,0.9,1.0,0.0,5.1602249858093815e-05,0.1,0.0,0.9,0.9999484217041469,0.9473684210526316,0.9183673469387754,0.9782608695652175,0.9486588206384462,0.999948397750142,0.8999999999999999,19379.0,0.0
m136_06_fill_holes_and_orientation.obj,m136,Humanoid,10,0,0,19378,7,19388,9.756064009854615,0.8412348333209776,10,0,0,19378,1.0,1.0,1.0,1.0,0.0,0.0,0.0,0.0,1.0,1.0,1.0,1.0,1.0,1.0,1.0,1.0,,0.0
m137_06_fill_holes_and_orientation.obj,m137,Humanoid,4,6,3,19375,7,19388,4.6903212937601,0.8216756863617268,4,6,3,19375,0.5714285714285714,0.9996904184510603,0.4,0.9998451852616369,0.42857142857142855,0.00030958154893968317,0.6,0.00015481473836309216,0.3076923076923077,0.9995357953373221,0.47058823529411764,0.425531914893617,0.5263157894736841,0.4778694155466117,0.5711189898796318,0.3998451852616369,1845.8095238095239,0.4287041474654378
m138_06_fill_holes_and_orientation.obj,m138,Humanoid,9,1,0,19378,6,19388,8.877084831723328,0.8415560827340796,9,1,0,19378,1.0,0.9999483977501419,0.9,1.0,0.0,5.1602249858093815e-05,0.1,0.0,0.9,0.9999484217041469,0.9473684210526316,0.9183673469387754,0.9782608695652175,0.9486588206384462,0.999948397750142,0.8999999999999999,19379.0,0.0
m139_06_fill_holes_and_orientation.obj,m139,Humanoid,2,8,5,19373,7,19388,2.358625352115267,0.7155830676847801,2,8,5,19373,0.2857142857142857,0.9995872246014138,0.2,0.9997419754360615,0.7142857142857143,0.00041277539858624424,0.8,0.0002580245639384869,0.13333333333333333,0.9993294821539096,0.23529411764705882,0.2127659574468085,0.26315789473684204,0.23871884564346754,0.2853015103156995,0.19974197543606143,692.1785714285714,0.7145806756089108
m140_06_fill_holes_and_orientation.obj,m140,Humanoid,9,1,0,19378,7,19388,9.0339446977753,0.8489695307287419,9,1,0,19378,1.0,0.9999483977501419,0.9,1.0,0.0,5.1602249858093815e-05,0.1,0.0,0.9,0.9999484217041469,0.9473684210526316,0.9183673469387754,0.9782608695652175,0.9486588206384462,0.999948397750142,0.8999999999999999,19379.0,0.0
m141_06_fill_holes_and_orientation.obj,m141,Humanoid,10,0,0,19378,7,19388,8.008451042887517,0.8427916573998567,10,0,0,19378,1.0,1.0,1.0,1.0,0.0,0.0,0.0,0.0,1.0,1.0,1.0,1.0,1.0,1.0,1.0,1.0,,0.0
m143_06_fill_holes_and_orientation.obj,m143,Humanoid,9,1,0,19378,7,19388,7.169391247064743,0.8291570909630068,9,1,0,19378,1.0,0.9999483977501419,0.9,1.0,0.0,5.1602249858093815e-05,0.1,0.0,0.9,0.9999484217041469,0.9473684210526316,0.9183673469387754,0.9782608695652175,0.9486588206384462,0.999948397750142,0.8999999999999999,19379.0,0.0
m144_06_fill_holes_and_orientation.obj,m144,Humanoid,7,3,0,19378,7,19388,7.795920141207826,0.8394710504855808,7,3,0,19378,1.0,0.9998452092255301,0.7,1.0,0.0,0.00015479077446984158,0.3,0.0,0.7,0.9998452651124407,0.8235294117647058,0.7446808510638298,0.9210526315789475,0.836595270401328,0.9998452092255301,0.7,6460.333333333334,0.0
m145_06_fill_holes_and_orientation.obj,m145,Humanoid,9,1,0,19378,7,19388,6.6566075876609645,0.8249159809227271,9,1,0,19378,1.0,0.9999483977501419,0.9,1.0,0.0,5.1602249858093815e-05,0.1,0.0,0.9,0.9999484217041469,0.9473684210526316,0.9183673469387754,0.9782608695652175,0.9486588206384462,0.999948397750142,0.8999999999999999,19379.0,0.0
m146_06_fill_holes_and_orientation.obj,m146,Humanoid,4,6,3,19375,7,19388,4.647083785222228,0.8123347418884523,4,6,3,19375,0.5714285714285714,0.9996904184510603,0.4,0.9998451852616369,0.42857142857142855,0.00030958154893968317,0.6,0.00015481473836309216,0.3076923076923077,0.9995357953373221,0.47058823529411764,0.425531914893617,0.5263157894736841,0.4778694155466117,0.5711189898796318,0.3998451852616369,1845.8095238095239,0.4287041474654378
m147_06_fill_holes_and_orientation.obj,m147,Humanoid,9,1,0,19378,7,19388,8.079051618597907,0.842961548916401,9,1,0,19378,1.0,0.9999483977501419,0.9,1.0,0.0,5.1602249858093815e-05,0.1,0.0,0.9,0.9999484217041469,0.9473684210526316,0.9183673469387754,0.9782608695652175,0.9486588206384462,0.999948397750142,0.8999999999999999,19379.0,0.0
m148_06_fill_holes_and_orientation.obj,m148,Humanoid,2,8,5,19373,7,19388,1.748583236815874,0.6695888007512294,2,8,5,19373,0.2857142857142857,0.9995872246014138,0.2,0.9997419754360615,0.7142857142857143,0.00041277539858624424,0.8,0.0002580245639384869,0.13333333333333333,0.9993294821539096,0.23529411764705882,0.2127659574468085,0.26315789473684204,0.23871884564346754,0.2853015103156995,0.19974197543606143,692.1785714285714,0.7145806756089108
m149_06_fill_holes_and_orientation.obj,m149,Humanoid,10,0,0,19378,7,19388,8.541871730064246,0.845948550670917,10,0,0,19378,1.0,1.0,1.0,1.0,0.0,0.0,0.0,0.0,1.0,1.0,1.0,1.0,1.0,1.0,1.0,1.0,,0.0
m150_06_fill_holes_and_orientation.obj,m150,Humanoid,8,2,0,19378,7,19388,7.22594923145964,0.8413676575975487,8,2,0,19378,1.0,0.9998968008255934,0.8,1.0,0.0,0.00010319917440660474,0.2,0.0,0.8,0.9998968434082938,0.888888888888889,0.8333333333333334,0.9523809523809523,0.8943810377353014,0.9998968008255935,0.8,9690.0,0.0
m151_06_fill_holes_and_orientation.obj,m151,Humanoid,10,0,0,19378,7,19388,9.357432483277321,0.8271153038278104,10,0,0,19378,1.0,1.0,1.0,1.0,0.0,0.0,0.0,0.0,1.0,1.0,1.0,1.0,1.0,1.0,1.0,1.0,,0.0
m152_06_fill_holes_and_orientation.obj,m152,Humanoid,6,4,1,19377,7,19388,5.30189931353018,0.7958676205303086,6,4,1,19377,0.8571428571428571,0.9997936123007068,0.6,0.9999483950872123,0.14285714285714285,0.00020638769929312212,0.4,5.160491278769739e-05,0.5454545454545454,0.9997421085207345,0.7058823529411764,0.6382978723404255,0.7894736842105262,0.7170199854497559,0.8569364694435639,0.5999483950872122,4153.071428571428,0.14288663290056694
m153_06_fill_holes_and_orientation.obj,m153,Humanoid,4,6,3,19375,7,19388,4.699358984277282,0.7841852620653866,4,6,3,19375,0.5714285714285714,0.9996904184510603,0.4,0.9998451852616369,0.42857142857142855,0.00030958154893968317,0.6,0.00015481473836309216,0.3076923076923077,0.9995357953373221,0.47058823529411764,0.425531914893617,0.5263157894736841,0.4778694155466117,0.5711189898796318,0.3998451852616369,1845.8095238095239,0.4287041474654378
m154_06_fill_holes_and_orientation.obj,m154,Humanoid,10,0,0,19378,7,19388,7.2388198847897005,0.7964452516865594,10,0,0,19378,1.0,1.0,1.0,1.0,0.0,0.0,0.0,0.0,1.0,1.0,1.0,1.0,1.0,1.0,1.0,1.0,,0.0
m155_06_fill_holes_and_orientation.obj,m155,Humanoid,6,4,1,19377,7,19388,3.235607750625411,0.7372457805125163,6,4,1,19377,0.8571428571428571,0.9997936123007068,0.6,0.9999483950872123,0.14285714285714285,0.00020638769929312212,0.4,5.160491278769739e-05,0.5454545454545454,0.9997421085207345,0.7058823529411764,0.6382978723404255,0.7894736842105262,0.7170199854497559,0.8569364694435639,0.5999483950872122,4153.071428571428,0.14288663290056694
m156_06_fill_holes_and_orientation.obj,m156,Humanoid,9,1,0,19378,7,19388,8.808158765416902,0.8478914918328515,9,1,0,19378,1.0,0.9999483977501419,0.9,1.0,0.0,5.1602249858093815e-05,0.1,0.0,0.9,0.9999484217041469,0.9473684210526316,0.9183673469387754,0.9782608695652175,0.9486588206384462,0.999948397750142,0.8999999999999999,19379.0,0.0
m157_06_fill_holes_and_orientation.obj,m157,Humanoid,7,3,0,19378,7,19388,6.544586224622916,0.8210300985988583,7,3,0,19378,1.0,0.9998452092255301,0.7,1.0,0.0,0.00015479077446984158,0.3,0.0,0.7,0.9998452651124407,0.8235294117647058,0.7446808510638298,0.9210526315789475,0.836595270401328,0.9998452092255301,0.7,6460.333333333334,0.0
m158_06_fill_holes_and_orientation.obj,m158,Humanoid,4,6,3,19375,7,19388,4.738621896436721,0.8017644006227296,4,6,3,19375,0.5714285714285714,0.9996904184510603,0.4,0.9998451852616369,0.42857142857142855,0.00030958154893968317,0.6,0.00015481473836309216,0.3076923076923077,0.9995357953373221,0.47058823529411764,0.425531914893617,0.5263157894736841,0.4778694155466117,0.5711189898796318,0.3998451852616369,1845.8095238095239,0.4287041474654378
m159_06_fill_holes_and_orientation.obj,m159,Humanoid,10,0,0,19378,7,19388,8.500558487495129,0.8325919885338671,10,0,0,19378,1.0,1.0,1.0,1.0,0.0,0.0,0.0,0.0,1.0,1.0,1.0,1.0,1.0,1.0,1.0,1.0,,0.0
m160_06_fill_holes_and_orientation.obj,m160,Humanoid,2,8,5,19373,7,19388,5.1192297199295895,0.8274921541008724,2,8,5,19373,0.2857142857142857,0.9995872246014138,0.2,0.9997419754360615,0.7142857142857143,0.00041277539858624424,0.8,0.0002580245639384869,0.13333333333333333,0.9993294821539096,0.23529411764705882,0.2127659574468085,0.26315789473684204,0.23871884564346754,0.2853015103156995,0.19974197543606143,692.1785714285714,0.7145806756089108
m161_06_fill_holes_and_orientation.obj,m161,Humanoid,7,3,0,19378,7,19388,6.90254210333638,0.8360577754713716,7,3,0,19378,1.0,0.9998452092255301,0.7,1.0,0.0,0.00015479077446984158,0.3,0.0,0.7,0.9998452651124407,0.8235294117647058,0.7446808510638298,0.9210526315789475,0.836595270401328,0.9998452092255301,0.7,6460.333333333334,0.0
m162_06_fill_holes_and_orientation.obj,m162,Humanoid,7,3,0,19378,7,19388,7.983801124898578,0.8289810215731337,7,3,0,19378,1.0,0.9998452092255301,0.7,1.0,0.0,0.00015479077446984158,0.3,0.0,0.7,0.9998452651124407,0.8235294117647058,0.7446808510638298,0.9210526315789475,0.836595270401328,0.9998452092255301,0.7,6460.333333333334,0.0
m163_06_fill_holes_and_orientation.obj,m163,Humanoid,6,4,1,19377,7,19388,6.5669998920721095,0.8346245088590704,6,4,1,19377,0.8571428571428571,0.9997936123007068,0.6,0.9999483950872123,0.14285714285714285,0.00020638769929312212,0.4,5.160491278769739e-05,0.5454545454545454,0.9997421085207345,0.7058823529411764,0.6382978723404255,0.7894736842105262,0.7170199854497559,0.8569364694435639,0.5999483950872122,4153.071428571428,0.14288663290056694
m164_06_fill_holes_and_orientation.obj,m164,Humanoid,10,0,0,19378,7,19388,7.870748175164046,0.8193682506733883,10,0,0,19378,1.0,1.0,1.0,1.0,0.0,0.0,0.0,0.0,1.0,1.0,1.0,1.0,1.0,1.0,1.0,1.0,,0.0
m165_06_fill_holes_and_orientation.obj,m165,Humanoid,10,0,0,19378,7,19388,8.568168460757672,0.8379420268366817,10,0,0,19378,1.0,1.0,1.0,1.0,0.0,0.0,0.0,0.0,1.0,1.0,1.0,1.0,1.0,1.0,1.0,1.0,,0.0
m166_06_fill_holes_and_orientation.obj,m166,Humanoid,8,2,0,19378,7,19388,6.987288470710587,0.82952776336274,8,2,0,19378,1.0,0.9998968008255934,0.8,1.0,0.0,0.00010319917440660474,0.2,0.0,0.8,0.9998968434082938,0.888888888888889,0.8333333333333334,0.9523809523809523,0.8943810377353014,0.9998968008255935,0.8,9690.0,0.0
m167_06_fill_holes_and_orientation.obj,m167,Humanoid,0,10,7,19371,7,19388,1.7698671146275278,0.6826272024118417,0,10,7,19371,0.0,0.9994840307517672,0.0,0.9996387656104861,1.0,0.0005159692482328053,1.0,0.0003612343895138817,0.0,0.9991231689704972,,,,-0.0004317242596766064,-0.0005159692482328282,-0.00036123438951385367,0.0,1.0005162356099324
m168_06_fill_holes_and_orientation.obj,m168,Humanoid,8,2,0,19378,7,19388,8.07095148317955,0.8512275434304494,8,2,0,19378,1.0,0.9998968008255934,0.8,1.0,0.0,0.00010319917440660474,0.2,0.0,0.8,0.9998968434082938,0.888888888888889,0.8333333333333334,0.9523809523809523,0.8943810377353014,0.9998968008255935,0.8,9690.0,0.0
m169_06_fill_holes_and_orientation.obj,m169,Humanoid,0,10,7,19371,7,19388,1.694370062457568,0.6818302567524155,0,10,7,19371,0.0,0.9994840307517672,0.0,0.9996387656104861,1.0,0.0005159692482328053,1.0,0.0003612343895138817,0.0,0.9991231689704972,,,,-0.0004317242596766064,-0.0005159692482328282,-0.00036123438951385367,0.0,1.0005162356099324
m170_06_fill_holes_and_orientation.obj,m170,Humanoid,4,6,3,19375,7,19388,5.86665283108516,0.8221915387846888,4,6,3,19375,0.5714285714285714,0.9996904184510603,0.4,0.9998451852616369,0.42857142857142855,0.00030958154893968317,0.6,0.00015481473836309216,0.3076923076923077,0.9995357953373221,0.47058823529411764,0.425531914893617,0.5263157894736841,0.4778694155466117,0.5711189898796318,0.3998451852616369,1845.8095238095239,0.4287041474654378
m171_06_fill_holes_and_orientation.obj,m171,Humanoid,6,4,1,19377,7,19388,7.216436502410987,0.8442527244421381,6,4,1,19377,0.8571428571428571,0.9997936123007068,0.6,0.9999483950872123,0.14285714285714285,0.00020638769929312212,0.4,5.160491278769739e-05,0.5454545454545454,0.9997421085207345,0.7058823529411764,0.6382978723404255,0.7894736842105262,0.7170199854497559,0.8569364694435639,0.5999483950872122,4153.071428571428,0.14288663290056694
m172_06_fill_holes_and_orientation.obj,m172,Humanoid,3,7,4,19374,7,19388,4.642623814726705,0.8220123804581512,3,7,4,19374,0.42857142857142855,0.9996388215262371,0.3,0.9997935803488492,0.5714285714285714,0.00036117847376296373,0.7,0.00020641965115078957,0.21428571428571427,0.9994326387456158,0.3529411764705882,0.3191489361702127,0.3947368421052631,0.3582941305950396,0.42821025009766567,0.2997935803488492,1186.5918367346937,0.5716350336975917
m173_06_fill_holes_and_orientation.obj,m173,Humanoid,8,2,0,19378,7,19388,7.958527206806843,0.8231676427706527,8,2,0,19378,1.0,0.9998968008255934,0.8,1.0,0.0,0.00010319917440660474,0.2,0.0,0.8,0.9998968434082938,0.888888888888889,0.8333333333333334,0.9523809523809523,0.8943810377353014,0.9998968008255935,0.8,9690.0,0.0
m174_06_fill_holes_and_orientation.obj,m174,Humanoid,0,10,7,19371,7,19388,1.4220457238227318,0.6278727110979317,0,10,7,19371,0.0,0.9994840307517672,0.0,0.9996387656104861,1.0,0.0005159692482328053,1.0,0.0003612343895138817,0.0,0.9991231689704972,,,,-0.0004317242596766064,-0.0005159692482328282,-0.00036123438951385367,0.0,1.0005162356099324
m175_06_fill_holes_and_orientation.obj,m175,Humanoid,6,4,1,19377,7,19388,6.455488378480768,0.8329163268836336,6,4,1,19377,0.8571428571428571,0.9997936123007068,0.6,0.9999483950872123,0.14285714285714285,0.00020638769929312212,0.4,5.160491278769739e-05,0.5454545454545454,0.9997421085207345,0.7058823529411764,0.6382978723404255,0.7894736842105262,0.7170199854497559,0.8569364694435639,0.5999483950872122,4153.071428571428,0.14288663290056694
m176_06_fill_holes_and_orientation.obj,m176,Humanoid,5,5,2,19376,7,19388,4.275924514368211,0.7983140583685472,5,5,2,19376,0.7142857142857143,0.9997420153758836,0.5,0.9998967901744246,0.2857142857142857,0.00025798462411640266,0.5,0.00010320982557539478,0.4166666666666667,0.9996389519290283,0.588235294117647,0.5319148936170213,0.6578947368421053,0.5974447004981838,0.714027729661598,0.4998967901744247,2768.714285714286,0.28578801462781644
m177_06_fill_holes_and_orientation.obj,m177,Humanoid,1,9,6,19372,7,19388,2.1927762217807394,0.7054173771220995,1,9,6,19372,0.14285714285714285,0.9995356276765904,0.1,0.9996903705232738,0.8571428571428571,0.0004643723234095248,0.9,0.0003096294767261843,0.0625,0.9992263255622035,0.11764705882352941,0.10638297872340426,0.13157894736842102,0.11914356069189547,0.14239277053373334,0.0996903705232739,307.6349206349206,0.857541075484499
m178_06_fill_holes_and_orientation.obj,m178,Humanoid,10,0,0,19378,7,19388,10.193271121462544,0.8569080979563595,10,0,0,19378,1.0,1.0,1.0,1.0,0.0,0.0,0.0,0.0,1.0,1.0,1.0,1.0,1.0,1.0,1.0,1.0,,0.0
m179_06_fill_holes_and_orientation.obj,m179,Humanoid,8,2,0,19378,7,19388,8.556599235194387,0.8536214693453925,8,2,0,19378,1.0,0.9998968008255934,0.8,1.0,0.0,0.00010319917440660474,0.2,0.0,0.8,0.9998968434082938,0.888888888888889,0.8333333333333334,0.9523809523809523,0.8943810377353014,0.9998968008255935,0.8,9690.0,0.0
m180_06_fill_holes_and_orientation.obj,m180,Humanoid,1,9,6,19372,7,19388,2.448705528797466,0.7035331257567895,1,9,6,19372,0.14285714285714285,0.9995356276765904,0.1,0.9996903705232738,0.8571428571428571,0.0004643723234095248,0.9,0.0003096294767261843,0.0625,0.9992263255622035,0.11764705882352941,0.10638297872340426,0.13157894736842102,0.11914356069189547,0.14239277053373334,0.0996903705232739,307.6349206349206,0.857541075484499
m181_06_fill_holes_and_orientation.obj,m181,Humanoid,2,8,5,19373,7,19388,4.507967697301529,0.8345781748091038,2,8,5,19373,0.2857142857142857,0.9995872246014138,0.2,0.9997419754360615,0.7142857142857143,0.00041277539858624424,0.8,0.0002580245639384869,0.13333333333333333,0.9993294821539096,0.23529411764705882,0.2127659574468085,0.26315789473684204,0.23871884564346754,0.2853015103156995,0.19974197543606143,692.1785714285714,0.7145806756089108
m182_06_fill_holes_and_orientation.obj,m182,Humanoid,7,3,0,19378,7,19388,7.964551028078717,0.8430233276496899,7,3,0,19378,1.0,0.9998452092255301,0.7,1.0,0.0,0.00015479077446984158,0.3,0.0,0.7,0.9998452651124407,0.8235294117647058,0.7446808510638298,0.9210526315789475,0.836595270401328,0.9998452092255301,0.7,6460.333333333334,0.0
m183_06_fill_holes_and_orientation.obj,m183,Humanoid,0,10,7,19371,7,19388,1.2059544700419056,0.5583531025279858,0,10,7,19371,0.0,0.9994840307517672,0.0,0.9996387656104861,1.0,0.0005159692482328053,1.0,0.0003612343895138817,0.0,0.9991231689704972,,,,-0.0004317242596766064,-0.0005159692482328282,-0.00036123438951385367,0.0,1.0005162356099324
m184_06_fill_holes_and_orientation.obj,m184,Humanoid,3,7,4,19374,7,19388,2.1195707550969867,0.6877826377047964,3,7,4,19374,0.42857142857142855,0.9996388215262371,0.3,0.9997935803488492,0.5714285714285714,0.00036117847376296373,0.7,0.00020641965115078957,0.21428571428571427,0.9994326387456158,0.3529411764705882,0.3191489361702127,0.3947368421052631,0.3582941305950396,0.42821025009766567,0.2997935803488492,1186.5918367346937,0.5716350336975917
m185_06_fill_holes_and_orientation.obj,m185,Humanoid,9,1,0,19378,7,19388,7.309599194096836,0.8295926310326933,9,1,0,19378,1.0,0.9999483977501419,0.9,1.0,0.0,5.1602249858093815e-05,0.1,0.0,0.9,0.9999484217041469,0.9473684210526316,0.9183673469387754,0.9782608695652175,0.9486588206384462,0.999948397750142,0.8999999999999999,19379.0,0.0
m186_06_fill_holes_and_orientation.obj,m186,Humanoid,4,6,3,19375,7,19388,4.061969469077257,0.7972977982059457,4,6,3,19375,0.5714285714285714,0.9996904184510603,0.4,0.9998451852616369,0.42857142857142855,0.00030958154893968317,0.6,0.00015481473836309216,0.3076923076923077,0.9995357953373221,0.47058823529411764,0.425531914893617,0.5263157894736841,0.4778694155466117,0.5711189898796318,0.3998451852616369,1845.8095238095239,0.4287041474654378
m187_06_fill_holes_and_orientation.obj,m187,Humanoid,0,10,7,19371,7,19388,3.6478647366620303,0.7972391084093212,0,10,7,19371,0.0,0.9994840307517672,0.0,0.9996387656104861,1.0,0.0005159692482328053,1.0,0.0003612343895138817,0.0,0.9991231689704972,,,,-0.0004317242596766064,-0.0005159692482328282,-0.00036123438951385367,0.0,1.0005162356099324
m188_06_fill_holes_and_orientation.obj,m188,Humanoid,9,1,0,19378,7,19388,7.535100891539192,0.7996330343242642,9,1,0,19378,1.0,0.9999483977501419,0.9,1.0,0.0,5.1602249858093815e-05,0.1,0.0,0.9,0.9999484217041469,0.9473684210526316,0.9183673469387754,0.9782608695652175,0.9486588206384462,0.999948397750142,0.8999999999999999,19379.0,0.0
m189_06_fill_holes_and_orientation.obj,m189,Humanoid,4,6,3,19375,7,19388,6.8406538086494155,0.8490004200953863,4,6,3,19375,0.5714285714285714,0.9996904184510603,0.4,0.9998451852616369,0.42857142857142855,0.00030958154893968317,0.6,0.00015481473836309216,0.3076923076923077,0.9995357953373221,0.47058823529411764,0.425531914893617,0.5263157894736841,0.4778694155466117,0.5711189898796318,0.3998451852616369,1845.8095238095239,0.4287041474654378
m190_06_fill_holes_and_orientation.obj,m190,Humanoid,1,9,6,19372,7,19388,1.9784705552099306,0.6754114463637038,1,9,6,19372,0.14285714285714285,0.9995356276765904,0.1,0.9996903705232738,0.8571428571428571,0.0004643723234095248,0.9,0.0003096294767261843,0.0625,0.9992263255622035,0.11764705882352941,0.10638297872340426,0.13157894736842102,0.11914356069189547,0.14239277053373334,0.0996903705232739,307.6349206349206,0.857541075484499
m191_06_fill_holes_and_orientation.obj,m191,Humanoid,0,10,7,19371,7,19388,1.5316013175542238,0.652266043937035,0,10,7,19371,0.0,0.9994840307517672,0.0,0.9996387656104861,1.0,0.0005159692482328053,1.0,0.0003612343895138817,0.0,0.9991231689704972,,,,-0.0004317242596766064,-0.0005159692482328282,-0.00036123438951385367,0.0,1.0005162356099324
m192_06_fill_holes_and_orientation.obj,m192,Humanoid,10,0,0,19378,7,19388,9.844332173432724,0.8510607408505696,10,0,0,19378,1.0,1.0,1.0,1.0,0.0,0.0,0.0,0.0,1.0,1.0,1.0,1.0,1.0,1.0,1.0,1.0,,0.0
m193_06_fill_holes_and_orientation.obj,m193,Humanoid,4,6,3,19375,7,19388,5.5483590081407135,0.8286134381100649,4,6,3,19375,0.5714285714285714,0.9996904184510603,0.4,0.9998451852616369,0.42857142857142855,0.00030958154893968317,0.6,0.00015481473836309216,0.3076923076923077,0.9995357953373221,0.47058823529411764,0.425531914893617,0.5263157894736841,0.4778694155466117,0.5711189898796318,0.3998451852616369,1845.8095238095239,0.4287041474654378
m194_06_fill_holes_and_orientation.obj,m194,Humanoid,8,2,0,19378,7,19388,7.272153963491006,0.8353287864185632,8,2,0,19378,1.0,0.9998968008255934,0.8,1.0,0.0,0.00010319917440660474,0.2,0.0,0.8,0.9998968434082938,0.888888888888889,0.8333333333333334,0.9523809523809523,0.8943810377353014,0.9998968008255935,0.8,9690.0,0.0
m195_06_fill_holes_and_orientation.obj,m195,Humanoid,4,6,3,19375,7,19388,4.827852431209851,0.8220463587614599,4,6,3,19375,0.5714285714285714,0.9996904184510603,0.4,0.9998451852616369,0.42857142857142855,0.00030958154893968317,0.6,0.00015481473836309216,0.3076923076923077,0.9995357953373221,0.47058823529411764,0.425531914893617,0.5263157894736841,0.4778694155466117,0.5711189898796318,0.3998451852616369,1845.8095238095239,0.4287041474654378
m196_06_fill_holes_and_orientation.obj,m196,Humanoid,6,4,1,19377,7,19388,5.22954458380869,0.796707811303037,6,4,1,19377,0.8571428571428571,0.9997936123007068,0.6,0.9999483950872123,0.14285714285714285,0.00020638769929312212,0.4,5.160491278769739e-05,0.5454545454545454,0.9997421085207345,0.7058823529411764,0.6382978723404255,0.7894736842105262,0.7170199854497559,0.8569364694435639,0.5999483950872122,4153.071428571428,0.14288663290056694
m197_06_fill_holes_and_orientation.obj,m197,Humanoid,10,0,0,19378,7,19388,9.867554734995318,0.8370091679640199,10,0,0,19378,1.0,1.0,1.0,1.0,0.0,0.0,0.0,0.0,1.0,1.0,1.0,1.0,1.0,1.0,1.0,1.0,,0.0
m198_06_fill_holes_and_orientation.obj,m198,Humanoid,0,10,7,19371,7,19388,3.005130680236659,0.786128203227321,0,10,7,19371,0.0,0.9994840307517672,0.0,0.9996387656104861,1.0,0.0005159692482328053,1.0,0.0003612343895138817,0.0,0.9991231689704972,,,,-0.0004317242596766064,-0.0005159692482328282,-0.00036123438951385367,0.0,1.0005162356099324
m199_06_fill_holes_and_orientation.obj,m199,Humanoid,3,7,4,19374,7,19388,3.218987114212626,0.7561933180122075,3,7,4,19374,0.42857142857142855,0.9996388215262371,0.3,0.9997935803488492,0.5714285714285714,0.00036117847376296373,0.7,0.00020641965115078957,0.21428571428571427,0.9994326387456158,0.3529411764705882,0.3191489361702127,0.3947368421052631,0.3582941305950396,0.42821025009766567,0.2997935803488492,1186.5918367346937,0.5716350336975917
m202_06_fill_holes_and_orientation.obj,m202,Humanoid,3,7,4,19374,7,19388,4.864170032706208,0.8131780215978452,3,7,4,19374,0.42857142857142855,0.9996388215262371,0.3,0.9997935803488492,0.5714285714285714,0.00036117847376296373,0.7,0.00020641965115078957,0.21428571428571427,0.9994326387456158,0.3529411764705882,0.3191489361702127,0.3947368421052631,0.3582941305950396,0.42821025009766567,0.2997935803488492,1186.5918367346937,0.5716350336975917
m203_06_fill_holes_and_orientation.obj,m203,Humanoid,2,8,5,19373,7,19388,3.0157421067434287,0.778297748782959,2,8,5,19373,0.2857142857142857,0.9995872246014138,0.2,0.9997419754360615,0.7142857142857143,0.00041277539858624424,0.8,0.0002580245639384869,0.13333333333333333,0.9993294821539096,0.23529411764705882,0.2127659574468085,0.26315789473684204,0.23871884564346754,0.2853015103156995,0.19974197543606143,692.1785714285714,0.7145806756089108
m204_06_fill_holes_and_orientation.obj,m204,Humanoid,0,10,7,19371,7,19388,1.1972434272599768,0.5617478439222082,0,10,7,19371,0.0,0.9994840307517672,0.0,0.9996387656104861,1.0,0.0005159692482328053,1.0,0.0003612343895138817,0.0,0.9991231689704972,,,,-0.0004317242596766064,-0.0005159692482328282,-0.00036123438951385367,0.0,1.0005162356099324
m205_06_fill_holes_and_orientation.obj,m205,Humanoid,4,6,3,19375,7,19388,3.2270861119882186,0.7485018657177454,4,6,3,19375,0.5714285714285714,0.9996904184510603,0.4,0.9998451852616369,0.42857142857142855,0.00030958154893968317,0.6,0.00015481473836309216,0.3076923076923077,0.9995357953373221,0.47058823529411764,0.425531914893617,0.5263157894736841,0.4778694155466117,0.5711189898796318,0.3998451852616369,1845.8095238095239,0.4287041474654378
m206_06_fill_holes_and_orientation.obj,m206,Humanoid,3,7,4,19374,7,19388,2.692324995113629,0.7524865940148764,3,7,4,19374,0.42857142857142855,0.9996388215262371,0.3,0.9997935803488492,0.5714285714285714,0.00036117847376296373,0.7,0.00020641965115078957,0.21428571428571427,0.9994326387456158,0.3529411764705882,0.3191489361702127,0.3947368421052631,0.3582941305950396,0.42821025009766567,0.2997935803488492,1186.5918367346937,0.5716350336975917
m207_06_fill_holes_and_orientation.obj,m207,Humanoid,3,7,4,19374,7,19388,5.0606963175818525,0.8084334148812612,3,7,4,19374,0.42857142857142855,0.9996388215262371,0.3,0.9997935803488492,0.5714285714285714,0.00036117847376296373,0.7,0.00020641965115078957,0.21428571428571427,0.9994326387456158,0.3529411764705882,0.3191489361702127,0.3947368421052631,0.3582941305950396,0.42821025009766567,0.2997935803488492,1186.5918367346937,0.5716350336975917
m208_06_fill_holes_and_orientation.obj,m208,Humanoid,3,7,4,19374,7,19388,6.097385418592592,0.8375559097536264,3,7,4,19374,0.42857142857142855,0.9996388215262371,0.3,0.9997935803488492,0.5714285714285714,0.00036117847376296373,0.7,0.00020641965115078957,0.21428571428571427,0.9994326387456158,0.3529411764705882,0.3191489361702127,0.3947368421052631,0.3582941305950396,0.42821025009766567,0.2997935803488492,1186.5918367346937,0.5716350336975917
m210_06_fill_holes_and_orientation.obj,m210,Humanoid,1,9,6,19372,7,19388,1.9953875887055883,0.7086484048731064,1,9,6,19372,0.14285714285714285,0.9995356276765904,0.1,0.9996903705232738,0.8571428571428571,0.0004643723234095248,0.9,0.0003096294767261843,0.0625,0.9992263255622035,0.11764705882352941,0.10638297872340426,0.13157894736842102,0.11914356069189547,0.14239277053373334,0.0996903705232739,307.6349206349206,0.857541075484499
m211_06_fill_holes_and_orientation.obj,m211,Humanoid,10,0,0,19378,7,19388,8.581785581038197,0.8281809869770429,10,0,0,19378,1.0,1.0,1.0,1.0,0.0,0.0,0.0,0.0,1.0,1.0,1.0,1.0,1.0,1.0,1.0,1.0,,0.0
m212_06_fill_holes_and_orientation.obj,m212,Humanoid,5,5,2,19376,7,19388,3.3225363206463023,0.7661335161983839,5,5,2,19376,0.7142857142857143,0.9997420153758836,0.5,0.9998967901744246,0.2857142857142857,0.00025798462411640266,0.5,0.00010320982557539478,0.4166666666666667,0.9996389519290283,0.588235294117647,0.5319148936170213,0.6578947368421053,0.5974447004981838,0.714027729661598,0.4998967901744247,2768.714285714286,0.28578801462781644
m213_06_fill_holes_and_orientation.obj,m213,Humanoid,9,1,0,19378,7,19388,7.3070502826076416,0.8198532137297057,9,1,0,19378,1.0,0.9999483977501419,0.9,1.0,0.0,5.1602249858093815e-05,0.1,0.0,0.9,0.9999484217041469,0.9473684210526316,0.9183673469387754,0.9782608695652175,0.9486588206384462,0.999948397750142,0.8999999999999999,19379.0,0.0
m214_06_fill_holes_and_orientation.obj,m214,Humanoid,1,9,6,19372,7,19388,3.314657136231608,0.7939246793683742,1,9,6,19372,0.14285714285714285,0.9995356276765904,0.1,0.9996903705232738,0.8571428571428571,0.0004643723234095248,0.9,0.0003096294767261843,0.0625,0.9992263255622035,0.11764705882352941,0.10638297872340426,0.13157894736842102,0.11914356069189547,0.14239277053373334,0.0996903705232739,307.6349206349206,0.857541075484499
m215_06_fill_holes_and_orientation.obj,m215,Humanoid,6,4,1,19377,7,19388,7.1717957505582515,0.8330645958435268,6,4,1,19377,0.8571428571428571,0.9997936123007068,0.6,0.9999483950872123,0.14285714285714285,0.00020638769929312212,0.4,5.160491278769739e-05,0.5454545454545454,0.9997421085207345,0.7058823529411764,0.6382978723404255,0.7894736842105262,0.7170199854497559,0.8569364694435639,0.5999483950872122,4153.071428571428,0.14288663290056694
m216_06_fill_holes_and_orientation.obj,m216,Humanoid,0,10,7,19371,7,19388,1.5923615836644678,0.6474473027405045,0,10,7,19371,0.0,0.9994840307517672,0.0,0.9996387656104861,1.0,0.0005159692482328053,1.0,0.0003612343895138817,0.0,0.9991231689704972,,,,-0.0004317242596766064,-0.0005159692482328282,-0.00036123438951385367,0.0,1.0005162356099324
m217_06_fill_holes_and_orientation.obj,m217,Humanoid,2,8,5,19373,7,19388,3.5399505088014562,0.7936374082585811,2,8,5,19373,0.2857142857142857,0.9995872246014138,0.2,0.9997419754360615,0.7142857142857143,0.00041277539858624424,0.8,0.0002580245639384869,0.13333333333333333,0.9993294821539096,0.23529411764705882,0.2127659574468085,0.26315789473684204,0.23871884564346754,0.2853015103156995,0.19974197543606143,692.1785714285714,0.7145806756089108
m218_06_fill_holes_and_orientation.obj,m218,Humanoid,6,4,1,19377,7,19388,3.2164212948772644,0.655209800578249,6,4,1,19377,0.8571428571428571,0.9997936123007068,0.6,0.9999483950872123,0.14285714285714285,0.00020638769929312212,0.4,5.160491278769739e-05,0.5454545454545454,0.9997421085207345,0.7058823529411764,0.6382978723404255,0.7894736842105262,0.7170199854497559,0.8569364694435639,0.5999483950872122,4153.071428571428,0.14288663290056694
m219_06_fill_holes_and_orientation.obj,m219,Humanoid,5,5,2,19376,7,19388,3.8239439211817454,0.7366249042429633,5,5,2,19376,0.7142857142857143,0.9997420153758836,0.5,0.9998967901744246,0.2857142857142857,0.00025798462411640266,0.5,0.00010320982557539478,0.4166666666666667,0.9996389519290283,0.588235294117647,0.5319148936170213,0.6578947368421053,0.5974447004981838,0.714027729661598,0.4998967901744247,2768.714285714286,0.28578801462781644
m220_06_fill_holes_and_orientation.obj,m220,Humanoid,7,3,0,19378,7,19388,5.37428574409974,0.7550071663330615,7,3,0,19378,1.0,0.9998452092255301,0.7,1.0,0.0,0.00015479077446984158,0.3,0.0,0.7,0.9998452651124407,0.8235294117647058,0.7446808510638298,0.9210526315789475,0.836595270401328,0.9998452092255301,0.7,6460.333333333334,0.0
m221_06_fill_holes_and_orientation.obj,m221,Humanoid,8,2,0,19378,7,19388,4.387008298569514,0.7255665109842588,8,2,0,19378,1.0,0.9998968008255934,0.8,1.0,0.0,0.00010319917440660474,0.2,0.0,0.8,0.9998968434082938,0.888888888888889,0.8333333333333334,0.9523809523809523,0.8943810377353014,0.9998968008255935,0.8,9690.0,0.0
m222_06_fill_holes_and_orientation.obj,m222,Humanoid,5,5,2,19376,7,19388,3.3128108562370087,0.6499369856920454,5,5,2,19376,0.7142857142857143,0.9997420153758836,0.5,0.9998967901744246,0.2857142857142857,0.00025798462411640266,0.5,0.00010320982557539478,0.4166666666666667,0.9996389519290283,0.588235294117647,0.5319148936170213,0.6578947368421053,0.5974447004981838,0.714027729661598,0.4998967901744247,2768.714285714286,0.28578801462781644
m223_06_fill_holes_and_orientation.obj,m223,Humanoid,9,1,0,19378,7,19388,6.245567118336603,0.781955049793659,9,1,0,19378,1.0,0.9999483977501419,0.9,1.0,0.0,5.1602249858093815e-05,0.1,0.0,0.9,0.9999484217041469,0.9473684210526316,0.9183673469387754,0.9782608695652175,0.9486588206384462,0.999948397750142,0.8999999999999999,19379.0,0.0
m224_06_fill_holes_and_orientation.obj,m224,Humanoid,9,1,0,19378,7,19388,5.742235935714436,0.7449866557936096,9,1,0,19378,1.0,0.9999483977501419,0.9,1.0,0.0,5.1602249858093815e-05,0.1,0.0,0.9,0.9999484217041469,0.9473684210526316,0.9183673469387754,0.9782608695652175,0.9486588206384462,0.999948397750142,0.8999999999999999,19379.0,0.0
m226_06_fill_holes_and_orientation.obj,m226,Humanoid,1,9,6,19372,7,19388,2.6344296975962536,0.6851632194133492,1,9,6,19372,0.14285714285714285,0.9995356276765904,0.1,0.9996903705232738,0.8571428571428571,0.0004643723234095248,0.9,0.0003096294767261843,0.0625,0.9992263255622035,0.11764705882352941,0.10638297872340426,0.13157894736842102,0.11914356069189547,0.14239277053373334,0.0996903705232739,307.6349206349206,0.857541075484499
m227_06_fill_holes_and_orientation.obj,m227,Humanoid,1,9,5,19373,6,19388,3.355754275460152,0.7423857711221489,1,9,5,19373,0.16666666666666666,0.9995356516355381,0.1,0.9997419754360615,0.8333333333333334,0.0004643483644618718,0.9,0.0002580245639384869,0.06666666666666667,0.9992779038580565,0.125,0.10869565217391304,0.14705882352941177,0.1287530486998851,0.16620231830220478,0.09974197543606156,358.9259259259259,0.8337204700700288
m228_06_fill_holes_and_orientation.obj,m228,Humanoid,8,2,0,19378,7,19388,4.8936014110939,0.7211091753774681,8,2,0,19378,1.0,0.9998968008255934,0.8,1.0,0.0,0.00010319917440660474,0.2,0.0,0.8,0.9998968434082938,0.888888888888889,0.8333333333333334,0.9523809523809523,0.8943810377353014,0.9998968008255935,0.8,9690.0,0.0
m229_06_fill_holes_and_orientation.obj,m229,Humanoid,10,0,0,19378,7,19388,6.227786033282647,0.7662663404749549,10,0,0,19378,1.0,1.0,1.0,1.0,0.0,0.0,0.0,0.0,1.0,1.0,1.0,1.0,1.0,1.0,1.0,1.0,,0.0
m230_06_fill_holes_and_orientation.obj,m230,Humanoid,7,3,0,19378,7,19388,5.760839496864798,0.791061235080436,7,3,0,19378,1.0,0.9998452092255301,0.7,1.0,0.0,0.00015479077446984158,0.3,0.0,0.7,0.9998452651124407,0.8235294117647058,0.7446808510638298,0.9210526315789475,0.836595270401328,0.9998452092255301,0.7,6460.333333333334,0.0
m231_06_fill_holes_and_orientation.obj,m231,Humanoid,2,8,5,19373,7,19388,2.276953975219296,0.6621660859465738,2,8,5,19373,0.2857142857142857,0.9995872246014138,0.2,0.9997419754360615,0.7142857142857143,0.00041277539858624424,0.8,0.0002580245639384869,0.13333333333333333,0.9993294821539096,0.23529411764705882,0.2127659574468085,0.26315789473684204,0.23871884564346754,0.2853015103156995,0.19974197543606143,692.1785714285714,0.7145806756089108
m232_06_fill_holes_and_orientation.obj,m232,Humanoid,2,8,5,19373,7,19388,3.265484140262829,0.7754250376850274,2,8,5,19373,0.2857142857142857,0.9995872246014138,0.2,0.9997419754360615,0.7142857142857143,0.00041277539858624424,0.8,0.0002580245639384869,0.13333333333333333,0.9993294821539096,0.23529411764705882,0.2127659574468085,0.26315789473684204,0.23871884564346754,0.2853015103156995,0.19974197543606143,692.1785714285714,0.7145806756089108
m233_06_fill_holes_and_orientation.obj,m233,Humanoid,9,1,0,19378,7,19388,6.049357925865016,0.7813063730941261,9,1,0,19378,1.0,0.9999483977501419,0.9,1.0,0.0,5.1602249858093815e-05,0.1,0.0,0.9,0.9999484217041469,0.9473684210526316,0.9183673469387754,0.9782608695652175,0.9486588206384462,0.999948397750142,0.8999999999999999,19379.0,0.0
m234_06_fill_holes_and_orientation.obj,m234,Humanoid,10,0,0,19378,7,19388,6.8695741039518765,0.8105153581930956,10,0,0,19378,1.0,1.0,1.0,1.0,0.0,0.0,0.0,0.0,1.0,1.0,1.0,1.0,1.0,1.0,1.0,1.0,,0.0
m235_06_fill_holes_and_orientation.obj,m235,Humanoid,5,5,2,19376,7,19388,4.774345101934019,0.8133293794944029,5,5,2,19376,0.7142857142857143,0.9997420153758836,0.5,0.9998967901744246,0.2857142857142857,0.00025798462411640266,0.5,0.00010320982557539478,0.4166666666666667,0.9996389519290283,0.588235294117647,0.5319148936170213,0.6578947368421053,0.5974447004981838,0.714027729661598,0.4998967901744247,2768.714285714286,0.28578801462781644
m236_06_fill_holes_and_orientation.obj,m236,Humanoid,9,1,0,19378,7,19388,5.265202402683854,0.7264067017569873,9,1,0,19378,1.0,0.9999483977501419,0.9,1.0,0.0,5.1602249858093815e-05,0.1,0.0,0.9,0.9999484217041469,0.9473684210526316,0.9183673469387754,0.9782608695652175,0.9486588206384462,0.999948397750142,0.8999999999999999,19379.0,0.0
m237_06_fill_holes_and_orientation.obj,m237,Humanoid,7,3,0,19378,7,19388,5.898695229320972,0.8023512985889736,7,3,0,19378,1.0,0.9998452092255301,0.7,1.0,0.0,0.00015479077446984158,0.3,0.0,0.7,0.9998452651124407,0.8235294117647058,0.7446808510638298,0.9210526315789475,0.836595270401328,0.9998452092255301,0.7,6460.333333333334,0.0
m238_06_fill_holes_and_orientation.obj,m238,Humanoid,10,0,0,19378,7,19388,6.661320185338652,0.7853250796945659,10,0,0,19378,1.0,1.0,1.0,1.0,0.0,0.0,0.0,0.0,1.0,1.0,1.0,1.0,1.0,1.0,1.0,1.0,,0.0
m239_06_fill_holes_and_orientation.obj,m239,Humanoid,10,0,0,19378,7,19388,6.388744547818417,0.8094496750438629,10,0,0,19378,1.0,1.0,1.0,1.0,0.0,0.0,0.0,0.0,1.0,1.0,1.0,1.0,1.0,1.0,1.0,1.0,,0.0
m240_06_fill_holes_and_orientation.obj,m240,Humanoid,9,1,0,19378,7,19388,6.5881368036765595,0.8197729013764303,9,1,0,19378,1.0,0.9999483977501419,0.9,1.0,0.0,5.1602249858093815e-05,0.1,0.0,0.9,0.9999484217041469,0.9473684210526316,0.9183673469387754,0.9782608695652175,0.9486588206384462,0.999948397750142,0.8999999999999999,19379.0,0.0
m241_06_fill_holes_and_orientation.obj,m241,Humanoid,9,1,0,19378,7,19388,5.904977920053084,0.7934180937554056,9,1,0,19378,1.0,0.9999483977501419,0.9,1.0,0.0,5.1602249858093815e-05,0.1,0.0,0.9,0.9999484217041469,0.9473684210526316,0.9183673469387754,0.9782608695652175,0.9486588206384462,0.999948397750142,0.8999999999999999,19379.0,0.0
m242_06_fill_holes_and_orientation.obj,m242,Humanoid,9,1,0,19378,7,19388,5.711471713358969,0.7849636741048263,9,1,0,19378,1.0,0.9999483977501419,0.9,1.0,0.0,5.1602249858093815e-05,0.1,0.0,0.9,0.9999484217041469,0.9473684210526316,0.9183673469387754,0.9782608695652175,0.9486588206384462,0.999948397750142,0.8999999999999999,19379.0,0.0
m243_06_fill_holes_and_orientation.obj,m243,Humanoid,10,0,0,19378,7,19388,5.988112405399887,0.7506116094595596,10,0,0,19378,1.0,1.0,1.0,1.0,0.0,0.0,0.0,0.0,1.0,1.0,1.0,1.0,1.0,1.0,1.0,1.0,,0.0
m244_06_fill_holes_and_orientation.obj,m244,Humanoid,10,0,0,19378,7,19388,6.656394937238616,0.7869900165567005,10,0,0,19378,1.0,1.0,1.0,1.0,0.0,0.0,0.0,0.0,1.0,1.0,1.0,1.0,1.0,1.0,1.0,1.0,,0.0
m245_06_fill_holes_and_orientation.obj,m245,Humanoid,10,0,0,19378,7,19388,6.565080355221967,0.7847258259816641,10,0,0,19378,1.0,1.0,1.0,1.0,0.0,0.0,0.0,0.0,1.0,1.0,1.0,1.0,1.0,1.0,1.0,1.0,,0.0
m246_06_fill_holes_and_orientation.obj,m246,Humanoid,10,0,0,19378,7,19388,6.524935877635505,0.8035714285714286,10,0,0,19378,1.0,1.0,1.0,1.0,0.0,0.0,0.0,0.0,1.0,1.0,1.0,1.0,1.0,1.0,1.0,1.0,,0.0
m248_06_fill_holes_and_orientation.obj,m248,Humanoid,9,1,0,19378,7,19388,5.683606456846355,0.7504478958163442,9,1,0,19378,1.0,0.9999483977501419,0.9,1.0,0.0,5.1602249858093815e-05,0.1,0.0,0.9,0.9999484217041469,0.9473684210526316,0.9183673469387754,0.9782608695652175,0.9486588206384462,0.999948397750142,0.8999999999999999,19379.0,0.0
m249_06_fill_holes_and_orientation.obj,m249,Humanoid,1,9,5,19373,6,19388,1.8719694204228092,0.6274618825215608,1,9,5,19373,0.16666666666666666,0.9995356516355381,0.1,0.9997419754360615,0.8333333333333334,0.0004643483644618718,0.9,0.0002580245639384869,0.06666666666666667,0.9992779038580565,0.125,0.10869565217391304,0.14705882352941177,0.1287530486998851,0.16620231830220478,0.09974197543606156,358.9259259259259,0.8337204700700288
m250_06_fill_holes_and_orientation.obj,m250,Humanoid,2,8,5,19373,7,19388,2.1828577672320524,0.6966818642350556,2,8,5,19373,0.2857142857142857,0.9995872246014138,0.2,0.9997419754360615,0.7142857142857143,0.00041277539858624424,0.8,0.0002580245639384869,0.13333333333333333,0.9993294821539096,0.23529411764705882,0.2127659574468085,0.26315789473684204,0.23871884564346754,0.2853015103156995,0.19974197543606143,692.1785714285714,0.7145806756089108
m251_06_fill_holes_and_orientation.obj,m251,Humanoid,4,6,2,19376,6,19388,3.674284729293882,0.6891695702671312,4,6,2,19376,0.6666666666666666,0.9996904344236921,0.4,0.9998967901744246,0.3333333333333333,0.00030956557630791457,0.6,0.00010320982557539478,0.3333333333333333,0.9995873736331752,0.5,0.43478260869565216,0.5882352941176471,0.5162112608573829,0.6663571010903588,0.3998967901744246,2153.555555555555,0.3334365538122763
m252_06_fill_holes_and_orientation.obj,m252,Humanoid,5,5,2,19376,7,19388,2.287412489439237,0.6423814466108186,5,5,2,19376,0.7142857142857143,0.9997420153758836,0.5,0.9998967901744246,0.2857142857142857,0.00025798462411640266,0.5,0.00010320982557539478,0.4166666666666667,0.9996389519290283,0.588235294117647,0.5319148936170213,0.6578947368421053,0.5974447004981838,0.714027729661598,0.4998967901744247,2768.714285714286,0.28578801462781644
m253_06_fill_holes_and_orientation.obj,m253,Humanoid,1,9,6,19372,7,19388,2.1700164828177257,0.7103658536585367,1,9,6,19372,0.14285714285714285,0.9995356276765904,0.1,0.9996903705232738,0.8571428571428571,0.0004643723234095248,0.9,0.0003096294767261843,0.0625,0.9992263255622035,0.11764705882352941,0.10638297872340426,0.13157894736842102,0.11914356069189547,0.14239277053373334,0.0996903705232739,307.6349206349206,0.857541075484499
m254_06_fill_holes_and_orientation.obj,m254,Humanoid,7,3,0,19378,7,19388,6.026480566638555,0.8199273482096523,7,3,0,19378,1.0,0.9998452092255301,0.7,1.0,0.0,0.00015479077446984158,0.3,0.0,0.7,0.9998452651124407,0.8235294117647058,0.7446808510638298,0.9210526315789475,0.836595270401328,0.9998452092255301,0.7,6460.333333333334,0.0
m255_06_fill_holes_and_orientation.obj,m255,Humanoid,9,1,0,19378,7,19388,6.162128219573262,0.811522351545704,9,1,0,19378,1.0,0.9999483977501419,0.9,1.0,0.0,5.1602249858093815e-05,0.1,0.0,0.9,0.9999484217041469,0.9473684210526316,0.9183673469387754,0.9782608695652175,0.9486588206384462,0.999948397750142,0.8999999999999999,19379.0,0.0
m256_06_fill_holes_and_orientation.obj,m256,Humanoid,0,10,6,19372,6,19388,1.7713603650328151,0.6513949637976624,0,10,6,19372,0.0,0.9994840573728201,0.0,0.9996903705232738,1.0,0.0005159426271798576,1.0,0.0003096294767261843,0.0,0.9991747472663504,,,,-0.00039968868594749107,-0.0005159426271799106,-0.000309629476726192,0.0,1.0005162089613877
m257_06_fill_holes_and_orientation.obj,m257,Humanoid,7,3,0,19378,7,19388,3.3078233796394962,0.6794826648874391,7,3,0,19378,1.0,0.9998452092255301,0.7,1.0,0.0,0.00015479077446984158,0.3,0.0,0.7,0.9998452651124407,0.8235294117647058,0.7446808510638298,0.9210526315789475,0.836595270401328,0.9998452092255301,0.7,6460.333333333334,0.0
m258_06_fill_holes_and_orientation.obj,m258,Humanoid,4,6,3,19375,7,19388,3.0118625457239445,0.7245131835816838,4,6,3,19375,0.5714285714285714,0.9996904184510603,0.4,0.9998451852616369,0.42857142857142855,0.00030958154893968317,0.6,0.00015481473836309216,0.3076923076923077,0.9995357953373221,0.47058823529411764,0.425531914893617,0.5263157894736841,0.4778694155466117,0.5711189898796318,0.3998451852616369,1845.8095238095239,0.4287041474654378
m259_06_fill_holes_and_orientation.obj,m259,Humanoid,1,9,6,19372,7,19388,1.3084545879825018,0.5637710974374182,1,9,6,19372,0.14285714285714285,0.9995356276765904,0.1,0.9996903705232738,0.8571428571428571,0.0004643723234095248,0.9,0.0003096294767261843,0.0625,0.9992263255622035,0.11764705882352941,0.10638297872340426,0.13157894736842102,0.11914356069189547,0.14239277053373334,0.0996903705232739,307.6349206349206,0.857541075484499
m260_06_fill_holes_and_orientation.obj,m260,Humanoid,0,10,7,19371,7,19388,2.8921721263338016,0.7721600316307115,0,10,7,19371,0.0,0.9994840307517672,0.0,0.9996387656104861,1.0,0.0005159692482328053,1.0,0.0003612343895138817,0.0,0.9991231689704972,,,,-0.0004317242596766064,-0.0005159692482328282,-0.00036123438951385367,0.0,1.0005162356099324
m261_06_fill_holes_and_orientation.obj,m261,Humanoid,10,0,0,19378,7,19388,7.914833361816717,0.8390663997825388,10,0,0,19378,1.0,1.0,1.0,1.0,0.0,0.0,0.0,0.0,1.0,1.0,1.0,1.0,1.0,1.0,1.0,1.0,,0.0
m262_06_fill_holes_and_orientation.obj,m262,Humanoid,10,0,0,19378,7,19388,8.34861886009165,0.8437430498925049,10,0,0,19378,1.0,1.0,1.0,1.0,0.0,0.0,0.0,0.0,1.0,1.0,1.0,1.0,1.0,1.0,1.0,1.0,,0.0
m263_06_fill_holes_and_orientation.obj,m263,Humanoid,6,4,1,19377,7,19388,4.217566571381139,0.7927385276892283,6,4,1,19377,0.8571428571428571,0.9997936123007068,0.6,0.9999483950872123,0.14285714285714285,0.00020638769929312212,0.4,5.160491278769739e-05,0.5454545454545454,0.9997421085207345,0.7058823529411764,0.6382978723404255,0.7894736842105262,0.7170199854497559,0.8569364694435639,0.5999483950872122,4153.071428571428,0.14288663290056694
m264_06_fill_holes_and_orientation.obj,m264,Humanoid,7,3,0,19378,7,19388,7.171413104694521,0.8329317715669557,7,3,0,19378,1.0,0.9998452092255301,0.7,1.0,0.0,0.00015479077446984158,0.3,0.0,0.7,0.9998452651124407,0.8235294117647058,0.7446808510638298,0.9210526315789475,0.836595270401328,0.9998452092255301,0.7,6460.333333333334,0.0
m265_06_fill_holes_and_orientation.obj,m265,Humanoid,3,7,4,19374,7,19388,3.6994376220161906,0.7920373390663997,3,7,4,19374,0.42857142857142855,0.9996388215262371,0.3,0.9997935803488492,0.5714285714285714,0.00036117847376296373,0.7,0.00020641965115078957,0.21428571428571427,0.9994326387456158,0.3529411764705882,0.3191489361702127,0.3947368421052631,0.3582941305950396,0.42821025009766567,0.2997935803488492,1186.5918367346937,0.5716350336975917
m266_06_fill_holes_and_orientation.obj,m266,Humanoid,0,10,7,19371,7,19388,1.288865036355616,0.5711443892554426,0,10,7,19371,0.0,0.9994840307517672,0.0,0.9996387656104861,1.0,0.0005159692482328053,1.0,0.0003612343895138817,0.0,0.9991231689704972,,,,-0.0004317242596766064,-0.0005159692482328282,-0.00036123438951385367,0.0,1.0005162356099324
D00081_06_fill_holes_and_orientation.obj,d00081,Insect,1,9,6,19372,7,19388,0.8395608460897399,0.7414138221660346,1,9,6,19372,0.14285714285714285,0.9995356276765904,0.1,0.9996903705232738,0.8571428571428571,0.0004643723234095248,0.9,0.0003096294767261843,0.0625,0.9992263255622035,0.11764705882352941,0.10638297872340426,0.13157894736842102,0.11914356069189547,0.14239277053373334,0.0996903705232739,307.6349206349206,0.857541075484499
D00082_06_fill_holes_and_orientation.obj,d00082,Insect,1,9,6,19372,7,19388,0.5392599823668357,0.698713390223346,1,9,6,19372,0.14285714285714285,0.9995356276765904,0.1,0.9996903705232738,0.8571428571428571,0.0004643723234095248,0.9,0.0003096294767261843,0.0625,0.9992263255622035,0.11764705882352941,0.10638297872340426,0.13157894736842102,0.11914356069189547,0.14239277053373334,0.0996903705232739,307.6349206349206,0.857541075484499
D00102_06_fill_holes_and_orientation.obj,d00102,Insect,5,5,2,19376,7,19388,1.4204739206625145,0.7591787821323219,5,5,2,19376,0.7142857142857143,0.9997420153758836,0.5,0.9998967901744246,0.2857142857142857,0.00025798462411640266,0.5,0.00010320982557539478,0.4166666666666667,0.9996389519290283,0.588235294117647,0.5319148936170213,0.6578947368421053,0.5974447004981838,0.714027729661598,0.4998967901744247,2768.714285714286,0.28578801462781644
D00109_06_fill_holes_and_orientation.obj,d00109,Insect,1,9,6,19372,7,19388,0.7147682915181438,0.720613411293721,1,9,6,19372,0.14285714285714285,0.9995356276765904,0.1,0.9996903705232738,0.8571428571428571,0.0004643723234095248,0.9,0.0003096294767261843,0.0625,0.9992263255622035,0.11764705882352941,0.10638297872340426,0.13157894736842102,0.11914356069189547,0.14239277053373334,0.0996903705232739,307.6349206349206,0.857541075484499
D00117_06_fill_holes_and_orientation.obj,d00117,Insect,1,9,6,19372,7,19388,0.6275420499366587,0.7023677833965445,1,9,6,19372,0.14285714285714285,0.9995356276765904,0.1,0.9996903705232738,0.8571428571428571,0.0004643723234095248,0.9,0.0003096294767261843,0.0625,0.9992263255622035,0.11764705882352941,0.10638297872340426,0.13157894736842102,0.11914356069189547,0.14239277053373334,0.0996903705232739,307.6349206349206,0.857541075484499
D00136_06_fill_holes_and_orientation.obj,d00136,Insect,1,9,6,19372,7,19388,0.4767823122336227,0.6892778128950695,1,9,6,19372,0.14285714285714285,0.9995356276765904,0.1,0.9996903705232738,0.8571428571428571,0.0004643723234095248,0.9,0.0003096294767261843,0.0625,0.9992263255622035,0.11764705882352941,0.10638297872340426,0.13157894736842102,0.11914356069189547,0.14239277053373334,0.0996903705232739,307.6349206349206,0.857541075484499
D00160_06_fill_holes_and_orientation.obj,d00160,Insect,0,10,7,19371,7,19388,0.18486270252205614,0.39574773493468185,0,10,7,19371,0.0,0.9994840307517672,0.0,0.9996387656104861,1.0,0.0005159692482328053,1.0,0.0003612343895138817,0.0,0.9991231689704972,,,,-0.0004317242596766064,-0.0005159692482328282,-0.00036123438951385367,0.0,1.0005162356099324
D00180_06_fill_holes_and_orientation.obj,d00180,Insect,5,5,2,19376,7,19388,1.4049745028701486,0.749321797302992,5,5,2,19376,0.7142857142857143,0.9997420153758836,0.5,0.9998967901744246,0.2857142857142857,0.00025798462411640266,0.5,0.00010320982557539478,0.4166666666666667,0.9996389519290283,0.588235294117647,0.5319148936170213,0.6578947368421053,0.5974447004981838,0.714027729661598,0.4998967901744247,2768.714285714286,0.28578801462781644
D00231_06_fill_holes_and_orientation.obj,d00231,Insect,0,10,7,19371,7,19388,0.49778427050778,0.6993652549515381,0,10,7,19371,0.0,0.9994840307517672,0.0,0.9996387656104861,1.0,0.0005159692482328053,1.0,0.0003612343895138817,0.0,0.9991231689704972,,,,-0.0004317242596766064,-0.0005159692482328282,-0.00036123438951385367,0.0,1.0005162356099324
D00291_06_fill_holes_and_orientation.obj,d00291,Insect,0,10,7,19371,7,19388,0.28308728294472685,0.5731471238938053,0,10,7,19371,0.0,0.9994840307517672,0.0,0.9996387656104861,1.0,0.0005159692482328053,1.0,0.0003612343895138817,0.0,0.9991231689704972,,,,-0.0004317242596766064,-0.0005159692482328282,-0.00036123438951385367,0.0,1.0005162356099324
D00294_06_fill_holes_and_orientation.obj,d00294,Insect,0,10,7,19371,7,19388,0.2358958716106731,0.49917693847450484,0,10,7,19371,0.0,0.9994840307517672,0.0,0.9996387656104861,1.0,0.0005159692482328053,1.0,0.0003612343895138817,0.0,0.9991231689704972,,,,-0.0004317242596766064,-0.0005159692482328282,-0.00036123438951385367,0.0,1.0005162356099324
D00309_06_fill_holes_and_orientation.obj,d00309,Insect,2,8,5,19373,7,19388,0.7410568578846016,0.7555507269279393,2,8,5,19373,0.2857142857142857,0.9995872246014138,0.2,0.9997419754360615,0.7142857142857143,0.00041277539858624424,0.8,0.0002580245639384869,0.13333333333333333,0.9993294821539096,0.23529411764705882,0.2127659574468085,0.26315789473684204,0.23871884564346754,0.2853015103156995,0.19974197543606143,692.1785714285714,0.7145806756089108
D00315_06_fill_holes_and_orientation.obj,d00315,Insect,2,8,5,19373,7,19388,0.45834120277857243,0.6375961335861778,2,8,5,19373,0.2857142857142857,0.9995872246014138,0.2,0.9997419754360615,0.7142857142857143,0.00041277539858624424,0.8,0.0002580245639384869,0.13333333333333333,0.9993294821539096,0.23529411764705882,0.2127659574468085,0.26315789473684204,0.23871884564346754,0.2853015103156995,0.19974197543606143,692.1785714285714,0.7145806756089108
D00333_06_fill_holes_and_orientation.obj,d00333,Insect,2,8,5,19373,7,19388,0.5050149227221085,0.576768594605984,2,8,5,19373,0.2857142857142857,0.9995872246014138,0.2,0.9997419754360615,0.7142857142857143,0.00041277539858624424,0.8,0.0002580245639384869,0.13333333333333333,0.9993294821539096,0.23529411764705882,0.2127659574468085,0.26315789473684204,0.23871884564346754,0.2853015103156995,0.19974197543606143,692.1785714285714,0.7145806756089108
D00399_06_fill_holes_and_orientation.obj,d00399,Insect,3,7,4,19374,7,19388,0.963316021017682,0.710598398651496,3,7,4,19374,0.42857142857142855,0.9996388215262371,0.3,0.9997935803488492,0.5714285714285714,0.00036117847376296373,0.7,0.00020641965115078957,0.21428571428571427,0.9994326387456158,0.3529411764705882,0.3191489361702127,0.3947368421052631,0.3582941305950396,0.42821025009766567,0.2997935803488492,1186.5918367346937,0.5716350336975917
D00430_06_fill_holes_and_orientation.obj,d00430,Insect,1,9,6,19372,7,19388,0.3954374245576832,0.46688658870627897,1,9,6,19372,0.14285714285714285,0.9995356276765904,0.1,0.9996903705232738,0.8571428571428571,0.0004643723234095248,0.9,0.0003096294767261843,0.0625,0.9992263255622035,0.11764705882352941,0.10638297872340426,0.13157894736842102,0.11914356069189547,0.14239277053373334,0.0996903705232739,307.6349206349206,0.857541075484499
D00510_06_fill_holes_and_orientation.obj,d00510,Insect,3,7,4,19374,7,19388,1.0902500909732449,0.740656605562579,3,7,4,19374,0.42857142857142855,0.9996388215262371,0.3,0.9997935803488492,0.5714285714285714,0.00036117847376296373,0.7,0.00020641965115078957,0.21428571428571427,0.9994326387456158,0.3529411764705882,0.3191489361702127,0.3947368421052631,0.3582941305950396,0.42821025009766567,0.2997935803488492,1186.5918367346937,0.5716350336975917
D00590_06_fill_holes_and_orientation.obj,d00590,Insect,7,3,0,19378,7,19388,1.661551719139373,0.7587771281078803,7,3,0,19378,1.0,0.9998452092255301,0.7,1.0,0.0,0.00015479077446984158,0.3,0.0,0.7,0.9998452651124407,0.8235294117647058,0.7446808510638298,0.9210526315789475,0.836595270401328,0.9998452092255301,0.7,6460.333333333334,0.0
D00615_06_fill_holes_and_orientation.obj,d00615,Insect,3,7,4,19374,7,19388,1.1544513753664976,0.7520806995364517,3,7,4,19374,0.42857142857142855,0.9996388215262371,0.3,0.9997935803488492,0.5714285714285714,0.00036117847376296373,0.7,0.00020641965115078957,0.21428571428571427,0.9994326387456158,0.3529411764705882,0.3191489361702127,0.3947368421052631,0.3582941305950396,0.42821025009766567,0.2997935803488492,1186.5918367346937,0.5716350336975917
D00662_06_fill_holes_and_orientation.obj,d00662,Insect,3,7,4,19374,7,19388,0.8926498370350845,0.6773467130214917,3,7,4,19374,0.42857142857142855,0.9996388215262371,0.3,0.9997935803488492,0.5714285714285714,0.00036117847376296373,0.7,0.00020641965115078957,0.21428571428571427,0.9994326387456158,0.3529411764705882,0.3191489361702127,0.3947368421052631,0.3582941305950396,0.42821025009766567,0.2997935803488492,1186.5918367346937,0.5716350336975917
D00668_06_fill_holes_and_orientation.obj,d00668,Insect,4,6,3,19375,7,19388,0.9413848959928119,0.7461217340918668,4,6,3,19375,0.5714285714285714,0.9996904184510603,0.4,0.9998451852616369,0.42857142857142855,0.00030958154893968317,0.6,0.00015481473836309216,0.3076923076923077,0.9995357953373221,0.47058823529411764,0.425531914893617,0.5263157894736841,0.4778694155466117,0.5711189898796318,0.3998451852616369,1845.8095238095239,0.4287041474654378
D00672_06_fill_holes_and_orientation.obj,d00672,Insect,4,6,3,19375,7,19388,0.8239841263876289,0.6422579540665825,4,6,3,19375,0.5714285714285714,0.9996904184510603,0.4,0.9998451852616369,0.42857142857142855,0.00030958154893968317,0.6,0.00015481473836309216,0.3076923076923077,0.9995357953373221,0.47058823529411764,0.425531914893617,0.5263157894736841,0.4778694155466117,0.5711189898796318,0.3998451852616369,1845.8095238095239,0.4287041474654378
D00695_06_fill_holes_and_orientation.obj,d00695,Insect,2,8,5,19373,7,19388,0.5234465507618161,0.6884086599241466,2,8,5,19373,0.2857142857142857,0.9995872246014138,0.2,0.9997419754360615,0.7142857142857143,0.00041277539858624424,0.8,0.0002580245639384869,0.13333333333333333,0.9993294821539096,0.23529411764705882,0.2127659574468085,0.26315789473684204,0.23871884564346754,0.2853015103156995,0.19974197543606143,692.1785714285714,0.7145806756089108
D00713_06_fill_holes_and_orientation.obj,d00713,Insect,0,10,7,19371,7,19388,0.49180023930197336,0.5880544142435735,0,10,7,19371,0.0,0.9994840307517672,0.0,0.9996387656104861,1.0,0.0005159692482328053,1.0,0.0003612343895138817,0.0,0.9991231689704972,,,,-0.0004317242596766064,-0.0005159692482328282,-0.00036123438951385367,0.0,1.0005162356099324
D00732_06_fill_holes_and_orientation.obj,d00732,Insect,4,6,3,19375,7,19388,1.1560296589241337,0.7475439844079225,4,6,3,19375,0.5714285714285714,0.9996904184510603,0.4,0.9998451852616369,0.42857142857142855,0.00030958154893968317,0.6,0.00015481473836309216,0.3076923076923077,0.9995357953373221,0.47058823529411764,0.425531914893617,0.5263157894736841,0.4778694155466117,0.5711189898796318,0.3998451852616369,1845.8095238095239,0.4287041474654378
D00734_06_fill_holes_and_orientation.obj,d00734,Insect,3,7,4,19374,7,19388,0.7577906624434722,0.7300819110830172,3,7,4,19374,0.42857142857142855,0.9996388215262371,0.3,0.9997935803488492,0.5714285714285714,0.00036117847376296373,0.7,0.00020641965115078957,0.21428571428571427,0.9994326387456158,0.3529411764705882,0.3191489361702127,0.3947368421052631,0.3582941305950396,0.42821025009766567,0.2997935803488492,1186.5918367346937,0.5716350336975917
D00746_06_fill_holes_and_orientation.obj,d00746,Insect,2,8,5,19373,7,19388,0.5011050788885932,0.5539796670880741,2,8,5,19373,0.2857142857142857,0.9995872246014138,0.2,0.9997419754360615,0.7142857142857143,0.00041277539858624424,0.8,0.0002580245639384869,0.13333333333333333,0.9993294821539096,0.23529411764705882,0.2127659574468085,0.26315789473684204,0.23871884564346754,0.2853015103156995,0.19974197543606143,692.1785714285714,0.7145806756089108
D00752_06_fill_holes_and_orientation.obj,d00752,Insect,2,8,5,19373,7,19388,0.7684946091934143,0.5823061525495153,2,8,5,19373,0.2857142857142857,0.9995872246014138,0.2,0.9997419754360615,0.7142857142857143,0.00041277539858624424,0.8,0.0002580245639384869,0.13333333333333333,0.9993294821539096,0.23529411764705882,0.2127659574468085,0.26315789473684204,0.23871884564346754,0.2853015103156995,0.19974197543606143,692.1785714285714,0.7145806756089108
D00753_06_fill_holes_and_orientation.obj,d00753,Insect,1,9,6,19372,7,19388,0.4873121389708008,0.5691108301727771,1,9,6,19372,0.14285714285714285,0.9995356276765904,0.1,0.9996903705232738,0.8571428571428571,0.0004643723234095248,0.9,0.0003096294767261843,0.0625,0.9992263255622035,0.11764705882352941,0.10638297872340426,0.13157894736842102,0.11914356069189547,0.14239277053373334,0.0996903705232739,307.6349206349206,0.857541075484499
D00774_06_fill_holes_and_orientation.obj,d00774,Insect,3,7,4,19374,7,19388,0.9665241326099633,0.7429085018963337,3,7,4,19374,0.42857142857142855,0.9996388215262371,0.3,0.9997935803488492,0.5714285714285714,0.00036117847376296373,0.7,0.00020641965115078957,0.21428571428571427,0.9994326387456158,0.3529411764705882,0.3191489361702127,0.3947368421052631,0.3582941305950396,0.42821025009766567,0.2997935803488492,1186.5918367346937,0.5716350336975917
D00786_06_fill_holes_and_orientation.obj,d00786,Insect,4,6,3,19375,7,19388,1.1370482700644444,0.6547421512852929,4,6,3,19375,0.5714285714285714,0.9996904184510603,0.4,0.9998451852616369,0.42857142857142855,0.00030958154893968317,0.6,0.00015481473836309216,0.3076923076923077,0.9995357953373221,0.47058823529411764,0.425531914893617,0.5263157894736841,0.4778694155466117,0.5711189898796318,0.3998451852616369,1845.8095238095239,0.4287041474654378
D00787_06_fill_holes_and_orientation.obj,d00787,Insect,0,10,7,19371,7,19388,0.5247615171003358,0.710427201854193,0,10,7,19371,0.0,0.9994840307517672,0.0,0.9996387656104861,1.0,0.0005159692482328053,1.0,0.0003612343895138817,0.0,0.9991231689704972,,,,-0.0004317242596766064,-0.0005159692482328282,-0.00036123438951385367,0.0,1.0005162356099324
D00788_06_fill_holes_and_orientation.obj,d00788,Insect,3,7,4,19374,7,19388,1.059247223782389,0.6839048672566371,3,7,4,19374,0.42857142857142855,0.9996388215262371,0.3,0.9997935803488492,0.5714285714285714,0.00036117847376296373,0.7,0.00020641965115078957,0.21428571428571427,0.9994326387456158,0.3529411764705882,0.3191489361702127,0.3947368421052631,0.3582941305950396,0.42821025009766567,0.2997935803488492,1186.5918367346937,0.5716350336975917
D00806_06_fill_holes_and_orientation.obj,d00806,Insect,4,6,3,19375,7,19388,1.1082854794192738,0.6916218921196797,4,6,3,19375,0.5714285714285714,0.9996904184510603,0.4,0.9998451852616369,0.42857142857142855,0.00030958154893968317,0.6,0.00015481473836309216,0.3076923076923077,0.9995357953373221,0.47058823529411764,0.425531914893617,0.5263157894736841,0.4778694155466117,0.5711189898796318,0.3998451852616369,1845.8095238095239,0.4287041474654378
D00814_06_fill_holes_and_orientation.obj,d00814,Insect,3,7,4,19374,7,19388,0.9094413161236101,0.725571533923304,3,7,4,19374,0.42857142857142855,0.9996388215262371,0.3,0.9997935803488492,0.5714285714285714,0.00036117847376296373,0.7,0.00020641965115078957,0.21428571428571427,0.9994326387456158,0.3529411764705882,0.3191489361702127,0.3947368421052631,0.3582941305950396,0.42821025009766567,0.2997935803488492,1186.5918367346937,0.5716350336975917
D00855_06_fill_holes_and_orientation.obj,d00855,Insect,1,9,6,19372,7,19388,0.6981050640375589,0.7226216814159292,1,9,6,19372,0.14285714285714285,0.9995356276765904,0.1,0.9996903705232738,0.8571428571428571,0.0004643723234095248,0.9,0.0003096294767261843,0.0625,0.9992263255622035,0.11764705882352941,0.10638297872340426,0.13157894736842102,0.11914356069189547,0.14239277053373334,0.0996903705232739,307.6349206349206,0.857541075484499
D00884_06_fill_holes_and_orientation.obj,d00884,Insect,3,7,4,19374,7,19388,0.9022032641826259,0.6776759376316899,3,7,4,19374,0.42857142857142855,0.9996388215262371,0.3,0.9997935803488492,0.5714285714285714,0.00036117847376296373,0.7,0.00020641965115078957,0.21428571428571427,0.9994326387456158,0.3529411764705882,0.3191489361702127,0.3947368421052631,0.3582941305950396,0.42821025009766567,0.2997935803488492,1186.5918367346937,0.5716350336975917
D00895_06_fill_holes_and_orientation.obj,d00895,Insect,1,9,6,19372,7,19388,0.5855618228527298,0.7191450695322377,1,9,6,19372,0.14285714285714285,0.9995356276765904,0.1,0.9996903705232738,0.8571428571428571,0.0004643723234095248,0.9,0.0003096294767261843,0.0625,0.9992263255622035,0.11764705882352941,0.10638297872340426,0.13157894736842102,0.11914356069189547,0.14239277053373334,0.0996903705232739,307.6349206349206,0.857541075484499
D00973_06_fill_holes_and_orientation.obj,d00973,Insect,0,10,6,19372,6,19388,0.4603780635347226,0.6106063000421407,0,10,6,19372,0.0,0.9994840573728201,0.0,0.9996903705232738,1.0,0.0005159426271798576,1.0,0.0003096294767261843,0.0,0.9991747472663504,,,,-0.00039968868594749107,-0.0005159426271799106,-0.000309629476726192,0.0,1.0005162089613877
D00989_06_fill_holes_and_orientation.obj,d00989,Insect,2,8,5,19373,7,19388,0.6393325463687691,0.7038756321112516,2,8,5,19373,0.2857142857142857,0.9995872246014138,0.2,0.9997419754360615,0.7142857142857143,0.00041277539858624424,0.8,0.0002580245639384869,0.13333333333333333,0.9993294821539096,0.23529411764705882,0.2127659574468085,0.26315789473684204,0.23871884564346754,0.2853015103156995,0.19974197543606143,692.1785714285714,0.7145806756089108
m0_06_fill_holes_and_orientation.obj,m0,Insect,4,6,3,19375,7,19388,0.9005365370100876,0.6091182048040455,4,6,3,19375,0.5714285714285714,0.9996904184510603,0.4,0.9998451852616369,0.42857142857142855,0.00030958154893968317,0.6,0.00015481473836309216,0.3076923076923077,0.9995357953373221,0.47058823529411764,0.425531914893617,0.5263157894736841,0.4778694155466117,0.5711189898796318,0.3998451852616369,1845.8095238095239,0.4287041474654378
m10_06_fill_holes_and_orientation.obj,m10,Insect,3,7,4,19374,7,19388,1.1529822231792457,0.7812368310155922,3,7,4,19374,0.42857142857142855,0.9996388215262371,0.3,0.9997935803488492,0.5714285714285714,0.00036117847376296373,0.7,0.00020641965115078957,0.21428571428571427,0.9994326387456158,0.3529411764705882,0.3191489361702127,0.3947368421052631,0.3582941305950396,0.42821025009766567,0.2997935803488492,1186.5918367346937,0.5716350336975917
m11_06_fill_holes_and_orientation.obj,m11,Insect,2,8,5,19373,7,19388,0.8584693891451974,0.7366137273493468,2,8,5,19373,0.2857142857142857,0.9995872246014138,0.2,0.9997419754360615,0.7142857142857143,0.00041277539858624424,0.8,0.0002580245639384869,0.13333333333333333,0.9993294821539096,0.23529411764705882,0.2127659574468085,0.26315789473684204,0.23871884564346754,0.2853015103156995,0.19974197543606143,692.1785714285714,0.7145806756089108
m12_06_fill_holes_and_orientation.obj,m12,Insect,1,9,6,19372,7,19388,0.6050470280309613,0.7087942477876106,1,9,6,19372,0.14285714285714285,0.9995356276765904,0.1,0.9996903705232738,0.8571428571428571,0.0004643723234095248,0.9,0.0003096294767261843,0.0625,0.9992263255622035,0.11764705882352941,0.10638297872340426,0.13157894736842102,0.11914356069189547,0.14239277053373334,0.0996903705232739,307.6349206349206,0.857541075484499
m13_06_fill_holes_and_orientation.obj,m13,Insect,1,9,6,19372,7,19388,0.8557874407330935,0.7388919616519174,1,9,6,19372,0.14285714285714285,0.9995356276765904,0.1,0.9996903705232738,0.8571428571428571,0.0004643723234095248,0.9,0.0003096294767261843,0.0625,0.9992263255622035,0.11764705882352941,0.10638297872340426,0.13157894736842102,0.11914356069189547,0.14239277053373334,0.0996903705232739,307.6349206349206,0.857541075484499
m14_06_fill_holes_and_orientation.obj,m14,Insect,4,6,3,19375,7,19388,1.154664978328627,0.7585795933417614,4,6,3,19375,0.5714285714285714,0.9996904184510603,0.4,0.9998451852616369,0.42857142857142855,0.00030958154893968317,0.6,0.00015481473836309216,0.3076923076923077,0.9995357953373221,0.47058823529411764,0.425531914893617,0.5263157894736841,0.4778694155466117,0.5711189898796318,0.3998451852616369,1845.8095238095239,0.4287041474654378
m15_06_fill_holes_and_orientation.obj,m15,Insect,2,8,5,19373,7,19388,0.8220367615099095,0.7364096080910241,2,8,5,19373,0.2857142857142857,0.9995872246014138,0.2,0.9997419754360615,0.7142857142857143,0.00041277539858624424,0.8,0.0002580245639384869,0.13333333333333333,0.9993294821539096,0.23529411764705882,0.2127659574468085,0.26315789473684204,0.23871884564346754,0.2853015103156995,0.19974197543606143,692.1785714285714,0.7145806756089108
m16_06_fill_holes_and_orientation.obj,m16,Insect,3,7,4,19374,7,19388,1.1293732278012405,0.767837389380531,3,7,4,19374,0.42857142857142855,0.9996388215262371,0.3,0.9997935803488492,0.5714285714285714,0.00036117847376296373,0.7,0.00020641965115078957,0.21428571428571427,0.9994326387456158,0.3529411764705882,0.3191489361702127,0.3947368421052631,0.3582941305950396,0.42821025009766567,0.2997935803488492,1186.5918367346937,0.5716350336975917
m17_06_fill_holes_and_orientation.obj,m17,Insect,1,9,6,19372,7,19388,0.8316612139978891,0.7746852612726507,1,9,6,19372,0.14285714285714285,0.9995356276765904,0.1,0.9996903705232738,0.8571428571428571,0.0004643723234095248,0.9,0.0003096294767261843,0.0625,0.9992263255622035,0.11764705882352941,0.10638297872340426,0.13157894736842102,0.11914356069189547,0.14239277053373334,0.0996903705232739,307.6349206349206,0.857541075484499
m18_06_fill_holes_and_orientation.obj,m18,Insect,1,9,6,19372,7,19388,0.35513698792485787,0.5286030341340076,1,9,6,19372,0.14285714285714285,0.9995356276765904,0.1,0.9996903705232738,0.8571428571428571,0.0004643723234095248,0.9,0.0003096294767261843,0.0625,0.9992263255622035,0.11764705882352941,0.10638297872340426,0.13157894736842102,0.11914356069189547,0.14239277053373334,0.0996903705232739,307.6349206349206,0.857541075484499
m19_06_fill_holes_and_orientation.obj,m19,Insect,3,7,4,19374,7,19388,0.7855649269596255,0.63010298145807,3,7,4,19374,0.42857142857142855,0.9996388215262371,0.3,0.9997935803488492,0.5714285714285714,0.00036117847376296373,0.7,0.00020641965115078957,0.21428571428571427,0.9994326387456158,0.3529411764705882,0.3191489361702127,0.3947368421052631,0.3582941305950396,0.42821025009766567,0.2997935803488492,1186.5918367346937,0.5716350336975917
m1_06_fill_holes_and_orientation.obj,m1,Insect,0,10,7,19371,7,19388,0.4874927448024215,0.6833320164348925,0,10,7,19371,0.0,0.9994840307517672,0.0,0.9996387656104861,1.0,0.0005159692482328053,1.0,0.0003612343895138817,0.0,0.9991231689704972,,,,-0.0004317242596766064,-0.0005159692482328282,-0.00036123438951385367,0.0,1.0005162356099324
m20_06_fill_holes_and_orientation.obj,m20,Insect,3,7,4,19374,7,19388,1.1378339339813468,0.7285411399072903,3,7,4,19374,0.42857142857142855,0.9996388215262371,0.3,0.9997935803488492,0.5714285714285714,0.00036117847376296373,0.7,0.00020641965115078957,0.21428571428571427,0.9994326387456158,0.3529411764705882,0.3191489361702127,0.3947368421052631,0.3582941305950396,0.42821025009766567,0.2997935803488492,1186.5918367346937,0.5716350336975917
m21_06_fill_holes_and_orientation.obj,m21,Insect,1,9,6,19372,7,19388,0.8639304511758004,0.7579540665823852,1,9,6,19372,0.14285714285714285,0.9995356276765904,0.1,0.9996903705232738,0.8571428571428571,0.0004643723234095248,0.9,0.0003096294767261843,0.0625,0.9992263255622035,0.11764705882352941,0.10638297872340426,0.13157894736842102,0.11914356069189547,0.14239277053373334,0.0996903705232739,307.6349206349206,0.857541075484499
m22_06_fill_holes_and_orientation.obj,m22,Insect,2,8,5,19373,7,19388,0.5449047266293754,0.7012023282764434,2,8,5,19373,0.2857142857142857,0.9995872246014138,0.2,0.9997419754360615,0.7142857142857143,0.00041277539858624424,0.8,0.0002580245639384869,0.13333333333333333,0.9993294821539096,0.23529411764705882,0.2127659574468085,0.26315789473684204,0.23871884564346754,0.2853015103156995,0.19974197543606143,692.1785714285714,0.7145806756089108
m23_06_fill_holes_and_orientation.obj,m23,Insect,2,8,5,19373,7,19388,0.7638512762046427,0.6961125158027813,2,8,5,19373,0.2857142857142857,0.9995872246014138,0.2,0.9997419754360615,0.7142857142857143,0.00041277539858624424,0.8,0.0002580245639384869,0.13333333333333333,0.9993294821539096,0.23529411764705882,0.2127659574468085,0.26315789473684204,0.23871884564346754,0.2853015103156995,0.19974197543606143,692.1785714285714,0.7145806756089108
m24_06_fill_holes_and_orientation.obj,m24,Insect,2,8,5,19373,7,19388,0.636058695261388,0.5490610514117151,2,8,5,19373,0.2857142857142857,0.9995872246014138,0.2,0.9997419754360615,0.7142857142857143,0.00041277539858624424,0.8,0.0002580245639384869,0.13333333333333333,0.9993294821539096,0.23529411764705882,0.2127659574468085,0.26315789473684204,0.23871884564346754,0.2853015103156995,0.19974197543606143,692.1785714285714,0.7145806756089108
m25_06_fill_holes_and_orientation.obj,m25,Insect,3,7,4,19374,7,19388,0.9545656347610062,0.7233459755583649,3,7,4,19374,0.42857142857142855,0.9996388215262371,0.3,0.9997935803488492,0.5714285714285714,0.00036117847376296373,0.7,0.00020641965115078957,0.21428571428571427,0.9994326387456158,0.3529411764705882,0.3191489361702127,0.3947368421052631,0.3582941305950396,0.42821025009766567,0.2997935803488492,1186.5918367346937,0.5716350336975917
m26_06_fill_holes_and_orientation.obj,m26,Insect,0,10,7,19371,7,19388,0.43906505118378636,0.6084795090602613,0,10,7,19371,0.0,0.9994840307517672,0.0,0.9996387656104861,1.0,0.0005159692482328053,1.0,0.0003612343895138817,0.0,0.9991231689704972,,,,-0.0004317242596766064,-0.0005159692482328282,-0.00036123438951385367,0.0,1.0005162356099324
m2_06_fill_holes_and_orientation.obj,m2,Insect,2,8,5,19373,7,19388,0.8878850037588305,0.6047790244416351,2,8,5,19373,0.2857142857142857,0.9995872246014138,0.2,0.9997419754360615,0.7142857142857143,0.00041277539858624424,0.8,0.0002580245639384869,0.13333333333333333,0.9993294821539096,0.23529411764705882,0.2127659574468085,0.26315789473684204,0.23871884564346754,0.2853015103156995,0.19974197543606143,692.1785714285714,0.7145806756089108
m3_06_fill_holes_and_orientation.obj,m3,Insect,0,10,7,19371,7,19388,0.38323650990092606,0.5333636219974716,0,10,7,19371,0.0,0.9994840307517672,0.0,0.9996387656104861,1.0,0.0005159692482328053,1.0,0.0003612343895138817,0.0,0.9991231689704972,,,,-0.0004317242596766064,-0.0005159692482328282,-0.00036123438951385367,0.0,1.0005162356099324
m4_06_fill_holes_and_orientation.obj,m4,Insect,1,9,6,19372,7,19388,0.7269691156389889,0.6768265381373788,1,9,6,19372,0.14285714285714285,0.9995356276765904,0.1,0.9996903705232738,0.8571428571428571,0.0004643723234095248,0.9,0.0003096294767261843,0.0625,0.9992263255622035,0.11764705882352941,0.10638297872340426,0.13157894736842102,0.11914356069189547,0.14239277053373334,0.0996903705232739,307.6349206349206,0.857541075484499
m6_06_fill_holes_and_orientation.obj,m6,Insect,1,9,6,19372,7,19388,0.39098852465669465,0.5047079119258323,1,9,6,19372,0.14285714285714285,0.9995356276765904,0.1,0.9996903705232738,0.8571428571428571,0.0004643723234095248,0.9,0.0003096294767261843,0.0625,0.9992263255622035,0.11764705882352941,0.10638297872340426,0.13157894736842102,0.11914356069189547,0.14239277053373334,0.0996903705232739,307.6349206349206,0.857541075484499
m8_06_fill_holes_and_orientation.obj,m8,Insect,1,9,6,19372,7,19388,0.2660928150131761,0.5054980509903076,1,9,6,19372,0.14285714285714285,0.9995356276765904,0.1,0.9996903705232738,0.8571428571428571,0.0004643723234095248,0.9,0.0003096294767261843,0.0625,0.9992263255622035,0.11764705882352941,0.10638297872340426,0.13157894736842102,0.11914356069189547,0.14239277053373334,0.0996903705232739,307.6349206349206,0.857541075484499
m9_06_fill_holes_and_orientation.obj,m9,Insect,1,9,6,19372,7,19388,0.5624798210391395,0.6261193636746734,1,9,6,19372,0.14285714285714285,0.9995356276765904,0.1,0.9996903705232738,0.8571428571428571,0.0004643723234095248,0.9,0.0003096294767261843,0.0625,0.9992263255622035,0.11764705882352941,0.10638297872340426,0.13157894736842102,0.11914356069189547,0.14239277053373334,0.0996903705232739,307.6349206349206,0.857541075484499
m1147_06_fill_holes_and_orientation.obj,m1147,Jet,2,8,5,19373,7,19388,2.123636023206371,0.6761758172008886,2,8,5,19373,0.2857142857142857,0.9995872246014138,0.2,0.9997419754360615,0.7142857142857143,0.00041277539858624424,0.8,0.0002580245639384869,0.13333333333333333,0.9993294821539096,0.23529411764705882,0.2127659574468085,0.26315789473684204,0.23871884564346754,0.2853015103156995,0.19974197543606143,692.1785714285714,0.7145806756089108
m1149_06_fill_holes_and_orientation.obj,m1149,Jet,4,6,3,19375,7,19388,3.889239494971155,0.7755537924468423,4,6,3,19375,0.5714285714285714,0.9996904184510603,0.4,0.9998451852616369,0.42857142857142855,0.00030958154893968317,0.6,0.00015481473836309216,0.3076923076923077,0.9995357953373221,0.47058823529411764,0.425531914893617,0.5263157894736841,0.4778694155466117,0.5711189898796318,0.3998451852616369,1845.8095238095239,0.4287041474654378
m1150_06_fill_holes_and_orientation.obj,m1150,Jet,6,4,1,19377,7,19388,5.767170455991205,0.8145160266582037,6,4,1,19377,0.8571428571428571,0.9997936123007068,0.6,0.9999483950872123,0.14285714285714285,0.00020638769929312212,0.4,5.160491278769739e-05,0.5454545454545454,0.9997421085207345,0.7058823529411764,0.6382978723404255,0.7894736842105262,0.7170199854497559,0.8569364694435639,0.5999483950872122,4153.071428571428,0.14288663290056694
m1151_06_fill_holes_and_orientation.obj,m1151,Jet,1,9,6,19372,7,19388,3.0306957766099445,0.8049603300539511,1,9,6,19372,0.14285714285714285,0.9995356276765904,0.1,0.9996903705232738,0.8571428571428571,0.0004643723234095248,0.9,0.0003096294767261843,0.0625,0.9992263255622035,0.11764705882352941,0.10638297872340426,0.13157894736842102,0.11914356069189547,0.14239277053373334,0.0996903705232739,307.6349206349206,0.857541075484499
m1152_06_fill_holes_and_orientation.obj,m1152,Jet,1,9,6,19372,7,19388,1.9715622810319762,0.7092066010790226,1,9,6,19372,0.14285714285714285,0.9995356276765904,0.1,0.9996903705232738,0.8571428571428571,0.0004643723234095248,0.9,0.0003096294767261843,0.0625,0.9992263255622035,0.11764705882352941,0.10638297872340426,0.13157894736842102,0.11914356069189547,0.14239277053373334,0.0996903705232739,307.6349206349206,0.857541075484499
m1153_06_fill_holes_and_orientation.obj,m1153,Jet,5,5,2,19376,7,19388,4.684527480095469,0.7781815296731196,5,5,2,19376,0.7142857142857143,0.9997420153758836,0.5,0.9998967901744246,0.2857142857142857,0.00025798462411640266,0.5,0.00010320982557539478,0.4166666666666667,0.9996389519290283,0.588235294117647,0.5319148936170213,0.6578947368421053,0.5974447004981838,0.714027729661598,0.4998967901744247,2768.714285714286,0.28578801462781644
m1154_06_fill_holes_and_orientation.obj,m1154,Jet,4,6,3,19375,7,19388,3.21266300520137,0.749330371310695,4,6,3,19375,0.5714285714285714,0.9996904184510603,0.4,0.9998451852616369,0.42857142857142855,0.00030958154893968317,0.6,0.00015481473836309216,0.3076923076923077,0.9995357953373221,0.47058823529411764,0.425531914893617,0.5263157894736841,0.4778694155466117,0.5711189898796318,0.3998451852616369,1845.8095238095239,0.4287041474654378
m1155_06_fill_holes_and_orientation.obj,m1155,Jet,2,8,5,19373,7,19388,2.2817932896852793,0.7735671215487148,2,8,5,19373,0.2857142857142857,0.9995872246014138,0.2,0.9997419754360615,0.7142857142857143,0.00041277539858624424,0.8,0.0002580245639384869,0.13333333333333333,0.9993294821539096,0.23529411764705882,0.2127659574468085,0.26315789473684204,0.23871884564346754,0.2853015103156995,0.19974197543606143,692.1785714285714,0.7145806756089108
m1156_06_fill_holes_and_orientation.obj,m1156,Jet,2,8,5,19373,7,19388,3.4090655270787393,0.7663503649635036,2,8,5,19373,0.2857142857142857,0.9995872246014138,0.2,0.9997419754360615,0.7142857142857143,0.00041277539858624424,0.8,0.0002580245639384869,0.13333333333333333,0.9993294821539096,0.23529411764705882,0.2127659574468085,0.26315789473684204,0.23871884564346754,0.2853015103156995,0.19974197543606143,692.1785714285714,0.7145806756089108
m1157_06_fill_holes_and_orientation.obj,m1157,Jet,5,5,2,19376,7,19388,4.902173508248959,0.8032688035544271,5,5,2,19376,0.7142857142857143,0.9997420153758836,0.5,0.9998967901744246,0.2857142857142857,0.00025798462411640266,0.5,0.00010320982557539478,0.4166666666666667,0.9996389519290283,0.588235294117647,0.5319148936170213,0.6578947368421053,0.5974447004981838,0.714027729661598,0.4998967901744247,2768.714285714286,0.28578801462781644
m1158_06_fill_holes_and_orientation.obj,m1158,Jet,0,10,7,19371,7,19388,2.235472880243131,0.7414852427800699,0,10,7,19371,0.0,0.9994840307517672,0.0,0.9996387656104861,1.0,0.0005159692482328053,1.0,0.0003612343895138817,0.0,0.9991231689704972,,,,-0.0004317242596766064,-0.0005159692482328282,-0.00036123438951385367,0.0,1.0005162356099324
m1159_06_fill_holes_and_orientation.obj,m1159,Jet,1,9,6,19372,7,19388,1.9424697162129914,0.7048111710568074,1,9,6,19372,0.14285714285714285,0.9995356276765904,0.1,0.9996903705232738,0.8571428571428571,0.0004643723234095248,0.9,0.0003096294767261843,0.0625,0.9992263255622035,0.11764705882352941,0.10638297872340426,0.13157894736842102,0.11914356069189547,0.14239277053373334,0.0996903705232739,307.6349206349206,0.857541075484499
m1161_06_fill_holes_and_orientation.obj,m1161,Jet,5,5,2,19376,7,19388,4.491165991253906,0.8274389082830848,5,5,2,19376,0.7142857142857143,0.9997420153758836,0.5,0.9998967901744246,0.2857142857142857,0.00025798462411640266,0.5,0.00010320982557539478,0.4166666666666667,0.9996389519290283,0.588235294117647,0.5319148936170213,0.6578947368421053,0.5974447004981838,0.714027729661598,0.4998967901744247,2768.714285714286,0.28578801462781644
m1162_06_fill_holes_and_orientation.obj,m1162,Jet,4,6,3,19375,7,19388,3.3322790721457762,0.7299047921294828,4,6,3,19375,0.5714285714285714,0.9996904184510603,0.4,0.9998451852616369,0.42857142857142855,0.00030958154893968317,0.6,0.00015481473836309216,0.3076923076923077,0.9995357953373221,0.47058823529411764,0.425531914893617,0.5263157894736841,0.4778694155466117,0.5711189898796318,0.3998451852616369,1845.8095238095239,0.4287041474654378
m1163_06_fill_holes_and_orientation.obj,m1163,Jet,3,7,4,19374,7,19388,3.6616384669079105,0.782570612503967,3,7,4,19374,0.42857142857142855,0.9996388215262371,0.3,0.9997935803488492,0.5714285714285714,0.00036117847376296373,0.7,0.00020641965115078957,0.21428571428571427,0.9994326387456158,0.3529411764705882,0.3191489361702127,0.3947368421052631,0.3582941305950396,0.42821025009766567,0.2997935803488492,1186.5918367346937,0.5716350336975917
m1165_06_fill_holes_and_orientation.obj,m1165,Jet,3,7,4,19374,7,19388,3.1511183619121397,0.7584957156458266,3,7,4,19374,0.42857142857142855,0.9996388215262371,0.3,0.9997935803488492,0.5714285714285714,0.00036117847376296373,0.7,0.00020641965115078957,0.21428571428571427,0.9994326387456158,0.3529411764705882,0.3191489361702127,0.3947368421052631,0.3582941305950396,0.42821025009766567,0.2997935803488492,1186.5918367346937,0.5716350336975917
m1166_06_fill_holes_and_orientation.obj,m1166,Jet,7,3,0,19378,7,19388,6.82920393892868,0.8407711837511902,7,3,0,19378,1.0,0.9998452092255301,0.7,1.0,0.0,0.00015479077446984158,0.3,0.0,0.7,0.9998452651124407,0.8235294117647058,0.7446808510638298,0.9210526315789475,0.836595270401328,0.9998452092255301,0.7,6460.333333333334,0.0
m1167_06_fill_holes_and_orientation.obj,m1167,Jet,5,5,2,19376,7,19388,2.790921081158022,0.6590288797207235,5,5,2,19376,0.7142857142857143,0.9997420153758836,0.5,0.9998967901744246,0.2857142857142857,0.00025798462411640266,0.5,0.00010320982557539478,0.4166666666666667,0.9996389519290283,0.588235294117647,0.5319148936170213,0.6578947368421053,0.5974447004981838,0.714027729661598,0.4998967901744247,2768.714285714286,0.28578801462781644
m1168_06_fill_holes_and_orientation.obj,m1168,Jet,4,6,3,19375,7,19388,5.009642010588963,0.8316470961599493,4,6,3,19375,0.5714285714285714,0.9996904184510603,0.4,0.9998451852616369,0.42857142857142855,0.00030958154893968317,0.6,0.00015481473836309216,0.3076923076923077,0.9995357953373221,0.47058823529411764,0.425531914893617,0.5263157894736841,0.4778694155466117,0.5711189898796318,0.3998451852616369,1845.8095238095239,0.4287041474654378
m1169_06_fill_holes_and_orientation.obj,m1169,Jet,1,9,6,19372,7,19388,2.0376023582769918,0.7351063154554109,1,9,6,19372,0.14285714285714285,0.9995356276765904,0.1,0.9996903705232738,0.8571428571428571,0.0004643723234095248,0.9,0.0003096294767261843,0.0625,0.9992263255622035,0.11764705882352941,0.10638297872340426,0.13157894736842102,0.11914356069189547,0.14239277053373334,0.0996903705232739,307.6349206349206,0.857541075484499
m1171_06_fill_holes_and_orientation.obj,m1171,Jet,4,6,3,19375,7,19388,2.706056319491382,0.7202951443986036,4,6,3,19375,0.5714285714285714,0.9996904184510603,0.4,0.9998451852616369,0.42857142857142855,0.00030958154893968317,0.6,0.00015481473836309216,0.3076923076923077,0.9995357953373221,0.47058823529411764,0.425531914893617,0.5263157894736841,0.4778694155466117,0.5711189898796318,0.3998451852616369,1845.8095238095239,0.4287041474654378
m1172_06_fill_holes_and_orientation.obj,m1172,Jet,8,2,0,19378,7,19388,6.116712797762041,0.8140050777530943,8,2,0,19378,1.0,0.9998968008255934,0.8,1.0,0.0,0.00010319917440660474,0.2,0.0,0.8,0.9998968434082938,0.888888888888889,0.8333333333333334,0.9523809523809523,0.8943810377353014,0.9998968008255935,0.8,9690.0,0.0
m1173_06_fill_holes_and_orientation.obj,m1173,Jet,8,2,0,19378,7,19388,6.688164865178749,0.8359346239289115,8,2,0,19378,1.0,0.9998968008255934,0.8,1.0,0.0,0.00010319917440660474,0.2,0.0,0.8,0.9998968434082938,0.888888888888889,0.8333333333333334,0.9523809523809523,0.8943810377353014,0.9998968008255935,0.8,9690.0,0.0
m1174_06_fill_holes_and_orientation.obj,m1174,Jet,6,4,1,19377,7,19388,3.5389605815641505,0.7278736908917803,6,4,1,19377,0.8571428571428571,0.9997936123007068,0.6,0.9999483950872123,0.14285714285714285,0.00020638769929312212,0.4,5.160491278769739e-05,0.5454545454545454,0.9997421085207345,0.7058823529411764,0.6382978723404255,0.7894736842105262,0.7170199854497559,0.8569364694435639,0.5999483950872122,4153.071428571428,0.14288663290056694
m1175_06_fill_holes_and_orientation.obj,m1175,Jet,3,7,4,19374,7,19388,3.0776656563263978,0.726302761028245,3,7,4,19374,0.42857142857142855,0.9996388215262371,0.3,0.9997935803488492,0.5714285714285714,0.00036117847376296373,0.7,0.00020641965115078957,0.21428571428571427,0.9994326387456158,0.3529411764705882,0.3191489361702127,0.3947368421052631,0.3582941305950396,0.42821025009766567,0.2997935803488492,1186.5918367346937,0.5716350336975917
m1177_06_fill_holes_and_orientation.obj,m1177,Jet,2,8,5,19373,7,19388,3.2605933734557477,0.7550999682640431,2,8,5,19373,0.2857142857142857,0.9995872246014138,0.2,0.9997419754360615,0.7142857142857143,0.00041277539858624424,0.8,0.0002580245639384869,0.13333333333333333,0.9993294821539096,0.23529411764705882,0.2127659574468085,0.26315789473684204,0.23871884564346754,0.2853015103156995,0.19974197543606143,692.1785714285714,0.7145806756089108
m1178_06_fill_holes_and_orientation.obj,m1178,Jet,6,4,1,19377,7,19388,5.5285547942655695,0.8421897810218979,6,4,1,19377,0.8571428571428571,0.9997936123007068,0.6,0.9999483950872123,0.14285714285714285,0.00020638769929312212,0.4,5.160491278769739e-05,0.5454545454545454,0.9997421085207345,0.7058823529411764,0.6382978723404255,0.7894736842105262,0.7170199854497559,0.8569364694435639,0.5999483950872122,4153.071428571428,0.14288663290056694
m1179_06_fill_holes_and_orientation.obj,m1179,Jet,4,6,3,19375,7,19388,5.287772402753377,0.8399079657251666,4,6,3,19375,0.5714285714285714,0.9996904184510603,0.4,0.9998451852616369,0.42857142857142855,0.00030958154893968317,0.6,0.00015481473836309216,0.3076923076923077,0.9995357953373221,0.47058823529411764,0.425531914893617,0.5263157894736841,0.4778694155466117,0.5711189898796318,0.3998451852616369,1845.8095238095239,0.4287041474654378
m1180_06_fill_holes_and_orientation.obj,m1180,Jet,8,2,0,19378,7,19388,6.221469892121988,0.8263281497937163,8,2,0,19378,1.0,0.9998968008255934,0.8,1.0,0.0,0.00010319917440660474,0.2,0.0,0.8,0.9998968434082938,0.888888888888889,0.8333333333333334,0.9523809523809523,0.8943810377353014,0.9998968008255935,0.8,9690.0,0.0
m1181_06_fill_holes_and_orientation.obj,m1181,Jet,9,1,0,19378,7,19388,7.76972048628208,0.8391653443351317,9,1,0,19378,1.0,0.9999483977501419,0.9,1.0,0.0,5.1602249858093815e-05,0.1,0.0,0.9,0.9999484217041469,0.9473684210526316,0.9183673469387754,0.9782608695652175,0.9486588206384462,0.999948397750142,0.8999999999999999,19379.0,0.0
m1182_06_fill_holes_and_orientation.obj,m1182,Jet,8,2,0,19378,7,19388,6.933454200020495,0.8389273246588386,8,2,0,19378,1.0,0.9998968008255934,0.8,1.0,0.0,0.00010319917440660474,0.2,0.0,0.8,0.9998968434082938,0.888888888888889,0.8333333333333334,0.9523809523809523,0.8943810377353014,0.9998968008255935,0.8,9690.0,0.0
m1183_06_fill_holes_and_orientation.obj,m1183,Jet,4,6,3,19375,7,19388,3.2560277741262236,0.7331196445572834,4,6,3,19375,0.5714285714285714,0.9996904184510603,0.4,0.9998451852616369,0.42857142857142855,0.00030958154893968317,0.6,0.00015481473836309216,0.3076923076923077,0.9995357953373221,0.47058823529411764,0.425531914893617,0.5263157894736841,0.4778694155466117,0.5711189898796318,0.3998451852616369,1845.8095238095239,0.4287041474654378
m1184_06_fill_holes_and_orientation.obj,m1184,Jet,7,3,0,19378,7,19388,5.058829844708742,0.8168803554427166,7,3,0,19378,1.0,0.9998452092255301,0.7,1.0,0.0,0.00015479077446984158,0.3,0.0,0.7,0.9998452651124407,0.8235294117647058,0.7446808510638298,0.9210526315789475,0.836595270401328,0.9998452092255301,0.7,6460.333333333334,0.0
m1185_06_fill_holes_and_orientation.obj,m1185,Jet,8,2,0,19378,7,19388,6.51370111227009,0.8291939066962868,8,2,0,19378,1.0,0.9998968008255934,0.8,1.0,0.0,0.00010319917440660474,0.2,0.0,0.8,0.9998968434082938,0.888888888888889,0.8333333333333334,0.9523809523809523,0.8943810377353014,0.9998968008255935,0.8,9690.0,0.0
m1187_06_fill_holes_and_orientation.obj,m1187,Jet,9,1,0,19378,7,19388,7.968569746497854,0.8436718502062837,9,1,0,19378,1.0,0.9999483977501419,0.9,1.0,0.0,5.1602249858093815e-05,0.1,0.0,0.9,0.9999484217041469,0.9473684210526316,0.9183673469387754,0.9782608695652175,0.9486588206384462,0.999948397750142,0.8999999999999999,19379.0,0.0
m1188_06_fill_holes_and_orientation.obj,m1188,Jet,9,1,0,19378,7,19388,6.448147202939638,0.8276261504284355,9,1,0,19378,1.0,0.9999483977501419,0.9,1.0,0.0,5.1602249858093815e-05,0.1,0.0,0.9,0.9999484217041469,0.9473684210526316,0.9183673469387754,0.9782608695652175,0.9486588206384462,0.999948397750142,0.8999999999999999,19379.0,0.0
m1190_06_fill_holes_and_orientation.obj,m1190,Jet,9,1,0,19378,7,19388,7.330874716430878,0.8310060298317995,9,1,0,19378,1.0,0.9999483977501419,0.9,1.0,0.0,5.1602249858093815e-05,0.1,0.0,0.9,0.9999484217041469,0.9473684210526316,0.9183673469387754,0.9782608695652175,0.9486588206384462,0.999948397750142,0.8999999999999999,19379.0,0.0
m1191_06_fill_holes_and_orientation.obj,m1191,Jet,4,6,3,19375,7,19388,3.312703801994224,0.7278609965090447,4,6,3,19375,0.5714285714285714,0.9996904184510603,0.4,0.9998451852616369,0.42857142857142855,0.00030958154893968317,0.6,0.00015481473836309216,0.3076923076923077,0.9995357953373221,0.47058823529411764,0.425531914893617,0.5263157894736841,0.4778694155466117,0.5711189898796318,0.3998451852616369,1845.8095238095239,0.4287041474654378
m1193_06_fill_holes_and_orientation.obj,m1193,Jet,7,3,0,19378,7,19388,7.22623364801877,0.8598064106632816,7,3,0,19378,1.0,0.9998452092255301,0.7,1.0,0.0,0.00015479077446984158,0.3,0.0,0.7,0.9998452651124407,0.8235294117647058,0.7446808510638298,0.9210526315789475,0.836595270401328,0.9998452092255301,0.7,6460.333333333334,0.0
m1194_06_fill_holes_and_orientation.obj,m1194,Jet,8,2,0,19378,7,19388,6.165537078615498,0.8189685814027292,8,2,0,19378,1.0,0.9998968008255934,0.8,1.0,0.0,0.00010319917440660474,0.2,0.0,0.8,0.9998968434082938,0.888888888888889,0.8333333333333334,0.9523809523809523,0.8943810377353014,0.9998968008255935,0.8,9690.0,0.0
m1195_06_fill_holes_and_orientation.obj,m1195,Jet,6,4,1,19377,7,19388,4.053656422279677,0.7841383687718184,6,4,1,19377,0.8571428571428571,0.9997936123007068,0.6,0.9999483950872123,0.14285714285714285,0.00020638769929312212,0.4,5.160491278769739e-05,0.5454545454545454,0.9997421085207345,0.7058823529411764,0.6382978723404255,0.7894736842105262,0.7170199854497559,0.8569364694435639,0.5999483950872122,4153.071428571428,0.14288663290056694
m1196_06_fill_holes_and_orientation.obj,m1196,Jet,4,6,3,19375,7,19388,4.198469313505403,0.8059663598857505,4,6,3,19375,0.5714285714285714,0.9996904184510603,0.4,0.9998451852616369,0.42857142857142855,0.00030958154893968317,0.6,0.00015481473836309216,0.3076923076923077,0.9995357953373221,0.47058823529411764,0.425531914893617,0.5263157894736841,0.4778694155466117,0.5711189898796318,0.3998451852616369,1845.8095238095239,0.4287041474654378
m1197_06_fill_holes_and_orientation.obj,m1197,Jet,7,3,0,19378,7,19388,6.194419032154733,0.830952078705173,7,3,0,19378,1.0,0.9998452092255301,0.7,1.0,0.0,0.00015479077446984158,0.3,0.0,0.7,0.9998452651124407,0.8235294117647058,0.7446808510638298,0.9210526315789475,0.836595270401328,0.9998452092255301,0.7,6460.333333333334,0.0
m1198_06_fill_holes_and_orientation.obj,m1198,Jet,8,2,0,19378,7,19388,6.334472409599306,0.8136178990796573,8,2,0,19378,1.0,0.9998968008255934,0.8,1.0,0.0,0.00010319917440660474,0.2,0.0,0.8,0.9998968434082938,0.888888888888889,0.8333333333333334,0.9523809523809523,0.8943810377353014,0.9998968008255935,0.8,9690.0,0.0
m1199_06_fill_holes_and_orientation.obj,m1199,Jet,8,2,0,19378,7,19388,7.192925471255448,0.8251793081561409,8,2,0,19378,1.0,0.9998968008255934,0.8,1.0,0.0,0.00010319917440660474,0.2,0.0,0.8,0.9998968434082938,0.888888888888889,0.8333333333333334,0.9523809523809523,0.8943810377353014,0.9998968008255935,0.8,9690.0,0.0
m1200_06_fill_holes_and_orientation.obj,m1200,Jet,9,1,0,19378,7,19388,6.310575131272772,0.8300285623611552,9,1,0,19378,1.0,0.9999483977501419,0.9,1.0,0.0,5.1602249858093815e-05,0.1,0.0,0.9,0.9999484217041469,0.9473684210526316,0.9183673469387754,0.9782608695652175,0.9486588206384462,0.999948397750142,0.8999999999999999,19379.0,0.0
m1201_06_fill_holes_and_orientation.obj,m1201,Jet,1,9,6,19372,7,19388,2.5834996912603088,0.7365185655347508,1,9,6,19372,0.14285714285714285,0.9995356276765904,0.1,0.9996903705232738,0.8571428571428571,0.0004643723234095248,0.9,0.0003096294767261843,0.0625,0.9992263255622035,0.11764705882352941,0.10638297872340426,0.13157894736842102,0.11914356069189547,0.14239277053373334,0.0996903705232739,307.6349206349206,0.857541075484499
m1202_06_fill_holes_and_orientation.obj,m1202,Jet,8,2,0,19378,7,19388,6.03006401929529,0.8172548397334181,8,2,0,19378,1.0,0.9998968008255934,0.8,1.0,0.0,0.00010319917440660474,0.2,0.0,0.8,0.9998968434082938,0.888888888888889,0.8333333333333334,0.9523809523809523,0.8943810377353014,0.9998968008255935,0.8,9690.0,0.0
m1204_06_fill_holes_and_orientation.obj,m1204,Jet,5,5,2,19376,7,19388,4.042892041431276,0.7637416693113298,5,5,2,19376,0.7142857142857143,0.9997420153758836,0.5,0.9998967901744246,0.2857142857142857,0.00025798462411640266,0.5,0.00010320982557539478,0.4166666666666667,0.9996389519290283,0.588235294117647,0.5319148936170213,0.6578947368421053,0.5974447004981838,0.714027729661598,0.4998967901744247,2768.714285714286,0.28578801462781644
m1205_06_fill_holes_and_orientation.obj,m1205,Jet,3,7,4,19374,7,19388,3.029115383914033,0.7488987622976833,3,7,4,19374,0.42857142857142855,0.9996388215262371,0.3,0.9997935803488492,0.5714285714285714,0.00036117847376296373,0.7,0.00020641965115078957,0.21428571428571427,0.9994326387456158,0.3529411764705882,0.3191489361702127,0.3947368421052631,0.3582941305950396,0.42821025009766567,0.2997935803488492,1186.5918367346937,0.5716350336975917
m1207_06_fill_holes_and_orientation.obj,m1207,Jet,1,9,6,19372,7,19388,1.9997515155470682,0.7299111393208505,1,9,6,19372,0.14285714285714285,0.9995356276765904,0.1,0.9996903705232738,0.8571428571428571,0.0004643723234095248,0.9,0.0003096294767261843,0.0625,0.9992263255622035,0.11764705882352941,0.10638297872340426,0.13157894736842102,0.11914356069189547,0.14239277053373334,0.0996903705232739,307.6349206349206,0.857541075484499
m1208_06_fill_holes_and_orientation.obj,m1208,Jet,6,4,1,19377,7,19388,4.7112705879803025,0.7508314820691844,6,4,1,19377,0.8571428571428571,0.9997936123007068,0.6,0.9999483950872123,0.14285714285714285,0.00020638769929312212,0.4,5.160491278769739e-05,0.5454545454545454,0.9997421085207345,0.7058823529411764,0.6382978723404255,0.7894736842105262,0.7170199854497559,0.8569364694435639,0.5999483950872122,4153.071428571428,0.14288663290056694
m1209_06_fill_holes_and_orientation.obj,m1209,Jet,5,5,2,19376,7,19388,3.419827469349925,0.7403586163122818,5,5,2,19376,0.7142857142857143,0.9997420153758836,0.5,0.9998967901744246,0.2857142857142857,0.00025798462411640266,0.5,0.00010320982557539478,0.4166666666666667,0.9996389519290283,0.588235294117647,0.5319148936170213,0.6578947368421053,0.5974447004981838,0.714027729661598,0.4998967901744247,2768.714285714286,0.28578801462781644
m1210_06_fill_holes_and_orientation.obj,m1210,Jet,3,7,4,19374,7,19388,2.5633982057943783,0.7395239606474135,3,7,4,19374,0.42857142857142855,0.9996388215262371,0.3,0.9997935803488492,0.5714285714285714,0.00036117847376296373,0.7,0.00020641965115078957,0.21428571428571427,0.9994326387456158,0.3529411764705882,0.3191489361702127,0.3947368421052631,0.3582941305950396,0.42821025009766567,0.2997935803488492,1186.5918367346937,0.5716350336975917
m1211_06_fill_holes_and_orientation.obj,m1211,Jet,2,8,5,19373,7,19388,2.5775843180079785,0.7131132973659156,2,8,5,19373,0.2857142857142857,0.9995872246014138,0.2,0.9997419754360615,0.7142857142857143,0.00041277539858624424,0.8,0.0002580245639384869,0.13333333333333333,0.9993294821539096,0.23529411764705882,0.2127659574468085,0.26315789473684204,0.23871884564346754,0.2853015103156995,0.19974197543606143,692.1785714285714,0.7145806756089108
m1212_06_fill_holes_and_orientation.obj,m1212,Jet,8,2,0,19378,7,19388,6.564068685199209,0.819933354490638,8,2,0,19378,1.0,0.9998968008255934,0.8,1.0,0.0,0.00010319917440660474,0.2,0.0,0.8,0.9998968434082938,0.888888888888889,0.8333333333333334,0.9523809523809523,0.8943810377353014,0.9998968008255935,0.8,9690.0,0.0
m1214_06_fill_holes_and_orientation.obj,m1214,Jet,10,0,0,19378,7,19388,7.61308871808575,0.8372738813075213,10,0,0,19378,1.0,1.0,1.0,1.0,0.0,0.0,0.0,0.0,1.0,1.0,1.0,1.0,1.0,1.0,1.0,1.0,,0.0
m1215_06_fill_holes_and_orientation.obj,m1215,Jet,6,4,1,19377,7,19388,4.020379672032453,0.7605934623928912,6,4,1,19377,0.8571428571428571,0.9997936123007068,0.6,0.9999483950872123,0.14285714285714285,0.00020638769929312212,0.4,5.160491278769739e-05,0.5454545454545454,0.9997421085207345,0.7058823529411764,0.6382978723404255,0.7894736842105262,0.7170199854497559,0.8569364694435639,0.5999483950872122,4153.071428571428,0.14288663290056694
m1216_06_fill_holes_and_orientation.obj,m1216,Jet,5,5,2,19376,7,19388,5.6105361829473654,0.8211615360203111,5,5,2,19376,0.7142857142857143,0.9997420153758836,0.5,0.9998967901744246,0.2857142857142857,0.00025798462411640266,0.5,0.00010320982557539478,0.4166666666666667,0.9996389519290283,0.588235294117647,0.5319148936170213,0.6578947368421053,0.5974447004981838,0.714027729661598,0.4998967901744247,2768.714285714286,0.28578801462781644
m1217_06_fill_holes_and_orientation.obj,m1217,Jet,8,2,0,19378,7,19388,6.727876621249439,0.817603935258648,8,2,0,19378,1.0,0.9998968008255934,0.8,1.0,0.0,0.00010319917440660474,0.2,0.0,0.8,0.9998968434082938,0.888888888888889,0.8333333333333334,0.9523809523809523,0.8943810377353014,0.9998968008255935,0.8,9690.0,0.0
m1218_06_fill_holes_and_orientation.obj,m1218,Jet,9,1,0,19378,7,19388,7.321718875175702,0.8254554109806411,9,1,0,19378,1.0,0.9999483977501419,0.9,1.0,0.0,5.1602249858093815e-05,0.1,0.0,0.9,0.9999484217041469,0.9473684210526316,0.9183673469387754,0.9782608695652175,0.9486588206384462,0.999948397750142,0.8999999999999999,19379.0,0.0
m1219_06_fill_holes_and_orientation.obj,m1219,Jet,5,5,2,19376,7,19388,3.9977057399834193,0.7657600761662964,5,5,2,19376,0.7142857142857143,0.9997420153758836,0.5,0.9998967901744246,0.2857142857142857,0.00025798462411640266,0.5,0.00010320982557539478,0.4166666666666667,0.9996389519290283,0.588235294117647,0.5319148936170213,0.6578947368421053,0.5974447004981838,0.714027729661598,0.4998967901744247,2768.714285714286,0.28578801462781644
m1220_06_fill_holes_and_orientation.obj,m1220,Jet,2,8,5,19373,7,19388,4.326487080453839,0.8340336401142494,2,8,5,19373,0.2857142857142857,0.9995872246014138,0.2,0.9997419754360615,0.7142857142857143,0.00041277539858624424,0.8,0.0002580245639384869,0.13333333333333333,0.9993294821539096,0.23529411764705882,0.2127659574468085,0.26315789473684204,0.23871884564346754,0.2853015103156995,0.19974197543606143,692.1785714285714,0.7145806756089108
m1221_06_fill_holes_and_orientation.obj,m1221,Jet,1,9,6,19372,7,19388,1.7739973894870882,0.7103268803554428,1,9,6,19372,0.14285714285714285,0.9995356276765904,0.1,0.9996903705232738,0.8571428571428571,0.0004643723234095248,0.9,0.0003096294767261843,0.0625,0.9992263255622035,0.11764705882352941,0.10638297872340426,0.13157894736842102,0.11914356069189547,0.14239277053373334,0.0996903705232739,307.6349206349206,0.857541075484499
m1222_06_fill_holes_and_orientation.obj,m1222,Jet,4,6,3,19375,7,19388,2.6821855404431463,0.7286385274516026,4,6,3,19375,0.5714285714285714,0.9996904184510603,0.4,0.9998451852616369,0.42857142857142855,0.00030958154893968317,0.6,0.00015481473836309216,0.3076923076923077,0.9995357953373221,0.47058823529411764,0.425531914893617,0.5263157894736841,0.4778694155466117,0.5711189898796318,0.3998451852616369,1845.8095238095239,0.4287041474654378
m1223_06_fill_holes_and_orientation.obj,m1223,Jet,8,2,0,19378,7,19388,6.813846980437481,0.8393557600761663,8,2,0,19378,1.0,0.9998968008255934,0.8,1.0,0.0,0.00010319917440660474,0.2,0.0,0.8,0.9998968434082938,0.888888888888889,0.8333333333333334,0.9523809523809523,0.8943810377353014,0.9998968008255935,0.8,9690.0,0.0
m1224_06_fill_holes_and_orientation.obj,m1224,Jet,4,6,3,19375,7,19388,4.844400728859342,0.8292129482703903,4,6,3,19375,0.5714285714285714,0.9996904184510603,0.4,0.9998451852616369,0.42857142857142855,0.00030958154893968317,0.6,0.00015481473836309216,0.3076923076923077,0.9995357953373221,0.47058823529411764,0.425531914893617,0.5263157894736841,0.4778694155466117,0.5711189898796318,0.3998451852616369,1845.8095238095239,0.4287041474654378
m1225_06_fill_holes_and_orientation.obj,m1225,Jet,2,8,5,19373,7,19388,3.282345418929786,0.7749000317359569,2,8,5,19373,0.2857142857142857,0.9995872246014138,0.2,0.9997419754360615,0.7142857142857143,0.00041277539858624424,0.8,0.0002580245639384869,0.13333333333333333,0.9993294821539096,0.23529411764705882,0.2127659574468085,0.26315789473684204,0.23871884564346754,0.2853015103156995,0.19974197543606143,692.1785714285714,0.7145806756089108
m1226_06_fill_holes_and_orientation.obj,m1226,Jet,7,3,0,19378,7,19388,6.672734951928791,0.8363567121548714,7,3,0,19378,1.0,0.9998452092255301,0.7,1.0,0.0,0.00015479077446984158,0.3,0.0,0.7,0.9998452651124407,0.8235294117647058,0.7446808510638298,0.9210526315789475,0.836595270401328,0.9998452092255301,0.7,6460.333333333334,0.0
m1227_06_fill_holes_and_orientation.obj,m1227,Jet,4,6,3,19375,7,19388,4.703813597324327,0.8184227229450968,4,6,3,19375,0.5714285714285714,0.9996904184510603,0.4,0.9998451852616369,0.42857142857142855,0.00030958154893968317,0.6,0.00015481473836309216,0.3076923076923077,0.9995357953373221,0.47058823529411764,0.425531914893617,0.5263157894736841,0.4778694155466117,0.5711189898796318,0.3998451852616369,1845.8095238095239,0.4287041474654378
m1228_06_fill_holes_and_orientation.obj,m1228,Jet,1,9,6,19372,7,19388,2.754715988225861,0.7748778165661694,1,9,6,19372,0.14285714285714285,0.9995356276765904,0.1,0.9996903705232738,0.8571428571428571,0.0004643723234095248,0.9,0.0003096294767261843,0.0625,0.9992263255622035,0.11764705882352941,0.10638297872340426,0.13157894736842102,0.11914356069189547,0.14239277053373334,0.0996903705232739,307.6349206349206,0.857541075484499
m1229_06_fill_holes_and_orientation.obj,m1229,Jet,3,7,4,19374,7,19388,3.698856757282391,0.8100793398920977,3,7,4,19374,0.42857142857142855,0.9996388215262371,0.3,0.9997935803488492,0.5714285714285714,0.00036117847376296373,0.7,0.00020641965115078957,0.21428571428571427,0.9994326387456158,0.3529411764705882,0.3191489361702127,0.3947368421052631,0.3582941305950396,0.42821025009766567,0.2997935803488492,1186.5918367346937,0.5716350336975917
m1230_06_fill_holes_and_orientation.obj,m1230,Jet,3,7,4,19374,7,19388,4.740380938230047,0.8272802284988894,3,7,4,19374,0.42857142857142855,0.9996388215262371,0.3,0.9997935803488492,0.5714285714285714,0.00036117847376296373,0.7,0.00020641965115078957,0.21428571428571427,0.9994326387456158,0.3529411764705882,0.3191489361702127,0.3947368421052631,0.3582941305950396,0.42821025009766567,0.2997935803488492,1186.5918367346937,0.5716350336975917
m1231_06_fill_holes_and_orientation.obj,m1231,Jet,7,3,0,19378,7,19388,5.095589078120979,0.7927292922881626,7,3,0,19378,1.0,0.9998452092255301,0.7,1.0,0.0,0.00015479077446984158,0.3,0.0,0.7,0.9998452651124407,0.8235294117647058,0.7446808510638298,0.9210526315789475,0.836595270401328,0.9998452092255301,0.7,6460.333333333334,0.0
m1232_06_fill_holes_and_orientation.obj,m1232,Jet,2,8,5,19373,7,19388,3.7251939505932725,0.8182989527134243,2,8,5,19373,0.2857142857142857,0.9995872246014138,0.2,0.9997419754360615,0.7142857142857143,0.00041277539858624424,0.8,0.0002580245639384869,0.13333333333333333,0.9993294821539096,0.23529411764705882,0.2127659574468085,0.26315789473684204,0.23871884564346754,0.2853015103156995,0.19974197543606143,692.1785714285714,0.7145806756089108
m1233_06_fill_holes_and_orientation.obj,m1233,Jet,6,4,1,19377,7,19388,4.872223461645908,0.8139955569660425,6,4,1,19377,0.8571428571428571,0.9997936123007068,0.6,0.9999483950872123,0.14285714285714285,0.00020638769929312212,0.4,5.160491278769739e-05,0.5454545454545454,0.9997421085207345,0.7058823529411764,0.6382978723404255,0.7894736842105262,0.7170199854497559,0.8569364694435639,0.5999483950872122,4153.071428571428,0.14288663290056694
m1234_06_fill_holes_and_orientation.obj,m1234,Jet,8,2,0,19378,7,19388,6.481451176879747,0.8213202158045065,8,2,0,19378,1.0,0.9998968008255934,0.8,1.0,0.0,0.00010319917440660474,0.2,0.0,0.8,0.9998968434082938,0.888888888888889,0.8333333333333334,0.9523809523809523,0.8943810377353014,0.9998968008255935,0.8,9690.0,0.0
m1235_06_fill_holes_and_orientation.obj,m1235,Jet,10,0,0,19378,7,19388,7.657616984295745,0.8313138686131387,10,0,0,19378,1.0,1.0,1.0,1.0,0.0,0.0,0.0,0.0,1.0,1.0,1.0,1.0,1.0,1.0,1.0,1.0,,0.0
m1236_06_fill_holes_and_orientation.obj,m1236,Jet,7,3,0,19378,7,19388,6.715934272089946,0.8609425579181211,7,3,0,19378,1.0,0.9998452092255301,0.7,1.0,0.0,0.00015479077446984158,0.3,0.0,0.7,0.9998452651124407,0.8235294117647058,0.7446808510638298,0.9210526315789475,0.836595270401328,0.9998452092255301,0.7,6460.333333333334,0.0
m1237_06_fill_holes_and_orientation.obj,m1237,Jet,4,6,3,19375,7,19388,2.8185570044232433,0.7207108854331958,4,6,3,19375,0.5714285714285714,0.9996904184510603,0.4,0.9998451852616369,0.42857142857142855,0.00030958154893968317,0.6,0.00015481473836309216,0.3076923076923077,0.9995357953373221,0.47058823529411764,0.425531914893617,0.5263157894736841,0.4778694155466117,0.5711189898796318,0.3998451852616369,1845.8095238095239,0.4287041474654378
m1238_06_fill_holes_and_orientation.obj,m1238,Jet,6,4,1,19377,7,19388,5.660996512077198,0.8323992383370358,6,4,1,19377,0.8571428571428571,0.9997936123007068,0.6,0.9999483950872123,0.14285714285714285,0.00020638769929312212,0.4,5.160491278769739e-05,0.5454545454545454,0.9997421085207345,0.7058823529411764,0.6382978723404255,0.7894736842105262,0.7170199854497559,0.8569364694435639,0.5999483950872122,4153.071428571428,0.14288663290056694
m1239_06_fill_holes_and_orientation.obj,m1239,Jet,1,9,6,19372,7,19388,1.4394258368765396,0.560526816883529,1,9,6,19372,0.14285714285714285,0.9995356276765904,0.1,0.9996903705232738,0.8571428571428571,0.0004643723234095248,0.9,0.0003096294767261843,0.0625,0.9992263255622035,0.11764705882352941,0.10638297872340426,0.13157894736842102,0.11914356069189547,0.14239277053373334,0.0996903705232739,307.6349206349206,0.857541075484499
m1240_06_fill_holes_and_orientation.obj,m1240,Jet,6,4,1,19377,7,19388,5.290133435234469,0.8233259282767375,6,4,1,19377,0.8571428571428571,0.9997936123007068,0.6,0.9999483950872123,0.14285714285714285,0.00020638769929312212,0.4,5.160491278769739e-05,0.5454545454545454,0.9997421085207345,0.7058823529411764,0.6382978723404255,0.7894736842105262,0.7170199854497559,0.8569364694435639,0.5999483950872122,4153.071428571428,0.14288663290056694
m1241_06_fill_holes_and_orientation.obj,m1241,Jet,1,9,6,19372,7,19388,1.5067860893967728,0.5936813709933355,1,9,6,19372,0.14285714285714285,0.9995356276765904,0.1,0.9996903705232738,0.8571428571428571,0.0004643723234095248,0.9,0.0003096294767261843,0.0625,0.9992263255622035,0.11764705882352941,0.10638297872340426,0.13157894736842102,0.11914356069189547,0.14239277053373334,0.0996903705232739,307.6349206349206,0.857541075484499
m1242_06_fill_holes_and_orientation.obj,m1242,Jet,9,1,0,19378,7,19388,7.633777898023854,0.8408473500476039,9,1,0,19378,1.0,0.9999483977501419,0.9,1.0,0.0,5.1602249858093815e-05,0.1,0.0,0.9,0.9999484217041469,0.9473684210526316,0.9183673469387754,0.9782608695652175,0.9486588206384462,0.999948397750142,0.8999999999999999,19379.0,0.0
m1243_06_fill_holes_and_orientation.obj,m1243,Jet,9,1,0,19378,7,19388,6.88325745232991,0.8310028562361156,9,1,0,19378,1.0,0.9999483977501419,0.9,1.0,0.0,5.1602249858093815e-05,0.1,0.0,0.9,0.9999484217041469,0.9473684210526316,0.9183673469387754,0.9782608695652175,0.9486588206384462,0.999948397750142,0.8999999999999999,19379.0,0.0
m1245_06_fill_holes_and_orientation.obj,m1245,Jet,0,10,7,19371,7,19388,2.1211838763982627,0.759406537607109,0,10,7,19371,0.0,0.9994840307517672,0.0,0.9996387656104861,1.0,0.0005159692482328053,1.0,0.0003612343895138817,0.0,0.9991231689704972,,,,-0.0004317242596766064,-0.0005159692482328282,-0.00036123438951385367,0.0,1.0005162356099324
m1246_06_fill_holes_and_orientation.obj,m1246,Jet,9,1,0,19378,7,19388,7.808950171666906,0.8468105363376706,9,1,0,19378,1.0,0.9999483977501419,0.9,1.0,0.0,5.1602249858093815e-05,0.1,0.0,0.9,0.9999484217041469,0.9473684210526316,0.9183673469387754,0.9782608695652175,0.9486588206384462,0.999948397750142,0.8999999999999999,19379.0,0.0
m1247_06_fill_holes_and_orientation.obj,m1247,Jet,5,5,2,19376,7,19388,2.8586820945375773,0.6978990796572517,5,5,2,19376,0.7142857142857143,0.9997420153758836,0.5,0.9998967901744246,0.2857142857142857,0.00025798462411640266,0.5,0.00010320982557539478,0.4166666666666667,0.9996389519290283,0.588235294117647,0.5319148936170213,0.6578947368421053,0.5974447004981838,0.714027729661598,0.4998967901744247,2768.714285714286,0.28578801462781644
m1248_06_fill_holes_and_orientation.obj,m1248,Jet,4,6,3,19375,7,19388,3.2969260142595225,0.7318026023484607,4,6,3,19375,0.5714285714285714,0.9996904184510603,0.4,0.9998451852616369,0.42857142857142855,0.00030958154893968317,0.6,0.00015481473836309216,0.3076923076923077,0.9995357953373221,0.47058823529411764,0.425531914893617,0.5263157894736841,0.4778694155466117,0.5711189898796318,0.3998451852616369,1845.8095238095239,0.4287041474654378
m1249_06_fill_holes_and_orientation.obj,m1249,Jet,4,6,3,19375,7,19388,2.863913008433283,0.7447699143129165,4,6,3,19375,0.5714285714285714,0.9996904184510603,0.4,0.9998451852616369,0.42857142857142855,0.00030958154893968317,0.6,0.00015481473836309216,0.3076923076923077,0.9995357953373221,0.47058823529411764,0.425531914893617,0.5263157894736841,0.4778694155466117,0.5711189898796318,0.3998451852616369,1845.8095238095239,0.4287041474654378
m1250_06_fill_holes_and_orientation.obj,m1250,Jet,3,7,4,19374,7,19388,2.316881365073838,0.6391716915264996,3,7,4,19374,0.42857142857142855,0.9996388215262371,0.3,0.9997935803488492,0.5714285714285714,0.00036117847376296373,0.7,0.00020641965115078957,0.21428571428571427,0.9994326387456158,0.3529411764705882,0.3191489361702127,0.3947368421052631,0.3582941305950396,0.42821025009766567,0.2997935803488492,1186.5918367346937,0.5716350336975917
m1251_06_fill_holes_and_orientation.obj,m1251,Jet,1,9,6,19372,7,19388,2.0356996347230543,0.7349349412884798,1,9,6,19372,0.14285714285714285,0.9995356276765904,0.1,0.9996903705232738,0.8571428571428571,0.0004643723234095248,0.9,0.0003096294767261843,0.0625,0.9992263255622035,0.11764705882352941,0.10638297872340426,0.13157894736842102,0.11914356069189547,0.14239277053373334,0.0996903705232739,307.6349206349206,0.857541075484499
m1252_06_fill_holes_and_orientation.obj,m1252,Jet,9,1,0,19378,7,19388,7.877288426465971,0.8448524278006981,9,1,0,19378,1.0,0.9999483977501419,0.9,1.0,0.0,5.1602249858093815e-05,0.1,0.0,0.9,0.9999484217041469,0.9473684210526316,0.9183673469387754,0.9782608695652175,0.9486588206384462,0.999948397750142,0.8999999999999999,19379.0,0.0
m1253_06_fill_holes_and_orientation.obj,m1253,Jet,6,4,1,19377,7,19388,4.334098495578011,0.7908695652173913,6,4,1,19377,0.8571428571428571,0.9997936123007068,0.6,0.9999483950872123,0.14285714285714285,0.00020638769929312212,0.4,5.160491278769739e-05,0.5454545454545454,0.9997421085207345,0.7058823529411764,0.6382978723404255,0.7894736842105262,0.7170199854497559,0.8569364694435639,0.5999483950872122,4153.071428571428,0.14288663290056694
m1255_06_fill_holes_and_orientation.obj,m1255,Jet,3,7,4,19374,7,19388,3.336005198084998,0.7508759124087592,3,7,4,19374,0.42857142857142855,0.9996388215262371,0.3,0.9997935803488492,0.5714285714285714,0.00036117847376296373,0.7,0.00020641965115078957,0.21428571428571427,0.9994326387456158,0.3529411764705882,0.3191489361702127,0.3947368421052631,0.3582941305950396,0.42821025009766567,0.2997935803488492,1186.5918367346937,0.5716350336975917
m1256_06_fill_holes_and_orientation.obj,m1256,Jet,1,9,6,19372,7,19388,2.8527977221200547,0.7974960330053952,1,9,6,19372,0.14285714285714285,0.9995356276765904,0.1,0.9996903705232738,0.8571428571428571,0.0004643723234095248,0.9,0.0003096294767261843,0.0625,0.9992263255622035,0.11764705882352941,0.10638297872340426,0.13157894736842102,0.11914356069189547,0.14239277053373334,0.0996903705232739,307.6349206349206,0.857541075484499
m1257_06_fill_holes_and_orientation.obj,m1257,Jet,1,9,6,19372,7,19388,3.1081652086743117,0.8049635036496352,1,9,6,19372,0.14285714285714285,0.9995356276765904,0.1,0.9996903705232738,0.8571428571428571,0.0004643723234095248,0.9,0.0003096294767261843,0.0625,0.9992263255622035,0.11764705882352941,0.10638297872340426,0.13157894736842102,0.11914356069189547,0.14239277053373334,0.0996903705232739,307.6349206349206,0.857541075484499
m1258_06_fill_holes_and_orientation.obj,m1258,Jet,4,6,3,19375,7,19388,2.9325054987514174,0.6819041574103459,4,6,3,19375,0.5714285714285714,0.9996904184510603,0.4,0.9998451852616369,0.42857142857142855,0.00030958154893968317,0.6,0.00015481473836309216,0.3076923076923077,0.9995357953373221,0.47058823529411764,0.425531914893617,0.5263157894736841,0.4778694155466117,0.5711189898796318,0.3998451852616369,1845.8095238095239,0.4287041474654378
m1259_06_fill_holes_and_orientation.obj,m1259,Jet,1,9,6,19372,7,19388,2.531231152665437,0.7346747064423993,1,9,6,19372,0.14285714285714285,0.9995356276765904,0.1,0.9996903705232738,0.8571428571428571,0.0004643723234095248,0.9,0.0003096294767261843,0.0625,0.9992263255622035,0.11764705882352941,0.10638297872340426,0.13157894736842102,0.11914356069189547,0.14239277053373334,0.0996903705232739,307.6349206349206,0.857541075484499
m1260_06_fill_holes_and_orientation.obj,m1260,Jet,0,10,6,19372,6,19388,2.9610660071466235,0.7590828308473501,0,10,6,19372,0.0,0.9994840573728201,0.0,0.9996903705232738,1.0,0.0005159426271798576,1.0,0.0003096294767261843,0.0,0.9991747472663504,,,,-0.00039968868594749107,-0.0005159426271799106,-0.000309629476726192,0.0,1.0005162089613877
m1261_06_fill_holes_and_orientation.obj,m1261,Jet,5,5,2,19376,7,19388,2.8253162362723137,0.6949381148841638,5,5,2,19376,0.7142857142857143,0.9997420153758836,0.5,0.9998967901744246,0.2857142857142857,0.00025798462411640266,0.5,0.00010320982557539478,0.4166666666666667,0.9996389519290283,0.588235294117647,0.5319148936170213,0.6578947368421053,0.5974447004981838,0.714027729661598,0.4998967901744247,2768.714285714286,0.28578801462781644
m1262_06_fill_holes_and_orientation.obj,m1262,Jet,9,1,0,19378,7,19388,7.691868137157387,0.8276737543636941,9,1,0,19378,1.0,0.9999483977501419,0.9,1.0,0.0,5.1602249858093815e-05,0.1,0.0,0.9,0.9999484217041469,0.9473684210526316,0.9183673469387754,0.9782608695652175,0.9486588206384462,0.999948397750142,0.8999999999999999,19379.0,0.0
m1263_06_fill_holes_and_orientation.obj,m1263,Jet,7,3,0,19378,7,19388,4.971313017042875,0.7842716597905427,7,3,0,19378,1.0,0.9998452092255301,0.7,1.0,0.0,0.00015479077446984158,0.3,0.0,0.7,0.9998452651124407,0.8235294117647058,0.7446808510638298,0.9210526315789475,0.836595270401328,0.9998452092255301,0.7,6460.333333333334,0.0
m1264_06_fill_holes_and_orientation.obj,m1264,Jet,7,3,0,19378,7,19388,5.9273447518071105,0.831866074262139,7,3,0,19378,1.0,0.9998452092255301,0.7,1.0,0.0,0.00015479077446984158,0.3,0.0,0.7,0.9998452651124407,0.8235294117647058,0.7446808510638298,0.9210526315789475,0.836595270401328,0.9998452092255301,0.7,6460.333333333334,0.0
m1265_06_fill_holes_and_orientation.obj,m1265,Jet,1,9,6,19372,7,19388,2.000311015077113,0.7321961282132656,1,9,6,19372,0.14285714285714285,0.9995356276765904,0.1,0.9996903705232738,0.8571428571428571,0.0004643723234095248,0.9,0.0003096294767261843,0.0625,0.9992263255622035,0.11764705882352941,0.10638297872340426,0.13157894736842102,0.11914356069189547,0.14239277053373334,0.0996903705232739,307.6349206349206,0.857541075484499
m1266_06_fill_holes_and_orientation.obj,m1266,Jet,7,3,0,19378,7,19388,6.0660875707849415,0.8127705490320534,7,3,0,19378,1.0,0.9998452092255301,0.7,1.0,0.0,0.00015479077446984158,0.3,0.0,0.7,0.9998452651124407,0.8235294117647058,0.7446808510638298,0.9210526315789475,0.836595270401328,0.9998452092255301,0.7,6460.333333333334,0.0
m1267_06_fill_holes_and_orientation.obj,m1267,Jet,3,7,4,19374,7,19388,3.1817063195865325,0.7257061250396699,3,7,4,19374,0.42857142857142855,0.9996388215262371,0.3,0.9997935803488492,0.5714285714285714,0.00036117847376296373,0.7,0.00020641965115078957,0.21428571428571427,0.9994326387456158,0.3529411764705882,0.3191489361702127,0.3947368421052631,0.3582941305950396,0.42821025009766567,0.2997935803488492,1186.5918367346937,0.5716350336975917
m1268_06_fill_holes_and_orientation.obj,m1268,Jet,4,6,3,19375,7,19388,5.525354771429147,0.8484798476674071,4,6,3,19375,0.5714285714285714,0.9996904184510603,0.4,0.9998451852616369,0.42857142857142855,0.00030958154893968317,0.6,0.00015481473836309216,0.3076923076923077,0.9995357953373221,0.47058823529411764,0.425531914893617,0.5263157894736841,0.4778694155466117,0.5711189898796318,0.3998451852616369,1845.8095238095239,0.4287041474654378
m1269_06_fill_holes_and_orientation.obj,m1269,Jet,9,1,0,19378,7,19388,6.5804049458359275,0.8467724531894636,9,1,0,19378,1.0,0.9999483977501419,0.9,1.0,0.0,5.1602249858093815e-05,0.1,0.0,0.9,0.9999484217041469,0.9473684210526316,0.9183673469387754,0.9782608695652175,0.9486588206384462,0.999948397750142,0.8999999999999999,19379.0,0.0
m1271_06_fill_holes_and_orientation.obj,m1271,Jet,7,3,0,19378,7,19388,6.50431635008475,0.8501237702316724,7,3,0,19378,1.0,0.9998452092255301,0.7,1.0,0.0,0.00015479077446984158,0.3,0.0,0.7,0.9998452651124407,0.8235294117647058,0.7446808510638298,0.9210526315789475,0.836595270401328,0.9998452092255301,0.7,6460.333333333334,0.0
m1273_06_fill_holes_and_orientation.obj,m1273,Jet,6,4,1,19377,7,19388,5.721968020915813,0.8473690891780388,6,4,1,19377,0.8571428571428571,0.9997936123007068,0.6,0.9999483950872123,0.14285714285714285,0.00020638769929312212,0.4,5.160491278769739e-05,0.5454545454545454,0.9997421085207345,0.7058823529411764,0.6382978723404255,0.7894736842105262,0.7170199854497559,0.8569364694435639,0.5999483950872122,4153.071428571428,0.14288663290056694
m1274_06_fill_holes_and_orientation.obj,m1274,Jet,6,4,1,19377,7,19388,4.533139443540839,0.791900983814662,6,4,1,19377,0.8571428571428571,0.9997936123007068,0.6,0.9999483950872123,0.14285714285714285,0.00020638769929312212,0.4,5.160491278769739e-05,0.5454545454545454,0.9997421085207345,0.7058823529411764,0.6382978723404255,0.7894736842105262,0.7170199854497559,0.8569364694435639,0.5999483950872122,4153.071428571428,0.14288663290056694
m1275_06_fill_holes_and_orientation.obj,m1275,Jet,3,7,4,19374,7,19388,3.3816062988118247,0.7811869247857823,3,7,4,19374,0.42857142857142855,0.9996388215262371,0.3,0.9997935803488492,0.5714285714285714,0.00036117847376296373,0.7,0.00020641965115078957,0.21428571428571427,0.9994326387456158,0.3529411764705882,0.3191489361702127,0.3947368421052631,0.3582941305950396,0.42821025009766567,0.2997935803488492,1186.5918367346937,0.5716350336975917
m1276_06_fill_holes_and_orientation.obj,m1276,Jet,7,3,0,19378,7,19388,5.264326588478707,0.8372135829895271,7,3,0,19378,1.0,0.9998452092255301,0.7,1.0,0.0,0.00015479077446984158,0.3,0.0,0.7,0.9998452651124407,0.8235294117647058,0.7446808510638298,0.9210526315789475,0.836595270401328,0.9998452092255301,0.7,6460.333333333334,0.0
m1277_06_fill_holes_and_orientation.obj,m1277,Jet,1,9,6,19372,7,19388,2.1427732232053,0.7605204696921612,1,9,6,19372,0.14285714285714285,0.9995356276765904,0.1,0.9996903705232738,0.8571428571428571,0.0004643723234095248,0.9,0.0003096294767261843,0.0625,0.9992263255622035,0.11764705882352941,0.10638297872340426,0.13157894736842102,0.11914356069189547,0.14239277053373334,0.0996903705232739,307.6349206349206,0.857541075484499
m1278_06_fill_holes_and_orientation.obj,m1278,Jet,1,9,6,19372,7,19388,2.084919323337712,0.7595366550301492,1,9,6,19372,0.14285714285714285,0.9995356276765904,0.1,0.9996903705232738,0.8571428571428571,0.0004643723234095248,0.9,0.0003096294767261843,0.0625,0.9992263255622035,0.11764705882352941,0.10638297872340426,0.13157894736842102,0.11914356069189547,0.14239277053373334,0.0996903705232739,307.6349206349206,0.857541075484499
m1279_06_fill_holes_and_orientation.obj,m1279,Jet,5,5,2,19376,7,19388,4.331574395903189,0.8429419231989844,5,5,2,19376,0.7142857142857143,0.9997420153758836,0.5,0.9998967901744246,0.2857142857142857,0.00025798462411640266,0.5,0.00010320982557539478,0.4166666666666667,0.9996389519290283,0.588235294117647,0.5319148936170213,0.6578947368421053,0.5974447004981838,0.714027729661598,0.4998967901744247,2768.714285714286,0.28578801462781644
m1280_06_fill_holes_and_orientation.obj,m1280,Jet,6,4,1,19377,7,19388,4.038493792482126,0.8060964773087909,6,4,1,19377,0.8571428571428571,0.9997936123007068,0.6,0.9999483950872123,0.14285714285714285,0.00020638769929312212,0.4,5.160491278769739e-05,0.5454545454545454,0.9997421085207345,0.7058823529411764,0.6382978723404255,0.7894736842105262,0.7170199854497559,0.8569364694435639,0.5999483950872122,4153.071428571428,0.14288663290056694
m1281_06_fill_holes_and_orientation.obj,m1281,Jet,0,10,7,19371,7,19388,1.8814976862623942,0.7411869247857823,0,10,7,19371,0.0,0.9994840307517672,0.0,0.9996387656104861,1.0,0.0005159692482328053,1.0,0.0003612343895138817,0.0,0.9991231689704972,,,,-0.0004317242596766064,-0.0005159692482328282,-0.00036123438951385367,0.0,1.0005162356099324
m1282_06_fill_holes_and_orientation.obj,m1282,Jet,0,10,7,19371,7,19388,2.85084209794134,0.8231132973659155,0,10,7,19371,0.0,0.9994840307517672,0.0,0.9996387656104861,1.0,0.0005159692482328053,1.0,0.0003612343895138817,0.0,0.9991231689704972,,,,-0.0004317242596766064,-0.0005159692482328282,-0.00036123438951385367,0.0,1.0005162356099324
m1283_06_fill_holes_and_orientation.obj,m1283,Jet,5,5,2,19376,7,19388,3.4796941193802127,0.7750428435417327,5,5,2,19376,0.7142857142857143,0.9997420153758836,0.5,0.9998967901744246,0.2857142857142857,0.00025798462411640266,0.5,0.00010320982557539478,0.4166666666666667,0.9996389519290283,0.588235294117647,0.5319148936170213,0.6578947368421053,0.5974447004981838,0.714027729661598,0.4998967901744247,2768.714285714286,0.28578801462781644
m1284_06_fill_holes_and_orientation.obj,m1284,Jet,1,9,6,19372,7,19388,2.0493895784257137,0.7461472548397333,1,9,6,19372,0.14285714285714285,0.9995356276765904,0.1,0.9996903705232738,0.8571428571428571,0.0004643723234095248,0.9,0.0003096294767261843,0.0625,0.9992263255622035,0.11764705882352941,0.10638297872340426,0.13157894736842102,0.11914356069189547,0.14239277053373334,0.0996903705232739,307.6349206349206,0.857541075484499
m1285_06_fill_holes_and_orientation.obj,m1285,Jet,1,9,6,19372,7,19388,2.092237278433198,0.758978102189781,1,9,6,19372,0.14285714285714285,0.9995356276765904,0.1,0.9996903705232738,0.8571428571428571,0.0004643723234095248,0.9,0.0003096294767261843,0.0625,0.9992263255622035,0.11764705882352941,0.10638297872340426,0.13157894736842102,0.11914356069189547,0.14239277053373334,0.0996903705232739,307.6349206349206,0.857541075484499
m1286_06_fill_holes_and_orientation.obj,m1286,Jet,6,4,1,19377,7,19388,4.94376439461282,0.7958711520152333,6,4,1,19377,0.8571428571428571,0.9997936123007068,0.6,0.9999483950872123,0.14285714285714285,0.00020638769929312212,0.4,5.160491278769739e-05,0.5454545454545454,0.9997421085207345,0.7058823529411764,0.6382978723404255,0.7894736842105262,0.7170199854497559,0.8569364694435639,0.5999483950872122,4153.071428571428,0.14288663290056694
m1287_06_fill_holes_and_orientation.obj,m1287,Jet,1,9,6,19372,7,19388,2.2072585972698366,0.7602158045065059,1,9,6,19372,0.14285714285714285,0.9995356276765904,0.1,0.9996903705232738,0.8571428571428571,0.0004643723234095248,0.9,0.0003096294767261843,0.0625,0.9992263255622035,0.11764705882352941,0.10638297872340426,0.13157894736842102,0.11914356069189547,0.14239277053373334,0.0996903705232739,307.6349206349206,0.857541075484499
m1288_06_fill_holes_and_orientation.obj,m1288,Jet,3,7,4,19374,7,19388,2.6980090914483057,0.6877562678514757,3,7,4,19374,0.42857142857142855,0.9996388215262371,0.3,0.9997935803488492,0.5714285714285714,0.00036117847376296373,0.7,0.00020641965115078957,0.21428571428571427,0.9994326387456158,0.3529411764705882,0.3191489361702127,0.3947368421052631,0.3582941305950396,0.42821025009766567,0.2997935803488492,1186.5918367346937,0.5716350336975917
m1289_06_fill_holes_and_orientation.obj,m1289,Jet,5,5,2,19376,7,19388,2.538351590016021,0.6578673437004126,5,5,2,19376,0.7142857142857143,0.9997420153758836,0.5,0.9998967901744246,0.2857142857142857,0.00025798462411640266,0.5,0.00010320982557539478,0.4166666666666667,0.9996389519290283,0.588235294117647,0.5319148936170213,0.6578947368421053,0.5974447004981838,0.714027729661598,0.4998967901744247,2768.714285714286,0.28578801462781644
m1290_06_fill_holes_and_orientation.obj,m1290,Jet,2,8,5,19373,7,19388,3.4883929592573595,0.7706823230720405,2,8,5,19373,0.2857142857142857,0.9995872246014138,0.2,0.9997419754360615,0.7142857142857143,0.00041277539858624424,0.8,0.0002580245639384869,0.13333333333333333,0.9993294821539096,0.23529411764705882,0.2127659574468085,0.26315789473684204,0.23871884564346754,0.2853015103156995,0.19974197543606143,692.1785714285714,0.7145806756089108
m1291_06_fill_holes_and_orientation.obj,m1291,Jet,2,8,5,19373,7,19388,2.341020900215984,0.6816724849254205,2,8,5,19373,0.2857142857142857,0.9995872246014138,0.2,0.9997419754360615,0.7142857142857143,0.00041277539858624424,0.8,0.0002580245639384869,0.13333333333333333,0.9993294821539096,0.23529411764705882,0.2127659574468085,0.26315789473684204,0.23871884564346754,0.2853015103156995,0.19974197543606143,692.1785714285714,0.7145806756089108
m1292_06_fill_holes_and_orientation.obj,m1292,Jet,4,6,3,19375,7,19388,3.6143232776884093,0.7862519834973023,4,6,3,19375,0.5714285714285714,0.9996904184510603,0.4,0.9998451852616369,0.42857142857142855,0.00030958154893968317,0.6,0.00015481473836309216,0.3076923076923077,0.9995357953373221,0.47058823529411764,0.425531914893617,0.5263157894736841,0.4778694155466117,0.5711189898796318,0.3998451852616369,1845.8095238095239,0.4287041474654378
m1293_06_fill_holes_and_orientation.obj,m1293,Jet,1,9,6,19372,7,19388,1.8950342433280738,0.721196445572834,1,9,6,19372,0.14285714285714285,0.9995356276765904,0.1,0.9996903705232738,0.8571428571428571,0.0004643723234095248,0.9,0.0003096294767261843,0.0625,0.9992263255622035,0.11764705882352941,0.10638297872340426,0.13157894736842102,0.11914356069189547,0.14239277053373334,0.0996903705232739,307.6349206349206,0.857541075484499
m1296_06_fill_holes_and_orientation.obj,m1296,Jet,0,10,7,19371,7,19388,2.3545938222723737,0.7592383370358616,0,10,7,19371,0.0,0.9994840307517672,0.0,0.9996387656104861,1.0,0.0005159692482328053,1.0,0.0003612343895138817,0.0,0.9991231689704972,,,,-0.0004317242596766064,-0.0005159692482328282,-0.00036123438951385367,0.0,1.0005162356099324
m1297_06_fill_holes_and_orientation.obj,m1297,Jet,0,10,7,19371,7,19388,1.5389315021442973,0.670701364646144,0,10,7,19371,0.0,0.9994840307517672,0.0,0.9996387656104861,1.0,0.0005159692482328053,1.0,0.0003612343895138817,0.0,0.9991231689704972,,,,-0.0004317242596766064,-0.0005159692482328282,-0.00036123438951385367,0.0,1.0005162356099324
m1298_06_fill_holes_and_orientation.obj,m1298,Jet,2,8,5,19373,7,19388,1.7894680772807396,0.6416597905426848,2,8,5,19373,0.2857142857142857,0.9995872246014138,0.2,0.9997419754360615,0.7142857142857143,0.00041277539858624424,0.8,0.0002580245639384869,0.13333333333333333,0.9993294821539096,0.23529411764705882,0.2127659574468085,0.26315789473684204,0.23871884564346754,0.2853015103156995,0.19974197543606143,692.1785714285714,0.7145806756089108
m1299_06_fill_holes_and_orientation.obj,m1299,Jet,4,6,3,19375,7,19388,3.443568618107703,0.7542780069819104,4,6,3,19375,0.5714285714285714,0.9996904184510603,0.4,0.9998451852616369,0.42857142857142855,0.00030958154893968317,0.6,0.00015481473836309216,0.3076923076923077,0.9995357953373221,0.47058823529411764,0.425531914893617,0.5263157894736841,0.4778694155466117,0.5711189898796318,0.3998451852616369,1845.8095238095239,0.4287041474654378
m1300_06_fill_holes_and_orientation.obj,m1300,Jet,2,8,5,19373,7,19388,2.579957260370378,0.717007299270073,2,8,5,19373,0.2857142857142857,0.9995872246014138,0.2,0.9997419754360615,0.7142857142857143,0.00041277539858624424,0.8,0.0002580245639384869,0.13333333333333333,0.9993294821539096,0.23529411764705882,0.2127659574468085,0.26315789473684204,0.23871884564346754,0.2853015103156995,0.19974197543606143,692.1785714285714,0.7145806756089108
m1301_06_fill_holes_and_orientation.obj,m1301,Jet,2,8,5,19373,7,19388,3.6689616467569084,0.8315963186290067,2,8,5,19373,0.2857142857142857,0.9995872246014138,0.2,0.9997419754360615,0.7142857142857143,0.00041277539858624424,0.8,0.0002580245639384869,0.13333333333333333,0.9993294821539096,0.23529411764705882,0.2127659574468085,0.26315789473684204,0.23871884564346754,0.2853015103156995,0.19974197543606143,692.1785714285714,0.7145806756089108
D01015_06_fill_holes_and_orientation.obj,d01015,Knife,0,10,7,19371,7,19388,0.08750765715629376,0.776881236266705,0,10,7,19371,0.0,0.9994840307517672,0.0,0.9996387656104861,1.0,0.0005159692482328053,1.0,0.0003612343895138817,0.0,0.9991231689704972,,,,-0.0004317242596766064,-0.0005159692482328282,-0.00036123438951385367,0.0,1.0005162356099324
D01025_06_fill_holes_and_orientation.obj,d01025,Knife,0,10,7,19371,7,19388,0.17710480619792474,0.8651705630200641,0,10,7,19371,0.0,0.9994840307517672,0.0,0.9996387656104861,1.0,0.0005159692482328053,1.0,0.0003612343895138817,0.0,0.9991231689704972,,,,-0.0004317242596766064,-0.0005159692482328282,-0.00036123438951385367,0.0,1.0005162356099324
D01032_06_fill_holes_and_orientation.obj,d01032,Knife,0,10,7,19371,7,19388,0.19501492492504605,0.8688267713699074,0,10,7,19371,0.0,0.9994840307517672,0.0,0.9996387656104861,1.0,0.0005159692482328053,1.0,0.0003612343895138817,0.0,0.9991231689704972,,,,-0.0004317242596766064,-0.0005159692482328282,-0.00036123438951385367,0.0,1.0005162356099324
D01051_06_fill_holes_and_orientation.obj,d01051,Knife,1,9,6,19372,7,19388,0.22058592363843393,0.8710961420698102,1,9,6,19372,0.14285714285714285,0.9995356276765904,0.1,0.9996903705232738,0.8571428571428571,0.0004643723234095248,0.9,0.0003096294767261843,0.0625,0.9992263255622035,0.11764705882352941,0.10638297872340426,0.13157894736842102,0.11914356069189547,0.14239277053373334,0.0996903705232739,307.6349206349206,0.857541075484499
D01054_06_fill_holes_and_orientation.obj,d01054,Knife,3,7,4,19374,7,19388,0.5084373199374493,0.9172580238464033,3,7,4,19374,0.42857142857142855,0.9996388215262371,0.3,0.9997935803488492,0.5714285714285714,0.00036117847376296373,0.7,0.00020641965115078957,0.21428571428571427,0.9994326387456158,0.3529411764705882,0.3191489361702127,0.3947368421052631,0.3582941305950396,0.42821025009766567,0.2997935803488492,1186.5918367346937,0.5716350336975917
D01057_06_fill_holes_and_orientation.obj,d01057,Knife,2,8,5,19373,7,19388,0.4979550173268744,0.9085047368610641,2,8,5,19373,0.2857142857142857,0.9995872246014138,0.2,0.9997419754360615,0.7142857142857143,0.00041277539858624424,0.8,0.0002580245639384869,0.13333333333333333,0.9993294821539096,0.23529411764705882,0.2127659574468085,0.26315789473684204,0.23871884564346754,0.2853015103156995,0.19974197543606143,692.1785714285714,0.7145806756089108
D01063_06_fill_holes_and_orientation.obj,d01063,Knife,1,9,6,19372,7,19388,0.33782709158021723,0.9176002305392458,1,9,6,19372,0.14285714285714285,0.9995356276765904,0.1,0.9996903705232738,0.8571428571428571,0.0004643723234095248,0.9,0.0003096294767261843,0.0625,0.9992263255622035,0.11764705882352941,0.10638297872340426,0.13157894736842102,0.11914356069189547,0.14239277053373334,0.0996903705232739,307.6349206349206,0.857541075484499
D01075_06_fill_holes_and_orientation.obj,d01075,Knife,0,10,7,19371,7,19388,0.11209625117316051,0.8067612838154246,0,10,7,19371,0.0,0.9994840307517672,0.0,0.9996387656104861,1.0,0.0005159692482328053,1.0,0.0003612343895138817,0.0,0.9991231689704972,,,,-0.0004317242596766064,-0.0005159692482328282,-0.00036123438951385367,0.0,1.0005162356099324
D01077_06_fill_holes_and_orientation.obj,d01077,Knife,3,7,4,19374,7,19388,0.4244071238435888,0.8753106876553438,3,7,4,19374,0.42857142857142855,0.9996388215262371,0.3,0.9997935803488492,0.5714285714285714,0.00036117847376296373,0.7,0.00020641965115078957,0.21428571428571427,0.9994326387456158,0.3529411764705882,0.3191489361702127,0.3947368421052631,0.3582941305950396,0.42821025009766567,0.2997935803488492,1186.5918367346937,0.5716350336975917
D01107_06_fill_holes_and_orientation.obj,d01107,Knife,1,9,6,19372,7,19388,0.21071379948944324,0.8266092720002882,1,9,6,19372,0.14285714285714285,0.9995356276765904,0.1,0.9996903705232738,0.8571428571428571,0.0004643723234095248,0.9,0.0003096294767261843,0.0625,0.9992263255622035,0.11764705882352941,0.10638297872340426,0.13157894736842102,0.11914356069189547,0.14239277053373334,0.0996903705232739,307.6349206349206,0.857541075484499
D01119_06_fill_holes_and_orientation.obj,d01119,Knife,3,7,4,19374,7,19388,0.6166492607123493,0.8462231187637332,3,7,4,19374,0.42857142857142855,0.9996388215262371,0.3,0.9997935803488492,0.5714285714285714,0.00036117847376296373,0.7,0.00020641965115078957,0.21428571428571427,0.9994326387456158,0.3529411764705882,0.3191489361702127,0.3947368421052631,0.3582941305950396,0.42821025009766567,0.2997935803488492,1186.5918367346937,0.5716350336975917
D01132_06_fill_holes_and_orientation.obj,d01132,Knife,2,8,5,19373,7,19388,0.466227402061085,0.9026512013256006,2,8,5,19373,0.2857142857142857,0.9995872246014138,0.2,0.9997419754360615,0.7142857142857143,0.00041277539858624424,0.8,0.0002580245639384869,0.13333333333333333,0.9993294821539096,0.23529411764705882,0.2127659574468085,0.26315789473684204,0.23871884564346754,0.2853015103156995,0.19974197543606143,692.1785714285714,0.7145806756089108
D01150_06_fill_holes_and_orientation.obj,d01150,Knife,0,10,7,19371,7,19388,0.0369847007730291,0.565937826447174,0,10,7,19371,0.0,0.9994840307517672,0.0,0.9996387656104861,1.0,0.0005159692482328053,1.0,0.0003612343895138817,0.0,0.9991231689704972,,,,-0.0004317242596766064,-0.0005159692482328282,-0.00036123438951385367,0.0,1.0005162356099324
D01168_06_fill_holes_and_orientation.obj,d01168,Knife,3,7,4,19374,7,19388,0.6025684672106778,0.9018227009113505,3,7,4,19374,0.42857142857142855,0.9996388215262371,0.3,0.9997935803488492,0.5714285714285714,0.00036117847376296373,0.7,0.00020641965115078957,0.21428571428571427,0.9994326387456158,0.3529411764705882,0.3191489361702127,0.3947368421052631,0.3582941305950396,0.42821025009766567,0.2997935803488492,1186.5918367346937,0.5716350336975917
D01174_06_fill_holes_and_orientation.obj,d01174,Knife,1,9,6,19372,7,19388,0.15072055362037795,0.8570116350275567,1,9,6,19372,0.14285714285714285,0.9995356276765904,0.1,0.9996903705232738,0.8571428571428571,0.0004643723234095248,0.9,0.0003096294767261843,0.0625,0.9992263255622035,0.11764705882352941,0.10638297872340426,0.13157894736842102,0.11914356069189547,0.14239277053373334,0.0996903705232739,307.6349206349206,0.857541075484499
D01187_06_fill_holes_and_orientation.obj,d01187,Knife,1,9,6,19372,7,19388,0.20123094988432993,0.8707179136198264,1,9,6,19372,0.14285714285714285,0.9995356276765904,0.1,0.9996903705232738,0.8571428571428571,0.0004643723234095248,0.9,0.0003096294767261843,0.0625,0.9992263255622035,0.11764705882352941,0.10638297872340426,0.13157894736842102,0.11914356069189547,0.14239277053373334,0.0996903705232739,307.6349206349206,0.857541075484499
D01189_06_fill_holes_and_orientation.obj,d01189,Knife,2,8,5,19373,7,19388,0.3859597172717483,0.8764453730052952,2,8,5,19373,0.2857142857142857,0.9995872246014138,0.2,0.9997419754360615,0.7142857142857143,0.00041277539858624424,0.8,0.0002580245639384869,0.13333333333333333,0.9993294821539096,0.23529411764705882,0.2127659574468085,0.26315789473684204,0.23871884564346754,0.2853015103156995,0.19974197543606143,692.1785714285714,0.7145806756089108
m722_06_fill_holes_and_orientation.obj,m722,Knife,0,10,7,19371,7,19388,0.19223217703744067,0.871996685998343,0,10,7,19371,0.0,0.9994840307517672,0.0,0.9996387656104861,1.0,0.0005159692482328053,1.0,0.0003612343895138817,0.0,0.9991231689704972,,,,-0.0004317242596766064,-0.0005159692482328282,-0.00036123438951385367,0.0,1.0005162356099324
m723_06_fill_holes_and_orientation.obj,m723,Knife,0,10,7,19371,7,19388,0.05649001356562664,0.6954900760059075,0,10,7,19371,0.0,0.9994840307517672,0.0,0.9996387656104861,1.0,0.0005159692482328053,1.0,0.0003612343895138817,0.0,0.9991231689704972,,,,-0.0004317242596766064,-0.0005159692482328282,-0.00036123438951385367,0.0,1.0005162356099324
m724_06_fill_holes_and_orientation.obj,m724,Knife,3,7,4,19374,7,19388,0.33274375331291756,0.863441518677281,3,7,4,19374,0.42857142857142855,0.9996388215262371,0.3,0.9997935803488492,0.5714285714285714,0.00036117847376296373,0.7,0.00020641965115078957,0.21428571428571427,0.9994326387456158,0.3529411764705882,0.3191489361702127,0.3947368421052631,0.3582941305950396,0.42821025009766567,0.2997935803488492,1186.5918367346937,0.5716350336975917
m725_06_fill_holes_and_orientation.obj,m725,Knife,0,10,7,19371,7,19388,0.11025388376320419,0.7576456179532437,0,10,7,19371,0.0,0.9994840307517672,0.0,0.9996387656104861,1.0,0.0005159692482328053,1.0,0.0003612343895138817,0.0,0.9991231689704972,,,,-0.0004317242596766064,-0.0005159692482328282,-0.00036123438951385367,0.0,1.0005162356099324
m726_06_fill_holes_and_orientation.obj,m726,Knife,0,10,7,19371,7,19388,0.0929245103629635,0.7602211735888476,0,10,7,19371,0.0,0.9994840307517672,0.0,0.9996387656104861,1.0,0.0005159692482328053,1.0,0.0003612343895138817,0.0,0.9991231689704972,,,,-0.0004317242596766064,-0.0005159692482328282,-0.00036123438951385367,0.0,1.0005162356099324
m727_06_fill_holes_and_orientation.obj,m727,Knife,0,10,7,19371,7,19388,0.03071497755673421,0.5140664961636828,0,10,7,19371,0.0,0.9994840307517672,0.0,0.9996387656104861,1.0,0.0005159692482328053,1.0,0.0003612343895138817,0.0,0.9991231689704972,,,,-0.0004317242596766064,-0.0005159692482328282,-0.00036123438951385367,0.0,1.0005162356099324
m728_06_fill_holes_and_orientation.obj,m728,Knife,1,9,6,19372,7,19388,0.09494280266571933,0.658009437700371,1,9,6,19372,0.14285714285714285,0.9995356276765904,0.1,0.9996903705232738,0.8571428571428571,0.0004643723234095248,0.9,0.0003096294767261843,0.0625,0.9992263255622035,0.11764705882352941,0.10638297872340426,0.13157894736842102,0.11914356069189547,0.14239277053373334,0.0996903705232739,307.6349206349206,0.857541075484499
D00017_06_fill_holes_and_orientation.obj,d00017,MilitaryVehicle,1,9,6,19372,7,19388,0.508466267887448,0.9344173087806364,1,9,6,19372,0.14285714285714285,0.9995356276765904,0.1,0.9996903705232738,0.8571428571428571,0.0004643723234095248,0.9,0.0003096294767261843,0.0625,0.9992263255622035,0.11764705882352941,0.10638297872340426,0.13157894736842102,0.11914356069189547,0.14239277053373334,0.0996903705232739,307.6349206349206,0.857541075484499
D00051_06_fill_holes_and_orientation.obj,d00051,MilitaryVehicle,3,7,4,19374,7,19388,0.46297182171485235,0.9024639763179663,3,7,4,19374,0.42857142857142855,0.9996388215262371,0.3,0.9997935803488492,0.5714285714285714,0.00036117847376296373,0.7,0.00020641965115078957,0.21428571428571427,0.9994326387456158,0.3529411764705882,0.3191489361702127,0.3947368421052631,0.3582941305950396,0.42821025009766567,0.2997935803488492,1186.5918367346937,0.5716350336975917
D00100_06_fill_holes_and_orientation.obj,d00100,MilitaryVehicle,2,8,5,19373,7,19388,0.25170565629676483,0.9136302294197032,2,8,5,19373,0.2857142857142857,0.9995872246014138,0.2,0.9997419754360615,0.7142857142857143,0.00041277539858624424,0.8,0.0002580245639384869,0.13333333333333333,0.9993294821539096,0.23529411764705882,0.2127659574468085,0.26315789473684204,0.23871884564346754,0.2853015103156995,0.19974197543606143,692.1785714285714,0.7145806756089108
D00173_06_fill_holes_and_orientation.obj,d00173,MilitaryVehicle,5,5,2,19376,7,19388,0.7842707453480767,0.9451699969526794,5,5,2,19376,0.7142857142857143,0.9997420153758836,0.5,0.9998967901744246,0.2857142857142857,0.00025798462411640266,0.5,0.00010320982557539478,0.4166666666666667,0.9996389519290283,0.588235294117647,0.5319148936170213,0.6578947368421053,0.5974447004981838,0.714027729661598,0.4998967901744247,2768.714285714286,0.28578801462781644
D00272_06_fill_holes_and_orientation.obj,d00272,MilitaryVehicle,6,4,1,19377,7,19388,1.2538236346226204,0.9316964868747551,6,4,1,19377,0.8571428571428571,0.9997936123007068,0.6,0.9999483950872123,0.14285714285714285,0.00020638769929312212,0.4,5.160491278769739e-05,0.5454545454545454,0.9997421085207345,0.7058823529411764,0.6382978723404255,0.7894736842105262,0.7170199854497559,0.8569364694435639,0.5999483950872122,4153.071428571428,0.14288663290056694
D00334_06_fill_holes_and_orientation.obj,d00334,MilitaryVehicle,2,8,5,19373,7,19388,0.2882387763794393,0.7280701754385965,2,8,5,19373,0.2857142857142857,0.9995872246014138,0.2,0.9997419754360615,0.7142857142857143,0.00041277539858624424,0.8,0.0002580245639384869,0.13333333333333333,0.9993294821539096,0.23529411764705882,0.2127659574468085,0.26315789473684204,0.23871884564346754,0.2853015103156995,0.19974197543606143,692.1785714285714,0.7145806756089108
D00458_06_fill_holes_and_orientation.obj,d00458,MilitaryVehicle,6,4,1,19377,7,19388,1.127385737725236,0.9473684210526316,6,4,1,19377,0.8571428571428571,0.9997936123007068,0.6,0.9999483950872123,0.14285714285714285,0.00020638769929312212,0.4,5.160491278769739e-05,0.5454545454545454,0.9997421085207345,0.7058823529411764,0.6382978723404255,0.7894736842105262,0.7170199854497559,0.8569364694435639,0.5999483950872122,4153.071428571428,0.14288663290056694
D00529_06_fill_holes_and_orientation.obj,d00529,MilitaryVehicle,5,5,2,19376,7,19388,0.9224798809921414,0.9385311915023291,5,5,2,19376,0.7142857142857143,0.9997420153758836,0.5,0.9998967901744246,0.2857142857142857,0.00025798462411640266,0.5,0.00010320982557539478,0.4166666666666667,0.9996389519290283,0.588235294117647,0.5319148936170213,0.6578947368421053,0.5974447004981838,0.714027729661598,0.4998967901744247,2768.714285714286,0.28578801462781644
D00577_06_fill_holes_and_orientation.obj,d00577,MilitaryVehicle,5,5,2,19376,7,19388,0.8174901147036403,0.9116277044969745,5,5,2,19376,0.7142857142857143,0.9997420153758836,0.5,0.9998967901744246,0.2857142857142857,0.00025798462411640266,0.5,0.00010320982557539478,0.4166666666666667,0.9996389519290283,0.588235294117647,0.5319148936170213,0.6578947368421053,0.5974447004981838,0.714027729661598,0.4998967901744247,2768.714285714286,0.28578801462781644
D00611_06_fill_holes_and_orientation.obj,d00611,MilitaryVehicle,1,9,6,19372,7,19388,0.21948050481145134,0.9011579818031431,1,9,6,19372,0.14285714285714285,0.9995356276765904,0.1,0.9996903705232738,0.8571428571428571,0.0004643723234095248,0.9,0.0003096294767261843,0.0625,0.9992263255622035,0.11764705882352941,0.10638297872340426,0.13157894736842102,0.11914356069189547,0.14239277053373334,0.0996903705232739,307.6349206349206,0.857541075484499
D00723_06_fill_holes_and_orientation.obj,d00723,MilitaryVehicle,5,5,2,19376,7,19388,0.7725448986736022,0.9154150885899612,5,5,2,19376,0.7142857142857143,0.9997420153758836,0.5,0.9998967901744246,0.2857142857142857,0.00025798462411640266,0.5,0.00010320982557539478,0.4166666666666667,0.9996389519290283,0.588235294117647,0.5319148936170213,0.6578947368421053,0.5974447004981838,0.714027729661598,0.4998967901744247,2768.714285714286,0.28578801462781644
D00761_06_fill_holes_and_orientation.obj,d00761,MilitaryVehicle,4,6,2,19376,6,19388,0.7179573920026444,0.9381611597231292,4,6,2,19376,0.6666666666666666,0.9996904344236921,0.4,0.9998967901744246,0.3333333333333333,0.00030956557630791457,0.6,0.00010320982557539478,0.3333333333333333,0.9995873736331752,0.5,0.43478260869565216,0.5882352941176471,0.5162112608573829,0.6663571010903588,0.3998967901744246,2153.555555555555,0.3334365538122763
D00778_06_fill_holes_and_orientation.obj,d00778,MilitaryVehicle,5,5,2,19376,7,19388,0.7655810083361706,0.9276914370292979,5,5,2,19376,0.7142857142857143,0.9997420153758836,0.5,0.9998967901744246,0.2857142857142857,0.00025798462411640266,0.5,0.00010320982557539478,0.4166666666666667,0.9996389519290283,0.588235294117647,0.5319148936170213,0.6578947368421053,0.5974447004981838,0.714027729661598,0.4998967901744247,2768.714285714286,0.28578801462781644
D00799_06_fill_holes_and_orientation.obj,d00799,MilitaryVehicle,0,10,7,19371,7,19388,0.06196699264096439,0.812938052326847,0,10,7,19371,0.0,0.9994840307517672,0.0,0.9996387656104861,1.0,0.0005159692482328053,1.0,0.0003612343895138817,0.0,0.9991231689704972,,,,-0.0004317242596766064,-0.0005159692482328282,-0.00036123438951385367,0.0,1.0005162356099324
D00801_06_fill_holes_and_orientation.obj,d00801,MilitaryVehicle,2,8,5,19373,7,19388,0.2216701368176066,0.6946802490096209,2,8,5,19373,0.2857142857142857,0.9995872246014138,0.2,0.9997419754360615,0.7142857142857143,0.00041277539858624424,0.8,0.0002580245639384869,0.13333333333333333,0.9993294821539096,0.23529411764705882,0.2127659574468085,0.26315789473684204,0.23871884564346754,0.2853015103156995,0.19974197543606143,692.1785714285714,0.7145806756089108
D00918_06_fill_holes_and_orientation.obj,d00918,MilitaryVehicle,6,4,1,19377,7,19388,1.011622331099388,0.9330024813895782,6,4,1,19377,0.8571428571428571,0.9997936123007068,0.6,0.9999483950872123,0.14285714285714285,0.00020638769929312212,0.4,5.160491278769739e-05,0.5454545454545454,0.9997421085207345,0.7058823529411764,0.6382978723404255,0.7894736842105262,0.7170199854497559,0.8569364694435639,0.5999483950872122,4153.071428571428,0.14288663290056694
D00932_06_fill_holes_and_orientation.obj,d00932,MilitaryVehicle,4,6,3,19375,7,19388,0.8610180364087963,0.9654129119324366,4,6,3,19375,0.5714285714285714,0.9996904184510603,0.4,0.9998451852616369,0.42857142857142855,0.00030958154893968317,0.6,0.00015481473836309216,0.3076923076923077,0.9995357953373221,0.47058823529411764,0.425531914893617,0.5263157894736841,0.4778694155466117,0.5711189898796318,0.3998451852616369,1845.8095238095239,0.4287041474654378
D00933_06_fill_holes_and_orientation.obj,d00933,MilitaryVehicle,3,7,4,19374,7,19388,0.3982194591983189,0.8124156545209177,3,7,4,19374,0.42857142857142855,0.9996388215262371,0.3,0.9997935803488492,0.5714285714285714,0.00036117847376296373,0.7,0.00020641965115078957,0.21428571428571427,0.9994326387456158,0.3529411764705882,0.3191489361702127,0.3947368421052631,0.3582941305950396,0.42821025009766567,0.2997935803488492,1186.5918367346937,0.5716350336975917
D00952_06_fill_holes_and_orientation.obj,d00952,MilitaryVehicle,0,10,7,19371,7,19388,0.10030824216357637,0.8453484828697053,0,10,7,19371,0.0,0.9994840307517672,0.0,0.9996387656104861,1.0,0.0005159692482328053,1.0,0.0003612343895138817,0.0,0.9991231689704972,,,,-0.0004317242596766064,-0.0005159692482328282,-0.00036123438951385367,0.0,1.0005162356099324
D00971_06_fill_holes_and_orientation.obj,d00971,MilitaryVehicle,4,6,2,19376,6,19388,0.9758580586859654,0.9494797788515955,4,6,2,19376,0.6666666666666666,0.9996904344236921,0.4,0.9998967901744246,0.3333333333333333,0.00030956557630791457,0.6,0.00010320982557539478,0.3333333333333333,0.9995873736331752,0.5,0.43478260869565216,0.5882352941176471,0.5162112608573829,0.6663571010903588,0.3998967901744246,2153.555555555555,0.3334365538122763
D00007_06_fill_holes_and_orientation.obj,d00007,Monitor,2,8,5,19373,7,19388,0.26782535194252177,0.48765835183492234,2,8,5,19373,0.2857142857142857,0.9995872246014138,0.2,0.9997419754360615,0.7142857142857143,0.00041277539858624424,0.8,0.0002580245639384869,0.13333333333333333,0.9993294821539096,0.23529411764705882,0.2127659574468085,0.26315789473684204,0.23871884564346754,0.2853015103156995,0.19974197543606143,692.1785714285714,0.7145806756089108
D00141_06_fill_holes_and_orientation.obj,d00141,Monitor,1,9,6,19372,7,19388,0.07877312100726137,0.4042923686387183,1,9,6,19372,0.14285714285714285,0.9995356276765904,0.1,0.9996903705232738,0.8571428571428571,0.0004643723234095248,0.9,0.0003096294767261843,0.0625,0.9992263255622035,0.11764705882352941,0.10638297872340426,0.13157894736842102,0.11914356069189547,0.14239277053373334,0.0996903705232739,307.6349206349206,0.857541075484499
D00229_06_fill_holes_and_orientation.obj,d00229,Monitor,0,10,7,19371,7,19388,0.01945748305018755,0.39456270950328676,0,10,7,19371,0.0,0.9994840307517672,0.0,0.9996387656104861,1.0,0.0005159692482328053,1.0,0.0003612343895138817,0.0,0.9991231689704972,,,,-0.0004317242596766064,-0.0005159692482328282,-0.00036123438951385367,0.0,1.0005162356099324
D00336_06_fill_holes_and_orientation.obj,d00336,Monitor,2,8,5,19373,7,19388,0.284260550889645,0.5904401201514954,2,8,5,19373,0.2857142857142857,0.9995872246014138,0.2,0.9997419754360615,0.7142857142857143,0.00041277539858624424,0.8,0.0002580245639384869,0.13333333333333333,0.9993294821539096,0.23529411764705882,0.2127659574468085,0.26315789473684204,0.23871884564346754,0.2853015103156995,0.19974197543606143,692.1785714285714,0.7145806756089108
D00339_06_fill_holes_and_orientation.obj,d00339,Monitor,0,10,7,19371,7,19388,0.019413821599874224,0.393387314439946,0,10,7,19371,0.0,0.9994840307517672,0.0,0.9996387656104861,1.0,0.0005159692482328053,1.0,0.0003612343895138817,0.0,0.9991231689704972,,,,-0.0004317242596766064,-0.0005159692482328282,-0.00036123438951385367,0.0,1.0005162356099324
D00364_06_fill_holes_and_orientation.obj,d00364,Monitor,0,10,7,19371,7,19388,0.10987861224492337,0.5710461016063733,0,10,7,19371,0.0,0.9994840307517672,0.0,0.9996387656104861,1.0,0.0005159692482328053,1.0,0.0003612343895138817,0.0,0.9991231689704972,,,,-0.0004317242596766064,-0.0005159692482328282,-0.00036123438951385367,0.0,1.0005162356099324
D00387_06_fill_holes_and_orientation.obj,d00387,Monitor,0,10,7,19371,7,19388,0.014628478242877342,0.2747812459187671,0,10,7,19371,0.0,0.9994840307517672,0.0,0.9996387656104861,1.0,0.0005159692482328053,1.0,0.0003612343895138817,0.0,0.9991231689704972,,,,-0.0004317242596766064,-0.0005159692482328282,-0.00036123438951385367,0.0,1.0005162356099324
D00391_06_fill_holes_and_orientation.obj,d00391,Monitor,1,9,6,19372,7,19388,0.1056227507726045,0.5322145313656349,1,9,6,19372,0.14285714285714285,0.9995356276765904,0.1,0.9996903705232738,0.8571428571428571,0.0004643723234095248,0.9,0.0003096294767261843,0.0625,0.9992263255622035,0.11764705882352941,0.10638297872340426,0.13157894736842102,0.11914356069189547,0.14239277053373334,0.0996903705232739,307.6349206349206,0.857541075484499
D00412_06_fill_holes_and_orientation.obj,d00412,Monitor,0,10,7,19371,7,19388,0.025286208873578433,0.4644551826215664,0,10,7,19371,0.0,0.9994840307517672,0.0,0.9996387656104861,1.0,0.0005159692482328053,1.0,0.0003612343895138817,0.0,0.9991231689704972,,,,-0.0004317242596766064,-0.0005159692482328282,-0.00036123438951385367,0.0,1.0005162356099324
D00444_06_fill_holes_and_orientation.obj,d00444,Monitor,0,10,7,19371,7,19388,0.04807924735398259,0.5820164555308868,0,10,7,19371,0.0,0.9994840307517672,0.0,0.9996387656104861,1.0,0.0005159692482328053,1.0,0.0003612343895138817,0.0,0.9991231689704972,,,,-0.0004317242596766064,-0.0005159692482328282,-0.00036123438951385367,0.0,1.0005162356099324
D00469_06_fill_holes_and_orientation.obj,d00469,Monitor,0,10,7,19371,7,19388,0.03747387160350866,0.5612076095947064,0,10,7,19371,0.0,0.9994840307517672,0.0,0.9996387656104861,1.0,0.0005159692482328053,1.0,0.0003612343895138817,0.0,0.9991231689704972,,,,-0.0004317242596766064,-0.0005159692482328282,-0.00036123438951385367,0.0,1.0005162356099324
D00548_06_fill_holes_and_orientation.obj,d00548,Monitor,2,8,5,19373,7,19388,0.2270666352900264,0.5857603064733794,2,8,5,19373,0.2857142857142857,0.9995872246014138,0.2,0.9997419754360615,0.7142857142857143,0.00041277539858624424,0.8,0.0002580245639384869,0.13333333333333333,0.9993294821539096,0.23529411764705882,0.2127659574468085,0.26315789473684204,0.23871884564346754,0.2853015103156995,0.19974197543606143,692.1785714285714,0.7145806756089108
D00659_06_fill_holes_and_orientation.obj,d00659,Monitor,0,10,7,19371,7,19388,0.08030330205756912,0.6034347655739847,0,10,7,19371,0.0,0.9994840307517672,0.0,0.9996387656104861,1.0,0.0005159692482328053,1.0,0.0003612343895138817,0.0,0.9991231689704972,,,,-0.0004317242596766064,-0.0005159692482328282,-0.00036123438951385367,0.0,1.0005162356099324
D00852_06_fill_holes_and_orientation.obj,d00852,Monitor,1,9,6,19372,7,19388,0.26360156941558344,0.6073962822689478,1,9,6,19372,0.14285714285714285,0.9995356276765904,0.1,0.9996903705232738,0.8571428571428571,0.0004643723234095248,0.9,0.0003096294767261843,0.0625,0.9992263255622035,0.11764705882352941,0.10638297872340426,0.13157894736842102,0.11914356069189547,0.14239277053373334,0.0996903705232739,307.6349206349206,0.857541075484499
D00863_06_fill_holes_and_orientation.obj,d00863,Monitor,1,9,6,19372,7,19388,0.045882831090588445,0.4804753820033956,1,9,6,19372,0.14285714285714285,0.9995356276765904,0.1,0.9996903705232738,0.8571428571428571,0.0004643723234095248,0.9,0.0003096294767261843,0.0625,0.9992263255622035,0.11764705882352941,0.10638297872340426,0.13157894736842102,0.11914356069189547,0.14239277053373334,0.0996903705232739,307.6349206349206,0.857541075484499
D00915_06_fill_holes_and_orientation.obj,d00915,Monitor,1,9,6,19372,7,19388,0.04405016527293636,0.31966392407818556,1,9,6,19372,0.14285714285714285,0.9995356276765904,0.1,0.9996903705232738,0.8571428571428571,0.0004643723234095248,0.9,0.0003096294767261843,0.0625,0.9992263255622035,0.11764705882352941,0.10638297872340426,0.13157894736842102,0.11914356069189547,0.14239277053373334,0.0996903705232739,307.6349206349206,0.857541075484499
D00919_06_fill_holes_and_orientation.obj,d00919,Monitor,0,10,7,19371,7,19388,0.04599994402359627,0.5690000435331505,0,10,7,19371,0.0,0.9994840307517672,0.0,0.9996387656104861,1.0,0.0005159692482328053,1.0,0.0003612343895138817,0.0,0.9991231689704972,,,,-0.0004317242596766064,-0.0005159692482328282,-0.00036123438951385367,0.0,1.0005162356099324
D00920_06_fill_holes_and_orientation.obj,d00920,Monitor,0,10,7,19371,7,19388,0.013730867024784547,0.2582604153062557,0,10,7,19371,0.0,0.9994840307517672,0.0,0.9996387656104861,1.0,0.0005159692482328053,1.0,0.0003612343895138817,0.0,0.9991231689704972,,,,-0.0004317242596766064,-0.0005159692482328282,-0.00036123438951385367,0.0,1.0005162356099324
D00978_06_fill_holes_and_orientation.obj,d00978,Monitor,0,10,7,19371,7,19388,0.0363571210495599,0.5460363066475121,0,10,7,19371,0.0,0.9994840307517672,0.0,0.9996387656104861,1.0,0.0005159692482328053,1.0,0.0003612343895138817,0.0,0.9991231689704972,,,,-0.0004317242596766064,-0.0005159692482328282,-0.00036123438951385367,0.0,1.0005162356099324
D01000_06_fill_holes_and_orientation.obj,d01000,Monitor,0,10,7,19371,7,19388,0.03306130095591072,0.41841887597405425,0,10,7,19371,0.0,0.9994840307517672,0.0,0.9996387656104861,1.0,0.0005159692482328053,1.0,0.0003612343895138817,0.0,0.9991231689704972,,,,-0.0004317242596766064,-0.0005159692482328282,-0.00036123438951385367,0.0,1.0005162356099324
D00011_06_fill_holes_and_orientation.obj,d00011,Monoplane,2,8,5,19373,7,19388,0.30938455244983654,0.7686213051238517,2,8,5,19373,0.2857142857142857,0.9995872246014138,0.2,0.9997419754360615,0.7142857142857143,0.00041277539858624424,0.8,0.0002580245639384869,0.13333333333333333,0.9993294821539096,0.23529411764705882,0.2127659574468085,0.26315789473684204,0.23871884564346754,0.2853015103156995,0.19974197543606143,692.1785714285714,0.7145806756089108
D00019_06_fill_holes_and_orientation.obj,d00019,Monoplane,2,8,5,19373,7,19388,0.21014672505476487,0.7341212833572766,2,8,5,19373,0.2857142857142857,0.9995872246014138,0.2,0.9997419754360615,0.7142857142857143,0.00041277539858624424,0.8,0.0002580245639384869,0.13333333333333333,0.9993294821539096,0.23529411764705882,0.2127659574468085,0.26315789473684204,0.23871884564346754,0.2853015103156995,0.19974197543606143,692.1785714285714,0.7145806756089108
D00043_06_fill_holes_and_orientation.obj,d00043,Monoplane,3,7,4,19374,7,19388,0.23357162598391082,0.6373470898088895,3,7,4,19374,0.42857142857142855,0.9996388215262371,0.3,0.9997935803488492,0.5714285714285714,0.00036117847376296373,0.7,0.00020641965115078957,0.21428571428571427,0.9994326387456158,0.3529411764705882,0.3191489361702127,0.3947368421052631,0.3582941305950396,0.42821025009766567,0.2997935803488492,1186.5918367346937,0.5716350336975917
D00098_06_fill_holes_and_orientation.obj,d00098,Monoplane,1,9,6,19372,7,19388,0.08589006485786775,0.7788733620652126,1,9,6,19372,0.14285714285714285,0.9995356276765904,0.1,0.9996903705232738,0.8571428571428571,0.0004643723234095248,0.9,0.0003096294767261843,0.0625,0.9992263255622035,0.11764705882352941,0.10638297872340426,0.13157894736842102,0.11914356069189547,0.14239277053373334,0.0996903705232739,307.6349206349206,0.857541075484499
D00167_06_fill_holes_and_orientation.obj,d00167,Monoplane,1,9,6,19372,7,19388,0.08880708091348595,0.7818118497235644,1,9,6,19372,0.14285714285714285,0.9995356276765904,0.1,0.9996903705232738,0.8571428571428571,0.0004643723234095248,0.9,0.0003096294767261843,0.0625,0.9992263255622035,0.11764705882352941,0.10638297872340426,0.13157894736842102,0.11914356069189547,0.14239277053373334,0.0996903705232739,307.6349206349206,0.857541075484499
D00169_06_fill_holes_and_orientation.obj,d00169,Monoplane,1,9,6,19372,7,19388,0.0846719471674383,0.6675590962517957,1,9,6,19372,0.14285714285714285,0.9995356276765904,0.1,0.9996903705232738,0.8571428571428571,0.0004643723234095248,0.9,0.0003096294767261843,0.0625,0.9992263255622035,0.11764705882352941,0.10638297872340426,0.13157894736842102,0.11914356069189547,0.14239277053373334,0.0996903705232739,307.6349206349206,0.857541075484499
D00262_06_fill_holes_and_orientation.obj,d00262,Monoplane,1,9,6,19372,7,19388,0.07496871117354756,0.742893213181838,1,9,6,19372,0.14285714285714285,0.9995356276765904,0.1,0.9996903705232738,0.8571428571428571,0.0004643723234095248,0.9,0.0003096294767261843,0.0625,0.9992263255622035,0.11764705882352941,0.10638297872340426,0.13157894736842102,0.11914356069189547,0.14239277053373334,0.0996903705232739,307.6349206349206,0.857541075484499
D00301_06_fill_holes_and_orientation.obj,d00301,Monoplane,0,10,7,19371,7,19388,0.06365671306415065,0.8254973662443952,0,10,7,19371,0.0,0.9994840307517672,0.0,0.9996387656104861,1.0,0.0005159692482328053,1.0,0.0003612343895138817,0.0,0.9991231689704972,,,,-0.0004317242596766064,-0.0005159692482328282,-0.00036123438951385367,0.0,1.0005162356099324
D00304_06_fill_holes_and_orientation.obj,d00304,Monoplane,1,9,6,19372,7,19388,0.09225807089083682,0.8265639284315006,1,9,6,19372,0.14285714285714285,0.9995356276765904,0.1,0.9996903705232738,0.8571428571428571,0.0004643723234095248,0.9,0.0003096294767261843,0.0625,0.9992263255622035,0.11764705882352941,0.10638297872340426,0.13157894736842102,0.11914356069189547,0.14239277053373334,0.0996903705232739,307.6349206349206,0.857541075484499
D00319_06_fill_holes_and_orientation.obj,d00319,Monoplane,0,10,7,19371,7,19388,0.14256106711679264,0.7023203169213356,0,10,7,19371,0.0,0.9994840307517672,0.0,0.9996387656104861,1.0,0.0005159692482328053,1.0,0.0003612343895138817,0.0,0.9991231689704972,,,,-0.0004317242596766064,-0.0005159692482328282,-0.00036123438951385367,0.0,1.0005162356099324
D00402_06_fill_holes_and_orientation.obj,d00402,Monoplane,1,9,6,19372,7,19388,0.10387357925008231,0.7958077576074181,1,9,6,19372,0.14285714285714285,0.9995356276765904,0.1,0.9996903705232738,0.8571428571428571,0.0004643723234095248,0.9,0.0003096294767261843,0.0625,0.9992263255622035,0.11764705882352941,0.10638297872340426,0.13157894736842102,0.11914356069189547,0.14239277053373334,0.0996903705232739,307.6349206349206,0.857541075484499
D00482_06_fill_holes_and_orientation.obj,d00482,Monoplane,0,10,7,19371,7,19388,0.10699492535446173,0.8329633015541335,0,10,7,19371,0.0,0.9994840307517672,0.0,0.9996387656104861,1.0,0.0005159692482328053,1.0,0.0003612343895138817,0.0,0.9991231689704972,,,,-0.0004317242596766064,-0.0005159692482328282,-0.00036123438951385367,0.0,1.0005162356099324
D00617_06_fill_holes_and_orientation.obj,d00617,Monoplane,3,7,3,19375,6,19388,0.3866202102298904,0.7439162422184493,3,7,3,19375,0.5,0.9996388401609742,0.3,0.9998451852616369,0.5,0.0003611598390259003,0.7,0.00015481473836309216,0.23076923076923078,0.999484217041469,0.37499999999999994,0.32608695652173914,0.4411764705882353,0.38705852347155034,0.49963884016097415,0.29984518526163684,1384.4285714285716,0.5001806451612903
D00688_06_fill_holes_and_orientation.obj,d00688,Monoplane,2,8,5,19373,7,19388,0.24933618036368288,0.7769579034434723,2,8,5,19373,0.2857142857142857,0.9995872246014138,0.2,0.9997419754360615,0.7142857142857143,0.00041277539858624424,0.8,0.0002580245639384869,0.13333333333333333,0.9993294821539096,0.23529411764705882,0.2127659574468085,0.26315789473684204,0.23871884564346754,0.2853015103156995,0.19974197543606143,692.1785714285714,0.7145806756089108
D00798_06_fill_holes_and_orientation.obj,d00798,Monoplane,2,8,5,19373,7,19388,0.13066471597270843,0.6627051499717035,2,8,5,19373,0.2857142857142857,0.9995872246014138,0.2,0.9997419754360615,0.7142857142857143,0.00041277539858624424,0.8,0.0002580245639384869,0.13333333333333333,0.9993294821539096,0.23529411764705882,0.2127659574468085,0.26315789473684204,0.23871884564346754,0.2853015103156995,0.19974197543606143,692.1785714285714,0.7145806756089108
D00840_06_fill_holes_and_orientation.obj,d00840,Monoplane,0,10,7,19371,7,19388,0.04101141675153768,0.6553698141134474,0,10,7,19371,0.0,0.9994840307517672,0.0,0.9996387656104861,1.0,0.0005159692482328053,1.0,0.0003612343895138817,0.0,0.9991231689704972,,,,-0.0004317242596766064,-0.0005159692482328282,-0.00036123438951385367,0.0,1.0005162356099324
D00864_06_fill_holes_and_orientation.obj,d00864,Monoplane,1,9,6,19372,7,19388,0.12230046900137063,0.8207304862652911,1,9,6,19372,0.14285714285714285,0.9995356276765904,0.1,0.9996903705232738,0.8571428571428571,0.0004643723234095248,0.9,0.0003096294767261843,0.0625,0.9992263255622035,0.11764705882352941,0.10638297872340426,0.13157894736842102,0.11914356069189547,0.14239277053373334,0.0996903705232739,307.6349206349206,0.857541075484499
D00925_06_fill_holes_and_orientation.obj,d00925,Monoplane,1,9,6,19372,7,19388,0.16019371472438496,0.7750859779722259,1,9,6,19372,0.14285714285714285,0.9995356276765904,0.1,0.9996903705232738,0.8571428571428571,0.0004643723234095248,0.9,0.0003096294767261843,0.0625,0.9992263255622035,0.11764705882352941,0.10638297872340426,0.13157894736842102,0.11914356069189547,0.14239277053373334,0.0996903705232739,307.6349206349206,0.857541075484499
D00963_06_fill_holes_and_orientation.obj,d00963,Monoplane,1,9,6,19372,7,19388,0.11451783931859048,0.8456967480736581,1,9,6,19372,0.14285714285714285,0.9995356276765904,0.1,0.9996903705232738,0.8571428571428571,0.0004643723234095248,0.9,0.0003096294767261843,0.0625,0.9992263255622035,0.11764705882352941,0.10638297872340426,0.13157894736842102,0.11914356069189547,0.14239277053373334,0.0996903705232739,307.6349206349206,0.857541075484499
D00995_06_fill_holes_and_orientation.obj,d00995,Monoplane,0,10,7,19371,7,19388,0.10414784073700412,0.8144834791693875,0,10,7,19371,0.0,0.9994840307517672,0.0,0.9996387656104861,1.0,0.0005159692482328053,1.0,0.0003612343895138817,0.0,0.9991231689704972,,,,-0.0004317242596766064,-0.0005159692482328282,-0.00036123438951385367,0.0,1.0005162356099324
D00021_06_fill_holes_and_orientation.obj,d00021,Motorcycle,2,8,5,19373,7,19388,0.41726876786415507,0.8231674958540631,2,8,5,19373,0.2857142857142857,0.9995872246014138,0.2,0.9997419754360615,0.7142857142857143,0.00041277539858624424,0.8,0.0002580245639384869,0.13333333333333333,0.9993294821539096,0.23529411764705882,0.2127659574468085,0.26315789473684204,0.23871884564346754,0.2853015103156995,0.19974197543606143,692.1785714285714,0.7145806756089108
D00039_06_fill_holes_and_orientation.obj,d00039,Motorcycle,2,8,5,19373,7,19388,0.2980322854559669,0.8018242122719734,2,8,5,19373,0.2857142857142857,0.9995872246014138,0.2,0.9997419754360615,0.7142857142857143,0.00041277539858624424,0.8,0.0002580245639384869,0.13333333333333333,0.9993294821539096,0.23529411764705882,0.2127659574468085,0.26315789473684204,0.23871884564346754,0.2853015103156995,0.19974197543606143,692.1785714285714,0.7145806756089108
D00054_06_fill_holes_and_orientation.obj,d00054,Motorcycle,5,5,2,19376,7,19388,0.8624214894134441,0.8651243781094528,5,5,2,19376,0.7142857142857143,0.9997420153758836,0.5,0.9998967901744246,0.2857142857142857,0.00025798462411640266,0.5,0.00010320982557539478,0.4166666666666667,0.9996389519290283,0.588235294117647,0.5319148936170213,0.6578947368421053,0.5974447004981838,0.714027729661598,0.4998967901744247,2768.714285714286,0.28578801462781644
D00224_06_fill_holes_and_orientation.obj,d00224,Motorcycle,4,6,3,19375,7,19388,0.7824362642670717,0.9367330016583748,4,6,3,19375,0.5714285714285714,0.9996904184510603,0.4,0.9998451852616369,0.42857142857142855,0.00030958154893968317,0.6,0.00015481473836309216,0.3076923076923077,0.9995357953373221,0.47058823529411764,0.425531914893617,0.5263157894736841,0.4778694155466117,0.5711189898796318,0.3998451852616369,1845.8095238095239,0.4287041474654378
D00269_06_fill_holes_and_orientation.obj,d00269,Motorcycle,5,5,2,19376,7,19388,1.1108751156583176,0.9193864013266998,5,5,2,19376,0.7142857142857143,0.9997420153758836,0.5,0.9998967901744246,0.2857142857142857,0.00025798462411640266,0.5,0.00010320982557539478,0.4166666666666667,0.9996389519290283,0.588235294117647,0.5319148936170213,0.6578947368421053,0.5974447004981838,0.714027729661598,0.4998967901744247,2768.714285714286,0.28578801462781644
D00288_06_fill_holes_and_orientation.obj,d00288,Motorcycle,1,9,6,19372,7,19388,0.4842705310474897,0.9207131011608625,1,9,6,19372,0.14285714285714285,0.9995356276765904,0.1,0.9996903705232738,0.8571428571428571,0.0004643723234095248,0.9,0.0003096294767261843,0.0625,0.9992263255622035,0.11764705882352941,0.10638297872340426,0.13157894736842102,0.11914356069189547,0.14239277053373334,0.0996903705232739,307.6349206349206,0.857541075484499
D00342_06_fill_holes_and_orientation.obj,d00342,Motorcycle,7,3,0,19378,7,19388,1.3427372208017767,0.9049087893864013,7,3,0,19378,1.0,0.9998452092255301,0.7,1.0,0.0,0.00015479077446984158,0.3,0.0,0.7,0.9998452651124407,0.8235294117647058,0.7446808510638298,0.9210526315789475,0.836595270401328,0.9998452092255301,0.7,6460.333333333334,0.0
D00345_06_fill_holes_and_orientation.obj,d00345,Motorcycle,1,9,6,19372,7,19388,0.5541101894330529,0.9053399668325042,1,9,6,19372,0.14285714285714285,0.9995356276765904,0.1,0.9996903705232738,0.8571428571428571,0.0004643723234095248,0.9,0.0003096294767261843,0.0625,0.9992263255622035,0.11764705882352941,0.10638297872340426,0.13157894736842102,0.11914356069189547,0.14239277053373334,0.0996903705232739,307.6349206349206,0.857541075484499
D00395_06_fill_holes_and_orientation.obj,d00395,Motorcycle,3,7,3,19375,6,19388,0.5692035696533467,0.8779933665008293,3,7,3,19375,0.5,0.9996388401609742,0.3,0.9998451852616369,0.5,0.0003611598390259003,0.7,0.00015481473836309216,0.23076923076923078,0.999484217041469,0.37499999999999994,0.32608695652173914,0.4411764705882353,0.38705852347155034,0.49963884016097415,0.29984518526163684,1384.4285714285716,0.5001806451612903
D00396_06_fill_holes_and_orientation.obj,d00396,Motorcycle,4,6,3,19375,7,19388,0.9255066382516351,0.8658872305140962,4,6,3,19375,0.5714285714285714,0.9996904184510603,0.4,0.9998451852616369,0.42857142857142855,0.00030958154893968317,0.6,0.00015481473836309216,0.3076923076923077,0.9995357953373221,0.47058823529411764,0.425531914893617,0.5263157894736841,0.4778694155466117,0.5711189898796318,0.3998451852616369,1845.8095238095239,0.4287041474654378
D00476_06_fill_holes_and_orientation.obj,d00476,Motorcycle,7,3,0,19378,7,19388,1.4767727197460163,0.8928026533996684,7,3,0,19378,1.0,0.9998452092255301,0.7,1.0,0.0,0.00015479077446984158,0.3,0.0,0.7,0.9998452651124407,0.8235294117647058,0.7446808510638298,0.9210526315789475,0.836595270401328,0.9998452092255301,0.7,6460.333333333334,0.0
D00521_06_fill_holes_and_orientation.obj,d00521,Motorcycle,0,10,7,19371,7,19388,0.212100527123722,0.8137147595356551,0,10,7,19371,0.0,0.9994840307517672,0.0,0.9996387656104861,1.0,0.0005159692482328053,1.0,0.0003612343895138817,0.0,0.9991231689704972,,,,-0.0004317242596766064,-0.0005159692482328282,-0.00036123438951385367,0.0,1.0005162356099324
D00544_06_fill_holes_and_orientation.obj,d00544,Motorcycle,5,5,2,19376,7,19388,1.1979160104341204,0.9499170812603648,5,5,2,19376,0.7142857142857143,0.9997420153758836,0.5,0.9998967901744246,0.2857142857142857,0.00025798462411640266,0.5,0.00010320982557539478,0.4166666666666667,0.9996389519290283,0.588235294117647,0.5319148936170213,0.6578947368421053,0.5974447004981838,0.714027729661598,0.4998967901744247,2768.714285714286,0.28578801462781644
D00594_06_fill_holes_and_orientation.obj,d00594,Motorcycle,5,5,2,19376,7,19388,1.2165656687293185,0.949485903814262,5,5,2,19376,0.7142857142857143,0.9997420153758836,0.5,0.9998967901744246,0.2857142857142857,0.00025798462411640266,0.5,0.00010320982557539478,0.4166666666666667,0.9996389519290283,0.588235294117647,0.5319148936170213,0.6578947368421053,0.5974447004981838,0.714027729661598,0.4998967901744247,2768.714285714286,0.28578801462781644
D00703_06_fill_holes_and_orientation.obj,d00703,Motorcycle,1,9,6,19372,7,19388,0.4373176763722589,0.8805638474295191,1,9,6,19372,0.14285714285714285,0.9995356276765904,0.1,0.9996903705232738,0.8571428571428571,0.0004643723234095248,0.9,0.0003096294767261843,0.0625,0.9992263255622035,0.11764705882352941,0.10638297872340426,0.13157894736842102,0.11914356069189547,0.14239277053373334,0.0996903705232739,307.6349206349206,0.857541075484499
D00768_06_fill_holes_and_orientation.obj,d00768,Motorcycle,2,8,5,19373,7,19388,0.4158757814972365,0.906882255389718,2,8,5,19373,0.2857142857142857,0.9995872246014138,0.2,0.9997419754360615,0.7142857142857143,0.00041277539858624424,0.8,0.0002580245639384869,0.13333333333333333,0.9993294821539096,0.23529411764705882,0.2127659574468085,0.26315789473684204,0.23871884564346754,0.2853015103156995,0.19974197543606143,692.1785714285714,0.7145806756089108
D00858_06_fill_holes_and_orientation.obj,d00858,Motorcycle,0,10,7,19371,7,19388,0.25231772098617966,0.9131011608623549,0,10,7,19371,0.0,0.9994840307517672,0.0,0.9996387656104861,1.0,0.0005159692482328053,1.0,0.0003612343895138817,0.0,0.9991231689704972,,,,-0.0004317242596766064,-0.0005159692482328282,-0.00036123438951385367,0.0,1.0005162356099324
D00880_06_fill_holes_and_orientation.obj,d00880,Motorcycle,0,10,7,19371,7,19388,0.07361845206738415,0.7296683250414595,0,10,7,19371,0.0,0.9994840307517672,0.0,0.9996387656104861,1.0,0.0005159692482328053,1.0,0.0003612343895138817,0.0,0.9991231689704972,,,,-0.0004317242596766064,-0.0005159692482328282,-0.00036123438951385367,0.0,1.0005162356099324
D00886_06_fill_holes_and_orientation.obj,d00886,Motorcycle,2,8,5,19373,7,19388,0.5511959941872182,0.8745273631840795,2,8,5,19373,0.2857142857142857,0.9995872246014138,0.2,0.9997419754360615,0.7142857142857143,0.00041277539858624424,0.8,0.0002580245639384869,0.13333333333333333,0.9993294821539096,0.23529411764705882,0.2127659574468085,0.26315789473684204,0.23871884564346754,0.2853015103156995,0.19974197543606143,692.1785714285714,0.7145806756089108
D00945_06_fill_holes_and_orientation.obj,d00945,Motorcycle,1,9,6,19372,7,19388,0.4765874370728097,0.9079601990049752,1,9,6,19372,0.14285714285714285,0.9995356276765904,0.1,0.9996903705232738,0.8571428571428571,0.0004643723234095248,0.9,0.0003096294767261843,0.0625,0.9992263255622035,0.11764705882352941,0.10638297872340426,0.13157894736842102,0.11914356069189547,0.14239277053373334,0.0996903705232739,307.6349206349206,0.857541075484499
m1479_06_fill_holes_and_orientation.obj,m1479,Motorcycle,4,6,3,19375,7,19388,1.1987900268456873,0.9503150912106135,4,6,3,19375,0.5714285714285714,0.9996904184510603,0.4,0.9998451852616369,0.42857142857142855,0.00030958154893968317,0.6,0.00015481473836309216,0.3076923076923077,0.9995357953373221,0.47058823529411764,0.425531914893617,0.5263157894736841,0.4778694155466117,0.5711189898796318,0.3998451852616369,1845.8095238095239,0.4287041474654378
m1480_06_fill_holes_and_orientation.obj,m1480,Motorcycle,2,8,5,19373,7,19388,0.4196020851404629,0.8224543946932007,2,8,5,19373,0.2857142857142857,0.9995872246014138,0.2,0.9997419754360615,0.7142857142857143,0.00041277539858624424,0.8,0.0002580245639384869,0.13333333333333333,0.9993294821539096,0.23529411764705882,0.2127659574468085,0.26315789473684204,0.23871884564346754,0.2853015103156995,0.19974197543606143,692.1785714285714,0.7145806756089108
m1481_06_fill_holes_and_orientation.obj,m1481,Motorcycle,2,8,5,19373,7,19388,0.31396187184773666,0.9054726368159204,2,8,5,19373,0.2857142857142857,0.9995872246014138,0.2,0.9997419754360615,0.7142857142857143,0.00041277539858624424,0.8,0.0002580245639384869,0.13333333333333333,0.9993294821539096,0.23529411764705882,0.2127659574468085,0.26315789473684204,0.23871884564346754,0.2853015103156995,0.19974197543606143,692.1785714285714,0.7145806756089108
m1482_06_fill_holes_and_orientation.obj,m1482,Motorcycle,2,8,5,19373,7,19388,0.574342327844217,0.87636815920398,2,8,5,19373,0.2857142857142857,0.9995872246014138,0.2,0.9997419754360615,0.7142857142857143,0.00041277539858624424,0.8,0.0002580245639384869,0.13333333333333333,0.9993294821539096,0.23529411764705882,0.2127659574468085,0.26315789473684204,0.23871884564346754,0.2853015103156995,0.19974197543606143,692.1785714285714,0.7145806756089108
m1483_06_fill_holes_and_orientation.obj,m1483,Motorcycle,1,9,6,19372,7,19388,0.43462273686445807,0.8806301824212273,1,9,6,19372,0.14285714285714285,0.9995356276765904,0.1,0.9996903705232738,0.8571428571428571,0.0004643723234095248,0.9,0.0003096294767261843,0.0625,0.9992263255622035,0.11764705882352941,0.10638297872340426,0.13157894736842102,0.11914356069189547,0.14239277053373334,0.0996903705232739,307.6349206349206,0.857541075484499
m1484_06_fill_holes_and_orientation.obj,m1484,Motorcycle,1,9,6,19372,7,19388,0.3413655255636866,0.8523217247097845,1,9,6,19372,0.14285714285714285,0.9995356276765904,0.1,0.9996903705232738,0.8571428571428571,0.0004643723234095248,0.9,0.0003096294767261843,0.0625,0.9992263255622035,0.11764705882352941,0.10638297872340426,0.13157894736842102,0.11914356069189547,0.14239277053373334,0.0996903705232739,307.6349206349206,0.857541075484499
D00172_06_fill_holes_and_orientation.obj,d00172,Mug,4,6,3,19375,7,19388,0.784358399415943,0.9066003316749585,4,6,3,19375,0.5714285714285714,0.9996904184510603,0.4,0.9998451852616369,0.42857142857142855,0.00030958154893968317,0.6,0.00015481473836309216,0.3076923076923077,0.9995357953373221,0.47058823529411764,0.425531914893617,0.5263157894736841,0.4778694155466117,0.5711189898796318,0.3998451852616369,1845.8095238095239,0.4287041474654378
D00202_06_fill_holes_and_orientation.obj,d00202,Mug,5,5,2,19376,7,19388,1.0973961034906252,0.9347595356550581,5,5,2,19376,0.7142857142857143,0.9997420153758836,0.5,0.9998967901744246,0.2857142857142857,0.00025798462411640266,0.5,0.00010320982557539478,0.4166666666666667,0.9996389519290283,0.588235294117647,0.5319148936170213,0.6578947368421053,0.5974447004981838,0.714027729661598,0.4998967901744247,2768.714285714286,0.28578801462781644
D00227_06_fill_holes_and_orientation.obj,d00227,Mug,3,7,4,19374,7,19388,0.5690609447484792,0.9115588723051411,3,7,4,19374,0.42857142857142855,0.9996388215262371,0.3,0.9997935803488492,0.5714285714285714,0.00036117847376296373,0.7,0.00020641965115078957,0.21428571428571427,0.9994326387456158,0.3529411764705882,0.3191489361702127,0.3947368421052631,0.3582941305950396,0.42821025009766567,0.2997935803488492,1186.5918367346937,0.5716350336975917
D00321_06_fill_holes_and_orientation.obj,d00321,Mug,2,8,5,19373,7,19388,0.40151613572225503,0.9128026533996684,2,8,5,19373,0.2857142857142857,0.9995872246014138,0.2,0.9997419754360615,0.7142857142857143,0.00041277539858624424,0.8,0.0002580245639384869,0.13333333333333333,0.9993294821539096,0.23529411764705882,0.2127659574468085,0.26315789473684204,0.23871884564346754,0.2853015103156995,0.19974197543606143,692.1785714285714,0.7145806756089108
D00341_06_fill_holes_and_orientation.obj,d00341,Mug,5,5,1,19377,6,19388,1.3424221725265155,0.9333665008291874,5,5,1,19377,0.8333333333333334,0.99974202868641,0.5,0.9999483950872123,0.16666666666666666,0.0002579713135899288,0.5,5.160491278769739e-05,0.45454545454545453,0.9996905302248814,0.625,0.5434782608695652,0.7352941176470589,0.6453639982432156,0.8330753620197435,0.49994839508721234,3230.333333333334,0.16670967297999345
D00372_06_fill_holes_and_orientation.obj,d00372,Mug,7,3,0,19378,7,19388,1.455021048698597,0.957910447761194,7,3,0,19378,1.0,0.9998452092255301,0.7,1.0,0.0,0.00015479077446984158,0.3,0.0,0.7,0.9998452651124407,0.8235294117647058,0.7446808510638298,0.9210526315789475,0.836595270401328,0.9998452092255301,0.7,6460.333333333334,0.0
D00427_06_fill_holes_and_orientation.obj,d00427,Mug,0,10,7,19371,7,19388,0.1525278387693675,0.8341459369817579,0,10,7,19371,0.0,0.9994840307517672,0.0,0.9996387656104861,1.0,0.0005159692482328053,1.0,0.0003612343895138817,0.0,0.9991231689704972,,,,-0.0004317242596766064,-0.0005159692482328282,-0.00036123438951385367,0.0,1.0005162356099324
D00684_06_fill_holes_and_orientation.obj,d00684,Mug,6,4,1,19377,7,19388,1.0486784588028526,0.9348424543946932,6,4,1,19377,0.8571428571428571,0.9997936123007068,0.6,0.9999483950872123,0.14285714285714285,0.00020638769929312212,0.4,5.160491278769739e-05,0.5454545454545454,0.9997421085207345,0.7058823529411764,0.6382978723404255,0.7894736842105262,0.7170199854497559,0.8569364694435639,0.5999483950872122,4153.071428571428,0.14288663290056694
D00685_06_fill_holes_and_orientation.obj,d00685,Mug,0,10,7,19371,7,19388,0.06294813559317,0.7142951907131012,0,10,7,19371,0.0,0.9994840307517672,0.0,0.9996387656104861,1.0,0.0005159692482328053,1.0,0.0003612343895138817,0.0,0.9991231689704972,,,,-0.0004317242596766064,-0.0005159692482328282,-0.00036123438951385367,0.0,1.0005162356099324
D00705_06_fill_holes_and_orientation.obj,d00705,Mug,2,8,5,19373,7,19388,0.4705241746948073,0.9090381426202322,2,8,5,19373,0.2857142857142857,0.9995872246014138,0.2,0.9997419754360615,0.7142857142857143,0.00041277539858624424,0.8,0.0002580245639384869,0.13333333333333333,0.9993294821539096,0.23529411764705882,0.2127659574468085,0.26315789473684204,0.23871884564346754,0.2853015103156995,0.19974197543606143,692.1785714285714,0.7145806756089108
D00728_06_fill_holes_and_orientation.obj,d00728,Mug,3,7,4,19374,7,19388,0.5006297696071175,0.8998175787728027,3,7,4,19374,0.42857142857142855,0.9996388215262371,0.3,0.9997935803488492,0.5714285714285714,0.00036117847376296373,0.7,0.00020641965115078957,0.21428571428571427,0.9994326387456158,0.3529411764705882,0.3191489361702127,0.3947368421052631,0.3582941305950396,0.42821025009766567,0.2997935803488492,1186.5918367346937,0.5716350336975917
D00745_06_fill_holes_and_orientation.obj,d00745,Mug,4,6,3,19375,7,19388,0.6598758796767201,0.9219900497512438,4,6,3,19375,0.5714285714285714,0.9996904184510603,0.4,0.9998451852616369,0.42857142857142855,0.00030958154893968317,0.6,0.00015481473836309216,0.3076923076923077,0.9995357953373221,0.47058823529411764,0.425531914893617,0.5263157894736841,0.4778694155466117,0.5711189898796318,0.3998451852616369,1845.8095238095239,0.4287041474654378
D00747_06_fill_holes_and_orientation.obj,d00747,Mug,1,9,6,19372,7,19388,0.23680400156929612,0.8363184079601991,1,9,6,19372,0.14285714285714285,0.9995356276765904,0.1,0.9996903705232738,0.8571428571428571,0.0004643723234095248,0.9,0.0003096294767261843,0.0625,0.9992263255622035,0.11764705882352941,0.10638297872340426,0.13157894736842102,0.11914356069189547,0.14239277053373334,0.0996903705232739,307.6349206349206,0.857541075484499
D00760_06_fill_holes_and_orientation.obj,d00760,Mug,0,10,7,19371,7,19388,0.27017651694783723,0.8965339966832504,0,10,7,19371,0.0,0.9994840307517672,0.0,0.9996387656104861,1.0,0.0005159692482328053,1.0,0.0003612343895138817,0.0,0.9991231689704972,,,,-0.0004317242596766064,-0.0005159692482328282,-0.00036123438951385367,0.0,1.0005162356099324
D00770_06_fill_holes_and_orientation.obj,d00770,Mug,7,3,0,19378,7,19388,1.5489967415492913,0.9528689883913765,7,3,0,19378,1.0,0.9998452092255301,0.7,1.0,0.0,0.00015479077446984158,0.3,0.0,0.7,0.9998452651124407,0.8235294117647058,0.7446808510638298,0.9210526315789475,0.836595270401328,0.9998452092255301,0.7,6460.333333333334,0.0
D00825_06_fill_holes_and_orientation.obj,d00825,Mug,5,5,2,19376,7,19388,1.1255456367750645,0.9501326699834163,5,5,2,19376,0.7142857142857143,0.9997420153758836,0.5,0.9998967901744246,0.2857142857142857,0.00025798462411640266,0.5,0.00010320982557539478,0.4166666666666667,0.9996389519290283,0.588235294117647,0.5319148936170213,0.6578947368421053,0.5974447004981838,0.714027729661598,0.4998967901744247,2768.714285714286,0.28578801462781644
D00833_06_fill_holes_and_orientation.obj,d00833,Mug,0,10,7,19371,7,19388,0.26121783211485944,0.8974626865671642,0,10,7,19371,0.0,0.9994840307517672,0.0,0.9996387656104861,1.0,0.0005159692482328053,1.0,0.0003612343895138817,0.0,0.9991231689704972,,,,-0.0004317242596766064,-0.0005159692482328282,-0.00036123438951385367,0.0,1.0005162356099324
D00908_06_fill_holes_and_orientation.obj,d00908,Mug,0,10,7,19371,7,19388,0.18649242186916054,0.8762189054726368,0,10,7,19371,0.0,0.9994840307517672,0.0,0.9996387656104861,1.0,0.0005159692482328053,1.0,0.0003612343895138817,0.0,0.9991231689704972,,,,-0.0004317242596766064,-0.0005159692482328282,-0.00036123438951385367,0.0,1.0005162356099324
D00913_06_fill_holes_and_orientation.obj,d00913,Mug,0,10,7,19371,7,19388,0.11507318632197348,0.802636815920398,0,10,7,19371,0.0,0.9994840307517672,0.0,0.9996387656104861,1.0,0.0005159692482328053,1.0,0.0003612343895138817,0.0,0.9991231689704972,,,,-0.0004317242596766064,-0.0005159692482328282,-0.00036123438951385367,0.0,1.0005162356099324
D00923_06_fill_holes_and_orientation.obj,d00923,Mug,2,8,5,19373,7,19388,0.45349795365807044,0.9160862354892205,2,8,5,19373,0.2857142857142857,0.9995872246014138,0.2,0.9997419754360615,0.7142857142857143,0.00041277539858624424,0.8,0.0002580245639384869,0.13333333333333333,0.9993294821539096,0.23529411764705882,0.2127659574468085,0.26315789473684204,0.23871884564346754,0.2853015103156995,0.19974197543606143,692.1785714285714,0.7145806756089108
m503_06_fill_holes_and_orientation.obj,m503,Mug,4,6,3,19375,7,19388,0.7256221520772812,0.9180762852404644,4,6,3,19375,0.5714285714285714,0.9996904184510603,0.4,0.9998451852616369,0.42857142857142855,0.00030958154893968317,0.6,0.00015481473836309216,0.3076923076923077,0.9995357953373221,0.47058823529411764,0.425531914893617,0.5263157894736841,0.4778694155466117,0.5711189898796318,0.3998451852616369,1845.8095238095239,0.4287041474654378
m504_06_fill_holes_and_orientation.obj,m504,Mug,6,4,1,19377,7,19388,1.0540536002104477,0.9346434494195688,6,4,1,19377,0.8571428571428571,0.9997936123007068,0.6,0.9999483950872123,0.14285714285714285,0.00020638769929312212,0.4,5.160491278769739e-05,0.5454545454545454,0.9997421085207345,0.7058823529411764,0.6382978723404255,0.7894736842105262,0.7170199854497559,0.8569364694435639,0.5999483950872122,4153.071428571428,0.14288663290056694
m506_06_fill_holes_and_orientation.obj,m506,Mug,0,10,7,19371,7,19388,0.07534135786335402,0.7380928689883914,0,10,7,19371,0.0,0.9994840307517672,0.0,0.9996387656104861,1.0,0.0005159692482328053,1.0,0.0003612343895138817,0.0,0.9991231689704972,,,,-0.0004317242596766064,-0.0005159692482328282,-0.00036123438951385367,0.0,1.0005162356099324
m507_06_fill_holes_and_orientation.obj,m507,Mug,7,3,0,19378,7,19388,1.4053529028439053,0.942072968490879,7,3,0,19378,1.0,0.9998452092255301,0.7,1.0,0.0,0.00015479077446984158,0.3,0.0,0.7,0.9998452651124407,0.8235294117647058,0.7446808510638298,0.9210526315789475,0.836595270401328,0.9998452092255301,0.7,6460.333333333334,0.0
m508_06_fill_holes_and_orientation.obj,m508,Mug,0,10,7,19371,7,19388,0.029690052425477582,0.41635157545605306,0,10,7,19371,0.0,0.9994840307517672,0.0,0.9996387656104861,1.0,0.0005159692482328053,1.0,0.0003612343895138817,0.0,0.9991231689704972,,,,-0.0004317242596766064,-0.0005159692482328282,-0.00036123438951385367,0.0,1.0005162356099324
m509_06_fill_holes_and_orientation.obj,m509,Mug,4,6,3,19375,7,19388,0.736846733802337,0.9340961857379768,4,6,3,19375,0.5714285714285714,0.9996904184510603,0.4,0.9998451852616369,0.42857142857142855,0.00030958154893968317,0.6,0.00015481473836309216,0.3076923076923077,0.9995357953373221,0.47058823529411764,0.425531914893617,0.5263157894736841,0.4778694155466117,0.5711189898796318,0.3998451852616369,1845.8095238095239,0.4287041474654378
D00036_06_fill_holes_and_orientation.obj,d00036,MultiSeat,4,6,3,19375,7,19388,0.9639633181528794,0.8513467309957072,4,6,3,19375,0.5714285714285714,0.9996904184510603,0.4,0.9998451852616369,0.42857142857142855,0.00030958154893968317,0.6,0.00015481473836309216,0.3076923076923077,0.9995357953373221,0.47058823529411764,0.425531914893617,0.5263157894736841,0.4778694155466117,0.5711189898796318,0.3998451852616369,1845.8095238095239,0.4287041474654378
D00046_06_fill_holes_and_orientation.obj,d00046,MultiSeat,2,8,5,19373,7,19388,0.608288294983199,0.8290183489723816,2,8,5,19373,0.2857142857142857,0.9995872246014138,0.2,0.9997419754360615,0.7142857142857143,0.00041277539858624424,0.8,0.0002580245639384869,0.13333333333333333,0.9993294821539096,0.23529411764705882,0.2127659574468085,0.26315789473684204,0.23871884564346754,0.2853015103156995,0.19974197543606143,692.1785714285714,0.7145806756089108
D00053_06_fill_holes_and_orientation.obj,d00053,MultiSeat,0,10,7,19371,7,19388,0.10497307054701217,0.466835087186111,0,10,7,19371,0.0,0.9994840307517672,0.0,0.9996387656104861,1.0,0.0005159692482328053,1.0,0.0003612343895138817,0.0,0.9991231689704972,,,,-0.0004317242596766064,-0.0005159692482328282,-0.00036123438951385367,0.0,1.0005162356099324
D00145_06_fill_holes_and_orientation.obj,d00145,MultiSeat,4,6,3,19375,7,19388,1.0711662228798104,0.8119230330889335,4,6,3,19375,0.5714285714285714,0.9996904184510603,0.4,0.9998451852616369,0.42857142857142855,0.00030958154893968317,0.6,0.00015481473836309216,0.3076923076923077,0.9995357953373221,0.47058823529411764,0.425531914893617,0.5263157894736841,0.4778694155466117,0.5711189898796318,0.3998451852616369,1845.8095238095239,0.4287041474654378
D00146_06_fill_holes_and_orientation.obj,d00146,MultiSeat,7,3,0,19378,7,19388,1.7516478002856803,0.8347072902024846,7,3,0,19378,1.0,0.9998452092255301,0.7,1.0,0.0,0.00015479077446984158,0.3,0.0,0.7,0.9998452651124407,0.8235294117647058,0.7446808510638298,0.9210526315789475,0.836595270401328,0.9998452092255301,0.7,6460.333333333334,0.0
D00237_06_fill_holes_and_orientation.obj,d00237,MultiSeat,1,9,6,19372,7,19388,0.5187350805632829,0.7883599893629145,1,9,6,19372,0.14285714285714285,0.9995356276765904,0.1,0.9996903705232738,0.8571428571428571,0.0004643723234095248,0.9,0.0003096294767261843,0.0625,0.9992263255622035,0.11764705882352941,0.10638297872340426,0.13157894736842102,0.11914356069189547,0.14239277053373334,0.0996903705232739,307.6349206349206,0.857541075484499
D00245_06_fill_holes_and_orientation.obj,d00245,MultiSeat,7,3,0,19378,7,19388,2.0548656460793877,0.84413820613152,7,3,0,19378,1.0,0.9998452092255301,0.7,1.0,0.0,0.00015479077446984158,0.3,0.0,0.7,0.9998452651124407,0.8235294117647058,0.7446808510638298,0.9210526315789475,0.836595270401328,0.9998452092255301,0.7,6460.333333333334,0.0
D00263_06_fill_holes_and_orientation.obj,d00263,MultiSeat,4,6,3,19375,7,19388,1.2128179844470723,0.8329217794324355,4,6,3,19375,0.5714285714285714,0.9996904184510603,0.4,0.9998451852616369,0.42857142857142855,0.00030958154893968317,0.6,0.00015481473836309216,0.3076923076923077,0.9995357953373221,0.47058823529411764,0.425531914893617,0.5263157894736841,0.4778694155466117,0.5711189898796318,0.3998451852616369,1845.8095238095239,0.4287041474654378
D00273_06_fill_holes_and_orientation.obj,d00273,MultiSeat,3,7,4,19374,7,19388,0.6927397660936855,0.6854461877445579,3,7,4,19374,0.42857142857142855,0.9996388215262371,0.3,0.9997935803488492,0.5714285714285714,0.00036117847376296373,0.7,0.00020641965115078957,0.21428571428571427,0.9994326387456158,0.3529411764705882,0.3191489361702127,0.3947368421052631,0.3582941305950396,0.42821025009766567,0.2997935803488492,1186.5918367346937,0.5716350336975917
D00285_06_fill_holes_and_orientation.obj,d00285,MultiSeat,6,4,1,19377,7,19388,1.5650841368634445,0.8032898985677925,6,4,1,19377,0.8571428571428571,0.9997936123007068,0.6,0.9999483950872123,0.14285714285714285,0.00020638769929312212,0.4,5.160491278769739e-05,0.5454545454545454,0.9997421085207345,0.7058823529411764,0.6382978723404255,0.7894736842105262,0.7170199854497559,0.8569364694435639,0.5999483950872122,4153.071428571428,0.14288663290056694
D00289_06_fill_holes_and_orientation.obj,d00289,MultiSeat,3,7,4,19374,7,19388,0.946445999463205,0.7186585875470122,3,7,4,19374,0.42857142857142855,0.9996388215262371,0.3,0.9997935803488492,0.5714285714285714,0.00036117847376296373,0.7,0.00020641965115078957,0.21428571428571427,0.9994326387456158,0.3529411764705882,0.3191489361702127,0.3947368421052631,0.3582941305950396,0.42821025009766567,0.2997935803488492,1186.5918367346937,0.5716350336975917
D00329_06_fill_holes_and_orientation.obj,d00329,MultiSeat,1,9,6,19372,7,19388,0.4781304944124997,0.7657181932150591,1,9,6,19372,0.14285714285714285,0.9995356276765904,0.1,0.9996903705232738,0.8571428571428571,0.0004643723234095248,0.9,0.0003096294767261843,0.0625,0.9992263255622035,0.11764705882352941,0.10638297872340426,0.13157894736842102,0.11914356069189547,0.14239277053373334,0.0996903705232739,307.6349206349206,0.857541075484499
D00586_06_fill_holes_and_orientation.obj,d00586,MultiSeat,4,6,3,19375,7,19388,1.0757514128840238,0.7473692208334917,4,6,3,19375,0.5714285714285714,0.9996904184510603,0.4,0.9998451852616369,0.42857142857142855,0.00030958154893968317,0.6,0.00015481473836309216,0.3076923076923077,0.9995357953373221,0.47058823529411764,0.425531914893617,0.5263157894736841,0.4778694155466117,0.5711189898796318,0.3998451852616369,1845.8095238095239,0.4287041474654378
D00588_06_fill_holes_and_orientation.obj,d00588,MultiSeat,5,5,2,19376,7,19388,1.5981803231899678,0.7666489381909357,5,5,2,19376,0.7142857142857143,0.9997420153758836,0.5,0.9998967901744246,0.2857142857142857,0.00025798462411640266,0.5,0.00010320982557539478,0.4166666666666667,0.9996389519290283,0.588235294117647,0.5319148936170213,0.6578947368421053,0.5974447004981838,0.714027729661598,0.4998967901744247,2768.714285714286,0.28578801462781644
D00607_06_fill_holes_and_orientation.obj,d00607,MultiSeat,7,3,0,19378,7,19388,1.9989833783737443,0.8218098241081944,7,3,0,19378,1.0,0.9998452092255301,0.7,1.0,0.0,0.00015479077446984158,0.3,0.0,0.7,0.9998452651124407,0.8235294117647058,0.7446808510638298,0.9210526315789475,0.836595270401328,0.9998452092255301,0.7,6460.333333333334,0.0
D00637_06_fill_holes_and_orientation.obj,d00637,MultiSeat,4,6,2,19376,6,19388,1.0844422885290628,0.8160828932872393,4,6,2,19376,0.6666666666666666,0.9996904344236921,0.4,0.9998967901744246,0.3333333333333333,0.00030956557630791457,0.6,0.00010320982557539478,0.3333333333333333,0.9995873736331752,0.5,0.43478260869565216,0.5882352941176471,0.5162112608573829,0.6663571010903588,0.3998967901744246,2153.555555555555,0.3334365538122763
D00648_06_fill_holes_and_orientation.obj,d00648,MultiSeat,6,4,1,19377,7,19388,1.5826345850471142,0.8672548721650268,6,4,1,19377,0.8571428571428571,0.9997936123007068,0.6,0.9999483950872123,0.14285714285714285,0.00020638769929312212,0.4,5.160491278769739e-05,0.5454545454545454,0.9997421085207345,0.7058823529411764,0.6382978723404255,0.7894736842105262,0.7170199854497559,0.8569364694435639,0.5999483950872122,4153.071428571428,0.14288663290056694
D00652_06_fill_holes_and_orientation.obj,d00652,MultiSeat,4,6,3,19375,7,19388,1.3853124159823822,0.8395889526269802,4,6,3,19375,0.5714285714285714,0.9996904184510603,0.4,0.9998451852616369,0.42857142857142855,0.00030958154893968317,0.6,0.00015481473836309216,0.3076923076923077,0.9995357953373221,0.47058823529411764,0.425531914893617,0.5263157894736841,0.4778694155466117,0.5711189898796318,0.3998451852616369,1845.8095238095239,0.4287041474654378
D00749_06_fill_holes_and_orientation.obj,d00749,MultiSeat,3,7,4,19374,7,19388,0.36450693692680414,0.7338354290924287,3,7,4,19374,0.42857142857142855,0.9996388215262371,0.3,0.9997935803488492,0.5714285714285714,0.00036117847376296373,0.7,0.00020641965115078957,0.21428571428571427,0.9994326387456158,0.3529411764705882,0.3191489361702127,0.3947368421052631,0.3582941305950396,0.42821025009766567,0.2997935803488492,1186.5918367346937,0.5716350336975917
D00985_06_fill_holes_and_orientation.obj,d00985,MultiSeat,2,8,5,19373,7,19388,0.9073789248832128,0.8414789347718725,2,8,5,19373,0.2857142857142857,0.9995872246014138,0.2,0.9997419754360615,0.7142857142857143,0.00041277539858624424,0.8,0.0002580245639384869,0.13333333333333333,0.9993294821539096,0.23529411764705882,0.2127659574468085,0.26315789473684204,0.23871884564346754,0.2853015103156995,0.19974197543606143,692.1785714285714,0.7145806756089108
m774_06_fill_holes_and_orientation.obj,m774,MultiSeat,0,10,7,19371,7,19388,0.2840321370161843,0.7298180298598185,0,10,7,19371,0.0,0.9994840307517672,0.0,0.9996387656104861,1.0,0.0005159692482328053,1.0,0.0003612343895138817,0.0,0.9991231689704972,,,,-0.0004317242596766064,-0.0005159692482328282,-0.00036123438951385367,0.0,1.0005162356099324
m775_06_fill_holes_and_orientation.obj,m775,MultiSeat,2,8,5,19373,7,19388,0.5125979632821727,0.7512916460889716,2,8,5,19373,0.2857142857142857,0.9995872246014138,0.2,0.9997419754360615,0.7142857142857143,0.00041277539858624424,0.8,0.0002580245639384869,0.13333333333333333,0.9993294821539096,0.23529411764705882,0.2127659574468085,0.26315789473684204,0.23871884564346754,0.2853015103156995,0.19974197543606143,692.1785714285714,0.7145806756089108
m776_06_fill_holes_and_orientation.obj,m776,MultiSeat,1,9,6,19372,7,19388,0.1338978560176937,0.5155187478630855,1,9,6,19372,0.14285714285714285,0.9995356276765904,0.1,0.9996903705232738,0.8571428571428571,0.0004643723234095248,0.9,0.0003096294767261843,0.0625,0.9992263255622035,0.11764705882352941,0.10638297872340426,0.13157894736842102,0.11914356069189547,0.14239277053373334,0.0996903705232739,307.6349206349206,0.857541075484499
m777_06_fill_holes_and_orientation.obj,m777,MultiSeat,1,9,6,19372,7,19388,0.12960263937804478,0.36482353835049197,1,9,6,19372,0.14285714285714285,0.9995356276765904,0.1,0.9996903705232738,0.8571428571428571,0.0004643723234095248,0.9,0.0003096294767261843,0.0625,0.9992263255622035,0.11764705882352941,0.10638297872340426,0.13157894736842102,0.11914356069189547,0.14239277053373334,0.0996903705232739,307.6349206349206,0.857541075484499
m778_06_fill_holes_and_orientation.obj,m778,MultiSeat,1,9,6,19372,7,19388,0.45829977573357283,0.7983987387455838,1,9,6,19372,0.14285714285714285,0.9995356276765904,0.1,0.9996903705232738,0.8571428571428571,0.0004643723234095248,0.9,0.0003096294767261843,0.0625,0.9992263255622035,0.11764705882352941,0.10638297872340426,0.13157894736842102,0.11914356069189547,0.14239277053373334,0.0996903705232739,307.6349206349206,0.857541075484499
m779_06_fill_holes_and_orientation.obj,m779,MultiSeat,0,10,7,19371,7,19388,0.07957000055014225,0.30431561752079933,0,10,7,19371,0.0,0.9994840307517672,0.0,0.9996387656104861,1.0,0.0005159692482328053,1.0,0.0003612343895138817,0.0,0.9991231689704972,,,,-0.0004317242596766064,-0.0005159692482328282,-0.00036123438951385367,0.0,1.0005162356099324
m780_06_fill_holes_and_orientation.obj,m780,MultiSeat,2,8,5,19373,7,19388,0.3816512088733135,0.7205485696919044,2,8,5,19373,0.2857142857142857,0.9995872246014138,0.2,0.9997419754360615,0.7142857142857143,0.00041277539858624424,0.8,0.0002580245639384869,0.13333333333333333,0.9993294821539096,0.23529411764705882,0.2127659574468085,0.26315789473684204,0.23871884564346754,0.2853015103156995,0.19974197543606143,692.1785714285714,0.7145806756089108
m781_06_fill_holes_and_orientation.obj,m781,MultiSeat,2,8,5,19373,7,19388,0.5321867090023293,0.7484139345819245,2,8,5,19373,0.2857142857142857,0.9995872246014138,0.2,0.9997419754360615,0.7142857142857143,0.00041277539858624424,0.8,0.0002580245639384869,0.13333333333333333,0.9993294821539096,0.23529411764705882,0.2127659574468085,0.26315789473684204,0.23871884564346754,0.2853015103156995,0.19974197543606143,692.1785714285714,0.7145806756089108
m782_06_fill_holes_and_orientation.obj,m782,MultiSeat,0,10,7,19371,7,19388,0.0681745935322661,0.20628347832693844,0,10,7,19371,0.0,0.9994840307517672,0.0,0.9996387656104861,1.0,0.0005159692482328053,1.0,0.0003612343895138817,0.0,0.9991231689704972,,,,-0.0004317242596766064,-0.0005159692482328282,-0.00036123438951385367,0.0,1.0005162356099324
m783_06_fill_holes_and_orientation.obj,m783,MultiSeat,0,10,7,19371,7,19388,0.24521809416819787,0.7036811913535691,0,10,7,19371,0.0,0.9994840307517672,0.0,0.9996387656104861,1.0,0.0005159692482328053,1.0,0.0003612343895138817,0.0,0.9991231689704972,,,,-0.0004317242596766064,-0.0005159692482328282,-0.00036123438951385367,0.0,1.0005162356099324
m784_06_fill_holes_and_orientation.obj,m784,MultiSeat,0,10,7,19371,7,19388,0.29590626424288946,0.6708581848573492,0,10,7,19371,0.0,0.9994840307517672,0.0,0.9996387656104861,1.0,0.0005159692482328053,1.0,0.0003612343895138817,0.0,0.9991231689704972,,,,-0.0004317242596766064,-0.0005159692482328282,-0.00036123438951385367,0.0,1.0005162356099324
m829_06_fill_holes_and_orientation.obj,m829,MultiSeat,0,10,7,19371,7,19388,0.09953495960945613,0.46315959427116965,0,10,7,19371,0.0,0.9994840307517672,0.0,0.9996387656104861,1.0,0.0005159692482328053,1.0,0.0003612343895138817,0.0,0.9991231689704972,,,,-0.0004317242596766064,-0.0005159692482328282,-0.00036123438951385367,0.0,1.0005162356099324
m830_06_fill_holes_and_orientation.obj,m830,MultiSeat,0,10,7,19371,7,19388,0.2743966101744888,0.7380427762792994,0,10,7,19371,0.0,0.9994840307517672,0.0,0.9996387656104861,1.0,0.0005159692482328053,1.0,0.0003612343895138817,0.0,0.9991231689704972,,,,-0.0004317242596766064,-0.0005159692482328282,-0.00036123438951385367,0.0,1.0005162356099324
m831_06_fill_holes_and_orientation.obj,m831,MultiSeat,1,9,6,19372,7,19388,0.2527586406126118,0.7002336359837404,1,9,6,19372,0.14285714285714285,0.9995356276765904,0.1,0.9996903705232738,0.8571428571428571,0.0004643723234095248,0.9,0.0003096294767261843,0.0625,0.9992263255622035,0.11764705882352941,0.10638297872340426,0.13157894736842102,0.11914356069189547,0.14239277053373334,0.0996903705232739,307.6349206349206,0.857541075484499
m832_06_fill_holes_and_orientation.obj,m832,MultiSeat,1,9,6,19372,7,19388,0.37338138120106323,0.7837062644835315,1,9,6,19372,0.14285714285714285,0.9995356276765904,0.1,0.9996903705232738,0.8571428571428571,0.0004643723234095248,0.9,0.0003096294767261843,0.0625,0.9992263255622035,0.11764705882352941,0.10638297872340426,0.13157894736842102,0.11914356069189547,0.14239277053373334,0.0996903705232739,307.6349206349206,0.857541075484499
m833_06_fill_holes_and_orientation.obj,m833,MultiSeat,1,9,6,19372,7,19388,0.5552951187084124,0.7989115982220871,1,9,6,19372,0.14285714285714285,0.9995356276765904,0.1,0.9996903705232738,0.8571428571428571,0.0004643723234095248,0.9,0.0003096294767261843,0.0625,0.9992263255622035,0.11764705882352941,0.10638297872340426,0.13157894736842102,0.11914356069189547,0.14239277053373334,0.0996903705232739,307.6349206349206,0.857541075484499
m834_06_fill_holes_and_orientation.obj,m834,MultiSeat,0,10,7,19371,7,19388,0.21705814502968537,0.7067583482125899,0,10,7,19371,0.0,0.9994840307517672,0.0,0.9996387656104861,1.0,0.0005159692482328053,1.0,0.0003612343895138817,0.0,0.9991231689704972,,,,-0.0004317242596766064,-0.0005159692482328282,-0.00036123438951385367,0.0,1.0005162356099324
m835_06_fill_holes_and_orientation.obj,m835,MultiSeat,2,8,5,19373,7,19388,0.6611109283488277,0.7897181172358774,2,8,5,19373,0.2857142857142857,0.9995872246014138,0.2,0.9997419754360615,0.7142857142857143,0.00041277539858624424,0.8,0.0002580245639384869,0.13333333333333333,0.9993294821539096,0.23529411764705882,0.2127659574468085,0.26315789473684204,0.23871884564346754,0.2853015103156995,0.19974197543606143,692.1785714285714,0.7145806756089108
m836_06_fill_holes_and_orientation.obj,m836,MultiSeat,5,5,2,19376,7,19388,1.2268541290344663,0.7758709113702845,5,5,2,19376,0.7142857142857143,0.9997420153758836,0.5,0.9998967901744246,0.2857142857142857,0.00025798462411640266,0.5,0.00010320982557539478,0.4166666666666667,0.9996389519290283,0.588235294117647,0.5319148936170213,0.6578947368421053,0.5974447004981838,0.714027729661598,0.4998967901744247,2768.714285714286,0.28578801462781644
m837_06_fill_holes_and_orientation.obj,m837,MultiSeat,1,9,6,19372,7,19388,0.5189977325771011,0.7700395091744863,1,9,6,19372,0.14285714285714285,0.9995356276765904,0.1,0.9996903705232738,0.8571428571428571,0.0004643723234095248,0.9,0.0003096294767261843,0.0625,0.9992263255622035,0.11764705882352941,0.10638297872340426,0.13157894736842102,0.11914356069189547,0.14239277053373334,0.0996903705232739,307.6349206349206,0.857541075484499
m838_06_fill_holes_and_orientation.obj,m838,MultiSeat,2,8,5,19373,7,19388,0.5639680259903489,0.7692607225620179,2,8,5,19373,0.2857142857142857,0.9995872246014138,0.2,0.9997419754360615,0.7142857142857143,0.00041277539858624424,0.8,0.0002580245639384869,0.13333333333333333,0.9993294821539096,0.23529411764705882,0.2127659574468085,0.26315789473684204,0.23871884564346754,0.2853015103156995,0.19974197543606143,692.1785714285714,0.7145806756089108
m839_06_fill_holes_and_orientation.obj,m839,MultiSeat,1,9,6,19372,7,19388,0.4768406865471374,0.7652813129202598,1,9,6,19372,0.14285714285714285,0.9995356276765904,0.1,0.9996903705232738,0.8571428571428571,0.0004643723234095248,0.9,0.0003096294767261843,0.0625,0.9992263255622035,0.11764705882352941,0.10638297872340426,0.13157894736842102,0.11914356069189547,0.14239277053373334,0.0996903705232739,307.6349206349206,0.857541075484499
m840_06_fill_holes_and_orientation.obj,m840,MultiSeat,2,8,5,19373,7,19388,0.8224015838678255,0.8363883295976903,2,8,5,19373,0.2857142857142857,0.9995872246014138,0.2,0.9997419754360615,0.7142857142857143,0.00041277539858624424,0.8,0.0002580245639384869,0.13333333333333333,0.9993294821539096,0.23529411764705882,0.2127659574468085,0.26315789473684204,0.23871884564346754,0.2853015103156995,0.19974197543606143,692.1785714285714,0.7145806756089108
m841_06_fill_holes_and_orientation.obj,m841,MultiSeat,0,10,7,19371,7,19388,0.39867614333984047,0.7882745127834974,0,10,7,19371,0.0,0.9994840307517672,0.0,0.9996387656104861,1.0,0.0005159692482328053,1.0,0.0003612343895138817,0.0,0.9991231689704972,,,,-0.0004317242596766064,-0.0005159692482328282,-0.00036123438951385367,0.0,1.0005162356099324
m843_06_fill_holes_and_orientation.obj,m843,MultiSeat,5,5,1,19377,6,19388,1.3651870236631962,0.71614177715306,5,5,1,19377,0.8333333333333334,0.99974202868641,0.5,0.9999483950872123,0.16666666666666666,0.0002579713135899288,0.5,5.160491278769739e-05,0.45454545454545453,0.9996905302248814,0.625,0.5434782608695652,0.7352941176470589,0.6453639982432156,0.8330753620197435,0.49994839508721234,3230.333333333334,0.16670967297999345
m625_06_fill_holes_and_orientation.obj,m625,Musical_Instrument,4,6,3,19375,7,19388,0.41091989755794206,0.7134050475796441,4,6,3,19375,0.5714285714285714,0.9996904184510603,0.4,0.9998451852616369,0.42857142857142855,0.00030958154893968317,0.6,0.00015481473836309216,0.3076923076923077,0.9995357953373221,0.47058823529411764,0.425531914893617,0.5263157894736841,0.4778694155466117,0.5711189898796318,0.3998451852616369,1845.8095238095239,0.4287041474654378
m626_06_fill_holes_and_orientation.obj,m626,Musical_Instrument,2,8,5,19373,7,19388,0.4493747761979906,0.7150186181216384,2,8,5,19373,0.2857142857142857,0.9995872246014138,0.2,0.9997419754360615,0.7142857142857143,0.00041277539858624424,0.8,0.0002580245639384869,0.13333333333333333,0.9993294821539096,0.23529411764705882,0.2127659574468085,0.26315789473684204,0.23871884564346754,0.2853015103156995,0.19974197543606143,692.1785714285714,0.7145806756089108
m627_06_fill_holes_and_orientation.obj,m627,Musical_Instrument,0,10,6,19372,6,19388,0.029899657008509665,0.5167356226727348,0,10,6,19372,0.0,0.9994840573728201,0.0,0.9996903705232738,1.0,0.0005159426271798576,1.0,0.0003096294767261843,0.0,0.9991747472663504,,,,-0.00039968868594749107,-0.0005159426271799106,-0.000309629476726192,0.0,1.0005162089613877
m628_06_fill_holes_and_orientation.obj,m628,Musical_Instrument,2,8,5,19373,7,19388,0.2215865682779467,0.6851055026892843,2,8,5,19373,0.2857142857142857,0.9995872246014138,0.2,0.9997419754360615,0.7142857142857143,0.00041277539858624424,0.8,0.0002580245639384869,0.13333333333333333,0.9993294821539096,0.23529411764705882,0.2127659574468085,0.26315789473684204,0.23871884564346754,0.2853015103156995,0.19974197543606143,692.1785714285714,0.7145806756089108
m629_06_fill_holes_and_orientation.obj,m629,Musical_Instrument,3,7,3,19375,6,19388,0.503410215047189,0.7089160115846089,3,7,3,19375,0.5,0.9996388401609742,0.3,0.9998451852616369,0.5,0.0003611598390259003,0.7,0.00015481473836309216,0.23076923076923078,0.999484217041469,0.37499999999999994,0.32608695652173914,0.4411764705882353,0.38705852347155034,0.49963884016097415,0.29984518526163684,1384.4285714285716,0.5001806451612903
m630_06_fill_holes_and_orientation.obj,m630,Musical_Instrument,2,8,5,19373,7,19388,0.17360586451680698,0.6767066611501862,2,8,5,19373,0.2857142857142857,0.9995872246014138,0.2,0.9997419754360615,0.7142857142857143,0.00041277539858624424,0.8,0.0002580245639384869,0.13333333333333333,0.9993294821539096,0.23529411764705882,0.2127659574468085,0.26315789473684204,0.23871884564346754,0.2853015103156995,0.19974197543606143,692.1785714285714,0.7145806756089108
m631_06_fill_holes_and_orientation.obj,m631,Musical_Instrument,0,10,7,19371,7,19388,0.12853168235405452,0.6523376086057096,0,10,7,19371,0.0,0.9994840307517672,0.0,0.9996387656104861,1.0,0.0005159692482328053,1.0,0.0003612343895138817,0.0,0.9991231689704972,,,,-0.0004317242596766064,-0.0005159692482328282,-0.00036123438951385367,0.0,1.0005162356099324
m632_06_fill_holes_and_orientation.obj,m632,Musical_Instrument,2,8,5,19373,7,19388,0.24716418216684533,0.7050682664460075,2,8,5,19373,0.2857142857142857,0.9995872246014138,0.2,0.9997419754360615,0.7142857142857143,0.00041277539858624424,0.8,0.0002580245639384869,0.13333333333333333,0.9993294821539096,0.23529411764705882,0.2127659574468085,0.26315789473684204,0.23871884564346754,0.2853015103156995,0.19974197543606143,692.1785714285714,0.7145806756089108
m633_06_fill_holes_and_orientation.obj,m633,Musical_Instrument,1,9,6,19372,7,19388,0.1118410984458738,0.7042614811750103,1,9,6,19372,0.14285714285714285,0.9995356276765904,0.1,0.9996903705232738,0.8571428571428571,0.0004643723234095248,0.9,0.0003096294767261843,0.0625,0.9992263255622035,0.11764705882352941,0.10638297872340426,0.13157894736842102,0.11914356069189547,0.14239277053373334,0.0996903705232739,307.6349206349206,0.857541075484499
m634_06_fill_holes_and_orientation.obj,m634,Musical_Instrument,0,10,7,19371,7,19388,0.058500454279624574,0.6993793959453869,0,10,7,19371,0.0,0.9994840307517672,0.0,0.9996387656104861,1.0,0.0005159692482328053,1.0,0.0003612343895138817,0.0,0.9991231689704972,,,,-0.0004317242596766064,-0.0005159692482328282,-0.00036123438951385367,0.0,1.0005162356099324
m635_06_fill_holes_and_orientation.obj,m635,Musical_Instrument,0,10,7,19371,7,19388,0.10165023034104474,0.6536615639222176,0,10,7,19371,0.0,0.9994840307517672,0.0,0.9996387656104861,1.0,0.0005159692482328053,1.0,0.0003612343895138817,0.0,0.9991231689704972,,,,-0.0004317242596766064,-0.0005159692482328282,-0.00036123438951385367,0.0,1.0005162356099324
m637_06_fill_holes_and_orientation.obj,m637,Musical_Instrument,2,8,5,19373,7,19388,0.27798137219917957,0.7240173769135292,2,8,5,19373,0.2857142857142857,0.9995872246014138,0.2,0.9997419754360615,0.7142857142857143,0.00041277539858624424,0.8,0.0002580245639384869,0.13333333333333333,0.9993294821539096,0.23529411764705882,0.2127659574468085,0.26315789473684204,0.23871884564346754,0.2853015103156995,0.19974197543606143,692.1785714285714,0.7145806756089108
m638_06_fill_holes_and_orientation.obj,m638,Musical_Instrument,1,9,6,19372,7,19388,0.2446012224538956,0.7305337194869672,1,9,6,19372,0.14285714285714285,0.9995356276765904,0.1,0.9996903705232738,0.8571428571428571,0.0004643723234095248,0.9,0.0003096294767261843,0.0625,0.9992263255622035,0.11764705882352941,0.10638297872340426,0.13157894736842102,0.11914356069189547,0.14239277053373334,0.0996903705232739,307.6349206349206,0.857541075484499
m639_06_fill_holes_and_orientation.obj,m639,Musical_Instrument,0,10,7,19371,7,19388,0.044121053509763516,0.6839263549855192,0,10,7,19371,0.0,0.9994840307517672,0.0,0.9996387656104861,1.0,0.0005159692482328053,1.0,0.0003612343895138817,0.0,0.9991231689704972,,,,-0.0004317242596766064,-0.0005159692482328282,-0.00036123438951385367,0.0,1.0005162356099324
m640_06_fill_holes_and_orientation.obj,m640,Musical_Instrument,1,9,6,19372,7,19388,0.06827365006331397,0.6713074058750517,1,9,6,19372,0.14285714285714285,0.9995356276765904,0.1,0.9996903705232738,0.8571428571428571,0.0004643723234095248,0.9,0.0003096294767261843,0.0625,0.9992263255622035,0.11764705882352941,0.10638297872340426,0.13157894736842102,0.11914356069189547,0.14239277053373334,0.0996903705232739,307.6349206349206,0.857541075484499
m641_06_fill_holes_and_orientation.obj,m641,Musical_Instrument,0,10,7,19371,7,19388,0.056522851281069764,0.6257343814646256,0,10,7,19371,0.0,0.9994840307517672,0.0,0.9996387656104861,1.0,0.0005159692482328053,1.0,0.0003612343895138817,0.0,0.9991231689704972,,,,-0.0004317242596766064,-0.0005159692482328282,-0.00036123438951385367,0.0,1.0005162356099324
m643_06_fill_holes_and_orientation.obj,m643,Musical_Instrument,0,10,7,19371,7,19388,0.0298306144706662,0.302689284236657,0,10,7,19371,0.0,0.9994840307517672,0.0,0.9996387656104861,1.0,0.0005159692482328053,1.0,0.0003612343895138817,0.0,0.9991231689704972,,,,-0.0004317242596766064,-0.0005159692482328282,-0.00036123438951385367,0.0,1.0005162356099324
m644_06_fill_holes_and_orientation.obj,m644,Musical_Instrument,1,9,6,19372,7,19388,0.06562113106186222,0.2955937112122466,1,9,6,19372,0.14285714285714285,0.9995356276765904,0.1,0.9996903705232738,0.8571428571428571,0.0004643723234095248,0.9,0.0003096294767261843,0.0625,0.9992263255622035,0.11764705882352941,0.10638297872340426,0.13157894736842102,0.11914356069189547,0.14239277053373334,0.0996903705232739,307.6349206349206,0.857541075484499
m645_06_fill_holes_and_orientation.obj,m645,Musical_Instrument,1,9,6,19372,7,19388,0.04254330779057356,0.296276375672321,1,9,6,19372,0.14285714285714285,0.9995356276765904,0.1,0.9996903705232738,0.8571428571428571,0.0004643723234095248,0.9,0.0003096294767261843,0.0625,0.9992263255622035,0.11764705882352941,0.10638297872340426,0.13157894736842102,0.11914356069189547,0.14239277053373334,0.0996903705232739,307.6349206349206,0.857541075484499
m646_06_fill_holes_and_orientation.obj,m646,Musical_Instrument,0,10,7,19371,7,19388,0.021084442404125634,0.2928009929664874,0,10,7,19371,0.0,0.9994840307517672,0.0,0.9996387656104861,1.0,0.0005159692482328053,1.0,0.0003612343895138817,0.0,0.9991231689704972,,,,-0.0004317242596766064,-0.0005159692482328282,-0.00036123438951385367,0.0,1.0005162356099324
m647_06_fill_holes_and_orientation.obj,m647,Musical_Instrument,0,10,7,19371,7,19388,0.01726372974650828,0.3480761274306992,0,10,7,19371,0.0,0.9994840307517672,0.0,0.9996387656104861,1.0,0.0005159692482328053,1.0,0.0003612343895138817,0.0,0.9991231689704972,,,,-0.0004317242596766064,-0.0005159692482328282,-0.00036123438951385367,0.0,1.0005162356099324
D00037_06_fill_holes_and_orientation.obj,d00037,NonWheelChair,0,10,7,19371,7,19388,0.9522107742417975,0.8474861370472266,0,10,7,19371,0.0,0.9994840307517672,0.0,0.9996387656104861,1.0,0.0005159692482328053,1.0,0.0003612343895138817,0.0,0.9991231689704972,,,,-0.0004317242596766064,-0.0005159692482328282,-0.00036123438951385367,0.0,1.0005162356099324
D00101_06_fill_holes_and_orientation.obj,d00101,NonWheelChair,2,8,5,19373,7,19388,0.42040023371854135,0.6722284785676611,2,8,5,19373,0.2857142857142857,0.9995872246014138,0.2,0.9997419754360615,0.7142857142857143,0.00041277539858624424,0.8,0.0002580245639384869,0.13333333333333333,0.9993294821539096,0.23529411764705882,0.2127659574468085,0.26315789473684204,0.23871884564346754,0.2853015103156995,0.19974197543606143,692.1785714285714,0.7145806756089108
D00170_06_fill_holes_and_orientation.obj,d00170,NonWheelChair,7,3,0,19378,7,19388,3.025459528133293,0.880500634345911,7,3,0,19378,1.0,0.9998452092255301,0.7,1.0,0.0,0.00015479077446984158,0.3,0.0,0.7,0.9998452651124407,0.8235294117647058,0.7446808510638298,0.9210526315789475,0.836595270401328,0.9998452092255301,0.7,6460.333333333334,0.0
D00185_06_fill_holes_and_orientation.obj,d00185,NonWheelChair,7,3,0,19378,7,19388,3.5092999243468386,0.9020683953186697,7,3,0,19378,1.0,0.9998452092255301,0.7,1.0,0.0,0.00015479077446984158,0.3,0.0,0.7,0.9998452651124407,0.8235294117647058,0.7446808510638298,0.9210526315789475,0.836595270401328,0.9998452092255301,0.7,6460.333333333334,0.0
D00240_06_fill_holes_and_orientation.obj,d00240,NonWheelChair,3,7,4,19374,7,19388,1.2323809085619846,0.8184915396786931,3,7,4,19374,0.42857142857142855,0.9996388215262371,0.3,0.9997935803488492,0.5714285714285714,0.00036117847376296373,0.7,0.00020641965115078957,0.21428571428571427,0.9994326387456158,0.3529411764705882,0.3191489361702127,0.3947368421052631,0.3582941305950396,0.42821025009766567,0.2997935803488492,1186.5918367346937,0.5716350336975917
D00306_06_fill_holes_and_orientation.obj,d00306,NonWheelChair,2,8,5,19373,7,19388,1.161375791359394,0.8410927855625722,2,8,5,19373,0.2857142857142857,0.9995872246014138,0.2,0.9997419754360615,0.7142857142857143,0.00041277539858624424,0.8,0.0002580245639384869,0.13333333333333333,0.9993294821539096,0.23529411764705882,0.2127659574468085,0.26315789473684204,0.23871884564346754,0.2853015103156995,0.19974197543606143,692.1785714285714,0.7145806756089108
D00357_06_fill_holes_and_orientation.obj,d00357,NonWheelChair,5,5,2,19376,7,19388,1.8007743813300932,0.8959672706019872,5,5,2,19376,0.7142857142857143,0.9997420153758836,0.5,0.9998967901744246,0.2857142857142857,0.00025798462411640266,0.5,0.00010320982557539478,0.4166666666666667,0.9996389519290283,0.588235294117647,0.5319148936170213,0.6578947368421053,0.5974447004981838,0.714027729661598,0.4998967901744247,2768.714285714286,0.28578801462781644
D00419_06_fill_holes_and_orientation.obj,d00419,NonWheelChair,7,3,0,19378,7,19388,2.8822549793353476,0.8710424655386237,7,3,0,19378,1.0,0.9998452092255301,0.7,1.0,0.0,0.00015479077446984158,0.3,0.0,0.7,0.9998452651124407,0.8235294117647058,0.7446808510638298,0.9210526315789475,0.836595270401328,0.9998452092255301,0.7,6460.333333333334,0.0
D00443_06_fill_holes_and_orientation.obj,d00443,NonWheelChair,3,7,4,19374,7,19388,0.6713172275022182,0.7307094695727788,3,7,4,19374,0.42857142857142855,0.9996388215262371,0.3,0.9997935803488492,0.5714285714285714,0.00036117847376296373,0.7,0.00020641965115078957,0.21428571428571427,0.9994326387456158,0.3529411764705882,0.3191489361702127,0.3947368421052631,0.3582941305950396,0.42821025009766567,0.2997935803488492,1186.5918367346937,0.5716350336975917
D00445_06_fill_holes_and_orientation.obj,d00445,NonWheelChair,6,4,1,19377,7,19388,2.5547562306469365,0.8985759290672976,6,4,1,19377,0.8571428571428571,0.9997936123007068,0.6,0.9999483950872123,0.14285714285714285,0.00020638769929312212,0.4,5.160491278769739e-05,0.5454545454545454,0.9997421085207345,0.7058823529411764,0.6382978723404255,0.7894736842105262,0.7170199854497559,0.8569364694435639,0.5999483950872122,4153.071428571428,0.14288663290056694
D00480_06_fill_holes_and_orientation.obj,d00480,NonWheelChair,4,6,3,19375,7,19388,1.5796458248022769,0.8209006286439253,4,6,3,19375,0.5714285714285714,0.9996904184510603,0.4,0.9998451852616369,0.42857142857142855,0.00030958154893968317,0.6,0.00015481473836309216,0.3076923076923077,0.9995357953373221,0.47058823529411764,0.425531914893617,0.5263157894736841,0.4778694155466117,0.5711189898796318,0.3998451852616369,1845.8095238095239,0.4287041474654378
D00481_06_fill_holes_and_orientation.obj,d00481,NonWheelChair,3,7,4,19374,7,19388,2.465143529429814,0.8606363416059644,3,7,4,19374,0.42857142857142855,0.9996388215262371,0.3,0.9997935803488492,0.5714285714285714,0.00036117847376296373,0.7,0.00020641965115078957,0.21428571428571427,0.9994326387456158,0.3529411764705882,0.3191489361702127,0.3947368421052631,0.3582941305950396,0.42821025009766567,0.2997935803488492,1186.5918367346937,0.5716350336975917
D00512_06_fill_holes_and_orientation.obj,d00512,NonWheelChair,9,1,0,19378,7,19388,3.20064431598148,0.8884121395275906,9,1,0,19378,1.0,0.9999483977501419,0.9,1.0,0.0,5.1602249858093815e-05,0.1,0.0,0.9,0.9999484217041469,0.9473684210526316,0.9183673469387754,0.9782608695652175,0.9486588206384462,0.999948397750142,0.8999999999999999,19379.0,0.0
D00694_06_fill_holes_and_orientation.obj,d00694,NonWheelChair,1,9,6,19372,7,19388,0.525357155651261,0.7461262134538352,1,9,6,19372,0.14285714285714285,0.9995356276765904,0.1,0.9996903705232738,0.8571428571428571,0.0004643723234095248,0.9,0.0003096294767261843,0.0625,0.9992263255622035,0.11764705882352941,0.10638297872340426,0.13157894736842102,0.11914356069189547,0.14239277053373334,0.0996903705232739,307.6349206349206,0.857541075484499
D00707_06_fill_holes_and_orientation.obj,d00707,NonWheelChair,5,5,2,19376,7,19388,1.1964511567615876,0.8143148351413381,5,5,2,19376,0.7142857142857143,0.9997420153758836,0.5,0.9998967901744246,0.2857142857142857,0.00025798462411640266,0.5,0.00010320982557539478,0.4166666666666667,0.9996389519290283,0.588235294117647,0.5319148936170213,0.6578947368421053,0.5974447004981838,0.714027729661598,0.4998967901744247,2768.714285714286,0.28578801462781644
D00741_06_fill_holes_and_orientation.obj,d00741,NonWheelChair,6,4,1,19377,7,19388,2.962348129753551,0.8870579179199156,6,4,1,19377,0.8571428571428571,0.9997936123007068,0.6,0.9999483950872123,0.14285714285714285,0.00020638769929312212,0.4,5.160491278769739e-05,0.5454545454545454,0.9997421085207345,0.7058823529411764,0.6382978723404255,0.7894736842105262,0.7170199854497559,0.8569364694435639,0.5999483950872122,4153.071428571428,0.14288663290056694
D00853_06_fill_holes_and_orientation.obj,d00853,NonWheelChair,6,4,1,19377,7,19388,2.6780674904588575,0.9006714088181209,6,4,1,19377,0.8571428571428571,0.9997936123007068,0.6,0.9999483950872123,0.14285714285714285,0.00020638769929312212,0.4,5.160491278769739e-05,0.5454545454545454,0.9997421085207345,0.7058823529411764,0.6382978723404255,0.7894736842105262,0.7170199854497559,0.8569364694435639,0.5999483950872122,4153.071428571428,0.14288663290056694
D00914_06_fill_holes_and_orientation.obj,d00914,NonWheelChair,6,4,1,19377,7,19388,2.280509276978919,0.8866302689911763,6,4,1,19377,0.8571428571428571,0.9997936123007068,0.6,0.9999483950872123,0.14285714285714285,0.00020638769929312212,0.4,5.160491278769739e-05,0.5454545454545454,0.9997421085207345,0.7058823529411764,0.6382978723404255,0.7894736842105262,0.7170199854497559,0.8569364694435639,0.5999483950872122,4153.071428571428,0.14288663290056694
D00928_06_fill_holes_and_orientation.obj,d00928,NonWheelChair,3,7,4,19374,7,19388,1.3276253317960234,0.7960684808484555,3,7,4,19374,0.42857142857142855,0.9996388215262371,0.3,0.9997935803488492,0.5714285714285714,0.00036117847376296373,0.7,0.00020641965115078957,0.21428571428571427,0.9994326387456158,0.3529411764705882,0.3191489361702127,0.3947368421052631,0.3582941305950396,0.42821025009766567,0.2997935803488492,1186.5918367346937,0.5716350336975917
D00936_06_fill_holes_and_orientation.obj,d00936,NonWheelChair,1,9,6,19372,7,19388,0.5342575005625421,0.6891063562885774,1,9,6,19372,0.14285714285714285,0.9995356276765904,0.1,0.9996903705232738,0.8571428571428571,0.0004643723234095248,0.9,0.0003096294767261843,0.0625,0.9992263255622035,0.11764705882352941,0.10638297872340426,0.13157894736842102,0.11914356069189547,0.14239277053373334,0.0996903705232739,307.6349206349206,0.857541075484499
m785_06_fill_holes_and_orientation.obj,m785,NonWheelChair,4,6,3,19375,7,19388,1.990238583561614,0.8679277558409716,4,6,3,19375,0.5714285714285714,0.9996904184510603,0.4,0.9998451852616369,0.42857142857142855,0.00030958154893968317,0.6,0.00015481473836309216,0.3076923076923077,0.9995357953373221,0.47058823529411764,0.425531914893617,0.5263157894736841,0.4778694155466117,0.5711189898796318,0.3998451852616369,1845.8095238095239,0.4287041474654378
m786_06_fill_holes_and_orientation.obj,m786,NonWheelChair,1,9,6,19372,7,19388,1.23430269587223,0.8594959444626591,1,9,6,19372,0.14285714285714285,0.9995356276765904,0.1,0.9996903705232738,0.8571428571428571,0.0004643723234095248,0.9,0.0003096294767261843,0.0625,0.9992263255622035,0.11764705882352941,0.10638297872340426,0.13157894736842102,0.11914356069189547,0.14239277053373334,0.0996903705232739,307.6349206349206,0.857541075484499
m787_06_fill_holes_and_orientation.obj,m787,NonWheelChair,4,6,3,19375,7,19388,1.941469037115691,0.8561032629613263,4,6,3,19375,0.5714285714285714,0.9996904184510603,0.4,0.9998451852616369,0.42857142857142855,0.00030958154893968317,0.6,0.00015481473836309216,0.3076923076923077,0.9995357953373221,0.47058823529411764,0.425531914893617,0.5263157894736841,0.4778694155466117,0.5711189898796318,0.3998451852616369,1845.8095238095239,0.4287041474654378
m788_06_fill_holes_and_orientation.obj,m788,NonWheelChair,1,9,6,19372,7,19388,0.3866776025625635,0.7017219996863908,1,9,6,19372,0.14285714285714285,0.9995356276765904,0.1,0.9996903705232738,0.8571428571428571,0.0004643723234095248,0.9,0.0003096294767261843,0.0625,0.9992263255622035,0.11764705882352941,0.10638297872340426,0.13157894736842102,0.11914356069189547,0.14239277053373334,0.0996903705232739,307.6349206349206,0.857541075484499
m789_06_fill_holes_and_orientation.obj,m789,NonWheelChair,6,4,1,19377,7,19388,2.2503028484698437,0.8538581060854442,6,4,1,19377,0.8571428571428571,0.9997936123007068,0.6,0.9999483950872123,0.14285714285714285,0.00020638769929312212,0.4,5.160491278769739e-05,0.5454545454545454,0.9997421085207345,0.7058823529411764,0.6382978723404255,0.7894736842105262,0.7170199854497559,0.8569364694435639,0.5999483950872122,4153.071428571428,0.14288663290056694
m790_06_fill_holes_and_orientation.obj,m790,NonWheelChair,0,10,7,19371,7,19388,0.34641482291380626,0.7167253496029993,0,10,7,19371,0.0,0.9994840307517672,0.0,0.9996387656104861,1.0,0.0005159692482328053,1.0,0.0003612343895138817,0.0,0.9991231689704972,,,,-0.0004317242596766064,-0.0005159692482328282,-0.00036123438951385367,0.0,1.0005162356099324
m791_06_fill_holes_and_orientation.obj,m791,NonWheelChair,1,9,6,19372,7,19388,0.6326109546941484,0.8171658279996008,1,9,6,19372,0.14285714285714285,0.9995356276765904,0.1,0.9996903705232738,0.8571428571428571,0.0004643723234095248,0.9,0.0003096294767261843,0.0625,0.9992263255622035,0.11764705882352941,0.10638297872340426,0.13157894736842102,0.11914356069189547,0.14239277053373334,0.0996903705232739,307.6349206349206,0.857541075484499
m793_06_fill_holes_and_orientation.obj,m793,NonWheelChair,4,6,3,19375,7,19388,1.4813716569406188,0.8498025687445653,4,6,3,19375,0.5714285714285714,0.9996904184510603,0.4,0.9998451852616369,0.42857142857142855,0.00030958154893968317,0.6,0.00015481473836309216,0.3076923076923077,0.9995357953373221,0.47058823529411764,0.425531914893617,0.5263157894736841,0.4778694155466117,0.5711189898796318,0.3998451852616369,1845.8095238095239,0.4287041474654378
m794_06_fill_holes_and_orientation.obj,m794,NonWheelChair,6,4,1,19377,7,19388,2.974721688005362,0.8817123063106729,6,4,1,19377,0.8571428571428571,0.9997936123007068,0.6,0.9999483950872123,0.14285714285714285,0.00020638769929312212,0.4,5.160491278769739e-05,0.5454545454545454,0.9997421085207345,0.7058823529411764,0.6382978723404255,0.7894736842105262,0.7170199854497559,0.8569364694435639,0.5999483950872122,4153.071428571428,0.14288663290056694
m795_06_fill_holes_and_orientation.obj,m795,NonWheelChair,2,8,5,19373,7,19388,0.8493147138385041,0.7867528616840815,2,8,5,19373,0.2857142857142857,0.9995872246014138,0.2,0.9997419754360615,0.7142857142857143,0.00041277539858624424,0.8,0.0002580245639384869,0.13333333333333333,0.9993294821539096,0.23529411764705882,0.2127659574468085,0.26315789473684204,0.23871884564346754,0.2853015103156995,0.19974197543606143,692.1785714285714,0.7145806756089108
m796_06_fill_holes_and_orientation.obj,m796,NonWheelChair,2,8,5,19373,7,19388,1.5246651516857477,0.886281022366039,2,8,5,19373,0.2857142857142857,0.9995872246014138,0.2,0.9997419754360615,0.7142857142857143,0.00041277539858624424,0.8,0.0002580245639384869,0.13333333333333333,0.9993294821539096,0.23529411764705882,0.2127659574468085,0.26315789473684204,0.23871884564346754,0.2853015103156995,0.19974197543606143,692.1785714285714,0.7145806756089108
m797_06_fill_holes_and_orientation.obj,m797,NonWheelChair,2,8,5,19373,7,19388,0.6930474754302567,0.8012359054040569,2,8,5,19373,0.2857142857142857,0.9995872246014138,0.2,0.9997419754360615,0.7142857142857143,0.00041277539858624424,0.8,0.0002580245639384869,0.13333333333333333,0.9993294821539096,0.23529411764705882,0.2127659574468085,0.26315789473684204,0.23871884564346754,0.2853015103156995,0.19974197543606143,692.1785714285714,0.7145806756089108
m798_06_fill_holes_and_orientation.obj,m798,NonWheelChair,0,10,7,19371,7,19388,0.2032893253312697,0.5417670453735514,0,10,7,19371,0.0,0.9994840307517672,0.0,0.9996387656104861,1.0,0.0005159692482328053,1.0,0.0003612343895138817,0.0,0.9991231689704972,,,,-0.0004317242596766064,-0.0005159692482328282,-0.00036123438951385367,0.0,1.0005162356099324
m799_06_fill_holes_and_orientation.obj,m799,NonWheelChair,2,8,5,19373,7,19388,1.0529385156311173,0.8548915909965645,2,8,5,19373,0.2857142857142857,0.9995872246014138,0.2,0.9997419754360615,0.7142857142857143,0.00041277539858624424,0.8,0.0002580245639384869,0.13333333333333333,0.9993294821539096,0.23529411764705882,0.2127659574468085,0.26315789473684204,0.23871884564346754,0.2853015103156995,0.19974197543606143,692.1785714285714,0.7145806756089108
m800_06_fill_holes_and_orientation.obj,m800,NonWheelChair,7,3,0,19378,7,19388,2.7823338524806767,0.8665521517868597,7,3,0,19378,1.0,0.9998452092255301,0.7,1.0,0.0,0.00015479077446984158,0.3,0.0,0.7,0.9998452651124407,0.8235294117647058,0.7446808510638298,0.9210526315789475,0.836595270401328,0.9998452092255301,0.7,6460.333333333334,0.0
m801_06_fill_holes_and_orientation.obj,m801,NonWheelChair,2,8,4,19374,6,19388,1.3906078277813787,0.836210460292797,2,8,4,19374,0.3333333333333333,0.9995872458982561,0.2,0.9997935803488492,0.6666666666666666,0.0004127541017438861,0.8,0.00020641965115078957,0.14285714285714285,0.9993810604497627,0.25,0.21739130434782608,0.29411764705882354,0.25790578608571774,0.33292057923158946,0.1997935803488493,807.5833333333333,0.6669419496920271
m804_06_fill_holes_and_orientation.obj,m804,NonWheelChair,4,6,3,19375,7,19388,1.1719020265157807,0.8765805191657994,4,6,3,19375,0.5714285714285714,0.9996904184510603,0.4,0.9998451852616369,0.42857142857142855,0.00030958154893968317,0.6,0.00015481473836309216,0.3076923076923077,0.9995357953373221,0.47058823529411764,0.425531914893617,0.5263157894736841,0.4778694155466117,0.5711189898796318,0.3998451852616369,1845.8095238095239,0.4287041474654378
m805_06_fill_holes_and_orientation.obj,m805,NonWheelChair,1,9,6,19372,7,19388,0.6224989740999084,0.7522130832062266,1,9,6,19372,0.14285714285714285,0.9995356276765904,0.1,0.9996903705232738,0.8571428571428571,0.0004643723234095248,0.9,0.0003096294767261843,0.0625,0.9992263255622035,0.11764705882352941,0.10638297872340426,0.13157894736842102,0.11914356069189547,0.14239277053373334,0.0996903705232739,307.6349206349206,0.857541075484499
m806_06_fill_holes_and_orientation.obj,m806,NonWheelChair,1,9,6,19372,7,19388,0.3291763618609966,0.6510313466664767,1,9,6,19372,0.14285714285714285,0.9995356276765904,0.1,0.9996903705232738,0.8571428571428571,0.0004643723234095248,0.9,0.0003096294767261843,0.0625,0.9992263255622035,0.11764705882352941,0.10638297872340426,0.13157894736842102,0.11914356069189547,0.14239277053373334,0.0996903705232739,307.6349206349206,0.857541075484499
m807_06_fill_holes_and_orientation.obj,m807,NonWheelChair,2,8,5,19373,7,19388,1.4041653839832358,0.8440364356887285,2,8,5,19373,0.2857142857142857,0.9995872246014138,0.2,0.9997419754360615,0.7142857142857143,0.00041277539858624424,0.8,0.0002580245639384869,0.13333333333333333,0.9993294821539096,0.23529411764705882,0.2127659574468085,0.26315789473684204,0.23871884564346754,0.2853015103156995,0.19974197543606143,692.1785714285714,0.7145806756089108
m808_06_fill_holes_and_orientation.obj,m808,NonWheelChair,2,8,5,19373,7,19388,1.1971618575867515,0.8027754415475189,2,8,5,19373,0.2857142857142857,0.9995872246014138,0.2,0.9997419754360615,0.7142857142857143,0.00041277539858624424,0.8,0.0002580245639384869,0.13333333333333333,0.9993294821539096,0.23529411764705882,0.2127659574468085,0.26315789473684204,0.23871884564346754,0.2853015103156995,0.19974197543606143,692.1785714285714,0.7145806756089108
m809_06_fill_holes_and_orientation.obj,m809,NonWheelChair,0,10,7,19371,7,19388,0.16854305229671354,0.43468375361719713,0,10,7,19371,0.0,0.9994840307517672,0.0,0.9996387656104861,1.0,0.0005159692482328053,1.0,0.0003612343895138817,0.0,0.9991231689704972,,,,-0.0004317242596766064,-0.0005159692482328282,-0.00036123438951385367,0.0,1.0005162356099324
m810_06_fill_holes_and_orientation.obj,m810,NonWheelChair,3,7,4,19374,7,19388,2.355074136402146,0.897342874656099,3,7,4,19374,0.42857142857142855,0.9996388215262371,0.3,0.9997935803488492,0.5714285714285714,0.00036117847376296373,0.7,0.00020641965115078957,0.21428571428571427,0.9994326387456158,0.3529411764705882,0.3191489361702127,0.3947368421052631,0.3582941305950396,0.42821025009766567,0.2997935803488492,1186.5918367346937,0.5716350336975917
m811_06_fill_holes_and_orientation.obj,m811,NonWheelChair,9,1,0,19378,7,19388,3.3870614106021155,0.8827030263289191,9,1,0,19378,1.0,0.9999483977501419,0.9,1.0,0.0,5.1602249858093815e-05,0.1,0.0,0.9,0.9999484217041469,0.9473684210526316,0.9183673469387754,0.9782608695652175,0.9486588206384462,0.999948397750142,0.8999999999999999,19379.0,0.0
m812_06_fill_holes_and_orientation.obj,m812,NonWheelChair,8,2,0,19378,7,19388,3.872439919007012,0.8938218984761443,8,2,0,19378,1.0,0.9998968008255934,0.8,1.0,0.0,0.00010319917440660474,0.2,0.0,0.8,0.9998968434082938,0.888888888888889,0.8333333333333334,0.9523809523809523,0.8943810377353014,0.9998968008255935,0.8,9690.0,0.0
m813_06_fill_holes_and_orientation.obj,m813,NonWheelChair,9,1,0,19378,7,19388,3.6436555174455996,0.8951262277087996,9,1,0,19378,1.0,0.9999483977501419,0.9,1.0,0.0,5.1602249858093815e-05,0.1,0.0,0.9,0.9999484217041469,0.9473684210526316,0.9183673469387754,0.9782608695652175,0.9486588206384462,0.999948397750142,0.8999999999999999,19379.0,0.0
m814_06_fill_holes_and_orientation.obj,m814,NonWheelChair,6,4,1,19377,7,19388,2.6351190585240394,0.8746133340935981,6,4,1,19377,0.8571428571428571,0.9997936123007068,0.6,0.9999483950872123,0.14285714285714285,0.00020638769929312212,0.4,5.160491278769739e-05,0.5454545454545454,0.9997421085207345,0.7058823529411764,0.6382978723404255,0.7894736842105262,0.7170199854497559,0.8569364694435639,0.5999483950872122,4153.071428571428,0.14288663290056694
m815_06_fill_holes_and_orientation.obj,m815,NonWheelChair,8,2,0,19378,7,19388,2.8314020135530966,0.8669512907870166,8,2,0,19378,1.0,0.9998968008255934,0.8,1.0,0.0,0.00010319917440660474,0.2,0.0,0.8,0.9998968434082938,0.888888888888889,0.8333333333333334,0.9523809523809523,0.8943810377353014,0.9998968008255935,0.8,9690.0,0.0
m816_06_fill_holes_and_orientation.obj,m816,NonWheelChair,8,2,0,19378,7,19388,3.0100291451789474,0.8673931946800473,8,2,0,19378,1.0,0.9998968008255934,0.8,1.0,0.0,0.00010319917440660474,0.2,0.0,0.8,0.9998968434082938,0.888888888888889,0.8333333333333334,0.9523809523809523,0.8943810377353014,0.9998968008255935,0.8,9690.0,0.0
m817_06_fill_holes_and_orientation.obj,m817,NonWheelChair,4,6,3,19375,7,19388,1.7048150318705935,0.8627318213567875,4,6,3,19375,0.5714285714285714,0.9996904184510603,0.4,0.9998451852616369,0.42857142857142855,0.00030958154893968317,0.6,0.00015481473836309216,0.3076923076923077,0.9995357953373221,0.47058823529411764,0.425531914893617,0.5263157894736841,0.4778694155466117,0.5711189898796318,0.3998451852616369,1845.8095238095239,0.4287041474654378
m818_06_fill_holes_and_orientation.obj,m818,NonWheelChair,8,2,0,19378,7,19388,3.5342177187474535,0.8866017590625936,8,2,0,19378,1.0,0.9998968008255934,0.8,1.0,0.0,0.00010319917440660474,0.2,0.0,0.8,0.9998968434082938,0.888888888888889,0.8333333333333334,0.9523809523809523,0.8943810377353014,0.9998968008255935,0.8,9690.0,0.0
m819_06_fill_holes_and_orientation.obj,m819,NonWheelChair,0,10,7,19371,7,19388,0.46060760465618783,0.7381648158971361,0,10,7,19371,0.0,0.9994840307517672,0.0,0.9996387656104861,1.0,0.0005159692482328053,1.0,0.0003612343895138817,0.0,0.9991231689704972,,,,-0.0004317242596766064,-0.0005159692482328282,-0.00036123438951385367,0.0,1.0005162356099324
m820_06_fill_holes_and_orientation.obj,m820,NonWheelChair,6,4,1,19377,7,19388,2.8427347191155024,0.8612564325526366,6,4,1,19377,0.8571428571428571,0.9997936123007068,0.6,0.9999483950872123,0.14285714285714285,0.00020638769929312212,0.4,5.160491278769739e-05,0.5454545454545454,0.9997421085207345,0.7058823529411764,0.6382978723404255,0.7894736842105262,0.7170199854497559,0.8569364694435639,0.5999483950872122,4153.071428571428,0.14288663290056694
m821_06_fill_holes_and_orientation.obj,m821,NonWheelChair,0,10,7,19371,7,19388,0.42657060038049394,0.7377015295576684,0,10,7,19371,0.0,0.9994840307517672,0.0,0.9996387656104861,1.0,0.0005159692482328053,1.0,0.0003612343895138817,0.0,0.9991231689704972,,,,-0.0004317242596766064,-0.0005159692482328282,-0.00036123438951385367,0.0,1.0005162356099324
m822_06_fill_holes_and_orientation.obj,m822,NonWheelChair,5,5,2,19376,7,19388,2.2262995306888285,0.8513563598523186,5,5,2,19376,0.7142857142857143,0.9997420153758836,0.5,0.9998967901744246,0.2857142857142857,0.00025798462411640266,0.5,0.00010320982557539478,0.4166666666666667,0.9996389519290283,0.588235294117647,0.5319148936170213,0.6578947368421053,0.5974447004981838,0.714027729661598,0.4998967901744247,2768.714285714286,0.28578801462781644
m823_06_fill_holes_and_orientation.obj,m823,NonWheelChair,7,3,0,19378,7,19388,3.2757143910043607,0.8953329246910237,7,3,0,19378,1.0,0.9998452092255301,0.7,1.0,0.0,0.00015479077446984158,0.3,0.0,0.7,0.9998452651124407,0.8235294117647058,0.7446808510638298,0.9210526315789475,0.836595270401328,0.9998452092255301,0.7,6460.333333333334,0.0
m824_06_fill_holes_and_orientation.obj,m824,NonWheelChair,8,2,0,19378,7,19388,3.3556158250940302,0.8830023805790366,8,2,0,19378,1.0,0.9998968008255934,0.8,1.0,0.0,0.00010319917440660474,0.2,0.0,0.8,0.9998968434082938,0.888888888888889,0.8333333333333334,0.9523809523809523,0.8943810377353014,0.9998968008255935,0.8,9690.0,0.0
m826_06_fill_holes_and_orientation.obj,m826,NonWheelChair,5,5,2,19376,7,19388,2.2911183354916704,0.8614773844991519,5,5,2,19376,0.7142857142857143,0.9997420153758836,0.5,0.9998967901744246,0.2857142857142857,0.00025798462411640266,0.5,0.00010320982557539478,0.4166666666666667,0.9996389519290283,0.588235294117647,0.5319148936170213,0.6578947368421053,0.5974447004981838,0.714027729661598,0.4998967901744247,2768.714285714286,0.28578801462781644
m827_06_fill_holes_and_orientation.obj,m827,NonWheelChair,4,6,3,19375,7,19388,1.3057233655289522,0.7912788128465738,4,6,3,19375,0.5714285714285714,0.9996904184510603,0.4,0.9998451852616369,0.42857142857142855,0.00030958154893968317,0.6,0.00015481473836309216,0.3076923076923077,0.9995357953373221,0.47058823529411764,0.425531914893617,0.5263157894736841,0.4778694155466117,0.5711189898796318,0.3998451852616369,1845.8095238095239,0.4287041474654378
m828_06_fill_holes_and_orientation.obj,m828,NonWheelChair,4,6,3,19375,7,19388,1.7371740150453292,0.8757608587190489,4,6,3,19375,0.5714285714285714,0.9996904184510603,0.4,0.9998451852616369,0.42857142857142855,0.00030958154893968317,0.6,0.00015481473836309216,0.3076923076923077,0.9995357953373221,0.47058823529411764,0.425531914893617,0.5263157894736841,0.4778694155466117,0.5711189898796318,0.3998451852616369,1845.8095238095239,0.4287041474654378
D00008_06_fill_holes_and_orientation.obj,d00008,PianoBoard,1,9,6,19372,7,19388,0.05180715799831442,0.5222019067519916,1,9,6,19372,0.14285714285714285,0.9995356276765904,0.1,0.9996903705232738,0.8571428571428571,0.0004643723234095248,0.9,0.0003096294767261843,0.0625,0.9992263255622035,0.11764705882352941,0.10638297872340426,0.13157894736842102,0.11914356069189547,0.14239277053373334,0.0996903705232739,307.6349206349206,0.857541075484499
D00065_06_fill_holes_and_orientation.obj,d00065,PianoBoard,1,9,6,19372,7,19388,0.06605236602939514,0.38269992599364416,1,9,6,19372,0.14285714285714285,0.9995356276765904,0.1,0.9996903705232738,0.8571428571428571,0.0004643723234095248,0.9,0.0003096294767261843,0.0625,0.9992263255622035,0.11764705882352941,0.10638297872340426,0.13157894736842102,0.11914356069189547,0.14239277053373334,0.0996903705232739,307.6349206349206,0.857541075484499
D00075_06_fill_holes_and_orientation.obj,d00075,PianoBoard,1,9,6,19372,7,19388,0.22288643376425737,0.6756562622436986,1,9,6,19372,0.14285714285714285,0.9995356276765904,0.1,0.9996903705232738,0.8571428571428571,0.0004643723234095248,0.9,0.0003096294767261843,0.0625,0.9992263255622035,0.11764705882352941,0.10638297872340426,0.13157894736842102,0.11914356069189547,0.14239277053373334,0.0996903705232739,307.6349206349206,0.857541075484499
D00104_06_fill_holes_and_orientation.obj,d00104,PianoBoard,3,7,4,19374,7,19388,0.45565034831530504,0.7635714596665362,3,7,4,19374,0.42857142857142855,0.9996388215262371,0.3,0.9997935803488492,0.5714285714285714,0.00036117847376296373,0.7,0.00020641965115078957,0.21428571428571427,0.9994326387456158,0.3529411764705882,0.3191489361702127,0.3947368421052631,0.3582941305950396,0.42821025009766567,0.2997935803488492,1186.5918367346937,0.5716350336975917
D00122_06_fill_holes_and_orientation.obj,d00122,PianoBoard,5,5,2,19376,7,19388,0.8652078296854693,0.7645509555526533,5,5,2,19376,0.7142857142857143,0.9997420153758836,0.5,0.9998967901744246,0.2857142857142857,0.00025798462411640266,0.5,0.00010320982557539478,0.4166666666666667,0.9996389519290283,0.588235294117647,0.5319148936170213,0.6578947368421053,0.5974447004981838,0.714027729661598,0.4998967901744247,2768.714285714286,0.28578801462781644
D00181_06_fill_holes_and_orientation.obj,d00181,PianoBoard,0,10,7,19371,7,19388,0.044191207710139124,0.6213486570023072,0,10,7,19371,0.0,0.9994840307517672,0.0,0.9996387656104861,1.0,0.0005159692482328053,1.0,0.0003612343895138817,0.0,0.9991231689704972,,,,-0.0004317242596766064,-0.0005159692482328282,-0.00036123438951385367,0.0,1.0005162356099324
D00212_06_fill_holes_and_orientation.obj,d00212,PianoBoard,2,8,5,19373,7,19388,0.335339836516252,0.6782900178485917,2,8,5,19373,0.2857142857142857,0.9995872246014138,0.2,0.9997419754360615,0.7142857142857143,0.00041277539858624424,0.8,0.0002580245639384869,0.13333333333333333,0.9993294821539096,0.23529411764705882,0.2127659574468085,0.26315789473684204,0.23871884564346754,0.2853015103156995,0.19974197543606143,692.1785714285714,0.7145806756089108
D00235_06_fill_holes_and_orientation.obj,d00235,PianoBoard,0,10,7,19371,7,19388,0.014614284330421824,0.30577684907056724,0,10,7,19371,0.0,0.9994840307517672,0.0,0.9996387656104861,1.0,0.0005159692482328053,1.0,0.0003612343895138817,0.0,0.9991231689704972,,,,-0.0004317242596766064,-0.0005159692482328282,-0.00036123438951385367,0.0,1.0005162356099324
D00253_06_fill_holes_and_orientation.obj,d00253,PianoBoard,1,9,6,19372,7,19388,0.07962173171154759,0.6021070044839145,1,9,6,19372,0.14285714285714285,0.9995356276765904,0.1,0.9996903705232738,0.8571428571428571,0.0004643723234095248,0.9,0.0003096294767261843,0.0625,0.9992263255622035,0.11764705882352941,0.10638297872340426,0.13157894736842102,0.11914356069189547,0.14239277053373334,0.0996903705232739,307.6349206349206,0.857541075484499
D00332_06_fill_holes_and_orientation.obj,d00332,PianoBoard,3,7,4,19374,7,19388,0.6048366581748216,0.755387227373645,3,7,4,19374,0.42857142857142855,0.9996388215262371,0.3,0.9997935803488492,0.5714285714285714,0.00036117847376296373,0.7,0.00020641965115078957,0.21428571428571427,0.9994326387456158,0.3529411764705882,0.3191489361702127,0.3947368421052631,0.3582941305950396,0.42821025009766567,0.2997935803488492,1186.5918367346937,0.5716350336975917
D00381_06_fill_holes_and_orientation.obj,d00381,PianoBoard,2,8,5,19373,7,19388,0.2491060891900707,0.5600322145313656,2,8,5,19373,0.2857142857142857,0.9995872246014138,0.2,0.9997419754360615,0.7142857142857143,0.00041277539858624424,0.8,0.0002580245639384869,0.13333333333333333,0.9993294821539096,0.23529411764705882,0.2127659574468085,0.26315789473684204,0.23871884564346754,0.2853015103156995,0.19974197543606143,692.1785714285714,0.7145806756089108
D00441_06_fill_holes_and_orientation.obj,d00441,PianoBoard,1,9,6,19372,7,19388,0.07147417101585433,0.6438552958077576,1,9,6,19372,0.14285714285714285,0.9995356276765904,0.1,0.9996903705232738,0.8571428571428571,0.0004643723234095248,0.9,0.0003096294767261843,0.0625,0.9992263255622035,0.11764705882352941,0.10638297872340426,0.13157894736842102,0.11914356069189547,0.14239277053373334,0.0996903705232739,307.6349206349206,0.857541075484499
D00460_06_fill_holes_and_orientation.obj,d00460,PianoBoard,1,9,6,19372,7,19388,0.11401311166143005,0.6287275260110574,1,9,6,19372,0.14285714285714285,0.9995356276765904,0.1,0.9996903705232738,0.8571428571428571,0.0004643723234095248,0.9,0.0003096294767261843,0.0625,0.9992263255622035,0.11764705882352941,0.10638297872340426,0.13157894736842102,0.11914356069189547,0.14239277053373334,0.0996903705232739,307.6349206349206,0.857541075484499
D00623_06_fill_holes_and_orientation.obj,d00623,PianoBoard,1,9,6,19372,7,19388,0.044576644222784956,0.4845021984241,1,9,6,19372,0.14285714285714285,0.9995356276765904,0.1,0.9996903705232738,0.8571428571428571,0.0004643723234095248,0.9,0.0003096294767261843,0.0625,0.9992263255622035,0.11764705882352941,0.10638297872340426,0.13157894736842102,0.11914356069189547,0.14239277053373334,0.0996903705232739,307.6349206349206,0.857541075484499
D00718_06_fill_holes_and_orientation.obj,d00718,PianoBoard,1,9,6,19372,7,19388,0.17045894163586187,0.5396369335248792,1,9,6,19372,0.14285714285714285,0.9995356276765904,0.1,0.9996903705232738,0.8571428571428571,0.0004643723234095248,0.9,0.0003096294767261843,0.0625,0.9992263255622035,0.11764705882352941,0.10638297872340426,0.13157894736842102,0.11914356069189547,0.14239277053373334,0.0996903705232739,307.6349206349206,0.857541075484499
D00721_06_fill_holes_and_orientation.obj,d00721,PianoBoard,0,10,7,19371,7,19388,0.030872612257735566,0.5993861825780331,0,10,7,19371,0.0,0.9994840307517672,0.0,0.9996387656104861,1.0,0.0005159692482328053,1.0,0.0003612343895138817,0.0,0.9991231689704972,,,,-0.0004317242596766064,-0.0005159692482328282,-0.00036123438951385367,0.0,1.0005162356099324
D00755_06_fill_holes_and_orientation.obj,d00755,PianoBoard,4,6,2,19376,6,19388,0.5631960689114633,0.7355361107483349,4,6,2,19376,0.6666666666666666,0.9996904344236921,0.4,0.9998967901744246,0.3333333333333333,0.00030956557630791457,0.6,0.00010320982557539478,0.3333333333333333,0.9995873736331752,0.5,0.43478260869565216,0.5882352941176471,0.5162112608573829,0.6663571010903588,0.3998967901744246,2153.555555555555,0.3334365538122763
D00885_06_fill_holes_and_orientation.obj,d00885,PianoBoard,1,9,6,19372,7,19388,0.22154214130948394,0.6787688825040268,1,9,6,19372,0.14285714285714285,0.9995356276765904,0.1,0.9996903705232738,0.8571428571428571,0.0004643723234095248,0.9,0.0003096294767261843,0.0625,0.9992263255622035,0.11764705882352941,0.10638297872340426,0.13157894736842102,0.11914356069189547,0.14239277053373334,0.0996903705232739,307.6349206349206,0.857541075484499
D00962_06_fill_holes_and_orientation.obj,d00962,PianoBoard,4,6,3,19375,7,19388,0.6435340484469031,0.802207130730051,4,6,3,19375,0.5714285714285714,0.9996904184510603,0.4,0.9998451852616369,0.42857142857142855,0.00030958154893968317,0.6,0.00015481473836309216,0.3076923076923077,0.9995357953373221,0.47058823529411764,0.425531914893617,0.5263157894736841,0.4778694155466117,0.5711189898796318,0.3998451852616369,1845.8095238095239,0.4287041474654378
D00966_06_fill_holes_and_orientation.obj,d00966,PianoBoard,3,7,4,19374,7,19388,0.4133365649652692,0.7453310696095077,3,7,4,19374,0.42857142857142855,0.9996388215262371,0.3,0.9997935803488492,0.5714285714285714,0.00036117847376296373,0.7,0.00020641965115078957,0.21428571428571427,0.9994326387456158,0.3529411764705882,0.3191489361702127,0.3947368421052631,0.3582941305950396,0.42821025009766567,0.2997935803488492,1186.5918367346937,0.5716350336975917
D00049_06_fill_holes_and_orientation.obj,d00049,PlantIndoors,3,7,4,19374,7,19388,0.9697207479207789,0.7045439349567404,3,7,4,19374,0.42857142857142855,0.9996388215262371,0.3,0.9997935803488492,0.5714285714285714,0.00036117847376296373,0.7,0.00020641965115078957,0.21428571428571427,0.9994326387456158,0.3529411764705882,0.3191489361702127,0.3947368421052631,0.3582941305950396,0.42821025009766567,0.2997935803488492,1186.5918367346937,0.5716350336975917
D00073_06_fill_holes_and_orientation.obj,d00073,PlantIndoors,4,6,3,19375,7,19388,1.072317481716764,0.6822388039742715,4,6,3,19375,0.5714285714285714,0.9996904184510603,0.4,0.9998451852616369,0.42857142857142855,0.00030958154893968317,0.6,0.00015481473836309216,0.3076923076923077,0.9995357953373221,0.47058823529411764,0.425531914893617,0.5263157894736841,0.4778694155466117,0.5711189898796318,0.3998451852616369,1845.8095238095239,0.4287041474654378
D00080_06_fill_holes_and_orientation.obj,d00080,PlantIndoors,2,8,5,19373,7,19388,0.7154989241284854,0.710026611037563,2,8,5,19373,0.2857142857142857,0.9995872246014138,0.2,0.9997419754360615,0.7142857142857143,0.00041277539858624424,0.8,0.0002580245639384869,0.13333333333333333,0.9993294821539096,0.23529411764705882,0.2127659574468085,0.26315789473684204,0.23871884564346754,0.2853015103156995,0.19974197543606143,692.1785714285714,0.7145806756089108
D00087_06_fill_holes_and_orientation.obj,d00087,PlantIndoors,5,5,2,19376,7,19388,1.434284003296224,0.663263395782351,5,5,2,19376,0.7142857142857143,0.9997420153758836,0.5,0.9998967901744246,0.2857142857142857,0.00025798462411640266,0.5,0.00010320982557539478,0.4166666666666667,0.9996389519290283,0.588235294117647,0.5319148936170213,0.6578947368421053,0.5974447004981838,0.714027729661598,0.4998967901744247,2768.714285714286,0.28578801462781644
D00128_06_fill_holes_and_orientation.obj,d00128,PlantIndoors,3,7,4,19374,7,19388,1.0439455033154927,0.6907971276126288,3,7,4,19374,0.42857142857142855,0.9996388215262371,0.3,0.9997935803488492,0.5714285714285714,0.00036117847376296373,0.7,0.00020641965115078957,0.21428571428571427,0.9994326387456158,0.3529411764705882,0.3191489361702127,0.3947368421052631,0.3582941305950396,0.42821025009766567,0.2997935803488492,1186.5918367346937,0.5716350336975917
D00159_06_fill_holes_and_orientation.obj,d00159,PlantIndoors,2,8,5,19373,7,19388,0.9068100865175133,0.6782070311977642,2,8,5,19373,0.2857142857142857,0.9995872246014138,0.2,0.9997419754360615,0.7142857142857143,0.00041277539858624424,0.8,0.0002580245639384869,0.13333333333333333,0.9993294821539096,0.23529411764705882,0.2127659574468085,0.26315789473684204,0.23871884564346754,0.2853015103156995,0.19974197543606143,692.1785714285714,0.7145806756089108
D00238_06_fill_holes_and_orientation.obj,d00238,PlantIndoors,4,6,3,19375,7,19388,2.0110394941480734,0.8122517751835359,4,6,3,19375,0.5714285714285714,0.9996904184510603,0.4,0.9998451852616369,0.42857142857142855,0.00030958154893968317,0.6,0.00015481473836309216,0.3076923076923077,0.9995357953373221,0.47058823529411764,0.425531914893617,0.5263157894736841,0.4778694155466117,0.5711189898796318,0.3998451852616369,1845.8095238095239,0.4287041474654378
D00280_06_fill_holes_and_orientation.obj,d00280,PlantIndoors,1,9,5,19373,6,19388,0.6105244239416613,0.6751715007822843,1,9,5,19373,0.16666666666666666,0.9995356516355381,0.1,0.9997419754360615,0.8333333333333334,0.0004643483644618718,0.9,0.0002580245639384869,0.06666666666666667,0.9992779038580565,0.125,0.10869565217391304,0.14705882352941177,0.1287530486998851,0.16620231830220478,0.09974197543606156,358.9259259259259,0.8337204700700288
D00370_06_fill_holes_and_orientation.obj,d00370,PlantIndoors,3,7,3,19375,6,19388,1.3580096555880974,0.6792968802235861,3,7,3,19375,0.5,0.9996388401609742,0.3,0.9998451852616369,0.5,0.0003611598390259003,0.7,0.00015481473836309216,0.23076923076923078,0.999484217041469,0.37499999999999994,0.32608695652173914,0.4411764705882353,0.38705852347155034,0.49963884016097415,0.29984518526163684,1384.4285714285716,0.5001806451612903
D00379_06_fill_holes_and_orientation.obj,d00379,PlantIndoors,4,6,3,19375,7,19388,1.957799556500052,0.7389176395073614,4,6,3,19375,0.5714285714285714,0.9996904184510603,0.4,0.9998451852616369,0.42857142857142855,0.00030958154893968317,0.6,0.00015481473836309216,0.3076923076923077,0.9995357953373221,0.47058823529411764,0.425531914893617,0.5263157894736841,0.4778694155466117,0.5711189898796318,0.3998451852616369,1845.8095238095239,0.4287041474654378
D00466_06_fill_holes_and_orientation.obj,d00466,PlantIndoors,3,7,4,19374,7,19388,1.0061434032813406,0.6543908211978979,3,7,4,19374,0.42857142857142855,0.9996388215262371,0.3,0.9997935803488492,0.5714285714285714,0.00036117847376296373,0.7,0.00020641965115078957,0.21428571428571427,0.9994326387456158,0.3529411764705882,0.3191489361702127,0.3947368421052631,0.3582941305950396,0.42821025009766567,0.2997935803488492,1186.5918367346937,0.5716350336975917
D00491_06_fill_holes_and_orientation.obj,d00491,PlantIndoors,5,5,2,19376,7,19388,1.5173566903805056,0.7589294072023642,5,5,2,19376,0.7142857142857143,0.9997420153758836,0.5,0.9998967901744246,0.2857142857142857,0.00025798462411640266,0.5,0.00010320982557539478,0.4166666666666667,0.9996389519290283,0.588235294117647,0.5319148936170213,0.6578947368421053,0.5974447004981838,0.714027729661598,0.4998967901744247,2768.714285714286,0.28578801462781644
D00595_06_fill_holes_and_orientation.obj,d00595,PlantIndoors,7,3,0,19378,7,19388,2.294045633812817,0.8158288870167556,7,3,0,19378,1.0,0.9998452092255301,0.7,1.0,0.0,0.00015479077446984158,0.3,0.0,0.7,0.9998452651124407,0.8235294117647058,0.7446808510638298,0.9210526315789475,0.836595270401328,0.9998452092255301,0.7,6460.333333333334,0.0
D00609_06_fill_holes_and_orientation.obj,d00609,PlantIndoors,5,5,2,19376,7,19388,1.2520742233434905,0.7559273077385966,5,5,2,19376,0.7142857142857143,0.9997420153758836,0.5,0.9998967901744246,0.2857142857142857,0.00025798462411640266,0.5,0.00010320982557539478,0.4166666666666667,0.9996389519290283,0.588235294117647,0.5319148936170213,0.6578947368421053,0.5974447004981838,0.714027729661598,0.4998967901744247,2768.714285714286,0.28578801462781644
D00622_06_fill_holes_and_orientation.obj,d00622,PlantIndoors,1,9,6,19372,7,19388,0.4179702059647289,0.5466696085904172,1,9,6,19372,0.14285714285714285,0.9995356276765904,0.1,0.9996903705232738,0.8571428571428571,0.0004643723234095248,0.9,0.0003096294767261843,0.0625,0.9992263255622035,0.11764705882352941,0.10638297872340426,0.13157894736842102,0.11914356069189547,0.14239277053373334,0.0996903705232739,307.6349206349206,0.857541075484499
D00624_06_fill_holes_and_orientation.obj,d00624,PlantIndoors,3,7,4,19374,7,19388,0.9021011168289629,0.6149690429387143,3,7,4,19374,0.42857142857142855,0.9996388215262371,0.3,0.9997935803488492,0.5714285714285714,0.00036117847376296373,0.7,0.00020641965115078957,0.21428571428571427,0.9994326387456158,0.3529411764705882,0.3191489361702127,0.3947368421052631,0.3582941305950396,0.42821025009766567,0.2997935803488492,1186.5918367346937,0.5716350336975917
D00657_06_fill_holes_and_orientation.obj,d00657,PlantIndoors,2,8,5,19373,7,19388,0.5358193508628301,0.5961139861729583,2,8,5,19373,0.2857142857142857,0.9995872246014138,0.2,0.9997419754360615,0.7142857142857143,0.00041277539858624424,0.8,0.0002580245639384869,0.13333333333333333,0.9993294821539096,0.23529411764705882,0.2127659574468085,0.26315789473684204,0.23871884564346754,0.2853015103156995,0.19974197543606143,692.1785714285714,0.7145806756089108
D00667_06_fill_holes_and_orientation.obj,d00667,PlantIndoors,2,8,5,19373,7,19388,1.0520725235696589,0.7649336061298992,2,8,5,19373,0.2857142857142857,0.9995872246014138,0.2,0.9997419754360615,0.7142857142857143,0.00041277539858624424,0.8,0.0002580245639384869,0.13333333333333333,0.9993294821539096,0.23529411764705882,0.2127659574468085,0.26315789473684204,0.23871884564346754,0.2853015103156995,0.19974197543606143,692.1785714285714,0.7145806756089108
D00800_06_fill_holes_and_orientation.obj,d00800,PlantIndoors,3,7,4,19374,7,19388,1.400893256916836,0.7573180353298297,3,7,4,19374,0.42857142857142855,0.9996388215262371,0.3,0.9997935803488492,0.5714285714285714,0.00036117847376296373,0.7,0.00020641965115078957,0.21428571428571427,0.9994326387456158,0.3529411764705882,0.3191489361702127,0.3947368421052631,0.3582941305950396,0.42821025009766567,0.2997935803488492,1186.5918367346937,0.5716350336975917
D00968_06_fill_holes_and_orientation.obj,d00968,PlantIndoors,1,9,5,19373,6,19388,0.5249892229959278,0.606611305010631,1,9,5,19373,0.16666666666666666,0.9995356516355381,0.1,0.9997419754360615,0.8333333333333334,0.0004643483644618718,0.9,0.0002580245639384869,0.06666666666666667,0.9992779038580565,0.125,0.10869565217391304,0.14705882352941177,0.1287530486998851,0.16620231830220478,0.09974197543606156,358.9259259259259,0.8337204700700288
m1000_06_fill_holes_and_orientation.obj,m1000,PlantIndoors,3,7,4,19374,7,19388,0.9296413529257811,0.7014482288281783,3,7,4,19374,0.42857142857142855,0.9996388215262371,0.3,0.9997935803488492,0.5714285714285714,0.00036117847376296373,0.7,0.00020641965115078957,0.21428571428571427,0.9994326387456158,0.3529411764705882,0.3191489361702127,0.3947368421052631,0.3582941305950396,0.42821025009766567,0.2997935803488492,1186.5918367346937,0.5716350336975917
m1001_06_fill_holes_and_orientation.obj,m1001,PlantIndoors,4,6,3,19375,7,19388,1.0466216557909418,0.6817841430309837,4,6,3,19375,0.5714285714285714,0.9996904184510603,0.4,0.9998451852616369,0.42857142857142855,0.00030958154893968317,0.6,0.00015481473836309216,0.3076923076923077,0.9995357953373221,0.47058823529411764,0.425531914893617,0.5263157894736841,0.4778694155466117,0.5711189898796318,0.3998451852616369,1845.8095238095239,0.4287041474654378
m1002_06_fill_holes_and_orientation.obj,m1002,PlantIndoors,5,5,2,19376,7,19388,1.64107307374932,0.8011995025474385,5,5,2,19376,0.7142857142857143,0.9997420153758836,0.5,0.9998967901744246,0.2857142857142857,0.00025798462411640266,0.5,0.00010320982557539478,0.4166666666666667,0.9996389519290283,0.588235294117647,0.5319148936170213,0.6578947368421053,0.5974447004981838,0.714027729661598,0.4998967901744247,2768.714285714286,0.28578801462781644
m1003_06_fill_holes_and_orientation.obj,m1003,PlantIndoors,4,6,3,19375,7,19388,1.9067993161056112,0.7381487276179779,4,6,3,19375,0.5714285714285714,0.9996904184510603,0.4,0.9998451852616369,0.42857142857142855,0.00030958154893968317,0.6,0.00015481473836309216,0.3076923076923077,0.9995357953373221,0.47058823529411764,0.425531914893617,0.5263157894736841,0.4778694155466117,0.5711189898796318,0.3998451852616369,1845.8095238095239,0.4287041474654378
m1004_06_fill_holes_and_orientation.obj,m1004,PlantIndoors,3,7,4,19374,7,19388,1.4461667581338482,0.7645591794707212,3,7,4,19374,0.42857142857142855,0.9996388215262371,0.3,0.9997935803488492,0.5714285714285714,0.00036117847376296373,0.7,0.00020641965115078957,0.21428571428571427,0.9994326387456158,0.3529411764705882,0.3191489361702127,0.3947368421052631,0.3582941305950396,0.42821025009766567,0.2997935803488492,1186.5918367346937,0.5716350336975917
m1005_06_fill_holes_and_orientation.obj,m1005,PlantIndoors,2,8,5,19373,7,19388,0.5419814514197915,0.6633503162568032,2,8,5,19373,0.2857142857142857,0.9995872246014138,0.2,0.9997419754360615,0.7142857142857143,0.00041277539858624424,0.8,0.0002580245639384869,0.13333333333333333,0.9993294821539096,0.23529411764705882,0.2127659574468085,0.26315789473684204,0.23871884564346754,0.2853015103156995,0.19974197543606143,692.1785714285714,0.7145806756089108
m1006_06_fill_holes_and_orientation.obj,m1006,PlantIndoors,4,6,3,19375,7,19388,1.0644228058961576,0.6523916502855004,4,6,3,19375,0.5714285714285714,0.9996904184510603,0.4,0.9998451852616369,0.42857142857142855,0.00030958154893968317,0.6,0.00015481473836309216,0.3076923076923077,0.9995357953373221,0.47058823529411764,0.425531914893617,0.5263157894736841,0.4778694155466117,0.5711189898796318,0.3998451852616369,1845.8095238095239,0.4287041474654378
m1007_06_fill_holes_and_orientation.obj,m1007,PlantIndoors,3,7,3,19375,6,19388,1.3659600697815932,0.6812626201842713,3,7,3,19375,0.5,0.9996388401609742,0.3,0.9998451852616369,0.5,0.0003611598390259003,0.7,0.00015481473836309216,0.23076923076923078,0.999484217041469,0.37499999999999994,0.32608695652173914,0.4411764705882353,0.38705852347155034,0.49963884016097415,0.29984518526163684,1384.4285714285716,0.5001806451612903
m1008_06_fill_holes_and_orientation.obj,m1008,PlantIndoors,1,9,6,19372,7,19388,0.40612814698928995,0.6436795442692662,1,9,6,19372,0.14285714285714285,0.9995356276765904,0.1,0.9996903705232738,0.8571428571428571,0.0004643723234095248,0.9,0.0003096294767261843,0.0625,0.9992263255622035,0.11764705882352941,0.10638297872340426,0.13157894736842102,0.11914356069189547,0.14239277053373334,0.0996903705232739,307.6349206349206,0.857541075484499
m1009_06_fill_holes_and_orientation.obj,m1009,PlantIndoors,0,10,7,19371,7,19388,0.3646459993554382,0.6444283975876225,0,10,7,19371,0.0,0.9994840307517672,0.0,0.9996387656104861,1.0,0.0005159692482328053,1.0,0.0003612343895138817,0.0,0.9991231689704972,,,,-0.0004317242596766064,-0.0005159692482328282,-0.00036123438951385367,0.0,1.0005162356099324
m1010_06_fill_holes_and_orientation.obj,m1010,PlantIndoors,3,7,4,19374,7,19388,1.328012437311971,0.7614166700097618,3,7,4,19374,0.42857142857142855,0.9996388215262371,0.3,0.9997935803488492,0.5714285714285714,0.00036117847376296373,0.7,0.00020641965115078957,0.21428571428571427,0.9994326387456158,0.3529411764705882,0.3191489361702127,0.3947368421052631,0.3582941305950396,0.42821025009766567,0.2997935803488492,1186.5918367346937,0.5716350336975917
m1011_06_fill_holes_and_orientation.obj,m1011,PlantIndoors,4,6,2,19376,6,19388,0.9320356833229096,0.6276326874473461,4,6,2,19376,0.6666666666666666,0.9996904344236921,0.4,0.9998967901744246,0.3333333333333333,0.00030956557630791457,0.6,0.00010320982557539478,0.3333333333333333,0.9995873736331752,0.5,0.43478260869565216,0.5882352941176471,0.5162112608573829,0.6663571010903588,0.3998967901744246,2153.555555555555,0.3334365538122763
m1012_06_fill_holes_and_orientation.obj,m1012,PlantIndoors,5,5,2,19376,7,19388,0.9332466537701479,0.640323076717348,5,5,2,19376,0.7142857142857143,0.9997420153758836,0.5,0.9998967901744246,0.2857142857142857,0.00025798462411640266,0.5,0.00010320982557539478,0.4166666666666667,0.9996389519290283,0.588235294117647,0.5319148936170213,0.6578947368421053,0.5974447004981838,0.714027729661598,0.4998967901744247,2768.714285714286,0.28578801462781644
m1013_06_fill_holes_and_orientation.obj,m1013,PlantIndoors,7,3,0,19378,7,19388,2.2068395366424722,0.8223278640296332,7,3,0,19378,1.0,0.9998452092255301,0.7,1.0,0.0,0.00015479077446984158,0.3,0.0,0.7,0.9998452651124407,0.8235294117647058,0.7446808510638298,0.9210526315789475,0.836595270401328,0.9998452092255301,0.7,6460.333333333334,0.0
m1014_06_fill_holes_and_orientation.obj,m1014,PlantIndoors,7,3,0,19378,7,19388,2.319255192222017,0.819131865045934,7,3,0,19378,1.0,0.9998452092255301,0.7,1.0,0.0,0.00015479077446984158,0.3,0.0,0.7,0.9998452651124407,0.8235294117647058,0.7446808510638298,0.9210526315789475,0.836595270401328,0.9998452092255301,0.7,6460.333333333334,0.0
m1015_06_fill_holes_and_orientation.obj,m1015,PlantIndoors,0,10,7,19371,7,19388,0.5121620304957683,0.6825396825396826,0,10,7,19371,0.0,0.9994840307517672,0.0,0.9996387656104861,1.0,0.0005159692482328053,1.0,0.0003612343895138817,0.0,0.9991231689704972,,,,-0.0004317242596766064,-0.0005159692482328282,-0.00036123438951385367,0.0,1.0005162356099324
m1016_06_fill_holes_and_orientation.obj,m1016,PlantIndoors,1,9,6,19372,7,19388,0.3027275398781729,0.5654377448817214,1,9,6,19372,0.14285714285714285,0.9995356276765904,0.1,0.9996903705232738,0.8571428571428571,0.0004643723234095248,0.9,0.0003096294767261843,0.0625,0.9992263255622035,0.11764705882352941,0.10638297872340426,0.13157894736842102,0.11914356069189547,0.14239277053373334,0.0996903705232739,307.6349206349206,0.857541075484499
m1017_06_fill_holes_and_orientation.obj,m1017,PlantIndoors,1,9,6,19372,7,19388,0.4193059732153796,0.5465893743063077,1,9,6,19372,0.14285714285714285,0.9995356276765904,0.1,0.9996903705232738,0.8571428571428571,0.0004643723234095248,0.9,0.0003096294767261843,0.0625,0.9992263255622035,0.11764705882352941,0.10638297872340426,0.13157894736842102,0.11914356069189547,0.14239277053373334,0.0996903705232739,307.6349206349206,0.857541075484499
m1018_06_fill_holes_and_orientation.obj,m1018,PlantIndoors,4,6,3,19375,7,19388,0.9617144584124624,0.6192548909482356,4,6,3,19375,0.5714285714285714,0.9996904184510603,0.4,0.9998451852616369,0.42857142857142855,0.00030958154893968317,0.6,0.00015481473836309216,0.3076923076923077,0.9995357953373221,0.47058823529411764,0.425531914893617,0.5263157894736841,0.4778694155466117,0.5711189898796318,0.3998451852616369,1845.8095238095239,0.4287041474654378
m1020_06_fill_holes_and_orientation.obj,m1020,PlantIndoors,4,6,3,19375,7,19388,1.928194091611815,0.8104665623620972,4,6,3,19375,0.5714285714285714,0.9996904184510603,0.4,0.9998451852616369,0.42857142857142855,0.00030958154893968317,0.6,0.00015481473836309216,0.3076923076923077,0.9995357953373221,0.47058823529411764,0.425531914893617,0.5263157894736841,0.4778694155466117,0.5711189898796318,0.3998451852616369,1845.8095238095239,0.4287041474654378
m1021_06_fill_holes_and_orientation.obj,m1021,PlantIndoors,1,9,5,19373,6,19388,0.5245138312139295,0.6056752383626857,1,9,5,19373,0.16666666666666666,0.9995356516355381,0.1,0.9997419754360615,0.8333333333333334,0.0004643483644618718,0.9,0.0002580245639384869,0.06666666666666667,0.9992779038580565,0.125,0.10869565217391304,0.14705882352941177,0.1287530486998851,0.16620231830220478,0.09974197543606156,358.9259259259259,0.8337204700700288
m1022_06_fill_holes_and_orientation.obj,m1022,PlantIndoors,1,9,5,19373,6,19388,0.6045564896456778,0.6707118118238591,1,9,5,19373,0.16666666666666666,0.9995356516355381,0.1,0.9997419754360615,0.8333333333333334,0.0004643483644618718,0.9,0.0002580245639384869,0.06666666666666667,0.9992779038580565,0.125,0.10869565217391304,0.14705882352941177,0.1287530486998851,0.16620231830220478,0.09974197543606156,358.9259259259259,0.8337204700700288
m1023_06_fill_holes_and_orientation.obj,m1023,PlantIndoors,4,6,3,19375,7,19388,1.0190194856017136,0.6547585616667335,4,6,3,19375,0.5714285714285714,0.9996904184510603,0.4,0.9998451852616369,0.42857142857142855,0.00030958154893968317,0.6,0.00015481473836309216,0.3076923076923077,0.9995357953373221,0.47058823529411764,0.425531914893617,0.5263157894736841,0.4778694155466117,0.5711189898796318,0.3998451852616369,1845.8095238095239,0.4287041474654378
m1025_06_fill_holes_and_orientation.obj,m1025,PlantIndoors,5,5,2,19376,7,19388,1.3124332162684886,0.7646661585162007,5,5,2,19376,0.7142857142857143,0.9997420153758836,0.5,0.9998967901744246,0.2857142857142857,0.00025798462411640266,0.5,0.00010320982557539478,0.4166666666666667,0.9996389519290283,0.588235294117647,0.5319148936170213,0.6578947368421053,0.5974447004981838,0.714027729661598,0.4998967901744247,2768.714285714286,0.28578801462781644
m1026_06_fill_holes_and_orientation.obj,m1026,PlantIndoors,2,8,5,19373,7,19388,0.7902147061169321,0.6581685187413915,2,8,5,19373,0.2857142857142857,0.9995872246014138,0.2,0.9997419754360615,0.7142857142857143,0.00041277539858624424,0.8,0.0002580245639384869,0.13333333333333333,0.9993294821539096,0.23529411764705882,0.2127659574468085,0.26315789473684204,0.23871884564346754,0.2853015103156995,0.19974197543606143,692.1785714285714,0.7145806756089108
m1027_06_fill_holes_and_orientation.obj,m1027,PlantIndoors,3,7,4,19374,7,19388,1.1393234315465033,0.6452708575707732,3,7,4,19374,0.42857142857142855,0.9996388215262371,0.3,0.9997935803488492,0.5714285714285714,0.00036117847376296373,0.7,0.00020641965115078957,0.21428571428571427,0.9994326387456158,0.3529411764705882,0.3191489361702127,0.3947368421052631,0.3582941305950396,0.42821025009766567,0.2997935803488492,1186.5918367346937,0.5716350336975917
m1029_06_fill_holes_and_orientation.obj,m1029,PlantIndoors,2,8,5,19373,7,19388,0.5471361256836391,0.6799588130674904,2,8,5,19373,0.2857142857142857,0.9995872246014138,0.2,0.9997419754360615,0.7142857142857143,0.00041277539858624424,0.8,0.0002580245639384869,0.13333333333333333,0.9993294821539096,0.23529411764705882,0.2127659574468085,0.26315789473684204,0.23871884564346754,0.2853015103156995,0.19974197543606143,692.1785714285714,0.7145806756089108
m1030_06_fill_holes_and_orientation.obj,m1030,PlantIndoors,4,6,3,19375,7,19388,1.1521617095261572,0.7490605902568834,4,6,3,19375,0.5714285714285714,0.9996904184510603,0.4,0.9998451852616369,0.42857142857142855,0.00030958154893968317,0.6,0.00015481473836309216,0.3076923076923077,0.9995357953373221,0.47058823529411764,0.425531914893617,0.5263157894736841,0.4778694155466117,0.5711189898796318,0.3998451852616369,1845.8095238095239,0.4287041474654378
m1031_06_fill_holes_and_orientation.obj,m1031,PlantIndoors,2,8,5,19373,7,19388,1.1132409623169635,0.7091975234350971,2,8,5,19373,0.2857142857142857,0.9995872246014138,0.2,0.9997419754360615,0.7142857142857143,0.00041277539858624424,0.8,0.0002580245639384869,0.13333333333333333,0.9993294821539096,0.23529411764705882,0.2127659574468085,0.26315789473684204,0.23871884564346754,0.2853015103156995,0.19974197543606143,692.1785714285714,0.7145806756089108
m1032_06_fill_holes_and_orientation.obj,m1032,PlantIndoors,0,10,7,19371,7,19388,0.3144676143435854,0.5748251561225445,0,10,7,19371,0.0,0.9994840307517672,0.0,0.9996387656104861,1.0,0.0005159692482328053,1.0,0.0003612343895138817,0.0,0.9991231689704972,,,,-0.0004317242596766064,-0.0005159692482328282,-0.00036123438951385367,0.0,1.0005162356099324
m1033_06_fill_holes_and_orientation.obj,m1033,PlantIndoors,0,10,7,19371,7,19388,0.41074309589847796,0.6430376699963894,0,10,7,19371,0.0,0.9994840307517672,0.0,0.9996387656104861,1.0,0.0005159692482328053,1.0,0.0003612343895138817,0.0,0.9991231689704972,,,,-0.0004317242596766064,-0.0005159692482328282,-0.00036123438951385367,0.0,1.0005162356099324
m1034_06_fill_holes_and_orientation.obj,m1034,PlantIndoors,0,10,7,19371,7,19388,0.4241103630696565,0.6379294205747449,0,10,7,19371,0.0,0.9994840307517672,0.0,0.9996387656104861,1.0,0.0005159692482328053,1.0,0.0003612343895138817,0.0,0.9991231689704972,,,,-0.0004317242596766064,-0.0005159692482328282,-0.00036123438951385367,0.0,1.0005162356099324
m1035_06_fill_holes_and_orientation.obj,m1035,PlantIndoors,0,10,7,19371,7,19388,0.26579798430695833,0.5443628729222663,0,10,7,19371,0.0,0.9994840307517672,0.0,0.9996387656104861,1.0,0.0005159692482328053,1.0,0.0003612343895138817,0.0,0.9991231689704972,,,,-0.0004317242596766064,-0.0005159692482328282,-0.00036123438951385367,0.0,1.0005162356099324
m1036_06_fill_holes_and_orientation.obj,m1036,PlantIndoors,1,9,6,19372,7,19388,0.34157381081990945,0.6058357069309049,1,9,6,19372,0.14285714285714285,0.9995356276765904,0.1,0.9996903705232738,0.8571428571428571,0.0004643723234095248,0.9,0.0003096294767261843,0.0625,0.9992263255622035,0.11764705882352941,0.10638297872340426,0.13157894736842102,0.11914356069189547,0.14239277053373334,0.0996903705232739,307.6349206349206,0.857541075484499
m989_06_fill_holes_and_orientation.obj,m989,PlantIndoors,2,8,5,19373,7,19388,0.9116303633075231,0.7270964549818804,2,8,5,19373,0.2857142857142857,0.9995872246014138,0.2,0.9997419754360615,0.7142857142857143,0.00041277539858624424,0.8,0.0002580245639384869,0.13333333333333333,0.9993294821539096,0.23529411764705882,0.2127659574468085,0.26315789473684204,0.23871884564346754,0.2853015103156995,0.19974197543606143,692.1785714285714,0.7145806756089108
m990_06_fill_holes_and_orientation.obj,m990,PlantIndoors,1,9,6,19372,7,19388,0.7526354887734561,0.739813589013252,1,9,6,19372,0.14285714285714285,0.9995356276765904,0.1,0.9996903705232738,0.8571428571428571,0.0004643723234095248,0.9,0.0003096294767261843,0.0625,0.9992263255622035,0.11764705882352941,0.10638297872340426,0.13157894736842102,0.11914356069189547,0.14239277053373334,0.0996903705232739,307.6349206349206,0.857541075484499
m991_06_fill_holes_and_orientation.obj,m991,PlantIndoors,2,8,5,19373,7,19388,0.5305906027456732,0.6288696326607025,2,8,5,19373,0.2857142857142857,0.9995872246014138,0.2,0.9997419754360615,0.7142857142857143,0.00041277539858624424,0.8,0.0002580245639384869,0.13333333333333333,0.9993294821539096,0.23529411764705882,0.2127659574468085,0.26315789473684204,0.23871884564346754,0.2853015103156995,0.19974197543606143,692.1785714285714,0.7145806756089108
m992_06_fill_holes_and_orientation.obj,m992,PlantIndoors,3,7,4,19374,7,19388,0.6480091415042212,0.6632433372113238,3,7,4,19374,0.42857142857142855,0.9996388215262371,0.3,0.9997935803488492,0.5714285714285714,0.00036117847376296373,0.7,0.00020641965115078957,0.21428571428571427,0.9994326387456158,0.3529411764705882,0.3191489361702127,0.3947368421052631,0.3582941305950396,0.42821025009766567,0.2997935803488492,1186.5918367346937,0.5716350336975917
m993_06_fill_holes_and_orientation.obj,m993,PlantIndoors,0,10,7,19371,7,19388,0.17531447151766805,0.38932349126114923,0,10,7,19371,0.0,0.9994840307517672,0.0,0.9996387656104861,1.0,0.0005159692482328053,1.0,0.0003612343895138817,0.0,0.9991231689704972,,,,-0.0004317242596766064,-0.0005159692482328282,-0.00036123438951385367,0.0,1.0005162356099324
m994_06_fill_holes_and_orientation.obj,m994,PlantIndoors,2,8,5,19373,7,19388,0.8870970596090356,0.7326326205854428,2,8,5,19373,0.2857142857142857,0.9995872246014138,0.2,0.9997419754360615,0.7142857142857143,0.00041277539858624424,0.8,0.0002580245639384869,0.13333333333333333,0.9993294821539096,0.23529411764705882,0.2127659574468085,0.26315789473684204,0.23871884564346754,0.2853015103156995,0.19974197543606143,692.1785714285714,0.7145806756089108
m995_06_fill_holes_and_orientation.obj,m995,PlantIndoors,3,7,3,19375,6,19388,0.7876122148391492,0.6257939851031679,3,7,3,19375,0.5,0.9996388401609742,0.3,0.9998451852616369,0.5,0.0003611598390259003,0.7,0.00015481473836309216,0.23076923076923078,0.999484217041469,0.37499999999999994,0.32608695652173914,0.4411764705882353,0.38705852347155034,0.49963884016097415,0.29984518526163684,1384.4285714285716,0.5001806451612903
m996_06_fill_holes_and_orientation.obj,m996,PlantIndoors,0,10,7,19371,7,19388,0.4225883344031721,0.6512683703079659,0,10,7,19371,0.0,0.9994840307517672,0.0,0.9996387656104861,1.0,0.0005159692482328053,1.0,0.0003612343895138817,0.0,0.9991231689704972,,,,-0.0004317242596766064,-0.0005159692482328282,-0.00036123438951385367,0.0,1.0005162356099324
m997_06_fill_holes_and_orientation.obj,m997,PlantIndoors,6,4,1,19377,7,19388,1.5294900389222594,0.7416790361188002,6,4,1,19377,0.8571428571428571,0.9997936123007068,0.6,0.9999483950872123,0.14285714285714285,0.00020638769929312212,0.4,5.160491278769739e-05,0.5454545454545454,0.9997421085207345,0.7058823529411764,0.6382978723404255,0.7894736842105262,0.7170199854497559,0.8569364694435639,0.5999483950872122,4153.071428571428,0.14288663290056694
m999_06_fill_holes_and_orientation.obj,m999,PlantIndoors,2,8,5,19373,7,19388,0.8219746856798508,0.6960992765542049,2,8,5,19373,0.2857142857142857,0.9995872246014138,0.2,0.9997419754360615,0.7142857142857143,0.00041277539858624424,0.8,0.0002580245639384869,0.13333333333333333,0.9993294821539096,0.23529411764705882,0.2127659574468085,0.26315789473684204,0.23871884564346754,0.2853015103156995,0.19974197543606143,692.1785714285714,0.7145806756089108
m1052_06_fill_holes_and_orientation.obj,m1052,PlantWildNonTree,0,10,7,19371,7,19388,0.05956890863541929,0.5298009950248757,0,10,7,19371,0.0,0.9994840307517672,0.0,0.9996387656104861,1.0,0.0005159692482328053,1.0,0.0003612343895138817,0.0,0.9991231689704972,,,,-0.0004317242596766064,-0.0005159692482328282,-0.00036123438951385367,0.0,1.0005162356099324
m961_06_fill_holes_and_orientation.obj,m961,PlantWildNonTree,0,10,7,19371,7,19388,0.046061041326097986,0.4923051409618574,0,10,7,19371,0.0,0.9994840307517672,0.0,0.9996387656104861,1.0,0.0005159692482328053,1.0,0.0003612343895138817,0.0,0.9991231689704972,,,,-0.0004317242596766064,-0.0005159692482328282,-0.00036123438951385367,0.0,1.0005162356099324
m962_06_fill_holes_and_orientation.obj,m962,PlantWildNonTree,0,10,7,19371,7,19388,0.13603333358609987,0.6464510779436152,0,10,7,19371,0.0,0.9994840307517672,0.0,0.9996387656104861,1.0,0.0005159692482328053,1.0,0.0003612343895138817,0.0,0.9991231689704972,,,,-0.0004317242596766064,-0.0005159692482328282,-0.00036123438951385367,0.0,1.0005162356099324
m963_06_fill_holes_and_orientation.obj,m963,PlantWildNonTree,2,8,5,19373,7,19388,0.23521252400778417,0.7078275290215588,2,8,5,19373,0.2857142857142857,0.9995872246014138,0.2,0.9997419754360615,0.7142857142857143,0.00041277539858624424,0.8,0.0002580245639384869,0.13333333333333333,0.9993294821539096,0.23529411764705882,0.2127659574468085,0.26315789473684204,0.23871884564346754,0.2853015103156995,0.19974197543606143,692.1785714285714,0.7145806756089108
m964_06_fill_holes_and_orientation.obj,m964,PlantWildNonTree,1,9,6,19372,7,19388,0.09067648277861032,0.6285240464344942,1,9,6,19372,0.14285714285714285,0.9995356276765904,0.1,0.9996903705232738,0.8571428571428571,0.0004643723234095248,0.9,0.0003096294767261843,0.0625,0.9992263255622035,0.11764705882352941,0.10638297872340426,0.13157894736842102,0.11914356069189547,0.14239277053373334,0.0996903705232739,307.6349206349206,0.857541075484499
m965_06_fill_holes_and_orientation.obj,m965,PlantWildNonTree,0,10,7,19371,7,19388,0.07852708056932144,0.6314593698175788,0,10,7,19371,0.0,0.9994840307517672,0.0,0.9996387656104861,1.0,0.0005159692482328053,1.0,0.0003612343895138817,0.0,0.9991231689704972,,,,-0.0004317242596766064,-0.0005159692482328282,-0.00036123438951385367,0.0,1.0005162356099324
m966_06_fill_holes_and_orientation.obj,m966,PlantWildNonTree,1,9,5,19373,6,19388,0.17654799838935364,0.6675290215588723,1,9,5,19373,0.16666666666666666,0.9995356516355381,0.1,0.9997419754360615,0.8333333333333334,0.0004643483644618718,0.9,0.0002580245639384869,0.06666666666666667,0.9992779038580565,0.125,0.10869565217391304,0.14705882352941177,0.1287530486998851,0.16620231830220478,0.09974197543606156,358.9259259259259,0.8337204700700288
m967_06_fill_holes_and_orientation.obj,m967,PlantWildNonTree,0,10,7,19371,7,19388,0.0739013824195511,0.6651575456053068,0,10,7,19371,0.0,0.9994840307517672,0.0,0.9996387656104861,1.0,0.0005159692482328053,1.0,0.0003612343895138817,0.0,0.9991231689704972,,,,-0.0004317242596766064,-0.0005159692482328282,-0.00036123438951385367,0.0,1.0005162356099324
m968_06_fill_holes_and_orientation.obj,m968,PlantWildNonTree,0,10,7,19371,7,19388,0.11572872836112524,0.70424543946932,0,10,7,19371,0.0,0.9994840307517672,0.0,0.9996387656104861,1.0,0.0005159692482328053,1.0,0.0003612343895138817,0.0,0.9991231689704972,,,,-0.0004317242596766064,-0.0005159692482328282,-0.00036123438951385367,0.0,1.0005162356099324
m971_06_fill_holes_and_orientation.obj,m971,PlantWildNonTree,0,10,7,19371,7,19388,0.12002919609135392,0.8000331674958541,0,10,7,19371,0.0,0.9994840307517672,0.0,0.9996387656104861,1.0,0.0005159692482328053,1.0,0.0003612343895138817,0.0,0.9991231689704972,,,,-0.0004317242596766064,-0.0005159692482328282,-0.00036123438951385367,0.0,1.0005162356099324
m972_06_fill_holes_and_orientation.obj,m972,PlantWildNonTree,0,10,7,19371,7,19388,0.05281243775810016,0.5487396351575456,0,10,7,19371,0.0,0.9994840307517672,0.0,0.9996387656104861,1.0,0.0005159692482328053,1.0,0.0003612343895138817,0.0,0.9991231689704972,,,,-0.0004317242596766064,-0.0005159692482328282,-0.00036123438951385367,0.0,1.0005162356099324
m973_06_fill_holes_and_orientation.obj,m973,PlantWildNonTree,2,8,5,19373,7,19388,0.1939811101089426,0.6917412935323384,2,8,5,19373,0.2857142857142857,0.9995872246014138,0.2,0.9997419754360615,0.7142857142857143,0.00041277539858624424,0.8,0.0002580245639384869,0.13333333333333333,0.9993294821539096,0.23529411764705882,0.2127659574468085,0.26315789473684204,0.23871884564346754,0.2853015103156995,0.19974197543606143,692.1785714285714,0.7145806756089108
m974_06_fill_holes_and_orientation.obj,m974,PlantWildNonTree,0,10,7,19371,7,19388,0.06617831871310628,0.6451243781094528,0,10,7,19371,0.0,0.9994840307517672,0.0,0.9996387656104861,1.0,0.0005159692482328053,1.0,0.0003612343895138817,0.0,0.9991231689704972,,,,-0.0004317242596766064,-0.0005159692482328282,-0.00036123438951385367,0.0,1.0005162356099324
m976_06_fill_holes_and_orientation.obj,m976,PlantWildNonTree,1,9,6,19372,7,19388,0.1532226103231861,0.6575124378109453,1,9,6,19372,0.14285714285714285,0.9995356276765904,0.1,0.9996903705232738,0.8571428571428571,0.0004643723234095248,0.9,0.0003096294767261843,0.0625,0.9992263255622035,0.11764705882352941,0.10638297872340426,0.13157894736842102,0.11914356069189547,0.14239277053373334,0.0996903705232739,307.6349206349206,0.857541075484499
m977_06_fill_holes_and_orientation.obj,m977,PlantWildNonTree,1,9,6,19372,7,19388,0.12480971590415922,0.689519071310116,1,9,6,19372,0.14285714285714285,0.9995356276765904,0.1,0.9996903705232738,0.8571428571428571,0.0004643723234095248,0.9,0.0003096294767261843,0.0625,0.9992263255622035,0.11764705882352941,0.10638297872340426,0.13157894736842102,0.11914356069189547,0.14239277053373334,0.0996903705232739,307.6349206349206,0.857541075484499
m978_06_fill_holes_and_orientation.obj,m978,PlantWildNonTree,0,10,7,19371,7,19388,0.07028771933386306,0.6552072968490879,0,10,7,19371,0.0,0.9994840307517672,0.0,0.9996387656104861,1.0,0.0005159692482328053,1.0,0.0003612343895138817,0.0,0.9991231689704972,,,,-0.0004317242596766064,-0.0005159692482328282,-0.00036123438951385367,0.0,1.0005162356099324
m979_06_fill_holes_and_orientation.obj,m979,PlantWildNonTree,1,9,6,19372,7,19388,0.0754574121265996,0.6477446102819238,1,9,6,19372,0.14285714285714285,0.9995356276765904,0.1,0.9996903705232738,0.8571428571428571,0.0004643723234095248,0.9,0.0003096294767261843,0.0625,0.9992263255622035,0.11764705882352941,0.10638297872340426,0.13157894736842102,0.11914356069189547,0.14239277053373334,0.0996903705232739,307.6349206349206,0.857541075484499
m980_06_fill_holes_and_orientation.obj,m980,PlantWildNonTree,0,10,7,19371,7,19388,0.08294915255669276,0.7213101160862355,0,10,7,19371,0.0,0.9994840307517672,0.0,0.9996387656104861,1.0,0.0005159692482328053,1.0,0.0003612343895138817,0.0,0.9991231689704972,,,,-0.0004317242596766064,-0.0005159692482328282,-0.00036123438951385367,0.0,1.0005162356099324
m981_06_fill_holes_and_orientation.obj,m981,PlantWildNonTree,0,10,7,19371,7,19388,0.09359585037984759,0.7025538971807629,0,10,7,19371,0.0,0.9994840307517672,0.0,0.9996387656104861,1.0,0.0005159692482328053,1.0,0.0003612343895138817,0.0,0.9991231689704972,,,,-0.0004317242596766064,-0.0005159692482328282,-0.00036123438951385367,0.0,1.0005162356099324
m982_06_fill_holes_and_orientation.obj,m982,PlantWildNonTree,0,10,7,19371,7,19388,0.04517744697439762,0.5740464344941956,0,10,7,19371,0.0,0.9994840307517672,0.0,0.9996387656104861,1.0,0.0005159692482328053,1.0,0.0003612343895138817,0.0,0.9991231689704972,,,,-0.0004317242596766064,-0.0005159692482328282,-0.00036123438951385367,0.0,1.0005162356099324
m983_06_fill_holes_and_orientation.obj,m983,PlantWildNonTree,0,10,7,19371,7,19388,0.14384963821580699,0.6414759535655058,0,10,7,19371,0.0,0.9994840307517672,0.0,0.9996387656104861,1.0,0.0005159692482328053,1.0,0.0003612343895138817,0.0,0.9991231689704972,,,,-0.0004317242596766064,-0.0005159692482328282,-0.00036123438951385367,0.0,1.0005162356099324
m984_06_fill_holes_and_orientation.obj,m984,PlantWildNonTree,1,9,6,19372,7,19388,0.2438216385676318,0.7393200663349917,1,9,6,19372,0.14285714285714285,0.9995356276765904,0.1,0.9996903705232738,0.8571428571428571,0.0004643723234095248,0.9,0.0003096294767261843,0.0625,0.9992263255622035,0.11764705882352941,0.10638297872340426,0.13157894736842102,0.11914356069189547,0.14239277053373334,0.0996903705232739,307.6349206349206,0.857541075484499
m985_06_fill_holes_and_orientation.obj,m985,PlantWildNonTree,0,10,7,19371,7,19388,0.08036980463807526,0.6765008291873964,0,10,7,19371,0.0,0.9994840307517672,0.0,0.9996387656104861,1.0,0.0005159692482328053,1.0,0.0003612343895138817,0.0,0.9991231689704972,,,,-0.0004317242596766064,-0.0005159692482328282,-0.00036123438951385367,0.0,1.0005162356099324
m986_06_fill_holes_and_orientation.obj,m986,PlantWildNonTree,0,10,7,19371,7,19388,0.1282289906758865,0.748407960199005,0,10,7,19371,0.0,0.9994840307517672,0.0,0.9996387656104861,1.0,0.0005159692482328053,1.0,0.0003612343895138817,0.0,0.9991231689704972,,,,-0.0004317242596766064,-0.0005159692482328282,-0.00036123438951385367,0.0,1.0005162356099324
m987_06_fill_holes_and_orientation.obj,m987,PlantWildNonTree,1,9,6,19372,7,19388,0.242875453695131,0.7396019900497512,1,9,6,19372,0.14285714285714285,0.9995356276765904,0.1,0.9996903705232738,0.8571428571428571,0.0004643723234095248,0.9,0.0003096294767261843,0.0625,0.9992263255622035,0.11764705882352941,0.10638297872340426,0.13157894736842102,0.11914356069189547,0.14239277053373334,0.0996903705232739,307.6349206349206,0.857541075484499
m988_06_fill_holes_and_orientation.obj,m988,PlantWildNonTree,0,10,7,19371,7,19388,0.09287492361102845,0.6818407960199004,0,10,7,19371,0.0,0.9994840307517672,0.0,0.9996387656104861,1.0,0.0005159692482328053,1.0,0.0003612343895138817,0.0,0.9991231689704972,,,,-0.0004317242596766064,-0.0005159692482328282,-0.00036123438951385367,0.0,1.0005162356099324
D00111_06_fill_holes_and_orientation.obj,d00111,Quadruped,3,7,4,19374,7,19388,1.8131351365129595,0.8667276654466911,3,7,4,19374,0.42857142857142855,0.9996388215262371,0.3,0.9997935803488492,0.5714285714285714,0.00036117847376296373,0.7,0.00020641965115078957,0.21428571428571427,0.9994326387456158,0.3529411764705882,0.3191489361702127,0.3947368421052631,0.3582941305950396,0.42821025009766567,0.2997935803488492,1186.5918367346937,0.5716350336975917
D00150_06_fill_holes_and_orientation.obj,d00150,Quadruped,2,8,5,19373,7,19388,1.1498413546692035,0.8439281214375713,2,8,5,19373,0.2857142857142857,0.9995872246014138,0.2,0.9997419754360615,0.7142857142857143,0.00041277539858624424,0.8,0.0002580245639384869,0.13333333333333333,0.9993294821539096,0.23529411764705882,0.2127659574468085,0.26315789473684204,0.23871884564346754,0.2853015103156995,0.19974197543606143,692.1785714285714,0.7145806756089108
D00218_06_fill_holes_and_orientation.obj,d00218,Quadruped,5,5,2,19376,7,19388,2.855253617317167,0.9007394852102959,5,5,2,19376,0.7142857142857143,0.9997420153758836,0.5,0.9998967901744246,0.2857142857142857,0.00025798462411640266,0.5,0.00010320982557539478,0.4166666666666667,0.9996389519290283,0.588235294117647,0.5319148936170213,0.6578947368421053,0.5974447004981838,0.714027729661598,0.4998967901744247,2768.714285714286,0.28578801462781644
D00226_06_fill_holes_and_orientation.obj,d00226,Quadruped,8,2,0,19378,7,19388,3.1569107044150186,0.883729825403492,8,2,0,19378,1.0,0.9998968008255934,0.8,1.0,0.0,0.00010319917440660474,0.2,0.0,0.8,0.9998968434082938,0.888888888888889,0.8333333333333334,0.9523809523809523,0.8943810377353014,0.9998968008255935,0.8,9690.0,0.0
D00261_06_fill_holes_and_orientation.obj,d00261,Quadruped,9,1,0,19378,7,19388,3.155504350059336,0.8829198416031679,9,1,0,19378,1.0,0.9999483977501419,0.9,1.0,0.0,5.1602249858093815e-05,0.1,0.0,0.9,0.9999484217041469,0.9473684210526316,0.9183673469387754,0.9782608695652175,0.9486588206384462,0.999948397750142,0.8999999999999999,19379.0,0.0
D00326_06_fill_holes_and_orientation.obj,d00326,Quadruped,8,2,0,19378,7,19388,3.4131295956179057,0.8918446631067378,8,2,0,19378,1.0,0.9998968008255934,0.8,1.0,0.0,0.00010319917440660474,0.2,0.0,0.8,0.9998968434082938,0.888888888888889,0.8333333333333334,0.9523809523809523,0.8943810377353014,0.9998968008255935,0.8,9690.0,0.0
D00380_06_fill_holes_and_orientation.obj,d00380,Quadruped,8,2,0,19378,7,19388,3.376719659790942,0.8893397132057359,8,2,0,19378,1.0,0.9998968008255934,0.8,1.0,0.0,0.00010319917440660474,0.2,0.0,0.8,0.9998968434082938,0.888888888888889,0.8333333333333334,0.9523809523809523,0.8943810377353014,0.9998968008255935,0.8,9690.0,0.0
D00409_06_fill_holes_and_orientation.obj,d00409,Quadruped,10,0,0,19378,7,19388,3.9115070768429843,0.9032744345113097,10,0,0,19378,1.0,1.0,1.0,1.0,0.0,0.0,0.0,0.0,1.0,1.0,1.0,1.0,1.0,1.0,1.0,1.0,,0.0
D00508_06_fill_holes_and_orientation.obj,d00508,Quadruped,8,2,0,19378,7,19388,2.717784531251868,0.8866097678046438,8,2,0,19378,1.0,0.9998968008255934,0.8,1.0,0.0,0.00010319917440660474,0.2,0.0,0.8,0.9998968434082938,0.888888888888889,0.8333333333333334,0.9523809523809523,0.8943810377353014,0.9998968008255935,0.8,9690.0,0.0
D00509_06_fill_holes_and_orientation.obj,d00509,Quadruped,2,8,4,19374,6,19388,1.3390526300686465,0.8374257514849703,2,8,4,19374,0.3333333333333333,0.9995872458982561,0.2,0.9997935803488492,0.6666666666666666,0.0004127541017438861,0.8,0.00020641965115078957,0.14285714285714285,0.9993810604497627,0.25,0.21739130434782608,0.29411764705882354,0.25790578608571774,0.33292057923158946,0.1997935803488493,807.5833333333333,0.6669419496920271
D00583_06_fill_holes_and_orientation.obj,d00583,Quadruped,2,8,5,19373,7,19388,0.3567235137098535,0.6889362212755745,2,8,5,19373,0.2857142857142857,0.9995872246014138,0.2,0.9997419754360615,0.7142857142857143,0.00041277539858624424,0.8,0.0002580245639384869,0.13333333333333333,0.9993294821539096,0.23529411764705882,0.2127659574468085,0.26315789473684204,0.23871884564346754,0.2853015103156995,0.19974197543606143,692.1785714285714,0.7145806756089108
D00663_06_fill_holes_and_orientation.obj,d00663,Quadruped,7,3,0,19378,7,19388,2.5185805683731743,0.881989860202796,7,3,0,19378,1.0,0.9998452092255301,0.7,1.0,0.0,0.00015479077446984158,0.3,0.0,0.7,0.9998452651124407,0.8235294117647058,0.7446808510638298,0.9210526315789475,0.836595270401328,0.9998452092255301,0.7,6460.333333333334,0.0
D00700_06_fill_holes_and_orientation.obj,d00700,Quadruped,9,1,0,19378,6,19388,4.289511117526291,0.8995470090598188,9,1,0,19378,1.0,0.9999483977501419,0.9,1.0,0.0,5.1602249858093815e-05,0.1,0.0,0.9,0.9999484217041469,0.9473684210526316,0.9183673469387754,0.9782608695652175,0.9486588206384462,0.999948397750142,0.8999999999999999,19379.0,0.0
D00757_06_fill_holes_and_orientation.obj,d00757,Quadruped,5,5,2,19376,7,19388,1.8446921885806156,0.873965020699586,5,5,2,19376,0.7142857142857143,0.9997420153758836,0.5,0.9998967901744246,0.2857142857142857,0.00025798462411640266,0.5,0.00010320982557539478,0.4166666666666667,0.9996389519290283,0.588235294117647,0.5319148936170213,0.6578947368421053,0.5974447004981838,0.714027729661598,0.4998967901744247,2768.714285714286,0.28578801462781644
D00794_06_fill_holes_and_orientation.obj,d00794,Quadruped,4,6,2,19376,6,19388,1.9755739909904622,0.8567303653926921,4,6,2,19376,0.6666666666666666,0.9996904344236921,0.4,0.9998967901744246,0.3333333333333333,0.00030956557630791457,0.6,0.00010320982557539478,0.3333333333333333,0.9995873736331752,0.5,0.43478260869565216,0.5882352941176471,0.5162112608573829,0.6663571010903588,0.3998967901744246,2153.555555555555,0.3334365538122763
D00795_06_fill_holes_and_orientation.obj,d00795,Quadruped,0,10,7,19371,7,19388,0.469946994110113,0.7799019019619607,0,10,7,19371,0.0,0.9994840307517672,0.0,0.9996387656104861,1.0,0.0005159692482328053,1.0,0.0003612343895138817,0.0,0.9991231689704972,,,,-0.0004317242596766064,-0.0005159692482328282,-0.00036123438951385367,0.0,1.0005162356099324
D00831_06_fill_holes_and_orientation.obj,d00831,Quadruped,8,2,0,19378,7,19388,2.1631475628484913,0.869585108297834,8,2,0,19378,1.0,0.9998968008255934,0.8,1.0,0.0,0.00010319917440660474,0.2,0.0,0.8,0.9998968434082938,0.888888888888889,0.8333333333333334,0.9523809523809523,0.8943810377353014,0.9998968008255935,0.8,9690.0,0.0
D00841_06_fill_holes_and_orientation.obj,d00841,Quadruped,9,1,0,19378,7,19388,2.7328568699360902,0.874535009299814,9,1,0,19378,1.0,0.9999483977501419,0.9,1.0,0.0,5.1602249858093815e-05,0.1,0.0,0.9,0.9999484217041469,0.9473684210526316,0.9183673469387754,0.9782608695652175,0.9486588206384462,0.999948397750142,0.8999999999999999,19379.0,0.0
D00867_06_fill_holes_and_orientation.obj,d00867,Quadruped,6,4,1,19377,7,19388,2.572682719267816,0.881344873102538,6,4,1,19377,0.8571428571428571,0.9997936123007068,0.6,0.9999483950872123,0.14285714285714285,0.00020638769929312212,0.4,5.160491278769739e-05,0.5454545454545454,0.9997421085207345,0.7058823529411764,0.6382978723404255,0.7894736842105262,0.7170199854497559,0.8569364694435639,0.5999483950872122,4153.071428571428,0.14288663290056694
D00934_06_fill_holes_and_orientation.obj,d00934,Quadruped,8,2,0,19378,7,19388,2.8694601555253314,0.88489980200396,8,2,0,19378,1.0,0.9998968008255934,0.8,1.0,0.0,0.00010319917440660474,0.2,0.0,0.8,0.9998968434082938,0.888888888888889,0.8333333333333334,0.9523809523809523,0.8943810377353014,0.9998968008255935,0.8,9690.0,0.0
m100_06_fill_holes_and_orientation.obj,m100,Quadruped,6,4,1,19377,7,19388,1.8328874594286428,0.861327773444531,6,4,1,19377,0.8571428571428571,0.9997936123007068,0.6,0.9999483950872123,0.14285714285714285,0.00020638769929312212,0.4,5.160491278769739e-05,0.5454545454545454,0.9997421085207345,0.7058823529411764,0.6382978723404255,0.7894736842105262,0.7170199854497559,0.8569364694435639,0.5999483950872122,4153.071428571428,0.14288663290056694
m101_06_fill_holes_and_orientation.obj,m101,Quadruped,0,10,7,19371,7,19388,0.42399555529120686,0.7724545509089817,0,10,7,19371,0.0,0.9994840307517672,0.0,0.9996387656104861,1.0,0.0005159692482328053,1.0,0.0003612343895138817,0.0,0.9991231689704972,,,,-0.0004317242596766064,-0.0005159692482328282,-0.00036123438951385367,0.0,1.0005162356099324
m102_06_fill_holes_and_orientation.obj,m102,Quadruped,3,7,4,19374,7,19388,1.0911835204709068,0.8298884022319553,3,7,4,19374,0.42857142857142855,0.9996388215262371,0.3,0.9997935803488492,0.5714285714285714,0.00036117847376296373,0.7,0.00020641965115078957,0.21428571428571427,0.9994326387456158,0.3529411764705882,0.3191489361702127,0.3947368421052631,0.3582941305950396,0.42821025009766567,0.2997935803488492,1186.5918367346937,0.5716350336975917
m103_06_fill_holes_and_orientation.obj,m103,Quadruped,1,9,6,19372,7,19388,0.2815829276401255,0.6295299094018119,1,9,6,19372,0.14285714285714285,0.9995356276765904,0.1,0.9996903705232738,0.8571428571428571,0.0004643723234095248,0.9,0.0003096294767261843,0.0625,0.9992263255622035,0.11764705882352941,0.10638297872340426,0.13157894736842102,0.11914356069189547,0.14239277053373334,0.0996903705232739,307.6349206349206,0.857541075484499
m104_06_fill_holes_and_orientation.obj,m104,Quadruped,8,2,0,19378,7,19388,3.3257392436140663,0.8936896262074758,8,2,0,19378,1.0,0.9998968008255934,0.8,1.0,0.0,0.00010319917440660474,0.2,0.0,0.8,0.9998968434082938,0.888888888888889,0.8333333333333334,0.9523809523809523,0.8943810377353014,0.9998968008255935,0.8,9690.0,0.0
m105_06_fill_holes_and_orientation.obj,m105,Quadruped,8,2,0,19378,7,19388,2.377679683867892,0.8598353032939341,8,2,0,19378,1.0,0.9998968008255934,0.8,1.0,0.0,0.00010319917440660474,0.2,0.0,0.8,0.9998968434082938,0.888888888888889,0.8333333333333334,0.9523809523809523,0.8943810377353014,0.9998968008255935,0.8,9690.0,0.0
m106_06_fill_holes_and_orientation.obj,m106,Quadruped,4,6,3,19375,7,19388,1.4468127015967893,0.8608552828943421,4,6,3,19375,0.5714285714285714,0.9996904184510603,0.4,0.9998451852616369,0.42857142857142855,0.00030958154893968317,0.6,0.00015481473836309216,0.3076923076923077,0.9995357953373221,0.47058823529411764,0.425531914893617,0.5263157894736841,0.4778694155466117,0.5711189898796318,0.3998451852616369,1845.8095238095239,0.4287041474654378
m107_06_fill_holes_and_orientation.obj,m107,Quadruped,8,2,0,19378,7,19388,3.585164639384408,0.8962845743085138,8,2,0,19378,1.0,0.9998968008255934,0.8,1.0,0.0,0.00010319917440660474,0.2,0.0,0.8,0.9998968434082938,0.888888888888889,0.8333333333333334,0.9523809523809523,0.8943810377353014,0.9998968008255935,0.8,9690.0,0.0
m108_06_fill_holes_and_orientation.obj,m108,Quadruped,0,10,7,19371,7,19388,0.46343554956797306,0.75044999100018,0,10,7,19371,0.0,0.9994840307517672,0.0,0.9996387656104861,1.0,0.0005159692482328053,1.0,0.0003612343895138817,0.0,0.9991231689704972,,,,-0.0004317242596766064,-0.0005159692482328282,-0.00036123438951385367,0.0,1.0005162356099324
m109_06_fill_holes_and_orientation.obj,m109,Quadruped,0,10,7,19371,7,19388,0.3550673335264956,0.7422301553968922,0,10,7,19371,0.0,0.9994840307517672,0.0,0.9996387656104861,1.0,0.0005159692482328053,1.0,0.0003612343895138817,0.0,0.9991231689704972,,,,-0.0004317242596766064,-0.0005159692482328282,-0.00036123438951385367,0.0,1.0005162356099324
m110_06_fill_holes_and_orientation.obj,m110,Quadruped,1,9,6,19372,7,19388,0.7387247600470312,0.8291834163316734,1,9,6,19372,0.14285714285714285,0.9995356276765904,0.1,0.9996903705232738,0.8571428571428571,0.0004643723234095248,0.9,0.0003096294767261843,0.0625,0.9992263255622035,0.11764705882352941,0.10638297872340426,0.13157894736842102,0.11914356069189547,0.14239277053373334,0.0996903705232739,307.6349206349206,0.857541075484499
m111_06_fill_holes_and_orientation.obj,m111,Quadruped,4,6,3,19375,7,19388,1.889793710706354,0.877114957700846,4,6,3,19375,0.5714285714285714,0.9996904184510603,0.4,0.9998451852616369,0.42857142857142855,0.00030958154893968317,0.6,0.00015481473836309216,0.3076923076923077,0.9995357953373221,0.47058823529411764,0.425531914893617,0.5263157894736841,0.4778694155466117,0.5711189898796318,0.3998451852616369,1845.8095238095239,0.4287041474654378
m112_06_fill_holes_and_orientation.obj,m112,Quadruped,0,10,6,19372,6,19388,0.5605915039304518,0.7852417951640968,0,10,6,19372,0.0,0.9994840573728201,0.0,0.9996903705232738,1.0,0.0005159426271798576,1.0,0.0003096294767261843,0.0,0.9991747472663504,,,,-0.00039968868594749107,-0.0005159426271799106,-0.000309629476726192,0.0,1.0005162089613877
m273_06_fill_holes_and_orientation.obj,m273,Quadruped,1,9,6,19372,7,19388,0.24404069486012805,0.515397192056159,1,9,6,19372,0.14285714285714285,0.9995356276765904,0.1,0.9996903705232738,0.8571428571428571,0.0004643723234095248,0.9,0.0003096294767261843,0.0625,0.9992263255622035,0.11764705882352941,0.10638297872340426,0.13157894736842102,0.11914356069189547,0.14239277053373334,0.0996903705232739,307.6349206349206,0.857541075484499
m274_06_fill_holes_and_orientation.obj,m274,Quadruped,0,10,7,19371,7,19388,0.24024357382131556,0.6056203875922481,0,10,7,19371,0.0,0.9994840307517672,0.0,0.9996387656104861,1.0,0.0005159692482328053,1.0,0.0003612343895138817,0.0,0.9991231689704972,,,,-0.0004317242596766064,-0.0005159692482328282,-0.00036123438951385367,0.0,1.0005162356099324
m275_06_fill_holes_and_orientation.obj,m275,Quadruped,0,10,7,19371,7,19388,0.17579064369061762,0.4874902501949961,0,10,7,19371,0.0,0.9994840307517672,0.0,0.9996387656104861,1.0,0.0005159692482328053,1.0,0.0003612343895138817,0.0,0.9991231689704972,,,,-0.0004317242596766064,-0.0005159692482328282,-0.00036123438951385367,0.0,1.0005162356099324
m276_06_fill_holes_and_orientation.obj,m276,Quadruped,1,9,6,19372,7,19388,0.1651905310887922,0.4285489290214196,1,9,6,19372,0.14285714285714285,0.9995356276765904,0.1,0.9996903705232738,0.8571428571428571,0.0004643723234095248,0.9,0.0003096294767261843,0.0625,0.9992263255622035,0.11764705882352941,0.10638297872340426,0.13157894736842102,0.11914356069189547,0.14239277053373334,0.0996903705232739,307.6349206349206,0.857541075484499
m277_06_fill_holes_and_orientation.obj,m277,Quadruped,4,6,3,19375,7,19388,1.6890831062506193,0.8578853422931542,4,6,3,19375,0.5714285714285714,0.9996904184510603,0.4,0.9998451852616369,0.42857142857142855,0.00030958154893968317,0.6,0.00015481473836309216,0.3076923076923077,0.9995357953373221,0.47058823529411764,0.425531914893617,0.5263157894736841,0.4778694155466117,0.5711189898796318,0.3998451852616369,1845.8095238095239,0.4287041474654378
m278_06_fill_holes_and_orientation.obj,m278,Quadruped,2,8,5,19373,7,19388,1.0391957105104608,0.8507529849403012,2,8,5,19373,0.2857142857142857,0.9995872246014138,0.2,0.9997419754360615,0.7142857142857143,0.00041277539858624424,0.8,0.0002580245639384869,0.13333333333333333,0.9993294821539096,0.23529411764705882,0.2127659574468085,0.26315789473684204,0.23871884564346754,0.2853015103156995,0.19974197543606143,692.1785714285714,0.7145806756089108
m279_06_fill_holes_and_orientation.obj,m279,Quadruped,0,10,7,19371,7,19388,0.21676910411973685,0.6093553128937421,0,10,7,19371,0.0,0.9994840307517672,0.0,0.9996387656104861,1.0,0.0005159692482328053,1.0,0.0003612343895138817,0.0,0.9991231689704972,,,,-0.0004317242596766064,-0.0005159692482328282,-0.00036123438951385367,0.0,1.0005162356099324
m280_06_fill_holes_and_orientation.obj,m280,Quadruped,3,7,4,19374,7,19388,1.4298398152499023,0.8623027539449211,3,7,4,19374,0.42857142857142855,0.9996388215262371,0.3,0.9997935803488492,0.5714285714285714,0.00036117847376296373,0.7,0.00020641965115078957,0.21428571428571427,0.9994326387456158,0.3529411764705882,0.3191489361702127,0.3947368421052631,0.3582941305950396,0.42821025009766567,0.2997935803488492,1186.5918367346937,0.5716350336975917
m281_06_fill_holes_and_orientation.obj,m281,Quadruped,2,8,5,19373,7,19388,0.7586162606281875,0.7874692506149877,2,8,5,19373,0.2857142857142857,0.9995872246014138,0.2,0.9997419754360615,0.7142857142857143,0.00041277539858624424,0.8,0.0002580245639384869,0.13333333333333333,0.9993294821539096,0.23529411764705882,0.2127659574468085,0.26315789473684204,0.23871884564346754,0.2853015103156995,0.19974197543606143,692.1785714285714,0.7145806756089108
m282_06_fill_holes_and_orientation.obj,m282,Quadruped,2,8,5,19373,7,19388,1.218692151298765,0.8560853782924343,2,8,5,19373,0.2857142857142857,0.9995872246014138,0.2,0.9997419754360615,0.7142857142857143,0.00041277539858624424,0.8,0.0002580245639384869,0.13333333333333333,0.9993294821539096,0.23529411764705882,0.2127659574468085,0.26315789473684204,0.23871884564346754,0.2853015103156995,0.19974197543606143,692.1785714285714,0.7145806756089108
m86_06_fill_holes_and_orientation.obj,m86,Quadruped,2,8,5,19373,7,19388,1.1539171127113708,0.8372532549349013,2,8,5,19373,0.2857142857142857,0.9995872246014138,0.2,0.9997419754360615,0.7142857142857143,0.00041277539858624424,0.8,0.0002580245639384869,0.13333333333333333,0.9993294821539096,0.23529411764705882,0.2127659574468085,0.26315789473684204,0.23871884564346754,0.2853015103156995,0.19974197543606143,692.1785714285714,0.7145806756089108
m87_06_fill_holes_and_orientation.obj,m87,Quadruped,4,6,3,19375,7,19388,1.5607413496409277,0.861642767144657,4,6,3,19375,0.5714285714285714,0.9996904184510603,0.4,0.9998451852616369,0.42857142857142855,0.00030958154893968317,0.6,0.00015481473836309216,0.3076923076923077,0.9995357953373221,0.47058823529411764,0.425531914893617,0.5263157894736841,0.4778694155466117,0.5711189898796318,0.3998451852616369,1845.8095238095239,0.4287041474654378
m88_06_fill_holes_and_orientation.obj,m88,Quadruped,6,4,1,19377,7,19388,1.7249916022601415,0.8548479030419391,6,4,1,19377,0.8571428571428571,0.9997936123007068,0.6,0.9999483950872123,0.14285714285714285,0.00020638769929312212,0.4,5.160491278769739e-05,0.5454545454545454,0.9997421085207345,0.7058823529411764,0.6382978723404255,0.7894736842105262,0.7170199854497559,0.8569364694435639,0.5999483950872122,4153.071428571428,0.14288663290056694
m89_06_fill_holes_and_orientation.obj,m89,Quadruped,8,2,0,19378,7,19388,2.1893611527966894,0.8512929741405172,8,2,0,19378,1.0,0.9998968008255934,0.8,1.0,0.0,0.00010319917440660474,0.2,0.0,0.8,0.9998968434082938,0.888888888888889,0.8333333333333334,0.9523809523809523,0.8943810377353014,0.9998968008255935,0.8,9690.0,0.0
m90_06_fill_holes_and_orientation.obj,m90,Quadruped,2,8,5,19373,7,19388,1.5771060816574465,0.873552528949421,2,8,5,19373,0.2857142857142857,0.9995872246014138,0.2,0.9997419754360615,0.7142857142857143,0.00041277539858624424,0.8,0.0002580245639384869,0.13333333333333333,0.9993294821539096,0.23529411764705882,0.2127659574468085,0.26315789473684204,0.23871884564346754,0.2853015103156995,0.19974197543606143,692.1785714285714,0.7145806756089108
m91_06_fill_holes_and_orientation.obj,m91,Quadruped,4,6,3,19375,7,19388,1.2793658301572903,0.8491555168896623,4,6,3,19375,0.5714285714285714,0.9996904184510603,0.4,0.9998451852616369,0.42857142857142855,0.00030958154893968317,0.6,0.00015481473836309216,0.3076923076923077,0.9995357953373221,0.47058823529411764,0.425531914893617,0.5263157894736841,0.4778694155466117,0.5711189898796318,0.3998451852616369,1845.8095238095239,0.4287041474654378
m92_06_fill_holes_and_orientation.obj,m92,Quadruped,8,2,0,19378,7,19388,2.8634284240176475,0.8844648107037859,8,2,0,19378,1.0,0.9998968008255934,0.8,1.0,0.0,0.00010319917440660474,0.2,0.0,0.8,0.9998968434082938,0.888888888888889,0.8333333333333334,0.9523809523809523,0.8943810377353014,0.9998968008255935,0.8,9690.0,0.0
m93_06_fill_holes_and_orientation.obj,m93,Quadruped,1,9,6,19372,7,19388,0.5462230340500661,0.749827503449931,1,9,6,19372,0.14285714285714285,0.9995356276765904,0.1,0.9996903705232738,0.8571428571428571,0.0004643723234095248,0.9,0.0003096294767261843,0.0625,0.9992263255622035,0.11764705882352941,0.10638297872340426,0.13157894736842102,0.11914356069189547,0.14239277053373334,0.0996903705232739,307.6349206349206,0.857541075484499
m94_06_fill_holes_and_orientation.obj,m94,Quadruped,2,8,5,19373,7,19388,0.938415403117002,0.8254334913301734,2,8,5,19373,0.2857142857142857,0.9995872246014138,0.2,0.9997419754360615,0.7142857142857143,0.00041277539858624424,0.8,0.0002580245639384869,0.13333333333333333,0.9993294821539096,0.23529411764705882,0.2127659574468085,0.26315789473684204,0.23871884564346754,0.2853015103156995,0.19974197543606143,692.1785714285714,0.7145806756089108
m95_06_fill_holes_and_orientation.obj,m95,Quadruped,9,1,0,19378,7,19388,3.1308907165632784,0.874137517249655,9,1,0,19378,1.0,0.9999483977501419,0.9,1.0,0.0,5.1602249858093815e-05,0.1,0.0,0.9,0.9999484217041469,0.9473684210526316,0.9183673469387754,0.9782608695652175,0.9486588206384462,0.999948397750142,0.8999999999999999,19379.0,0.0
m96_06_fill_holes_and_orientation.obj,m96,Quadruped,8,2,0,19378,7,19388,3.6637308908237682,0.9035819283614327,8,2,0,19378,1.0,0.9998968008255934,0.8,1.0,0.0,0.00010319917440660474,0.2,0.0,0.8,0.9998968434082938,0.888888888888889,0.8333333333333334,0.9523809523809523,0.8943810377353014,0.9998968008255935,0.8,9690.0,0.0
m97_06_fill_holes_and_orientation.obj,m97,Quadruped,7,3,0,19378,7,19388,3.240054961983322,0.8992245155096898,7,3,0,19378,1.0,0.9998452092255301,0.7,1.0,0.0,0.00015479077446984158,0.3,0.0,0.7,0.9998452651124407,0.8235294117647058,0.7446808510638298,0.9210526315789475,0.836595270401328,0.9998452092255301,0.7,6460.333333333334,0.0
m98_06_fill_holes_and_orientation.obj,m98,Quadruped,9,1,0,19378,7,19388,3.5509339545485274,0.9028619427611448,9,1,0,19378,1.0,0.9999483977501419,0.9,1.0,0.0,5.1602249858093815e-05,0.1,0.0,0.9,0.9999484217041469,0.9473684210526316,0.9183673469387754,0.9782608695652175,0.9486588206384462,0.999948397750142,0.8999999999999999,19379.0,0.0
m99_06_fill_holes_and_orientation.obj,m99,Quadruped,5,5,2,19376,7,19388,1.7820292684728183,0.877279954400912,5,5,2,19376,0.7142857142857143,0.9997420153758836,0.5,0.9998967901744246,0.2857142857142857,0.00025798462411640266,0.5,0.00010320982557539478,0.4166666666666667,0.9996389519290283,0.588235294117647,0.5319148936170213,0.6578947368421053,0.5974447004981838,0.714027729661598,0.4998967901744247,2768.714285714286,0.28578801462781644
D00134_06_fill_holes_and_orientation.obj,d00134,RectangleTable,0,10,7,19371,7,19388,0.2799804318388544,0.5932730356133409,0,10,7,19371,0.0,0.9994840307517672,0.0,0.9996387656104861,1.0,0.0005159692482328053,1.0,0.0003612343895138817,0.0,0.9991231689704972,,,,-0.0004317242596766064,-0.0005159692482328282,-0.00036123438951385367,0.0,1.0005162356099324
D00187_06_fill_holes_and_orientation.obj,d00187,RectangleTable,1,9,6,19372,7,19388,1.1984201296590864,0.7845081242480904,1,9,6,19372,0.14285714285714285,0.9995356276765904,0.1,0.9996903705232738,0.8571428571428571,0.0004643723234095248,0.9,0.0003096294767261843,0.0625,0.9992263255622035,0.11764705882352941,0.10638297872340426,0.13157894736842102,0.11914356069189547,0.14239277053373334,0.0996903705232739,307.6349206349206,0.857541075484499
D00230_06_fill_holes_and_orientation.obj,d00230,RectangleTable,5,5,2,19376,7,19388,2.5474133260181957,0.8337899146265455,5,5,2,19376,0.7142857142857143,0.9997420153758836,0.5,0.9998967901744246,0.2857142857142857,0.00025798462411640266,0.5,0.00010320982557539478,0.4166666666666667,0.9996389519290283,0.588235294117647,0.5319148936170213,0.6578947368421053,0.5974447004981838,0.714027729661598,0.4998967901744247,2768.714285714286,0.28578801462781644
D00243_06_fill_holes_and_orientation.obj,d00243,RectangleTable,0,10,7,19371,7,19388,0.21695589692700318,0.5419619950428317,0,10,7,19371,0.0,0.9994840307517672,0.0,0.9996387656104861,1.0,0.0005159692482328053,1.0,0.0003612343895138817,0.0,0.9991231689704972,,,,-0.0004317242596766064,-0.0005159692482328282,-0.00036123438951385367,0.0,1.0005162356099324
D00295_06_fill_holes_and_orientation.obj,d00295,RectangleTable,4,6,3,19375,7,19388,2.1769798247907426,0.8261584844399994,4,6,3,19375,0.5714285714285714,0.9996904184510603,0.4,0.9998451852616369,0.42857142857142855,0.00030958154893968317,0.6,0.00015481473836309216,0.3076923076923077,0.9995357953373221,0.47058823529411764,0.425531914893617,0.5263157894736841,0.4778694155466117,0.5711189898796318,0.3998451852616369,1845.8095238095239,0.4287041474654378
D00302_06_fill_holes_and_orientation.obj,d00302,RectangleTable,8,2,0,19378,7,19388,3.038475709151942,0.8606195010943456,8,2,0,19378,1.0,0.9998968008255934,0.8,1.0,0.0,0.00010319917440660474,0.2,0.0,0.8,0.9998968434082938,0.888888888888889,0.8333333333333334,0.9523809523809523,0.8943810377353014,0.9998968008255935,0.8,9690.0,0.0
D00317_06_fill_holes_and_orientation.obj,d00317,RectangleTable,0,10,7,19371,7,19388,0.12407414464835324,0.26340392225072834,0,10,7,19371,0.0,0.9994840307517672,0.0,0.9996387656104861,1.0,0.0005159692482328053,1.0,0.0003612343895138817,0.0,0.9991231689704972,,,,-0.0004317242596766064,-0.0005159692482328282,-0.00036123438951385367,0.0,1.0005162356099324
D00418_06_fill_holes_and_orientation.obj,d00418,RectangleTable,1,9,6,19372,7,19388,0.1598402589724242,0.2572944297082228,1,9,6,19372,0.14285714285714285,0.9995356276765904,0.1,0.9996903705232738,0.8571428571428571,0.0004643723234095248,0.9,0.0003096294767261843,0.0625,0.9992263255622035,0.11764705882352941,0.10638297872340426,0.13157894736842102,0.11914356069189547,0.14239277053373334,0.0996903705232739,307.6349206349206,0.857541075484499
D00421_06_fill_holes_and_orientation.obj,d00421,RectangleTable,2,8,5,19373,7,19388,0.7557481868534912,0.7329506747256889,2,8,5,19373,0.2857142857142857,0.9995872246014138,0.2,0.9997419754360615,0.7142857142857143,0.00041277539858624424,0.8,0.0002580245639384869,0.13333333333333333,0.9993294821539096,0.23529411764705882,0.2127659574468085,0.26315789473684204,0.23871884564346754,0.2853015103156995,0.19974197543606143,692.1785714285714,0.7145806756089108
D00505_06_fill_holes_and_orientation.obj,d00505,RectangleTable,5,5,2,19376,7,19388,2.5690280986014433,0.8645330550361641,5,5,2,19376,0.7142857142857143,0.9997420153758836,0.5,0.9998967901744246,0.2857142857142857,0.00025798462411640266,0.5,0.00010320982557539478,0.4166666666666667,0.9996389519290283,0.588235294117647,0.5319148936170213,0.6578947368421053,0.5974447004981838,0.714027729661598,0.4998967901744247,2768.714285714286,0.28578801462781644
D00523_06_fill_holes_and_orientation.obj,d00523,RectangleTable,1,9,6,19372,7,19388,0.853753658686405,0.8267020335985853,1,9,6,19372,0.14285714285714285,0.9995356276765904,0.1,0.9996903705232738,0.8571428571428571,0.0004643723234095248,0.9,0.0003096294767261843,0.0625,0.9992263255622035,0.11764705882352941,0.10638297872340426,0.13157894736842102,0.11914356069189547,0.14239277053373334,0.0996903705232739,307.6349206349206,0.857541075484499
D00530_06_fill_holes_and_orientation.obj,d00530,RectangleTable,7,3,0,19378,7,19388,2.7147902617614053,0.866605789160905,7,3,0,19378,1.0,0.9998452092255301,0.7,1.0,0.0,0.00015479077446984158,0.3,0.0,0.7,0.9998452651124407,0.8235294117647058,0.7446808510638298,0.9210526315789475,0.836595270401328,0.9998452092255301,0.7,6460.333333333334,0.0
D00571_06_fill_holes_and_orientation.obj,d00571,RectangleTable,2,8,5,19373,7,19388,1.7765181856059866,0.8430954762215361,2,8,5,19373,0.2857142857142857,0.9995872246014138,0.2,0.9997419754360615,0.7142857142857143,0.00041277539858624424,0.8,0.0002580245639384869,0.13333333333333333,0.9993294821539096,0.23529411764705882,0.2127659574468085,0.26315789473684204,0.23871884564346754,0.2853015103156995,0.19974197543606143,692.1785714285714,0.7145806756089108
D00603_06_fill_holes_and_orientation.obj,d00603,RectangleTable,0,10,6,19372,6,19388,0.34499808438536617,0.5807931469322085,0,10,6,19372,0.0,0.9994840573728201,0.0,0.9996903705232738,1.0,0.0005159426271798576,1.0,0.0003096294767261843,0.0,0.9991747472663504,,,,-0.00039968868594749107,-0.0005159426271799106,-0.000309629476726192,0.0,1.0005162089613877
D00678_06_fill_holes_and_orientation.obj,d00678,RectangleTable,4,6,3,19375,7,19388,1.9202501348922232,0.8098302677160789,4,6,3,19375,0.5714285714285714,0.9996904184510603,0.4,0.9998451852616369,0.42857142857142855,0.00030958154893968317,0.6,0.00015481473836309216,0.3076923076923077,0.9995357953373221,0.47058823529411764,0.425531914893617,0.5263157894736841,0.4778694155466117,0.5711189898796318,0.3998451852616369,1845.8095238095239,0.4287041474654378
D00714_06_fill_holes_and_orientation.obj,d00714,RectangleTable,2,8,5,19373,7,19388,1.2503396438206924,0.8041193778898696,2,8,5,19373,0.2857142857142857,0.9995872246014138,0.2,0.9997419754360615,0.7142857142857143,0.00041277539858624424,0.8,0.0002580245639384869,0.13333333333333333,0.9993294821539096,0.23529411764705882,0.2127659574468085,0.26315789473684204,0.23871884564346754,0.2853015103156995,0.19974197543606143,692.1785714285714,0.7145806756089108
D00766_06_fill_holes_and_orientation.obj,d00766,RectangleTable,0,10,7,19371,7,19388,0.12488841826695078,0.2552144482613674,0,10,7,19371,0.0,0.9994840307517672,0.0,0.9996387656104861,1.0,0.0005159692482328053,1.0,0.0003612343895138817,0.0,0.9991231689704972,,,,-0.0004317242596766064,-0.0005159692482328282,-0.00036123438951385367,0.0,1.0005162356099324
D00944_06_fill_holes_and_orientation.obj,d00944,RectangleTable,3,7,4,19374,7,19388,1.4538130367358613,0.7911901552376397,3,7,4,19374,0.42857142857142855,0.9996388215262371,0.3,0.9997935803488492,0.5714285714285714,0.00036117847376296373,0.7,0.00020641965115078957,0.21428571428571427,0.9994326387456158,0.3529411764705882,0.3191489361702127,0.3947368421052631,0.3582941305950396,0.42821025009766567,0.2997935803488492,1186.5918367346937,0.5716350336975917
D00954_06_fill_holes_and_orientation.obj,d00954,RectangleTable,7,3,0,19378,7,19388,2.53230158437565,0.8742082300589932,7,3,0,19378,1.0,0.9998452092255301,0.7,1.0,0.0,0.00015479077446984158,0.3,0.0,0.7,0.9998452651124407,0.8235294117647058,0.7446808510638298,0.9210526315789475,0.836595270401328,0.9998452092255301,0.7,6460.333333333334,0.0
m763_06_fill_holes_and_orientation.obj,m763,RectangleTable,4,6,3,19375,7,19388,2.6129781054096375,0.8406531286689568,4,6,3,19375,0.5714285714285714,0.9996904184510603,0.4,0.9998451852616369,0.42857142857142855,0.00030958154893968317,0.6,0.00015481473836309216,0.3076923076923077,0.9995357953373221,0.47058823529411764,0.425531914893617,0.5263157894736841,0.4778694155466117,0.5711189898796318,0.3998451852616369,1845.8095238095239,0.4287041474654378
m764_06_fill_holes_and_orientation.obj,m764,RectangleTable,1,9,6,19372,7,19388,0.3521345003752617,0.6298140337145425,1,9,6,19372,0.14285714285714285,0.9995356276765904,0.1,0.9996903705232738,0.8571428571428571,0.0004643723234095248,0.9,0.0003096294767261843,0.0625,0.9992263255622035,0.11764705882352941,0.10638297872340426,0.13157894736842102,0.11914356069189547,0.14239277053373334,0.0996903705232739,307.6349206349206,0.857541075484499
m765_06_fill_holes_and_orientation.obj,m765,RectangleTable,3,7,4,19374,7,19388,2.000288898453728,0.8230421359307736,3,7,4,19374,0.42857142857142855,0.9996388215262371,0.3,0.9997935803488492,0.5714285714285714,0.00036117847376296373,0.7,0.00020641965115078957,0.21428571428571427,0.9994326387456158,0.3529411764705882,0.3191489361702127,0.3947368421052631,0.3582941305950396,0.42821025009766567,0.2997935803488492,1186.5918367346937,0.5716350336975917
m870_06_fill_holes_and_orientation.obj,m870,RectangleTable,4,6,3,19375,7,19388,1.9876928186012939,0.7998289631980984,4,6,3,19375,0.5714285714285714,0.9996904184510603,0.4,0.9998451852616369,0.42857142857142855,0.00030958154893968317,0.6,0.00015481473836309216,0.3076923076923077,0.9995357953373221,0.47058823529411764,0.425531914893617,0.5263157894736841,0.4778694155466117,0.5711189898796318,0.3998451852616369,1845.8095238095239,0.4287041474654378
m871_06_fill_holes_and_orientation.obj,m871,RectangleTable,0,10,7,19371,7,19388,0.5662324345220482,0.7464524358249627,0,10,7,19371,0.0,0.9994840307517672,0.0,0.9996387656104861,1.0,0.0005159692482328053,1.0,0.0003612343895138817,0.0,0.9991231689704972,,,,-0.0004317242596766064,-0.0005159692482328282,-0.00036123438951385367,0.0,1.0005162356099324
m872_06_fill_holes_and_orientation.obj,m872,RectangleTable,5,5,2,19376,7,19388,1.8488022280611986,0.8362829934339262,5,5,2,19376,0.7142857142857143,0.9997420153758836,0.5,0.9998967901744246,0.2857142857142857,0.00025798462411640266,0.5,0.00010320982557539478,0.4166666666666667,0.9996389519290283,0.588235294117647,0.5319148936170213,0.6578947368421053,0.5974447004981838,0.714027729661598,0.4998967901744247,2768.714285714286,0.28578801462781644
m873_06_fill_holes_and_orientation.obj,m873,RectangleTable,0,10,7,19371,7,19388,0.20169752999803528,0.5436216318070473,0,10,7,19371,0.0,0.9994840307517672,0.0,0.9996387656104861,1.0,0.0005159692482328053,1.0,0.0003612343895138817,0.0,0.9991231689704972,,,,-0.0004317242596766064,-0.0005159692482328282,-0.00036123438951385367,0.0,1.0005162356099324
m874_06_fill_holes_and_orientation.obj,m874,RectangleTable,0,10,7,19371,7,19388,0.3544862448669935,0.6691742401182763,0,10,7,19371,0.0,0.9994840307517672,0.0,0.9996387656104861,1.0,0.0005159692482328053,1.0,0.0003612343895138817,0.0,0.9991231689704972,,,,-0.0004317242596766064,-0.0005159692482328282,-0.00036123438951385367,0.0,1.0005162356099324
m875_06_fill_holes_and_orientation.obj,m875,RectangleTable,0,10,7,19371,7,19388,0.14607455098056366,0.36579408908408345,0,10,7,19371,0.0,0.9994840307517672,0.0,0.9996387656104861,1.0,0.0005159692482328053,1.0,0.0003612343895138817,0.0,0.9991231689704972,,,,-0.0004317242596766064,-0.0005159692482328282,-0.00036123438951385367,0.0,1.0005162356099324
m876_06_fill_holes_and_orientation.obj,m876,RectangleTable,3,7,4,19374,7,19388,1.433498018187019,0.7855444913104608,3,7,4,19374,0.42857142857142855,0.9996388215262371,0.3,0.9997935803488492,0.5714285714285714,0.00036117847376296373,0.7,0.00020641965115078957,0.21428571428571427,0.9994326387456158,0.3529411764705882,0.3191489361702127,0.3947368421052631,0.3582941305950396,0.42821025009766567,0.2997935803488492,1186.5918367346937,0.5716350336975917
m878_06_fill_holes_and_orientation.obj,m878,RectangleTable,1,9,6,19372,7,19388,0.36383109968832983,0.4420649070168573,1,9,6,19372,0.14285714285714285,0.9995356276765904,0.1,0.9996903705232738,0.8571428571428571,0.0004643723234095248,0.9,0.0003096294767261843,0.0625,0.9992263255622035,0.11764705882352941,0.10638297872340426,0.13157894736842102,0.11914356069189547,0.14239277053373334,0.0996903705232739,307.6349206349206,0.857541075484499
m879_06_fill_holes_and_orientation.obj,m879,RectangleTable,3,7,4,19374,7,19388,1.3149063946617654,0.8059167137742604,3,7,4,19374,0.42857142857142855,0.9996388215262371,0.3,0.9997935803488492,0.5714285714285714,0.00036117847376296373,0.7,0.00020641965115078957,0.21428571428571427,0.9994326387456158,0.3529411764705882,0.3191489361702127,0.3947368421052631,0.3582941305950396,0.42821025009766567,0.2997935803488492,1186.5918367346937,0.5716350336975917
m881_06_fill_holes_and_orientation.obj,m881,RectangleTable,3,7,4,19374,7,19388,0.9712327782467641,0.7385456073980664,3,7,4,19374,0.42857142857142855,0.9996388215262371,0.3,0.9997935803488492,0.5714285714285714,0.00036117847376296373,0.7,0.00020641965115078957,0.21428571428571427,0.9994326387456158,0.3529411764705882,0.3191489361702127,0.3947368421052631,0.3582941305950396,0.42821025009766567,0.2997935803488492,1186.5918367346937,0.5716350336975917
m882_06_fill_holes_and_orientation.obj,m882,RectangleTable,2,8,5,19373,7,19388,1.8087809245807638,0.8064747575770753,2,8,5,19373,0.2857142857142857,0.9995872246014138,0.2,0.9997419754360615,0.7142857142857143,0.00041277539858624424,0.8,0.0002580245639384869,0.13333333333333333,0.9993294821539096,0.23529411764705882,0.2127659574468085,0.26315789473684204,0.23871884564346754,0.2853015103156995,0.19974197543606143,692.1785714285714,0.7145806756089108
m883_06_fill_holes_and_orientation.obj,m883,RectangleTable,2,8,5,19373,7,19388,1.4812537315819958,0.8003217811018829,2,8,5,19373,0.2857142857142857,0.9995872246014138,0.2,0.9997419754360615,0.7142857142857143,0.00041277539858624424,0.8,0.0002580245639384869,0.13333333333333333,0.9993294821539096,0.23529411764705882,0.2127659574468085,0.26315789473684204,0.23871884564346754,0.2853015103156995,0.19974197543606143,692.1785714285714,0.7145806756089108
m886_06_fill_holes_and_orientation.obj,m886,RectangleTable,0,10,7,19371,7,19388,0.2236444405585502,0.5848081633836297,0,10,7,19371,0.0,0.9994840307517672,0.0,0.9996387656104861,1.0,0.0005159692482328053,1.0,0.0003612343895138817,0.0,0.9991231689704972,,,,-0.0004317242596766064,-0.0005159692482328282,-0.00036123438951385367,0.0,1.0005162356099324
m887_06_fill_holes_and_orientation.obj,m887,RectangleTable,0,10,7,19371,7,19388,0.522588120134675,0.7182023742227247,0,10,7,19371,0.0,0.9994840307517672,0.0,0.9996387656104861,1.0,0.0005159692482328053,1.0,0.0003612343895138817,0.0,0.9991231689704972,,,,-0.0004317242596766064,-0.0005159692482328282,-0.00036123438951385367,0.0,1.0005162356099324
m888_06_fill_holes_and_orientation.obj,m888,RectangleTable,8,2,0,19378,7,19388,3.1338968506673828,0.8410879679958254,8,2,0,19378,1.0,0.9998968008255934,0.8,1.0,0.0,0.00010319917440660474,0.2,0.0,0.8,0.9998968434082938,0.888888888888889,0.8333333333333334,0.9523809523809523,0.8943810377353014,0.9998968008255935,0.8,9690.0,0.0
m889_06_fill_holes_and_orientation.obj,m889,RectangleTable,2,8,5,19373,7,19388,1.063687056783935,0.7627371686161963,2,8,5,19373,0.2857142857142857,0.9995872246014138,0.2,0.9997419754360615,0.7142857142857143,0.00041277539858624424,0.8,0.0002580245639384869,0.13333333333333333,0.9993294821539096,0.23529411764705882,0.2127659574468085,0.26315789473684204,0.23871884564346754,0.2853015103156995,0.19974197543606143,692.1785714285714,0.7145806756089108
m890_06_fill_holes_and_orientation.obj,m890,RectangleTable,2,8,5,19373,7,19388,0.9133261140986788,0.7708831586728704,2,8,5,19373,0.2857142857142857,0.9995872246014138,0.2,0.9997419754360615,0.7142857142857143,0.00041277539858624424,0.8,0.0002580245639384869,0.13333333333333333,0.9993294821539096,0.23529411764705882,0.2127659574468085,0.26315789473684204,0.23871884564346754,0.2853015103156995,0.19974197543606143,692.1785714285714,0.7145806756089108
m891_06_fill_holes_and_orientation.obj,m891,RectangleTable,4,6,3,19375,7,19388,1.494806064335635,0.8311736313432186,4,6,3,19375,0.5714285714285714,0.9996904184510603,0.4,0.9998451852616369,0.42857142857142855,0.00030958154893968317,0.6,0.00015481473836309216,0.3076923076923077,0.9995357953373221,0.47058823529411764,0.425531914893617,0.5263157894736841,0.4778694155466117,0.5711189898796318,0.3998451852616369,1845.8095238095239,0.4287041474654378
m894_06_fill_holes_and_orientation.obj,m894,RectangleTable,4,6,3,19375,7,19388,1.6532840922069287,0.8124465509994058,4,6,3,19375,0.5714285714285714,0.9996904184510603,0.4,0.9998451852616369,0.42857142857142855,0.00030958154893968317,0.6,0.00015481473836309216,0.3076923076923077,0.9995357953373221,0.47058823529411764,0.425531914893617,0.5263157894736841,0.4778694155466117,0.5711189898796318,0.3998451852616369,1845.8095238095239,0.4287041474654378
m895_06_fill_holes_and_orientation.obj,m895,RectangleTable,4,6,3,19375,7,19388,1.2379106731358085,0.7884579148004812,4,6,3,19375,0.5714285714285714,0.9996904184510603,0.4,0.9998451852616369,0.42857142857142855,0.00030958154893968317,0.6,0.00015481473836309216,0.3076923076923077,0.9995357953373221,0.47058823529411764,0.425531914893617,0.5263157894736841,0.4778694155466117,0.5711189898796318,0.3998451852616369,1845.8095238095239,0.4287041474654378
m896_06_fill_holes_and_orientation.obj,m896,RectangleTable,3,7,4,19374,7,19388,1.6126257111034732,0.8195561739937094,3,7,4,19374,0.42857142857142855,0.9996388215262371,0.3,0.9997935803488492,0.5714285714285714,0.00036117847376296373,0.7,0.00020641965115078957,0.21428571428571427,0.9994326387456158,0.3529411764705882,0.3191489361702127,0.3947368421052631,0.3582941305950396,0.42821025009766567,0.2997935803488492,1186.5918367346937,0.5716350336975917
m897_06_fill_holes_and_orientation.obj,m897,RectangleTable,4,6,3,19375,7,19388,1.0029202322182638,0.7703830934469713,4,6,3,19375,0.5714285714285714,0.9996904184510603,0.4,0.9998451852616369,0.42857142857142855,0.00030958154893968317,0.6,0.00015481473836309216,0.3076923076923077,0.9995357953373221,0.47058823529411764,0.425531914893617,0.5263157894736841,0.4778694155466117,0.5711189898796318,0.3998451852616369,1845.8095238095239,0.4287041474654378
m898_06_fill_holes_and_orientation.obj,m898,RectangleTable,3,7,4,19374,7,19388,1.3961429081699743,0.7930889536316331,3,7,4,19374,0.42857142857142855,0.9996388215262371,0.3,0.9997935803488492,0.5714285714285714,0.00036117847376296373,0.7,0.00020641965115078957,0.21428571428571427,0.9994326387456158,0.3529411764705882,0.3191489361702127,0.3947368421052631,0.3582941305950396,0.42821025009766567,0.2997935803488492,1186.5918367346937,0.5716350336975917
m901_06_fill_holes_and_orientation.obj,m901,RectangleTable,3,7,4,19374,7,19388,2.0936695025552967,0.8201069704744097,3,7,4,19374,0.42857142857142855,0.9996388215262371,0.3,0.9997935803488492,0.5714285714285714,0.00036117847376296373,0.7,0.00020641965115078957,0.21428571428571427,0.9994326387456158,0.3529411764705882,0.3191489361702127,0.3947368421052631,0.3582941305950396,0.42821025009766567,0.2997935803488492,1186.5918367346937,0.5716350336975917
m902_06_fill_holes_and_orientation.obj,m902,RectangleTable,2,8,5,19373,7,19388,2.0697540661422846,0.8361525416358655,2,8,5,19373,0.2857142857142857,0.9995872246014138,0.2,0.9997419754360615,0.7142857142857143,0.00041277539858624424,0.8,0.0002580245639384869,0.13333333333333333,0.9993294821539096,0.23529411764705882,0.2127659574468085,0.26315789473684204,0.23871884564346754,0.2853015103156995,0.19974197543606143,692.1785714285714,0.7145806756089108
m904_06_fill_holes_and_orientation.obj,m904,RectangleTable,0,10,7,19371,7,19388,0.36251312702245325,0.662144337667232,0,10,7,19371,0.0,0.9994840307517672,0.0,0.9996387656104861,1.0,0.0005159692482328053,1.0,0.0003612343895138817,0.0,0.9991231689704972,,,,-0.0004317242596766064,-0.0005159692482328282,-0.00036123438951385367,0.0,1.0005162356099324
m905_06_fill_holes_and_orientation.obj,m905,RectangleTable,4,6,3,19375,7,19388,1.822794187811161,0.8000463828615327,4,6,3,19375,0.5714285714285714,0.9996904184510603,0.4,0.9998451852616369,0.42857142857142855,0.00030958154893968317,0.6,0.00015481473836309216,0.3076923076923077,0.9995357953373221,0.47058823529411764,0.425531914893617,0.5263157894736841,0.4778694155466117,0.5711189898796318,0.3998451852616369,1845.8095238095239,0.4287041474654378
m906_06_fill_holes_and_orientation.obj,m906,RectangleTable,0,10,7,19371,7,19388,0.16500502069193734,0.44813091562667595,0,10,7,19371,0.0,0.9994840307517672,0.0,0.9996387656104861,1.0,0.0005159692482328053,1.0,0.0003612343895138817,0.0,0.9991231689704972,,,,-0.0004317242596766064,-0.0005159692482328282,-0.00036123438951385367,0.0,1.0005162356099324
m907_06_fill_holes_and_orientation.obj,m907,RectangleTable,8,2,0,19378,7,19388,2.9021942033918147,0.8432041860532533,8,2,0,19378,1.0,0.9998968008255934,0.8,1.0,0.0,0.00010319917440660474,0.2,0.0,0.8,0.9998968434082938,0.888888888888889,0.8333333333333334,0.9523809523809523,0.8943810377353014,0.9998968008255935,0.8,9690.0,0.0
m908_06_fill_holes_and_orientation.obj,m908,RectangleTable,3,7,4,19374,7,19388,1.4221082054624856,0.7947196011073909,3,7,4,19374,0.42857142857142855,0.9996388215262371,0.3,0.9997935803488492,0.5714285714285714,0.00036117847376296373,0.7,0.00020641965115078957,0.21428571428571427,0.9994326387456158,0.3529411764705882,0.3191489361702127,0.3947368421052631,0.3582941305950396,0.42821025009766567,0.2997935803488492,1186.5918367346937,0.5716350336975917
m912_06_fill_holes_and_orientation.obj,m912,RectangleTable,8,2,0,19378,7,19388,3.4667238762447448,0.8623298691133626,8,2,0,19378,1.0,0.9998968008255934,0.8,1.0,0.0,0.00010319917440660474,0.2,0.0,0.8,0.9998968434082938,0.888888888888889,0.8333333333333334,0.9523809523809523,0.8943810377353014,0.9998968008255935,0.8,9690.0,0.0
m913_06_fill_holes_and_orientation.obj,m913,RectangleTable,5,5,2,19376,7,19388,3.349239374235765,0.8555753649026685,5,5,2,19376,0.7142857142857143,0.9997420153758836,0.5,0.9998967901744246,0.2857142857142857,0.00025798462411640266,0.5,0.00010320982557539478,0.4166666666666667,0.9996389519290283,0.588235294117647,0.5319148936170213,0.6578947368421053,0.5974447004981838,0.714027729661598,0.4998967901744247,2768.714285714286,0.28578801462781644
m914_06_fill_holes_and_orientation.obj,m914,RectangleTable,0,10,7,19371,7,19388,0.3145515378069264,0.617725500427592,0,10,7,19371,0.0,0.9994840307517672,0.0,0.9996387656104861,1.0,0.0005159692482328053,1.0,0.0003612343895138817,0.0,0.9991231689704972,,,,-0.0004317242596766064,-0.0005159692482328282,-0.00036123438951385367,0.0,1.0005162356099324
m915_06_fill_holes_and_orientation.obj,m915,RectangleTable,5,5,2,19376,7,19388,2.973506497626332,0.8438129611108696,5,5,2,19376,0.7142857142857143,0.9997420153758836,0.5,0.9998967901744246,0.2857142857142857,0.00025798462411640266,0.5,0.00010320982557539478,0.4166666666666667,0.9996389519290283,0.588235294117647,0.5319148936170213,0.6578947368421053,0.5974447004981838,0.714027729661598,0.4998967901744247,2768.714285714286,0.28578801462781644
m917_06_fill_holes_and_orientation.obj,m917,RectangleTable,0,10,7,19371,7,19388,0.17268316612668944,0.45047180066965253,0,10,7,19371,0.0,0.9994840307517672,0.0,0.9996387656104861,1.0,0.0005159692482328053,1.0,0.0003612343895138817,0.0,0.9991231689704972,,,,-0.0004317242596766064,-0.0005159692482328282,-0.00036123438951385367,0.0,1.0005162356099324
m919_06_fill_holes_and_orientation.obj,m919,RectangleTable,3,7,4,19374,7,19388,1.3738361042483374,0.7867620414256932,3,7,4,19374,0.42857142857142855,0.9996388215262371,0.3,0.9997935803488492,0.5714285714285714,0.00036117847376296373,0.7,0.00020641965115078957,0.21428571428571427,0.9994326387456158,0.3529411764705882,0.3191489361702127,0.3947368421052631,0.3582941305950396,0.42821025009766567,0.2997935803488492,1186.5918367346937,0.5716350336975917
m920_06_fill_holes_and_orientation.obj,m920,RectangleTable,1,9,6,19372,7,19388,0.42857679181200103,0.46539403690336417,1,9,6,19372,0.14285714285714285,0.9995356276765904,0.1,0.9996903705232738,0.8571428571428571,0.0004643723234095248,0.9,0.0003096294767261843,0.0625,0.9992263255622035,0.11764705882352941,0.10638297872340426,0.13157894736842102,0.11914356069189547,0.14239277053373334,0.0996903705232739,307.6349206349206,0.857541075484499
D00015_06_fill_holes_and_orientation.obj,d00015,Rocket,0,10,7,19371,7,19388,0.019728271589372202,0.5047999632538698,0,10,7,19371,0.0,0.9994840307517672,0.0,0.9996387656104861,1.0,0.0005159692482328053,1.0,0.0003612343895138817,0.0,0.9991231689704972,,,,-0.0004317242596766064,-0.0005159692482328282,-0.00036123438951385367,0.0,1.0005162356099324
D00343_06_fill_holes_and_orientation.obj,d00343,Rocket,0,10,7,19371,7,19388,0.04212291195237829,0.7579578338156263,0,10,7,19371,0.0,0.9994840307517672,0.0,0.9996387656104861,1.0,0.0005159692482328053,1.0,0.0003612343895138817,0.0,0.9991231689704972,,,,-0.0004317242596766064,-0.0005159692482328282,-0.00036123438951385367,0.0,1.0005162356099324
D00346_06_fill_holes_and_orientation.obj,d00346,Rocket,0,10,7,19371,7,19388,0.027664187701285484,0.6509806623489963,0,10,7,19371,0.0,0.9994840307517672,0.0,0.9996387656104861,1.0,0.0005159692482328053,1.0,0.0003612343895138817,0.0,0.9991231689704972,,,,-0.0004317242596766064,-0.0005159692482328282,-0.00036123438951385367,0.0,1.0005162356099324
D00354_06_fill_holes_and_orientation.obj,d00354,Rocket,0,10,7,19371,7,19388,0.02470107101880837,0.5086812732534105,0,10,7,19371,0.0,0.9994840307517672,0.0,0.9996387656104861,1.0,0.0005159692482328053,1.0,0.0003612343895138817,0.0,0.9991231689704972,,,,-0.0004317242596766064,-0.0005159692482328282,-0.00036123438951385367,0.0,1.0005162356099324
D00426_06_fill_holes_and_orientation.obj,d00426,Rocket,1,9,6,19372,7,19388,0.15236539619997216,0.8576776445730558,1,9,6,19372,0.14285714285714285,0.9995356276765904,0.1,0.9996903705232738,0.8571428571428571,0.0004643723234095248,0.9,0.0003096294767261843,0.0625,0.9992263255622035,0.11764705882352941,0.10638297872340426,0.13157894736842102,0.11914356069189547,0.14239277053373334,0.0996903705232739,307.6349206349206,0.857541075484499
D00428_06_fill_holes_and_orientation.obj,d00428,Rocket,2,8,5,19373,7,19388,0.2888188506620261,0.7987001056451242,2,8,5,19373,0.2857142857142857,0.9995872246014138,0.2,0.9997419754360615,0.7142857142857143,0.00041277539858624424,0.8,0.0002580245639384869,0.13333333333333333,0.9993294821539096,0.23529411764705882,0.2127659574468085,0.26315789473684204,0.23871884564346754,0.2853015103156995,0.19974197543606143,692.1785714285714,0.7145806756089108
D00433_06_fill_holes_and_orientation.obj,d00433,Rocket,0,10,7,19371,7,19388,0.027779976215180746,0.6516466859583849,0,10,7,19371,0.0,0.9994840307517672,0.0,0.9996387656104861,1.0,0.0005159692482328053,1.0,0.0003612343895138817,0.0,0.9991231689704972,,,,-0.0004317242596766064,-0.0005159692482328282,-0.00036123438951385367,0.0,1.0005162356099324
D00437_06_fill_holes_and_orientation.obj,d00437,Rocket,0,10,7,19371,7,19388,0.07680285756579594,0.82818887510909,0,10,7,19371,0.0,0.9994840307517672,0.0,0.9996387656104861,1.0,0.0005159692482328053,1.0,0.0003612343895138817,0.0,0.9991231689704972,,,,-0.0004317242596766064,-0.0005159692482328282,-0.00036123438951385367,0.0,1.0005162356099324
D00472_06_fill_holes_and_orientation.obj,d00472,Rocket,2,8,5,19373,7,19388,0.21411220811349657,0.7795232189610031,2,8,5,19373,0.2857142857142857,0.9995872246014138,0.2,0.9997419754360615,0.7142857142857143,0.00041277539858624424,0.8,0.0002580245639384869,0.13333333333333333,0.9993294821539096,0.23529411764705882,0.2127659574468085,0.26315789473684204,0.23871884564346754,0.2853015103156995,0.19974197543606143,692.1785714285714,0.7145806756089108
D00485_06_fill_holes_and_orientation.obj,d00485,Rocket,0,10,7,19371,7,19388,0.07129245650314224,0.7166414037021726,0,10,7,19371,0.0,0.9994840307517672,0.0,0.9996387656104861,1.0,0.0005159692482328053,1.0,0.0003612343895138817,0.0,0.9991231689704972,,,,-0.0004317242596766064,-0.0005159692482328282,-0.00036123438951385367,0.0,1.0005162356099324
D00528_06_fill_holes_and_orientation.obj,d00528,Rocket,0,10,7,19371,7,19388,0.05925102231424434,0.6481098709292177,0,10,7,19371,0.0,0.9994840307517672,0.0,0.9996387656104861,1.0,0.0005159692482328053,1.0,0.0003612343895138817,0.0,0.9991231689704972,,,,-0.0004317242596766064,-0.0005159692482328282,-0.00036123438951385367,0.0,1.0005162356099324
D00564_06_fill_holes_and_orientation.obj,d00564,Rocket,3,7,4,19374,7,19388,0.23983255812972218,0.7001975104496808,3,7,4,19374,0.42857142857142855,0.9996388215262371,0.3,0.9997935803488492,0.5714285714285714,0.00036117847376296373,0.7,0.00020641965115078957,0.21428571428571427,0.9994326387456158,0.3529411764705882,0.3191489361702127,0.3947368421052631,0.3582941305950396,0.42821025009766567,0.2997935803488492,1186.5918367346937,0.5716350336975917
D00585_06_fill_holes_and_orientation.obj,d00585,Rocket,0,10,7,19371,7,19388,0.02740571075506685,0.6557117266087915,0,10,7,19371,0.0,0.9994840307517672,0.0,0.9996387656104861,1.0,0.0005159692482328053,1.0,0.0003612343895138817,0.0,0.9991231689704972,,,,-0.0004317242596766064,-0.0005159692482328282,-0.00036123438951385367,0.0,1.0005162356099324
D00614_06_fill_holes_and_orientation.obj,d00614,Rocket,0,10,7,19371,7,19388,0.06294968136180411,0.7689816728675761,0,10,7,19371,0.0,0.9994840307517672,0.0,0.9996387656104861,1.0,0.0005159692482328053,1.0,0.0003612343895138817,0.0,0.9991231689704972,,,,-0.0004317242596766064,-0.0005159692482328282,-0.00036123438951385367,0.0,1.0005162356099324
D00697_06_fill_holes_and_orientation.obj,d00697,Rocket,0,10,7,19371,7,19388,0.053439499267510696,0.7176519222819346,0,10,7,19371,0.0,0.9994840307517672,0.0,0.9996387656104861,1.0,0.0005159692482328053,1.0,0.0003612343895138817,0.0,0.9991231689704972,,,,-0.0004317242596766064,-0.0005159692482328282,-0.00036123438951385367,0.0,1.0005162356099324
D00719_06_fill_holes_and_orientation.obj,d00719,Rocket,0,10,7,19371,7,19388,0.07723313776704396,0.7168251343530385,0,10,7,19371,0.0,0.9994840307517672,0.0,0.9996387656104861,1.0,0.0005159692482328053,1.0,0.0003612343895138817,0.0,0.9991231689704972,,,,-0.0004317242596766064,-0.0005159692482328282,-0.00036123438951385367,0.0,1.0005162356099324
D00851_06_fill_holes_and_orientation.obj,d00851,Rocket,2,8,5,19373,7,19388,0.2809984601408578,0.7969087317991823,2,8,5,19373,0.2857142857142857,0.9995872246014138,0.2,0.9997419754360615,0.7142857142857143,0.00041277539858624424,0.8,0.0002580245639384869,0.13333333333333333,0.9993294821539096,0.23529411764705882,0.2127659574468085,0.26315789473684204,0.23871884564346754,0.2853015103156995,0.19974197543606143,692.1785714285714,0.7145806756089108
D00942_06_fill_holes_and_orientation.obj,d00942,Rocket,1,9,6,19372,7,19388,0.08035469773004969,0.7058931606265215,1,9,6,19372,0.14285714285714285,0.9995356276765904,0.1,0.9996903705232738,0.8571428571428571,0.0004643723234095248,0.9,0.0003096294767261843,0.0625,0.9992263255622035,0.11764705882352941,0.10638297872340426,0.13157894736842102,0.11914356069189547,0.14239277053373334,0.0996903705232739,307.6349206349206,0.857541075484499
D00975_06_fill_holes_and_orientation.obj,d00975,Rocket,0,10,6,19372,6,19388,0.08999066807839085,0.6969592577281705,0,10,6,19372,0.0,0.9994840573728201,0.0,0.9996903705232738,1.0,0.0005159426271798576,1.0,0.0003096294767261843,0.0,0.9991747472663504,,,,-0.00039968868594749107,-0.0005159426271799106,-0.000309629476726192,0.0,1.0005162089613877
D00083_06_fill_holes_and_orientation.obj,d00083,RoundTable,0,10,7,19371,7,19388,0.05707247654792965,0.38660639942904723,0,10,7,19371,0.0,0.9994840307517672,0.0,0.9996387656104861,1.0,0.0005159692482328053,1.0,0.0003612343895138817,0.0,0.9991231689704972,,,,-0.0004317242596766064,-0.0005159692482328282,-0.00036123438951385367,0.0,1.0005162356099324
D00094_06_fill_holes_and_orientation.obj,d00094,RoundTable,3,7,4,19374,7,19388,0.7019626783359086,0.8479481384560486,3,7,4,19374,0.42857142857142855,0.9996388215262371,0.3,0.9997935803488492,0.5714285714285714,0.00036117847376296373,0.7,0.00020641965115078957,0.21428571428571427,0.9994326387456158,0.3529411764705882,0.3191489361702127,0.3947368421052631,0.3582941305950396,0.42821025009766567,0.2997935803488492,1186.5918367346937,0.5716350336975917
D00107_06_fill_holes_and_orientation.obj,d00107,RoundTable,0,10,7,19371,7,19388,0.6372852969238474,0.8739978589270846,0,10,7,19371,0.0,0.9994840307517672,0.0,0.9996387656104861,1.0,0.0005159692482328053,1.0,0.0003612343895138817,0.0,0.9991231689704972,,,,-0.0004317242596766064,-0.0005159692482328282,-0.00036123438951385367,0.0,1.0005162356099324
D00194_06_fill_holes_and_orientation.obj,d00194,RoundTable,1,9,6,19372,7,19388,0.14198956637185425,0.6394195313429285,1,9,6,19372,0.14285714285714285,0.9995356276765904,0.1,0.9996903705232738,0.8571428571428571,0.0004643723234095248,0.9,0.0003096294767261843,0.0625,0.9992263255622035,0.11764705882352941,0.10638297872340426,0.13157894736842102,0.11914356069189547,0.14239277053373334,0.0996903705232739,307.6349206349206,0.857541075484499
D00344_06_fill_holes_and_orientation.obj,d00344,RoundTable,3,7,4,19374,7,19388,0.8297368127750101,0.7879624122754847,3,7,4,19374,0.42857142857142855,0.9996388215262371,0.3,0.9997935803488492,0.5714285714285714,0.00036117847376296373,0.7,0.00020641965115078957,0.21428571428571427,0.9994326387456158,0.3529411764705882,0.3191489361702127,0.3947368421052631,0.3582941305950396,0.42821025009766567,0.2997935803488492,1186.5918367346937,0.5716350336975917
D00401_06_fill_holes_and_orientation.obj,d00401,RoundTable,0,10,7,19371,7,19388,0.2959149423177364,0.7859640775544189,0,10,7,19371,0.0,0.9994840307517672,0.0,0.9996387656104861,1.0,0.0005159692482328053,1.0,0.0003612343895138817,0.0,0.9991231689704972,,,,-0.0004317242596766064,-0.0005159692482328282,-0.00036123438951385367,0.0,1.0005162356099324
D00407_06_fill_holes_and_orientation.obj,d00407,RoundTable,1,9,6,19372,7,19388,0.23125924806296236,0.6685262281432139,1,9,6,19372,0.14285714285714285,0.9995356276765904,0.1,0.9996903705232738,0.8571428571428571,0.0004643723234095248,0.9,0.0003096294767261843,0.0625,0.9992263255622035,0.11764705882352941,0.10638297872340426,0.13157894736842102,0.11914356069189547,0.14239277053373334,0.0996903705232739,307.6349206349206,0.857541075484499
D00492_06_fill_holes_and_orientation.obj,d00492,RoundTable,0,10,7,19371,7,19388,0.34535605604565134,0.7593552991554657,0,10,7,19371,0.0,0.9994840307517672,0.0,0.9996387656104861,1.0,0.0005159692482328053,1.0,0.0003612343895138817,0.0,0.9991231689704972,,,,-0.0004317242596766064,-0.0005159692482328282,-0.00036123438951385367,0.0,1.0005162356099324
D00501_06_fill_holes_and_orientation.obj,d00501,RoundTable,3,7,4,19374,7,19388,0.5007097729864729,0.8480432972522898,3,7,4,19374,0.42857142857142855,0.9996388215262371,0.3,0.9997935803488492,0.5714285714285714,0.00036117847376296373,0.7,0.00020641965115078957,0.21428571428571427,0.9994326387456158,0.3529411764705882,0.3191489361702127,0.3947368421052631,0.3582941305950396,0.42821025009766567,0.2997935803488492,1186.5918367346937,0.5716350336975917
D00503_06_fill_holes_and_orientation.obj,d00503,RoundTable,1,9,6,19372,7,19388,0.1698976409865495,0.5286784822171999,1,9,6,19372,0.14285714285714285,0.9995356276765904,0.1,0.9996903705232738,0.8571428571428571,0.0004643723234095248,0.9,0.0003096294767261843,0.0625,0.9992263255622035,0.11764705882352941,0.10638297872340426,0.13157894736842102,0.11914356069189547,0.14239277053373334,0.0996903705232739,307.6349206349206,0.857541075484499
D00524_06_fill_holes_and_orientation.obj,d00524,RoundTable,1,9,6,19372,7,19388,0.5952068247229908,0.8587129772808374,1,9,6,19372,0.14285714285714285,0.9995356276765904,0.1,0.9996903705232738,0.8571428571428571,0.0004643723234095248,0.9,0.0003096294767261843,0.0625,0.9992263255622035,0.11764705882352941,0.10638297872340426,0.13157894736842102,0.11914356069189547,0.14239277053373334,0.0996903705232739,307.6349206349206,0.857541075484499
D00581_06_fill_holes_and_orientation.obj,d00581,RoundTable,0,10,7,19371,7,19388,0.05549821117108694,0.372558582133936,0,10,7,19371,0.0,0.9994840307517672,0.0,0.9996387656104861,1.0,0.0005159692482328053,1.0,0.0003612343895138817,0.0,0.9991231689704972,,,,-0.0004317242596766064,-0.0005159692482328282,-0.00036123438951385367,0.0,1.0005162356099324
D00646_06_fill_holes_and_orientation.obj,d00646,RoundTable,4,6,3,19375,7,19388,0.8894222005804465,0.8101344117996907,4,6,3,19375,0.5714285714285714,0.9996904184510603,0.4,0.9998451852616369,0.42857142857142855,0.00030958154893968317,0.6,0.00015481473836309216,0.3076923076923077,0.9995357953373221,0.47058823529411764,0.425531914893617,0.5263157894736841,0.4778694155466117,0.5711189898796318,0.3998451852616369,1845.8095238095239,0.4287041474654378
D00649_06_fill_holes_and_orientation.obj,d00649,RoundTable,2,8,5,19373,7,19388,0.308222492700427,0.7377185678601166,2,8,5,19373,0.2857142857142857,0.9995872246014138,0.2,0.9997419754360615,0.7142857142857143,0.00041277539858624424,0.8,0.0002580245639384869,0.13333333333333333,0.9993294821539096,0.23529411764705882,0.2127659574468085,0.26315789473684204,0.23871884564346754,0.2853015103156995,0.19974197543606143,692.1785714285714,0.7145806756089108
D00702_06_fill_holes_and_orientation.obj,d00702,RoundTable,3,7,4,19374,7,19388,0.7426459904619981,0.7924110859997621,3,7,4,19374,0.42857142857142855,0.9996388215262371,0.3,0.9997935803488492,0.5714285714285714,0.00036117847376296373,0.7,0.00020641965115078957,0.21428571428571427,0.9994326387456158,0.3529411764705882,0.3191489361702127,0.3947368421052631,0.3582941305950396,0.42821025009766567,0.2997935803488492,1186.5918367346937,0.5716350336975917
D00756_06_fill_holes_and_orientation.obj,d00756,RoundTable,0,10,7,19371,7,19388,0.13808688650560116,0.7090519804924468,0,10,7,19371,0.0,0.9994840307517672,0.0,0.9996387656104861,1.0,0.0005159692482328053,1.0,0.0003612343895138817,0.0,0.9991231689704972,,,,-0.0004317242596766064,-0.0005159692482328282,-0.00036123438951385367,0.0,1.0005162356099324
D00827_06_fill_holes_and_orientation.obj,d00827,RoundTable,1,9,6,19372,7,19388,0.23716862135245992,0.7371714047817295,1,9,6,19372,0.14285714285714285,0.9995356276765904,0.1,0.9996903705232738,0.8571428571428571,0.0004643723234095248,0.9,0.0003096294767261843,0.0625,0.9992263255622035,0.11764705882352941,0.10638297872340426,0.13157894736842102,0.11914356069189547,0.14239277053373334,0.0996903705232739,307.6349206349206,0.857541075484499
D00866_06_fill_holes_and_orientation.obj,d00866,RoundTable,3,7,4,19374,7,19388,0.7081987416959092,0.9015939098370405,3,7,4,19374,0.42857142857142855,0.9996388215262371,0.3,0.9997935803488492,0.5714285714285714,0.00036117847376296373,0.7,0.00020641965115078957,0.21428571428571427,0.9994326387456158,0.3529411764705882,0.3191489361702127,0.3947368421052631,0.3582941305950396,0.42821025009766567,0.2997935803488492,1186.5918367346937,0.5716350336975917
D00909_06_fill_holes_and_orientation.obj,d00909,RoundTable,1,9,6,19372,7,19388,0.08204528941510027,0.33828952063756396,1,9,6,19372,0.14285714285714285,0.9995356276765904,0.1,0.9996903705232738,0.8571428571428571,0.0004643723234095248,0.9,0.0003096294767261843,0.0625,0.9992263255622035,0.11764705882352941,0.10638297872340426,0.13157894736842102,0.11914356069189547,0.14239277053373334,0.0996903705232739,307.6349206349206,0.857541075484499
D00948_06_fill_holes_and_orientation.obj,d00948,RoundTable,0,10,7,19371,7,19388,0.3595791120269233,0.7795170691090758,0,10,7,19371,0.0,0.9994840307517672,0.0,0.9996387656104861,1.0,0.0005159692482328053,1.0,0.0003612343895138817,0.0,0.9991231689704972,,,,-0.0004317242596766064,-0.0005159692482328282,-0.00036123438951385367,0.0,1.0005162356099324
m921_06_fill_holes_and_orientation.obj,m921,RoundTable,4,6,3,19375,7,19388,0.8968328725406342,0.8113120019031759,4,6,3,19375,0.5714285714285714,0.9996904184510603,0.4,0.9998451852616369,0.42857142857142855,0.00030958154893968317,0.6,0.00015481473836309216,0.3076923076923077,0.9995357953373221,0.47058823529411764,0.425531914893617,0.5263157894736841,0.4778694155466117,0.5711189898796318,0.3998451852616369,1845.8095238095239,0.4287041474654378
m922_06_fill_holes_and_orientation.obj,m922,RoundTable,4,6,3,19375,7,19388,0.6449750169706808,0.776127036992982,4,6,3,19375,0.5714285714285714,0.9996904184510603,0.4,0.9998451852616369,0.42857142857142855,0.00030958154893968317,0.6,0.00015481473836309216,0.3076923076923077,0.9995357953373221,0.47058823529411764,0.425531914893617,0.5263157894736841,0.4778694155466117,0.5711189898796318,0.3998451852616369,1845.8095238095239,0.4287041474654378
m923_06_fill_holes_and_orientation.obj,m923,RoundTable,4,6,3,19375,7,19388,0.8720361715702178,0.8289639586059236,4,6,3,19375,0.5714285714285714,0.9996904184510603,0.4,0.9998451852616369,0.42857142857142855,0.00030958154893968317,0.6,0.00015481473836309216,0.3076923076923077,0.9995357953373221,0.47058823529411764,0.425531914893617,0.5263157894736841,0.4778694155466117,0.5711189898796318,0.3998451852616369,1845.8095238095239,0.4287041474654378
m924_06_fill_holes_and_orientation.obj,m924,RoundTable,1,9,6,19372,7,19388,0.1838047077514946,0.6148804567622219,1,9,6,19372,0.14285714285714285,0.9995356276765904,0.1,0.9996903705232738,0.8571428571428571,0.0004643723234095248,0.9,0.0003096294767261843,0.0625,0.9992263255622035,0.11764705882352941,0.10638297872340426,0.13157894736842102,0.11914356069189547,0.14239277053373334,0.0996903705232739,307.6349206349206,0.857541075484499
m925_06_fill_holes_and_orientation.obj,m925,RoundTable,0,10,7,19371,7,19388,0.19892363072812688,0.7025217081003925,0,10,7,19371,0.0,0.9994840307517672,0.0,0.9996387656104861,1.0,0.0005159692482328053,1.0,0.0003612343895138817,0.0,0.9991231689704972,,,,-0.0004317242596766064,-0.0005159692482328282,-0.00036123438951385367,0.0,1.0005162356099324
m926_06_fill_holes_and_orientation.obj,m926,RoundTable,2,8,5,19373,7,19388,0.6413888083161672,0.7831925776138932,2,8,5,19373,0.2857142857142857,0.9995872246014138,0.2,0.9997419754360615,0.7142857142857143,0.00041277539858624424,0.8,0.0002580245639384869,0.13333333333333333,0.9993294821539096,0.23529411764705882,0.2127659574468085,0.26315789473684204,0.23871884564346754,0.2853015103156995,0.19974197543606143,692.1785714285714,0.7145806756089108
m927_06_fill_holes_and_orientation.obj,m927,RoundTable,3,7,4,19374,7,19388,0.5714865499252638,0.7961698584512906,3,7,4,19374,0.42857142857142855,0.9996388215262371,0.3,0.9997935803488492,0.5714285714285714,0.00036117847376296373,0.7,0.00020641965115078957,0.21428571428571427,0.9994326387456158,0.3529411764705882,0.3191489361702127,0.3947368421052631,0.3582941305950396,0.42821025009766567,0.2997935803488492,1186.5918367346937,0.5716350336975917
m928_06_fill_holes_and_orientation.obj,m928,RoundTable,3,7,4,19374,7,19388,0.6101539124507606,0.8621386939455216,3,7,4,19374,0.42857142857142855,0.9996388215262371,0.3,0.9997935803488492,0.5714285714285714,0.00036117847376296373,0.7,0.00020641965115078957,0.21428571428571427,0.9994326387456158,0.3529411764705882,0.3191489361702127,0.3947368421052631,0.3582941305950396,0.42821025009766567,0.2997935803488492,1186.5918367346937,0.5716350336975917
m929_06_fill_holes_and_orientation.obj,m929,RoundTable,0,10,7,19371,7,19388,0.17427164223090702,0.718520280718449,0,10,7,19371,0.0,0.9994840307517672,0.0,0.9996387656104861,1.0,0.0005159692482328053,1.0,0.0003612343895138817,0.0,0.9991231689704972,,,,-0.0004317242596766064,-0.0005159692482328282,-0.00036123438951385367,0.0,1.0005162356099324
m930_06_fill_holes_and_orientation.obj,m930,RoundTable,0,10,7,19371,7,19388,0.18208056335555778,0.7213393600570953,0,10,7,19371,0.0,0.9994840307517672,0.0,0.9996387656104861,1.0,0.0005159692482328053,1.0,0.0003612343895138817,0.0,0.9991231689704972,,,,-0.0004317242596766064,-0.0005159692482328282,-0.00036123438951385367,0.0,1.0005162356099324
m932_06_fill_holes_and_orientation.obj,m932,RoundTable,2,8,5,19373,7,19388,0.6408701449710014,0.7727726894254787,2,8,5,19373,0.2857142857142857,0.9995872246014138,0.2,0.9997419754360615,0.7142857142857143,0.00041277539858624424,0.8,0.0002580245639384869,0.13333333333333333,0.9993294821539096,0.23529411764705882,0.2127659574468085,0.26315789473684204,0.23871884564346754,0.2853015103156995,0.19974197543606143,692.1785714285714,0.7145806756089108
m933_06_fill_holes_and_orientation.obj,m933,RoundTable,1,9,6,19372,7,19388,0.2597991461985949,0.7378732009040085,1,9,6,19372,0.14285714285714285,0.9995356276765904,0.1,0.9996903705232738,0.8571428571428571,0.0004643723234095248,0.9,0.0003096294767261843,0.0625,0.9992263255622035,0.11764705882352941,0.10638297872340426,0.13157894736842102,0.11914356069189547,0.14239277053373334,0.0996903705232739,307.6349206349206,0.857541075484499
m934_06_fill_holes_and_orientation.obj,m934,RoundTable,1,9,6,19372,7,19388,0.2891800499556613,0.7369572974901868,1,9,6,19372,0.14285714285714285,0.9995356276765904,0.1,0.9996903705232738,0.8571428571428571,0.0004643723234095248,0.9,0.0003096294767261843,0.0625,0.9992263255622035,0.11764705882352941,0.10638297872340426,0.13157894736842102,0.11914356069189547,0.14239277053373334,0.0996903705232739,307.6349206349206,0.857541075484499
m935_06_fill_holes_and_orientation.obj,m935,RoundTable,1,9,6,19372,7,19388,0.25343202179890867,0.7064351135958129,1,9,6,19372,0.14285714285714285,0.9995356276765904,0.1,0.9996903705232738,0.8571428571428571,0.0004643723234095248,0.9,0.0003096294767261843,0.0625,0.9992263255622035,0.11764705882352941,0.10638297872340426,0.13157894736842102,0.11914356069189547,0.14239277053373334,0.0996903705232739,307.6349206349206,0.857541075484499
m937_06_fill_holes_and_orientation.obj,m937,RoundTable,0,10,7,19371,7,19388,0.11147932314859586,0.6127274889972641,0,10,7,19371,0.0,0.9994840307517672,0.0,0.9996387656104861,1.0,0.0005159692482328053,1.0,0.0003612343895138817,0.0,0.9991231689704972,,,,-0.0004317242596766064,-0.0005159692482328282,-0.00036123438951385367,0.0,1.0005162356099324
m938_06_fill_holes_and_orientation.obj,m938,RoundTable,0,10,7,19371,7,19388,0.1915498390805097,0.7237778042107768,0,10,7,19371,0.0,0.9994840307517672,0.0,0.9996387656104861,1.0,0.0005159692482328053,1.0,0.0003612343895138817,0.0,0.9991231689704972,,,,-0.0004317242596766064,-0.0005159692482328282,-0.00036123438951385367,0.0,1.0005162356099324
D00057_06_fill_holes_and_orientation.obj,d00057,Shelf,3,7,4,19374,7,19388,0.43456979982236305,0.7413460582562879,3,7,4,19374,0.42857142857142855,0.9996388215262371,0.3,0.9997935803488492,0.5714285714285714,0.00036117847376296373,0.7,0.00020641965115078957,0.21428571428571427,0.9994326387456158,0.3529411764705882,0.3191489361702127,0.3947368421052631,0.3582941305950396,0.42821025009766567,0.2997935803488492,1186.5918367346937,0.5716350336975917
D00074_06_fill_holes_and_orientation.obj,d00074,Shelf,1,9,6,19372,7,19388,0.3089783369182971,0.5832090665076052,1,9,6,19372,0.14285714285714285,0.9995356276765904,0.1,0.9996903705232738,0.8571428571428571,0.0004643723234095248,0.9,0.0003096294767261843,0.0625,0.9992263255622035,0.11764705882352941,0.10638297872340426,0.13157894736842102,0.11914356069189547,0.14239277053373334,0.0996903705232739,307.6349206349206,0.857541075484499
D00129_06_fill_holes_and_orientation.obj,d00129,Shelf,1,9,6,19372,7,19388,0.1971273003050826,0.6417437120986182,1,9,6,19372,0.14285714285714285,0.9995356276765904,0.1,0.9996903705232738,0.8571428571428571,0.0004643723234095248,0.9,0.0003096294767261843,0.0625,0.9992263255622035,0.11764705882352941,0.10638297872340426,0.13157894736842102,0.11914356069189547,0.14239277053373334,0.0996903705232739,307.6349206349206,0.857541075484499
D00171_06_fill_holes_and_orientation.obj,d00171,Shelf,3,7,4,19374,7,19388,0.45037007464897794,0.5528581369917487,3,7,4,19374,0.42857142857142855,0.9996388215262371,0.3,0.9997935803488492,0.5714285714285714,0.00036117847376296373,0.7,0.00020641965115078957,0.21428571428571427,0.9994326387456158,0.3529411764705882,0.3191489361702127,0.3947368421052631,0.3582941305950396,0.42821025009766567,0.2997935803488492,1186.5918367346937,0.5716350336975917
D00198_06_fill_holes_and_orientation.obj,d00198,Shelf,0,10,7,19371,7,19388,0.47990753619702664,0.7630380753554031,0,10,7,19371,0.0,0.9994840307517672,0.0,0.9996387656104861,1.0,0.0005159692482328053,1.0,0.0003612343895138817,0.0,0.9991231689704972,,,,-0.0004317242596766064,-0.0005159692482328282,-0.00036123438951385367,0.0,1.0005162356099324
D00242_06_fill_holes_and_orientation.obj,d00242,Shelf,0,10,7,19371,7,19388,0.7515788988975631,0.8312058852768667,0,10,7,19371,0.0,0.9994840307517672,0.0,0.9996387656104861,1.0,0.0005159692482328053,1.0,0.0003612343895138817,0.0,0.9991231689704972,,,,-0.0004317242596766064,-0.0005159692482328282,-0.00036123438951385367,0.0,1.0005162356099324
D00337_06_fill_holes_and_orientation.obj,d00337,Shelf,3,7,4,19374,7,19388,0.5787694732696111,0.5610100407595189,3,7,4,19374,0.42857142857142855,0.9996388215262371,0.3,0.9997935803488492,0.5714285714285714,0.00036117847376296373,0.7,0.00020641965115078957,0.21428571428571427,0.9994326387456158,0.3529411764705882,0.3191489361702127,0.3947368421052631,0.3582941305950396,0.42821025009766567,0.2997935803488492,1186.5918367346937,0.5716350336975917
D00352_06_fill_holes_and_orientation.obj,d00352,Shelf,1,9,6,19372,7,19388,0.29713098867111937,0.6751068694701262,1,9,6,19372,0.14285714285714285,0.9995356276765904,0.1,0.9996903705232738,0.8571428571428571,0.0004643723234095248,0.9,0.0003096294767261843,0.0625,0.9992263255622035,0.11764705882352941,0.10638297872340426,0.13157894736842102,0.11914356069189547,0.14239277053373334,0.0996903705232739,307.6349206349206,0.857541075484499
D00468_06_fill_holes_and_orientation.obj,d00468,Shelf,2,8,5,19373,7,19388,0.1687364261304715,0.41726811810319114,2,8,5,19373,0.2857142857142857,0.9995872246014138,0.2,0.9997419754360615,0.7142857142857143,0.00041277539858624424,0.8,0.0002580245639384869,0.13333333333333333,0.9993294821539096,0.23529411764705882,0.2127659574468085,0.26315789473684204,0.23871884564346754,0.2853015103156995,0.19974197543606143,692.1785714285714,0.7145806756089108
D00592_06_fill_holes_and_orientation.obj,d00592,Shelf,0,10,7,19371,7,19388,0.12994133952875725,0.4444179341882891,0,10,7,19371,0.0,0.9994840307517672,0.0,0.9996387656104861,1.0,0.0005159692482328053,1.0,0.0003612343895138817,0.0,0.9991231689704972,,,,-0.0004317242596766064,-0.0005159692482328282,-0.00036123438951385367,0.0,1.0005162356099324
D00631_06_fill_holes_and_orientation.obj,d00631,Shelf,3,7,4,19374,7,19388,0.4580826108537945,0.5414653544089869,3,7,4,19374,0.42857142857142855,0.9996388215262371,0.3,0.9997935803488492,0.5714285714285714,0.00036117847376296373,0.7,0.00020641965115078957,0.21428571428571427,0.9994326387456158,0.3529411764705882,0.3191489361702127,0.3947368421052631,0.3582941305950396,0.42821025009766567,0.2997935803488492,1186.5918367346937,0.5716350336975917
D00691_06_fill_holes_and_orientation.obj,d00691,Shelf,1,9,6,19372,7,19388,0.16634989978380213,0.5841137289989065,1,9,6,19372,0.14285714285714285,0.9995356276765904,0.1,0.9996903705232738,0.8571428571428571,0.0004643723234095248,0.9,0.0003096294767261843,0.0625,0.9992263255622035,0.11764705882352941,0.10638297872340426,0.13157894736842102,0.11914356069189547,0.14239277053373334,0.0996903705232739,307.6349206349206,0.857541075484499
D00725_06_fill_holes_and_orientation.obj,d00725,Shelf,2,8,5,19373,7,19388,0.35083013590736645,0.5356794910030818,2,8,5,19373,0.2857142857142857,0.9995872246014138,0.2,0.9997419754360615,0.7142857142857143,0.00041277539858624424,0.8,0.0002580245639384869,0.13333333333333333,0.9993294821539096,0.23529411764705882,0.2127659574468085,0.26315789473684204,0.23871884564346754,0.2853015103156995,0.19974197543606143,692.1785714285714,0.7145806756089108
D00772_06_fill_holes_and_orientation.obj,d00772,Shelf,3,7,4,19374,7,19388,0.5280475058791377,0.731693011233721,3,7,4,19374,0.42857142857142855,0.9996388215262371,0.3,0.9997935803488492,0.5714285714285714,0.00036117847376296373,0.7,0.00020641965115078957,0.21428571428571427,0.9994326387456158,0.3529411764705882,0.3191489361702127,0.3947368421052631,0.3582941305950396,0.42821025009766567,0.2997935803488492,1186.5918367346937,0.5716350336975917
D00781_06_fill_holes_and_orientation.obj,d00781,Shelf,2,8,5,19373,7,19388,0.4022619546453347,0.5157371508102198,2,8,5,19373,0.2857142857142857,0.9995872246014138,0.2,0.9997419754360615,0.7142857142857143,0.00041277539858624424,0.8,0.0002580245639384869,0.13333333333333333,0.9993294821539096,0.23529411764705882,0.2127659574468085,0.26315789473684204,0.23871884564346754,0.2853015103156995,0.19974197543606143,692.1785714285714,0.7145806756089108
D00818_06_fill_holes_and_orientation.obj,d00818,Shelf,1,9,6,19372,7,19388,0.30206664771635117,0.6424992543990456,1,9,6,19372,0.14285714285714285,0.9995356276765904,0.1,0.9996903705232738,0.8571428571428571,0.0004643723234095248,0.9,0.0003096294767261843,0.0625,0.9992263255622035,0.11764705882352941,0.10638297872340426,0.13157894736842102,0.11914356069189547,0.14239277053373334,0.0996903705232739,307.6349206349206,0.857541075484499
D00881_06_fill_holes_and_orientation.obj,d00881,Shelf,3,7,4,19374,7,19388,0.7023517333809396,0.7665274878218511,3,7,4,19374,0.42857142857142855,0.9996388215262371,0.3,0.9997935803488492,0.5714285714285714,0.00036117847376296373,0.7,0.00020641965115078957,0.21428571428571427,0.9994326387456158,0.3529411764705882,0.3191489361702127,0.3947368421052631,0.3582941305950396,0.42821025009766567,0.2997935803488492,1186.5918367346937,0.5716350336975917
D00887_06_fill_holes_and_orientation.obj,d00887,Shelf,1,9,6,19372,7,19388,0.2678055026923279,0.6471915697385426,1,9,6,19372,0.14285714285714285,0.9995356276765904,0.1,0.9996903705232738,0.8571428571428571,0.0004643723234095248,0.9,0.0003096294767261843,0.0625,0.9992263255622035,0.11764705882352941,0.10638297872340426,0.13157894736842102,0.11914356069189547,0.14239277053373334,0.0996903705232739,307.6349206349206,0.857541075484499
D00917_06_fill_holes_and_orientation.obj,d00917,Shelf,1,9,6,19372,7,19388,0.19332844799546062,0.5464459687841734,1,9,6,19372,0.14285714285714285,0.9995356276765904,0.1,0.9996903705232738,0.8571428571428571,0.0004643723234095248,0.9,0.0003096294767261843,0.0625,0.9992263255622035,0.11764705882352941,0.10638297872340426,0.13157894736842102,0.11914356069189547,0.14239277053373334,0.0996903705232739,307.6349206349206,0.857541075484499
D00956_06_fill_holes_and_orientation.obj,d00956,Shelf,0,10,7,19371,7,19388,0.1520244150566757,0.5449150014912019,0,10,7,19371,0.0,0.9994840307517672,0.0,0.9996387656104861,1.0,0.0005159692482328053,1.0,0.0003612343895138817,0.0,0.9991231689704972,,,,-0.0004317242596766064,-0.0005159692482328282,-0.00036123438951385367,0.0,1.0005162356099324
m844_06_fill_holes_and_orientation.obj,m844,Shelf,4,6,3,19375,7,19388,0.7331176007533177,0.7373794611790436,4,6,3,19375,0.5714285714285714,0.9996904184510603,0.4,0.9998451852616369,0.42857142857142855,0.00030958154893968317,0.6,0.00015481473836309216,0.3076923076923077,0.9995357953373221,0.47058823529411764,0.425531914893617,0.5263157894736841,0.4778694155466117,0.5711189898796318,0.3998451852616369,1845.8095238095239,0.4287041474654378
m845_06_fill_holes_and_orientation.obj,m845,Shelf,3,7,4,19374,7,19388,0.5121781219834549,0.5664181330152103,3,7,4,19374,0.42857142857142855,0.9996388215262371,0.3,0.9997935803488492,0.5714285714285714,0.00036117847376296373,0.7,0.00020641965115078957,0.21428571428571427,0.9994326387456158,0.3529411764705882,0.3191489361702127,0.3947368421052631,0.3582941305950396,0.42821025009766567,0.2997935803488492,1186.5918367346937,0.5716350336975917
m846_06_fill_holes_and_orientation.obj,m846,Shelf,2,8,5,19373,7,19388,0.2648815603460882,0.41124366239188787,2,8,5,19373,0.2857142857142857,0.9995872246014138,0.2,0.9997419754360615,0.7142857142857143,0.00041277539858624424,0.8,0.0002580245639384869,0.13333333333333333,0.9993294821539096,0.23529411764705882,0.2127659574468085,0.26315789473684204,0.23871884564346754,0.2853015103156995,0.19974197543606143,692.1785714285714,0.7145806756089108
m847_06_fill_holes_and_orientation.obj,m847,Shelf,2,8,5,19373,7,19388,0.3536848315855238,0.676528481956457,2,8,5,19373,0.2857142857142857,0.9995872246014138,0.2,0.9997419754360615,0.7142857142857143,0.00041277539858624424,0.8,0.0002580245639384869,0.13333333333333333,0.9993294821539096,0.23529411764705882,0.2127659574468085,0.26315789473684204,0.23871884564346754,0.2853015103156995,0.19974197543606143,692.1785714285714,0.7145806756089108
m849_06_fill_holes_and_orientation.obj,m849,Shelf,3,7,4,19374,7,19388,0.6248567772643671,0.5051297345660603,3,7,4,19374,0.42857142857142855,0.9996388215262371,0.3,0.9997935803488492,0.5714285714285714,0.00036117847376296373,0.7,0.00020641965115078957,0.21428571428571427,0.9994326387456158,0.3529411764705882,0.3191489361702127,0.3947368421052631,0.3582941305950396,0.42821025009766567,0.2997935803488492,1186.5918367346937,0.5716350336975917
m850_06_fill_holes_and_orientation.obj,m850,Shelf,3,7,4,19374,7,19388,0.6732926842308317,0.7433343274679393,3,7,4,19374,0.42857142857142855,0.9996388215262371,0.3,0.9997935803488492,0.5714285714285714,0.00036117847376296373,0.7,0.00020641965115078957,0.21428571428571427,0.9994326387456158,0.3529411764705882,0.3191489361702127,0.3947368421052631,0.3582941305950396,0.42821025009766567,0.2997935803488492,1186.5918367346937,0.5716350336975917
m851_06_fill_holes_and_orientation.obj,m851,Shelf,4,6,3,19375,7,19388,0.710238920218299,0.5481260562680187,4,6,3,19375,0.5714285714285714,0.9996904184510603,0.4,0.9998451852616369,0.42857142857142855,0.00030958154893968317,0.6,0.00015481473836309216,0.3076923076923077,0.9995357953373221,0.47058823529411764,0.425531914893617,0.5263157894736841,0.4778694155466117,0.5711189898796318,0.3998451852616369,1845.8095238095239,0.4287041474654378
m852_06_fill_holes_and_orientation.obj,m852,Shelf,3,7,4,19374,7,19388,0.42003818062826787,0.5860224674420916,3,7,4,19374,0.42857142857142855,0.9996388215262371,0.3,0.9997935803488492,0.5714285714285714,0.00036117847376296373,0.7,0.00020641965115078957,0.21428571428571427,0.9994326387456158,0.3529411764705882,0.3191489361702127,0.3947368421052631,0.3582941305950396,0.42821025009766567,0.2997935803488492,1186.5918367346937,0.5716350336975917
m853_06_fill_holes_and_orientation.obj,m853,Shelf,3,7,4,19374,7,19388,0.5981899230918091,0.5000596480763495,3,7,4,19374,0.42857142857142855,0.9996388215262371,0.3,0.9997935803488492,0.5714285714285714,0.00036117847376296373,0.7,0.00020641965115078957,0.21428571428571427,0.9994326387456158,0.3529411764705882,0.3191489361702127,0.3947368421052631,0.3582941305950396,0.42821025009766567,0.2997935803488492,1186.5918367346937,0.5716350336975917
m854_06_fill_holes_and_orientation.obj,m854,Shelf,1,9,6,19372,7,19388,0.19535201488545945,0.5498359677900388,1,9,6,19372,0.14285714285714285,0.9995356276765904,0.1,0.9996903705232738,0.8571428571428571,0.0004643723234095248,0.9,0.0003096294767261843,0.0625,0.9992263255622035,0.11764705882352941,0.10638297872340426,0.13157894736842102,0.11914356069189547,0.14239277053373334,0.0996903705232739,307.6349206349206,0.857541075484499
m855_06_fill_holes_and_orientation.obj,m855,Shelf,0,10,7,19371,7,19388,0.1238851579728778,0.5658415349438315,0,10,7,19371,0.0,0.9994840307517672,0.0,0.9996387656104861,1.0,0.0005159692482328053,1.0,0.0003612343895138817,0.0,0.9991231689704972,,,,-0.0004317242596766064,-0.0005159692482328282,-0.00036123438951385367,0.0,1.0005162356099324
m856_06_fill_holes_and_orientation.obj,m856,Shelf,1,9,6,19372,7,19388,0.3068010076687416,0.7126752162242769,1,9,6,19372,0.14285714285714285,0.9995356276765904,0.1,0.9996903705232738,0.8571428571428571,0.0004643723234095248,0.9,0.0003096294767261843,0.0625,0.9992263255622035,0.11764705882352941,0.10638297872340426,0.13157894736842102,0.11914356069189547,0.14239277053373334,0.0996903705232739,307.6349206349206,0.857541075484499
m857_06_fill_holes_and_orientation.obj,m857,Shelf,1,9,6,19372,7,19388,0.22782482827972644,0.6966000596480765,1,9,6,19372,0.14285714285714285,0.9995356276765904,0.1,0.9996903705232738,0.8571428571428571,0.0004643723234095248,0.9,0.0003096294767261843,0.0625,0.9992263255622035,0.11764705882352941,0.10638297872340426,0.13157894736842102,0.11914356069189547,0.14239277053373334,0.0996903705232739,307.6349206349206,0.857541075484499
m858_06_fill_holes_and_orientation.obj,m858,Shelf,0,10,7,19371,7,19388,0.06899321995301066,0.30188885575106866,0,10,7,19371,0.0,0.9994840307517672,0.0,0.9996387656104861,1.0,0.0005159692482328053,1.0,0.0003612343895138817,0.0,0.9991231689704972,,,,-0.0004317242596766064,-0.0005159692482328282,-0.00036123438951385367,0.0,1.0005162356099324
m859_06_fill_holes_and_orientation.obj,m859,Shelf,1,9,6,19372,7,19388,0.3447319141063017,0.7026344567054379,1,9,6,19372,0.14285714285714285,0.9995356276765904,0.1,0.9996903705232738,0.8571428571428571,0.0004643723234095248,0.9,0.0003096294767261843,0.0625,0.9992263255622035,0.11764705882352941,0.10638297872340426,0.13157894736842102,0.11914356069189547,0.14239277053373334,0.0996903705232739,307.6349206349206,0.857541075484499
m860_06_fill_holes_and_orientation.obj,m860,Shelf,1,9,6,19372,7,19388,0.2618010277126603,0.6557908340789343,1,9,6,19372,0.14285714285714285,0.9995356276765904,0.1,0.9996903705232738,0.8571428571428571,0.0004643723234095248,0.9,0.0003096294767261843,0.0625,0.9992263255622035,0.11764705882352941,0.10638297872340426,0.13157894736842102,0.11914356069189547,0.14239277053373334,0.0996903705232739,307.6349206349206,0.857541075484499
m861_06_fill_holes_and_orientation.obj,m861,Shelf,0,10,7,19371,7,19388,0.21892379998713798,0.5757629983099711,0,10,7,19371,0.0,0.9994840307517672,0.0,0.9996387656104861,1.0,0.0005159692482328053,1.0,0.0003612343895138817,0.0,0.9991231689704972,,,,-0.0004317242596766064,-0.0005159692482328282,-0.00036123438951385367,0.0,1.0005162356099324
m862_06_fill_holes_and_orientation.obj,m862,Shelf,0,10,7,19371,7,19388,0.3145462076697275,0.7098916393279651,0,10,7,19371,0.0,0.9994840307517672,0.0,0.9996387656104861,1.0,0.0005159692482328053,1.0,0.0003612343895138817,0.0,0.9991231689704972,,,,-0.0004317242596766064,-0.0005159692482328282,-0.00036123438951385367,0.0,1.0005162356099324
m863_06_fill_holes_and_orientation.obj,m863,Shelf,4,6,3,19375,7,19388,0.6454185833565674,0.6458594293667363,4,6,3,19375,0.5714285714285714,0.9996904184510603,0.4,0.9998451852616369,0.42857142857142855,0.00030958154893968317,0.6,0.00015481473836309216,0.3076923076923077,0.9995357953373221,0.47058823529411764,0.425531914893617,0.5263157894736841,0.4778694155466117,0.5711189898796318,0.3998451852616369,1845.8095238095239,0.4287041474654378
m864_06_fill_holes_and_orientation.obj,m864,Shelf,2,8,5,19373,7,19388,0.4779162898637348,0.5874043145441893,2,8,5,19373,0.2857142857142857,0.9995872246014138,0.2,0.9997419754360615,0.7142857142857143,0.00041277539858624424,0.8,0.0002580245639384869,0.13333333333333333,0.9993294821539096,0.23529411764705882,0.2127659574468085,0.26315789473684204,0.23871884564346754,0.2853015103156995,0.19974197543606143,692.1785714285714,0.7145806756089108
m865_06_fill_holes_and_orientation.obj,m865,Shelf,4,6,3,19375,7,19388,0.7689686993771588,0.6938860721741724,4,6,3,19375,0.5714285714285714,0.9996904184510603,0.4,0.9998451852616369,0.42857142857142855,0.00030958154893968317,0.6,0.00015481473836309216,0.3076923076923077,0.9995357953373221,0.47058823529411764,0.425531914893617,0.5263157894736841,0.4778694155466117,0.5711189898796318,0.3998451852616369,1845.8095238095239,0.4287041474654378
m866_06_fill_holes_and_orientation.obj,m866,Shelf,2,8,5,19373,7,19388,0.5690286916972992,0.7549756437021573,2,8,5,19373,0.2857142857142857,0.9995872246014138,0.2,0.9997419754360615,0.7142857142857143,0.00041277539858624424,0.8,0.0002580245639384869,0.13333333333333333,0.9993294821539096,0.23529411764705882,0.2127659574468085,0.26315789473684204,0.23871884564346754,0.2853015103156995,0.19974197543606143,692.1785714285714,0.7145806756089108
m868_06_fill_holes_and_orientation.obj,m868,Shelf,0,10,7,19371,7,19388,0.10367456848772887,0.47900387712496273,0,10,7,19371,0.0,0.9994840307517672,0.0,0.9996387656104861,1.0,0.0005159692482328053,1.0,0.0003612343895138817,0.0,0.9991231689704972,,,,-0.0004317242596766064,-0.0005159692482328282,-0.00036123438951385367,0.0,1.0005162356099324
D00027_06_fill_holes_and_orientation.obj,d00027,Ship,3,7,4,19374,7,19388,0.866553299135411,0.6946238339680962,3,7,4,19374,0.42857142857142855,0.9996388215262371,0.3,0.9997935803488492,0.5714285714285714,0.00036117847376296373,0.7,0.00020641965115078957,0.21428571428571427,0.9994326387456158,0.3529411764705882,0.3191489361702127,0.3947368421052631,0.3582941305950396,0.42821025009766567,0.2997935803488492,1186.5918367346937,0.5716350336975917
D00042_06_fill_holes_and_orientation.obj,d00042,Ship,0,10,7,19371,7,19388,0.45601141636442133,0.7173166087100513,0,10,7,19371,0.0,0.9994840307517672,0.0,0.9996387656104861,1.0,0.0005159692482328053,1.0,0.0003612343895138817,0.0,0.9991231689704972,,,,-0.0004317242596766064,-0.0005159692482328282,-0.00036123438951385367,0.0,1.0005162356099324
D00099_06_fill_holes_and_orientation.obj,d00099,Ship,1,9,6,19372,7,19388,0.6583751185389127,0.7464536071093448,1,9,6,19372,0.14285714285714285,0.9995356276765904,0.1,0.9996903705232738,0.8571428571428571,0.0004643723234095248,0.9,0.0003096294767261843,0.0625,0.9992263255622035,0.11764705882352941,0.10638297872340426,0.13157894736842102,0.11914356069189547,0.14239277053373334,0.0996903705232739,307.6349206349206,0.857541075484499
D00175_06_fill_holes_and_orientation.obj,d00175,Ship,1,9,6,19372,7,19388,0.46117316989446916,0.5861000717558094,1,9,6,19372,0.14285714285714285,0.9995356276765904,0.1,0.9996903705232738,0.8571428571428571,0.0004643723234095248,0.9,0.0003096294767261843,0.0625,0.9992263255622035,0.11764705882352941,0.10638297872340426,0.13157894736842102,0.11914356069189547,0.14239277053373334,0.0996903705232739,307.6349206349206,0.857541075484499
D00247_06_fill_holes_and_orientation.obj,d00247,Ship,4,6,3,19375,7,19388,1.493132357345717,0.7907145222718994,4,6,3,19375,0.5714285714285714,0.9996904184510603,0.4,0.9998451852616369,0.42857142857142855,0.00030958154893968317,0.6,0.00015481473836309216,0.3076923076923077,0.9995357953373221,0.47058823529411764,0.425531914893617,0.5263157894736841,0.4778694155466117,0.5711189898796318,0.3998451852616369,1845.8095238095239,0.4287041474654378
D00258_06_fill_holes_and_orientation.obj,d00258,Ship,2,8,4,19374,6,19388,0.8820318051022037,0.7455635590881492,2,8,4,19374,0.3333333333333333,0.9995872458982561,0.2,0.9997935803488492,0.6666666666666666,0.0004127541017438861,0.8,0.00020641965115078957,0.14285714285714285,0.9993810604497627,0.25,0.21739130434782608,0.29411764705882354,0.25790578608571774,0.33292057923158946,0.1997935803488493,807.5833333333333,0.6669419496920271
D00292_06_fill_holes_and_orientation.obj,d00292,Ship,3,7,4,19374,7,19388,0.8506388307115017,0.6879450240105978,3,7,4,19374,0.42857142857142855,0.9996388215262371,0.3,0.9997935803488492,0.5714285714285714,0.00036117847376296373,0.7,0.00020641965115078957,0.21428571428571427,0.9994326387456158,0.3529411764705882,0.3191489361702127,0.3947368421052631,0.3582941305950396,0.42821025009766567,0.2997935803488492,1186.5918367346937,0.5716350336975917
D00429_06_fill_holes_and_orientation.obj,d00429,Ship,0,10,7,19371,7,19388,0.28759160339720563,0.579214273886405,0,10,7,19371,0.0,0.9994840307517672,0.0,0.9996387656104861,1.0,0.0005159692482328053,1.0,0.0003612343895138817,0.0,0.9991231689704972,,,,-0.0004317242596766064,-0.0005159692482328282,-0.00036123438951385367,0.0,1.0005162356099324
D00467_06_fill_holes_and_orientation.obj,d00467,Ship,2,8,5,19373,7,19388,0.7791903990260273,0.7539810675056577,2,8,5,19373,0.2857142857142857,0.9995872246014138,0.2,0.9997419754360615,0.7142857142857143,0.00041277539858624424,0.8,0.0002580245639384869,0.13333333333333333,0.9993294821539096,0.23529411764705882,0.2127659574468085,0.26315789473684204,0.23871884564346754,0.2853015103156995,0.19974197543606143,692.1785714285714,0.7145806756089108
D00539_06_fill_holes_and_orientation.obj,d00539,Ship,0,10,7,19371,7,19388,0.5470635427718343,0.7506209637357177,0,10,7,19371,0.0,0.9994840307517672,0.0,0.9996387656104861,1.0,0.0005159692482328053,1.0,0.0003612343895138817,0.0,0.9991231689704972,,,,-0.0004317242596766064,-0.0005159692482328282,-0.00036123438951385367,0.0,1.0005162356099324
D00543_06_fill_holes_and_orientation.obj,d00543,Ship,1,9,5,19373,6,19388,0.4759422832928788,0.6929886294640393,1,9,5,19373,0.16666666666666666,0.9995356516355381,0.1,0.9997419754360615,0.8333333333333334,0.0004643483644618718,0.9,0.0002580245639384869,0.06666666666666667,0.9992779038580565,0.125,0.10869565217391304,0.14705882352941177,0.1287530486998851,0.16620231830220478,0.09974197543606156,358.9259259259259,0.8337204700700288
D00647_06_fill_holes_and_orientation.obj,d00647,Ship,5,5,2,19376,7,19388,1.4774393055839796,0.7878373902964068,5,5,2,19376,0.7142857142857143,0.9997420153758836,0.5,0.9998967901744246,0.2857142857142857,0.00025798462411640266,0.5,0.00010320982557539478,0.4166666666666667,0.9996389519290283,0.588235294117647,0.5319148936170213,0.6578947368421053,0.5974447004981838,0.714027729661598,0.4998967901744247,2768.714285714286,0.28578801462781644
D00771_06_fill_holes_and_orientation.obj,d00771,Ship,5,5,2,19376,7,19388,1.0683339338278293,0.7616120218579234,5,5,2,19376,0.7142857142857143,0.9997420153758836,0.5,0.9998967901744246,0.2857142857142857,0.00025798462411640266,0.5,0.00010320982557539478,0.4166666666666667,0.9996389519290283,0.588235294117647,0.5319148936170213,0.6578947368421053,0.5974447004981838,0.714027729661598,0.4998967901744247,2768.714285714286,0.28578801462781644
D00791_06_fill_holes_and_orientation.obj,d00791,Ship,3,7,4,19374,7,19388,0.7937556483300059,0.6730625931445604,3,7,4,19374,0.42857142857142855,0.9996388215262371,0.3,0.9997935803488492,0.5714285714285714,0.00036117847376296373,0.7,0.00020641965115078957,0.21428571428571427,0.9994326387456158,0.3529411764705882,0.3191489361702127,0.3947368421052631,0.3582941305950396,0.42821025009766567,0.2997935803488492,1186.5918367346937,0.5716350336975917
D00809_06_fill_holes_and_orientation.obj,d00809,Ship,2,8,5,19373,7,19388,0.5587897267683116,0.7168060385273499,2,8,5,19373,0.2857142857142857,0.9995872246014138,0.2,0.9997419754360615,0.7142857142857143,0.00041277539858624424,0.8,0.0002580245639384869,0.13333333333333333,0.9993294821539096,0.23529411764705882,0.2127659574468085,0.26315789473684204,0.23871884564346754,0.2853015103156995,0.19974197543606143,692.1785714285714,0.7145806756089108
D00837_06_fill_holes_and_orientation.obj,d00837,Ship,4,6,3,19375,7,19388,1.5150024457070062,0.7917287630402384,4,6,3,19375,0.5714285714285714,0.9996904184510603,0.4,0.9998451852616369,0.42857142857142855,0.00030958154893968317,0.6,0.00015481473836309216,0.3076923076923077,0.9995357953373221,0.47058823529411764,0.425531914893617,0.5263157894736841,0.4778694155466117,0.5711189898796318,0.3998451852616369,1845.8095238095239,0.4287041474654378
D00896_06_fill_holes_and_orientation.obj,d00896,Ship,1,9,6,19372,7,19388,0.2940726758067488,0.549628801677982,1,9,6,19372,0.14285714285714285,0.9995356276765904,0.1,0.9996903705232738,0.8571428571428571,0.0004643723234095248,0.9,0.0003096294767261843,0.0625,0.9992263255622035,0.11764705882352941,0.10638297872340426,0.13157894736842102,0.11914356069189547,0.14239277053373334,0.0996903705232739,307.6349206349206,0.857541075484499
D00907_06_fill_holes_and_orientation.obj,d00907,Ship,0,10,7,19371,7,19388,0.24398218912614542,0.5270257216978529,0,10,7,19371,0.0,0.9994840307517672,0.0,0.9996387656104861,1.0,0.0005159692482328053,1.0,0.0003612343895138817,0.0,0.9991231689704972,,,,-0.0004317242596766064,-0.0005159692482328282,-0.00036123438951385367,0.0,1.0005162356099324
D00935_06_fill_holes_and_orientation.obj,d00935,Ship,1,9,6,19372,7,19388,0.721653450061732,0.7569892918253573,1,9,6,19372,0.14285714285714285,0.9995356276765904,0.1,0.9996903705232738,0.8571428571428571,0.0004643723234095248,0.9,0.0003096294767261843,0.0625,0.9992263255622035,0.11764705882352941,0.10638297872340426,0.13157894736842102,0.11914356069189547,0.14239277053373334,0.0996903705232739,307.6349206349206,0.857541075484499
D00949_06_fill_holes_and_orientation.obj,d00949,Ship,2,8,5,19373,7,19388,0.6136713347667903,0.7285698515206712,2,8,5,19373,0.2857142857142857,0.9995872246014138,0.2,0.9997419754360615,0.7142857142857143,0.00041277539858624424,0.8,0.0002580245639384869,0.13333333333333333,0.9993294821539096,0.23529411764705882,0.2127659574468085,0.26315789473684204,0.23871884564346754,0.2853015103156995,0.19974197543606143,692.1785714285714,0.7145806756089108
m1427_06_fill_holes_and_orientation.obj,m1427,Ship,5,5,2,19376,7,19388,1.3551083305582263,0.7624399735055473,5,5,2,19376,0.7142857142857143,0.9997420153758836,0.5,0.9998967901744246,0.2857142857142857,0.00025798462411640266,0.5,0.00010320982557539478,0.4166666666666667,0.9996389519290283,0.588235294117647,0.5319148936170213,0.6578947368421053,0.5974447004981838,0.714027729661598,0.4998967901744247,2768.714285714286,0.28578801462781644
m1428_06_fill_holes_and_orientation.obj,m1428,Ship,5,5,2,19376,7,19388,1.6577723696385405,0.7817105481039907,5,5,2,19376,0.7142857142857143,0.9997420153758836,0.5,0.9998967901744246,0.2857142857142857,0.00025798462411640266,0.5,0.00010320982557539478,0.4166666666666667,0.9996389519290283,0.588235294117647,0.5319148936170213,0.6578947368421053,0.5974447004981838,0.714027729661598,0.4998967901744247,2768.714285714286,0.28578801462781644
m1429_06_fill_holes_and_orientation.obj,m1429,Ship,6,4,1,19377,7,19388,1.4784718054467374,0.7724581884417949,6,4,1,19377,0.8571428571428571,0.9997936123007068,0.6,0.9999483950872123,0.14285714285714285,0.00020638769929312212,0.4,5.160491278769739e-05,0.5454545454545454,0.9997421085207345,0.7058823529411764,0.6382978723404255,0.7894736842105262,0.7170199854497559,0.8569364694435639,0.5999483950872122,4153.071428571428,0.14288663290056694
m1430_06_fill_holes_and_orientation.obj,m1430,Ship,3,7,4,19374,7,19388,0.8944646636812142,0.7648065352983385,3,7,4,19374,0.42857142857142855,0.9996388215262371,0.3,0.9997935803488492,0.5714285714285714,0.00036117847376296373,0.7,0.00020641965115078957,0.21428571428571427,0.9994326387456158,0.3529411764705882,0.3191489361702127,0.3947368421052631,0.3582941305950396,0.42821025009766567,0.2997935803488492,1186.5918367346937,0.5716350336975917
m1431_06_fill_holes_and_orientation.obj,m1431,Ship,2,8,5,19373,7,19388,0.8315650155902384,0.7518076944306452,2,8,5,19373,0.2857142857142857,0.9995872246014138,0.2,0.9997419754360615,0.7142857142857143,0.00041277539858624424,0.8,0.0002580245639384869,0.13333333333333333,0.9993294821539096,0.23529411764705882,0.2127659574468085,0.26315789473684204,0.23871884564346754,0.2853015103156995,0.19974197543606143,692.1785714285714,0.7145806756089108
m1432_06_fill_holes_and_orientation.obj,m1432,Ship,2,8,5,19373,7,19388,0.9372959054363121,0.7676077717061323,2,8,5,19373,0.2857142857142857,0.9995872246014138,0.2,0.9997419754360615,0.7142857142857143,0.00041277539858624424,0.8,0.0002580245639384869,0.13333333333333333,0.9993294821539096,0.23529411764705882,0.2127659574468085,0.26315789473684204,0.23871884564346754,0.2853015103156995,0.19974197543606143,692.1785714285714,0.7145806756089108
m1433_06_fill_holes_and_orientation.obj,m1433,Ship,2,8,5,19373,7,19388,0.7953635175383488,0.7529737263343821,2,8,5,19373,0.2857142857142857,0.9995872246014138,0.2,0.9997419754360615,0.7142857142857143,0.00041277539858624424,0.8,0.0002580245639384869,0.13333333333333333,0.9993294821539096,0.23529411764705882,0.2127659574468085,0.26315789473684204,0.23871884564346754,0.2853015103156995,0.19974197543606143,692.1785714285714,0.7145806756089108
m1434_06_fill_holes_and_orientation.obj,m1434,Ship,0,10,7,19371,7,19388,0.27183710659617716,0.5850582325992162,0,10,7,19371,0.0,0.9994840307517672,0.0,0.9996387656104861,1.0,0.0005159692482328053,1.0,0.0003612343895138817,0.0,0.9991231689704972,,,,-0.0004317242596766064,-0.0005159692482328282,-0.00036123438951385367,0.0,1.0005162356099324
m1435_06_fill_holes_and_orientation.obj,m1435,Ship,4,6,3,19375,7,19388,0.8818101944736068,0.6883314014461555,4,6,3,19375,0.5714285714285714,0.9996904184510603,0.4,0.9998451852616369,0.42857142857142855,0.00030958154893968317,0.6,0.00015481473836309216,0.3076923076923077,0.9995357953373221,0.47058823529411764,0.425531914893617,0.5263157894736841,0.4778694155466117,0.5711189898796318,0.3998451852616369,1845.8095238095239,0.4287041474654378
m1436_06_fill_holes_and_orientation.obj,m1436,Ship,1,9,6,19372,7,19388,0.7652288213374245,0.7646271457746867,1,9,6,19372,0.14285714285714285,0.9995356276765904,0.1,0.9996903705232738,0.8571428571428571,0.0004643723234095248,0.9,0.0003096294767261843,0.0625,0.9992263255622035,0.11764705882352941,0.10638297872340426,0.13157894736842102,0.11914356069189547,0.14239277053373334,0.0996903705232739,307.6349206349206,0.857541075484499
m1437_06_fill_holes_and_orientation.obj,m1437,Ship,3,7,4,19374,7,19388,1.064130162979062,0.7681666390682784,3,7,4,19374,0.42857142857142855,0.9996388215262371,0.3,0.9997935803488492,0.5714285714285714,0.00036117847376296373,0.7,0.00020641965115078957,0.21428571428571427,0.9994326387456158,0.3529411764705882,0.3191489361702127,0.3947368421052631,0.3582941305950396,0.42821025009766567,0.2997935803488492,1186.5918367346937,0.5716350336975917
m1438_06_fill_holes_and_orientation.obj,m1438,Ship,0,10,7,19371,7,19388,0.41358672639644656,0.6891248551084617,0,10,7,19371,0.0,0.9994840307517672,0.0,0.9996387656104861,1.0,0.0005159692482328053,1.0,0.0003612343895138817,0.0,0.9991231689704972,,,,-0.0004317242596766064,-0.0005159692482328282,-0.00036123438951385367,0.0,1.0005162356099324
m1439_06_fill_holes_and_orientation.obj,m1439,Ship,4,6,3,19375,7,19388,0.9911637129339257,0.7447977038140973,4,6,3,19375,0.5714285714285714,0.9996904184510603,0.4,0.9998451852616369,0.42857142857142855,0.00030958154893968317,0.6,0.00015481473836309216,0.3076923076923077,0.9995357953373221,0.47058823529411764,0.425531914893617,0.5263157894736841,0.4778694155466117,0.5711189898796318,0.3998451852616369,1845.8095238095239,0.4287041474654378
m1440_06_fill_holes_and_orientation.obj,m1440,Ship,0,10,7,19371,7,19388,0.34167792626269183,0.6593392945851962,0,10,7,19371,0.0,0.9994840307517672,0.0,0.9996387656104861,1.0,0.0005159692482328053,1.0,0.0003612343895138817,0.0,0.9991231689704972,,,,-0.0004317242596766064,-0.0005159692482328282,-0.00036123438951385367,0.0,1.0005162356099324
m1441_06_fill_holes_and_orientation.obj,m1441,Ship,0,10,7,19371,7,19388,0.2816362860800759,0.5942346966937131,0,10,7,19371,0.0,0.9994840307517672,0.0,0.9996387656104861,1.0,0.0005159692482328053,1.0,0.0003612343895138817,0.0,0.9991231689704972,,,,-0.0004317242596766064,-0.0005159692482328282,-0.00036123438951385367,0.0,1.0005162356099324
m1442_06_fill_holes_and_orientation.obj,m1442,Ship,1,9,5,19373,6,19388,0.35797506875275015,0.6078269029088701,1,9,5,19373,0.16666666666666666,0.9995356516355381,0.1,0.9997419754360615,0.8333333333333334,0.0004643483644618718,0.9,0.0002580245639384869,0.06666666666666667,0.9992779038580565,0.125,0.10869565217391304,0.14705882352941177,0.1287530486998851,0.16620231830220478,0.09974197543606156,358.9259259259259,0.8337204700700288
m1444_06_fill_holes_and_orientation.obj,m1444,Ship,1,9,6,19372,7,19388,0.33803121726064694,0.6040390241209913,1,9,6,19372,0.14285714285714285,0.9995356276765904,0.1,0.9996903705232738,0.8571428571428571,0.0004643723234095248,0.9,0.0003096294767261843,0.0625,0.9992263255622035,0.11764705882352941,0.10638297872340426,0.13157894736842102,0.11914356069189547,0.14239277053373334,0.0996903705232739,307.6349206349206,0.857541075484499
m1446_06_fill_holes_and_orientation.obj,m1446,Ship,2,8,5,19373,7,19388,1.3610048983266982,0.7879270850582327,2,8,5,19373,0.2857142857142857,0.9995872246014138,0.2,0.9997419754360615,0.7142857142857143,0.00041277539858624424,0.8,0.0002580245639384869,0.13333333333333333,0.9993294821539096,0.23529411764705882,0.2127659574468085,0.26315789473684204,0.23871884564346754,0.2853015103156995,0.19974197543606143,692.1785714285714,0.7145806756089108
m1447_06_fill_holes_and_orientation.obj,m1447,Ship,0,10,7,19371,7,19388,0.41159928402780416,0.7206284153005464,0,10,7,19371,0.0,0.9994840307517672,0.0,0.9996387656104861,1.0,0.0005159692482328053,1.0,0.0003612343895138817,0.0,0.9991231689704972,,,,-0.0004317242596766064,-0.0005159692482328282,-0.00036123438951385367,0.0,1.0005162356099324
m1449_06_fill_holes_and_orientation.obj,m1449,Ship,0,10,7,19371,7,19388,0.18442356845415525,0.42521526742838217,0,10,7,19371,0.0,0.9994840307517672,0.0,0.9996387656104861,1.0,0.0005159692482328053,1.0,0.0003612343895138817,0.0,0.9991231689704972,,,,-0.0004317242596766064,-0.0005159692482328282,-0.00036123438951385367,0.0,1.0005162356099324
m1450_06_fill_holes_and_orientation.obj,m1450,Ship,0,10,7,19371,7,19388,0.2554736353466928,0.5665052160953801,0,10,7,19371,0.0,0.9994840307517672,0.0,0.9996387656104861,1.0,0.0005159692482328053,1.0,0.0003612343895138817,0.0,0.9991231689704972,,,,-0.0004317242596766064,-0.0005159692482328282,-0.00036123438951385367,0.0,1.0005162356099324
m1451_06_fill_holes_and_orientation.obj,m1451,Ship,0,10,7,19371,7,19388,0.23151076227546888,0.5600402936468509,0,10,7,19371,0.0,0.9994840307517672,0.0,0.9996387656104861,1.0,0.0005159692482328053,1.0,0.0003612343895138817,0.0,0.9991231689704972,,,,-0.0004317242596766064,-0.0005159692482328282,-0.00036123438951385367,0.0,1.0005162356099324
m1452_06_fill_holes_and_orientation.obj,m1452,Ship,0,10,7,19371,7,19388,0.383843163928018,0.6873654578572612,0,10,7,19371,0.0,0.9994840307517672,0.0,0.9996387656104861,1.0,0.0005159692482328053,1.0,0.0003612343895138817,0.0,0.9991231689704972,,,,-0.0004317242596766064,-0.0005159692482328282,-0.00036123438951385367,0.0,1.0005162356099324
m1453_06_fill_holes_and_orientation.obj,m1453,Ship,0,10,6,19372,6,19388,0.24507299043839112,0.43931114422917705,0,10,6,19372,0.0,0.9994840573728201,0.0,0.9996903705232738,1.0,0.0005159426271798576,1.0,0.0003096294767261843,0.0,0.9991747472663504,,,,-0.00039968868594749107,-0.0005159426271799106,-0.000309629476726192,0.0,1.0005162089613877
m1454_06_fill_holes_and_orientation.obj,m1454,Ship,0,10,7,19371,7,19388,0.18875810572830298,0.4217378705083623,0,10,7,19371,0.0,0.9994840307517672,0.0,0.9996387656104861,1.0,0.0005159692482328053,1.0,0.0003612343895138817,0.0,0.9991231689704972,,,,-0.0004317242596766064,-0.0005159692482328282,-0.00036123438951385367,0.0,1.0005162356099324
m1455_06_fill_holes_and_orientation.obj,m1455,Ship,0,10,7,19371,7,19388,0.2272781401620327,0.4912858089087598,0,10,7,19371,0.0,0.9994840307517672,0.0,0.9996387656104861,1.0,0.0005159692482328053,1.0,0.0003612343895138817,0.0,0.9991231689704972,,,,-0.0004317242596766064,-0.0005159692482328282,-0.00036123438951385367,0.0,1.0005162356099324
m1456_06_fill_holes_and_orientation.obj,m1456,Ship,0,10,7,19371,7,19388,0.1457885325534607,0.3135176905668709,0,10,7,19371,0.0,0.9994840307517672,0.0,0.9996387656104861,1.0,0.0005159692482328053,1.0,0.0003612343895138817,0.0,0.9991231689704972,,,,-0.0004317242596766064,-0.0005159692482328282,-0.00036123438951385367,0.0,1.0005162356099324
m1457_06_fill_holes_and_orientation.obj,m1457,Ship,0,10,7,19371,7,19388,0.22532843935388283,0.4819437544847381,0,10,7,19371,0.0,0.9994840307517672,0.0,0.9996387656104861,1.0,0.0005159692482328053,1.0,0.0003612343895138817,0.0,0.9991231689704972,,,,-0.0004317242596766064,-0.0005159692482328282,-0.00036123438951385367,0.0,1.0005162356099324
m1458_06_fill_holes_and_orientation.obj,m1458,Ship,0,10,7,19371,7,19388,0.17523733213131262,0.37641441739802395,0,10,7,19371,0.0,0.9994840307517672,0.0,0.9996387656104861,1.0,0.0005159692482328053,1.0,0.0003612343895138817,0.0,0.9991231689704972,,,,-0.0004317242596766064,-0.0005159692482328282,-0.00036123438951385367,0.0,1.0005162356099324
m1459_06_fill_holes_and_orientation.obj,m1459,Ship,1,9,6,19372,7,19388,0.23204722912262782,0.4326461334658056,1,9,6,19372,0.14285714285714285,0.9995356276765904,0.1,0.9996903705232738,0.8571428571428571,0.0004643723234095248,0.9,0.0003096294767261843,0.0625,0.9992263255622035,0.11764705882352941,0.10638297872340426,0.13157894736842102,0.11914356069189547,0.14239277053373334,0.0996903705232739,307.6349206349206,0.857541075484499
m1460_06_fill_holes_and_orientation.obj,m1460,Ship,0,10,7,19371,7,19388,0.17735189534053228,0.38603935530165034,0,10,7,19371,0.0,0.9994840307517672,0.0,0.9996387656104861,1.0,0.0005159692482328053,1.0,0.0003612343895138817,0.0,0.9991231689704972,,,,-0.0004317242596766064,-0.0005159692482328282,-0.00036123438951385367,0.0,1.0005162356099324
m1461_06_fill_holes_and_orientation.obj,m1461,Ship,0,10,7,19371,7,19388,0.214139361573103,0.44477562510349394,0,10,7,19371,0.0,0.9994840307517672,0.0,0.9996387656104861,1.0,0.0005159692482328053,1.0,0.0003612343895138817,0.0,0.9991231689704972,,,,-0.0004317242596766064,-0.0005159692482328282,-0.00036123438951385367,0.0,1.0005162356099324
m1462_06_fill_holes_and_orientation.obj,m1462,Ship,0,10,7,19371,7,19388,0.17014944261235732,0.3769111883865982,0,10,7,19371,0.0,0.9994840307517672,0.0,0.9996387656104861,1.0,0.0005159692482328053,1.0,0.0003612343895138817,0.0,0.9991231689704972,,,,-0.0004317242596766064,-0.0005159692482328282,-0.00036123438951385367,0.0,1.0005162356099324
m1463_06_fill_holes_and_orientation.obj,m1463,Ship,1,9,6,19372,7,19388,0.80313315705356,0.7537602803996246,1,9,6,19372,0.14285714285714285,0.9995356276765904,0.1,0.9996903705232738,0.8571428571428571,0.0004643723234095248,0.9,0.0003096294767261843,0.0625,0.9992263255622035,0.11764705882352941,0.10638297872340426,0.13157894736842102,0.11914356069189547,0.14239277053373334,0.0996903705232739,307.6349206349206,0.857541075484499
m1464_06_fill_holes_and_orientation.obj,m1464,Ship,0,10,7,19371,7,19388,0.6070103711602156,0.7713266545233759,0,10,7,19371,0.0,0.9994840307517672,0.0,0.9996387656104861,1.0,0.0005159692482328053,1.0,0.0003612343895138817,0.0,0.9991231689704972,,,,-0.0004317242596766064,-0.0005159692482328282,-0.00036123438951385367,0.0,1.0005162356099324
m1465_06_fill_holes_and_orientation.obj,m1465,Ship,1,9,5,19373,6,19388,0.7244962288751862,0.7509659435888945,1,9,5,19373,0.16666666666666666,0.9995356516355381,0.1,0.9997419754360615,0.8333333333333334,0.0004643483644618718,0.9,0.0002580245639384869,0.06666666666666667,0.9992779038580565,0.125,0.10869565217391304,0.14705882352941177,0.1287530486998851,0.16620231830220478,0.09974197543606156,358.9259259259259,0.8337204700700288
m1466_06_fill_holes_and_orientation.obj,m1466,Ship,0,10,7,19371,7,19388,0.6883352282002294,0.7661588563227908,0,10,7,19371,0.0,0.9994840307517672,0.0,0.9996387656104861,1.0,0.0005159692482328053,1.0,0.0003612343895138817,0.0,0.9991231689704972,,,,-0.0004317242596766064,-0.0005159692482328282,-0.00036123438951385367,0.0,1.0005162356099324
m1467_06_fill_holes_and_orientation.obj,m1467,Ship,4,6,3,19375,7,19388,1.1027681322076874,0.7542846497764529,4,6,3,19375,0.5714285714285714,0.9996904184510603,0.4,0.9998451852616369,0.42857142857142855,0.00030958154893968317,0.6,0.00015481473836309216,0.3076923076923077,0.9995357953373221,0.47058823529411764,0.425531914893617,0.5263157894736841,0.4778694155466117,0.5711189898796318,0.3998451852616369,1845.8095238095239,0.4287041474654378
m1468_06_fill_holes_and_orientation.obj,m1468,Ship,2,8,5,19373,7,19388,0.678408450005751,0.7628953469117403,2,8,5,19373,0.2857142857142857,0.9995872246014138,0.2,0.9997419754360615,0.7142857142857143,0.00041277539858624424,0.8,0.0002580245639384869,0.13333333333333333,0.9993294821539096,0.23529411764705882,0.2127659574468085,0.26315789473684204,0.23871884564346754,0.2853015103156995,0.19974197543606143,692.1785714285714,0.7145806756089108
m1469_06_fill_holes_and_orientation.obj,m1469,Ship,1,9,6,19372,7,19388,0.3961504982054043,0.7078089639565049,1,9,6,19372,0.14285714285714285,0.9995356276765904,0.1,0.9996903705232738,0.8571428571428571,0.0004643723234095248,0.9,0.0003096294767261843,0.0625,0.9992263255622035,0.11764705882352941,0.10638297872340426,0.13157894736842102,0.11914356069189547,0.14239277053373334,0.0996903705232739,307.6349206349206,0.857541075484499
m1470_06_fill_holes_and_orientation.obj,m1470,Ship,1,9,6,19372,7,19388,0.820246540550904,0.7544433405089142,1,9,6,19372,0.14285714285714285,0.9995356276765904,0.1,0.9996903705232738,0.8571428571428571,0.0004643723234095248,0.9,0.0003096294767261843,0.0625,0.9992263255622035,0.11764705882352941,0.10638297872340426,0.13157894736842102,0.11914356069189547,0.14239277053373334,0.0996903705232739,307.6349206349206,0.857541075484499
m1471_06_fill_holes_and_orientation.obj,m1471,Ship,0,10,7,19371,7,19388,0.17877839662424116,0.41525914886570625,0,10,7,19371,0.0,0.9994840307517672,0.0,0.9996387656104861,1.0,0.0005159692482328053,1.0,0.0003612343895138817,0.0,0.9991231689704972,,,,-0.0004317242596766064,-0.0005159692482328282,-0.00036123438951385367,0.0,1.0005162356099324
m1676_06_fill_holes_and_orientation.obj,m1676,Sign,0,10,7,19371,7,19388,0.01933722446089305,0.6950391107451626,0,10,7,19371,0.0,0.9994840307517672,0.0,0.9996387656104861,1.0,0.0005159692482328053,1.0,0.0003612343895138817,0.0,0.9991231689704972,,,,-0.0004317242596766064,-0.0005159692482328282,-0.00036123438951385367,0.0,1.0005162356099324
m1678_06_fill_holes_and_orientation.obj,m1678,Sign,1,9,6,19372,7,19388,0.08700987784027989,0.6802181967888019,1,9,6,19372,0.14285714285714285,0.9995356276765904,0.1,0.9996903705232738,0.8571428571428571,0.0004643723234095248,0.9,0.0003096294767261843,0.0625,0.9992263255622035,0.11764705882352941,0.10638297872340426,0.13157894736842102,0.11914356069189547,0.14239277053373334,0.0996903705232739,307.6349206349206,0.857541075484499
m1679_06_fill_holes_and_orientation.obj,m1679,Sign,0,10,7,19371,7,19388,0.012036793814743582,0.6460992177850968,0,10,7,19371,0.0,0.9994840307517672,0.0,0.9996387656104861,1.0,0.0005159692482328053,1.0,0.0003612343895138817,0.0,0.9991231689704972,,,,-0.0004317242596766064,-0.0005159692482328282,-0.00036123438951385367,0.0,1.0005162356099324
m1680_06_fill_holes_and_orientation.obj,m1680,Sign,0,10,7,19371,7,19388,0.007318291170722908,0.6201626183614657,0,10,7,19371,0.0,0.9994840307517672,0.0,0.9996387656104861,1.0,0.0005159692482328053,1.0,0.0003612343895138817,0.0,0.9991231689704972,,,,-0.0004317242596766064,-0.0005159692482328282,-0.00036123438951385367,0.0,1.0005162356099324
m1681_06_fill_holes_and_orientation.obj,m1681,Sign,0,10,7,19371,7,19388,0.018565180801525638,0.6352408398517909,0,10,7,19371,0.0,0.9994840307517672,0.0,0.9996387656104861,1.0,0.0005159692482328053,1.0,0.0003612343895138817,0.0,0.9991231689704972,,,,-0.0004317242596766064,-0.0005159692482328282,-0.00036123438951385367,0.0,1.0005162356099324
m1682_06_fill_holes_and_orientation.obj,m1682,Sign,2,8,5,19373,7,19388,0.17675227459728735,0.331875257307534,2,8,5,19373,0.2857142857142857,0.9995872246014138,0.2,0.9997419754360615,0.7142857142857143,0.00041277539858624424,0.8,0.0002580245639384869,0.13333333333333333,0.9993294821539096,0.23529411764705882,0.2127659574468085,0.26315789473684204,0.23871884564346754,0.2853015103156995,0.19974197543606143,692.1785714285714,0.7145806756089108
m1683_06_fill_holes_and_orientation.obj,m1683,Sign,1,9,6,19372,7,19388,0.1500660446116361,0.34726224783861676,1,9,6,19372,0.14285714285714285,0.9995356276765904,0.1,0.9996903705232738,0.8571428571428571,0.0004643723234095248,0.9,0.0003096294767261843,0.0625,0.9992263255622035,0.11764705882352941,0.10638297872340426,0.13157894736842102,0.11914356069189547,0.14239277053373334,0.0996903705232739,307.6349206349206,0.857541075484499
m1684_06_fill_holes_and_orientation.obj,m1684,Sign,0,10,7,19371,7,19388,0.002381769103780539,0.16766158913132975,0,10,7,19371,0.0,0.9994840307517672,0.0,0.9996387656104861,1.0,0.0005159692482328053,1.0,0.0003612343895138817,0.0,0.9991231689704972,,,,-0.0004317242596766064,-0.0005159692482328282,-0.00036123438951385367,0.0,1.0005162356099324
m1685_06_fill_holes_and_orientation.obj,m1685,Sign,0,10,7,19371,7,19388,0.0036308592718358483,0.29770481679703575,0,10,7,19371,0.0,0.9994840307517672,0.0,0.9996387656104861,1.0,0.0005159692482328053,1.0,0.0003612343895138817,0.0,0.9991231689704972,,,,-0.0004317242596766064,-0.0005159692482328282,-0.00036123438951385367,0.0,1.0005162356099324
D00006_06_fill_holes_and_orientation.obj,d00006,Skyscraper,2,8,5,19373,7,19388,0.344344794046206,0.7783509642592834,2,8,5,19373,0.2857142857142857,0.9995872246014138,0.2,0.9997419754360615,0.7142857142857143,0.00041277539858624424,0.8,0.0002580245639384869,0.13333333333333333,0.9993294821539096,0.23529411764705882,0.2127659574468085,0.26315789473684204,0.23871884564346754,0.2853015103156995,0.19974197543606143,692.1785714285714,0.7145806756089108
D00058_06_fill_holes_and_orientation.obj,d00058,Skyscraper,1,9,6,19372,7,19388,0.2773700345567001,0.6903704671107048,1,9,6,19372,0.14285714285714285,0.9995356276765904,0.1,0.9996903705232738,0.8571428571428571,0.0004643723234095248,0.9,0.0003096294767261843,0.0625,0.9992263255622035,0.11764705882352941,0.10638297872340426,0.13157894736842102,0.11914356069189547,0.14239277053373334,0.0996903705232739,307.6349206349206,0.857541075484499
D00059_06_fill_holes_and_orientation.obj,d00059,Skyscraper,1,9,6,19372,7,19388,0.08504229532409102,0.279896391101824,1,9,6,19372,0.14285714285714285,0.9995356276765904,0.1,0.9996903705232738,0.8571428571428571,0.0004643723234095248,0.9,0.0003096294767261843,0.0625,0.9992263255622035,0.11764705882352941,0.10638297872340426,0.13157894736842102,0.11914356069189547,0.14239277053373334,0.0996903705232739,307.6349206349206,0.857541075484499
D00105_06_fill_holes_and_orientation.obj,d00105,Skyscraper,1,9,6,19372,7,19388,0.16119405364342004,0.4406207827260459,1,9,6,19372,0.14285714285714285,0.9995356276765904,0.1,0.9996903705232738,0.8571428571428571,0.0004643723234095248,0.9,0.0003096294767261843,0.0625,0.9992263255622035,0.11764705882352941,0.10638297872340426,0.13157894736842102,0.11914356069189547,0.14239277053373334,0.0996903705232739,307.6349206349206,0.857541075484499
D00125_06_fill_holes_and_orientation.obj,d00125,Skyscraper,1,9,6,19372,7,19388,0.16180063683635293,0.45537852074354623,1,9,6,19372,0.14285714285714285,0.9995356276765904,0.1,0.9996903705232738,0.8571428571428571,0.0004643723234095248,0.9,0.0003096294767261843,0.0625,0.9992263255622035,0.11764705882352941,0.10638297872340426,0.13157894736842102,0.11914356069189547,0.14239277053373334,0.0996903705232739,307.6349206349206,0.857541075484499
D00126_06_fill_holes_and_orientation.obj,d00126,Skyscraper,3,7,4,19374,7,19388,0.4985374761062669,0.7700143659396631,3,7,4,19374,0.42857142857142855,0.9996388215262371,0.3,0.9997935803488492,0.5714285714285714,0.00036117847376296373,0.7,0.00020641965115078957,0.21428571428571427,0.9994326387456158,0.3529411764705882,0.3191489361702127,0.3947368421052631,0.3582941305950396,0.42821025009766567,0.2997935803488492,1186.5918367346937,0.5716350336975917
D00130_06_fill_holes_and_orientation.obj,d00130,Skyscraper,0,10,7,19371,7,19388,0.02210925685386936,0.46872143136998823,0,10,7,19371,0.0,0.9994840307517672,0.0,0.9996387656104861,1.0,0.0005159692482328053,1.0,0.0003612343895138817,0.0,0.9991231689704972,,,,-0.0004317242596766064,-0.0005159692482328282,-0.00036123438951385367,0.0,1.0005162356099324
D00259_06_fill_holes_and_orientation.obj,d00259,Skyscraper,1,9,6,19372,7,19388,0.0864037077708353,0.7081102259370511,1,9,6,19372,0.14285714285714285,0.9995356276765904,0.1,0.9996903705232738,0.8571428571428571,0.0004643723234095248,0.9,0.0003096294767261843,0.0625,0.9992263255622035,0.11764705882352941,0.10638297872340426,0.13157894736842102,0.11914356069189547,0.14239277053373334,0.0996903705232739,307.6349206349206,0.857541075484499
D00300_06_fill_holes_and_orientation.obj,d00300,Skyscraper,1,9,6,19372,7,19388,0.05906491905121774,0.5130599451482304,1,9,6,19372,0.14285714285714285,0.9995356276765904,0.1,0.9996903705232738,0.8571428571428571,0.0004643723234095248,0.9,0.0003096294767261843,0.0625,0.9992263255622035,0.11764705882352941,0.10638297872340426,0.13157894736842102,0.11914356069189547,0.14239277053373334,0.0996903705232739,307.6349206349206,0.857541075484499
D00520_06_fill_holes_and_orientation.obj,d00520,Skyscraper,1,9,6,19372,7,19388,0.2753359033202929,0.6982499673501372,1,9,6,19372,0.14285714285714285,0.9995356276765904,0.1,0.9996903705232738,0.8571428571428571,0.0004643723234095248,0.9,0.0003096294767261843,0.0625,0.9992263255622035,0.11764705882352941,0.10638297872340426,0.13157894736842102,0.11914356069189547,0.14239277053373334,0.0996903705232739,307.6349206349206,0.857541075484499
D00532_06_fill_holes_and_orientation.obj,d00532,Skyscraper,0,10,7,19371,7,19388,0.031455078243768746,0.4037482042575421,0,10,7,19371,0.0,0.9994840307517672,0.0,0.9996387656104861,1.0,0.0005159692482328053,1.0,0.0003612343895138817,0.0,0.9991231689704972,,,,-0.0004317242596766064,-0.0005159692482328282,-0.00036123438951385367,0.0,1.0005162356099324
D00584_06_fill_holes_and_orientation.obj,d00584,Skyscraper,1,9,6,19372,7,19388,0.09538528827888869,0.6195855644072962,1,9,6,19372,0.14285714285714285,0.9995356276765904,0.1,0.9996903705232738,0.8571428571428571,0.0004643723234095248,0.9,0.0003096294767261843,0.0625,0.9992263255622035,0.11764705882352941,0.10638297872340426,0.13157894736842102,0.11914356069189547,0.14239277053373334,0.0996903705232739,307.6349206349206,0.857541075484499
D00589_06_fill_holes_and_orientation.obj,d00589,Skyscraper,2,8,5,19373,7,19388,0.17917350555713749,0.558486787688825,2,8,5,19373,0.2857142857142857,0.9995872246014138,0.2,0.9997419754360615,0.7142857142857143,0.00041277539858624424,0.8,0.0002580245639384869,0.13333333333333333,0.9993294821539096,0.23529411764705882,0.2127659574468085,0.26315789473684204,0.23871884564346754,0.2853015103156995,0.19974197543606143,692.1785714285714,0.7145806756089108
D00641_06_fill_holes_and_orientation.obj,d00641,Skyscraper,0,10,7,19371,7,19388,0.0346721042692638,0.5272735187845545,0,10,7,19371,0.0,0.9994840307517672,0.0,0.9996387656104861,1.0,0.0005159692482328053,1.0,0.0003612343895138817,0.0,0.9991231689704972,,,,-0.0004317242596766064,-0.0005159692482328282,-0.00036123438951385367,0.0,1.0005162356099324
D00664_06_fill_holes_and_orientation.obj,d00664,Skyscraper,0,10,7,19371,7,19388,0.07915219109703855,0.6120325627965696,0,10,7,19371,0.0,0.9994840307517672,0.0,0.9996387656104861,1.0,0.0005159692482328053,1.0,0.0003612343895138817,0.0,0.9991231689704972,,,,-0.0004317242596766064,-0.0005159692482328282,-0.00036123438951385367,0.0,1.0005162356099324
D00729_06_fill_holes_and_orientation.obj,d00729,Skyscraper,0,10,7,19371,7,19388,0.03885364223521925,0.5287536459013539,0,10,7,19371,0.0,0.9994840307517672,0.0,0.9996387656104861,1.0,0.0005159692482328053,1.0,0.0003612343895138817,0.0,0.9991231689704972,,,,-0.0004317242596766064,-0.0005159692482328282,-0.00036123438951385367,0.0,1.0005162356099324
D00822_06_fill_holes_and_orientation.obj,d00822,Skyscraper,0,10,6,19372,6,19388,0.02026197251121455,0.3883592355578773,0,10,6,19372,0.0,0.9994840573728201,0.0,0.9996903705232738,1.0,0.0005159426271798576,1.0,0.0003096294767261843,0.0,0.9991747472663504,,,,-0.00039968868594749107,-0.0005159426271799106,-0.000309629476726192,0.0,1.0005162089613877
D00870_06_fill_holes_and_orientation.obj,d00870,Skyscraper,3,7,4,19374,7,19388,0.37367156266990037,0.7884071220234208,3,7,4,19374,0.42857142857142855,0.9996388215262371,0.3,0.9997935803488492,0.5714285714285714,0.00036117847376296373,0.7,0.00020641965115078957,0.21428571428571427,0.9994326387456158,0.3529411764705882,0.3191489361702127,0.3947368421052631,0.3582941305950396,0.42821025009766567,0.2997935803488492,1186.5918367346937,0.5716350336975917
D00872_06_fill_holes_and_orientation.obj,d00872,Skyscraper,1,9,6,19372,7,19388,0.12005487371030073,0.585107309215968,1,9,6,19372,0.14285714285714285,0.9995356276765904,0.1,0.9996903705232738,0.8571428571428571,0.0004643723234095248,0.9,0.0003096294767261843,0.0625,0.9992263255622035,0.11764705882352941,0.10638297872340426,0.13157894736842102,0.11914356069189547,0.14239277053373334,0.0996903705232739,307.6349206349206,0.857541075484499
D00998_06_fill_holes_and_orientation.obj,d00998,Skyscraper,1,9,6,19372,7,19388,0.08514755865653187,0.5341082234121284,1,9,6,19372,0.14285714285714285,0.9995356276765904,0.1,0.9996903705232738,0.8571428571428571,0.0004643723234095248,0.9,0.0003096294767261843,0.0625,0.9992263255622035,0.11764705882352941,0.10638297872340426,0.13157894736842102,0.11914356069189547,0.14239277053373334,0.0996903705232739,307.6349206349206,0.857541075484499
D00014_06_fill_holes_and_orientation.obj,d00014,Spoon,2,8,5,19373,7,19388,0.29637937351900423,0.8398557714390702,2,8,5,19373,0.2857142857142857,0.9995872246014138,0.2,0.9997419754360615,0.7142857142857143,0.00041277539858624424,0.8,0.0002580245639384869,0.13333333333333333,0.9993294821539096,0.23529411764705882,0.2127659574468085,0.26315789473684204,0.23871884564346754,0.2853015103156995,0.19974197543606143,692.1785714285714,0.7145806756089108
D00085_06_fill_holes_and_orientation.obj,d00085,Spoon,2,8,5,19373,7,19388,0.40330204477063114,0.8310137338661522,2,8,5,19373,0.2857142857142857,0.9995872246014138,0.2,0.9997419754360615,0.7142857142857143,0.00041277539858624424,0.8,0.0002580245639384869,0.13333333333333333,0.9993294821539096,0.23529411764705882,0.2127659574468085,0.26315789473684204,0.23871884564346754,0.2853015103156995,0.19974197543606143,692.1785714285714,0.7145806756089108
D00144_06_fill_holes_and_orientation.obj,d00144,Spoon,2,8,5,19373,7,19388,0.24293707368240636,0.8749483257544439,2,8,5,19373,0.2857142857142857,0.9995872246014138,0.2,0.9997419754360615,0.7142857142857143,0.00041277539858624424,0.8,0.0002580245639384869,0.13333333333333333,0.9993294821539096,0.23529411764705882,0.2127659574468085,0.26315789473684204,0.23871884564346754,0.2853015103156995,0.19974197543606143,692.1785714285714,0.7145806756089108
D00157_06_fill_holes_and_orientation.obj,d00157,Spoon,0,10,7,19371,7,19388,0.08650786408643418,0.8410270543383399,0,10,7,19371,0.0,0.9994840307517672,0.0,0.9996387656104861,1.0,0.0005159692482328053,1.0,0.0003612343895138817,0.0,0.9991231689704972,,,,-0.0004317242596766064,-0.0005159692482328282,-0.00036123438951385367,0.0,1.0005162356099324
D00196_06_fill_holes_and_orientation.obj,d00196,Spoon,3,7,4,19374,7,19388,0.2752959577958156,0.8655780625602866,3,7,4,19374,0.42857142857142855,0.9996388215262371,0.3,0.9997935803488492,0.5714285714285714,0.00036117847376296373,0.7,0.00020641965115078957,0.21428571428571427,0.9994326387456158,0.3529411764705882,0.3191489361702127,0.3947368421052631,0.3582941305950396,0.42821025009766567,0.2997935803488492,1186.5918367346937,0.5716350336975917
D00338_06_fill_holes_and_orientation.obj,d00338,Spoon,0,10,7,19371,7,19388,0.0453752098525176,0.6571126728216434,0,10,7,19371,0.0,0.9994840307517672,0.0,0.9996387656104861,1.0,0.0005159692482328053,1.0,0.0003612343895138817,0.0,0.9991231689704972,,,,-0.0004317242596766064,-0.0005159692482328282,-0.00036123438951385367,0.0,1.0005162356099324
D00422_06_fill_holes_and_orientation.obj,d00422,Spoon,0,10,7,19371,7,19388,0.026867849811430384,0.5169950852050893,0,10,7,19371,0.0,0.9994840307517672,0.0,0.9996387656104861,1.0,0.0005159692482328053,1.0,0.0003612343895138817,0.0,0.9991231689704972,,,,-0.0004317242596766064,-0.0005159692482328282,-0.00036123438951385367,0.0,1.0005162356099324
D00474_06_fill_holes_and_orientation.obj,d00474,Spoon,0,10,7,19371,7,19388,0.061108664847203224,0.7806945018602728,0,10,7,19371,0.0,0.9994840307517672,0.0,0.9996387656104861,1.0,0.0005159692482328053,1.0,0.0003612343895138817,0.0,0.9991231689704972,,,,-0.0004317242596766064,-0.0005159692482328282,-0.00036123438951385367,0.0,1.0005162356099324
D00497_06_fill_holes_and_orientation.obj,d00497,Spoon,0,10,7,19371,7,19388,0.07360364863708639,0.7299389095585871,0,10,7,19371,0.0,0.9994840307517672,0.0,0.9996387656104861,1.0,0.0005159692482328053,1.0,0.0003612343895138817,0.0,0.9991231689704972,,,,-0.0004317242596766064,-0.0005159692482328282,-0.00036123438951385367,0.0,1.0005162356099324
D00517_06_fill_holes_and_orientation.obj,d00517,Spoon,0,10,7,19371,7,19388,0.03316299323075532,0.5468283496394286,0,10,7,19371,0.0,0.9994840307517672,0.0,0.9996387656104861,1.0,0.0005159692482328053,1.0,0.0003612343895138817,0.0,0.9991231689704972,,,,-0.0004317242596766064,-0.0005159692482328282,-0.00036123438951385367,0.0,1.0005162356099324
D00562_06_fill_holes_and_orientation.obj,d00562,Spoon,1,9,6,19372,7,19388,0.08161819431618367,0.7676266593174406,1,9,6,19372,0.14285714285714285,0.9995356276765904,0.1,0.9996903705232738,0.8571428571428571,0.0004643723234095248,0.9,0.0003096294767261843,0.0625,0.9992263255622035,0.11764705882352941,0.10638297872340426,0.13157894736842102,0.11914356069189547,0.14239277053373334,0.0996903705232739,307.6349206349206,0.857541075484499
D00593_06_fill_holes_and_orientation.obj,d00593,Spoon,0,10,7,19371,7,19388,0.12405237668534276,0.8681502916724082,0,10,7,19371,0.0,0.9994840307517672,0.0,0.9996387656104861,1.0,0.0005159692482328053,1.0,0.0003612343895138817,0.0,0.9991231689704972,,,,-0.0004317242596766064,-0.0005159692482328282,-0.00036123438951385367,0.0,1.0005162356099324
D00661_06_fill_holes_and_orientation.obj,d00661,Spoon,1,9,6,19372,7,19388,0.1309465087431332,0.832093151439989,1,9,6,19372,0.14285714285714285,0.9995356276765904,0.1,0.9996903705232738,0.8571428571428571,0.0004643723234095248,0.9,0.0003096294767261843,0.0625,0.9992263255622035,0.11764705882352941,0.10638297872340426,0.13157894736842102,0.11914356069189547,0.14239277053373334,0.0996903705232739,307.6349206349206,0.857541075484499
D00669_06_fill_holes_and_orientation.obj,d00669,Spoon,0,10,7,19371,7,19388,0.012394083131772995,0.25951954434798585,0,10,7,19371,0.0,0.9994840307517672,0.0,0.9996387656104861,1.0,0.0005159692482328053,1.0,0.0003612343895138817,0.0,0.9991231689704972,,,,-0.0004317242596766064,-0.0005159692482328282,-0.00036123438951385367,0.0,1.0005162356099324
D00683_06_fill_holes_and_orientation.obj,d00683,Spoon,0,10,7,19371,7,19388,0.035485043251373465,0.6545404437095218,0,10,7,19371,0.0,0.9994840307517672,0.0,0.9996387656104861,1.0,0.0005159692482328053,1.0,0.0003612343895138817,0.0,0.9991231689704972,,,,-0.0004317242596766064,-0.0005159692482328282,-0.00036123438951385367,0.0,1.0005162356099324
D00790_06_fill_holes_and_orientation.obj,d00790,Spoon,0,10,7,19371,7,19388,0.03440100938122934,0.6318497083275918,0,10,7,19371,0.0,0.9994840307517672,0.0,0.9996387656104861,1.0,0.0005159692482328053,1.0,0.0003612343895138817,0.0,0.9991231689704972,,,,-0.0004317242596766064,-0.0005159692482328282,-0.00036123438951385367,0.0,1.0005162356099324
D00842_06_fill_holes_and_orientation.obj,d00842,Spoon,3,7,4,19374,7,19388,0.38294780045945487,0.8777502181801479,3,7,4,19374,0.42857142857142855,0.9996388215262371,0.3,0.9997935803488492,0.5714285714285714,0.00036117847376296373,0.7,0.00020641965115078957,0.21428571428571427,0.9994326387456158,0.3529411764705882,0.3191489361702127,0.3947368421052631,0.3582941305950396,0.42821025009766567,0.2997935803488492,1186.5918367346937,0.5716350336975917
D00927_06_fill_holes_and_orientation.obj,d00927,Spoon,2,8,5,19373,7,19388,0.29851842311331034,0.8430940241605805,2,8,5,19373,0.2857142857142857,0.9995872246014138,0.2,0.9997419754360615,0.7142857142857143,0.00041277539858624424,0.8,0.0002580245639384869,0.13333333333333333,0.9993294821539096,0.23529411764705882,0.2127659574468085,0.26315789473684204,0.23871884564346754,0.2853015103156995,0.19974197543606143,692.1785714285714,0.7145806756089108
D00964_06_fill_holes_and_orientation.obj,d00964,Spoon,2,8,5,19373,7,19388,0.3350163060049865,0.8571723852831747,2,8,5,19373,0.2857142857142857,0.9995872246014138,0.2,0.9997419754360615,0.7142857142857143,0.00041277539858624424,0.8,0.0002580245639384869,0.13333333333333333,0.9993294821539096,0.23529411764705882,0.2127659574468085,0.26315789473684204,0.23871884564346754,0.2853015103156995,0.19974197543606143,692.1785714285714,0.7145806756089108
m1353_06_fill_holes_and_orientation.obj,m1353,Starship,1,9,6,19372,7,19388,0.3002989495255502,0.7162304389973688,1,9,6,19372,0.14285714285714285,0.9995356276765904,0.1,0.9996903705232738,0.8571428571428571,0.0004643723234095248,0.9,0.0003096294767261843,0.0625,0.9992263255622035,0.11764705882352941,0.10638297872340426,0.13157894736842102,0.11914356069189547,0.14239277053373334,0.0996903705232739,307.6349206349206,0.857541075484499
m1354_06_fill_holes_and_orientation.obj,m1354,Starship,1,9,6,19372,7,19388,0.201723043385033,0.6819000138484974,1,9,6,19372,0.14285714285714285,0.9995356276765904,0.1,0.9996903705232738,0.8571428571428571,0.0004643723234095248,0.9,0.0003096294767261843,0.0625,0.9992263255622035,0.11764705882352941,0.10638297872340426,0.13157894736842102,0.11914356069189547,0.14239277053373334,0.0996903705232739,307.6349206349206,0.857541075484499
m1355_06_fill_holes_and_orientation.obj,m1355,Starship,1,9,5,19373,6,19388,0.17027663258054868,0.6135299819969533,1,9,5,19373,0.16666666666666666,0.9995356516355381,0.1,0.9997419754360615,0.8333333333333334,0.0004643483644618718,0.9,0.0002580245639384869,0.06666666666666667,0.9992779038580565,0.125,0.10869565217391304,0.14705882352941177,0.1287530486998851,0.16620231830220478,0.09974197543606156,358.9259259259259,0.8337204700700288
m1356_06_fill_holes_and_orientation.obj,m1356,Starship,2,8,5,19373,7,19388,0.49395891693101895,0.7294696025481235,2,8,5,19373,0.2857142857142857,0.9995872246014138,0.2,0.9997419754360615,0.7142857142857143,0.00041277539858624424,0.8,0.0002580245639384869,0.13333333333333333,0.9993294821539096,0.23529411764705882,0.2127659574468085,0.26315789473684204,0.23871884564346754,0.2853015103156995,0.19974197543606143,692.1785714285714,0.7145806756089108
m1357_06_fill_holes_and_orientation.obj,m1357,Starship,0,10,7,19371,7,19388,0.10422216803161641,0.6502008032128515,0,10,7,19371,0.0,0.9994840307517672,0.0,0.9996387656104861,1.0,0.0005159692482328053,1.0,0.0003612343895138817,0.0,0.9991231689704972,,,,-0.0004317242596766064,-0.0005159692482328282,-0.00036123438951385367,0.0,1.0005162356099324
m1358_06_fill_holes_and_orientation.obj,m1358,Starship,0,10,7,19371,7,19388,0.08389886103103521,0.6310898767483728,0,10,7,19371,0.0,0.9994840307517672,0.0,0.9996387656104861,1.0,0.0005159692482328053,1.0,0.0003612343895138817,0.0,0.9991231689704972,,,,-0.0004317242596766064,-0.0005159692482328282,-0.00036123438951385367,0.0,1.0005162356099324
m1359_06_fill_holes_and_orientation.obj,m1359,Starship,0,10,7,19371,7,19388,0.1029050412118366,0.7029358814568618,0,10,7,19371,0.0,0.9994840307517672,0.0,0.9996387656104861,1.0,0.0005159692482328053,1.0,0.0003612343895138817,0.0,0.9991231689704972,,,,-0.0004317242596766064,-0.0005159692482328282,-0.00036123438951385367,0.0,1.0005162356099324
m1360_06_fill_holes_and_orientation.obj,m1360,Starship,0,10,7,19371,7,19388,0.095040167436191,0.682190832294696,0,10,7,19371,0.0,0.9994840307517672,0.0,0.9996387656104861,1.0,0.0005159692482328053,1.0,0.0003612343895138817,0.0,0.9991231689704972,,,,-0.0004317242596766064,-0.0005159692482328282,-0.00036123438951385367,0.0,1.0005162356099324
m1361_06_fill_holes_and_orientation.obj,m1361,Starship,0,10,7,19371,7,19388,0.08079754664496965,0.6326824539537461,0,10,7,19371,0.0,0.9994840307517672,0.0,0.9996387656104861,1.0,0.0005159692482328053,1.0,0.0003612343895138817,0.0,0.9991231689704972,,,,-0.0004317242596766064,-0.0005159692482328282,-0.00036123438951385367,0.0,1.0005162356099324
m1362_06_fill_holes_and_orientation.obj,m1362,Starship,0,10,7,19371,7,19388,0.1153708216343349,0.7017587591746295,0,10,7,19371,0.0,0.9994840307517672,0.0,0.9996387656104861,1.0,0.0005159692482328053,1.0,0.0003612343895138817,0.0,0.9991231689704972,,,,-0.0004317242596766064,-0.0005159692482328282,-0.00036123438951385367,0.0,1.0005162356099324
m1364_06_fill_holes_and_orientation.obj,m1364,Starship,1,9,6,19372,7,19388,0.1412934955949477,0.6540783824954992,1,9,6,19372,0.14285714285714285,0.9995356276765904,0.1,0.9996903705232738,0.8571428571428571,0.0004643723234095248,0.9,0.0003096294767261843,0.0625,0.9992263255622035,0.11764705882352941,0.10638297872340426,0.13157894736842102,0.11914356069189547,0.14239277053373334,0.0996903705232739,307.6349206349206,0.857541075484499
m1365_06_fill_holes_and_orientation.obj,m1365,Starship,2,8,5,19373,7,19388,0.3163798346639916,0.7030328209389282,2,8,5,19373,0.2857142857142857,0.9995872246014138,0.2,0.9997419754360615,0.7142857142857143,0.00041277539858624424,0.8,0.0002580245639384869,0.13333333333333333,0.9993294821539096,0.23529411764705882,0.2127659574468085,0.26315789473684204,0.23871884564346754,0.2853015103156995,0.19974197543606143,692.1785714285714,0.7145806756089108
m1366_06_fill_holes_and_orientation.obj,m1366,Starship,1,9,6,19372,7,19388,0.27292126467694283,0.7126575266583576,1,9,6,19372,0.14285714285714285,0.9995356276765904,0.1,0.9996903705232738,0.8571428571428571,0.0004643723234095248,0.9,0.0003096294767261843,0.0625,0.9992263255622035,0.11764705882352941,0.10638297872340426,0.13157894736842102,0.11914356069189547,0.14239277053373334,0.0996903705232739,307.6349206349206,0.857541075484499
m1368_06_fill_holes_and_orientation.obj,m1368,Starship,0,10,7,19371,7,19388,0.08842869761335954,0.6575820523473204,0,10,7,19371,0.0,0.9994840307517672,0.0,0.9996387656104861,1.0,0.0005159692482328053,1.0,0.0003612343895138817,0.0,0.9991231689704972,,,,-0.0004317242596766064,-0.0005159692482328282,-0.00036123438951385367,0.0,1.0005162356099324
m1369_06_fill_holes_and_orientation.obj,m1369,Starship,0,10,7,19371,7,19388,0.0879910710765097,0.6496745603102063,0,10,7,19371,0.0,0.9994840307517672,0.0,0.9996387656104861,1.0,0.0005159692482328053,1.0,0.0003612343895138817,0.0,0.9991231689704972,,,,-0.0004317242596766064,-0.0005159692482328282,-0.00036123438951385367,0.0,1.0005162356099324
m1370_06_fill_holes_and_orientation.obj,m1370,Starship,0,10,7,19371,7,19388,0.10395787627904161,0.6527350782440104,0,10,7,19371,0.0,0.9994840307517672,0.0,0.9996387656104861,1.0,0.0005159692482328053,1.0,0.0003612343895138817,0.0,0.9991231689704972,,,,-0.0004317242596766064,-0.0005159692482328282,-0.00036123438951385367,0.0,1.0005162356099324
m1371_06_fill_holes_and_orientation.obj,m1371,Starship,0,10,7,19371,7,19388,0.05540853419507911,0.5512255920232655,0,10,7,19371,0.0,0.9994840307517672,0.0,0.9996387656104861,1.0,0.0005159692482328053,1.0,0.0003612343895138817,0.0,0.9991231689704972,,,,-0.0004317242596766064,-0.0005159692482328282,-0.00036123438951385367,0.0,1.0005162356099324
m1372_06_fill_holes_and_orientation.obj,m1372,Starship,2,8,5,19373,7,19388,0.4373275534104996,0.7481235285971473,2,8,5,19373,0.2857142857142857,0.9995872246014138,0.2,0.9997419754360615,0.7142857142857143,0.00041277539858624424,0.8,0.0002580245639384869,0.13333333333333333,0.9993294821539096,0.23529411764705882,0.2127659574468085,0.26315789473684204,0.23871884564346754,0.2853015103156995,0.19974197543606143,692.1785714285714,0.7145806756089108
m1373_06_fill_holes_and_orientation.obj,m1373,Starship,2,8,5,19373,7,19388,0.19514856523757154,0.6859576235978397,2,8,5,19373,0.2857142857142857,0.9995872246014138,0.2,0.9997419754360615,0.7142857142857143,0.00041277539858624424,0.8,0.0002580245639384869,0.13333333333333333,0.9993294821539096,0.23529411764705882,0.2127659574468085,0.26315789473684204,0.23871884564346754,0.2853015103156995,0.19974197543606143,692.1785714285714,0.7145806756089108
m1374_06_fill_holes_and_orientation.obj,m1374,Starship,0,10,6,19372,6,19388,0.10858839039008485,0.6665697271846005,0,10,6,19372,0.0,0.9994840573728201,0.0,0.9996903705232738,1.0,0.0005159426271798576,1.0,0.0003096294767261843,0.0,0.9991747472663504,,,,-0.00039968868594749107,-0.0005159426271799106,-0.000309629476726192,0.0,1.0005162089613877
m1375_06_fill_holes_and_orientation.obj,m1375,Starship,1,9,6,19372,7,19388,0.22740348349380607,0.6434704334579698,1,9,6,19372,0.14285714285714285,0.9995356276765904,0.1,0.9996903705232738,0.8571428571428571,0.0004643723234095248,0.9,0.0003096294767261843,0.0625,0.9992263255622035,0.11764705882352941,0.10638297872340426,0.13157894736842102,0.11914356069189547,0.14239277053373334,0.0996903705232739,307.6349206349206,0.857541075484499
m1376_06_fill_holes_and_orientation.obj,m1376,Starship,0,10,7,19371,7,19388,0.05607168419203505,0.5510317130591331,0,10,7,19371,0.0,0.9994840307517672,0.0,0.9996387656104861,1.0,0.0005159692482328053,1.0,0.0003612343895138817,0.0,0.9991231689704972,,,,-0.0004317242596766064,-0.0005159692482328282,-0.00036123438951385367,0.0,1.0005162356099324
m1378_06_fill_holes_and_orientation.obj,m1378,Starship,0,10,7,19371,7,19388,0.09413113511254657,0.6539952915108711,0,10,7,19371,0.0,0.9994840307517672,0.0,0.9996387656104861,1.0,0.0005159692482328053,1.0,0.0003612343895138817,0.0,0.9991231689704972,,,,-0.0004317242596766064,-0.0005159692482328282,-0.00036123438951385367,0.0,1.0005162356099324
m1379_06_fill_holes_and_orientation.obj,m1379,Starship,1,9,6,19372,7,19388,0.16396512417470452,0.744024373355491,1,9,6,19372,0.14285714285714285,0.9995356276765904,0.1,0.9996903705232738,0.8571428571428571,0.0004643723234095248,0.9,0.0003096294767261843,0.0625,0.9992263255622035,0.11764705882352941,0.10638297872340426,0.13157894736842102,0.11914356069189547,0.14239277053373334,0.0996903705232739,307.6349206349206,0.857541075484499
m1380_06_fill_holes_and_orientation.obj,m1380,Starship,0,10,7,19371,7,19388,0.14753187532972817,0.7501038637307853,0,10,7,19371,0.0,0.9994840307517672,0.0,0.9996387656104861,1.0,0.0005159692482328053,1.0,0.0003612343895138817,0.0,0.9991231689704972,,,,-0.0004317242596766064,-0.0005159692482328282,-0.00036123438951385367,0.0,1.0005162356099324
m1381_06_fill_holes_and_orientation.obj,m1381,Starship,0,10,7,19371,7,19388,0.0799447397426598,0.6425564326270601,0,10,7,19371,0.0,0.9994840307517672,0.0,0.9996387656104861,1.0,0.0005159692482328053,1.0,0.0003612343895138817,0.0,0.9991231689704972,,,,-0.0004317242596766064,-0.0005159692482328282,-0.00036123438951385367,0.0,1.0005162356099324
m1382_06_fill_holes_and_orientation.obj,m1382,Starship,0,10,6,19372,6,19388,0.08907487534212309,0.63265475695887,0,10,6,19372,0.0,0.9994840573728201,0.0,0.9996903705232738,1.0,0.0005159426271798576,1.0,0.0003096294767261843,0.0,0.9991747472663504,,,,-0.00039968868594749107,-0.0005159426271799106,-0.000309629476726192,0.0,1.0005162089613877
m1383_06_fill_holes_and_orientation.obj,m1383,Starship,1,9,6,19372,7,19388,0.09341334548528275,0.6659465447998891,1,9,6,19372,0.14285714285714285,0.9995356276765904,0.1,0.9996903705232738,0.8571428571428571,0.0004643723234095248,0.9,0.0003096294767261843,0.0625,0.9992263255622035,0.11764705882352941,0.10638297872340426,0.13157894736842102,0.11914356069189547,0.14239277053373334,0.0996903705232739,307.6349206349206,0.857541075484499
m1384_06_fill_holes_and_orientation.obj,m1384,Starship,1,9,6,19372,7,19388,0.1697672950501838,0.7570973549369894,1,9,6,19372,0.14285714285714285,0.9995356276765904,0.1,0.9996903705232738,0.8571428571428571,0.0004643723234095248,0.9,0.0003096294767261843,0.0625,0.9992263255622035,0.11764705882352941,0.10638297872340426,0.13157894736842102,0.11914356069189547,0.14239277053373334,0.0996903705232739,307.6349206349206,0.857541075484499
m1385_06_fill_holes_and_orientation.obj,m1385,Starship,0,10,7,19371,7,19388,0.17423300843102915,0.7176429857360477,0,10,7,19371,0.0,0.9994840307517672,0.0,0.9996387656104861,1.0,0.0005159692482328053,1.0,0.0003612343895138817,0.0,0.9991231689704972,,,,-0.0004317242596766064,-0.0005159692482328282,-0.00036123438951385367,0.0,1.0005162356099324
m1386_06_fill_holes_and_orientation.obj,m1386,Starship,1,9,6,19372,7,19388,0.13817368158685114,0.6880487467109818,1,9,6,19372,0.14285714285714285,0.9995356276765904,0.1,0.9996903705232738,0.8571428571428571,0.0004643723234095248,0.9,0.0003096294767261843,0.0625,0.9992263255622035,0.11764705882352941,0.10638297872340426,0.13157894736842102,0.11914356069189547,0.14239277053373334,0.0996903705232739,307.6349206349206,0.857541075484499
D00052_06_fill_holes_and_orientation.obj,d00052,SubmachineGun,0,10,7,19371,7,19388,0.02247543582120213,0.46946149492838796,0,10,7,19371,0.0,0.9994840307517672,0.0,0.9996387656104861,1.0,0.0005159692482328053,1.0,0.0003612343895138817,0.0,0.9991231689704972,,,,-0.0004317242596766064,-0.0005159692482328282,-0.00036123438951385367,0.0,1.0005162356099324
D00060_06_fill_holes_and_orientation.obj,d00060,SubmachineGun,1,9,6,19372,7,19388,0.15594774354726623,0.908406251360411,1,9,6,19372,0.14285714285714285,0.9995356276765904,0.1,0.9996903705232738,0.8571428571428571,0.0004643723234095248,0.9,0.0003096294767261843,0.0625,0.9992263255622035,0.11764705882352941,0.10638297872340426,0.13157894736842102,0.11914356069189547,0.14239277053373334,0.0996903705232739,307.6349206349206,0.857541075484499
D00062_06_fill_holes_and_orientation.obj,d00062,SubmachineGun,0,10,7,19371,7,19388,0.05811679596325016,0.8042967219537679,0,10,7,19371,0.0,0.9994840307517672,0.0,0.9996387656104861,1.0,0.0005159692482328053,1.0,0.0003612343895138817,0.0,0.9991231689704972,,,,-0.0004317242596766064,-0.0005159692482328282,-0.00036123438951385367,0.0,1.0005162356099324
D00064_06_fill_holes_and_orientation.obj,d00064,SubmachineGun,0,10,7,19371,7,19388,0.024236188900472595,0.5767924774715947,0,10,7,19371,0.0,0.9994840307517672,0.0,0.9996387656104861,1.0,0.0005159692482328053,1.0,0.0003612343895138817,0.0,0.9991231689704972,,,,-0.0004317242596766064,-0.0005159692482328282,-0.00036123438951385367,0.0,1.0005162356099324
D00068_06_fill_holes_and_orientation.obj,d00068,SubmachineGun,2,8,5,19373,7,19388,0.32875333196693557,0.9237516869095816,2,8,5,19373,0.2857142857142857,0.9995872246014138,0.2,0.9997419754360615,0.7142857142857143,0.00041277539858624424,0.8,0.0002580245639384869,0.13333333333333333,0.9993294821539096,0.23529411764705882,0.2127659574468085,0.26315789473684204,0.23871884564346754,0.2853015103156995,0.19974197543606143,692.1785714285714,0.7145806756089108
D00119_06_fill_holes_and_orientation.obj,d00119,SubmachineGun,1,9,6,19372,7,19388,0.2514151719986252,0.8931043489617344,1,9,6,19372,0.14285714285714285,0.9995356276765904,0.1,0.9996903705232738,0.8571428571428571,0.0004643723234095248,0.9,0.0003096294767261843,0.0625,0.9992263255622035,0.11764705882352941,0.10638297872340426,0.13157894736842102,0.11914356069189547,0.14239277053373334,0.0996903705232739,307.6349206349206,0.857541075484499
D00219_06_fill_holes_and_orientation.obj,d00219,SubmachineGun,3,7,4,19374,7,19388,0.46607599848328957,0.8607809847198642,3,7,4,19374,0.42857142857142855,0.9996388215262371,0.3,0.9997935803488492,0.5714285714285714,0.00036117847376296373,0.7,0.00020641965115078957,0.21428571428571427,0.9994326387456158,0.3529411764705882,0.3191489361702127,0.3947368421052631,0.3582941305950396,0.42821025009766567,0.2997935803488492,1186.5918367346937,0.5716350336975917
D00256_06_fill_holes_and_orientation.obj,d00256,SubmachineGun,2,8,5,19373,7,19388,0.09441847566229832,0.6010839754473031,2,8,5,19373,0.2857142857142857,0.9995872246014138,0.2,0.9997419754360615,0.7142857142857143,0.00041277539858624424,0.8,0.0002580245639384869,0.13333333333333333,0.9993294821539096,0.23529411764705882,0.2127659574468085,0.26315789473684204,0.23871884564346754,0.2853015103156995,0.19974197543606143,692.1785714285714,0.7145806756089108
D00371_06_fill_holes_and_orientation.obj,d00371,SubmachineGun,1,9,6,19372,7,19388,0.1436959519947656,0.8986112924992382,1,9,6,19372,0.14285714285714285,0.9995356276765904,0.1,0.9996903705232738,0.8571428571428571,0.0004643723234095248,0.9,0.0003096294767261843,0.0625,0.9992263255622035,0.11764705882352941,0.10638297872340426,0.13157894736842102,0.11914356069189547,0.14239277053373334,0.0996903705232739,307.6349206349206,0.857541075484499
D00384_06_fill_holes_and_orientation.obj,d00384,SubmachineGun,2,8,5,19373,7,19388,0.265289603558683,0.9083191850594228,2,8,5,19373,0.2857142857142857,0.9995872246014138,0.2,0.9997419754360615,0.7142857142857143,0.00041277539858624424,0.8,0.0002580245639384869,0.13333333333333333,0.9993294821539096,0.23529411764705882,0.2127659574468085,0.26315789473684204,0.23871884564346754,0.2853015103156995,0.19974197543606143,692.1785714285714,0.7145806756089108
D00431_06_fill_holes_and_orientation.obj,d00431,SubmachineGun,2,8,5,19373,7,19388,0.26111326109839855,0.8321144051194985,2,8,5,19373,0.2857142857142857,0.9995872246014138,0.2,0.9997419754360615,0.7142857142857143,0.00041277539858624424,0.8,0.0002580245639384869,0.13333333333333333,0.9993294821539096,0.23529411764705882,0.2127659574468085,0.26315789473684204,0.23871884564346754,0.2853015103156995,0.19974197543606143,692.1785714285714,0.7145806756089108
D00459_06_fill_holes_and_orientation.obj,d00459,SubmachineGun,1,9,6,19372,7,19388,0.17296768022560532,0.891210656915241,1,9,6,19372,0.14285714285714285,0.9995356276765904,0.1,0.9996903705232738,0.8571428571428571,0.0004643723234095248,0.9,0.0003096294767261843,0.0625,0.9992263255622035,0.11764705882352941,0.10638297872340426,0.13157894736842102,0.11914356069189547,0.14239277053373334,0.0996903705232739,307.6349206349206,0.857541075484499
D00489_06_fill_holes_and_orientation.obj,d00489,SubmachineGun,1,9,6,19372,7,19388,0.1947826257075986,0.5604675460363067,1,9,6,19372,0.14285714285714285,0.9995356276765904,0.1,0.9996903705232738,0.8571428571428571,0.0004643723234095248,0.9,0.0003096294767261843,0.0625,0.9992263255622035,0.11764705882352941,0.10638297872340426,0.13157894736842102,0.11914356069189547,0.14239277053373334,0.0996903705232739,307.6349206349206,0.857541075484499
D00537_06_fill_holes_and_orientation.obj,d00537,SubmachineGun,4,6,3,19375,7,19388,0.425749387969711,0.8837882547559968,4,6,3,19375,0.5714285714285714,0.9996904184510603,0.4,0.9998451852616369,0.42857142857142855,0.00030958154893968317,0.6,0.00015481473836309216,0.3076923076923077,0.9995357953373221,0.47058823529411764,0.425531914893617,0.5263157894736841,0.4778694155466117,0.5711189898796318,0.3998451852616369,1845.8095238095239,0.4287041474654378
D00613_06_fill_holes_and_orientation.obj,d00613,SubmachineGun,3,7,4,19374,7,19388,0.3893319834090886,0.8690305167384964,3,7,4,19374,0.42857142857142855,0.9996388215262371,0.3,0.9997935803488492,0.5714285714285714,0.00036117847376296373,0.7,0.00020641965115078957,0.21428571428571427,0.9994326387456158,0.3529411764705882,0.3191489361702127,0.3947368421052631,0.3582941305950396,0.42821025009766567,0.2997935803488492,1186.5918367346937,0.5716350336975917
D00733_06_fill_holes_and_orientation.obj,d00733,SubmachineGun,0,10,7,19371,7,19388,0.07113954688932721,0.779003961516695,0,10,7,19371,0.0,0.9994840307517672,0.0,0.9996387656104861,1.0,0.0005159692482328053,1.0,0.0003612343895138817,0.0,0.9991231689704972,,,,-0.0004317242596766064,-0.0005159692482328282,-0.00036123438951385367,0.0,1.0005162356099324
D00878_06_fill_holes_and_orientation.obj,d00878,SubmachineGun,1,9,6,19372,7,19388,0.3542122128963519,0.907557354925776,1,9,6,19372,0.14285714285714285,0.9995356276765904,0.1,0.9996903705232738,0.8571428571428571,0.0004643723234095248,0.9,0.0003096294767261843,0.0625,0.9992263255622035,0.11764705882352941,0.10638297872340426,0.13157894736842102,0.11914356069189547,0.14239277053373334,0.0996903705232739,307.6349206349206,0.857541075484499
D00893_06_fill_holes_and_orientation.obj,d00893,SubmachineGun,1,9,6,19372,7,19388,0.09711400333786417,0.7667929128030996,1,9,6,19372,0.14285714285714285,0.9995356276765904,0.1,0.9996903705232738,0.8571428571428571,0.0004643723234095248,0.9,0.0003096294767261843,0.0625,0.9992263255622035,0.11764705882352941,0.10638297872340426,0.13157894736842102,0.11914356069189547,0.14239277053373334,0.0996903705232739,307.6349206349206,0.857541075484499
D00960_06_fill_holes_and_orientation.obj,d00960,SubmachineGun,2,8,5,19373,7,19388,0.2134192790736984,0.6441817944364634,2,8,5,19373,0.2857142857142857,0.9995872246014138,0.2,0.9997419754360615,0.7142857142857143,0.00041277539858624424,0.8,0.0002580245639384869,0.13333333333333333,0.9993294821539096,0.23529411764705882,0.2127659574468085,0.26315789473684204,0.23871884564346754,0.2853015103156995,0.19974197543606143,692.1785714285714,0.7145806756089108
D00970_06_fill_holes_and_orientation.obj,d00970,SubmachineGun,0,10,7,19371,7,19388,0.26859583453381836,0.904096469461495,0,10,7,19371,0.0,0.9994840307517672,0.0,0.9996387656104861,1.0,0.0005159692482328053,1.0,0.0003612343895138817,0.0,0.9991231689704972,,,,-0.0004317242596766064,-0.0005159692482328282,-0.00036123438951385367,0.0,1.0005162356099324
D00066_06_fill_holes_and_orientation.obj,d00066,Sword,6,4,1,19377,7,19388,2.6792114244492424,0.9371850796759549,6,4,1,19377,0.8571428571428571,0.9997936123007068,0.6,0.9999483950872123,0.14285714285714285,0.00020638769929312212,0.4,5.160491278769739e-05,0.5454545454545454,0.9997421085207345,0.7058823529411764,0.6382978723404255,0.7894736842105262,0.7170199854497559,0.8569364694435639,0.5999483950872122,4153.071428571428,0.14288663290056694
D00071_06_fill_holes_and_orientation.obj,d00071,Sword,6,4,1,19377,7,19388,1.7048342184103176,0.902857651562361,6,4,1,19377,0.8571428571428571,0.9997936123007068,0.6,0.9999483950872123,0.14285714285714285,0.00020638769929312212,0.4,5.160491278769739e-05,0.5454545454545454,0.9997421085207345,0.7058823529411764,0.6382978723404255,0.7894736842105262,0.7170199854497559,0.8569364694435639,0.5999483950872122,4153.071428571428,0.14288663290056694
D00133_06_fill_holes_and_orientation.obj,d00133,Sword,7,3,0,19378,7,19388,1.705232778515916,0.9111279266447077,7,3,0,19378,1.0,0.9998452092255301,0.7,1.0,0.0,0.00015479077446984158,0.3,0.0,0.7,0.9998452651124407,0.8235294117647058,0.7446808510638298,0.9210526315789475,0.836595270401328,0.9998452092255301,0.7,6460.333333333334,0.0
D00162_06_fill_holes_and_orientation.obj,d00162,Sword,5,5,2,19376,7,19388,2.3489757803221885,0.9443069527285677,5,5,2,19376,0.7142857142857143,0.9997420153758836,0.5,0.9998967901744246,0.2857142857142857,0.00025798462411640266,0.5,0.00010320982557539478,0.4166666666666667,0.9996389519290283,0.588235294117647,0.5319148936170213,0.6578947368421053,0.5974447004981838,0.714027729661598,0.4998967901744247,2768.714285714286,0.28578801462781644
D00177_06_fill_holes_and_orientation.obj,d00177,Sword,0,10,7,19371,7,19388,0.19177968826524663,0.644858897890145,0,10,7,19371,0.0,0.9994840307517672,0.0,0.9996387656104861,1.0,0.0005159692482328053,1.0,0.0003612343895138817,0.0,0.9991231689704972,,,,-0.0004317242596766064,-0.0005159692482328282,-0.00036123438951385367,0.0,1.0005162356099324
D00195_06_fill_holes_and_orientation.obj,d00195,Sword,0,10,7,19371,7,19388,0.32478142006610317,0.6552746372295915,0,10,7,19371,0.0,0.9994840307517672,0.0,0.9996387656104861,1.0,0.0005159692482328053,1.0,0.0003612343895138817,0.0,0.9991231689704972,,,,-0.0004317242596766064,-0.0005159692482328282,-0.00036123438951385367,0.0,1.0005162356099324
D00249_06_fill_holes_and_orientation.obj,d00249,Sword,6,4,1,19377,7,19388,2.8375690409179737,0.9618178580966794,6,4,1,19377,0.8571428571428571,0.9997936123007068,0.6,0.9999483950872123,0.14285714285714285,0.00020638769929312212,0.4,5.160491278769739e-05,0.5454545454545454,0.9997421085207345,0.7058823529411764,0.6382978723404255,0.7894736842105262,0.7170199854497559,0.8569364694435639,0.5999483950872122,4153.071428571428,0.14288663290056694
D00356_06_fill_holes_and_orientation.obj,d00356,Sword,7,3,0,19378,7,19388,2.3520380196076904,0.9168521321107452,7,3,0,19378,1.0,0.9998452092255301,0.7,1.0,0.0,0.00015479077446984158,0.3,0.0,0.7,0.9998452651124407,0.8235294117647058,0.7446808510638298,0.9210526315789475,0.836595270401328,0.9998452092255301,0.7,6460.333333333334,0.0
D00484_06_fill_holes_and_orientation.obj,d00484,Sword,2,8,5,19373,7,19388,0.5661579116290658,0.7322976942935993,2,8,5,19373,0.2857142857142857,0.9995872246014138,0.2,0.9997419754360615,0.7142857142857143,0.00041277539858624424,0.8,0.0002580245639384869,0.13333333333333333,0.9993294821539096,0.23529411764705882,0.2127659574468085,0.26315789473684204,0.23871884564346754,0.2853015103156995,0.19974197543606143,692.1785714285714,0.7145806756089108
D00513_06_fill_holes_and_orientation.obj,d00513,Sword,5,5,2,19376,7,19388,1.4430304879739224,0.8822220243924151,5,5,2,19376,0.7142857142857143,0.9997420153758836,0.5,0.9998967901744246,0.2857142857142857,0.00025798462411640266,0.5,0.00010320982557539478,0.4166666666666667,0.9996389519290283,0.588235294117647,0.5319148936170213,0.6578947368421053,0.5974447004981838,0.714027729661598,0.4998967901744247,2768.714285714286,0.28578801462781644
D00540_06_fill_holes_and_orientation.obj,d00540,Sword,2,8,5,19373,7,19388,0.7801325188180404,0.7375856850351642,2,8,5,19373,0.2857142857142857,0.9995872246014138,0.2,0.9997419754360615,0.7142857142857143,0.00041277539858624424,0.8,0.0002580245639384869,0.13333333333333333,0.9993294821539096,0.23529411764705882,0.2127659574468085,0.26315789473684204,0.23871884564346754,0.2853015103156995,0.19974197543606143,692.1785714285714,0.7145806756089108
D00635_06_fill_holes_and_orientation.obj,d00635,Sword,0,10,7,19371,7,19388,0.0966255372140585,0.3526662512240719,0,10,7,19371,0.0,0.9994840307517672,0.0,0.9996387656104861,1.0,0.0005159692482328053,1.0,0.0003612343895138817,0.0,0.9991231689704972,,,,-0.0004317242596766064,-0.0005159692482328282,-0.00036123438951385367,0.0,1.0005162356099324
D00712_06_fill_holes_and_orientation.obj,d00712,Sword,2,8,5,19373,7,19388,0.8264622121013275,0.7914626546781804,2,8,5,19373,0.2857142857142857,0.9995872246014138,0.2,0.9997419754360615,0.7142857142857143,0.00041277539858624424,0.8,0.0002580245639384869,0.13333333333333333,0.9993294821539096,0.23529411764705882,0.2127659574468085,0.26315789473684204,0.23871884564346754,0.2853015103156995,0.19974197543606143,692.1785714285714,0.7145806756089108
D00808_06_fill_holes_and_orientation.obj,d00808,Sword,2,8,5,19373,7,19388,0.7379859957580666,0.8970889343897446,2,8,5,19373,0.2857142857142857,0.9995872246014138,0.2,0.9997419754360615,0.7142857142857143,0.00041277539858624424,0.8,0.0002580245639384869,0.13333333333333333,0.9993294821539096,0.23529411764705882,0.2127659574468085,0.26315789473684204,0.23871884564346754,0.2853015103156995,0.19974197543606143,692.1785714285714,0.7145806756089108
D00812_06_fill_holes_and_orientation.obj,d00812,Sword,4,6,3,19375,7,19388,1.7592345955487478,0.9366954509035877,4,6,3,19375,0.5714285714285714,0.9996904184510603,0.4,0.9998451852616369,0.42857142857142855,0.00030958154893968317,0.6,0.00015481473836309216,0.3076923076923077,0.9995357953373221,0.47058823529411764,0.425531914893617,0.5263157894736841,0.4778694155466117,0.5711189898796318,0.3998451852616369,1845.8095238095239,0.4287041474654378
D00906_06_fill_holes_and_orientation.obj,d00906,Sword,7,3,0,19378,7,19388,2.29264586210991,0.9162734799252203,7,3,0,19378,1.0,0.9998452092255301,0.7,1.0,0.0,0.00015479077446984158,0.3,0.0,0.7,0.9998452651124407,0.8235294117647058,0.7446808510638298,0.9210526315789475,0.836595270401328,0.9998452092255301,0.7,6460.333333333334,0.0
D00916_06_fill_holes_and_orientation.obj,d00916,Sword,7,3,0,19378,7,19388,2.3772622989621013,0.9594320306240541,7,3,0,19378,1.0,0.9998452092255301,0.7,1.0,0.0,0.00015479077446984158,0.3,0.0,0.7,0.9998452651124407,0.8235294117647058,0.7446808510638298,0.9210526315789475,0.836595270401328,0.9998452092255301,0.7,6460.333333333334,0.0
D00992_06_fill_holes_and_orientation.obj,d00992,Sword,4,6,3,19375,7,19388,1.666167341345672,0.908145642303926,4,6,3,19375,0.5714285714285714,0.9996904184510603,0.4,0.9998451852616369,0.42857142857142855,0.00030958154893968317,0.6,0.00015481473836309216,0.3076923076923077,0.9995357953373221,0.47058823529411764,0.425531914893617,0.5263157894736841,0.4778694155466117,0.5711189898796318,0.3998451852616369,1845.8095238095239,0.4287041474654378
m687_06_fill_holes_and_orientation.obj,m687,Sword,2,8,5,19373,7,19388,0.7820183865831432,0.6811270364105759,2,8,5,19373,0.2857142857142857,0.9995872246014138,0.2,0.9997419754360615,0.7142857142857143,0.00041277539858624424,0.8,0.0002580245639384869,0.13333333333333333,0.9993294821539096,0.23529411764705882,0.2127659574468085,0.26315789473684204,0.23871884564346754,0.2853015103156995,0.19974197543606143,692.1785714285714,0.7145806756089108
m688_06_fill_holes_and_orientation.obj,m688,Sword,7,3,0,19378,7,19388,2.7075786997548463,0.924356805839936,7,3,0,19378,1.0,0.9998452092255301,0.7,1.0,0.0,0.00015479077446984158,0.3,0.0,0.7,0.9998452651124407,0.8235294117647058,0.7446808510638298,0.9210526315789475,0.836595270401328,0.9998452092255301,0.7,6460.333333333334,0.0
m691_06_fill_holes_and_orientation.obj,m691,Sword,1,9,6,19372,7,19388,0.49736881643911074,0.6279978634380842,1,9,6,19372,0.14285714285714285,0.9995356276765904,0.1,0.9996903705232738,0.8571428571428571,0.0004643723234095248,0.9,0.0003096294767261843,0.0625,0.9992263255622035,0.11764705882352941,0.10638297872340426,0.13157894736842102,0.11914356069189547,0.14239277053373334,0.0996903705232739,307.6349206349206,0.857541075484499
m692_06_fill_holes_and_orientation.obj,m692,Sword,4,6,3,19375,7,19388,2.0018227508167983,0.9383156770230572,4,6,3,19375,0.5714285714285714,0.9996904184510603,0.4,0.9998451852616369,0.42857142857142855,0.00030958154893968317,0.6,0.00015481473836309216,0.3076923076923077,0.9995357953373221,0.47058823529411764,0.425531914893617,0.5263157894736841,0.4778694155466117,0.5711189898796318,0.3998451852616369,1845.8095238095239,0.4287041474654378
m694_06_fill_holes_and_orientation.obj,m694,Sword,6,4,1,19377,7,19388,1.7723121602966951,0.8793643728300542,6,4,1,19377,0.8571428571428571,0.9997936123007068,0.6,0.9999483950872123,0.14285714285714285,0.00020638769929312212,0.4,5.160491278769739e-05,0.5454545454545454,0.9997421085207345,0.7058823529411764,0.6382978723404255,0.7894736842105262,0.7170199854497559,0.8569364694435639,0.5999483950872122,4153.071428571428,0.14288663290056694
m695_06_fill_holes_and_orientation.obj,m695,Sword,5,5,2,19376,7,19388,1.9174229924273403,0.9264221490251937,5,5,2,19376,0.7142857142857143,0.9997420153758836,0.5,0.9998967901744246,0.2857142857142857,0.00025798462411640266,0.5,0.00010320982557539478,0.4166666666666667,0.9996389519290283,0.588235294117647,0.5319148936170213,0.6578947368421053,0.5974447004981838,0.714027729661598,0.4998967901744247,2768.714285714286,0.28578801462781644
m696_06_fill_holes_and_orientation.obj,m696,Sword,7,3,0,19378,7,19388,2.3093493945769086,0.919487225140212,7,3,0,19378,1.0,0.9998452092255301,0.7,1.0,0.0,0.00015479077446984158,0.3,0.0,0.7,0.9998452651124407,0.8235294117647058,0.7446808510638298,0.9210526315789475,0.836595270401328,0.9998452092255301,0.7,6460.333333333334,0.0
m697_06_fill_holes_and_orientation.obj,m697,Sword,6,4,1,19377,7,19388,1.6864028951517,0.888053057954242,6,4,1,19377,0.8571428571428571,0.9997936123007068,0.6,0.9999483950872123,0.14285714285714285,0.00020638769929312212,0.4,5.160491278769739e-05,0.5454545454545454,0.9997421085207345,0.7058823529411764,0.6382978723404255,0.7894736842105262,0.7170199854497559,0.8569364694435639,0.5999483950872122,4153.071428571428,0.14288663290056694
m698_06_fill_holes_and_orientation.obj,m698,Sword,7,3,0,19378,7,19388,2.053708122062551,0.9070239472981394,7,3,0,19378,1.0,0.9998452092255301,0.7,1.0,0.0,0.00015479077446984158,0.3,0.0,0.7,0.9998452651124407,0.8235294117647058,0.7446808510638298,0.9210526315789475,0.836595270401328,0.9998452092255301,0.7,6460.333333333334,0.0
m699_06_fill_holes_and_orientation.obj,m699,Sword,0,10,7,19371,7,19388,0.2716473510662047,0.7392860322264755,0,10,7,19371,0.0,0.9994840307517672,0.0,0.9996387656104861,1.0,0.0005159692482328053,1.0,0.0003612343895138817,0.0,0.9991231689704972,,,,-0.0004317242596766064,-0.0005159692482328282,-0.00036123438951385367,0.0,1.0005162356099324
m700_06_fill_holes_and_orientation.obj,m700,Sword,2,8,5,19373,7,19388,0.7272191767948837,0.6937772634202796,2,8,5,19373,0.2857142857142857,0.9995872246014138,0.2,0.9997419754360615,0.7142857142857143,0.00041277539858624424,0.8,0.0002580245639384869,0.13333333333333333,0.9993294821539096,0.23529411764705882,0.2127659574468085,0.26315789473684204,0.23871884564346754,0.2853015103156995,0.19974197543606143,692.1785714285714,0.7145806756089108
m701_06_fill_holes_and_orientation.obj,m701,Sword,5,5,2,19376,7,19388,1.5220781921461985,0.8915961897979169,5,5,2,19376,0.7142857142857143,0.9997420153758836,0.5,0.9998967901744246,0.2857142857142857,0.00025798462411640266,0.5,0.00010320982557539478,0.4166666666666667,0.9996389519290283,0.588235294117647,0.5319148936170213,0.6578947368421053,0.5974447004981838,0.714027729661598,0.4998967901744247,2768.714285714286,0.28578801462781644
m702_06_fill_holes_and_orientation.obj,m702,Sword,5,5,2,19376,7,19388,2.6399577518193857,0.9707914181429717,5,5,2,19376,0.7142857142857143,0.9997420153758836,0.5,0.9998967901744246,0.2857142857142857,0.00025798462411640266,0.5,0.00010320982557539478,0.4166666666666667,0.9996389519290283,0.588235294117647,0.5319148936170213,0.6578947368421053,0.5974447004981838,0.714027729661598,0.4998967901744247,2768.714285714286,0.28578801462781644
m703_06_fill_holes_and_orientation.obj,m703,Sword,2,8,5,19373,7,19388,0.7724815135033474,0.8458203507522479,2,8,5,19373,0.2857142857142857,0.9995872246014138,0.2,0.9997419754360615,0.7142857142857143,0.00041277539858624424,0.8,0.0002580245639384869,0.13333333333333333,0.9993294821539096,0.23529411764705882,0.2127659574468085,0.26315789473684204,0.23871884564346754,0.2853015103156995,0.19974197543606143,692.1785714285714,0.7145806756089108
m704_06_fill_holes_and_orientation.obj,m704,Sword,2,8,5,19373,7,19388,1.5091739004079128,0.9580521677201104,2,8,5,19373,0.2857142857142857,0.9995872246014138,0.2,0.9997419754360615,0.7142857142857143,0.00041277539858624424,0.8,0.0002580245639384869,0.13333333333333333,0.9993294821539096,0.23529411764705882,0.2127659574468085,0.26315789473684204,0.23871884564346754,0.2853015103156995,0.19974197543606143,692.1785714285714,0.7145806756089108
m705_06_fill_holes_and_orientation.obj,m705,Sword,0,10,6,19372,6,19388,0.10751259245888432,0.3367399626101664,0,10,6,19372,0.0,0.9994840573728201,0.0,0.9996903705232738,1.0,0.0005159426271798576,1.0,0.0003096294767261843,0.0,0.9991747472663504,,,,-0.00039968868594749107,-0.0005159426271799106,-0.000309629476726192,0.0,1.0005162089613877
m707_06_fill_holes_and_orientation.obj,m707,Sword,5,5,2,19376,7,19388,1.5637345434169247,0.9070506543220866,5,5,2,19376,0.7142857142857143,0.9997420153758836,0.5,0.9998967901744246,0.2857142857142857,0.00025798462411640266,0.5,0.00010320982557539478,0.4166666666666667,0.9996389519290283,0.588235294117647,0.5319148936170213,0.6578947368421053,0.5974447004981838,0.714027729661598,0.4998967901744247,2768.714285714286,0.28578801462781644
m709_06_fill_holes_and_orientation.obj,m709,Sword,1,9,6,19372,7,19388,0.48194144877975414,0.6829609187216238,1,9,6,19372,0.14285714285714285,0.9995356276765904,0.1,0.9996903705232738,0.8571428571428571,0.0004643723234095248,0.9,0.0003096294767261843,0.0625,0.9992263255622035,0.11764705882352941,0.10638297872340426,0.13157894736842102,0.11914356069189547,0.14239277053373334,0.0996903705232739,307.6349206349206,0.857541075484499
m710_06_fill_holes_and_orientation.obj,m710,Sword,6,4,1,19377,7,19388,2.718808707479646,0.9377726342027954,6,4,1,19377,0.8571428571428571,0.9997936123007068,0.6,0.9999483950872123,0.14285714285714285,0.00020638769929312212,0.4,5.160491278769739e-05,0.5454545454545454,0.9997421085207345,0.7058823529411764,0.6382978723404255,0.7894736842105262,0.7170199854497559,0.8569364694435639,0.5999483950872122,4153.071428571428,0.14288663290056694
m711_06_fill_holes_and_orientation.obj,m711,Sword,0,10,7,19371,7,19388,0.4260767186570288,0.7498442090269741,0,10,7,19371,0.0,0.9994840307517672,0.0,0.9996387656104861,1.0,0.0005159692482328053,1.0,0.0003612343895138817,0.0,0.9991231689704972,,,,-0.0004317242596766064,-0.0005159692482328282,-0.00036123438951385367,0.0,1.0005162356099324
m712_06_fill_holes_and_orientation.obj,m712,Sword,2,8,5,19373,7,19388,1.1277427574693013,0.9287278554259771,2,8,5,19373,0.2857142857142857,0.9995872246014138,0.2,0.9997419754360615,0.7142857142857143,0.00041277539858624424,0.8,0.0002580245639384869,0.13333333333333333,0.9993294821539096,0.23529411764705882,0.2127659574468085,0.26315789473684204,0.23871884564346754,0.2853015103156995,0.19974197543606143,692.1785714285714,0.7145806756089108
m713_06_fill_holes_and_orientation.obj,m713,Sword,5,5,2,19376,7,19388,1.2900623433410845,0.868610344520609,5,5,2,19376,0.7142857142857143,0.9997420153758836,0.5,0.9998967901744246,0.2857142857142857,0.00025798462411640266,0.5,0.00010320982557539478,0.4166666666666667,0.9996389519290283,0.588235294117647,0.5319148936170213,0.6578947368421053,0.5974447004981838,0.714027729661598,0.4998967901744247,2768.714285714286,0.28578801462781644
m714_06_fill_holes_and_orientation.obj,m714,Sword,6,4,1,19377,7,19388,1.7211790957884607,0.8913202172171282,6,4,1,19377,0.8571428571428571,0.9997936123007068,0.6,0.9999483950872123,0.14285714285714285,0.00020638769929312212,0.4,5.160491278769739e-05,0.5454545454545454,0.9997421085207345,0.7058823529411764,0.6382978723404255,0.7894736842105262,0.7170199854497559,0.8569364694435639,0.5999483950872122,4153.071428571428,0.14288663290056694
m715_06_fill_holes_and_orientation.obj,m715,Sword,7,3,0,19378,7,19388,2.306287537980892,0.9199412445473161,7,3,0,19378,1.0,0.9998452092255301,0.7,1.0,0.0,0.00015479077446984158,0.3,0.0,0.7,0.9998452651124407,0.8235294117647058,0.7446808510638298,0.9210526315789475,0.836595270401328,0.9998452092255301,0.7,6460.333333333334,0.0
m716_06_fill_holes_and_orientation.obj,m716,Sword,5,5,2,19376,7,19388,1.6650981893143193,0.9142615507878573,5,5,2,19376,0.7142857142857143,0.9997420153758836,0.5,0.9998967901744246,0.2857142857142857,0.00025798462411640266,0.5,0.00010320982557539478,0.4166666666666667,0.9996389519290283,0.588235294117647,0.5319148936170213,0.6578947368421053,0.5974447004981838,0.714027729661598,0.4998967901744247,2768.714285714286,0.28578801462781644
m717_06_fill_holes_and_orientation.obj,m717,Sword,4,6,3,19375,7,19388,2.5448840113842017,0.9678803525327162,4,6,3,19375,0.5714285714285714,0.9996904184510603,0.4,0.9998451852616369,0.42857142857142855,0.00030958154893968317,0.6,0.00015481473836309216,0.3076923076923077,0.9995357953373221,0.47058823529411764,0.425531914893617,0.5263157894736841,0.4778694155466117,0.5711189898796318,0.3998451852616369,1845.8095238095239,0.4287041474654378
m718_06_fill_holes_and_orientation.obj,m718,Sword,7,3,0,19378,7,19388,2.739938537607993,0.9624499243300988,7,3,0,19378,1.0,0.9998452092255301,0.7,1.0,0.0,0.00015479077446984158,0.3,0.0,0.7,0.9998452651124407,0.8235294117647058,0.7446808510638298,0.9210526315789475,0.836595270401328,0.9998452092255301,0.7,6460.333333333334,0.0
m719_06_fill_holes_and_orientation.obj,m719,Sword,0,10,7,19371,7,19388,0.09112927057044021,0.30742455265734886,0,10,7,19371,0.0,0.9994840307517672,0.0,0.9996387656104861,1.0,0.0005159692482328053,1.0,0.0003612343895138817,0.0,0.9991231689704972,,,,-0.0004317242596766064,-0.0005159692482328282,-0.00036123438951385367,0.0,1.0005162356099324
m720_06_fill_holes_and_orientation.obj,m720,Sword,1,9,6,19372,7,19388,0.6121282282019307,0.8555506098103802,1,9,6,19372,0.14285714285714285,0.9995356276765904,0.1,0.9996903705232738,0.8571428571428571,0.0004643723234095248,0.9,0.0003096294767261843,0.0625,0.9992263255622035,0.11764705882352941,0.10638297872340426,0.13157894736842102,0.11914356069189547,0.14239277053373334,0.0996903705232739,307.6349206349206,0.857541075484499
m721_06_fill_holes_and_orientation.obj,m721,Sword,0,10,7,19371,7,19388,0.3353993117224099,0.7726609098192825,0,10,7,19371,0.0,0.9994840307517672,0.0,0.9996387656104861,1.0,0.0005159692482328053,1.0,0.0003612343895138817,0.0,0.9991231689704972,,,,-0.0004317242596766064,-0.0005159692482328282,-0.00036123438951385367,0.0,1.0005162356099324
D01003_06_fill_holes_and_orientation.obj,d01003,Tool,3,7,4,19374,7,19388,0.5883464734261878,0.7414653544089871,3,7,4,19374,0.42857142857142855,0.9996388215262371,0.3,0.9997935803488492,0.5714285714285714,0.00036117847376296373,0.7,0.00020641965115078957,0.21428571428571427,0.9994326387456158,0.3529411764705882,0.3191489361702127,0.3947368421052631,0.3582941305950396,0.42821025009766567,0.2997935803488492,1186.5918367346937,0.5716350336975917
D01012_06_fill_holes_and_orientation.obj,d01012,Tool,6,4,1,19377,7,19388,1.1493305533611924,0.7412864101799385,6,4,1,19377,0.8571428571428571,0.9997936123007068,0.6,0.9999483950872123,0.14285714285714285,0.00020638769929312212,0.4,5.160491278769739e-05,0.5454545454545454,0.9997421085207345,0.7058823529411764,0.6382978723404255,0.7894736842105262,0.7170199854497559,0.8569364694435639,0.5999483950872122,4153.071428571428,0.14288663290056694
D01040_06_fill_holes_and_orientation.obj,d01040,Tool,10,0,0,19378,7,19388,2.1298361687510665,0.6796898300029823,10,0,0,19378,1.0,1.0,1.0,1.0,0.0,0.0,0.0,0.0,1.0,1.0,1.0,1.0,1.0,1.0,1.0,1.0,,0.0
D01044_06_fill_holes_and_orientation.obj,d01044,Tool,10,0,0,19378,7,19388,2.158127434600482,0.6654438811015011,10,0,0,19378,1.0,1.0,1.0,1.0,0.0,0.0,0.0,0.0,1.0,1.0,1.0,1.0,1.0,1.0,1.0,1.0,,0.0
D01069_06_fill_holes_and_orientation.obj,d01069,Tool,10,0,0,19378,7,19388,1.9182836176934293,0.6447559399542697,10,0,0,19378,1.0,1.0,1.0,1.0,0.0,0.0,0.0,0.0,1.0,1.0,1.0,1.0,1.0,1.0,1.0,1.0,,0.0
D01084_06_fill_holes_and_orientation.obj,d01084,Tool,10,0,0,19378,7,19388,2.236577181395195,0.705000497067303,10,0,0,19378,1.0,1.0,1.0,1.0,0.0,0.0,0.0,0.0,1.0,1.0,1.0,1.0,1.0,1.0,1.0,1.0,,0.0
D01086_06_fill_holes_and_orientation.obj,d01086,Tool,5,5,2,19376,7,19388,0.9768427165988897,0.7433641515061139,5,5,2,19376,0.7142857142857143,0.9997420153758836,0.5,0.9998967901744246,0.2857142857142857,0.00025798462411640266,0.5,0.00010320982557539478,0.4166666666666667,0.9996389519290283,0.588235294117647,0.5319148936170213,0.6578947368421053,0.5974447004981838,0.714027729661598,0.4998967901744247,2768.714285714286,0.28578801462781644
D01111_06_fill_holes_and_orientation.obj,d01111,Tool,9,1,0,19378,7,19388,1.8945328330842788,0.7346754150511979,9,1,0,19378,1.0,0.9999483977501419,0.9,1.0,0.0,5.1602249858093815e-05,0.1,0.0,0.9,0.9999484217041469,0.9473684210526316,0.9183673469387754,0.9782608695652175,0.9486588206384462,0.999948397750142,0.8999999999999999,19379.0,0.0
D01113_06_fill_holes_and_orientation.obj,d01113,Tool,5,5,2,19376,7,19388,1.158971320490624,0.7525101898797097,5,5,2,19376,0.7142857142857143,0.9997420153758836,0.5,0.9998967901744246,0.2857142857142857,0.00025798462411640266,0.5,0.00010320982557539478,0.4166666666666667,0.9996389519290283,0.588235294117647,0.5319148936170213,0.6578947368421053,0.5974447004981838,0.714027729661598,0.4998967901744247,2768.714285714286,0.28578801462781644
D01127_06_fill_holes_and_orientation.obj,d01127,Tool,10,0,0,19378,7,19388,1.9738126113827374,0.6669748483944726,10,0,0,19378,1.0,1.0,1.0,1.0,0.0,0.0,0.0,0.0,1.0,1.0,1.0,1.0,1.0,1.0,1.0,1.0,,0.0
D01131_06_fill_holes_and_orientation.obj,d01131,Tool,9,1,0,19378,7,19388,2.082784721416792,0.7214236007555423,9,1,0,19378,1.0,0.9999483977501419,0.9,1.0,0.0,5.1602249858093815e-05,0.1,0.0,0.9,0.9999484217041469,0.9473684210526316,0.9183673469387754,0.9782608695652175,0.9486588206384462,0.999948397750142,0.8999999999999999,19379.0,0.0
D01140_06_fill_holes_and_orientation.obj,d01140,Tool,9,1,0,19378,7,19388,2.1015167694507073,0.6984292673227954,9,1,0,19378,1.0,0.9999483977501419,0.9,1.0,0.0,5.1602249858093815e-05,0.1,0.0,0.9,0.9999484217041469,0.9473684210526316,0.9183673469387754,0.9782608695652175,0.9486588206384462,0.999948397750142,0.8999999999999999,19379.0,0.0
D01142_06_fill_holes_and_orientation.obj,d01142,Tool,8,2,0,19378,7,19388,1.6602031708165172,0.6451436524505418,8,2,0,19378,1.0,0.9998968008255934,0.8,1.0,0.0,0.00010319917440660474,0.2,0.0,0.8,0.9998968434082938,0.888888888888889,0.8333333333333334,0.9523809523809523,0.8943810377353014,0.9998968008255935,0.8,9690.0,0.0
D01148_06_fill_holes_and_orientation.obj,d01148,Tool,7,3,0,19378,7,19388,1.4220811150908184,0.7372303409881698,7,3,0,19378,1.0,0.9998452092255301,0.7,1.0,0.0,0.00015479077446984158,0.3,0.0,0.7,0.9998452651124407,0.8235294117647058,0.7446808510638298,0.9210526315789475,0.836595270401328,0.9998452092255301,0.7,6460.333333333334,0.0
D01152_06_fill_holes_and_orientation.obj,d01152,Tool,9,1,0,19378,7,19388,1.9494895202801976,0.67571329157968,9,1,0,19378,1.0,0.9999483977501419,0.9,1.0,0.0,5.1602249858093815e-05,0.1,0.0,0.9,0.9999484217041469,0.9473684210526316,0.9183673469387754,0.9782608695652175,0.9486588206384462,0.999948397750142,0.8999999999999999,19379.0,0.0
D01154_06_fill_holes_and_orientation.obj,d01154,Tool,9,1,0,19378,7,19388,1.9645107980304755,0.6759717665771946,9,1,0,19378,1.0,0.9999483977501419,0.9,1.0,0.0,5.1602249858093815e-05,0.1,0.0,0.9,0.9999484217041469,0.9473684210526316,0.9183673469387754,0.9782608695652175,0.9486588206384462,0.999948397750142,0.8999999999999999,19379.0,0.0
D01156_06_fill_holes_and_orientation.obj,d01156,Tool,10,0,0,19378,7,19388,2.136515605242546,0.6891440501043842,10,0,0,19378,1.0,1.0,1.0,1.0,0.0,0.0,0.0,0.0,1.0,1.0,1.0,1.0,1.0,1.0,1.0,1.0,,0.0
D01159_06_fill_holes_and_orientation.obj,d01159,Tool,10,0,0,19378,7,19388,2.2161717858229664,0.6994830500049707,10,0,0,19378,1.0,1.0,1.0,1.0,0.0,0.0,0.0,0.0,1.0,1.0,1.0,1.0,1.0,1.0,1.0,1.0,,0.0
D01165_06_fill_holes_and_orientation.obj,d01165,Tool,9,1,0,19378,7,19388,2.1853633600822877,0.7079033701163138,9,1,0,19378,1.0,0.9999483977501419,0.9,1.0,0.0,5.1602249858093815e-05,0.1,0.0,0.9,0.9999484217041469,0.9473684210526316,0.9183673469387754,0.9782608695652175,0.9486588206384462,0.999948397750142,0.8999999999999999,19379.0,0.0
D01176_06_fill_holes_and_orientation.obj,d01176,Tool,4,6,3,19375,7,19388,1.0075568558564936,0.7571030917586241,4,6,3,19375,0.5714285714285714,0.9996904184510603,0.4,0.9998451852616369,0.42857142857142855,0.00030958154893968317,0.6,0.00015481473836309216,0.3076923076923077,0.9995357953373221,0.47058823529411764,0.425531914893617,0.5263157894736841,0.4778694155466117,0.5711189898796318,0.3998451852616369,1845.8095238095239,0.4287041474654378
m1099_06_fill_holes_and_orientation.obj,m1099,Tool,0,10,7,19371,7,19388,0.12888912218019216,0.6267322795506511,0,10,7,19371,0.0,0.9994840307517672,0.0,0.9996387656104861,1.0,0.0005159692482328053,1.0,0.0003612343895138817,0.0,0.9991231689704972,,,,-0.0004317242596766064,-0.0005159692482328282,-0.00036123438951385367,0.0,1.0005162356099324
m1100_06_fill_holes_and_orientation.obj,m1100,Tool,0,10,7,19371,7,19388,0.1632638034454243,0.6632866090068595,0,10,7,19371,0.0,0.9994840307517672,0.0,0.9996387656104861,1.0,0.0005159692482328053,1.0,0.0003612343895138817,0.0,0.9991231689704972,,,,-0.0004317242596766064,-0.0005159692482328282,-0.00036123438951385367,0.0,1.0005162356099324
m1102_06_fill_holes_and_orientation.obj,m1102,Tool,0,10,7,19371,7,19388,0.2313067662819607,0.7817675713291581,0,10,7,19371,0.0,0.9994840307517672,0.0,0.9996387656104861,1.0,0.0005159692482328053,1.0,0.0003612343895138817,0.0,0.9991231689704972,,,,-0.0004317242596766064,-0.0005159692482328282,-0.00036123438951385367,0.0,1.0005162356099324
m1103_06_fill_holes_and_orientation.obj,m1103,Tool,3,7,4,19374,7,19388,0.5158487665233467,0.7405706332637438,3,7,4,19374,0.42857142857142855,0.9996388215262371,0.3,0.9997935803488492,0.5714285714285714,0.00036117847376296373,0.7,0.00020641965115078957,0.21428571428571427,0.9994326387456158,0.3529411764705882,0.3191489361702127,0.3947368421052631,0.3582941305950396,0.42821025009766567,0.2997935803488492,1186.5918367346937,0.5716350336975917
m1104_06_fill_holes_and_orientation.obj,m1104,Tool,3,7,4,19374,7,19388,0.38199358865497485,0.738443185207277,3,7,4,19374,0.42857142857142855,0.9996388215262371,0.3,0.9997935803488492,0.5714285714285714,0.00036117847376296373,0.7,0.00020641965115078957,0.21428571428571427,0.9994326387456158,0.3529411764705882,0.3191489361702127,0.3947368421052631,0.3582941305950396,0.42821025009766567,0.2997935803488492,1186.5918367346937,0.5716350336975917
m1105_06_fill_holes_and_orientation.obj,m1105,Tool,1,9,6,19372,7,19388,0.2574019670498329,0.7104781787454022,1,9,6,19372,0.14285714285714285,0.9995356276765904,0.1,0.9996903705232738,0.8571428571428571,0.0004643723234095248,0.9,0.0003096294767261843,0.0625,0.9992263255622035,0.11764705882352941,0.10638297872340426,0.13157894736842102,0.11914356069189547,0.14239277053373334,0.0996903705232739,307.6349206349206,0.857541075484499
m1106_06_fill_holes_and_orientation.obj,m1106,Tool,2,8,5,19373,7,19388,0.28352758968590275,0.7126255094939855,2,8,5,19373,0.2857142857142857,0.9995872246014138,0.2,0.9997419754360615,0.7142857142857143,0.00041277539858624424,0.8,0.0002580245639384869,0.13333333333333333,0.9993294821539096,0.23529411764705882,0.2127659574468085,0.26315789473684204,0.23871884564346754,0.2853015103156995,0.19974197543606143,692.1785714285714,0.7145806756089108
m1107_06_fill_holes_and_orientation.obj,m1107,Tool,0,10,7,19371,7,19388,0.19449835959571934,0.7268615170494085,0,10,7,19371,0.0,0.9994840307517672,0.0,0.9996387656104861,1.0,0.0005159692482328053,1.0,0.0003612343895138817,0.0,0.9991231689704972,,,,-0.0004317242596766064,-0.0005159692482328282,-0.00036123438951385367,0.0,1.0005162356099324
m1108_06_fill_holes_and_orientation.obj,m1108,Tool,2,8,5,19373,7,19388,0.4649989986505029,0.7584849388607217,2,8,5,19373,0.2857142857142857,0.9995872246014138,0.2,0.9997419754360615,0.7142857142857143,0.00041277539858624424,0.8,0.0002580245639384869,0.13333333333333333,0.9993294821539096,0.23529411764705882,0.2127659574468085,0.26315789473684204,0.23871884564346754,0.2853015103156995,0.19974197543606143,692.1785714285714,0.7145806756089108
m1109_06_fill_holes_and_orientation.obj,m1109,Tool,0,10,7,19371,7,19388,0.21352686778690727,0.6735063127547469,0,10,7,19371,0.0,0.9994840307517672,0.0,0.9996387656104861,1.0,0.0005159692482328053,1.0,0.0003612343895138817,0.0,0.9991231689704972,,,,-0.0004317242596766064,-0.0005159692482328282,-0.00036123438951385367,0.0,1.0005162356099324
m1110_06_fill_holes_and_orientation.obj,m1110,Tool,1,9,6,19372,7,19388,0.20683393675836628,0.686847599164927,1,9,6,19372,0.14285714285714285,0.9995356276765904,0.1,0.9996903705232738,0.8571428571428571,0.0004643723234095248,0.9,0.0003096294767261843,0.0625,0.9992263255622035,0.11764705882352941,0.10638297872340426,0.13157894736842102,0.11914356069189547,0.14239277053373334,0.0996903705232739,307.6349206349206,0.857541075484499
m1111_06_fill_holes_and_orientation.obj,m1111,Tool,0,10,7,19371,7,19388,0.18951593598083274,0.6789044636643802,0,10,7,19371,0.0,0.9994840307517672,0.0,0.9996387656104861,1.0,0.0005159692482328053,1.0,0.0003612343895138817,0.0,0.9991231689704972,,,,-0.0004317242596766064,-0.0005159692482328282,-0.00036123438951385367,0.0,1.0005162356099324
m1112_06_fill_holes_and_orientation.obj,m1112,Tool,1,9,6,19372,7,19388,0.2669436538636587,0.7147032508201612,1,9,6,19372,0.14285714285714285,0.9995356276765904,0.1,0.9996903705232738,0.8571428571428571,0.0004643723234095248,0.9,0.0003096294767261843,0.0625,0.9992263255622035,0.11764705882352941,0.10638297872340426,0.13157894736842102,0.11914356069189547,0.14239277053373334,0.0996903705232739,307.6349206349206,0.857541075484499
m1113_06_fill_holes_and_orientation.obj,m1113,Tool,0,10,7,19371,7,19388,0.16843789251055905,0.6456506610995129,0,10,7,19371,0.0,0.9994840307517672,0.0,0.9996387656104861,1.0,0.0005159692482328053,1.0,0.0003612343895138817,0.0,0.9991231689704972,,,,-0.0004317242596766064,-0.0005159692482328282,-0.00036123438951385367,0.0,1.0005162356099324
m1114_06_fill_holes_and_orientation.obj,m1114,Tool,1,9,6,19372,7,19388,0.34677072438001605,0.7175564171388806,1,9,6,19372,0.14285714285714285,0.9995356276765904,0.1,0.9996903705232738,0.8571428571428571,0.0004643723234095248,0.9,0.0003096294767261843,0.0625,0.9992263255622035,0.11764705882352941,0.10638297872340426,0.13157894736842102,0.11914356069189547,0.14239277053373334,0.0996903705232739,307.6349206349206,0.857541075484499
m1115_06_fill_holes_and_orientation.obj,m1115,Tool,1,9,6,19372,7,19388,0.3428885729277,0.7031911720847003,1,9,6,19372,0.14285714285714285,0.9995356276765904,0.1,0.9996903705232738,0.8571428571428571,0.0004643723234095248,0.9,0.0003096294767261843,0.0625,0.9992263255622035,0.11764705882352941,0.10638297872340426,0.13157894736842102,0.11914356069189547,0.14239277053373334,0.0996903705232739,307.6349206349206,0.857541075484499
m1116_06_fill_holes_and_orientation.obj,m1116,Tool,2,8,5,19373,7,19388,0.3902948051230452,0.7174768863704146,2,8,5,19373,0.2857142857142857,0.9995872246014138,0.2,0.9997419754360615,0.7142857142857143,0.00041277539858624424,0.8,0.0002580245639384869,0.13333333333333333,0.9993294821539096,0.23529411764705882,0.2127659574468085,0.26315789473684204,0.23871884564346754,0.2853015103156995,0.19974197543606143,692.1785714285714,0.7145806756089108
m1117_06_fill_holes_and_orientation.obj,m1117,Tool,1,9,6,19372,7,19388,0.26528369886889697,0.7392384928919375,1,9,6,19372,0.14285714285714285,0.9995356276765904,0.1,0.9996903705232738,0.8571428571428571,0.0004643723234095248,0.9,0.0003096294767261843,0.0625,0.9992263255622035,0.11764705882352941,0.10638297872340426,0.13157894736842102,0.11914356069189547,0.14239277053373334,0.0996903705232739,307.6349206349206,0.857541075484499
m587_06_fill_holes_and_orientation.obj,m587,Tool,1,9,6,19372,7,19388,0.19436473821989633,0.5774530271398748,1,9,6,19372,0.14285714285714285,0.9995356276765904,0.1,0.9996903705232738,0.8571428571428571,0.0004643723234095248,0.9,0.0003096294767261843,0.0625,0.9992263255622035,0.11764705882352941,0.10638297872340426,0.13157894736842102,0.11914356069189547,0.14239277053373334,0.0996903705232739,307.6349206349206,0.857541075484499
m588_06_fill_holes_and_orientation.obj,m588,Tool,0,10,7,19371,7,19388,0.09060825310412872,0.44013321403718064,0,10,7,19371,0.0,0.9994840307517672,0.0,0.9996387656104861,1.0,0.0005159692482328053,1.0,0.0003612343895138817,0.0,0.9991231689704972,,,,-0.0004317242596766064,-0.0005159692482328282,-0.00036123438951385367,0.0,1.0005162356099324
m589_06_fill_holes_and_orientation.obj,m589,Tool,0,10,7,19371,7,19388,0.16944866222826302,0.6055174470623322,0,10,7,19371,0.0,0.9994840307517672,0.0,0.9996387656104861,1.0,0.0005159692482328053,1.0,0.0003612343895138817,0.0,0.9991231689704972,,,,-0.0004317242596766064,-0.0005159692482328282,-0.00036123438951385367,0.0,1.0005162356099324
m590_06_fill_holes_and_orientation.obj,m590,Tool,0,10,7,19371,7,19388,0.14600928921383388,0.6146038373595785,0,10,7,19371,0.0,0.9994840307517672,0.0,0.9996387656104861,1.0,0.0005159692482328053,1.0,0.0003612343895138817,0.0,0.9991231689704972,,,,-0.0004317242596766064,-0.0005159692482328282,-0.00036123438951385367,0.0,1.0005162356099324
m591_06_fill_holes_and_orientation.obj,m591,Tool,0,10,7,19371,7,19388,0.18869143826141707,0.6692514166418133,0,10,7,19371,0.0,0.9994840307517672,0.0,0.9996387656104861,1.0,0.0005159692482328053,1.0,0.0003612343895138817,0.0,0.9991231689704972,,,,-0.0004317242596766064,-0.0005159692482328282,-0.00036123438951385367,0.0,1.0005162356099324
D01008_06_fill_holes_and_orientation.obj,d01008,Train,1,9,6,19372,7,19388,0.0998604752386043,0.5781160499484478,1,9,6,19372,0.14285714285714285,0.9995356276765904,0.1,0.9996903705232738,0.8571428571428571,0.0004643723234095248,0.9,0.0003096294767261843,0.0625,0.9992263255622035,0.11764705882352941,0.10638297872340426,0.13157894736842102,0.11914356069189547,0.14239277053373334,0.0996903705232739,307.6349206349206,0.857541075484499
D01014_06_fill_holes_and_orientation.obj,d01014,Train,1,9,6,19372,7,19388,0.2070704482317325,0.6133148126933212,1,9,6,19372,0.14285714285714285,0.9995356276765904,0.1,0.9996903705232738,0.8571428571428571,0.0004643723234095248,0.9,0.0003096294767261843,0.0625,0.9992263255622035,0.11764705882352941,0.10638297872340426,0.13157894736842102,0.11914356069189547,0.14239277053373334,0.0996903705232739,307.6349206349206,0.857541075484499
D01016_06_fill_holes_and_orientation.obj,d01016,Train,0,10,6,19372,6,19388,0.05150480157633236,0.4766725856340932,0,10,6,19372,0.0,0.9994840573728201,0.0,0.9996903705232738,1.0,0.0005159426271798576,1.0,0.0003096294767261843,0.0,0.9991747472663504,,,,-0.00039968868594749107,-0.0005159426271799106,-0.000309629476726192,0.0,1.0005162089613877
D01027_06_fill_holes_and_orientation.obj,d01027,Train,0,10,7,19371,7,19388,0.06447800140141181,0.5298573719784626,0,10,7,19371,0.0,0.9994840307517672,0.0,0.9996387656104861,1.0,0.0005159692482328053,1.0,0.0003612343895138817,0.0,0.9991231689704972,,,,-0.0004317242596766064,-0.0005159692482328282,-0.00036123438951385367,0.0,1.0005162356099324
D01031_06_fill_holes_and_orientation.obj,d01031,Train,0,10,7,19371,7,19388,0.05858823041624261,0.5595715431320885,0,10,7,19371,0.0,0.9994840307517672,0.0,0.9996387656104861,1.0,0.0005159692482328053,1.0,0.0003612343895138817,0.0,0.9991231689704972,,,,-0.0004317242596766064,-0.0005159692482328282,-0.00036123438951385367,0.0,1.0005162356099324
D01035_06_fill_holes_and_orientation.obj,d01035,Train,1,9,6,19372,7,19388,0.16554411628246782,0.6919893458586321,1,9,6,19372,0.14285714285714285,0.9995356276765904,0.1,0.9996903705232738,0.8571428571428571,0.0004643723234095248,0.9,0.0003096294767261843,0.0625,0.9992263255622035,0.11764705882352941,0.10638297872340426,0.13157894736842102,0.11914356069189547,0.14239277053373334,0.0996903705232739,307.6349206349206,0.857541075484499
D01047_06_fill_holes_and_orientation.obj,d01047,Train,1,9,6,19372,7,19388,0.15758961564294752,0.6389907205865506,1,9,6,19372,0.14285714285714285,0.9995356276765904,0.1,0.9996903705232738,0.8571428571428571,0.0004643723234095248,0.9,0.0003096294767261843,0.0625,0.9992263255622035,0.11764705882352941,0.10638297872340426,0.13157894736842102,0.11914356069189547,0.14239277053373334,0.0996903705232739,307.6349206349206,0.857541075484499
D01055_06_fill_holes_and_orientation.obj,d01055,Train,1,9,6,19372,7,19388,0.11469303325324307,0.6846431435445068,1,9,6,19372,0.14285714285714285,0.9995356276765904,0.1,0.9996903705232738,0.8571428571428571,0.0004643723234095248,0.9,0.0003096294767261843,0.0625,0.9992263255622035,0.11764705882352941,0.10638297872340426,0.13157894736842102,0.11914356069189547,0.14239277053373334,0.0996903705232739,307.6349206349206,0.857541075484499
D01059_06_fill_holes_and_orientation.obj,d01059,Train,0,10,6,19372,6,19388,0.10027264726345579,0.6444180318478634,0,10,6,19372,0.0,0.9994840573728201,0.0,0.9996903705232738,1.0,0.0005159426271798576,1.0,0.0003096294767261843,0.0,0.9991747472663504,,,,-0.00039968868594749107,-0.0005159426271799106,-0.000309629476726192,0.0,1.0005162089613877
D01061_06_fill_holes_and_orientation.obj,d01061,Train,1,9,6,19372,7,19388,0.2233818500101088,0.6422700194753121,1,9,6,19372,0.14285714285714285,0.9995356276765904,0.1,0.9996903705232738,0.8571428571428571,0.0004643723234095248,0.9,0.0003096294767261843,0.0625,0.9992263255622035,0.11764705882352941,0.10638297872340426,0.13157894736842102,0.11914356069189547,0.14239277053373334,0.0996903705232739,307.6349206349206,0.857541075484499
D01064_06_fill_holes_and_orientation.obj,d01064,Train,0,10,7,19371,7,19388,0.07260294394844995,0.5860207354794364,0,10,7,19371,0.0,0.9994840307517672,0.0,0.9996387656104861,1.0,0.0005159692482328053,1.0,0.0003612343895138817,0.0,0.9991231689704972,,,,-0.0004317242596766064,-0.0005159692482328282,-0.00036123438951385367,0.0,1.0005162356099324
D01089_06_fill_holes_and_orientation.obj,d01089,Train,0,10,7,19371,7,19388,0.06648539621757747,0.5874670638102876,0,10,7,19371,0.0,0.9994840307517672,0.0,0.9996387656104861,1.0,0.0005159692482328053,1.0,0.0003612343895138817,0.0,0.9991231689704972,,,,-0.0004317242596766064,-0.0005159692482328282,-0.00036123438951385367,0.0,1.0005162356099324
D01094_06_fill_holes_and_orientation.obj,d01094,Train,0,10,7,19371,7,19388,0.06039325038751599,0.5976772826211478,0,10,7,19371,0.0,0.9994840307517672,0.0,0.9996387656104861,1.0,0.0005159692482328053,1.0,0.0003612343895138817,0.0,0.9991231689704972,,,,-0.0004317242596766064,-0.0005159692482328282,-0.00036123438951385367,0.0,1.0005162356099324
D01095_06_fill_holes_and_orientation.obj,d01095,Train,0,10,7,19371,7,19388,0.1292835510961239,0.6735593997021423,0,10,7,19371,0.0,0.9994840307517672,0.0,0.9996387656104861,1.0,0.0005159692482328053,1.0,0.0003612343895138817,0.0,0.9991231689704972,,,,-0.0004317242596766064,-0.0005159692482328282,-0.00036123438951385367,0.0,1.0005162356099324
D01134_06_fill_holes_and_orientation.obj,d01134,Train,3,7,4,19374,7,19388,0.209505468807696,0.6996935502348494,3,7,4,19374,0.42857142857142855,0.9996388215262371,0.3,0.9997935803488492,0.5714285714285714,0.00036117847376296373,0.7,0.00020641965115078957,0.21428571428571427,0.9994326387456158,0.3529411764705882,0.3191489361702127,0.3947368421052631,0.3582941305950396,0.42821025009766567,0.2997935803488492,1186.5918367346937,0.5716350336975917
D01137_06_fill_holes_and_orientation.obj,d01137,Train,0,10,7,19371,7,19388,0.0818410867383211,0.6358832626875931,0,10,7,19371,0.0,0.9994840307517672,0.0,0.9996387656104861,1.0,0.0005159692482328053,1.0,0.0003612343895138817,0.0,0.9991231689704972,,,,-0.0004317242596766064,-0.0005159692482328282,-0.00036123438951385367,0.0,1.0005162356099324
D01147_06_fill_holes_and_orientation.obj,d01147,Train,1,9,6,19372,7,19388,0.13931641772327868,0.6421984190628938,1,9,6,19372,0.14285714285714285,0.9995356276765904,0.1,0.9996903705232738,0.8571428571428571,0.0004643723234095248,0.9,0.0003096294767261843,0.0625,0.9992263255622035,0.11764705882352941,0.10638297872340426,0.13157894736842102,0.11914356069189547,0.14239277053373334,0.0996903705232739,307.6349206349206,0.857541075484499
D01149_06_fill_holes_and_orientation.obj,d01149,Train,1,9,6,19372,7,19388,0.2174731505980296,0.6494300607171497,1,9,6,19372,0.14285714285714285,0.9995356276765904,0.1,0.9996903705232738,0.8571428571428571,0.0004643723234095248,0.9,0.0003096294767261843,0.0625,0.9992263255622035,0.11764705882352941,0.10638297872340426,0.13157894736842102,0.11914356069189547,0.14239277053373334,0.0996903705232739,307.6349206349206,0.857541075484499
D01163_06_fill_holes_and_orientation.obj,d01163,Train,1,9,6,19372,7,19388,0.11221318849398913,0.5998396150761829,1,9,6,19372,0.14285714285714285,0.9995356276765904,0.1,0.9996903705232738,0.8571428571428571,0.0004643723234095248,0.9,0.0003096294767261843,0.0625,0.9992263255622035,0.11764705882352941,0.10638297872340426,0.13157894736842102,0.11914356069189547,0.14239277053373334,0.0996903705232739,307.6349206349206,0.857541075484499
D01180_06_fill_holes_and_orientation.obj,d01180,Train,2,8,5,19373,7,19388,0.22903581575911572,0.7002520334517127,2,8,5,19373,0.2857142857142857,0.9995872246014138,0.2,0.9997419754360615,0.7142857142857143,0.00041277539858624424,0.8,0.0002580245639384869,0.13333333333333333,0.9993294821539096,0.23529411764705882,0.2127659574468085,0.26315789473684204,0.23871884564346754,0.2853015103156995,0.19974197543606143,692.1785714285714,0.7145806756089108
m1578_06_fill_holes_and_orientation.obj,m1578,Train,0,10,7,19371,7,19388,0.07166286352008706,0.6219641425134609,0,10,7,19371,0.0,0.9994840307517672,0.0,0.9996387656104861,1.0,0.0005159692482328053,1.0,0.0003612343895138817,0.0,0.9991231689704972,,,,-0.0004317242596766064,-0.0005159692482328282,-0.00036123438951385367,0.0,1.0005162356099324
m1580_06_fill_holes_and_orientation.obj,m1580,Train,0,10,7,19371,7,19388,0.10887023176684565,0.6485135754381945,0,10,7,19371,0.0,0.9994840307517672,0.0,0.9996387656104861,1.0,0.0005159692482328053,1.0,0.0003612343895138817,0.0,0.9991231689704972,,,,-0.0004317242596766064,-0.0005159692482328282,-0.00036123438951385367,0.0,1.0005162356099324
m1581_06_fill_holes_and_orientation.obj,m1581,Train,3,7,4,19374,7,19388,0.36753676361858495,0.6867338755871234,3,7,4,19374,0.42857142857142855,0.9996388215262371,0.3,0.9997935803488492,0.5714285714285714,0.00036117847376296373,0.7,0.00020641965115078957,0.21428571428571427,0.9994326387456158,0.3529411764705882,0.3191489361702127,0.3947368421052631,0.3582941305950396,0.42821025009766567,0.2997935803488492,1186.5918367346937,0.5716350336975917
m1582_06_fill_holes_and_orientation.obj,m1582,Train,2,8,4,19374,6,19388,0.3283822873974725,0.681550005728033,2,8,4,19374,0.3333333333333333,0.9995872458982561,0.2,0.9997935803488492,0.6666666666666666,0.0004127541017438861,0.8,0.00020641965115078957,0.14285714285714285,0.9993810604497627,0.25,0.21739130434782608,0.29411764705882354,0.25790578608571774,0.33292057923158946,0.1997935803488493,807.5833333333333,0.6669419496920271
m1583_06_fill_holes_and_orientation.obj,m1583,Train,0,10,7,19371,7,19388,0.046229478971782666,0.4652021995646695,0,10,7,19371,0.0,0.9994840307517672,0.0,0.9996387656104861,1.0,0.0005159692482328053,1.0,0.0003612343895138817,0.0,0.9991231689704972,,,,-0.0004317242596766064,-0.0005159692482328282,-0.00036123438951385367,0.0,1.0005162356099324
m1584_06_fill_holes_and_orientation.obj,m1584,Train,0,10,7,19371,7,19388,0.07191699822574651,0.6093195096803758,0,10,7,19371,0.0,0.9994840307517672,0.0,0.9996387656104861,1.0,0.0005159692482328053,1.0,0.0003612343895138817,0.0,0.9991231689704972,,,,-0.0004317242596766064,-0.0005159692482328282,-0.00036123438951385367,0.0,1.0005162356099324
m1585_06_fill_holes_and_orientation.obj,m1585,Train,0,10,7,19371,7,19388,0.06981458525676805,0.5419864818421355,0,10,7,19371,0.0,0.9994840307517672,0.0,0.9996387656104861,1.0,0.0005159692482328053,1.0,0.0003612343895138817,0.0,0.9991231689704972,,,,-0.0004317242596766064,-0.0005159692482328282,-0.00036123438951385367,0.0,1.0005162356099324
m1586_06_fill_holes_and_orientation.obj,m1586,Train,0,10,7,19371,7,19388,0.09163336845014405,0.5834717607973423,0,10,7,19371,0.0,0.9994840307517672,0.0,0.9996387656104861,1.0,0.0005159692482328053,1.0,0.0003612343895138817,0.0,0.9991231689704972,,,,-0.0004317242596766064,-0.0005159692482328282,-0.00036123438951385367,0.0,1.0005162356099324
m1587_06_fill_holes_and_orientation.obj,m1587,Train,1,9,6,19372,7,19388,0.0900829878195948,0.5566359262229351,1,9,6,19372,0.14285714285714285,0.9995356276765904,0.1,0.9996903705232738,0.8571428571428571,0.0004643723234095248,0.9,0.0003096294767261843,0.0625,0.9992263255622035,0.11764705882352941,0.10638297872340426,0.13157894736842102,0.11914356069189547,0.14239277053373334,0.0996903705232739,307.6349206349206,0.857541075484499
m1588_06_fill_holes_and_orientation.obj,m1588,Train,2,8,5,19373,7,19388,0.30919610784971974,0.7197416657119946,2,8,5,19373,0.2857142857142857,0.9995872246014138,0.2,0.9997419754360615,0.7142857142857143,0.00041277539858624424,0.8,0.0002580245639384869,0.13333333333333333,0.9993294821539096,0.23529411764705882,0.2127659574468085,0.26315789473684204,0.23871884564346754,0.2853015103156995,0.19974197543606143,692.1785714285714,0.7145806756089108
D00096_06_fill_holes_and_orientation.obj,d00096,Tree,0,10,7,19371,7,19388,0.30970308255112605,0.7420475659606094,0,10,7,19371,0.0,0.9994840307517672,0.0,0.9996387656104861,1.0,0.0005159692482328053,1.0,0.0003612343895138817,0.0,0.9991231689704972,,,,-0.0004317242596766064,-0.0005159692482328282,-0.00036123438951385367,0.0,1.0005162356099324
D00200_06_fill_holes_and_orientation.obj,d00200,Tree,7,3,0,19378,7,19388,1.6017051015285602,0.8142419175027871,7,3,0,19378,1.0,0.9998452092255301,0.7,1.0,0.0,0.00015479077446984158,0.3,0.0,0.7,0.9998452651124407,0.8235294117647058,0.7446808510638298,0.9210526315789475,0.836595270401328,0.9998452092255301,0.7,6460.333333333334,0.0
D00221_06_fill_holes_and_orientation.obj,d00221,Tree,4,6,3,19375,7,19388,1.2300214611793616,0.7836677814938684,4,6,3,19375,0.5714285714285714,0.9996904184510603,0.4,0.9998451852616369,0.42857142857142855,0.00030958154893968317,0.6,0.00015481473836309216,0.3076923076923077,0.9995357953373221,0.47058823529411764,0.425531914893617,0.5263157894736841,0.4778694155466117,0.5711189898796318,0.3998451852616369,1845.8095238095239,0.4287041474654378
D00223_06_fill_holes_and_orientation.obj,d00223,Tree,5,5,2,19376,7,19388,1.1868351895978135,0.7402081010776662,5,5,2,19376,0.7142857142857143,0.9997420153758836,0.5,0.9998967901744246,0.2857142857142857,0.00025798462411640266,0.5,0.00010320982557539478,0.4166666666666667,0.9996389519290283,0.588235294117647,0.5319148936170213,0.6578947368421053,0.5974447004981838,0.714027729661598,0.4998967901744247,2768.714285714286,0.28578801462781644
D00367_06_fill_holes_and_orientation.obj,d00367,Tree,4,6,3,19375,7,19388,1.0735933983055486,0.8321163136380528,4,6,3,19375,0.5714285714285714,0.9996904184510603,0.4,0.9998451852616369,0.42857142857142855,0.00030958154893968317,0.6,0.00015481473836309216,0.3076923076923077,0.9995357953373221,0.47058823529411764,0.425531914893617,0.5263157894736841,0.4778694155466117,0.5711189898796318,0.3998451852616369,1845.8095238095239,0.4287041474654378
D00385_06_fill_holes_and_orientation.obj,d00385,Tree,5,5,2,19376,7,19388,1.4884501603352163,0.773950204384987,5,5,2,19376,0.7142857142857143,0.9997420153758836,0.5,0.9998967901744246,0.2857142857142857,0.00025798462411640266,0.5,0.00010320982557539478,0.4166666666666667,0.9996389519290283,0.588235294117647,0.5319148936170213,0.6578947368421053,0.5974447004981838,0.714027729661598,0.4998967901744247,2768.714285714286,0.28578801462781644
D00393_06_fill_holes_and_orientation.obj,d00393,Tree,6,4,1,19377,7,19388,1.1200342078104106,0.7270438498699369,6,4,1,19377,0.8571428571428571,0.9997936123007068,0.6,0.9999483950872123,0.14285714285714285,0.00020638769929312212,0.4,5.160491278769739e-05,0.5454545454545454,0.9997421085207345,0.7058823529411764,0.6382978723404255,0.7894736842105262,0.7170199854497559,0.8569364694435639,0.5999483950872122,4153.071428571428,0.14288663290056694
D00439_06_fill_holes_and_orientation.obj,d00439,Tree,5,5,2,19376,7,19388,0.8113011557141563,0.6849498327759197,5,5,2,19376,0.7142857142857143,0.9997420153758836,0.5,0.9998967901744246,0.2857142857142857,0.00025798462411640266,0.5,0.00010320982557539478,0.4166666666666667,0.9996389519290283,0.588235294117647,0.5319148936170213,0.6578947368421053,0.5974447004981838,0.714027729661598,0.4998967901744247,2768.714285714286,0.28578801462781644
D00456_06_fill_holes_and_orientation.obj,d00456,Tree,0,10,7,19371,7,19388,0.136463623257817,0.5911464139725009,0,10,7,19371,0.0,0.9994840307517672,0.0,0.9996387656104861,1.0,0.0005159692482328053,1.0,0.0003612343895138817,0.0,0.9991231689704972,,,,-0.0004317242596766064,-0.0005159692482328282,-0.00036123438951385367,0.0,1.0005162356099324
D00479_06_fill_holes_and_orientation.obj,d00479,Tree,5,5,2,19376,7,19388,1.3092590762539427,0.8110182088442959,5,5,2,19376,0.7142857142857143,0.9997420153758836,0.5,0.9998967901744246,0.2857142857142857,0.00025798462411640266,0.5,0.00010320982557539478,0.4166666666666667,0.9996389519290283,0.588235294117647,0.5319148936170213,0.6578947368421053,0.5974447004981838,0.714027729661598,0.4998967901744247,2768.714285714286,0.28578801462781644
D00533_06_fill_holes_and_orientation.obj,d00533,Tree,6,4,1,19377,7,19388,1.291226992793926,0.7996098104793757,6,4,1,19377,0.8571428571428571,0.9997936123007068,0.6,0.9999483950872123,0.14285714285714285,0.00020638769929312212,0.4,5.160491278769739e-05,0.5454545454545454,0.9997421085207345,0.7058823529411764,0.6382978723404255,0.7894736842105262,0.7170199854497559,0.8569364694435639,0.5999483950872122,4153.071428571428,0.14288663290056694
D00573_06_fill_holes_and_orientation.obj,d00573,Tree,3,7,4,19374,7,19388,0.8506238958875751,0.7954106280193237,3,7,4,19374,0.42857142857142855,0.9996388215262371,0.3,0.9997935803488492,0.5714285714285714,0.00036117847376296373,0.7,0.00020641965115078957,0.21428571428571427,0.9994326387456158,0.3529411764705882,0.3191489361702127,0.3947368421052631,0.3582941305950396,0.42821025009766567,0.2997935803488492,1186.5918367346937,0.5716350336975917
D00612_06_fill_holes_and_orientation.obj,d00612,Tree,6,4,1,19377,7,19388,1.2856717151414203,0.8064938684503902,6,4,1,19377,0.8571428571428571,0.9997936123007068,0.6,0.9999483950872123,0.14285714285714285,0.00020638769929312212,0.4,5.160491278769739e-05,0.5454545454545454,0.9997421085207345,0.7058823529411764,0.6382978723404255,0.7894736842105262,0.7170199854497559,0.8569364694435639,0.5999483950872122,4153.071428571428,0.14288663290056694
D00727_06_fill_holes_and_orientation.obj,d00727,Tree,1,9,6,19372,7,19388,0.4919215424878125,0.6731140839836492,1,9,6,19372,0.14285714285714285,0.9995356276765904,0.1,0.9996903705232738,0.8571428571428571,0.0004643723234095248,0.9,0.0003096294767261843,0.0625,0.9992263255622035,0.11764705882352941,0.10638297872340426,0.13157894736842102,0.11914356069189547,0.14239277053373334,0.0996903705232739,307.6349206349206,0.857541075484499
D00765_06_fill_holes_and_orientation.obj,d00765,Tree,5,5,2,19376,7,19388,1.4179546118042414,0.8409141583054627,5,5,2,19376,0.7142857142857143,0.9997420153758836,0.5,0.9998967901744246,0.2857142857142857,0.00025798462411640266,0.5,0.00010320982557539478,0.4166666666666667,0.9996389519290283,0.588235294117647,0.5319148936170213,0.6578947368421053,0.5974447004981838,0.714027729661598,0.4998967901744247,2768.714285714286,0.28578801462781644
D00777_06_fill_holes_and_orientation.obj,d00777,Tree,4,6,3,19375,7,19388,1.636966746915639,0.848634336677815,4,6,3,19375,0.5714285714285714,0.9996904184510603,0.4,0.9998451852616369,0.42857142857142855,0.00030958154893968317,0.6,0.00015481473836309216,0.3076923076923077,0.9995357953373221,0.47058823529411764,0.425531914893617,0.5263157894736841,0.4778694155466117,0.5711189898796318,0.3998451852616369,1845.8095238095239,0.4287041474654378
D00810_06_fill_holes_and_orientation.obj,d00810,Tree,4,6,3,19375,7,19388,1.3426084398210627,0.8172426607209217,4,6,3,19375,0.5714285714285714,0.9996904184510603,0.4,0.9998451852616369,0.42857142857142855,0.00030958154893968317,0.6,0.00015481473836309216,0.3076923076923077,0.9995357953373221,0.47058823529411764,0.425531914893617,0.5263157894736841,0.4778694155466117,0.5711189898796318,0.3998451852616369,1845.8095238095239,0.4287041474654378
D00834_06_fill_holes_and_orientation.obj,d00834,Tree,4,6,3,19375,7,19388,1.1538457134676414,0.785934596804162,4,6,3,19375,0.5714285714285714,0.9996904184510603,0.4,0.9998451852616369,0.42857142857142855,0.00030958154893968317,0.6,0.00015481473836309216,0.3076923076923077,0.9995357953373221,0.47058823529411764,0.425531914893617,0.5263157894736841,0.4778694155466117,0.5711189898796318,0.3998451852616369,1845.8095238095239,0.4287041474654378
D00911_06_fill_holes_and_orientation.obj,d00911,Tree,5,5,2,19376,7,19388,1.3968817345026001,0.7848383500557414,5,5,2,19376,0.7142857142857143,0.9997420153758836,0.5,0.9998967901744246,0.2857142857142857,0.00025798462411640266,0.5,0.00010320982557539478,0.4166666666666667,0.9996389519290283,0.588235294117647,0.5319148936170213,0.6578947368421053,0.5974447004981838,0.714027729661598,0.4998967901744247,2768.714285714286,0.28578801462781644
D00996_06_fill_holes_and_orientation.obj,d00996,Tree,3,7,4,19374,7,19388,1.0510042044093983,0.7679301374953549,3,7,4,19374,0.42857142857142855,0.9996388215262371,0.3,0.9997935803488492,0.5714285714285714,0.00036117847376296373,0.7,0.00020641965115078957,0.21428571428571427,0.9994326387456158,0.3529411764705882,0.3191489361702127,0.3947368421052631,0.3582941305950396,0.42821025009766567,0.2997935803488492,1186.5918367346937,0.5716350336975917
m1050_06_fill_holes_and_orientation.obj,m1050,Tree,4,6,3,19375,7,19388,1.5632285337564713,0.8327015979189893,4,6,3,19375,0.5714285714285714,0.9996904184510603,0.4,0.9998451852616369,0.42857142857142855,0.00030958154893968317,0.6,0.00015481473836309216,0.3076923076923077,0.9995357953373221,0.47058823529411764,0.425531914893617,0.5263157894736841,0.4778694155466117,0.5711189898796318,0.3998451852616369,1845.8095238095239,0.4287041474654378
m1062_06_fill_holes_and_orientation.obj,m1062,Tree,2,8,5,19373,7,19388,0.613019119849296,0.769435154217763,2,8,5,19373,0.2857142857142857,0.9995872246014138,0.2,0.9997419754360615,0.7142857142857143,0.00041277539858624424,0.8,0.0002580245639384869,0.13333333333333333,0.9993294821539096,0.23529411764705882,0.2127659574468085,0.26315789473684204,0.23871884564346754,0.2853015103156995,0.19974197543606143,692.1785714285714,0.7145806756089108
m1063_06_fill_holes_and_orientation.obj,m1063,Tree,6,4,1,19377,7,19388,1.0710468401471482,0.6957079152731327,6,4,1,19377,0.8571428571428571,0.9997936123007068,0.6,0.9999483950872123,0.14285714285714285,0.00020638769929312212,0.4,5.160491278769739e-05,0.5454545454545454,0.9997421085207345,0.7058823529411764,0.6382978723404255,0.7894736842105262,0.7170199854497559,0.8569364694435639,0.5999483950872122,4153.071428571428,0.14288663290056694
m1064_06_fill_holes_and_orientation.obj,m1064,Tree,6,4,1,19377,7,19388,1.6470447913791175,0.8472315124489038,6,4,1,19377,0.8571428571428571,0.9997936123007068,0.6,0.9999483950872123,0.14285714285714285,0.00020638769929312212,0.4,5.160491278769739e-05,0.5454545454545454,0.9997421085207345,0.7058823529411764,0.6382978723404255,0.7894736842105262,0.7170199854497559,0.8569364694435639,0.5999483950872122,4153.071428571428,0.14288663290056694
m1065_06_fill_holes_and_orientation.obj,m1065,Tree,7,3,0,19378,7,19388,1.776058744739854,0.846079524340394,7,3,0,19378,1.0,0.9998452092255301,0.7,1.0,0.0,0.00015479077446984158,0.3,0.0,0.7,0.9998452651124407,0.8235294117647058,0.7446808510638298,0.9210526315789475,0.836595270401328,0.9998452092255301,0.7,6460.333333333334,0.0
m1066_06_fill_holes_and_orientation.obj,m1066,Tree,3,7,4,19374,7,19388,0.8378148082804209,0.7919825343738387,3,7,4,19374,0.42857142857142855,0.9996388215262371,0.3,0.9997935803488492,0.5714285714285714,0.00036117847376296373,0.7,0.00020641965115078957,0.21428571428571427,0.9994326387456158,0.3529411764705882,0.3191489361702127,0.3947368421052631,0.3582941305950396,0.42821025009766567,0.2997935803488492,1186.5918367346937,0.5716350336975917
m1067_06_fill_holes_and_orientation.obj,m1067,Tree,4,6,3,19375,7,19388,1.2970834516999494,0.8458379784466742,4,6,3,19375,0.5714285714285714,0.9996904184510603,0.4,0.9998451852616369,0.42857142857142855,0.00030958154893968317,0.6,0.00015481473836309216,0.3076923076923077,0.9995357953373221,0.47058823529411764,0.425531914893617,0.5263157894736841,0.4778694155466117,0.5711189898796318,0.3998451852616369,1845.8095238095239,0.4287041474654378
m1068_06_fill_holes_and_orientation.obj,m1068,Tree,6,4,1,19377,7,19388,1.1577100345321198,0.7838164251207731,6,4,1,19377,0.8571428571428571,0.9997936123007068,0.6,0.9999483950872123,0.14285714285714285,0.00020638769929312212,0.4,5.160491278769739e-05,0.5454545454545454,0.9997421085207345,0.7058823529411764,0.6382978723404255,0.7894736842105262,0.7170199854497559,0.8569364694435639,0.5999483950872122,4153.071428571428,0.14288663290056694
m1069_06_fill_holes_and_orientation.obj,m1069,Tree,5,5,2,19376,7,19388,0.8492356369218957,0.684095131921219,5,5,2,19376,0.7142857142857143,0.9997420153758836,0.5,0.9998967901744246,0.2857142857142857,0.00025798462411640266,0.5,0.00010320982557539478,0.4166666666666667,0.9996389519290283,0.588235294117647,0.5319148936170213,0.6578947368421053,0.5974447004981838,0.714027729661598,0.4998967901744247,2768.714285714286,0.28578801462781644
m1070_06_fill_holes_and_orientation.obj,m1070,Tree,6,4,1,19377,7,19388,1.2875135445829267,0.811668524712003,6,4,1,19377,0.8571428571428571,0.9997936123007068,0.6,0.9999483950872123,0.14285714285714285,0.00020638769929312212,0.4,5.160491278769739e-05,0.5454545454545454,0.9997421085207345,0.7058823529411764,0.6382978723404255,0.7894736842105262,0.7170199854497559,0.8569364694435639,0.5999483950872122,4153.071428571428,0.14288663290056694
m1071_06_fill_holes_and_orientation.obj,m1071,Tree,3,7,4,19374,7,19388,0.6741619967738901,0.7295615013006318,3,7,4,19374,0.42857142857142855,0.9996388215262371,0.3,0.9997935803488492,0.5714285714285714,0.00036117847376296373,0.7,0.00020641965115078957,0.21428571428571427,0.9994326387456158,0.3529411764705882,0.3191489361702127,0.3947368421052631,0.3582941305950396,0.42821025009766567,0.2997935803488492,1186.5918367346937,0.5716350336975917
m1072_06_fill_holes_and_orientation.obj,m1072,Tree,7,3,0,19378,7,19388,1.7590409366938398,0.840254552211074,7,3,0,19378,1.0,0.9998452092255301,0.7,1.0,0.0,0.00015479077446984158,0.3,0.0,0.7,0.9998452651124407,0.8235294117647058,0.7446808510638298,0.9210526315789475,0.836595270401328,0.9998452092255301,0.7,6460.333333333334,0.0
m1075_06_fill_holes_and_orientation.obj,m1075,Tree,0,10,7,19371,7,19388,0.2284847939757055,0.7135823114083985,0,10,7,19371,0.0,0.9994840307517672,0.0,0.9996387656104861,1.0,0.0005159692482328053,1.0,0.0003612343895138817,0.0,0.9991231689704972,,,,-0.0004317242596766064,-0.0005159692482328282,-0.00036123438951385367,0.0,1.0005162356099324
m1077_06_fill_holes_and_orientation.obj,m1077,Tree,4,6,3,19375,7,19388,0.8332474867525492,0.7649015235971758,4,6,3,19375,0.5714285714285714,0.9996904184510603,0.4,0.9998451852616369,0.42857142857142855,0.00030958154893968317,0.6,0.00015481473836309216,0.3076923076923077,0.9995357953373221,0.47058823529411764,0.425531914893617,0.5263157894736841,0.4778694155466117,0.5711189898796318,0.3998451852616369,1845.8095238095239,0.4287041474654378
m1078_06_fill_holes_and_orientation.obj,m1078,Tree,2,8,5,19373,7,19388,0.4055383477694892,0.7354515050167225,2,8,5,19373,0.2857142857142857,0.9995872246014138,0.2,0.9997419754360615,0.7142857142857143,0.00041277539858624424,0.8,0.0002580245639384869,0.13333333333333333,0.9993294821539096,0.23529411764705882,0.2127659574468085,0.26315789473684204,0.23871884564346754,0.2853015103156995,0.19974197543606143,692.1785714285714,0.7145806756089108
m1079_06_fill_holes_and_orientation.obj,m1079,Tree,0,10,7,19371,7,19388,0.10263257988482968,0.4324321813452248,0,10,7,19371,0.0,0.9994840307517672,0.0,0.9996387656104861,1.0,0.0005159692482328053,1.0,0.0003612343895138817,0.0,0.9991231689704972,,,,-0.0004317242596766064,-0.0005159692482328282,-0.00036123438951385367,0.0,1.0005162356099324
m1082_06_fill_holes_and_orientation.obj,m1082,Tree,0,10,7,19371,7,19388,0.08896510310432872,0.37971014492753624,0,10,7,19371,0.0,0.9994840307517672,0.0,0.9996387656104861,1.0,0.0005159692482328053,1.0,0.0003612343895138817,0.0,0.9991231689704972,,,,-0.0004317242596766064,-0.0005159692482328282,-0.00036123438951385367,0.0,1.0005162356099324
m1086_06_fill_holes_and_orientation.obj,m1086,Tree,0,10,7,19371,7,19388,0.16171443700209429,0.6517372723894463,0,10,7,19371,0.0,0.9994840307517672,0.0,0.9996387656104861,1.0,0.0005159692482328053,1.0,0.0003612343895138817,0.0,0.9991231689704972,,,,-0.0004317242596766064,-0.0005159692482328282,-0.00036123438951385367,0.0,1.0005162356099324
m1089_06_fill_holes_and_orientation.obj,m1089,Tree,0,10,7,19371,7,19388,0.1698167165553009,0.6659420289855073,0,10,7,19371,0.0,0.9994840307517672,0.0,0.9996387656104861,1.0,0.0005159692482328053,1.0,0.0003612343895138817,0.0,0.9991231689704972,,,,-0.0004317242596766064,-0.0005159692482328282,-0.00036123438951385367,0.0,1.0005162356099324
m1090_06_fill_holes_and_orientation.obj,m1090,Tree,5,5,2,19376,7,19388,0.988871804573603,0.7960052025269417,5,5,2,19376,0.7142857142857143,0.9997420153758836,0.5,0.9998967901744246,0.2857142857142857,0.00025798462411640266,0.5,0.00010320982557539478,0.4166666666666667,0.9996389519290283,0.588235294117647,0.5319148936170213,0.6578947368421053,0.5974447004981838,0.714027729661598,0.4998967901744247,2768.714285714286,0.28578801462781644
m1091_06_fill_holes_and_orientation.obj,m1091,Tree,2,8,5,19373,7,19388,0.6603444177645823,0.793979933110368,2,8,5,19373,0.2857142857142857,0.9995872246014138,0.2,0.9997419754360615,0.7142857142857143,0.00041277539858624424,0.8,0.0002580245639384869,0.13333333333333333,0.9993294821539096,0.23529411764705882,0.2127659574468085,0.26315789473684204,0.23871884564346754,0.2853015103156995,0.19974197543606143,692.1785714285714,0.7145806756089108
m1092_06_fill_holes_and_orientation.obj,m1092,Tree,0,10,7,19371,7,19388,0.1779660107061732,0.6643626904496469,0,10,7,19371,0.0,0.9994840307517672,0.0,0.9996387656104861,1.0,0.0005159692482328053,1.0,0.0003612343895138817,0.0,0.9991231689704972,,,,-0.0004317242596766064,-0.0005159692482328282,-0.00036123438951385367,0.0,1.0005162356099324
m1093_06_fill_holes_and_orientation.obj,m1093,Tree,1,9,6,19372,7,19388,0.32213809767759277,0.7622259383128949,1,9,6,19372,0.14285714285714285,0.9995356276765904,0.1,0.9996903705232738,0.8571428571428571,0.0004643723234095248,0.9,0.0003096294767261843,0.0625,0.9992263255622035,0.11764705882352941,0.10638297872340426,0.13157894736842102,0.11914356069189547,0.14239277053373334,0.0996903705232739,307.6349206349206,0.857541075484499
m1095_06_fill_holes_and_orientation.obj,m1095,Tree,0,10,7,19371,7,19388,0.1563010836966578,0.5632571534745447,0,10,7,19371,0.0,0.9994840307517672,0.0,0.9996387656104861,1.0,0.0005159692482328053,1.0,0.0003612343895138817,0.0,0.9991231689704972,,,,-0.0004317242596766064,-0.0005159692482328282,-0.00036123438951385367,0.0,1.0005162356099324
m1096_06_fill_holes_and_orientation.obj,m1096,Tree,0,10,7,19371,7,19388,0.22273317469518458,0.6930787811222594,0,10,7,19371,0.0,0.9994840307517672,0.0,0.9996387656104861,1.0,0.0005159692482328053,1.0,0.0003612343895138817,0.0,0.9991231689704972,,,,-0.0004317242596766064,-0.0005159692482328282,-0.00036123438951385367,0.0,1.0005162356099324
m1098_06_fill_holes_and_orientation.obj,m1098,Tree,2,8,5,19373,7,19388,0.5393471982803889,0.6739780750650316,2,8,5,19373,0.2857142857142857,0.9995872246014138,0.2,0.9997419754360615,0.7142857142857143,0.00041277539858624424,0.8,0.0002580245639384869,0.13333333333333333,0.9993294821539096,0.23529411764705882,0.2127659574468085,0.26315789473684204,0.23871884564346754,0.2853015103156995,0.19974197543606143,692.1785714285714,0.7145806756089108
D00002_06_fill_holes_and_orientation.obj,d00002,Truck,0,10,7,19371,7,19388,0.06411986015261706,0.6211275244871263,0,10,7,19371,0.0,0.9994840307517672,0.0,0.9996387656104861,1.0,0.0005159692482328053,1.0,0.0003612343895138817,0.0,0.9991231689704972,,,,-0.0004317242596766064,-0.0005159692482328282,-0.00036123438951385367,0.0,1.0005162356099324
D00003_06_fill_holes_and_orientation.obj,d00003,Truck,1,9,6,19372,7,19388,0.27546936264501837,0.6704686851928661,1,9,6,19372,0.14285714285714285,0.9995356276765904,0.1,0.9996903705232738,0.8571428571428571,0.0004643723234095248,0.9,0.0003096294767261843,0.0625,0.9992263255622035,0.11764705882352941,0.10638297872340426,0.13157894736842102,0.11914356069189547,0.14239277053373334,0.0996903705232739,307.6349206349206,0.857541075484499
D00010_06_fill_holes_and_orientation.obj,d00010,Truck,0,10,6,19372,6,19388,0.17235780177263593,0.7742717672207511,0,10,6,19372,0.0,0.9994840573728201,0.0,0.9996903705232738,1.0,0.0005159426271798576,1.0,0.0003096294767261843,0.0,0.9991747472663504,,,,-0.00039968868594749107,-0.0005159426271799106,-0.000309629476726192,0.0,1.0005162089613877
D00029_06_fill_holes_and_orientation.obj,d00029,Truck,1,9,6,19372,7,19388,0.19545832323883938,0.7312637590530582,1,9,6,19372,0.14285714285714285,0.9995356276765904,0.1,0.9996903705232738,0.8571428571428571,0.0004643723234095248,0.9,0.0003096294767261843,0.0625,0.9992263255622035,0.11764705882352941,0.10638297872340426,0.13157894736842102,0.11914356069189547,0.14239277053373334,0.0996903705232739,307.6349206349206,0.857541075484499
D00047_06_fill_holes_and_orientation.obj,d00047,Truck,0,10,7,19371,7,19388,0.03980856840343131,0.5173563475098109,0,10,7,19371,0.0,0.9994840307517672,0.0,0.9996387656104861,1.0,0.0005159692482328053,1.0,0.0003612343895138817,0.0,0.9991231689704972,,,,-0.0004317242596766064,-0.0005159692482328282,-0.00036123438951385367,0.0,1.0005162356099324
D00056_06_fill_holes_and_orientation.obj,d00056,Truck,0,10,7,19371,7,19388,0.04234193280309175,0.5363079475480969,0,10,7,19371,0.0,0.9994840307517672,0.0,0.9996387656104861,1.0,0.0005159692482328053,1.0,0.0003612343895138817,0.0,0.9991231689704972,,,,-0.0004317242596766064,-0.0005159692482328282,-0.00036123438951385367,0.0,1.0005162356099324
D00112_06_fill_holes_and_orientation.obj,d00112,Truck,3,7,3,19375,6,19388,0.4552064340046731,0.8321156239032639,3,7,3,19375,0.5,0.9996388401609742,0.3,0.9998451852616369,0.5,0.0003611598390259003,0.7,0.00015481473836309216,0.23076923076923078,0.999484217041469,0.37499999999999994,0.32608695652173914,0.4411764705882353,0.38705852347155034,0.49963884016097415,0.29984518526163684,1384.4285714285716,0.5001806451612903
D00158_06_fill_holes_and_orientation.obj,d00158,Truck,1,9,6,19372,7,19388,0.3078637632522265,0.6732603771176977,1,9,6,19372,0.14285714285714285,0.9995356276765904,0.1,0.9996903705232738,0.8571428571428571,0.0004643723234095248,0.9,0.0003096294767261843,0.0625,0.9992263255622035,0.11764705882352941,0.10638297872340426,0.13157894736842102,0.11914356069189547,0.14239277053373334,0.0996903705232739,307.6349206349206,0.857541075484499
D00241_06_fill_holes_and_orientation.obj,d00241,Truck,1,9,6,19372,7,19388,0.1337662380220302,0.6018090163672909,1,9,6,19372,0.14285714285714285,0.9995356276765904,0.1,0.9996903705232738,0.8571428571428571,0.0004643723234095248,0.9,0.0003096294767261843,0.0625,0.9992263255622035,0.11764705882352941,0.10638297872340426,0.13157894736842102,0.11914356069189547,0.14239277053373334,0.0996903705232739,307.6349206349206,0.857541075484499
D00287_06_fill_holes_and_orientation.obj,d00287,Truck,1,9,6,19372,7,19388,0.1305266041613393,0.6452956002935265,1,9,6,19372,0.14285714285714285,0.9995356276765904,0.1,0.9996903705232738,0.8571428571428571,0.0004643723234095248,0.9,0.0003096294767261843,0.0625,0.9992263255622035,0.11764705882352941,0.10638297872340426,0.13157894736842102,0.11914356069189547,0.14239277053373334,0.0996903705232739,307.6349206349206,0.857541075484499
D00303_06_fill_holes_and_orientation.obj,d00303,Truck,3,7,4,19374,7,19388,0.4200945864468056,0.7043997064735348,3,7,4,19374,0.42857142857142855,0.9996388215262371,0.3,0.9997935803488492,0.5714285714285714,0.00036117847376296373,0.7,0.00020641965115078957,0.21428571428571427,0.9994326387456158,0.3529411764705882,0.3191489361702127,0.3947368421052631,0.3582941305950396,0.42821025009766567,0.2997935803488492,1186.5918367346937,0.5716350336975917
D00331_06_fill_holes_and_orientation.obj,d00331,Truck,3,7,4,19374,7,19388,0.585202028740067,0.7023099256612322,3,7,4,19374,0.42857142857142855,0.9996388215262371,0.3,0.9997935803488492,0.5714285714285714,0.00036117847376296373,0.7,0.00020641965115078957,0.21428571428571427,0.9994326387456158,0.3529411764705882,0.3191489361702127,0.3947368421052631,0.3582941305950396,0.42821025009766567,0.2997935803488492,1186.5918367346937,0.5716350336975917
D00406_06_fill_holes_and_orientation.obj,d00406,Truck,1,9,6,19372,7,19388,0.08948502262690043,0.663513384168714,1,9,6,19372,0.14285714285714285,0.9995356276765904,0.1,0.9996903705232738,0.8571428571428571,0.0004643723234095248,0.9,0.0003096294767261843,0.0625,0.9992263255622035,0.11764705882352941,0.10638297872340426,0.13157894736842102,0.11914356069189547,0.14239277053373334,0.0996903705232739,307.6349206349206,0.857541075484499
D00424_06_fill_holes_and_orientation.obj,d00424,Truck,2,8,5,19373,7,19388,0.3109122887839958,0.6683948569058482,2,8,5,19373,0.2857142857142857,0.9995872246014138,0.2,0.9997419754360615,0.7142857142857143,0.00041277539858624424,0.8,0.0002580245639384869,0.13333333333333333,0.9993294821539096,0.23529411764705882,0.2127659574468085,0.26315789473684204,0.23871884564346754,0.2853015103156995,0.19974197543606143,692.1785714285714,0.7145806756089108
D00518_06_fill_holes_and_orientation.obj,d00518,Truck,3,7,4,19374,7,19388,0.48918465610365347,0.7052292377883418,3,7,4,19374,0.42857142857142855,0.9996388215262371,0.3,0.9997935803488492,0.5714285714285714,0.00036117847376296373,0.7,0.00020641965115078957,0.21428571428571427,0.9994326387456158,0.3529411764705882,0.3191489361702127,0.3947368421052631,0.3582941305950396,0.42821025009766567,0.2997935803488492,1186.5918367346937,0.5716350336975917
D00804_06_fill_holes_and_orientation.obj,d00804,Truck,2,8,5,19373,7,19388,0.3942618808914539,0.7122483489136331,2,8,5,19373,0.2857142857142857,0.9995872246014138,0.2,0.9997419754360615,0.7142857142857143,0.00041277539858624424,0.8,0.0002580245639384869,0.13333333333333333,0.9993294821539096,0.23529411764705882,0.2127659574468085,0.26315789473684204,0.23871884564346754,0.2853015103156995,0.19974197543606143,692.1785714285714,0.7145806756089108
D00835_06_fill_holes_and_orientation.obj,d00835,Truck,4,6,3,19375,7,19388,0.5442022750081547,0.7405800338193537,4,6,3,19375,0.5714285714285714,0.9996904184510603,0.4,0.9998451852616369,0.42857142857142855,0.00030958154893968317,0.6,0.00015481473836309216,0.3076923076923077,0.9995357953373221,0.47058823529411764,0.425531914893617,0.5263157894736841,0.4778694155466117,0.5711189898796318,0.3998451852616369,1845.8095238095239,0.4287041474654378
D00926_06_fill_holes_and_orientation.obj,d00926,Truck,2,8,5,19373,7,19388,0.2765257219905587,0.7454774590817727,2,8,5,19373,0.2857142857142857,0.9995872246014138,0.2,0.9997419754360615,0.7142857142857143,0.00041277539858624424,0.8,0.0002580245639384869,0.13333333333333333,0.9993294821539096,0.23529411764705882,0.2127659574468085,0.26315789473684204,0.23871884564346754,0.2853015103156995,0.19974197543606143,692.1785714285714,0.7145806756089108
D00947_06_fill_holes_and_orientation.obj,d00947,Truck,0,10,7,19371,7,19388,0.051276029002966884,0.5591041061800083,0,10,7,19371,0.0,0.9994840307517672,0.0,0.9996387656104861,1.0,0.0005159692482328053,1.0,0.0003612343895138817,0.0,0.9991231689704972,,,,-0.0004317242596766064,-0.0005159692482328282,-0.00036123438951385367,0.0,1.0005162356099324
D00987_06_fill_holes_and_orientation.obj,d00987,Truck,2,8,5,19373,7,19388,0.29686042583304484,0.693615799381042,2,8,5,19373,0.2857142857142857,0.9995872246014138,0.2,0.9997419754360615,0.7142857142857143,0.00041277539858624424,0.8,0.0002580245639384869,0.13333333333333333,0.9993294821539096,0.23529411764705882,0.2127659574468085,0.26315789473684204,0.23871884564346754,0.2853015103156995,0.19974197543606143,692.1785714285714,0.7145806756089108
m1570_06_fill_holes_and_orientation.obj,m1570,Truck,0,10,7,19371,7,19388,0.09693143185702588,0.713285263057142,0,10,7,19371,0.0,0.9994840307517672,0.0,0.9996387656104861,1.0,0.0005159692482328053,1.0,0.0003612343895138817,0.0,0.9991231689704972,,,,-0.0004317242596766064,-0.0005159692482328282,-0.00036123438951385367,0.0,1.0005162356099324
m1571_06_fill_holes_and_orientation.obj,m1571,Truck,2,8,5,19373,7,19388,0.4561512849421598,0.713349073158281,2,8,5,19373,0.2857142857142857,0.9995872246014138,0.2,0.9997419754360615,0.7142857142857143,0.00041277539858624424,0.8,0.0002580245639384869,0.13333333333333333,0.9993294821539096,0.23529411764705882,0.2127659574468085,0.26315789473684204,0.23871884564346754,0.2853015103156995,0.19974197543606143,692.1785714285714,0.7145806756089108
m1572_06_fill_holes_and_orientation.obj,m1572,Truck,1,9,6,19372,7,19388,0.17326638932690858,0.7483010560571739,1,9,6,19372,0.14285714285714285,0.9995356276765904,0.1,0.9996903705232738,0.8571428571428571,0.0004643723234095248,0.9,0.0003096294767261843,0.0625,0.9992263255622035,0.11764705882352941,0.10638297872340426,0.13157894736842102,0.11914356069189547,0.14239277053373334,0.0996903705232739,307.6349206349206,0.857541075484499
m1573_06_fill_holes_and_orientation.obj,m1573,Truck,0,10,7,19371,7,19388,0.036061784349737426,0.4494145423220496,0,10,7,19371,0.0,0.9994840307517672,0.0,0.9996387656104861,1.0,0.0005159692482328053,1.0,0.0003612343895138817,0.0,0.9991231689704972,,,,-0.0004317242596766064,-0.0005159692482328282,-0.00036123438951385367,0.0,1.0005162356099324
m1574_06_fill_holes_and_orientation.obj,m1574,Truck,0,10,7,19371,7,19388,0.12973269201671617,0.7320135277414415,0,10,7,19371,0.0,0.9994840307517672,0.0,0.9996387656104861,1.0,0.0005159692482328053,1.0,0.0003612343895138817,0.0,0.9991231689704972,,,,-0.0004317242596766064,-0.0005159692482328282,-0.00036123438951385367,0.0,1.0005162356099324
m1575_06_fill_holes_and_orientation.obj,m1575,Truck,1,9,6,19372,7,19388,0.13161647987542124,0.6573397568835146,1,9,6,19372,0.14285714285714285,0.9995356276765904,0.1,0.9996903705232738,0.8571428571428571,0.0004643723234095248,0.9,0.0003096294767261843,0.0625,0.9992263255622035,0.11764705882352941,0.10638297872340426,0.13157894736842102,0.11914356069189547,0.14239277053373334,0.0996903705232739,307.6349206349206,0.857541075484499
m1576_06_fill_holes_and_orientation.obj,m1576,Truck,1,9,6,19372,7,19388,0.25240028809627835,0.7360335641131992,1,9,6,19372,0.14285714285714285,0.9995356276765904,0.1,0.9996903705232738,0.8571428571428571,0.0004643723234095248,0.9,0.0003096294767261843,0.0625,0.9992263255622035,0.11764705882352941,0.10638297872340426,0.13157894736842102,0.11914356069189547,0.14239277053373334,0.0996903705232739,307.6349206349206,0.857541075484499
D00055_06_fill_holes_and_orientation.obj,d00055,TruckNonContainer,0,10,6,19372,6,19388,0.21970920954552733,0.8950198075834748,0,10,6,19372,0.0,0.9994840573728201,0.0,0.9996903705232738,1.0,0.0005159426271798576,1.0,0.0003096294767261843,0.0,0.9991747472663504,,,,-0.00039968868594749107,-0.0005159426271799106,-0.000309629476726192,0.0,1.0005162089613877
D00143_06_fill_holes_and_orientation.obj,d00143,TruckNonContainer,0,10,7,19371,7,19388,0.1881069700076853,0.9022245439902487,0,10,7,19371,0.0,0.9994840307517672,0.0,0.9996387656104861,1.0,0.0005159692482328053,1.0,0.0003612343895138817,0.0,0.9991231689704972,,,,-0.0004317242596766064,-0.0005159692482328282,-0.00036123438951385367,0.0,1.0005162356099324
D00148_06_fill_holes_and_orientation.obj,d00148,TruckNonContainer,2,8,5,19373,7,19388,0.15237305107306195,0.8346175612729092,2,8,5,19373,0.2857142857142857,0.9995872246014138,0.2,0.9997419754360615,0.7142857142857143,0.00041277539858624424,0.8,0.0002580245639384869,0.13333333333333333,0.9993294821539096,0.23529411764705882,0.2127659574468085,0.26315789473684204,0.23871884564346754,0.2853015103156995,0.19974197543606143,692.1785714285714,0.7145806756089108
D00215_06_fill_holes_and_orientation.obj,d00215,TruckNonContainer,3,7,4,19374,7,19388,0.25712374878976746,0.8872056070697837,3,7,4,19374,0.42857142857142855,0.9996388215262371,0.3,0.9997935803488492,0.5714285714285714,0.00036117847376296373,0.7,0.00020641965115078957,0.21428571428571427,0.9994326387456158,0.3529411764705882,0.3191489361702127,0.3947368421052631,0.3582941305950396,0.42821025009766567,0.2997935803488492,1186.5918367346937,0.5716350336975917
D00252_06_fill_holes_and_orientation.obj,d00252,TruckNonContainer,1,9,6,19372,7,19388,0.14984260195699836,0.8540115798180314,1,9,6,19372,0.14285714285714285,0.9995356276765904,0.1,0.9996903705232738,0.8571428571428571,0.0004643723234095248,0.9,0.0003096294767261843,0.0625,0.9992263255622035,0.11764705882352941,0.10638297872340426,0.13157894736842102,0.11914356069189547,0.14239277053373334,0.0996903705232739,307.6349206349206,0.857541075484499
D00266_06_fill_holes_and_orientation.obj,d00266,TruckNonContainer,2,8,4,19374,6,19388,0.3123654334582575,0.9128248661355622,2,8,4,19374,0.3333333333333333,0.9995872458982561,0.2,0.9997935803488492,0.6666666666666666,0.0004127541017438861,0.8,0.00020641965115078957,0.14285714285714285,0.9993810604497627,0.25,0.21739130434782608,0.29411764705882354,0.25790578608571774,0.33292057923158946,0.1997935803488493,807.5833333333333,0.6669419496920271
D00267_06_fill_holes_and_orientation.obj,d00267,TruckNonContainer,2,8,5,19373,7,19388,0.26609217209915725,0.8936485133429106,2,8,5,19373,0.2857142857142857,0.9995872246014138,0.2,0.9997419754360615,0.7142857142857143,0.00041277539858624424,0.8,0.0002580245639384869,0.13333333333333333,0.9993294821539096,0.23529411764705882,0.2127659574468085,0.26315789473684204,0.23871884564346754,0.2853015103156995,0.19974197543606143,692.1785714285714,0.7145806756089108
D00275_06_fill_holes_and_orientation.obj,d00275,TruckNonContainer,0,10,7,19371,7,19388,0.03852502662348856,0.6982717339253842,0,10,7,19371,0.0,0.9994840307517672,0.0,0.9996387656104861,1.0,0.0005159692482328053,1.0,0.0003612343895138817,0.0,0.9991231689704972,,,,-0.0004317242596766064,-0.0005159692482328282,-0.00036123438951385367,0.0,1.0005162356099324
D00283_06_fill_holes_and_orientation.obj,d00283,TruckNonContainer,1,9,5,19373,6,19388,0.24639873160538525,0.9223368595185234,1,9,5,19373,0.16666666666666666,0.9995356516355381,0.1,0.9997419754360615,0.8333333333333334,0.0004643483644618718,0.9,0.0002580245639384869,0.06666666666666667,0.9992779038580565,0.125,0.10869565217391304,0.14705882352941177,0.1287530486998851,0.16620231830220478,0.09974197543606156,358.9259259259259,0.8337204700700288
D00353_06_fill_holes_and_orientation.obj,d00353,TruckNonContainer,1,9,6,19372,7,19388,0.2622271131942497,0.9264725088154631,1,9,6,19372,0.14285714285714285,0.9995356276765904,0.1,0.9996903705232738,0.8571428571428571,0.0004643723234095248,0.9,0.0003096294767261843,0.0625,0.9992263255622035,0.11764705882352941,0.10638297872340426,0.13157894736842102,0.11914356069189547,0.14239277053373334,0.0996903705232739,307.6349206349206,0.857541075484499
D00553_06_fill_holes_and_orientation.obj,d00553,TruckNonContainer,2,8,4,19374,6,19388,0.26121326290034697,0.8657002307256977,2,8,4,19374,0.3333333333333333,0.9995872458982561,0.2,0.9997935803488492,0.6666666666666666,0.0004127541017438861,0.8,0.00020641965115078957,0.14285714285714285,0.9993810604497627,0.25,0.21739130434782608,0.29411764705882354,0.25790578608571774,0.33292057923158946,0.1997935803488493,807.5833333333333,0.6669419496920271
D00572_06_fill_holes_and_orientation.obj,d00572,TruckNonContainer,0,10,7,19371,7,19388,0.02360095233290033,0.5677811153193156,0,10,7,19371,0.0,0.9994840307517672,0.0,0.9996387656104861,1.0,0.0005159692482328053,1.0,0.0003612343895138817,0.0,0.9991231689704972,,,,-0.0004317242596766064,-0.0005159692482328282,-0.00036123438951385367,0.0,1.0005162356099324
D00608_06_fill_holes_and_orientation.obj,d00608,TruckNonContainer,1,9,5,19373,6,19388,0.19891399204665597,0.8932784815637107,1,9,5,19373,0.16666666666666666,0.9995356516355381,0.1,0.9997419754360615,0.8333333333333334,0.0004643483644618718,0.9,0.0002580245639384869,0.06666666666666667,0.9992779038580565,0.125,0.10869565217391304,0.14705882352941177,0.1287530486998851,0.16620231830220478,0.09974197543606156,358.9259259259259,0.8337204700700288
D00619_06_fill_holes_and_orientation.obj,d00619,TruckNonContainer,1,9,6,19372,7,19388,0.07691562310063836,0.7699272996386748,1,9,6,19372,0.14285714285714285,0.9995356276765904,0.1,0.9996903705232738,0.8571428571428571,0.0004643723234095248,0.9,0.0003096294767261843,0.0625,0.9992263255622035,0.11764705882352941,0.10638297872340426,0.13157894736842102,0.11914356069189547,0.14239277053373334,0.0996903705232739,307.6349206349206,0.857541075484499
D00699_06_fill_holes_and_orientation.obj,d00699,TruckNonContainer,2,8,5,19373,7,19388,0.19062511221349318,0.8397327064559663,2,8,5,19373,0.2857142857142857,0.9995872246014138,0.2,0.9997419754360615,0.7142857142857143,0.00041277539858624424,0.8,0.0002580245639384869,0.13333333333333333,0.9993294821539096,0.23529411764705882,0.2127659574468085,0.26315789473684204,0.23871884564346754,0.2853015103156995,0.19974197543606143,692.1785714285714,0.7145806756089108
D00731_06_fill_holes_and_orientation.obj,d00731,TruckNonContainer,2,8,5,19373,7,19388,0.29407138836689223,0.9225109921204998,2,8,5,19373,0.2857142857142857,0.9995872246014138,0.2,0.9997419754360615,0.7142857142857143,0.00041277539858624424,0.8,0.0002580245639384869,0.13333333333333333,0.9993294821539096,0.23529411764705882,0.2127659574468085,0.26315789473684204,0.23871884564346754,0.2853015103156995,0.19974197543606143,692.1785714285714,0.7145806756089108
D00737_06_fill_holes_and_orientation.obj,d00737,TruckNonContainer,0,10,7,19371,7,19388,0.2411387919851175,0.9265378085412042,0,10,7,19371,0.0,0.9994840307517672,0.0,0.9996387656104861,1.0,0.0005159692482328053,1.0,0.0003612343895138817,0.0,0.9991231689704972,,,,-0.0004317242596766064,-0.0005159692482328282,-0.00036123438951385367,0.0,1.0005162356099324
D00783_06_fill_holes_and_orientation.obj,d00783,TruckNonContainer,3,7,4,19374,7,19388,0.321490592657954,0.8810021331243741,3,7,4,19374,0.42857142857142855,0.9996388215262371,0.3,0.9997935803488492,0.5714285714285714,0.00036117847376296373,0.7,0.00020641965115078957,0.21428571428571427,0.9994326387456158,0.3529411764705882,0.3191489361702127,0.3947368421052631,0.3582941305950396,0.42821025009766567,0.2997935803488492,1186.5918367346937,0.5716350336975917
D00879_06_fill_holes_and_orientation.obj,d00879,TruckNonContainer,1,9,6,19372,7,19388,0.15185371687063867,0.9000043533150495,1,9,6,19372,0.14285714285714285,0.9995356276765904,0.1,0.9996903705232738,0.8571428571428571,0.0004643723234095248,0.9,0.0003096294767261843,0.0625,0.9992263255622035,0.11764705882352941,0.10638297872340426,0.13157894736842102,0.11914356069189547,0.14239277053373334,0.0996903705232739,307.6349206349206,0.857541075484499
D00943_06_fill_holes_and_orientation.obj,d00943,TruckNonContainer,4,6,3,19375,7,19388,0.38903158982109104,0.8910800574637587,4,6,3,19375,0.5714285714285714,0.9996904184510603,0.4,0.9998451852616369,0.42857142857142855,0.00030958154893968317,0.6,0.00015481473836309216,0.3076923076923077,0.9995357953373221,0.47058823529411764,0.425531914893617,0.5263157894736841,0.4778694155466117,0.5711189898796318,0.3998451852616369,1845.8095238095239,0.4287041474654378
m527_06_fill_holes_and_orientation.obj,m527,Vase,0,10,7,19371,7,19388,0.06863608854152782,0.7837490239309173,0,10,7,19371,0.0,0.9994840307517672,0.0,0.9996387656104861,1.0,0.0005159692482328053,1.0,0.0003612343895138817,0.0,0.9991231689704972,,,,-0.0004317242596766064,-0.0005159692482328282,-0.00036123438951385367,0.0,1.0005162356099324
m528_06_fill_holes_and_orientation.obj,m528,Vase,0,10,7,19371,7,19388,0.02356117235337407,0.5194065499977033,0,10,7,19371,0.0,0.9994840307517672,0.0,0.9996387656104861,1.0,0.0005159692482328053,1.0,0.0003612343895138817,0.0,0.9991231689704972,,,,-0.0004317242596766064,-0.0005159692482328282,-0.00036123438951385367,0.0,1.0005162356099324
m529_06_fill_holes_and_orientation.obj,m529,Vase,1,9,6,19372,7,19388,0.13854827065891073,0.7937393780717468,1,9,6,19372,0.14285714285714285,0.9995356276765904,0.1,0.9996903705232738,0.8571428571428571,0.0004643723234095248,0.9,0.0003096294767261843,0.0625,0.9992263255622035,0.11764705882352941,0.10638297872340426,0.13157894736842102,0.11914356069189547,0.14239277053373334,0.0996903705232739,307.6349206349206,0.857541075484499
m531_06_fill_holes_and_orientation.obj,m531,Vase,0,10,7,19371,7,19388,0.012660254651141484,0.26813191860732166,0,10,7,19371,0.0,0.9994840307517672,0.0,0.9996387656104861,1.0,0.0005159692482328053,1.0,0.0003612343895138817,0.0,0.9991231689704972,,,,-0.0004317242596766064,-0.0005159692482328282,-0.00036123438951385367,0.0,1.0005162356099324
m532_06_fill_holes_and_orientation.obj,m532,Vase,0,10,7,19371,7,19388,0.012992759066264183,0.2951862569473152,0,10,7,19371,0.0,0.9994840307517672,0.0,0.9996387656104861,1.0,0.0005159692482328053,1.0,0.0003612343895138817,0.0,0.9991231689704972,,,,-0.0004317242596766064,-0.0005159692482328282,-0.00036123438951385367,0.0,1.0005162356099324
m533_06_fill_holes_and_orientation.obj,m533,Vase,1,9,6,19372,7,19388,0.1306680285252441,0.7879288962381149,1,9,6,19372,0.14285714285714285,0.9995356276765904,0.1,0.9996903705232738,0.8571428571428571,0.0004643723234095248,0.9,0.0003096294767261843,0.0625,0.9992263255622035,0.11764705882352941,0.10638297872340426,0.13157894736842102,0.11914356069189547,0.14239277053373334,0.0996903705232739,307.6349206349206,0.857541075484499
m534_06_fill_holes_and_orientation.obj,m534,Vase,0,10,7,19371,7,19388,0.055954283944207095,0.7127600937026319,0,10,7,19371,0.0,0.9994840307517672,0.0,0.9996387656104861,1.0,0.0005159692482328053,1.0,0.0003612343895138817,0.0,0.9991231689704972,,,,-0.0004317242596766064,-0.0005159692482328282,-0.00036123438951385367,0.0,1.0005162356099324
m535_06_fill_holes_and_orientation.obj,m535,Vase,1,9,6,19372,7,19388,0.11937635371443085,0.7776859124523449,1,9,6,19372,0.14285714285714285,0.9995356276765904,0.1,0.9996903705232738,0.8571428571428571,0.0004643723234095248,0.9,0.0003096294767261843,0.0625,0.9992263255622035,0.11764705882352941,0.10638297872340426,0.13157894736842102,0.11914356069189547,0.14239277053373334,0.0996903705232739,307.6349206349206,0.857541075484499
m536_06_fill_holes_and_orientation.obj,m536,Vase,0,10,7,19371,7,19388,0.028657795461723912,0.597652840935189,0,10,7,19371,0.0,0.9994840307517672,0.0,0.9996387656104861,1.0,0.0005159692482328053,1.0,0.0003612343895138817,0.0,0.9991231689704972,,,,-0.0004317242596766064,-0.0005159692482328282,-0.00036123438951385367,0.0,1.0005162356099324
m537_06_fill_holes_and_orientation.obj,m537,Vase,0,10,7,19371,7,19388,0.05374870659491265,0.7118873731110192,0,10,7,19371,0.0,0.9994840307517672,0.0,0.9996387656104861,1.0,0.0005159692482328053,1.0,0.0003612343895138817,0.0,0.9991231689704972,,,,-0.0004317242596766064,-0.0005159692482328282,-0.00036123438951385367,0.0,1.0005162356099324
m538_06_fill_holes_and_orientation.obj,m538,Vase,1,9,6,19372,7,19388,0.13213081268619364,0.7963116071838684,1,9,6,19372,0.14285714285714285,0.9995356276765904,0.1,0.9996903705232738,0.8571428571428571,0.0004643723234095248,0.9,0.0003096294767261843,0.0625,0.9992263255622035,0.11764705882352941,0.10638297872340426,0.13157894736842102,0.11914356069189547,0.14239277053373334,0.0996903705232739,307.6349206349206,0.857541075484499
m539_06_fill_holes_and_orientation.obj,m539,Vase,1,9,6,19372,7,19388,0.18492003358236492,0.8090579210876854,1,9,6,19372,0.14285714285714285,0.9995356276765904,0.1,0.9996903705232738,0.8571428571428571,0.0004643723234095248,0.9,0.0003096294767261843,0.0625,0.9992263255622035,0.11764705882352941,0.10638297872340426,0.13157894736842102,0.11914356069189547,0.14239277053373334,0.0996903705232739,307.6349206349206,0.857541075484499
m540_06_fill_holes_and_orientation.obj,m540,Vase,0,10,7,19371,7,19388,0.014396617457220104,0.3615819209039548,0,10,7,19371,0.0,0.9994840307517672,0.0,0.9996387656104861,1.0,0.0005159692482328053,1.0,0.0003612343895138817,0.0,0.9991231689704972,,,,-0.0004317242596766064,-0.0005159692482328282,-0.00036123438951385367,0.0,1.0005162356099324
m542_06_fill_holes_and_orientation.obj,m542,Vase,1,9,6,19372,7,19388,0.07297937904216768,0.7010472647099353,1,9,6,19372,0.14285714285714285,0.9995356276765904,0.1,0.9996903705232738,0.8571428571428571,0.0004643723234095248,0.9,0.0003096294767261843,0.0625,0.9992263255622035,0.11764705882352941,0.10638297872340426,0.13157894736842102,0.11914356069189547,0.14239277053373334,0.0996903705232739,307.6349206349206,0.857541075484499
m543_06_fill_holes_and_orientation.obj,m543,Vase,0,10,7,19371,7,19388,0.08624747448072585,0.801387166414037,0,10,7,19371,0.0,0.9994840307517672,0.0,0.9996387656104861,1.0,0.0005159692482328053,1.0,0.0003612343895138817,0.0,0.9991231689704972,,,,-0.0004317242596766064,-0.0005159692482328282,-0.00036123438951385367,0.0,1.0005162356099324
m544_06_fill_holes_and_orientation.obj,m544,Vase,2,8,5,19373,7,19388,0.27731767730854473,0.7798217812686601,2,8,5,19373,0.2857142857142857,0.9995872246014138,0.2,0.9997419754360615,0.7142857142857143,0.00041277539858624424,0.8,0.0002580245639384869,0.13333333333333333,0.9993294821539096,0.23529411764705882,0.2127659574468085,0.26315789473684204,0.23871884564346754,0.2853015103156995,0.19974197543606143,692.1785714285714,0.7145806756089108
m545_06_fill_holes_and_orientation.obj,m545,Vase,0,10,7,19371,7,19388,0.031592110756147054,0.6045197740112994,0,10,7,19371,0.0,0.9994840307517672,0.0,0.9996387656104861,1.0,0.0005159692482328053,1.0,0.0003612343895138817,0.0,0.9991231689704972,,,,-0.0004317242596766064,-0.0005159692482328282,-0.00036123438951385367,0.0,1.0005162356099324
m546_06_fill_holes_and_orientation.obj,m546,Vase,2,8,5,19373,7,19388,0.28314461622831144,0.7806026365348399,2,8,5,19373,0.2857142857142857,0.9995872246014138,0.2,0.9997419754360615,0.7142857142857143,0.00041277539858624424,0.8,0.0002580245639384869,0.13333333333333333,0.9993294821539096,0.23529411764705882,0.2127659574468085,0.26315789473684204,0.23871884564346754,0.2853015103156995,0.19974197543606143,692.1785714285714,0.7145806756089108
m547_06_fill_holes_and_orientation.obj,m547,Vase,0,10,7,19371,7,19388,0.0676650026588494,0.758026732809701,0,10,7,19371,0.0,0.9994840307517672,0.0,0.9996387656104861,1.0,0.0005159692482328053,1.0,0.0003612343895138817,0.0,0.9991231689704972,,,,-0.0004317242596766064,-0.0005159692482328282,-0.00036123438951385367,0.0,1.0005162356099324
D00108_06_fill_holes_and_orientation.obj,d00108,Violin,0,10,7,19371,7,19388,0.07684929572602764,0.8261938966523008,0,10,7,19371,0.0,0.9994840307517672,0.0,0.9996387656104861,1.0,0.0005159692482328053,1.0,0.0003612343895138817,0.0,0.9991231689704972,,,,-0.0004317242596766064,-0.0005159692482328282,-0.00036123438951385367,0.0,1.0005162356099324
D00216_06_fill_holes_and_orientation.obj,d00216,Violin,1,9,6,19372,7,19388,0.10517772739499827,0.7620477993992425,1,9,6,19372,0.14285714285714285,0.9995356276765904,0.1,0.9996903705232738,0.8571428571428571,0.0004643723234095248,0.9,0.0003096294767261843,0.0625,0.9992263255622035,0.11764705882352941,0.10638297872340426,0.13157894736842102,0.11914356069189547,0.14239277053373334,0.0996903705232739,307.6349206349206,0.857541075484499
D00250_06_fill_holes_and_orientation.obj,d00250,Violin,1,9,6,19372,7,19388,0.15771087410481646,0.7739758826346262,1,9,6,19372,0.14285714285714285,0.9995356276765904,0.1,0.9996903705232738,0.8571428571428571,0.0004643723234095248,0.9,0.0003096294767261843,0.0625,0.9992263255622035,0.11764705882352941,0.10638297872340426,0.13157894736842102,0.11914356069189547,0.14239277053373334,0.0996903705232739,307.6349206349206,0.857541075484499
D00324_06_fill_holes_and_orientation.obj,d00324,Violin,1,9,6,19372,7,19388,0.13775268640004887,0.9158939532453965,1,9,6,19372,0.14285714285714285,0.9995356276765904,0.1,0.9996903705232738,0.8571428571428571,0.0004643723234095248,0.9,0.0003096294767261843,0.0625,0.9992263255622035,0.11764705882352941,0.10638297872340426,0.13157894736842102,0.11914356069189547,0.14239277053373334,0.0996903705232739,307.6349206349206,0.857541075484499
D00340_06_fill_holes_and_orientation.obj,d00340,Violin,2,8,5,19373,7,19388,0.2747709866217089,0.7445692394758608,2,8,5,19373,0.2857142857142857,0.9995872246014138,0.2,0.9997419754360615,0.7142857142857143,0.00041277539858624424,0.8,0.0002580245639384869,0.13333333333333333,0.9993294821539096,0.23529411764705882,0.2127659574468085,0.26315789473684204,0.23871884564346754,0.2853015103156995,0.19974197543606143,692.1785714285714,0.7145806756089108
D00349_06_fill_holes_and_orientation.obj,d00349,Violin,1,9,6,19372,7,19388,0.15328528189932025,0.835314091680815,1,9,6,19372,0.14285714285714285,0.9995356276765904,0.1,0.9996903705232738,0.8571428571428571,0.0004643723234095248,0.9,0.0003096294767261843,0.0625,0.9992263255622035,0.11764705882352941,0.10638297872340426,0.13157894736842102,0.11914356069189547,0.14239277053373334,0.0996903705232739,307.6349206349206,0.857541075484499
D00358_06_fill_holes_and_orientation.obj,d00358,Violin,1,9,5,19373,6,19388,0.17474612879627072,0.7495102520569414,1,9,5,19373,0.16666666666666666,0.9995356516355381,0.1,0.9997419754360615,0.8333333333333334,0.0004643483644618718,0.9,0.0002580245639384869,0.06666666666666667,0.9992779038580565,0.125,0.10869565217391304,0.14705882352941177,0.1287530486998851,0.16620231830220478,0.09974197543606156,358.9259259259259,0.8337204700700288
D00376_06_fill_holes_and_orientation.obj,d00376,Violin,1,9,6,19372,7,19388,0.1513721194343956,0.8250185015889601,1,9,6,19372,0.14285714285714285,0.9995356276765904,0.1,0.9996903705232738,0.8571428571428571,0.0004643723234095248,0.9,0.0003096294767261843,0.0625,0.9992263255622035,0.11764705882352941,0.10638297872340426,0.13157894736842102,0.11914356069189547,0.14239277053373334,0.0996903705232739,307.6349206349206,0.857541075484499
D00506_06_fill_holes_and_orientation.obj,d00506,Violin,1,9,6,19372,7,19388,0.1956975111514318,0.8184449958643507,1,9,6,19372,0.14285714285714285,0.9995356276765904,0.1,0.9996903705232738,0.8571428571428571,0.0004643723234095248,0.9,0.0003096294767261843,0.0625,0.9992263255622035,0.11764705882352941,0.10638297872340426,0.13157894736842102,0.11914356069189547,0.14239277053373334,0.0996903705232739,307.6349206349206,0.857541075484499
D00570_06_fill_holes_and_orientation.obj,d00570,Violin,2,8,5,19373,7,19388,0.29921743136641643,0.8858560794044665,2,8,5,19373,0.2857142857142857,0.9995872246014138,0.2,0.9997419754360615,0.7142857142857143,0.00041277539858624424,0.8,0.0002580245639384869,0.13333333333333333,0.9993294821539096,0.23529411764705882,0.2127659574468085,0.26315789473684204,0.23871884564346754,0.2853015103156995,0.19974197543606143,692.1785714285714,0.7145806756089108
D00598_06_fill_holes_and_orientation.obj,d00598,Violin,0,10,6,19372,6,19388,0.09533908666485079,0.8174002002524923,0,10,6,19372,0.0,0.9994840573728201,0.0,0.9996903705232738,1.0,0.0005159426271798576,1.0,0.0003096294767261843,0.0,0.9991747472663504,,,,-0.00039968868594749107,-0.0005159426271799106,-0.000309629476726192,0.0,1.0005162089613877
D00602_06_fill_holes_and_orientation.obj,d00602,Violin,1,9,6,19372,7,19388,0.11241320766261952,0.7717339253841801,1,9,6,19372,0.14285714285714285,0.9995356276765904,0.1,0.9996903705232738,0.8571428571428571,0.0004643723234095248,0.9,0.0003096294767261843,0.0625,0.9992263255622035,0.11764705882352941,0.10638297872340426,0.13157894736842102,0.11914356069189547,0.14239277053373334,0.0996903705232739,307.6349206349206,0.857541075484499
D00620_06_fill_holes_and_orientation.obj,d00620,Violin,1,9,6,19372,7,19388,0.18356150766065937,0.8560358713160072,1,9,6,19372,0.14285714285714285,0.9995356276765904,0.1,0.9996903705232738,0.8571428571428571,0.0004643723234095248,0.9,0.0003096294767261843,0.0625,0.9992263255622035,0.11764705882352941,0.10638297872340426,0.13157894736842102,0.11914356069189547,0.14239277053373334,0.0996903705232739,307.6349206349206,0.857541075484499
D00675_06_fill_holes_and_orientation.obj,d00675,Violin,0,10,7,19371,7,19388,0.08486022404735373,0.8145923120456228,0,10,7,19371,0.0,0.9994840307517672,0.0,0.9996387656104861,1.0,0.0005159692482328053,1.0,0.0003612343895138817,0.0,0.9991231689704972,,,,-0.0004317242596766064,-0.0005159692482328282,-0.00036123438951385367,0.0,1.0005162356099324
D00701_06_fill_holes_and_orientation.obj,d00701,Violin,0,10,7,19371,7,19388,0.09689244435172265,0.7933263680292543,0,10,7,19371,0.0,0.9994840307517672,0.0,0.9996387656104861,1.0,0.0005159692482328053,1.0,0.0003612343895138817,0.0,0.9991231689704972,,,,-0.0004317242596766064,-0.0005159692482328282,-0.00036123438951385367,0.0,1.0005162356099324
D00704_06_fill_holes_and_orientation.obj,d00704,Violin,1,9,6,19372,7,19388,0.26038124446489797,0.8064733794784729,1,9,6,19372,0.14285714285714285,0.9995356276765904,0.1,0.9996903705232738,0.8571428571428571,0.0004643723234095248,0.9,0.0003096294767261843,0.0625,0.9992263255622035,0.11764705882352941,0.10638297872340426,0.13157894736842102,0.11914356069189547,0.14239277053373334,0.0996903705232739,307.6349206349206,0.857541075484499
D00743_06_fill_holes_and_orientation.obj,d00743,Violin,0,10,7,19371,7,19388,0.09075334718772188,0.719276479038788,0,10,7,19371,0.0,0.9994840307517672,0.0,0.9996387656104861,1.0,0.0005159692482328053,1.0,0.0003612343895138817,0.0,0.9991231689704972,,,,-0.0004317242596766064,-0.0005159692482328282,-0.00036123438951385367,0.0,1.0005162356099324
D00891_06_fill_holes_and_orientation.obj,d00891,Violin,3,7,4,19374,7,19388,0.41609422965090886,0.8207740194157851,3,7,4,19374,0.42857142857142855,0.9996388215262371,0.3,0.9997935803488492,0.5714285714285714,0.00036117847376296373,0.7,0.00020641965115078957,0.21428571428571427,0.9994326387456158,0.3529411764705882,0.3191489361702127,0.3947368421052631,0.3582941305950396,0.42821025009766567,0.2997935803488492,1186.5918367346937,0.5716350336975917
D00898_06_fill_holes_and_orientation.obj,d00898,Violin,1,9,5,19373,6,19388,0.18789458912976356,0.7357320099255583,1,9,5,19373,0.16666666666666666,0.9995356516355381,0.1,0.9997419754360615,0.8333333333333334,0.0004643483644618718,0.9,0.0002580245639384869,0.06666666666666667,0.9992779038580565,0.125,0.10869565217391304,0.14705882352941177,0.1287530486998851,0.16620231830220478,0.09974197543606156,358.9259259259259,0.8337204700700288
D00993_06_fill_holes_and_orientation.obj,d00993,Violin,1,9,5,19373,6,19388,0.08970089949405195,0.7056723695093814,1,9,5,19373,0.16666666666666666,0.9995356516355381,0.1,0.9997419754360615,0.8333333333333334,0.0004643483644618718,0.9,0.0002580245639384869,0.06666666666666667,0.9992779038580565,0.125,0.10869565217391304,0.14705882352941177,0.1287530486998851,0.16620231830220478,0.09974197543606156,358.9259259259259,0.8337204700700288
m733_06_fill_holes_and_orientation.obj,m733,Wheel,0,10,7,19371,7,19388,0.029446301378813686,0.535445064023131,0,10,7,19371,0.0,0.9994840307517672,0.0,0.9996387656104861,1.0,0.0005159692482328053,1.0,0.0003612343895138817,0.0,0.9991231689704972,,,,-0.0004317242596766064,-0.0005159692482328282,-0.00036123438951385367,0.0,1.0005162356099324
m734_06_fill_holes_and_orientation.obj,m734,Wheel,0,10,7,19371,7,19388,0.05878352407830444,0.7147098306484924,0,10,7,19371,0.0,0.9994840307517672,0.0,0.9996387656104861,1.0,0.0005159692482328053,1.0,0.0003612343895138817,0.0,0.9991231689704972,,,,-0.0004317242596766064,-0.0005159692482328282,-0.00036123438951385367,0.0,1.0005162356099324
m735_06_fill_holes_and_orientation.obj,m735,Wheel,0,10,7,19371,7,19388,0.014673365481492713,0.4641935150764147,0,10,7,19371,0.0,0.9994840307517672,0.0,0.9996387656104861,1.0,0.0005159692482328053,1.0,0.0003612343895138817,0.0,0.9991231689704972,,,,-0.0004317242596766064,-0.0005159692482328282,-0.00036123438951385367,0.0,1.0005162356099324
m736_06_fill_holes_and_orientation.obj,m736,Wheel,0,10,7,19371,7,19388,0.062382405140684334,0.6750826104915324,0,10,7,19371,0.0,0.9994840307517672,0.0,0.9996387656104861,1.0,0.0005159692482328053,1.0,0.0003612343895138817,0.0,0.9991231689704972,,,,-0.0004317242596766064,-0.0005159692482328282,-0.00036123438951385367,0.0,1.0005162356099324
m737_06_fill_holes_and_orientation.obj,m737,Wheel,0,10,7,19371,7,19388,0.08587858202001937,0.8762133415943825,0,10,7,19371,0.0,0.9994840307517672,0.0,0.9996387656104861,1.0,0.0005159692482328053,1.0,0.0003612343895138817,0.0,0.9991231689704972,,,,-0.0004317242596766064,-0.0005159692482328282,-0.00036123438951385367,0.0,1.0005162356099324
m738_06_fill_holes_and_orientation.obj,m738,Wheel,0,10,7,19371,7,19388,0.02904898329113032,0.49259087154068565,0,10,7,19371,0.0,0.9994840307517672,0.0,0.9996387656104861,1.0,0.0005159692482328053,1.0,0.0003612343895138817,0.0,0.9991231689704972,,,,-0.0004317242596766064,-0.0005159692482328282,-0.00036123438951385367,0.0,1.0005162356099324
m739_06_fill_holes_and_orientation.obj,m739,Wheel,0,10,7,19371,7,19388,0.03153325858881476,0.5137598099958695,0,10,7,19371,0.0,0.9994840307517672,0.0,0.9996387656104861,1.0,0.0005159692482328053,1.0,0.0003612343895138817,0.0,0.9991231689704972,,,,-0.0004317242596766064,-0.0005159692482328282,-0.00036123438951385367,0.0,1.0005162356099324
m740_06_fill_holes_and_orientation.obj,m740,Wheel,0,10,7,19371,7,19388,0.12619430227952178,0.9057982238744321,0,10,7,19371,0.0,0.9994840307517672,0.0,0.9996387656104861,1.0,0.0005159692482328053,1.0,0.0003612343895138817,0.0,0.9991231689704972,,,,-0.0004317242596766064,-0.0005159692482328282,-0.00036123438951385367,0.0,1.0005162356099324
m741_06_fill_holes_and_orientation.obj,m741,Wheel,0,10,7,19371,7,19388,0.025061610600906288,0.6785935563816605,0,10,7,19371,0.0,0.9994840307517672,0.0,0.9996387656104861,1.0,0.0005159692482328053,1.0,0.0003612343895138817,0.0,0.9991231689704972,,,,-0.0004317242596766064,-0.0005159692482328282,-0.00036123438951385367,0.0,1.0005162356099324
m742_06_fill_holes_and_orientation.obj,m742,Wheel,4,6,3,19375,7,19388,0.39862201458372964,0.8664033457249071,4,6,3,19375,0.5714285714285714,0.9996904184510603,0.4,0.9998451852616369,0.42857142857142855,0.00030958154893968317,0.6,0.00015481473836309216,0.3076923076923077,0.9995357953373221,0.47058823529411764,0.425531914893617,0.5263157894736841,0.4778694155466117,0.5711189898796318,0.3998451852616369,1845.8095238095239,0.4287041474654378
m743_06_fill_holes_and_orientation.obj,m743,Wheel,3,7,4,19374,7,19388,0.5233322595353033,0.8497005369681949,3,7,4,19374,0.42857142857142855,0.9996388215262371,0.3,0.9997935803488492,0.5714285714285714,0.00036117847376296373,0.7,0.00020641965115078957,0.21428571428571427,0.9994326387456158,0.3529411764705882,0.3191489361702127,0.3947368421052631,0.3582941305950396,0.42821025009766567,0.2997935803488492,1186.5918367346937,0.5716350336975917
m744_06_fill_holes_and_orientation.obj,m744,Wheel,0,10,7,19371,7,19388,0.05978595792656002,0.8059944237918216,0,10,7,19371,0.0,0.9994840307517672,0.0,0.9996387656104861,1.0,0.0005159692482328053,1.0,0.0003612343895138817,0.0,0.9991231689704972,,,,-0.0004317242596766064,-0.0005159692482328282,-0.00036123438951385367,0.0,1.0005162356099324
m745_06_fill_holes_and_orientation.obj,m745,Wheel,1,9,6,19372,7,19388,0.10807753082250841,0.8633828996282529,1,9,6,19372,0.14285714285714285,0.9995356276765904,0.1,0.9996903705232738,0.8571428571428571,0.0004643723234095248,0.9,0.0003096294767261843,0.0625,0.9992263255622035,0.11764705882352941,0.10638297872340426,0.13157894736842102,0.11914356069189547,0.14239277053373334,0.0996903705232739,307.6349206349206,0.857541075484499
m746_06_fill_holes_and_orientation.obj,m746,Wheel,0,10,7,19371,7,19388,0.06159989970413682,0.5885223048327137,0,10,7,19371,0.0,0.9994840307517672,0.0,0.9996387656104861,1.0,0.0005159692482328053,1.0,0.0003612343895138817,0.0,0.9991231689704972,,,,-0.0004317242596766064,-0.0005159692482328282,-0.00036123438951385367,0.0,1.0005162356099324
m747_06_fill_holes_and_orientation.obj,m747,Wheel,1,9,6,19372,7,19388,0.2283698242132332,0.8023543990086741,1,9,6,19372,0.14285714285714285,0.9995356276765904,0.1,0.9996903705232738,0.8571428571428571,0.0004643723234095248,0.9,0.0003096294767261843,0.0625,0.9992263255622035,0.11764705882352941,0.10638297872340426,0.13157894736842102,0.11914356069189547,0.14239277053373334,0.0996903705232739,307.6349206349206,0.857541075484499
m748_06_fill_holes_and_orientation.obj,m748,Wheel,0,10,7,19371,7,19388,0.03604156494046296,0.6738950846757539,0,10,7,19371,0.0,0.9994840307517672,0.0,0.9996387656104861,1.0,0.0005159692482328053,1.0,0.0003612343895138817,0.0,0.9991231689704972,,,,-0.0004317242596766064,-0.0005159692482328282,-0.00036123438951385367,0.0,1.0005162356099324
m749_06_fill_holes_and_orientation.obj,m749,Wheel,1,9,6,19372,7,19388,0.22763194118891392,0.7909696406443618,1,9,6,19372,0.14285714285714285,0.9995356276765904,0.1,0.9996903705232738,0.8571428571428571,0.0004643723234095248,0.9,0.0003096294767261843,0.0625,0.9992263255622035,0.11764705882352941,0.10638297872340426,0.13157894736842102,0.11914356069189547,0.14239277053373334,0.0996903705232739,307.6349206349206,0.857541075484499
D00004_06_fill_holes_and_orientation.obj,d00004,WheelChair,1,9,6,19372,7,19388,0.07974732896614453,0.7521222410865875,1,9,6,19372,0.14285714285714285,0.9995356276765904,0.1,0.9996903705232738,0.8571428571428571,0.0004643723234095248,0.9,0.0003096294767261843,0.0625,0.9992263255622035,0.11764705882352941,0.10638297872340426,0.13157894736842102,0.11914356069189547,0.14239277053373334,0.0996903705232739,307.6349206349206,0.857541075484499
D00070_06_fill_holes_and_orientation.obj,d00070,WheelChair,4,6,3,19375,7,19388,0.9638135597628839,0.8939314788211222,4,6,3,19375,0.5714285714285714,0.9996904184510603,0.4,0.9998451852616369,0.42857142857142855,0.00030958154893968317,0.6,0.00015481473836309216,0.3076923076923077,0.9995357953373221,0.47058823529411764,0.425531914893617,0.5263157894736841,0.4778694155466117,0.5711189898796318,0.3998451852616369,1845.8095238095239,0.4287041474654378
D00088_06_fill_holes_and_orientation.obj,d00088,WheelChair,7,3,0,19378,7,19388,1.0140056377397386,0.8914500892429584,7,3,0,19378,1.0,0.9998452092255301,0.7,1.0,0.0,0.00015479077446984158,0.3,0.0,0.7,0.9998452651124407,0.8235294117647058,0.7446808510638298,0.9210526315789475,0.836595270401328,0.9998452092255301,0.7,6460.333333333334,0.0
D00183_06_fill_holes_and_orientation.obj,d00183,WheelChair,3,7,4,19374,7,19388,0.38644469082083727,0.8685734186583083,3,7,4,19374,0.42857142857142855,0.9996388215262371,0.3,0.9997935803488492,0.5714285714285714,0.00036117847376296373,0.7,0.00020641965115078957,0.21428571428571427,0.9994326387456158,0.3529411764705882,0.3191489361702127,0.3947368421052631,0.3582941305950396,0.42821025009766567,0.2997935803488492,1186.5918367346937,0.5716350336975917
D00203_06_fill_holes_and_orientation.obj,d00203,WheelChair,1,9,6,19372,7,19388,0.2613681832499942,0.9356144704192243,1,9,6,19372,0.14285714285714285,0.9995356276765904,0.1,0.9996903705232738,0.8571428571428571,0.0004643723234095248,0.9,0.0003096294767261843,0.0625,0.9992263255622035,0.11764705882352941,0.10638297872340426,0.13157894736842102,0.11914356069189547,0.14239277053373334,0.0996903705232739,307.6349206349206,0.857541075484499
D00274_06_fill_holes_and_orientation.obj,d00274,WheelChair,6,4,1,19377,7,19388,1.262435563413003,0.8992207566061556,6,4,1,19377,0.8571428571428571,0.9997936123007068,0.6,0.9999483950872123,0.14285714285714285,0.00020638769929312212,0.4,5.160491278769739e-05,0.5454545454545454,0.9997421085207345,0.7058823529411764,0.6382978723404255,0.7894736842105262,0.7170199854497559,0.8569364694435639,0.5999483950872122,4153.071428571428,0.14288663290056694
D00290_06_fill_holes_and_orientation.obj,d00290,WheelChair,3,7,4,19374,7,19388,0.2764741739079427,0.849135866962692,3,7,4,19374,0.42857142857142855,0.9996388215262371,0.3,0.9997935803488492,0.5714285714285714,0.00036117847376296373,0.7,0.00020641965115078957,0.21428571428571427,0.9994326387456158,0.3529411764705882,0.3191489361702127,0.3947368421052631,0.3582941305950396,0.42821025009766567,0.2997935803488492,1186.5918367346937,0.5716350336975917
D00365_06_fill_holes_and_orientation.obj,d00365,WheelChair,0,10,6,19372,6,19388,0.22050229101195928,0.8723825693265421,0,10,6,19372,0.0,0.9994840573728201,0.0,0.9996903705232738,1.0,0.0005159426271798576,1.0,0.0003096294767261843,0.0,0.9991747472663504,,,,-0.00039968868594749107,-0.0005159426271799106,-0.000309629476726192,0.0,1.0005162089613877
D00394_06_fill_holes_and_orientation.obj,d00394,WheelChair,9,1,0,19378,7,19388,1.667357643365417,0.900679117147708,9,1,0,19378,1.0,0.9999483977501419,0.9,1.0,0.0,5.1602249858093815e-05,0.1,0.0,0.9,0.9999484217041469,0.9473684210526316,0.9183673469387754,0.9782608695652175,0.9486588206384462,0.999948397750142,0.8999999999999999,19379.0,0.0
D00449_06_fill_holes_and_orientation.obj,d00449,WheelChair,1,9,6,19372,7,19388,0.48401562864743164,0.8848765835183492,1,9,6,19372,0.14285714285714285,0.9995356276765904,0.1,0.9996903705232738,0.8571428571428571,0.0004643723234095248,0.9,0.0003096294767261843,0.0625,0.9992263255622035,0.11764705882352941,0.10638297872340426,0.13157894736842102,0.11914356069189547,0.14239277053373334,0.0996903705232739,307.6349206349206,0.857541075484499
D00453_06_fill_holes_and_orientation.obj,d00453,WheelChair,7,3,0,19378,7,19388,1.4713373002408534,0.902442209742719,7,3,0,19378,1.0,0.9998452092255301,0.7,1.0,0.0,0.00015479077446984158,0.3,0.0,0.7,0.9998452651124407,0.8235294117647058,0.7446808510638298,0.9210526315789475,0.836595270401328,0.9998452092255301,0.7,6460.333333333334,0.0
D00499_06_fill_holes_and_orientation.obj,d00499,WheelChair,6,4,1,19377,7,19388,1.0800664586662276,0.8998955204388142,6,4,1,19377,0.8571428571428571,0.9997936123007068,0.6,0.9999483950872123,0.14285714285714285,0.00020638769929312212,0.4,5.160491278769739e-05,0.5454545454545454,0.9997421085207345,0.7058823529411764,0.6382978723404255,0.7894736842105262,0.7170199854497559,0.8569364694435639,0.5999483950872122,4153.071428571428,0.14288663290056694
D00526_06_fill_holes_and_orientation.obj,d00526,WheelChair,1,9,6,19372,7,19388,0.3853912518601775,0.8844194854381611,1,9,6,19372,0.14285714285714285,0.9995356276765904,0.1,0.9996903705232738,0.8571428571428571,0.0004643723234095248,0.9,0.0003096294767261843,0.0625,0.9992263255622035,0.11764705882352941,0.10638297872340426,0.13157894736842102,0.11914356069189547,0.14239277053373334,0.0996903705232739,307.6349206349206,0.857541075484499
D00604_06_fill_holes_and_orientation.obj,d00604,WheelChair,6,4,1,19377,7,19388,1.199517535619894,0.9197684036393714,6,4,1,19377,0.8571428571428571,0.9997936123007068,0.6,0.9999483950872123,0.14285714285714285,0.00020638769929312212,0.4,5.160491278769739e-05,0.5454545454545454,0.9997421085207345,0.7058823529411764,0.6382978723404255,0.7894736842105262,0.7170199854497559,0.8569364694435639,0.5999483950872122,4153.071428571428,0.14288663290056694
D00628_06_fill_holes_and_orientation.obj,d00628,WheelChair,4,6,3,19375,7,19388,0.8790325990918089,0.9116712376474685,4,6,3,19375,0.5714285714285714,0.9996904184510603,0.4,0.9998451852616369,0.42857142857142855,0.00030958154893968317,0.6,0.00015481473836309216,0.3076923076923077,0.9995357953373221,0.47058823529411764,0.425531914893617,0.5263157894736841,0.4778694155466117,0.5711189898796318,0.3998451852616369,1845.8095238095239,0.4287041474654378
D00687_06_fill_holes_and_orientation.obj,d00687,WheelChair,6,4,0,19378,6,19388,1.2883654302430625,0.8915806886944407,6,4,0,19378,1.0,0.9997936229491281,0.6,1.0,0.0,0.00020637705087194304,0.4,0.0,0.6,0.9997936868165875,0.7499999999999999,0.6521739130434783,0.8823529411764706,0.7745167356290481,0.9997936229491282,0.6000000000000001,4845.5,0.0
D00720_06_fill_holes_and_orientation.obj,d00720,WheelChair,5,5,2,19376,7,19388,0.8854694850207628,0.8711636411127073,5,5,2,19376,0.7142857142857143,0.9997420153758836,0.5,0.9998967901744246,0.2857142857142857,0.00025798462411640266,0.5,0.00010320982557539478,0.4166666666666667,0.9996389519290283,0.588235294117647,0.5319148936170213,0.6578947368421053,0.5974447004981838,0.714027729661598,0.4998967901744247,2768.714285714286,0.28578801462781644
D00782_06_fill_holes_and_orientation.obj,d00782,WheelChair,2,8,5,19373,7,19388,0.20412533085728396,0.8666144268860738,2,8,5,19373,0.2857142857142857,0.9995872246014138,0.2,0.9997419754360615,0.7142857142857143,0.00041277539858624424,0.8,0.0002580245639384869,0.13333333333333333,0.9993294821539096,0.23529411764705882,0.2127659574468085,0.26315789473684204,0.23871884564346754,0.2853015103156995,0.19974197543606143,692.1785714285714,0.7145806756089108
D00821_06_fill_holes_and_orientation.obj,d00821,WheelChair,7,3,0,19378,6,19388,1.347045046448172,0.8924295851290758,7,3,0,19378,1.0,0.9998452092255301,0.7,1.0,0.0,0.00015479077446984158,0.3,0.0,0.7,0.9998452651124407,0.8235294117647058,0.7446808510638298,0.9210526315789475,0.836595270401328,0.9998452092255301,0.7,6460.333333333334,0.0
D00846_06_fill_holes_and_orientation.obj,d00846,WheelChair,4,6,3,19375,7,19388,0.6885691473223581,0.8959993034695921,4,6,3,19375,0.5714285714285714,0.9996904184510603,0.4,0.9998451852616369,0.42857142857142855,0.00030958154893968317,0.6,0.00015481473836309216,0.3076923076923077,0.9995357953373221,0.47058823529411764,0.425531914893617,0.5263157894736841,0.4778694155466117,0.5711189898796318,0.3998451852616369,1845.8095238095239,0.4287041474654378
