name,surface_area,volume,compactness,rectangularity,diameter,convexity,eccentricity
AircraftBuoyant\m1337_unified_prepared.obj,2.691754,0.345543,1.444269,0.519298,1.005749,0.955153,2.167113
AircraftBuoyant\m1338_unified_prepared.obj,3.610903,0.394960,2.668626,0.637042,1.047677,0.915592,2.079496
AircraftBuoyant\m1339_unified_prepared.obj,0.531578,0.014213,6.574620,0.162171,1.001509,0.081847,8.072031
AircraftBuoyant\m1340_unified_prepared.obj,0.561210,0.027837,2.016912,0.329970,1.000110,0.577152,12.149361
AircraftBuoyant\m1341_unified_prepared.obj,0.671292,0.035089,2.172432,0.390873,1.000132,0.632656,28.157568
AircraftBuoyant\m1342_unified_prepared.obj,1.609111,0.145688,1.735639,0.493147,1.001092,0.900635,13.160024
AircraftBuoyant\m1343_unified_prepared.obj,2.588614,0.231763,2.855360,0.672829,1.002372,1.037564,3.445280
AircraftBuoyant\m1344_unified_prepared.obj,1.591517,0.168340,1.257785,0.430096,1.002200,0.914555,12.372747
AircraftBuoyant\m1345_unified_prepared.obj,2.928121,0.005637,6987.076612,0.926934,1.000505,0.043017,5.217698
AircraftBuoyant\m1346_unified_prepared.obj,0.740199,0.033516,3.192206,0.504686,1.004714,0.725103,24.220614
AircraftBuoyant\m1347_unified_prepared.obj,1.023162,0.054535,3.184371,0.604105,1.000610,0.826569,21.704167
AircraftBuoyant\m1348_unified_prepared.obj,0.737822,0.033351,3.192921,0.505875,1.003917,0.724979,24.022841
AircraftBuoyant\m1349_unified_prepared.obj,0.694643,0.028903,3.547792,0.413106,1.022561,0.608042,6.234217
AircraftBuoyant\m1350_unified_prepared.obj,0.881072,0.041772,3.465888,0.329360,1.093539,0.701450,7.225806
AircraftBuoyant\m1351_unified_prepared.obj,0.834411,0.020131,12.675466,0.877356,1.000039,0.817864,21.685495
AircraftBuoyant\m1352_unified_prepared.obj,0.915413,0.047273,3.035059,0.550467,1.002282,0.856780,14.863003
Apartment\D00045_unified_prepared.obj,20.157443,0.117322,5261.345731,5.146926,1.397977,0.407895,3.442043
Apartment\D00086_unified_prepared.obj,2.622682,0.110356,13.097596,0.884671,1.019265,0.788563,12.841839
Apartment\D00138_unified_prepared.obj,5.161566,0.038150,835.435257,1.957419,1.254256,0.168646,6.378092
Apartment\D00156_unified_prepared.obj,15.085580,0.051742,11338.448952,3.705780,1.196763,0.140676,7.742961
Apartment\D00310_unified_prepared.obj,11.982778,0.018879,42681.836655,5.327612,1.094018,0.126866,10.029059
Apartment\D00348_unified_prepared.obj,3.326187,0.215139,7.029913,1.075615,1.193881,0.801101,39.198104
Apartment\D00366_unified_prepared.obj,3.222213,0.193582,7.893681,0.700420,1.066632,0.884516,3.946739
Apartment\D00478_unified_prepared.obj,7.360258,0.025099,5596.329156,2.411491,1.129982,0.118850,4.924526
Apartment\D00496_unified_prepared.obj,2.674474,0.178846,5.288183,0.864105,1.199249,0.867626,2.552243
Apartment\D00626_unified_prepared.obj,4.153894,0.087276,83.200464,1.737959,1.047879,0.670505,6.330354
Apartment\D00639_unified_prepared.obj,6.468074,0.156284,97.958611,1.968202,1.166147,0.607799,3.452771
Apartment\D00651_unified_prepared.obj,15.075281,0.051751,11311.022065,3.705198,1.196911,0.140650,7.732632
Apartment\D00681_unified_prepared.obj,17.549576,0.152788,2047.234757,4.731958,1.178692,0.594583,8.161189
Apartment\D00780_unified_prepared.obj,3.096662,0.003239,25023.255868,1.546926,1.121307,0.024915,23.351164
Apartment\D00792_unified_prepared.obj,2.796161,0.216546,4.122250,0.634550,1.076936,0.973174,5.073729
Apartment\D00859_unified_prepared.obj,2.870125,0.080553,32.216847,1.166437,1.003872,0.847580,17.792136
Apartment\D00860_unified_prepared.obj,7.376160,0.029229,4153.386312,2.415084,1.130108,0.138359,4.919150
Apartment\D00869_unified_prepared.obj,5.876448,0.010887,15137.913386,1.922741,1.203550,0.037406,2.807855
Apartment\D00921_unified_prepared.obj,6.039237,0.092112,229.541978,2.381744,1.060975,0.534323,1.858920
Apartment\D00953_unified_prepared.obj,6.110802,0.011375,15594.703237,1.722870,1.048293,0.070458,3.248640
Apartment\m463_unified_prepared.obj,9.612206,0.132438,447.705594,2.558085,1.124748,0.662721,5.281970
Apartment\m464_unified_prepared.obj,5.676804,0.043164,868.198110,3.911637,1.005705,0.847432,19.850912
Apartment\m465_unified_prepared.obj,3.952717,0.044124,280.474206,3.353233,1.015868,1.222869,42.122984
AquaticAnimal\m53_unified_prepared.obj,0.489702,0.007559,18.173204,0.480479,1.005633,0.400216,73.302565
AquaticAnimal\m54_unified_prepared.obj,0.626537,0.012627,13.638825,0.504209,1.010685,0.580791,41.052751
AquaticAnimal\m55_unified_prepared.obj,0.549761,0.009271,17.091764,0.458979,1.012103,0.390794,53.676677
AquaticAnimal\m56_unified_prepared.obj,0.528657,0.009045,15.969021,0.464235,1.018092,0.549300,60.645332
AquaticAnimal\m57_unified_prepared.obj,0.528833,0.008331,18.841186,0.478452,1.004944,0.534655,84.992792
AquaticAnimal\m58_unified_prepared.obj,0.933489,0.055049,2.373409,0.351002,1.011363,0.679681,5.048163
AquaticAnimal\m59_unified_prepared.obj,0.341120,0.007436,6.347773,0.426338,1.003693,0.643157,64.165434
AquaticAnimal\m60_unified_prepared.obj,0.641634,0.013285,13.233539,0.352669,1.017674,0.311841,40.180795
AquaticAnimal\m61_unified_prepared.obj,0.536052,0.013138,7.890105,0.373256,1.016539,0.451366,36.071275
AquaticAnimal\m62_unified_prepared.obj,0.614231,0.012258,13.635843,0.344252,1.001842,0.495333,157.523409
AquaticAnimal\m63_unified_prepared.obj,1.730199,0.105141,4.142808,0.377643,1.105441,0.577739,2.072356
AquaticAnimal\m64_unified_prepared.obj,0.608532,0.012937,11.904205,0.382198,1.004851,0.534782,73.192817
AquaticAnimal\m65_unified_prepared.obj,0.907460,0.012894,39.744880,0.308870,1.105793,0.173336,11.151225
AquaticAnimal\m66_unified_prepared.obj,1.663101,0.038973,26.778450,0.758244,1.003124,0.552527,18.147310
AquaticAnimal\m67_unified_prepared.obj,0.518587,0.013762,6.510992,0.364782,1.001080,0.603109,74.060702
AquaticAnimal\m68_unified_prepared.obj,0.408547,0.006131,16.040834,0.416450,1.007926,0.393117,37.986971
AquaticAnimal\m69_unified_prepared.obj,0.547906,0.012924,8.707348,0.386112,1.003540,0.474421,51.196782
AquaticAnimal\m70_unified_prepared.obj,0.492856,0.010175,10.223815,0.301445,1.011532,0.299420,109.234566
AquaticAnimal\m71_unified_prepared.obj,0.523427,0.016634,4.582655,0.310651,1.010538,0.432968,46.508314
AquaticAnimal\m72_unified_prepared.obj,0.543241,0.012959,8.440176,0.334134,1.006026,0.421791,167.719754
AquaticAnimal\m73_unified_prepared.obj,0.774258,0.029652,4.667634,0.286318,1.045593,0.358387,18.658207
AquaticAnimal\m74_unified_prepared.obj,0.389967,0.008795,6.779401,0.246782,1.002500,0.317516,43.212677
AquaticAnimal\m75_unified_prepared.obj,0.524552,0.011653,9.397497,0.257691,1.020659,0.264326,30.213242
AquaticAnimal\m76_unified_prepared.obj,0.450215,0.011747,5.847463,0.255561,1.000300,0.313601,52.851246
AquaticAnimal\m77_unified_prepared.obj,0.659639,0.012479,16.296896,0.312432,1.022388,0.231539,25.925551
AquaticAnimal\m78_unified_prepared.obj,0.474737,0.011997,6.572810,0.222651,1.028155,0.262593,45.179933
AquaticAnimal\m79_unified_prepared.obj,0.550675,0.004674,67.577647,0.455777,1.016762,0.277625,56.701044
AquaticAnimal\m80_unified_prepared.obj,0.437879,0.007500,13.197106,0.269033,1.007106,0.247798,13.682354
AquaticAnimal\m81_unified_prepared.obj,0.378807,0.007795,7.910487,0.228707,1.000378,0.276408,58.111952
Bed\D00031_unified_prepared.obj,3.747204,0.090817,56.406885,1.214009,1.190585,0.508363,23.105964
Bed\D00110_unified_prepared.obj,2.554506,0.042191,82.798957,0.979081,1.231429,0.213875,48.994449
Bed\D00121_unified_prepared.obj,3.516906,0.068749,81.376374,0.950076,1.337783,0.188946,12.293038
Bed\D00184_unified_prepared.obj,8.300676,0.317294,50.230144,2.308137,1.321752,0.913369,8.054435
Bed\D00210_unified_prepared.obj,6.788079,0.058675,803.296078,1.688246,1.357397,0.141886,20.277988
Bed\D00213_unified_prepared.obj,2.598384,0.052625,56.011387,1.294201,1.125110,0.365092,31.805234
Bed\D00217_unified_prepared.obj,2.211932,0.037980,66.336880,1.124715,1.132762,0.262793,28.375684
Bed\D00307_unified_prepared.obj,4.865645,0.122660,67.695591,1.550369,1.182729,0.629080,26.394172
Bed\D00322_unified_prepared.obj,2.001094,0.039880,44.550005,0.895292,1.166326,0.216365,34.876253
Bed\D00417_unified_prepared.obj,4.079423,0.090038,74.044720,1.461944,1.229401,0.373551,33.061276
Bed\D00538_unified_prepared.obj,1.890544,0.054918,19.809777,0.720719,1.222649,0.218183,14.009102
Bed\D00545_unified_prepared.obj,2.391096,0.038381,82.053798,0.772227,1.128693,0.192960,30.077490
Bed\D00552_unified_prepared.obj,2.498763,0.111669,11.062684,0.653792,1.238693,0.509478,4.974507
Bed\D00565_unified_prepared.obj,3.727676,0.060280,126.042245,1.472484,1.231645,0.364590,91.774394
Bed\D00650_unified_prepared.obj,2.644403,0.046334,76.159550,1.165855,1.160156,0.252353,14.617620
Bed\D00735_unified_prepared.obj,4.604088,0.073987,157.639215,1.450212,1.198490,0.325739,20.950465
Bed\D00836_unified_prepared.obj,2.651160,0.078021,27.066874,1.101754,1.051089,0.720446,8.325541
Bed\D00839_unified_prepared.obj,5.017319,0.135553,60.778020,1.637754,1.267599,0.541075,38.818287
Bed\D00969_unified_prepared.obj,5.522775,0.158668,59.162084,1.470987,1.282543,0.483620,9.325329
Bed\D00988_unified_prepared.obj,3.452416,0.080933,55.547391,1.265112,1.200914,0.397752,16.683201
Bed\m945_unified_prepared.obj,3.468638,0.095804,40.202972,0.910661,1.206316,0.312697,6.195970
Bed\m946_unified_prepared.obj,2.563184,0.041204,87.703622,1.040434,1.149723,0.190883,16.515085
Bed\m947_unified_prepared.obj,2.376831,0.043652,62.306298,0.791252,1.237550,0.182613,14.594533
Bed\m948_unified_prepared.obj,2.610770,0.087404,20.596209,0.506029,1.187411,0.256807,1.554848
Bed\m949_unified_prepared.obj,3.585406,0.102116,39.082184,0.825001,1.356394,0.274429,6.304734
Bed\m950_unified_prepared.obj,3.312825,0.033109,293.253811,0.621150,1.253836,0.085490,2.004899
Bed\m951_unified_prepared.obj,5.778860,0.146772,79.210863,1.661809,1.331740,0.483569,28.192579
Bicycle\D00016_unified_prepared.obj,0.534812,0.001304,795.206905,0.260936,1.006351,0.021171,152.067534
Bicycle\D00033_unified_prepared.obj,0.550663,0.002422,251.631491,0.258068,1.000874,0.043097,132.347841
Bicycle\D00040_unified_prepared.obj,1.753218,0.006865,1011.085443,0.744114,1.028410,0.105492,50.293870
Bicycle\D00077_unified_prepared.obj,0.699515,0.002254,595.502182,0.278115,1.007335,0.029682,61.042284
Bicycle\D00078_unified_prepared.obj,0.831068,0.003146,512.863042,0.288363,1.054536,0.033681,26.361003
Bicycle\D00462_unified_prepared.obj,0.804119,0.001100,3796.850666,0.375432,1.017067,0.018895,64.929210
Bicycle\D00514_unified_prepared.obj,0.992494,0.004884,362.452291,0.498250,1.012333,0.092861,66.545467
Bicycle\D00536_unified_prepared.obj,0.708389,0.002974,355.355244,0.226093,1.038098,0.027579,14.539306
Bicycle\D00555_unified_prepared.obj,1.600296,0.009795,377.661669,0.634809,1.004114,0.127489,38.047411
Bicycle\D00558_unified_prepared.obj,0.840044,0.003306,479.540994,0.423141,1.004469,0.054708,60.644844
Bicycle\D00567_unified_prepared.obj,0.502940,0.002018,276.172830,0.226197,1.004327,0.032047,73.830368
Bicycle\D00621_unified_prepared.obj,0.534938,0.001305,795.199398,0.261462,1.006467,0.021171,149.708661
Bicycle\D00708_unified_prepared.obj,0.754312,0.003002,421.147422,0.293492,1.020390,0.048565,63.408490
Bicycle\D00750_unified_prepared.obj,1.487158,0.005482,967.790358,0.540202,1.013249,0.064835,36.149445
Bicycle\D00838_unified_prepared.obj,0.817366,0.003006,534.212861,0.315491,1.022334,0.048356,60.451768
Bicycle\D00847_unified_prepared.obj,0.830517,0.003142,512.995005,0.288432,1.054118,0.033685,26.619154
Bicycle\D00904_unified_prepared.obj,0.522139,0.002090,288.063128,0.239541,1.051086,0.045968,127.502125
Bicycle\D00930_unified_prepared.obj,1.062911,0.004460,533.879365,0.358733,1.045050,0.037821,29.085163
Bicycle\D00931_unified_prepared.obj,0.773368,0.002335,749.917992,0.353294,1.028005,0.033737,53.664235
Bicycle\D00974_unified_prepared.obj,0.886024,0.004762,271.229626,0.390044,1.062015,0.096509,50.288178
Bicycle\m1472_unified_prepared.obj,0.503647,0.002061,265.883126,0.185242,1.013766,0.026221,31.270239
Bicycle\m1473_unified_prepared.obj,0.615366,0.002018,505.877497,0.288332,1.000887,0.035905,131.959933
Bicycle\m1475_unified_prepared.obj,0.861908,0.004528,276.164252,0.397186,1.047585,0.095610,54.379611
Bicycle\m1476_unified_prepared.obj,0.502940,0.002018,276.172076,0.226197,1.004327,0.032047,73.830378
Bicycle\m1477_unified_prepared.obj,0.830251,0.003143,512.407039,0.288330,1.054139,0.033684,26.427711
Bicycle\m1478_unified_prepared.obj,0.536016,0.001309,795.255933,0.260567,1.007482,0.021170,166.294358
Biplane\D00069_unified_prepared.obj,1.405943,0.003097,2561.916963,0.841484,1.013863,0.056094,7.333506
Biplane\D00132_unified_prepared.obj,1.104674,0.007252,226.662102,0.451368,1.028813,0.124335,39.970799
Biplane\D00178_unified_prepared.obj,0.937258,0.000385,49002.071737,0.421802,1.003198,0.006835,18.781916
Biplane\D00199_unified_prepared.obj,1.405704,0.004778,1075.602958,0.543128,1.027900,0.046310,4.931832
Biplane\D00246_unified_prepared.obj,0.620797,0.001079,1818.064274,0.400503,1.000008,0.031721,15.495448
Biplane\D00276_unified_prepared.obj,1.603393,0.021868,76.219056,0.487941,1.019461,0.129261,3.405018
Biplane\D00277_unified_prepared.obj,0.785155,0.003346,382.188519,0.333728,1.000605,0.056033,5.526105
Biplane\D00320_unified_prepared.obj,0.783673,0.003975,269.388400,0.409373,1.000007,0.087412,8.719825
Biplane\D00373_unified_prepared.obj,1.279295,0.007555,324.293763,0.461326,1.000282,0.076627,14.389479
Biplane\D00410_unified_prepared.obj,0.947579,0.007826,122.823051,0.569492,1.002869,0.179403,10.288509
Biplane\D00490_unified_prepared.obj,0.948514,0.003327,681.552458,0.435148,1.008093,0.050010,10.319390
Biplane\D00515_unified_prepared.obj,1.294163,0.012928,114.667008,0.452656,1.000001,0.128107,8.340321
Biplane\D00601_unified_prepared.obj,1.872624,0.024100,99.965262,0.590011,1.077722,0.145728,3.412514
Biplane\D00616_unified_prepared.obj,0.825016,0.002362,890.199900,0.511448,1.005836,0.057196,18.058574
Biplane\D00632_unified_prepared.obj,0.970012,0.009972,81.147200,0.370361,1.010672,0.104790,16.345858
Biplane\D00634_unified_prepared.obj,1.286219,0.007489,335.448457,0.483794,1.015444,0.073047,8.373345
Biplane\D00666_unified_prepared.obj,1.178619,0.013837,75.610516,0.411244,1.029896,0.138158,34.847284
Biplane\D00854_unified_prepared.obj,0.958487,0.002695,1071.720381,0.407868,1.000053,0.033105,7.435992
Biplane\D00890_unified_prepared.obj,1.768968,0.003329,4416.025025,0.581313,1.015426,0.026059,12.086462
Biplane\D00900_unified_prepared.obj,0.856198,0.004125,326.202965,0.403600,1.001759,0.073306,9.452250
Biplane\m1118_unified_prepared.obj,0.908572,0.001790,2069.811701,0.488723,1.016639,0.028229,13.091031
Biplane\m1119_unified_prepared.obj,1.309053,0.011626,146.732500,0.444960,1.020210,0.089271,5.299264
Biplane\m1120_unified_prepared.obj,2.053215,0.004954,3118.658006,0.677049,1.016916,0.038310,15.909775
Biplane\m1121_unified_prepared.obj,0.952340,0.008466,106.557705,0.334306,1.002581,0.085360,3.285343
Biplane\m1122_unified_prepared.obj,1.431018,0.010676,227.318677,0.440626,1.009251,0.086306,8.696672
Biplane\m1123_unified_prepared.obj,1.229490,0.013750,86.917749,0.415084,1.017126,0.150674,2.521185
Biplane\m1124_unified_prepared.obj,0.858719,0.006125,149.249583,0.424104,1.014390,0.096874,78.660133
Biplane\m1125_unified_prepared.obj,1.322860,0.013215,117.205925,0.511374,1.028150,0.102952,9.718666
Biplane\m1126_unified_prepared.obj,1.114719,0.010557,109.895351,0.449718,1.035460,0.105783,23.115957
Biplane\m1127_unified_prepared.obj,0.979552,0.010748,71.938718,0.402741,1.022141,0.133513,33.122366
Biplane\m1128_unified_prepared.obj,1.174364,0.013752,75.727155,0.401882,1.027707,0.138185,22.297409
Biplane\m1129_unified_prepared.obj,1.025829,0.007677,161.960685,0.424996,1.002510,0.096637,7.602415
Biplane\m1131_unified_prepared.obj,0.945178,0.009295,86.418499,0.429087,1.016648,0.114753,9.066885
Biplane\m1132_unified_prepared.obj,0.897595,0.006363,157.913614,0.414314,1.014928,0.102545,46.982894
Biplane\m1133_unified_prepared.obj,0.970013,0.009972,81.148184,0.370361,1.010672,0.104789,16.345840
Biplane\m1134_unified_prepared.obj,0.589145,0.003073,191.439794,0.375111,1.005247,0.083207,40.198017
Biplane\m1135_unified_prepared.obj,0.881947,0.006162,159.723526,0.537180,1.011348,0.129184,25.009092
Biplane\m1136_unified_prepared.obj,0.425989,0.002388,119.852083,0.235513,1.000035,0.055004,12.199425
Biplane\m1137_unified_prepared.obj,0.711988,0.004319,171.080051,0.492486,1.003329,0.123369,38.557379
Biplane\m1138_unified_prepared.obj,1.779818,0.015222,215.132921,0.506762,1.029804,0.086930,3.192029
Biplane\m1139_unified_prepared.obj,1.075067,0.004276,600.835610,0.484614,1.014946,0.049472,5.923196
Biplane\m1141_unified_prepared.obj,1.037819,0.006162,260.291786,0.462137,1.000000,0.074957,6.086714
Biplane\m1143_unified_prepared.obj,1.415160,0.003083,2636.610179,0.863600,1.011270,0.056269,8.026252
Biplane\m1144_unified_prepared.obj,1.170720,0.005573,456.783661,0.491252,1.000739,0.069540,3.452216
Biplane\m1146_unified_prepared.obj,0.721496,0.011140,26.759304,0.248181,1.020656,0.169561,47.175639
Bird\D00089_unified_prepared.obj,0.422559,0.003497,54.545346,0.220768,1.000485,0.103675,18.647086
Bird\D00113_unified_prepared.obj,2.386774,0.050591,46.971956,0.605438,1.017975,0.297735,3.171632
Bird\D00164_unified_prepared.obj,1.044115,0.004429,513.074810,0.561669,1.000003,0.106750,5.852096
Bird\D00234_unified_prepared.obj,0.524105,0.008718,16.749537,0.185447,1.000813,0.167276,2.460845
Bird\D00271_unified_prepared.obj,0.978619,0.003844,560.937180,0.369070,1.241515,0.043579,11.652363
Bird\D00284_unified_prepared.obj,0.447372,0.003276,73.769174,0.275722,1.000088,0.083936,4.835701
Bird\D00323_unified_prepared.obj,0.173386,0.000529,164.525583,0.268168,1.000009,0.150515,407.091565
Bird\D00386_unified_prepared.obj,0.360842,0.003188,40.883440,0.395120,1.001665,0.219127,134.221856
Bird\D00438_unified_prepared.obj,0.366302,0.001861,125.490859,0.279195,1.000000,0.125291,47.808176
Bird\D00442_unified_prepared.obj,1.201869,0.008126,232.491775,0.410203,1.001278,0.095677,2.974948
Bird\D00546_unified_prepared.obj,0.536251,0.002752,179.991542,0.448779,1.001726,0.136214,12.481590
Bird\D00599_unified_prepared.obj,0.277485,0.000990,192.647662,0.266452,1.000001,0.091785,59.473100
Bird\D00625_unified_prepared.obj,0.657679,0.003351,224.031629,0.181042,1.036374,0.037747,2.291069
Bird\D00689_unified_prepared.obj,0.346537,0.001503,162.909193,0.248732,1.004029,0.062360,6.637710
Bird\D00736_unified_prepared.obj,0.380467,0.002459,80.513145,0.271122,1.000290,0.135444,27.386338
Bird\D00762_unified_prepared.obj,0.608103,0.011855,14.147370,0.163883,1.028279,0.163758,4.938643
Bird\D00862_unified_prepared.obj,0.548436,0.004323,78.031220,0.309582,1.000127,0.127614,10.526808
Bird\D00922_unified_prepared.obj,1.464094,0.023427,50.560265,0.264653,1.336732,0.111871,2.383752
Bird\D00961_unified_prepared.obj,0.363675,0.002251,83.918292,0.229534,1.001183,0.123150,51.859468
Bird\D00999_unified_prepared.obj,0.294319,0.002058,53.200140,0.276011,1.000000,0.164235,24.105785
Bird\m28_unified_prepared.obj,1.210648,0.012439,101.404335,0.519432,1.013889,0.158632,7.219946
Bird\m29_unified_prepared.obj,0.587691,0.017064,6.163384,0.292712,1.093303,0.414512,8.862522
Bird\m30_unified_prepared.obj,0.737498,0.014541,16.775232,0.369403,1.062400,0.295309,11.763156
Bird\m31_unified_prepared.obj,1.229951,0.070839,3.278454,0.530268,1.059222,0.605776,14.016460
Bird\m32_unified_prepared.obj,0.665767,0.025395,4.045971,0.318951,1.026863,0.379727,11.723720
Bird\m33_unified_prepared.obj,2.119577,0.072462,16.035269,0.500866,1.211802,0.368789,4.198059
Bird\m34_unified_prepared.obj,0.423935,0.003528,54.133539,0.222989,1.001483,0.103938,8.216825
Bird\m35_unified_prepared.obj,1.951015,0.097036,6.973706,0.435733,1.086529,0.383963,2.118368
Bird\m36_unified_prepared.obj,1.730535,0.045282,22.348050,0.367488,1.072100,0.213946,35.409532
Bird\m37_unified_prepared.obj,0.806729,0.009794,48.397646,0.267468,1.000959,0.126571,4.124020
Bird\m38_unified_prepared.obj,0.294353,0.002059,53.200811,0.276529,1.000000,0.164852,19.152794
Bird\m39_unified_prepared.obj,0.737172,0.011009,29.226443,0.277522,1.000518,0.229103,26.713291
Bird\m40_unified_prepared.obj,0.343997,0.001467,167.189919,0.265449,1.000440,0.061539,6.209592
Bird\m41_unified_prepared.obj,0.366300,0.001869,124.380351,0.279193,1.000000,0.125848,47.802669
Bird\m42_unified_prepared.obj,0.291310,0.002496,35.081811,0.156226,1.010125,0.093095,5.409313
Bird\m43_unified_prepared.obj,0.310599,0.001312,153.986666,0.104223,1.000780,0.024197,11.117366
Bird\m44_unified_prepared.obj,0.478468,0.003141,98.196070,0.288217,1.008276,0.090178,15.746220
Bird\m45_unified_prepared.obj,0.447070,0.003292,72.914101,0.276148,1.000112,0.084298,4.465129
Bird\m47_unified_prepared.obj,0.302310,0.002910,28.843813,0.157857,1.002198,0.147545,111.943449
Bird\m48_unified_prepared.obj,1.010684,0.061735,2.395171,0.458442,1.026637,0.800668,25.369373
Bird\m49_unified_prepared.obj,2.515797,0.182355,4.233869,0.600156,1.006905,0.775062,5.788690
Bird\m50_unified_prepared.obj,0.933282,0.054458,2.423577,0.412650,1.038663,0.676638,29.189068
Bird\m51_unified_prepared.obj,1.085369,0.073698,2.081465,0.437910,1.029605,0.829081,5.814182
Bird\m52_unified_prepared.obj,2.179281,0.103122,8.605656,0.498518,1.071251,0.562568,4.522052
Bookset\D01009_unified_prepared.obj,12.159339,0.192540,428.781642,3.271980,1.273889,0.551771,2.730779
Bookset\D01013_unified_prepared.obj,21.303876,0.194159,2267.825669,6.536832,1.178547,0.836016,1.900968
Bookset\D01030_unified_prepared.obj,5.247897,0.172824,42.785309,1.210822,1.058552,0.829962,1.712891
Bookset\D01038_unified_prepared.obj,2.641429,0.043679,85.410465,1.794330,1.067410,0.614419,10.146745
Bookset\D01042_unified_prepared.obj,4.795511,0.026982,1339.339141,1.065708,1.008272,0.151330,5.058277
Bookset\D01050_unified_prepared.obj,4.570847,0.195478,22.097504,1.032579,1.089322,0.855700,2.736683
Bookset\D01065_unified_prepared.obj,21.354820,0.186327,2480.173479,6.790440,1.159182,0.858399,2.208806
Bookset\D01078_unified_prepared.obj,5.002441,0.015664,4511.065004,1.709914,1.114867,0.087184,14.422145
Bookset\D01096_unified_prepared.obj,13.732935,0.077981,3765.779516,4.267908,1.218482,0.293999,1.734273
Bookset\D01108_unified_prepared.obj,13.985346,0.290112,287.365341,5.022391,1.235099,1.180400,3.321394
Bookset\D01109_unified_prepared.obj,11.225028,0.023851,21983.698372,1.902978,1.318146,0.052164,3.311251
Bookset\D01110_unified_prepared.obj,7.998434,0.281126,57.248135,1.818705,1.281655,0.876825,2.561803
Bookset\D01122_unified_prepared.obj,3.852381,0.154946,21.055815,0.874100,1.039507,0.773334,2.396565
Bookset\D01135_unified_prepared.obj,13.499808,0.053087,7718.859876,6.797116,1.124914,0.389216,5.867119
Bookset\D01146_unified_prepared.obj,5.697498,0.256879,24.782383,1.207190,1.193158,0.855183,4.331130
Bookset\D01182_unified_prepared.obj,7.924227,0.141318,220.305143,1.684230,1.123159,0.627954,5.406656
Bookset\D01183_unified_prepared.obj,6.659434,0.282686,32.677584,1.593701,1.321481,0.757793,4.728699
Bookset\D01184_unified_prepared.obj,9.970787,0.206133,206.272452,2.827635,1.250889,0.626602,28.133310
Bookset\D01190_unified_prepared.obj,6.550262,0.067767,541.118030,4.729154,1.062221,0.935141,7.558772
Bookset\D01199_unified_prepared.obj,5.803262,0.111489,139.028099,1.903716,1.122175,0.554766,2.736515
Bottle\D00020_unified_prepared.obj,0.680359,0.034558,2.331641,0.578891,1.002447,0.900020,23.773425
Bottle\D00123_unified_prepared.obj,0.717509,0.025779,4.914818,0.684504,1.011316,0.807971,49.775439
Bottle\D00139_unified_prepared.obj,1.413649,0.013654,133.979301,1.297336,1.006900,0.401558,60.604151
Bottle\D00166_unified_prepared.obj,2.785472,0.151156,8.363594,1.490051,1.034572,1.490875,14.331730
Bottle\D00176_unified_prepared.obj,1.676138,0.000779,68646.550876,1.161639,1.013738,0.013455,18.506331
Bottle\D00208_unified_prepared.obj,1.489447,0.015297,124.861280,1.129709,1.018935,0.293205,28.945682
Bottle\D00281_unified_prepared.obj,1.916115,0.075044,11.045269,1.334646,1.010762,1.379127,17.455218
Bottle\D00311_unified_prepared.obj,1.191982,0.090563,1.825794,0.620872,1.018532,0.976480,12.897855
Bottle\D00347_unified_prepared.obj,1.263833,0.060760,4.834828,1.016824,1.009509,1.436927,22.606513
Bottle\D00350_unified_prepared.obj,0.774696,0.033626,3.635655,0.650218,1.015002,0.896806,24.747980
Bottle\D00390_unified_prepared.obj,2.578864,0.046199,71.051860,0.992223,1.022081,0.311101,8.843703
Bottle\D00451_unified_prepared.obj,2.146998,0.141742,4.355546,1.269410,1.029307,1.580447,11.455879
Bottle\D00679_unified_prepared.obj,1.802615,0.014069,261.649473,1.264994,1.005991,0.265136,39.601276
Bottle\D00696_unified_prepared.obj,1.353886,0.060501,5.994769,1.241946,1.009946,1.762633,15.847983
Bottle\D00711_unified_prepared.obj,1.362808,0.116640,1.644960,0.634003,1.020790,0.911303,9.324154
Bottle\D00716_unified_prepared.obj,1.920133,0.058665,18.187908,1.271120,1.035210,0.925618,42.486074
Bottle\D00726_unified_prepared.obj,1.051740,0.059756,2.880729,0.727947,1.005785,0.977695,5.865369
Bottle\D00892_unified_prepared.obj,1.225584,0.057703,4.888523,1.072465,1.002886,1.620233,30.087234
Bottle\D00940_unified_prepared.obj,1.443815,0.120230,1.841020,0.700126,1.032513,0.987246,12.889806
Bottle\D00959_unified_prepared.obj,0.684681,0.022362,5.675312,0.590991,1.016558,0.743832,55.658388
Bottle\m482_unified_prepared.obj,1.183472,0.015492,61.066025,0.881555,1.015651,0.307815,21.896682
Bottle\m483_unified_prepared.obj,0.983031,0.033878,7.318529,0.880314,1.012192,0.914997,37.548020
Bottle\m484_unified_prepared.obj,0.783364,0.042777,2.322826,0.618574,1.012499,0.915859,28.196870
Bottle\m485_unified_prepared.obj,0.977945,0.014186,41.093310,0.714903,1.017901,0.282698,21.462174
Bottle\m486_unified_prepared.obj,1.470284,0.060001,7.806021,1.090412,1.011259,1.129057,37.058617
Bottle\m487_unified_prepared.obj,1.110161,0.046615,5.567337,0.791424,1.016589,0.946690,30.411425
Bottle\m488_unified_prepared.obj,1.112936,0.080672,1.872891,0.632567,1.025284,0.937200,14.426942
Bottle\m489_unified_prepared.obj,2.583735,0.064237,36.959302,1.676154,1.015536,1.023976,27.328427
Bottle\m490_unified_prepared.obj,1.735447,0.108459,3.928731,1.038862,1.025519,1.360788,5.846789
Bottle\m491_unified_prepared.obj,1.570800,0.107890,2.944068,0.626578,1.043864,0.835007,4.794541
Bottle\m492_unified_prepared.obj,0.681892,0.033733,2.463707,0.526246,1.000715,0.863541,8.088031
BuildingNonResidential\m382_unified_prepared.obj,2.711640,0.061332,46.867446,0.583628,1.020475,0.215996,4.286980
BuildingNonResidential\m383_unified_prepared.obj,3.621244,0.059872,117.131645,1.078504,1.081349,0.292576,1.466706
BuildingNonResidential\m384_unified_prepared.obj,3.807302,0.009516,5388.527284,1.318762,1.250005,0.091793,10.606409
BuildingNonResidential\m385_unified_prepared.obj,3.722638,0.071519,89.178593,0.839445,1.066222,0.278769,2.909164
BuildingNonResidential\m386_unified_prepared.obj,3.634422,0.081040,64.632396,0.654449,1.361295,0.139085,3.316200
BuildingNonResidential\m387_unified_prepared.obj,2.467253,0.006923,2771.025458,0.727876,1.052550,0.037962,10.592098
BuildingNonResidential\m389_unified_prepared.obj,9.180117,0.083141,989.612856,1.796535,1.181514,0.321943,4.804813
BuildingNonResidential\m390_unified_prepared.obj,3.713302,0.063570,112.027060,0.899401,1.029072,0.300048,10.408920
BuildingNonResidential\m391_unified_prepared.obj,3.385253,0.095183,37.861790,0.805798,1.016529,0.582850,3.292669
BuildingNonResidential\m392_unified_prepared.obj,1.743233,0.015502,194.922428,0.622705,1.011180,0.167071,12.077954
BuildingNonResidential\m393_unified_prepared.obj,4.358762,0.072597,138.929976,0.965703,1.071658,0.230416,2.566172
BuildingNonResidential\m394_unified_prepared.obj,5.086884,0.036323,882.125383,0.890937,1.156666,0.071296,2.841833
BuildingNonResidential\m395_unified_prepared.obj,7.255135,0.167017,121.048966,1.257096,1.188858,0.304743,1.975870
BuildingNonResidential\m396_unified_prepared.obj,5.152469,0.050889,467.033273,0.970130,1.150476,0.119200,1.837928
BuildingNonResidential\m397_unified_prepared.obj,4.752805,0.101022,93.017968,0.811333,1.101949,0.207435,1.346987
BuildingNonResidential\m398_unified_prepared.obj,3.889046,0.252521,8.156100,0.998841,1.148446,0.974581,3.813481
BuildingNonResidential\m399_unified_prepared.obj,6.580853,0.107014,220.047046,1.511040,1.392212,0.228219,4.603032
BuildingNonResidential\m400_unified_prepared.obj,6.019402,0.037707,1356.308297,1.231082,1.252350,0.119557,4.379063
BuildingNonResidential\m401_unified_prepared.obj,3.255979,0.008106,4644.515141,1.148871,1.000070,0.093094,14.932649
BuildingNonResidential\m402_unified_prepared.obj,8.411861,0.125900,332.026132,2.425925,1.039871,0.766485,2.045719
BuildingNonResidential\m404_unified_prepared.obj,3.772691,0.049341,195.024439,1.301859,1.001387,0.485888,5.356488
BuildingNonResidential\m405_unified_prepared.obj,24.401496,0.144729,6133.221753,4.505206,1.410067,0.257872,2.746519
BuildingNonResidential\m406_unified_prepared.obj,8.537904,0.041981,3122.399067,2.197910,1.057304,0.206057,1.488164
BuildingNonResidential\m407_unified_prepared.obj,4.069297,0.036567,445.591116,0.934679,1.055464,0.126510,5.981192
BuildingNonResidential\m408_unified_prepared.obj,5.291005,0.247365,21.403522,1.606611,1.176740,1.053380,13.951478
BuildingNonResidential\m409_unified_prepared.obj,1.722545,0.015661,184.260562,0.606322,1.077559,0.243136,6.068469
BuildingNonResidential\m410_unified_prepared.obj,4.922193,0.032190,1017.582147,1.391994,1.016826,0.275082,4.571415
BuildingNonResidential\m412_unified_prepared.obj,0.856723,0.001184,3965.014008,0.618553,1.026575,0.036956,30.860344
BuildingNonResidential\m413_unified_prepared.obj,14.675563,0.163450,1046.070804,2.551744,1.449228,0.271687,1.369642
BuildingNonResidential\m414_unified_prepared.obj,3.525895,0.050202,153.785861,0.781105,1.069344,0.226045,1.441167
BuildingNonResidential\m415_unified_prepared.obj,4.983999,0.062076,284.077315,1.579360,1.086143,0.301610,1.863613
BuildingNonResidential\m416_unified_prepared.obj,12.086742,0.107817,1343.083387,5.302413,1.164051,0.591244,11.016148
BuildingNonResidential\m418_unified_prepared.obj,7.218538,0.090984,401.760449,1.817467,1.335507,0.209874,4.258087
BuildingNonResidential\m420_unified_prepared.obj,7.570548,0.074495,691.306238,2.811801,1.235483,0.330685,8.757559
BuildingNonResidential\m421_unified_prepared.obj,5.665026,0.045044,792.269230,2.562771,1.162173,0.294076,19.657278
BuildingNonResidential\m470_unified_prepared.obj,0.593653,0.010033,18.378064,0.326032,1.124322,0.250613,39.565509
BuildingNonResidential\m471_unified_prepared.obj,0.609891,0.019098,5.499585,0.549269,1.001936,0.641806,26.672247
BuildingNonResidential\m472_unified_prepared.obj,1.011040,0.039826,5.761338,0.431463,1.008099,0.465246,30.731207
BuildingNonResidential\m474_unified_prepared.obj,1.252330,0.013465,95.780061,0.279954,1.033050,0.069151,11.075646
BuildingNonResidential\m475_unified_prepared.obj,1.211114,0.000030,17853034.892793,0.320881,1.000004,0.000468,4.531146
BuildingNonResidential\m477_unified_prepared.obj,1.259428,0.000431,95280.333711,0.672474,1.071771,0.008962,24.292356
BuildingNonResidential\m478_unified_prepared.obj,0.889193,0.000080,980317.185814,0.388662,1.024244,0.001023,182.684636
BuildingNonResidential\m479_unified_prepared.obj,0.993786,0.000968,9266.878796,0.518600,1.029400,0.012813,14.032724
BuildingNonResidential\m481_unified_prepared.obj,1.340686,0.000095,2345741.146543,0.503694,1.001435,0.002112,39.698211
Bus\D00084_unified_prepared.obj,1.322571,0.012388,133.282939,1.205804,1.018472,0.260516,51.238846
Bus\D00114_unified_prepared.obj,11.497906,0.051513,5064.959776,5.216762,1.088032,0.344083,8.509020
Bus\D00151_unified_prepared.obj,1.811848,0.013399,292.922385,1.102440,1.022989,0.226924,18.814027
Bus\D00179_unified_prepared.obj,5.276610,0.037313,933.045111,4.009853,1.032499,0.571180,39.066968
Bus\D00182_unified_prepared.obj,5.432219,0.026838,1967.820172,5.030155,1.015196,0.682934,26.678834
Bus\D00264_unified_prepared.obj,1.164798,0.034791,11.544413,0.889925,1.038152,0.549949,49.709496
Bus\D00411_unified_prepared.obj,9.006792,0.024027,11190.386444,6.433709,1.029474,0.339463,34.054947
Bus\D00436_unified_prepared.obj,1.692496,0.050673,16.694414,1.130970,1.001288,0.619732,12.708002
Bus\D00446_unified_prepared.obj,2.199928,0.039986,58.879094,1.640388,1.020917,0.840486,18.350266
Bus\D00448_unified_prepared.obj,4.019078,0.029101,677.800329,2.197351,1.073764,0.258817,12.457420
Bus\D00483_unified_prepared.obj,7.862892,0.094638,479.916818,3.746665,1.057425,0.693840,8.734560
Bus\D00516_unified_prepared.obj,1.704387,0.056353,13.785396,1.137133,1.044282,0.738855,38.773512
Bus\D00677_unified_prepared.obj,8.603279,0.043051,3037.827794,4.033645,1.021140,0.290209,5.958805
Bus\D00754_unified_prepared.obj,4.179756,0.013950,3317.671638,3.556029,1.015028,0.271386,27.675580
Bus\D00769_unified_prepared.obj,5.179567,0.018397,3630.360180,3.779484,1.049409,0.269593,22.433849
Bus\D00775_unified_prepared.obj,7.055357,0.009437,34872.227425,4.497290,1.050039,0.104499,12.121471
Bus\D00815_unified_prepared.obj,2.240073,0.037656,70.092860,1.702595,1.024361,0.626484,14.459014
Bus\D00823_unified_prepared.obj,4.155838,0.020027,1582.320398,3.070033,1.032870,0.284736,26.733337
Bus\D00832_unified_prepared.obj,1.549059,0.055991,10.483677,0.821109,1.027189,0.519053,9.663156
Bus\D00857_unified_prepared.obj,3.543713,0.035262,316.458640,2.481532,1.034615,0.523535,19.031485
Car\D00168_unified_prepared.obj,1.663202,0.032317,38.950331,0.996648,1.030046,0.380724,15.934031
Car\D00236_unified_prepared.obj,8.038162,0.078648,742.403108,3.336172,1.020535,0.509250,6.496401
Car\D00260_unified_prepared.obj,6.194343,0.043306,1120.560528,2.777537,1.011254,0.327584,9.936711
Car\D00265_unified_prepared.obj,1.363918,0.015469,93.756802,0.824550,1.025692,0.202602,18.829852
Car\D00299_unified_prepared.obj,7.326120,0.160424,135.092406,2.393598,1.140268,0.645405,5.949176
Car\D00377_unified_prepared.obj,2.077841,0.057963,23.609135,1.174308,1.027887,0.633657,26.501484
Car\D00405_unified_prepared.obj,2.460944,0.070721,26.348457,1.042168,1.031732,0.458695,10.007434
Car\D00452_unified_prepared.obj,4.084994,0.069089,126.271822,1.704271,1.075084,0.434869,8.814342
Car\D00504_unified_prepared.obj,3.092284,0.043543,137.897334,1.533020,1.063218,0.393477,23.837342
Car\D00541_unified_prepared.obj,4.076406,0.010806,5129.211382,1.832831,1.024011,0.083283,9.324457
Car\D00618_unified_prepared.obj,2.786851,0.042825,104.351246,1.812605,1.017707,0.611176,33.362727
Car\D00670_unified_prepared.obj,2.266614,0.007758,1710.852320,1.477216,1.000463,0.112352,29.417323
Car\D00671_unified_prepared.obj,2.849952,0.068657,43.419850,1.695711,1.051589,0.780468,24.649067
Car\D00724_unified_prepared.obj,5.617563,0.026315,2263.572966,2.520935,1.019122,0.195171,8.682548
Car\D00767_unified_prepared.obj,1.593191,0.069008,7.508448,0.823384,1.015732,0.622625,14.405309
Car\D00785_unified_prepared.obj,4.326531,0.011870,5082.590565,2.096238,1.053484,0.096572,10.543470
Car\D00793_unified_prepared.obj,1.932034,0.063708,15.711237,1.086887,1.022422,0.723244,18.009443
Car\D00803_unified_prepared.obj,2.319977,0.020263,268.893044,1.879732,1.015842,0.387326,36.221706
Car\D00865_unified_prepared.obj,2.315951,0.066400,24.911245,1.262138,1.006625,0.689752,19.871536
Car\D00976_unified_prepared.obj,4.745224,0.058823,273.034342,2.015577,1.088980,0.379783,16.935064
Car\m1485_unified_prepared.obj,1.930583,0.081902,9.484599,0.827838,1.019454,0.621167,14.787482
Car\m1486_unified_prepared.obj,1.599070,0.078048,5.935100,0.766916,1.049147,0.642906,10.352650
Car\m1487_unified_prepared.obj,3.550824,0.047571,174.924905,1.666451,1.092708,0.299295,15.325782
Car\m1488_unified_prepared.obj,4.153038,0.056385,199.216301,1.451521,1.123499,0.257238,12.772249
Car\m1489_unified_prepared.obj,1.909588,0.086353,8.256767,0.742865,1.055212,0.536047,8.825076
Car\m1490_unified_prepared.obj,2.762716,0.040345,114.545138,1.167771,1.045160,0.276169,15.129597
Car\m1492_unified_prepared.obj,3.278540,0.023314,573.262984,1.183939,1.012232,0.207441,5.625329
Car\m1495_unified_prepared.obj,3.035342,0.045895,117.393815,1.577692,1.019019,0.455403,23.499107
Car\m1496_unified_prepared.obj,1.494574,0.037895,20.555752,0.882029,1.028499,0.412769,22.024291
Car\m1497_unified_prepared.obj,1.803038,0.034842,42.693538,1.082316,1.048231,0.430999,37.675139
Car\m1498_unified_prepared.obj,3.560755,0.023832,702.812968,2.213235,1.030467,0.318765,31.314142
Car\m1499_unified_prepared.obj,5.316654,0.031882,1307.252652,2.343807,1.027963,0.236397,8.761387
Car\m1500_unified_prepared.obj,1.718044,0.056273,14.159367,0.873127,1.048840,0.484862,22.006283
Car\m1502_unified_prepared.obj,1.703610,0.010205,419.831030,0.968302,1.002598,0.165429,54.769819
Car\m1503_unified_prepared.obj,1.128588,0.003365,1122.575771,1.334880,1.000316,0.145228,76.836876
Car\m1504_unified_prepared.obj,1.904201,0.014821,277.923116,1.255609,1.039358,0.248355,33.618034
Car\m1505_unified_prepared.obj,1.609363,0.017494,120.427492,1.219878,1.012486,0.349689,65.247336
Car\m1506_unified_prepared.obj,2.265475,0.026037,151.655261,1.139458,1.072695,0.231557,36.868309
Car\m1507_unified_prepared.obj,1.866859,0.013365,322.058358,1.215876,1.048862,0.221748,86.585759
Car\m1508_unified_prepared.obj,1.240416,0.014335,82.116742,0.888123,1.044493,0.256562,58.927178
Car\m1509_unified_prepared.obj,2.478770,0.019035,371.664830,1.067474,1.082085,0.161450,22.844420
Car\m1510_unified_prepared.obj,2.034091,0.024416,124.826962,1.181725,1.053541,0.345224,45.822629
Car\m1511_unified_prepared.obj,2.274670,0.017258,349.412836,1.192168,1.066170,0.204816,53.889206
Car\m1512_unified_prepared.obj,2.644683,0.019593,426.053483,1.885533,1.047409,0.337591,51.137276
Car\m1513_unified_prepared.obj,1.896096,0.017540,195.912141,1.084263,1.009254,0.253466,28.004362
Car\m1514_unified_prepared.obj,1.519799,0.018833,87.508262,0.945228,1.020997,0.302476,38.526516
Car\m1515_unified_prepared.obj,1.113917,0.021353,26.802570,0.645698,1.012171,0.305429,45.051513
Car\m1516_unified_prepared.obj,2.755803,0.049858,74.442976,1.692733,1.002021,0.659044,28.380336
Car\m1517_unified_prepared.obj,1.602554,0.033164,33.087313,0.900180,1.015483,0.374646,24.109279
Car\m1518_unified_prepared.obj,1.449782,0.055778,8.660307,0.865582,1.012929,0.710997,26.491349
Car\m1519_unified_prepared.obj,1.170643,0.045186,6.947402,0.787904,1.021360,0.686285,29.306410
Car\m1521_unified_prepared.obj,1.746242,0.054136,16.065263,0.954112,1.028857,0.740950,48.479159
Car\m1522_unified_prepared.obj,2.700064,0.047904,75.844228,1.707579,1.023848,0.625232,26.497371
Car\m1523_unified_prepared.obj,1.316165,0.049352,8.276983,0.830222,1.013977,0.694208,26.455618
Car\m1524_unified_prepared.obj,1.331477,0.066582,4.708002,0.732112,1.029765,0.712121,28.623052
Car\m1525_unified_prepared.obj,3.873340,0.036369,388.449059,1.991851,1.030327,0.329075,34.968046
Car\m1526_unified_prepared.obj,1.403048,0.057781,7.314693,0.817167,1.078978,0.680730,35.963438
Car\m1527_unified_prepared.obj,2.659409,0.042486,92.132018,1.579804,1.056277,0.514598,30.255123
Car\m1528_unified_prepared.obj,2.828276,0.050564,78.241655,1.904777,1.000839,0.733689,21.903147
Car\m1529_unified_prepared.obj,2.662122,0.063063,41.944733,1.437065,1.025629,0.685198,18.297004
Car\m1530_unified_prepared.obj,2.099877,0.043632,43.004495,1.249446,1.002329,0.605495,23.032403
Car\m1531_unified_prepared.obj,1.385459,0.058993,6.756582,0.855875,1.029337,0.708141,17.086520
Car\m1532_unified_prepared.obj,1.884890,0.088301,7.594067,0.829507,1.018513,0.835186,21.200219
Car\m1533_unified_prepared.obj,1.425280,0.051731,9.566364,0.929018,1.033149,0.704562,41.814971
Car\m1535_unified_prepared.obj,2.118511,0.036189,64.193481,1.402143,1.045387,0.486162,28.214284
Car\m1536_unified_prepared.obj,1.163026,0.068225,2.988290,0.677944,1.002769,0.845713,15.399571
Car\m1538_unified_prepared.obj,1.316140,0.049350,8.276983,0.830311,1.013973,0.694209,26.455881
Car\m1539_unified_prepared.obj,2.076520,0.057963,23.564139,1.173569,1.027888,0.633657,26.457373
Car\m1540_unified_prepared.obj,1.793061,0.050268,20.171839,1.139873,1.058376,0.640268,47.226364
Car\m1542_unified_prepared.obj,2.856744,0.055398,67.170646,1.377782,1.028602,0.542934,10.573900
Car\m1543_unified_prepared.obj,3.672826,0.023804,773.116721,2.048347,1.006951,0.305274,12.293074
Car\m1544_unified_prepared.obj,3.365364,0.016627,1219.058669,2.015334,1.047119,0.211862,33.244161
Car\m1545_unified_prepared.obj,2.787508,0.071180,37.799004,1.666113,1.036685,0.878739,21.875880
Car\m1546_unified_prepared.obj,4.624924,0.051809,325.879647,2.355635,1.151351,0.447456,29.369311
Car\m1547_unified_prepared.obj,1.820027,0.050798,20.658231,0.941904,1.091616,0.479167,17.324556
Car\m1548_unified_prepared.obj,2.787508,0.071180,37.799004,1.666113,1.036685,0.878739,21.875880
Car\m1550_unified_prepared.obj,1.940995,0.032232,62.236517,1.161185,1.000987,0.411405,30.104297
Car\m1551_unified_prepared.obj,3.868092,0.058259,150.768796,2.357788,1.062637,0.723324,28.869953
Car\m1552_unified_prepared.obj,1.401249,0.054235,8.270669,0.806967,1.008207,0.654390,20.572399
Car\m1553_unified_prepared.obj,2.418569,0.004471,6256.312431,1.279213,1.016668,0.051017,20.261099
Car\m1555_unified_prepared.obj,2.024458,0.028803,88.426689,1.098030,1.020372,0.370845,8.345444
Car\m1556_unified_prepared.obj,3.968074,0.016657,1991.034868,2.419676,1.030897,0.192228,23.844897
Car\m1557_unified_prepared.obj,1.874578,0.064685,13.920547,0.984929,1.053374,0.547898,18.481389
Car\m1558_unified_prepared.obj,2.461019,0.011930,926.007547,1.646370,1.038912,0.158649,29.632630
Car\m1559_unified_prepared.obj,3.530489,0.017753,1234.614461,1.437087,1.073509,0.103828,8.258530
Car\m1560_unified_prepared.obj,8.100095,0.060967,1264.240898,2.275641,1.098771,0.213318,5.424400
Car\m1561_unified_prepared.obj,2.585551,0.063607,37.773929,0.866750,1.095340,0.362968,5.959013
Car\m1562_unified_prepared.obj,5.648786,0.064856,378.891838,1.596958,1.177565,0.200068,4.862080
Car\m1563_unified_prepared.obj,3.907408,0.107712,45.466285,1.237814,1.149220,0.423862,8.453658
Cellphone\D00018_unified_prepared.obj,2.284303,0.043369,56.034564,1.513567,1.045978,0.629481,102.082476
Cellphone\D00032_unified_prepared.obj,1.702954,0.059866,12.184067,1.079503,1.081373,0.933220,45.015057
Cellphone\D00079_unified_prepared.obj,4.092119,0.083425,87.055623,2.888138,1.009606,1.280821,52.152689
Cellphone\D00152_unified_prepared.obj,1.804677,0.042254,29.107353,1.406280,1.011495,0.905710,109.641322
Cellphone\D00192_unified_prepared.obj,1.487248,0.052492,10.556282,1.141196,1.044752,0.981676,77.740393
Cellphone\D00248_unified_prepared.obj,0.934184,0.025755,10.866938,0.715760,1.022424,0.720417,43.526910
Cellphone\D00312_unified_prepared.obj,0.089948,0.000964,6.930622,0.124767,1.000271,0.259700,595.362142
Cellphone\D00327_unified_prepared.obj,2.395982,0.050720,47.275529,1.746955,1.016366,0.822596,39.468621
Cellphone\D00362_unified_prepared.obj,3.927773,0.047101,241.509396,2.839919,1.067758,0.960217,203.928993
Cellphone\D00369_unified_prepared.obj,1.143761,0.031862,13.031573,1.042023,1.017799,0.874990,47.428950
Cellphone\D00440_unified_prepared.obj,0.520879,0.017526,4.068209,0.575957,1.005694,0.812250,60.350784
Cellphone\D00527_unified_prepared.obj,2.667786,0.068713,35.557158,1.784678,1.033860,0.924776,41.713914
Cellphone\D00542_unified_prepared.obj,0.827808,0.029252,5.861689,0.667546,1.011241,0.843365,27.920108
Cellphone\D00554_unified_prepared.obj,5.489594,0.057290,445.672016,3.585713,1.038133,0.804880,25.227595
Cellphone\D00559_unified_prepared.obj,2.467294,0.005523,4354.194493,2.029026,1.024108,0.142416,71.079794
Cellphone\D00817_unified_prepared.obj,1.423917,0.054508,8.591685,1.051544,1.069473,0.952517,102.621388
Cellphone\D00848_unified_prepared.obj,1.257309,0.028615,21.463006,1.099228,1.013869,0.875281,61.475483
Cellphone\D00902_unified_prepared.obj,1.687603,0.072670,8.047189,0.981223,1.009963,0.797907,21.856502
Cellphone\D00979_unified_prepared.obj,3.295185,0.000671,702755.913330,2.729789,1.024760,0.017269,70.669180
Cellphone\D00997_unified_prepared.obj,1.357372,0.043236,11.829156,1.054840,1.015082,0.884165,35.951919
Chess\D01017_unified_prepared.obj,1.849638,0.126691,3.485908,0.568634,1.117585,0.548190,4.508689
Chess\D01019_unified_prepared.obj,1.045647,0.046990,4.578096,0.489884,1.009431,0.533451,5.632460
Chess\D01021_unified_prepared.obj,1.311094,0.073041,3.735189,0.510993,1.026192,0.528784,8.323934
Chess\D01043_unified_prepared.obj,0.859282,0.034514,4.709325,0.483012,1.011013,0.482029,13.561474
Chess\D01045_unified_prepared.obj,0.885921,0.034608,5.133083,0.487081,1.004887,0.532794,19.443347
Chess\D01049_unified_prepared.obj,1.055005,0.047920,4.521463,0.536997,1.027935,0.646534,23.781894
Chess\D01053_unified_prepared.obj,1.628954,0.107102,3.331828,0.439021,1.035397,0.674874,12.615345
Chess\D01080_unified_prepared.obj,0.910587,0.035072,5.427479,0.422475,1.015983,0.493200,8.597264
Chess\D01081_unified_prepared.obj,1.614187,0.064981,8.807124,0.568907,1.034046,0.491433,6.938276
Chess\D01099_unified_prepared.obj,1.725360,0.060423,12.438779,0.507285,1.035111,0.378253,8.137582
Chess\D01105_unified_prepared.obj,0.965853,0.042918,4.325209,0.464570,1.015560,0.557416,16.452663
Chess\D01112_unified_prepared.obj,0.922854,0.033569,6.166882,0.437311,1.009436,0.472773,11.052300
Chess\D01123_unified_prepared.obj,1.030040,0.044761,4.822875,0.496808,1.029955,0.389625,10.477177
Chess\D01126_unified_prepared.obj,1.446163,0.075613,4.677387,0.560088,1.028435,0.581605,8.570275
Chess\D01130_unified_prepared.obj,0.985909,0.036973,6.198540,0.502164,1.006772,0.481162,20.778049
Chess\D01138_unified_prepared.obj,1.060518,0.047996,4.578094,0.500366,1.016584,0.533453,8.224080
Chess\D01145_unified_prepared.obj,1.026629,0.044539,4.822892,0.492055,1.028249,0.389625,8.413433
Chess\D01171_unified_prepared.obj,1.858061,0.087557,7.398513,0.559600,1.014135,0.495420,2.017045
Chess\D01186_unified_prepared.obj,1.412747,0.074681,4.470091,0.529498,1.031167,0.592882,8.655057
Chess\D01188_unified_prepared.obj,2.522369,0.124621,9.136740,0.544735,1.144112,0.393746,3.638625
Chess\m1589_unified_prepared.obj,2.703835,0.017753,554.578755,0.746505,1.397377,0.161010,34.000177
Chess\m1591_unified_prepared.obj,3.042968,0.016047,967.475839,1.092111,1.093774,0.186541,50.602884
Chess\m1593_unified_prepared.obj,4.118558,0.039385,398.225169,1.364552,1.414054,0.243587,41.668540
Chess\m1595_unified_prepared.obj,3.329864,0.009785,3409.696992,1.285283,1.018635,0.228345,51.977041
Chess\m1596_unified_prepared.obj,3.332125,0.017899,1021.106389,2.135439,1.144643,0.333120,105.398147
Chess\m1598_unified_prepared.obj,0.923134,0.033584,6.166871,0.439532,1.009590,0.472773,12.043239
Chess\m1599_unified_prepared.obj,0.902187,0.034588,5.427477,0.419549,1.011285,0.493200,12.409629
Chess\m1600_unified_prepared.obj,1.043940,0.046875,4.578110,0.484270,1.008606,0.533451,7.139596
Chess\m1601_unified_prepared.obj,1.615941,0.065087,8.807215,0.569132,1.034606,0.491433,6.894027
Chess\m1602_unified_prepared.obj,0.885392,0.034577,5.133079,0.493542,1.004587,0.532794,19.488425
Chess\m1603_unified_prepared.obj,0.858755,0.034483,4.709321,0.485338,1.010703,0.482029,14.054469
Chess\m1604_unified_prepared.obj,1.059886,0.048253,4.521467,0.549670,1.030310,0.646534,26.162705
Chess\m1605_unified_prepared.obj,1.652110,0.109393,3.331830,0.493649,1.042730,0.674874,12.548581
Chess\m1606_unified_prepared.obj,1.725359,0.060423,12.438777,0.507285,1.035111,0.378253,8.137582
Chess\m1607_unified_prepared.obj,1.443368,0.075394,4.677440,0.558597,1.027439,0.581605,8.566486
Chess\m1608_unified_prepared.obj,2.577068,0.128696,9.136754,0.553586,1.156451,0.393746,3.249052
Chess\m1609_unified_prepared.obj,1.412746,0.074681,4.470082,0.529498,1.031166,0.592882,8.655063
Chess\m1610_unified_prepared.obj,1.859792,0.087674,7.399394,0.563245,1.014531,0.495451,2.080152
Chess\m1611_unified_prepared.obj,1.307852,0.072771,3.735190,0.509857,1.024922,0.528784,7.810999
Chess\m1612_unified_prepared.obj,0.984482,0.037084,6.134646,0.497184,1.006043,0.483661,21.248734
Chess\m1613_unified_prepared.obj,0.963528,0.042763,4.325220,0.465214,1.014336,0.557416,18.083019
Chess\m1614_unified_prepared.obj,1.025166,0.044444,4.822876,0.485724,1.027515,0.389625,11.754723
City\D01001_unified_prepared.obj,5.947629,0.045881,883.736140,1.079839,1.503073,0.345785,8.875197
City\D01007_unified_prepared.obj,3.885823,0.017369,1719.714472,0.888335,1.126353,0.224940,4.459185
City\D01010_unified_prepared.obj,2.499785,0.017049,475.173059,0.821694,1.024255,0.201384,9.245918
City\D01018_unified_prepared.obj,3.013236,0.015468,1011.040559,1.124491,1.236473,0.216969,22.211841
City\D01039_unified_prepared.obj,1.484887,0.001185,20629.036653,0.732389,1.065680,0.089918,577.136616
City\D01056_unified_prepared.obj,2.763482,0.019702,480.745337,0.763558,1.158840,0.128905,28.242915
City\D01066_unified_prepared.obj,3.187496,0.002412,49221.770332,1.594146,1.086332,0.099179,201.738591
City\D01068_unified_prepared.obj,2.345984,0.010671,1002.553870,1.094465,1.001101,0.206295,102.452705
City\D01079_unified_prepared.obj,1.969208,0.002245,13391.935001,0.916193,1.000068,0.086096,87.023928
City\D01090_unified_prepared.obj,3.280478,0.005462,10462.907486,1.510475,1.020361,0.235270,197.551244
City\D01091_unified_prepared.obj,1.898672,0.003114,6241.347477,1.029432,1.088377,0.079515,32.467402
City\D01092_unified_prepared.obj,2.843055,0.007191,3928.859743,0.940285,1.111614,0.088410,39.563493
City\D01101_unified_prepared.obj,1.089832,0.000479,49864.840712,0.794696,1.081475,0.023018,406.508136
City\D01103_unified_prepared.obj,1.015883,0.003289,856.725037,0.651102,1.005679,0.088756,112.091865
City\D01124_unified_prepared.obj,1.814938,0.017605,170.549209,0.710869,1.072918,0.137195,25.253061
City\D01133_unified_prepared.obj,2.419707,0.009998,1253.206127,0.799198,1.051382,0.156908,68.104184
City\D01173_unified_prepared.obj,1.763478,0.000482,208731.023917,0.834374,1.005716,0.050947,676.597439
City\D01181_unified_prepared.obj,3.876710,0.011051,4218.575748,1.753775,1.172893,0.180469,9.017460
City\D01192_unified_prepared.obj,5.346464,0.021339,2967.595442,2.025872,1.044736,0.275440,21.138778
City\D01195_unified_prepared.obj,1.902202,0.002509,9668.162551,0.811816,1.045353,0.082889,141.186143
City\m1652_unified_prepared.obj,1.015884,0.003289,856.714104,0.651104,1.005679,0.088757,112.091641
City\m1654_unified_prepared.obj,2.335276,0.009890,1151.307203,1.090509,1.001107,0.191187,100.815022
City\m1659_unified_prepared.obj,2.417446,0.009984,1253.199944,0.798154,1.050890,0.156908,68.715805
City\m1660_unified_prepared.obj,1.763477,0.000482,208730.832172,0.834374,1.005716,0.050947,676.597450
City\m1661_unified_prepared.obj,1.531337,0.001147,24120.440796,0.761455,1.086170,0.082252,574.531873
City\m1662_unified_prepared.obj,1.969211,0.002245,13392.054790,0.916194,1.000068,0.086095,87.022864
City\m1664_unified_prepared.obj,2.513042,0.017514,457.481879,0.814378,1.026557,0.205488,8.809793
ClassicPiano\D00005_unified_prepared.obj,2.907533,0.077989,35.731864,0.624212,1.162164,0.265193,3.576298
ClassicPiano\D00009_unified_prepared.obj,2.090889,0.028503,99.485781,0.620673,1.041193,0.191341,4.851267
ClassicPiano\D00034_unified_prepared.obj,2.314782,0.086101,14.793237,0.629271,1.132698,0.461042,12.514871
ClassicPiano\D00092_unified_prepared.obj,6.240211,0.059804,600.744979,1.252633,1.219813,0.154708,6.314049
ClassicPiano\D00120_unified_prepared.obj,1.948327,0.042927,35.487858,0.431219,1.089090,0.195984,5.409082
ClassicPiano\D00190_unified_prepared.obj,4.286856,0.079981,108.891735,0.919016,1.266942,0.236314,9.192670
ClassicPiano\D00233_unified_prepared.obj,4.033821,0.020966,1320.237129,1.214465,1.082555,0.138282,6.131259
ClassicPiano\D00254_unified_prepared.obj,2.393821,0.008377,1728.397054,0.818735,1.094531,0.055526,17.327926
ClassicPiano\D00279_unified_prepared.obj,3.220256,0.030193,323.900197,0.988158,1.150803,0.203307,10.588704
ClassicPiano\D00305_unified_prepared.obj,2.135346,0.024691,141.211441,0.827592,1.067555,0.238177,15.070119
ClassicPiano\D00314_unified_prepared.obj,7.410158,0.042290,2011.624367,1.606822,1.041644,0.184629,2.528002
ClassicPiano\D00561_unified_prepared.obj,4.236010,0.023245,1243.857078,1.185434,1.088348,0.117470,18.592480
ClassicPiano\D00579_unified_prepared.obj,3.662536,0.019589,1132.017085,1.140612,1.045562,0.121853,14.415252
ClassicPiano\D00605_unified_prepared.obj,5.088153,0.012512,7439.471500,1.012807,1.214100,0.054600,4.769884
ClassicPiano\D00784_unified_prepared.obj,3.623730,0.028838,505.940982,0.897892,1.077899,0.121830,2.807310
ClassicPiano\D00789_unified_prepared.obj,2.474176,0.005341,4694.105728,0.736577,1.060614,0.032680,5.860203
ClassicPiano\D00811_unified_prepared.obj,2.477157,0.011561,1005.608201,0.572872,1.023585,0.053359,3.863252
ClassicPiano\D00845_unified_prepared.obj,2.539797,0.043357,77.060294,0.552047,1.031480,0.189913,2.755387
ClassicPiano\D00967_unified_prepared.obj,2.844003,0.068663,43.140837,0.777988,1.038978,0.420506,19.465959
ClassicPiano\D00983_unified_prepared.obj,1.706931,0.053143,15.570708,0.445935,1.024991,0.314017,4.583094
Computer\D01002_unified_prepared.obj,2.620791,0.044457,80.530457,0.679260,1.234918,0.224223,2.273809
Computer\D01023_unified_prepared.obj,4.084533,0.020154,1483.317411,1.152794,1.052339,0.128347,6.519666
Computer\D01026_unified_prepared.obj,1.931241,0.060325,17.500945,0.497495,1.008190,0.446854,7.505640
Computer\D01028_unified_prepared.obj,2.939490,0.057655,67.559855,0.889278,1.009956,0.413029,9.318572
Computer\D01033_unified_prepared.obj,3.475654,0.090102,45.728879,0.801139,1.001286,0.532851,6.333058
Computer\D01037_unified_prepared.obj,4.462059,0.191031,21.525035,0.874168,1.234312,0.611919,2.003021
Computer\D01067_unified_prepared.obj,3.276415,0.112588,24.533380,0.646034,1.226294,0.451774,6.545259
Computer\D01070_unified_prepared.obj,3.685962,0.127413,27.275501,1.173639,1.144461,0.642941,6.120761
Computer\D01071_unified_prepared.obj,3.434330,0.160017,13.987612,0.662919,1.474019,0.432516,29.502754
Computer\D01072_unified_prepared.obj,2.363004,0.097705,12.221015,0.496556,1.071940,0.469487,30.926223
Computer\D01073_unified_prepared.obj,3.163932,0.177933,8.845400,0.559018,1.106883,0.749219,16.647938
Computer\D01082_unified_prepared.obj,4.236200,0.133703,37.600354,0.980198,1.013542,0.718407,2.107124
Computer\D01085_unified_prepared.obj,4.066388,0.261571,8.689473,1.044651,1.210116,0.819646,1.860105
Computer\D01098_unified_prepared.obj,8.812076,0.119841,421.280285,1.792241,1.408470,0.308096,12.646602
Computer\D01100_unified_prepared.obj,3.474432,0.090057,45.726054,0.805871,1.001152,0.532871,6.644574
Computer\D01102_unified_prepared.obj,1.812312,0.026012,77.786004,0.723404,1.052230,0.317167,7.596883
Computer\D01115_unified_prepared.obj,3.651148,0.110528,35.228535,0.780121,1.047909,0.560477,4.399324
Computer\D01128_unified_prepared.obj,4.964549,0.126683,67.413530,1.059889,1.140479,0.582506,7.058156
Computer\D01164_unified_prepared.obj,2.619316,0.056350,50.041174,0.869407,1.052276,0.419823,8.821141
Computer\D01185_unified_prepared.obj,3.430000,0.119434,25.013481,0.628316,1.090786,0.545536,44.301342
Computer\m1764_unified_prepared.obj,8.812077,0.119841,421.281994,1.792240,1.408470,0.308095,12.646599
Computer\m1765_unified_prepared.obj,1.963528,0.029334,77.786223,0.830059,1.095249,0.317167,8.464621
Computer\m1766_unified_prepared.obj,3.486709,0.163692,13.987574,0.616558,1.485217,0.432517,53.231555
Computer\m1767_unified_prepared.obj,2.805119,0.049229,80.530193,0.720650,1.277609,0.224224,2.317569
Computer\m1769_unified_prepared.obj,4.066385,0.261571,8.689470,1.044651,1.210115,0.819646,1.860105
Computer\m1770_unified_prepared.obj,3.474408,0.090053,45.728870,0.805494,1.001106,0.532852,6.079022
Computer\m1772_unified_prepared.obj,4.975757,0.127428,67.080797,1.061019,1.141764,0.583950,7.058707
Computer\m1773_unified_prepared.obj,2.939490,0.057655,67.559726,0.889279,1.009956,0.413029,9.318572
Computer\m1774_unified_prepared.obj,3.125939,0.111126,21.870261,0.626949,1.027060,0.607880,46.717484
Computer\m1775_unified_prepared.obj,1.980370,0.062642,17.500951,0.528371,1.020933,0.446854,8.184525
Computer\m1776_unified_prepared.obj,3.437904,0.119909,24.987818,0.624211,1.092268,0.545475,58.851396
Computer\m1777_unified_prepared.obj,2.410628,0.100674,12.221011,0.511047,1.082687,0.469487,26.287044
Computer\m1778_unified_prepared.obj,3.173039,0.107302,24.533296,0.628278,1.206793,0.451775,6.207973
ComputerKeyboard\D00116_unified_prepared.obj,1.431525,0.008303,376.230083,1.488960,1.013069,0.833031,1005.767340
ComputerKeyboard\D00127_unified_prepared.obj,1.301324,0.015251,83.777783,1.707526,1.033622,0.857465,2693.733549
ComputerKeyboard\D00197_unified_prepared.obj,1.029846,0.016595,35.066847,1.091529,1.058771,0.739289,477.104714
ComputerKeyboard\D00278_unified_prepared.obj,1.373780,0.007869,370.227034,1.114220,1.000317,0.795837,1771.916304
ComputerKeyboard\D00360_unified_prepared.obj,0.975201,0.004427,418.345568,1.464825,1.025904,0.566843,2182.330371
ComputerKeyboard\D00382_unified_prepared.obj,1.608885,0.009902,375.557409,1.871686,1.025653,0.585903,705.848320
ComputerKeyboard\D00420_unified_prepared.obj,3.024460,0.003018,26856.106590,2.415337,1.016968,0.128872,428.129210
ComputerKeyboard\D00493_unified_prepared.obj,2.530708,0.017141,487.775410,1.920290,1.105196,0.794279,2024.094805
ComputerKeyboard\D00525_unified_prepared.obj,1.138739,0.005517,429.009864,1.516973,1.036069,0.753690,19117.431809
ComputerKeyboard\D00569_unified_prepared.obj,1.036415,0.015380,41.616014,1.018525,1.071878,0.787136,1168.784874
ComputerKeyboard\D00597_unified_prepared.obj,1.893446,0.013758,317.115836,1.646253,1.095556,0.667304,1693.551757
ComputerKeyboard\D00600_unified_prepared.obj,2.884225,0.002602,31327.919288,2.391975,1.013808,0.121527,1603.504179
ComputerKeyboard\D00627_unified_prepared.obj,1.663697,0.010928,340.963875,1.533213,1.062116,0.374629,718.382293
ComputerKeyboard\D00654_unified_prepared.obj,1.124533,0.016301,47.319173,0.915764,1.028019,0.540085,185.081674
ComputerKeyboard\D00673_unified_prepared.obj,1.860377,0.001676,20258.627211,1.777304,1.035038,0.112055,878.515894
ComputerKeyboard\D00676_unified_prepared.obj,3.434745,0.013973,1834.944512,2.762623,1.084007,0.586499,280.324120
ComputerKeyboard\D00692_unified_prepared.obj,1.985371,0.008977,858.646320,2.155387,1.014595,0.651105,1271.390842
ComputerKeyboard\D00805_unified_prepared.obj,3.025432,0.024684,401.850929,2.854248,1.030400,0.894811,253.210236
ComputerKeyboard\D00905_unified_prepared.obj,0.887466,0.011772,44.599270,0.878515,1.023421,0.904824,1760.188388
ComputerKeyboard\D00990_unified_prepared.obj,0.948538,0.009932,76.497854,0.808359,1.029672,0.456336,3885.149052
Cup\D00035_unified_prepared.obj,2.218769,0.148619,4.372574,0.420190,1.036264,0.480304,1.276572
Cup\D00067_unified_prepared.obj,1.341142,0.010661,187.676580,0.594515,1.024456,0.105304,13.466550
Cup\D00174_unified_prepared.obj,2.007328,0.024471,119.430456,0.593602,1.141499,0.098790,6.128214
Cup\D00206_unified_prepared.obj,3.028578,0.018732,700.025761,0.508414,1.274717,0.035697,2.389492
Cup\D00214_unified_prepared.obj,2.810729,0.020123,484.883875,0.631048,1.047350,0.069974,3.785574
Cup\D00270_unified_prepared.obj,1.903407,0.022250,123.164007,0.784500,1.071638,0.140123,9.797722
Cup\D00328_unified_prepared.obj,1.591134,0.022117,72.813618,0.769199,1.054027,0.181020,10.970869
Cup\D00355_unified_prepared.obj,0.937691,0.005902,209.294476,0.661288,1.043009,0.082434,26.162551
Cup\D00363_unified_prepared.obj,2.377866,0.026411,170.421604,0.497000,1.223503,0.064178,2.436503
Cup\D00457_unified_prepared.obj,1.210464,0.007812,256.968566,0.690533,1.048656,0.092994,18.568139
Cup\D00463_unified_prepared.obj,3.736556,0.029484,530.628096,0.831259,1.175095,0.072302,4.666349
Cup\D00519_unified_prepared.obj,1.005952,0.041084,5.332441,0.426900,1.070470,0.357554,8.788823
Cup\D00550_unified_prepared.obj,1.984014,0.018143,209.777676,0.712180,1.093191,0.089048,7.322392
Cup\D00587_unified_prepared.obj,2.054447,0.020761,177.882833,0.750914,1.119379,0.101228,7.016715
Cup\D00638_unified_prepared.obj,1.828651,0.027543,71.269248,0.577875,1.117663,0.136129,5.615483
Cup\D00642_unified_prepared.obj,1.014755,0.012395,60.131822,0.744270,1.014961,0.256801,15.738229
Cup\D00738_unified_prepared.obj,1.920152,0.113561,4.853992,0.564531,1.173017,0.379333,4.248909
Cup\D00843_unified_prepared.obj,2.085419,0.033871,69.898971,0.907704,1.093515,0.213595,8.292386
Cup\D00874_unified_prepared.obj,3.033842,0.041659,142.266806,0.510370,1.267932,0.082603,2.702212
Cup\D00882_unified_prepared.obj,2.141678,0.042297,48.550738,0.694853,1.108112,0.184520,4.672589
Cup\m494_unified_prepared.obj,1.013737,0.004535,447.809347,0.634595,1.042266,0.056350,23.710037
Cup\m495_unified_prepared.obj,1.706009,0.020420,105.288999,0.442222,1.093832,0.078472,10.522252
Cup\m496_unified_prepared.obj,2.710056,0.068448,37.563213,0.813723,1.182969,0.223683,4.649414
Cup\m497_unified_prepared.obj,1.546393,0.046607,15.052121,0.735585,1.055694,0.374357,4.669913
Cup\m498_unified_prepared.obj,2.516047,0.176258,4.533201,0.460663,1.101583,0.470487,2.197107
Cup\m499_unified_prepared.obj,1.372281,0.010082,224.793500,0.356553,1.013797,0.058723,6.704241
Cup\m500_unified_prepared.obj,2.033099,0.152236,3.206198,0.429238,1.019719,0.637820,3.708018
Cup\m501_unified_prepared.obj,2.778639,0.032487,179.728940,0.754020,1.195298,0.096540,2.891923
Cup\m502_unified_prepared.obj,2.528503,0.058668,41.526839,0.711224,1.086869,0.233598,4.425562
Cup\m526_unified_prepared.obj,1.849962,0.146988,2.591019,0.599535,1.008243,0.747296,4.010566
DeskLamp\D00048_unified_prepared.obj,2.613137,0.209323,3.600817,0.522114,1.205796,0.633105,3.514537
DeskLamp\D00090_unified_prepared.obj,1.275938,0.036529,13.764821,0.406835,1.012362,0.271033,53.654416
DeskLamp\D00147_unified_prepared.obj,0.250799,0.000909,168.832443,0.155745,1.006045,0.021702,64.789253
DeskLamp\D00257_unified_prepared.obj,0.865850,0.008902,72.432778,0.426548,1.024333,0.103809,8.712045
DeskLamp\D00268_unified_prepared.obj,0.074738,0.000347,30.635111,0.099022,1.000018,0.033726,540.474101
DeskLamp\D00330_unified_prepared.obj,0.306266,0.001209,173.893722,0.184751,1.022986,0.040216,37.411533
DeskLamp\D00378_unified_prepared.obj,0.803107,0.020717,10.671342,0.314276,1.024015,0.182268,23.879496
DeskLamp\D00435_unified_prepared.obj,0.870851,0.014052,29.572735,0.381317,1.069496,0.168129,16.875552
DeskLamp\D00455_unified_prepared.obj,0.391869,0.001154,399.547053,0.222368,1.069603,0.021289,86.234400
DeskLamp\D00531_unified_prepared.obj,0.268051,0.003049,18.319980,0.234905,1.028576,0.145099,82.973912
DeskLamp\D00547_unified_prepared.obj,1.036184,0.009394,111.481160,0.493743,1.050214,0.091381,11.246101
DeskLamp\D00686_unified_prepared.obj,0.647194,0.017201,8.101489,0.224670,1.016549,0.150946,48.433834
DeskLamp\D00693_unified_prepared.obj,0.579880,0.003694,126.317345,0.403268,1.015615,0.063892,21.186234
DeskLamp\D00698_unified_prepared.obj,0.555041,0.014276,7.418552,0.254171,1.011185,0.177826,4.145338
DeskLamp\D00715_unified_prepared.obj,1.029287,0.007564,168.515939,0.356770,1.068360,0.054794,26.518642
DeskLamp\D00744_unified_prepared.obj,0.300076,0.004098,14.223964,0.269450,1.000763,0.140649,66.143883
DeskLamp\D00759_unified_prepared.obj,2.065322,0.102473,7.418029,0.465702,1.156487,0.422805,25.261664
DeskLamp\D00776_unified_prepared.obj,0.560160,0.007091,30.903647,0.336647,1.002038,0.134211,69.410208
DeskLamp\D00797_unified_prepared.obj,1.230391,0.004988,662.048132,0.443643,1.030339,0.042633,51.032260
DeskLamp\D00912_unified_prepared.obj,0.642746,0.017023,8.102058,0.223212,1.013029,0.150948,58.810384
DeskLamp\m603_unified_prepared.obj,1.688565,0.051943,15.778085,0.374576,1.078993,0.227351,10.152857
DeskLamp\m604_unified_prepared.obj,0.457919,0.002747,112.481696,0.183532,1.127858,0.039062,17.715615
DeskLamp\m605_unified_prepared.obj,0.611187,0.016889,7.077424,0.318911,1.059031,0.183126,17.819901
DeskLamp\m606_unified_prepared.obj,0.888977,0.023782,10.983124,0.252058,1.071051,0.181676,32.326366
DeskLamp\m608_unified_prepared.obj,2.321507,0.072523,21.033314,0.582387,1.208276,0.242312,5.886273
DeskLamp\m609_unified_prepared.obj,0.235819,0.003379,10.156446,0.196208,1.002681,0.135065,29.821989
DeskLamp\m611_unified_prepared.obj,0.540326,0.010819,11.915754,0.180990,1.056756,0.090051,19.800879
DeskLamp\m613_unified_prepared.obj,0.315846,0.003164,27.834079,0.189767,1.004581,0.072037,187.584601
DeskLamp\m614_unified_prepared.obj,0.901323,0.013711,34.440490,0.271832,1.135207,0.084049,8.664958
DeskLamp\m615_unified_prepared.obj,0.522964,0.002701,173.312137,0.318168,1.039222,0.070888,41.860326
DeskLamp\m616_unified_prepared.obj,1.220819,0.008369,229.676118,0.439754,1.026334,0.072382,49.294489
DeskPhone\D00118_unified_prepared.obj,2.511353,0.108829,11.824414,0.856944,1.053619,0.828855,67.032018
DeskPhone\D00135_unified_prepared.obj,1.299372,0.028730,23.500988,0.572937,1.011940,0.589064,42.338086
DeskPhone\D00154_unified_prepared.obj,2.331750,0.042510,62.032743,0.937970,1.230849,0.633826,109.244541
DeskPhone\D00220_unified_prepared.obj,2.920832,0.102923,20.798981,0.813127,1.219459,0.534405,21.446637
DeskPhone\D00316_unified_prepared.obj,2.432543,0.064244,30.836270,0.784325,1.000553,0.771732,21.878059
DeskPhone\D00318_unified_prepared.obj,1.517986,0.049876,12.432710,0.491563,1.047626,0.394491,7.067453
DeskPhone\D00403_unified_prepared.obj,2.488111,0.041283,79.912849,0.675133,1.088282,0.267453,10.038914
DeskPhone\D00486_unified_prepared.obj,2.076655,0.066772,17.760302,0.708617,1.043747,0.687662,75.471817
DeskPhone\D00511_unified_prepared.obj,1.056543,0.018582,30.199804,0.749100,1.002432,0.472395,38.349852
DeskPhone\D00556_unified_prepared.obj,3.087507,0.116030,19.330097,0.962391,1.090095,0.782779,17.703817
DeskPhone\D00576_unified_prepared.obj,2.012542,0.026148,105.412413,0.924990,1.006819,0.493064,36.716834
DeskPhone\D00680_unified_prepared.obj,3.641363,0.169725,14.820071,1.266187,1.262414,0.890268,23.216247
DeskPhone\D00706_unified_prepared.obj,6.691344,0.145697,124.791732,2.299669,1.272467,0.836147,15.858960
DeskPhone\D00773_unified_prepared.obj,1.771893,0.019820,125.210470,0.741380,1.004526,0.344075,97.786031
DeskPhone\D00829_unified_prepared.obj,2.478326,0.042831,73.368294,0.816815,1.010129,0.501323,25.245626
DeskPhone\D00894_unified_prepared.obj,2.679484,0.080874,26.006758,0.751296,1.190059,0.425950,13.417566
DeskPhone\D00897_unified_prepared.obj,1.224718,0.023060,30.545293,0.729554,1.006621,0.560403,37.223947
DeskPhone\D00899_unified_prepared.obj,2.263429,0.061733,26.903807,0.694029,1.160056,0.495327,73.980230
DeskPhone\D00957_unified_prepared.obj,3.741095,0.047106,208.639455,1.413606,1.027922,0.574651,38.738815
DeskPhone\D00958_unified_prepared.obj,6.490923,0.151152,105.837881,2.004449,1.192591,0.762732,47.676025
Door\D01005_unified_prepared.obj,1.522227,0.005502,1030.380278,1.450992,1.088819,0.227706,262.931707
Door\D01029_unified_prepared.obj,1.175447,0.001843,4226.501872,0.562766,1.143212,0.034134,4.733327
Door\D01052_unified_prepared.obj,2.308174,0.077091,18.295517,0.829969,1.021518,1.395810,17.454035
Door\D01058_unified_prepared.obj,1.419243,0.006303,636.189116,0.819475,1.027975,0.189178,463.015375
Door\D01062_unified_prepared.obj,1.527624,0.012126,214.377332,0.747203,1.143921,0.511604,409.079856
Door\D01076_unified_prepared.obj,2.103035,0.014025,418.101199,1.317789,1.009964,0.637372,81.755708
Door\D01104_unified_prepared.obj,1.657357,0.006797,871.213234,1.308409,1.071435,0.540460,697.224705
Door\D01114_unified_prepared.obj,1.551082,0.021071,74.316942,0.759552,1.085524,0.424719,2.982126
Door\D01121_unified_prepared.obj,3.507139,0.014286,1868.975723,2.845202,1.152105,0.875013,1069.644017
Door\D01129_unified_prepared.obj,2.307893,0.004284,5921.148961,1.656424,1.049090,0.193183,122.663340
Door\D01136_unified_prepared.obj,1.042494,0.014638,46.750335,0.639059,1.064765,0.513834,176.332572
Door\D01139_unified_prepared.obj,0.900350,0.000098,666421.428481,0.601102,1.000685,0.020639,321.949182
Door\D01141_unified_prepared.obj,1.996118,0.015620,288.250210,1.514598,1.107944,0.494907,123.960828
Door\D01143_unified_prepared.obj,1.173399,0.005275,513.300639,0.906496,1.142754,0.295814,241.003086
Door\D01144_unified_prepared.obj,1.021565,0.007467,169.047853,1.168218,1.033657,0.587166,411.891763
Door\D01155_unified_prepared.obj,2.350854,0.018588,332.488116,0.971443,1.017443,0.434774,23.168588
Door\D01158_unified_prepared.obj,0.794668,0.009071,53.922555,0.402478,1.019465,0.348956,6.332085
Door\D01167_unified_prepared.obj,1.975440,0.014256,335.371229,1.321238,1.149715,0.578999,414.798729
Door\D01177_unified_prepared.obj,1.446009,0.006579,617.671513,0.947241,1.016968,0.332279,95.313626
Door\D01194_unified_prepared.obj,1.686402,0.000003,5062074813.025152,1.540478,1.130575,0.000782,14391.062814
Door\m1707_unified_prepared.obj,1.175448,0.001843,4226.372890,0.562766,1.143212,0.034135,4.733327
Door\m1708_unified_prepared.obj,3.507139,0.014286,1868.975723,2.845202,1.152105,0.875013,1069.644017
Door\m1710_unified_prepared.obj,1.264092,0.004297,967.232133,0.866361,1.116978,0.186935,16.268061
Door\m1711_unified_prepared.obj,1.026382,0.007131,188.031036,1.111507,1.025708,0.573813,426.339771
Door\m1712_unified_prepared.obj,2.103038,0.014025,418.100851,1.317788,1.009963,0.637374,81.756226
Door\m1713_unified_prepared.obj,1.519474,0.005487,1030.403268,1.442600,1.087837,0.227701,255.652275
Door\m1714_unified_prepared.obj,1.665654,0.006866,866.773109,1.328421,1.074115,0.541846,575.348699
Door\m1715_unified_prepared.obj,2.407528,0.082122,18.295463,1.203543,1.043271,1.395814,18.444702
Door\m1716_unified_prepared.obj,1.996119,0.015620,288.251810,1.514599,1.107944,0.494905,123.960933
Door\m1717_unified_prepared.obj,1.415119,0.006257,639.952496,0.816465,1.026425,0.188652,496.212431
Door\m1718_unified_prepared.obj,2.307896,0.004284,5921.041333,1.656424,1.049090,0.193184,122.663126
Door\m1720_unified_prepared.obj,1.123275,0.016372,46.749983,0.738507,1.105253,0.513832,170.307105
Door\m1721_unified_prepared.obj,0.856583,0.010152,53.922278,0.462347,1.058433,0.348958,6.070005
Door\m1722_unified_prepared.obj,1.775970,0.025816,74.317615,0.934034,1.161555,0.424717,3.696986
Door\m1723_unified_prepared.obj,1.358291,0.009963,223.236513,0.656626,1.074299,0.507479,339.668750
Door\m1724_unified_prepared.obj,1.674153,0.010859,351.869293,0.991425,1.054859,0.570998,400.244129
Door\m1725_unified_prepared.obj,0.800068,0.003152,455.670336,0.379924,1.003349,0.129564,374.880973
Door\m1726_unified_prepared.obj,3.277139,0.029306,362.342032,1.320969,1.195394,0.422661,17.976790
Door\m1727_unified_prepared.obj,2.054823,0.010896,646.168869,0.929057,1.006094,0.319475,26.877632
Door\m1728_unified_prepared.obj,2.203211,0.035615,74.549906,0.909202,1.411393,0.542273,229.859839
Door\m1729_unified_prepared.obj,2.443871,0.012046,889.468552,1.130015,1.083629,0.192268,36.936137
Door\m1730_unified_prepared.obj,2.443871,0.012046,889.468552,1.130015,1.083629,0.192268,36.936137
Door\m1731_unified_prepared.obj,2.029715,0.011919,520.478240,0.855040,1.223036,0.265838,195.631848
Door\m1732_unified_prepared.obj,2.084199,0.010141,778.418139,0.938302,1.039306,0.342280,18.440586
Drum\D00026_unified_prepared.obj,2.909372,0.014012,1108.957109,1.296563,1.037403,0.123341,4.536393
Drum\D00063_unified_prepared.obj,6.175154,0.211224,46.666546,1.103898,1.005887,0.669647,1.533584
Drum\D00115_unified_prepared.obj,2.942115,0.377076,1.583685,0.782175,1.220655,0.999997,3.819889
Drum\D00163_unified_prepared.obj,7.951821,0.234410,80.908762,1.437510,1.118810,0.532468,2.464949
Drum\D00189_unified_prepared.obj,2.730286,0.043334,95.833978,0.981193,1.082944,0.245373,1.707208
Drum\D00193_unified_prepared.obj,8.447615,0.282208,66.928574,2.301612,1.200728,0.775061,2.939150
Drum\D00297_unified_prepared.obj,3.939670,0.031732,536.949902,1.032598,1.145647,0.119107,1.922754
Drum\D00298_unified_prepared.obj,2.888153,0.106437,18.802654,0.978139,1.049970,0.543069,2.904955
Drum\D00308_unified_prepared.obj,6.790843,0.339056,24.086585,1.164904,1.049107,0.906700,1.315621
Drum\D00375_unified_prepared.obj,4.349610,0.157792,29.223119,1.258761,1.073272,0.663948,1.673448
Drum\D00383_unified_prepared.obj,3.713688,0.232949,8.345330,0.744862,1.015672,0.743960,1.172863
Drum\D00404_unified_prepared.obj,4.358099,0.150726,32.215436,1.001682,1.157171,0.404531,1.885812
Drum\D00551_unified_prepared.obj,5.471027,0.056220,458.120752,1.371103,1.076383,0.169689,3.296821
Drum\D00557_unified_prepared.obj,4.699719,0.033579,814.014828,0.908536,1.100800,0.108201,5.172246
Drum\D00596_unified_prepared.obj,4.225046,0.186205,19.233609,1.128990,1.179702,0.512368,3.541784
Drum\D00709_unified_prepared.obj,2.464442,0.229553,2.511534,0.694826,1.051057,0.999995,10.219723
Drum\D00939_unified_prepared.obj,6.772620,0.157957,110.088349,1.200034,1.094270,0.356148,2.454871
Drum\D00951_unified_prepared.obj,5.832558,0.129845,104.057323,1.077076,1.126931,0.298116,8.724736
Drum\D00980_unified_prepared.obj,4.409165,0.433929,4.025128,1.294965,1.095606,1.815828,2.678944
Drum\D00982_unified_prepared.obj,10.360259,0.046673,4513.564274,3.256838,1.101142,0.233577,10.066625
Fish\D00012_unified_prepared.obj,0.812373,0.015927,18.687667,0.423191,1.007304,0.404395,44.040531
Fish\D00022_unified_prepared.obj,0.827383,0.011866,35.570225,0.496863,1.000065,0.356512,39.240405
Fish\D00024_unified_prepared.obj,0.651319,0.010765,21.083286,0.462205,1.002719,0.405193,41.969481
Fish\D00030_unified_prepared.obj,0.702948,0.010068,30.301631,0.526629,1.005347,0.337593,31.312096
Fish\D00142_unified_prepared.obj,1.064917,0.016314,40.122524,0.457230,1.004178,0.297877,36.122660
Fish\D00165_unified_prepared.obj,0.757044,0.012144,26.012637,0.462491,1.006796,0.341611,37.356192
Fish\D00251_unified_prepared.obj,1.821408,0.036207,40.756220,0.640158,1.004065,0.403972,14.108312
Fish\D00293_unified_prepared.obj,1.162692,0.018907,38.876953,0.547085,1.005740,0.370031,24.761332
Fish\D00351_unified_prepared.obj,1.183645,0.012062,100.771806,0.556567,1.009507,0.244974,36.373120
Fish\D00398_unified_prepared.obj,1.000312,0.015861,35.181334,0.581737,1.005147,0.416630,26.748882
Fish\D00450_unified_prepared.obj,1.025290,0.012831,57.887188,0.541371,1.005564,0.278781,25.109384
Fish\D00535_unified_prepared.obj,0.989158,0.009862,87.992850,0.463890,1.006708,0.219126,35.183513
Fish\D00633_unified_prepared.obj,0.725441,0.013602,18.244714,0.413427,1.010416,0.390677,53.557440
Fish\D00636_unified_prepared.obj,0.989456,0.016598,31.090480,0.506736,1.006985,0.353450,31.808940
Fish\D00643_unified_prepared.obj,0.878822,0.014557,28.322158,0.390459,1.005725,0.276827,29.931796
Fish\D00682_unified_prepared.obj,0.741665,0.010427,33.179228,0.430030,1.000764,0.307432,80.805481
Fish\D00748_unified_prepared.obj,0.734445,0.013117,20.359232,0.466562,1.000180,0.397971,42.799301
Fish\D00763_unified_prepared.obj,1.500787,0.022495,59.063935,0.590355,1.000343,0.291409,20.642637
Fish\D00850_unified_prepared.obj,0.929872,0.015952,27.936488,0.458794,1.003539,0.313831,22.354753
Fish\D00950_unified_prepared.obj,0.835113,0.017238,17.330355,0.308928,1.010115,0.230825,27.835968
FloorLamp\D00028_unified_prepared.obj,1.247581,0.007116,339.054950,0.466200,1.049752,0.045784,4.572863
FloorLamp\D00093_unified_prepared.obj,1.658088,0.006015,1113.920761,0.431712,1.056205,0.028278,3.045001
FloorLamp\D00186_unified_prepared.obj,2.226004,0.012890,586.938930,0.637637,1.040816,0.070594,3.768677
FloorLamp\D00211_unified_prepared.obj,1.631064,0.012389,249.980980,0.761950,1.008892,0.128852,23.030827
FloorLamp\D00228_unified_prepared.obj,1.467532,0.012730,172.450377,0.383058,1.005146,0.078813,19.792097
FloorLamp\D00388_unified_prepared.obj,3.018792,0.036858,179.052582,0.580340,1.022824,0.119574,1.601639
FloorLamp\D00400_unified_prepared.obj,1.722056,0.006565,1047.560830,0.545403,1.006323,0.045373,11.616072
FloorLamp\D00408_unified_prepared.obj,3.471627,0.072927,69.560878,0.713128,1.011894,0.238618,2.258623
FloorLamp\D00447_unified_prepared.obj,2.886887,0.044218,108.804091,0.594521,1.035372,0.163813,2.988779
FloorLamp\D00495_unified_prepared.obj,1.061047,0.018152,32.056446,0.380113,1.002702,0.175864,22.015955
FloorLamp\D00563_unified_prepared.obj,2.235635,0.015107,432.923859,0.605073,1.065694,0.066597,3.430335
FloorLamp\D00580_unified_prepared.obj,1.396795,0.006276,611.677679,0.440725,1.006084,0.043492,12.354520
FloorLamp\D00740_unified_prepared.obj,1.592591,0.008884,452.556903,0.452388,1.037105,0.046062,22.243728
FloorLamp\D00856_unified_prepared.obj,1.826245,0.009901,549.386025,0.524630,1.022530,0.059733,13.242662
FloorLamp\D00875_unified_prepared.obj,1.938187,0.045934,30.511038,0.749123,1.008928,0.421137,7.882150
FloorLamp\D00876_unified_prepared.obj,2.537805,0.146453,6.737963,0.465927,1.037343,0.419378,1.930021
FloorLamp\D00888_unified_prepared.obj,2.055288,0.042596,42.308614,0.676609,1.047907,0.265890,10.913339
FloorLamp\D00924_unified_prepared.obj,2.708566,0.009614,1900.750407,0.991259,1.014895,0.075781,28.173646
FloorLamp\D00955_unified_prepared.obj,1.755944,0.018784,135.677170,0.538120,1.025050,0.124040,18.992581
FloorLamp\D00981_unified_prepared.obj,1.526210,0.035732,24.618710,0.462144,1.008350,0.238786,5.727332
FloorLamp\m617_unified_prepared.obj,0.590009,0.010810,15.541658,0.307970,1.003938,0.164990,18.283389
FloorLamp\m618_unified_prepared.obj,0.209237,0.001585,32.251953,0.430410,1.001142,0.190837,143.354893
FloorLamp\m619_unified_prepared.obj,0.216879,0.003735,6.464181,0.320519,1.000314,0.399483,18.769019
FloorLamp\m620_unified_prepared.obj,0.313256,0.000381,1870.659858,0.743297,1.000871,0.058130,217.567007
FloorLamp\m621_unified_prepared.obj,0.202026,0.001583,29.080562,0.282792,1.003786,0.142915,242.032098
FloorLamp\m622_unified_prepared.obj,0.119110,0.000767,25.372350,0.245052,1.005168,0.113899,500.274447
FloorLamp\m623_unified_prepared.obj,0.463876,0.008814,11.360599,0.390407,1.009191,0.217436,42.205053
FloorLamp\m624_unified_prepared.obj,0.228484,0.002278,20.327828,0.214936,1.008962,0.122559,113.077584
Glasses\D00050_unified_prepared.obj,0.517046,0.003169,121.682677,0.188640,1.130471,0.029069,14.870876
Glasses\D00201_unified_prepared.obj,0.607655,0.001080,1702.372323,0.194551,1.184466,0.005659,21.202679
Glasses\D00225_unified_prepared.obj,0.764199,0.005147,148.938869,0.269589,1.170609,0.046139,127.341658
Glasses\D00432_unified_prepared.obj,0.578365,0.001526,734.329326,0.258392,1.115940,0.019394,9.037222
Glasses\D00475_unified_prepared.obj,0.409751,0.000645,1464.191660,0.132853,1.015408,0.004312,3.926056
Glasses\D00507_unified_prepared.obj,0.517040,0.003169,121.682625,0.188695,1.130465,0.029068,15.111734
Glasses\D00560_unified_prepared.obj,0.346360,0.002070,85.716316,0.121265,1.007081,0.021559,43.255784
Glasses\D00575_unified_prepared.obj,0.435443,0.001423,360.617725,0.179357,1.168187,0.013073,48.118854
Glasses\D00630_unified_prepared.obj,0.856450,0.004525,271.240615,0.235147,1.266620,0.021321,7.497136
Glasses\D00640_unified_prepared.obj,0.299650,0.000772,399.101671,0.127863,1.124851,0.008750,61.314799
Glasses\D00656_unified_prepared.obj,0.742500,0.004978,146.073270,0.262537,1.010192,0.057519,16.811162
Glasses\D00660_unified_prepared.obj,0.384191,0.001923,135.637556,0.139071,1.321809,0.014380,53.368428
Glasses\D00717_unified_prepared.obj,1.488064,0.006481,693.601333,0.429969,1.331854,0.030225,10.673624
Glasses\D00730_unified_prepared.obj,0.265556,0.000830,240.555220,0.100556,1.095161,0.010220,27.452637
Glasses\D00813_unified_prepared.obj,0.326268,0.001498,136.791984,0.112434,1.250899,0.007857,19.396181
Glasses\D00816_unified_prepared.obj,0.333174,0.000915,390.314744,0.129898,1.195295,0.012169,84.674693
Glasses\D00877_unified_prepared.obj,0.600844,0.002424,326.336928,0.201397,1.241767,0.013125,41.894326
Glasses\D00883_unified_prepared.obj,0.345687,0.001302,215.343754,0.128481,1.205854,0.018526,33.403427
Glasses\D00937_unified_prepared.obj,0.545960,0.001912,393.682640,0.204045,1.149939,0.021508,33.964818
Glasses\D00994_unified_prepared.obj,0.393216,0.000448,2682.915890,0.172915,1.092375,0.006494,33.345290
Guitar\D00023_unified_prepared.obj,0.656355,0.007376,45.953698,0.627808,1.004836,0.487165,537.238293
Guitar\D00041_unified_prepared.obj,0.346592,0.002041,88.332080,0.544356,1.001130,0.355873,1068.883072
Guitar\D00076_unified_prepared.obj,0.332922,0.001289,196.486038,0.369548,1.011178,0.129151,270.073590
Guitar\D00097_unified_prepared.obj,0.495316,0.010128,10.475474,0.590146,1.010018,0.616964,1437.939157
Guitar\D00124_unified_prepared.obj,0.425997,0.004815,29.483139,0.540890,1.003098,0.503132,1661.655445
Guitar\D00222_unified_prepared.obj,0.481207,0.010660,8.670405,0.484071,1.000178,0.646115,109.462371
Guitar\D00232_unified_prepared.obj,0.710477,0.004044,193.872419,0.645093,1.000706,0.204052,388.934128
Guitar\D00335_unified_prepared.obj,0.938683,0.000093,837082.921781,0.932814,1.000386,0.004559,110.826602
Guitar\D00374_unified_prepared.obj,0.362874,0.003157,42.398522,0.450472,1.003398,0.284384,312.478624
Guitar\D00414_unified_prepared.obj,0.620923,0.010032,21.034217,0.604614,1.001254,0.492455,74.851798
Guitar\D00416_unified_prepared.obj,0.838944,0.009740,55.030543,0.776149,1.000896,0.579750,234.072133
Guitar\D00461_unified_prepared.obj,0.432750,0.003115,73.856450,0.553582,1.009524,0.330645,1146.946176
Guitar\D00464_unified_prepared.obj,1.188628,0.012654,92.733321,0.948305,1.003284,0.381552,119.830123
Guitar\D00494_unified_prepared.obj,0.416725,0.005288,22.884549,0.570213,1.000009,0.496879,387.263866
Guitar\D00534_unified_prepared.obj,0.854470,0.002336,1010.571720,0.934481,1.002052,0.123022,128.878116
Guitar\D00549_unified_prepared.obj,0.536964,0.003400,118.428243,0.748687,1.003078,0.422067,738.391101
Guitar\D00645_unified_prepared.obj,0.666884,0.007414,47.704897,0.679938,1.004218,0.554955,465.368380
Guitar\D00655_unified_prepared.obj,0.266419,0.001483,76.044090,0.308649,1.014326,0.263616,4807.463111
Guitar\D00844_unified_prepared.obj,1.381489,0.025740,35.186184,1.079819,1.000999,0.688234,46.490541
Guitar\D00849_unified_prepared.obj,0.798630,0.006363,111.255291,0.793778,1.001613,0.400069,266.257426
Gun\D00103_unified_prepared.obj,1.467725,0.026145,40.897313,0.937339,1.057639,0.597107,61.724266
Gun\D00137_unified_prepared.obj,1.291515,0.012512,121.671366,1.093621,1.020719,0.499166,60.355264
Gun\D00140_unified_prepared.obj,0.993979,0.009743,91.470505,0.854678,1.033704,0.409208,28.514250
Gun\D00153_unified_prepared.obj,0.502618,0.010693,9.819824,0.396387,1.002776,0.488631,268.113838
Gun\D00161_unified_prepared.obj,1.213149,0.029267,18.430501,0.489081,1.286536,0.516164,15.496958
Gun\D00204_unified_prepared.obj,2.833191,0.020844,462.824515,1.599184,1.047838,0.421102,53.720068
Gun\D00207_unified_prepared.obj,2.283377,0.009810,1093.848042,1.380973,1.022926,0.299529,65.662264
Gun\D00209_unified_prepared.obj,1.638537,0.033078,35.549680,0.923540,1.042011,0.640071,37.225094
Gun\D00239_unified_prepared.obj,0.340928,0.002434,59.162526,0.456123,1.000435,0.269322,517.337015
Gun\D00244_unified_prepared.obj,2.202067,0.039920,59.246408,0.991058,1.138839,0.610808,11.286794
Gun\D00282_unified_prepared.obj,0.774263,0.006470,98.032133,0.633431,1.000183,0.272706,90.978116
Gun\D00368_unified_prepared.obj,1.299248,0.021863,40.569287,0.887620,1.000495,0.594936,19.157843
Gun\D00425_unified_prepared.obj,1.404882,0.009995,245.409793,1.034609,1.020755,0.369676,72.814340
Gun\D00477_unified_prepared.obj,0.351726,0.002215,78.385968,0.630885,1.005471,0.369448,673.244831
Gun\D00606_unified_prepared.obj,1.471732,0.019106,77.216302,0.860725,1.027911,0.448693,18.240157
Gun\D00802_unified_prepared.obj,0.565850,0.006845,34.193301,0.533220,1.015034,0.447272,62.487723
Gun\D00819_unified_prepared.obj,1.389353,0.016554,86.527504,1.012633,1.000261,0.498706,25.374052
Gun\D00826_unified_prepared.obj,0.548667,0.006185,38.178702,0.558027,1.000732,0.303656,255.969476
Gun\D00929_unified_prepared.obj,1.119822,0.019735,31.879541,0.718488,1.003654,0.689716,55.513081
Gun\D00972_unified_prepared.obj,1.019400,0.009804,97.440548,0.654954,1.001040,0.317061,20.553569
Gun\m648_unified_prepared.obj,0.556378,0.007762,25.274204,0.417045,1.006788,0.340141,28.118503
Gun\m649_unified_prepared.obj,1.661230,0.017554,131.546064,0.943759,1.033213,0.540431,54.489740
Gun\m650_unified_prepared.obj,2.173044,0.016190,346.130167,1.002184,1.094988,0.373411,30.595784
Gun\m651_unified_prepared.obj,0.924320,0.023313,12.847157,0.491481,1.004749,0.387764,40.588146
Gun\m652_unified_prepared.obj,2.738393,0.019500,477.500965,1.622535,1.012266,0.436971,47.147729
Gun\m653_unified_prepared.obj,0.764638,0.007673,67.144194,0.663807,1.001475,0.390895,110.176818
Gun\m654_unified_prepared.obj,1.205894,0.023260,28.657475,0.918541,1.021034,0.961642,165.010646
Gun\m655_unified_prepared.obj,0.503038,0.010706,9.819839,0.350217,1.003195,0.488630,158.365175
Gun\m656_unified_prepared.obj,2.040227,0.010235,716.786097,1.229065,1.023745,0.311719,65.018992
Gun\m657_unified_prepared.obj,1.414356,0.047266,11.197675,0.567658,1.050225,0.543816,35.022908
Gun\m658_unified_prepared.obj,2.204565,0.040163,58.731470,1.070088,1.139483,0.613481,9.427268
Gun\m659_unified_prepared.obj,0.365863,0.004493,21.450572,0.403074,1.001200,0.322777,100.275430
Gun\m660_unified_prepared.obj,0.376319,0.001691,164.751131,0.333796,1.001957,0.106534,85.040469
Gun\m661_unified_prepared.obj,1.415828,0.024737,41.009858,0.879224,1.033996,0.736894,25.269301
Gun\m662_unified_prepared.obj,1.960134,0.045284,32.472171,1.015340,1.177363,0.850094,79.844863
Gun\m663_unified_prepared.obj,1.485475,0.025865,43.321868,1.055320,1.031745,0.772602,115.572490
Gun\m664_unified_prepared.obj,1.300926,0.021906,40.569259,0.875557,1.001139,0.594936,19.158967
Gun\m665_unified_prepared.obj,0.882493,0.023626,10.887228,0.480949,1.072841,0.471942,26.118021
Gun\m666_unified_prepared.obj,1.820387,0.020015,133.147206,1.088033,1.036101,0.437225,24.113447
Gun\m667_unified_prepared.obj,0.434258,0.003531,58.083153,0.434441,1.006435,0.271076,101.404326
Gun\m668_unified_prepared.obj,0.600218,0.002221,387.673357,0.862416,1.000552,0.237795,195.843735
Gun\m669_unified_prepared.obj,0.216269,0.000996,90.091861,0.523510,1.001311,0.330106,130.202383
Gun\m670_unified_prepared.obj,0.315279,0.002190,57.750259,0.371473,1.006305,0.298714,443.273561
Gun\m671_unified_prepared.obj,0.252706,0.001766,45.770896,0.439651,1.003824,0.323659,705.398857
Gun\m672_unified_prepared.obj,0.278111,0.003094,19.866079,0.461241,1.004631,0.483301,281.768172
Gun\m674_unified_prepared.obj,0.302474,0.003392,21.265708,0.450067,1.003690,0.481842,194.481446
Gun\m675_unified_prepared.obj,0.250454,0.003016,15.267122,0.368184,1.007623,0.356565,1000.911885
Gun\m676_unified_prepared.obj,0.379766,0.005059,18.920150,0.376650,1.000568,0.322481,35.760073
Gun\m677_unified_prepared.obj,0.225978,0.001085,86.703711,0.832067,1.000267,0.545418,282.500641
Gun\m678_unified_prepared.obj,0.214029,0.001754,28.185515,0.381119,1.002001,0.386876,683.227350
Gun\m679_unified_prepared.obj,0.352687,0.002218,78.883252,0.632681,1.005453,0.369807,675.049131
Gun\m680_unified_prepared.obj,0.122462,0.000370,118.808960,0.506962,1.000239,0.334779,937.866428
Gun\m681_unified_prepared.obj,0.306540,0.002235,50.987446,0.503395,1.002750,0.364048,226.001693
Gun\m682_unified_prepared.obj,0.439914,0.002839,93.423323,0.607183,1.004455,0.351707,301.998404
Gun\m683_unified_prepared.obj,0.235648,0.001784,36.364776,0.470768,1.000958,0.417735,191.700412
Gun\m684_unified_prepared.obj,0.533115,0.002294,254.578037,0.266222,1.001342,0.057473,91.946094
Gun\m685_unified_prepared.obj,0.736593,0.016547,12.906112,0.662856,1.003964,0.611410,36.486692
Gun\m686_unified_prepared.obj,0.569925,0.001974,420.209968,0.847595,1.000126,0.274324,89.423835
Hand\D01006_unified_prepared.obj,1.501093,0.070980,5.936005,0.560048,1.007406,0.638322,4.637689
Hand\D01020_unified_prepared.obj,0.919201,0.024418,11.517127,0.518597,1.008866,0.395397,7.747940
Hand\D01022_unified_prepared.obj,1.218016,0.040723,9.634612,0.543740,1.000372,0.426764,8.543760
Hand\D01024_unified_prepared.obj,1.982915,0.079682,10.857687,0.613256,1.053500,0.608127,18.414865
Hand\D01041_unified_prepared.obj,1.376949,0.038918,15.240361,0.603934,1.009464,0.483118,9.808003
Hand\D01060_unified_prepared.obj,1.415286,0.039969,15.690342,0.595557,1.010936,0.512321,13.766019
Hand\D01074_unified_prepared.obj,1.349772,0.055138,7.151946,0.508324,1.025516,0.527129,8.950497
Hand\D01093_unified_prepared.obj,0.907362,0.023071,12.409230,0.444030,1.003401,0.310361,11.320084
Hand\D01097_unified_prepared.obj,1.420123,0.060604,6.894764,0.493558,1.001525,0.472883,11.009583
Hand\D01106_unified_prepared.obj,0.273008,0.004927,7.411430,0.462747,1.000250,0.519786,124.856902
Hand\D01117_unified_prepared.obj,1.314807,0.058166,5.940119,0.461316,1.050624,0.500942,14.230202
Hand\D01118_unified_prepared.obj,0.959300,0.031827,7.705596,0.445542,1.017381,0.405541,12.848506
Hand\D01153_unified_prepared.obj,0.635818,0.019092,6.235000,0.464132,1.001032,0.477030,19.930892
Hand\D01162_unified_prepared.obj,2.247055,0.201588,2.468642,0.523361,1.014079,0.786175,3.458347
Hand\D01170_unified_prepared.obj,0.833547,0.023407,9.346437,0.442124,1.023442,0.437272,17.639737
Hand\D01172_unified_prepared.obj,0.838204,0.033577,4.618706,0.527045,1.006048,0.711062,19.402605
Hand\D01193_unified_prepared.obj,1.646496,0.079770,6.202337,0.597741,1.010544,0.677816,6.168909
Hand\D01197_unified_prepared.obj,0.910715,0.023709,11.881806,0.336404,1.009091,0.294205,6.537060
Hand\D01198_unified_prepared.obj,0.394303,0.008796,7.005757,0.450758,1.002561,0.467813,72.483869
Hand\D01200_unified_prepared.obj,0.905056,0.023654,11.715853,0.432720,1.015653,0.291431,6.334933
Hand\m323_unified_prepared.obj,0.838188,0.033575,4.619010,0.527091,1.006026,0.711078,19.415984
Hand\m324_unified_prepared.obj,0.635806,0.019092,6.234671,0.464153,1.001033,0.477021,19.852391
Hand\m325_unified_prepared.obj,1.381102,0.039094,15.241040,0.599657,1.010986,0.483105,9.919731
Hand\m326_unified_prepared.obj,1.414179,0.039922,15.690558,0.595794,1.010540,0.512319,14.093093
Hand\m327_unified_prepared.obj,1.652788,0.080227,6.202349,0.585326,1.012473,0.677815,6.094958
Hand\m328_unified_prepared.obj,1.299936,0.057182,5.940120,0.459475,1.044666,0.500942,14.138994
Hand\m329_unified_prepared.obj,1.417923,0.060463,6.894763,0.494265,1.000749,0.472883,11.017190
Hand\m330_unified_prepared.obj,1.217810,0.040724,9.629025,0.551262,1.000265,0.426916,8.796690
Hand\m331_unified_prepared.obj,1.361713,0.055871,7.151944,0.497913,1.030042,0.527129,9.697636
Hand\m332_unified_prepared.obj,2.236390,0.200155,2.468643,0.522938,1.011671,0.786175,3.637939
Hand\m333_unified_prepared.obj,1.582568,0.111895,2.799078,0.484655,1.018839,0.694390,5.405508
Hand\m334_unified_prepared.obj,2.019994,0.081928,10.857673,0.635580,1.063304,0.608127,19.896520
Hand\m335_unified_prepared.obj,1.501093,0.070980,5.936007,0.560048,1.007406,0.638321,4.637690
Hand\m336_unified_prepared.obj,0.955334,0.031630,7.705594,0.441266,1.015276,0.405541,12.875988
Hand\m337_unified_prepared.obj,0.394303,0.008796,7.005753,0.450758,1.002561,0.467813,72.483911
Hand\m338_unified_prepared.obj,0.835477,0.023488,9.346433,0.439382,1.024627,0.437272,18.043391
Hand\m339_unified_prepared.obj,0.273008,0.004927,7.411427,0.462745,1.000250,0.519787,124.856900
Hat\m1627_unified_prepared.obj,1.887737,0.062524,15.215079,0.609834,1.036095,0.459981,13.307436
Hat\m1628_unified_prepared.obj,5.040454,0.020209,2772.462297,1.332101,1.003111,0.084767,3.898540
Hat\m1629_unified_prepared.obj,2.537316,0.006123,3852.940481,0.986143,1.000908,0.053163,5.290996
Hat\m1630_unified_prepared.obj,1.994667,0.059629,19.735430,0.554476,1.005772,0.422204,2.749954
Hat\m1631_unified_prepared.obj,2.707824,0.061063,47.082444,0.749945,1.013868,0.402911,6.353922
Hat\m1632_unified_prepared.obj,3.193357,0.003991,18076.482730,0.702944,1.055225,0.013379,4.620910
Hat\m1633_unified_prepared.obj,2.435845,0.082577,18.740394,0.642613,1.121220,0.500347,3.907775
Hat\m1634_unified_prepared.obj,5.455858,0.268989,19.845739,1.167514,1.026693,0.857011,7.194597
Hat\m1635_unified_prepared.obj,3.295884,0.078010,52.018464,0.627919,1.069182,0.228064,1.540752
Hat\m1636_unified_prepared.obj,2.643543,0.020256,398.102592,0.612685,1.043812,0.087180,1.355323
Hat\m1637_unified_prepared.obj,2.933408,0.010729,1938.995805,0.606463,1.009994,0.042937,2.346230
Hat\m1638_unified_prepared.obj,2.391214,0.046899,54.963048,0.712468,1.000000,0.258554,1.664546
Hat\m1639_unified_prepared.obj,2.700471,0.027991,222.245924,0.593906,1.055128,0.111650,1.763188
Hat\m1640_unified_prepared.obj,3.412007,0.008961,4373.450532,0.854087,1.019119,0.030470,2.535248
Hat\m1641_unified_prepared.obj,2.394826,0.012132,825.134558,0.673031,1.000911,0.065662,7.505896
Helicopter\D00038_unified_prepared.obj,0.738792,0.001113,2878.872472,0.739618,1.009693,0.060577,40.481627
Helicopter\D00191_unified_prepared.obj,0.702195,0.007983,48.039162,0.219688,1.028216,0.080756,8.103266
Helicopter\D00361_unified_prepared.obj,0.886458,0.004459,309.745456,0.323410,1.017149,0.066895,12.510746
Helicopter\D00397_unified_prepared.obj,0.831410,0.005022,201.509022,0.304985,1.011726,0.081675,14.078052
Helicopter\D00423_unified_prepared.obj,0.459659,0.005924,24.470528,0.157980,1.054867,0.078162,18.738082
Helicopter\D00470_unified_prepared.obj,0.402078,0.005364,19.973133,0.162354,1.002473,0.074605,22.789804
Helicopter\D00471_unified_prepared.obj,1.166244,0.005314,496.734482,0.869329,1.017686,0.147594,26.866597
Helicopter\D00473_unified_prepared.obj,0.753550,0.003928,245.189554,0.230561,1.026441,0.035951,6.700880
Helicopter\D00498_unified_prepared.obj,0.675480,0.000690,5717.891850,0.371334,1.000949,0.011090,8.861465
Helicopter\D00500_unified_prepared.obj,0.584118,0.006242,45.224371,0.224347,1.013330,0.097002,18.110479
Helicopter\D00502_unified_prepared.obj,0.389754,0.004005,32.636732,0.163277,1.003257,0.073963,18.886416
Helicopter\D00644_unified_prepared.obj,0.664539,0.004846,110.508014,0.249230,1.016230,0.066712,13.056559
Helicopter\D00658_unified_prepared.obj,0.485835,0.003149,102.255837,0.180852,1.019055,0.046879,14.914018
Helicopter\D00751_unified_prepared.obj,1.027831,0.006316,240.682030,0.393632,1.047677,0.079744,48.140611
Helicopter\D00796_unified_prepared.obj,0.557329,0.012105,10.446465,0.142683,1.062715,0.114948,12.150728
Helicopter\D00820_unified_prepared.obj,0.718007,0.005920,93.381671,0.211650,1.031712,0.058582,10.961821
Helicopter\D00868_unified_prepared.obj,0.573716,0.004721,74.911586,0.268018,1.010828,0.072061,30.431248
Helicopter\D00977_unified_prepared.obj,0.795500,0.002138,973.561703,0.293121,1.011459,0.034733,15.522587
Helicopter\D00986_unified_prepared.obj,0.701278,0.007218,58.526371,0.348464,1.010960,0.114762,62.432719
Helicopter\D00991_unified_prepared.obj,0.391585,0.002648,75.730224,0.176806,1.038420,0.055413,25.137548
Helicopter\m1302_unified_prepared.obj,0.309221,0.004544,12.664079,0.250970,1.010589,0.204968,22.771636
Helicopter\m1304_unified_prepared.obj,0.609036,0.018690,5.717895,0.305724,1.078994,0.303697,15.307680
Helicopter\m1305_unified_prepared.obj,0.304146,0.005121,9.484512,0.321023,1.007597,0.338908,59.918335
Helicopter\m1306_unified_prepared.obj,0.648152,0.008514,33.210258,0.249253,1.033031,0.139494,45.232272
Helicopter\m1307_unified_prepared.obj,0.669175,0.006672,59.526838,0.263907,1.001477,0.082574,7.580458
Helicopter\m1308_unified_prepared.obj,0.664790,0.004877,109.214658,0.249002,1.016393,0.067110,12.677015
Helicopter\m1309_unified_prepared.obj,0.391793,0.003094,55.546777,0.176660,1.038562,0.064704,21.613750
Helicopter\m1310_unified_prepared.obj,0.455872,0.005851,24.470492,0.156356,1.050513,0.078161,22.736754
Helicopter\m1311_unified_prepared.obj,0.373872,0.004474,23.085987,0.151948,1.002010,0.088411,53.386856
Helicopter\m1312_unified_prepared.obj,0.493606,0.010089,10.446343,0.168059,1.000121,0.114947,8.243055
Helicopter\m1313_unified_prepared.obj,0.797142,0.011670,32.883877,0.262180,1.018180,0.171203,16.276836
Helicopter\m1314_unified_prepared.obj,1.103606,0.019405,31.563448,0.337365,1.080160,0.141986,16.323782
Helicopter\m1315_unified_prepared.obj,0.564359,0.004107,94.228222,0.255645,1.000473,0.089126,22.017854
Helicopter\m1316_unified_prepared.obj,0.486355,0.007483,18.164536,0.205470,1.003121,0.133944,37.769283
Helicopter\m1317_unified_prepared.obj,0.701511,0.007222,58.526501,0.351696,1.011126,0.114762,63.418365
Helicopter\m1318_unified_prepared.obj,0.578196,0.004777,74.897089,0.269639,1.014763,0.072128,43.728424
Helicopter\m1319_unified_prepared.obj,0.236917,0.002655,16.685239,0.118831,1.000308,0.080838,31.731841
Helicopter\m1320_unified_prepared.obj,0.582559,0.007551,30.657803,0.224225,1.029615,0.121544,41.784900
Helicopter\m1321_unified_prepared.obj,0.396058,0.004075,33.072522,0.166479,1.003067,0.075307,19.465868
Helicopter\m1322_unified_prepared.obj,0.384832,0.004319,27.018440,0.128405,1.003029,0.056762,5.595713
Helicopter\m1323_unified_prepared.obj,0.425510,0.006693,15.206053,0.119580,1.043982,0.060845,19.374927
Helicopter\m1325_unified_prepared.obj,0.750957,0.005962,105.351439,0.234699,1.026233,0.072480,10.777654
Helicopter\m1326_unified_prepared.obj,0.658753,0.007067,50.606683,0.215387,1.018904,0.086859,6.597757
Helicopter\m1327_unified_prepared.obj,0.462668,0.003777,61.390225,0.178318,1.029718,0.060778,42.287546
Helicopter\m1328_unified_prepared.obj,0.413949,0.003932,40.572734,0.168197,1.000703,0.061269,12.612701
Helicopter\m1329_unified_prepared.obj,2.479384,0.046534,62.234689,0.581914,1.067996,0.244191,12.451585
Helicopter\m1330_unified_prepared.obj,0.329101,0.003619,24.069675,0.293782,1.000466,0.161835,17.777320
Helicopter\m1332_unified_prepared.obj,0.402080,0.004886,24.080537,0.162353,1.002474,0.067945,22.694616
Helicopter\m1333_unified_prepared.obj,1.337891,0.004524,1034.561387,0.513038,1.000123,0.066590,19.934933
Helicopter\m1334_unified_prepared.obj,1.264608,0.004090,1069.097085,0.473099,1.000616,0.060452,39.348148
Helicopter\m1336_unified_prepared.obj,0.493270,0.011206,8.450674,0.162170,1.017391,0.139310,20.328632
House\D00001_unified_prepared.obj,8.761686,0.032401,5664.846523,2.535742,1.235113,0.151572,5.487659
House\D00044_unified_prepared.obj,10.762882,0.051939,4086.491720,2.648562,1.174515,0.170959,40.073254
House\D00091_unified_prepared.obj,4.702693,0.176453,29.534573,1.276082,1.106265,0.789731,2.119203
House\D00095_unified_prepared.obj,3.433961,0.169361,12.482632,1.007513,1.141109,0.903474,33.304583
House\D00286_unified_prepared.obj,9.223097,0.072830,1307.837675,1.989051,1.402068,0.267865,2.634629
House\D00325_unified_prepared.obj,6.019586,0.170462,66.372881,1.054402,1.029304,0.611847,3.488805
House\D00359_unified_prepared.obj,5.683029,0.021743,3432.681636,1.568037,1.101103,0.144591,3.605723
House\D00389_unified_prepared.obj,13.583909,0.032441,21059.394878,4.220413,1.223369,0.128863,8.175849
House\D00415_unified_prepared.obj,10.718390,0.197607,278.825712,2.845891,1.203554,0.587771,7.064180
House\D00454_unified_prepared.obj,2.291839,0.115490,7.980113,0.993451,1.065473,0.829834,14.000759
House\D00568_unified_prepared.obj,4.819000,0.041679,569.623161,1.049208,1.059968,0.198191,20.973146
House\D00574_unified_prepared.obj,2.199745,0.087377,12.327400,0.496057,1.260387,0.225055,5.500027
House\D00665_unified_prepared.obj,6.220005,0.112758,167.350142,1.519537,1.046452,0.487417,27.618832
House\D00873_unified_prepared.obj,3.570268,0.005366,13976.814700,0.949088,1.049388,0.056026,4.631228
House\D00889_unified_prepared.obj,3.219732,0.147096,13.639728,0.772859,1.067593,0.920112,7.843996
House\D00901_unified_prepared.obj,6.981955,0.048264,1291.932937,1.688622,1.219135,0.270079,2.770171
House\D00903_unified_prepared.obj,7.824197,0.020337,10239.893425,2.753810,1.179984,0.120516,4.554855
House\D00941_unified_prepared.obj,2.300406,0.115506,8.067758,0.994066,1.065346,0.830247,14.600566
House\D00946_unified_prepared.obj,11.743577,0.010717,124684.102085,2.398808,1.065895,0.039749,2.713320
House\D00965_unified_prepared.obj,7.248177,0.061108,901.662785,1.915932,1.135534,0.266688,2.583043
House\m423_unified_prepared.obj,1.153836,0.061646,3.574096,0.480041,1.020178,0.830332,31.486131
House\m429_unified_prepared.obj,6.913530,0.049299,1202.165459,1.798468,1.139571,0.232033,21.323889
House\m430_unified_prepared.obj,6.999057,0.037937,2106.360470,2.082850,1.179179,0.208114,14.165133
House\m431_unified_prepared.obj,2.538513,0.020995,328.142228,1.559223,1.074352,0.531775,17.558697
House\m432_unified_prepared.obj,2.093164,0.019477,213.757300,0.668537,1.007109,0.249876,9.549663
House\m433_unified_prepared.obj,4.301130,0.008085,10763.485907,1.661570,1.076119,0.147577,61.049435
House\m434_unified_prepared.obj,3.418507,0.229406,6.711952,0.727975,1.108033,0.879536,6.509893
House\m435_unified_prepared.obj,1.829552,0.028396,67.152728,0.674228,1.023620,0.449091,18.330145
House\m436_unified_prepared.obj,2.730589,0.055154,59.178361,1.195292,1.025602,0.655877,12.524733
House\m439_unified_prepared.obj,1.363416,0.003567,1761.712970,0.680622,1.046511,0.110648,16.607612
House\m440_unified_prepared.obj,2.365189,0.029995,130.033305,0.766112,1.014218,0.253348,9.376612
House\m441_unified_prepared.obj,18.882537,0.015298,254359.590009,5.653241,1.164489,0.078843,6.807200
House\m443_unified_prepared.obj,2.812050,0.119449,13.780021,1.072935,1.108088,0.596860,13.011791
House\m446_unified_prepared.obj,2.155205,0.003297,8143.700700,0.955076,1.020194,0.066135,13.535408
House\m447_unified_prepared.obj,3.840616,0.024442,838.426528,1.339215,1.080077,0.186627,5.452478
House\m448_unified_prepared.obj,7.852025,0.109446,357.346576,1.555292,1.139055,0.346880,5.479905
House\m449_unified_prepared.obj,3.569432,0.174749,13.167851,0.968669,1.020898,0.850005,10.399876
House\m451_unified_prepared.obj,3.270314,0.021423,673.845207,1.494947,1.020935,0.319374,10.918945
House\m452_unified_prepared.obj,9.960702,0.108857,737.405796,2.342319,1.217223,0.238775,4.820270
House\m453_unified_prepared.obj,8.740054,0.121378,400.688250,1.892207,1.171616,0.362225,5.784007
House\m454_unified_prepared.obj,2.947826,0.064859,53.841446,1.065356,1.008063,0.619167,6.494857
House\m456_unified_prepared.obj,5.356246,0.020310,3293.739274,1.100119,1.219312,0.110782,7.454795
House\m457_unified_prepared.obj,2.812050,0.119449,13.780021,1.072935,1.108088,0.596860,13.011791
House\m460_unified_prepared.obj,6.618277,0.044521,1293.146199,1.599147,1.197249,0.157167,3.324441
House\m461_unified_prepared.obj,5.750326,0.126720,104.697805,1.237006,1.242743,0.313774,5.477657
House\m462_unified_prepared.obj,3.870252,0.169235,17.897112,1.022769,1.130304,0.678067,4.770723
HumanHead\D00013_unified_prepared.obj,4.030865,0.242453,9.851181,1.039504,1.003369,1.009806,1.571551
HumanHead\D00061_unified_prepared.obj,4.014397,0.186868,16.380874,0.961964,1.039053,0.682059,1.969296
HumanHead\D00072_unified_prepared.obj,2.454840,0.237092,2.326934,0.589462,1.065977,0.784575,2.194871
HumanHead\D00106_unified_prepared.obj,2.199599,0.147363,4.333155,0.561277,1.037823,0.633177,3.226878
HumanHead\D00131_unified_prepared.obj,2.214663,0.238981,1.681676,0.537793,1.011849,0.904051,1.749003
HumanHead\D00205_unified_prepared.obj,2.006352,0.197854,1.824231,0.532223,1.047248,0.878857,4.894539
HumanHead\D00313_unified_prepared.obj,2.463508,0.315291,1.329802,0.512648,1.006632,0.911989,1.313361
HumanHead\D00434_unified_prepared.obj,1.935053,0.188489,1.803234,0.456544,1.010115,0.856283,2.049308
HumanHead\D00487_unified_prepared.obj,2.501328,0.310037,1.439567,0.517468,1.094201,0.928806,1.812931
HumanHead\D00488_unified_prepared.obj,2.503133,0.228882,2.647135,0.566433,1.004716,0.905202,1.942281
HumanHead\D00566_unified_prepared.obj,2.251382,0.243574,1.700719,0.486303,1.068626,0.882117,1.471671
HumanHead\D00578_unified_prepared.obj,2.580261,0.261537,2.220605,0.503498,1.147588,0.737361,2.415520
HumanHead\D00591_unified_prepared.obj,2.267123,0.243406,1.739042,0.562248,1.101651,0.859940,2.925007
HumanHead\D00610_unified_prepared.obj,2.382795,0.243945,2.010131,0.548174,1.021445,0.852521,1.732824
HumanHead\D00629_unified_prepared.obj,2.699143,0.250397,2.773110,0.573832,1.004592,0.841864,4.106939
HumanHead\D00653_unified_prepared.obj,2.433055,0.242283,2.169490,0.533052,1.223746,0.775936,1.194660
HumanHead\D00690_unified_prepared.obj,2.633326,0.294660,1.859593,0.560827,1.082589,0.891827,2.301473
HumanHead\D00758_unified_prepared.obj,3.081542,0.255864,3.952154,0.527913,1.063874,0.780879,1.408376
HumanHead\D00910_unified_prepared.obj,2.669048,0.218054,3.535803,0.596101,1.012994,0.826623,2.815701
HumanHead\D00984_unified_prepared.obj,2.854271,0.226753,3.998764,0.693229,1.047279,0.947539,3.567702
HumanHead\m340_unified_prepared.obj,2.380995,0.229021,2.275476,0.463415,1.005890,0.803754,1.933523
HumanHead\m341_unified_prepared.obj,2.087954,0.215377,1.735047,0.518638,1.006615,0.941941,2.327463
HumanHead\m342_unified_prepared.obj,4.465279,0.419673,4.469636,0.924754,1.047887,1.314410,3.860612
HumanHead\m343_unified_prepared.obj,2.385562,0.209323,2.739600,0.599064,1.011572,0.930337,2.166708
HumanHead\m344_unified_prepared.obj,2.424095,0.178786,3.940286,0.676237,1.009432,0.878657,5.005755
HumanHead\m345_unified_prepared.obj,3.637648,0.238021,7.512395,0.746317,1.012813,1.049474,1.629424
HumanHead\m346_unified_prepared.obj,1.890642,0.178516,1.875089,0.515275,1.032694,0.859570,1.520104
HumanHead\m347_unified_prepared.obj,2.275356,0.137043,5.545995,0.655763,1.005547,0.723778,1.433677
HumanHead\m348_unified_prepared.obj,2.089080,0.189147,2.253267,0.549058,1.002761,0.908106,1.225678
HumanHead\m349_unified_prepared.obj,5.374618,0.482536,5.895649,1.207470,1.006674,1.578194,1.499233
HumanHead\m350_unified_prepared.obj,2.681886,0.266163,2.407537,0.548419,1.006924,0.901260,2.702515
HumanHead\m351_unified_prepared.obj,2.312836,0.237023,1.947151,0.552798,1.057890,0.904224,1.800646
HumanHead\m352_unified_prepared.obj,3.181076,0.364345,2.144099,0.636466,1.155550,0.952299,1.721031
HumanHead\m353_unified_prepared.obj,2.304776,0.276943,1.411405,0.532804,1.010047,0.917098,1.638020
HumanHead\m354_unified_prepared.obj,1.846439,0.152172,2.403711,0.559484,1.060749,0.785727,4.651711
HumanHead\m355_unified_prepared.obj,1.860397,0.177193,1.813317,0.542785,1.013712,0.839345,2.860521
HumanHead\m356_unified_prepared.obj,2.800494,0.380311,1.342681,0.543697,1.175433,0.939144,2.164188
HumanHead\m357_unified_prepared.obj,2.195437,0.248097,1.520082,0.463446,1.045144,0.913500,1.642068
HumanHead\m358_unified_prepared.obj,2.987110,0.279926,3.007561,0.556008,1.171707,0.907428,1.598343
HumanHead\m359_unified_prepared.obj,2.118083,0.222679,1.694409,0.488468,1.008730,0.895785,3.661957
HumanHead\m360_unified_prepared.obj,2.801547,0.365730,1.453518,0.551603,1.188636,0.917598,3.143199
HumanHead\m361_unified_prepared.obj,2.457911,0.197883,3.352969,0.636406,1.057807,0.854288,3.105761
HumanHead\m362_unified_prepared.obj,3.436460,0.314096,3.637106,0.836276,1.034446,1.138538,1.796005
HumanHead\m363_unified_prepared.obj,2.411156,0.211476,2.771413,0.602504,1.010614,0.936807,2.198178
HumanHead\m364_unified_prepared.obj,2.574082,0.157073,6.112377,0.757319,1.056750,0.960060,6.083663
HumanHead\m365_unified_prepared.obj,2.041233,0.239559,1.310388,0.515566,1.002777,0.925791,2.193682
HumanHead\m366_unified_prepared.obj,1.694649,0.007104,852.589795,0.511667,1.018823,0.037754,3.892281
HumanHead\m367_unified_prepared.obj,1.820132,0.136177,2.875086,0.522846,1.028391,0.817764,2.572934
HumanHead\m368_unified_prepared.obj,2.658550,0.281841,2.091576,0.607053,1.018651,0.921971,2.457707
HumanHead\m369_unified_prepared.obj,2.066766,0.212636,1.726423,0.524666,1.021094,0.898935,1.344349
HumanHead\m370_unified_prepared.obj,1.870635,0.157341,2.337917,0.517795,1.052266,0.854000,1.165307
Humanoid\m118_unified_prepared.obj,0.558392,0.008201,22.889116,0.567838,1.006466,0.341677,65.516567
Humanoid\m119_unified_prepared.obj,0.592654,0.010538,16.573459,0.559516,1.003896,0.439675,30.913568
Humanoid\m120_unified_prepared.obj,0.577132,0.009307,19.622437,0.546944,1.003703,0.362612,49.237234
Humanoid\m121_unified_prepared.obj,0.558175,0.009532,16.925164,0.532550,1.004426,0.422321,92.666773
Humanoid\m122_unified_prepared.obj,0.572486,0.011212,13.195870,0.435387,1.005211,0.399406,41.773083
Humanoid\m123_unified_prepared.obj,0.544454,0.008446,20.002633,0.473590,1.005740,0.320193,42.360860
Humanoid\m124_unified_prepared.obj,0.693566,0.012040,20.348240,0.638384,1.004012,0.447907,41.319828
Humanoid\m125_unified_prepared.obj,0.544255,0.011308,11.146892,0.404691,1.003761,0.296379,24.979725
Humanoid\m126_unified_prepared.obj,0.590410,0.008119,27.606567,0.637865,1.004052,0.430864,82.274645
Humanoid\m128_unified_prepared.obj,0.589473,0.010691,15.844855,0.574912,1.001649,0.419234,51.708615
Humanoid\m129_unified_prepared.obj,0.930359,0.007256,135.238864,0.862548,1.012747,0.288212,83.105547
Humanoid\m130_unified_prepared.obj,0.691821,0.010196,28.164947,0.676094,1.003060,0.370991,32.495198
Humanoid\m131_unified_prepared.obj,0.797454,0.010025,44.612441,0.759736,1.001747,0.396314,59.304967
Humanoid\m132_unified_prepared.obj,0.853465,0.008366,78.542097,0.797160,1.003505,0.283270,38.265895
Humanoid\m133_unified_prepared.obj,1.597128,0.032068,35.028991,1.351025,1.004078,0.973836,42.796216
Humanoid\m134_unified_prepared.obj,0.718829,0.012632,20.581961,0.781979,1.004986,0.726945,62.912113
Humanoid\m135_unified_prepared.obj,0.643402,0.007132,46.302477,0.504099,1.008050,0.207041,30.116748
Humanoid\m136_unified_prepared.obj,0.637969,0.009572,25.057475,0.636591,1.007880,0.350957,51.916166
Humanoid\m137_unified_prepared.obj,0.610017,0.010455,18.363038,0.426824,1.009411,0.264070,62.668230
Humanoid\m138_unified_prepared.obj,0.592179,0.011444,14.019736,0.437624,1.002959,0.270289,37.711631
Humanoid\m139_unified_prepared.obj,1.896849,0.038117,41.534641,1.074415,1.009097,0.685072,18.251960
Humanoid\m140_unified_prepared.obj,0.652846,0.014210,12.183194,0.497038,1.002505,0.372854,42.541662
Humanoid\m141_unified_prepared.obj,0.799880,0.010060,44.711191,0.573598,1.009433,0.305707,28.833799
Humanoid\m143_unified_prepared.obj,0.900089,0.016804,22.832819,0.658824,1.002543,0.476365,61.836647
Humanoid\m144_unified_prepared.obj,0.850410,0.011325,42.398674,0.731634,1.009352,0.278921,39.173206
Humanoid\m145_unified_prepared.obj,0.586928,0.012629,11.208285,0.320721,1.024420,0.227371,55.831868
Humanoid\m146_unified_prepared.obj,1.013471,0.015120,40.259869,0.594024,1.012926,0.329511,21.621354
Humanoid\m147_unified_prepared.obj,0.911592,0.016080,25.904128,0.703940,1.011895,0.418212,45.527856
Humanoid\m148_unified_prepared.obj,0.658498,0.004652,116.645958,0.341883,1.015018,0.085237,49.497631
Humanoid\m149_unified_prepared.obj,0.631058,0.014351,10.789741,0.583337,1.005111,0.442935,50.990578
Humanoid\m150_unified_prepared.obj,0.950322,0.014746,34.898784,0.698220,1.002686,0.381300,40.478520
Humanoid\m151_unified_prepared.obj,0.792851,0.016749,15.709383,0.665715,1.013043,0.491324,48.498102
Humanoid\m152_unified_prepared.obj,1.569843,0.022033,70.462602,1.171296,1.008995,0.553023,57.519572
Humanoid\m153_unified_prepared.obj,1.313618,0.021879,41.869925,1.065237,1.007235,0.591023,40.231576
Humanoid\m154_unified_prepared.obj,1.065928,0.016815,37.872004,0.936073,1.001986,0.562936,49.267251
Humanoid\m155_unified_prepared.obj,0.754288,0.020481,9.045994,0.467668,1.000287,0.457172,84.276339
Humanoid\m156_unified_prepared.obj,0.593788,0.011863,13.154642,0.452738,1.004208,0.338946,51.502873
Humanoid\m157_unified_prepared.obj,1.053172,0.022300,20.770765,0.687245,1.005725,0.470468,44.655238
Humanoid\m158_unified_prepared.obj,1.549019,0.032685,30.762548,1.072807,1.009262,0.671582,28.379595
Humanoid\m159_unified_prepared.obj,0.661233,0.013286,14.481802,0.618110,1.005529,0.516591,77.036633
Humanoid\m160_unified_prepared.obj,0.811072,0.015794,18.912486,0.446932,1.002562,0.308938,48.725546
Humanoid\m161_unified_prepared.obj,1.248175,0.017826,54.107452,1.015635,1.004236,0.509408,59.271030
Humanoid\m162_unified_prepared.obj,1.018131,0.019696,24.055542,0.743872,1.007418,0.437326,55.980208
Humanoid\m163_unified_prepared.obj,0.572440,0.015767,6.671974,0.565129,1.006462,0.585927,57.277773
Humanoid\m164_unified_prepared.obj,0.931755,0.019381,19.040909,0.776972,1.004537,0.532707,56.949043
Humanoid\m165_unified_prepared.obj,0.270080,0.006882,3.678088,0.238743,1.008269,0.230802,72.149624
Humanoid\m166_unified_prepared.obj,0.249226,0.006404,3.337536,0.206413,1.009437,0.182543,34.517071
Humanoid\m167_unified_prepared.obj,1.124360,0.045037,6.196172,0.520506,1.007634,0.480899,15.705816
Humanoid\m168_unified_prepared.obj,0.698849,0.015332,12.838386,0.522368,1.003650,0.479593,60.010755
Humanoid\m169_unified_prepared.obj,0.738511,0.012005,24.710448,0.594416,1.001270,0.428111,218.285019
Humanoid\m170_unified_prepared.obj,0.603665,0.009427,21.887301,0.573524,1.006856,0.326325,61.291311
Humanoid\m171_unified_prepared.obj,0.719479,0.011013,27.151138,0.478282,1.001916,0.310620,46.906951
Humanoid\m172_unified_prepared.obj,0.583296,0.007934,27.873115,0.556054,1.002385,0.347636,127.644076
Humanoid\m173_unified_prepared.obj,0.713819,0.012040,22.184645,0.747278,1.003221,0.500335,61.254915
Humanoid\m174_unified_prepared.obj,1.093929,0.021565,24.889774,0.703743,1.017243,0.468582,93.505400
Humanoid\m175_unified_prepared.obj,0.913041,0.014319,32.825747,0.628656,1.006262,0.299785,22.500420
Humanoid\m176_unified_prepared.obj,0.893872,0.016864,22.204368,0.653113,1.010840,0.371357,39.838663
Humanoid\m177_unified_prepared.obj,1.167804,0.030585,15.053985,0.758663,1.006986,0.574179,28.957310
Humanoid\m178_unified_prepared.obj,0.612895,0.012656,12.709882,0.549555,1.003584,0.384722,50.388122
Humanoid\m179_unified_prepared.obj,0.821750,0.015126,21.444209,0.669426,1.008073,0.369987,54.158646
Humanoid\m180_unified_prepared.obj,2.542248,0.036727,107.702149,2.614549,1.002295,1.415437,67.904513
Humanoid\m181_unified_prepared.obj,1.112856,0.020518,28.945847,0.714889,1.008514,0.398819,63.444023
Humanoid\m182_unified_prepared.obj,0.773310,0.008148,61.593411,0.655708,1.004482,0.276077,69.717539
Humanoid\m183_unified_prepared.obj,2.173870,0.076201,15.643355,0.690668,1.009533,0.525457,20.768817
Humanoid\m184_unified_prepared.obj,0.584387,0.009973,17.740706,0.565040,1.005442,0.441249,64.729365
Humanoid\m185_unified_prepared.obj,0.613926,0.006739,45.056408,0.455222,1.006852,0.200983,31.801802
Humanoid\m186_unified_prepared.obj,1.046042,0.009175,120.222063,0.992805,1.003931,0.323970,55.595424
Humanoid\m187_unified_prepared.obj,1.557239,0.028011,42.556269,0.617818,1.011698,0.276494,62.410721
Humanoid\m188_unified_prepared.obj,1.453990,0.017256,91.271295,1.184858,1.009887,0.554523,57.006041
Humanoid\m189_unified_prepared.obj,0.655145,0.007484,44.392782,0.685153,1.005585,0.305617,99.804710
Humanoid\m190_unified_prepared.obj,2.023737,0.065700,16.977618,0.861234,1.034767,0.655973,14.122492
Humanoid\m191_unified_prepared.obj,1.579204,0.056478,10.917176,0.939136,1.049149,0.766777,25.901204
Humanoid\m192_unified_prepared.obj,0.589774,0.011075,14.786948,0.547659,1.002722,0.413537,34.823601
Humanoid\m193_unified_prepared.obj,1.587552,0.028388,43.898307,0.702631,1.045814,0.320858,23.834838
Humanoid\m194_unified_prepared.obj,1.011439,0.015068,40.297245,0.774697,1.002059,0.399511,36.415467
Humanoid\m195_unified_prepared.obj,0.600657,0.012885,11.542061,0.366986,1.014280,0.329817,43.716219
Humanoid\m196_unified_prepared.obj,1.100991,0.017968,36.551533,0.836072,1.000880,0.567685,56.891930
Humanoid\m197_unified_prepared.obj,0.671477,0.008016,41.664731,0.693255,1.001559,0.369832,71.256553
Humanoid\m198_unified_prepared.obj,0.322852,0.007965,4.689922,0.192218,1.005992,0.154895,22.136341
Humanoid\m199_unified_prepared.obj,1.013225,0.020140,22.676070,0.789849,1.005371,0.485060,34.082618
Humanoid\m202_unified_prepared.obj,0.832856,0.011374,39.481993,0.797681,1.014049,0.388217,76.439200
Humanoid\m203_unified_prepared.obj,0.561758,0.008900,19.787356,0.435288,1.002472,0.320417,49.413776
Humanoid\m204_unified_prepared.obj,1.170158,0.017832,44.552032,0.578283,1.012217,0.338832,34.639067
Humanoid\m205_unified_prepared.obj,1.184722,0.023938,25.658169,0.734969,1.008972,0.490986,59.704368
Humanoid\m206_unified_prepared.obj,0.776705,0.009564,45.292378,0.644533,1.005447,0.358290,25.200201
Humanoid\m207_unified_prepared.obj,1.133879,0.016104,49.701506,0.717142,1.011849,0.361675,34.451480
Humanoid\m208_unified_prepared.obj,0.516147,0.009560,13.301984,0.436907,1.005643,0.371463,135.996791
Humanoid\m210_unified_prepared.obj,1.275886,0.032256,17.650271,0.389147,1.033441,0.216802,10.911714
Humanoid\m211_unified_prepared.obj,0.616632,0.013316,11.692066,0.553835,1.004593,0.548345,54.982422
Humanoid\m212_unified_prepared.obj,0.679187,0.016558,10.104620,0.409488,1.000190,0.389585,123.661511
Humanoid\m213_unified_prepared.obj,0.639159,0.008258,33.857134,0.646312,1.005640,0.338432,67.246882
Humanoid\m214_unified_prepared.obj,0.449777,0.005526,26.348910,0.434526,1.001804,0.246690,123.947261
Humanoid\m215_unified_prepared.obj,0.678251,0.009111,33.231728,0.706934,1.000843,0.389833,158.479815
Humanoid\m216_unified_prepared.obj,1.774108,0.034486,41.513821,0.918841,1.017497,0.529607,15.672800
Humanoid\m217_unified_prepared.obj,0.981156,0.009342,95.685135,0.738324,1.002686,0.261144,29.503685
Humanoid\m218_unified_prepared.obj,0.510948,0.007777,19.499190,0.186333,1.018443,0.081940,15.298061
Humanoid\m219_unified_prepared.obj,1.366487,0.004026,1391.660193,0.546561,1.131240,0.058376,53.209746
Humanoid\m220_unified_prepared.obj,0.968929,0.023013,15.187596,0.361227,1.003126,0.324772,56.491738
Humanoid\m221_unified_prepared.obj,0.652529,0.015054,10.840725,0.248460,1.004601,0.224845,54.987378
Humanoid\m222_unified_prepared.obj,0.809113,0.017283,15.679503,0.287978,1.053521,0.166393,38.390864
Humanoid\m223_unified_prepared.obj,0.604166,0.012457,12.566140,0.237625,1.002714,0.190347,75.378359
Humanoid\m224_unified_prepared.obj,0.591340,0.010698,15.974600,0.221032,1.000002,0.165358,34.777676
Humanoid\m226_unified_prepared.obj,0.926855,0.024439,11.787306,0.342607,1.004639,0.280442,31.736379
Humanoid\m227_unified_prepared.obj,2.163275,0.035188,72.292449,0.768149,1.011128,0.412156,40.465027
Humanoid\m228_unified_prepared.obj,0.814935,0.014029,24.314051,0.239293,1.120932,0.104413,43.826179
Humanoid\m229_unified_prepared.obj,0.804786,0.017674,14.754654,0.298381,1.003243,0.264202,70.566899
Humanoid\m230_unified_prepared.obj,0.775548,0.012818,25.101989,0.296236,1.001874,0.212992,92.079427
Humanoid\m231_unified_prepared.obj,2.852601,0.015917,810.068032,0.903357,1.063924,0.121843,27.521925
Humanoid\m232_unified_prepared.obj,0.864145,0.020991,12.949523,0.299135,1.026814,0.204169,26.005867
Humanoid\m233_unified_prepared.obj,1.010218,0.020949,20.770976,0.361938,1.076753,0.208314,59.379948
Humanoid\m234_unified_prepared.obj,0.700896,0.014043,15.438443,0.297887,1.005179,0.267006,74.732243
Humanoid\m235_unified_prepared.obj,0.639453,0.014278,11.341066,0.256408,1.003993,0.157513,32.661158
Humanoid\m236_unified_prepared.obj,1.078471,0.013109,64.540160,0.377931,1.000602,0.155876,47.115548
Humanoid\m237_unified_prepared.obj,0.456488,0.007471,15.067560,0.187876,1.002960,0.147969,105.274147
Humanoid\m238_unified_prepared.obj,0.893799,0.013773,33.279761,0.351664,1.015050,0.191628,65.308008
Humanoid\m239_unified_prepared.obj,0.742300,0.010766,31.199880,0.337771,1.011762,0.169539,73.198568
Humanoid\m240_unified_prepared.obj,1.029596,0.019824,24.556361,0.408543,1.005148,0.297415,39.952144
Humanoid\m241_unified_prepared.obj,1.365719,0.022233,45.563927,0.483726,1.024579,0.216802,70.208562
Humanoid\m242_unified_prepared.obj,1.554382,0.038530,22.368004,0.453574,1.011944,0.319384,53.392007
Humanoid\m243_unified_prepared.obj,0.829405,0.011601,37.486006,0.321554,1.027921,0.156009,61.853458
Humanoid\m244_unified_prepared.obj,0.973017,0.017845,25.579077,0.386805,1.031944,0.241043,59.824372
Humanoid\m245_unified_prepared.obj,0.904379,0.013628,35.215254,0.360614,1.025728,0.189191,64.673074
Humanoid\m246_unified_prepared.obj,0.653069,0.008053,37.977872,0.298161,1.012244,0.141678,85.803533
Humanoid\m248_unified_prepared.obj,0.577472,0.008344,24.454599,0.227809,1.028980,0.115065,64.620495
Humanoid\m249_unified_prepared.obj,1.171751,0.017401,46.979303,0.458258,1.003636,0.221580,16.448909
Humanoid\m250_unified_prepared.obj,0.797907,0.013339,25.244395,0.370190,1.006610,0.253531,59.332660
Humanoid\m251_unified_prepared.obj,0.487006,0.009197,12.074252,0.229365,1.010011,0.167944,64.720458
Humanoid\m252_unified_prepared.obj,0.976870,0.028474,10.166586,0.317193,1.003900,0.294387,26.767543
Humanoid\m253_unified_prepared.obj,1.123099,0.014146,62.597284,0.483623,1.009853,0.233389,43.180804
Humanoid\m254_unified_prepared.obj,0.642785,0.010570,21.016822,0.343354,1.003192,0.257722,127.469095
Humanoid\m255_unified_prepared.obj,1.115552,0.019142,33.501409,0.434423,1.002115,0.358105,76.455227
Humanoid\m256_unified_prepared.obj,0.448074,0.006037,21.827271,0.168934,1.032417,0.105997,3.401097
Humanoid\m257_unified_prepared.obj,0.979368,0.021613,17.781060,0.318708,1.000921,0.225488,27.700594
Humanoid\m258_unified_prepared.obj,0.436924,0.006905,15.466980,0.238789,1.004087,0.170322,120.634311
Humanoid\m259_unified_prepared.obj,0.977888,0.016968,28.716934,0.370342,1.027875,0.175652,5.163547
Humanoid\m260_unified_prepared.obj,1.191336,0.020150,36.822532,0.660662,1.005147,0.359922,54.264798
Humanoid\m261_unified_prepared.obj,0.604654,0.009300,22.599687,0.428883,1.006132,0.255895,18.979972
Humanoid\m262_unified_prepared.obj,0.547470,0.008635,19.456486,0.422618,1.001903,0.289346,27.382572
Humanoid\m263_unified_prepared.obj,0.639447,0.011261,18.232402,0.352569,1.009866,0.207401,11.449803
Humanoid\m264_unified_prepared.obj,0.566096,0.011066,13.098371,0.348732,1.008280,0.249370,20.381903
Humanoid\m265_unified_prepared.obj,0.534802,0.012438,8.741926,0.253936,1.013819,0.230757,24.701912
Humanoid\m266_unified_prepared.obj,0.909355,0.013271,37.751984,0.284876,1.067398,0.135295,8.418872
Insect\D00081_unified_prepared.obj,0.624144,0.003632,162.935056,0.207137,1.007958,0.043942,12.004935
Insect\D00082_unified_prepared.obj,1.673608,0.063696,10.216211,0.439115,1.072104,0.338803,12.815219
Insect\D00102_unified_prepared.obj,0.500111,0.013152,6.393790,0.113542,1.033831,0.086421,2.076166
Insect\D00109_unified_prepared.obj,2.579030,0.004127,8903.190163,0.692307,1.000040,0.027494,2.746047
Insect\D00117_unified_prepared.obj,1.338038,0.021831,44.444700,0.378185,1.032093,0.122695,4.756634
Insect\D00136_unified_prepared.obj,1.508952,0.024528,50.495844,0.571824,1.026703,0.208769,4.578003
Insect\D00160_unified_prepared.obj,1.324351,0.059906,5.722919,0.478496,1.003902,0.513517,63.308776
Insect\D00180_unified_prepared.obj,0.488866,0.012887,6.220023,0.129603,1.000034,0.093611,2.091718
Insect\D00231_unified_prepared.obj,0.860406,0.001222,3768.917931,0.450831,1.004307,0.026671,9.026632
Insect\D00291_unified_prepared.obj,0.565875,0.010525,14.464569,0.331641,1.000348,0.270682,38.800182
Insect\D00294_unified_prepared.obj,4.646207,0.006865,18818.954839,1.581850,1.070455,0.061839,37.890629
Insect\D00309_unified_prepared.obj,1.243920,0.022084,34.895151,0.333316,1.085165,0.107783,7.734485
Insect\D00315_unified_prepared.obj,0.871159,0.029948,6.517637,0.379706,1.001728,0.380516,12.646784
Insect\D00333_unified_prepared.obj,0.451281,0.008894,10.272705,0.200135,1.021143,0.158306,34.031478
Insect\D00399_unified_prepared.obj,0.315254,0.001969,71.479315,0.124256,1.078932,0.031293,16.760269
Insect\D00430_unified_prepared.obj,1.963419,0.042319,37.369779,0.562264,1.214803,0.237113,10.894036
Insect\D00510_unified_prepared.obj,0.307889,0.002680,35.919557,0.096509,1.030706,0.021408,7.035889
Insect\D00590_unified_prepared.obj,0.423697,0.005150,25.352350,0.191011,1.090150,0.124878,19.460225
Insect\D00615_unified_prepared.obj,0.429841,0.011946,4.920384,0.110357,1.001729,0.079295,2.532852
Insect\D00662_unified_prepared.obj,1.925210,0.012800,385.111136,0.447389,1.247121,0.059726,6.152819
Insect\D00668_unified_prepared.obj,1.258738,0.028376,21.900819,0.356098,1.184223,0.194888,6.873672
Insect\D00672_unified_prepared.obj,0.890988,0.008328,90.183066,0.362369,1.019498,0.077990,9.680803
Insect\D00695_unified_prepared.obj,0.373305,0.004753,20.363222,0.162876,1.082128,0.066858,47.606449
Insect\D00713_unified_prepared.obj,1.064645,0.046075,5.026020,0.321244,1.041243,0.278643,6.889584
Insect\D00732_unified_prepared.obj,0.825799,0.006767,108.750898,0.178664,1.114603,0.041886,6.986753
Insect\D00734_unified_prepared.obj,0.955442,0.015407,32.489570,0.268770,1.138568,0.072097,2.574794
Insect\D00746_unified_prepared.obj,0.488388,0.009984,10.333442,0.155471,1.026713,0.054388,11.306540
Insect\D00752_unified_prepared.obj,1.011069,0.014061,46.222625,0.307807,1.072944,0.119858,15.172060
Insect\D00753_unified_prepared.obj,1.288227,0.015066,83.276001,0.476777,1.075148,0.114339,4.236690
Insect\D00774_unified_prepared.obj,0.376392,0.003183,46.545593,0.139301,1.020985,0.030931,6.753743
Insect\D00786_unified_prepared.obj,0.581593,0.008024,27.014275,0.239441,1.053257,0.076163,6.828980
Insect\D00787_unified_prepared.obj,0.104946,0.000008,153819.251161,0.183157,1.001812,0.009594,54327.541544
Insect\D00788_unified_prepared.obj,0.703081,0.005117,117.382675,0.214095,1.101598,0.026638,3.779529
Insect\D00806_unified_prepared.obj,1.712941,0.029540,50.926267,0.433050,1.311782,0.108023,10.320969
Insect\D00814_unified_prepared.obj,1.110030,0.003810,833.260785,0.421842,1.166529,0.054215,13.810290
Insect\D00855_unified_prepared.obj,0.673437,0.018663,7.753119,0.238796,1.007433,0.212244,10.888525
Insect\D00884_unified_prepared.obj,1.932012,0.012812,388.445616,0.448968,1.247888,0.059675,6.142568
Insect\D00895_unified_prepared.obj,0.600269,0.001466,889.471034,0.227769,1.002799,0.017300,7.053013
Insect\D00973_unified_prepared.obj,1.022129,0.030169,10.373820,0.415913,1.008794,0.252176,10.137105
Insect\D00989_unified_prepared.obj,0.705389,0.018739,8.837482,0.287602,1.029099,0.258152,22.763530
Insect\m0_unified_prepared.obj,0.547205,0.006477,34.530747,0.216208,1.009383,0.067271,12.527807
Insect\m10_unified_prepared.obj,1.001396,0.003264,833.271551,0.338802,1.107978,0.054214,23.337393
Insect\m11_unified_prepared.obj,0.852750,0.002448,914.780296,0.454360,1.173079,0.128086,143.169329
Insect\m12_unified_prepared.obj,0.600515,0.007023,38.823605,0.222798,1.013936,0.087534,8.761064
Insect\m13_unified_prepared.obj,0.676571,0.002229,551.246852,0.402098,1.000004,0.078411,15.338118
Insect\m14_unified_prepared.obj,1.123096,0.001791,3903.730119,0.376507,1.114228,0.018078,6.146627
Insect\m15_unified_prepared.obj,0.690460,0.001783,914.991018,0.480771,1.055557,0.127989,87.179006
Insect\m16_unified_prepared.obj,0.356304,0.006168,10.512611,0.157506,1.078017,0.075999,5.138104
Insect\m17_unified_prepared.obj,0.389345,0.003348,46.545547,0.124915,1.038404,0.030931,7.680300
Insect\m18_unified_prepared.obj,0.489127,0.010007,10.333462,0.154388,1.027490,0.054388,15.023814
Insect\m19_unified_prepared.obj,0.889950,0.008310,90.251938,0.361333,1.018850,0.077972,9.723696
Insect\m1_unified_prepared.obj,0.552689,0.014173,7.430888,0.292522,1.003545,0.191870,15.242237
Insect\m20_unified_prepared.obj,0.744662,0.010431,33.554307,0.210477,1.000239,0.071996,3.354389
Insect\m21_unified_prepared.obj,0.823079,0.013214,28.235837,0.183714,1.079442,0.065732,5.544691
Insect\m22_unified_prepared.obj,1.060149,0.032641,9.888020,0.319303,1.040151,0.187007,8.900912
Insect\m23_unified_prepared.obj,0.594378,0.014907,8.354755,0.279754,1.066316,0.135540,7.196403
Insect\m24_unified_prepared.obj,1.187959,0.036156,11.339494,0.354969,1.040151,0.184129,9.238258
Insect\m25_unified_prepared.obj,0.296296,0.005192,8.530750,0.075738,1.016909,0.031005,4.417902
Insect\m26_unified_prepared.obj,0.728450,0.012584,21.584401,0.213562,1.027973,0.094338,6.201549
Insect\m2_unified_prepared.obj,0.564336,0.007648,27.166583,0.234015,1.037124,0.076190,7.808773
Insect\m3_unified_prepared.obj,0.807749,0.012859,28.183499,0.187407,1.066442,0.065207,5.631338
Insect\m4_unified_prepared.obj,0.427473,0.006256,17.644950,0.206722,1.028414,0.086648,16.101615
Insect\m6_unified_prepared.obj,2.067559,0.044941,38.692582,0.563129,1.279600,0.139759,3.783892
Insect\m7_unified_prepared.obj,1.055505,0.037215,7.507349,0.403603,1.028575,0.340047,7.350406
Insect\m8_unified_prepared.obj,1.682742,0.034368,35.668541,0.509854,1.137065,0.219517,7.507517
Insect\m9_unified_prepared.obj,1.093202,0.005167,432.724657,0.334033,1.000000,0.038923,5.762881
Jet\m1147_unified_prepared.obj,0.653097,0.008949,30.758851,0.226134,1.008303,0.136191,40.364448
Jet\m1149_unified_prepared.obj,0.646345,0.007212,45.902951,0.274866,1.003632,0.136002,45.734129
Jet\m1150_unified_prepared.obj,0.489948,0.005858,30.303194,0.235347,1.008361,0.170944,89.411947
Jet\m1151_unified_prepared.obj,0.652004,0.008286,35.693261,0.221480,1.006898,0.128412,16.554473
Jet\m1152_unified_prepared.obj,0.930199,0.011414,54.626468,0.286894,1.019453,0.129122,13.023400
Jet\m1153_unified_prepared.obj,0.829371,0.011201,40.205689,0.291501,1.028802,0.150752,59.127438
Jet\m1154_unified_prepared.obj,0.584017,0.006444,42.418148,0.222075,1.008918,0.101066,31.344111
Jet\m1155_unified_prepared.obj,0.497318,0.007337,20.205264,0.205736,1.001474,0.179212,21.396891
Jet\m1156_unified_prepared.obj,0.474992,0.007208,18.236748,0.199203,1.000205,0.180624,132.570408
Jet\m1157_unified_prepared.obj,0.484533,0.004910,41.718822,0.251125,1.009198,0.162174,67.247573
Jet\m1158_unified_prepared.obj,0.908074,0.013327,37.274835,0.270615,1.027324,0.154102,8.167316
Jet\m1159_unified_prepared.obj,0.930199,0.011414,54.626468,0.286894,1.019453,0.129122,13.023400
Jet\m1161_unified_prepared.obj,0.837089,0.007293,97.502788,0.265649,1.026967,0.101176,74.476763
Jet\m1162_unified_prepared.obj,0.569151,0.007099,32.350420,0.231738,1.005791,0.131373,30.598806
Jet\m1163_unified_prepared.obj,0.826913,0.007768,82.847152,0.259385,1.014416,0.116333,40.449812
Jet\m1165_unified_prepared.obj,0.685765,0.008913,35.891917,0.276664,1.015510,0.163397,71.060374
Jet\m1166_unified_prepared.obj,0.531560,0.006663,29.914961,0.202429,1.018227,0.138527,106.863131
Jet\m1167_unified_prepared.obj,0.881022,0.008567,82.379009,0.378326,1.018807,0.157683,24.744677
Jet\m1168_unified_prepared.obj,0.747111,0.006614,84.295528,0.358955,1.017744,0.154845,46.801083
Jet\m1169_unified_prepared.obj,1.701496,0.002958,4978.257234,0.634209,1.028451,0.053324,21.808351
Jet\m1171_unified_prepared.obj,1.120621,0.009871,127.702680,0.465524,1.009336,0.175701,25.390180
Jet\m1172_unified_prepared.obj,1.327528,0.007785,341.284086,0.588972,1.018218,0.192065,95.800900
Jet\m1173_unified_prepared.obj,1.061536,0.007314,197.705884,0.423752,1.027625,0.105269,98.374593
Jet\m1174_unified_prepared.obj,0.490960,0.006062,28.470560,0.291043,1.015869,0.173054,63.540597
Jet\m1175_unified_prepared.obj,0.747921,0.007795,60.874975,0.311672,1.026558,0.136619,25.600051
Jet\m1176_unified_prepared.obj,0.251689,0.001627,53.282983,0.107023,1.011191,0.042046,72.820994
Jet\m1177_unified_prepared.obj,0.735106,0.007474,62.868847,0.256003,1.025558,0.111607,56.948511
Jet\m1178_unified_prepared.obj,0.438805,0.004255,41.264912,0.286510,1.003362,0.171293,62.965294
Jet\m1179_unified_prepared.obj,0.750889,0.002834,466.085903,0.383245,1.001706,0.101387,135.089529
Jet\m1180_unified_prepared.obj,0.714115,0.005714,98.633508,0.346001,1.021040,0.132925,53.373280
Jet\m1181_unified_prepared.obj,0.719304,0.006518,77.453235,0.303925,1.012548,0.133368,161.777139
Jet\m1182_unified_prepared.obj,0.613123,0.006589,46.947098,0.318706,1.014538,0.190208,57.836919
Jet\m1183_unified_prepared.obj,1.385040,0.013816,123.069548,0.571743,1.031875,0.230593,88.185936
Jet\m1184_unified_prepared.obj,0.466744,0.006512,21.198478,0.257932,1.009645,0.219945,49.772898
Jet\m1185_unified_prepared.obj,0.510972,0.004030,72.621727,0.314567,1.013120,0.151387,60.779961
Jet\m1187_unified_prepared.obj,0.675987,0.008335,39.314022,0.294508,1.030639,0.188272,94.495503
Jet\m1188_unified_prepared.obj,0.703938,0.008643,41.290799,0.276615,1.022825,0.167083,71.259249
Jet\m1190_unified_prepared.obj,0.706152,0.005433,105.470997,0.306988,1.022235,0.126061,30.310229
Jet\m1191_unified_prepared.obj,0.826107,0.008484,69.263750,0.339082,1.000306,0.150073,46.446916
Jet\m1193_unified_prepared.obj,0.438771,0.003856,50.230100,0.262932,1.000907,0.168395,115.153817
Jet\m1194_unified_prepared.obj,0.954698,0.010073,75.834737,0.402708,1.000231,0.205155,60.359125
Jet\m1195_unified_prepared.obj,1.094670,0.011296,90.893680,0.480323,1.000276,0.255118,44.009815
Jet\m1196_unified_prepared.obj,0.929143,0.009021,87.157058,0.444896,1.000054,0.210613,51.568815
Jet\m1197_unified_prepared.obj,0.611258,0.005343,70.741807,0.282597,1.001267,0.127750,113.769155
Jet\m1198_unified_prepared.obj,0.680464,0.006626,63.454728,0.322945,1.000383,0.151019,101.815888
Jet\m1199_unified_prepared.obj,0.609965,0.005616,63.630086,0.341614,1.003495,0.205379,81.958231
Jet\m1200_unified_prepared.obj,0.569934,0.007592,28.402718,0.312440,1.032590,0.242053,61.068900
Jet\m1201_unified_prepared.obj,1.398891,0.014973,107.964364,0.555903,1.016861,0.232915,25.174810
Jet\m1202_unified_prepared.obj,0.815350,0.008983,59.392441,0.462508,1.015286,0.262222,75.251562
Jet\m1204_unified_prepared.obj,0.668489,0.008329,38.076047,0.270325,1.025971,0.145078,57.766696
Jet\m1205_unified_prepared.obj,1.428002,0.017244,86.587374,0.640634,1.069987,0.359067,61.286208
Jet\m1207_unified_prepared.obj,0.437499,0.002428,125.647121,0.385018,1.002145,0.195124,407.769644
Jet\m1208_unified_prepared.obj,0.925546,0.010370,65.188389,0.368840,1.105322,0.157014,74.033456
Jet\m1209_unified_prepared.obj,1.163324,0.022945,26.440661,0.395349,1.012753,0.301730,77.915346
Jet\m1210_unified_prepared.obj,0.822869,0.013359,27.604663,0.393899,1.012185,0.334879,55.477180
Jet\m1211_unified_prepared.obj,0.944208,0.008302,107.997082,0.311781,1.000647,0.122992,20.904418
Jet\m1212_unified_prepared.obj,0.656212,0.004906,103.788885,0.288658,1.029033,0.105923,56.284238
Jet\m1213_unified_prepared.obj,0.371614,0.002832,56.596050,0.270721,1.006285,0.164343,113.351424
Jet\m1214_unified_prepared.obj,0.688506,0.005033,113.933436,0.361141,1.001084,0.152786,68.588912
Jet\m1215_unified_prepared.obj,0.775814,0.008837,52.875245,0.361115,1.011520,0.176731,51.640088
Jet\m1216_unified_prepared.obj,0.673396,0.006674,60.620684,0.324938,1.013623,0.153386,78.769940
Jet\m1217_unified_prepared.obj,0.578538,0.006639,38.841014,0.265816,1.034445,0.173188,92.257681
Jet\m1218_unified_prepared.obj,0.813608,0.006481,113.370684,0.381014,1.017855,0.151710,97.938521
Jet\m1219_unified_prepared.obj,0.690021,0.007978,45.636798,0.320053,1.019667,0.247560,49.257182
Jet\m1220_unified_prepared.obj,0.581878,0.005815,51.524964,0.280503,1.014301,0.175519,49.586895
Jet\m1221_unified_prepared.obj,1.037650,0.016877,34.684067,0.407540,1.029128,0.313242,10.135971
Jet\m1222_unified_prepared.obj,1.298271,0.025876,28.895839,0.402434,1.049312,0.290757,31.038144
Jet\m1223_unified_prepared.obj,0.694180,0.005797,88.014322,0.333503,1.000426,0.138897,83.765226
Jet\m1224_unified_prepared.obj,0.465007,0.002684,123.425088,0.363273,1.000061,0.201439,133.800541
Jet\m1225_unified_prepared.obj,1.311398,0.010906,167.645590,0.659670,1.006883,0.347866,63.957160
Jet\m1226_unified_prepared.obj,0.498088,0.004470,54.689632,0.290039,1.017317,0.187488,112.027562
Jet\m1227_unified_prepared.obj,0.664312,0.004126,152.229680,0.338277,1.011472,0.126026,76.793336
Jet\m1228_unified_prepared.obj,0.644630,0.003787,165.136059,0.337311,1.004931,0.129801,34.232928
Jet\m1229_unified_prepared.obj,1.088551,0.005746,345.372205,0.668630,1.011415,0.211697,53.232248
Jet\m1230_unified_prepared.obj,0.642517,0.005991,65.348985,0.288685,1.028385,0.134604,46.910526
Jet\m1231_unified_prepared.obj,0.814017,0.005630,150.442944,0.428398,1.003329,0.142029,116.244452
Jet\m1232_unified_prepared.obj,0.686686,0.007558,50.121819,0.240237,1.000413,0.126462,24.406079
Jet\m1233_unified_prepared.obj,0.463529,0.006285,22.295019,0.275942,1.000201,0.206292,48.699067
Jet\m1234_unified_prepared.obj,0.615823,0.003190,202.959233,0.250502,1.000974,0.061521,40.498245
Jet\m1235_unified_prepared.obj,0.790231,0.007580,75.934126,0.272002,1.002412,0.124892,90.714444
Jet\m1236_unified_prepared.obj,0.602755,0.002211,396.047886,0.298189,1.014401,0.051131,214.561647
Jet\m1237_unified_prepared.obj,0.867205,0.010074,56.822584,0.279324,1.012726,0.130330,33.432624
Jet\m1238_unified_prepared.obj,0.476028,0.004330,50.877171,0.272887,1.022636,0.185676,63.080516
Jet\m1239_unified_prepared.obj,1.127981,0.015517,52.705754,0.484906,1.031757,0.304248,63.407389
Jet\m1240_unified_prepared.obj,0.560598,0.005938,44.181579,0.201366,1.007675,0.116061,48.813807
Jet\m1241_unified_prepared.obj,1.228921,0.017013,56.698764,0.535625,1.026567,0.310269,105.034323
Jet\m1242_unified_prepared.obj,0.776435,0.008176,61.918240,0.406378,1.000547,0.253005,133.116100
Jet\m1243_unified_prepared.obj,0.763303,0.005934,111.664929,0.348538,1.020957,0.128119,78.846174
Jet\m1245_unified_prepared.obj,0.633958,0.007143,44.150770,0.247691,1.000514,0.137191,19.431424
Jet\m1246_unified_prepared.obj,0.612163,0.008905,25.581447,0.220221,1.008543,0.150140,140.133405
Jet\m1247_unified_prepared.obj,0.780340,0.010659,36.981893,0.334593,1.023068,0.220652,37.704594
Jet\m1248_unified_prepared.obj,0.871784,0.011005,48.375370,0.350854,1.040157,0.199074,35.739504
Jet\m1249_unified_prepared.obj,0.823014,0.017560,15.985198,0.327894,1.052681,0.318684,31.977493
Jet\m1250_unified_prepared.obj,1.062481,0.010157,102.795653,0.415876,1.000048,0.193645,22.951590
Jet\m1251_unified_prepared.obj,1.701496,0.002958,4978.257234,0.634209,1.028451,0.053324,21.808351
Jet\m1252_unified_prepared.obj,0.885362,0.004590,291.297927,0.452457,1.001191,0.127095,126.562966
Jet\m1253_unified_prepared.obj,1.108221,0.011526,90.593786,0.508822,1.000050,0.274929,53.056060
Jet\m1255_unified_prepared.obj,1.143835,0.009638,142.451826,0.673785,1.022403,0.273851,61.722695
Jet\m1256_unified_prepared.obj,0.687870,0.001786,901.749817,0.529740,1.000451,0.096904,57.679311
Jet\m1257_unified_prepared.obj,0.539589,0.001810,424.055469,0.414779,1.000528,0.099870,64.178692
Jet\m1258_unified_prepared.obj,0.901641,0.008305,93.976070,0.386959,1.018519,0.153383,23.662000
Jet\m1259_unified_prepared.obj,1.398891,0.014973,107.964364,0.555903,1.016861,0.232915,25.174810
Jet\m1260_unified_prepared.obj,1.242826,0.007936,269.542052,0.554117,1.023614,0.163261,12.686369
Jet\m1261_unified_prepared.obj,1.007579,0.013795,47.526400,0.447646,1.014185,0.274920,54.699498
Jet\m1262_unified_prepared.obj,0.921619,0.006307,174.024091,0.454235,1.021981,0.159265,73.401452
Jet\m1263_unified_prepared.obj,1.329709,0.010269,197.125660,0.454910,1.000679,0.142953,110.667505
Jet\m1264_unified_prepared.obj,0.893301,0.006485,149.854466,0.331874,1.003106,0.106708,83.817132
Jet\m1265_unified_prepared.obj,0.437210,0.002460,122.078395,0.383348,1.002484,0.197066,600.243287
Jet\m1266_unified_prepared.obj,1.002636,0.006284,225.681505,0.495560,1.001449,0.152144,224.143298
Jet\m1267_unified_prepared.obj,0.612884,0.004841,86.872271,0.246560,1.001850,0.110937,30.629594
Jet\m1268_unified_prepared.obj,0.232293,0.001154,83.273041,0.162000,1.000711,0.093523,79.167280
Jet\m1269_unified_prepared.obj,0.192847,0.000541,216.804510,0.149020,1.001093,0.044200,224.331069
Jet\m1270_unified_prepared.obj,0.242698,0.000736,233.074727,0.204155,1.001471,0.062376,60.445187
Jet\m1271_unified_prepared.obj,0.438065,0.001842,219.107567,0.356523,1.001155,0.105498,113.044564
Jet\m1273_unified_prepared.obj,0.205925,0.000901,95.091229,0.140151,1.001047,0.050223,35.755342
Jet\m1274_unified_prepared.obj,0.596838,0.005291,67.156218,0.316553,1.003300,0.160720,25.185111
Jet\m1275_unified_prepared.obj,0.486634,0.004183,58.236563,0.302759,1.006744,0.136793,17.892001
Jet\m1276_unified_prepared.obj,0.206617,0.000616,205.811334,0.187696,1.002195,0.048930,147.207774
Jet\m1277_unified_prepared.obj,0.157778,0.000301,384.457068,0.128543,1.000731,0.029401,324.900490
Jet\m1278_unified_prepared.obj,0.242823,0.001026,120.171903,0.190181,1.001151,0.072238,63.385180
Jet\m1279_unified_prepared.obj,0.410077,0.002087,139.956553,0.196193,1.134676,0.069575,49.262846
Jet\m1280_unified_prepared.obj,0.190062,0.000546,203.641094,0.152927,1.000404,0.040575,45.799240
Jet\m1281_unified_prepared.obj,0.312342,0.001200,187.035569,0.216920,1.000167,0.080828,118.326982
Jet\m1282_unified_prepared.obj,0.312269,0.001232,177.457189,0.169114,1.002949,0.044146,281.631092
Jet\m1283_unified_prepared.obj,0.305090,0.001128,197.226386,0.200157,1.000287,0.055131,117.154408
Jet\m1284_unified_prepared.obj,0.252015,0.000324,1347.454299,0.204506,1.000530,0.021140,15.407116
Jet\m1285_unified_prepared.obj,0.101292,0.000265,131.065019,0.095085,1.041547,0.032836,49.465328
Jet\m1286_unified_prepared.obj,0.433947,0.002600,106.873327,0.285589,1.000902,0.121811,139.324275
Jet\m1287_unified_prepared.obj,0.379795,0.002056,114.625957,0.316123,1.003484,0.130099,62.031338
Jet\m1288_unified_prepared.obj,1.067697,0.009405,121.677775,0.469930,1.001657,0.142229,60.948286
Jet\m1289_unified_prepared.obj,0.894674,0.006608,145.029352,0.395075,1.000015,0.096674,25.327617
Jet\m1290_unified_prepared.obj,0.523677,0.003109,131.387753,0.320312,1.033606,0.126139,102.378365
Jet\m1291_unified_prepared.obj,0.818621,0.009656,52.027992,0.397350,1.018392,0.176796,20.471605
Jet\m1292_unified_prepared.obj,0.785789,0.003484,353.360788,0.385402,1.001584,0.068625,49.419853
Jet\m1293_unified_prepared.obj,0.641322,0.003143,236.134159,0.312304,1.001095,0.101291,7.533523
Jet\m1294_unified_prepared.obj,0.546231,0.005506,47.532662,0.483002,1.001902,0.480214,105.552214
Jet\m1295_unified_prepared.obj,0.644448,0.003052,254.028337,0.565842,1.006485,0.449971,818.814506
Jet\m1296_unified_prepared.obj,0.877507,0.010090,58.686778,0.621756,1.001001,0.660180,244.409485
Jet\m1297_unified_prepared.obj,0.346882,0.002046,88.131451,0.495082,1.004978,0.479121,123.913595
Jet\m1298_unified_prepared.obj,0.887919,0.013026,36.480075,0.333794,1.042478,0.204382,13.477302
Jet\m1299_unified_prepared.obj,0.704243,0.008272,45.134458,0.377437,1.013142,0.277575,61.975343
Jet\m1300_unified_prepared.obj,0.925647,0.009023,86.130008,0.404687,1.021628,0.203297,42.207561
Jet\m1301_unified_prepared.obj,0.597287,0.007225,36.095777,0.341080,1.009902,0.335734,121.199953
Knife\D01015_unified_prepared.obj,0.587118,0.000163,67713.114766,0.796903,1.000187,0.047240,2392.182022
Knife\D01025_unified_prepared.obj,0.402899,0.002760,75.889580,0.558344,1.002531,0.237026,224.038043
Knife\D01032_unified_prepared.obj,0.270121,0.001984,44.251689,0.554235,1.000015,0.555601,665.064064
Knife\D01051_unified_prepared.obj,0.440584,0.000211,17018.601521,1.386135,1.000134,0.069168,242.486965
Knife\D01054_unified_prepared.obj,0.155686,0.000695,69.073226,0.736844,1.000049,0.704228,9922.669587
Knife\D01057_unified_prepared.obj,0.189537,0.001477,27.595699,0.523762,1.000237,0.639690,350.013739
Knife\D01063_unified_prepared.obj,0.414649,0.000644,1522.011675,0.997597,1.000671,0.256193,1073.007288
Knife\D01075_unified_prepared.obj,0.193974,0.001272,39.873467,0.514588,1.001715,0.304287,184.903412
Knife\D01077_unified_prepared.obj,0.308398,0.003624,19.746005,0.548152,1.003013,0.680280,202.684560
Knife\D01107_unified_prepared.obj,0.387949,0.002640,74.082414,0.789335,1.002309,0.426878,313.106138
Knife\D01119_unified_prepared.obj,0.308337,0.002528,40.565095,0.602482,1.000439,0.626255,439.814747
Knife\D01120_unified_prepared.obj,0.244238,0.002450,21.460214,0.648815,1.005052,0.623570,167.770405
Knife\D01132_unified_prepared.obj,0.223568,0.001940,26.257637,0.462820,1.000021,0.573351,421.429697
Knife\D01150_unified_prepared.obj,0.418006,0.003698,47.231454,0.530868,1.000781,0.271081,35.657220
Knife\D01160_unified_prepared.obj,0.448355,0.004078,47.926294,0.932992,1.005664,0.663995,109.221398
Knife\D01168_unified_prepared.obj,0.226103,0.002401,17.729344,0.602356,1.000969,0.686195,159.371736
Knife\D01174_unified_prepared.obj,0.117943,0.000386,97.314604,0.426472,1.000640,0.228727,865.011198
Knife\D01175_unified_prepared.obj,0.230098,0.002359,19.349060,0.361727,1.007102,0.389234,78.498421
Knife\D01187_unified_prepared.obj,0.352028,0.000863,518.454004,0.560521,1.009306,0.186339,2138.639773
Knife\D01189_unified_prepared.obj,0.492327,0.003839,71.610603,1.257995,1.007537,1.174593,1126.027279
Knife\m722_unified_prepared.obj,0.137315,0.000646,54.926564,0.284244,1.000000,0.154309,1089.055302
Knife\m723_unified_prepared.obj,0.220321,0.000915,113.015227,0.253104,1.008971,0.174640,117.911288
Knife\m724_unified_prepared.obj,0.314250,0.003673,20.341077,0.671253,1.002102,0.579363,103.294716
Knife\m725_unified_prepared.obj,0.444151,0.002985,86.963071,0.484248,1.002254,0.405056,103.738210
Knife\m726_unified_prepared.obj,0.434997,0.003933,47.052347,0.595912,1.020096,0.601562,1022.037307
Knife\m727_unified_prepared.obj,0.585356,0.004619,83.138092,0.538620,1.019871,0.446609,418.217715
Knife\m728_unified_prepared.obj,0.486880,0.004386,53.050995,0.449891,1.000038,0.371729,94.386638
MilitaryVehicle\D00017_unified_prepared.obj,6.442889,0.053072,839.561430,2.371083,1.200820,0.353195,8.804144
MilitaryVehicle\D00051_unified_prepared.obj,2.915852,0.096980,23.306720,1.043061,1.101103,0.563122,6.261594
MilitaryVehicle\D00100_unified_prepared.obj,3.803820,0.123171,32.076946,0.812201,1.107771,0.511123,1.357608
MilitaryVehicle\D00173_unified_prepared.obj,4.543514,0.047403,369.077109,1.992080,1.038197,0.367783,6.065957
MilitaryVehicle\D00272_unified_prepared.obj,4.734683,0.050759,364.250617,2.395569,1.044536,0.476955,15.280404
MilitaryVehicle\D00334_unified_prepared.obj,2.538133,0.025916,215.256391,1.441106,1.014604,0.396023,8.693885
MilitaryVehicle\D00458_unified_prepared.obj,3.227585,0.046534,137.292677,1.614913,1.073337,0.427305,10.319335
MilitaryVehicle\D00529_unified_prepared.obj,2.760886,0.036511,139.588697,1.624391,1.013936,0.473287,11.014186
MilitaryVehicle\D00577_unified_prepared.obj,4.349761,0.068558,154.821874,2.073978,1.083362,0.500168,9.350429
MilitaryVehicle\D00611_unified_prepared.obj,3.324139,0.044032,167.514395,1.673179,1.005210,0.448334,13.274024
MilitaryVehicle\D00723_unified_prepared.obj,4.281603,0.068808,146.585085,2.054809,1.083661,0.502643,8.002407
MilitaryVehicle\D00761_unified_prepared.obj,2.502264,0.059813,38.721757,0.967657,1.007909,0.552264,4.837022
MilitaryVehicle\D00778_unified_prepared.obj,3.416082,0.066453,79.819619,1.526894,1.016557,0.616046,9.393001
MilitaryVehicle\D00799_unified_prepared.obj,2.529651,0.049294,58.904477,0.908630,1.148052,0.410209,7.613896
MilitaryVehicle\D00801_unified_prepared.obj,1.940259,0.021450,140.372287,1.458551,1.001355,0.456150,9.443260
MilitaryVehicle\D00918_unified_prepared.obj,5.537271,0.087928,194.169476,1.898463,1.071085,0.531492,4.597689
MilitaryVehicle\D00932_unified_prepared.obj,3.975295,0.075259,98.071390,1.540108,1.048975,0.536060,5.113939
MilitaryVehicle\D00933_unified_prepared.obj,3.344151,0.027101,450.242397,1.808066,1.005746,0.410238,9.034403
MilitaryVehicle\D00952_unified_prepared.obj,5.104960,0.090137,144.783813,1.317593,1.213401,0.279677,18.621965
MilitaryVehicle\D00971_unified_prepared.obj,3.649106,0.042808,234.452931,1.914674,1.010086,0.472879,6.654017
Monitor\D00007_unified_prepared.obj,5.075661,0.085067,159.771609,1.225575,1.060515,0.605595,12.743885
Monitor\D00141_unified_prepared.obj,2.282262,0.043056,56.699369,0.657924,1.023888,0.357053,3.200785
Monitor\D00229_unified_prepared.obj,2.487146,0.047781,59.585191,0.652525,1.137022,0.292500,4.469457
Monitor\D00336_unified_prepared.obj,7.591259,0.353394,30.972136,1.509548,1.135847,1.028337,5.891064
Monitor\D00339_unified_prepared.obj,2.586909,0.069216,31.950332,0.780255,1.173098,0.455682,27.962929
Monitor\D00364_unified_prepared.obj,7.633570,0.354086,31.369913,1.448313,1.063550,1.036382,1.190585
Monitor\D00387_unified_prepared.obj,1.724394,0.039287,29.373721,0.646541,1.116228,0.497422,12.525916
Monitor\D00391_unified_prepared.obj,5.279602,0.025920,1936.792274,2.651167,1.125639,0.423533,52.207007
Monitor\D00412_unified_prepared.obj,2.783165,0.067839,41.419320,0.686340,1.212637,0.336236,4.014174
Monitor\D00444_unified_prepared.obj,3.889405,0.078529,84.360878,1.247632,1.218844,0.488875,17.428859
Monitor\D00469_unified_prepared.obj,3.632378,0.275747,5.573114,0.763660,1.113613,0.767820,2.761382
Monitor\D00548_unified_prepared.obj,5.041139,0.059728,317.520423,2.001686,1.156264,0.570543,26.142146
Monitor\D00659_unified_prepared.obj,4.256606,0.386859,4.556509,0.806952,1.319200,0.786200,1.607781
Monitor\D00852_unified_prepared.obj,6.235072,0.282893,26.781036,1.309467,1.170088,0.948840,2.959911
Monitor\D00863_unified_prepared.obj,2.981641,0.102211,22.434785,0.660885,1.259732,0.495276,23.529980
Monitor\D00915_unified_prepared.obj,3.247224,0.023085,568.103464,0.837405,1.008333,0.192523,49.763943
Monitor\D00919_unified_prepared.obj,5.616799,0.187863,44.394672,1.831362,1.145264,0.874188,19.081561
Monitor\D00920_unified_prepared.obj,2.292588,0.000207,2487393.532478,0.955649,1.125129,0.002923,117.619708
Monitor\D00978_unified_prepared.obj,3.241646,0.216561,6.422197,0.632908,1.069904,0.782191,1.706223
Monitor\D01000_unified_prepared.obj,4.325201,0.012933,4277.430098,1.420672,1.261947,0.109770,17.735407
Monoplane\D00011_unified_prepared.obj,0.631207,0.005516,73.085373,0.233660,1.001332,0.082659,25.193086
Monoplane\D00019_unified_prepared.obj,0.873748,0.008469,82.231772,0.352461,1.001919,0.171122,39.889458
Monoplane\D00043_unified_prepared.obj,0.750988,0.009276,43.525668,0.256015,1.000558,0.130685,29.300146
Monoplane\D00098_unified_prepared.obj,0.948685,0.012663,47.082546,0.307943,1.011629,0.177009,46.416453
Monoplane\D00167_unified_prepared.obj,0.164835,0.000565,124.052096,0.179146,1.000201,0.072666,77.988772
Monoplane\D00169_unified_prepared.obj,0.705629,0.007069,62.159518,0.266761,1.011405,0.114308,82.968990
Monoplane\D00262_unified_prepared.obj,0.707055,0.005521,102.537376,0.369018,1.011321,0.163856,58.797103
Monoplane\D00301_unified_prepared.obj,0.484074,0.004903,41.718918,0.243257,1.008724,0.162174,33.180088
Monoplane\D00304_unified_prepared.obj,0.732502,0.006440,83.804521,0.440648,1.006094,0.224332,38.487553
Monoplane\D00319_unified_prepared.obj,0.655965,0.008140,37.661848,0.243453,1.006518,0.124431,33.213125
Monoplane\D00402_unified_prepared.obj,0.771324,0.009600,44.024691,0.338412,1.010816,0.239255,29.183709
Monoplane\D00482_unified_prepared.obj,0.877877,0.007555,104.790555,0.447596,1.002046,0.217558,40.909977
Monoplane\D00617_unified_prepared.obj,0.836569,0.011562,38.721895,0.282270,1.000000,0.152933,36.015598
Monoplane\D00688_unified_prepared.obj,0.765026,0.005261,143.027289,0.381067,1.000151,0.121492,34.402988
Monoplane\D00798_unified_prepared.obj,0.943360,0.006229,191.321034,0.423495,1.010110,0.126162,36.694806
Monoplane\D00840_unified_prepared.obj,0.903010,0.010966,54.142230,0.331756,1.000000,0.199256,58.488827
Monoplane\D00864_unified_prepared.obj,0.609193,0.005668,62.231727,0.326894,1.002526,0.165577,12.902199
Monoplane\D00925_unified_prepared.obj,0.675017,0.007211,52.297556,0.281300,1.002923,0.170428,41.650195
Monoplane\D00963_unified_prepared.obj,0.445467,0.002444,130.823589,0.321319,1.005282,0.108263,71.309107
Monoplane\D00995_unified_prepared.obj,0.421028,0.002617,96.365489,0.319921,1.001896,0.157037,52.671668
Motorcycle\D00021_unified_prepared.obj,3.618584,0.052120,154.227506,1.222969,1.069863,0.383204,13.748021
Motorcycle\D00039_unified_prepared.obj,2.517728,0.049744,57.029123,0.814270,1.082122,0.401350,15.220652
Motorcycle\D00054_unified_prepared.obj,1.574230,0.011270,271.606198,0.497530,1.014553,0.108078,19.439609
Motorcycle\D00224_unified_prepared.obj,1.718221,0.019911,113.137705,0.702812,1.008658,0.201225,39.919017
Motorcycle\D00269_unified_prepared.obj,1.742444,0.018244,140.527445,0.703511,1.013456,0.187997,29.277617
Motorcycle\D00288_unified_prepared.obj,2.618015,0.039300,102.724675,1.303578,1.045144,0.481309,17.953558
Motorcycle\D00342_unified_prepared.obj,1.725993,0.013409,252.843591,0.685056,1.025072,0.136158,18.992519
Motorcycle\D00345_unified_prepared.obj,2.715422,0.034025,152.920446,1.367153,1.000526,0.384419,20.027965
Motorcycle\D00395_unified_prepared.obj,1.550358,0.012083,225.683748,0.789426,1.021144,0.165957,16.186076
Motorcycle\D00396_unified_prepared.obj,1.586510,0.012021,244.329012,0.682052,1.036572,0.151414,19.688078
Motorcycle\D00476_unified_prepared.obj,2.498861,0.017212,465.678943,0.924236,1.007766,0.177568,23.301707
Motorcycle\D00521_unified_prepared.obj,1.374521,0.012680,142.821361,0.802069,1.003769,0.220441,19.101361
Motorcycle\D00544_unified_prepared.obj,2.570414,0.015578,618.771127,0.869565,1.046406,0.159662,23.256183
Motorcycle\D00594_unified_prepared.obj,2.568053,0.015481,624.804539,0.873755,1.044202,0.159907,24.814536
Motorcycle\D00703_unified_prepared.obj,2.554276,0.023574,265.156070,1.165745,1.044192,0.251625,34.785327
Motorcycle\D00768_unified_prepared.obj,2.064836,0.025044,124.108485,0.753716,1.062453,0.214445,9.564267
Motorcycle\D00858_unified_prepared.obj,1.778741,0.017686,159.092560,0.678947,1.012554,0.144404,16.884179
Motorcycle\D00880_unified_prepared.obj,1.760071,0.025021,77.009377,0.615881,1.005197,0.247232,17.289949
Motorcycle\D00886_unified_prepared.obj,2.337358,0.016698,404.963055,1.046247,1.005203,0.215628,30.536558
Motorcycle\D00945_unified_prepared.obj,2.893767,0.043432,113.586188,1.385478,1.024205,0.509526,20.433659
Motorcycle\m1479_unified_prepared.obj,2.575770,0.015576,622.785668,0.871612,1.046284,0.159701,23.265788
Motorcycle\m1480_unified_prepared.obj,3.620214,0.052112,154.478478,1.223521,1.069862,0.383151,13.740743
Motorcycle\m1481_unified_prepared.obj,1.327848,0.023974,36.016684,0.589267,1.018779,0.342151,38.566846
Motorcycle\m1482_unified_prepared.obj,2.329266,0.016308,420.174693,1.042792,1.005187,0.210604,30.806846
Motorcycle\m1483_unified_prepared.obj,2.554072,0.023937,257.112545,1.165473,1.044200,0.255482,34.755592
Motorcycle\m1484_unified_prepared.obj,1.527341,0.015006,139.907526,0.636050,1.009341,0.157146,46.675424
Mug\D00172_unified_prepared.obj,3.131853,0.059709,76.184611,0.693519,1.012745,0.227180,2.441960
Mug\D00202_unified_prepared.obj,3.555459,0.052307,145.247870,0.863197,1.041120,0.178961,2.149386
Mug\D00227_unified_prepared.obj,4.124806,0.035436,494.168400,0.921453,1.068275,0.119941,6.392342
Mug\D00321_unified_prepared.obj,4.634760,0.025734,1329.249779,1.033529,1.236098,0.070238,2.129059
Mug\D00341_unified_prepared.obj,3.974767,0.065926,127.752083,0.947365,1.149821,0.217042,4.244029
Mug\D00372_unified_prepared.obj,4.177486,0.077360,107.711972,0.858737,1.020740,0.232579,2.561881
Mug\D00427_unified_prepared.obj,2.443782,0.029319,150.118852,0.760590,1.040243,0.180927,11.509413
Mug\D00684_unified_prepared.obj,3.485316,0.119222,26.336779,0.758968,1.036555,0.373558,3.045534
Mug\D00685_unified_prepared.obj,2.182968,0.206052,2.166378,0.492682,1.012726,0.840092,4.622954
Mug\D00705_unified_prepared.obj,2.455748,0.035519,103.796236,0.668960,1.070707,0.183573,3.059505
Mug\D00728_unified_prepared.obj,3.219367,0.027606,387.118240,0.803259,1.001790,0.121329,5.539727
Mug\D00745_unified_prepared.obj,3.882247,0.043482,273.634949,0.854069,1.005946,0.137707,3.845712
Mug\D00747_unified_prepared.obj,2.672729,0.027270,227.011456,0.750429,1.011497,0.127378,3.790975
Mug\D00760_unified_prepared.obj,5.232259,0.161198,48.741280,1.068770,1.011356,0.589822,2.362891
Mug\D00770_unified_prepared.obj,4.017023,0.084043,81.143436,0.738483,1.052042,0.219971,3.017481
Mug\D00825_unified_prepared.obj,3.947279,0.031587,545.044947,0.832110,1.013187,0.104438,4.825499
Mug\D00833_unified_prepared.obj,2.543618,0.258376,2.179708,0.516955,1.104232,0.830833,2.886146
Mug\D00908_unified_prepared.obj,3.854238,0.289165,6.054427,0.978536,1.006187,1.319606,5.595421
Mug\D00913_unified_prepared.obj,3.190370,0.049154,118.835200,0.773932,1.124948,0.165352,3.753950
Mug\D00923_unified_prepared.obj,4.435359,0.093345,88.542977,0.900172,1.262725,0.231873,1.921244
Mug\m503_unified_prepared.obj,3.601571,0.048475,175.785744,0.701615,1.012724,0.158852,2.284779
Mug\m504_unified_prepared.obj,3.485873,0.119251,26.336549,0.759258,1.036638,0.373559,3.045355
Mug\m506_unified_prepared.obj,2.506031,0.012142,943.925123,0.914298,1.046193,0.068765,4.377982
Mug\m507_unified_prepared.obj,3.439442,0.042978,194.769312,0.917625,1.072222,0.162310,2.905357
Mug\m508_unified_prepared.obj,3.265218,0.041453,179.134575,0.798439,1.096379,0.172056,17.916982
Mug\m509_unified_prepared.obj,4.281119,0.085745,94.362881,0.888377,1.190758,0.233497,3.951565
MultiSeat\D00036_unified_prepared.obj,3.799088,0.116911,35.471240,1.282752,1.163406,0.498718,8.387800
MultiSeat\D00046_unified_prepared.obj,4.793021,0.278538,12.548936,0.862407,1.369136,0.606074,4.075427
MultiSeat\D00053_unified_prepared.obj,2.889975,0.106893,18.678098,1.415829,1.080414,0.876062,117.481297
MultiSeat\D00145_unified_prepared.obj,2.568525,0.056401,47.101255,1.341656,1.072231,0.483538,18.903225
MultiSeat\D00146_unified_prepared.obj,4.016943,0.106606,50.427909,1.596218,1.126645,0.768476,12.281402
MultiSeat\D00237_unified_prepared.obj,2.509514,0.079503,22.107720,1.218353,1.056023,0.582387,12.268124
MultiSeat\D00245_unified_prepared.obj,3.551467,0.097546,41.624580,1.572571,1.134270,0.585014,9.688988
MultiSeat\D00263_unified_prepared.obj,4.745640,0.148557,42.819955,1.314331,1.184547,0.563751,9.182645
MultiSeat\D00273_unified_prepared.obj,3.920599,0.067673,116.353015,2.029722,1.048410,0.639452,14.436091
MultiSeat\D00285_unified_prepared.obj,4.719773,0.125653,58.879995,1.580710,1.129520,0.648474,6.723332
MultiSeat\D00289_unified_prepared.obj,1.719383,0.062069,11.665857,1.022340,1.091542,0.588786,24.917601
MultiSeat\D00329_unified_prepared.obj,2.852654,0.067231,45.410011,0.959167,1.132793,0.301149,15.029856
MultiSeat\D00586_unified_prepared.obj,3.188450,0.065683,66.432601,1.888939,1.074306,0.684068,16.439659
MultiSeat\D00588_unified_prepared.obj,4.253255,0.104927,61.792904,1.734862,1.060174,0.753262,15.674221
MultiSeat\D00607_unified_prepared.obj,4.338525,0.115314,54.301714,1.870701,1.113961,0.676354,9.738360
MultiSeat\D00637_unified_prepared.obj,3.520739,0.129305,23.079181,1.227692,1.072139,0.680798,5.344578
MultiSeat\D00648_unified_prepared.obj,3.413714,0.109773,29.190288,1.452730,1.110348,0.655405,18.422928
MultiSeat\D00652_unified_prepared.obj,2.660645,0.077499,27.727963,0.993419,1.172345,0.486442,11.939346
MultiSeat\D00749_unified_prepared.obj,2.828595,0.062524,51.187892,1.294203,1.062359,0.554929,11.968725
MultiSeat\D00985_unified_prepared.obj,3.072310,0.133094,14.475172,0.834881,1.240419,0.508470,8.480435
MultiSeat\m774_unified_prepared.obj,1.194930,0.004687,686.685931,0.307022,1.283280,0.019345,8.708865
MultiSeat\m775_unified_prepared.obj,1.719830,0.010966,374.009084,0.535774,1.186466,0.060853,14.927323
MultiSeat\m776_unified_prepared.obj,0.689472,0.000660,6643.571320,0.404375,1.032865,0.011257,76.984992
MultiSeat\m777_unified_prepared.obj,0.720285,0.001070,2885.760545,0.409091,1.013245,0.020286,51.525326
MultiSeat\m778_unified_prepared.obj,3.119564,0.056349,84.538384,0.755643,1.369500,0.221262,10.683831
MultiSeat\m779_unified_prepared.obj,0.614576,0.002241,408.844116,0.390816,1.035141,0.046943,35.560976
MultiSeat\m780_unified_prepared.obj,1.990229,0.012572,441.027599,0.400653,1.171409,0.048085,3.477765
MultiSeat\m781_unified_prepared.obj,1.727549,0.008564,621.558619,0.457143,1.158953,0.041386,9.068043
MultiSeat\m782_unified_prepared.obj,1.026805,0.012708,59.273863,0.409332,1.053046,0.145391,8.308632
MultiSeat\m783_unified_prepared.obj,1.107786,0.008112,182.672254,0.496363,1.138649,0.081459,25.530869
MultiSeat\m784_unified_prepared.obj,1.594718,0.028708,43.509094,0.964637,1.056836,0.489539,29.374255
MultiSeat\m829_unified_prepared.obj,1.926669,0.024479,105.531855,1.260074,1.029302,0.433056,35.052078
MultiSeat\m830_unified_prepared.obj,2.547668,0.053993,50.154333,1.415502,1.065590,0.668712,60.909849
MultiSeat\m831_unified_prepared.obj,2.311787,0.029821,122.841335,0.967898,1.091869,0.232511,22.135151
MultiSeat\m832_unified_prepared.obj,2.794800,0.037563,136.795926,1.430704,1.078813,0.374375,8.880900
MultiSeat\m833_unified_prepared.obj,4.092119,0.053567,211.153451,1.591278,1.058971,0.385436,16.517776
MultiSeat\m834_unified_prepared.obj,2.214439,0.053068,34.093342,0.829725,1.053433,0.395425,8.336693
MultiSeat\m835_unified_prepared.obj,2.947504,0.054017,77.596818,1.140113,1.090963,0.402308,18.075011
MultiSeat\m836_unified_prepared.obj,2.167250,0.133629,5.040520,0.754721,1.173475,0.718115,18.586327
MultiSeat\m837_unified_prepared.obj,3.142015,0.070104,55.806831,1.379514,1.029184,0.557114,19.240744
MultiSeat\m838_unified_prepared.obj,2.807078,0.095007,21.667132,1.049920,1.044321,0.647541,12.530489
MultiSeat\m839_unified_prepared.obj,2.852651,0.067231,45.409688,0.959167,1.132793,0.301150,15.029861
MultiSeat\m840_unified_prepared.obj,3.007308,0.165503,8.779459,0.695283,1.148265,0.615123,2.734099
MultiSeat\m841_unified_prepared.obj,2.852609,0.023020,387.314195,0.935329,1.237696,0.136773,11.864261
MultiSeat\m843_unified_prepared.obj,4.333473,0.097997,74.925060,1.864180,1.079625,0.796770,17.784106
Musical_Instrument\m625_unified_prepared.obj,0.657418,0.007354,46.452270,0.628483,1.005152,0.485267,636.010277
Musical_Instrument\m626_unified_prepared.obj,0.449200,0.003011,88.369140,0.633270,1.002522,0.424586,1577.058492
Musical_Instrument\m627_unified_prepared.obj,0.578936,0.003554,135.846101,0.640281,1.004393,0.229940,127.521382
Musical_Instrument\m628_unified_prepared.obj,0.536959,0.003400,118.432402,0.748873,1.003076,0.422047,742.244079
Musical_Instrument\m629_unified_prepared.obj,0.437912,0.002969,84.219110,0.612574,1.000338,0.471983,1810.431096
Musical_Instrument\m630_unified_prepared.obj,0.838965,0.008807,67.311079,0.779626,1.000961,0.524120,228.551560
Musical_Instrument\m631_unified_prepared.obj,0.794970,0.006394,108.655598,0.789870,1.001780,0.401773,262.354933
Musical_Instrument\m632_unified_prepared.obj,0.666634,0.007396,47.887519,0.664404,1.004010,0.553930,430.120120
Musical_Instrument\m633_unified_prepared.obj,0.745561,0.000698,7511.911063,0.624592,1.028178,0.042757,325.595679
Musical_Instrument\m634_unified_prepared.obj,0.559605,0.004287,84.299175,0.635635,1.004116,0.396676,722.897539
Musical_Instrument\m635_unified_prepared.obj,0.703282,0.004924,126.871779,0.841851,1.002328,0.449594,200.234322
Musical_Instrument\m637_unified_prepared.obj,0.432727,0.003115,73.847731,0.553553,1.009524,0.330640,1146.967466
Musical_Instrument\m638_unified_prepared.obj,0.781111,0.002687,583.790980,0.861802,1.003088,0.154171,218.406656
Musical_Instrument\m639_unified_prepared.obj,1.184964,0.003024,1608.791224,1.063908,1.002002,0.106132,118.256097
Musical_Instrument\m640_unified_prepared.obj,0.707568,0.024027,5.425726,0.550119,1.012096,0.668241,121.259254
Musical_Instrument\m641_unified_prepared.obj,0.854474,0.002336,1010.575807,0.934488,1.002052,0.123022,128.877176
Musical_Instrument\m643_unified_prepared.obj,2.802905,0.058242,57.398604,0.611050,1.078956,0.261541,3.198647
Musical_Instrument\m644_unified_prepared.obj,2.519027,0.057616,42.575594,0.543762,1.183771,0.235098,2.495117
Musical_Instrument\m645_unified_prepared.obj,2.731690,0.039830,113.612195,0.769732,1.066325,0.219220,4.740851
Musical_Instrument\m646_unified_prepared.obj,3.977855,0.013391,3103.432097,1.050151,1.102893,0.063752,5.469333
Musical_Instrument\m647_unified_prepared.obj,2.277115,0.011890,738.486226,0.868202,1.073728,0.096654,4.393266
NonWheelChair\D00037_unified_prepared.obj,2.677177,0.033807,148.447431,0.636224,1.267697,0.083826,3.304971
NonWheelChair\D00101_unified_prepared.obj,1.154050,0.019513,35.693047,0.450524,1.010829,0.172260,5.644351
NonWheelChair\D00170_unified_prepared.obj,1.318005,0.015896,80.115339,0.388759,1.060557,0.121054,3.039182
NonWheelChair\D00185_unified_prepared.obj,1.566799,0.013948,174.802659,0.497162,1.095021,0.086894,3.504931
NonWheelChair\D00240_unified_prepared.obj,0.901577,0.009888,66.270371,0.367265,1.129233,0.083536,9.241678
NonWheelChair\D00306_unified_prepared.obj,2.127050,0.046838,38.786023,0.579160,1.116753,0.206210,2.806441
NonWheelChair\D00357_unified_prepared.obj,1.680127,0.043923,21.736951,0.435254,1.265788,0.179294,2.061685
NonWheelChair\D00419_unified_prepared.obj,1.324401,0.013706,109.349445,0.469173,1.047064,0.100083,6.740403
NonWheelChair\D00443_unified_prepared.obj,1.714224,0.012803,271.722287,0.636732,1.061173,0.100258,8.462885
NonWheelChair\D00445_unified_prepared.obj,1.181781,0.007523,257.826663,0.544614,1.057124,0.082061,7.020948
NonWheelChair\D00480_unified_prepared.obj,0.917862,0.007522,120.831808,0.353907,1.024545,0.062092,8.051203
NonWheelChair\D00481_unified_prepared.obj,0.985577,0.004704,382.549603,0.460739,1.073943,0.050604,8.457516
NonWheelChair\D00512_unified_prepared.obj,1.734856,0.012628,289.508074,0.534834,1.106912,0.076884,3.014918
NonWheelChair\D00694_unified_prepared.obj,1.595576,0.020236,87.710394,0.489067,1.277531,0.076323,7.277534
NonWheelChair\D00707_unified_prepared.obj,2.026802,0.054334,24.936945,0.705547,1.095707,0.299544,2.160437
NonWheelChair\D00741_unified_prepared.obj,0.812250,0.010323,44.461338,0.290889,1.068132,0.074977,4.535868
NonWheelChair\D00853_unified_prepared.obj,1.101093,0.002357,2125.330125,0.238123,1.100264,0.010951,2.214549
NonWheelChair\D00914_unified_prepared.obj,1.204580,0.026276,22.383993,0.334305,1.235766,0.113792,1.271062
NonWheelChair\D00928_unified_prepared.obj,0.643286,0.004604,111.032879,0.347845,1.038769,0.067026,8.111671
NonWheelChair\D00936_unified_prepared.obj,1.201973,0.011409,117.968022,0.453403,1.081178,0.084224,6.743222
NonWheelChair\m785_unified_prepared.obj,1.191863,0.013682,79.966951,0.392797,1.126247,0.061936,4.240946
NonWheelChair\m786_unified_prepared.obj,1.574002,0.051318,13.092760,0.355994,1.187564,0.140184,2.801433
NonWheelChair\m787_unified_prepared.obj,1.019925,0.020611,22.082902,0.458207,1.082055,0.134584,5.293179
NonWheelChair\m788_unified_prepared.obj,0.532663,0.009528,14.719315,0.346700,1.031499,0.154914,13.762286
NonWheelChair\m789_unified_prepared.obj,1.294814,0.027800,24.836605,0.501907,1.086287,0.178530,7.597075
NonWheelChair\m790_unified_prepared.obj,0.590087,0.005220,66.667614,0.172014,1.107750,0.032772,5.080546
NonWheelChair\m791_unified_prepared.obj,2.596855,0.039050,101.542284,1.002004,1.226665,0.150951,3.593320
NonWheelChair\m793_unified_prepared.obj,2.261379,0.021992,211.412882,0.539585,1.053289,0.109490,3.554303
NonWheelChair\m794_unified_prepared.obj,1.420284,0.009517,279.697971,0.409516,1.046349,0.051659,3.000037
NonWheelChair\m795_unified_prepared.obj,2.090395,0.024260,137.231213,0.930670,1.048268,0.233582,6.021108
NonWheelChair\m796_unified_prepared.obj,1.961613,0.030698,70.823474,0.600048,1.025280,0.173461,2.277821
NonWheelChair\m797_unified_prepared.obj,2.180235,0.015057,404.201210,0.612652,1.038686,0.096161,1.558755
NonWheelChair\m798_unified_prepared.obj,2.156811,0.029104,104.735428,0.512110,1.144429,0.133708,2.655550
NonWheelChair\m799_unified_prepared.obj,2.287280,0.034321,89.821509,0.533213,1.312696,0.110235,4.005071
NonWheelChair\m800_unified_prepared.obj,1.387109,0.030818,24.847017,0.419037,1.052097,0.177453,3.159826
NonWheelChair\m801_unified_prepared.obj,1.869982,0.021729,122.454033,0.806999,1.029753,0.197239,5.978032
NonWheelChair\m804_unified_prepared.obj,1.571563,0.039056,22.499745,0.374433,1.166776,0.177264,1.722185
NonWheelChair\m805_unified_prepared.obj,1.036452,0.018227,29.633103,0.298276,1.034871,0.108296,5.118459
NonWheelChair\m806_unified_prepared.obj,0.701626,0.011874,21.660075,0.398763,1.015101,0.165764,4.743524
NonWheelChair\m807_unified_prepared.obj,0.934640,0.013819,37.800895,0.346291,1.065023,0.136309,8.031149
NonWheelChair\m808_unified_prepared.obj,0.842177,0.007503,93.808552,0.309029,1.027121,0.059811,5.669368
NonWheelChair\m809_unified_prepared.obj,0.529668,0.002606,193.528953,0.508413,1.041011,0.078937,81.661934
NonWheelChair\m810_unified_prepared.obj,0.975557,0.009946,82.985321,0.495094,1.059509,0.105469,4.502047
NonWheelChair\m811_unified_prepared.obj,1.523784,0.010837,266.386976,0.483722,1.073313,0.071690,3.606599
NonWheelChair\m812_unified_prepared.obj,1.253036,0.008190,259.311581,0.395949,1.066208,0.063272,3.544082
NonWheelChair\m813_unified_prepared.obj,1.023678,0.005834,278.673821,0.351080,1.047092,0.055175,4.082223
NonWheelChair\m814_unified_prepared.obj,1.523092,0.010179,301.514204,0.470873,1.036722,0.075433,3.063812
NonWheelChair\m815_unified_prepared.obj,1.329754,0.008089,317.751480,0.477199,1.061371,0.063807,3.971426
NonWheelChair\m816_unified_prepared.obj,1.103684,0.006801,257.013369,0.466463,1.045909,0.064949,4.119032
NonWheelChair\m817_unified_prepared.obj,1.481150,0.017112,98.121340,0.378736,1.073764,0.106888,4.408362
NonWheelChair\m818_unified_prepared.obj,1.246783,0.013443,94.828578,0.284615,1.059555,0.098300,2.729247
NonWheelChair\m819_unified_prepared.obj,2.286299,0.004103,6277.546678,0.848580,1.047445,0.037866,9.808436
NonWheelChair\m820_unified_prepared.obj,1.219102,0.015730,64.742419,0.315210,1.033439,0.119992,5.445438
NonWheelChair\m821_unified_prepared.obj,1.016660,0.008059,143.069266,0.339887,1.012808,0.099625,1.548197
NonWheelChair\m822_unified_prepared.obj,0.980519,0.010324,78.206261,0.365548,1.027363,0.081645,4.725232
NonWheelChair\m823_unified_prepared.obj,1.023989,0.014664,44.149596,0.307024,1.031685,0.099483,3.549731
NonWheelChair\m824_unified_prepared.obj,1.351360,0.016503,80.121757,0.435803,1.073878,0.121056,3.588326
NonWheelChair\m826_unified_prepared.obj,0.979275,0.009795,86.544893,0.376072,1.051502,0.074858,6.920892
NonWheelChair\m827_unified_prepared.obj,0.670545,0.006354,66.022268,0.280389,1.036178,0.084938,8.807264
NonWheelChair\m828_unified_prepared.obj,0.898636,0.013642,34.478175,0.289342,1.058225,0.113259,1.777403
PianoBoard\D00008_unified_prepared.obj,3.466380,0.093309,42.298935,0.855471,1.225368,0.304886,4.711072
PianoBoard\D00065_unified_prepared.obj,1.377291,0.010056,228.436745,0.882980,1.067550,0.191253,40.259676
PianoBoard\D00075_unified_prepared.obj,2.811354,0.188553,5.526213,0.856599,1.198576,0.750988,134.340927
PianoBoard\D00104_unified_prepared.obj,3.778590,0.134667,26.303718,1.281740,1.227226,0.620381,49.223248
PianoBoard\D00122_unified_prepared.obj,3.427351,0.162402,13.497087,0.972098,1.324705,0.573261,27.594103
PianoBoard\D00181_unified_prepared.obj,5.858480,0.110161,146.501993,1.521373,1.185660,0.528846,19.521930
PianoBoard\D00212_unified_prepared.obj,6.754281,0.023121,5096.568549,2.413317,1.190359,0.109984,34.830585
PianoBoard\D00235_unified_prepared.obj,3.039078,0.048850,104.002753,0.762636,1.039764,0.281535,5.500169
PianoBoard\D00253_unified_prepared.obj,2.742419,0.117521,13.204362,1.044602,1.180499,0.644670,21.667415
PianoBoard\D00332_unified_prepared.obj,2.913061,0.137241,11.604575,0.954123,1.214779,0.634487,61.150235
PianoBoard\D00381_unified_prepared.obj,2.374040,0.041423,68.950657,0.890468,1.176854,0.313958,39.286511
PianoBoard\D00441_unified_prepared.obj,3.658785,0.187003,12.383986,0.858828,1.362570,0.594174,12.334596
PianoBoard\D00460_unified_prepared.obj,3.885382,0.144073,24.985247,1.244408,1.196366,0.645465,22.826678
PianoBoard\D00623_unified_prepared.obj,4.410868,0.052652,273.710221,1.338324,1.140883,0.255853,10.467528
PianoBoard\D00718_unified_prepared.obj,2.738063,0.051813,67.607544,0.980204,1.133451,0.353130,17.812051
PianoBoard\D00721_unified_prepared.obj,2.671319,0.185339,4.906744,0.626010,1.183787,0.710159,25.932929
PianoBoard\D00755_unified_prepared.obj,6.011368,0.201192,47.450863,1.953613,1.268574,0.722181,14.908712
PianoBoard\D00885_unified_prepared.obj,6.208485,0.168208,74.784005,1.705044,1.323544,0.578269,15.062665
PianoBoard\D00962_unified_prepared.obj,4.922396,0.188336,29.731016,1.075627,1.322288,0.529447,9.418976
PianoBoard\D00966_unified_prepared.obj,3.241340,0.161544,11.538203,1.096103,1.265174,0.747282,39.400757
PlantIndoors\D00049_unified_prepared.obj,1.794448,0.026771,71.286307,0.368889,1.032085,0.101506,2.116777
PlantIndoors\D00073_unified_prepared.obj,1.699538,0.024538,72.090461,0.484570,1.012310,0.148969,2.938786
PlantIndoors\D00080_unified_prepared.obj,1.272647,0.006237,468.493536,0.288760,1.018727,0.027994,3.679733
PlantIndoors\D00087_unified_prepared.obj,4.036089,0.022769,1121.399876,0.777475,1.095787,0.051877,3.246063
PlantIndoors\D00128_unified_prepared.obj,2.113279,0.029023,99.065953,0.434100,1.045250,0.108990,4.249513
PlantIndoors\D00159_unified_prepared.obj,2.349533,0.024970,183.927064,0.438056,1.012407,0.075872,2.554261
PlantIndoors\D00238_unified_prepared.obj,5.494463,0.020596,3457.534302,1.100639,1.030239,0.074996,1.570312
PlantIndoors\D00280_unified_prepared.obj,4.882784,0.064791,245.200414,0.880498,1.158298,0.138563,7.791111
PlantIndoors\D00370_unified_prepared.obj,7.159334,0.036299,2462.489962,1.781421,1.046471,0.146289,3.477863
PlantIndoors\D00379_unified_prepared.obj,5.014607,0.044335,567.236519,0.879292,1.084730,0.118732,1.292946
PlantIndoors\D00466_unified_prepared.obj,2.429192,0.029469,145.954269,0.490998,1.005979,0.098690,1.654427
PlantIndoors\D00491_unified_prepared.obj,3.832624,0.035626,392.193933,0.741873,1.100804,0.109132,3.793985
PlantIndoors\D00595_unified_prepared.obj,6.483534,0.040209,1490.505150,1.406815,1.058601,0.147781,1.325016
PlantIndoors\D00609_unified_prepared.obj,2.627543,0.006197,4177.020898,0.555050,1.056657,0.018861,1.807695
PlantIndoors\D00622_unified_prepared.obj,3.013055,0.021487,523.857348,0.927872,1.044495,0.119578,20.571755
PlantIndoors\D00624_unified_prepared.obj,6.907142,0.064742,695.133529,1.273882,1.120045,0.166239,2.641187
PlantIndoors\D00657_unified_prepared.obj,1.358799,0.007924,353.326397,0.606601,1.000992,0.104138,8.940203
PlantIndoors\D00667_unified_prepared.obj,2.304230,0.016472,398.709543,0.441378,1.054526,0.056068,1.406094
PlantIndoors\D00800_unified_prepared.obj,1.970294,0.017655,216.971476,0.430533,1.038307,0.068662,1.258058
PlantIndoors\D00968_unified_prepared.obj,1.955940,0.016723,236.570284,0.363417,1.023041,0.061153,29.082697
PlantIndoors\m1000_unified_prepared.obj,1.791099,0.026923,70.089186,0.373007,1.031218,0.102320,2.117463
PlantIndoors\m1001_unified_prepared.obj,1.700437,0.024542,72.178916,0.484978,1.012368,0.148971,2.939957
PlantIndoors\m1002_unified_prepared.obj,18.556708,0.040150,35048.752623,3.675699,1.017943,0.118274,1.528368
PlantIndoors\m1003_unified_prepared.obj,4.917071,0.046299,490.373736,0.862188,1.084732,0.123991,1.295973
PlantIndoors\m1004_unified_prepared.obj,2.039330,0.018577,217.301563,0.433874,1.055900,0.068696,1.264929
PlantIndoors\m1005_unified_prepared.obj,0.845693,0.005317,189.171365,0.348173,1.049251,0.046652,6.635852
PlantIndoors\m1006_unified_prepared.obj,1.496161,0.009305,342.018703,0.336969,1.018298,0.043844,1.929426
PlantIndoors\m1007_unified_prepared.obj,7.159352,0.036299,2462.496937,1.781420,1.046471,0.146289,3.477863
PlantIndoors\m1008_unified_prepared.obj,2.518276,0.014547,667.297768,0.471887,1.036657,0.042664,1.840080
PlantIndoors\m1009_unified_prepared.obj,7.694399,0.010784,34634.367728,2.277008,1.091708,0.066748,11.911363
PlantIndoors\m1010_unified_prepared.obj,3.882321,0.017397,1709.611253,0.897688,1.017992,0.068290,2.217710
PlantIndoors\m1011_unified_prepared.obj,1.517799,0.012938,184.692608,0.295131,1.066886,0.039742,6.722357
PlantIndoors\m1012_unified_prepared.obj,1.713722,0.015079,195.719435,0.402092,1.019889,0.058477,1.585222
PlantIndoors\m1013_unified_prepared.obj,6.818543,0.044432,1419.810909,1.165858,1.111158,0.112357,2.940441
PlantIndoors\m1014_unified_prepared.obj,6.570829,0.041201,1477.714680,1.381333,1.071861,0.145876,1.327333
PlantIndoors\m1015_unified_prepared.obj,1.530835,0.022427,63.067958,0.576113,1.014189,0.182715,5.159593
PlantIndoors\m1016_unified_prepared.obj,2.394175,0.011464,923.376295,0.622001,1.005144,0.078297,32.217578
PlantIndoors\m1017_unified_prepared.obj,3.000614,0.021559,513.934240,0.923773,1.043516,0.120016,20.520588
PlantIndoors\m1018_unified_prepared.obj,6.672656,0.062340,675.934229,1.237139,1.112302,0.163449,2.608833
PlantIndoors\m1020_unified_prepared.obj,5.418972,0.019148,3837.410812,1.089974,1.025482,0.070700,1.548984
PlantIndoors\m1021_unified_prepared.obj,1.916845,0.016516,228.282638,0.356170,1.023055,0.060393,29.039392
PlantIndoors\m1022_unified_prepared.obj,4.883133,0.064798,245.202360,0.880515,1.158338,0.138562,7.789864
PlantIndoors\m1023_unified_prepared.obj,2.428577,0.029714,143.439234,0.491068,1.005941,0.099525,1.654598
PlantIndoors\m1025_unified_prepared.obj,2.694943,0.010934,1447.572469,0.563009,1.069371,0.032106,1.749981
PlantIndoors\m1026_unified_prepared.obj,2.546346,0.032751,136.098825,0.448302,1.099627,0.098318,1.809685
PlantIndoors\m1027_unified_prepared.obj,4.067069,0.025736,898.039504,0.784117,1.096597,0.058510,3.362565
PlantIndoors\m1029_unified_prepared.obj,1.256906,0.004686,799.655139,0.457989,1.027191,0.037374,7.541594
PlantIndoors\m1030_unified_prepared.obj,2.016349,0.044521,36.569101,0.428406,1.032681,0.157896,1.800420
PlantIndoors\m1031_unified_prepared.obj,2.610376,0.006783,3418.669796,0.598576,1.041892,0.030451,5.227893
PlantIndoors\m1032_unified_prepared.obj,1.289081,0.014133,94.826557,0.278060,1.079439,0.055556,4.429166
PlantIndoors\m1033_unified_prepared.obj,0.155154,0.009532,0.363440,0.069178,1.011674,0.109675,6.043288
PlantIndoors\m1034_unified_prepared.obj,0.304583,0.002989,27.966088,0.138116,1.017656,0.042779,9.870197
PlantIndoors\m1035_unified_prepared.obj,3.599572,0.130240,24.311335,0.652654,1.249038,0.330811,1.649896
PlantIndoors\m1036_unified_prepared.obj,0.684092,0.005742,85.846607,0.269848,1.043495,0.075830,15.189937
PlantIndoors\m989_unified_prepared.obj,6.228147,0.055571,691.715894,1.682509,1.024412,0.273056,5.589918
PlantIndoors\m990_unified_prepared.obj,3.929743,0.060815,145.082850,0.683710,1.102100,0.169539,2.815237
PlantIndoors\m991_unified_prepared.obj,1.439427,0.021230,58.510746,0.283043,1.048356,0.075538,3.942844
PlantIndoors\m992_unified_prepared.obj,1.770548,0.018683,140.595049,0.321325,1.159623,0.054643,4.150534
PlantIndoors\m993_unified_prepared.obj,0.547195,0.009685,15.443447,0.563859,1.025373,0.501233,38.043065
PlantIndoors\m994_unified_prepared.obj,1.681592,0.013331,236.590492,0.375837,1.020436,0.055636,1.441141
PlantIndoors\m995_unified_prepared.obj,3.491734,0.073275,70.106679,0.716714,1.084826,0.219587,3.600953
PlantIndoors\m996_unified_prepared.obj,1.191959,0.009328,172.104557,0.366294,1.006178,0.071992,6.066473
PlantIndoors\m997_unified_prepared.obj,4.043463,0.048804,245.410640,0.813568,1.024662,0.151796,1.451213
PlantIndoors\m998_unified_prepared.obj,0.482801,0.006221,25.709147,0.187863,1.043574,0.059489,7.287757
PlantIndoors\m999_unified_prepared.obj,2.121420,0.037828,58.993469,0.545270,1.009258,0.209377,1.959129
PlantWildNonTree\m1052_unified_prepared.obj,1.901542,0.002190,12673.137974,0.326232,1.067333,0.006164,1.488831
PlantWildNonTree\m961_unified_prepared.obj,10.920801,0.093474,1318.047413,2.889049,1.037056,0.403198,5.104804
PlantWildNonTree\m962_unified_prepared.obj,1.413012,0.003613,1910.503280,0.289829,1.034944,0.009981,1.807730
PlantWildNonTree\m963_unified_prepared.obj,1.430774,0.006623,590.423587,0.324038,1.013443,0.022091,2.186764
PlantWildNonTree\m964_unified_prepared.obj,0.495886,0.001391,556.996859,0.152822,1.027375,0.010090,12.713672
PlantWildNonTree\m965_unified_prepared.obj,0.503011,0.001240,732.002778,0.131096,1.021545,0.008612,13.424666
PlantWildNonTree\m966_unified_prepared.obj,5.372835,0.005539,44702.319288,1.553365,1.016928,0.023407,3.404060
PlantWildNonTree\m967_unified_prepared.obj,0.565709,0.000863,2148.747147,0.368331,1.000521,0.019832,47.571883
PlantWildNonTree\m968_unified_prepared.obj,0.945092,0.003973,472.911899,0.269345,1.017541,0.024782,5.469062
PlantWildNonTree\m971_unified_prepared.obj,1.950226,0.000539,225350.382814,0.611487,1.031553,0.004445,9.135239
PlantWildNonTree\m972_unified_prepared.obj,2.051545,0.001005,75638.607667,0.632116,1.023270,0.007897,6.742309
PlantWildNonTree\m973_unified_prepared.obj,1.173076,0.001454,6748.199482,0.311637,1.057294,0.009434,2.492893
PlantWildNonTree\m974_unified_prepared.obj,0.212548,0.000143,4144.672618,0.175101,1.007872,0.009804,732.816156
PlantWildNonTree\m975_unified_prepared.obj,0.727103,0.004277,185.782753,0.389700,1.004183,0.122978,14.984551
PlantWildNonTree\m976_unified_prepared.obj,2.156811,0.031072,91.885802,0.562487,1.029819,0.218231,2.212156
PlantWildNonTree\m977_unified_prepared.obj,0.352546,0.000053,136101.433112,0.111829,1.003802,0.000508,39.816218
PlantWildNonTree\m978_unified_prepared.obj,1.614579,0.001827,11146.426139,0.708211,1.000076,0.022844,30.872656
PlantWildNonTree\m979_unified_prepared.obj,1.222216,0.000218,339863.821740,0.554131,1.001365,0.002197,13.474708
PlantWildNonTree\m980_unified_prepared.obj,0.369358,0.000401,2771.367706,0.184007,1.008043,0.008302,6.879779
PlantWildNonTree\m981_unified_prepared.obj,0.226923,0.001990,26.077750,0.146783,1.004557,0.066806,5.211758
PlantWildNonTree\m982_unified_prepared.obj,0.372083,0.001305,267.302729,0.223341,1.007399,0.025204,35.433387
PlantWildNonTree\m983_unified_prepared.obj,1.988649,0.017090,238.099338,0.397845,1.041235,0.085064,2.428275
PlantWildNonTree\m984_unified_prepared.obj,1.052268,0.001244,6652.736141,0.427658,1.002298,0.014767,7.711250
PlantWildNonTree\m985_unified_prepared.obj,2.548260,0.007126,2881.351157,1.133239,1.013162,0.132353,22.056387
PlantWildNonTree\m986_unified_prepared.obj,1.342075,0.000809,32618.182206,0.471872,1.011029,0.010434,8.922960
PlantWildNonTree\m987_unified_prepared.obj,1.050572,0.001282,6241.265286,0.426134,1.003103,0.015255,7.708588
PlantWildNonTree\m988_unified_prepared.obj,0.504910,0.000781,1864.558061,0.493779,1.001155,0.038176,22.933644
Quadruped\D00111_unified_prepared.obj,1.184484,0.058566,4.284002,0.516463,1.021368,0.591182,16.718279
Quadruped\D00150_unified_prepared.obj,1.492256,0.084423,4.122409,0.491228,1.086699,0.529534,12.018758
Quadruped\D00218_unified_prepared.obj,0.986890,0.043918,4.406281,0.445271,1.035023,0.445790,22.352189
Quadruped\D00226_unified_prepared.obj,0.916916,0.041258,4.004238,0.382990,1.004386,0.420475,20.978707
Quadruped\D00261_unified_prepared.obj,0.919631,0.041510,3.991008,0.380617,1.006447,0.420451,20.636392
Quadruped\D00326_unified_prepared.obj,0.783624,0.023466,7.726575,0.344732,1.031157,0.305660,31.397468
Quadruped\D00380_unified_prepared.obj,1.010535,0.031729,9.063078,0.419300,1.000596,0.335953,31.459813
Quadruped\D00409_unified_prepared.obj,0.911996,0.031728,6.662745,0.382759,1.014429,0.361944,32.819942
Quadruped\D00508_unified_prepared.obj,0.697595,0.019775,7.675819,0.359867,1.001900,0.314688,25.199416
Quadruped\D00509_unified_prepared.obj,0.662654,0.018918,7.188690,0.408975,1.000020,0.381025,47.456301
Quadruped\D00583_unified_prepared.obj,0.538949,0.012808,8.437226,0.308373,1.052858,0.331200,19.788597
Quadruped\D00663_unified_prepared.obj,1.216295,0.031739,15.793132,0.470122,1.059596,0.304525,35.247539
Quadruped\D00700_unified_prepared.obj,0.840240,0.026833,7.284668,0.395110,1.034469,0.332908,29.679664
Quadruped\D00757_unified_prepared.obj,1.499819,0.070599,5.984986,0.502674,1.024817,0.443432,15.696562
Quadruped\D00794_unified_prepared.obj,0.808043,0.029927,5.208792,0.335315,1.009005,0.355535,32.395496
Quadruped\D00795_unified_prepared.obj,1.781665,0.038392,33.927528,0.811624,1.007389,0.409809,16.940192
Quadruped\D00831_unified_prepared.obj,0.803537,0.024422,7.691211,0.301197,1.027436,0.220427,10.750433
Quadruped\D00841_unified_prepared.obj,0.800935,0.021009,10.293095,0.378821,1.012355,0.281885,27.262421
Quadruped\D00867_unified_prepared.obj,0.800889,0.024336,7.669509,0.271784,1.007386,0.202079,14.065437
Quadruped\D00934_unified_prepared.obj,0.758597,0.021285,8.520257,0.319928,1.015959,0.238789,19.936203
Quadruped\m100_unified_prepared.obj,1.147514,0.065484,3.115658,0.467024,1.002592,0.648776,8.552893
Quadruped\m101_unified_prepared.obj,2.852898,0.134717,11.312659,0.998028,1.018568,0.822435,12.302278
Quadruped\m102_unified_prepared.obj,1.164392,0.070726,2.790504,0.538080,1.013298,0.714979,8.931560
Quadruped\m103_unified_prepared.obj,1.041784,0.015851,39.791451,0.541188,1.023225,0.296800,26.834043
Quadruped\m104_unified_prepared.obj,0.805648,0.024792,7.522641,0.387368,1.019312,0.436921,37.946735
Quadruped\m105_unified_prepared.obj,0.797888,0.024715,7.352786,0.363927,1.008318,0.380695,35.270370
Quadruped\m106_unified_prepared.obj,0.599451,0.014324,9.282452,0.237807,1.075049,0.220122,45.856485
Quadruped\m107_unified_prepared.obj,0.804238,0.024398,7.726508,0.351181,1.044633,0.305660,32.663300
Quadruped\m108_unified_prepared.obj,0.742884,0.017879,11.339957,0.348726,1.008212,0.275312,29.284431
Quadruped\m109_unified_prepared.obj,3.127456,0.149118,12.163540,0.811174,1.131061,0.666442,4.760817
Quadruped\m110_unified_prepared.obj,1.890274,0.119140,4.207363,0.594476,1.037272,0.608639,8.570496
Quadruped\m111_unified_prepared.obj,1.161995,0.056397,4.361608,0.482175,1.025810,0.462284,9.035169
Quadruped\m112_unified_prepared.obj,1.551506,0.103603,3.076571,0.467015,1.026280,0.602481,3.394100
Quadruped\m273_unified_prepared.obj,0.352745,0.006420,9.415822,0.264462,1.030203,0.374143,16.571593
Quadruped\m274_unified_prepared.obj,0.563844,0.014740,7.294956,0.303714,1.003843,0.318403,13.379453
Quadruped\m275_unified_prepared.obj,0.367397,0.007156,8.563779,0.308817,1.003503,0.339530,23.427273
Quadruped\m276_unified_prepared.obj,0.190897,0.002516,9.719687,0.169375,1.032570,0.243736,39.192972
Quadruped\m277_unified_prepared.obj,1.147466,0.047177,6.002196,0.472460,1.022888,0.652770,23.972236
Quadruped\m278_unified_prepared.obj,1.618899,0.034104,32.255412,0.599089,1.039490,0.577659,166.583503
Quadruped\m279_unified_prepared.obj,1.027679,0.008492,133.071468,0.298162,1.022695,0.132278,59.657882
Quadruped\m280_unified_prepared.obj,1.062706,0.027286,14.252632,0.443563,1.046890,0.450784,45.676036
Quadruped\m281_unified_prepared.obj,1.160000,0.040953,8.229114,0.478751,1.016686,0.591031,27.262274
Quadruped\m282_unified_prepared.obj,1.310495,0.056527,6.227886,0.360803,1.099160,0.366857,10.518854
Quadruped\m86_unified_prepared.obj,0.876472,0.015881,23.606227,0.322923,1.197309,0.190448,37.055103
Quadruped\m87_unified_prepared.obj,0.882741,0.024864,9.838340,0.299022,1.057096,0.264286,16.394479
Quadruped\m88_unified_prepared.obj,0.914717,0.031667,6.748278,0.359515,1.120956,0.363217,36.724231
Quadruped\m89_unified_prepared.obj,0.911443,0.023968,11.654375,0.378079,1.007149,0.261544,16.134862
Quadruped\m90_unified_prepared.obj,1.349998,0.067819,4.729831,0.434704,1.013481,0.421714,5.817936
Quadruped\m91_unified_prepared.obj,0.823826,0.025353,7.691134,0.309535,1.040327,0.220427,10.452647
Quadruped\m92_unified_prepared.obj,0.758597,0.021285,8.520217,0.319929,1.015959,0.238789,19.936203
Quadruped\m93_unified_prepared.obj,1.957220,0.047461,29.430009,0.856579,1.006517,0.513067,23.860221
Quadruped\m94_unified_prepared.obj,0.777135,0.014462,19.842173,0.354828,1.092069,0.238822,34.241575
Quadruped\m95_unified_prepared.obj,0.682956,0.019034,7.774013,0.418174,1.000036,0.377598,29.438981
Quadruped\m96_unified_prepared.obj,0.762683,0.022996,7.418022,0.380405,1.002766,0.315382,26.718432
Quadruped\m97_unified_prepared.obj,0.733143,0.020695,8.135668,0.358022,1.000377,0.277938,22.412018
Quadruped\m98_unified_prepared.obj,0.766044,0.024248,6.760405,0.384786,1.000754,0.338491,22.590816
Quadruped\m99_unified_prepared.obj,1.144061,0.053017,4.710478,0.529637,1.043750,0.454799,15.422186
RectangleTable\D00134_unified_prepared.obj,2.638456,0.007189,3142.732841,0.997109,1.206557,0.028205,172.233766
RectangleTable\D00187_unified_prepared.obj,4.307184,0.033184,641.606544,1.104611,1.296971,0.110708,8.282458
RectangleTable\D00188_unified_prepared.obj,1.745355,0.011308,367.651454,0.932327,1.103642,0.096365,10.340843
RectangleTable\D00230_unified_prepared.obj,3.429063,0.008710,4699.173269,0.736379,1.255180,0.021477,2.695137
RectangleTable\D00243_unified_prepared.obj,2.490778,0.034692,113.526879,0.911556,1.119264,0.187578,6.157747
RectangleTable\D00295_unified_prepared.obj,3.412697,0.104899,31.937155,0.766127,1.374166,0.213800,2.041468
RectangleTable\D00302_unified_prepared.obj,1.517042,0.011539,231.843178,0.463271,1.202238,0.048894,5.995702
RectangleTable\D00317_unified_prepared.obj,4.123755,0.028752,750.037077,1.269692,1.041524,0.195424,38.561786
RectangleTable\D00418_unified_prepared.obj,10.705135,0.012229,72534.855609,3.022207,1.016884,0.068951,47.629617
RectangleTable\D00421_unified_prepared.obj,1.396011,0.018481,70.427577,0.794069,1.061395,0.238456,15.844819
RectangleTable\D00505_unified_prepared.obj,1.801889,0.017423,170.413838,0.896349,1.131481,0.120958,23.711817
RectangleTable\D00523_unified_prepared.obj,6.758888,0.051452,1031.280027,2.285905,1.384149,0.211517,58.780789
RectangleTable\D00530_unified_prepared.obj,2.067589,0.029832,87.817823,0.434872,1.163048,0.097564,1.499469
RectangleTable\D00571_unified_prepared.obj,2.922732,0.019956,554.333407,0.533328,1.230882,0.058163,2.455146
RectangleTable\D00603_unified_prepared.obj,2.910914,0.122753,14.473535,1.170751,1.129501,0.552375,33.386212
RectangleTable\D00678_unified_prepared.obj,3.330579,0.014210,1617.840386,0.737106,1.231074,0.052412,4.205255
RectangleTable\D00714_unified_prepared.obj,1.232665,0.005707,508.415489,0.657204,1.097947,0.047784,10.580064
RectangleTable\D00766_unified_prepared.obj,4.192732,0.056766,202.238774,1.204951,1.017010,0.319074,35.958832
RectangleTable\D00944_unified_prepared.obj,1.614568,0.012949,221.937221,0.321606,1.133141,0.045226,3.101731
RectangleTable\D00954_unified_prepared.obj,3.457217,0.033409,327.333391,0.691151,1.403520,0.065520,1.501333
RectangleTable\m763_unified_prepared.obj,2.988903,0.040929,140.935563,0.652135,1.253728,0.104800,5.440462
RectangleTable\m764_unified_prepared.obj,1.896160,0.030524,64.697598,0.420608,1.146233,0.129633,8.194774
RectangleTable\m765_unified_prepared.obj,3.466474,0.013035,2167.551646,0.930145,1.169908,0.048302,5.008404
RectangleTable\m870_unified_prepared.obj,1.521404,0.039899,19.559132,0.576307,1.161079,0.185071,7.469048
RectangleTable\m871_unified_prepared.obj,3.110203,0.000261,3911320.117590,0.783629,1.106256,0.001162,2.830349
RectangleTable\m872_unified_prepared.obj,2.165563,0.014129,449.846671,1.110497,1.116741,0.091792,10.302540
RectangleTable\m873_unified_prepared.obj,1.669754,0.012878,248.205253,0.438954,1.170107,0.048484,2.806193
RectangleTable\m874_unified_prepared.obj,2.949704,0.029320,263.962991,1.518067,1.101091,0.214167,17.789759
RectangleTable\m875_unified_prepared.obj,1.796756,0.013437,284.059193,1.231845,1.068470,0.190734,19.402434
RectangleTable\m876_unified_prepared.obj,3.166628,0.095722,30.641576,0.674939,1.414210,0.189744,2.289527
RectangleTable\m877_unified_prepared.obj,1.333912,0.011679,153.855580,0.441894,1.044720,0.110479,7.699750
RectangleTable\m878_unified_prepared.obj,1.066998,0.015469,44.888251,0.206866,1.012699,0.072469,1.659147
RectangleTable\m879_unified_prepared.obj,2.087115,0.018087,245.738306,0.817246,1.104474,0.102664,5.153001
RectangleTable\m881_unified_prepared.obj,2.305687,0.037939,75.295031,0.880015,1.151609,0.252004,22.572151
RectangleTable\m882_unified_prepared.obj,1.984242,0.018482,202.234269,0.549346,1.240607,0.052482,4.595858
RectangleTable\m883_unified_prepared.obj,2.435966,0.092039,15.087664,0.414658,1.246677,0.235892,1.382449
RectangleTable\m886_unified_prepared.obj,2.607039,0.005051,6140.699055,0.768790,1.172161,0.021123,2.634200
RectangleTable\m887_unified_prepared.obj,2.223646,0.024670,159.737234,0.858399,1.155852,0.135670,7.871339
RectangleTable\m888_unified_prepared.obj,1.718750,0.039063,29.421560,0.639535,1.251562,0.138889,5.019323
RectangleTable\m889_unified_prepared.obj,2.352669,0.044746,57.506071,0.742869,1.167938,0.167989,11.133396
RectangleTable\m890_unified_prepared.obj,3.488742,0.078934,60.260242,1.053880,1.174473,0.255758,5.011847
RectangleTable\m891_unified_prepared.obj,1.754159,0.042624,26.269002,0.758586,1.145792,0.244831,10.561392
RectangleTable\m892_unified_prepared.obj,1.981310,0.005958,1937.034956,0.883797,1.112976,0.063302,4.176379
RectangleTable\m893_unified_prepared.obj,1.645497,0.019341,105.310513,0.400738,1.466663,0.036423,3.251346
RectangleTable\m894_unified_prepared.obj,2.928651,0.049099,92.130770,0.762661,1.364800,0.168204,7.582556
RectangleTable\m895_unified_prepared.obj,1.941706,0.025366,100.600003,0.808521,1.177384,0.166527,15.039738
RectangleTable\m896_unified_prepared.obj,3.798258,0.060936,130.484652,0.700434,1.332254,0.136187,2.758216
RectangleTable\m897_unified_prepared.obj,1.603907,0.014208,180.731604,0.725036,1.149496,0.108255,25.857535
RectangleTable\m898_unified_prepared.obj,1.281226,0.008100,283.409047,0.567199,1.127354,0.048611,12.710228
RectangleTable\m901_unified_prepared.obj,3.361323,0.102540,31.937076,0.743778,1.363784,0.213800,2.087896
RectangleTable\m902_unified_prepared.obj,2.310017,0.039043,71.500487,0.857378,1.189699,0.173437,8.428398
RectangleTable\m904_unified_prepared.obj,1.848677,0.019399,148.452000,0.828615,1.124112,0.136788,10.916058
RectangleTable\m905_unified_prepared.obj,2.359894,0.012210,779.468135,0.530465,1.164088,0.040800,2.627718
RectangleTable\m906_unified_prepared.obj,1.289711,0.010496,172.174637,0.485489,1.081007,0.108946,12.668153
RectangleTable\m907_unified_prepared.obj,1.214729,0.005096,610.321605,0.378944,1.160479,0.026214,6.434210
RectangleTable\m908_unified_prepared.obj,1.281226,0.008100,283.409047,0.567199,1.127354,0.048611,12.710228
RectangleTable\m910_unified_prepared.obj,3.510770,0.000006,12286678305.273663,0.950879,1.001358,0.000040,8.443385
RectangleTable\m912_unified_prepared.obj,1.297200,0.025720,29.176052,0.518880,1.224745,0.102880,6.735232
RectangleTable\m913_unified_prepared.obj,2.093249,0.053196,28.658197,0.431228,1.362912,0.110675,3.097253
RectangleTable\m914_unified_prepared.obj,1.272640,0.007307,341.345153,0.839459,1.067208,0.076242,27.115485
RectangleTable\m915_unified_prepared.obj,1.367503,0.020313,54.800479,0.466525,1.232646,0.072956,5.149222
RectangleTable\m917_unified_prepared.obj,1.125898,0.009795,131.535845,0.303616,1.010733,0.069197,3.376380
RectangleTable\m919_unified_prepared.obj,1.645337,0.018523,114.785266,0.328215,1.083104,0.075973,1.367123
RectangleTable\m920_unified_prepared.obj,1.771307,0.021012,111.296357,0.428462,1.033751,0.091694,33.289197
Rocket\D00015_unified_prepared.obj,0.435516,0.009480,8.126491,0.392596,1.011548,0.384737,38.878667
Rocket\D00343_unified_prepared.obj,0.569440,0.005582,52.401570,0.576329,1.000512,0.373365,74.980440
Rocket\D00346_unified_prepared.obj,0.369395,0.005248,16.180330,0.354702,1.002381,0.419990,40.399767
Rocket\D00354_unified_prepared.obj,0.911600,0.046957,3.037824,0.558364,1.000042,0.856780,17.106859
Rocket\D00426_unified_prepared.obj,0.422094,0.009488,7.386692,0.638830,1.002414,0.832879,155.480242
Rocket\D00428_unified_prepared.obj,0.408845,0.010728,5.250640,0.520019,1.002079,0.770749,29.222548
Rocket\D00433_unified_prepared.obj,0.803351,0.013591,24.818478,0.570033,1.001660,0.363987,41.514820
Rocket\D00437_unified_prepared.obj,0.366917,0.007323,8.144538,0.501807,1.001845,0.637667,324.962509
Rocket\D00472_unified_prepared.obj,0.490689,0.014891,4.711034,0.624484,1.002097,0.761406,42.474671
Rocket\D00485_unified_prepared.obj,0.385306,0.000496,2052.933644,0.322919,1.000174,0.023806,456.680838
Rocket\D00528_unified_prepared.obj,0.641687,0.029502,2.684205,0.558803,1.008500,0.850736,36.252699
Rocket\D00564_unified_prepared.obj,0.834449,0.020132,12.675115,0.873199,1.000065,0.817875,21.500215
Rocket\D00585_unified_prepared.obj,0.774948,0.019824,10.471353,0.364658,1.021984,0.409374,24.524542
Rocket\D00614_unified_prepared.obj,0.327933,0.002992,34.827007,0.440123,1.000000,0.351836,83.751527
Rocket\D00697_unified_prepared.obj,0.420618,0.004546,31.840866,0.284045,1.000402,0.123640,75.840942
Rocket\D00719_unified_prepared.obj,0.392029,0.005988,14.855914,0.588432,1.000374,0.398426,16.568960
Rocket\D00764_unified_prepared.obj,0.459532,0.005030,33.918349,0.822392,1.001408,0.469163,109.235990
Rocket\D00851_unified_prepared.obj,0.409132,0.010739,5.250630,0.514064,1.002434,0.770748,27.416103
Rocket\D00942_unified_prepared.obj,0.317446,0.001618,108.070926,0.308323,1.006145,0.088129,117.537210
Rocket\D00975_unified_prepared.obj,0.637989,0.023889,4.023532,0.542703,1.003877,0.794765,42.127335
RoundTable\D00083_unified_prepared.obj,3.178650,0.074774,50.789056,0.566594,1.193107,0.156001,7.633345
RoundTable\D00094_unified_prepared.obj,1.901771,0.019546,159.188340,0.388681,1.184615,0.043534,1.734478
RoundTable\D00107_unified_prepared.obj,2.668974,0.019451,444.311986,0.459429,1.062382,0.063755,1.420388
RoundTable\D00194_unified_prepared.obj,2.362915,0.015472,487.280809,0.541226,1.001035,0.058567,1.771941
RoundTable\D00344_unified_prepared.obj,2.257690,0.028551,124.824530,0.545292,1.002011,0.104870,4.198740
RoundTable\D00401_unified_prepared.obj,6.143252,0.131769,118.062856,1.206933,1.000848,0.445895,2.191582
RoundTable\D00407_unified_prepared.obj,2.389634,0.029850,135.411449,0.690319,1.000820,0.204663,3.955495
RoundTable\D00492_unified_prepared.obj,1.752954,0.027108,64.813070,0.588562,1.000006,0.144830,5.346077
RoundTable\D00501_unified_prepared.obj,2.046997,0.040904,45.327142,0.537587,1.132592,0.128292,20.353309
RoundTable\D00503_unified_prepared.obj,1.044423,0.018756,28.636274,0.284124,1.121655,0.074430,1.616292
RoundTable\D00524_unified_prepared.obj,2.270976,0.023550,186.722934,0.429086,1.205974,0.051337,2.220105
RoundTable\D00581_unified_prepared.obj,2.898814,0.053406,75.513645,0.560228,1.032090,0.223926,1.234116
RoundTable\D00646_unified_prepared.obj,1.808654,0.019347,139.754561,0.467579,1.035291,0.069074,2.544378
RoundTable\D00649_unified_prepared.obj,1.825640,0.007608,929.565578,0.441285,1.011525,0.032707,7.632068
RoundTable\D00702_unified_prepared.obj,2.948751,0.043407,120.322895,0.532930,1.127367,0.117136,1.089756
RoundTable\D00756_unified_prepared.obj,0.968875,0.012812,48.989969,0.298210,1.127399,0.062359,10.534860
RoundTable\D00827_unified_prepared.obj,3.303344,0.033814,278.756698,0.694422,1.072208,0.089891,2.213690
RoundTable\D00866_unified_prepared.obj,2.400325,0.027921,156.854280,0.417820,1.267079,0.053787,1.458062
RoundTable\D00909_unified_prepared.obj,2.460138,0.058160,38.920898,0.423519,1.173328,0.143236,12.413499
RoundTable\D00948_unified_prepared.obj,1.456576,0.017011,94.420774,0.315856,1.246906,0.047959,3.662253
RoundTable\m921_unified_prepared.obj,1.808657,0.019348,139.754557,0.467580,1.035292,0.069074,2.544377
RoundTable\m922_unified_prepared.obj,2.341808,0.066167,25.936546,0.544731,1.050579,0.216970,2.154838
RoundTable\m923_unified_prepared.obj,2.258445,0.028592,124.587172,0.541617,1.000056,0.104831,6.215218
RoundTable\m924_unified_prepared.obj,0.912133,0.011499,50.749824,0.263593,1.000297,0.078963,3.747346
RoundTable\m925_unified_prepared.obj,1.085139,0.019969,28.333298,0.208558,1.017291,0.076931,1.245163
RoundTable\m926_unified_prepared.obj,2.263785,0.020072,254.596044,0.413558,1.110232,0.056577,1.996053
RoundTable\m927_unified_prepared.obj,2.334244,0.034836,92.669531,0.676012,1.000138,0.170191,19.796629
RoundTable\m928_unified_prepared.obj,3.291310,0.006407,7680.096460,0.588227,1.238256,0.012945,1.987983
RoundTable\m929_unified_prepared.obj,1.070129,0.013126,62.892332,0.188615,1.008565,0.047820,1.400920
RoundTable\m930_unified_prepared.obj,2.126436,0.035812,66.291385,0.618943,1.176902,0.134547,5.845739
RoundTable\m931_unified_prepared.obj,2.235516,0.052199,36.254513,0.493264,1.312480,0.110321,1.895949
RoundTable\m932_unified_prepared.obj,2.433927,0.032798,118.513411,0.490022,1.024198,0.118043,1.053069
RoundTable\m933_unified_prepared.obj,2.169683,0.026604,127.597045,0.446562,1.019861,0.100923,2.600253
RoundTable\m934_unified_prepared.obj,1.871943,0.032773,53.998676,0.387298,1.032070,0.137721,1.745108
RoundTable\m935_unified_prepared.obj,2.731989,0.063879,44.184150,0.477472,1.240050,0.155154,7.236914
RoundTable\m937_unified_prepared.obj,2.459261,0.122453,8.770405,0.441964,1.022169,0.404919,1.734038
RoundTable\m938_unified_prepared.obj,1.991106,0.057149,21.370674,0.429483,1.085869,0.218783,5.985636
Shelf\D00057_unified_prepared.obj,5.557262,0.028957,1809.788953,2.535478,1.213587,0.188465,29.702413
Shelf\D00074_unified_prepared.obj,7.549193,0.028609,4647.699817,3.294098,1.227213,0.181444,45.046195
Shelf\D00129_unified_prepared.obj,7.628262,0.035280,3153.368233,2.158376,1.236035,0.187510,5.351760
Shelf\D00171_unified_prepared.obj,4.709478,0.020125,2280.312831,2.858964,1.095808,0.252045,134.535583
Shelf\D00198_unified_prepared.obj,7.449526,0.025825,5480.986098,2.395178,1.309739,0.139252,21.033190
Shelf\D00242_unified_prepared.obj,11.502740,0.042786,7351.054471,3.432260,1.414169,0.131686,32.914804
Shelf\D00337_unified_prepared.obj,6.023979,0.003997,120984.274111,2.056000,1.092029,0.038402,59.666394
Shelf\D00352_unified_prepared.obj,3.280846,0.025585,476.999967,1.564465,1.177922,0.193715,13.640860
Shelf\D00468_unified_prepared.obj,5.315075,0.015888,5259.402745,1.752197,1.026661,0.128273,57.355090
Shelf\D00592_unified_prepared.obj,3.078787,0.009870,2648.988936,1.025241,1.014692,0.098834,10.052284
Shelf\D00631_unified_prepared.obj,4.313336,0.007026,14372.770848,1.953927,1.058273,0.103637,163.193174
Shelf\D00691_unified_prepared.obj,11.926128,0.023695,26714.150664,7.591754,1.120621,0.329066,89.895840
Shelf\D00725_unified_prepared.obj,4.626508,0.015051,3865.117568,1.249813,1.168106,0.120671,15.424870
Shelf\D00772_unified_prepared.obj,5.633800,0.014161,7883.924438,2.260846,1.295161,0.096343,17.283526
Shelf\D00781_unified_prepared.obj,5.646844,0.027731,2070.228773,1.290167,1.010916,0.199063,5.842904
Shelf\D00818_unified_prepared.obj,7.146670,0.016372,12041.530861,2.563945,1.277140,0.113594,43.471896
Shelf\D00881_unified_prepared.obj,4.929483,0.013062,6207.337013,2.148348,1.236312,0.111053,33.629660
Shelf\D00887_unified_prepared.obj,3.301915,0.010323,2987.090522,2.147934,1.130578,0.145013,44.752240
Shelf\D00917_unified_prepared.obj,3.400478,0.017311,1160.241012,1.888285,1.064861,0.146206,37.923357
Shelf\D00956_unified_prepared.obj,3.852397,0.018275,1513.630431,1.741735,1.138065,0.161599,16.376044
Shelf\m844_unified_prepared.obj,5.459620,0.021778,3033.845609,2.264303,1.261775,0.157382,47.224487
Shelf\m845_unified_prepared.obj,3.498396,0.016366,1413.346403,1.298051,1.056355,0.153929,12.216998
Shelf\m846_unified_prepared.obj,3.235141,0.043235,160.158530,1.468084,1.035033,0.441015,160.997351
Shelf\m847_unified_prepared.obj,4.987722,0.031734,1089.460360,2.432239,1.219229,0.227572,15.245047
Shelf\m849_unified_prepared.obj,3.126185,0.014656,1257.697304,1.367188,1.022529,0.224148,25.902324
Shelf\m850_unified_prepared.obj,5.313765,0.014209,6570.895733,2.353018,1.292272,0.097822,48.784947
Shelf\m851_unified_prepared.obj,3.685942,0.019224,1198.084883,1.270501,1.021028,0.196751,12.188022
Shelf\m852_unified_prepared.obj,3.469128,0.033647,326.077670,1.315935,1.052941,0.328041,13.139404
Shelf\m853_unified_prepared.obj,2.748510,0.017009,634.565361,1.022956,1.039662,0.212672,15.930511
Shelf\m854_unified_prepared.obj,2.848445,0.029614,233.004799,1.080262,1.049215,0.398658,33.199327
Shelf\m855_unified_prepared.obj,4.386420,0.225085,14.729373,1.234701,1.103911,1.088799,5.157501
Shelf\m856_unified_prepared.obj,7.064331,0.100856,306.447578,2.216926,1.322478,0.326125,6.859257
Shelf\m857_unified_prepared.obj,7.423901,0.099556,365.014788,2.869137,1.177120,0.545592,7.982978
Shelf\m858_unified_prepared.obj,1.801541,0.042112,29.151528,1.179999,1.060064,0.999989,82.495636
Shelf\m859_unified_prepared.obj,9.500279,0.052712,2728.635525,3.889194,1.251229,0.246179,10.939916
Shelf\m860_unified_prepared.obj,2.497035,0.030489,148.092738,0.944091,1.221856,0.140526,10.312290
Shelf\m861_unified_prepared.obj,2.677158,0.013663,908.841487,1.093267,1.198559,0.138862,25.282161
Shelf\m862_unified_prepared.obj,3.525482,0.026507,551.417497,0.955636,1.443634,0.068893,10.343643
Shelf\m863_unified_prepared.obj,2.350527,0.016784,407.639885,1.224830,1.155449,0.151577,48.064153
Shelf\m864_unified_prepared.obj,1.981597,0.012059,473.103516,1.286894,1.118499,0.149336,114.029218
Shelf\m865_unified_prepared.obj,2.947861,0.025407,350.895080,1.216951,1.226495,0.154790,43.601398
Shelf\m866_unified_prepared.obj,4.182501,0.047589,285.651520,1.315029,1.407030,0.160043,19.186326
Shelf\m868_unified_prepared.obj,1.430729,0.010067,255.498590,0.981775,1.062627,0.154689,22.203819
Ship\D00027_unified_prepared.obj,2.106817,0.010674,725.766969,1.506476,1.004111,0.272875,10.515003
Ship\D00042_unified_prepared.obj,1.636021,0.018240,116.375783,1.231605,1.001083,0.630256,26.120330
Ship\D00099_unified_prepared.obj,0.667618,0.019250,7.099873,0.485717,1.026405,0.595861,40.988927
Ship\D00175_unified_prepared.obj,1.299557,0.023272,35.832072,1.031756,1.005127,0.627159,37.666611
Ship\D00247_unified_prepared.obj,0.943581,0.011136,59.896578,1.171927,1.000581,0.683377,71.792145
Ship\D00258_unified_prepared.obj,0.736312,0.006249,90.394263,0.658817,1.000266,0.314209,32.018316
Ship\D00292_unified_prepared.obj,2.047689,0.008281,1107.139482,1.463334,1.004101,0.211705,10.516206
Ship\D00429_unified_prepared.obj,1.495555,0.036216,22.549817,0.911177,1.005677,0.587806,11.534797
Ship\D00467_unified_prepared.obj,0.338368,0.001186,243.407333,0.498922,1.000003,0.142183,199.208312
Ship\D00539_unified_prepared.obj,1.399192,0.003138,2459.012318,1.864719,1.000269,0.166782,85.752442
Ship\D00543_unified_prepared.obj,1.441777,0.014591,124.475642,0.907366,1.002022,0.324976,28.173381
Ship\D00647_unified_prepared.obj,0.455588,0.006773,18.227328,0.627110,1.000164,0.595276,39.006263
Ship\D00771_unified_prepared.obj,0.814943,0.008523,65.871303,0.845311,1.000678,0.495416,60.880013
Ship\D00791_unified_prepared.obj,2.088908,0.005002,3221.498018,1.489020,1.004242,0.127821,10.215576
Ship\D00809_unified_prepared.obj,0.866412,0.013500,31.552213,0.685396,1.001804,0.406966,47.935922
Ship\D00837_unified_prepared.obj,0.943923,0.011131,60.014050,1.171816,1.000575,0.683093,72.805957
Ship\D00896_unified_prepared.obj,1.836427,0.026883,75.774165,1.090484,1.024620,0.485710,17.732879
Ship\D00907_unified_prepared.obj,1.606294,0.029186,43.019788,0.856544,1.005597,0.378447,17.060094
Ship\D00935_unified_prepared.obj,0.257977,0.002734,20.311382,0.454929,1.003133,0.485557,150.805308
Ship\D00949_unified_prepared.obj,0.814687,0.009517,52.785606,0.564294,1.000378,0.220279,17.333125
Ship\m1427_unified_prepared.obj,0.471137,0.002957,105.761584,0.543811,1.001082,0.268537,32.260286
Ship\m1428_unified_prepared.obj,0.473049,0.003711,67.976854,0.594689,1.000615,0.372629,64.032470
Ship\m1429_unified_prepared.obj,0.373035,0.003072,48.620394,0.406894,1.000435,0.291672,47.371870
Ship\m1430_unified_prepared.obj,0.468116,0.003317,82.441990,0.439696,1.000218,0.208493,55.844647
Ship\m1431_unified_prepared.obj,0.460143,0.004986,34.645037,0.417676,1.001699,0.269643,37.590635
Ship\m1432_unified_prepared.obj,0.332737,0.003357,28.901254,0.426497,1.000025,0.368561,242.292791
Ship\m1433_unified_prepared.obj,0.601001,0.005403,65.762070,0.546359,1.000342,0.296971,32.458541
Ship\m1434_unified_prepared.obj,1.614929,0.021215,82.740983,0.657982,1.080861,0.377399,29.246501
Ship\m1435_unified_prepared.obj,1.883674,0.009765,619.757724,1.335861,1.004061,0.249681,12.733376
Ship\m1436_unified_prepared.obj,0.445544,0.006803,16.898749,0.587575,1.000495,0.597278,30.888080
Ship\m1437_unified_prepared.obj,0.373459,0.002816,58.097169,0.436281,1.000223,0.232519,123.862223
Ship\m1438_unified_prepared.obj,1.274021,0.012631,114.597550,1.483164,1.003494,0.659285,103.874328
Ship\m1439_unified_prepared.obj,0.348327,0.005690,11.541683,0.456207,1.004535,0.504284,86.988914
Ship\m1440_unified_prepared.obj,1.043830,0.007259,190.835553,1.064407,1.001826,0.366828,82.392283
Ship\m1441_unified_prepared.obj,1.563142,0.005776,1012.400390,1.036358,1.008411,0.140043,17.573085
Ship\m1442_unified_prepared.obj,0.690847,0.016005,11.381147,0.700565,1.013396,0.545455,72.339473
Ship\m1444_unified_prepared.obj,1.063802,0.018744,30.296413,0.668722,1.003793,0.474164,28.172639
Ship\m1446_unified_prepared.obj,0.948335,0.011198,60.135321,1.177752,1.000868,0.686584,107.862753
Ship\m1447_unified_prepared.obj,0.460814,0.004376,45.181644,0.777618,1.000245,0.465828,222.849734
Ship\m1448_unified_prepared.obj,0.800310,0.008502,62.704020,0.400648,1.034020,0.252001,19.416692
Ship\m1449_unified_prepared.obj,1.253325,0.014009,88.703297,0.510721,1.042698,0.237015,115.465567
Ship\m1450_unified_prepared.obj,1.141830,0.010947,109.838107,0.446046,1.000375,0.173299,42.884121
Ship\m1451_unified_prepared.obj,0.824703,0.005866,144.117458,0.423476,1.003933,0.166604,448.816098
Ship\m1452_unified_prepared.obj,0.645514,0.003338,213.472946,0.402299,1.008392,0.146330,79.292177
Ship\m1453_unified_prepared.obj,1.663142,0.033253,36.785672,0.575903,1.010444,0.264811,6.390166
Ship\m1454_unified_prepared.obj,1.389383,0.032433,22.543904,0.339974,1.011102,0.198108,13.606524
Ship\m1455_unified_prepared.obj,1.046122,0.014631,47.287305,0.380924,1.044348,0.134867,20.357333
Ship\m1456_unified_prepared.obj,2.981762,0.062903,59.241815,1.080224,1.130206,0.403360,20.662160
Ship\m1457_unified_prepared.obj,1.479649,0.032560,27.017533,0.621355,1.026535,0.304230,11.601687
Ship\m1458_unified_prepared.obj,2.446904,0.042902,70.378158,0.647697,1.028196,0.196577,5.211438
Ship\m1459_unified_prepared.obj,3.148098,0.007644,4721.670924,1.041267,1.028118,0.060257,11.284955
Ship\m1460_unified_prepared.obj,1.328493,0.004409,1066.465184,0.421166,1.000134,0.032765,4.415222
Ship\m1461_unified_prepared.obj,1.824632,0.001257,33980.941958,0.562337,1.009768,0.009788,7.350177
Ship\m1462_unified_prepared.obj,1.161377,0.001204,9550.757685,0.407900,1.009480,0.008671,18.300774
Ship\m1463_unified_prepared.obj,0.275929,0.005282,6.657518,0.520677,1.000037,0.611766,181.370356
Ship\m1464_unified_prepared.obj,0.310023,0.004539,12.787586,0.284381,1.000335,0.324153,174.305270
Ship\m1465_unified_prepared.obj,0.381851,0.002599,72.889273,0.572393,1.000158,0.430298,160.576086
Ship\m1466_unified_prepared.obj,0.782596,0.008621,57.015965,1.004156,1.001091,0.548827,52.128300
Ship\m1467_unified_prepared.obj,0.439481,0.007371,13.814838,0.479893,1.000024,0.516397,121.108301
Ship\m1468_unified_prepared.obj,0.571837,0.008267,24.189286,0.664728,1.000072,0.579440,163.530913
Ship\m1469_unified_prepared.obj,0.368621,0.006112,11.855149,0.469439,1.003278,0.568092,350.012722
Ship\m1470_unified_prepared.obj,0.266050,0.004774,7.307184,0.488697,1.000044,0.596994,280.887960
Ship\m1471_unified_prepared.obj,1.860605,0.040401,34.892433,0.966128,1.015448,0.526955,31.301762
Sign\m1670_unified_prepared.obj,0.660834,0.000974,2687.947453,0.824740,1.015577,0.144281,1436.810797
Sign\m1671_unified_prepared.obj,0.335567,0.001531,142.599466,0.404145,1.004385,0.231091,663.594717
Sign\m1672_unified_prepared.obj,0.433595,0.003351,64.203692,0.225084,1.052597,0.165333,226.883254
Sign\m1673_unified_prepared.obj,0.319843,0.001269,179.676424,0.316097,1.023728,0.188198,1025.600470
Sign\m1674_unified_prepared.obj,0.651997,0.007376,45.048149,0.376567,1.043308,0.310986,231.773316
Sign\m1675_unified_prepared.obj,0.388057,0.000477,2269.813322,0.556462,1.002649,0.187876,2472.959658
Sign\m1676_unified_prepared.obj,0.167045,0.000151,1817.797839,0.281267,1.001415,0.060680,619.856524
Sign\m1678_unified_prepared.obj,0.228809,0.000245,1766.222412,0.520561,1.001233,0.115284,1838.671540
Sign\m1679_unified_prepared.obj,0.209158,0.001875,23.023081,0.502677,1.000204,0.471993,112.394553
Sign\m1680_unified_prepared.obj,0.338352,0.001515,149.217226,0.397804,1.003488,0.312401,1684.182336
Sign\m1681_unified_prepared.obj,0.383018,0.001777,157.293412,0.404045,1.004442,0.339579,6962.725502
Sign\m1682_unified_prepared.obj,2.817327,0.009298,2286.839628,1.007038,1.255104,0.062290,30.264844
Sign\m1683_unified_prepared.obj,2.479978,0.020483,321.451956,0.667285,1.318510,0.109331,11.518817
Sign\m1684_unified_prepared.obj,0.996390,0.017103,29.902150,0.445166,1.010452,0.479919,211.254733
Sign\m1685_unified_prepared.obj,2.302582,0.012378,704.536673,0.748670,1.183933,0.092444,5.441656
Skyscraper\D00006_unified_prepared.obj,14.013572,0.135147,1332.239504,9.908520,1.042361,1.831571,4.574973
Skyscraper\D00058_unified_prepared.obj,8.056140,0.020271,11250.288629,6.524460,1.008904,0.512936,5.913751
Skyscraper\D00059_unified_prepared.obj,4.191195,0.006795,14097.664744,3.783291,1.048906,0.122454,8.447406
Skyscraper\D00105_unified_prepared.obj,0.738182,0.013318,20.052425,0.654560,1.016035,0.492570,71.054825
Skyscraper\D00125_unified_prepared.obj,0.719417,0.014928,14.774118,0.637919,1.016034,0.552108,71.001269
Skyscraper\D00126_unified_prepared.obj,7.822661,0.134410,234.287504,7.272627,1.029846,3.167422,13.952577
Skyscraper\D00130_unified_prepared.obj,1.110133,0.003579,944.196069,0.980320,1.009190,0.203018,63.831066
Skyscraper\D00259_unified_prepared.obj,5.883091,0.008079,27582.644441,8.640107,1.003873,0.698949,47.223026
Skyscraper\D00300_unified_prepared.obj,0.992784,0.014127,43.353399,0.894876,1.005821,0.538168,14.402214
Skyscraper\D00520_unified_prepared.obj,6.884832,0.028378,3583.119832,5.816452,1.021515,0.807500,5.594643
Skyscraper\D00532_unified_prepared.obj,3.963432,0.006388,13492.575463,3.431101,1.043341,0.108617,14.883673
Skyscraper\D00584_unified_prepared.obj,8.728004,0.020018,14671.187482,7.950566,1.033857,0.413343,13.762589
Skyscraper\D00589_unified_prepared.obj,0.901269,0.014133,32.407180,0.956206,1.005947,0.559131,11.925960
Skyscraper\D00641_unified_prepared.obj,3.952678,0.044124,280.462034,3.353186,1.015867,1.222881,42.122945
Skyscraper\D00664_unified_prepared.obj,5.676532,0.043146,868.801180,3.911435,1.005705,0.847064,19.872806
Skyscraper\D00729_unified_prepared.obj,28.031416,0.041403,113608.968405,15.111199,1.062542,0.382937,5.335993
Skyscraper\D00822_unified_prepared.obj,1.038508,0.001252,6314.000405,1.487257,1.006442,0.059503,24.410544
Skyscraper\D00870_unified_prepared.obj,10.823278,0.057914,3342.386432,10.883971,1.029613,1.694146,13.744526
Skyscraper\D00872_unified_prepared.obj,1.428295,0.034299,21.899099,0.947559,1.000663,0.992475,19.733650
Skyscraper\D00998_unified_prepared.obj,1.750431,0.011398,365.017987,2.114890,1.004387,0.557570,7.689615
Spoon\D00014_unified_prepared.obj,0.191212,0.000969,65.802341,0.331845,1.001484,0.233224,42.249493
Spoon\D00085_unified_prepared.obj,0.233969,0.000746,203.319067,0.390252,1.000356,0.111454,207.498509
Spoon\D00144_unified_prepared.obj,0.285675,0.000881,265.625654,0.456860,1.002561,0.122390,181.827180
Spoon\D00157_unified_prepared.obj,0.648930,0.001331,1364.002972,0.966876,1.000756,0.195449,187.669808
Spoon\D00196_unified_prepared.obj,0.190550,0.000457,293.131253,0.389963,1.000066,0.121434,107.263767
Spoon\D00338_unified_prepared.obj,0.430580,0.002265,137.591166,0.424551,1.003958,0.146447,24.638297
Spoon\D00422_unified_prepared.obj,0.421651,0.005324,23.388943,0.500884,1.000749,0.610705,511.520391
Spoon\D00474_unified_prepared.obj,0.196362,0.002064,15.716478,0.414595,1.001964,0.490247,539.983411
Spoon\D00497_unified_prepared.obj,0.192996,0.000698,130.356956,0.335367,1.001207,0.116571,233.928556
Spoon\D00517_unified_prepared.obj,0.406079,0.000473,2644.278419,0.474450,1.005013,0.037994,75.185551
Spoon\D00562_unified_prepared.obj,0.218029,0.000539,316.014759,0.517328,1.000143,0.171717,788.632817
Spoon\D00593_unified_prepared.obj,0.193779,0.000912,77.274813,0.420668,1.001207,0.301526,721.563996
Spoon\D00661_unified_prepared.obj,0.327136,0.000689,652.221849,0.490464,1.001370,0.085561,147.042449
Spoon\D00669_unified_prepared.obj,0.819289,0.011088,39.547051,0.371837,1.017800,0.178898,17.275085
Spoon\D00674_unified_prepared.obj,0.531198,0.000091,159357.561804,0.421697,1.001334,0.004468,57.201915
Spoon\D00683_unified_prepared.obj,0.549318,0.005386,50.525666,0.476544,1.009825,0.239173,41.118178
Spoon\D00790_unified_prepared.obj,0.351963,0.004188,21.980456,0.407395,1.000389,0.454150,163.758387
Spoon\D00842_unified_prepared.obj,0.257900,0.001665,54.696240,0.529921,1.000873,0.382766,165.544132
Spoon\D00927_unified_prepared.obj,0.211720,0.000516,315.047149,0.342630,1.001447,0.103177,88.642122
Spoon\D00964_unified_prepared.obj,0.248045,0.001346,74.452218,0.421188,1.000940,0.260045,291.206426
Starship\m1353_unified_prepared.obj,1.024956,0.009478,105.974603,0.599247,1.017202,0.183549,10.753607
Starship\m1354_unified_prepared.obj,1.306681,0.016836,69.597489,0.731422,1.018759,0.303848,8.787999
Starship\m1355_unified_prepared.obj,0.796979,0.007346,82.952682,0.508177,1.016327,0.159874,15.987904
Starship\m1356_unified_prepared.obj,1.713866,0.017342,148.011246,0.832194,1.047565,0.392528,59.992756
Starship\m1357_unified_prepared.obj,0.329183,0.001334,177.125556,0.255810,1.016083,0.048126,90.216518
Starship\m1358_unified_prepared.obj,0.845267,0.004674,244.382304,0.547545,1.009543,0.126341,11.283572
Starship\m1359_unified_prepared.obj,1.057913,0.015841,41.717509,0.479428,1.032753,0.199549,7.795271
Starship\m1360_unified_prepared.obj,1.271495,0.004917,751.833761,0.828302,1.027424,0.136270,17.326462
Starship\m1361_unified_prepared.obj,1.222310,0.020178,39.658819,0.529317,1.053407,0.363277,54.906224
Starship\m1362_unified_prepared.obj,3.766223,0.005206,17425.994868,1.832436,1.039377,0.095316,35.716513
Starship\m1364_unified_prepared.obj,1.105217,0.007380,219.150906,0.527534,1.017288,0.124879,11.095624
Starship\m1365_unified_prepared.obj,1.236581,0.011382,129.051514,0.590251,1.039798,0.249384,37.978177
Starship\m1366_unified_prepared.obj,0.689574,0.008739,37.961524,0.421687,1.018541,0.198207,16.688927
Starship\m1368_unified_prepared.obj,0.855287,0.005848,161.780504,0.835740,1.008834,0.331245,132.412615
Starship\m1369_unified_prepared.obj,0.861864,0.006175,148.437088,0.604649,1.020072,0.180471,40.767853
Starship\m1370_unified_prepared.obj,0.674348,0.007677,46.010410,0.427180,1.009728,0.178212,22.431553
Starship\m1371_unified_prepared.obj,1.512151,0.008759,398.529865,0.737805,1.063360,0.225575,24.094666
Starship\m1372_unified_prepared.obj,2.379456,0.019751,305.344237,1.169444,1.031572,0.435650,67.238260
Starship\m1373_unified_prepared.obj,1.133760,0.009598,139.879780,0.559467,1.036584,0.181785,12.064394
Starship\m1374_unified_prepared.obj,1.770479,0.010016,489.115007,1.539921,1.007876,0.472771,66.729060
Starship\m1375_unified_prepared.obj,2.757894,0.099556,18.713009,0.830383,1.000530,0.798208,8.049068
Starship\m1376_unified_prepared.obj,0.425472,0.007931,10.825808,0.494027,1.000093,0.763437,175.934728
Starship\m1378_unified_prepared.obj,5.125829,0.035947,921.550096,2.025030,1.000983,0.943724,21.507310
Starship\m1379_unified_prepared.obj,3.263578,0.024384,516.917592,1.360160,1.003334,0.618134,44.772050
Starship\m1380_unified_prepared.obj,4.076508,0.060068,166.005569,1.157195,1.000161,0.418833,3.930933
Starship\m1381_unified_prepared.obj,4.460250,0.017478,2568.231887,1.171899,1.000009,0.088437,3.661390
Starship\m1382_unified_prepared.obj,1.827187,0.122155,3.614702,0.587601,1.000395,0.955662,6.757025
Starship\m1383_unified_prepared.obj,0.956467,0.023019,14.600691,0.328405,1.000119,0.307805,2.219727
Starship\m1384_unified_prepared.obj,2.329114,0.051436,42.226346,0.918351,1.000001,0.973408,12.944042
Starship\m1385_unified_prepared.obj,3.435608,0.087603,46.721447,1.069129,1.000566,0.934716,2.083219
Starship\m1386_unified_prepared.obj,2.624607,0.092363,18.738814,0.811421,1.000007,0.866750,3.180159
SubmachineGun\D00052_unified_prepared.obj,1.122383,0.012974,74.271753,0.846104,1.016764,0.454331,88.752895
SubmachineGun\D00060_unified_prepared.obj,0.390900,0.002263,103.093513,0.613772,1.000867,0.396898,613.707279
SubmachineGun\D00062_unified_prepared.obj,0.706805,0.006886,65.836455,0.625014,1.000930,0.343048,110.320351
SubmachineGun\D00064_unified_prepared.obj,0.592986,0.004060,111.845349,0.414660,1.000378,0.158892,31.467474
SubmachineGun\D00068_unified_prepared.obj,0.329492,0.003073,33.491462,0.403957,1.000098,0.392134,372.711391
SubmachineGun\D00119_unified_prepared.obj,0.372336,0.002257,89.577241,0.426889,1.002802,0.174029,174.473289
SubmachineGun\D00219_unified_prepared.obj,0.546013,0.004816,62.046416,0.532055,1.022583,0.365467,102.870743
SubmachineGun\D00256_unified_prepared.obj,1.102968,0.014004,60.496747,0.692313,1.010321,0.410332,157.458258
SubmachineGun\D00371_unified_prepared.obj,0.823219,0.005243,179.418874,0.821283,1.001446,0.309037,55.101378
SubmachineGun\D00384_unified_prepared.obj,0.223947,0.001545,41.576152,0.401568,1.004960,0.337932,408.640992
SubmachineGun\D00431_unified_prepared.obj,0.503481,0.003637,85.333877,0.490454,1.019189,0.269800,123.853175
SubmachineGun\D00459_unified_prepared.obj,0.360752,0.001973,106.691232,0.478873,1.000282,0.247105,334.348179
SubmachineGun\D00489_unified_prepared.obj,0.866165,0.014422,27.624702,0.435777,1.000516,0.446120,139.109582
SubmachineGun\D00537_unified_prepared.obj,0.256407,0.002023,36.438395,0.415410,1.002723,0.400369,347.499422
SubmachineGun\D00613_unified_prepared.obj,0.471281,0.005716,28.329789,0.497225,1.002551,0.472077,70.858360
SubmachineGun\D00733_unified_prepared.obj,0.724222,0.006128,89.436047,0.541495,1.013043,0.268765,232.946574
SubmachineGun\D00878_unified_prepared.obj,0.420869,0.004011,40.971499,0.498590,1.000400,0.414099,126.955471
SubmachineGun\D00893_unified_prepared.obj,0.317345,0.003419,24.168317,0.426458,1.000170,0.472054,787.108259
SubmachineGun\D00960_unified_prepared.obj,0.429419,0.005639,22.021514,0.429958,1.001099,0.427049,505.540345
SubmachineGun\D00970_unified_prepared.obj,0.256651,0.001713,50.945269,0.436716,1.000525,0.343649,443.663680
Sword\D00066_unified_prepared.obj,0.245173,0.000880,168.076760,0.445927,1.000013,0.270105,132.622646
Sword\D00071_unified_prepared.obj,0.173330,0.000868,61.175166,0.201208,1.000000,0.151725,81.608482
Sword\D00133_unified_prepared.obj,0.592429,0.003367,162.156892,0.717169,1.000113,0.254781,81.428976
Sword\D00149_unified_prepared.obj,0.139076,0.000768,40.284467,0.267903,1.000020,0.244617,659.032360
Sword\D00162_unified_prepared.obj,0.213280,0.000736,158.168570,0.448959,1.000001,0.324943,230.099709
Sword\D00177_unified_prepared.obj,0.216420,0.000891,113.015343,0.248941,1.000002,0.174640,92.367075
Sword\D00195_unified_prepared.obj,0.166946,0.001293,24.624996,0.266562,1.000003,0.235955,687.360944
Sword\D00249_unified_prepared.obj,0.122451,0.000333,146.295791,0.391360,1.002264,0.228902,221.226637
Sword\D00356_unified_prepared.obj,0.192839,0.000740,115.767342,0.326359,1.000304,0.120466,9.760095
Sword\D00484_unified_prepared.obj,0.146108,0.000399,173.325129,0.259624,1.000000,0.137063,1218.706968
Sword\D00513_unified_prepared.obj,0.105138,0.000064,2536.998582,0.141529,1.000441,0.011870,48.610346
Sword\D00540_unified_prepared.obj,0.135710,0.000549,73.429122,0.296511,1.000091,0.223731,1926.485290
Sword\D00635_unified_prepared.obj,0.281707,0.001547,82.570766,0.243875,1.000353,0.122423,336.062506
Sword\D00712_unified_prepared.obj,0.342110,0.001448,168.855423,0.637261,1.000039,0.286053,2196.046731
Sword\D00807_unified_prepared.obj,0.108570,0.000315,113.793424,0.304533,1.000073,0.246138,1525.720020
Sword\D00808_unified_prepared.obj,0.255575,0.001758,47.770630,0.285445,1.000882,0.128033,366.430287
Sword\D00812_unified_prepared.obj,0.112071,0.000419,70.735337,0.227961,1.000001,0.170781,1084.293499
Sword\D00906_unified_prepared.obj,0.221003,0.000761,164.773416,0.356443,1.000030,0.168478,46.947226
Sword\D00916_unified_prepared.obj,0.068577,0.000160,111.823624,0.301998,1.000097,0.187201,917.407998
Sword\D00992_unified_prepared.obj,0.223633,0.000626,251.999665,0.443408,1.000138,0.222563,39.937702
Sword\m687_unified_prepared.obj,0.149714,0.000755,52.068398,0.255363,1.000012,0.130881,766.096953
Sword\m688_unified_prepared.obj,0.100236,0.000557,28.737132,0.263260,1.000157,0.218438,13.162398
Sword\m689_unified_prepared.obj,0.125505,0.000606,47.533070,0.218229,1.001450,0.123380,7.771858
Sword\m690_unified_prepared.obj,0.095762,0.000473,34.728406,0.165024,1.000067,0.095739,6.731754
Sword\m691_unified_prepared.obj,0.084391,0.000164,198.465801,0.124209,1.000000,0.037260,1019.909882
Sword\m692_unified_prepared.obj,0.112072,0.000419,70.735556,0.227983,1.000002,0.170780,1027.350935
Sword\m693_unified_prepared.obj,0.189468,0.000093,6953.212986,0.477455,1.000067,0.037659,296.416863
Sword\m694_unified_prepared.obj,0.247771,0.001014,130.709302,0.263391,1.003698,0.124071,17.752749
Sword\m695_unified_prepared.obj,0.290665,0.000960,235.450677,0.415532,1.000206,0.169626,52.826747
Sword\m696_unified_prepared.obj,0.142896,0.000355,204.308101,0.161774,1.000033,0.041753,8.161170
Sword\m697_unified_prepared.obj,0.096327,0.000232,146.727707,0.202336,1.000067,0.140462,3166.202962
Sword\m698_unified_prepared.obj,0.106049,0.000139,545.717660,0.140974,1.003039,0.025725,27.782639
Sword\m699_unified_prepared.obj,0.113592,0.000461,60.872727,0.144018,1.000239,0.051527,73.089226
Sword\m700_unified_prepared.obj,0.137524,0.000651,54.250469,0.279375,1.000006,0.156288,834.175585
Sword\m701_unified_prepared.obj,0.115322,0.000265,192.381126,0.178234,1.000031,0.120128,5992.811570
Sword\m702_unified_prepared.obj,0.041097,0.000072,117.530030,0.094483,1.000000,0.025278,2507.380754
Sword\m703_unified_prepared.obj,0.157339,0.000450,170.173244,0.599763,1.000055,0.335464,1555.147295
Sword\m704_unified_prepared.obj,0.071842,0.000216,70.541412,0.341018,1.000913,0.243108,829.737814
Sword\m705_unified_prepared.obj,0.402267,0.002091,131.678405,0.351907,1.000661,0.185047,184.267881
Sword\m707_unified_prepared.obj,0.102145,0.000194,250.670954,0.163916,1.001805,0.067955,179.298355
Sword\m709_unified_prepared.obj,0.146110,0.000399,173.324643,0.259609,1.000001,0.137067,1412.955373
Sword\m710_unified_prepared.obj,0.245174,0.000881,168.078055,0.445955,1.000015,0.270078,127.927115
Sword\m711_unified_prepared.obj,0.397876,0.000810,847.960716,0.773629,1.000028,0.242109,648.551355
Sword\m712_unified_prepared.obj,0.078457,0.000179,133.996127,0.168153,1.000016,0.124042,571.627660
Sword\m713_unified_prepared.obj,0.088992,0.000248,101.533145,0.209435,1.000007,0.077407,1760.325847
Sword\m714_unified_prepared.obj,0.096327,0.000232,146.727707,0.202336,1.000067,0.140462,3166.202962
Sword\m715_unified_prepared.obj,0.142896,0.000355,204.308101,0.161774,1.000033,0.041753,8.161170
Sword\m716_unified_prepared.obj,0.182580,0.000579,160.780983,0.320792,1.000008,0.145126,164.748507
Sword\m717_unified_prepared.obj,0.075905,0.000191,106.538678,0.211360,1.000004,0.174346,1842.089753
Sword\m718_unified_prepared.obj,0.166269,0.000940,45.974120,0.351992,1.000554,0.411669,5478.665243
Sword\m719_unified_prepared.obj,0.298382,0.004176,13.470204,0.412026,1.000000,0.417439,169.824032
Sword\m720_unified_prepared.obj,0.169472,0.001116,34.555709,0.407967,1.000001,0.451347,309.048997
Sword\m721_unified_prepared.obj,0.191622,0.002124,13.785104,0.364957,1.000019,0.519320,97.976752
Tool\D01003_unified_prepared.obj,0.374846,0.006758,10.196730,0.493875,1.000512,0.435970,65.221208
Tool\D01012_unified_prepared.obj,0.439850,0.008565,10.255927,0.397710,1.002828,0.344696,57.487217
Tool\D01040_unified_prepared.obj,0.534561,0.011255,10.662022,0.302874,1.081355,0.265164,43.937337
Tool\D01044_unified_prepared.obj,0.569987,0.012202,10.996955,0.356186,1.123934,0.261463,47.250025
Tool\D01069_unified_prepared.obj,0.620307,0.013598,11.412906,0.312924,1.178585,0.243286,41.822192
Tool\D01084_unified_prepared.obj,0.522135,0.011069,10.273002,0.335805,1.070589,0.293861,47.402490
Tool\D01086_unified_prepared.obj,0.401694,0.007541,10.077979,0.421052,1.002105,0.373752,61.229237
Tool\D01111_unified_prepared.obj,0.491113,0.010003,10.468073,0.297733,1.041980,0.250817,55.371274
Tool\D01113_unified_prepared.obj,0.439384,0.008673,9.970563,0.301788,1.000601,0.257227,59.553143
Tool\D01127_unified_prepared.obj,0.538744,0.011067,11.288657,0.261726,1.092445,0.239589,42.559203
Tool\D01131_unified_prepared.obj,0.505242,0.010617,10.116595,0.352295,1.045450,0.317049,46.313328
Tool\D01140_unified_prepared.obj,0.517818,0.010854,10.420215,0.315602,1.062099,0.278243,42.386613
Tool\D01142_unified_prepared.obj,0.630288,0.014056,11.205144,0.290053,1.179344,0.235188,53.334675
Tool\D01148_unified_prepared.obj,0.456157,0.009014,10.328521,0.370919,1.003961,0.319604,54.451535
Tool\D01152_unified_prepared.obj,0.556687,0.010876,12.896611,0.242625,1.192425,0.243742,56.912878
Tool\D01154_unified_prepared.obj,0.507687,0.010349,10.802625,0.267235,1.058794,0.256136,47.288700
Tool\D01156_unified_prepared.obj,0.566535,0.012279,10.663155,0.303778,1.106832,0.243115,51.167590
Tool\D01159_unified_prepared.obj,0.523244,0.011000,10.467744,0.327368,1.071771,0.278159,47.330903
Tool\D01165_unified_prepared.obj,0.548257,0.010559,13.069446,0.271144,1.173301,0.264344,60.410400
Tool\D01176_unified_prepared.obj,0.402547,0.007930,9.172090,0.327808,1.000630,0.295644,63.808598
Tool\m1099_unified_prepared.obj,0.334440,0.001347,182.382016,0.348853,1.004589,0.112264,433.295375
Tool\m1100_unified_prepared.obj,0.273030,0.000897,223.721498,0.290627,1.030835,0.053639,293.259889
Tool\m1101_unified_prepared.obj,0.151166,0.000943,34.374709,0.291371,1.000173,0.344750,1636.510783
Tool\m1102_unified_prepared.obj,0.078831,0.000298,48.936254,0.197810,1.000040,0.185760,1632.805767
Tool\m1103_unified_prepared.obj,0.249889,0.001672,49.382466,0.503823,1.001476,0.244535,582.478986
Tool\m1104_unified_prepared.obj,0.245554,0.001417,65.199017,0.371589,1.002002,0.225305,1059.797649
Tool\m1105_unified_prepared.obj,0.385764,0.003449,42.682191,0.522242,1.000053,0.356723,511.495853
Tool\m1106_unified_prepared.obj,0.868734,0.001645,2142.483845,1.206150,1.000289,0.207781,686.949192
Tool\m1107_unified_prepared.obj,0.420731,0.002551,101.224770,0.539890,1.000790,0.223682,118.867068
Tool\m1108_unified_prepared.obj,0.614512,0.003324,185.656300,0.796283,1.000463,0.343179,684.532191
Tool\m1109_unified_prepared.obj,0.574388,0.012957,9.981170,0.366225,1.005348,0.312595,69.969354
Tool\m1110_unified_prepared.obj,0.469235,0.010056,9.033332,0.427845,1.014572,0.365429,81.021700
Tool\m1111_unified_prepared.obj,0.376749,0.006189,12.346128,0.283727,1.006217,0.189170,155.666182
Tool\m1112_unified_prepared.obj,0.413541,0.006372,15.402450,0.357126,1.030378,0.265514,200.971318
Tool\m1113_unified_prepared.obj,0.218648,0.002989,10.345220,0.469131,1.001471,0.592938,35.986190
Tool\m1114_unified_prepared.obj,0.160992,0.002043,8.842913,0.389723,1.000052,0.600802,40.800763
Tool\m1115_unified_prepared.obj,0.285875,0.003059,22.079017,0.597068,1.000097,0.638049,32.223699
Tool\m1116_unified_prepared.obj,0.198451,0.001750,22.575719,0.493606,1.001846,0.540210,529.796776
Tool\m1117_unified_prepared.obj,0.318680,0.004061,17.353780,0.422959,1.001064,0.543683,420.154607
Tool\m587_unified_prepared.obj,1.867775,0.043513,30.428561,0.541617,1.007743,0.325576,10.045878
Tool\m588_unified_prepared.obj,2.683587,0.013215,978.568982,0.701400,1.063402,0.077109,12.389161
Tool\m589_unified_prepared.obj,2.771580,0.040911,112.471213,0.909763,1.034298,0.314629,10.000320
Tool\m590_unified_prepared.obj,1.063494,0.009952,107.378555,0.649713,1.018041,0.220860,16.808682
Tool\m591_unified_prepared.obj,1.195106,0.015237,65.010956,0.654651,1.023007,0.266476,27.558439
Train\D01008_unified_prepared.obj,2.742611,0.043775,95.189286,1.368076,1.042260,0.360036,12.237043
Train\D01014_unified_prepared.obj,1.689129,0.001842,12565.832936,3.820118,1.005635,0.234077,141.216323
Train\D01016_unified_prepared.obj,0.330904,0.000797,504.925712,0.831765,1.000511,0.203211,28.367361
Train\D01027_unified_prepared.obj,5.032743,0.003703,82193.778008,2.327319,1.086793,0.037683,14.903810
Train\D01031_unified_prepared.obj,1.497589,0.003232,2842.589704,1.734863,1.009651,0.110710,49.291072
Train\D01035_unified_prepared.obj,0.984860,0.021485,18.298029,0.873137,1.007350,0.576353,56.003605
Train\D01047_unified_prepared.obj,3.450359,0.009474,4046.697203,2.831178,1.019897,0.222815,17.002149
Train\D01055_unified_prepared.obj,1.643937,0.011809,281.685802,1.903180,1.004729,0.470349,30.708393
Train\D01059_unified_prepared.obj,1.886215,0.012965,353.019117,1.482717,1.003426,0.324234,20.728043
Train\D01061_unified_prepared.obj,3.709947,0.011809,3237.742935,2.960133,1.017413,0.243091,34.140956
Train\D01064_unified_prepared.obj,3.414897,0.053125,124.760786,1.409748,1.035449,0.381100,7.637451
Train\D01089_unified_prepared.obj,1.201600,0.019479,40.430623,1.132818,1.003397,0.562361,51.133715
Train\D01094_unified_prepared.obj,1.553127,0.005779,991.755073,2.144972,1.002221,0.321250,38.381559
Train\D01095_unified_prepared.obj,1.661837,0.037420,28.980857,1.333558,1.016838,0.713237,33.559834
Train\D01134_unified_prepared.obj,1.710411,0.009530,487.126595,2.108459,1.003460,0.471011,70.397131
Train\D01137_unified_prepared.obj,0.507302,0.001732,385.025985,2.087965,1.000004,0.590817,411.174310
Train\D01147_unified_prepared.obj,1.530050,0.003561,2497.936044,2.368514,1.003164,0.188912,93.847479
Train\D01149_unified_prepared.obj,1.909169,0.001573,24864.103461,5.365425,1.000007,0.248347,130.082962
Train\D01163_unified_prepared.obj,3.746487,0.033801,406.976537,2.252171,1.023065,0.363369,12.527947
Train\D01180_unified_prepared.obj,1.781710,0.015264,214.633918,1.632886,1.006835,0.396491,40.724235
Train\m1578_unified_prepared.obj,1.221478,0.035311,12.923795,0.915061,1.047031,0.620722,66.126840
Train\m1580_unified_prepared.obj,4.928102,0.057023,325.446835,2.360109,1.024605,0.608441,7.610602
Train\m1581_unified_prepared.obj,1.094371,0.026904,16.011082,1.142009,1.000011,0.765865,31.825435
Train\m1582_unified_prepared.obj,1.346240,0.030153,23.727590,1.346216,1.000183,0.754894,39.970069
Train\m1583_unified_prepared.obj,1.779426,0.022648,97.128572,0.738762,1.049853,0.190773,5.539993
Train\m1584_unified_prepared.obj,2.142931,0.094502,9.742925,0.901845,1.013044,0.625110,10.900810
Train\m1585_unified_prepared.obj,3.418510,0.015767,1420.799650,1.765785,1.002188,0.174507,10.702578
Train\m1586_unified_prepared.obj,3.372356,0.018025,1043.757769,1.972285,1.010346,0.248837,13.245626
Train\m1587_unified_prepared.obj,2.840343,0.027027,277.373222,1.458138,1.055307,0.212712,4.155341
Train\m1588_unified_prepared.obj,2.134731,0.039233,55.881079,1.253024,1.000580,0.537480,22.535769
Tree\D00096_unified_prepared.obj,2.846096,0.000180,6318314.464089,1.518855,1.054203,0.003279,2.275848
Tree\D00200_unified_prepared.obj,0.381579,0.000139,25522.398503,0.162879,1.000513,0.001407,5.910553
Tree\D00221_unified_prepared.obj,3.011809,0.003444,20368.293100,0.520160,1.021044,0.009939,2.842775
Tree\D00223_unified_prepared.obj,2.246517,0.003855,6745.354905,0.416978,1.074894,0.012551,3.810142
Tree\D00367_unified_prepared.obj,2.736891,0.003185,17873.025168,0.691672,1.053403,0.016698,1.974099
Tree\D00385_unified_prepared.obj,2.121792,0.006173,2216.268399,0.442673,1.120034,0.022651,2.012359
Tree\D00393_unified_prepared.obj,1.016201,0.001330,5243.050801,0.186719,1.046062,0.003945,4.105572
Tree\D00439_unified_prepared.obj,1.640156,0.000934,44691.855286,0.336120,1.135701,0.003000,4.221300
Tree\D00456_unified_prepared.obj,0.403359,0.000121,39771.870499,0.278973,1.002456,0.003176,27.929922
Tree\D00479_unified_prepared.obj,1.232683,0.000760,28670.359295,0.221530,1.015253,0.002326,1.718258
Tree\D00533_unified_prepared.obj,0.478625,0.000065,227767.595364,0.200239,1.003935,0.000713,3.730205
Tree\D00573_unified_prepared.obj,2.648955,0.001779,51932.507351,0.569356,1.032368,0.007565,6.086442
Tree\D00612_unified_prepared.obj,0.926089,0.000493,28836.027445,0.298539,1.000729,0.005044,4.009463
Tree\D00727_unified_prepared.obj,1.534805,0.004160,1847.264686,0.283035,1.042776,0.010398,2.466165
Tree\D00765_unified_prepared.obj,0.749988,0.002616,545.149079,0.218901,1.031987,0.014102,2.777596
Tree\D00777_unified_prepared.obj,0.682955,0.000993,2854.898756,0.220714,1.000425,0.005422,1.763017
Tree\D00810_unified_prepared.obj,2.174926,0.003237,8679.681949,0.521177,1.124149,0.014522,3.001846
Tree\D00834_unified_prepared.obj,0.670073,0.000148,120920.417879,0.278382,1.003849,0.001853,3.550977
Tree\D00911_unified_prepared.obj,2.720711,0.003199,17399.967012,0.481652,1.006978,0.010421,1.674531
Tree\D00996_unified_prepared.obj,4.083747,0.002480,97901.152239,0.740229,1.043698,0.007287,1.942091
Tree\m1050_unified_prepared.obj,1.334561,0.000219,436235.990852,0.461076,1.004099,0.001731,4.011821
Tree\m1062_unified_prepared.obj,0.203953,0.000794,118.841478,0.070248,1.039619,0.010519,7.162827
Tree\m1063_unified_prepared.obj,0.337767,0.001317,196.436941,0.073654,1.148597,0.005668,5.468718
Tree\m1064_unified_prepared.obj,0.302727,0.000159,9658.142572,0.084430,1.145972,0.001263,2.356705
Tree\m1065_unified_prepared.obj,0.552278,0.000188,42261.914922,0.173960,1.123996,0.001675,2.162819
Tree\m1066_unified_prepared.obj,0.429397,0.000384,4757.776883,0.198357,1.056320,0.006711,3.964554
Tree\m1067_unified_prepared.obj,0.622303,0.002093,486.231576,0.147831,1.179312,0.011047,3.566418
Tree\m1068_unified_prepared.obj,0.645857,0.001223,1592.323260,0.123543,1.078089,0.004616,5.617831
Tree\m1069_unified_prepared.obj,0.602831,0.000214,42399.434607,0.101411,1.081796,0.000651,4.974222
Tree\m1070_unified_prepared.obj,0.212418,0.000594,240.358458,0.119526,1.014761,0.014904,5.675873
Tree\m1071_unified_prepared.obj,0.321272,0.000751,519.888041,0.090809,1.031859,0.004265,4.097433
Tree\m1072_unified_prepared.obj,0.262994,0.000623,414.288623,0.103374,1.002119,0.008476,3.599812
Tree\m1075_unified_prepared.obj,0.449181,0.004049,48.886936,0.171637,1.041195,0.061906,75.255324
Tree\m1077_unified_prepared.obj,1.364413,0.015693,91.191384,0.332624,1.039990,0.073238,2.270685
Tree\m1078_unified_prepared.obj,0.623105,0.005093,82.483812,0.416577,1.006343,0.126055,16.452995
Tree\m1079_unified_prepared.obj,1.215923,0.027774,20.605940,0.979227,1.000800,1.163349,31.904166
Tree\m1082_unified_prepared.obj,1.277258,0.049563,7.500007,0.580003,1.000214,0.965717,80.413673
Tree\m1086_unified_prepared.obj,0.928515,0.000246,117082.486081,0.642213,1.000610,0.005290,22.302880
Tree\m1089_unified_prepared.obj,0.492082,0.002555,161.362278,0.178728,1.029599,0.030323,13.278110
Tree\m1090_unified_prepared.obj,0.470636,0.000755,1618.736956,0.189849,1.003822,0.011228,3.244084
Tree\m1091_unified_prepared.obj,1.537527,0.010244,306.230928,0.482546,1.002176,0.084320,2.103325
Tree\m1092_unified_prepared.obj,1.156570,0.009459,152.892049,0.246087,1.029793,0.057055,5.407363
Tree\m1093_unified_prepared.obj,1.029619,0.002582,1447.841261,0.212611,1.051734,0.015927,4.081989
Tree\m1095_unified_prepared.obj,0.671114,0.001750,873.012356,0.116869,1.048480,0.005271,3.811687
Tree\m1096_unified_prepared.obj,0.637369,0.006064,62.265486,0.228478,1.011132,0.054158,6.126900
Tree\m1097_unified_prepared.obj,0.250746,0.000000,197431440582377.281250,0.305166,1.001508,0.000002,60185.515206
Tree\m1098_unified_prepared.obj,1.683851,0.001621,16069.700954,0.292871,1.104820,0.004517,2.113112
Truck\D00002_unified_prepared.obj,1.657136,0.033755,35.314222,0.924976,1.072189,0.316171,9.972824
Truck\D00003_unified_prepared.obj,3.292525,0.042227,176.990106,1.328232,1.009152,0.369042,9.228211
Truck\D00010_unified_prepared.obj,2.755750,0.080182,28.781791,1.486280,1.068887,0.757293,24.106416
Truck\D00029_unified_prepared.obj,4.224846,0.038252,455.696589,3.315652,1.028050,1.089971,30.650015
Truck\D00047_unified_prepared.obj,1.769355,0.004765,2157.020086,1.456355,1.043477,0.109220,45.751890
Truck\D00056_unified_prepared.obj,1.550614,0.018330,98.117806,1.220625,1.039562,0.405142,107.620731
Truck\D00112_unified_prepared.obj,3.915926,0.033397,476.037044,2.508896,1.050777,0.500127,24.738597
Truck\D00158_unified_prepared.obj,3.086148,0.031339,264.614863,1.546764,1.049315,0.272606,11.425630
Truck\D00241_unified_prepared.obj,0.944506,0.022641,14.533495,0.889099,1.027062,0.648824,26.553602
Truck\D00287_unified_prepared.obj,3.841456,0.033197,454.815957,1.675081,1.032586,0.224180,11.591306
Truck\D00303_unified_prepared.obj,2.851828,0.008475,2854.912227,2.645714,1.026687,0.216755,45.790017
Truck\D00331_unified_prepared.obj,3.129699,0.003336,24358.555268,3.022642,1.022271,0.113328,47.345864
Truck\D00406_unified_prepared.obj,3.572936,0.104117,37.203474,1.639005,1.109305,0.664424,7.401686
Truck\D00424_unified_prepared.obj,1.150452,0.015129,58.821943,1.291877,1.024598,0.633496,68.766794
Truck\D00518_unified_prepared.obj,3.166777,0.008471,3913.499410,2.276142,1.025887,0.134570,26.407377
Truck\D00804_unified_prepared.obj,2.738521,0.016576,660.897795,1.504280,1.042543,0.176969,17.768300
Truck\D00835_unified_prepared.obj,3.368070,0.015587,1390.524798,2.197100,1.018296,0.199331,40.641896
Truck\D00926_unified_prepared.obj,3.416020,0.015257,1514.224113,4.443169,1.018735,0.617584,67.921211
Truck\D00947_unified_prepared.obj,4.294003,0.011117,5664.495406,1.903401,1.106043,0.078074,5.056961
Truck\D00987_unified_prepared.obj,2.584094,0.014136,763.548068,1.671053,1.024128,0.195724,16.835492
Truck\m1570_unified_prepared.obj,1.700752,0.048357,18.601666,0.974470,1.064351,0.700764,18.726701
Truck\m1571_unified_prepared.obj,2.635682,0.020808,373.906240,1.482111,1.045523,0.220649,16.199640
Truck\m1572_unified_prepared.obj,1.265675,0.025631,27.289294,1.031555,1.032638,0.671965,50.366352
Truck\m1573_unified_prepared.obj,1.525039,0.041946,17.824078,0.762285,1.057953,0.607189,7.419409
Truck\m1574_unified_prepared.obj,3.207790,0.084761,40.622901,1.285689,1.081817,0.583002,12.200928
Truck\m1575_unified_prepared.obj,5.570704,0.040028,953.999287,2.401143,1.102857,0.263816,13.469326
Truck\m1576_unified_prepared.obj,3.151217,0.031068,286.659607,1.856771,1.045644,0.331410,14.702866
TruckNonContainer\D00055_unified_prepared.obj,5.862558,0.050439,700.293434,2.066385,1.058368,0.283266,6.425286
TruckNonContainer\D00143_unified_prepared.obj,8.656086,0.037541,4069.225776,2.429496,1.046702,0.172246,4.536010
TruckNonContainer\D00148_unified_prepared.obj,1.940299,0.009027,792.671362,0.994274,1.035036,0.082370,8.789738
TruckNonContainer\D00215_unified_prepared.obj,2.334900,0.022250,227.357228,1.311991,1.027831,0.239190,11.959328
TruckNonContainer\D00252_unified_prepared.obj,2.624924,0.008329,2305.114422,1.167510,1.060463,0.065703,6.014973
TruckNonContainer\D00266_unified_prepared.obj,4.033074,0.041148,342.576317,2.026813,1.052197,0.378461,21.971717
TruckNonContainer\D00267_unified_prepared.obj,3.061688,0.048635,107.281646,1.239344,1.065211,0.336792,14.083707
TruckNonContainer\D00275_unified_prepared.obj,1.756847,0.010157,464.719852,1.127119,1.027397,0.156465,44.555186
TruckNonContainer\D00283_unified_prepared.obj,6.275567,0.060774,591.664497,1.641073,1.025669,0.369133,5.786475
TruckNonContainer\D00353_unified_prepared.obj,5.019973,0.022302,2248.806696,2.088857,1.040323,0.172247,9.705711
TruckNonContainer\D00553_unified_prepared.obj,2.138115,0.010770,745.150452,1.085700,1.049031,0.108441,8.278004
TruckNonContainer\D00572_unified_prepared.obj,3.173058,0.007151,5524.324704,2.370490,1.018376,0.136607,16.471366
TruckNonContainer\D00608_unified_prepared.obj,2.949324,0.042862,123.469733,1.424670,1.029213,0.335447,11.780841
TruckNonContainer\D00619_unified_prepared.obj,2.338126,0.038300,77.046452,1.235615,1.026381,0.428405,11.364267
TruckNonContainer\D00699_unified_prepared.obj,2.723261,0.010713,1556.017614,1.306739,1.053995,0.097860,29.382188
TruckNonContainer\D00731_unified_prepared.obj,3.200667,0.018415,854.903072,1.754780,1.030329,0.205355,19.737485
TruckNonContainer\D00737_unified_prepared.obj,4.136844,0.016282,2361.313321,1.618936,1.056977,0.107788,7.658338
TruckNonContainer\D00783_unified_prepared.obj,2.369980,0.022586,230.736337,1.312825,1.034489,0.253225,29.534589
TruckNonContainer\D00879_unified_prepared.obj,3.505705,0.030752,402.834137,1.295174,1.091308,0.190172,10.608165
TruckNonContainer\D00943_unified_prepared.obj,3.015362,0.039113,158.461557,1.450179,1.029840,0.400740,21.320378
Vase\m527_unified_prepared.obj,2.379180,0.270287,1.629968,0.491004,1.044043,0.840989,1.470260
Vase\m528_unified_prepared.obj,1.928331,0.009478,705.717569,1.089068,1.011147,0.122547,16.149513
Vase\m529_unified_prepared.obj,7.311282,0.236927,61.560189,1.402558,1.000505,0.615631,1.494090
Vase\m531_unified_prepared.obj,1.624530,0.019019,104.796277,0.665019,1.020478,0.157890,3.448101
Vase\m532_unified_prepared.obj,1.066278,0.056451,3.363702,0.530757,1.013083,0.685965,28.904871
Vase\m533_unified_prepared.obj,3.047907,0.127058,15.507788,0.862386,1.117841,0.589497,7.535279
Vase\m534_unified_prepared.obj,3.192967,0.033850,251.195051,0.940005,1.034608,0.155163,7.465467
Vase\m535_unified_prepared.obj,1.956144,0.145676,3.118720,0.549788,1.095302,0.603434,8.745483
Vase\m536_unified_prepared.obj,1.393747,0.102597,2.274204,0.566695,1.045248,0.724264,5.556199
Vase\m537_unified_prepared.obj,1.737347,0.135975,2.507765,0.586055,1.038984,0.869536,9.840851
Vase\m538_unified_prepared.obj,4.510612,0.195204,21.294897,0.896700,1.003036,0.611731,2.562950
Vase\m539_unified_prepared.obj,2.269332,0.231282,1.931779,0.535737,1.071485,0.776127,6.513308
Vase\m540_unified_prepared.obj,3.128793,0.092113,31.918384,0.577883,1.091331,0.267292,3.201883
Vase\m541_unified_prepared.obj,0.895668,0.121363,0.431338,0.185431,1.058934,0.318399,1.422211
Vase\m542_unified_prepared.obj,3.046909,0.072167,48.023359,0.688296,1.136317,0.288699,5.494932
Vase\m543_unified_prepared.obj,5.887349,0.849350,2.501116,1.124412,1.120529,1.880816,1.473384
Vase\m544_unified_prepared.obj,3.371269,0.069874,69.390904,0.972137,1.032519,0.294026,5.923187
Vase\m545_unified_prepared.obj,2.354245,0.043450,61.111815,0.545518,1.005102,0.247250,5.445576
Vase\m546_unified_prepared.obj,3.422349,0.070453,71.403562,0.987739,1.061323,0.288753,6.478606
Vase\m547_unified_prepared.obj,4.317026,0.130727,41.626634,0.870659,1.029151,0.353316,1.515902
Violin\D00108_unified_prepared.obj,0.509513,0.004047,71.409206,0.489854,1.000512,0.258980,641.897859
Violin\D00216_unified_prepared.obj,0.718847,0.009672,35.108851,0.651292,1.000945,0.410566,57.387517
Violin\D00250_unified_prepared.obj,0.779803,0.006714,93.005238,0.761221,1.000023,0.348339,98.746991
Violin\D00324_unified_prepared.obj,0.711128,0.014002,16.218734,0.671366,1.000224,0.598842,197.697300
Violin\D00340_unified_prepared.obj,0.847997,0.008490,74.800086,0.842775,1.000256,0.453396,192.100695
Violin\D00349_unified_prepared.obj,0.629390,0.011808,15.811506,0.557981,1.002081,0.506963,200.762354
Violin\D00358_unified_prepared.obj,1.042702,0.010445,91.879434,1.066843,1.000317,0.549706,141.222893
Violin\D00376_unified_prepared.obj,0.431247,0.007065,14.207827,0.498372,1.002910,0.514703,433.635680
Violin\D00506_unified_prepared.obj,0.541071,0.009554,15.343325,0.572362,1.000165,0.488666,176.835127
Violin\D00570_unified_prepared.obj,0.616285,0.009424,23.302847,0.614135,1.000929,0.511809,266.456411
Violin\D00598_unified_prepared.obj,0.341424,0.001979,89.812169,0.434329,1.000116,0.213647,342.526650
Violin\D00602_unified_prepared.obj,0.824685,0.003975,313.898029,0.889488,1.007499,0.264368,108.250897
Violin\D00620_unified_prepared.obj,0.495256,0.008853,13.705244,0.474199,1.002876,0.534656,863.258032
Violin\D00675_unified_prepared.obj,1.122144,0.000145,590314.202653,1.174788,1.000382,0.009712,311.073903
Violin\D00701_unified_prepared.obj,0.486288,0.001132,793.444692,0.541588,1.000237,0.116125,508.538713
Violin\D00704_unified_prepared.obj,0.616816,0.009810,21.560829,0.600803,1.001055,0.481843,101.217607
Violin\D00743_unified_prepared.obj,0.958591,0.009032,95.467413,1.126590,1.003020,0.441278,63.071091
Violin\D00891_unified_prepared.obj,0.587322,0.007470,32.102706,0.603022,1.001161,0.393587,234.360564
Violin\D00898_unified_prepared.obj,1.579804,0.006106,935.183337,1.415965,1.000077,0.247370,78.287996
Violin\D00993_unified_prepared.obj,0.829297,0.002875,610.047897,0.780982,1.000243,0.144180,32.865423
Wheel\m733_unified_prepared.obj,3.239823,0.075439,52.834833,0.862301,1.000143,0.361916,5.324448
Wheel\m734_unified_prepared.obj,4.356076,0.068514,155.695706,1.580496,1.001903,0.493663,13.264889
Wheel\m735_unified_prepared.obj,1.553523,0.011908,233.786814,0.654232,1.001580,0.204726,126.615159
Wheel\m736_unified_prepared.obj,3.282090,0.071066,61.898280,1.134720,1.028462,0.406067,8.831486
Wheel\m737_unified_prepared.obj,9.996714,0.306463,94.051179,2.388516,1.104698,0.735944,4.613535
Wheel\m738_unified_prepared.obj,3.728692,0.227491,8.857045,0.864929,1.006708,0.851988,1.724360
Wheel\m739_unified_prepared.obj,3.441890,0.182462,10.829164,0.866322,1.024863,0.648193,3.943648
Wheel\m740_unified_prepared.obj,7.378712,0.324778,33.675673,1.875614,1.060884,0.900765,17.009313
Wheel\m741_unified_prepared.obj,5.704647,0.154856,68.450927,1.055175,1.243567,0.256387,1.718571
Wheel\m742_unified_prepared.obj,2.332813,0.134474,6.207447,0.840550,1.015996,0.929097,22.857249
Wheel\m743_unified_prepared.obj,2.172406,0.065211,21.316903,0.919028,1.004604,0.912469,78.382408
Wheel\m744_unified_prepared.obj,3.872406,0.205791,12.123786,1.051866,1.074150,0.656805,4.014219
Wheel\m745_unified_prepared.obj,3.874979,0.247862,8.374052,0.932339,1.048408,0.679648,5.692855
Wheel\m746_unified_prepared.obj,3.189482,0.181173,8.740151,0.668222,1.016357,0.834572,2.301281
Wheel\m747_unified_prepared.obj,2.030026,0.081262,11.201457,0.789439,1.010673,0.770637,29.469981
Wheel\m748_unified_prepared.obj,2.480062,0.105283,12.168048,0.692054,1.008552,0.493202,12.138192
Wheel\m749_unified_prepared.obj,1.911812,0.063801,15.178665,0.775209,1.006221,0.777777,53.944869
WheelChair\D00004_unified_prepared.obj,0.704880,0.008803,39.957242,0.270956,1.027275,0.097394,1.967733
WheelChair\D00070_unified_prepared.obj,1.793337,0.043159,27.377899,0.618388,1.056549,0.275801,2.643099
WheelChair\D00088_unified_prepared.obj,1.731656,0.024056,79.337083,0.580894,1.023908,0.169446,2.171455
WheelChair\D00183_unified_prepared.obj,1.659967,0.023168,75.345803,0.605290,1.032709,0.180696,7.020757
WheelChair\D00203_unified_prepared.obj,2.067409,0.015556,322.884372,0.656564,1.008778,0.108450,1.798390
WheelChair\D00274_unified_prepared.obj,1.727905,0.021020,103.238926,0.641950,1.052541,0.145097,2.869065
WheelChair\D00290_unified_prepared.obj,1.292261,0.023509,34.523621,0.456749,1.016253,0.177312,5.158264
WheelChair\D00365_unified_prepared.obj,0.928208,0.016188,26.982497,0.320382,1.034175,0.129430,5.388324
WheelChair\D00394_unified_prepared.obj,1.237870,0.021280,37.035979,0.435891,1.024903,0.166468,3.431550
WheelChair\D00449_unified_prepared.obj,2.930102,0.011819,1592.228507,0.946101,1.055570,0.065820,3.903554
WheelChair\D00453_unified_prepared.obj,1.793666,0.023422,93.009842,0.562593,1.037489,0.143873,3.040777
WheelChair\D00499_unified_prepared.obj,1.486493,0.018968,80.721107,0.574276,1.016181,0.154795,2.706920
WheelChair\D00526_unified_prepared.obj,1.380859,0.009159,277.526698,0.396147,1.033353,0.051621,2.623201
WheelChair\D00604_unified_prepared.obj,1.660396,0.026368,58.212902,0.596524,1.035090,0.200365,2.279618
WheelChair\D00628_unified_prepared.obj,0.983229,0.004268,461.473026,0.303661,1.029818,0.027936,2.241545
WheelChair\D00687_unified_prepared.obj,1.869986,0.021729,122.454049,0.806999,1.029753,0.197239,5.978033
WheelChair\D00720_unified_prepared.obj,1.487769,0.028889,34.888737,0.591956,1.014084,0.243082,4.852409
WheelChair\D00782_unified_prepared.obj,1.888989,0.024171,102.006890,0.463370,1.160639,0.116810,1.240861
WheelChair\D00821_unified_prepared.obj,1.869981,0.021729,122.455196,0.806999,1.029751,0.197238,5.978034
WheelChair\D00846_unified_prepared.obj,1.251448,0.011012,142.903027,0.398518,1.025777,0.070491,3.684741
