v -0.042044 -0.078774 -0.250562
v -0.048284 -0.084624 -0.248002
v 0.050895 -0.070519 -0.005152
v 0.044658 -0.076368 -0.002593
v -0.040842 -0.098305 -0.250363
v 0.0521 -0.090049 -0.004954
v -0.053556 -0.106097 -0.245286
v 0.039382 -0.097842 0.000125
v -0.050836 -0.114565 -0.246031
v 0.042106 -0.10631 -0.000622
v 0.0757 -0.116129 -0.013015
v 0.06781 -0.118938 -0.00993
v -0.025132 -0.127194 -0.255339
v -0.017241 -0.124385 -0.258424
v -0.032571 -0.113509 -0.25298
v 0.060368 -0.105254 -0.00757
v 0.047653 -0.113043 -0.002493
v -0.045289 -0.121299 -0.247903
v -0.034157 -0.075965 -0.253646
v 0.058785 -0.067709 -0.008237
v -0.026714 -0.089648 -0.256003
v 0.066228 -0.081393 -0.010593
v -0.013995 -0.081859 -0.261081
v 0.078943 -0.073604 -0.01567
v -0.008449 -0.088593 -0.262956
v 0.084493 -0.080337 -0.017546
v -0.011002 -0.118535 -0.260984
v 0.081942 -0.110282 -0.015571
v -0.018443 -0.104854 -0.258624
v 0.074499 -0.096598 -0.013214
v -0.005729 -0.097062 -0.263701
v 0.087213 -0.088806 -0.018292
v 0.063298 -0.093325 -0.009082
v -0.029644 -0.101577 -0.254491
v 0.190559 0.140356 0.040956
v 0.265131 0.021917 0.04477
v 0.222855 -0.004152 0.061748
v 0.148285 0.114285 0.057935
v 0.227407 -0.000752 0.078304
v 0.152838 0.117684 0.074491
v 0.195112 0.143756 0.057512
v 0.269684 0.025316 0.061326
v 0.222632 -0.024254 0.084443
v 0.129416 0.123798 0.079676
v 0.199887 0.167258 0.051374
v 0.293104 0.019206 0.05614
v 0.190781 0.160459 0.018261
v 0.283998 0.012407 0.023028
v 0.213526 -0.031053 0.051331
v 0.120311 0.116998 0.046564
v 0.223508 0.070737 0.046298
v 0.218914 0.085575 0.060477
v 0.225911 0.062486 0.06392
v 0.21126 0.0715 0.067909
v 0.211013 0.053733 0.068274
v 0.196617 0.06165 0.070596
v 0.19462 0.077753 0.067849
v 0.203443 0.086859 0.063553
v 0.243275 0.008194 0.035006
v 0.219892 0.002436 0.0425
v 0.230566 1.6e-05 0.021768
v 0.211186 0.001094 0.026876
v 0.199827 0.012483 0.029654
v 0.19559 0.025698 0.026113
v 0.199928 0.029344 0.042583
v 0.199896 0.039815 0.022021
v 0.207606 0.047141 0.036817
v 0.211256 0.048558 0.017111
v 0.224237 0.050065 0.015067
v 0.23547 0.050923 0.028378
v 0.238842 0.041452 0.010984
v 0.24912 0.036018 0.027685
v 0.246232 0.022876 0.012766
v 0.243573 0.010931 0.017786
v 0.220909 0.024285 0.019432
v 0.196661 0.08223 0.032622
v 0.178538 0.075841 0.038917
v 0.174258 0.072636 0.022341
v 0.192175 0.079161 0.016074
v 0.156364 0.081157 0.025512
v 0.160582 0.0846 0.042056
v 0.148975 0.09973 0.02373
v 0.153316 0.10338 0.040198
v 0.153281 0.113851 0.019638
v 0.160993 0.121176 0.034433
v 0.164642 0.12259 0.014728
v 0.177622 0.124101 0.012683
v 0.188855 0.124958 0.025995
v 0.192228 0.115488 0.0086
v 0.204142 0.1049 0.025792
v 0.199618 0.096911 0.010382
v 0.174295 0.098321 0.017048
v 0.519404 -0.07916 0.263903
v 0.536728 -0.091915 0.277239
v 0.525408 -0.073189 0.27696
v 0.530501 -0.099818 0.265182
v 0.491328 -0.118553 0.279688
v 0.481609 -0.100116 0.294053
v 0.493152 -0.118676 0.295142
v 0.480276 -0.097862 0.278569
v 0.523168 -0.118223 0.270905
v 0.506197 -0.124669 0.277002
v 0.498598 -0.129776 0.252333
v 0.516605 -0.123163 0.246032
v 0.480575 -0.121256 0.255532
v 0.484225 -0.111884 0.280321
v 0.473095 -0.102585 0.253758
v 0.480535 -0.084703 0.248048
v 0.487577 -0.07948 0.272731
v 0.498543 -0.078089 0.241749
v 0.504605 -0.072992 0.266843
v 0.516565 -0.08661 0.238548
v 0.526532 -0.08581 0.26336
v 0.524046 -0.105281 0.240323
v 0.526043 -0.126535 0.278598
v 0.511808 -0.132857 0.277049
v 0.504989 -0.13795 0.252211
v 0.517199 -0.13356 0.247958
v 0.498617 -0.132073 0.28051
v 0.491798 -0.137167 0.255671
v 0.479635 -0.131328 0.257814
v 0.486454 -0.126235 0.282652
v 0.470355 -0.121324 0.25831
v 0.479083 -0.116497 0.287032
v 0.465377 -0.108671 0.257082
v 0.472196 -0.103577 0.28192
v 0.465447 -0.095294 0.25432
v 0.472266 -0.0902 0.279158
v 0.470554 -0.083229 0.250444
v 0.477373 -0.078139 0.275283
v 0.479921 -0.074322 0.246046
v 0.488032 -0.068678 0.27717
v 0.49213 -0.069931 0.241794
v 0.498949 -0.064837 0.266632
v 0.505321 -0.070715 0.238333
v 0.51214 -0.065621 0.263171
v 0.517484 -0.076553 0.236191
v 0.524303 -0.071459 0.261029
v 0.526764 -0.086557 0.235695
v 0.533814 -0.079601 0.264441
v 0.531743 -0.099211 0.236923
v 0.538562 -0.094117 0.261761
v 0.531672 -0.112588 0.239685
v 0.538491 -0.107494 0.264523
v 0.533385 -0.119559 0.268399
v 0.526565 -0.124649 0.24356
v 0.500719 -0.091445 0.271602
v 0.510039 -0.106253 0.27208
v 0.522136 -0.075836 0.291941
v 0.510117 -0.084049 0.302925
v 0.493799 -0.093009 0.304395
v 0.503077 -0.111059 0.304396
v 0.518045 -0.100646 0.304152
v 0.53198 -0.093466 0.294006
v 0.507134 -0.065026 0.28066
v 0.49863 -0.073112 0.294575
v 0.482385 -0.080283 0.290583
v 0.511601 -0.126707 0.292082
v 0.524982 -0.114984 0.295927
v 0.536351 -0.111454 0.282159
v 0.450815 -0.132885 0.136558
v 0.463801 -0.119912 0.185823
v 0.466294 -0.126236 0.186436
v 0.451066 -0.120204 0.13387
v 0.463832 -0.113222 0.184439
v 0.46638 -0.107189 0.182497
v 0.471059 -0.102734 0.180293
v 0.457382 -0.112943 0.130632
v 0.477161 -0.100538 0.178161
v 0.466858 -0.110533 0.12753
v 0.483755 -0.100925 0.176425
v 0.477083 -0.11491 0.125717
v 0.489837 -0.103843 0.175349
v 0.482615 -0.122605 0.125687
v 0.494479 -0.108841 0.175098
v 0.496973 -0.115169 0.175712
v 0.482357 -0.135287 0.128353
v 0.496942 -0.121856 0.177095
v 0.494394 -0.127888 0.179037
v 0.476038 -0.142553 0.131581
v 0.489714 -0.132344 0.181242
v 0.466563 -0.144962 0.134689
v 0.483613 -0.134543 0.183374
v 0.477018 -0.134152 0.18511
v 0.45639 -0.140547 0.136686
v 0.470936 -0.131234 0.186185
v 0.441831 -0.131304 0.138689
v 0.453228 -0.122798 0.180074
v 0.444938 -0.139451 0.139746
v 0.456396 -0.132569 0.181266
v 0.44187 -0.12127 0.136615
v 0.453267 -0.112764 0.178
v 0.457097 -0.103717 0.175086
v 0.4457 -0.112226 0.133702
v 0.46381 -0.096413 0.171791
v 0.452718 -0.10554 0.130394
v 0.473269 -0.093738 0.168581
v 0.461871 -0.102244 0.127196
v 0.483161 -0.094312 0.165974
v 0.471764 -0.102822 0.12459
v 0.482021 -0.108228 0.123041
v 0.492283 -0.098695 0.164363
v 0.4886 -0.115958 0.122891
v 0.499246 -0.106194 0.163987
v 0.491589 -0.124189 0.123523
v 0.502986 -0.115683 0.164908
v 0.49155 -0.134224 0.125596
v 0.502948 -0.125718 0.166981
v 0.48772 -0.14327 0.128511
v 0.499118 -0.134765 0.169895
v 0.480701 -0.149953 0.131817
v 0.492432 -0.142049 0.173289
v 0.471549 -0.153253 0.135016
v 0.482946 -0.144743 0.1764
v 0.461656 -0.152675 0.137622
v 0.473053 -0.144166 0.179006
v 0.451479 -0.147204 0.139465
v 0.463932 -0.139787 0.180618
v 0.444848 -0.116654 0.184269
v 0.453582 -0.133611 0.197551
v 0.463427 -0.086695 0.185195
v 0.451003 -0.097779 0.178702
v 0.482047 -0.081894 0.179086
v 0.478223 -0.084804 0.165384
v 0.503072 -0.095672 0.163921
v 0.506766 -0.139539 0.171928
v 0.50035 -0.146138 0.187246
v 0.477994 -0.153676 0.179606
v 0.481733 -0.15094 0.193366
v 0.459797 -0.145908 0.186173
v 0.449203 -0.109752 0.095612
v 0.455351 -0.117312 0.095291
v 0.442101 -0.127013 0.100732
v 0.43436 -0.123211 0.102111
v 0.441434 -0.138422 0.103096
v 0.433627 -0.141817 0.105473
v 0.462595 -0.109876 0.091548
v 0.468136 -0.121944 0.092355
v 0.474404 -0.11665 0.089069
v 0.457617 -0.151641 0.101521
v 0.47639 -0.152902 0.096995
v 0.472244 -0.144124 0.096151
v 0.457658 -0.160189 0.103296
v 0.446975 -0.147218 0.103378
v 0.440474 -0.152685 0.105821
v 0.482183 -0.140966 0.092544
v 0.473677 -0.13074 0.092637
v 0.481252 -0.127518 0.089417
v 0.512919 -0.12067 0.166348
v 0.47816 -0.112475 0.235848
v 0.478417 -0.09979 0.233181
v 0.484737 -0.092527 0.229954
v 0.49421 -0.090115 0.226846
v 0.504384 -0.094533 0.224849
v 0.509959 -0.102193 0.224977
v 0.509708 -0.114874 0.227664
v 0.503391 -0.122134 0.230903
v 0.493916 -0.124547 0.234005
v 0.483691 -0.120167 0.235817
v 0.457787 -0.119394 0.196627
v 0.472175 -0.119123 0.238644
v 0.469185 -0.110888 0.238012
v 0.461527 -0.128884 0.197548
v 0.457826 -0.10936 0.194554
v 0.469224 -0.100854 0.235938
v 0.473054 -0.091807 0.233024
v 0.461123 -0.099872 0.19164
v 0.480072 -0.085124 0.229717
v 0.468675 -0.09363 0.188332
v 0.489225 -0.081828 0.226519
v 0.477828 -0.090334 0.185134
v 0.499118 -0.082406 0.223913
v 0.48772 -0.090911 0.182528
v 0.496842 -0.095294 0.180917
v 0.509295 -0.087873 0.22207
v 0.503806 -0.102793 0.180541
v 0.515836 -0.095626 0.221789
v 0.507545 -0.112279 0.181461
v 0.518943 -0.103773 0.222845
v 0.507506 -0.122313 0.183534
v 0.518904 -0.113808 0.224919
v 0.515074 -0.122854 0.227833
v 0.504182 -0.131822 0.186349
v 0.508055 -0.129538 0.23114
v 0.496657 -0.138043 0.189756
v 0.498902 -0.132833 0.234339
v 0.487505 -0.141342 0.192954
v 0.489009 -0.132256 0.236944
v 0.477612 -0.140765 0.19556
v 0.468059 -0.136898 0.197341
v 0.478752 -0.126849 0.238493
v 0.448717 -0.113877 0.197986
v 0.506763 -0.092876 0.177682
v 0.516614 -0.117801 0.180094
v 0.494596 -0.075873 0.260432
v 0.48853 -0.090957 0.265384
v 0.479927 -0.089198 0.267566
v 0.487097 -0.104341 0.268898
v 0.479521 -0.107559 0.272118
v 0.503158 -0.08344 0.260014
v 0.508185 -0.075847 0.257085
v 0.513798 -0.08786 0.258156
v 0.5203 -0.082392 0.255714
v 0.505424 -0.117769 0.266243
v 0.498178 -0.125201 0.269987
v 0.511571 -0.125325 0.265923
v 0.492637 -0.113134 0.26918
v 0.486369 -0.118427 0.272466
v 0.518673 -0.108064 0.260803
v 0.526414 -0.111866 0.259423
v 0.51934 -0.096655 0.258438
v 0.527147 -0.093261 0.256062
v 0.485668 -0.122463 0.106258
v 0.495344 -0.126394 0.104448
v 0.490364 -0.113737 0.103218
v 0.485707 -0.142248 0.110309
v 0.495274 -0.13977 0.107214
v 0.490169 -0.151831 0.111094
v 0.471944 -0.155509 0.116818
v 0.480798 -0.16073 0.115498
v 0.468596 -0.165129 0.119757
v 0.452453 -0.154497 0.121969
v 0.455407 -0.164344 0.123223
v 0.443245 -0.158506 0.125368
v 0.433965 -0.148501 0.125866
v 0.43864 -0.139792 0.122748
v 0.428986 -0.135848 0.124637
v 0.429056 -0.122472 0.121871
v 0.438601 -0.12001 0.118697
v 0.43416 -0.110408 0.11799
v 0.443532 -0.101512 0.113586
v 0.452365 -0.106748 0.11219
v 0.455733 -0.097113 0.109328
v 0.468923 -0.097898 0.105862
v 0.471855 -0.107762 0.107037
v 0.481085 -0.103736 0.103716
v 0.432753 -0.109397 0.095103
v 0.456904 -0.100906 0.08672
v 0.480821 -0.112593 0.082542
v 0.490473 -0.13762 0.085027
v 0.480228 -0.161319 0.09271
v 0.456077 -0.16981 0.101095
v 0.432159 -0.15812 0.105272
v 0.422508 -0.133096 0.102788
v 0.474935 -0.154096 0.089336
v 0.480448 -0.133027 0.083004
v 0.476954 -0.122631 0.083134
v 0.469288 -0.115187 0.083298
v 0.449781 -0.110742 0.087198
v 0.436399 -0.11785 0.092491
v 0.430645 -0.139099 0.097946
v 0.434781 -0.149016 0.10015
v 0.442242 -0.156609 0.099241
v 0.461478 -0.16126 0.094355
v 0.440569 -0.116226 0.061675
v 0.457729 -0.124481 0.086628
v 0.450902 -0.129578 0.061804
v 0.462726 -0.121518 0.056854
v 0.47291 -0.135154 0.056977
v 0.456331 -0.166494 0.067663
v 0.468642 -0.156991 0.062688
v 0.460211 -0.144371 0.062282
v 0.467037 -0.139273 0.087106
v 0.428437 -0.1256 0.067298
v 0.436803 -0.138269 0.067466
v 0.443629 -0.133172 0.09229
v 0.424142 -0.147456 0.072914
v 0.452936 -0.147961 0.092767
v 0.44611 -0.153058 0.067943
v 0.434265 -0.161134 0.072815
v 0.44852 -0.124101 0.061321
v 0.43651 -0.128484 0.065524
v 0.428492 -0.135199 0.013616
v 0.441485 -0.136016 0.010211
v 0.460523 -0.129804 0.059192
v 0.450599 -0.145909 0.009735
v 0.46548 -0.142259 0.060386
v 0.450485 -0.159094 0.012475
v 0.460496 -0.154157 0.0642
v 0.441211 -0.167833 0.016819
v 0.448486 -0.158544 0.068403
v 0.428218 -0.167016 0.020224
v 0.436483 -0.152836 0.070532
v 0.419104 -0.15712 0.020698
v 0.431527 -0.140382 0.069338
v 0.419218 -0.143938 0.017961
v 0.430442 -0.13759 -0.004912
v 0.447388 -0.155972 -0.005796
v 0.430167 -0.172233 0.002277
v 0.413221 -0.153847 0.003163
v 0.430024 -0.126011 0.011294
v 0.420875 -0.129314 0.014489
v 0.420763 -0.130431 -0.003726
v 0.439919 -0.126595 0.008693
v 0.440256 -0.131658 -0.008834
v 0.449039 -0.13098 0.007086
v 0.453927 -0.146507 -0.009545
v 0.455998 -0.13848 0.006712
v 0.459732 -0.147971 0.007634
v 0.453758 -0.166279 -0.005438
v 0.459687 -0.158007 0.009707
v 0.455851 -0.167052 0.012619
v 0.439843 -0.17939 0.00108
v 0.448822 -0.173723 0.015922
v 0.439671 -0.177023 0.019116
v 0.42035 -0.178167 0.006189
v 0.429778 -0.176442 0.021718
v 0.420658 -0.172057 0.023325
v 0.406679 -0.163318 0.006899
v 0.413698 -0.164553 0.023698
v 0.409964 -0.155062 0.022776
v 0.406848 -0.143542 0.002793
v 0.410009 -0.14503 0.020704
v 0.413845 -0.135985 0.017792
v 0.480124 -0.101139 0.080314
v 0.491715 -0.11365 0.079696
v 0.464924 -0.093836 0.082995
v 0.448435 -0.092861 0.087329
v 0.433181 -0.098357 0.092652
v 0.421469 -0.109481 0.098157
v 0.41508 -0.124556 0.103009
v 0.415 -0.141277 0.106465
v 0.421233 -0.157091 0.107998
v 0.432824 -0.169602 0.107379
v 0.448025 -0.176905 0.104699
v 0.464513 -0.17788 0.100365
v 0.479767 -0.172384 0.095042
v 0.491479 -0.16126 0.089537
v 0.497868 -0.146185 0.084685
v 0.497948 -0.129461 0.081229
v 0.473665 -0.164154 0.051078
v 0.464295 -0.173054 0.055482
v 0.47877 -0.152094 0.047198
v 0.47884 -0.138718 0.044432
v 0.47386 -0.126061 0.043202
v 0.464581 -0.11606 0.0437
v 0.452419 -0.110221 0.045846
v 0.43923 -0.109436 0.049312
v 0.427028 -0.113835 0.05357
v 0.417657 -0.122731 0.057974
v 0.412552 -0.134795 0.061855
v 0.412482 -0.148171 0.064621
v 0.417461 -0.160825 0.06585
v 0.426741 -0.170829 0.065352
v 0.438903 -0.176668 0.063207
v 0.452093 -0.177453 0.059741
v -0.148533 -0.028399 0.437156
v -0.131305 -0.041346 0.450785
v -0.14234 -0.022446 0.449909
v -0.137438 -0.049057 0.438435
v -0.176611 -0.067792 0.452942
v -0.186331 -0.049355 0.467308
v -0.174787 -0.067915 0.468396
v -0.187663 -0.047101 0.451822
v -0.144771 -0.067463 0.444158
v -0.161741 -0.073908 0.450256
v -0.169342 -0.079015 0.425586
v -0.151334 -0.072402 0.419285
v -0.187365 -0.070495 0.428786
v -0.183714 -0.061123 0.453575
v -0.194843 -0.051824 0.427012
v -0.187404 -0.033943 0.421302
v -0.18036 -0.028719 0.445985
v -0.169397 -0.027325 0.415002
v -0.163333 -0.022231 0.440096
v -0.151374 -0.035849 0.411801
v -0.141405 -0.035048 0.436613
v -0.143891 -0.05452 0.413576
v -0.141894 -0.075774 0.451851
v -0.15613 -0.082096 0.450303
v -0.16295 -0.08719 0.425464
v -0.150741 -0.082799 0.421212
v -0.16932 -0.081311 0.453763
v -0.176141 -0.086402 0.428925
v -0.188302 -0.080567 0.431067
v -0.181485 -0.075474 0.455906
v -0.197585 -0.070564 0.431564
v -0.188855 -0.065736 0.460286
v -0.202563 -0.05791 0.430336
v -0.195743 -0.052816 0.455174
v -0.20249 -0.044529 0.427572
v -0.195673 -0.039439 0.452412
v -0.197386 -0.032468 0.423698
v -0.190566 -0.027374 0.448536
v -0.188018 -0.023561 0.4193
v -0.179905 -0.017917 0.450423
v -0.17581 -0.01917 0.415048
v -0.16899 -0.014076 0.439886
v -0.162619 -0.019954 0.411587
v -0.155799 -0.01486 0.436425
v -0.150454 -0.025792 0.409445
v -0.143637 -0.020699 0.434283
v -0.141175 -0.035793 0.408948
v -0.133403 -0.030201 0.437515
v -0.136196 -0.04845 0.410176
v -0.129376 -0.043356 0.435014
v -0.136266 -0.061827 0.412939
v -0.129447 -0.056733 0.437776
v -0.134554 -0.068794 0.441652
v -0.141374 -0.073888 0.416814
v -0.167222 -0.04068 0.444855
v -0.157901 -0.055492 0.445334
v -0.145804 -0.025075 0.465195
v -0.157822 -0.033288 0.476179
v -0.17414 -0.042248 0.477649
v -0.164863 -0.060298 0.47765
v -0.149895 -0.049885 0.477406
v -0.13596 -0.042701 0.46726
v -0.160804 -0.014265 0.453914
v -0.169309 -0.022347 0.467828
v -0.185555 -0.029519 0.463836
v -0.156338 -0.075946 0.465335
v -0.142956 -0.064223 0.46918
v -0.131587 -0.060693 0.455413
v -0.217124 -0.082124 0.309812
v -0.204137 -0.069147 0.359076
v -0.201646 -0.075475 0.35969
v -0.216872 -0.069442 0.307123
v -0.204108 -0.062461 0.357693
v -0.201558 -0.056428 0.35575
v -0.19688 -0.051973 0.353547
v -0.210557 -0.062182 0.303885
v -0.190779 -0.049777 0.351415
v -0.20108 -0.059772 0.300784
v -0.184183 -0.050164 0.349678
v -0.190856 -0.064149 0.298971
v -0.1781 -0.053082 0.348602
v -0.185325 -0.071841 0.298941
v -0.173458 -0.05808 0.348352
v -0.170967 -0.064408 0.348966
v -0.185584 -0.084527 0.301607
v -0.170996 -0.071095 0.350349
v -0.173546 -0.077128 0.352291
v -0.191902 -0.091789 0.304834
v -0.178224 -0.081583 0.354495
v -0.201376 -0.094201 0.307943
v -0.184325 -0.083778 0.356627
v -0.190921 -0.083391 0.358364
v -0.21155 -0.089783 0.30994
v -0.197004 -0.080474 0.359439
v -0.226109 -0.080543 0.311943
v -0.214711 -0.072038 0.353327
v -0.223003 -0.088691 0.312999
v -0.211544 -0.081809 0.35452
v -0.22607 -0.070509 0.309869
v -0.214672 -0.062003 0.351254
v -0.210841 -0.052956 0.348339
v -0.222239 -0.061462 0.306955
v -0.20413 -0.045652 0.345045
v -0.21522 -0.054779 0.303648
v -0.194668 -0.042977 0.341834
v -0.206069 -0.051484 0.30045
v -0.184776 -0.043551 0.339227
v -0.196173 -0.05206 0.297843
v -0.185916 -0.057467 0.296294
v -0.175657 -0.047934 0.337617
v -0.179339 -0.065193 0.296144
v -0.168694 -0.055433 0.337241
v -0.17635 -0.073428 0.296776
v -0.164952 -0.064922 0.338161
v -0.176389 -0.083463 0.29885
v -0.164991 -0.074957 0.340235
v -0.18022 -0.092509 0.301765
v -0.168822 -0.084004 0.343149
v -0.187239 -0.099193 0.305071
v -0.175505 -0.091287 0.346543
v -0.196389 -0.102488 0.308269
v -0.184995 -0.093983 0.349655
v -0.206281 -0.101914 0.310875
v -0.194884 -0.093405 0.352259
v -0.216461 -0.096444 0.312719
v -0.204007 -0.089023 0.353871
v -0.223089 -0.065893 0.357523
v -0.214358 -0.08285 0.370805
v -0.204511 -0.035934 0.358449
v -0.216936 -0.047018 0.351955
v -0.185892 -0.031134 0.35234
v -0.189714 -0.034043 0.338637
v -0.164867 -0.044911 0.337175
v -0.161174 -0.088778 0.345183
v -0.16759 -0.095377 0.3605
v -0.189946 -0.102915 0.352859
v -0.186206 -0.100179 0.36662
v -0.20814 -0.095147 0.359426
v -0.228946 -0.065296 0.272974
v -0.212588 -0.066551 0.268545
v -0.225838 -0.076252 0.273985
v -0.234939 -0.07738 0.276707
v -0.226504 -0.087661 0.27635
v -0.234313 -0.091056 0.278727
v -0.210393 -0.058137 0.266037
v -0.199802 -0.071183 0.265608
v -0.193534 -0.065889 0.262322
v -0.207998 -0.100954 0.274353
v -0.215351 -0.10847 0.277703
v -0.201761 -0.108443 0.274356
v -0.220965 -0.096457 0.276632
v -0.227464 -0.101924 0.279074
v -0.194848 -0.091327 0.268549
v -0.187093 -0.095118 0.267222
v -0.194263 -0.079975 0.26589
v -0.186686 -0.076757 0.26267
v -0.15502 -0.069909 0.339601
v -0.189778 -0.061714 0.409101
v -0.189524 -0.049029 0.406436
v -0.183202 -0.041766 0.403208
v -0.173728 -0.039354 0.400099
v -0.163554 -0.043772 0.398102
v -0.15798 -0.051432 0.39823
v -0.158232 -0.064113 0.400918
v -0.164547 -0.071373 0.404156
v -0.174023 -0.073787 0.407259
v -0.184248 -0.069406 0.409071
v -0.210152 -0.068633 0.369881
v -0.195765 -0.068362 0.411898
v -0.198754 -0.060127 0.411266
v -0.20641 -0.078122 0.370801
v -0.210113 -0.058599 0.367807
v -0.198715 -0.050093 0.409192
v -0.194884 -0.041046 0.406277
v -0.206815 -0.04911 0.364893
v -0.187865 -0.034363 0.40297
v -0.199263 -0.042868 0.361586
v -0.178715 -0.031068 0.399773
v -0.190109 -0.039573 0.358387
v -0.168823 -0.031641 0.397167
v -0.18022 -0.040151 0.355782
v -0.171098 -0.044529 0.35417
v -0.158643 -0.037112 0.395323
v -0.164135 -0.052028 0.353794
v -0.152101 -0.044865 0.395042
v -0.160393 -0.061518 0.354714
v -0.148995 -0.053012 0.396099
v -0.160432 -0.071552 0.356788
v -0.149034 -0.063047 0.398172
v -0.152865 -0.072094 0.401087
v -0.163757 -0.081061 0.359603
v -0.159884 -0.078777 0.404394
v -0.171282 -0.087282 0.36301
v -0.169035 -0.082072 0.407592
v -0.180436 -0.090578 0.366208
v -0.178931 -0.081495 0.410199
v -0.190325 -0.090004 0.368813
v -0.199881 -0.086137 0.370595
v -0.189188 -0.076088 0.411747
v -0.219221 -0.063116 0.37124
v -0.161177 -0.042115 0.350936
v -0.151327 -0.067037 0.353347
v -0.183554 -0.031414 0.437793
v -0.179409 -0.040196 0.438638
v -0.189349 -0.04335 0.442244
v -0.180841 -0.05358 0.442151
v -0.188418 -0.056798 0.445372
v -0.16478 -0.032679 0.433267
v -0.164825 -0.024128 0.431492
v -0.154139 -0.037098 0.431409
v -0.14764 -0.031631 0.428967
v -0.164742 -0.066856 0.440282
v -0.156368 -0.074564 0.439176
v -0.150212 -0.059414 0.434548
v -0.169761 -0.07444 0.44324
v -0.175302 -0.062373 0.442433
v -0.18157 -0.067666 0.445719
v -0.141526 -0.061105 0.432677
v -0.1486 -0.045895 0.431692
v -0.140791 -0.042499 0.429315
v -0.18227 -0.071702 0.279511
v -0.172595 -0.075633 0.277701
v -0.177574 -0.062976 0.276472
v -0.182233 -0.091484 0.283563
v -0.172664 -0.089009 0.280467
v -0.17777 -0.10107 0.284348
v -0.195994 -0.104748 0.290072
v -0.187141 -0.109969 0.288752
v -0.199343 -0.114365 0.29301
v -0.211914 -0.110559 0.29567
v -0.223763 -0.0977 0.296261
v -0.224696 -0.107745 0.298622
v -0.233975 -0.09774 0.29912
v -0.238954 -0.085087 0.297891
v -0.231256 -0.079036 0.294488
v -0.238885 -0.071708 0.295124
v -0.231234 -0.061547 0.290918
v -0.224407 -0.050751 0.28684
v -0.215576 -0.055984 0.285443
v -0.212206 -0.046352 0.282581
v -0.199017 -0.047137 0.279116
v -0.196083 -0.056997 0.28029
v -0.186852 -0.052975 0.27697
v -0.235186 -0.058636 0.268357
v -0.211035 -0.050142 0.259973
v -0.187119 -0.061832 0.255796
v -0.177466 -0.086859 0.258281
v -0.187712 -0.110555 0.265963
v -0.211863 -0.119049 0.274349
v -0.235779 -0.107359 0.278526
v -0.245432 -0.082332 0.276041
v -0.193003 -0.103335 0.26259
v -0.187492 -0.082263 0.256257
v -0.190984 -0.071869 0.256388
v -0.198651 -0.064426 0.256552
v -0.218159 -0.059981 0.260453
v -0.23154 -0.067089 0.265745
v -0.237293 -0.088337 0.271199
v -0.23316 -0.098252 0.273403
v -0.225697 -0.105848 0.272495
v -0.20646 -0.110499 0.267609
v -0.22737 -0.065465 0.234929
v -0.210209 -0.07372 0.259881
v -0.217036 -0.078817 0.235057
v -0.205213 -0.070757 0.230108
v -0.195028 -0.084393 0.23023
v -0.211609 -0.115733 0.240917
v -0.199296 -0.10623 0.235941
v -0.207727 -0.093606 0.235535
v -0.200901 -0.088509 0.260358
v -0.239503 -0.074839 0.240552
v -0.231135 -0.087508 0.240719
v -0.224309 -0.08241 0.265543
v -0.243799 -0.096692 0.246167
v -0.215004 -0.0972 0.266021
v -0.22183 -0.102297 0.241197
v -0.233674 -0.110373 0.246069
v -0.21942 -0.073336 0.234574
v -0.23143 -0.077723 0.238778
v -0.239448 -0.084438 0.18687
v -0.226452 -0.085255 0.183464
v -0.207417 -0.079044 0.232447
v -0.217342 -0.095148 0.18299
v -0.202459 -0.091498 0.23364
v -0.217455 -0.10833 0.185728
v -0.207442 -0.103396 0.237454
v -0.226727 -0.117072 0.190073
v -0.219453 -0.107783 0.241657
v -0.239719 -0.116254 0.193477
v -0.231454 -0.102075 0.243786
v -0.248834 -0.106359 0.193952
v -0.236413 -0.089621 0.242592
v -0.24872 -0.093177 0.191214
v -0.240844 -0.087007 0.169281
v -0.221797 -0.0985 0.166421
v -0.22844 -0.125061 0.173784
v -0.243175 -0.124842 0.177632
v -0.258419 -0.108155 0.178559
v -0.258579 -0.093908 0.175609
v -0.237913 -0.07525 0.184548
v -0.247063 -0.078553 0.187742
v -0.247175 -0.07967 0.169528
v -0.228021 -0.075834 0.181947
v -0.227684 -0.080893 0.164419
v -0.218901 -0.080216 0.180339
v -0.214013 -0.095743 0.163708
v -0.21194 -0.087719 0.179966
v -0.208205 -0.09721 0.180887
v -0.214182 -0.115518 0.167816
v -0.208252 -0.107246 0.182961
v -0.212088 -0.116291 0.185873
v -0.219119 -0.122959 0.189176
v -0.228269 -0.126262 0.19237
v -0.23816 -0.125681 0.194971
v -0.255812 -0.12128 0.180447
v -0.247281 -0.121296 0.196579
v -0.254242 -0.113793 0.196952
v -0.257974 -0.104301 0.196029
v -0.25793 -0.094265 0.193957
v -0.254093 -0.085224 0.191045
v -0.187815 -0.050378 0.253568
v -0.176225 -0.062886 0.252949
v -0.203017 -0.043071 0.256248
v -0.219503 -0.042096 0.260582
v -0.234758 -0.047596 0.265906
v -0.246472 -0.058717 0.271411
v -0.252859 -0.073792 0.276262
v -0.252939 -0.090516 0.279718
v -0.246706 -0.10633 0.281252
v -0.235115 -0.118841 0.280633
v -0.219914 -0.126144 0.277953
v -0.203425 -0.127119 0.273618
v -0.188172 -0.121623 0.268296
v -0.176459 -0.110499 0.26279
v -0.170072 -0.095424 0.257939
v -0.169992 -0.0787 0.254483
v -0.194274 -0.113393 0.224332
v -0.203645 -0.122293 0.228736
v -0.189168 -0.101333 0.220451
v -0.189098 -0.087956 0.217685
v -0.194078 -0.0753 0.216456
v -0.203356 -0.065299 0.216954
v -0.215521 -0.05946 0.2191
v -0.22871 -0.058675 0.222565
v -0.240911 -0.063074 0.226824
v -0.250282 -0.07197 0.231228
v -0.255389 -0.084031 0.235108
v -0.255457 -0.097411 0.237875
v -0.250479 -0.110064 0.239104
v -0.2412 -0.120068 0.238606
v -0.229036 -0.125903 0.23646
v -0.215847 -0.126688 0.232994
v 0.19322 0.439156 0.247171
v 0.210451 0.426211 0.260799
v 0.199415 0.445109 0.259923
v 0.204316 0.4185 0.24845
v 0.165144 0.399765 0.262956
v 0.155631 0.418474 0.277435
v 0.166651 0.399565 0.278257
v 0.154093 0.420454 0.261837
v 0.196984 0.400093 0.254173
v 0.180014 0.393647 0.26027
v 0.172413 0.38854 0.235601
v 0.19042 0.395156 0.2293
v 0.15439 0.397062 0.2388
v 0.158041 0.406432 0.26359
v 0.146911 0.415733 0.237026
v 0.15435 0.433613 0.231316
v 0.161394 0.438839 0.255999
v 0.172358 0.440229 0.225017
v 0.178422 0.445326 0.25011
v 0.190381 0.431707 0.221816
v 0.200348 0.432508 0.246628
v 0.197862 0.413037 0.223591
v 0.19986 0.391781 0.261866
v 0.185625 0.385461 0.260317
v 0.178805 0.380368 0.235479
v 0.191013 0.384759 0.231227
v 0.172435 0.386246 0.263777
v 0.165614 0.381152 0.238939
v 0.153453 0.386989 0.241081
v 0.160269 0.392082 0.26592
v 0.14417 0.396993 0.241578
v 0.152049 0.403087 0.270013
v 0.139191 0.409647 0.24035
v 0.146012 0.41474 0.265188
v 0.139262 0.423024 0.237588
v 0.146082 0.428118 0.262426
v 0.144369 0.435087 0.233712
v 0.151189 0.44018 0.25855
v 0.153737 0.443995 0.229314
v 0.161847 0.449637 0.260439
v 0.165945 0.448386 0.225062
v 0.172765 0.45348 0.2499
v 0.179137 0.447602 0.221601
v 0.185956 0.452695 0.24644
v 0.1913 0.441765 0.219459
v 0.198119 0.446858 0.244297
v 0.20058 0.431761 0.218962
v 0.208352 0.437355 0.24753
v 0.205559 0.419107 0.220191
v 0.212378 0.4242 0.245029
v 0.205488 0.405729 0.222953
v 0.212307 0.410822 0.247791
v 0.2072 0.39876 0.251667
v 0.200382 0.393667 0.226828
v 0.174533 0.426874 0.25487
v 0.183853 0.412065 0.255348
v 0.195952 0.442481 0.275209
v 0.183933 0.434268 0.286193
v 0.167615 0.425307 0.287663
v 0.176892 0.407257 0.287665
v 0.19186 0.417671 0.28742
v 0.205796 0.424853 0.277274
v 0.180951 0.45329 0.263928
v 0.172446 0.445207 0.277843
v 0.156201 0.438035 0.273851
v 0.185417 0.391609 0.27535
v 0.198795 0.403334 0.279195
v 0.210167 0.406864 0.265427
v 0.124631 0.385432 0.119826
v 0.137618 0.398407 0.16909
v 0.140109 0.39208 0.169705
v 0.12488 0.398111 0.117139
v 0.137647 0.405094 0.167708
v 0.140197 0.411127 0.165765
v 0.144875 0.415582 0.163561
v 0.131198 0.405374 0.1139
v 0.150975 0.41778 0.161429
v 0.140675 0.407785 0.110798
v 0.157572 0.417391 0.159693
v 0.150898 0.403407 0.108986
v 0.163653 0.414475 0.158617
v 0.15643 0.395714 0.108955
v 0.168295 0.409475 0.158366
v 0.170788 0.40315 0.15898
v 0.156173 0.383029 0.111621
v 0.170758 0.396461 0.160363
v 0.168209 0.390429 0.162305
v 0.149853 0.375765 0.114848
v 0.16353 0.385974 0.16451
v 0.140379 0.373355 0.117957
v 0.157427 0.383775 0.166642
v 0.150834 0.384165 0.168378
v 0.130205 0.377771 0.119954
v 0.144751 0.387081 0.169454
v 0.115646 0.387012 0.121958
v 0.127044 0.395519 0.163342
v 0.118752 0.378865 0.123014
v 0.130211 0.385748 0.164534
v 0.115685 0.397046 0.119884
v 0.127083 0.405553 0.161268
v 0.130914 0.414599 0.158353
v 0.119517 0.406092 0.116969
v 0.137625 0.421905 0.155059
v 0.126535 0.412776 0.113662
v 0.147083 0.424579 0.151849
v 0.135685 0.416072 0.110465
v 0.156976 0.424003 0.149243
v 0.145578 0.415496 0.107859
v 0.155837 0.410087 0.106309
v 0.166099 0.419622 0.147631
v 0.162415 0.402361 0.106159
v 0.173062 0.412123 0.147255
v 0.165404 0.394127 0.106791
v 0.176802 0.402634 0.148176
v 0.165366 0.384092 0.108864
v 0.176763 0.3926 0.150249
v 0.161536 0.375046 0.111779
v 0.172933 0.383554 0.153163
v 0.154516 0.368363 0.115086
v 0.166246 0.376268 0.156558
v 0.145366 0.365066 0.118283
v 0.15676 0.373573 0.159669
v 0.135473 0.365643 0.12089
v 0.146867 0.37415 0.162275
v 0.125294 0.371112 0.122733
v 0.137749 0.378531 0.163886
v 0.118665 0.401665 0.167537
v 0.127397 0.384707 0.180819
v 0.137244 0.431621 0.168463
v 0.124819 0.420537 0.16197
v 0.155863 0.436422 0.162355
v 0.152041 0.433513 0.148652
v 0.176887 0.422647 0.147189
v 0.180582 0.378778 0.155197
v 0.174165 0.372177 0.170515
v 0.151808 0.364642 0.162874
v 0.155549 0.367378 0.176634
v 0.133612 0.372407 0.169442
v 0.112808 0.402261 0.082988
v 0.116863 0.393414 0.083508
v 0.106816 0.390175 0.086721
v 0.115251 0.379894 0.086364
v 0.107442 0.3765 0.088741
v 0.131393 0.400855 0.077774
v 0.131362 0.409417 0.076052
v 0.141952 0.396373 0.075623
v 0.14822 0.401667 0.072337
v 0.131431 0.366678 0.084789
v 0.139994 0.359111 0.08437
v 0.14606 0.374194 0.079418
v 0.126404 0.359086 0.087717
v 0.12079 0.371099 0.086647
v 0.11429 0.365632 0.089089
v 0.154663 0.372438 0.077236
v 0.147493 0.387579 0.075905
v 0.155068 0.390799 0.072685
v 0.186735 0.397647 0.149616
v 0.151976 0.405842 0.219115
v 0.152235 0.418527 0.216449
v 0.158553 0.425791 0.213222
v 0.168027 0.428201 0.210114
v 0.178199 0.423785 0.208117
v 0.183775 0.416124 0.208245
v 0.183523 0.403444 0.210932
v 0.177208 0.396182 0.214171
v 0.167731 0.393771 0.217273
v 0.157507 0.398149 0.219085
v 0.131603 0.398921 0.179895
v 0.14599 0.399195 0.221912
v 0.143 0.407429 0.22128
v 0.135345 0.389433 0.180816
v 0.131642 0.408956 0.177822
v 0.14304 0.417463 0.219206
v 0.146871 0.42651 0.216292
v 0.13494 0.418445 0.174908
v 0.15389 0.433193 0.212985
v 0.142492 0.424686 0.1716
v 0.16304 0.43649 0.209787
v 0.151642 0.427982 0.168403
v 0.172933 0.435913 0.207181
v 0.161535 0.427406 0.165797
v 0.170658 0.423025 0.164185
v 0.183111 0.430444 0.205338
v 0.177621 0.415526 0.163809
v 0.189652 0.422691 0.205057
v 0.181361 0.406037 0.164729
v 0.192758 0.414544 0.206114
v 0.181322 0.396003 0.166803
v 0.19272 0.40451 0.208187
v 0.18889 0.395464 0.211101
v 0.177998 0.386494 0.169617
v 0.181871 0.38878 0.214408
v 0.170473 0.380273 0.173024
v 0.172717 0.385483 0.217607
v 0.161319 0.376976 0.176223
v 0.162824 0.38606 0.220213
v 0.151427 0.377552 0.178829
v 0.141874 0.381419 0.18061
v 0.152567 0.391469 0.221762
v 0.122534 0.404439 0.181254
v 0.180579 0.42544 0.160951
v 0.190429 0.400518 0.163361
v 0.168412 0.442445 0.2437
v 0.174649 0.434954 0.243703
v 0.161499 0.425327 0.249507
v 0.153744 0.429119 0.250834
v 0.160914 0.413977 0.252165
v 0.153337 0.410757 0.255386
v 0.182002 0.442469 0.240353
v 0.187614 0.430456 0.241424
v 0.194115 0.435924 0.238982
v 0.179239 0.400549 0.249511
v 0.17704 0.392138 0.25202
v 0.195598 0.399295 0.245083
v 0.166453 0.405182 0.252448
v 0.160185 0.399889 0.255734
v 0.192489 0.410252 0.244071
v 0.201589 0.41138 0.24135
v 0.193155 0.421662 0.241706
v 0.200963 0.425055 0.23933
v 0.153949 0.404522 0.089269
v 0.161442 0.385857 0.09104
v 0.16916 0.391924 0.087716
v 0.16418 0.404578 0.086487
v 0.16909 0.378547 0.090482
v 0.161432 0.36838 0.094659
v 0.14576 0.362808 0.100086
v 0.154613 0.357588 0.098766
v 0.142412 0.353189 0.103025
v 0.129841 0.356997 0.105684
v 0.117991 0.369857 0.106275
v 0.117062 0.359813 0.108636
v 0.10778 0.369816 0.109134
v 0.102801 0.38247 0.107905
v 0.110499 0.388522 0.104502
v 0.10287 0.395847 0.105139
v 0.110521 0.406009 0.100932
v 0.117348 0.416806 0.096854
v 0.12618 0.41157 0.095458
v 0.129549 0.421205 0.092596
v 0.142113 0.417391 0.089909
v 0.154901 0.414582 0.086984
v 0.106568 0.408921 0.078371
v 0.13072 0.417413 0.069987
v 0.154636 0.405724 0.065811
v 0.164288 0.380698 0.068295
v 0.154043 0.356999 0.075978
v 0.129892 0.348507 0.084364
v 0.105976 0.360196 0.08854
v 0.096324 0.385222 0.086056
v 0.148751 0.364222 0.072604
v 0.154263 0.385291 0.066272
v 0.15077 0.395687 0.066402
v 0.143104 0.403129 0.066567
v 0.123596 0.407576 0.070467
v 0.110214 0.400468 0.075759
v 0.104461 0.379219 0.081213
v 0.108595 0.369303 0.083418
v 0.116057 0.361708 0.082509
v 0.135295 0.357058 0.077623
v 0.114385 0.402091 0.044943
v 0.131546 0.393836 0.069896
v 0.124719 0.388739 0.045072
v 0.136542 0.396798 0.040122
v 0.146726 0.383164 0.040245
v 0.130146 0.351822 0.050931
v 0.142458 0.361328 0.045955
v 0.134024 0.373948 0.04555
v 0.140851 0.379045 0.070374
v 0.102252 0.392718 0.050566
v 0.11062 0.380049 0.050733
v 0.117446 0.385146 0.075557
v 0.097957 0.370862 0.056182
v 0.126751 0.370355 0.076036
v 0.119925 0.365258 0.051212
v 0.108081 0.357183 0.056083
v 0.122336 0.394218 0.044589
v 0.110326 0.389832 0.048793
v 0.102307 0.383119 -0.003116
v 0.115302 0.382302 -0.006522
v 0.134339 0.388512 0.042461
v 0.124415 0.372408 -0.006997
v 0.139295 0.376058 0.043654
v 0.124301 0.359224 -0.004257
v 0.134312 0.36416 0.047468
v 0.115028 0.350485 8.7e-05
v 0.122302 0.359774 0.051671
v 0.102032 0.351302 0.003493
v 0.110301 0.365481 0.0538
v 0.092921 0.361197 0.003966
v 0.105342 0.377934 0.052606
v 0.093034 0.37438 0.001229
v 0.100911 0.380549 -0.020704
v 0.12492 0.372235 -0.025414
v 0.124871 0.354433 -0.02183
v 0.107321 0.346259 -0.015426
v 0.083404 0.35464 -0.010385
v 0.083409 0.372411 -0.01412
v 0.103841 0.392306 -0.005438
v 0.094691 0.389004 -0.002244
v 0.09458 0.387886 -0.020458
v 0.113733 0.391724 -0.008038
v 0.114072 0.386661 -0.025567
v 0.122854 0.387338 -0.009646
v 0.129814 0.379836 -0.010019
v 0.133548 0.370345 -0.009098
v 0.133503 0.36031 -0.007025
v 0.129667 0.351266 -0.004113
v 0.113658 0.338926 -0.015651
v 0.122636 0.344595 -0.00081
v 0.113486 0.341293 0.002385
v 0.094167 0.340151 -0.010543
v 0.103594 0.341876 0.004985
v 0.094474 0.346261 0.006593
v 0.087513 0.353764 0.006966
v 0.083781 0.363255 0.006044
v 0.083825 0.373289 0.003971
v 0.087661 0.382333 0.001059
v 0.15394 0.417178 0.063582
v 0.165531 0.404668 0.062964
v 0.138739 0.424483 0.066263
v 0.122249 0.425457 0.070597
v 0.106997 0.419961 0.07592
v 0.095284 0.408837 0.081425
v 0.088896 0.393762 0.086277
v 0.088816 0.377039 0.089733
v 0.095048 0.361227 0.091266
v 0.106639 0.348717 0.090647
v 0.12184 0.341412 0.087967
v 0.13833 0.340438 0.083633
v 0.153583 0.345934 0.07831
v 0.165295 0.357058 0.072805
v 0.171684 0.372133 0.067952
v 0.171763 0.388856 0.064497
v 0.147481 0.354162 0.034346
v 0.138109 0.345265 0.03875
v 0.152586 0.366224 0.030465
v 0.152656 0.379601 0.0277
v 0.147677 0.392255 0.02647
v 0.138397 0.402258 0.026968
v 0.126235 0.408096 0.029114
v 0.113045 0.408882 0.03258
v 0.100844 0.404483 0.036838
v 0.091472 0.395585 0.041242
v 0.086366 0.383524 0.045123
v 0.086297 0.370147 0.047889
v 0.091276 0.357492 0.049118
v 0.100558 0.347489 0.04862
v 0.112719 0.341651 0.046474
v 0.125908 0.340866 0.043009
v -0.316018 -0.082561 -0.044263
v -0.203203 -0.013048 -0.089476
v -0.269651 -0.19873 -0.107173
v -0.156834 -0.129219 -0.152383
v -0.148241 -0.133685 -0.137803
v -0.194609 -0.017513 -0.074896
v -0.261057 -0.203195 -0.09259
v -0.307425 -0.087024 -0.029683
v -0.186304 0.005698 -0.072683
v -0.12834 -0.139517 -0.151318
v -0.269361 -0.22641 -0.094803
v -0.327326 -0.081191 -0.016168
v -0.344512 -0.07226 -0.045328
v -0.203491 0.014629 -0.101843
v -0.286552 -0.21748 -0.123965
v -0.145531 -0.130587 -0.18048
v -0.242505 -0.073907 -0.0848
v -0.237977 -0.083714 -0.069651
v -0.221662 -0.076342 -0.077015
v -0.21943 -0.075004 -0.09874
v -0.206209 -0.083182 -0.088169
v -0.202862 -0.090957 -0.099579
v -0.206219 -0.10736 -0.116436
v -0.197805 -0.11218 -0.102053
v -0.210984 -0.135686 -0.101482
v -0.219181 -0.13102 -0.116042
v -0.233214 -0.14262 -0.090169
v -0.242213 -0.139978 -0.105209
v -0.261821 -0.128987 -0.090284
v -0.253479 -0.133087 -0.075638
v -0.261093 -0.114455 -0.07245
v -0.261987 -0.091559 -0.078725
v -0.253247 -0.095634 -0.064307
v -0.223489 -0.084859 -0.078544
v -0.240668 -0.081794 -0.088348
v -0.223424 -0.082897 -0.098851
v -0.208811 -0.093079 -0.089711
v -0.213772 -0.09748 -0.109005
v -0.20529 -0.111412 -0.097402
v -0.217369 -0.117002 -0.112864
v -0.214983 -0.129118 -0.097111
v -0.232107 -0.130027 -0.108166
v -0.243521 -0.131792 -0.087001
v -0.24895 -0.097624 -0.073337
v -0.252851 -0.117034 -0.076983
v -0.231016 -0.014259 -0.11321
v -0.245547 -0.020183 -0.108719
v -0.240482 -0.027662 -0.093223
v -0.220161 -0.015979 -0.122395
v -0.211329 -0.020357 -0.108036
v -0.21044 -0.030323 -0.132519
v -0.201125 -0.039959 -0.120187
v -0.213842 -0.049711 -0.136451
v -0.211684 -0.062425 -0.120706
v -0.228375 -0.062779 -0.131884
v -0.228993 -0.068875 -0.112483
v -0.245527 -0.061876 -0.121497
v -0.25234 -0.054287 -0.113074
v -0.246912 -0.051799 -0.096692
v -0.255252 -0.037746 -0.108375
v -0.232849 -0.038924 -0.121953
v -0.191177 -0.088595 -0.161717
v -0.203872 -0.09364 -0.135005
v -0.182345 -0.092974 -0.147358
v -0.20833 -0.087692 -0.151331
v -0.181455 -0.102943 -0.17184
v -0.172693 -0.107556 -0.157512
v -0.182756 -0.117729 -0.175612
v -0.17629 -0.127078 -0.161371
v -0.191158 -0.130289 -0.174499
v -0.201257 -0.137312 -0.166743
v -0.208272 -0.139001 -0.146169
v -0.216541 -0.134493 -0.160824
v -0.224323 -0.124205 -0.150823
v -0.226269 -0.110363 -0.1477
v -0.217841 -0.114549 -0.133041
v -0.219995 -0.096403 -0.147133
v -0.203864 -0.111544 -0.161275
v -0.303306 -0.057259 -0.08604
v -0.316067 -0.063635 -0.080458
v -0.303377 -0.064472 -0.067422
v -0.290681 -0.059431 -0.094134
v -0.281849 -0.063805 -0.079775
v -0.28096 -0.073775 -0.104257
v -0.272197 -0.078391 -0.089928
v -0.281743 -0.089929 -0.106477
v -0.282204 -0.105873 -0.092446
v -0.290661 -0.101124 -0.106913
v -0.299513 -0.112327 -0.084222
v -0.303429 -0.107491 -0.101346
v -0.316047 -0.105328 -0.093236
v -0.322489 -0.097242 -0.083011
v -0.325772 -0.081198 -0.080114
v -0.317346 -0.08538 -0.065458
v -0.303369 -0.082376 -0.093692
v -0.27885 -0.131144 -0.12307
v -0.27844 -0.140386 -0.105236
v -0.261128 -0.133931 -0.113461
v -0.261697 -0.132047 -0.133456
v -0.253179 -0.140522 -0.138986
v -0.251972 -0.156177 -0.146579
v -0.243213 -0.151008 -0.12925
v -0.256012 -0.168759 -0.145966
v -0.25322 -0.178494 -0.131771
v -0.269911 -0.178849 -0.142948
v -0.280466 -0.180549 -0.13516
v -0.282597 -0.179874 -0.115012
v -0.293367 -0.172071 -0.127046
v -0.296789 -0.153815 -0.119439
v -0.288361 -0.157997 -0.10478
v -0.290514 -0.139854 -0.118871
v -0.274385 -0.154992 -0.133014
v 0.100611 -0.229173 -0.043493
v 0.241391 -0.204272 -0.087319
v 0.128516 -0.273634 -0.042037
v 0.213486 -0.159811 -0.088775
v 0.21804 -0.156411 -0.072218
v 0.105164 -0.225773 -0.026936
v 0.245945 -0.200873 -0.070762
v 0.133069 -0.270235 -0.02548
v 0.222856 -0.13293 -0.078364
v 0.081754 -0.219636 -0.021759
v 0.12825 -0.293717 -0.019333
v 0.269352 -0.207011 -0.075939
v 0.072648 -0.226435 -0.054873
v 0.260246 -0.21381 -0.109053
v 0.119144 -0.300516 -0.052447
v 0.21375 -0.139729 -0.111478
v 0.004585 0.348086 -0.154126
v 0.306872 -0.287702 -0.106702
v -0.0659 0.304643 -0.125823
v 0.377354 -0.244257 -0.135005
v 0.012553 0.354035 -0.125152
v 0.385321 -0.238308 -0.10603
v 0.31484 -0.281752 -0.077728
v -0.057933 0.310592 -0.096849
v 0.004365 0.327991 -0.131432
v 0.316197 -0.260808 -0.096281
v -0.037934 0.301919 -0.114447
v 0.358497 -0.234735 -0.113267
v 0.008918 0.331391 -0.114875
v 0.36305 -0.231335 -0.09671
v 0.32075 -0.257408 -0.079724
v -0.033381 0.305319 -0.09789
v 0.012493 0.34901 -0.119476
v 0.380605 -0.235928 -0.100594
v 0.317173 -0.275027 -0.075123
v -0.050936 0.309914 -0.094006
v 0.011355 0.34816 -0.123616
v 0.379467 -0.236779 -0.104734
v 0.316035 -0.275877 -0.079263
v -0.052074 0.309063 -0.098146
v 0.017044 0.272954 -0.123511
v 0.009686 0.267856 -0.10448
v 0.032353 0.273688 -0.111283
v 0.02504 0.259128 -0.10447
v 0.04094 0.254747 -0.111306
v 0.031204 0.242537 -0.10611
v 0.018289 0.242792 -0.102611
v 0.008841 0.252255 -0.101956
v 0.087693 0.184133 -0.109651
v 0.078574 0.169062 -0.100557
v 0.075144 0.165952 -0.117456
v 0.056993 0.175235 -0.099393
v 0.067011 0.201441 -0.107529
v 0.07164 0.185083 -0.102081
v 0.082344 0.196361 -0.110691
v 0.054999 0.19134 -0.102141
v 0.108669 0.125272 -0.118444
v 0.103728 0.121461 -0.100409
v 0.125547 0.125595 -0.106502
v 0.134289 0.110087 -0.107261
v 0.134728 0.099906 -0.101449
v 0.121745 0.091907 -0.115067
v 0.108529 0.09762 -0.094327
v 0.099541 0.098658 -0.110408
v 0.118237 0.111037 -0.09969
v 0.177082 0.036225 -0.118911
v 0.172491 0.051066 -0.104734
v 0.179482 0.027972 -0.101288
v 0.146137 0.024615 -0.108018
v 0.162252 0.019616 -0.095461
v 0.147473 0.038984 -0.094747
v 0.157021 0.05235 -0.101656
v 0.164834 0.036991 -0.0973
v 0.194422 -0.027176 -0.110623
v 0.198558 -0.024412 -0.093828
v 0.214771 -0.020991 -0.101486
v 0.227136 -0.034712 -0.103071
v 0.217361 -0.053869 -0.09322
v 0.212764 -0.057723 -0.109581
v 0.199078 -0.049564 -0.092295
v 0.193729 -0.037337 -0.093335
v 0.211432 -0.037055 -0.094909
v 0.241019 -0.101219 -0.108233
v 0.245155 -0.098455 -0.091438
v 0.261567 -0.094473 -0.096929
v 0.265545 -0.102548 -0.114667
v 0.274699 -0.108889 -0.09758
v 0.267819 -0.1248 -0.110799
v 0.262772 -0.128107 -0.092143
v 0.240327 -0.111383 -0.090944
v 0.258029 -0.111098 -0.092519
v 0.245676 -0.12361 -0.089904
v 0.303313 -0.171627 -0.110944
v 0.293555 -0.171558 -0.092313
v 0.311242 -0.169695 -0.095132
v 0.320299 -0.181812 -0.097562
v 0.310784 -0.201487 -0.088508
v 0.314416 -0.198842 -0.108409
v 0.296887 -0.205421 -0.102238
v 0.288845 -0.190555 -0.08472
v 0.283326 -0.191138 -0.101441
v 0.304627 -0.185144 -0.090129
v 0.060061 0.260753 -0.095931
v 0.27871 -0.179973 -0.06556
v 0.017763 0.234682 -0.078946
v 0.32101 -0.1539 -0.082546
v 0.064614 0.264153 -0.079374
v 0.325563 -0.1505 -0.065989
v 0.283263 -0.176573 -0.049003
v 0.022316 0.238082 -0.062389
v 0.069393 0.287638 -0.085511
v 0.348968 -0.156616 -0.071169
v 0.278486 -0.200057 -0.042867
v -0.001089 0.244197 -0.057209
v 0.060288 0.28084 -0.118622
v 0.26938 -0.206856 -0.075978
v -0.010194 0.237398 -0.090319
v 0.339863 -0.163415 -0.10428
v 0.076117 0.20824 -0.074419
v 0.080745 0.191882 -0.06897
v 0.09145 0.20316 -0.077581
v 0.096798 0.190932 -0.07654
v 0.09226 0.178902 -0.072822
v 0.080493 0.17411 -0.068603
v 0.066098 0.182034 -0.066283
v 0.064105 0.198139 -0.06903
v 0.108647 0.105458 -0.077294
v 0.12476 0.100462 -0.064737
v 0.109982 0.11983 -0.064024
v 0.122714 0.134194 -0.072028
v 0.127342 0.117836 -0.066579
v 0.138047 0.129114 -0.07519
v 0.143395 0.116886 -0.07415
v 0.138856 0.104856 -0.070431
v 0.186188 0.043024 -0.085797
v 0.181597 0.057866 -0.07162
v 0.188589 0.034772 -0.068174
v 0.155243 0.031415 -0.074903
v 0.171358 0.026416 -0.062347
v 0.156579 0.045784 -0.061633
v 0.166126 0.059149 -0.068545
v 0.173939 0.04379 -0.064189
v 0.232786 -0.031022 -0.083407
v 0.228195 -0.01618 -0.06923
v 0.235187 -0.039274 -0.065784
v 0.209873 -0.016321 -0.06509
v 0.220537 -0.030256 -0.061798
v 0.220286 -0.048024 -0.061432
v 0.208184 -0.042765 -0.059184
v 0.202834 -0.030538 -0.060224
v 0.282807 -0.100966 -0.066838
v 0.271878 -0.121307 -0.059029
v 0.276925 -0.118 -0.077685
v 0.256471 -0.090367 -0.062699
v 0.267134 -0.104299 -0.059409
v 0.272239 -0.089194 -0.067265
v 0.254781 -0.116811 -0.056793
v 0.249432 -0.104584 -0.057833
v 0.043831 0.244392 -0.125112
v 0.031136 0.241676 -0.119068
v 0.048614 0.247953 -0.108746
v 0.061723 0.235867 -0.128281
v 0.066564 0.239188 -0.111882
v 0.069109 0.217291 -0.126498
v 0.07383 0.220407 -0.110024
v 0.06615 0.202613 -0.104258
v 0.061664 0.199544 -0.120807
v 0.048022 0.196227 -0.097962
v 0.043746 0.193022 -0.11454
v 0.025854 0.201547 -0.111371
v 0.030072 0.204991 -0.094825
v 0.019313 0.216487 -0.110645
v 0.020413 0.229845 -0.115685
v 0.024863 0.23354 -0.099255
v 0.043787 0.218705 -0.119833
v 0.090431 0.170348 -0.122722
v 0.09521 0.173907 -0.106355
v 0.108323 0.161823 -0.125892
v 0.113164 0.165144 -0.109493
v 0.115709 0.143245 -0.124108
v 0.120034 0.141055 -0.106553
v 0.094619 0.12218 -0.095571
v 0.090343 0.118976 -0.112149
v 0.072451 0.127501 -0.10898
v 0.076669 0.130945 -0.092435
v 0.065913 0.142441 -0.108255
v 0.06701 0.155798 -0.113294
v 0.07146 0.159494 -0.096864
v 0.090384 0.144658 -0.117442
v 0.137028 0.096302 -0.120332
v 0.152381 0.090869 -0.121443
v 0.160394 0.079138 -0.123233
v 0.165195 0.082342 -0.106799
v 0.160361 0.05948 -0.119187
v 0.164969 0.062548 -0.102672
v 0.151003 0.04946 -0.096144
v 0.146634 0.046345 -0.112715
v 0.131479 0.050745 -0.091039
v 0.127255 0.047428 -0.107609
v 0.113575 0.062094 -0.106858
v 0.117832 0.065654 -0.090347
v 0.113606 0.081755 -0.110904
v 0.118057 0.085448 -0.094474
v 0.136983 0.070616 -0.115053
v 0.183625 0.022256 -0.117941
v 0.170282 0.01943 -0.095279
v 0.188407 0.025815 -0.101574
v 0.165708 0.015734 -0.111675
v 0.198978 0.016826 -0.119053
v 0.206992 0.005092 -0.120842
v 0.211793 0.008296 -0.104408
v 0.206959 -0.014566 -0.116797
v 0.211567 -0.011498 -0.100281
v 0.178076 -0.023297 -0.088649
v 0.173852 -0.026619 -0.105218
v 0.160171 -0.011949 -0.104468
v 0.164429 -0.008392 -0.087957
v 0.159523 0.004321 -0.105636
v 0.18358 -0.00343 -0.112662
v 0.230223 -0.05179 -0.115551
v 0.235004 -0.048227 -0.099185
v 0.245576 -0.05722 -0.116663
v 0.25359 -0.068954 -0.118452
v 0.25839 -0.065747 -0.102018
v 0.253557 -0.088612 -0.114406
v 0.258165 -0.085544 -0.097891
v 0.224674 -0.097343 -0.086259
v 0.220449 -0.100661 -0.102828
v 0.209092 -0.089272 -0.100049
v 0.204858 -0.07606 -0.103592
v 0.209198 -0.07241 -0.087123
v 0.230178 -0.077476 -0.110272
v 0.276821 -0.125833 -0.113161
v 0.263477 -0.128659 -0.090499
v 0.281602 -0.122273 -0.096794
v 0.258903 -0.132355 -0.106894
v 0.292174 -0.131266 -0.114273
v 0.300188 -0.143 -0.116062
v 0.304988 -0.139793 -0.099628
v 0.300154 -0.162658 -0.112016
v 0.304762 -0.159587 -0.095501
v 0.290797 -0.172675 -0.088973
v 0.286427 -0.175793 -0.105544
v 0.271272 -0.171389 -0.083868
v 0.267047 -0.174707 -0.100437
v 0.25569 -0.163318 -0.097658
v 0.251456 -0.150102 -0.101202
v 0.255796 -0.146456 -0.084732
v 0.276776 -0.151522 -0.107881
v -0.010436 0.217301 -0.067623
v 0.208209 -0.223424 -0.037251
v -0.052738 0.191228 -0.050636
v 0.25051 -0.197355 -0.054237
v -0.005883 0.220701 -0.051066
v 0.255063 -0.193955 -0.037679
v 0.212762 -0.220025 -0.020694
v -0.048185 0.194628 -0.034079
v -0.001107 0.244186 -0.057201
v 0.278468 -0.200068 -0.04286
v 0.207986 -0.243509 -0.014558
v -0.071589 0.200744 -0.028899
v -0.010212 0.237387 -0.090312
v 0.198881 -0.250308 -0.047669
v -0.080695 0.193946 -0.06201
v 0.269363 -0.206867 -0.075971
v 0.015125 0.159064 -0.062583
v 0.00505 0.164738 -0.045016
v 0.02232 0.159811 -0.046326
v 0.026436 0.145062 -0.046857
v 0.008409 0.131014 -0.038388
v 0.015346 0.130152 -0.056707
v 0.010245 0.148427 -0.04066
v -0.005953 0.141555 -0.038146
v -0.006392 0.154684 -0.040721
v 0.038146 0.062006 -0.048984
v 0.054259 0.05701 -0.036428
v 0.039481 0.076378 -0.035714
v 0.049028 0.089744 -0.042626
v 0.056841 0.074384 -0.03827
v 0.061947 0.089489 -0.046127
v 0.072544 0.076723 -0.046431
v 0.068356 0.061404 -0.042122
v 0.084743 -0.01204 -0.046594
v 0.10086 -0.017036 -0.034038
v 0.086082 0.002333 -0.033325
v 0.095625 0.015697 -0.040236
v 0.103438 0.000338 -0.035879
v 0.108544 0.015442 -0.043736
v 0.119145 0.002678 -0.044042
v 0.114956 -0.012642 -0.039733
v 0.165709 -0.070376 -0.040919
v 0.154782 -0.090712 -0.033111
v 0.159827 -0.087406 -0.051766
v 0.139374 -0.059773 -0.036781
v 0.150038 -0.073708 -0.03349
v 0.15514 -0.058604 -0.041345
v 0.137684 -0.086216 -0.030875
v 0.132333 -0.07399 -0.031914
v 0.212306 -0.144422 -0.038528
v 0.201379 -0.164758 -0.03072
v 0.206424 -0.161452 -0.049375
v 0.185971 -0.133819 -0.03439
v 0.196635 -0.147754 -0.031099
v 0.20174 -0.132646 -0.038956
v 0.184281 -0.160263 -0.028484
v 0.178933 -0.148035 -0.029524
v -0.026666 0.200939 -0.096803
v -0.039364 0.198222 -0.090759
v -0.021887 0.204502 -0.080437
v -0.008775 0.192417 -0.099973
v -0.003933 0.195735 -0.083574
v -0.001389 0.17384 -0.09819
v 0.003329 0.176955 -0.081714
v -0.00435 0.159157 -0.075948
v -0.008836 0.156089 -0.092497
v -0.022478 0.152771 -0.069652
v -0.026755 0.14957 -0.086231
v -0.044646 0.158092 -0.083061
v -0.040428 0.161536 -0.066516
v -0.051187 0.173031 -0.082335
v -0.050087 0.186392 -0.087376
v -0.045638 0.190089 -0.070946
v -0.026714 0.175253 -0.091523
v 0.019931 0.126893 -0.094412
v 0.007236 0.124176 -0.088369
v 0.02471 0.130456 -0.078046
v 0.034077 0.121751 -0.097254
v 0.042663 0.121692 -0.081183
v 0.043296 0.109728 -0.097313
v 0.049533 0.097603 -0.078244
v 0.043263 0.090071 -0.093268
v 0.033518 0.078973 -0.086314
v 0.024122 0.078729 -0.067263
v 0.019842 0.075524 -0.08384
v 0.00195 0.084049 -0.080671
v 0.006168 0.087493 -0.064125
v -0.004586 0.098986 -0.079945
v -0.00349 0.112346 -0.084985
v 0.000959 0.116043 -0.068555
v 0.019883 0.101207 -0.089133
v 0.066527 0.05285 -0.092022
v 0.053183 0.050024 -0.06936
v 0.07131 0.05641 -0.075656
v 0.048609 0.046328 -0.085756
v 0.08188 0.047417 -0.093134
v 0.089896 0.035683 -0.094923
v 0.094694 0.03889 -0.078489
v 0.08986 0.016024 -0.090877
v 0.094469 0.019096 -0.074363
v 0.080502 0.006008 -0.067835
v 0.076134 0.00289 -0.084406
v 0.060979 0.007294 -0.06273
v 0.056754 0.003976 -0.079299
v 0.043074 0.018642 -0.078549
v 0.047331 0.022202 -0.062038
v 0.042422 0.034911 -0.079715
v 0.066483 0.027161 -0.086743
v 0.113124 -0.021196 -0.089632
v 0.099783 -0.024022 -0.06697
v 0.117907 -0.017636 -0.073266
v 0.09521 -0.027718 -0.083366
v 0.131019 -0.029721 -0.092802
v 0.13586 -0.0264 -0.076403
v 0.138402 -0.048299 -0.091018
v 0.143123 -0.04518 -0.074544
v 0.135443 -0.062977 -0.068778
v 0.130957 -0.066046 -0.085326
v 0.117458 -0.072051 -0.078386
v 0.107576 -0.066753 -0.060339
v 0.103351 -0.07007 -0.076909
v 0.091995 -0.058678 -0.07413
v 0.087761 -0.045465 -0.077674
v 0.0921 -0.04182 -0.061203
v 0.113079 -0.046882 -0.084353
v 0.159724 -0.095242 -0.087242
v 0.14638 -0.098068 -0.06458
v 0.164504 -0.091682 -0.070875
v 0.141807 -0.101764 -0.080976
v 0.175078 -0.100675 -0.088354
v 0.183089 -0.112406 -0.090143
v 0.187891 -0.109202 -0.073709
v 0.183057 -0.132064 -0.086097
v 0.187667 -0.128996 -0.069583
v 0.1737 -0.142084 -0.063054
v 0.169331 -0.145198 -0.079626
v 0.154175 -0.140795 -0.05795
v 0.149948 -0.144117 -0.074518
v 0.138592 -0.132724 -0.07174
v 0.134358 -0.119511 -0.075283
v 0.138699 -0.115862 -0.058814
v 0.159676 -0.120928 -0.081962
v 0.206321 -0.169288 -0.084851
v 0.192977 -0.172114 -0.062189
v 0.211102 -0.165725 -0.068485
v 0.188403 -0.17581 -0.078585
v 0.224213 -0.17781 -0.088021
v 0.229055 -0.174492 -0.071622
v 0.231733 -0.192017 -0.085177
v 0.229654 -0.20611 -0.083707
v 0.234263 -0.203042 -0.067192
v 0.220297 -0.21613 -0.060664
v 0.215927 -0.219245 -0.077235
v 0.200772 -0.214841 -0.055559
v 0.196549 -0.218162 -0.072128
v 0.185189 -0.20677 -0.069349
v 0.180955 -0.193558 -0.072892
v 0.185296 -0.189908 -0.056423
v 0.206277 -0.194974 -0.079572
v 0.138097 -0.132342 -0.018166
v 0.193754 -0.199591 0.01735
v 0.184649 -0.20639 -0.015763
v 0.147203 -0.125543 0.014947
v 0.279122 -0.045517 -0.074775
v 0.288228 -0.038718 -0.041662
v 0.325675 -0.119565 -0.072372
v 0.33478 -0.112766 -0.039259
v 0.166059 -0.135062 -0.00679
v 0.278877 -0.065606 -0.052076
v 0.306816 -0.110043 -0.050634
v 0.193998 -0.179502 -0.005348
v 0.311368 -0.106643 -0.034078
v 0.198551 -0.176103 0.011208
v 0.170612 -0.131662 0.009766
v 0.28343 -0.062206 -0.03552
v 0.341301 -0.027236 -0.080475
v 0.323899 -0.016734 -0.055865
v 0.330677 -0.013225 -0.077323
v 0.333315 -0.03147 -0.055388
v 0.314893 -0.023486 -0.089109
v 0.324098 -0.03835 -0.088026
v 0.304586 -0.049179 -0.044012
v 0.316317 -0.052334 -0.049709
v 0.313899 -0.063993 -0.043532
v 0.359928 -0.056863 -0.079514
v 0.342633 -0.046266 -0.054926
v 0.349299 -0.042842 -0.076363
v 0.351941 -0.061097 -0.054427
v 0.333712 -0.052974 -0.088214
v 0.342724 -0.067977 -0.087064
v 0.33494 -0.093033 -0.074961
v 0.336897 -0.079246 -0.063969
v 0.314482 -0.085375 -0.076212
v 0.32342 -0.100419 -0.075683
v 0.378547 -0.08648 -0.078552
v 0.361316 -0.075874 -0.053926
v 0.367923 -0.072469 -0.0754
v 0.370416 -0.090821 -0.053469
v 0.35241 -0.082599 -0.087254
v 0.361188 -0.097704 -0.086323
v 0.295481 -0.055979 -0.077125
v 0.305171 -0.070474 -0.076711
v 0.324175 -0.078289 -0.043379
v 0.332525 -0.09362 -0.04257
v 0.257662 -0.116953 -0.017215
v 0.24714 -0.135498 -0.01053
v 0.253744 -0.123203 -0.033157
v 0.239927 -0.13974 -0.026035
v 0.228631 -0.131657 -0.009541
v 0.220439 -0.115182 -0.025645
v 0.224405 -0.114657 -0.008541
v 0.241328 -0.102003 -0.01581
v 0.239686 -0.105639 -0.032971
v 0.240991 -0.119154 -0.012156
v 0.280651 -0.090367 -0.084459
v 0.281833 -0.083663 -0.067893
v 0.289482 -0.108596 -0.077016
v 0.284947 -0.123746 -0.060397
v 0.281208 -0.117171 -0.075754
v 0.272312 -0.132066 -0.073604
v 0.26156 -0.12949 -0.052904
v 0.252808 -0.130972 -0.068465
v 0.241791 -0.115438 -0.059434
v 0.237119 -0.106213 -0.069235
v 0.245986 -0.088188 -0.057102
v 0.244614 -0.088351 -0.074963
v 0.262613 -0.081201 -0.077756
v 0.247674 -0.099603 -0.070098
v 0.250343 -0.106868 -0.05437
v 0.255106 -0.121517 -0.067505
v 0.279221 -0.100651 -0.077209
v 0.270623 -0.122813 -0.070294
v 0.264671 -0.089753 -0.076369
v 0.196297 -0.173541 -0.025794
v 0.182286 -0.174392 -0.040156
v 0.203487 -0.174383 -0.042364
v 0.178348 -0.164769 -0.02266
v 0.168519 -0.159631 -0.039402
v 0.171431 -0.140721 -0.025813
v 0.168555 -0.139845 -0.043474
v 0.184524 -0.125384 -0.044706
v 0.217298 -0.14202 -0.050303
v 0.216761 -0.161692 -0.046116
v 0.209866 -0.14741 -0.048517
v 0.205491 -0.162669 -0.044199
v 0.192214 -0.166979 -0.038128
v 0.179585 -0.159611 -0.03776
v 0.176503 -0.145264 -0.041093
v 0.186392 -0.134138 -0.044806
v 0.203943 -0.126981 -0.049719
v 0.199326 -0.134513 -0.048285
v 0.068238 -0.0213 -0.021757
v 0.077344 -0.0145 0.011356
v 0.123895 -0.088545 0.013759
v 0.114789 -0.095344 -0.019354
v 0.21837 0.072325 -0.045253
v 0.209264 0.065525 -0.078366
v 0.264923 -0.001723 -0.04285
v 0.255817 -0.008523 -0.075963
v 0.096204 -0.024019 -0.010382
v 0.209019 0.04544 -0.055667
v 0.236958 0.001 -0.054225
v 0.124142 -0.068459 -0.008939
v 0.241511 0.004399 -0.037669
v 0.128695 -0.06506 0.007617
v 0.100757 -0.020619 0.006174
v 0.213572 0.04884 -0.039111
v 0.225422 0.076667 -0.048084
v 0.230007 0.079243 -0.056556
v 0.23526 0.062188 -0.047811
v 0.24346 0.066722 -0.072832
v 0.231925 0.079769 -0.07642
v 0.225743 0.055131 -0.08074
v 0.216316 0.069868 -0.081197
v 0.280757 0.068993 -0.083585
v 0.263519 0.079609 -0.05896
v 0.270128 0.083018 -0.080435
v 0.272733 0.064719 -0.058527
v 0.254614 0.072884 -0.092287
v 0.263496 0.057824 -0.091291
v 0.235357 0.040499 -0.080258
v 0.244377 0.02551 -0.079775
v 0.258489 0.043556 -0.071008
v 0.299383 0.039366 -0.082624
v 0.282088 0.049962 -0.058036
v 0.288754 0.053391 -0.079473
v 0.291397 0.035132 -0.057537
v 0.273167 0.043255 -0.091324
v 0.282179 0.028252 -0.090174
v 0.262668 0.017423 -0.046161
v 0.277703 0.009747 -0.052264
v 0.271975 0.002619 -0.045681
v 0.273224 0.00248 -0.075273
v 0.279454 0.011784 -0.067253
v 0.253936 0.010853 -0.079325
v 0.262869 -0.00418 -0.078794
v 0.245107 0.04756 -0.047465
v 0.253355 0.032236 -0.046642
v 0.171134 -0.008112 -0.015747
v 0.187187 -0.009065 -0.023317
v 0.181843 0.003163 -0.024358
v 0.182643 -0.021097 -0.019596
v 0.170874 -0.025881 -0.015378
v 0.158775 -0.020614 -0.013132
v 0.15343 -0.008386 -0.014173
v 0.157975 0.003646 -0.017894
v 0.169744 0.008427 -0.022112
v 0.210794 0.020676 -0.08805
v 0.211976 0.02738 -0.07148
v 0.219625 0.002446 -0.080607
v 0.195129 0.024117 -0.081094
v 0.185189 0.029075 -0.076605
v 0.21081 0.003785 -0.079841
v 0.205563 0.016069 -0.080921
v 0.206156 -0.008207 -0.076099
v 0.211697 -0.015118 -0.074821
v 0.19433 -0.01289 -0.071885
v 0.19355 -0.021171 -0.068587
v 0.182259 -0.007516 -0.069669
v 0.179629 -0.015543 -0.065922
v 0.170539 -0.003377 -0.065913
v 0.177013 0.004768 -0.070749
v 0.171077 0.016295 -0.070101
v 0.181666 0.01676 -0.074491
v 0.145783 -0.031437 -0.059472
v 0.145002 -0.019542 -0.04331
v 0.149027 -0.041411 -0.052302
v 0.147828 -0.052751 -0.037386
v 0.140209 -0.059297 -0.052219
v 0.123029 -0.06459 -0.040279
v 0.132004 -0.015719 -0.055286
v 0.137702 -0.049232 -0.048832
v 0.138841 -0.033025 -0.052492
v 0.123807 -0.056306 -0.043577
v 0.111738 -0.050932 -0.041362
v 0.109107 -0.058963 -0.037614
v 0.100019 -0.046796 -0.037605
v 0.106661 -0.035174 -0.043182
v 0.100556 -0.027124 -0.041792
v 0.114668 -0.014341 -0.048298
v 0.116536 -0.023092 -0.048398
v 0.12947 -0.023467 -0.051877
v -0.001697 0.089796 -0.025337
v 0.05396 0.022547 0.010179
v 0.044854 0.015748 -0.022934
v 0.007409 0.096595 0.007776
v 0.139329 0.176617 -0.081946
v 0.148435 0.183417 -0.048833
v 0.185882 0.10257 -0.079542
v 0.194987 0.109369 -0.046429
v 0.026266 0.087073 -0.013961
v 0.139084 0.156532 -0.059247
v 0.167023 0.112092 -0.057805
v 0.054204 0.042632 -0.012518
v 0.171575 0.115492 -0.041249
v 0.058757 0.046032 0.004038
v 0.030819 0.090472 0.002596
v 0.143637 0.159932 -0.042691
v 0.201508 0.194899 -0.087646
v 0.184106 0.205404 -0.063036
v 0.190883 0.208913 -0.084494
v 0.193522 0.190664 -0.062559
v 0.1751 0.198649 -0.09628
v 0.184305 0.183784 -0.095196
v 0.164794 0.172955 -0.051183
v 0.176524 0.169804 -0.05688
v 0.174106 0.158142 -0.050702
v 0.220135 0.165272 -0.086684
v 0.20284 0.175868 -0.062097
v 0.209505 0.179297 -0.083534
v 0.212148 0.161038 -0.061597
v 0.193919 0.16916 -0.095384
v 0.202931 0.154157 -0.094235
v 0.195147 0.129101 -0.082132
v 0.197104 0.142889 -0.07114
v 0.174689 0.13676 -0.083382
v 0.183627 0.121716 -0.082854
v 0.238754 0.135655 -0.085723
v 0.221522 0.146264 -0.061098
v 0.228129 0.149669 -0.082571
v 0.230623 0.131314 -0.06064
v 0.212617 0.139536 -0.094424
v 0.221395 0.124431 -0.093493
v 0.155688 0.166156 -0.084296
v 0.165378 0.151664 -0.083882
v 0.184382 0.143846 -0.05055
v 0.192732 0.128515 -0.049741
v 0.101199 0.102981 -0.019327
v 0.117095 0.098594 -0.026159
v 0.111908 0.114255 -0.027938
v 0.107356 0.086389 -0.020964
v 0.094436 0.08665 -0.017465
v 0.084995 0.096118 -0.016813
v 0.084564 0.109245 -0.01939
v 0.096577 0.119343 -0.024777
v 0.133378 0.091079 -0.07509
v 0.117288 0.094632 -0.059133
v 0.117599 0.093498 -0.077668
v 0.104759 0.09723 -0.074611
v 0.100783 0.110078 -0.067007
v 0.101867 0.125767 -0.080143
v 0.103882 0.129338 -0.062573
v 0.110906 0.138038 -0.07856
v 0.13083 0.099322 -0.077464
v 0.115279 0.10595 -0.061
v 0.106038 0.112459 -0.078071
v 0.113016 0.1282 -0.064874
v 0.126993 0.132188 -0.083139
v 0.142753 0.132325 -0.086137
v 0.149196 0.118541 -0.085086
v 0.139426 0.121487 -0.084379
v 0.14749 0.103862 -0.081595
v 0.139747 0.108348 -0.08177
v 0.125017 0.141328 -0.083108
v 0.027145 0.067293 -0.047075
v 0.043436 0.049256 -0.041769
v 0.033123 0.066125 -0.030136
v 0.035671 0.09053 -0.035965
v 0.034298 0.090368 -0.053826
v 0.054495 0.097908 -0.0548
v 0.072231 0.088905 -0.057828
v 0.079166 0.070122 -0.055879
v 0.070192 0.067992 -0.054337
v 0.065106 0.083742 -0.056192
v 0.074359 0.056258 -0.051718
v 0.060307 0.055906 -0.049156
v 0.062855 0.047663 -0.046781
v 0.047373 0.056281 -0.045677
v 0.038002 0.065835 -0.045062
v 0.03915 0.082053 -0.048688
v 0.053036 0.08912 -0.053977
v -0.0716 0.200731 -0.028894
v -0.062495 0.207531 0.004219
v -0.015897 0.13351 0.006605
v -0.025003 0.126711 -0.026508
v 0.078476 0.294445 -0.052393
v 0.06937 0.287646 -0.085506
v 0.12507 0.220425 -0.050007
v 0.115964 0.213626 -0.08312
v 0.069138 0.267554 -0.06281
v 0.097105 0.22313 -0.061378
v -0.043631 0.198024 -0.017522
v -0.015669 0.153603 -0.01609
v 0.101658 0.226529 -0.044822
v -0.011116 0.157002 0.000466
v -0.039078 0.201424 -0.000966
v 0.073691 0.270954 -0.046253
v 0.090109 0.301372 -0.063697
v 0.095373 0.284318 -0.054954
v 0.085525 0.298792 -0.055224
v 0.103565 0.288861 -0.079976
v 0.092024 0.301902 -0.083561
v 0.085855 0.277259 -0.087883
v 0.07642 0.291992 -0.088337
v 0.14086 0.291155 -0.090733
v 0.123619 0.301757 -0.066104
v 0.130224 0.305172 -0.087579
v 0.132842 0.286873 -0.065675
v 0.114714 0.295031 -0.099431
v 0.123605 0.279978 -0.098439
v 0.095477 0.262632 -0.087404
v 0.104505 0.247652 -0.086925
v 0.118608 0.265704 -0.078157
v 0.159504 0.261539 -0.089775
v 0.142206 0.27212 -0.065187
v 0.148866 0.275556 -0.086624
v 0.151522 0.257297 -0.064691
v 0.133284 0.265414 -0.098475
v 0.142305 0.250417 -0.097329
v 0.122806 0.239569 -0.053315
v 0.137844 0.231901 -0.059421
v 0.13212 0.22477 -0.052838
v 0.133366 0.224638 -0.08243
v 0.139592 0.233945 -0.07441
v 0.114072 0.232999 -0.086479
v 0.123014 0.217971 -0.085951
v 0.105226 0.269696 -0.054612
v 0.113483 0.254377 -0.053792
v 0.041992 0.225257 -0.031505
v 0.031288 0.213976 -0.022893
v 0.047343 0.213034 -0.030466
v 0.042805 0.201 -0.026747
v 0.027647 0.196541 -0.021674
v 0.01509 0.207104 -0.020379
v 0.016083 0.223269 -0.023982
v 0.029888 0.230516 -0.029256
v 0.074108 0.227628 -0.09325
v 0.072821 0.243354 -0.089704
v 0.08292 0.227217 -0.076907
v 0.076415 0.21432 -0.09086
v 0.071495 0.206734 -0.081934
v 0.066904 0.204356 -0.067809
v 0.052854 0.199665 -0.081372
v 0.043654 0.20389 -0.073695
v 0.039164 0.211791 -0.061707
v 0.029331 0.216929 -0.078448
v 0.029037 0.22911 -0.074854
v 0.034887 0.244792 -0.085697
v 0.033951 0.240342 -0.066136
v 0.052859 0.25483 -0.074428
v 0.052915 0.251366 -0.092004
v 0.069777 0.216009 -0.071086
v 0.067376 0.237095 -0.08677
v 0.062007 0.21044 -0.086082
v 0.044879 0.212368 -0.077022
v 0.037153 0.226868 -0.077894
v 0.041799 0.238865 -0.081635
v 0.053622 0.243554 -0.085849
v 0.005947 0.190642 -0.06662
v 0.005159 0.202535 -0.050456
v 0.012425 0.183752 -0.048597
v 0.005924 0.170859 -0.062551
v 0.000764 0.162657 -0.041176
v -0.007886 0.157632 -0.056038
v -0.026444 0.160225 -0.045338
v -0.037884 0.187169 -0.053857
v -0.039807 0.175256 -0.04475
v -0.03654 0.196879 -0.037827
v -0.035608 0.201328 -0.057387
v -0.024806 0.207795 -0.055671
v -0.007829 0.205398 -0.065861
v -0.012794 0.211295 -0.047318
v -0.000991 0.177383 -0.06197
v 0.004154 0.184742 -0.046621
v -0.008383 0.197238 -0.0605
v -0.009578 0.166881 -0.052726
v -0.029918 0.189596 -0.038176
v -0.025616 0.168906 -0.048712
v -0.023303 0.198968 -0.05554
v 0.367633 -0.186279 -0.070211
v 0.376944 -0.201067 -0.069735
v 0.362856 -0.209756 -0.064077
v 0.353544 -0.194968 -0.064553
v 0.348991 -0.198368 -0.08111
v 0.358303 -0.213156 -0.080634
v 0.36308 -0.189679 -0.086768
v 0.372391 -0.204467 -0.086292
v 0.297375 -0.209642 -0.064601
v 0.325332 -0.254046 -0.063171
v 0.381715 -0.219275 -0.085815
v 0.353757 -0.174871 -0.087245
v 0.301928 -0.206243 -0.048044
v 0.329885 -0.250647 -0.046614
v 0.386268 -0.215875 -0.069258
v 0.35831 -0.171471 -0.070688
v 0.269411 -0.206923 -0.075973
v 0.316014 -0.280939 -0.07359
v 0.386485 -0.237482 -0.101892
v 0.339882 -0.163462 -0.104276
v 0.278516 -0.200124 -0.042862
v 0.325119 -0.27414 -0.040479
v 0.395591 -0.230683 -0.068781
v 0.348987 -0.156663 -0.071165
v 0.390628 -0.149173 -0.010128
v 0.413802 -0.217084 -0.002556
v 0.418585 -0.193577 -0.008699
v 0.367198 -0.143065 -0.00494
v 0.432921 -0.12309 -0.027114
v 0.437688 -0.099597 -0.033249
v 0.460878 -0.167494 -0.025684
v 0.484291 -0.173613 -0.030866
v 0.377379 -0.244281 -0.135007
v 0.330776 -0.170262 -0.13739
v 0.387854 -0.216524 -0.120452
v 0.404927 -0.203776 -0.058367
v 0.37697 -0.159372 -0.059797
v 0.359897 -0.17212 -0.121881
v 0.447217 -0.177695 -0.075363
v 0.41926 -0.133291 -0.076793
v 0.470629 -0.183814 -0.080545
v 0.424027 -0.109798 -0.082928
v 0.400141 -0.227285 -0.052235
v 0.353537 -0.153266 -0.054619
v 0.35948 -0.152323 -0.141934
v 0.406088 -0.226349 -0.139551
v 0.387283 -0.134538 -0.133163
v 0.433891 -0.208564 -0.130779
v 0.456562 -0.193621 -0.110066
v 0.409954 -0.119595 -0.112449
v 0.377372 -0.161177 -0.12366
v 0.405329 -0.205578 -0.122231
v 0.394801 -0.149946 -0.115713
v 0.422759 -0.19435 -0.114284
v 0.409502 -0.140161 -0.099257
v 0.437459 -0.184561 -0.097828
v 0.348718 -0.22701 -0.112157
v 0.346169 -0.205112 -0.09754
v 0.353437 -0.223895 -0.095682
v 0.341328 -0.208434 -0.113939
v 0.344291 -0.241457 -0.105978
v 0.337422 -0.246755 -0.086584
v 0.333052 -0.24987 -0.103155
v 0.317898 -0.245473 -0.081478
v 0.313672 -0.248791 -0.098047
v 0.299988 -0.234126 -0.097295
v 0.304248 -0.230569 -0.080785
v 0.300018 -0.214469 -0.10134
v 0.304469 -0.210772 -0.08491
v 0.310741 -0.202635 -0.104724
v 0.323435 -0.199916 -0.110768
v 0.328216 -0.196352 -0.094401
v 0.323395 -0.2256 -0.10549
v 0.04145 0.332038 -0.086944
v 0.050762 0.31725 -0.086468
v 0.036673 0.308561 -0.080809
v 0.027361 0.32335 -0.081285
v 0.022808 0.31995 -0.097842
v 0.03212 0.305161 -0.097366
v 0.036897 0.328639 -0.103501
v 0.046209 0.31385 -0.103025
v -0.028807 0.308675 -0.081333
v -0.000853 0.264272 -0.079903
v 0.055532 0.299043 -0.102548
v 0.027574 0.343446 -0.103977
v -0.024254 0.312075 -0.064776
v 0.0037 0.267672 -0.063346
v 0.060085 0.302443 -0.085991
v 0.032127 0.346845 -0.08742
v -0.056772 0.311394 -0.092705
v -0.010171 0.237377 -0.090321
v 0.060299 0.280836 -0.118624
v 0.013699 0.354854 -0.121008
v -0.047667 0.318193 -0.059594
v -0.001066 0.244176 -0.057211
v 0.069405 0.287635 -0.085513
v 0.022804 0.361653 -0.087897
v 0.064443 0.369143 -0.02686
v 0.087616 0.301234 -0.019288
v 0.092401 0.324741 -0.02543
v 0.041015 0.375251 -0.021672
v 0.106737 0.395225 -0.043846
v 0.111503 0.418721 -0.049981
v 0.134694 0.350823 -0.042416
v 0.158106 0.344704 -0.047598
v 0.051193 0.274037 -0.151738
v 0.004593 0.348054 -0.154122
v 0.06167 0.301794 -0.137184
v 0.078742 0.314542 -0.075099
v 0.050785 0.358944 -0.076528
v 0.033712 0.346196 -0.138613
v 0.121033 0.340622 -0.092095
v 0.093076 0.385024 -0.093525
v 0.144445 0.334504 -0.097277
v 0.097842 0.40852 -0.09966
v 0.073955 0.291033 -0.068967
v 0.027354 0.36505 -0.071351
v 0.033296 0.365993 -0.158666
v 0.079905 0.291968 -0.156283
v 0.061099 0.383781 -0.149895
v 0.107707 0.309755 -0.147511
v 0.130378 0.324696 -0.126798
v 0.08377 0.398722 -0.129181
v 0.051189 0.357142 -0.140393
v 0.079146 0.312739 -0.138963
v 0.068617 0.368371 -0.132445
v 0.096574 0.323968 -0.131016
v 0.083318 0.378157 -0.115989
v 0.111275 0.333755 -0.11456
v 0.022533 0.291307 -0.128888
v 0.019985 0.313203 -0.114271
v 0.027254 0.294424 -0.112414
v 0.015144 0.309882 -0.130671
v 0.019578 0.276626 -0.106649
v 0.015092 0.273558 -0.123198
v 0.001452 0.270235 -0.100352
v 0.002038 0.267205 -0.118311
v -0.012512 0.269526 -0.114779
v -0.022421 0.279306 -0.110578
v -0.028108 0.294127 -0.115542
v -0.023766 0.297775 -0.099072
v -0.020667 0.311877 -0.121232
v -0.016094 0.315572 -0.104837
v -0.00275 0.318403 -0.127499
v 0.002032 0.321964 -0.111133
v -0.002791 0.292715 -0.122221
v 0.006224 0.348009 -0.066656
v -0.012446 0.339963 -0.07375
v 0.002809 0.34546 -0.079073
v -0.009032 0.342512 -0.061333
v 0.02271 0.347035 -0.07099
v 0.019295 0.344485 -0.083407
v 0.034496 0.33718 -0.086087
v 0.037911 0.33973 -0.07367
v 0.046087 0.32467 -0.086706
v 0.049502 0.32722 -0.074289
v 0.05232 0.308858 -0.085173
v 0.055734 0.311407 -0.072756
v 0.052243 0.292135 -0.081718
v 0.055658 0.294685 -0.069301
v 0.045852 0.27706 -0.076865
v 0.049267 0.27961 -0.064448
v 0.034139 0.265936 -0.07136
v 0.037554 0.268485 -0.058943
v 0.018887 0.260439 -0.066037
v 0.022302 0.262989 -0.05362
v 0.002397 0.261414 -0.061703
v 0.005812 0.263964 -0.049286
v -0.012804 0.268718 -0.059022
v -0.009389 0.271268 -0.046605
v -0.024395 0.281228 -0.058404
v -0.02098 0.283778 -0.045987
v -0.030627 0.297041 -0.059937
v -0.027212 0.29959 -0.04752
v -0.030547 0.313764 -0.063393
v -0.027132 0.316313 -0.050976
v -0.020745 0.331388 -0.055827
v -0.024159 0.328839 -0.068244
v 0.014263 0.305499 -0.060138
v 0.010848 0.30295 -0.072555
v 0.045566 0.290244 -0.065496
v 0.038591 0.28013 -0.038485
v 0.047964 0.289036 -0.042892
v 0.032899 0.275881 -0.059181
v 0.053074 0.301096 -0.046773
v 0.045873 0.316641 -0.071001
v 0.05314 0.314472 -0.049538
v 0.048153 0.32713 -0.050766
v 0.027678 0.336524 -0.07008
v 0.038872 0.337141 -0.050269
v 0.026714 0.342982 -0.048125
v 0.013526 0.343764 -0.044659
v 0.007835 0.339514 -0.065355
v 0.001314 0.339367 -0.040398
v -0.00948 0.331499 -0.05883
v -0.008059 0.330461 -0.035992
v -0.013166 0.318402 -0.032111
v -0.018857 0.314152 -0.052807
v -0.017293 0.2944 -0.049064
v -0.013232 0.305025 -0.029347
v -0.008248 0.292367 -0.028118
v -0.004659 0.278107 -0.04931
v 0.001032 0.282356 -0.028614
v 0.013888 0.271031 -0.05284
v 0.013194 0.276516 -0.030759
v 0.026382 0.275734 -0.034225
v 0.037738 0.290285 -0.04038
v 0.024053 0.281097 -0.057747
v 0.035264 0.289965 -0.062724
v 0.045415 0.308051 -0.046138
v 0.039778 0.304154 -0.066802
v 0.032298 0.322843 -0.068583
v 0.038172 0.326808 -0.047999
v 0.01933 0.330423 -0.06665
v 0.020248 0.335567 -0.044868
v 0.004505 0.329928 -0.062399
v 0.002145 0.329196 -0.038582
v -0.006742 0.321032 -0.057552
v -0.011219 0.306872 -0.053337
v -0.005532 0.31143 -0.032822
v -0.003735 0.288184 -0.051557
v 0.001714 0.292674 -0.030964
v 0.009192 0.280575 -0.053626
v 0.019638 0.283915 -0.034094
v 0.00634 0.325237 -0.094388
v -0.007004 0.322411 -0.071726
v 0.01112 0.328797 -0.078021
v -0.011577 0.318715 -0.088122
v 0.024232 0.316713 -0.097558
v 0.029073 0.320033 -0.081158
v 0.031618 0.298136 -0.095774
v 0.036336 0.301252 -0.079299
v 0.028656 0.283457 -0.073533
v 0.02417 0.280388 -0.090082
v 0.010532 0.27707 -0.067238
v 0.006252 0.273866 -0.083815
v -0.01164 0.28239 -0.080646
v -0.007422 0.285834 -0.0641
v -0.019026 0.300968 -0.082429
v -0.014684 0.304615 -0.06596
v 0.006295 0.29955 -0.089112
v -0.057062 0.291336 -0.070003
v -0.029099 0.246911 -0.068571
v -0.240336 0.178355 0.003595
v -0.212373 0.133931 0.005027
v -0.024546 0.250311 -0.052014
v -0.20782 0.137331 0.021584
v -0.235783 0.181754 0.020152
v -0.052509 0.294736 -0.053446
v -0.001133 0.244203 -0.057198
v -0.212604 0.113838 0.027724
v -0.259196 0.187862 0.025336
v -0.047724 0.318227 -0.059585
v -0.056829 0.311428 -0.092696
v -0.010238 0.237405 -0.090309
v -0.268301 0.181063 -0.007775
v -0.22171 0.107039 -0.005387
v -0.085304 0.24342 -0.05236
v -0.084059 0.251176 -0.035928
v -0.077986 0.236693 -0.034529
v -0.085908 0.222592 -0.032811
v -0.109122 0.229346 -0.024489
v -0.113616 0.225318 -0.040857
v -0.10558 0.251696 -0.033377
v -0.094917 0.237762 -0.030086
v -0.146868 0.196131 -0.007586
v -0.155539 0.179821 -0.003953
v -0.154331 0.197121 -0.023628
v -0.176808 0.181882 0.003513
v -0.17315 0.174029 -0.013883
v -0.187059 0.186739 -0.012728
v -0.180954 0.202658 -0.001027
v -0.163425 0.210503 -0.009011
v -0.165412 0.194303 -0.001776
v -0.048002 0.24788 -0.100575
v -0.05055 0.269777 -0.085958
v -0.043284 0.250997 -0.0841
v -0.055391 0.266456 -0.102357
v -0.050964 0.2332 -0.078334
v -0.05545 0.230131 -0.094882
v -0.068949 0.224123 -0.087942
v -0.078828 0.229424 -0.069896
v -0.083055 0.226104 -0.086464
v -0.096735 0.240771 -0.085714
v -0.092475 0.24433 -0.069204
v -0.096703 0.26043 -0.089759
v -0.09225 0.264126 -0.07333
v -0.085977 0.272262 -0.093144
v -0.073283 0.274979 -0.099187
v -0.068503 0.27854 -0.08282
v -0.073327 0.249292 -0.093908
v -0.118501 0.204421 -0.072264
v -0.121753 0.218367 -0.072239
v -0.11378 0.207539 -0.055791
v -0.12293 0.189976 -0.066086
v -0.129799 0.184678 -0.046691
v -0.134168 0.181564 -0.063263
v -0.149292 0.181617 -0.05712
v -0.161755 0.188673 -0.057136
v -0.157536 0.192117 -0.040591
v -0.168295 0.203612 -0.056411
v -0.167199 0.216971 -0.06145
v -0.162749 0.220666 -0.04502
v -0.153473 0.230107 -0.067922
v -0.148782 0.233756 -0.051548
v -0.134094 0.229024 -0.073028
v -0.129259 0.23247 -0.056653
v -0.143823 0.205834 -0.065599
v -0.188997 0.160962 -0.043955
v -0.191541 0.182861 -0.02934
v -0.184276 0.164082 -0.027481
v -0.196383 0.179539 -0.045739
v -0.191955 0.146284 -0.021715
v -0.196442 0.143215 -0.038264
v -0.20994 0.137207 -0.031323
v -0.219819 0.142506 -0.013277
v -0.224046 0.139188 -0.029846
v -0.237726 0.153854 -0.029095
v -0.233469 0.157414 -0.012585
v -0.237695 0.173513 -0.033141
v -0.233245 0.177208 -0.016711
v -0.226972 0.185345 -0.036524
v -0.214274 0.188063 -0.042569
v -0.209495 0.191623 -0.026202
v -0.214318 0.162376 -0.03729
v -0.047956 0.298136 -0.036889
v -0.019993 0.253711 -0.035457
v -0.23123 0.185154 0.036709
v -0.203267 0.140731 0.038141
v -0.01544 0.25711 -0.018901
v -0.198714 0.144131 0.054697
v -0.226677 0.188554 0.053265
v -0.043403 0.301535 -0.020333
v 0.007973 0.251003 -0.024085
v -0.203499 0.120637 0.060837
v -0.25009 0.194661 0.058449
v -0.038618 0.325026 -0.026472
v -0.079647 0.227971 0.001388
v -0.100017 0.236146 0.008624
v -0.104511 0.232117 -0.007745
v -0.096474 0.258495 -0.000263
v -0.085811 0.244561 0.003027
v -0.070823 0.237075 -0.002908
v -0.071262 0.250204 -0.005483
v -0.080709 0.259666 -0.004828
v -0.140636 0.204436 0.023906
v -0.153463 0.184134 0.03398
v -0.146517 0.187403 0.013059
v -0.164045 0.180828 0.019229
v -0.173664 0.197525 0.033483
v -0.156306 0.201103 0.031337
v -0.169473 0.212851 0.029194
v -0.154319 0.217302 0.024102
v -0.038896 0.254679 -0.06746
v -0.041444 0.276577 -0.052844
v -0.034178 0.257796 -0.050985
v -0.046285 0.273256 -0.069243
v -0.041858 0.24 -0.045219
v -0.046344 0.236931 -0.061768
v -0.059844 0.230922 -0.054831
v -0.069722 0.236223 -0.036782
v -0.073949 0.232904 -0.05335
v -0.08911 0.252547 -0.053226
v -0.087597 0.267229 -0.056645
v -0.083144 0.270925 -0.040216
v -0.076872 0.279061 -0.060033
v -0.064177 0.281779 -0.066073
v -0.059397 0.285339 -0.049706
v -0.064222 0.256091 -0.060797
v -0.109395 0.21122 -0.03915
v -0.104674 0.214338 -0.022676
v -0.113825 0.196775 -0.032975
v -0.120693 0.191478 -0.013577
v -0.125062 0.188363 -0.030148
v -0.144444 0.189445 -0.025041
v -0.15919 0.210411 -0.0233
v -0.158093 0.223771 -0.028336
v -0.153643 0.227466 -0.011906
v -0.144367 0.236906 -0.034807
v -0.139676 0.240555 -0.018434
v -0.124988 0.235824 -0.039914
v -0.120153 0.239269 -0.023539
v -0.134717 0.212633 -0.032488
v -0.179891 0.167762 -0.010841
v -0.17517 0.170881 0.005633
v -0.182849 0.153084 0.011399
v -0.187335 0.150015 -0.005149
v -0.200835 0.144005 0.001788
v -0.210713 0.149305 0.019837
v -0.21494 0.145987 0.003269
v -0.22862 0.160653 0.004019
v -0.224363 0.164213 0.02053
v -0.228588 0.180312 -2.6e-05
v -0.224139 0.184008 0.016403
v -0.217867 0.192144 -0.003413
v -0.205168 0.194862 -0.009454
v -0.195187 0.197748 0.005499
v -0.205213 0.169175 -0.004179
v 0.031645 0.348393 -0.032086
v 0.059608 0.303968 -0.030654
v -0.222124 0.191953 0.069821
v -0.194161 0.14753 0.071253
v 0.064161 0.307368 -0.014098
v -0.189609 0.15093 0.087809
v -0.217571 0.195353 0.086377
v 0.036198 0.351793 -0.01553
v 0.087574 0.30126 -0.019282
v -0.194393 0.127437 0.093949
v -0.240985 0.20146 0.091561
v 0.040983 0.375284 -0.021669
v 0.031877 0.368484 -0.054782
v 0.078469 0.294461 -0.052394
v 0.009461 0.298152 0.0004
v -0.003366 0.277849 0.010474
v 0.003583 0.281121 -0.010449
v -0.013947 0.274543 -0.004277
v -0.023567 0.291241 0.009976
v -0.00621 0.294819 0.00783
v -0.019376 0.306567 0.005688
v -0.004223 0.311018 0.000596
v -0.076705 0.25136 0.03614
v -0.061718 0.243874 0.030204
v -0.062156 0.257003 0.027629
v -0.070541 0.23477 0.0345
v -0.083456 0.235024 0.037999
v -0.092903 0.244486 0.038654
v -0.093342 0.257616 0.036079
v -0.084518 0.26672 0.031783
v -0.071603 0.266465 0.028284
v -0.13153 0.211235 0.057018
v -0.137986 0.192963 0.06496
v -0.137412 0.194202 0.046171
v -0.154939 0.187627 0.052341
v -0.16059 0.197134 0.068531
v -0.147201 0.207902 0.064449
v -0.163841 0.214156 0.064389
v -0.155017 0.223261 0.060093
v -0.142099 0.223007 0.056593
v 0.040705 0.304937 -0.062658
v 0.038157 0.326834 -0.048042
v 0.045423 0.308054 -0.046184
v 0.033316 0.323513 -0.06444
v 0.037743 0.290257 -0.040417
v 0.033257 0.287188 -0.056965
v 0.01962 0.283869 -0.034122
v 0.01534 0.280665 -0.050699
v -0.002552 0.289188 -0.047529
v 0.001666 0.292632 -0.030984
v -0.009093 0.304127 -0.046805
v -0.007996 0.317487 -0.051843
v -0.003543 0.321182 -0.035414
v 0.00273 0.329319 -0.055229
v 0.015424 0.332036 -0.061271
v 0.020207 0.335597 -0.044905
v 0.01538 0.306349 -0.055993
v -0.029791 0.261478 -0.034349
v -0.032339 0.283376 -0.019732
v -0.025073 0.264595 -0.017875
v -0.03718 0.280055 -0.036131
v -0.032753 0.246799 -0.012108
v -0.037238 0.24373 -0.028656
v -0.050876 0.240411 -0.005813
v -0.055156 0.237207 -0.02239
v -0.073047 0.24573 -0.01922
v -0.068829 0.249174 -0.002675
v -0.079589 0.260669 -0.018496
v -0.078492 0.274028 -0.023533
v -0.074039 0.277724 -0.007105
v -0.067766 0.28586 -0.02692
v -0.055071 0.288578 -0.032961
v -0.050292 0.292138 -0.016595
v -0.055116 0.262891 -0.027683
v -0.10029 0.218019 -0.006038
v -0.095569 0.221137 0.010435
v -0.103248 0.203341 0.016201
v -0.107734 0.200272 -0.000347
v -0.121372 0.196952 0.022497
v -0.125651 0.193747 0.00592
v -0.143543 0.202272 0.009089
v -0.139325 0.205715 0.025634
v -0.150084 0.21721 0.009814
v -0.148988 0.23057 0.004776
v -0.144538 0.234265 0.021205
v -0.135262 0.243705 -0.001696
v -0.130571 0.247354 0.014677
v -0.115883 0.242623 -0.006802
v -0.111047 0.246068 0.009572
v -0.125611 0.219432 0.000626
v -0.170785 0.174561 0.022271
v -0.17333 0.196459 0.036886
v -0.166065 0.17768 0.038744
v -0.178171 0.193138 0.020487
v -0.173744 0.159883 0.04451
v -0.17823 0.156814 0.027962
v -0.191729 0.150805 0.034901
v -0.201607 0.156104 0.052948
v -0.205835 0.152786 0.03638
v -0.219515 0.167452 0.037131
v -0.215258 0.171012 0.053641
v -0.219483 0.187111 0.033085
v -0.215033 0.190807 0.049515
v -0.208761 0.198943 0.0297
v -0.196063 0.201661 0.023657
v -0.191283 0.205222 0.040023
v -0.196107 0.175975 0.028935
v -0.433194 -0.02332 0.079536
v -0.246815 -0.319481 0.089097
v -0.362712 0.020125 0.051234
v -0.176333 -0.27604 0.060795
v -0.149016 -0.255643 0.160131
v -0.335396 0.040522 0.15057
v -0.219499 -0.299084 0.188433
v -0.405877 -0.002922 0.178872
v -0.36293 3e-05 0.073923
v -0.237489 -0.292587 0.099513
v -0.405231 -0.026044 0.09091
v -0.195191 -0.266518 0.082529
v -0.340166 0.017028 0.156706
v -0.172426 -0.24952 0.165311
v -0.214725 -0.275589 0.182296
v -0.382467 -0.009045 0.173692
v -0.242813 -0.238242 0.05481
v -0.25729 -0.244979 0.05818
v -0.252716 -0.241287 0.074576
v -0.229688 -0.240956 0.049763
v -0.224852 -0.237512 0.066138
v -0.216007 -0.255625 0.049013
v -0.211205 -0.252417 0.065446
v -0.214377 -0.271162 0.05375
v -0.217057 -0.280239 0.072768
v -0.221543 -0.283308 0.05622
v -0.235183 -0.286629 0.079065
v -0.23946 -0.28983 0.062486
v -0.257352 -0.281304 0.065656
v -0.253134 -0.277861 0.082201
v -0.264738 -0.26273 0.063873
v -0.260397 -0.259081 0.080342
v -0.23942 -0.264147 0.057194
v -0.28941 -0.164196 0.052419
v -0.30389 -0.170937 0.05579
v -0.299316 -0.167241 0.072186
v -0.276284 -0.166913 0.047373
v -0.271449 -0.163466 0.063748
v -0.262604 -0.181579 0.046622
v -0.257805 -0.178375 0.063057
v -0.262639 -0.201237 0.050669
v -0.25803 -0.198169 0.067183
v -0.272381 -0.212334 0.057621
v -0.28178 -0.212582 0.076674
v -0.286061 -0.215784 0.060096
v -0.303952 -0.207262 0.063266
v -0.299734 -0.203819 0.079812
v -0.311334 -0.188684 0.061482
v -0.306997 -0.185035 0.077952
v -0.286016 -0.190101 0.054803
v -0.322881 -0.092867 0.044982
v -0.337573 -0.088134 0.066463
v -0.318049 -0.08942 0.061358
v -0.342264 -0.091781 0.050089
v -0.309201 -0.107533 0.044232
v -0.304402 -0.104329 0.060666
v -0.309236 -0.127191 0.048278
v -0.304627 -0.124123 0.064793
v -0.318981 -0.138292 0.055232
v -0.328377 -0.138536 0.074283
v -0.332657 -0.141741 0.057706
v -0.350549 -0.133216 0.060876
v -0.346331 -0.129772 0.077421
v -0.357935 -0.114639 0.059092
v -0.353594 -0.110989 0.075561
v -0.352521 -0.099461 0.056482
v -0.332613 -0.116055 0.052412
v -0.369481 -0.018821 0.042593
v -0.38417 -0.014088 0.064072
v -0.364646 -0.015374 0.058967
v -0.38886 -0.017739 0.047699
v -0.355801 -0.033487 0.041842
v -0.350999 -0.030283 0.058276
v -0.355832 -0.053148 0.045888
v -0.351227 -0.050077 0.062403
v -0.365578 -0.064246 0.052841
v -0.374977 -0.06449 0.071894
v -0.379254 -0.067695 0.055316
v -0.397146 -0.05917 0.058485
v -0.392927 -0.055726 0.07503
v -0.404532 -0.040592 0.056702
v -0.40019 -0.036946 0.073171
v -0.399118 -0.025415 0.054091
v -0.379213 -0.042012 0.050023
v -0.256827 -0.203318 0.086501
v -0.240167 -0.188516 0.171413
v -0.234062 -0.186319 0.169283
v -0.262931 -0.205515 0.088631
v -0.250233 -0.203708 0.084768
v -0.227468 -0.18671 0.16755
v -0.244152 -0.20663 0.083695
v -0.221387 -0.189631 0.166478
v -0.239511 -0.211635 0.083447
v -0.216747 -0.194637 0.166229
v -0.23702 -0.217964 0.084061
v -0.214256 -0.200965 0.166844
v -0.237053 -0.224651 0.085444
v -0.214289 -0.207653 0.168226
v -0.216843 -0.213684 0.170167
v -0.239608 -0.230682 0.087385
v -0.22153 -0.218137 0.17237
v -0.244294 -0.235135 0.089588
v -0.227635 -0.220334 0.1745
v -0.250399 -0.237332 0.091718
v -0.234229 -0.219943 0.176233
v -0.256993 -0.236941 0.093451
v -0.263074 -0.23402 0.094523
v -0.24031 -0.217022 0.177305
v -0.267714 -0.229015 0.094771
v -0.24495 -0.212016 0.177554
v -0.270206 -0.222686 0.094157
v -0.247441 -0.205688 0.176939
v -0.270173 -0.215999 0.092775
v -0.247408 -0.199 0.175557
v -0.267618 -0.209968 0.090834
v -0.244854 -0.19297 0.173616
v -0.230847 -0.203325 0.171891
v -0.303424 -0.129271 0.08411
v -0.286767 -0.114474 0.169024
v -0.280659 -0.112273 0.166892
v -0.309531 -0.131472 0.086241
v -0.29683 -0.129662 0.082377
v -0.274065 -0.112664 0.165159
v -0.290749 -0.132584 0.081305
v -0.267984 -0.115585 0.164087
v -0.286112 -0.13759 0.081057
v -0.263347 -0.120592 0.16384
v -0.283617 -0.143917 0.081671
v -0.260852 -0.126919 0.164453
v -0.28365 -0.150605 0.083053
v -0.260886 -0.133607 0.165835
v -0.26344 -0.139637 0.167776
v -0.286205 -0.156636 0.084994
v -0.268127 -0.144091 0.169979
v -0.290891 -0.161089 0.087197
v -0.274232 -0.146288 0.172109
v -0.296996 -0.163286 0.089327
v -0.280826 -0.145897 0.173842
v -0.30359 -0.162895 0.09106
v -0.30967 -0.159977 0.092133
v -0.286906 -0.142979 0.174915
v -0.31431 -0.154972 0.092381
v -0.291546 -0.137973 0.175163
v -0.316803 -0.14864 0.091766
v -0.294038 -0.131642 0.174549
v -0.31677 -0.141952 0.090384
v -0.294005 -0.124954 0.173166
v -0.314218 -0.135923 0.088444
v -0.291454 -0.118924 0.171226
v -0.277447 -0.129283 0.169502
v -0.350024 -0.055226 0.08172
v -0.333364 -0.040428 0.166633
v -0.32726 -0.038228 0.164503
v -0.356128 -0.057426 0.083851
v -0.34343 -0.055617 0.079987
v -0.320666 -0.038618 0.16277
v -0.337349 -0.058538 0.078915
v -0.314585 -0.04154 0.161697
v -0.332709 -0.063544 0.078667
v -0.309944 -0.046545 0.161449
v -0.330217 -0.069872 0.079281
v -0.307453 -0.052874 0.162063
v -0.330247 -0.076559 0.080662
v -0.307482 -0.059561 0.163445
v -0.310037 -0.065591 0.165386
v -0.332802 -0.082589 0.082603
v -0.314724 -0.070045 0.167589
v -0.337488 -0.087043 0.084806
v -0.320832 -0.072242 0.16972
v -0.343596 -0.089241 0.086937
v -0.327425 -0.071855 0.171453
v -0.350189 -0.088853 0.088671
v -0.356267 -0.085931 0.089742
v -0.333503 -0.068933 0.172524
v -0.360907 -0.080926 0.08999
v -0.338143 -0.063927 0.172773
v -0.363403 -0.074595 0.089377
v -0.340639 -0.057596 0.172159
v -0.36337 -0.067907 0.087994
v -0.340606 -0.050909 0.170777
v -0.360814 -0.06188 0.086054
v -0.33805 -0.044882 0.168836
v -0.324044 -0.055236 0.167111
v 0.111288 0.39864 -0.027292
v 0.352619 -0.233611 0.036168
v -0.001511 0.329116 0.018002
v 0.465419 -0.164086 -0.009127
v 0.11584 0.40204 -0.010736
v 0.469972 -0.160687 0.007429
v 0.357172 -0.230212 0.052724
v 0.003042 0.332516 0.034558
v 0.120612 0.425534 -0.016873
v 0.493382 -0.16681 0.002249
v -0.020372 0.338639 0.039739
v 0.3524 -0.253706 0.058861
v 0.111506 0.418735 -0.049985
v 0.343295 -0.260505 0.025748
v -0.029478 0.33184 0.006627
v 0.484276 -0.173609 -0.030863
v 0.092104 0.339213 -0.009687
v 0.072877 0.333949 0.015014
v 0.097013 0.342522 0.006617
v 0.06806 0.330337 -0.001252
v 0.113459 0.334609 -0.002451
v 0.123608 0.316272 -0.013639
v 0.128236 0.319244 0.002811
v 0.123674 0.289837 -0.008229
v 0.127998 0.292854 0.008295
v 0.115354 0.278433 0.014779
v 0.105299 0.272094 0.000467
v 0.096392 0.273563 0.020947
v 0.079248 0.273437 0.007355
v 0.077792 0.280658 0.024651
v 0.067478 0.288999 0.019559
v 0.058152 0.306428 0.006382
v 0.062698 0.3102 0.02269
v 0.096194 0.332799 0.003653
v 0.078637 0.327238 0.014812
v 0.07435 0.324144 -0.001752
v 0.115637 0.293216 -0.006755
v 0.120265 0.29695 0.009584
v 0.119171 0.314936 0.001002
v 0.108728 0.284593 0.01013
v 0.073933 0.287567 0.005873
v 0.078746 0.290688 0.022287
v 0.094656 0.28138 0.014634
v 0.070043 0.309246 0.01568
v 0.11018 0.327092 0.001004
v 0.138701 0.265167 -0.007296
v 0.114657 0.25629 0.001139
v 0.130574 0.266677 0.012961
v 0.150071 0.26724 0.00753
v 0.160057 0.260562 -6e-05
v 0.170204 0.242225 -0.011249
v 0.174833 0.2452 0.005201
v 0.174902 0.224921 0.003176
v 0.167124 0.20809 0.014941
v 0.162922 0.204969 -0.001596
v 0.148854 0.199085 0.015643
v 0.130001 0.202968 0.026201
v 0.125845 0.199392 0.009745
v 0.114075 0.214954 0.021949
v 0.104749 0.232382 0.008772
v 0.109294 0.236156 0.02508
v 0.115297 0.254717 0.019664
v 0.152976 0.257378 0.008714
v 0.13302 0.257622 0.008962
v 0.148813 0.253874 -0.0078
v 0.16246 0.238966 -0.008491
v 0.166803 0.242687 0.007929
v 0.162234 0.219171 -0.004365
v 0.166862 0.222906 0.011974
v 0.155324 0.210549 0.01252
v 0.120533 0.213522 0.008263
v 0.125342 0.216644 0.024678
v 0.141253 0.207333 0.017025
v 0.11664 0.2352 0.018071
v 0.121529 0.249122 0.013893
v 0.194441 0.192091 0.004544
v 0.172278 0.189162 -0.000923
v 0.177172 0.192632 0.015352
v 0.209394 0.179766 -0.0092
v 0.214161 0.182808 0.007197
v 0.219427 0.15483 -0.006839
v 0.223901 0.157795 0.009655
v 0.213721 0.134047 0.017331
v 0.20952 0.130923 0.000795
v 0.195453 0.125039 0.018033
v 0.176598 0.128922 0.028592
v 0.172442 0.125345 0.012136
v 0.160672 0.140908 0.02434
v 0.151346 0.158336 0.011163
v 0.155894 0.162111 0.02747
v 0.1601 0.178892 0.016698
v 0.199574 0.183332 0.011105
v 0.18456 0.184509 0.009827
v 0.195411 0.179828 -0.00541
v 0.209058 0.16492 -0.006101
v 0.213401 0.168641 0.010319
v 0.208832 0.145125 -0.001975
v 0.21346 0.14886 0.014365
v 0.201923 0.136503 0.01491
v 0.16713 0.139476 0.010653
v 0.171943 0.142598 0.027067
v 0.187851 0.13329 0.019414
v 0.163236 0.161154 0.020462
v 0.171216 0.178702 0.014664
v 0.231895 0.117077 -0.002515
v 0.207851 0.108201 0.005919
v 0.223769 0.118586 0.017743
v 0.243266 0.119148 0.012311
v 0.253252 0.112474 0.00472
v 0.263399 0.094137 -0.006468
v 0.264706 0.103297 0.00967
v 0.270499 0.083749 0.012046
v 0.263468 0.067702 -0.001059
v 0.262162 0.069462 0.017798
v 0.24922 0.053227 0.024164
v 0.245093 0.049958 0.007637
v 0.223195 0.054879 0.030982
v 0.219041 0.051299 0.014526
v 0.207271 0.066862 0.02673
v 0.197944 0.084294 0.013552
v 0.202491 0.088064 0.029861
v 0.208494 0.106628 0.024444
v 0.246172 0.109286 0.013495
v 0.231158 0.110463 0.012218
v 0.242009 0.105782 -0.003019
v 0.255656 0.090874 -0.003711
v 0.259999 0.094595 0.01271
v 0.25543 0.071079 0.000416
v 0.248521 0.062457 0.017301
v 0.23168 0.056666 0.009906
v 0.236573 0.060062 0.026242
v 0.216726 0.068297 0.024819
v 0.217814 0.104656 0.017054
v 0.209835 0.087111 0.022851
v 0.278493 0.043031 -0.000125
v 0.254449 0.034155 0.008309
v 0.270367 0.04454 0.020133
v 0.289864 0.045102 0.014701
v 0.302589 0.031674 -0.004419
v 0.307357 0.034716 0.011978
v 0.314495 0.016119 0.007664
v 0.310065 -0.006344 0.001331
v 0.314389 -0.003326 0.017856
v 0.295818 -0.020819 0.026554
v 0.291692 -0.024088 0.010027
v 0.269792 -0.019167 0.033372
v 0.265638 -0.022743 0.016916
v 0.253868 -0.007181 0.02912
v 0.244542 0.010248 0.015943
v 0.249089 0.014018 0.032251
v 0.255092 0.032582 0.026834
v 0.304083 0.006803 0.000235
v 0.308565 0.01056 0.01661
v 0.303293 0.023237 0.010292
v 0.296402 -0.010991 0.006001
v 0.30116 -0.007335 0.022321
v 0.278277 -0.01738 0.012297
v 0.283171 -0.013984 0.028633
v 0.263323 -0.005746 0.027209
v 0.264411 0.030614 0.019444
v 0.277756 0.036417 0.014608
v 0.292241 0.033838 0.011129
v 0.256433 0.013065 0.025241
v 0.325091 -0.031015 0.002265
v 0.301047 -0.039891 0.0107
v 0.316964 -0.029503 0.022522
v 0.333851 -0.03257 0.019035
v 0.349187 -0.042372 -0.002029
v 0.353955 -0.03933 0.014369
v 0.361092 -0.057923 0.010054
v 0.356663 -0.08039 0.003721
v 0.360987 -0.077372 0.020246
v 0.347306 -0.092463 0.020937
v 0.33613 -0.096191 0.030991
v 0.325269 -0.100091 0.0164
v 0.31639 -0.093213 0.035762
v 0.301173 -0.088734 0.020694
v 0.298156 -0.073386 0.036706
v 0.29114 -0.063798 0.018333
v 0.298393 -0.046995 0.031221
v 0.311009 -0.043432 0.021834
v 0.325465 -0.039696 0.003903
v 0.346908 -0.046481 0.012589
v 0.35068 -0.067239 0.002625
v 0.355163 -0.063486 0.019
v 0.345819 -0.08284 0.020354
v 0.324875 -0.091423 0.014687
v 0.329769 -0.08803 0.031023
v 0.309921 -0.079792 0.0296
v 0.29966 -0.063879 0.015965
v 0.30422 -0.060883 0.032474
v 0.367696 -0.103585 0.017614
v 0.347645 -0.113937 0.01309
v 0.352463 -0.110322 0.029356
v 0.384722 -0.10836 0.001749
v 0.380449 -0.106616 0.021426
v 0.400552 -0.113376 0.016759
v 0.403193 -0.128001 0.000703
v 0.409485 -0.131497 0.018069
v 0.403261 -0.154436 0.006112
v 0.407585 -0.151418 0.022636
v 0.393904 -0.166509 0.023327
v 0.382728 -0.170238 0.033382
v 0.371867 -0.174134 0.01879
v 0.362988 -0.167259 0.038153
v 0.347771 -0.16278 0.023085
v 0.344754 -0.147432 0.039096
v 0.337738 -0.137844 0.020724
v 0.343179 -0.127567 0.035496
v 0.361723 -0.114678 0.022543
v 0.372063 -0.113742 0.006294
v 0.390015 -0.122506 0.003156
v 0.394245 -0.118875 0.019626
v 0.397278 -0.141285 0.005015
v 0.401761 -0.137532 0.02139
v 0.392417 -0.156886 0.022744
v 0.371473 -0.165469 0.017077
v 0.376366 -0.162072 0.033413
v 0.356519 -0.153838 0.03199
v 0.350095 -0.139953 0.030931
v 0.351855 -0.125353 0.027423
v 0.095052 0.382288 -0.056474
v 0.081707 0.379462 -0.033812
v 0.099831 0.385848 -0.040107
v 0.077134 0.375766 -0.050207
v 0.112943 0.373763 -0.059643
v 0.117784 0.377084 -0.043244
v 0.120329 0.355186 -0.057859
v 0.125048 0.358303 -0.041385
v 0.117367 0.340507 -0.035619
v 0.112882 0.337439 -0.052167
v 0.099243 0.334121 -0.029324
v 0.094963 0.330917 -0.045901
v 0.077072 0.339441 -0.042731
v 0.08129 0.342885 -0.026186
v 0.069686 0.358018 -0.044515
v 0.074027 0.361666 -0.028046
v 0.095007 0.356601 -0.051196
v 0.141649 0.308243 -0.054083
v 0.128953 0.305526 -0.048041
v 0.14643 0.311803 -0.037717
v 0.159541 0.299718 -0.057253
v 0.164382 0.303039 -0.040854
v 0.166927 0.281141 -0.055469
v 0.171645 0.284258 -0.038995
v 0.163965 0.266462 -0.033229
v 0.159479 0.263393 -0.049777
v 0.14584 0.260076 -0.026934
v 0.141562 0.256871 -0.043511
v 0.123668 0.265396 -0.040341
v 0.127887 0.26884 -0.023796
v 0.117131 0.280335 -0.039618
v 0.118227 0.293695 -0.044655
v 0.12268 0.297391 -0.028227
v 0.141603 0.282556 -0.048805
v 0.188247 0.234197 -0.051693
v 0.176392 0.232915 -0.029531
v 0.193028 0.237757 -0.035327
v 0.172962 0.229801 -0.04643
v 0.206139 0.225672 -0.054862
v 0.21098 0.228993 -0.038464
v 0.213525 0.207094 -0.053079
v 0.21785 0.204904 -0.035525
v 0.206485 0.189122 -0.047414
v 0.202206 0.186656 -0.027377
v 0.193023 0.182998 -0.042502
v 0.182697 0.188644 -0.022401
v 0.178473 0.185323 -0.038969
v 0.164792 0.199992 -0.038219
v 0.169051 0.203549 -0.021709
v 0.164826 0.21965 -0.042265
v 0.169277 0.223344 -0.025836
v 0.188201 0.208511 -0.046415
v 0.234845 0.160151 -0.049302
v 0.21956 0.155755 -0.04404
v 0.232545 0.163759 -0.030423
v 0.250197 0.154721 -0.050416
v 0.258211 0.142987 -0.052204
v 0.263012 0.146191 -0.03577
v 0.258178 0.123329 -0.048158
v 0.262786 0.126397 -0.031643
v 0.248821 0.113309 -0.025116
v 0.244451 0.110194 -0.041686
v 0.229295 0.114598 -0.020011
v 0.225071 0.111277 -0.036579
v 0.21139 0.125946 -0.035829
v 0.215649 0.129503 -0.019319
v 0.211424 0.145604 -0.039875
v 0.215874 0.149301 -0.023446
v 0.234799 0.134465 -0.044024
v 0.281443 0.086105 -0.046912
v 0.268098 0.083282 -0.024251
v 0.286223 0.089668 -0.030547
v 0.263525 0.079587 -0.040646
v 0.296795 0.080675 -0.048026
v 0.304809 0.068941 -0.049813
v 0.309609 0.072149 -0.03338
v 0.304776 0.049283 -0.045767
v 0.309384 0.052351 -0.029253
v 0.296805 0.039598 -0.022985
v 0.291589 0.036183 -0.039401
v 0.275893 0.040552 -0.01762
v 0.271668 0.037234 -0.034189
v 0.257988 0.0519 -0.033439
v 0.262246 0.055461 -0.016929
v 0.257338 0.06817 -0.034608
v 0.281397 0.060419 -0.041634
v 0.32804 0.012063 -0.044522
v 0.31716 0.011065 -0.023533
v 0.332821 0.015622 -0.028156
v 0.311353 0.006374 -0.038932
v 0.343393 0.006629 -0.045636
v 0.351406 -0.005101 -0.047423
v 0.356207 -0.001897 -0.03099
v 0.351374 -0.024763 -0.043377
v 0.355981 -0.021692 -0.026863
v 0.342972 -0.034606 -0.020412
v 0.338836 -0.03737 -0.037206
v 0.322491 -0.033494 -0.01523
v 0.318266 -0.036812 -0.031799
v 0.306908 -0.02542 -0.029022
v 0.302675 -0.012207 -0.032564
v 0.307015 -0.008561 -0.016094
v 0.327995 -0.013627 -0.039243
v 0.374638 -0.061984 -0.042132
v 0.361294 -0.06481 -0.01947
v 0.379419 -0.058424 -0.025766
v 0.35672 -0.068506 -0.035865
v 0.389991 -0.067417 -0.043245
v 0.398004 -0.079147 -0.045033
v 0.402805 -0.075943 -0.028599
v 0.397972 -0.098809 -0.040987
v 0.402579 -0.095738 -0.024472
v 0.388614 -0.108826 -0.017945
v 0.384243 -0.11194 -0.034515
v 0.369089 -0.10754 -0.01284
v 0.364864 -0.110858 -0.029408
v 0.353506 -0.099466 -0.026631
v 0.349273 -0.086253 -0.030173
v 0.353613 -0.082607 -0.013704
v 0.374592 -0.087669 -0.036854
v 0.411542 -0.137441 -0.036786
v 0.407891 -0.138856 -0.01708
v 0.426017 -0.13247 -0.023375
v 0.430922 -0.138527 -0.041892
v 0.447379 -0.145453 -0.026702
v 0.444602 -0.153193 -0.042643
v 0.444569 -0.172852 -0.038597
v 0.449177 -0.169784 -0.022082
v 0.434825 -0.183953 -0.031645
v 0.425426 -0.184197 -0.012592
v 0.421149 -0.187402 -0.029169
v 0.403256 -0.178876 -0.025999
v 0.407474 -0.175433 -0.009455
v 0.395871 -0.160299 -0.027783
v 0.40021 -0.15665 -0.011314
v 0.40018 -0.146181 -0.031876
v 0.42119 -0.161715 -0.034463
v 0.024551 0.338836 -0.028164
v 0.011207 0.336009 -0.005502
v 0.029334 0.342396 -0.011799
v 0.006633 0.332313 -0.021898
v 0.042443 0.33031 -0.031334
v 0.047284 0.333631 -0.014935
v 0.049829 0.311733 -0.02955
v 0.054547 0.31485 -0.013076
v 0.046867 0.297055 -0.00731
v 0.042381 0.293986 -0.023858
v 0.028743 0.290668 -0.001014
v 0.024463 0.287464 -0.017591
v 0.006571 0.295989 -0.014422
v 0.010789 0.299432 0.002123
v -0.000815 0.314566 -0.016205
v 0.003527 0.318213 0.000263
v 0.024507 0.313148 -0.022886
v 0.071148 0.26479 -0.025774
v 0.058453 0.262073 -0.019732
v 0.07593 0.268351 -0.009408
v 0.08904 0.256265 -0.028943
v 0.093881 0.259586 -0.012544
v 0.096426 0.237689 -0.02716
v 0.101147 0.240804 -0.010686
v 0.093467 0.22301 -0.004921
v 0.088981 0.219942 -0.021468
v 0.075339 0.216624 0.001376
v 0.071063 0.21342 -0.015202
v 0.053171 0.221945 -0.012032
v 0.057389 0.225388 0.004512
v 0.04663 0.236884 -0.011308
v 0.04773 0.250243 -0.016347
v 0.05218 0.253938 8.2e-05
v 0.071104 0.239102 -0.020495
v 0.117748 0.190746 -0.023384
v 0.105053 0.188029 -0.017342
v 0.122527 0.194305 -0.007018
v 0.13564 0.18222 -0.026554
v 0.140481 0.185541 -0.010155
v 0.143026 0.163643 -0.02477
v 0.14735 0.161452 -0.007216
v 0.135986 0.14567 -0.019106
v 0.131044 0.141859 -0.001073
v 0.121936 0.142578 0.003766
v 0.11766 0.139373 -0.012811
v 0.099768 0.147899 -0.009642
v 0.103986 0.151342 0.006903
v 0.09323 0.162838 -0.008919
v 0.094327 0.176196 -0.013956
v 0.098777 0.179892 0.002473
v 0.117701 0.165056 -0.018105
v 0.164345 0.1167 -0.020993
v 0.149061 0.112304 -0.015731
v 0.162044 0.120303 -0.002113
v 0.179698 0.111266 -0.022107
v 0.187711 0.099536 -0.023895
v 0.192512 0.10274 -0.007461
v 0.187678 0.079877 -0.019849
v 0.192286 0.082945 -0.003334
v 0.17832 0.069857 0.003194
v 0.173951 0.066743 -0.013377
v 0.158796 0.071143 0.008298
v 0.154572 0.067825 -0.00827
v 0.140891 0.082495 -0.00752
v 0.145149 0.086051 0.00899
v 0.140923 0.102153 -0.011566
v 0.145374 0.105846 0.004864
v 0.1643 0.091014 -0.015716
v 0.210942 0.042653 -0.018603
v 0.197599 0.039827 0.004058
v 0.215724 0.046213 -0.002237
v 0.193025 0.036131 -0.012337
v 0.226295 0.037223 -0.019717
v 0.234309 0.025489 -0.021504
v 0.23911 0.028694 -0.005071
v 0.234276 0.005831 -0.017458
v 0.238884 0.008899 -0.000944
v 0.224918 -0.004189 0.005584
v 0.220548 -0.007303 -0.010987
v 0.205393 -0.0029 0.010689
v 0.201169 -0.006221 -0.00588
v 0.189812 0.005171 -0.003103
v 0.185579 0.018384 -0.006645
v 0.189917 0.022033 0.009825
v 0.210897 0.016968 -0.013325
v 0.25754 -0.031393 -0.016213
v 0.244196 -0.034219 0.006449
v 0.262321 -0.02783 0.000153
v 0.239623 -0.037915 -0.009946
v 0.272893 -0.036823 -0.017327
v 0.280907 -0.048557 -0.019114
v 0.285707 -0.045349 -0.002681
v 0.280874 -0.068215 -0.015068
v 0.285482 -0.065147 0.001447
v 0.271515 -0.078231 0.007974
v 0.267146 -0.081349 -0.008596
v 0.251991 -0.076946 0.013079
v 0.247766 -0.080263 -0.00349
v 0.236409 -0.068875 -0.000712
v 0.232175 -0.055662 -0.004254
v 0.236515 -0.052013 0.012215
v 0.257494 -0.057079 -0.010934
v 0.304138 -0.105435 -0.013823
v 0.298592 -0.102068 0.00294
v 0.308919 -0.101876 0.002543
v 0.285831 -0.111718 -0.007461
v 0.32203 -0.113961 -0.016992
v 0.326871 -0.11064 -0.000594
v 0.329549 -0.128168 -0.01415
v 0.327472 -0.142261 -0.012678
v 0.332079 -0.139189 0.003836
v 0.318114 -0.152277 0.010364
v 0.313744 -0.155395 -0.006206
v 0.298589 -0.150992 0.015469
v 0.294364 -0.154309 -0.001099
v 0.283007 -0.142921 0.001678
v 0.278773 -0.129705 -0.001864
v 0.283448 -0.120793 0.013314
v 0.304092 -0.131125 -0.008544
v 0.350735 -0.179481 -0.011432
v 0.337391 -0.182307 0.011229
v 0.355517 -0.175922 0.004934
v 0.332818 -0.186003 -0.005166
v 0.368628 -0.188007 -0.014602
v 0.373469 -0.184685 0.001796
v 0.376147 -0.202214 -0.01176
v 0.374069 -0.216307 -0.010287
v 0.378677 -0.213236 0.006227
v 0.364711 -0.226323 0.012755
v 0.360342 -0.229441 -0.003815
v 0.345187 -0.225038 0.01786
v 0.340962 -0.228356 0.001291
v 0.329604 -0.216963 0.004068
v 0.32537 -0.203751 0.000526
v 0.329711 -0.200105 0.016996
v 0.35069 -0.205167 -0.006154
v -0.029719 0.311744 0.029326
v 0.118429 -0.172436 0.088006
v -0.142518 0.24222 0.074621
v 0.23123 -0.102911 0.042712
v -0.025166 0.315143 0.045882
v 0.235782 -0.099511 0.059268
v 0.122982 -0.169036 0.104563
v -0.137965 0.245619 0.091177
v 0.259187 -0.105624 0.054087
v -0.020387 0.338629 0.039746
v -0.16137 0.251734 0.096357
v 0.118206 -0.19252 0.110698
v -0.029493 0.33183 0.006633
v 0.109101 -0.199319 0.077586
v -0.170475 0.244935 0.063245
v 0.250081 -0.112424 0.020975
v -0.048897 0.252307 0.046932
v -0.064949 0.249148 0.064158
v -0.043988 0.255616 0.063236
v -0.027542 0.247703 0.054168
v -0.017393 0.229365 0.04298
v -0.012766 0.232339 0.05943
v -0.015721 0.209094 0.046554
v -0.014312 0.212804 0.063873
v -0.020474 0.195233 0.069169
v -0.024676 0.192108 0.052633
v -0.044108 0.188529 0.077339
v -0.042412 0.183729 0.059103
v -0.061753 0.186531 0.063973
v -0.068562 0.198283 0.081766
v -0.080224 0.206172 0.06502
v -0.078304 0.223295 0.079309
v -0.08029 0.232607 0.05961
v -0.072301 0.241857 0.073892
v -0.035149 0.243112 0.058187
v -0.054117 0.245513 0.068099
v -0.058307 0.2423 0.051533
v -0.025136 0.226105 0.045736
v -0.020794 0.229827 0.062157
v -0.025364 0.20631 0.049864
v -0.026231 0.201942 0.069378
v -0.039328 0.193223 0.056391
v -0.058855 0.194508 0.061497
v -0.053975 0.19776 0.077866
v -0.067039 0.207862 0.074219
v -0.066069 0.236261 0.068121
v -0.070958 0.222339 0.072299
v -0.006293 0.179739 0.06228
v -0.026345 0.169386 0.057757
v -0.021523 0.172998 0.074023
v 0.010735 0.174961 0.046416
v 0.0156 0.17812 0.062763
v 0.02849 0.163867 0.055974
v 0.031828 0.141969 0.04739
v 0.036303 0.144934 0.063884
v 0.026123 0.121186 0.07156
v 0.021924 0.118062 0.055022
v 0.001987 0.112612 0.079957
v -0.00212 0.109186 0.063457
v -0.026216 0.120543 0.067751
v -0.021965 0.124237 0.084157
v -0.036253 0.145479 0.065391
v -0.031703 0.14925 0.081698
v 0.011448 0.169065 0.060577
v -0.007517 0.171469 0.070489
v -0.01171 0.168253 0.053924
v 0.021461 0.152059 0.048127
v 0.025803 0.15578 0.064548
v 0.021236 0.132265 0.052253
v 0.025864 0.136 0.068592
v 0.010026 0.12156 0.070723
v -0.020468 0.126615 0.064882
v -0.015655 0.129738 0.081296
v -0.004751 0.121519 0.07482
v -0.024362 0.148296 0.074689
v -0.019468 0.162216 0.070511
v 0.0443 0.104217 0.051712
v 0.020255 0.095341 0.060147
v 0.036173 0.105726 0.07197
v 0.062197 0.104073 0.065153
v 0.068395 0.09286 0.047418
v 0.077108 0.090436 0.063898
v 0.078429 0.067924 0.049779
v 0.082903 0.070889 0.066273
v 0.072723 0.047141 0.073949
v 0.068521 0.044016 0.057413
v 0.054454 0.038132 0.074653
v 0.035596 0.042018 0.085211
v 0.031444 0.038442 0.068753
v 0.019673 0.054005 0.080957
v 0.010348 0.071433 0.06778
v 0.014894 0.075204 0.084089
v 0.020896 0.093768 0.078672
v 0.058048 0.095023 0.062967
v 0.03908 0.097423 0.072879
v 0.034886 0.094211 0.056314
v 0.068129 0.056027 0.068227
v 0.053865 0.045134 0.061172
v 0.058718 0.04867 0.07749
v 0.037197 0.049167 0.078116
v 0.027128 0.088169 0.072901
v 0.069099 0.084422 0.06213
v 0.073007 0.069936 0.064004
v 0.026158 0.059774 0.078999
v 0.022238 0.074251 0.077079
v 0.090897 0.03017 0.054103
v 0.066852 0.021295 0.062537
v 0.08277 0.031683 0.07436
v 0.108793 0.030031 0.067544
v 0.114992 0.018814 0.049809
v 0.123705 0.01639 0.066289
v 0.125025 -0.006119 0.05217
v 0.1295 -0.003158 0.068664
v 0.123519 -0.021701 0.074162
v 0.115118 -0.03003 0.059804
v 0.10822 -0.033679 0.080783
v 0.091073 -0.038906 0.068238
v 0.082197 -0.032027 0.0876
v 0.066978 -0.027549 0.072532
v 0.067307 -0.01837 0.088936
v 0.056944 -0.002613 0.070171
v 0.061491 0.001157 0.08648
v 0.067493 0.019721 0.081063
v 0.114726 -0.01802 0.070617
v 0.100462 -0.028913 0.063563
v 0.105314 -0.025372 0.07988
v 0.083793 -0.024879 0.080507
v 0.085216 0.022627 0.070362
v 0.104644 0.020977 0.065357
v 0.115696 0.010379 0.06452
v 0.119603 -0.004107 0.066394
v 0.072755 -0.014272 0.08139
v 0.068835 0.000205 0.07947
v 0.073725 0.014123 0.075292
v 0.137494 -0.043876 0.056494
v 0.118267 -0.049137 0.081195
v 0.142403 -0.040566 0.072797
v 0.113449 -0.052752 0.064928
v 0.161588 -0.055229 0.052199
v 0.166356 -0.052191 0.068598
v 0.171622 -0.080165 0.05456
v 0.176096 -0.0772 0.071054
v 0.170116 -0.095748 0.076552
v 0.161714 -0.104073 0.062194
v 0.15482 -0.107725 0.083172
v 0.137673 -0.112948 0.070627
v 0.128794 -0.106074 0.089991
v 0.113575 -0.101595 0.074923
v 0.110559 -0.086247 0.090934
v 0.103541 -0.076659 0.072562
v 0.108983 -0.066382 0.087334
v 0.146605 -0.051366 0.068698
v 0.132274 -0.050669 0.077661
v 0.128083 -0.053881 0.061094
v 0.1662 -0.078153 0.068785
v 0.155403 -0.097897 0.062619
v 0.160159 -0.094238 0.078939
v 0.137279 -0.104283 0.068914
v 0.14217 -0.100887 0.085251
v 0.122324 -0.092652 0.083828
v 0.11766 -0.064167 0.079261
v 0.159311 -0.059342 0.066817
v 0.115898 -0.078768 0.082769
v -0.039535 0.294647 0.000525
v -0.055641 0.29397 0.003101
v -0.050954 0.297618 0.019474
v -0.028057 0.286858 -0.003024
v -0.023217 0.290179 0.013374
v -0.020672 0.268281 -0.001241
v -0.015951 0.271398 0.015232
v -0.023634 0.253602 0.021
v -0.02812 0.250533 0.004452
v -0.041758 0.247215 0.027295
v -0.046034 0.244012 0.010717
v -0.063929 0.252536 0.013888
v -0.059711 0.255979 0.030433
v -0.070467 0.267475 0.014611
v -0.06937 0.280835 0.009573
v -0.064917 0.284531 0.026001
v -0.045994 0.269696 0.005423
v 0.007062 0.2206 0.002916
v -0.009044 0.219924 0.005491
v -0.004353 0.223571 0.021864
v 0.018543 0.212811 -0.000635
v 0.023384 0.216132 0.015764
v 0.025928 0.194237 0.001149
v 0.030646 0.197353 0.017623
v 0.022967 0.179555 0.02339
v 0.018481 0.176486 0.006841
v 0.004839 0.173169 0.029685
v 0.000562 0.169968 0.013107
v -0.017329 0.17849 0.016277
v -0.013111 0.181933 0.032822
v -0.02387 0.193429 0.017001
v -0.02277 0.20679 0.011963
v -0.018321 0.210486 0.028392
v 0.000603 0.19565 0.007814
v 0.047248 0.147291 0.004926
v 0.034553 0.144574 0.010967
v 0.052027 0.150853 0.021292
v 0.061394 0.142148 0.002083
v 0.06998 0.14209 0.018154
v 0.070613 0.130126 0.002025
v 0.07685 0.118 0.021093
v 0.07058 0.110468 0.00607
v 0.060835 0.09937 0.013022
v 0.051439 0.099127 0.032075
v 0.047159 0.095922 0.015498
v 0.032788 0.102084 0.020178
v 0.023794 0.113086 0.018399
v 0.028051 0.116646 0.034909
v 0.023827 0.132744 0.014353
v 0.028276 0.13644 0.030782
v 0.0472 0.121604 0.010205
v 0.093844 0.073248 0.007316
v 0.081149 0.070531 0.013358
v 0.098627 0.076808 0.023681
v 0.109197 0.067814 0.006203
v 0.117213 0.056081 0.004415
v 0.122011 0.059288 0.020848
v 0.117177 0.036422 0.008461
v 0.121786 0.039494 0.024975
v 0.107435 0.025325 0.015412
v 0.098036 0.025081 0.034465
v 0.093756 0.021875 0.017889
v 0.079384 0.028041 0.022568
v 0.070391 0.03904 0.020789
v 0.074648 0.0426 0.037299
v 0.070424 0.058698 0.016744
v 0.074876 0.062395 0.033172
v 0.0938 0.047559 0.012594
v 0.140441 -0.000798 0.009707
v 0.1271 -0.003624 0.032367
v 0.145224 0.002761 0.026072
v 0.122527 -0.00732 0.015972
v 0.155797 -0.006231 0.008592
v 0.163809 -0.017962 0.006805
v 0.168611 -0.014758 0.023238
v 0.163777 -0.03762 0.01085
v 0.168383 -0.034553 0.027365
v 0.15442 -0.04764 0.033892
v 0.150047 -0.050755 0.017323
v 0.134893 -0.046355 0.038999
v 0.130668 -0.049673 0.02243
v 0.119312 -0.03828 0.025206
v 0.115078 -0.025067 0.021664
v 0.119417 -0.021422 0.038134
v 0.140396 -0.026484 0.014984
v 0.187041 -0.074844 0.012096
v 0.173697 -0.07767 0.034758
v 0.191821 -0.071285 0.028463
v 0.169124 -0.081366 0.018363
v 0.202394 -0.080278 0.010983
v 0.210406 -0.092008 0.009196
v 0.215208 -0.088804 0.025629
v 0.210374 -0.111666 0.013241
v 0.214983 -0.108598 0.029755
v 0.201017 -0.121686 0.036283
v 0.196648 -0.124801 0.019712
v 0.181492 -0.120397 0.041388
v 0.177265 -0.123719 0.02482
v 0.165909 -0.112327 0.027597
v 0.161675 -0.099114 0.024055
v 0.166016 -0.095464 0.040524
v 0.186993 -0.10053 0.017375
v -0.110036 0.251194 0.028835
v -0.126141 0.250517 0.03141
v -0.121451 0.254166 0.047782
v -0.098555 0.243405 0.025284
v -0.093714 0.246726 0.041682
v -0.091172 0.224828 0.027069
v -0.086451 0.227945 0.043542
v -0.094131 0.21015 0.049308
v -0.098617 0.207081 0.03276
v -0.112259 0.203763 0.055604
v -0.116535 0.200559 0.039026
v -0.134427 0.209084 0.042196
v -0.130208 0.212527 0.058741
v -0.140968 0.224023 0.04292
v -0.139868 0.237383 0.037881
v -0.135418 0.241078 0.054311
v -0.116494 0.226243 0.033733
v -0.060165 0.175387 0.028694
v -0.074854 0.180119 0.050173
v -0.05533 0.178834 0.045068
v -0.079545 0.176473 0.0338
v -0.047824 0.164727 0.029482
v -0.044572 0.150782 0.029458
v -0.039854 0.153901 0.045932
v -0.047534 0.136103 0.051699
v -0.05202 0.133035 0.035151
v -0.065658 0.129718 0.057994
v -0.069938 0.126513 0.041417
v -0.08783 0.135038 0.044587
v -0.083612 0.138481 0.061132
v -0.094368 0.149978 0.04531
v -0.093271 0.163338 0.040272
v -0.088821 0.167031 0.056702
v -0.069898 0.152199 0.036123
v -0.023253 0.103839 0.033235
v -0.035948 0.101122 0.039277
v -0.01847 0.107399 0.0496
v -0.007901 0.098409 0.032121
v 0.000115 0.086675 0.030333
v 0.004914 0.089879 0.046767
v 8e-05 0.067017 0.03438
v 0.004689 0.070085 0.050894
v -0.009666 0.055919 0.041331
v -0.019061 0.055672 0.060384
v -0.023342 0.05247 0.043807
v -0.037713 0.058632 0.048487
v -0.046706 0.069634 0.046708
v -0.042449 0.073191 0.063218
v -0.046674 0.089292 0.042663
v -0.042221 0.092989 0.059091
v -0.023298 0.078153 0.038513
v 0.023344 0.029793 0.035626
v 0.010649 0.027076 0.041667
v 0.028126 0.033356 0.051991
v 0.038696 0.024362 0.034512
v 0.046712 0.012629 0.032724
v 0.051514 0.015837 0.049156
v 0.046677 -0.00703 0.03677
v 0.051286 -0.003962 0.053284
v 0.036934 -0.018127 0.043721
v 0.027536 -0.018375 0.062775
v 0.023259 -0.021576 0.046197
v 0.008887 -0.015413 0.050876
v -0.000109 -0.004412 0.049099
v 0.004147 -0.000852 0.065609
v -7.4e-05 0.015246 0.045052
v 0.004376 0.018943 0.061481
v 0.023299 0.004107 0.040903
v 0.069944 -0.04425 0.038015
v 0.056599 -0.047076 0.060676
v 0.074723 -0.04069 0.054381
v 0.052026 -0.050772 0.044281
v 0.085297 -0.049683 0.036901
v 0.093309 -0.061417 0.035115
v 0.09811 -0.05821 0.051547
v 0.093277 -0.081075 0.03916
v 0.097882 -0.078004 0.055675
v 0.083919 -0.091092 0.062202
v 0.079547 -0.09421 0.045633
v 0.064395 -0.089806 0.067307
v 0.060168 -0.093124 0.050739
v 0.048811 -0.081732 0.053515
v 0.044578 -0.068519 0.049974
v 0.048919 -0.064873 0.066443
v 0.069896 -0.069939 0.043294
v 0.116541 -0.118296 0.040405
v 0.103196 -0.121122 0.063067
v 0.12132 -0.114737 0.056772
v 0.098623 -0.124818 0.046672
v 0.134432 -0.126821 0.037236
v 0.139273 -0.1235 0.053635
v 0.141951 -0.141029 0.040079
v 0.139874 -0.155121 0.041551
v 0.144483 -0.15205 0.058065
v 0.130516 -0.165138 0.064592
v 0.126148 -0.168256 0.048022
v 0.110992 -0.163852 0.069698
v 0.106768 -0.16717 0.053128
v 0.095408 -0.155778 0.055906
v 0.091175 -0.142565 0.052364
v 0.095516 -0.13892 0.068833
v 0.116496 -0.143985 0.045684
v 0.137073 -0.20211 0.088973
v 0.277784 -0.176922 0.045107
v 0.165042 -0.246501 0.090397
v 0.249813 -0.132528 0.043683
v 0.254366 -0.129128 0.060239
v 0.141625 -0.19871 0.105529
v 0.282337 -0.173522 0.061663
v 0.169594 -0.243101 0.106953
v 0.118205 -0.192604 0.110716
v 0.259134 -0.105628 0.054102
v 0.305759 -0.179628 0.056476
v 0.164827 -0.266605 0.11309
v 0.1091 -0.199403 0.077603
v 0.296653 -0.186428 0.023364
v 0.155721 -0.273404 0.079978
v 0.250029 -0.112427 0.02099
v 0.194279 -0.186408 0.085173
v 0.200703 -0.200211 0.084966
v 0.211981 -0.186116 0.083596
v 0.198809 -0.174372 0.081456
v 0.210574 -0.169578 0.077236
v 0.224968 -0.177494 0.074892
v 0.226974 -0.193593 0.077657
v 0.215987 -0.203317 0.083589
v 0.137765 -0.216656 0.054766
v 0.149379 -0.231789 0.073091
v 0.142106 -0.213011 0.071235
v 0.145161 -0.235232 0.056546
v 0.145205 -0.198907 0.049075
v 0.149779 -0.195211 0.06547
v 0.163117 -0.192375 0.042808
v 0.167899 -0.188812 0.059173
v 0.181013 -0.200889 0.039635
v 0.185854 -0.197568 0.056034
v 0.188409 -0.219461 0.041415
v 0.193127 -0.216346 0.05789
v 0.185458 -0.234144 0.063653
v 0.180972 -0.237213 0.047105
v 0.167337 -0.240544 0.06995
v 0.163057 -0.243746 0.053373
v 0.163087 -0.218062 0.048083
v 0.210158 -0.1831 0.027968
v 0.214415 -0.17954 0.044478
v 0.209499 -0.166833 0.026802
v 0.215678 -0.155414 0.020765
v 0.220252 -0.151718 0.03716
v 0.233592 -0.148881 0.014498
v 0.238372 -0.145318 0.030863
v 0.251488 -0.157395 0.011325
v 0.256329 -0.154074 0.027723
v 0.258883 -0.175967 0.013105
v 0.263603 -0.172852 0.029579
v 0.255931 -0.190651 0.035343
v 0.251446 -0.19372 0.018795
v 0.23781 -0.19705 0.04164
v 0.233533 -0.200252 0.025062
v 0.219157 -0.194097 0.029745
v 0.23356 -0.174568 0.019772
v -0.170717 0.224839 0.085944
v -0.022569 -0.259338 0.144624
v -0.283519 0.155313 0.13124
v 0.09023 -0.189814 0.099329
v -0.166164 0.228239 0.1025
v 0.094783 -0.186414 0.115886
v -0.018016 -0.255939 0.16118
v -0.278966 0.158713 0.147796
v 0.118188 -0.192531 0.110705
v -0.161388 0.251723 0.096365
v -0.302371 0.164829 0.152976
v -0.022795 -0.279424 0.167317
v -0.170494 0.244924 0.063252
v -0.031901 -0.286223 0.134204
v -0.311477 0.15803 0.119864
v 0.109082 -0.19933 0.077593
v -0.189898 0.165401 0.103551
v -0.20595 0.162242 0.120777
v -0.191716 0.168254 0.121844
v -0.171998 0.165259 0.116991
v -0.165799 0.154045 0.099256
v -0.161592 0.151185 0.117546
v -0.155766 0.129109 0.101617
v -0.151295 0.132074 0.118112
v -0.158537 0.113026 0.117844
v -0.172572 0.101552 0.13023
v -0.1767 0.098283 0.113703
v -0.192877 0.099827 0.129998
v -0.213814 0.107682 0.121979
v -0.209563 0.111376 0.138385
v -0.219735 0.127706 0.131659
v -0.221291 0.145701 0.116229
v -0.216595 0.149418 0.132507
v -0.185373 0.160077 0.121737
v -0.203979 0.152984 0.12312
v -0.189525 0.156721 0.105189
v -0.171572 0.147957 0.102051
v -0.164308 0.129174 0.103911
v -0.159827 0.13293 0.120286
v -0.169169 0.113576 0.121639
v -0.190112 0.104991 0.115972
v -0.185218 0.108387 0.132308
v -0.205068 0.116625 0.130885
v -0.215329 0.132538 0.11725
v -0.210768 0.135534 0.13376
v -0.130266 0.088057 0.103034
v -0.151425 0.092868 0.126198
v -0.125401 0.091216 0.119381
v -0.15632 0.089398 0.109924
v -0.112511 0.076963 0.112593
v -0.10917 0.055066 0.104007
v -0.104695 0.058028 0.120502
v -0.110679 0.039483 0.126001
v -0.119077 0.031155 0.111642
v -0.125975 0.027506 0.132621
v -0.143121 0.022279 0.120076
v -0.145448 0.026961 0.138133
v -0.167217 0.033636 0.12437
v -0.162963 0.03733 0.140775
v -0.173138 0.05366 0.13405
v -0.174694 0.071654 0.118619
v -0.169998 0.075375 0.134897
v -0.138776 0.086031 0.124127
v -0.161052 0.076289 0.113875
v -0.142925 0.082675 0.107578
v -0.156765 0.079382 0.130439
v -0.121484 0.075889 0.116265
v -0.168732 0.058492 0.119641
v -0.164171 0.061487 0.13615
v -0.16144 0.046913 0.133227
v -0.114592 0.057079 0.118232
v -0.122572 0.03953 0.12403
v -0.135901 0.033733 0.128911
v -0.150401 0.036306 0.132345
v -0.083669 0.014011 0.105425
v -0.104828 0.018822 0.128589
v -0.078801 0.017171 0.121771
v -0.109719 0.015353 0.112313
v -0.065914 0.002917 0.114984
v -0.062573 -0.01898 0.106398
v -0.058099 -0.016015 0.122892
v -0.06534 -0.035066 0.122625
v -0.079378 -0.04654 0.135012
v -0.083503 -0.049806 0.118483
v -0.099683 -0.048266 0.134779
v -0.12062 -0.04041 0.126761
v -0.116367 -0.036712 0.143165
v -0.126541 -0.020386 0.13644
v -0.128095 -0.002388 0.121009
v -0.123398 0.001329 0.137287
v -0.082953 0.008116 0.119586
v -0.101921 0.010516 0.129498
v -0.106111 0.007304 0.112932
v -0.071112 -0.018915 0.108691
v -0.066629 -0.015162 0.125066
v -0.071902 -0.002481 0.118748
v -0.075972 -0.034516 0.12642
v -0.089304 -0.040313 0.131301
v -0.106659 -0.040488 0.122896
v -0.101778 -0.037239 0.139265
v -0.120303 -0.025578 0.123586
v -0.115606 -0.022548 0.140051
v -0.116534 -0.002982 0.131099
v -0.054098 -0.055257 0.123679
v -0.074149 -0.065609 0.119156
v -0.069331 -0.061998 0.135423
v -0.037069 -0.060035 0.107815
v -0.032204 -0.056876 0.124161
v -0.019314 -0.071129 0.117373
v -0.015976 -0.093026 0.108789
v -0.011502 -0.090061 0.125282
v -0.018744 -0.109109 0.125015
v -0.032777 -0.120586 0.137401
v -0.036906 -0.123852 0.120874
v -0.053083 -0.122311 0.137169
v -0.074024 -0.114453 0.129151
v -0.06977 -0.110759 0.145556
v -0.084056 -0.08952 0.12679
v -0.079507 -0.085746 0.143098
v -0.031777 -0.074181 0.109222
v -0.027547 -0.070551 0.125692
v -0.046011 -0.063146 0.12406
v -0.021395 -0.091013 0.123012
v -0.037778 -0.113436 0.132122
v -0.06006 -0.11453 0.125285
v -0.055179 -0.111281 0.141654
v -0.073706 -0.099625 0.125977
v -0.069006 -0.09659 0.14244
v -0.073481 -0.07983 0.12185
v -0.069068 -0.07681 0.138395
v -0.060071 -0.06635 0.128609
v -0.026276 -0.104923 0.127236
v -0.007501 -0.129303 0.12607
v -0.027549 -0.139654 0.121546
v -0.022731 -0.136044 0.137813
v 0.009528 -0.134081 0.110205
v 0.014393 -0.130922 0.126552
v 0.027283 -0.145175 0.119764
v 0.030624 -0.167072 0.111178
v 0.035099 -0.164107 0.127672
v 0.024919 -0.187855 0.135348
v 0.020716 -0.190979 0.118812
v 0.000783 -0.196429 0.143745
v -0.003328 -0.199855 0.127247
v -0.018699 -0.190783 0.141773
v -0.034832 -0.176915 0.131199
v -0.030443 -0.17315 0.147553
v -0.033548 -0.155139 0.138538
v 0.01482 -0.148227 0.111613
v 0.019049 -0.144594 0.128083
v 0.000586 -0.137193 0.12645
v 0.025202 -0.165059 0.125403
v 0.014402 -0.184804 0.119239
v 0.019162 -0.181145 0.135557
v -0.000953 -0.188612 0.137432
v -0.026882 -0.153872 0.12424
v -0.022467 -0.150855 0.140785
v -0.025099 -0.165674 0.139387
v -0.013471 -0.140395 0.130999
v -0.018677 -0.179556 0.140446
v -0.177263 0.20598 0.054613
v -0.191951 0.210713 0.076092
v -0.172427 0.209426 0.070988
v -0.196642 0.207064 0.059719
v -0.164922 0.195322 0.055401
v -0.16167 0.181377 0.055377
v -0.156951 0.184492 0.071851
v -0.166102 0.166932 0.061555
v -0.172972 0.161637 0.08095
v -0.177344 0.158519 0.064381
v -0.192496 0.162923 0.086055
v -0.196723 0.159605 0.069487
v -0.210404 0.174271 0.070237
v -0.206143 0.177831 0.086746
v -0.210368 0.19393 0.066191
v -0.205918 0.197625 0.08262
v -0.186995 0.18279 0.062042
v -0.130663 0.131936 0.057002
v -0.145355 0.136668 0.078482
v -0.125831 0.135382 0.073378
v -0.150045 0.133017 0.06211
v -0.118325 0.121276 0.057791
v -0.115073 0.10733 0.057768
v -0.110354 0.110445 0.074242
v -0.118035 0.092652 0.080008
v -0.122521 0.089583 0.06346
v -0.136159 0.086266 0.086303
v -0.140439 0.083061 0.069726
v -0.154811 0.089227 0.074405
v -0.163803 0.100225 0.072627
v -0.159546 0.103785 0.089137
v -0.163771 0.119883 0.068582
v -0.159322 0.123579 0.085011
v -0.140395 0.108744 0.064432
v -0.084066 0.057889 0.059393
v -0.098758 0.062621 0.080873
v -0.079231 0.061336 0.075768
v -0.103445 0.058975 0.064499
v -0.071728 0.047229 0.060182
v -0.068476 0.033284 0.060158
v -0.063755 0.036403 0.076631
v -0.071438 0.018605 0.082399
v -0.075924 0.015537 0.065851
v -0.089562 0.01222 0.088694
v -0.093838 0.009015 0.072116
v -0.108214 0.01518 0.076796
v -0.117206 0.026179 0.075018
v -0.11295 0.029739 0.091528
v -0.117175 0.04584 0.070972
v -0.112721 0.049534 0.0874
v -0.093799 0.034701 0.066822
v -0.037469 -0.016157 0.061784
v -0.052158 -0.011424 0.083263
v -0.032634 -0.01271 0.078158
v -0.056849 -0.015071 0.06689
v -0.023789 -0.030823 0.061033
v -0.018986 -0.027618 0.077466
v -0.023821 -0.050481 0.065079
v -0.019215 -0.047413 0.081594
v -0.033566 -0.061582 0.072031
v -0.042965 -0.061827 0.091084
v -0.047241 -0.065031 0.074507
v -0.061614 -0.058865 0.079186
v -0.07061 -0.047864 0.077408
v -0.066349 -0.044307 0.093917
v -0.070575 -0.028205 0.073362
v -0.066124 -0.024512 0.089791
v -0.047202 -0.039345 0.069213
v -0.000556 -0.087705 0.066325
v -0.013901 -0.090531 0.088986
v 0.004222 -0.084142 0.08269
v -0.018474 -0.094227 0.072591
v 0.017335 -0.096227 0.063155
v 0.022176 -0.092906 0.079553
v 0.024853 -0.110434 0.065997
v 0.022776 -0.124527 0.067469
v 0.027386 -0.121459 0.083983
v 0.01303 -0.135625 0.074421
v 0.003635 -0.135872 0.093474
v -0.000645 -0.139074 0.076897
v -0.018536 -0.130552 0.080067
v -0.014318 -0.127108 0.096611
v -0.025922 -0.111974 0.078283
v -0.021581 -0.108325 0.094752
v -0.000605 -0.113391 0.071603
v 0.046041 -0.161751 0.068715
v 0.032695 -0.164574 0.091377
v 0.050823 -0.158188 0.08508
v 0.028122 -0.16827 0.074981
v 0.063932 -0.170273 0.065545
v 0.068773 -0.166952 0.081944
v 0.071453 -0.18448 0.068387
v 0.069373 -0.198573 0.06986
v 0.073983 -0.195505 0.086374
v 0.059631 -0.209671 0.076811
v 0.050231 -0.209915 0.095864
v 0.045952 -0.21312 0.079288
v 0.02806 -0.204595 0.082457
v 0.032278 -0.201151 0.099002
v 0.020674 -0.186017 0.080674
v 0.025016 -0.182371 0.097143
v 0.045996 -0.187437 0.073993
v -0.24776 0.162527 0.082921
v -0.262452 0.167259 0.104402
v -0.242928 0.165973 0.099297
v -0.267143 0.163612 0.088029
v -0.235423 0.15187 0.08371
v -0.23217 0.137921 0.083687
v -0.227452 0.14104 0.100161
v -0.235132 0.123243 0.105927
v -0.239618 0.120174 0.089379
v -0.253256 0.116857 0.112222
v -0.257536 0.113655 0.095645
v -0.271908 0.119818 0.100325
v -0.280901 0.13082 0.098546
v -0.276643 0.134376 0.115056
v -0.280869 0.150477 0.0945
v -0.276419 0.154174 0.11093
v -0.257492 0.139338 0.09035
v -0.201163 0.088484 0.085312
v -0.215856 0.093216 0.106792
v -0.196328 0.091927 0.101686
v -0.220542 0.089566 0.090418
v -0.188826 0.077824 0.086101
v -0.185573 0.063879 0.086077
v -0.180855 0.066994 0.102551
v -0.188536 0.0492 0.108317
v -0.193022 0.046131 0.091769
v -0.206659 0.042811 0.114613
v -0.210939 0.039609 0.098036
v -0.225311 0.045771 0.102715
v -0.234304 0.056773 0.100936
v -0.230047 0.060333 0.117447
v -0.234272 0.076431 0.096891
v -0.229819 0.080128 0.113319
v -0.210895 0.065292 0.092741
v -0.167692 0.017151 0.092747
v -0.182169 0.010414 0.096119
v -0.177596 0.014109 0.112514
v -0.154566 0.014437 0.087702
v -0.149731 0.017881 0.104077
v -0.140886 -0.000232 0.086952
v -0.136084 0.002976 0.103385
v -0.139257 -0.015766 0.091687
v -0.141935 -0.024846 0.110707
v -0.146421 -0.027914 0.094159
v -0.160063 -0.031232 0.117003
v -0.164339 -0.034437 0.100425
v -0.182231 -0.025911 0.103595
v -0.178013 -0.022468 0.120139
v -0.189617 -0.007334 0.101811
v -0.185275 -0.003688 0.11828
v -0.164298 -0.008754 0.095132
v -0.10797 -0.059609 0.090093
v -0.122658 -0.054876 0.111572
v -0.103135 -0.056162 0.106467
v -0.127348 -0.058526 0.0952
v -0.094289 -0.074275 0.089343
v -0.089487 -0.07107 0.105776
v -0.092657 -0.089811 0.094077
v -0.095339 -0.098892 0.113097
v -0.099824 -0.101961 0.09655
v -0.113462 -0.105278 0.119393
v -0.117742 -0.108483 0.102816
v -0.132115 -0.102317 0.107495
v -0.14111 -0.091319 0.105718
v -0.13685 -0.087758 0.122227
v -0.141075 -0.071661 0.101671
v -0.136625 -0.067964 0.1181
v -0.117702 -0.0828 0.097523
v -0.071057 -0.131157 0.094634
v -0.084402 -0.133983 0.117296
v -0.066274 -0.127597 0.110999
v -0.088975 -0.137679 0.1009
v -0.053165 -0.139682 0.091464
v -0.048324 -0.136361 0.107863
v -0.045779 -0.15826 0.093248
v -0.041062 -0.155141 0.109722
v -0.048742 -0.172938 0.115488
v -0.053227 -0.176007 0.09894
v -0.066866 -0.179324 0.121783
v -0.071145 -0.182529 0.105207
v -0.089037 -0.174004 0.108376
v -0.084819 -0.17056 0.124921
v -0.096423 -0.155426 0.106593
v -0.092081 -0.15178 0.123062
v -0.071102 -0.156842 0.099912
v -0.02446 -0.205203 0.097025
v -0.037805 -0.208029 0.119686
v -0.019677 -0.201643 0.11339
v -0.042378 -0.211725 0.103291
v -0.006568 -0.213728 0.093855
v -0.001727 -0.210407 0.110254
v 0.000953 -0.227932 0.096696
v -0.001128 -0.242025 0.098169
v 0.003482 -0.238957 0.114683
v -0.01087 -0.253122 0.10512
v -0.020269 -0.25337 0.124174
v -0.024546 -0.256571 0.107596
v -0.042437 -0.248049 0.110766
v -0.038219 -0.244606 0.127311
v -0.049823 -0.229472 0.108982
v -0.045485 -0.225823 0.125452
v -0.024505 -0.230889 0.102302
v -0.265121 0.063874 0.144956
v -0.210166 -0.272185 0.198849
v -0.377905 -0.00564 0.190245
v -0.097383 -0.202671 0.153561
v -0.260569 0.067274 0.161512
v -0.09283 -0.199271 0.170117
v -0.205614 -0.268785 0.215405
v -0.373352 -0.002241 0.206801
v -0.255789 0.090773 0.155373
v -0.069411 -0.205388 0.164933
v -0.210393 -0.292285 0.221545
v -0.396771 0.003877 0.211985
v -0.264895 0.083974 0.122261
v -0.078516 -0.212188 0.131821
v -0.288292 0.005929 0.175517
v -0.308344 -0.004424 0.170994
v -0.303526 -0.000813 0.187261
v -0.271267 0.00115 0.159653
v -0.266399 0.00431 0.175999
v -0.253512 -0.009944 0.169212
v -0.250171 -0.031841 0.160626
v -0.246504 -0.021987 0.175973
v -0.248402 -0.041908 0.18054
v -0.260078 -0.055749 0.16826
v -0.261696 -0.05151 0.186694
v -0.280011 -0.061198 0.193193
v -0.284119 -0.064624 0.176693
v -0.308218 -0.053267 0.180989
v -0.303964 -0.049573 0.197393
v -0.318251 -0.028335 0.178628
v -0.313705 -0.024561 0.194936
v -0.279778 -0.000872 0.180746
v -0.294266 -0.005164 0.180446
v -0.283925 -0.004232 0.164198
v -0.262481 -0.011017 0.172883
v -0.25871 -0.031775 0.162919
v -0.254228 -0.028019 0.179294
v -0.266389 -0.049573 0.168685
v -0.284517 -0.055959 0.174982
v -0.279622 -0.052563 0.191317
v -0.299468 -0.044328 0.189894
v -0.305894 -0.030443 0.188835
v -0.304133 -0.015839 0.185327
v -0.241695 -0.068118 0.177908
v -0.261747 -0.07847 0.173384
v -0.256925 -0.074858 0.18965
v -0.224667 -0.072896 0.162043
v -0.219802 -0.069736 0.17839
v -0.206912 -0.08399 0.171601
v -0.20357 -0.105886 0.163016
v -0.199099 -0.102922 0.179511
v -0.205079 -0.121469 0.185009
v -0.213478 -0.129794 0.17065
v -0.220376 -0.133443 0.191629
v -0.237522 -0.13867 0.179084
v -0.23985 -0.133988 0.197141
v -0.261618 -0.127313 0.183378
v -0.257367 -0.12362 0.199784
v -0.271651 -0.102377 0.181017
v -0.267105 -0.098606 0.197326
v -0.233177 -0.074918 0.183135
v -0.251784 -0.082011 0.184519
v -0.237329 -0.078275 0.166588
v -0.219375 -0.087042 0.163451
v -0.215146 -0.083408 0.17992
v -0.208992 -0.103874 0.177241
v -0.261304 -0.112485 0.180205
v -0.256604 -0.109451 0.196668
v -0.244802 -0.124646 0.191353
v -0.258956 -0.094517 0.189084
v -0.216973 -0.121423 0.183039
v -0.230305 -0.127217 0.18792
v -0.191102 -0.14364 0.16734
v -0.207157 -0.146799 0.184566
v -0.186193 -0.14033 0.183643
v -0.167007 -0.154996 0.163045
v -0.167575 -0.147408 0.180022
v -0.15497 -0.163609 0.179837
v -0.156973 -0.179932 0.165407
v -0.157065 -0.18039 0.184385
v -0.159741 -0.196015 0.181633
v -0.168499 -0.199598 0.191473
v -0.177904 -0.210758 0.177492
v -0.186814 -0.20929 0.197974
v -0.203958 -0.209414 0.184381
v -0.210767 -0.197665 0.202174
v -0.222429 -0.189776 0.185428
v -0.214997 -0.180763 0.200392
v -0.222499 -0.163341 0.180018
v -0.217803 -0.15962 0.196296
v -0.187009 -0.150053 0.180678
v -0.20457 -0.155613 0.191838
v -0.208856 -0.158706 0.175274
v -0.172779 -0.161085 0.165841
v -0.168545 -0.157454 0.18231
v -0.165516 -0.179868 0.167701
v -0.173196 -0.197662 0.173466
v -0.183705 -0.201263 0.19031
v -0.214708 -0.186528 0.182595
v -0.198205 -0.198689 0.193743
v -0.212355 -0.168563 0.191474
v -0.271663 0.045028 0.113621
v -0.286352 0.049761 0.135101
v -0.266828 0.048475 0.129996
v -0.291043 0.046115 0.118728
v -0.257983 0.030362 0.112871
v -0.253181 0.033567 0.129304
v -0.258015 0.010705 0.116916
v -0.253409 0.013772 0.133432
v -0.26776 -0.000397 0.123868
v -0.27716 -0.000641 0.142922
v -0.281436 -0.003846 0.126344
v -0.299328 0.00468 0.129514
v -0.29511 0.008123 0.146058
v -0.306714 0.023257 0.12773
v -0.302376 0.026906 0.1442
v -0.301304 0.038434 0.125119
v -0.281396 0.02184 0.12105
v -0.238189 -0.0263 0.121055
v -0.252669 -0.033042 0.124429
v -0.248096 -0.029346 0.140824
v -0.225067 -0.029014 0.116012
v -0.220231 -0.025571 0.132387
v -0.211386 -0.043684 0.115262
v -0.206585 -0.040476 0.131694
v -0.211418 -0.063342 0.119307
v -0.206809 -0.060274 0.135821
v -0.221164 -0.07444 0.126259
v -0.230563 -0.074687 0.145313
v -0.23484 -0.077888 0.128735
v -0.252731 -0.069366 0.131905
v -0.248513 -0.065923 0.148449
v -0.260117 -0.050789 0.130121
v -0.255776 -0.04714 0.14659
v -0.234799 -0.052206 0.123441
v -0.191592 -0.100346 0.123446
v -0.206073 -0.107084 0.126819
v -0.201499 -0.103388 0.143214
v -0.178467 -0.10306 0.118401
v -0.173634 -0.099617 0.134777
v -0.164786 -0.117729 0.117651
v -0.159988 -0.114522 0.134085
v -0.163157 -0.133267 0.122386
v -0.165839 -0.142344 0.141407
v -0.170325 -0.145412 0.124859
v -0.183963 -0.148729 0.147702
v -0.188243 -0.151935 0.131125
v -0.206135 -0.143409 0.134295
v -0.201917 -0.139966 0.150839
v -0.213521 -0.124832 0.132511
v -0.209179 -0.121186 0.14898
v -0.188199 -0.126251 0.125831
v -0.144995 -0.174393 0.125837
v -0.159476 -0.181131 0.12921
v -0.154903 -0.177435 0.145605
v -0.13187 -0.177106 0.120792
v -0.127035 -0.173659 0.137166
v -0.11819 -0.191772 0.120041
v -0.113391 -0.188568 0.136476
v -0.11656 -0.207309 0.124777
v -0.119242 -0.21639 0.143797
v -0.123728 -0.219459 0.12725
v -0.137366 -0.222776 0.150093
v -0.141643 -0.22598 0.133515
v -0.159538 -0.217455 0.136685
v -0.15532 -0.214012 0.15323
v -0.166921 -0.198877 0.134901
v -0.162582 -0.195232 0.151371
v -0.141602 -0.200298 0.128221
v -0.342164 0.001577 0.141931
v -0.356853 0.006309 0.16341
v -0.337329 0.005024 0.158305
v -0.361543 0.002659 0.147037
v -0.328484 -0.013089 0.14118
v -0.323682 -0.009885 0.157613
v -0.328515 -0.032751 0.145226
v -0.32391 -0.02968 0.161741
v -0.338261 -0.043849 0.152178
v -0.34766 -0.044093 0.171231
v -0.351937 -0.047297 0.154654
v -0.369829 -0.038772 0.157823
v -0.365611 -0.035329 0.174368
v -0.377215 -0.020195 0.15604
v -0.372873 -0.016549 0.172509
v -0.371801 -0.005017 0.153427
v -0.351896 -0.021615 0.14936
v -0.295564 -0.072469 0.14432
v -0.310256 -0.067737 0.165801
v -0.290732 -0.069023 0.160696
v -0.314947 -0.071384 0.149428
v -0.281884 -0.087135 0.14357
v -0.277085 -0.083931 0.160004
v -0.281919 -0.106793 0.147616
v -0.27731 -0.103725 0.164131
v -0.291664 -0.117895 0.154568
v -0.30106 -0.118138 0.173621
v -0.30534 -0.121344 0.157044
v -0.323232 -0.112818 0.160214
v -0.319014 -0.109375 0.176758
v -0.330618 -0.094241 0.15843
v -0.326277 -0.090591 0.174899
v -0.325204 -0.079064 0.155818
v -0.305297 -0.095657 0.151749
v -0.262093 -0.143798 0.151755
v -0.276573 -0.15054 0.155129
v -0.271999 -0.146844 0.171524
v -0.248967 -0.146515 0.146711
v -0.244132 -0.143068 0.163086
v -0.235287 -0.161181 0.145961
v -0.230488 -0.157977 0.162395
v -0.235322 -0.18084 0.150007
v -0.230713 -0.177772 0.166521
v -0.245065 -0.191937 0.156957
v -0.254463 -0.192185 0.176012
v -0.258744 -0.195386 0.159435
v -0.276635 -0.186864 0.162605
v -0.272417 -0.183421 0.179149
v -0.284017 -0.168286 0.16082
v -0.27968 -0.164638 0.17729
v -0.2587 -0.169703 0.15414
v -0.215496 -0.217844 0.154146
v -0.229973 -0.224582 0.157518
v -0.225399 -0.220889 0.173914
v -0.202371 -0.220558 0.149101
v -0.197535 -0.217114 0.165476
v -0.18869 -0.235227 0.148351
v -0.183889 -0.23202 0.164784
v -0.18706 -0.250765 0.153086
v -0.18974 -0.259841 0.172106
v -0.194226 -0.26291 0.155558
v -0.207866 -0.266231 0.178403
v -0.212143 -0.269432 0.161824
v -0.230035 -0.260906 0.164994
v -0.225817 -0.257463 0.181539
v -0.237421 -0.242333 0.163211
v -0.23308 -0.238683 0.179679
v -0.212103 -0.243749 0.156531
v 0.357857 -0.169933 -0.01536
v 0.343523 -0.240405 0.003052
v 0.315575 -0.195995 0.001619
v 0.385804 -0.214343 -0.013926
v 0.36241 -0.166533 0.001196
v 0.390357 -0.210943 0.00263
v 0.348075 -0.237005 0.019608
v 0.320128 -0.192596 0.018175
v 0.36719 -0.143034 -0.004944
v 0.413776 -0.217061 -0.002554
v 0.296709 -0.186478 0.023359
v 0.358085 -0.149833 -0.038056
v 0.334189 -0.267304 -0.007364
v 0.287603 -0.193277 -0.009754
v 0.404671 -0.22386 -0.035666
v 0.34163 -0.18628 -0.044545
v 0.328313 -0.189115 -0.021857
v 0.346424 -0.182739 -0.028147
v 0.323712 -0.192802 -0.038278
v 0.355774 -0.191423 -0.047387
v 0.364358 -0.1915 -0.03128
v 0.364997 -0.203444 -0.047446
v 0.371611 -0.210263 -0.029422
v 0.364964 -0.223106 -0.0434
v 0.363934 -0.228042 -0.02366
v 0.351236 -0.236241 -0.036928
v 0.345823 -0.234418 -0.01737
v 0.331856 -0.235155 -0.031821
v 0.327889 -0.225657 -0.014238
v 0.320434 -0.225003 -0.030773
v 0.316265 -0.21055 -0.032586
v 0.320636 -0.206894 -0.016095
v 0.341584 -0.211966 -0.039266
v 0.218064 0.052202 -0.022531
v 0.203729 -0.018267 -0.004119
v 0.175783 0.02614 -0.005552
v 0.246011 0.007792 -0.021097
v 0.222617 0.055601 -0.005975
v 0.250564 0.011192 -0.004541
v 0.208282 -0.014867 0.012437
v 0.180336 0.029539 0.011004
v 0.227398 0.079101 -0.012114
v 0.273983 0.005074 -0.009725
v 0.203501 -0.038367 0.018577
v 0.156916 0.03566 0.016187
v 0.218292 0.072302 -0.045227
v 0.194396 -0.045166 -0.014535
v 0.14781 0.028861 -0.016925
v 0.264878 -0.001725 -0.042837
v 0.201837 0.035854 -0.051715
v 0.188493 0.033028 -0.029054
v 0.206618 0.039414 -0.035349
v 0.18392 0.029332 -0.045449
v 0.217189 0.030424 -0.052829
v 0.225204 0.01869 -0.054616
v 0.230004 0.021895 -0.038183
v 0.22517 -0.000968 -0.050571
v 0.229778 0.0021 -0.034056
v 0.215813 -0.010988 -0.027528
v 0.211443 -0.014102 -0.044099
v 0.196288 -0.009699 -0.022424
v 0.192063 -0.01302 -0.038992
v 0.178383 0.00165 -0.038242
v 0.18264 0.005206 -0.021731
v 0.177734 0.017919 -0.039411
v 0.201791 0.010168 -0.046437
v 0.078254 0.274342 -0.029698
v 0.106205 0.229935 -0.028266
v -0.034521 0.20482 0.01559
v -0.006572 0.160411 0.017023
v 0.110758 0.233335 -0.01171
v -0.002019 0.163811 0.033579
v -0.029968 0.20822 0.032146
v 0.082807 0.277742 -0.013142
v 0.134177 0.227217 -0.016894
v -0.006796 0.140312 0.039717
v -0.053391 0.214337 0.037331
v 0.087586 0.301242 -0.019281
v 0.07848 0.294442 -0.052393
v 0.125072 0.220418 -0.050006
v -0.062496 0.207538 0.004218
v -0.015901 0.133513 0.006605
v 0.052694 0.213226 -0.010013
v 0.053067 0.230236 0.002354
v 0.050927 0.206721 0.008398
v 0.040394 0.220775 0.010219
v 0.030565 0.206063 0.012581
v 0.022692 0.220494 0.011793
v 0.02723 0.232524 0.008075
v 0.038993 0.237315 0.003857
v 0.085364 0.221171 -0.057739
v 0.090197 0.244037 -0.045351
v 0.089972 0.224243 -0.041225
v 0.085395 0.240833 -0.061784
v 0.075621 0.210074 -0.050788
v 0.066223 0.209826 -0.031734
v 0.061946 0.206625 -0.048312
v 0.047571 0.212787 -0.043631
v 0.038575 0.223785 -0.045409
v 0.042835 0.227346 -0.0289
v 0.037926 0.240055 -0.046578
v 0.04411 0.251471 -0.052616
v 0.048683 0.255167 -0.03622
v 0.05859 0.258212 -0.055989
v 0.071715 0.255498 -0.061034
v 0.07655 0.258944 -0.044659
v 0.061983 0.232307 -0.053604
v 0.014899 0.197375 -0.033475
v 0.014264 0.209334 -0.017345
v 0.02153 0.190555 -0.015487
v 0.014868 0.177713 -0.029429
v 0.009868 0.169459 -0.008066
v 0.001142 0.164579 -0.022958
v -0.014013 0.168979 -0.001282
v -0.018237 0.165662 -0.017851
v -0.031921 0.180327 -0.0171
v -0.02766 0.183888 -0.00059
v -0.03257 0.196596 -0.018269
v -0.026386 0.208013 -0.024307
v -0.021812 0.211709 -0.007911
v -0.008468 0.214535 -0.030573
v -0.003689 0.218098 -0.014207
v 0.005677 0.209396 -0.033416
v -0.008513 0.188849 -0.025295
v -0.062729 0.187433 0.026917
v -0.00777 -0.148625 0.080809
v -0.175509 0.117919 0.072204
v 0.10501 -0.079112 0.035522
v -0.058176 0.190833 0.043473
v 0.109563 -0.075712 0.052078
v -0.003218 -0.145226 0.097365
v -0.170956 0.121319 0.08876
v -0.053397 0.214332 0.037333
v 0.132983 -0.081833 0.046894
v -0.007997 -0.168725 0.103504
v -0.194376 0.127437 0.093944
v -0.062502 0.207533 0.004221
v -0.017103 -0.175524 0.070392
v -0.203481 0.120637 0.060832
v 0.123877 -0.088632 0.013782
v -0.081907 0.128011 0.04452
v -0.105947 0.119133 0.052954
v -0.09003 0.129521 0.064777
v -0.073145 0.126453 0.06129
v -0.060547 0.123405 0.051755
v -0.050402 0.105067 0.040567
v -0.045772 0.108042 0.057016
v -0.045703 0.087763 0.054991
v -0.053479 0.070933 0.066756
v -0.057683 0.067811 0.050219
v -0.077616 0.062361 0.075153
v -0.081727 0.058935 0.058654
v -0.105822 0.070289 0.062949
v -0.101568 0.073986 0.079353
v -0.115855 0.095225 0.060587
v -0.111309 0.098999 0.076896
v -0.105306 0.117559 0.071479
v -0.099657 0.112942 0.052453
v -0.081533 0.119327 0.046158
v -0.09537 0.116035 0.069018
v -0.060089 0.112542 0.054843
v -0.056317 0.091784 0.04488
v -0.051835 0.09554 0.061254
v -0.061177 0.076183 0.062608
v -0.103964 0.098043 0.069886
v -0.07451 0.070388 0.06749
v -0.089006 0.072959 0.070923
v -0.100045 0.083566 0.071806
v -0.039299 0.055442 0.059867
v -0.059351 0.04509 0.055344
v -0.05348 0.047093 0.071946
v -0.022274 0.050663 0.044004
v -0.017409 0.053823 0.06035
v -0.004519 0.039569 0.053562
v -0.001178 0.017673 0.044976
v 0.003297 0.020638 0.061471
v -0.002683 0.00209 0.066969
v -0.011086 -0.006235 0.05261
v -0.017982 -0.009888 0.07359
v -0.03513 -0.015111 0.061045
v -0.044006 -0.008236 0.080407
v -0.059226 -0.003754 0.065339
v -0.058896 0.005422 0.081742
v -0.069259 0.021182 0.062978
v -0.064713 0.024953 0.079286
v -0.040525 0.047169 0.068077
v -0.05306 0.038895 0.054844
v -0.029675 0.04465 0.04735
v -0.02103 0.046175 0.06292
v -0.010507 0.034171 0.057327
v -0.02298 -0.002737 0.06831
v -0.045265 -0.003831 0.061474
v -0.040384 -0.000583 0.077843
v -0.053448 0.009523 0.074196
v -0.057368 0.024 0.072276
v -0.0066 0.019685 0.059201
v -0.011478 0.005776 0.063424
v 0.007298 -0.018604 0.062258
v -0.012754 -0.028956 0.057734
v -0.007936 -0.025345 0.074001
v 0.024323 -0.023383 0.046394
v 0.029191 -0.020223 0.06274
v 0.042077 -0.034473 0.055952
v 0.045419 -0.056373 0.047367
v 0.049893 -0.053408 0.063861
v 0.039714 -0.077156 0.071537
v 0.035511 -0.080281 0.055001
v 0.021447 -0.086164 0.072239
v 0.00259 -0.082278 0.082797
v -0.001566 -0.085855 0.066341
v -0.020037 -0.066217 0.067388
v -0.015644 -0.062452 0.08374
v -0.018749 -0.04444 0.074725
v 0.025039 -0.029277 0.060555
v 0.006071 -0.026874 0.070467
v 0.00188 -0.030086 0.0539
v 0.035119 -0.06827 0.065814
v 0.02086 -0.079166 0.058759
v 0.025709 -0.075627 0.075077
v 0.004187 -0.07513 0.075704
v -0.012311 -0.062972 0.064555
v -0.007611 -0.059938 0.081018
v -0.012087 -0.043174 0.060429
v -0.007672 -0.040157 0.076974
v 0.03609 -0.039875 0.059717
v 0.039997 -0.054361 0.061592
v -0.069271 0.168588 -0.004418
v -0.08396 0.17332 0.017061
v -0.064436 0.172034 0.011956
v -0.088651 0.169674 0.000688
v -0.05693 0.157928 -0.00363
v -0.053677 0.143983 -0.003654
v -0.04896 0.147101 0.01282
v -0.05664 0.129304 0.018586
v -0.061126 0.126236 0.002038
v -0.074764 0.122919 0.024881
v -0.079043 0.119713 0.008305
v -0.096935 0.128239 0.011474
v -0.092717 0.131682 0.028019
v -0.103473 0.143178 0.012197
v -0.102377 0.156539 0.00716
v -0.097926 0.160232 0.023589
v -0.079004 0.145399 0.003011
v -0.032358 0.09704 0.000123
v -0.045054 0.094323 0.006164
v -0.027576 0.100599 0.016488
v -0.017006 0.091609 -0.000991
v -0.00899 0.079876 -0.002779
v -0.004192 0.08308 0.013655
v -0.009026 0.060217 0.001267
v -0.004416 0.063285 0.017781
v -0.018772 0.049119 0.008219
v -0.028167 0.048872 0.027272
v -0.032447 0.045671 0.010695
v -0.046819 0.051833 0.015375
v -0.055812 0.062835 0.013596
v -0.051554 0.066392 0.030106
v -0.05578 0.082493 0.00955
v -0.051327 0.08619 0.025978
v -0.032403 0.071354 0.005401
v 0.014239 0.022993 0.002513
v 0.001543 0.020277 0.008555
v 0.01902 0.026557 0.018878
v 0.029591 0.017563 0.0014
v 0.037607 0.00583 -0.000388
v 0.042408 0.009038 0.016044
v 0.037571 -0.013829 0.003658
v 0.042181 -0.010761 0.020172
v 0.027829 -0.024926 0.010609
v 0.01843 -0.025174 0.029663
v 0.014153 -0.028375 0.013085
v -0.000219 -0.022213 0.017764
v -0.009215 -0.011211 0.015986
v -0.004958 -0.007651 0.032496
v -0.009179 0.008447 0.01194
v -0.00473 0.012144 0.028369
v 0.014194 -0.002692 0.007791
v 0.060838 -0.051049 0.004903
v 0.048143 -0.053765 0.010944
v 0.065617 -0.04749 0.021269
v 0.076191 -0.056482 0.003789
v 0.084203 -0.068217 0.002002
v 0.089005 -0.065009 0.018435
v 0.084171 -0.087874 0.006048
v 0.088777 -0.084804 0.022563
v 0.074426 -0.098972 0.012999
v 0.065026 -0.099217 0.032053
v 0.06075 -0.102421 0.015475
v 0.0466 -0.097282 0.018303
v 0.047076 -0.090452 0.03519
v 0.037382 -0.085257 0.018377
v 0.040148 -0.066406 0.032039
v 0.037417 -0.065599 0.014331
v 0.060791 -0.076739 0.010182
v -0.139768 0.125136 0.02389
v -0.15446 0.129868 0.04537
v -0.134937 0.128583 0.040266
v -0.15915 0.126218 0.028998
v -0.127431 0.114476 0.024679
v -0.124178 0.100531 0.024655
v -0.11946 0.103646 0.04113
v -0.127141 0.085852 0.046896
v -0.131626 0.082784 0.030348
v -0.145265 0.079467 0.053191
v -0.149544 0.076262 0.036614
v -0.163917 0.082427 0.041293
v -0.172909 0.093426 0.039515
v -0.168652 0.096986 0.056025
v -0.172877 0.113084 0.035469
v -0.168427 0.11678 0.051898
v -0.1495 0.101945 0.03132
v -0.093171 0.05109 0.026281
v -0.107863 0.055822 0.047761
v -0.088336 0.054537 0.042655
v -0.112551 0.052176 0.031387
v -0.080834 0.04043 0.02707
v -0.077581 0.026485 0.027046
v -0.072861 0.029604 0.043519
v -0.080544 0.011806 0.049286
v -0.085029 0.008738 0.032738
v -0.098668 0.005421 0.055581
v -0.102944 0.002216 0.039004
v -0.11732 0.008381 0.043684
v -0.126312 0.01938 0.041905
v -0.122055 0.02294 0.058415
v -0.126281 0.039041 0.03786
v -0.121827 0.042735 0.054288
v -0.102904 0.027902 0.03371
v -0.046574 -0.022956 0.028671
v -0.061263 -0.018223 0.05015
v -0.041739 -0.019509 0.045046
v -0.065954 -0.02187 0.033778
v -0.032894 -0.037622 0.027921
v -0.028092 -0.034418 0.044354
v -0.032926 -0.05728 0.031966
v -0.02832 -0.054213 0.048481
v -0.042671 -0.068381 0.038918
v -0.052071 -0.068626 0.057972
v -0.056347 -0.07183 0.041394
v -0.070719 -0.065664 0.046073
v -0.079716 -0.054663 0.044296
v -0.075455 -0.051106 0.060805
v -0.07968 -0.035005 0.040249
v -0.07523 -0.031312 0.056679
v -0.056307 -0.046144 0.0361
v -0.009662 -0.094504 0.033212
v -0.023006 -0.09733 0.055874
v -0.004883 -0.090941 0.049578
v -0.02758 -0.101026 0.039479
v 0.008229 -0.103026 0.030042
v 0.01307 -0.099705 0.046441
v 0.015748 -0.117233 0.032885
v 0.013671 -0.131326 0.034357
v 0.01828 -0.128258 0.050871
v 0.003925 -0.142424 0.041309
v -0.00547 -0.142671 0.060362
v -0.009751 -0.145873 0.043785
v -0.027642 -0.137351 0.046955
v -0.023424 -0.133908 0.063499
v -0.035028 -0.118774 0.045171
v -0.030687 -0.115124 0.06164
v -0.00971 -0.12019 0.038491
v -0.157129 0.02648 0.085925
v -0.195368 -0.161486 0.135037
v -0.269914 -0.04303 0.131213
v -0.082584 -0.091972 0.089749
v -0.152577 0.02988 0.102482
v -0.078032 -0.088572 0.106305
v -0.190815 -0.158086 0.151593
v -0.265361 -0.039631 0.147769
v -0.147797 0.053379 0.096342
v -0.054612 -0.09469 0.101121
v -0.195595 -0.181586 0.157733
v -0.28878 -0.033513 0.152953
v -0.156903 0.04658 0.06323
v -0.2047 -0.188385 0.124621
v -0.297886 -0.040312 0.119841
v -0.063718 -0.101489 0.068009
v -0.189326 -0.034898 0.10751
v -0.189455 -0.039127 0.127273
v -0.171398 -0.029632 0.119832
v -0.163276 -0.03624 0.100622
v -0.152776 -0.03671 0.11621
v -0.145521 -0.047334 0.110181
v -0.142178 -0.069234 0.101596
v -0.137704 -0.066269 0.11809
v -0.147884 -0.090017 0.125765
v -0.152083 -0.093141 0.109228
v -0.172019 -0.098592 0.134163
v -0.176127 -0.102017 0.117663
v -0.200226 -0.090661 0.121958
v -0.195972 -0.086967 0.138363
v -0.21026 -0.065725 0.119597
v -0.20571 -0.061954 0.135904
v -0.201504 -0.045173 0.125132
v -0.171786 -0.038266 0.121715
v -0.197318 -0.05138 0.113169
v -0.175934 -0.041622 0.105166
v -0.15449 -0.048407 0.113851
v -0.186262 -0.090738 0.118092
v -0.189662 -0.081466 0.135501
v -0.171596 -0.090415 0.129397
v -0.199909 -0.075829 0.118783
v -0.197177 -0.062809 0.133737
v -0.1476 -0.067222 0.11582
v -0.155578 -0.084767 0.121617
v -0.176797 0.010352 0.059635
v -0.191274 0.003615 0.063007
v -0.186701 0.00731 0.079402
v -0.163672 0.007638 0.05459
v -0.158836 0.011082 0.070965
v -0.149991 -0.007031 0.05384
v -0.14519 -0.003823 0.070273
v -0.148362 -0.022565 0.058575
v -0.151041 -0.031645 0.077594
v -0.155527 -0.034714 0.061047
v -0.169168 -0.038031 0.083891
v -0.173445 -0.041236 0.067313
v -0.191337 -0.03271 0.070483
v -0.187118 -0.029267 0.087027
v -0.198723 -0.014133 0.068699
v -0.194381 -0.010487 0.085168
v -0.173404 -0.015553 0.06202
v -0.117075 -0.066408 0.056981
v -0.131764 -0.061675 0.07846
v -0.11224 -0.062961 0.073355
v -0.136454 -0.065325 0.062087
v -0.103395 -0.081074 0.05623
v -0.098593 -0.077869 0.072663
v -0.101762 -0.096611 0.060964
v -0.104444 -0.105691 0.079985
v -0.10893 -0.10876 0.063437
v -0.122568 -0.112077 0.08628
v -0.126848 -0.115282 0.069704
v -0.14122 -0.109116 0.074383
v -0.150216 -0.098118 0.072605
v -0.145956 -0.094558 0.089114
v -0.15018 -0.07846 0.068559
v -0.145731 -0.074763 0.084988
v -0.126807 -0.089599 0.06441
v -0.247295 -0.033099 0.087943
v -0.261774 -0.039841 0.091316
v -0.257201 -0.036145 0.107711
v -0.234173 -0.035813 0.082899
v -0.229337 -0.03237 0.099274
v -0.220492 -0.050483 0.082149
v -0.215691 -0.047275 0.098582
v -0.220524 -0.070141 0.086195
v -0.215914 -0.067073 0.102709
v -0.23027 -0.081239 0.093146
v -0.239668 -0.081486 0.1122
v -0.243945 -0.084688 0.095622
v -0.261837 -0.076166 0.098792
v -0.257618 -0.072722 0.115337
v -0.269223 -0.057588 0.097009
v -0.264882 -0.053939 0.113477
v -0.243905 -0.059005 0.090329
v -0.200698 -0.107145 0.090334
v -0.215178 -0.113883 0.093707
v -0.210605 -0.110188 0.110102
v -0.187573 -0.109859 0.085289
v -0.18274 -0.106416 0.101665
v -0.173892 -0.124529 0.084539
v -0.169094 -0.121321 0.100973
v -0.172262 -0.140066 0.089274
v -0.174945 -0.149143 0.108294
v -0.179431 -0.152212 0.091747
v -0.193069 -0.155529 0.11459
v -0.197349 -0.158734 0.098013
v -0.21524 -0.150208 0.101183
v -0.211022 -0.146765 0.117727
v -0.222626 -0.131631 0.099399
v -0.218285 -0.127985 0.115868
v -0.197304 -0.133051 0.092718
v 0.072507 -0.038113 0.017535
v -0.044831 -0.111016 0.046265
v -0.040279 -0.107617 0.062822
v 0.067955 -0.041512 0.000979
v 0.100453 -0.082523 0.018969
v 0.0959 -0.085922 0.002413
v -0.012337 -0.152027 0.064257
v -0.016889 -0.155427 0.047701
v -0.035515 -0.125825 0.046744
v 0.077275 -0.056321 0.001456
v 0.08658 -0.071114 0.001935
v -0.026206 -0.140618 0.047222
v 0.017146 -0.097915 0.045051
v 0.021515 -0.105428 0.045502
v 0.040912 -0.088654 0.0366
v 0.014569 -0.105221 0.028744
v 0.03416 -0.088076 0.019621
v 0.038482 -0.095615 0.02016
v -0.057844 -0.103025 0.066709
v 0.076095 -0.020488 0.012929
v 0.118017 -0.087111 0.015081
v -0.015921 -0.169652 0.068862
v -0.058982 -0.103875 0.06257
v 0.074957 -0.021338 0.00879
v 0.116879 -0.087961 0.010942
v -0.017059 -0.170502 0.064722
v -0.064837 -0.102346 0.063866
v 0.076152 -0.015463 0.007255
v 0.122735 -0.089494 0.009646
v -0.018258 -0.176377 0.066258
v 0.068185 -0.021412 -0.021719
v -0.072804 -0.108295 0.034892
v 0.11932 -0.092043 -0.002771
v 0.072737 -0.018012 -0.005162
v 0.077504 -0.036221 -0.021241
v 0.082057 -0.032821 -0.004684
v 0.096127 -0.065823 -0.020284
v 0.091375 -0.047633 -0.004205
v 0.086822 -0.051033 -0.020762
v 0.100679 -0.062423 -0.003727
v 0.114767 -0.095443 -0.019327
v 0.109999 -0.077231 -0.003249
v 0.105446 -0.080631 -0.019806
v -0.026225 -0.182327 0.037285
v -0.021672 -0.178927 0.053841
v -0.068251 -0.104895 0.051449
v -0.03099 -0.164114 0.053362
v -0.035543 -0.167514 0.036805
v -0.044862 -0.152706 0.036327
v -0.049615 -0.134513 0.052406
v -0.054168 -0.137913 0.035849
v -0.04031 -0.149306 0.052884
v -0.063488 -0.123104 0.035371
v -0.058935 -0.119704 0.051928
v 0.025911 0.035933 0.015144
v -0.091432 -0.036971 0.043876
v -0.086879 -0.033571 0.060432
v 0.021358 0.032534 -0.001412
v 0.053853 -0.008477 0.016579
v 0.0493 -0.011877 2.3e-05
v -0.058934 -0.077981 0.061866
v -0.063486 -0.081381 0.04531
v -0.082112 -0.051779 0.044354
v 0.030674 0.017725 -0.000933
v 0.039983 0.002932 -0.000456
v -0.072806 -0.066572 0.044832
v -0.02945 -0.023872 0.042661
v -0.025082 -0.031382 0.043111
v -0.005685 -0.014608 0.034209
v -0.032028 -0.031175 0.026353
v -0.012439 -0.014034 0.017232
v -0.008115 -0.021568 0.01777
v -0.104441 -0.028979 0.064318
v 0.029495 0.053558 0.010539
v 0.071418 -0.013069 0.012692
v -0.062522 -0.095606 0.066472
v -0.105579 -0.029829 0.060179
v 0.028357 0.052708 0.0064
v 0.07028 -0.013919 0.008553
v -0.06366 -0.096456 0.062333
v -0.111434 -0.028299 0.061475
v 0.029555 0.058583 0.004864
v 0.076134 -0.015448 0.007257
v -0.064855 -0.102331 0.063868
v 0.021588 0.052634 -0.02411
v -0.119401 -0.034249 0.032501
v 0.07272 -0.017998 -0.00516
v 0.026141 0.056034 -0.007553
v 0.030904 0.037825 -0.023631
v 0.035457 0.041225 -0.007074
v 0.04953 0.008223 -0.022674
v 0.044778 0.026413 -0.006596
v 0.040225 0.023013 -0.023152
v 0.054083 0.011623 -0.006117
v 0.068167 -0.021398 -0.021717
v 0.063403 -0.003189 -0.005639
v 0.05885 -0.006588 -0.022196
v -0.072822 -0.10828 0.034894
v -0.068269 -0.104881 0.051451
v -0.114848 -0.030849 0.049058
v -0.077586 -0.090072 0.050972
v -0.082139 -0.093471 0.034415
v -0.091459 -0.078659 0.033937
v -0.096211 -0.06047 0.050015
v -0.100764 -0.06387 0.033459
v -0.086906 -0.07526 0.050493
v -0.110084 -0.049061 0.032981
v -0.105531 -0.045662 0.049538
v -0.020686 0.10998 0.012753
v -0.138029 0.037075 0.041485
v -0.133476 0.040475 0.058041
v -0.025239 0.10658 -0.003803
v 0.007256 0.065569 0.014189
v 0.002703 0.062169 -0.002367
v -0.105531 -0.003935 0.059476
v -0.110083 -0.007334 0.042919
v -0.128709 0.022267 0.041963
v -0.015923 0.091771 -0.003324
v -0.006614 0.076979 -0.002846
v -0.119403 0.007474 0.042442
v -0.07605 0.050173 0.040272
v -0.071682 0.04266 0.040722
v -0.052282 0.059438 0.031819
v -0.078625 0.042871 0.023962
v -0.059036 0.060012 0.014841
v -0.054711 0.052474 0.015379
v -0.15104 0.045063 0.061929
v -0.017102 0.127604 0.008149
v 0.024821 0.060977 0.010301
v -0.109118 -0.02156 0.064081
v -0.152178 0.044213 0.05779
v -0.01824 0.126754 0.00401
v 0.023683 0.060127 0.006162
v -0.110257 -0.02241 0.059942
v -0.158034 0.045746 0.059086
v -0.017045 0.132629 0.002475
v 0.029537 0.058598 0.004866
v -0.111452 -0.028285 0.061477
v -0.025013 0.12668 -0.026499
v -0.166002 0.039797 0.030112
v 0.026123 0.056048 -0.007551
v -0.02046 0.130079 -0.009942
v -0.015692 0.111868 -0.026021
v -0.011139 0.115268 -0.009464
v 0.002933 0.082266 -0.025064
v -0.001823 0.100458 -0.008985
v -0.006375 0.097059 -0.025542
v 0.007486 0.085666 -0.008508
v 0.02157 0.052649 -0.024108
v 0.016803 0.070857 -0.008029
v 0.01225 0.067457 -0.024586
v -0.119419 -0.034234 0.032503
v -0.114866 -0.030834 0.04906
v -0.161449 0.043196 0.046669
v -0.124186 -0.016026 0.048582
v -0.128739 -0.019426 0.032025
v -0.138056 -0.004613 0.031546
v -0.142811 0.013576 0.047626
v -0.147364 0.010176 0.031069
v -0.133503 -0.001213 0.048103
v -0.156681 0.024985 0.03059
v -0.152128 0.028385 0.047147
v -0.067287 0.184025 0.010364
v -0.184626 0.111122 0.039094
v -0.180073 0.114521 0.055651
v -0.071839 0.180626 -0.006192
v -0.039341 0.139612 0.011798
v -0.043893 0.136212 -0.004758
v -0.152131 0.070111 0.057086
v -0.156684 0.066711 0.04053
v -0.175308 0.096309 0.039574
v -0.062519 0.165814 -0.005714
v -0.053214 0.151024 -0.005236
v -0.166 0.08152 0.040051
v -0.122647 0.12422 0.037881
v -0.118279 0.116706 0.038331
v -0.098878 0.133481 0.029428
v -0.125225 0.116917 0.021573
v -0.105633 0.134058 0.01245
v -0.101308 0.126521 0.012989
v -0.197637 0.119109 0.059538
v -0.063698 0.201647 0.005758
v -0.021776 0.135024 0.007911
v -0.155715 0.052486 0.061691
v -0.198775 0.11826 0.055399
v -0.064836 0.200797 0.001619
v -0.022914 0.134174 0.003771
v -0.156854 0.051636 0.057551
v -0.20463 0.119789 0.056695
v -0.063641 0.206672 8.4e-05
v -0.017059 0.132644 0.002475
v -0.158048 0.045761 0.059086
v -0.071609 0.200722 -0.028889
v -0.212598 0.11384 0.027721
v -0.020474 0.130095 -0.009942
v -0.067056 0.204122 -0.012333
v -0.062289 0.185914 -0.028412
v -0.057736 0.189314 -0.011855
v -0.043663 0.156312 -0.027455
v -0.048419 0.174505 -0.011376
v -0.052972 0.171105 -0.027933
v -0.03911 0.159712 -0.010898
v -0.025027 0.126695 -0.026498
v -0.029794 0.144903 -0.010419
v -0.034347 0.141503 -0.026976
v -0.166016 0.039812 0.030112
v -0.161463 0.043212 0.046669
v -0.208045 0.117239 0.044278
v -0.170783 0.05802 0.046191
v -0.175336 0.05462 0.029635
v -0.184656 0.069429 0.029157
v -0.189408 0.087622 0.045235
v -0.193961 0.084222 0.028678
v -0.180103 0.072829 0.045714
v -0.203278 0.099031 0.028199
v -0.198725 0.102431 0.044756
v -0.161687 0.023073 0.069372
v -0.279029 -0.049832 0.098104
v -0.274477 -0.046432 0.11466
v -0.16624 0.019673 0.052816
v -0.133745 -0.021338 0.070808
v -0.138298 -0.024738 0.054252
v -0.246531 -0.090842 0.116095
v -0.251084 -0.094242 0.099538
v -0.269709 -0.06464 0.098582
v -0.15692 0.004865 0.053294
v -0.147614 -0.009929 0.053773
v -0.260401 -0.079432 0.09906
v -0.217049 -0.03673 0.096889
v -0.21268 -0.044243 0.09734
v -0.193282 -0.027469 0.088438
v -0.219625 -0.044036 0.080582
v -0.200038 -0.026891 0.07146
v -0.195713 -0.034429 0.071998
v -0.292039 -0.04184 0.118547
v -0.158099 0.040698 0.064767
v -0.11618 -0.02593 0.06692
v -0.250119 -0.108467 0.1207
v -0.293177 -0.04269 0.114408
v -0.159237 0.039848 0.060628
v -0.117318 -0.02678 0.062781
v -0.251257 -0.109317 0.116561
v -0.299032 -0.04116 0.115704
v -0.158043 0.045723 0.059093
v -0.111463 -0.028309 0.061485
v -0.252452 -0.115192 0.118096
v -0.16601 0.039773 0.030119
v -0.306999 -0.04711 0.08673
v -0.114878 -0.030859 0.049068
v -0.161457 0.043173 0.046676
v -0.156694 0.024964 0.030598
v -0.152141 0.028364 0.047155
v -0.138068 -0.004637 0.031554
v -0.14282 0.013552 0.047633
v -0.147373 0.010152 0.031076
v -0.133515 -0.001238 0.048111
v -0.119431 -0.034258 0.032511
v -0.124195 -0.016046 0.048589
v -0.128748 -0.019446 0.032032
v -0.26042 -0.121141 0.089122
v -0.255867 -0.117742 0.105679
v -0.302446 -0.04371 0.103286
v -0.265184 -0.102929 0.1052
v -0.269737 -0.106329 0.088643
v -0.279057 -0.09152 0.088165
v -0.28381 -0.073327 0.104243
v -0.288363 -0.076727 0.087686
v -0.274504 -0.088121 0.104722
v -0.297682 -0.061919 0.087209
v -0.29313 -0.058519 0.103765
v -0.11509 -0.050974 0.071763
v -0.232429 -0.123877 0.100494
v -0.227876 -0.120478 0.11705
v -0.119643 -0.054373 0.055207
v -0.087145 -0.095384 0.073197
v -0.091698 -0.098783 0.056641
v -0.199934 -0.164888 0.118485
v -0.204487 -0.168288 0.101929
v -0.223113 -0.138686 0.100973
v -0.110323 -0.069182 0.055685
v -0.101018 -0.083971 0.056163
v -0.213804 -0.153475 0.10145
v -0.170452 -0.110776 0.09928
v -0.166083 -0.118289 0.09973
v -0.146682 -0.101514 0.090827
v -0.173029 -0.118079 0.082972
v -0.153437 -0.100937 0.073849
v -0.149113 -0.108475 0.074388
v -0.245442 -0.115886 0.120937
v -0.111502 -0.033348 0.067157
v -0.06958 -0.099972 0.069309
v -0.20352 -0.182509 0.123089
v -0.24658 -0.116736 0.116798
v -0.11264 -0.034198 0.063018
v -0.070719 -0.100822 0.06517
v -0.204658 -0.183359 0.11895
v -0.252435 -0.115206 0.118094
v -0.111446 -0.028324 0.061483
v -0.064864 -0.102351 0.063874
v -0.205853 -0.189234 0.120485
v -0.119413 -0.034273 0.03251
v -0.260402 -0.121156 0.08912
v -0.068278 -0.104901 0.051457
v -0.11486 -0.030873 0.049066
v -0.110093 -0.049081 0.032987
v -0.10554 -0.045682 0.049544
v -0.091468 -0.078683 0.033944
v -0.096224 -0.060491 0.050023
v -0.100777 -0.06389 0.033466
v -0.086915 -0.075283 0.050501
v -0.072831 -0.1083 0.034901
v -0.077598 -0.090092 0.05098
v -0.082151 -0.093492 0.034423
v -0.21382 -0.195183 0.091511
v -0.209267 -0.191784 0.108068
v -0.255849 -0.117756 0.105677
v -0.218587 -0.176975 0.10759
v -0.22314 -0.180375 0.091034
v -0.232457 -0.165566 0.090555
v -0.237213 -0.147374 0.106634
v -0.241766 -0.150773 0.090077
v -0.227904 -0.162166 0.107111
v -0.251086 -0.135965 0.089599
v -0.246533 -0.132565 0.106156
v 0.148999 0.33789 -0.080707
v 0.358092 -0.149806 -0.038063
v 0.078518 0.294449 -0.052405
v 0.428573 -0.106362 -0.066366
v 0.156966 0.34384 -0.051734
v 0.43654 -0.100413 -0.037393
v 0.366059 -0.143857 -0.00909
v 0.086485 0.300398 -0.023432
v 0.148774 0.317805 -0.058015
v 0.367422 -0.122922 -0.027643
v 0.106475 0.291734 -0.041029
v 0.409721 -0.096849 -0.044629
v 0.153327 0.321204 -0.041458
v 0.414274 -0.09345 -0.028073
v 0.371975 -0.119523 -0.011087
v 0.111027 0.295133 -0.024473
v 0.156909 0.338815 -0.04606
v 0.431824 -0.098033 -0.031958
v 0.368392 -0.137132 -0.006486
v 0.093478 0.299718 -0.020589
v 0.155771 0.337965 -0.050199
v 0.430686 -0.098883 -0.036097
v 0.367254 -0.137982 -0.010625
v 0.09234 0.298868 -0.024728
v 0.174336 0.259565 -0.052978
v 0.16426 0.265243 -0.035411
v 0.185168 0.252988 -0.038018
v 0.154809 0.239084 -0.028366
v 0.169455 0.248932 -0.031053
v 0.152817 0.255189 -0.031114
v 0.223364 0.189448 -0.035474
v 0.232106 0.17394 -0.036234
v 0.212504 0.158253 -0.024294
v 0.197356 0.162511 -0.03938
v 0.198239 0.173654 -0.02675
v 0.216053 0.174886 -0.028663
v 0.257884 0.115001 -0.046195
v 0.259573 0.117921 -0.028956
v 0.278413 0.106236 -0.031755
v 0.274899 0.100074 -0.047883
v 0.274166 0.087863 -0.030126
v 0.246013 0.107097 -0.026333
v 0.26265 0.100843 -0.026273
v 0.259007 0.083408 -0.025053
v 0.246452 0.093968 -0.023758
v 0.316906 0.040869 -0.031315
v 0.321497 0.026028 -0.045492
v 0.326177 0.025725 -0.028327
v 0.305605 0.009362 -0.022663
v 0.293049 0.019925 -0.021368
v 0.309248 0.026797 -0.023883
v 0.359185 -0.031185 -0.028069
v 0.338143 -0.04753 -0.019918
v 0.355846 -0.047249 -0.021492
v 0.371551 -0.044909 -0.029653
v 0.364856 -0.062419 -0.024217
v 0.346016 -0.061962 -0.01913
v 0.264671 -0.021839 -0.020144
v 0.296916 -0.166364 0.000665
v 0.222371 -0.047908 -0.003159
v 0.339215 -0.140291 -0.01632
v 0.269224 -0.018439 -0.003588
v 0.343768 -0.136892 0.000236
v 0.301468 -0.162965 0.017222
v 0.226923 -0.044509 0.013397
v 0.273995 0.005055 -0.009724
v 0.367179 -0.143018 -0.004944
v 0.296697 -0.186459 0.023358
v 0.203513 -0.038386 0.018578
v 0.26489 -0.001744 -0.042836
v 0.287591 -0.193258 -0.009754
v 0.194407 -0.045185 -0.014534
v 0.358074 -0.149817 -0.038056
v 0.277144 -0.105928 0.010389
v 0.274683 -0.076769 0.003526
v 0.285346 -0.0907 0.006817
v 0.290451 -0.075596 -0.00104
v 0.299895 -0.085059 -0.001694
v 0.267644 -0.090985 0.008392
v 0.296857 -0.097075 -0.05048
v 0.28355 -0.076813 -0.044898
v 0.299901 -0.089173 -0.034598
v 0.297307 -0.113623 -0.028982
v 0.288022 -0.117922 -0.04379
v 0.272514 -0.125472 -0.031872
v 0.255289 -0.118122 -0.031147
v 0.252538 -0.105861 -0.018147
v 0.246213 -0.099481 -0.036106
v 0.251607 -0.085846 -0.031241
v 0.28892 -0.096531 -0.044921
v 0.29053 -0.107841 -0.028209
v 0.27329 -0.117188 -0.035169
v 0.26413 -0.075227 -0.039883
v 0.278936 -0.084349 -0.043465
v 0.263159 -0.08533 -0.038905
v 0.261216 -0.111818 -0.032952
v 0.255965 -0.099539 -0.034029
v 0.124878 0.200299 -0.027315
v 0.157122 0.05577 -0.006505
v 0.082577 0.174226 -0.010329
v 0.199422 0.081844 -0.023491
v 0.129431 0.203699 -0.010759
v 0.203975 0.085243 -0.006935
v 0.161675 0.05917 0.010051
v 0.08713 0.177626 0.006227
v 0.134201 0.227193 -0.016895
v 0.227385 0.07912 -0.012115
v 0.156904 0.03568 0.016187
v 0.06372 0.183749 0.011407
v 0.125095 0.220394 -0.050007
v 0.147799 0.02888 -0.016926
v 0.054614 0.176949 -0.021705
v 0.21828 0.072321 -0.045227
v 0.152863 0.145993 -0.007164
v 0.161606 0.130485 -0.007925
v 0.135846 0.118018 0.005011
v 0.126858 0.119056 -0.01107
v 0.145553 0.131434 -0.000354
v 0.150866 0.102726 -0.045277
v 0.136131 0.098754 -0.028151
v 0.126998 0.095963 -0.043408
v 0.11471 0.111697 -0.025036
v 0.110955 0.113264 -0.042569
v 0.110231 0.134122 -0.04055
v 0.122252 0.115617 -0.027818
v 0.130703 0.104914 -0.042777
v 0.117294 0.129128 -0.04285
v 0.124335 0.146907 -0.047053
v 0.143756 0.145321 -0.052068
v 0.129447 0.139167 -0.048233
v 0.144718 0.133911 -0.051373
v 0.15478 0.134819 -0.052954
v 0.158784 0.120295 -0.051062
v 0.149969 0.121631 -0.050296
v 0.145321 0.109633 -0.046554
v 0.332407 -0.170309 -0.049924
v 0.313738 -0.178354 -0.057018
v 0.328992 -0.172859 -0.062341
v 0.317153 -0.175805 -0.044601
v 0.348896 -0.171283 -0.054258
v 0.345481 -0.173833 -0.066675
v 0.360681 -0.181137 -0.069355
v 0.364096 -0.178587 -0.056938
v 0.372273 -0.193647 -0.069974
v 0.375687 -0.191098 -0.057557
v 0.378506 -0.209461 -0.068441
v 0.38192 -0.206912 -0.056024
v 0.378425 -0.226182 -0.064985
v 0.38184 -0.223632 -0.052568
v 0.372037 -0.241257 -0.060133
v 0.375451 -0.238707 -0.047716
v 0.360324 -0.252381 -0.054628
v 0.363739 -0.249831 -0.042211
v 0.34507 -0.257877 -0.049305
v 0.348485 -0.255327 -0.036888
v 0.328582 -0.256903 -0.044971
v 0.331996 -0.254353 -0.032554
v 0.313381 -0.249599 -0.04229
v 0.316796 -0.247049 -0.029873
v 0.30179 -0.237088 -0.041672
v 0.305205 -0.234539 -0.029255
v 0.295558 -0.221278 -0.043205
v 0.298972 -0.218728 -0.030788
v 0.295637 -0.204554 -0.046661
v 0.299052 -0.202004 -0.034244
v 0.305441 -0.186929 -0.039096
v 0.302026 -0.189479 -0.051513
v 0.340446 -0.212816 -0.043406
v 0.337031 -0.215366 -0.055823
v 0.371751 -0.228072 -0.048764
v 0.364776 -0.238187 -0.021754
v 0.374149 -0.22928 -0.02616
v 0.353123 -0.245522 -0.040059
v 0.379258 -0.217223 -0.030041
v 0.373632 -0.208093 -0.053502
v 0.379323 -0.203844 -0.032806
v 0.364814 -0.190001 -0.054674
v 0.374337 -0.191188 -0.034034
v 0.365058 -0.181177 -0.033538
v 0.340876 -0.178307 -0.050493
v 0.352897 -0.175334 -0.031393
v 0.339708 -0.174552 -0.027927
v 0.327498 -0.17895 -0.023666
v 0.316703 -0.186817 -0.042098
v 0.318125 -0.187857 -0.01926
v 0.313016 -0.199914 -0.015379
v 0.306456 -0.210546 -0.034408
v 0.312951 -0.213293 -0.012614
v 0.312246 -0.230198 -0.032082
v 0.317937 -0.225949 -0.011386
v 0.327086 -0.2438 -0.033253
v 0.327216 -0.23596 -0.011882
v 0.339377 -0.241803 -0.014027
v 0.352566 -0.242585 -0.017493
v 0.350239 -0.237221 -0.041016
v 0.361449 -0.228352 -0.045992
v 0.365963 -0.214164 -0.05007
v 0.358481 -0.195475 -0.051851
v 0.345516 -0.187894 -0.049918
v 0.330689 -0.188389 -0.045667
v 0.319443 -0.197285 -0.04082
v 0.314966 -0.211445 -0.036605
v 0.322448 -0.230133 -0.034825
v 0.335375 -0.237742 -0.036894
v 0.332525 -0.193079 -0.077656
v 0.319181 -0.195905 -0.054994
v 0.337306 -0.18952 -0.06129
v 0.314607 -0.199601 -0.07139
v 0.347877 -0.198513 -0.078771
v 0.355891 -0.210243 -0.080557
v 0.360692 -0.207039 -0.064123
v 0.355859 -0.229905 -0.076511
v 0.360466 -0.226834 -0.059997
v 0.346501 -0.239921 -0.053469
v 0.342131 -0.24304 -0.070039
v 0.326976 -0.238636 -0.048364
v 0.322751 -0.241954 -0.064933
v 0.311393 -0.230562 -0.062158
v 0.30716 -0.217349 -0.065698
v 0.3115 -0.213703 -0.049228
v 0.332478 -0.218766 -0.07238
v 0.015414 -0.174663 0.098286
v 0.038513 -0.242589 0.105882
v 0.043313 -0.2191 0.099739
v -0.007993 -0.16851 0.103459
v 0.128298 -0.105273 0.052996
v 0.133099 -0.081788 0.046853
v 0.202715 -0.223809 0.056871
v 0.226121 -0.229958 0.051698
v 0.160383 -0.249827 0.073855
v 0.155583 -0.273316 0.079998
v 0.113866 -0.175732 0.071432
v 0.109066 -0.199221 0.077575
v 0.091101 -0.19273 -0.01135
v 0.137618 -0.266825 -0.008927
v 0.179951 -0.240807 -0.025911
v 0.105534 -0.122272 -0.029787
v 0.020548 -0.236098 0.016956
v -0.007351 -0.191661 0.015504
v 0.105782 -0.102185 -0.052483
v 0.128267 -0.293713 -0.019338
v 0.08175 -0.219618 -0.021761
v 0.198805 -0.250356 -0.047638
v -0.035309 -0.188907 0.004123
v 0.011197 -0.262986 0.006545
v 0.095111 -0.177007 0.076851
v 0.089001 -0.179198 0.078981
v 0.066237 -0.196196 -0.003801
v 0.072346 -0.194005 -0.005931
v 0.082405 -0.1788 0.080713
v 0.059641 -0.195798 -0.002069
v 0.053565 -0.192869 -0.001
v 0.076329 -0.17587 0.081783
v 0.04893 -0.187858 -0.000754
v 0.071695 -0.17086 0.082028
v 0.046446 -0.181529 -0.00137
v 0.06921 -0.16453 0.081412
v 0.046485 -0.17484 -0.002755
v 0.06925 -0.157841 0.080028
v 0.049045 -0.168815 -0.004696
v 0.07181 -0.151817 0.078087
v 0.053737 -0.164368 -0.006899
v 0.076501 -0.14737 0.075883
v 0.059846 -0.162174 -0.00903
v 0.08261 -0.145176 0.073753
v 0.066442 -0.162575 -0.010761
v 0.089207 -0.145577 0.072021
v 0.072517 -0.165501 -0.011831
v 0.095282 -0.148503 0.070951
v 0.077152 -0.170512 -0.012076
v 0.099916 -0.153513 0.070706
v 0.079637 -0.176845 -0.01146
v 0.102402 -0.159846 0.071323
v 0.079597 -0.18353 -0.010076
v 0.102361 -0.166532 0.072707
v 0.099802 -0.17256 0.074648
v 0.077038 -0.189558 -0.008134
v 0.085806 -0.162188 0.076367
v 0.153644 -0.192369 0.06391
v 0.147535 -0.194563 0.06604
v 0.12477 -0.211561 -0.016742
v 0.130879 -0.209367 -0.018872
v 0.140941 -0.194161 0.067771
v 0.118177 -0.21116 -0.015012
v 0.112099 -0.208234 -0.013941
v 0.134863 -0.191236 0.068842
v 0.107464 -0.203224 -0.013695
v 0.130229 -0.186225 0.069087
v 0.104979 -0.196891 -0.014312
v 0.127743 -0.179893 0.06847
v 0.105019 -0.190205 -0.015696
v 0.127784 -0.173207 0.067086
v 0.107582 -0.184177 -0.017638
v 0.130346 -0.167178 0.065144
v 0.112273 -0.179729 -0.019842
v 0.135037 -0.162731 0.062941
v 0.118379 -0.177539 -0.021971
v 0.141144 -0.160541 0.060812
v 0.124975 -0.177937 -0.023703
v 0.14774 -0.160939 0.05908
v 0.131051 -0.180867 -0.024772
v 0.153815 -0.163868 0.05801
v 0.135686 -0.185877 -0.025018
v 0.15845 -0.168879 0.057765
v 0.138174 -0.192206 -0.024402
v 0.160938 -0.175208 0.05838
v 0.138134 -0.198895 -0.023018
v 0.160898 -0.181897 0.059765
v 0.158335 -0.187922 0.061707
v 0.135571 -0.20492 -0.021076
v 0.144342 -0.17755 0.063425
v 0.111553 -0.180414 -0.038094
v 0.09342 -0.18678 -0.031801
v 0.089144 -0.189984 -0.048379
v 0.107067 -0.183483 -0.054642
v 0.074775 -0.183803 -0.043702
v 0.065793 -0.172792 -0.045488
v 0.07005 -0.169232 -0.028977
v 0.065851 -0.153136 -0.04954
v 0.0703 -0.14944 -0.03311
v 0.079591 -0.140017 -0.056012
v 0.084282 -0.13637 -0.039639
v 0.095698 -0.139359 -0.058582
v 0.107172 -0.147161 -0.06213
v 0.112013 -0.143839 -0.045731
v 0.114535 -0.165746 -0.060338
v 0.119253 -0.162628 -0.043864
v 0.089212 -0.1643 -0.053679
v 0.14934 -0.260644 -0.048429
v 0.139937 -0.260875 -0.029378
v 0.135657 -0.26408 -0.045955
v 0.121292 -0.257898 -0.04128
v 0.112311 -0.246887 -0.043065
v 0.116567 -0.243327 -0.026555
v 0.112365 -0.227232 -0.047116
v 0.116817 -0.223535 -0.030687
v 0.123105 -0.215413 -0.050502
v 0.135803 -0.212711 -0.056543
v 0.140586 -0.209151 -0.040177
v 0.151153 -0.218159 -0.057651
v 0.159153 -0.229903 -0.059434
v 0.163955 -0.226695 -0.043001
v 0.159096 -0.249559 -0.055382
v 0.163705 -0.246491 -0.038867
v 0.135729 -0.238395 -0.051257
v 0.032653 -0.228833 -0.006455
v 0.013131 -0.227522 -0.001356
v 0.008904 -0.230844 -0.017924
v 0.028284 -0.231948 -0.023027
v -0.00476 -0.21616 -0.017182
v -0.000503 -0.2126 -0.000671
v -0.004706 -0.196501 -0.021233
v -0.000253 -0.192808 -0.004804
v 0.009038 -0.183385 -0.027706
v 0.013729 -0.179738 -0.011332
v 0.02842 -0.184492 -0.032808
v 0.033252 -0.181046 -0.016432
v 0.042082 -0.199173 -0.033551
v 0.046885 -0.195968 -0.017117
v 0.042026 -0.218832 -0.029498
v 0.046635 -0.215764 -0.012984
v 0.018659 -0.207668 -0.025373
v -0.172184 -0.187523 0.152514
v -0.149085 -0.25545 0.16011
v -0.144285 -0.231961 0.153967
v -0.195591 -0.181371 0.157688
v -0.059299 -0.118134 0.107224
v -0.0545 -0.094645 0.101081
v 0.015117 -0.236666 0.111099
v 0.038523 -0.242819 0.105926
v -0.027215 -0.262688 0.128083
v -0.032015 -0.286177 0.134226
v -0.073732 -0.188593 0.125661
v -0.078532 -0.212082 0.131804
v -0.096496 -0.205591 0.042878
v -0.049979 -0.279686 0.045301
v -0.007648 -0.253665 0.028317
v -0.082064 -0.135132 0.024442
v -0.167049 -0.248959 0.071185
v -0.194948 -0.204522 0.069732
v -0.081816 -0.115043 0.001745
v -0.059331 -0.306574 0.03489
v -0.105848 -0.232479 0.032467
v 0.011207 -0.263216 0.00659
v -0.222907 -0.201768 0.058351
v -0.176401 -0.275847 0.060774
v -0.092488 -0.189864 0.131079
v -0.098597 -0.192058 0.13321
v -0.121361 -0.209057 0.050427
v -0.115252 -0.206863 0.048297
v -0.105192 -0.191661 0.134942
v -0.127957 -0.208659 0.052159
v -0.134033 -0.205729 0.053229
v -0.111268 -0.188731 0.136011
v -0.138667 -0.200719 0.053474
v -0.115903 -0.183721 0.136257
v -0.141153 -0.194386 0.052857
v -0.118388 -0.177388 0.13564
v -0.141112 -0.1877 0.051474
v -0.118348 -0.170702 0.134256
v -0.138552 -0.181676 0.049533
v -0.115788 -0.164678 0.132315
v -0.133857 -0.177228 0.047328
v -0.111093 -0.16023 0.130111
v -0.127752 -0.175035 0.045199
v -0.104988 -0.158036 0.127981
v -0.121156 -0.175432 0.043467
v -0.098392 -0.158434 0.126249
v -0.11508 -0.178362 0.042397
v -0.092316 -0.161364 0.12518
v -0.110446 -0.183372 0.042152
v -0.087681 -0.166374 0.124934
v -0.10796 -0.189705 0.042769
v -0.085196 -0.172707 0.125551
v -0.108001 -0.196391 0.044153
v -0.085236 -0.179393 0.126935
v -0.087796 -0.185421 0.128877
v -0.11056 -0.202419 0.046094
v -0.101793 -0.175046 0.130595
v -0.033954 -0.20523 0.118138
v -0.04006 -0.20742 0.120267
v -0.062825 -0.224418 0.037485
v -0.056718 -0.222228 0.035356
v -0.046656 -0.207022 0.121999
v -0.069421 -0.22402 0.039217
v -0.075499 -0.221095 0.040288
v -0.052735 -0.204097 0.12307
v -0.08013 -0.216084 0.040532
v -0.057366 -0.199086 0.123315
v -0.082619 -0.209752 0.039916
v -0.059855 -0.192753 0.122699
v -0.082579 -0.203063 0.038532
v -0.059815 -0.186064 0.121314
v -0.080016 -0.197037 0.03659
v -0.057252 -0.180039 0.119372
v -0.075325 -0.19259 0.034387
v -0.05256 -0.175592 0.117169
v -0.069215 -0.1904 0.032257
v -0.04645 -0.173401 0.115039
v -0.062622 -0.190798 0.030526
v -0.039858 -0.1738 0.113308
v -0.056544 -0.193723 0.029455
v -0.03378 -0.176725 0.112237
v -0.05191 -0.198734 0.029209
v -0.029145 -0.181736 0.111992
v -0.049424 -0.205067 0.029826
v -0.02666 -0.188069 0.112608
v -0.049464 -0.211756 0.031211
v -0.026699 -0.194758 0.113993
v -0.029263 -0.200783 0.115935
v -0.052027 -0.217781 0.033153
v -0.043255 -0.190411 0.117653
v -0.080032 -0.196567 0.017789
v -0.103914 -0.197015 0.024566
v -0.108141 -0.200337 0.007998
v -0.08876 -0.201441 0.002895
v -0.121804 -0.185653 0.00874
v -0.117547 -0.182093 0.025251
v -0.121748 -0.165994 0.004688
v -0.117297 -0.162301 0.021118
v -0.108006 -0.152878 -0.001784
v -0.103316 -0.149228 0.014589
v -0.088625 -0.153985 -0.006886
v -0.08379 -0.150538 0.009489
v -0.076299 -0.164655 -0.00609
v -0.073063 -0.178607 -0.00611
v -0.068342 -0.175488 0.010364
v -0.077392 -0.19272 -0.002029
v -0.098385 -0.177161 0.000549
v -0.038257 -0.273505 0.0058
v -0.04766 -0.273736 0.02485
v -0.051938 -0.276937 0.008272
v -0.066084 -0.271782 0.011096
v -0.069069 -0.260769 0.027957
v -0.075287 -0.259748 0.011163
v -0.075231 -0.240088 0.007111
v -0.07078 -0.236395 0.023541
v -0.061489 -0.226973 0.000639
v -0.051856 -0.221933 0.015249
v -0.042108 -0.22808 -0.004463
v -0.025661 -0.235022 0.010734
v -0.028445 -0.242761 -0.005206
v -0.028499 -0.262419 -0.001155
v -0.023892 -0.259352 0.015361
v -0.051868 -0.251256 0.002972
v -0.154944 -0.241694 0.047773
v -0.174467 -0.240383 0.052873
v -0.178695 -0.243701 0.036304
v -0.159313 -0.244808 0.031202
v -0.192357 -0.229021 0.037047
v -0.1881 -0.22546 0.053557
v -0.192301 -0.209361 0.032994
v -0.18785 -0.205668 0.049425
v -0.181564 -0.197544 0.02961
v -0.168862 -0.194844 0.023568
v -0.164082 -0.191284 0.039935
v -0.154722 -0.200002 0.020731
v -0.142732 -0.204291 0.036617
v -0.145515 -0.212034 0.020678
v -0.145569 -0.231692 0.024729
v -0.140963 -0.228621 0.041244
v -0.168938 -0.220528 0.028855
v -0.311425 0.158182 0.119818
v -0.288019 0.152044 0.114642
v -0.245701 0.178052 0.097665
v -0.240886 0.201533 0.091519
v -0.171282 0.059491 0.101545
v -0.147875 0.053353 0.096369
v -0.284158 -0.009875 0.146828
v -0.288973 -0.033359 0.152975
v -0.312062 0.034583 0.145373
v -0.335472 0.040721 0.15055
v -0.241508 0.077944 0.117067
v -0.264914 0.084082 0.122244
v -0.334827 0.017585 0.062591
v -0.306923 -0.026873 0.064046
v -0.264272 0.060946 0.034285
v -0.194046 0.042493 0.018763
v -0.310783 0.135046 0.03186
v -0.268466 0.161053 0.014883
v -0.362789 0.020323 0.051214
v -0.292231 0.063685 0.022908
v -0.175192 0.032955 -0.002967
v -0.316289 -0.053757 0.053639
v -0.268202 0.181136 -0.007817
v -0.338742 0.137785 0.020482
v -0.269013 0.086429 0.030356
v -0.243764 0.097097 0.113755
v -0.246248 0.103427 0.113139
v -0.266528 0.080099 0.030973
v -0.268973 0.093118 0.028972
v -0.246209 0.110116 0.111754
v -0.26641 0.099143 0.02703
v -0.243645 0.116141 0.109812
v -0.261718 0.10359 0.024826
v -0.238954 0.120588 0.107609
v -0.255608 0.105781 0.022696
v -0.232844 0.122779 0.105479
v -0.249013 0.105383 0.020964
v -0.226248 0.122381 0.103747
v -0.242937 0.102453 0.019895
v -0.220172 0.119452 0.102678
v -0.238302 0.097443 0.01965
v -0.215538 0.114441 0.102432
v -0.235817 0.09111 0.020266
v -0.213052 0.108108 0.103049
v -0.235861 0.084424 0.021651
v -0.213096 0.101422 0.104434
v -0.215655 0.095394 0.106375
v -0.23842 0.078396 0.023593
v -0.220348 0.09095 0.108578
v -0.243112 0.073952 0.025796
v -0.226457 0.088756 0.110709
v -0.249221 0.071758 0.027926
v -0.233053 0.089157 0.11244
v -0.255818 0.072159 0.029658
v -0.261893 0.075085 0.030727
v -0.239128 0.092083 0.11351
v -0.229652 0.105769 0.108094
v -0.281036 0.027698 0.045722
v -0.255784 0.038367 0.12912
v -0.258272 0.044696 0.128504
v -0.278548 0.021369 0.046337
v -0.280993 0.034388 0.044337
v -0.258229 0.051386 0.127119
v -0.278433 0.040412 0.042396
v -0.255669 0.05741 0.125178
v -0.273738 0.04486 0.040191
v -0.250974 0.061858 0.122974
v -0.267632 0.04705 0.038062
v -0.244868 0.064048 0.120845
v -0.261036 0.046652 0.03633
v -0.238272 0.06365 0.119113
v -0.25496 0.043723 0.035261
v -0.232196 0.060721 0.118043
v -0.250326 0.038712 0.035015
v -0.227561 0.05571 0.117798
v -0.24784 0.032379 0.035632
v -0.225076 0.049377 0.118415
v -0.247881 0.025694 0.037016
v -0.225116 0.042692 0.119799
v -0.22768 0.036667 0.121741
v -0.250444 0.019669 0.038958
v -0.232371 0.032219 0.123944
v -0.255136 0.015221 0.041162
v -0.238481 0.030029 0.126074
v -0.261245 0.013031 0.043292
v -0.245073 0.030427 0.127805
v -0.267838 0.013429 0.045023
v -0.273916 0.016354 0.046093
v -0.251152 0.033353 0.128876
v -0.241673 0.047039 0.123459
v -0.263583 0.04637 8.6e-05
v -0.259366 0.033154 0.003634
v -0.259242 0.050019 0.016555
v -0.256115 0.064107 -0.00561
v -0.251541 0.067803 0.010786
v -0.241626 0.070828 -0.00898
v -0.228505 0.068099 -0.014023
v -0.223669 0.071543 0.002353
v -0.216178 0.057427 -0.013226
v -0.212942 0.043474 -0.013246
v -0.208224 0.046593 0.003229
v -0.215924 0.028806 0.008999
v -0.22041 0.025737 -0.00755
v -0.233917 0.019748 -0.000611
v -0.243798 0.025069 0.017431
v -0.248021 0.021748 0.000862
v -0.238264 0.04492 -0.006587
v -0.334141 0.003008 0.028392
v -0.322561 -0.012131 0.046728
v -0.3298 0.006657 0.044861
v -0.326778 -0.015578 0.030184
v -0.326673 0.020745 0.022696
v -0.322096 0.024442 0.039091
v -0.312181 0.027467 0.019326
v -0.29906 0.024738 0.014283
v -0.294227 0.028181 0.030659
v -0.285396 0.010054 0.013541
v -0.280597 0.013258 0.029976
v -0.285453 -0.009605 0.017593
v -0.280846 -0.006537 0.034109
v -0.294829 -0.019603 0.040637
v -0.299197 -0.022721 0.024066
v -0.314323 -0.022646 0.030205
v -0.308822 0.001559 0.02172
v -0.310094 0.120469 -0.00234
v -0.298513 0.105327 0.015997
v -0.305753 0.124119 0.014129
v -0.302731 0.101884 -0.000548
v -0.304664 0.135639 -0.004953
v -0.294393 0.143304 -0.011346
v -0.289706 0.146953 0.005028
v -0.279674 0.143937 -0.015531
v -0.27018 0.145643 -7.2e-05
v -0.266816 0.136159 -0.017463
v -0.254921 0.12556 -0.000263
v -0.259453 0.117574 -0.015671
v -0.262435 0.102906 0.006573
v -0.266921 0.099837 -0.009975
v -0.280572 0.096543 0.012867
v -0.284848 0.093338 -0.003711
v -0.284775 0.11902 -0.009012
v -0.432945 -0.043878 -0.005523
v -0.320129 0.025632 -0.050736
v -0.328608 -0.305284 -0.147077
v -0.215792 -0.235773 -0.19229
v -0.207199 -0.240239 -0.17771
v -0.311535 0.021167 -0.036155
v -0.320015 -0.309749 -0.132497
v -0.424351 -0.048344 0.009057
v -0.303231 0.044381 -0.033943
v -0.187299 -0.246071 -0.191225
v -0.32832 -0.332964 -0.13471
v -0.444252 -0.042511 0.022572
v -0.461438 -0.03358 -0.006588
v -0.320417 0.053313 -0.063103
v -0.345511 -0.324034 -0.163872
v -0.204486 -0.23714 -0.220389
v -0.359432 -0.035223 -0.046061
v -0.356258 -0.0474 -0.030246
v -0.338589 -0.037659 -0.038275
v -0.336356 -0.036324 -0.059999
v -0.319155 -0.048917 -0.053177
v -0.323203 -0.055536 -0.073635
v -0.31473 -0.0735 -0.063313
v -0.327674 -0.081602 -0.078983
v -0.327911 -0.097003 -0.062743
v -0.347155 -0.099253 -0.072904
v -0.344844 -0.105162 -0.05521
v -0.358776 -0.103034 -0.053404
v -0.378748 -0.090303 -0.051544
v -0.366384 -0.098848 -0.040579
v -0.374913 -0.082976 -0.030744
v -0.383446 -0.065802 -0.041271
v -0.369784 -0.06644 -0.028103
v -0.369501 -0.050623 -0.03103
v -0.348613 -0.041723 -0.054475
v -0.340415 -0.046179 -0.039804
v -0.365922 -0.048173 -0.046248
v -0.327787 -0.053829 -0.055482
v -0.334296 -0.078319 -0.074124
v -0.331909 -0.090438 -0.058371
v -0.323575 -0.071241 -0.060782
v -0.349034 -0.091344 -0.069426
v -0.349143 -0.097147 -0.050267
v -0.369971 -0.087721 -0.055841
v -0.363817 -0.08893 -0.0391
v -0.375846 -0.065788 -0.045792
v -0.330447 -0.10784 -0.085383
v -0.332666 -0.118938 -0.066657
v -0.31528 -0.113796 -0.075321
v -0.307529 -0.109931 -0.08572
v -0.29886 -0.116791 -0.106745
v -0.290172 -0.121534 -0.092503
v -0.288286 -0.137192 -0.105414
v -0.29869 -0.154219 -0.118305
v -0.290403 -0.15899 -0.103833
v -0.304181 -0.173339 -0.100054
v -0.318172 -0.171871 -0.11223
v -0.321988 -0.178282 -0.091125
v -0.341248 -0.17077 -0.098291
v -0.341422 -0.167024 -0.076223
v -0.354402 -0.151561 -0.084651
v -0.345845 -0.142445 -0.066087
v -0.349929 -0.125495 -0.079307
v -0.328663 -0.125505 -0.071026
v -0.328609 -0.115731 -0.08893
v -0.304947 -0.120331 -0.089313
v -0.301797 -0.141286 -0.112561
v -0.296618 -0.155019 -0.09895
v -0.294908 -0.134118 -0.096937
v -0.311719 -0.158899 -0.112109
v -0.311191 -0.168235 -0.094409
v -0.323706 -0.168272 -0.092791
v -0.337293 -0.162861 -0.098244
v -0.334833 -0.161547 -0.078423
v -0.346945 -0.148276 -0.08809
v -0.338359 -0.143215 -0.070734
v -0.343348 -0.128753 -0.084232
v -0.278546 -0.182548 -0.125045
v -0.301464 -0.180457 -0.124708
v -0.292589 -0.184779 -0.110444
v -0.269872 -0.189407 -0.146068
v -0.261183 -0.194154 -0.131825
v -0.259302 -0.209809 -0.144736
v -0.269707 -0.226836 -0.157631
v -0.261415 -0.224864 -0.141087
v -0.269943 -0.24224 -0.14139
v -0.289188 -0.244488 -0.151552
v -0.287321 -0.247383 -0.132713
v -0.304031 -0.24761 -0.122942
v -0.312264 -0.243386 -0.137613
v -0.317533 -0.233304 -0.117607
v -0.325474 -0.211035 -0.119916
v -0.316858 -0.215061 -0.10541
v -0.311534 -0.195857 -0.109677
v -0.282378 -0.18945 -0.138756
v -0.274145 -0.19376 -0.124063
v -0.303798 -0.190174 -0.12622
v -0.291412 -0.192946 -0.113635
v -0.265923 -0.206738 -0.136259
v -0.272814 -0.213904 -0.151886
v -0.282734 -0.231519 -0.15143
v -0.273941 -0.235672 -0.137018
v -0.300046 -0.237969 -0.143202
v -0.299475 -0.240034 -0.123303
v -0.314601 -0.229482 -0.132025
v -0.309324 -0.225668 -0.113096
v -0.317878 -0.211022 -0.124439
v -0.305984 -0.206162 -0.109091
v -0.35424 0.023609 -0.073266
v -0.353831 0.014367 -0.055432
v -0.33201 0.020248 -0.066629
v -0.337088 0.022705 -0.083656
v -0.327366 0.008357 -0.093778
v -0.318604 0.003744 -0.07945
v -0.330768 -0.011028 -0.097711
v -0.322201 -0.015778 -0.083309
v -0.336939 -0.028804 -0.07861
v -0.345301 -0.024096 -0.093144
v -0.354186 -0.027701 -0.068106
v -0.36245 -0.023195 -0.082758
v -0.372175 -0.008848 -0.072634
v -0.3645 -0.00804 -0.056142
v -0.368774 0.01054 -0.068702
v -0.349775 -0.000244 -0.083213
v -0.308104 -0.049912 -0.122978
v -0.325256 -0.049012 -0.112591
v -0.311879 -0.051717 -0.100531
v -0.29298 -0.060287 -0.114162
v -0.298382 -0.06426 -0.1331
v -0.289702 -0.078746 -0.121745
v -0.301784 -0.083645 -0.137033
v -0.309402 -0.0939 -0.133596
v -0.307955 -0.10142 -0.117932
v -0.325233 -0.098191 -0.127667
v -0.329003 -0.097743 -0.104533
v -0.337008 -0.093241 -0.119218
v -0.343191 -0.081465 -0.111957
v -0.33359 -0.070623 -0.093524
v -0.33979 -0.062081 -0.108027
v -0.320791 -0.072861 -0.122535
v -0.287357 -0.120151 -0.156716
v -0.295859 -0.13087 -0.13408
v -0.278551 -0.124417 -0.142307
v -0.304506 -0.126737 -0.148626
v -0.272812 -0.128406 -0.167816
v -0.263996 -0.132904 -0.153485
v -0.268933 -0.141773 -0.174208
v -0.260719 -0.151364 -0.16107
v -0.272799 -0.156265 -0.176355
v -0.270642 -0.168979 -0.160614
v -0.287333 -0.169334 -0.171791
v -0.287951 -0.175429 -0.152387
v -0.304483 -0.168429 -0.161406
v -0.30492 -0.162802 -0.138652
v -0.314205 -0.154081 -0.151283
v -0.311571 -0.138893 -0.14592
v -0.291804 -0.145477 -0.161862
v -0.267285 -0.194246 -0.191239
v -0.266875 -0.203487 -0.173402
v -0.249567 -0.197033 -0.181629
v -0.250136 -0.19515 -0.201625
v -0.241617 -0.203625 -0.207155
v -0.240408 -0.219279 -0.214748
v -0.231652 -0.21411 -0.197419
v -0.235249 -0.233633 -0.201278
v -0.250116 -0.236843 -0.214403
v -0.249987 -0.246658 -0.196579
v -0.267261 -0.243428 -0.206315
v -0.27673 -0.240205 -0.197659
v -0.273522 -0.239559 -0.180531
v -0.28522 -0.226702 -0.190605
v -0.2768 -0.221099 -0.172949
v -0.281819 -0.207314 -0.186675
v -0.262819 -0.218098 -0.201183
v -0.407608 -0.020747 -0.055394
v -0.419661 -0.019609 -0.043985
v -0.398775 -0.025125 -0.041035
v -0.399138 -0.030659 -0.063431
v -0.388571 -0.044727 -0.053186
v -0.397882 -0.044877 -0.068513
v -0.403287 -0.070431 -0.052384
v -0.407588 -0.06244 -0.068173
v -0.424736 -0.069026 -0.06008
v -0.424706 -0.071153 -0.039844
v -0.439278 -0.060771 -0.048984
v -0.434358 -0.056571 -0.02969
v -0.442698 -0.042514 -0.041374
v -0.430757 -0.037048 -0.025833
v -0.432994 -0.024951 -0.041718
v -0.420295 -0.043696 -0.054952
v -0.395776 -0.09246 -0.08433
v -0.395364 -0.101701 -0.066497
v -0.378055 -0.095248 -0.074721
v -0.378624 -0.093364 -0.094716
v -0.3635 -0.103739 -0.085901
v -0.368901 -0.107712 -0.104839
v -0.361512 -0.127382 -0.09445
v -0.372304 -0.127096 -0.108772
v -0.383219 -0.146287 -0.087441
v -0.386838 -0.140165 -0.104208
v -0.404549 -0.138842 -0.092094
v -0.413711 -0.124917 -0.083695
v -0.406035 -0.124109 -0.067202
v -0.41031 -0.105529 -0.079766
v -0.391311 -0.116313 -0.094274
v -0.357877 -0.163603 -0.128454
v -0.369274 -0.167236 -0.120585
v -0.349071 -0.167869 -0.114046
v -0.346107 -0.168549 -0.136918
v -0.334515 -0.176355 -0.125223
v -0.339918 -0.180329 -0.144164
v -0.331238 -0.194815 -0.132809
v -0.34332 -0.199713 -0.148094
v -0.350938 -0.20997 -0.14466
v -0.34949 -0.217489 -0.128993
v -0.366765 -0.214259 -0.138728
v -0.376172 -0.210834 -0.128182
v -0.384724 -0.197533 -0.123022
v -0.376386 -0.201804 -0.108336
v -0.381322 -0.178149 -0.119089
v -0.37279 -0.182282 -0.10448
v -0.362327 -0.18893 -0.133599
v -0.328894 -0.23622 -0.16778
v -0.340972 -0.250284 -0.144192
v -0.320087 -0.240485 -0.153368
v -0.346038 -0.242805 -0.159688
v -0.314349 -0.244475 -0.17888
v -0.305532 -0.248973 -0.164549
v -0.310469 -0.257842 -0.185269
v -0.302254 -0.267432 -0.172131
v -0.314336 -0.272334 -0.187419
v -0.316332 -0.288281 -0.170354
v -0.32887 -0.285403 -0.182855
v -0.33775 -0.289007 -0.157815
v -0.346019 -0.284499 -0.17247
v -0.354497 -0.274582 -0.164443
v -0.347403 -0.274421 -0.147661
v -0.355747 -0.260369 -0.159346
v -0.33334 -0.261546 -0.172922
v -0.066519 0.272081 -0.124746
v 0.095316 -0.134871 -0.34477
v -0.158666 -0.290968 -0.242871
v -0.320502 0.115985 -0.022847
v -0.15007 -0.295433 -0.228292
v -0.311908 0.111519 -0.008267
v -0.057926 0.267615 -0.110166
v 0.103913 -0.139336 -0.330191
v -0.158405 -0.31863 -0.230481
v -0.331793 0.11737 0.005248
v -0.04959 0.290813 -0.107974
v 0.123799 -0.145186 -0.343706
v -0.066781 0.299743 -0.137136
v 0.10661 -0.136255 -0.372866
v -0.175593 -0.309699 -0.259645
v -0.348984 0.126301 -0.023911
v -0.099938 -0.227969 -0.237233
v -0.122169 -0.234876 -0.225906
v -0.131169 -0.232233 -0.240946
v -0.108135 -0.223302 -0.251789
v -0.150763 -0.221213 -0.22602
v -0.142422 -0.225313 -0.211377
v -0.155434 -0.196699 -0.21576
v -0.143175 -0.208904 -0.20531
v -0.142153 -0.194603 -0.202122
v -0.142448 -0.17305 -0.216174
v -0.133614 -0.17723 -0.201844
v -0.119409 -0.164122 -0.227018
v -0.110547 -0.168602 -0.212797
v -0.103697 -0.170996 -0.238529
v -0.096802 -0.178234 -0.22384
v -0.095191 -0.186511 -0.24815
v -0.086639 -0.191324 -0.233848
v -0.091387 -0.208702 -0.243378
v -0.107017 -0.220652 -0.236706
v -0.130036 -0.223673 -0.239037
v -0.129464 -0.225726 -0.219137
v -0.144581 -0.215161 -0.22786
v -0.147836 -0.196697 -0.220285
v -0.137895 -0.17909 -0.220753
v -0.12962 -0.183806 -0.206209
v -0.114462 -0.176494 -0.216278
v -0.112319 -0.175166 -0.234625
v -0.102686 -0.189766 -0.244774
v -0.094253 -0.193863 -0.230131
v -0.098428 -0.20827 -0.237947
v -0.137031 -0.150635 -0.212498
v -0.128835 -0.155302 -0.197942
v -0.148041 -0.161697 -0.195587
v -0.154132 -0.159194 -0.183628
v -0.171156 -0.156405 -0.194151
v -0.171322 -0.152646 -0.172084
v -0.184288 -0.137174 -0.180522
v -0.175715 -0.128055 -0.161967
v -0.179789 -0.111107 -0.175193
v -0.162515 -0.10456 -0.162552
v -0.160293 -0.093477 -0.181287
v -0.145534 -0.096448 -0.170023
v -0.13722 -0.094609 -0.19523
v -0.128425 -0.099237 -0.181014
v -0.120666 -0.11058 -0.196065
v -0.124045 -0.126986 -0.212912
v -0.115636 -0.131808 -0.198531
v -0.141621 -0.144572 -0.207986
v -0.158935 -0.151003 -0.19975
v -0.132828 -0.148729 -0.193573
v -0.173479 -0.14249 -0.188569
v -0.16473 -0.147177 -0.174294
v -0.176734 -0.124027 -0.180998
v -0.168229 -0.128836 -0.166612
v -0.16025 -0.109377 -0.171252
v -0.141221 -0.102496 -0.195337
v -0.126618 -0.112688 -0.186196
v -0.143363 -0.103823 -0.176986
v -0.130929 -0.122173 -0.207295
v -0.123115 -0.131027 -0.193876
v -0.165933 -0.077966 -0.173209
v -0.168831 -0.089393 -0.154184
v -0.188968 -0.086893 -0.162367
v -0.183029 -0.086524 -0.144337
v -0.208562 -0.075872 -0.14744
v -0.20022 -0.079976 -0.132797
v -0.213233 -0.051358 -0.137181
v -0.204616 -0.055384 -0.122675
v -0.200246 -0.027713 -0.137594
v -0.191412 -0.031893 -0.123261
v -0.177208 -0.018781 -0.148438
v -0.174432 -0.023777 -0.130736
v -0.163466 -0.027574 -0.138405
v -0.156313 -0.028327 -0.149865
v -0.15299 -0.041171 -0.16957
v -0.144438 -0.045984 -0.155268
v -0.149186 -0.063361 -0.164798
v -0.153073 -0.07749 -0.159776
v -0.170522 -0.071902 -0.168694
v -0.187835 -0.078333 -0.160458
v -0.161725 -0.076058 -0.154283
v -0.193613 -0.075842 -0.141288
v -0.20573 -0.061229 -0.144672
v -0.197094 -0.066001 -0.130356
v -0.202111 -0.041707 -0.140827
v -0.193731 -0.046498 -0.126364
v -0.181183 -0.03296 -0.132994
v -0.17838 -0.027322 -0.150409
v -0.157376 -0.03882 -0.14882
v -0.15983 -0.049503 -0.168003
v -0.152016 -0.058358 -0.154588
v -0.205887 -0.012198 -0.129517
v -0.197732 -0.016723 -0.114892
v -0.217502 -0.015954 -0.110008
v -0.23746 -0.003202 -0.108153
v -0.229121 -0.007306 -0.093505
v -0.24213 0.021313 -0.09789
v -0.233514 0.017287 -0.083384
v -0.229143 0.044958 -0.098303
v -0.220313 0.040777 -0.083972
v -0.206837 0.050153 -0.096051
v -0.195018 0.050728 -0.11665
v -0.186224 0.0461 -0.102434
v -0.181887 0.031497 -0.130279
v -0.173335 0.026684 -0.115977
v -0.186391 0.005432 -0.135611
v -0.178104 0.000661 -0.121138
v -0.19942 0.000768 -0.129406
v -0.206635 -0.008465 -0.112977
v -0.190626 -0.003387 -0.114991
v -0.224995 -0.00316 -0.115533
v -0.216161 -0.007715 -0.101267
v -0.2272 0.004344 -0.096931
v -0.234536 0.021313 -0.102414
v -0.226029 0.016504 -0.088032
v -0.224595 0.038916 -0.102884
v -0.216319 0.034201 -0.088337
v -0.207281 0.045347 -0.11112
v -0.199083 0.040891 -0.096449
v -0.192736 0.036835 -0.122297
v -0.184417 0.032653 -0.107616
v -0.183551 0.014719 -0.119511
v -0.220436 0.063544 -0.07633
v -0.237767 0.055805 -0.068747
v -0.234784 0.060473 -0.090226
v -0.257856 0.061606 -0.07628
v -0.258019 0.065364 -0.054218
v -0.270988 0.080837 -0.062651
v -0.258772 0.081774 -0.048147
v -0.263491 0.097157 -0.048261
v -0.258044 0.117628 -0.059011
v -0.252115 0.104074 -0.045244
v -0.242468 0.114726 -0.048261
v -0.235007 0.126556 -0.069858
v -0.226144 0.12208 -0.055635
v -0.215415 0.115535 -0.08478
v -0.208167 0.109813 -0.069656
v -0.204863 0.095126 -0.083438
v -0.215288 0.078103 -0.09632
v -0.207002 0.073332 -0.081848
v -0.228321 0.073439 -0.090114
v -0.250145 0.067585 -0.07891
v -0.24506 0.064952 -0.061975
v -0.263529 0.084111 -0.066092
v -0.259909 0.10363 -0.062247
v -0.24516 0.116638 -0.06696
v -0.22798 0.113562 -0.057158
v -0.227917 0.115512 -0.077466
v -0.218287 0.100914 -0.087614
v -0.209852 0.096818 -0.072972
v -0.214025 0.082407 -0.080788
v -0.037002 -0.186345 -0.268585
v -0.046764 -0.189728 -0.256855
v -0.060615 -0.188869 -0.269252
v -0.06347 -0.189931 -0.247078
v -0.080206 -0.177848 -0.25433
v -0.074422 -0.176594 -0.236486
v -0.079461 -0.163306 -0.236506
v -0.080334 -0.140413 -0.242791
v -0.071214 -0.15398 -0.230905
v -0.06306 -0.133866 -0.23015
v -0.060837 -0.122786 -0.248884
v -0.039993 -0.125237 -0.241103
v -0.037765 -0.123915 -0.262827
v -0.02828 -0.134508 -0.250248
v -0.024634 -0.143146 -0.276457
v -0.016082 -0.147959 -0.262155
v -0.029137 -0.169214 -0.281788
v -0.021862 -0.172892 -0.26605
v -0.042166 -0.173878 -0.275584
v -0.05948 -0.180309 -0.267348
v -0.033372 -0.178034 -0.261168
v -0.058907 -0.182361 -0.247444
v -0.06817 -0.174089 -0.245201
v -0.077924 -0.158185 -0.249565
v -0.060795 -0.138683 -0.238849
v -0.041766 -0.131802 -0.262935
v -0.047854 -0.132874 -0.244668
v -0.025326 -0.149103 -0.26043
v -0.032228 -0.156275 -0.276049
v -0.066478 -0.107271 -0.240807
v -0.069375 -0.118699 -0.221778
v -0.089512 -0.116198 -0.229961
v -0.083574 -0.115829 -0.211935
v -0.105342 -0.109261 -0.218651
v -0.095089 -0.110939 -0.204241
v -0.113734 -0.093809 -0.208828
v -0.105256 -0.097844 -0.194244
v -0.111824 -0.073823 -0.203981
v -0.100497 -0.078572 -0.19114
v -0.100791 -0.057019 -0.205192
v -0.091957 -0.061199 -0.190859
v -0.077754 -0.048087 -0.216036
v -0.07457 -0.056079 -0.199533
v -0.057869 -0.055872 -0.209324
v -0.058162 -0.059108 -0.230958
v -0.049318 -0.071232 -0.219058
v -0.053492 -0.083623 -0.241221
v -0.045077 -0.088446 -0.226837
v -0.053618 -0.106795 -0.227374
v -0.071067 -0.101208 -0.236292
v -0.088381 -0.107638 -0.228056
v -0.062271 -0.105363 -0.22188
v -0.102925 -0.09913 -0.216878
v -0.097639 -0.095307 -0.197954
v -0.10618 -0.080663 -0.209304
v -0.089695 -0.066016 -0.199557
v -0.078925 -0.056628 -0.218007
v -0.06243 -0.063445 -0.20895
v -0.064381 -0.065141 -0.229187
v -0.055194 -0.087257 -0.226397
v -0.087179 -0.039267 -0.18696
v -0.104118 -0.0474 -0.179417
v -0.106432 -0.041504 -0.197115
v -0.118048 -0.045259 -0.177606
v -0.138005 -0.032507 -0.175747
v -0.129666 -0.036612 -0.161103
v -0.142675 -0.007993 -0.165488
v -0.134059 -0.012019 -0.150982
v -0.129689 0.015652 -0.165901
v -0.120859 0.011471 -0.15157
v -0.10665 0.02458 -0.176745
v -0.097792 0.020103 -0.162524
v -0.08576 0.015037 -0.178174
v -0.082432 0.002191 -0.197877
v -0.07388 -0.002622 -0.183575
v -0.086935 -0.023873 -0.203206
v -0.075867 -0.022199 -0.188348
v -0.12554 -0.032466 -0.183131
v -0.123074 -0.031142 -0.163309
v -0.10909 -0.038573 -0.177206
v -0.135174 -0.017865 -0.172982
v -0.126574 -0.012801 -0.15563
v -0.131557 0.001653 -0.169136
v -0.116864 0.004895 -0.155935
v -0.112059 0.016069 -0.176078
v -0.099628 0.011585 -0.164047
v -0.089774 0.007173 -0.177067
v -0.089931 -0.001062 -0.194501
v -0.081496 -0.005158 -0.179862
v -0.08567 -0.019569 -0.187678
v -0.094262 -0.031948 -0.186432
v -0.124277 0.038069 -0.162228
v -0.116534 0.034965 -0.146588
v -0.135286 0.027004 -0.145313
v -0.15017 0.02808 -0.129207
v -0.158402 0.0323 -0.143878
v -0.163657 0.042396 -0.123878
v -0.171577 0.064676 -0.126199
v -0.163394 0.053862 -0.113463
v -0.158289 0.073519 -0.110502
v -0.15859 0.088322 -0.126609
v -0.138662 0.090903 -0.116749
v -0.135552 0.09725 -0.137456
v -0.115667 0.089465 -0.130744
v -0.115961 0.086229 -0.152378
v -0.108677 0.075442 -0.13856
v -0.11129 0.061715 -0.162638
v -0.102877 0.056894 -0.148258
v -0.132914 0.040845 -0.156198
v -0.148607 0.037338 -0.133179
v -0.12834 0.034809 -0.140007
v -0.154038 0.082281 -0.131191
v -0.145761 0.077566 -0.116644
v -0.15766 0.061964 -0.120301
v -0.130204 0.085381 -0.129316
v -0.12218 0.0802 -0.150608
v -0.118924 0.061737 -0.158179
v -0.110359 0.057674 -0.143602
v -0.156646 0.047708 -0.125237
v -0.152599 0.104333 -0.111426
v -0.168045 0.097441 -0.097427
v -0.176212 0.101808 -0.112093
v -0.185809 0.105484 -0.0915
v -0.200432 0.124201 -0.090961
v -0.19002 0.114084 -0.079326
v -0.191858 0.133321 -0.072402
v -0.195932 0.150264 -0.085631
v -0.183276 0.151649 -0.071797
v -0.176769 0.161529 -0.079665
v -0.16445 0.169921 -0.098165
v -0.155591 0.16544 -0.083944
v -0.144859 0.158899 -0.113091
v -0.13617 0.154157 -0.098845
v -0.134307 0.13849 -0.111748
v -0.144734 0.121468 -0.124626
v -0.136448 0.116696 -0.110153
v -0.154186 0.120141 -0.119376
v -0.169352 0.107336 -0.099514
v -0.148971 0.112647 -0.104009
v -0.180857 0.112859 -0.091014
v -0.192972 0.127472 -0.094402
v -0.184339 0.122701 -0.080082
v -0.182647 0.142176 -0.078494
v -0.166392 0.155405 -0.080645
v -0.182938 0.154952 -0.091899
v -0.158578 0.157873 -0.090243
v -0.157363 0.158876 -0.105772
v -0.142761 0.148684 -0.096634
v -0.14773 0.144279 -0.115921
v -0.139257 0.130344 -0.104315
v 0.032976 -0.136577 -0.308405
v 0.030079 -0.148004 -0.289376
v 0.009942 -0.145504 -0.297559
v 0.007084 -0.146567 -0.275384
v -0.009653 -0.134484 -0.282636
v 0.000583 -0.132794 -0.266736
v -0.014323 -0.10997 -0.272377
v -0.005707 -0.113996 -0.25787
v -0.000361 -0.094799 -0.262146
v 0.00972 -0.079421 -0.277191
v 0.018592 -0.083743 -0.262926
v 0.032788 -0.080555 -0.291136
v 0.041586 -0.085182 -0.276921
v 0.04592 -0.099786 -0.304765
v 0.054472 -0.104599 -0.290464
v 0.049724 -0.121976 -0.299994
v 0.045837 -0.136101 -0.294968
v 0.028387 -0.130513 -0.30389
v 0.011074 -0.136944 -0.295654
v 0.019944 -0.141357 -0.281366
v 0.037184 -0.134669 -0.289478
v -0.003469 -0.128435 -0.284473
v -0.006726 -0.109969 -0.276902
v 0.001779 -0.114778 -0.262515
v 0.009759 -0.095322 -0.267155
v 0.03259 -0.091024 -0.294137
v 0.043391 -0.098632 -0.282099
v 0.026649 -0.089764 -0.272891
v 0.04426 -0.116562 -0.293995
v 0.004079 -0.063906 -0.269114
v 0.005536 -0.069853 -0.250968
v -0.00693 -0.074972 -0.252203
v -0.01302 -0.072465 -0.240241
v -0.030046 -0.069676 -0.250768
v -0.024532 -0.067574 -0.232548
v -0.035301 -0.059579 -0.230765
v -0.043221 -0.037299 -0.233086
v -0.030965 -0.049508 -0.222634
v -0.029934 -0.028457 -0.217392
v -0.030234 -0.013654 -0.233499
v -0.014656 -0.016558 -0.222745
v -0.007196 -0.004726 -0.244343
v 0.001662 -0.009203 -0.230122
v 0.012395 -0.015747 -0.259268
v 0.015412 -0.018838 -0.241165
v 0.025574 -0.031928 -0.251173
v 0.017066 -0.040261 -0.269527
v 0.020806 -0.05795 -0.256331
v -0.00051 -0.057847 -0.264602
v -0.017824 -0.064273 -0.256363
v -0.032368 -0.055765 -0.245185
v -0.035623 -0.037298 -0.237611
v -0.023723 -0.03244 -0.222268
v -0.025686 -0.019695 -0.23808
v -0.008372 -0.013264 -0.246316
v -0.000173 -0.017724 -0.231644
v 0.006173 -0.021776 -0.257493
v 0.017959 -0.034468 -0.247459
v 0.009428 -0.04024 -0.265068
v 0.014596 -0.05397 -0.251451
v -0.016626 0.004097 -0.215266
v -0.039692 -0.004535 -0.204313
v -0.035875 0.001861 -0.225422
v -0.058947 0.002994 -0.211476
v -0.05911 0.006753 -0.189413
v -0.072079 0.022225 -0.197847
v -0.061158 0.025492 -0.182458
v -0.064582 0.038545 -0.183456
v -0.059135 0.059017 -0.194207
v -0.050302 0.054836 -0.179877
v -0.036097 0.067944 -0.205054
v -0.027234 0.063465 -0.19083
v -0.015203 0.058402 -0.206481
v -0.011879 0.045555 -0.226186
v -0.003326 0.040742 -0.211881
v -0.016379 0.019492 -0.231516
v -0.005313 0.021165 -0.216654
v -0.054986 0.010899 -0.211437
v -0.052517 0.012219 -0.191619
v -0.038537 0.004792 -0.205512
v -0.064619 0.025496 -0.201288
v -0.061 0.045019 -0.197443
v -0.052624 0.04023 -0.182979
v -0.043868 0.052799 -0.190153
v -0.037269 0.059403 -0.207025
v -0.02907 0.054947 -0.192353
v -0.019221 0.050537 -0.205376
v -0.019378 0.042302 -0.22281
v -0.010941 0.038203 -0.208167
v -0.015116 0.023796 -0.215984
v -0.023706 0.011417 -0.214743
v -0.045523 0.076764 -0.175978
v -0.06859 0.068135 -0.165025
v -0.076758 0.072503 -0.179691
v -0.053719 0.081431 -0.190534
v -0.096348 0.083524 -0.164765
v -0.079814 0.077152 -0.155051
v -0.092501 0.090858 -0.14397
v -0.101019 0.108038 -0.154506
v -0.087739 0.110134 -0.140867
v -0.088033 0.131687 -0.15492
v -0.079203 0.127506 -0.140588
v -0.065726 0.136882 -0.152664
v -0.053908 0.137457 -0.173266
v -0.045114 0.132829 -0.15905
v -0.037354 0.121486 -0.174102
v -0.040733 0.105079 -0.190948
v -0.032323 0.100258 -0.176564
v -0.075622 0.081064 -0.177783
v -0.061408 0.079114 -0.171641
v -0.09017 0.089575 -0.166605
v -0.084881 0.093396 -0.147681
v -0.093421 0.108039 -0.159031
v -0.076937 0.12269 -0.149285
v -0.051626 0.123564 -0.178914
v -0.043305 0.119379 -0.164229
v -0.059646 0.128743 -0.157623
v -0.041162 0.102527 -0.174033
v -0.051895 0.095451 -0.187364
v -0.049516 0.083341 -0.171607
v -0.082046 0.147697 -0.139735
v -0.097491 0.140805 -0.125733
v -0.105658 0.145173 -0.140399
v -0.115255 0.148848 -0.119806
v -0.129877 0.167562 -0.119267
v -0.121399 0.163528 -0.104683
v -0.125374 0.193628 -0.113938
v -0.116633 0.18955 -0.09952
v -0.105878 0.211258 -0.120032
v -0.10271 0.199086 -0.104209
v -0.090713 0.205293 -0.109972
v -0.082809 0.210126 -0.133974
v -0.074011 0.205499 -0.119759
v -0.069678 0.190895 -0.147607
v -0.061125 0.186083 -0.133301
v -0.074177 0.164829 -0.152936
v -0.065891 0.16006 -0.138464
v -0.085651 0.153959 -0.134543
v -0.104524 0.153733 -0.138494
v -0.095653 0.149321 -0.124206
v -0.11122 0.157796 -0.115811
v -0.122418 0.170837 -0.122708
v -0.113818 0.1759 -0.105356
v -0.118799 0.190358 -0.118863
v -0.104049 0.203366 -0.123572
v -0.08039 0.198741 -0.123958
v -0.071078 0.183968 -0.133972
v -0.075 0.164562 -0.137605
v -0.142225 -0.270751 -0.267483
v -0.159539 -0.277182 -0.259247
v -0.167833 -0.27256 -0.27385
v -0.150682 -0.266001 -0.281949
v -0.179603 -0.267593 -0.265398
v -0.174082 -0.268673 -0.248066
v -0.185771 -0.255807 -0.258143
v -0.183231 -0.242993 -0.251761
v -0.176042 -0.228469 -0.255505
v -0.167396 -0.232602 -0.240962
v -0.161502 -0.222563 -0.260005
v -0.150657 -0.2243 -0.269193
v -0.141824 -0.228678 -0.254833
v -0.141037 -0.235564 -0.276049
v -0.140956 -0.248446 -0.282305
v -0.132283 -0.253147 -0.26795
v -0.163364 -0.247232 -0.268733
v -0.183482 -0.197238 -0.239294
v -0.188436 -0.204511 -0.219956
v -0.196734 -0.19989 -0.234558
v -0.211263 -0.191617 -0.223458
v -0.202984 -0.196003 -0.208777
v -0.214663 -0.173353 -0.215863
v -0.206239 -0.177536 -0.201203
v -0.20494 -0.155799 -0.216217
v -0.196297 -0.159932 -0.20167
v -0.190403 -0.149893 -0.220713
v -0.179554 -0.151629 -0.229902
v -0.170722 -0.156007 -0.215542
v -0.169851 -0.165989 -0.240021
v -0.161089 -0.170605 -0.225692
v -0.173272 -0.185376 -0.24394
v -0.164708 -0.190127 -0.229537
v -0.192266 -0.174563 -0.229444
v -0.216718 -0.125757 -0.200074
v -0.213104 -0.131872 -0.183303
v -0.233867 -0.124829 -0.189682
v -0.234289 -0.119188 -0.166932
v -0.243569 -0.11047 -0.179563
v -0.242262 -0.095674 -0.175814
v -0.231612 -0.095219 -0.161036
v -0.233841 -0.083128 -0.176925
v -0.212226 -0.080747 -0.168164
v -0.216687 -0.076568 -0.185026
v -0.203468 -0.082655 -0.192419
v -0.198751 -0.093322 -0.200728
v -0.189989 -0.097934 -0.1864
v -0.202173 -0.112706 -0.204649
v -0.193606 -0.117456 -0.190246
v -0.221163 -0.101892 -0.190153
v -0.237382 -0.04799 -0.164078
v -0.233081 -0.055972 -0.148283
v -0.254532 -0.054553 -0.155978
v -0.258295 -0.054084 -0.132843
v -0.269062 -0.046276 -0.144879
v -0.272465 -0.028013 -0.137282
v -0.264037 -0.032199 -0.122623
v -0.262739 -0.010462 -0.137637
v -0.254096 -0.014592 -0.12309
v -0.245588 -0.003898 -0.145734
v -0.236782 -0.008164 -0.131326
v -0.231055 -0.012171 -0.156835
v -0.222239 -0.016673 -0.142507
v -0.227656 -0.030435 -0.164434
v -0.218982 -0.03514 -0.150078
v -0.250065 -0.029222 -0.150865
v -0.266279 0.024681 -0.124787
v -0.266154 0.014876 -0.106957
v -0.283429 0.018118 -0.116687
v -0.292895 0.021356 -0.108035
v -0.28968 0.022008 -0.090907
v -0.301368 0.034871 -0.100984
v -0.299934 0.047044 -0.096017
v -0.291639 0.062209 -0.098345
v -0.289411 0.050122 -0.082456
v -0.274662 0.06313 -0.087166
v -0.274486 0.068772 -0.106447
v -0.257422 0.062003 -0.097671
v -0.259957 0.060499 -0.117547
v -0.247788 0.047403 -0.10782
v -0.256557 0.042235 -0.125142
v -0.251405 0.027884 -0.111667
v -0.278963 0.043448 -0.111574
v -0.286723 0.092597 -0.071031
v -0.304037 0.086166 -0.062796
v -0.312331 0.090787 -0.077399
v -0.295181 0.09735 -0.085499
v -0.32686 0.099061 -0.066299
v -0.318581 0.094679 -0.051615
v -0.330263 0.117324 -0.058699
v -0.321836 0.113142 -0.044043
v -0.320538 0.134879 -0.059058
v -0.311894 0.130745 -0.04451
v -0.306 0.140785 -0.063554
v -0.295156 0.139051 -0.072742
v -0.28632 0.134674 -0.058383
v -0.285535 0.127784 -0.079598
v -0.285455 0.114902 -0.085854
v -0.276781 0.110201 -0.071498
v -0.307863 0.116114 -0.072285
v -0.07167 -0.22739 -0.295788
v -0.088981 -0.233816 -0.287554
v -0.097278 -0.229199 -0.302155
v -0.080125 -0.222636 -0.310256
v -0.111808 -0.220922 -0.291056
v -0.103528 -0.225308 -0.276372
v -0.115208 -0.202659 -0.28346
v -0.106784 -0.206841 -0.268801
v -0.105486 -0.185104 -0.283815
v -0.096842 -0.189238 -0.269268
v -0.090948 -0.179198 -0.288311
v -0.080099 -0.180935 -0.2975
v -0.071267 -0.185313 -0.28314
v -0.070483 -0.192199 -0.304355
v -0.070402 -0.205081 -0.310611
v -0.061729 -0.209783 -0.296256
v -0.092811 -0.203869 -0.297042
v -0.110454 -0.15323 -0.26717
v -0.117882 -0.16115 -0.248265
v -0.126175 -0.156528 -0.262864
v -0.137543 -0.1514 -0.252334
v -0.144115 -0.139776 -0.247161
v -0.135777 -0.144047 -0.232479
v -0.140693 -0.120392 -0.243241
v -0.132158 -0.124525 -0.228633
v -0.13038 -0.109399 -0.245963
v -0.117408 -0.111517 -0.233343
v -0.117232 -0.105874 -0.252624
v -0.106063 -0.109996 -0.258386
v -0.099297 -0.122628 -0.268326
v -0.093882 -0.118648 -0.249393
v -0.090627 -0.137116 -0.256968
v -0.102718 -0.142011 -0.272246
v -0.121709 -0.131198 -0.257751
v -0.137924 -0.077295 -0.231677
v -0.129469 -0.082049 -0.217209
v -0.150612 -0.084164 -0.224038
v -0.155042 -0.085973 -0.203337
v -0.16331 -0.081469 -0.217992
v -0.173012 -0.067105 -0.20787
v -0.165333 -0.066296 -0.191378
v -0.169591 -0.047722 -0.203953
v -0.158623 -0.038181 -0.203541
v -0.146133 -0.033204 -0.213332
v -0.137327 -0.03747 -0.198924
v -0.131601 -0.041477 -0.224433
v -0.122784 -0.045979 -0.210104
v -0.128202 -0.059741 -0.232032
v -0.119528 -0.064446 -0.217676
v -0.150611 -0.058528 -0.218463
v -0.166825 -0.004625 -0.192385
v -0.154894 -0.00598 -0.179057
v -0.179513 -0.011493 -0.184746
v -0.183942 -0.013303 -0.164045
v -0.19221 -0.008798 -0.1787
v -0.201914 0.005565 -0.168582
v -0.194235 0.006373 -0.15209
v -0.200605 0.020357 -0.164832
v -0.192185 0.032903 -0.165943
v -0.183538 0.02877 -0.151397
v -0.179418 0.03926 -0.171531
v -0.166225 0.035201 -0.159633
v -0.166799 0.037076 -0.179628
v -0.158293 0.028587 -0.185156
v -0.157102 0.012926 -0.192739
v -0.148333 0.018097 -0.175418
v -0.179507 0.014139 -0.179171
v -0.199625 0.064138 -0.149729
v -0.2092 0.057494 -0.127608
v -0.212876 0.061482 -0.144996
v -0.227406 0.069755 -0.133896
v -0.223132 0.079041 -0.112799
v -0.230808 0.088018 -0.126297
v -0.221082 0.105574 -0.126652
v -0.21244 0.10144 -0.112108
v -0.206546 0.111479 -0.131152
v -0.195701 0.109745 -0.14034
v -0.186865 0.105368 -0.125981
v -0.185994 0.095383 -0.150459
v -0.177231 0.090767 -0.13613
v -0.189417 0.075996 -0.154375
v -0.180851 0.071245 -0.139975
v -0.208409 0.086809 -0.139883
v -0.216166 0.135962 -0.099338
v -0.23348 0.129531 -0.091103
v -0.241774 0.134152 -0.105706
v -0.224623 0.140712 -0.113805
v -0.256306 0.142425 -0.094605
v -0.248024 0.138039 -0.079925
v -0.259706 0.160689 -0.087009
v -0.250095 0.16175 -0.071576
v -0.249984 0.178243 -0.087364
v -0.233006 0.179161 -0.076184
v -0.23283 0.184805 -0.095465
v -0.212076 0.175509 -0.089772
v -0.2183 0.176531 -0.106561
v -0.214901 0.158266 -0.11416
v -0.206225 0.153565 -0.099809
v -0.237306 0.15948 -0.100592
v -0.001113 -0.184025 -0.324095
v -0.018427 -0.190455 -0.315859
v -0.026721 -0.185834 -0.330462
v -0.009571 -0.179271 -0.338562
v -0.041255 -0.177562 -0.319365
v -0.032972 -0.181944 -0.304682
v -0.044653 -0.159298 -0.311766
v -0.036226 -0.16348 -0.297107
v -0.034931 -0.141743 -0.312121
v -0.022237 -0.142588 -0.299089
v -0.017778 -0.13518 -0.320222
v 0.002977 -0.144477 -0.314529
v -0.003248 -0.143454 -0.331322
v 0.000151 -0.161717 -0.338917
v 0.008828 -0.166422 -0.324565
v -0.022254 -0.160504 -0.325349
v -0.030015 -0.111355 -0.284806
v -0.051947 -0.117149 -0.273786
v -0.051244 -0.112955 -0.293698
v -0.038469 -0.106601 -0.299275
v -0.063854 -0.110774 -0.285587
v -0.073557 -0.09641 -0.275468
v -0.06522 -0.100682 -0.260786
v -0.070137 -0.077028 -0.271551
v -0.061604 -0.08116 -0.256939
v -0.058077 -0.066127 -0.273055
v -0.046679 -0.06251 -0.28093
v -0.037873 -0.066776 -0.266521
v -0.034917 -0.067473 -0.289395
v -0.023328 -0.075284 -0.277699
v -0.02874 -0.079263 -0.296637
v -0.028043 -0.093762 -0.297533
v -0.051154 -0.087837 -0.286057
v -0.058912 -0.038684 -0.245516
v -0.076226 -0.045115 -0.23728
v -0.080143 -0.040284 -0.25441
v -0.067369 -0.033934 -0.259983
v -0.092756 -0.038104 -0.246298
v -0.09077 -0.036607 -0.226102
v -0.102459 -0.023741 -0.23618
v -0.094025 -0.018139 -0.218528
v -0.099038 -0.004357 -0.232259
v -0.088066 0.00518 -0.231851
v -0.075577 0.01016 -0.241642
v -0.06677 0.005895 -0.227231
v -0.061046 0.001884 -0.252739
v -0.052227 -0.002614 -0.238411
v -0.057647 -0.01638 -0.260337
v -0.048971 -0.021081 -0.245986
v -0.080052 -0.015167 -0.246769
v -0.097695 0.035472 -0.216897
v -0.109746 0.028188 -0.195206
v -0.113422 0.032176 -0.212594
v -0.127951 0.040449 -0.201494
v -0.123677 0.049735 -0.180396
v -0.131353 0.058713 -0.193895
v -0.121628 0.076268 -0.19425
v -0.112985 0.072134 -0.179706
v -0.107091 0.082173 -0.19875
v -0.096246 0.080436 -0.207937
v -0.08741 0.076059 -0.193579
v -0.08654 0.066077 -0.218057
v -0.07723 0.056441 -0.20572
v -0.089963 0.04669 -0.221972
v -0.108953 0.057504 -0.207477
v -0.129068 0.107499 -0.178039
v -0.134025 0.100225 -0.1587
v -0.142318 0.104843 -0.173303
v -0.156852 0.113119 -0.162202
v -0.150977 0.112878 -0.144969
v -0.160252 0.131383 -0.154607
v -0.148299 0.136848 -0.139069
v -0.150529 0.148937 -0.154962
v -0.137189 0.154266 -0.157236
v -0.125143 0.153107 -0.168646
v -0.116311 0.148729 -0.154287
v -0.115439 0.138744 -0.178765
v -0.106678 0.134131 -0.164436
v -0.118861 0.11936 -0.182685
v -0.110294 0.11461 -0.168282
v -0.137852 0.130174 -0.16819
v -0.145613 0.179323 -0.127647
v -0.162927 0.172895 -0.119412
v -0.166842 0.177724 -0.136538
v -0.154069 0.184076 -0.142111
v -0.179452 0.179906 -0.128427
v -0.186256 0.187506 -0.120005
v -0.180818 0.189997 -0.103626
v -0.189152 0.204052 -0.115315
v -0.177201 0.209518 -0.09978
v -0.179426 0.221607 -0.115671
v -0.157815 0.22399 -0.106909
v -0.162276 0.228169 -0.123771
v -0.147743 0.219894 -0.134872
v -0.138926 0.215393 -0.12054
v -0.144343 0.201631 -0.142467
v -0.135671 0.196928 -0.128114
v -0.166752 0.202844 -0.128898
v 0.06944 -0.140661 -0.352404
v 0.05213 -0.147091 -0.34417
v 0.043832 -0.142471 -0.358772
v 0.060986 -0.13591 -0.366872
v 0.029303 -0.134197 -0.347672
v 0.037583 -0.138583 -0.332988
v 0.0259 -0.115934 -0.340072
v 0.034328 -0.120115 -0.325413
v 0.035626 -0.098378 -0.340428
v 0.048316 -0.099224 -0.327398
v 0.052776 -0.091816 -0.348528
v 0.073534 -0.101112 -0.342836
v 0.06731 -0.100092 -0.359628
v 0.070708 -0.118356 -0.367227
v 0.079382 -0.123057 -0.352871
v 0.048301 -0.117143 -0.353654
v 0.044015 -0.064592 -0.314253
v 0.013291 -0.070022 -0.316494
v 0.023847 -0.068338 -0.324287
v 0.014968 -0.071918 -0.299241
v 0.000402 -0.061527 -0.30838
v -0.001837 -0.050142 -0.299619
v 0.000417 -0.033663 -0.299857
v 0.008953 -0.037795 -0.285246
v 0.012476 -0.022764 -0.301365
v 0.023878 -0.019145 -0.30924
v 0.037194 -0.023988 -0.2978
v 0.038409 -0.027422 -0.320336
v 0.043884 -0.040488 -0.323612
v 0.038393 -0.055286 -0.328862
v 0.019402 -0.044473 -0.314367
v 0.011641 0.00468 -0.273825
v -0.005673 -0.001751 -0.265589
v -0.013965 0.002867 -0.280188
v 0.003188 0.009431 -0.28829
v -0.028496 0.011143 -0.269092
v -0.020216 0.006758 -0.254408
v -0.031899 0.029407 -0.261492
v -0.023472 0.025225 -0.246834
v -0.022173 0.046962 -0.261848
v -0.013531 0.042828 -0.247304
v -0.009409 0.053319 -0.267435
v 0.003783 0.049259 -0.25554
v 0.00321 0.051131 -0.275532
v 0.012879 0.041355 -0.280271
v 0.01291 0.026985 -0.288644
v 0.021583 0.022283 -0.274292
v -0.009499 0.028198 -0.275075
v -0.029612 0.078194 -0.245634
v -0.03457 0.07092 -0.226298
v -0.042864 0.075537 -0.240901
v -0.054234 0.080666 -0.230366
v -0.060803 0.09229 -0.225198
v -0.052464 0.08802 -0.210512
v -0.057382 0.111677 -0.221278
v -0.046009 0.112157 -0.20706
v -0.042837 0.124729 -0.225853
v -0.028912 0.124906 -0.230049
v -0.01939 0.117919 -0.241757
v -0.01057 0.113417 -0.227429
v -0.014694 0.10312 -0.246796
v -0.019406 0.090054 -0.250283
v -0.010839 0.085304 -0.23588
v -0.038397 0.100868 -0.235788
v -0.046157 0.150017 -0.195242
v -0.06347 0.143586 -0.187006
v -0.071764 0.148208 -0.201609
v -0.054615 0.15477 -0.209709
v -0.083536 0.153177 -0.193161
v -0.078015 0.152098 -0.175829
v -0.0897 0.164961 -0.185907
v -0.08127 0.170562 -0.168254
v -0.086279 0.184345 -0.181987
v -0.075311 0.193884 -0.181577
v -0.062822 0.198862 -0.191369
v -0.049505 0.194019 -0.179929
v -0.048289 0.190589 -0.20247
v -0.035574 0.172472 -0.194738
v -0.044889 0.172326 -0.210065
v -0.067298 0.173538 -0.196496
v -0.083513 0.22744 -0.170421
v -0.071586 0.226085 -0.157093
v -0.096201 0.220572 -0.162783
v -0.10063 0.218761 -0.142082
v -0.108898 0.223269 -0.156733
v -0.117361 0.233199 -0.148713
v -0.110264 0.233361 -0.131932
v -0.118595 0.247416 -0.143622
v -0.106644 0.252882 -0.128087
v -0.108873 0.264969 -0.14398
v -0.087258 0.267354 -0.135216
v -0.091719 0.271533 -0.152078
v -0.077189 0.263258 -0.163177
v -0.066073 0.25467 -0.151587
v -0.07379 0.244994 -0.170776
v -0.096196 0.246207 -0.157208
v 0.24975 -0.112635 0.019976
v 0.170188 -0.162917 0.015167
v 0.179294 -0.156118 0.048279
v 0.240644 -0.119434 -0.013136
v 0.296375 -0.186636 0.02235
v 0.287269 -0.193435 -0.010763
v 0.225919 -0.230118 0.050653
v 0.216813 -0.236918 0.017541
v 0.198159 -0.165613 0.026535
v 0.268405 -0.183939 0.010981
v 0.226139 -0.210023 0.02796
v 0.240423 -0.139526 0.009556
v 0.244976 -0.136126 0.026112
v 0.202712 -0.162214 0.043091
v 0.272958 -0.180539 0.027537
v 0.230692 -0.206624 0.044516
v 0.21057514285714282 0.07125614285714285 0.06299528571428573
v 0.22476977777777776 0.02750388888888889 0.030608444444444445
v 0.177588625 0.10264824999999998 0.031587
v -0.23525677777777781 -0.10591411111111111 -0.09580722222222221
v -0.23408275 -0.10695625 -0.094319375
v -0.227985125 -0.042452875 -0.109701375
v -0.198361625 -0.117039375 -0.14975275
v -0.29508975 -0.087177375 -0.083592375
v -0.2662906666666667 -0.1590577777777778 -0.12440244444444445
v 0.022622428571428575 0.2581184285714286 -0.108751
v 0.07069733333333335 0.18574366666666667 -0.10781016666666667
v 0.10202819999999999 0.13250765 -0.10743454999999998
v 0.16313399999999997 0.035832571428571436 -0.103545
v 0.21170250000000002 -0.041299749999999996 -0.100295875
v 0.25373500000000004 -0.110574375 -0.09938212500000002
v 0.301966 -0.186733 -0.10215116666666667
v 0.08104585714285714 0.1907881428571429 -0.07218257142857143
v 0.1266287142857143 0.11582857142857142 -0.07112200000000002
v 0.17224 0.04263228571428571 -0.07043128571428571
v 0.21962071428571425 -0.03201771428571428 -0.06633585714285714
v 0.26636185714285715 -0.10588985714285715 -0.06402028571428571
v 0.045396000000000006 0.22256466666666666 -0.1062961111111111
v 0.14195549999999998 0.0733715 -0.100545875
v 0.18684588888888887 0.0007876666666666671 -0.09962944444444444
v 0.23362388888888885 -0.07423188888888889 -0.097094
v 0.280062 -0.14837955555555554 -0.09465844444444443
v 0.008288714285714285 0.14660985714285713 -0.04691685714285714
v 0.05482300000000001 0.07325057142857141 -0.04263314285714285
v 0.10142214285714288 -0.0007954285714285719 -0.040243428571428576
v 0.14926414285714285 -0.07529671428571427 -0.038101571428571436
v 0.195862 -0.14934214285714287 -0.035711
v -0.025103999999999998 0.17911088888888885 -0.0779867777777778
v 0.020480333333333336 0.10379455555555556 -0.07689377777777778
v 0.0696411111111111 0.03136133333333333 -0.07370222222222222
v 0.11569388888888886 -0.04616855555555556 -0.07044655555555555
v 0.16296511111111112 -0.11778755555555558 -0.06873988888888888
v 0.210076 -0.1927821111111111 -0.06629555555555555
v 0.3231563333333333 -0.017815 -0.074099
v 0.3116006666666667 -0.055168666666666664 -0.04575100000000001
v 0.3418813333333333 -0.04736066666666666 -0.07316766666666666
v 0.32743475 -0.08951825 -0.07270625
v 0.3605496666666667 -0.07698066666666666 -0.07219333333333333
v 0.314003 -0.07479925 -0.0598475
v 0.31443175 -0.07453275000000001 -0.059958500000000005
v 0.2364854 -0.1230842 -0.025469799999999997
v 0.26688742857142855 -0.1043317142857143 -0.06464314285714286
v 0.26412085714285716 -0.10833942857142857 -0.07022842857142857
v 0.196511125 -0.15118637499999998 -0.038434375
v 0.19276814285714286 -0.15008342857142856 -0.04325542857142858
v 0.22936800000000002 0.06830316666666665 -0.06453666666666667
v 0.26275366666666666 0.07850366666666665 -0.07722733333333333
v 0.24607433333333337 0.03652166666666667 -0.07701366666666666
v 0.28133633333333335 0.04886933333333334 -0.07627766666666666
v 0.2688327142857143 0.0072465714285714295 -0.06353585714285714
v 0.24414550000000004 0.0362435 -0.063439
v 0.23536674999999999 0.0513445 -0.0640685
v 0.25358400000000003 0.0215055 -0.06297575
v 0.170308875 -0.008725875000000001 -0.018745
v 0.19291025 0.002498375 -0.0717545
v 0.19411574999999998 0.004610749999999999 -0.07559362500000001
v 0.12458222222222222 -0.03791522222222222 -0.043763555555555556
v 0.12353642857142857 -0.03874685714285714 -0.04710285714285715
v 0.18336300000000003 0.204322 -0.08127
v 0.171808 0.166967 -0.052921666666666665
v 0.20208799999999996 0.17477499999999999 -0.08033833333333333
v 0.18764175 0.1326165 -0.079877
v 0.22075599999999998 0.14515633333333333 -0.07936433333333333
v 0.17421025 0.1473355 -0.0670185
v 0.17463875 0.147603 -0.067129
v 0.09956157142857143 0.10151342857142856 -0.021929428571428575
v 0.12563255555555555 0.11769122222222222 -0.07536544444444446
v 0.1275485 0.11591583333333334 -0.07543766666666667
v 0.056917 0.07084587499999999 -0.0468595
v 0.05330942857142857 0.07156128571428573 -0.05044128571428571
v 0.0894745 0.2904323333333333 -0.07167849999999999
v 0.12285233333333334 0.3006533333333334 -0.08437133333333334
v 0.10619666666666668 0.25866266666666665 -0.084162
v 0.141452 0.27103 -0.08342866666666666
v 0.1289734285714286 0.229399 -0.07069199999999999
v 0.10426975 0.25838125 -0.0705875
v 0.09548275 0.27347625 -0.07121325
v 0.11371650000000001 0.24364924999999998 -0.07012775
v 0.031549714285714285 0.2138172857142857 -0.026287
v 0.054756111111111117 0.2246248888888889 -0.07413044444444444
v 0.05243433333333333 0.2291265 -0.08004266666666666
v -0.015255375 0.18754925000000003 -0.046391625000000006
v -0.01544066666666667 0.18438849999999998 -0.05037916666666666
v 0.36069124999999996 -0.2014175 -0.083701
v 0.37163814285714286 -0.19415892857142855 -0.0723395
v 0.3274323333333334 -0.22255777777777774 -0.09245355555555555
v 0.034508500000000004 0.3169 -0.10043350000000001
v 0.045453857142857136 0.3241580714285714 -0.08907150000000001
v 0.0010025000000000004 0.296138125 -0.10741325
v 0.012344999999999998 0.3047993 -0.059396399999999995
v 0.014272400000000001 0.30550730000000004 -0.0600977
v 0.010825874999999999 0.30293362500000004 -0.072629375
v -0.130164375 0.21603275 -0.015930874999999997
v -0.134716875 0.21263312499999998 -0.032486249999999994
v -0.097602 0.23575649999999998 -0.03985125
v -0.068229 0.25475807692307695 -0.046352846153846154
v -0.17139462500000002 0.18756437499999998 -0.00894475
v -0.07019777777777779 0.2518643333333333 -0.08052533333333334
v -0.1404175 0.20647980000000002 -0.054815
v -0.21119022222222222 0.16494777777777778 -0.023906444444444442
v -0.23031274999999998 0.17632799999999998 0.066028
v -0.08390433333333332 0.24425466666666665 -0.0033065
v -0.15810900000000003 0.2000575 0.02382883333333333
v -0.12997153846153847 0.2129902307692308 -0.02362753846153846
v -0.20088122222222227 0.17080777777777778 0.009021
v -0.0080115 0.29377366666666666 0.0003223333333333335
v -0.07752962499999999 0.25074475 0.0331415
v -0.14934685714285714 0.2072317142857143 0.05787657142857143
v 0.016989999999999998 0.3102078888888889 -0.04245577777777778
v -0.053506222222222226 0.2667495555555556 -0.014146555555555555
v -0.11823381818181819 0.223484 0.011352363636363634
v -0.1929788888888889 0.1785461111111111 0.042318666666666664
v -0.3511535 -0.07679350000000001 0.18824549999999998
v -0.23463711111111107 -0.26049222222222224 0.06989955555555555
v -0.281878 -0.18724633333333332 0.06785022222222221
v -0.3293838888888889 -0.11367288888888888 0.06580655555555555
v -0.3759813333333333 -0.03962722222222222 0.06341611111111112
v -0.253612875 -0.2203249375 0.0891093125
v -0.300210375 -0.14627943750000003 0.08671875
v -0.3468087500000001 -0.07223418749999999 0.0843285625
v 0.09234244444444444 0.3056917777777778 -0.0001661111111111109
v 0.09587688888888889 0.3061081111111111 0.004829888888888889
v 0.1414966 0.2299947 0.0040223
v 0.14020066666666664 0.23170655555555555 0.006453111111111111
v 0.18450729999999999 0.15752919999999998 0.0070747000000000015
v 0.18769077777777776 0.15816744444444444 0.008493777777777779
v 0.2321348888888889 0.083556 0.007004666666666667
v 0.23431433333333335 0.08415388888888889 0.010870555555555557
v 0.2795367777777778 0.008319 0.009418444444444445
v 0.2818021111111111 0.012206333333333335 0.014050666666666664
v 0.32866311111111113 -0.06629744444444445 0.011230555555555556
v 0.326792125 -0.06434775 0.015194625
v 0.37308855555555553 -0.1388428888888889 0.013910444444444444
v 0.3714931111111111 -0.13707888888888886 0.01857477777777778
v 0.099537125 0.35998450000000004 -0.03471537499999999
v 0.14321255555555557 0.2864144444444444 -0.0352678888888889
v 0.18826900000000005 0.217076 -0.033429299999999995
v 0.2139729 0.1737994 -0.0378896
v 0.23977237499999998 0.137222375 -0.029517999999999996
v 0.3088721153846153 0.025580115384615378 -0.02863715384615384
v 0.37787888888888893 -0.08453011111111113 -0.023630222222222223
v 0.424799875 -0.1608495 -0.019280624999999996
v 0.029037250000000004 0.31653175 -0.00640625
v 0.07271288888888888 0.242962 -0.006958777777777776
v 0.11826488888888889 0.16753733333333332 -0.004286777777777778
v 0.14460744444444446 0.13019366666666668 -0.010887333333333332
v 0.16927237499999997 0.09376887499999999 -0.0012086250000000003
v 0.21418355555555557 0.020107888888888887 -0.0001017777777777774
v 0.26078100000000004 -0.053937 0.002288555555555556
v 0.2986791764705883 -0.11191070588235293 0.0021546470588235294
v 0.35449044444444444 -0.202977 0.007122777777777777
v -0.046385700000000016 0.2188764 0.055513099999999996
v -0.049578333333333335 0.21911333333333333 0.05976077777777779
v -0.00047222222222222197 0.14702133333333334 0.05793755555555555
v -0.0018431111111111113 0.1446497777777778 0.06338955555555553
v 0.043979888888888895 0.06737444444444445 0.062067999999999984
v 0.046975499999999996 0.0716114 0.0681909
v 0.09098487499999999 -0.004367249999999999 0.0611705
v 0.09394549999999999 -0.0021879999999999994 0.0717472
v 0.137582 -0.078412125 0.06356087499999999
v 0.13875144444444446 -0.07561211111111112 0.07142055555555556
v -0.04334933333333333 0.2736271111111111 0.018660555555555555
v 0.003249222222222221 0.1995808888888889 0.021050777777777776
v 0.048311 0.12324266666666667 0.022496888888888886
v 0.0967149 0.04973769999999999 0.023198100000000003
v 0.1436841111111111 -0.023344666666666666 0.028207222222222224
v 0.19028188888888892 -0.09738988888888889 0.030597777777777772
v -0.11384844444444446 0.23017466666666664 0.046969444444444446
v -0.06642833333333334 0.15543244444444446 0.04927688888888889
v -0.020382599999999997 0.08032969999999999 0.049117
v 0.026215099999999998 0.006284500000000001 0.051507199999999996
v 0.07318388888888888 -0.06679622222222223 0.05651633333333334
v 0.12029499999999999 -0.14179177777777777 0.058960777777777786
v 0.2103277142857143 -0.18642471428571428 0.08070985714285714
v 0.167617375 -0.21467812499999997 0.06456200000000001
v 0.2350408888888889 -0.1724592222222222 0.033703666666666666
v -0.1900367 0.1303022 0.11566130000000001
v -0.18863275 0.13182075 0.11500212499999998
v -0.14283488888888887 0.05798533333333333 0.11536833333333335
v -0.14212211111111112 0.05632288888888889 0.12156711111111111
v -0.0945657 -0.018302099999999998 0.11992169999999999
v -0.09342777777777776 -0.016650333333333336 0.12169544444444444
v -0.046741899999999996 -0.0904301 0.1215811
v -0.04783944444444445 -0.08967044444444444 0.12415255555555554
v -0.0037305999999999993 -0.1628956 0.1246332
v -0.003341333333333335 -0.1625991111111111 0.12835655555555556
v -0.181098 0.18521122222222222 0.07469533333333334
v -0.13641533333333333 0.11103111111111114 0.07763966666666668
v -0.08981744444444445 0.03698522222222222 0.08003011111111112
v -0.04373455555555556 -0.03891755555555555 0.08294333333333333
v 0.005055777777777777 -0.11182244444444445 0.08449633333333333
v 0.05165366666666667 -0.18586744444444445 0.0868868888888889
v -0.2535125555555556 0.14162333333333332 0.1035588888888889
v -0.20691522222222222 0.0675782222222222 0.105949
v -0.15951622222222225 -0.005098111111111112 0.10783766666666667
v -0.11359199999999998 -0.08156977777777777 0.11091155555555557
v -0.06657125 -0.1534605 0.11639175000000002
v -0.018846333333333336 -0.22932099999999997 0.1151962222222222
v -0.2824724444444444 -0.026789444444444446 0.17117466666666667
v -0.28442033333333333 -0.027592222222222226 0.17646322222222222
v -0.23587333333333335 -0.10083488888888889 0.17356455555555558
v -0.23664666666666667 -0.10349888888888889 0.1803777777777778
v -0.18986333333333338 -0.17718566666666669 0.17659000000000002
v -0.19070322222222225 -0.17804633333333336 0.1801202222222222
v -0.27816444444444444 0.024222222222222218 0.13444444444444445
v -0.23065844444444444 -0.04935077777777777 0.13648800000000003
v -0.18341866666666665 -0.1225961111111111 0.13853733333333335
v -0.13682155555555556 -0.19664155555555554 0.140928
v -0.3486644444444444 -0.019229888888888883 0.16275355555555557
v -0.3020668888888889 -0.09327544444444445 0.165144
v -0.25456111111111107 -0.16684888888888885 0.16718766666666665
v -0.2073202222222222 -0.24009444444444444 0.169237
v 0.20495077777777776 0.014366555555555556 -0.033396111111111106
v 0.039452571428571434 0.22093985714285713 0.005292142857142856
v 0.0634168 0.23406910000000006 -0.0425075
v -0.006760250000000001 0.19357725 -0.010394625
v -0.07839922222222222 0.095071 0.053021777777777786
v -0.08069977777777779 0.09308155555555556 0.06011633333333333
v -0.03348022222222222 0.022724333333333332 0.05552500000000001
v -0.03226455555555555 0.018903555555555562 0.06204466666666667
v 0.0122969 -0.052474599999999996 0.060539899999999994
v 0.015419333333333332 -0.05359011111111111 0.06233611111111111
v -0.07553399999999999 0.1486331111111111 0.016164333333333336
v -0.029488300000000002 0.07353019999999999 0.016004700000000004
v 0.0171095 -0.0005145999999999994 0.018395
v 0.06604544444444443 -0.07362188888888889 0.02103122222222222
v -0.14552111111111113 0.10423166666666667 0.04452755555555556
v -0.0989231111111111 0.03018622222222222 0.04691766666666667
v -0.05284 -0.04571688888888889 0.0498308888888889
v -0.004049666666666666 -0.11862155555555555 0.05138433333333333
v -0.17561122222222222 -0.06493588888888889 0.11260966666666666
v -0.173585875 -0.0687975 0.11698687499999999
v -0.16862155555555558 -0.011897111111111112 0.07472555555555555
v -0.12269755555555556 -0.08836899999999999 0.07779911111111111
v -0.23976400000000003 -0.05614977777777777 0.10337544444444444
v -0.19252444444444444 -0.12939533333333333 0.10542522222222223
v 0.02553375 -0.09846925 0.0243395
v 0.025533499999999997 -0.09846949999999999 0.02433925
v 0.029070333333333337 -0.096304 0.022841666666666666
v -0.06863066666666667 -0.10517866666666668 0.050069
v 0.07235799999999999 -0.01829566666666667 -0.006541999999999999
v -0.002741391304347827 -0.12259895652173915 0.03686817391304348
v 0.11894066666666665 -0.09232666666666667 -0.004150666666666667
v 0.0796655 -0.04457174999999999 -0.0016135000000000001
v 0.0982895 -0.0741725 -0.0006569999999999998
v -0.021065 -0.024423749999999998 0.021949250000000003
v -0.02106525 -0.0244235 0.021949249999999997
v -0.017527333333333332 -0.022259 0.02045166666666667
v -0.11522766666666667 -0.031132333333333335 0.047678
v 0.025761333333333334 0.055750333333333325 -0.008932999999999998
v -0.04933847826086956 -0.04855413043478261 0.03447786956521739
v 0.07234033333333334 -0.018281333333333333 -0.00654
v 0.03306675 0.029474249999999997 -0.00400375
v 0.051692249999999995 -0.00012774999999999983 -0.00304725
v -0.067662 0.0496225 0.0195585
v -0.06766225 0.04962275000000001 0.01955875
v -0.064124 0.05178566666666667 0.018060666666666666
v -0.16182833333333335 0.042913 0.045288999999999996
v -0.02083933333333333 0.129796 -0.011322
v -0.09593660869565217 0.025491782608695647 0.032087608695652185
v 0.02574333333333333 0.055765 -0.008931
v -0.013531000000000001 0.10351925000000001 -0.006394
v 0.0050945 0.07391775 -0.0054375
v -0.1142605 0.12366775 0.0171685
v -0.11426025000000001 0.12366674999999999 0.01716875
v -0.11072199999999999 0.12583200000000003 0.015670666666666666
v -0.20842433333333332 0.116956 0.042898
v -0.06743533333333333 0.20383866666666664 -0.013712666666666666
v -0.14253391304347823 0.09953708695652175 0.029697043478260868
v -0.020853333333333335 0.1298113333333333 -0.011321666666666667
v -0.06012825 0.17756475 -0.00878425
v -0.04150275 0.14796274999999998 -0.00782775
v -0.20866275 -0.037284750000000005 0.0761775
v -0.20866099999999999 -0.037284 0.07617725
v -0.2051253333333333 -0.035118666666666666 0.07468
v -0.30282566666666666 -0.04399333333333333 0.10190666666666666
v -0.16183666666666666 0.042889666666666666 0.045296
v -0.2369363913043478 -0.06141386956521738 0.088706
v -0.11525733333333332 -0.031142 0.047688
v -0.15453025 0.0166135 0.050224500000000005
v -0.13590549999999998 -0.012987750000000001 0.051181250000000005
v -0.16206425 -0.11133024999999999 0.07856775
v -0.1620645 -0.1113285 0.07856775
v -0.15852633333333332 -0.10916366666666666 0.07706966666666666
v -0.25622866666666666 -0.11803933333333334 0.10429700000000001
v -0.11523966666666667 -0.031156666666666666 0.04768633333333333
v -0.19033817391304347 -0.13545865217391304 0.091096
v -0.06865766666666667 -0.10518399999999999 0.050077333333333335
v -0.1079325 -0.057432000000000004 0.052614749999999995
v -0.08930725 -0.08703224999999999 0.05357125
v 0.16739199999999999 0.25031166666666665 -0.0387195
v 0.25973683333333336 0.09790183333333335 -0.033224666666666666
v 0.3537871666666667 -0.047101833333333336 -0.0235665
v 0.2721045 -0.098767125 -0.032596
v 0.27314514285714286 -0.10037085714285712 -0.03680714285714286
v 0.136699125 0.124330125 -0.042768875
v 0.1342434285714286 0.12200014285714285 -0.044271571428571424
v 0.340743 -0.21348399999999995 -0.04325922222222221
v 0.3404569 -0.21281 -0.043365799999999996
v 0.34613025000000003 -0.2085735 -0.0227343125
v 0.3357657777777778 -0.2156258888888889 -0.059154888888888896
v 0.06304131249999999 -0.1791858125 -0.006415187499999999
v 0.12157575 -0.19454931249999996 -0.019356875
v 0.09237155555555555 -0.16131833333333334 -0.04038888888888889
v 0.1386457 -0.23621879999999998 -0.0406527
v 0.023191125 -0.20428487499999998 -0.008893875
v -0.1245561875 -0.19204581250000002 0.0478130625
v -0.066021125 -0.20740912500000003 0.03487125
v -0.093817125 -0.17223562499999998 0.014634499999999998
v -0.04673928571428571 -0.2515302857142857 0.017641714285714285
v -0.16683775000000003 -0.216868125 0.043879249999999995
v -0.25241525000000004 0.0887701875 0.025311187500000002
v -0.264437625 0.030040062499999996 0.0406766875
v -0.23534850000000002 0.047099 0.004017
v -0.30571777777777775 0.004343111111111112 0.03506577777777778
v -0.283343 0.12283624999999998 0.00616325
v -0.3538101111111111 -0.06863333333333334 -0.05653677777777778
v -0.3493805 -0.06726725 -0.057771249999999996
v -0.3208403333333333 -0.1384077777777778 -0.09733844444444445
v -0.3214746666666667 -0.14205855555555555 -0.0959118888888889
v -0.29348840000000004 -0.2117127 -0.1334553
v -0.2925215 -0.21378225 -0.13802712500000003
v -0.34032442857142853 -0.005994857142857143 -0.06966828571428572
v -0.3106444285714286 -0.07920514285714285 -0.11228899999999999
v -0.284276125 -0.14820725 -0.14856437499999997
v -0.2557776666666667 -0.22215655555555555 -0.18984455555555557
v -0.4143021428571429 -0.046380571428571424 -0.040851000000000005
v -0.38460485714285714 -0.11961542857142857 -0.08118657142857143
v -0.35665266666666673 -0.19207266666666664 -0.12303488888888887
v -0.3243328571428572 -0.2655547142857143 -0.1585814285714286
v -0.12195922222222223 -0.19742533333333334 -0.234196
v -0.12169555555555557 -0.19832988888888886 -0.23091833333333334
v -0.15139211111111112 -0.12696333333333334 -0.1937161111111111
v -0.1533165 -0.124995125 -0.19102162500000003
v -0.17918211111111113 -0.05238244444444444 -0.1544957777777778
v -0.1818422222222222 -0.05306866666666668 -0.15068499999999999
v -0.21136166666666667 0.019191888888888887 -0.11360688888888888
v -0.21121655555555557 0.01673522222222222 -0.11256366666666667
v -0.23952622222222222 0.0925578888888889 -0.07453611111111111
v -0.23841162500000002 0.0930295 -0.07627387499999999
v -0.05444344444444444 -0.15731577777777778 -0.2601577777777778
v -0.05063433333333333 -0.15502200000000005 -0.25784766666666664
v -0.08634322222222221 -0.0831332222222222 -0.22173722222222225
v -0.0820935 -0.082960125 -0.22045975
v -0.11073622222222222 -0.010408444444444444 -0.18198433333333333
v -0.10811744444444445 -0.012954222222222221 -0.1804678888888889
v -0.14162133333333332 0.059773444444444435 -0.14228633333333335
v -0.140146625 0.062181749999999994 -0.138026125
v -0.1676103 0.1336397 -0.10189060000000001
v -0.16962477777777776 0.1362182222222222 -0.098515
v 0.01741477777777778 -0.11145244444444444 -0.2884676666666667
v 0.017815499999999998 -0.112316625 -0.286137125
v -0.013265333333333334 -0.042202222222222224 -0.2491747777777778
v -0.01309775 -0.038769750000000006 -0.25133975000000003
v -0.04113066666666667 0.03511499999999999 -0.20907166666666666
v -0.03776999999999999 0.032645999999999994 -0.2071771
v -0.06817755555555555 0.10867633333333332 -0.1705995555555556
v -0.06687633333333333 0.10341855555555556 -0.1691421111111111
v -0.09897244444444446 0.17555733333333332 -0.13196599999999997
v -0.09701433333333334 0.1752577777777778 -0.12772511111111112
v -0.15590211111111107 -0.24801700000000004 -0.25848400000000005
v -0.18492888888888892 -0.17798355555555553 -0.2180426666666667
v -0.21118485714285715 -0.10358157142857143 -0.17835714285714288
v -0.24107314285714285 -0.030974857142857137 -0.13582142857142857
v -0.27437233333333333 0.03953622222222222 -0.09874399999999998
v -0.2997452222222223 0.11453033333333335 -0.0607808888888889
v -0.08469244444444445 -0.205454 -0.28553833333333334
v -0.11575488888888888 -0.13462544444444446 -0.2474412222222222
v -0.14233975 -0.06306975 -0.20827587500000003
v -0.17112162500000003 0.0107815 -0.16894274999999997
v -0.19948624999999998 0.0851215 -0.12943525
v -0.22843885714285714 0.15335957142857143 -0.08681528571428572
v -0.014167142857142856 -0.16762728571428573 -0.31141800000000003
v -0.044513374999999994 -0.089036875 -0.273890625
v -0.071995875 -0.018895625000000003 -0.23386312499999998
v -0.102262 0.057171714285714284 -0.19575057142857144
v -0.129105125 0.12614825 -0.15812725
v -0.160653375 0.19694375 -0.11575412499999999
v 0.056387571428571426 -0.12426328571428573 -0.33972571428571424
v 0.021618 -0.047713624999999996 -0.30470375
v -0.001625750000000001 0.023829624999999997 -0.262257875
v -0.031322666666666665 0.09518933333333332 -0.22889155555555554
v -0.06132885714285714 0.16809114285714286 -0.183225
v -0.09123657142857143 0.2390978571428571 -0.14411142857142858
f 1 2 3
f 3 2 4
f 5 4 2
f 5 6 4
f 5 7 6
f 6 7 8
f 9 8 7
f 9 10 8
f 11 12 13
f 14 11 13
f 15 12 16
f 13 12 15
f 16 17 18
f 15 16 18
f 9 17 10
f 18 17 9
f 19 3 20
f 19 1 3
f 21 20 22
f 21 19 20
f 23 22 24
f 23 21 22
f 25 24 26
f 25 23 24
f 27 11 14
f 27 28 11
f 27 29 28
f 29 30 28
f 31 30 29
f 31 32 30
f 31 25 32
f 25 26 32
f 3 4 6
f 3 6 33
f 33 16 11
f 16 12 11
f 3 33 22
f 3 22 20
f 30 11 28
f 33 11 30
f 6 10 33
f 8 10 6
f 10 17 16
f 10 16 33
f 22 26 24
f 22 33 26
f 33 30 26
f 26 30 32
f 1 34 5
f 1 5 2
f 15 14 13
f 34 14 15
f 1 19 21
f 1 21 34
f 34 29 14
f 29 27 14
f 7 5 9
f 5 34 9
f 9 34 15
f 9 15 18
f 21 25 34
f 21 23 25
f 25 31 29
f 34 25 29
f 35 36 37
f 35 37 38
f 37 39 40
f 37 40 38
f 41 38 40
f 35 38 41
f 35 41 42
f 35 42 36
f 42 39 36
f 36 39 37
f 40 39 43
f 44 40 43
f 44 41 40
f 45 41 44
f 45 42 41
f 45 46 42
f 42 46 39
f 39 46 43
f 47 49 48
f 47 50 49
f 49 44 43
f 49 50 44
f 45 44 50
f 47 45 50
f 47 46 45
f 47 48 46
f 46 48 43
f 48 49 43
f 51 52 53
f 54 55 53
f 54 56 55
f 57 56 54
f 58 57 54
f 58 54 52
f 52 54 53
f 59 60 61
f 60 62 61
f 62 60 63
f 64 63 65
f 66 65 67
f 66 64 65
f 68 66 67
f 68 67 69
f 69 70 71
f 71 70 72
f 71 72 73
f 73 72 74
f 59 61 74
f 75 61 62
f 75 62 63
f 64 75 63
f 66 75 64
f 68 75 66
f 68 69 75
f 69 71 75
f 71 73 75
f 75 73 74
f 75 74 61
f 76 77 78
f 76 78 79
f 80 77 81
f 78 77 80
f 82 81 83
f 80 81 82
f 84 83 85
f 84 82 83
f 86 84 85
f 86 85 87
f 87 88 89
f 89 88 90
f 89 90 91
f 90 76 79
f 90 79 91
f 92 79 78
f 92 78 80
f 82 92 80
f 84 92 82
f 86 92 84
f 86 87 92
f 87 89 92
f 89 91 92
f 92 91 79
f 93 94 95
f 96 94 93
f 97 98 99
f 100 98 97
f 101 103 102
f 104 103 101
f 105 97 102
f 105 102 103
f 105 106 97
f 107 100 106
f 105 107 106
f 108 109 100
f 108 100 107
f 110 111 109
f 110 109 108
f 112 93 111
f 110 112 111
f 112 113 93
f 114 96 113
f 114 113 112
f 96 104 101
f 114 104 96
f 115 116 117
f 118 115 117
f 116 119 120
f 117 116 120
f 121 119 122
f 121 120 119
f 123 122 124
f 123 121 122
f 125 124 126
f 123 124 125
f 127 126 128
f 125 126 127
f 129 128 130
f 129 127 128
f 131 130 132
f 131 129 130
f 133 132 134
f 133 131 132
f 135 134 136
f 135 133 134
f 137 136 138
f 135 136 137
f 139 138 140
f 137 138 139
f 141 140 142
f 141 139 140
f 143 142 144
f 143 141 142
f 144 145 146
f 143 144 146
f 145 115 118
f 146 145 118
f 125 107 105
f 125 105 123
f 127 107 125
f 129 108 107
f 129 107 127
f 131 108 129
f 133 110 108
f 131 133 108
f 133 135 110
f 110 137 112
f 135 137 110
f 137 139 112
f 112 141 114
f 112 139 141
f 114 141 143
f 114 146 104
f 114 143 146
f 104 146 118
f 103 104 117
f 104 118 117
f 103 117 120
f 105 103 121
f 121 103 120
f 123 105 121
f 109 111 147
f 111 93 147
f 148 96 101
f 148 101 102
f 148 102 97
f 109 147 100
f 138 95 140
f 126 124 98
f 122 99 124
f 142 140 94
f 95 149 147
f 149 150 147
f 147 151 98
f 147 150 151
f 148 99 152
f 148 152 153
f 94 148 154
f 154 148 153
f 95 94 140
f 98 124 99
f 93 113 96
f 100 97 106
f 155 134 132
f 136 134 155
f 95 136 155
f 136 95 138
f 155 132 156
f 155 156 149
f 155 149 95
f 156 150 149
f 132 130 157
f 130 128 157
f 128 98 157
f 126 98 128
f 132 157 156
f 156 157 151
f 98 151 157
f 156 151 150
f 115 158 116
f 116 158 119
f 119 158 99
f 122 119 99
f 115 159 158
f 159 152 158
f 99 158 152
f 153 152 159
f 160 115 145
f 144 160 145
f 94 160 144
f 144 142 94
f 160 159 115
f 154 159 160
f 154 160 94
f 153 159 154
f 93 95 147
f 147 98 100
f 148 97 99
f 96 148 94
f 161 162 163
f 164 165 161
f 161 165 162
f 166 165 164
f 167 164 168
f 167 166 164
f 169 168 170
f 169 167 168
f 171 169 170
f 172 173 170
f 170 173 171
f 174 175 172
f 172 175 173
f 174 176 175
f 174 177 178
f 174 178 176
f 178 177 179
f 177 180 181
f 179 177 181
f 180 182 183
f 181 180 183
f 183 182 184
f 182 185 186
f 182 186 184
f 185 161 163
f 185 163 186
f 187 189 188
f 189 190 188
f 191 187 192
f 187 188 192
f 193 194 191
f 193 191 192
f 195 196 194
f 195 194 193
f 197 198 196
f 197 196 195
f 199 200 198
f 199 198 197
f 201 200 202
f 200 199 202
f 203 201 204
f 201 202 204
f 203 206 205
f 203 204 206
f 205 208 207
f 205 206 208
f 207 210 209
f 208 210 207
f 209 212 211
f 210 212 209
f 211 214 213
f 212 214 211
f 213 216 215
f 214 216 213
f 215 218 217
f 215 216 218
f 217 190 189
f 217 218 190
f 190 220 219
f 221 195 222
f 223 224 195
f 223 195 221
f 224 223 225
f 226 227 212
f 212 229 228
f 227 229 212
f 228 229 230
f 230 220 190
f 231 232 233
f 231 233 234
f 234 233 235
f 234 235 236
f 161 236 235
f 161 189 236
f 231 237 232
f 237 238 232
f 237 239 238
f 239 172 238
f 201 172 239
f 201 174 172
f 201 203 174
f 240 242 241
f 240 241 243
f 244 240 243
f 244 243 245
f 185 244 245
f 185 245 217
f 161 185 217
f 161 217 189
f 242 246 241
f 247 246 242
f 247 248 246
f 248 247 174
f 203 248 174
f 196 231 234
f 196 234 194
f 194 234 191
f 234 236 191
f 236 187 191
f 236 189 187
f 198 231 196
f 237 231 198
f 200 237 198
f 239 237 200
f 239 200 201
f 211 243 241
f 211 213 243
f 213 215 243
f 243 215 245
f 245 215 217
f 209 211 241
f 246 209 241
f 207 209 246
f 248 207 246
f 248 205 207
f 248 203 205
f 168 233 232
f 168 164 233
f 233 164 235
f 235 164 161
f 170 168 232
f 238 170 232
f 238 172 170
f 180 242 240
f 180 240 182
f 240 244 182
f 244 185 182
f 177 242 180
f 247 242 177
f 247 177 174
f 224 197 195
f 224 199 197
f 199 225 202
f 224 225 199
f 202 225 204
f 204 249 206
f 225 249 204
f 206 249 208
f 208 226 210
f 208 249 226
f 210 226 212
f 214 212 228
f 216 214 228
f 218 216 230
f 230 216 228
f 190 218 230
f 219 188 190
f 219 192 188
f 222 193 192
f 222 192 219
f 195 193 222
f 162 250 163
f 165 251 250
f 165 250 162
f 166 251 165
f 252 251 167
f 167 251 166
f 253 252 169
f 169 252 167
f 171 253 169
f 173 254 253
f 173 253 171
f 175 255 254
f 175 254 173
f 175 176 255
f 178 256 255
f 176 178 255
f 256 178 179
f 256 181 257
f 256 179 181
f 257 183 258
f 257 181 183
f 258 183 184
f 186 259 258
f 184 186 258
f 163 250 259
f 186 163 259
f 260 261 262
f 260 263 261
f 264 262 265
f 264 260 262
f 266 267 265
f 267 264 265
f 268 269 266
f 269 267 266
f 270 271 268
f 271 269 268
f 272 273 270
f 273 271 270
f 274 272 275
f 274 273 272
f 276 275 277
f 276 274 275
f 278 277 279
f 276 277 278
f 280 279 281
f 278 279 280
f 281 282 283
f 281 283 280
f 282 284 285
f 282 285 283
f 284 286 287
f 284 287 285
f 286 288 289
f 286 289 287
f 290 288 291
f 289 288 290
f 263 291 261
f 290 291 263
f 219 220 292
f 267 222 292
f 222 219 292
f 221 222 267
f 225 223 293
f 249 293 294
f 225 293 249
f 294 283 226
f 294 226 249
f 283 227 226
f 230 229 290
f 230 290 220
f 295 297 296
f 297 298 296
f 297 299 298
f 298 299 250
f 250 299 261
f 295 296 300
f 295 300 301
f 301 300 302
f 301 302 303
f 303 302 254
f 303 254 275
f 275 254 255
f 275 255 277
f 304 305 306
f 307 305 304
f 307 308 305
f 307 259 308
f 259 291 308
f 250 291 259
f 250 261 291
f 309 304 306
f 309 306 310
f 311 309 310
f 311 310 312
f 312 255 311
f 312 277 255
f 295 268 297
f 268 266 297
f 266 265 297
f 265 299 297
f 265 262 299
f 262 261 299
f 270 268 295
f 301 270 295
f 272 270 301
f 272 301 303
f 275 272 303
f 284 306 286
f 306 305 286
f 286 305 288
f 288 305 308
f 288 308 291
f 310 306 284
f 282 310 284
f 281 310 282
f 281 312 310
f 279 312 281
f 277 312 279
f 252 296 251
f 251 296 298
f 251 298 250
f 300 296 252
f 253 300 252
f 253 302 300
f 254 302 253
f 257 258 304
f 258 307 304
f 258 259 307
f 309 257 304
f 256 257 309
f 256 309 311
f 255 256 311
f 223 269 271
f 221 269 223
f 223 271 273
f 273 274 293
f 223 273 293
f 274 276 293
f 276 278 294
f 293 276 294
f 278 280 294
f 280 283 294
f 283 285 227
f 287 229 285
f 285 229 227
f 289 229 287
f 290 229 289
f 263 220 290
f 292 263 260
f 292 220 263
f 292 260 264
f 267 292 264
f 221 267 269
f 313 314 315
f 313 316 317
f 313 317 314
f 316 318 317
f 316 319 320
f 316 320 318
f 319 321 320
f 322 323 319
f 319 323 321
f 324 323 322
f 325 322 326
f 325 324 322
f 327 325 326
f 328 326 329
f 328 327 326
f 330 328 329
f 331 329 332
f 331 330 329
f 331 332 333
f 334 332 335
f 333 332 334
f 334 335 336
f 335 313 315
f 336 335 315
f 333 338 337
f 333 337 331
f 334 338 333
f 339 338 336
f 338 334 336
f 339 336 315
f 340 339 314
f 339 315 314
f 340 314 317
f 340 318 341
f 340 317 318
f 341 318 320
f 341 321 342
f 341 320 321
f 342 321 323
f 343 342 324
f 342 323 324
f 343 324 325
f 344 343 327
f 343 325 327
f 344 327 328
f 330 337 344
f 330 344 328
f 331 337 330
f 345 319 316
f 346 345 316
f 346 316 313
f 346 313 347
f 348 313 335
f 347 313 348
f 335 332 349
f 335 349 348
f 332 350 349
f 332 329 350
f 329 351 350
f 351 329 326
f 351 326 352
f 353 326 322
f 352 326 353
f 354 322 319
f 354 353 322
f 345 354 319
f 349 350 355
f 355 357 356
f 355 356 349
f 358 348 357
f 348 356 357
f 358 359 347
f 358 347 348
f 345 361 360
f 362 361 363
f 361 345 363
f 346 359 362
f 346 362 363
f 359 346 347
f 355 350 364
f 365 364 366
f 364 350 366
f 365 351 367
f 365 366 351
f 367 351 352
f 345 360 354
f 360 369 368
f 360 368 354
f 369 370 353
f 368 369 353
f 370 367 352
f 370 352 353
f 371 372 373
f 371 373 374
f 374 375 371
f 376 375 374
f 376 377 375
f 378 377 376
f 378 379 377
f 378 380 379
f 380 381 379
f 380 382 381
f 382 383 381
f 384 383 382
f 384 385 383
f 386 385 384
f 372 385 386
f 372 386 373
f 374 373 387
f 388 376 387
f 387 376 374
f 388 378 376
f 388 389 380
f 388 380 378
f 389 382 380
f 390 384 389
f 389 384 382
f 390 386 384
f 373 390 387
f 373 386 390
f 391 393 392
f 394 395 393
f 394 393 391
f 395 394 396
f 397 395 398
f 395 396 398
f 397 398 399
f 400 397 401
f 397 399 401
f 400 401 402
f 400 404 403
f 400 402 404
f 403 404 405
f 403 407 406
f 403 405 407
f 406 407 408
f 409 406 410
f 406 408 410
f 409 410 411
f 412 409 413
f 409 411 413
f 414 412 413
f 392 393 412
f 392 412 414
f 388 397 400
f 388 403 389
f 388 400 403
f 389 403 406
f 409 390 389
f 409 389 406
f 412 390 409
f 393 387 390
f 393 390 412
f 393 395 387
f 387 397 388
f 395 397 387
f 415 339 416
f 417 338 339
f 417 339 415
f 418 338 417
f 419 337 338
f 419 338 418
f 419 420 337
f 337 421 344
f 420 421 337
f 421 422 344
f 344 423 343
f 422 423 344
f 343 423 424
f 343 425 342
f 343 424 425
f 342 425 426
f 342 427 341
f 342 426 427
f 341 427 428
f 340 341 429
f 429 341 428
f 430 340 429
f 416 339 340
f 416 340 430
f 358 375 359
f 358 371 375
f 355 371 358
f 355 372 371
f 355 364 372
f 364 385 372
f 364 367 385
f 385 367 383
f 383 367 370
f 383 370 381
f 381 370 360
f 381 360 379
f 379 360 361
f 377 379 361
f 359 377 361
f 359 375 377
f 431 404 402
f 431 432 404
f 433 402 401
f 433 431 402
f 399 434 401
f 401 434 433
f 398 435 399
f 399 435 434
f 396 436 398
f 398 436 435
f 394 437 396
f 396 437 436
f 394 391 438
f 437 394 438
f 391 392 439
f 438 391 439
f 392 414 440
f 392 440 439
f 414 413 441
f 414 441 440
f 411 442 413
f 413 442 441
f 410 443 411
f 411 443 442
f 408 444 410
f 410 444 443
f 407 445 408
f 408 445 444
f 405 446 407
f 446 445 407
f 432 405 404
f 432 446 405
f 443 424 423
f 443 444 424
f 444 425 424
f 444 445 425
f 426 425 445
f 446 426 445
f 427 426 446
f 432 427 446
f 428 427 432
f 428 432 431
f 429 428 431
f 429 431 433
f 433 430 429
f 433 434 430
f 434 416 430
f 434 435 416
f 435 415 416
f 435 436 415
f 436 417 415
f 436 437 417
f 417 437 418
f 437 438 418
f 418 438 419
f 438 439 419
f 419 439 420
f 439 440 420
f 440 421 420
f 440 441 421
f 441 422 421
f 441 442 422
f 442 423 422
f 442 443 423
f 355 358 357
f 362 359 361
f 364 365 367
f 369 360 370
f 349 356 348
f 363 345 346
f 350 351 366
f 368 353 354
f 447 448 449
f 450 448 447
f 451 452 453
f 454 452 451
f 455 457 456
f 458 457 455
f 459 451 456
f 459 456 457
f 459 460 451
f 461 454 460
f 459 461 460
f 462 463 454
f 462 454 461
f 464 465 463
f 464 463 462
f 466 447 465
f 464 466 465
f 466 467 447
f 468 450 467
f 468 467 466
f 450 458 455
f 468 458 450
f 469 470 471
f 472 469 471
f 470 473 474
f 471 470 474
f 475 473 476
f 475 474 473
f 477 476 478
f 477 475 476
f 479 478 480
f 477 478 479
f 481 480 482
f 479 480 481
f 483 482 484
f 483 481 482
f 485 484 486
f 485 483 484
f 487 486 488
f 487 485 486
f 489 488 490
f 489 487 488
f 491 490 492
f 489 490 491
f 493 492 494
f 491 492 493
f 495 494 496
f 495 493 494
f 497 496 498
f 497 495 496
f 498 499 500
f 497 498 500
f 499 469 472
f 500 499 472
f 479 461 459
f 479 459 477
f 481 461 479
f 483 462 461
f 483 461 481
f 485 462 483
f 487 464 462
f 485 487 462
f 487 489 464
f 464 491 466
f 489 491 464
f 491 493 466
f 466 495 468
f 466 493 495
f 468 495 497
f 468 500 458
f 468 497 500
f 458 500 472
f 457 458 471
f 458 472 471
f 457 471 474
f 459 457 475
f 475 457 474
f 477 459 475
f 463 465 501
f 465 447 501
f 502 450 455
f 502 455 456
f 502 456 451
f 463 501 454
f 492 449 494
f 480 478 452
f 476 453 478
f 496 494 448
f 449 503 501
f 503 504 501
f 501 505 452
f 501 504 505
f 502 453 506
f 502 506 507
f 448 502 508
f 508 502 507
f 449 448 494
f 452 478 453
f 447 467 450
f 454 451 460
f 509 488 486
f 490 488 509
f 449 490 509
f 490 449 492
f 509 486 510
f 509 510 503
f 509 503 449
f 510 504 503
f 486 484 511
f 484 482 511
f 482 452 511
f 480 452 482
f 486 511 510
f 510 511 505
f 452 505 511
f 510 505 504
f 469 512 470
f 470 512 473
f 473 512 453
f 476 473 453
f 469 513 512
f 513 506 512
f 453 512 506
f 507 506 513
f 514 469 499
f 498 514 499
f 448 514 498
f 498 496 448
f 514 513 469
f 508 513 514
f 508 514 448
f 507 513 508
f 447 449 501
f 501 452 454
f 502 451 453
f 450 502 448
f 515 516 517
f 518 519 515
f 515 519 516
f 520 519 518
f 521 518 522
f 521 520 518
f 523 522 524
f 523 521 522
f 525 523 524
f 526 527 524
f 524 527 525
f 528 529 526
f 526 529 527
f 528 530 529
f 528 531 532
f 528 532 530
f 532 531 533
f 531 534 535
f 533 531 535
f 534 536 537
f 535 534 537
f 537 536 538
f 536 539 540
f 536 540 538
f 539 515 517
f 539 517 540
f 541 543 542
f 543 544 542
f 545 541 546
f 541 542 546
f 547 548 545
f 547 545 546
f 549 550 548
f 549 548 547
f 551 552 550
f 551 550 549
f 553 554 552
f 553 552 551
f 555 554 556
f 554 553 556
f 557 555 558
f 555 556 558
f 557 560 559
f 557 558 560
f 559 562 561
f 559 560 562
f 561 564 563
f 562 564 561
f 563 566 565
f 564 566 563
f 565 568 567
f 566 568 565
f 567 570 569
f 568 570 567
f 569 572 571
f 569 570 572
f 571 544 543
f 571 572 544
f 544 574 573
f 575 549 576
f 577 578 549
f 577 549 575
f 578 577 579
f 580 581 566
f 566 583 582
f 581 583 566
f 582 583 584
f 584 574 544
f 585 586 587
f 585 587 588
f 588 587 589
f 588 589 590
f 515 590 589
f 515 543 590
f 585 591 586
f 591 592 586
f 591 593 592
f 593 526 592
f 555 526 593
f 555 528 526
f 555 557 528
f 594 596 595
f 597 594 595
f 597 595 598
f 539 597 598
f 539 598 571
f 515 539 571
f 515 571 543
f 599 596 594
f 599 600 596
f 601 600 599
f 601 602 600
f 602 601 528
f 557 602 528
f 550 585 548
f 585 588 548
f 548 588 545
f 588 590 545
f 590 541 545
f 590 543 541
f 591 585 550
f 552 591 550
f 554 591 552
f 593 591 554
f 593 554 555
f 565 567 596
f 596 567 595
f 567 569 595
f 595 569 598
f 598 569 571
f 600 565 596
f 563 565 600
f 561 563 600
f 602 561 600
f 602 559 561
f 602 557 559
f 522 587 586
f 522 518 587
f 587 518 589
f 589 518 515
f 524 522 586
f 592 524 586
f 592 526 524
f 534 594 536
f 594 597 536
f 597 539 536
f 599 594 534
f 531 599 534
f 601 599 531
f 601 531 528
f 578 551 549
f 578 553 551
f 553 579 556
f 578 579 553
f 556 579 558
f 558 603 560
f 579 603 558
f 560 603 562
f 562 580 564
f 562 603 580
f 564 580 566
f 568 566 582
f 570 568 582
f 572 570 584
f 584 570 582
f 544 572 584
f 573 542 544
f 573 546 542
f 576 547 546
f 576 546 573
f 549 547 576
f 516 604 517
f 519 605 604
f 519 604 516
f 520 605 519
f 606 605 521
f 521 605 520
f 607 606 523
f 523 606 521
f 525 607 523
f 527 608 607
f 527 607 525
f 529 609 608
f 529 608 527
f 529 530 609
f 532 610 609
f 530 532 609
f 610 532 533
f 610 535 611
f 610 533 535
f 611 537 612
f 611 535 537
f 612 537 538
f 540 613 612
f 538 540 612
f 517 604 613
f 540 517 613
f 614 615 616
f 614 617 615
f 618 616 619
f 618 614 616
f 620 621 619
f 621 618 619
f 622 623 620
f 623 621 620
f 624 625 622
f 625 623 622
f 626 627 624
f 627 625 624
f 628 626 629
f 628 627 626
f 630 629 631
f 630 628 629
f 632 631 633
f 630 631 632
f 634 633 635
f 632 633 634
f 635 636 637
f 635 637 634
f 636 638 639
f 636 639 637
f 638 640 641
f 638 641 639
f 640 642 643
f 640 643 641
f 644 642 645
f 643 642 644
f 617 645 615
f 644 645 617
f 573 574 646
f 621 576 646
f 576 573 646
f 575 576 621
f 579 577 647
f 603 647 648
f 579 647 603
f 648 637 580
f 648 580 603
f 637 581 580
f 584 583 644
f 584 644 574
f 649 651 650
f 651 652 650
f 651 653 652
f 652 653 604
f 604 653 615
f 649 650 654
f 649 654 655
f 655 654 656
f 655 656 657
f 657 656 608
f 657 608 629
f 629 608 609
f 629 609 631
f 658 659 660
f 658 661 659
f 662 661 658
f 662 663 661
f 662 613 663
f 613 645 663
f 604 645 613
f 604 615 645
f 660 659 664
f 665 660 664
f 665 664 666
f 666 609 665
f 666 631 609
f 622 620 649
f 649 620 651
f 620 619 651
f 619 653 651
f 619 616 653
f 616 615 653
f 655 622 649
f 624 622 655
f 626 624 655
f 626 655 657
f 629 626 657
f 638 659 640
f 659 661 640
f 640 661 642
f 642 661 663
f 642 663 645
f 664 659 638
f 636 664 638
f 635 664 636
f 635 666 664
f 633 666 635
f 631 666 633
f 606 650 605
f 605 650 652
f 605 652 604
f 654 650 606
f 607 654 606
f 607 656 654
f 608 656 607
f 660 611 658
f 611 612 658
f 612 662 658
f 612 613 662
f 610 611 660
f 610 660 665
f 609 610 665
f 577 623 625
f 575 623 577
f 577 625 627
f 627 628 647
f 577 627 647
f 628 630 647
f 630 632 648
f 647 630 648
f 632 634 648
f 634 637 648
f 637 639 581
f 641 583 639
f 639 583 581
f 643 583 641
f 644 583 643
f 617 574 644
f 646 617 614
f 646 574 617
f 646 614 618
f 621 646 618
f 575 621 623
f 667 668 669
f 667 670 671
f 667 671 668
f 670 672 671
f 670 673 674
f 670 674 672
f 673 675 674
f 673 676 675
f 677 678 676
f 679 678 677
f 680 677 681
f 680 679 677
f 682 680 681
f 683 682 681
f 684 683 685
f 684 685 686
f 687 685 688
f 686 685 687
f 687 688 689
f 688 667 669
f 689 688 669
f 686 691 690
f 686 690 684
f 687 691 686
f 692 691 689
f 691 687 689
f 692 689 669
f 693 692 668
f 692 669 668
f 693 668 671
f 693 672 694
f 693 671 672
f 694 672 674
f 694 675 695
f 694 674 675
f 695 675 676
f 696 695 678
f 695 676 678
f 696 678 679
f 697 696 680
f 696 679 680
f 697 680 682
f 683 690 697
f 683 697 682
f 684 690 683
f 698 673 670
f 699 698 670
f 699 670 667
f 699 667 700
f 701 667 688
f 700 667 701
f 688 685 702
f 688 702 701
f 685 703 702
f 685 683 703
f 683 681 704
f 683 704 703
f 705 681 677
f 704 681 705
f 705 677 706
f 706 677 676
f 707 676 673
f 707 706 676
f 698 707 673
f 702 703 708
f 708 710 709
f 708 709 702
f 711 701 710
f 701 709 710
f 711 712 700
f 711 700 701
f 698 714 713
f 715 714 716
f 714 698 716
f 699 712 715
f 699 715 716
f 712 699 700
f 708 703 717
f 718 717 719
f 717 703 719
f 718 704 720
f 718 719 704
f 720 704 705
f 698 713 707
f 713 722 721
f 713 721 707
f 722 723 706
f 721 722 706
f 723 720 705
f 723 705 706
f 724 725 726
f 724 726 727
f 727 728 724
f 729 728 727
f 729 730 728
f 731 730 729
f 731 732 730
f 731 733 732
f 733 734 732
f 733 735 734
f 735 736 734
f 737 736 735
f 737 738 736
f 739 738 737
f 725 738 739
f 725 739 726
f 727 726 740
f 741 727 740
f 741 729 727
f 741 731 729
f 741 742 731
f 742 733 731
f 742 743 735
f 742 735 733
f 744 737 743
f 743 737 735
f 745 739 744
f 744 739 737
f 726 745 740
f 726 739 745
f 746 748 747
f 749 750 748
f 749 748 746
f 750 749 751
f 752 750 753
f 750 751 753
f 752 753 754
f 755 752 756
f 752 754 756
f 755 756 757
f 755 758 742
f 755 757 758
f 742 758 759
f 742 760 743
f 742 759 760
f 761 743 762
f 743 760 762
f 761 762 763
f 744 761 764
f 761 763 764
f 745 744 765
f 744 764 765
f 766 745 765
f 747 748 745
f 747 745 766
f 741 752 755
f 741 755 742
f 761 744 743
f 748 740 745
f 748 750 740
f 740 750 741
f 750 752 741
f 767 692 768
f 769 691 692
f 769 692 767
f 770 691 769
f 771 690 691
f 771 691 770
f 771 772 690
f 690 773 697
f 772 773 690
f 773 774 697
f 697 775 696
f 774 775 697
f 696 775 776
f 696 777 695
f 696 776 777
f 695 777 778
f 695 779 694
f 695 778 779
f 694 779 780
f 693 694 781
f 781 694 780
f 782 693 781
f 768 692 693
f 768 693 782
f 711 728 712
f 711 724 728
f 708 724 711
f 708 725 724
f 708 717 725
f 717 738 725
f 717 720 738
f 738 720 736
f 736 720 723
f 736 723 734
f 734 723 713
f 734 713 732
f 732 713 714
f 730 732 714
f 712 730 714
f 712 728 730
f 783 758 757
f 783 784 758
f 785 757 756
f 785 783 757
f 754 786 756
f 756 786 785
f 753 787 754
f 754 787 786
f 751 788 753
f 753 788 787
f 749 789 751
f 751 789 788
f 749 746 790
f 789 749 790
f 746 747 791
f 790 746 791
f 747 766 792
f 747 792 791
f 766 765 793
f 766 793 792
f 764 794 765
f 765 794 793
f 763 795 764
f 764 795 794
f 762 796 763
f 763 796 795
f 760 797 762
f 762 797 796
f 759 798 760
f 798 797 760
f 784 759 758
f 784 798 759
f 795 776 775
f 795 796 776
f 796 777 776
f 796 797 777
f 778 777 797
f 798 778 797
f 779 778 798
f 784 779 798
f 780 779 784
f 780 784 783
f 781 780 783
f 781 783 785
f 785 782 781
f 785 786 782
f 786 768 782
f 786 787 768
f 787 767 768
f 787 788 767
f 788 769 767
f 788 789 769
f 769 789 770
f 789 790 770
f 770 790 771
f 790 791 771
f 771 791 772
f 791 792 772
f 792 773 772
f 792 793 773
f 793 774 773
f 793 794 774
f 794 775 774
f 794 795 775
f 708 711 710
f 715 712 714
f 717 718 720
f 722 713 723
f 702 709 701
f 716 698 699
f 703 704 719
f 721 706 707
f 799 800 801
f 802 800 799
f 803 804 805
f 806 804 803
f 807 809 808
f 810 809 807
f 811 803 808
f 811 808 809
f 811 812 803
f 813 806 812
f 811 813 812
f 814 815 806
f 814 806 813
f 816 817 815
f 816 815 814
f 818 799 817
f 816 818 817
f 818 819 799
f 820 802 819
f 820 819 818
f 802 810 807
f 820 810 802
f 821 822 823
f 824 821 823
f 822 825 826
f 823 822 826
f 827 825 828
f 827 826 825
f 829 828 830
f 829 827 828
f 831 830 832
f 829 830 831
f 833 832 834
f 831 832 833
f 835 834 836
f 835 833 834
f 837 836 838
f 837 835 836
f 839 838 840
f 839 837 838
f 841 840 842
f 841 839 840
f 843 842 844
f 841 842 843
f 845 844 846
f 843 844 845
f 847 846 848
f 847 845 846
f 849 848 850
f 849 847 848
f 850 851 852
f 849 850 852
f 851 821 824
f 852 851 824
f 831 813 811
f 831 811 829
f 833 813 831
f 835 814 813
f 835 813 833
f 837 814 835
f 839 816 814
f 837 839 814
f 839 841 816
f 816 843 818
f 841 843 816
f 843 845 818
f 818 847 820
f 818 845 847
f 820 847 849
f 820 852 810
f 820 849 852
f 810 852 824
f 809 810 823
f 810 824 823
f 809 823 826
f 811 809 827
f 827 809 826
f 829 811 827
f 815 817 853
f 817 799 853
f 854 802 807
f 854 807 808
f 854 808 803
f 815 853 806
f 844 801 846
f 832 830 804
f 828 805 830
f 848 846 800
f 801 855 853
f 855 856 853
f 853 857 804
f 853 856 857
f 854 805 858
f 854 858 859
f 800 854 860
f 860 854 859
f 801 800 846
f 804 830 805
f 799 819 802
f 806 803 812
f 861 840 838
f 842 840 861
f 801 842 861
f 842 801 844
f 861 838 862
f 861 862 855
f 861 855 801
f 862 856 855
f 838 836 863
f 836 834 863
f 834 804 863
f 832 804 834
f 838 863 862
f 862 863 857
f 804 857 863
f 862 857 856
f 821 864 822
f 822 864 825
f 825 864 805
f 828 825 805
f 821 865 864
f 865 858 864
f 805 864 858
f 859 858 865
f 866 821 851
f 850 866 851
f 800 866 850
f 850 848 800
f 866 865 821
f 860 865 866
f 860 866 800
f 859 865 860
f 799 801 853
f 853 804 806
f 854 803 805
f 802 854 800
f 867 868 869
f 870 871 867
f 867 871 868
f 872 871 870
f 873 870 874
f 873 872 870
f 875 874 876
f 875 873 874
f 877 875 876
f 878 879 876
f 876 879 877
f 880 881 878
f 878 881 879
f 880 882 881
f 880 883 884
f 880 884 882
f 884 883 885
f 883 886 887
f 885 883 887
f 886 888 889
f 887 886 889
f 889 888 890
f 888 891 892
f 888 892 890
f 891 867 869
f 891 869 892
f 893 895 894
f 895 896 894
f 897 893 898
f 893 894 898
f 899 900 897
f 899 897 898
f 901 902 900
f 901 900 899
f 903 904 902
f 903 902 901
f 905 906 904
f 905 904 903
f 907 906 908
f 906 905 908
f 909 907 910
f 907 908 910
f 909 912 911
f 909 910 912
f 911 914 913
f 911 912 914
f 913 916 915
f 914 916 913
f 915 918 917
f 916 918 915
f 917 920 919
f 918 920 917
f 919 922 921
f 920 922 919
f 921 924 923
f 921 922 924
f 923 896 895
f 923 924 896
f 896 926 925
f 927 901 928
f 929 930 901
f 929 901 927
f 930 929 931
f 932 933 918
f 918 935 934
f 933 935 918
f 934 935 936
f 936 926 896
f 937 938 939
f 939 938 940
f 939 940 941
f 867 941 940
f 867 895 941
f 937 942 938
f 937 943 942
f 943 944 942
f 943 945 944
f 945 878 944
f 907 878 945
f 907 880 878
f 907 909 880
f 946 948 947
f 946 947 949
f 950 946 949
f 950 949 951
f 891 950 951
f 891 951 923
f 867 891 923
f 867 923 895
f 948 952 947
f 953 952 948
f 953 954 952
f 954 953 880
f 909 954 880
f 902 937 900
f 937 939 900
f 900 939 897
f 939 941 897
f 941 893 897
f 941 895 893
f 943 937 902
f 904 943 902
f 906 943 904
f 945 943 906
f 945 906 907
f 917 919 947
f 947 919 949
f 919 921 949
f 949 921 951
f 951 921 923
f 952 917 947
f 915 917 952
f 913 915 952
f 954 913 952
f 954 911 913
f 954 909 911
f 874 870 938
f 938 870 940
f 940 870 867
f 942 874 938
f 876 874 942
f 944 876 942
f 944 878 876
f 886 948 946
f 886 946 888
f 946 950 888
f 950 891 888
f 883 948 886
f 953 948 883
f 953 883 880
f 930 903 901
f 930 905 903
f 905 931 908
f 930 931 905
f 908 931 910
f 910 955 912
f 931 955 910
f 912 955 914
f 914 932 916
f 914 955 932
f 916 932 918
f 920 918 934
f 922 920 934
f 924 922 936
f 936 922 934
f 896 924 936
f 925 894 896
f 925 898 894
f 928 899 898
f 928 898 925
f 901 899 928
f 868 956 869
f 871 957 956
f 871 956 868
f 872 957 871
f 958 957 873
f 873 957 872
f 959 958 875
f 875 958 873
f 877 959 875
f 879 960 959
f 879 959 877
f 881 961 960
f 881 960 879
f 881 882 961
f 884 962 961
f 882 884 961
f 962 884 885
f 962 887 963
f 962 885 887
f 963 889 964
f 963 887 889
f 964 889 890
f 892 965 964
f 890 892 964
f 869 956 965
f 892 869 965
f 966 967 968
f 966 969 967
f 970 968 971
f 970 966 968
f 972 973 971
f 973 970 971
f 974 975 972
f 975 973 972
f 976 977 974
f 977 975 974
f 978 979 976
f 979 977 976
f 980 978 981
f 980 979 978
f 982 981 983
f 982 980 981
f 984 983 985
f 982 983 984
f 986 985 987
f 984 985 986
f 987 988 989
f 987 989 986
f 988 990 991
f 988 991 989
f 990 992 993
f 990 993 991
f 992 994 995
f 992 995 993
f 996 994 997
f 995 994 996
f 969 997 967
f 996 997 969
f 925 926 998
f 973 928 998
f 928 925 998
f 927 928 973
f 931 929 999
f 955 999 1000
f 931 999 955
f 1000 989 932
f 1000 932 955
f 989 933 932
f 936 935 996
f 936 996 926
f 1001 1003 1002
f 1001 1004 1003
f 1004 1005 1003
f 1004 1006 1005
f 1005 1006 956
f 956 1006 967
f 1001 1002 1007
f 1007 1002 1008
f 1007 1008 1009
f 1009 1008 960
f 1009 960 981
f 981 960 961
f 981 961 983
f 1010 1011 1012
f 1013 1011 1010
f 1013 1014 1011
f 1013 965 1014
f 965 997 1014
f 956 997 965
f 956 967 997
f 1015 1010 1012
f 1015 1012 1016
f 1017 1015 1016
f 1017 1016 1018
f 1018 961 1017
f 1018 983 961
f 1001 974 1004
f 974 972 1004
f 972 971 1004
f 971 1006 1004
f 971 968 1006
f 968 967 1006
f 976 974 1001
f 1007 976 1001
f 978 976 1007
f 978 1007 1009
f 981 978 1009
f 1012 1011 990
f 990 1011 992
f 992 1011 994
f 994 1011 1014
f 994 1014 997
f 988 1012 990
f 1016 1012 988
f 987 1016 988
f 987 1018 1016
f 985 1018 987
f 983 1018 985
f 1002 1003 958
f 958 1003 957
f 957 1003 1005
f 957 1005 956
f 959 1002 958
f 959 1008 1002
f 960 1008 959
f 963 964 1010
f 964 1013 1010
f 964 965 1013
f 1015 963 1010
f 962 963 1015
f 962 1015 1017
f 961 962 1017
f 929 975 977
f 927 975 929
f 929 977 979
f 979 980 999
f 929 979 999
f 980 982 999
f 982 984 1000
f 999 982 1000
f 984 986 1000
f 986 989 1000
f 989 991 933
f 993 935 991
f 991 935 933
f 995 935 993
f 996 935 995
f 969 926 996
f 998 969 966
f 998 926 969
f 998 966 970
f 973 998 970
f 927 973 975
f 1019 1020 1021
f 1019 1021 1022
f 1020 1023 1021
f 1020 1024 1023
f 1024 1025 1026
f 1025 1027 1026
f 1025 1028 1027
f 1029 1030 1028
f 1031 1030 1029
f 1032 1029 1033
f 1032 1031 1029
f 1034 1032 1033
f 1035 1034 1033
f 1036 1035 1037
f 1036 1037 1038
f 1038 1037 1039
f 1039 1019 1040
f 1040 1019 1022
f 1038 1042 1041
f 1038 1041 1036
f 1039 1042 1038
f 1043 1042 1040
f 1042 1039 1040
f 1043 1040 1022
f 1044 1043 1021
f 1043 1022 1021
f 1044 1021 1023
f 1044 1024 1045
f 1044 1023 1024
f 1045 1024 1026
f 1045 1027 1046
f 1045 1026 1027
f 1046 1027 1028
f 1047 1046 1030
f 1046 1028 1030
f 1047 1030 1031
f 1048 1047 1032
f 1047 1031 1032
f 1048 1032 1034
f 1035 1041 1048
f 1035 1048 1034
f 1036 1041 1035
f 1049 1025 1024
f 1050 1024 1020
f 1050 1049 1024
f 1051 1020 1019
f 1050 1020 1051
f 1051 1019 1052
f 1052 1019 1039
f 1039 1037 1053
f 1039 1053 1052
f 1037 1054 1053
f 1037 1035 1054
f 1035 1033 1055
f 1035 1055 1054
f 1056 1033 1029
f 1055 1033 1056
f 1056 1029 1057
f 1057 1029 1028
f 1058 1028 1025
f 1058 1057 1028
f 1049 1058 1025
f 1053 1054 1059
f 1059 1061 1060
f 1059 1060 1053
f 1062 1052 1061
f 1052 1060 1061
f 1062 1063 1051
f 1062 1051 1052
f 1049 1065 1064
f 1066 1065 1067
f 1065 1049 1067
f 1050 1063 1066
f 1050 1066 1067
f 1063 1050 1051
f 1059 1054 1068
f 1069 1068 1070
f 1068 1054 1070
f 1069 1055 1071
f 1069 1070 1055
f 1071 1055 1056
f 1049 1064 1058
f 1064 1073 1072
f 1064 1072 1058
f 1073 1074 1057
f 1072 1073 1057
f 1074 1071 1056
f 1074 1056 1057
f 1075 1076 1077
f 1075 1077 1078
f 1078 1079 1075
f 1080 1079 1078
f 1080 1081 1079
f 1082 1081 1080
f 1082 1083 1081
f 1082 1084 1083
f 1084 1085 1083
f 1084 1086 1085
f 1086 1087 1085
f 1088 1087 1086
f 1088 1089 1087
f 1090 1089 1088
f 1076 1089 1090
f 1076 1090 1077
f 1078 1077 1091
f 1092 1078 1091
f 1092 1080 1078
f 1093 1080 1092
f 1093 1082 1080
f 1093 1094 1084
f 1093 1084 1082
f 1094 1086 1084
f 1095 1086 1094
f 1095 1088 1086
f 1096 1088 1095
f 1096 1090 1088
f 1077 1096 1091
f 1077 1090 1096
f 1097 1099 1098
f 1100 1101 1099
f 1100 1099 1097
f 1101 1100 1102
f 1092 1101 1103
f 1101 1102 1103
f 1092 1103 1104
f 1093 1092 1105
f 1092 1104 1105
f 1093 1105 1106
f 1093 1108 1107
f 1093 1106 1108
f 1107 1108 1109
f 1107 1111 1110
f 1107 1109 1111
f 1110 1111 1112
f 1095 1110 1113
f 1110 1112 1113
f 1095 1113 1114
f 1096 1095 1115
f 1095 1114 1115
f 1116 1096 1115
f 1098 1099 1096
f 1098 1096 1116
f 1093 1107 1094
f 1094 1107 1110
f 1095 1094 1110
f 1099 1091 1096
f 1099 1101 1091
f 1091 1101 1092
f 1117 1043 1118
f 1119 1042 1043
f 1119 1043 1117
f 1120 1042 1119
f 1121 1041 1042
f 1121 1042 1120
f 1121 1122 1041
f 1041 1123 1048
f 1122 1123 1041
f 1123 1124 1048
f 1048 1125 1047
f 1124 1125 1048
f 1047 1125 1126
f 1047 1127 1046
f 1047 1126 1127
f 1046 1127 1128
f 1046 1129 1045
f 1046 1128 1129
f 1045 1129 1130
f 1044 1045 1131
f 1131 1045 1130
f 1132 1044 1131
f 1118 1043 1044
f 1118 1044 1132
f 1062 1079 1063
f 1062 1075 1079
f 1059 1075 1062
f 1059 1076 1075
f 1059 1068 1076
f 1068 1089 1076
f 1068 1071 1089
f 1089 1071 1087
f 1087 1071 1074
f 1087 1074 1085
f 1085 1074 1064
f 1085 1064 1083
f 1083 1064 1065
f 1081 1083 1065
f 1063 1081 1065
f 1063 1079 1081
f 1133 1108 1106
f 1133 1134 1108
f 1135 1106 1105
f 1135 1133 1106
f 1104 1136 1105
f 1105 1136 1135
f 1103 1137 1104
f 1104 1137 1136
f 1102 1138 1103
f 1103 1138 1137
f 1100 1139 1102
f 1102 1139 1138
f 1100 1097 1140
f 1139 1100 1140
f 1097 1098 1141
f 1140 1097 1141
f 1098 1116 1142
f 1098 1142 1141
f 1116 1115 1143
f 1116 1143 1142
f 1114 1144 1115
f 1115 1144 1143
f 1113 1145 1114
f 1114 1145 1144
f 1112 1146 1113
f 1113 1146 1145
f 1111 1147 1112
f 1112 1147 1146
f 1109 1148 1111
f 1148 1147 1111
f 1134 1109 1108
f 1134 1148 1109
f 1145 1126 1125
f 1145 1146 1126
f 1146 1127 1126
f 1146 1147 1127
f 1128 1127 1147
f 1148 1128 1147
f 1129 1128 1148
f 1134 1129 1148
f 1130 1129 1134
f 1130 1134 1133
f 1131 1130 1133
f 1131 1133 1135
f 1135 1132 1131
f 1135 1136 1132
f 1136 1118 1132
f 1136 1137 1118
f 1137 1117 1118
f 1137 1138 1117
f 1138 1119 1117
f 1138 1139 1119
f 1119 1139 1120
f 1139 1140 1120
f 1120 1140 1121
f 1140 1141 1121
f 1121 1141 1122
f 1141 1142 1122
f 1142 1123 1122
f 1142 1143 1123
f 1143 1124 1123
f 1143 1144 1124
f 1144 1125 1124
f 1144 1145 1125
f 1059 1062 1061
f 1066 1063 1065
f 1068 1069 1071
f 1073 1064 1074
f 1053 1060 1052
f 1067 1049 1050
f 1054 1055 1070
f 1072 1057 1058
f 1149 1150 1151
f 1150 1152 1151
f 1153 1150 1154
f 1152 1150 1153
f 1152 1153 1155
f 1152 1155 1151
f 1151 1155 1156
f 1151 1156 1149
f 1154 1149 1156
f 1150 1149 1154
f 1157 1153 1154
f 1157 1158 1153
f 1156 1155 1159
f 1160 1156 1159
f 1160 1154 1156
f 1160 1157 1154
f 1155 1153 1158
f 1155 1158 1159
f 1161 1163 1162
f 1162 1163 1164
f 1158 1157 1162
f 1164 1158 1162
f 1164 1159 1158
f 1164 1163 1159
f 1163 1160 1159
f 1163 1161 1160
f 1157 1160 1161
f 1162 1157 1161
f 1165 1166 1167
f 1168 1165 1167
f 1168 1167 1169
f 1170 1168 1169
f 1171 1170 1172
f 1172 1173 1174
f 1171 1172 1174
f 1173 1175 1176
f 1174 1173 1176
f 1177 1175 1178
f 1176 1175 1177
f 1177 1178 1179
f 1180 1179 1181
f 1165 1181 1166
f 1165 1180 1181
f 1182 1166 1183
f 1184 1182 1183
f 1184 1185 1182
f 1186 1185 1184
f 1186 1187 1185
f 1188 1187 1186
f 1188 1189 1187
f 1188 1190 1189
f 1190 1175 1189
f 1190 1191 1175
f 1183 1166 1192
f 1167 1166 1182
f 1182 1185 1169
f 1167 1182 1169
f 1169 1185 1170
f 1185 1187 1172
f 1185 1172 1170
f 1187 1189 1173
f 1187 1173 1172
f 1189 1175 1173
f 1178 1175 1191
f 1178 1191 1193
f 1179 1178 1193
f 1181 1193 1192
f 1181 1179 1193
f 1166 1181 1192
f 1194 1195 1196
f 1197 1194 1198
f 1199 1198 1200
f 1199 1197 1198
f 1201 1199 1200
f 1200 1202 1201
f 1201 1202 1203
f 1202 1204 1203
f 1203 1204 1205
f 1205 1204 1206
f 1206 1207 1208
f 1208 1207 1196
f 1195 1208 1196
f 1195 1194 1209
f 1194 1197 1209
f 1197 1199 1209
f 1209 1199 1201
f 1209 1201 1203
f 1209 1203 1205
f 1206 1209 1205
f 1208 1209 1206
f 1195 1209 1208
f 1210 1211 1212
f 1210 1213 1211
f 1214 1212 1215
f 1214 1210 1212
f 1216 1215 1217
f 1216 1214 1215
f 1216 1217 1218
f 1217 1219 1218
f 1219 1220 1221
f 1221 1220 1222
f 1223 1222 1224
f 1225 1224 1211
f 1225 1223 1224
f 1213 1225 1211
f 1213 1210 1226
f 1210 1214 1226
f 1226 1214 1216
f 1226 1216 1218
f 1226 1218 1219
f 1226 1219 1221
f 1222 1226 1221
f 1223 1226 1222
f 1225 1226 1223
f 1213 1226 1225
f 1227 1228 1229
f 1230 1229 1231
f 1230 1227 1229
f 1232 1231 1233
f 1232 1230 1231
f 1234 1232 1233
f 1234 1235 1236
f 1235 1237 1238
f 1236 1235 1238
f 1238 1237 1239
f 1239 1237 1240
f 1241 1240 1242
f 1228 1242 1229
f 1228 1241 1242
f 1228 1227 1243
f 1227 1230 1243
f 1230 1232 1243
f 1243 1232 1234
f 1243 1234 1236
f 1243 1236 1238
f 1243 1238 1239
f 1240 1243 1239
f 1241 1243 1240
f 1228 1243 1241
f 1244 1245 1246
f 1247 1244 1246
f 1247 1246 1248
f 1249 1248 1250
f 1249 1250 1251
f 1251 1252 1253
f 1252 1254 1253
f 1254 1255 1256
f 1257 1255 1258
f 1256 1255 1257
f 1259 1258 1245
f 1259 1257 1258
f 1244 1259 1245
f 1244 1247 1260
f 1247 1248 1260
f 1260 1248 1249
f 1260 1249 1251
f 1260 1251 1253
f 1260 1253 1254
f 1260 1254 1256
f 1257 1260 1256
f 1259 1260 1257
f 1244 1260 1259
f 1261 1262 1263
f 1261 1264 1262
f 1265 1261 1266
f 1264 1261 1265
f 1264 1265 1267
f 1264 1267 1262
f 1267 1268 1262
f 1262 1268 1263
f 1263 1268 1266
f 1263 1266 1261
f 1269 1265 1266
f 1270 1269 1266
f 1268 1267 1271
f 1267 1272 1271
f 1270 1266 1268
f 1270 1268 1271
f 1265 1272 1267
f 1269 1272 1265
f 1273 1275 1274
f 1273 1274 1276
f 1269 1270 1273
f 1276 1269 1273
f 1276 1272 1269
f 1276 1274 1272
f 1272 1274 1271
f 1274 1275 1271
f 1275 1270 1271
f 1275 1273 1270
f 1277 1278 1279
f 1277 1280 1278
f 1277 1281 1282
f 1277 1282 1280
f 1282 1283 1280
f 1280 1283 1278
f 1278 1283 1284
f 1278 1284 1279
f 1281 1279 1284
f 1277 1279 1281
f 1285 1287 1286
f 1285 1286 1288
f 1285 1290 1289
f 1285 1288 1290
f 1290 1288 1291
f 1288 1286 1291
f 1286 1292 1291
f 1286 1287 1292
f 1289 1292 1287
f 1285 1289 1287
f 1293 1289 1290
f 1293 1290 1294
f 1291 1294 1290
f 1291 1295 1294
f 1292 1295 1291
f 1296 1295 1292
f 1296 1292 1289
f 1296 1289 1293
f 1297 1293 1294
f 1297 1294 1298
f 1294 1295 1298
f 1298 1295 1299
f 1299 1295 1296
f 1299 1296 1300
f 1293 1300 1296
f 1297 1300 1293
f 1281 1297 1298
f 1281 1298 1282
f 1299 1282 1298
f 1299 1283 1282
f 1300 1283 1299
f 1284 1283 1300
f 1284 1300 1297
f 1284 1297 1281
f 1301 1302 1303
f 1302 1304 1303
f 1304 1305 1303
f 1304 1306 1305
f 1304 1307 1306
f 1308 1307 1304
f 1302 1308 1304
f 1309 1310 1311
f 1311 1310 1312
f 1313 1314 1315
f 1314 1309 1315
f 1314 1310 1309
f 1314 1312 1310
f 1316 1312 1314
f 1313 1316 1314
f 1317 1318 1319
f 1321 1323 1322
f 1322 1323 1324
f 1324 1323 1318
f 1318 1325 1319
f 1325 1320 1319
f 1325 1321 1320
f 1325 1323 1321
f 1318 1323 1325
f 1326 1327 1328
f 1329 1330 1331
f 1332 1333 1327
f 1327 1333 1328
f 1333 1330 1328
f 1333 1331 1330
f 1332 1331 1333
f 1337 1338 1339
f 1335 1342 1336
f 1336 1342 1337
f 1342 1338 1337
f 1342 1340 1338
f 1341 1340 1342
f 1335 1341 1342
f 1346 1343 1345
f 1346 1345 1347
f 1346 1347 1348
f 1347 1349 1348
f 1344 1351 1345
f 1345 1351 1347
f 1351 1349 1347
f 1351 1352 1349
f 1350 1352 1351
f 1344 1350 1351
f 1353 1354 1355
f 1353 1355 1356
f 1356 1357 1358
f 1357 1359 1358
f 1359 1357 1360
f 1359 1360 1361
f 1354 1361 1360
f 1354 1362 1355
f 1355 1362 1356
f 1362 1357 1356
f 1362 1360 1357
f 1354 1360 1362
f 1363 1364 1365
f 1363 1366 1364
f 1363 1367 1368
f 1363 1368 1366
f 1368 1369 1366
f 1366 1369 1364
f 1364 1369 1370
f 1364 1370 1365
f 1367 1365 1370
f 1363 1365 1367
f 1371 1368 1367
f 1371 1372 1368
f 1369 1368 1372
f 1369 1372 1373
f 1370 1369 1373
f 1374 1370 1373
f 1374 1367 1370
f 1374 1371 1367
f 1375 1377 1376
f 1375 1376 1378
f 1375 1372 1371
f 1375 1378 1372
f 1372 1378 1373
f 1378 1376 1373
f 1376 1374 1373
f 1376 1377 1374
f 1371 1374 1377
f 1375 1371 1377
f 1379 1380 1381
f 1380 1382 1381
f 1380 1383 1382
f 1380 1384 1383
f 1380 1385 1384
f 1386 1385 1380
f 1379 1386 1380
f 1387 1388 1389
f 1390 1391 1392
f 1391 1393 1392
f 1391 1394 1393
f 1391 1388 1394
f 1389 1388 1391
f 1390 1389 1391
f 1395 1396 1397
f 1398 1399 1400
f 1401 1402 1396
f 1396 1402 1397
f 1402 1399 1397
f 1402 1400 1399
f 1401 1400 1402
f 1403 1404 1405
f 1406 1407 1404
f 1407 1405 1404
f 1407 1408 1405
f 1407 1409 1408
f 1410 1409 1407
f 1406 1410 1407
f 1411 1412 1413
f 1414 1415 1416
f 1416 1415 1411
f 1415 1412 1411
f 1415 1417 1412
f 1418 1417 1415
f 1414 1418 1415
f 1419 1420 1421
f 1422 1421 1423
f 1419 1421 1422
f 1424 1423 1425
f 1422 1423 1424
f 1425 1426 1427
f 1425 1427 1424
f 1426 1428 1429
f 1426 1429 1427
f 1430 1428 1431
f 1429 1428 1430
f 1430 1431 1432
f 1433 1432 1434
f 1420 1433 1434
f 1420 1419 1435
f 1419 1422 1435
f 1422 1424 1435
f 1435 1424 1427
f 1435 1427 1429
f 1435 1429 1430
f 1432 1435 1430
f 1433 1435 1432
f 1420 1435 1433
f 1436 1310 1437
f 1438 1437 1439
f 1436 1437 1438
f 1440 1439 1441
f 1438 1439 1440
f 1441 1317 1440
f 1441 1318 1317
f 1318 1442 1443
f 1444 1442 1445
f 1443 1442 1444
f 1444 1445 1446
f 1447 1446 1448
f 1311 1447 1448
f 1311 1436 1449
f 1436 1438 1449
f 1438 1440 1449
f 1449 1440 1317
f 1449 1317 1443
f 1449 1443 1444
f 1446 1449 1444
f 1447 1449 1446
f 1311 1449 1447
f 1450 1321 1451
f 1452 1451 1453
f 1454 1453 1455
f 1452 1453 1454
f 1455 1456 1457
f 1455 1457 1454
f 1456 1458 1459
f 1456 1459 1457
f 1460 1458 1461
f 1459 1458 1460
f 1462 1461 1463
f 1460 1461 1462
f 1322 1463 1321
f 1322 1462 1463
f 1322 1450 1464
f 1450 1451 1464
f 1451 1452 1464
f 1464 1452 1454
f 1464 1454 1457
f 1464 1457 1459
f 1464 1459 1460
f 1462 1464 1460
f 1322 1464 1462
f 1465 1466 1467
f 1465 1468 1466
f 1465 1467 1469
f 1470 1469 1471
f 1472 1471 1473
f 1470 1471 1472
f 1473 1335 1334
f 1473 1334 1472
f 1335 1474 1475
f 1335 1475 1334
f 1476 1474 1477
f 1475 1474 1476
f 1476 1477 1478
f 1468 1478 1466
f 1468 1465 1479
f 1465 1469 1479
f 1469 1470 1479
f 1479 1470 1472
f 1479 1472 1334
f 1479 1334 1475
f 1479 1475 1476
f 1478 1479 1476
f 1468 1479 1478
f 1480 1481 1338
f 1480 1482 1481
f 1483 1484 1482
f 1485 1486 1484
f 1483 1485 1484
f 1486 1343 1344
f 1486 1485 1343
f 1344 1488 1487
f 1344 1343 1488
f 1488 1489 1487
f 1490 1491 1489
f 1339 1338 1491
f 1339 1491 1490
f 1339 1492 1480
f 1480 1492 1482
f 1482 1492 1483
f 1492 1485 1483
f 1492 1343 1485
f 1492 1488 1343
f 1492 1489 1488
f 1490 1489 1492
f 1339 1490 1492
f 1493 1494 1495
f 1493 1496 1494
f 1493 1495 1497
f 1498 1497 1499
f 1500 1499 1501
f 1498 1499 1500
f 1501 1502 1503
f 1501 1503 1500
f 1502 1504 1505
f 1502 1505 1503
f 1505 1504 1506
f 1507 1506 1508
f 1496 1508 1494
f 1496 1507 1508
f 1496 1493 1509
f 1493 1497 1509
f 1497 1498 1509
f 1509 1498 1500
f 1509 1500 1503
f 1509 1503 1505
f 1509 1505 1506
f 1507 1509 1506
f 1496 1509 1507
f 1510 1511 1512
f 1510 1513 1511
f 1510 1514 1515
f 1510 1515 1513
f 1515 1516 1513
f 1513 1516 1511
f 1511 1516 1517
f 1511 1517 1512
f 1514 1512 1517
f 1510 1512 1514
f 1518 1515 1514
f 1518 1519 1515
f 1516 1515 1519
f 1516 1519 1520
f 1517 1516 1520
f 1521 1517 1520
f 1521 1514 1517
f 1521 1518 1514
f 1522 1524 1523
f 1522 1523 1525
f 1522 1519 1518
f 1522 1525 1519
f 1519 1525 1520
f 1525 1523 1520
f 1523 1521 1520
f 1523 1524 1521
f 1518 1521 1524
f 1522 1518 1524
f 1526 1527 1528
f 1526 1528 1529
f 1529 1530 1531
f 1527 1532 1528
f 1532 1529 1528
f 1532 1530 1529
f 1533 1530 1532
f 1534 1533 1532
f 1527 1534 1532
f 1535 1536 1537
f 1538 1539 1540
f 1540 1539 1541
f 1539 1542 1541
f 1539 1536 1542
f 1537 1536 1539
f 1538 1537 1539
f 1543 1544 1545
f 1546 1547 1548
f 1548 1547 1549
f 1547 1550 1549
f 1547 1544 1550
f 1547 1545 1544
f 1546 1545 1547
f 1551 1552 1553
f 1554 1555 1556
f 1556 1555 1551
f 1555 1552 1551
f 1555 1557 1552
f 1558 1557 1555
f 1554 1558 1555
f 1559 1560 1561
f 1562 1563 1564
f 1564 1563 1559
f 1563 1560 1559
f 1563 1565 1560
f 1566 1565 1563
f 1562 1566 1563
f 1567 1568 1569
f 1570 1569 1571
f 1567 1569 1570
f 1572 1571 1573
f 1570 1571 1572
f 1573 1574 1575
f 1573 1575 1572
f 1574 1576 1577
f 1574 1577 1575
f 1578 1576 1579
f 1577 1576 1578
f 1578 1579 1580
f 1581 1580 1582
f 1568 1581 1582
f 1568 1567 1583
f 1567 1570 1583
f 1570 1572 1583
f 1583 1572 1575
f 1583 1575 1577
f 1583 1577 1578
f 1580 1583 1578
f 1581 1583 1580
f 1568 1583 1581
f 1584 1585 1586
f 1587 1586 1588
f 1584 1586 1587
f 1587 1588 1589
f 1589 1588 1590
f 1589 1590 1591
f 1590 1592 1591
f 1592 1593 1594
f 1595 1593 1596
f 1594 1593 1595
f 1595 1596 1597
f 1598 1597 1599
f 1585 1598 1599
f 1585 1584 1600
f 1584 1587 1600
f 1587 1589 1600
f 1600 1589 1591
f 1600 1591 1592
f 1600 1592 1594
f 1600 1594 1595
f 1597 1600 1595
f 1598 1600 1597
f 1585 1600 1598
f 1601 1602 1603
f 1601 1604 1602
f 1601 1603 1605
f 1606 1605 1607
f 1608 1607 1609
f 1606 1607 1608
f 1609 1610 1611
f 1609 1611 1608
f 1610 1612 1613
f 1610 1613 1611
f 1614 1612 1615
f 1613 1612 1614
f 1614 1615 1616
f 1604 1616 1602
f 1604 1601 1617
f 1601 1605 1617
f 1605 1606 1617
f 1617 1606 1608
f 1617 1608 1611
f 1617 1611 1613
f 1617 1613 1614
f 1616 1617 1614
f 1604 1617 1616
f 1618 1619 1620
f 1618 1621 1619
f 1622 1620 1623
f 1618 1620 1622
f 1624 1623 1625
f 1622 1623 1624
f 1625 1626 1627
f 1625 1627 1624
f 1626 1628 1627
f 1628 1629 1630
f 1630 1629 1631
f 1632 1631 1633
f 1621 1633 1619
f 1621 1632 1633
f 1621 1618 1634
f 1618 1622 1634
f 1622 1624 1634
f 1634 1624 1627
f 1634 1627 1628
f 1634 1628 1630
f 1634 1630 1631
f 1632 1634 1631
f 1621 1634 1632
f 1635 1636 1637
f 1635 1638 1636
f 1635 1637 1639
f 1640 1639 1641
f 1642 1641 1643
f 1640 1641 1642
f 1643 1644 1645
f 1643 1645 1642
f 1644 1646 1647
f 1644 1647 1645
f 1647 1646 1648
f 1649 1648 1650
f 1638 1650 1636
f 1638 1649 1650
f 1638 1635 1651
f 1635 1639 1651
f 1639 1640 1651
f 1651 1640 1642
f 1651 1642 1645
f 1651 1645 1647
f 1651 1647 1648
f 1649 1651 1648
f 1638 1651 1649
f 1652 1653 1654
f 1652 1655 1653
f 1656 1654 1657
f 1652 1654 1656
f 1656 1657 1658
f 1659 1658 1660
f 1660 1661 1662
f 1660 1662 1659
f 1661 1663 1664
f 1661 1664 1662
f 1664 1663 1665
f 1666 1665 1667
f 1655 1667 1653
f 1655 1666 1667
f 1655 1652 1668
f 1652 1656 1668
f 1656 1658 1668
f 1668 1658 1659
f 1668 1659 1662
f 1668 1662 1664
f 1668 1664 1665
f 1666 1668 1665
f 1655 1668 1666
f 1669 1670 1671
f 1669 1672 1670
f 1673 1672 1669
f 1674 1672 1673
f 1675 1671 1676
f 1676 1671 1670
f 1677 1678 1679
f 1677 1679 1680
f 1681 1682 1679
f 1679 1682 1680
f 1680 1682 1683
f 1680 1683 1677
f 1684 1677 1683
f 1678 1677 1684
f 1678 1684 1681
f 1678 1681 1679
f 1682 1681 1676
f 1682 1676 1670
f 1683 1682 1670
f 1672 1683 1670
f 1672 1684 1683
f 1672 1674 1684
f 1674 1681 1684
f 1674 1676 1681
f 1669 1671 1673
f 1673 1671 1675
f 1685 1686 1687
f 1685 1688 1686
f 1685 1687 1689
f 1689 1690 1685
f 1691 1692 1693
f 1694 1695 1696
f 1694 1697 1695
f 1694 1696 1698
f 1698 1699 1694
f 1700 1701 1702
f 1702 1703 1700
f 1704 1705 1706
f 1704 1707 1705
f 1704 1706 1708
f 1708 1709 1704
f 1686 1674 1673
f 1686 1673 1689
f 1709 1675 1707
f 1707 1675 1676
f 1690 1710 1688
f 1688 1710 1691
f 1695 1693 1711
f 1695 1711 1698
f 1699 1702 1697
f 1697 1702 1712
f 1705 1713 1703
f 1705 1703 1708
f 1695 1697 1712
f 1693 1695 1712
f 1711 1702 1698
f 1698 1702 1699
f 1686 1688 1691
f 1674 1686 1691
f 1673 1710 1689
f 1689 1710 1690
f 1713 1707 1676
f 1713 1705 1707
f 1703 1709 1708
f 1703 1675 1709
f 1691 1713 1676
f 1674 1691 1676
f 1673 1675 1710
f 1710 1675 1703
f 1685 1690 1688
f 1694 1699 1697
f 1704 1709 1707
f 1714 1715 1716
f 1715 1717 1716
f 1717 1715 1718
f 1719 1718 1720
f 1719 1720 1721
f 1722 1719 1721
f 1716 1721 1714
f 1722 1721 1716
f 1723 1715 1714
f 1723 1718 1715
f 1720 1718 1723
f 1721 1720 1723
f 1721 1723 1714
f 1724 1725 1726
f 1726 1727 1728
f 1727 1729 1728
f 1727 1730 1729
f 1730 1731 1729
f 1731 1730 1732
f 1733 1732 1734
f 1735 1733 1734
f 1736 1735 1734
f 1736 1725 1724
f 1737 1738 1739
f 1724 1726 1740
f 1740 1726 1728
f 1741 1728 1729
f 1739 1729 1731
f 1739 1741 1729
f 1732 1739 1731
f 1733 1737 1732
f 1737 1739 1732
f 1735 1737 1733
f 1735 1742 1737
f 1735 1736 1742
f 1736 1724 1742
f 1724 1740 1742
f 1743 1744 1745
f 1744 1743 1746
f 1744 1746 1747
f 1747 1746 1748
f 1747 1748 1749
f 1750 1749 1748
f 1751 1752 1753
f 1753 1752 1754
f 1754 1752 1745
f 1755 1754 1745
f 1755 1745 1744
f 1756 1755 1744
f 1747 1756 1744
f 1757 1756 1747
f 1749 1757 1747
f 1750 1758 1749
f 1749 1758 1757
f 1750 1759 1760
f 1750 1760 1758
f 1759 1751 1753
f 1759 1753 1760
f 1761 1762 1763
f 1761 1763 1764
f 1765 1762 1766
f 1766 1762 1761
f 1767 1764 1763
f 1768 1764 1767
f 1769 1770 1771
f 1769 1771 1772
f 1773 1774 1771
f 1771 1774 1772
f 1772 1774 1775
f 1772 1775 1769
f 1776 1769 1775
f 1770 1769 1776
f 1770 1776 1773
f 1770 1773 1771
f 1774 1773 1767
f 1774 1767 1763
f 1775 1774 1763
f 1762 1775 1763
f 1762 1776 1775
f 1762 1765 1776
f 1765 1773 1776
f 1765 1767 1773
f 1761 1764 1766
f 1766 1764 1768
f 1777 1778 1779
f 1780 1778 1781
f 1780 1779 1778
f 1781 1782 1780
f 1783 1782 1781
f 1784 1785 1786
f 1784 1787 1785
f 1784 1786 1788
f 1788 1789 1784
f 1790 1791 1792
f 1793 1794 1795
f 1793 1796 1794
f 1793 1795 1797
f 1797 1798 1793
f 1799 1800 1801
f 1802 1803 1804
f 1804 1805 1802
f 1777 1765 1766
f 1777 1766 1783
f 1805 1768 1801
f 1801 1768 1767
f 1785 1779 1782
f 1785 1782 1788
f 1789 1790 1787
f 1787 1790 1806
f 1794 1807 1791
f 1794 1791 1797
f 1798 1804 1796
f 1796 1804 1799
f 1779 1787 1806
f 1779 1785 1787
f 1782 1789 1788
f 1782 1790 1789
f 1794 1796 1799
f 1807 1794 1799
f 1791 1804 1797
f 1797 1804 1798
f 1777 1801 1767
f 1765 1777 1767
f 1766 1768 1783
f 1783 1768 1805
f 1781 1778 1783
f 1784 1789 1787
f 1793 1798 1796
f 1800 1802 1801
f 1803 1802 1800
f 1808 1809 1810
f 1808 1811 1809
f 1808 1812 1811
f 1808 1813 1812
f 1814 1813 1808
f 1815 1814 1808
f 1815 1808 1816
f 1816 1808 1810
f 1817 1818 1819
f 1820 1821 1818
f 1820 1818 1817
f 1817 1819 1822
f 1823 1817 1822
f 1824 1819 1825
f 1822 1819 1824
f 1826 1825 1827
f 1826 1824 1825
f 1828 1827 1829
f 1828 1826 1827
f 1830 1828 1829
f 1831 1828 1830
f 1832 1831 1830
f 1832 1833 1831
f 1821 1833 1832
f 1821 1820 1833
f 1820 1817 1823
f 1834 1835 1836
f 1837 1838 1836
f 1837 1839 1838
f 1840 1835 1834
f 1834 1836 1841
f 1842 1834 1841
f 1841 1836 1838
f 1843 1838 1839
f 1843 1841 1838
f 1844 1839 1845
f 1844 1843 1839
f 1846 1844 1845
f 1847 1844 1846
f 1848 1847 1846
f 1849 1850 1848
f 1848 1850 1847
f 1849 1840 1851
f 1849 1851 1850
f 1840 1834 1842
f 1840 1842 1851
f 1852 1853 1854
f 1852 1855 1853
f 1856 1855 1852
f 1857 1855 1856
f 1858 1854 1859
f 1859 1854 1853
f 1860 1861 1862
f 1860 1862 1863
f 1864 1865 1862
f 1862 1865 1863
f 1863 1865 1866
f 1863 1866 1860
f 1867 1860 1866
f 1861 1860 1867
f 1861 1867 1864
f 1861 1864 1862
f 1865 1864 1859
f 1865 1859 1853
f 1866 1865 1853
f 1855 1866 1853
f 1855 1867 1866
f 1855 1857 1867
f 1857 1864 1867
f 1857 1859 1864
f 1852 1854 1856
f 1856 1854 1858
f 1868 1869 1870
f 1868 1871 1869
f 1868 1870 1872
f 1872 1873 1868
f 1874 1875 1876
f 1877 1878 1879
f 1877 1880 1878
f 1877 1879 1881
f 1881 1882 1877
f 1883 1884 1885
f 1885 1886 1883
f 1887 1888 1889
f 1887 1890 1888
f 1887 1889 1891
f 1891 1892 1887
f 1869 1857 1856
f 1869 1856 1872
f 1892 1858 1890
f 1890 1858 1859
f 1873 1893 1871
f 1871 1893 1874
f 1878 1876 1894
f 1878 1894 1881
f 1882 1885 1880
f 1880 1885 1895
f 1888 1896 1886
f 1888 1886 1891
f 1878 1880 1895
f 1876 1878 1895
f 1894 1885 1881
f 1881 1885 1882
f 1869 1871 1874
f 1857 1869 1874
f 1856 1893 1872
f 1872 1893 1873
f 1896 1890 1859
f 1896 1888 1890
f 1886 1892 1891
f 1886 1858 1892
f 1874 1896 1859
f 1857 1874 1859
f 1856 1858 1893
f 1893 1858 1886
f 1868 1873 1871
f 1877 1882 1880
f 1887 1892 1890
f 1897 1898 1899
f 1897 1900 1898
f 1897 1901 1900
f 1902 1901 1897
f 1903 1902 1897
f 1904 1903 1897
f 1904 1897 1899
f 1905 1906 1907
f 1907 1906 1908
f 1908 1906 1909
f 1910 1909 1911
f 1912 1910 1911
f 1913 1907 1914
f 1915 1914 1907
f 1915 1916 1914
f 1916 1915 1910
f 1917 1916 1910
f 1918 1919 1920
f 1919 1921 1922
f 1920 1919 1922
f 1913 1921 1905
f 1922 1921 1913
f 1907 1913 1905
f 1915 1907 1908
f 1909 1915 1908
f 1910 1915 1909
f 1912 1923 1917
f 1912 1917 1910
f 1923 1918 1917
f 1918 1920 1917
f 1924 1925 1926
f 1924 1926 1927
f 1928 1924 1927
f 1929 1928 1927
f 1930 1931 1932
f 1933 1930 1932
f 1932 1931 1934
f 1935 1934 1936
f 1932 1934 1935
f 1937 1936 1925
f 1937 1935 1936
f 1924 1938 1925
f 1938 1937 1925
f 1939 1938 1924
f 1928 1939 1924
f 1928 1929 1940
f 1928 1940 1939
f 1929 1930 1933
f 1929 1933 1940
f 1941 1942 1943
f 1941 1943 1944
f 1945 1942 1946
f 1946 1942 1941
f 1947 1944 1943
f 1948 1944 1947
f 1949 1950 1951
f 1951 1950 1952
f 1953 1954 1950
f 1950 1954 1952
f 1952 1954 1955
f 1952 1955 1951
f 1956 1951 1955
f 1949 1951 1956
f 1949 1956 1953
f 1949 1953 1950
f 1953 1947 1954
f 1954 1947 1943
f 1955 1954 1943
f 1942 1955 1943
f 1942 1956 1955
f 1945 1956 1942
f 1945 1953 1956
f 1945 1947 1953
f 1946 1941 1944
f 1946 1944 1948
f 1957 1958 1959
f 1960 1957 1961
f 1960 1958 1957
f 1961 1962 1960
f 1961 1963 1962
f 1964 1965 1966
f 1964 1967 1965
f 1964 1966 1968
f 1968 1969 1964
f 1970 1971 1972
f 1973 1974 1975
f 1973 1976 1974
f 1973 1975 1977
f 1977 1978 1973
f 1979 1980 1981
f 1982 1983 1984
f 1984 1985 1982
f 1959 1945 1946
f 1959 1946 1963
f 1985 1948 1981
f 1981 1948 1947
f 1965 1958 1962
f 1965 1962 1968
f 1969 1970 1967
f 1967 1970 1986
f 1974 1987 1971
f 1974 1971 1977
f 1978 1984 1976
f 1976 1984 1979
f 1958 1967 1986
f 1965 1967 1958
f 1968 1962 1969
f 1962 1970 1969
f 1974 1976 1979
f 1974 1979 1987
f 1977 1971 1984
f 1977 1984 1978
f 1959 1981 1947
f 1959 1947 1945
f 1963 1946 1948
f 1963 1948 1985
f 1961 1957 1963
f 1964 1969 1967
f 1973 1978 1976
f 1980 1982 1981
f 1983 1982 1980
f 1988 1989 1990
f 1989 1991 1990
f 1989 1992 1991
f 1989 1993 1992
f 1994 1993 1989
f 1994 1989 1995
f 1995 1989 1988
f 1996 1997 1998
f 1996 1998 1999
f 1998 2000 1999
f 2001 2002 2000
f 2001 2003 2002
f 2003 2004 2005
f 2005 2004 2006
f 2007 2006 2008
f 2007 2008 2009
f 2010 2007 2009
f 2010 2009 1997
f 1996 2011 2012
f 1996 2013 2011
f 2013 2014 2011
f 1997 1996 2012
f 1996 1999 2013
f 2013 1999 2000
f 2013 2000 2002
f 2014 2013 2002
f 2014 2002 2003
f 2014 2003 2005
f 2015 2014 2005
f 2006 2015 2005
f 2007 2016 2006
f 2006 2016 2015
f 2007 2010 2017
f 2007 2017 2016
f 2010 1997 2012
f 2010 2012 2017
f 2018 2019 2020
f 2018 2020 2021
f 2020 2022 2021
f 2022 2023 2021
f 2022 2024 2023
f 2025 2026 2027
f 2028 2025 2027
f 2028 2027 2029
f 2030 2029 2031
f 2030 2031 2019
f 2030 2019 2018
f 2032 2033 2034
f 2032 2035 2033
f 2025 2036 2037
f 2038 2036 2025
f 2018 2032 2034
f 2018 2021 2032
f 2035 2021 2023
f 2032 2021 2035
f 2037 2023 2024
f 2037 2035 2023
f 2037 2024 2026
f 2025 2037 2026
f 2028 2038 2025
f 2028 2029 2038
f 2029 2030 2034
f 2029 2034 2038
f 2030 2018 2034
f 2039 2040 2041
f 2039 2041 2042
f 2043 2041 2044
f 2043 2042 2041
f 2045 2042 2043
f 2039 2042 2045
f 2046 2039 2045
f 2046 2040 2039
f 2046 2044 2040
f 2040 2044 2041
f 2047 2048 2049
f 2050 2047 2049
f 2047 2051 2052
f 2047 2052 2048
f 2053 2048 2052
f 2049 2048 2053
f 2054 2051 2050
f 2050 2051 2047
f 2055 2057 2056
f 2058 2057 2055
f 2055 2060 2059
f 2055 2056 2060
f 2061 2060 2056
f 2057 2061 2056
f 2062 2058 2059
f 2058 2055 2059
f 2063 2065 2064
f 2066 2063 2064
f 2066 2067 2063
f 2068 2066 2067
f 2068 2067 2069
f 2068 2070 2069
f 2069 2070 2065
f 2065 2070 2064
f 2053 2052 2061
f 2052 2060 2061
f 2051 2060 2052
f 2059 2060 2051
f 2059 2051 2054
f 2062 2059 2054
f 2061 2066 2062
f 2061 2066 2064
f 2050 2053 2054
f 2050 2049 2053
f 2071 2057 2058
f 2072 2071 2058
f 2073 2074 2075
f 2073 2075 2076
f 2077 2069 2067
f 2077 2078 2067
f 2067 2078 2063
f 2078 2075 2063
f 2075 2065 2063
f 2075 2074 2065
f 2069 2065 2074
f 2077 2074 2069
f 2079 2080 2068
f 2079 2070 2068
f 2079 2064 2070
f 2079 2081 2064
f 2068 2082 2066
f 2068 2080 2082
f 2083 2084 2071
f 2083 2071 2072
f 2085 2086 2084
f 2085 2084 2083
f 2086 2087 2088
f 2086 2085 2088
f 2087 2079 2080
f 2087 2080 2088
f 2089 2090 2076
f 2076 2090 2073
f 2091 2092 2089
f 2089 2092 2090
f 2091 2093 2094
f 2091 2094 2092
f 2093 2078 2077
f 2093 2077 2094
f 2084 2081 2071
f 2086 2081 2084
f 2087 2086 2081
f 2079 2087 2081
f 2080 2088 2082
f 2088 2082 2085
f 2085 2082 2083
f 2083 2082 2072
f 2089 2076 2075
f 2091 2089 2075
f 2093 2091 2075
f 2078 2093 2075
f 2090 2074 2073
f 2092 2074 2090
f 2094 2092 2074
f 2077 2094 2074
f 2095 2096 2097
f 2098 2096 2095
f 2097 2099 2095
f 2099 2100 2101
f 2100 2102 2103
f 2100 2103 2101
f 2104 2102 2105
f 2103 2102 2104
f 2106 2105 2107
f 2104 2105 2106
f 2108 2106 2107
f 2109 2108 2110
f 2098 2110 2096
f 2109 2110 2098
f 2098 2095 2111
f 2111 2095 2099
f 2111 2099 2101
f 2111 2101 2103
f 2111 2103 2104
f 2106 2111 2104
f 2108 2111 2106
f 2108 2109 2111
f 2109 2098 2111
f 2112 2113 2114
f 2112 2114 2115
f 2116 2114 2117
f 2116 2115 2114
f 2118 2115 2116
f 2112 2115 2118
f 2119 2112 2118
f 2119 2113 2112
f 2119 2117 2113
f 2113 2117 2114
f 2120 2121 2122
f 2123 2120 2122
f 2120 2124 2125
f 2120 2125 2121
f 2126 2121 2125
f 2122 2121 2126
f 2127 2124 2123
f 2123 2124 2120
f 2128 2130 2129
f 2131 2130 2128
f 2128 2133 2132
f 2128 2129 2133
f 2134 2133 2129
f 2130 2134 2129
f 2135 2131 2132
f 2131 2128 2132
f 2136 2138 2137
f 2139 2136 2137
f 2139 2140 2136
f 2141 2139 2140
f 2141 2140 2142
f 2141 2143 2142
f 2142 2143 2138
f 2138 2143 2137
f 2126 2125 2134
f 2125 2133 2134
f 2124 2133 2125
f 2132 2133 2124
f 2132 2124 2127
f 2135 2132 2127
f 2134 2139 2135
f 2134 2139 2137
f 2123 2126 2127
f 2123 2122 2126
f 2144 2130 2131
f 2145 2144 2131
f 2146 2147 2148
f 2146 2148 2149
f 2150 2142 2140
f 2150 2151 2140
f 2140 2151 2136
f 2151 2148 2136
f 2148 2138 2136
f 2148 2147 2138
f 2142 2138 2147
f 2150 2147 2142
f 2152 2153 2141
f 2152 2143 2141
f 2152 2137 2143
f 2152 2154 2137
f 2141 2155 2139
f 2141 2153 2155
f 2156 2157 2144
f 2156 2144 2145
f 2158 2159 2157
f 2158 2157 2156
f 2159 2160 2161
f 2159 2158 2161
f 2160 2152 2153
f 2160 2153 2161
f 2162 2163 2149
f 2149 2163 2146
f 2164 2165 2162
f 2162 2165 2163
f 2164 2166 2167
f 2164 2167 2165
f 2166 2151 2150
f 2166 2150 2167
f 2157 2154 2144
f 2159 2154 2157
f 2160 2159 2154
f 2152 2160 2154
f 2153 2161 2155
f 2161 2155 2158
f 2158 2155 2156
f 2156 2155 2145
f 2162 2149 2148
f 2164 2162 2148
f 2166 2164 2148
f 2151 2166 2148
f 2163 2147 2146
f 2165 2147 2163
f 2167 2165 2147
f 2150 2167 2147
f 2168 2169 2170
f 2171 2169 2168
f 2170 2172 2173
f 2170 2173 2168
f 2172 2174 2175
f 2172 2175 2173
f 2174 2176 2175
f 2176 2174 2177
f 2178 2177 2179
f 2180 2179 2181
f 2180 2178 2179
f 2182 2181 2183
f 2182 2180 2181
f 2171 2183 2169
f 2182 2183 2171
f 2171 2168 2184
f 2184 2168 2173
f 2184 2173 2175
f 2184 2175 2176
f 2184 2176 2177
f 2178 2184 2177
f 2180 2184 2178
f 2180 2182 2184
f 2182 2171 2184
f 2185 2186 2187
f 2185 2188 2186
f 2189 2187 2190
f 2189 2185 2187
f 2191 2192 2190
f 2190 2192 2189
f 2193 2194 2191
f 2191 2194 2192
f 2195 2196 2193
f 2193 2196 2194
f 2197 2198 2195
f 2195 2198 2196
f 2197 2199 2200
f 2197 2200 2198
f 2199 2201 2202
f 2199 2202 2200
f 2201 2203 2204
f 2201 2204 2202
f 2203 2205 2206
f 2203 2206 2204
f 2207 2208 2205
f 2205 2208 2206
f 2209 2210 2207
f 2207 2210 2208
f 2211 2212 2209
f 2209 2212 2210
f 2213 2214 2211
f 2211 2214 2212
f 2215 2213 2216
f 2215 2214 2213
f 2188 2216 2186
f 2188 2215 2216
f 2217 2200 2202
f 2217 2198 2200
f 2217 2196 2198
f 2217 2194 2196
f 2192 2194 2217
f 2189 2192 2217
f 2185 2189 2217
f 2188 2185 2217
f 2188 2217 2215
f 2215 2217 2214
f 2214 2217 2212
f 2212 2217 2210
f 2210 2217 2208
f 2217 2206 2208
f 2217 2204 2206
f 2217 2202 2204
f 2186 2218 2187
f 2187 2218 2190
f 2190 2218 2191
f 2191 2218 2193
f 2193 2218 2195
f 2218 2197 2195
f 2218 2199 2197
f 2218 2201 2199
f 2218 2203 2201
f 2218 2205 2203
f 2218 2207 2205
f 2218 2209 2207
f 2211 2209 2218
f 2213 2211 2218
f 2216 2213 2218
f 2186 2216 2218
f 2219 2220 2221
f 2219 2222 2220
f 2219 2221 2223
f 2224 2223 2225
f 2219 2223 2224
f 2224 2225 2226
f 2227 2226 2228
f 2224 2226 2227
f 2227 2228 2229
f 2229 2230 2231
f 2229 2231 2227
f 2230 2232 2233
f 2230 2233 2231
f 2232 2234 2233
f 2234 2235 2236
f 2234 2236 2233
f 2237 2235 2238
f 2236 2235 2237
f 2237 2238 2239
f 2240 2239 2241
f 2237 2239 2240
f 2242 2241 2243
f 2240 2241 2242
f 2242 2243 2244
f 2222 2244 2220
f 2222 2242 2244
f 2245 2246 2247
f 2248 2247 2249
f 2248 2245 2247
f 2250 2251 2249
f 2249 2251 2248
f 2252 2253 2250
f 2250 2253 2251
f 2252 2254 2253
f 2253 2254 2255
f 2254 2256 2255
f 2256 2257 2258
f 2256 2258 2255
f 2259 2260 2257
f 2257 2260 2258
f 2261 2262 2259
f 2259 2262 2260
f 2246 2262 2261
f 2245 2262 2246
f 2245 2221 2220
f 2248 2223 2245
f 2245 2223 2221
f 2225 2223 2248
f 2226 2248 2251
f 2226 2225 2248
f 2228 2226 2251
f 2229 2251 2253
f 2229 2228 2251
f 2230 2229 2253
f 2232 2253 2255
f 2232 2230 2253
f 2232 2255 2234
f 2235 2255 2258
f 2234 2255 2235
f 2235 2258 2238
f 2258 2260 2239
f 2238 2258 2239
f 2260 2241 2239
f 2260 2262 2243
f 2260 2243 2241
f 2262 2244 2243
f 2262 2245 2220
f 2262 2220 2244
f 2263 2264 2265
f 2263 2266 2264
f 2267 2265 2268
f 2263 2265 2267
f 2269 2268 2270
f 2267 2268 2269
f 2270 2271 2272
f 2270 2272 2269
f 2271 2273 2274
f 2271 2274 2272
f 2275 2273 2276
f 2274 2273 2275
f 2277 2276 2278
f 2275 2276 2277
f 2266 2278 2264
f 2266 2277 2278
f 2266 2263 2279
f 2263 2267 2279
f 2267 2269 2279
f 2279 2269 2272
f 2279 2272 2274
f 2279 2274 2275
f 2277 2279 2275
f 2266 2279 2277
f 2280 2281 2282
f 2282 2281 2283
f 2284 2285 2281
f 2281 2285 2283
f 2283 2285 2286
f 2283 2286 2282
f 2287 2282 2286
f 2280 2282 2287
f 2280 2287 2284
f 2280 2284 2281
f 2284 2288 2285
f 2286 2285 2289
f 2290 2287 2286
f 2291 2284 2287
f 2292 2293 2294
f 2294 2293 2295
f 2293 2289 2295
f 2295 2290 2294
f 2292 2294 2291
f 2292 2288 2293
f 2298 2299 2296
f 2299 2300 2301
f 2302 2301 2300
f 2296 2302 2297
f 2297 2303 2298
f 2303 2299 2298
f 2303 2300 2299
f 2302 2300 2303
f 2302 2303 2297
f 2304 2305 2306
f 2305 2307 2308
f 2309 2307 2310
f 2306 2311 2304
f 2312 2305 2304
f 2312 2307 2305
f 2310 2307 2312
f 2310 2312 2311
f 2311 2312 2304
f 2313 2314 2315
f 2316 2314 2313
f 2315 2317 2318
f 2315 2318 2313
f 2317 2319 2318
f 2319 2320 2321
f 2322 2320 2323
f 2321 2320 2322
f 2324 2323 2325
f 2322 2323 2324
f 2326 2324 2325
f 2327 2326 2328
f 2316 2328 2314
f 2327 2328 2316
f 2316 2313 2329
f 2329 2313 2318
f 2329 2318 2319
f 2329 2319 2321
f 2329 2321 2322
f 2324 2329 2322
f 2326 2329 2324
f 2326 2327 2329
f 2327 2316 2329
f 2330 2331 2332
f 2332 2333 2330
f 2333 2334 2335
f 2334 2336 2335
f 2337 2336 2338
f 2337 2338 2339
f 2340 2339 2341
f 2342 2341 2343
f 2342 2340 2341
f 2344 2343 2345
f 2344 2342 2343
f 2344 2345 2331
f 2331 2330 2346
f 2346 2330 2333
f 2346 2333 2335
f 2346 2335 2336
f 2346 2336 2337
f 2339 2346 2337
f 2340 2346 2339
f 2342 2346 2340
f 2342 2344 2346
f 2344 2331 2346
f 2347 2348 2349
f 2350 2348 2347
f 2349 2351 2352
f 2349 2352 2347
f 2351 2353 2352
f 2353 2354 2355
f 2356 2354 2357
f 2355 2354 2356
f 2358 2357 2359
f 2356 2357 2358
f 2360 2358 2359
f 2361 2360 2362
f 2350 2362 2348
f 2361 2362 2350
f 2350 2347 2363
f 2363 2347 2352
f 2363 2352 2353
f 2363 2353 2355
f 2363 2355 2356
f 2358 2363 2356
f 2360 2363 2358
f 2360 2361 2363
f 2361 2350 2363
f 2364 2365 2366
f 2366 2365 2367
f 2368 2369 2365
f 2365 2369 2367
f 2367 2369 2370
f 2367 2370 2366
f 2371 2366 2370
f 2364 2366 2371
f 2364 2371 2368
f 2364 2368 2365
f 2368 2372 2369
f 2369 2372 2373
f 2370 2369 2373
f 2374 2371 2370
f 2375 2371 2374
f 2375 2368 2371
f 2375 2372 2368
f 2291 2290 2288
f 2290 2289 2288
f 2372 2288 2373
f 2288 2289 2373
f 2289 2374 2373
f 2289 2290 2374
f 2375 2374 2290
f 2291 2375 2290
f 2291 2372 2375
f 2291 2288 2372
f 2376 2377 2378
f 2379 2378 2377
f 2380 2381 2382
f 2380 2376 2381
f 2380 2377 2376
f 2379 2377 2380
f 2379 2380 2383
f 2383 2380 2382
f 2384 2385 2386
f 2385 2387 2386
f 2387 2385 2388
f 2389 2385 2384
f 2389 2388 2385
f 2390 2388 2389
f 2390 2389 2391
f 2391 2389 2384
f 2392 2394 2393
f 2395 2393 2392
f 2394 2397 2396
f 2394 2392 2397
f 2396 2397 2398
f 2398 2400 2399
f 2296 2297 2399
f 2400 2296 2399
f 2402 2297 2403
f 2401 2402 2297
f 2404 2402 2403
f 2405 2404 2406
f 2395 2406 2393
f 2405 2406 2395
f 2395 2407 2392
f 2407 2397 2392
f 2407 2398 2397
f 2407 2400 2398
f 2407 2296 2400
f 2401 2296 2407
f 2402 2401 2407
f 2404 2402 2407
f 2404 2407 2405
f 2405 2407 2395
f 2408 2300 2409
f 2409 2410 2408
f 2410 2411 2412
f 2411 2304 2413
f 2411 2413 2412
f 2415 2414 2416
f 2417 2416 2418
f 2417 2415 2416
f 2419 2418 2420
f 2419 2417 2418
f 2419 2420 2301
f 2301 2408 2421
f 2421 2408 2410
f 2421 2410 2412
f 2421 2412 2413
f 2421 2413 2306
f 2414 2421 2306
f 2415 2421 2414
f 2417 2421 2415
f 2417 2419 2421
f 2419 2301 2421
f 2422 2307 2423
f 2423 2424 2425
f 2423 2425 2422
f 2424 2426 2425
f 2426 2427 2428
f 2429 2427 2430
f 2428 2427 2429
f 2431 2430 2432
f 2429 2430 2431
f 2433 2431 2432
f 2434 2433 2435
f 2434 2435 2309
f 2309 2435 2307
f 2309 2422 2436
f 2436 2422 2425
f 2436 2425 2426
f 2436 2426 2428
f 2436 2428 2429
f 2431 2436 2429
f 2433 2436 2431
f 2433 2434 2436
f 2434 2309 2436
f 2437 2439 2438
f 2439 2440 2438
f 2441 2438 2442
f 2438 2440 2442
f 2440 2443 2442
f 2440 2439 2443
f 2444 2443 2439
f 2437 2444 2439
f 2437 2441 2444
f 2437 2438 2441
f 2441 2442 2445
f 2442 2446 2445
f 2443 2446 2442
f 2447 2446 2443
f 2447 2443 2444
f 2448 2447 2444
f 2448 2444 2441
f 2448 2441 2445
f 2449 2450 2374
f 2374 2450 2373
f 2445 2446 2450
f 2450 2446 2373
f 2373 2446 2447
f 2448 2374 2447
f 2449 2374 2448
f 2449 2448 2445
f 2449 2445 2450
f 2451 2452 2453
f 2452 2454 2453
f 2454 2452 2455
f 2456 2452 2451
f 2456 2455 2452
f 2457 2455 2456
f 2457 2456 2458
f 2458 2456 2451
f 2459 2460 2461
f 2459 2462 2460
f 2459 2463 2462
f 2459 2464 2463
f 2465 2464 2459
f 2466 2465 2459
f 2466 2459 2467
f 2467 2459 2461
f 2468 2469 2470
f 2469 2471 2470
f 2469 2472 2471
f 2473 2469 2468
f 2473 2472 2469
f 2474 2472 2473
f 2475 2474 2473
f 2475 2473 2476
f 2476 2473 2468
f 2477 2478 2479
f 2480 2478 2477
f 2479 2481 2482
f 2479 2482 2477
f 2481 2483 2484
f 2481 2484 2482
f 2485 2483 2486
f 2484 2483 2485
f 2485 2486 2487
f 2488 2487 2489
f 2490 2488 2489
f 2491 2490 2492
f 2480 2492 2478
f 2491 2492 2480
f 2480 2477 2493
f 2493 2477 2482
f 2493 2482 2484
f 2493 2484 2485
f 2487 2493 2485
f 2488 2493 2487
f 2490 2493 2488
f 2490 2491 2493
f 2491 2480 2493
f 2494 2495 2496
f 2497 2495 2494
f 2496 2498 2499
f 2496 2499 2494
f 2498 2500 2501
f 2498 2501 2499
f 2502 2500 2503
f 2501 2500 2502
f 2502 2503 2504
f 2505 2504 2506
f 2507 2505 2506
f 2508 2507 2509
f 2497 2509 2495
f 2508 2509 2497
f 2497 2494 2510
f 2510 2494 2499
f 2510 2499 2501
f 2510 2501 2502
f 2504 2510 2502
f 2505 2510 2504
f 2507 2510 2505
f 2507 2508 2510
f 2508 2497 2510
f 2511 2377 2512
f 2512 2513 2514
f 2512 2514 2511
f 2513 2515 2516
f 2513 2516 2514
f 2517 2515 2518
f 2516 2515 2517
f 2517 2518 2519
f 2520 2519 2521
f 2522 2521 2523
f 2522 2520 2521
f 2524 2523 2525
f 2524 2522 2523
f 2524 2525 2378
f 2378 2511 2526
f 2526 2511 2514
f 2526 2514 2516
f 2526 2516 2517
f 2519 2526 2517
f 2520 2526 2519
f 2522 2526 2520
f 2522 2524 2526
f 2524 2378 2526
f 2527 2528 2529
f 2530 2528 2527
f 2529 2531 2532
f 2529 2532 2527
f 2531 2533 2532
f 2533 2534 2535
f 2536 2534 2537
f 2535 2534 2536
f 2538 2537 2539
f 2536 2537 2538
f 2540 2538 2539
f 2541 2540 2542
f 2530 2542 2528
f 2541 2542 2530
f 2530 2527 2543
f 2543 2527 2532
f 2543 2532 2533
f 2543 2533 2535
f 2543 2535 2536
f 2538 2543 2536
f 2540 2543 2538
f 2540 2541 2543
f 2541 2530 2543
f 2544 2545 2546
f 2546 2545 2547
f 2547 2548 2546
f 2546 2548 2549
f 2547 2545 2550
f 2547 2550 2548
f 2549 2544 2546
f 2549 2551 2544
f 2552 2553 2554
f 2552 2555 2553
f 2552 2556 2557
f 2552 2557 2555
f 2557 2558 2555
f 2555 2558 2553
f 2553 2558 2559
f 2553 2559 2554
f 2556 2554 2559
f 2552 2554 2556
f 2559 2558 2550
f 2556 2548 2557
f 2549 2548 2556
f 2557 2550 2558
f 2557 2548 2550
f 2549 2556 2551
f 2551 2556 2559
f 2544 2551 2545
f 2545 2551 2550
f 2560 2561 2562
f 2563 2560 2564
f 2565 2564 2566
f 2563 2564 2565
f 2565 2566 2567
f 2567 2568 2569
f 2568 2570 2571
f 2568 2571 2569
f 2572 2570 2573
f 2571 2570 2572
f 2574 2573 2575
f 2572 2573 2574
f 2561 2575 2562
f 2561 2574 2575
f 2561 2560 2576
f 2560 2563 2576
f 2563 2565 2576
f 2576 2565 2567
f 2576 2567 2569
f 2576 2569 2571
f 2576 2571 2572
f 2574 2576 2572
f 2561 2576 2574
f 2577 2578 2579
f 2580 2577 2581
f 2582 2581 2583
f 2580 2581 2582
f 2584 2583 2585
f 2582 2583 2584
f 2585 2586 2584
f 2586 2587 2588
f 2589 2587 2590
f 2588 2587 2589
f 2591 2590 2592
f 2589 2590 2591
f 2578 2592 2579
f 2578 2591 2592
f 2578 2577 2593
f 2577 2580 2593
f 2580 2582 2593
f 2593 2582 2584
f 2593 2584 2586
f 2593 2586 2588
f 2593 2588 2589
f 2591 2593 2589
f 2578 2593 2591
f 2594 2595 2596
f 2594 2597 2595
f 2598 2596 2599
f 2594 2596 2598
f 2600 2599 2601
f 2598 2599 2600
f 2601 2602 2600
f 2602 2603 2604
f 2605 2603 2606
f 2604 2603 2605
f 2607 2606 2608
f 2605 2606 2607
f 2609 2607 2608
f 2597 2609 2595
f 2597 2594 2610
f 2594 2598 2610
f 2610 2598 2600
f 2610 2600 2602
f 2610 2602 2604
f 2610 2604 2605
f 2607 2610 2605
f 2609 2610 2607
f 2597 2610 2609
f 2611 2612 2613
f 2611 2614 2612
f 2615 2613 2616
f 2611 2613 2615
f 2617 2616 2618
f 2615 2616 2617
f 2618 2619 2617
f 2619 2620 2621
f 2622 2620 2623
f 2621 2620 2622
f 2624 2623 2625
f 2622 2623 2624
f 2626 2624 2625
f 2614 2626 2612
f 2614 2611 2627
f 2611 2615 2627
f 2627 2615 2617
f 2627 2617 2619
f 2627 2619 2621
f 2627 2621 2622
f 2624 2627 2622
f 2626 2627 2624
f 2614 2627 2626
f 2628 2629 2630
f 2628 2631 2629
f 2632 2630 2633
f 2632 2628 2630
f 2634 2633 2635
f 2632 2633 2634
f 2636 2635 2637
f 2634 2635 2636
f 2638 2637 2639
f 2636 2637 2638
f 2640 2639 2641
f 2638 2639 2640
f 2641 2642 2643
f 2641 2643 2640
f 2642 2644 2645
f 2642 2645 2643
f 2644 2646 2647
f 2644 2647 2645
f 2646 2648 2649
f 2646 2649 2647
f 2650 2648 2651
f 2649 2648 2650
f 2652 2651 2653
f 2650 2651 2652
f 2654 2653 2655
f 2652 2653 2654
f 2656 2655 2657
f 2654 2655 2656
f 2658 2657 2659
f 2658 2656 2657
f 2631 2659 2629
f 2631 2658 2659
f 2629 2660 2630
f 2630 2660 2633
f 2633 2660 2635
f 2635 2660 2637
f 2660 2639 2637
f 2660 2641 2639
f 2660 2642 2641
f 2660 2644 2642
f 2660 2646 2644
f 2660 2648 2646
f 2660 2651 2648
f 2653 2651 2660
f 2655 2653 2660
f 2657 2655 2660
f 2659 2657 2660
f 2629 2659 2660
f 2661 2662 2663
f 2661 2664 2662
f 2665 2663 2666
f 2665 2661 2663
f 2667 2666 2668
f 2665 2666 2667
f 2669 2668 2670
f 2667 2668 2669
f 2671 2670 2672
f 2669 2670 2671
f 2673 2672 2674
f 2671 2672 2673
f 2674 2675 2676
f 2674 2676 2673
f 2675 2677 2678
f 2675 2678 2676
f 2677 2679 2680
f 2677 2680 2678
f 2679 2681 2682
f 2679 2682 2680
f 2683 2681 2684
f 2682 2681 2683
f 2685 2684 2686
f 2683 2684 2685
f 2687 2686 2688
f 2685 2686 2687
f 2689 2688 2690
f 2687 2688 2689
f 2691 2690 2692
f 2691 2689 2690
f 2664 2692 2662
f 2664 2691 2692
f 2662 2693 2663
f 2663 2693 2666
f 2666 2693 2668
f 2668 2693 2670
f 2693 2672 2670
f 2693 2674 2672
f 2693 2675 2674
f 2693 2677 2675
f 2693 2679 2677
f 2693 2681 2679
f 2693 2684 2681
f 2686 2684 2693
f 2688 2686 2693
f 2690 2688 2693
f 2692 2690 2693
f 2662 2692 2693
f 2694 2695 2696
f 2694 2697 2695
f 2698 2696 2699
f 2698 2694 2696
f 2700 2699 2701
f 2698 2699 2700
f 2702 2701 2703
f 2700 2701 2702
f 2704 2703 2705
f 2702 2703 2704
f 2706 2705 2707
f 2704 2705 2706
f 2707 2708 2709
f 2707 2709 2706
f 2708 2710 2711
f 2708 2711 2709
f 2710 2712 2713
f 2710 2713 2711
f 2712 2714 2715
f 2712 2715 2713
f 2716 2714 2717
f 2715 2714 2716
f 2718 2717 2719
f 2716 2717 2718
f 2720 2719 2721
f 2718 2719 2720
f 2722 2721 2723
f 2720 2721 2722
f 2724 2723 2725
f 2724 2722 2723
f 2697 2725 2695
f 2697 2724 2725
f 2695 2726 2696
f 2696 2726 2699
f 2699 2726 2701
f 2701 2726 2703
f 2726 2705 2703
f 2726 2707 2705
f 2726 2708 2707
f 2726 2710 2708
f 2726 2712 2710
f 2726 2714 2712
f 2726 2717 2714
f 2719 2717 2726
f 2721 2719 2726
f 2723 2721 2726
f 2725 2723 2726
f 2695 2725 2726
f 2727 2728 2729
f 2727 2730 2728
f 2727 2731 2732
f 2727 2732 2730
f 2732 2733 2730
f 2730 2733 2728
f 2728 2733 2734
f 2728 2734 2729
f 2731 2729 2734
f 2727 2729 2731
f 2735 2732 2731
f 2735 2736 2732
f 2737 2733 2738
f 2737 2734 2733
f 2737 2735 2734
f 2735 2731 2734
f 2733 2732 2736
f 2733 2736 2738
f 2739 2741 2740
f 2739 2740 2742
f 2739 2736 2735
f 2739 2742 2736
f 2736 2742 2738
f 2742 2740 2738
f 2740 2737 2738
f 2740 2741 2737
f 2735 2737 2741
f 2739 2735 2741
f 2743 2744 2745
f 2743 2746 2744
f 2743 2745 2747
f 2748 2747 2749
f 2750 2749 2751
f 2748 2749 2750
f 2751 2752 2753
f 2751 2753 2750
f 2752 2754 2753
f 2754 2755 2753
f 2755 2754 2756
f 2755 2756 2757
f 2758 2757 2759
f 2746 2759 2744
f 2746 2758 2759
f 2760 2761 2762
f 2763 2764 2765
f 2763 2766 2764
f 2767 2768 2769
f 2767 2770 2768
f 2761 2770 2762
f 2745 2761 2760
f 2744 2761 2745
f 2760 2771 2747
f 2745 2760 2747
f 2771 2765 2749
f 2747 2771 2749
f 2765 2764 2751
f 2765 2751 2749
f 2764 2766 2752
f 2764 2752 2751
f 2769 2754 2766
f 2766 2754 2752
f 2768 2756 2769
f 2756 2754 2769
f 2757 2756 2768
f 2759 2768 2770
f 2759 2757 2768
f 2744 2770 2761
f 2744 2759 2770
f 2772 2773 2774
f 2772 2774 2775
f 2772 2775 2776
f 2777 2776 2778
f 2777 2778 2779
f 2779 2780 2781
f 2780 2782 2781
f 2782 2783 2784
f 2784 2783 2785
f 2786 2785 2787
f 2773 2787 2788
f 2773 2786 2787
f 2773 2788 2774
f 2789 2790 2791
f 2792 2793 2791
f 2791 2793 2789
f 2794 2795 2792
f 2792 2795 2793
f 2794 2796 2795
f 2797 2798 2799
f 2797 2800 2798
f 2775 2790 2789
f 2774 2790 2775
f 2775 2789 2776
f 2789 2793 2778
f 2776 2789 2778
f 2793 2795 2779
f 2793 2779 2778
f 2795 2780 2779
f 2795 2796 2780
f 2799 2782 2796
f 2796 2782 2780
f 2799 2783 2782
f 2798 2783 2799
f 2785 2783 2798
f 2787 2798 2800
f 2787 2785 2798
f 2788 2800 2801
f 2788 2787 2800
f 2774 2801 2790
f 2774 2788 2801
f 2802 2803 2804
f 2805 2802 2806
f 2807 2806 2808
f 2805 2806 2807
f 2808 2809 2810
f 2808 2810 2807
f 2809 2811 2810
f 2811 2812 2813
f 2813 2812 2814
f 2815 2814 2816
f 2817 2815 2816
f 2803 2817 2804
f 2818 2819 2820
f 2821 2822 2820
f 2820 2822 2818
f 2823 2824 2821
f 2821 2824 2822
f 2823 2825 2824
f 2826 2827 2828
f 2826 2829 2827
f 2804 2830 2819
f 2802 2819 2818
f 2804 2819 2802
f 2802 2818 2806
f 2818 2822 2806
f 2822 2808 2806
f 2822 2824 2808
f 2824 2809 2808
f 2824 2825 2809
f 2828 2811 2825
f 2825 2811 2809
f 2828 2812 2811
f 2827 2812 2828
f 2814 2812 2827
f 2816 2827 2829
f 2816 2814 2827
f 2817 2829 2830
f 2817 2816 2829
f 2804 2817 2830
f 2831 2832 2833
f 2831 2833 2834
f 2831 2834 2835
f 2836 2835 2837
f 2836 2837 2838
f 2836 2838 2839
f 2838 2840 2839
f 2840 2841 2842
f 2840 2842 2839
f 2841 2843 2844
f 2841 2844 2842
f 2844 2843 2845
f 2846 2845 2847
f 2832 2847 2848
f 2832 2846 2847
f 2832 2848 2833
f 2849 2850 2851
f 2852 2853 2851
f 2851 2853 2849
f 2854 2840 2852
f 2852 2840 2853
f 2854 2855 2840
f 2855 2856 2857
f 2856 2858 2857
f 2833 2859 2850
f 2834 2850 2849
f 2833 2850 2834
f 2834 2849 2835
f 2849 2853 2837
f 2835 2849 2837
f 2837 2853 2838
f 2853 2840 2838
f 2840 2855 2841
f 2857 2841 2855
f 2857 2843 2841
f 2858 2843 2857
f 2845 2843 2858
f 2847 2858 2860
f 2847 2845 2858
f 2848 2860 2859
f 2848 2847 2860
f 2833 2848 2859
f 2861 2862 2863
f 2861 2863 2864
f 2865 2864 2866
f 2861 2864 2865
f 2865 2866 2867
f 2868 2867 2869
f 2869 2870 2871
f 2869 2871 2868
f 2870 2872 2873
f 2870 2873 2871
f 2873 2872 2874
f 2875 2874 2876
f 2862 2876 2877
f 2862 2875 2876
f 2862 2877 2863
f 2878 2879 2880
f 2878 2881 2882
f 2878 2882 2879
f 2881 2883 2884
f 2881 2884 2882
f 2883 2885 2884
f 2863 2886 2887
f 2864 2887 2888
f 2863 2887 2864
f 2864 2888 2866
f 2888 2880 2866
f 2880 2879 2867
f 2880 2867 2866
f 2879 2869 2867
f 2879 2882 2869
f 2882 2870 2869
f 2884 2870 2882
f 2884 2872 2870
f 2885 2872 2884
f 2874 2872 2885
f 2876 2885 2889
f 2876 2874 2885
f 2877 2889 2886
f 2877 2876 2889
f 2863 2877 2886
f 2890 2891 2892
f 2890 2892 2893
f 2894 2893 2895
f 2890 2893 2894
f 2894 2895 2896
f 2897 2896 2898
f 2898 2899 2897
f 2899 2900 2901
f 2900 2902 2901
f 2901 2902 2903
f 2903 2902 2904
f 2903 2904 2905
f 2905 2904 2906
f 2891 2905 2906
f 2891 2906 2892
f 2893 2907 2908
f 2908 2909 2893
f 2910 2911 2909
f 2910 2912 2911
f 2912 2913 2914
f 2913 2915 2914
f 2916 2917 2915
f 2907 2917 2916
f 2892 2907 2893
f 2893 2909 2895
f 2909 2911 2896
f 2909 2896 2895
f 2911 2898 2896
f 2911 2912 2898
f 2912 2899 2898
f 2914 2900 2912
f 2912 2900 2899
f 2914 2902 2900
f 2915 2902 2914
f 2904 2902 2915
f 2904 2915 2917
f 2906 2904 2917
f 2906 2917 2907
f 2892 2906 2907
f 2918 2919 2920
f 2921 2918 2922
f 2921 2922 2923
f 2921 2923 2924
f 2924 2923 2925
f 2926 2925 2927
f 2924 2925 2926
f 2927 2928 2926
f 2928 2929 2930
f 2929 2931 2930
f 2930 2931 2932
f 2932 2931 2933
f 2932 2933 2934
f 2934 2933 2935
f 2919 2935 2920
f 2919 2934 2935
f 2922 2936 2937
f 2938 2939 2937
f 2937 2939 2922
f 2940 2941 2938
f 2938 2941 2939
f 2940 2942 2941
f 2942 2943 2944
f 2943 2945 2944
f 2918 2936 2922
f 2920 2936 2918
f 2922 2939 2923
f 2939 2941 2925
f 2939 2925 2923
f 2941 2927 2925
f 2941 2942 2927
f 2942 2928 2927
f 2944 2929 2942
f 2942 2929 2928
f 2944 2931 2929
f 2945 2931 2944
f 2933 2931 2945
f 2933 2945 2946
f 2935 2946 2947
f 2935 2933 2946
f 2920 2935 2947
f 2920 2947 2936
f 2948 2949 2950
f 2948 2951 2949
f 2952 2950 2953
f 2948 2950 2952
f 2954 2953 2955
f 2952 2953 2954
f 2955 2956 2957
f 2955 2957 2954
f 2956 2958 2959
f 2956 2959 2957
f 2960 2958 2961
f 2959 2958 2960
f 2962 2961 2963
f 2960 2961 2962
f 2951 2963 2949
f 2951 2962 2963
f 2951 2948 2964
f 2948 2952 2964
f 2952 2954 2964
f 2964 2954 2957
f 2964 2957 2959
f 2964 2959 2960
f 2962 2964 2960
f 2951 2964 2962
f 2965 2966 2967
f 2968 2967 2969
f 2965 2967 2968
f 2970 2969 2971
f 2968 2969 2970
f 2971 2972 2973
f 2971 2973 2970
f 2972 2974 2975
f 2972 2975 2973
f 2976 2974 2977
f 2975 2974 2976
f 2976 2977 2978
f 2979 2978 2980
f 2966 2979 2980
f 2966 2965 2981
f 2965 2968 2981
f 2968 2970 2981
f 2981 2970 2973
f 2981 2973 2975
f 2981 2975 2976
f 2978 2981 2976
f 2979 2981 2978
f 2966 2981 2979
f 2982 2983 2984
f 2986 2984 2987
f 2982 2984 2986
f 2988 2987 2989
f 2986 2987 2988
f 2989 2990 2988
f 2989 2991 2990
f 2991 2993 2994
f 2991 2994 2992
f 2995 2993 2996
f 2994 2993 2995
f 2997 2996 2998
f 2995 2996 2997
f 2985 2997 2998
f 2985 2982 2999
f 2982 2986 2999
f 2986 2988 2999
f 2999 2988 2990
f 2999 2990 2992
f 2999 2992 2994
f 2999 2994 2995
f 2997 2999 2995
f 2985 2999 2997
f 3000 3002 3003
f 3004 3003 3005
f 3006 3005 3007
f 3004 3005 3006
f 3007 3008 3009
f 3007 3009 3006
f 3008 3010 3011
f 3008 3011 3009
f 3012 3010 3013
f 3011 3010 3012
f 3014 3013 3015
f 3012 3013 3014
f 3001 3015 3002
f 3001 3014 3015
f 3001 3000 3016
f 3000 3003 3016
f 3003 3004 3016
f 3016 3004 3006
f 3016 3006 3009
f 3016 3009 3011
f 3016 3011 3012
f 3014 3016 3012
f 3001 3016 3014
f 3017 3018 3019
f 3017 3020 3018
f 3017 3019 3021
f 3022 3021 3023
f 3024 3023 3025
f 3022 3023 3024
f 3025 3027 3024
f 3026 3028 3029
f 3026 3029 3027
f 3030 3028 3031
f 3029 3028 3030
f 3030 3031 3032
f 3020 3032 3018
f 3020 3017 3033
f 3017 3021 3033
f 3021 3022 3033
f 3033 3022 3024
f 3033 3024 3027
f 3033 3027 3029
f 3033 3029 3030
f 3032 3033 3030
f 3020 3033 3032
f 3034 3036 3035
f 3034 3035 3037
f 3034 3038 3036
f 3039 3040 3038
f 3041 3042 3040
f 3039 3041 3040
f 3042 3044 3043
f 3042 3041 3044
f 3043 3045 3046
f 3043 3046 3044
f 3046 3045 3047
f 3048 3047 3049
f 3037 3049 3035
f 3037 3048 3049
f 3037 3050 3034
f 3034 3050 3038
f 3038 3050 3039
f 3050 3041 3039
f 3050 3044 3041
f 3050 3044 3046
f 3050 3046 3047
f 3048 3050 3047
f 3037 3050 3048
f 3051 3052 3053
f 3051 3054 3052
f 3051 3053 3055
f 3056 3055 3057
f 3058 3057 3059
f 3056 3057 3058
f 3059 3060 3061
f 3059 3061 3058
f 3060 3062 3063
f 3060 3063 3061
f 3063 3062 3064
f 3065 3064 3066
f 3054 3066 3052
f 3054 3065 3066
f 3054 3051 3067
f 3051 3055 3067
f 3055 3056 3067
f 3067 3056 3058
f 3067 3058 3061
f 3067 3061 3063
f 3067 3063 3064
f 3065 3067 3064
f 3054 3067 3065
f 3068 3069 3070
f 3071 3068 3070
f 3071 3070 3072
f 3071 3072 3073
f 3074 3072 3075
f 3073 3072 3074
f 3075 3076 3074
f 3076 3077 3078
f 3079 3077 3080
f 3078 3077 3079
f 3081 3080 3082
f 3079 3080 3081
f 3083 3082 3069
f 3083 3081 3082
f 3068 3083 3069
f 3068 3071 3084
f 3071 3073 3084
f 3084 3073 3074
f 3084 3074 3076
f 3084 3076 3078
f 3084 3078 3079
f 3081 3084 3079
f 3083 3084 3081
f 3068 3084 3083
f 3085 3086 3087
f 3085 3088 3086
f 3089 3087 3090
f 3085 3087 3089
f 3091 3090 3092
f 3089 3090 3091
f 3092 3093 3094
f 3092 3094 3091
f 3093 3095 3096
f 3093 3096 3094
f 3097 3095 3098
f 3096 3095 3097
f 3099 3098 3100
f 3097 3098 3099
f 3088 3100 3086
f 3088 3099 3100
f 3088 3085 3101
f 3085 3089 3101
f 3089 3091 3101
f 3101 3091 3094
f 3101 3094 3096
f 3101 3096 3097
f 3099 3101 3097
f 3088 3101 3099
f 3102 3103 3104
f 3105 3104 3106
f 3102 3104 3105
f 3107 3106 3108
f 3105 3106 3107
f 3108 3109 3110
f 3108 3110 3107
f 3109 3111 3112
f 3109 3112 3110
f 3113 3111 3114
f 3112 3111 3113
f 3113 3114 3115
f 3116 3115 3117
f 3103 3116 3117
f 3103 3102 3118
f 3102 3105 3118
f 3105 3107 3118
f 3118 3107 3110
f 3118 3110 3112
f 3118 3112 3113
f 3115 3118 3113
f 3116 3118 3115
f 3103 3118 3116
f 3119 3120 3121
f 3122 3121 3123
f 3119 3121 3122
f 3124 3123 3125
f 3122 3123 3124
f 3125 3126 3124
f 3125 3127 3126
f 3127 3128 3129
f 3130 3128 3131
f 3129 3128 3130
f 3130 3131 3132
f 3133 3132 3134
f 3120 3133 3134
f 3120 3119 3135
f 3119 3122 3135
f 3122 3124 3135
f 3135 3124 3126
f 3135 3126 3129
f 3135 3129 3130
f 3132 3135 3130
f 3133 3135 3132
f 3120 3135 3133
f 3136 3138 3139
f 3140 3139 3141
f 3142 3141 3143
f 3140 3141 3142
f 3143 3144 3145
f 3143 3145 3142
f 3144 3146 3147
f 3144 3147 3145
f 3148 3146 3149
f 3147 3146 3148
f 3150 3149 3151
f 3148 3149 3150
f 3137 3151 3138
f 3137 3150 3151
f 3137 3136 3152
f 3136 3139 3152
f 3139 3140 3152
f 3152 3140 3142
f 3152 3142 3145
f 3152 3145 3147
f 3152 3147 3148
f 3150 3152 3148
f 3137 3152 3150
f 3153 3154 3155
f 3153 3156 3154
f 3153 3155 3157
f 3158 3157 3159
f 3160 3159 3161
f 3158 3159 3160
f 3161 3162 3163
f 3161 3163 3160
f 3162 3164 3165
f 3162 3165 3163
f 3165 3164 3166
f 3167 3166 3168
f 3156 3168 3154
f 3156 3167 3168
f 3156 3153 3169
f 3153 3157 3169
f 3157 3158 3169
f 3169 3158 3160
f 3169 3160 3163
f 3169 3163 3165
f 3169 3165 3166
f 3167 3169 3166
f 3156 3169 3167
f 3170 3171 3172
f 3170 3173 3171
f 3170 3172 3174
f 3175 3174 3176
f 3177 3176 3178
f 3175 3176 3177
f 3178 3179 3180
f 3178 3180 3177
f 3179 3181 3182
f 3179 3182 3180
f 3182 3181 3183
f 3184 3183 3185
f 3173 3185 3171
f 3173 3184 3185
f 3173 3170 3186
f 3170 3174 3186
f 3174 3175 3186
f 3186 3175 3177
f 3186 3177 3180
f 3186 3180 3182
f 3186 3182 3183
f 3184 3186 3183
f 3173 3186 3184
f 3187 3188 3189
f 3191 3189 3192
f 3187 3189 3191
f 3191 3192 3193
f 3194 3193 3195
f 3195 3196 3197
f 3195 3197 3194
f 3196 3199 3198
f 3196 3197 3199
f 3199 3200 3198
f 3201 3202 3200
f 3190 3202 3201
f 3190 3188 3202
f 3190 3187 3203
f 3187 3191 3203
f 3191 3193 3203
f 3203 3193 3194
f 3203 3194 3197
f 3203 3197 3199
f 3203 3199 3200
f 3201 3203 3200
f 3190 3203 3201
f 3204 3205 3206
f 3204 3207 3205
f 3208 3206 3209
f 3204 3206 3208
f 3208 3209 3210
f 3211 3210 3212
f 3212 3213 3214
f 3212 3214 3211
f 3213 3215 3216
f 3213 3216 3214
f 3216 3215 3217
f 3218 3217 3219
f 3207 3219 3205
f 3207 3218 3219
f 3207 3204 3220
f 3204 3208 3220
f 3208 3210 3220
f 3220 3210 3211
f 3220 3211 3214
f 3220 3214 3216
f 3220 3216 3217
f 3218 3220 3217
f 3207 3220 3218
f 3221 3222 3223
f 3221 3224 3222
f 3221 3225 3226
f 3221 3226 3224
f 3226 3227 3224
f 3224 3227 3222
f 3222 3227 3228
f 3222 3228 3223
f 3225 3223 3228
f 3221 3223 3225
f 3225 3229 3226
f 3230 3229 3225
f 3231 3228 3227
f 3231 3227 3232
f 3230 3225 3228
f 3230 3228 3231
f 3226 3232 3227
f 3226 3229 3232
f 3233 3235 3234
f 3233 3234 3236
f 3233 3229 3230
f 3233 3236 3229
f 3229 3236 3232
f 3236 3234 3232
f 3234 3231 3232
f 3234 3235 3231
f 3230 3231 3235
f 3233 3230 3235
f 3237 3238 3239
f 3237 3239 3240
f 3241 3240 3242
f 3243 3242 3244
f 3241 3242 3243
f 3244 3245 3246
f 3244 3246 3243
f 3245 3247 3248
f 3245 3248 3246
f 3247 3249 3248
f 3249 3247 3250
f 3249 3250 3251
f 3251 3250 3252
f 3251 3252 3253
f 3253 3252 3254
f 3238 3253 3254
f 3255 3256 3257
f 3258 3259 3255
f 3260 3244 3258
f 3258 3244 3259
f 3260 3261 3244
f 3260 3262 3261
f 3262 3247 3261
f 3262 3263 3264
f 3262 3264 3247
f 3263 3265 3264
f 3256 3266 3257
f 3238 3256 3239
f 3239 3256 3255
f 3239 3255 3240
f 3255 3259 3242
f 3240 3255 3242
f 3259 3244 3242
f 3244 3261 3245
f 3261 3247 3245
f 3250 3247 3264
f 3250 3264 3265
f 3252 3265 3267
f 3252 3250 3265
f 3254 3267 3266
f 3254 3252 3267
f 3238 3266 3256
f 3238 3254 3266
f 3268 3269 3270
f 3271 3268 3272
f 3271 3272 3273
f 3274 3273 3275
f 3275 3276 3277
f 3275 3277 3274
f 3276 3278 3279
f 3276 3279 3277
f 3280 3278 3281
f 3279 3278 3280
f 3282 3281 3283
f 3280 3281 3282
f 3269 3283 3270
f 3269 3282 3283
f 3284 3285 3286
f 3287 3288 3284
f 3289 3290 3287
f 3287 3290 3288
f 3289 3291 3290
f 3292 3293 3294
f 3292 3295 3293
f 3285 3296 3286
f 3270 3285 3268
f 3272 3285 3284
f 3268 3285 3272
f 3284 3288 3273
f 3272 3284 3273
f 3288 3275 3273
f 3288 3290 3275
f 3290 3276 3275
f 3290 3291 3276
f 3291 3278 3276
f 3294 3278 3291
f 3293 3281 3294
f 3281 3278 3294
f 3283 3293 3295
f 3283 3281 3293
f 3270 3295 3296
f 3270 3283 3295
f 3270 3296 3285
f 3297 3298 3299
f 3297 3299 3300
f 3297 3300 3301
f 3301 3300 3302
f 3303 3302 3304
f 3301 3302 3303
f 3304 3305 3306
f 3304 3306 3303
f 3305 3307 3306
f 3307 3308 3309
f 3309 3308 3310
f 3311 3310 3312
f 3298 3312 3313
f 3298 3311 3312
f 3298 3313 3299
f 3314 3315 3316
f 3317 3318 3319
f 3318 3320 3319
f 3315 3321 3316
f 3300 3315 3314
f 3299 3315 3300
f 3314 3322 3302
f 3300 3314 3302
f 3322 3323 3304
f 3322 3304 3302
f 3323 3317 3305
f 3323 3305 3304
f 3317 3319 3305
f 3319 3307 3305
f 3320 3308 3319
f 3319 3308 3307
f 3310 3320 3324
f 3310 3308 3320
f 3312 3324 3325
f 3312 3310 3324
f 3313 3325 3321
f 3313 3312 3325
f 3299 3321 3315
f 3299 3313 3321
f 3326 3327 3328
f 3326 3328 3329
f 3326 3329 3330
f 3330 3329 3331
f 3332 3331 3333
f 3330 3331 3332
f 3333 3334 3335
f 3333 3335 3332
f 3334 3336 3335
f 3336 3337 3335
f 3336 3338 3337
f 3337 3338 3339
f 3339 3338 3340
f 3341 3340 3342
f 3339 3340 3341
f 3327 3342 3343
f 3327 3341 3342
f 3327 3343 3328
f 3344 3345 3346
f 3345 3347 3346
f 3329 3348 3349
f 3328 3348 3329
f 3349 3350 3331
f 3329 3349 3331
f 3350 3351 3333
f 3350 3333 3331
f 3351 3344 3334
f 3351 3334 3333
f 3344 3346 3336
f 3344 3336 3334
f 3347 3338 3346
f 3346 3338 3336
f 3340 3347 3352
f 3340 3338 3347
f 3342 3352 3353
f 3342 3340 3352
f 3343 3353 3354
f 3343 3342 3353
f 3328 3354 3348
f 3328 3343 3354
f 3355 3356 3357
f 3355 3358 3356
f 3359 3357 3360
f 3355 3357 3359
f 3361 3360 3362
f 3359 3360 3361
f 3362 3363 3364
f 3362 3364 3361
f 3363 3365 3364
f 3365 3366 3364
f 3365 3367 3366
f 3366 3367 3368
f 3368 3367 3369
f 3368 3369 3370
f 3370 3369 3371
f 3358 3371 3356
f 3358 3370 3371
f 3372 3373 3374
f 3375 3376 3377
f 3376 3378 3379
f 3376 3379 3377
f 3378 3380 3379
f 3373 3381 3374
f 3356 3373 3357
f 3357 3373 3372
f 3372 3382 3360
f 3357 3372 3360
f 3382 3375 3362
f 3382 3362 3360
f 3375 3377 3363
f 3375 3363 3362
f 3377 3365 3363
f 3379 3365 3377
f 3379 3367 3365
f 3380 3367 3379
f 3369 3367 3380
f 3369 3380 3383
f 3371 3383 3381
f 3371 3369 3383
f 3356 3371 3381
f 3356 3381 3373
f 3384 3385 3386
f 3387 3384 3388
f 3389 3388 3390
f 3387 3388 3389
f 3390 3391 3392
f 3390 3392 3389
f 3391 3393 3394
f 3391 3394 3392
f 3395 3393 3396
f 3394 3393 3395
f 3395 3396 3397
f 3398 3397 3399
f 3385 3399 3386
f 3385 3398 3399
f 3385 3384 3400
f 3384 3387 3400
f 3387 3389 3400
f 3400 3389 3392
f 3400 3392 3394
f 3400 3394 3395
f 3397 3400 3395
f 3398 3400 3397
f 3385 3400 3398
f 3401 3402 3403
f 3404 3401 3405
f 3406 3405 3407
f 3404 3405 3406
f 3407 3408 3409
f 3407 3409 3406
f 3408 3410 3411
f 3408 3411 3409
f 3412 3410 3413
f 3411 3410 3412
f 3412 3413 3414
f 3415 3414 3416
f 3402 3416 3403
f 3402 3415 3416
f 3402 3401 3417
f 3401 3404 3417
f 3404 3406 3417
f 3417 3406 3409
f 3417 3409 3411
f 3417 3411 3412
f 3414 3417 3412
f 3415 3417 3414
f 3402 3417 3415
f 3418 3419 3420
f 3421 3420 3422
f 3418 3420 3421
f 3421 3422 3423
f 3423 3422 3424
f 3423 3424 3425
f 3424 3426 3425
f 3426 3427 3428
f 3428 3427 3429
f 3430 3429 3431
f 3432 3431 3433
f 3430 3431 3432
f 3419 3432 3433
f 3419 3418 3434
f 3418 3421 3434
f 3421 3423 3434
f 3434 3423 3425
f 3434 3425 3426
f 3434 3426 3428
f 3434 3428 3429
f 3434 3429 3430
f 3432 3434 3430
f 3419 3434 3432
f 3435 3436 3437
f 3435 3437 3438
f 3439 3438 3440
f 3441 3440 3442
f 3439 3440 3441
f 3442 3443 3441
f 3443 3444 3445
f 3445 3444 3446
f 3447 3446 3448
f 3449 3448 3450
f 3447 3448 3449
f 3436 3449 3450
f 3436 3435 3451
f 3435 3438 3451
f 3438 3439 3451
f 3451 3439 3441
f 3451 3441 3443
f 3451 3443 3445
f 3451 3445 3446
f 3451 3446 3447
f 3449 3451 3447
f 3436 3451 3449
f 3452 3453 3454
f 3452 3455 3453
f 3452 3454 3456
f 3457 3456 3458
f 3459 3458 3460
f 3457 3458 3459
f 3460 3461 3462
f 3460 3462 3459
f 3461 3463 3464
f 3461 3464 3462
f 3464 3463 3465
f 3466 3465 3467
f 3455 3467 3453
f 3455 3466 3467
f 3455 3452 3468
f 3452 3456 3468
f 3456 3457 3468
f 3468 3457 3459
f 3468 3459 3462
f 3468 3462 3464
f 3468 3464 3465
f 3466 3468 3465
f 3455 3468 3466
f 3469 3470 3471
f 3469 3472 3470
f 3469 3471 3473
f 3474 3473 3475
f 3476 3475 3477
f 3474 3475 3476
f 3477 3478 3479
f 3477 3479 3476
f 3478 3480 3481
f 3478 3481 3479
f 3481 3480 3482
f 3483 3482 3484
f 3472 3484 3470
f 3472 3483 3484
f 3472 3469 3485
f 3469 3473 3485
f 3473 3474 3485
f 3485 3474 3476
f 3485 3476 3479
f 3485 3479 3481
f 3485 3481 3482
f 3483 3485 3482
f 3472 3485 3483
f 3486 3487 3488
f 3489 3486 3490
f 3491 3490 3492
f 3489 3490 3491
f 3492 3493 3494
f 3492 3494 3491
f 3493 3495 3496
f 3493 3496 3494
f 3497 3495 3498
f 3496 3495 3497
f 3497 3498 3499
f 3500 3499 3501
f 3487 3501 3488
f 3487 3500 3501
f 3487 3486 3502
f 3486 3489 3502
f 3489 3491 3502
f 3502 3491 3494
f 3502 3494 3496
f 3502 3496 3497
f 3499 3502 3497
f 3500 3502 3499
f 3487 3502 3500
f 3503 3504 3505
f 3503 3506 3504
f 3503 3505 3507
f 3508 3507 3509
f 3509 3510 3511
f 3509 3511 3508
f 3510 3512 3513
f 3510 3513 3511
f 3514 3512 3515
f 3513 3512 3514
f 3514 3515 3516
f 3517 3516 3518
f 3506 3518 3504
f 3506 3517 3518
f 3506 3503 3519
f 3503 3507 3519
f 3507 3508 3519
f 3519 3508 3511
f 3519 3511 3513
f 3519 3513 3514
f 3516 3519 3514
f 3517 3519 3516
f 3506 3519 3517
f 3520 3521 3522
f 3520 3522 3523
f 3524 3523 3525
f 3526 3525 3527
f 3524 3525 3526
f 3527 3528 3526
f 3528 3529 3530
f 3530 3529 3531
f 3532 3531 3533
f 3534 3533 3535
f 3532 3533 3534
f 3521 3534 3535
f 3521 3520 3536
f 3520 3523 3536
f 3523 3524 3536
f 3536 3524 3526
f 3536 3526 3528
f 3536 3528 3530
f 3536 3530 3531
f 3536 3531 3532
f 3534 3536 3532
f 3521 3536 3534
f 3537 3538 3539
f 3537 3539 3540
f 3541 3540 3542
f 3543 3542 3544
f 3541 3542 3543
f 3544 3545 3543
f 3545 3546 3547
f 3547 3546 3548
f 3549 3548 3550
f 3551 3550 3552
f 3549 3550 3551
f 3538 3551 3552
f 3538 3537 3553
f 3537 3540 3553
f 3540 3541 3553
f 3553 3541 3543
f 3553 3543 3545
f 3553 3545 3547
f 3553 3547 3548
f 3553 3548 3549
f 3551 3553 3549
f 3538 3553 3551
f 3554 3555 3556
f 3554 3557 3555
f 3554 3556 3558
f 3559 3558 3560
f 3561 3560 3562
f 3559 3560 3561
f 3562 3563 3564
f 3562 3564 3561
f 3563 3565 3566
f 3563 3566 3564
f 3566 3565 3567
f 3568 3567 3569
f 3557 3569 3555
f 3557 3568 3569
f 3557 3554 3570
f 3554 3558 3570
f 3558 3559 3570
f 3570 3559 3561
f 3570 3561 3564
f 3570 3564 3566
f 3570 3566 3567
f 3568 3570 3567
f 3557 3570 3568
f 3571 3572 3573
f 3571 3574 3572
f 3575 3573 3576
f 3571 3573 3575
f 3575 3576 3577
f 3578 3577 3579
f 3579 3580 3581
f 3579 3581 3578
f 3580 3582 3583
f 3580 3583 3581
f 3583 3582 3584
f 3585 3584 3586
f 3574 3586 3572
f 3574 3585 3586
f 3574 3571 3587
f 3571 3575 3587
f 3575 3577 3587
f 3587 3577 3578
f 3587 3578 3581
f 3587 3581 3583
f 3587 3583 3584
f 3585 3587 3584
f 3574 3587 3585
f 3588 3589 3590
f 3591 3589 3588
f 3592 3588 3593
f 3591 3588 3592
f 3591 3592 3594
f 3591 3594 3589
f 3594 3595 3589
f 3589 3595 3590
f 3590 3595 3593
f 3590 3593 3588
f 3596 3592 3593
f 3597 3592 3596
f 3597 3594 3592
f 3597 3598 3594
f 3594 3598 3595
f 3595 3598 3599
f 3593 3595 3599
f 3596 3593 3599
f 3600 3602 3601
f 3603 3600 3601
f 3597 3596 3600
f 3603 3597 3600
f 3603 3598 3597
f 3603 3601 3598
f 3598 3601 3599
f 3601 3602 3599
f 3602 3596 3599
f 3602 3600 3596
f 3604 3605 3606
f 3607 3604 3606
f 3607 3606 3608
f 3608 3606 3609
f 3606 3610 3609
f 3606 3611 3610
f 3606 3605 3611
f 3612 3613 3614
f 3615 3613 3612
f 3616 3614 3617
f 3616 3612 3614
f 3618 3617 3619
f 3618 3616 3617
f 3620 3619 3621
f 3618 3619 3620
f 3622 3621 3623
f 3620 3621 3622
f 3623 3624 3625
f 3623 3625 3622
f 3624 3626 3627
f 3624 3627 3625
f 3615 3626 3613
f 3627 3626 3615
f 3612 3628 3615
f 3616 3628 3612
f 3616 3618 3628
f 3618 3620 3628
f 3620 3622 3628
f 3628 3622 3625
f 3628 3625 3627
f 3628 3627 3615
f 3629 3630 3631
f 3632 3631 3633
f 3634 3633 3635
f 3634 3632 3633
f 3636 3635 3637
f 3634 3635 3636
f 3638 3637 3639
f 3636 3637 3638
f 3639 3640 3641
f 3639 3641 3638
f 3640 3642 3643
f 3640 3643 3641
f 3643 3642 3644
f 3629 3644 3630
f 3631 3645 3629
f 3632 3645 3631
f 3632 3634 3645
f 3634 3636 3645
f 3636 3638 3645
f 3645 3638 3641
f 3645 3641 3643
f 3645 3643 3644
f 3645 3644 3629
f 3646 3647 3648
f 3646 3649 3647
f 3646 3650 3651
f 3646 3651 3649
f 3651 3652 3649
f 3649 3652 3647
f 3647 3652 3653
f 3647 3653 3648
f 3650 3648 3653
f 3646 3648 3650
f 3650 3654 3651
f 3655 3654 3650
f 3656 3653 3652
f 3656 3652 3657
f 3655 3650 3653
f 3655 3653 3656
f 3651 3657 3652
f 3651 3654 3657
f 3658 3660 3659
f 3658 3659 3661
f 3658 3654 3655
f 3658 3661 3654
f 3654 3661 3657
f 3661 3659 3657
f 3659 3656 3657
f 3659 3660 3656
f 3655 3656 3660
f 3658 3655 3660
f 3662 3663 3664
f 3662 3664 3665
f 3662 3665 3666
f 3666 3665 3667
f 3668 3667 3669
f 3666 3667 3668
f 3669 3670 3668
f 3670 3671 3672
f 3671 3673 3672
f 3674 3673 3675
f 3674 3675 3676
f 3677 3676 3678
f 3663 3677 3678
f 3679 3680 3681
f 3682 3667 3681
f 3681 3667 3679
f 3683 3684 3682
f 3682 3684 3667
f 3683 3685 3684
f 3685 3686 3687
f 3686 3688 3687
f 3689 3690 3688
f 3680 3690 3689
f 3664 3680 3679
f 3663 3680 3664
f 3664 3679 3665
f 3679 3667 3665
f 3667 3684 3669
f 3684 3685 3670
f 3684 3670 3669
f 3685 3671 3670
f 3687 3671 3685
f 3687 3673 3671
f 3688 3675 3687
f 3675 3673 3687
f 3676 3688 3690
f 3676 3675 3688
f 3678 3676 3690
f 3678 3690 3680
f 3663 3678 3680
f 3691 3692 3693
f 3691 3694 3692
f 3691 3693 3695
f 3696 3695 3697
f 3697 3698 3699
f 3697 3699 3696
f 3698 3700 3699
f 3700 3701 3699
f 3700 3702 3701
f 3703 3702 3704
f 3701 3702 3703
f 3703 3704 3705
f 3706 3705 3707
f 3694 3707 3692
f 3694 3706 3707
f 3708 3709 3710
f 3708 3711 3709
f 3710 3712 3708
f 3713 3714 3715
f 3711 3713 3709
f 3711 3714 3713
f 3692 3711 3708
f 3692 3708 3693
f 3708 3712 3693
f 3693 3712 3695
f 3712 3716 3697
f 3712 3697 3695
f 3716 3717 3698
f 3716 3698 3697
f 3717 3700 3698
f 3718 3700 3717
f 3719 3702 3718
f 3718 3702 3700
f 3704 3702 3719
f 3704 3719 3715
f 3705 3715 3714
f 3705 3704 3715
f 3707 3705 3714
f 3707 3714 3711
f 3692 3707 3711
f 3720 3721 3722
f 3720 3723 3721
f 3720 3722 3724
f 3725 3724 3726
f 3726 3727 3725
f 3727 3728 3729
f 3728 3730 3729
f 3731 3730 3732
f 3731 3732 3733
f 3734 3733 3735
f 3723 3735 3721
f 3723 3734 3735
f 3736 3737 3738
f 3739 3740 3741
f 3739 3742 3740
f 3743 3744 3745
f 3746 3747 3744
f 3744 3747 3745
f 3746 3748 3747
f 3737 3748 3738
f 3722 3737 3736
f 3721 3737 3722
f 3736 3741 3724
f 3722 3736 3724
f 3741 3740 3726
f 3741 3726 3724
f 3740 3742 3727
f 3740 3727 3726
f 3742 3728 3727
f 3743 3728 3742
f 3745 3730 3743
f 3743 3730 3728
f 3732 3730 3745
f 3732 3745 3747
f 3733 3732 3747
f 3735 3747 3748
f 3735 3733 3747
f 3721 3748 3737
f 3721 3735 3748
f 3749 3750 3751
f 3752 3749 3753
f 3752 3753 3754
f 3755 3754 3756
f 3756 3757 3755
f 3757 3758 3759
f 3758 3760 3759
f 3761 3760 3762
f 3763 3762 3764
f 3761 3762 3763
f 3750 3764 3751
f 3750 3763 3764
f 3765 3766 3767
f 3765 3768 3766
f 3769 3770 3771
f 3772 3773 3770
f 3770 3773 3771
f 3774 3775 3772
f 3772 3775 3773
f 3776 3775 3774
f 3749 3776 3767
f 3751 3776 3749
f 3749 3767 3753
f 3767 3766 3753
f 3753 3766 3754
f 3766 3768 3756
f 3766 3756 3754
f 3768 3777 3757
f 3768 3757 3756
f 3777 3769 3758
f 3777 3758 3757
f 3771 3760 3769
f 3769 3760 3758
f 3762 3760 3771
f 3762 3771 3773
f 3764 3762 3773
f 3764 3773 3775
f 3751 3764 3775
f 3751 3775 3776
f 3778 3779 3780
f 3781 3778 3782
f 3781 3782 3783
f 3784 3783 3785
f 3785 3786 3787
f 3785 3787 3784
f 3786 3788 3789
f 3786 3789 3787
f 3789 3788 3790
f 3791 3790 3792
f 3791 3792 3793
f 3779 3793 3780
f 3794 3795 3796
f 3794 3797 3795
f 3797 3798 3799
f 3798 3800 3799
f 3801 3802 3803
f 3804 3802 3801
f 3778 3804 3796
f 3780 3804 3778
f 3778 3796 3782
f 3796 3795 3782
f 3782 3795 3783
f 3795 3797 3785
f 3795 3785 3783
f 3797 3799 3786
f 3797 3786 3785
f 3800 3788 3799
f 3799 3788 3786
f 3805 3790 3800
f 3790 3788 3800
f 3792 3790 3805
f 3792 3805 3803
f 3793 3803 3802
f 3793 3792 3803
f 3780 3793 3802
f 3780 3802 3804
f 3806 3807 3808
f 3806 3809 3807
f 3806 3808 3810
f 3811 3810 3812
f 3812 3813 3811
f 3813 3814 3815
f 3814 3816 3817
f 3814 3817 3815
f 3818 3816 3819
f 3817 3816 3818
f 3820 3819 3821
f 3818 3819 3820
f 3809 3821 3807
f 3809 3820 3821
f 3809 3806 3822
f 3806 3810 3822
f 3810 3811 3822
f 3822 3811 3813
f 3822 3813 3815
f 3822 3815 3817
f 3822 3817 3818
f 3820 3822 3818
f 3809 3822 3820
f 3823 3824 3825
f 3823 3826 3824
f 3823 3825 3827
f 3828 3827 3829
f 3829 3830 3831
f 3829 3831 3828
f 3830 3832 3833
f 3830 3833 3831
f 3833 3832 3834
f 3835 3834 3836
f 3837 3836 3838
f 3835 3836 3837
f 3826 3838 3824
f 3826 3837 3838
f 3826 3823 3839
f 3823 3827 3839
f 3827 3828 3839
f 3839 3828 3831
f 3839 3831 3833
f 3839 3833 3834
f 3839 3834 3835
f 3837 3839 3835
f 3826 3839 3837
f 3840 3841 3842
f 3840 3843 3841
f 3840 3842 3844
f 3845 3844 3846
f 3846 3847 3848
f 3846 3848 3845
f 3847 3849 3850
f 3847 3850 3848
f 3850 3849 3851
f 3852 3851 3853
f 3854 3853 3855
f 3852 3853 3854
f 3843 3855 3841
f 3843 3854 3855
f 3843 3840 3856
f 3840 3844 3856
f 3844 3845 3856
f 3856 3845 3848
f 3856 3848 3850
f 3856 3850 3851
f 3856 3851 3852
f 3854 3856 3852
f 3843 3856 3854
f 3857 3858 3859
f 3857 3860 3858
f 3861 3859 3862
f 3857 3859 3861
f 3863 3862 3864
f 3861 3862 3863
f 3864 3865 3863
f 3865 3866 3867
f 3867 3866 3868
f 3869 3868 3870
f 3871 3870 3872
f 3869 3870 3871
f 3860 3872 3858
f 3860 3871 3872
f 3860 3857 3873
f 3857 3861 3873
f 3873 3861 3863
f 3873 3863 3865
f 3873 3865 3867
f 3873 3867 3868
f 3873 3868 3869
f 3871 3873 3869
f 3860 3873 3871
f 3874 3875 3876
f 3874 3877 3875
f 3878 3876 3879
f 3874 3876 3878
f 3878 3879 3880
f 3881 3880 3882
f 3882 3883 3881
f 3883 3884 3885
f 3886 3884 3887
f 3885 3884 3886
f 3888 3887 3889
f 3886 3887 3888
f 3877 3889 3875
f 3877 3888 3889
f 3877 3874 3890
f 3874 3878 3890
f 3878 3880 3890
f 3890 3880 3881
f 3890 3881 3883
f 3890 3883 3885
f 3890 3885 3886
f 3888 3890 3886
f 3877 3890 3888
f 3891 3892 3893
f 3891 3894 3892
f 3895 3893 3896
f 3891 3893 3895
f 3895 3896 3897
f 3898 3897 3899
f 3899 3900 3898
f 3900 3901 3902
f 3903 3901 3904
f 3902 3901 3903
f 3905 3904 3906
f 3903 3904 3905
f 3894 3906 3892
f 3894 3905 3906
f 3894 3891 3907
f 3891 3895 3907
f 3895 3897 3907
f 3907 3897 3898
f 3907 3898 3900
f 3907 3900 3902
f 3907 3902 3903
f 3905 3907 3903
f 3894 3907 3905
f 3908 3909 3910
f 3908 3911 3909
f 3908 3910 3912
f 3913 3912 3914
f 3914 3915 3916
f 3914 3916 3913
f 3915 3917 3918
f 3915 3918 3916
f 3918 3917 3919
f 3920 3919 3921
f 3922 3921 3923
f 3920 3921 3922
f 3911 3923 3909
f 3911 3922 3923
f 3911 3908 3924
f 3908 3912 3924
f 3912 3913 3924
f 3924 3913 3916
f 3924 3916 3918
f 3924 3918 3919
f 3924 3919 3920
f 3922 3924 3920
f 3911 3924 3922
f 3925 3926 3927
f 3925 3928 3926
f 3925 3927 3929
f 3930 3929 3931
f 3931 3932 3933
f 3931 3933 3930
f 3932 3934 3935
f 3932 3935 3933
f 3935 3934 3936
f 3937 3936 3938
f 3939 3938 3940
f 3937 3938 3939
f 3928 3940 3926
f 3928 3939 3940
f 3928 3925 3941
f 3925 3929 3941
f 3929 3930 3941
f 3941 3930 3933
f 3941 3933 3935
f 3941 3935 3936
f 3941 3936 3937
f 3939 3941 3937
f 3928 3941 3939
f 3942 3943 3944
f 3945 3942 3946
f 3947 3946 3948
f 3945 3946 3947
f 3947 3948 3949
f 3949 3950 3951
f 3950 3952 3953
f 3950 3953 3951
f 3954 3952 3955
f 3953 3952 3954
f 3956 3955 3957
f 3954 3955 3956
f 3943 3957 3944
f 3943 3956 3957
f 3943 3942 3958
f 3942 3945 3958
f 3945 3947 3958
f 3958 3947 3949
f 3958 3949 3951
f 3958 3951 3953
f 3958 3953 3954
f 3956 3958 3954
f 3943 3958 3956
f 3959 3960 3961
f 3959 3962 3960
f 3963 3961 3964
f 3959 3961 3963
f 3963 3964 3965
f 3965 3966 3967
f 3966 3968 3969
f 3966 3969 3967
f 3969 3968 3970
f 3971 3970 3972
f 3973 3972 3974
f 3971 3972 3973
f 3962 3974 3960
f 3962 3973 3974
f 3962 3959 3975
f 3959 3963 3975
f 3975 3963 3965
f 3975 3965 3967
f 3975 3967 3969
f 3975 3969 3970
f 3975 3970 3971
f 3973 3975 3971
f 3962 3975 3973
f 3976 3977 3978
f 3976 3979 3977
f 3980 3978 3981
f 3976 3978 3980
f 3982 3981 3983
f 3980 3981 3982
f 3983 3984 3985
f 3983 3985 3982
f 3984 3986 3987
f 3984 3987 3985
f 3988 3986 3989
f 3987 3986 3988
f 3990 3989 3991
f 3988 3989 3990
f 3979 3991 3977
f 3979 3990 3991
f 3979 3976 3992
f 3976 3980 3992
f 3980 3982 3992
f 3992 3982 3985
f 3992 3985 3987
f 3992 3987 3988
f 3990 3992 3988
f 3979 3992 3990
f 3993 3994 3995
f 3993 3996 3994
f 3997 3995 3998
f 3993 3995 3997
f 3997 3998 3999
f 4000 3999 4001
f 4001 4002 4000
f 4002 4003 4004
f 4005 4003 4006
f 4004 4003 4005
f 4007 4006 4008
f 4005 4006 4007
f 3996 4008 3994
f 3996 4007 4008
f 3996 3993 4009
f 3993 3997 4009
f 3997 3999 4009
f 4009 3999 4000
f 4009 4000 4002
f 4009 4002 4004
f 4009 4004 4005
f 4007 4009 4005
f 3996 4009 4007
f 4010 4012 4011
f 4010 4011 4013
f 4010 4015 4014
f 4010 4013 4015
f 4015 4013 4016
f 4013 4011 4016
f 4011 4017 4016
f 4011 4012 4017
f 4014 4017 4012
f 4010 4014 4012
f 4018 4014 4015
f 4018 4015 4019
f 4017 4020 4016
f 4021 4020 4017
f 4021 4017 4014
f 4021 4014 4018
f 4016 4019 4015
f 4016 4020 4019
f 4022 2550 2551
f 4022 4023 2550
f 4022 4018 4019
f 4022 4019 4023
f 4019 4020 4023
f 4023 4020 2550
f 2550 4020 4021
f 4018 2551 4021
f 4022 2551 4018
f 4024 4025 4026
f 4027 4024 4028
f 4027 4028 4029
f 4030 4029 4031
f 4030 4031 4032
f 4032 4033 4030
f 4032 4034 4033
f 4034 4035 4036
f 4034 4036 4033
f 4037 4035 4038
f 4036 4035 4037
f 4039 4038 4040
f 4037 4038 4039
f 4025 4040 4026
f 4025 4039 4040
f 4041 4042 4043
f 4043 4044 4041
f 4045 4046 4044
f 4045 4047 4034
f 4045 4034 4046
f 4047 4048 4049
f 4047 4049 4034
f 4048 4050 4049
f 4024 4042 4041
f 4026 4042 4024
f 4024 4041 4028
f 4041 4044 4028
f 4028 4044 4029
f 4044 4046 4031
f 4044 4031 4029
f 4046 4032 4031
f 4046 4034 4032
f 4049 4035 4034
f 4050 4038 4049
f 4038 4035 4049
f 4040 4050 4051
f 4040 4038 4050
f 4040 4051 4052
f 4026 4040 4052
f 4026 4052 4042
f 4053 4054 4055
f 4056 4053 4057
f 4056 4057 4058
f 4059 4058 4060
f 4060 4061 4062
f 4060 4062 4059
f 4061 4063 4062
f 4063 4064 4062
f 4063 4065 4064
f 4066 4065 4067
f 4064 4065 4066
f 4068 4067 4069
f 4066 4067 4068
f 4054 4069 4055
f 4054 4068 4069
f 4070 4071 4072
f 4073 4074 4072
f 4072 4074 4070
f 4073 4075 4074
f 4076 4077 4078
f 4076 4079 4077
f 4053 4071 4070
f 4055 4071 4053
f 4053 4070 4057
f 4070 4074 4057
f 4057 4074 4058
f 4074 4075 4060
f 4074 4060 4058
f 4075 4080 4061
f 4075 4061 4060
f 4080 4063 4061
f 4081 4063 4080
f 4078 4065 4081
f 4081 4065 4063
f 4067 4065 4078
f 4067 4078 4077
f 4069 4067 4077
f 4069 4077 4079
f 4055 4079 4071
f 4055 4069 4079
f 4082 4083 4084
f 4085 4084 4086
f 4082 4084 4085
f 4085 4086 4087
f 4085 4087 4088
f 4088 4087 4089
f 4089 4090 4088
f 4090 4091 4092
f 4091 4093 4092
f 4093 4094 4092
f 4094 4093 4095
f 4094 4095 4096
f 4096 4095 4097
f 4098 4097 4099
f 4096 4097 4098
f 4083 4098 4099
f 4100 4101 4102
f 4103 4104 4100
f 4105 4089 4103
f 4103 4089 4104
f 4105 4106 4091
f 4105 4091 4089
f 4106 4107 4091
f 4108 4097 4109
f 4108 4110 4097
f 4101 4110 4102
f 4084 4101 4100
f 4083 4101 4084
f 4100 4104 4086
f 4084 4100 4086
f 4086 4104 4087
f 4104 4089 4087
f 4089 4091 4090
f 4107 4093 4091
f 4109 4093 4107
f 4095 4093 4109
f 4095 4109 4097
f 4099 4097 4110
f 4099 4110 4101
f 4083 4099 4101
f 4111 4112 4113
f 4111 4114 4112
f 4115 4113 4116
f 4111 4113 4115
f 4117 4116 4118
f 4115 4116 4117
f 4118 4119 4117
f 4119 4120 4121
f 4122 4120 4123
f 4121 4120 4122
f 4124 4123 4125
f 4122 4123 4124
f 4126 4124 4125
f 4114 4126 4112
f 4114 4111 4127
f 4111 4115 4127
f 4127 4115 4117
f 4127 4117 4119
f 4127 4119 4121
f 4127 4121 4122
f 4124 4127 4122
f 4126 4127 4124
f 4114 4127 4126
f 4128 4129 4130
f 4131 4128 4132
f 4133 4132 4134
f 4131 4132 4133
f 4135 4134 4136
f 4133 4134 4135
f 4136 4137 4135
f 4137 4138 4139
f 4140 4138 4141
f 4139 4138 4140
f 4142 4141 4143
f 4140 4141 4142
f 4129 4143 4130
f 4129 4142 4143
f 4129 4128 4144
f 4128 4131 4144
f 4131 4133 4144
f 4144 4133 4135
f 4144 4135 4137
f 4144 4137 4139
f 4144 4139 4140
f 4142 4144 4140
f 4129 4144 4142
f 4145 4146 4147
f 4148 4145 4149
f 4150 4149 4151
f 4148 4149 4150
f 4150 4151 4152
f 4152 4153 4154
f 4153 4155 4156
f 4153 4156 4154
f 4157 4155 4158
f 4156 4155 4157
f 4159 4158 4160
f 4157 4158 4159
f 4146 4160 4147
f 4146 4159 4160
f 4146 4145 4161
f 4145 4148 4161
f 4148 4150 4161
f 4161 4150 4152
f 4161 4152 4154
f 4161 4154 4156
f 4161 4156 4157
f 4159 4161 4157
f 4146 4161 4159
f 4162 4163 4164
f 4165 4162 4166
f 4167 4166 4168
f 4165 4166 4167
f 4167 4168 4169
f 4169 4170 4171
f 4170 4172 4173
f 4170 4173 4171
f 4174 4172 4175
f 4173 4172 4174
f 4176 4175 4177
f 4174 4175 4176
f 4163 4177 4164
f 4163 4176 4177
f 4163 4162 4178
f 4162 4165 4178
f 4165 4167 4178
f 4178 4167 4169
f 4178 4169 4171
f 4178 4171 4173
f 4178 4173 4174
f 4176 4178 4174
f 4163 4178 4176
f 4179 4180 4181
f 4179 4182 4180
f 4183 4181 4184
f 4179 4181 4183
f 4185 4184 4186
f 4183 4184 4185
f 4186 4187 4185
f 4187 4188 4189
f 4190 4188 4191
f 4189 4188 4190
f 4192 4191 4193
f 4190 4191 4192
f 4194 4192 4193
f 4182 4194 4180
f 4182 4179 4195
f 4179 4183 4195
f 4195 4183 4185
f 4195 4185 4187
f 4195 4187 4189
f 4195 4189 4190
f 4192 4195 4190
f 4194 4195 4192
f 4182 4195 4194
f 4196 4197 4198
f 4196 4199 4197
f 4200 4198 4201
f 4196 4198 4200
f 4202 4201 4203
f 4200 4201 4202
f 4203 4204 4202
f 4204 4205 4206
f 4207 4205 4208
f 4206 4205 4207
f 4209 4208 4210
f 4207 4208 4209
f 4211 4209 4210
f 4199 4211 4197
f 4199 4196 4212
f 4196 4200 4212
f 4212 4200 4202
f 4212 4202 4204
f 4212 4204 4206
f 4212 4206 4207
f 4209 4212 4207
f 4211 4212 4209
f 4199 4212 4211
f 4213 4214 4215
f 4216 4213 4217
f 4218 4217 4219
f 4216 4217 4218
f 4220 4219 4221
f 4218 4219 4220
f 4221 4222 4220
f 4222 4223 4224
f 4225 4223 4226
f 4224 4223 4225
f 4227 4226 4228
f 4225 4226 4227
f 4214 4228 4215
f 4214 4227 4228
f 4214 4213 4229
f 4213 4216 4229
f 4216 4218 4229
f 4229 4218 4220
f 4229 4220 4222
f 4229 4222 4224
f 4229 4224 4225
f 4227 4229 4225
f 4214 4229 4227
f 4230 4231 4232
f 4233 4230 4234
f 4235 4234 4236
f 4233 4234 4235
f 4235 4236 4237
f 4237 4238 4239
f 4238 4240 4241
f 4238 4241 4239
f 4242 4240 4243
f 4241 4240 4242
f 4244 4243 4245
f 4242 4243 4244
f 4231 4245 4232
f 4231 4244 4245
f 4231 4230 4246
f 4230 4233 4246
f 4233 4235 4246
f 4246 4235 4237
f 4246 4237 4239
f 4246 4239 4241
f 4246 4241 4242
f 4244 4246 4242
f 4231 4246 4244
f 4247 4248 4249
f 4247 4250 4248
f 4247 4251 4252
f 4247 4252 4250
f 4252 4253 4250
f 4250 4253 4248
f 4248 4253 4254
f 4248 4254 4249
f 4251 4249 4254
f 4247 4249 4251
f 4255 4252 4251
f 4255 4256 4252
f 4253 4252 4256
f 4253 4256 2740
f 4254 4253 2740
f 4257 4254 2740
f 4257 4251 4254
f 4257 4255 4251
f 4258 4260 4259
f 4258 4259 4261
f 4258 4256 4255
f 4258 4261 4256
f 4256 4261 2740
f 4261 4259 2740
f 4259 4257 2740
f 4259 4260 4257
f 4255 4257 4260
f 4258 4255 4260
f 4262 4263 4264
f 4262 4265 4263
f 4266 4264 4267
f 4262 4264 4266
f 4266 4267 4268
f 4268 4267 4269
f 4268 4269 4270
f 4269 4271 4270
f 4271 4272 4270
f 4271 4273 4272
f 4273 4274 4272
f 4274 4273 4275
f 4274 4275 4276
f 4277 4275 4278
f 4276 4275 4277
f 4265 4278 4263
f 4265 4277 4278
f 4265 4262 4279
f 4262 4266 4279
f 4266 4268 4279
f 4279 4268 4270
f 4279 4270 4272
f 4279 4272 4274
f 4279 4274 4276
f 4277 4279 4276
f 4265 4279 4277
f 4280 4281 4282
f 4280 4283 4281
f 4280 4284 4285
f 4280 4285 4283
f 4285 4286 4283
f 4283 4286 4281
f 4281 4286 4287
f 4281 4287 4282
f 4284 4282 4287
f 4280 4282 4284
f 4288 4285 4284
f 4288 4289 4285
f 4286 4285 4289
f 4286 4289 4290
f 4287 4286 4290
f 4291 4287 4290
f 4291 4284 4287
f 4291 4288 4284
f 4292 4294 4293
f 4292 4293 4295
f 4292 4289 4288
f 4292 4295 4289
f 4289 4295 4290
f 4295 4293 4290
f 4293 4291 4290
f 4293 4294 4291
f 4288 4291 4294
f 4292 4288 4294
f 4296 4297 4298
f 4296 4299 4297
f 4296 4298 4300
f 4301 4300 4302
f 4303 4302 4304
f 4301 4302 4303
f 4304 4305 4306
f 4304 4306 4303
f 4305 4307 4308
f 4305 4308 4306
f 4309 4307 4310
f 4308 4307 4309
f 4309 4310 4311
f 4299 4311 4297
f 4299 4296 4312
f 4296 4300 4312
f 4300 4301 4312
f 4312 4301 4303
f 4312 4303 4306
f 4312 4306 4308
f 4312 4308 4309
f 4311 4312 4309
f 4299 4312 4311
f 4313 4314 4315
f 4315 4314 4316
f 4317 4318 4314
f 4314 4318 4316
f 4316 4318 4319
f 4316 4319 4315
f 4320 4315 4319
f 4313 4315 4320
f 4313 4320 4317
f 4313 4317 4314
f 4317 4321 4318
f 4318 4321 4322
f 4319 4318 4322
f 4323 4319 4322
f 4323 4320 4319
f 4324 4320 4323
f 4324 4317 4320
f 4324 4321 4317
f 4325 4327 4326
f 4327 4328 4326
f 4321 4326 4322
f 4326 4328 4322
f 4328 4323 4322
f 4328 4327 4323
f 4324 4323 4327
f 4325 4324 4327
f 4325 4321 4324
f 4325 4326 4321
f 4329 4330 4331
f 4332 4331 4330
f 4332 4333 4331
f 4334 4333 4332
f 4335 4334 4332
f 4335 4332 4336
f 4336 4332 4330
f 4337 4338 4339
f 4340 4338 4337
f 4339 4341 4337
f 4341 4342 4343
f 4343 4342 4344
f 4345 4344 4346
f 4345 4346 4347
f 4348 4347 4349
f 4350 4348 4349
f 4351 4350 4352
f 4340 4352 4338
f 4351 4352 4340
f 4353 4340 4337
f 4353 4337 4341
f 4353 4341 4343
f 4353 4343 4344
f 4353 4344 4345
f 4347 4353 4345
f 4348 4353 4347
f 4348 4350 4353
f 4350 4351 4353
f 4351 4340 4353
f 4354 4355 4356
f 4354 4356 4357
f 4356 4358 4357
f 4358 4359 4357
f 4358 4360 4361
f 4358 4361 4359
f 4362 4360 4363
f 4361 4360 4362
f 4362 4363 4364
f 4365 4364 4366
f 4367 4366 4368
f 4367 4365 4366
f 4369 4368 4355
f 4367 4368 4369
f 4369 4355 4354
f 4370 4354 4357
f 4370 4357 4359
f 4370 4359 4361
f 4370 4361 4362
f 4364 4370 4362
f 4365 4370 4364
f 4365 4367 4370
f 4367 4369 4370
f 4369 4354 4370
f 4371 4372 4373
f 4371 4374 4372
f 4371 4375 4376
f 4371 4376 4374
f 4376 4377 4374
f 4374 4377 4372
f 4372 4377 4378
f 4372 4378 4373
f 4375 4373 4378
f 4371 4373 4375
f 4379 4376 4375
f 4379 4380 4376
f 4378 4377 4381
f 4382 4378 4381
f 4382 4375 4378
f 4382 4379 4375
f 4377 4376 4380
f 4377 4380 4381
f 4383 4385 4384
f 4383 4384 4386
f 4383 4380 4379
f 4383 4386 4380
f 4380 4386 4381
f 4386 4384 4381
f 4384 4382 4381
f 4384 4385 4382
f 4379 4382 4385
f 4383 4379 4385
f 4387 4388 4389
f 4387 4389 4390
f 4387 4390 4391
f 4392 4391 4393
f 4392 4393 4394
f 4394 4395 4396
f 4395 4397 4398
f 4395 4398 4396
f 4399 4397 4400
f 4398 4397 4399
f 4401 4400 4402
f 4399 4400 4401
f 4388 4402 4403
f 4388 4401 4402
f 4388 4403 4389
f 4390 4404 4405
f 4390 4406 4404
f 4405 4407 4390
f 4408 4409 4407
f 4408 4410 4409
f 4406 4411 4404
f 4389 4406 4390
f 4390 4407 4391
f 4391 4407 4393
f 4407 4409 4393
f 4409 4394 4393
f 4409 4410 4395
f 4409 4395 4394
f 4412 4397 4410
f 4410 4397 4395
f 4413 4397 4412
f 4400 4397 4413
f 4400 4413 4414
f 4402 4414 4411
f 4402 4400 4414
f 4403 4411 4406
f 4403 4402 4411
f 4389 4403 4406
f 4415 4416 4417
f 4418 4415 4419
f 4418 4419 4420
f 4421 4420 4422
f 4422 4423 4424
f 4422 4424 4421
f 4423 4425 4424
f 4425 4426 4424
f 4425 4427 4426
f 4426 4427 4428
f 4428 4427 4429
f 4430 4429 4431
f 4428 4429 4430
f 4416 4431 4417
f 4416 4430 4431
f 4432 4433 4434
f 4435 4432 4434
f 4434 4436 4435
f 4437 4438 4439
f 4438 4440 4439
f 4417 4441 4433
f 4432 4417 4433
f 4417 4432 4415
f 4419 4432 4435
f 4415 4432 4419
f 4435 4436 4420
f 4419 4435 4420
f 4436 4442 4422
f 4436 4422 4420
f 4442 4443 4423
f 4442 4423 4422
f 4443 4437 4425
f 4443 4425 4423
f 4439 4427 4437
f 4437 4427 4425
f 4429 4439 4440
f 4429 4427 4439
f 4431 4440 4441
f 4431 4429 4440
f 4417 4431 4441
f 4444 4445 4446
f 4447 4444 4448
f 4447 4448 4449
f 4450 4449 4451
f 4451 4452 4453
f 4451 4453 4450
f 4452 4454 4453
f 4454 4455 4456
f 4457 4455 4458
f 4456 4455 4457
f 4457 4458 4459
f 4445 4459 4446
f 4460 4461 4462
f 4463 4464 4465
f 4464 4466 4465
f 4467 4468 4466
f 4469 4470 4467
f 4467 4470 4468
f 4461 4469 4462
f 4461 4470 4469
f 4446 4461 4444
f 4448 4461 4460
f 4444 4461 4448
f 4460 4471 4449
f 4448 4460 4449
f 4471 4472 4451
f 4471 4451 4449
f 4472 4463 4452
f 4472 4452 4451
f 4463 4465 4452
f 4465 4454 4452
f 4466 4455 4465
f 4465 4455 4454
f 4458 4466 4468
f 4458 4455 4466
f 4459 4468 4470
f 4459 4458 4468
f 4446 4459 4470
f 4446 4470 4461
f 4473 4474 4475
f 4473 4476 4474
f 4473 4475 4477
f 4478 4477 4479
f 4479 4480 4481
f 4479 4481 4478
f 4480 4482 4483
f 4480 4483 4481
f 4484 4482 4485
f 4483 4482 4484
f 4484 4485 4486
f 4487 4486 4488
f 4476 4488 4474
f 4476 4487 4488
f 4476 4473 4489
f 4473 4477 4489
f 4477 4478 4489
f 4489 4478 4481
f 4489 4481 4483
f 4489 4483 4484
f 4486 4489 4484
f 4487 4489 4486
f 4476 4489 4487
f 4490 4491 4492
f 4490 4492 4493
f 4494 4493 4495
f 4496 4495 4497
f 4494 4495 4496
f 4497 4498 4496
f 4498 4499 4500
f 4500 4499 4501
f 4502 4501 4503
f 4504 4503 4505
f 4502 4503 4504
f 4491 4504 4505
f 4491 4490 4506
f 4490 4493 4506
f 4493 4494 4506
f 4506 4494 4496
f 4506 4496 4498
f 4506 4498 4500
f 4506 4500 4501
f 4506 4501 4502
f 4504 4506 4502
f 4491 4506 4504
f 4507 4508 4509
f 4507 4509 4510
f 4511 4510 4512
f 4513 4512 4514
f 4511 4512 4513
f 4514 4515 4513
f 4515 4516 4517
f 4517 4516 4518
f 4519 4518 4520
f 4521 4520 4522
f 4519 4520 4521
f 4508 4521 4522
f 4508 4507 4523
f 4507 4510 4523
f 4510 4511 4523
f 4523 4511 4513
f 4523 4513 4515
f 4523 4515 4517
f 4523 4517 4518
f 4523 4518 4519
f 4521 4523 4519
f 4508 4523 4521
f 4524 4525 4526
f 4524 4526 4527
f 4528 4527 4529
f 4530 4529 4531
f 4528 4529 4530
f 4531 4532 4530
f 4532 4533 4534
f 4535 4533 4536
f 4534 4533 4535
f 4535 4536 4537
f 4537 4536 4538
f 4537 4538 4539
f 4525 4539 4538
f 4525 4524 4540
f 4524 4527 4540
f 4527 4528 4540
f 4540 4528 4530
f 4540 4530 4532
f 4540 4532 4534
f 4540 4534 4535
f 4540 4535 4537
f 4539 4540 4537
f 4525 4540 4539
f 4541 4542 4543
f 4541 4544 4542
f 4541 4543 4545
f 4546 4545 4547
f 4547 4548 4549
f 4547 4549 4546
f 4548 4550 4551
f 4548 4551 4549
f 4551 4550 4552
f 4553 4552 4554
f 4555 4554 4556
f 4553 4554 4555
f 4544 4556 4542
f 4544 4555 4556
f 4544 4541 4557
f 4541 4545 4557
f 4545 4546 4557
f 4557 4546 4549
f 4557 4549 4551
f 4557 4551 4552
f 4557 4552 4553
f 4555 4557 4553
f 4544 4557 4555
f 4558 4559 4560
f 4558 4561 4559
f 4558 4560 4562
f 4563 4562 4564
f 4564 4565 4566
f 4564 4566 4563
f 4565 4567 4568
f 4565 4568 4566
f 4568 4567 4569
f 4570 4569 4571
f 4572 4571 4573
f 4570 4571 4572
f 4561 4573 4559
f 4561 4572 4573
f 4561 4558 4574
f 4558 4562 4574
f 4562 4563 4574
f 4574 4563 4566
f 4574 4566 4568
f 4574 4568 4569
f 4574 4569 4570
f 4572 4574 4570
f 4561 4574 4572
f 4575 4576 4577
f 4575 4578 4576
f 4579 4577 4580
f 4575 4577 4579
f 4581 4580 4582
f 4579 4580 4581
f 4582 4583 4581
f 4583 4584 4585
f 4585 4584 4586
f 4587 4586 4588
f 4589 4588 4590
f 4587 4588 4589
f 4578 4590 4576
f 4578 4589 4590
f 4578 4575 4591
f 4575 4579 4591
f 4591 4579 4581
f 4591 4581 4583
f 4591 4583 4585
f 4591 4585 4586
f 4591 4586 4587
f 4589 4591 4587
f 4578 4591 4589
f 4592 4593 4594
f 4592 4595 4593
f 4596 4594 4597
f 4592 4594 4596
f 4596 4597 4598
f 4599 4598 4600
f 4600 4601 4599
f 4601 4602 4603
f 4604 4602 4605
f 4603 4602 4604
f 4606 4605 4607
f 4604 4605 4606
f 4595 4607 4593
f 4595 4606 4607
f 4595 4592 4608
f 4592 4596 4608
f 4596 4598 4608
f 4608 4598 4599
f 4608 4599 4601
f 4608 4601 4603
f 4608 4603 4604
f 4606 4608 4604
f 4595 4608 4606
f 4609 4610 4611
f 4609 4612 4610
f 4609 4613 4614
f 4609 4614 4612
f 4614 4615 4612
f 4612 4615 4610
f 4610 4615 4616
f 4610 4616 4611
f 4613 4611 4616
f 4609 4611 4613
f 4617 4614 4613
f 4617 4618 4614
f 4616 4615 4619
f 4620 4616 4619
f 4620 4613 4616
f 4620 4617 4613
f 4615 4614 4618
f 4615 4618 4619
f 4621 4623 4622
f 4621 4622 4624
f 4621 4618 4617
f 4621 4624 4618
f 4618 4624 4619
f 4624 4622 4619
f 4622 4620 4619
f 4622 4623 4620
f 4617 4620 4623
f 4621 4617 4623
f 4625 4626 4627
f 4628 4625 4627
f 4628 4627 4629
f 4628 4629 4630
f 4631 4630 4632
f 4632 4633 4634
f 4632 4634 4631
f 4633 4635 4636
f 4633 4636 4634
f 4637 4635 4638
f 4636 4635 4637
f 4639 4638 4640
f 4637 4638 4639
f 4641 4639 4640
f 4625 4641 4626
f 4642 4643 4644
f 4642 4626 4643
f 4644 4645 4642
f 4646 4647 4648
f 4649 4647 4646
f 4649 4650 4647
f 4643 4650 4649
f 4626 4650 4643
f 4627 4626 4642
f 4642 4645 4629
f 4627 4642 4629
f 4629 4645 4630
f 4645 4651 4632
f 4645 4632 4630
f 4651 4652 4633
f 4651 4633 4632
f 4648 4635 4652
f 4652 4635 4633
f 4647 4638 4648
f 4638 4635 4648
f 4640 4647 4650
f 4640 4638 4647
f 4641 4650 4626
f 4641 4640 4650
f 4653 4654 4655
f 4656 4653 4657
f 4658 4657 4659
f 4656 4657 4658
f 4658 4659 4660
f 4660 4661 4662
f 4661 4663 4664
f 4661 4664 4662
f 4665 4663 4666
f 4664 4663 4665
f 4667 4666 4668
f 4665 4666 4667
f 4654 4668 4655
f 4654 4667 4668
f 4654 4653 4669
f 4653 4656 4669
f 4656 4658 4669
f 4669 4658 4660
f 4669 4660 4662
f 4669 4662 4664
f 4669 4664 4665
f 4667 4669 4665
f 4654 4669 4667
f 4670 4671 4672
f 4670 4673 4671
f 4674 4672 4675
f 4670 4672 4674
f 4674 4675 4676
f 4676 4677 4678
f 4677 4679 4680
f 4677 4680 4678
f 4680 4679 4681
f 4682 4681 4683
f 4684 4683 4685
f 4682 4683 4684
f 4673 4685 4671
f 4673 4684 4685
f 4673 4670 4686
f 4670 4674 4686
f 4686 4674 4676
f 4686 4676 4678
f 4686 4678 4680
f 4686 4680 4681
f 4686 4681 4682
f 4684 4686 4682
f 4673 4686 4684
f 4687 4688 4689
f 4690 4687 4691
f 4692 4691 4693
f 4690 4691 4692
f 4694 4693 4695
f 4692 4693 4694
f 4695 4696 4694
f 4696 4697 4698
f 4699 4697 4700
f 4698 4697 4699
f 4701 4700 4702
f 4699 4700 4701
f 4688 4702 4689
f 4688 4701 4702
f 4688 4687 4703
f 4687 4690 4703
f 4690 4692 4703
f 4703 4692 4694
f 4703 4694 4696
f 4703 4696 4698
f 4703 4698 4699
f 4701 4703 4699
f 4688 4703 4701
f 4704 4705 4706
f 4707 4704 4708
f 4709 4708 4710
f 4707 4708 4709
f 4709 4710 4711
f 4711 4712 4713
f 4712 4714 4715
f 4712 4715 4713
f 4716 4714 4717
f 4715 4714 4716
f 4718 4717 4719
f 4716 4717 4718
f 4705 4719 4706
f 4705 4718 4719
f 4705 4704 4720
f 4704 4707 4720
f 4707 4709 4720
f 4720 4709 4711
f 4720 4711 4713
f 4720 4713 4715
f 4720 4715 4716
f 4718 4720 4716
f 4705 4720 4718
f 4721 4722 4723
f 4724 4722 4721
f 4724 4721 4725
f 4724 4725 4726
f 4725 4727 4726
f 4726 4727 4728
f 4728 4727 4723
f 4728 4723 4722
f 4729 4730 4731
f 4729 4731 4732
f 4733 4734 4735
f 4736 4734 4733
f 4737 4736 4733
f 4735 4737 4733
f 4738 4737 4735
f 4738 4734 4736
f 4735 4734 4738
f 4739 4740 4721
f 4739 4721 4723
f 4740 4741 4725
f 4740 4725 4721
f 4727 4741 4742
f 4727 4725 4741
f 4739 4723 4742
f 4723 4727 4742
f 4740 4739 4743
f 4744 4740 4743
f 4744 4741 4740
f 4744 4745 4741
f 4741 4745 4742
f 4745 4746 4742
f 4746 4739 4742
f 4746 4743 4739
f 4747 4748 4744
f 4747 4744 4743
f 4748 4749 4745
f 4748 4745 4744
f 4746 4749 4750
f 4746 4745 4749
f 4747 4743 4750
f 4743 4746 4750
f 4751 4747 4752
f 4748 4747 4751
f 4753 4748 4754
f 4753 4749 4748
f 4755 4754 4751
f 4755 4756 4754
f 4757 4759 4758
f 4757 4760 4758
f 4761 4762 4763
f 4761 4753 4762
f 4761 4764 4750
f 4749 4761 4750
f 4765 4766 4747
f 4765 4747 4750
f 4764 4768 4767
f 4764 4767 4765
f 4769 4770 4771
f 4769 4772 4770
f 4773 4752 4766
f 4773 4766 4774
f 4752 4755 4751
f 4752 4773 4755
f 4755 4773 4774
f 4756 4755 4774
f 4724 4730 4758
f 4724 4758 4756
f 4774 4770 4729
f 4774 4722 4729
f 4759 4771 4770
f 4758 4759 4770
f 4771 4757 4769
f 4771 4759 4757
f 4757 4772 4769
f 4760 4757 4772
f 4731 4726 4762
f 4731 4762 4760
f 4772 4728 4767
f 4772 4732 4728
f 4763 4767 4768
f 4762 4763 4767
f 4768 4761 4763
f 4768 4764 4761
f 4775 4776 4777
f 4778 4776 4775
f 4778 4775 4779
f 4778 4779 4780
f 4779 4781 4780
f 4780 4781 4782
f 4782 4781 4777
f 4782 4777 4776
f 4783 4784 4785
f 4783 4785 4786
f 4787 4788 4789
f 4790 4788 4787
f 4791 4790 4787
f 4789 4791 4787
f 4792 4791 4789
f 4792 4788 4790
f 4789 4788 4792
f 4793 4794 4775
f 4793 4775 4777
f 4794 4795 4779
f 4794 4779 4775
f 4781 4795 4796
f 4781 4779 4795
f 4793 4777 4796
f 4777 4781 4796
f 4794 4793 4797
f 4798 4794 4797
f 4798 4795 4794
f 4798 4799 4795
f 4795 4799 4796
f 4799 4800 4796
f 4800 4793 4796
f 4800 4797 4793
f 4801 4802 4798
f 4801 4798 4797
f 4802 4803 4799
f 4802 4799 4798
f 4800 4803 4804
f 4800 4799 4803
f 4801 4797 4804
f 4797 4800 4804
f 4805 4801 4806
f 4802 4801 4805
f 4807 4802 4808
f 4807 4803 4802
f 4809 4808 4805
f 4809 4810 4808
f 4811 4813 4812
f 4811 4814 4812
f 4815 4816 4817
f 4815 4807 4816
f 4815 4818 4804
f 4803 4815 4804
f 4819 4820 4801
f 4819 4801 4804
f 4818 4822 4821
f 4818 4821 4819
f 4823 4824 4825
f 4823 4826 4824
f 4827 4806 4820
f 4827 4820 4828
f 4806 4809 4805
f 4806 4827 4809
f 4809 4827 4828
f 4810 4809 4828
f 4778 4784 4812
f 4778 4812 4810
f 4828 4824 4783
f 4828 4776 4783
f 4813 4825 4824
f 4812 4813 4824
f 4825 4811 4823
f 4825 4813 4811
f 4811 4826 4823
f 4814 4811 4826
f 4785 4780 4816
f 4785 4816 4814
f 4826 4782 4821
f 4826 4786 4782
f 4817 4821 4822
f 4816 4817 4821
f 4822 4815 4817
f 4822 4818 4815
f 4829 4830 4831
f 4832 4830 4829
f 4832 4829 4833
f 4832 4833 4834
f 4833 4835 4834
f 4834 4835 4836
f 4836 4835 4831
f 4836 4831 4830
f 4837 4838 4839
f 4837 4839 4840
f 4841 4842 4843
f 4844 4842 4841
f 4845 4844 4841
f 4843 4845 4841
f 4846 4845 4843
f 4846 4842 4844
f 4843 4842 4846
f 4847 4848 4829
f 4847 4829 4831
f 4848 4849 4833
f 4848 4833 4829
f 4835 4849 4850
f 4835 4833 4849
f 4847 4831 4850
f 4831 4835 4850
f 4848 4847 4851
f 4852 4848 4851
f 4852 4849 4848
f 4852 4853 4849
f 4849 4853 4850
f 4853 4854 4850
f 4854 4847 4850
f 4854 4851 4847
f 4855 4856 4852
f 4855 4852 4851
f 4856 4857 4853
f 4856 4853 4852
f 4854 4857 4858
f 4854 4853 4857
f 4855 4851 4858
f 4851 4854 4858
f 4859 4855 4860
f 4856 4855 4859
f 4861 4856 4862
f 4861 4857 4856
f 4863 4862 4859
f 4863 4864 4862
f 4865 4867 4866
f 4865 4868 4866
f 4869 4870 4871
f 4869 4861 4870
f 4869 4872 4858
f 4857 4869 4858
f 4873 4874 4855
f 4873 4855 4858
f 4872 4876 4875
f 4872 4875 4873
f 4877 4878 4879
f 4877 4880 4878
f 4881 4860 4874
f 4881 4874 4882
f 4860 4863 4859
f 4860 4881 4863
f 4863 4881 4882
f 4864 4863 4882
f 4832 4838 4866
f 4832 4866 4864
f 4882 4878 4837
f 4882 4830 4837
f 4867 4879 4878
f 4866 4867 4878
f 4879 4865 4877
f 4879 4867 4865
f 4865 4880 4877
f 4868 4865 4880
f 4839 4834 4870
f 4839 4870 4868
f 4880 4836 4875
f 4880 4840 4836
f 4871 4875 4876
f 4870 4871 4875
f 4876 4869 4871
f 4876 4872 4869
f 4883 4884 4885
f 4886 4884 4883
f 4886 4883 4887
f 4886 4887 4888
f 4887 4889 4888
f 4888 4889 4890
f 4890 4889 4885
f 4890 4885 4884
f 4891 4892 4893
f 4891 4893 4894
f 4895 4896 4897
f 4898 4896 4895
f 4899 4898 4895
f 4897 4899 4895
f 4900 4899 4897
f 4900 4896 4898
f 4897 4896 4900
f 4901 4902 4883
f 4901 4883 4885
f 4902 4903 4887
f 4902 4887 4883
f 4889 4903 4904
f 4889 4887 4903
f 4901 4885 4904
f 4885 4889 4904
f 4902 4901 4905
f 4906 4902 4905
f 4906 4903 4902
f 4906 4907 4903
f 4903 4907 4904
f 4907 4908 4904
f 4908 4901 4904
f 4908 4905 4901
f 4909 4910 4906
f 4909 4906 4905
f 4910 4911 4907
f 4910 4907 4906
f 4908 4911 4912
f 4908 4907 4911
f 4909 4905 4912
f 4905 4908 4912
f 4913 4909 4914
f 4910 4909 4913
f 4915 4910 4916
f 4915 4911 4910
f 4917 4916 4913
f 4917 4918 4916
f 4919 4921 4920
f 4919 4922 4920
f 4923 4924 4925
f 4923 4915 4924
f 4923 4926 4912
f 4911 4923 4912
f 4927 4928 4909
f 4927 4909 4912
f 4926 4930 4929
f 4926 4929 4927
f 4931 4932 4933
f 4931 4934 4932
f 4935 4914 4928
f 4935 4928 4936
f 4914 4917 4913
f 4914 4935 4917
f 4917 4935 4936
f 4918 4917 4936
f 4886 4892 4920
f 4886 4920 4918
f 4936 4932 4891
f 4936 4884 4891
f 4921 4933 4932
f 4920 4921 4932
f 4933 4919 4931
f 4933 4921 4919
f 4919 4934 4931
f 4922 4919 4934
f 4893 4888 4924
f 4893 4924 4922
f 4934 4890 4929
f 4934 4894 4890
f 4925 4929 4930
f 4924 4925 4929
f 4930 4923 4925
f 4930 4926 4923
f 4937 4938 4939
f 4940 4938 4937
f 4940 4937 4941
f 4940 4941 4942
f 4941 4943 4942
f 4942 4943 4944
f 4944 4943 4939
f 4944 4939 4938
f 4945 4946 4947
f 4945 4947 4948
f 4949 4950 4951
f 4952 4950 4949
f 4953 4952 4949
f 4951 4953 4949
f 4954 4953 4951
f 4954 4950 4952
f 4951 4950 4954
f 4955 4956 4937
f 4955 4937 4939
f 4956 4957 4941
f 4956 4941 4937
f 4943 4957 4958
f 4943 4941 4957
f 4955 4939 4958
f 4939 4943 4958
f 4956 4955 4959
f 4960 4956 4959
f 4960 4957 4956
f 4960 4961 4957
f 4957 4961 4958
f 4961 4962 4958
f 4962 4955 4958
f 4962 4959 4955
f 4963 4964 4960
f 4963 4960 4959
f 4964 4965 4961
f 4964 4961 4960
f 4962 4965 4966
f 4962 4961 4965
f 4963 4959 4966
f 4959 4962 4966
f 4967 4963 4968
f 4964 4963 4967
f 4969 4964 4970
f 4969 4965 4964
f 4971 4970 4967
f 4971 4972 4970
f 4973 4975 4974
f 4973 4976 4974
f 4977 4978 4979
f 4977 4969 4978
f 4977 4980 4966
f 4965 4977 4966
f 4981 4982 4963
f 4981 4963 4966
f 4980 4984 4983
f 4980 4983 4981
f 4985 4986 4987
f 4985 4988 4986
f 4989 4968 4982
f 4989 4982 4990
f 4968 4971 4967
f 4968 4989 4971
f 4971 4989 4990
f 4972 4971 4990
f 4940 4946 4974
f 4940 4974 4972
f 4990 4986 4945
f 4990 4938 4945
f 4975 4987 4986
f 4974 4975 4986
f 4987 4973 4985
f 4987 4975 4973
f 4973 4988 4985
f 4976 4973 4988
f 4947 4942 4978
f 4947 4978 4976
f 4988 4944 4983
f 4988 4948 4944
f 4979 4983 4984
f 4978 4979 4983
f 4984 4977 4979
f 4984 4980 4977
f 4991 4992 4993
f 4994 4992 4991
f 4994 4991 4995
f 4994 4995 4996
f 4995 4997 4996
f 4996 4997 4998
f 4998 4997 4993
f 4998 4993 4992
f 4999 5000 5001
f 4999 5001 5002
f 5003 5004 5005
f 5006 5004 5003
f 5007 5006 5003
f 5005 5007 5003
f 5008 5007 5005
f 5008 5004 5006
f 5005 5004 5008
f 5009 5010 4991
f 5009 4991 4993
f 5010 5011 4995
f 5010 4995 4991
f 4997 5011 5012
f 4997 4995 5011
f 5009 4993 5012
f 4993 4997 5012
f 5010 5009 5013
f 5014 5010 5013
f 5014 5011 5010
f 5014 5015 5011
f 5011 5015 5012
f 5015 5016 5012
f 5016 5009 5012
f 5016 5013 5009
f 5017 5018 5014
f 5017 5014 5013
f 5018 5019 5015
f 5018 5015 5014
f 5016 5019 5020
f 5016 5015 5019
f 5017 5013 5020
f 5013 5016 5020
f 5021 5017 5022
f 5018 5017 5021
f 5023 5018 5024
f 5023 5019 5018
f 5025 5024 5021
f 5025 5026 5024
f 5027 5029 5028
f 5027 5030 5028
f 5031 5032 5033
f 5031 5023 5032
f 5031 5034 5020
f 5019 5031 5020
f 5035 5036 5017
f 5035 5017 5020
f 5034 5038 5037
f 5034 5037 5035
f 5039 5040 5041
f 5039 5042 5040
f 5043 5022 5036
f 5043 5036 5044
f 5022 5025 5021
f 5022 5043 5025
f 5025 5043 5044
f 5026 5025 5044
f 4994 5000 5028
f 4994 5028 5026
f 5044 5040 4999
f 5044 4992 4999
f 5029 5041 5040
f 5028 5029 5040
f 5041 5027 5039
f 5041 5029 5027
f 5027 5042 5039
f 5030 5027 5042
f 5001 4996 5032
f 5001 5032 5030
f 5042 4998 5037
f 5042 5002 4998
f 5033 5037 5038
f 5032 5033 5037
f 5038 5031 5033
f 5038 5034 5031
f 5045 5046 5047
f 5045 5048 5046
f 5045 5049 5050
f 5045 5050 5048
f 5050 5051 5048
f 5048 5051 5046
f 5046 5051 5052
f 5046 5052 5047
f 5049 5047 5052
f 5045 5047 5049
f 5053 5055 5054
f 5053 5054 5056
f 5053 5058 5057
f 5053 5056 5058
f 5058 5056 5059
f 5056 5054 5059
f 5054 5060 5059
f 5054 5055 5060
f 5057 5060 5055
f 5053 5057 5055
f 5061 5057 5058
f 5061 5058 5062
f 5059 5062 5058
f 5059 5063 5062
f 5060 5063 5059
f 5064 5063 5060
f 5064 5060 5057
f 5064 5057 5061
f 5065 5061 5062
f 5065 5062 5066
f 5062 5063 5066
f 5066 5063 5067
f 5067 5063 5064
f 5067 5064 5068
f 5061 5068 5064
f 5065 5068 5061
f 5049 5065 5066
f 5049 5066 5050
f 5067 5050 5066
f 5067 5051 5050
f 5068 5051 5067
f 5052 5051 5068
f 5052 5068 5065
f 5052 5065 5049
f 5069 5070 5071
f 5071 2983 2985
f 2985 2983 5072
f 5070 5073 5071
f 5073 2983 5071
f 5073 5072 2983
f 5074 5072 5073
f 5070 5074 5073
f 2990 2991 5075
f 3002 5077 3001
f 3001 5077 5078
f 5078 5077 5079
f 2991 5080 5075
f 5080 5076 5075
f 5080 3002 5076
f 5080 5077 3002
f 5079 5077 5080
f 2991 5079 5080
f 5081 5082 5083
f 5081 5083 5084
f 5083 5085 5084
f 5081 5086 5082
f 5082 5087 5083
f 5087 5085 5083
f 5087 5088 5085
f 5087 5089 5088
f 5086 5089 5087
f 5082 5086 5087
f 5090 3026 3027
f 5091 5092 5090
f 5092 5091 3037
f 3026 5090 5095
f 5095 5090 5092
f 5095 5092 3035
f 5095 3035 5093
f 5094 5095 5093
f 3026 5095 5094
f 3043 5098 5096
f 5096 5098 5099
f 5098 5100 5099
f 5098 5101 5100
f 5097 5101 5098
f 3043 5097 5098
f 5102 5103 5104
f 5102 5105 5103
f 5102 5106 5107
f 5102 5107 5105
f 5107 5108 5105
f 5105 5108 5103
f 5103 5108 5109
f 5103 5109 5104
f 5106 5104 5109
f 5102 5104 5106
f 5110 5107 5106
f 5110 5111 5107
f 5108 5107 5111
f 5108 5111 5112
f 5109 5108 5112
f 5113 5109 5112
f 5113 5106 5109
f 5113 5110 5106
f 5114 5116 5115
f 5114 5115 5117
f 5114 5111 5110
f 5114 5117 5111
f 5111 5117 5112
f 5117 5115 5112
f 5115 5113 5112
f 5115 5116 5113
f 5110 5113 5116
f 5114 5110 5116
f 3188 5118 3190
f 5119 5120 5121
f 5121 5120 5122
f 5120 3188 5122
f 5120 5118 3188
f 5123 5118 5120
f 5119 5123 5120
f 5124 5125 5126
f 5124 5126 5127
f 5127 5128 5124
f 5127 5129 5128
f 5130 5131 5132
f 5132 5131 5133
f 5134 5128 5135
f 5128 5136 5135
f 5137 5125 5138
f 5137 5138 5139
f 5125 5124 5134
f 5125 5134 5138
f 5134 5124 5128
f 5136 5128 5129
f 5140 5129 5130
f 5140 5136 5129
f 5132 5141 5130
f 5141 5140 5130
f 5133 5139 5132
f 5132 5139 5141
f 5137 5139 5133
f 5142 5143 5144
f 5142 5145 5143
f 5142 5146 5147
f 5142 5147 5145
f 5147 5148 5145
f 5145 5148 5143
f 5143 5148 5149
f 5143 5149 5144
f 5146 5144 5149
f 5142 5144 5146
f 5150 5147 5146
f 5150 5151 5147
f 5148 5147 5151
f 5148 5151 5152
f 5149 5148 5152
f 5153 5149 5152
f 5153 5146 5149
f 5153 5150 5146
f 5154 5156 5155
f 5154 5155 5157
f 5154 5151 5150
f 5154 5157 5151
f 5151 5157 5152
f 5157 5155 5152
f 5155 5153 5152
f 5155 5156 5153
f 5150 5153 5156
f 5154 5150 5156
f 3126 3127 5158
f 3138 5160 3137
f 3137 5160 5161
f 5161 5160 3127
f 3127 5162 5158
f 5162 5159 5158
f 5162 3138 5159
f 5162 5160 3138
f 3127 5160 5162
f 5163 5164 5165
f 5165 5164 5166
f 5165 5166 5167
f 5167 5166 5168
f 5167 5169 5170
f 5167 5171 5169
f 5172 5173 5174
f 5173 5175 5174
f 5173 5176 5175
f 5176 5177 5178
f 5176 5178 5175
f 5179 5177 5163
f 5178 5177 5179
f 5170 5163 5165
f 5170 5179 5163
f 5167 5170 5165
f 5168 5171 5167
f 5172 5174 5168
f 5168 5174 5171
f 5180 5181 5182
f 5180 5183 5181
f 5184 5182 5185
f 5184 5180 5182
f 5186 5187 5185
f 5185 5187 5184
f 5188 5189 5186
f 5186 5189 5187
f 5190 5191 5188
f 5188 5191 5189
f 5192 5193 5190
f 5190 5193 5191
f 5192 5194 5195
f 5192 5195 5193
f 5194 5196 5197
f 5194 5197 5195
f 5196 5198 5199
f 5196 5199 5197
f 5198 5200 5201
f 5198 5201 5199
f 5202 5203 5200
f 5200 5203 5201
f 5204 5205 5202
f 5202 5205 5203
f 5206 5207 5204
f 5204 5207 5205
f 5208 5209 5206
f 5206 5209 5207
f 5210 5208 5211
f 5210 5209 5208
f 5183 5211 5181
f 5183 5210 5211
f 5212 5195 5197
f 5212 5193 5195
f 5212 5191 5193
f 5212 5189 5191
f 5187 5189 5212
f 5184 5187 5212
f 5180 5184 5212
f 5183 5180 5212
f 5183 5212 5210
f 5210 5212 5209
f 5209 5212 5207
f 5207 5212 5205
f 5205 5212 5203
f 5212 5201 5203
f 5212 5199 5201
f 5212 5197 5199
f 5181 5213 5182
f 5182 5213 5185
f 5185 5213 5186
f 5186 5213 5188
f 5188 5213 5190
f 5213 5192 5190
f 5213 5194 5192
f 5213 5196 5194
f 5213 5198 5196
f 5213 5200 5198
f 5213 5202 5200
f 5213 5204 5202
f 5206 5204 5213
f 5208 5206 5213
f 5211 5208 5213
f 5181 5211 5213
f 5214 5215 5216
f 5214 5217 5215
f 5214 5216 5218
f 5219 5218 5220
f 5214 5218 5219
f 5221 5220 5222
f 5219 5220 5221
f 5221 5222 5223
f 5224 5223 5225
f 5221 5223 5224
f 5225 5226 5224
f 5226 5227 5228
f 5226 5228 5224
f 5227 5229 5228
f 5229 5230 5231
f 5229 5231 5228
f 5231 5230 5232
f 5233 5232 5234
f 5231 5232 5233
f 5235 5234 5236
f 5233 5234 5235
f 5235 5236 5237
f 5217 5237 5238
f 5217 5235 5237
f 5217 5238 5215
f 4271 5240 5239
f 4269 5241 5240
f 4269 5240 4271
f 5242 5241 4267
f 5241 4269 4267
f 5243 5242 4264
f 5242 4267 4264
f 5243 4264 5244
f 4264 4263 5244
f 5244 4263 5245
f 5245 4278 5246
f 5245 4263 4278
f 5247 5246 4275
f 5246 4278 4275
f 5248 5247 4273
f 5247 4275 4273
f 5239 5248 4273
f 4271 5239 4273
f 4271 5216 5215
f 4271 5218 5216
f 5220 5218 4269
f 5222 5220 4269
f 5223 5222 4267
f 5225 5223 4267
f 5226 5225 4264
f 5227 5226 4264
f 5227 4263 5229
f 5229 4263 5230
f 5230 4278 5232
f 5232 4278 5234
f 4275 5236 5234
f 4275 5237 5236
f 4273 5238 5237
f 4273 5215 5238
f 5249 5250 5251
f 5249 5252 5250
f 5249 5251 5253
f 5254 5253 5255
f 5256 5255 5257
f 5254 5255 5256
f 5257 5258 5259
f 5257 5259 5256
f 5258 5260 5261
f 5258 5261 5259
f 5261 5260 5262
f 5263 5262 5264
f 5252 5264 5250
f 5252 5263 5264
f 5252 5249 5265
f 5249 5253 5265
f 5253 5254 5265
f 5265 5254 5256
f 5265 5256 5259
f 5265 5259 5261
f 5265 5261 5262
f 5263 5265 5262
f 5252 5265 5263
f 5266 5267 5268
f 5269 5267 5266
f 5269 5266 5270
f 5269 5270 5271
f 5271 5270 5272
f 5271 5272 5273
f 5274 5273 5272
f 5274 5275 5273
f 5276 5275 5274
f 5276 5277 5275
f 5268 5277 5276
f 5268 5267 5277
f 5278 5279 5280
f 5281 5278 5280
f 5281 5282 5278
f 5283 5282 5281
f 5284 5285 5286
f 5284 5287 5285
f 5288 5284 5286
f 5288 5286 5289
f 5287 5273 5275
f 5287 5275 5285
f 5286 5285 5275
f 5286 5275 5277
f 5286 5277 5267
f 5286 5267 5289
f 5288 5289 5267
f 5288 5267 5269
f 5271 5288 5269
f 5271 5284 5288
f 5287 5284 5271
f 5287 5271 5273
f 5278 5268 5276
f 5278 5282 5268
f 5283 5268 5282
f 5283 5266 5268
f 5280 5274 5272
f 5280 5279 5274
f 5278 5274 5279
f 5278 5276 5274
f 5270 5266 5283
f 5270 5283 5281
f 5280 5270 5281
f 5280 5272 5270
f 5290 5291 5292
f 5290 5292 5293
f 5291 5294 5295
f 5291 5295 5292
f 5296 5294 5297
f 5295 5294 5296
f 5298 5297 5299
f 5296 5297 5298
f 5300 5299 5301
f 5298 5299 5300
f 5302 5301 5303
f 5300 5301 5302
f 5304 5303 5305
f 5304 5302 5303
f 5306 5305 5307
f 5306 5304 5305
f 5308 5307 5309
f 5308 5306 5307
f 5310 5309 5311
f 5310 5308 5309
f 5312 5311 5313
f 5310 5311 5312
f 5314 5313 5315
f 5312 5313 5314
f 5316 5315 5317
f 5314 5315 5316
f 5318 5317 5319
f 5316 5317 5318
f 5319 5320 5321
f 5319 5321 5318
f 5320 5290 5293
f 5320 5293 5321
f 5322 5291 5290
f 5322 5294 5291
f 5322 5297 5294
f 5299 5297 5322
f 5301 5299 5322
f 5303 5301 5322
f 5305 5303 5322
f 5307 5305 5322
f 5307 5322 5309
f 5309 5322 5311
f 5311 5322 5313
f 5313 5322 5315
f 5322 5317 5315
f 5322 5319 5317
f 5322 5320 5319
f 5322 5290 5320
f 5323 5324 5325
f 5323 5325 5326
f 5324 5327 5328
f 5324 5328 5325
f 5329 5327 5330
f 5328 5327 5329
f 5331 5330 5332
f 5329 5330 5331
f 5333 5332 5334
f 5331 5332 5333
f 5335 5334 5336
f 5333 5334 5335
f 5337 5336 5338
f 5337 5335 5336
f 5339 5338 5340
f 5339 5337 5338
f 5341 5340 5342
f 5341 5339 5340
f 5343 5342 5344
f 5343 5341 5342
f 5345 5344 5346
f 5343 5344 5345
f 5347 5346 5348
f 5345 5346 5347
f 5349 5348 5350
f 5347 5348 5349
f 5351 5350 5352
f 5349 5350 5351
f 5352 5353 5354
f 5352 5354 5351
f 5353 5323 5326
f 5353 5326 5354
f 5355 5324 5323
f 5355 5327 5324
f 5355 5330 5327
f 5332 5330 5355
f 5334 5332 5355
f 5336 5334 5355
f 5338 5336 5355
f 5340 5338 5355
f 5340 5355 5342
f 5342 5355 5344
f 5344 5355 5346
f 5346 5355 5348
f 5355 5350 5348
f 5355 5352 5350
f 5355 5353 5352
f 5355 5323 5353
f 5356 5357 5358
f 5356 5358 5359
f 5358 5357 5360
f 5361 5360 5362
f 5363 5362 5364
f 5361 5362 5363
f 5365 5364 5366
f 5365 5363 5364
f 5367 5365 5366
f 5368 5367 5369
f 5370 5369 5371
f 5368 5369 5370
f 5371 5356 5359
f 5371 5359 5370
f 5372 5359 5358
f 5372 5358 5360
f 5361 5372 5360
f 5363 5372 5361
f 5365 5372 5363
f 5365 5367 5372
f 5367 5368 5372
f 5372 5368 5370
f 5372 5370 5359
f 5373 5374 5375
f 5375 5374 5376
f 5377 5376 5378
f 5379 5378 5380
f 5377 5378 5379
f 5381 5379 5380
f 5382 5381 5383
f 5382 5383 5384
f 5385 5384 5386
f 5387 5386 5388
f 5385 5386 5387
f 5388 5373 5387
f 5389 5373 5375
f 5389 5375 5376
f 5377 5389 5376
f 5379 5389 5377
f 5381 5389 5379
f 5381 5382 5389
f 5382 5384 5389
f 5384 5385 5389
f 5389 5385 5387
f 5389 5387 5373
f 5390 5391 5392
f 5390 5392 5393
f 5394 5391 5395
f 5392 5391 5394
f 5396 5395 5397
f 5394 5395 5396
f 5398 5397 5399
f 5398 5396 5397
f 5400 5399 5401
f 5400 5398 5399
f 5402 5401 5403
f 5400 5401 5402
f 5404 5403 5405
f 5402 5403 5404
f 5405 5390 5393
f 5405 5393 5404
f 5406 5393 5392
f 5394 5406 5392
f 5396 5406 5394
f 5398 5406 5396
f 5398 5400 5406
f 5400 5402 5406
f 5406 5402 5404
f 5406 5404 5393
f 5407 5408 5409
f 5410 5408 5407
f 5410 5407 5411
f 5410 5411 5412
f 5412 5411 5413
f 5412 5413 5414
f 5415 5414 5413
f 5415 5416 5414
f 5417 5416 5415
f 5417 5418 5416
f 5409 5418 5417
f 5409 5408 5418
f 5419 5420 5421
f 5422 5419 5421
f 5422 5423 5419
f 5424 5423 5422
f 5425 5426 5427
f 5425 5428 5426
f 5429 5425 5427
f 5429 5427 5430
f 5428 5414 5416
f 5428 5416 5426
f 5427 5426 5416
f 5427 5416 5418
f 5427 5418 5408
f 5427 5408 5430
f 5429 5430 5408
f 5429 5408 5410
f 5412 5429 5410
f 5412 5425 5429
f 5428 5425 5412
f 5428 5412 5414
f 5419 5409 5417
f 5419 5423 5409
f 5424 5409 5423
f 5424 5407 5409
f 5421 5415 5413
f 5421 5420 5415
f 5419 5415 5420
f 5419 5417 5415
f 5411 5407 5424
f 5411 5424 5422
f 5421 5411 5422
f 5421 5413 5411
f 5431 5432 5433
f 5431 5433 5434
f 5432 5435 5436
f 5432 5436 5433
f 5437 5435 5438
f 5436 5435 5437
f 5439 5438 5440
f 5437 5438 5439
f 5441 5440 5442
f 5439 5440 5441
f 5443 5442 5444
f 5441 5442 5443
f 5445 5444 5446
f 5445 5443 5444
f 5447 5446 5448
f 5447 5445 5446
f 5449 5448 5450
f 5449 5447 5448
f 5451 5450 5452
f 5451 5449 5450
f 5453 5452 5454
f 5451 5452 5453
f 5455 5454 5456
f 5453 5454 5455
f 5457 5456 5458
f 5455 5456 5457
f 5459 5458 5460
f 5457 5458 5459
f 5460 5461 5462
f 5460 5462 5459
f 5461 5431 5434
f 5461 5434 5462
f 5463 5432 5431
f 5463 5435 5432
f 5463 5438 5435
f 5440 5438 5463
f 5442 5440 5463
f 5444 5442 5463
f 5446 5444 5463
f 5448 5446 5463
f 5448 5463 5450
f 5450 5463 5452
f 5452 5463 5454
f 5454 5463 5456
f 5463 5458 5456
f 5463 5460 5458
f 5463 5461 5460
f 5463 5431 5461
f 5464 5465 5466
f 5464 5466 5467
f 5465 5468 5469
f 5465 5469 5466
f 5470 5468 5471
f 5469 5468 5470
f 5472 5471 5473
f 5470 5471 5472
f 5474 5473 5475
f 5472 5473 5474
f 5476 5475 5477
f 5474 5475 5476
f 5478 5477 5479
f 5478 5476 5477
f 5480 5479 5481
f 5480 5478 5479
f 5482 5481 5483
f 5482 5480 5481
f 5484 5483 5485
f 5484 5482 5483
f 5486 5485 5487
f 5484 5485 5486
f 5488 5487 5489
f 5486 5487 5488
f 5490 5489 5491
f 5488 5489 5490
f 5492 5491 5493
f 5490 5491 5492
f 5493 5494 5495
f 5493 5495 5492
f 5494 5464 5467
f 5494 5467 5495
f 5496 5465 5464
f 5496 5468 5465
f 5496 5471 5468
f 5473 5471 5496
f 5475 5473 5496
f 5477 5475 5496
f 5479 5477 5496
f 5481 5479 5496
f 5481 5496 5483
f 5483 5496 5485
f 5485 5496 5487
f 5487 5496 5489
f 5496 5491 5489
f 5496 5493 5491
f 5496 5494 5493
f 5496 5464 5494
f 5497 5498 5499
f 5497 5499 5500
f 5501 5498 5502
f 5499 5498 5501
f 5503 5502 5504
f 5501 5502 5503
f 5505 5504 5506
f 5505 5503 5504
f 5507 5506 5508
f 5507 5505 5506
f 5507 5508 5509
f 5510 5509 5511
f 5511 5497 5512
f 5511 5512 5510
f 5497 5500 5512
f 5513 5500 5499
f 5501 5513 5499
f 5503 5513 5501
f 5505 5513 5503
f 5505 5507 5513
f 5507 5509 5513
f 5513 5509 5510
f 5513 5510 5512
f 5513 5512 5500
f 5514 5515 5516
f 5517 5515 5518
f 5516 5515 5517
f 5517 5518 5519
f 5520 5518 5521
f 5519 5518 5520
f 5522 5521 5523
f 5522 5520 5521
f 5524 5522 5523
f 5524 5523 5525
f 5524 5525 5526
f 5527 5525 5528
f 5526 5525 5527
f 5528 5514 5527
f 5529 5514 5516
f 5529 5516 5517
f 5519 5529 5517
f 5520 5529 5519
f 5522 5529 5520
f 5522 5524 5529
f 5524 5526 5529
f 5529 5526 5527
f 5529 5527 5514
f 5530 5531 5532
f 5530 5532 5533
f 5534 5531 5535
f 5532 5531 5534
f 5536 5535 5537
f 5534 5535 5536
f 5538 5536 5537
f 5539 5538 5540
f 5541 5540 5542
f 5539 5540 5541
f 5541 5542 5543
f 5544 5542 5545
f 5543 5542 5544
f 5545 5530 5533
f 5545 5533 5544
f 5546 5533 5532
f 5534 5546 5532
f 5536 5546 5534
f 5538 5546 5536
f 5538 5539 5546
f 5539 5541 5546
f 5541 5543 5546
f 5546 5543 5544
f 5546 5544 5533
f 5547 5548 5549
f 5547 5549 5550
f 5550 5549 5551
f 5550 5551 5552
f 5553 5552 5551
f 5553 5554 5552
f 5555 5554 5553
f 5556 5554 5555
f 5556 5555 5557
f 5556 5557 5558
f 5548 5558 5557
f 5547 5558 5548
f 5559 5560 5561
f 5561 5560 5562
f 5563 5561 5562
f 5563 5562 5564
f 5565 5566 5567
f 5565 5567 5568
f 5569 5567 5566
f 5570 5569 5566
f 5568 5554 5556
f 5565 5568 5556
f 5566 5565 5556
f 5558 5566 5556
f 5566 5558 5547
f 5570 5566 5547
f 5569 5570 5547
f 5550 5569 5547
f 5569 5550 5552
f 5567 5569 5552
f 5567 5552 5568
f 5552 5554 5568
f 5561 5548 5557
f 5563 5548 5561
f 5564 5548 5563
f 5549 5548 5564
f 5560 5555 5553
f 5559 5555 5560
f 5561 5555 5559
f 5557 5555 5561
f 5564 5551 5549
f 5562 5551 5564
f 5562 5560 5551
f 5551 5560 5553
f 5571 5572 5573
f 5574 5572 5571
f 5575 5573 5576
f 5571 5573 5575
f 5577 5576 5578
f 5577 5575 5576
f 5579 5578 5580
f 5579 5577 5578
f 5581 5580 5582
f 5581 5579 5580
f 5583 5582 5584
f 5583 5581 5582
f 5585 5584 5586
f 5583 5584 5585
f 5587 5586 5588
f 5585 5586 5587
f 5589 5588 5590
f 5587 5588 5589
f 5591 5590 5592
f 5589 5590 5591
f 5592 5593 5594
f 5592 5594 5591
f 5593 5595 5596
f 5593 5596 5594
f 5595 5597 5598
f 5595 5598 5596
f 5597 5599 5600
f 5597 5600 5598
f 5601 5599 5602
f 5600 5599 5601
f 5574 5602 5572
f 5601 5602 5574
f 5573 5572 5603
f 5576 5573 5603
f 5578 5576 5603
f 5580 5578 5603
f 5580 5603 5582
f 5582 5603 5584
f 5584 5603 5586
f 5586 5603 5588
f 5603 5590 5588
f 5603 5592 5590
f 5603 5593 5592
f 5603 5595 5593
f 5603 5597 5595
f 5603 5599 5597
f 5603 5602 5599
f 5572 5602 5603
f 5604 5605 5606
f 5607 5605 5604
f 5608 5606 5609
f 5604 5606 5608
f 5610 5609 5611
f 5610 5608 5609
f 5612 5611 5613
f 5612 5610 5611
f 5614 5613 5615
f 5614 5612 5613
f 5616 5615 5617
f 5616 5614 5615
f 5618 5617 5619
f 5616 5617 5618
f 5620 5619 5621
f 5618 5619 5620
f 5622 5621 5623
f 5620 5621 5622
f 5624 5623 5625
f 5622 5623 5624
f 5625 5626 5627
f 5625 5627 5624
f 5626 5628 5629
f 5626 5629 5627
f 5628 5630 5631
f 5628 5631 5629
f 5630 5632 5633
f 5630 5633 5631
f 5634 5632 5635
f 5633 5632 5634
f 5607 5635 5605
f 5634 5635 5607
f 5606 5605 5636
f 5609 5606 5636
f 5611 5609 5636
f 5613 5611 5636
f 5613 5636 5615
f 5615 5636 5617
f 5617 5636 5619
f 5619 5636 5621
f 5636 5623 5621
f 5636 5625 5623
f 5636 5626 5625
f 5636 5628 5626
f 5636 5630 5628
f 5636 5632 5630
f 5636 5635 5632
f 5605 5635 5636
f 5637 5638 5639
f 5640 5639 5641
f 5640 5637 5639
f 5642 5640 5641
f 5643 5642 5644
f 5643 5644 5645
f 5646 5645 5647
f 5647 5648 5649
f 5647 5649 5646
f 5648 5650 5649
f 5650 5651 5652
f 5652 5651 5638
f 5637 5653 5638
f 5640 5653 5637
f 5640 5642 5653
f 5642 5643 5653
f 5643 5645 5653
f 5653 5645 5646
f 5653 5646 5649
f 5653 5649 5650
f 5653 5650 5652
f 5638 5653 5652
f 5654 5655 5656
f 5657 5655 5654
f 5658 5656 5659
f 5658 5654 5656
f 5660 5658 5659
f 5661 5660 5662
f 5663 5662 5664
f 5661 5662 5663
f 5665 5664 5666
f 5663 5664 5665
f 5666 5667 5668
f 5666 5668 5665
f 5667 5669 5668
f 5657 5669 5655
f 5654 5670 5657
f 5658 5670 5654
f 5658 5660 5670
f 5660 5661 5670
f 5661 5663 5670
f 5670 5663 5665
f 5670 5665 5668
f 5670 5668 5669
f 5670 5669 5657
f 5671 5672 5673
f 5674 5672 5671
f 5675 5671 5673
f 5676 5675 5677
f 5678 5677 5679
f 5678 5676 5677
f 5678 5679 5680
f 5680 5679 5681
f 5680 5681 5682
f 5681 5683 5684
f 5681 5684 5682
f 5683 5685 5686
f 5683 5686 5684
f 5674 5685 5672
f 5686 5685 5674
f 5671 5687 5674
f 5675 5687 5671
f 5676 5687 5675
f 5676 5678 5687
f 5678 5680 5687
f 5687 5680 5682
f 5687 5682 5684
f 5687 5684 5686
f 5687 5686 5674
f 5688 5689 5690
f 5689 5691 5690
f 5692 5689 5693
f 5691 5689 5692
f 5691 5692 5694
f 5691 5694 5690
f 5690 5694 5695
f 5690 5695 5688
f 5693 5688 5695
f 5689 5688 5693
f 5696 5692 5693
f 5696 5697 5692
f 5695 5694 5698
f 5699 5695 5698
f 5699 5693 5695
f 5699 5696 5693
f 5694 5692 5697
f 5694 5697 5698
f 5700 5702 5701
f 5701 5702 5703
f 5697 5696 5701
f 5703 5697 5701
f 5703 5698 5697
f 5703 5702 5698
f 5702 5699 5698
f 5702 5700 5699
f 5696 5699 5700
f 5701 5696 5700
f 5704 5705 5706
f 5707 5704 5706
f 5707 5706 5708
f 5709 5707 5708
f 5709 5708 5710
f 5711 5709 5710
f 5710 5712 5711
f 5711 5712 5713
f 5712 5714 5713
f 5713 5714 5715
f 5716 5715 5717
f 5716 5717 5718
f 5716 5718 5719
f 5719 5718 5720
f 5721 5719 5720
f 5704 5721 5705
f 5722 5723 5724
f 5723 5705 5724
f 5722 5725 5723
f 5726 5727 5728
f 5726 5729 5727
f 5729 5730 5727
f 5729 5731 5730
f 5731 5732 5730
f 5731 5733 5720
f 5731 5720 5732
f 5724 5705 5733
f 5705 5720 5733
f 5706 5705 5723
f 5723 5725 5708
f 5706 5723 5708
f 5725 5728 5710
f 5725 5710 5708
f 5728 5727 5712
f 5728 5712 5710
f 5730 5714 5727
f 5727 5714 5712
f 5730 5715 5714
f 5732 5717 5730
f 5717 5715 5730
f 5718 5717 5732
f 5718 5732 5720
f 5721 5720 5705
f 5734 5735 5736
f 5737 5734 5736
f 5738 5737 5739
f 5740 5738 5739
f 5741 5740 5742
f 5742 5743 5744
f 5741 5742 5744
f 5743 5745 5744
f 5744 5745 5746
f 5746 5745 5747
f 5746 5747 5748
f 5748 5747 5749
f 5748 5749 5750
f 5750 5749 5735
f 5734 5750 5735
f 5736 5751 5752
f 5753 5736 5752
f 5754 5755 5756
f 5754 5757 5755
f 5757 5758 5755
f 5757 5759 5758
f 5760 5761 5759
f 5760 5762 5761
f 5762 5763 5761
f 5762 5764 5763
f 5751 5763 5764
f 5752 5751 5764
f 5735 5751 5736
f 5737 5736 5753
f 5737 5753 5739
f 5753 5756 5739
f 5756 5740 5739
f 5756 5755 5742
f 5756 5742 5740
f 5755 5758 5743
f 5755 5743 5742
f 5758 5745 5743
f 5759 5745 5758
f 5761 5747 5759
f 5747 5745 5759
f 5749 5761 5763
f 5749 5747 5761
f 5735 5763 5751
f 5735 5749 5763
f 5765 5766 5767
f 5768 5765 5769
f 5770 5768 5769
f 5771 5770 5772
f 5772 5773 5771
f 5771 5773 5774
f 5773 5775 5774
f 5775 5776 5777
f 5774 5775 5777
f 5777 5776 5778
f 5779 5778 5780
f 5781 5779 5780
f 5766 5781 5767
f 5782 5783 5784
f 5783 5785 5784
f 5782 5786 5783
f 5787 5772 5786
f 5787 5788 5789
f 5787 5789 5772
f 5788 5790 5775
f 5788 5775 5789
f 5790 5791 5775
f 5790 5792 5791
f 5792 5793 5791
f 5792 5794 5793
f 5794 5795 5793
f 5784 5795 5794
f 5785 5795 5784
f 5765 5785 5783
f 5767 5785 5765
f 5765 5783 5769
f 5783 5786 5769
f 5786 5770 5769
f 5786 5772 5770
f 5772 5789 5773
f 5789 5775 5773
f 5791 5776 5775
f 5778 5791 5793
f 5778 5776 5791
f 5780 5778 5793
f 5780 5793 5795
f 5781 5780 5795
f 5767 5795 5785
f 5767 5781 5795
f 5796 5797 5798
f 5799 5796 5798
f 5800 5798 5801
f 5800 5799 5798
f 5802 5801 5803
f 5802 5800 5801
f 5803 5804 5805
f 5802 5803 5805
f 5804 5806 5807
f 5805 5804 5807
f 5808 5806 5809
f 5807 5806 5808
f 5808 5809 5810
f 5810 5809 5797
f 5796 5810 5797
f 5796 5799 5811
f 5799 5800 5811
f 5811 5800 5802
f 5811 5802 5805
f 5811 5805 5807
f 5808 5811 5807
f 5810 5811 5808
f 5796 5811 5810
f 5812 5813 5814
f 5812 5814 5815
f 5816 5812 5815
f 5816 5815 5817
f 5818 5816 5817
f 5817 5819 5818
f 5819 5820 5821
f 5820 5822 5821
f 5821 5822 5823
f 5823 5822 5824
f 5824 5822 5825
f 5824 5825 5826
f 5813 5825 5814
f 5813 5826 5825
f 5813 5812 5827
f 5812 5816 5827
f 5827 5816 5818
f 5827 5818 5819
f 5827 5819 5821
f 5827 5821 5823
f 5824 5827 5823
f 5826 5827 5824
f 5813 5827 5826
f 5828 5829 5830
f 5828 5831 5829
f 5832 5830 5833
f 5832 5828 5830
f 5834 5833 5835
f 5834 5832 5833
f 5836 5834 5835
f 5835 5837 5836
f 5836 5837 5838
f 5837 5839 5838
f 5838 5839 5840
f 5840 5839 5841
f 5840 5841 5842
f 5842 5841 5843
f 5831 5843 5829
f 5831 5828 5844
f 5828 5832 5844
f 5844 5832 5834
f 5844 5834 5836
f 5844 5836 5838
f 5844 5838 5840
f 5842 5844 5840
f 5843 5844 5842
f 5831 5844 5843
f 5845 5846 5847
f 5848 5845 5847
f 5848 5847 5849
f 5850 5849 5851
f 5850 5851 5852
f 5850 5852 5853
f 5852 5854 5853
f 5853 5854 5855
f 5854 5856 5855
f 5856 5857 5858
f 5858 5857 5859
f 5858 5859 5860
f 5860 5859 5846
f 5845 5860 5846
f 5845 5848 5861
f 5848 5849 5861
f 5861 5849 5850
f 5861 5850 5853
f 5861 5853 5855
f 5861 5855 5856
f 5858 5861 5856
f 5860 5861 5858
f 5845 5861 5860
f 5862 5863 5864
f 5865 5864 5866
f 5865 5862 5864
f 5867 5865 5866
f 5866 5868 5869
f 5867 5866 5869
f 5869 5868 5870
f 5868 5871 5870
f 5870 5871 5872
f 5872 5871 5873
f 5872 5873 5874
f 5874 5873 5875
f 5876 5874 5875
f 5876 5875 5863
f 5876 5863 5877
f 5863 5862 5877
f 5862 5865 5877
f 5877 5865 5867
f 5877 5867 5869
f 5877 5869 5870
f 5877 5870 5872
f 5874 5877 5872
f 5876 5877 5874
f 5878 5879 5880
f 5881 5878 5880
f 5881 5880 5882
f 5883 5881 5882
f 5883 5882 5884
f 5885 5883 5884
f 5884 5886 5887
f 5885 5884 5887
f 5887 5886 5888
f 5889 5888 5890
f 5889 5890 5891
f 5891 5890 5879
f 5878 5891 5879
f 5878 5881 5892
f 5881 5883 5892
f 5892 5883 5885
f 5892 5885 5887
f 5892 5887 5888
f 5889 5892 5888
f 5891 5892 5889
f 5878 5892 5891
f 5893 5894 5895
f 5896 5895 5897
f 5896 5893 5895
f 5898 5896 5897
f 5898 5897 5899
f 5900 5898 5899
f 5899 5901 5900
f 5901 5902 5903
f 5902 5904 5903
f 5905 5904 5906
f 5907 5906 5908
f 5905 5906 5907
f 5894 5907 5908
f 5894 5893 5909
f 5893 5896 5909
f 5896 5898 5909
f 5909 5898 5900
f 5909 5900 5901
f 5909 5901 5903
f 5909 5903 5904
f 5905 5909 5904
f 5907 5909 5905
f 5894 5909 5907
f 5910 5911 5912
f 5910 5913 5911
f 5914 5912 5915
f 5914 5910 5912
f 5916 5915 5917
f 5916 5914 5915
f 5918 5916 5917
f 5917 5919 5918
f 5918 5919 5920
f 5919 5921 5922
f 5920 5919 5922
f 5923 5921 5924
f 5922 5921 5923
f 5923 5924 5925
f 5925 5924 5911
f 5913 5925 5911
f 5913 5910 5926
f 5910 5914 5926
f 5926 5914 5916
f 5926 5916 5918
f 5926 5918 5920
f 5926 5920 5922
f 5923 5926 5922
f 5925 5926 5923
f 5913 5926 5925
f 5927 5928 5929
f 5930 5927 5929
f 5929 5931 5932
f 5929 5932 5930
f 5933 5930 5932
f 5927 5930 5933
f 5934 5927 5933
f 5928 5927 5934
f 5928 5934 5931
f 5928 5931 5929
f 5932 5931 5935
f 5936 5932 5935
f 5937 5934 5933
f 5937 5938 5934
f 5931 5934 5938
f 5931 5938 5935
f 5936 5933 5932
f 5936 5937 5933
f 5939 5941 5940
f 5942 5941 5939
f 5941 5936 5935
f 5941 5942 5936
f 5937 5936 5942
f 5939 5937 5942
f 5938 5937 5939
f 5940 5938 5939
f 5940 5935 5938
f 5940 5941 5935
f 5943 5944 5945
f 5946 5943 5945
f 5947 5944 5948
f 5945 5944 5947
f 5949 5948 5950
f 5947 5948 5949
f 5949 5950 5951
f 5952 5951 5953
f 5952 5949 5951
f 5954 5953 5955
f 5954 5952 5953
f 5956 5955 5957
f 5956 5954 5955
f 5958 5957 5959
f 5958 5956 5957
f 5960 5958 5959
f 5960 5943 5946
f 5961 5962 5944
f 5962 5963 5944
f 5962 5964 5963
f 5964 5950 5963
f 5964 5965 5950
f 5965 5951 5950
f 5966 5967 5965
f 5967 5951 5965
f 5968 5967 5966
f 5969 5957 5968
f 5970 5971 5969
f 5969 5971 5957
f 5970 5972 5971
f 5961 5944 5943
f 5948 5944 5963
f 5948 5963 5950
f 5953 5951 5967
f 5955 5967 5968
f 5953 5967 5955
f 5955 5968 5957
f 5957 5971 5959
f 5971 5972 5960
f 5971 5960 5959
f 5972 5961 5943
f 5972 5943 5960
f 5973 5974 5975
f 5975 5976 5977
f 5977 5976 5978
f 5977 5978 5979
f 5979 5978 5980
f 5979 5980 5981
f 5981 5980 5982
f 5983 5981 5982
f 5983 5982 5984
f 5985 5984 5986
f 5985 5983 5984
f 5987 5985 5986
f 5988 5987 5989
f 5989 5974 5973
f 5988 5989 5973
f 5990 5991 5976
f 5990 5976 5992
f 5991 5993 5994
f 5991 5994 5976
f 5993 5995 5996
f 5993 5996 5994
f 5997 5996 5995
f 5998 5999 6000
f 6001 5999 5998
f 6001 6002 5999
f 6001 5990 5992
f 6001 5992 6002
f 5976 5975 5992
f 5992 5975 5974
f 5994 5978 5976
f 5980 5994 5996
f 5980 5978 5994
f 5982 5996 5997
f 5982 5980 5996
f 5984 5997 6000
f 5982 5997 5984
f 5984 6000 5986
f 6000 5999 5986
f 5986 5999 5987
f 5999 6002 5989
f 5999 5989 5987
f 6002 5992 5974
f 6002 5974 5989
f 6003 6004 6005
f 6004 6006 6005
f 6007 6006 6008
f 6005 6006 6007
f 6009 6008 6010
f 6007 6008 6009
f 6011 6010 6012
f 6011 6009 6010
f 6013 6012 6014
f 6013 6011 6012
f 6013 6014 6015
f 6016 6013 6015
f 6017 6016 6018
f 6019 6017 6018
f 6019 6020 6003
f 6020 6004 6003
f 6021 6022 6006
f 6021 6006 6023
f 6022 6024 6006
f 6024 6025 6026
f 6025 6027 6028
f 6025 6028 6026
f 6029 6028 6027
f 6015 6029 6030
f 6030 6031 6015
f 6032 6033 6031
f 6032 6021 6023
f 6032 6023 6033
f 6006 6004 6023
f 6024 6008 6006
f 6008 6024 6026
f 6010 6008 6026
f 6010 6026 6028
f 6012 6010 6028
f 6012 6028 6029
f 6012 6029 6014
f 6014 6029 6015
f 6015 6031 6016
f 6016 6031 6018
f 6031 6033 6018
f 6033 6019 6018
f 6033 6023 6020
f 6033 6020 6019
f 6023 6004 6020
f 6034 6035 6036
f 6037 6036 6038
f 6039 6038 6040
f 6037 6038 6039
f 6041 6040 6042
f 6041 6039 6040
f 6043 6041 6042
f 6044 6043 6045
f 6046 6045 6047
f 6046 6044 6045
f 6048 6047 6049
f 6048 6046 6047
f 6049 6035 6034
f 6048 6049 6034
f 6050 6051 6052
f 6051 6053 6054
f 6053 6055 6054
f 6055 6056 6057
f 6058 6059 6056
f 6059 6057 6056
f 6060 6061 6058
f 6061 6059 6058
f 6062 6063 6060
f 6060 6063 6061
f 6062 6064 6063
f 6064 6050 6052
f 6051 6035 6052
f 6054 6036 6051
f 6051 6036 6035
f 6038 6036 6054
f 6038 6054 6055
f 6040 6055 6057
f 6040 6038 6055
f 6042 6057 6059
f 6042 6040 6057
f 6043 6059 6061
f 6042 6059 6043
f 6043 6061 6045
f 6061 6063 6045
f 6045 6063 6047
f 6063 6064 6047
f 6064 6049 6047
f 6064 6052 6049
f 6052 6035 6049
f 6065 6066 6067
f 6067 6066 6068
f 6068 6066 6069
f 6068 6069 6070
f 6070 6069 6071
f 6070 6071 6072
f 6073 6072 6074
f 6073 6074 6075
f 6076 6075 6077
f 6076 6073 6075
f 6078 6077 6079
f 6078 6076 6077
f 6080 6078 6079
f 6081 6080 6082
f 6082 6065 6067
f 6081 6082 6067
f 6083 6084 6066
f 6083 6066 6065
f 6084 6085 6066
f 6084 6086 6071
f 6084 6071 6085
f 6086 6087 6074
f 6086 6074 6071
f 6088 6075 6087
f 6075 6074 6087
f 6089 6075 6088
f 6090 6089 6088
f 6090 6079 6089
f 6091 6092 6090
f 6090 6092 6079
f 6091 6093 6092
f 6093 6083 6065
f 6069 6066 6085
f 6069 6085 6071
f 6072 6071 6074
f 6077 6075 6089
f 6077 6089 6079
f 6092 6080 6079
f 6092 6093 6082
f 6092 6082 6080
f 6093 6065 6082
f 6094 6095 6096
f 6095 6097 6096
f 6096 6097 6098
f 6098 6097 6099
f 6098 6099 6100
f 6101 6100 6102
f 6101 6102 6103
f 6104 6101 6103
f 6104 6103 6105
f 6106 6104 6105
f 6106 6105 6107
f 6108 6107 6109
f 6108 6106 6107
f 6110 6109 6111
f 6110 6108 6109
f 6110 6111 6094
f 6112 6113 6095
f 6112 6095 6114
f 6113 6115 6095
f 6113 6116 6115
f 6117 6102 6116
f 6118 6102 6117
f 6119 6107 6120
f 6119 6121 6107
f 6122 6111 6121
f 6122 6112 6114
f 6122 6114 6111
f 6114 6095 6094
f 6115 6097 6095
f 6099 6115 6116
f 6099 6097 6115
f 6100 6116 6102
f 6100 6099 6116
f 6103 6102 6118
f 6105 6118 6120
f 6103 6118 6105
f 6105 6120 6107
f 6107 6121 6109
f 6121 6111 6109
f 6114 6094 6111
f 6123 6124 6125
f 6124 6126 6125
f 6127 6126 6128
f 6125 6126 6127
f 6129 6128 6130
f 6127 6128 6129
f 6131 6130 6132
f 6129 6130 6131
f 6133 6132 6134
f 6133 6131 6132
f 6135 6134 6136
f 6135 6133 6134
f 6135 6136 6137
f 6138 6135 6137
f 6138 6137 6139
f 6140 6139 6141
f 6140 6138 6139
f 6141 6142 6123
f 6140 6141 6123
f 6142 6124 6123
f 6143 6144 6126
f 6143 6126 6145
f 6144 6146 6128
f 6144 6128 6126
f 6146 6147 6128
f 6146 6148 6147
f 6148 6132 6147
f 6149 6132 6148
f 6150 6136 6149
f 6151 6136 6150
f 6152 6151 6150
f 6152 6139 6151
f 6152 6153 6139
f 6153 6143 6145
f 6126 6124 6145
f 6130 6128 6147
f 6132 6130 6147
f 6134 6132 6149
f 6134 6149 6136
f 6137 6136 6151
f 6137 6151 6139
f 6139 6153 6141
f 6153 6145 6142
f 6153 6142 6141
f 6145 6124 6142
f 6154 6155 6156
f 6156 6155 6157
f 6158 6157 6159
f 6160 6159 6161
f 6158 6159 6160
f 6162 6161 6163
f 6162 6160 6161
f 6164 6163 6165
f 6164 6162 6163
f 6166 6164 6165
f 6167 6166 6168
f 6169 6168 6170
f 6169 6167 6168
f 6170 6154 6169
f 6169 6154 6156
f 6171 6172 6173
f 6171 6174 6172
f 6174 6175 6172
f 6174 6176 6175
f 6177 6175 6176
f 6178 6177 6176
f 6179 6177 6178
f 6178 6180 6179
f 6181 6182 6180
f 6181 6183 6182
f 6173 6155 6184
f 6184 6155 6154
f 6173 6157 6155
f 6172 6159 6173
f 6159 6157 6173
f 6161 6172 6175
f 6161 6159 6172
f 6163 6175 6177
f 6163 6161 6175
f 6165 6177 6179
f 6163 6177 6165
f 6179 6180 6166
f 6165 6179 6166
f 6180 6182 6168
f 6166 6180 6168
f 6182 6183 6170
f 6182 6170 6168
f 6183 6184 6154
f 6183 6154 6170
f 6185 6186 6187
f 6187 6188 6189
f 6189 6188 6190
f 6191 6190 6192
f 6191 6192 6193
f 6194 6191 6193
f 6194 6193 6195
f 6196 6194 6195
f 6196 6195 6197
f 6198 6196 6197
f 6198 6197 6199
f 6200 6199 6201
f 6200 6198 6199
f 6201 6186 6185
f 6200 6201 6185
f 6202 6203 6204
f 6205 6206 6207
f 6208 6206 6205
f 6209 6199 6208
f 6210 6211 6209
f 6209 6211 6199
f 6210 6202 6186
f 6210 6186 6211
f 6202 6204 6186
f 6204 6187 6186
f 6203 6188 6204
f 6204 6188 6187
f 6190 6203 6212
f 6190 6188 6203
f 6192 6212 6207
f 6192 6190 6212
f 6193 6192 6207
f 6193 6207 6206
f 6195 6193 6206
f 6195 6206 6208
f 6195 6208 6197
f 6208 6199 6197
f 6199 6211 6201
f 6211 6186 6201
f 6213 6214 6215
f 6215 6214 6216
f 6217 6216 6218
f 6217 6218 6219
f 6217 6219 6220
f 6220 6219 6221
f 6222 6220 6221
f 6223 6222 6224
f 6225 6224 6226
f 6225 6223 6224
f 6227 6225 6226
f 6228 6227 6229
f 6228 6229 6213
f 6230 6231 6232
f 6233 6234 6235
f 6234 6236 6235
f 6237 6236 6238
f 6239 6237 6238
f 6240 6241 6239
f 6242 6241 6240
f 6242 6243 6241
f 6230 6243 6242
f 6230 6232 6243
f 6231 6214 6232
f 6232 6214 6213
f 6233 6216 6231
f 6216 6214 6231
f 6218 6233 6235
f 6218 6216 6233
f 6219 6218 6235
f 6219 6235 6236
f 6221 6219 6236
f 6222 6236 6237
f 6222 6221 6236
f 6222 6237 6224
f 6224 6237 6239
f 6239 6241 6226
f 6224 6239 6226
f 6241 6243 6227
f 6241 6227 6226
f 6243 6229 6227
f 6243 6232 6229
f 6232 6213 6229
f 6244 6245 6246
f 6245 6247 6246
f 6246 6247 6248
f 6248 6247 6249
f 6250 6249 6251
f 6248 6249 6250
f 6252 6250 6251
f 6253 6252 6254
f 6255 6254 6256
f 6255 6253 6254
f 6257 6256 6258
f 6257 6255 6256
f 6259 6257 6258
f 6259 6260 6244
f 6260 6245 6244
f 6261 6262 6263
f 6261 6263 6264
f 6262 6265 6249
f 6262 6249 6263
f 6265 6266 6267
f 6265 6267 6249
f 6268 6267 6266
f 6269 6270 6271
f 6269 6272 6270
f 6272 6261 6264
f 6263 6245 6264
f 6263 6247 6245
f 6249 6247 6263
f 6251 6249 6267
f 6252 6267 6268
f 6252 6251 6267
f 6254 6252 6268
f 6254 6268 6271
f 6254 6271 6256
f 6271 6270 6256
f 6256 6270 6258
f 6270 6272 6258
f 6272 6259 6258
f 6272 6264 6260
f 6272 6260 6259
f 6264 6245 6260
f 6273 6274 6275
f 6275 6276 6277
f 6277 6276 6278
f 6277 6278 6279
f 6280 6279 6281
f 6280 6281 6282
f 6283 6280 6282
f 6283 6282 6284
f 6285 6284 6286
f 6285 6283 6284
f 6287 6286 6288
f 6287 6285 6286
f 6287 6288 6289
f 6290 6287 6289
f 6290 6289 6291
f 6290 6291 6273
f 6291 6274 6273
f 6292 6293 6276
f 6292 6276 6274
f 6293 6294 6278
f 6293 6278 6276
f 6294 6281 6278
f 6294 6295 6281
f 6295 6296 6281
f 6297 6296 6295
f 6284 6296 6297
f 6298 6299 6297
f 6299 6284 6297
f 6300 6288 6298
f 6298 6288 6299
f 6300 6301 6288
f 6302 6301 6300
f 6302 6303 6301
f 6302 6292 6303
f 6292 6274 6303
f 6276 6275 6274
f 6279 6278 6281
f 6282 6281 6296
f 6284 6282 6296
f 6286 6284 6299
f 6286 6299 6288
f 6288 6301 6289
f 6301 6303 6291
f 6301 6291 6289
f 6303 6274 6291
f 6304 6305 6306
f 6306 6305 6307
f 6307 6305 6308
f 6307 6308 6309
f 6309 6308 6310
f 6309 6310 6311
f 6312 6311 6313
f 6314 6313 6315
f 6314 6312 6313
f 6316 6314 6315
f 6317 6316 6318
f 6319 6318 6320
f 6319 6317 6318
f 6320 6304 6319
f 6319 6304 6306
f 6321 6322 6323
f 6321 6324 6322
f 6324 6310 6322
f 6324 6325 6326
f 6324 6326 6310
f 6327 6326 6325
f 6328 6329 6327
f 6328 6330 6329
f 6331 6332 6330
f 6331 6333 6332
f 6323 6305 6334
f 6334 6305 6304
f 6322 6308 6323
f 6308 6305 6323
f 6310 6308 6322
f 6311 6310 6326
f 6313 6311 6326
f 6313 6326 6327
f 6315 6327 6329
f 6313 6327 6315
f 6329 6330 6316
f 6315 6329 6316
f 6330 6332 6318
f 6316 6330 6318
f 6332 6333 6320
f 6332 6320 6318
f 6333 6334 6304
f 6333 6304 6320
f 6335 6336 6337
f 6338 6335 6337
f 6339 6336 6340
f 6337 6336 6339
f 6339 6340 6341
f 6339 6341 6342
f 6342 6341 6343
f 6344 6343 6345
f 6344 6342 6343
f 6346 6344 6345
f 6347 6346 6348
f 6349 6347 6348
f 6350 6349 6351
f 6351 6335 6338
f 6350 6351 6338
f 6352 6340 6353
f 6352 6354 6340
f 6354 6355 6340
f 6354 6356 6355
f 6356 6343 6355
f 6357 6343 6356
f 6358 6359 6360
f 6358 6361 6359
f 6362 6363 6361
f 6362 6353 6363
f 6353 6336 6363
f 6363 6336 6335
f 6340 6336 6353
f 6341 6340 6355
f 6343 6341 6355
f 6345 6343 6357
f 6346 6357 6360
f 6345 6357 6346
f 6346 6360 6348
f 6360 6359 6348
f 6348 6359 6349
f 6359 6361 6351
f 6359 6351 6349
f 6361 6363 6335
f 6361 6335 6351
f 6364 6365 6366
f 6366 6365 6367
f 6368 6367 6369
f 6370 6369 6371
f 6368 6369 6370
f 6372 6371 6373
f 6372 6370 6371
f 6372 6373 6374
f 6375 6374 6376
f 6375 6372 6374
f 6377 6376 6378
f 6377 6375 6376
f 6379 6378 6380
f 6379 6377 6378
f 6379 6380 6364
f 6381 6382 6383
f 6382 6384 6383
f 6385 6386 6384
f 6385 6387 6386
f 6373 6386 6387
f 6388 6373 6387
f 6374 6373 6388
f 6389 6374 6388
f 6383 6365 6381
f 6381 6365 6364
f 6384 6367 6383
f 6367 6365 6383
f 6369 6367 6384
f 6369 6384 6386
f 6371 6369 6386
f 6371 6386 6373
f 6376 6374 6389
f 6389 6390 6378
f 6376 6389 6378
f 6390 6391 6380
f 6390 6380 6378
f 6391 6381 6364
f 6391 6364 6380
f 6392 6393 6394
f 6395 6392 6394
f 6396 6393 6397
f 6394 6393 6396
f 6396 6397 6398
f 6398 6397 6399
f 6400 6399 6401
f 6402 6400 6401
f 6403 6402 6404
f 6405 6403 6404
f 6406 6405 6407
f 6407 6392 6395
f 6406 6407 6395
f 6408 6395 6394
f 6408 6394 6396
f 6398 6408 6396
f 6399 6408 6398
f 6400 6408 6399
f 6400 6402 6408
f 6402 6403 6408
f 6403 6405 6408
f 6408 6405 6406
f 6408 6406 6395
f 6409 6410 6411
f 6412 6410 6413
f 6411 6410 6412
f 6414 6413 6415
f 6412 6413 6414
f 6416 6415 6417
f 6416 6414 6415
f 6418 6416 6417
f 6419 6418 6420
f 6421 6420 6422
f 6421 6419 6420
f 6423 6422 6424
f 6423 6421 6422
f 6423 6424 6409
f 6425 6409 6411
f 6425 6411 6412
f 6414 6425 6412
f 6416 6425 6414
f 6416 6418 6425
f 6418 6419 6425
f 6419 6421 6425
f 6425 6421 6423
f 6425 6423 6409
f 6426 6427 6428
f 6428 6427 6429
f 6428 6429 6430
f 6431 6429 6432
f 6430 6429 6431
f 6433 6431 6432
f 6433 6432 6434
f 6435 6433 6434
f 6436 6435 6434
f 6437 6436 6438
f 6439 6438 6440
f 6439 6437 6438
f 6440 6427 6426
f 6439 6440 6426
f 6441 6426 6428
f 6430 6441 6428
f 6431 6441 6430
f 6433 6441 6431
f 6433 6435 6441
f 6435 6436 6441
f 6436 6437 6441
f 6441 6437 6439
f 6441 6439 6426
f 6442 6443 6444
f 6443 6445 6444
f 6444 6445 6446
f 6447 6445 6448
f 6446 6445 6447
f 6449 6448 6450
f 6449 6447 6448
f 6451 6450 6452
f 6451 6449 6450
f 6453 6452 6454
f 6453 6451 6452
f 6455 6454 6456
f 6455 6453 6454
f 6456 6443 6442
f 6455 6456 6442
f 6457 6442 6444
f 6457 6444 6446
f 6447 6457 6446
f 6449 6457 6447
f 6449 6451 6457
f 6451 6453 6457
f 6457 6453 6455
f 6457 6455 6442
f 6458 6459 6460
f 6459 6461 6460
f 6461 6462 6463
f 6463 6462 6464
f 6465 6464 6466
f 6465 6466 6467
f 6468 6465 6467
f 6468 6467 6469
f 6470 6468 6469
f 6470 6469 6471
f 6472 6470 6471
f 6472 6471 6473
f 6472 6473 6458
f 6473 6459 6458
f 6474 6458 6460
f 6474 6460 6461
f 6463 6474 6461
f 6464 6474 6463
f 6465 6474 6464
f 6465 6468 6474
f 6468 6470 6474
f 6474 6470 6472
f 6474 6472 6458
f 6475 6476 6477
f 6478 6475 6477
f 6479 6476 6480
f 6477 6476 6479
f 6481 6480 6482
f 6479 6480 6481
f 6483 6482 6484
f 6483 6481 6482
f 6485 6483 6484
f 6486 6485 6487
f 6488 6486 6487
f 6489 6488 6490
f 6490 6475 6478
f 6489 6490 6478
f 6491 6478 6477
f 6491 6477 6479
f 6481 6491 6479
f 6483 6491 6481
f 6483 6485 6491
f 6485 6486 6491
f 6486 6488 6491
f 6491 6488 6489
f 6491 6489 6478
f 6492 6493 6494
f 6495 6492 6494
f 6496 6493 6497
f 6494 6493 6496
f 6498 6497 6499
f 6496 6497 6498
f 6500 6499 6501
f 6500 6498 6499
f 6502 6500 6501
f 6503 6502 6504
f 6505 6503 6504
f 6506 6505 6507
f 6507 6492 6495
f 6506 6507 6495
f 6508 6495 6494
f 6508 6494 6496
f 6498 6508 6496
f 6500 6508 6498
f 6500 6502 6508
f 6502 6503 6508
f 6503 6505 6508
f 6508 6505 6506
f 6508 6506 6495
f 6509 6510 6511
f 6511 6510 6512
f 6513 6512 6514
f 6515 6514 6516
f 6513 6514 6515
f 6517 6516 6518
f 6517 6515 6516
f 6519 6517 6518
f 6519 6518 6520
f 6521 6520 6522
f 6521 6522 6523
f 6524 6521 6523
f 6523 6509 6524
f 6525 6509 6511
f 6525 6511 6512
f 6513 6525 6512
f 6515 6525 6513
f 6517 6525 6515
f 6517 6519 6525
f 6519 6520 6525
f 6520 6521 6525
f 6525 6521 6524
f 6525 6524 6509
f 6526 6527 6528
f 6528 6529 6530
f 6531 6529 6532
f 6530 6529 6531
f 6531 6532 6533
f 6533 6532 6534
f 6535 6534 6536
f 6537 6536 6538
f 6537 6535 6536
f 6539 6538 6540
f 6539 6537 6538
f 6540 6527 6526
f 6539 6540 6526
f 6541 6526 6528
f 6541 6528 6530
f 6531 6541 6530
f 6533 6541 6531
f 6534 6541 6533
f 6534 6535 6541
f 6535 6537 6541
f 6541 6537 6539
f 6541 6539 6526
f 6542 6543 6544
f 6544 6545 6546
f 6547 6545 6548
f 6546 6545 6547
f 6547 6548 6549
f 6550 6548 6551
f 6550 6549 6548
f 6552 6551 6553
f 6552 6550 6551
f 6554 6552 6553
f 6554 6553 6555
f 6556 6555 6557
f 6556 6557 6543
f 6556 6543 6542
f 6558 6542 6544
f 6558 6544 6546
f 6547 6558 6546
f 6549 6558 6547
f 6550 6558 6549
f 6550 6552 6558
f 6552 6554 6558
f 6554 6555 6558
f 6558 6555 6556
f 6558 6556 6542
f 6559 6560 6561
f 6561 6560 6562
f 6562 6560 6563
f 6562 6563 6564
f 6565 6563 6566
f 6565 6564 6563
f 6567 6565 6566
f 6568 6567 6569
f 6570 6569 6571
f 6570 6568 6569
f 6572 6571 6573
f 6572 6570 6571
f 6572 6573 6559
f 6574 6559 6561
f 6574 6561 6562
f 6564 6574 6562
f 6565 6574 6564
f 6565 6567 6574
f 6567 6568 6574
f 6568 6570 6574
f 6574 6570 6572
f 6574 6572 6559
f 6575 6576 6577
f 6578 6575 6577
f 6579 6576 6580
f 6577 6576 6579
f 6581 6580 6582
f 6579 6580 6581
f 6583 6581 6582
f 6583 6582 6584
f 6585 6583 6584
f 6585 6584 6586
f 6587 6585 6586
f 6588 6586 6589
f 6588 6587 6586
f 6589 6575 6578
f 6588 6589 6578
f 6590 6578 6577
f 6590 6577 6579
f 6581 6590 6579
f 6583 6590 6581
f 6583 6585 6590
f 6585 6587 6590
f 6590 6587 6588
f 6590 6588 6578
f 6591 6592 6593
f 6594 6591 6593
f 6595 6592 6596
f 6593 6592 6595
f 6597 6596 6598
f 6595 6596 6597
f 6599 6598 6600
f 6599 6597 6598
f 6601 6599 6600
f 6601 6600 6602
f 6603 6601 6602
f 6604 6602 6605
f 6604 6603 6602
f 6605 6591 6594
f 6604 6605 6594
f 6606 6594 6593
f 6606 6593 6595
f 6597 6606 6595
f 6599 6606 6597
f 6599 6601 6606
f 6601 6603 6606
f 6606 6603 6604
f 6606 6604 6594
f 6607 6608 6609
f 6610 6607 6609
f 6609 6608 6611
f 6612 6608 6613
f 6611 6608 6612
f 6614 6613 6615
f 6612 6613 6614
f 6616 6614 6615
f 6617 6616 6618
f 6619 6618 6620
f 6619 6617 6618
f 6621 6619 6620
f 6621 6620 6622
f 6622 6607 6610
f 6623 6610 6609
f 6623 6609 6611
f 6612 6623 6611
f 6614 6623 6612
f 6616 6623 6614
f 6616 6617 6623
f 6617 6619 6623
f 6619 6621 6623
f 6623 6621 6622
f 6623 6622 6610
f 6624 6625 6626
f 6627 6624 6626
f 6626 6625 6628
f 6628 6625 6629
f 6628 6629 6630
f 6630 6629 6631
f 6630 6631 6632
f 6632 6631 6633
f 6634 6633 6635
f 6636 6635 6637
f 6636 6634 6635
f 6638 6637 6639
f 6638 6636 6637
f 6639 6624 6627
f 6638 6639 6627
f 6640 6627 6626
f 6640 6626 6628
f 6630 6640 6628
f 6632 6640 6630
f 6633 6640 6632
f 6633 6634 6640
f 6634 6636 6640
f 6640 6636 6638
f 6640 6638 6627
f 6641 6642 6643
f 6643 6642 6644
f 6644 6642 6645
f 6644 6645 6646
f 6647 6645 6648
f 6647 6646 6645
f 6649 6647 6648
f 6650 6649 6651
f 6652 6651 6653
f 6652 6650 6651
f 6654 6652 6653
f 6653 6641 6654
f 6655 6641 6643
f 6655 6643 6644
f 6646 6655 6644
f 6647 6655 6646
f 6647 6649 6655
f 6649 6650 6655
f 6650 6652 6655
f 6655 6652 6654
f 6655 6654 6641
f 6656 6657 6658
f 6659 6657 6660
f 6658 6657 6659
f 6659 6660 6661
f 6661 6660 6662
f 6663 6661 6662
f 6663 6662 6664
f 6665 6664 6666
f 6667 6666 6668
f 6667 6665 6666
f 6669 6668 6670
f 6669 6667 6668
f 6669 6670 6656
f 6671 6656 6658
f 6671 6658 6659
f 6661 6671 6659
f 6663 6671 6661
f 6663 6664 6671
f 6664 6665 6671
f 6665 6667 6671
f 6671 6667 6669
f 6671 6669 6656
f 6672 6673 6674
f 6675 6672 6674
f 6674 6673 6676
f 6676 6673 6677
f 6677 6678 6679
f 6679 6678 6680
f 6681 6679 6680
f 6681 6680 6682
f 6683 6681 6682
f 6684 6682 6685
f 6684 6683 6682
f 6686 6685 6687
f 6686 6684 6685
f 6687 6672 6675
f 6686 6687 6675
f 6688 6675 6674
f 6688 6674 6676
f 6677 6688 6676
f 6679 6688 6677
f 6681 6688 6679
f 6681 6683 6688
f 6683 6684 6688
f 6688 6684 6686
f 6688 6686 6675
f 6689 6690 6691
f 6692 6689 6691
f 6693 6690 6694
f 6691 6690 6693
f 6695 6694 6696
f 6693 6694 6695
f 6697 6696 6698
f 6697 6695 6696
f 6699 6697 6698
f 6699 6698 6700
f 6701 6699 6700
f 6702 6700 6703
f 6702 6701 6700
f 6703 6689 6692
f 6702 6703 6692
f 6704 6692 6691
f 6704 6691 6693
f 6695 6704 6693
f 6697 6704 6695
f 6697 6699 6704
f 6699 6701 6704
f 6704 6701 6702
f 6704 6702 6692
f 6705 6706 6707
f 6706 6708 6709
f 6709 6708 6710
f 6711 6710 6712
f 6713 6711 6712
f 6714 6713 6715
f 6716 6714 6715
f 6716 6715 6717
f 6718 6717 6705
f 6718 6705 6707
f 6719 6707 6706
f 6719 6706 6709
f 6710 6719 6709
f 6711 6719 6710
f 6713 6719 6711
f 6713 6714 6719
f 6714 6716 6719
f 6719 6716 6717
f 6719 6717 6718
f 6719 6718 6707
f 6720 6721 6722
f 6723 6720 6722
f 6724 6721 6725
f 6722 6721 6724
f 6726 6725 6727
f 6724 6725 6726
f 6728 6727 6729
f 6728 6726 6727
f 6730 6729 6731
f 6730 6728 6729
f 6732 6730 6731
f 6732 6731 6733
f 6734 6733 6735
f 6735 6720 6723
f 6734 6735 6723
f 6736 6723 6722
f 6736 6722 6724
f 6726 6736 6724
f 6728 6736 6726
f 6728 6730 6736
f 6730 6732 6736
f 6732 6733 6736
f 6736 6733 6734
f 6736 6734 6723
f 6737 6738 6739
f 6739 6738 6740
f 6741 6740 6742
f 6743 6742 6744
f 6741 6742 6743
f 6745 6743 6744
f 6745 6744 6746
f 6747 6746 6748
f 6749 6747 6748
f 6750 6749 6751
f 6750 6751 6737
f 6752 6737 6739
f 6752 6739 6740
f 6741 6752 6740
f 6743 6752 6741
f 6745 6752 6743
f 6745 6746 6752
f 6746 6747 6752
f 6752 6747 6749
f 6752 6749 6750
f 6752 6750 6737
f 6753 6754 6755
f 6756 6753 6755
f 6757 6754 6758
f 6755 6754 6757
f 6757 6758 6759
f 6759 6758 6760
f 6759 6760 6761
f 6761 6760 6762
f 6763 6762 6764
f 6765 6763 6764
f 6765 6764 6766
f 6767 6765 6766
f 6766 6753 6756
f 6767 6766 6756
f 6768 6756 6755
f 6768 6755 6757
f 6759 6768 6757
f 6761 6768 6759
f 6762 6768 6761
f 6762 6763 6768
f 6763 6765 6768
f 6768 6765 6767
f 6768 6767 6756
f 6769 6770 6771
f 6771 6772 6773
f 6774 6772 6775
f 6773 6772 6774
f 6774 6775 6776
f 6776 6775 6777
f 6778 6776 6777
f 6778 6777 6779
f 6780 6778 6779
f 6781 6779 6782
f 6781 6780 6779
f 6783 6781 6782
f 6783 6782 6770
f 6783 6770 6769
f 6784 6769 6771
f 6784 6771 6773
f 6774 6784 6773
f 6776 6784 6774
f 6778 6784 6776
f 6778 6780 6784
f 6780 6781 6784
f 6784 6781 6783
f 6784 6783 6769
f 6785 6786 6787
f 6788 6786 6785
f 6788 6785 6789
f 6788 6789 6790
f 6789 6791 6790
f 6790 6791 6792
f 6792 6791 6787
f 6792 6787 6786
f 6793 6795 6794
f 6796 6793 6794
f 6797 6798 6793
f 6796 6797 6793
f 6796 6799 6797
f 6796 6794 6799
f 6799 6794 6800
f 6794 6795 6800
f 6795 6798 6800
f 6795 6793 6798
f 6785 6798 6797
f 6785 6787 6798
f 6797 6799 6789
f 6785 6797 6789
f 6799 6800 6791
f 6799 6791 6789
f 6787 6800 6798
f 6787 6791 6800
f 6788 6792 6786
f 6788 6790 6792
f 51 6801 52
f 52 6801 58
f 57 58 6801
f 56 57 6801
f 55 56 6801
f 53 55 6801
f 51 53 6801
f 59 6802 60
f 60 6802 63
f 63 6802 65
f 65 6802 67
f 67 6802 69
f 69 6802 70
f 70 6802 72
f 72 6802 74
f 59 74 6802
f 76 6803 77
f 77 6803 81
f 81 6803 83
f 83 6803 85
f 85 6803 87
f 87 6803 88
f 88 6803 90
f 76 90 6803
f 1165 1168 6804
f 1168 1170 6804
f 1170 1171 6804
f 1171 1174 6804
f 1174 1176 6804
f 1176 1177 6804
f 1177 1179 6804
f 1179 1180 6804
f 1165 6804 1180
f 1183 6805 1184
f 1184 6805 1186
f 1186 6805 1188
f 1188 6805 1190
f 1190 6805 1191
f 1191 6805 1193
f 1192 1193 6805
f 1183 1192 6805
f 1194 1196 6806
f 1196 1207 6806
f 1206 6806 1207
f 1204 6806 1206
f 1202 6806 1204
f 1200 6806 1202
f 1198 6806 1200
f 1194 6806 1198
f 1211 6807 1212
f 1212 6807 1215
f 1215 6807 1217
f 1217 6807 1219
f 1219 6807 1220
f 1220 6807 1222
f 1222 6807 1224
f 1211 1224 6807
f 1229 6808 1231
f 1231 6808 1233
f 1233 6808 1234
f 1234 6808 1235
f 1235 6808 1237
f 1237 6808 1240
f 1240 6808 1242
f 1229 1242 6808
f 1245 6809 1246
f 1246 6809 1248
f 1248 6809 1250
f 1250 6809 1251
f 1251 6809 1252
f 1252 6809 1254
f 1254 6809 1255
f 1255 6809 1258
f 1245 1258 6809
f 1301 6810 1302
f 1302 6810 1308
f 1307 1308 6810
f 1306 1307 6810
f 1305 1306 6810
f 1303 1305 6810
f 1301 1303 6810
f 1309 1311 6811
f 1311 1312 6811
f 1312 1316 6811
f 1313 6811 1316
f 1313 1315 6811
f 1309 6811 1315
f 1317 1319 6812
f 1319 1320 6812
f 1320 1321 6812
f 1321 1450 6812
f 1322 6812 1450
f 1322 1324 6812
f 1318 6812 1324
f 1318 1441 6812
f 1439 6812 1441
f 1437 6812 1439
f 1310 6812 1437
f 1310 1436 6812
f 1311 6812 1436
f 1311 1448 6812
f 1446 6812 1448
f 1445 6812 1446
f 1442 6812 1445
f 1318 6812 1442
f 1318 6812 1443
f 1317 6812 1443
f 1326 6813 1327
f 1327 6813 1332
f 1331 1332 6813
f 1329 1331 6813
f 1329 6813 1330
f 1328 1330 6813
f 1326 1328 6813
f 1337 1339 6814
f 1339 1480 6814
f 1338 6814 1480
f 1338 1340 6814
f 1340 1341 6814
f 1335 6814 1341
f 1335 1336 6814
f 1336 1337 6814
f 1343 1346 6815
f 1346 1348 6815
f 1348 1349 6815
f 1349 1352 6815
f 1350 6815 1352
f 1344 6815 1350
f 1344 1345 6815
f 1343 6815 1345
f 1353 6816 1354
f 1354 6816 1361
f 1359 1361 6816
f 1358 1359 6816
f 1356 1358 6816
f 1353 1356 6816
f 1379 1381 6817
f 1381 1382 6817
f 1382 1383 6817
f 1383 1384 6817
f 1384 1385 6817
f 1385 1386 6817
f 1379 6817 1386
f 1387 6818 1388
f 1388 6818 1394
f 1393 1394 6818
f 1392 1393 6818
f 1390 1392 6818
f 1389 1390 6818
f 1387 1389 6818
f 1395 6819 1396
f 1396 6819 1401
f 1400 1401 6819
f 1398 1400 6819
f 1398 6819 1399
f 1397 1399 6819
f 1395 1397 6819
f 1403 6820 1404
f 1404 6820 1406
f 1406 6820 1410
f 1409 1410 6820
f 1408 1409 6820
f 1405 1408 6820
f 1403 1405 6820
f 1412 6821 1413
f 1411 1413 6821
f 1411 6821 1416
f 1414 1416 6821
f 1414 6821 1418
f 1417 1418 6821
f 1412 1417 6821
f 1420 6822 1421
f 1421 6822 1423
f 1423 6822 1425
f 1425 6822 1426
f 1426 6822 1428
f 1428 6822 1431
f 1431 6822 1432
f 1432 6822 1434
f 1420 1434 6822
f 1321 6823 1451
f 1451 6823 1453
f 1453 6823 1455
f 1455 6823 1456
f 1456 6823 1458
f 1458 6823 1461
f 1461 6823 1463
f 1321 1463 6823
f 1466 6824 1467
f 1467 6824 1469
f 1469 6824 1471
f 1471 6824 1473
f 1335 1473 6824
f 1335 6824 1474
f 1474 6824 1477
f 1477 6824 1478
f 1466 1478 6824
f 1338 1481 6825
f 1481 1482 6825
f 1482 1484 6825
f 1484 1486 6825
f 1344 6825 1486
f 1344 1487 6825
f 1487 1489 6825
f 1489 1491 6825
f 1338 6825 1491
f 1494 6826 1495
f 1495 6826 1497
f 1497 6826 1499
f 1499 6826 1501
f 1501 6826 1502
f 1502 6826 1504
f 1504 6826 1506
f 1506 6826 1508
f 1494 1508 6826
f 1526 6827 1527
f 1527 6827 1534
f 1533 1534 6827
f 1530 1533 6827
f 1530 6827 1531
f 1529 1531 6827
f 1526 1529 6827
f 1535 6828 1536
f 1536 6828 1542
f 1541 1542 6828
f 1540 1541 6828
f 1538 1540 6828
f 1537 1538 6828
f 1535 1537 6828
f 1543 6829 1544
f 1544 6829 1550
f 1549 1550 6829
f 1548 1549 6829
f 1546 1548 6829
f 1545 1546 6829
f 1543 1545 6829
f 1552 6830 1553
f 1551 1553 6830
f 1551 6830 1556
f 1554 1556 6830
f 1554 6830 1558
f 1557 1558 6830
f 1552 1557 6830
f 1560 6831 1561
f 1559 1561 6831
f 1559 6831 1564
f 1562 1564 6831
f 1562 6831 1566
f 1565 1566 6831
f 1560 1565 6831
f 1568 6832 1569
f 1569 6832 1571
f 1571 6832 1573
f 1573 6832 1574
f 1574 6832 1576
f 1576 6832 1579
f 1579 6832 1580
f 1580 6832 1582
f 1568 1582 6832
f 1585 6833 1586
f 1586 6833 1588
f 1588 6833 1590
f 1590 6833 1592
f 1592 6833 1593
f 1593 6833 1596
f 1596 6833 1597
f 1597 6833 1599
f 1585 1599 6833
f 1602 6834 1603
f 1603 6834 1605
f 1605 6834 1607
f 1607 6834 1609
f 1609 6834 1610
f 1610 6834 1612
f 1612 6834 1615
f 1615 6834 1616
f 1602 1616 6834
f 1619 6835 1620
f 1620 6835 1623
f 1623 6835 1625
f 1625 6835 1626
f 1626 6835 1628
f 1628 6835 1629
f 1629 6835 1631
f 1631 6835 1633
f 1619 1633 6835
f 1636 6836 1637
f 1637 6836 1639
f 1639 6836 1641
f 1641 6836 1643
f 1643 6836 1644
f 1644 6836 1646
f 1646 6836 1648
f 1648 6836 1650
f 1636 1650 6836
f 1653 6837 1654
f 1654 6837 1657
f 1657 6837 1658
f 1658 6837 1660
f 1660 6837 1661
f 1661 6837 1663
f 1663 6837 1665
f 1665 6837 1667
f 1653 1667 6837
f 1686 6838 1687
f 1687 6838 1689
f 1686 1689 6838
f 1691 6839 1692
f 1692 6839 1693
f 1691 1693 6839
f 1695 6840 1696
f 1696 6840 1698
f 1695 1698 6840
f 1700 6841 1701
f 1701 6841 1702
f 1702 6841 1703
f 1700 1703 6841
f 1705 6842 1706
f 1706 6842 1708
f 1705 1708 6842
f 1691 1710 6843
f 1703 6843 1710
f 1703 1713 6843
f 1691 6843 1713
f 1693 6844 1711
f 1702 1711 6844
f 1702 6844 1712
f 1693 1712 6844
f 1716 1717 6845
f 1717 1718 6845
f 1718 1719 6845
f 1719 1722 6845
f 1716 6845 1722
f 1725 6846 1726
f 1726 6846 1727
f 1727 6846 1730
f 1730 6846 1732
f 1732 6846 1734
f 1734 6846 1736
f 1725 1736 6846
f 1737 6847 1738
f 1738 6847 1739
f 1739 6847 1741
f 1728 1741 6847
f 1728 6847 1740
f 1740 6847 1742
f 1737 1742 6847
f 1743 1745 6848
f 1745 1752 6848
f 1751 6848 1752
f 1751 1759 6848
f 1750 6848 1759
f 1748 6848 1750
f 1746 6848 1748
f 1743 6848 1746
f 1753 1754 6849
f 1754 1755 6849
f 1755 1756 6849
f 1756 1757 6849
f 1757 1758 6849
f 1758 1760 6849
f 1753 6849 1760
f 1777 6850 1778
f 1778 6850 1783
f 1782 1783 6850
f 1780 1782 6850
f 1779 1780 6850
f 1777 1779 6850
f 1785 6851 1786
f 1786 6851 1788
f 1785 1788 6851
f 1790 6852 1791
f 1791 6852 1792
f 1790 1792 6852
f 1794 6853 1795
f 1795 6853 1797
f 1794 1797 6853
f 1799 6854 1800
f 1800 6854 1803
f 1803 6854 1804
f 1804 6854 1805
f 1802 1805 6854
f 1801 1802 6854
f 1799 1801 6854
f 1777 1783 6855
f 1783 1805 6855
f 1801 6855 1805
f 1777 6855 1801
f 1779 6856 1782
f 1782 6856 1790
f 1790 6856 1806
f 1779 1806 6856
f 1791 1807 6857
f 1799 6857 1807
f 1799 1804 6857
f 1791 6857 1804
f 1809 6858 1810
f 1810 6858 1816
f 1815 1816 6858
f 1814 1815 6858
f 1813 1814 6858
f 1812 1813 6858
f 1811 1812 6858
f 1809 1811 6858
f 1818 6859 1819
f 1819 6859 1825
f 1825 6859 1827
f 1827 6859 1829
f 1829 6859 1830
f 1830 6859 1832
f 1821 1832 6859
f 1818 1821 6859
f 1822 6860 1823
f 1820 1823 6860
f 1820 6860 1833
f 1831 1833 6860
f 1828 1831 6860
f 1826 1828 6860
f 1824 1826 6860
f 1822 1824 6860
f 1835 6861 1836
f 1836 6861 1837
f 1837 6861 1839
f 1839 6861 1845
f 1845 6861 1846
f 1846 6861 1848
f 1848 6861 1849
f 1840 1849 6861
f 1835 1840 6861
f 1841 6862 1842
f 1842 6862 1851
f 1850 1851 6862
f 1847 1850 6862
f 1844 1847 6862
f 1843 1844 6862
f 1841 1843 6862
f 1869 6863 1870
f 1870 6863 1872
f 1869 1872 6863
f 1874 6864 1875
f 1875 6864 1876
f 1874 1876 6864
f 1878 6865 1879
f 1879 6865 1881
f 1878 1881 6865
f 1883 6866 1884
f 1884 6866 1885
f 1885 6866 1886
f 1883 1886 6866
f 1888 6867 1889
f 1889 6867 1891
f 1888 1891 6867
f 1874 1893 6868
f 1886 6868 1893
f 1886 1896 6868
f 1874 6868 1896
f 1876 6869 1894
f 1885 1894 6869
f 1885 6869 1895
f 1876 1895 6869
f 1898 6870 1899
f 1899 6870 1904
f 1903 1904 6870
f 1902 1903 6870
f 1901 1902 6870
f 1900 1901 6870
f 1898 1900 6870
f 1905 6871 1906
f 1906 6871 1909
f 1909 6871 1911
f 1911 6871 1912
f 1912 6871 1923
f 1918 1923 6871
f 1918 6871 1919
f 1919 6871 1921
f 1905 1921 6871
f 1913 1914 6872
f 1914 1916 6872
f 1916 1917 6872
f 1917 1920 6872
f 1920 1922 6872
f 1913 6872 1922
f 1925 6873 1926
f 1926 6873 1927
f 1927 6873 1929
f 1929 6873 1930
f 1930 6873 1931
f 1931 6873 1934
f 1934 6873 1936
f 1925 1936 6873
f 1932 6874 1933
f 1933 6874 1940
f 1939 1940 6874
f 1938 1939 6874
f 1937 1938 6874
f 1935 1937 6874
f 1932 1935 6874
f 1958 6875 1959
f 1957 1959 6875
f 1957 6875 1963
f 1962 1963 6875
f 1960 1962 6875
f 1958 1960 6875
f 1965 6876 1966
f 1966 6876 1968
f 1965 1968 6876
f 1970 6877 1971
f 1971 6877 1972
f 1970 1972 6877
f 1974 6878 1975
f 1975 6878 1977
f 1974 1977 6878
f 1979 6879 1980
f 1980 6879 1983
f 1983 6879 1984
f 1984 6879 1985
f 1982 1985 6879
f 1981 1982 6879
f 1979 1981 6879
f 1959 1963 6880
f 1963 1985 6880
f 1981 6880 1985
f 1959 6880 1981
f 1958 6881 1962
f 1962 6881 1970
f 1970 6881 1986
f 1958 1986 6881
f 1971 1987 6882
f 1979 6882 1987
f 1979 1984 6882
f 1971 6882 1984
f 1988 1990 6883
f 1990 1991 6883
f 1991 1992 6883
f 1992 1993 6883
f 1993 1994 6883
f 1994 1995 6883
f 1988 6883 1995
f 1997 6884 1998
f 1998 6884 2000
f 2000 6884 2001
f 2001 6884 2003
f 2003 6884 2004
f 2004 6884 2006
f 2006 6884 2008
f 2008 6884 2009
f 1997 2009 6884
f 2011 6885 2012
f 2012 6885 2017
f 2016 2017 6885
f 2015 2016 6885
f 2014 2015 6885
f 2011 2014 6885
f 2019 6886 2020
f 2020 6886 2022
f 2022 6886 2024
f 2024 6886 2026
f 2026 6886 2027
f 2027 6886 2029
f 2029 6886 2031
f 2019 2031 6886
f 2033 6887 2034
f 2034 6887 2038
f 2036 2038 6887
f 2036 6887 2037
f 2035 2037 6887
f 2033 2035 6887
f 2043 2044 6888
f 2044 2046 6888
f 2045 6888 2046
f 2043 6888 2045
f 2057 6889 2061
f 2053 2061 6889
f 2053 6889 2054
f 2054 6889 2062
f 2058 6889 2062
f 2058 2072 6889
f 2072 2082 6889
f 2066 2082 6889
f 2062 2066 6889
f 2061 2062 6889
f 2061 2064 6889
f 2064 2081 6889
f 2071 2081 6889
f 2057 2071 6889
f 2096 6890 2097
f 2097 6890 2099
f 2099 6890 2100
f 2100 6890 2102
f 2102 6890 2105
f 2105 6890 2107
f 2107 6890 2108
f 2108 6890 2110
f 2096 2110 6890
f 2116 2117 6891
f 2117 2119 6891
f 2118 6891 2119
f 2116 6891 2118
f 2130 6892 2134
f 2126 2134 6892
f 2126 6892 2127
f 2127 6892 2135
f 2131 6892 2135
f 2131 2145 6892
f 2145 2155 6892
f 2139 2155 6892
f 2135 2139 6892
f 2134 2135 6892
f 2134 2137 6892
f 2137 2154 6892
f 2144 2154 6892
f 2130 2144 6892
f 2169 6893 2170
f 2170 6893 2172
f 2172 6893 2174
f 2174 6893 2177
f 2177 6893 2179
f 2179 6893 2181
f 2181 6893 2183
f 2169 2183 6893
f 2219 6894 2222
f 2222 6894 2242
f 2240 2242 6894
f 2237 2240 6894
f 2236 2237 6894
f 2233 2236 6894
f 2231 2233 6894
f 2227 2231 6894
f 2224 2227 6894
f 2219 2224 6894
f 2246 6895 2247
f 2247 6895 2249
f 2249 6895 2250
f 2250 6895 2252
f 2252 6895 2254
f 2254 6895 2256
f 2256 6895 2257
f 2257 6895 2259
f 2259 6895 2261
f 2246 2261 6895
f 2264 6896 2265
f 2265 6896 2268
f 2268 6896 2270
f 2270 6896 2271
f 2271 6896 2273
f 2273 6896 2276
f 2276 6896 2278
f 2264 2278 6896
f 2285 2288 6897
f 2284 6897 2288
f 2284 2291 6897
f 2287 6897 2291
f 2287 2290 6897
f 2286 6897 2290
f 2286 2289 6897
f 2285 6897 2289
f 2289 2293 6898
f 2288 6898 2293
f 2288 2292 6898
f 2291 6898 2292
f 2291 2294 6898
f 2290 6898 2294
f 2290 2295 6898
f 2289 6898 2295
f 2296 2299 6899
f 2299 2301 6899
f 2301 2302 6899
f 2296 6899 2302
f 2296 6900 2298
f 2297 2298 6900
f 2297 6900 2399
f 2398 2399 6900
f 2396 2398 6900
f 2394 2396 6900
f 2393 2394 6900
f 2393 2406 6900
f 2404 6900 2406
f 2403 6900 2404
f 2297 6900 2403
f 2297 6900 2401
f 2296 2401 6900
f 2305 6901 2306
f 2306 6901 2311
f 2310 2311 6901
f 2309 2310 6901
f 2309 6901 2422
f 2307 2422 6901
f 2307 6901 2308
f 2305 2308 6901
f 2314 6902 2315
f 2315 6902 2317
f 2317 6902 2319
f 2319 6902 2320
f 2320 6902 2323
f 2323 6902 2325
f 2325 6902 2326
f 2326 6902 2328
f 2314 2328 6902
f 2331 6903 2332
f 2332 6903 2333
f 2333 6903 2334
f 2334 6903 2336
f 2336 6903 2338
f 2338 6903 2339
f 2339 6903 2341
f 2341 6903 2343
f 2343 6903 2345
f 2331 2345 6903
f 2348 6904 2349
f 2349 6904 2351
f 2351 6904 2353
f 2353 6904 2354
f 2354 6904 2357
f 2357 6904 2359
f 2359 6904 2360
f 2360 6904 2362
f 2348 2362 6904
f 2370 2373 6905
f 2373 2447 6905
f 2374 6905 2447
f 2370 6905 2374
f 2376 2378 6906
f 2378 2379 6906
f 2379 2383 6906
f 2382 6906 2383
f 2381 6906 2382
f 2376 6906 2381
f 2384 2386 6907
f 2386 2387 6907
f 2387 2388 6907
f 2388 2390 6907
f 2390 2391 6907
f 2384 6907 2391
f 2300 2408 6908
f 2301 6908 2408
f 2301 2420 6908
f 2418 6908 2420
f 2416 6908 2418
f 2414 6908 2416
f 2306 6908 2414
f 2306 2413 6908
f 2304 6908 2413
f 2304 2411 6908
f 2410 6908 2411
f 2409 6908 2410
f 2300 6908 2409
f 2307 6909 2423
f 2423 6909 2424
f 2424 6909 2426
f 2426 6909 2427
f 2427 6909 2430
f 2430 6909 2432
f 2432 6909 2433
f 2433 6909 2435
f 2307 2435 6909
f 2451 2453 6910
f 2453 2454 6910
f 2454 2455 6910
f 2455 2457 6910
f 2457 2458 6910
f 2451 6910 2458
f 2460 6911 2461
f 2461 6911 2467
f 2466 2467 6911
f 2465 2466 6911
f 2464 2465 6911
f 2463 2464 6911
f 2462 2463 6911
f 2460 2462 6911
f 2468 2470 6912
f 2470 2471 6912
f 2471 2472 6912
f 2472 2474 6912
f 2474 2475 6912
f 2475 2476 6912
f 2468 6912 2476
f 2478 6913 2479
f 2479 6913 2481
f 2481 6913 2483
f 2483 6913 2486
f 2486 6913 2487
f 2487 6913 2489
f 2489 6913 2490
f 2490 6913 2492
f 2478 2492 6913
f 2495 6914 2496
f 2496 6914 2498
f 2498 6914 2500
f 2500 6914 2503
f 2503 6914 2504
f 2504 6914 2506
f 2506 6914 2507
f 2507 6914 2509
f 2495 2509 6914
f 2377 2511 6915
f 2378 6915 2511
f 2378 2525 6915
f 2523 6915 2525
f 2521 6915 2523
f 2519 6915 2521
f 2518 6915 2519
f 2515 6915 2518
f 2513 6915 2515
f 2512 6915 2513
f 2377 6915 2512
f 2528 6916 2529
f 2529 6916 2531
f 2531 6916 2533
f 2533 6916 2534
f 2534 6916 2537
f 2537 6916 2539
f 2539 6916 2540
f 2540 6916 2542
f 2528 2542 6916
f 2550 6917 2559
f 2551 2559 6917
f 2551 6917 4021
f 2550 4021 6917
f 2560 2562 6918
f 2562 2575 6918
f 2573 6918 2575
f 2570 6918 2573
f 2568 6918 2570
f 2567 6918 2568
f 2566 6918 2567
f 2564 6918 2566
f 2560 6918 2564
f 2577 2579 6919
f 2579 2592 6919
f 2590 6919 2592
f 2587 6919 2590
f 2586 6919 2587
f 2585 6919 2586
f 2583 6919 2585
f 2581 6919 2583
f 2577 6919 2581
f 2595 6920 2596
f 2596 6920 2599
f 2599 6920 2601
f 2601 6920 2602
f 2602 6920 2603
f 2603 6920 2606
f 2606 6920 2608
f 2608 6920 2609
f 2595 2609 6920
f 2612 6921 2613
f 2613 6921 2616
f 2616 6921 2618
f 2618 6921 2619
f 2619 6921 2620
f 2620 6921 2623
f 2623 6921 2625
f 2625 6921 2626
f 2612 2626 6921
f 2628 6922 2631
f 2631 6922 2658
f 2656 2658 6922
f 2654 2656 6922
f 2652 2654 6922
f 2650 2652 6922
f 2649 2650 6922
f 2647 2649 6922
f 2645 2647 6922
f 2643 2645 6922
f 2640 2643 6922
f 2638 2640 6922
f 2636 2638 6922
f 2634 2636 6922
f 2632 2634 6922
f 2628 2632 6922
f 2661 6923 2664
f 2664 6923 2691
f 2689 2691 6923
f 2687 2689 6923
f 2685 2687 6923
f 2683 2685 6923
f 2682 2683 6923
f 2680 2682 6923
f 2678 2680 6923
f 2676 2678 6923
f 2673 2676 6923
f 2671 2673 6923
f 2669 2671 6923
f 2667 2669 6923
f 2665 2667 6923
f 2661 2665 6923
f 2694 6924 2697
f 2697 6924 2724
f 2722 2724 6924
f 2720 2722 6924
f 2718 2720 6924
f 2716 2718 6924
f 2715 2716 6924
f 2713 2715 6924
f 2711 2713 6924
f 2709 2711 6924
f 2706 2709 6924
f 2704 2706 6924
f 2702 2704 6924
f 2700 2702 6924
f 2698 2700 6924
f 2694 2698 6924
f 2743 6925 2746
f 2746 6925 2758
f 2757 2758 6925
f 2755 2757 6925
f 2753 2755 6925
f 2750 2753 6925
f 2748 2750 6925
f 2747 2748 6925
f 2743 2747 6925
f 2760 2762 6926
f 2762 2770 6926
f 2767 6926 2770
f 2767 2769 6926
f 2766 6926 2769
f 2763 6926 2766
f 2763 2765 6926
f 2765 2771 6926
f 2760 6926 2771
f 2772 6927 2773
f 2773 6927 2786
f 2785 2786 6927
f 2784 2785 6927
f 2782 2784 6927
f 2781 2782 6927
f 2779 2781 6927
f 2777 2779 6927
f 2776 2777 6927
f 2772 2776 6927
f 2790 6928 2791
f 2791 6928 2792
f 2792 6928 2794
f 2794 6928 2796
f 2796 6928 2799
f 2797 2799 6928
f 2797 6928 2800
f 2800 6928 2801
f 2790 2801 6928
f 2802 6929 2803
f 2803 6929 2817
f 2815 2817 6929
f 2814 2815 6929
f 2813 2814 6929
f 2811 2813 6929
f 2810 2811 6929
f 2807 2810 6929
f 2805 2807 6929
f 2802 2805 6929
f 2819 6930 2820
f 2820 6930 2821
f 2821 6930 2823
f 2823 6930 2825
f 2825 6930 2828
f 2826 2828 6930
f 2826 6930 2829
f 2829 6930 2830
f 2819 2830 6930
f 2831 6931 2832
f 2832 6931 2846
f 2845 2846 6931
f 2844 2845 6931
f 2842 2844 6931
f 2839 2842 6931
f 2836 2839 6931
f 2835 2836 6931
f 2831 2835 6931
f 2850 6932 2851
f 2851 6932 2852
f 2852 6932 2854
f 2854 6932 2855
f 2855 6932 2856
f 2856 6932 2858
f 2858 6932 2860
f 2859 2860 6932
f 2850 2859 6932
f 2861 6933 2862
f 2862 6933 2875
f 2874 2875 6933
f 2873 2874 6933
f 2871 2873 6933
f 2868 2871 6933
f 2867 2868 6933
f 2865 2867 6933
f 2861 2865 6933
f 2878 2880 6934
f 2880 2888 6934
f 2887 6934 2888
f 2886 6934 2887
f 2886 2889 6934
f 2885 6934 2889
f 2883 6934 2885
f 2881 6934 2883
f 2878 6934 2881
f 2890 6935 2891
f 2891 6935 2905
f 2903 2905 6935
f 2901 2903 6935
f 2899 2901 6935
f 2897 2899 6935
f 2896 2897 6935
f 2894 2896 6935
f 2890 2894 6935
f 2907 6936 2908
f 2908 6936 2909
f 2909 6936 2910
f 2910 6936 2912
f 2912 6936 2913
f 2913 6936 2915
f 2915 6936 2916
f 2907 2916 6936
f 2918 6937 2919
f 2919 6937 2934
f 2932 2934 6937
f 2930 2932 6937
f 2928 2930 6937
f 2926 2928 6937
f 2924 2926 6937
f 2921 2924 6937
f 2918 2921 6937
f 2936 6938 2937
f 2937 6938 2938
f 2938 6938 2940
f 2940 6938 2942
f 2942 6938 2943
f 2943 6938 2945
f 2945 6938 2946
f 2946 6938 2947
f 2936 2947 6938
f 2949 6939 2950
f 2950 6939 2953
f 2953 6939 2955
f 2955 6939 2956
f 2956 6939 2958
f 2958 6939 2961
f 2961 6939 2963
f 2949 2963 6939
f 2966 6940 2967
f 2967 6940 2969
f 2969 6940 2971
f 2971 6940 2972
f 2972 6940 2974
f 2974 6940 2977
f 2977 6940 2978
f 2978 6940 2980
f 2966 2980 6940
f 2982 6941 2983
f 2983 6941 2984
f 2984 6941 2987
f 2987 6941 2989
f 2989 6941 2991
f 2991 6941 2993
f 2993 6941 2996
f 2996 6941 2998
f 2985 2998 6941
f 2982 2985 6941
f 2991 2992 6942
f 2990 6942 2992
f 2990 5075 6942
f 5075 5076 6942
f 3002 6942 5076
f 3000 6942 3002
f 3000 3001 6942
f 3001 5078 6942
f 5078 5079 6942
f 2991 6942 5079
f 3002 6943 3003
f 3003 6943 3005
f 3005 6943 3007
f 3007 6943 3008
f 3008 6943 3010
f 3010 6943 3013
f 3013 6943 3015
f 3002 3015 6943
f 3018 6944 3019
f 3019 6944 3021
f 3021 6944 3023
f 3023 6944 3025
f 3025 6944 3027
f 3027 6944 5090
f 5090 6944 5091
f 3037 5091 6944
f 3037 6944 5092
f 3035 5092 6944
f 3035 3036 6944
f 3036 3038 6944
f 3038 3040 6944
f 3040 3042 6944
f 3042 3043 6944
f 3043 6944 3045
f 3045 6944 3047
f 3047 6944 3049
f 3035 3049 6944
f 3035 6944 5093
f 5093 6944 5094
f 3026 5094 6944
f 3026 6944 3028
f 3028 6944 3031
f 3031 6944 3032
f 3018 3032 6944
f 3052 6945 3053
f 3053 6945 3055
f 3055 6945 3057
f 3057 6945 3059
f 3059 6945 3060
f 3060 6945 3062
f 3062 6945 3064
f 3064 6945 3066
f 3052 3066 6945
f 3069 6946 3070
f 3070 6946 3072
f 3072 6946 3075
f 3075 6946 3076
f 3076 6946 3077
f 3077 6946 3080
f 3080 6946 3082
f 3069 3082 6946
f 3086 6947 3087
f 3087 6947 3090
f 3090 6947 3092
f 3092 6947 3093
f 3093 6947 3095
f 3095 6947 3098
f 3098 6947 3100
f 3086 3100 6947
f 3103 6948 3104
f 3104 6948 3106
f 3106 6948 3108
f 3108 6948 3109
f 3109 6948 3111
f 3111 6948 3114
f 3114 6948 3115
f 3115 6948 3117
f 3103 3117 6948
f 3120 6949 3121
f 3121 6949 3123
f 3123 6949 3125
f 3125 6949 3127
f 3127 6949 3128
f 3128 6949 3131
f 3131 6949 3132
f 3132 6949 3134
f 3120 3134 6949
f 3127 3129 6950
f 3126 6950 3129
f 3126 5158 6950
f 5158 5159 6950
f 3138 6950 5159
f 3136 6950 3138
f 3136 3137 6950
f 3137 5161 6950
f 3127 6950 5161
f 3138 6951 3139
f 3139 6951 3141
f 3141 6951 3143
f 3143 6951 3144
f 3144 6951 3146
f 3146 6951 3149
f 3149 6951 3151
f 3138 3151 6951
f 3154 6952 3155
f 3155 6952 3157
f 3157 6952 3159
f 3159 6952 3161
f 3161 6952 3162
f 3162 6952 3164
f 3164 6952 3166
f 3166 6952 3168
f 3154 3168 6952
f 3171 6953 3172
f 3172 6953 3174
f 3174 6953 3176
f 3176 6953 3178
f 3178 6953 3179
f 3179 6953 3181
f 3181 6953 3183
f 3183 6953 3185
f 3171 3185 6953
f 3187 6954 3188
f 3188 6954 3189
f 3189 6954 3192
f 3192 6954 3193
f 3193 6954 3195
f 3195 6954 3196
f 3196 3198 6954
f 3198 3200 6954
f 3200 3202 6954
f 3188 6954 3202
f 3188 6954 5122
f 5121 5122 6954
f 5119 5121 6954
f 5119 6954 5123
f 5118 5123 6954
f 3190 5118 6954
f 3187 3190 6954
f 3205 6955 3206
f 3206 6955 3209
f 3209 6955 3210
f 3210 6955 3212
f 3212 6955 3213
f 3213 6955 3215
f 3215 6955 3217
f 3217 6955 3219
f 3205 3219 6955
f 3237 6956 3238
f 3238 6956 3253
f 3251 3253 6956
f 3249 3251 6956
f 3248 3249 6956
f 3246 3248 6956
f 3243 3246 6956
f 3241 3243 6956
f 3240 3241 6956
f 3237 3240 6956
f 3255 3257 6957
f 3257 3266 6957
f 3266 3267 6957
f 3265 6957 3267
f 3263 6957 3265
f 3262 6957 3263
f 3260 6957 3262
f 3258 6957 3260
f 3255 6957 3258
f 3268 6958 3269
f 3269 6958 3282
f 3280 3282 6958
f 3279 3280 6958
f 3277 3279 6958
f 3274 3277 6958
f 3273 3274 6958
f 3271 3273 6958
f 3268 3271 6958
f 3284 3286 6959
f 3286 3296 6959
f 3295 6959 3296
f 3292 6959 3295
f 3292 3294 6959
f 3291 6959 3294
f 3289 6959 3291
f 3287 6959 3289
f 3284 6959 3287
f 3297 6960 3298
f 3298 6960 3311
f 3310 3311 6960
f 3309 3310 6960
f 3307 3309 6960
f 3306 3307 6960
f 3303 3306 6960
f 3301 3303 6960
f 3297 3301 6960
f 3314 3316 6961
f 3316 3321 6961
f 3321 3325 6961
f 3324 6961 3325
f 3320 6961 3324
f 3318 6961 3320
f 3317 6961 3318
f 3317 3323 6961
f 3322 6961 3323
f 3314 6961 3322
f 3326 6962 3327
f 3327 6962 3341
f 3339 3341 6962
f 3337 3339 6962
f 3335 3337 6962
f 3332 3335 6962
f 3330 3332 6962
f 3326 3330 6962
f 3344 6963 3345
f 3345 6963 3347
f 3347 6963 3352
f 3352 6963 3353
f 3353 6963 3354
f 3348 3354 6963
f 3348 6963 3349
f 3349 6963 3350
f 3350 6963 3351
f 3344 3351 6963
f 3355 6964 3358
f 3358 6964 3370
f 3368 3370 6964
f 3366 3368 6964
f 3364 3366 6964
f 3361 3364 6964
f 3359 3361 6964
f 3355 3359 6964
f 3372 3374 6965
f 3374 3381 6965
f 3381 3383 6965
f 3380 6965 3383
f 3378 6965 3380
f 3376 6965 3378
f 3375 6965 3376
f 3375 3382 6965
f 3372 6965 3382
f 3384 3386 6966
f 3386 3399 6966
f 3397 6966 3399
f 3396 6966 3397
f 3393 6966 3396
f 3391 6966 3393
f 3390 6966 3391
f 3388 6966 3390
f 3384 6966 3388
f 3401 3403 6967
f 3403 3416 6967
f 3414 6967 3416
f 3413 6967 3414
f 3410 6967 3413
f 3408 6967 3410
f 3407 6967 3408
f 3405 6967 3407
f 3401 6967 3405
f 3419 6968 3420
f 3420 6968 3422
f 3422 6968 3424
f 3424 6968 3426
f 3426 6968 3427
f 3427 6968 3429
f 3429 6968 3431
f 3431 6968 3433
f 3419 3433 6968
f 3436 6969 3437
f 3437 6969 3438
f 3438 6969 3440
f 3440 6969 3442
f 3442 6969 3443
f 3443 6969 3444
f 3444 6969 3446
f 3446 6969 3448
f 3448 6969 3450
f 3436 3450 6969
f 3453 6970 3454
f 3454 6970 3456
f 3456 6970 3458
f 3458 6970 3460
f 3460 6970 3461
f 3461 6970 3463
f 3463 6970 3465
f 3465 6970 3467
f 3453 3467 6970
f 3470 6971 3471
f 3471 6971 3473
f 3473 6971 3475
f 3475 6971 3477
f 3477 6971 3478
f 3478 6971 3480
f 3480 6971 3482
f 3482 6971 3484
f 3470 3484 6971
f 3486 3488 6972
f 3488 3501 6972
f 3499 6972 3501
f 3498 6972 3499
f 3495 6972 3498
f 3493 6972 3495
f 3492 6972 3493
f 3490 6972 3492
f 3486 6972 3490
f 3504 6973 3505
f 3505 6973 3507
f 3507 6973 3509
f 3509 6973 3510
f 3510 6973 3512
f 3512 6973 3515
f 3515 6973 3516
f 3516 6973 3518
f 3504 3518 6973
f 3521 6974 3522
f 3522 6974 3523
f 3523 6974 3525
f 3525 6974 3527
f 3527 6974 3528
f 3528 6974 3529
f 3529 6974 3531
f 3531 6974 3533
f 3533 6974 3535
f 3521 3535 6974
f 3538 6975 3539
f 3539 6975 3540
f 3540 6975 3542
f 3542 6975 3544
f 3544 6975 3545
f 3545 6975 3546
f 3546 6975 3548
f 3548 6975 3550
f 3550 6975 3552
f 3538 3552 6975
f 3555 6976 3556
f 3556 6976 3558
f 3558 6976 3560
f 3560 6976 3562
f 3562 6976 3563
f 3563 6976 3565
f 3565 6976 3567
f 3567 6976 3569
f 3555 3569 6976
f 3572 6977 3573
f 3573 6977 3576
f 3576 6977 3577
f 3577 6977 3579
f 3579 6977 3580
f 3580 6977 3582
f 3582 6977 3584
f 3584 6977 3586
f 3572 3586 6977
f 3604 6978 3605
f 3605 6978 3611
f 3610 3611 6978
f 3609 3610 6978
f 3608 3609 6978
f 3607 3608 6978
f 3604 3607 6978
f 3613 6979 3614
f 3614 6979 3617
f 3617 6979 3619
f 3619 6979 3621
f 3621 6979 3623
f 3623 6979 3624
f 3624 6979 3626
f 3613 3626 6979
f 3630 6980 3631
f 3631 6980 3633
f 3633 6980 3635
f 3635 6980 3637
f 3637 6980 3639
f 3639 6980 3640
f 3640 6980 3642
f 3642 6980 3644
f 3630 3644 6980
f 3662 6981 3663
f 3663 6981 3677
f 3676 3677 6981
f 3674 3676 6981
f 3673 3674 6981
f 3672 3673 6981
f 3670 3672 6981
f 3668 3670 6981
f 3666 3668 6981
f 3662 3666 6981
f 3680 6982 3681
f 3681 6982 3682
f 3682 6982 3683
f 3683 6982 3685
f 3685 6982 3686
f 3686 6982 3688
f 3688 6982 3689
f 3680 3689 6982
f 3691 6983 3694
f 3694 6983 3706
f 3705 3706 6983
f 3703 3705 6983
f 3701 3703 6983
f 3699 3701 6983
f 3696 3699 6983
f 3695 3696 6983
f 3691 3695 6983
f 3709 6984 3710
f 3710 6984 3712
f 3712 6984 3716
f 3716 6984 3717
f 3717 6984 3718
f 3718 6984 3719
f 3715 3719 6984
f 3713 3715 6984
f 3709 3713 6984
f 3720 6985 3723
f 3723 6985 3734
f 3733 3734 6985
f 3731 3733 6985
f 3730 3731 6985
f 3729 3730 6985
f 3727 3729 6985
f 3725 3727 6985
f 3724 3725 6985
f 3720 3724 6985
f 3736 3738 6986
f 3738 3748 6986
f 3746 6986 3748
f 3744 6986 3746
f 3743 6986 3744
f 3742 6986 3743
f 3739 6986 3742
f 3739 3741 6986
f 3736 6986 3741
f 3749 6987 3750
f 3750 6987 3763
f 3761 3763 6987
f 3760 3761 6987
f 3759 3760 6987
f 3757 3759 6987
f 3755 3757 6987
f 3754 3755 6987
f 3752 3754 6987
f 3749 3752 6987
f 3765 3767 6988
f 3767 3776 6988
f 3774 6988 3776
f 3772 6988 3774
f 3770 6988 3772
f 3769 6988 3770
f 3769 3777 6988
f 3768 6988 3777
f 3765 6988 3768
f 3778 6989 3779
f 3779 6989 3793
f 3791 3793 6989
f 3790 3791 6989
f 3789 3790 6989
f 3787 3789 6989
f 3784 3787 6989
f 3783 3784 6989
f 3781 3783 6989
f 3778 3781 6989
f 3794 3796 6990
f 3796 3804 6990
f 3801 6990 3804
f 3801 3803 6990
f 3803 3805 6990
f 3800 6990 3805
f 3798 6990 3800
f 3797 6990 3798
f 3794 6990 3797
f 3807 6991 3808
f 3808 6991 3810
f 3810 6991 3812
f 3812 6991 3813
f 3813 6991 3814
f 3814 6991 3816
f 3816 6991 3819
f 3819 6991 3821
f 3807 3821 6991
f 3824 6992 3825
f 3825 6992 3827
f 3827 6992 3829
f 3829 6992 3830
f 3830 6992 3832
f 3832 6992 3834
f 3834 6992 3836
f 3836 6992 3838
f 3824 3838 6992
f 3841 6993 3842
f 3842 6993 3844
f 3844 6993 3846
f 3846 6993 3847
f 3847 6993 3849
f 3849 6993 3851
f 3851 6993 3853
f 3853 6993 3855
f 3841 3855 6993
f 3858 6994 3859
f 3859 6994 3862
f 3862 6994 3864
f 3864 6994 3865
f 3865 6994 3866
f 3866 6994 3868
f 3868 6994 3870
f 3870 6994 3872
f 3858 3872 6994
f 3875 6995 3876
f 3876 6995 3879
f 3879 6995 3880
f 3880 6995 3882
f 3882 6995 3883
f 3883 6995 3884
f 3884 6995 3887
f 3887 6995 3889
f 3875 3889 6995
f 3892 6996 3893
f 3893 6996 3896
f 3896 6996 3897
f 3897 6996 3899
f 3899 6996 3900
f 3900 6996 3901
f 3901 6996 3904
f 3904 6996 3906
f 3892 3906 6996
f 3909 6997 3910
f 3910 6997 3912
f 3912 6997 3914
f 3914 6997 3915
f 3915 6997 3917
f 3917 6997 3919
f 3919 6997 3921
f 3921 6997 3923
f 3909 3923 6997
f 3926 6998 3927
f 3927 6998 3929
f 3929 6998 3931
f 3931 6998 3932
f 3932 6998 3934
f 3934 6998 3936
f 3936 6998 3938
f 3938 6998 3940
f 3926 3940 6998
f 3942 3944 6999
f 3944 3957 6999
f 3955 6999 3957
f 3952 6999 3955
f 3950 6999 3952
f 3949 6999 3950
f 3948 6999 3949
f 3946 6999 3948
f 3942 6999 3946
f 3960 7000 3961
f 3961 7000 3964
f 3964 7000 3965
f 3965 7000 3966
f 3966 7000 3968
f 3968 7000 3970
f 3970 7000 3972
f 3972 7000 3974
f 3960 3974 7000
f 3977 7001 3978
f 3978 7001 3981
f 3981 7001 3983
f 3983 7001 3984
f 3984 7001 3986
f 3986 7001 3989
f 3989 7001 3991
f 3977 3991 7001
f 3994 7002 3995
f 3995 7002 3998
f 3998 7002 3999
f 3999 7002 4001
f 4001 7002 4002
f 4002 7002 4003
f 4003 7002 4006
f 4006 7002 4008
f 3994 4008 7002
f 4024 7003 4025
f 4025 7003 4039
f 4037 4039 7003
f 4036 4037 7003
f 4033 4036 7003
f 4030 4033 7003
f 4029 4030 7003
f 4027 4029 7003
f 4024 4027 7003
f 4042 7004 4043
f 4043 7004 4044
f 4044 7004 4045
f 4045 7004 4047
f 4047 7004 4048
f 4048 7004 4050
f 4050 7004 4051
f 4051 7004 4052
f 4042 4052 7004
f 4053 7005 4054
f 4054 7005 4068
f 4066 4068 7005
f 4064 4066 7005
f 4062 4064 7005
f 4059 4062 7005
f 4058 4059 7005
f 4056 4058 7005
f 4053 4056 7005
f 4071 7006 4072
f 4072 7006 4073
f 4073 7006 4075
f 4075 7006 4080
f 4080 7006 4081
f 4078 4081 7006
f 4076 4078 7006
f 4076 7006 4079
f 4071 4079 7006
f 4082 7007 4083
f 4083 7007 4098
f 4096 4098 7007
f 4094 4096 7007
f 4092 4094 7007
f 4090 4092 7007
f 4088 4090 7007
f 4085 4088 7007
f 4082 4085 7007
f 4100 4102 7008
f 4102 4110 7008
f 4108 7008 4110
f 4108 4109 7008
f 4107 7008 4109
f 4106 7008 4107
f 4105 7008 4106
f 4103 7008 4105
f 4100 7008 4103
f 4112 7009 4113
f 4113 7009 4116
f 4116 7009 4118
f 4118 7009 4119
f 4119 7009 4120
f 4120 7009 4123
f 4123 7009 4125
f 4125 7009 4126
f 4112 4126 7009
f 4128 4130 7010
f 4130 4143 7010
f 4141 7010 4143
f 4138 7010 4141
f 4137 7010 4138
f 4136 7010 4137
f 4134 7010 4136
f 4132 7010 4134
f 4128 7010 4132
f 4145 4147 7011
f 4147 4160 7011
f 4158 7011 4160
f 4155 7011 4158
f 4153 7011 4155
f 4152 7011 4153
f 4151 7011 4152
f 4149 7011 4151
f 4145 7011 4149
f 4162 4164 7012
f 4164 4177 7012
f 4175 7012 4177
f 4172 7012 4175
f 4170 7012 4172
f 4169 7012 4170
f 4168 7012 4169
f 4166 7012 4168
f 4162 7012 4166
f 4180 7013 4181
f 4181 7013 4184
f 4184 7013 4186
f 4186 7013 4187
f 4187 7013 4188
f 4188 7013 4191
f 4191 7013 4193
f 4193 7013 4194
f 4180 4194 7013
f 4197 7014 4198
f 4198 7014 4201
f 4201 7014 4203
f 4203 7014 4204
f 4204 7014 4205
f 4205 7014 4208
f 4208 7014 4210
f 4210 7014 4211
f 4197 4211 7014
f 4213 4215 7015
f 4215 4228 7015
f 4226 7015 4228
f 4223 7015 4226
f 4222 7015 4223
f 4221 7015 4222
f 4219 7015 4221
f 4217 7015 4219
f 4213 7015 4217
f 4230 4232 7016
f 4232 4245 7016
f 4243 7016 4245
f 4240 7016 4243
f 4238 7016 4240
f 4237 7016 4238
f 4236 7016 4237
f 4234 7016 4236
f 4230 7016 4234
f 4297 7017 4298
f 4298 7017 4300
f 4300 7017 4302
f 4302 7017 4304
f 4304 7017 4305
f 4305 7017 4307
f 4307 7017 4310
f 4310 7017 4311
f 4297 4311 7017
f 4329 7018 4330
f 4330 7018 4336
f 4335 4336 7018
f 4334 4335 7018
f 4333 4334 7018
f 4331 4333 7018
f 4329 4331 7018
f 4338 7019 4339
f 4339 7019 4341
f 4341 7019 4342
f 4342 7019 4344
f 4344 7019 4346
f 4346 7019 4347
f 4347 7019 4349
f 4349 7019 4350
f 4350 7019 4352
f 4338 4352 7019
f 4355 7020 4356
f 4356 7020 4358
f 4358 7020 4360
f 4360 7020 4363
f 4363 7020 4364
f 4364 7020 4366
f 4366 7020 4368
f 4355 4368 7020
f 4387 7021 4388
f 4388 7021 4401
f 4399 4401 7021
f 4398 4399 7021
f 4396 4398 7021
f 4394 4396 7021
f 4392 4394 7021
f 4391 4392 7021
f 4387 4391 7021
f 4404 7022 4405
f 4405 7022 4407
f 4407 7022 4408
f 4408 7022 4410
f 4410 7022 4412
f 4412 7022 4413
f 4413 7022 4414
f 4411 4414 7022
f 4404 4411 7022
f 4415 7023 4416
f 4416 7023 4430
f 4428 4430 7023
f 4426 4428 7023
f 4424 4426 7023
f 4421 4424 7023
f 4420 4421 7023
f 4418 4420 7023
f 4415 4418 7023
f 4433 7024 4434
f 4434 7024 4436
f 4436 7024 4442
f 4442 7024 4443
f 4437 4443 7024
f 4437 7024 4438
f 4438 7024 4440
f 4440 7024 4441
f 4433 4441 7024
f 4444 7025 4445
f 4445 7025 4459
f 4457 4459 7025
f 4456 4457 7025
f 4454 4456 7025
f 4453 4454 7025
f 4450 4453 7025
f 4449 4450 7025
f 4447 4449 7025
f 4444 4447 7025
f 4460 4462 7026
f 4462 4469 7026
f 4467 7026 4469
f 4466 7026 4467
f 4464 7026 4466
f 4463 7026 4464
f 4463 4472 7026
f 4471 7026 4472
f 4460 7026 4471
f 4474 7027 4475
f 4475 7027 4477
f 4477 7027 4479
f 4479 7027 4480
f 4480 7027 4482
f 4482 7027 4485
f 4485 7027 4486
f 4486 7027 4488
f 4474 4488 7027
f 4491 7028 4492
f 4492 7028 4493
f 4493 7028 4495
f 4495 7028 4497
f 4497 7028 4498
f 4498 7028 4499
f 4499 7028 4501
f 4501 7028 4503
f 4503 7028 4505
f 4491 4505 7028
f 4508 7029 4509
f 4509 7029 4510
f 4510 7029 4512
f 4512 7029 4514
f 4514 7029 4515
f 4515 7029 4516
f 4516 7029 4518
f 4518 7029 4520
f 4520 7029 4522
f 4508 4522 7029
f 4525 7030 4526
f 4526 7030 4527
f 4527 7030 4529
f 4529 7030 4531
f 4531 7030 4532
f 4532 7030 4533
f 4533 7030 4536
f 4536 7030 4538
f 4525 4538 7030
f 4542 7031 4543
f 4543 7031 4545
f 4545 7031 4547
f 4547 7031 4548
f 4548 7031 4550
f 4550 7031 4552
f 4552 7031 4554
f 4554 7031 4556
f 4542 4556 7031
f 4559 7032 4560
f 4560 7032 4562
f 4562 7032 4564
f 4564 7032 4565
f 4565 7032 4567
f 4567 7032 4569
f 4569 7032 4571
f 4571 7032 4573
f 4559 4573 7032
f 4576 7033 4577
f 4577 7033 4580
f 4580 7033 4582
f 4582 7033 4583
f 4583 7033 4584
f 4584 7033 4586
f 4586 7033 4588
f 4588 7033 4590
f 4576 4590 7033
f 4593 7034 4594
f 4594 7034 4597
f 4597 7034 4598
f 4598 7034 4600
f 4600 7034 4601
f 4601 7034 4602
f 4602 7034 4605
f 4605 7034 4607
f 4593 4607 7034
f 4625 4628 7035
f 4628 4630 7035
f 4630 4631 7035
f 4631 4634 7035
f 4634 4636 7035
f 4636 4637 7035
f 4637 4639 7035
f 4639 4641 7035
f 4625 7035 4641
f 4643 7036 4644
f 4644 7036 4645
f 4645 7036 4651
f 4651 7036 4652
f 4648 4652 7036
f 4646 4648 7036
f 4646 7036 4649
f 4643 4649 7036
f 4653 4655 7037
f 4655 4668 7037
f 4666 7037 4668
f 4663 7037 4666
f 4661 7037 4663
f 4660 7037 4661
f 4659 7037 4660
f 4657 7037 4659
f 4653 7037 4657
f 4671 7038 4672
f 4672 7038 4675
f 4675 7038 4676
f 4676 7038 4677
f 4677 7038 4679
f 4679 7038 4681
f 4681 7038 4683
f 4683 7038 4685
f 4671 4685 7038
f 4687 4689 7039
f 4689 4702 7039
f 4700 7039 4702
f 4697 7039 4700
f 4696 7039 4697
f 4695 7039 4696
f 4693 7039 4695
f 4691 7039 4693
f 4687 7039 4691
f 4704 4706 7040
f 4706 4719 7040
f 4717 7040 4719
f 4714 7040 4717
f 4712 7040 4714
f 4711 7040 4712
f 4710 7040 4711
f 4708 7040 4710
f 4704 7040 4708
f 4722 4724 7041
f 4724 4726 7041
f 4726 4728 7041
f 4722 7041 4728
f 4729 7042 4730
f 4730 7042 4731
f 4731 7042 4732
f 4729 4732 7042
f 4736 4737 7043
f 4737 4738 7043
f 4736 7043 4738
f 4747 7044 4752
f 4752 7044 4766
f 4747 4766 7044
f 4748 4751 7045
f 4751 4754 7045
f 4748 7045 4754
f 4753 4754 7046
f 4754 4756 7046
f 4756 4774 7046
f 4766 7046 4774
f 4765 7046 4766
f 4750 7046 4765
f 4750 4764 7046
f 4764 4765 7046
f 4765 7046 4767
f 4767 7046 4772
f 4770 4772 7046
f 4770 4774 7046
f 4722 4774 7046
f 4722 7046 4729
f 4729 4770 7046
f 4758 4770 7046
f 4758 4760 7046
f 4760 4772 7046
f 4732 4772 7046
f 4728 7046 4732
f 4728 4767 7046
f 4762 4767 7046
f 4753 7046 4762
f 4749 4753 7047
f 4753 4761 7047
f 4749 7047 4761
f 4724 7048 4730
f 4730 7048 4758
f 4756 4758 7048
f 4724 4756 7048
f 4726 4731 7049
f 4731 4760 7049
f 4760 4762 7049
f 4726 7049 4762
f 4776 4778 7050
f 4778 4780 7050
f 4780 4782 7050
f 4776 7050 4782
f 4783 7051 4784
f 4784 7051 4785
f 4785 7051 4786
f 4783 4786 7051
f 4790 4791 7052
f 4791 4792 7052
f 4790 7052 4792
f 4801 7053 4806
f 4806 7053 4820
f 4801 4820 7053
f 4802 4805 7054
f 4805 4808 7054
f 4802 7054 4808
f 4807 4808 7055
f 4808 4810 7055
f 4810 4828 7055
f 4820 7055 4828
f 4819 7055 4820
f 4804 7055 4819
f 4804 4818 7055
f 4818 4819 7055
f 4819 7055 4821
f 4821 7055 4826
f 4824 4826 7055
f 4824 4828 7055
f 4776 4828 7055
f 4776 7055 4783
f 4783 4824 7055
f 4812 4824 7055
f 4812 4814 7055
f 4814 4826 7055
f 4786 4826 7055
f 4782 7055 4786
f 4782 4821 7055
f 4816 4821 7055
f 4807 7055 4816
f 4803 4807 7056
f 4807 4815 7056
f 4803 7056 4815
f 4778 7057 4784
f 4784 7057 4812
f 4810 4812 7057
f 4778 4810 7057
f 4780 4785 7058
f 4785 4814 7058
f 4814 4816 7058
f 4780 7058 4816
f 4830 4832 7059
f 4832 4834 7059
f 4834 4836 7059
f 4830 7059 4836
f 4837 7060 4838
f 4838 7060 4839
f 4839 7060 4840
f 4837 4840 7060
f 4844 4845 7061
f 4845 4846 7061
f 4844 7061 4846
f 4855 7062 4860
f 4860 7062 4874
f 4855 4874 7062
f 4856 4859 7063
f 4859 4862 7063
f 4856 7063 4862
f 4861 4862 7064
f 4862 4864 7064
f 4864 4882 7064
f 4874 7064 4882
f 4873 7064 4874
f 4858 7064 4873
f 4858 4872 7064
f 4872 4873 7064
f 4873 7064 4875
f 4875 7064 4880
f 4878 4880 7064
f 4878 4882 7064
f 4830 4882 7064
f 4830 7064 4837
f 4837 4878 7064
f 4866 4878 7064
f 4866 4868 7064
f 4868 4880 7064
f 4840 4880 7064
f 4836 7064 4840
f 4836 4875 7064
f 4870 4875 7064
f 4861 7064 4870
f 4857 4861 7065
f 4861 4869 7065
f 4857 7065 4869
f 4832 7066 4838
f 4838 7066 4866
f 4864 4866 7066
f 4832 4864 7066
f 4834 4839 7067
f 4839 4868 7067
f 4868 4870 7067
f 4834 7067 4870
f 4884 4886 7068
f 4886 4888 7068
f 4888 4890 7068
f 4884 7068 4890
f 4891 7069 4892
f 4892 7069 4893
f 4893 7069 4894
f 4891 4894 7069
f 4898 4899 7070
f 4899 4900 7070
f 4898 7070 4900
f 4909 7071 4914
f 4914 7071 4928
f 4909 4928 7071
f 4910 4913 7072
f 4913 4916 7072
f 4910 7072 4916
f 4915 4916 7073
f 4916 4918 7073
f 4918 4936 7073
f 4928 7073 4936
f 4927 7073 4928
f 4912 7073 4927
f 4912 4926 7073
f 4926 4927 7073
f 4927 7073 4929
f 4929 7073 4934
f 4932 4934 7073
f 4932 4936 7073
f 4884 4936 7073
f 4884 7073 4891
f 4891 4932 7073
f 4920 4932 7073
f 4920 4922 7073
f 4922 4934 7073
f 4894 4934 7073
f 4890 7073 4894
f 4890 4929 7073
f 4924 4929 7073
f 4915 7073 4924
f 4911 4915 7074
f 4915 4923 7074
f 4911 7074 4923
f 4886 7075 4892
f 4892 7075 4920
f 4918 4920 7075
f 4886 4918 7075
f 4888 4893 7076
f 4893 4922 7076
f 4922 4924 7076
f 4888 7076 4924
f 4938 4940 7077
f 4940 4942 7077
f 4942 4944 7077
f 4938 7077 4944
f 4945 7078 4946
f 4946 7078 4947
f 4947 7078 4948
f 4945 4948 7078
f 4952 4953 7079
f 4953 4954 7079
f 4952 7079 4954
f 4963 7080 4968
f 4968 7080 4982
f 4963 4982 7080
f 4964 4967 7081
f 4967 4970 7081
f 4964 7081 4970
f 4969 4970 7082
f 4970 4972 7082
f 4972 4990 7082
f 4982 7082 4990
f 4981 7082 4982
f 4966 7082 4981
f 4966 4980 7082
f 4980 4981 7082
f 4981 7082 4983
f 4983 7082 4988
f 4986 4988 7082
f 4986 4990 7082
f 4938 4990 7082
f 4938 7082 4945
f 4945 4986 7082
f 4974 4986 7082
f 4974 4976 7082
f 4976 4988 7082
f 4948 4988 7082
f 4944 7082 4948
f 4944 4983 7082
f 4978 4983 7082
f 4969 7082 4978
f 4965 4969 7083
f 4969 4977 7083
f 4965 7083 4977
f 4940 7084 4946
f 4946 7084 4974
f 4972 4974 7084
f 4940 4972 7084
f 4942 4947 7085
f 4947 4976 7085
f 4976 4978 7085
f 4942 7085 4978
f 4992 4994 7086
f 4994 4996 7086
f 4996 4998 7086
f 4992 7086 4998
f 4999 7087 5000
f 5000 7087 5001
f 5001 7087 5002
f 4999 5002 7087
f 5006 5007 7088
f 5007 5008 7088
f 5006 7088 5008
f 5017 7089 5022
f 5022 7089 5036
f 5017 5036 7089
f 5018 5021 7090
f 5021 5024 7090
f 5018 7090 5024
f 5023 5024 7091
f 5024 5026 7091
f 5026 5044 7091
f 5036 7091 5044
f 5035 7091 5036
f 5020 7091 5035
f 5020 5034 7091
f 5034 5035 7091
f 5035 7091 5037
f 5037 7091 5042
f 5040 5042 7091
f 5040 5044 7091
f 4992 5044 7091
f 4992 7091 4999
f 4999 5040 7091
f 5028 5040 7091
f 5028 5030 7091
f 5030 5042 7091
f 5002 5042 7091
f 4998 7091 5002
f 4998 5037 7091
f 5032 5037 7091
f 5023 7091 5032
f 5019 5023 7092
f 5023 5031 7092
f 5019 7092 5031
f 4994 7093 5000
f 5000 7093 5028
f 5026 5028 7093
f 4994 5026 7093
f 4996 5001 7094
f 5001 5030 7094
f 5030 5032 7094
f 4996 7094 5032
f 5069 7095 5070
f 5070 7095 5074
f 5072 5074 7095
f 2985 5072 7095
f 2985 7095 5071
f 5069 5071 7095
f 5081 5084 7096
f 5084 5085 7096
f 5085 5088 7096
f 5088 5089 7096
f 5086 7096 5089
f 5081 7096 5086
f 3043 5096 7097
f 5096 5099 7097
f 5099 5100 7097
f 5100 5101 7097
f 5097 7097 5101
f 3043 7097 5097
f 5125 7098 5126
f 5126 7098 5127
f 5127 7098 5129
f 5129 7098 5130
f 5130 7098 5131
f 5131 7098 5133
f 5133 7098 5137
f 5125 5137 7098
f 5134 5135 7099
f 5135 5136 7099
f 5136 5140 7099
f 5140 5141 7099
f 5139 7099 5141
f 5138 7099 5139
f 5134 7099 5138
f 5163 7100 5164
f 5164 7100 5166
f 5166 7100 5168
f 5168 7100 5172
f 5172 7100 5173
f 5173 7100 5176
f 5176 7100 5177
f 5163 5177 7100
f 5169 7101 5170
f 5170 7101 5179
f 5178 5179 7101
f 5175 5178 7101
f 5174 5175 7101
f 5171 5174 7101
f 5169 5171 7101
f 5214 7102 5217
f 5217 7102 5235
f 5233 5235 7102
f 5231 5233 7102
f 5228 5231 7102
f 5224 5228 7102
f 5221 5224 7102
f 5219 5221 7102
f 5214 5219 7102
f 5239 5240 7103
f 5240 5241 7103
f 5241 5242 7103
f 5242 5243 7103
f 5243 5244 7103
f 5244 5245 7103
f 5245 5246 7103
f 5246 5247 7103
f 5247 5248 7103
f 5239 7103 5248
f 4271 5215 7104
f 4273 7104 5215
f 4273 5237 7104
f 4275 7104 5237
f 4275 5234 7104
f 4278 7104 5234
f 4278 5230 7104
f 4263 7104 5230
f 4263 5227 7104
f 4264 7104 5227
f 4264 5225 7104
f 4267 7104 5225
f 4267 5222 7104
f 4269 7104 5222
f 4269 5218 7104
f 4271 7104 5218
f 5250 7105 5251
f 5251 7105 5253
f 5253 7105 5255
f 5255 7105 5257
f 5257 7105 5258
f 5258 7105 5260
f 5260 7105 5262
f 5262 7105 5264
f 5250 5264 7105
f 5292 7106 5293
f 5293 7106 5321
f 5318 5321 7106
f 5316 5318 7106
f 5314 5316 7106
f 5312 5314 7106
f 5310 5312 7106
f 5308 5310 7106
f 5306 5308 7106
f 5304 5306 7106
f 5302 5304 7106
f 5300 5302 7106
f 5298 5300 7106
f 5296 5298 7106
f 5295 5296 7106
f 5292 5295 7106
f 5325 7107 5326
f 5326 7107 5354
f 5351 5354 7107
f 5349 5351 7107
f 5347 5349 7107
f 5345 5347 7107
f 5343 5345 7107
f 5341 5343 7107
f 5339 5341 7107
f 5337 5339 7107
f 5335 5337 7107
f 5333 5335 7107
f 5331 5333 7107
f 5329 5331 7107
f 5328 5329 7107
f 5325 5328 7107
f 5356 7108 5357
f 5357 7108 5360
f 5360 7108 5362
f 5362 7108 5364
f 5364 7108 5366
f 5366 7108 5367
f 5367 7108 5369
f 5369 7108 5371
f 5356 5371 7108
f 5373 7109 5374
f 5374 7109 5376
f 5376 7109 5378
f 5378 7109 5380
f 5380 7109 5381
f 5381 7109 5383
f 5383 7109 5384
f 5384 7109 5386
f 5386 7109 5388
f 5373 5388 7109
f 5390 7110 5391
f 5391 7110 5395
f 5395 7110 5397
f 5397 7110 5399
f 5399 7110 5401
f 5401 7110 5403
f 5403 7110 5405
f 5390 5405 7110
f 5433 7111 5434
f 5434 7111 5462
f 5459 5462 7111
f 5457 5459 7111
f 5455 5457 7111
f 5453 5455 7111
f 5451 5453 7111
f 5449 5451 7111
f 5447 5449 7111
f 5445 5447 7111
f 5443 5445 7111
f 5441 5443 7111
f 5439 5441 7111
f 5437 5439 7111
f 5436 5437 7111
f 5433 5436 7111
f 5466 7112 5467
f 5467 7112 5495
f 5492 5495 7112
f 5490 5492 7112
f 5488 5490 7112
f 5486 5488 7112
f 5484 5486 7112
f 5482 5484 7112
f 5480 5482 7112
f 5478 5480 7112
f 5476 5478 7112
f 5474 5476 7112
f 5472 5474 7112
f 5470 5472 7112
f 5469 5470 7112
f 5466 5469 7112
f 5497 7113 5498
f 5498 7113 5502
f 5502 7113 5504
f 5504 7113 5506
f 5506 7113 5508
f 5508 7113 5509
f 5509 7113 5511
f 5497 5511 7113
f 5514 7114 5515
f 5515 7114 5518
f 5518 7114 5521
f 5521 7114 5523
f 5523 7114 5525
f 5525 7114 5528
f 5514 5528 7114
f 5530 7115 5531
f 5531 7115 5535
f 5535 7115 5537
f 5537 7115 5538
f 5538 7115 5540
f 5540 7115 5542
f 5542 7115 5545
f 5530 5545 7115
f 5571 7116 5574
f 5574 7116 5601
f 5600 5601 7116
f 5598 5600 7116
f 5596 5598 7116
f 5594 5596 7116
f 5591 5594 7116
f 5589 5591 7116
f 5587 5589 7116
f 5585 5587 7116
f 5583 5585 7116
f 5581 5583 7116
f 5579 5581 7116
f 5577 5579 7116
f 5575 5577 7116
f 5571 5575 7116
f 5604 7117 5607
f 5607 7117 5634
f 5633 5634 7117
f 5631 5633 7117
f 5629 5631 7117
f 5627 5629 7117
f 5624 5627 7117
f 5622 5624 7117
f 5620 5622 7117
f 5618 5620 7117
f 5616 5618 7117
f 5614 5616 7117
f 5612 5614 7117
f 5610 5612 7117
f 5608 5610 7117
f 5604 5608 7117
f 5638 7118 5639
f 5639 7118 5641
f 5641 7118 5642
f 5642 7118 5644
f 5644 7118 5645
f 5645 7118 5647
f 5647 7118 5648
f 5648 7118 5650
f 5650 7118 5651
f 5638 5651 7118
f 5655 7119 5656
f 5656 7119 5659
f 5659 7119 5660
f 5660 7119 5662
f 5662 7119 5664
f 5664 7119 5666
f 5666 7119 5667
f 5667 7119 5669
f 5655 5669 7119
f 5672 7120 5673
f 5673 7120 5675
f 5675 7120 5677
f 5677 7120 5679
f 5679 7120 5681
f 5681 7120 5683
f 5683 7120 5685
f 5672 5685 7120
f 5704 5707 7121
f 5707 5709 7121
f 5709 5711 7121
f 5711 5713 7121
f 5713 5715 7121
f 5715 5716 7121
f 5716 5719 7121
f 5719 5721 7121
f 5704 7121 5721
f 5722 5724 7122
f 5724 5733 7122
f 5731 7122 5733
f 5729 7122 5731
f 5726 7122 5729
f 5726 5728 7122
f 5725 7122 5728
f 5722 7122 5725
f 5734 5737 7123
f 5737 5738 7123
f 5738 5740 7123
f 5740 5741 7123
f 5741 5744 7123
f 5744 5746 7123
f 5746 5748 7123
f 5748 5750 7123
f 5734 7123 5750
f 5752 7124 5753
f 5753 7124 5756
f 5754 5756 7124
f 5754 7124 5757
f 5757 7124 5759
f 5759 7124 5760
f 5760 7124 5762
f 5762 7124 5764
f 5752 5764 7124
f 5765 7125 5766
f 5766 7125 5781
f 5779 5781 7125
f 5778 5779 7125
f 5777 5778 7125
f 5774 5777 7125
f 5771 5774 7125
f 5770 5771 7125
f 5768 5770 7125
f 5765 5768 7125
f 5782 5784 7126
f 5784 5794 7126
f 5792 7126 5794
f 5790 7126 5792
f 5788 7126 5790
f 5787 7126 5788
f 5786 7126 5787
f 5782 7126 5786
f 5797 7127 5798
f 5798 7127 5801
f 5801 7127 5803
f 5803 7127 5804
f 5804 7127 5806
f 5806 7127 5809
f 5797 5809 7127
f 5814 7128 5815
f 5815 7128 5817
f 5817 7128 5819
f 5819 7128 5820
f 5820 7128 5822
f 5822 7128 5825
f 5814 5825 7128
f 5829 7129 5830
f 5830 7129 5833
f 5833 7129 5835
f 5835 7129 5837
f 5837 7129 5839
f 5839 7129 5841
f 5841 7129 5843
f 5829 5843 7129
f 5846 7130 5847
f 5847 7130 5849
f 5849 7130 5851
f 5851 7130 5852
f 5852 7130 5854
f 5854 7130 5856
f 5856 7130 5857
f 5857 7130 5859
f 5846 5859 7130
f 5863 7131 5864
f 5864 7131 5866
f 5866 7131 5868
f 5868 7131 5871
f 5871 7131 5873
f 5873 7131 5875
f 5863 5875 7131
f 5879 7132 5880
f 5880 7132 5882
f 5882 7132 5884
f 5884 7132 5886
f 5886 7132 5888
f 5888 7132 5890
f 5879 5890 7132
f 5894 7133 5895
f 5895 7133 5897
f 5897 7133 5899
f 5899 7133 5901
f 5901 7133 5902
f 5902 7133 5904
f 5904 7133 5906
f 5906 7133 5908
f 5894 5908 7133
f 5911 7134 5912
f 5912 7134 5915
f 5915 7134 5917
f 5917 7134 5919
f 5919 7134 5921
f 5921 7134 5924
f 5911 5924 7134
f 5945 7135 5946
f 5946 7135 5960
f 5958 5960 7135
f 5956 5958 7135
f 5954 5956 7135
f 5952 5954 7135
f 5949 5952 7135
f 5947 5949 7135
f 5945 5947 7135
f 5961 7136 5962
f 5962 7136 5964
f 5964 7136 5965
f 5965 7136 5966
f 5966 7136 5968
f 5968 7136 5969
f 5969 7136 5970
f 5970 7136 5972
f 5961 5972 7136
f 5973 5975 7137
f 5975 5977 7137
f 5977 5979 7137
f 5979 5981 7137
f 5981 5983 7137
f 5983 5985 7137
f 5985 5987 7137
f 5987 5988 7137
f 5973 7137 5988
f 5990 7138 5991
f 5991 7138 5993
f 5993 7138 5995
f 5995 7138 5997
f 5997 7138 6000
f 5998 6000 7138
f 5998 7138 6001
f 5990 6001 7138
f 6003 6005 7139
f 6005 6007 7139
f 6007 6009 7139
f 6009 6011 7139
f 6011 6013 7139
f 6013 6016 7139
f 6016 6017 7139
f 6017 6019 7139
f 6003 7139 6019
f 6021 7140 6022
f 6022 7140 6024
f 6024 7140 6025
f 6025 7140 6027
f 6027 7140 6029
f 6029 7140 6030
f 6030 7140 6031
f 6031 7140 6032
f 6021 6032 7140
f 6034 6036 7141
f 6036 6037 7141
f 6037 6039 7141
f 6039 6041 7141
f 6041 6043 7141
f 6043 6044 7141
f 6044 6046 7141
f 6046 6048 7141
f 6034 7141 6048
f 6050 7142 6051
f 6051 7142 6053
f 6053 7142 6055
f 6055 7142 6056
f 6056 7142 6058
f 6058 7142 6060
f 6060 7142 6062
f 6062 7142 6064
f 6050 6064 7142
f 6067 6068 7143
f 6068 6070 7143
f 6070 6072 7143
f 6072 6073 7143
f 6073 6076 7143
f 6076 6078 7143
f 6078 6080 7143
f 6080 6081 7143
f 6067 7143 6081
f 6083 7144 6084
f 6084 7144 6086
f 6086 7144 6087
f 6087 7144 6088
f 6088 7144 6090
f 6090 7144 6091
f 6091 7144 6093
f 6083 6093 7144
f 6094 6096 7145
f 6096 6098 7145
f 6098 6100 7145
f 6100 6101 7145
f 6101 6104 7145
f 6104 6106 7145
f 6106 6108 7145
f 6108 6110 7145
f 6094 7145 6110
f 6112 7146 6113
f 6113 7146 6116
f 6116 7146 6117
f 6117 7146 6118
f 6118 7146 6120
f 6119 6120 7146
f 6119 7146 6121
f 6121 7146 6122
f 6112 6122 7146
f 6123 6125 7147
f 6125 6127 7147
f 6127 6129 7147
f 6129 6131 7147
f 6131 6133 7147
f 6133 6135 7147
f 6135 6138 7147
f 6138 6140 7147
f 6123 7147 6140
f 6143 7148 6144
f 6144 7148 6146
f 6146 7148 6148
f 6148 7148 6149
f 6149 7148 6150
f 6150 7148 6152
f 6152 7148 6153
f 6143 6153 7148
f 6156 6157 7149
f 6157 6158 7149
f 6158 6160 7149
f 6160 6162 7149
f 6162 6164 7149
f 6164 6166 7149
f 6166 6167 7149
f 6167 6169 7149
f 6156 7149 6169
f 6171 6173 7150
f 6173 6184 7150
f 6183 7150 6184
f 6181 7150 6183
f 6180 7150 6181
f 6178 7150 6180
f 6176 7150 6178
f 6174 7150 6176
f 6171 7150 6174
f 6185 6187 7151
f 6187 6189 7151
f 6189 6190 7151
f 6190 6191 7151
f 6191 6194 7151
f 6194 6196 7151
f 6196 6198 7151
f 6198 6200 7151
f 6185 7151 6200
f 6202 7152 6203
f 6203 7152 6212
f 6207 6212 7152
f 6205 6207 7152
f 6205 7152 6208
f 6208 7152 6209
f 6209 7152 6210
f 6202 6210 7152
f 6213 6215 7153
f 6215 6216 7153
f 6216 6217 7153
f 6217 6220 7153
f 6220 6222 7153
f 6222 6223 7153
f 6223 6225 7153
f 6225 6227 7153
f 6227 6228 7153
f 6213 7153 6228
f 6230 7154 6231
f 6231 7154 6233
f 6233 7154 6234
f 6234 7154 6236
f 6236 7154 6238
f 6238 7154 6239
f 6239 7154 6240
f 6240 7154 6242
f 6230 6242 7154
f 6244 6246 7155
f 6246 6248 7155
f 6248 6250 7155
f 6250 6252 7155
f 6252 6253 7155
f 6253 6255 7155
f 6255 6257 7155
f 6257 6259 7155
f 6244 7155 6259
f 6261 7156 6262
f 6262 7156 6265
f 6265 7156 6266
f 6266 7156 6268
f 6268 7156 6271
f 6269 6271 7156
f 6269 7156 6272
f 6261 6272 7156
f 6273 6275 7157
f 6275 6277 7157
f 6277 6279 7157
f 6279 6280 7157
f 6280 6283 7157
f 6283 6285 7157
f 6285 6287 7157
f 6287 6290 7157
f 6273 7157 6290
f 6292 7158 6293
f 6293 7158 6294
f 6294 7158 6295
f 6295 7158 6297
f 6297 7158 6298
f 6298 7158 6300
f 6300 7158 6302
f 6292 6302 7158
f 6306 6307 7159
f 6307 6309 7159
f 6309 6311 7159
f 6311 6312 7159
f 6312 6314 7159
f 6314 6316 7159
f 6316 6317 7159
f 6317 6319 7159
f 6306 7159 6319
f 6321 6323 7160
f 6323 6334 7160
f 6333 7160 6334
f 6331 7160 6333
f 6330 7160 6331
f 6328 7160 6330
f 6327 7160 6328
f 6325 7160 6327
f 6324 7160 6325
f 6321 7160 6324
f 6337 7161 6338
f 6338 7161 6350
f 6349 6350 7161
f 6347 6349 7161
f 6346 6347 7161
f 6344 6346 7161
f 6342 6344 7161
f 6339 6342 7161
f 6337 6339 7161
f 6352 6353 7162
f 6353 6362 7162
f 6361 7162 6362
f 6358 7162 6361
f 6358 6360 7162
f 6357 7162 6360
f 6356 7162 6357
f 6354 7162 6356
f 6352 7162 6354
f 6364 6366 7163
f 6366 6367 7163
f 6367 6368 7163
f 6368 6370 7163
f 6370 6372 7163
f 6372 6375 7163
f 6375 6377 7163
f 6377 6379 7163
f 6364 7163 6379
f 6381 7164 6382
f 6382 7164 6384
f 6384 7164 6385
f 6385 7164 6387
f 6387 7164 6388
f 6388 7164 6389
f 6389 7164 6390
f 6390 7164 6391
f 6381 6391 7164
f 6392 7165 6393
f 6393 7165 6397
f 6397 7165 6399
f 6399 7165 6401
f 6401 7165 6402
f 6402 7165 6404
f 6404 7165 6405
f 6405 7165 6407
f 6392 6407 7165
f 6409 7166 6410
f 6410 7166 6413
f 6413 7166 6415
f 6415 7166 6417
f 6417 7166 6418
f 6418 7166 6420
f 6420 7166 6422
f 6422 7166 6424
f 6409 6424 7166
f 6427 7167 6429
f 6429 7167 6432
f 6432 7167 6434
f 6434 7167 6436
f 6436 7167 6438
f 6438 7167 6440
f 6427 6440 7167
f 6443 7168 6445
f 6445 7168 6448
f 6448 7168 6450
f 6450 7168 6452
f 6452 7168 6454
f 6454 7168 6456
f 6443 6456 7168
f 6459 7169 6461
f 6461 7169 6462
f 6462 7169 6464
f 6464 7169 6466
f 6466 7169 6467
f 6467 7169 6469
f 6469 7169 6471
f 6471 7169 6473
f 6459 6473 7169
f 6475 7170 6476
f 6476 7170 6480
f 6480 7170 6482
f 6482 7170 6484
f 6484 7170 6485
f 6485 7170 6487
f 6487 7170 6488
f 6488 7170 6490
f 6475 6490 7170
f 6492 7171 6493
f 6493 7171 6497
f 6497 7171 6499
f 6499 7171 6501
f 6501 7171 6502
f 6502 7171 6504
f 6504 7171 6505
f 6505 7171 6507
f 6492 6507 7171
f 6509 7172 6510
f 6510 7172 6512
f 6512 7172 6514
f 6514 7172 6516
f 6516 7172 6518
f 6518 7172 6520
f 6520 7172 6522
f 6522 7172 6523
f 6509 6523 7172
f 6527 7173 6528
f 6528 7173 6529
f 6529 7173 6532
f 6532 7173 6534
f 6534 7173 6536
f 6536 7173 6538
f 6538 7173 6540
f 6527 6540 7173
f 6543 7174 6544
f 6544 7174 6545
f 6545 7174 6548
f 6548 7174 6551
f 6551 7174 6553
f 6553 7174 6555
f 6555 7174 6557
f 6543 6557 7174
f 6559 7175 6560
f 6560 7175 6563
f 6563 7175 6566
f 6566 7175 6567
f 6567 7175 6569
f 6569 7175 6571
f 6571 7175 6573
f 6559 6573 7175
f 6575 7176 6576
f 6576 7176 6580
f 6580 7176 6582
f 6582 7176 6584
f 6584 7176 6586
f 6586 7176 6589
f 6575 6589 7176
f 6591 7177 6592
f 6592 7177 6596
f 6596 7177 6598
f 6598 7177 6600
f 6600 7177 6602
f 6602 7177 6605
f 6591 6605 7177
f 6607 7178 6608
f 6608 7178 6613
f 6613 7178 6615
f 6615 7178 6616
f 6616 7178 6618
f 6618 7178 6620
f 6620 7178 6622
f 6607 6622 7178
f 6624 7179 6625
f 6625 7179 6629
f 6629 7179 6631
f 6631 7179 6633
f 6633 7179 6635
f 6635 7179 6637
f 6637 7179 6639
f 6624 6639 7179
f 6641 7180 6642
f 6642 7180 6645
f 6645 7180 6648
f 6648 7180 6649
f 6649 7180 6651
f 6651 7180 6653
f 6641 6653 7180
f 6656 7181 6657
f 6657 7181 6660
f 6660 7181 6662
f 6662 7181 6664
f 6664 7181 6666
f 6666 7181 6668
f 6668 7181 6670
f 6656 6670 7181
f 6672 7182 6673
f 6673 7182 6677
f 6677 7182 6678
f 6678 7182 6680
f 6680 7182 6682
f 6682 7182 6685
f 6685 7182 6687
f 6672 6687 7182
f 6689 7183 6690
f 6690 7183 6694
f 6694 7183 6696
f 6696 7183 6698
f 6698 7183 6700
f 6700 7183 6703
f 6689 6703 7183
f 6705 7184 6706
f 6706 7184 6708
f 6708 7184 6710
f 6710 7184 6712
f 6712 7184 6713
f 6713 7184 6715
f 6715 7184 6717
f 6705 6717 7184
f 6720 7185 6721
f 6721 7185 6725
f 6725 7185 6727
f 6727 7185 6729
f 6729 7185 6731
f 6731 7185 6733
f 6733 7185 6735
f 6720 6735 7185
f 6737 7186 6738
f 6738 7186 6740
f 6740 7186 6742
f 6742 7186 6744
f 6744 7186 6746
f 6746 7186 6748
f 6748 7186 6749
f 6749 7186 6751
f 6737 6751 7186
f 6753 7187 6754
f 6754 7187 6758
f 6758 7187 6760
f 6760 7187 6762
f 6762 7187 6764
f 6764 7187 6766
f 6753 6766 7187
f 6770 7188 6771
f 6771 7188 6772
f 6772 7188 6775
f 6775 7188 6777
f 6777 7188 6779
f 6779 7188 6782
f 6770 6782 7188
