class,shape_file,num_vertices,num_faces,face_types,bounding_box
AircraftBuoyant,m1337_unified.obj,741,1360,3,"{""min"": [-0.548278, -0.459071, -0.459853], ""max"": [0.451722, 0.460917, 0.460118], ""size"": [1.0, 0.919988, 0.9199710000000001]}"
AircraftBuoyant,m1338_unified.obj,2574,5000,3,"{""min"": [-0.472057, -0.474412, -0.355069], ""max"": [0.471822, 0.473162, 0.644931], ""size"": [0.943879, 0.947574, 1.0]}"
AircraftBuoyant,m1339_unified.obj,1382,1913,3,"{""min"": [-0.375424, -0.320732, -0.311224], ""max"": [0.624576, 0.320671, 0.309302], ""size"": [1.0, 0.641403, 0.620526]}"
AircraftBuoyant,m1340_unified.obj,3010,5822,3,"{""min"": [-0.307418, -0.180116, -0.179876], ""max"": [0.692582, 0.1806, 0.18084], ""size"": [1.0, 0.36071600000000004, 0.36071600000000004]}"
AircraftBuoyant,m1341_unified.obj,1666,3296,3,"{""min"": [-0.386854, -0.186732, -0.186618], ""max"": [0.613146, 0.186505, 0.186619], ""size"": [1.0, 0.37323700000000004, 0.37323700000000004]}"
AircraftBuoyant,m1342_unified.obj,4794,9214,3,"{""min"": [-0.225499, -0.305918, -0.312117], ""max"": [0.774501, 0.3116, 0.314115], ""size"": [1.0, 0.617518, 0.6262319999999999]}"
AircraftBuoyant,m1343_unified.obj,694,1376,3,"{""min"": [-0.48898, -0.362443, -0.359968], ""max"": [0.51102, 0.357177, 0.359718], ""size"": [1.0, 0.71962, 0.719686]}"
AircraftBuoyant,m1344_unified.obj,4102,7688,3,"{""min"": [-0.29092, -0.341851, -0.341934], ""max"": [0.70908, 0.342025, 0.341945], ""size"": [1.0, 0.683876, 0.683879]}"
AircraftBuoyant,m1345_unified.obj,3174,6000,3,"{""min"": [-0.405266, -0.302945, -0.302935], ""max"": [0.594734, 0.303193, 0.303203], ""size"": [1.0, 0.6061380000000001, 0.6061380000000001]}"
AircraftBuoyant,m1346_unified.obj,2850,5496,3,"{""min"": [-0.468658, -0.178625, -0.152077], ""max"": [0.531342, 0.166065, 0.160294], ""size"": [1.0, 0.34469, 0.31237099999999995]}"
AircraftBuoyant,m1347_unified.obj,2419,4779,3,"{""min"": [-0.454597, -0.13997, -0.150437], ""max"": [0.545403, 0.275442, 0.151634], ""size"": [1.0, 0.415412, 0.302071]}"
AircraftBuoyant,m1348_unified.obj,2868,5528,3,"{""min"": [-0.468757, -0.17944, -0.151872], ""max"": [0.531243, 0.165442, 0.160095], ""size"": [1.0, 0.344882, 0.311967]}"
AircraftBuoyant,m1349_unified.obj,1473,2560,3,"{""min"": [-0.506562, -0.127912, -0.129996], ""max"": [0.493438, 0.230422, 0.130687], ""size"": [1.0, 0.358334, 0.260683]}"
AircraftBuoyant,m1350_unified.obj,4167,7904,3,"{""min"": [-0.352716, -0.139265, -0.080115], ""max"": [0.647284, 0.139263, 0.253095], ""size"": [1.0, 0.278528, 0.33321]}"
AircraftBuoyant,m1351_unified.obj,2693,5000,3,"{""min"": [-0.23524, -0.096495, -0.090416], ""max"": [0.76476, 0.096109, 0.113854], ""size"": [1.0, 0.192604, 0.20427]}"
AircraftBuoyant,m1352_unified.obj,2556,4999,3,"{""min"": [-0.466909, -0.176211, -0.161841], ""max"": [0.533091, 0.194959, 0.162101], ""size"": [1.0, 0.37117, 0.323942]}"
Apartment,D00045_unified.obj,4110,5000,3,"{""min"": [-0.50023, -0.492918, -0.256478], ""max"": [0.47948, 0.507082, 0.27066], ""size"": [0.97971, 1.0, 0.527138]}"
Apartment,D00086_unified.obj,2920,5616,3,"{""min"": [-0.497357, -0.141884, -0.156892], ""max"": [0.502643, 0.608253, 0.210214], ""size"": [1.0, 0.750137, 0.36710600000000004]}"
Apartment,D00138_unified.obj,2597,5000,3,"{""min"": [-0.459699, -0.533804, -0.12234], ""max"": [0.540301, 0.239516, 0.335643], ""size"": [1.0, 0.77332, 0.45798300000000003]}"
Apartment,D00156_unified.obj,4532,4848,3,"{""min"": [-0.498885, -0.338595, -0.339838], ""max"": [0.501115, 0.443696, 0.364008], ""size"": [1.0, 0.782291, 0.703846]}"
Apartment,D00310_unified.obj,3245,4564,3,"{""min"": [-0.466944, -0.242604, -0.187022], ""max"": [0.533056, 0.294048, 0.19823], ""size"": [1.0, 0.5366519999999999, 0.385252]}"
Apartment,D00348_unified.obj,2006,3008,3,"{""min"": [-0.512897, -0.267751, -0.48273], ""max"": [0.487103, 0.313207, 0.128328], ""size"": [1.0, 0.5809580000000001, 0.611058]}"
Apartment,D00366_unified.obj,1294,2539,3,"{""min"": [-0.462339, -0.397923, -0.428832], ""max"": [0.537661, 0.457514, 0.369889], ""size"": [1.0, 0.855437, 0.798721]}"
Apartment,D00478_unified.obj,4895,4045,3,"{""min"": [-0.503737, -0.28823, -0.184973], ""max"": [0.496263, 0.380073, 0.32201], ""size"": [1.0, 0.668303, 0.506983]}"
Apartment,D00496_unified.obj,1598,2535,3,"{""min"": [-0.38021, -0.323512, -0.19816], ""max"": [0.380534, 0.676488, 0.202286], ""size"": [0.760744, 1.0, 0.40044599999999997]}"
Apartment,D00626_unified.obj,7697,14891,3,"{""min"": [-0.485738, -0.270645, -0.275713], ""max"": [0.514262, 0.194599, 0.163867], ""size"": [1.0, 0.465244, 0.43957999999999997]}"
Apartment,D00639_unified.obj,2752,4999,3,"{""min"": [-0.394674, -0.310915, -0.256819], ""max"": [0.605326, 0.322497, 0.313914], ""size"": [1.0, 0.633412, 0.570733]}"
Apartment,D00651_unified.obj,4534,4854,3,"{""min"": [-0.498501, -0.337982, -0.340259], ""max"": [0.501499, 0.443586, 0.36389], ""size"": [1.0, 0.781568, 0.7041489999999999]}"
Apartment,D00681_unified.obj,5330,4937,3,"{""min"": [-0.494946, -0.313888, -0.241126], ""max"": [0.505054, 0.405367, 0.415031], ""size"": [1.0, 0.719255, 0.656157]}"
Apartment,D00780_unified.obj,3867,4638,3,"{""min"": [-0.475129, -0.240431, -0.164202], ""max"": [0.524871, 0.287567, 0.132241], ""size"": [1.0, 0.527998, 0.296443]}"
Apartment,D00792_unified.obj,2710,4632,3,"{""min"": [-0.474519, -0.382227, -0.176512], ""max"": [0.525481, 0.542227, 0.507886], ""size"": [1.0, 0.924454, 0.684398]}"
Apartment,D00859_unified.obj,4654,8610,3,"{""min"": [-0.475681, -0.329014, -0.09772], ""max"": [0.524319, 0.287811, 0.229849], ""size"": [1.0, 0.616825, 0.327569]}"
Apartment,D00860_unified.obj,4895,4043,3,"{""min"": [-0.503683, -0.288389, -0.184362], ""max"": [0.496317, 0.379549, 0.32259], ""size"": [1.0, 0.667938, 0.506952]}"
Apartment,D00869_unified.obj,2791,3845,3,"{""min"": [-0.498879, -0.300899, -0.284743], ""max"": [0.501121, 0.304215, 0.261982], ""size"": [1.0, 0.605114, 0.546725]}"
Apartment,D00921_unified.obj,4354,4992,3,"{""min"": [-0.354812, -0.257516, -0.175831], ""max"": [0.645188, 0.293168, 0.354998], ""size"": [1.0, 0.550684, 0.530829]}"
Apartment,D00953_unified.obj,2991,3985,3,"{""min"": [-0.45985, -0.502449, -0.206131], ""max"": [0.474837, 0.497551, 0.222621], ""size"": [0.934687, 1.0, 0.428752]}"
Apartment,m463_unified.obj,2022,3655,3,"{""min"": [-0.421328, -0.399971, -0.289261], ""max"": [0.578672, 0.400024, 0.289415], ""size"": [1.0, 0.799995, 0.578676]}"
Apartment,m464_unified.obj,4275,4999,3,"{""min"": [-0.50175, -0.173488, -0.149654], ""max"": [0.49825, 0.176246, 0.148058], ""size"": [1.0, 0.349734, 0.297712]}"
Apartment,m465_unified.obj,2335,4363,3,"{""min"": [-0.366011, -0.10096, -0.106798], ""max"": [0.633989, 0.197186, 0.113869], ""size"": [1.0, 0.298146, 0.220667]}"
AquaticAnimal,m53_unified.obj,2680,4962,3,"{""min"": [-0.381989, -0.172713, -0.053534], ""max"": [0.618011, 0.164789, 0.075404], ""size"": [1.0, 0.33750199999999997, 0.128938]}"
AquaticAnimal,m54_unified.obj,2718,5000,3,"{""min"": [-0.36363, -0.179661, -0.074464], ""max"": [0.63637, 0.180914, 0.112629], ""size"": [1.0, 0.360575, 0.187093]}"
AquaticAnimal,m55_unified.obj,2672,4963,3,"{""min"": [-0.38029, -0.193095, -0.072944], ""max"": [0.61971, 0.178121, 0.090363], ""size"": [1.0, 0.371216, 0.16330699999999998]}"
AquaticAnimal,m56_unified.obj,2700,5000,3,"{""min"": [-0.312507, -0.168977, -0.074597], ""max"": [0.687493, 0.190343, 0.076371], ""size"": [1.0, 0.35932, 0.150968]}"
AquaticAnimal,m57_unified.obj,2674,4985,3,"{""min"": [-0.348258, -0.190362, -0.061328], ""max"": [0.651742, 0.189526, 0.063155], ""size"": [1.0, 0.379888, 0.12448300000000001]}"
AquaticAnimal,m58_unified.obj,1902,3800,3,"{""min"": [-0.505469, -0.233395, -0.250862], ""max"": [0.494531, 0.281276, 0.287254], ""size"": [1.0, 0.514671, 0.538116]}"
AquaticAnimal,m59_unified.obj,171,334,3,"{""min"": [-0.485113, -0.104197, -0.105229], ""max"": [0.514887, 0.106283, 0.105251], ""size"": [1.0, 0.21048, 0.21048]}"
AquaticAnimal,m60_unified.obj,1606,3208,3,"{""min"": [-0.344248, -0.183111, -0.171389], ""max"": [0.655752, 0.222276, 0.17138], ""size"": [1.0, 0.405387, 0.342769]}"
AquaticAnimal,m61_unified.obj,760,1348,3,"{""min"": [-0.401538, -0.24746, -0.085831], ""max"": [0.598462, 0.194224, 0.087502], ""size"": [1.0, 0.441684, 0.17333300000000001]}"
AquaticAnimal,m62_unified.obj,958,1912,3,"{""min"": [-0.566421, -0.342879, -0.054704], ""max"": [0.433579, 0.378991, 0.054719], ""size"": [1.0, 0.72187, 0.10942299999999999]}"
AquaticAnimal,m63_unified.obj,3991,7168,3,"{""min"": [-0.276485, -0.367564, -0.369306], ""max"": [0.723515, 0.297378, 0.386102], ""size"": [1.0, 0.6649419999999999, 0.7554080000000001]}"
AquaticAnimal,m64_unified.obj,931,1764,3,"{""min"": [-0.504765, -0.250212, -0.081276], ""max"": [0.495235, 0.297211, 0.0803], ""size"": [1.0, 0.547423, 0.161576]}"
AquaticAnimal,m65_unified.obj,3936,7720,3,"{""min"": [-0.239315, -0.280713, -0.206453], ""max"": [0.760685, 0.397197, 0.207242], ""size"": [1.0, 0.67791, 0.41369500000000003]}"
AquaticAnimal,m66_unified.obj,2400,4848,3,"{""min"": [-0.360612, -0.280118, -0.290337], ""max"": [0.639388, 0.198856, 0.17024], ""size"": [1.0, 0.478974, 0.460577]}"
AquaticAnimal,m67_unified.obj,2502,5000,3,"{""min"": [-0.440153, -0.170723, -0.112888], ""max"": [0.559847, 0.212716, 0.123161], ""size"": [1.0, 0.383439, 0.236049]}"
AquaticAnimal,m68_unified.obj,2200,4392,3,"{""min"": [-0.475727, -0.161012, -0.085785], ""max"": [0.524273, 0.111444, 0.085588], ""size"": [1.0, 0.272456, 0.171373]}"
AquaticAnimal,m69_unified.obj,1174,2240,3,"{""min"": [-0.324587, -0.174011, -0.10102], ""max"": [0.675413, 0.173483, 0.166044], ""size"": [1.0, 0.34749399999999997, 0.26706399999999997]}"
AquaticAnimal,m70_unified.obj,1186,2240,3,"{""min"": [-0.391846, -0.225852, -0.076617], ""max"": [0.608154, 0.226056, 0.176307], ""size"": [1.0, 0.451908, 0.252924]}"
AquaticAnimal,m71_unified.obj,1674,3344,3,"{""min"": [-0.346265, -0.136058, -0.158918], ""max"": [0.653735, 0.23063, 0.157878], ""size"": [1.0, 0.366688, 0.31679599999999997]}"
AquaticAnimal,m72_unified.obj,1237,2360,3,"{""min"": [-0.411737, -0.226747, -0.080529], ""max"": [0.588263, 0.227036, 0.168282], ""size"": [1.0, 0.453783, 0.248811]}"
AquaticAnimal,m73_unified.obj,1133,2250,3,"{""min"": [-0.451046, -0.234445, -0.184968], ""max"": [0.548954, 0.365256, 0.183537], ""size"": [1.0, 0.599701, 0.36850499999999997]}"
AquaticAnimal,m74_unified.obj,654,1288,3,"{""min"": [-0.266585, -0.152047, -0.091526], ""max"": [0.733415, 0.207773, 0.223243], ""size"": [1.0, 0.35982000000000003, 0.31476899999999997]}"
AquaticAnimal,m75_unified.obj,1094,2048,3,"{""min"": [-0.433117, -0.268308, -0.092366], ""max"": [0.566883, 0.26888, 0.184776], ""size"": [1.0, 0.537188, 0.277142]}"
AquaticAnimal,m76_unified.obj,1583,3162,3,"{""min"": [-0.288358, -0.170782, -0.194419], ""max"": [0.711642, 0.167654, 0.19455], ""size"": [1.0, 0.33843599999999996, 0.388969]}"
AquaticAnimal,m77_unified.obj,2568,5000,3,"{""min"": [-0.499178, -0.233313, -0.21069], ""max"": [0.500822, 0.225315, 0.222886], ""size"": [1.0, 0.458628, 0.43357599999999996]}"
AquaticAnimal,m78_unified.obj,1659,2927,3,"{""min"": [-0.34556, -0.171533, -0.15871], ""max"": [0.65444, 0.285616, 0.2294], ""size"": [1.0, 0.45714899999999997, 0.38810999999999996]}"
AquaticAnimal,m79_unified.obj,536,904,3,"{""min"": [-0.555974, -0.134194, -0.0969], ""max"": [0.444026, 0.127196, 0.172114], ""size"": [1.0, 0.26139, 0.269014]}"
AquaticAnimal,m80_unified.obj,4317,8368,3,"{""min"": [-0.484054, -0.18692, -0.114086], ""max"": [0.515946, 0.205475, 0.186131], ""size"": [1.0, 0.392395, 0.300217]}"
AquaticAnimal,m81_unified.obj,3312,6391,3,"{""min"": [-0.45969, -0.098566, -0.198445], ""max"": [0.54031, 0.190286, 0.207926], ""size"": [1.0, 0.288852, 0.40637100000000004]}"
Bed,D00031_unified.obj,1867,3588,3,"{""min"": [-0.311206, -0.417383, -0.185439], ""max"": [0.688794, 0.464956, 0.164965], ""size"": [1.0, 0.882339, 0.350404]}"
Bed,D00110_unified.obj,1926,3644,3,"{""min"": [-0.475165, -0.344775, -0.081676], ""max"": [0.524835, 0.364137, 0.266759], ""size"": [1.0, 0.708912, 0.34843500000000005]}"
Bed,D00121_unified.obj,2578,5000,3,"{""min"": [-0.418643, -0.404978, -0.127124], ""max"": [0.581357, 0.4214, 0.450177], ""size"": [1.0, 0.8263780000000001, 0.577301]}"
Bed,D00184_unified.obj,2599,5000,3,"{""min"": [-0.407704, -0.41338, -0.188489], ""max"": [0.592296, 0.417339, 0.331111], ""size"": [1.0, 0.830719, 0.5196]}"
Bed,D00210_unified.obj,2598,5000,3,"{""min"": [-0.459624, -0.444963, -0.298751], ""max"": [0.540376, 0.45189, 0.315204], ""size"": [1.0, 0.896853, 0.613955]}"
Bed,D00213_unified.obj,2277,4536,3,"{""min"": [-0.27568, -0.241558, -0.125881], ""max"": [0.72432, 0.240406, 0.225904], ""size"": [1.0, 0.481964, 0.351785]}"
Bed,D00217_unified.obj,2586,5000,3,"{""min"": [-0.49912, -0.245208, -0.128783], ""max"": [0.50088, 0.246506, 0.201419], ""size"": [1.0, 0.491714, 0.330202]}"
Bed,D00307_unified.obj,2644,5259,3,"{""min"": [-0.417068, -0.373193, -0.094424], ""max"": [0.506713, 0.626807, 0.23324], ""size"": [0.923781, 1.0, 0.327664]}"
Bed,D00322_unified.obj,2544,5000,3,"{""min"": [-0.496026, -0.212866, -0.139551], ""max"": [0.503974, 0.214181, 0.341528], ""size"": [1.0, 0.427047, 0.48107900000000003]}"
Bed,D00417_unified.obj,2556,5000,3,"{""min"": [-0.356023, -0.37154, -0.130979], ""max"": [0.643977, 0.370336, 0.251033], ""size"": [1.0, 0.741876, 0.382012]}"
Bed,D00538_unified.obj,2667,5000,3,"{""min"": [-0.499516, -0.332585, -0.153016], ""max"": [0.500484, 0.334235, 0.234274], ""size"": [1.0, 0.66682, 0.38729]}"
Bed,D00545_unified.obj,1655,3270,3,"{""min"": [-0.488088, -0.358006, -0.237658], ""max"": [0.511912, 0.364542, 0.213726], ""size"": [1.0, 0.722548, 0.451384]}"
Bed,D00552_unified.obj,2661,4997,3,"{""min"": [-0.398777, -0.239713, -0.168504], ""max"": [0.513992, 0.760287, 0.277286], ""size"": [0.9127689999999999, 1.0, 0.44578999999999996]}"
Bed,D00565_unified.obj,3297,6500,3,"{""min"": [-0.249082, -0.355005, -0.108743], ""max"": [0.750918, 0.365046, 0.204141], ""size"": [1.0, 0.720051, 0.312884]}"
Bed,D00650_unified.obj,2527,4996,3,"{""min"": [-0.48347, -0.259198, -0.169573], ""max"": [0.51653, 0.260337, 0.230679], ""size"": [1.0, 0.519535, 0.400252]}"
Bed,D00735_unified.obj,1609,2736,3,"{""min"": [-0.253242, -0.326994, -0.236097], ""max"": [0.746758, 0.33524, 0.259054], ""size"": [1.0, 0.662234, 0.495151]}"
Bed,D00836_unified.obj,1563,3122,3,"{""min"": [-0.435943, -0.180858, -0.192147], ""max"": [0.564057, 0.18105, 0.248621], ""size"": [1.0, 0.361908, 0.44076800000000005]}"
Bed,D00839_unified.obj,2528,4998,3,"{""min"": [-0.360066, -0.399094, -0.144777], ""max"": [0.639934, 0.402402, 0.260445], ""size"": [1.0, 0.801496, 0.40522199999999997]}"
Bed,D00969_unified.obj,2803,5000,3,"{""min"": [-0.500908, -0.42738, -0.285004], ""max"": [0.499092, 0.424608, 0.27691], ""size"": [1.0, 0.851988, 0.561914]}"
Bed,D00988_unified.obj,1279,2496,3,"{""min"": [-0.500352, -0.327654, -0.181596], ""max"": [0.499648, 0.331586, 0.216319], ""size"": [1.0, 0.65924, 0.397915]}"
Bed,m945_unified.obj,2718,4997,3,"{""min"": [-0.321775, -0.338854, -0.378791], ""max"": [0.678225, 0.340961, 0.323231], ""size"": [1.0, 0.6798150000000001, 0.7020219999999999]}"
Bed,m946_unified.obj,1539,2576,3,"{""min"": [-0.499727, -0.246977, -0.308188], ""max"": [0.500273, 0.246908, 0.185722], ""size"": [1.0, 0.493885, 0.49391]}"
Bed,m947_unified.obj,1421,2240,3,"{""min"": [-0.497156, -0.359917, -0.165268], ""max"": [0.502844, 0.359791, 0.269658], ""size"": [1.0, 0.719708, 0.43492600000000003]}"
Bed,m948_unified.obj,2578,5000,3,"{""min"": [-0.45285, -0.470526, -0.4388], ""max"": [0.54715, 0.462609, 0.522954], ""size"": [1.0, 0.933135, 0.961754]}"
Bed,m949_unified.obj,2788,5552,3,"{""min"": [-0.403221, -0.260008, -0.42355], ""max"": [0.564891, 0.2538, 0.57645], ""size"": [0.9681120000000001, 0.513808, 1.0]}"
Bed,m950_unified.obj,1587,2888,3,"{""min"": [-0.489154, -0.45615, -0.374975], ""max"": [0.510846, 0.482611, 0.374916], ""size"": [1.0, 0.938761, 0.7498910000000001]}"
Bed,m951_unified.obj,1294,2288,3,"{""min"": [-0.295726, -0.423392, -0.183997], ""max"": [0.704274, 0.379788, 0.306136], ""size"": [1.0, 0.80318, 0.49013300000000004]}"
Bicycle,D00016_unified.obj,2769,5049,3,"{""min"": [-0.490087, -0.273032, -0.099129], ""max"": [0.509913, 0.410428, 0.10747], ""size"": [1.0, 0.68346, 0.20659899999999998]}"
Bicycle,D00033_unified.obj,2192,4448,3,"{""min"": [-0.489917, -0.246187, -0.152151], ""max"": [0.510083, 0.340306, 0.152442], ""size"": [1.0, 0.5864929999999999, 0.304593]}"
Bicycle,D00040_unified.obj,4103,7801,3,"{""min"": [-0.385527, -0.325071, -0.166632], ""max"": [0.614473, 0.302886, 0.166162], ""size"": [1.0, 0.627957, 0.33279400000000003]}"
Bicycle,D00077_unified.obj,2613,4991,3,"{""min"": [-0.452318, -0.307341, -0.174822], ""max"": [0.547682, 0.383521, 0.173554], ""size"": [1.0, 0.690862, 0.348376]}"
Bicycle,D00078_unified.obj,2804,4836,3,"{""min"": [-0.527366, -0.36449, -0.179231], ""max"": [0.472634, 0.331683, 0.201182], ""size"": [1.0, 0.6961729999999999, 0.380413]}"
Bicycle,D00462_unified.obj,3489,4974,3,"{""min"": [-0.414332, -0.284742, -0.13612], ""max"": [0.585668, 0.346086, 0.130827], ""size"": [1.0, 0.6308279999999999, 0.266947]}"
Bicycle,D00514_unified.obj,2903,5000,3,"{""min"": [-0.494117, -0.289196, -0.101455], ""max"": [0.505883, 0.324692, 0.105356], ""size"": [1.0, 0.613888, 0.20681100000000002]}"
Bicycle,D00536_unified.obj,2026,3480,3,"{""min"": [-0.497975, -0.26783, -0.222597], ""max"": [0.502025, 0.360476, 0.243444], ""size"": [1.0, 0.628306, 0.466041]}"
Bicycle,D00555_unified.obj,3215,4912,3,"{""min"": [-0.486572, -0.340141, -0.170842], ""max"": [0.513428, 0.324295, 0.186129], ""size"": [1.0, 0.664436, 0.356971]}"
Bicycle,D00558_unified.obj,3033,4990,3,"{""min"": [-0.506835, -0.282559, -0.128176], ""max"": [0.493165, 0.288469, 0.136004], ""size"": [1.0, 0.571028, 0.26418]}"
Bicycle,D00567_unified.obj,1810,3664,3,"{""min"": [-0.473061, -0.294416, -0.14506], ""max"": [0.526939, 0.343155, 0.145078], ""size"": [1.0, 0.637571, 0.290138]}"
Bicycle,D00621_unified.obj,2769,5049,3,"{""min"": [-0.490087, -0.273031, -0.099129], ""max"": [0.509913, 0.410429, 0.107471], ""size"": [1.0, 0.68346, 0.2066]}"
Bicycle,D00708_unified.obj,2861,5000,3,"{""min"": [-0.491053, -0.321316, -0.15016], ""max"": [0.508947, 0.352886, 0.154241], ""size"": [1.0, 0.674202, 0.304401]}"
Bicycle,D00750_unified.obj,2877,5484,3,"{""min"": [-0.527669, -0.413054, -0.151782], ""max"": [0.472331, 0.39579, 0.155195], ""size"": [1.0, 0.8088439999999999, 0.306977]}"
Bicycle,D00838_unified.obj,2846,5000,3,"{""min"": [-0.492563, -0.321179, -0.149418], ""max"": [0.507437, 0.354279, 0.155121], ""size"": [1.0, 0.675458, 0.304539]}"
Bicycle,D00847_unified.obj,2815,4858,3,"{""min"": [-0.526459, -0.363452, -0.178634], ""max"": [0.473541, 0.330715, 0.201503], ""size"": [1.0, 0.694167, 0.38013699999999995]}"
Bicycle,D00904_unified.obj,2580,5000,3,"{""min"": [-0.493226, -0.308784, -0.099139], ""max"": [0.506774, 0.317959, 0.100264], ""size"": [1.0, 0.626743, 0.199403]}"
Bicycle,D00930_unified.obj,3026,5000,3,"{""min"": [-0.545121, -0.462933, -0.188292], ""max"": [0.454879, 0.339194, 0.205602], ""size"": [1.0, 0.802127, 0.39389399999999997]}"
Bicycle,D00931_unified.obj,2927,4546,3,"{""min"": [-0.503716, -0.3498, -0.13656], ""max"": [0.496284, 0.25715, 0.172054], ""size"": [1.0, 0.60695, 0.308614]}"
Bicycle,D00974_unified.obj,2438,4885,3,"{""min"": [-0.569047, -0.366809, -0.116065], ""max"": [0.430953, 0.337202, 0.113441], ""size"": [1.0, 0.7040109999999999, 0.229506]}"
Bicycle,m1472_unified.obj,1872,3372,3,"{""min"": [-0.517794, -0.368036, -0.197174], ""max"": [0.482206, 0.315545, 0.211106], ""size"": [1.0, 0.683581, 0.40828]}"
Bicycle,m1473_unified.obj,2192,4448,3,"{""min"": [-0.489917, -0.246188, -0.152151], ""max"": [0.510083, 0.340306, 0.152442], ""size"": [1.0, 0.586494, 0.304593]}"
Bicycle,m1475_unified.obj,2442,4888,3,"{""min"": [-0.56926, -0.367028, -0.116074], ""max"": [0.43074, 0.337636, 0.11348], ""size"": [1.0, 0.704664, 0.22955399999999998]}"
Bicycle,m1476_unified.obj,1810,3664,3,"{""min"": [-0.47306, -0.294416, -0.14506], ""max"": [0.52694, 0.343155, 0.145078], ""size"": [1.0, 0.637571, 0.290138]}"
Bicycle,m1477_unified.obj,2815,4852,3,"{""min"": [-0.525614, -0.36215, -0.179043], ""max"": [0.474386, 0.330957, 0.200936], ""size"": [1.0, 0.693107, 0.379979]}"
Bicycle,m1478_unified.obj,2769,5049,3,"{""min"": [-0.490087, -0.273031, -0.099129], ""max"": [0.509913, 0.410429, 0.107471], ""size"": [1.0, 0.68346, 0.2066]}"
Biplane,D00069_unified.obj,2570,4880,3,"{""min"": [-0.499954, -0.188223, -0.099545], ""max"": [0.500046, 0.320814, 0.10054], ""size"": [1.0, 0.509037, 0.200085]}"
Biplane,D00132_unified.obj,923,1392,3,"{""min"": [-0.499897, -0.213556, -0.070424], ""max"": [0.500103, 0.452707, 0.130456], ""size"": [1.0, 0.666263, 0.20088]}"
Biplane,D00178_unified.obj,3098,4978,3,"{""min"": [-0.240438, -0.497377, -0.105561], ""max"": [0.455187, 0.502623, 0.12359], ""size"": [0.695625, 1.0, 0.229151]}"
Biplane,D00199_unified.obj,2584,3753,3,"{""min"": [-0.499792, -0.260133, -0.130659], ""max"": [0.500208, 0.514612, 0.158385], ""size"": [1.0, 0.774745, 0.28904399999999997]}"
Biplane,D00246_unified.obj,2748,4905,3,"{""min"": [-0.498906, -0.187706, -0.073121], ""max"": [0.501094, 0.330988, 0.0946], ""size"": [1.0, 0.518694, 0.167721]}"
Biplane,D00276_unified.obj,1920,3664,3,"{""min"": [-0.298572, -0.497387, -0.185863], ""max"": [0.523763, 0.502613, 0.263462], ""size"": [0.822335, 1.0, 0.449325]}"
Biplane,D00277_unified.obj,3968,4735,3,"{""min"": [-0.462493, -0.231471, -0.118935], ""max"": [0.537507, 0.497536, 0.136212], ""size"": [1.0, 0.729007, 0.255147]}"
Biplane,D00320_unified.obj,3018,4902,3,"{""min"": [-0.499709, -0.195123, -0.085496], ""max"": [0.500291, 0.401428, 0.139584], ""size"": [1.0, 0.596551, 0.22508]}"
Biplane,D00373_unified.obj,2132,3846,3,"{""min"": [-0.27581, -0.499447, -0.145694], ""max"": [0.522831, 0.500553, 0.172253], ""size"": [0.798641, 1.0, 0.317947]}"
Biplane,D00410_unified.obj,2167,4254,3,"{""min"": [-0.500575, -0.186506, -0.086894], ""max"": [0.499425, 0.333921, 0.117985], ""size"": [1.0, 0.520427, 0.204879]}"
Biplane,D00490_unified.obj,2700,4950,3,"{""min"": [-0.235143, -0.496525, -0.103773], ""max"": [0.446188, 0.503475, 0.144227], ""size"": [0.6813309999999999, 1.0, 0.248]}"
Biplane,D00515_unified.obj,2589,4995,3,"{""min"": [-0.341702, -0.500446, -0.142107], ""max"": [0.534873, 0.499554, 0.145725], ""size"": [0.8765750000000001, 1.0, 0.287832]}"
Biplane,D00601_unified.obj,2328,4530,3,"{""min"": [-0.306483, -0.498889, -0.233756], ""max"": [0.605483, 0.501111, 0.254206], ""size"": [0.911966, 1.0, 0.487962]}"
Biplane,D00616_unified.obj,2259,5198,3,"{""min"": [-0.145032, -0.473508, -0.131806], ""max"": [0.359635, 0.526492, 0.098866], ""size"": [0.504667, 1.0, 0.230672]}"
Biplane,D00632_unified.obj,2270,4096,3,"{""min"": [-0.261237, -0.499952, -0.122199], ""max"": [0.525681, 0.500048, 0.17082], ""size"": [0.786918, 1.0, 0.29301900000000003]}"
Biplane,D00634_unified.obj,2935,4999,3,"{""min"": [-0.500678, -0.298553, -0.165344], ""max"": [0.499322, 0.497362, 0.129899], ""size"": [1.0, 0.795915, 0.295243]}"
Biplane,D00666_unified.obj,1730,3176,3,"{""min"": [-0.446847, -0.496664, -0.138827], ""max"": [0.553153, 0.49665, 0.084701], ""size"": [1.0, 0.993314, 0.223528]}"
Biplane,D00854_unified.obj,2738,4919,3,"{""min"": [-0.222217, -0.499691, -0.122952], ""max"": [0.498372, 0.500309, 0.139481], ""size"": [0.7205889999999999, 1.0, 0.262433]}"
Biplane,D00890_unified.obj,3293,5000,3,"{""min"": [-0.500348, -0.335426, -0.148021], ""max"": [0.499652, 0.56488, 0.173135], ""size"": [1.0, 0.900306, 0.321156]}"
Biplane,D00900_unified.obj,3797,4974,3,"{""min"": [-0.499267, -0.210444, -0.1123], ""max"": [0.500733, 0.48403, 0.12084], ""size"": [1.0, 0.694474, 0.23314000000000001]}"
Biplane,m1118_unified.obj,2749,4999,3,"{""min"": [-0.499511, -0.302135, -0.144655], ""max"": [0.500489, 0.238305, 0.100807], ""size"": [1.0, 0.54044, 0.245462]}"
Biplane,m1119_unified.obj,3226,6200,3,"{""min"": [-0.499953, -0.175808, -0.1603], ""max"": [0.500047, 0.661399, 0.181546], ""size"": [1.0, 0.8372069999999999, 0.341846]}"
Biplane,m1120_unified.obj,3272,4994,3,"{""min"": [-0.499081, -0.335656, -0.150689], ""max"": [0.500919, 0.566488, 0.166368], ""size"": [1.0, 0.9021440000000001, 0.317057]}"
Biplane,m1121_unified.obj,4027,7590,3,"{""min"": [-0.239806, -0.499224, -0.14605], ""max"": [0.569042, 0.500776, 0.17481], ""size"": [0.808848, 1.0, 0.32086000000000003]}"
Biplane,m1122_unified.obj,3051,4938,3,"{""min"": [-0.2576, -0.503252, -0.158687], ""max"": [0.702227, 0.496748, 0.12734], ""size"": [0.959827, 1.0, 0.28602700000000003]}"
Biplane,m1123_unified.obj,3783,7024,3,"{""min"": [-0.19793, -0.500075, -0.115596], ""max"": [0.5169, 0.499925, 0.175597], ""size"": [0.7148300000000001, 1.0, 0.29119300000000004]}"
Biplane,m1124_unified.obj,1348,2288,3,"{""min"": [-0.260529, -0.50054, -0.13072], ""max"": [0.377986, 0.49946, 0.096213], ""size"": [0.6385149999999999, 1.0, 0.226933]}"
Biplane,m1125_unified.obj,1516,2616,3,"{""min"": [-0.499819, -0.29556, -0.11652], ""max"": [0.500181, 0.519138, 0.147197], ""size"": [1.0, 0.8146979999999999, 0.263717]}"
Biplane,m1126_unified.obj,2854,5264,3,"{""min"": [-0.372918, -0.499961, -0.082881], ""max"": [0.430499, 0.500039, 0.145565], ""size"": [0.803417, 1.0, 0.22844599999999998]}"
Biplane,m1127_unified.obj,1216,2080,3,"{""min"": [-0.277762, -0.49999, -0.094671], ""max"": [0.548057, 0.50001, 0.111542], ""size"": [0.8258190000000001, 1.0, 0.206213]}"
Biplane,m1128_unified.obj,2666,4928,3,"{""min"": [-0.426672, -0.496213, -0.142997], ""max"": [0.573328, 0.496202, 0.082637], ""size"": [1.0, 0.992415, 0.225634]}"
Biplane,m1129_unified.obj,2685,4991,3,"{""min"": [-0.211836, -0.500875, -0.157451], ""max"": [0.503568, 0.499125, 0.131015], ""size"": [0.715404, 1.0, 0.288466]}"
Biplane,m1131_unified.obj,1730,3072,3,"{""min"": [-0.33608, -0.499903, -0.119564], ""max"": [0.38451, 0.500097, 0.097155], ""size"": [0.7205900000000001, 1.0, 0.216719]}"
Biplane,m1132_unified.obj,3182,5712,3,"{""min"": [-0.35303, -0.499997, -0.095179], ""max"": [0.382043, 0.500003, 0.101217], ""size"": [0.7350730000000001, 1.0, 0.19639600000000002]}"
Biplane,m1133_unified.obj,2270,4096,3,"{""min"": [-0.261237, -0.499952, -0.122199], ""max"": [0.525681, 0.500048, 0.17082], ""size"": [0.786918, 1.0, 0.29301900000000003]}"
Biplane,m1134_unified.obj,1186,2048,3,"{""min"": [-0.499932, -0.198948, -0.051892], ""max"": [0.500068, 0.349821, 0.091662], ""size"": [1.0, 0.5487690000000001, 0.143554]}"
Biplane,m1135_unified.obj,858,1320,3,"{""min"": [-0.499907, -0.289554, -0.080254], ""max"": [0.500093, 0.259998, 0.088451], ""size"": [1.0, 0.549552, 0.168705]}"
Biplane,m1136_unified.obj,3430,6512,3,"{""min"": [-0.177748, -0.499977, -0.090757], ""max"": [0.384536, 0.500023, 0.127317], ""size"": [0.562284, 1.0, 0.21807400000000002]}"
Biplane,m1137_unified.obj,1336,2096,3,"{""min"": [-0.498508, -0.15709, -0.083355], ""max"": [0.501492, 0.305129, 0.085801], ""size"": [1.0, 0.462219, 0.169156]}"
Biplane,m1138_unified.obj,2050,3452,3,"{""min"": [-0.356471, -0.488657, -0.232475], ""max"": [0.643529, 0.487214, 0.150972], ""size"": [1.0, 0.9758709999999999, 0.383447]}"
Biplane,m1139_unified.obj,2920,4234,3,"{""min"": [-0.499875, -0.364516, -0.134062], ""max"": [0.500125, 0.300532, 0.129835], ""size"": [1.0, 0.6650480000000001, 0.263897]}"
Biplane,m1141_unified.obj,2599,4964,3,"{""min"": [-0.500389, -0.161746, -0.124082], ""max"": [0.499611, 0.478569, 0.175498], ""size"": [1.0, 0.640315, 0.29957999999999996]}"
Biplane,m1143_unified.obj,2543,4778,3,"{""min"": [-0.499973, -0.19359, -0.101308], ""max"": [0.500027, 0.315319, 0.098744], ""size"": [1.0, 0.5089090000000001, 0.200052]}"
Biplane,m1144_unified.obj,2740,4988,3,"{""min"": [-0.184216, -0.502348, -0.119901], ""max"": [0.553864, 0.497652, 0.143982], ""size"": [0.7380800000000001, 1.0, 0.263883]}"
Biplane,m1146_unified.obj,1700,3015,3,"{""min"": [-0.456872, -0.449208, -0.075214], ""max"": [0.543128, 0.449192, 0.201742], ""size"": [1.0, 0.8984, 0.276956]}"
Bird,D00089_unified.obj,926,1848,3,"{""min"": [-0.5001, -0.275108, -0.123046], ""max"": [0.4999, 0.273703, 0.111663], ""size"": [1.0, 0.5488109999999999, 0.234709]}"
Bird,D00113_unified.obj,2520,5000,3,"{""min"": [-0.494434, -0.353552, -0.265448], ""max"": [0.505566, 0.475026, 0.300662], ""size"": [1.0, 0.828578, 0.56611]}"
Bird,D00164_unified.obj,2605,4982,3,"{""min"": [-0.498329, -0.226835, -0.066109], ""max"": [0.501671, 0.305467, 0.197842], ""size"": [1.0, 0.532302, 0.263951]}"
Bird,D00234_unified.obj,4953,9872,3,"{""min"": [-0.5, -0.465029, -0.073984], ""max"": [0.5, 0.331803, 0.24657], ""size"": [1.0, 0.796832, 0.320554]}"
Bird,D00271_unified.obj,2661,4956,3,"{""min"": [-0.497627, -0.33163, -0.087519], ""max"": [0.502373, 0.342887, 0.137798], ""size"": [1.0, 0.674517, 0.225317]}"
Bird,D00284_unified.obj,2494,4987,3,"{""min"": [-0.499057, -0.187031, -0.11682], ""max"": [0.500943, 0.277143, 0.118018], ""size"": [1.0, 0.464174, 0.234838]}"
Bird,D00323_unified.obj,882,1456,3,"{""min"": [-0.499857, -0.116302, -0.022567], ""max"": [0.500143, 0.148895, 0.021663], ""size"": [1.0, 0.265197, 0.044230000000000005]}"
Bird,D00386_unified.obj,1751,3498,3,"{""min"": [-0.499983, -0.131303, -0.046583], ""max"": [0.500017, 0.184663, 0.060329], ""size"": [1.0, 0.31596599999999997, 0.10691200000000001]}"
Bird,D00438_unified.obj,1824,3643,3,"{""min"": [-0.499599, -0.278679, -0.04388], ""max"": [0.500401, 0.189798, 0.083952], ""size"": [1.0, 0.46847700000000003, 0.127832]}"
Bird,D00442_unified.obj,2760,4959,3,"{""min"": [-0.497856, -0.313521, -0.177924], ""max"": [0.502144, 0.297501, 0.293058], ""size"": [1.0, 0.611022, 0.470982]}"
Bird,D00546_unified.obj,4238,8048,3,"{""min"": [-0.482053, -0.176984, -0.056791], ""max"": [0.517947, 0.16353, 0.142838], ""size"": [1.0, 0.340514, 0.199629]}"
Bird,D00599_unified.obj,1792,3564,3,"{""min"": [-0.499818, -0.16328, -0.033582], ""max"": [0.500182, 0.218792, 0.066659], ""size"": [1.0, 0.38207199999999997, 0.100241]}"
Bird,D00625_unified.obj,3504,5592,3,"{""min"": [-0.499935, -0.297069, -0.177767], ""max"": [0.500065, 0.395913, 0.277578], ""size"": [1.0, 0.692982, 0.455345]}"
Bird,D00689_unified.obj,2683,5388,3,"{""min"": [-0.500121, -0.149906, -0.11707], ""max"": [0.499879, 0.138, 0.145187], ""size"": [1.0, 0.287906, 0.262257]}"
Bird,D00736_unified.obj,2476,4922,3,"{""min"": [-0.500003, -0.215581, -0.045596], ""max"": [0.499997, 0.269883, 0.087744], ""size"": [1.0, 0.485464, 0.13334000000000001]}"
Bird,D00762_unified.obj,3794,7584,3,"{""min"": [-0.476972, -0.499996, -0.134059], ""max"": [0.396086, 0.500004, 0.234931], ""size"": [0.873058, 1.0, 0.36899000000000004]}"
Bird,D00862_unified.obj,3019,6022,3,"{""min"": [-0.50007, -0.190569, -0.078105], ""max"": [0.49993, 0.289888, 0.180202], ""size"": [1.0, 0.48045699999999997, 0.258307]}"
Bird,D00922_unified.obj,3594,7176,3,"{""min"": [-0.499037, -0.294642, -0.1544], ""max"": [0.500963, 0.475123, 0.305552], ""size"": [1.0, 0.769765, 0.459952]}"
Bird,D00961_unified.obj,1344,2672,3,"{""min"": [-0.499465, -0.221211, -0.043262], ""max"": [0.500535, 0.347633, 0.079609], ""size"": [1.0, 0.568844, 0.12287100000000001]}"
Bird,D00999_unified.obj,1489,2972,3,"{""min"": [-0.499997, -0.144454, -0.062164], ""max"": [0.500003, 0.194534, 0.082882], ""size"": [1.0, 0.338988, 0.145046]}"
Bird,m28_unified.obj,2553,4995,3,"{""min"": [-0.510849, -0.250843, -0.214532], ""max"": [0.489151, 0.258965, 0.218031], ""size"": [1.0, 0.509808, 0.43256300000000003]}"
Bird,m29_unified.obj,2972,5878,3,"{""min"": [-0.627053, -0.141455, -0.134557], ""max"": [0.372947, 0.37419, 0.134568], ""size"": [1.0, 0.515645, 0.269125]}"
Bird,m30_unified.obj,1559,3080,3,"{""min"": [-0.611875, -0.141942, -0.174586], ""max"": [0.388125, 0.338467, 0.174999], ""size"": [1.0, 0.48040900000000003, 0.349585]}"
Bird,m31_unified.obj,1802,3548,3,"{""min"": [-0.44846, -0.250895, -0.153165], ""max"": [0.55154, 0.250791, 0.285066], ""size"": [1.0, 0.501686, 0.438231]}"
Bird,m32_unified.obj,4498,8984,3,"{""min"": [-0.628529, -0.249031, -0.167704], ""max"": [0.371471, 0.279432, 0.167906], ""size"": [1.0, 0.528463, 0.33560999999999996]}"
Bird,m33_unified.obj,2562,5000,3,"{""min"": [-0.385425, -0.327777, -0.31941], ""max"": [0.556285, 0.672223, 0.322954], ""size"": [0.94171, 1.0, 0.642364]}"
Bird,m34_unified.obj,926,1848,3,"{""min"": [-0.500074, -0.275044, -0.123424], ""max"": [0.499926, 0.273435, 0.111796], ""size"": [1.0, 0.5484789999999999, 0.23522]}"
Bird,m35_unified.obj,2790,5576,3,"{""min"": [-0.375477, -0.461347, -0.304813], ""max"": [0.50458, 0.538653, 0.337706], ""size"": [0.8800570000000001, 1.0, 0.6425190000000001]}"
Bird,m36_unified.obj,1289,2503,3,"{""min"": [-0.334688, -0.601376, -0.216546], ""max"": [0.449971, 0.398624, 0.703378], ""size"": [0.784659, 1.0, 0.919924]}"
Bird,m37_unified.obj,2262,4520,3,"{""min"": [-0.502475, -0.294329, -0.186192], ""max"": [0.497525, 0.476256, 0.2301], ""size"": [1.0, 0.7705850000000001, 0.416292]}"
Bird,m38_unified.obj,1853,3699,3,"{""min"": [-0.5, -0.135999, -0.057195], ""max"": [0.5, 0.201422, 0.088504], ""size"": [1.0, 0.33742099999999997, 0.145699]}"
Bird,m39_unified.obj,2449,4624,3,"{""min"": [-0.317816, -0.499998, -0.092988], ""max"": [0.58396, 0.500002, 0.131163], ""size"": [0.901776, 1.0, 0.224151]}"
Bird,m40_unified.obj,2684,5390,3,"{""min"": [-0.500123, -0.149829, -0.117146], ""max"": [0.499877, 0.138184, 0.145036], ""size"": [1.0, 0.28801299999999996, 0.262182]}"
Bird,m41_unified.obj,1824,3643,3,"{""min"": [-0.499598, -0.27868, -0.043879], ""max"": [0.500402, 0.189799, 0.083952], ""size"": [1.0, 0.468479, 0.127831]}"
Bird,m42_unified.obj,452,861,3,"{""min"": [-0.507258, -0.151582, -0.101355], ""max"": [0.492742, 0.269546, 0.180734], ""size"": [1.0, 0.421128, 0.28208900000000003]}"
Bird,m43_unified.obj,132,216,3,"{""min"": [-0.323844, -0.448784, -0.140019], ""max"": [0.525484, 0.551216, 0.210071], ""size"": [0.849328, 1.0, 0.35009]}"
Bird,m44_unified.obj,1598,3192,3,"{""min"": [-0.233875, -0.500132, -0.097966], ""max"": [0.235197, 0.499868, 0.111489], ""size"": [0.469072, 1.0, 0.209455]}"
Bird,m45_unified.obj,2506,5000,3,"{""min"": [-0.498458, -0.187876, -0.116263], ""max"": [0.501542, 0.278437, 0.11896], ""size"": [1.0, 0.466313, 0.23522300000000002]}"
Bird,m47_unified.obj,362,660,3,"{""min"": [-0.500726, -0.240047, -0.048879], ""max"": [0.499274, 0.466223, 0.080487], ""size"": [1.0, 0.70627, 0.129366]}"
Bird,m48_unified.obj,1676,3287,3,"{""min"": [-0.383555, -0.243445, -0.170106], ""max"": [0.616445, 0.2476, 0.285417], ""size"": [1.0, 0.49104499999999995, 0.455523]}"
Bird,m49_unified.obj,2329,4364,3,"{""min"": [-0.279403, -0.44327, -0.334752], ""max"": [0.720597, 0.408001, 0.335444], ""size"": [1.0, 0.851271, 0.670196]}"
Bird,m50_unified.obj,366,728,3,"{""min"": [-0.440031, -0.259968, -0.208109], ""max"": [0.559969, 0.319234, 0.207998], ""size"": [1.0, 0.579202, 0.416107]}"
Bird,m51_unified.obj,1206,2392,3,"{""min"": [-0.320541, -0.279874, -0.191482], ""max"": [0.679459, 0.279552, 0.244657], ""size"": [1.0, 0.559426, 0.43613900000000005]}"
Bird,m52_unified.obj,1134,2240,3,"{""min"": [-0.418365, -0.268531, -0.48761], ""max"": [0.581635, 0.337712, 0.493881], ""size"": [1.0, 0.6062430000000001, 0.981491]}"
Bookset,D01009_unified.obj,444,881,3,"{""min"": [-0.273161, -0.503553, -0.111388], ""max"": [0.409996, 0.496447, 0.543803], ""size"": [0.683157, 1.0, 0.6551910000000001]}"
Bookset,D01013_unified.obj,888,1088,3,"{""min"": [-0.440902, -0.331462, -0.172796], ""max"": [0.559098, 0.3666, 0.352016], ""size"": [1.0, 0.698062, 0.5248120000000001]}"
Bookset,D01030_unified.obj,781,1500,3,"{""min"": [-0.382695, -0.373108, -0.389119], ""max"": [0.617305, 0.483148, 0.527343], ""size"": [1.0, 0.856256, 0.916462]}"
Bookset,D01038_unified.obj,2208,4325,3,"{""min"": [-0.4229, -0.181646, -0.100566], ""max"": [0.5771, 0.207494, 0.150754], ""size"": [1.0, 0.38914000000000004, 0.25132]}"
Bookset,D01042_unified.obj,2108,3092,3,"{""min"": [-0.206331, -0.354807, -0.415697], ""max"": [0.793669, 0.491755, 0.344754], ""size"": [1.0, 0.846562, 0.760451]}"
Bookset,D01050_unified.obj,530,1020,3,"{""min"": [-0.399332, -0.405838, -0.248596], ""max"": [0.600668, 0.477213, 0.464387], ""size"": [1.0, 0.883051, 0.712983]}"
Bookset,D01065_unified.obj,999,1224,3,"{""min"": [-0.429128, -0.310328, -0.165235], ""max"": [0.570872, 0.317834, 0.33808], ""size"": [1.0, 0.628162, 0.503315]}"
Bookset,D01078_unified.obj,1203,2202,3,"{""min"": [-0.461515, -0.233797, -0.171073], ""max"": [0.538485, 0.389897, 0.306749], ""size"": [1.0, 0.623694, 0.47782199999999997]}"
Bookset,D01096_unified.obj,624,832,3,"{""min"": [-0.510625, -0.274024, -0.194407], ""max"": [0.489375, 0.27881, 0.411804], ""size"": [1.0, 0.552834, 0.606211]}"
Bookset,D01108_unified.obj,1614,3116,3,"{""min"": [-0.319863, -0.498657, -0.197054], ""max"": [0.374092, 0.501343, 0.195966], ""size"": [0.693955, 1.0, 0.39302000000000004]}"
Bookset,D01109_unified.obj,1203,2202,3,"{""min"": [-0.569703, -0.419567, -0.298134], ""max"": [0.334189, 0.580433, 0.49696], ""size"": [0.9038919999999999, 1.0, 0.795094]}"
Bookset,D01110_unified.obj,623,1203,3,"{""min"": [-0.391773, -0.311634, -0.323806], ""max"": [0.608227, 0.46579, 0.468399], ""size"": [1.0, 0.777424, 0.792205]}"
Bookset,D01122_unified.obj,415,797,3,"{""min"": [-0.36368, -0.496468, -0.293846], ""max"": [0.358672, 0.503532, 0.369307], ""size"": [0.722352, 1.0, 0.663153]}"
Bookset,D01135_unified.obj,1645,3210,3,"{""min"": [-0.476029, -0.256852, -0.076075], ""max"": [0.523971, 0.257649, 0.223911], ""size"": [1.0, 0.5145010000000001, 0.299986]}"
Bookset,D01146_unified.obj,2291,2348,3,"{""min"": [-0.476669, -0.305242, -0.346802], ""max"": [0.523331, 0.507084, 0.508377], ""size"": [1.0, 0.812326, 0.8551789999999999]}"
Bookset,D01182_unified.obj,699,1312,3,"{""min"": [-0.477613, -0.349, -0.411499], ""max"": [0.49228, 0.651, 0.304182], ""size"": [0.969893, 1.0, 0.715681]}"
Bookset,D01183_unified.obj,891,1072,3,"{""min"": [-0.43655, -0.542227, -0.14555], ""max"": [0.420766, 0.457773, 0.529076], ""size"": [0.857316, 1.0, 0.674626]}"
Bookset,D01184_unified.obj,984,1919,3,"{""min"": [-0.429473, -0.350087, -0.119106], ""max"": [0.570527, 0.42526, 0.524609], ""size"": [1.0, 0.775347, 0.643715]}"
Bookset,D01190_unified.obj,2393,4612,3,"{""min"": [-0.501334, -0.177758, -0.110731], ""max"": [0.498666, 0.20523, 0.109571], ""size"": [1.0, 0.382988, 0.220302]}"
Bookset,D01199_unified.obj,976,1837,3,"{""min"": [-0.467381, -0.284312, -0.172767], ""max"": [0.532619, 0.430783, 0.443752], ""size"": [1.0, 0.715095, 0.616519]}"
Bottle,D00020_unified.obj,3422,6840,3,"{""min"": [-0.398496, -0.12477, -0.119983], ""max"": [0.601504, 0.125098, 0.134832], ""size"": [1.0, 0.24986799999999998, 0.254815]}"
Bottle,D00123_unified.obj,4178,8176,3,"{""min"": [-0.408005, -0.115294, -0.11659], ""max"": [0.591995, 0.116248, 0.115525], ""size"": [1.0, 0.231542, 0.23211500000000002]}"
Bottle,D00139_unified.obj,2452,4860,3,"{""min"": [-0.474427, -0.120359, -0.120712], ""max"": [0.525573, 0.120322, 0.124412], ""size"": [1.0, 0.24068099999999998, 0.245124]}"
Bottle,D00166_unified.obj,2568,4999,3,"{""min"": [-0.493187, -0.229865, -0.157848], ""max"": [0.506813, 0.232971, 0.165417], ""size"": [1.0, 0.462836, 0.323265]}"
Bottle,D00176_unified.obj,2502,5000,3,"{""min"": [-0.4501, -0.155746, -0.155629], ""max"": [0.5499, 0.156045, 0.156163], ""size"": [1.0, 0.311791, 0.31179199999999996]}"
Bottle,D00208_unified.obj,1824,3640,3,"{""min"": [-0.386553, -0.143922, -0.143991], ""max"": [0.613447, 0.144334, 0.143976], ""size"": [1.0, 0.28825599999999996, 0.287967]}"
Bottle,D00281_unified.obj,3560,7056,3,"{""min"": [-0.43662, -0.148442, -0.146042], ""max"": [0.56338, 0.154572, 0.15446], ""size"": [1.0, 0.303014, 0.300502]}"
Bottle,D00311_unified.obj,2900,5792,3,"{""min"": [-0.311895, -0.2011, -0.201], ""max"": [0.688105, 0.201098, 0.200999], ""size"": [1.0, 0.402198, 0.401999]}"
Bottle,D00347_unified.obj,2165,4438,3,"{""min"": [-0.59272, -0.135821, -0.134383], ""max"": [0.40728, 0.137292, 0.139193], ""size"": [1.0, 0.273113, 0.27357600000000004]}"
Bottle,D00350_unified.obj,1896,3684,3,"{""min"": [-0.186405, -0.132526, -0.131038], ""max"": [0.813595, 0.13145, 0.131472], ""size"": [1.0, 0.263976, 0.26251]}"
Bottle,D00390_unified.obj,1380,2742,3,"{""min"": [-0.572249, -0.257009, -0.256951], ""max"": [0.427751, 0.259624, 0.256946], ""size"": [1.0, 0.516633, 0.513897]}"
Bottle,D00451_unified.obj,2549,5000,3,"{""min"": [-0.374352, -0.197841, -0.198161], ""max"": [0.625648, 0.198834, 0.198052], ""size"": [1.0, 0.396675, 0.39621300000000004]}"
Bottle,D00679_unified.obj,2682,5000,3,"{""min"": [-0.517389, -0.154317, -0.154385], ""max"": [0.482611, 0.154199, 0.154322], ""size"": [1.0, 0.308516, 0.30870699999999995]}"
Bottle,D00696_unified.obj,2569,4999,3,"{""min"": [-0.437337, -0.121351, -0.121217], ""max"": [0.562663, 0.121539, 0.121651], ""size"": [1.0, 0.24289, 0.242868]}"
Bottle,D00711_unified.obj,689,1344,3,"{""min"": [-0.509966, -0.221396, -0.221338], ""max"": [0.490034, 0.221473, 0.221539], ""size"": [1.0, 0.442869, 0.442877]}"
Bottle,D00716_unified.obj,1714,3372,3,"{""min"": [-0.269834, -0.245036, -0.085941], ""max"": [0.730166, 0.252117, 0.086468], ""size"": [1.0, 0.49715299999999996, 0.172409]}"
Bottle,D00726_unified.obj,2582,5000,3,"{""min"": [-0.096304, -0.153882, -0.153524], ""max"": [0.903696, 0.153098, 0.151747], ""size"": [1.0, 0.30698000000000003, 0.30527099999999996]}"
Bottle,D00892_unified.obj,2474,4940,3,"{""min"": [-0.455416, -0.127103, -0.127584], ""max"": [0.544584, 0.126526, 0.126043], ""size"": [1.0, 0.253629, 0.253627]}"
Bottle,D00940_unified.obj,2493,4968,3,"{""min"": [-0.257272, -0.212699, -0.212418], ""max"": [0.742728, 0.212503, 0.21242], ""size"": [1.0, 0.42520199999999997, 0.424838]}"
Bottle,D00959_unified.obj,1847,3568,3,"{""min"": [-0.433299, -0.128927, -0.128744], ""max"": [0.566701, 0.127762, 0.128521], ""size"": [1.0, 0.256689, 0.25726499999999997]}"
Bottle,m482_unified.obj,2054,3800,3,"{""min"": [-0.259165, -0.143841, -0.145452], ""max"": [0.740835, 0.1582, 0.148896], ""size"": [1.0, 0.302041, 0.294348]}"
Bottle,m483_unified.obj,1357,2480,3,"{""min"": [-0.407686, -0.124125, -0.12443], ""max"": [0.592314, 0.12519, 0.125184], ""size"": [1.0, 0.249315, 0.249614]}"
Bottle,m484_unified.obj,1810,3552,3,"{""min"": [-0.374851, -0.13926, -0.139164], ""max"": [0.625149, 0.138651, 0.13921], ""size"": [1.0, 0.277911, 0.278374]}"
Bottle,m485_unified.obj,2004,3744,3,"{""min"": [-0.248309, -0.148759, -0.148254], ""max"": [0.751691, 0.14884, 0.149574], ""size"": [1.0, 0.297599, 0.297828]}"
Bottle,m486_unified.obj,2101,3894,3,"{""min"": [-0.166053, -0.148998, -0.151261], ""max"": [0.833947, 0.148968, 0.145449], ""size"": [1.0, 0.29796599999999995, 0.29671000000000003]}"
Bottle,m487_unified.obj,546,1050,3,"{""min"": [-0.198438, -0.151791, -0.147396], ""max"": [0.801562, 0.151525, 0.158079], ""size"": [1.0, 0.30331600000000003, 0.305475]}"
Bottle,m488_unified.obj,570,1136,3,"{""min"": [-0.332469, -0.181948, -0.183991], ""max"": [0.667531, 0.190904, 0.183992], ""size"": [1.0, 0.37285199999999996, 0.36798299999999995]}"
Bottle,m489_unified.obj,2168,4220,3,"{""min"": [-0.412231, -0.16639, -0.161357], ""max"": [0.587769, 0.166639, 0.166963], ""size"": [1.0, 0.333029, 0.32832]}"
Bottle,m490_unified.obj,2180,4240,3,"{""min"": [-0.375816, -0.176901, -0.176926], ""max"": [0.624184, 0.176941, 0.177203], ""size"": [1.0, 0.353842, 0.354129]}"
Bottle,m491_unified.obj,2083,3988,3,"{""min"": [-0.475877, -0.272716, -0.217075], ""max"": [0.524123, 0.273162, 0.240262], ""size"": [1.0, 0.5458780000000001, 0.457337]}"
Bottle,m492_unified.obj,1409,2816,3,"{""min"": [-0.426452, -0.1421, -0.142101], ""max"": [0.573548, 0.1421, 0.142102], ""size"": [1.0, 0.2842, 0.284203]}"
BuildingNonResidential,m382_unified.obj,872,1600,3,"{""min"": [-0.468609, -0.47425, -0.249046], ""max"": [0.468609, 0.52575, 0.468123], ""size"": [0.937218, 1.0, 0.717169]}"
BuildingNonResidential,m383_unified.obj,2328,4460,3,"{""min"": [-0.463299, -0.312574, -0.306153], ""max"": [0.536701, 0.335463, 0.315876], ""size"": [1.0, 0.648037, 0.6220289999999999]}"
BuildingNonResidential,m384_unified.obj,2984,4686,3,"{""min"": [-0.479759, -0.436762, -0.171403], ""max"": [0.520241, 0.479654, 0.095725], ""size"": [1.0, 0.916416, 0.26712800000000003]}"
BuildingNonResidential,m385_unified.obj,2246,3672,3,"{""min"": [-0.420131, -0.487158, -0.283019], ""max"": [0.503546, 0.512842, 0.374533], ""size"": [0.9236770000000001, 1.0, 0.657552]}"
BuildingNonResidential,m386_unified.obj,2032,4008,3,"{""min"": [-0.42907, -0.451584, -0.391873], ""max"": [0.551074, 0.458397, 0.608127], ""size"": [0.9801439999999999, 0.9099809999999999, 1.0]}"
BuildingNonResidential,m387_unified.obj,3328,6386,3,"{""min"": [-0.473869, -0.501642, -0.120717], ""max"": [0.502725, 0.498358, 0.295514], ""size"": [0.976594, 1.0, 0.416231]}"
BuildingNonResidential,m389_unified.obj,2509,5100,3,"{""min"": [-0.422219, -0.326963, -0.155657], ""max"": [0.577781, 0.331198, 0.599059], ""size"": [1.0, 0.658161, 0.7547159999999999]}"
BuildingNonResidential,m390_unified.obj,129,176,3,"{""min"": [-0.416101, -0.294217, -0.349672], ""max"": [0.583899, 0.597129, 0.318815], ""size"": [1.0, 0.891346, 0.668487]}"
BuildingNonResidential,m391_unified.obj,738,1096,3,"{""min"": [-0.314587, -0.292347, -0.373606], ""max"": [0.685413, 0.338423, 0.52357], ""size"": [1.0, 0.63077, 0.897176]}"
BuildingNonResidential,m392_unified.obj,128,241,3,"{""min"": [-0.35552, -0.482323, -0.138416], ""max"": [0.64448, 0.396664, 0.138417], ""size"": [1.0, 0.878987, 0.276833]}"
BuildingNonResidential,m393_unified.obj,781,1304,3,"{""min"": [-0.444157, -0.498934, -0.202206], ""max"": [0.432806, 0.501066, 0.464449], ""size"": [0.876963, 1.0, 0.666655]}"
BuildingNonResidential,m394_unified.obj,2588,4872,3,"{""min"": [-0.472642, -0.476752, -0.26586], ""max"": [0.488996, 0.483474, 0.73414], ""size"": [0.961638, 0.960226, 1.0]}"
BuildingNonResidential,m395_unified.obj,1948,2784,3,"{""min"": [-0.501967, -0.476863, -0.325645], ""max"": [0.495818, 0.472835, 0.674355], ""size"": [0.997785, 0.9496979999999999, 1.0]}"
BuildingNonResidential,m396_unified.obj,1355,1880,3,"{""min"": [-0.458233, -0.383609, -0.272101], ""max"": [0.460645, 0.523452, 0.727899], ""size"": [0.9188780000000001, 0.907061, 1.0]}"
BuildingNonResidential,m397_unified.obj,1362,2680,3,"{""min"": [-0.298659, -0.50246, -0.487857], ""max"": [0.661714, 0.496934, 0.512143], ""size"": [0.960373, 0.999394, 1.0]}"
BuildingNonResidential,m398_unified.obj,1902,3744,3,"{""min"": [-0.424243, -0.318834, -0.284501], ""max"": [0.427515, 0.681166, 0.305572], ""size"": [0.851758, 1.0, 0.5900730000000001]}"
BuildingNonResidential,m399_unified.obj,3106,4923,3,"{""min"": [-0.498059, -0.500036, -0.29354], ""max"": [0.499744, 0.499964, 0.293463], ""size"": [0.997803, 1.0, 0.5870029999999999]}"
BuildingNonResidential,m400_unified.obj,1740,3328,3,"{""min"": [-0.4112, -0.456218, -0.379108], ""max"": [0.5888, 0.486294, 0.447462], ""size"": [1.0, 0.942512, 0.82657]}"
BuildingNonResidential,m401_unified.obj,2689,4933,3,"{""min"": [-0.512878, -0.421862, -0.080278], ""max"": [0.487122, 0.577867, 0.125686], ""size"": [1.0, 0.9997290000000001, 0.20596399999999998]}"
BuildingNonResidential,m402_unified.obj,2446,4226,3,"{""min"": [-0.364249, -0.282889, -0.281084], ""max"": [0.635751, 0.388645, 0.342684], ""size"": [1.0, 0.6715340000000001, 0.623768]}"
BuildingNonResidential,m404_unified.obj,1051,1715,3,"{""min"": [-0.398126, -0.298446, -0.19141], ""max"": [0.601874, 0.479469, 0.216707], ""size"": [1.0, 0.7779149999999999, 0.408117]}"
BuildingNonResidential,m405_unified.obj,2558,4895,3,"{""min"": [-0.497718, -0.478953, -0.334952], ""max"": [0.502282, 0.49751, 0.500115], ""size"": [1.0, 0.9764630000000001, 0.835067]}"
BuildingNonResidential,m406_unified.obj,2769,4756,3,"{""min"": [-0.640266, -0.356289, -0.354104], ""max"": [0.359734, 0.371503, 0.359301], ""size"": [1.0, 0.727792, 0.713405]}"
BuildingNonResidential,m407_unified.obj,830,1521,3,"{""min"": [-0.430418, -0.384902, -0.406063], ""max"": [0.569582, 0.382576, 0.406866], ""size"": [1.0, 0.7674780000000001, 0.812929]}"
BuildingNonResidential,m408_unified.obj,4808,9356,3,"{""min"": [-0.486897, -0.314188, -0.37265], ""max"": [0.513103, 0.314239, 0.249704], ""size"": [1.0, 0.6284270000000001, 0.622354]}"
BuildingNonResidential,m409_unified.obj,4976,7938,3,"{""min"": [-0.179181, -0.194433, -0.135843], ""max"": [0.820819, 0.408937, 0.114119], ""size"": [1.0, 0.60337, 0.249962]}"
BuildingNonResidential,m410_unified.obj,4339,8304,3,"{""min"": [-0.501743, -0.462636, -0.10185], ""max"": [0.498257, 0.523568, 0.237467], ""size"": [1.0, 0.9862040000000001, 0.339317]}"
BuildingNonResidential,m412_unified.obj,1990,2812,3,"{""min"": [-0.476912, -0.229313, -0.049258], ""max"": [0.523088, 0.296379, 0.059142], ""size"": [1.0, 0.525692, 0.1084]}"
BuildingNonResidential,m413_unified.obj,2600,4973,3,"{""min"": [-0.374531, -0.454049, -0.492163], ""max"": [0.53428, 0.450186, 0.507837], ""size"": [0.908811, 0.9042349999999999, 1.0]}"
BuildingNonResidential,m414_unified.obj,3972,7776,3,"{""min"": [-0.5, -0.5, -0.352185], ""max"": [0.5, 0.5, 0.383715], ""size"": [1.0, 1.0, 0.7359]}"
BuildingNonResidential,m415_unified.obj,1882,3664,3,"{""min"": [-0.360934, -0.364896, -0.242879], ""max"": [0.639066, 0.364895, 0.24867], ""size"": [1.0, 0.7297910000000001, 0.491549]}"
BuildingNonResidential,m416_unified.obj,2699,4996,3,"{""min"": [-0.499716, -0.258367, -0.202983], ""max"": [0.500284, 0.258943, 0.206567], ""size"": [1.0, 0.5173099999999999, 0.40954999999999997]}"
BuildingNonResidential,m418_unified.obj,1576,2836,3,"{""min"": [-0.499896, -0.323739, -0.363245], ""max"": [0.500104, 0.327816, 0.362291], ""size"": [1.0, 0.651555, 0.725536]}"
BuildingNonResidential,m420_unified.obj,3043,4974,3,"{""min"": [-0.409332, -0.348046, -0.225492], ""max"": [0.590668, 0.370926, 0.157457], ""size"": [1.0, 0.7189719999999999, 0.382949]}"
BuildingNonResidential,m421_unified.obj,3044,5000,3,"{""min"": [-0.498777, -0.305525, -0.149418], ""max"": [0.501223, 0.29309, 0.174612], ""size"": [1.0, 0.598615, 0.32403]}"
BuildingNonResidential,m470_unified.obj,2672,5000,3,"{""min"": [-0.171389, -0.10216, -0.081529], ""max"": [0.501644, 0.89784, 0.095037], ""size"": [0.673033, 1.0, 0.176566]}"
BuildingNonResidential,m471_unified.obj,480,958,3,"{""min"": [-0.304183, -0.093465, -0.113703], ""max"": [0.695817, 0.160557, 0.124946], ""size"": [1.0, 0.254022, 0.238649]}"
BuildingNonResidential,m472_unified.obj,1414,2816,3,"{""min"": [-0.420949, -0.242868, -0.239019], ""max"": [0.579051, 0.235436, 0.23902], ""size"": [1.0, 0.478304, 0.478039]}"
BuildingNonResidential,m474_unified.obj,1361,2670,3,"{""min"": [-0.499327, -0.496485, -0.149996], ""max"": [0.500673, 0.49724, 0.657478], ""size"": [1.0, 0.993725, 0.807474]}"
BuildingNonResidential,m475_unified.obj,396,704,3,"{""min"": [-0.49997, -0.346755, -0.259891], ""max"": [0.50003, 0.296148, 0.506059], ""size"": [1.0, 0.642903, 0.76595]}"
BuildingNonResidential,m477_unified.obj,3771,6824,3,"{""min"": [-0.357766, -0.200895, -0.175783], ""max"": [0.642234, 0.200844, 0.170604], ""size"": [1.0, 0.40173899999999996, 0.346387]}"
BuildingNonResidential,m478_unified.obj,1750,2980,3,"{""min"": [-0.497406, -0.420022, -0.032779], ""max"": [0.502594, 0.422802, 0.118008], ""size"": [1.0, 0.842824, 0.150787]}"
BuildingNonResidential,m479_unified.obj,2316,4224,3,"{""min"": [-0.5, -0.260338, -0.136615], ""max"": [0.5, 0.260329, 0.15107], ""size"": [1.0, 0.520667, 0.28768499999999997]}"
BuildingNonResidential,m481_unified.obj,1684,3032,3,"{""min"": [-0.499985, -0.5, -0.060859], ""max"": [0.500015, 0.5, 0.137347], ""size"": [1.0, 1.0, 0.198206]}"
Bus,D00084_unified.obj,12892,24563,3,"{""min"": [-0.51888, -0.109195, -0.080063], ""max"": [0.48112, 0.110496, 0.193418], ""size"": [1.0, 0.219691, 0.273481]}"
Bus,D00114_unified.obj,7634,14946,3,"{""min"": [-0.473049, -0.256, -0.162266], ""max"": [0.526951, 0.334294, 0.1595], ""size"": [1.0, 0.590294, 0.321766]}"
Bus,D00151_unified.obj,9374,16245,3,"{""min"": [-0.551325, -0.158205, -0.168933], ""max"": [0.448675, 0.172709, 0.200103], ""size"": [1.0, 0.33091400000000004, 0.36903600000000003]}"
Bus,D00179_unified.obj,5974,11221,3,"{""min"": [-0.508276, -0.132878, -0.176498], ""max"": [0.491724, 0.122189, 0.133381], ""size"": [1.0, 0.255067, 0.309879]}"
Bus,D00182_unified.obj,13422,25286,3,"{""min"": [-0.4314, -0.110837, -0.115683], ""max"": [0.5686, 0.105025, 0.160631], ""size"": [1.0, 0.215862, 0.276314]}"
Bus,D00264_unified.obj,11082,21594,3,"{""min"": [-0.436955, -0.137712, -0.087398], ""max"": [0.563045, 0.145819, 0.210276], ""size"": [1.0, 0.283531, 0.297674]}"
Bus,D00411_unified.obj,4963,9819,3,"{""min"": [-0.518327, -0.170893, -0.131975], ""max"": [0.481673, 0.168701, 0.139026], ""size"": [1.0, 0.33959399999999995, 0.27100100000000005]}"
Bus,D00436_unified.obj,4587,9305,3,"{""min"": [-0.451058, -0.158071, -0.117166], ""max"": [0.548942, 0.168758, 0.19324], ""size"": [1.0, 0.326829, 0.310406]}"
Bus,D00446_unified.obj,4915,9345,3,"{""min"": [-0.468978, -0.174282, -0.10901], ""max"": [0.531022, 0.151426, 0.097501], ""size"": [1.0, 0.325708, 0.206511]}"
Bus,D00448_unified.obj,7363,13127,3,"{""min"": [-0.453647, -0.166363, -0.163612], ""max"": [0.546353, 0.176831, 0.261683], ""size"": [1.0, 0.343194, 0.425295]}"
Bus,D00483_unified.obj,5982,8331,3,"{""min"": [-0.451632, -0.209677, -0.187236], ""max"": [0.548368, 0.218659, 0.232928], ""size"": [1.0, 0.428336, 0.420164]}"
Bus,D00516_unified.obj,4096,7979,3,"{""min"": [-0.396103, -0.141332, -0.132193], ""max"": [0.603897, 0.175316, 0.189405], ""size"": [1.0, 0.31664800000000004, 0.321598]}"
Bus,D00677_unified.obj,11923,21408,3,"{""min"": [-0.498093, -0.254713, -0.203246], ""max"": [0.501907, 0.214515, 0.21181], ""size"": [1.0, 0.46922800000000003, 0.415056]}"
Bus,D00754_unified.obj,8840,16379,3,"{""min"": [-0.410617, -0.095832, -0.090228], ""max"": [0.589383, 0.102818, 0.234807], ""size"": [1.0, 0.19865, 0.32503499999999996]}"
Bus,D00769_unified.obj,8900,16280,3,"{""min"": [-0.455353, -0.100806, -0.098351], ""max"": [0.544647, 0.300777, 0.104735], ""size"": [1.0, 0.401583, 0.203086]}"
Bus,D00775_unified.obj,9504,17614,3,"{""min"": [-0.502202, -0.215465, -0.136829], ""max"": [0.497798, 0.190715, 0.132237], ""size"": [1.0, 0.40618, 0.269066]}"
Bus,D00815_unified.obj,7063,13299,3,"{""min"": [-0.445057, -0.128726, -0.106233], ""max"": [0.554943, 0.117179, 0.2244], ""size"": [1.0, 0.245905, 0.33063299999999995]}"
Bus,D00823_unified.obj,7364,14087,3,"{""min"": [-0.456755, -0.148413, -0.088086], ""max"": [0.543245, 0.152524, 0.200765], ""size"": [1.0, 0.300937, 0.28885099999999997]}"
Bus,D00832_unified.obj,3132,6103,3,"{""min"": [-0.422179, -0.167206, -0.217876], ""max"": [0.577821, 0.182256, 0.243269], ""size"": [1.0, 0.349462, 0.461145]}"
Bus,D00857_unified.obj,5192,8740,3,"{""min"": [-0.506702, -0.128745, -0.156183], ""max"": [0.493298, 0.138253, 0.160563], ""size"": [1.0, 0.26699799999999996, 0.31674599999999997]}"
Car,D00168_unified.obj,2679,4999,3,"{""min"": [-0.43099, -0.184236, -0.134919], ""max"": [0.56901, 0.187682, 0.19482], ""size"": [1.0, 0.37191799999999997, 0.329739]}"
Car,D00236_unified.obj,4064,4356,3,"{""min"": [-0.491825, -0.220335, -0.255769], ""max"": [0.508175, 0.229227, 0.252343], ""size"": [1.0, 0.449562, 0.508112]}"
Car,D00260_unified.obj,4689,4771,3,"{""min"": [-0.462765, -0.23911, -0.168628], ""max"": [0.537235, 0.240361, 0.252466], ""size"": [1.0, 0.479471, 0.421094]}"
Car,D00265_unified.obj,2725,4999,3,"{""min"": [-0.486985, -0.199486, -0.134142], ""max"": [0.513015, 0.200322, 0.169924], ""size"": [1.0, 0.399808, 0.304066]}"
Car,D00299_unified.obj,2567,4927,3,"{""min"": [-0.527162, -0.328774, -0.234006], ""max"": [0.472838, 0.337071, 0.284644], ""size"": [1.0, 0.665845, 0.51865]}"
Car,D00377_unified.obj,2498,4999,3,"{""min"": [-0.400056, -0.237396, -0.128105], ""max"": [0.599944, 0.237023, 0.152871], ""size"": [1.0, 0.47441900000000004, 0.280976]}"
Car,D00405_unified.obj,2379,4226,3,"{""min"": [-0.522106, -0.240164, -0.204892], ""max"": [0.477894, 0.245619, 0.25612], ""size"": [1.0, 0.48578299999999996, 0.461012]}"
Car,D00452_unified.obj,2450,4815,3,"{""min"": [-0.466787, -0.269698, -0.184926], ""max"": [0.533213, 0.266723, 0.247021], ""size"": [1.0, 0.536421, 0.43194699999999997]}"
Car,D00504_unified.obj,2459,4407,3,"{""min"": [-0.502332, -0.261991, -0.118788], ""max"": [0.497668, 0.272389, 0.184759], ""size"": [1.0, 0.53438, 0.303547]}"
Car,D00541_unified.obj,2956,4770,3,"{""min"": [-0.476348, -0.237967, -0.201945], ""max"": [0.523652, 0.234124, 0.230927], ""size"": [1.0, 0.47209100000000004, 0.43287200000000003]}"
Car,D00618_unified.obj,3506,5877,3,"{""min"": [-0.496074, -0.19529, -0.098713], ""max"": [0.503926, 0.200846, 0.16393], ""size"": [1.0, 0.396136, 0.26264299999999996]}"
Car,D00670_unified.obj,2884,4869,3,"{""min"": [-0.462243, -0.183104, -0.135765], ""max"": [0.537757, 0.190538, 0.14717], ""size"": [1.0, 0.37364200000000003, 0.282935]}"
Car,D00671_unified.obj,2916,4854,3,"{""min"": [-0.432441, -0.181357, -0.137328], ""max"": [0.567559, 0.191531, 0.197894], ""size"": [1.0, 0.372888, 0.335222]}"
Car,D00724_unified.obj,3502,4970,3,"{""min"": [-0.482438, -0.232016, -0.218844], ""max"": [0.517562, 0.231987, 0.224481], ""size"": [1.0, 0.464003, 0.443325]}"
Car,D00767_unified.obj,2626,5000,3,"{""min"": [-0.509542, -0.213537, -0.168518], ""max"": [0.490458, 0.217636, 0.209138], ""size"": [1.0, 0.43117300000000003, 0.377656]}"
Car,D00785_unified.obj,3441,4999,3,"{""min"": [-0.507025, -0.216607, -0.201318], ""max"": [0.492975, 0.224055, 0.205497], ""size"": [1.0, 0.440662, 0.40681500000000004]}"
Car,D00793_unified.obj,2770,4992,3,"{""min"": [-0.467057, -0.220401, -0.118627], ""max"": [0.532943, 0.226496, 0.188895], ""size"": [1.0, 0.446897, 0.307522]}"
Car,D00803_unified.obj,2373,4615,3,"{""min"": [-0.483649, -0.154787, -0.110386], ""max"": [0.516351, 0.163125, 0.11728], ""size"": [1.0, 0.317912, 0.22766599999999998]}"
Car,D00865_unified.obj,2755,4760,3,"{""min"": [-0.511951, -0.190771, -0.152254], ""max"": [0.488049, 0.192737, 0.23197], ""size"": [1.0, 0.38350799999999996, 0.384224]}"
Car,D00976_unified.obj,4065,4644,3,"{""min"": [-0.425447, -0.277633, -0.149816], ""max"": [0.574553, 0.278041, 0.250534], ""size"": [1.0, 0.555674, 0.40035]}"
Car,m1485_unified.obj,2478,4999,3,"{""min"": [-0.479373, -0.211839, -0.195526], ""max"": [0.520627, 0.231568, 0.268554], ""size"": [1.0, 0.443407, 0.46408000000000005]}"
Car,m1486_unified.obj,2595,4999,3,"{""min"": [-0.473954, -0.220751, -0.193272], ""max"": [0.526046, 0.219644, 0.211116], ""size"": [1.0, 0.440395, 0.40438799999999997]}"
Car,m1487_unified.obj,2236,4377,3,"{""min"": [-0.458786, -0.239587, -0.153445], ""max"": [0.541214, 0.238829, 0.241192], ""size"": [1.0, 0.478416, 0.394637]}"
Car,m1488_unified.obj,2710,4933,3,"{""min"": [-0.496054, -0.277918, -0.264415], ""max"": [0.503946, 0.296373, 0.278814], ""size"": [1.0, 0.574291, 0.543229]}"
Car,m1489_unified.obj,1684,3352,3,"{""min"": [-0.469174, -0.249184, -0.195833], ""max"": [0.530826, 0.247965, 0.298318], ""size"": [1.0, 0.49714899999999995, 0.494151]}"
Car,m1490_unified.obj,2868,5566,3,"{""min"": [-0.447988, -0.259902, -0.181561], ""max"": [0.552012, 0.261308, 0.248182], ""size"": [1.0, 0.52121, 0.429743]}"
Car,m1492_unified.obj,2974,5000,3,"{""min"": [-0.567168, -0.247866, -0.185554], ""max"": [0.432832, 0.252747, 0.3895], ""size"": [1.0, 0.500613, 0.575054]}"
Car,m1495_unified.obj,2617,4808,3,"{""min"": [-0.461477, -0.224326, -0.117812], ""max"": [0.538523, 0.224584, 0.23314], ""size"": [1.0, 0.44891000000000003, 0.350952]}"
Car,m1496_unified.obj,2532,5000,3,"{""min"": [-0.505564, -0.181677, -0.158629], ""max"": [0.494436, 0.184824, 0.192019], ""size"": [1.0, 0.36650099999999997, 0.35064799999999996]}"
Car,m1497_unified.obj,2531,4990,3,"{""min"": [-0.320631, -0.164749, -0.11878], ""max"": [0.679369, 0.169512, 0.226377], ""size"": [1.0, 0.33426100000000003, 0.345157]}"
Car,m1498_unified.obj,2598,4622,3,"{""min"": [-0.418485, -0.183364, -0.112603], ""max"": [0.581515, 0.185431, 0.183754], ""size"": [1.0, 0.368795, 0.296357]}"
Car,m1499_unified.obj,2044,3761,3,"{""min"": [-0.414941, -0.261454, -0.179094], ""max"": [0.585059, 0.264168, 0.203133], ""size"": [1.0, 0.525622, 0.382227]}"
Car,m1500_unified.obj,1644,3260,3,"{""min"": [-0.413463, -0.212127, -0.132025], ""max"": [0.586537, 0.212127, 0.248493], ""size"": [1.0, 0.424254, 0.380518]}"
Car,m1502_unified.obj,3307,4860,3,"{""min"": [-0.478535, -0.249156, -0.102179], ""max"": [0.521465, 0.251429, 0.111843], ""size"": [1.0, 0.5005850000000001, 0.214022]}"
Car,m1503_unified.obj,1675,1956,3,"{""min"": [-0.212126, -0.093879, -0.121493], ""max"": [0.787874, 0.094007, 0.044351], ""size"": [1.0, 0.187886, 0.165844]}"
Car,m1504_unified.obj,1621,2933,3,"{""min"": [-0.50955, -0.222641, -0.0859], ""max"": [0.49045, 0.222603, 0.119429], ""size"": [1.0, 0.445244, 0.20532899999999998]}"
Car,m1505_unified.obj,2847,4789,3,"{""min"": [-0.451955, -0.192122, -0.075384], ""max"": [0.548045, 0.192502, 0.123386], ""size"": [1.0, 0.38462399999999997, 0.19877]}"
Car,m1506_unified.obj,2793,4951,3,"{""min"": [-0.537115, -0.282352, -0.112209], ""max"": [0.462885, 0.282161, 0.157553], ""size"": [1.0, 0.564513, 0.269762]}"
Car,m1507_unified.obj,2606,4997,3,"{""min"": [-0.56309, -0.215971, -0.0774], ""max"": [0.43691, 0.217722, 0.125004], ""size"": [1.0, 0.433693, 0.202404]}"
Car,m1508_unified.obj,2873,3333,3,"{""min"": [-0.464623, -0.207214, -0.073833], ""max"": [0.535377, 0.211134, 0.128012], ""size"": [1.0, 0.418348, 0.201845]}"
Car,m1509_unified.obj,2473,4962,3,"{""min"": [-0.423437, -0.27941, -0.139703], ""max"": [0.576563, 0.277565, 0.241747], ""size"": [1.0, 0.556975, 0.38144999999999996]}"
Car,m1510_unified.obj,2388,4999,3,"{""min"": [-0.500904, -0.235696, -0.099024], ""max"": [0.499096, 0.248714, 0.148134], ""size"": [1.0, 0.48441, 0.247158]}"
Car,m1511_unified.obj,2519,4971,3,"{""min"": [-0.437741, -0.291518, -0.082774], ""max"": [0.562259, 0.290465, 0.153279], ""size"": [1.0, 0.5819829999999999, 0.236053]}"
Car,m1512_unified.obj,3103,4968,3,"{""min"": [-0.484171, -0.185852, -0.088961], ""max"": [0.515829, 0.186687, 0.149678], ""size"": [1.0, 0.37253899999999995, 0.238639]}"
Car,m1513_unified.obj,3263,5000,3,"{""min"": [-0.383222, -0.217625, -0.08801], ""max"": [0.616778, 0.216907, 0.203278], ""size"": [1.0, 0.43453200000000003, 0.291288]}"
Car,m1514_unified.obj,2714,5000,3,"{""min"": [-0.461428, -0.215728, -0.105149], ""max"": [0.538572, 0.248566, 0.137269], ""size"": [1.0, 0.464294, 0.24241800000000002]}"
Car,m1515_unified.obj,874,1564,3,"{""min"": [-0.432384, -0.245073, -0.110986], ""max"": [0.567616, 0.24517, 0.119027], ""size"": [1.0, 0.490243, 0.230013]}"
Car,m1516_unified.obj,2329,4593,3,"{""min"": [-0.462532, -0.206443, -0.11013], ""max"": [0.537468, 0.20916, 0.171439], ""size"": [1.0, 0.415603, 0.281569]}"
Car,m1517_unified.obj,2614,4965,3,"{""min"": [-0.460373, -0.218712, -0.115914], ""max"": [0.539627, 0.216939, 0.201241], ""size"": [1.0, 0.435651, 0.317155]}"
Car,m1518_unified.obj,2618,4986,3,"{""min"": [-0.5133, -0.200264, -0.117595], ""max"": [0.4867, 0.201522, 0.194083], ""size"": [1.0, 0.401786, 0.311678]}"
Car,m1519_unified.obj,2604,4999,3,"{""min"": [-0.469818, -0.184369, -0.116478], ""max"": [0.530182, 0.186168, 0.147245], ""size"": [1.0, 0.370537, 0.263723]}"
Car,m1521_unified.obj,1198,2296,3,"{""min"": [-0.47631, -0.203415, -0.100664], ""max"": [0.52369, 0.203219, 0.166971], ""size"": [1.0, 0.40663400000000005, 0.267635]}"
Car,m1522_unified.obj,2676,4713,3,"{""min"": [-0.431243, -0.201256, -0.113902], ""max"": [0.568757, 0.200567, 0.162444], ""size"": [1.0, 0.401823, 0.276346]}"
Car,m1523_unified.obj,1830,3640,3,"{""min"": [-0.500817, -0.206589, -0.102364], ""max"": [0.499183, 0.206644, 0.166132], ""size"": [1.0, 0.41323299999999996, 0.268496]}"
Car,m1524_unified.obj,1517,3014,3,"{""min"": [-0.491257, -0.211273, -0.121518], ""max"": [0.508743, 0.211273, 0.214209], ""size"": [1.0, 0.422546, 0.335727]}"
Car,m1525_unified.obj,2266,4324,3,"{""min"": [-0.462321, -0.223833, -0.117504], ""max"": [0.537679, 0.223186, 0.231813], ""size"": [1.0, 0.447019, 0.349317]}"
Car,m1526_unified.obj,1184,2240,3,"{""min"": [-0.466112, -0.213102, -0.108145], ""max"": [0.533888, 0.213369, 0.170954], ""size"": [1.0, 0.42647100000000004, 0.279099]}"
Car,m1527_unified.obj,2532,4908,3,"{""min"": [-0.422113, -0.212459, -0.115821], ""max"": [0.577887, 0.219716, 0.168635], ""size"": [1.0, 0.432175, 0.284456]}"
Car,m1528_unified.obj,2397,4475,3,"{""min"": [-0.48243, -0.184618, -0.10243], ""max"": [0.51757, 0.184218, 0.169385], ""size"": [1.0, 0.368836, 0.27181500000000003]}"
Car,m1529_unified.obj,2864,4968,3,"{""min"": [-0.470802, -0.205603, -0.113859], ""max"": [0.529198, 0.217559, 0.214015], ""size"": [1.0, 0.42316200000000004, 0.327874]}"
Car,m1530_unified.obj,4814,9095,3,"{""min"": [-0.487081, -0.196898, -0.145946], ""max"": [0.512919, 0.196857, 0.146555], ""size"": [1.0, 0.39375499999999997, 0.292501]}"
Car,m1531_unified.obj,2170,4060,3,"{""min"": [-0.48456, -0.185581, -0.121946], ""max"": [0.51544, 0.18554, 0.197908], ""size"": [1.0, 0.37112100000000003, 0.31985399999999997]}"
Car,m1532_unified.obj,389,536,3,"{""min"": [-0.504921, -0.222135, -0.118451], ""max"": [0.495079, 0.227285, 0.280096], ""size"": [1.0, 0.44942, 0.398547]}"
Car,m1533_unified.obj,2606,4972,3,"{""min"": [-0.466517, -0.188521, -0.125138], ""max"": [0.533483, 0.190223, 0.155577], ""size"": [1.0, 0.37874399999999997, 0.280715]}"
Car,m1535_unified.obj,2653,4964,3,"{""min"": [-0.4532, -0.182054, -0.128627], ""max"": [0.5468, 0.185583, 0.154681], ""size"": [1.0, 0.367637, 0.283308]}"
Car,m1536_unified.obj,1503,2993,3,"{""min"": [-0.460418, -0.214982, -0.108866], ""max"": [0.539582, 0.23349, 0.171137], ""size"": [1.0, 0.448472, 0.280003]}"
Car,m1538_unified.obj,1830,3640,3,"{""min"": [-0.500817, -0.20657, -0.102349], ""max"": [0.499183, 0.206618, 0.166117], ""size"": [1.0, 0.413188, 0.268466]}"
Car,m1539_unified.obj,2496,5000,3,"{""min"": [-0.398529, -0.23717, -0.128044], ""max"": [0.601471, 0.237249, 0.152684], ""size"": [1.0, 0.474419, 0.280728]}"
Car,m1540_unified.obj,2559,5000,3,"{""min"": [-0.43548, -0.207928, -0.101891], ""max"": [0.56452, 0.20878, 0.154943], ""size"": [1.0, 0.41670799999999997, 0.256834]}"
Car,m1542_unified.obj,2681,4855,3,"{""min"": [-0.48859, -0.235981, -0.132842], ""max"": [0.51141, 0.235466, 0.209131], ""size"": [1.0, 0.471447, 0.34197299999999997]}"
Car,m1543_unified.obj,1311,2173,3,"{""min"": [-0.439422, -0.227107, -0.14571], ""max"": [0.560578, 0.227126, 0.137704], ""size"": [1.0, 0.454233, 0.283414]}"
Car,m1544_unified.obj,2067,3220,3,"{""min"": [-0.327441, -0.221895, -0.087978], ""max"": [0.672559, 0.216557, 0.137955], ""size"": [1.0, 0.438452, 0.225933]}"
Car,m1545_unified.obj,2822,4652,3,"{""min"": [-0.452742, -0.222588, -0.114073], ""max"": [0.547258, 0.224438, 0.151287], ""size"": [1.0, 0.44702600000000003, 0.26536]}"
Car,m1546_unified.obj,2984,4935,3,"{""min"": [-0.496448, -0.285811, -0.136495], ""max"": [0.503552, 0.289391, 0.121564], ""size"": [1.0, 0.575202, 0.25805900000000004]}"
Car,m1547_unified.obj,929,1760,3,"{""min"": [-0.520879, -0.290981, -0.115085], ""max"": [0.479121, 0.288918, 0.125597], ""size"": [1.0, 0.5798989999999999, 0.240682]}"
Car,m1548_unified.obj,2822,4652,3,"{""min"": [-0.452742, -0.222588, -0.114073], ""max"": [0.547258, 0.224438, 0.151287], ""size"": [1.0, 0.44702600000000003, 0.26536]}"
Car,m1550_unified.obj,2668,5000,3,"{""min"": [-0.480658, -0.223946, -0.118775], ""max"": [0.519342, 0.22694, 0.142732], ""size"": [1.0, 0.450886, 0.261507]}"
Car,m1551_unified.obj,2813,4819,3,"{""min"": [-0.460422, -0.219694, -0.115041], ""max"": [0.539578, 0.228069, 0.145224], ""size"": [1.0, 0.447763, 0.26026499999999997]}"
Car,m1552_unified.obj,2510,5000,3,"{""min"": [-0.476461, -0.206972, -0.121204], ""max"": [0.523539, 0.207003, 0.193392], ""size"": [1.0, 0.413975, 0.314596]}"
Car,m1553_unified.obj,4369,7456,3,"{""min"": [-0.475655, -0.235543, -0.143803], ""max"": [0.524345, 0.236074, 0.159697], ""size"": [1.0, 0.471617, 0.3035]}"
Car,m1555_unified.obj,2853,5000,3,"{""min"": [-0.534418, -0.152517, -0.158715], ""max"": [0.465582, 0.17883, 0.275531], ""size"": [1.0, 0.331347, 0.434246]}"
Car,m1556_unified.obj,33617,56873,3,"{""min"": [-0.488708, -0.183042, -0.167304], ""max"": [0.511292, 0.183007, 0.169698], ""size"": [1.0, 0.366049, 0.337002]}"
Car,m1557_unified.obj,2658,5000,3,"{""min"": [-0.46037, -0.203658, -0.15925], ""max"": [0.53963, 0.204615, 0.222865], ""size"": [1.0, 0.408273, 0.382115]}"
Car,m1558_unified.obj,3295,4815,3,"{""min"": [-0.472011, -0.168425, -0.134432], ""max"": [0.527989, 0.17092, 0.17001], ""size"": [1.0, 0.339345, 0.304442]}"
Car,m1559_unified.obj,2679,4999,3,"{""min"": [-0.474101, -0.197472, -0.251901], ""max"": [0.525899, 0.215811, 0.335881], ""size"": [1.0, 0.413283, 0.587782]}"
Car,m1560_unified.obj,2388,4936,3,"{""min"": [-0.488894, -0.316502, -0.236723], ""max"": [0.511106, 0.326425, 0.45094], ""size"": [1.0, 0.642927, 0.687663]}"
Car,m1561_unified.obj,1189,2189,3,"{""min"": [-0.588513, -0.257347, -0.261485], ""max"": [0.411487, 0.258086, 0.209815], ""size"": [1.0, 0.515433, 0.47130000000000005]}"
Car,m1562_unified.obj,3368,5000,3,"{""min"": [-0.494927, -0.328848, -0.425296], ""max"": [0.505073, 0.329151, 0.251593], ""size"": [1.0, 0.657999, 0.6768890000000001]}"
Car,m1563_unified.obj,2305,4432,3,"{""min"": [-0.46862, -0.354015, -0.192757], ""max"": [0.53138, 0.355276, 0.316296], ""size"": [1.0, 0.709291, 0.509053]}"
Cellphone,D00018_unified.obj,2932,5000,3,"{""min"": [-0.321405, -0.19428, -0.109722], ""max"": [0.678595, 0.200522, 0.147825], ""size"": [1.0, 0.394802, 0.257547]}"
Cellphone,D00032_unified.obj,5016,9918,3,"{""min"": [-0.355403, -0.230287, -0.085156], ""max"": [0.644597, 0.234612, 0.089078], ""size"": [1.0, 0.46489899999999995, 0.174234]}"
Cellphone,D00079_unified.obj,3046,4997,3,"{""min"": [-0.463091, -0.196937, -0.062348], ""max"": [0.536909, 0.199851, 0.159293], ""size"": [1.0, 0.39678800000000003, 0.22164099999999998]}"
Cellphone,D00152_unified.obj,3976,4999,3,"{""min"": [-0.447235, -0.227778, -0.074005], ""max"": [0.552765, 0.231272, 0.051376], ""size"": [1.0, 0.45905, 0.125381]}"
Cellphone,D00192_unified.obj,4800,9520,3,"{""min"": [-0.342207, -0.210184, -0.037694], ""max"": [0.657793, 0.216081, 0.1065], ""size"": [1.0, 0.426265, 0.144194]}"
Cellphone,D00248_unified.obj,2462,4849,3,"{""min"": [-0.3636, -0.230114, -0.048261], ""max"": [0.6364, 0.20963, 0.100632], ""size"": [1.0, 0.439744, 0.148893]}"
Cellphone,D00312_unified.obj,1332,2576,3,"{""min"": [-0.15946, -0.11834, -0.007867], ""max"": [0.84054, 0.195027, 0.027859], ""size"": [1.0, 0.313367, 0.035726]}"
Cellphone,D00327_unified.obj,2705,4929,3,"{""min"": [-0.400918, -0.196671, -0.053219], ""max"": [0.599082, 0.213289, 0.135144], ""size"": [1.0, 0.40996, 0.188363]}"
Cellphone,D00362_unified.obj,2641,4983,3,"{""min"": [-0.392646, -0.265357, -0.045255], ""max"": [0.607354, 0.265669, 0.058011], ""size"": [1.0, 0.531026, 0.103266]}"
Cellphone,D00369_unified.obj,3581,6938,3,"{""min"": [-0.584039, -0.144977, -0.109259], ""max"": [0.415961, 0.157284, 0.089916], ""size"": [1.0, 0.302261, 0.199175]}"
Cellphone,D00440_unified.obj,2908,5686,3,"{""min"": [-0.36881, -0.121218, -0.074347], ""max"": [0.63119, 0.137064, 0.076463], ""size"": [1.0, 0.258282, 0.15081]}"
Cellphone,D00527_unified.obj,4001,4700,3,"{""min"": [-0.360217, -0.229431, -0.041184], ""max"": [0.639783, 0.235426, 0.154013], ""size"": [1.0, 0.46485699999999996, 0.195197]}"
Cellphone,D00542_unified.obj,13821,27567,3,"{""min"": [-0.213003, -0.632299, -0.104594], ""max"": [0.193687, 0.367701, 0.051263], ""size"": [0.40669, 1.0, 0.15585700000000002]}"
Cellphone,D00554_unified.obj,2890,4868,3,"{""min"": [-0.402369, -0.247035, -0.057299], ""max"": [0.597631, 0.222666, 0.126993], ""size"": [1.0, 0.46970100000000004, 0.184292]}"
Cellphone,D00559_unified.obj,2527,5956,3,"{""min"": [-0.417233, -0.177356, -0.049115], ""max"": [0.582767, 0.16796, 0.143873], ""size"": [1.0, 0.345316, 0.192988]}"
Cellphone,D00817_unified.obj,2605,4963,3,"{""min"": [-0.48557, -0.233783, -0.040223], ""max"": [0.51443, 0.241335, 0.112392], ""size"": [1.0, 0.475118, 0.152615]}"
Cellphone,D00848_unified.obj,2721,4999,3,"{""min"": [-0.409274, -0.166704, -0.065332], ""max"": [0.590726, 0.194282, 0.082049], ""size"": [1.0, 0.36098600000000003, 0.14738099999999998]}"
Cellphone,D00902_unified.obj,2288,4580,3,"{""min"": [-0.468452, -0.251829, -0.096037], ""max"": [0.531548, 0.253003, 0.139701], ""size"": [1.0, 0.504832, 0.235738]}"
Cellphone,D00979_unified.obj,2524,5956,3,"{""min"": [-0.417723, -0.177596, -0.04897], ""max"": [0.582277, 0.167523, 0.144161], ""size"": [1.0, 0.345119, 0.193131]}"
Cellphone,D00997_unified.obj,2506,5000,3,"{""min"": [-0.404187, -0.170489, -0.100296], ""max"": [0.595813, 0.194942, 0.106764], ""size"": [1.0, 0.365431, 0.20706]}"
Chess,D01017_unified.obj,1514,3024,3,"{""min"": [-0.497447, -0.304127, -0.315786], ""max"": [0.502553, 0.326884, 0.312214], ""size"": [1.0, 0.631011, 0.628]}"
Chess,D01019_unified.obj,1658,3312,3,"{""min"": [-0.414322, -0.217649, -0.220873], ""max"": [0.585678, 0.223073, 0.219891], ""size"": [1.0, 0.440722, 0.44076400000000004]}"
Chess,D01021_unified.obj,1474,2944,3,"{""min"": [-0.472198, -0.25631, -0.256309], ""max"": [0.527802, 0.256309, 0.256309], ""size"": [1.0, 0.5126189999999999, 0.512618]}"
Chess,D01043_unified.obj,1548,3084,3,"{""min"": [-0.508003, -0.190774, -0.187934], ""max"": [0.491997, 0.185605, 0.188434], ""size"": [1.0, 0.376379, 0.376368]}"
Chess,D01045_unified.obj,1542,3080,3,"{""min"": [-0.442266, -0.200023, -0.200023], ""max"": [0.557734, 0.200023, 0.200023], ""size"": [1.0, 0.400046, 0.400046]}"
Chess,D01049_unified.obj,844,1676,3,"{""min"": [-0.471478, -0.193357, -0.203227], ""max"": [0.528522, 0.218413, 0.202666], ""size"": [1.0, 0.41176999999999997, 0.405893]}"
Chess,D01053_unified.obj,345,672,3,"{""min"": [-0.528059, -0.352777, -0.315679], ""max"": [0.471941, 0.332835, 0.316029], ""size"": [1.0, 0.685612, 0.6317079999999999]}"
Chess,D01080_unified.obj,994,1984,3,"{""min"": [-0.403163, -0.223241, -0.223241], ""max"": [0.596837, 0.223241, 0.223241], ""size"": [1.0, 0.446482, 0.446482]}"
Chess,D01081_unified.obj,2502,5000,3,"{""min"": [-0.408472, -0.278843, -0.277518], ""max"": [0.591528, 0.278963, 0.279699], ""size"": [1.0, 0.557806, 0.557217]}"
Chess,D01099_unified.obj,2386,4750,3,"{""min"": [-0.447121, -0.334528, -0.302693], ""max"": [0.552879, 0.344993, 0.305122], ""size"": [1.0, 0.679521, 0.607815]}"
Chess,D01105_unified.obj,1122,2240,3,"{""min"": [-0.462768, -0.216695, -0.216695], ""max"": [0.537232, 0.216695, 0.216695], ""size"": [1.0, 0.43339, 0.43339]}"
Chess,D01112_unified.obj,4722,9440,3,"{""min"": [-0.448974, -0.220127, -0.220127], ""max"": [0.551026, 0.220127, 0.220127], ""size"": [1.0, 0.440254, 0.440254]}"
Chess,D01123_unified.obj,1554,3104,3,"{""min"": [-0.42032, -0.209785, -0.217513], ""max"": [0.57968, 0.223783, 0.216093], ""size"": [1.0, 0.433568, 0.43360600000000005]}"
Chess,D01126_unified.obj,3202,6400,3,"{""min"": [-0.485886, -0.259888, -0.259887], ""max"": [0.514114, 0.259887, 0.259887], ""size"": [1.0, 0.519775, 0.519774]}"
Chess,D01130_unified.obj,1282,2560,3,"{""min"": [-0.45185, -0.21008, -0.210079], ""max"": [0.54815, 0.210081, 0.210079], ""size"": [1.0, 0.420161, 0.420158]}"
Chess,D01138_unified.obj,1658,3312,3,"{""min"": [-0.414322, -0.217649, -0.220874], ""max"": [0.585678, 0.223074, 0.219892], ""size"": [1.0, 0.440723, 0.440766]}"
Chess,D01145_unified.obj,1554,3104,3,"{""min"": [-0.42032, -0.209786, -0.217513], ""max"": [0.57968, 0.223784, 0.216094], ""size"": [1.0, 0.43357, 0.433607]}"
Chess,D01171_unified.obj,2502,5000,3,"{""min"": [-0.35387, -0.325955, -0.327465], ""max"": [0.64613, 0.326793, 0.325213], ""size"": [1.0, 0.652748, 0.652678]}"
Chess,D01186_unified.obj,610,1216,3,"{""min"": [-0.498223, -0.263879, -0.263879], ""max"": [0.501777, 0.263879, 0.263879], ""size"": [1.0, 0.527758, 0.527758]}"
Chess,D01188_unified.obj,962,1920,3,"{""min"": [-0.500802, -0.411337, -0.411337], ""max"": [0.499198, 0.411337, 0.411337], ""size"": [1.0, 0.822674, 0.822674]}"
Chess,m1589_unified.obj,2550,4984,3,"{""min"": [-0.498765, -0.130115, -0.112949], ""max"": [0.496173, 0.869885, 0.152182], ""size"": [0.994938, 1.0, 0.265131]}"
Chess,m1591_unified.obj,2587,4994,3,"{""min"": [-0.500093, -0.499395, -0.090985], ""max"": [0.499892, 0.500605, 0.159246], ""size"": [0.999985, 1.0, 0.250231]}"
Chess,m1593_unified.obj,2658,4920,3,"{""min"": [-0.499201, -0.498748, -0.104043], ""max"": [0.500799, 0.500244, 0.150181], ""size"": [1.0, 0.9989920000000001, 0.254224]}"
Chess,m1595_unified.obj,2307,4168,3,"{""min"": [-0.49474, -0.407778, -0.065302], ""max"": [0.50526, 0.58865, 0.09886], ""size"": [1.0, 0.996428, 0.164162]}"
Chess,m1596_unified.obj,2725,4999,3,"{""min"": [-0.46373, -0.301192, -0.072717], ""max"": [0.53627, 0.285417, 0.067416], ""size"": [1.0, 0.5866089999999999, 0.140133]}"
Chess,m1598_unified.obj,4722,9440,3,"{""min"": [-0.448974, -0.220134, -0.220134], ""max"": [0.551026, 0.220134, 0.220134], ""size"": [1.0, 0.440268, 0.440268]}"
Chess,m1599_unified.obj,994,1984,3,"{""min"": [-0.403163, -0.223241, -0.223241], ""max"": [0.596837, 0.223241, 0.223241], ""size"": [1.0, 0.446482, 0.446482]}"
Chess,m1600_unified.obj,1658,3312,3,"{""min"": [-0.414322, -0.217649, -0.220873], ""max"": [0.585678, 0.223073, 0.219891], ""size"": [1.0, 0.440722, 0.44076400000000004]}"
Chess,m1601_unified.obj,2502,5000,3,"{""min"": [-0.408349, -0.27823, -0.27736], ""max"": [0.591651, 0.279589, 0.279078], ""size"": [1.0, 0.557819, 0.556438]}"
Chess,m1602_unified.obj,1542,3080,3,"{""min"": [-0.442266, -0.200023, -0.200023], ""max"": [0.557734, 0.200023, 0.200023], ""size"": [1.0, 0.400046, 0.400046]}"
Chess,m1603_unified.obj,1548,3084,3,"{""min"": [-0.508003, -0.190774, -0.187934], ""max"": [0.491997, 0.185605, 0.188434], ""size"": [1.0, 0.376379, 0.376368]}"
Chess,m1604_unified.obj,844,1676,3,"{""min"": [-0.471478, -0.193357, -0.203227], ""max"": [0.528522, 0.218413, 0.202666], ""size"": [1.0, 0.41176999999999997, 0.405893]}"
Chess,m1605_unified.obj,345,672,3,"{""min"": [-0.528059, -0.352777, -0.315679], ""max"": [0.471941, 0.332835, 0.316029], ""size"": [1.0, 0.685612, 0.6317079999999999]}"
Chess,m1606_unified.obj,2386,4750,3,"{""min"": [-0.447121, -0.334528, -0.302693], ""max"": [0.552879, 0.344993, 0.305122], ""size"": [1.0, 0.679521, 0.607815]}"
Chess,m1607_unified.obj,3202,6400,3,"{""min"": [-0.485886, -0.259888, -0.259887], ""max"": [0.514114, 0.259887, 0.259887], ""size"": [1.0, 0.519775, 0.519774]}"
Chess,m1608_unified.obj,962,1920,3,"{""min"": [-0.500802, -0.42105, -0.42105], ""max"": [0.499198, 0.42105, 0.42105], ""size"": [1.0, 0.8421, 0.8421]}"
Chess,m1609_unified.obj,610,1216,3,"{""min"": [-0.498223, -0.263879, -0.263878], ""max"": [0.501777, 0.263879, 0.263879], ""size"": [1.0, 0.527758, 0.527757]}"
Chess,m1610_unified.obj,2503,5000,3,"{""min"": [-0.354521, -0.324939, -0.322794], ""max"": [0.645479, 0.327093, 0.32937], ""size"": [1.0, 0.652032, 0.652164]}"
Chess,m1611_unified.obj,1474,2944,3,"{""min"": [-0.472198, -0.256286, -0.256285], ""max"": [0.527802, 0.256285, 0.256285], ""size"": [1.0, 0.512571, 0.51257]}"
Chess,m1612_unified.obj,1282,2560,3,"{""min"": [-0.45185, -0.21008, -0.210079], ""max"": [0.54815, 0.210081, 0.210079], ""size"": [1.0, 0.420161, 0.420158]}"
Chess,m1613_unified.obj,1122,2240,3,"{""min"": [-0.462768, -0.216695, -0.216695], ""max"": [0.537232, 0.216695, 0.216695], ""size"": [1.0, 0.43339, 0.43339]}"
Chess,m1614_unified.obj,1554,3104,3,"{""min"": [-0.42032, -0.209785, -0.217512], ""max"": [0.57968, 0.223783, 0.216093], ""size"": [1.0, 0.433568, 0.433605]}"
City,D01001_unified.obj,4604,4912,3,"{""min"": [-0.464358, -0.51305, -0.207533], ""max"": [0.294406, 0.48695, 0.12427], ""size"": [0.758764, 1.0, 0.331803]}"
City,D01007_unified.obj,3153,3017,3,"{""min"": [-0.215737, -0.601559, -0.442502], ""max"": [0.784263, 0.343845, 0.210048], ""size"": [1.0, 0.9454039999999999, 0.65255]}"
City,D01010_unified.obj,3322,5129,3,"{""min"": [-0.371629, -0.369326, -0.165278], ""max"": [0.628371, 0.487537, 0.199077], ""size"": [1.0, 0.8568629999999999, 0.364355]}"
City,D01018_unified.obj,3834,4977,3,"{""min"": [-0.418279, -0.504032, -0.032896], ""max"": [0.581721, 0.441667, 0.164327], ""size"": [1.0, 0.9456990000000001, 0.197223]}"
City,D01039_unified.obj,4686,8043,3,"{""min"": [-0.499284, -0.422026, -0.020534], ""max"": [0.500716, 0.522635, 0.020436], ""size"": [1.0, 0.944661, 0.04097]}"
City,D01056_unified.obj,4859,6589,3,"{""min"": [-0.50893, -0.29955, -0.12329], ""max"": [0.49107, 0.565311, 0.390048], ""size"": [1.0, 0.864861, 0.513338]}"
City,D01066_unified.obj,3394,4881,3,"{""min"": [-0.43851, -0.344012, -0.024027], ""max"": [0.56149, 0.51559, 0.058822], ""size"": [1.0, 0.859602, 0.082849]}"
City,D01068_unified.obj,3094,4897,3,"{""min"": [-0.46406, -0.331841, -0.037001], ""max"": [0.53594, 0.404596, 0.1388], ""size"": [1.0, 0.736437, 0.175801]}"
City,D01079_unified.obj,2986,3483,3,"{""min"": [-0.568547, -0.501861, -0.025303], ""max"": [0.386113, 0.498139, 0.034291], ""size"": [0.9546600000000001, 1.0, 0.059594]}"
City,D01090_unified.obj,3002,4947,3,"{""min"": [-0.45042, -0.440518, -0.025273], ""max"": [0.54958, 0.509859, 0.047794], ""size"": [1.0, 0.950377, 0.07306700000000001]}"
City,D01091_unified.obj,4488,8254,3,"{""min"": [-0.657327, -0.302437, -0.06756], ""max"": [0.342673, 0.226679, 0.180378], ""size"": [1.0, 0.529116, 0.247938]}"
City,D01092_unified.obj,3753,5168,3,"{""min"": [-0.467711, -0.456978, -0.081688], ""max"": [0.529794, 0.543022, 0.176506], ""size"": [0.997505, 1.0, 0.258194]}"
City,D01101_unified.obj,6777,3529,3,"{""min"": [-0.38066, -0.180598, -0.033626], ""max"": [0.61934, 0.360215, 0.066003], ""size"": [1.0, 0.540813, 0.09962900000000001]}"
City,D01103_unified.obj,2273,2909,3,"{""min"": [-0.360129, -0.193281, -0.061501], ""max"": [0.639871, 0.329213, 0.108313], ""size"": [1.0, 0.522494, 0.16981400000000002]}"
City,D01124_unified.obj,3006,4762,3,"{""min"": [-0.278128, -0.426976, -0.068527], ""max"": [0.721872, 0.371466, 0.253617], ""size"": [1.0, 0.7984420000000001, 0.322144]}"
City,D01133_unified.obj,2938,4964,3,"{""min"": [-0.41449, -0.502547, -0.070003], ""max"": [0.58551, 0.496964, 0.201001], ""size"": [1.0, 0.999511, 0.271004]}"
City,D01173_unified.obj,2341,4217,3,"{""min"": [-0.439442, -0.491317, -0.00618], ""max"": [0.560558, 0.501383, 0.026144], ""size"": [1.0, 0.9927, 0.032324]}"
City,D01181_unified.obj,5135,5327,3,"{""min"": [-0.313425, -0.163118, -0.100013], ""max"": [0.342271, 0.836882, 0.188506], ""size"": [0.6556960000000001, 1.0, 0.288519]}"
City,D01192_unified.obj,6071,4871,3,"{""min"": [-0.478573, -0.333185, -0.127976], ""max"": [0.521427, 0.388365, 0.210724], ""size"": [1.0, 0.72155, 0.3387]}"
City,D01195_unified.obj,8172,4972,3,"{""min"": [-0.484948, -0.400861, -0.017313], ""max"": [0.515052, 0.403735, 0.155771], ""size"": [1.0, 0.8045960000000001, 0.173084]}"
City,m1652_unified.obj,2273,2909,3,"{""min"": [-0.360129, -0.193281, -0.061501], ""max"": [0.639871, 0.329213, 0.108313], ""size"": [1.0, 0.522494, 0.16981400000000002]}"
City,m1654_unified.obj,3095,4896,3,"{""min"": [-0.46428, -0.332154, -0.037039], ""max"": [0.53572, 0.404712, 0.138798], ""size"": [1.0, 0.736866, 0.17583700000000002]}"
City,m1659_unified.obj,2934,4964,3,"{""min"": [-0.413586, -0.502397, -0.069997], ""max"": [0.586414, 0.497131, 0.201302], ""size"": [1.0, 0.999528, 0.271299]}"
City,m1660_unified.obj,2341,4217,3,"{""min"": [-0.439442, -0.491317, -0.00618], ""max"": [0.560558, 0.501383, 0.026144], ""size"": [1.0, 0.9927, 0.032324]}"
City,m1661_unified.obj,4682,8041,3,"{""min"": [-0.499031, -0.421969, -0.020517], ""max"": [0.500969, 0.522423, 0.020459], ""size"": [1.0, 0.9443919999999999, 0.040976]}"
City,m1662_unified.obj,2987,3480,3,"{""min"": [-0.568239, -0.501416, -0.025279], ""max"": [0.385591, 0.498584, 0.034298], ""size"": [0.9538300000000001, 1.0, 0.059577000000000005]}"
City,m1664_unified.obj,3322,5130,3,"{""min"": [-0.371629, -0.369326, -0.165278], ""max"": [0.628371, 0.487537, 0.199077], ""size"": [1.0, 0.8568629999999999, 0.364355]}"
ClassicPiano,D00005_unified.obj,626,1206,3,"{""min"": [-0.376829, -0.355794, -0.354926], ""max"": [0.623171, 0.371317, 0.557951], ""size"": [1.0, 0.7271110000000001, 0.9128769999999999]}"
ClassicPiano,D00009_unified.obj,2027,3982,3,"{""min"": [-0.388434, -0.247135, -0.324649], ""max"": [0.611566, 0.459779, 0.249406], ""size"": [1.0, 0.706914, 0.574055]}"
ClassicPiano,D00034_unified.obj,1611,3231,3,"{""min"": [-0.277441, -0.250924, -0.218821], ""max"": [0.611779, 0.749076, 0.17021], ""size"": [0.8892199999999999, 1.0, 0.389031]}"
ClassicPiano,D00092_unified.obj,5901,10703,3,"{""min"": [-0.330788, -0.351082, -0.403495], ""max"": [0.669212, 0.431992, 0.533236], ""size"": [1.0, 0.783074, 0.936731]}"
ClassicPiano,D00120_unified.obj,891,1698,3,"{""min"": [-0.587237, -0.203081, -0.356703], ""max"": [0.412763, 0.615932, 0.408198], ""size"": [1.0, 0.819013, 0.764901]}"
ClassicPiano,D00190_unified.obj,1572,3102,3,"{""min"": [-0.33737, -0.317606, -0.215633], ""max"": [0.66263, 0.465421, 0.362998], ""size"": [1.0, 0.7830269999999999, 0.578631]}"
ClassicPiano,D00233_unified.obj,5203,9052,3,"{""min"": [-0.28573, -0.364542, -0.226696], ""max"": [0.71427, 0.334673, 0.287449], ""size"": [1.0, 0.6992149999999999, 0.5141450000000001]}"
ClassicPiano,D00254_unified.obj,1333,2416,3,"{""min"": [-0.331844, -0.256094, -0.254087], ""max"": [0.668156, 0.325112, 0.27748], ""size"": [1.0, 0.581206, 0.531567]}"
ClassicPiano,D00279_unified.obj,7251,13777,3,"{""min"": [-0.361893, -0.231187, -0.37466], ""max"": [0.638107, 0.34057, 0.298923], ""size"": [1.0, 0.571757, 0.673583]}"
ClassicPiano,D00305_unified.obj,1710,3301,3,"{""min"": [-0.374486, -0.304613, -0.244625], ""max"": [0.625514, 0.265635, 0.211036], ""size"": [1.0, 0.5702480000000001, 0.455661]}"
ClassicPiano,D00314_unified.obj,6800,10292,3,"{""min"": [-0.469558, -0.344022, -0.386175], ""max"": [0.530442, 0.442422, 0.464341], ""size"": [1.0, 0.7864439999999999, 0.850516]}"
ClassicPiano,D00561_unified.obj,1820,2968,3,"{""min"": [-0.346414, -0.344058, -0.288976], ""max"": [0.653586, 0.345306, 0.352242], ""size"": [1.0, 0.689364, 0.6412180000000001]}"
ClassicPiano,D00579_unified.obj,2369,3966,3,"{""min"": [-0.306736, -0.269608, -0.346069], ""max"": [0.693264, 0.315396, 0.297115], ""size"": [1.0, 0.5850040000000001, 0.643184]}"
ClassicPiano,D00605_unified.obj,8121,15106,3,"{""min"": [-0.343989, -0.296916, -0.427183], ""max"": [0.590386, 0.703084, 0.376779], ""size"": [0.934375, 1.0, 0.803962]}"
ClassicPiano,D00784_unified.obj,5002,9231,3,"{""min"": [-0.278283, -0.370578, -0.374316], ""max"": [0.721717, 0.358269, 0.292944], ""size"": [1.0, 0.728847, 0.66726]}"
ClassicPiano,D00789_unified.obj,3135,4964,3,"{""min"": [-0.186719, -0.295434, -0.381562], ""max"": [0.813281, 0.295919, 0.28587], ""size"": [1.0, 0.591353, 0.667432]}"
ClassicPiano,D00811_unified.obj,615,1148,3,"{""min"": [-0.361563, -0.408685, -0.445779], ""max"": [0.638437, 0.359462, 0.35126], ""size"": [1.0, 0.768147, 0.797039]}"
ClassicPiano,D00845_unified.obj,750,1094,3,"{""min"": [-0.3932, -0.370096, -0.382296], ""max"": [0.6068, 0.565416, 0.522848], ""size"": [1.0, 0.935512, 0.905144]}"
ClassicPiano,D00967_unified.obj,1420,2678,3,"{""min"": [-0.471708, -0.242756, -0.162141], ""max"": [0.528292, 0.559231, 0.34925], ""size"": [1.0, 0.801987, 0.511391]}"
ClassicPiano,D00983_unified.obj,723,1244,3,"{""min"": [-0.461312, -0.352495, -0.247914], ""max"": [0.538688, 0.433951, 0.308831], ""size"": [1.0, 0.786446, 0.556745]}"
Computer,D01002_unified.obj,2591,5109,3,"{""min"": [-0.485799, -0.37138, -0.176156], ""max"": [0.514201, 0.537594, 0.352444], ""size"": [1.0, 0.908974, 0.5286]}"
Computer,D01023_unified.obj,2880,4988,3,"{""min"": [-0.377872, -0.154705, -0.230436], ""max"": [0.622128, 0.770276, 0.268841], ""size"": [1.0, 0.9249809999999999, 0.49927699999999997]}"
Computer,D01026_unified.obj,1536,3040,3,"{""min"": [-0.436995, -0.320161, -0.231059], ""max"": [0.563005, 0.409984, 0.387085], ""size"": [1.0, 0.730145, 0.618144]}"
Computer,D01028_unified.obj,2503,4217,3,"{""min"": [-0.406848, -0.18824, -0.177672], ""max"": [0.593152, 0.465422, 0.424859], ""size"": [1.0, 0.653662, 0.6025309999999999]}"
Computer,D01033_unified.obj,2986,5666,3,"{""min"": [-0.258602, -0.44652, -0.332992], ""max"": [0.630273, 0.55348, 0.41362], ""size"": [0.888875, 1.0, 0.746612]}"
Computer,D01037_unified.obj,486,936,3,"{""min"": [-0.447912, -0.482531, -0.40958], ""max"": [0.392134, 0.517469, 0.554437], ""size"": [0.840046, 1.0, 0.9640169999999999]}"
Computer,D01067_unified.obj,2761,4999,3,"{""min"": [-0.270185, -0.339393, -0.261145], ""max"": [0.729815, 0.538574, 0.485415], ""size"": [1.0, 0.8779669999999999, 0.74656]}"
Computer,D01070_unified.obj,2568,5000,3,"{""min"": [-0.282918, -0.216763, -0.178671], ""max"": [0.717082, 0.625729, 0.178391], ""size"": [1.0, 0.842492, 0.357062]}"
Computer,D01071_unified.obj,99,172,3,"{""min"": [-0.4449, -0.348685, -0.341183], ""max"": [0.5551, 0.344933, 0.203959], ""size"": [1.0, 0.6936180000000001, 0.545142]}"
Computer,D01072_unified.obj,1256,2472,3,"{""min"": [-0.516912, -0.416833, -0.412203], ""max"": [0.483088, 0.51063, 0.355627], ""size"": [1.0, 0.927463, 0.76783]}"
Computer,D01073_unified.obj,2584,4999,3,"{""min"": [-0.489297, -0.278334, -0.50615], ""max"": [0.439809, 0.721666, 0.441867], ""size"": [0.929106, 1.0, 0.948017]}"
Computer,D01082_unified.obj,3401,4724,3,"{""min"": [-0.463013, -0.356846, -0.414858], ""max"": [0.324382, 0.61935, 0.585142], ""size"": [0.7873950000000001, 0.976196, 1.0]}"
Computer,D01085_unified.obj,160,304,3,"{""min"": [-0.350608, -0.322476, -0.312013], ""max"": [0.649392, 0.32412, 0.467541], ""size"": [1.0, 0.646596, 0.779554]}"
Computer,D01098_unified.obj,2455,4368,3,"{""min"": [-0.507373, -0.390104, -0.295739], ""max"": [0.492627, 0.543963, 0.491374], ""size"": [1.0, 0.934067, 0.787113]}"
Computer,D01100_unified.obj,2986,5666,3,"{""min"": [-0.258584, -0.446495, -0.332981], ""max"": [0.630264, 0.553505, 0.413599], ""size"": [0.8888480000000001, 1.0, 0.74658]}"
Computer,D01102_unified.obj,79,120,3,"{""min"": [-0.474589, -0.275429, -0.16091], ""max"": [0.525411, 0.276988, 0.169979], ""size"": [1.0, 0.5524169999999999, 0.330889]}"
Computer,D01115_unified.obj,3012,4999,3,"{""min"": [-0.34383, -0.358911, -0.269756], ""max"": [0.65617, 0.571405, 0.519938], ""size"": [1.0, 0.930316, 0.789694]}"
Computer,D01128_unified.obj,2735,4959,3,"{""min"": [-0.460636, -0.407726, -0.382269], ""max"": [0.453242, 0.592274, 0.319615], ""size"": [0.913878, 1.0, 0.701884]}"
Computer,D01164_unified.obj,2673,5270,3,"{""min"": [-0.468967, -0.330148, -0.100328], ""max"": [0.531033, 0.400388, 0.345566], ""size"": [1.0, 0.7305360000000001, 0.445894]}"
Computer,D01185_unified.obj,984,1824,3,"{""min"": [-0.595726, -0.291167, -0.419616], ""max"": [0.404274, 0.579416, 0.524715], ""size"": [1.0, 0.8705830000000001, 0.944331]}"
Computer,m1764_unified.obj,2455,4368,3,"{""min"": [-0.507373, -0.390104, -0.295739], ""max"": [0.492627, 0.543963, 0.491374], ""size"": [1.0, 0.934067, 0.787113]}"
Computer,m1765_unified.obj,79,120,3,"{""min"": [-0.474589, -0.275429, -0.16091], ""max"": [0.525411, 0.276988, 0.169979], ""size"": [1.0, 0.5524169999999999, 0.330889]}"
Computer,m1766_unified.obj,99,172,3,"{""min"": [-0.4449, -0.348685, -0.341183], ""max"": [0.5551, 0.344933, 0.203959], ""size"": [1.0, 0.6936180000000001, 0.545142]}"
Computer,m1767_unified.obj,2591,5109,3,"{""min"": [-0.485799, -0.37138, -0.176156], ""max"": [0.514201, 0.537594, 0.352444], ""size"": [1.0, 0.908974, 0.5286]}"
Computer,m1769_unified.obj,160,304,3,"{""min"": [-0.350608, -0.322476, -0.312012], ""max"": [0.649392, 0.32412, 0.467541], ""size"": [1.0, 0.646596, 0.7795529999999999]}"
Computer,m1770_unified.obj,2986,5666,3,"{""min"": [-0.258601, -0.44652, -0.332992], ""max"": [0.630273, 0.55348, 0.413621], ""size"": [0.8888739999999999, 1.0, 0.746613]}"
Computer,m1772_unified.obj,2733,4957,3,"{""min"": [-0.45538, -0.405919, -0.395665], ""max"": [0.472988, 0.594081, 0.329938], ""size"": [0.9283680000000001, 1.0, 0.725603]}"
Computer,m1773_unified.obj,2503,4217,3,"{""min"": [-0.406848, -0.18824, -0.177671], ""max"": [0.593152, 0.465422, 0.424859], ""size"": [1.0, 0.653662, 0.60253]}"
Computer,m1774_unified.obj,1070,2096,3,"{""min"": [-0.577266, -0.317427, -0.38833], ""max"": [0.422734, 0.504585, 0.529895], ""size"": [1.0, 0.822012, 0.9182250000000001]}"
Computer,m1775_unified.obj,1536,3040,3,"{""min"": [-0.436995, -0.320161, -0.231059], ""max"": [0.563005, 0.409985, 0.387085], ""size"": [1.0, 0.730146, 0.618144]}"
Computer,m1776_unified.obj,984,1824,3,"{""min"": [-0.595726, -0.291167, -0.419616], ""max"": [0.404274, 0.579416, 0.524715], ""size"": [1.0, 0.8705830000000001, 0.944331]}"
Computer,m1777_unified.obj,1256,2472,3,"{""min"": [-0.516912, -0.416833, -0.412203], ""max"": [0.483088, 0.51063, 0.355627], ""size"": [1.0, 0.927463, 0.76783]}"
Computer,m1778_unified.obj,2761,4999,3,"{""min"": [-0.266966, -0.338299, -0.264379], ""max"": [0.733034, 0.542956, 0.486944], ""size"": [1.0, 0.881255, 0.751323]}"
ComputerKeyboard,D00116_unified.obj,805,4113,3,"{""min"": [-0.535381, -0.16686, -0.014634], ""max"": [0.464619, 0.208891, 0.033559], ""size"": [1.0, 0.375751, 0.048193]}"
ComputerKeyboard,D00127_unified.obj,701,1114,3,"{""min"": [-0.504163, -0.123181, -0.004712], ""max"": [0.495837, 0.151838, 0.078577], ""size"": [1.0, 0.275019, 0.08328899999999999]}"
ComputerKeyboard,D00197_unified.obj,6384,12756,3,"{""min"": [-0.496778, -0.165795, -0.013974], ""max"": [0.503222, 0.200127, 0.061726], ""size"": [1.0, 0.36592199999999997, 0.0757]}"
ComputerKeyboard,D00278_unified.obj,1043,5118,3,"{""min"": [-0.418817, -0.241832, -0.013106], ""max"": [0.581183, 0.241661, 0.026351], ""size"": [1.0, 0.48349299999999995, 0.039457]}"
ComputerKeyboard,D00360_unified.obj,6193,11942,3,"{""min"": [-0.490706, -0.126003, -0.005844], ""max"": [0.509294, 0.146663, 0.036515], ""size"": [1.0, 0.27266599999999996, 0.042359]}"
ComputerKeyboard,D00382_unified.obj,8341,13582,3,"{""min"": [-0.474964, -0.16244, -0.011507], ""max"": [0.525036, 0.173905, 0.058423], ""size"": [1.0, 0.336345, 0.06993]}"
ComputerKeyboard,D00420_unified.obj,7129,13909,3,"{""min"": [-0.484381, -0.216965, -0.027027], ""max"": [0.515619, 0.289882, 0.052113], ""size"": [1.0, 0.5068469999999999, 0.07914]}"
ComputerKeyboard,D00493_unified.obj,1300,2499,3,"{""min"": [-0.46252, -0.320155, -0.01414], ""max"": [0.53748, 0.211069, 0.062986], ""size"": [1.0, 0.531224, 0.077126]}"
ComputerKeyboard,D00525_unified.obj,8274,8626,3,"{""min"": [-0.493384, -0.135327, -0.001397], ""max"": [0.506616, 0.192167, 0.034342], ""size"": [1.0, 0.327494, 0.035739]}"
ComputerKeyboard,D00569_unified.obj,1387,2730,3,"{""min"": [-0.482051, -0.192397, -0.011313], ""max"": [0.517949, 0.208252, 0.057564], ""size"": [1.0, 0.40064900000000003, 0.068877]}"
ComputerKeyboard,D00597_unified.obj,8454,16594,3,"{""min"": [-0.493127, -0.239653, -0.007073], ""max"": [0.506873, 0.231663, 0.063449], ""size"": [1.0, 0.471316, 0.070522]}"
ComputerKeyboard,D00600_unified.obj,1837,2982,3,"{""min"": [-0.353976, -0.22031, -0.018167], ""max"": [0.646024, 0.259817, 0.066176], ""size"": [1.0, 0.480127, 0.084343]}"
ComputerKeyboard,D00627_unified.obj,6564,12702,3,"{""min"": [-0.482159, -0.196817, -0.014597], ""max"": [0.517841, 0.201092, 0.1022], ""size"": [1.0, 0.39790899999999996, 0.116797]}"
ComputerKeyboard,D00654_unified.obj,1179,2292,3,"{""min"": [-0.460176, -0.181776, -0.023834], ""max"": [0.539824, 0.244735, 0.093239], ""size"": [1.0, 0.426511, 0.11707300000000001]}"
ComputerKeyboard,D00673_unified.obj,796,4008,3,"{""min"": [-0.49351, -0.180971, -0.005995], ""max"": [0.50649, 0.197445, 0.060181], ""size"": [1.0, 0.378416, 0.066176]}"
ComputerKeyboard,D00676_unified.obj,7763,12540,3,"{""min"": [-0.466638, -0.192761, -0.022017], ""max"": [0.533362, 0.324134, 0.048142], ""size"": [1.0, 0.516895, 0.070159]}"
ComputerKeyboard,D00692_unified.obj,4176,7597,3,"{""min"": [-0.488618, -0.197723, -0.012254], ""max"": [0.511382, 0.200802, 0.035583], ""size"": [1.0, 0.398525, 0.047837]}"
ComputerKeyboard,D00805_unified.obj,6954,13443,3,"{""min"": [-0.488009, -0.173327, -0.015706], ""max"": [0.511991, 0.187464, 0.10863], ""size"": [1.0, 0.360791, 0.124336]}"
ComputerKeyboard,D00905_unified.obj,1282,2559,3,"{""min"": [-0.484079, -0.200734, -0.006687], ""max"": [0.515921, 0.206774, 0.033826], ""size"": [1.0, 0.407508, 0.040513]}"
ComputerKeyboard,D00990_unified.obj,1646,3030,3,"{""min"": [-0.500377, -0.208778, -0.008281], ""max"": [0.499623, 0.173863, 0.093076], ""size"": [1.0, 0.382641, 0.101357]}"
Cup,D00035_unified.obj,912,1767,3,"{""min"": [-0.43245, -0.5, -0.484841], ""max"": [0.490087, 0.5, 0.514379], ""size"": [0.9225369999999999, 1.0, 0.99922]}"
Cup,D00067_unified.obj,1406,2808,3,"{""min"": [-0.362966, -0.211019, -0.209631], ""max"": [0.637034, 0.210602, 0.209714], ""size"": [1.0, 0.421621, 0.419345]}"
Cup,D00174_unified.obj,2502,5000,3,"{""min"": [-0.470504, -0.317459, -0.318497], ""max"": [0.529496, 0.321783, 0.320752], ""size"": [1.0, 0.639242, 0.639249]}"
Cup,D00206_unified.obj,1906,3770,3,"{""min"": [-0.379956, -0.495738, -0.494739], ""max"": [0.620044, 0.498229, 0.500859], ""size"": [1.0, 0.993967, 0.995598]}"
Cup,D00214_unified.obj,1574,3144,3,"{""min"": [-0.401784, -0.410704, -0.398914], ""max"": [0.598216, 0.409707, 0.420798], ""size"": [1.0, 0.820411, 0.819712]}"
Cup,D00270_unified.obj,2490,5022,3,"{""min"": [-0.355353, -0.24394, -0.243865], ""max"": [0.644647, 0.243765, 0.244009], ""size"": [1.0, 0.487705, 0.48787400000000003]}"
Cup,D00328_unified.obj,2570,5231,3,"{""min"": [-0.35576, -0.212421, -0.212786], ""max"": [0.64424, 0.213835, 0.215214], ""size"": [1.0, 0.42625599999999997, 0.428]}"
Cup,D00355_unified.obj,2502,5000,3,"{""min"": [-0.44959, -0.153512, -0.153687], ""max"": [0.55041, 0.154034, 0.15386], ""size"": [1.0, 0.307546, 0.307547]}"
Cup,D00363_unified.obj,2532,5000,3,"{""min"": [-0.505402, -0.429157, -0.429172], ""max"": [0.494598, 0.429251, 0.429235], ""size"": [1.0, 0.8584080000000001, 0.8584069999999999]}"
Cup,D00457_unified.obj,2502,4999,3,"{""min"": [-0.470524, -0.184542, -0.186209], ""max"": [0.529476, 0.184793, 0.183129], ""size"": [1.0, 0.369335, 0.369338]}"
Cup,D00463_unified.obj,2500,5000,3,"{""min"": [-0.48087, -0.399846, -0.401061], ""max"": [0.51913, 0.40362, 0.403398], ""size"": [1.0, 0.803466, 0.804459]}"
Cup,D00519_unified.obj,1800,3552,3,"{""min"": [-0.23599, -0.243986, -0.231938], ""max"": [0.76401, 0.243986, 0.231938], ""size"": [1.0, 0.487972, 0.463876]}"
Cup,D00550_unified.obj,2548,4999,3,"{""min"": [-0.488293, -0.272981, -0.272391], ""max"": [0.511707, 0.273601, 0.274191], ""size"": [1.0, 0.5465819999999999, 0.546582]}"
Cup,D00587_unified.obj,2502,5000,3,"{""min"": [-0.457675, -0.268174, -0.269393], ""max"": [0.542325, 0.269598, 0.268378], ""size"": [1.0, 0.537772, 0.537771]}"
Cup,D00638_unified.obj,2502,5000,3,"{""min"": [-0.4557, -0.301361, -0.303596], ""max"": [0.5443, 0.304925, 0.302686], ""size"": [1.0, 0.606286, 0.606282]}"
Cup,D00642_unified.obj,1539,3036,3,"{""min"": [-0.454361, -0.148261, -0.148831], ""max"": [0.545639, 0.150767, 0.148398], ""size"": [1.0, 0.299028, 0.29722899999999997]}"
Cup,D00738_unified.obj,2581,4999,3,"{""min"": [-0.459597, -0.324436, -0.323236], ""max"": [0.540403, 0.319263, 0.320235], ""size"": [1.0, 0.643699, 0.643471]}"
Cup,D00843_unified.obj,2472,4936,3,"{""min"": [-0.443239, -0.232427, -0.233069], ""max"": [0.556761, 0.233282, 0.23264], ""size"": [1.0, 0.465709, 0.46570900000000004]}"
Cup,D00874_unified.obj,1895,3748,3,"{""min"": [-0.42334, -0.490041, -0.495795], ""max"": [0.57666, 0.503329, 0.497553], ""size"": [1.0, 0.9933700000000001, 0.993348]}"
Cup,D00882_unified.obj,1553,3102,3,"{""min"": [-0.453179, -0.298638, -0.29894], ""max"": [0.546821, 0.299366, 0.299063], ""size"": [1.0, 0.598004, 0.5980030000000001]}"
Cup,m494_unified.obj,3074,6144,3,"{""min"": [-0.471148, -0.166405, -0.166405], ""max"": [0.528852, 0.166404, 0.166404], ""size"": [1.0, 0.332809, 0.332809]}"
Cup,m495_unified.obj,1401,2750,3,"{""min"": [-0.545147, -0.377811, -0.377637], ""max"": [0.454853, 0.377812, 0.377637], ""size"": [1.0, 0.7556229999999999, 0.755274]}"
Cup,m496_unified.obj,1999,3996,3,"{""min"": [-0.505186, -0.309048, -0.323544], ""max"": [0.494814, 0.309048, 0.323544], ""size"": [1.0, 0.618096, 0.647088]}"
Cup,m497_unified.obj,2502,4874,3,"{""min"": [-0.499996, -0.205366, -0.205104], ""max"": [0.500004, 0.205051, 0.205424], ""size"": [1.0, 0.41041700000000003, 0.410528]}"
Cup,m498_unified.obj,1480,2880,3,"{""min"": [-0.449518, -0.5, -0.5], ""max"": [0.441272, 0.5, 0.5], ""size"": [0.89079, 1.0, 1.0]}"
Cup,m499_unified.obj,1276,2448,3,"{""min"": [-0.423129, -0.369899, -0.369794], ""max"": [0.576871, 0.369901, 0.370006], ""size"": [1.0, 0.7398, 0.7398]}"
Cup,m500_unified.obj,278,552,3,"{""min"": [-0.383862, -0.446702, -0.452794], ""max"": [0.616138, 0.503928, 0.449801], ""size"": [1.0, 0.9506300000000001, 0.902595]}"
Cup,m501_unified.obj,4132,8000,3,"{""min"": [-0.374756, -0.33955, -0.340916], ""max"": [0.625244, 0.342712, 0.341365], ""size"": [1.0, 0.682262, 0.6822809999999999]}"
Cup,m502_unified.obj,3002,6000,3,"{""min"": [-0.465924, -0.340578, -0.340313], ""max"": [0.534076, 0.343455, 0.343713], ""size"": [1.0, 0.684033, 0.684026]}"
Cup,m526_unified.obj,465,904,3,"{""min"": [-0.499401, -0.350666, -0.250109], ""max"": [0.500599, 0.33791, 0.250109], ""size"": [1.0, 0.688576, 0.500218]}"
DeskLamp,D00048_unified.obj,2545,5000,3,"{""min"": [-0.402907, -0.432823, -0.388074], ""max"": [0.597093, 0.416861, 0.399852], ""size"": [1.0, 0.849684, 0.7879259999999999]}"
DeskLamp,D00090_unified.obj,2588,5000,3,"{""min"": [-0.395911, -0.372215, -0.189678], ""max"": [0.604089, 0.468563, 0.19018], ""size"": [1.0, 0.840778, 0.37985800000000003]}"
DeskLamp,D00147_unified.obj,1708,3344,3,"{""min"": [-0.292151, -0.226034, -0.10502], ""max"": [0.707849, 0.264495, 0.105632], ""size"": [1.0, 0.490529, 0.210652]}"
DeskLamp,D00257_unified.obj,2208,4366,3,"{""min"": [-0.279263, -0.19378, -0.189981], ""max"": [0.720737, 0.26265, 0.193443], ""size"": [1.0, 0.45643, 0.383424]}"
DeskLamp,D00268_unified.obj,1868,3672,3,"{""min"": [-0.365116, -0.12814, -0.0671], ""max"": [0.634884, 0.085842, 0.067614], ""size"": [1.0, 0.213982, 0.134714]}"
DeskLamp,D00330_unified.obj,2742,5000,3,"{""min"": [-0.204196, -0.082043, -0.110369], ""max"": [0.795804, 0.304553, 0.110566], ""size"": [1.0, 0.38659600000000005, 0.220935]}"
DeskLamp,D00378_unified.obj,250,458,3,"{""min"": [-0.429262, -0.176366, -0.21709], ""max"": [0.570738, 0.353209, 0.204567], ""size"": [1.0, 0.529575, 0.421657]}"
DeskLamp,D00435_unified.obj,2252,4476,3,"{""min"": [-0.40345, -0.220797, -0.192407], ""max"": [0.59655, 0.30848, 0.206333], ""size"": [1.0, 0.529277, 0.39874]}"
DeskLamp,D00455_unified.obj,2539,5000,3,"{""min"": [-0.422955, -0.194122, -0.157905], ""max"": [0.577045, 0.207523, 0.157988], ""size"": [1.0, 0.40164500000000003, 0.315893]}"
DeskLamp,D00531_unified.obj,2300,4546,3,"{""min"": [-0.553265, -0.16744, -0.101179], ""max"": [0.446735, 0.134993, 0.104508], ""size"": [1.0, 0.302433, 0.205687]}"
DeskLamp,D00547_unified.obj,2521,4999,3,"{""min"": [-0.303675, -0.200093, -0.201727], ""max"": [0.696325, 0.257055, 0.20369], ""size"": [1.0, 0.457148, 0.405417]}"
DeskLamp,D00686_unified.obj,2553,5000,3,"{""min"": [-0.397501, -0.326926, -0.179029], ""max"": [0.602499, 0.473733, 0.179035], ""size"": [1.0, 0.800659, 0.358064]}"
DeskLamp,D00693_unified.obj,2527,4896,3,"{""min"": [-0.356875, -0.12495, -0.15074], ""max"": [0.643125, 0.197197, 0.15074], ""size"": [1.0, 0.322147, 0.30148]}"
DeskLamp,D00698_unified.obj,1546,2696,3,"{""min"": [-0.346333, -0.153121, -0.158845], ""max"": [0.653667, 0.240488, 0.247342], ""size"": [1.0, 0.393609, 0.40618699999999996]}"
DeskLamp,D00715_unified.obj,1964,3916,3,"{""min"": [-0.354033, -0.280764, -0.25795], ""max"": [0.645967, 0.328986, 0.259438], ""size"": [1.0, 0.60975, 0.517388]}"
DeskLamp,D00744_unified.obj,2844,5000,3,"{""min"": [-0.469642, -0.1319, -0.111461], ""max"": [0.530358, 0.146367, 0.112292], ""size"": [1.0, 0.278267, 0.223753]}"
DeskLamp,D00759_unified.obj,2535,5000,3,"{""min"": [-0.453605, -0.409657, -0.287626], ""max"": [0.546395, 0.362465, 0.284848], ""size"": [1.0, 0.772122, 0.5724739999999999]}"
DeskLamp,D00776_unified.obj,3887,7764,3,"{""min"": [-0.420801, -0.214702, -0.136193], ""max"": [0.579199, 0.214612, 0.136248], ""size"": [1.0, 0.429314, 0.27244100000000004]}"
DeskLamp,D00797_unified.obj,2468,4860,3,"{""min"": [-0.416572, -0.2786, -0.20016], ""max"": [0.583428, 0.413238, 0.208758], ""size"": [1.0, 0.691838, 0.408918]}"
DeskLamp,D00912_unified.obj,2557,4999,3,"{""min"": [-0.403379, -0.326592, -0.178962], ""max"": [0.596621, 0.473999, 0.179264], ""size"": [1.0, 0.800591, 0.35822600000000004]}"
DeskLamp,m603_unified.obj,644,1272,3,"{""min"": [-0.38877, -0.45042, -0.316993], ""max"": [0.602824, 0.54958, 0.316993], ""size"": [0.9915940000000001, 1.0, 0.633986]}"
DeskLamp,m604_unified.obj,4958,9321,3,"{""min"": [-0.422851, -0.299866, -0.069331], ""max"": [0.577149, 0.435239, 0.068811], ""size"": [1.0, 0.735105, 0.138142]}"
DeskLamp,m605_unified.obj,2068,3691,3,"{""min"": [-0.367108, -0.146788, -0.207406], ""max"": [0.632892, 0.228792, 0.216808], ""size"": [1.0, 0.37558, 0.424214]}"
DeskLamp,m606_unified.obj,313,574,3,"{""min"": [-0.380853, -0.197848, -0.214477], ""max"": [0.619147, 0.405592, 0.210139], ""size"": [1.0, 0.60344, 0.424616]}"
DeskLamp,m608_unified.obj,2706,5256,3,"{""min"": [-0.518969, -0.34472, -0.291804], ""max"": [0.481031, 0.345943, 0.401875], ""size"": [1.0, 0.690663, 0.6936789999999999]}"
DeskLamp,m609_unified.obj,4491,8916,3,"{""min"": [-0.324945, -0.095388, -0.087637], ""max"": [0.675055, 0.270314, 0.088281], ""size"": [1.0, 0.36570199999999997, 0.17591800000000002]}"
DeskLamp,m611_unified.obj,313,503,3,"{""min"": [-0.380705, -0.196534, -0.214045], ""max"": [0.619295, 0.406758, 0.209687], ""size"": [1.0, 0.6032919999999999, 0.423732]}"
DeskLamp,m613_unified.obj,456,800,3,"{""min"": [-0.46489, -0.193842, -0.104821], ""max"": [0.53511, 0.292267, 0.121382], ""size"": [1.0, 0.486109, 0.226203]}"
DeskLamp,m614_unified.obj,1362,2736,3,"{""min"": [-0.506848, -0.389331, -0.189713], ""max"": [0.493152, 0.504186, 0.189713], ""size"": [1.0, 0.893517, 0.379426]}"
DeskLamp,m615_unified.obj,2689,5410,3,"{""min"": [-0.224065, -0.231007, -0.100739], ""max"": [0.775935, 0.275183, 0.097004], ""size"": [1.0, 0.50619, 0.197743]}"
DeskLamp,m616_unified.obj,2447,4826,3,"{""min"": [-0.418881, -0.282158, -0.200296], ""max"": [0.581119, 0.410302, 0.208407], ""size"": [1.0, 0.6924600000000001, 0.40870300000000004]}"
DeskPhone,D00118_unified.obj,3927,5000,3,"{""min"": [-0.490688, -0.443938, -0.161772], ""max"": [0.509312, 0.387844, 0.135522], ""size"": [1.0, 0.831782, 0.297294]}"
DeskPhone,D00135_unified.obj,1881,3392,3,"{""min"": [-0.523916, -0.309707, -0.082083], ""max"": [0.476084, 0.437236, 0.138186], ""size"": [1.0, 0.746943, 0.220269]}"
DeskPhone,D00154_unified.obj,2603,5000,3,"{""min"": [-0.375425, -0.303492, -0.074953], ""max"": [0.624575, 0.374031, 0.072053], ""size"": [1.0, 0.677523, 0.14700600000000003]}"
DeskPhone,D00220_unified.obj,2534,5000,3,"{""min"": [-0.421324, -0.22612, -0.354025], ""max"": [0.578676, 0.508545, 0.25993], ""size"": [1.0, 0.734665, 0.613955]}"
DeskPhone,D00316_unified.obj,2659,4999,3,"{""min"": [-0.487545, -0.498279, -0.081568], ""max"": [0.509273, 0.501721, 0.196477], ""size"": [0.996818, 1.0, 0.278045]}"
DeskPhone,D00318_unified.obj,2566,5000,3,"{""min"": [-0.416207, -0.321901, -0.248347], ""max"": [0.583793, 0.411217, 0.31564], ""size"": [1.0, 0.7331179999999999, 0.563987]}"
DeskPhone,D00403_unified.obj,2617,4999,3,"{""min"": [-0.241222, -0.336949, -0.119281], ""max"": [0.758778, 0.408382, 0.486479], ""size"": [1.0, 0.745331, 0.60576]}"
DeskPhone,D00486_unified.obj,1699,3314,3,"{""min"": [-0.337685, -0.298332, -0.184468], ""max"": [0.662315, 0.323282, 0.176091], ""size"": [1.0, 0.621614, 0.36055899999999996]}"
DeskPhone,D00511_unified.obj,2715,5000,3,"{""min"": [-0.56138, -0.180536, -0.082248], ""max"": [0.43862, 0.196586, 0.160422], ""size"": [1.0, 0.377122, 0.24267]}"
DeskPhone,D00556_unified.obj,2248,4432,3,"{""min"": [-0.466394, -0.312092, -0.104693], ""max"": [0.533606, 0.558698, 0.286942], ""size"": [1.0, 0.87079, 0.39163499999999996]}"
DeskPhone,D00576_unified.obj,2663,4986,3,"{""min"": [-0.543676, -0.351436, -0.094282], ""max"": [0.456324, 0.313907, 0.165364], ""size"": [1.0, 0.665343, 0.25964600000000004]}"
DeskPhone,D00680_unified.obj,3111,6028,3,"{""min"": [-0.49739, -0.335436, -0.12661], ""max"": [0.50261, 0.534185, 0.154562], ""size"": [1.0, 0.869621, 0.281172]}"
DeskPhone,D00706_unified.obj,10128,4683,3,"{""min"": [-0.536277, -0.405064, -0.093192], ""max"": [0.463723, 0.457987, 0.247475], ""size"": [1.0, 0.863051, 0.340667]}"
DeskPhone,D00773_unified.obj,2785,4999,3,"{""min"": [-0.529539, -0.46585, -0.110422], ""max"": [0.470461, 0.277377, 0.117764], ""size"": [1.0, 0.743227, 0.228186]}"
DeskPhone,D00829_unified.obj,2524,5000,3,"{""min"": [-0.473075, -0.498648, -0.08821], ""max"": [0.526925, 0.486494, 0.19334], ""size"": [1.0, 0.985142, 0.28155]}"
DeskPhone,D00894_unified.obj,3399,6712,3,"{""min"": [-0.455372, -0.347353, -0.113775], ""max"": [0.40319, 0.652647, 0.380016], ""size"": [0.858562, 1.0, 0.49379100000000004]}"
DeskPhone,D00897_unified.obj,2600,5000,3,"{""min"": [-0.563922, -0.221989, -0.121543], ""max"": [0.436078, 0.272711, 0.103667], ""size"": [1.0, 0.4947, 0.22521]}"
DeskPhone,D00899_unified.obj,2547,5000,3,"{""min"": [-0.506019, -0.368205, -0.165729], ""max"": [0.493981, 0.590412, 0.170125], ""size"": [1.0, 0.958617, 0.335854]}"
DeskPhone,D00957_unified.obj,2462,4701,3,"{""min"": [-0.350091, -0.372046, -0.169605], ""max"": [0.649909, 0.379954, 0.127151], ""size"": [1.0, 0.752, 0.296756]}"
DeskPhone,D00958_unified.obj,3754,4853,3,"{""min"": [-0.487634, -0.376021, -0.150164], ""max"": [0.512366, 0.47628, 0.260992], ""size"": [1.0, 0.852301, 0.41115599999999997]}"
Door,D01005_unified.obj,2828,4999,3,"{""min"": [-0.516622, -0.214566, -0.030376], ""max"": [0.483378, 0.215935, 0.033242], ""size"": [1.0, 0.430501, 0.06361800000000001]}"
Door,D01029_unified.obj,1805,3576,3,"{""min"": [-0.477354, -0.208529, -0.13433], ""max"": [0.522646, 0.22382, 0.288807], ""size"": [1.0, 0.432349, 0.423137]}"
Door,D01052_unified.obj,2653,5256,3,"{""min"": [-0.483877, -0.183345, -0.075038], ""max"": [0.516123, 0.508244, 0.151172], ""size"": [1.0, 0.691589, 0.22621]}"
Door,D01058_unified.obj,3275,6282,3,"{""min"": [-0.275782, -0.255236, -0.038548], ""max"": [0.724218, 0.321007, 0.079585], ""size"": [1.0, 0.5762430000000001, 0.118133]}"
Door,D01062_unified.obj,461,837,3,"{""min"": [-0.377823, -0.427796, -0.025565], ""max"": [0.622177, 0.460056, 0.034799], ""size"": [1.0, 0.8878520000000001, 0.060364]}"
Door,D01076_unified.obj,1724,3468,3,"{""min"": [-0.419287, -0.250856, -0.030712], ""max"": [0.580713, 0.442697, 0.031501], ""size"": [1.0, 0.6935530000000001, 0.062213000000000004]}"
Door,D01104_unified.obj,3496,6936,3,"{""min"": [-0.637422, -0.187286, -0.020157], ""max"": [0.362578, 0.374241, 0.032347], ""size"": [1.0, 0.561527, 0.052504]}"
Door,D01114_unified.obj,1336,2620,3,"{""min"": [-0.403216, -0.129874, -0.09327], ""max"": [0.596784, 0.564539, 0.093196], ""size"": [1.0, 0.694413, 0.18646600000000002]}"
Door,D01121_unified.obj,44,64,3,"{""min"": [-0.5, -0.285714, -0.014497], ""max"": [0.5, 0.285714, 0.014075], ""size"": [1.0, 0.571428, 0.028572]}"
Door,D01129_unified.obj,2691,4338,3,"{""min"": [-0.521115, -0.243654, -0.048981], ""max"": [0.478885, 0.291362, 0.048177], ""size"": [1.0, 0.535016, 0.097158]}"
Door,D01136_unified.obj,2742,5312,3,"{""min"": [-0.57623, -0.279753, -0.072794], ""max"": [0.42377, 0.344507, 0.030111], ""size"": [1.0, 0.62426, 0.102905]}"
Door,D01139_unified.obj,88,116,3,"{""min"": [-0.488068, -0.181505, -0.015964], ""max"": [0.511932, 0.4931, 0.020397], ""size"": [1.0, 0.674605, 0.036361]}"
Door,D01141_unified.obj,2447,4410,3,"{""min"": [-0.508314, -0.13313, -0.055994], ""max"": [0.491686, 0.353264, 0.059892], ""size"": [1.0, 0.486394, 0.115886]}"
Door,D01143_unified.obj,156,288,3,"{""min"": [-0.280327, -0.480575, -0.026135], ""max"": [0.280642, 0.519425, 0.029224], ""size"": [0.560969, 1.0, 0.055359]}"
Door,D01144_unified.obj,243,446,3,"{""min"": [-0.374529, -0.158028, -0.02697], ""max"": [0.625471, 0.165661, 0.03519], ""size"": [1.0, 0.323689, 0.06216]}"
Door,D01155_unified.obj,436,732,3,"{""min"": [-0.40207, -0.485587, -0.046755], ""max"": [0.59793, 0.47602, 0.100239], ""size"": [1.0, 0.961607, 0.14699399999999999]}"
Door,D01158_unified.obj,2885,5784,3,"{""min"": [-0.40192, -0.264315, -0.069893], ""max"": [0.59808, 0.574048, 0.044845], ""size"": [1.0, 0.838363, 0.114738]}"
Door,D01167_unified.obj,452,822,3,"{""min"": [-0.375182, -0.312809, -0.026613], ""max"": [0.624818, 0.326424, 0.034668], ""size"": [1.0, 0.6392329999999999, 0.061281]}"
Door,D01177_unified.obj,270,392,3,"{""min"": [-0.535339, -0.209341, -0.033082], ""max"": [0.464661, 0.317058, 0.033902], ""size"": [1.0, 0.5263990000000001, 0.066984]}"
Door,D01194_unified.obj,52,68,3,"{""min"": [-0.553753, -0.261037, -0.00262], ""max"": [0.446247, 0.27619, 0.007859], ""size"": [1.0, 0.537227, 0.010478999999999999]}"
Door,m1707_unified.obj,1805,3576,3,"{""min"": [-0.477354, -0.208528, -0.13433], ""max"": [0.522646, 0.22382, 0.288807], ""size"": [1.0, 0.43234799999999995, 0.423137]}"
Door,m1708_unified.obj,44,64,3,"{""min"": [-0.5, -0.285714, -0.014497], ""max"": [0.5, 0.285714, 0.014075], ""size"": [1.0, 0.571428, 0.028572]}"
Door,m1710_unified.obj,2003,3944,3,"{""min"": [-0.558616, -0.136745, -0.04924], ""max"": [0.441384, 0.439126, 0.049941], ""size"": [1.0, 0.575871, 0.09918099999999999]}"
Door,m1711_unified.obj,242,448,3,"{""min"": [-0.375028, -0.158021, -0.026975], ""max"": [0.624972, 0.16513, 0.035191], ""size"": [1.0, 0.32315099999999997, 0.062166]}"
Door,m1712_unified.obj,1724,3468,3,"{""min"": [-0.419287, -0.250856, -0.030712], ""max"": [0.580713, 0.442697, 0.031501], ""size"": [1.0, 0.6935530000000001, 0.062213000000000004]}"
Door,m1713_unified.obj,2808,4976,3,"{""min"": [-0.517165, -0.215854, -0.030294], ""max"": [0.482835, 0.214629, 0.03327], ""size"": [1.0, 0.43048299999999995, 0.06356400000000001]}"
Door,m1714_unified.obj,3450,6868,3,"{""min"": [-0.633477, -0.186747, -0.020113], ""max"": [0.366523, 0.373491, 0.032141], ""size"": [1.0, 0.560238, 0.052254]}"
Door,m1715_unified.obj,2653,5256,3,"{""min"": [-0.483877, -0.183345, -0.075038], ""max"": [0.516123, 0.508244, 0.151172], ""size"": [1.0, 0.691589, 0.22621]}"
Door,m1716_unified.obj,2447,4410,3,"{""min"": [-0.508314, -0.13313, -0.055994], ""max"": [0.491686, 0.353264, 0.059892], ""size"": [1.0, 0.486394, 0.115886]}"
Door,m1717_unified.obj,3275,6282,3,"{""min"": [-0.275782, -0.255235, -0.038547], ""max"": [0.724218, 0.321007, 0.079585], ""size"": [1.0, 0.5762419999999999, 0.118132]}"
Door,m1718_unified.obj,2695,4338,3,"{""min"": [-0.521155, -0.243341, -0.049012], ""max"": [0.478845, 0.290506, 0.048197], ""size"": [1.0, 0.533847, 0.09720899999999999]}"
Door,m1720_unified.obj,2742,5312,3,"{""min"": [-0.57623, -0.279753, -0.072795], ""max"": [0.42377, 0.344506, 0.030111], ""size"": [1.0, 0.6242589999999999, 0.102906]}"
Door,m1721_unified.obj,2885,5784,3,"{""min"": [-0.40192, -0.264315, -0.069894], ""max"": [0.59808, 0.574048, 0.044845], ""size"": [1.0, 0.838363, 0.11473900000000001]}"
Door,m1722_unified.obj,1336,2620,3,"{""min"": [-0.403216, -0.129874, -0.09327], ""max"": [0.596784, 0.56454, 0.093196], ""size"": [1.0, 0.6944140000000001, 0.18646600000000002]}"
Door,m1723_unified.obj,461,837,3,"{""min"": [-0.377823, -0.427796, -0.025565], ""max"": [0.622177, 0.460056, 0.034799], ""size"": [1.0, 0.8878520000000001, 0.060364]}"
Door,m1724_unified.obj,450,819,3,"{""min"": [-0.37567, -0.312698, -0.026631], ""max"": [0.62433, 0.325891, 0.034685], ""size"": [1.0, 0.638589, 0.061315999999999996]}"
Door,m1725_unified.obj,2498,4969,3,"{""min"": [-0.160154, -0.366807, -0.083828], ""max"": [0.839846, 0.386122, 0.086903], ""size"": [1.0, 0.752929, 0.170731]}"
Door,m1726_unified.obj,436,732,3,"{""min"": [-0.40207, -0.485587, -0.046755], ""max"": [0.59793, 0.47602, 0.100239], ""size"": [1.0, 0.961607, 0.14699399999999999]}"
Door,m1727_unified.obj,2558,5000,3,"{""min"": [-0.417357, -0.48572, -0.04165], ""max"": [0.563758, 0.51428, 0.039977], ""size"": [0.981115, 1.0, 0.081627]}"
Door,m1728_unified.obj,2018,3790,3,"{""min"": [-0.498611, -0.542828, -0.067937], ""max"": [0.501389, 0.456418, 0.035372], ""size"": [1.0, 0.999246, 0.103309]}"
Door,m1729_unified.obj,1182,2256,3,"{""min"": [-0.482631, -0.350534, -0.083818], ""max"": [0.517369, 0.357184, 0.115763], ""size"": [1.0, 0.7077180000000001, 0.199581]}"
Door,m1730_unified.obj,1182,2256,3,"{""min"": [-0.482631, -0.350534, -0.083818], ""max"": [0.517369, 0.357184, 0.115763], ""size"": [1.0, 0.7077180000000001, 0.199581]}"
Door,m1731_unified.obj,1974,4084,3,"{""min"": [-0.501724, -0.510898, -0.041083], ""max"": [0.498276, 0.468308, 0.058561], ""size"": [1.0, 0.979206, 0.09964400000000001]}"
Door,m1732_unified.obj,1168,2288,3,"{""min"": [-0.288789, -0.390602, -0.043551], ""max"": [0.711211, 0.532742, 0.036094], ""size"": [1.0, 0.923344, 0.079645]}"
Drum,D00026_unified.obj,5506,10641,3,"{""min"": [-0.215595, -0.242148, -0.238322], ""max"": [0.784405, 0.212196, 0.221811], ""size"": [1.0, 0.45434399999999997, 0.460133]}"
Drum,D00063_unified.obj,1200,2392,3,"{""min"": [-0.382954, -0.499999, -0.499999], ""max"": [0.383298, 0.5, 0.500001], ""size"": [0.766252, 0.9999990000000001, 1.0]}"
Drum,D00115_unified.obj,138,272,3,"{""min"": [-0.5, -0.349052, -0.348218], ""max"": [0.5, 0.349052, 0.348219], ""size"": [1.0, 0.698104, 0.696437]}"
Drum,D00163_unified.obj,8313,11852,3,"{""min"": [-0.297846, -0.474759, -0.445269], ""max"": [0.702154, 0.457461, 0.503845], ""size"": [1.0, 0.93222, 0.949114]}"
Drum,D00189_unified.obj,651,1298,3,"{""min"": [-0.306518, -0.281278, -0.28253], ""max"": [0.693482, 0.281277, 0.280043], ""size"": [1.0, 0.5625549999999999, 0.562573]}"
Drum,D00193_unified.obj,1800,3598,3,"{""min"": [-0.497791, -0.340413, -0.340414], ""max"": [0.502209, 0.340413, 0.340414], ""size"": [1.0, 0.680826, 0.680828]}"
Drum,D00297_unified.obj,5557,10356,3,"{""min"": [-0.377186, -0.279723, -0.338697], ""max"": [0.622814, 0.533623, 0.342703], ""size"": [1.0, 0.8133459999999999, 0.6814]}"
Drum,D00298_unified.obj,1609,3138,3,"{""min"": [-0.379714, -0.291334, -0.288789], ""max"": [0.620286, 0.289857, 0.286199], ""size"": [1.0, 0.581191, 0.574988]}"
Drum,D00308_unified.obj,707,1360,3,"{""min"": [-0.369387, -0.451256, -0.498541], ""max"": [0.577394, 0.545212, 0.501459], ""size"": [0.946781, 0.996468, 1.0]}"
Drum,D00375_unified.obj,4790,8276,3,"{""min"": [-0.494342, -0.37227, -0.314167], ""max"": [0.505658, 0.402569, 0.393206], ""size"": [1.0, 0.774839, 0.707373]}"
Drum,D00383_unified.obj,837,1673,3,"{""min"": [-0.500252, -0.499934, -0.347788], ""max"": [0.499748, 0.499905, 0.365679], ""size"": [1.0, 0.9998389999999999, 0.713467]}"
Drum,D00404_unified.obj,1296,2604,3,"{""min"": [-0.433158, -0.400427, -0.381171], ""max"": [0.566842, 0.395461, 0.420344], ""size"": [1.0, 0.7958879999999999, 0.801515]}"
Drum,D00551_unified.obj,1002,2004,3,"{""min"": [-0.500192, -0.499998, -0.224276], ""max"": [0.499808, 0.500001, 0.228846], ""size"": [1.0, 0.9999990000000001, 0.453122]}"
Drum,D00557_unified.obj,444,784,3,"{""min"": [-0.585926, -0.229685, -0.458036], ""max"": [0.414074, 0.565134, 0.458281], ""size"": [1.0, 0.794819, 0.916317]}"
Drum,D00596_unified.obj,774,1540,3,"{""min"": [-0.398851, -0.348818, -0.350134], ""max"": [0.601149, 0.351744, 0.350429], ""size"": [1.0, 0.700562, 0.700563]}"
Drum,D00709_unified.obj,90,176,3,"{""min"": [-0.5, -0.500003, -0.150664], ""max"": [0.5, 0.499997, 0.150664], ""size"": [1.0, 1.0, 0.301328]}"
Drum,D00939_unified.obj,5390,10532,3,"{""min"": [-0.425788, -0.468089, -0.493952], ""max"": [0.486997, 0.523793, 0.506048], ""size"": [0.912785, 0.9918819999999999, 1.0]}"
Drum,D00951_unified.obj,7991,15573,3,"{""min"": [-0.448675, -0.478314, -0.566731], ""max"": [0.551325, 0.477517, 0.32891], ""size"": [1.0, 0.9558310000000001, 0.8956409999999999]}"
Drum,D00980_unified.obj,5653,11181,3,"{""min"": [-0.479263, -0.305847, -0.304922], ""max"": [0.520737, 0.304795, 0.306533], ""size"": [1.0, 0.6106419999999999, 0.6114550000000001]}"
Drum,D00982_unified.obj,1808,3468,3,"{""min"": [-0.446825, -0.263786, -0.13677], ""max"": [0.553175, 0.733406, 0.159487], ""size"": [1.0, 0.9971920000000001, 0.296257]}"
Fish,D00012_unified.obj,2808,4999,3,"{""min"": [-0.433535, -0.202644, -0.180107], ""max"": [0.566465, 0.23947, 0.180338], ""size"": [1.0, 0.442114, 0.360445]}"
Fish,D00022_unified.obj,2783,5000,3,"{""min"": [-0.420753, -0.18937, -0.135842], ""max"": [0.579247, 0.251653, 0.135685], ""size"": [1.0, 0.44102300000000005, 0.27152699999999996]}"
Fish,D00024_unified.obj,2756,4999,3,"{""min"": [-0.401801, -0.127923, -0.148184], ""max"": [0.598199, 0.187991, 0.14826], ""size"": [1.0, 0.31591400000000003, 0.29644400000000004]}"
Fish,D00030_unified.obj,2793,4999,3,"{""min"": [-0.425077, -0.191327, -0.112641], ""max"": [0.574923, 0.169952, 0.112087], ""size"": [1.0, 0.361279, 0.224728]}"
Fish,D00142_unified.obj,3048,5286,3,"{""min"": [-0.399564, -0.245448, -0.187585], ""max"": [0.600436, 0.328397, 0.187585], ""size"": [1.0, 0.5738449999999999, 0.37517]}"
Fish,D00165_unified.obj,2749,5000,3,"{""min"": [-0.402431, -0.142199, -0.173195], ""max"": [0.597569, 0.207516, 0.173446], ""size"": [1.0, 0.349715, 0.346641]}"
Fish,D00251_unified.obj,2785,5000,3,"{""min"": [-0.401759, -0.331733, -0.232355], ""max"": [0.598241, 0.321515, 0.232398], ""size"": [1.0, 0.653248, 0.46475299999999997]}"
Fish,D00293_unified.obj,2780,4999,3,"{""min"": [-0.433571, -0.24534, -0.176306], ""max"": [0.566429, 0.27823, 0.176247], ""size"": [1.0, 0.52357, 0.352553]}"
Fish,D00351_unified.obj,3206,5549,3,"{""min"": [-0.434786, -0.237224, -0.180965], ""max"": [0.565214, 0.277883, 0.180997], ""size"": [1.0, 0.515107, 0.361962]}"
Fish,D00398_unified.obj,2839,5000,3,"{""min"": [-0.42433, -0.213002, -0.14213], ""max"": [0.57567, 0.235206, 0.142445], ""size"": [1.0, 0.448208, 0.284575]}"
Fish,D00450_unified.obj,2811,5000,3,"{""min"": [-0.413887, -0.194581, -0.189307], ""max"": [0.586113, 0.218755, 0.189376], ""size"": [1.0, 0.41333600000000004, 0.378683]}"
Fish,D00535_unified.obj,2801,4999,3,"{""min"": [-0.398383, -0.268828, -0.174835], ""max"": [0.601617, 0.253391, 0.174949], ""size"": [1.0, 0.522219, 0.349784]}"
Fish,D00633_unified.obj,2760,4999,3,"{""min"": [-0.456156, -0.163088, -0.173616], ""max"": [0.543844, 0.228179, 0.17359], ""size"": [1.0, 0.39126700000000003, 0.347206]}"
Fish,D00636_unified.obj,3374,5704,3,"{""min"": [-0.387271, -0.215025, -0.192752], ""max"": [0.612729, 0.212091, 0.192797], ""size"": [1.0, 0.427116, 0.38554900000000003]}"
Fish,D00643_unified.obj,2759,5000,3,"{""min"": [-0.428918, -0.192975, -0.22343], ""max"": [0.571082, 0.276039, 0.223477], ""size"": [1.0, 0.469014, 0.446907]}"
Fish,D00682_unified.obj,2688,4996,3,"{""min"": [-0.461243, -0.178071, -0.19387], ""max"": [0.538757, 0.156091, 0.193911], ""size"": [1.0, 0.334162, 0.387781]}"
Fish,D00748_unified.obj,2816,4999,3,"{""min"": [-0.416943, -0.187658, -0.144929], ""max"": [0.583057, 0.194391, 0.14536], ""size"": [1.0, 0.38204899999999997, 0.290289]}"
Fish,D00763_unified.obj,2792,4999,3,"{""min"": [-0.402132, -0.328932, -0.21997], ""max"": [0.597868, 0.248046, 0.219961], ""size"": [1.0, 0.576978, 0.43993099999999996]}"
Fish,D00850_unified.obj,2819,5000,3,"{""min"": [-0.39316, -0.175849, -0.209831], ""max"": [0.60684, 0.24231, 0.210521], ""size"": [1.0, 0.418159, 0.420352]}"
Fish,D00950_unified.obj,3427,5798,3,"{""min"": [-0.481584, -0.179322, -0.334117], ""max"": [0.518416, 0.230537, 0.334119], ""size"": [1.0, 0.409859, 0.668236]}"
FloorLamp,D00028_unified.obj,2771,5504,3,"{""min"": [-0.291763, -0.267216, -0.267014], ""max"": [0.708237, 0.267325, 0.267536], ""size"": [1.0, 0.5345409999999999, 0.53455]}"
FloorLamp,D00093_unified.obj,2425,4894,3,"{""min"": [-0.352389, -0.349392, -0.366464], ""max"": [0.354311, 0.357844, 0.633536], ""size"": [0.7067, 0.707236, 1.0]}"
FloorLamp,D00186_unified.obj,2536,5000,3,"{""min"": [-0.388888, -0.329198, -0.313721], ""max"": [0.611112, 0.325931, 0.341193], ""size"": [1.0, 0.6551290000000001, 0.654914]}"
FloorLamp,D00211_unified.obj,2578,4999,3,"{""min"": [-0.38699, -0.282082, -0.162633], ""max"": [0.61301, 0.271441, 0.170513], ""size"": [1.0, 0.553523, 0.333146]}"
FloorLamp,D00228_unified.obj,1322,2632,3,"{""min"": [-0.370275, -0.361358, -0.362237], ""max"": [0.629725, 0.363113, 0.362237], ""size"": [1.0, 0.7244710000000001, 0.724474]}"
FloorLamp,D00388_unified.obj,2511,5000,3,"{""min"": [-0.387652, -0.448528, -0.448108], ""max"": [0.612348, 0.448715, 0.449134], ""size"": [1.0, 0.897243, 0.897242]}"
FloorLamp,D00400_unified.obj,2567,5000,3,"{""min"": [-0.440392, -0.30275, -0.302675], ""max"": [0.559608, 0.303443, 0.303518], ""size"": [1.0, 0.606193, 0.606193]}"
FloorLamp,D00408_unified.obj,2554,4965,3,"{""min"": [-0.376542, -0.423973, -0.426892], ""max"": [0.623458, 0.429826, 0.425751], ""size"": [1.0, 0.853799, 0.852643]}"
FloorLamp,D00447_unified.obj,2515,5000,3,"{""min"": [-0.526715, -0.425528, -0.425631], ""max"": [0.473285, 0.424814, 0.424019], ""size"": [1.0, 0.850342, 0.84965]}"
FloorLamp,D00495_unified.obj,2534,4999,3,"{""min"": [-0.439859, -0.317128, -0.24511], ""max"": [0.560141, 0.260902, 0.25503], ""size"": [1.0, 0.57803, 0.50014]}"
FloorLamp,D00563_unified.obj,2691,5150,3,"{""min"": [-0.458655, -0.302554, -0.30212], ""max"": [0.541345, 0.309535, 0.30246], ""size"": [1.0, 0.612089, 0.60458]}"
FloorLamp,D00580_unified.obj,2899,4999,3,"{""min"": [-0.397072, -0.292852, -0.29367], ""max"": [0.602928, 0.317942, 0.317099], ""size"": [1.0, 0.6107940000000001, 0.610769]}"
FloorLamp,D00740_unified.obj,4488,8960,3,"{""min"": [-0.618139, -0.323856, -0.331758], ""max"": [0.381861, 0.340903, 0.332999], ""size"": [1.0, 0.664759, 0.664757]}"
FloorLamp,D00856_unified.obj,2503,5000,3,"{""min"": [-0.34626, -0.325178, -0.330057], ""max"": [0.65374, 0.330118, 0.328451], ""size"": [1.0, 0.6552960000000001, 0.658508]}"
FloorLamp,D00875_unified.obj,2574,5000,3,"{""min"": [-0.498684, -0.257675, -0.256914], ""max"": [0.501316, 0.256777, 0.257335], ""size"": [1.0, 0.5144519999999999, 0.514249]}"
FloorLamp,D00876_unified.obj,2504,5000,3,"{""min"": [-0.36184, -0.464351, -0.464413], ""max"": [0.63816, 0.465631, 0.465197], ""size"": [1.0, 0.9299820000000001, 0.92961]}"
FloorLamp,D00888_unified.obj,1819,3632,3,"{""min"": [-0.660617, -0.292224, -0.295346], ""max"": [0.339383, 0.294972, 0.291852], ""size"": [1.0, 0.587196, 0.587198]}"
FloorLamp,D00924_unified.obj,2604,4999,3,"{""min"": [-0.436818, -0.268725, -0.267843], ""max"": [0.563182, 0.269621, 0.270174], ""size"": [1.0, 0.538346, 0.538017]}"
FloorLamp,D00955_unified.obj,2519,5000,3,"{""min"": [-0.369874, -0.310842, -0.310011], ""max"": [0.630126, 0.310847, 0.312481], ""size"": [1.0, 0.6216889999999999, 0.622492]}"
FloorLamp,D00981_unified.obj,1683,3234,3,"{""min"": [-0.199455, -0.311296, -0.312813], ""max"": [0.800545, 0.316301, 0.314782], ""size"": [1.0, 0.627597, 0.627595]}"
FloorLamp,m617_unified.obj,2523,4999,3,"{""min"": [-0.394873, -0.160909, -0.197482], ""max"": [0.605127, 0.226484, 0.213349], ""size"": [1.0, 0.387393, 0.410831]}"
FloorLamp,m618_unified.obj,1622,3232,3,"{""min"": [-0.412879, -0.057321, -0.057397], ""max"": [0.587121, 0.057644, 0.057567], ""size"": [1.0, 0.114965, 0.114964]}"
FloorLamp,m619_unified.obj,1417,2784,3,"{""min"": [-0.140026, -0.078468, -0.078468], ""max"": [0.859974, 0.078468, 0.078468], ""size"": [1.0, 0.156936, 0.156936]}"
FloorLamp,m620_unified.obj,2555,5000,3,"{""min"": [-0.485368, -0.051776, -0.048037], ""max"": [0.514632, 0.052669, 0.048163], ""size"": [1.0, 0.10444500000000001, 0.09620000000000001]}"
FloorLamp,m621_unified.obj,3079,6100,3,"{""min"": [-0.194078, -0.064843, -0.065356], ""max"": [0.805922, 0.063204, 0.062691], ""size"": [1.0, 0.128047, 0.128047]}"
FloorLamp,m622_unified.obj,192,352,3,"{""min"": [-0.243363, -0.084061, -0.038636], ""max"": [0.756637, 0.069791, 0.038747], ""size"": [1.0, 0.153852, 0.077383]}"
FloorLamp,m623_unified.obj,245,480,3,"{""min"": [-0.289791, -0.135481, -0.12734], ""max"": [0.710209, 0.134864, 0.12727], ""size"": [1.0, 0.270345, 0.25461]}"
FloorLamp,m624_unified.obj,160,304,3,"{""min"": [-0.262513, -0.125348, -0.074182], ""max"": [0.737487, 0.208898, 0.074182], ""size"": [1.0, 0.334246, 0.148364]}"
Glasses,D00050_unified.obj,2502,5000,3,"{""min"": [-0.499913, -0.134802, -0.119566], ""max"": [0.500087, 0.753355, 0.135797], ""size"": [1.0, 0.888157, 0.255363]}"
Glasses,D00201_unified.obj,2647,5000,3,"{""min"": [-0.419741, -0.479784, -0.124947], ""max"": [0.580259, 0.469317, 0.23487], ""size"": [1.0, 0.949101, 0.359817]}"
Glasses,D00225_unified.obj,1524,3000,3,"{""min"": [-0.5, -0.271448, -0.096696], ""max"": [0.5, 0.636164, 0.155434], ""size"": [1.0, 0.907612, 0.25212999999999997]}"
Glasses,D00432_unified.obj,1510,2784,3,"{""min"": [-0.499999, -0.11552, -0.090301], ""max"": [0.500001, 0.615879, 0.092453], ""size"": [1.0, 0.7313989999999999, 0.182754]}"
Glasses,D00475_unified.obj,1566,3092,3,"{""min"": [-0.240547, -0.455636, -0.139471], ""max"": [0.759453, 0.452757, 0.202553], ""size"": [1.0, 0.908393, 0.342024]}"
Glasses,D00507_unified.obj,2502,5000,3,"{""min"": [-0.499719, -0.135007, -0.119529], ""max"": [0.500281, 0.752735, 0.135827], ""size"": [1.0, 0.887742, 0.255356]}"
Glasses,D00560_unified.obj,2528,5000,3,"{""min"": [-0.497274, -0.371498, -0.081341], ""max"": [0.502726, 0.50451, 0.1693], ""size"": [1.0, 0.876008, 0.250641]}"
Glasses,D00575_unified.obj,2560,5000,3,"{""min"": [-0.447622, -0.245238, -0.067602], ""max"": [0.449922, 0.754762, 0.116672], ""size"": [0.897544, 1.0, 0.184274]}"
Glasses,D00630_unified.obj,3019,5960,3,"{""min"": [-0.499839, -0.157837, -0.223259], ""max"": [0.500161, 0.837047, 0.183238], ""size"": [1.0, 0.994884, 0.406497]}"
Glasses,D00640_unified.obj,2491,4854,3,"{""min"": [-0.422169, -0.215512, -0.070086], ""max"": [0.423754, 0.784488, 0.105238], ""size"": [0.845923, 1.0, 0.17532399999999998]}"
Glasses,D00656_unified.obj,996,2118,3,"{""min"": [-0.497773, -0.148818, -0.103582], ""max"": [0.502227, 0.754471, 0.15296], ""size"": [1.0, 0.903289, 0.256542]}"
Glasses,D00660_unified.obj,2502,4931,3,"{""min"": [-0.497263, -0.268247, -0.072671], ""max"": [0.502737, 0.731674, 0.120732], ""size"": [1.0, 0.9999210000000001, 0.193403]}"
Glasses,D00717_unified.obj,1826,3604,3,"{""min"": [-0.47915, -0.115994, -0.192904], ""max"": [0.52085, 0.823624, 0.21417], ""size"": [1.0, 0.9396180000000001, 0.407074]}"
Glasses,D00730_unified.obj,2506,5000,3,"{""min"": [-0.219477, -0.269164, -0.074459], ""max"": [0.780523, 0.672914, 0.084215], ""size"": [1.0, 0.942078, 0.15867399999999998]}"
Glasses,D00813_unified.obj,2752,5456,3,"{""min"": [-0.184631, -0.423461, -0.157277], ""max"": [0.815369, 0.422644, 0.170373], ""size"": [1.0, 0.846105, 0.32765]}"
Glasses,D00816_unified.obj,2542,5000,3,"{""min"": [-0.435196, -0.216827, -0.068847], ""max"": [0.471347, 0.783173, 0.124655], ""size"": [0.9065430000000001, 1.0, 0.193502]}"
Glasses,D00877_unified.obj,2711,5414,3,"{""min"": [-0.326238, -0.433132, -0.130122], ""max"": [0.673762, 0.432366, 0.205313], ""size"": [1.0, 0.865498, 0.335435]}"
Glasses,D00883_unified.obj,2804,5504,3,"{""min"": [-0.499592, -0.1475, -0.075781], ""max"": [0.500408, 0.818157, 0.10195], ""size"": [1.0, 0.965657, 0.177731]}"
Glasses,D00937_unified.obj,555,1106,3,"{""min"": [-0.499818, -0.2186, -0.104827], ""max"": [0.500182, 0.71348, 0.105197], ""size"": [1.0, 0.93208, 0.210024]}"
Glasses,D00994_unified.obj,2198,4312,3,"{""min"": [-0.419496, -0.201718, -0.087007], ""max"": [0.580504, 0.571014, 0.118448], ""size"": [1.0, 0.772732, 0.205455]}"
Guitar,D00023_unified.obj,2645,4997,3,"{""min"": [-0.427495, -0.206299, -0.040679], ""max"": [0.572505, 0.152965, 0.06751], ""size"": [1.0, 0.35926400000000003, 0.10818900000000001]}"
Guitar,D00041_unified.obj,2799,4999,3,"{""min"": [-0.321304, -0.11186, -0.013263], ""max"": [0.678696, 0.156215, 0.025738], ""size"": [1.0, 0.268075, 0.039001]}"
Guitar,D00076_unified.obj,1867,2764,3,"{""min"": [-0.367849, -0.172397, -0.023566], ""max"": [0.632151, 0.195999, 0.038097], ""size"": [1.0, 0.368396, 0.061662999999999996]}"
Guitar,D00097_unified.obj,942,1792,3,"{""min"": [-0.35668, -0.146782, -0.024843], ""max"": [0.64332, 0.148502, 0.072043], ""size"": [1.0, 0.295284, 0.096886]}"
Guitar,D00124_unified.obj,1621,2867,3,"{""min"": [-0.33784, -0.125507, -0.014834], ""max"": [0.66216, 0.190885, 0.047285], ""size"": [1.0, 0.316392, 0.062119]}"
Guitar,D00222_unified.obj,4090,7980,3,"{""min"": [-0.386795, -0.171183, -0.057789], ""max"": [0.613205, 0.171635, 0.052989], ""size"": [1.0, 0.342818, 0.110778]}"
Guitar,D00232_unified.obj,2302,4508,3,"{""min"": [-0.487873, -0.227705, -0.028176], ""max"": [0.512127, 0.187279, 0.069462], ""size"": [1.0, 0.414984, 0.097638]}"
Guitar,D00335_unified.obj,2581,5000,3,"{""min"": [-0.469517, -0.174684, -0.054843], ""max"": [0.530483, 0.174316, 0.059404], ""size"": [1.0, 0.349, 0.114247]}"
Guitar,D00374_unified.obj,1481,2555,3,"{""min"": [-0.373606, -0.145078, -0.027894], ""max"": [0.626394, 0.141978, 0.063437], ""size"": [1.0, 0.287056, 0.091331]}"
Guitar,D00414_unified.obj,2992,5332,3,"{""min"": [-0.443171, -0.157576, -0.068464], ""max"": [0.556829, 0.155949, 0.08256], ""size"": [1.0, 0.313525, 0.151024]}"
Guitar,D00416_unified.obj,2641,4970,3,"{""min"": [-0.52363, -0.196305, -0.027292], ""max"": [0.47637, 0.195704, 0.071452], ""size"": [1.0, 0.392009, 0.098744]}"
Guitar,D00461_unified.obj,2670,4998,3,"{""min"": [-0.343051, -0.153224, -0.027524], ""max"": [0.656949, 0.150958, 0.043954], ""size"": [1.0, 0.304182, 0.071478]}"
Guitar,D00464_unified.obj,3016,5657,3,"{""min"": [-0.297095, -0.210653, -0.050914], ""max"": [0.702905, 0.182339, 0.099447], ""size"": [1.0, 0.392992, 0.150361]}"
Guitar,D00494_unified.obj,2867,4986,3,"{""min"": [-0.459001, -0.108064, -0.022703], ""max"": [0.540999, 0.147562, 0.062823], ""size"": [1.0, 0.255626, 0.085526]}"
Guitar,D00534_unified.obj,1864,3600,3,"{""min"": [-0.373624, -0.161488, -0.031386], ""max"": [0.626376, 0.161077, 0.070324], ""size"": [1.0, 0.322565, 0.10171]}"
Guitar,D00549_unified.obj,2748,5000,3,"{""min"": [-0.44096, -0.158213, -0.018991], ""max"": [0.55904, 0.121469, 0.036416], ""size"": [1.0, 0.279682, 0.055407]}"
Guitar,D00645_unified.obj,3935,7675,3,"{""min"": [-0.388321, -0.135708, -0.039576], ""max"": [0.611679, 0.225707, 0.055518], ""size"": [1.0, 0.361415, 0.095094]}"
Guitar,D00655_unified.obj,2740,5000,3,"{""min"": [-0.430347, -0.162443, -0.0109], ""max"": [0.569653, 0.230319, 0.018369], ""size"": [1.0, 0.392762, 0.029269]}"
Guitar,D00844_unified.obj,2798,4934,3,"{""min"": [-0.493695, -0.186221, -0.07757], ""max"": [0.506305, 0.190645, 0.114899], ""size"": [1.0, 0.37686600000000003, 0.192469]}"
Guitar,D00849_unified.obj,2900,4832,3,"{""min"": [-0.42003, -0.135706, -0.03777], ""max"": [0.57997, 0.194611, 0.090643], ""size"": [1.0, 0.33031699999999997, 0.128413]}"
Gun,D00103_unified.obj,3322,6612,3,"{""min"": [-0.354112, -0.206596, -0.064457], ""max"": [0.645888, 0.363925, 0.063635], ""size"": [1.0, 0.5705210000000001, 0.12809199999999998]}"
Gun,D00137_unified.obj,2578,4999,3,"{""min"": [-0.374362, -0.19455, -0.059173], ""max"": [0.625638, 0.227209, 0.058962], ""size"": [1.0, 0.421759, 0.118135]}"
Gun,D00140_unified.obj,2583,5000,3,"{""min"": [-0.407368, -0.158301, -0.063433], ""max"": [0.592632, 0.215302, 0.06362], ""size"": [1.0, 0.373603, 0.127053]}"
Gun,D00153_unified.obj,1420,2816,3,"{""min"": [-0.459454, -0.162588, -0.058317], ""max"": [0.540546, 0.299132, 0.058016], ""size"": [1.0, 0.46172, 0.11633299999999999]}"
Gun,D00161_unified.obj,1160,2288,3,"{""min"": [-0.452887, -0.33287, -0.064937], ""max"": [0.547113, 0.237121, 0.069809], ""size"": [1.0, 0.569991, 0.13474599999999998]}"
Gun,D00204_unified.obj,2003,3555,3,"{""min"": [-0.448703, -0.280932, -0.074049], ""max"": [0.551297, 0.321276, 0.077331], ""size"": [1.0, 0.6022080000000001, 0.15138000000000001]}"
Gun,D00207_unified.obj,2578,4952,3,"{""min"": [-0.367318, -0.309693, -0.070264], ""max"": [0.632682, 0.265944, 0.06872], ""size"": [1.0, 0.575637, 0.138984]}"
Gun,D00209_unified.obj,2535,5000,3,"{""min"": [-0.411714, -0.196009, -0.104037], ""max"": [0.588286, 0.36751, 0.107447], ""size"": [1.0, 0.563519, 0.211484]}"
Gun,D00239_unified.obj,2121,4229,3,"{""min"": [-0.450467, -0.151807, -0.035127], ""max"": [0.549533, 0.131665, 0.035195], ""size"": [1.0, 0.283472, 0.070322]}"
Gun,D00244_unified.obj,1136,2232,3,"{""min"": [-0.39367, -0.2143, -0.078901], ""max"": [0.60633, 0.378429, 0.085625], ""size"": [1.0, 0.5927290000000001, 0.164526]}"
Gun,D00282_unified.obj,2525,4963,3,"{""min"": [-0.367622, -0.145438, -0.066401], ""max"": [0.632378, 0.246671, 0.084825], ""size"": [1.0, 0.39210900000000004, 0.151226]}"
Gun,D00368_unified.obj,2516,5000,3,"{""min"": [-0.505719, -0.244408, -0.076178], ""max"": [0.494281, 0.258081, 0.076317], ""size"": [1.0, 0.502489, 0.152495]}"
Gun,D00425_unified.obj,2503,4905,3,"{""min"": [-0.457897, -0.210177, -0.051784], ""max"": [0.542103, 0.319152, 0.051137], ""size"": [1.0, 0.5293289999999999, 0.102921]}"
Gun,D00477_unified.obj,1995,3697,3,"{""min"": [-0.448419, -0.093168, -0.027424], ""max"": [0.551581, 0.118711, 0.027917], ""size"": [1.0, 0.21187899999999998, 0.055341]}"
Gun,D00606_unified.obj,2503,4998,3,"{""min"": [-0.390689, -0.243795, -0.082854], ""max"": [0.609311, 0.354853, 0.082998], ""size"": [1.0, 0.598648, 0.165852]}"
Gun,D00802_unified.obj,1146,2256,3,"{""min"": [-0.302362, -0.172224, -0.047075], ""max"": [0.697638, 0.222454, 0.050514], ""size"": [1.0, 0.394678, 0.09758900000000001]}"
Gun,D00819_unified.obj,2587,4911,3,"{""min"": [-0.376929, -0.233319, -0.0626], ""max"": [0.623071, 0.252779, 0.067171], ""size"": [1.0, 0.486098, 0.129771]}"
Gun,D00826_unified.obj,2497,4969,3,"{""min"": [-0.439922, -0.138289, -0.065932], ""max"": [0.560078, 0.179111, 0.065825], ""size"": [1.0, 0.3174, 0.131757]}"
Gun,D00929_unified.obj,2826,5576,3,"{""min"": [-0.402201, -0.296992, -0.046372], ""max"": [0.597799, 0.284852, 0.059084], ""size"": [1.0, 0.581844, 0.105456]}"
Gun,D00972_unified.obj,2544,4959,3,"{""min"": [-0.405357, -0.239327, -0.085682], ""max"": [0.594643, 0.28315, 0.087655], ""size"": [1.0, 0.5224770000000001, 0.173337]}"
Gun,m648_unified.obj,4880,9712,3,"{""min"": [-0.288823, -0.173676, -0.042103], ""max"": [0.711177, 0.386268, 0.064023], ""size"": [1.0, 0.559944, 0.106126]}"
Gun,m649_unified.obj,3976,7244,3,"{""min"": [-0.410326, -0.245049, -0.051246], ""max"": [0.589674, 0.34875, 0.054868], ""size"": [1.0, 0.593799, 0.106114]}"
Gun,m650_unified.obj,5358,9808,3,"{""min"": [-0.399228, -0.249195, -0.062582], ""max"": [0.600772, 0.286777, 0.061182], ""size"": [1.0, 0.535972, 0.123764]}"
Gun,m651_unified.obj,308,520,3,"{""min"": [-0.490752, -0.235608, -0.110451], ""max"": [0.509248, 0.345085, 0.110171], ""size"": [1.0, 0.580693, 0.22062199999999998]}"
Gun,m652_unified.obj,2104,3168,3,"{""min"": [-0.444173, -0.320356, -0.074196], ""max"": [0.555827, 0.281092, 0.077068], ""size"": [1.0, 0.601448, 0.151264]}"
Gun,m653_unified.obj,2162,4300,3,"{""min"": [-0.3242, -0.138931, -0.069049], ""max"": [0.6758, 0.245218, 0.07079], ""size"": [1.0, 0.38414899999999996, 0.139839]}"
Gun,m654_unified.obj,4196,8352,3,"{""min"": [-0.389333, -0.22768, -0.039278], ""max"": [0.610667, 0.293654, 0.044496], ""size"": [1.0, 0.521334, 0.083774]}"
Gun,m655_unified.obj,1420,2812,3,"{""min"": [-0.459454, -0.162588, -0.058318], ""max"": [0.540546, 0.299132, 0.058016], ""size"": [1.0, 0.46172, 0.11633399999999999]}"
Gun,m656_unified.obj,2520,4945,3,"{""min"": [-0.365249, -0.318991, -0.070359], ""max"": [0.634751, 0.266945, 0.068263], ""size"": [1.0, 0.585936, 0.13862200000000002]}"
Gun,m657_unified.obj,2523,5000,3,"{""min"": [-0.436014, -0.386589, -0.111898], ""max"": [0.563986, 0.443384, 0.112581], ""size"": [1.0, 0.8299730000000001, 0.22447899999999998]}"
Gun,m658_unified.obj,1136,2232,3,"{""min"": [-0.393671, -0.214301, -0.078901], ""max"": [0.606329, 0.378429, 0.085625], ""size"": [1.0, 0.59273, 0.164526]}"
Gun,m659_unified.obj,4636,9160,3,"{""min"": [-0.340632, -0.114269, -0.068613], ""max"": [0.659368, 0.16822, 0.068115], ""size"": [1.0, 0.282489, 0.136728]}"
Gun,m660_unified.obj,1085,1212,3,"{""min"": [-0.546476, -0.172657, -0.066623], ""max"": [0.453524, 0.173899, 0.060261], ""size"": [1.0, 0.346556, 0.126884]}"
Gun,m661_unified.obj,1390,2672,3,"{""min"": [-0.358222, -0.177189, -0.051926], ""max"": [0.641778, 0.305723, 0.061712], ""size"": [1.0, 0.482912, 0.113638]}"
Gun,m662_unified.obj,1715,3310,3,"{""min"": [-0.439723, -0.276079, -0.060256], ""max"": [0.560277, 0.387491, 0.05866], ""size"": [1.0, 0.66357, 0.118916]}"
Gun,m663_unified.obj,1892,3688,3,"{""min"": [-0.412459, -0.23259, -0.057946], ""max"": [0.587541, 0.29515, 0.057642], ""size"": [1.0, 0.52774, 0.115588]}"
Gun,m664_unified.obj,2516,5000,3,"{""min"": [-0.506647, -0.244714, -0.076316], ""max"": [0.493353, 0.256914, 0.07615], ""size"": [1.0, 0.501628, 0.152466]}"
Gun,m665_unified.obj,1847,3499,3,"{""min"": [-0.370374, -0.22191, -0.081776], ""max"": [0.629626, 0.434819, 0.079652], ""size"": [1.0, 0.656729, 0.16142800000000002]}"
Gun,m666_unified.obj,2480,4981,3,"{""min"": [-0.378105, -0.232745, -0.106747], ""max"": [0.621895, 0.281906, 0.108114], ""size"": [1.0, 0.514651, 0.214861]}"
Gun,m667_unified.obj,3050,5988,3,"{""min"": [-0.389773, -0.138538, -0.044897], ""max"": [0.610227, 0.247263, 0.044968], ""size"": [1.0, 0.385801, 0.089865]}"
Gun,m668_unified.obj,1414,2534,3,"{""min"": [-0.359934, -0.129847, -0.033564], ""max"": [0.640066, 0.126778, 0.039383], ""size"": [1.0, 0.256625, 0.072947]}"
Gun,m669_unified.obj,3943,7288,3,"{""min"": [-0.417962, -0.0375, -0.027084], ""max"": [0.582038, 0.092748, 0.052184], ""size"": [1.0, 0.130248, 0.079268]}"
Gun,m670_unified.obj,2516,5000,3,"{""min"": [-0.521006, -0.221011, -0.019848], ""max"": [0.478994, 0.140805, 0.026986], ""size"": [1.0, 0.361816, 0.046834]}"
Gun,m671_unified.obj,4653,9195,3,"{""min"": [-0.519088, -0.124141, -0.026619], ""max"": [0.480912, 0.09828, 0.026489], ""size"": [1.0, 0.222421, 0.053108]}"
Gun,m672_unified.obj,518,1008,3,"{""min"": [-0.452316, -0.084522, -0.023137], ""max"": [0.547684, 0.159256, 0.023138], ""size"": [1.0, 0.243778, 0.046275]}"
Gun,m674_unified.obj,2565,4999,3,"{""min"": [-0.447405, -0.144964, -0.024835], ""max"": [0.552595, 0.131312, 0.025202], ""size"": [1.0, 0.276276, 0.050037]}"
Gun,m675_unified.obj,1512,2560,3,"{""min"": [-0.499673, -0.072245, -0.046217], ""max"": [0.500327, 0.161708, 0.046227], ""size"": [1.0, 0.233953, 0.092444]}"
Gun,m676_unified.obj,1870,3640,3,"{""min"": [-0.263633, -0.082663, -0.079268], ""max"": [0.736367, 0.17504, 0.116206], ""size"": [1.0, 0.257703, 0.195474]}"
Gun,m677_unified.obj,2518,4996,3,"{""min"": [-0.253166, -0.044346, -0.018264], ""max"": [0.746834, 0.051244, 0.018707], ""size"": [1.0, 0.09559, 0.036971000000000004]}"
Gun,m678_unified.obj,4709,8822,3,"{""min"": [-0.442334, -0.056824, -0.021781], ""max"": [0.557666, 0.153039, 0.024478], ""size"": [1.0, 0.20986300000000002, 0.046258999999999995]}"
Gun,m679_unified.obj,2003,3698,3,"{""min"": [-0.448875, -0.093311, -0.027423], ""max"": [0.551125, 0.11852, 0.027915], ""size"": [1.0, 0.211831, 0.055338]}"
Gun,m680_unified.obj,2823,5500,3,"{""min"": [-0.343041, -0.038328, -0.011737], ""max"": [0.656959, 0.050701, 0.019383], ""size"": [1.0, 0.089029, 0.031120000000000002]}"
Gun,m681_unified.obj,2362,4595,3,"{""min"": [-0.366411, -0.089222, -0.026528], ""max"": [0.633589, 0.142961, 0.032015], ""size"": [1.0, 0.232183, 0.058543]}"
Gun,m682_unified.obj,1982,3696,3,"{""min"": [-0.453658, -0.10814, -0.031084], ""max"": [0.546342, 0.170342, 0.03431], ""size"": [1.0, 0.278482, 0.06539400000000001]}"
Gun,m683_unified.obj,1907,3716,3,"{""min"": [-0.364222, -0.071124, -0.024835], ""max"": [0.635778, 0.095156, 0.047375], ""size"": [1.0, 0.16628, 0.07221]}"
Gun,m684_unified.obj,2546,5000,3,"{""min"": [-0.38429, -0.091604, -0.066416], ""max"": [0.61571, 0.43428, 0.2341], ""size"": [1.0, 0.525884, 0.300516]}"
Gun,m685_unified.obj,1091,2159,3,"{""min"": [-0.425415, -0.108963, -0.085688], ""max"": [0.574585, 0.215675, 0.085631], ""size"": [1.0, 0.324638, 0.171319]}"
Gun,m686_unified.obj,3286,6135,3,"{""min"": [-0.394745, -0.09027, -0.02719], ""max"": [0.605255, 0.139265, 0.058964], ""size"": [1.0, 0.229535, 0.08615400000000001]}"
Hand,D01006_unified.obj,2502,5000,3,"{""min"": [-0.332095, -0.277504, -0.20395], ""max"": [0.667905, 0.281051, 0.27296], ""size"": [1.0, 0.5585549999999999, 0.47690999999999995]}"
Hand,D01020_unified.obj,2502,5000,3,"{""min"": [-0.474456, -0.215071, -0.191899], ""max"": [0.525544, 0.201093, 0.159092], ""size"": [1.0, 0.416164, 0.350991]}"
Hand,D01022_unified.obj,3190,6215,3,"{""min"": [-0.259057, -0.203805, -0.208176], ""max"": [0.740943, 0.237388, 0.273697], ""size"": [1.0, 0.44119299999999995, 0.481873]}"
Hand,D01024_unified.obj,420,816,3,"{""min"": [-0.434745, -0.369565, -0.157232], ""max"": [0.565255, 0.54727, 0.186957], ""size"": [1.0, 0.9168350000000001, 0.344189]}"
Hand,D01041_unified.obj,1546,2878,3,"{""min"": [-0.341561, -0.235815, -0.152428], ""max"": [0.658439, 0.318195, 0.210249], ""size"": [1.0, 0.55401, 0.362677]}"
Hand,D01060_unified.obj,1521,2828,3,"{""min"": [-0.348597, -0.228742, -0.226275], ""max"": [0.651403, 0.317772, 0.148867], ""size"": [1.0, 0.5465139999999999, 0.375142]}"
Hand,D01074_unified.obj,1678,3348,3,"{""min"": [-0.363032, -0.268083, -0.171829], ""max"": [0.636968, 0.319977, 0.175192], ""size"": [1.0, 0.58806, 0.347021]}"
Hand,D01093_unified.obj,2502,5000,3,"{""min"": [-0.486979, -0.219233, -0.127643], ""max"": [0.513021, 0.252353, 0.228465], ""size"": [1.0, 0.471586, 0.356108]}"
Hand,D01097_unified.obj,2502,5000,3,"{""min"": [-0.483232, -0.373895, -0.170959], ""max"": [0.516768, 0.491526, 0.146088], ""size"": [1.0, 0.865421, 0.31704699999999997]}"
Hand,D01106_unified.obj,2248,4466,3,"{""min"": [-0.275105, -0.061375, -0.066539], ""max"": [0.724895, 0.094107, 0.053802], ""size"": [1.0, 0.155482, 0.120341]}"
Hand,D01117_unified.obj,2502,5000,3,"{""min"": [-0.468086, -0.389117, -0.126127], ""max"": [0.531914, 0.486868, 0.112931], ""size"": [1.0, 0.875985, 0.239058]}"
Hand,D01118_unified.obj,1557,3110,3,"{""min"": [-0.354402, -0.23017, -0.16663], ""max"": [0.645598, 0.365919, 0.137047], ""size"": [1.0, 0.596089, 0.303677]}"
Hand,D01153_unified.obj,2502,5000,3,"{""min"": [-0.392419, -0.140406, -0.108914], ""max"": [0.607581, 0.201875, 0.145956], ""size"": [1.0, 0.342281, 0.25487]}"
Hand,D01162_unified.obj,4786,9568,3,"{""min"": [-0.419217, -0.381189, -0.349238], ""max"": [0.580783, 0.446138, 0.351987], ""size"": [1.0, 0.8273269999999999, 0.701225]}"
Hand,D01170_unified.obj,1547,3090,3,"{""min"": [-0.407, -0.202176, -0.117267], ""max"": [0.593, 0.318076, 0.112765], ""size"": [1.0, 0.520252, 0.23003200000000001]}"
Hand,D01172_unified.obj,2570,5000,3,"{""min"": [-0.479152, -0.214199, -0.121087], ""max"": [0.520848, 0.211195, 0.140513], ""size"": [1.0, 0.425394, 0.2616]}"
Hand,D01193_unified.obj,1538,3072,3,"{""min"": [-0.524499, -0.293855, -0.127459], ""max"": [0.475501, 0.477962, 0.196738], ""size"": [1.0, 0.771817, 0.32419699999999996]}"
Hand,D01197_unified.obj,2502,5000,3,"{""min"": [-0.41983, -0.303372, -0.156518], ""max"": [0.58017, 0.356695, 0.237531], ""size"": [1.0, 0.660067, 0.394049]}"
Hand,D01198_unified.obj,1925,3846,3,"{""min"": [-0.295156, -0.0949, -0.079795], ""max"": [0.704844, 0.1434, 0.081009], ""size"": [1.0, 0.2383, 0.160804]}"
Hand,D01200_unified.obj,2502,5000,3,"{""min"": [-0.439194, -0.229676, -0.195439], ""max"": [0.560806, 0.252506, 0.196243], ""size"": [1.0, 0.482182, 0.391682]}"
Hand,m323_unified.obj,2570,5000,3,"{""min"": [-0.478332, -0.213815, -0.120938], ""max"": [0.521668, 0.211468, 0.140461], ""size"": [1.0, 0.42528299999999997, 0.261399]}"
Hand,m324_unified.obj,2502,5000,3,"{""min"": [-0.392529, -0.140216, -0.108956], ""max"": [0.607471, 0.201774, 0.145637], ""size"": [1.0, 0.34199, 0.25459299999999996]}"
Hand,m325_unified.obj,1546,2878,3,"{""min"": [-0.341561, -0.235814, -0.152428], ""max"": [0.658439, 0.318195, 0.210249], ""size"": [1.0, 0.554009, 0.362677]}"
Hand,m326_unified.obj,1521,2828,3,"{""min"": [-0.348597, -0.228741, -0.226275], ""max"": [0.651403, 0.317772, 0.148867], ""size"": [1.0, 0.546513, 0.375142]}"
Hand,m327_unified.obj,1538,3072,3,"{""min"": [-0.524499, -0.293855, -0.127458], ""max"": [0.475501, 0.477962, 0.196738], ""size"": [1.0, 0.771817, 0.324196]}"
Hand,m328_unified.obj,2502,5000,3,"{""min"": [-0.468281, -0.389193, -0.126042], ""max"": [0.531719, 0.486775, 0.113], ""size"": [1.0, 0.8759680000000001, 0.23904199999999998]}"
Hand,m329_unified.obj,2502,5000,3,"{""min"": [-0.483604, -0.373037, -0.170943], ""max"": [0.516396, 0.492209, 0.145993], ""size"": [1.0, 0.865246, 0.316936]}"
Hand,m330_unified.obj,3190,6215,3,"{""min"": [-0.259057, -0.203805, -0.208176], ""max"": [0.740943, 0.237389, 0.273697], ""size"": [1.0, 0.441194, 0.481873]}"
Hand,m331_unified.obj,1678,3348,3,"{""min"": [-0.363032, -0.268084, -0.171829], ""max"": [0.636968, 0.319977, 0.175192], ""size"": [1.0, 0.588061, 0.347021]}"
Hand,m332_unified.obj,4786,9568,3,"{""min"": [-0.419217, -0.381189, -0.349238], ""max"": [0.580783, 0.446138, 0.351987], ""size"": [1.0, 0.8273269999999999, 0.701225]}"
Hand,m333_unified.obj,4086,8168,3,"{""min"": [-0.434695, -0.287948, -0.233053], ""max"": [0.565305, 0.375615, 0.311797], ""size"": [1.0, 0.6635629999999999, 0.5448500000000001]}"
Hand,m334_unified.obj,420,816,3,"{""min"": [-0.434745, -0.369565, -0.157232], ""max"": [0.565255, 0.54727, 0.186957], ""size"": [1.0, 0.9168350000000001, 0.344189]}"
Hand,m335_unified.obj,2502,5000,3,"{""min"": [-0.332095, -0.277504, -0.20395], ""max"": [0.667905, 0.281051, 0.27296], ""size"": [1.0, 0.5585549999999999, 0.47690999999999995]}"
Hand,m336_unified.obj,1557,3110,3,"{""min"": [-0.354402, -0.23017, -0.16663], ""max"": [0.645598, 0.365919, 0.137047], ""size"": [1.0, 0.596089, 0.303677]}"
Hand,m337_unified.obj,1925,3846,3,"{""min"": [-0.295156, -0.0949, -0.079795], ""max"": [0.704844, 0.143401, 0.081009], ""size"": [1.0, 0.23830099999999999, 0.160804]}"
Hand,m338_unified.obj,1547,3090,3,"{""min"": [-0.407, -0.202176, -0.117267], ""max"": [0.593, 0.318076, 0.112765], ""size"": [1.0, 0.520252, 0.23003200000000001]}"
Hand,m339_unified.obj,2248,4466,3,"{""min"": [-0.275105, -0.061376, -0.06654], ""max"": [0.724895, 0.094107, 0.053802], ""size"": [1.0, 0.15548299999999998, 0.120342]}"
Hat,m1627_unified.obj,4006,7992,3,"{""min"": [-0.241401, -0.50002, -0.1432], ""max"": [0.532942, 0.49998, 0.241972], ""size"": [0.774343, 1.0, 0.38517199999999996]}"
Hat,m1628_unified.obj,3414,6000,3,"{""min"": [-0.499464, -0.402488, -0.158702], ""max"": [0.500536, 0.403715, 0.410613], ""size"": [1.0, 0.806203, 0.569315]}"
Hat,m1629_unified.obj,2388,4284,3,"{""min"": [-0.50003, -0.360035, -0.121886], ""max"": [0.49997, 0.388322, 0.190678], ""size"": [1.0, 0.7483569999999999, 0.31256399999999995]}"
Hat,m1630_unified.obj,2242,4480,3,"{""min"": [-0.494357, -0.461147, -0.204277], ""max"": [0.505643, 0.450789, 0.258862], ""size"": [1.0, 0.911936, 0.46313899999999997]}"
Hat,m1631_unified.obj,2049,3410,3,"{""min"": [-0.4952, -0.418222, -0.156166], ""max"": [0.5048, 0.456159, 0.340004], ""size"": [1.0, 0.874381, 0.49617]}"
Hat,m1632_unified.obj,1264,2514,3,"{""min"": [-0.521589, -0.424709, -0.454793], ""max"": [0.478411, 0.42468, 0.272631], ""size"": [1.0, 0.849389, 0.7274240000000001]}"
Hat,m1633_unified.obj,1400,2653,3,"{""min"": [-0.420918, -0.380096, -0.236656], ""max"": [0.579082, 0.450432, 0.252377], ""size"": [1.0, 0.8305279999999999, 0.48903300000000005]}"
Hat,m1634_unified.obj,2532,4999,3,"{""min"": [-0.400575, -0.465448, -0.328224], ""max"": [0.599425, 0.473276, 0.36337], ""size"": [1.0, 0.9387239999999999, 0.691594]}"
Hat,m1635_unified.obj,2492,4981,3,"{""min"": [-0.409343, -0.40945, -0.197191], ""max"": [0.590657, 0.415471, 0.432858], ""size"": [1.0, 0.824921, 0.6300490000000001]}"
Hat,m1636_unified.obj,1698,3392,3,"{""min"": [-0.421132, -0.278415, -0.371733], ""max"": [0.423056, 0.721585, 0.351468], ""size"": [0.8441879999999999, 1.0, 0.723201]}"
Hat,m1637_unified.obj,4002,8000,3,"{""min"": [-0.449519, -0.387441, -0.296789], ""max"": [0.550481, 0.387574, 0.365804], ""size"": [1.0, 0.775015, 0.662593]}"
Hat,m1638_unified.obj,2490,4978,3,"{""min"": [-0.50002, -0.40292, -0.19887], ""max"": [0.49998, 0.402092, 0.285692], ""size"": [1.0, 0.8050120000000001, 0.484562]}"
Hat,m1639_unified.obj,2029,4000,3,"{""min"": [-0.505296, -0.328285, -0.562135], ""max"": [0.471474, 0.329132, 0.437865], ""size"": [0.9767699999999999, 0.6574169999999999, 1.0]}"
Hat,m1640_unified.obj,4002,8000,3,"{""min"": [-0.503691, -0.366129, -0.303955], ""max"": [0.496309, 0.366129, 0.362756], ""size"": [1.0, 0.732258, 0.666711]}"
Hat,m1641_unified.obj,1256,2500,3,"{""min"": [-0.477758, -0.256932, -0.235066], ""max"": [0.522242, 0.543346, 0.307825], ""size"": [1.0, 0.800278, 0.542891]}"
Helicopter,D00038_unified.obj,2806,4754,3,"{""min"": [-0.447703, -0.110027, -0.087594], ""max"": [0.552297, 0.167455, 0.088571], ""size"": [1.0, 0.277482, 0.17616500000000002]}"
Helicopter,D00191_unified.obj,2637,4937,3,"{""min"": [-0.423787, -0.196278, -0.403408], ""max"": [0.576213, 0.163549, 0.416859], ""size"": [1.0, 0.359827, 0.820267]}"
Helicopter,D00361_unified.obj,3098,4865,3,"{""min"": [-0.388059, -0.412573, -0.154506], ""max"": [0.611941, 0.389763, 0.135315], ""size"": [1.0, 0.802336, 0.289821]}"
Helicopter,D00397_unified.obj,3267,4978,3,"{""min"": [-0.434025, -0.249615, -0.344875], ""max"": [0.565975, 0.143034, 0.342173], ""size"": [1.0, 0.392649, 0.687048]}"
Helicopter,D00423_unified.obj,1362,2668,3,"{""min"": [-0.282144, -0.399518, -0.117985], ""max"": [0.717856, 0.384512, 0.179305], ""size"": [1.0, 0.78403, 0.29729]}"
Helicopter,D00470_unified.obj,1882,3652,3,"{""min"": [-0.403761, -0.382104, -0.107939], ""max"": [0.596239, 0.354844, 0.180248], ""size"": [1.0, 0.7369479999999999, 0.28818699999999997]}"
Helicopter,D00471_unified.obj,2846,4796,3,"{""min"": [-0.463697, -0.151546, -0.409029], ""max"": [0.536303, 0.103368, 0.41105], ""size"": [1.0, 0.254914, 0.820079]}"
Helicopter,D00473_unified.obj,2859,4893,3,"{""min"": [-0.362581, -0.386528, -0.409328], ""max"": [0.637419, 0.210842, 0.258534], ""size"": [1.0, 0.59737, 0.667862]}"
Helicopter,D00498_unified.obj,1464,2618,3,"{""min"": [-0.601505, -0.386789, -0.102447], ""max"": [0.398495, 0.364439, 0.165427], ""size"": [1.0, 0.751228, 0.267874]}"
Helicopter,D00500_unified.obj,3005,4979,3,"{""min"": [-0.438815, -0.13056, -0.399111], ""max"": [0.561185, 0.124858, 0.41585], ""size"": [1.0, 0.25541800000000003, 0.814961]}"
Helicopter,D00502_unified.obj,2740,5138,3,"{""min"": [-0.366533, -0.135371, -0.336378], ""max"": [0.633467, 0.159414, 0.33133], ""size"": [1.0, 0.29478499999999996, 0.667708]}"
Helicopter,D00644_unified.obj,2491,4998,3,"{""min"": [-0.458489, -0.509142, -0.075882], ""max"": [0.541511, 0.42756, 0.123895], ""size"": [1.0, 0.9367019999999999, 0.199777]}"
Helicopter,D00658_unified.obj,2770,4664,3,"{""min"": [-0.483872, -0.121402, -0.308918], ""max"": [0.516128, 0.204174, 0.458525], ""size"": [1.0, 0.325576, 0.7674430000000001]}"
Helicopter,D00751_unified.obj,2608,4875,3,"{""min"": [-0.466466, -0.111111, -0.425922], ""max"": [0.533534, 0.134116, 0.433537], ""size"": [1.0, 0.24522700000000003, 0.859459]}"
Helicopter,D00796_unified.obj,798,1472,3,"{""min"": [-0.369945, -0.500567, -0.131492], ""max"": [0.498908, 0.499433, 0.174355], ""size"": [0.8688530000000001, 1.0, 0.305847]}"
Helicopter,D00820_unified.obj,2688,4000,3,"{""min"": [-0.26749, -0.503916, -0.157368], ""max"": [0.7304, 0.496084, 0.191534], ""size"": [0.99789, 1.0, 0.34890200000000005]}"
Helicopter,D00868_unified.obj,2810,5300,3,"{""min"": [-0.319248, -0.378916, -0.062824], ""max"": [0.680752, 0.379427, 0.106918], ""size"": [1.0, 0.758343, 0.169742]}"
Helicopter,D00977_unified.obj,3167,4964,3,"{""min"": [-0.442017, -0.379627, -0.279541], ""max"": [0.557983, 0.227505, 0.181051], ""size"": [1.0, 0.607132, 0.460592]}"
Helicopter,D00986_unified.obj,4390,8240,3,"{""min"": [-0.428685, -0.336789, -0.057443], ""max"": [0.571315, 0.336518, 0.121519], ""size"": [1.0, 0.673307, 0.178962]}"
Helicopter,D00991_unified.obj,1976,3360,3,"{""min"": [-0.359702, -0.123819, -0.312264], ""max"": [0.640298, 0.169715, 0.316168], ""size"": [1.0, 0.293534, 0.628432]}"
Helicopter,m1302_unified.obj,3983,7414,3,"{""min"": [-0.439256, -0.133276, -0.099136], ""max"": [0.560744, 0.2056, 0.100098], ""size"": [1.0, 0.338876, 0.19923400000000002]}"
Helicopter,m1304_unified.obj,4204,8364,3,"{""min"": [-0.39114, -0.221088, -0.132206], ""max"": [0.60886, 0.270736, 0.131428], ""size"": [1.0, 0.491824, 0.263634]}"
Helicopter,m1305_unified.obj,2519,5000,3,"{""min"": [-0.432689, -0.119776, -0.074308], ""max"": [0.567311, 0.174231, 0.077067], ""size"": [1.0, 0.294007, 0.15137499999999998]}"
Helicopter,m1306_unified.obj,2108,4124,3,"{""min"": [-0.300321, -0.130506, -0.366699], ""max"": [0.699679, 0.203055, 0.380113], ""size"": [1.0, 0.333561, 0.746812]}"
Helicopter,m1307_unified.obj,2862,5000,3,"{""min"": [-0.39283, -0.396515, -0.117598], ""max"": [0.60717, 0.373919, 0.15647], ""size"": [1.0, 0.7704340000000001, 0.274068]}"
Helicopter,m1308_unified.obj,2495,4993,3,"{""min"": [-0.462619, -0.50886, -0.076611], ""max"": [0.537381, 0.425723, 0.122854], ""size"": [1.0, 0.9345829999999999, 0.199465]}"
Helicopter,m1309_unified.obj,2046,3396,3,"{""min"": [-0.358699, -0.173917, -0.304462], ""max"": [0.641301, 0.128312, 0.314452], ""size"": [1.0, 0.30222899999999997, 0.618914]}"
Helicopter,m1310_unified.obj,1362,2666,3,"{""min"": [-0.282144, -0.399518, -0.117985], ""max"": [0.717856, 0.384512, 0.179305], ""size"": [1.0, 0.78403, 0.29729]}"
Helicopter,m1311_unified.obj,4018,8032,3,"{""min"": [-0.57518, -0.439309, -0.092131], ""max"": [0.42482, 0.431031, 0.108928], ""size"": [1.0, 0.87034, 0.201059]}"
Helicopter,m1312_unified.obj,798,1472,3,"{""min"": [-0.369945, -0.500567, -0.131492], ""max"": [0.498908, 0.499433, 0.174355], ""size"": [0.8688530000000001, 1.0, 0.305847]}"
Helicopter,m1313_unified.obj,1610,2952,3,"{""min"": [-0.335406, -0.500073, -0.111488], ""max"": [0.510439, 0.499927, 0.129903], ""size"": [0.845845, 1.0, 0.241391]}"
Helicopter,m1314_unified.obj,1644,2964,3,"{""min"": [-0.312622, -0.393303, -0.201116], ""max"": [0.687378, 0.391459, 0.192999], ""size"": [1.0, 0.784762, 0.394115]}"
Helicopter,m1315_unified.obj,1862,3376,3,"{""min"": [-0.354196, -0.499913, -0.076851], ""max"": [0.422107, 0.500087, 0.107614], ""size"": [0.776303, 1.0, 0.184465]}"
Helicopter,m1316_unified.obj,1470,2672,3,"{""min"": [-0.471426, -0.292121, -0.122909], ""max"": [0.528574, 0.292279, 0.140186], ""size"": [1.0, 0.5844, 0.263095]}"
Helicopter,m1317_unified.obj,4390,8240,3,"{""min"": [-0.428684, -0.336789, -0.057443], ""max"": [0.571316, 0.336518, 0.121519], ""size"": [1.0, 0.673307, 0.178962]}"
Helicopter,m1318_unified.obj,4370,8224,3,"{""min"": [-0.314476, -0.380513, -0.05914], ""max"": [0.685524, 0.380435, 0.109661], ""size"": [1.0, 0.760948, 0.16880099999999998]}"
Helicopter,m1319_unified.obj,2184,4016,3,"{""min"": [-0.262856, -0.499846, -0.073313], ""max"": [0.443921, 0.500154, 0.096286], ""size"": [0.706777, 1.0, 0.169599]}"
Helicopter,m1320_unified.obj,2926,5000,3,"{""min"": [-0.334198, -0.138001, -0.376733], ""max"": [0.665802, 0.182311, 0.38554], ""size"": [1.0, 0.32031200000000004, 0.762273]}"
Helicopter,m1321_unified.obj,2747,5138,3,"{""min"": [-0.36554, -0.133645, -0.336209], ""max"": [0.63446, 0.157298, 0.331351], ""size"": [1.0, 0.290943, 0.6675599999999999]}"
Helicopter,m1322_unified.obj,2580,5080,3,"{""min"": [-0.502352, -0.43791, -0.098813], ""max"": [0.497648, 0.438475, 0.169413], ""size"": [1.0, 0.876385, 0.268226]}"
Helicopter,m1323_unified.obj,2518,4520,3,"{""min"": [-0.431311, -0.167158, -0.390136], ""max"": [0.568689, 0.372642, 0.422106], ""size"": [1.0, 0.5398, 0.8122419999999999]}"
Helicopter,m1325_unified.obj,5468,9559,3,"{""min"": [-0.419034, -0.434718, -0.118945], ""max"": [0.580966, 0.43179, 0.20674], ""size"": [1.0, 0.8665080000000001, 0.325685]}"
Helicopter,m1326_unified.obj,1545,2297,3,"{""min"": [-0.411133, -0.435725, -0.122153], ""max"": [0.588867, 0.434596, 0.209121], ""size"": [1.0, 0.8703209999999999, 0.331274]}"
Helicopter,m1327_unified.obj,2930,5000,3,"{""min"": [-0.334738, -0.138608, -0.376607], ""max"": [0.665262, 0.18168, 0.385762], ""size"": [1.0, 0.320288, 0.7623690000000001]}"
Helicopter,m1328_unified.obj,2494,5000,3,"{""min"": [-0.441723, -0.402899, -0.093588], ""max"": [0.558277, 0.394668, 0.124276], ""size"": [1.0, 0.797567, 0.217864]}"
Helicopter,m1329_unified.obj,2547,4968,3,"{""min"": [-0.410669, -0.312897, -0.421523], ""max"": [0.589331, 0.363058, 0.415659], ""size"": [1.0, 0.675955, 0.837182]}"
Helicopter,m1330_unified.obj,1159,2276,3,"{""min"": [-0.420498, -0.094156, -0.106226], ""max"": [0.579502, 0.199145, 0.104805], ""size"": [1.0, 0.293301, 0.211031]}"
Helicopter,m1332_unified.obj,1882,3652,3,"{""min"": [-0.403762, -0.382096, -0.107912], ""max"": [0.596238, 0.354853, 0.180276], ""size"": [1.0, 0.736949, 0.288188]}"
Helicopter,m1333_unified.obj,1755,3485,3,"{""min"": [-0.433268, -0.416228, -0.086688], ""max"": [0.566732, 0.416245, 0.170592], ""size"": [1.0, 0.832473, 0.25728]}"
Helicopter,m1334_unified.obj,1035,2039,3,"{""min"": [-0.484848, -0.415259, -0.082349], ""max"": [0.515152, 0.41675, 0.173193], ""size"": [1.0, 0.832009, 0.25554200000000005]}"
Helicopter,m1336_unified.obj,4674,9276,3,"{""min"": [-0.537787, -0.385437, -0.145667], ""max"": [0.462213, 0.368458, 0.168558], ""size"": [1.0, 0.753895, 0.314225]}"
House,D00001_unified.obj,6372,3901,3,"{""min"": [-0.505512, -0.358718, -0.188121], ""max"": [0.494488, 0.471067, 0.353144], ""size"": [1.0, 0.829785, 0.541265]}"
House,D00044_unified.obj,2732,4659,3,"{""min"": [-0.535832, -0.403339, -0.205567], ""max"": [0.440269, 0.596661, 0.332902], ""size"": [0.976101, 1.0, 0.538469]}"
House,D00091_unified.obj,1718,3072,3,"{""min"": [-0.331161, -0.350568, -0.220517], ""max"": [0.668839, 0.342686, 0.434003], ""size"": [1.0, 0.693254, 0.65452]}"
House,D00095_unified.obj,1681,3304,3,"{""min"": [-0.316786, -0.498214, -0.164615], ""max"": [0.548605, 0.501786, 0.292055], ""size"": [0.865391, 1.0, 0.45667]}"
House,D00286_unified.obj,12002,19284,3,"{""min"": [-0.410184, -0.510737, -0.389992], ""max"": [0.383005, 0.489263, 0.183676], ""size"": [0.7931889999999999, 1.0, 0.5736680000000001]}"
House,D00325_unified.obj,2465,4556,3,"{""min"": [-0.526535, -0.417554, -0.536205], ""max"": [0.473465, 0.449842, 0.436417], ""size"": [1.0, 0.8673960000000001, 0.9726220000000001]}"
House,D00359_unified.obj,6201,3968,3,"{""min"": [-0.519182, -0.449134, -0.177705], ""max"": [0.480818, 0.452105, 0.329339], ""size"": [1.0, 0.9012389999999999, 0.507044]}"
House,D00389_unified.obj,7607,4378,3,"{""min"": [-0.522134, -0.395859, -0.193269], ""max"": [0.477866, 0.394555, 0.294168], ""size"": [1.0, 0.790414, 0.487437]}"
House,D00415_unified.obj,3655,4705,3,"{""min"": [-0.494253, -0.231154, -0.298791], ""max"": [0.505747, 0.60252, 0.293308], ""size"": [1.0, 0.8336739999999999, 0.5920989999999999]}"
House,D00454_unified.obj,2883,4995,3,"{""min"": [-0.408643, -0.145392, -0.201164], ""max"": [0.591357, 0.370363, 0.2498], ""size"": [1.0, 0.515755, 0.45096400000000003]}"
House,D00568_unified.obj,2852,5384,3,"{""min"": [-0.477894, -0.36282, -0.244942], ""max"": [0.522106, 0.552966, 0.49918], ""size"": [1.0, 0.915786, 0.744122]}"
House,D00574_unified.obj,15208,14359,3,"{""min"": [-0.508372, -0.446266, -0.273009], ""max"": [0.491628, 0.455453, 0.410951], ""size"": [1.0, 0.9017189999999999, 0.68396]}"
House,D00665_unified.obj,4615,7702,3,"{""min"": [-0.582011, -0.345786, -0.173672], ""max"": [0.417989, 0.47664, 0.484386], ""size"": [1.0, 0.822426, 0.658058]}"
House,D00873_unified.obj,2244,3265,3,"{""min"": [-0.601155, -0.527532, -0.314551], ""max"": [0.388572, 0.472468, 0.186799], ""size"": [0.989727, 1.0, 0.50135]}"
House,D00889_unified.obj,4106,8192,3,"{""min"": [-0.497996, -0.212119, -0.384625], ""max"": [0.502004, 0.671106, 0.281192], ""size"": [1.0, 0.8832249999999999, 0.665817]}"
House,D00901_unified.obj,12004,19336,3,"{""min"": [-0.41286, -0.500605, -0.391808], ""max"": [0.401085, 0.499395, 0.184724], ""size"": [0.813945, 1.0, 0.576532]}"
House,D00903_unified.obj,11559,15135,3,"{""min"": [-0.512289, -0.293056, -0.280552], ""max"": [0.487711, 0.286867, 0.196161], ""size"": [1.0, 0.579923, 0.47671300000000005]}"
House,D00941_unified.obj,2825,4996,3,"{""min"": [-0.404407, -0.138146, -0.192007], ""max"": [0.595593, 0.370617, 0.248652], ""size"": [1.0, 0.508763, 0.440659]}"
House,D00946_unified.obj,2242,4124,3,"{""min"": [-0.438867, -0.381012, -0.30651], ""max"": [0.561133, 0.564718, 0.446635], ""size"": [1.0, 0.9457300000000001, 0.753145]}"
House,D00965_unified.obj,1718,2744,3,"{""min"": [-0.442216, -0.324298, -0.260629], ""max"": [0.486875, 0.675702, 0.25537], ""size"": [0.929091, 1.0, 0.515999]}"
House,m423_unified.obj,116,192,3,"{""min"": [-0.357016, -0.208097, -0.125316], ""max"": [0.642984, 0.23974, 0.20291], ""size"": [1.0, 0.44783700000000004, 0.328226]}"
House,m429_unified.obj,2721,4995,3,"{""min"": [-0.427877, -0.483856, -0.170668], ""max"": [0.555386, 0.516144, 0.300778], ""size"": [0.983263, 1.0, 0.471446]}"
House,m430_unified.obj,1686,2755,3,"{""min"": [-0.448434, -0.459576, -0.150232], ""max"": [0.551566, 0.420091, 0.282581], ""size"": [1.0, 0.879667, 0.432813]}"
House,m431_unified.obj,3076,4894,3,"{""min"": [-0.502218, -0.286423, -0.069685], ""max"": [0.497782, 0.323597, 0.082903], ""size"": [1.0, 0.61002, 0.152588]}"
House,m432_unified.obj,2643,4828,3,"{""min"": [-0.436587, -0.474762, -0.145039], ""max"": [0.509351, 0.525238, 0.200566], ""size"": [0.945938, 1.0, 0.345605]}"
House,m433_unified.obj,2380,4236,3,"{""min"": [-0.49675, -0.452603, -0.053604], ""max"": [0.50325, 0.504628, 0.119063], ""size"": [1.0, 0.9572309999999999, 0.17266700000000001]}"
House,m434_unified.obj,69,104,3,"{""min"": [-0.427365, -0.362208, -0.363616], ""max"": [0.514906, 0.637792, 0.332816], ""size"": [0.942271, 1.0, 0.6964319999999999]}"
House,m435_unified.obj,407,698,3,"{""min"": [-0.389118, -0.320702, -0.183254], ""max"": [0.610882, 0.392325, 0.20338], ""size"": [1.0, 0.713027, 0.38663400000000003]}"
House,m436_unified.obj,656,960,3,"{""min"": [-0.403796, -0.275447, -0.256449], ""max"": [0.596204, 0.230073, 0.158738], ""size"": [1.0, 0.50552, 0.415187]}"
House,m439_unified.obj,1154,2128,3,"{""min"": [-0.498583, -0.361768, -0.066184], ""max"": [0.501417, 0.392081, 0.087829], ""size"": [1.0, 0.753849, 0.154013]}"
House,m440_unified.obj,1770,3624,3,"{""min"": [-0.407419, -0.294162, -0.281352], ""max"": [0.592581, 0.429441, 0.192404], ""size"": [1.0, 0.723603, 0.47375599999999995]}"
House,m441_unified.obj,6643,8930,3,"{""min"": [-0.430653, -0.311778, -0.263423], ""max"": [0.569347, 0.400584, 0.212612], ""size"": [1.0, 0.7123619999999999, 0.476035]}"
House,m443_unified.obj,983,1668,3,"{""min"": [-0.480862, -0.255692, -0.153999], ""max"": [0.519138, 0.328107, 0.323731], ""size"": [1.0, 0.583799, 0.47773]}"
House,m446_unified.obj,4837,7124,3,"{""min"": [-0.556647, -0.245017, -0.214331], ""max"": [0.443353, 0.213054, 0.117543], ""size"": [1.0, 0.458071, 0.331874]}"
House,m447_unified.obj,5213,9480,3,"{""min"": [-0.327234, -0.240976, -0.260724], ""max"": [0.672766, 0.283225, 0.227255], ""size"": [1.0, 0.524201, 0.48797900000000005]}"
House,m448_unified.obj,3001,5688,3,"{""min"": [-0.462021, -0.384646, -0.311237], ""max"": [0.50407, 0.615354, 0.48998], ""size"": [0.966091, 1.0, 0.8012170000000001]}"
House,m449_unified.obj,758,1310,3,"{""min"": [-0.45948, -0.337679, -0.158165], ""max"": [0.54052, 0.378916, 0.389952], ""size"": [1.0, 0.716595, 0.548117]}"
House,m451_unified.obj,3375,6403,3,"{""min"": [-0.482994, -0.297036, -0.104263], ""max"": [0.517006, 0.272359, 0.153886], ""size"": [1.0, 0.5693950000000001, 0.25814899999999996]}"
House,m452_unified.obj,2557,5111,3,"{""min"": [-0.49815, -0.408763, -0.324355], ""max"": [0.50185, 0.387294, 0.472357], ""size"": [1.0, 0.796057, 0.7967120000000001]}"
House,m453_unified.obj,2385,5116,3,"{""min"": [-0.532842, -0.428583, -0.236621], ""max"": [0.467158, 0.380884, 0.607309], ""size"": [1.0, 0.8094669999999999, 0.84393]}"
House,m454_unified.obj,592,864,3,"{""min"": [-0.334932, -0.213788, -0.290719], ""max"": [0.665068, 0.341931, 0.201463], ""size"": [1.0, 0.555719, 0.492182]}"
House,m456_unified.obj,1901,2684,3,"{""min"": [-0.444461, -0.312303, -0.180421], ""max"": [0.555539, 0.345571, 0.426925], ""size"": [1.0, 0.6578740000000001, 0.6073459999999999]}"
House,m457_unified.obj,983,1668,3,"{""min"": [-0.480862, -0.255692, -0.153999], ""max"": [0.519138, 0.328107, 0.323731], ""size"": [1.0, 0.583799, 0.47773]}"
House,m460_unified.obj,2639,4005,3,"{""min"": [-0.497931, -0.49484, -0.302788], ""max"": [0.502069, 0.334559, 0.410359], ""size"": [1.0, 0.829399, 0.713147]}"
House,m461_unified.obj,3188,6320,3,"{""min"": [-0.476333, -0.287104, -0.362632], ""max"": [0.523667, 0.618191, 0.397688], ""size"": [1.0, 0.9052950000000001, 0.76032]}"
House,m462_unified.obj,70,88,3,"{""min"": [-0.44109, -0.349854, -0.341114], ""max"": [0.55891, 0.347637, 0.290195], ""size"": [1.0, 0.697491, 0.6313089999999999]}"
HumanHead,D00013_unified.obj,5236,10191,3,"{""min"": [-0.341735, -0.446503, -0.330843], ""max"": [0.475426, 0.553497, 0.331323], ""size"": [0.817161, 1.0, 0.662166]}"
HumanHead,D00061_unified.obj,2087,3281,3,"{""min"": [-0.511153, -0.401303, -0.292917], ""max"": [0.362259, 0.598697, 0.275074], ""size"": [0.873412, 1.0, 0.5679909999999999]}"
HumanHead,D00072_unified.obj,5275,10378,3,"{""min"": [-0.500982, -0.360254, -0.365215], ""max"": [0.499018, 0.422717, 0.366329], ""size"": [1.0, 0.7829710000000001, 0.731544]}"
HumanHead,D00106_unified.obj,5276,10432,3,"{""min"": [-0.450071, -0.30518, -0.393263], ""max"": [0.549929, 0.385552, 0.393487], ""size"": [1.0, 0.690732, 0.78675]}"
HumanHead,D00131_unified.obj,5161,10222,3,"{""min"": [-0.481032, -0.484114, -0.32474], ""max"": [0.518968, 0.408236, 0.325886], ""size"": [1.0, 0.89235, 0.6506259999999999]}"
HumanHead,D00205_unified.obj,1166,2272,3,"{""min"": [-0.489401, -0.30486, -0.541034], ""max"": [0.375508, 0.30486, 0.458966], ""size"": [0.8649089999999999, 0.60972, 1.0]}"
HumanHead,D00313_unified.obj,6146,12288,3,"{""min"": [-0.462131, -0.379331, -0.447138], ""max"": [0.537869, 0.552486, 0.474172], ""size"": [1.0, 0.931817, 0.92131]}"
HumanHead,D00434_unified.obj,4296,8277,3,"{""min"": [-0.486081, -0.424175, -0.312013], ""max"": [0.513919, 0.448487, 0.356419], ""size"": [1.0, 0.872662, 0.6684319999999999]}"
HumanHead,D00487_unified.obj,3224,6364,3,"{""min"": [-0.395313, -0.380781, -0.43289], ""max"": [0.604687, 0.380781, 0.475174], ""size"": [1.0, 0.761562, 0.908064]}"
HumanHead,D00488_unified.obj,6211,12349,3,"{""min"": [-0.385125, -0.362931, -0.492488], ""max"": [0.614875, 0.368362, 0.380466], ""size"": [1.0, 0.731293, 0.872954]}"
HumanHead,D00566_unified.obj,1919,3700,3,"{""min"": [-0.263086, -0.521173, -0.398813], ""max"": [0.534083, 0.478827, 0.380561], ""size"": [0.797169, 1.0, 0.779374]}"
HumanHead,D00578_unified.obj,7968,15823,3,"{""min"": [-0.408799, -0.403191, -0.40096], ""max"": [0.591201, 0.573973, 0.400781], ""size"": [1.0, 0.9771639999999999, 0.801741]}"
HumanHead,D00591_unified.obj,5166,10110,3,"{""min"": [-0.323387, -0.373583, -0.263095], ""max"": [0.658686, 0.626417, 0.264756], ""size"": [0.982073, 1.0, 0.5278510000000001]}"
HumanHead,D00610_unified.obj,4438,8760,3,"{""min"": [-0.327596, -0.318531, -0.399943], ""max"": [0.613309, 0.355236, 0.600057], ""size"": [0.940905, 0.673767, 1.0]}"
HumanHead,D00629_unified.obj,3490,6368,3,"{""min"": [-0.392426, -0.278733, -0.45873], ""max"": [0.39349, 0.606815, 0.54127], ""size"": [0.7859160000000001, 0.885548, 1.0]}"
HumanHead,D00653_unified.obj,2885,5678,3,"{""min"": [-0.424095, -0.268308, -0.220173], ""max"": [0.575905, 0.270181, 0.444929], ""size"": [1.0, 0.538489, 0.6651020000000001]}"
HumanHead,D00690_unified.obj,4769,9326,3,"{""min"": [-0.365436, -0.374622, -0.397779], ""max"": [0.576693, 0.374708, 0.602221], ""size"": [0.942129, 0.74933, 1.0]}"
HumanHead,D00758_unified.obj,959,5589,3,"{""min"": [-0.31441, -0.432753, -0.339217], ""max"": [0.579837, 0.567247, 0.374583], ""size"": [0.894247, 1.0, 0.7138]}"
HumanHead,D00910_unified.obj,1334,2654,3,"{""min"": [-0.398543, -0.452283, -0.485716], ""max"": [0.405043, 0.547717, 0.384766], ""size"": [0.8035859999999999, 1.0, 0.870482]}"
HumanHead,D00984_unified.obj,2319,4603,3,"{""min"": [-0.490001, -0.265304, -0.312134], ""max"": [0.509999, 0.613256, 0.316051], ""size"": [1.0, 0.87856, 0.628185]}"
HumanHead,m340_unified.obj,1426,2790,3,"{""min"": [-0.523578, -0.437329, -0.418468], ""max"": [0.476422, 0.478689, 0.429358], ""size"": [1.0, 0.916018, 0.847826]}"
HumanHead,m341_unified.obj,1884,3604,3,"{""min"": [-0.37837, -0.296878, -0.328792], ""max"": [0.62163, 0.373429, 0.476433], ""size"": [1.0, 0.670307, 0.805225]}"
HumanHead,m342_unified.obj,1543,2641,3,"{""min"": [-0.355488, -0.365939, -0.499569], ""max"": [0.357198, 0.634061, 0.490686], ""size"": [0.712686, 1.0, 0.990255]}"
HumanHead,m343_unified.obj,1982,3743,3,"{""min"": [-0.361922, -0.322393, -0.343901], ""max"": [0.638078, 0.336419, 0.457725], ""size"": [1.0, 0.658812, 0.801626]}"
HumanHead,m344_unified.obj,1988,3517,3,"{""min"": [-0.395422, -0.289385, -0.333763], ""max"": [0.604578, 0.285018, 0.439798], ""size"": [1.0, 0.574403, 0.7735609999999999]}"
HumanHead,m345_unified.obj,2687,4801,3,"{""min"": [-0.327108, -0.299102, -0.377324], ""max"": [0.557929, 0.700898, 0.473446], ""size"": [0.8850370000000001, 1.0, 0.85077]}"
HumanHead,m346_unified.obj,1886,3676,3,"{""min"": [-0.271738, -0.405006, -0.291829], ""max"": [0.517832, 0.594994, 0.292852], ""size"": [0.7895699999999999, 1.0, 0.584681]}"
HumanHead,m347_unified.obj,3379,5591,3,"{""min"": [-0.261504, -0.37444, -0.274824], ""max"": [0.51132, 0.62556, 0.285515], ""size"": [0.772824, 1.0, 0.560339]}"
HumanHead,m348_unified.obj,2560,4999,3,"{""min"": [-0.445189, -0.291359, -0.296363], ""max"": [0.554811, 0.433626, 0.30148], ""size"": [1.0, 0.724985, 0.597843]}"
HumanHead,m349_unified.obj,2639,5000,3,"{""min"": [-0.416407, -0.429798, -0.362576], ""max"": [0.543641, 0.570202, 0.376283], ""size"": [0.960048, 1.0, 0.7388589999999999]}"
HumanHead,m350_unified.obj,2034,3946,3,"{""min"": [-0.452338, -0.568664, -0.205869], ""max"": [0.45224, 0.431336, 0.601318], ""size"": [0.904578, 1.0, 0.807187]}"
HumanHead,m351_unified.obj,3400,6528,3,"{""min"": [-0.238039, -0.447241, -0.389885], ""max"": [0.698013, 0.552759, 0.399125], ""size"": [0.936052, 1.0, 0.78901]}"
HumanHead,m352_unified.obj,2534,4788,3,"{""min"": [-0.2789, -0.371149, -0.56699], ""max"": [0.7211, 0.391361, 0.411135], ""size"": [1.0, 0.76251, 0.9781249999999999]}"
HumanHead,m353_unified.obj,2502,5000,3,"{""min"": [-0.404224, -0.333197, -0.271059], ""max"": [0.595776, 0.615165, 0.463829], ""size"": [1.0, 0.9483619999999999, 0.734888]}"
HumanHead,m354_unified.obj,857,1704,3,"{""min"": [-0.456426, -0.315289, -0.263374], ""max"": [0.543574, 0.484103, 0.263274], ""size"": [1.0, 0.799392, 0.526648]}"
HumanHead,m355_unified.obj,2502,5000,3,"{""min"": [-0.443882, -0.375864, -0.289395], ""max"": [0.556118, 0.363609, 0.285509], ""size"": [1.0, 0.739473, 0.5749040000000001]}"
HumanHead,m356_unified.obj,2761,5514,3,"{""min"": [-0.310889, -0.364381, -0.475023], ""max"": [0.689111, 0.363648, 0.456996], ""size"": [1.0, 0.728029, 0.9320189999999999]}"
HumanHead,m357_unified.obj,765,1517,3,"{""min"": [-0.545659, -0.427984, -0.350941], ""max"": [0.454341, 0.452236, 0.365723], ""size"": [1.0, 0.88022, 0.716664]}"
HumanHead,m358_unified.obj,4604,9026,3,"{""min"": [-0.415165, -0.473809, -0.32228], ""max"": [0.584835, 0.520426, 0.32526], ""size"": [1.0, 0.994235, 0.64754]}"
HumanHead,m359_unified.obj,1234,2417,3,"{""min"": [-0.327309, -0.298722, -0.26071], ""max"": [0.391529, 0.701278, 0.583088], ""size"": [0.7188380000000001, 1.0, 0.843798]}"
HumanHead,m360_unified.obj,1074,2144,3,"{""min"": [-0.381529, -0.456112, -0.358545], ""max"": [0.618471, 0.492352, 0.358316], ""size"": [1.0, 0.948464, 0.716861]}"
HumanHead,m361_unified.obj,1144,2216,3,"{""min"": [-0.405988, -0.318179, -0.223282], ""max"": [0.594012, 0.321136, 0.559134], ""size"": [1.0, 0.639315, 0.782416]}"
HumanHead,m362_unified.obj,726,1440,3,"{""min"": [-0.440943, -0.365835, -0.360449], ""max"": [0.559057, 0.37517, 0.366726], ""size"": [1.0, 0.741005, 0.727175]}"
HumanHead,m363_unified.obj,1884,3604,3,"{""min"": [-0.372621, -0.327952, -0.287594], ""max"": [0.627379, 0.472389, 0.376127], ""size"": [1.0, 0.800341, 0.663721]}"
HumanHead,m364_unified.obj,987,1850,3,"{""min"": [-0.32846, -0.356547, -0.284236], ""max"": [0.67154, 0.349257, 0.284278], ""size"": [1.0, 0.705804, 0.568514]}"
HumanHead,m365_unified.obj,2502,5000,3,"{""min"": [-0.520846, -0.375312, -0.325961], ""max"": [0.479154, 0.388005, 0.358704], ""size"": [1.0, 0.763317, 0.6846650000000001]}"
HumanHead,m366_unified.obj,3009,5951,3,"{""min"": [-0.489849, -0.272102, -0.295276], ""max"": [0.510151, 0.356527, 0.324481], ""size"": [1.0, 0.628629, 0.619757]}"
HumanHead,m367_unified.obj,3810,7386,3,"{""min"": [-0.49926, -0.296127, -0.241641], ""max"": [0.50074, 0.300609, 0.331446], ""size"": [1.0, 0.5967359999999999, 0.573087]}"
HumanHead,m368_unified.obj,2991,5728,3,"{""min"": [-0.417861, -0.339807, -0.325746], ""max"": [0.582139, 0.359954, 0.480128], ""size"": [1.0, 0.6997610000000001, 0.805874]}"
HumanHead,m369_unified.obj,2531,4971,3,"{""min"": [-0.433794, -0.422816, -0.371953], ""max"": [0.566206, 0.481245, 0.372664], ""size"": [1.0, 0.904061, 0.744617]}"
HumanHead,m370_unified.obj,2695,4996,3,"{""min"": [-0.54248, -0.247736, -0.259661], ""max"": [0.45752, 0.385823, 0.259127], ""size"": [1.0, 0.633559, 0.518788]}"
Humanoid,m118_unified.obj,1833,3532,3,"{""min"": [-0.462489, -0.134948, -0.072167], ""max"": [0.537511, 0.149757, 0.089104], ""size"": [1.0, 0.284705, 0.161271]}"
Humanoid,m119_unified.obj,1737,3328,3,"{""min"": [-0.431034, -0.141831, -0.101254], ""max"": [0.568966, 0.122893, 0.108585], ""size"": [1.0, 0.264724, 0.209839]}"
Humanoid,m120_unified.obj,1804,3460,3,"{""min"": [-0.444468, -0.128224, -0.10272], ""max"": [0.555532, 0.133237, 0.108203], ""size"": [1.0, 0.261461, 0.210923]}"
Humanoid,m121_unified.obj,1826,3508,3,"{""min"": [-0.453216, -0.184479, -0.079887], ""max"": [0.546784, 0.136708, 0.073723], ""size"": [1.0, 0.321187, 0.15361]}"
Humanoid,m122_unified.obj,1716,3301,3,"{""min"": [-0.442903, -0.13811, -0.097138], ""max"": [0.557097, 0.16751, 0.124567], ""size"": [1.0, 0.30562, 0.22170499999999999]}"
Humanoid,m123_unified.obj,1839,3540,3,"{""min"": [-0.450307, -0.146395, -0.078511], ""max"": [0.549693, 0.175222, 0.113235], ""size"": [1.0, 0.321617, 0.191746]}"
Humanoid,m124_unified.obj,1809,3428,3,"{""min"": [-0.461521, -0.136699, -0.096017], ""max"": [0.538479, 0.146188, 0.106979], ""size"": [1.0, 0.282887, 0.202996]}"
Humanoid,m125_unified.obj,1250,2500,3,"{""min"": [-0.467275, -0.147952, -0.097565], ""max"": [0.532725, 0.180522, 0.157772], ""size"": [1.0, 0.328474, 0.255337]}"
Humanoid,m126_unified.obj,2149,4059,3,"{""min"": [-0.346208, -0.123024, -0.085588], ""max"": [0.653792, 0.123308, 0.087672], ""size"": [1.0, 0.246332, 0.17326]}"
Humanoid,m128_unified.obj,1769,3393,3,"{""min"": [-0.44578, -0.140364, -0.076676], ""max"": [0.55422, 0.151229, 0.094642], ""size"": [1.0, 0.291593, 0.171318]}"
Humanoid,m129_unified.obj,1437,2457,3,"{""min"": [-0.53581, -0.1349, -0.054301], ""max"": [0.46419, 0.134495, 0.103808], ""size"": [1.0, 0.269395, 0.158109]}"
Humanoid,m130_unified.obj,3817,7437,3,"{""min"": [-0.555623, -0.140184, -0.086369], ""max"": [0.444377, 0.140592, 0.086258], ""size"": [1.0, 0.280776, 0.172627]}"
Humanoid,m131_unified.obj,2012,3012,3,"{""min"": [-0.451613, -0.154167, -0.075414], ""max"": [0.548387, 0.158096, 0.09085], ""size"": [1.0, 0.31226299999999996, 0.166264]}"
Humanoid,m132_unified.obj,2537,4049,3,"{""min"": [-0.45329, -0.130228, -0.082115], ""max"": [0.54671, 0.163689, 0.105841], ""size"": [1.0, 0.293917, 0.187956]}"
Humanoid,m133_unified.obj,2344,4253,3,"{""min"": [-0.400755, -0.162864, -0.103222], ""max"": [0.599245, 0.163262, 0.096714], ""size"": [1.0, 0.326126, 0.199936]}"
Humanoid,m134_unified.obj,1962,3569,3,"{""min"": [-0.203675, -0.107122, -0.063577], ""max"": [0.796325, 0.118717, 0.126425], ""size"": [1.0, 0.225839, 0.190002]}"
Humanoid,m135_unified.obj,1910,3653,3,"{""min"": [-0.427924, -0.158151, -0.111754], ""max"": [0.572076, 0.172263, 0.119067], ""size"": [1.0, 0.330414, 0.230821]}"
Humanoid,m136_unified.obj,1802,3452,3,"{""min"": [-0.41854, -0.141805, -0.088236], ""max"": [0.58146, 0.133335, 0.088973], ""size"": [1.0, 0.27514, 0.177209]}"
Humanoid,m137_unified.obj,1636,3254,3,"{""min"": [-0.423891, -0.202207, -0.073852], ""max"": [0.576109, 0.203354, 0.145851], ""size"": [1.0, 0.405561, 0.219703]}"
Humanoid,m138_unified.obj,2504,5000,3,"{""min"": [-0.482953, -0.179282, -0.087604], ""max"": [0.517047, 0.197944, 0.132925], ""size"": [1.0, 0.377226, 0.22052899999999998]}"
Humanoid,m139_unified.obj,2580,5000,3,"{""min"": [-0.415928, -0.25944, -0.099752], ""max"": [0.584072, 0.267513, 0.132001], ""size"": [1.0, 0.526953, 0.231753]}"
Humanoid,m140_unified.obj,2503,5000,3,"{""min"": [-0.460265, -0.192572, -0.095404], ""max"": [0.539735, 0.19974, 0.090791], ""size"": [1.0, 0.392312, 0.186195]}"
Humanoid,m141_unified.obj,2012,3012,3,"{""min"": [-0.452265, -0.156229, -0.140716], ""max"": [0.547735, 0.152743, 0.155907], ""size"": [1.0, 0.308972, 0.29662299999999997]}"
Humanoid,m143_unified.obj,2602,4502,3,"{""min"": [-0.411404, -0.194082, -0.087709], ""max"": [0.588596, 0.20958, 0.088871], ""size"": [1.0, 0.40366199999999997, 0.17658000000000001]}"
Humanoid,m144_unified.obj,2619,5184,3,"{""min"": [-0.463416, -0.161408, -0.09333], ""max"": [0.536584, 0.161655, 0.100008], ""size"": [1.0, 0.323063, 0.193338]}"
Humanoid,m145_unified.obj,2504,5000,3,"{""min"": [-0.468385, -0.297194, -0.083169], ""max"": [0.531615, 0.319951, 0.103494], ""size"": [1.0, 0.617145, 0.18666300000000002]}"
Humanoid,m146_unified.obj,2244,3460,3,"{""min"": [-0.455415, -0.192124, -0.161554], ""max"": [0.544585, 0.195199, 0.173461], ""size"": [1.0, 0.387323, 0.335015]}"
Humanoid,m147_unified.obj,2727,4902,3,"{""min"": [-0.494043, -0.165824, -0.094007], ""max"": [0.505957, 0.17953, 0.118971], ""size"": [1.0, 0.345354, 0.212978]}"
Humanoid,m148_unified.obj,2566,4956,3,"{""min"": [-0.432366, -0.273982, -0.128557], ""max"": [0.567634, 0.268733, 0.122307], ""size"": [1.0, 0.5427150000000001, 0.250864]}"
Humanoid,m149_unified.obj,2502,4999,3,"{""min"": [-0.495589, -0.154346, -0.08341], ""max"": [0.504411, 0.153835, 0.09372], ""size"": [1.0, 0.30818100000000004, 0.17713]}"
Humanoid,m150_unified.obj,2001,3012,3,"{""min"": [-0.421432, -0.187233, -0.086106], ""max"": [0.578568, 0.188662, 0.137881], ""size"": [1.0, 0.375895, 0.223987]}"
Humanoid,m151_unified.obj,2996,5954,3,"{""min"": [-0.393557, -0.144125, -0.092029], ""max"": [0.606443, 0.144139, 0.140846], ""size"": [1.0, 0.28826399999999996, 0.232875]}"
Humanoid,m152_unified.obj,2733,4913,3,"{""min"": [-0.452874, -0.183932, -0.110382], ""max"": [0.547126, 0.181945, 0.103964], ""size"": [1.0, 0.365877, 0.21434599999999998]}"
Humanoid,m153_unified.obj,2795,4934,3,"{""min"": [-0.374561, -0.157117, -0.101064], ""max"": [0.625439, 0.159237, 0.116795], ""size"": [1.0, 0.316354, 0.217859]}"
Humanoid,m154_unified.obj,1572,2916,3,"{""min"": [-0.501133, -0.152066, -0.083205], ""max"": [0.498867, 0.154484, 0.116802], ""size"": [1.0, 0.30655, 0.200007]}"
Humanoid,m155_unified.obj,1290,2576,3,"{""min"": [-0.420843, -0.254558, -0.098348], ""max"": [0.579157, 0.254862, 0.105187], ""size"": [1.0, 0.50942, 0.20353500000000002]}"
Humanoid,m156_unified.obj,2569,5000,3,"{""min"": [-0.455138, -0.191105, -0.084397], ""max"": [0.544862, 0.213868, 0.095483], ""size"": [1.0, 0.404973, 0.17987999999999998]}"
Humanoid,m157_unified.obj,2892,5720,3,"{""min"": [-0.425674, -0.182383, -0.095182], ""max"": [0.574326, 0.214971, 0.170401], ""size"": [1.0, 0.397354, 0.265583]}"
Humanoid,m158_unified.obj,1932,3740,3,"{""min"": [-0.257763, -0.178751, -0.130265], ""max"": [0.742237, 0.182478, 0.133658], ""size"": [1.0, 0.361229, 0.263923]}"
Humanoid,m159_unified.obj,2062,3992,3,"{""min"": [-0.40005, -0.152768, -0.086803], ""max"": [0.59995, 0.153906, 0.087856], ""size"": [1.0, 0.306674, 0.174659]}"
Humanoid,m160_unified.obj,3382,6508,3,"{""min"": [-0.428415, -0.182239, -0.141843], ""max"": [0.571585, 0.236965, 0.208801], ""size"": [1.0, 0.419204, 0.35064399999999996]}"
Humanoid,m161_unified.obj,1797,3340,3,"{""min"": [-0.36655, -0.170676, -0.099593], ""max"": [0.63345, 0.171357, 0.103226], ""size"": [1.0, 0.34203300000000003, 0.202819]}"
Humanoid,m162_unified.obj,2577,4999,3,"{""min"": [-0.516294, -0.174201, -0.153848], ""max"": [0.483706, 0.174427, 0.087444], ""size"": [1.0, 0.348628, 0.241292]}"
Humanoid,m163_unified.obj,449,832,3,"{""min"": [-0.409139, -0.140882, -0.088054], ""max"": [0.590861, 0.145821, 0.081867], ""size"": [1.0, 0.28670300000000004, 0.169921]}"
Humanoid,m164_unified.obj,2822,5584,3,"{""min"": [-0.464578, -0.158194, -0.084474], ""max"": [0.535422, 0.158239, 0.125365], ""size"": [1.0, 0.31643299999999996, 0.209839]}"
Humanoid,m165_unified.obj,1882,2433,3,"{""min"": [-0.412031, -0.158396, -0.08385], ""max"": [0.587969, 0.168532, 0.100374], ""size"": [1.0, 0.326928, 0.184224]}"
Humanoid,m166_unified.obj,1798,2331,3,"{""min"": [-0.411468, -0.157123, -0.079776], ""max"": [0.588532, 0.174671, 0.124457], ""size"": [1.0, 0.33179400000000003, 0.204233]}"
Humanoid,m167_unified.obj,1720,3420,3,"{""min"": [-0.501622, -0.25273, -0.193316], ""max"": [0.498378, 0.255349, 0.186257], ""size"": [1.0, 0.508079, 0.379573]}"
Humanoid,m168_unified.obj,2640,5476,3,"{""min"": [-0.443362, -0.189299, -0.083431], ""max"": [0.556638, 0.207018, 0.107876], ""size"": [1.0, 0.39631700000000003, 0.191307]}"
Humanoid,m169_unified.obj,4077,8004,3,"{""min"": [-0.296238, -0.153271, -0.099371], ""max"": [0.703762, 0.153379, 0.12822], ""size"": [1.0, 0.30665, 0.227591]}"
Humanoid,m170_unified.obj,2531,5000,3,"{""min"": [-0.512879, -0.170627, -0.060822], ""max"": [0.487121, 0.171313, 0.074074], ""size"": [1.0, 0.34194, 0.13489600000000002]}"
Humanoid,m171_unified.obj,2301,4172,3,"{""min"": [-0.328835, -0.237821, -0.088871], ""max"": [0.671165, 0.249548, 0.090389], ""size"": [1.0, 0.487369, 0.17926]}"
Humanoid,m172_unified.obj,2866,5652,3,"{""min"": [-0.281432, -0.152354, -0.08256], ""max"": [0.718568, 0.153306, 0.076731], ""size"": [1.0, 0.30566, 0.159291]}"
Humanoid,m173_unified.obj,3677,6808,3,"{""min"": [-0.424987, -0.137063, -0.068636], ""max"": [0.575013, 0.138502, 0.088583], ""size"": [1.0, 0.27556499999999995, 0.157219]}"
Humanoid,m174_unified.obj,4658,9232,3,"{""min"": [-0.241575, -0.199142, -0.146378], ""max"": [0.758425, 0.201603, 0.106043], ""size"": [1.0, 0.400745, 0.252421]}"
Humanoid,m175_unified.obj,2374,4280,3,"{""min"": [-0.529886, -0.142276, -0.127418], ""max"": [0.470114, 0.179247, 0.175731], ""size"": [1.0, 0.321523, 0.303149]}"
Humanoid,m176_unified.obj,2640,5152,3,"{""min"": [-0.470286, -0.214351, -0.08703], ""max"": [0.529714, 0.214193, 0.097323], ""size"": [1.0, 0.42854400000000004, 0.184353]}"
Humanoid,m177_unified.obj,400,740,3,"{""min"": [-0.565613, -0.18195, -0.085771], ""max"": [0.434387, 0.189378, 0.142342], ""size"": [1.0, 0.371328, 0.228113]}"
Humanoid,m178_unified.obj,2502,5000,3,"{""min"": [-0.487778, -0.166262, -0.076844], ""max"": [0.512222, 0.16704, 0.095328], ""size"": [1.0, 0.333302, 0.172172]}"
Humanoid,m179_unified.obj,2522,5000,3,"{""min"": [-0.445871, -0.191352, -0.075277], ""max"": [0.554129, 0.191858, 0.088594], ""size"": [1.0, 0.38321, 0.163871]}"
Humanoid,m180_unified.obj,2828,5000,3,"{""min"": [-0.437582, -0.143407, -0.068802], ""max"": [0.562418, 0.142189, 0.083071], ""size"": [1.0, 0.285596, 0.151873]}"
Humanoid,m181_unified.obj,2558,4968,3,"{""min"": [-0.48422, -0.22578, -0.097358], ""max"": [0.51578, 0.214259, 0.11727], ""size"": [1.0, 0.440039, 0.21462799999999999]}"
Humanoid,m182_unified.obj,2495,4920,3,"{""min"": [-0.391303, -0.194074, -0.069787], ""max"": [0.608697, 0.192755, 0.076782], ""size"": [1.0, 0.386829, 0.146569]}"
Humanoid,m183_unified.obj,2556,5000,3,"{""min"": [-0.521353, -0.454503, -0.158611], ""max"": [0.478647, 0.456754, 0.197359], ""size"": [1.0, 0.911257, 0.35597]}"
Humanoid,m184_unified.obj,1708,3284,3,"{""min"": [-0.458754, -0.134018, -0.070704], ""max"": [0.541246, 0.13073, 0.083652], ""size"": [1.0, 0.264748, 0.154356]}"
Humanoid,m185_unified.obj,1905,3651,3,"{""min"": [-0.43342, -0.141705, -0.140975], ""max"": [0.56658, 0.142302, 0.162872], ""size"": [1.0, 0.284007, 0.303847]}"
Humanoid,m186_unified.obj,1319,2223,3,"{""min"": [-0.364157, -0.155834, -0.077168], ""max"": [0.635843, 0.157329, 0.087273], ""size"": [1.0, 0.31316299999999997, 0.164441]}"
Humanoid,m187_unified.obj,1618,3128,3,"{""min"": [-0.486235, -0.263508, -0.09469], ""max"": [0.513765, 0.296312, 0.35366], ""size"": [1.0, 0.55982, 0.44834999999999997]}"
Humanoid,m188_unified.obj,1862,3349,3,"{""min"": [-0.400476, -0.149706, -0.098997], ""max"": [0.599524, 0.149288, 0.141079], ""size"": [1.0, 0.298994, 0.240076]}"
Humanoid,m189_unified.obj,1078,2036,3,"{""min"": [-0.454289, -0.137507, -0.070849], ""max"": [0.545711, 0.137795, 0.081196], ""size"": [1.0, 0.275302, 0.15204499999999999]}"
Humanoid,m190_unified.obj,3772,7061,3,"{""min"": [-0.371922, -0.244722, -0.216161], ""max"": [0.628078, 0.25044, 0.181958], ""size"": [1.0, 0.495162, 0.398119]}"
Humanoid,m191_unified.obj,493,972,3,"{""min"": [-0.502785, -0.259192, -0.11481], ""max"": [0.497215, 0.259513, 0.099541], ""size"": [1.0, 0.518705, 0.214351]}"
Humanoid,m192_unified.obj,1737,3328,3,"{""min"": [-0.434157, -0.139916, -0.09354], ""max"": [0.565843, 0.146633, 0.10215], ""size"": [1.0, 0.28654900000000005, 0.19569]}"
Humanoid,m193_unified.obj,2257,4223,3,"{""min"": [-0.408832, -0.205006, -0.183261], ""max"": [0.591168, 0.343394, 0.170877], ""size"": [1.0, 0.5484, 0.354138]}"
Humanoid,m194_unified.obj,2244,3460,3,"{""min"": [-0.454232, -0.193088, -0.09251], ""max"": [0.545768, 0.196132, 0.10136], ""size"": [1.0, 0.38922, 0.19387]}"
Humanoid,m195_unified.obj,2615,4999,3,"{""min"": [-0.414887, -0.226306, -0.07956], ""max"": [0.585113, 0.265872, 0.136215], ""size"": [1.0, 0.492178, 0.215775]}"
Humanoid,m196_unified.obj,2561,4879,3,"{""min"": [-0.45948, -0.218635, -0.082762], ""max"": [0.54052, 0.218497, 0.079308], ""size"": [1.0, 0.43713199999999997, 0.16207]}"
Humanoid,m197_unified.obj,2010,3012,3,"{""min"": [-0.435, -0.141629, -0.06537], ""max"": [0.565, 0.143471, 0.092001], ""size"": [1.0, 0.2851, 0.15737099999999998]}"
Humanoid,m198_unified.obj,3934,4851,3,"{""min"": [-0.442415, -0.20085, -0.110706], ""max"": [0.557585, 0.20347, 0.195362], ""size"": [1.0, 0.40432, 0.306068]}"
Humanoid,m199_unified.obj,2572,5000,3,"{""min"": [-0.48862, -0.184826, -0.081594], ""max"": [0.51138, 0.185347, 0.125571], ""size"": [1.0, 0.370173, 0.207165]}"
Humanoid,m202_unified.obj,484,899,3,"{""min"": [-0.461233, -0.141328, -0.076746], ""max"": [0.538767, 0.141367, 0.110063], ""size"": [1.0, 0.28269500000000003, 0.186809]}"
Humanoid,m203_unified.obj,1860,3688,3,"{""min"": [-0.249201, -0.165972, -0.124257], ""max"": [0.750799, 0.176699, 0.100611], ""size"": [1.0, 0.342671, 0.224868]}"
Humanoid,m204_unified.obj,4699,9066,3,"{""min"": [-0.318686, -0.180111, -0.148365], ""max"": [0.681314, 0.167077, 0.205483], ""size"": [1.0, 0.347188, 0.353848]}"
Humanoid,m205_unified.obj,2516,4944,3,"{""min"": [-0.616014, -0.173425, -0.11716], ""max"": [0.383986, 0.214028, 0.183279], ""size"": [1.0, 0.387453, 0.300439]}"
Humanoid,m206_unified.obj,2664,5000,3,"{""min"": [-0.306289, -0.123175, -0.108415], ""max"": [0.693711, 0.15301, 0.142614], ""size"": [1.0, 0.276185, 0.251029]}"
Humanoid,m207_unified.obj,3238,5910,3,"{""min"": [-0.36304, -0.175337, -0.181795], ""max"": [0.63696, 0.166249, 0.15957], ""size"": [1.0, 0.341586, 0.34136500000000003]}"
Humanoid,m208_unified.obj,1390,2776,3,"{""min"": [-0.389148, -0.180673, -0.085271], ""max"": [0.610852, 0.181137, 0.077772], ""size"": [1.0, 0.36180999999999996, 0.163043]}"
Humanoid,m210_unified.obj,816,1616,3,"{""min"": [-0.430341, -0.288978, -0.166575], ""max"": [0.569659, 0.444325, 0.295836], ""size"": [1.0, 0.733303, 0.462411]}"
Humanoid,m211_unified.obj,2640,5476,3,"{""min"": [-0.464254, -0.163186, -0.083378], ""max"": [0.535746, 0.177187, 0.075162], ""size"": [1.0, 0.34037300000000004, 0.15854000000000001]}"
Humanoid,m212_unified.obj,1290,2576,3,"{""min"": [-0.410479, -0.272167, -0.07253], ""max"": [0.589521, 0.284796, 0.108346], ""size"": [1.0, 0.556963, 0.18087599999999998]}"
Humanoid,m213_unified.obj,1548,3036,3,"{""min"": [-0.457434, -0.141374, -0.074227], ""max"": [0.542566, 0.141374, 0.106999], ""size"": [1.0, 0.282748, 0.181226]}"
Humanoid,m214_unified.obj,1739,3420,3,"{""min"": [-0.456645, -0.140791, -0.07465], ""max"": [0.543355, 0.14079, 0.10934], ""size"": [1.0, 0.28158099999999997, 0.18399]}"
Humanoid,m215_unified.obj,2664,5266,3,"{""min"": [-0.550931, -0.141898, -0.074776], ""max"": [0.449069, 0.14169, 0.0808], ""size"": [1.0, 0.283588, 0.155576]}"
Humanoid,m216_unified.obj,2705,4855,3,"{""min"": [-0.46524, -0.151476, -0.167204], ""max"": [0.53476, 0.216384, 0.275976], ""size"": [1.0, 0.36785999999999996, 0.44318]}"
Humanoid,m217_unified.obj,3497,6290,3,"{""min"": [-0.396723, -0.153526, -0.110532], ""max"": [0.603277, 0.183398, 0.133508], ""size"": [1.0, 0.336924, 0.24403999999999998]}"
Humanoid,m218_unified.obj,3740,7440,3,"{""min"": [-0.426381, -0.315894, -0.196226], ""max"": [0.573619, 0.42949, 0.179575], ""size"": [1.0, 0.745384, 0.37580100000000005]}"
Humanoid,m219_unified.obj,776,1419,3,"{""min"": [-0.299201, -0.457199, -0.073632], ""max"": [0.700799, 0.455853, 0.103569], ""size"": [1.0, 0.913052, 0.177201]}"
Humanoid,m220_unified.obj,2624,5000,3,"{""min"": [-0.421537, -0.474265, -0.098477], ""max"": [0.578463, 0.475401, 0.101119], ""size"": [1.0, 0.949666, 0.199596]}"
Humanoid,m221_unified.obj,2520,5000,3,"{""min"": [-0.396287, -0.476399, -0.083267], ""max"": [0.603713, 0.470223, 0.100844], ""size"": [1.0, 0.9466220000000001, 0.184111]}"
Humanoid,m222_unified.obj,2561,4999,3,"{""min"": [-0.393349, -0.500002, -0.097545], ""max"": [0.595185, 0.499998, 0.114242], ""size"": [0.988534, 1.0, 0.211787]}"
Humanoid,m223_unified.obj,2483,4938,3,"{""min"": [-0.430561, -0.474221, -0.078524], ""max"": [0.569439, 0.474726, 0.085287], ""size"": [1.0, 0.948947, 0.16381099999999998]}"
Humanoid,m224_unified.obj,2449,4846,3,"{""min"": [-0.369331, -0.502255, -0.085799], ""max"": [0.612594, 0.497745, 0.094912], ""size"": [0.9819249999999999, 1.0, 0.180711]}"
Humanoid,m226_unified.obj,2512,5000,3,"{""min"": [-0.471005, -0.436928, -0.116947], ""max"": [0.528995, 0.434174, 0.13766], ""size"": [1.0, 0.871102, 0.254607]}"
Humanoid,m227_unified.obj,1553,1688,3,"{""min"": [-0.825462, -0.425445, -0.122693], ""max"": [0.174538, 0.438092, 0.118569], ""size"": [1.0, 0.863537, 0.24126199999999998]}"
Humanoid,m228_unified.obj,2552,3268,3,"{""min"": [-0.242211, -0.312735, -0.11364], ""max"": [0.757789, 0.345903, 0.270448], ""size"": [1.0, 0.6586380000000001, 0.38408800000000004]}"
Humanoid,m229_unified.obj,2588,4989,3,"{""min"": [-0.395911, -0.474152, -0.102248], ""max"": [0.604089, 0.477979, 0.095079], ""size"": [1.0, 0.9521310000000001, 0.197327]}"
Humanoid,m230_unified.obj,2698,4989,3,"{""min"": [-0.433093, -0.461178, -0.116547], ""max"": [0.566907, 0.45871, 0.086374], ""size"": [1.0, 0.919888, 0.20292100000000002]}"
Humanoid,m231_unified.obj,2699,4967,3,"{""min"": [-0.458945, -0.466206, -0.119246], ""max"": [0.541055, 0.459865, 0.219687], ""size"": [1.0, 0.9260710000000001, 0.338933]}"
Humanoid,m232_unified.obj,1710,3416,3,"{""min"": [-0.481953, -0.456041, -0.099926], ""max"": [0.518047, 0.456099, 0.178047], ""size"": [1.0, 0.91214, 0.277973]}"
Humanoid,m233_unified.obj,2892,5720,3,"{""min"": [-0.376248, -0.495281, -0.076805], ""max"": [0.623752, 0.495132, 0.127989], ""size"": [1.0, 0.990413, 0.20479399999999998]}"
Humanoid,m234_unified.obj,2049,3968,3,"{""min"": [-0.366205, -0.42682, -0.087526], ""max"": [0.633795, 0.428412, 0.085687], ""size"": [1.0, 0.855232, 0.173213]}"
Humanoid,m235_unified.obj,1626,3248,3,"{""min"": [-0.460447, -0.433569, -0.088834], ""max"": [0.539553, 0.426046, 0.145527], ""size"": [1.0, 0.859615, 0.23436099999999999]}"
Humanoid,m236_unified.obj,2841,5445,3,"{""min"": [-0.385547, -0.499971, -0.104996], ""max"": [0.595929, 0.500029, 0.118445], ""size"": [0.981476, 1.0, 0.223441]}"
Humanoid,m237_unified.obj,1914,3824,3,"{""min"": [-0.397426, -0.473753, -0.067894], ""max"": [0.602574, 0.474734, 0.068784], ""size"": [1.0, 0.948487, 0.136678]}"
Humanoid,m238_unified.obj,1994,3512,3,"{""min"": [-0.334155, -0.461465, -0.09569], ""max"": [0.665845, 0.459019, 0.086156], ""size"": [1.0, 0.9204840000000001, 0.181846]}"
Humanoid,m239_unified.obj,1929,3316,3,"{""min"": [-0.338419, -0.372656, -0.108874], ""max"": [0.661581, 0.37379, 0.092858], ""size"": [1.0, 0.7464459999999999, 0.201732]}"
Humanoid,m240_unified.obj,2744,5408,3,"{""min"": [-0.355714, -0.46206, -0.078026], ""max"": [0.644286, 0.462068, 0.095365], ""size"": [1.0, 0.9241280000000001, 0.17339100000000002]}"
Humanoid,m241_unified.obj,2047,3488,3,"{""min"": [-0.355747, -0.403197, -0.222309], ""max"": [0.644253, 0.410556, 0.107312], ""size"": [1.0, 0.813753, 0.329621]}"
Humanoid,m242_unified.obj,2072,3512,3,"{""min"": [-0.354253, -0.440741, -0.244768], ""max"": [0.645747, 0.446425, 0.192944], ""size"": [1.0, 0.887166, 0.437712]}"
Humanoid,m243_unified.obj,1989,3420,3,"{""min"": [-0.332138, -0.462755, -0.080995], ""max"": [0.667862, 0.476949, 0.098218], ""size"": [1.0, 0.9397040000000001, 0.179213]}"
Humanoid,m244_unified.obj,1914,3344,3,"{""min"": [-0.322063, -0.441397, -0.093474], ""max"": [0.677937, 0.449799, 0.099423], ""size"": [1.0, 0.891196, 0.19289699999999999]}"
Humanoid,m245_unified.obj,2006,3440,3,"{""min"": [-0.335809, -0.463993, -0.078441], ""max"": [0.664191, 0.473995, 0.083823], ""size"": [1.0, 0.937988, 0.162264]}"
Humanoid,m246_unified.obj,2048,3536,3,"{""min"": [-0.322747, -0.405116, -0.073863], ""max"": [0.677253, 0.402665, 0.084115], ""size"": [1.0, 0.807781, 0.157978]}"
Humanoid,m248_unified.obj,1939,3584,3,"{""min"": [-0.332967, -0.468352, -0.080156], ""max"": [0.667033, 0.469096, 0.090348], ""size"": [1.0, 0.9374480000000001, 0.170504]}"
Humanoid,m249_unified.obj,2518,4890,3,"{""min"": [-0.40601, -0.368059, -0.13703], ""max"": [0.59399, 0.37232, 0.159547], ""size"": [1.0, 0.740379, 0.296577]}"
Humanoid,m250_unified.obj,2734,4982,3,"{""min"": [-0.325355, -0.363512, -0.105807], ""max"": [0.674645, 0.364571, 0.08043], ""size"": [1.0, 0.728083, 0.18623699999999999]}"
Humanoid,m251_unified.obj,2504,5000,3,"{""min"": [-0.445078, -0.377286, -0.092563], ""max"": [0.554922, 0.376555, 0.081434], ""size"": [1.0, 0.753841, 0.173997]}"
Humanoid,m252_unified.obj,2539,4961,3,"{""min"": [-0.486969, -0.499927, -0.117403], ""max"": [0.508253, 0.500073, 0.127138], ""size"": [0.9952219999999999, 1.0, 0.244541]}"
Humanoid,m253_unified.obj,2610,4978,3,"{""min"": [-0.412865, -0.363757, -0.131475], ""max"": [0.587135, 0.362985, 0.101986], ""size"": [1.0, 0.726742, 0.233461]}"
Humanoid,m254_unified.obj,2759,4998,3,"{""min"": [-0.387388, -0.339885, -0.076677], ""max"": [0.612612, 0.339692, 0.073051], ""size"": [1.0, 0.679577, 0.149728]}"
Humanoid,m255_unified.obj,1604,2274,3,"{""min"": [-0.282734, -0.463526, -0.081902], ""max"": [0.717266, 0.481681, 0.077832], ""size"": [1.0, 0.945207, 0.159734]}"
Humanoid,m256_unified.obj,2463,4862,3,"{""min"": [-0.532818, -0.247838, -0.130639], ""max"": [0.467182, 0.247977, 0.546543], ""size"": [1.0, 0.495815, 0.677182]}"
Humanoid,m257_unified.obj,1458,2884,3,"{""min"": [-0.316707, -0.48124, -0.158622], ""max"": [0.577047, 0.51876, 0.162318], ""size"": [0.8937539999999999, 1.0, 0.32094]}"
Humanoid,m258_unified.obj,2668,4999,3,"{""min"": [-0.421435, -0.346598, -0.075348], ""max"": [0.578565, 0.346283, 0.066068], ""size"": [1.0, 0.6928810000000001, 0.141416]}"
Humanoid,m259_unified.obj,1494,2912,3,"{""min"": [-0.540413, -0.248027, -0.210556], ""max"": [0.459587, 0.305093, 0.200188], ""size"": [1.0, 0.5531200000000001, 0.410744]}"
Humanoid,m260_unified.obj,4184,8299,3,"{""min"": [-0.411429, -0.231166, -0.096734], ""max"": [0.588571, 0.204725, 0.229422], ""size"": [1.0, 0.43589100000000003, 0.326156]}"
Humanoid,m261_unified.obj,1858,3558,3,"{""min"": [-0.42984, -0.136434, -0.148164], ""max"": [0.57016, 0.13696, 0.189017], ""size"": [1.0, 0.273394, 0.33718099999999995]}"
Humanoid,m262_unified.obj,1823,3500,3,"{""min"": [-0.4512, -0.137409, -0.109512], ""max"": [0.5488, 0.181193, 0.140125], ""size"": [1.0, 0.318602, 0.249637]}"
Humanoid,m263_unified.obj,1852,3572,3,"{""min"": [-0.426013, -0.225802, -0.170849], ""max"": [0.573987, 0.223057, 0.139015], ""size"": [1.0, 0.448859, 0.30986400000000003]}"
Humanoid,m264_unified.obj,2499,4989,3,"{""min"": [-0.456782, -0.144686, -0.168445], ""max"": [0.543218, 0.193407, 0.173826], ""size"": [1.0, 0.338093, 0.342271]}"
Humanoid,m265_unified.obj,2502,5000,3,"{""min"": [-0.4743, -0.203556, -0.161559], ""max"": [0.5257, 0.374206, 0.138398], ""size"": [1.0, 0.577762, 0.29995700000000003]}"
Humanoid,m266_unified.obj,4281,8496,3,"{""min"": [-0.48919, -0.47716, -0.148049], ""max"": [0.51081, 0.396647, 0.181896], ""size"": [1.0, 0.873807, 0.329945]}"
Insect,D00081_unified.obj,1180,2312,3,"{""min"": [-0.213027, -0.494967, -0.137921], ""max"": [0.596852, 0.505033, 0.169295], ""size"": [0.809879, 1.0, 0.307216]}"
Insect,D00082_unified.obj,2564,4996,3,"{""min"": [-0.333199, -0.499843, -0.310718], ""max"": [0.601715, 0.500157, 0.181565], ""size"": [0.934914, 1.0, 0.492283]}"
Insect,D00102_unified.obj,2572,5046,3,"{""min"": [-0.37006, -0.5, -0.224026], ""max"": [0.401827, 0.5, 0.399705], ""size"": [0.771887, 1.0, 0.623731]}"
Insect,D00109_unified.obj,3248,5280,3,"{""min"": [-0.254733, -0.5, -0.215837], ""max"": [0.512037, 0.5, 0.376785], ""size"": [0.76677, 1.0, 0.592622]}"
Insect,D00117_unified.obj,2714,4999,3,"{""min"": [-0.490566, -0.400567, -0.168431], ""max"": [0.509434, 0.414767, 0.352695], ""size"": [1.0, 0.815334, 0.521126]}"
Insect,D00136_unified.obj,1384,2532,3,"{""min"": [-0.30353, -0.354213, -0.179396], ""max"": [0.69647, 0.370133, 0.208145], ""size"": [1.0, 0.7243459999999999, 0.387541]}"
Insect,D00160_unified.obj,940,1832,3,"{""min"": [-0.498732, -0.343065, -0.104912], ""max"": [0.501268, 0.47065, 0.199951], ""size"": [1.0, 0.813715, 0.304863]}"
Insect,D00180_unified.obj,2572,5046,3,"{""min"": [-0.37006, -0.5, -0.224026], ""max"": [0.401827, 0.5, 0.399705], ""size"": [0.771887, 1.0, 0.623731]}"
Insect,D00231_unified.obj,1167,2280,3,"{""min"": [-0.5005, -0.25588, -0.061721], ""max"": [0.4995, 0.362783, 0.124943], ""size"": [1.0, 0.618663, 0.186664]}"
Insect,D00291_unified.obj,1078,2112,3,"{""min"": [-0.403134, -0.270247, -0.063762], ""max"": [0.596866, 0.271176, 0.119655], ""size"": [1.0, 0.541423, 0.183417]}"
Insect,D00294_unified.obj,2022,3098,3,"{""min"": [-0.254488, -0.477204, -0.160673], ""max"": [0.745512, 0.390908, 0.160673], ""size"": [1.0, 0.868112, 0.321346]}"
Insect,D00309_unified.obj,1551,2818,3,"{""min"": [-0.454896, -0.481995, -0.212174], ""max"": [0.545104, 0.473884, 0.263439], ""size"": [1.0, 0.955879, 0.47561299999999995]}"
Insect,D00315_unified.obj,1172,2288,3,"{""min"": [-0.351207, -0.291044, -0.153567], ""max"": [0.648793, 0.295091, 0.176532], ""size"": [1.0, 0.5861350000000001, 0.33009900000000003]}"
Insect,D00333_unified.obj,2696,4998,3,"{""min"": [-0.466713, -0.348314, -0.086253], ""max"": [0.533287, 0.418905, 0.109928], ""size"": [1.0, 0.7672190000000001, 0.196181]}"
Insect,D00399_unified.obj,2762,5295,3,"{""min"": [-0.334017, -0.499837, -0.07249], ""max"": [0.555685, 0.500163, 0.121044], ""size"": [0.889702, 1.0, 0.19353399999999998]}"
Insect,D00430_unified.obj,2597,5000,3,"{""min"": [-0.380521, -0.47892, -0.210421], ""max"": [0.619479, 0.477733, 0.192009], ""size"": [1.0, 0.956653, 0.40243]}"
Insect,D00510_unified.obj,1154,2200,3,"{""min"": [-0.537748, -0.441729, -0.144933], ""max"": [0.462252, 0.449778, 0.221036], ""size"": [1.0, 0.891507, 0.365969]}"
Insect,D00590_unified.obj,1292,2580,3,"{""min"": [-0.5, -0.233938, -0.088461], ""max"": [0.5, 0.421648, 0.085812], ""size"": [1.0, 0.655586, 0.174273]}"
Insect,D00615_unified.obj,2546,5088,3,"{""min"": [-0.226159, -0.5, -0.180109], ""max"": [0.558891, 0.5, 0.400448], ""size"": [0.78505, 1.0, 0.580557]}"
Insect,D00662_unified.obj,3010,4999,3,"{""min"": [-0.547722, -0.489452, -0.338469], ""max"": [0.452278, 0.469068, 0.226138], ""size"": [1.0, 0.95852, 0.5646070000000001]}"
Insect,D00668_unified.obj,2528,5000,3,"{""min"": [-0.562093, -0.358787, -0.234644], ""max"": [0.437907, 0.375476, 0.371605], ""size"": [1.0, 0.734263, 0.606249]}"
Insect,D00672_unified.obj,3334,5490,3,"{""min"": [-0.496928, -0.323821, -0.142861], ""max"": [0.503072, 0.327338, 0.211341], ""size"": [1.0, 0.651159, 0.354202]}"
Insect,D00695_unified.obj,3061,6000,3,"{""min"": [-0.466351, -0.347201, -0.084523], ""max"": [0.533649, 0.347202, 0.174077], ""size"": [1.0, 0.694403, 0.2586]}"
Insect,D00713_unified.obj,1728,3335,3,"{""min"": [-0.39562, -0.335039, -0.263999], ""max"": [0.399654, 0.664961, 0.215824], ""size"": [0.795274, 1.0, 0.479823]}"
Insect,D00732_unified.obj,2542,5000,3,"{""min"": [-0.378631, -0.493231, -0.274673], ""max"": [0.510669, 0.506769, 0.296185], ""size"": [0.8893, 1.0, 0.570858]}"
Insect,D00734_unified.obj,1588,2976,3,"{""min"": [-0.504627, -0.443906, -0.197446], ""max"": [0.495373, 0.521734, 0.185817], ""size"": [1.0, 0.96564, 0.383263]}"
Insect,D00746_unified.obj,2588,5000,3,"{""min"": [-0.5087, -0.399379, -0.182222], ""max"": [0.4913, 0.405116, 0.243132], ""size"": [1.0, 0.804495, 0.425354]}"
Insect,D00752_unified.obj,2528,5000,3,"{""min"": [-0.426106, -0.466634, -0.182109], ""max"": [0.573894, 0.420443, 0.215021], ""size"": [1.0, 0.887077, 0.39713]}"
Insect,D00753_unified.obj,2607,4999,3,"{""min"": [-0.561546, -0.315956, -0.183513], ""max"": [0.438454, 0.308557, 0.545791], ""size"": [1.0, 0.6245130000000001, 0.7293040000000001]}"
Insect,D00774_unified.obj,1548,2980,3,"{""min"": [-0.5, -0.320331, -0.121462], ""max"": [0.5, 0.327713, 0.229049], ""size"": [1.0, 0.648044, 0.350511]}"
Insect,D00786_unified.obj,2830,5358,3,"{""min"": [-0.502062, -0.278323, -0.142466], ""max"": [0.497938, 0.286341, 0.256641], ""size"": [1.0, 0.564664, 0.399107]}"
Insect,D00787_unified.obj,1463,2182,3,"{""min"": [-0.497213, -0.127819, -0.008031], ""max"": [0.502787, 0.135228, 0.008088], ""size"": [1.0, 0.263047, 0.016119]}"
Insect,D00788_unified.obj,3703,5000,3,"{""min"": [-0.380568, -0.188766, -0.400244], ""max"": [0.619432, 0.278101, 0.395632], ""size"": [1.0, 0.466867, 0.795876]}"
Insect,D00806_unified.obj,1176,2312,3,"{""min"": [-0.422462, -0.502003, -0.24308], ""max"": [0.569188, 0.497997, 0.250779], ""size"": [0.99165, 1.0, 0.49385899999999994]}"
Insect,D00814_unified.obj,1362,2628,3,"{""min"": [-0.480163, -0.417111, -0.103624], ""max"": [0.519837, 0.516005, 0.086027], ""size"": [1.0, 0.9331160000000001, 0.18965100000000001]}"
Insect,D00855_unified.obj,1130,2216,3,"{""min"": [-0.453064, -0.392918, -0.128039], ""max"": [0.546936, 0.395749, 0.168356], ""size"": [1.0, 0.788667, 0.29639499999999996]}"
Insect,D00884_unified.obj,3018,4999,3,"{""min"": [-0.548712, -0.486231, -0.333297], ""max"": [0.451288, 0.467876, 0.226625], ""size"": [1.0, 0.954107, 0.559922]}"
Insect,D00895_unified.obj,4129,7741,3,"{""min"": [-0.224126, -0.498854, -0.125708], ""max"": [0.349673, 0.501146, 0.304858], ""size"": [0.573799, 1.0, 0.430566]}"
Insect,D00973_unified.obj,2545,5000,3,"{""min"": [-0.431151, -0.298221, -0.15266], ""max"": [0.568849, 0.300137, 0.261878], ""size"": [1.0, 0.598358, 0.41453799999999996]}"
Insect,D00989_unified.obj,1195,2352,3,"{""min"": [-0.413562, -0.346891, -0.117863], ""max"": [0.586438, 0.346468, 0.119043], ""size"": [1.0, 0.6933590000000001, 0.236906]}"
Insect,m0_unified.obj,1036,1968,3,"{""min"": [-0.490434, -0.291211, -0.142156], ""max"": [0.509566, 0.291187, 0.284491], ""size"": [1.0, 0.582398, 0.426647]}"
Insect,m10_unified.obj,1362,2628,3,"{""min"": [-0.480163, -0.417111, -0.103624], ""max"": [0.519837, 0.516005, 0.086027], ""size"": [1.0, 0.9331160000000001, 0.18965100000000001]}"
Insect,m11_unified.obj,1454,2896,3,"{""min"": [-0.52501, -0.254943, -0.039977], ""max"": [0.47499, 0.271941, 0.034103], ""size"": [1.0, 0.5268839999999999, 0.07408000000000001]}"
Insect,m12_unified.obj,1024,1984,3,"{""min"": [-0.490046, -0.266548, -0.153613], ""max"": [0.509954, 0.316158, 0.215511], ""size"": [1.0, 0.582706, 0.369124]}"
Insect,m13_unified.obj,1991,3837,3,"{""min"": [-0.196868, -0.503185, -0.058506], ""max"": [0.371782, 0.496815, 0.116031], ""size"": [0.56865, 1.0, 0.174537]}"
Insect,m14_unified.obj,3437,6712,3,"{""min"": [-0.39682, -0.500161, -0.095211], ""max"": [0.358925, 0.499839, 0.197533], ""size"": [0.755745, 1.0, 0.292744]}"
Insect,m15_unified.obj,1454,2896,3,"{""min"": [-0.525156, -0.254232, -0.039995], ""max"": [0.474844, 0.272032, 0.034112], ""size"": [1.0, 0.5262640000000001, 0.074107]}"
Insect,m16_unified.obj,2666,5162,3,"{""min"": [-0.571336, -0.358094, -0.084548], ""max"": [0.428664, 0.365053, 0.154027], ""size"": [1.0, 0.723147, 0.23857499999999998]}"
Insect,m17_unified.obj,1548,2980,3,"{""min"": [-0.5, -0.320331, -0.121461], ""max"": [0.5, 0.327713, 0.229049], ""size"": [1.0, 0.648044, 0.35051]}"
Insect,m18_unified.obj,2588,5000,3,"{""min"": [-0.508808, -0.398926, -0.181545], ""max"": [0.491192, 0.406717, 0.242809], ""size"": [1.0, 0.805643, 0.424354]}"
Insect,m19_unified.obj,3339,5490,3,"{""min"": [-0.496819, -0.323696, -0.142741], ""max"": [0.503181, 0.327381, 0.211559], ""size"": [1.0, 0.6510769999999999, 0.3543]}"
Insect,m1_unified.obj,894,1640,3,"{""min"": [-0.444265, -0.209657, -0.185058], ""max"": [0.555735, 0.213254, 0.159198], ""size"": [1.0, 0.42291100000000004, 0.344256]}"
Insect,m20_unified.obj,1624,3042,3,"{""min"": [-0.501577, -0.45166, -0.189791], ""max"": [0.498423, 0.511306, 0.183869], ""size"": [1.0, 0.962966, 0.37366]}"
Insect,m21_unified.obj,1150,2192,3,"{""min"": [-0.500064, -0.46419, -0.313102], ""max"": [0.499936, 0.380574, 0.248543], ""size"": [1.0, 0.8447640000000001, 0.561645]}"
Insect,m22_unified.obj,1263,2480,3,"{""min"": [-0.150625, -0.499707, -0.241906], ""max"": [0.548592, 0.500293, 0.324825], ""size"": [0.699217, 1.0, 0.566731]}"
Insect,m23_unified.obj,1776,3504,3,"{""min"": [-0.406696, -0.241404, -0.228672], ""max"": [0.593304, 0.242088, 0.161526], ""size"": [1.0, 0.48349200000000003, 0.390198]}"
Insect,m24_unified.obj,589,1136,3,"{""min"": [-0.49979, -0.372059, -0.200932], ""max"": [0.50021, 0.503884, 0.223973], ""size"": [1.0, 0.8759429999999999, 0.424905]}"
Insect,m25_unified.obj,4988,9964,3,"{""min"": [-0.463386, -0.417939, -0.343669], ""max"": [0.536614, 0.417798, 0.221259], ""size"": [1.0, 0.835737, 0.564928]}"
Insect,m26_unified.obj,2617,5000,3,"{""min"": [-0.44808, -0.491806, -0.148467], ""max"": [0.55192, 0.410255, 0.207636], ""size"": [1.0, 0.902061, 0.35610299999999995]}"
Insect,m2_unified.obj,2638,5000,3,"{""min"": [-0.499664, -0.28411, -0.137321], ""max"": [0.500336, 0.282855, 0.258231], ""size"": [1.0, 0.5669649999999999, 0.395552]}"
Insect,m3_unified.obj,1854,3648,3,"{""min"": [-0.46638, -0.554117, -0.315387], ""max"": [0.489453, 0.445883, 0.297335], ""size"": [0.955833, 1.0, 0.612722]}"
Insect,m4_unified.obj,2726,4999,3,"{""min"": [-0.47914, -0.244651, -0.116043], ""max"": [0.52086, 0.292758, 0.199169], ""size"": [1.0, 0.537409, 0.315212]}"
Insect,m6_unified.obj,2698,4960,3,"{""min"": [-0.494403, -0.286934, -0.371572], ""max"": [0.505597, 0.461544, 0.358007], ""size"": [1.0, 0.748478, 0.729579]}"
Insect,m7_unified.obj,1029,2018,3,"{""min"": [-0.305632, -0.272871, -0.201655], ""max"": [0.694368, 0.279132, 0.282814], ""size"": [1.0, 0.552003, 0.48446900000000004]}"
Insect,m8_unified.obj,1490,2702,3,"{""min"": [-0.515534, -0.374202, -0.248368], ""max"": [0.484466, 0.569877, 0.256165], ""size"": [1.0, 0.9440789999999999, 0.504533]}"
Insect,m9_unified.obj,2013,3576,3,"{""min"": [-0.288719, -0.245664, -0.500015], ""max"": [0.549016, 0.189177, 0.499985], ""size"": [0.8377349999999999, 0.43484100000000003, 1.0]}"
Jet,m1147_unified.obj,4611,9138,3,"{""min"": [-0.453283, -0.449321, -0.073399], ""max"": [0.546717, 0.449321, 0.186358], ""size"": [1.0, 0.898642, 0.259757]}"
Jet,m1149_unified.obj,3003,5874,3,"{""min"": [-0.371608, -0.387162, -0.057985], ""max"": [0.628392, 0.389214, 0.164218], ""size"": [1.0, 0.776376, 0.222203]}"
Jet,m1150_unified.obj,2459,4906,3,"{""min"": [-0.477174, -0.375199, -0.059279], ""max"": [0.522826, 0.375296, 0.106676], ""size"": [1.0, 0.750495, 0.16595500000000002]}"
Jet,m1151_unified.obj,3342,6616,3,"{""min"": [-0.400361, -0.499829, -0.069324], ""max"": [0.587666, 0.500171, 0.146982], ""size"": [0.988027, 1.0, 0.216306]}"
Jet,m1152_unified.obj,2733,4852,3,"{""min"": [-0.602572, -0.474848, -0.077752], ""max"": [0.397428, 0.469989, 0.260795], ""size"": [1.0, 0.9448369999999999, 0.338547]}"
Jet,m1153_unified.obj,2953,5879,3,"{""min"": [-0.473227, -0.400693, -0.09899], ""max"": [0.526773, 0.400796, 0.240972], ""size"": [1.0, 0.801489, 0.339962]}"
Jet,m1154_unified.obj,2020,4000,3,"{""min"": [-0.569502, -0.430199, -0.043676], ""max"": [0.430498, 0.430302, 0.200242], ""size"": [1.0, 0.860501, 0.243918]}"
Jet,m1155_unified.obj,3680,5724,3,"{""min"": [-0.30991, -0.411534, -0.056933], ""max"": [0.69009, 0.411614, 0.150829], ""size"": [1.0, 0.823148, 0.207762]}"
Jet,m1156_unified.obj,5117,9804,3,"{""min"": [-0.41033, -0.500001, -0.075383], ""max"": [0.451555, 0.499999, 0.088472], ""size"": [0.861885, 1.0, 0.163855]}"
Jet,m1157_unified.obj,4615,8352,3,"{""min"": [-0.401813, -0.354313, -0.062023], ""max"": [0.598187, 0.354313, 0.090433], ""size"": [1.0, 0.708626, 0.152456]}"
Jet,m1158_unified.obj,1238,2352,3,"{""min"": [-0.432508, -0.5, -0.101147], ""max"": [0.452104, 0.5, 0.24239], ""size"": [0.884612, 1.0, 0.343537]}"
Jet,m1159_unified.obj,2733,4852,3,"{""min"": [-0.602572, -0.474848, -0.077752], ""max"": [0.397428, 0.469989, 0.260795], ""size"": [1.0, 0.9448369999999999, 0.338547]}"
Jet,m1161_unified.obj,4546,6731,3,"{""min"": [-0.43987, -0.474834, -0.234814], ""max"": [0.56013, 0.476216, 0.072387], ""size"": [1.0, 0.95105, 0.307201]}"
Jet,m1162_unified.obj,2960,5706,3,"{""min"": [-0.493707, -0.418444, -0.054732], ""max"": [0.506293, 0.418444, 0.15067], ""size"": [1.0, 0.836888, 0.205402]}"
Jet,m1163_unified.obj,1013,1510,3,"{""min"": [-0.612582, -0.476393, -0.05613], ""max"": [0.387418, 0.476816, 0.231578], ""size"": [1.0, 0.953209, 0.287708]}"
Jet,m1165_unified.obj,1656,3072,3,"{""min"": [-0.477736, -0.404369, -0.074258], ""max"": [0.522264, 0.404376, 0.156677], ""size"": [1.0, 0.808745, 0.230935]}"
Jet,m1166_unified.obj,1396,2715,3,"{""min"": [-0.516965, -0.439679, -0.069985], ""max"": [0.483035, 0.439686, 0.128925], ""size"": [1.0, 0.879365, 0.19891000000000003]}"
Jet,m1167_unified.obj,2838,3347,3,"{""min"": [-0.437345, -0.355138, -0.142618], ""max"": [0.562655, 0.353077, 0.12257], ""size"": [1.0, 0.708215, 0.265188]}"
Jet,m1168_unified.obj,2005,3857,3,"{""min"": [-0.420681, -0.337867, -0.058108], ""max"": [0.579319, 0.319304, 0.171934], ""size"": [1.0, 0.657171, 0.230042]}"
Jet,m1169_unified.obj,4491,8462,3,"{""min"": [-0.527016, -0.335875, -0.093779], ""max"": [0.472984, 0.338709, 0.256167], ""size"": [1.0, 0.674584, 0.349946]}"
Jet,m1171_unified.obj,3110,5622,3,"{""min"": [-0.529993, -0.367242, -0.140038], ""max"": [0.470007, 0.382745, 0.117898], ""size"": [1.0, 0.749987, 0.257936]}"
Jet,m1172_unified.obj,1965,4928,3,"{""min"": [-0.392216, -0.392528, -0.068201], ""max"": [0.607784, 0.392513, 0.1231], ""size"": [1.0, 0.785041, 0.191301]}"
Jet,m1173_unified.obj,2572,4856,3,"{""min"": [-0.477752, -0.402423, -0.082023], ""max"": [0.522248, 0.403391, 0.164487], ""size"": [1.0, 0.805814, 0.24651]}"
Jet,m1174_unified.obj,1114,2208,3,"{""min"": [-0.379961, -0.255329, -0.055997], ""max"": [0.620039, 0.255458, 0.14297], ""size"": [1.0, 0.510787, 0.198967]}"
Jet,m1175_unified.obj,2344,4592,3,"{""min"": [-0.428239, -0.337779, -0.060513], ""max"": [0.571761, 0.336136, 0.253006], ""size"": [1.0, 0.673915, 0.313519]}"
Jet,m1176_unified.obj,749,912,3,"{""min"": [-0.492025, -0.408152, -0.051124], ""max"": [0.507975, 0.409575, 0.145656], ""size"": [1.0, 0.8177270000000001, 0.19678]}"
Jet,m1177_unified.obj,2021,4032,3,"{""min"": [-0.396537, -0.441906, -0.093506], ""max"": [0.603463, 0.434885, 0.204188], ""size"": [1.0, 0.8767910000000001, 0.297694]}"
Jet,m1178_unified.obj,1010,1938,3,"{""min"": [-0.450504, -0.233329, -0.06923], ""max"": [0.549496, 0.233363, 0.13218], ""size"": [1.0, 0.466692, 0.20140999999999998]}"
Jet,m1179_unified.obj,4310,7620,3,"{""min"": [-0.54424, -0.30684, -0.055102], ""max"": [0.45576, 0.308178, 0.158382], ""size"": [1.0, 0.6150180000000001, 0.213484]}"
Jet,m1180_unified.obj,2116,4220,3,"{""min"": [-0.383366, -0.332523, -0.064085], ""max"": [0.616634, 0.332473, 0.156093], ""size"": [1.0, 0.664996, 0.220178]}"
Jet,m1181_unified.obj,1633,3260,3,"{""min"": [-0.435954, -0.381516, -0.073957], ""max"": [0.564046, 0.380574, 0.170358], ""size"": [1.0, 0.76209, 0.244315]}"
Jet,m1182_unified.obj,710,1416,3,"{""min"": [-0.389555, -0.312568, -0.055431], ""max"": [0.610445, 0.312617, 0.142651], ""size"": [1.0, 0.625185, 0.198082]}"
Jet,m1183_unified.obj,1812,3120,3,"{""min"": [-0.418556, -0.421466, -0.073816], ""max"": [0.581444, 0.421467, 0.128863], ""size"": [1.0, 0.8429329999999999, 0.202679]}"
Jet,m1184_unified.obj,713,1378,3,"{""min"": [-0.493887, -0.255365, -0.162754], ""max"": [0.506113, 0.255319, 0.119885], ""size"": [1.0, 0.510684, 0.28263900000000003]}"
Jet,m1185_unified.obj,614,1187,3,"{""min"": [-0.433533, -0.234352, -0.081926], ""max"": [0.566467, 0.234329, 0.151726], ""size"": [1.0, 0.468681, 0.233652]}"
Jet,m1187_unified.obj,1190,2372,3,"{""min"": [-0.549792, -0.334903, -0.068697], ""max"": [0.450208, 0.33485, 0.197601], ""size"": [1.0, 0.669753, 0.266298]}"
Jet,m1188_unified.obj,1086,2152,3,"{""min"": [-0.535279, -0.394348, -0.066224], ""max"": [0.464721, 0.40224, 0.187073], ""size"": [1.0, 0.796588, 0.253297]}"
Jet,m1190_unified.obj,562,1098,3,"{""min"": [-0.427836, -0.339665, -0.090857], ""max"": [0.572164, 0.339816, 0.188533], ""size"": [1.0, 0.679481, 0.27939]}"
Jet,m1191_unified.obj,5027,9776,3,"{""min"": [-0.351505, -0.500036, -0.070786], ""max"": [0.559323, 0.499964, 0.088167], ""size"": [0.910828, 1.0, 0.158953]}"
Jet,m1193_unified.obj,4059,8106,3,"{""min"": [-0.356205, -0.261348, -0.043197], ""max"": [0.643795, 0.261272, 0.160356], ""size"": [1.0, 0.5226200000000001, 0.20355299999999998]}"
Jet,m1194_unified.obj,2697,4720,3,"{""min"": [-0.415867, -0.381711, -0.064837], ""max"": [0.584133, 0.381712, 0.170588], ""size"": [1.0, 0.763423, 0.235425]}"
Jet,m1195_unified.obj,1136,1840,3,"{""min"": [-0.424986, -0.374078, -0.075662], ""max"": [0.575014, 0.373975, 0.141677], ""size"": [1.0, 0.7480530000000001, 0.217339]}"
Jet,m1196_unified.obj,1837,3216,3,"{""min"": [-0.411036, -0.342832, -0.05573], ""max"": [0.588964, 0.342834, 0.156201], ""size"": [1.0, 0.6856660000000001, 0.211931]}"
Jet,m1197_unified.obj,939,1814,3,"{""min"": [-0.438667, -0.347911, -0.061287], ""max"": [0.561333, 0.347979, 0.176299], ""size"": [1.0, 0.69589, 0.23758600000000002]}"
Jet,m1198_unified.obj,873,1693,3,"{""min"": [-0.48257, -0.336723, -0.052411], ""max"": [0.51743, 0.336836, 0.17261], ""size"": [1.0, 0.673559, 0.22502100000000003]}"
Jet,m1199_unified.obj,2339,4481,3,"{""min"": [-0.55224, -0.280234, -0.049021], ""max"": [0.44776, 0.280513, 0.163379], ""size"": [1.0, 0.560747, 0.2124]}"
Jet,m1200_unified.obj,757,1431,3,"{""min"": [-0.498809, -0.239033, -0.062214], ""max"": [0.501191, 0.239781, 0.211464], ""size"": [1.0, 0.47881399999999996, 0.27367800000000003]}"
Jet,m1201_unified.obj,2934,4905,3,"{""min"": [-0.444835, -0.342808, -0.210902], ""max"": [0.555165, 0.343957, 0.121563], ""size"": [1.0, 0.6867650000000001, 0.332465]}"
Jet,m1202_unified.obj,2682,5328,3,"{""min"": [-0.416904, -0.282383, -0.131722], ""max"": [0.583096, 0.28252, 0.067996], ""size"": [1.0, 0.5649029999999999, 0.199718]}"
Jet,m1204_unified.obj,1064,2050,3,"{""min"": [-0.427155, -0.336234, -0.098242], ""max"": [0.572845, 0.336913, 0.221914], ""size"": [1.0, 0.6731469999999999, 0.320156]}"
Jet,m1205_unified.obj,1302,2224,3,"{""min"": [-0.415639, -0.39463, -0.07609], ""max"": [0.584361, 0.394862, 0.102792], ""size"": [1.0, 0.789492, 0.17888199999999999]}"
Jet,m1207_unified.obj,1444,2646,3,"{""min"": [-0.294221, -0.187, -0.056588], ""max"": [0.705779, 0.190161, 0.078646], ""size"": [1.0, 0.37716099999999997, 0.135234]}"
Jet,m1208_unified.obj,1080,1911,3,"{""min"": [-0.346281, -0.473965, -0.078191], ""max"": [0.391304, 0.526035, 0.115667], ""size"": [0.7375849999999999, 1.0, 0.193858]}"
Jet,m1209_unified.obj,962,1920,3,"{""min"": [-0.460697, -0.500465, -0.075184], ""max"": [0.499213, 0.499535, 0.181784], ""size"": [0.95991, 1.0, 0.256968]}"
Jet,m1210_unified.obj,2301,4580,3,"{""min"": [-0.350722, -0.309836, -0.059076], ""max"": [0.649278, 0.378252, 0.152091], ""size"": [1.0, 0.688088, 0.211167]}"
Jet,m1211_unified.obj,1795,3388,3,"{""min"": [-0.503505, -0.410328, -0.082716], ""max"": [0.496495, 0.557838, 0.193272], ""size"": [1.0, 0.968166, 0.275988]}"
Jet,m1212_unified.obj,1173,2088,3,"{""min"": [-0.428068, -0.315022, -0.082442], ""max"": [0.571932, 0.315554, 0.223555], ""size"": [1.0, 0.630576, 0.305997]}"
Jet,m1213_unified.obj,1006,2008,3,"{""min"": [-0.351044, -0.227568, -0.033395], ""max"": [0.648956, 0.227835, 0.125234], ""size"": [1.0, 0.455403, 0.15862900000000002]}"
Jet,m1214_unified.obj,3518,7008,3,"{""min"": [-0.563852, -0.314313, -0.043251], ""max"": [0.436148, 0.314339, 0.154171], ""size"": [1.0, 0.628652, 0.197422]}"
Jet,m1215_unified.obj,622,1232,3,"{""min"": [-0.391549, -0.352359, -0.061783], ""max"": [0.608451, 0.352304, 0.154676], ""size"": [1.0, 0.704663, 0.216459]}"
Jet,m1216_unified.obj,3509,7010,3,"{""min"": [-0.50081, -0.339382, -0.060291], ""max"": [0.49919, 0.3394, 0.148436], ""size"": [1.0, 0.678782, 0.208727]}"
Jet,m1217_unified.obj,1209,2372,3,"{""min"": [-0.439143, -0.306878, -0.067389], ""max"": [0.560857, 0.306575, 0.199082], ""size"": [1.0, 0.613453, 0.266471]}"
Jet,m1218_unified.obj,846,1547,3,"{""min"": [-0.407546, -0.352553, -0.05428], ""max"": [0.592454, 0.35011, 0.155677], ""size"": [1.0, 0.702663, 0.209957]}"
Jet,m1219_unified.obj,730,1456,3,"{""min"": [-0.45746, -0.367994, -0.044838], ""max"": [0.54254, 0.371237, 0.116269], ""size"": [1.0, 0.739231, 0.161107]}"
Jet,m1220_unified.obj,1729,3442,3,"{""min"": [-0.402151, -0.340807, -0.051683], ""max"": [0.597849, 0.340705, 0.159468], ""size"": [1.0, 0.681512, 0.211151]}"
Jet,m1221_unified.obj,1368,2627,3,"{""min"": [-0.188806, -0.431263, -0.089355], ""max"": [0.811194, 0.430661, 0.130111], ""size"": [1.0, 0.861924, 0.219466]}"
Jet,m1222_unified.obj,1217,2325,3,"{""min"": [-0.254098, -0.460867, -0.089515], ""max"": [0.745902, 0.455118, 0.288953], ""size"": [1.0, 0.915985, 0.378468]}"
Jet,m1223_unified.obj,4462,8920,3,"{""min"": [-0.446227, -0.347708, -0.042476], ""max"": [0.553773, 0.347735, 0.159221], ""size"": [1.0, 0.695443, 0.20169700000000002]}"
Jet,m1224_unified.obj,2057,3776,3,"{""min"": [-0.451732, -0.216538, -0.036874], ""max"": [0.548268, 0.216695, 0.107184], ""size"": [1.0, 0.433233, 0.144058]}"
Jet,m1225_unified.obj,636,1120,3,"{""min"": [-0.482649, -0.368032, -0.061345], ""max"": [0.517351, 0.367884, 0.091097], ""size"": [1.0, 0.735916, 0.152442]}"
Jet,m1226_unified.obj,638,1272,3,"{""min"": [-0.476148, -0.2498, -0.075793], ""max"": [0.523852, 0.24984, 0.160123], ""size"": [1.0, 0.49964, 0.235916]}"
Jet,m1227_unified.obj,851,1296,3,"{""min"": [-0.381665, -0.389041, -0.047001], ""max"": [0.618335, 0.389258, 0.071276], ""size"": [1.0, 0.7782990000000001, 0.11827700000000001]}"
Jet,m1228_unified.obj,1023,1472,3,"{""min"": [-0.29489, -0.35821, -0.047053], ""max"": [0.70511, 0.358268, 0.100876], ""size"": [1.0, 0.716478, 0.14792899999999998]}"
Jet,m1229_unified.obj,2637,4997,3,"{""min"": [-0.399563, -0.251144, -0.041218], ""max"": [0.600437, 0.250232, 0.165153], ""size"": [1.0, 0.501376, 0.206371]}"
Jet,m1230_unified.obj,2360,4325,3,"{""min"": [-0.415364, -0.310697, -0.081011], ""max"": [0.584636, 0.310695, 0.221236], ""size"": [1.0, 0.6213919999999999, 0.302247]}"
Jet,m1231_unified.obj,288,504,3,"{""min"": [-0.402069, -0.322554, -0.052224], ""max"": [0.597931, 0.319419, 0.112464], ""size"": [1.0, 0.641973, 0.164688]}"
Jet,m1232_unified.obj,799,1542,3,"{""min"": [-0.327904, -0.48657, -0.072578], ""max"": [0.672096, 0.48647, 0.162111], ""size"": [1.0, 0.97304, 0.234689]}"
Jet,m1233_unified.obj,940,1816,3,"{""min"": [-0.491132, -0.255656, -0.143783], ""max"": [0.508868, 0.255702, 0.079391], ""size"": [1.0, 0.511358, 0.22317399999999998]}"
Jet,m1234_unified.obj,932,1796,3,"{""min"": [-0.402214, -0.432453, -0.083661], ""max"": [0.597786, 0.433814, 0.106866], ""size"": [1.0, 0.8662669999999999, 0.190527]}"
Jet,m1235_unified.obj,751,1464,3,"{""min"": [-0.360475, -0.499907, -0.079118], ""max"": [0.611682, 0.500093, 0.156092], ""size"": [0.9721569999999999, 1.0, 0.23521]}"
Jet,m1236_unified.obj,1573,3061,3,"{""min"": [-0.384032, -0.337491, -0.051335], ""max"": [0.615968, 0.334156, 0.155104], ""size"": [1.0, 0.671647, 0.20643899999999998]}"
Jet,m1237_unified.obj,858,1640,3,"{""min"": [-0.463433, -0.500672, -0.080117], ""max"": [0.499041, 0.499328, 0.190214], ""size"": [0.962474, 1.0, 0.270331]}"
Jet,m1238_unified.obj,780,1540,3,"{""min"": [-0.482196, -0.254581, -0.07161], ""max"": [0.517804, 0.254328, 0.16391], ""size"": [1.0, 0.5089090000000001, 0.23552]}"
Jet,m1239_unified.obj,1526,2704,3,"{""min"": [-0.422015, -0.391115, -0.061726], ""max"": [0.577985, 0.391116, 0.144553], ""size"": [1.0, 0.782231, 0.206279]}"
Jet,m1240_unified.obj,713,1393,3,"{""min"": [-0.487433, -0.440367, -0.162542], ""max"": [0.512567, 0.440549, 0.12012], ""size"": [1.0, 0.880916, 0.28266199999999997]}"
Jet,m1241_unified.obj,1672,2880,3,"{""min"": [-0.401009, -0.356865, -0.052562], ""max"": [0.598991, 0.356851, 0.183833], ""size"": [1.0, 0.713716, 0.236395]}"
Jet,m1242_unified.obj,1362,2432,3,"{""min"": [-0.422591, -0.299495, -0.039253], ""max"": [0.577409, 0.29951, 0.177358], ""size"": [1.0, 0.599005, 0.216611]}"
Jet,m1243_unified.obj,1140,2246,3,"{""min"": [-0.460783, -0.343238, -0.068339], ""max"": [0.539217, 0.343556, 0.175228], ""size"": [1.0, 0.6867939999999999, 0.24356699999999998]}"
Jet,m1245_unified.obj,854,1704,3,"{""min"": [-0.31214, -0.499703, -0.067481], ""max"": [0.475321, 0.500297, 0.2032], ""size"": [0.787461, 1.0, 0.270681]}"
Jet,m1246_unified.obj,1464,2870,3,"{""min"": [-0.481631, -0.413564, -0.064125], ""max"": [0.518369, 0.414093, 0.248892], ""size"": [1.0, 0.827657, 0.313017]}"
Jet,m1247_unified.obj,3094,6184,3,"{""min"": [-0.442777, -0.337897, -0.085166], ""max"": [0.557223, 0.339191, 0.196972], ""size"": [1.0, 0.677088, 0.282138]}"
Jet,m1248_unified.obj,1126,2100,3,"{""min"": [-0.36046, -0.315962, -0.091938], ""max"": [0.63954, 0.315191, 0.272222], ""size"": [1.0, 0.6311530000000001, 0.36416000000000004]}"
Jet,m1249_unified.obj,1234,2464,3,"{""min"": [-0.297126, -0.318725, -0.098275], ""max"": [0.702874, 0.319169, 0.278111], ""size"": [1.0, 0.637894, 0.376386]}"
Jet,m1250_unified.obj,2539,4970,3,"{""min"": [-0.436328, -0.498667, -0.074846], ""max"": [0.474746, 0.501333, 0.116916], ""size"": [0.9110739999999999, 1.0, 0.191762]}"
Jet,m1251_unified.obj,4491,8462,3,"{""min"": [-0.527016, -0.335875, -0.093779], ""max"": [0.472984, 0.338709, 0.256167], ""size"": [1.0, 0.674584, 0.349946]}"
Jet,m1252_unified.obj,3072,4854,3,"{""min"": [-0.439521, -0.303902, -0.170752], ""max"": [0.560479, 0.30612, 0.057195], ""size"": [1.0, 0.6100220000000001, 0.22794699999999998]}"
Jet,m1253_unified.obj,1168,1904,3,"{""min"": [-0.436814, -0.36338, -0.063167], ""max"": [0.563186, 0.363361, 0.142257], ""size"": [1.0, 0.726741, 0.205424]}"
Jet,m1255_unified.obj,2445,4522,3,"{""min"": [-0.367562, -0.254079, -0.084385], ""max"": [0.632438, 0.254262, 0.147253], ""size"": [1.0, 0.5083409999999999, 0.231638]}"
Jet,m1256_unified.obj,2891,4629,3,"{""min"": [-0.399695, -0.239334, -0.047679], ""max"": [0.600305, 0.236856, 0.06404], ""size"": [1.0, 0.47619, 0.111719]}"
Jet,m1257_unified.obj,2587,4629,3,"{""min"": [-0.397924, -0.239209, -0.048654], ""max"": [0.602076, 0.237018, 0.064086], ""size"": [1.0, 0.476227, 0.11274]}"
Jet,m1258_unified.obj,2178,3069,3,"{""min"": [-0.44925, -0.354642, -0.14068], ""max"": [0.55075, 0.353446, 0.124387], ""size"": [1.0, 0.708088, 0.265067]}"
Jet,m1259_unified.obj,2934,4905,3,"{""min"": [-0.444835, -0.342808, -0.210902], ""max"": [0.555165, 0.343957, 0.121563], ""size"": [1.0, 0.6867650000000001, 0.332465]}"
Jet,m1260_unified.obj,1768,2825,3,"{""min"": [-0.517524, -0.296266, -0.183111], ""max"": [0.482476, 0.294754, 0.140301], ""size"": [1.0, 0.59102, 0.32341200000000003]}"
Jet,m1261_unified.obj,1509,2608,3,"{""min"": [-0.370585, -0.365402, -0.062402], ""max"": [0.629415, 0.365677, 0.162198], ""size"": [1.0, 0.731079, 0.22460000000000002]}"
Jet,m1262_unified.obj,2312,4128,3,"{""min"": [-0.413387, -0.331431, -0.059797], ""max"": [0.586613, 0.33155, 0.150966], ""size"": [1.0, 0.662981, 0.21076299999999998]}"
Jet,m1263_unified.obj,4578,8368,3,"{""min"": [-0.387237, -0.469957, -0.074826], ""max"": [0.612763, 0.470013, 0.185001], ""size"": [1.0, 0.93997, 0.25982700000000003]}"
Jet,m1264_unified.obj,4282,7984,3,"{""min"": [-0.421728, -0.499979, -0.083163], ""max"": [0.454263, 0.500021, 0.155792], ""size"": [0.875991, 1.0, 0.23895500000000003]}"
Jet,m1265_unified.obj,1477,2690,3,"{""min"": [-0.305516, -0.187463, -0.057119], ""max"": [0.694484, 0.190291, 0.079172], ""size"": [1.0, 0.377754, 0.136291]}"
Jet,m1266_unified.obj,3408,5808,3,"{""min"": [-0.502789, -0.347656, -0.050181], ""max"": [0.497211, 0.347656, 0.135406], ""size"": [1.0, 0.695312, 0.185587]}"
Jet,m1267_unified.obj,769,1228,3,"{""min"": [-0.393595, -0.461529, -0.063275], ""max"": [0.606405, 0.46231, 0.102815], ""size"": [1.0, 0.9238390000000001, 0.16609000000000002]}"
Jet,m1268_unified.obj,853,1504,3,"{""min"": [-0.203871, -0.499882, -0.03559], ""max"": [0.369893, 0.500118, 0.055898], ""size"": [0.573764, 1.0, 0.091488]}"
Jet,m1269_unified.obj,730,1088,3,"{""min"": [-0.499983, -0.253007, -0.020324], ""max"": [0.500017, 0.278365, 0.055233], ""size"": [1.0, 0.531372, 0.075557]}"
Jet,m1270_unified.obj,1039,1808,3,"{""min"": [-0.224385, -0.499733, -0.025475], ""max"": [0.221783, 0.500267, 0.076943], ""size"": [0.446168, 1.0, 0.102418]}"
Jet,m1271_unified.obj,1178,2096,3,"{""min"": [-0.49995, -0.189577, -0.054214], ""max"": [0.50005, 0.27721, 0.041896], ""size"": [1.0, 0.466787, 0.09611]}"
Jet,m1273_unified.obj,1890,3696,3,"{""min"": [-0.272458, -0.500476, -0.046977], ""max"": [0.28406, 0.499524, 0.067435], ""size"": [0.556518, 1.0, 0.11441199999999999]}"
Jet,m1274_unified.obj,1539,2736,3,"{""min"": [-0.275581, -0.49992, -0.065552], ""max"": [0.379712, 0.50008, 0.096503], ""size"": [0.655293, 1.0, 0.162055]}"
Jet,m1275_unified.obj,679,1088,3,"{""min"": [-0.499517, -0.272369, -0.076905], ""max"": [0.500483, 0.284204, 0.083109], ""size"": [1.0, 0.556573, 0.160014]}"
Jet,m1276_unified.obj,726,1024,3,"{""min"": [-0.499963, -0.214077, -0.022827], ""max"": [0.500037, 0.215803, 0.061343], ""size"": [1.0, 0.42988, 0.08417]}"
Jet,m1277_unified.obj,2239,4224,3,"{""min"": [-0.180931, -0.5, -0.008654], ""max"": [0.298897, 0.5, 0.081425], ""size"": [0.47982800000000003, 1.0, 0.09007899999999999]}"
Jet,m1278_unified.obj,2304,4344,3,"{""min"": [-0.182716, -0.499983, -0.031115], ""max"": [0.284695, 0.500017, 0.084415], ""size"": [0.46741099999999997, 1.0, 0.11553000000000001]}"
Jet,m1279_unified.obj,2658,4816,3,"{""min"": [-0.49982, -0.138883, -0.045915], ""max"": [0.50018, 0.313941, 0.098253], ""size"": [1.0, 0.452824, 0.144168]}"
Jet,m1280_unified.obj,809,1296,3,"{""min"": [-0.496637, -0.208314, -0.037855], ""max"": [0.503363, 0.248163, 0.074313], ""size"": [1.0, 0.456477, 0.112168]}"
Jet,m1281_unified.obj,1512,2768,3,"{""min"": [-0.160266, -0.499894, -0.031959], ""max"": [0.407637, 0.500106, 0.061645], ""size"": [0.567903, 1.0, 0.09360399999999999]}"
Jet,m1282_unified.obj,1344,2432,3,"{""min"": [-0.261386, -0.5, -0.031224], ""max"": [0.438277, 0.5, 0.065679], ""size"": [0.699663, 1.0, 0.096903]}"
Jet,m1283_unified.obj,918,1472,3,"{""min"": [-0.5, -0.274429, -0.060704], ""max"": [0.5, 0.291377, 0.059356], ""size"": [1.0, 0.565806, 0.12006]}"
Jet,m1284_unified.obj,2421,4969,3,"{""min"": [-0.500207, -0.134961, -0.052639], ""max"": [0.499793, 0.312402, 0.063073], ""size"": [1.0, 0.447363, 0.11571200000000001]}"
Jet,m1285_unified.obj,3018,5632,3,"{""min"": [-0.502567, -0.123226, -0.035764], ""max"": [0.497433, 0.240901, 0.040455], ""size"": [1.0, 0.364127, 0.076219]}"
Jet,m1286_unified.obj,1094,1712,3,"{""min"": [-0.302992, -0.499837, -0.03667], ""max"": [0.288018, 0.500163, 0.06696], ""size"": [0.59101, 1.0, 0.10363]}"
Jet,m1287_unified.obj,2614,4752,3,"{""min"": [-0.499966, -0.203368, -0.024034], ""max"": [0.500034, 0.26513, 0.065513], ""size"": [1.0, 0.46849799999999997, 0.089547]}"
Jet,m1288_unified.obj,1502,2674,3,"{""min"": [-0.306132, -0.5, -0.109559], ""max"": [0.396351, 0.5, 0.110278], ""size"": [0.702483, 1.0, 0.219837]}"
Jet,m1289_unified.obj,2608,4996,3,"{""min"": [-0.29818, -0.500247, -0.12204], ""max"": [0.428735, 0.499753, 0.107379], ""size"": [0.726915, 1.0, 0.22941899999999998]}"
Jet,m1290_unified.obj,927,1488,3,"{""min"": [-0.50003, -0.19418, -0.030806], ""max"": [0.49997, 0.289255, 0.070547], ""size"": [1.0, 0.48343499999999995, 0.101353]}"
Jet,m1291_unified.obj,959,1680,3,"{""min"": [-0.499706, -0.291796, -0.062385], ""max"": [0.500294, 0.329255, 0.104116], ""size"": [1.0, 0.621051, 0.166501]}"
Jet,m1292_unified.obj,2911,5036,3,"{""min"": [-0.501444, -0.339536, -0.091962], ""max"": [0.498556, 0.3479, 0.103765], ""size"": [1.0, 0.6874359999999999, 0.19572699999999998]}"
Jet,m1293_unified.obj,3322,6120,3,"{""min"": [-0.499741, -0.149634, -0.040009], ""max"": [0.500259, 0.526411, 0.165976], ""size"": [1.0, 0.676045, 0.20598500000000003]}"
Jet,m1294_unified.obj,863,1408,3,"{""min"": [-0.499764, -0.243808, -0.042387], ""max"": [0.500236, 0.19288, 0.047136], ""size"": [1.0, 0.43668799999999997, 0.08952299999999999]}"
Jet,m1295_unified.obj,650,976,3,"{""min"": [-0.499775, -0.271038, -0.011431], ""max"": [0.500225, 0.229225, 0.034647], ""size"": [1.0, 0.500263, 0.046077999999999994]}"
Jet,m1296_unified.obj,906,1632,3,"{""min"": [-0.5, -0.230023, -0.045751], ""max"": [0.5, 0.305049, 0.065954], ""size"": [1.0, 0.535072, 0.111705]}"
Jet,m1297_unified.obj,2322,4176,3,"{""min"": [-0.499965, -0.096201, -0.016985], ""max"": [0.500035, 0.193826, 0.029768], ""size"": [1.0, 0.290027, 0.046753]}"
Jet,m1298_unified.obj,1126,2168,3,"{""min"": [-0.456859, -0.368912, -0.099279], ""max"": [0.543141, 0.370142, 0.23772], ""size"": [1.0, 0.7390540000000001, 0.336999]}"
Jet,m1299_unified.obj,666,1032,3,"{""min"": [-0.41937, -0.338471, -0.035222], ""max"": [0.58063, 0.337604, 0.116787], ""size"": [1.0, 0.676075, 0.152009]}"
Jet,m1300_unified.obj,139,226,3,"{""min"": [-0.491173, -0.368417, -0.048349], ""max"": [0.508827, 0.362295, 0.119159], ""size"": [1.0, 0.730712, 0.167508]}"
Jet,m1301_unified.obj,290,576,3,"{""min"": [-0.445821, -0.328797, -0.059444], ""max"": [0.554179, 0.328852, 0.057968], ""size"": [1.0, 0.6576489999999999, 0.11741199999999999]}"
Knife,D01015_unified.obj,886,1772,3,"{""min"": [-0.373743, -0.160825, -0.011904], ""max"": [0.626257, 0.173905, 0.016201], ""size"": [1.0, 0.33472999999999997, 0.028104999999999998]}"
Knife,D01025_unified.obj,851,1690,3,"{""min"": [-0.431171, -0.115722, -0.055337], ""max"": [0.568829, 0.109442, 0.055684], ""size"": [1.0, 0.225164, 0.111021]}"
Knife,D01032_unified.obj,560,1112,3,"{""min"": [-0.504859, -0.080868, -0.028107], ""max"": [0.495141, 0.094033, 0.028107], ""size"": [1.0, 0.174901, 0.056214]}"
Knife,D01051_unified.obj,683,4839,3,"{""min"": [-0.604222, -0.048276, -0.026107], ""max"": [0.395778, 0.052111, 0.026812], ""size"": [1.0, 0.100387, 0.052919]}"
Knife,D01054_unified.obj,516,1024,3,"{""min"": [-0.345861, -0.040867, -0.007622], ""max"": [0.654139, 0.048123, 0.007649], ""size"": [1.0, 0.08899, 0.015271]}"
Knife,D01057_unified.obj,745,1481,3,"{""min"": [-0.380692, -0.078101, -0.024342], ""max"": [0.619308, 0.047629, 0.02435], ""size"": [1.0, 0.12573, 0.048692]}"
Knife,D01063_unified.obj,757,5346,3,"{""min"": [-0.275859, -0.082111, -0.014428], ""max"": [0.724141, 0.091794, 0.014459], ""size"": [1.0, 0.173905, 0.028887]}"
Knife,D01075_unified.obj,726,4374,3,"{""min"": [-0.309884, -0.059105, -0.028222], ""max"": [0.690116, 0.062586, 0.028222], ""size"": [1.0, 0.121691, 0.056444]}"
Knife,D01077_unified.obj,1324,2632,3,"{""min"": [-0.376038, -0.080255, -0.022189], ""max"": [0.623962, 0.106818, 0.029771], ""size"": [1.0, 0.187073, 0.05196]}"
Knife,D01107_unified.obj,976,5823,3,"{""min"": [-0.542445, -0.065661, -0.029475], ""max"": [0.457555, 0.112175, 0.030722], ""size"": [1.0, 0.177836, 0.060197]}"
Knife,D01119_unified.obj,440,872,3,"{""min"": [-0.259977, -0.124467, -0.019048], ""max"": [0.740023, 0.085584, 0.019172], ""size"": [1.0, 0.210051, 0.038220000000000004]}"
Knife,D01120_unified.obj,529,1050,3,"{""min"": [-0.200628, -0.046379, -0.027435], ""max"": [0.799372, 0.078521, 0.027889], ""size"": [1.0, 0.12489999999999998, 0.055324]}"
Knife,D01132_unified.obj,985,5913,3,"{""min"": [-0.38403, -0.090726, -0.025372], ""max"": [0.61597, 0.090727, 0.025317], ""size"": [1.0, 0.181453, 0.050689]}"
Knife,D01150_unified.obj,1139,2260,3,"{""min"": [-0.562493, -0.10772, -0.067724], ""max"": [0.437507, 0.09183, 0.081365], ""size"": [1.0, 0.19955, 0.14908900000000003]}"
Knife,D01160_unified.obj,1079,2101,3,"{""min"": [-0.159211, -0.078101, -0.031112], ""max"": [0.840789, 0.087021, 0.032082], ""size"": [1.0, 0.165122, 0.063194]}"
Knife,D01168_unified.obj,692,4152,3,"{""min"": [-0.275607, -0.060801, -0.03086], ""max"": [0.724393, 0.057951, 0.030751], ""size"": [1.0, 0.118752, 0.061611]}"
Knife,D01174_unified.obj,808,4794,3,"{""min"": [-0.269415, -0.053596, -0.01472], ""max"": [0.730585, 0.052036, 0.014719], ""size"": [1.0, 0.105632, 0.029439]}"
Knife,D01175_unified.obj,336,664,3,"{""min"": [-0.221284, -0.091807, -0.02992], ""max"": [0.778716, 0.147332, 0.030991], ""size"": [1.0, 0.239139, 0.060911]}"
Knife,D01187_unified.obj,1504,2604,3,"{""min"": [-0.494647, -0.12582, -0.01593], ""max"": [0.505353, 0.145729, 0.017459], ""size"": [1.0, 0.271549, 0.033389]}"
Knife,D01189_unified.obj,540,1064,3,"{""min"": [-0.479148, -0.075083, -0.020026], ""max"": [0.520852, 0.073846, 0.020678], ""size"": [1.0, 0.14892899999999998, 0.040704]}"
Knife,m722_unified.obj,3140,6080,3,"{""min"": [-0.440393, -0.078281, -0.035123], ""max"": [0.559607, 0.079164, 0.036688], ""size"": [1.0, 0.157445, 0.071811]}"
Knife,m723_unified.obj,2508,5000,3,"{""min"": [-0.120395, -0.165634, -0.032673], ""max"": [0.879605, 0.168141, 0.03412], ""size"": [1.0, 0.33377500000000004, 0.06679299999999999]}"
Knife,m724_unified.obj,1036,2064,3,"{""min"": [-0.326268, -0.069822, -0.043858], ""max"": [0.673732, 0.065408, 0.043825], ""size"": [1.0, 0.13523, 0.08768300000000001]}"
Knife,m725_unified.obj,1036,2064,3,"{""min"": [-0.278384, -0.159765, -0.032385], ""max"": [0.721616, 0.176836, 0.033424], ""size"": [1.0, 0.336601, 0.065809]}"
Knife,m726_unified.obj,1650,3268,3,"{""min"": [-0.340234, -0.076137, -0.021255], ""max"": [0.659766, 0.23276, 0.021344], ""size"": [1.0, 0.308897, 0.042599]}"
Knife,m727_unified.obj,2700,5372,3,"{""min"": [-0.419716, -0.182987, -0.023155], ""max"": [0.580284, 0.265148, 0.038746], ""size"": [1.0, 0.448135, 0.061901]}"
Knife,m728_unified.obj,1742,3268,3,"{""min"": [-0.323307, -0.21405, -0.051315], ""max"": [0.676693, 0.171768, 0.051425], ""size"": [1.0, 0.385818, 0.10274]}"
MilitaryVehicle,D00017_unified.obj,3700,4820,3,"{""min"": [-0.46729, -0.445656, -0.133211], ""max"": [0.53271, 0.28231, 0.24376], ""size"": [1.0, 0.727966, 0.376971]}"
MilitaryVehicle,D00051_unified.obj,3134,5925,3,"{""min"": [-0.460851, -0.290972, -0.180653], ""max"": [0.539149, 0.283387, 0.317732], ""size"": [1.0, 0.5743590000000001, 0.498385]}"
MilitaryVehicle,D00100_unified.obj,3204,5588,3,"{""min"": [-0.515293, -0.276703, -0.500415], ""max"": [0.484707, 0.373907, 0.322489], ""size"": [1.0, 0.6506099999999999, 0.8229040000000001]}"
MilitaryVehicle,D00173_unified.obj,5280,4925,3,"{""min"": [-0.48691, -0.200139, -0.164199], ""max"": [0.51309, 0.199651, 0.362284], ""size"": [1.0, 0.39979, 0.526483]}"
MilitaryVehicle,D00272_unified.obj,3089,4999,3,"{""min"": [-0.541862, -0.23377, -0.239156], ""max"": [0.458138, 0.238759, 0.107399], ""size"": [1.0, 0.472529, 0.346555]}"
MilitaryVehicle,D00334_unified.obj,3303,4935,3,"{""min"": [-0.390984, -0.180184, -0.131963], ""max"": [0.609016, 0.183757, 0.167172], ""size"": [1.0, 0.363941, 0.299135]}"
MilitaryVehicle,D00458_unified.obj,3089,4922,3,"{""min"": [-0.454896, -0.244466, -0.111088], ""max"": [0.545104, 0.240403, 0.231571], ""size"": [1.0, 0.484869, 0.342659]}"
MilitaryVehicle,D00529_unified.obj,4223,6201,3,"{""min"": [-0.664646, -0.200057, -0.090875], ""max"": [0.335354, 0.197006, 0.24025], ""size"": [1.0, 0.397063, 0.331125]}"
MilitaryVehicle,D00577_unified.obj,5031,4906,3,"{""min"": [-0.537815, -0.220789, -0.140842], ""max"": [0.462185, 0.225665, 0.27337], ""size"": [1.0, 0.446454, 0.414212]}"
MilitaryVehicle,D00611_unified.obj,2625,4483,3,"{""min"": [-0.532145, -0.226069, -0.169527], ""max"": [0.467855, 0.23048, 0.19725], ""size"": [1.0, 0.456549, 0.366777]}"
MilitaryVehicle,D00723_unified.obj,5230,4986,3,"{""min"": [-0.525034, -0.225591, -0.136833], ""max"": [0.474966, 0.223672, 0.27059], ""size"": [1.0, 0.449263, 0.407423]}"
MilitaryVehicle,D00761_unified.obj,2564,5000,3,"{""min"": [-0.556477, -0.192742, -0.193987], ""max"": [0.443523, 0.207874, 0.426241], ""size"": [1.0, 0.40061599999999997, 0.620228]}"
MilitaryVehicle,D00778_unified.obj,3364,4999,3,"{""min"": [-0.394474, -0.196151, -0.07403], ""max"": [0.605526, 0.197503, 0.336777], ""size"": [1.0, 0.393654, 0.410807]}"
MilitaryVehicle,D00799_unified.obj,2732,5368,3,"{""min"": [-0.444999, -0.3793, -0.145641], ""max"": [0.555001, 0.380356, 0.177856], ""size"": [1.0, 0.7596560000000001, 0.323497]}"
MilitaryVehicle,D00801_unified.obj,3923,8243,3,"{""min"": [-0.388492, -0.156683, -0.081296], ""max"": [0.611508, 0.157783, 0.330001], ""size"": [1.0, 0.314466, 0.41129699999999997]}"
MilitaryVehicle,D00918_unified.obj,3508,5000,3,"{""min"": [-0.565547, -0.305844, -0.115696], ""max"": [0.434453, 0.29793, 0.383466], ""size"": [1.0, 0.603774, 0.499162]}"
MilitaryVehicle,D00932_unified.obj,4025,4999,3,"{""min"": [-0.445606, -0.325894, -0.12791], ""max"": [0.554394, 0.333961, 0.37002], ""size"": [1.0, 0.6598550000000001, 0.49793]}"
MilitaryVehicle,D00933_unified.obj,6758,4987,3,"{""min"": [-0.596301, -0.184829, -0.08554], ""max"": [0.403699, 0.184889, 0.204543], ""size"": [1.0, 0.369718, 0.290083]}"
MilitaryVehicle,D00952_unified.obj,2614,5000,3,"{""min"": [-0.496524, -0.394847, -0.209394], ""max"": [0.503476, 0.374282, 0.473014], ""size"": [1.0, 0.769129, 0.682408]}"
MilitaryVehicle,D00971_unified.obj,3403,5000,3,"{""min"": [-0.572684, -0.206432, -0.125574], ""max"": [0.427316, 0.20582, 0.257754], ""size"": [1.0, 0.412252, 0.383328]}"
Monitor,D00007_unified.obj,1289,2546,3,"{""min"": [-0.28255, -0.356967, -0.193261], ""max"": [0.71745, 0.593149, 0.329483], ""size"": [1.0, 0.950116, 0.522744]}"
Monitor,D00141_unified.obj,1646,3199,3,"{""min"": [-0.226019, -0.442853, -0.157624], ""max"": [0.689859, 0.557147, 0.29583], ""size"": [0.915878, 1.0, 0.45345399999999997]}"
Monitor,D00229_unified.obj,2767,4986,3,"{""min"": [-0.349396, -0.436725, -0.269037], ""max"": [0.650604, 0.448755, 0.276145], ""size"": [1.0, 0.88548, 0.545182]}"
Monitor,D00336_unified.obj,3150,5000,3,"{""min"": [-0.358451, -0.372112, -0.397316], ""max"": [0.626393, 0.417594, 0.602684], ""size"": [0.984844, 0.789706, 1.0]}"
Monitor,D00339_unified.obj,5083,9500,3,"{""min"": [-0.329859, -0.450335, -0.091893], ""max"": [0.670141, 0.545132, 0.217836], ""size"": [1.0, 0.9954669999999999, 0.30972900000000003]}"
Monitor,D00364_unified.obj,2180,4034,3,"{""min"": [-0.349629, -0.408567, -0.434943], ""max"": [0.559258, 0.591433, 0.482048], ""size"": [0.908887, 1.0, 0.916991]}"
Monitor,D00387_unified.obj,2504,5000,3,"{""min"": [-0.312088, -0.470727, -0.10782], ""max"": [0.622016, 0.529273, 0.10731], ""size"": [0.934104, 1.0, 0.21513]}"
Monitor,D00391_unified.obj,1812,3488,3,"{""min"": [-0.496711, -0.173344, -0.098853], ""max"": [0.503289, 0.463643, 0.120043], ""size"": [1.0, 0.636987, 0.21889599999999998]}"
Monitor,D00412_unified.obj,2930,4890,3,"{""min"": [-0.251541, -0.459874, -0.139947], ""max"": [0.748459, 0.469475, 0.376371], ""size"": [1.0, 0.929349, 0.516318]}"
Monitor,D00444_unified.obj,2567,5000,3,"{""min"": [-0.305521, -0.394949, -0.096985], ""max"": [0.694479, 0.397239, 0.33362], ""size"": [1.0, 0.792188, 0.430605]}"
Monitor,D00469_unified.obj,896,1776,3,"{""min"": [-0.464656, -0.391579, -0.395684], ""max"": [0.464549, 0.608421, 0.422817], ""size"": [0.9292050000000001, 1.0, 0.8185009999999999]}"
Monitor,D00548_unified.obj,1797,3516,3,"{""min"": [-0.473415, -0.168155, -0.153334], ""max"": [0.526585, 0.575498, 0.141669], ""size"": [1.0, 0.7436529999999999, 0.295003]}"
Monitor,D00659_unified.obj,616,1176,3,"{""min"": [-0.457157, -0.399839, -0.215922], ""max"": [0.480988, 0.600161, 0.681346], ""size"": [0.938145, 1.0, 0.897268]}"
Monitor,D00852_unified.obj,2571,4999,3,"{""min"": [-0.400587, -0.383936, -0.258711], ""max"": [0.599413, 0.548101, 0.509757], ""size"": [1.0, 0.932037, 0.768468]}"
Monitor,D00863_unified.obj,2642,4960,3,"{""min"": [-0.469014, -0.41927, -0.222362], ""max"": [0.457495, 0.58073, 0.382677], ""size"": [0.926509, 1.0, 0.605039]}"
Monitor,D00915_unified.obj,2486,4874,3,"{""min"": [-0.296168, -0.370392, -0.216461], ""max"": [0.703832, 0.618614, 0.290587], ""size"": [1.0, 0.989006, 0.5070479999999999]}"
Monitor,D00919_unified.obj,4284,8412,3,"{""min"": [-0.498967, -0.274026, -0.111003], ""max"": [0.501033, 0.481374, 0.378934], ""size"": [1.0, 0.7554000000000001, 0.489937]}"
Monitor,D00920_unified.obj,1828,3621,3,"{""min"": [-0.463837, -0.147585, -0.179399], ""max"": [0.536163, 0.559384, 0.107865], ""size"": [1.0, 0.706969, 0.287264]}"
Monitor,D00978_unified.obj,2351,4702,3,"{""min"": [-0.415653, -0.405843, -0.324361], ""max"": [0.584347, 0.401085, 0.555514], ""size"": [1.0, 0.8069280000000001, 0.879875]}"
Monitor,D01000_unified.obj,2628,4999,3,"{""min"": [-0.584136, -0.49914, -0.147018], ""max"": [0.367043, 0.50086, 0.148664], ""size"": [0.951179, 1.0, 0.295682]}"
Monoplane,D00011_unified.obj,2216,4128,3,"{""min"": [-0.355923, -0.499728, -0.11677], ""max"": [0.552169, 0.500272, 0.115576], ""size"": [0.908092, 1.0, 0.232346]}"
Monoplane,D00019_unified.obj,3230,6312,3,"{""min"": [-0.385154, -0.501441, -0.060275], ""max"": [0.516867, 0.498559, 0.116021], ""size"": [0.902021, 1.0, 0.176296]}"
Monoplane,D00043_unified.obj,1214,2176,3,"{""min"": [-0.429089, -0.5, -0.080258], ""max"": [0.563442, 0.5, 0.173669], ""size"": [0.992531, 1.0, 0.253927]}"
Monoplane,D00098_unified.obj,850,1496,3,"{""min"": [-0.351802, -0.499838, -0.068238], ""max"": [0.610819, 0.500162, 0.172728], ""size"": [0.962621, 1.0, 0.24096599999999999]}"
Monoplane,D00167_unified.obj,2185,4000,3,"{""min"": [-0.5, -0.180508, -0.023061], ""max"": [0.5, 0.154919, 0.069867], ""size"": [1.0, 0.33542700000000003, 0.092928]}"
Monoplane,D00169_unified.obj,2149,4146,3,"{""min"": [-0.473283, -0.444284, -0.05312], ""max"": [0.526717, 0.439023, 0.179744], ""size"": [1.0, 0.8833070000000001, 0.232864]}"
Monoplane,D00262_unified.obj,1926,3472,3,"{""min"": [-0.4253, -0.285125, -0.080029], ""max"": [0.5747, 0.285236, 0.166527], ""size"": [1.0, 0.570361, 0.246556]}"
Monoplane,D00301_unified.obj,4615,8352,3,"{""min"": [-0.401813, -0.354312, -0.062023], ""max"": [0.598187, 0.354313, 0.090433], ""size"": [1.0, 0.7086250000000001, 0.152456]}"
Monoplane,D00304_unified.obj,1521,2704,3,"{""min"": [-0.460997, -0.261662, -0.079452], ""max"": [0.539003, 0.261662, 0.140947], ""size"": [1.0, 0.523324, 0.22039899999999998]}"
Monoplane,D00319_unified.obj,3720,7353,3,"{""min"": [-0.450957, -0.449296, -0.070469], ""max"": [0.549043, 0.449326, 0.185648], ""size"": [1.0, 0.898622, 0.25611700000000004]}"
Monoplane,D00402_unified.obj,1454,2672,3,"{""min"": [-0.402894, -0.408336, -0.064282], ""max"": [0.597106, 0.408189, 0.110785], ""size"": [1.0, 0.816525, 0.175067]}"
Monoplane,D00482_unified.obj,1672,2756,3,"{""min"": [-0.267548, -0.499982, -0.056226], ""max"": [0.409988, 0.500018, 0.124059], ""size"": [0.677536, 1.0, 0.180285]}"
Monoplane,D00617_unified.obj,2520,4996,3,"{""min"": [-0.500802, -0.441167, -0.050796], ""max"": [0.499198, 0.509865, 0.209933], ""size"": [1.0, 0.951032, 0.260729]}"
Monoplane,D00688_unified.obj,2846,4839,3,"{""min"": [-0.498361, -0.22028, -0.067182], ""max"": [0.501639, 0.498246, 0.118918], ""size"": [1.0, 0.718526, 0.1861]}"
Monoplane,D00798_unified.obj,2337,4152,3,"{""min"": [-0.345643, -0.351713, -0.072902], ""max"": [0.654357, 0.352684, 0.167645], ""size"": [1.0, 0.7043969999999999, 0.24054699999999998]}"
Monoplane,D00840_unified.obj,2512,4872,3,"{""min"": [-0.506138, -0.5, -0.066787], ""max"": [0.488258, 0.5, 0.117972], ""size"": [0.9943960000000001, 1.0, 0.184759]}"
Monoplane,D00864_unified.obj,2326,4244,3,"{""min"": [-0.26102, -0.499679, -0.0692], ""max"": [0.337963, 0.500321, 0.13866], ""size"": [0.598983, 1.0, 0.20786]}"
Monoplane,D00925_unified.obj,2762,5376,3,"{""min"": [-0.325585, -0.500235, -0.047771], ""max"": [0.51358, 0.499765, 0.146998], ""size"": [0.839165, 1.0, 0.194769]}"
Monoplane,D00963_unified.obj,2900,5312,3,"{""min"": [-0.499982, -0.201333, -0.03598], ""max"": [0.500018, 0.301343, 0.074007], ""size"": [1.0, 0.502676, 0.109987]}"
Monoplane,D00995_unified.obj,2112,3760,3,"{""min"": [-0.499999, -0.180621, -0.028986], ""max"": [0.500001, 0.296124, 0.093214], ""size"": [1.0, 0.476745, 0.1222]}"
Motorcycle,D00021_unified.obj,2770,4816,3,"{""min"": [-0.481486, -0.284525, -0.221007], ""max"": [0.518514, 0.376657, 0.21064], ""size"": [1.0, 0.6611819999999999, 0.431647]}"
Motorcycle,D00039_unified.obj,2659,4932,3,"{""min"": [-0.481459, -0.33016, -0.212739], ""max"": [0.518541, 0.386414, 0.212664], ""size"": [1.0, 0.716574, 0.425403]}"
Motorcycle,D00054_unified.obj,2445,4999,3,"{""min"": [-0.468906, -0.273293, -0.265905], ""max"": [0.531094, 0.378293, 0.283387], ""size"": [1.0, 0.651586, 0.549292]}"
Motorcycle,D00224_unified.obj,2683,4999,3,"{""min"": [-0.485319, -0.259649, -0.206053], ""max"": [0.514681, 0.32067, 0.20634], ""size"": [1.0, 0.580319, 0.412393]}"
Motorcycle,D00269_unified.obj,3061,5544,3,"{""min"": [-0.506704, -0.271536, -0.205899], ""max"": [0.493296, 0.315644, 0.206793], ""size"": [1.0, 0.58718, 0.412692]}"
Motorcycle,D00288_unified.obj,2703,5000,3,"{""min"": [-0.496898, -0.230723, -0.156317], ""max"": [0.503102, 0.25362, 0.157047], ""size"": [1.0, 0.484343, 0.313364]}"
Motorcycle,D00342_unified.obj,2858,5000,3,"{""min"": [-0.520469, -0.239424, -0.200285], ""max"": [0.479531, 0.339101, 0.213437], ""size"": [1.0, 0.578525, 0.413722]}"
Motorcycle,D00345_unified.obj,2569,4996,3,"{""min"": [-0.47201, -0.238033, -0.150368], ""max"": [0.52799, 0.284785, 0.15467], ""size"": [1.0, 0.522818, 0.30503800000000003]}"
Motorcycle,D00395_unified.obj,2882,4939,3,"{""min"": [-0.508864, -0.288727, -0.156541], ""max"": [0.491136, 0.219177, 0.147929], ""size"": [1.0, 0.507904, 0.30447]}"
Motorcycle,D00396_unified.obj,2820,4999,3,"{""min"": [-0.455556, -0.294782, -0.173395], ""max"": [0.544444, 0.306043, 0.17787], ""size"": [1.0, 0.6008249999999999, 0.351265]}"
Motorcycle,D00476_unified.obj,3446,4932,3,"{""min"": [-0.500277, -0.258678, -0.227195], ""max"": [0.499723, 0.367206, 0.216238], ""size"": [1.0, 0.625884, 0.443433]}"
Motorcycle,D00521_unified.obj,2637,5000,3,"{""min"": [-0.482984, -0.166962, -0.157218], ""max"": [0.517016, 0.194851, 0.191755], ""size"": [1.0, 0.361813, 0.348973]}"
Motorcycle,D00544_unified.obj,3253,5000,3,"{""min"": [-0.491811, -0.310122, -0.247733], ""max"": [0.508189, 0.321732, 0.246076], ""size"": [1.0, 0.631854, 0.493809]}"
Motorcycle,D00594_unified.obj,3262,4999,3,"{""min"": [-0.486159, -0.308136, -0.246664], ""max"": [0.513841, 0.321278, 0.245692], ""size"": [1.0, 0.629414, 0.492356]}"
Motorcycle,D00703_unified.obj,2450,5000,3,"{""min"": [-0.463351, -0.245195, -0.173336], ""max"": [0.536649, 0.321873, 0.171979], ""size"": [1.0, 0.567068, 0.345315]}"
Motorcycle,D00768_unified.obj,2465,4977,3,"{""min"": [-0.508026, -0.198447, -0.221312], ""max"": [0.491974, 0.397506, 0.225003], ""size"": [1.0, 0.5959530000000001, 0.446315]}"
Motorcycle,D00858_unified.obj,2662,5000,3,"{""min"": [-0.476004, -0.319252, -0.193595], ""max"": [0.523996, 0.324475, 0.19679], ""size"": [1.0, 0.6437269999999999, 0.390385]}"
Motorcycle,D00880_unified.obj,2593,4999,3,"{""min"": [-0.454525, -0.290309, -0.221393], ""max"": [0.545475, 0.396306, 0.226169], ""size"": [1.0, 0.686615, 0.447562]}"
Motorcycle,D00886_unified.obj,2481,4219,3,"{""min"": [-0.470067, -0.175421, -0.148543], ""max"": [0.529933, 0.421668, 0.152252], ""size"": [1.0, 0.597089, 0.30079500000000003]}"
Motorcycle,D00945_unified.obj,2747,4590,3,"{""min"": [-0.444546, -0.277609, -0.150706], ""max"": [0.555454, 0.297799, 0.148503], ""size"": [1.0, 0.5754079999999999, 0.299209]}"
Motorcycle,m1479_unified.obj,3260,5000,3,"{""min"": [-0.490457, -0.31221, -0.24786], ""max"": [0.509543, 0.317971, 0.245223], ""size"": [1.0, 0.630181, 0.493083]}"
Motorcycle,m1480_unified.obj,2773,4815,3,"{""min"": [-0.48032, -0.28291, -0.221479], ""max"": [0.51968, 0.37771, 0.210146], ""size"": [1.0, 0.66062, 0.43162500000000004]}"
Motorcycle,m1481_unified.obj,2114,4076,3,"{""min"": [-0.480374, -0.270102, -0.170626], ""max"": [0.519626, 0.316698, 0.17042], ""size"": [1.0, 0.5868, 0.34104599999999996]}"
Motorcycle,m1482_unified.obj,2449,4220,3,"{""min"": [-0.52603, -0.176327, -0.152804], ""max"": [0.47397, 0.42103, 0.147979], ""size"": [1.0, 0.597357, 0.300783]}"
Motorcycle,m1483_unified.obj,2449,4999,3,"{""min"": [-0.465129, -0.245448, -0.173491], ""max"": [0.534871, 0.319182, 0.172054], ""size"": [1.0, 0.56463, 0.345545]}"
Motorcycle,m1484_unified.obj,413,720,3,"{""min"": [-0.537986, -0.30544, -0.208452], ""max"": [0.462014, 0.270332, 0.205362], ""size"": [1.0, 0.575772, 0.413814]}"
Mug,D00172_unified.obj,1720,3440,3,"{""min"": [-0.489946, -0.394592, -0.348045], ""max"": [0.510054, 0.525961, 0.347957], ""size"": [1.0, 0.920553, 0.696002]}"
Mug,D00202_unified.obj,2500,5000,3,"{""min"": [-0.4545, -0.42701, -0.337842], ""max"": [0.508794, 0.57299, 0.337341], ""size"": [0.963294, 1.0, 0.675183]}"
Mug,D00227_unified.obj,2504,4879,3,"{""min"": [-0.432288, -0.364835, -0.362371], ""max"": [0.516455, 0.635165, 0.36405], ""size"": [0.948743, 1.0, 0.726421]}"
Mug,D00321_unified.obj,2228,4448,3,"{""min"": [-0.50298, -0.287015, -0.422056], ""max"": [0.49702, 0.466198, 0.426745], ""size"": [1.0, 0.753213, 0.8488009999999999]}"
Mug,D00341_unified.obj,2502,5000,3,"{""min"": [-0.44675, -0.3516, -0.275074], ""max"": [0.55325, 0.612181, 0.280623], ""size"": [1.0, 0.963781, 0.555697]}"
Mug,D00372_unified.obj,3076,6020,3,"{""min"": [-0.385658, -0.403051, -0.360386], ""max"": [0.603083, 0.596949, 0.360664], ""size"": [0.9887410000000001, 1.0, 0.72105]}"
Mug,D00427_unified.obj,2504,5000,3,"{""min"": [-0.480633, -0.329918, -0.231377], ""max"": [0.519367, 0.461995, 0.233268], ""size"": [1.0, 0.791913, 0.464645]}"
Mug,D00684_unified.obj,1723,3446,3,"{""min"": [-0.42162, -0.322228, -0.379143], ""max"": [0.57838, 0.554134, 0.3792], ""size"": [1.0, 0.8763620000000001, 0.758343]}"
Mug,D00685_unified.obj,2576,4999,3,"{""min"": [-0.381166, -0.388872, -0.348092], ""max"": [0.618834, 0.418447, 0.34839], ""size"": [1.0, 0.807319, 0.696482]}"
Mug,D00705_unified.obj,2500,5000,3,"{""min"": [-0.480687, -0.325502, -0.297773], ""max"": [0.519313, 0.401805, 0.373024], ""size"": [1.0, 0.727307, 0.6707970000000001]}"
Mug,D00728_unified.obj,2508,5000,3,"{""min"": [-0.402345, -0.325255, -0.293545], ""max"": [0.597655, 0.568251, 0.295121], ""size"": [1.0, 0.8935059999999999, 0.588666]}"
Mug,D00745_unified.obj,2508,5000,3,"{""min"": [-0.329417, -0.449053, -0.299167], ""max"": [0.670583, 0.451663, 0.36537], ""size"": [1.0, 0.900716, 0.6645369999999999]}"
Mug,D00747_unified.obj,2504,5000,3,"{""min"": [-0.437244, -0.410234, -0.237333], ""max"": [0.562756, 0.410417, 0.267536], ""size"": [1.0, 0.820651, 0.504869]}"
Mug,D00760_unified.obj,2505,5000,3,"{""min"": [-0.499474, -0.375971, -0.425043], ""max"": [0.490533, 0.374764, 0.574957], ""size"": [0.990007, 0.7507349999999999, 1.0]}"
Mug,D00770_unified.obj,2504,5000,3,"{""min"": [-0.473301, -0.324206, -0.436994], ""max"": [0.526699, 0.559969, 0.438403], ""size"": [1.0, 0.884175, 0.875397]}"
Mug,D00825_unified.obj,3638,7200,3,"{""min"": [-0.452435, -0.370655, -0.232909], ""max"": [0.547565, 0.370377, 0.647261], ""size"": [1.0, 0.741032, 0.88017]}"
Mug,D00833_unified.obj,2021,3960,3,"{""min"": [-0.49328, -0.375927, -0.378873], ""max"": [0.50672, 0.595762, 0.379138], ""size"": [1.0, 0.971689, 0.758011]}"
Mug,D00908_unified.obj,3484,6784,3,"{""min"": [-0.343078, -0.453733, -0.286985], ""max"": [0.544471, 0.546267, 0.289015], ""size"": [0.887549, 1.0, 0.5760000000000001]}"
Mug,D00913_unified.obj,2500,5000,3,"{""min"": [-0.446971, -0.423456, -0.321166], ""max"": [0.553029, 0.422341, 0.323607], ""size"": [1.0, 0.845797, 0.644773]}"
Mug,D00923_unified.obj,738,1468,3,"{""min"": [-0.438213, -0.426715, -0.428528], ""max"": [0.539717, 0.573285, 0.432163], ""size"": [0.97793, 1.0, 0.8606910000000001]}"
Mug,m503_unified.obj,3182,6200,3,"{""min"": [-0.438639, -0.429909, -0.246964], ""max"": [0.561361, 0.429369, 0.499709], ""size"": [1.0, 0.859278, 0.746673]}"
Mug,m504_unified.obj,1725,3450,3,"{""min"": [-0.421486, -0.321856, -0.379172], ""max"": [0.578514, 0.554151, 0.379229], ""size"": [1.0, 0.876007, 0.758401]}"
Mug,m506_unified.obj,2446,4840,3,"{""min"": [-0.421521, -0.345719, -0.186343], ""max"": [0.578479, 0.346476, 0.199846], ""size"": [1.0, 0.692195, 0.386189]}"
Mug,m507_unified.obj,2534,5000,3,"{""min"": [-0.499178, -0.313831, -0.317695], ""max"": [0.500822, 0.444145, 0.337405], ""size"": [1.0, 0.757976, 0.6551]}"
Mug,m508_unified.obj,3980,7952,3,"{""min"": [-0.304181, -0.329808, -0.265247], ""max"": [0.695819, 0.615407, 0.267786], ""size"": [1.0, 0.945215, 0.5330330000000001]}"
Mug,m509_unified.obj,2501,5000,3,"{""min"": [-0.47489, -0.397995, -0.334618], ""max"": [0.52511, 0.533203, 0.331291], ""size"": [1.0, 0.931198, 0.6659090000000001]}"
MultiSeat,D00036_unified.obj,540,1056,3,"{""min"": [-0.497665, -0.267085, -0.221391], ""max"": [0.502335, 0.353833, 0.305016], ""size"": [1.0, 0.6209180000000001, 0.5264070000000001]}"
MultiSeat,D00046_unified.obj,4724,9416,3,"{""min"": [-0.432718, -0.481986, -0.313293], ""max"": [0.567282, 0.4858, 0.652303], ""size"": [1.0, 0.967786, 0.9655959999999999]}"
MultiSeat,D00053_unified.obj,1518,2964,3,"{""min"": [-0.493106, -0.184813, -0.172642], ""max"": [0.506894, 0.241325, 0.255816], ""size"": [1.0, 0.426138, 0.428458]}"
MultiSeat,D00145_unified.obj,630,1232,3,"{""min"": [-0.497709, -0.172594, -0.163999], ""max"": [0.502291, 0.252049, 0.206179], ""size"": [1.0, 0.424643, 0.370178]}"
MultiSeat,D00146_unified.obj,2532,5000,3,"{""min"": [-0.497168, -0.243883, -0.187764], ""max"": [0.502832, 0.316709, 0.259897], ""size"": [1.0, 0.560592, 0.447661]}"
MultiSeat,D00237_unified.obj,1940,3840,3,"{""min"": [-0.500556, -0.183089, -0.106228], ""max"": [0.499444, 0.198239, 0.360833], ""size"": [1.0, 0.381328, 0.467061]}"
MultiSeat,D00245_unified.obj,1672,3296,3,"{""min"": [-0.500102, -0.225658, -0.177348], ""max"": [0.499898, 0.3131, 0.205292], ""size"": [1.0, 0.538758, 0.38264]}"
MultiSeat,D00263_unified.obj,2600,5000,3,"{""min"": [-0.497798, -0.377772, -0.207323], ""max"": [0.502202, 0.385058, 0.37456], ""size"": [1.0, 0.76283, 0.581883]}"
MultiSeat,D00273_unified.obj,2588,5000,3,"{""min"": [-0.498951, -0.203216, -0.173952], ""max"": [0.501049, 0.203231, 0.214019], ""size"": [1.0, 0.406447, 0.38797099999999995]}"
MultiSeat,D00285_unified.obj,2550,5000,3,"{""min"": [-0.497526, -0.350544, -0.184882], ""max"": [0.502474, 0.34755, 0.282245], ""size"": [1.0, 0.698094, 0.467127]}"
MultiSeat,D00289_unified.obj,2522,5000,3,"{""min"": [-0.498734, -0.167059, -0.169641], ""max"": [0.501266, 0.259028, 0.129161], ""size"": [1.0, 0.426087, 0.298802]}"
MultiSeat,D00329_unified.obj,2136,4256,3,"{""min"": [-0.498435, -0.298208, -0.108386], ""max"": [0.501565, 0.331511, 0.417089], ""size"": [1.0, 0.6297189999999999, 0.525475]}"
MultiSeat,D00586_unified.obj,2524,5000,3,"{""min"": [-0.497448, -0.188416, -0.194262], ""max"": [0.502552, 0.177682, 0.135674], ""size"": [1.0, 0.36609800000000003, 0.329936]}"
MultiSeat,D00588_unified.obj,1005,1740,3,"{""min"": [-0.500389, -0.24615, -0.134053], ""max"": [0.499611, 0.337561, 0.257432], ""size"": [1.0, 0.583711, 0.39148499999999997]}"
MultiSeat,D00607_unified.obj,2520,5000,3,"{""min"": [-0.493407, -0.253535, -0.178477], ""max"": [0.506593, 0.251347, 0.262463], ""size"": [1.0, 0.504882, 0.44094]}"
MultiSeat,D00637_unified.obj,2413,4733,3,"{""min"": [-0.500987, -0.269994, -0.241913], ""max"": [0.499013, 0.312539, 0.251814], ""size"": [1.0, 0.582533, 0.49372699999999997]}"
MultiSeat,D00648_unified.obj,2519,4999,3,"{""min"": [-0.472965, -0.223149, -0.264029], ""max"": [0.527035, 0.334968, 0.205211], ""size"": [1.0, 0.558117, 0.46924]}"
MultiSeat,D00652_unified.obj,2512,5000,3,"{""min"": [-0.498656, -0.237122, -0.232392], ""max"": [0.501344, 0.367638, 0.191681], ""size"": [1.0, 0.60476, 0.424073]}"
MultiSeat,D00749_unified.obj,2785,5000,3,"{""min"": [-0.494538, -0.204215, -0.206976], ""max"": [0.505462, 0.237252, 0.211145], ""size"": [1.0, 0.441467, 0.41812099999999996]}"
MultiSeat,D00985_unified.obj,2516,5000,3,"{""min"": [-0.497959, -0.329143, -0.24944], ""max"": [0.502041, 0.388849, 0.354263], ""size"": [1.0, 0.717992, 0.603703]}"
MultiSeat,m774_unified.obj,936,1792,3,"{""min"": [-0.458931, -0.46759, -0.209215], ""max"": [0.459585, 0.53241, 0.331608], ""size"": [0.918516, 1.0, 0.540823]}"
MultiSeat,m775_unified.obj,1972,3774,3,"{""min"": [-0.500193, -0.265953, -0.201599], ""max"": [0.499807, 0.452318, 0.313811], ""size"": [1.0, 0.718271, 0.51541]}"
MultiSeat,m776_unified.obj,3685,7388,3,"{""min"": [-0.499087, -0.219697, -0.111247], ""max"": [0.500913, 0.24824, 0.15048], ""size"": [1.0, 0.467937, 0.261727]}"
MultiSeat,m777_unified.obj,3830,7424,3,"{""min"": [-0.496704, -0.156944, -0.170303], ""max"": [0.503296, 0.270845, 0.117686], ""size"": [1.0, 0.427789, 0.287989]}"
MultiSeat,m778_unified.obj,180,352,3,"{""min"": [-0.5, -0.493349, -0.162091], ""max"": [0.5, 0.477204, 0.381593], ""size"": [1.0, 0.970553, 0.5436840000000001]}"
MultiSeat,m779_unified.obj,2562,5072,3,"{""min"": [-0.505783, -0.157445, -0.095266], ""max"": [0.494217, 0.253846, 0.15229], ""size"": [1.0, 0.411291, 0.247556]}"
MultiSeat,m780_unified.obj,1058,1872,3,"{""min"": [-0.467438, -0.427444, -0.486957], ""max"": [0.465715, 0.572556, 0.337425], ""size"": [0.933153, 1.0, 0.824382]}"
MultiSeat,m781_unified.obj,1178,2032,3,"{""min"": [-0.498771, -0.304865, -0.361145], ""max"": [0.501229, 0.434874, 0.254679], ""size"": [1.0, 0.7397389999999999, 0.6158239999999999]}"
MultiSeat,m782_unified.obj,122,174,3,"{""min"": [-0.500157, -0.282416, -0.167888], ""max"": [0.499843, 0.221036, 0.191403], ""size"": [1.0, 0.503452, 0.359291]}"
MultiSeat,m783_unified.obj,230,435,3,"{""min"": [-0.5, -0.276794, -0.136593], ""max"": [0.5, 0.278996, 0.220314], ""size"": [1.0, 0.55579, 0.356907]}"
MultiSeat,m784_unified.obj,78,144,3,"{""min"": [-0.5, -0.179181, -0.103776], ""max"": [0.5, 0.242925, 0.130548], ""size"": [1.0, 0.422106, 0.23432399999999998]}"
MultiSeat,m829_unified.obj,2088,4128,3,"{""min"": [-0.499161, -0.198856, -0.159951], ""max"": [0.500839, 0.196824, 0.104718], ""size"": [1.0, 0.39568000000000003, 0.26466900000000004]}"
MultiSeat,m830_unified.obj,868,1680,3,"{""min"": [-0.5, -0.212226, -0.175876], ""max"": [0.5, 0.222186, 0.101353], ""size"": [1.0, 0.434412, 0.277229]}"
MultiSeat,m831_unified.obj,1798,3588,3,"{""min"": [-0.493247, -0.204935, -0.189508], ""max"": [0.506753, 0.298547, 0.267866], ""size"": [1.0, 0.503482, 0.457374]}"
MultiSeat,m832_unified.obj,1964,3202,3,"{""min"": [-0.499659, -0.243547, -0.193249], ""max"": [0.500341, 0.231996, 0.165369], ""size"": [1.0, 0.47554300000000005, 0.358618]}"
MultiSeat,m833_unified.obj,1229,2196,3,"{""min"": [-0.49942, -0.237614, -0.13975], ""max"": [0.50058, 0.344141, 0.256606], ""size"": [1.0, 0.581755, 0.39635600000000004]}"
MultiSeat,m834_unified.obj,596,1120,3,"{""min"": [-0.501963, -0.24033, -0.266776], ""max"": [0.498037, 0.276229, 0.264709], ""size"": [1.0, 0.516559, 0.531485]}"
MultiSeat,m835_unified.obj,892,1560,3,"{""min"": [-0.500239, -0.246489, -0.140256], ""max"": [0.499761, 0.32501, 0.294485], ""size"": [1.0, 0.571499, 0.434741]}"
MultiSeat,m836_unified.obj,103,176,3,"{""min"": [-0.499954, -0.289303, -0.152713], ""max"": [0.500046, 0.354385, 0.336951], ""size"": [1.0, 0.643688, 0.489664]}"
MultiSeat,m837_unified.obj,2737,5000,3,"{""min"": [-0.499244, -0.232773, -0.273179], ""max"": [0.500756, 0.266966, 0.147156], ""size"": [1.0, 0.499739, 0.420335]}"
MultiSeat,m838_unified.obj,2162,4292,3,"{""min"": [-0.444406, -0.201957, -0.212044], ""max"": [0.555594, 0.368982, 0.276345], ""size"": [1.0, 0.570939, 0.488389]}"
MultiSeat,m839_unified.obj,2136,4256,3,"{""min"": [-0.498435, -0.298208, -0.108387], ""max"": [0.501565, 0.331512, 0.417089], ""size"": [1.0, 0.62972, 0.5254759999999999]}"
MultiSeat,m840_unified.obj,336,580,3,"{""min"": [-0.479044, -0.377306, -0.357953], ""max"": [0.520956, 0.377534, 0.362105], ""size"": [1.0, 0.75484, 0.7200580000000001]}"
MultiSeat,m841_unified.obj,138,256,3,"{""min"": [-0.485171, -0.255803, -0.21027], ""max"": [0.514829, 0.484316, 0.217216], ""size"": [1.0, 0.740119, 0.42748600000000003]}"
MultiSeat,m843_unified.obj,2731,5000,3,"{""min"": [-0.487996, -0.271652, -0.15646], ""max"": [0.512004, 0.282512, 0.236371], ""size"": [1.0, 0.554164, 0.392831]}"
Musical_Instrument,m625_unified.obj,2645,4994,3,"{""min"": [-0.427322, -0.206296, -0.040661], ""max"": [0.572678, 0.152959, 0.067529], ""size"": [1.0, 0.359255, 0.10819000000000001]}"
Musical_Instrument,m626_unified.obj,2659,4983,3,"{""min"": [-0.447426, -0.104234, -0.023196], ""max"": [0.552574, 0.174064, 0.037873], ""size"": [1.0, 0.278298, 0.061069]}"
Musical_Instrument,m627_unified.obj,2676,4475,3,"{""min"": [-0.360655, -0.1489, -0.025611], ""max"": [0.639345, 0.20094, 0.051017], ""size"": [1.0, 0.34984000000000004, 0.076628]}"
Musical_Instrument,m628_unified.obj,2717,5000,3,"{""min"": [-0.438746, -0.158046, -0.018801], ""max"": [0.561254, 0.121639, 0.036483], ""size"": [1.0, 0.27968499999999996, 0.055284]}"
Musical_Instrument,m629_unified.obj,2680,5000,3,"{""min"": [-0.433762, -0.142343, -0.014908], ""max"": [0.566238, 0.150468, 0.023974], ""size"": [1.0, 0.292811, 0.038882]}"
Musical_Instrument,m630_unified.obj,2642,4969,3,"{""min"": [-0.523643, -0.19645, -0.027244], ""max"": [0.476357, 0.195557, 0.07149], ""size"": [1.0, 0.392007, 0.098734]}"
Musical_Instrument,m631_unified.obj,2717,4663,3,"{""min"": [-0.42386, -0.133694, -0.034256], ""max"": [0.57614, 0.19709, 0.092277], ""size"": [1.0, 0.33078399999999997, 0.126533]}"
Musical_Instrument,m632_unified.obj,3935,7663,3,"{""min"": [-0.38832, -0.135708, -0.039576], ""max"": [0.61168, 0.225706, 0.055518], ""size"": [1.0, 0.361414, 0.095094]}"
Musical_Instrument,m633_unified.obj,2075,3397,3,"{""min"": [-0.291588, -0.230142, -0.025646], ""max"": [0.708412, 0.231557, 0.064511], ""size"": [1.0, 0.461699, 0.090157]}"
Musical_Instrument,m634_unified.obj,4966,9012,3,"{""min"": [-0.370233, -0.118095, -0.026642], ""max"": [0.629767, 0.22364, 0.046818], ""size"": [1.0, 0.341735, 0.07346]}"
Musical_Instrument,m635_unified.obj,2621,4402,3,"{""min"": [-0.349077, -0.131624, -0.054729], ""max"": [0.650923, 0.167191, 0.035978], ""size"": [1.0, 0.298815, 0.09070700000000001]}"
Musical_Instrument,m637_unified.obj,2670,4998,3,"{""min"": [-0.344492, -0.153275, -0.027395], ""max"": [0.655508, 0.150941, 0.043942], ""size"": [1.0, 0.304216, 0.071337]}"
Musical_Instrument,m638_unified.obj,2591,4996,3,"{""min"": [-0.335453, -0.146878, -0.032818], ""max"": [0.664547, 0.147946, 0.069321], ""size"": [1.0, 0.294824, 0.102139]}"
Musical_Instrument,m639_unified.obj,2846,5000,3,"{""min"": [-0.297379, -0.17825, -0.049082], ""max"": [0.702621, 0.180123, 0.102042], ""size"": [1.0, 0.358373, 0.15112399999999998]}"
Musical_Instrument,m640_unified.obj,2538,5000,3,"{""min"": [-0.175627, -0.188382, -0.075374], ""max"": [0.824373, 0.192659, 0.114635], ""size"": [1.0, 0.38104099999999996, 0.19000899999999998]}"
Musical_Instrument,m641_unified.obj,1864,3600,3,"{""min"": [-0.373624, -0.161488, -0.031386], ""max"": [0.626376, 0.161077, 0.070324], ""size"": [1.0, 0.322565, 0.10171]}"
Musical_Instrument,m643_unified.obj,4969,9542,3,"{""min"": [-0.355353, -0.414037, -0.353751], ""max"": [0.644647, 0.326697, 0.306385], ""size"": [1.0, 0.740734, 0.6601360000000001]}"
Musical_Instrument,m644_unified.obj,2824,5000,3,"{""min"": [-0.352339, -0.27553, -0.397507], ""max"": [0.647661, 0.341667, 0.309149], ""size"": [1.0, 0.617197, 0.706656]}"
Musical_Instrument,m645_unified.obj,950,1064,3,"{""min"": [-0.398245, -0.300565, -0.322367], ""max"": [0.601755, 0.300636, 0.36573], ""size"": [1.0, 0.6012010000000001, 0.688097]}"
Musical_Instrument,m646_unified.obj,777,1432,3,"{""min"": [-0.389838, -0.326313, -0.335275], ""max"": [0.610162, 0.399472, 0.369613], ""size"": [1.0, 0.725785, 0.704888]}"
Musical_Instrument,m647_unified.obj,2904,4999,3,"{""min"": [-0.298308, -0.265759, -0.177629], ""max"": [0.701692, 0.308774, 0.246523], ""size"": [1.0, 0.574533, 0.424152]}"
NonWheelChair,D00037_unified.obj,2702,5336,3,"{""min"": [-0.424316, -0.391578, -0.705785], ""max"": [0.437273, 0.322027, 0.294215], ""size"": [0.861589, 0.713605, 1.0]}"
NonWheelChair,D00101_unified.obj,2518,5000,3,"{""min"": [-0.550465, -0.245462, -0.192786], ""max"": [0.449535, 0.257999, 0.325694], ""size"": [1.0, 0.5034609999999999, 0.51848]}"
NonWheelChair,D00170_unified.obj,2619,5048,3,"{""min"": [-0.566513, -0.328146, -0.30381], ""max"": [0.433487, 0.344421, 0.33357], ""size"": [1.0, 0.6725669999999999, 0.6373800000000001]}"
NonWheelChair,D00185_unified.obj,921,1607,3,"{""min"": [-0.567835, -0.238226, -0.439843], ""max"": [0.432165, 0.238256, 0.227256], ""size"": [1.0, 0.47648199999999996, 0.667099]}"
NonWheelChair,D00240_unified.obj,1474,2920,3,"{""min"": [-0.509323, -0.226039, -0.205865], ""max"": [0.490677, 0.233237, 0.290096], ""size"": [1.0, 0.459276, 0.495961]}"
NonWheelChair,D00306_unified.obj,2544,5000,3,"{""min"": [-0.576082, -0.293027, -0.202514], ""max"": [0.423918, 0.292882, 0.584221], ""size"": [1.0, 0.585909, 0.786735]}"
NonWheelChair,D00357_unified.obj,2520,5000,3,"{""min"": [-0.542599, -0.233944, -0.22478], ""max"": [0.457401, 0.236715, 0.406467], ""size"": [1.0, 0.47065900000000005, 0.631247]}"
NonWheelChair,D00419_unified.obj,2522,5000,3,"{""min"": [-0.346725, -0.236279, -0.196175], ""max"": [0.653275, 0.241219, 0.436685], ""size"": [1.0, 0.477498, 0.63286]}"
NonWheelChair,D00443_unified.obj,2573,4936,3,"{""min"": [-0.513373, -0.227678, -0.187089], ""max"": [0.486627, 0.228593, 0.422885], ""size"": [1.0, 0.456271, 0.609974]}"
NonWheelChair,D00445_unified.obj,2752,5424,3,"{""min"": [-0.560798, -0.1999, -0.172273], ""max"": [0.439202, 0.202109, 0.288856], ""size"": [1.0, 0.402009, 0.461129]}"
NonWheelChair,D00480_unified.obj,2530,5000,3,"{""min"": [-0.481033, -0.233257, -0.293583], ""max"": [0.518967, 0.232743, 0.286146], ""size"": [1.0, 0.46599999999999997, 0.5797289999999999]}"
NonWheelChair,D00481_unified.obj,744,1448,3,"{""min"": [-0.462437, -0.184101, -0.152141], ""max"": [0.537563, 0.184871, 0.255365], ""size"": [1.0, 0.36897199999999997, 0.40750600000000003]}"
NonWheelChair,D00512_unified.obj,1201,2056,3,"{""min"": [-0.564172, -0.23927, -0.41364], ""max"": [0.435828, 0.239269, 0.247387], ""size"": [1.0, 0.47853900000000005, 0.661027]}"
NonWheelChair,D00694_unified.obj,2848,5648,3,"{""min"": [-0.369996, -0.293921, -0.379534], ""max"": [0.40865, 0.294234, 0.620466], ""size"": [0.778646, 0.588155, 1.0]}"
NonWheelChair,D00707_unified.obj,1323,2568,3,"{""min"": [-0.433324, -0.322108, -0.418298], ""max"": [0.566676, 0.312371, 0.430237], ""size"": [1.0, 0.634479, 0.848535]}"
NonWheelChair,D00741_unified.obj,2616,5000,3,"{""min"": [-0.566919, -0.243542, -0.237401], ""max"": [0.433081, 0.242143, 0.354803], ""size"": [1.0, 0.48568500000000003, 0.592204]}"
NonWheelChair,D00853_unified.obj,2506,5000,3,"{""min"": [-0.405891, -0.2864, -0.205502], ""max"": [0.594109, 0.331379, 0.543313], ""size"": [1.0, 0.617779, 0.748815]}"
NonWheelChair,D00914_unified.obj,1931,3784,3,"{""min"": [-0.463726, -0.562085, -0.283434], ""max"": [0.399126, 0.437915, 0.275895], ""size"": [0.862852, 1.0, 0.559329]}"
NonWheelChair,D00928_unified.obj,2006,3976,3,"{""min"": [-0.480153, -0.160931, -0.161104], ""max"": [0.519847, 0.27407, 0.176422], ""size"": [1.0, 0.43500099999999997, 0.337526]}"
NonWheelChair,D00936_unified.obj,2522,5000,3,"{""min"": [-0.30669, -0.216746, -0.383136], ""max"": [0.69331, 0.219616, 0.227533], ""size"": [1.0, 0.436362, 0.610669]}"
NonWheelChair,m785_unified.obj,3706,7152,3,"{""min"": [-0.384832, -0.282792, -0.285625], ""max"": [0.615168, 0.289406, 0.286579], ""size"": [1.0, 0.572198, 0.5722039999999999]}"
NonWheelChair,m786_unified.obj,2510,4984,3,"{""min"": [-0.328461, -0.416019, -0.413723], ""max"": [0.671539, 0.376769, 0.377757], ""size"": [1.0, 0.792788, 0.79148]}"
NonWheelChair,m787_unified.obj,1373,2678,3,"{""min"": [-0.384599, -0.21019, -0.21019], ""max"": [0.615401, 0.21019, 0.21019], ""size"": [1.0, 0.42038, 0.42038]}"
NonWheelChair,m788_unified.obj,1238,2448,3,"{""min"": [-0.337726, -0.169119, -0.154498], ""max"": [0.662274, 0.175341, 0.154584], ""size"": [1.0, 0.34446, 0.30908199999999997]}"
NonWheelChair,m789_unified.obj,2446,4808,3,"{""min"": [-0.464842, -0.256819, -0.254534], ""max"": [0.535158, 0.257689, 0.257451], ""size"": [1.0, 0.514508, 0.5119849999999999]}"
NonWheelChair,m790_unified.obj,2912,5694,3,"{""min"": [-0.248336, -0.34358, -0.238269], ""max"": [0.751664, 0.384123, 0.384764], ""size"": [1.0, 0.727703, 0.623033]}"
NonWheelChair,m791_unified.obj,2288,4508,3,"{""min"": [-0.409487, -0.256857, -0.256341], ""max"": [0.590513, 0.254641, 0.255217], ""size"": [1.0, 0.511498, 0.511558]}"
NonWheelChair,m793_unified.obj,262,392,3,"{""min"": [-0.421556, -0.375908, -0.389435], ""max"": [0.578444, 0.377014, 0.273262], ""size"": [1.0, 0.7529220000000001, 0.662697]}"
NonWheelChair,m794_unified.obj,2593,4928,3,"{""min"": [-0.486553, -0.307252, -0.406861], ""max"": [0.513447, 0.308149, 0.275659], ""size"": [1.0, 0.6154010000000001, 0.68252]}"
NonWheelChair,m795_unified.obj,3018,5984,3,"{""min"": [-0.484144, -0.1775, -0.261236], ""max"": [0.515856, 0.182839, 0.256197], ""size"": [1.0, 0.36033899999999996, 0.517433]}"
NonWheelChair,m796_unified.obj,2545,5000,3,"{""min"": [-0.413696, -0.307102, -0.284404], ""max"": [0.586304, 0.317133, 0.330962], ""size"": [1.0, 0.624235, 0.615366]}"
NonWheelChair,m797_unified.obj,3418,6413,3,"{""min"": [-0.283057, -0.278849, -0.28781], ""max"": [0.716943, 0.280667, 0.351672], ""size"": [1.0, 0.559516, 0.639482]}"
NonWheelChair,m798_unified.obj,1329,2396,3,"{""min"": [-0.392547, -0.25931, -0.331872], ""max"": [0.607453, 0.356024, 0.303414], ""size"": [1.0, 0.615334, 0.635286]}"
NonWheelChair,m799_unified.obj,3616,7132,3,"{""min"": [-0.251935, -0.281962, -0.24743], ""max"": [0.748065, 0.266725, 0.437356], ""size"": [1.0, 0.5486869999999999, 0.684786]}"
NonWheelChair,m800_unified.obj,411,760,3,"{""min"": [-0.53635, -0.286495, -0.310131], ""max"": [0.46365, 0.286143, 0.28291], ""size"": [1.0, 0.572638, 0.5930409999999999]}"
NonWheelChair,m801_unified.obj,2554,5000,3,"{""min"": [-0.361794, -0.222906, -0.24294], ""max"": [0.638206, 0.204555, 0.262921], ""size"": [1.0, 0.427461, 0.505861]}"
NonWheelChair,m804_unified.obj,1183,2208,3,"{""min"": [-0.358906, -0.320848, -0.330606], ""max"": [0.641094, 0.341404, 0.289487], ""size"": [1.0, 0.6622520000000001, 0.620093]}"
NonWheelChair,m805_unified.obj,570,1112,3,"{""min"": [-0.495696, -0.363179, -0.309863], ""max"": [0.504304, 0.326915, 0.308659], ""size"": [1.0, 0.690094, 0.618522]}"
NonWheelChair,m806_unified.obj,1828,3616,3,"{""min"": [-0.134559, -0.168968, -0.24084], ""max"": [0.865441, 0.168968, 0.163997], ""size"": [1.0, 0.337936, 0.404837]}"
NonWheelChair,m807_unified.obj,378,736,3,"{""min"": [-0.425145, -0.188093, -0.21173], ""max"": [0.574855, 0.188093, 0.256609], ""size"": [1.0, 0.376186, 0.46833899999999995]}"
NonWheelChair,m808_unified.obj,3028,5367,3,"{""min"": [-0.623923, -0.24289, -0.340031], ""max"": [0.376077, 0.242019, 0.256561], ""size"": [1.0, 0.48490900000000003, 0.596592]}"
NonWheelChair,m809_unified.obj,390,720,3,"{""min"": [-0.4516, -0.112599, -0.079706], ""max"": [0.5484, 0.1126, 0.15261], ""size"": [1.0, 0.225199, 0.232316]}"
NonWheelChair,m810_unified.obj,3016,5976,3,"{""min"": [-0.410487, -0.190049, -0.210251], ""max"": [0.589513, 0.185819, 0.234735], ""size"": [1.0, 0.375868, 0.444986]}"
NonWheelChair,m811_unified.obj,921,1610,3,"{""min"": [-0.567835, -0.238226, -0.439843], ""max"": [0.432165, 0.238257, 0.227256], ""size"": [1.0, 0.476483, 0.667099]}"
NonWheelChair,m812_unified.obj,921,1610,3,"{""min"": [-0.593801, -0.208965, -0.370031], ""max"": [0.406199, 0.208916, 0.233644], ""size"": [1.0, 0.417881, 0.603675]}"
NonWheelChair,m813_unified.obj,918,1606,3,"{""min"": [-0.620751, -0.194752, -0.319323], ""max"": [0.379249, 0.192409, 0.224309], ""size"": [1.0, 0.387161, 0.543632]}"
NonWheelChair,m814_unified.obj,1201,2058,3,"{""min"": [-0.564171, -0.239268, -0.413641], ""max"": [0.435829, 0.239271, 0.247388], ""size"": [1.0, 0.47853900000000005, 0.661029]}"
NonWheelChair,m815_unified.obj,1201,2058,3,"{""min"": [-0.589012, -0.208956, -0.354673], ""max"": [0.410988, 0.208941, 0.247988], ""size"": [1.0, 0.41789699999999996, 0.602661]}"
NonWheelChair,m816_unified.obj,1198,2054,3,"{""min"": [-0.626256, -0.189887, -0.333424], ""max"": [0.373744, 0.188628, 0.229112], ""size"": [1.0, 0.378515, 0.562536]}"
NonWheelChair,m817_unified.obj,1400,2752,3,"{""min"": [-0.519595, -0.235004, -0.287826], ""max"": [0.480405, 0.227648, 0.395434], ""size"": [1.0, 0.46265199999999995, 0.68326]}"
NonWheelChair,m818_unified.obj,242,453,3,"{""min"": [-0.496649, -0.241716, -0.239081], ""max"": [0.503351, 0.241714, 0.40611], ""size"": [1.0, 0.48343, 0.6451910000000001]}"
NonWheelChair,m819_unified.obj,1527,2656,3,"{""min"": [-0.446174, -0.217021, -0.256353], ""max"": [0.553826, 0.21659, 0.275332], ""size"": [1.0, 0.43361099999999997, 0.531685]}"
NonWheelChair,m820_unified.obj,444,761,3,"{""min"": [-0.481427, -0.245886, -0.253635], ""max"": [0.518573, 0.245886, 0.361843], ""size"": [1.0, 0.491772, 0.615478]}"
NonWheelChair,m821_unified.obj,1327,2580,3,"{""min"": [-0.4609, -0.234089, -0.354913], ""max"": [0.5391, 0.205122, 0.21058], ""size"": [1.0, 0.439211, 0.565493]}"
NonWheelChair,m822_unified.obj,3826,7624,3,"{""min"": [-0.529873, -0.231428, -0.291151], ""max"": [0.470127, 0.231449, 0.323261], ""size"": [1.0, 0.462877, 0.614412]}"
NonWheelChair,m823_unified.obj,1658,3248,3,"{""min"": [-0.404936, -0.234304, -0.281939], ""max"": [0.595064, 0.234299, 0.392152], ""size"": [1.0, 0.468603, 0.674091]}"
NonWheelChair,m824_unified.obj,2619,5048,3,"{""min"": [-0.566513, -0.32813, -0.303844], ""max"": [0.433487, 0.344424, 0.333591], ""size"": [1.0, 0.672554, 0.637435]}"
NonWheelChair,m826_unified.obj,2316,4576,3,"{""min"": [-0.507937, -0.232972, -0.265632], ""max"": [0.492063, 0.247075, 0.289321], ""size"": [1.0, 0.480047, 0.554953]}"
NonWheelChair,m827_unified.obj,286,528,3,"{""min"": [-0.482245, -0.177133, -0.194165], ""max"": [0.517755, 0.177134, 0.237077], ""size"": [1.0, 0.354267, 0.431242]}"
NonWheelChair,m828_unified.obj,2780,5512,3,"{""min"": [-0.465028, -0.236886, -0.320718], ""max"": [0.534972, 0.237795, 0.230349], ""size"": [1.0, 0.474681, 0.551067]}"
PianoBoard,D00008_unified.obj,2075,3911,3,"{""min"": [-0.494098, -0.316544, -0.288387], ""max"": [0.505902, 0.463985, 0.412086], ""size"": [1.0, 0.780529, 0.700473]}"
PianoBoard,D00065_unified.obj,1178,1989,3,"{""min"": [-0.474495, -0.041607, -0.089918], ""max"": [0.525505, 0.357193, 0.154249], ""size"": [1.0, 0.3988, 0.244167]}"
PianoBoard,D00075_unified.obj,1309,2486,3,"{""min"": [-0.468, -0.232319, -0.0777], ""max"": [0.532, 0.342175, 0.5955], ""size"": [1.0, 0.5744940000000001, 0.6732]}"
PianoBoard,D00104_unified.obj,1253,2116,3,"{""min"": [-0.48687, -0.346716, -0.09047], ""max"": [0.51313, 0.393683, 0.285258], ""size"": [1.0, 0.740399, 0.375728]}"
PianoBoard,D00122_unified.obj,1934,3412,3,"{""min"": [-0.49599, -0.386999, -0.143773], ""max"": [0.50401, 0.421423, 0.377092], ""size"": [1.0, 0.808422, 0.520865]}"
PianoBoard,D00181_unified.obj,9628,15427,3,"{""min"": [-0.444151, -0.348914, -0.101882], ""max"": [0.555849, 0.536883, 0.449386], ""size"": [1.0, 0.885797, 0.551268]}"
PianoBoard,D00212_unified.obj,3238,7085,3,"{""min"": [-0.49067, -0.199913, -0.128542], ""max"": [0.50933, 0.503135, 0.231894], ""size"": [1.0, 0.703048, 0.360436]}"
PianoBoard,D00235_unified.obj,1613,2951,3,"{""min"": [-0.497174, -0.292589, -0.43608], ""max"": [0.502826, 0.432092, 0.301398], ""size"": [1.0, 0.7246809999999999, 0.7374780000000001]}"
PianoBoard,D00253_unified.obj,719,4338,3,"{""min"": [-0.500027, -0.199911, -0.134588], ""max"": [0.499973, 0.409501, 0.333661], ""size"": [1.0, 0.6094120000000001, 0.468249]}"
PianoBoard,D00332_unified.obj,1321,2080,3,"{""min"": [-0.498764, -0.335483, -0.097586], ""max"": [0.501236, 0.449871, 0.29497], ""size"": [1.0, 0.785354, 0.392556]}"
PianoBoard,D00381_unified.obj,735,5196,3,"{""min"": [-0.49542, -0.042718, -0.163295], ""max"": [0.50458, 0.560605, 0.306669], ""size"": [1.0, 0.603323, 0.46996400000000005]}"
PianoBoard,D00441_unified.obj,538,1040,3,"{""min"": [-0.500723, -0.33532, -0.151187], ""max"": [0.499277, 0.582911, 0.474273], ""size"": [1.0, 0.918231, 0.62546]}"
PianoBoard,D00460_unified.obj,754,4500,3,"{""min"": [-0.49697, -0.41904, -0.119911], ""max"": [0.50303, 0.248934, 0.322609], ""size"": [1.0, 0.6679740000000001, 0.44251999999999997]}"
PianoBoard,D00623_unified.obj,5653,10039,3,"{""min"": [-0.474167, -0.171105, -0.239013], ""max"": [0.525833, 0.486595, 0.326401], ""size"": [1.0, 0.6577, 0.565414]}"
PianoBoard,D00718_unified.obj,797,4110,3,"{""min"": [-0.48403, -0.109465, -0.235225], ""max"": [0.51597, 0.447306, 0.305727], ""size"": [1.0, 0.556771, 0.540952]}"
PianoBoard,D00721_unified.obj,1228,2392,3,"{""min"": [-0.263571, -0.333138, -0.202973], ""max"": [0.736429, 0.361207, 0.542801], ""size"": [1.0, 0.694345, 0.7457739999999999]}"
PianoBoard,D00755_unified.obj,8133,15777,3,"{""min"": [-0.49837, -0.321851, -0.138183], ""max"": [0.50163, 0.38085, 0.352698], ""size"": [1.0, 0.702701, 0.490881]}"
PianoBoard,D00885_unified.obj,6603,12497,3,"{""min"": [-0.4697, -0.323065, -0.183927], ""max"": [0.5303, 0.658979, 0.225168], ""size"": [1.0, 0.9820439999999999, 0.409095]}"
PianoBoard,D00962_unified.obj,793,4866,3,"{""min"": [-0.496319, -0.313716, -0.275875], ""max"": [0.503681, 0.564372, 0.471299], ""size"": [1.0, 0.878088, 0.747174]}"
PianoBoard,D00966_unified.obj,1395,5970,3,"{""min"": [-0.480662, -0.403443, -0.062288], ""max"": [0.519338, 0.37467, 0.342832], ""size"": [1.0, 0.778113, 0.40512000000000004]}"
PlantIndoors,D00049_unified.obj,4782,4999,3,"{""min"": [-0.465096, -0.363541, -0.342152], ""max"": [0.459122, 0.636459, 0.396712], ""size"": [0.924218, 1.0, 0.738864]}"
PlantIndoors,D00073_unified.obj,4053,5000,3,"{""min"": [-0.433353, -0.306916, -0.289919], ""max"": [0.566647, 0.419803, 0.314944], ""size"": [1.0, 0.726719, 0.6048629999999999]}"
PlantIndoors,D00080_unified.obj,35695,5000,3,"{""min"": [-0.293913, -0.365766, -0.403422], ""max"": [0.706087, 0.458304, 0.340703], ""size"": [1.0, 0.82407, 0.7441249999999999]}"
PlantIndoors,D00087_unified.obj,3855,5054,3,"{""min"": [-0.438947, -0.479373, -0.424361], ""max"": [0.561053, 0.462511, 0.446042], ""size"": [1.0, 0.9418839999999999, 0.870403]}"
PlantIndoors,D00128_unified.obj,5097,4926,3,"{""min"": [-0.437768, -0.414427, -0.350079], ""max"": [0.562232, 0.514876, 0.42528], ""size"": [1.0, 0.929303, 0.7753589999999999]}"
PlantIndoors,D00159_unified.obj,5088,4167,3,"{""min"": [-0.479409, -0.432185, -0.358843], ""max"": [0.520591, 0.522274, 0.530484], ""size"": [1.0, 0.954459, 0.889327]}"
PlantIndoors,D00238_unified.obj,5287,5000,3,"{""min"": [-0.45596, -0.385852, -0.485695], ""max"": [0.429963, 0.506288, 0.514305], ""size"": [0.885923, 0.8921399999999999, 1.0]}"
PlantIndoors,D00280_unified.obj,4836,5000,3,"{""min"": [-0.385844, -0.491788, -0.460855], ""max"": [0.614156, 0.501951, 0.434074], ""size"": [1.0, 0.993739, 0.8949290000000001]}"
PlantIndoors,D00370_unified.obj,4992,5000,3,"{""min"": [-0.364833, -0.342862, -0.340392], ""max"": [0.635167, 0.387329, 0.390573], ""size"": [1.0, 0.730191, 0.730965]}"
PlantIndoors,D00379_unified.obj,4879,4999,3,"{""min"": [-0.446146, -0.512342, -0.399965], ""max"": [0.551588, 0.487658, 0.590041], ""size"": [0.9977339999999999, 1.0, 0.990006]}"
PlantIndoors,D00466_unified.obj,2659,3236,3,"{""min"": [-0.493128, -0.471824, -0.386231], ""max"": [0.506872, 0.378746, 0.419747], ""size"": [1.0, 0.85057, 0.805978]}"
PlantIndoors,D00491_unified.obj,4975,4999,3,"{""min"": [-0.513674, -0.409496, -0.333643], ""max"": [0.486326, 0.488389, 0.553852], ""size"": [1.0, 0.897885, 0.887495]}"
PlantIndoors,D00595_unified.obj,6658,5000,3,"{""min"": [-0.3741, -0.361736, -0.364829], ""max"": [0.415238, 0.638264, 0.362489], ""size"": [0.789338, 1.0, 0.727318]}"
PlantIndoors,D00609_unified.obj,3505,4999,3,"{""min"": [-0.4534, -0.511637, -0.346612], ""max"": [0.454938, 0.488363, 0.411941], ""size"": [0.9083380000000001, 1.0, 0.758553]}"
PlantIndoors,D00622_unified.obj,4127,4890,3,"{""min"": [-0.621317, -0.309175, -0.270955], ""max"": [0.378683, 0.340724, 0.292202], ""size"": [1.0, 0.649899, 0.563157]}"
PlantIndoors,D00624_unified.obj,4641,3989,3,"{""min"": [-0.519991, -0.499409, -0.479893], ""max"": [0.378521, 0.500591, 0.518037], ""size"": [0.898512, 1.0, 0.99793]}"
PlantIndoors,D00657_unified.obj,4247,5000,3,"{""min"": [-0.482459, -0.276457, -0.175993], ""max"": [0.517541, 0.318855, 0.149268], ""size"": [1.0, 0.5953120000000001, 0.325261]}"
PlantIndoors,D00667_unified.obj,5080,8256,3,"{""min"": [-0.486308, -0.47882, -0.424542], ""max"": [0.493076, 0.52118, 0.553821], ""size"": [0.979384, 1.0, 0.978363]}"
PlantIndoors,D00800_unified.obj,5251,4935,3,"{""min"": [-0.515083, -0.387086, -0.437177], ""max"": [0.484917, 0.414439, 0.447721], ""size"": [1.0, 0.801525, 0.884898]}"
PlantIndoors,D00968_unified.obj,3834,4999,3,"{""min"": [-0.464137, -0.455397, -0.455448], ""max"": [0.535863, 0.461688, 0.468984], ""size"": [1.0, 0.9170849999999999, 0.924432]}"
PlantIndoors,m1000_unified.obj,4789,4999,3,"{""min"": [-0.462448, -0.363256, -0.340284], ""max"": [0.458169, 0.636744, 0.39143], ""size"": [0.920617, 1.0, 0.731714]}"
PlantIndoors,m1001_unified.obj,4023,5000,3,"{""min"": [-0.434578, -0.306266, -0.285728], ""max"": [0.565422, 0.421105, 0.319509], ""size"": [1.0, 0.727371, 0.605237]}"
PlantIndoors,m1002_unified.obj,5009,5000,3,"{""min"": [-0.503991, -0.496096, -0.471087], ""max"": [0.496009, 0.496809, 0.292831], ""size"": [1.0, 0.9929049999999999, 0.763918]}"
PlantIndoors,m1003_unified.obj,4879,4999,3,"{""min"": [-0.428055, -0.480372, -0.434742], ""max"": [0.548474, 0.519628, 0.539848], ""size"": [0.976529, 1.0, 0.9745900000000001]}"
PlantIndoors,m1004_unified.obj,5158,4940,3,"{""min"": [-0.499767, -0.406284, -0.470274], ""max"": [0.500233, 0.432395, 0.444243], ""size"": [1.0, 0.838679, 0.914517]}"
PlantIndoors,m1005_unified.obj,5453,5000,3,"{""min"": [-0.388396, -0.246756, -0.246238], ""max"": [0.611604, 0.242364, 0.240024], ""size"": [1.0, 0.48912, 0.48626199999999997]}"
PlantIndoors,m1006_unified.obj,4024,5000,3,"{""min"": [-0.492751, -0.477483, -0.267216], ""max"": [0.507249, 0.513363, 0.348367], ""size"": [1.0, 0.990846, 0.615583]}"
PlantIndoors,m1007_unified.obj,4952,5000,3,"{""min"": [-0.36664, -0.335375, -0.33845], ""max"": [0.63336, 0.38377, 0.390497], ""size"": [1.0, 0.7191449999999999, 0.728947]}"
PlantIndoors,m1008_unified.obj,3899,5000,3,"{""min"": [-0.535773, -0.560804, -0.424328], ""max"": [0.412079, 0.439196, 0.550098], ""size"": [0.947852, 1.0, 0.974426]}"
PlantIndoors,m1009_unified.obj,4295,4999,3,"{""min"": [-0.324926, -0.342556, -0.328997], ""max"": [0.675074, 0.326847, 0.314253], ""size"": [1.0, 0.669403, 0.64325]}"
PlantIndoors,m1010_unified.obj,4927,4999,3,"{""min"": [-0.263001, -0.494465, -0.406859], ""max"": [0.444205, 0.505535, 0.410877], ""size"": [0.707206, 1.0, 0.817736]}"
PlantIndoors,m1011_unified.obj,4117,4999,3,"{""min"": [-0.430611, -0.44085, -0.458263], ""max"": [0.569389, 0.434349, 0.443659], ""size"": [1.0, 0.8751990000000001, 0.901922]}"
PlantIndoors,m1012_unified.obj,2950,4292,3,"{""min"": [-0.298842, -0.495939, -0.493673], ""max"": [0.311429, 0.504061, 0.450165], ""size"": [0.610271, 1.0, 0.943838]}"
PlantIndoors,m1013_unified.obj,4465,5000,3,"{""min"": [-0.46075, -0.492481, -0.46121], ""max"": [0.538077, 0.507519, 0.496064], ""size"": [0.998827, 1.0, 0.957274]}"
PlantIndoors,m1014_unified.obj,6605,5000,3,"{""min"": [-0.374684, -0.361115, -0.375433], ""max"": [0.413115, 0.638885, 0.346775], ""size"": [0.787799, 1.0, 0.722208]}"
PlantIndoors,m1015_unified.obj,4736,8444,3,"{""min"": [-0.552126, -0.215652, -0.245205], ""max"": [0.447874, 0.300241, 0.235291], ""size"": [1.0, 0.5158929999999999, 0.48049600000000003]}"
PlantIndoors,m1016_unified.obj,3475,5000,3,"{""min"": [-0.305775, -0.389309, -0.464768], ""max"": [0.694225, 0.328498, 0.240302], ""size"": [1.0, 0.7178070000000001, 0.70507]}"
PlantIndoors,m1017_unified.obj,4030,4847,3,"{""min"": [-0.619463, -0.310512, -0.274014], ""max"": [0.380537, 0.348416, 0.294267], ""size"": [1.0, 0.658928, 0.568281]}"
PlantIndoors,m1018_unified.obj,4498,3990,3,"{""min"": [-0.369402, -0.500829, -0.480253], ""max"": [0.529376, 0.499171, 0.518048], ""size"": [0.898778, 1.0, 0.9983009999999999]}"
PlantIndoors,m1020_unified.obj,5144,4999,3,"{""min"": [-0.375684, -0.462243, -0.483994], ""max"": [0.5215, 0.469717, 0.516006], ""size"": [0.897184, 0.93196, 1.0]}"
PlantIndoors,m1021_unified.obj,3804,5000,3,"{""min"": [-0.466922, -0.461339, -0.455287], ""max"": [0.533078, 0.455899, 0.469072], ""size"": [1.0, 0.917238, 0.9243589999999999]}"
PlantIndoors,m1022_unified.obj,4642,5000,3,"{""min"": [-0.395064, -0.49179, -0.461051], ""max"": [0.604936, 0.501674, 0.434039], ""size"": [1.0, 0.9934639999999999, 0.8950899999999999]}"
PlantIndoors,m1023_unified.obj,2658,3236,3,"{""min"": [-0.493169, -0.471789, -0.386235], ""max"": [0.506831, 0.378704, 0.41979], ""size"": [1.0, 0.8504929999999999, 0.806025]}"
PlantIndoors,m1025_unified.obj,3481,5000,3,"{""min"": [-0.453997, -0.515944, -0.3502], ""max"": [0.457146, 0.484056, 0.410473], ""size"": [0.911143, 1.0, 0.7606729999999999]}"
PlantIndoors,m1026_unified.obj,5074,8256,3,"{""min"": [-0.486411, -0.478736, -0.424429], ""max"": [0.493004, 0.521264, 0.553609], ""size"": [0.9794149999999999, 1.0, 0.978038]}"
PlantIndoors,m1027_unified.obj,3855,5054,3,"{""min"": [-0.438948, -0.479374, -0.42436], ""max"": [0.561052, 0.462511, 0.446041], ""size"": [1.0, 0.9418850000000001, 0.870401]}"
PlantIndoors,m1029_unified.obj,1136,2184,3,"{""min"": [-0.249393, -0.370399, -0.180387], ""max"": [0.750607, 0.31086, 0.23037], ""size"": [1.0, 0.6812590000000001, 0.410757]}"
PlantIndoors,m1030_unified.obj,1227,1593,3,"{""min"": [-0.468833, -0.38832, -0.38419], ""max"": [0.531167, 0.463563, 0.451177], ""size"": [1.0, 0.851883, 0.835367]}"
PlantIndoors,m1031_unified.obj,2704,4905,3,"{""min"": [-0.463237, -0.453018, -0.323491], ""max"": [0.45664, 0.546982, 0.304285], ""size"": [0.9198770000000001, 1.0, 0.627776]}"
PlantIndoors,m1032_unified.obj,330,624,3,"{""min"": [-0.42604, -0.484319, -0.309406], ""max"": [0.553927, 0.515681, 0.381204], ""size"": [0.9799669999999999, 1.0, 0.69061]}"
PlantIndoors,m1033_unified.obj,668,906,3,"{""min"": [-0.519075, -0.279561, -0.213857], ""max"": [0.480925, 0.291266, 0.238604], ""size"": [1.0, 0.570827, 0.452461]}"
PlantIndoors,m1034_unified.obj,873,1677,3,"{""min"": [-0.408096, -0.198921, -0.211201], ""max"": [0.591904, 0.271589, 0.223751], ""size"": [1.0, 0.47051, 0.434952]}"
PlantIndoors,m1035_unified.obj,1787,3360,3,"{""min"": [-0.47284, -0.395801, -0.423329], ""max"": [0.52716, 0.481586, 0.511022], ""size"": [1.0, 0.877387, 0.9343509999999999]}"
PlantIndoors,m1036_unified.obj,841,1604,3,"{""min"": [-0.488892, -0.243555, -0.152732], ""max"": [0.511108, 0.354394, 0.219046], ""size"": [1.0, 0.597949, 0.371778]}"
PlantIndoors,m989_unified.obj,3029,4096,3,"{""min"": [-0.497082, -0.342699, -0.333312], ""max"": [0.502918, 0.377028, 0.321449], ""size"": [1.0, 0.719727, 0.6547609999999999]}"
PlantIndoors,m990_unified.obj,1612,2576,3,"{""min"": [-0.468799, -0.43913, -0.441797], ""max"": [0.520738, 0.52175, 0.558203], ""size"": [0.9895370000000001, 0.9608800000000001, 1.0]}"
PlantIndoors,m991_unified.obj,4180,4838,3,"{""min"": [-0.405498, -0.448406, -0.315446], ""max"": [0.594502, 0.520764, 0.48359], ""size"": [1.0, 0.9691700000000001, 0.7990360000000001]}"
PlantIndoors,m992_unified.obj,1612,2576,3,"{""min"": [-0.476512, -0.30086, -0.372117], ""max"": [0.523488, 0.496781, 0.56817], ""size"": [1.0, 0.797641, 0.9402869999999999]}"
PlantIndoors,m993_unified.obj,746,1280,3,"{""min"": [-0.601722, -0.09299, -0.103471], ""max"": [0.398278, 0.122488, 0.103507], ""size"": [1.0, 0.215478, 0.206978]}"
PlantIndoors,m994_unified.obj,1227,1816,3,"{""min"": [-0.492989, -0.401184, -0.459763], ""max"": [0.507011, 0.454721, 0.498668], ""size"": [1.0, 0.8559049999999999, 0.958431]}"
PlantIndoors,m995_unified.obj,5916,2919,3,"{""min"": [-0.521151, -0.475677, -0.350973], ""max"": [0.458667, 0.524323, 0.383023], ""size"": [0.9798180000000001, 1.0, 0.733996]}"
PlantIndoors,m996_unified.obj,2264,4100,3,"{""min"": [-0.297879, -0.341394, -0.257382], ""max"": [0.702121, 0.378934, 0.337733], ""size"": [1.0, 0.720328, 0.5951150000000001]}"
PlantIndoors,m997_unified.obj,2097,2892,3,"{""min"": [-0.352048, -0.511776, -0.496148], ""max"": [0.464372, 0.488224, 0.467611], ""size"": [0.81642, 1.0, 0.963759]}"
PlantIndoors,m998_unified.obj,1114,1912,3,"{""min"": [-0.24338, -0.242141, -0.241021], ""max"": [0.75662, 0.29562, 0.244855], ""size"": [1.0, 0.5377609999999999, 0.485876]}"
PlantIndoors,m999_unified.obj,3728,5108,3,"{""min"": [-0.385766, -0.387483, -0.302788], ""max"": [0.614234, 0.437214, 0.401773], ""size"": [1.0, 0.824697, 0.704561]}"
PlantWildNonTree,m1052_unified.obj,774,744,3,"{""min"": [-0.541824, -0.54834, -0.514096], ""max"": [0.415364, 0.403621, 0.485904], ""size"": [0.9571879999999999, 0.9519610000000001, 1.0]}"
PlantWildNonTree,m961_unified.obj,3822,5000,3,"{""min"": [-0.465494, -0.373539, -0.280139], ""max"": [0.534506, 0.489991, 0.2619], ""size"": [1.0, 0.86353, 0.542039]}"
PlantWildNonTree,m962_unified.obj,5239,4999,3,"{""min"": [-0.519656, -0.437271, -0.35382], ""max"": [0.480344, 0.534122, 0.39788], ""size"": [1.0, 0.971393, 0.7517]}"
PlantWildNonTree,m963_unified.obj,3617,4999,3,"{""min"": [-0.473122, -0.481301, -0.268073], ""max"": [0.526878, 0.515294, 0.367128], ""size"": [1.0, 0.996595, 0.635201]}"
PlantWildNonTree,m964_unified.obj,4404,4929,3,"{""min"": [-0.455858, -0.294565, -0.272527], ""max"": [0.544142, 0.378975, 0.297222], ""size"": [1.0, 0.67354, 0.5697490000000001]}"
PlantWildNonTree,m965_unified.obj,3919,4920,3,"{""min"": [-0.463704, -0.379584, -0.315514], ""max"": [0.536296, 0.505387, 0.228026], ""size"": [1.0, 0.884971, 0.54354]}"
PlantWildNonTree,m966_unified.obj,7920,5280,3,"{""min"": [-0.484236, -0.421231, -0.230785], ""max"": [0.515764, 0.449688, 0.228079], ""size"": [1.0, 0.870919, 0.458864]}"
PlantWildNonTree,m967_unified.obj,5071,5000,3,"{""min"": [-0.470231, -0.186467, -0.081336], ""max"": [0.529769, 0.308812, 0.100222], ""size"": [1.0, 0.49527899999999997, 0.181558]}"
PlantWildNonTree,m968_unified.obj,3697,5000,3,"{""min"": [-0.571553, -0.27919, -0.246085], ""max"": [0.428447, 0.388154, 0.409315], ""size"": [1.0, 0.6673439999999999, 0.6554]}"
PlantWildNonTree,m971_unified.obj,3447,3280,3,"{""min"": [-0.462783, -0.340907, -0.324364], ""max"": [0.537217, 0.277373, 0.241492], ""size"": [1.0, 0.6182799999999999, 0.565856]}"
PlantWildNonTree,m972_unified.obj,5715,4787,3,"{""min"": [-0.498094, -0.373588, -0.368665], ""max"": [0.501906, 0.275143, 0.222085], ""size"": [1.0, 0.648731, 0.59075]}"
PlantWildNonTree,m973_unified.obj,3306,2464,3,"{""min"": [-0.68604, -0.351112, -0.3027], ""max"": [0.302744, 0.648888, 0.401971], ""size"": [0.988784, 1.0, 0.704671]}"
PlantWildNonTree,m974_unified.obj,979,1296,3,"{""min"": [-0.312015, -0.194442, -0.103939], ""max"": [0.687985, 0.146983, 0.088972], ""size"": [1.0, 0.341425, 0.192911]}"
PlantWildNonTree,m975_unified.obj,916,1800,3,"{""min"": [-0.32697, -0.311934, -0.084067], ""max"": [0.67303, 0.337063, 0.088587], ""size"": [1.0, 0.648997, 0.172654]}"
PlantWildNonTree,m976_unified.obj,4410,7530,3,"{""min"": [-0.258013, -0.337266, -0.371223], ""max"": [0.741987, 0.351022, 0.370693], ""size"": [1.0, 0.688288, 0.741916]}"
PlantWildNonTree,m977_unified.obj,1503,2938,3,"{""min"": [-0.332599, -0.326515, -0.316411], ""max"": [0.667401, 0.298465, 0.321242], ""size"": [1.0, 0.62498, 0.637653]}"
PlantWildNonTree,m978_unified.obj,3411,3966,3,"{""min"": [-0.344411, -0.232883, -0.216521], ""max"": [0.655589, 0.230839, 0.245072], ""size"": [1.0, 0.46372199999999997, 0.46159300000000003]}"
PlantWildNonTree,m979_unified.obj,3406,4280,3,"{""min"": [-0.260806, -0.232736, -0.232331], ""max"": [0.739194, 0.226382, 0.211002], ""size"": [1.0, 0.459118, 0.443333]}"
PlantWildNonTree,m980_unified.obj,2773,4986,3,"{""min"": [-0.210764, -0.201801, -0.189954], ""max"": [0.789236, 0.22628, 0.207154], ""size"": [1.0, 0.42808100000000004, 0.397108]}"
PlantWildNonTree,m981_unified.obj,3565,6247,3,"{""min"": [-0.246049, -0.170214, -0.185009], ""max"": [0.753951, 0.100349, 0.221859], ""size"": [1.0, 0.270563, 0.406868]}"
PlantWildNonTree,m982_unified.obj,1232,2400,3,"{""min"": [-0.359666, -0.181274, -0.179695], ""max"": [0.640334, 0.163887, 0.185896], ""size"": [1.0, 0.345161, 0.365591]}"
PlantWildNonTree,m983_unified.obj,207,296,3,"{""min"": [-0.280829, -0.409997, -0.467361], ""max"": [0.530089, 0.535391, 0.532639], ""size"": [0.810918, 0.9453879999999999, 1.0]}"
PlantWildNonTree,m984_unified.obj,2645,3928,3,"{""min"": [-0.167332, -0.240778, -0.183993], ""max"": [0.832668, 0.302006, 0.258938], ""size"": [1.0, 0.5427839999999999, 0.44293099999999996]}"
PlantWildNonTree,m985_unified.obj,3508,3195,3,"{""min"": [-0.37227, -0.348525, -0.057967], ""max"": [0.62773, 0.357284, 0.161024], ""size"": [1.0, 0.7058089999999999, 0.218991]}"
PlantWildNonTree,m986_unified.obj,2193,3332,3,"{""min"": [-0.145426, -0.289607, -0.189309], ""max"": [0.854574, 0.332461, 0.29358], ""size"": [1.0, 0.6220680000000001, 0.482889]}"
PlantWildNonTree,m987_unified.obj,2646,3928,3,"{""min"": [-0.168017, -0.240628, -0.185648], ""max"": [0.831983, 0.301752, 0.259236], ""size"": [1.0, 0.5423800000000001, 0.44488400000000006]}"
PlantWildNonTree,m988_unified.obj,3093,6000,3,"{""min"": [-0.17436, -0.109908, -0.102737], ""max"": [0.82564, 0.120887, 0.118039], ""size"": [1.0, 0.230795, 0.220776]}"
Quadruped,D00111_unified.obj,2315,4574,3,"{""min"": [-0.528398, -0.264354, -0.171373], ""max"": [0.471602, 0.334531, 0.171334], ""size"": [1.0, 0.598885, 0.342707]}"
Quadruped,D00150_unified.obj,2586,5000,3,"{""min"": [-0.496065, -0.415598, -0.19939], ""max"": [0.503935, 0.296139, 0.197713], ""size"": [1.0, 0.7117370000000001, 0.397103]}"
Quadruped,D00218_unified.obj,2502,5000,3,"{""min"": [-0.483374, -0.303774, -0.175031], ""max"": [0.516626, 0.267895, 0.176754], ""size"": [1.0, 0.571669, 0.351785]}"
Quadruped,D00226_unified.obj,2903,5803,3,"{""min"": [-0.455639, -0.320043, -0.155738], ""max"": [0.544361, 0.345506, 0.155748], ""size"": [1.0, 0.665549, 0.311486]}"
Quadruped,D00261_unified.obj,2896,5788,3,"{""min"": [-0.454784, -0.321777, -0.155767], ""max"": [0.545216, 0.344819, 0.155777], ""size"": [1.0, 0.666596, 0.311544]}"
Quadruped,D00326_unified.obj,2513,5000,3,"{""min"": [-0.49214, -0.336712, -0.109588], ""max"": [0.50786, 0.423887, 0.109752], ""size"": [1.0, 0.760599, 0.21934]}"
Quadruped,D00380_unified.obj,1791,3496,3,"{""min"": [-0.442732, -0.344141, -0.137259], ""max"": [0.557268, 0.386294, 0.137453], ""size"": [1.0, 0.730435, 0.27471199999999996]}"
Quadruped,D00409_unified.obj,2651,5000,3,"{""min"": [-0.392937, -0.321243, -0.148647], ""max"": [0.607063, 0.37028, 0.14922], ""size"": [1.0, 0.691523, 0.297867]}"
Quadruped,D00508_unified.obj,2539,4993,3,"{""min"": [-0.479115, -0.276335, -0.110367], ""max"": [0.520885, 0.339953, 0.110743], ""size"": [1.0, 0.616288, 0.22111]}"
Quadruped,D00509_unified.obj,2502,5000,3,"{""min"": [-0.429091, -0.229496, -0.116068], ""max"": [0.570909, 0.232212, 0.117086], ""size"": [1.0, 0.461708, 0.233154]}"
Quadruped,D00583_unified.obj,2677,4999,3,"{""min"": [-0.329672, -0.294968, -0.097477], ""max"": [0.670328, 0.234377, 0.097366], ""size"": [1.0, 0.529345, 0.194843]}"
Quadruped,D00663_unified.obj,3285,4632,3,"{""min"": [-0.426984, -0.308618, -0.139944], ""max"": [0.573016, 0.485058, 0.138829], ""size"": [1.0, 0.793676, 0.27877300000000005]}"
Quadruped,D00700_unified.obj,2570,5000,3,"{""min"": [-0.453665, -0.28107, -0.115988], ""max"": [0.546335, 0.332657, 0.115339], ""size"": [1.0, 0.6137269999999999, 0.231327]}"
Quadruped,D00757_unified.obj,2502,5000,3,"{""min"": [-0.512561, -0.33663, -0.193963], ""max"": [0.487439, 0.457531, 0.194872], ""size"": [1.0, 0.794161, 0.388835]}"
Quadruped,D00794_unified.obj,2502,5000,3,"{""min"": [-0.516203, -0.350668, -0.123779], ""max"": [0.483797, 0.404211, 0.123793], ""size"": [1.0, 0.754879, 0.24757200000000001]}"
Quadruped,D00795_unified.obj,3014,5000,3,"{""min"": [-0.425435, -0.27582, -0.156368], ""max"": [0.574565, 0.312822, 0.15008], ""size"": [1.0, 0.588642, 0.306448]}"
Quadruped,D00831_unified.obj,1614,3167,3,"{""min"": [-0.524676, -0.48871, -0.147353], ""max"": [0.475324, 0.315407, 0.147355], ""size"": [1.0, 0.804117, 0.294708]}"
Quadruped,D00841_unified.obj,2100,4159,3,"{""min"": [-0.388076, -0.292913, -0.113499], ""max"": [0.611924, 0.38383, 0.113321], ""size"": [1.0, 0.676743, 0.22682000000000002]}"
Quadruped,D00867_unified.obj,2506,5000,3,"{""min"": [-0.428023, -0.312976, -0.223044], ""max"": [0.571977, 0.385349, 0.217853], ""size"": [1.0, 0.698325, 0.440897]}"
Quadruped,D00934_unified.obj,1971,3886,3,"{""min"": [-0.517078, -0.390883, -0.137598], ""max"": [0.482922, 0.322513, 0.137914], ""size"": [1.0, 0.7133959999999999, 0.275512]}"
Quadruped,m100_unified.obj,2418,4832,3,"{""min"": [-0.433515, -0.218741, -0.289515], ""max"": [0.566485, 0.247282, 0.230449], ""size"": [1.0, 0.46602299999999997, 0.519964]}"
Quadruped,m101_unified.obj,4413,8720,3,"{""min"": [-0.475992, -0.330909, -0.198907], ""max"": [0.524008, 0.356986, 0.19704], ""size"": [1.0, 0.687895, 0.395947]}"
Quadruped,m102_unified.obj,475,904,3,"{""min"": [-0.450378, -0.225509, -0.200489], ""max"": [0.549622, 0.259124, 0.200336], ""size"": [1.0, 0.484633, 0.400825]}"
Quadruped,m103_unified.obj,2351,4348,3,"{""min"": [-0.616699, -0.274262, -0.102294], ""max"": [0.383301, 0.353427, 0.102055], ""size"": [1.0, 0.6276889999999999, 0.204349]}"
Quadruped,m104_unified.obj,926,1844,3,"{""min"": [-0.477728, -0.303717, -0.110293], ""max"": [0.522272, 0.355081, 0.119866], ""size"": [1.0, 0.658798, 0.230159]}"
Quadruped,m105_unified.obj,547,1040,3,"{""min"": [-0.523979, -0.371272, -0.110073], ""max"": [0.476021, 0.347816, 0.108734], ""size"": [1.0, 0.719088, 0.218807]}"
Quadruped,m106_unified.obj,1378,2752,3,"{""min"": [-0.420224, -0.379303, -0.104125], ""max"": [0.579776, 0.402155, 0.092322], ""size"": [1.0, 0.781458, 0.19644699999999998]}"
Quadruped,m107_unified.obj,2513,4999,3,"{""min"": [-0.492111, -0.336716, -0.109683], ""max"": [0.507889, 0.423904, 0.109672], ""size"": [1.0, 0.7606200000000001, 0.21935500000000002]}"
Quadruped,m108_unified.obj,2479,4964,3,"{""min"": [-0.539987, -0.298132, -0.105351], ""max"": [0.460013, 0.399411, 0.11007], ""size"": [1.0, 0.697543, 0.215421]}"
Quadruped,m109_unified.obj,1288,2520,3,"{""min"": [-0.549199, -0.501781, -0.252267], ""max"": [0.450801, 0.415586, 0.241907], ""size"": [1.0, 0.917367, 0.494174]}"
Quadruped,m110_unified.obj,1806,3608,3,"{""min"": [-0.451917, -0.357775, -0.242521], ""max"": [0.548083, 0.386823, 0.241941], ""size"": [1.0, 0.744598, 0.48446199999999995]}"
Quadruped,m111_unified.obj,4916,9768,3,"{""min"": [-0.49772, -0.27159, -0.187502], ""max"": [0.50228, 0.33849, 0.187981], ""size"": [1.0, 0.61008, 0.375483]}"
Quadruped,m112_unified.obj,2518,5000,3,"{""min"": [-0.455629, -0.36284, -0.247232], ""max"": [0.544371, 0.360796, 0.305645], ""size"": [1.0, 0.723636, 0.5528770000000001]}"
Quadruped,m273_unified.obj,1898,3768,3,"{""min"": [-0.610745, -0.132419, -0.096435], ""max"": [0.389255, 0.265071, 0.096436], ""size"": [1.0, 0.39749, 0.19287100000000001]}"
Quadruped,m274_unified.obj,2504,5000,3,"{""min"": [-0.418787, -0.223127, -0.10955], ""max"": [0.581213, 0.327934, 0.132499], ""size"": [1.0, 0.551061, 0.24204900000000001]}"
Quadruped,m275_unified.obj,2502,5000,3,"{""min"": [-0.527088, -0.143933, -0.094675], ""max"": [0.472912, 0.190675, 0.095913], ""size"": [1.0, 0.334608, 0.19058799999999998]}"
Quadruped,m276_unified.obj,2309,4587,3,"{""min"": [-0.584024, -0.115718, -0.061431], ""max"": [0.415976, 0.277377, 0.061403], ""size"": [1.0, 0.39309499999999997, 0.122834]}"
Quadruped,m277_unified.obj,1764,3496,3,"{""min"": [-0.426639, -0.379812, -0.103494], ""max"": [0.573361, 0.381517, 0.154308], ""size"": [1.0, 0.7613289999999999, 0.257802]}"
Quadruped,m278_unified.obj,1344,2584,3,"{""min"": [-0.469481, -0.500744, -0.070208], ""max"": [0.516301, 0.499256, 0.115769], ""size"": [0.9857819999999999, 1.0, 0.185977]}"
Quadruped,m279_unified.obj,1061,2096,3,"{""min"": [-0.407822, -0.499514, -0.100172], ""max"": [0.564858, 0.500486, 0.139001], ""size"": [0.97268, 1.0, 0.23917300000000002]}"
Quadruped,m280_unified.obj,2894,5504,3,"{""min"": [-0.415365, -0.382104, -0.113881], ""max"": [0.584635, 0.390457, 0.11747], ""size"": [1.0, 0.772561, 0.231351]}"
Quadruped,m281_unified.obj,2502,5000,3,"{""min"": [-0.480189, -0.394997, -0.072466], ""max"": [0.519811, 0.397191, 0.161566], ""size"": [1.0, 0.792188, 0.234032]}"
Quadruped,m282_unified.obj,1848,3579,3,"{""min"": [-0.400034, -0.500937, -0.181565], ""max"": [0.554024, 0.499063, 0.259669], ""size"": [0.954058, 1.0, 0.441234]}"
Quadruped,m86_unified.obj,586,960,3,"{""min"": [-0.47862, -0.377541, -0.104196], ""max"": [0.52138, 0.602376, 0.105473], ""size"": [1.0, 0.979917, 0.209669]}"
Quadruped,m87_unified.obj,2712,5319,3,"{""min"": [-0.395504, -0.439745, -0.121502], ""max"": [0.604496, 0.503641, 0.140789], ""size"": [1.0, 0.9433860000000001, 0.262291]}"
Quadruped,m88_unified.obj,1618,3220,3,"{""min"": [-0.367958, -0.454272, -0.125438], ""max"": [0.632042, 0.342661, 0.125438], ""size"": [1.0, 0.796933, 0.250876]}"
Quadruped,m89_unified.obj,2500,4998,3,"{""min"": [-0.470231, -0.36075, -0.146791], ""max"": [0.529769, 0.334697, 0.151442], ""size"": [1.0, 0.695447, 0.29823299999999997]}"
Quadruped,m90_unified.obj,1783,3524,3,"{""min"": [-0.502552, -0.294119, -0.234943], ""max"": [0.497448, 0.439654, 0.23833], ""size"": [1.0, 0.733773, 0.473273]}"
Quadruped,m91_unified.obj,1614,3167,3,"{""min"": [-0.524676, -0.48871, -0.147351], ""max"": [0.475324, 0.315407, 0.147354], ""size"": [1.0, 0.804117, 0.294705]}"
Quadruped,m92_unified.obj,1971,3886,3,"{""min"": [-0.517078, -0.390882, -0.137597], ""max"": [0.482922, 0.322513, 0.137914], ""size"": [1.0, 0.713395, 0.275511]}"
Quadruped,m93_unified.obj,974,1856,3,"{""min"": [-0.463009, -0.312372, -0.131729], ""max"": [0.536991, 0.353361, 0.139481], ""size"": [1.0, 0.6657329999999999, 0.27121]}"
Quadruped,m94_unified.obj,2655,4999,3,"{""min"": [-0.419477, -0.419808, -0.110678], ""max"": [0.580523, 0.254771, 0.11124], ""size"": [1.0, 0.674579, 0.221918]}"
Quadruped,m95_unified.obj,3818,7632,3,"{""min"": [-0.432042, -0.250978, -0.118091], ""max"": [0.567958, 0.224978, 0.118103], ""size"": [1.0, 0.475956, 0.23619400000000002]}"
Quadruped,m96_unified.obj,2589,4999,3,"{""min"": [-0.418851, -0.273221, -0.123718], ""max"": [0.581149, 0.299676, 0.12377], ""size"": [1.0, 0.572897, 0.24748799999999999]}"
Quadruped,m97_unified.obj,2549,4999,3,"{""min"": [-0.436232, -0.283689, -0.127029], ""max"": [0.563768, 0.314077, 0.127448], ""size"": [1.0, 0.597766, 0.254477]}"
Quadruped,m98_unified.obj,2561,4999,3,"{""min"": [-0.42562, -0.278406, -0.126993], ""max"": [0.57438, 0.293729, 0.126811], ""size"": [1.0, 0.5721350000000001, 0.25380400000000003]}"
Quadruped,m99_unified.obj,1450,2886,3,"{""min"": [-0.506754, -0.26688, -0.166104], ""max"": [0.493246, 0.282351, 0.161986], ""size"": [1.0, 0.549231, 0.32809]}"
RectangleTable,D00134_unified.obj,827,1650,3,"{""min"": [-0.487744, -0.295067, -0.060156], ""max"": [0.512256, 0.290431, 0.402516], ""size"": [1.0, 0.5854980000000001, 0.46267199999999997]}"
RectangleTable,D00187_unified.obj,2136,3522,3,"{""min"": [-0.500128, -0.307926, -0.272435], ""max"": [0.499872, 0.569474, 0.299202], ""size"": [1.0, 0.8774, 0.571637]}"
RectangleTable,D00188_unified.obj,260,480,3,"{""min"": [-0.499999, -0.233333, -0.110001], ""max"": [0.500001, 0.233348, 0.21], ""size"": [1.0, 0.466681, 0.320001]}"
RectangleTable,D00230_unified.obj,2689,4812,3,"{""min"": [-0.496565, -0.497869, -0.198824], ""max"": [0.500173, 0.502131, 0.422923], ""size"": [0.9967379999999999, 1.0, 0.621747]}"
RectangleTable,D00243_unified.obj,3319,6497,3,"{""min"": [-0.501084, -0.057706, -0.172253], ""max"": [0.498916, 0.380968, 0.421442], ""size"": [1.0, 0.43867399999999995, 0.593695]}"
RectangleTable,D00295_unified.obj,730,1440,3,"{""min"": [-0.511028, -0.382166, -0.381509], ""max"": [0.488972, 0.398121, 0.387934], ""size"": [1.0, 0.780287, 0.769443]}"
RectangleTable,D00302_unified.obj,450,821,3,"{""min"": [-0.48595, -0.254919, -0.194856], ""max"": [0.51405, 0.255145, 0.313807], ""size"": [1.0, 0.5100640000000001, 0.508663]}"
RectangleTable,D00317_unified.obj,1042,1324,3,"{""min"": [-0.502517, -0.498925, -0.01405], ""max"": [0.496634, 0.501075, 0.330519], ""size"": [0.999151, 1.0, 0.344569]}"
RectangleTable,D00418_unified.obj,1847,1836,3,"{""min"": [-0.499214, -0.485773, -0.025014], ""max"": [0.500786, 0.514212, 0.346755], ""size"": [1.0, 0.999985, 0.37176899999999996]}"
RectangleTable,D00421_unified.obj,344,664,3,"{""min"": [-0.494955, -0.197179, -0.116726], ""max"": [0.505045, 0.2007, 0.149777], ""size"": [1.0, 0.397879, 0.266503]}"
RectangleTable,D00505_unified.obj,690,1336,3,"{""min"": [-0.497684, -0.280459, -0.073768], ""max"": [0.502316, 0.283234, 0.195808], ""size"": [1.0, 0.563693, 0.26957600000000004]}"
RectangleTable,D00523_unified.obj,2390,4864,3,"{""min"": [-0.499272, -0.485791, -0.081763], ""max"": [0.500728, 0.485589, 0.164859], ""size"": [1.0, 0.9713799999999999, 0.246622]}"
RectangleTable,D00530_unified.obj,686,1344,3,"{""min"": [-0.499986, -0.50021, -0.472804], ""max"": [0.499977, 0.49979, 0.469083], ""size"": [0.9999629999999999, 1.0, 0.941887]}"
RectangleTable,D00571_unified.obj,4863,9630,3,"{""min"": [-0.391955, -0.412397, -0.419657], ""max"": [0.506036, 0.380366, 0.580343], ""size"": [0.897991, 0.792763, 1.0]}"
RectangleTable,D00603_unified.obj,2782,5000,3,"{""min"": [-0.499286, -0.257044, -0.212273], ""max"": [0.500714, 0.257739, 0.267722], ""size"": [1.0, 0.514783, 0.479995]}"
RectangleTable,D00678_unified.obj,1768,3415,3,"{""min"": [-0.498012, -0.246754, -0.409796], ""max"": [0.501988, 0.584865, 0.364002], ""size"": [1.0, 0.831619, 0.773798]}"
RectangleTable,D00714_unified.obj,1952,3840,3,"{""min"": [-0.520886, -0.225694, -0.119353], ""max"": [0.479114, 0.227648, 0.214197], ""size"": [1.0, 0.453342, 0.33355]}"
RectangleTable,D00766_unified.obj,2281,3197,3,"{""min"": [-0.499978, -0.499412, -0.003549], ""max"": [0.500022, 0.488603, 0.345162], ""size"": [1.0, 0.9880150000000001, 0.34871100000000005]}"
RectangleTable,D00944_unified.obj,4010,7984,3,"{""min"": [-0.498191, -0.499136, -0.212333], ""max"": [0.501809, 0.496575, 0.530194], ""size"": [1.0, 0.995711, 0.742527]}"
RectangleTable,D00954_unified.obj,2285,4208,3,"{""min"": [-0.398653, -0.358663, -0.328965], ""max"": [0.535554, 0.641337, 0.392685], ""size"": [0.934207, 1.0, 0.72165]}"
RectangleTable,m763_unified.obj,357,544,3,"{""min"": [-0.483164, -0.448393, -0.276728], ""max"": [0.516836, 0.540633, 0.37356], ""size"": [1.0, 0.989026, 0.650288]}"
RectangleTable,m764_unified.obj,269,482,3,"{""min"": [-0.283684, -0.512485, -0.352226], ""max"": [0.393155, 0.487515, 0.374025], ""size"": [0.676839, 1.0, 0.726251]}"
RectangleTable,m765_unified.obj,3735,6896,3,"{""min"": [-0.49954, -0.368505, -0.283061], ""max"": [0.50046, 0.389007, 0.398973], ""size"": [1.0, 0.757512, 0.682034]}"
RectangleTable,m870_unified.obj,186,368,3,"{""min"": [-0.500001, -0.287415, -0.162303], ""max"": [0.499999, 0.287414, 0.275123], ""size"": [1.0, 0.574829, 0.437426]}"
RectangleTable,m871_unified.obj,247,463,3,"{""min"": [-0.358882, -0.416911, -0.259365], ""max"": [0.641118, 0.460356, 0.25285], ""size"": [1.0, 0.877267, 0.5122150000000001]}"
RectangleTable,m872_unified.obj,2229,4413,3,"{""min"": [-0.499596, -0.224674, -0.119688], ""max"": [0.500404, 0.223592, 0.243799], ""size"": [1.0, 0.44826600000000005, 0.363487]}"
RectangleTable,m873_unified.obj,2531,4808,3,"{""min"": [-0.205773, -0.325561, -0.227205], ""max"": [0.794227, 0.325593, 0.526001], ""size"": [1.0, 0.651154, 0.753206]}"
RectangleTable,m874_unified.obj,228,352,3,"{""min"": [-0.499885, -0.214407, -0.134326], ""max"": [0.500115, 0.214407, 0.213936], ""size"": [1.0, 0.428814, 0.34826199999999996]}"
RectangleTable,m875_unified.obj,1780,2976,3,"{""min"": [-0.500043, -0.190662, -0.111631], ""max"": [0.499957, 0.189526, 0.140954], ""size"": [1.0, 0.38018799999999997, 0.252585]}"
RectangleTable,m876_unified.obj,138,208,3,"{""min"": [-0.5, -0.499996, -0.396813], ""max"": [0.5, 0.5, 0.276123], ""size"": [1.0, 0.999996, 0.672936]}"
RectangleTable,m877_unified.obj,182,336,3,"{""min"": [-0.495803, -0.498403, -0.094485], ""max"": [0.504197, 0.501582, 0.158028], ""size"": [1.0, 0.9999849999999999, 0.252513]}"
RectangleTable,m878_unified.obj,1173,2136,3,"{""min"": [-0.385852, -0.469851, -0.464195], ""max"": [0.614148, 0.448386, 0.448464], ""size"": [1.0, 0.918237, 0.912659]}"
RectangleTable,m879_unified.obj,1094,2160,3,"{""min"": [-0.5, -0.250036, -0.160783], ""max"": [0.5, 0.250009, 0.214236], ""size"": [1.0, 0.500045, 0.375019]}"
RectangleTable,m881_unified.obj,195,344,3,"{""min"": [-0.499919, -0.234344, -0.166912], ""max"": [0.500081, 0.432559, 0.166912], ""size"": [1.0, 0.666903, 0.333824]}"
RectangleTable,m882_unified.obj,2254,4288,3,"{""min"": [-0.501279, -0.413127, -0.109226], ""max"": [0.498721, 0.420374, 0.420863], ""size"": [1.0, 0.833501, 0.530089]}"
RectangleTable,m883_unified.obj,354,688,3,"{""min"": [-0.5, -0.5, -0.54661], ""max"": [0.5, 0.5, 0.45339], ""size"": [1.0, 1.0, 1.0]}"
RectangleTable,m886_unified.obj,3389,6686,3,"{""min"": [-0.499556, -0.359463, -0.125419], ""max"": [0.500444, 0.36345, 0.339156], ""size"": [1.0, 0.7229129999999999, 0.464575]}"
RectangleTable,m887_unified.obj,1264,2464,3,"{""min"": [-0.499966, -0.250426, -0.158687], ""max"": [0.500034, 0.451577, 0.175028], ""size"": [1.0, 0.7020029999999999, 0.333715]}"
RectangleTable,m888_unified.obj,126,240,3,"{""min"": [-0.5, -0.262401, -0.25], ""max"": [0.5, 0.300099, 0.25], ""size"": [1.0, 0.5625, 0.5]}"
RectangleTable,m889_unified.obj,1974,3944,3,"{""min"": [-0.401718, -0.259523, -0.087761], ""max"": [0.598282, 0.347023, 0.52093], ""size"": [1.0, 0.606546, 0.608691]}"
RectangleTable,m890_unified.obj,1978,3912,3,"{""min"": [-0.506118, -0.281891, -0.326163], ""max"": [0.493882, 0.321876, 0.334991], ""size"": [1.0, 0.6037669999999999, 0.661154]}"
RectangleTable,m891_unified.obj,730,1440,3,"{""min"": [-0.503776, -0.290546, -0.175422], ""max"": [0.496224, 0.288766, 0.171492], ""size"": [1.0, 0.579312, 0.346914]}"
RectangleTable,m892_unified.obj,588,870,3,"{""min"": [-0.495518, -0.281286, -0.162913], ""max"": [0.504482, 0.279988, 0.154261], ""size"": [1.0, 0.561274, 0.317174]}"
RectangleTable,m893_unified.obj,650,1168,3,"{""min"": [-0.499407, -0.274575, -0.287487], ""max"": [0.500593, 0.66385, 0.287543], ""size"": [1.0, 0.9384250000000001, 0.5750299999999999]}"
RectangleTable,m894_unified.obj,254,400,3,"{""min"": [-0.498306, -0.498873, -0.087818], ""max"": [0.501694, 0.501116, 0.215283], ""size"": [1.0, 0.999989, 0.303101]}"
RectangleTable,m895_unified.obj,254,400,3,"{""min"": [-0.497912, -0.312769, -0.092069], ""max"": [0.502088, 0.312491, 0.225899], ""size"": [1.0, 0.62526, 0.317968]}"
RectangleTable,m896_unified.obj,432,640,3,"{""min"": [-0.437572, -0.363359, -0.437522], ""max"": [0.437522, 0.636641, 0.43757], ""size"": [0.875094, 1.0, 0.875092]}"
RectangleTable,m897_unified.obj,388,608,3,"{""min"": [-0.499995, -0.236667, -0.124998], ""max"": [0.500005, 0.386779, 0.12501], ""size"": [1.0, 0.623446, 0.250008]}"
RectangleTable,m898_unified.obj,922,1392,3,"{""min"": [-0.500005, -0.250258, -0.127829], ""max"": [0.499995, 0.249751, 0.246971], ""size"": [1.0, 0.5000089999999999, 0.3748]}"
RectangleTable,m901_unified.obj,730,1440,3,"{""min"": [-0.511028, -0.382167, -0.381509], ""max"": [0.488972, 0.398121, 0.387934], ""size"": [1.0, 0.780288, 0.769443]}"
RectangleTable,m902_unified.obj,756,1488,3,"{""min"": [-0.502481, -0.298274, -0.216742], ""max"": [0.497519, 0.310317, 0.217244], ""size"": [1.0, 0.608591, 0.433986]}"
RectangleTable,m904_unified.obj,388,608,3,"{""min"": [-0.379604, -0.200573, -0.200583], ""max"": [0.620396, 0.200613, 0.200602], ""size"": [1.0, 0.40118600000000004, 0.401185]}"
RectangleTable,m905_unified.obj,167,264,3,"{""min"": [-0.494029, -0.5068, -0.200453], ""max"": [0.494029, 0.4932, 0.422924], ""size"": [0.988058, 1.0, 0.6233770000000001]}"
RectangleTable,m906_unified.obj,646,1248,3,"{""min"": [-0.394938, -0.461457, -0.129456], ""max"": [0.605062, 0.297156, 0.173566], ""size"": [1.0, 0.758613, 0.303022]}"
RectangleTable,m907_unified.obj,527,856,3,"{""min"": [-0.516876, -0.28879, -0.302662], ""max"": [0.483124, 0.303609, 0.270086], ""size"": [1.0, 0.592399, 0.572748]}"
RectangleTable,m908_unified.obj,922,1392,3,"{""min"": [-0.500005, -0.250258, -0.127829], ""max"": [0.499995, 0.249751, 0.246971], ""size"": [1.0, 0.5000089999999999, 0.3748]}"
RectangleTable,m910_unified.obj,1306,2100,3,"{""min"": [-0.479797, -0.512358, -0.028015], ""max"": [0.520203, 0.452832, 0.423634], ""size"": [1.0, 0.96519, 0.451649]}"
RectangleTable,m912_unified.obj,126,240,3,"{""min"": [-0.5, -0.25, -0.230556], ""max"": [0.5, 0.25, 0.269444], ""size"": [1.0, 0.5, 0.5]}"
RectangleTable,m913_unified.obj,386,752,3,"{""min"": [-0.490339, -0.31735, -0.346973], ""max"": [0.509661, 0.60799, 0.347913], ""size"": [1.0, 0.92534, 0.6948859999999999]}"
RectangleTable,m914_unified.obj,2010,3784,3,"{""min"": [-0.501196, -0.183174, -0.089026], ""max"": [0.498804, 0.191088, 0.189139], ""size"": [1.0, 0.374262, 0.278165]}"
RectangleTable,m915_unified.obj,130,240,3,"{""min"": [-0.5, -0.268751, -0.25], ""max"": [0.5, 0.375, 0.25], ""size"": [1.0, 0.643751, 0.5]}"
RectangleTable,m917_unified.obj,354,688,3,"{""min"": [-0.5, -0.333333, -0.196422], ""max"": [0.5, 0.333333, 0.203578], ""size"": [1.0, 0.666666, 0.4]}"
RectangleTable,m919_unified.obj,263,492,3,"{""min"": [-0.496088, -0.488422, -0.230637], ""max"": [0.503912, 0.484882, 0.657665], ""size"": [1.0, 0.973304, 0.888302]}"
RectangleTable,m920_unified.obj,1642,2944,3,"{""min"": [-0.49904, -0.494199, -0.083984], ""max"": [0.500913, 0.505801, 0.477023], ""size"": [0.9999530000000001, 1.0, 0.561007]}"
Rocket,D00015_unified.obj,322,624,3,"{""min"": [-0.417118, -0.155696, -0.155624], ""max"": [0.582882, 0.15583, 0.155903], ""size"": [1.0, 0.31152599999999997, 0.311527]}"
Rocket,D00343_unified.obj,4077,8032,3,"{""min"": [-0.28721, -0.087836, -0.088517], ""max"": [0.71279, 0.089259, 0.088518], ""size"": [1.0, 0.177095, 0.177035]}"
Rocket,D00346_unified.obj,1508,2904,3,"{""min"": [-0.17349, -0.108681, -0.109561], ""max"": [0.82651, 0.109357, 0.109218], ""size"": [1.0, 0.218038, 0.218779]}"
Rocket,D00354_unified.obj,2555,4999,3,"{""min"": [-0.467002, -0.176461, -0.162009], ""max"": [0.532998, 0.194945, 0.162091], ""size"": [1.0, 0.371406, 0.3241]}"
Rocket,D00426_unified.obj,124,224,3,"{""min"": [-0.561359, -0.093084, -0.059967], ""max"": [0.438641, 0.093459, 0.0606], ""size"": [1.0, 0.18654300000000001, 0.12056700000000001]}"
Rocket,D00428_unified.obj,4102,8192,3,"{""min"": [-0.470543, -0.082347, -0.070015], ""max"": [0.529457, 0.083385, 0.104599], ""size"": [1.0, 0.165732, 0.174614]}"
Rocket,D00433_unified.obj,626,1216,3,"{""min"": [-0.45828, -0.145881, -0.148396], ""max"": [0.54172, 0.144872, 0.143033], ""size"": [1.0, 0.29075300000000004, 0.291429]}"
Rocket,D00437_unified.obj,1743,3259,3,"{""min"": [-0.451041, -0.054275, -0.073243], ""max"": [0.548959, 0.137779, 0.07207], ""size"": [1.0, 0.192054, 0.145313]}"
Rocket,D00472_unified.obj,234,432,3,"{""min"": [-0.349089, -0.094352, -0.094353], ""max"": [0.650911, 0.094353, 0.094353], ""size"": [1.0, 0.188705, 0.188706]}"
Rocket,D00485_unified.obj,2060,4064,3,"{""min"": [-0.316268, -0.132226, -0.131517], ""max"": [0.683732, 0.131116, 0.131818], ""size"": [1.0, 0.263342, 0.263335]}"
Rocket,D00528_unified.obj,792,1568,3,"{""min"": [-0.460477, -0.128138, -0.126294], ""max"": [0.539523, 0.128445, 0.13028], ""size"": [1.0, 0.256583, 0.25657399999999997]}"
Rocket,D00564_unified.obj,2663,5000,3,"{""min"": [-0.237814, -0.096282, -0.090921], ""max"": [0.762186, 0.09646, 0.113975], ""size"": [1.0, 0.19274200000000002, 0.20489600000000002]}"
Rocket,D00585_unified.obj,3468,6912,3,"{""min"": [-0.413234, -0.165226, -0.160511], ""max"": [0.586766, 0.164025, 0.16218], ""size"": [1.0, 0.329251, 0.32269099999999995]}"
Rocket,D00614_unified.obj,534,896,3,"{""min"": [-0.394681, -0.081293, -0.085338], ""max"": [0.605319, 0.086938, 0.085676], ""size"": [1.0, 0.16823100000000002, 0.171014]}"
Rocket,D00697_unified.obj,862,1720,3,"{""min"": [-0.53278, -0.162582, -0.162416], ""max"": [0.46722, 0.162582, 0.162757], ""size"": [1.0, 0.325164, 0.32517300000000005]}"
Rocket,D00719_unified.obj,2506,5000,3,"{""min"": [-0.319057, -0.079501, -0.079457], ""max"": [0.680943, 0.082799, 0.082688], ""size"": [1.0, 0.1623, 0.16214499999999998]}"
Rocket,D00764_unified.obj,818,1600,3,"{""min"": [-0.245069, -0.065605, -0.065605], ""max"": [0.754931, 0.065609, 0.065605], ""size"": [1.0, 0.131214, 0.13121]}"
Rocket,D00851_unified.obj,4102,8192,3,"{""min"": [-0.470543, -0.082347, -0.070015], ""max"": [0.529457, 0.083385, 0.104598], ""size"": [1.0, 0.165732, 0.174613]}"
Rocket,D00942_unified.obj,738,1472,3,"{""min"": [-0.515548, -0.114184, -0.114184], ""max"": [0.484452, 0.114184, 0.114184], ""size"": [1.0, 0.228368, 0.228368]}"
Rocket,D00975_unified.obj,2584,4969,3,"{""min"": [-0.458423, -0.126835, -0.083706], ""max"": [0.541577, 0.126937, 0.159377], ""size"": [1.0, 0.253772, 0.243083]}"
RoundTable,D00083_unified.obj,4116,8160,3,"{""min"": [-0.304524, -0.498477, -0.499356], ""max"": [0.557334, 0.501523, 0.500549], ""size"": [0.861858, 1.0, 0.999905]}"
RoundTable,D00094_unified.obj,2513,4999,3,"{""min"": [-0.366087, -0.49782, -0.500165], ""max"": [0.3613, 0.501405, 0.499835], ""size"": [0.727387, 0.999225, 1.0]}"
RoundTable,D00107_unified.obj,1166,1780,3,"{""min"": [-0.424284, -0.494555, -0.51767], ""max"": [0.410908, 0.505445, 0.48157], ""size"": [0.8351919999999999, 1.0, 0.9992399999999999]}"
RoundTable,D00194_unified.obj,1269,2192,3,"{""min"": [-0.25444, -0.507484, -0.520136], ""max"": [0.357256, 0.492516, 0.475749], ""size"": [0.611696, 1.0, 0.995885]}"
RoundTable,D00344_unified.obj,490,944,3,"{""min"": [-0.509294, -0.504398, -0.081774], ""max"": [0.490706, 0.494719, 0.450849], ""size"": [1.0, 0.999117, 0.532623]}"
RoundTable,D00401_unified.obj,1278,2204,3,"{""min"": [-0.495231, -0.500388, -0.211604], ""max"": [0.504769, 0.499161, 0.438438], ""size"": [1.0, 0.999549, 0.650042]}"
RoundTable,D00407_unified.obj,729,1166,3,"{""min"": [-0.494443, -0.506315, -0.155238], ""max"": [0.505454, 0.493685, 0.198626], ""size"": [0.999897, 1.0, 0.35386399999999996]}"
RoundTable,D00492_unified.obj,2510,5000,3,"{""min"": [-0.501711, -0.381757, -0.14475], ""max"": [0.498289, 0.381933, 0.267325], ""size"": [1.0, 0.76369, 0.41207499999999997]}"
RoundTable,D00501_unified.obj,2946,5872,3,"{""min"": [-0.499716, -0.499208, -0.050682], ""max"": [0.500251, 0.500792, 0.395827], ""size"": [0.999967, 1.0, 0.446509]}"
RoundTable,D00503_unified.obj,1706,3316,3,"{""min"": [-0.271474, -0.357168, -0.357312], ""max"": [0.728526, 0.357481, 0.357317], ""size"": [1.0, 0.714649, 0.714629]}"
RoundTable,D00524_unified.obj,4534,9048,3,"{""min"": [-0.499431, -0.499301, -0.206662], ""max"": [0.500247, 0.500699, 0.592962], ""size"": [0.9996780000000001, 1.0, 0.799624]}"
RoundTable,D00581_unified.obj,3031,5942,3,"{""min"": [-0.48472, -0.482549, -0.24256], ""max"": [0.51528, 0.516584, 0.298951], ""size"": [1.0, 0.999133, 0.5415110000000001]}"
RoundTable,D00646_unified.obj,1921,3600,3,"{""min"": [-0.500001, -0.5, -0.161597], ""max"": [0.499999, 0.5, 0.305435], ""size"": [1.0, 1.0, 0.467032]}"
RoundTable,D00649_unified.obj,2136,4256,3,"{""min"": [-0.5, -0.5, -0.021703], ""max"": [0.5, 0.5, 0.514256], ""size"": [1.0, 1.0, 0.5359590000000001]}"
RoundTable,D00702_unified.obj,2517,5000,3,"{""min"": [-0.396237, -0.460284, -0.484467], ""max"": [0.354772, 0.495998, 0.515533], ""size"": [0.751009, 0.9562820000000001, 1.0]}"
RoundTable,D00756_unified.obj,3306,6608,3,"{""min"": [-0.376995, -0.311737, -0.311739], ""max"": [0.623005, 0.311743, 0.31174], ""size"": [1.0, 0.62348, 0.623479]}"
RoundTable,D00827_unified.obj,1732,3436,3,"{""min"": [-0.319281, -0.500083, -0.499631], ""max"": [0.370019, 0.499917, 0.500184], ""size"": [0.6893, 1.0, 0.9998149999999999]}"
RoundTable,D00866_unified.obj,1141,2248,3,"{""min"": [-0.444759, -0.578011, -0.499445], ""max"": [0.523414, 0.413705, 0.500555], ""size"": [0.9681730000000001, 0.991716, 1.0]}"
RoundTable,D00909_unified.obj,4696,9320,3,"{""min"": [-0.41437, -0.498338, -0.498807], ""max"": [0.514779, 0.501657, 0.501193], ""size"": [0.929149, 0.999995, 1.0]}"
RoundTable,D00948_unified.obj,1740,3464,3,"{""min"": [-0.430249, -0.408813, -0.408813], ""max"": [0.569751, 0.408813, 0.408813], ""size"": [1.0, 0.817626, 0.817626]}"
RoundTable,m921_unified.obj,1921,3600,3,"{""min"": [-0.500001, -0.5, -0.161597], ""max"": [0.499999, 0.5, 0.305435], ""size"": [1.0, 1.0, 0.467032]}"
RoundTable,m922_unified.obj,186,352,3,"{""min"": [-0.475528, -0.5, -0.177285], ""max"": [0.475528, 0.5, 0.360215], ""size"": [0.951056, 1.0, 0.5375]}"
RoundTable,m923_unified.obj,750,1464,3,"{""min"": [-0.499487, -0.499142, -0.054615], ""max"": [0.500513, 0.50047, 0.473554], ""size"": [1.0, 0.999612, 0.528169]}"
RoundTable,m924_unified.obj,729,1048,3,"{""min"": [-0.505454, -0.506316, -0.155238], ""max"": [0.494446, 0.493684, 0.198626], ""size"": [0.9999, 1.0, 0.35386399999999996]}"
RoundTable,m925_unified.obj,730,1055,3,"{""min"": [-0.47667, -0.343789, -0.460069], ""max"": [0.52333, 0.530301, 0.390399], ""size"": [1.0, 0.87409, 0.850468]}"
RoundTable,m926_unified.obj,734,1032,3,"{""min"": [-0.330643, -0.503855, -0.527846], ""max"": [0.521031, 0.496145, 0.471675], ""size"": [0.851674, 1.0, 0.9995210000000001]}"
RoundTable,m927_unified.obj,750,1464,3,"{""min"": [-0.499496, -0.500116, -0.045555], ""max"": [0.500504, 0.499715, 0.301972], ""size"": [1.0, 0.999831, 0.34752700000000003]}"
RoundTable,m928_unified.obj,1651,2956,3,"{""min"": [-0.362539, -0.498441, -0.554651], ""max"": [0.532235, 0.501559, 0.443503], ""size"": [0.894774, 1.0, 0.998154]}"
RoundTable,m929_unified.obj,1553,2660,3,"{""min"": [-0.221263, -0.524386, -0.499952], ""max"": [0.388187, 0.475132, 0.500048], ""size"": [0.60945, 0.999518, 1.0]}"
RoundTable,m930_unified.obj,1968,3912,3,"{""min"": [-0.430545, -0.325474, -0.32065], ""max"": [0.569455, 0.323367, 0.328102], ""size"": [1.0, 0.648841, 0.648752]}"
RoundTable,m931_unified.obj,186,352,3,"{""min"": [-0.317266, -0.413793, -0.39354], ""max"": [0.682734, 0.413793, 0.393541], ""size"": [1.0, 0.827586, 0.7870809999999999]}"
RoundTable,m932_unified.obj,2520,4999,3,"{""min"": [-0.394924, -0.485083, -0.47683], ""max"": [0.355459, 0.514917, 0.508777], ""size"": [0.750383, 1.0, 0.985607]}"
RoundTable,m933_unified.obj,205,400,3,"{""min"": [-0.228659, -0.475528, -0.5], ""max"": [0.333841, 0.475528, 0.5], ""size"": [0.5625, 0.951056, 1.0]}"
RoundTable,m934_unified.obj,562,1104,3,"{""min"": [-0.546786, -0.400749, -0.315327], ""max"": [0.453214, 0.400884, 0.582143], ""size"": [1.0, 0.801633, 0.89747]}"
RoundTable,m935_unified.obj,465,940,3,"{""min"": [-0.505031, -0.4839, -0.48836], ""max"": [0.494969, 0.482192, 0.478013], ""size"": [1.0, 0.966092, 0.966373]}"
RoundTable,m937_unified.obj,282,560,3,"{""min"": [-0.319786, -0.499341, -0.507665], ""max"": [0.425903, 0.499386, 0.492335], ""size"": [0.745689, 0.9987269999999999, 1.0]}"
RoundTable,m938_unified.obj,1671,3299,3,"{""min"": [-0.280918, -0.441669, -0.443521], ""max"": [0.719082, 0.446394, 0.446181], ""size"": [1.0, 0.888063, 0.889702]}"
Shelf,D00057_unified.obj,2732,5000,3,"{""min"": [-0.492347, -0.365701, -0.121119], ""max"": [0.507653, 0.322578, 0.14145], ""size"": [1.0, 0.688279, 0.262569]}"
Shelf,D00074_unified.obj,3852,7488,3,"{""min"": [-0.35933, -0.358376, -0.054624], ""max"": [0.64067, 0.360633, 0.216636], ""size"": [1.0, 0.719009, 0.27126]}"
Shelf,D00129_unified.obj,1448,2736,3,"{""min"": [-0.384932, -0.432701, -0.141318], ""max"": [0.502023, 0.567299, 0.215519], ""size"": [0.8869549999999999, 1.0, 0.35683699999999996]}"
Shelf,D00171_unified.obj,1404,2634,3,"{""min"": [-0.370253, -0.132717, -0.052676], ""max"": [0.629747, 0.372593, 0.183988], ""size"": [1.0, 0.50531, 0.236664]}"
Shelf,D00198_unified.obj,4210,8146,3,"{""min"": [-0.497169, -0.367934, -0.08295], ""max"": [0.502831, 0.527974, 0.225206], ""size"": [1.0, 0.895908, 0.308156]}"
Shelf,D00242_unified.obj,1874,3522,3,"{""min"": [-0.476544, -0.381681, -0.02253], ""max"": [0.476543, 0.618319, 0.347483], ""size"": [0.953087, 1.0, 0.370013]}"
Shelf,D00337_unified.obj,1397,2545,3,"{""min"": [-0.345483, -0.454114, -0.044652], ""max"": [0.59377, 0.545886, 0.205998], ""size"": [0.939253, 1.0, 0.25065]}"
Shelf,D00352_unified.obj,510,1016,3,"{""min"": [-0.478711, -0.263291, -0.100754], ""max"": [0.521289, 0.385964, 0.129468], ""size"": [1.0, 0.6492549999999999, 0.23022199999999998]}"
Shelf,D00468_unified.obj,3388,6636,3,"{""min"": [-0.300179, -0.456046, -0.073133], ""max"": [0.699821, 0.526269, 0.263158], ""size"": [1.0, 0.982315, 0.336291]}"
Shelf,D00592_unified.obj,230,424,3,"{""min"": [-0.499003, -0.499227, -0.126265], ""max"": [0.500997, 0.48728, 0.125835], ""size"": [1.0, 0.986507, 0.2521]}"
Shelf,D00631_unified.obj,2588,4968,3,"{""min"": [-0.492361, -0.322248, -0.039593], ""max"": [0.507639, 0.481836, 0.120294], ""size"": [1.0, 0.804084, 0.159887]}"
Shelf,D00691_unified.obj,4684,5004,3,"{""min"": [-0.503124, -0.250192, -0.052934], ""max"": [0.496876, 0.29593, 0.094356], ""size"": [1.0, 0.546122, 0.14729]}"
Shelf,D00725_unified.obj,2544,5000,3,"{""min"": [-0.35117, -0.401949, -0.194938], ""max"": [0.64883, 0.426132, 0.213168], ""size"": [1.0, 0.8280810000000001, 0.40810599999999997]}"
Shelf,D00772_unified.obj,654,1204,3,"{""min"": [-0.498032, -0.433696, -0.086937], ""max"": [0.501968, 0.460146, 0.098288], ""size"": [1.0, 0.893842, 0.185225]}"
Shelf,D00781_unified.obj,2700,4988,3,"{""min"": [-0.457137, -0.384973, -0.260434], ""max"": [0.542863, 0.603194, 0.317885], ""size"": [1.0, 0.988167, 0.578319]}"
Shelf,D00818_unified.obj,4631,9142,3,"{""min"": [-0.234015, -0.410303, -0.112349], ""max"": [0.765985, 0.411297, 0.20108], ""size"": [1.0, 0.8216, 0.313429]}"
Shelf,D00881_unified.obj,851,1532,3,"{""min"": [-0.503919, -0.179666, -0.083003], ""max"": [0.496081, 0.621705, 0.091485], ""size"": [1.0, 0.8013709999999999, 0.17448799999999998]}"
Shelf,D00887_unified.obj,882,1584,3,"{""min"": [-0.502557, -0.139744, -0.070403], ""max"": [0.497443, 0.387486, 0.078283], ""size"": [1.0, 0.52723, 0.14868599999999998]}"
Shelf,D00917_unified.obj,2084,4162,3,"{""min"": [-0.3548, -0.232456, -0.044565], ""max"": [0.6452, 0.250029, 0.236365], ""size"": [1.0, 0.482485, 0.28093]}"
Shelf,D00956_unified.obj,379,662,3,"{""min"": [-0.466475, -0.344918, -0.105151], ""max"": [0.533525, 0.351295, 0.136417], ""size"": [1.0, 0.696213, 0.241568]}"
Shelf,m844_unified.obj,674,1260,3,"{""min"": [-0.500447, -0.411503, -0.102706], ""max"": [0.499553, 0.432888, 0.087308], ""size"": [1.0, 0.844391, 0.19001400000000002]}"
Shelf,m845_unified.obj,200,336,3,"{""min"": [-0.475219, -0.397912, -0.149421], ""max"": [0.524781, 0.398307, 0.123664], ""size"": [1.0, 0.796219, 0.273085]}"
Shelf,m846_unified.obj,4248,8388,3,"{""min"": [-0.41028, -0.274772, -0.031268], ""max"": [0.58972, 0.402942, 0.218263], ""size"": [1.0, 0.677714, 0.249531]}"
Shelf,m847_unified.obj,523,952,3,"{""min"": [-0.470165, -0.331433, -0.104542], ""max"": [0.529835, 0.338765, 0.106925], ""size"": [1.0, 0.670198, 0.21146700000000002]}"
Shelf,m849_unified.obj,415,760,3,"{""min"": [-0.499084, -0.333842, -0.081332], ""max"": [0.500916, 0.337739, 0.083399], ""size"": [1.0, 0.671581, 0.16473100000000002]}"
Shelf,m850_unified.obj,626,1168,3,"{""min"": [-0.500479, -0.387651, -0.094601], ""max"": [0.499521, 0.411076, 0.088923], ""size"": [1.0, 0.798727, 0.18352400000000002]}"
Shelf,m851_unified.obj,241,460,3,"{""min"": [-0.426034, -0.426849, -0.123851], ""max"": [0.573966, 0.426849, 0.161098], ""size"": [1.0, 0.853698, 0.284949]}"
Shelf,m852_unified.obj,422,816,3,"{""min"": [-0.466603, -0.402968, -0.103678], ""max"": [0.533397, 0.402966, 0.165522], ""size"": [1.0, 0.8059339999999999, 0.2692]}"
Shelf,m853_unified.obj,416,808,3,"{""min"": [-0.383847, -0.463932, -0.082938], ""max"": [0.383847, 0.536068, 0.119661], ""size"": [0.767694, 1.0, 0.202599]}"
Shelf,m854_unified.obj,346,653,3,"{""min"": [-0.499995, -0.5, -0.046431], ""max"": [0.499996, 0.5, 0.08107], ""size"": [0.9999910000000001, 1.0, 0.127501]}"
Shelf,m855_unified.obj,133,152,3,"{""min"": [-0.474989, -0.48363, -0.195854], ""max"": [0.525011, 0.465387, 0.275451], ""size"": [1.0, 0.949017, 0.471305]}"
Shelf,m856_unified.obj,208,384,3,"{""min"": [-0.5, -0.403213, -0.185443], ""max"": [0.5, 0.403213, 0.21777], ""size"": [1.0, 0.806426, 0.403213]}"
Shelf,m857_unified.obj,364,672,3,"{""min"": [-0.493955, -0.328072, -0.150235], ""max"": [0.506045, 0.361763, 0.170828], ""size"": [1.0, 0.689835, 0.321063]}"
Shelf,m858_unified.obj,114,112,3,"{""min"": [-0.5, -0.25, -0.05], ""max"": [0.5, 0.25, 0.05], ""size"": [1.0, 0.5, 0.1]}"
Shelf,m859_unified.obj,2556,4716,3,"{""min"": [-0.494341, -0.336203, -0.129655], ""max"": [0.505659, 0.350102, 0.187764], ""size"": [1.0, 0.6863049999999999, 0.317419]}"
Shelf,m860_unified.obj,182,336,3,"{""min"": [-0.500825, -0.409632, -0.139888], ""max"": [0.499175, 0.393888, 0.14088], ""size"": [1.0, 0.80352, 0.280768]}"
Shelf,m861_unified.obj,497,924,3,"{""min"": [-0.467687, -0.469643, -0.072123], ""max"": [0.532313, 0.478082, 0.071906], ""size"": [1.0, 0.9477249999999999, 0.14402900000000002]}"
Shelf,m862_unified.obj,2084,4096,3,"{""min"": [-0.495187, -0.363801, -0.191079], ""max"": [0.504813, 0.576078, 0.27528], ""size"": [1.0, 0.9398789999999999, 0.466359]}"
Shelf,m863_unified.obj,917,1448,3,"{""min"": [-0.480576, -0.261153, -0.030795], ""max"": [0.519424, 0.342056, 0.175853], ""size"": [1.0, 0.6032090000000001, 0.206648]}"
Shelf,m864_unified.obj,1028,1624,3,"{""min"": [-0.482836, -0.217958, -0.025945], ""max"": [0.517164, 0.28851, 0.148232], ""size"": [1.0, 0.506468, 0.174177]}"
Shelf,m865_unified.obj,808,1272,3,"{""min"": [-0.478538, -0.324057, -0.037884], ""max"": [0.521462, 0.417122, 0.21648], ""size"": [1.0, 0.741179, 0.25436400000000003]}"
Shelf,m866_unified.obj,697,1096,3,"{""min"": [-0.42547, -0.472377, -0.049082], ""max"": [0.536048, 0.527623, 0.280104], ""size"": [0.961518, 1.0, 0.32918600000000003]}"
Shelf,m868_unified.obj,372,696,3,"{""min"": [-0.500762, -0.190604, -0.090697], ""max"": [0.499238, 0.196465, 0.090697], ""size"": [1.0, 0.387069, 0.181394]}"
Ship,D00027_unified.obj,4202,4887,3,"{""min"": [-0.376535, -0.1028, -0.173964], ""max"": [0.623465, 0.102666, 0.232597], ""size"": [1.0, 0.20546599999999998, 0.406561]}"
Ship,D00042_unified.obj,2166,3810,3,"{""min"": [-0.50998, -0.157287, -0.13294], ""max"": [0.49002, 0.162866, 0.130829], ""size"": [1.0, 0.320153, 0.26376900000000003]}"
Ship,D00099_unified.obj,1344,2688,3,"{""min"": [-0.496425, -0.196328, -0.075133], ""max"": [0.503575, 0.18097, 0.07527], ""size"": [1.0, 0.377298, 0.150403]}"
Ship,D00175_unified.obj,2674,4999,3,"{""min"": [-0.306222, -0.149748, -0.116614], ""max"": [0.693778, 0.155257, 0.13916], ""size"": [1.0, 0.30500499999999997, 0.255774]}"
Ship,D00247_unified.obj,2911,5000,3,"{""min"": [-0.484859, -0.118524, -0.071198], ""max"": [0.515141, 0.108511, 0.070864], ""size"": [1.0, 0.227035, 0.142062]}"
Ship,D00258_unified.obj,3697,4995,3,"{""min"": [-0.467873, -0.162598, -0.067254], ""max"": [0.532127, 0.221366, 0.068625], ""size"": [1.0, 0.38396399999999997, 0.135879]}"
Ship,D00292_unified.obj,4205,4887,3,"{""min"": [-0.37732, -0.102545, -0.173941], ""max"": [0.62268, 0.102149, 0.232513], ""size"": [1.0, 0.204694, 0.406454]}"
Ship,D00429_unified.obj,2776,4997,3,"{""min"": [-0.375663, -0.159614, -0.166439], ""max"": [0.624337, 0.158745, 0.220358], ""size"": [1.0, 0.318359, 0.386797]}"
Ship,D00467_unified.obj,3769,5504,3,"{""min"": [-0.461147, -0.141154, -0.050708], ""max"": [0.538853, 0.078002, 0.048184], ""size"": [1.0, 0.21915600000000002, 0.09889200000000001]}"
Ship,D00539_unified.obj,2524,4042,3,"{""min"": [-0.505689, -0.067224, -0.110005], ""max"": [0.494311, 0.067223, 0.097164], ""size"": [1.0, 0.134447, 0.207169]}"
Ship,D00543_unified.obj,2778,4961,3,"{""min"": [-0.476957, -0.13368, -0.113725], ""max"": [0.523043, 0.323673, 0.114575], ""size"": [1.0, 0.457353, 0.2283]}"
Ship,D00647_unified.obj,1713,3353,3,"{""min"": [-0.511003, -0.108822, -0.068952], ""max"": [0.488997, 0.089163, 0.068985], ""size"": [1.0, 0.19798500000000002, 0.137937]}"
Ship,D00771_unified.obj,2789,5939,3,"{""min"": [-0.504355, -0.045981, -0.146258], ""max"": [0.495645, 0.055428, 0.110724], ""size"": [1.0, 0.101409, 0.256982]}"
Ship,D00791_unified.obj,4200,4887,3,"{""min"": [-0.376993, -0.102026, -0.173315], ""max"": [0.623007, 0.10251, 0.232808], ""size"": [1.0, 0.204536, 0.406123]}"
Ship,D00809_unified.obj,2920,5000,3,"{""min"": [-0.443908, -0.149095, -0.093101], ""max"": [0.556092, 0.220531, 0.093522], ""size"": [1.0, 0.369626, 0.18662299999999998]}"
Ship,D00837_unified.obj,2911,5000,3,"{""min"": [-0.485604, -0.11847, -0.071235], ""max"": [0.514396, 0.108558, 0.070827], ""size"": [1.0, 0.227028, 0.14206200000000002]}"
Ship,D00896_unified.obj,2669,4838,3,"{""min"": [-0.516494, -0.233452, -0.131992], ""max"": [0.483506, 0.191818, 0.139844], ""size"": [1.0, 0.42527, 0.27183599999999997]}"
Ship,D00907_unified.obj,2597,4970,3,"{""min"": [-0.454419, -0.199508, -0.167331], ""max"": [0.545581, 0.230502, 0.207054], ""size"": [1.0, 0.43001, 0.37438499999999997]}"
Ship,D00935_unified.obj,424,800,3,"{""min"": [-0.48586, -0.071563, -0.040315], ""max"": [0.51414, 0.103769, 0.040304], ""size"": [1.0, 0.175332, 0.080619]}"
Ship,D00949_unified.obj,1952,3668,3,"{""min"": [-0.465471, -0.091715, -0.111393], ""max"": [0.534529, 0.316019, 0.112014], ""size"": [1.0, 0.407734, 0.22340700000000002]}"
Ship,m1427_unified.obj,2568,4336,3,"{""min"": [-0.498305, -0.068483, -0.082009], ""max"": [0.501695, 0.16003, 0.085131], ""size"": [1.0, 0.22851300000000002, 0.16714]}"
Ship,m1428_unified.obj,2682,4326,3,"{""min"": [-0.481607, -0.075297, -0.063838], ""max"": [0.518393, 0.163759, 0.063964], ""size"": [1.0, 0.239056, 0.127802]}"
Ship,m1429_unified.obj,2437,3885,3,"{""min"": [-0.463882, -0.080284, -0.056471], ""max"": [0.536118, 0.227011, 0.056644], ""size"": [1.0, 0.307295, 0.113115]}"
Ship,m1430_unified.obj,2540,4108,3,"{""min"": [-0.47486, -0.063546, -0.059962], ""max"": [0.52514, 0.304265, 0.059902], ""size"": [1.0, 0.367811, 0.119864]}"
Ship,m1431_unified.obj,2265,3760,3,"{""min"": [-0.483471, -0.072892, -0.07992], ""max"": [0.516529, 0.264226, 0.080001], ""size"": [1.0, 0.33711800000000003, 0.159921]}"
Ship,m1432_unified.obj,1936,3240,3,"{""min"": [-0.516858, -0.088952, -0.049626], ""max"": [0.483142, 0.175624, 0.049651], ""size"": [1.0, 0.26457600000000003, 0.099277]}"
Ship,m1433_unified.obj,3040,4887,3,"{""min"": [-0.494906, -0.091081, -0.089755], ""max"": [0.505094, 0.232675, 0.089773], ""size"": [1.0, 0.323756, 0.17952800000000002]}"
Ship,m1434_unified.obj,2222,4308,3,"{""min"": [-0.475426, -0.306321, -0.151192], ""max"": [0.524574, 0.392836, 0.152889], ""size"": [1.0, 0.699157, 0.304081]}"
Ship,m1435_unified.obj,4241,4887,3,"{""min"": [-0.377752, -0.103187, -0.17175], ""max"": [0.622248, 0.103747, 0.233552], ""size"": [1.0, 0.206934, 0.40530200000000005]}"
Ship,m1436_unified.obj,1704,3337,3,"{""min"": [-0.511526, -0.108695, -0.068915], ""max"": [0.488474, 0.089296, 0.069004], ""size"": [1.0, 0.197991, 0.137919]}"
Ship,m1437_unified.obj,2222,3690,3,"{""min"": [-0.460869, -0.059763, -0.054419], ""max"": [0.539131, 0.227584, 0.053578], ""size"": [1.0, 0.287347, 0.10799700000000001]}"
Ship,m1438_unified.obj,4996,9663,3,"{""min"": [-0.451833, -0.096241, -0.095056], ""max"": [0.548167, 0.106385, 0.111014], ""size"": [1.0, 0.20262599999999997, 0.20607]}"
Ship,m1439_unified.obj,1705,3388,3,"{""min"": [-0.447043, -0.0876, -0.051464], ""max"": [0.552957, 0.1648, 0.05174], ""size"": [1.0, 0.2524, 0.103204]}"
Ship,m1440_unified.obj,4230,5977,3,"{""min"": [-0.364152, -0.131729, -0.092652], ""max"": [0.635848, 0.142511, 0.077123], ""size"": [1.0, 0.27424000000000004, 0.169775]}"
Ship,m1441_unified.obj,3153,4116,3,"{""min"": [-0.476468, -0.178831, -0.112414], ""max"": [0.523532, 0.252075, 0.115002], ""size"": [1.0, 0.430906, 0.227416]}"
Ship,m1442_unified.obj,2812,4997,3,"{""min"": [-0.352241, -0.181168, -0.074151], ""max"": [0.647759, 0.114304, 0.074192], ""size"": [1.0, 0.295472, 0.148343]}"
Ship,m1444_unified.obj,2816,4999,3,"{""min"": [-0.517843, -0.151262, -0.10943], ""max"": [0.482157, 0.314741, 0.107643], ""size"": [1.0, 0.466003, 0.21707300000000002]}"
Ship,m1446_unified.obj,2906,4999,3,"{""min"": [-0.488297, -0.118303, -0.071197], ""max"": [0.511703, 0.10865, 0.070869], ""size"": [1.0, 0.22695300000000002, 0.142066]}"
Ship,m1447_unified.obj,3189,6000,3,"{""min"": [-0.222207, -0.050454, -0.049875], ""max"": [0.777793, 0.122516, 0.052164], ""size"": [1.0, 0.17297, 0.102039]}"
Ship,m1448_unified.obj,688,1312,3,"{""min"": [-0.308797, -0.239684, -0.087304], ""max"": [0.398968, 0.760316, 0.087979], ""size"": [0.707765, 1.0, 0.17528300000000002]}"
Ship,m1449_unified.obj,1320,2640,3,"{""min"": [-0.518193, -0.270831, -0.105123], ""max"": [0.481807, 0.577691, 0.106523], ""size"": [1.0, 0.848522, 0.211646]}"
Ship,m1450_unified.obj,324,522,3,"{""min"": [-0.428264, -0.166611, -0.113321], ""max"": [0.571736, 0.689087, 0.111657], ""size"": [1.0, 0.8556980000000001, 0.224978]}"
Ship,m1451_unified.obj,3037,5968,3,"{""min"": [-0.533102, -0.313696, -0.082546], ""max"": [0.466898, 0.3812, 0.082529], ""size"": [1.0, 0.694896, 0.165075]}"
Ship,m1452_unified.obj,2999,5808,3,"{""min"": [-0.184015, -0.343493, -0.071698], ""max"": [0.815985, 0.231936, 0.067641], ""size"": [1.0, 0.575429, 0.139339]}"
Ship,m1453_unified.obj,2535,5000,3,"{""min"": [-0.417407, -0.334545, -0.215248], ""max"": [0.582593, 0.365371, 0.220385], ""size"": [1.0, 0.699916, 0.435633]}"
Ship,m1454_unified.obj,1222,2392,3,"{""min"": [-0.508851, -0.262587, -0.32411], ""max"": [0.491149, 0.583507, 0.327639], ""size"": [1.0, 0.846094, 0.651749]}"
Ship,m1455_unified.obj,1178,2304,3,"{""min"": [-0.445693, -0.235678, -0.189979], ""max"": [0.554307, 0.472347, 0.191885], ""size"": [1.0, 0.708025, 0.381864]}"
Ship,m1456_unified.obj,1879,3688,3,"{""min"": [-0.386221, -0.434996, -0.127352], ""max"": [0.613779, 0.462533, 0.12735], ""size"": [1.0, 0.897529, 0.254702]}"
Ship,m1457_unified.obj,2333,4485,3,"{""min"": [-0.490939, -0.282638, -0.180405], ""max"": [0.509061, 0.319403, 0.186688], ""size"": [1.0, 0.602041, 0.367093]}"
Ship,m1458_unified.obj,2509,4698,3,"{""min"": [-0.479613, -0.401945, -0.260722], ""max"": [0.520387, 0.473423, 0.269657], ""size"": [1.0, 0.8753679999999999, 0.5303789999999999]}"
Ship,m1459_unified.obj,1155,2124,3,"{""min"": [-0.546898, -0.190565, -0.208529], ""max"": [0.453102, 0.478461, 0.470425], ""size"": [1.0, 0.669026, 0.678954]}"
Ship,m1460_unified.obj,2637,4996,3,"{""min"": [-0.510247, -0.130743, -0.335482], ""max"": [0.489753, 0.384533, 0.351063], ""size"": [1.0, 0.5152760000000001, 0.686545]}"
Ship,m1461_unified.obj,2308,2808,3,"{""min"": [-0.754741, -0.359388, -0.081581], ""max"": [0.245259, 0.367468, 0.445732], ""size"": [1.0, 0.726856, 0.527313]}"
Ship,m1462_unified.obj,2647,4999,3,"{""min"": [-0.48813, -0.276407, -0.118381], ""max"": [0.51187, 0.277388, 0.421978], ""size"": [1.0, 0.553795, 0.540359]}"
Ship,m1463_unified.obj,2493,4936,3,"{""min"": [-0.483225, -0.056774, -0.05127], ""max"": [0.516775, 0.090535, 0.051269], ""size"": [1.0, 0.147309, 0.102539]}"
Ship,m1464_unified.obj,2873,5534,3,"{""min"": [-0.397316, -0.128497, -0.074051], ""max"": [0.602684, 0.229032, 0.063207], ""size"": [1.0, 0.357529, 0.137258]}"
Ship,m1465_unified.obj,3360,4967,3,"{""min"": [-0.48109, -0.128509, -0.050984], ""max"": [0.51891, 0.081503, 0.049113], ""size"": [1.0, 0.21001200000000003, 0.10009699999999999]}"
Ship,m1466_unified.obj,2729,4944,3,"{""min"": [-0.409781, -0.084868, -0.075989], ""max"": [0.590219, 0.120542, 0.076352], ""size"": [1.0, 0.20540999999999998, 0.152341]}"
Ship,m1467_unified.obj,2188,4304,3,"{""min"": [-0.511462, -0.100918, -0.071787], ""max"": [0.488538, 0.176003, 0.069823], ""size"": [1.0, 0.276921, 0.14161]}"
Ship,m1468_unified.obj,1608,2736,3,"{""min"": [-0.473378, -0.106107, -0.095339], ""max"": [0.526622, 0.106684, 0.075299], ""size"": [1.0, 0.212791, 0.170638]}"
Ship,m1469_unified.obj,1724,3176,3,"{""min"": [-0.330328, -0.106432, -0.05497], ""max"": [0.669672, 0.146485, 0.055028], ""size"": [1.0, 0.252917, 0.109998]}"
Ship,m1470_unified.obj,553,1043,3,"{""min"": [-0.453379, -0.05867, -0.05344], ""max"": [0.546621, 0.085968, 0.058449], ""size"": [1.0, 0.144638, 0.111889]}"
Ship,m1471_unified.obj,2511,3552,3,"{""min"": [-0.443403, -0.224899, -0.228489], ""max"": [0.556597, 0.224899, 0.125876], ""size"": [1.0, 0.449798, 0.354365]}"
Sign,m1670_unified.obj,646,868,3,"{""min"": [-0.228005, -0.162217, -0.023697], ""max"": [0.771995, 0.168471, 0.028552], ""size"": [1.0, 0.330688, 0.052249000000000004]}"
Sign,m1671_unified.obj,348,452,3,"{""min"": [-0.245062, -0.16888, -0.029182], ""max"": [0.754938, 0.161517, 0.033822], ""size"": [1.0, 0.330397, 0.063004]}"
Sign,m1672_unified.obj,745,1180,3,"{""min"": [-0.485772, -0.192511, -0.032929], ""max"": [0.514228, 0.552314, 0.089018], ""size"": [1.0, 0.744825, 0.121947]}"
Sign,m1673_unified.obj,238,344,3,"{""min"": [-0.304894, -0.198084, -0.027316], ""max"": [0.695106, 0.225453, 0.030599], ""size"": [1.0, 0.423537, 0.057915]}"
Sign,m1674_unified.obj,169,312,3,"{""min"": [-0.235706, -0.327983, -0.029768], ""max"": [0.764294, 0.340479, 0.030568], ""size"": [1.0, 0.668462, 0.060336]}"
Sign,m1675_unified.obj,130,208,3,"{""min"": [-0.226677, -0.154637, -0.009163], ""max"": [0.773323, 0.15447, 0.019793], ""size"": [1.0, 0.309107, 0.028956000000000003]}"
Sign,m1676_unified.obj,2514,5000,3,"{""min"": [-0.111566, -0.108388, -0.022802], ""max"": [0.888434, 0.1097, 0.01821], ""size"": [1.0, 0.218088, 0.041012]}"
Sign,m1678_unified.obj,2223,3948,3,"{""min"": [-0.165691, -0.097444, -0.008909], ""max"": [0.834309, 0.096535, 0.012734], ""size"": [1.0, 0.193979, 0.021643000000000003]}"
Sign,m1679_unified.obj,1604,3144,3,"{""min"": [-0.116263, -0.066806, -0.028827], ""max"": [0.883737, 0.069555, 0.034286], ""size"": [1.0, 0.136361, 0.063113]}"
Sign,m1680_unified.obj,1422,2832,3,"{""min"": [-0.59917, -0.190621, -0.005689], ""max"": [0.40083, 0.188079, 0.022664], ""size"": [1.0, 0.37870000000000004, 0.028353]}"
Sign,m1681_unified.obj,2524,5000,3,"{""min"": [-0.267836, -0.188324, -0.010513], ""max"": [0.732164, 0.222358, 0.032938], ""size"": [1.0, 0.410682, 0.043451000000000004]}"
Sign,m1682_unified.obj,2590,5000,3,"{""min"": [-0.476004, -0.109098, -0.104722], ""max"": [0.523996, 0.80716, 0.138769], ""size"": [1.0, 0.916258, 0.243491]}"
Sign,m1683_unified.obj,3000,5896,3,"{""min"": [-0.495905, -0.340655, -0.097062], ""max"": [0.504095, 0.599722, 0.358979], ""size"": [1.0, 0.940377, 0.456041]}"
Sign,m1684_unified.obj,158,304,3,"{""min"": [-0.431082, -0.406786, -0.034812], ""max"": [0.554129, 0.593214, 0.051885], ""size"": [0.9852110000000001, 1.0, 0.086697]}"
Sign,m1685_unified.obj,2776,5376,3,"{""min"": [-0.414744, -0.425044, -0.181773], ""max"": [0.422636, 0.574956, 0.183737], ""size"": [0.83738, 1.0, 0.36551]}"
Skyscraper,D00006_unified.obj,14321,4992,3,"{""min"": [-0.512011, -0.166538, -0.130059], ""max"": [0.487989, 0.168362, 0.128617], ""size"": [1.0, 0.3349, 0.258676]}"
Skyscraper,D00058_unified.obj,27165,4969,3,"{""min"": [-0.475945, -0.157283, -0.107815], ""max"": [0.524055, 0.122565, 0.113398], ""size"": [1.0, 0.279848, 0.221213]}"
Skyscraper,D00059_unified.obj,3284,5000,3,"{""min"": [-0.489023, -0.157189, -0.156889], ""max"": [0.510977, 0.156631, 0.156986], ""size"": [1.0, 0.31382, 0.313875]}"
Skyscraper,D00105_unified.obj,2639,4911,3,"{""min"": [-0.414663, -0.144396, -0.103404], ""max"": [0.585337, 0.14765, 0.107271], ""size"": [1.0, 0.29204600000000003, 0.210675]}"
Skyscraper,D00125_unified.obj,2624,4912,3,"{""min"": [-0.410749, -0.146138, -0.102927], ""max"": [0.589251, 0.145936, 0.107851], ""size"": [1.0, 0.292074, 0.21077800000000002]}"
Skyscraper,D00126_unified.obj,5301,4984,3,"{""min"": [-0.450441, -0.147944, -0.085061], ""max"": [0.549559, 0.155168, 0.087404], ""size"": [1.0, 0.303112, 0.17246499999999998]}"
Skyscraper,D00130_unified.obj,2489,4757,3,"{""min"": [-0.350732, -0.141921, -0.101589], ""max"": [0.649268, 0.127484, 0.137729], ""size"": [1.0, 0.269405, 0.23931799999999998]}"
Skyscraper,D00259_unified.obj,14696,6005,3,"{""min"": [-0.52213, -0.084617, -0.065092], ""max"": [0.47787, 0.083609, 0.072822], ""size"": [1.0, 0.168226, 0.13791399999999998]}"
Skyscraper,D00300_unified.obj,2998,5000,3,"{""min"": [-0.45641, -0.112474, -0.112445], ""max"": [0.54359, 0.11257, 0.112625], ""size"": [1.0, 0.22504400000000002, 0.22507]}"
Skyscraper,D00520_unified.obj,17131,4660,3,"{""min"": [-0.511309, -0.103201, -0.103235], ""max"": [0.488691, 0.102574, 0.101583], ""size"": [1.0, 0.20577499999999999, 0.204818]}"
Skyscraper,D00532_unified.obj,6167,4405,3,"{""min"": [-0.528068, -0.154739, -0.104218], ""max"": [0.471932, 0.151444, 0.104459], ""size"": [1.0, 0.306183, 0.208677]}"
Skyscraper,D00584_unified.obj,4425,4850,3,"{""min"": [-0.487687, -0.149191, -0.097395], ""max"": [0.512313, 0.143677, 0.098896], ""size"": [1.0, 0.292868, 0.196291]}"
Skyscraper,D00589_unified.obj,2528,5000,3,"{""min"": [-0.509078, -0.120873, -0.12087], ""max"": [0.490922, 0.120892, 0.120871], ""size"": [1.0, 0.241765, 0.241741]}"
Skyscraper,D00641_unified.obj,2335,4363,3,"{""min"": [-0.366011, -0.100958, -0.106795], ""max"": [0.633989, 0.197188, 0.113869], ""size"": [1.0, 0.298146, 0.220664]}"
Skyscraper,D00664_unified.obj,4274,4999,3,"{""min"": [-0.502595, -0.170392, -0.14564], ""max"": [0.497405, 0.174943, 0.146862], ""size"": [1.0, 0.34533499999999995, 0.292502]}"
Skyscraper,D00729_unified.obj,4905,4734,3,"{""min"": [-0.508666, -0.209695, -0.171589], ""max"": [0.491334, 0.205906, 0.18544], ""size"": [1.0, 0.415601, 0.357029]}"
Skyscraper,D00822_unified.obj,1701,3204,3,"{""min"": [-0.515963, -0.086221, -0.084981], ""max"": [0.484037, 0.086038, 0.085902], ""size"": [1.0, 0.172259, 0.170883]}"
Skyscraper,D00870_unified.obj,5155,4556,3,"{""min"": [-0.471146, -0.125602, -0.118752], ""max"": [0.528854, 0.137396, 0.121194], ""size"": [1.0, 0.26299799999999995, 0.239946]}"
Skyscraper,D00872_unified.obj,1381,2672,3,"{""min"": [-0.689947, -0.149881, -0.090071], ""max"": [0.310053, 0.145548, 0.259769], ""size"": [1.0, 0.295429, 0.34984000000000004]}"
Skyscraper,D00998_unified.obj,3865,5942,3,"{""min"": [-0.219435, -0.097149, -0.097057], ""max"": [0.780565, 0.097457, 0.097565], ""size"": [1.0, 0.194606, 0.19462200000000002]}"
Spoon,D00014_unified.obj,748,4485,3,"{""min"": [-0.233063, -0.100748, -0.03694], ""max"": [0.766937, 0.100747, 0.032605], ""size"": [1.0, 0.201495, 0.069545]}"
Spoon,D00085_unified.obj,575,1145,3,"{""min"": [-0.28971, -0.098706, -0.042021], ""max"": [0.71029, 0.098762, 0.043526], ""size"": [1.0, 0.197468, 0.08554700000000001]}"
Spoon,D00144_unified.obj,953,1864,3,"{""min"": [-0.304381, -0.101659, -0.050028], ""max"": [0.695619, 0.101788, 0.032477], ""size"": [1.0, 0.203447, 0.082505]}"
Spoon,D00157_unified.obj,1603,3141,3,"{""min"": [-0.401205, -0.12778, -0.030835], ""max"": [0.598795, 0.129827, 0.026831], ""size"": [1.0, 0.25760700000000003, 0.057666]}"
Spoon,D00196_unified.obj,756,4812,3,"{""min"": [-0.265052, -0.080076, -0.026401], ""max"": [0.734948, 0.080076, 0.041467], ""size"": [1.0, 0.160152, 0.067868]}"
Spoon,D00338_unified.obj,481,955,3,"{""min"": [-0.285531, -0.096383, -0.118872], ""max"": [0.714469, 0.127826, 0.108507], ""size"": [1.0, 0.224209, 0.227379]}"
Spoon,D00422_unified.obj,393,704,3,"{""min"": [-0.392298, -0.167686, -0.032588], ""max"": [0.607702, 0.169073, 0.026436], ""size"": [1.0, 0.33675900000000003, 0.059024]}"
Spoon,D00474_unified.obj,261,484,3,"{""min"": [-0.53151, -0.084943, -0.026255], ""max"": [0.46849, 0.08495, 0.024185], ""size"": [1.0, 0.16989300000000002, 0.05044]}"
Spoon,D00497_unified.obj,570,1136,3,"{""min"": [-0.399164, -0.098048, -0.038222], ""max"": [0.600836, 0.098034, 0.03835], ""size"": [1.0, 0.19608199999999998, 0.076572]}"
Spoon,D00517_unified.obj,481,896,3,"{""min"": [-0.323883, -0.127319, -0.067644], ""max"": [0.676117, 0.127593, 0.069679], ""size"": [1.0, 0.254912, 0.137323]}"
Spoon,D00562_unified.obj,2132,4191,3,"{""min"": [-0.54599, -0.07683, -0.021374], ""max"": [0.45401, 0.077782, 0.027231], ""size"": [1.0, 0.154612, 0.048605]}"
Spoon,D00593_unified.obj,591,1178,3,"{""min"": [-0.308446, -0.095161, -0.016379], ""max"": [0.691554, 0.095985, 0.016618], ""size"": [1.0, 0.19114599999999998, 0.032997]}"
Spoon,D00661_unified.obj,1848,3431,3,"{""min"": [-0.289043, -0.115782, -0.033896], ""max"": [0.710957, 0.113015, 0.051221], ""size"": [1.0, 0.228797, 0.085117]}"
Spoon,D00669_unified.obj,556,1108,3,"{""min"": [-0.343375, -0.28445, -0.117872], ""max"": [0.656625, 0.284041, 0.222309], ""size"": [1.0, 0.568491, 0.340181]}"
Spoon,D00674_unified.obj,667,1263,3,"{""min"": [-0.289803, -0.218229, -0.065815], ""max"": [0.710197, 0.218305, 0.068514], ""size"": [1.0, 0.436534, 0.134329]}"
Spoon,D00683_unified.obj,515,1034,3,"{""min"": [-0.387128, -0.142349, -0.118957], ""max"": [0.612872, 0.142461, 0.105831], ""size"": [1.0, 0.28481, 0.224788]}"
Spoon,D00790_unified.obj,1107,2140,3,"{""min"": [-0.433459, -0.163758, -0.038822], ""max"": [0.566541, 0.161671, 0.040871], ""size"": [1.0, 0.32542899999999997, 0.079693]}"
Spoon,D00842_unified.obj,1126,2196,3,"{""min"": [-0.234093, -0.088688, -0.024374], ""max"": [0.765907, 0.089234, 0.031191], ""size"": [1.0, 0.177922, 0.055565]}"
Spoon,D00927_unified.obj,910,5448,3,"{""min"": [-0.294921, -0.108131, -0.026832], ""max"": [0.705079, 0.107708, 0.048741], ""size"": [1.0, 0.215839, 0.075573]}"
Spoon,D00964_unified.obj,760,1352,3,"{""min"": [-0.335613, -0.110429, -0.023633], ""max"": [0.664387, 0.110123, 0.037439], ""size"": [1.0, 0.220552, 0.061072]}"
Starship,m1353_unified.obj,2124,4147,3,"{""min"": [-0.506764, -0.245376, -0.115072], ""max"": [0.493236, 0.230935, 0.141462], ""size"": [1.0, 0.47631100000000004, 0.256534]}"
Starship,m1354_unified.obj,2540,5000,3,"{""min"": [-0.393189, -0.250847, -0.115595], ""max"": [0.606811, 0.252902, 0.173501], ""size"": [1.0, 0.503749, 0.289096]}"
Starship,m1355_unified.obj,3098,4969,3,"{""min"": [-0.528403, -0.217254, -0.099144], ""max"": [0.471597, 0.220291, 0.150208], ""size"": [1.0, 0.43754499999999996, 0.24935200000000002]}"
Starship,m1356_unified.obj,1946,3293,3,"{""min"": [-0.360216, -0.391698, -0.066324], ""max"": [0.639784, 0.392101, 0.071686], ""size"": [1.0, 0.7837989999999999, 0.13801]}"
Starship,m1357_unified.obj,8781,10564,3,"{""min"": [-0.559194, -0.210599, -0.043875], ""max"": [0.440806, 0.209459, 0.11342], ""size"": [1.0, 0.42005800000000004, 0.15729500000000002]}"
Starship,m1358_unified.obj,4345,7890,3,"{""min"": [-0.425907, -0.22424, -0.106283], ""max"": [0.574093, 0.227395, 0.10944], ""size"": [1.0, 0.451635, 0.215723]}"
Starship,m1359_unified.obj,1026,2016,3,"{""min"": [-0.456842, -0.235585, -0.164473], ""max"": [0.543158, 0.234366, 0.19057], ""size"": [1.0, 0.469951, 0.355043]}"
Starship,m1360_unified.obj,2904,4231,3,"{""min"": [-0.364334, -0.220291, -0.102205], ""max"": [0.635666, 0.220315, 0.126499], ""size"": [1.0, 0.440606, 0.22870400000000002]}"
Starship,m1361_unified.obj,4070,8032,3,"{""min"": [-0.445655, -0.431433, -0.06657], ""max"": [0.554345, 0.425689, 0.097223], ""size"": [1.0, 0.8571219999999999, 0.16379300000000002]}"
Starship,m1362_unified.obj,3259,4914,3,"{""min"": [-0.463171, -0.363148, -0.067794], ""max"": [0.536829, 0.367636, 0.104256], ""size"": [1.0, 0.7307840000000001, 0.17204999999999998]}"
Starship,m1364_unified.obj,2065,1661,3,"{""min"": [-0.500463, -0.403981, -0.154906], ""max"": [0.499537, 0.244469, 0.200364], ""size"": [1.0, 0.64845, 0.35527]}"
Starship,m1365_unified.obj,2603,4731,3,"{""min"": [-0.647644, -0.377187, -0.064556], ""max"": [0.352356, 0.383551, 0.098242], ""size"": [1.0, 0.7607379999999999, 0.162798]}"
Starship,m1366_unified.obj,2194,4268,3,"{""min"": [-0.402341, -0.23736, -0.068972], ""max"": [0.597659, 0.237509, 0.16348], ""size"": [1.0, 0.474869, 0.232452]}"
Starship,m1368_unified.obj,2749,4712,3,"{""min"": [-0.404856, -0.17772, -0.036915], ""max"": [0.595144, 0.175393, 0.081331], ""size"": [1.0, 0.353113, 0.118246]}"
Starship,m1369_unified.obj,3749,6880,3,"{""min"": [-0.406605, -0.200932, -0.11329], ""max"": [0.593395, 0.201004, 0.101739], ""size"": [1.0, 0.40193599999999996, 0.215029]}"
Starship,m1370_unified.obj,1748,3146,3,"{""min"": [-0.424475, -0.214117, -0.081408], ""max"": [0.575525, 0.214116, 0.158873], ""size"": [1.0, 0.428233, 0.24028099999999997]}"
Starship,m1371_unified.obj,1558,2416,3,"{""min"": [-0.36774, -0.216237, -0.099285], ""max"": [0.63226, 0.213466, 0.259073], ""size"": [1.0, 0.429703, 0.358358]}"
Starship,m1372_unified.obj,2686,4996,3,"{""min"": [-0.336158, -0.378881, -0.061371], ""max"": [0.663842, 0.379917, 0.091545], ""size"": [1.0, 0.7587980000000001, 0.152916]}"
Starship,m1373_unified.obj,2611,4999,3,"{""min"": [-0.495086, -0.230251, -0.106675], ""max"": [0.504914, 0.236067, 0.155084], ""size"": [1.0, 0.466318, 0.261759]}"
Starship,m1374_unified.obj,2607,4948,3,"{""min"": [-0.405824, -0.188136, -0.04581], ""max"": [0.594176, 0.188151, 0.096559], ""size"": [1.0, 0.37628700000000004, 0.142369]}"
Starship,m1375_unified.obj,1694,3312,3,"{""min"": [-0.571742, -0.413626, -0.198928], ""max"": [0.428258, 0.41361, 0.219473], ""size"": [1.0, 0.827236, 0.418401]}"
Starship,m1376_unified.obj,1863,3720,3,"{""min"": [-0.493749, -0.119939, -0.060697], ""max"": [0.506251, 0.120065, 0.09302], ""size"": [1.0, 0.240004, 0.153717]}"
Starship,m1378_unified.obj,2059,3804,3,"{""min"": [-0.499466, -0.499854, -0.057603], ""max"": [0.500534, 0.500146, 0.075126], ""size"": [1.0, 1.0, 0.13272899999999999]}"
Starship,m1379_unified.obj,3977,7432,3,"{""min"": [-0.499693, -0.497271, -0.038834], ""max"": [0.500307, 0.502717, 0.054894], ""size"": [1.0, 0.999988, 0.093728]}"
Starship,m1380_unified.obj,3830,5000,3,"{""min"": [-0.500849, -0.487801, -0.192639], ""max"": [0.499071, 0.512199, 0.188018], ""size"": [0.9999199999999999, 1.0, 0.380657]}"
Starship,m1381_unified.obj,2641,4972,3,"{""min"": [-0.476126, -0.498851, -0.215498], ""max"": [0.523874, 0.500786, 0.238793], ""size"": [1.0, 0.9996369999999999, 0.454291]}"
Starship,m1382_unified.obj,2484,4942,3,"{""min"": [-0.504366, -0.501209, -0.107241], ""max"": [0.495618, 0.498791, 0.165814], ""size"": [0.999984, 1.0, 0.273055]}"
Starship,m1383_unified.obj,8382,11842,3,"{""min"": [-0.499998, -0.499998, -0.110997], ""max"": [0.500002, 0.500002, 0.117117], ""size"": [1.0, 1.0, 0.22811399999999998]}"
Starship,m1384_unified.obj,2593,4999,3,"{""min"": [-0.499872, -0.463698, -0.087384], ""max"": [0.500128, 0.498595, 0.089608], ""size"": [1.0, 0.9622930000000001, 0.17699199999999998]}"
Starship,m1385_unified.obj,2837,4991,3,"{""min"": [-0.498931, -0.500322, -0.117367], ""max"": [0.501069, 0.499676, 0.186308], ""size"": [1.0, 0.999998, 0.30367500000000003]}"
Starship,m1386_unified.obj,1707,3384,3,"{""min"": [-0.499992, -0.475582, -0.17491], ""max"": [0.500008, 0.461852, 0.175712], ""size"": [1.0, 0.937434, 0.350622]}"
SubmachineGun,D00052_unified.obj,2253,4275,3,"{""min"": [-0.428422, -0.182534, -0.05344], ""max"": [0.571578, 0.281986, 0.081602], ""size"": [1.0, 0.46452000000000004, 0.135042]}"
SubmachineGun,D00060_unified.obj,2157,4056,3,"{""min"": [-0.547821, -0.156891, -0.023876], ""max"": [0.452179, 0.102206, 0.023217], ""size"": [1.0, 0.259097, 0.047093]}"
SubmachineGun,D00062_unified.obj,1546,2964,3,"{""min"": [-0.530793, -0.192644, -0.063499], ""max"": [0.469207, 0.174668, 0.064605], ""size"": [1.0, 0.36731199999999997, 0.128104]}"
SubmachineGun,D00064_unified.obj,2404,5000,3,"{""min"": [-0.405872, -0.175501, -0.109601], ""max"": [0.594128, 0.223713, 0.110147], ""size"": [1.0, 0.39921399999999996, 0.219748]}"
SubmachineGun,D00068_unified.obj,2549,4947,3,"{""min"": [-0.406014, -0.105942, -0.025539], ""max"": [0.593986, 0.231919, 0.025831], ""size"": [1.0, 0.33786099999999997, 0.05137]}"
SubmachineGun,D00119_unified.obj,2546,4999,3,"{""min"": [-0.438073, -0.091427, -0.082435], ""max"": [0.561927, 0.14246, 0.083788], ""size"": [1.0, 0.233887, 0.166223]}"
SubmachineGun,D00219_unified.obj,1349,2532,3,"{""min"": [-0.554191, -0.108242, -0.030482], ""max"": [0.445809, 0.288673, 0.030398], ""size"": [1.0, 0.396915, 0.060880000000000004]}"
SubmachineGun,D00256_unified.obj,2833,5288,3,"{""min"": [-0.49795, -0.154057, -0.056055], ""max"": [0.50205, 0.444923, 0.067554], ""size"": [1.0, 0.5989800000000001, 0.123609]}"
SubmachineGun,D00371_unified.obj,3509,4979,3,"{""min"": [-0.419634, -0.141086, -0.078118], ""max"": [0.580366, 0.14018, 0.092663], ""size"": [1.0, 0.281266, 0.17078100000000002]}"
SubmachineGun,D00384_unified.obj,4755,8823,3,"{""min"": [-0.444908, -0.056798, -0.02184], ""max"": [0.555092, 0.153168, 0.024502], ""size"": [1.0, 0.20996599999999999, 0.046341999999999994]}"
SubmachineGun,D00431_unified.obj,1420,2708,3,"{""min"": [-0.518649, -0.227446, -0.040802], ""max"": [0.481351, 0.170632, 0.042048], ""size"": [1.0, 0.39807800000000004, 0.08285000000000001]}"
SubmachineGun,D00459_unified.obj,2363,4405,3,"{""min"": [-0.484811, -0.066976, -0.044513], ""max"": [0.515189, 0.198764, 0.034157], ""size"": [1.0, 0.26574, 0.07866999999999999]}"
SubmachineGun,D00489_unified.obj,4390,8720,3,"{""min"": [-0.517536, -0.304465, -0.049637], ""max"": [0.482464, 0.501867, 0.049872], ""size"": [1.0, 0.8063319999999999, 0.099509]}"
SubmachineGun,D00537_unified.obj,1596,3180,3,"{""min"": [-0.411351, -0.137084, -0.016998], ""max"": [0.588649, 0.123281, 0.016999], ""size"": [1.0, 0.260365, 0.033997]}"
SubmachineGun,D00613_unified.obj,4820,9595,3,"{""min"": [-0.53998, -0.138168, -0.030097], ""max"": [0.46002, 0.252582, 0.030472], ""size"": [1.0, 0.39075, 0.060569]}"
SubmachineGun,D00733_unified.obj,2792,4999,3,"{""min"": [-0.458613, -0.120108, -0.049133], ""max"": [0.541387, 0.362324, 0.076288], ""size"": [1.0, 0.48243199999999997, 0.125421]}"
SubmachineGun,D00878_unified.obj,1521,2909,3,"{""min"": [-0.546629, -0.097085, -0.034707], ""max"": [0.453371, 0.210253, 0.03352], ""size"": [1.0, 0.307338, 0.06822700000000001]}"
SubmachineGun,D00893_unified.obj,607,1116,3,"{""min"": [-0.567243, -0.106524, -0.032952], ""max"": [0.432757, 0.181127, 0.032587], ""size"": [1.0, 0.287651, 0.065539]}"
SubmachineGun,D00960_unified.obj,646,1156,3,"{""min"": [-0.420971, -0.155475, -0.033356], ""max"": [0.579029, 0.253631, 0.031291], ""size"": [1.0, 0.40910599999999997, 0.064647]}"
SubmachineGun,D00970_unified.obj,1678,3140,3,"{""min"": [-0.529616, -0.088227, -0.029655], ""max"": [0.470384, 0.132335, 0.029378], ""size"": [1.0, 0.220562, 0.059033]}"
Sword,D00066_unified.obj,2554,5000,3,"{""min"": [-0.15347, -0.1028, -0.027207], ""max"": [0.84653, 0.103604, 0.028451], ""size"": [1.0, 0.206404, 0.055658]}"
Sword,D00071_unified.obj,2602,4937,3,"{""min"": [-0.182502, -0.180019, -0.026305], ""max"": [0.817498, 0.179392, 0.026438], ""size"": [1.0, 0.35941100000000004, 0.052743]}"
Sword,D00133_unified.obj,2525,4958,3,"{""min"": [-0.161941, -0.1317, -0.059701], ""max"": [0.838059, 0.133948, 0.056907], ""size"": [1.0, 0.265648, 0.11660799999999999]}"
Sword,D00149_unified.obj,712,1376,3,"{""min"": [-0.219902, -0.10353, -0.021568], ""max"": [0.780098, 0.103729, 0.021758], ""size"": [1.0, 0.207259, 0.043326]}"
Sword,D00162_unified.obj,4570,9136,3,"{""min"": [-0.25677, -0.097053, -0.018025], ""max"": [0.74323, 0.097061, 0.01801], ""size"": [1.0, 0.194114, 0.036035]}"
Sword,D00177_unified.obj,2508,5000,3,"{""min"": [-0.120704, -0.166031, -0.03265], ""max"": [0.879296, 0.163274, 0.034151], ""size"": [1.0, 0.329305, 0.066801]}"
Sword,D00195_unified.obj,1429,2775,3,"{""min"": [-0.339378, -0.085476, -0.060069], ""max"": [0.660622, 0.085964, 0.060892], ""size"": [1.0, 0.17143999999999998, 0.120961]}"
Sword,D00249_unified.obj,2504,5000,3,"{""min"": [-0.170091, -0.039794, -0.023991], ""max"": [0.829909, 0.061306, 0.025765], ""size"": [1.0, 0.1011, 0.049755999999999995]}"
Sword,D00356_unified.obj,2488,4999,3,"{""min"": [-0.135667, -0.067497, -0.068915], ""max"": [0.864333, 0.070266, 0.069492], ""size"": [1.0, 0.137763, 0.138407]}"
Sword,D00484_unified.obj,2515,5000,3,"{""min"": [-0.137629, -0.107888, -0.026919], ""max"": [0.862371, 0.107703, 0.027219], ""size"": [1.0, 0.21559099999999998, 0.054138]}"
Sword,D00513_unified.obj,2632,4996,3,"{""min"": [-0.141342, -0.089761, -0.042506], ""max"": [0.858658, 0.173748, 0.043186], ""size"": [1.0, 0.263509, 0.085692]}"
Sword,D00540_unified.obj,2515,5000,3,"{""min"": [-0.389038, -0.088657, -0.021877], ""max"": [0.610962, 0.089691, 0.020982], ""size"": [1.0, 0.178348, 0.042859]}"
Sword,D00635_unified.obj,2478,4952,3,"{""min"": [-0.400832, -0.210747, -0.049616], ""max"": [0.599168, 0.21061, 0.060284], ""size"": [1.0, 0.421357, 0.1099]}"
Sword,D00712_unified.obj,1247,2408,3,"{""min"": [-0.386969, -0.08883, -0.03852], ""max"": [0.613031, 0.088842, 0.03852], ""size"": [1.0, 0.177672, 0.07704]}"
Sword,D00807_unified.obj,681,1269,3,"{""min"": [-0.266109, -0.069167, -0.017327], ""max"": [0.733891, 0.068861, 0.018014], ""size"": [1.0, 0.138028, 0.035341]}"
Sword,D00808_unified.obj,1091,2146,3,"{""min"": [-0.209581, -0.10059, -0.100832], ""max"": [0.790419, 0.102592, 0.102378], ""size"": [1.0, 0.203182, 0.20321]}"
Sword,D00812_unified.obj,2651,5274,3,"{""min"": [-0.080197, -0.830602, -0.031244], ""max"": [0.080218, 0.169398, 0.029738], ""size"": [0.160415, 1.0, 0.060982]}"
Sword,D00906_unified.obj,2508,4997,3,"{""min"": [-0.161505, -0.110668, -0.032834], ""max"": [0.838495, 0.112763, 0.038872], ""size"": [1.0, 0.223431, 0.07170599999999999]}"
Sword,D00916_unified.obj,1758,3496,3,"{""min"": [-0.203899, -0.022249, -0.01604], ""max"": [0.796101, 0.05507, 0.016101], ""size"": [1.0, 0.077319, 0.032141]}"
Sword,D00992_unified.obj,2532,5000,3,"{""min"": [-0.168841, -0.1014, -0.019851], ""max"": [0.831159, 0.101811, 0.019518], ""size"": [1.0, 0.203211, 0.039369]}"
Sword,m687_unified.obj,3100,6016,3,"{""min"": [-0.416223, -0.09448, -0.042064], ""max"": [0.583777, 0.094704, 0.043643], ""size"": [1.0, 0.189184, 0.085707]}"
Sword,m688_unified.obj,1977,3936,3,"{""min"": [-0.150273, -0.043759, -0.046487], ""max"": [0.849727, 0.044822, 0.047405], ""size"": [1.0, 0.088581, 0.093892]}"
Sword,m689_unified.obj,712,1419,3,"{""min"": [-0.829765, -0.069809, -0.065386], ""max"": [0.170235, 0.06543, 0.068914], ""size"": [1.0, 0.135239, 0.1343]}"
Sword,m690_unified.obj,722,1430,3,"{""min"": [-0.832556, -0.064532, -0.06619], ""max"": [0.167444, 0.073309, 0.067643], ""size"": [1.0, 0.137841, 0.13383299999999998]}"
Sword,m691_unified.obj,2710,5000,3,"{""min"": [-0.329292, -0.111234, -0.047198], ""max"": [0.670708, 0.111214, 0.048177], ""size"": [1.0, 0.22244799999999998, 0.09537499999999999]}"
Sword,m692_unified.obj,2653,5280,3,"{""min"": [-0.080067, -0.82919, -0.026399], ""max"": [0.080066, 0.17081, 0.031614], ""size"": [0.160133, 1.0, 0.058013]}"
Sword,m693_unified.obj,681,1036,3,"{""min"": [-0.275388, -0.046656, -0.045052], ""max"": [0.724612, 0.052606, 0.045186], ""size"": [1.0, 0.099262, 0.090238]}"
Sword,m694_unified.obj,2903,5667,3,"{""min"": [-0.156188, -0.157551, -0.043705], ""max"": [0.160583, 0.842449, 0.055051], ""size"": [0.316771, 1.0, 0.09875600000000001]}"
Sword,m695_unified.obj,2524,5000,3,"{""min"": [-0.16459, -0.127848, -0.037205], ""max"": [0.83541, 0.127636, 0.037483], ""size"": [1.0, 0.255484, 0.074688]}"
Sword,m696_unified.obj,2247,4464,3,"{""min"": [-0.892008, -0.142838, -0.059774], ""max"": [0.107992, 0.143008, 0.060429], ""size"": [1.0, 0.285846, 0.120203]}"
Sword,m697_unified.obj,2080,4144,3,"{""min"": [-0.33143, -0.093899, -0.021032], ""max"": [0.66857, 0.094028, 0.02115], ""size"": [1.0, 0.187927, 0.042182]}"
Sword,m698_unified.obj,2585,4996,3,"{""min"": [-0.141522, -0.089651, -0.042501], ""max"": [0.858478, 0.173723, 0.043198], ""size"": [1.0, 0.263374, 0.085699]}"
Sword,m699_unified.obj,2229,4436,3,"{""min"": [-0.24953, -0.09099, -0.090202], ""max"": [0.75047, 0.090115, 0.090368], ""size"": [1.0, 0.18110500000000002, 0.18057]}"
Sword,m700_unified.obj,3100,6016,3,"{""min"": [-0.433368, -0.078382, -0.03494], ""max"": [0.566632, 0.07927, 0.036495], ""size"": [1.0, 0.157652, 0.071435]}"
Sword,m701_unified.obj,3825,7600,3,"{""min"": [-0.387331, -0.148431, -0.01002], ""max"": [0.612669, 0.148426, 0.010053], ""size"": [1.0, 0.29685700000000004, 0.020073]}"
Sword,m702_unified.obj,4019,7970,3,"{""min"": [-0.258276, -0.051805, -0.05183], ""max"": [0.741724, 0.051882, 0.051858], ""size"": [1.0, 0.103687, 0.103688]}"
Sword,m703_unified.obj,2289,4400,3,"{""min"": [-0.245324, -0.050368, -0.013728], ""max"": [0.754676, 0.050522, 0.013705], ""size"": [1.0, 0.10089000000000001, 0.027433]}"
Sword,m704_unified.obj,1626,3248,3,"{""min"": [-0.245999, -0.035556, -0.01574], ""max"": [0.754001, 0.035922, 0.015847], ""size"": [1.0, 0.071478, 0.031587000000000004]}"
Sword,m705_unified.obj,2526,5000,3,"{""min"": [-0.231397, -0.762356, -0.035184], ""max"": [0.231693, 0.237644, 0.037377], ""size"": [0.46309, 1.0, 0.072561]}"
Sword,m707_unified.obj,2511,4998,3,"{""min"": [-0.228008, -0.128885, -0.021419], ""max"": [0.771992, 0.128814, 0.021268], ""size"": [1.0, 0.257699, 0.042687]}"
Sword,m709_unified.obj,2514,5000,3,"{""min"": [-0.136403, -0.107724, -0.02694], ""max"": [0.863597, 0.107857, 0.027197], ""size"": [1.0, 0.215581, 0.054137]}"
Sword,m710_unified.obj,2554,5000,3,"{""min"": [-0.152499, -0.103582, -0.027488], ""max"": [0.847501, 0.102676, 0.028607], ""size"": [1.0, 0.206258, 0.056095]}"
Sword,m711_unified.obj,2786,4995,3,"{""min"": [-0.361227, -0.105948, -0.017429], ""max"": [0.638773, 0.10897, 0.018349], ""size"": [1.0, 0.214918, 0.035778000000000004]}"
Sword,m712_unified.obj,2677,5000,3,"{""min"": [-0.143695, -0.096547, -0.016577], ""max"": [0.856305, 0.097146, 0.016582], ""size"": [1.0, 0.193693, 0.033159]}"
Sword,m713_unified.obj,4059,8000,3,"{""min"": [-0.342672, -0.058943, -0.040702], ""max"": [0.657328, 0.060257, 0.042675], ""size"": [1.0, 0.1192, 0.083377]}"
Sword,m714_unified.obj,2080,4144,3,"{""min"": [-0.33143, -0.093899, -0.021032], ""max"": [0.66857, 0.094028, 0.02115], ""size"": [1.0, 0.187927, 0.042182]}"
Sword,m715_unified.obj,2247,4464,3,"{""min"": [-0.892008, -0.142838, -0.059774], ""max"": [0.107992, 0.143008, 0.060429], ""size"": [1.0, 0.285846, 0.120203]}"
Sword,m716_unified.obj,2469,4937,3,"{""min"": [-0.195806, -0.098523, -0.037186], ""max"": [0.804194, 0.097059, 0.037233], ""size"": [1.0, 0.195582, 0.074419]}"
Sword,m717_unified.obj,2642,4973,3,"{""min"": [-0.159991, -0.067218, -0.014607], ""max"": [0.840009, 0.077685, 0.015712], ""size"": [1.0, 0.144903, 0.030319]}"
Sword,m718_unified.obj,1330,2648,3,"{""min"": [-0.428027, -0.092504, -0.021448], ""max"": [0.571973, 0.092743, 0.021998], ""size"": [1.0, 0.185247, 0.043446]}"
Sword,m719_unified.obj,2466,4912,3,"{""min"": [-0.497131, -0.094486, -0.051268], ""max"": [0.502869, 0.135866, 0.055815], ""size"": [1.0, 0.230352, 0.107083]}"
Sword,m720_unified.obj,1240,2432,3,"{""min"": [-0.255736, -0.065663, -0.03345], ""max"": [0.744264, 0.066254, 0.033508], ""size"": [1.0, 0.131917, 0.066958]}"
Sword,m721_unified.obj,1070,2120,3,"{""min"": [-0.223952, -0.078365, -0.03672], ""max"": [0.776048, 0.086235, 0.047367], ""size"": [1.0, 0.16460000000000002, 0.084087]}"
Tool,D01003_unified.obj,2502,5000,3,"{""min"": [-0.494996, -0.129781, -0.040136], ""max"": [0.505004, 0.130363, 0.041536], ""size"": [1.0, 0.26014400000000004, 0.081672]}"
Tool,D01012_unified.obj,2502,5000,3,"{""min"": [-0.496986, -0.16879, -0.044593], ""max"": [0.503014, 0.20276, 0.046449], ""size"": [1.0, 0.37155, 0.091042]}"
Tool,D01040_unified.obj,2502,5000,3,"{""min"": [-0.465938, -0.368448, -0.049094], ""max"": [0.534062, 0.380923, 0.05009], ""size"": [1.0, 0.749371, 0.099184]}"
Tool,D01044_unified.obj,2502,5000,3,"{""min"": [-0.486398, -0.330765, -0.046471], ""max"": [0.513602, 0.328656, 0.047134], ""size"": [1.0, 0.659421, 0.093605]}"
Tool,D01069_unified.obj,2502,5000,3,"{""min"": [-0.494035, -0.39213, -0.050679], ""max"": [0.505965, 0.382241, 0.051115], ""size"": [1.0, 0.7743709999999999, 0.101794]}"
Tool,D01084_unified.obj,2502,5000,3,"{""min"": [-0.46291, -0.269534, -0.048557], ""max"": [0.53709, 0.339267, 0.050108], ""size"": [1.0, 0.6088009999999999, 0.098665]}"
Tool,D01086_unified.obj,2502,5000,3,"{""min"": [-0.491362, -0.156355, -0.043642], ""max"": [0.508638, 0.159009, 0.042905], ""size"": [1.0, 0.315364, 0.086547]}"
Tool,D01111_unified.obj,2502,5000,3,"{""min"": [-0.493999, -0.315389, -0.043316], ""max"": [0.506001, 0.352707, 0.044131], ""size"": [1.0, 0.668096, 0.087447]}"
Tool,D01113_unified.obj,2502,5000,3,"{""min"": [-0.493588, -0.274555, -0.043745], ""max"": [0.506412, 0.311555, 0.043437], ""size"": [1.0, 0.58611, 0.08718200000000001]}"
Tool,D01127_unified.obj,2502,5000,3,"{""min"": [-0.481838, -0.394374, -0.050013], ""max"": [0.518162, 0.492392, 0.050672], ""size"": [1.0, 0.8867659999999999, 0.100685]}"
Tool,D01131_unified.obj,2502,5000,3,"{""min"": [-0.466539, -0.267076, -0.047668], ""max"": [0.533461, 0.304758, 0.050106], ""size"": [1.0, 0.571834, 0.097774]}"
Tool,D01140_unified.obj,2502,5000,3,"{""min"": [-0.467084, -0.321963, -0.048247], ""max"": [0.532916, 0.361367, 0.050644], ""size"": [1.0, 0.68333, 0.098891]}"
Tool,D01142_unified.obj,2502,5000,3,"{""min"": [-0.495451, -0.418995, -0.050866], ""max"": [0.504549, 0.461217, 0.052748], ""size"": [1.0, 0.880212, 0.10361400000000001]}"
Tool,D01148_unified.obj,2502,5000,3,"{""min"": [-0.493044, -0.215179, -0.045691], ""max"": [0.506956, 0.195584, 0.047641], ""size"": [1.0, 0.410763, 0.093332]}"
Tool,D01152_unified.obj,2502,5000,3,"{""min"": [-0.410901, -0.479334, -0.04502], ""max"": [0.589099, 0.454603, 0.048548], ""size"": [1.0, 0.933937, 0.093568]}"
Tool,D01154_unified.obj,2502,5000,3,"{""min"": [-0.47994, -0.41361, -0.049818], ""max"": [0.52006, 0.427567, 0.049864], ""size"": [1.0, 0.841177, 0.09968199999999999]}"
Tool,D01156_unified.obj,2502,5000,3,"{""min"": [-0.488928, -0.359465, -0.052211], ""max"": [0.511072, 0.408233, 0.051537], ""size"": [1.0, 0.767698, 0.103748]}"
Tool,D01159_unified.obj,2502,5000,3,"{""min"": [-0.49122, -0.292379, -0.048899], ""max"": [0.50878, 0.298562, 0.047902], ""size"": [1.0, 0.5909409999999999, 0.096801]}"
Tool,D01165_unified.obj,2502,5000,3,"{""min"": [-0.469613, -0.330885, -0.040683], ""max"": [0.530387, 0.423527, 0.044557], ""size"": [1.0, 0.754412, 0.08524]}"
Tool,D01176_unified.obj,2502,5000,3,"{""min"": [-0.496689, -0.212451, -0.044124], ""max"": [0.503311, 0.236436, 0.044566], ""size"": [1.0, 0.44888700000000004, 0.08868999999999999]}"
Tool,m1099_unified.obj,1202,2400,3,"{""min"": [-0.555088, -0.188315, -0.029621], ""max"": [0.444912, 0.190087, 0.037181], ""size"": [1.0, 0.378402, 0.066802]}"
Tool,m1100_unified.obj,910,1808,3,"{""min"": [-0.506797, -0.109164, -0.028024], ""max"": [0.493203, 0.11614, 0.15634], ""size"": [1.0, 0.225304, 0.184364]}"
Tool,m1101_unified.obj,528,1048,3,"{""min"": [-0.206369, -0.107767, -0.017589], ""max"": [0.793631, 0.106795, 0.019103], ""size"": [1.0, 0.214562, 0.036692]}"
Tool,m1102_unified.obj,80,114,3,"{""min"": [-0.388074, -0.092672, -0.020381], ""max"": [0.611926, 0.092661, 0.012996], ""size"": [1.0, 0.185333, 0.033377000000000004]}"
Tool,m1103_unified.obj,679,1301,3,"{""min"": [-0.336594, -0.091309, -0.025157], ""max"": [0.663406, 0.091342, 0.028524], ""size"": [1.0, 0.182651, 0.053681]}"
Tool,m1104_unified.obj,1424,2832,3,"{""min"": [-0.36559, -0.129233, -0.024092], ""max"": [0.63441, 0.137959, 0.025737], ""size"": [1.0, 0.267192, 0.049829]}"
Tool,m1105_unified.obj,1550,3092,3,"{""min"": [-0.475601, -0.142097, -0.037527], ""max"": [0.524399, 0.130502, 0.03891], ""size"": [1.0, 0.27259900000000004, 0.076437]}"
Tool,m1106_unified.obj,1902,4076,3,"{""min"": [-0.407893, -0.150793, -0.030087], ""max"": [0.592107, 0.131761, 0.030401], ""size"": [1.0, 0.28255399999999997, 0.060488]}"
Tool,m1107_unified.obj,4427,8764,3,"{""min"": [-0.331272, -0.132308, -0.032374], ""max"": [0.668728, 0.155788, 0.047734], ""size"": [1.0, 0.288096, 0.080108]}"
Tool,m1108_unified.obj,2186,3726,3,"{""min"": [-0.494407, -0.142552, -0.035991], ""max"": [0.505593, 0.147554, 0.038057], ""size"": [1.0, 0.290106, 0.074048]}"
Tool,m1109_unified.obj,1490,2891,3,"{""min"": [-0.347651, -0.177368, -0.0675], ""max"": [0.652349, 0.382496, 0.066912], ""size"": [1.0, 0.559864, 0.134412]}"
Tool,m1110_unified.obj,3382,6748,3,"{""min"": [-0.246152, -0.146501, -0.062605], ""max"": [0.753848, 0.226399, 0.063389], ""size"": [1.0, 0.3729, 0.125994]}"
Tool,m1111_unified.obj,2080,4152,3,"{""min"": [-0.452297, -0.142364, -0.072921], ""max"": [0.547703, 0.313313, 0.070114], ""size"": [1.0, 0.455677, 0.143035]}"
Tool,m1112_unified.obj,1241,2443,3,"{""min"": [-0.31842, -0.227289, -0.049106], ""max"": [0.68158, 0.209183, 0.049828], ""size"": [1.0, 0.43647199999999997, 0.098934]}"
Tool,m1113_unified.obj,2042,4076,3,"{""min"": [-0.691214, -0.055344, -0.05314], ""max"": [0.308786, 0.055143, 0.057619], ""size"": [1.0, 0.110487, 0.110759]}"
Tool,m1114_unified.obj,4582,9067,3,"{""min"": [-0.262837, -0.049456, -0.049485], ""max"": [0.737163, 0.04948, 0.049451], ""size"": [1.0, 0.098936, 0.098936]}"
Tool,m1115_unified.obj,4786,9064,3,"{""min"": [-0.262622, -0.057141, -0.056084], ""max"": [0.737378, 0.057017, 0.058073], ""size"": [1.0, 0.114158, 0.11415700000000001]}"
Tool,m1116_unified.obj,4538,8936,3,"{""min"": [-0.300522, -0.045844, -0.050344], ""max"": [0.699478, 0.045809, 0.050346], ""size"": [1.0, 0.09165300000000001, 0.10069]}"
Tool,m1117_unified.obj,1720,3424,3,"{""min"": [-0.243241, -0.128605, -0.041852], ""max"": [0.756759, 0.130246, 0.051775], ""size"": [1.0, 0.258851, 0.093627]}"
Tool,m587_unified.obj,2512,4964,3,"{""min"": [-0.504504, -0.198165, -0.332828], ""max"": [0.495496, 0.44175, 0.327827], ""size"": [1.0, 0.639915, 0.660655]}"
Tool,m588_unified.obj,2545,4999,3,"{""min"": [-0.499505, -0.234192, -0.319646], ""max"": [0.500495, 0.537969, 0.332324], ""size"": [1.0, 0.7721610000000001, 0.6519699999999999]}"
Tool,m589_unified.obj,2354,4046,3,"{""min"": [-0.461807, -0.33897, -0.196848], ""max"": [0.538193, 0.371268, 0.269707], ""size"": [1.0, 0.7102379999999999, 0.46655499999999994]}"
Tool,m590_unified.obj,2797,4968,3,"{""min"": [-0.435328, -0.151429, -0.153145], ""max"": [0.564672, 0.234758, 0.15939], ""size"": [1.0, 0.386187, 0.312535]}"
Tool,m591_unified.obj,2487,4939,3,"{""min"": [-0.44889, -0.193247, -0.136671], ""max"": [0.55111, 0.286693, 0.151798], ""size"": [1.0, 0.47994, 0.288469]}"
Train,D01008_unified.obj,4469,8293,3,"{""min"": [-0.459488, -0.221508, -0.177211], ""max"": [0.540512, 0.252139, 0.176769], ""size"": [1.0, 0.47364700000000004, 0.35398]}"
Train,D01014_unified.obj,4232,7509,3,"{""min"": [-0.498857, -0.063063, -0.03902], ""max"": [0.501143, 0.066466, 0.039771], ""size"": [1.0, 0.129529, 0.078791]}"
Train,D01016_unified.obj,7751,10341,3,"{""min"": [-0.232605, -0.037262, -0.052528], ""max"": [0.767395, 0.039393, 0.061068], ""size"": [1.0, 0.076655, 0.113596]}"
Train,D01027_unified.obj,4886,9635,3,"{""min"": [-0.525318, -0.152137, -0.169865], ""max"": [0.474682, 0.355571, 0.156493], ""size"": [1.0, 0.507708, 0.326358]}"
Train,D01031_unified.obj,1257,2527,3,"{""min"": [-0.516158, -0.110854, -0.077257], ""max"": [0.483842, 0.122589, 0.079584], ""size"": [1.0, 0.233443, 0.156841]}"
Train,D01035_unified.obj,3012,5276,3,"{""min"": [-0.500096, -0.08781, -0.080881], ""max"": [0.499904, 0.225912, 0.080928], ""size"": [1.0, 0.313722, 0.16180899999999998]}"
Train,D01047_unified.obj,5442,10393,3,"{""min"": [-0.463708, -0.121321, -0.100267], ""max"": [0.536292, 0.173311, 0.100659], ""size"": [1.0, 0.294632, 0.200926]}"
Train,D01055_unified.obj,10966,20474,3,"{""min"": [-0.416854, -0.089029, -0.072149], ""max"": [0.583146, 0.152126, 0.076806], ""size"": [1.0, 0.241155, 0.148955]}"
Train,D01059_unified.obj,7243,12935,3,"{""min"": [-0.414306, -0.184179, -0.096815], ""max"": [0.585694, 0.154183, 0.125626], ""size"": [1.0, 0.338362, 0.222441]}"
Train,D01061_unified.obj,5906,11340,3,"{""min"": [-0.498274, -0.133901, -0.093729], ""max"": [0.501726, 0.233302, 0.09305], ""size"": [1.0, 0.367203, 0.186779]}"
Train,D01064_unified.obj,5037,9653,3,"{""min"": [-0.462552, -0.25469, -0.17989], ""max"": [0.537448, 0.352008, 0.177456], ""size"": [1.0, 0.606698, 0.357346]}"
Train,D01089_unified.obj,4389,8512,3,"{""min"": [-0.322618, -0.094475, -0.156139], ""max"": [0.677382, 0.100748, 0.103922], ""size"": [1.0, 0.195223, 0.260061]}"
Train,D01094_unified.obj,454,901,3,"{""min"": [-0.247472, -0.061992, -0.064706], ""max"": [0.752528, 0.136075, 0.064706], ""size"": [1.0, 0.198067, 0.129412]}"
Train,D01095_unified.obj,5905,10744,3,"{""min"": [-0.494524, -0.117545, -0.095072], ""max"": [0.505476, 0.247919, 0.095809], ""size"": [1.0, 0.365464, 0.19088100000000002]}"
Train,D01134_unified.obj,8714,14375,3,"{""min"": [-0.48398, -0.127502, -0.064828], ""max"": [0.51602, 0.116166, 0.065381], ""size"": [1.0, 0.243668, 0.130209]}"
Train,D01137_unified.obj,6311,11186,3,"{""min"": [-0.497695, -0.026385, -0.01659], ""max"": [0.502305, 0.02639, 0.045758], ""size"": [1.0, 0.052775, 0.062348]}"
Train,D01147_unified.obj,2378,4248,3,"{""min"": [-0.4451, -0.076331, -0.090337], ""max"": [0.5549, 0.074319, 0.058769], ""size"": [1.0, 0.15065, 0.14910600000000002]}"
Train,D01149_unified.obj,8377,12886,3,"{""min"": [-0.509769, -0.037527, -0.044068], ""max"": [0.490231, 0.038969, 0.052914], ""size"": [1.0, 0.076496, 0.09698200000000001]}"
Train,D01163_unified.obj,4521,8354,3,"{""min"": [-0.450521, -0.145409, -0.149369], ""max"": [0.549479, 0.149865, 0.259858], ""size"": [1.0, 0.29527400000000004, 0.409227]}"
Train,D01180_unified.obj,13593,25556,3,"{""min"": [-0.498479, -0.1122, -0.088258], ""max"": [0.501521, 0.200416, 0.088518], ""size"": [1.0, 0.312616, 0.176776]}"
Train,m1578_unified.obj,1194,2296,3,"{""min"": [-0.460347, -0.10437, -0.096675], ""max"": [0.539653, 0.297664, 0.095632], ""size"": [1.0, 0.402034, 0.192307]}"
Train,m1580_unified.obj,1400,2564,3,"{""min"": [-0.47093, -0.199682, -0.196648], ""max"": [0.52907, 0.214974, 0.198093], ""size"": [1.0, 0.414656, 0.394741]}"
Train,m1581_unified.obj,2717,4979,3,"{""min"": [-0.469611, -0.074593, -0.077892], ""max"": [0.530389, 0.197128, 0.077703], ""size"": [1.0, 0.271721, 0.15559499999999998]}"
Train,m1582_unified.obj,2512,4982,3,"{""min"": [-0.497197, -0.099408, -0.090109], ""max"": [0.502803, 0.176061, 0.088922], ""size"": [1.0, 0.27546899999999996, 0.179031]}"
Train,m1583_unified.obj,1169,2288,3,"{""min"": [-0.413348, -0.26708, -0.165799], ""max"": [0.586652, 0.340146, 0.157473], ""size"": [1.0, 0.607226, 0.323272]}"
Train,m1584_unified.obj,648,1264,3,"{""min"": [-0.499996, -0.143287, -0.189622], ""max"": [0.500004, 0.370121, 0.181229], ""size"": [1.0, 0.513408, 0.37085100000000004]}"
Train,m1585_unified.obj,2682,4996,3,"{""min"": [-0.487227, -0.207492, -0.18917], ""max"": [0.512773, 0.183314, 0.255201], ""size"": [1.0, 0.390806, 0.444371]}"
Train,m1586_unified.obj,2728,4999,3,"{""min"": [-0.39738, -0.145701, -0.192019], ""max"": [0.60262, 0.152437, 0.218429], ""size"": [1.0, 0.298138, 0.41044800000000004]}"
Train,m1587_unified.obj,2609,4985,3,"{""min"": [-0.495245, -0.156701, -0.159462], ""max"": [0.504755, 0.323788, 0.159313], ""size"": [1.0, 0.48048900000000005, 0.31877500000000003]}"
Train,m1588_unified.obj,2918,5000,3,"{""min"": [-0.481988, -0.110001, -0.121623], ""max"": [0.518012, 0.331861, 0.142519], ""size"": [1.0, 0.44186200000000003, 0.264142]}"
Tree,D00096_unified.obj,20853,5000,3,"{""min"": [-0.548157, -0.290366, -0.223172], ""max"": [0.451843, 0.238833, 0.187337], ""size"": [1.0, 0.529199, 0.410509]}"
Tree,D00200_unified.obj,14022,5000,3,"{""min"": [-0.341369, -0.234009, -0.235525], ""max"": [0.658631, 0.256789, 0.236611], ""size"": [1.0, 0.49079799999999996, 0.472136]}"
Tree,D00221_unified.obj,19355,5000,3,"{""min"": [-0.50832, -0.454672, -0.303791], ""max"": [0.49168, 0.530105, 0.646419], ""size"": [1.0, 0.984777, 0.95021]}"
Tree,D00223_unified.obj,24205,5000,3,"{""min"": [-0.462511, -0.50238, -0.277036], ""max"": [0.498433, 0.49762, 0.62184], ""size"": [0.960944, 1.0, 0.898876]}"
Tree,D00367_unified.obj,2783,3692,3,"{""min"": [-0.256228, -0.368922, -0.298143], ""max"": [0.743772, 0.403829, 0.386574], ""size"": [1.0, 0.772751, 0.684717]}"
Tree,D00385_unified.obj,10362,4997,3,"{""min"": [-0.407471, -0.398634, -0.335864], ""max"": [0.592529, 0.532216, 0.398226], ""size"": [1.0, 0.93085, 0.73409]}"
Tree,D00393_unified.obj,5995,5000,3,"{""min"": [-0.470293, -0.436864, -0.299429], ""max"": [0.485697, 0.563136, 0.587707], ""size"": [0.95599, 1.0, 0.8871359999999999]}"
Tree,D00439_unified.obj,21347,5000,3,"{""min"": [-0.460059, -0.343055, -0.259124], ""max"": [0.499693, 0.376376, 0.740876], ""size"": [0.9597519999999999, 0.7194309999999999, 1.0]}"
Tree,D00456_unified.obj,5097,6784,3,"{""min"": [-0.247173, -0.150922, -0.155525], ""max"": [0.752827, 0.162957, 0.155519], ""size"": [1.0, 0.313879, 0.311044]}"
Tree,D00479_unified.obj,10424,5000,3,"{""min"": [-0.42897, -0.45062, -0.340386], ""max"": [0.538241, 0.465253, 0.659614], ""size"": [0.967211, 0.915873, 1.0]}"
Tree,D00533_unified.obj,19954,5000,3,"{""min"": [-0.268789, -0.245396, -0.227988], ""max"": [0.731211, 0.272772, 0.243843], ""size"": [1.0, 0.518168, 0.471831]}"
Tree,D00573_unified.obj,12317,5000,3,"{""min"": [-0.406244, -0.426922, -0.177514], ""max"": [0.412995, 0.401733, 0.822486], ""size"": [0.819239, 0.828655, 1.0]}"
Tree,D00612_unified.obj,11385,4891,3,"{""min"": [-0.550161, -0.311526, -0.308957], ""max"": [0.449839, 0.283974, 0.285648], ""size"": [1.0, 0.5955, 0.594605]}"
Tree,D00727_unified.obj,12913,5000,3,"{""min"": [-0.500974, -0.438987, -0.420957], ""max"": [0.499026, 0.459369, 0.537435], ""size"": [1.0, 0.898356, 0.958392]}"
Tree,D00765_unified.obj,11903,4999,3,"{""min"": [-0.447106, -0.32738, -0.288571], ""max"": [0.552894, 0.436795, 0.430176], ""size"": [1.0, 0.764175, 0.718747]}"
Tree,D00777_unified.obj,13763,4980,3,"{""min"": [-0.4188, -0.271007, -0.269906], ""max"": [0.5812, 0.269674, 0.268966], ""size"": [1.0, 0.540681, 0.538872]}"
Tree,D00810_unified.obj,6119,5000,3,"{""min"": [-0.393371, -0.376891, -0.28006], ""max"": [0.465249, 0.623109, 0.317546], ""size"": [0.85862, 1.0, 0.597606]}"
Tree,D00834_unified.obj,23081,5000,3,"{""min"": [-0.34112, -0.243694, -0.278064], ""max"": [0.65888, 0.264678, 0.228099], ""size"": [1.0, 0.508372, 0.5061629999999999]}"
Tree,D00911_unified.obj,8054,5000,3,"{""min"": [-0.496205, -0.475239, -0.335296], ""max"": [0.503795, 0.508654, 0.625288], ""size"": [1.0, 0.9838930000000001, 0.9605839999999999]}"
Tree,D00996_unified.obj,15063,5000,3,"{""min"": [-0.466132, -0.471856, -0.327458], ""max"": [0.533868, 0.488379, 0.568433], ""size"": [1.0, 0.960235, 0.895891]}"
Tree,m1050_unified.obj,5410,4629,3,"{""min"": [-0.440813, -0.252685, -0.285349], ""max"": [0.559187, 0.295217, 0.303604], ""size"": [1.0, 0.547902, 0.5889530000000001]}"
Tree,m1062_unified.obj,1344,2679,3,"{""min"": [-0.4748, -0.270828, -0.139617], ""max"": [0.5252, 0.480858, 0.229363], ""size"": [1.0, 0.7516860000000001, 0.36898]}"
Tree,m1063_unified.obj,1794,3376,3,"{""min"": [-0.459095, -0.325458, -0.304795], ""max"": [0.540905, 0.334973, 0.678992], ""size"": [1.0, 0.660431, 0.983787]}"
Tree,m1064_unified.obj,6757,7200,3,"{""min"": [-0.390662, -0.338744, -0.274742], ""max"": [0.609338, 0.382363, 0.347919], ""size"": [1.0, 0.7211069999999999, 0.6226609999999999]}"
Tree,m1065_unified.obj,6989,6440,3,"{""min"": [-0.321455, -0.236924, -0.197435], ""max"": [0.395323, 0.763076, 0.309674], ""size"": [0.7167779999999999, 1.0, 0.507109]}"
Tree,m1066_unified.obj,5687,8168,3,"{""min"": [-0.307076, -0.321451, -0.226042], ""max"": [0.59393, 0.678549, 0.228943], ""size"": [0.901006, 1.0, 0.454985]}"
Tree,m1067_unified.obj,3792,6840,3,"{""min"": [-0.357773, -0.34116, -0.336677], ""max"": [0.642227, 0.355903, 0.272821], ""size"": [1.0, 0.697063, 0.609498]}"
Tree,m1068_unified.obj,4464,7379,3,"{""min"": [-0.466064, -0.404662, -0.277955], ""max"": [0.533936, 0.455411, 0.595306], ""size"": [1.0, 0.8600730000000001, 0.8732610000000001]}"
Tree,m1069_unified.obj,6133,5000,3,"{""min"": [-0.509775, -0.494046, -0.281], ""max"": [0.490225, 0.497078, 0.708459], ""size"": [1.0, 0.991124, 0.989459]}"
Tree,m1070_unified.obj,3468,4536,3,"{""min"": [-0.337214, -0.196458, -0.142257], ""max"": [0.662786, 0.218786, 0.16716], ""size"": [1.0, 0.415244, 0.309417]}"
Tree,m1071_unified.obj,3904,7064,3,"{""min"": [-0.490793, -0.312805, -0.326714], ""max"": [0.509207, 0.342154, 0.323562], ""size"": [1.0, 0.6549590000000001, 0.6502760000000001]}"
Tree,m1072_unified.obj,3954,5184,3,"{""min"": [-0.301454, -0.268514, -0.232649], ""max"": [0.698546, 0.262997, 0.265781], ""size"": [1.0, 0.531511, 0.49843]}"
Tree,m1075_unified.obj,2242,4448,3,"{""min"": [-0.305982, -0.411409, -0.107096], ""max"": [0.694018, 0.228276, 0.299867], ""size"": [1.0, 0.6396850000000001, 0.40696299999999996]}"
Tree,m1077_unified.obj,3036,5872,3,"{""min"": [-0.421711, -0.34004, -0.350513], ""max"": [0.578289, 0.405968, 0.37609], ""size"": [1.0, 0.746008, 0.726603]}"
Tree,m1078_unified.obj,2118,2784,3,"{""min"": [-0.358144, -0.179954, -0.119168], ""max"": [0.641856, 0.208317, 0.139524], ""size"": [1.0, 0.38827100000000003, 0.25869200000000003]}"
Tree,m1079_unified.obj,545,1040,3,"{""min"": [-0.430835, -0.133148, -0.14], ""max"": [0.569165, 0.133148, 0.14], ""size"": [1.0, 0.266296, 0.28]}"
Tree,m1082_unified.obj,292,560,3,"{""min"": [-0.364574, -0.227848, -0.216696], ""max"": [0.635426, 0.227848, 0.216697], ""size"": [1.0, 0.455696, 0.43339300000000003]}"
Tree,m1086_unified.obj,5182,5000,3,"{""min"": [-0.501191, -0.158543, -0.153779], ""max"": [0.498809, 0.161953, 0.157416], ""size"": [1.0, 0.320496, 0.311195]}"
Tree,m1089_unified.obj,595,1056,3,"{""min"": [-0.233343, -0.286525, -0.25098], ""max"": [0.766657, 0.283245, 0.260661], ""size"": [1.0, 0.56977, 0.511641]}"
Tree,m1090_unified.obj,2518,5000,3,"{""min"": [-0.237618, -0.284132, -0.162848], ""max"": [0.762382, 0.395252, 0.228797], ""size"": [1.0, 0.679384, 0.391645]}"
Tree,m1091_unified.obj,2457,3814,3,"{""min"": [-0.177951, -0.316495, -0.253821], ""max"": [0.822049, 0.299544, 0.333955], ""size"": [1.0, 0.616039, 0.5877760000000001]}"
Tree,m1092_unified.obj,1294,2552,3,"{""min"": [-0.196586, -0.494112, -0.3063], ""max"": [0.493061, 0.505888, 0.492801], ""size"": [0.689647, 1.0, 0.7991010000000001]}"
Tree,m1093_unified.obj,4330,7779,3,"{""min"": [-0.157641, -0.398762, -0.365898], ""max"": [0.842359, 0.332723, 0.334665], ""size"": [1.0, 0.7314849999999999, 0.700563]}"
Tree,m1095_unified.obj,3846,5722,3,"{""min"": [-0.368509, -0.435835, -0.527524], ""max"": [0.631491, 0.47043, 0.451811], ""size"": [1.0, 0.906265, 0.9793350000000001]}"
Tree,m1096_unified.obj,3039,5504,3,"{""min"": [-0.205206, -0.271506, -0.267178], ""max"": [0.794794, 0.286704, 0.272427], ""size"": [1.0, 0.5582100000000001, 0.539605]}"
Tree,m1097_unified.obj,99,124,3,"{""min"": [-0.263287, -0.204951, -0.001162], ""max"": [0.736713, 0.201342, 0.003139], ""size"": [1.0, 0.406293, 0.004301]}"
Tree,m1098_unified.obj,3439,3648,3,"{""min"": [-0.449562, -0.495246, -0.382008], ""max"": [0.492959, 0.504754, 0.436588], ""size"": [0.9425209999999999, 1.0, 0.818596]}"
Truck,D00002_unified.obj,480,836,3,"{""min"": [-0.459957, -0.199718, -0.155312], ""max"": [0.540043, 0.203733, 0.195963], ""size"": [1.0, 0.403451, 0.351275]}"
Truck,D00003_unified.obj,6655,11729,3,"{""min"": [-0.451766, -0.249364, -0.231952], ""max"": [0.548234, 0.26188, 0.245604], ""size"": [1.0, 0.511244, 0.477556]}"
Truck,D00010_unified.obj,6925,12699,3,"{""min"": [-0.409883, -0.166801, -0.139514], ""max"": [0.590117, 0.170401, 0.301758], ""size"": [1.0, 0.337202, 0.441272]}"
Truck,D00029_unified.obj,5208,9206,3,"{""min"": [-0.499014, -0.172282, -0.099766], ""max"": [0.500986, 0.14909, 0.121822], ""size"": [1.0, 0.321372, 0.221588]}"
Truck,D00047_unified.obj,3640,7091,3,"{""min"": [-0.470656, -0.093125, -0.09626], ""max"": [0.529344, 0.23717, 0.108306], ""size"": [1.0, 0.330295, 0.204566]}"
Truck,D00056_unified.obj,4148,7149,3,"{""min"": [-0.282274, -0.102282, -0.106374], ""max"": [0.717726, 0.22739, 0.134379], ""size"": [1.0, 0.329672, 0.240753]}"
Truck,D00112_unified.obj,7835,13870,3,"{""min"": [-0.408558, -0.120511, -0.128917], ""max"": [0.591442, 0.302865, 0.121799], ""size"": [1.0, 0.423376, 0.250716]}"
Truck,D00158_unified.obj,8309,15089,3,"{""min"": [-0.410514, -0.190649, -0.169437], ""max"": [0.589486, 0.187101, 0.280385], ""size"": [1.0, 0.37775000000000003, 0.449822]}"
Truck,D00241_unified.obj,1162,2273,3,"{""min"": [-0.471582, -0.090446, -0.064517], ""max"": [0.528418, 0.092922, 0.186612], ""size"": [1.0, 0.183368, 0.251129]}"
Truck,D00287_unified.obj,5271,9839,3,"{""min"": [-0.511921, -0.225978, -0.187059], ""max"": [0.488079, 0.226116, 0.287704], ""size"": [1.0, 0.452094, 0.47476300000000005]}"
Truck,D00303_unified.obj,8923,15896,3,"{""min"": [-0.36856, -0.092136, -0.086194], ""max"": [0.63144, 0.217054, 0.088723], ""size"": [1.0, 0.30918999999999996, 0.174917]}"
Truck,D00331_unified.obj,4990,9544,3,"{""min"": [-0.490425, -0.105249, -0.089567], ""max"": [0.509575, 0.092329, 0.154421], ""size"": [1.0, 0.19757799999999998, 0.24398799999999998]}"
Truck,D00406_unified.obj,1419,2610,3,"{""min"": [-0.246697, -0.197169, -0.142342], ""max"": [0.753303, 0.194115, 0.379998], ""size"": [1.0, 0.391284, 0.52234]}"
Truck,D00424_unified.obj,3725,7370,3,"{""min"": [-0.43402, -0.076961, -0.068729], ""max"": [0.56598, 0.067278, 0.192195], ""size"": [1.0, 0.144239, 0.260924]}"
Truck,D00518_unified.obj,5411,9628,3,"{""min"": [-0.537768, -0.110458, -0.09894], ""max"": [0.462232, 0.11497, 0.25194], ""size"": [1.0, 0.22542800000000002, 0.35087999999999997]}"
Truck,D00804_unified.obj,6526,11672,3,"{""min"": [-0.462405, -0.157494, -0.147754], ""max"": [0.537595, 0.156044, 0.278325], ""size"": [1.0, 0.313538, 0.426079]}"
Truck,D00835_unified.obj,11713,20027,3,"{""min"": [-0.504286, -0.159461, -0.105562], ""max"": [0.495714, 0.165322, 0.228424], ""size"": [1.0, 0.324783, 0.333986]}"
Truck,D00926_unified.obj,5547,9886,3,"{""min"": [-0.53144, -0.131702, -0.066627], ""max"": [0.46856, 0.089023, 0.063884], ""size"": [1.0, 0.220725, 0.130511]}"
Truck,D00947_unified.obj,2530,4885,3,"{""min"": [-0.449906, -0.192868, -0.176912], ""max"": [0.550094, 0.191762, 0.300286], ""size"": [1.0, 0.38463, 0.477198]}"
Truck,D00987_unified.obj,13138,23109,3,"{""min"": [-0.370913, -0.140601, -0.129248], ""max"": [0.629087, 0.143126, 0.249808], ""size"": [1.0, 0.283727, 0.379056]}"
Truck,m1570_unified.obj,1445,2353,3,"{""min"": [-0.371267, -0.131427, -0.129556], ""max"": [0.628733, 0.256492, 0.110422], ""size"": [1.0, 0.387919, 0.23997800000000002]}"
Truck,m1571_unified.obj,2963,4995,3,"{""min"": [-0.478394, -0.158121, -0.168114], ""max"": [0.521606, 0.156721, 0.264034], ""size"": [1.0, 0.314842, 0.432148]}"
Truck,m1572_unified.obj,2712,4999,3,"{""min"": [-0.498791, -0.090788, -0.062072], ""max"": [0.501209, 0.086464, 0.223397], ""size"": [1.0, 0.177252, 0.28546900000000003]}"
Truck,m1573_unified.obj,1461,2490,3,"{""min"": [-0.204, -0.134725, -0.331508], ""max"": [0.796, 0.143809, 0.173741], ""size"": [1.0, 0.278534, 0.5052490000000001]}"
Truck,m1574_unified.obj,2576,4986,3,"{""min"": [-0.510731, -0.209549, -0.14649], ""max"": [0.489269, 0.225177, 0.389906], ""size"": [1.0, 0.434726, 0.536396]}"
Truck,m1575_unified.obj,2882,5000,3,"{""min"": [-0.497498, -0.187809, -0.172956], ""max"": [0.502502, 0.198734, 0.382493], ""size"": [1.0, 0.38654299999999997, 0.5554490000000001]}"
Truck,m1576_unified.obj,2470,4695,3,"{""min"": [-0.458744, -0.154538, -0.178496], ""max"": [0.541256, 0.155229, 0.211194], ""size"": [1.0, 0.309767, 0.38969]}"
TruckNonContainer,D00055_unified.obj,7635,14731,3,"{""min"": [-0.495584, -0.223875, -0.207778], ""max"": [0.504416, 0.216273, 0.47185], ""size"": [1.0, 0.440148, 0.679628]}"
TruckNonContainer,D00143_unified.obj,3621,7152,3,"{""min"": [-0.478062, -0.236318, -0.217498], ""max"": [0.521938, 0.530075, 0.220903], ""size"": [1.0, 0.766393, 0.438401]}"
TruckNonContainer,D00148_unified.obj,2446,4629,3,"{""min"": [-0.298033, -0.191791, -0.179752], ""max"": [0.701967, 0.194196, 0.244672], ""size"": [1.0, 0.38598699999999997, 0.424424]}"
TruckNonContainer,D00215_unified.obj,4406,7839,3,"{""min"": [-0.430758, -0.180954, -0.186657], ""max"": [0.569242, 0.183422, 0.191609], ""size"": [1.0, 0.36437600000000003, 0.378266]}"
TruckNonContainer,D00252_unified.obj,2288,4415,3,"{""min"": [-0.426435, -0.199631, -0.177406], ""max"": [0.573565, 0.20305, 0.332973], ""size"": [1.0, 0.402681, 0.510379]}"
TruckNonContainer,D00266_unified.obj,6895,12657,3,"{""min"": [-0.499025, -0.211889, -0.145584], ""max"": [0.500975, 0.199259, 0.268193], ""size"": [1.0, 0.41114799999999996, 0.413777]}"
TruckNonContainer,D00267_unified.obj,6032,11838,3,"{""min"": [-0.472158, -0.22479, -0.142102], ""max"": [0.527842, 0.222111, 0.393726], ""size"": [1.0, 0.446901, 0.535828]}"
TruckNonContainer,D00275_unified.obj,5489,10832,3,"{""min"": [-0.449486, -0.146297, -0.103897], ""max"": [0.550514, 0.146715, 0.275815], ""size"": [1.0, 0.29301200000000005, 0.379712]}"
TruckNonContainer,D00283_unified.obj,6907,10890,3,"{""min"": [-0.390596, -0.288366, -0.292289], ""max"": [0.609404, 0.384593, 0.44922], ""size"": [1.0, 0.6729590000000001, 0.741509]}"
TruckNonContainer,D00353_unified.obj,11890,21502,3,"{""min"": [-0.439652, -0.253376, -0.242077], ""max"": [0.560348, 0.356789, 0.331313], ""size"": [1.0, 0.6101650000000001, 0.5733900000000001]}"
TruckNonContainer,D00553_unified.obj,7248,13671,3,"{""min"": [-0.363242, -0.178709, -0.192869], ""max"": [0.636758, 0.179381, 0.268499], ""size"": [1.0, 0.35809, 0.461368]}"
TruckNonContainer,D00572_unified.obj,4651,9000,3,"{""min"": [-0.339942, -0.147262, -0.122434], ""max"": [0.660058, 0.15259, 0.176775], ""size"": [1.0, 0.299852, 0.299209]}"
TruckNonContainer,D00608_unified.obj,7080,12883,3,"{""min"": [-0.435439, -0.201023, -0.186328], ""max"": [0.564561, 0.201819, 0.264363], ""size"": [1.0, 0.40284200000000003, 0.450691]}"
TruckNonContainer,D00619_unified.obj,5231,10302,3,"{""min"": [-0.433496, -0.141851, -0.140955], ""max"": [0.566504, 0.142343, 0.364358], ""size"": [1.0, 0.284194, 0.505313]}"
TruckNonContainer,D00699_unified.obj,5070,10233,3,"{""min"": [-0.444242, -0.209371, -0.100816], ""max"": [0.555758, 0.210495, 0.323113], ""size"": [1.0, 0.41986599999999996, 0.423929]}"
TruckNonContainer,D00731_unified.obj,4918,9753,3,"{""min"": [-0.449767, -0.168044, -0.124439], ""max"": [0.550233, 0.168141, 0.284618], ""size"": [1.0, 0.336185, 0.409057]}"
TruckNonContainer,D00737_unified.obj,2561,4322,3,"{""min"": [-0.429351, -0.247737, -0.201133], ""max"": [0.570649, 0.25026, 0.317605], ""size"": [1.0, 0.497997, 0.518738]}"
TruckNonContainer,D00783_unified.obj,5246,10001,3,"{""min"": [-0.417198, -0.182353, -0.126019], ""max"": [0.582802, 0.188747, 0.256199], ""size"": [1.0, 0.3711, 0.382218]}"
TruckNonContainer,D00879_unified.obj,4278,8358,3,"{""min"": [-0.465107, -0.256274, -0.163876], ""max"": [0.534893, 0.274757, 0.37906], ""size"": [1.0, 0.531031, 0.542936]}"
TruckNonContainer,D00943_unified.obj,8850,14607,3,"{""min"": [-0.424481, -0.183562, -0.155717], ""max"": [0.575519, 0.173264, 0.347535], ""size"": [1.0, 0.356826, 0.503252]}"
Vase,m527_unified.obj,698,1392,3,"{""min"": [-0.498294, -0.479687, -0.491838], ""max"": [0.501706, 0.503733, 0.491839], ""size"": [1.0, 0.98342, 0.983677]}"
Vase,m528_unified.obj,2521,4999,3,"{""min"": [-0.383197, -0.199181, -0.174133], ""max"": [0.616803, 0.20008, 0.174164], ""size"": [1.0, 0.399261, 0.348297]}"
Vase,m529_unified.obj,1737,3108,3,"{""min"": [-0.498125, -0.525725, -0.348109], ""max"": [0.486277, 0.474275, 0.482739], ""size"": [0.984402, 1.0, 0.830848]}"
Vase,m531_unified.obj,1296,2592,3,"{""min"": [-0.281694, -0.24744, -0.247415], ""max"": [0.718306, 0.247438, 0.247433], ""size"": [1.0, 0.494878, 0.49484799999999995]}"
Vase,m532_unified.obj,948,1856,3,"{""min"": [-0.478403, -0.203889, -0.203888], ""max"": [0.521597, 0.203889, 0.203889], ""size"": [1.0, 0.407778, 0.407777]}"
Vase,m533_unified.obj,130,256,3,"{""min"": [-0.382838, -0.311494, -0.263715], ""max"": [0.617162, 0.311436, 0.263743], ""size"": [1.0, 0.62293, 0.527458]}"
Vase,m534_unified.obj,961,1920,3,"{""min"": [-0.439534, -0.329323, -0.329246], ""max"": [0.560466, 0.329291, 0.329315], ""size"": [1.0, 0.658614, 0.658561]}"
Vase,m535_unified.obj,672,1280,3,"{""min"": [-0.412571, -0.338192, -0.338192], ""max"": [0.587429, 0.338131, 0.338132], ""size"": [1.0, 0.676323, 0.6763239999999999]}"
Vase,m536_unified.obj,2502,5000,3,"{""min"": [-0.510424, -0.249191, -0.249838], ""max"": [0.489576, 0.250419, 0.249552], ""size"": [1.0, 0.49961, 0.49939]}"
Vase,m537_unified.obj,2016,4032,3,"{""min"": [-0.459434, -0.287777, -0.287986], ""max"": [0.540566, 0.287778, 0.287485], ""size"": [1.0, 0.575555, 0.5754710000000001]}"
Vase,m538_unified.obj,1219,2403,3,"{""min"": [-0.498074, -0.49871, -0.242164], ""max"": [0.500498, 0.50129, 0.305557], ""size"": [0.998572, 1.0, 0.547721]}"
Vase,m539_unified.obj,2526,5004,3,"{""min"": [-0.508044, -0.383704, -0.380816], ""max"": [0.491956, 0.385592, 0.382061], ""size"": [1.0, 0.769296, 0.762877]}"
Vase,m540_unified.obj,1210,2416,3,"{""min"": [-0.353176, -0.485098, -0.486085], ""max"": [0.500629, 0.514902, 0.47844], ""size"": [0.8538049999999999, 1.0, 0.964525]}"
Vase,m541_unified.obj,1221,1630,3,"{""min"": [-0.315044, -0.446253, -0.451344], ""max"": [0.684956, 0.456049, 0.450763], ""size"": [1.0, 0.9023019999999999, 0.902107]}"
Vase,m542_unified.obj,1162,2288,3,"{""min"": [-0.490299, -0.498395, -0.324611], ""max"": [0.472738, 0.501605, 0.325115], ""size"": [0.9630369999999999, 1.0, 0.649726]}"
Vase,m543_unified.obj,2442,4784,3,"{""min"": [-0.317605, -0.446213, -0.450998], ""max"": [0.682395, 0.456091, 0.451109], ""size"": [1.0, 0.902304, 0.902107]}"
Vase,m544_unified.obj,4002,8000,3,"{""min"": [-0.334985, -0.336393, -0.336722], ""max"": [0.665015, 0.338257, 0.337931], ""size"": [1.0, 0.67465, 0.674653]}"
Vase,m545_unified.obj,1602,3200,3,"{""min"": [-0.499324, -0.499431, -0.162847], ""max"": [0.500675, 0.500569, 0.243726], ""size"": [0.999999, 1.0, 0.40657299999999996]}"
Vase,m546_unified.obj,4002,8000,3,"{""min"": [-0.335532, -0.337323, -0.338359], ""max"": [0.664468, 0.339453, 0.338422], ""size"": [1.0, 0.676776, 0.6767810000000001]}"
Vase,m547_unified.obj,2065,4000,3,"{""min"": [-0.497745, -0.499144, -0.168723], ""max"": [0.502255, 0.499986, 0.567804], ""size"": [1.0, 0.99913, 0.7365269999999999]}"
Violin,D00108_unified.obj,1529,2675,3,"{""min"": [-0.46366, -0.18102, -0.042001], ""max"": [0.53634, 0.181188, 0.06898], ""size"": [1.0, 0.362208, 0.110981]}"
Violin,D00216_unified.obj,3864,7500,3,"{""min"": [-0.393539, -0.165031, -0.084844], ""max"": [0.606461, 0.186351, 0.060174], ""size"": [1.0, 0.35138199999999997, 0.145018]}"
Violin,D00250_unified.obj,4066,8122,3,"{""min"": [-0.43708, -0.164213, -0.066445], ""max"": [0.56292, 0.17526, 0.061024], ""size"": [1.0, 0.339473, 0.127469]}"
Violin,D00324_unified.obj,2453,4598,3,"{""min"": [-0.474696, -0.154257, -0.052322], ""max"": [0.525304, 0.161314, 0.113673], ""size"": [1.0, 0.31557100000000005, 0.165995]}"
Violin,D00340_unified.obj,4315,8078,3,"{""min"": [-0.46885, -0.177848, -0.059385], ""max"": [0.53115, 0.179355, 0.047356], ""size"": [1.0, 0.357203, 0.106741]}"
Violin,D00349_unified.obj,1299,2410,3,"{""min"": [-0.528091, -0.174525, -0.059654], ""max"": [0.471909, 0.169577, 0.090166], ""size"": [1.0, 0.344102, 0.14982]}"
Violin,D00358_unified.obj,7434,14674,3,"{""min"": [-0.400616, -0.155591, -0.058342], ""max"": [0.599384, 0.184223, 0.052771], ""size"": [1.0, 0.339814, 0.11111299999999999]}"
Violin,D00376_unified.obj,1069,2065,3,"{""min"": [-0.315992, -0.149118, -0.040799], ""max"": [0.684008, 0.15103, 0.057863], ""size"": [1.0, 0.30014799999999997, 0.098662]}"
Violin,D00506_unified.obj,2841,4979,3,"{""min"": [-0.532381, -0.161116, -0.061886], ""max"": [0.467619, 0.156167, 0.055496], ""size"": [1.0, 0.317283, 0.11738199999999999]}"
Violin,D00570_unified.obj,2068,3765,3,"{""min"": [-0.536532, -0.174278, -0.0483], ""max"": [0.463468, 0.181868, 0.060124], ""size"": [1.0, 0.35614599999999996, 0.10842399999999999]}"
Violin,D00598_unified.obj,6831,13009,3,"{""min"": [-0.26489, -0.137997, -0.047038], ""max"": [0.73511, 0.118179, 0.061921], ""size"": [1.0, 0.256176, 0.108959]}"
Violin,D00602_unified.obj,3456,6681,3,"{""min"": [-0.531972, -0.135559, -0.075815], ""max"": [0.468028, 0.143163, 0.067456], ""size"": [1.0, 0.278722, 0.14327099999999998]}"
Violin,D00620_unified.obj,771,4653,3,"{""min"": [-0.314361, -0.191686, -0.021608], ""max"": [0.685639, 0.194243, 0.064451], ""size"": [1.0, 0.38592899999999997, 0.086059]}"
Violin,D00675_unified.obj,3971,7818,3,"{""min"": [-0.515018, -0.14208, -0.059178], ""max"": [0.484982, 0.172112, 0.066376], ""size"": [1.0, 0.314192, 0.125554]}"
Violin,D00701_unified.obj,2197,4144,3,"{""min"": [-0.512136, -0.168278, -0.029131], ""max"": [0.487864, 0.185078, 0.040309], ""size"": [1.0, 0.353356, 0.06944]}"
Violin,D00704_unified.obj,799,4173,3,"{""min"": [-0.451367, -0.155968, -0.067946], ""max"": [0.548633, 0.157567, 0.08329], ""size"": [1.0, 0.313535, 0.151236]}"
Violin,D00743_unified.obj,465,910,3,"{""min"": [-0.421968, -0.128654, -0.054873], ""max"": [0.578032, 0.12924, 0.076223], ""size"": [1.0, 0.25789399999999996, 0.131096]}"
Violin,D00891_unified.obj,1959,3821,3,"{""min"": [-0.419415, -0.18108, -0.038106], ""max"": [0.580585, 0.165916, 0.06562], ""size"": [1.0, 0.34699599999999997, 0.103726]}"
Violin,D00898_unified.obj,7664,13343,3,"{""min"": [-0.428709, -0.175597, -0.062714], ""max"": [0.571291, 0.176545, 0.089457], ""size"": [1.0, 0.352142, 0.152171]}"
Violin,D00993_unified.obj,7350,14270,3,"{""min"": [-0.504376, -0.151911, -0.097387], ""max"": [0.495624, 0.152097, 0.076633], ""size"": [1.0, 0.304008, 0.17402]}"
Wheel,m733_unified.obj,2596,5184,3,"{""min"": [-0.501126, -0.490341, -0.210267], ""max"": [0.498874, 0.507793, 0.228362], ""size"": [1.0, 0.9981340000000001, 0.43862900000000005]}"
Wheel,m734_unified.obj,4488,7264,3,"{""min"": [-0.49794, -0.5, -0.087], ""max"": [0.49794, 0.5, 0.101349], ""size"": [0.99588, 1.0, 0.188349]}"
Wheel,m735_unified.obj,2820,5600,3,"{""min"": [-0.499835, -0.499906, -0.044651], ""max"": [0.500165, 0.500093, 0.04855], ""size"": [1.0, 0.9999990000000001, 0.093201]}"
Wheel,m736_unified.obj,1962,3888,3,"{""min"": [-0.500021, -0.500004, -0.111647], ""max"": [0.499977, 0.499996, 0.111647], ""size"": [0.999998, 1.0, 0.223294]}"
Wheel,m737_unified.obj,2728,4776,3,"{""min"": [-0.498824, -0.498053, -0.262933], ""max"": [0.501176, 0.501086, 0.278761], ""size"": [1.0, 0.999139, 0.5416939999999999]}"
Wheel,m738_unified.obj,1513,2760,3,"{""min"": [-0.499907, -0.499893, -0.250518], ""max"": [0.500093, 0.500102, 0.256073], ""size"": [1.0, 0.999995, 0.506591]}"
Wheel,m739_unified.obj,3230,6496,3,"{""min"": [-0.50004, -0.499984, -0.141376], ""max"": [0.499946, 0.500016, 0.268759], ""size"": [0.999986, 1.0, 0.410135]}"
Wheel,m740_unified.obj,2958,4816,3,"{""min"": [-0.501021, -0.501718, -0.067203], ""max"": [0.498814, 0.498282, 0.410338], ""size"": [0.999835, 1.0, 0.477541]}"
Wheel,m741_unified.obj,2882,5688,3,"{""min"": [-0.459485, -0.466627, -0.466627], ""max"": [0.540515, 0.466627, 0.466627], ""size"": [1.0, 0.933254, 0.933254]}"
Wheel,m742_unified.obj,1018,2032,3,"{""min"": [-0.5, -0.5, -0.092767], ""max"": [0.5, 0.5, 0.092767], ""size"": [1.0, 1.0, 0.185534]}"
Wheel,m743_unified.obj,2042,4080,3,"{""min"": [-0.5, -0.5, -0.045476], ""max"": [0.5, 0.5, 0.045476], ""size"": [1.0, 1.0, 0.090952]}"
Wheel,m744_unified.obj,2500,5000,3,"{""min"": [-0.499787, -0.499988, -0.204857], ""max"": [0.500213, 0.499743, 0.207836], ""size"": [1.0, 0.9997309999999999, 0.412693]}"
Wheel,m745_unified.obj,3320,6640,3,"{""min"": [-0.498005, -0.494429, -0.192489], ""max"": [0.501742, 0.505571, 0.343503], ""size"": [0.9997469999999999, 1.0, 0.535992]}"
Wheel,m746_unified.obj,284,512,3,"{""min"": [-0.350814, -0.494028, -0.495483], ""max"": [0.350846, 0.499304, 0.504517], ""size"": [0.70166, 0.9933320000000001, 1.0]}"
Wheel,m747_unified.obj,506,1008,3,"{""min"": [-0.504049, -0.5034, -0.070512], ""max"": [0.495548, 0.4966, 0.070452], ""size"": [0.999597, 1.0, 0.140964]}"
Wheel,m748_unified.obj,4988,9960,3,"{""min"": [-0.500123, -0.495513, -0.103082], ""max"": [0.499877, 0.504487, 0.267096], ""size"": [1.0, 1.0, 0.370178]}"
Wheel,m749_unified.obj,634,1260,3,"{""min"": [-0.49126, -0.496557, -0.053941], ""max"": [0.50874, 0.500576, 0.054544], ""size"": [1.0, 0.997133, 0.108485]}"
WheelChair,D00004_unified.obj,2623,4999,3,"{""min"": [-0.218645, -0.246313, -0.211533], ""max"": [0.781355, 0.240573, 0.228562], ""size"": [1.0, 0.48688600000000004, 0.440095]}"
WheelChair,D00070_unified.obj,2550,5000,3,"{""min"": [-0.427778, -0.248569, -0.32486], ""max"": [0.572222, 0.257006, 0.289384], ""size"": [1.0, 0.505575, 0.614244]}"
WheelChair,D00088_unified.obj,2652,5000,3,"{""min"": [-0.483404, -0.300922, -0.365907], ""max"": [0.516596, 0.248597, 0.243577], ""size"": [1.0, 0.5495190000000001, 0.6094839999999999]}"
WheelChair,D00183_unified.obj,3059,5646,3,"{""min"": [-0.467576, -0.282165, -0.266982], ""max"": [0.532424, 0.241037, 0.294448], ""size"": [1.0, 0.523202, 0.56143]}"
WheelChair,D00203_unified.obj,3418,6414,3,"{""min"": [-0.283057, -0.280667, -0.28781], ""max"": [0.716943, 0.278849, 0.351672], ""size"": [1.0, 0.559516, 0.639482]}"
WheelChair,D00274_unified.obj,1912,3119,3,"{""min"": [-0.347871, -0.264424, -0.267721], ""max"": [0.652129, 0.269829, 0.261376], ""size"": [1.0, 0.534253, 0.5290969999999999]}"
WheelChair,D00290_unified.obj,2584,5000,3,"{""min"": [-0.541819, -0.239653, -0.279903], ""max"": [0.458181, 0.300055, 0.273839], ""size"": [1.0, 0.5397080000000001, 0.553742]}"
WheelChair,D00365_unified.obj,2538,5000,3,"{""min"": [-0.434643, -0.278662, -0.284582], ""max"": [0.565357, 0.269057, 0.289772], ""size"": [1.0, 0.5477190000000001, 0.574354]}"
WheelChair,D00394_unified.obj,2584,4977,3,"{""min"": [-0.401649, -0.247704, -0.279986], ""max"": [0.598351, 0.286459, 0.296351], ""size"": [1.0, 0.534163, 0.576337]}"
WheelChair,D00449_unified.obj,2123,4183,3,"{""min"": [-0.460789, -0.291774, -0.354976], ""max"": [0.539211, 0.276867, 0.26163], ""size"": [1.0, 0.568641, 0.616606]}"
WheelChair,D00453_unified.obj,2292,3744,3,"{""min"": [-0.38115, -0.29276, -0.304342], ""max"": [0.61885, 0.299376, 0.321877], ""size"": [1.0, 0.592136, 0.6262190000000001]}"
WheelChair,D00499_unified.obj,2362,4077,3,"{""min"": [-0.361244, -0.246493, -0.304113], ""max"": [0.638756, 0.247179, 0.231708], ""size"": [1.0, 0.493672, 0.535821]}"
WheelChair,D00526_unified.obj,2595,4928,3,"{""min"": [-0.486541, -0.307121, -0.406848], ""max"": [0.513459, 0.308188, 0.275562], ""size"": [1.0, 0.615309, 0.68241]}"
WheelChair,D00604_unified.obj,3458,6066,3,"{""min"": [-0.340404, -0.238636, -0.277441], ""max"": [0.659596, 0.253115, 0.265095], ""size"": [1.0, 0.49175099999999994, 0.542536]}"
WheelChair,D00628_unified.obj,2625,5000,3,"{""min"": [-0.357717, -0.305919, -0.309576], ""max"": [0.642283, 0.316281, 0.318287], ""size"": [1.0, 0.6222, 0.6278630000000001]}"
WheelChair,D00687_unified.obj,2554,5000,3,"{""min"": [-0.364389, -0.222721, -0.243803], ""max"": [0.635611, 0.203246, 0.26412], ""size"": [1.0, 0.425967, 0.507923]}"
WheelChair,D00720_unified.obj,2839,5000,3,"{""min"": [-0.422844, -0.2562, -0.234753], ""max"": [0.577156, 0.260523, 0.253164], ""size"": [1.0, 0.516723, 0.487917]}"
WheelChair,D00782_unified.obj,4213,7696,3,"{""min"": [-0.271166, -0.280077, -0.337036], ""max"": [0.728834, 0.25082, 0.286501], ""size"": [1.0, 0.530897, 0.623537]}"
WheelChair,D00821_unified.obj,2554,5000,3,"{""min"": [-0.362214, -0.221919, -0.245254], ""max"": [0.637786, 0.200785, 0.265032], ""size"": [1.0, 0.42270399999999997, 0.510286]}"
WheelChair,D00846_unified.obj,2620,5000,3,"{""min"": [-0.362247, -0.287302, -0.308857], ""max"": [0.637753, 0.294732, 0.315292], ""size"": [1.0, 0.5820339999999999, 0.6241490000000001]}"
