# After flipping: D00225.obj
# Applied moment test for consistent orientation
# All moment test values forced positive
# Generated on 2025-10-13 13:55:16

v 0.556198 0.065100 0.016387
v 0.557420 0.056642 0.032945
v 0.558652 0.058993 0.032365
v 0.560036 0.066275 0.016501
v 0.560082 0.073712 0.000598
v 0.561374 0.074612 0.002339
v 0.613945 0.430810 0.022016
v 0.597431 0.251223 0.013292
v 0.601580 0.250308 0.013525
v 0.619484 0.429661 0.022238
v 0.611887 0.678924 0.021632
v 0.617501 0.679783 0.021319
v 0.602238 0.744835 0.015028
v 0.605110 0.745155 0.015217
v 0.601789 0.746360 0.023106
v 0.601874 0.746148 0.019401
v 0.603825 0.746581 0.019413
v 0.603742 0.746789 0.023059
v 0.611634 0.679575 0.030429
v 0.601987 0.745618 0.023943
v 0.604911 0.745659 0.023785
v 0.617249 0.680427 0.030304
v 0.585258 0.744349 0.011227
v 0.585040 0.745325 0.018701
v 0.588036 0.742806 0.019390
v 0.588149 0.742519 0.014769
v 0.596882 0.673072 0.019952
v 0.585403 0.741665 0.011105
v 0.588394 0.741364 0.014367
v 0.601981 0.674183 0.021741
v 0.597001 0.433535 0.020354
v 0.602181 0.432428 0.021720
v 0.545671 0.082090 0.000925
v 0.580221 0.254937 0.013542
v 0.584125 0.254697 0.015012
v 0.547218 0.081970 0.002113
v 0.541803 0.069051 0.016379
v 0.543872 0.076890 0.000698
v 0.545422 0.077978 0.002258
v 0.545797 0.070078 0.016831
v 0.538949 0.059380 0.034414
v 0.543811 0.062846 0.031872
v 0.597061 0.433762 0.042139
v 0.577827 0.245570 0.039502
v 0.582218 0.246372 0.037714
v 0.602115 0.432650 0.040043
v 0.596168 0.675224 0.035544
v 0.601422 0.675874 0.034159
v 0.584975 0.742711 0.027232
v 0.588143 0.741999 0.024761
v 0.619087 0.430008 0.042054
v 0.616729 0.680722 0.032282
v 0.613886 0.431001 0.040264
v 0.560475 0.060498 0.035715
v 0.598363 0.240684 0.039088
v 0.595243 0.242827 0.037708
v 0.559069 0.061655 0.033919
v 0.560500 0.062055 0.015304
v 0.558343 0.053033 0.034677
v 0.562403 0.071696 -0.001182
v 0.619027 0.429785 0.020234
v 0.601136 0.249765 0.011518
v 0.617131 0.679664 0.018688
v 0.604282 0.746707 0.011900
v 0.603357 0.749537 0.025802
v 0.603559 0.749414 0.019046
v 0.603912 0.747738 0.025960
v 0.545625 0.078844 0.003358
v 0.545859 0.082764 0.002855
v 0.543568 0.078599 0.017848
v 0.543622 0.072212 0.017250
v 0.596579 0.433796 0.039733
v 0.578121 0.247276 0.037467
v 0.579047 0.251403 0.026937
v 0.596494 0.433805 0.030740
v 0.595861 0.674739 0.034151
v 0.596141 0.673882 0.028256
v 0.585599 0.740420 0.019639
v 0.585378 0.741199 0.024691
v 0.561478 0.078360 0.000333
v 0.564414 0.078310 -0.001322
v 0.596717 0.433586 0.022404
v 0.580134 0.255604 0.015651
v 0.542329 0.070229 0.032705
v 0.619366 0.429869 0.039621
v 0.619611 0.429810 0.030567
v 0.600521 0.245788 0.025179
v 0.599244 0.241996 0.036903
v 0.562931 0.078495 0.002186
v 0.561956 0.071653 0.016816
v 0.564805 0.083450 -0.023389
v 0.565597 0.083255 -0.022885
v 0.599080 0.249951 -0.006664
v 0.598147 0.250136 -0.007238
v 0.560142 0.068078 0.062409
v 0.559022 0.068337 0.063155
v 0.595054 0.241223 0.060570
v 0.596075 0.240984 0.059880
v 0.549946 0.089048 -0.021856
v 0.583060 0.254135 -0.006465
v 0.580398 0.254394 0.006685
v 0.546476 0.084892 -0.010200
v 0.541260 0.071064 0.055078
v 0.541874 0.069201 0.035912
v 0.578464 0.246011 0.056312
v 0.543748 0.071431 0.062437
v 0.579935 0.245082 0.059955
v 0.550298 0.088899 -0.022287
v 0.583547 0.253990 -0.006733
v 0.544832 0.071477 0.063224
v 0.581049 0.244800 0.060634
v 0.586120 0.742222 0.019280
v 0.586230 0.741937 0.014732
v 0.585634 0.740542 0.014340
v 0.596421 0.673026 0.022361
v 0.542853 0.065135 0.031243
v 0.560270 0.063077 0.032861
v 0.545346 0.068765 0.032993
v 0.603758 0.749392 0.011413
v 0.601960 0.745936 0.015696
v 0.603909 0.746372 0.015767
v 0.605096 0.745098 0.019570
v 0.595772 0.776335 0.023881
v 0.586683 0.809398 0.022179
v 0.587369 0.804287 0.007326
v 0.596395 0.773876 0.013601
v 0.581749 0.767163 0.000165
v 0.573454 0.794661 -0.008004
v 0.572655 0.801088 0.007734
v 0.581216 0.813459 0.021709
v 0.582083 0.807653 0.005305
v 0.580537 0.773032 0.026200
v 0.583670 0.756794 0.027598
v 0.584085 0.754575 0.016235
v 0.587466 0.741392 0.001691
v 0.585300 0.752735 -0.000926
v 0.584499 0.752356 0.004870
v 0.586409 0.741864 0.006410
v 0.598900 0.672633 0.010236
v 0.597891 0.672853 0.015094
v 0.584823 0.746302 0.026175
v 0.600160 0.433497 0.006216
v 0.597299 0.433551 0.013713
v 0.585735 0.743279 0.031567
v 0.596801 0.675645 0.038901
v 0.597433 0.676066 0.042257
v 0.600042 0.433871 0.057482
v 0.598002 0.434139 0.053016
v 0.537023 0.047841 0.063315
v 0.534751 0.048103 0.055049
v 0.539121 0.059582 -0.014246
v -0.170972 -0.242550 -0.028714
v -0.111780 -0.243242 -0.025438
v -0.108915 -0.241707 -0.069488
v -0.155261 -0.238738 -0.082384
v -0.114794 -0.245342 0.021576
v -0.072671 -0.244978 0.020229
v -0.074655 -0.244005 -0.020255
v -0.183655 -0.243292 0.020842
v -0.309694 -0.222891 0.021997
v -0.309826 -0.224237 -0.022374
v -0.085265 -0.242616 -0.058210
v -0.410511 -0.166026 0.025139
v -0.415758 -0.159685 -0.019510
v -0.053721 -0.242217 -0.020861
v -0.071606 -0.239816 -0.080222
v -0.478480 -0.095832 0.022167
v -0.479404 -0.092218 -0.009496
v -0.468047 -0.110403 0.073903
v -0.402567 -0.171197 0.081657
v -0.309204 -0.218909 0.081133
v -0.191866 -0.239537 0.077503
v -0.117734 -0.245325 0.065692
v -0.076937 -0.245929 0.051787
v -0.307083 -0.218618 -0.090367
v -0.420042 -0.149880 -0.069572
v -0.050106 -0.244720 0.018834
v -0.056274 -0.243516 0.041625
v -0.473197 -0.095620 -0.054102
v -0.118800 -0.244339 0.096599
v -0.083531 -0.243148 0.074863
v -0.194690 -0.235280 0.104486
v -0.307844 -0.213407 0.109784
v -0.303328 -0.206608 -0.161331
v -0.424617 -0.138352 -0.124451
v -0.463091 -0.105414 -0.088811
v -0.462370 -0.113167 0.081318
v -0.399811 -0.171680 0.101264
v -0.066870 -0.241930 0.063506
v -0.103748 -0.234820 -0.130985
v -0.132404 -0.230757 -0.146950
v 0.552462 0.042420 0.063264
v 0.551594 0.042707 0.064048
v 0.537547 0.047585 0.063837
v 0.588882 0.740940 0.000731
v 0.602130 0.743578 0.000813
v 0.599546 0.754754 -0.001593
v 0.586854 0.752824 -0.001797
v 0.602793 0.747259 0.036822
v 0.600496 0.759295 0.035229
v 0.603297 0.744523 0.001771
v 0.601248 0.753957 -0.000049
v 0.588454 0.793893 -0.013376
v 0.583984 0.796238 -0.014888
v 0.587183 0.786562 -0.014386
v 0.576121 0.805130 0.030066
v 0.575860 0.808823 0.028302
v 0.582131 0.809827 0.028217
v 0.583175 0.806619 0.029865
v 0.577729 0.794560 -0.014670
v 0.580605 0.785357 -0.014492
v 0.573001 0.805107 0.027983
v 0.575399 0.812470 0.021989
v 0.588132 0.798694 -0.008449
v 0.582948 0.801848 -0.011098
v 0.575857 0.800446 -0.011052
v 0.586747 0.808100 0.027779
v 0.571857 0.807517 0.023471
v 0.575628 0.806458 0.005469
v 0.539055 0.054812 -0.026100
v 0.539429 0.054880 -0.026540
v 0.554571 0.049435 -0.027347
v 0.555340 0.049228 -0.026801
v 0.586559 0.743175 0.036069
v 0.583700 0.758654 0.034450
v 0.587847 0.742785 0.036897
v 0.585244 0.758691 0.035291
v 0.601520 0.746265 0.037561
v 0.598362 0.760602 0.035898
v 0.586009 0.742508 0.023828
v 0.587924 0.743094 0.024011
v -0.522716 -0.013790 -0.042819
v -0.512985 -0.007593 -0.041831
v -0.516888 -0.008635 -0.031818
v -0.522884 -0.013486 -0.037226
v -0.429697 -0.146527 -0.142083
v -0.423444 -0.131032 -0.141780
v -0.460983 -0.093440 -0.103695
v -0.471771 -0.105284 -0.104311
v -0.197113 -0.236505 0.096507
v -0.123371 -0.247750 0.089167
v -0.123701 -0.216746 0.089781
v -0.193923 -0.209422 0.097141
v -0.505445 -0.004931 -0.042059
v -0.507817 -0.004436 -0.032657
v -0.419276 -0.120862 -0.141088
v -0.453665 -0.085138 -0.103025
v -0.307529 -0.214774 0.102037
v -0.299508 -0.189699 0.101031
v -0.518293 -0.021486 0.073415
v -0.519371 -0.020000 0.065871
v -0.519911 -0.018120 0.065925
v -0.518987 -0.019161 0.073450
v -0.396635 -0.174586 0.093714
v -0.385813 -0.150557 0.094131
v -0.520521 -0.016708 -0.049872
v -0.512299 -0.010619 -0.048772
v -0.512616 -0.009105 -0.047369
v -0.521405 -0.014615 -0.048290
v -0.459957 -0.119398 0.073907
v -0.441813 -0.101955 0.074349
v -0.460407 -0.105302 0.097281
v -0.392833 -0.166270 0.116557
v -0.399231 -0.181964 0.116057
v -0.472285 -0.118293 0.096662
v -0.451627 -0.095591 0.097407
v -0.387633 -0.153513 0.116929
v -0.306210 -0.214080 -0.178787
v -0.301627 -0.198327 -0.178469
v -0.474957 -0.098664 -0.012281
v -0.474257 -0.102464 0.018086
v -0.456522 -0.084494 0.020106
v -0.457914 -0.082179 -0.009978
v -0.298506 -0.187770 -0.177799
v -0.459966 -0.112171 -0.087672
v -0.469136 -0.102749 -0.056271
v -0.451516 -0.082924 -0.049928
v -0.441308 -0.093281 -0.086540
v -0.421228 -0.144568 -0.121620
v -0.410061 -0.120203 -0.121087
v -0.303624 -0.210503 -0.157146
v -0.295587 -0.185482 -0.156587
v -0.304740 -0.206145 0.124977
v -0.309744 -0.222336 0.124425
v -0.300682 -0.193022 0.125425
v -0.133681 -0.241531 -0.164634
v -0.131771 -0.227037 -0.164472
v -0.137376 -0.233962 -0.143328
v -0.134258 -0.207816 -0.142724
v -0.130162 -0.212304 -0.164059
v -0.109438 -0.238412 -0.128389
v -0.110029 -0.209796 -0.127697
v -0.061638 -0.246271 -0.022563
v -0.078816 -0.243493 -0.079744
v -0.079364 -0.213768 -0.079014
v -0.062138 -0.215275 -0.021790
v -0.078428 -0.247056 0.063867
v -0.071867 -0.246840 0.055174
v -0.070021 -0.215613 0.056229
v -0.076631 -0.217375 0.063235
v -0.196307 -0.228375 0.119431
v -0.198852 -0.245128 0.118857
v -0.194242 -0.214785 0.119896
v -0.096590 -0.245423 -0.144660
v -0.096375 -0.229931 -0.144244
v -0.095586 -0.214791 -0.143617
v -0.451443 -0.086893 -0.094359
v -0.415420 -0.119356 -0.132707
v -0.297233 -0.185218 -0.168854
v -0.131409 -0.208430 -0.155015
v -0.123391 -0.234007 0.112208
v -0.124109 -0.251839 0.111650
v -0.122862 -0.220232 0.112590
v -0.059886 -0.249678 -0.089522
v -0.058995 -0.233589 -0.089046
v -0.101761 -0.210378 -0.137018
v -0.058606 -0.215626 -0.088421
v -0.058240 -0.184255 -0.020727
v -0.078959 -0.202776 -0.085975
v -0.072025 -0.201322 -0.087529
v -0.050894 -0.184023 -0.023702
v -0.056581 -0.180237 0.023746
v -0.046868 -0.180062 0.026401
v -0.057685 -0.183334 0.039734
v -0.056923 -0.182078 0.030672
v -0.046718 -0.182415 0.033904
v -0.046373 -0.184775 0.041356
v -0.050310 -0.235945 0.086967
v -0.059109 -0.252514 0.087057
v -0.045448 -0.222789 0.086868
v -0.024021 -0.255176 0.009881
v -0.024752 -0.239198 0.010109
v -0.038647 -0.235742 -0.029461
v -0.039210 -0.252740 -0.029809
v -0.032595 -0.257770 0.030258
v -0.024771 -0.258255 0.031746
v -0.025088 -0.256870 0.017205
v -0.046399 -0.255308 -0.027225
v -0.024305 -0.225556 0.010987
v -0.037898 -0.218364 -0.028701
v -0.029568 -0.225547 0.016053
v -0.021760 -0.224285 0.021929
v -0.029141 -0.216690 0.018220
v -0.044882 -0.215797 -0.025868
v -0.036469 -0.256781 0.054899
v -0.026030 -0.257500 0.056869
v -0.021745 -0.226860 0.045523
v -0.034116 -0.217827 0.045186
v -0.026378 -0.240066 0.082301
v -0.031162 -0.252229 0.080819
v -0.025463 -0.230718 0.081272
v -0.471765 -0.110974 -0.097547
v -0.428278 -0.150116 -0.134776
v -0.428408 -0.150218 -0.135022
v -0.471985 -0.110949 -0.097734
v -0.306855 -0.216872 -0.171045
v -0.306915 -0.216991 -0.171307
v -0.135797 -0.241262 -0.157264
v -0.135768 -0.241399 -0.157526
v -0.101957 -0.246519 -0.138972
v -0.101815 -0.246654 -0.139169
v -0.066914 -0.251048 -0.086107
v -0.066716 -0.251190 -0.086218
v -0.046966 -0.255152 -0.027139
v -0.034214 -0.257414 0.030118
v -0.037569 -0.256615 0.054593
v -0.065615 -0.253223 0.075197
v -0.124229 -0.253305 0.102038
v -0.124243 -0.253388 0.102281
v -0.064326 -0.253396 0.076841
v -0.198841 -0.245052 0.109322
v -0.198873 -0.245210 0.109563
v -0.309732 -0.222372 0.114886
v -0.309773 -0.222514 0.115127
v -0.399211 -0.182003 0.106510
v -0.399260 -0.182143 0.106751
v -0.471955 -0.117974 0.087386
v -0.472185 -0.117956 0.087620
v -0.476338 -0.111099 0.072207
v -0.476584 -0.111021 0.072211
v -0.486549 -0.094174 -0.013417
v -0.482818 -0.097438 -0.043755
v -0.483079 -0.097439 -0.043767
v -0.486803 -0.094118 -0.013482
v -0.464164 -0.072937 -0.037518
v -0.465262 -0.074118 -0.008295
v -0.464521 -0.077212 0.020826
v -0.465919 -0.075954 0.020944
v -0.466640 -0.072668 -0.008523
v -0.448894 -0.093992 0.084975
v -0.386313 -0.150708 0.104567
v -0.299707 -0.190021 0.112359
v -0.193793 -0.210870 0.107542
v -0.122986 -0.217133 0.100235
v -0.050253 -0.218136 0.073177
v -0.043811 -0.187885 -0.024908
v -0.068739 -0.203646 -0.086850
v -0.065289 -0.214004 -0.084941
v -0.042624 -0.183477 0.025375
v -0.058463 -0.216735 0.017792
v -0.060695 -0.217023 0.034608
v -0.047633 -0.216305 0.069854
v -0.042762 -0.188338 0.041609
v -0.043021 -0.185905 0.036113
v -0.042095 -0.218725 0.071037
v -0.058012 -0.248806 0.014728
v -0.505298 -0.062162 -0.063254
v -0.506849 -0.060266 -0.048556
v -0.481026 -0.099924 -0.057386
v -0.506308 -0.059829 -0.004929
v -0.505603 -0.063912 0.022657
v -0.485666 -0.097263 0.018506
v -0.496694 -0.077176 0.087242
v -0.484941 -0.069516 0.087826
v -0.476640 -0.063900 0.087760
v -0.474774 -0.061636 0.075535
v -0.476727 -0.058057 0.059182
v -0.459850 -0.085409 0.060743
v -0.504184 -0.004807 -0.032001
v -0.504388 -0.005809 -0.041732
v -0.481041 -0.050418 -0.070151
v -0.488067 -0.057245 -0.070982
v -0.502377 -0.064060 -0.070738
v -0.512692 -0.015139 0.067731
v -0.509583 -0.016132 0.074051
v -0.502369 -0.011256 0.068487
v -0.502701 -0.013456 0.073994
v -0.447173 -0.098214 0.067345
v -0.464125 -0.116388 0.068408
v -0.485409 -0.097314 0.018503
v -0.499271 -0.074497 0.071314
v -0.498065 -0.076586 0.082250
v -0.471605 -0.101635 -0.042766
v -0.523368 -0.013993 -0.002898
v -0.523572 -0.013706 -0.006868
v -0.524260 -0.011248 -0.007139
v -0.524300 -0.010956 -0.003011
v -0.505456 -0.007357 -0.048402
v -0.505747 -0.006167 -0.047124
v -0.508201 -0.019247 0.076644
v -0.517690 -0.022288 0.076130
v -0.518358 -0.019791 0.075807
v -0.509179 -0.016809 0.076208
v -0.501365 -0.015620 0.076084
v -0.502183 -0.013830 0.075728
v -0.502902 -0.011150 0.058014
v -0.501465 -0.013971 0.068026
v -0.480669 -0.048897 -0.059878
v -0.481842 -0.048767 -0.036016
v -0.522818 -0.015127 -0.037540
v -0.522034 -0.015869 -0.043798
v -0.506923 -0.060175 -0.039907
v -0.506739 -0.060254 0.018548
v -0.506560 -0.056834 -0.001870
v -0.499750 -0.050364 -0.000352
v -0.500298 -0.053324 0.020200
v -0.522953 -0.013843 -0.002587
v -0.518275 -0.010963 -0.002395
v -0.523274 -0.012663 0.024960
v -0.522579 -0.014849 0.025015
v -0.518816 -0.012374 0.025763
v -0.520029 -0.010293 0.026057
v -0.057679 -0.253654 0.070054
v -0.480027 -0.106192 0.058355
v -0.467837 -0.112430 0.058477
v -0.480777 -0.099944 -0.057400
v -0.065594 -0.247620 0.037791
v -0.009733 -0.257836 0.055736
v -0.031962 -0.255013 0.070180
v -0.009617 -0.255544 0.067309
v -0.024612 -0.228110 0.068367
v -0.056085 -0.253404 0.071211
v -0.009806 -0.257055 0.011833
v -0.009165 -0.240345 0.012388
v -0.009820 -0.258768 0.033842
v -0.009817 -0.257678 0.017594
v -0.008611 -0.225911 0.012869
v -0.008618 -0.226439 0.018594
v -0.008612 -0.226626 0.024020
v -0.008587 -0.227448 0.047907
v -0.008998 -0.240242 0.081480
v -0.009481 -0.252748 0.079781
v -0.008630 -0.230582 0.080543
v -0.008566 -0.228126 0.067615
v -0.008563 -0.228392 0.073118
v -0.025397 -0.228529 0.073847
v -0.122887 -0.219626 0.110173
v -0.043878 -0.218961 0.075943
v -0.459659 -0.085594 0.060318
v -0.460230 -0.085215 0.059889
v -0.506758 -0.057375 -0.002366
v -0.523229 -0.014383 -0.031311
v -0.523275 -0.012826 -0.031228
v -0.464658 -0.072892 -0.036378
v -0.463946 -0.073105 -0.037135
v -0.520961 -0.016701 0.057456
v -0.517282 -0.014084 0.057671
v -0.516751 -0.014208 0.058302
v -0.476040 -0.063648 0.084999
v -0.501151 -0.015485 0.074430
v -0.451093 -0.095279 0.094979
v -0.194167 -0.214179 0.117478
v -0.300491 -0.192441 0.123006
v -0.387375 -0.152966 0.114517
v -0.032388 -0.253710 0.073780
v -0.009565 -0.254458 0.072116
v -0.523703 -0.012940 0.031398
v -0.523206 -0.014958 0.030903
v -0.522969 -0.015071 0.025353
v -0.523796 -0.012532 0.025228
v -0.480273 -0.106160 0.058352
v -0.520177 -0.010972 0.032493
v -0.520187 -0.009965 0.026523
v -0.454498 -0.081240 -0.039131
v -0.450405 -0.095050 0.059683
v -0.517823 -0.008907 -0.030652
v -0.519620 -0.008521 -0.007150
v -0.519685 -0.008225 -0.002940
v -0.515775 -0.009691 -0.030746
v -0.516332 -0.008643 -0.030558
v -0.510186 -0.005409 -0.030277
v -0.508852 -0.006616 -0.031046
v -0.493430 -0.054224 -0.036442
v -0.486331 -0.051034 -0.033907
v -0.468585 -0.075226 -0.035321
v -0.468795 -0.075457 -0.035346
v -0.492186 -0.055522 -0.036306
v -0.470483 -0.076121 -0.008596
v -0.469141 -0.075727 -0.035022
v -0.470002 -0.079545 0.021092
v -0.464845 -0.088212 0.059838
v -0.465143 -0.088380 0.059346
v -0.464321 -0.087778 0.060007
v -0.488498 -0.064451 0.059175
v -0.487290 -0.065879 0.059122
v -0.481427 -0.060092 0.058686
v -0.513678 -0.015703 0.057881
v -0.506547 -0.012368 0.057895
v -0.516000 -0.013948 0.057689
v -0.507528 -0.010175 0.057815
v -0.523773 -0.011197 -0.002685
v -0.519559 -0.008581 -0.002497
v -0.517631 -0.011069 -0.006786
v -0.519002 -0.008616 -0.007082
v -0.517189 -0.008881 -0.030154
v -0.516089 -0.009841 -0.030259
v -0.496441 -0.053261 -0.003174
v -0.493922 -0.054441 -0.036144
v -0.494957 -0.054482 -0.003236
v -0.492667 -0.055738 -0.036011
v -0.495691 -0.057526 0.024505
v -0.519438 -0.011275 0.032322
v -0.518162 -0.013213 0.032038
v -0.514138 -0.015762 0.057503
v -0.516743 -0.013936 0.057261
v -0.499592 -0.053519 0.020630
v -0.497074 -0.056441 0.024426
v -0.518387 -0.012252 0.026158
v -0.487799 -0.066062 0.058751
v -0.489018 -0.064639 0.058813
v -0.519076 -0.008296 -0.002867
v -0.519565 -0.010042 0.026500
v -0.506864 -0.060983 0.018892
v -0.498996 -0.050519 -0.000756
v -0.517797 -0.010787 -0.002709
v -0.505219 -0.008549 0.058240
v -0.520292 -0.018653 0.057373
v -0.500240 -0.072279 0.059057
v -0.497391 -0.042610 0.081840
v 0.520165 -0.053448 -0.039693
v 0.514583 -0.048152 -0.034258
v 0.510724 -0.046812 -0.044252
v 0.519948 -0.053736 -0.045286
v 0.461862 -0.141053 -0.106519
v 0.452015 -0.128418 -0.105855
v 0.411530 -0.163020 -0.143756
v 0.416578 -0.178949 -0.144086
v 0.177816 -0.223664 0.096263
v 0.107206 -0.225593 0.089235
v 0.104501 -0.256480 0.088629
v 0.178920 -0.250912 0.095617
v 0.505856 -0.043272 -0.035055
v 0.503410 -0.043582 -0.044445
v 0.445357 -0.119581 -0.105152
v 0.408156 -0.152563 -0.143045
v 0.284618 -0.212077 0.099650
v 0.290701 -0.237693 0.100622
v 0.516369 -0.058827 0.071001
v 0.517334 -0.057859 0.063471
v 0.516651 -0.059693 0.063420
v 0.515497 -0.061093 0.070969
v 0.373631 -0.179653 0.092334
v 0.382581 -0.204439 0.091870
v 0.518552 -0.054458 -0.050751
v 0.510215 -0.048291 -0.049788
v 0.509776 -0.049776 -0.051191
v 0.517503 -0.056476 -0.052328
v 0.433091 -0.135474 0.072279
v 0.449845 -0.154254 0.071755
v 0.462329 -0.154099 0.094451
v 0.384710 -0.211997 0.114202
v 0.379534 -0.195861 0.114730
v 0.451483 -0.140238 0.095123
v 0.375327 -0.182744 0.115123
v 0.443472 -0.129883 0.095290
v 0.284750 -0.220792 -0.179856
v 0.288113 -0.236849 -0.180192
v 0.450259 -0.116972 -0.012126
v 0.448836 -0.119179 0.017964
v 0.465135 -0.138454 0.015864
v 0.465980 -0.134713 -0.014507
v 0.282449 -0.210027 -0.179173
v 0.432491 -0.126758 -0.088606
v 0.443635 -0.117217 -0.052045
v 0.459655 -0.138331 -0.058467
v 0.449643 -0.147020 -0.089824
v 0.399113 -0.151204 -0.123000
v 0.408380 -0.176351 -0.123582
v 0.279813 -0.207527 -0.157948
v 0.285910 -0.233088 -0.158541
v 0.292437 -0.245407 0.123001
v 0.288688 -0.228881 0.123572
v 0.285650 -0.215485 0.124037
v 0.113263 -0.236424 -0.165052
v 0.114057 -0.251021 -0.165220
v 0.117317 -0.217454 -0.143320
v 0.118421 -0.243763 -0.143933
v 0.112789 -0.221612 -0.164634
v 0.093078 -0.217577 -0.128177
v 0.090296 -0.246064 -0.128861
v 0.045409 -0.219395 -0.022044
v 0.062429 -0.219200 -0.079350
v 0.059605 -0.248796 -0.080072
v 0.042535 -0.250262 -0.022810
v 0.060101 -0.222614 0.062911
v 0.053611 -0.220350 0.055937
v 0.053059 -0.251626 0.054879
v 0.059624 -0.252345 0.063540
v 0.180101 -0.259647 0.117960
v 0.178848 -0.242748 0.118543
v 0.177832 -0.229040 0.119016
v 0.077845 -0.236605 -0.144657
v 0.076873 -0.252069 -0.145070
v 0.078220 -0.221449 -0.144028
v 0.404466 -0.150767 -0.134646
v 0.443048 -0.121163 -0.096475
v 0.281416 -0.207387 -0.170222
v 0.114370 -0.217846 -0.155597
v 0.105031 -0.260618 0.111107
v 0.105682 -0.242782 0.111666
v 0.106211 -0.229007 0.112048
v 0.040556 -0.237403 -0.089282
v 0.040211 -0.253513 -0.089759
v 0.084745 -0.217523 -0.137459
v 0.041545 -0.219462 -0.088658
v 0.036580 -0.187375 -0.023910
v 0.056024 -0.206228 -0.087832
v 0.062834 -0.208208 -0.086311
v 0.043900 -0.188168 -0.020967
v 0.033105 -0.183126 0.026211
v 0.042764 -0.184043 0.023511
v 0.032323 -0.187790 0.041170
v 0.032812 -0.185463 0.033715
v 0.042998 -0.185906 0.030436
v 0.043704 -0.187219 0.039494
v 0.040054 -0.256313 0.086822
v 0.032548 -0.239119 0.086772
v 0.028706 -0.225631 0.086692
v 0.019644 -0.254996 -0.029949
v 0.020385 -0.238003 -0.029601
v 0.006453 -0.240394 0.010035
v 0.004501 -0.256269 0.009814
v 0.026628 -0.258106 -0.027398
v 0.005470 -0.258040 0.017132
v 0.005116 -0.259399 0.031675
v 0.012947 -0.259515 0.030150
v 0.020971 -0.220619 -0.028841
v 0.007056 -0.226758 0.010913
v 0.028145 -0.218595 -0.026041
v 0.012589 -0.218289 0.018121
v 0.004667 -0.225298 0.021866
v 0.012327 -0.227153 0.015954
v 0.006548 -0.258748 0.056792
v 0.017001 -0.258829 0.054773
v 0.017590 -0.219809 0.045064
v 0.004567 -0.227869 0.045461
v 0.012181 -0.253889 0.080716
v 0.008349 -0.241396 0.082219
v 0.008148 -0.232005 0.081192
v 0.461674 -0.146719 -0.099942
v 0.415044 -0.182533 -0.137017
v 0.414923 -0.182420 -0.136770
v 0.461453 -0.146728 -0.099755
v 0.288629 -0.239807 -0.172716
v 0.288578 -0.239683 -0.172454
v 0.116182 -0.251051 -0.158121
v 0.116223 -0.250917 -0.157860
v 0.082014 -0.253697 -0.139604
v 0.082166 -0.253572 -0.139407
v 0.046921 -0.255543 -0.086487
v 0.047130 -0.255418 -0.086378
v 0.014588 -0.259283 0.030003
v 0.027204 -0.257993 -0.027315
v 0.018110 -0.258748 0.054462
v 0.045140 -0.257591 0.076581
v 0.105001 -0.262170 0.101740
v 0.104992 -0.262087 0.101496
v 0.046430 -0.257516 0.074931
v 0.180072 -0.259728 0.108666
v 0.180050 -0.259568 0.108425
v 0.292408 -0.245585 0.113702
v 0.292376 -0.245439 0.113462
v 0.384681 -0.212176 0.104896
v 0.384642 -0.212034 0.104656
v 0.462213 -0.153755 0.085410
v 0.461981 -0.153755 0.085176
v 0.467056 -0.147175 0.069980
v 0.466805 -0.147233 0.069976
v 0.478133 -0.131086 -0.015765
v 0.474023 -0.134107 -0.046030
v 0.473764 -0.134086 -0.046018
v 0.477877 -0.131122 -0.015698
v 0.457067 -0.108232 -0.039697
v 0.459694 -0.108158 -0.010715
v 0.458863 -0.111384 0.018757
v 0.457372 -0.112531 0.018645
v 0.458210 -0.109498 -0.010480
v 0.374167 -0.179844 0.102769
v 0.440810 -0.128077 0.082871
v 0.284845 -0.212417 0.110976
v 0.177625 -0.225100 0.106663
v 0.106513 -0.225925 0.099692
v 0.033788 -0.221356 0.072978
v 0.048349 -0.218357 -0.085209
v 0.052573 -0.208293 -0.087136
v 0.029217 -0.190683 -0.025081
v 0.028608 -0.186206 0.025207
v 0.041820 -0.220576 0.017555
v 0.044104 -0.221037 0.034360
v 0.031301 -0.219330 0.069667
v 0.025600 -0.221318 0.070877
v 0.028868 -0.188659 0.035944
v 0.028450 -0.191066 0.041441
v 0.038902 -0.252520 0.014499
v 0.471722 -0.136425 -0.059640
v 0.500545 -0.098861 -0.050939
v 0.498784 -0.100630 -0.065629
v 0.476909 -0.134141 0.016229
v 0.499360 -0.102414 0.020279
v 0.500244 -0.098391 -0.007310
v 0.478638 -0.106432 0.085547
v 0.489768 -0.114969 0.084907
v 0.470791 -0.100197 0.085519
v 0.452277 -0.120354 0.058584
v 0.471189 -0.094373 0.056940
v 0.469045 -0.097796 0.073302
v 0.502289 -0.044376 -0.044114
v 0.502209 -0.043363 -0.034382
v 0.481943 -0.094407 -0.073277
v 0.475465 -0.087063 -0.072414
v 0.495691 -0.102297 -0.073099
v 0.507227 -0.055087 0.071645
v 0.510373 -0.054335 0.065312
v 0.500568 -0.051893 0.071620
v 0.500380 -0.049673 0.066115
v 0.454205 -0.151571 0.066235
v 0.438687 -0.132153 0.065250
v 0.476650 -0.134172 0.016227
v 0.491156 -0.114485 0.079910
v 0.492467 -0.112491 0.068968
v 0.462266 -0.137412 -0.044975
v 0.521933 -0.051040 -0.005486
v 0.521851 -0.051326 -0.009614
v 0.520977 -0.053724 -0.009339
v 0.520771 -0.053995 -0.005368
v 0.503592 -0.044836 -0.049511
v 0.503204 -0.046000 -0.050788
v 0.506782 -0.055732 0.073804
v 0.515704 -0.059406 0.073361
v 0.514849 -0.061847 0.073687
v 0.505622 -0.058087 0.074246
v 0.500033 -0.052227 0.073357
v 0.499082 -0.053948 0.073717
v 0.499269 -0.052311 0.065659
v 0.500871 -0.049605 0.055640
v 0.476550 -0.085483 -0.038282
v 0.475258 -0.085521 -0.062140
v 0.519105 -0.055757 -0.046261
v 0.519972 -0.055078 -0.040007
v 0.500666 -0.098777 -0.042291
v 0.494869 -0.091450 0.017846
v 0.494451 -0.088453 -0.002705
v 0.500739 -0.095426 -0.004252
v 0.500753 -0.098853 0.016164
v 0.515927 -0.050584 -0.004841
v 0.520371 -0.053815 -0.005055
v 0.517862 -0.050056 0.023602
v 0.516492 -0.052038 0.023314
v 0.520050 -0.054793 0.022549
v 0.520911 -0.052667 0.022490
v 0.038460 -0.257338 0.069826
v 0.458161 -0.147906 0.056287
v 0.470793 -0.142619 0.056106
v 0.471472 -0.136427 -0.059654
v 0.046662 -0.251921 0.037526
v 0.012715 -0.256724 0.070075
v 0.007436 -0.229337 0.068292
v 0.036895 -0.256966 0.070991
v 0.008214 -0.229817 0.073767
v 0.027382 -0.221691 0.075775
v 0.106270 -0.228406 0.109631
v 0.452667 -0.120189 0.057730
v 0.452070 -0.120524 0.058161
v 0.500894 -0.095980 -0.004749
v 0.520468 -0.054369 -0.033780
v 0.520634 -0.052820 -0.033698
v 0.456839 -0.108382 -0.039313
v 0.457569 -0.108224 -0.038560
v 0.514447 -0.053714 0.055862
v 0.514982 -0.053631 0.055229
v 0.518449 -0.056522 0.054997
v 0.498871 -0.053797 0.072065
v 0.470199 -0.099900 0.082761
v 0.442952 -0.129531 0.092864
v 0.177791 -0.228429 0.116598
v 0.285491 -0.214890 0.121619
v 0.375100 -0.182178 0.112713
v 0.013257 -0.255459 0.073672
v 0.521443 -0.052577 0.022755
v 0.520425 -0.055044 0.022885
v 0.520696 -0.054951 0.028434
v 0.521348 -0.052977 0.028925
v 0.471041 -0.142605 0.056102
v 0.518047 -0.049741 0.024066
v 0.517988 -0.050746 0.030038
v 0.446788 -0.115770 -0.041264
v 0.442117 -0.129243 0.057571
v 0.515500 -0.048496 -0.033096
v 0.517540 -0.047962 -0.005394
v 0.517433 -0.048252 -0.009603
v 0.506729 -0.045525 -0.033449
v 0.508155 -0.044423 -0.032686
v 0.514033 -0.048118 -0.032995
v 0.513398 -0.049120 -0.033180
v 0.480862 -0.088088 -0.036195
v 0.487684 -0.091812 -0.038762
v 0.486345 -0.093011 -0.038621
v 0.461503 -0.111098 -0.037546
v 0.461311 -0.110852 -0.037521
v 0.461829 -0.111393 -0.037224
v 0.463262 -0.111893 -0.010805
v 0.462661 -0.115277 0.018885
v 0.456549 -0.123059 0.057829
v 0.457320 -0.123722 0.057163
v 0.457039 -0.123530 0.057657
v 0.475718 -0.096761 0.056422
v 0.481123 -0.102981 0.056830
v 0.482437 -0.101648 0.056878
v 0.504412 -0.051100 0.055503
v 0.511265 -0.054970 0.055456
v 0.505556 -0.048988 0.055418
v 0.513715 -0.053398 0.055253
v 0.517390 -0.048309 -0.004949
v 0.521389 -0.051239 -0.005157
v 0.513702 -0.049294 -0.032695
v 0.514873 -0.048421 -0.032596
v 0.516810 -0.048300 -0.009533
v 0.515257 -0.050640 -0.009230
v 0.488159 -0.092067 -0.038468
v 0.490918 -0.091088 -0.005510
v 0.486810 -0.093263 -0.038328
v 0.489344 -0.092193 -0.005564
v 0.489974 -0.095288 0.022173
v 0.514455 -0.053442 0.054821
v 0.511718 -0.055064 0.055076
v 0.515806 -0.052826 0.029592
v 0.517227 -0.050991 0.029870
v 0.516075 -0.051884 0.023712
v 0.491436 -0.094312 0.022088
v 0.494152 -0.091591 0.018279
v 0.482939 -0.101875 0.056514
v 0.481614 -0.103202 0.056458
v 0.516928 -0.047987 -0.005318
v 0.517421 -0.049770 0.024047
v 0.500824 -0.099589 0.016508
v 0.493686 -0.088551 -0.003104
v 0.515463 -0.050372 -0.005153
v 0.503381 -0.047191 0.055854
v 0.493544 -0.110352 0.056706
v 0.517632 -0.058417 0.054918
v 0.493081 -0.080556 0.079498
v -0.530871 0.007985 0.024773
v -0.530925 0.008565 0.033955
v -0.523712 -0.011793 0.034673
v -0.524930 -0.011211 0.025288
v -0.540016 0.798412 0.001102
v -0.527509 0.795517 0.000840
v -0.523418 0.807619 -0.003036
v -0.535313 0.810302 -0.002974
v -0.523023 -0.012277 0.034700
v -0.524095 -0.011580 0.025596
v -0.518556 -0.011145 0.034008
v -0.518225 -0.011663 0.034288
v -0.518413 -0.011517 0.028157
v -0.518675 -0.011015 0.027928
v -0.535339 0.817234 0.016279
v -0.544329 0.793392 0.021761
v -0.544564 0.793386 0.014129
v -0.535898 0.814747 0.006024
v -0.525165 0.794869 0.007495
v -0.524529 0.797047 0.018857
v -0.520422 0.812299 0.015789
v -0.521312 0.809422 0.002775
v -0.519908 0.844099 -0.008489
v -0.524042 0.846866 0.009955
v -0.525306 0.841352 -0.005815
v -0.519338 0.043425 -0.004289
v -0.511591 0.016495 -0.008094
v -0.511623 0.015885 -0.002239
v -0.518189 0.039918 0.002656
v -0.510328 0.014725 0.059640
v -0.510470 0.012323 0.072425
v -0.518194 0.037949 0.069344
v -0.517793 0.040148 0.059789
v -0.509556 0.846581 0.030544
v -0.512122 0.850505 0.030877
v -0.511412 0.854107 0.024560
v -0.508253 0.848897 0.026026
v -0.560249 0.723500 0.046312
v -0.545032 0.719051 0.045737
v -0.565868 0.478452 0.060873
v -0.580342 0.477429 0.060898
v -0.577256 0.295168 -0.004458
v -0.562402 0.297893 -0.004022
v -0.565717 0.478078 0.008802
v -0.580298 0.477017 0.008839
v -0.540121 0.040261 -0.005225
v -0.531873 0.008642 -0.010189
v -0.529973 0.010062 -0.040502
v -0.537449 0.036709 -0.034688
v -0.562279 0.477975 0.016455
v -0.559168 0.298052 0.009381
v -0.558918 0.298579 0.016237
v -0.561951 0.477936 0.023095
v -0.526017 0.836590 -0.010740
v -0.536787 0.811600 -0.001498
v -0.518486 0.043635 0.036511
v -0.510674 0.016024 0.035589
v -0.584139 0.476105 0.044900
v -0.562652 0.725906 0.035072
v -0.560958 0.724833 0.045670
v -0.581425 0.477340 0.060267
v -0.562749 0.478609 0.055762
v -0.543139 0.719318 0.041598
v -0.542556 0.718850 0.038239
v -0.561891 0.478162 0.044881
v -0.560296 0.288527 0.063334
v -0.574534 0.286032 0.063337
v -0.529420 0.010244 -0.041016
v -0.514440 0.015678 -0.041035
v -0.521408 0.040615 -0.035268
v -0.536833 0.036839 -0.035320
v -0.521656 0.054672 0.015900
v -0.534821 0.110299 0.018927
v -0.536359 0.118275 0.003253
v -0.541767 0.797747 0.002655
v -0.517895 -0.016001 0.056898
v -0.517585 -0.016143 0.058297
v -0.516889 -0.016279 0.057949
v -0.517298 -0.016597 0.057390
v -0.521424 -0.012944 -0.047868
v -0.521977 -0.013223 -0.047339
v -0.521499 -0.013737 -0.047953
v -0.521785 -0.013872 -0.047000
v -0.543507 0.716762 0.022649
v -0.544553 0.716621 0.017797
v -0.519032 0.037736 0.070020
v -0.511326 0.012067 0.073264
v -0.526025 0.007343 0.072399
v -0.533596 0.034472 0.069843
v -0.492824 -0.061416 -0.010802
v -0.480041 -0.057325 -0.010138
v -0.480699 -0.056763 -0.033267
v -0.493488 -0.060858 -0.033831
v -0.512945 0.842159 -0.008476
v -0.515278 0.836435 -0.012084
v -0.513992 0.830812 -0.009417
v -0.510978 0.836207 -0.005438
v -0.491581 -0.062488 0.033072
v -0.478799 -0.058395 0.033671
v -0.478977 -0.058247 0.027533
v -0.491754 -0.062339 0.026960
v -0.507653 -0.037777 -0.033925
v -0.494752 -0.034194 -0.033274
v -0.506699 -0.004176 -0.030990
v -0.519512 -0.013916 -0.033236
v -0.505983 -0.004235 -0.030209
v -0.504351 -0.006200 -0.009542
v -0.504671 -0.005394 -0.009518
v -0.506275 -0.003373 -0.030090
v -0.505936 -0.036924 0.027006
v -0.492462 -0.033072 0.027651
v -0.503877 -0.007336 0.028280
v -0.517882 -0.011303 0.027567
v -0.503347 -0.007013 0.028631
v -0.503578 -0.007358 0.034792
v -0.503843 -0.006610 0.034811
v -0.503611 -0.006268 0.028649
v -0.504209 -0.008765 0.058491
v -0.492174 -0.036366 0.057913
v -0.504955 -0.040008 0.057302
v -0.506133 -0.037638 0.033707
v -0.506321 -0.037492 0.027585
v -0.504172 -0.006355 -0.003917
v -0.493324 -0.032285 -0.004006
v -0.506802 -0.036139 -0.004653
v -0.518697 -0.010499 -0.004175
v -0.519485 -0.010556 -0.010380
v -0.507406 -0.036568 -0.010184
v -0.507926 -0.038332 -0.033340
v -0.519846 -0.014195 -0.032675
v -0.517952 0.039277 0.026300
v -0.521442 0.050223 0.015332
v -0.521503 0.049561 0.015233
v -0.518015 0.038346 0.025806
v -0.520054 -0.013604 -0.033425
v -0.506946 -0.003518 -0.031504
v -0.506763 -0.006286 -0.046974
v -0.510040 0.015192 0.027899
v -0.523710 -0.011430 -0.002460
v -0.503989 -0.005496 -0.001122
v -0.504297 -0.005713 -0.003333
v -0.518515 -0.010020 -0.004016
v -0.517905 0.031241 0.021912
v -0.520097 0.036124 0.014166
v -0.532633 0.033363 0.013169
v -0.532405 0.029083 0.021488
v -0.529025 0.008042 0.024105
v -0.510346 0.013805 0.025526
v -0.519383 -0.010269 -0.004435
v -0.524064 -0.011514 -0.002896
v -0.525056 -0.011321 -0.011697
v -0.519681 -0.010120 -0.010002
v -0.520332 -0.013647 -0.032106
v -0.518281 -0.010896 0.027650
v -0.503591 -0.005969 0.025871
v -0.509965 0.014005 0.025888
v -0.503988 -0.006027 0.025396
v -0.503620 -0.006086 -0.004178
v -0.503936 -0.005278 -0.004157
v -0.504019 -0.006662 0.027683
v -0.504203 -0.004958 -0.001102
v -0.524031 -0.010751 -0.002433
v -0.511908 0.014932 -0.026771
v -0.513864 0.015762 -0.040768
v -0.506580 -0.005248 -0.046955
v -0.507477 -0.005216 -0.046866
v -0.503548 -0.007683 0.057740
v -0.504720 -0.008516 0.059171
v -0.502293 -0.014149 0.075985
v -0.501958 -0.013302 0.075562
v -0.490677 -0.062171 0.056786
v -0.478627 -0.058723 0.057364
v -0.478144 -0.058964 0.056821
v -0.490938 -0.063056 0.056120
v -0.481215 -0.056496 -0.033822
v -0.493262 -0.059942 -0.034401
v -0.494157 -0.034309 -0.032575
v -0.492815 -0.032273 -0.004426
v -0.479872 -0.057434 -0.005244
v -0.480313 -0.057179 -0.004690
v -0.491690 -0.036500 0.057345
v -0.503594 -0.008614 0.057720
v -0.505310 -0.040563 0.056692
v -0.507222 -0.036676 -0.005309
v -0.519267 -0.010684 -0.004804
v -0.533313 0.029053 0.004120
v -0.533154 0.033660 0.013146
v -0.532892 0.028681 0.004351
v -0.491943 -0.033045 0.028108
v -0.479450 -0.057966 0.026969
v -0.518389 -0.019199 0.075146
v -0.503808 -0.006459 0.025811
v -0.523569 -0.011404 0.025335
v -0.511438 0.014757 0.000380
v -0.530086 0.008967 -0.001597
v -0.519127 0.031438 0.005833
v -0.519094 0.031716 0.005742
v -0.511106 0.014950 0.000075
v -0.518152 -0.018298 0.075845
v -0.502644 -0.013757 0.076556
v -0.517720 0.031701 0.022133
v -0.520037 0.036480 0.014223
v -0.524425 -0.010844 -0.002939
v -0.532307 0.008873 -0.002305
v -0.539569 0.038972 0.032661
v -0.543129 0.052322 0.014158
v -0.554003 0.104753 0.017941
v -0.552451 0.095589 0.037304
v -0.524530 -0.011061 0.024846
v -0.529210 0.088865 0.057566
v -0.532630 0.100435 0.036949
v -0.525316 0.829184 -0.011754
v -0.518270 0.039023 0.003480
v -0.564782 0.478497 0.060238
v -0.559168 0.288722 0.062649
v -0.523748 0.801082 0.037069
v -0.525280 0.801237 0.037919
v -0.520630 0.816308 0.036120
v -0.518539 0.816122 0.034973
v -0.518953 -0.018571 0.075028
v -0.526923 0.007093 0.071466
v -0.491517 -0.061419 0.026390
v -0.519302 -0.010542 -0.004564
v -0.492381 -0.060633 -0.005269
v -0.492652 -0.061522 -0.005935
v -0.503790 -0.004896 -0.001529
v -0.518680 -0.019299 0.074097
v -0.525347 -0.010648 -0.011795
v -0.523034 0.850618 0.030405
v -0.518298 0.851986 0.030820
v -0.519576 0.848866 0.032473
v -0.561692 0.719881 0.012025
v -0.562307 0.721428 0.012241
v -0.581366 0.476931 0.009467
v -0.550040 0.091576 -0.024186
v -0.555242 0.114514 0.001462
v -0.518850 0.827479 -0.011892
v -0.525962 0.795310 0.001703
v -0.521755 0.807890 -0.002057
v -0.561905 0.297999 -0.003756
v -0.565171 0.478142 0.008973
v -0.521151 0.040762 -0.034725
v -0.557646 0.289537 0.059000
v -0.580176 0.295023 0.014313
v -0.578198 0.295055 -0.003879
v -0.584200 0.475883 0.023080
v -0.541087 0.047336 0.013883
v -0.538792 0.035560 0.001394
v -0.557124 0.289052 0.042186
v -0.491899 -0.033262 0.034258
v -0.493110 -0.032230 -0.009324
v -0.531456 0.088777 0.065843
v -0.533371 0.095899 -0.023562
v -0.533740 0.095995 -0.024002
v -0.549259 0.091725 -0.024736
v -0.531996 0.088561 0.066368
v -0.575574 0.285872 0.062651
v -0.577975 0.285751 0.041871
v -0.534516 0.034244 0.069069
v -0.547265 0.084552 0.065866
v -0.546374 0.084772 0.066646
v -0.519724 0.041624 -0.021066
v -0.533016 0.100657 -0.011710
v -0.538404 0.034754 0.025400
v -0.537967 0.034163 0.025073
v -0.532597 0.029353 0.021637
v -0.540866 0.046674 0.013815
v -0.538514 0.035152 0.001555
v -0.543436 0.787467 0.003523
v -0.544523 0.788497 0.004486
v -0.543645 0.791180 0.039534
v -0.542449 0.790092 0.040267
v -0.537880 0.124283 0.005419
v -0.535843 0.119952 0.020402
v -0.557954 0.294963 0.029627
v -0.558768 0.299238 0.018346
v -0.535178 0.111510 0.035254
v -0.536389 0.113589 0.019805
v -0.536096 0.106470 0.033795
v -0.546690 0.715459 0.012605
v -0.538211 0.804145 0.038587
v -0.531309 0.820808 0.036521
v -0.540441 0.803006 0.037928
v -0.544085 0.793496 0.028516
v -0.534481 0.819637 0.026554
v -0.533872 0.821391 0.035570
v -0.563198 0.724884 0.021481
v -0.543722 0.719785 0.044957
v -0.545599 0.716480 0.012944
v -0.544775 0.791746 0.028677
v -0.553612 0.105751 0.035496
v -0.554713 0.114435 0.019457
v -0.579802 0.291009 0.027972
v -0.578763 0.287127 0.039689
v -0.555232 0.121335 0.004831
v -0.553211 0.108925 0.019135
v -0.553976 0.117344 0.004978
v -0.527155 0.783175 0.016972
v -0.527106 0.783049 0.022271
v -0.527488 0.784887 0.021914
v -0.527643 0.784611 0.017366
v -0.526803 0.783808 0.027322
v -0.527334 0.785162 0.026462
v -0.546219 0.789264 0.017941
v -0.546189 0.789206 0.022294
v -0.563374 0.725342 0.028605
v -0.563546 0.725030 0.024113
v -0.545941 0.789751 0.026506
v -0.544809 0.790586 0.022131
v -0.544691 0.790788 0.025775
v -0.584731 0.475950 0.033416
v -0.563202 0.725653 0.033097
v -0.584440 0.475988 0.042469
v -0.561376 0.478164 0.033479
v -0.542666 0.717512 0.030950
v -0.543039 0.716680 0.025057
v -0.561654 0.477965 0.025144
v -0.526179 0.787898 0.021330
v -0.526506 0.786943 0.013858
v -0.509615 0.842552 0.010294
v -0.512179 0.848133 0.008043
v -0.529355 0.785615 0.022033
v -0.529199 0.785893 0.026653
v -0.542897 0.790006 0.022109
v -0.544925 0.790385 0.018485
v -0.543015 0.789801 0.018404
v -0.525851 0.788853 0.028802
v -0.519533 0.815177 0.028804
v -0.523892 0.799226 0.030218
v -0.512656 0.846842 0.032642
v -0.530430 0.783822 0.003378
v -0.526856 0.784277 0.013737
v -0.527866 0.784554 0.009045
v -0.545289 0.790749 0.014619
v -0.529085 0.785577 0.039539
v -0.527776 0.785868 0.038705
v -0.528977 0.784165 0.004332
v -0.526966 0.785909 0.034199
v -0.522898 0.851908 0.024803
v -0.584656 0.475793 0.025086
v -0.580568 0.295598 0.016323
v -0.552314 0.101555 0.034994
v -0.542294 0.718343 0.036843
v -0.561418 0.478161 0.042473
v -0.557297 0.290776 0.040153
v -0.537944 0.120358 0.005921
v -0.557669 0.724373 0.033195
v -0.543028 0.789485 0.026652
v -0.542777 0.790210 0.025814
v -0.543380 0.788725 0.017738
v -0.558012 0.723745 0.024399
v -0.579045 0.476516 0.024839
v -0.576363 0.296193 0.016069
v -0.552763 0.116346 0.003230
v -0.549476 0.107459 0.019003
v -0.551263 0.099117 0.035567
v -0.552519 0.104243 0.036548
v -0.574708 0.287651 0.040476
v -0.554001 0.103196 0.038351
v -0.578886 0.476698 0.043085
v -0.529497 0.784818 0.027405
v -0.547752 0.719901 0.036878
v -0.526272 0.785285 0.029860
v -0.567024 0.477441 0.042808
v -0.561448 0.290187 0.040419
v -0.537225 0.104262 0.034429
v -0.538723 0.111628 0.019396
v -0.537813 0.119479 0.004820
v -0.539299 0.123596 0.004683
v -0.562821 0.298638 0.017725
v -0.537752 0.123598 0.003488
v -0.567193 0.477228 0.024486
v -0.548498 0.718259 0.024463
v -0.529845 0.784205 0.017013
v -0.529511 0.785338 0.017413
v -0.556840 0.126422 -0.020735
v -0.541955 0.130745 -0.019704
v -0.538393 0.126455 -0.007633
v -0.537434 0.112940 0.065784
v -0.551823 0.110895 0.065784
v -0.536361 0.112811 0.064993
v -0.541591 0.130867 -0.019274
v -0.533942 0.112257 0.057621
v -0.556740 0.121264 0.001331
v -0.557643 0.126288 -0.020228
v -0.534788 0.110449 0.038460
v -0.552963 0.110722 0.065043
v -0.553802 0.121088 0.002970
v -0.538297 0.110282 0.035556
v -0.517138 0.855539 0.024307
v -0.521388 0.838586 -0.012273
v 0.522675 -0.051346 0.022810
v 0.521460 -0.051834 0.032200
v 0.530206 -0.032089 0.031445
v 0.530065 -0.032661 0.022262
v 0.595748 0.766969 -0.005651
v 0.583681 0.765205 -0.005656
v 0.521816 -0.051651 0.023121
v 0.520735 -0.052265 0.032231
v 0.516466 -0.050673 0.025479
v 0.516168 -0.051153 0.025709
v 0.515997 -0.051285 0.031842
v 0.516365 -0.050794 0.031560
v 0.596714 0.771355 0.003346
v 0.519758 0.000153 0.000201
v 0.511349 -0.023307 -0.004659
v 0.511336 -0.022695 -0.010515
v 0.521140 0.003562 -0.006751
v 0.519651 0.000403 0.057335
v 0.519928 -0.001822 0.066888
v 0.510280 -0.026784 0.070010
v 0.510263 -0.024376 0.057226
v 0.615478 0.431615 0.058069
v 0.601125 0.433743 0.058112
v 0.598687 0.675233 0.043032
v 0.614203 0.678505 0.043534
v 0.615156 0.431218 0.006011
v 0.600699 0.433391 0.006042
v 0.538540 -0.004513 -0.037233
v 0.529019 -0.030509 -0.043007
v 0.530948 -0.032076 -0.012702
v 0.541615 -0.001182 -0.007784
v 0.597322 0.768150 -0.004181
v 0.510593 -0.023102 0.033173
v 0.520499 0.003830 0.034053
v 0.616547 0.431444 0.057433
v 0.615007 0.679779 0.042889
v 0.537933 -0.004337 -0.037863
v 0.522841 0.000607 -0.037738
v 0.513960 -0.023722 -0.043468
v 0.528479 -0.030285 -0.043518
v 0.524407 0.014596 0.013425
v 0.514804 -0.056138 0.054948
v 0.514423 -0.055790 0.055508
v 0.515130 -0.055708 0.055854
v 0.515443 -0.055590 0.054455
v 0.519233 -0.053114 -0.049803
v 0.518701 -0.052792 -0.050329
v 0.518994 -0.053746 -0.049462
v 0.518715 -0.053589 -0.050414
v 0.535021 -0.006469 0.067315
v 0.525409 -0.032939 0.069912
v 0.511118 -0.027105 0.070845
v 0.520750 -0.002099 0.067560
v 0.487247 -0.098431 -0.036151
v 0.474812 -0.093370 -0.035528
v 0.474222 -0.093884 -0.012395
v 0.486652 -0.098941 -0.013119
v 0.576028 0.789053 -0.011996
v 0.485693 -0.099786 0.024648
v 0.473269 -0.094729 0.025281
v 0.473109 -0.094865 0.031419
v 0.485538 -0.099923 0.030760
v 0.516790 -0.053618 -0.035687
v 0.504771 -0.042927 -0.033382
v 0.490550 -0.071942 -0.035605
v 0.503135 -0.076502 -0.036316
v 0.504412 -0.042094 -0.032481
v 0.502755 -0.043991 -0.011902
v 0.502374 -0.044768 -0.011924
v 0.504055 -0.042931 -0.032598
v 0.515652 -0.050899 0.025122
v 0.501995 -0.045872 0.025900
v 0.488641 -0.070659 0.025330
v 0.501777 -0.075532 0.024621
v 0.501813 -0.044787 0.026271
v 0.502047 -0.045148 0.032432
v 0.501725 -0.045872 0.032414
v 0.501491 -0.045510 0.026253
v 0.500707 -0.078537 0.054922
v 0.488245 -0.073927 0.055594
v 0.502358 -0.047328 0.056110
v 0.502119 -0.076127 0.025200
v 0.501951 -0.076258 0.031322
v 0.516376 -0.050154 -0.006623
v 0.502551 -0.074810 -0.007041
v 0.489411 -0.069934 -0.006331
v 0.502211 -0.044911 -0.006298
v 0.517103 -0.053921 -0.035128
v 0.503368 -0.077076 -0.035732
v 0.503094 -0.075282 -0.012575
v 0.517127 -0.050271 -0.012832
v 0.519574 -0.001406 0.023352
v 0.523859 0.009511 0.012760
v 0.523850 0.010176 0.012859
v 0.519585 -0.000473 0.023845
v 0.504596 -0.045032 -0.049367
v 0.505063 -0.042290 -0.033899
v 0.517353 -0.053349 -0.035878
v 0.509862 -0.023881 0.025487
v 0.516231 -0.049662 -0.006464
v 0.502387 -0.044280 -0.005715
v 0.502107 -0.044041 -0.003502
v 0.521310 -0.051465 -0.004932
v 0.533192 -0.011742 0.018967
v 0.533709 -0.007489 0.010646
v 0.521424 -0.003779 0.011702
v 0.518902 -0.008480 0.019459
v 0.510049 -0.025288 0.023112
v 0.528225 -0.032464 0.021604
v 0.521655 -0.051577 -0.005370
v 0.517076 -0.049977 -0.006886
v 0.517632 -0.053413 -0.034561
v 0.517358 -0.049850 -0.012456
v 0.522617 -0.051459 -0.014175
v 0.516081 -0.050524 0.025203
v 0.502191 -0.044575 0.023016
v 0.509686 -0.025060 0.023476
v 0.501802 -0.044487 0.023492
v 0.502057 -0.043819 -0.006536
v 0.501680 -0.044599 -0.006556
v 0.502185 -0.045210 0.025303
v 0.521682 -0.050815 -0.004907
v 0.502362 -0.043521 -0.003483
v 0.504494 -0.043984 -0.049347
v 0.513393 -0.023593 -0.043198
v 0.511446 -0.024275 -0.029192
v 0.505390 -0.044020 -0.049262
v 0.499848 -0.051683 0.073192
v 0.500119 -0.052553 0.073614
v 0.502890 -0.047120 0.056789
v 0.501779 -0.046198 0.055362
v 0.484962 -0.100444 0.053811
v 0.472521 -0.095385 0.054573
v 0.473024 -0.095183 0.055113
v 0.484772 -0.099542 0.054478
v 0.487088 -0.097502 -0.036719
v 0.475344 -0.093143 -0.036085
v 0.489952 -0.072012 -0.034904
v 0.474531 -0.093761 -0.006948
v 0.474068 -0.093980 -0.007501
v 0.488903 -0.069884 -0.006748
v 0.487750 -0.074023 0.055028
v 0.501753 -0.047130 0.055342
v 0.501014 -0.079117 0.054312
v 0.516926 -0.050382 -0.007256
v 0.502926 -0.075376 -0.007699
v 0.533567 -0.012177 0.001828
v 0.534250 -0.007234 0.010621
v 0.534013 -0.011838 0.001595
v 0.473759 -0.094485 0.024714
v 0.488128 -0.070594 0.025790
v 0.515777 -0.058819 0.072700
v 0.521303 -0.051435 0.022863
v 0.501981 -0.044992 0.023432
v 0.520060 -0.008375 0.003374
v 0.529232 -0.031617 -0.004102
v 0.511092 -0.024417 -0.002039
v 0.510773 -0.024199 -0.002343
v 0.520047 -0.008095 0.003284
v 0.500502 -0.052189 0.074183
v 0.515613 -0.057903 0.073399
v 0.521392 -0.003418 0.011760
v 0.518755 -0.008007 0.019681
v 0.531436 -0.031881 -0.004821
v 0.522065 -0.050937 -0.005414
v 0.545629 0.010610 0.011582
v 0.541145 -0.002432 0.030105
v 0.522284 -0.051166 0.022369
v 0.519775 -0.000746 0.001025
v 0.579647 0.774049 0.032375
v 0.581753 0.774074 0.033513
v 0.526280 -0.033257 0.068974
v 0.516388 -0.058236 0.072579
v 0.485525 -0.098851 0.024079
v 0.516973 -0.050243 -0.007015
v 0.486495 -0.099035 -0.008250
v 0.486296 -0.098127 -0.007584
v 0.501954 -0.043428 -0.003909
v 0.516054 -0.058942 0.071649
v 0.522959 -0.050811 -0.014275
v 0.616218 0.431050 0.006634
v 0.615934 0.676287 0.009454
v 0.615202 0.674792 0.009241
v 0.582050 0.765602 -0.004668
v 0.522600 0.000774 -0.037194
v 0.539962 -0.005769 -0.001157
v 0.543209 0.005795 0.011317
v 0.488095 -0.070807 0.031939
v 0.489177 -0.069863 -0.011648
v 0.535917 -0.006765 0.066536
v 0.521308 0.001741 -0.023529
v 0.539626 -0.006547 0.022849
v 0.539144 -0.007102 0.022525
v 0.533405 -0.011488 0.019114
v 0.542938 0.005152 0.011251
v 0.539655 -0.006154 -0.000996
v 0.599908 0.671531 0.009892
v 0.592745 0.777743 0.033861
v 0.595342 0.778130 0.032899
v 0.617375 0.680105 0.025812
v 0.136177 -0.249903 -0.083074
v 0.089801 -0.249320 -0.069958
v 0.092748 -0.251078 -0.025922
v 0.151803 -0.254916 -0.029477
v 0.055699 -0.249000 -0.020563
v 0.053837 -0.249825 0.019930
v 0.095814 -0.253411 0.021078
v 0.164625 -0.256635 0.020018
v 0.291680 -0.247282 -0.023798
v 0.291861 -0.245938 0.020575
v 0.066204 -0.248419 -0.058569
v 0.402253 -0.191024 -0.021445
v 0.396746 -0.196952 0.023230
v 0.052696 -0.244578 -0.080516
v 0.034959 -0.245614 -0.021070
v 0.470919 -0.128626 -0.011745
v 0.469872 -0.132165 0.019924
v 0.388697 -0.201512 0.079786
v 0.458600 -0.145904 0.071711
v 0.291956 -0.241940 0.079711
v 0.173368 -0.253530 0.076639
v 0.098956 -0.253628 0.065180
v 0.058167 -0.251105 0.051467
v 0.407038 -0.181567 -0.071529
v 0.289054 -0.241456 -0.091778
v 0.037700 -0.247116 0.041402
v 0.031350 -0.247841 0.018641
v 0.464261 -0.131536 -0.056319
v 0.065063 -0.248841 0.074511
v 0.100239 -0.252731 0.096080
v 0.176637 -0.249507 0.103608
v 0.291156 -0.236356 0.108367
v 0.412221 -0.170412 -0.126430
v 0.285893 -0.229181 -0.162724
v 0.453271 -0.140521 -0.090979
v 0.386006 -0.201785 0.099405
v 0.452763 -0.148227 0.079153
v 0.048492 -0.246349 0.063233
v 0.084885 -0.242047 -0.131432
v 0.113692 -0.240186 -0.147533
v 0.556809 0.060871 0.024666
v 0.558036 0.057817 0.032655
v 0.557425 0.062046 0.024376
v 0.559344 0.062634 0.024433
v 0.558140 0.069406 0.008492
v 0.560728 0.074162 0.001469
v 0.616714 0.430236 0.022127
v 0.603674 0.744995 0.015123
v 0.601832 0.746254 0.021254
v 0.602849 0.746364 0.019407
v 0.602807 0.746470 0.021259
v 0.603783 0.746685 0.021236
v 0.602766 0.746575 0.023083
v 0.606811 0.712596 0.027186
v 0.585149 0.744837 0.014964
v 0.586538 0.744066 0.019046
v 0.586647 0.743578 0.015309
v 0.588093 0.742663 0.017080
v 0.586704 0.743434 0.012998
v 0.586898 0.741515 0.012736
v 0.595187 0.707774 0.018054
v 0.602081 0.553305 0.021730
v 0.582173 0.254817 0.014277
v 0.565671 0.168333 0.008562
v 0.542320 0.071011 0.012459
v 0.544647 0.077434 0.001478
v 0.543612 0.073515 0.009318
v 0.545609 0.074028 0.009544
v 0.543800 0.069564 0.016605
v 0.544804 0.066462 0.024351
v 0.589679 0.316226 0.038588
v 0.601595 0.615068 0.035630
v 0.612760 0.555288 0.035346
v 0.577156 0.152241 0.035814
v 0.598820 0.250676 0.012627
v 0.602717 0.747781 0.019223
v 0.545742 0.080804 0.003107
v 0.544596 0.078721 0.010603
v 0.543595 0.075405 0.017549
v 0.544623 0.075528 0.010304
v 0.604565 0.336914 0.038986
v 0.579454 0.164792 0.006812
v 0.586264 0.185488 0.007323
v 0.581476 0.166793 -0.015314
v 0.566922 0.171445 -0.014510
v 0.583304 0.254063 -0.006599
v 0.562941 0.158138 0.061929
v 0.551927 0.069907 0.063189
v 0.588051 0.243011 0.060602
v 0.580266 0.254801 0.011828
v 0.557551 0.086175 -0.022838
v 0.574222 0.169518 -0.014763
v 0.590847 0.252063 -0.006985
v 0.587078 0.742514 0.019335
v 0.587134 0.742371 0.017024
v 0.586175 0.742079 0.017006
v 0.587190 0.742228 0.014750
v 0.587014 0.740953 0.014354
v 0.593807 0.707363 0.018041
v 0.582129 0.255150 0.015331
v 0.563676 0.168787 0.008882
v 0.546538 0.082367 0.002484
v 0.545523 0.078411 0.002808
v 0.545711 0.074461 0.010094
v 0.544710 0.071145 0.017040
v 0.543716 0.067529 0.024561
v 0.543238 0.068673 0.024247
v 0.543332 0.063990 0.031558
v 0.558244 0.059149 0.033432
v 0.544578 0.065806 0.032432
v 0.602859 0.747664 0.013554
v 0.601917 0.746042 0.017548
v 0.602816 0.747770 0.015407
v 0.603609 0.749408 0.017138
v 0.604510 0.745763 0.015492
v 0.605103 0.745127 0.017393
v 0.604502 0.745735 0.017669
v 0.604461 0.745840 0.019491
v 0.603867 0.746476 0.017590
v 0.583950 0.811429 0.021944
v 0.586383 0.747064 0.000383
v 0.584900 0.752546 0.001972
v 0.585982 0.746874 0.003281
v 0.591753 0.715608 0.004895
v 0.584932 0.745814 0.022438
v 0.584563 0.749950 0.017468
v 0.539141 0.059453 0.059196
v -0.132088 -0.240223 -0.075936
v -0.478942 -0.094025 0.006336
v -0.231172 -0.228678 -0.086375
v -0.061388 -0.244849 0.019532
v -0.101165 -0.243744 0.085731
v -0.079410 -0.244886 0.060440
v -0.333650 -0.189544 -0.152111
v -0.305206 -0.212613 -0.125849
v -0.451943 -0.114315 -0.084880
v -0.075200 -0.242539 0.069184
v -0.067934 -0.244288 0.009957
v -0.142383 -0.237759 -0.094534
v 0.560780 0.076036 0.000465
v 0.602099 0.745385 0.015362
v 0.601888 0.745989 0.023525
v 0.588271 0.741942 0.014568
v 0.586826 0.742857 0.012797
v 0.585331 0.743007 0.011166
v 0.585932 0.741239 0.014536
v 0.586891 0.741530 0.014555
v 0.584951 0.747010 0.007988
v 0.584879 0.748352 0.008049
v 0.548213 0.057092 0.063636
v 0.544570 0.045146 0.063943
v 0.541190 0.059531 0.063530
v 0.537285 0.047713 0.063576
v 0.595506 0.742259 0.000772
v 0.600838 0.749166 -0.000390
v 0.594214 0.747847 -0.000431
v 0.593200 0.753789 -0.001695
v 0.587868 0.746882 -0.000533
v 0.601689 0.748767 0.000382
v 0.600397 0.754355 -0.000821
v 0.586219 0.795065 -0.014132
v 0.585583 0.791400 -0.014637
v 0.587818 0.790227 -0.013881
v 0.575991 0.806977 0.029184
v 0.578996 0.809325 0.028260
v 0.579126 0.807478 0.029142
v 0.582653 0.808223 0.029041
v 0.579648 0.805874 0.029966
v 0.580856 0.795399 -0.014779
v 0.582456 0.790561 -0.014528
v 0.579167 0.789959 -0.014581
v 0.583894 0.785960 -0.014439
v 0.574430 0.806965 0.028143
v 0.574561 0.805118 0.029025
v 0.581674 0.811643 0.024963
v 0.578538 0.811141 0.025005
v 0.575630 0.810647 0.025146
v 0.578308 0.812965 0.021849
v 0.585701 0.797870 -0.012237
v 0.583466 0.799043 -0.012993
v 0.576793 0.797503 -0.012861
v 0.579920 0.798342 -0.012970
v 0.579402 0.801147 -0.011075
v 0.586731 0.808424 0.026379
v 0.584439 0.808963 0.027998
v 0.584407 0.809613 0.025198
v 0.574142 0.803773 0.006601
v 0.575514 0.809464 0.013729
v 0.591157 0.344016 0.018685
v 0.593153 0.343562 0.018366
v 0.563782 0.157569 0.035353
v 0.544863 0.071890 -0.024414
v 0.552117 0.069165 -0.024965
v 0.547000 0.052157 -0.026944
v 0.559688 0.066443 -0.025368
v 0.558860 0.060324 0.033142
v 0.603073 0.745603 0.015398
v 0.602934 0.746154 0.015731
v 0.546320 0.079974 0.002185
v 0.602817 0.751104 0.007115
v 0.588174 0.741166 0.001211
v 0.587160 0.747108 -0.000053
v 0.586077 0.752780 -0.001361
v 0.587203 0.742980 0.036483
v 0.586546 0.750738 0.036094
v 0.594684 0.744525 0.037229
v 0.593382 0.752478 0.036426
v 0.591803 0.759646 0.035594
v 0.599941 0.753434 0.036730
v 0.599429 0.759948 0.035563
v 0.586966 0.742801 0.023919
v 0.587076 0.742254 0.024294
v 0.546421 0.080407 0.002735
v 0.586374 0.744698 0.025093
v -0.517851 -0.010691 -0.042325
v -0.514936 -0.008114 -0.036824
v -0.519802 -0.011212 -0.037319
v -0.519886 -0.011061 -0.034522
v -0.522800 -0.013638 -0.040022
v -0.446905 -0.107537 -0.117977
v -0.466377 -0.099362 -0.104003
v -0.506631 -0.004684 -0.037358
v -0.512352 -0.006535 -0.032237
v -0.511166 -0.006783 -0.036939
v -0.509215 -0.006262 -0.041945
v -0.457324 -0.089289 -0.103360
v -0.519641 -0.019060 0.065898
v -0.519449 -0.018640 0.069687
v -0.516410 -0.013664 -0.049322
v -0.512457 -0.009862 -0.048071
v -0.516568 -0.012907 -0.048620
v -0.517010 -0.011860 -0.047830
v -0.520963 -0.015662 -0.049081
v -0.428296 -0.146992 0.083810
v -0.362536 -0.164679 -0.160125
v -0.333289 -0.178207 0.122239
v -0.132726 -0.234284 -0.164553
v -0.237931 -0.209093 -0.173220
v -0.122143 -0.208806 -0.135210
v -0.079090 -0.228631 -0.079379
v -0.070751 -0.214522 -0.050402
v -0.077530 -0.232215 0.063551
v -0.247462 -0.203904 0.122660
v -0.114073 -0.228484 -0.154358
v -0.132656 -0.208161 -0.149638
v -0.158817 -0.224396 0.116052
v -0.077685 -0.231760 -0.116645
v -0.120719 -0.209113 -0.141356
v -0.068599 -0.193515 -0.053351
v -0.054107 -0.184125 -0.022400
v -0.057411 -0.182246 0.001510
v -0.052315 -0.183077 -0.011840
v -0.057304 -0.182706 0.035203
v -0.051821 -0.182246 0.032288
v -0.052202 -0.182875 0.036819
v -0.046546 -0.183595 0.037630
v -0.052029 -0.184054 0.040545
v -0.086851 -0.234976 0.099587
v -0.024386 -0.247187 0.009995
v -0.031700 -0.237470 -0.009676
v -0.024929 -0.257562 0.024476
v -0.029354 -0.221119 0.017137
v -0.030620 -0.257518 0.043323
v -0.038344 -0.238006 0.084634
v -0.028770 -0.246148 0.081560
v -0.025921 -0.235392 0.081787
v -0.094922 -0.253264 0.088617
v -0.254307 -0.233783 0.112225
v -0.354516 -0.202328 0.110939
v -0.484684 -0.095806 -0.028586
v -0.482949 -0.097439 -0.043761
v -0.486676 -0.094146 -0.013449
v -0.466280 -0.074311 0.006211
v -0.034197 -0.204235 0.020903
v -0.094696 -0.211782 -0.103356
v -0.094494 -0.206286 -0.106836
v -0.057522 -0.198486 0.020769
v -0.058351 -0.200495 -0.001467
v -0.060300 -0.216005 -0.001999
v -0.060189 -0.199765 -0.021258
v -0.056752 -0.181157 0.027209
v -0.058809 -0.199550 0.032640
v -0.058638 -0.198630 0.029177
v -0.059579 -0.216879 0.026200
v -0.042891 -0.187122 0.038861
v -0.472674 -0.087409 0.092553
v -0.480791 -0.066708 0.087793
v -0.484554 -0.053831 -0.070567
v -0.474525 -0.075342 -0.087339
v -0.471012 -0.071929 -0.086923
v -0.495222 -0.060652 -0.070860
v -0.487074 -0.084672 -0.087524
v -0.479919 -0.081264 -0.087646
v -0.516302 -0.016630 0.066828
v -0.511138 -0.015636 0.070891
v -0.514747 -0.017126 0.069988
v -0.514285 -0.017646 0.073750
v -0.507531 -0.013198 0.068109
v -0.502535 -0.012356 0.071241
v -0.507696 -0.014298 0.070863
v -0.506142 -0.014794 0.074022
v -0.455649 -0.107301 0.067876
v -0.444493 -0.100085 0.070847
v -0.485979 -0.095744 0.002543
v -0.453511 -0.091811 0.064044
v -0.450831 -0.093682 0.067546
v -0.523916 -0.012477 -0.007003
v -0.524280 -0.011102 -0.005075
v -0.508877 -0.008988 -0.048587
v -0.505601 -0.006762 -0.047763
v -0.509023 -0.008393 -0.047948
v -0.509181 -0.007636 -0.047246
v -0.512946 -0.020767 0.076387
v -0.518024 -0.021039 0.075969
v -0.513279 -0.019519 0.076226
v -0.513769 -0.018300 0.076008
v -0.508690 -0.018028 0.076426
v -0.504783 -0.017433 0.076364
v -0.505272 -0.016214 0.076146
v -0.505681 -0.015320 0.075968
v -0.501774 -0.014725 0.075906
v -0.522459 -0.014678 -0.040512
v -0.522375 -0.014829 -0.043309
v -0.506649 -0.058544 0.008339
v -0.503155 -0.053599 -0.001111
v -0.503244 -0.055309 0.009098
v -0.500024 -0.051844 0.009924
v -0.503518 -0.056789 0.019374
v -0.514757 -0.035339 -0.002229
v -0.520614 -0.012403 -0.002491
v -0.512417 -0.033899 -0.002132
v -0.509012 -0.030663 -0.001374
v -0.522927 -0.013756 0.024987
v -0.520698 -0.013611 0.025389
v -0.521045 -0.012518 0.025361
v -0.519422 -0.011334 0.025910
v -0.521651 -0.011478 0.025509
v -0.072865 -0.247271 -0.082926
v -0.068818 -0.251681 0.072364
v -0.484064 -0.099533 0.028466
v -0.473932 -0.109311 0.058416
v -0.474956 -0.101346 -0.056835
v -0.051650 -0.181326 0.028825
v -0.020789 -0.255278 0.068744
v -0.046277 -0.255092 0.063055
v -0.042822 -0.184691 0.030744
v -0.017279 -0.248127 0.010971
v -0.009486 -0.248700 0.012111
v -0.016958 -0.239771 0.011248
v -0.008888 -0.233128 0.012628
v -0.019093 -0.225993 0.017324
v -0.008615 -0.226532 0.021307
v -0.017688 -0.240154 0.081891
v -0.020080 -0.246235 0.081150
v -0.009239 -0.246495 0.080631
v -0.020321 -0.252489 0.080300
v -0.017047 -0.230650 0.080907
v -0.017504 -0.235324 0.081422
v -0.008814 -0.235412 0.081011
v -0.034215 -0.255897 0.062540
v -0.044023 -0.254208 0.070696
v -0.044671 -0.182946 0.029639
v -0.044869 -0.184160 0.035009
v -0.459944 -0.085404 0.060103
v -0.463075 -0.080585 0.040417
v -0.047003 -0.200540 0.055605
v -0.044568 -0.186556 0.041483
v -0.045197 -0.202322 0.055732
v -0.523080 -0.013156 -0.034227
v -0.044697 -0.185340 0.038735
v -0.464302 -0.072999 -0.036756
v -0.465649 -0.072780 -0.022451
v -0.519121 -0.015393 0.057563
v -0.517017 -0.014146 0.057986
v -0.518856 -0.015454 0.057879
v -0.518331 -0.016164 0.062113
v -0.520436 -0.017411 0.061690
v -0.493249 -0.028887 -0.059276
v -0.048821 -0.234665 -0.059254
v -0.068802 -0.199012 -0.049870
v -0.060850 -0.253313 0.073204
v -0.518672 -0.019476 0.074628
v -0.009544 -0.254031 0.074032
v -0.020363 -0.253344 0.076468
v -0.514083 -0.017985 0.074829
v -0.509381 -0.016471 0.075129
v -0.505883 -0.014981 0.074889
v -0.502442 -0.013643 0.074861
v -0.025430 -0.229624 0.077559
v -0.017014 -0.229555 0.077195
v -0.017447 -0.256962 0.014519
v -0.134464 -0.241482 -0.161968
v -0.008614 -0.226175 0.015731
v -0.520899 -0.016498 -0.048353
v -0.512801 -0.008349 -0.044600
v -0.517195 -0.011104 -0.045061
v -0.522060 -0.014203 -0.045555
v -0.505596 -0.005549 -0.044591
v -0.509030 -0.007018 -0.044714
v -0.502033 -0.014538 0.075039
v -0.462933 -0.078458 0.085257
v -0.300598 -0.192768 0.124366
v -0.403498 -0.138955 0.111441
v -0.523750 -0.012736 0.028313
v -0.480150 -0.106176 0.058354
v -0.482841 -0.101737 0.038427
v -0.521940 -0.011956 0.031946
v -0.521987 -0.011752 0.028861
v -0.521992 -0.011249 0.025876
v -0.520182 -0.010469 0.029508
v -0.460765 -0.094970 0.034495
v -0.455032 -0.090322 0.060001
v -0.517355 -0.008771 -0.031235
v -0.520353 -0.011197 -0.033939
v -0.520549 -0.010867 -0.030940
v -0.521940 -0.009885 -0.007144
v -0.519653 -0.008373 -0.005045
v -0.521972 -0.009736 -0.005039
v -0.521993 -0.009590 -0.002975
v -0.470232 -0.113744 0.070307
v -0.516053 -0.009167 -0.030652
v -0.513259 -0.007026 -0.030418
v -0.512980 -0.007550 -0.030512
v -0.509519 -0.006013 -0.030662
v -0.512314 -0.008153 -0.030896
v -0.504602 -0.031957 -0.033594
v -0.501141 -0.030420 -0.033744
v -0.497592 -0.028825 -0.032477
v -0.489880 -0.052629 -0.035174
v -0.468690 -0.075342 -0.035334
v -0.480491 -0.065490 -0.035826
v -0.480386 -0.065374 -0.035814
v -0.489258 -0.053278 -0.035106
v -0.477458 -0.063130 -0.034614
v -0.462538 -0.086713 0.059863
v -0.462275 -0.086497 0.059948
v -0.464583 -0.087995 0.059923
v -0.487894 -0.065165 0.059149
v -0.484359 -0.062986 0.058904
v -0.484963 -0.062272 0.058931
v -0.501088 -0.040077 0.058528
v -0.497552 -0.037898 0.058284
v -0.493987 -0.036230 0.058291
v -0.510112 -0.014036 0.057888
v -0.514839 -0.014825 0.057785
v -0.511274 -0.013158 0.057792
v -0.507038 -0.011272 0.057855
v -0.511764 -0.012061 0.057752
v -0.523363 -0.012520 -0.002636
v -0.521024 -0.011080 -0.002540
v -0.521666 -0.009889 -0.002591
v -0.518917 -0.009772 -0.002446
v -0.518096 -0.008749 -0.018618
v -0.495181 -0.053851 -0.019659
v -0.488838 -0.059892 -0.004576
v -0.514659 -0.037551 0.021782
v -0.512777 -0.036314 0.022156
v -0.509557 -0.032849 0.022981
v -0.518090 -0.012605 0.044791
v -0.508989 -0.032885 0.023394
v -0.519318 -0.008439 -0.002682
v -0.519622 -0.008403 -0.002718
v -0.519381 -0.008260 -0.002904
v -0.516761 -0.008762 -0.030356
v -0.466622 -0.074059 -0.035850
v -0.481797 -0.098691 -0.050577
v -0.520108 -0.010129 0.026290
v -0.519797 -0.010168 0.026279
v -0.519876 -0.010004 0.026512
v -0.517013 -0.014010 0.057466
v -0.516747 -0.014072 0.057781
v -0.516372 -0.013942 0.057475
v -0.516376 -0.014078 0.057995
v -0.461990 -0.086686 0.060163
v -0.459754 -0.085501 0.060530
v -0.462085 -0.086593 0.060375
v -0.517506 -0.008894 -0.030403
v -0.517038 -0.008758 -0.030986
v -0.516610 -0.008639 -0.031188
v -0.524036 -0.011076 -0.002848
v -0.521930 -0.009769 -0.002754
v -0.519311 -0.008569 -0.007116
v -0.519344 -0.008421 -0.005011
v -0.519039 -0.008456 -0.004975
v -0.509002 -0.004922 -0.031467
v -0.508335 -0.005526 -0.031851
v -0.506802 -0.060618 0.018720
v -0.521731 -0.011314 0.025741
v -0.523535 -0.012598 0.025094
v -0.506712 -0.058909 0.008511
v -0.518413 -0.008762 -0.018867
v -0.518722 -0.008714 -0.018901
v -0.499945 -0.053422 0.020415
v -0.466727 -0.074175 -0.035862
v -0.518675 -0.009629 -0.002631
v -0.518602 -0.012313 0.025961
v -0.509204 -0.032947 0.023197
v -0.518729 -0.012528 0.045082
v -0.519807 -0.011124 0.032408
v -0.518360 -0.012680 0.044996
v -0.470638 -0.072750 0.059714
v -0.472874 -0.073935 0.059347
v -0.510985 -0.011378 0.058271
v -0.510609 -0.011248 0.057964
v -0.506374 -0.009362 0.058027
v -0.515210 -0.014819 0.057571
v -0.492808 -0.054873 -0.036374
v -0.476068 -0.077046 0.059480
v -0.488758 -0.064545 0.058994
v -0.523188 -0.013690 0.025122
v -0.518976 -0.011147 0.026329
v -0.519208 -0.011272 0.026108
v -0.523767 -0.012037 -0.019184
v -0.520492 -0.013512 0.044534
v -0.522332 -0.014820 0.044427
v -0.487761 -0.093454 0.058617
v -0.521448 -0.010674 -0.019189
v -0.498016 -0.053390 0.008728
v -0.519501 -0.010658 0.029411
v -0.518864 -0.011627 0.029269
v -0.475977 -0.100093 -0.050013
v -0.512074 -0.006539 -0.031607
v -0.519812 -0.010620 0.029423
v -0.502796 -0.030928 0.079242
v -0.507540 -0.032449 0.078985
v -0.491166 -0.056063 0.084833
v -0.501316 -0.045902 0.081978
v -0.499378 -0.029115 0.078962
v -0.489003 -0.039760 0.081922
v -0.487015 -0.053255 0.084800
v -0.503794 -0.009902 0.063363
v -0.453416 -0.091904 0.063832
v -0.465981 -0.114409 0.063442
v -0.472087 -0.111764 0.065342
v -0.478183 -0.108645 0.065281
v -0.521719 -0.015242 -0.046044
v -0.507338 -0.037339 -0.059755
v -0.500183 -0.033932 -0.059877
v -0.496761 -0.032301 -0.059692
v -0.495699 -0.053872 -0.003205
v -0.488148 -0.065256 0.058963
v -0.473136 -0.074152 0.059262
v -0.052659 -0.199820 0.054794
v -0.514722 -0.014674 0.063017
v -0.509560 -0.012732 0.063394
v 0.517374 -0.050800 -0.036976
v 0.512654 -0.047482 -0.039255
v 0.515445 -0.050130 -0.041973
v 0.515336 -0.050274 -0.044769
v 0.520057 -0.053592 -0.042489
v 0.178368 -0.237288 0.095940
v 0.510220 -0.045712 -0.034656
v 0.508290 -0.045042 -0.039653
v 0.504633 -0.043427 -0.039750
v 0.507067 -0.045197 -0.044348
v 0.430085 -0.140490 -0.124450
v 0.224542 -0.218595 0.097744
v 0.231769 -0.231495 0.097633
v 0.516851 -0.058343 0.067236
v 0.515933 -0.059960 0.070985
v 0.514383 -0.051374 -0.050270
v 0.509996 -0.049033 -0.050490
v 0.514164 -0.052117 -0.050971
v 0.513640 -0.053126 -0.051760
v 0.518027 -0.055467 -0.051540
v 0.442924 -0.168574 0.099388
v 0.420931 -0.174980 0.104590
v 0.415508 -0.168049 0.104927
v 0.456906 -0.147169 0.094787
v 0.377431 -0.189302 0.114927
v 0.413405 -0.161491 0.105123
v 0.409400 -0.156314 0.105206
v 0.447477 -0.135061 0.095207
v 0.334111 -0.212371 0.119151
v 0.287169 -0.222183 0.123805
v 0.332592 -0.205673 0.119384
v 0.330488 -0.199114 0.119580
v 0.053919 -0.219297 -0.050697
v 0.059863 -0.237479 0.063225
v 0.243290 -0.251637 0.120795
v 0.179475 -0.251197 0.118252
v 0.235643 -0.244077 0.120772
v 0.233768 -0.235814 0.121058
v 0.178340 -0.235894 0.118780
v 0.219403 -0.228980 0.120725
v 0.204786 -0.225651 0.120271
v 0.095554 -0.236515 -0.154854
v 0.142265 -0.242765 0.115105
v 0.059201 -0.237004 -0.116970
v 0.040383 -0.245458 -0.089521
v 0.059695 -0.228033 -0.116657
v 0.041051 -0.228432 -0.088970
v 0.055734 -0.200693 -0.061807
v 0.043332 -0.186106 0.001272
v 0.032567 -0.186627 0.037442
v 0.037905 -0.185684 0.032075
v 0.037660 -0.186848 0.035803
v 0.043351 -0.186563 0.034965
v 0.038013 -0.187505 0.040332
v 0.013419 -0.239199 -0.009783
v 0.005477 -0.248331 0.009924
v 0.020678 -0.229311 -0.029221
v 0.008628 -0.221793 0.019993
v 0.014974 -0.259172 0.042462
v 0.015090 -0.219049 0.031593
v 0.012707 -0.222831 0.045213
v 0.007575 -0.224277 0.035209
v 0.004617 -0.226584 0.033664
v 0.020449 -0.240258 0.084496
v 0.008249 -0.236701 0.081706
v 0.020348 -0.235562 0.083982
v 0.018427 -0.228818 0.083942
v 0.013768 -0.259399 0.030077
v 0.292392 -0.245512 0.113582
v 0.361613 -0.220528 0.107098
v 0.464509 -0.150494 0.077693
v 0.473893 -0.134097 -0.046024
v 0.459278 -0.109771 0.004021
v 0.458117 -0.111957 0.018701
v 0.458533 -0.110344 0.003965
v 0.077506 -0.223856 0.076704
v 0.050461 -0.213325 -0.086173
v 0.040895 -0.199488 -0.056109
v 0.025060 -0.197585 -0.014281
v 0.028913 -0.188444 0.000063
v 0.021600 -0.200242 0.022107
v 0.062632 -0.213704 -0.082830
v 0.043614 -0.219985 -0.002245
v 0.042292 -0.202310 0.020533
v 0.044087 -0.201719 0.000734
v 0.044655 -0.203781 -0.021506
v 0.042962 -0.220807 0.025958
v 0.043551 -0.203472 0.032398
v 0.042409 -0.203241 0.023995
v 0.042881 -0.184975 0.026973
v 0.045701 -0.220972 0.066289
v 0.021595 -0.220563 0.057971
v 0.023229 -0.204234 0.040504
v 0.028659 -0.189863 0.038692
v 0.027025 -0.206192 0.056159
v 0.042155 -0.235957 -0.003773
v 0.465060 -0.123335 0.090335
v 0.470483 -0.130266 0.089999
v 0.484203 -0.110700 0.085227
v 0.476048 -0.134534 0.089679
v 0.457131 -0.115040 0.090405
v 0.461137 -0.120217 0.090321
v 0.474714 -0.103314 0.085533
v 0.504033 -0.043318 -0.034718
v 0.466979 -0.111413 -0.089566
v 0.473853 -0.115357 -0.089477
v 0.488817 -0.098352 -0.073188
v 0.511798 -0.056957 0.071323
v 0.508800 -0.054711 0.068478
v 0.513371 -0.056581 0.068156
v 0.513853 -0.056097 0.064391
v 0.503898 -0.053490 0.071633
v 0.500474 -0.050783 0.068868
v 0.503804 -0.052380 0.068880
v 0.505377 -0.052004 0.065713
v 0.446446 -0.141862 0.065742
v 0.467926 -0.134556 -0.022385
v 0.468015 -0.135749 -0.045496
v 0.521892 -0.051183 -0.007550
v 0.506903 -0.046563 -0.049650
v 0.503398 -0.045418 -0.050150
v 0.506709 -0.047145 -0.050288
v 0.511243 -0.057569 0.073583
v 0.515276 -0.060626 0.073524
v 0.510815 -0.058789 0.073746
v 0.510236 -0.059967 0.073966
v 0.506202 -0.056910 0.074025
v 0.503408 -0.053980 0.073581
v 0.502828 -0.055157 0.073802
v 0.502352 -0.056018 0.073981
v 0.499557 -0.053088 0.073537
v 0.500070 -0.050958 0.060649
v 0.494660 -0.089952 0.007570
v 0.497595 -0.091940 -0.003479
v 0.497804 -0.093438 0.006797
v 0.500746 -0.097139 0.005956
v 0.497811 -0.095152 0.017005
v 0.505189 -0.069519 -0.003773
v 0.518149 -0.052199 -0.004948
v 0.507411 -0.071134 -0.003880
v 0.510555 -0.074620 -0.004653
v 0.517177 -0.051047 0.023458
v 0.518271 -0.053416 0.022931
v 0.518956 -0.052424 0.023076
v 0.520481 -0.053730 0.022520
v 0.519386 -0.051361 0.023046
v 0.412060 -0.179765 -0.131000
v 0.179485 -0.255240 0.102021
v 0.475186 -0.136284 0.026197
v 0.472649 -0.134375 0.004702
v 0.013769 -0.225003 0.056581
v 0.028738 -0.187433 0.030575
v 0.020729 -0.203474 0.027032
v -0.002653 -0.256662 0.010823
v -0.002332 -0.248307 0.011101
v -0.001356 -0.240369 0.011212
v -0.001079 -0.233152 0.011452
v -0.001972 -0.225962 0.022943
v -0.000324 -0.240819 0.081850
v -0.000566 -0.247072 0.081000
v -0.000241 -0.231293 0.080867
v -0.000425 -0.236124 0.081336
v -0.003641 -0.228029 0.059307
v -0.000176 -0.228971 0.070691
v 0.030840 -0.187061 0.034829
v 0.455765 -0.115787 0.038243
v 0.030386 -0.189428 0.041306
v 0.031812 -0.203560 0.055419
v 0.028450 -0.220324 0.070272
v 0.520400 -0.053134 -0.036695
v 0.030631 -0.188265 0.037578
v 0.458631 -0.108191 -0.024637
v 0.515890 -0.055787 0.059667
v 0.514714 -0.053673 0.055546
v 0.516158 -0.055745 0.059350
v 0.516715 -0.055076 0.055113
v 0.517891 -0.057190 0.059234
v 0.443212 -0.129707 0.094077
v 0.456871 -0.114864 0.089192
v 0.030470 -0.237703 -0.059442
v 0.030763 -0.229011 -0.059062
v 0.031258 -0.220040 -0.058749
v 0.054122 -0.213802 -0.054177
v 0.001575 -0.255591 0.071095
v 0.490288 -0.114787 0.083033
v 0.515173 -0.061470 0.072328
v 0.515609 -0.060337 0.072344
v 0.516036 -0.059117 0.072181
v 0.384699 -0.212064 0.110712
v 0.338559 -0.228791 0.113949
v 0.236255 -0.252616 0.115831
v 0.511466 -0.057247 0.072503
v 0.507005 -0.055410 0.072725
v 0.503675 -0.053813 0.072712
v 0.500301 -0.052060 0.072489
v 0.008181 -0.230911 0.077480
v 0.506597 -0.079386 -0.062714
v 0.510470 -0.047551 -0.047020
v 0.515082 -0.051013 -0.047537
v 0.519250 -0.054097 -0.048018
v 0.503501 -0.044209 -0.046978
v 0.507158 -0.045824 -0.046882
v 0.044947 -0.218909 -0.086933
v 0.041505 -0.218922 -0.071117
v 0.375213 -0.182461 0.113918
v 0.417832 -0.149494 0.101824
v 0.521395 -0.052777 0.025840
v 0.519745 -0.051159 0.023411
v 0.519697 -0.051359 0.026496
v 0.519668 -0.051861 0.029482
v 0.518017 -0.050244 0.027052
v 0.518067 -0.050658 -0.033397
v 0.515042 -0.048324 -0.033677
v 0.517609 -0.050486 -0.033978
v 0.519736 -0.049501 -0.005440
v 0.517486 -0.048107 -0.007498
v 0.519683 -0.049646 -0.007544
v 0.519642 -0.049789 -0.009609
v 0.460505 -0.149402 0.068106
v 0.507442 -0.044974 -0.033067
v 0.511094 -0.046270 -0.032840
v 0.510381 -0.046822 -0.033222
v 0.513716 -0.048619 -0.033088
v 0.510064 -0.047323 -0.033315
v 0.493796 -0.066807 -0.034822
v 0.497130 -0.068604 -0.034688
v 0.500541 -0.070466 -0.035971
v 0.484273 -0.089950 -0.037479
v 0.483604 -0.090550 -0.037408
v 0.473924 -0.102054 -0.038084
v 0.471183 -0.099593 -0.036871
v 0.461407 -0.110975 -0.037534
v 0.471087 -0.099470 -0.036858
v 0.459699 -0.109809 -0.037892
v 0.460761 -0.109775 -0.023969
v 0.460762 -0.113330 0.018821
v 0.454608 -0.121624 0.057779
v 0.454993 -0.121956 0.057446
v 0.456935 -0.123390 0.057496
v 0.457180 -0.123626 0.057410
v 0.456794 -0.123294 0.057743
v 0.478421 -0.099871 0.056626
v 0.481780 -0.102314 0.056854
v 0.479077 -0.099205 0.056650
v 0.490065 -0.073931 0.055963
v 0.493425 -0.076374 0.056191
v 0.496851 -0.078309 0.056167
v 0.507838 -0.053035 0.055480
v 0.504984 -0.050044 0.055461
v 0.508411 -0.051979 0.055437
v 0.512490 -0.054184 0.055355
v 0.509635 -0.051193 0.055336
v 0.519390 -0.049774 -0.005053
v 0.520880 -0.052527 -0.005106
v 0.518881 -0.051062 -0.005002
v 0.516658 -0.049446 -0.004895
v 0.515842 -0.048361 -0.021064
v 0.510401 -0.076823 0.019357
v 0.507460 -0.073121 0.020197
v 0.505680 -0.071744 0.020580
v 0.513086 -0.054253 0.054949
v 0.515148 -0.052829 0.048583
v 0.517465 -0.048136 -0.005172
v 0.517159 -0.048148 -0.005134
v 0.517234 -0.047975 -0.005356
v 0.514136 -0.048771 -0.032888
v 0.514453 -0.048269 -0.032796
v 0.459440 -0.109538 -0.038040
v 0.472618 -0.135256 -0.052836
v 0.517641 -0.049913 0.023825
v 0.517954 -0.049898 0.023834
v 0.517734 -0.049755 0.024057
v 0.445211 -0.116494 -0.046654
v 0.514085 -0.053420 0.055037
v 0.514718 -0.053537 0.055025
v 0.514348 -0.053514 0.055241
v 0.514081 -0.053556 0.055558
v 0.514308 -0.048135 -0.033627
v 0.514767 -0.048307 -0.033046
v 0.515187 -0.048458 -0.032846
v 0.521661 -0.051139 -0.005321
v 0.519464 -0.049601 -0.005275
v 0.516869 -0.048144 -0.007426
v 0.517122 -0.048276 -0.009568
v 0.517181 -0.048119 -0.007461
v 0.507006 -0.043847 -0.033870
v 0.505182 -0.043893 -0.033534
v 0.504469 -0.044444 -0.033915
v 0.478706 -0.086786 -0.037239
v 0.519652 -0.051316 0.023179
v 0.521177 -0.052622 0.022623
v 0.500817 -0.095703 -0.004501
v 0.500823 -0.097417 0.005708
v 0.516153 -0.048336 -0.021099
v 0.516466 -0.048374 -0.021350
v 0.494510 -0.091521 0.018063
v 0.494302 -0.090022 0.007787
v 0.493919 -0.090071 0.007588
v 0.494069 -0.088502 -0.002904
v 0.461666 -0.111245 -0.037385
v 0.461570 -0.111123 -0.037372
v 0.521152 -0.052427 -0.005270
v 0.517608 -0.050869 0.029954
v 0.516221 -0.052094 0.042429
v 0.516485 -0.052188 0.042633
v 0.466133 -0.109910 0.057125
v 0.510002 -0.051351 0.055640
v 0.508914 -0.050452 0.055858
v 0.504469 -0.048089 0.055636
v 0.502641 -0.050352 0.055571
v 0.488294 -0.073183 0.056031
v 0.503896 -0.049145 0.055679
v 0.502126 -0.048398 0.055747
v 0.512716 -0.054231 0.055165
v 0.511491 -0.055017 0.055266
v 0.487015 -0.092411 -0.038692
v 0.469222 -0.113351 0.056997
v 0.469081 -0.113255 0.057243
v 0.504807 -0.069567 -0.003973
v 0.520668 -0.053856 0.022688
v 0.516956 -0.050904 0.023680
v 0.458091 -0.117553 0.037960
v 0.521243 -0.052073 -0.021656
v 0.518218 -0.053634 0.042517
v 0.519898 -0.054749 0.041961
v 0.518675 -0.049911 -0.021355
v 0.517324 -0.050380 0.026958
v 0.511369 -0.046287 -0.033472
v 0.517704 -0.050258 0.027043
v 0.502308 -0.088408 0.079297
v 0.503002 -0.088166 0.076798
v 0.485859 -0.093494 0.082522
v 0.491424 -0.097762 0.082203
v 0.499352 -0.069322 0.076872
v 0.497695 -0.086528 0.079577
v 0.484936 -0.077072 0.079618
v 0.488860 -0.080190 0.079632
v 0.492130 -0.082260 0.079896
v 0.501881 -0.048432 0.060985
v 0.500625 -0.049639 0.060877
v 0.440402 -0.130698 0.061410
v 0.462499 -0.147095 0.061171
v 0.468799 -0.144926 0.063041
v 0.518726 -0.055106 -0.048807
v 0.499723 -0.075442 -0.062803
v 0.495860 -0.072092 -0.062234
v 0.474087 -0.102202 -0.037922
v 0.468836 -0.113020 0.057330
v 0.048657 -0.203784 0.047716
v 0.042967 -0.204070 0.048554
v 0.043904 -0.204128 0.036927
v 0.048857 -0.220693 0.045149
v 0.512410 -0.054025 0.060587
v 0.506877 -0.050763 0.060583
v -0.533763 0.796965 0.000971
v -0.525464 0.801568 -0.001098
v -0.531717 0.803016 -0.000967
v -0.529365 0.808960 -0.003005
v -0.537665 0.804357 -0.000936
v -0.523559 -0.011928 0.030148
v -0.524513 -0.011395 0.025442
v -0.518484 -0.011331 0.031083
v -0.518544 -0.011266 0.028043
v -0.518616 -0.011080 0.030968
v -0.524847 0.795958 0.013176
v -0.523239 0.802146 0.005135
v -0.510839 0.848543 0.030710
v -0.511767 0.852306 0.027718
v -0.555450 0.598752 0.053305
v -0.573105 0.477940 0.060885
v -0.564059 0.387986 0.002390
v -0.573007 0.477548 0.008820
v -0.530958 0.825669 -0.002358
v -0.536398 0.812977 0.001793
v -0.563082 0.383490 0.062103
v -0.521930 0.012961 -0.041026
v -0.517924 0.028146 -0.038151
v -0.525414 0.025429 -0.038142
v -0.529121 0.038727 -0.035294
v -0.533127 0.023542 -0.038168
v -0.539277 0.804674 0.000578
v -0.517740 -0.016072 0.057598
v -0.517237 -0.016211 0.058123
v -0.517392 -0.016140 0.057424
v -0.517093 -0.016438 0.057669
v -0.517596 -0.016299 0.057144
v -0.525422 -0.001350 -0.044442
v -0.529696 0.010153 -0.040759
v -0.525699 -0.001441 -0.044185
v -0.524976 -0.004491 -0.044775
v -0.521701 -0.013084 -0.047604
v -0.521462 -0.013340 -0.047911
v -0.521738 -0.013480 -0.047646
v -0.521881 -0.013547 -0.047169
v -0.521642 -0.013804 -0.047476
v -0.515179 0.024901 0.071642
v -0.518675 0.009705 0.072832
v -0.522529 0.022539 0.071209
v -0.529810 0.020907 0.071121
v -0.526314 0.036104 0.069931
v -0.514112 0.839297 -0.010280
v -0.485366 -0.060293 0.027247
v -0.501202 -0.035985 -0.033599
v -0.500726 -0.019185 -0.032132
v -0.507176 -0.020976 -0.032457
v -0.513106 -0.009046 -0.032113
v -0.513583 -0.025846 -0.033580
v -0.499199 -0.034998 0.027329
v -0.498170 -0.020204 0.027966
v -0.504907 -0.022130 0.027643
v -0.510880 -0.009320 0.027923
v -0.511909 -0.024114 0.027286
v -0.503462 -0.007186 0.031711
v -0.503595 -0.006812 0.031721
v -0.503479 -0.006641 0.028640
v -0.498192 -0.022566 0.058202
v -0.498565 -0.038187 0.057607
v -0.504582 -0.024387 0.057896
v -0.510922 -0.028144 0.057625
v -0.510549 -0.012522 0.058220
v -0.498748 -0.019320 -0.003961
v -0.500063 -0.034212 -0.004329
v -0.505487 -0.021247 -0.004285
v -0.512750 -0.023319 -0.004414
v -0.511434 -0.008427 -0.004046
v -0.521472 0.049892 0.015282
v -0.519759 0.043953 0.020520
v -0.513500 -0.008561 -0.032465
v -0.506855 -0.004902 -0.039239
v -0.513409 -0.009945 -0.040200
v -0.514131 -0.010011 -0.047464
v -0.520777 -0.013670 -0.040689
v -0.506826 0.004462 0.028274
v -0.513849 -0.008463 -0.001791
v -0.504143 -0.005605 -0.002228
v -0.514003 -0.008571 -0.002897
v -0.511406 -0.007866 -0.003674
v -0.521112 -0.010725 -0.003238
v -0.519001 0.033682 0.018039
v -0.526365 0.034744 0.013667
v -0.525269 0.032302 0.017541
v -0.532519 0.031223 0.017329
v -0.525155 0.030162 0.021700
v -0.520789 -0.011711 0.034354
v -0.521326 -0.011362 0.029802
v -0.521385 -0.011297 0.026762
v -0.530715 0.018562 0.022797
v -0.519686 0.010923 0.024816
v -0.521376 0.021444 0.023507
v -0.514126 0.022523 0.023719
v -0.518949 -0.010144 -0.004225
v -0.521547 -0.010849 -0.003447
v -0.521724 -0.010891 -0.003665
v -0.523887 -0.011472 -0.002678
v -0.523421 -0.012596 -0.029348
v -0.522369 -0.010720 -0.010850
v -0.520733 -0.011996 -0.028501
v -0.520006 -0.011883 -0.021054
v -0.521058 -0.013759 -0.039553
v -0.506823 -0.003847 -0.031247
v -0.518082 -0.011100 0.027609
v -0.518478 -0.010955 0.027789
v -0.518279 -0.011159 0.027748
v -0.518147 -0.011410 0.027862
v -0.506778 0.004018 0.025879
v -0.510156 0.013905 0.025707
v -0.506969 0.003918 0.025699
v -0.507167 0.003889 0.025461
v -0.503790 -0.005998 0.025634
v -0.503896 -0.006220 -0.004047
v -0.504234 -0.006034 -0.003625
v -0.503958 -0.005899 -0.003755
v -0.504116 -0.005496 -0.003745
v -0.503778 -0.005682 -0.004167
v -0.503815 -0.006465 0.028166
v -0.503948 -0.006999 0.027981
v -0.503744 -0.006802 0.028464
v -0.503612 -0.007175 0.028455
v -0.504096 -0.005227 -0.001112
v -0.513956 -0.008194 -0.001781
v -0.523870 -0.011090 -0.002447
v -0.514117 -0.007855 -0.001767
v -0.507120 -0.005751 -0.046920
v -0.514451 -0.009080 -0.047367
v -0.514094 -0.009615 -0.047421
v -0.503506 -0.011332 0.067578
v -0.519783 -0.013760 -0.033330
v -0.513229 -0.008717 -0.032370
v -0.511343 -0.008187 -0.003966
v -0.518606 -0.010259 -0.004095
v -0.511150 -0.008779 0.027667
v -0.510951 -0.008982 0.027625
v -0.484652 -0.060447 0.057075
v -0.478386 -0.058843 0.057093
v -0.484410 -0.060567 0.056803
v -0.484541 -0.061010 0.056471
v -0.490807 -0.062613 0.056453
v -0.487238 -0.058219 -0.034111
v -0.487983 -0.045345 -0.033548
v -0.493069 -0.032279 -0.004216
v -0.486344 -0.044853 -0.004835
v -0.486598 -0.044859 -0.004625
v -0.480093 -0.057307 -0.004967
v -0.486818 -0.044732 -0.004348
v -0.485159 -0.047665 0.057367
v -0.485401 -0.047545 0.057639
v -0.503902 -0.008690 0.058106
v -0.504464 -0.008641 0.058831
v -0.512175 -0.024221 0.027581
v -0.518982 -0.010591 -0.004490
v -0.533233 0.031357 0.008633
v -0.532894 0.033512 0.013158
v -0.532973 0.031208 0.008645
v -0.532763 0.031022 0.008760
v -0.533102 0.028867 0.004236
v -0.506672 -0.005767 -0.046965
v -0.492203 -0.033059 0.027880
v -0.485956 -0.045519 0.027310
v -0.485696 -0.045506 0.027539
v -0.479214 -0.058106 0.027251
v -0.485460 -0.045646 0.027821
v -0.511152 -0.012330 0.058734
v -0.510897 -0.012454 0.058394
v -0.517987 -0.017671 0.066722
v -0.510341 -0.016674 0.075566
v -0.509939 -0.015146 0.067141
v -0.503914 -0.006560 0.026747
v -0.511045 -0.008677 0.026731
v -0.513689 -0.008932 0.025573
v -0.520925 -0.011150 0.026492
v -0.520762 0.011862 -0.000608
v -0.531489 0.018824 0.001377
v -0.522165 0.021719 0.002366
v -0.526010 0.030059 0.005092
v -0.515283 0.023097 0.003106
v -0.515100 0.023333 0.002909
v -0.511272 0.014854 0.000227
v -0.515266 0.023237 0.003061
v -0.519110 0.031577 0.005788
v -0.510398 -0.016028 0.076201
v -0.502468 -0.013953 0.076271
v -0.510222 -0.016223 0.075915
v -0.518270 -0.018749 0.075496
v -0.507029 -0.005232 -0.046911
v -0.518879 0.034090 0.018178
v -0.520067 0.036302 0.014194
v -0.518909 0.033912 0.018149
v -0.517813 0.031471 0.022023
v -0.527255 -0.000939 -0.002268
v -0.527058 -0.000892 -0.002015
v -0.524228 -0.010798 -0.002686
v -0.526777 -0.001510 0.024476
v -0.524730 -0.011136 0.025067
v -0.524049 -0.011233 0.025090
v -0.514169 -0.008760 0.025328
v -0.503898 -0.006243 0.025604
v -0.514259 -0.008544 0.025121
v -0.510898 0.012195 0.072844
v -0.510003 0.014599 0.026893
v -0.506816 0.004612 0.026885
v -0.503601 -0.006119 0.027260
v -0.519815 0.045071 0.008994
v -0.525666 0.832887 -0.011247
v -0.530314 0.819743 -0.007364
v -0.514688 0.026987 0.001778
v -0.518229 0.039471 0.003068
v -0.518225 -0.013573 0.045453
v -0.524514 0.801160 0.037494
v -0.522955 0.808773 0.037019
v -0.522189 0.808695 0.036595
v -0.520920 -0.013738 -0.040212
v -0.520193 -0.013625 -0.032765
v -0.526474 0.007218 0.071932
v -0.522088 -0.005478 0.074122
v -0.485602 -0.060152 0.026964
v -0.485484 -0.059692 0.026679
v -0.491636 -0.061879 0.026675
v -0.503699 -0.006214 0.025841
v -0.503710 -0.006363 0.027230
v -0.518999 -0.010520 -0.004369
v -0.519284 -0.010613 -0.004684
v -0.486347 -0.058906 -0.004980
v -0.486126 -0.059033 -0.005257
v -0.486262 -0.059478 -0.005589
v -0.492516 -0.061077 -0.005602
v -0.503890 -0.005196 -0.001326
v -0.503863 -0.005087 -0.002843
v -0.503962 -0.005387 -0.002640
v -0.518287 -0.017650 0.065497
v -0.518534 -0.019249 0.074622
v -0.518142 -0.017600 0.066022
v -0.518908 -0.010281 -0.004290
v -0.519343 -0.010406 -0.004499
v -0.524560 -0.011417 -0.007297
v -0.521873 -0.010817 -0.006449
v -0.519532 -0.010194 -0.007218
v -0.521188 -0.011238 0.026623
v -0.523832 -0.011492 0.025465
v -0.524250 -0.011308 0.025311
v -0.518416 -0.018799 0.074971
v -0.503997 -0.004927 -0.001315
v -0.524244 -0.011179 -0.002918
v -0.524048 -0.011133 -0.002665
v -0.519922 -0.013781 -0.032671
v -0.524741 -0.011083 -0.007318
v -0.520666 0.851302 0.030613
v -0.518937 0.850426 0.031647
v -0.521305 0.849742 0.031439
v -0.570995 0.598449 0.010432
v -0.517064 0.831957 -0.011988
v -0.526736 0.795414 0.001271
v -0.524690 0.801465 -0.000667
v -0.562153 0.297946 -0.003889
v -0.563811 0.388039 0.002523
v -0.563742 0.399330 0.003404
v -0.565444 0.478110 0.008887
v -0.520851 -0.015788 0.054398
v -0.518618 -0.015222 0.054053
v -0.539939 0.041448 0.007638
v -0.478307 -0.058822 0.051034
v -0.486576 -0.044777 -0.009731
v -0.492889 -0.032262 -0.005650
v -0.527574 0.068305 -0.029635
v -0.543046 0.064282 -0.030028
v -0.525514 0.063148 0.068194
v -0.560536 0.298026 0.002812
v -0.546819 0.084662 0.066256
v -0.539985 0.059622 0.068244
v -0.539185 0.086666 0.066507
v -0.532703 0.061254 0.068333
v -0.517932 0.001367 -0.044452
v -0.510959 0.005231 -0.043951
v -0.533403 0.023451 -0.037911
v -0.506985 -0.000845 0.074910
v -0.514334 -0.003207 0.074478
v -0.517438 0.001372 0.025186
v -0.513843 0.022853 0.024010
v -0.514033 0.022753 0.023830
v -0.507820 0.004900 -0.000361
v -0.517144 0.002005 -0.001349
v -0.507448 0.005027 -0.000727
v -0.507614 0.004930 -0.000575
v -0.531699 0.019010 0.001262
v -0.513990 0.026175 0.025847
v -0.507521 0.004836 -0.002041
v -0.517868 0.035024 0.023970
v -0.519565 0.034098 0.009983
v -0.520770 0.043020 0.014728
v -0.520298 0.040638 0.010488
v -0.519886 0.044292 0.009357
v -0.518682 0.035370 0.004611
v -0.530811 0.018697 0.022871
v -0.532501 0.029218 0.021562
v -0.539416 0.040418 0.019444
v -0.540977 0.047005 0.013849
v -0.539527 0.040750 0.019478
v -0.538653 0.035356 0.001475
v -0.535913 0.032103 0.002837
v -0.532876 0.031507 0.017391
v -0.537010 0.040167 0.013480
v -0.536732 0.038014 0.017726
v -0.535282 0.031758 0.023355
v -0.533496 0.021102 0.024589
v -0.552564 0.753674 0.007774
v -0.522083 0.828331 -0.011823
v -0.527081 0.818890 -0.007433
v -0.521134 0.817549 -0.007464
v -0.519846 0.044740 0.008945
v -0.519612 0.033781 0.009999
v -0.525880 0.032400 0.009501
v -0.532615 0.031358 0.017403
v -0.519595 0.033920 0.009954
v -0.541500 0.093860 -0.024369
v -0.535334 0.066170 -0.030002
v -0.519611 0.040631 0.018683
v -0.539690 0.040913 0.007685
v -0.539801 0.041244 0.007719
v -0.537089 0.037864 0.008967
v -0.500457 -0.048860 -0.034163
v -0.494007 -0.047068 -0.033837
v -0.498727 -0.049172 0.026698
v -0.491990 -0.047245 0.027021
v -0.491791 -0.049366 0.057333
v -0.497816 -0.051089 0.057044
v -0.493558 -0.046659 -0.004672
v -0.499591 -0.048386 -0.004961
v -0.498494 -0.019314 -0.004171
v -0.498218 -0.019179 -0.004302
v -0.498845 -0.049631 0.026983
v -0.497645 -0.020029 0.028370
v -0.497905 -0.020043 0.028141
v -0.497760 -0.020201 0.031450
v -0.498365 -0.019158 -0.006751
v -0.554191 0.717670 0.012315
v -0.563494 0.596238 0.010722
v -0.556203 0.596769 0.010703
v -0.531745 0.802691 0.038253
v -0.534760 0.812477 0.037554
v -0.528294 0.811023 0.037220
v -0.525969 0.818558 0.036320
v -0.542263 0.798251 0.033222
v -0.539883 0.804933 0.027658
v -0.539326 0.803576 0.038258
v -0.544377 0.719418 0.045347
v -0.540891 0.798080 0.001878
v -0.538540 0.804024 -0.000160
v -0.553714 0.758826 0.031875
v -0.553594 0.113134 0.012056
v -0.527297 0.783968 0.022093
v -0.527566 0.784749 0.019640
v -0.527220 0.784105 0.024367
v -0.527411 0.785024 0.024188
v -0.544750 0.790687 0.023953
v -0.525354 0.792473 0.020093
v -0.525672 0.791383 0.014412
v -0.525835 0.790906 0.010676
v -0.526342 0.787420 0.017594
v -0.512562 0.845146 -0.000217
v -0.528422 0.785251 0.021974
v -0.528345 0.785388 0.024248
v -0.528267 0.785527 0.026558
v -0.529277 0.785754 0.024343
v -0.543853 0.790296 0.022120
v -0.544867 0.790486 0.020308
v -0.543911 0.790196 0.020297
v -0.543970 0.790093 0.018445
v -0.542956 0.789904 0.020257
v -0.527767 0.786756 0.021681
v -0.527689 0.786895 0.023991
v -0.527525 0.787373 0.027728
v -0.526015 0.788375 0.025066
v -0.516643 0.831575 0.034381
v -0.525564 0.795090 0.004599
v -0.523637 0.802366 0.002239
v -0.536933 0.785645 0.003451
v -0.546061 0.751852 0.007701
v -0.538560 0.749641 0.007991
v -0.516116 0.847854 0.032558
v -0.520103 0.832587 0.034297
v -0.525442 0.834837 0.034497
v -0.527361 0.784416 0.011391
v -0.536404 0.752681 0.042248
v -0.537059 0.752314 0.042638
v -0.535767 0.787835 0.039903
v -0.543741 0.754572 0.043002
v -0.522966 0.851263 0.027604
v -0.527171 0.835713 0.033463
v -0.552763 0.105240 0.027064
v -0.561392 0.478163 0.036852
v -0.550661 0.613263 0.039306
v -0.537912 0.122320 0.005670
v -0.543683 0.790333 0.027412
v -0.542837 0.790108 0.023961
v -0.543431 0.791853 0.027165
v -0.550696 0.756235 0.021069
v -0.551120 0.111903 0.011117
v -0.550369 0.103288 0.027285
v -0.563613 0.195947 0.038512
v -0.537974 0.107945 0.026913
v -0.536772 0.110963 0.019161
v -0.536023 0.107281 0.026678
v -0.538268 0.115553 0.012108
v -0.538526 0.123597 0.004086
v -0.529433 0.785476 0.019723
v -0.527845 0.786618 0.019371
v -0.528008 0.786140 0.015636
v -0.553115 0.757569 0.029875
v -0.543794 0.790397 0.023942
v -0.543734 0.790499 0.025794
v -0.551344 0.108192 0.019069
v -0.551726 0.112401 0.011990
v -0.553369 0.116845 0.004104
v -0.551788 0.100336 0.035280
v -0.552237 0.104021 0.027351
v -0.537410 0.109049 0.026596
v -0.536660 0.105366 0.034112
v -0.537878 0.119918 0.005370
v -0.538589 0.123939 0.005051
v -0.528499 0.785113 0.019700
v -0.528577 0.784974 0.017390
v -0.559621 0.212158 -0.012379
v -0.549397 0.128584 -0.020219
v -0.552178 0.214319 -0.011863
v -0.548865 0.200734 0.064559
v -0.544629 0.111918 0.065784
v -0.551930 0.214372 -0.011730
v -0.541773 0.130806 -0.019489
v -0.576797 0.382175 0.041780
v -0.579574 0.381820 0.041472
v -0.511796 0.851120 0.016301
v -0.518333 0.837510 -0.012179
v -0.523702 0.837588 -0.011507
v -0.515210 0.851246 0.030848
v -0.512389 0.848674 0.031759
v -0.520119 0.833032 -0.012083
v -0.523352 0.833885 -0.012014
v -0.515849 0.849686 0.031675
v -0.543490 0.791966 0.003799
v -0.541726 0.792940 0.002313
v -0.535472 0.791492 0.002182
v -0.528969 0.789670 0.002109
v -0.534715 0.100751 0.066076
v -0.549098 0.097833 0.066215
v -0.541909 0.099728 0.066076
v -0.526516 0.789711 0.008270
v -0.527186 0.785748 0.011452
v -0.528744 0.784408 0.017190
v -0.529678 0.784772 0.017213
v -0.542903 0.789848 0.026233
v -0.543198 0.789263 0.018071
v -0.553283 0.118717 0.003100
v -0.551891 0.101680 0.036058
v -0.537761 0.107272 0.034993
v -0.538556 0.121537 0.004752
v -0.543860 0.790136 0.026214
v -0.553889 0.119216 0.003974
v -0.529348 0.785355 0.027029
v -0.527674 0.786835 0.028104
v -0.537196 0.108376 0.034676
v -0.537846 0.121881 0.005119
v -0.540330 0.797119 0.039427
v -0.541445 0.796549 0.039098
v -0.527182 0.793407 0.038729
v -0.533648 0.794861 0.039063
v -0.528196 0.789566 0.002540
v -0.553050 0.109073 -0.022736
v -0.537847 0.113370 -0.021853
v -0.545607 0.111235 -0.022220
v -0.526914 0.789932 0.005374
v -0.539405 0.806514 0.024158
v 0.522068 -0.051590 0.027505
v 0.589714 0.766087 -0.005653
v 0.585268 0.759015 -0.003726
v 0.591301 0.759897 -0.003724
v 0.597647 0.760861 -0.003622
v 0.522245 -0.051498 0.022966
v 0.521275 -0.051958 0.027676
v 0.521705 -0.051805 0.027520
v 0.521098 -0.052050 0.032216
v 0.516317 -0.050913 0.025594
v 0.516082 -0.051219 0.028776
v 0.516232 -0.050979 0.028661
v 0.516181 -0.051040 0.031701
v 0.516415 -0.050734 0.028520
v 0.515104 -0.014303 0.068449
v 0.510272 -0.025580 0.063618
v 0.599906 0.554488 0.050572
v 0.606445 0.676869 0.043283
v 0.607927 0.432304 0.006027
v 0.592123 0.343691 -0.000345
v 0.599351 0.342604 -0.000361
v 0.606651 0.340677 -0.000614
v 0.591087 0.339271 0.059373
v 0.530387 -0.001865 -0.037800
v 0.518400 -0.011557 -0.040603
v 0.525946 -0.014029 -0.040666
v 0.521219 -0.027004 -0.043493
v 0.533206 -0.017311 -0.040690
v 0.535279 0.048630 0.015272
v 0.514777 -0.055749 0.055681
v 0.514967 -0.055923 0.055401
v 0.515286 -0.055649 0.055154
v 0.528749 -0.030397 -0.043262
v 0.523590 -0.041539 -0.046924
v 0.518848 -0.053269 -0.049896
v 0.518708 -0.053191 -0.050372
v 0.518855 -0.053667 -0.049938
v 0.530215 -0.019704 0.068613
v 0.518263 -0.030022 0.070378
v 0.523069 -0.016787 0.069080
v 0.515934 -0.014602 0.069202
v 0.527886 -0.004284 0.067437
v 0.481030 -0.095900 -0.035839
v 0.486801 -0.098814 -0.018877
v 0.575063 0.791156 -0.010499
v 0.576878 0.791806 -0.013333
v 0.575591 0.794611 -0.011337
v 0.574655 0.797553 -0.009528
v 0.473189 -0.094797 0.028350
v 0.479323 -0.097394 0.031090
v 0.510780 -0.048272 -0.034535
v 0.497661 -0.057434 -0.034493
v 0.503670 -0.062780 -0.035646
v 0.496843 -0.074222 -0.035960
v 0.509963 -0.065060 -0.036002
v 0.508823 -0.048386 0.025511
v 0.495318 -0.058266 0.025615
v 0.502147 -0.060779 0.025226
v 0.495209 -0.073096 0.024976
v 0.508715 -0.063215 0.024871
v 0.501930 -0.044968 0.029351
v 0.501652 -0.045149 0.026262
v 0.507565 -0.067164 0.055215
v 0.494476 -0.076232 0.055258
v 0.501334 -0.064859 0.055551
v 0.495301 -0.060627 0.055852
v 0.508391 -0.051559 0.055809
v 0.509143 -0.063640 0.025454
v 0.509463 -0.062482 -0.006832
v 0.495981 -0.072372 -0.006686
v 0.502893 -0.060044 -0.006477
v 0.495811 -0.057422 -0.006314
v 0.509293 -0.047532 -0.006461
v 0.521717 0.004053 0.018056
v 0.523855 0.009844 0.012810
v 0.521712 0.004385 0.018106
v 0.511655 -0.049311 -0.049891
v 0.504829 -0.043661 -0.041633
v 0.511889 -0.047940 -0.042157
v 0.511208 -0.047819 -0.034889
v 0.518034 -0.053469 -0.043146
v 0.505837 -0.034334 0.025879
v 0.509309 -0.046971 -0.006089
v 0.502247 -0.044161 -0.004608
v 0.509169 -0.046852 -0.004983
v 0.511708 -0.047753 -0.004217
v 0.518771 -0.050564 -0.005698
v 0.533450 -0.009616 0.014807
v 0.527567 -0.005634 0.011174
v 0.527308 -0.007761 0.015334
v 0.520163 -0.006130 0.015580
v 0.526047 -0.010111 0.019213
v 0.518550 -0.051530 0.031895
v 0.518601 -0.051469 0.028855
v 0.519141 -0.051162 0.024300
v 0.514476 -0.016884 0.021286
v 0.519137 -0.028876 0.022358
v 0.523563 -0.020472 0.020532
v 0.530709 -0.022103 0.020286
v 0.519365 -0.050777 -0.006128
v 0.516653 -0.049820 -0.006675
v 0.518943 -0.050620 -0.005917
v 0.521483 -0.051521 -0.005151
v 0.517495 -0.051632 -0.023508
v 0.519988 -0.050655 -0.013315
v 0.520125 -0.052436 -0.024368
v 0.520806 -0.052602 -0.031819
v 0.518313 -0.053579 -0.042012
v 0.504917 -0.042608 -0.033641
v 0.516273 -0.050598 0.025341
v 0.516124 -0.050839 0.025456
v 0.515866 -0.050711 0.025163
v 0.515910 -0.051026 0.025415
v 0.506120 -0.034932 0.023064
v 0.509867 -0.025174 0.023294
v 0.505939 -0.034818 0.023246
v 0.505744 -0.034774 0.023484
v 0.501997 -0.044531 0.023254
v 0.502299 -0.044596 -0.006006
v 0.501945 -0.044755 -0.006427
v 0.501743 -0.045691 0.026077
v 0.502090 -0.045541 0.025601
v 0.501838 -0.045360 0.025778
v 0.501999 -0.044999 0.025787
v 0.521496 -0.051140 -0.004920
v 0.511894 -0.047428 -0.004204
v 0.502234 -0.043781 -0.003492
v 0.512022 -0.047168 -0.004195
v 0.512298 -0.023977 -0.035320
v 0.512046 -0.048406 -0.049796
v 0.512052 -0.048805 -0.049838
v 0.504993 -0.044526 -0.049314
v 0.501505 -0.049836 0.065201
v 0.502335 -0.046659 0.056075
v 0.517071 -0.053483 -0.035783
v 0.511062 -0.048138 -0.034630
v 0.509381 -0.047217 -0.006169
v 0.516303 -0.049908 -0.006543
v 0.509038 -0.048198 0.025552
v 0.509133 -0.047867 0.025253
v 0.478898 -0.097362 0.054795
v 0.484867 -0.099993 0.054145
v 0.487168 -0.097966 -0.036435
v 0.480950 -0.095436 -0.036123
v 0.481216 -0.095322 -0.036402
v 0.475078 -0.093257 -0.035806
v 0.482947 -0.082543 -0.035845
v 0.482681 -0.082656 -0.035566
v 0.503252 -0.076789 -0.036024
v 0.474299 -0.093871 -0.007225
v 0.481485 -0.081932 -0.007125
v 0.481717 -0.081822 -0.006848
v 0.489157 -0.069909 -0.006540
v 0.481971 -0.081848 -0.006640
v 0.480634 -0.084555 0.055353
v 0.502624 -0.047224 0.056449
v 0.502056 -0.047229 0.055726
v 0.502322 -0.047125 0.056065
v 0.501766 -0.046664 0.055352
v 0.507755 -0.067338 0.054935
v 0.501948 -0.075829 0.024910
v 0.508886 -0.063513 0.025161
v 0.509738 -0.062596 -0.007149
v 0.516651 -0.050268 -0.006940
v 0.533638 -0.009833 0.006237
v 0.533979 -0.007361 0.010634
v 0.533909 -0.009705 0.006225
v 0.534132 -0.009536 0.006108
v 0.533790 -0.012008 0.001712
v 0.517243 -0.050060 -0.012644
v 0.473514 -0.094607 0.024997
v 0.481200 -0.082572 0.025022
v 0.480955 -0.082694 0.025306
v 0.488385 -0.070627 0.025560
v 0.480698 -0.082661 0.025536
v 0.508657 -0.051455 0.056149
v 0.509010 -0.051414 0.056321
v 0.507948 -0.055686 0.073157
v 0.509334 -0.052969 0.064744
v 0.515453 -0.057263 0.064277
v 0.511642 -0.048214 0.023147
v 0.502083 -0.045101 0.024367
v 0.511744 -0.048323 0.024083
v 0.518692 -0.050980 0.024033
v 0.526814 -0.010276 0.002601
v 0.531400 -0.021897 -0.001137
v 0.524646 -0.019996 -0.000364
v 0.520162 -0.028017 -0.003071
v 0.515576 -0.016396 0.000668
v 0.510932 -0.024308 -0.002191
v 0.515417 -0.016287 0.000516
v 0.515410 -0.016147 0.000471
v 0.520054 -0.008235 0.003329
v 0.500310 -0.052371 0.073899
v 0.508139 -0.055504 0.073442
v 0.508057 -0.055046 0.073791
v 0.515695 -0.058361 0.073049
v 0.521408 -0.003599 0.011731
v 0.520147 -0.005949 0.015609
v 0.520073 -0.005713 0.015720
v 0.518828 -0.008244 0.019570
v 0.525457 -0.041216 -0.004505
v 0.530334 -0.031749 -0.004462
v 0.526559 -0.041348 -0.004864
v 0.524408 -0.046173 -0.005266
v 0.521873 -0.050876 -0.005161
v 0.525450 -0.041905 0.022207
v 0.525254 -0.041815 0.021987
v 0.522479 -0.051256 0.022590
v 0.502086 -0.044784 0.023224
v 0.511747 -0.048005 0.022939
v 0.521793 -0.051301 0.022616
v 0.512238 -0.047871 0.022693
v 0.510699 -0.026945 0.070427
v 0.515515 -0.014442 0.068785
v 0.520339 -0.001961 0.067224
v 0.501807 -0.044637 0.024881
v 0.505749 -0.034924 0.024873
v 0.509774 -0.024471 0.024481
v 0.524128 0.012386 0.013142
v 0.592101 0.780431 -0.009513
v 0.591465 0.776765 -0.010018
v 0.515274 -0.012473 -0.000659
v 0.511061 -0.023753 -0.003501
v 0.590530 0.339412 0.059033
v 0.515904 -0.053192 0.043007
v 0.580700 0.774062 0.032944
v 0.583498 0.766382 0.034402
v 0.582446 0.766370 0.033833
v 0.518173 -0.053501 -0.042488
v 0.517492 -0.053381 -0.035220
v 0.520511 -0.045421 0.071655
v 0.479642 -0.096668 0.024396
v 0.479397 -0.096790 0.024680
v 0.501891 -0.044739 0.023462
v 0.501993 -0.044849 0.024397
v 0.516674 -0.050199 -0.006819
v 0.516950 -0.050313 -0.007135
v 0.480282 -0.096508 -0.007876
v 0.480513 -0.096398 -0.007599
v 0.480413 -0.095944 -0.007266
v 0.486396 -0.098581 -0.007917
v 0.502171 -0.043854 -0.004812
v 0.502030 -0.043735 -0.003705
v 0.515916 -0.058881 0.072174
v 0.515592 -0.057325 0.063752
v 0.515749 -0.057266 0.063052
v 0.517024 -0.050110 -0.006951
v 0.516726 -0.050065 -0.006755
v 0.522136 -0.051518 -0.009773
v 0.519846 -0.050718 -0.010531
v 0.517217 -0.049914 -0.009671
v 0.518884 -0.051054 0.024171
v 0.521559 -0.051543 0.022992
v 0.522050 -0.051408 0.022745
v 0.517001 -0.050180 -0.007071
v 0.517142 -0.050116 -0.009856
v 0.517026 -0.050326 -0.010044
v 0.502158 -0.043475 -0.003696
v 0.521688 -0.051201 -0.005173
v 0.521860 -0.051257 -0.005392
v 0.522788 -0.051135 -0.014225
v 0.584961 0.807359 0.028822
v 0.615179 0.553005 0.007626
v 0.578316 0.787205 -0.013244
v 0.583675 0.759168 -0.002797
v 0.584452 0.759213 -0.003232
v 0.582866 0.765403 -0.005162
v 0.515694 -0.017501 -0.041697
v 0.513676 -0.023658 -0.043333
v 0.518280 -0.011474 -0.040331
v 0.522721 0.000691 -0.037466
v 0.518757 -0.055388 0.051925
v 0.518395 -0.055604 0.051940
v 0.518089 -0.053927 0.043343
v 0.541585 0.000013 0.005080
v 0.486574 -0.098988 -0.010685
v 0.480360 -0.096461 -0.010310
v 0.502027 -0.044684 -0.009240
v 0.501879 -0.045805 0.046763
v 0.480618 -0.082729 0.028605
v 0.479734 -0.084936 -0.009056
v 0.489040 -0.069873 -0.009198
v 0.528475 0.023010 0.065101
v 0.531135 0.027744 -0.032139
v 0.546252 0.022549 -0.032605
v 0.528737 0.022882 0.065362
v 0.529148 0.022743 0.065698
v 0.543307 0.018119 0.065682
v 0.536284 0.020558 0.065576
v 0.506021 -0.035287 0.056294
v 0.516935 -0.037153 -0.046390
v 0.509675 -0.033871 -0.046365
v 0.505810 -0.039647 0.072514
v 0.513366 -0.042504 0.072122
v 0.515208 -0.038520 0.022310
v 0.514220 -0.016534 0.021578
v 0.514294 -0.016770 0.021467
v 0.506727 -0.033969 -0.002761
v 0.516387 -0.037616 -0.003473
v 0.506364 -0.033814 -0.003126
v 0.506568 -0.033860 -0.002913
v 0.531623 -0.021728 -0.001254
v 0.539385 -0.006825 0.022687
v 0.505391 -0.039487 0.072097
v 0.514718 -0.012643 0.024419
v 0.514630 -0.013233 0.023414
v 0.506651 -0.033367 -0.004284
v 0.535699 -0.018825 -0.002989
v 0.519164 -0.004707 0.021516
v 0.521817 0.004383 0.006892
v 0.522626 0.003047 0.012260
v 0.520583 -0.002082 0.006392
v 0.520720 -0.005757 0.007522
v 0.519911 -0.004420 0.002154
v 0.530815 -0.021976 0.020359
v 0.533299 -0.011615 0.019041
v 0.541417 -0.000376 0.017083
v 0.543074 0.005473 0.011284
v 0.541282 -0.000697 0.017050
v 0.541041 -0.000975 0.016888
v 0.535546 -0.019017 -0.002909
v 0.539808 -0.005962 -0.001076
v 0.534443 -0.018885 -0.002549
v 0.536834 -0.008996 0.000300
v 0.538594 -0.001041 0.010936
v 0.536697 -0.007168 0.016573
v 0.533828 -0.009361 0.014868
v 0.536275 -0.009295 0.020820
v 0.608666 0.709185 0.005027
v 0.585432 0.775884 -0.010021
v 0.582143 0.775281 -0.010074
v 0.607862 0.712385 0.040548
v 0.521812 0.004715 0.006942
v 0.520742 -0.006077 0.007538
v 0.527496 -0.007978 0.006765
v 0.533721 -0.009488 0.014794
v 0.520726 -0.005897 0.007567
v 0.538681 0.025272 -0.032201
v 0.543210 0.071867 0.024546
v 0.520483 -0.002412 0.017556
v 0.541296 -0.000501 0.005128
v 0.541450 -0.000309 0.005047
v 0.536952 -0.006694 0.004813
v 0.495112 -0.087002 -0.036518
v 0.489240 -0.084822 -0.036201
v 0.493651 -0.087192 0.024350
v 0.487768 -0.085008 0.024667
v 0.486508 -0.086734 0.055036
v 0.492739 -0.089039 0.054700
v 0.487853 -0.084031 -0.006958
v 0.494423 -0.086468 -0.007313
v 0.496315 -0.086419 -0.035915
v 0.495228 -0.087289 -0.036226
v 0.495545 -0.057267 -0.006443
v 0.495291 -0.057242 -0.006652
v 0.494999 -0.060528 0.055468
v 0.493822 -0.087489 0.024639
v 0.494523 -0.086922 -0.007646
v 0.494810 -0.058052 0.026022
v 0.495061 -0.058233 0.025845
v 0.497425 -0.054179 -0.011820
v 0.495638 -0.057326 -0.009336
v 0.607951 0.554091 0.007642
v 0.607555 0.673161 0.009567
v 0.600304 0.552461 0.007967
v 0.581328 0.775479 -0.009580
v 0.579039 0.777327 -0.008332
v 0.587249 0.775909 0.033687
v 0.595554 0.769173 0.034880
v 0.590057 0.767338 0.034705
v 0.596621 0.768519 0.034545
v 0.599404 0.672082 0.010064
v 0.586064 0.742365 0.021554
v 0.608166 0.728850 0.021130
v 0.604419 0.745944 0.021314
v 0.575743 0.803452 -0.002791
v 0.574541 0.800559 -0.001268
v 0.587022 0.742658 0.021645
v 0.587980 0.742950 0.021700
v 0.602892 0.746258 0.017554
v 0.586430 0.744554 0.022783
v 0.575493 0.793460 0.029630
v 0.577377 0.789590 0.030748
v 0.578937 0.789602 0.031789
v 0.583275 0.758979 0.000101
v 0.601019 0.707554 0.005352
v 0.594395 0.706235 0.005311
v 0.584433 0.791437 0.031964
v 0.587960 0.792181 0.031863
v 0.592623 0.709204 0.039550
v 0.593267 0.709009 0.039964
v 0.593891 0.706786 0.005483
v 0.601025 0.710645 0.040215
v 0.059450 -0.246498 -0.069543
v 0.075544 -0.245233 -0.095000
v 0.556504 0.062985 0.020526
v 0.557117 0.061459 0.024521
v 0.556812 0.063573 0.020381
v 0.557114 0.058756 0.028806
v 0.557728 0.057230 0.032800
v 0.557422 0.059344 0.028661
v 0.558344 0.058405 0.032510
v 0.558038 0.060520 0.028371
v 0.557730 0.059932 0.028516
v 0.557771 0.063867 0.020410
v 0.558998 0.060813 0.028399
v 0.558384 0.062340 0.024405
v 0.559690 0.064454 0.020467
v 0.558731 0.064161 0.020439
v 0.559111 0.071559 0.004545
v 0.557169 0.067253 0.012440
v 0.558129 0.067547 0.012468
v 0.560405 0.073937 0.001033
v 0.561051 0.074387 0.001904
v 0.601560 0.296120 0.015473
v 0.618099 0.429948 0.022182
v 0.602956 0.744915 0.015075
v 0.604392 0.745075 0.015170
v 0.601811 0.746307 0.022180
v 0.602319 0.746362 0.021257
v 0.602298 0.746415 0.022183
v 0.601853 0.746201 0.020327
v 0.602362 0.746256 0.019404
v 0.602341 0.746309 0.020330
v 0.603337 0.746473 0.019410
v 0.603316 0.746526 0.020336
v 0.602828 0.746417 0.020333
v 0.602786 0.746522 0.022171
v 0.602278 0.746467 0.023094
v 0.603804 0.746633 0.020324
v 0.603295 0.746578 0.021248
v 0.603763 0.746737 0.022147
v 0.603254 0.746682 0.023071
v 0.603275 0.746630 0.022159
v 0.609222 0.696086 0.028807
v 0.609953 0.696096 0.028768
v 0.604399 0.729107 0.025565
v 0.585204 0.744593 0.013096
v 0.585898 0.744207 0.015137
v 0.585953 0.743963 0.013268
v 0.585095 0.745081 0.016833
v 0.585789 0.744696 0.018874
v 0.585844 0.744451 0.017005
v 0.587287 0.743436 0.019218
v 0.587342 0.743192 0.017350
v 0.586593 0.743822 0.017177
v 0.586675 0.743506 0.014154
v 0.585981 0.743891 0.012113
v 0.588064 0.742734 0.018235
v 0.587370 0.743120 0.016194
v 0.588121 0.742591 0.015925
v 0.587426 0.742976 0.013884
v 0.587398 0.743048 0.015039
v 0.586151 0.741590 0.011921
v 0.587646 0.741439 0.013552
v 0.591790 0.724569 0.016211
v 0.593913 0.707496 0.017607
v 0.598584 0.690978 0.019898
v 0.597310 0.690701 0.019450
v 0.602031 0.613744 0.021736
v 0.602131 0.492866 0.021725
v 0.583149 0.254757 0.014644
v 0.574898 0.211515 0.011787
v 0.556445 0.125151 0.005337
v 0.543225 0.073243 0.008929
v 0.544259 0.077162 0.001088
v 0.543742 0.075203 0.005008
v 0.545034 0.077706 0.001868
v 0.544517 0.075746 0.005788
v 0.544130 0.075474 0.005398
v 0.543706 0.071540 0.012962
v 0.545515 0.076003 0.005901
v 0.544611 0.073771 0.009431
v 0.545703 0.072053 0.013187
v 0.544798 0.069821 0.016718
v 0.544705 0.071796 0.013074
v 0.545300 0.068270 0.020591
v 0.544307 0.064654 0.028111
v 0.597141 0.386081 0.039461
v 0.601942 0.493456 0.038572
v 0.612197 0.617432 0.032887
v 0.613323 0.493145 0.037805
v 0.568113 0.106948 0.034866
v 0.600210 0.250130 0.011962
v 0.602295 0.746964 0.019312
v 0.545683 0.079824 0.003232
v 0.545169 0.079763 0.006855
v 0.545110 0.078783 0.006981
v 0.545800 0.081784 0.002981
v 0.545227 0.080743 0.006729
v 0.544082 0.078660 0.014226
v 0.544655 0.079701 0.010477
v 0.544610 0.077125 0.010454
v 0.545124 0.077186 0.006831
v 0.543582 0.077002 0.017699
v 0.544096 0.077063 0.014076
v 0.543609 0.073808 0.017400
v 0.544123 0.073870 0.013777
v 0.544109 0.075466 0.013927
v 0.609225 0.383958 0.039625
v 0.570466 0.121576 0.003572
v 0.580381 0.164427 0.006369
v 0.588443 0.208007 0.010052
v 0.589369 0.207643 0.009609
v 0.573140 0.125122 -0.019351
v 0.589811 0.208465 -0.011276
v 0.558610 0.130172 -0.018398
v 0.575235 0.212718 -0.010621
v 0.583425 0.254026 -0.006666
v 0.553887 0.114807 0.062576
v 0.571995 0.201469 0.061282
v 0.560981 0.113238 0.062542
v 0.548380 0.070692 0.063207
v 0.557434 0.114023 0.062559
v 0.566488 0.157353 0.061912
v 0.584550 0.243906 0.060618
v 0.591553 0.242117 0.060586
v 0.580354 0.254530 0.008400
v 0.553924 0.087537 -0.022563
v 0.565887 0.127846 -0.018800
v 0.562260 0.129208 -0.018525
v 0.561178 0.084813 -0.023114
v 0.569513 0.126484 -0.019076
v 0.586184 0.209827 -0.011000
v 0.577849 0.168155 -0.015038
v 0.570572 0.170481 -0.014636
v 0.594497 0.251100 -0.007112
v 0.582535 0.210790 -0.010874
v 0.587197 0.253027 -0.006859
v 0.578885 0.211754 -0.010748
v 0.587614 0.742517 0.017052
v 0.587642 0.742445 0.015897
v 0.587557 0.742660 0.019363
v 0.587585 0.742588 0.018207
v 0.586599 0.742368 0.019307
v 0.586627 0.742296 0.018152
v 0.587106 0.742442 0.018180
v 0.587162 0.742299 0.015887
v 0.587669 0.742373 0.014760
v 0.586147 0.742151 0.018143
v 0.586655 0.742225 0.017015
v 0.586202 0.742008 0.015869
v 0.586710 0.742082 0.014741
v 0.586682 0.742154 0.015878
v 0.594497 0.707568 0.018048
v 0.597894 0.690773 0.019891
v 0.587704 0.741159 0.014361
v 0.591100 0.724363 0.016204
v 0.586324 0.740748 0.014347
v 0.589720 0.723952 0.016190
v 0.590410 0.724158 0.016197
v 0.564674 0.168560 0.008722
v 0.555447 0.125378 0.005497
v 0.583127 0.254924 0.015171
v 0.573900 0.211742 0.011947
v 0.571905 0.212196 0.012266
v 0.572903 0.211969 0.012106
v 0.554427 0.125974 0.006054
v 0.546878 0.082168 0.002298
v 0.546198 0.082565 0.002670
v 0.545660 0.074244 0.009819
v 0.545754 0.072269 0.013462
v 0.545472 0.078195 0.002533
v 0.545566 0.076220 0.006176
v 0.545574 0.078628 0.003083
v 0.545668 0.076652 0.006726
v 0.545617 0.076436 0.006451
v 0.545210 0.072803 0.013567
v 0.545253 0.070611 0.016935
v 0.545167 0.074994 0.010199
v 0.544166 0.071678 0.017145
v 0.544666 0.073336 0.013672
v 0.544260 0.066995 0.024456
v 0.543763 0.065187 0.028216
v 0.544757 0.068803 0.020696
v 0.543669 0.069870 0.020906
v 0.544213 0.069337 0.020801
v 0.543524 0.065760 0.028059
v 0.543571 0.063418 0.031715
v 0.543430 0.070442 0.020749
v 0.543477 0.068101 0.024404
v 0.543045 0.066904 0.027745
v 0.543092 0.064563 0.031401
v 0.543285 0.066332 0.027902
v 0.613601 0.617645 0.032856
v 0.559369 0.062011 0.033655
v 0.558657 0.060402 0.033676
v 0.557832 0.057895 0.033189
v 0.544194 0.064326 0.032152
v 0.544962 0.067286 0.032712
v 0.603308 0.748528 0.012484
v 0.602837 0.747717 0.014481
v 0.603287 0.748581 0.013410
v 0.602409 0.746800 0.014625
v 0.601938 0.745989 0.016622
v 0.602388 0.746853 0.015551
v 0.601896 0.746095 0.018475
v 0.602345 0.746959 0.017404
v 0.602366 0.746906 0.016478
v 0.603237 0.748586 0.015318
v 0.602766 0.747775 0.017315
v 0.603188 0.748592 0.017226
v 0.604209 0.746068 0.015630
v 0.604506 0.745749 0.016580
v 0.604206 0.746054 0.016718
v 0.604810 0.745459 0.015354
v 0.605107 0.745141 0.016305
v 0.604806 0.745445 0.016443
v 0.605100 0.745113 0.018482
v 0.604799 0.745417 0.018619
v 0.604803 0.745431 0.017531
v 0.604185 0.746106 0.017629
v 0.603888 0.746424 0.016679
v 0.604778 0.745469 0.019531
v 0.604482 0.745787 0.018580
v 0.604143 0.746210 0.019452
v 0.603846 0.746529 0.018501
v 0.604164 0.746158 0.018541
v 0.573254 0.796268 -0.004069
v 0.586924 0.744228 0.001037
v 0.586183 0.746969 0.001832
v 0.586724 0.744133 0.002486
v 0.585841 0.749900 -0.000272
v 0.585100 0.752641 0.000523
v 0.585641 0.749805 0.001177
v 0.584699 0.752451 0.003421
v 0.585241 0.749615 0.004075
v 0.585441 0.749710 0.002626
v 0.584878 0.746058 0.024307
v 0.584639 0.748370 0.023690
v 0.584986 0.745569 0.020570
v 0.584801 0.747638 0.018085
v 0.584747 0.747882 0.019953
v 0.540201 0.065258 0.057137
v 0.538082 0.053647 0.061256
v -0.120501 -0.240965 -0.072712
v -0.143675 -0.239480 -0.079160
v -0.193217 -0.233708 -0.084380
v -0.269128 -0.223648 -0.088371
v -0.092348 -0.243446 0.080297
v -0.308864 -0.217534 0.088296
v -0.394294 -0.155416 -0.133671
v -0.333445 -0.195428 -0.120650
v -0.304267 -0.209610 -0.143590
v -0.079366 -0.242844 0.072024
v -0.261536 -0.215648 -0.139995
v 0.560431 0.074874 0.000532
v 0.561129 0.077198 0.000399
v 0.602169 0.745110 0.015195
v 0.602029 0.745661 0.015529
v 0.601839 0.746174 0.023316
v 0.601938 0.745803 0.023734
v 0.586765 0.743145 0.012898
v 0.586042 0.743603 0.012012
v 0.588210 0.742230 0.014669
v 0.587488 0.742688 0.013783
v 0.588332 0.741653 0.014468
v 0.587610 0.742110 0.013582
v 0.587549 0.742399 0.013683
v 0.586078 0.742932 0.011982
v 0.585294 0.743678 0.011197
v 0.586862 0.742186 0.012767
v 0.585367 0.742336 0.011136
v 0.586115 0.742261 0.011951
v 0.587040 0.741879 0.014653
v 0.587520 0.742025 0.014662
v 0.586081 0.741588 0.014634
v 0.586561 0.741734 0.014643
v 0.585783 0.740891 0.014438
v 0.586262 0.741036 0.014447
v 0.586412 0.741385 0.014545
v 0.587581 0.741736 0.014562
v 0.586952 0.741242 0.014454
v 0.587642 0.741447 0.014461
v 0.585177 0.744338 0.009546
v 0.584725 0.749683 0.006429
v 0.585141 0.745009 0.009577
v 0.584689 0.750354 0.006459
v 0.584915 0.747681 0.008018
v 0.585068 0.746351 0.009638
v 0.585105 0.745680 0.009607
v 0.550070 0.063499 0.063413
v 0.546523 0.064284 0.063430
v 0.549904 0.049900 0.063842
v 0.551761 0.056307 0.063619
v 0.544701 0.058311 0.063583
v 0.543011 0.065504 0.063377
v 0.548082 0.043927 0.063996
v 0.546392 0.051119 0.063789
v 0.541058 0.046366 0.063890
v 0.539368 0.053558 0.063684
v 0.542880 0.052339 0.063736
v 0.537416 0.047649 0.063706
v 0.537154 0.047777 0.063445
v 0.592194 0.741599 0.000751
v 0.594860 0.745053 0.000170
v 0.591548 0.744393 0.000150
v 0.598818 0.742918 0.000792
v 0.601484 0.746372 0.000211
v 0.598172 0.745712 0.000191
v 0.600192 0.751960 -0.000992
v 0.596880 0.751300 -0.001012
v 0.597526 0.748506 -0.000411
v 0.591041 0.747364 -0.000482
v 0.588375 0.743911 0.000099
v 0.596373 0.754271 -0.001644
v 0.593707 0.750818 -0.001063
v 0.590027 0.753307 -0.001746
v 0.587361 0.749853 -0.001165
v 0.590534 0.750336 -0.001114
v 0.602201 0.746409 0.000837
v 0.601910 0.746172 0.000597
v 0.601469 0.751362 0.000166
v 0.601264 0.748966 -0.000004
v 0.600823 0.754156 -0.000435
v 0.601043 0.751561 -0.000220
v 0.599972 0.754555 -0.001207
v 0.600618 0.751761 -0.000606
v 0.587336 0.794479 -0.013754
v 0.587019 0.792646 -0.014007
v 0.588136 0.792060 -0.013629
v 0.585101 0.795652 -0.014510
v 0.584784 0.793819 -0.014762
v 0.585901 0.793233 -0.014384
v 0.586383 0.788981 -0.014511
v 0.587501 0.788395 -0.014133
v 0.586701 0.790814 -0.014259
v 0.576056 0.806053 0.029625
v 0.577559 0.807227 0.029163
v 0.577624 0.806304 0.029604
v 0.575925 0.807900 0.028743
v 0.577428 0.809074 0.028281
v 0.577493 0.808151 0.028722
v 0.580564 0.809576 0.028239
v 0.580629 0.808653 0.028680
v 0.579061 0.808402 0.028701
v 0.579387 0.806676 0.029554
v 0.577885 0.805502 0.030016
v 0.582392 0.809025 0.028629
v 0.580890 0.807851 0.029091
v 0.582914 0.807421 0.029453
v 0.581412 0.806246 0.029915
v 0.581151 0.807049 0.029503
v 0.584020 0.790980 -0.014582
v 0.584819 0.788561 -0.014457
v 0.582420 0.795818 -0.014833
v 0.583220 0.793399 -0.014708
v 0.579293 0.794979 -0.014724
v 0.580092 0.792560 -0.014599
v 0.581656 0.792980 -0.014653
v 0.583175 0.788260 -0.014483
v 0.585538 0.786261 -0.014412
v 0.578448 0.792259 -0.014625
v 0.580811 0.790260 -0.014554
v 0.579886 0.787658 -0.014537
v 0.582249 0.785659 -0.014466
v 0.581530 0.787959 -0.014510
v 0.573716 0.806036 0.028063
v 0.574496 0.806042 0.028584
v 0.573781 0.805112 0.028504
v 0.575145 0.807894 0.028223
v 0.575211 0.806971 0.028664
v 0.575341 0.805124 0.029546
v 0.575276 0.806047 0.029105
v 0.581445 0.812551 0.023336
v 0.580106 0.811392 0.024984
v 0.579877 0.812300 0.023357
v 0.581903 0.810735 0.026590
v 0.580335 0.810484 0.026611
v 0.577199 0.809982 0.026654
v 0.578767 0.810233 0.026633
v 0.578423 0.812053 0.023427
v 0.579762 0.813212 0.021779
v 0.575745 0.809735 0.026724
v 0.577084 0.810894 0.025076
v 0.575514 0.811558 0.023568
v 0.576853 0.812717 0.021919
v 0.576969 0.811806 0.023497
v 0.587077 0.795882 -0.012807
v 0.584324 0.799859 -0.011667
v 0.585960 0.796468 -0.013185
v 0.583207 0.800445 -0.012045
v 0.584583 0.798456 -0.012615
v 0.583725 0.797640 -0.013940
v 0.584842 0.797054 -0.013563
v 0.576325 0.798974 -0.011956
v 0.578357 0.797922 -0.012915
v 0.577889 0.799394 -0.012011
v 0.577261 0.796031 -0.013765
v 0.578825 0.796451 -0.013820
v 0.581952 0.797290 -0.013929
v 0.580388 0.796870 -0.013874
v 0.579661 0.799744 -0.012022
v 0.577630 0.800796 -0.011063
v 0.581693 0.798692 -0.012981
v 0.581175 0.801497 -0.011086
v 0.581434 0.800095 -0.012034
v 0.585545 0.809505 0.023688
v 0.585593 0.808532 0.027889
v 0.583285 0.809395 0.028108
v 0.583269 0.809720 0.026708
v 0.584178 0.810521 0.023571
v 0.583041 0.810628 0.025080
v 0.582812 0.811536 0.023453
v 0.573399 0.802431 0.007167
v 0.574885 0.805116 0.006035
v 0.575571 0.807961 0.009599
v 0.575457 0.810967 0.017859
v 0.577127 0.809763 0.013688
v 0.577185 0.808260 0.009558
v 0.578798 0.808559 0.009517
v 0.596669 0.388222 0.020203
v 0.585645 0.299810 0.017168
v 0.592155 0.343789 0.018525
v 0.597667 0.387995 0.020043
v 0.586643 0.299583 0.017008
v 0.588639 0.299129 0.016689
v 0.587641 0.299356 0.016848
v 0.554564 0.113167 0.034173
v 0.573000 0.201970 0.036534
v 0.605565 0.336707 0.038785
v 0.600904 0.289663 0.038146
v 0.544770 0.071873 -0.024304
v 0.547580 0.080394 -0.023350
v 0.542146 0.063385 -0.025477
v 0.554834 0.077670 -0.023901
v 0.558461 0.076308 -0.024177
v 0.551207 0.079032 -0.023626
v 0.545773 0.062022 -0.025753
v 0.548490 0.070527 -0.024689
v 0.555902 0.067804 -0.025166
v 0.562246 0.074946 -0.024379
v 0.543214 0.053519 -0.026742
v 0.549558 0.060661 -0.025954
v 0.550786 0.050796 -0.027145
v 0.557130 0.057939 -0.026358
v 0.553344 0.059300 -0.026156
v 0.558965 0.060990 0.033530
v 0.558756 0.059658 0.032754
v 0.558552 0.059736 0.033287
v 0.558448 0.059071 0.032899
v 0.558140 0.058483 0.033044
v 0.561117 0.075133 0.001430
v 0.603374 0.745299 0.015260
v 0.602656 0.745219 0.015213
v 0.604092 0.745379 0.015307
v 0.603491 0.745988 0.015583
v 0.603791 0.745683 0.015445
v 0.602586 0.745494 0.015380
v 0.603421 0.746263 0.015749
v 0.603004 0.745879 0.015565
v 0.602447 0.746045 0.015713
v 0.602517 0.745770 0.015547
v 0.546769 0.080972 0.002149
v 0.545871 0.078976 0.002221
v 0.601876 0.752816 0.002816
v 0.587820 0.741279 0.001451
v 0.587667 0.744137 0.000579
v 0.587313 0.744250 0.000819
v 0.588528 0.741053 0.000971
v 0.588021 0.744024 0.000339
v 0.587007 0.749966 -0.000925
v 0.587514 0.746995 -0.000293
v 0.586771 0.747086 0.000165
v 0.586466 0.752802 -0.001579
v 0.586618 0.749944 -0.000707
v 0.585689 0.752758 -0.001144
v 0.586230 0.749922 -0.000489
v 0.587525 0.742883 0.036690
v 0.586881 0.743078 0.036276
v 0.587196 0.746762 0.036495
v 0.585895 0.754715 0.035692
v 0.598102 0.745395 0.037395
v 0.594033 0.748502 0.036828
v 0.597451 0.749372 0.036994
v 0.591266 0.743655 0.037063
v 0.590615 0.747632 0.036661
v 0.589313 0.755585 0.035858
v 0.589964 0.751608 0.036260
v 0.596662 0.752956 0.036578
v 0.600731 0.749849 0.037145
v 0.588523 0.759169 0.035443
v 0.592593 0.756062 0.036010
v 0.595082 0.760124 0.035746
v 0.599151 0.757018 0.036314
v 0.595872 0.756540 0.036162
v 0.598895 0.760275 0.035731
v 0.599963 0.759622 0.035396
v 0.586487 0.742654 0.023873
v 0.587021 0.742527 0.024107
v 0.586542 0.742381 0.024061
v 0.587445 0.742948 0.023965
v 0.587979 0.742820 0.024198
v 0.587500 0.742674 0.024152
v 0.587555 0.742400 0.024340
v 0.546480 0.081387 0.002610
v 0.546820 0.081188 0.002424
v 0.546140 0.081585 0.002795
v 0.546023 0.079625 0.003047
v 0.546081 0.080605 0.002921
v 0.546370 0.080190 0.002460
v 0.545972 0.079409 0.002772
v 0.545921 0.079192 0.002497
v 0.587149 0.743896 0.024552
v 0.585599 0.745500 0.025634
v -0.520283 -0.012241 -0.042572
v -0.518826 -0.010952 -0.039822
v -0.521259 -0.012501 -0.040069
v -0.515418 -0.009142 -0.042078
v -0.513961 -0.007853 -0.039328
v -0.516393 -0.009403 -0.039575
v -0.515912 -0.008374 -0.034321
v -0.518345 -0.009923 -0.034569
v -0.517369 -0.009663 -0.037072
v -0.521301 -0.012425 -0.038671
v -0.522758 -0.013714 -0.041421
v -0.518387 -0.009848 -0.033170
v -0.519844 -0.011136 -0.035920
v -0.521385 -0.012273 -0.035874
v -0.522842 -0.013562 -0.038624
v -0.521343 -0.012349 -0.037272
v -0.432828 -0.121634 -0.132259
v -0.463680 -0.096401 -0.103849
v -0.469074 -0.102323 -0.104157
v -0.506038 -0.004808 -0.039708
v -0.508898 -0.005733 -0.037148
v -0.508305 -0.005857 -0.039499
v -0.507224 -0.004560 -0.035007
v -0.510085 -0.005486 -0.032447
v -0.509492 -0.005609 -0.034798
v -0.514620 -0.007585 -0.032028
v -0.514027 -0.007709 -0.034378
v -0.511759 -0.006659 -0.034588
v -0.510190 -0.006523 -0.039442
v -0.507330 -0.005597 -0.042002
v -0.513051 -0.007448 -0.036881
v -0.511100 -0.006927 -0.041888
v -0.512076 -0.007188 -0.039385
v -0.440384 -0.110161 -0.122570
v -0.455494 -0.087214 -0.103192
v -0.459153 -0.091364 -0.103528
v -0.519776 -0.018590 0.065911
v -0.519680 -0.018380 0.067806
v -0.519218 -0.018901 0.071568
v -0.518465 -0.015186 -0.049597
v -0.516489 -0.013285 -0.048971
v -0.518545 -0.014808 -0.049246
v -0.514354 -0.012141 -0.049047
v -0.512378 -0.010241 -0.048421
v -0.514434 -0.011763 -0.048696
v -0.512537 -0.009484 -0.047720
v -0.514592 -0.011006 -0.047995
v -0.514513 -0.011385 -0.048345
v -0.518766 -0.014284 -0.048851
v -0.520742 -0.016185 -0.049477
v -0.514813 -0.010483 -0.047599
v -0.516789 -0.012384 -0.048225
v -0.519207 -0.013238 -0.048060
v -0.521184 -0.015139 -0.048686
v -0.518987 -0.013761 -0.048455
v -0.412466 -0.160789 0.088762
v -0.409760 -0.154782 0.088866
v -0.427813 -0.114105 0.079295
v -0.445113 -0.124467 0.101975
v -0.448082 -0.127715 0.101820
v -0.388933 -0.156703 0.116836
v -0.458212 -0.102874 0.097312
v -0.441318 -0.118116 0.102131
v -0.365895 -0.163391 0.119053
v -0.133204 -0.237907 -0.164593
v -0.175190 -0.227106 -0.168052
v -0.132248 -0.230660 -0.164512
v -0.259641 -0.209128 -0.175010
v -0.078953 -0.236062 -0.079562
v -0.079227 -0.221200 -0.079197
v -0.075058 -0.214145 -0.064708
v -0.066445 -0.214898 -0.036096
v -0.077979 -0.239636 0.063709
v -0.274072 -0.198463 0.124042
v -0.220852 -0.209345 0.121278
v -0.096429 -0.233804 -0.144348
v -0.105224 -0.229207 -0.149301
v -0.105278 -0.233080 -0.149405
v -0.122922 -0.227760 -0.159415
v -0.176397 -0.216147 0.118070
v -0.176530 -0.219591 0.117974
v -0.123259 -0.230563 0.112303
v -0.141104 -0.229201 0.114130
v -0.068340 -0.232675 -0.102846
v -0.087030 -0.230846 -0.130445
v -0.107962 -0.209941 -0.130027
v -0.068143 -0.228890 -0.102689
v -0.077488 -0.227975 -0.116489
v -0.086635 -0.223275 -0.130131
v -0.086833 -0.227060 -0.130288
v -0.063420 -0.188885 -0.037039
v -0.056996 -0.181242 0.012628
v -0.055159 -0.181184 0.011884
v -0.057825 -0.183251 -0.009608
v -0.057495 -0.183020 0.037468
v -0.054753 -0.182790 0.036011
v -0.054944 -0.183105 0.038276
v -0.057113 -0.182392 0.032937
v -0.054372 -0.182162 0.031480
v -0.054562 -0.182476 0.033745
v -0.049269 -0.182331 0.033096
v -0.049460 -0.182645 0.035361
v -0.052011 -0.182561 0.034553
v -0.052116 -0.183465 0.038682
v -0.054857 -0.183694 0.040140
v -0.046632 -0.183005 0.035767
v -0.049374 -0.183235 0.037224
v -0.046460 -0.184185 0.039493
v -0.049201 -0.184414 0.040951
v -0.049288 -0.183825 0.039088
v -0.105121 -0.234491 0.105897
v -0.068580 -0.235460 0.093277
v -0.068448 -0.232017 0.093373
v -0.086718 -0.231532 0.099683
v -0.024203 -0.251181 0.009938
v -0.027860 -0.246323 0.000103
v -0.024569 -0.243193 0.010052
v -0.028226 -0.238334 0.000216
v -0.028043 -0.242328 0.000160
v -0.035173 -0.236606 -0.019569
v -0.034991 -0.240600 -0.019625
v -0.031517 -0.241464 -0.009733
v -0.024850 -0.257908 0.028111
v -0.025008 -0.257216 0.020840
v -0.029461 -0.223333 0.016595
v -0.029248 -0.218905 0.017678
v -0.033544 -0.257150 0.049111
v -0.027695 -0.257886 0.037534
v -0.044327 -0.236975 0.085801
v -0.032361 -0.239036 0.083468
v -0.027574 -0.243107 0.081931
v -0.029966 -0.249188 0.081190
v -0.025692 -0.233055 0.081530
v -0.026149 -0.237729 0.082044
v -0.080268 -0.253243 0.081907
v -0.109575 -0.253284 0.095328
v -0.226574 -0.239417 0.110774
v -0.282040 -0.228149 0.113676
v -0.332145 -0.212421 0.113033
v -0.485617 -0.094990 -0.021002
v -0.483751 -0.096622 -0.036170
v -0.482883 -0.097438 -0.043758
v -0.483816 -0.096622 -0.036173
v -0.486613 -0.094160 -0.013433
v -0.466099 -0.075133 0.013577
v -0.466460 -0.073490 -0.001156
v -0.039818 -0.199860 0.010776
v -0.039253 -0.191780 0.023586
v -0.079263 -0.211020 -0.080755
v -0.087030 -0.212775 -0.091185
v -0.086929 -0.210027 -0.092925
v -0.102363 -0.210789 -0.115526
v -0.102261 -0.208041 -0.117266
v -0.094595 -0.209034 -0.105096
v -0.057881 -0.191371 0.000021
v -0.058295 -0.192375 -0.011097
v -0.057052 -0.189362 0.022257
v -0.057466 -0.190366 0.011139
v -0.057992 -0.207610 0.019280
v -0.058407 -0.208615 0.008162
v -0.057937 -0.199490 0.009651
v -0.059270 -0.200130 -0.011363
v -0.059214 -0.192010 -0.020992
v -0.059382 -0.216370 0.007897
v -0.059326 -0.208250 -0.001733
v -0.061219 -0.215640 -0.011894
v -0.061164 -0.207520 -0.021524
v -0.060245 -0.207885 -0.011629
v -0.056667 -0.180697 0.025477
v -0.057695 -0.189894 0.028193
v -0.057610 -0.189434 0.026461
v -0.056837 -0.181617 0.028940
v -0.057866 -0.190814 0.031656
v -0.057781 -0.190354 0.029924
v -0.059752 -0.208286 0.033624
v -0.059667 -0.207826 0.031893
v -0.058724 -0.199090 0.030909
v -0.058080 -0.198558 0.024973
v -0.060137 -0.216951 0.030404
v -0.059109 -0.207754 0.027689
v -0.059021 -0.216807 0.021996
v -0.058551 -0.207682 0.023484
v -0.042826 -0.187730 0.040235
v -0.040600 -0.195710 0.042504
v -0.042956 -0.186514 0.037487
v -0.040730 -0.194494 0.039756
v -0.478808 -0.078463 0.090189
v -0.466540 -0.096355 0.094917
v -0.482866 -0.068112 0.087809
v -0.478715 -0.065304 0.087776
v -0.470387 -0.071823 0.090172
v -0.470479 -0.084981 0.092585
v -0.464345 -0.093928 0.094948
v -0.471531 -0.066684 0.067749
v -0.482798 -0.052125 -0.070359
v -0.476027 -0.061174 -0.078537
v -0.486311 -0.055538 -0.070775
v -0.465997 -0.082684 -0.095309
v -0.469183 -0.069854 -0.086756
v -0.464168 -0.080609 -0.095142
v -0.462338 -0.078534 -0.094974
v -0.491645 -0.058948 -0.070921
v -0.487571 -0.070958 -0.079253
v -0.483993 -0.069254 -0.079314
v -0.498799 -0.062356 -0.070799
v -0.491148 -0.072662 -0.079192
v -0.479423 -0.094978 -0.095917
v -0.475845 -0.093274 -0.095978
v -0.483497 -0.082968 -0.087585
v -0.518106 -0.017375 0.066376
v -0.515524 -0.016878 0.068408
v -0.517329 -0.017623 0.067956
v -0.514497 -0.015885 0.067279
v -0.511915 -0.015388 0.069311
v -0.513720 -0.016133 0.068859
v -0.510360 -0.015884 0.072471
v -0.512165 -0.016629 0.072019
v -0.512942 -0.016381 0.070439
v -0.517098 -0.017883 0.069837
v -0.511934 -0.016889 0.073900
v -0.514516 -0.017386 0.071869
v -0.516636 -0.018404 0.073600
v -0.516867 -0.018143 0.071719
v -0.510111 -0.014168 0.067920
v -0.507613 -0.013748 0.069486
v -0.510194 -0.014719 0.069297
v -0.504950 -0.012227 0.068298
v -0.502452 -0.011806 0.069864
v -0.505033 -0.012777 0.069675
v -0.502618 -0.012906 0.072617
v -0.505198 -0.013877 0.072428
v -0.505116 -0.013327 0.071052
v -0.509417 -0.014967 0.070877
v -0.504421 -0.014125 0.074008
v -0.506919 -0.014546 0.072443
v -0.507863 -0.015463 0.074037
v -0.508640 -0.015215 0.072457
v -0.451411 -0.102758 0.067611
v -0.459887 -0.111845 0.068142
v -0.445833 -0.099149 0.069096
v -0.443153 -0.101020 0.072598
v -0.456681 -0.088610 0.062393
v -0.450342 -0.095013 0.065695
v -0.449002 -0.095948 0.067446
v -0.523744 -0.013091 -0.006936
v -0.524088 -0.011862 -0.007071
v -0.524270 -0.011175 -0.006107
v -0.524290 -0.011029 -0.004043
v -0.510588 -0.009803 -0.048680
v -0.508950 -0.008690 -0.048268
v -0.510661 -0.009506 -0.048360
v -0.507166 -0.008172 -0.048494
v -0.505528 -0.007059 -0.048082
v -0.507239 -0.007875 -0.048175
v -0.505674 -0.006464 -0.047443
v -0.507385 -0.007280 -0.047536
v -0.507312 -0.007577 -0.047855
v -0.510740 -0.009128 -0.048009
v -0.507464 -0.006901 -0.047185
v -0.509102 -0.008014 -0.047597
v -0.510899 -0.008371 -0.047307
v -0.510819 -0.008749 -0.047658
v -0.510573 -0.020007 0.076516
v -0.513113 -0.020143 0.076306
v -0.510740 -0.019383 0.076435
v -0.515318 -0.021527 0.076259
v -0.517857 -0.021663 0.076049
v -0.515485 -0.020903 0.076178
v -0.518191 -0.020415 0.075888
v -0.515819 -0.019655 0.076016
v -0.515652 -0.020279 0.076097
v -0.510985 -0.018773 0.076326
v -0.508445 -0.018637 0.076535
v -0.516063 -0.019045 0.075907
v -0.513524 -0.018909 0.076117
v -0.511474 -0.017554 0.076108
v -0.508935 -0.017418 0.076317
v -0.511229 -0.018164 0.076217
v -0.503074 -0.016526 0.076224
v -0.505027 -0.016824 0.076255
v -0.503318 -0.015917 0.076115
v -0.506492 -0.018340 0.076504
v -0.506736 -0.017730 0.076395
v -0.507226 -0.016512 0.076177
v -0.506981 -0.017121 0.076286
v -0.503523 -0.015470 0.076026
v -0.501570 -0.015172 0.075995
v -0.507430 -0.016064 0.076088
v -0.505477 -0.015767 0.076057
v -0.503932 -0.014575 0.075848
v -0.501979 -0.014278 0.075817
v -0.503728 -0.015022 0.075937
v -0.522655 -0.014492 -0.038947
v -0.522671 -0.014082 -0.038869
v -0.522443 -0.015088 -0.040590
v -0.522630 -0.014158 -0.040267
v -0.522205 -0.015349 -0.043553
v -0.522417 -0.014753 -0.041910
v -0.522546 -0.014310 -0.043064
v -0.522588 -0.014234 -0.041665
v -0.506694 -0.059399 0.013444
v -0.504947 -0.056927 0.008718
v -0.504991 -0.057782 0.013823
v -0.506605 -0.057689 0.003234
v -0.504857 -0.055217 -0.001491
v -0.504902 -0.056072 0.003614
v -0.501452 -0.051982 -0.000732
v -0.501497 -0.052836 0.004373
v -0.503200 -0.054454 0.003993
v -0.503381 -0.056049 0.014236
v -0.505128 -0.058522 0.018961
v -0.499887 -0.051104 0.004786
v -0.501634 -0.053576 0.009511
v -0.500161 -0.052584 0.015062
v -0.501908 -0.055056 0.019787
v -0.501771 -0.054316 0.014649
v -0.510658 -0.046087 -0.002049
v -0.513587 -0.034619 -0.002180
v -0.509489 -0.045367 -0.002001
v -0.518855 -0.024591 -0.002408
v -0.521784 -0.013123 -0.002539
v -0.517685 -0.023871 -0.002360
v -0.519444 -0.011683 -0.002443
v -0.515346 -0.022431 -0.002264
v -0.516516 -0.023151 -0.002312
v -0.507786 -0.043749 -0.001622
v -0.513643 -0.020813 -0.001884
v -0.510715 -0.032281 -0.001753
v -0.504381 -0.040514 -0.000863
v -0.506084 -0.042131 -0.001242
v -0.523100 -0.013209 0.024974
v -0.521986 -0.013137 0.025174
v -0.522160 -0.012591 0.025161
v -0.522753 -0.014302 0.025001
v -0.521638 -0.014230 0.025202
v -0.521812 -0.013684 0.025188
v -0.519757 -0.012993 0.025576
v -0.519931 -0.012446 0.025562
v -0.520871 -0.013065 0.025375
v -0.521348 -0.011998 0.025435
v -0.522463 -0.012070 0.025234
v -0.519119 -0.011854 0.025837
v -0.520234 -0.011926 0.025636
v -0.519726 -0.010813 0.025984
v -0.520840 -0.010886 0.025783
v -0.520537 -0.011406 0.025709
v -0.069889 -0.249160 -0.084517
v -0.075840 -0.245382 -0.081335
v -0.075225 -0.248597 0.066699
v -0.092400 -0.250941 0.081013
v -0.083472 -0.251701 0.079074
v -0.476979 -0.107751 0.058386
v -0.470884 -0.110870 0.058447
v -0.051735 -0.181786 0.030556
v -0.049184 -0.181871 0.031364
v -0.054286 -0.181702 0.029748
v -0.054116 -0.180782 0.026285
v -0.054201 -0.181242 0.028017
v -0.026376 -0.255146 0.069462
v -0.041373 -0.255937 0.058977
v -0.051181 -0.254248 0.067133
v -0.042921 -0.185298 0.033429
v -0.040695 -0.193279 0.035697
v -0.042723 -0.184084 0.028060
v -0.020833 -0.247657 0.010483
v -0.021015 -0.243662 0.010540
v -0.020650 -0.251651 0.010426
v -0.013543 -0.252591 0.011402
v -0.017096 -0.252121 0.010914
v -0.017119 -0.243949 0.011110
v -0.020855 -0.239485 0.010679
v -0.009646 -0.252877 0.011972
v -0.013382 -0.248413 0.011541
v -0.009325 -0.244522 0.012249
v -0.013061 -0.240058 0.011818
v -0.013222 -0.244236 0.011679
v -0.012950 -0.236648 0.012038
v -0.009026 -0.236736 0.012508
v -0.012811 -0.233039 0.012158
v -0.008749 -0.229519 0.012749
v -0.024330 -0.225770 0.016688
v -0.013855 -0.226216 0.017959
v -0.008616 -0.226485 0.019951
v -0.008613 -0.226579 0.022663
v -0.024425 -0.246191 0.081355
v -0.025621 -0.249232 0.080984
v -0.022033 -0.240110 0.082096
v -0.023229 -0.243151 0.081726
v -0.013343 -0.240198 0.081686
v -0.014539 -0.243239 0.081315
v -0.018884 -0.243195 0.081520
v -0.020200 -0.249362 0.080725
v -0.025742 -0.252359 0.080560
v -0.009118 -0.243368 0.081056
v -0.014659 -0.246365 0.080890
v -0.009360 -0.249622 0.080206
v -0.014901 -0.252619 0.080041
v -0.014780 -0.249492 0.080466
v -0.021712 -0.235358 0.081604
v -0.021941 -0.237695 0.081862
v -0.021255 -0.230684 0.081090
v -0.021484 -0.233021 0.081347
v -0.012838 -0.230616 0.080725
v -0.013067 -0.232953 0.080982
v -0.017275 -0.232987 0.081165
v -0.017596 -0.237739 0.081656
v -0.008722 -0.232997 0.080777
v -0.013159 -0.235368 0.081217
v -0.008906 -0.237827 0.081246
v -0.013251 -0.237783 0.081451
v -0.031605 -0.256077 0.063032
v -0.033088 -0.255455 0.066360
v -0.035342 -0.256339 0.058719
v -0.039119 -0.255053 0.066618
v -0.040246 -0.255495 0.062797
v -0.050054 -0.253806 0.070954
v -0.045150 -0.254650 0.066876
v -0.045695 -0.182681 0.031772
v -0.043648 -0.183211 0.027507
v -0.044770 -0.183553 0.032324
v -0.045794 -0.183288 0.034456
v -0.043747 -0.183818 0.030192
v -0.043945 -0.185033 0.035561
v -0.043846 -0.184426 0.032876
v -0.459802 -0.085499 0.060211
v -0.460087 -0.085310 0.059996
v -0.461652 -0.082900 0.050153
v -0.464497 -0.078269 0.030680
v -0.047318 -0.208423 0.062730
v -0.046100 -0.201431 0.055669
v -0.046415 -0.209314 0.062793
v -0.046688 -0.192657 0.048481
v -0.045470 -0.185665 0.041420
v -0.045785 -0.193548 0.048544
v -0.043665 -0.187447 0.041546
v -0.043980 -0.195330 0.048670
v -0.044882 -0.194439 0.048607
v -0.522982 -0.013321 -0.035726
v -0.523177 -0.012991 -0.032728
v -0.045621 -0.184467 0.038182
v -0.045535 -0.185057 0.040046
v -0.045708 -0.183878 0.036319
v -0.043859 -0.185623 0.037424
v -0.044783 -0.184750 0.036872
v -0.044632 -0.185948 0.040109
v -0.043794 -0.186231 0.038798
v -0.043729 -0.186839 0.040172
v -0.464480 -0.072945 -0.036567
v -0.464631 -0.073252 -0.029546
v -0.465153 -0.072836 -0.029414
v -0.466144 -0.072724 -0.015487
v -0.520041 -0.016047 0.057510
v -0.518989 -0.015423 0.057721
v -0.519909 -0.016078 0.057668
v -0.518202 -0.014738 0.057617
v -0.517149 -0.014115 0.057829
v -0.518069 -0.014769 0.057775
v -0.516884 -0.014177 0.058144
v -0.517804 -0.014831 0.058091
v -0.517936 -0.014800 0.057933
v -0.519646 -0.016433 0.059785
v -0.520698 -0.017056 0.059573
v -0.517541 -0.015186 0.060208
v -0.518594 -0.015809 0.059996
v -0.519121 -0.017142 0.064019
v -0.520173 -0.017766 0.063807
v -0.519384 -0.016787 0.061902
v -0.499352 -0.018122 -0.053839
v -0.487145 -0.039653 -0.064714
v -0.053908 -0.234127 -0.074150
v -0.043734 -0.235203 -0.044357
v -0.073982 -0.203642 -0.066183
v -0.074083 -0.206390 -0.064442
v -0.063521 -0.191633 -0.035298
v -0.068701 -0.196263 -0.051611
v -0.069777 -0.206767 -0.050136
v -0.064495 -0.199388 -0.035564
v -0.065470 -0.207143 -0.035830
v -0.063232 -0.253268 0.074200
v -0.058467 -0.253359 0.072208
v -0.015271 -0.254271 0.072532
v -0.518515 -0.019633 0.075218
v -0.518829 -0.019318 0.074039
v -0.435765 -0.150173 0.104033
v -0.025762 -0.252786 0.078643
v -0.513926 -0.018142 0.075418
v -0.511631 -0.017397 0.075518
v -0.516220 -0.018888 0.075318
v -0.516535 -0.018573 0.074139
v -0.516378 -0.018730 0.074729
v -0.511732 -0.017228 0.074979
v -0.509280 -0.016640 0.075669
v -0.514184 -0.017816 0.074289
v -0.509482 -0.016301 0.074590
v -0.511833 -0.017059 0.074440
v -0.505782 -0.015151 0.075429
v -0.504033 -0.014406 0.075309
v -0.507531 -0.015895 0.075549
v -0.507733 -0.015557 0.074470
v -0.507632 -0.015726 0.075009
v -0.504163 -0.014312 0.074875
v -0.502313 -0.013737 0.075295
v -0.506013 -0.014888 0.074456
v -0.502571 -0.013550 0.074428
v -0.504292 -0.014219 0.074442
v -0.017030 -0.230103 0.079051
v -0.012822 -0.230068 0.078869
v -0.025447 -0.230171 0.079416
v -0.021238 -0.230137 0.079233
v -0.025414 -0.229076 0.075703
v -0.021205 -0.229042 0.075521
v -0.021222 -0.229589 0.077377
v -0.024821 -0.256446 0.015374
v -0.017180 -0.256539 0.012688
v -0.013627 -0.257009 0.013176
v -0.020734 -0.256069 0.012200
v -0.021267 -0.256916 0.015862
v -0.008613 -0.226043 0.014300
v -0.008616 -0.226307 0.017163
v -0.012538 -0.226086 0.015261
v -0.515985 -0.028546 -0.055088
v -0.517103 -0.011482 -0.046445
v -0.519300 -0.012860 -0.046675
v -0.512708 -0.008727 -0.045984
v -0.514905 -0.010105 -0.046215
v -0.512893 -0.007971 -0.043215
v -0.515090 -0.009348 -0.043446
v -0.514998 -0.009727 -0.044830
v -0.519628 -0.012653 -0.045308
v -0.521733 -0.014409 -0.046923
v -0.517523 -0.010898 -0.043693
v -0.522388 -0.013996 -0.044187
v -0.519956 -0.012447 -0.043940
v -0.509106 -0.007327 -0.045980
v -0.510823 -0.008062 -0.046041
v -0.505671 -0.005858 -0.045857
v -0.507389 -0.006593 -0.045919
v -0.505520 -0.005240 -0.043325
v -0.507237 -0.005975 -0.043386
v -0.507313 -0.006284 -0.044653
v -0.510915 -0.007684 -0.044657
v -0.509123 -0.006640 -0.043329
v -0.511008 -0.007306 -0.043272
v -0.502367 -0.013997 0.074517
v -0.501699 -0.015079 0.075561
v -0.502237 -0.014091 0.074950
v -0.501903 -0.014632 0.075472
v -0.502108 -0.014184 0.075384
v -0.457013 -0.086868 0.090118
v -0.273929 -0.198027 0.122228
v -0.220804 -0.209199 0.120674
v -0.322355 -0.183008 0.122698
v -0.344093 -0.173131 0.120574
v -0.411366 -0.131539 0.108095
v -0.523726 -0.012838 0.029855
v -0.523773 -0.012634 0.026771
v -0.480212 -0.106168 0.058353
v -0.480089 -0.106184 0.058354
v -0.484125 -0.099525 0.028465
v -0.521058 -0.011464 0.032219
v -0.521963 -0.011854 0.030403
v -0.521082 -0.011362 0.030677
v -0.522821 -0.012448 0.031672
v -0.522845 -0.012346 0.030129
v -0.522892 -0.012142 0.027045
v -0.522868 -0.012244 0.028587
v -0.521084 -0.011111 0.029185
v -0.520179 -0.010721 0.031001
v -0.522894 -0.011891 0.025552
v -0.521989 -0.011501 0.027368
v -0.521090 -0.010607 0.026200
v -0.520185 -0.010217 0.028016
v -0.521087 -0.010859 0.027692
v -0.520120 -0.011129 -0.034230
v -0.521619 -0.012342 -0.035582
v -0.517121 -0.008703 -0.031527
v -0.518620 -0.009916 -0.032878
v -0.517589 -0.008839 -0.030943
v -0.519088 -0.010052 -0.032295
v -0.518854 -0.009984 -0.032587
v -0.521717 -0.012177 -0.034083
v -0.519186 -0.009887 -0.030796
v -0.520451 -0.011032 -0.032439
v -0.521912 -0.011846 -0.031084
v -0.521814 -0.012012 -0.032583
v -0.523100 -0.010566 -0.007142
v -0.521956 -0.009810 -0.006092
v -0.523116 -0.010492 -0.006089
v -0.520780 -0.009203 -0.007147
v -0.519636 -0.008447 -0.006097
v -0.520796 -0.009129 -0.006094
v -0.519669 -0.008299 -0.003992
v -0.520829 -0.008981 -0.003990
v -0.520813 -0.009055 -0.005042
v -0.523126 -0.010419 -0.005057
v -0.520839 -0.008908 -0.002957
v -0.521983 -0.009663 -0.004007
v -0.523146 -0.010273 -0.002993
v -0.523136 -0.010346 -0.004025
v -0.467178 -0.115066 0.069357
v -0.473285 -0.112421 0.071257
v -0.515914 -0.009429 -0.030699
v -0.514517 -0.008358 -0.030582
v -0.514378 -0.008620 -0.030629
v -0.516193 -0.008905 -0.030605
v -0.514795 -0.007834 -0.030488
v -0.514656 -0.008096 -0.030535
v -0.511722 -0.006217 -0.030347
v -0.511583 -0.006479 -0.030394
v -0.513120 -0.007288 -0.030465
v -0.512647 -0.007852 -0.030704
v -0.514044 -0.008922 -0.030821
v -0.509852 -0.005711 -0.030470
v -0.511250 -0.006781 -0.030587
v -0.509186 -0.006314 -0.030854
v -0.510583 -0.007385 -0.030971
v -0.510916 -0.007083 -0.030779
v -0.499016 -0.043091 -0.035018
v -0.502872 -0.031189 -0.033669
v -0.497285 -0.042322 -0.035093
v -0.510189 -0.020824 -0.032170
v -0.508458 -0.020055 -0.032245
v -0.504996 -0.018518 -0.032395
v -0.506727 -0.019287 -0.032320
v -0.495511 -0.041525 -0.034459
v -0.491655 -0.053427 -0.035808
v -0.503222 -0.017721 -0.031762
v -0.499366 -0.029623 -0.033110
v -0.491961 -0.039930 -0.033192
v -0.488106 -0.051832 -0.034541
v -0.493736 -0.040727 -0.033825
v -0.468638 -0.075284 -0.035328
v -0.474538 -0.070358 -0.035574
v -0.474486 -0.070300 -0.035568
v -0.468743 -0.075400 -0.035340
v -0.474643 -0.070473 -0.035586
v -0.474591 -0.070416 -0.035580
v -0.486338 -0.060506 -0.036066
v -0.486286 -0.060448 -0.036060
v -0.480438 -0.065432 -0.035820
v -0.478922 -0.064252 -0.035214
v -0.473022 -0.069178 -0.034968
v -0.490722 -0.054400 -0.035706
v -0.484822 -0.059326 -0.035460
v -0.487795 -0.052156 -0.034507
v -0.481895 -0.057082 -0.034261
v -0.483358 -0.058204 -0.034860
v -0.466610 -0.073643 -0.022469
v -0.467601 -0.073531 -0.008541
v -0.467105 -0.073587 -0.015505
v -0.463692 -0.087463 0.059851
v -0.461384 -0.085964 0.059876
v -0.463560 -0.087354 0.059893
v -0.464714 -0.088104 0.059880
v -0.461253 -0.085856 0.059918
v -0.462407 -0.086605 0.059906
v -0.463298 -0.087138 0.059978
v -0.464452 -0.087887 0.059965
v -0.463429 -0.087246 0.059935
v -0.488196 -0.064808 0.059162
v -0.486428 -0.063718 0.059040
v -0.486730 -0.063361 0.059053
v -0.487592 -0.065522 0.059135
v -0.485824 -0.064433 0.059013
v -0.486126 -0.064076 0.059026
v -0.482893 -0.061539 0.058795
v -0.483195 -0.061182 0.058809
v -0.484661 -0.062629 0.058918
v -0.507383 -0.027890 0.058204
v -0.499320 -0.038987 0.058406
v -0.505615 -0.026800 0.058082
v -0.494793 -0.052264 0.058852
v -0.493025 -0.051174 0.058729
v -0.489490 -0.048995 0.058485
v -0.491257 -0.050085 0.058607
v -0.503832 -0.025967 0.058086
v -0.511895 -0.014869 0.057884
v -0.487707 -0.048161 0.058489
v -0.495770 -0.037064 0.058287
v -0.500267 -0.024299 0.058093
v -0.508330 -0.013202 0.057891
v -0.502050 -0.025133 0.058089
v -0.515419 -0.014386 0.057737
v -0.513056 -0.013992 0.057788
v -0.513637 -0.013553 0.057740
v -0.514258 -0.015264 0.057833
v -0.512476 -0.014430 0.057836
v -0.508910 -0.012763 0.057843
v -0.510693 -0.013597 0.057840
v -0.511519 -0.012610 0.057772
v -0.513882 -0.013004 0.057720
v -0.506792 -0.011820 0.057875
v -0.509156 -0.012215 0.057823
v -0.507283 -0.010723 0.057835
v -0.509646 -0.011118 0.057783
v -0.509401 -0.011666 0.057803
v -0.520819 -0.011741 -0.002515
v -0.519649 -0.011021 -0.002467
v -0.523158 -0.013181 -0.002611
v -0.521989 -0.012461 -0.002563
v -0.523568 -0.011858 -0.002660
v -0.522398 -0.011138 -0.002612
v -0.522193 -0.011800 -0.002588
v -0.519970 -0.010426 -0.002493
v -0.518596 -0.010367 -0.002420
v -0.522719 -0.010543 -0.002638
v -0.521345 -0.010484 -0.002565
v -0.520613 -0.009235 -0.002544
v -0.519238 -0.009177 -0.002471
v -0.520291 -0.009831 -0.002518
v -0.518549 -0.008682 -0.012850
v -0.517643 -0.008815 -0.024386
v -0.516737 -0.024963 0.023772
v -0.515797 -0.024344 0.023959
v -0.518619 -0.026200 0.023398
v -0.517678 -0.025581 0.023585
v -0.510699 -0.048903 0.020165
v -0.509758 -0.048284 0.020352
v -0.513718 -0.036933 0.021969
v -0.511167 -0.034582 0.022569
v -0.514187 -0.022611 0.024372
v -0.508148 -0.046552 0.020765
v -0.504928 -0.043086 0.021591
v -0.506538 -0.044819 0.021178
v -0.518764 -0.011940 0.038557
v -0.517417 -0.013270 0.051026
v -0.504291 -0.043202 0.022012
v -0.518331 -0.012492 0.027628
v -0.513688 -0.022569 0.024776
v -0.513632 -0.022809 0.026246
v -0.519197 -0.008367 -0.002775
v -0.519349 -0.008349 -0.002793
v -0.519228 -0.008278 -0.002886
v -0.519438 -0.008510 -0.002589
v -0.519591 -0.008492 -0.002608
v -0.519470 -0.008421 -0.002700
v -0.519654 -0.008314 -0.002829
v -0.519533 -0.008243 -0.002922
v -0.519501 -0.008332 -0.002811
v -0.515854 -0.009728 -0.030624
v -0.516546 -0.008702 -0.030457
v -0.516975 -0.008821 -0.030255
v -0.465640 -0.073476 -0.036114
v -0.467603 -0.074643 -0.035586
v -0.481287 -0.099318 -0.053989
v -0.482308 -0.098064 -0.047166
v -0.482373 -0.098065 -0.047169
v -0.520148 -0.010047 0.026407
v -0.519992 -0.010066 0.026401
v -0.520032 -0.009985 0.026518
v -0.520068 -0.010211 0.026174
v -0.519913 -0.010230 0.026168
v -0.519952 -0.010148 0.026285
v -0.519681 -0.010105 0.026390
v -0.519721 -0.010023 0.026506
v -0.519837 -0.010086 0.026395
v -0.516882 -0.014109 0.057884
v -0.516749 -0.014140 0.058042
v -0.517147 -0.014047 0.057568
v -0.517015 -0.014078 0.057726
v -0.516878 -0.013973 0.057363
v -0.516745 -0.014004 0.057521
v -0.516880 -0.014041 0.057623
v -0.516562 -0.014075 0.057888
v -0.516564 -0.014143 0.058149
v -0.516558 -0.013939 0.057368
v -0.516560 -0.014007 0.057628
v -0.516186 -0.013945 0.057582
v -0.516188 -0.014013 0.057842
v -0.516374 -0.014010 0.057735
v -0.462133 -0.086591 0.060055
v -0.463155 -0.087232 0.060085
v -0.461110 -0.085950 0.060026
v -0.460824 -0.086140 0.060240
v -0.460967 -0.086045 0.060133
v -0.462038 -0.086640 0.060269
v -0.463203 -0.087186 0.060191
v -0.459706 -0.085548 0.060424
v -0.460872 -0.086094 0.060346
v -0.460968 -0.086001 0.060559
v -0.460920 -0.086047 0.060453
v -0.517348 -0.008887 -0.030279
v -0.517272 -0.008826 -0.030695
v -0.517114 -0.008819 -0.030570
v -0.517665 -0.008901 -0.030527
v -0.517431 -0.008833 -0.030819
v -0.516963 -0.008696 -0.031402
v -0.517197 -0.008764 -0.031111
v -0.516900 -0.008760 -0.030671
v -0.516749 -0.008637 -0.031503
v -0.516824 -0.008698 -0.031087
v -0.516471 -0.008641 -0.030873
v -0.516685 -0.008700 -0.030772
v -0.521798 -0.009829 -0.002672
v -0.520744 -0.009175 -0.002625
v -0.523904 -0.011136 -0.002766
v -0.522851 -0.010483 -0.002719
v -0.524168 -0.011016 -0.002929
v -0.523115 -0.010362 -0.002882
v -0.522983 -0.010423 -0.002801
v -0.520776 -0.009086 -0.002736
v -0.521961 -0.009680 -0.002864
v -0.520807 -0.008997 -0.002847
v -0.519498 -0.008397 -0.005028
v -0.519515 -0.008323 -0.003975
v -0.519466 -0.008545 -0.007133
v -0.519482 -0.008471 -0.006080
v -0.519157 -0.008593 -0.007099
v -0.519173 -0.008519 -0.006047
v -0.519328 -0.008495 -0.006063
v -0.519362 -0.008340 -0.003957
v -0.519021 -0.008536 -0.006029
v -0.519192 -0.008438 -0.004993
v -0.519058 -0.008376 -0.003921
v -0.519210 -0.008358 -0.003939
v -0.508927 -0.005769 -0.031257
v -0.508593 -0.006071 -0.031449
v -0.509594 -0.005166 -0.030872
v -0.509260 -0.005467 -0.031064
v -0.508409 -0.004679 -0.032062
v -0.508076 -0.004981 -0.032254
v -0.508668 -0.005224 -0.031659
v -0.485209 -0.050467 -0.034434
v -0.506770 -0.060436 0.018634
v -0.521691 -0.011396 0.025625
v -0.522502 -0.011988 0.025351
v -0.520880 -0.010804 0.025899
v -0.520959 -0.010640 0.026132
v -0.520919 -0.010722 0.026016
v -0.522633 -0.011956 0.025418
v -0.523405 -0.012630 0.025027
v -0.521861 -0.011281 0.025809
v -0.523666 -0.012565 0.025161
v -0.522764 -0.011923 0.025485
v -0.506788 -0.059946 0.013702
v -0.506636 -0.057872 0.003320
v -0.506757 -0.059764 0.013616
v -0.506681 -0.058726 0.008425
v -0.506725 -0.059581 0.013530
v -0.517960 -0.008828 -0.024635
v -0.518118 -0.008835 -0.024759
v -0.517801 -0.008821 -0.024511
v -0.518708 -0.008689 -0.012975
v -0.518254 -0.008755 -0.018743
v -0.518567 -0.008738 -0.018884
v -0.518272 -0.008811 -0.024776
v -0.518862 -0.008665 -0.012991
v -0.519171 -0.008618 -0.013025
v -0.519016 -0.008642 -0.013008
v -0.499768 -0.053470 0.020523
v -0.500122 -0.053373 0.020307
v -0.465692 -0.073533 -0.036120
v -0.467761 -0.074816 -0.035604
v -0.466674 -0.074117 -0.035856
v -0.467708 -0.074758 -0.035598
v -0.467656 -0.074700 -0.035592
v -0.518876 -0.008963 -0.002749
v -0.518475 -0.010296 -0.002513
v -0.518997 -0.009034 -0.002657
v -0.518796 -0.009701 -0.002538
v -0.519117 -0.009105 -0.002564
v -0.509097 -0.032916 0.023295
v -0.504398 -0.043233 0.021913
v -0.518494 -0.012282 0.026059
v -0.513795 -0.022599 0.024677
v -0.518709 -0.012343 0.025862
v -0.514010 -0.022660 0.024480
v -0.513903 -0.022630 0.024579
v -0.504574 -0.043184 0.021806
v -0.509381 -0.032898 0.023089
v -0.504751 -0.043135 0.021698
v -0.523803 -0.011836 -0.002820
v -0.523935 -0.011776 -0.002901
v -0.518005 -0.013306 0.051376
v -0.518544 -0.012604 0.045039
v -0.517821 -0.013382 0.051334
v -0.519453 -0.011750 0.038788
v -0.519992 -0.011048 0.032450
v -0.519268 -0.011826 0.038745
v -0.519622 -0.011199 0.032365
v -0.518899 -0.011977 0.038659
v -0.519083 -0.011902 0.038702
v -0.517686 -0.013345 0.051231
v -0.518225 -0.012642 0.044894
v -0.517552 -0.013308 0.051128
v -0.476033 -0.066421 0.059200
v -0.466362 -0.079672 0.060045
v -0.477150 -0.067014 0.059017
v -0.471756 -0.073343 0.059531
v -0.468597 -0.080857 0.059677
v -0.467480 -0.080264 0.059861
v -0.508102 -0.009964 0.058255
v -0.510797 -0.011313 0.058118
v -0.507914 -0.009899 0.058102
v -0.513868 -0.012793 0.058286
v -0.513680 -0.012728 0.058133
v -0.513305 -0.012598 0.057826
v -0.513493 -0.012663 0.057980
v -0.508491 -0.010305 0.057996
v -0.505796 -0.008955 0.058133
v -0.511187 -0.011655 0.057858
v -0.506951 -0.009769 0.057921
v -0.509069 -0.010712 0.057889
v -0.515025 -0.014822 0.057678
v -0.514444 -0.015261 0.057726
v -0.515605 -0.014383 0.057630
v -0.515977 -0.014377 0.057416
v -0.515791 -0.014380 0.057523
v -0.493119 -0.054549 -0.036408
v -0.492497 -0.055197 -0.036340
v -0.470457 -0.082629 0.059659
v -0.470584 -0.082674 0.059566
v -0.481679 -0.071463 0.059301
v -0.488628 -0.064498 0.059085
v -0.488888 -0.064592 0.058904
v -0.523057 -0.013723 0.025054
v -0.522883 -0.014270 0.025068
v -0.523231 -0.013177 0.025041
v -0.523492 -0.013111 0.025175
v -0.523362 -0.013144 0.025108
v -0.518682 -0.011699 0.026244
v -0.519092 -0.011210 0.026219
v -0.518797 -0.011762 0.026133
v -0.519271 -0.010594 0.026415
v -0.519386 -0.010657 0.026304
v -0.519618 -0.010783 0.026083
v -0.519502 -0.010720 0.026193
v -0.518905 -0.011793 0.026034
v -0.519315 -0.011303 0.026009
v -0.519012 -0.011823 0.025935
v -0.464095 -0.081482 0.040453
v -0.524014 -0.011642 -0.013161
v -0.523521 -0.012432 -0.025206
v -0.521216 -0.012734 0.038240
v -0.522097 -0.013226 0.037966
v -0.520334 -0.012242 0.038514
v -0.518887 -0.013798 0.051103
v -0.519611 -0.013020 0.044808
v -0.521412 -0.014166 0.044481
v -0.523017 -0.013880 0.037912
v -0.519807 -0.014452 0.051049
v -0.521646 -0.015761 0.050942
v -0.520727 -0.015106 0.050995
v -0.521694 -0.010279 -0.013167
v -0.520534 -0.009597 -0.013169
v -0.522854 -0.010961 -0.013164
v -0.522361 -0.011750 -0.025209
v -0.522608 -0.011355 -0.019186
v -0.520085 -0.009694 -0.019045
v -0.520998 -0.010770 -0.025065
v -0.519635 -0.009791 -0.024920
v -0.497228 -0.053326 0.002777
v -0.498804 -0.053455 0.014679
v -0.519469 -0.010967 0.030866
v -0.519533 -0.010350 0.027956
v -0.519214 -0.010835 0.027885
v -0.519183 -0.011143 0.029340
v -0.518920 -0.011387 0.027799
v -0.472556 -0.101421 -0.053142
v -0.479398 -0.098766 -0.046884
v -0.514342 -0.007589 -0.031398
v -0.514203 -0.007591 -0.031083
v -0.514481 -0.007587 -0.031713
v -0.509946 -0.005488 -0.032132
v -0.512213 -0.006537 -0.031922
v -0.512667 -0.006783 -0.031013
v -0.510538 -0.005731 -0.031537
v -0.511130 -0.005974 -0.030942
v -0.519810 -0.010872 0.030915
v -0.519625 -0.010948 0.030872
v -0.519994 -0.010796 0.030958
v -0.520000 -0.010293 0.027973
v -0.519997 -0.010545 0.029465
v -0.519657 -0.010639 0.029417
v -0.519844 -0.010312 0.027967
v -0.519689 -0.010331 0.027961
v -0.510243 -0.026608 0.077686
v -0.512615 -0.027368 0.077558
v -0.505498 -0.025087 0.077943
v -0.507871 -0.025848 0.077815
v -0.500093 -0.036769 0.080541
v -0.502465 -0.037529 0.080413
v -0.505168 -0.031688 0.079114
v -0.504428 -0.039175 0.080482
v -0.509503 -0.034095 0.079054
v -0.494278 -0.049336 0.083337
v -0.499353 -0.044256 0.081909
v -0.488053 -0.062790 0.086329
v -0.493128 -0.057709 0.084902
v -0.496241 -0.050982 0.083405
v -0.501087 -0.030021 0.079102
v -0.498384 -0.035862 0.080401
v -0.503789 -0.024181 0.077803
v -0.500371 -0.022367 0.077523
v -0.502080 -0.023274 0.077663
v -0.493197 -0.041185 0.081881
v -0.492203 -0.047932 0.083320
v -0.495184 -0.027690 0.079003
v -0.494190 -0.034437 0.080442
v -0.482821 -0.051830 0.084841
v -0.481828 -0.058577 0.086280
v -0.488009 -0.046507 0.083361
v -0.489091 -0.054659 0.084817
v -0.483903 -0.059981 0.086296
v -0.485978 -0.061385 0.086313
v -0.488853 -0.039697 0.081232
v -0.503081 -0.010579 0.065925
v -0.504506 -0.009226 0.060802
v -0.453463 -0.091858 0.063938
v -0.450294 -0.095059 0.065588
v -0.456633 -0.088656 0.062287
v -0.456537 -0.088749 0.062075
v -0.456585 -0.088703 0.062181
v -0.460695 -0.111054 0.066227
v -0.461623 -0.110064 0.063744
v -0.465053 -0.115399 0.065925
v -0.466909 -0.113420 0.060960
v -0.471159 -0.112754 0.067825
v -0.474213 -0.111431 0.068774
v -0.468106 -0.114076 0.066875
v -0.469962 -0.112097 0.061910
v -0.469034 -0.113087 0.064392
v -0.475135 -0.110205 0.065311
v -0.477260 -0.109872 0.068744
v -0.473010 -0.110538 0.061879
v -0.479105 -0.107419 0.061818
v -0.521498 -0.015765 -0.046439
v -0.521877 -0.015555 -0.044921
v -0.521562 -0.014929 -0.047167
v -0.521341 -0.015452 -0.047563
v -0.522047 -0.015036 -0.044676
v -0.521890 -0.014722 -0.045799
v -0.522218 -0.014516 -0.044432
v -0.511874 -0.025501 -0.054539
v -0.509818 -0.023979 -0.054264
v -0.513929 -0.027024 -0.054814
v -0.504857 -0.050699 -0.065246
v -0.509393 -0.038862 -0.060030
v -0.503761 -0.035636 -0.059816
v -0.506241 -0.022275 -0.054325
v -0.501280 -0.048996 -0.065308
v -0.494125 -0.045588 -0.065430
v -0.497703 -0.047292 -0.065369
v -0.502819 -0.020644 -0.054140
v -0.501108 -0.019829 -0.054047
v -0.504530 -0.021460 -0.054232
v -0.492414 -0.044773 -0.065337
v -0.498472 -0.033116 -0.059785
v -0.495005 -0.030594 -0.059484
v -0.490658 -0.043066 -0.065129
v -0.488901 -0.041359 -0.064922
v -0.495328 -0.054177 -0.003220
v -0.496070 -0.053566 -0.003190
v -0.488323 -0.064854 0.059069
v -0.488021 -0.065211 0.059056
v -0.488453 -0.064901 0.058979
v -0.489569 -0.052953 -0.035140
v -0.491033 -0.054075 -0.035740
v -0.491344 -0.053751 -0.035774
v -0.478747 -0.068569 0.059083
v -0.477281 -0.067122 0.058974
v -0.480213 -0.070016 0.059192
v -0.468991 -0.081182 0.059550
v -0.474602 -0.075599 0.059371
v -0.473005 -0.074044 0.059304
v -0.468860 -0.081074 0.059592
v -0.468728 -0.080965 0.059635
v -0.050146 -0.208063 0.062324
v -0.055172 -0.191577 0.047264
v -0.049831 -0.200180 0.055200
v -0.052344 -0.191937 0.047670
v -0.049516 -0.192297 0.048075
v -0.508545 -0.012965 0.065752
v -0.505965 -0.011994 0.065941
v -0.513707 -0.014906 0.065374
v -0.511126 -0.013936 0.065563
v -0.515737 -0.014441 0.060659
v -0.513156 -0.013470 0.060848
v -0.512141 -0.013703 0.063205
v -0.506677 -0.011317 0.063379
v -0.510273 -0.012055 0.060833
v -0.507389 -0.010640 0.060817
v -0.517316 -0.016397 0.064471
v -0.516526 -0.015419 0.062565
v -0.515512 -0.015652 0.064922
v 0.518770 -0.052124 -0.038334
v 0.516410 -0.050465 -0.039474
v 0.517805 -0.051789 -0.040833
v 0.515979 -0.049476 -0.035617
v 0.513618 -0.047817 -0.036757
v 0.515014 -0.049141 -0.038115
v 0.511689 -0.047147 -0.041754
v 0.513085 -0.048471 -0.043112
v 0.514049 -0.048806 -0.040614
v 0.517751 -0.051861 -0.042231
v 0.520111 -0.053520 -0.041091
v 0.513030 -0.048543 -0.044511
v 0.515390 -0.050202 -0.043371
v 0.517642 -0.052005 -0.045027
v 0.520002 -0.053664 -0.043888
v 0.517696 -0.051933 -0.043629
v 0.178644 -0.244100 0.095779
v 0.510472 -0.046262 -0.039454
v 0.509507 -0.045927 -0.041953
v 0.512401 -0.046932 -0.034457
v 0.511437 -0.046597 -0.036956
v 0.508038 -0.044492 -0.034856
v 0.507073 -0.044157 -0.037354
v 0.509255 -0.045377 -0.037155
v 0.507679 -0.045120 -0.042001
v 0.508896 -0.046005 -0.044300
v 0.505245 -0.043349 -0.037402
v 0.506462 -0.044235 -0.039702
v 0.504021 -0.043505 -0.042097
v 0.505238 -0.044390 -0.044396
v 0.505850 -0.044312 -0.042049
v 0.441050 -0.134454 -0.115153
v 0.419121 -0.146527 -0.133748
v 0.205344 -0.241203 0.096625
v 0.259714 -0.228190 0.098885
v 0.516610 -0.058585 0.069118
v 0.517093 -0.058101 0.065353
v 0.516151 -0.059393 0.070993
v 0.515715 -0.060526 0.070977
v 0.516468 -0.052916 -0.050510
v 0.514274 -0.051746 -0.050620
v 0.516358 -0.053287 -0.050861
v 0.512299 -0.049832 -0.050029
v 0.510105 -0.048662 -0.050139
v 0.512190 -0.050204 -0.050380
v 0.509886 -0.049405 -0.050840
v 0.511970 -0.050947 -0.051081
v 0.512080 -0.050575 -0.050730
v 0.516096 -0.053792 -0.051255
v 0.518290 -0.054963 -0.051145
v 0.511708 -0.051451 -0.051475
v 0.513902 -0.052622 -0.051365
v 0.515571 -0.054801 -0.052044
v 0.517765 -0.055972 -0.051934
v 0.515834 -0.054297 -0.051650
v 0.441630 -0.164540 0.099520
v 0.400233 -0.185421 0.109660
v 0.438919 -0.161074 0.099689
v 0.459617 -0.150634 0.094619
v 0.397521 -0.181955 0.109828
v 0.418220 -0.171515 0.104759
v 0.433495 -0.154144 0.100025
v 0.454194 -0.143703 0.094955
v 0.436207 -0.157609 0.099857
v 0.414457 -0.164770 0.105025
v 0.432444 -0.150864 0.100123
v 0.378482 -0.192582 0.114828
v 0.396469 -0.178676 0.109927
v 0.376379 -0.186023 0.115025
v 0.394366 -0.172117 0.110123
v 0.395418 -0.175397 0.110025
v 0.430441 -0.148276 0.100165
v 0.449480 -0.137649 0.095165
v 0.392363 -0.169529 0.110165
v 0.411402 -0.158902 0.105165
v 0.426436 -0.143098 0.100248
v 0.445475 -0.132472 0.095248
v 0.428438 -0.145687 0.100207
v 0.384461 -0.193424 -0.153113
v 0.376729 -0.166929 -0.152077
v 0.401430 -0.157491 -0.123146
v 0.337636 -0.224570 0.118744
v 0.311399 -0.220626 0.121362
v 0.335405 -0.216405 0.119019
v 0.356822 -0.204116 0.116941
v 0.333351 -0.209022 0.119268
v 0.356063 -0.200767 0.117057
v 0.287928 -0.225532 0.123689
v 0.310640 -0.217277 0.121478
v 0.286409 -0.218834 0.123921
v 0.309121 -0.210579 0.121711
v 0.309880 -0.213928 0.121594
v 0.355011 -0.197488 0.117155
v 0.308069 -0.207299 0.121809
v 0.331540 -0.202394 0.119482
v 0.352908 -0.190929 0.117352
v 0.353959 -0.194208 0.117253
v 0.156135 -0.232516 -0.168753
v 0.049664 -0.219346 -0.036371
v 0.058174 -0.219249 -0.065023
v 0.055233 -0.220916 0.057680
v 0.058221 -0.237300 0.061060
v 0.059982 -0.230046 0.063068
v 0.059744 -0.244912 0.063383
v 0.264040 -0.244742 0.121886
v 0.179788 -0.255422 0.118106
v 0.179161 -0.246973 0.118398
v 0.207246 -0.243413 0.119658
v 0.263103 -0.240610 0.122029
v 0.206308 -0.239281 0.119801
v 0.234705 -0.239946 0.120915
v 0.262165 -0.236479 0.122172
v 0.178594 -0.239321 0.118662
v 0.178086 -0.232467 0.118898
v 0.104409 -0.236469 -0.159953
v 0.086700 -0.236560 -0.149755
v 0.071520 -0.245657 0.069964
v 0.161496 -0.255431 0.116387
v 0.161183 -0.251206 0.116532
v 0.123974 -0.242774 0.113385
v 0.142578 -0.246990 0.114959
v 0.160557 -0.242757 0.116824
v 0.160870 -0.246981 0.116678
v 0.068523 -0.236804 -0.130813
v 0.049878 -0.237203 -0.103126
v 0.040469 -0.241431 -0.089402
v 0.040297 -0.249486 -0.089640
v 0.068770 -0.232319 -0.130657
v 0.050620 -0.223748 -0.102658
v 0.059448 -0.232519 -0.116813
v 0.041298 -0.223947 -0.088814
v 0.050373 -0.228233 -0.102814
v 0.040803 -0.232918 -0.089126
v 0.050126 -0.232718 -0.102970
v 0.043616 -0.187137 -0.009848
v 0.043048 -0.185074 0.012391
v 0.032445 -0.187209 0.039306
v 0.035114 -0.186737 0.036623
v 0.034991 -0.187319 0.038487
v 0.032690 -0.186045 0.035579
v 0.035358 -0.185574 0.032895
v 0.035236 -0.186156 0.034759
v 0.040451 -0.185795 0.031256
v 0.040329 -0.186377 0.033119
v 0.037782 -0.186266 0.033939
v 0.037837 -0.187176 0.038068
v 0.035168 -0.187648 0.040751
v 0.043174 -0.186234 0.032700
v 0.040505 -0.186705 0.035384
v 0.043527 -0.186891 0.037229
v 0.040858 -0.187362 0.039913
v 0.040682 -0.187034 0.037648
v 0.016902 -0.238601 -0.019692
v 0.009936 -0.239796 0.000126
v 0.005965 -0.244363 0.009980
v 0.004989 -0.252300 0.009869
v 0.020532 -0.233657 -0.029411
v 0.020824 -0.224965 -0.029031
v 0.010609 -0.220041 0.019057
v 0.006648 -0.223546 0.020930
v 0.013960 -0.259344 0.036306
v 0.015988 -0.259001 0.048617
v 0.013839 -0.218669 0.024857
v 0.016340 -0.219429 0.038328
v 0.007823 -0.225854 0.045362
v 0.004592 -0.227226 0.039562
v 0.004642 -0.225941 0.027765
v 0.006623 -0.224189 0.026828
v 0.014399 -0.240827 0.083357
v 0.015357 -0.243950 0.082982
v 0.026498 -0.239689 0.085634
v 0.021406 -0.243381 0.084120
v 0.020398 -0.237910 0.084239
v 0.026448 -0.237341 0.085377
v 0.008299 -0.239049 0.081963
v 0.014349 -0.238479 0.083101
v 0.008198 -0.234353 0.081449
v 0.014248 -0.233784 0.082587
v 0.014298 -0.236132 0.082844
v 0.025487 -0.233969 0.085357
v 0.013287 -0.230412 0.082567
v 0.019387 -0.232190 0.083962
v 0.023567 -0.227224 0.085317
v 0.024527 -0.230596 0.085337
v 0.292400 -0.245549 0.113642
v 0.292384 -0.245476 0.113522
v 0.423389 -0.182965 0.095095
v 0.404006 -0.197570 0.099966
v 0.465657 -0.148863 0.073835
v 0.463303 -0.152124 0.081493
v 0.464451 -0.150494 0.077635
v 0.463245 -0.152124 0.081435
v 0.473958 -0.134102 -0.046027
v 0.473828 -0.134091 -0.046021
v 0.459486 -0.108964 -0.003347
v 0.458906 -0.110058 0.003993
v 0.459113 -0.109251 -0.003375
v 0.459070 -0.110577 0.011389
v 0.458490 -0.111671 0.018729
v 0.458698 -0.110864 0.011361
v 0.457745 -0.112244 0.018673
v 0.457953 -0.111438 0.011305
v 0.458325 -0.111151 0.011333
v 0.107032 -0.225676 0.091850
v 0.049405 -0.215841 -0.085691
v 0.051517 -0.210809 -0.086654
v 0.046734 -0.203891 -0.071622
v 0.035056 -0.195086 -0.040595
v 0.016746 -0.211387 0.007320
v 0.020751 -0.203367 0.009092
v 0.029065 -0.189564 -0.012509
v 0.028760 -0.187325 0.012635
v 0.062531 -0.216452 -0.081090
v 0.062733 -0.210956 -0.084570
v 0.070395 -0.210551 -0.096777
v 0.044512 -0.219690 -0.012144
v 0.043850 -0.210852 -0.000756
v 0.044748 -0.210557 -0.010655
v 0.042717 -0.220281 0.007655
v 0.042056 -0.211443 0.019044
v 0.042953 -0.211148 0.009144
v 0.042528 -0.193176 0.022022
v 0.043425 -0.192881 0.012122
v 0.043189 -0.202014 0.010633
v 0.044371 -0.202750 -0.010386
v 0.045032 -0.211588 -0.021775
v 0.043709 -0.193912 0.001003
v 0.044277 -0.195975 -0.021237
v 0.043993 -0.194943 -0.010117
v 0.042391 -0.220691 0.021756
v 0.042685 -0.212024 0.024976
v 0.042114 -0.211909 0.020775
v 0.043533 -0.220922 0.030159
v 0.043827 -0.212254 0.033379
v 0.043256 -0.212139 0.029178
v 0.043274 -0.194689 0.031417
v 0.042703 -0.194574 0.027216
v 0.042980 -0.203356 0.028197
v 0.042350 -0.202775 0.022264
v 0.042939 -0.185440 0.028705
v 0.042645 -0.194108 0.025484
v 0.042823 -0.184509 0.025242
v 0.042586 -0.193642 0.023753
v 0.052901 -0.221793 0.064600
v 0.038501 -0.220151 0.067978
v 0.051279 -0.221227 0.062856
v 0.044079 -0.220406 0.064545
v 0.049656 -0.220661 0.061113
v 0.023597 -0.220941 0.064424
v 0.024414 -0.212776 0.055690
v 0.019593 -0.220186 0.051517
v 0.020410 -0.212021 0.042784
v 0.022412 -0.212399 0.049237
v 0.026049 -0.196447 0.038224
v 0.025232 -0.204611 0.046957
v 0.028764 -0.189261 0.037318
v 0.028554 -0.190465 0.040067
v 0.027737 -0.198629 0.048800
v 0.027842 -0.198028 0.047426
v 0.043782 -0.227676 -0.012908
v 0.040528 -0.244239 0.005363
v 0.042885 -0.227971 -0.003009
v 0.041258 -0.236253 0.006127
v 0.041090 -0.228562 0.016791
v 0.041988 -0.228267 0.006891
v 0.463695 -0.138717 0.092393
v 0.466406 -0.142183 0.092225
v 0.458272 -0.131786 0.092729
v 0.460983 -0.135252 0.092561
v 0.471849 -0.114883 0.087941
v 0.474561 -0.118349 0.087773
v 0.467772 -0.126800 0.090167
v 0.473266 -0.132400 0.089839
v 0.469189 -0.144317 0.092065
v 0.481421 -0.108566 0.085387
v 0.477343 -0.120483 0.087613
v 0.486986 -0.112835 0.085067
v 0.482908 -0.124751 0.087293
v 0.480126 -0.122617 0.087453
v 0.454307 -0.127639 0.092764
v 0.456310 -0.130228 0.092722
v 0.450302 -0.122462 0.092847
v 0.452304 -0.125050 0.092806
v 0.463961 -0.107618 0.087962
v 0.465964 -0.110207 0.087920
v 0.459134 -0.117629 0.090363
v 0.463098 -0.121776 0.090328
v 0.472752 -0.101755 0.085526
v 0.467925 -0.111766 0.087927
v 0.476676 -0.104873 0.085540
v 0.469887 -0.113325 0.087934
v 0.504945 -0.043295 -0.034887
v 0.503121 -0.043341 -0.034550
v 0.459497 -0.119915 -0.097711
v 0.474461 -0.102910 -0.081422
v 0.484772 -0.108827 -0.081288
v 0.470416 -0.113385 -0.089522
v 0.492254 -0.100324 -0.073144
v 0.481335 -0.106855 -0.081333
v 0.485380 -0.096380 -0.073233
v 0.477898 -0.104882 -0.081377
v 0.514083 -0.057892 0.071162
v 0.512584 -0.056769 0.069740
v 0.514870 -0.057704 0.069578
v 0.509513 -0.056022 0.071484
v 0.508014 -0.054899 0.070062
v 0.510299 -0.055834 0.069901
v 0.509587 -0.054523 0.066895
v 0.511872 -0.055458 0.066734
v 0.511085 -0.055646 0.068317
v 0.515111 -0.057462 0.067696
v 0.512113 -0.055216 0.064851
v 0.513612 -0.056339 0.066274
v 0.515594 -0.056978 0.063931
v 0.515352 -0.057220 0.065813
v 0.505563 -0.054289 0.071639
v 0.503851 -0.052935 0.070256
v 0.505516 -0.053734 0.070263
v 0.502233 -0.052692 0.071627
v 0.500521 -0.051338 0.070244
v 0.502186 -0.052137 0.070250
v 0.500427 -0.050228 0.067491
v 0.502092 -0.051027 0.067498
v 0.502139 -0.051582 0.068874
v 0.506302 -0.053546 0.068679
v 0.502878 -0.050838 0.065914
v 0.504590 -0.052192 0.067297
v 0.507875 -0.053169 0.065512
v 0.507088 -0.053357 0.067096
v 0.450326 -0.146716 0.065989
v 0.442567 -0.137008 0.065496
v 0.470889 -0.134918 -0.045757
v 0.521912 -0.051111 -0.006518
v 0.521871 -0.051255 -0.008582
v 0.508559 -0.047427 -0.049719
v 0.506806 -0.046854 -0.049969
v 0.508462 -0.047718 -0.050038
v 0.505248 -0.045700 -0.049580
v 0.503495 -0.045127 -0.049830
v 0.505151 -0.045991 -0.049900
v 0.503301 -0.045709 -0.050469
v 0.505054 -0.046282 -0.050219
v 0.508352 -0.048089 -0.050389
v 0.506600 -0.047517 -0.050639
v 0.508243 -0.048461 -0.050739
v 0.509013 -0.056651 0.073693
v 0.511029 -0.058179 0.073664
v 0.508799 -0.057261 0.073775
v 0.513473 -0.058488 0.073472
v 0.515490 -0.060016 0.073442
v 0.513260 -0.059098 0.073553
v 0.515063 -0.061237 0.073605
v 0.512832 -0.060318 0.073716
v 0.513046 -0.059708 0.073635
v 0.508509 -0.057850 0.073885
v 0.506492 -0.056321 0.073915
v 0.512542 -0.060907 0.073826
v 0.510526 -0.059378 0.073856
v 0.507929 -0.059027 0.074106
v 0.505912 -0.057499 0.074135
v 0.508219 -0.058438 0.073996
v 0.501720 -0.053103 0.073469
v 0.503118 -0.054568 0.073691
v 0.501430 -0.053692 0.073580
v 0.505095 -0.054856 0.073693
v 0.504805 -0.055445 0.073803
v 0.504225 -0.056622 0.074024
v 0.504515 -0.056033 0.073913
v 0.501193 -0.054122 0.073669
v 0.499795 -0.052657 0.073447
v 0.503987 -0.057053 0.074113
v 0.502590 -0.055588 0.073891
v 0.500717 -0.054983 0.073849
v 0.499320 -0.053518 0.073627
v 0.500955 -0.054553 0.073759
v 0.519737 -0.054241 -0.045530
v 0.519743 -0.054577 -0.044210
v 0.520008 -0.053999 -0.042568
v 0.520014 -0.054335 -0.041248
v 0.520063 -0.053927 -0.041170
v 0.494764 -0.090701 0.012708
v 0.496232 -0.091695 0.007184
v 0.496336 -0.092444 0.012321
v 0.494556 -0.089203 0.002433
v 0.496023 -0.090197 -0.003092
v 0.496128 -0.090946 0.002046
v 0.499167 -0.093683 -0.003865
v 0.499272 -0.094432 0.001272
v 0.497700 -0.092689 0.001659
v 0.497807 -0.094295 0.011901
v 0.496340 -0.093301 0.017425
v 0.500743 -0.096283 0.000852
v 0.499275 -0.095289 0.006376
v 0.500749 -0.097996 0.011060
v 0.499282 -0.097003 0.016585
v 0.499278 -0.096146 0.011481
v 0.499820 -0.078986 -0.003239
v 0.506300 -0.070326 -0.003826
v 0.500931 -0.079794 -0.003292
v 0.510558 -0.060051 -0.004307
v 0.517038 -0.051392 -0.004895
v 0.511669 -0.060859 -0.004361
v 0.519260 -0.053007 -0.005001
v 0.513891 -0.062474 -0.004467
v 0.512780 -0.061667 -0.004414
v 0.502503 -0.081537 -0.003679
v 0.515463 -0.064217 -0.004854
v 0.508983 -0.072877 -0.004267
v 0.505647 -0.085023 -0.004453
v 0.504075 -0.083280 -0.004066
v 0.517519 -0.050551 0.023530
v 0.518066 -0.051736 0.023267
v 0.518409 -0.051240 0.023339
v 0.516834 -0.051543 0.023386
v 0.517382 -0.052727 0.023122
v 0.517724 -0.052231 0.023195
v 0.519161 -0.054104 0.022740
v 0.519503 -0.053609 0.022812
v 0.518613 -0.052920 0.023003
v 0.519171 -0.051893 0.023061
v 0.518624 -0.050708 0.023324
v 0.520265 -0.054261 0.022534
v 0.519718 -0.053077 0.022798
v 0.520696 -0.053198 0.022505
v 0.520149 -0.052014 0.022768
v 0.519933 -0.052545 0.022783
v 0.036886 -0.253324 -0.005282
v 0.037794 -0.252759 -0.014609
v 0.033961 -0.254692 -0.015735
v 0.179203 -0.253076 0.098819
v 0.007132 -0.256429 0.069383
v 0.020664 -0.202861 0.024348
v 0.016659 -0.210882 0.022577
v 0.028673 -0.186819 0.027891
v 0.028803 -0.188046 0.033259
v 0.024798 -0.196067 0.031488
v 0.024733 -0.195453 0.028804
v 0.017909 -0.211261 0.029312
v 0.021979 -0.203854 0.033768
v 0.019160 -0.211641 0.036048
v -0.005909 -0.248503 0.011606
v -0.005748 -0.244326 0.011744
v -0.006230 -0.256858 0.011328
v -0.006069 -0.252681 0.011467
v 0.000924 -0.256465 0.010319
v 0.001084 -0.252288 0.010457
v -0.002492 -0.252484 0.010962
v -0.001844 -0.244338 0.011156
v -0.005260 -0.240357 0.011800
v 0.001572 -0.248319 0.010513
v 0.002549 -0.240382 0.010623
v 0.002061 -0.244350 0.010568
v 0.001382 -0.259242 0.032217
v -0.004983 -0.233140 0.012040
v -0.004845 -0.229532 0.012160
v -0.005122 -0.236749 0.011920
v 0.002687 -0.236773 0.010744
v -0.001217 -0.236761 0.011332
v -0.005292 -0.226294 0.023481
v 0.001348 -0.225630 0.022404
v -0.004902 -0.246784 0.080816
v -0.005023 -0.249910 0.080391
v -0.004661 -0.240530 0.081665
v -0.004782 -0.243657 0.081240
v 0.004013 -0.241108 0.082035
v 0.003892 -0.244234 0.081610
v -0.000445 -0.243946 0.081425
v -0.004619 -0.235768 0.081174
v -0.004711 -0.238183 0.081408
v -0.004436 -0.230937 0.080705
v -0.004527 -0.233353 0.080939
v 0.003953 -0.231649 0.081030
v 0.003862 -0.234064 0.081264
v -0.000333 -0.233708 0.081102
v -0.000374 -0.238471 0.081593
v 0.003912 -0.236412 0.081521
v 0.003962 -0.238760 0.081778
v 0.001283 -0.227933 0.051000
v 0.004019 -0.229394 0.072229
v 0.029854 -0.187860 0.035387
v 0.031826 -0.186262 0.034272
v 0.457314 -0.113585 0.028500
v 0.454216 -0.117988 0.047986
v 0.029418 -0.190247 0.041373
v 0.028705 -0.197810 0.048732
v 0.031354 -0.188609 0.041238
v 0.029674 -0.196991 0.048664
v 0.032067 -0.195675 0.048294
v 0.030387 -0.204057 0.055721
v 0.031557 -0.211445 0.062543
v 0.029876 -0.219827 0.069970
v 0.030131 -0.211942 0.062845
v 0.520517 -0.052977 -0.035197
v 0.520283 -0.053291 -0.038194
v 0.520234 -0.053698 -0.038273
v 0.029645 -0.189064 0.038135
v 0.029540 -0.189666 0.039509
v 0.029749 -0.188462 0.036761
v 0.031721 -0.186864 0.035646
v 0.030735 -0.187663 0.036204
v 0.030508 -0.188847 0.039442
v 0.031599 -0.187446 0.037510
v 0.031477 -0.188028 0.039374
v 0.459163 -0.108174 -0.017676
v 0.458100 -0.108208 -0.031599
v 0.516612 -0.056823 0.061569
v 0.516024 -0.055766 0.059508
v 0.516746 -0.056802 0.061410
v 0.515169 -0.054750 0.057765
v 0.514581 -0.053693 0.055704
v 0.515302 -0.054730 0.057606
v 0.514848 -0.053652 0.055387
v 0.515570 -0.054688 0.057289
v 0.515436 -0.054709 0.057448
v 0.517025 -0.056468 0.059292
v 0.517613 -0.057525 0.061352
v 0.515849 -0.054354 0.055171
v 0.516437 -0.055411 0.057231
v 0.517582 -0.055799 0.055055
v 0.518170 -0.056856 0.057115
v 0.517303 -0.056133 0.057173
v 0.457001 -0.114952 0.089798
v 0.463831 -0.107530 0.087355
v 0.443342 -0.129795 0.094683
v 0.450172 -0.122374 0.092241
v 0.443082 -0.129619 0.093470
v 0.449912 -0.122197 0.091028
v 0.450042 -0.122285 0.091634
v 0.500197 -0.051443 0.068754
v 0.500103 -0.050332 0.066001
v 0.030384 -0.241731 -0.059561
v 0.025428 -0.237853 -0.044521
v 0.035341 -0.245608 -0.074601
v 0.035513 -0.237553 -0.074362
v 0.035427 -0.241581 -0.074481
v 0.025721 -0.229161 -0.044141
v 0.025867 -0.224815 -0.043951
v 0.025574 -0.233507 -0.044331
v 0.035659 -0.233207 -0.074172
v 0.030617 -0.233357 -0.059252
v 0.031011 -0.224526 -0.058905
v 0.035907 -0.228722 -0.074016
v 0.049765 -0.216598 -0.038111
v 0.058478 -0.211005 -0.070244
v 0.054020 -0.216550 -0.052437
v 0.058377 -0.213753 -0.068504
v 0.058275 -0.216501 -0.066764
v -0.003995 -0.255025 0.071606
v 0.007145 -0.256157 0.070585
v 0.001562 -0.255862 0.069894
v 0.483602 -0.124509 0.084795
v 0.490809 -0.114606 0.081159
v 0.476395 -0.134413 0.088430
v 0.483255 -0.124630 0.086044
v 0.515771 -0.060148 0.071664
v 0.515989 -0.059582 0.071672
v 0.515335 -0.061281 0.071649
v 0.515553 -0.060715 0.071656
v 0.515011 -0.061658 0.073007
v 0.515229 -0.061092 0.073015
v 0.515391 -0.060903 0.072336
v 0.515822 -0.059727 0.072262
v 0.516202 -0.058972 0.071591
v 0.515443 -0.060482 0.072934
v 0.515870 -0.059261 0.072771
v 0.515656 -0.059872 0.072852
v 0.511632 -0.057102 0.071913
v 0.509347 -0.056167 0.072074
v 0.513917 -0.058037 0.071752
v 0.513585 -0.058327 0.072932
v 0.513751 -0.058182 0.072342
v 0.509235 -0.056328 0.072614
v 0.507116 -0.055249 0.072185
v 0.511354 -0.057408 0.073043
v 0.506893 -0.055571 0.073265
v 0.509124 -0.056489 0.073154
v 0.503787 -0.053652 0.072173
v 0.502122 -0.052853 0.072166
v 0.505451 -0.054450 0.072179
v 0.505229 -0.054772 0.073258
v 0.505340 -0.054611 0.072719
v 0.501988 -0.052936 0.072601
v 0.500435 -0.051977 0.072055
v 0.503541 -0.053896 0.073147
v 0.500167 -0.052144 0.072923
v 0.501854 -0.053020 0.073035
v 0.008197 -0.230364 0.075624
v 0.004003 -0.230008 0.075461
v 0.008164 -0.231458 0.079336
v -0.000224 -0.230746 0.079011
v -0.004419 -0.230390 0.078849
v 0.013320 -0.229317 0.078855
v 0.018444 -0.228271 0.082086
v 0.013304 -0.229865 0.080711
v 0.512050 -0.067931 -0.057521
v 0.501144 -0.090841 -0.067906
v 0.515209 -0.050644 -0.046153
v 0.517515 -0.052375 -0.046411
v 0.510597 -0.047182 -0.045636
v 0.512903 -0.048913 -0.045895
v 0.510342 -0.047921 -0.048404
v 0.512648 -0.049652 -0.048663
v 0.512776 -0.049282 -0.047279
v 0.517166 -0.052555 -0.047778
v 0.519599 -0.053917 -0.046652
v 0.514732 -0.051194 -0.048903
v 0.518901 -0.054278 -0.049385
v 0.516817 -0.052736 -0.049144
v 0.507113 -0.045511 -0.045615
v 0.508941 -0.046318 -0.045567
v 0.503455 -0.043896 -0.045711
v 0.505284 -0.044703 -0.045663
v 0.503546 -0.044523 -0.048245
v 0.505375 -0.045330 -0.048196
v 0.505329 -0.045017 -0.046930
v 0.508814 -0.046688 -0.046951
v 0.507031 -0.046194 -0.048266
v 0.508687 -0.047057 -0.048335
v 0.503404 -0.044500 -0.047297
v 0.503352 -0.045104 -0.048883
v 0.503449 -0.044814 -0.048564
v 0.375270 -0.182602 0.114521
v 0.521188 -0.053194 0.022788
v 0.521419 -0.052677 0.024298
v 0.521372 -0.052877 0.027383
v 0.475316 -0.136268 0.026198
v 0.472322 -0.140500 0.046137
v 0.473787 -0.138388 0.036167
v 0.518896 -0.050450 0.023739
v 0.519721 -0.051259 0.024953
v 0.518872 -0.050550 0.025281
v 0.520594 -0.051868 0.023083
v 0.520570 -0.051968 0.024626
v 0.520523 -0.052168 0.027711
v 0.520546 -0.052068 0.026168
v 0.518857 -0.050801 0.026774
v 0.518032 -0.049992 0.025559
v 0.520508 -0.052419 0.029203
v 0.519683 -0.051610 0.027989
v 0.518828 -0.051304 0.029760
v 0.518003 -0.050495 0.028545
v 0.518843 -0.051052 0.028267
v 0.450657 -0.121181 -0.042191
v 0.519351 -0.051739 -0.033547
v 0.517838 -0.050572 -0.033687
v 0.519122 -0.051653 -0.033838
v 0.516784 -0.049577 -0.033247
v 0.515271 -0.048410 -0.033387
v 0.516554 -0.049491 -0.033537
v 0.514812 -0.048238 -0.033968
v 0.516096 -0.049319 -0.034118
v 0.516325 -0.049405 -0.033827
v 0.519004 -0.051810 -0.035337
v 0.517491 -0.050643 -0.035477
v 0.518887 -0.051967 -0.036835
v 0.520835 -0.050270 -0.005463
v 0.519710 -0.049573 -0.006492
v 0.520808 -0.050343 -0.006515
v 0.518638 -0.048732 -0.005417
v 0.517513 -0.048035 -0.006446
v 0.518611 -0.048804 -0.006469
v 0.517460 -0.048179 -0.008551
v 0.518558 -0.048949 -0.008574
v 0.518585 -0.048876 -0.007521
v 0.520787 -0.050414 -0.007547
v 0.518537 -0.049020 -0.009606
v 0.519662 -0.049717 -0.008576
v 0.520746 -0.050558 -0.009611
v 0.520767 -0.050486 -0.008579
v 0.463655 -0.148317 0.069041
v 0.457355 -0.150486 0.067170
v 0.507086 -0.045250 -0.033258
v 0.508912 -0.045898 -0.033145
v 0.508555 -0.046173 -0.033336
v 0.507799 -0.044699 -0.032877
v 0.509625 -0.045347 -0.032763
v 0.509268 -0.045622 -0.032954
v 0.512564 -0.047194 -0.032918
v 0.512207 -0.047470 -0.033109
v 0.510738 -0.046546 -0.033031
v 0.510222 -0.047072 -0.033268
v 0.508396 -0.046424 -0.033382
v 0.513875 -0.048368 -0.033041
v 0.512048 -0.047720 -0.033155
v 0.513557 -0.048870 -0.033134
v 0.511731 -0.048221 -0.033247
v 0.511890 -0.047971 -0.033201
v 0.487329 -0.077448 -0.035508
v 0.495463 -0.067705 -0.034755
v 0.488996 -0.078346 -0.035441
v 0.500262 -0.056166 -0.034135
v 0.501930 -0.057065 -0.034068
v 0.505264 -0.058862 -0.033934
v 0.503597 -0.057963 -0.034001
v 0.490702 -0.079277 -0.036083
v 0.482568 -0.089019 -0.036837
v 0.506970 -0.059793 -0.034576
v 0.498836 -0.069535 -0.035329
v 0.494113 -0.081139 -0.037367
v 0.485979 -0.090881 -0.038120
v 0.492407 -0.080208 -0.036725
v 0.482233 -0.089319 -0.036801
v 0.477393 -0.095071 -0.037139
v 0.476023 -0.093841 -0.036533
v 0.484974 -0.091780 -0.038014
v 0.480135 -0.097533 -0.038352
v 0.478764 -0.096302 -0.037746
v 0.467714 -0.106576 -0.037815
v 0.466343 -0.105345 -0.037209
v 0.472554 -0.100824 -0.037477
v 0.471135 -0.099532 -0.036864
v 0.475975 -0.093779 -0.036526
v 0.461455 -0.111036 -0.037540
v 0.466295 -0.105284 -0.037202
v 0.461359 -0.110913 -0.037527
v 0.466199 -0.105161 -0.037189
v 0.466247 -0.105222 -0.037196
v 0.459696 -0.108983 -0.024303
v 0.460227 -0.108967 -0.017342
v 0.458634 -0.109016 -0.038226
v 0.459165 -0.109000 -0.031265
v 0.460764 -0.110601 -0.037558
v 0.461295 -0.110584 -0.030596
v 0.460230 -0.109792 -0.030931
v 0.462187 -0.111518 -0.030619
v 0.460170 -0.110705 0.003998
v 0.460378 -0.109898 -0.003369
v 0.459812 -0.112357 0.018789
v 0.455579 -0.122341 0.057804
v 0.455771 -0.122507 0.057638
v 0.456742 -0.123225 0.057663
v 0.453637 -0.120907 0.057754
v 0.453830 -0.121073 0.057588
v 0.454801 -0.121790 0.057613
v 0.456157 -0.122839 0.057305
v 0.457127 -0.123556 0.057330
v 0.455964 -0.122673 0.057471
v 0.456864 -0.123342 0.057620
v 0.456672 -0.123177 0.057786
v 0.457250 -0.123674 0.057287
v 0.457057 -0.123508 0.057453
v 0.457109 -0.123578 0.057533
v 0.456916 -0.123412 0.057700
v 0.456987 -0.123460 0.057576
v 0.477069 -0.098316 0.056524
v 0.478749 -0.099538 0.056638
v 0.477398 -0.097983 0.056536
v 0.479772 -0.101426 0.056728
v 0.481452 -0.102647 0.056842
v 0.480100 -0.101093 0.056740
v 0.482109 -0.101981 0.056866
v 0.480757 -0.100427 0.056764
v 0.480429 -0.100760 0.056752
v 0.497238 -0.062515 0.055733
v 0.491745 -0.075152 0.056077
v 0.498918 -0.063737 0.055847
v 0.482891 -0.085346 0.056192
v 0.484571 -0.086568 0.056306
v 0.487931 -0.089011 0.056535
v 0.486251 -0.087789 0.056420
v 0.500631 -0.064704 0.055835
v 0.506125 -0.052067 0.055492
v 0.489644 -0.089979 0.056523
v 0.495138 -0.077342 0.056179
v 0.504058 -0.066640 0.055812
v 0.509552 -0.054002 0.055468
v 0.502345 -0.065672 0.055824
v 0.505270 -0.049516 0.055439
v 0.506697 -0.051012 0.055449
v 0.506983 -0.050484 0.055428
v 0.504698 -0.050572 0.055482
v 0.506411 -0.051539 0.055470
v 0.509838 -0.053475 0.055447
v 0.508125 -0.052507 0.055459
v 0.509023 -0.051586 0.055386
v 0.507596 -0.050091 0.055377
v 0.511877 -0.054577 0.055405
v 0.510450 -0.053082 0.055396
v 0.513102 -0.053791 0.055304
v 0.511675 -0.052295 0.055294
v 0.511063 -0.052689 0.055345
v 0.518390 -0.049041 -0.005001
v 0.519135 -0.050418 -0.005028
v 0.518135 -0.049685 -0.004976
v 0.520389 -0.050506 -0.005105
v 0.521135 -0.051883 -0.005132
v 0.520135 -0.051150 -0.005080
v 0.520626 -0.053171 -0.005080
v 0.519626 -0.052438 -0.005028
v 0.519880 -0.051794 -0.005054
v 0.517770 -0.050254 -0.004949
v 0.517024 -0.048878 -0.004922
v 0.518515 -0.051631 -0.004975
v 0.516293 -0.050015 -0.004868
v 0.517404 -0.050823 -0.004922
v 0.515357 -0.048391 -0.026830
v 0.516326 -0.048331 -0.015299
v 0.502635 -0.084137 0.018601
v 0.501164 -0.082286 0.019022
v 0.505577 -0.087838 0.017760
v 0.504106 -0.085987 0.018181
v 0.515226 -0.065808 0.020953
v 0.513755 -0.063957 0.021373
v 0.508930 -0.074972 0.019777
v 0.506570 -0.072433 0.020389
v 0.500275 -0.081597 0.019213
v 0.512865 -0.063269 0.021564
v 0.511086 -0.061891 0.021947
v 0.511976 -0.062580 0.021755
v 0.513771 -0.053848 0.054885
v 0.512402 -0.054659 0.055013
v 0.517502 -0.048049 -0.005283
v 0.517349 -0.048055 -0.005264
v 0.517387 -0.047968 -0.005375
v 0.517427 -0.048222 -0.005061
v 0.517275 -0.048228 -0.005042
v 0.517312 -0.048142 -0.005153
v 0.517044 -0.048067 -0.005226
v 0.517081 -0.047981 -0.005337
v 0.517197 -0.048061 -0.005245
v 0.514504 -0.048596 -0.032742
v 0.513767 -0.048945 -0.033034
v 0.514294 -0.048520 -0.032842
v 0.514663 -0.048345 -0.032696
v 0.513926 -0.048695 -0.032988
v 0.514243 -0.048194 -0.032895
v 0.514084 -0.048444 -0.032942
v 0.460376 -0.110195 -0.037781
v 0.458505 -0.108881 -0.038300
v 0.473191 -0.134671 -0.049427
v 0.472045 -0.135842 -0.056245
v 0.517531 -0.049841 0.023936
v 0.517687 -0.049834 0.023941
v 0.517577 -0.049763 0.024052
v 0.517751 -0.049984 0.023714
v 0.517908 -0.049977 0.023718
v 0.517798 -0.049906 0.023830
v 0.518000 -0.049820 0.023950
v 0.517890 -0.049748 0.024062
v 0.517844 -0.049827 0.023946
v 0.445999 -0.116132 -0.043959
v 0.444423 -0.116856 -0.049350
v 0.513900 -0.053409 0.055145
v 0.514217 -0.053467 0.055139
v 0.514031 -0.053456 0.055247
v 0.514270 -0.053431 0.054929
v 0.514587 -0.053489 0.054923
v 0.514402 -0.053478 0.055031
v 0.514850 -0.053584 0.055127
v 0.514665 -0.053573 0.055235
v 0.514533 -0.053525 0.055133
v 0.514215 -0.053535 0.055399
v 0.513898 -0.053477 0.055405
v 0.514531 -0.053593 0.055393
v 0.514264 -0.053635 0.055710
v 0.514398 -0.053614 0.055552
v 0.514171 -0.048126 -0.033311
v 0.514537 -0.048221 -0.033336
v 0.514400 -0.048212 -0.033020
v 0.514446 -0.048143 -0.033942
v 0.514675 -0.048229 -0.033652
v 0.515133 -0.048401 -0.033071
v 0.514904 -0.048315 -0.033361
v 0.514610 -0.048288 -0.032921
v 0.515343 -0.048477 -0.032971
v 0.514977 -0.048383 -0.032946
v 0.515030 -0.048440 -0.032721
v 0.514820 -0.048364 -0.032821
v 0.519600 -0.049551 -0.005358
v 0.518502 -0.048782 -0.005335
v 0.521797 -0.051089 -0.005403
v 0.520699 -0.050320 -0.005380
v 0.521525 -0.051189 -0.005239
v 0.520427 -0.050420 -0.005216
v 0.520563 -0.050370 -0.005298
v 0.518465 -0.048868 -0.005223
v 0.519427 -0.049687 -0.005164
v 0.518427 -0.048955 -0.005112
v 0.516899 -0.048065 -0.006372
v 0.517025 -0.048131 -0.007443
v 0.517055 -0.048053 -0.006390
v 0.516840 -0.048222 -0.008479
v 0.516966 -0.048288 -0.009550
v 0.516995 -0.048210 -0.008497
v 0.517277 -0.048264 -0.009585
v 0.517307 -0.048186 -0.008532
v 0.517151 -0.048198 -0.008514
v 0.517207 -0.048047 -0.006408
v 0.517333 -0.048113 -0.007480
v 0.517360 -0.048041 -0.006427
v 0.504608 -0.043605 -0.034126
v 0.503696 -0.043628 -0.033958
v 0.506431 -0.043560 -0.034463
v 0.505519 -0.043583 -0.034294
v 0.507581 -0.044135 -0.033278
v 0.506669 -0.044158 -0.033110
v 0.506094 -0.043870 -0.033702
v 0.504826 -0.044169 -0.033725
v 0.503339 -0.043904 -0.034149
v 0.506312 -0.044434 -0.033301
v 0.505599 -0.044985 -0.033682
v 0.505956 -0.044709 -0.033491
v 0.479784 -0.087437 -0.036717
v 0.486251 -0.076796 -0.036030
v 0.498054 -0.054974 -0.034890
v 0.519698 -0.051238 0.023295
v 0.520548 -0.051946 0.022967
v 0.518849 -0.050529 0.023623
v 0.518757 -0.050686 0.023391
v 0.518803 -0.050607 0.023507
v 0.520415 -0.051969 0.022901
v 0.521310 -0.052599 0.022689
v 0.519519 -0.051339 0.023112
v 0.521044 -0.052644 0.022556
v 0.520282 -0.051991 0.022834
v 0.500785 -0.097278 0.005832
v 0.500788 -0.098135 0.010936
v 0.500778 -0.095564 -0.004377
v 0.500781 -0.096421 0.000728
v 0.500855 -0.095841 -0.004625
v 0.500858 -0.096698 0.000479
v 0.500820 -0.096560 0.000604
v 0.516637 -0.048306 -0.015334
v 0.516793 -0.048294 -0.015351
v 0.516482 -0.048318 -0.015316
v 0.515513 -0.048379 -0.026848
v 0.515997 -0.048349 -0.021082
v 0.516310 -0.048355 -0.021225
v 0.516950 -0.048313 -0.015476
v 0.515670 -0.048397 -0.026973
v 0.515983 -0.048435 -0.027223
v 0.515826 -0.048416 -0.027098
v 0.494481 -0.089987 0.007679
v 0.494376 -0.089238 0.002541
v 0.494690 -0.091485 0.017954
v 0.494585 -0.090736 0.012817
v 0.494331 -0.091556 0.018171
v 0.494227 -0.090807 0.013033
v 0.494406 -0.090772 0.012925
v 0.494185 -0.089262 0.002441
v 0.494260 -0.088478 -0.002805
v 0.494035 -0.090831 0.012934
v 0.494110 -0.090047 0.007688
v 0.493803 -0.089311 0.002242
v 0.493877 -0.088526 -0.003004
v 0.493994 -0.089287 0.002342
v 0.461489 -0.111049 -0.037453
v 0.461441 -0.110987 -0.037447
v 0.461585 -0.111172 -0.037466
v 0.461537 -0.111110 -0.037459
v 0.461748 -0.111319 -0.037304
v 0.461700 -0.111258 -0.037298
v 0.461618 -0.111184 -0.037379
v 0.460505 -0.110330 -0.037706
v 0.460635 -0.110466 -0.037632
v 0.459570 -0.109673 -0.037966
v 0.521543 -0.051733 -0.005378
v 0.520762 -0.053121 -0.005162
v 0.521407 -0.051783 -0.005296
v 0.521016 -0.052477 -0.005188
v 0.521271 -0.051833 -0.005214
v 0.516031 -0.052155 0.042387
v 0.515338 -0.052768 0.048625
v 0.517418 -0.050930 0.029912
v 0.516724 -0.051543 0.036149
v 0.517798 -0.050807 0.029996
v 0.517105 -0.051420 0.036234
v 0.516915 -0.051481 0.036192
v 0.515470 -0.052815 0.048727
v 0.517237 -0.051467 0.036336
v 0.516353 -0.052141 0.042531
v 0.515734 -0.052910 0.048931
v 0.515602 -0.052862 0.048829
v 0.461341 -0.116485 0.057477
v 0.470926 -0.103336 0.056774
v 0.509819 -0.051272 0.055488
v 0.507779 -0.050170 0.055529
v 0.511858 -0.052375 0.055447
v 0.512224 -0.052533 0.055751
v 0.512041 -0.052454 0.055599
v 0.507235 -0.049720 0.055638
v 0.505012 -0.048539 0.055527
v 0.511680 -0.052083 0.055860
v 0.509458 -0.050902 0.055749
v 0.506147 -0.048822 0.055856
v 0.503925 -0.047640 0.055745
v 0.506691 -0.049271 0.055747
v 0.489180 -0.073557 0.055997
v 0.482006 -0.084972 0.056226
v 0.503527 -0.050726 0.055537
v 0.496353 -0.062142 0.055767
v 0.501756 -0.049979 0.055606
v 0.494582 -0.061394 0.055835
v 0.495468 -0.061768 0.055801
v 0.504440 -0.049595 0.055570
v 0.504154 -0.050123 0.055591
v 0.504726 -0.049067 0.055548
v 0.503639 -0.048168 0.055766
v 0.504183 -0.048617 0.055657
v 0.503269 -0.049749 0.055625
v 0.502753 -0.047794 0.055800
v 0.503011 -0.048772 0.055713
v 0.501498 -0.049002 0.055693
v 0.502384 -0.049375 0.055659
v 0.512901 -0.054242 0.055057
v 0.512217 -0.054647 0.055121
v 0.513586 -0.053837 0.054993
v 0.513215 -0.053814 0.055209
v 0.513400 -0.053825 0.055101
v 0.512104 -0.054624 0.055215
v 0.511605 -0.055040 0.055171
v 0.512603 -0.054207 0.055260
v 0.511378 -0.054994 0.055361
v 0.511991 -0.054600 0.055310
v 0.486680 -0.092711 -0.038656
v 0.487349 -0.092112 -0.038727
v 0.463271 -0.118537 0.057080
v 0.481246 -0.103036 0.056737
v 0.475173 -0.108166 0.056913
v 0.463201 -0.118489 0.057203
v 0.475102 -0.108118 0.057037
v 0.469151 -0.113303 0.057120
v 0.463060 -0.118393 0.057450
v 0.463130 -0.118441 0.057327
v 0.504998 -0.069543 -0.003873
v 0.510367 -0.060076 -0.004407
v 0.499629 -0.079010 -0.003339
v 0.499246 -0.079059 -0.003538
v 0.499438 -0.079035 -0.003438
v 0.505786 -0.085207 -0.004655
v 0.520801 -0.053833 0.022754
v 0.521055 -0.053216 0.022721
v 0.520789 -0.053261 0.022589
v 0.520922 -0.053239 0.022655
v 0.520453 -0.054387 0.022702
v 0.520574 -0.053793 0.022604
v 0.520359 -0.054324 0.022618
v 0.517067 -0.050976 0.023569
v 0.516724 -0.051471 0.023497
v 0.517409 -0.050480 0.023641
v 0.517188 -0.050337 0.023864
v 0.517299 -0.050408 0.023753
v 0.459427 -0.115442 0.028391
v 0.458477 -0.114468 0.028358
v 0.457706 -0.120637 0.047562
v 0.456928 -0.116670 0.038102
v 0.456542 -0.119754 0.047703
v 0.455379 -0.118871 0.047845
v 0.520938 -0.052446 -0.027677
v 0.521547 -0.051700 -0.015635
v 0.517467 -0.054355 0.048815
v 0.518334 -0.055078 0.048757
v 0.516600 -0.053632 0.048873
v 0.518103 -0.052190 0.036278
v 0.517352 -0.052911 0.042575
v 0.519058 -0.054192 0.042239
v 0.519174 -0.055636 0.048479
v 0.518943 -0.052748 0.036000
v 0.520623 -0.053863 0.035443
v 0.519783 -0.053305 0.035721
v 0.518371 -0.050284 -0.027376
v 0.517088 -0.049203 -0.027226
v 0.519655 -0.051365 -0.027526
v 0.520263 -0.050619 -0.015485
v 0.519959 -0.050992 -0.021505
v 0.517571 -0.049142 -0.021352
v 0.519159 -0.049850 -0.015482
v 0.518054 -0.049081 -0.015479
v 0.517372 -0.050075 0.025503
v 0.517276 -0.050686 0.028414
v 0.470316 -0.135503 -0.049166
v 0.469743 -0.136088 -0.052575
v 0.509188 -0.045067 -0.033671
v 0.509762 -0.045355 -0.033079
v 0.508613 -0.044780 -0.034263
v 0.512976 -0.047220 -0.033865
v 0.510794 -0.046000 -0.034064
v 0.511232 -0.046279 -0.033156
v 0.512839 -0.047211 -0.033549
v 0.512701 -0.047203 -0.033234
v 0.517719 -0.050007 0.025550
v 0.517562 -0.050014 0.025545
v 0.517876 -0.050000 0.025555
v 0.517846 -0.050502 0.028540
v 0.517861 -0.050251 0.027047
v 0.517514 -0.050319 0.027001
v 0.517656 -0.050563 0.028498
v 0.517466 -0.050624 0.028456
v 0.496038 -0.101688 0.082102
v 0.496385 -0.101567 0.080853
v 0.508579 -0.075127 0.076492
v 0.502655 -0.088287 0.078048
v 0.487814 -0.104231 0.083715
v 0.490596 -0.106366 0.083555
v 0.482249 -0.099963 0.084034
v 0.485031 -0.102097 0.083875
v 0.489470 -0.087025 0.081010
v 0.492253 -0.089159 0.080850
v 0.488642 -0.095628 0.082362
v 0.494560 -0.092145 0.080890
v 0.493732 -0.100748 0.082242
v 0.496216 -0.074939 0.078185
v 0.495388 -0.083542 0.079537
v 0.502487 -0.063705 0.075559
v 0.501659 -0.072308 0.076911
v 0.498523 -0.077925 0.078224
v 0.500002 -0.087468 0.079437
v 0.503965 -0.073248 0.076771
v 0.506272 -0.074187 0.076632
v 0.481787 -0.091752 0.082582
v 0.483749 -0.093311 0.082589
v 0.477863 -0.088635 0.082568
v 0.479825 -0.090193 0.082575
v 0.492009 -0.065510 0.076667
v 0.493971 -0.067069 0.076674
v 0.486898 -0.078631 0.079625
v 0.490495 -0.081225 0.079764
v 0.485384 -0.094346 0.082721
v 0.495606 -0.068104 0.076806
v 0.498876 -0.070173 0.077071
v 0.497241 -0.069139 0.076939
v 0.488995 -0.087877 0.081209
v 0.495741 -0.075791 0.078384
v 0.492606 -0.081408 0.079697
v 0.501376 -0.049018 0.058312
v 0.500748 -0.049622 0.058258
v 0.502631 -0.047811 0.058419
v 0.502003 -0.048415 0.058366
v 0.501130 -0.049052 0.063550
v 0.500503 -0.049656 0.063496
v 0.501253 -0.049035 0.060931
v 0.439545 -0.131426 0.063330
v 0.458352 -0.149333 0.063703
v 0.461502 -0.148248 0.064638
v 0.467802 -0.146079 0.066509
v 0.464652 -0.147164 0.065573
v 0.518988 -0.054602 -0.048413
v 0.519337 -0.054421 -0.047046
v 0.518639 -0.054782 -0.049779
v 0.518114 -0.055791 -0.050568
v 0.518376 -0.055287 -0.050173
v 0.494270 -0.086897 -0.067995
v 0.490833 -0.084925 -0.068040
v 0.497707 -0.088869 -0.067951
v 0.508613 -0.065959 -0.057565
v 0.503160 -0.077414 -0.062758
v 0.497792 -0.073767 -0.062518
v 0.488902 -0.083250 -0.067755
v 0.506681 -0.064284 -0.057281
v 0.502818 -0.060934 -0.056712
v 0.504750 -0.062609 -0.056997
v 0.467877 -0.106724 -0.037654
v 0.467958 -0.106798 -0.037573
v 0.467795 -0.106650 -0.037734
v 0.480216 -0.097607 -0.038272
v 0.474006 -0.102128 -0.038003
v 0.485644 -0.091181 -0.038085
v 0.485309 -0.091481 -0.038050
v 0.483939 -0.090250 -0.037443
v 0.462815 -0.118157 0.057536
v 0.462693 -0.118039 0.057579
v 0.462938 -0.118275 0.057493
v 0.474980 -0.108000 0.057080
v 0.468959 -0.113138 0.057287
v 0.467485 -0.111465 0.057228
v 0.473628 -0.106445 0.056978
v 0.472277 -0.104891 0.056876
v 0.040490 -0.195787 0.044443
v 0.037645 -0.195930 0.044862
v 0.046180 -0.195502 0.043605
v 0.043335 -0.195645 0.044024
v 0.051134 -0.212067 0.051826
v 0.048289 -0.212210 0.052245
v 0.045812 -0.203927 0.048135
v 0.037389 -0.203815 0.051986
v 0.042711 -0.211955 0.055678
v 0.037134 -0.211700 0.059110
v 0.043627 -0.195345 0.035946
v 0.043804 -0.195673 0.038211
v 0.043451 -0.195017 0.033681
v 0.044004 -0.212582 0.035644
v 0.043727 -0.203800 0.034662
v 0.046280 -0.203956 0.042321
v 0.046481 -0.220865 0.039754
v 0.046381 -0.212411 0.041038
v 0.051234 -0.220522 0.050543
v 0.048757 -0.212239 0.046432
v 0.507895 -0.050608 0.058221
v 0.505129 -0.048977 0.058218
v 0.513428 -0.053869 0.058225
v 0.510662 -0.052238 0.058223
v 0.511391 -0.054180 0.062949
v 0.508625 -0.052549 0.062947
v 0.509643 -0.052394 0.060585
v 0.504379 -0.049597 0.060784
v 0.506127 -0.051383 0.063148
v 0.503629 -0.050218 0.063349
v 0.513132 -0.055061 0.062489
v 0.514150 -0.054906 0.060127
v 0.514872 -0.055942 0.062029
v -0.536889 0.797688 0.001037
v -0.532740 0.799990 0.000002
v -0.535867 0.800714 0.000068
v -0.530636 0.796241 0.000906
v -0.526486 0.798543 -0.000129
v -0.529613 0.799266 -0.000064
v -0.524441 0.804594 -0.002067
v -0.527568 0.805318 -0.002002
v -0.528590 0.802292 -0.001033
v -0.534691 0.803686 -0.000952
v -0.538840 0.801385 0.000083
v -0.526392 0.808290 -0.003021
v -0.530541 0.805988 -0.001986
v -0.532339 0.809631 -0.002990
v -0.536489 0.807329 -0.001955
v -0.533515 0.806659 -0.001971
v -0.523291 -0.012103 0.032424
v -0.523827 -0.011754 0.027872
v -0.524304 -0.011487 0.025519
v -0.524721 -0.011303 0.025365
v -0.518520 -0.011238 0.032545
v -0.518449 -0.011424 0.029620
v -0.518550 -0.011205 0.031025
v -0.518586 -0.011112 0.032488
v -0.518478 -0.011391 0.028100
v -0.518514 -0.011298 0.029563
v -0.518610 -0.011140 0.027986
v -0.518646 -0.011047 0.029448
v -0.518580 -0.011173 0.029506
v -0.525006 0.795413 0.010335
v -0.511480 0.849524 0.030793
v -0.511944 0.851405 0.029297
v -0.511303 0.850424 0.029214
v -0.511590 0.853207 0.026139
v -0.550241 0.658901 0.049521
v -0.560659 0.538602 0.057089
v -0.569487 0.478196 0.060879
v -0.576723 0.477684 0.060891
v -0.563230 0.342940 -0.000816
v -0.564888 0.433032 0.005596
v -0.569362 0.477813 0.008811
v -0.576653 0.477283 0.008830
v -0.528487 0.831129 -0.006549
v -0.564475 0.430971 0.061488
v -0.561689 0.336008 0.062719
v -0.525675 0.011602 -0.041021
v -0.523672 0.019195 -0.039584
v -0.527417 0.017837 -0.039579
v -0.518185 0.014319 -0.041030
v -0.516182 0.021912 -0.039593
v -0.519927 0.020553 -0.039588
v -0.519666 0.034380 -0.036709
v -0.523411 0.033022 -0.036705
v -0.521669 0.026788 -0.038147
v -0.529270 0.024485 -0.038155
v -0.531273 0.016893 -0.039592
v -0.525264 0.039671 -0.035281
v -0.527267 0.032078 -0.036718
v -0.532977 0.037783 -0.035307
v -0.534980 0.030190 -0.036744
v -0.531124 0.031134 -0.036731
v -0.517817 -0.016037 0.057248
v -0.517566 -0.016106 0.057511
v -0.517643 -0.016071 0.057161
v -0.517662 -0.016108 0.057947
v -0.517411 -0.016177 0.058210
v -0.517488 -0.016142 0.057860
v -0.517063 -0.016245 0.058036
v -0.517140 -0.016210 0.057686
v -0.517314 -0.016176 0.057773
v -0.517494 -0.016220 0.057284
v -0.517745 -0.016150 0.057021
v -0.516991 -0.016359 0.057809
v -0.517242 -0.016289 0.057547
v -0.517195 -0.016517 0.057530
v -0.517447 -0.016448 0.057267
v -0.517345 -0.016369 0.057407
v -0.523423 -0.007147 -0.046155
v -0.525560 -0.001395 -0.044314
v -0.523561 -0.007192 -0.046027
v -0.527421 0.004447 -0.042729
v -0.529558 0.010199 -0.040887
v -0.527559 0.004402 -0.042600
v -0.529834 0.010108 -0.040630
v -0.527697 0.004356 -0.042472
v -0.523700 -0.007262 -0.045894
v -0.521563 -0.013014 -0.047736
v -0.527974 0.004241 -0.042211
v -0.525837 -0.001511 -0.044053
v -0.521839 -0.013153 -0.047471
v -0.523838 -0.007332 -0.045762
v -0.521481 -0.013539 -0.047932
v -0.521600 -0.013410 -0.047778
v -0.521619 -0.013608 -0.047800
v -0.521443 -0.013142 -0.047890
v -0.521581 -0.013212 -0.047757
v -0.521858 -0.013352 -0.047493
v -0.521720 -0.013282 -0.047625
v -0.521690 -0.013642 -0.047561
v -0.521571 -0.013771 -0.047715
v -0.521929 -0.013385 -0.047254
v -0.521810 -0.013514 -0.047408
v -0.521833 -0.013710 -0.047085
v -0.521714 -0.013838 -0.047238
v -0.521762 -0.013676 -0.047323
v -0.517106 0.031319 0.070831
v -0.518854 0.023720 0.071426
v -0.520780 0.030138 0.070615
v -0.513252 0.018484 0.072453
v -0.515001 0.010886 0.073048
v -0.516927 0.017303 0.072237
v -0.522350 0.008524 0.072615
v -0.524277 0.014941 0.071804
v -0.520602 0.016122 0.072021
v -0.524421 0.029322 0.070570
v -0.522673 0.036920 0.069976
v -0.527917 0.014125 0.071760
v -0.526169 0.021723 0.071165
v -0.531703 0.027689 0.070482
v -0.529955 0.035288 0.069887
v -0.528062 0.028505 0.070526
v -0.513528 0.840728 -0.009378
v -0.514695 0.837866 -0.011182
v -0.478933 -0.058284 0.029068
v -0.482171 -0.059270 0.027390
v -0.488560 -0.061316 0.027103
v -0.504428 -0.036881 -0.033762
v -0.504189 -0.028481 -0.033028
v -0.507414 -0.029377 -0.033191
v -0.497977 -0.035090 -0.033436
v -0.497739 -0.026689 -0.032703
v -0.500964 -0.027585 -0.032865
v -0.503713 -0.011680 -0.031561
v -0.506938 -0.012576 -0.031723
v -0.503951 -0.020081 -0.032294
v -0.510379 -0.023411 -0.033019
v -0.510618 -0.031812 -0.033753
v -0.509903 -0.006611 -0.031551
v -0.510141 -0.015011 -0.032285
v -0.516309 -0.011481 -0.032674
v -0.516547 -0.019881 -0.033408
v -0.513344 -0.017446 -0.032847
v -0.502568 -0.035961 0.027167
v -0.502053 -0.028564 0.027486
v -0.505422 -0.029527 0.027324
v -0.495831 -0.034035 0.027490
v -0.495316 -0.026638 0.027809
v -0.498685 -0.027601 0.027647
v -0.501024 -0.013770 0.028123
v -0.504392 -0.014733 0.027961
v -0.501538 -0.021167 0.027804
v -0.508408 -0.023122 0.027465
v -0.508923 -0.030519 0.027146
v -0.507379 -0.008328 0.028102
v -0.507893 -0.015725 0.027783
v -0.514381 -0.010311 0.027745
v -0.514896 -0.017708 0.027427
v -0.511394 -0.016717 0.027605
v -0.503405 -0.007100 0.030171
v -0.503529 -0.006999 0.031716
v -0.503471 -0.006913 0.030176
v -0.503520 -0.007272 0.033252
v -0.503587 -0.007085 0.033256
v -0.503719 -0.006711 0.033266
v -0.503653 -0.006898 0.033261
v -0.503537 -0.006726 0.030180
v -0.503413 -0.006827 0.028635
v -0.503661 -0.006626 0.031725
v -0.503669 -0.006354 0.030189
v -0.503545 -0.006455 0.028644
v -0.503603 -0.006540 0.030185
v -0.501200 -0.015665 0.058347
v -0.501387 -0.023476 0.058049
v -0.504396 -0.016576 0.058194
v -0.495183 -0.029466 0.058057
v -0.495369 -0.037276 0.057760
v -0.498378 -0.030376 0.057905
v -0.501760 -0.039098 0.057454
v -0.504769 -0.032198 0.057599
v -0.501573 -0.031287 0.057752
v -0.507566 -0.018455 0.058058
v -0.507379 -0.010644 0.058356
v -0.507939 -0.034076 0.057463
v -0.507752 -0.026265 0.057761
v -0.513905 -0.022212 0.057787
v -0.513719 -0.014401 0.058084
v -0.510735 -0.020333 0.057923
v -0.501460 -0.012837 -0.003939
v -0.502117 -0.020283 -0.004123
v -0.504829 -0.013801 -0.004101
v -0.496036 -0.025802 -0.003983
v -0.496693 -0.033248 -0.004167
v -0.499405 -0.026766 -0.004145
v -0.503432 -0.035176 -0.004491
v -0.506144 -0.028693 -0.004469
v -0.502775 -0.027730 -0.004307
v -0.508461 -0.014837 -0.004165
v -0.507803 -0.007391 -0.003981
v -0.509776 -0.029729 -0.004534
v -0.509118 -0.022283 -0.004350
v -0.515723 -0.016909 -0.004294
v -0.515066 -0.009463 -0.004110
v -0.512092 -0.015873 -0.004230
v -0.521457 0.050057 0.015307
v -0.521487 0.049726 0.015258
v -0.520631 0.046757 0.017876
v -0.518887 0.041150 0.023163
v -0.516777 -0.011082 -0.032945
v -0.513454 -0.009253 -0.036332
v -0.516731 -0.011774 -0.036812
v -0.510223 -0.006040 -0.031985
v -0.506900 -0.004210 -0.035372
v -0.510177 -0.006732 -0.035852
v -0.506809 -0.005594 -0.043107
v -0.510086 -0.008115 -0.043587
v -0.510132 -0.007423 -0.039720
v -0.517093 -0.011807 -0.040444
v -0.520415 -0.013637 -0.037057
v -0.510447 -0.008149 -0.047219
v -0.513770 -0.009978 -0.043832
v -0.517815 -0.011874 -0.047708
v -0.521138 -0.013704 -0.044321
v -0.517454 -0.011841 -0.044076
v -0.508433 0.009827 0.028086
v -0.506884 0.004377 0.029814
v -0.505218 -0.000903 0.028461
v -0.505277 -0.000989 0.030002
v -0.518780 -0.009946 -0.002126
v -0.513926 -0.008517 -0.002344
v -0.518857 -0.010000 -0.002678
v -0.508919 -0.006980 -0.001457
v -0.504066 -0.005551 -0.001675
v -0.508996 -0.007034 -0.002010
v -0.504220 -0.005659 -0.002781
v -0.509150 -0.007142 -0.003115
v -0.509073 -0.007088 -0.002562
v -0.517558 -0.009648 -0.003067
v -0.522411 -0.011077 -0.002849
v -0.507851 -0.006790 -0.003504
v -0.512705 -0.008219 -0.003286
v -0.514960 -0.008943 -0.003845
v -0.519814 -0.010372 -0.003627
v -0.516259 -0.009295 -0.003456
v -0.518453 0.032461 0.019976
v -0.522135 0.032992 0.017790
v -0.521587 0.031771 0.019727
v -0.519549 0.034903 0.016102
v -0.523231 0.035434 0.013917
v -0.522683 0.034213 0.015853
v -0.529499 0.034053 0.013418
v -0.528951 0.032833 0.015355
v -0.525817 0.033523 0.015604
v -0.525212 0.031232 0.019621
v -0.521530 0.030701 0.021806
v -0.532576 0.032293 0.015249
v -0.528894 0.031763 0.017435
v -0.532462 0.030153 0.019408
v -0.528780 0.029622 0.021594
v -0.528837 0.030692 0.019514
v -0.522442 -0.011645 0.029975
v -0.522710 -0.011471 0.027699
v -0.521906 -0.011994 0.034527
v -0.522174 -0.011820 0.032251
v -0.519673 -0.011428 0.034181
v -0.519941 -0.011253 0.031905
v -0.521057 -0.011536 0.032078
v -0.521355 -0.011330 0.028282
v -0.522740 -0.011438 0.026179
v -0.519971 -0.011221 0.030385
v -0.520030 -0.011156 0.027345
v -0.520001 -0.011188 0.028865
v -0.531560 0.023822 0.022142
v -0.526045 0.020003 0.023152
v -0.526890 0.025263 0.022498
v -0.529870 0.013302 0.023451
v -0.524355 0.009482 0.024461
v -0.525200 0.014743 0.023806
v -0.515016 0.012364 0.025171
v -0.515861 0.017625 0.024517
v -0.520531 0.016184 0.024162
v -0.523265 0.025803 0.022604
v -0.512236 0.018164 0.024623
v -0.517751 0.021983 0.023613
v -0.516015 0.026882 0.022816
v -0.519640 0.026342 0.022710
v -0.521330 -0.010787 -0.003343
v -0.522628 -0.011139 -0.002954
v -0.518732 -0.010082 -0.004120
v -0.520031 -0.010434 -0.003731
v -0.519166 -0.010207 -0.004330
v -0.520465 -0.010559 -0.003941
v -0.520248 -0.010497 -0.003836
v -0.522717 -0.011161 -0.003063
v -0.523799 -0.011451 -0.002569
v -0.520554 -0.010580 -0.004050
v -0.521635 -0.010870 -0.003556
v -0.522894 -0.011203 -0.003281
v -0.523976 -0.011493 -0.002787
v -0.522805 -0.011182 -0.003172
v -0.522603 -0.013234 -0.038174
v -0.522077 -0.012296 -0.028925
v -0.521259 -0.012934 -0.037750
v -0.524239 -0.011958 -0.020523
v -0.523713 -0.011020 -0.011273
v -0.522895 -0.011658 -0.020099
v -0.521025 -0.010420 -0.010426
v -0.520207 -0.011058 -0.019252
v -0.521551 -0.011358 -0.019675
v -0.520896 -0.012878 -0.034027
v -0.521422 -0.013816 -0.043276
v -0.519843 -0.011002 -0.015528
v -0.520370 -0.011940 -0.024777
v -0.520169 -0.012765 -0.026580
v -0.520695 -0.013703 -0.035829
v -0.520532 -0.012821 -0.030303
v -0.506884 -0.003683 -0.031376
v -0.506761 -0.004011 -0.031118
v -0.517982 -0.011201 0.027588
v -0.518180 -0.011129 0.027678
v -0.518080 -0.011231 0.027657
v -0.518182 -0.010998 0.027629
v -0.518380 -0.010926 0.027720
v -0.518280 -0.011028 0.027699
v -0.518577 -0.010985 0.027859
v -0.518477 -0.011087 0.027838
v -0.518379 -0.011057 0.027769
v -0.518213 -0.011284 0.027805
v -0.518015 -0.011356 0.027714
v -0.518411 -0.011212 0.027895
v -0.518280 -0.011463 0.028009
v -0.518346 -0.011338 0.027952
v -0.505184 -0.000975 0.025875
v -0.506873 0.003968 0.025789
v -0.505280 -0.001025 0.025785
v -0.508371 0.009011 0.025884
v -0.510060 0.013955 0.025797
v -0.508467 0.008962 0.025793
v -0.510251 0.013855 0.025617
v -0.508658 0.008862 0.025613
v -0.508562 0.008912 0.025703
v -0.505379 -0.001040 0.025666
v -0.503690 -0.005983 0.025752
v -0.508757 0.008847 0.025494
v -0.507068 0.003904 0.025580
v -0.505578 -0.001069 0.025429
v -0.503889 -0.006013 0.025515
v -0.505478 -0.001055 0.025547
v -0.503758 -0.006153 -0.004112
v -0.503927 -0.006060 -0.003901
v -0.503789 -0.005992 -0.003966
v -0.504034 -0.006288 -0.003982
v -0.504203 -0.006194 -0.003771
v -0.504065 -0.006127 -0.003836
v -0.504266 -0.005873 -0.003479
v -0.504128 -0.005806 -0.003544
v -0.504096 -0.005967 -0.003690
v -0.503868 -0.005791 -0.003961
v -0.503699 -0.005884 -0.004172
v -0.504207 -0.005604 -0.003539
v -0.504037 -0.005697 -0.003750
v -0.504026 -0.005387 -0.003951
v -0.503857 -0.005480 -0.004162
v -0.503947 -0.005589 -0.003956
v -0.503713 -0.006367 0.028407
v -0.503780 -0.006634 0.028315
v -0.503678 -0.006535 0.028557
v -0.503917 -0.006563 0.027924
v -0.503984 -0.006830 0.027832
v -0.503882 -0.006732 0.028074
v -0.503913 -0.007168 0.028131
v -0.503811 -0.007069 0.028372
v -0.503846 -0.006901 0.028223
v -0.503612 -0.006721 0.028552
v -0.503745 -0.007255 0.028368
v -0.503678 -0.006988 0.028460
v -0.503479 -0.007094 0.028543
v -0.503545 -0.006908 0.028548
v -0.504149 -0.005093 -0.001107
v -0.509026 -0.006710 -0.001446
v -0.509079 -0.006576 -0.001441
v -0.504042 -0.005362 -0.001117
v -0.508972 -0.006845 -0.001452
v -0.518833 -0.009812 -0.002120
v -0.513903 -0.008328 -0.001786
v -0.514036 -0.008024 -0.001774
v -0.509160 -0.006406 -0.001434
v -0.523790 -0.011260 -0.002453
v -0.518913 -0.009642 -0.002114
v -0.523951 -0.010921 -0.002440
v -0.519074 -0.009303 -0.002100
v -0.518994 -0.009472 -0.002107
v -0.506942 -0.006018 -0.046947
v -0.510607 -0.007683 -0.047171
v -0.510428 -0.007950 -0.047198
v -0.507299 -0.005483 -0.046893
v -0.510964 -0.007148 -0.047117
v -0.510785 -0.007415 -0.047144
v -0.517938 -0.011012 -0.047618
v -0.517759 -0.011279 -0.047645
v -0.514272 -0.009347 -0.047394
v -0.514112 -0.009813 -0.047443
v -0.517778 -0.011478 -0.047666
v -0.517796 -0.011676 -0.047687
v -0.504113 -0.009924 0.063375
v -0.502899 -0.012741 0.071781
v -0.513365 -0.008639 -0.032417
v -0.510088 -0.006118 -0.031937
v -0.519919 -0.013682 -0.033378
v -0.516642 -0.011160 -0.032897
v -0.519648 -0.013838 -0.033283
v -0.516371 -0.011316 -0.032803
v -0.516506 -0.011238 -0.032850
v -0.510026 -0.006282 -0.031809
v -0.513168 -0.008881 -0.032242
v -0.509964 -0.006446 -0.031680
v -0.511375 -0.008027 -0.003820
v -0.514929 -0.009104 -0.003991
v -0.507820 -0.006950 -0.003650
v -0.507757 -0.007271 -0.003942
v -0.507789 -0.007111 -0.003796
v -0.514975 -0.009223 -0.004031
v -0.518561 -0.010139 -0.004055
v -0.511389 -0.008307 -0.004006
v -0.518652 -0.010379 -0.004135
v -0.515020 -0.009343 -0.004070
v -0.507585 -0.007721 0.027675
v -0.511051 -0.008881 0.027646
v -0.507485 -0.007822 0.027654
v -0.514716 -0.009838 0.027658
v -0.514616 -0.009939 0.027638
v -0.514416 -0.010143 0.027596
v -0.514516 -0.010041 0.027617
v -0.507449 -0.007991 0.027803
v -0.510915 -0.009151 0.027774
v -0.507414 -0.008159 0.027952
v -0.487664 -0.061309 0.056930
v -0.484531 -0.060507 0.056939
v -0.487543 -0.061369 0.056795
v -0.481640 -0.059585 0.057220
v -0.478506 -0.058783 0.057229
v -0.481519 -0.059645 0.057084
v -0.478265 -0.058903 0.056957
v -0.481277 -0.059765 0.056812
v -0.481398 -0.059705 0.056948
v -0.487609 -0.061590 0.056628
v -0.490742 -0.062392 0.056619
v -0.481342 -0.059987 0.056646
v -0.484475 -0.060788 0.056637
v -0.487739 -0.062033 0.056295
v -0.490872 -0.062835 0.056286
v -0.487674 -0.061812 0.056462
v -0.484226 -0.057357 -0.033967
v -0.490250 -0.059081 -0.034256
v -0.491368 -0.039769 -0.033411
v -0.484599 -0.050920 -0.033685
v -0.493196 -0.032282 -0.004111
v -0.489834 -0.038569 -0.004420
v -0.489961 -0.038572 -0.004315
v -0.492942 -0.032276 -0.004321
v -0.489580 -0.038563 -0.004630
v -0.489707 -0.038566 -0.004525
v -0.483108 -0.051144 -0.005040
v -0.483235 -0.051147 -0.004935
v -0.486471 -0.044856 -0.004730
v -0.486708 -0.044796 -0.004486
v -0.490071 -0.038508 -0.004177
v -0.479983 -0.057370 -0.005106
v -0.483345 -0.051083 -0.004796
v -0.480203 -0.057243 -0.004829
v -0.483566 -0.050956 -0.004519
v -0.483456 -0.051019 -0.004658
v -0.488666 -0.042015 0.057640
v -0.481651 -0.053314 0.057094
v -0.485280 -0.047605 0.057503
v -0.488787 -0.041955 0.057776
v -0.481772 -0.053254 0.057230
v -0.482014 -0.053134 0.057501
v -0.481893 -0.053194 0.057366
v -0.503748 -0.008652 0.057913
v -0.504056 -0.008727 0.058298
v -0.504337 -0.008703 0.058661
v -0.504592 -0.008579 0.059001
v -0.515294 -0.017869 0.027869
v -0.509055 -0.030573 0.027293
v -0.515161 -0.017815 0.027722
v -0.512042 -0.024167 0.027434
v -0.515028 -0.017762 0.027574
v -0.518840 -0.010545 -0.004332
v -0.519124 -0.010638 -0.004647
v -0.533273 0.030205 0.006376
v -0.533103 0.031283 0.008639
v -0.533143 0.030131 0.006382
v -0.533194 0.032509 0.010889
v -0.533024 0.033586 0.013152
v -0.533063 0.032434 0.010895
v -0.532763 0.033438 0.013163
v -0.532803 0.032286 0.010907
v -0.532933 0.032360 0.010901
v -0.533038 0.030038 0.006440
v -0.533207 0.028960 0.004178
v -0.532698 0.032193 0.010965
v -0.532868 0.031115 0.008702
v -0.532827 0.029851 0.006556
v -0.532997 0.028774 0.004293
v -0.532932 0.029945 0.006498
v -0.506626 -0.005508 -0.046960
v -0.506717 -0.006026 -0.046970
v -0.492073 -0.033052 0.027994
v -0.488949 -0.039282 0.027709
v -0.488819 -0.039275 0.027824
v -0.492333 -0.033065 0.027766
v -0.489209 -0.039296 0.027481
v -0.489079 -0.039289 0.027595
v -0.482703 -0.051743 0.027139
v -0.482573 -0.051736 0.027254
v -0.485826 -0.045512 0.027424
v -0.485578 -0.045576 0.027680
v -0.488701 -0.039346 0.027965
v -0.479332 -0.058036 0.027110
v -0.482455 -0.051806 0.027395
v -0.479095 -0.058177 0.027392
v -0.482218 -0.051946 0.027677
v -0.482337 -0.051876 0.027536
v -0.514369 -0.014237 0.058516
v -0.511025 -0.012392 0.058564
v -0.514241 -0.014299 0.058345
v -0.507936 -0.010423 0.058953
v -0.507808 -0.010485 0.058783
v -0.507553 -0.010610 0.058443
v -0.507681 -0.010548 0.058613
v -0.514067 -0.014333 0.058258
v -0.510723 -0.012488 0.058307
v -0.513893 -0.014367 0.058171
v -0.517786 -0.016907 0.062509
v -0.513963 -0.016409 0.066931
v -0.513762 -0.015645 0.062719
v -0.518188 -0.018435 0.070934
v -0.514365 -0.017937 0.075356
v -0.514164 -0.017173 0.071144
v -0.506317 -0.015411 0.075775
v -0.506116 -0.014647 0.071563
v -0.510140 -0.015910 0.071353
v -0.510546 -0.013738 0.062937
v -0.506722 -0.013239 0.067359
v -0.507329 -0.011831 0.063156
v -0.511098 -0.008728 0.027199
v -0.514663 -0.009787 0.027190
v -0.503966 -0.006611 0.027215
v -0.507532 -0.007670 0.027207
v -0.503861 -0.006509 0.026279
v -0.507426 -0.007568 0.026271
v -0.507479 -0.007619 0.026739
v -0.515985 -0.009914 0.026612
v -0.519603 -0.011023 0.027071
v -0.508748 -0.007695 0.025692
v -0.512367 -0.008805 0.026152
v -0.518629 -0.010168 0.025454
v -0.522247 -0.011277 0.025914
v -0.517307 -0.010041 0.026033
v -0.516100 0.013310 -0.000114
v -0.521463 0.016791 0.000879
v -0.516801 0.018238 0.001373
v -0.525424 0.010415 -0.001102
v -0.530787 0.013896 -0.000110
v -0.526125 0.015343 0.000384
v -0.532191 0.023752 0.002864
v -0.527529 0.025200 0.003358
v -0.526827 0.020271 0.001871
v -0.518724 0.022408 0.002736
v -0.513360 0.018927 0.001743
v -0.529451 0.029370 0.004722
v -0.524087 0.025889 0.003729
v -0.522569 0.030748 0.005463
v -0.517205 0.027267 0.004470
v -0.520646 0.026578 0.004099
v -0.517097 0.027525 0.004325
v -0.515183 0.023285 0.002985
v -0.517180 0.027476 0.004402
v -0.513103 0.019142 0.001492
v -0.511189 0.014902 0.000151
v -0.513186 0.019094 0.001568
v -0.511355 0.014806 0.000304
v -0.513352 0.018997 0.001721
v -0.513269 0.019045 0.001644
v -0.517188 0.027407 0.004424
v -0.519102 0.031646 0.005765
v -0.515274 0.023167 0.003084
v -0.519119 0.031507 0.005810
v -0.517196 0.027337 0.004447
v -0.514275 -0.017163 0.076023
v -0.510310 -0.016125 0.076058
v -0.514187 -0.017261 0.075880
v -0.506521 -0.014892 0.076378
v -0.502556 -0.013855 0.076414
v -0.506433 -0.014990 0.076236
v -0.502380 -0.014051 0.076128
v -0.506257 -0.015186 0.075950
v -0.506345 -0.015088 0.076093
v -0.514246 -0.017486 0.075705
v -0.518211 -0.018523 0.075670
v -0.510281 -0.016449 0.075740
v -0.518329 -0.018974 0.075321
v -0.514305 -0.017711 0.075531
v -0.506805 -0.005240 -0.046933
v -0.506850 -0.005500 -0.046938
v -0.507253 -0.005224 -0.046888
v -0.507074 -0.005491 -0.046915
v -0.506896 -0.005759 -0.046943
v -0.518300 0.032896 0.020155
v -0.518894 0.034001 0.018164
v -0.518315 0.032807 0.020141
v -0.519458 0.035285 0.016200
v -0.520052 0.036391 0.014209
v -0.519473 0.035196 0.016186
v -0.520082 0.036213 0.014180
v -0.519503 0.035018 0.016158
v -0.519488 0.035107 0.016172
v -0.518361 0.032692 0.020086
v -0.517766 0.031586 0.022078
v -0.518955 0.033797 0.018094
v -0.517859 0.031356 0.021968
v -0.518407 0.032576 0.020031
v -0.525840 -0.005892 -0.002604
v -0.528670 0.004014 -0.001932
v -0.525741 -0.005868 -0.002477
v -0.524326 -0.010821 -0.002813
v -0.528572 0.004038 -0.001806
v -0.527157 -0.000915 -0.002141
v -0.525545 -0.005822 -0.002224
v -0.524129 -0.010775 -0.002560
v -0.525643 -0.005845 -0.002351
v -0.525653 -0.006285 0.024661
v -0.527901 0.003266 0.024290
v -0.524630 -0.011098 0.024956
v -0.524830 -0.011173 0.025177
v -0.524289 -0.011147 0.024968
v -0.519109 -0.009996 0.025209
v -0.519349 -0.009910 0.025087
v -0.523809 -0.011319 0.025213
v -0.518869 -0.010082 0.025332
v -0.508988 -0.007609 0.025570
v -0.513929 -0.008846 0.025451
v -0.514214 -0.008652 0.025225
v -0.519394 -0.009803 0.024983
v -0.503853 -0.006351 0.025707
v -0.509033 -0.007501 0.025466
v -0.503943 -0.006135 0.025500
v -0.509124 -0.007286 0.025259
v -0.509079 -0.007394 0.025362
v -0.510684 0.012259 0.072635
v -0.511112 0.012131 0.073054
v -0.510022 0.014896 0.027396
v -0.508409 0.009605 0.026889
v -0.508428 0.009902 0.027392
v -0.509984 0.014302 0.026391
v -0.508390 0.009308 0.026386
v -0.505203 -0.000679 0.026378
v -0.506797 0.004315 0.026382
v -0.506821 0.004537 0.027579
v -0.503596 -0.006044 0.026566
v -0.505208 -0.000753 0.027073
v -0.503606 -0.006193 0.027954
v -0.505213 -0.000828 0.027767
v -0.519002 0.042495 0.005825
v -0.520628 0.047647 0.012163
v -0.525491 0.831035 -0.011500
v -0.528359 0.826640 -0.008936
v -0.528183 0.824788 -0.009190
v -0.525842 0.834739 -0.010993
v -0.528534 0.828491 -0.008683
v -0.530683 0.820067 -0.006995
v -0.527815 0.824463 -0.009559
v -0.533550 0.815671 -0.004431
v -0.535681 0.810626 -0.002605
v -0.532814 0.815022 -0.005169
v -0.533182 0.815347 -0.004800
v -0.512897 0.020969 0.000926
v -0.516479 0.033005 0.002629
v -0.518250 0.039247 0.003274
v -0.518209 0.039695 0.002862
v -0.560014 0.288576 0.063163
v -0.518391 -0.012359 0.039731
v -0.518060 -0.014787 0.051176
v -0.523352 0.804927 0.037044
v -0.524897 0.801198 0.037706
v -0.524117 0.805005 0.037469
v -0.523734 0.804966 0.037257
v -0.521793 0.812540 0.036570
v -0.521410 0.812501 0.036357
v -0.522572 0.808734 0.036807
v -0.520848 -0.013704 -0.040451
v -0.520487 -0.013671 -0.036818
v -0.521209 -0.013737 -0.044083
v -0.521353 -0.013805 -0.043606
v -0.521281 -0.013771 -0.043844
v -0.520556 -0.013681 -0.036489
v -0.520123 -0.013614 -0.033095
v -0.520989 -0.013749 -0.039882
v -0.520262 -0.013636 -0.032435
v -0.520626 -0.013692 -0.036159
v -0.526698 0.007155 0.071699
v -0.526249 0.007280 0.072166
v -0.524057 0.000932 0.073261
v -0.520120 -0.011888 0.074983
v -0.485484 -0.060222 0.027106
v -0.488678 -0.061245 0.026962
v -0.482290 -0.059200 0.027249
v -0.482526 -0.059059 0.026967
v -0.482408 -0.059129 0.027108
v -0.488619 -0.061015 0.026820
v -0.491695 -0.062109 0.026817
v -0.482467 -0.058829 0.026824
v -0.485543 -0.059922 0.026822
v -0.488501 -0.060556 0.026535
v -0.491577 -0.061649 0.026532
v -0.488560 -0.060785 0.026677
v -0.503655 -0.006241 0.027245
v -0.503660 -0.006316 0.027939
v -0.503645 -0.006091 0.025856
v -0.503650 -0.006166 0.026551
v -0.503754 -0.006336 0.025826
v -0.503759 -0.006411 0.026520
v -0.503705 -0.006289 0.026535
v -0.503762 -0.006414 0.027698
v -0.503812 -0.006462 0.026988
v -0.503864 -0.006513 0.027456
v -0.519151 -0.010531 -0.004466
v -0.519142 -0.010567 -0.004527
v -0.519293 -0.010578 -0.004624
v -0.518848 -0.010510 -0.004272
v -0.518991 -0.010556 -0.004429
v -0.519276 -0.010649 -0.004744
v -0.519133 -0.010602 -0.004587
v -0.489364 -0.059769 -0.005124
v -0.486237 -0.058970 -0.005118
v -0.489253 -0.059833 -0.005263
v -0.483330 -0.058043 -0.004835
v -0.483220 -0.058106 -0.004973
v -0.482999 -0.058234 -0.005250
v -0.483110 -0.058170 -0.005112
v -0.489321 -0.060055 -0.005429
v -0.492449 -0.060855 -0.005435
v -0.483067 -0.058456 -0.005417
v -0.486194 -0.059256 -0.005423
v -0.489457 -0.060500 -0.005762
v -0.492584 -0.061300 -0.005768
v -0.489389 -0.060278 -0.005596
v -0.503939 -0.005346 -0.001224
v -0.503926 -0.005292 -0.001983
v -0.503975 -0.005442 -0.001881
v -0.503840 -0.005046 -0.001427
v -0.503827 -0.004992 -0.002186
v -0.503876 -0.005142 -0.002084
v -0.503899 -0.005183 -0.003500
v -0.503949 -0.005333 -0.003398
v -0.503913 -0.005237 -0.002741
v -0.504053 -0.005496 -0.002434
v -0.504039 -0.005441 -0.003192
v -0.504130 -0.005550 -0.002986
v -0.518091 -0.016826 0.061198
v -0.518214 -0.017625 0.065760
v -0.518018 -0.016801 0.061460
v -0.518483 -0.018475 0.069797
v -0.518607 -0.019274 0.074359
v -0.518411 -0.018450 0.070060
v -0.518461 -0.019224 0.074884
v -0.518265 -0.018400 0.070584
v -0.518338 -0.018425 0.070322
v -0.517941 -0.016836 0.061810
v -0.518064 -0.017636 0.066372
v -0.517863 -0.016872 0.062160
v -0.518757 -0.010270 -0.004192
v -0.518712 -0.010150 -0.004153
v -0.518803 -0.010390 -0.004232
v -0.519105 -0.010412 -0.004427
v -0.518954 -0.010401 -0.004329
v -0.518929 -0.010213 -0.004257
v -0.519322 -0.010474 -0.004531
v -0.519125 -0.010343 -0.004394
v -0.519363 -0.010337 -0.004467
v -0.519146 -0.010275 -0.004362
v -0.503844 -0.006121 0.025619
v -0.503799 -0.006228 0.025722
v -0.503745 -0.006106 0.025737
v -0.522121 -0.010769 -0.008649
v -0.520777 -0.010468 -0.008226
v -0.524808 -0.011369 -0.009497
v -0.523464 -0.011069 -0.009073
v -0.524312 -0.011466 -0.005096
v -0.522968 -0.011165 -0.004673
v -0.523216 -0.011117 -0.006873
v -0.520702 -0.010506 -0.006834
v -0.519606 -0.010157 -0.008610
v -0.521798 -0.010854 -0.005057
v -0.519458 -0.010232 -0.005827
v -0.520628 -0.010543 -0.005442
v -0.521287 -0.011268 0.026693
v -0.522642 -0.011409 0.026109
v -0.519932 -0.011126 0.027276
v -0.519735 -0.011067 0.027137
v -0.519833 -0.011097 0.027206
v -0.522510 -0.011365 0.026044
v -0.523964 -0.011536 0.025530
v -0.521057 -0.011194 0.026558
v -0.523701 -0.011448 0.025400
v -0.522379 -0.011321 0.025979
v -0.524150 -0.011270 0.025201
v -0.523909 -0.011356 0.025323
v -0.524390 -0.011184 0.025079
v -0.524590 -0.011259 0.025300
v -0.524490 -0.011222 0.025189
v -0.524041 -0.011400 0.025388
v -0.524381 -0.011351 0.025377
v -0.524172 -0.011444 0.025454
v -0.518548 -0.019049 0.074534
v -0.518284 -0.018548 0.075408
v -0.518475 -0.019024 0.074796
v -0.518343 -0.018774 0.075233
v -0.518402 -0.018999 0.075059
v -0.503943 -0.005062 -0.001321
v -0.503893 -0.004912 -0.001422
v -0.503993 -0.005212 -0.001219
v -0.504100 -0.004943 -0.001208
v -0.504046 -0.005077 -0.001214
v -0.524154 -0.011347 -0.002907
v -0.524146 -0.011156 -0.002791
v -0.524056 -0.011323 -0.002780
v -0.524334 -0.011012 -0.002929
v -0.524236 -0.010989 -0.002802
v -0.524039 -0.010942 -0.002549
v -0.524138 -0.010965 -0.002675
v -0.523967 -0.011302 -0.002671
v -0.523959 -0.011112 -0.002556
v -0.523879 -0.011281 -0.002562
v -0.520127 -0.013714 -0.032388
v -0.519717 -0.013849 -0.032953
v -0.520057 -0.013703 -0.032718
v -0.519853 -0.013771 -0.033001
v -0.519988 -0.013692 -0.033048
v -0.525129 -0.011153 -0.011722
v -0.524971 -0.011034 -0.009532
v -0.524898 -0.011202 -0.009508
v -0.525044 -0.010865 -0.009557
v -0.524583 -0.010964 -0.005129
v -0.524813 -0.010914 -0.007343
v -0.524650 -0.011250 -0.007307
v -0.524492 -0.011131 -0.005118
v -0.524402 -0.011298 -0.005107
v -0.521850 0.850960 0.030509
v -0.520986 0.850522 0.031026
v -0.522170 0.850180 0.030922
v -0.519482 0.851644 0.030716
v -0.518618 0.851206 0.031234
v -0.519802 0.850864 0.031130
v -0.519257 0.849646 0.032060
v -0.520441 0.849304 0.031956
v -0.520121 0.850084 0.031543
v -0.575646 0.537733 0.009635
v -0.566344 0.659165 0.011228
v -0.516171 0.834196 -0.012036
v -0.517957 0.829718 -0.011940
v -0.525077 0.801517 -0.000882
v -0.524054 0.804542 -0.001852
v -0.527122 0.795465 0.001056
v -0.526100 0.798491 0.000087
v -0.526349 0.795362 0.001487
v -0.525326 0.798388 0.000518
v -0.525713 0.798439 0.000302
v -0.563935 0.388012 0.002456
v -0.564764 0.433059 0.005662
v -0.562277 0.297920 -0.003956
v -0.563106 0.342966 -0.000750
v -0.562858 0.343019 -0.000617
v -0.562982 0.342993 -0.000683
v -0.565581 0.478094 0.008845
v -0.565307 0.478126 0.008930
v -0.521937 -0.014033 0.044549
v -0.519765 -0.017544 0.064248
v -0.519704 -0.013466 0.044203
v -0.518587 -0.013183 0.044030
v -0.520820 -0.013750 0.044376
v -0.518649 -0.017261 0.064075
v -0.519734 -0.015505 0.054225
v -0.518422 -0.014397 0.049753
v -0.518452 -0.016436 0.059775
v -0.518256 -0.015612 0.055475
v -0.540513 0.044392 0.010761
v -0.539366 0.038504 0.004516
v -0.524311 -0.011790 -0.020547
v -0.522676 -0.013066 -0.038199
v -0.522724 -0.012904 -0.038283
v -0.522820 -0.012579 -0.038453
v -0.522772 -0.012742 -0.038368
v -0.503715 -0.007298 0.040534
v -0.503652 -0.007799 0.046261
v -0.485449 -0.045700 0.029358
v -0.530593 0.082187 -0.026683
v -0.530657 0.082150 -0.026818
v -0.524491 0.054460 -0.032451
v -0.539940 0.050561 -0.032674
v -0.546153 0.078003 -0.027382
v -0.522273 0.050442 0.069107
v -0.528755 0.075855 0.067281
v -0.547042 0.084607 0.066061
v -0.546597 0.084717 0.066451
v -0.543179 0.072197 0.067445
v -0.536790 0.047047 0.069044
v -0.542779 0.085719 0.066576
v -0.535944 0.073960 0.067420
v -0.539538 0.073013 0.067489
v -0.535590 0.087614 0.066437
v -0.532349 0.074907 0.067350
v -0.525868 0.049495 0.069176
v -0.529109 0.062201 0.068263
v -0.536344 0.060438 0.068289
v -0.529509 0.048679 0.069132
v -0.533149 0.047863 0.069088
v -0.519931 0.007164 -0.042739
v -0.516186 0.008522 -0.042744
v -0.523676 0.005805 -0.042734
v -0.519678 -0.005789 -0.046160
v -0.521677 0.000008 -0.044447
v -0.514446 0.003299 -0.044201
v -0.512700 0.010454 -0.042493
v -0.516192 -0.003857 -0.045910
v -0.509218 0.000008 -0.045408
v -0.512705 -0.001924 -0.045659
v -0.531550 0.016802 -0.039335
v -0.531688 0.016757 -0.039206
v -0.531411 0.016847 -0.039463
v -0.535118 0.030145 -0.036616
v -0.533265 0.023496 -0.038040
v -0.516505 0.003249 0.073655
v -0.520179 0.002068 0.073438
v -0.509155 0.005611 0.074087
v -0.512830 0.004430 0.073871
v -0.504814 -0.007301 0.075733
v -0.508489 -0.008482 0.075517
v -0.510660 -0.002026 0.074694
v -0.518211 -0.004342 0.074300
v -0.512366 -0.009617 0.075339
v -0.516243 -0.010753 0.075161
v -0.518562 0.006148 0.025001
v -0.513892 0.007589 0.025356
v -0.523232 0.004707 0.024646
v -0.520984 -0.004844 0.025016
v -0.522108 -0.000069 0.024831
v -0.512303 0.002631 0.025324
v -0.515848 -0.003586 0.025154
v -0.510713 -0.002328 0.025291
v -0.512095 0.018329 0.024768
v -0.512190 0.018279 0.024678
v -0.511904 0.018429 0.024949
v -0.511999 0.018379 0.024859
v -0.515782 0.027277 0.023072
v -0.515877 0.027227 0.022981
v -0.513938 0.022803 0.023920
v -0.514079 0.022638 0.023775
v -0.515923 0.027112 0.022926
v -0.515969 0.026997 0.022871
v -0.518953 0.006933 -0.000979
v -0.523615 0.005486 -0.001473
v -0.509629 0.009828 0.000010
v -0.514291 0.008381 -0.000485
v -0.506011 -0.000029 -0.000731
v -0.510673 -0.001477 -0.001225
v -0.512482 0.003452 -0.000855
v -0.522101 0.000556 -0.001682
v -0.515630 -0.002925 -0.001558
v -0.520587 -0.004373 -0.001891
v -0.509443 0.009892 -0.000174
v -0.509526 0.009844 -0.000097
v -0.509277 0.009989 -0.000326
v -0.509360 0.009940 -0.000250
v -0.505619 0.000065 -0.001128
v -0.505702 0.000017 -0.001052
v -0.507531 0.004979 -0.000651
v -0.507717 0.004915 -0.000468
v -0.505805 0.000002 -0.000945
v -0.505908 -0.000014 -0.000838
v -0.530892 0.013989 -0.000168
v -0.531594 0.018917 0.001319
v -0.532506 0.024032 0.002691
v -0.532401 0.023939 0.002749
v -0.532296 0.023845 0.002806
v -0.511977 0.020090 0.025867
v -0.516002 0.032261 0.025827
v -0.509313 0.009893 -0.000983
v -0.505728 -0.000221 -0.003099
v -0.507485 0.004932 -0.001384
v -0.505692 -0.000126 -0.002442
v -0.505656 -0.000030 -0.001785
v -0.515855 0.028938 0.023990
v -0.517794 0.033362 0.023051
v -0.513916 0.024514 0.024929
v -0.517941 0.036685 0.024888
v -0.515929 0.030600 0.024908
v -0.519329 0.032907 0.007862
v -0.519932 0.037368 0.010235
v -0.519696 0.036177 0.008115
v -0.519801 0.035289 0.012103
v -0.520403 0.039750 0.014476
v -0.520168 0.038559 0.012355
v -0.521136 0.046291 0.014981
v -0.520900 0.045100 0.012860
v -0.520534 0.041829 0.012608
v -0.519490 0.038004 0.007549
v -0.518888 0.033543 0.005177
v -0.520694 0.046926 0.012295
v -0.520092 0.042465 0.009922
v -0.519078 0.041657 0.006418
v -0.518476 0.037196 0.004046
v -0.519284 0.039831 0.006984
v -0.514894 0.025160 0.002343
v -0.516891 0.029351 0.003760
v -0.516685 0.031178 0.003194
v -0.531704 0.024025 0.022254
v -0.531656 0.023958 0.022217
v -0.532549 0.029286 0.021600
v -0.529918 0.013369 0.023488
v -0.530763 0.018630 0.022834
v -0.532453 0.029150 0.021525
v -0.531608 0.023890 0.022180
v -0.538691 0.037291 0.022259
v -0.539472 0.040584 0.019461
v -0.538747 0.037456 0.022276
v -0.540141 0.043546 0.016630
v -0.540921 0.046840 0.013832
v -0.540196 0.043712 0.016646
v -0.541032 0.047171 0.013866
v -0.540307 0.044043 0.016680
v -0.540252 0.043877 0.016663
v -0.538584 0.035254 0.001515
v -0.538723 0.035458 0.001434
v -0.534613 0.030578 0.003479
v -0.537214 0.033627 0.002196
v -0.532736 0.030430 0.019514
v -0.534804 0.034760 0.017559
v -0.534664 0.033683 0.019681
v -0.533015 0.032584 0.015269
v -0.535082 0.036914 0.013313
v -0.534943 0.035837 0.015436
v -0.538938 0.043421 0.013648
v -0.538799 0.042344 0.015770
v -0.536871 0.039090 0.015603
v -0.536007 0.034886 0.020540
v -0.533939 0.030556 0.022496
v -0.538074 0.039216 0.018585
v -0.536624 0.032961 0.024214
v -0.537349 0.036088 0.021400
v -0.532153 0.019900 0.023730
v -0.531260 0.014572 0.024347
v -0.533046 0.025228 0.023113
v -0.535731 0.027633 0.024831
v -0.534389 0.026430 0.023972
v -0.548000 0.770570 0.005648
v -0.557128 0.736777 0.009899
v -0.520466 0.827905 -0.011858
v -0.524582 0.823611 -0.009628
v -0.522966 0.823184 -0.009663
v -0.523699 0.828758 -0.011789
v -0.526198 0.824037 -0.009594
v -0.531197 0.814596 -0.005204
v -0.528698 0.819316 -0.007399
v -0.524108 0.818220 -0.007449
v -0.519992 0.822514 -0.009678
v -0.528223 0.813925 -0.005219
v -0.522276 0.812584 -0.005250
v -0.525250 0.813255 -0.005235
v -0.520659 0.047316 0.012113
v -0.520674 0.047150 0.012089
v -0.520644 0.047481 0.012138
v -0.519017 0.042329 0.005800
v -0.519830 0.044905 0.008969
v -0.519866 0.044516 0.009151
v -0.519037 0.042105 0.006006
v -0.519058 0.041881 0.006212
v -0.526122 0.033572 0.011584
v -0.529256 0.032882 0.011335
v -0.519855 0.034952 0.012083
v -0.522988 0.034262 0.011833
v -0.519370 0.032609 0.007916
v -0.522504 0.031919 0.007667
v -0.522746 0.033091 0.009750
v -0.529321 0.031711 0.009131
v -0.525945 0.031230 0.007297
v -0.529386 0.030541 0.006926
v -0.532754 0.032435 0.015280
v -0.532624 0.032361 0.015286
v -0.532885 0.032509 0.015274
v -0.532606 0.030356 0.019520
v -0.532745 0.031433 0.017397
v -0.532567 0.031291 0.017366
v -0.532558 0.030288 0.019483
v -0.532510 0.030220 0.019445
v -0.519831 0.035111 0.012074
v -0.519846 0.035022 0.012060
v -0.519816 0.035200 0.012089
v -0.519344 0.032818 0.007848
v -0.519580 0.034009 0.009968
v -0.519604 0.033850 0.009977
v -0.519353 0.032748 0.007871
v -0.519361 0.032679 0.007894
v -0.531454 0.067237 -0.029818
v -0.528371 0.053392 -0.032635
v -0.537620 0.094927 -0.024185
v -0.534537 0.081082 -0.027002
v -0.545379 0.092792 -0.024552
v -0.542297 0.078947 -0.027369
v -0.538417 0.080015 -0.027185
v -0.532227 0.052448 -0.032648
v -0.539190 0.065226 -0.030015
v -0.536084 0.051504 -0.032661
v -0.520191 0.041826 0.016705
v -0.520557 0.045096 0.016958
v -0.519824 0.038555 0.016453
v -0.518666 0.036166 0.020408
v -0.519245 0.037361 0.018430
v -0.519685 0.042292 0.019601
v -0.518740 0.037827 0.021326
v -0.518813 0.039488 0.022245
v -0.540389 0.044124 0.010784
v -0.540444 0.044290 0.010801
v -0.540278 0.043793 0.010750
v -0.540333 0.043959 0.010767
v -0.539102 0.038032 0.004620
v -0.539157 0.038198 0.004637
v -0.539745 0.041078 0.007702
v -0.539870 0.041346 0.007679
v -0.539227 0.038300 0.004597
v -0.539296 0.038402 0.004557
v -0.537050 0.039015 0.011224
v -0.538978 0.042269 0.011391
v -0.535122 0.035762 0.011057
v -0.535201 0.033459 0.006544
v -0.535161 0.034610 0.008800
v -0.538390 0.039388 0.008326
v -0.536501 0.034983 0.005902
v -0.537802 0.036508 0.005261
v -0.497605 -0.041527 -0.033718
v -0.494379 -0.040631 -0.033555
v -0.504055 -0.043318 -0.034044
v -0.500830 -0.042423 -0.033881
v -0.496859 -0.054401 -0.034282
v -0.493634 -0.053505 -0.034119
v -0.497232 -0.047964 -0.034000
v -0.490995 -0.046206 -0.033693
v -0.490622 -0.052643 -0.033974
v -0.487611 -0.051782 -0.033830
v -0.495595 -0.041122 0.027175
v -0.492226 -0.040159 0.027336
v -0.502332 -0.043048 0.026852
v -0.498963 -0.042085 0.027013
v -0.495122 -0.055295 0.026544
v -0.491754 -0.054332 0.026705
v -0.495358 -0.048209 0.026859
v -0.488973 -0.046382 0.027165
v -0.488737 -0.053469 0.026850
v -0.485720 -0.052606 0.026995
v -0.495178 -0.043776 0.057470
v -0.498373 -0.044687 0.057317
v -0.491983 -0.042866 0.057623
v -0.485209 -0.054045 0.057349
v -0.488596 -0.048455 0.057486
v -0.494804 -0.050228 0.057188
v -0.501386 -0.045549 0.057173
v -0.488222 -0.054906 0.057204
v -0.494246 -0.056630 0.056915
v -0.491234 -0.055768 0.057059
v -0.496810 -0.040436 -0.004501
v -0.500180 -0.041399 -0.004663
v -0.493441 -0.039472 -0.004339
v -0.486935 -0.051919 -0.004681
v -0.490188 -0.045696 -0.004510
v -0.496574 -0.047523 -0.004817
v -0.503196 -0.042263 -0.004807
v -0.489952 -0.052783 -0.004826
v -0.495986 -0.054509 -0.005115
v -0.492969 -0.053646 -0.004970
v -0.495782 -0.025796 -0.004193
v -0.495654 -0.025793 -0.004299
v -0.495909 -0.025799 -0.004088
v -0.501333 -0.012834 -0.004044
v -0.498621 -0.019317 -0.004066
v -0.498356 -0.019247 -0.004236
v -0.495517 -0.025726 -0.004364
v -0.501195 -0.012767 -0.004109
v -0.500919 -0.012632 -0.004240
v -0.501057 -0.012700 -0.004174
v -0.494465 -0.057211 0.056429
v -0.502391 -0.043278 0.026994
v -0.495300 -0.055985 0.026971
v -0.498786 -0.049402 0.026840
v -0.495241 -0.055755 0.026829
v -0.495181 -0.055525 0.026686
v -0.495054 -0.026551 0.028011
v -0.495184 -0.026558 0.027896
v -0.494794 -0.026537 0.028239
v -0.494924 -0.026544 0.028125
v -0.500496 -0.013521 0.028500
v -0.500626 -0.013528 0.028386
v -0.497775 -0.020036 0.028255
v -0.498037 -0.020123 0.028053
v -0.500758 -0.013609 0.028298
v -0.500891 -0.013689 0.028210
v -0.494851 -0.026623 0.029779
v -0.497702 -0.020115 0.029910
v -0.500611 -0.013694 0.031581
v -0.500553 -0.013607 0.030040
v -0.495738 -0.025694 -0.008037
v -0.500992 -0.012622 -0.005464
v -0.550440 0.716564 0.012460
v -0.558842 0.656954 0.011518
v -0.555092 0.655848 0.011663
v -0.557942 0.718775 0.012170
v -0.562593 0.658060 0.011373
v -0.571896 0.536628 0.009780
v -0.567244 0.597344 0.010577
v -0.559849 0.596503 0.010713
v -0.551447 0.656114 0.011654
v -0.568251 0.536893 0.009771
v -0.560960 0.537423 0.009753
v -0.564605 0.537158 0.009762
v -0.528512 0.801964 0.038086
v -0.530020 0.806857 0.037736
v -0.526787 0.806130 0.037569
v -0.534978 0.803418 0.038420
v -0.536485 0.808311 0.038071
v -0.533252 0.807584 0.037904
v -0.533034 0.816642 0.037037
v -0.529801 0.815915 0.036870
v -0.531527 0.811750 0.037387
v -0.525625 0.809898 0.037120
v -0.528639 0.819683 0.036421
v -0.527132 0.814790 0.036770
v -0.523300 0.817433 0.036220
v -0.524462 0.813665 0.036670
v -0.541352 0.800629 0.035575
v -0.543174 0.795874 0.030869
v -0.538768 0.803861 0.038423
v -0.539884 0.803291 0.038093
v -0.531949 0.820954 0.036283
v -0.544705 0.719235 0.045542
v -0.544050 0.719602 0.045152
v -0.541329 0.797914 0.002266
v -0.539716 0.801052 0.000859
v -0.540153 0.800886 0.001247
v -0.540454 0.798246 0.001490
v -0.539278 0.801218 0.000471
v -0.536926 0.807163 -0.001567
v -0.538102 0.804191 -0.000548
v -0.538908 0.804349 0.000209
v -0.537295 0.807488 -0.001198
v -0.537663 0.807812 -0.000829
v -0.558183 0.742366 0.033474
v -0.553402 0.111030 0.015596
v -0.553785 0.115239 0.008517
v -0.527201 0.783509 0.022182
v -0.527393 0.784427 0.022003
v -0.527527 0.784818 0.020777
v -0.527604 0.784680 0.018503
v -0.527163 0.783577 0.023319
v -0.527277 0.784634 0.025414
v -0.527258 0.784037 0.023230
v -0.527373 0.785093 0.025325
v -0.527316 0.784565 0.024277
v -0.527450 0.784955 0.023051
v -0.527354 0.784496 0.023140
v -0.544779 0.790636 0.023042
v -0.544721 0.790737 0.024864
v -0.525766 0.790185 0.020712
v -0.525513 0.791928 0.017253
v -0.525925 0.789641 0.017871
v -0.524942 0.794760 0.019475
v -0.525101 0.794215 0.016635
v -0.525419 0.793126 0.010954
v -0.525260 0.793671 0.013794
v -0.526007 0.789402 0.016003
v -0.526261 0.787659 0.019462
v -0.525500 0.792887 0.009086
v -0.525754 0.791145 0.012544
v -0.526170 0.788924 0.012267
v -0.526424 0.787181 0.015726
v -0.526089 0.789163 0.014135
v -0.512371 0.846640 0.003913
v -0.512754 0.843652 -0.004346
v -0.528889 0.785433 0.022003
v -0.528383 0.785320 0.023111
v -0.528850 0.785502 0.023140
v -0.527955 0.785069 0.021944
v -0.527917 0.785138 0.023081
v -0.527840 0.785275 0.025355
v -0.527878 0.785206 0.024218
v -0.528811 0.785571 0.024295
v -0.529316 0.785684 0.023188
v -0.527800 0.785344 0.026510
v -0.528306 0.785458 0.025403
v -0.528733 0.785710 0.026605
v -0.529238 0.785823 0.025498
v -0.528772 0.785641 0.025450
v -0.543375 0.790151 0.022114
v -0.543882 0.790246 0.021208
v -0.543404 0.790101 0.021203
v -0.544331 0.790441 0.022125
v -0.544838 0.790536 0.021219
v -0.544360 0.790391 0.021214
v -0.544896 0.790436 0.019396
v -0.544418 0.790291 0.019391
v -0.544389 0.790341 0.020302
v -0.543433 0.790050 0.020277
v -0.542926 0.789955 0.021183
v -0.544447 0.790239 0.018465
v -0.543940 0.790145 0.019371
v -0.543493 0.789947 0.018424
v -0.542986 0.789852 0.019330
v -0.543463 0.789998 0.019351
v -0.526973 0.787327 0.021506
v -0.527728 0.786826 0.022836
v -0.526934 0.787397 0.022661
v -0.528561 0.786186 0.021857
v -0.528522 0.786255 0.023012
v -0.528444 0.786394 0.025322
v -0.528483 0.786325 0.024167
v -0.526852 0.787635 0.024529
v -0.526097 0.788137 0.023198
v -0.528362 0.786633 0.027190
v -0.527607 0.787134 0.025860
v -0.526688 0.788113 0.028265
v -0.525933 0.788614 0.026934
v -0.526770 0.787874 0.026397
v -0.514650 0.839209 0.033512
v -0.518637 0.823941 0.035251
v -0.525763 0.795200 0.003151
v -0.524601 0.798728 0.003419
v -0.524800 0.798838 0.001971
v -0.525364 0.794979 0.006047
v -0.522475 0.805894 0.002507
v -0.523438 0.802256 0.003687
v -0.533681 0.784733 0.003414
v -0.541497 0.768748 0.005576
v -0.538245 0.767837 0.005540
v -0.540184 0.786556 0.003487
v -0.544748 0.769659 0.005612
v -0.553877 0.735866 0.009863
v -0.549312 0.752763 0.007738
v -0.542310 0.750746 0.007846
v -0.534495 0.766731 0.005685
v -0.550126 0.734761 0.010008
v -0.542625 0.732550 0.010298
v -0.546375 0.733655 0.010153
v -0.517846 0.848360 0.032515
v -0.518110 0.840221 0.033427
v -0.519840 0.840727 0.033385
v -0.514386 0.847348 0.032600
v -0.516380 0.839715 0.033469
v -0.520367 0.824447 0.035208
v -0.518373 0.832081 0.034339
v -0.522773 0.833712 0.034397
v -0.522509 0.841852 0.033485
v -0.523036 0.825573 0.035309
v -0.528376 0.827823 0.035509
v -0.525706 0.826698 0.035409
v -0.532744 0.769129 0.040894
v -0.540063 0.736233 0.043602
v -0.536731 0.752498 0.042443
v -0.533072 0.768945 0.041089
v -0.540391 0.736050 0.043798
v -0.541046 0.735682 0.044188
v -0.540718 0.735866 0.043993
v -0.539108 0.788963 0.040085
v -0.539754 0.771203 0.041452
v -0.543095 0.772332 0.041634
v -0.532426 0.786706 0.039721
v -0.536413 0.770074 0.041271
v -0.544387 0.736811 0.044370
v -0.540400 0.753443 0.042820
v -0.523000 0.850940 0.029004
v -0.524238 0.842727 0.032451
v -0.525103 0.843165 0.031934
v -0.523374 0.842290 0.032968
v -0.529240 0.828261 0.034992
v -0.526307 0.835275 0.033980
v -0.527812 0.835859 0.033225
v -0.529881 0.828406 0.034754
v -0.530521 0.828552 0.034516
v -0.552987 0.107083 0.023100
v -0.552538 0.103398 0.031029
v -0.537896 0.123302 0.005544
v -0.537928 0.121339 0.005795
v -0.542807 0.790159 0.024888
v -0.542867 0.790057 0.023035
v -0.543492 0.791827 0.025476
v -0.543104 0.791032 0.026489
v -0.543880 0.792622 0.024463
v -0.543758 0.792675 0.027841
v -0.543819 0.792649 0.026152
v -0.547038 0.772480 0.019403
v -0.579893 0.340396 0.016944
v -0.578940 0.340689 0.017383
v -0.551941 0.114124 0.007174
v -0.550298 0.109681 0.015060
v -0.549923 0.105374 0.023144
v -0.550816 0.101203 0.031426
v -0.558066 0.150095 0.037530
v -0.569161 0.241799 0.039494
v -0.558205 0.289336 0.041745
v -0.537599 0.106104 0.030671
v -0.536998 0.107613 0.026795
v -0.536624 0.105771 0.030554
v -0.538348 0.109786 0.023154
v -0.537748 0.111296 0.019279
v -0.537373 0.109454 0.023037
v -0.538496 0.113591 0.015752
v -0.538040 0.117516 0.008464
v -0.545180 0.167356 0.007944
v -0.538912 0.123596 0.004384
v -0.538139 0.123597 0.003787
v -0.529472 0.785407 0.018568
v -0.528639 0.786047 0.019547
v -0.528678 0.785978 0.018392
v -0.529394 0.785546 0.020878
v -0.528600 0.786116 0.020702
v -0.527012 0.787258 0.020351
v -0.527806 0.786687 0.020526
v -0.527926 0.786379 0.017504
v -0.528759 0.785739 0.016524
v -0.527093 0.787019 0.018483
v -0.527257 0.786542 0.014747
v -0.527175 0.786780 0.016615
v -0.558159 0.741611 0.031486
v -0.548072 0.773527 0.028264
v -0.544272 0.790542 0.023947
v -0.544243 0.790592 0.024859
v -0.544301 0.790491 0.023036
v -0.543345 0.790202 0.023026
v -0.543823 0.790347 0.023031
v -0.543764 0.790448 0.024868
v -0.544213 0.790643 0.025785
v -0.543316 0.790253 0.023952
v -0.543256 0.790355 0.025804
v -0.543286 0.790304 0.024878
v -0.552660 0.112768 0.012023
v -0.552851 0.114872 0.008484
v -0.552277 0.108559 0.019102
v -0.552469 0.110663 0.015563
v -0.550410 0.107826 0.019036
v -0.550601 0.109930 0.015496
v -0.551535 0.110297 0.015529
v -0.552548 0.114623 0.008047
v -0.553673 0.117094 0.004541
v -0.551423 0.112152 0.011553
v -0.553066 0.116596 0.003667
v -0.552245 0.114374 0.007610
v -0.552500 0.104631 0.027208
v -0.552724 0.106473 0.023243
v -0.552051 0.100946 0.035137
v -0.552276 0.102788 0.031172
v -0.551526 0.099727 0.035424
v -0.551750 0.101569 0.031459
v -0.552013 0.102179 0.031316
v -0.551790 0.106107 0.023210
v -0.551303 0.103655 0.027318
v -0.550856 0.105740 0.023177
v -0.580274 0.476521 0.042931
v -0.536753 0.107760 0.030196
v -0.538066 0.110338 0.022996
v -0.537035 0.107208 0.030354
v -0.536378 0.105918 0.033954
v -0.537692 0.108497 0.026754
v -0.536943 0.104814 0.034271
v -0.537317 0.106656 0.030513
v -0.537911 0.120138 0.005646
v -0.537846 0.119699 0.005095
v -0.544470 0.167700 0.008311
v -0.538235 0.124111 0.005235
v -0.538944 0.123767 0.004867
v -0.528032 0.784931 0.019670
v -0.528071 0.784862 0.018533
v -0.527994 0.785000 0.020807
v -0.528927 0.785364 0.020866
v -0.528460 0.785182 0.020837
v -0.528538 0.785044 0.018545
v -0.528110 0.784793 0.017378
v -0.528966 0.785295 0.019711
v -0.529044 0.785156 0.017401
v -0.529005 0.785225 0.018556
v -0.561011 0.255025 -0.008201
v -0.558231 0.169290 -0.016557
v -0.555900 0.213238 -0.012121
v -0.557290 0.256106 -0.007943
v -0.553119 0.127503 -0.020477
v -0.554509 0.170371 -0.016299
v -0.545676 0.129664 -0.019962
v -0.547066 0.172532 -0.015783
v -0.550788 0.171451 -0.016041
v -0.553974 0.255153 0.005127
v -0.554580 0.244630 0.063946
v -0.543150 0.156837 0.065172
v -0.541031 0.112429 0.065784
v -0.548226 0.111406 0.065784
v -0.557041 0.256159 -0.007810
v -0.556917 0.256186 -0.007743
v -0.557166 0.256133 -0.007876
v -0.546942 0.172559 -0.015717
v -0.552054 0.214346 -0.011796
v -0.551839 0.214403 -0.011623
v -0.541864 0.130776 -0.019596
v -0.546851 0.172589 -0.015609
v -0.546760 0.172620 -0.015502
v -0.575752 0.334913 0.041128
v -0.577841 0.429436 0.042433
v -0.566100 0.432580 0.022796
v -0.577141 0.334735 0.040974
v -0.578185 0.381997 0.041626
v -0.579230 0.429259 0.042279
v -0.511988 0.849627 0.012172
v -0.518902 0.853420 0.027460
v -0.518008 0.852875 0.029192
v -0.519192 0.852532 0.029088
v -0.521560 0.851848 0.028880
v -0.520376 0.852190 0.028984
v -0.521526 0.852171 0.027480
v -0.519860 0.838048 -0.012226
v -0.516806 0.836973 -0.012131
v -0.523524 0.838779 -0.010275
v -0.522545 0.838087 -0.011890
v -0.524860 0.837089 -0.011123
v -0.513311 0.852676 0.027704
v -0.513666 0.850875 0.030862
v -0.513488 0.851776 0.029283
v -0.516754 0.851616 0.030834
v -0.516577 0.852517 0.029255
v -0.515033 0.852146 0.029269
v -0.512523 0.847758 0.032201
v -0.511748 0.847693 0.031676
v -0.512255 0.849589 0.031318
v -0.511614 0.848608 0.031235
v -0.510973 0.847627 0.031152
v -0.518591 0.832495 -0.012036
v -0.519484 0.830256 -0.011988
v -0.517698 0.834734 -0.012083
v -0.520753 0.835809 -0.012178
v -0.519226 0.835271 -0.012131
v -0.521101 0.830682 -0.011953
v -0.522370 0.836236 -0.012144
v -0.521735 0.833459 -0.012048
v -0.524334 0.831534 -0.011884
v -0.522717 0.831108 -0.011918
v -0.517393 0.850056 0.031661
v -0.517713 0.849276 0.032074
v -0.517074 0.850836 0.031248
v -0.513985 0.850095 0.031276
v -0.515529 0.850466 0.031262
v -0.515983 0.848770 0.032116
v -0.514119 0.849180 0.031717
v -0.514253 0.848264 0.032158
v -0.524509 0.833386 -0.011630
v -0.523527 0.835737 -0.011760
v -0.524684 0.835238 -0.011377
v -0.540871 0.795676 0.001707
v -0.542581 0.790203 0.002918
v -0.542436 0.797814 0.033263
v -0.544258 0.793059 0.028557
v -0.534618 0.794228 0.001576
v -0.531491 0.793505 0.001511
v -0.537744 0.794952 0.001642
v -0.539454 0.789479 0.002852
v -0.538599 0.792216 0.002247
v -0.532221 0.790581 0.002145
v -0.528239 0.792593 0.001475
v -0.536203 0.788568 0.002816
v -0.529699 0.786746 0.002744
v -0.532951 0.787657 0.002780
v -0.533355 0.094656 0.066222
v -0.536075 0.106846 0.065930
v -0.540547 0.093197 0.066291
v -0.536952 0.094144 0.066222
v -0.547736 0.091303 0.066430
v -0.544142 0.092250 0.066361
v -0.550461 0.104364 0.065999
v -0.546866 0.105311 0.065930
v -0.545504 0.098781 0.066145
v -0.538312 0.100239 0.066076
v -0.543269 0.105823 0.065930
v -0.539672 0.106334 0.065930
v -0.526511 0.788327 0.011064
v -0.526846 0.786346 0.012655
v -0.525840 0.792290 0.007883
v -0.526176 0.790309 0.009473
v -0.527191 0.787133 0.008658
v -0.527526 0.785151 0.010249
v -0.526851 0.787730 0.009861
v -0.526593 0.786276 0.013828
v -0.529295 0.784307 0.017101
v -0.528193 0.784510 0.017278
v -0.529211 0.784590 0.017201
v -0.529761 0.784489 0.017113
v -0.528660 0.784691 0.017290
v -0.529594 0.785055 0.017313
v -0.529127 0.784873 0.017301
v -0.527344 0.785875 0.014716
v -0.542965 0.789666 0.026443
v -0.542840 0.790029 0.026023
v -0.544103 0.791800 0.027921
v -0.543604 0.791416 0.027205
v -0.543931 0.792237 0.027881
v -0.543106 0.789532 0.018238
v -0.543289 0.788994 0.017905
v -0.553542 0.119903 0.003035
v -0.553023 0.117532 0.003165
v -0.551577 0.100398 0.035813
v -0.552205 0.102961 0.036303
v -0.538029 0.108777 0.035274
v -0.537493 0.105767 0.034711
v -0.538184 0.120508 0.004786
v -0.538928 0.122566 0.004717
v -0.543444 0.789811 0.026433
v -0.544276 0.790462 0.025994
v -0.543381 0.789992 0.026223
v -0.543797 0.790318 0.026004
v -0.543319 0.790173 0.026014
v -0.553845 0.120152 0.003472
v -0.553932 0.118280 0.004476
v -0.553586 0.118967 0.003537
v -0.553629 0.118030 0.004039
v -0.553326 0.117781 0.003602
v -0.527600 0.787104 0.027916
v -0.526763 0.787844 0.028453
v -0.529273 0.785624 0.026841
v -0.528436 0.786364 0.027378
v -0.529422 0.785086 0.027217
v -0.528585 0.785826 0.027754
v -0.528511 0.786095 0.027566
v -0.537747 0.109329 0.035116
v -0.536646 0.107423 0.034236
v -0.537479 0.107824 0.034834
v -0.536928 0.106871 0.034394
v -0.537211 0.106319 0.034553
v -0.537862 0.120900 0.005245
v -0.537830 0.120680 0.004970
v -0.537895 0.121119 0.005520
v -0.537863 0.123082 0.005269
v -0.537879 0.122101 0.005395
v -0.538201 0.121709 0.004935
v -0.538218 0.122910 0.005085
v -0.538573 0.122738 0.004901
v -0.540386 0.800062 0.038678
v -0.540943 0.799777 0.038513
v -0.539270 0.800632 0.039007
v -0.539828 0.800347 0.038842
v -0.541390 0.793605 0.039847
v -0.541947 0.793321 0.039682
v -0.540888 0.796834 0.039262
v -0.532696 0.798776 0.038658
v -0.535929 0.799503 0.038825
v -0.526231 0.797322 0.038324
v -0.529464 0.798049 0.038491
v -0.528133 0.789492 0.039134
v -0.531366 0.790219 0.039301
v -0.530415 0.794134 0.038896
v -0.536989 0.795990 0.039245
v -0.534707 0.791348 0.039483
v -0.538049 0.792477 0.039665
v -0.527466 0.792490 0.001906
v -0.527079 0.792438 0.002122
v -0.527853 0.792542 0.001690
v -0.529313 0.786694 0.002959
v -0.528583 0.789618 0.002325
v -0.551155 0.100399 -0.023736
v -0.554945 0.117748 -0.021736
v -0.543553 0.102547 -0.023294
v -0.547433 0.101480 -0.023478
v -0.535794 0.104682 -0.022927
v -0.539673 0.103615 -0.023111
v -0.539901 0.122058 -0.020778
v -0.543781 0.120990 -0.020962
v -0.541727 0.112302 -0.022036
v -0.549328 0.110154 -0.022478
v -0.547502 0.119909 -0.021220
v -0.551224 0.118828 -0.021478
v -0.537756 0.113400 -0.021745
v -0.539810 0.122088 -0.020671
v -0.534200 0.106392 -0.007910
v -0.526715 0.789822 0.006822
v -0.527390 0.787243 0.007210
v -0.526040 0.792401 0.006434
v -0.526438 0.792621 0.003538
v -0.526239 0.792511 0.004986
v -0.536943 0.813075 0.025356
v -0.543284 0.790801 0.021096
v -0.543314 0.790750 0.020170
v 0.522371 -0.051468 0.025158
v 0.524254 -0.046654 0.027316
v 0.524558 -0.046532 0.024969
v 0.521764 -0.051712 0.029853
v 0.523950 -0.046776 0.029664
v 0.526137 -0.041839 0.029475
v 0.592731 0.766528 -0.005652
v 0.590508 0.762992 -0.004688
v 0.593524 0.763433 -0.004687
v 0.586698 0.765646 -0.005654
v 0.584474 0.762110 -0.004691
v 0.587491 0.762551 -0.004690
v 0.586061 0.755920 -0.002761
v 0.589077 0.756361 -0.002760
v 0.588284 0.759456 -0.003725
v 0.594474 0.760379 -0.003673
v 0.596697 0.763915 -0.004636
v 0.592250 0.756843 -0.002709
v 0.598597 0.757808 -0.002607
v 0.595424 0.757325 -0.002658
v 0.522460 -0.051422 0.022888
v 0.521975 -0.051652 0.025243
v 0.522190 -0.051576 0.025165
v 0.522030 -0.051575 0.023044
v 0.521545 -0.051804 0.025399
v 0.521760 -0.051728 0.025321
v 0.521005 -0.052111 0.029953
v 0.521220 -0.052035 0.029876
v 0.521490 -0.051882 0.027598
v 0.521886 -0.051698 0.027513
v 0.520916 -0.052157 0.032223
v 0.521401 -0.051928 0.029868
v 0.521279 -0.051942 0.032208
v 0.521583 -0.051820 0.029860
v 0.516391 -0.050793 0.025537
v 0.516274 -0.050946 0.027127
v 0.516349 -0.050826 0.027070
v 0.516242 -0.051033 0.025652
v 0.516125 -0.051186 0.027242
v 0.516200 -0.051066 0.027185
v 0.516040 -0.051252 0.030309
v 0.516114 -0.051132 0.030251
v 0.516157 -0.051099 0.028718
v 0.516323 -0.050856 0.028590
v 0.516441 -0.050703 0.026999
v 0.516089 -0.051162 0.031771
v 0.516206 -0.051009 0.030181
v 0.516273 -0.050917 0.031630
v 0.516390 -0.050764 0.030040
v 0.516298 -0.050887 0.030110
v 0.517516 -0.008063 0.067668
v 0.512692 -0.020544 0.069229
v 0.510276 -0.026182 0.066814
v 0.510267 -0.024978 0.060422
v 0.604713 0.433211 0.058101
v 0.600515 0.494115 0.054342
v 0.604104 0.493583 0.054331
v 0.599296 0.614860 0.046802
v 0.602885 0.614328 0.046791
v 0.603494 0.553956 0.050561
v 0.602566 0.676051 0.043157
v 0.606764 0.615146 0.046916
v 0.610324 0.677687 0.043408
v 0.611542 0.431761 0.006019
v 0.603639 0.387454 0.002833
v 0.607254 0.386911 0.002825
v 0.604313 0.432848 0.006035
v 0.596411 0.388541 0.002849
v 0.600025 0.387998 0.002841
v 0.587835 0.298840 -0.003539
v 0.591449 0.298297 -0.003547
v 0.595737 0.343147 -0.000353
v 0.603001 0.341641 -0.000487
v 0.610903 0.385948 0.002699
v 0.595099 0.297334 -0.003673
v 0.602399 0.295406 -0.003926
v 0.598749 0.296370 -0.003800
v 0.589656 0.291504 0.059993
v 0.603282 0.385443 0.058721
v 0.586068 0.292036 0.060004
v 0.594675 0.338739 0.059362
v 0.596106 0.386507 0.058742
v 0.599694 0.385975 0.058732
v 0.534160 -0.003101 -0.037831
v 0.528167 -0.007947 -0.039233
v 0.531940 -0.009183 -0.039264
v 0.526614 -0.000629 -0.037769
v 0.520621 -0.005475 -0.039170
v 0.524394 -0.006711 -0.039202
v 0.516180 -0.017640 -0.042036
v 0.519953 -0.018876 -0.042067
v 0.522173 -0.012793 -0.040634
v 0.529576 -0.015670 -0.040678
v 0.535570 -0.010824 -0.039277
v 0.517589 -0.025363 -0.043481
v 0.523583 -0.020517 -0.042079
v 0.524849 -0.028644 -0.043506
v 0.530842 -0.023798 -0.042104
v 0.527213 -0.022157 -0.042092
v 0.514790 -0.055944 0.055315
v 0.514600 -0.055770 0.055595
v 0.514695 -0.055857 0.055455
v 0.514953 -0.055728 0.055768
v 0.515049 -0.055815 0.055628
v 0.514872 -0.055836 0.055541
v 0.515208 -0.055678 0.055504
v 0.515127 -0.055786 0.055278
v 0.515364 -0.055619 0.054804
v 0.515205 -0.055756 0.054928
v 0.528884 -0.030453 -0.043135
v 0.528614 -0.030341 -0.043390
v 0.526034 -0.035912 -0.045221
v 0.521146 -0.047165 -0.048627
v 0.518921 -0.053507 -0.049679
v 0.518774 -0.053031 -0.050113
v 0.518851 -0.053468 -0.049917
v 0.518924 -0.053706 -0.049700
v 0.518704 -0.052991 -0.050351
v 0.518778 -0.053230 -0.050134
v 0.518711 -0.053390 -0.050393
v 0.518785 -0.053628 -0.050176
v 0.518781 -0.053429 -0.050155
v 0.532618 -0.013087 0.067964
v 0.526642 -0.018246 0.068846
v 0.529045 -0.011628 0.068197
v 0.527812 -0.026322 0.069262
v 0.521836 -0.031481 0.070145
v 0.524239 -0.024863 0.069496
v 0.514691 -0.028564 0.070611
v 0.517094 -0.021946 0.069962
v 0.520666 -0.023405 0.069729
v 0.525477 -0.010536 0.068258
v 0.531453 -0.005377 0.067376
v 0.513526 -0.020854 0.070023
v 0.519502 -0.015695 0.069141
v 0.518342 -0.008351 0.068381
v 0.524318 -0.003192 0.067498
v 0.521910 -0.009443 0.068320
v 0.484138 -0.097166 -0.035995
v 0.480882 -0.096029 -0.030056
v 0.477921 -0.094635 -0.035684
v 0.487098 -0.098559 -0.030393
v 0.574523 0.794636 -0.009670
v 0.576453 0.790430 -0.012664
v 0.577304 0.793183 -0.014001
v 0.576660 0.794585 -0.013003
v 0.575123 0.796082 -0.010432
v 0.574055 0.796107 -0.008766
v 0.576192 0.796057 -0.012099
v 0.575256 0.799000 -0.010290
v 0.575724 0.797528 -0.011194
v 0.473229 -0.094763 0.026816
v 0.473149 -0.094831 0.029885
v 0.476216 -0.096129 0.031255
v 0.482431 -0.098659 0.030925
v 0.513785 -0.050945 -0.035111
v 0.507225 -0.055526 -0.035090
v 0.510230 -0.058199 -0.035667
v 0.507776 -0.045599 -0.033959
v 0.501216 -0.050180 -0.033938
v 0.504220 -0.052853 -0.034514
v 0.494105 -0.064688 -0.035049
v 0.497110 -0.067361 -0.035625
v 0.500665 -0.060107 -0.035070
v 0.506816 -0.063920 -0.035824
v 0.513376 -0.059339 -0.035845
v 0.493697 -0.073082 -0.035782
v 0.500256 -0.068501 -0.035803
v 0.499989 -0.075362 -0.036138
v 0.506549 -0.070781 -0.036159
v 0.503403 -0.069641 -0.035981
v 0.512238 -0.049642 0.025316
v 0.505485 -0.054582 0.025368
v 0.508899 -0.055839 0.025174
v 0.505409 -0.047129 0.025705
v 0.498656 -0.052069 0.025758
v 0.502071 -0.053326 0.025563
v 0.491980 -0.064463 0.025473
v 0.495394 -0.065719 0.025278
v 0.498732 -0.059522 0.025420
v 0.505431 -0.061997 0.025049
v 0.512183 -0.057057 0.024997
v 0.491925 -0.071878 0.025153
v 0.498678 -0.066937 0.025101
v 0.498493 -0.074314 0.024798
v 0.505246 -0.069374 0.024746
v 0.501962 -0.068156 0.024924
v 0.501871 -0.044877 0.027811
v 0.501988 -0.045058 0.030892
v 0.501732 -0.044968 0.026266
v 0.501572 -0.045329 0.026258
v 0.510994 -0.061477 0.055362
v 0.504449 -0.066011 0.055383
v 0.507879 -0.060324 0.055530
v 0.504136 -0.072850 0.055069
v 0.497591 -0.077384 0.055090
v 0.501020 -0.071698 0.055237
v 0.491360 -0.075079 0.055426
v 0.494789 -0.069393 0.055573
v 0.497905 -0.070545 0.055405
v 0.504862 -0.058209 0.055680
v 0.511407 -0.053675 0.055659
v 0.491773 -0.067277 0.055723
v 0.498318 -0.062743 0.055702
v 0.498830 -0.053978 0.055981
v 0.505375 -0.049444 0.055959
v 0.501846 -0.056093 0.055830
v 0.512656 -0.057397 0.025582
v 0.505631 -0.069883 0.025327
v 0.512919 -0.056318 -0.006728
v 0.506178 -0.061263 -0.006655
v 0.509634 -0.055099 -0.006550
v 0.506007 -0.068646 -0.006937
v 0.499266 -0.073591 -0.006864
v 0.502722 -0.067427 -0.006759
v 0.492696 -0.071153 -0.006508
v 0.496152 -0.064989 -0.006404
v 0.499437 -0.066208 -0.006582
v 0.506093 -0.053788 -0.006469
v 0.512834 -0.048843 -0.006542
v 0.492611 -0.063678 -0.006323
v 0.499352 -0.058733 -0.006396
v 0.499011 -0.051167 -0.006306
v 0.505752 -0.046221 -0.006379
v 0.502552 -0.052477 -0.006387
v 0.520645 0.001324 0.020704
v 0.521714 0.004219 0.018081
v 0.520643 0.001490 0.020729
v 0.522788 0.006782 0.015408
v 0.523857 0.009677 0.012785
v 0.522786 0.006948 0.015433
v 0.523852 0.010010 0.012835
v 0.522781 0.007280 0.015482
v 0.522783 0.007114 0.015458
v 0.515185 -0.051450 -0.050152
v 0.511772 -0.048625 -0.046024
v 0.515302 -0.050764 -0.046285
v 0.508126 -0.047172 -0.049629
v 0.504713 -0.044347 -0.045500
v 0.508242 -0.046486 -0.045762
v 0.504946 -0.042976 -0.037766
v 0.508476 -0.045115 -0.038028
v 0.508359 -0.045800 -0.041895
v 0.514961 -0.050704 -0.042651
v 0.518374 -0.053529 -0.046780
v 0.508136 -0.045055 -0.034394
v 0.511548 -0.047879 -0.038523
v 0.514280 -0.050584 -0.035383
v 0.517693 -0.053409 -0.039512
v 0.514621 -0.050644 -0.039017
v 0.507849 -0.029108 0.025683
v 0.512770 -0.048317 -0.006276
v 0.509239 -0.046912 -0.005536
v 0.512700 -0.048257 -0.005723
v 0.505848 -0.045626 -0.005902
v 0.502317 -0.044221 -0.005161
v 0.505778 -0.045566 -0.005349
v 0.502177 -0.044101 -0.004055
v 0.505638 -0.045446 -0.004242
v 0.505708 -0.045506 -0.004795
v 0.513970 -0.048708 -0.005340
v 0.517501 -0.050113 -0.006081
v 0.506908 -0.045897 -0.003860
v 0.510439 -0.047302 -0.004600
v 0.516509 -0.049609 -0.004575
v 0.520041 -0.051014 -0.005315
v 0.515240 -0.049158 -0.004957
v 0.533321 -0.010679 0.016887
v 0.530379 -0.008688 0.015070
v 0.530250 -0.009751 0.017151
v 0.533579 -0.008552 0.012726
v 0.530638 -0.006561 0.010910
v 0.530508 -0.007625 0.012990
v 0.524495 -0.004706 0.011438
v 0.524366 -0.005770 0.013518
v 0.527437 -0.006697 0.013254
v 0.526678 -0.008936 0.017274
v 0.529620 -0.010927 0.019090
v 0.520794 -0.004954 0.013641
v 0.523736 -0.006945 0.015457
v 0.519533 -0.007305 0.017520
v 0.522475 -0.009296 0.019336
v 0.523105 -0.008120 0.017397
v 0.517508 -0.051101 0.028687
v 0.517533 -0.051071 0.027167
v 0.517458 -0.051162 0.031728
v 0.517483 -0.051132 0.030207
v 0.519643 -0.051897 0.032063
v 0.519668 -0.051867 0.030543
v 0.518575 -0.051499 0.030375
v 0.518871 -0.051315 0.026578
v 0.517803 -0.050917 0.024890
v 0.519938 -0.051713 0.028266
v 0.520478 -0.051406 0.023711
v 0.520208 -0.051560 0.025988
v 0.516689 -0.012682 0.020372
v 0.519020 -0.018678 0.020909
v 0.521233 -0.014476 0.019995
v 0.512262 -0.021086 0.022199
v 0.514593 -0.027082 0.022735
v 0.516806 -0.022880 0.021822
v 0.523681 -0.030670 0.021981
v 0.525894 -0.026468 0.021068
v 0.521350 -0.024674 0.021445
v 0.524805 -0.015292 0.019872
v 0.529467 -0.027284 0.020945
v 0.527136 -0.021288 0.020409
v 0.531950 -0.016923 0.019626
v 0.528378 -0.016107 0.019749
v 0.520510 -0.051177 -0.005749
v 0.519154 -0.050699 -0.006022
v 0.520299 -0.051099 -0.005643
v 0.518221 -0.050377 -0.006507
v 0.516864 -0.049898 -0.006781
v 0.518009 -0.050298 -0.006402
v 0.516442 -0.049741 -0.006569
v 0.517587 -0.050141 -0.006190
v 0.517798 -0.050220 -0.006296
v 0.520213 -0.051071 -0.005534
v 0.521569 -0.051549 -0.005261
v 0.518857 -0.050592 -0.005807
v 0.521397 -0.051493 -0.005042
v 0.520127 -0.051042 -0.005424
v 0.517563 -0.052523 -0.029035
v 0.518810 -0.052034 -0.023938
v 0.518878 -0.052925 -0.029465
v 0.517427 -0.050741 -0.017982
v 0.518673 -0.050252 -0.012885
v 0.518741 -0.051143 -0.018412
v 0.521302 -0.051057 -0.013745
v 0.521371 -0.051948 -0.019272
v 0.520056 -0.051545 -0.018842
v 0.519219 -0.053008 -0.033190
v 0.517973 -0.053496 -0.038286
v 0.521711 -0.052031 -0.022997
v 0.520465 -0.052519 -0.028094
v 0.519900 -0.053174 -0.040640
v 0.518654 -0.053662 -0.045737
v 0.519559 -0.053091 -0.036915
v 0.504844 -0.042767 -0.033512
v 0.504990 -0.042449 -0.033770
v 0.516220 -0.050876 0.025525
v 0.516146 -0.050996 0.025583
v 0.516370 -0.050635 0.025410
v 0.516295 -0.050756 0.025468
v 0.516177 -0.050561 0.025272
v 0.516103 -0.050681 0.025330
v 0.516199 -0.050718 0.025399
v 0.516017 -0.050932 0.025436
v 0.516039 -0.051090 0.025562
v 0.515974 -0.050618 0.025183
v 0.515995 -0.050775 0.025309
v 0.515759 -0.050805 0.025142
v 0.515781 -0.050962 0.025269
v 0.515888 -0.050869 0.025289
v 0.504156 -0.039754 0.023040
v 0.506029 -0.034875 0.023155
v 0.504065 -0.039697 0.023131
v 0.508085 -0.030110 0.023088
v 0.509958 -0.025231 0.023203
v 0.507994 -0.030053 0.023179
v 0.509777 -0.025117 0.023385
v 0.507812 -0.029939 0.023361
v 0.507903 -0.029996 0.023270
v 0.503968 -0.039675 0.023250
v 0.502094 -0.044553 0.023135
v 0.507715 -0.029917 0.023480
v 0.505841 -0.034796 0.023365
v 0.503773 -0.039630 0.023488
v 0.501899 -0.044509 0.023373
v 0.503870 -0.039652 0.023369
v 0.502343 -0.044438 -0.005860
v 0.502255 -0.044753 -0.006152
v 0.502078 -0.044833 -0.006362
v 0.501812 -0.044677 -0.006491
v 0.501617 -0.045601 0.026165
v 0.501791 -0.045526 0.025927
v 0.501665 -0.045435 0.026016
v 0.501869 -0.045782 0.025988
v 0.502042 -0.045707 0.025751
v 0.501916 -0.045616 0.025839
v 0.502137 -0.045376 0.025452
v 0.502011 -0.045285 0.025540
v 0.501964 -0.045451 0.025690
v 0.501745 -0.045254 0.026020
v 0.502092 -0.045105 0.025545
v 0.501918 -0.045180 0.025782
v 0.501906 -0.044893 0.026029
v 0.501825 -0.045074 0.026024
v 0.521589 -0.050977 -0.004913
v 0.516695 -0.049284 -0.004562
v 0.516788 -0.049121 -0.004556
v 0.521403 -0.051303 -0.004926
v 0.516602 -0.049447 -0.004568
v 0.507000 -0.045735 -0.003853
v 0.511801 -0.047591 -0.004211
v 0.511958 -0.047298 -0.004200
v 0.516852 -0.048991 -0.004551
v 0.502171 -0.043911 -0.003497
v 0.507064 -0.045605 -0.003848
v 0.502298 -0.043651 -0.003488
v 0.507192 -0.045344 -0.003839
v 0.507128 -0.045474 -0.003844
v 0.515380 -0.050998 -0.050105
v 0.515384 -0.051197 -0.050126
v 0.515373 -0.050599 -0.050063
v 0.515377 -0.050799 -0.050084
v 0.508718 -0.046213 -0.049529
v 0.508721 -0.046413 -0.049550
v 0.512049 -0.048606 -0.049817
v 0.511854 -0.049058 -0.049864
v 0.505192 -0.044273 -0.049288
v 0.508523 -0.046666 -0.049576
v 0.504794 -0.044779 -0.049341
v 0.508324 -0.046919 -0.049603
v 0.500051 -0.052335 0.073508
v 0.500812 -0.051194 0.069407
v 0.502197 -0.048478 0.060995
v 0.502612 -0.046889 0.056432
v 0.502057 -0.046429 0.055719
v 0.510921 -0.048205 -0.034582
v 0.507916 -0.045532 -0.034006
v 0.516930 -0.053551 -0.035735
v 0.513926 -0.050878 -0.035159
v 0.517212 -0.053416 -0.035830
v 0.514207 -0.050743 -0.035254
v 0.514066 -0.050810 -0.035206
v 0.507989 -0.045373 -0.034135
v 0.511135 -0.047978 -0.034759
v 0.508062 -0.045214 -0.034265
v 0.509337 -0.047375 -0.006315
v 0.512879 -0.048686 -0.006396
v 0.505796 -0.046064 -0.006233
v 0.505884 -0.045749 -0.005942
v 0.505840 -0.045906 -0.006088
v 0.512842 -0.048563 -0.006356
v 0.516340 -0.050031 -0.006583
v 0.509345 -0.047094 -0.006129
v 0.516267 -0.049785 -0.006503
v 0.512806 -0.048440 -0.006316
v 0.508931 -0.048292 0.025531
v 0.505516 -0.047035 0.025726
v 0.512345 -0.049548 0.025337
v 0.512559 -0.049361 0.025377
v 0.512452 -0.049455 0.025357
v 0.505564 -0.046870 0.025576
v 0.512607 -0.049196 0.025228
v 0.509085 -0.048033 0.025402
v 0.505659 -0.046539 0.025278
v 0.505611 -0.046704 0.025427
v 0.475961 -0.096273 0.054954
v 0.481835 -0.098452 0.054637
v 0.484819 -0.099767 0.054312
v 0.481882 -0.098678 0.054470
v 0.480990 -0.095668 -0.035981
v 0.477881 -0.094403 -0.035826
v 0.487207 -0.098199 -0.036293
v 0.484099 -0.096933 -0.036137
v 0.487128 -0.097734 -0.036577
v 0.484019 -0.096469 -0.036421
v 0.484059 -0.096701 -0.036279
v 0.478014 -0.094346 -0.035965
v 0.474945 -0.093313 -0.035667
v 0.484152 -0.096412 -0.036561
v 0.481083 -0.095379 -0.036263
v 0.478280 -0.094233 -0.036244
v 0.475211 -0.093200 -0.035946
v 0.478147 -0.094290 -0.036104
v 0.478880 -0.087956 -0.035686
v 0.478747 -0.088013 -0.035547
v 0.479146 -0.087843 -0.035965
v 0.479013 -0.087900 -0.035826
v 0.486749 -0.077242 -0.035725
v 0.486616 -0.077299 -0.035585
v 0.482814 -0.082599 -0.035705
v 0.503194 -0.076645 -0.036170
v 0.503310 -0.076933 -0.035878
v 0.474415 -0.093816 -0.007087
v 0.478008 -0.087846 -0.007037
v 0.478124 -0.087792 -0.006898
v 0.474184 -0.093925 -0.007363
v 0.477777 -0.087956 -0.007313
v 0.477892 -0.087901 -0.007175
v 0.485194 -0.075908 -0.006936
v 0.485310 -0.075853 -0.006798
v 0.481601 -0.081877 -0.006986
v 0.481844 -0.081835 -0.006744
v 0.478251 -0.087804 -0.006794
v 0.489030 -0.069896 -0.006644
v 0.485437 -0.075866 -0.006694
v 0.489284 -0.069922 -0.006435
v 0.485691 -0.075891 -0.006485
v 0.485564 -0.075878 -0.006590
v 0.476829 -0.089869 0.055233
v 0.484440 -0.079241 0.055474
v 0.502757 -0.047172 0.056619
v 0.502473 -0.047174 0.056257
v 0.502606 -0.047122 0.056427
v 0.502491 -0.047276 0.056280
v 0.502207 -0.047278 0.055918
v 0.502340 -0.047226 0.056088
v 0.501905 -0.047179 0.055534
v 0.502038 -0.047127 0.055703
v 0.502189 -0.047177 0.055895
v 0.502328 -0.046892 0.056070
v 0.501760 -0.046897 0.055347
v 0.502044 -0.046894 0.055709
v 0.501773 -0.046431 0.055357
v 0.502050 -0.046662 0.055714
v 0.511280 -0.061738 0.054942
v 0.504231 -0.072937 0.054929
v 0.504308 -0.073082 0.054776
v 0.511185 -0.061651 0.055082
v 0.507660 -0.067251 0.055075
v 0.511089 -0.061564 0.055222
v 0.508800 -0.063364 0.025016
v 0.512269 -0.057206 0.025141
v 0.501863 -0.075681 0.024766
v 0.505331 -0.069522 0.024891
v 0.502034 -0.075978 0.025055
v 0.505503 -0.069820 0.025180
v 0.505417 -0.069671 0.025036
v 0.512398 -0.057269 0.025288
v 0.509015 -0.063576 0.025308
v 0.512527 -0.057333 0.025435
v 0.513332 -0.056489 -0.007202
v 0.506145 -0.068703 -0.007095
v 0.513195 -0.056432 -0.007044
v 0.516788 -0.050325 -0.007098
v 0.509601 -0.062539 -0.006990
v 0.516513 -0.050211 -0.006781
v 0.513057 -0.056375 -0.006886
v 0.533603 -0.011005 0.004033
v 0.533773 -0.009769 0.006231
v 0.533738 -0.010941 0.004026
v 0.533673 -0.008661 0.008442
v 0.533844 -0.007425 0.010640
v 0.533809 -0.008597 0.008435
v 0.534115 -0.007298 0.010628
v 0.534079 -0.008470 0.008423
v 0.533944 -0.008533 0.008429
v 0.533850 -0.010856 0.003968
v 0.533679 -0.012092 0.001770
v 0.534191 -0.008385 0.008365
v 0.534020 -0.009621 0.006166
v 0.534073 -0.010687 0.003852
v 0.533902 -0.011923 0.001653
v 0.533961 -0.010772 0.003910
v 0.517185 -0.050166 -0.012738
v 0.517300 -0.049955 -0.012550
v 0.473391 -0.094668 0.025139
v 0.477235 -0.088651 0.025151
v 0.477112 -0.088712 0.025293
v 0.473637 -0.094546 0.024856
v 0.477480 -0.088528 0.024868
v 0.477357 -0.088589 0.025010
v 0.484921 -0.076616 0.025176
v 0.484798 -0.076677 0.025318
v 0.481078 -0.082633 0.025164
v 0.480827 -0.082678 0.025421
v 0.476983 -0.088695 0.025408
v 0.488513 -0.070643 0.025445
v 0.484670 -0.076660 0.025433
v 0.488256 -0.070610 0.025675
v 0.484413 -0.076628 0.025663
v 0.484541 -0.076644 0.025548
v 0.508524 -0.051507 0.055979
v 0.511540 -0.053623 0.055828
v 0.505508 -0.049391 0.056129
v 0.505774 -0.049287 0.056469
v 0.505641 -0.049339 0.056299
v 0.511717 -0.053602 0.055915
v 0.505950 -0.049267 0.056555
v 0.508833 -0.051434 0.056235
v 0.512070 -0.053561 0.056088
v 0.511893 -0.053581 0.056001
v 0.505419 -0.051403 0.064973
v 0.506112 -0.050045 0.060767
v 0.504033 -0.054119 0.073385
v 0.504726 -0.052761 0.069179
v 0.511862 -0.057252 0.072929
v 0.512555 -0.055894 0.068722
v 0.508641 -0.054328 0.068951
v 0.509172 -0.052192 0.060533
v 0.515615 -0.058041 0.068489
v 0.512394 -0.055116 0.064511
v 0.515292 -0.056486 0.060066
v 0.512232 -0.054339 0.060299
v 0.516473 -0.049825 0.023005
v 0.511693 -0.048268 0.023615
v 0.516524 -0.049879 0.023473
v 0.506811 -0.046603 0.023290
v 0.502032 -0.045046 0.023899
v 0.506862 -0.046657 0.023757
v 0.502134 -0.045156 0.024835
v 0.506964 -0.046767 0.024693
v 0.506913 -0.046712 0.024225
v 0.515218 -0.049651 0.024058
v 0.519998 -0.051208 0.023448
v 0.510438 -0.048095 0.024668
v 0.517386 -0.050752 0.024618
v 0.513912 -0.049423 0.024643
v 0.523437 -0.009326 0.002988
v 0.525730 -0.015136 0.001119
v 0.522353 -0.014186 0.001505
v 0.530191 -0.011226 0.002215
v 0.532483 -0.017037 0.000346
v 0.529107 -0.016086 0.000732
v 0.530316 -0.026757 -0.002620
v 0.526939 -0.025806 -0.002233
v 0.528023 -0.020946 -0.000751
v 0.520111 -0.018196 0.000152
v 0.517818 -0.012386 0.002021
v 0.524697 -0.029817 -0.003587
v 0.522404 -0.024006 -0.001717
v 0.515627 -0.026217 -0.002555
v 0.513334 -0.020407 -0.000686
v 0.517869 -0.022207 -0.001202
v 0.515496 -0.016342 0.000592
v 0.517739 -0.012331 0.001945
v 0.511012 -0.024363 -0.002115
v 0.513254 -0.020352 -0.000762
v 0.510853 -0.024254 -0.002267
v 0.513095 -0.020243 -0.000914
v 0.513175 -0.020298 -0.000838
v 0.517735 -0.012261 0.001922
v 0.520057 -0.008305 0.003352
v 0.513092 -0.020173 -0.000936
v 0.515413 -0.016217 0.000493
v 0.517728 -0.012121 0.001877
v 0.520050 -0.008165 0.003307
v 0.517732 -0.012191 0.001900
v 0.508044 -0.055595 0.073299
v 0.511958 -0.057162 0.073071
v 0.500215 -0.052462 0.073756
v 0.504129 -0.054028 0.073528
v 0.500406 -0.052280 0.074041
v 0.504320 -0.053847 0.073813
v 0.504225 -0.053937 0.073670
v 0.511917 -0.056932 0.073246
v 0.515736 -0.058590 0.072875
v 0.504280 -0.053617 0.073987
v 0.508098 -0.055275 0.073616
v 0.511835 -0.056474 0.073595
v 0.515654 -0.058132 0.073224
v 0.511876 -0.056703 0.073420
v 0.520155 -0.006039 0.015595
v 0.519525 -0.007215 0.017534
v 0.521416 -0.003689 0.011716
v 0.520786 -0.004864 0.013655
v 0.521400 -0.003509 0.011745
v 0.520770 -0.004684 0.013684
v 0.520778 -0.004774 0.013670
v 0.519488 -0.007096 0.017590
v 0.518865 -0.008362 0.019515
v 0.520733 -0.004566 0.013740
v 0.520110 -0.005831 0.015665
v 0.519414 -0.006860 0.017701
v 0.518791 -0.008126 0.019626
v 0.519451 -0.006978 0.017645
v 0.523569 -0.046015 -0.004706
v 0.526008 -0.041282 -0.004684
v 0.524120 -0.046081 -0.004886
v 0.527344 -0.036416 -0.004304
v 0.529783 -0.031683 -0.004282
v 0.527896 -0.036482 -0.004483
v 0.530885 -0.031815 -0.004642
v 0.528998 -0.036614 -0.004843
v 0.528447 -0.036548 -0.004663
v 0.524216 -0.046112 -0.005012
v 0.521778 -0.050845 -0.005034
v 0.526655 -0.041378 -0.004991
v 0.521969 -0.050907 -0.005288
v 0.524312 -0.046142 -0.005139
v 0.524063 -0.046625 0.022509
v 0.526837 -0.037185 0.021906
v 0.523965 -0.046580 0.022398
v 0.522577 -0.051301 0.022700
v 0.526740 -0.037140 0.021795
v 0.525352 -0.041860 0.022097
v 0.523769 -0.046490 0.022178
v 0.522382 -0.051211 0.022479
v 0.523867 -0.046535 0.022288
v 0.502139 -0.044679 0.023120
v 0.506917 -0.046394 0.023082
v 0.506969 -0.046290 0.022978
v 0.502033 -0.044888 0.023328
v 0.506864 -0.046499 0.023186
v 0.516525 -0.049720 0.022901
v 0.511695 -0.048110 0.023043
v 0.511992 -0.047938 0.022816
v 0.507215 -0.046223 0.022854
v 0.521548 -0.051368 0.022739
v 0.516770 -0.049653 0.022778
v 0.522039 -0.051233 0.022493
v 0.517261 -0.049518 0.022531
v 0.517016 -0.049586 0.022654
v 0.515725 -0.014522 0.068993
v 0.518133 -0.008271 0.068172
v 0.510908 -0.027025 0.070636
v 0.513317 -0.020774 0.069815
v 0.510489 -0.026864 0.070219
v 0.512897 -0.020613 0.069397
v 0.513107 -0.020693 0.069606
v 0.517927 -0.008201 0.068004
v 0.520545 -0.002030 0.067392
v 0.515309 -0.014372 0.068617
v 0.520133 -0.001891 0.067056
v 0.517721 -0.008132 0.067836
v 0.501810 -0.044712 0.025576
v 0.503778 -0.039780 0.024877
v 0.503781 -0.039855 0.025572
v 0.501805 -0.044562 0.024187
v 0.503776 -0.039705 0.024183
v 0.507717 -0.029992 0.024174
v 0.505746 -0.034849 0.024179
v 0.505793 -0.034629 0.025376
v 0.509730 -0.024765 0.023978
v 0.507761 -0.029697 0.024677
v 0.509818 -0.024176 0.024984
v 0.507805 -0.029402 0.025180
v 0.524267 0.013491 0.013284
v 0.593924 0.773700 -0.007582
v 0.590277 0.787162 -0.011445
v 0.591783 0.778598 -0.009766
v 0.593606 0.771867 -0.007834
v 0.589959 0.785329 -0.011697
v 0.589324 0.781664 -0.012202
v 0.589642 0.783496 -0.011950
v 0.517524 -0.006609 0.000183
v 0.513024 -0.018336 -0.001501
v 0.510917 -0.023976 -0.002922
v 0.511205 -0.023530 -0.004080
v 0.590808 0.339342 0.059203
v 0.595828 0.386577 0.058573
v 0.585789 0.292106 0.059834
v 0.585511 0.292177 0.059664
v 0.595557 0.386609 0.058415
v 0.590260 0.339444 0.058876
v 0.515673 -0.054391 0.048731
v 0.515514 -0.054528 0.048854
v 0.516134 -0.051993 0.037284
v 0.581573 0.770216 0.033388
v 0.581047 0.770210 0.033104
v 0.581227 0.774068 0.033228
v 0.582626 0.770228 0.033957
v 0.582099 0.770222 0.033673
v 0.584371 0.762537 0.034846
v 0.583845 0.762531 0.034562
v 0.582972 0.766376 0.034117
v 0.518243 -0.053540 -0.042250
v 0.517903 -0.053457 -0.038524
v 0.518584 -0.053623 -0.045975
v 0.518444 -0.053545 -0.046451
v 0.518514 -0.053584 -0.046213
v 0.517833 -0.053441 -0.038854
v 0.517562 -0.053397 -0.034890
v 0.518103 -0.053485 -0.042817
v 0.517422 -0.053365 -0.035549
v 0.517763 -0.053425 -0.039183
v 0.518062 -0.051662 0.072527
v 0.518280 -0.051741 0.072292
v 0.522960 -0.039180 0.070783
v 0.482584 -0.097760 0.024238
v 0.479519 -0.096729 0.024538
v 0.482461 -0.097821 0.024380
v 0.476701 -0.095576 0.024555
v 0.476578 -0.095637 0.024697
v 0.476333 -0.095759 0.024981
v 0.476455 -0.095698 0.024839
v 0.502038 -0.044975 0.024382
v 0.502089 -0.045030 0.024850
v 0.501936 -0.044866 0.023447
v 0.501987 -0.044920 0.023915
v 0.501847 -0.044613 0.023477
v 0.501898 -0.044668 0.023945
v 0.501942 -0.044794 0.023930
v 0.501996 -0.044924 0.025092
v 0.501900 -0.044743 0.024639
v 0.501903 -0.044818 0.025334
v 0.516800 -0.050290 -0.007038
v 0.516938 -0.050348 -0.007196
v 0.516525 -0.050176 -0.006721
v 0.516663 -0.050233 -0.006879
v 0.516824 -0.050221 -0.006917
v 0.516961 -0.050278 -0.007075
v 0.516812 -0.050256 -0.006977
v 0.483389 -0.097771 -0.008063
v 0.480397 -0.096453 -0.007738
v 0.483504 -0.097717 -0.007925
v 0.477175 -0.095244 -0.007688
v 0.477291 -0.095189 -0.007550
v 0.477522 -0.095080 -0.007274
v 0.477406 -0.095134 -0.007412
v 0.483454 -0.097490 -0.007758
v 0.486446 -0.098808 -0.008084
v 0.477472 -0.094853 -0.007107
v 0.480463 -0.096171 -0.007433
v 0.483355 -0.097036 -0.007425
v 0.486346 -0.098354 -0.007751
v 0.483404 -0.097263 -0.007592
v 0.502279 -0.044067 -0.005263
v 0.502062 -0.043641 -0.004360
v 0.502209 -0.044008 -0.004710
v 0.501992 -0.043581 -0.003807
v 0.502101 -0.043794 -0.004259
v 0.502069 -0.043888 -0.003604
v 0.502139 -0.043948 -0.004157
v 0.515523 -0.057294 0.064014
v 0.515361 -0.056516 0.059803
v 0.515846 -0.058850 0.072437
v 0.515685 -0.058072 0.068226
v 0.515985 -0.058911 0.071912
v 0.515823 -0.058134 0.067700
v 0.515754 -0.058103 0.067963
v 0.515439 -0.056487 0.059453
v 0.515901 -0.058104 0.067350
v 0.515670 -0.057295 0.063402
v 0.515596 -0.056428 0.058753
v 0.515517 -0.056457 0.059103
v 0.517050 -0.050044 -0.006918
v 0.516875 -0.050088 -0.006853
v 0.516901 -0.050021 -0.006821
v 0.516999 -0.050177 -0.006983
v 0.516849 -0.050154 -0.006885
v 0.516551 -0.050110 -0.006689
v 0.516700 -0.050132 -0.006787
v 0.516689 -0.049943 -0.006715
v 0.516514 -0.049987 -0.006649
v 0.516478 -0.049864 -0.006609
v 0.501944 -0.044635 0.023358
v 0.501989 -0.044762 0.023343
v 0.502041 -0.044657 0.023239
v 0.519606 -0.050748 -0.008330
v 0.518461 -0.050347 -0.008709
v 0.521896 -0.051548 -0.007571
v 0.520751 -0.051148 -0.007950
v 0.522377 -0.051489 -0.011974
v 0.521232 -0.051088 -0.012353
v 0.520991 -0.051118 -0.010152
v 0.518532 -0.050316 -0.010101
v 0.517146 -0.049945 -0.008279
v 0.519917 -0.050686 -0.011923
v 0.517287 -0.049882 -0.011063
v 0.518602 -0.050284 -0.011493
v 0.518788 -0.051017 0.024102
v 0.520094 -0.051245 0.023517
v 0.517483 -0.050789 0.024687
v 0.517675 -0.050863 0.024825
v 0.517579 -0.050826 0.024756
v 0.520222 -0.051299 0.023582
v 0.521431 -0.051489 0.022927
v 0.519013 -0.051108 0.024236
v 0.521687 -0.051597 0.023057
v 0.520350 -0.051352 0.023646
v 0.522147 -0.051453 0.022855
v 0.521933 -0.051530 0.022933
v 0.522362 -0.051377 0.022778
v 0.522167 -0.051287 0.022557
v 0.522265 -0.051332 0.022667
v 0.521804 -0.051476 0.022869
v 0.521922 -0.051355 0.022681
v 0.521676 -0.051422 0.022804
v 0.516975 -0.050246 -0.007103
v 0.516963 -0.050281 -0.007164
v 0.516987 -0.050212 -0.007043
v 0.517038 -0.050078 -0.006979
v 0.517013 -0.050145 -0.007011
v 0.517071 -0.050148 -0.008463
v 0.517034 -0.050249 -0.008556
v 0.517109 -0.050047 -0.008371
v 0.517250 -0.049983 -0.011156
v 0.517179 -0.050015 -0.009763
v 0.517084 -0.050221 -0.009950
v 0.516976 -0.050354 -0.008650
v 0.517192 -0.050088 -0.011250
v 0.517077 -0.050299 -0.011438
v 0.517135 -0.050193 -0.011344
v 0.502196 -0.043628 -0.003594
v 0.502260 -0.043498 -0.003589
v 0.502132 -0.043758 -0.003599
v 0.502056 -0.043451 -0.003802
v 0.502094 -0.043605 -0.003701
v 0.521592 -0.051171 -0.005046
v 0.521499 -0.051333 -0.005053
v 0.521685 -0.051008 -0.005040
v 0.521876 -0.051069 -0.005294
v 0.521781 -0.051039 -0.005167
v 0.521585 -0.051361 -0.005162
v 0.521963 -0.051097 -0.005403
v 0.521774 -0.051229 -0.005283
v 0.521758 -0.051417 -0.005381
v 0.521672 -0.051389 -0.005272
v 0.522084 -0.051226 -0.007607
v 0.521981 -0.051386 -0.007596
v 0.522288 -0.050906 -0.007630
v 0.522186 -0.051066 -0.007618
v 0.522222 -0.051356 -0.009798
v 0.522702 -0.051297 -0.014200
v 0.522462 -0.051326 -0.011999
v 0.583807 0.807791 0.028931
v 0.584068 0.806989 0.029343
v 0.583546 0.808593 0.028520
v 0.584700 0.808161 0.028410
v 0.615191 0.613898 0.008434
v 0.615167 0.492111 0.006819
v 0.578742 0.788582 -0.013913
v 0.579461 0.786281 -0.013868
v 0.578023 0.790883 -0.013957
v 0.577597 0.789506 -0.013289
v 0.582863 0.762385 -0.003733
v 0.584064 0.759191 -0.003015
v 0.583251 0.762407 -0.003950
v 0.584488 0.755952 -0.001862
v 0.584876 0.755974 -0.002079
v 0.585653 0.756019 -0.002514
v 0.585265 0.755996 -0.002297
v 0.583659 0.762308 -0.004197
v 0.582458 0.765502 -0.004915
v 0.584860 0.759114 -0.003479
v 0.583274 0.765304 -0.005409
v 0.584067 0.762209 -0.004444
v 0.520298 -0.005317 -0.038695
v 0.518138 -0.011442 -0.040264
v 0.520440 -0.005350 -0.038763
v 0.513534 -0.023625 -0.043265
v 0.515836 -0.017534 -0.041764
v 0.513818 -0.023690 -0.043401
v 0.516120 -0.017598 -0.041900
v 0.515978 -0.017566 -0.041832
v 0.520500 -0.005391 -0.038899
v 0.522661 0.000733 -0.037330
v 0.518340 -0.011516 -0.040467
v 0.522781 0.000649 -0.037602
v 0.520561 -0.005433 -0.039035
v 0.517406 -0.057165 0.061787
v 0.520109 -0.053611 0.042063
v 0.518576 -0.055496 0.051932
v 0.517225 -0.057273 0.061794
v 0.519927 -0.053719 0.042070
v 0.519565 -0.053934 0.042085
v 0.519746 -0.053827 0.042078
v 0.516919 -0.055597 0.053197
v 0.516766 -0.054758 0.048899
v 0.517072 -0.056435 0.057496
v 0.519412 -0.053096 0.037787
v 0.518242 -0.054765 0.047641
v 0.516996 -0.053560 0.043175
v 0.518320 -0.052729 0.037619
v 0.517227 -0.052361 0.037451
v 0.540774 -0.002878 0.001961
v 0.542397 0.002904 0.008198
v 0.480321 -0.096484 -0.009093
v 0.477214 -0.095220 -0.008906
v 0.486535 -0.099012 -0.009468
v 0.483428 -0.097748 -0.009280
v 0.486613 -0.098965 -0.011902
v 0.483506 -0.097701 -0.011715
v 0.483467 -0.097724 -0.010498
v 0.501853 -0.044642 -0.007898
v 0.501980 -0.045411 0.038165
v 0.476904 -0.088763 0.028478
v 0.476864 -0.088797 0.030012
v 0.476944 -0.088729 0.026943
v 0.484373 -0.076662 0.027198
v 0.480658 -0.082695 0.027070
v 0.532749 0.035426 0.064208
v 0.524202 0.010594 0.065995
v 0.526988 0.014176 -0.034938
v 0.535282 0.041312 -0.029340
v 0.550412 0.035992 -0.029976
v 0.542093 0.009106 -0.035234
v 0.528606 0.022946 0.065232
v 0.524333 0.010530 0.066125
v 0.532880 0.035361 0.064339
v 0.533142 0.035233 0.064600
v 0.533011 0.035297 0.064469
v 0.524538 0.010460 0.066293
v 0.533348 0.035164 0.064768
v 0.528943 0.022812 0.065530
v 0.524949 0.010322 0.066629
v 0.524744 0.010391 0.066461
v 0.539164 0.005825 0.066498
v 0.547451 0.030413 0.064865
v 0.532085 0.008137 0.066506
v 0.535652 0.007044 0.066445
v 0.528517 0.009229 0.066568
v 0.536915 0.034072 0.064706
v 0.532716 0.021650 0.065637
v 0.539796 0.019339 0.065629
v 0.540427 0.032852 0.064759
v 0.543939 0.031633 0.064812
v 0.503900 -0.040743 0.055828
v 0.508142 -0.029831 0.056760
v 0.514490 -0.042780 -0.048093
v 0.511162 -0.040587 -0.047826
v 0.517818 -0.044973 -0.048360
v 0.522707 -0.033719 -0.044954
v 0.520262 -0.039346 -0.046657
v 0.513305 -0.035512 -0.046378
v 0.507533 -0.038946 -0.047813
v 0.519077 -0.032078 -0.044942
v 0.511817 -0.028797 -0.044917
v 0.515447 -0.030437 -0.044929
v 0.510712 -0.048775 0.072956
v 0.514490 -0.050203 0.072760
v 0.503156 -0.045918 0.073349
v 0.506934 -0.047346 0.073153
v 0.508464 -0.033376 0.071679
v 0.512242 -0.034805 0.071483
v 0.509588 -0.041076 0.072318
v 0.516938 -0.043962 0.071888
v 0.515815 -0.036263 0.071250
v 0.519387 -0.037722 0.071017
v 0.513723 -0.043195 0.022501
v 0.508700 -0.041548 0.022663
v 0.518746 -0.044843 0.022340
v 0.521717 -0.035492 0.021957
v 0.520231 -0.040167 0.022148
v 0.510664 -0.036726 0.022687
v 0.517173 -0.033698 0.022334
v 0.512629 -0.031904 0.022711
v 0.516561 -0.012507 0.020519
v 0.516598 -0.012625 0.020463
v 0.516487 -0.012271 0.020630
v 0.516524 -0.012389 0.020574
v 0.511953 -0.020797 0.022527
v 0.511990 -0.020915 0.022471
v 0.514257 -0.016652 0.021523
v 0.514385 -0.016827 0.021376
v 0.512081 -0.020972 0.022381
v 0.512172 -0.021029 0.022290
v 0.519812 -0.005488 -0.035194
v 0.514204 -0.042392 -0.003834
v 0.519034 -0.044215 -0.004190
v 0.504544 -0.038745 -0.003122
v 0.509374 -0.040568 -0.003478
v 0.508909 -0.029193 -0.002400
v 0.513739 -0.031016 -0.002756
v 0.511557 -0.035792 -0.003117
v 0.520922 -0.039416 -0.003989
v 0.518274 -0.032816 -0.003272
v 0.522809 -0.034616 -0.003788
v 0.504363 -0.038667 -0.003304
v 0.504465 -0.038691 -0.003198
v 0.504159 -0.038621 -0.003517
v 0.504261 -0.038644 -0.003411
v 0.508568 -0.029006 -0.002734
v 0.508670 -0.029030 -0.002628
v 0.506466 -0.033837 -0.003019
v 0.506647 -0.033915 -0.002837
v 0.508750 -0.029084 -0.002552
v 0.508830 -0.029139 -0.002476
v 0.532595 -0.016952 0.000287
v 0.532818 -0.016783 0.000171
v 0.532707 -0.016868 0.000229
v 0.530427 -0.026672 -0.002678
v 0.531511 -0.021812 -0.001195
v 0.539505 -0.006686 0.022768
v 0.539264 -0.006964 0.022606
v 0.502946 -0.045838 0.073140
v 0.507835 -0.033135 0.071053
v 0.505600 -0.039567 0.072305
v 0.508045 -0.033216 0.071262
v 0.508254 -0.033296 0.071471
v 0.517146 -0.007024 0.023885
v 0.512290 -0.018262 0.024953
v 0.514674 -0.012938 0.023916
v 0.517102 -0.007319 0.023383
v 0.512246 -0.018557 0.024450
v 0.512158 -0.019146 0.023445
v 0.512202 -0.018852 0.023947
v 0.504303 -0.038398 -0.004096
v 0.509000 -0.028337 -0.004471
v 0.506508 -0.033591 -0.003705
v 0.508856 -0.028560 -0.003892
v 0.508712 -0.028783 -0.003313
v 0.537830 -0.012297 -0.002073
v 0.533568 -0.025353 -0.003905
v 0.516897 -0.008970 0.022465
v 0.519369 -0.003056 0.022434
v 0.514425 -0.014883 0.022496
v 0.518959 -0.006357 0.020599
v 0.516692 -0.010620 0.021547
v 0.520796 0.001818 0.003959
v 0.521200 0.001150 0.006642
v 0.520179 -0.001414 0.003708
v 0.522838 0.006947 0.009826
v 0.523243 0.006279 0.012510
v 0.522221 0.003715 0.009576
v 0.522009 -0.000186 0.012010
v 0.520988 -0.002750 0.009076
v 0.521605 0.000482 0.009326
v 0.520247 -0.003251 0.004273
v 0.519843 -0.002583 0.001590
v 0.521056 -0.004587 0.009641
v 0.520651 -0.003919 0.006957
v 0.520383 -0.006926 0.005403
v 0.519979 -0.006258 0.002719
v 0.520315 -0.005088 0.004838
v 0.517592 -0.008447 0.000748
v 0.517660 -0.010284 0.001313
v 0.515342 -0.014310 -0.000094
v 0.532004 -0.016859 0.019663
v 0.533245 -0.011679 0.019004
v 0.529520 -0.027220 0.020982
v 0.530762 -0.022039 0.020322
v 0.532110 -0.016732 0.019737
v 0.533352 -0.011551 0.019078
v 0.532057 -0.016795 0.019700
v 0.540521 -0.003462 0.019966
v 0.541350 -0.000537 0.017067
v 0.540454 -0.003622 0.019950
v 0.542313 0.002709 0.014200
v 0.543141 0.005634 0.011300
v 0.542245 0.002549 0.014184
v 0.543006 0.005313 0.011268
v 0.542110 0.002227 0.014151
v 0.542178 0.002388 0.014167
v 0.540333 -0.003761 0.019869
v 0.541990 0.002088 0.014070
v 0.541161 -0.000836 0.016969
v 0.540093 -0.004039 0.019707
v 0.540213 -0.003900 0.019788
v 0.537754 -0.012393 -0.002033
v 0.539885 -0.005866 -0.001117
v 0.533491 -0.025449 -0.003865
v 0.535622 -0.018921 -0.002949
v 0.537600 -0.012586 -0.001952
v 0.539731 -0.006058 -0.001036
v 0.537677 -0.012490 -0.001992
v 0.534994 -0.018951 -0.002729
v 0.537049 -0.012520 -0.001772
v 0.532940 -0.025383 -0.003685
v 0.531838 -0.025251 -0.003326
v 0.532389 -0.025317 -0.003505
v 0.535639 -0.013941 -0.001125
v 0.538244 -0.007575 -0.000348
v 0.533033 -0.020306 -0.001901
v 0.535424 -0.010417 0.000947
v 0.534228 -0.015362 -0.000477
v 0.537921 -0.007135 0.019549
v 0.535473 -0.007201 0.013597
v 0.536486 -0.008232 0.018697
v 0.537709 -0.008199 0.021672
v 0.534039 -0.008297 0.012745
v 0.535262 -0.008264 0.015721
v 0.533616 -0.010424 0.016991
v 0.534840 -0.010391 0.019967
v 0.535051 -0.009328 0.017844
v 0.612226 0.692224 0.007374
v 0.608958 0.709421 0.005267
v 0.611934 0.691988 0.007134
v 0.605982 0.726854 0.003399
v 0.605398 0.726381 0.002920
v 0.605690 0.726617 0.003159
v 0.587573 0.770985 -0.007837
v 0.584557 0.770544 -0.007838
v 0.590590 0.771426 -0.007836
v 0.586307 0.781223 -0.012203
v 0.588449 0.776324 -0.010019
v 0.583788 0.775582 -0.010047
v 0.582912 0.770243 -0.007865
v 0.584663 0.780922 -0.012230
v 0.581374 0.780319 -0.012283
v 0.583019 0.780620 -0.012257
v 0.611032 0.695445 0.042041
v 0.604691 0.729325 0.039054
v 0.520793 0.001984 0.003983
v 0.522831 0.007445 0.009901
v 0.521815 0.004549 0.006917
v 0.522833 0.007279 0.009876
v 0.522836 0.007113 0.009851
v 0.527155 -0.009127 0.004683
v 0.530532 -0.010077 0.004297
v 0.520401 -0.007226 0.005456
v 0.523778 -0.008177 0.005070
v 0.521083 -0.004928 0.009620
v 0.524460 -0.005878 0.009233
v 0.524119 -0.007027 0.007151
v 0.530567 -0.008905 0.006501
v 0.527531 -0.006806 0.008969
v 0.530602 -0.007733 0.008706
v 0.533510 -0.010551 0.016917
v 0.533457 -0.010615 0.016881
v 0.533563 -0.010488 0.016954
v 0.533986 -0.008361 0.012708
v 0.533774 -0.009424 0.014831
v 0.533586 -0.009552 0.014800
v 0.533850 -0.008425 0.012714
v 0.533715 -0.008488 0.012720
v 0.520390 -0.007066 0.005448
v 0.520393 -0.007136 0.005471
v 0.520387 -0.006996 0.005426
v 0.521059 -0.004658 0.009663
v 0.520723 -0.005827 0.007544
v 0.520734 -0.005987 0.007552
v 0.521067 -0.004748 0.009649
v 0.521075 -0.004838 0.009634
v 0.542467 0.023910 -0.032403
v 0.538307 0.010467 -0.035032
v 0.546626 0.037353 -0.029774
v 0.539055 0.040076 -0.029371
v 0.542840 0.038714 -0.029573
v 0.534534 0.011703 -0.035001
v 0.534908 0.026508 -0.032170
v 0.530761 0.012940 -0.034970
v 0.543224 0.070270 0.024396
v 0.543032 0.068501 0.027895
v 0.543416 0.072039 0.020898
v 0.543389 0.075233 0.021197
v 0.543403 0.073636 0.021047
v 0.519824 -0.003559 0.019536
v 0.520028 -0.001909 0.020454
v 0.519619 -0.005210 0.018618
v 0.520938 -0.002915 0.014658
v 0.520278 -0.004062 0.016638
v 0.521100 0.000820 0.017806
v 0.521554 0.000317 0.014908
v 0.522171 0.003550 0.015158
v 0.540629 -0.003135 0.001985
v 0.540706 -0.003039 0.001945
v 0.540476 -0.003328 0.002066
v 0.540552 -0.003231 0.002026
v 0.542194 0.002422 0.008149
v 0.541373 -0.000405 0.005087
v 0.541518 -0.000148 0.005063
v 0.542262 0.002582 0.008165
v 0.542330 0.002743 0.008182
v 0.536893 -0.007845 0.002556
v 0.535483 -0.009266 0.003204
v 0.485228 -0.090072 -0.036301
v 0.482292 -0.088983 -0.036143
v 0.491100 -0.092252 -0.036618
v 0.488164 -0.091162 -0.036460
v 0.499124 -0.081752 -0.036417
v 0.496188 -0.080662 -0.036258
v 0.492176 -0.085912 -0.036359
v 0.486093 -0.083683 -0.036023
v 0.493041 -0.079522 -0.036080
v 0.489895 -0.078382 -0.035903
v 0.483705 -0.090838 0.024532
v 0.480764 -0.089747 0.024691
v 0.489588 -0.093021 0.024215
v 0.486647 -0.091930 0.024373
v 0.497714 -0.081362 0.024486
v 0.494773 -0.080270 0.024644
v 0.490710 -0.086100 0.024509
v 0.484484 -0.083790 0.024845
v 0.491489 -0.079052 0.024822
v 0.488205 -0.077834 0.024999
v 0.482703 -0.092048 0.054916
v 0.485640 -0.093138 0.054757
v 0.479766 -0.090959 0.055074
v 0.487376 -0.080331 0.055315
v 0.483571 -0.085645 0.055195
v 0.489624 -0.087887 0.054868
v 0.488755 -0.094291 0.054589
v 0.490492 -0.081483 0.055147
v 0.496723 -0.083788 0.054811
v 0.493607 -0.082636 0.054979
v 0.484133 -0.089988 -0.007112
v 0.487075 -0.091079 -0.007271
v 0.481192 -0.088896 -0.006953
v 0.488632 -0.076983 -0.006644
v 0.484912 -0.082939 -0.006799
v 0.491138 -0.085250 -0.007135
v 0.490360 -0.092298 -0.007448
v 0.491917 -0.078201 -0.006822
v 0.498487 -0.080639 -0.007177
v 0.495202 -0.079420 -0.006999
v 0.491198 -0.092628 -0.036330
v 0.491158 -0.092395 -0.036472
v 0.499298 -0.082183 -0.035979
v 0.495170 -0.087145 -0.036372
v 0.499240 -0.082039 -0.036125
v 0.499182 -0.081895 -0.036271
v 0.498745 -0.051011 -0.006435
v 0.498612 -0.050933 -0.006500
v 0.498878 -0.051089 -0.006371
v 0.492478 -0.063601 -0.006387
v 0.495678 -0.057345 -0.006379
v 0.495418 -0.057254 -0.006548
v 0.498485 -0.050920 -0.006604
v 0.492351 -0.063588 -0.006491
v 0.492097 -0.063563 -0.006700
v 0.492224 -0.063575 -0.006596
v 0.498527 -0.053879 0.055597
v 0.498376 -0.053829 0.055405
v 0.498679 -0.053928 0.055789
v 0.491622 -0.067228 0.055531
v 0.495150 -0.060578 0.055660
v 0.488803 -0.094516 0.054423
v 0.489674 -0.093170 0.024359
v 0.497971 -0.081808 0.024920
v 0.493737 -0.087340 0.024495
v 0.497885 -0.081659 0.024775
v 0.497800 -0.081510 0.024630
v 0.490459 -0.092752 -0.007781
v 0.490509 -0.092979 -0.007948
v 0.490410 -0.092525 -0.007615
v 0.498537 -0.080866 -0.007343
v 0.494473 -0.086695 -0.007479
v 0.498402 -0.051962 0.025961
v 0.498528 -0.052053 0.025873
v 0.498150 -0.051781 0.026138
v 0.498276 -0.051872 0.026049
v 0.491595 -0.064413 0.025818
v 0.494936 -0.058143 0.025933
v 0.495190 -0.058249 0.025730
v 0.491723 -0.064430 0.025703
v 0.491851 -0.064446 0.025588
v 0.494801 -0.058105 0.027559
v 0.491461 -0.064376 0.027443
v 0.498659 -0.050963 -0.007946
v 0.492270 -0.063605 -0.008042
v 0.495465 -0.057284 -0.007994
v 0.607939 0.493198 0.006834
v 0.604325 0.493741 0.006842
v 0.611553 0.492655 0.006827
v 0.611576 0.614442 0.008442
v 0.611565 0.553548 0.007634
v 0.604127 0.553276 0.007805
v 0.600502 0.492926 0.007005
v 0.611379 0.673977 0.009404
v 0.607753 0.613626 0.008604
v 0.603732 0.672346 0.009729
v 0.600106 0.611996 0.008930
v 0.603930 0.612811 0.008767
v 0.582097 0.770441 -0.007371
v 0.581689 0.770541 -0.007124
v 0.582504 0.770342 -0.007618
v 0.580966 0.780418 -0.012036
v 0.581735 0.775380 -0.009827
v 0.580183 0.776403 -0.008956
v 0.580545 0.771464 -0.006500
v 0.579822 0.781342 -0.011412
v 0.577534 0.783190 -0.010164
v 0.578678 0.782266 -0.010788
v 0.584501 0.774991 0.033600
v 0.588653 0.771623 0.034196
v 0.585905 0.770706 0.034109
v 0.589997 0.776826 0.033774
v 0.594150 0.773458 0.034371
v 0.591401 0.772541 0.034283
v 0.596958 0.764887 0.035389
v 0.594210 0.763970 0.035302
v 0.592806 0.768255 0.034793
v 0.586778 0.766860 0.034554
v 0.590930 0.763492 0.035150
v 0.587651 0.763014 0.034998
v 0.594683 0.773131 0.034203
v 0.598558 0.763907 0.034887
v 0.596087 0.768846 0.034712
v 0.598025 0.764234 0.035054
v 0.597491 0.764560 0.035222
v 0.599656 0.671807 0.009978
v 0.586092 0.742294 0.020417
v 0.586036 0.742436 0.022691
v 0.604101 0.746315 0.021275
v 0.604081 0.746367 0.022187
v 0.604122 0.746262 0.020364
v 0.604758 0.745521 0.020442
v 0.604440 0.745892 0.020403
v 0.584856 0.747394 0.016216
v 0.574598 0.799056 -0.005398
v 0.573998 0.797610 -0.004636
v 0.575800 0.801949 -0.006922
v 0.575199 0.800503 -0.006160
v 0.575686 0.804955 0.001339
v 0.575085 0.803509 0.002101
v 0.575142 0.802006 -0.002030
v 0.573798 0.799217 -0.000701
v 0.574342 0.802166 0.002667
v 0.573598 0.800824 0.003233
v 0.586994 0.742730 0.022782
v 0.587473 0.742876 0.022828
v 0.586515 0.742583 0.022736
v 0.586571 0.742440 0.020462
v 0.586543 0.742512 0.021599
v 0.587501 0.742804 0.021673
v 0.587952 0.743022 0.022855
v 0.587050 0.742586 0.020490
v 0.588008 0.742878 0.020545
v 0.587529 0.742732 0.020518
v 0.602913 0.746206 0.016643
v 0.602426 0.746097 0.016625
v 0.603401 0.746315 0.016661
v 0.603359 0.746420 0.018483
v 0.603380 0.746367 0.017572
v 0.602405 0.746150 0.017551
v 0.602871 0.746311 0.018480
v 0.602383 0.746203 0.018477
v 0.586402 0.744626 0.023938
v 0.585626 0.745428 0.024479
v 0.587177 0.743824 0.023397
v 0.587233 0.743680 0.021087
v 0.587205 0.743752 0.022242
v 0.585681 0.745184 0.022611
v 0.586484 0.744310 0.020914
v 0.585735 0.744940 0.020742
v 0.579039 0.781826 0.031846
v 0.579565 0.781832 0.032130
v 0.578512 0.781820 0.031561
v 0.575189 0.797348 0.029366
v 0.576851 0.789584 0.030463
v 0.578157 0.789596 0.031269
v 0.580345 0.781838 0.032651
v 0.575969 0.797354 0.029886
v 0.577529 0.797366 0.030928
v 0.576749 0.797360 0.030407
v 0.582662 0.762290 -0.002284
v 0.583887 0.755667 0.002485
v 0.583475 0.759074 -0.001348
v 0.584087 0.755762 0.001036
v 0.584287 0.755857 -0.000413
v 0.604287 0.690358 0.007460
v 0.600464 0.689543 0.007622
v 0.608111 0.691173 0.007297
v 0.601575 0.725566 0.003082
v 0.604843 0.708370 0.005190
v 0.597707 0.706895 0.005332
v 0.597152 0.688883 0.007602
v 0.598263 0.724907 0.003062
v 0.591639 0.723587 0.003021
v 0.594951 0.724247 0.003042
v 0.585841 0.783673 0.032825
v 0.588589 0.784590 0.032913
v 0.583093 0.782755 0.032738
v 0.580277 0.798283 0.031015
v 0.581685 0.790519 0.031877
v 0.586197 0.791809 0.031913
v 0.590353 0.784962 0.032862
v 0.582041 0.798655 0.030965
v 0.585568 0.799400 0.030864
v 0.583804 0.799028 0.030914
v 0.595655 0.692218 0.041291
v 0.589591 0.726190 0.037809
v 0.592945 0.709106 0.039757
v 0.595977 0.692121 0.041498
v 0.589913 0.726092 0.038016
v 0.590557 0.725897 0.038431
v 0.590235 0.725994 0.038223
v 0.596647 0.689434 0.007774
v 0.596395 0.689709 0.007860
v 0.596900 0.689159 0.007688
v 0.591387 0.723863 0.003107
v 0.594143 0.706511 0.005397
v 0.603735 0.693757 0.041749
v 0.607614 0.694575 0.041875
v 0.599856 0.692939 0.041623
v 0.594436 0.726715 0.038556
v 0.597146 0.709827 0.040090
v 0.604443 0.711515 0.040381
v 0.597854 0.727585 0.038722
v 0.601273 0.728455 0.038888
v 0.034057 -0.246171 -0.011142
v 0.080215 -0.243640 -0.113216
v 0.067497 -0.245866 -0.082271
v 0.072167 -0.244273 -0.100487
v 0.064120 -0.244906 -0.087758
f 1 3254 3256
f 3254 1523 3255
f 3255 1525 3256
f 3254 3255 3256
f 1523 3257 3259
f 3257 2 3258
f 3258 1524 3259
f 3257 3258 3259
f 1524 3260 3262
f 3260 3 3261
f 3261 1525 3262
f 3260 3261 3262
f 1523 3259 3255
f 3259 1524 3262
f 3262 1525 3255
f 3259 3262 3255
f 1 3256 4
f 3256 1525 3263
f 3256 3263 4
f 1525 3261 3265
f 3261 3 3264
f 3264 1526 3265
f 3261 3264 3265
f 1526 3266 3267
f 3266 4 3267
f 1525 3265 3263
f 3265 1526 3267
f 3267 4 3263
f 3265 3267 3263
f 5 3268 4
f 3268 1527 4
f 1527 3269 3270
f 3269 1 4
f 3269 4 3270
f 1527 3270 4
f 5 4 3271
f 4 1528 3271
f 4 6 3272
f 3272 1528 4
f 7 3273 9
f 3273 8 9
f 9 1529 7
f 9 10 3274
f 3274 1529 9
f 7 1529 11
f 1529 3274 11
f 3274 10 11
f 11 10 12
f 13 11 12
f 13 12 3275
f 12 1530 3275
f 12 14 3276
f 3276 1530 12
f 15 3277 3279
f 3277 1531 3278
f 3278 1533 3279
f 3277 3278 3279
f 1531 3280 3282
f 3280 16 3281
f 3281 1532 3282
f 3280 3281 3282
f 1532 3283 3285
f 3283 17 3284
f 3284 1533 3285
f 3283 3284 3285
f 1531 3282 3278
f 3282 1532 3285
f 3285 1533 3278
f 3282 3285 3278
f 15 3279 3287
f 3279 1533 3286
f 3286 1535 3287
f 3279 3286 3287
f 1533 3284 3289
f 3284 17 3288
f 3288 1534 3289
f 3284 3288 3289
f 1534 3290 3292
f 3290 18 3291
f 3291 1535 3292
f 3290 3291 3292
f 1533 3289 3286
f 3289 1534 3292
f 3292 1535 3286
f 3289 3292 3286
f 19 3293 3294
f 3293 1536 21
f 3293 21 3294
f 1536 3295 21
f 3295 20 21
f 19 3294 22
f 3294 21 22
f 23 3296 3298
f 3296 1537 3297
f 3297 1539 3298
f 3296 3297 3298
f 1537 3299 3301
f 3299 24 3300
f 3300 1538 3301
f 3299 3300 3301
f 1538 3302 3304
f 3302 25 3303
f 3303 1539 3304
f 3302 3303 3304
f 1537 3301 3297
f 3301 1538 3304
f 3304 1539 3297
f 3301 3304 3297
f 23 3298 3306
f 3298 1539 3305
f 3305 1541 3306
f 3298 3305 3306
f 1539 3303 3308
f 3303 25 3307
f 3307 1540 3308
f 3303 3307 3308
f 1540 3309 3311
f 3309 26 3310
f 3310 1541 3311
f 3309 3310 3311
f 1539 3308 3305
f 3308 1540 3311
f 3311 1541 3305
f 3308 3311 3305
f 3312 1542 27
f 28 3312 27
f 1542 3313 27
f 3313 29 27
f 27 29 3314
f 3314 1543 3315
f 27 3314 3315
f 1543 3316 3317
f 3316 30 27
f 3316 27 3317
f 3315 1543 3317
f 3315 3317 27
f 27 30 31
f 31 30 3318
f 3318 1544 31
f 1544 3319 31
f 3319 32 31
f 34 1545 33
f 1545 3320 33
f 3320 35 33
f 33 35 3321
f 3321 1546 33
f 1546 3322 33
f 3322 36 33
f 3323 1549 37
f 1547 3323 37
f 1547 38 3324
f 3324 1548 3325
f 1547 3324 3325
f 1548 3326 3328
f 3326 39 3327
f 3327 1549 3328
f 3326 3327 3328
f 1547 3325 3323
f 3325 1548 3328
f 3328 1549 3323
f 3325 3328 3323
f 37 1549 3329
f 3329 1551 37
f 1549 3327 3331
f 3327 39 3330
f 3330 1550 3331
f 3327 3330 3331
f 1550 3332 3334
f 3332 40 3333
f 3333 1551 3334
f 3332 3333 3334
f 1549 3331 3329
f 3331 1550 3334
f 3334 1551 3329
f 3331 3334 3329
f 37 1551 41
f 1551 3333 41
f 3333 40 41
f 41 40 3335
f 3335 1552 41
f 1552 3336 41
f 3336 42 41
f 44 45 43
f 43 45 1553
f 1553 3337 43
f 3337 46 43
f 43 46 47
f 47 46 3338
f 3338 1554 47
f 1554 48 47
f 47 48 49
f 49 48 50
f 52 19 51
f 51 19 3339
f 3339 1555 51
f 1555 3340 51
f 3340 53 51
f 55 56 54
f 56 1556 54
f 1556 3341 54
f 3341 57 54
f 59 2 58
f 58 2 3257
f 3257 1523 58
f 1523 3254 58
f 3254 1 58
f 58 1 60
f 60 1 3269
f 3269 1527 60
f 1527 3268 60
f 3268 5 60
f 61 62 3342
f 3342 1557 61
f 1557 8 61
f 61 8 3273
f 3273 7 61
f 61 7 63
f 63 7 11
f 63 11 64
f 11 13 64
f 66 1558 65
f 1558 3343 65
f 3343 16 65
f 65 16 3280
f 3280 1531 65
f 1531 3277 65
f 3277 15 65
f 67 20 52
f 52 20 3295
f 3295 1536 52
f 1536 3293 52
f 3293 19 52
f 68 3344 3346
f 3344 1559 3345
f 3345 1560 3346
f 3344 3345 3346
f 1559 3347 3348
f 3347 69 70
f 3347 70 3348
f 3349 1560 3350
f 70 3349 3350
f 1559 3348 3345
f 3348 70 3350
f 3350 1560 3345
f 3348 3350 3345
f 68 3346 3352
f 3346 1560 3351
f 3351 1562 3352
f 3346 3351 3352
f 1560 3349 3354
f 3349 70 3353
f 3353 1561 3354
f 3349 3353 3354
f 1561 3355 3357
f 3355 71 3356
f 3356 1562 3357
f 3355 3356 3357
f 1560 3354 3351
f 3354 1561 3357
f 3357 1562 3351
f 3354 3357 3351
f 72 73 74
f 72 74 75
f 76 72 75
f 75 77 76
f 76 77 78
f 78 79 76
f 51 53 3358
f 3358 1563 51
f 1563 56 51
f 51 56 55
f 3359 1564 3360
f 3360 1565 80
f 3359 3360 80
f 1564 3361 3362
f 3361 8 1557
f 3361 1557 3362
f 1557 3342 1565
f 3342 62 1565
f 1564 3362 3360
f 3362 1557 1565
f 3362 1565 3360
f 80 1565 81
f 1565 62 81
f 82 75 74
f 74 83 82
f 84 70 74
f 84 74 73
f 85 86 87
f 85 87 88
f 90 87 89
f 89 87 9
f 91 92 93
f 91 93 3363
f 93 1566 3363
f 93 94 3364
f 3364 1566 93
f 96 97 95
f 95 97 98
f 100 101 99
f 99 101 102
f 54 95 98
f 54 98 55
f 103 104 44
f 103 44 105
f 81 62 92
f 92 62 93
f 106 103 105
f 106 105 107
f 99 108 3365
f 3365 1567 99
f 1567 3366 99
f 3366 109 99
f 99 109 3367
f 3367 1568 99
f 1568 100 99
f 110 106 107
f 110 107 3368
f 107 1569 3368
f 107 111 3369
f 3369 1569 107
f 96 1570 3370
f 1570 3371 3372
f 3371 110 3368
f 3368 1569 3372
f 3371 3368 3372
f 1569 3369 3373
f 3369 111 96
f 3369 96 3373
f 1570 3372 3370
f 3372 1569 3373
f 3373 96 3370
f 3372 3373 3370
f 96 111 3374
f 3374 1571 96
f 1571 3375 96
f 3375 97 96
f 102 101 33
f 33 101 3376
f 3376 1572 33
f 1572 34 33
f 108 3377 3379
f 3377 1573 3378
f 3378 1574 3379
f 3377 3378 3379
f 1573 3380 3381
f 3380 91 3363
f 3363 1566 3381
f 3380 3363 3381
f 1566 3364 3383
f 3364 94 3382
f 3382 1574 3383
f 3364 3382 3383
f 1573 3381 3378
f 3381 1566 3383
f 3383 1574 3378
f 3381 3383 3378
f 108 3379 3365
f 3379 1574 3384
f 3384 1567 3365
f 3379 3384 3365
f 1574 3382 3386
f 3382 94 3385
f 3385 1575 3386
f 3382 3385 3386
f 1575 3387 3388
f 3387 109 3366
f 3366 1567 3388
f 3387 3366 3388
f 1574 3386 3384
f 3386 1575 3388
f 3388 1567 3384
f 3386 3388 3384
f 26 3309 3390
f 3309 1540 3389
f 3389 1577 3390
f 3309 3389 3390
f 1540 3307 3392
f 3307 25 3391
f 3391 1576 3392
f 3307 3391 3392
f 1576 3393 3395
f 3393 112 3394
f 3394 1577 3395
f 3393 3394 3395
f 1540 3392 3389
f 3392 1576 3395
f 3395 1577 3389
f 3392 3395 3389
f 26 3390 3397
f 3390 1577 3396
f 3396 1579 3397
f 3390 3396 3397
f 1577 3394 3399
f 3394 112 3398
f 3398 1578 3399
f 3394 3398 3399
f 1578 3400 3402
f 3400 113 3401
f 3401 1579 3402
f 3400 3401 3402
f 1577 3399 3396
f 3399 1578 3402
f 3402 1579 3396
f 3399 3402 3396
f 30 3316 3404
f 3316 1543 3403
f 3403 1581 3404
f 3316 3403 3404
f 1543 3314 3406
f 3314 29 3405
f 3405 1580 3406
f 3314 3405 3406
f 1580 3407 3409
f 3407 114 3408
f 3408 1581 3409
f 3407 3408 3409
f 1543 3406 3403
f 3406 1580 3409
f 3409 1581 3403
f 3406 3409 3403
f 30 3404 115
f 3404 1581 115
f 1581 3408 115
f 3408 114 115
f 32 3319 115
f 3319 1544 115
f 1544 3318 115
f 3318 30 115
f 32 115 82
f 36 3322 3411
f 3322 1546 3410
f 3410 1583 3411
f 3322 3410 3411
f 1546 3321 3413
f 3321 35 3412
f 3412 1582 3413
f 3321 3412 3413
f 1582 83 3415
f 3414 1583 3415
f 83 3414 3415
f 1546 3413 3410
f 3413 1582 3415
f 3415 1583 3410
f 3413 3415 3410
f 36 3411 3417
f 3411 1583 3416
f 3416 1584 3417
f 3411 3416 3417
f 1583 3414 3416
f 3414 83 3416
f 3416 69 3418
f 3418 1584 3416
f 40 3332 3420
f 3332 1550 3419
f 3419 1586 3420
f 3332 3419 3420
f 1550 3330 3422
f 3330 39 3421
f 3421 1585 3422
f 3330 3421 3422
f 1585 3423 3425
f 3423 68 3424
f 3424 1586 3425
f 3423 3424 3425
f 1550 3422 3419
f 3422 1585 3425
f 3425 1586 3419
f 3422 3425 3419
f 40 3420 3427
f 3420 1586 3426
f 3426 1587 3427
f 3420 3426 3427
f 1586 3424 3428
f 3424 68 3352
f 3352 1562 3428
f 3424 3352 3428
f 1562 3356 3430
f 3356 71 3429
f 3429 1587 3430
f 3356 3429 3430
f 1586 3428 3426
f 3428 1562 3430
f 3430 1587 3426
f 3428 3430 3426
f 42 3336 3432
f 3336 1552 3431
f 3431 1588 3432
f 3336 3431 3432
f 1552 3335 3433
f 3335 40 3427
f 3427 1587 3433
f 3335 3427 3433
f 1587 3429 3435
f 3429 71 3434
f 3434 1588 3435
f 3429 3434 3435
f 1552 3433 3431
f 3433 1587 3435
f 3435 1588 3431
f 3433 3435 3431
f 42 3432 3437
f 3432 1588 3436
f 3436 1590 3437
f 3432 3436 3437
f 1588 3434 3439
f 3434 71 3438
f 3438 1589 3439
f 3434 3438 3439
f 1589 3440 3442
f 3440 116 3441
f 3441 1590 3442
f 3440 3441 3442
f 1588 3439 3436
f 3439 1589 3442
f 3442 1590 3436
f 3439 3442 3436
f 46 3337 73
f 3337 1553 73
f 1553 45 73
f 46 73 72
f 48 1554 72
f 1554 3338 72
f 3338 46 72
f 48 72 76
f 50 48 76
f 50 76 79
f 53 3340 22
f 3340 1555 22
f 1555 3339 3443
f 3339 19 22
f 3339 22 3443
f 1555 3443 22
f 53 22 85
f 57 3341 88
f 3341 1556 88
f 1556 56 88
f 57 88 3444
f 88 117 3444
f 54 57 3445
f 3445 1591 54
f 1591 3446 54
f 3446 2 54
f 54 2 59
f 41 42 3447
f 3447 1592 41
f 1592 3448 41
f 3448 118 41
f 41 118 104
f 119 3449 3451
f 3449 1593 3450
f 3450 1595 3451
f 3449 3450 3451
f 1593 3452 3454
f 3452 120 3453
f 3453 1594 3454
f 3452 3453 3454
f 1594 3455 3457
f 3455 16 3456
f 3456 1595 3457
f 3455 3456 3457
f 1593 3454 3450
f 3454 1594 3457
f 3457 1595 3450
f 3454 3457 3450
f 119 3451 1596
f 3451 1595 3458
f 3451 3458 1596
f 1595 3456 3459
f 3456 16 3343
f 3343 1558 3459
f 3456 3343 3459
f 1558 66 3460
f 66 1596 3460
f 1595 3459 3458
f 3459 1558 3460
f 3460 1596 3458
f 3459 3460 3458
f 115 114 78
f 78 77 115
f 121 3461 3463
f 3461 1597 3462
f 3462 1599 3463
f 3461 3462 3463
f 1597 3464 3466
f 3464 14 3465
f 3465 1598 3466
f 3464 3465 3466
f 1598 3467 3469
f 3467 122 3468
f 3468 1599 3469
f 3467 3468 3469
f 1597 3466 3462
f 3466 1598 3469
f 3469 1599 3462
f 3466 3469 3462
f 121 3463 3471
f 3463 1599 3470
f 3470 1601 3471
f 3463 3470 3471
f 1599 3468 3473
f 3468 122 3472
f 3472 1600 3473
f 3468 3472 3473
f 1600 3474 3476
f 3474 17 3475
f 3475 1601 3476
f 3474 3475 3476
f 1599 3473 3470
f 3473 1600 3476
f 3476 1601 3470
f 3473 3476 3470
f 123 124 125
f 125 126 123
f 127 128 3477
f 3477 129 127
f 124 1602 131
f 1602 130 131
f 124 131 125
f 133 134 132
f 132 134 127
f 65 123 126
f 126 66 65
f 135 3478 3480
f 3478 1603 3479
f 3479 1605 3480
f 3478 3479 3480
f 1603 3481 3483
f 3481 136 3482
f 3482 1604 3483
f 3481 3482 3483
f 1604 3484 3486
f 3484 137 3485
f 3485 1605 3486
f 3484 3485 3486
f 1603 3483 3479
f 3483 1604 3486
f 3486 1605 3479
f 3483 3486 3479
f 135 3480 138
f 3480 1605 138
f 1605 3485 138
f 3485 137 138
f 139 1606 138
f 1606 135 138
f 139 138 140
f 141 3487 3488
f 3487 1607 134
f 3487 134 3488
f 1607 3489 3491
f 3489 24 3490
f 3490 1608 3491
f 3489 3490 3491
f 1607 3491 134
f 3491 1608 134
f 141 3488 133
f 3488 134 133
f 142 139 140
f 142 140 143
f 49 141 133
f 49 133 144
f 47 49 144
f 144 145 47
f 146 147 148
f 148 145 146
f 103 106 3492
f 106 1609 3492
f 106 149 3493
f 3493 1609 106
f 3492 1609 150
f 3492 150 103
f 1609 3493 150
f 3493 149 150
f 104 103 150
f 150 41 104
f 33 38 102
f 38 151 102
f 153 154 152
f 152 154 3494
f 3494 1610 152
f 1610 3495 152
f 3495 155 152
f 157 158 156
f 156 158 153
f 159 156 153
f 159 153 152
f 152 160 159
f 160 152 161
f 158 162 153
f 162 154 153
f 163 160 161
f 163 161 164
f 158 165 162
f 162 165 166
f 167 163 164
f 164 1611 167
f 168 1611 164
f 170 163 169
f 163 167 169
f 170 171 160
f 160 163 170
f 171 172 159
f 171 159 160
f 172 173 156
f 172 156 159
f 174 157 173
f 173 157 156
f 175 164 161
f 164 175 176
f 152 155 161
f 161 155 3496
f 3496 1612 161
f 1612 3497 161
f 3497 175 161
f 177 1613 174
f 157 174 1613
f 174 178 177
f 168 164 176
f 179 168 176
f 180 1614 1615
f 1614 3498 1615
f 3498 181 1615
f 1615 174 180
f 180 174 173
f 182 180 173
f 173 172 182
f 182 172 183
f 172 171 3499
f 3499 183 172
f 184 1616 176
f 1616 3500 176
f 3500 185 176
f 184 176 3502
f 3501 1617 3502
f 176 3501 3502
f 175 1617 176
f 176 1617 3501
f 185 186 1618
f 186 179 1618
f 185 1618 176
f 1618 179 176
f 187 188 170
f 187 170 169
f 189 178 174
f 1615 1619 189
f 174 1615 189
f 1615 181 3503
f 3503 1619 1615
f 158 157 1620
f 165 158 1620
f 1620 157 1613
f 177 165 1613
f 1613 165 1620
f 190 154 166
f 166 154 162
f 190 191 1621
f 191 155 1621
f 1621 155 3495
f 3495 1610 1621
f 1610 3494 1621
f 3494 154 190
f 3494 190 1621
f 191 184 3504
f 3502 1617 3504
f 184 3502 3504
f 1617 175 191
f 3504 1617 191
f 191 175 3497
f 3497 1612 191
f 1612 3496 191
f 3496 155 191
f 183 3499 188
f 3499 171 188
f 188 171 170
f 60 5 3505
f 3505 1622 60
f 1622 3506 60
f 3506 80 60
f 60 80 81
f 64 13 3507
f 3507 1623 64
f 1623 3508 64
f 3508 120 64
f 64 120 3452
f 3452 1593 64
f 1593 3449 64
f 3449 119 64
f 65 15 3509
f 3509 1624 65
f 1624 3510 65
f 3510 20 65
f 65 20 67
f 23 3306 3512
f 3306 1541 3511
f 3511 1626 3512
f 3306 3511 3512
f 1541 3310 3514
f 3310 26 3513
f 3513 1625 3514
f 3310 3513 3514
f 1625 3515 3517
f 3515 29 3516
f 3516 1626 3517
f 3515 3516 3517
f 1541 3514 3511
f 3514 1625 3517
f 3517 1626 3511
f 3514 3517 3511
f 23 3512 3519
f 3512 1626 3518
f 3518 1627 3519
f 3512 3518 3519
f 1626 3516 3520
f 3516 29 3313
f 3313 1542 3520
f 3516 3313 3520
f 1542 3312 3522
f 3312 28 3521
f 3521 1627 3522
f 3312 3521 3522
f 1626 3520 3518
f 3520 1542 3522
f 3522 1627 3518
f 3520 3522 3518
f 26 3397 3524
f 3397 1579 3523
f 3523 1629 3524
f 3397 3523 3524
f 1579 3401 3526
f 3401 113 3525
f 3525 1628 3526
f 3401 3525 3526
f 1628 3527 3529
f 3527 114 3528
f 3528 1629 3529
f 3527 3528 3529
f 1579 3526 3523
f 3526 1628 3529
f 3529 1629 3523
f 3526 3529 3523
f 26 3524 3513
f 3524 1629 3530
f 3530 1625 3513
f 3524 3530 3513
f 1629 3528 3531
f 3528 114 3407
f 3407 1580 3531
f 3528 3407 3531
f 1580 3405 3532
f 3405 29 3515
f 3515 1625 3532
f 3405 3515 3532
f 1629 3531 3530
f 3531 1580 3532
f 3532 1625 3530
f 3531 3532 3530
f 28 138 3533
f 138 1630 3533
f 138 137 3534
f 3534 1630 138
f 28 3533 3521
f 3533 1630 3535
f 3535 1627 3521
f 3533 3535 3521
f 1630 3534 3537
f 3534 137 3536
f 3536 1631 3537
f 3534 3536 3537
f 1631 3538 3539
f 3538 23 3519
f 3519 1627 3539
f 3538 3519 3539
f 1630 3537 3535
f 3537 1631 3539
f 3539 1627 3535
f 3537 3539 3535
f 95 54 59
f 59 192 95
f 96 95 192
f 192 193 96
f 110 3371 3541
f 3371 1570 3540
f 3540 1632 3541
f 3371 3540 3541
f 96 193 3542
f 3542 1632 3543
f 96 3542 3543
f 1570 96 3540
f 3543 1632 3540
f 96 3543 3540
f 110 3541 3545
f 3541 1632 3544
f 3544 1634 3545
f 3541 3544 3545
f 1632 3542 3547
f 3542 193 3546
f 3546 1633 3547
f 3542 3546 3547
f 1633 3548 3550
f 3548 194 3549
f 3549 1634 3550
f 3548 3549 3550
f 1632 3547 3544
f 3547 1633 3550
f 3550 1634 3544
f 3547 3550 3544
f 106 110 3545
f 3545 1634 106
f 1634 3549 106
f 3549 194 106
f 106 194 3551
f 3551 1635 106
f 1635 3552 106
f 3552 149 106
f 195 3553 3555
f 3553 1636 3554
f 3554 1638 3555
f 3553 3554 3555
f 1636 3556 3558
f 3556 196 3557
f 3557 1637 3558
f 3556 3557 3558
f 1637 3559 3561
f 3559 197 3560
f 3560 1638 3561
f 3559 3560 3561
f 1636 3558 3554
f 3558 1637 3561
f 3561 1638 3554
f 3558 3561 3554
f 195 3555 3563
f 3555 1638 3562
f 3562 1640 3563
f 3555 3562 3563
f 1638 3560 3565
f 3560 197 3564
f 3564 1639 3565
f 3560 3564 3565
f 1639 3566 3568
f 3566 198 3567
f 3567 1640 3568
f 3566 3567 3568
f 1638 3565 3562
f 3565 1639 3568
f 3568 1640 3562
f 3565 3568 3562
f 65 67 199
f 199 200 65
f 196 201 3570
f 3569 1641 3570
f 201 3569 3570
f 201 202 3571
f 3571 1641 201
f 201 1641 3569
f 196 3570 3557
f 3570 1641 3572
f 3572 1637 3557
f 3570 3572 3557
f 1641 3571 3574
f 3571 202 3573
f 3573 1642 3574
f 3571 3573 3574
f 1642 3575 3576
f 3575 197 3559
f 3559 1637 3576
f 3575 3559 3576
f 1641 3574 3572
f 3574 1642 3576
f 3576 1637 3572
f 3574 3576 3572
f 203 3577 3579
f 3577 1643 3578
f 3578 1645 3579
f 3577 3578 3579
f 1643 3580 3582
f 3580 204 3581
f 3581 1644 3582
f 3580 3581 3582
f 1644 3583 3585
f 3583 205 3584
f 3584 1645 3585
f 3583 3584 3585
f 1643 3582 3578
f 3582 1644 3585
f 3585 1645 3578
f 3582 3585 3578
f 206 3586 3588
f 3586 1646 3587
f 3587 1648 3588
f 3586 3587 3588
f 1646 3589 3591
f 3589 207 3590
f 3590 1647 3591
f 3589 3590 3591
f 1647 3592 3594
f 3592 208 3593
f 3593 1648 3594
f 3592 3593 3594
f 1646 3591 3587
f 3591 1647 3594
f 3594 1648 3587
f 3591 3594 3587
f 206 3588 3596
f 3588 1648 3595
f 3595 1650 3596
f 3588 3595 3596
f 1648 3593 3598
f 3593 208 3597
f 3597 1649 3598
f 3593 3597 3598
f 1649 3599 3601
f 3599 209 3600
f 3600 1650 3601
f 3599 3600 3601
f 1648 3598 3595
f 3598 1649 3601
f 3601 1650 3595
f 3598 3601 3595
f 205 3583 3603
f 3583 1644 3602
f 3602 1652 3603
f 3583 3602 3603
f 1644 3581 3605
f 3581 204 3604
f 3604 1651 3605
f 3581 3604 3605
f 1651 3606 3608
f 3606 210 3607
f 3607 1652 3608
f 3606 3607 3608
f 1644 3605 3602
f 3605 1651 3608
f 3608 1652 3602
f 3605 3608 3602
f 205 3603 3610
f 3603 1652 3609
f 3609 1654 3610
f 3603 3609 3610
f 1652 3607 3612
f 3607 210 3611
f 3611 1653 3612
f 3607 3611 3612
f 1653 3613 3615
f 3613 211 3614
f 3614 1654 3615
f 3613 3614 3615
f 1652 3612 3609
f 3612 1653 3615
f 3615 1654 3609
f 3612 3615 3609
f 212 3616 3618
f 3616 1655 3617
f 3617 1656 3618
f 3616 3617 3618
f 1655 3619 3620
f 3619 207 3589
f 3589 1646 3620
f 3619 3589 3620
f 1646 3586 3622
f 3586 206 3621
f 3621 1656 3622
f 3586 3621 3622
f 1655 3620 3617
f 3620 1646 3622
f 3622 1656 3617
f 3620 3622 3617
f 130 3623 3625
f 3623 1657 3624
f 3624 1658 3625
f 3623 3624 3625
f 1657 3626 3627
f 3626 208 3592
f 3592 1647 3627
f 3626 3592 3627
f 1647 3590 3629
f 3590 207 3628
f 3628 1658 3629
f 3590 3628 3629
f 1657 3627 3624
f 3627 1647 3629
f 3629 1658 3624
f 3627 3629 3624
f 130 3625 3631
f 3625 1658 3630
f 3630 1660 3631
f 3625 3630 3631
f 1658 3628 3633
f 3628 207 3632
f 3632 1659 3633
f 3628 3632 3633
f 1659 3634 3636
f 3634 213 3635
f 3635 1660 3636
f 3634 3635 3636
f 1658 3633 3630
f 3633 1659 3636
f 3636 1660 3630
f 3633 3636 3630
f 203 214 3637
f 214 1661 3637
f 214 215 3638
f 3638 1661 214
f 203 3637 3577
f 3637 1661 3639
f 3639 1643 3577
f 3637 3639 3577
f 1661 3638 3641
f 3638 215 3640
f 3640 1662 3641
f 3638 3640 3641
f 1662 3642 3643
f 3642 204 3580
f 3580 1643 3643
f 3642 3580 3643
f 1661 3641 3639
f 3641 1662 3643
f 3643 1643 3639
f 3641 3643 3639
f 216 3644 3646
f 3644 1663 3645
f 3645 1664 3646
f 3644 3645 3646
f 1663 3647 3648
f 3647 210 3606
f 3606 1651 3648
f 3647 3606 3648
f 1651 3604 3650
f 3604 204 3649
f 3649 1664 3650
f 3604 3649 3650
f 1663 3648 3645
f 3648 1651 3650
f 3650 1664 3645
f 3648 3650 3645
f 216 3646 3652
f 3646 1664 3651
f 3651 1665 3652
f 3646 3651 3652
f 1664 3649 3653
f 3649 204 3642
f 3642 1662 3653
f 3649 3642 3653
f 1662 3640 3655
f 3640 215 3654
f 3654 1665 3655
f 3640 3654 3655
f 1664 3653 3651
f 3653 1662 3655
f 3655 1665 3651
f 3653 3655 3651
f 124 1666 3656
f 1666 1668 3656
f 1666 217 3657
f 3657 1667 1666
f 1667 3658 1666
f 3658 208 3659
f 3659 1668 1666
f 3658 3659 1666
f 124 3656 1602
f 3656 1668 3660
f 3656 3660 1602
f 1668 3659 3661
f 3659 208 3626
f 3626 1657 3661
f 3659 3626 3661
f 1657 3623 3662
f 3623 130 1602
f 3623 1602 3662
f 1668 3661 3660
f 3661 1657 3662
f 3662 1602 3660
f 3661 3662 3660
f 3663 1669 218
f 129 3663 218
f 1669 3664 218
f 3664 219 218
f 218 219 3665
f 3665 1670 218
f 1670 3666 218
f 3666 213 218
f 213 3666 131
f 3666 1670 3667
f 3666 3667 131
f 1670 3665 3668
f 3665 219 131
f 3665 131 3668
f 1670 3668 3667
f 3668 131 3669
f 3669 131 3667
f 3668 3669 3667
f 213 131 3635
f 131 1660 3635
f 131 130 3631
f 3631 1660 131
f 32 82 3670
f 82 1671 3670
f 82 83 3671
f 3671 1671 82
f 32 3670 3673
f 3670 1671 3672
f 3672 1672 3673
f 3670 3672 3673
f 1671 3671 3674
f 83 1582 3674
f 3671 83 3674
f 1582 3412 3676
f 3412 35 3675
f 3675 1672 3676
f 3412 3675 3676
f 1671 3674 3672
f 3674 1582 3676
f 3676 1672 3672
f 3674 3676 3672
f 118 84 73
f 118 73 3677
f 73 1673 3677
f 73 45 3678
f 3678 1673 73
f 53 85 88
f 53 88 3358
f 3679 1563 3358
f 88 3679 3358
f 56 1563 3680
f 88 56 3680
f 3680 1563 3679
f 88 3680 3679
f 80 89 9
f 80 9 3359
f 9 1564 3359
f 9 8 3361
f 3361 1564 9
f 31 32 3673
f 3673 1672 31
f 1672 3675 31
f 3675 35 31
f 31 35 3320
f 3320 1545 31
f 1545 34 31
f 118 3677 44
f 3677 1673 44
f 1673 3678 44
f 3678 45 44
f 118 44 104
f 102 151 99
f 151 220 99
f 108 99 220
f 108 220 3682
f 3681 1674 3682
f 220 3681 3682
f 220 221 3683
f 3683 1674 220
f 220 1674 3681
f 91 3380 3685
f 3380 1573 3684
f 3684 1675 3685
f 3380 3684 3685
f 1573 3377 3686
f 3377 108 3682
f 3682 1674 3686
f 3377 3682 3686
f 1674 3683 3688
f 3683 221 3687
f 3687 1675 3688
f 3683 3687 3688
f 1573 3686 3684
f 3686 1674 3688
f 3688 1675 3684
f 3686 3688 3684
f 91 3685 3690
f 3685 1675 3689
f 3689 1677 3690
f 3685 3689 3690
f 1675 3687 3692
f 3687 221 3691
f 3691 1676 3692
f 3687 3691 3692
f 1676 3693 3695
f 3693 222 3694
f 3694 1677 3695
f 3693 3694 3695
f 1675 3692 3689
f 3692 1676 3695
f 3695 1677 3689
f 3692 3695 3689
f 57 3444 3696
f 3444 1678 3696
f 117 3 3697
f 3697 1678 3444
f 117 3697 3444
f 57 3696 3445
f 3696 1678 3698
f 3698 1591 3445
f 3696 3698 3445
f 1678 3697 3699
f 3697 3 3260
f 3260 1524 3699
f 3697 3260 3699
f 1524 3258 3700
f 3258 2 3446
f 3446 1591 3700
f 3258 3446 3700
f 1678 3699 3698
f 3699 1524 3700
f 3700 1591 3698
f 3699 3700 3698
f 5 3271 89
f 3271 1528 3701
f 3271 3701 89
f 1528 3272 89
f 3272 6 89
f 1528 89 3701
f 5 89 3505
f 89 1622 3505
f 89 80 3506
f 3506 1622 89
f 13 3275 3703
f 3275 1530 3702
f 3702 1679 3703
f 3275 3702 3703
f 1530 3276 3704
f 3276 14 3464
f 3464 1597 3704
f 3276 3464 3704
f 1597 3461 3706
f 3461 121 3705
f 3705 1679 3706
f 3461 3705 3706
f 1530 3704 3702
f 3704 1597 3706
f 3706 1679 3702
f 3704 3706 3702
f 13 3703 3507
f 3703 1679 3707
f 3707 1623 3507
f 3703 3707 3507
f 1679 3705 3709
f 3705 121 3708
f 3708 1680 3709
f 3705 3708 3709
f 1680 3710 3711
f 3710 120 3508
f 3508 1623 3711
f 3710 3508 3711
f 1679 3709 3707
f 3709 1680 3711
f 3711 1623 3707
f 3709 3711 3707
f 15 3287 21
f 3287 1535 21
f 1535 3291 21
f 3291 18 21
f 15 21 3509
f 21 1624 3509
f 21 20 3510
f 3510 1624 21
f 33 36 3712
f 3712 1681 33
f 1681 3713 33
f 3713 39 33
f 33 39 3326
f 3326 1548 33
f 1548 3324 33
f 3324 38 33
f 92 91 3690
f 3690 1677 92
f 1677 3694 92
f 3694 222 92
f 92 222 223
f 81 92 223
f 81 223 60
f 64 119 201
f 201 119 1682
f 3714 202 201
f 3714 201 1682
f 135 3715 3717
f 3715 1683 3716
f 3716 1684 3717
f 3715 3716 3717
f 1683 3718 3719
f 3718 195 3563
f 3563 1640 3719
f 3718 3563 3719
f 1640 3567 3721
f 3567 198 3720
f 3720 1684 3721
f 3567 3720 3721
f 1683 3719 3716
f 3719 1640 3721
f 3721 1684 3716
f 3719 3721 3716
f 135 3717 3478
f 3717 1684 3722
f 3722 1603 3478
f 3717 3722 3478
f 1684 3720 3724
f 3720 198 3723
f 3723 1685 3724
f 3720 3723 3724
f 1685 3725 3726
f 3725 136 3481
f 3481 1603 3726
f 3725 3481 3726
f 1684 3724 3722
f 3724 1685 3726
f 3726 1603 3722
f 3724 3726 3722
f 224 144 133
f 224 133 225
f 226 3727 225
f 3727 1686 225
f 1686 3728 225
f 3728 224 225
f 226 225 3729
f 225 1687 3729
f 225 227 3730
f 3730 1687 225
f 228 3731 3733
f 3731 1688 3732
f 3732 1689 3733
f 3731 3732 3733
f 1688 3734 3735
f 3734 226 3729
f 3729 1687 3735
f 3734 3729 3735
f 1687 3730 3737
f 3730 227 3736
f 3736 1689 3737
f 3730 3736 3737
f 1688 3735 3732
f 3735 1687 3737
f 3737 1689 3732
f 3735 3737 3732
f 228 3733 3739
f 3733 1689 3738
f 3738 1691 3739
f 3733 3738 3739
f 1689 3736 3741
f 3736 227 3740
f 3740 1690 3741
f 3736 3740 3741
f 1690 3742 3744
f 3742 229 3743
f 3743 1691 3744
f 3742 3743 3744
f 1689 3741 3738
f 3741 1690 3744
f 3744 1691 3738
f 3741 3744 3738
f 199 228 3739
f 3739 1691 199
f 1691 3743 199
f 3743 229 199
f 199 229 3745
f 3745 1692 199
f 1692 3746 199
f 3746 200 199
f 230 3747 3749
f 3747 1693 3748
f 3748 1694 3749
f 3747 3748 3749
f 1693 3750 3752
f 3750 231 3751
f 3751 50 3752
f 3750 3751 3752
f 50 1694 3753
f 1693 3752 3748
f 3752 50 3753
f 3753 1694 3748
f 3752 3753 3748
f 230 3749 79
f 3749 1694 79
f 1694 50 79
f 36 3417 3755
f 3417 1584 3754
f 3754 1695 3755
f 3417 3754 3755
f 1584 3418 3756
f 3418 69 3347
f 3347 1559 3756
f 3418 3347 3756
f 1559 3344 3758
f 3344 68 3757
f 3757 1695 3758
f 3344 3757 3758
f 1584 3756 3754
f 3756 1559 3758
f 3758 1695 3754
f 3756 3758 3754
f 36 3755 3712
f 3755 1695 3759
f 3759 1681 3712
f 3755 3759 3712
f 1695 3757 3760
f 3757 68 3423
f 3423 1585 3760
f 3757 3423 3760
f 1585 3421 3761
f 3421 39 3713
f 3713 1681 3761
f 3421 3713 3761
f 1695 3760 3759
f 3760 1585 3761
f 3761 1681 3759
f 3760 3761 3759
f 42 3437 84
f 3437 1590 84
f 1590 3441 84
f 3441 116 84
f 42 84 3447
f 84 1592 3447
f 84 118 3448
f 3448 1592 84
f 50 3751 49
f 3751 231 49
f 49 231 3762
f 3762 1696 49
f 1696 3763 49
f 3763 141 49
f 232 3764 3766
f 3764 1697 3765
f 3765 1699 3766
f 3764 3765 3766
f 1697 3767 3769
f 3767 233 3768
f 3768 1698 3769
f 3767 3768 3769
f 1698 3770 3772
f 3770 234 3771
f 3771 1699 3772
f 3770 3771 3772
f 1697 3769 3765
f 3769 1698 3772
f 3772 1699 3765
f 3769 3772 3765
f 232 3766 3774
f 3766 1699 3773
f 3773 1701 3774
f 3766 3773 3774
f 1699 3771 3776
f 3771 234 3775
f 3775 1700 3776
f 3771 3775 3776
f 1700 3777 3779
f 3777 235 3778
f 3778 1701 3779
f 3777 3778 3779
f 1699 3776 3773
f 3776 1700 3779
f 3779 1701 3773
f 3776 3779 3773
f 236 237 3780
f 3780 1702 236
f 1702 238 236
f 236 238 3781
f 3781 1703 236
f 1703 3782 236
f 3782 239 236
f 241 242 240
f 242 243 240
f 244 3783 3785
f 3783 1704 3784
f 3784 1706 3785
f 3783 3784 3785
f 1704 3786 3788
f 3786 245 3787
f 3787 1705 3788
f 3786 3787 3788
f 1705 3789 3791
f 3789 234 3790
f 3790 1706 3791
f 3789 3790 3791
f 1704 3788 3784
f 3788 1705 3791
f 3791 1706 3784
f 3788 3791 3784
f 244 3785 3793
f 3785 1706 3792
f 3792 1707 3793
f 3785 3792 3793
f 1706 3790 3794
f 3790 234 3770
f 3770 1698 3794
f 3790 3770 3794
f 1698 3768 3796
f 3768 233 3795
f 3795 1707 3796
f 3768 3795 3796
f 1706 3794 3792
f 3794 1698 3796
f 3796 1707 3792
f 3794 3796 3792
f 237 246 247
f 237 247 3780
f 3797 1702 3780
f 247 3797 3780
f 3798 1708 1702
f 247 3798 1702
f 1708 3799 1702
f 3799 238 1702
f 247 1702 3797
f 240 243 248
f 248 243 249
f 1709 3800 250
f 3800 252 250
f 251 1709 250
f 250 252 3801
f 3801 1710 250
f 1710 3802 250
f 3802 253 250
f 254 248 249
f 249 255 254
f 256 3803 3805
f 3803 1711 3804
f 3804 1713 3805
f 3803 3804 3805
f 1711 3806 3808
f 3806 257 3807
f 3807 1712 3808
f 3806 3807 3808
f 1712 3809 3811
f 3809 258 3810
f 3810 1713 3811
f 3809 3810 3811
f 1711 3808 3804
f 3808 1712 3811
f 3811 1713 3804
f 3808 3811 3804
f 256 3805 3813
f 3805 1713 3812
f 3812 1715 3813
f 3805 3812 3813
f 1713 3810 3815
f 3810 258 3814
f 3814 1714 3815
f 3810 3814 3815
f 1714 3816 3818
f 3816 259 3817
f 3817 1715 3818
f 3816 3817 3818
f 1713 3815 3812
f 3815 1714 3818
f 3818 1715 3812
f 3815 3818 3812
f 260 1716 255
f 1716 3819 3820
f 254 255 3820
f 3819 254 3820
f 1716 3820 255
f 255 3821 260
f 3821 261 260
f 262 263 3822
f 263 264 3822
f 262 3822 265
f 3822 264 3823
f 3822 3823 265
f 264 265 3823
f 266 267 3824
f 3824 263 266
f 263 262 3825
f 3825 266 3826
f 263 3825 3826
f 266 263 3826
f 268 269 1717
f 1717 237 268
f 268 237 236
f 271 272 270
f 270 272 273
f 269 274 246
f 269 246 1717
f 246 237 1717
f 275 276 277
f 275 277 278
f 279 275 278
f 278 280 279
f 279 280 281
f 281 280 282
f 263 283 284
f 264 263 284
f 267 3827 283
f 3827 1718 283
f 1718 285 283
f 267 283 3824
f 283 263 3824
f 3828 1719 3829
f 3828 3829 286
f 1719 3830 1720
f 3830 287 1720
f 1720 269 3831
f 3831 286 1720
f 1719 1720 3829
f 1720 286 3829
f 3831 269 268
f 3831 268 286
f 288 281 282
f 282 289 288
f 287 290 274
f 287 274 1720
f 274 269 1720
f 288 289 291
f 291 289 1721
f 1721 292 291
f 293 294 3832
f 3832 1722 293
f 1722 3833 293
f 3833 295 293
f 293 295 3834
f 3834 1723 293
f 1723 3835 293
f 3835 296 293
f 297 298 299
f 297 299 3836
f 299 1724 3836
f 300 1724 299
f 283 301 302
f 283 302 284
f 285 3837 301
f 3837 1725 301
f 1725 3838 301
f 3838 303 301
f 285 301 283
f 304 3839 3841
f 3839 305 3840
f 3840 1726 3841
f 3839 3840 3841
f 1726 3842 304
f 3842 287 304
f 3841 1726 304
f 304 287 3830
f 3830 1719 304
f 1719 3828 304
f 3828 286 304
f 241 297 3836
f 3836 1724 241
f 1724 300 241
f 241 300 242
f 305 306 290
f 305 290 3840
f 290 1726 3840
f 290 287 3842
f 3842 1726 290
f 278 307 280
f 280 307 308
f 282 280 308
f 282 308 309
f 289 282 309
f 289 309 1727
f 309 310 1727
f 301 311 312
f 301 312 302
f 303 3843 3844
f 313 1728 3844
f 3843 313 3844
f 3845 311 3846
f 3846 1728 313
f 3845 3846 313
f 303 3844 301
f 3844 1728 301
f 1728 3846 301
f 3846 311 301
f 314 315 3847
f 3847 1729 314
f 1729 3848 314
f 3848 305 314
f 314 305 3839
f 3839 304 314
f 292 1721 1727
f 292 1727 1730
f 1721 289 1727
f 1727 310 1730
f 292 1730 3849
f 1730 310 316
f 1730 316 3849
f 315 317 3850
f 317 306 3850
f 315 3850 3847
f 3850 306 3851
f 3851 1729 3847
f 3850 3851 3847
f 306 305 3848
f 3848 1729 3853
f 306 3848 3853
f 306 3852 3851
f 3852 306 3853
f 3853 1729 3851
f 3852 3853 3851
f 318 3854 320
f 3854 1731 320
f 1731 319 320
f 318 320 1732
f 320 321 1732
f 322 3855 3856
f 3855 1733 1732
f 1732 1734 3856
f 3855 1732 3856
f 1733 3857 1732
f 3857 318 1732
f 1732 321 1734
f 322 3856 323
f 3856 1734 323
f 1734 321 323
f 324 3858 3860
f 3858 1735 3859
f 3859 1737 3860
f 3858 3859 3860
f 1735 3861 3863
f 3861 325 3862
f 3862 1736 3863
f 3861 3862 3863
f 1736 3864 3866
f 3864 326 3865
f 3865 1737 3866
f 3864 3865 3866
f 1735 3863 3859
f 3863 1736 3866
f 3866 1737 3859
f 3863 3866 3859
f 324 3860 3868
f 3860 1737 3867
f 3867 1739 3868
f 3860 3867 3868
f 1737 3865 3870
f 3865 326 3869
f 3869 1738 3870
f 3865 3869 3870
f 1738 3871 3873
f 3871 327 3872
f 3872 1739 3873
f 3871 3872 3873
f 1737 3870 3867
f 3870 1738 3873
f 3873 1739 3867
f 3870 3873 3867
f 311 3874 329
f 3874 1740 329
f 1740 3875 329
f 3875 328 329
f 311 329 312
f 330 328 3876
f 330 3876 313
f 313 3876 3877
f 3876 328 3875
f 3875 1740 3877
f 3876 3875 3877
f 1740 3874 313
f 3874 311 3845
f 3874 3845 313
f 3877 1740 313
f 3878 1741 3879
f 3878 3879 331
f 1741 3880 3882
f 3880 332 3881
f 3881 1742 3882
f 3880 3881 3882
f 1742 3883 3885
f 3883 333 3884
f 3884 331 3885
f 3883 3884 3885
f 1741 3882 3879
f 3882 1742 3885
f 3885 331 3879
f 3882 3885 3879
f 331 3884 334
f 3884 333 334
f 335 336 3886
f 3886 1743 335
f 1743 3887 335
f 3887 337 335
f 335 337 338
f 332 339 340
f 332 340 3881
f 340 1742 3881
f 340 333 3883
f 3883 1742 340
f 341 342 3888
f 342 1744 3888
f 342 343 3889
f 3889 1744 342
f 341 3888 344
f 3888 1744 344
f 1744 3889 344
f 3889 343 344
f 345 346 3890
f 346 1745 3890
f 346 336 3891
f 3891 1745 346
f 345 3890 335
f 3890 1745 335
f 1745 3891 335
f 3891 336 335
f 347 348 342
f 348 343 342
f 329 328 3892
f 3892 1746 329
f 1746 3893 329
f 3893 349 329
f 329 349 3894
f 3894 1747 329
f 1747 3895 329
f 3895 350 329
f 330 351 3896
f 3896 1748 330
f 1748 3897 330
f 3897 349 330
f 330 349 3893
f 3893 1746 330
f 1746 3892 330
f 3892 328 330
f 354 352 353
f 354 355 352
f 353 356 357
f 354 353 357
f 358 359 356
f 356 359 357
f 360 361 358
f 361 359 358
f 360 362 363
f 363 361 360
f 364 365 335
f 335 338 364
f 366 345 365
f 365 345 335
f 367 3898 369
f 3898 1749 369
f 1749 3899 369
f 3899 368 369
f 367 369 370
f 368 371 372
f 368 372 369
f 371 373 3900
f 373 1750 3900
f 373 374 3901
f 3901 1750 373
f 371 3900 372
f 3900 1750 372
f 1750 3901 372
f 3901 374 372
f 375 376 373
f 376 1751 373
f 1751 3902 373
f 3902 374 373
f 375 377 378
f 376 375 378
f 377 379 380
f 377 380 378
f 381 3903 383
f 3903 1752 383
f 1752 3904 3906
f 3904 382 3905
f 3905 1753 3906
f 3904 3905 3906
f 1752 3906 383
f 3906 1753 383
f 381 383 3907
f 383 1754 3907
f 384 1754 383
f 278 277 385
f 385 307 278
f 387 388 386
f 386 388 3908
f 3908 1755 386
f 1755 3909 386
f 3909 389 386
f 390 261 3821
f 3821 255 390
f 390 255 391
f 255 249 392
f 255 392 391
f 249 243 393
f 249 393 392
f 243 242 394
f 243 394 393
f 242 300 395
f 242 395 394
f 396 397 398
f 396 398 344
f 399 396 344
f 399 344 3911
f 3910 1756 3911
f 344 3910 3911
f 344 343 1756
f 344 1756 3910
f 319 3912 3914
f 3912 295 3913
f 3913 1757 3914
f 3912 3913 3914
f 1757 3915 3917
f 3915 292 3916
f 3916 1758 3917
f 3915 3916 3917
f 3914 1757 3917
f 3917 1758 319
f 3914 3917 319
f 318 3857 3919
f 3857 1733 3918
f 3918 1760 3919
f 3857 3918 3919
f 1733 3855 3921
f 3855 322 3920
f 3920 1759 3921
f 3855 3920 3921
f 1759 3922 3924
f 3922 400 3923
f 3923 1760 3924
f 3922 3923 3924
f 1733 3921 3918
f 3921 1759 3924
f 3924 1760 3918
f 3921 3924 3918
f 318 3919 3926
f 3919 1760 3925
f 3925 1762 3926
f 3919 3925 3926
f 1760 3923 3928
f 3923 400 3927
f 3927 1761 3928
f 3923 3927 3928
f 1761 3929 3931
f 3929 296 3930
f 3930 1762 3931
f 3929 3930 3931
f 1760 3928 3925
f 3928 1761 3931
f 3931 1762 3925
f 3928 3931 3925
f 322 3932 3934
f 3932 1763 3933
f 3933 1765 3934
f 3932 3933 3934
f 1763 3935 3937
f 3935 325 3936
f 3936 1764 3937
f 3935 3936 3937
f 1764 3938 3940
f 3938 401 3939
f 3939 1765 3940
f 3938 3939 3940
f 1763 3937 3933
f 3937 1764 3940
f 3940 1765 3933
f 3937 3940 3933
f 322 3934 3920
f 3934 1765 3941
f 3941 1759 3920
f 3934 3941 3920
f 1765 3939 3943
f 3939 401 3942
f 3942 1766 3943
f 3939 3942 3943
f 1766 3944 3945
f 3944 400 3922
f 3922 1759 3945
f 3944 3922 3945
f 1765 3943 3941
f 3943 1766 3945
f 3945 1759 3941
f 3943 3945 3941
f 299 402 395
f 395 300 299
f 403 3946 3947
f 3946 1767 348
f 3946 348 3947
f 1767 3948 3949
f 3948 404 348
f 3948 348 3949
f 1767 3949 348
f 403 3947 405
f 3947 348 405
f 400 406 293
f 400 293 3927
f 293 1761 3927
f 293 296 3929
f 3929 1761 293
f 407 408 409
f 409 355 407
f 411 412 410
f 412 384 410
f 413 414 3950
f 3950 1768 413
f 1768 3951 413
f 3951 262 413
f 413 262 265
f 414 3952 266
f 3952 1769 266
f 1769 3953 266
f 3953 415 3954
f 3953 3954 266
f 414 266 3950
f 3955 1768 3950
f 266 3955 3950
f 266 3825 3956
f 3825 262 3951
f 3951 1768 3956
f 3825 3951 3956
f 3956 1768 3955
f 266 3956 3955
f 3957 418 416
f 416 417 3957
f 417 418 3957
f 416 418 390
f 419 245 3786
f 3786 1704 419
f 1704 3783 419
f 3783 244 419
f 419 244 420
f 421 3958 3959
f 3958 1770 1771
f 1771 1772 3959
f 3958 1771 3959
f 1770 3960 1771
f 3960 422 1771
f 1771 238 3961
f 3961 1772 1771
f 3959 1772 3962
f 3959 3962 421
f 1772 3961 3963
f 3961 238 3799
f 3799 1708 3963
f 3961 3799 3963
f 1708 3798 3964
f 247 421 3964
f 3798 247 3964
f 1772 3963 3962
f 3963 1708 3964
f 3964 421 3962
f 3963 3964 3962
f 422 3965 3967
f 3965 1773 3966
f 3966 1775 3967
f 3965 3966 3967
f 1773 3968 3969
f 423 1774 3969
f 3968 423 3969
f 1774 3970 3972
f 3970 239 3971
f 3971 1775 3972
f 3970 3971 3972
f 1773 3969 3966
f 3969 1774 3972
f 3972 1775 3966
f 3969 3972 3966
f 422 3967 1771
f 3967 1775 1771
f 1775 3971 1771
f 3971 239 3782
f 3782 1703 1771
f 3971 3782 1771
f 1703 3781 1771
f 3781 238 1771
f 252 3973 3975
f 3973 1776 3974
f 3974 1778 3975
f 3973 3974 3975
f 1776 3976 3978
f 3976 424 3977
f 3977 1777 3978
f 3976 3977 3978
f 1777 3979 3981
f 3979 425 3980
f 3980 1778 3981
f 3979 3980 3981
f 1776 3978 3974
f 3978 1777 3981
f 3981 1778 3974
f 3978 3981 3974
f 252 3975 3801
f 3975 1778 3982
f 3982 1710 3801
f 3975 3982 3801
f 1778 3980 3984
f 3980 425 3983
f 3983 1779 3984
f 3980 3983 3984
f 1779 3985 3986
f 3985 253 3802
f 3802 1710 3986
f 3985 3802 3986
f 1778 3984 3982
f 3984 1779 3986
f 3986 1710 3982
f 3984 3986 3982
f 424 3987 3989
f 3987 1780 3988
f 3988 1782 3989
f 3987 3988 3989
f 1780 3990 3992
f 3990 426 3991
f 3991 1781 3992
f 3990 3991 3992
f 1781 3993 3995
f 3993 427 3994
f 3994 1782 3995
f 3993 3994 3995
f 1780 3992 3988
f 3992 1781 3995
f 3995 1782 3988
f 3992 3995 3988
f 424 3989 3977
f 3989 1782 3996
f 3996 1777 3977
f 3989 3996 3977
f 1782 3994 3998
f 3994 427 3997
f 3997 1783 3998
f 3994 3997 3998
f 1783 3999 4000
f 3999 425 3979
f 3979 1777 4000
f 3999 3979 4000
f 1782 3998 3996
f 3998 1783 4000
f 4000 1777 3996
f 3998 4000 3996
f 428 4001 260
f 4001 1784 260
f 1784 4002 260
f 4002 429 260
f 428 260 4003
f 260 1785 4003
f 260 261 4004
f 4004 1785 260
f 412 430 1786
f 1786 381 412
f 412 381 3907
f 3907 1754 412
f 1754 384 412
f 4005 1787 1788
f 4005 1788 418
f 1787 4006 4007
f 4006 428 4003
f 4003 1785 4007
f 4006 4003 4007
f 1785 4004 1788
f 4004 261 1788
f 1787 4007 1788
f 4007 1785 1788
f 418 1788 390
f 1788 261 390
f 431 432 380
f 432 378 380
f 433 382 3904
f 3904 1752 433
f 1752 3903 433
f 3903 381 433
f 433 381 270
f 434 435 4008
f 4008 1789 434
f 1789 4009 434
f 4009 436 434
f 434 436 4010
f 4010 1790 434
f 1790 4011 434
f 4011 437 434
f 257 4012 4014
f 4012 1791 4013
f 4013 1793 4014
f 4012 4013 4014
f 1791 4015 4017
f 4015 438 4016
f 4016 1792 4017
f 4015 4016 4017
f 1792 4018 4020
f 4018 439 4019
f 4019 1793 4020
f 4018 4019 4020
f 1791 4017 4013
f 4017 1792 4020
f 4020 1793 4013
f 4017 4020 4013
f 257 4014 3807
f 4014 1793 4021
f 4021 1712 3807
f 4014 4021 3807
f 1793 4019 4023
f 4019 439 4022
f 4022 1794 4023
f 4019 4022 4023
f 1794 4024 4025
f 4024 258 3809
f 3809 1712 4025
f 4024 3809 4025
f 1793 4023 4021
f 4023 1794 4025
f 4025 1712 4021
f 4023 4025 4021
f 440 4026 4028
f 4026 1795 4027
f 4027 1797 4028
f 4026 4027 4028
f 1795 4029 4031
f 4029 441 4030
f 4030 1796 4031
f 4029 4030 4031
f 1796 4032 4034
f 4032 442 4033
f 4033 1797 4034
f 4032 4033 4034
f 1795 4031 4027
f 4031 1796 4034
f 4034 1797 4027
f 4031 4034 4027
f 440 4028 4036
f 4028 1797 4035
f 4035 1799 4036
f 4028 4035 4036
f 1797 4033 4038
f 4033 442 4037
f 4037 1798 4038
f 4033 4037 4038
f 1798 4039 4041
f 4039 443 4040
f 4040 1799 4041
f 4039 4040 4041
f 1797 4038 4035
f 4038 1798 4041
f 4041 1799 4035
f 4038 4041 4035
f 444 4042 4044
f 4042 1800 4043
f 4043 1801 4044
f 4042 4043 4044
f 1800 4045 4046
f 4045 440 4036
f 4036 1799 4046
f 4045 4036 4046
f 1799 4040 4048
f 4040 443 4047
f 4047 1801 4048
f 4040 4047 4048
f 1800 4046 4043
f 4046 1799 4048
f 4048 1801 4043
f 4046 4048 4043
f 444 4044 4050
f 4044 1801 4049
f 4049 1803 4050
f 4044 4049 4050
f 1801 4047 4052
f 4047 443 4051
f 4051 1802 4052
f 4047 4051 4052
f 1802 4053 4055
f 4053 445 4054
f 4054 1803 4055
f 4053 4054 4055
f 1801 4052 4049
f 4052 1802 4055
f 4055 1803 4049
f 4052 4055 4049
f 416 446 417
f 446 416 447
f 449 419 448
f 419 420 448
f 235 450 4057
f 4056 1804 4057
f 450 4056 4057
f 451 1804 4058
f 450 451 4058
f 4058 1804 4056
f 450 4058 4056
f 235 4057 3778
f 4057 1804 4059
f 4059 1701 3778
f 4057 4059 3778
f 1804 451 4061
f 4060 1805 4061
f 451 4060 4061
f 1805 4062 4063
f 4062 232 3774
f 3774 1701 4063
f 4062 3774 4063
f 1804 4061 4059
f 4061 1805 4063
f 4063 1701 4059
f 4061 4063 4059
f 449 448 385
f 385 448 307
f 383 452 410
f 410 384 383
f 453 4064 4066
f 4064 1806 4065
f 4065 1808 4066
f 4064 4065 4066
f 1806 4067 4069
f 4067 454 4068
f 4068 1807 4069
f 4067 4068 4069
f 1807 4070 4072
f 4070 455 4071
f 4071 1808 4072
f 4070 4071 4072
f 1806 4069 4065
f 4069 1807 4072
f 4072 1808 4065
f 4069 4072 4065
f 453 4066 4074
f 4066 1808 4073
f 4073 1810 4074
f 4066 4073 4074
f 1808 4071 4076
f 4071 455 4075
f 4075 1809 4076
f 4071 4075 4076
f 1809 4077 4079
f 4077 456 4078
f 4078 1810 4079
f 4077 4078 4079
f 1808 4076 4073
f 4076 1809 4079
f 4079 1810 4073
f 4076 4079 4073
f 454 4080 4082
f 4080 1811 4081
f 4081 1813 4082
f 4080 4081 4082
f 1811 4083 4085
f 4083 457 4084
f 4084 1812 4085
f 4083 4084 4085
f 1812 4086 4088
f 4086 458 4087
f 4087 1813 4088
f 4086 4087 4088
f 1811 4085 4081
f 4085 1812 4088
f 4088 1813 4081
f 4085 4088 4081
f 454 4082 4068
f 4082 1813 4089
f 4089 1807 4068
f 4082 4089 4068
f 1813 4087 4091
f 4087 458 4090
f 4090 1814 4091
f 4087 4090 4091
f 1814 4092 4093
f 4092 455 4070
f 4070 1807 4093
f 4092 4070 4093
f 1813 4091 4089
f 4091 1814 4093
f 4093 1807 4089
f 4091 4093 4089
f 459 4094 4096
f 4094 1815 4095
f 4095 1817 4096
f 4094 4095 4096
f 1815 4097 4099
f 4097 460 4098
f 4098 1816 4099
f 4097 4098 4099
f 1816 4100 4102
f 4100 461 4101
f 4101 1817 4102
f 4100 4101 4102
f 1815 4099 4095
f 4099 1816 4102
f 4102 1817 4095
f 4099 4102 4095
f 459 4096 4104
f 4096 1817 4103
f 4103 1819 4104
f 4096 4103 4104
f 1817 4101 4106
f 4101 461 4105
f 4105 1818 4106
f 4101 4105 4106
f 1818 4107 4109
f 4107 462 4108
f 4108 1819 4109
f 4107 4108 4109
f 1817 4106 4103
f 4106 1818 4109
f 4109 1819 4103
f 4106 4109 4103
f 352 275 353
f 353 275 279
f 356 353 279
f 279 281 356
f 356 281 358
f 358 281 288
f 360 358 288
f 291 360 288
f 364 362 4110
f 4110 1820 364
f 1820 4111 364
f 4111 294 364
f 364 294 293
f 365 364 293
f 293 406 365
f 367 463 298
f 367 298 1821
f 298 297 4112
f 4112 1821 298
f 3899 1749 4113
f 3899 4113 368
f 1749 3898 4114
f 3898 367 1821
f 3898 1821 4114
f 1821 4112 4113
f 4112 297 368
f 4112 368 4113
f 1749 4114 4113
f 4114 1821 4113
f 368 297 241
f 371 368 241
f 371 241 240
f 373 371 240
f 240 248 373
f 375 373 248
f 248 254 375
f 375 254 377
f 377 254 3819
f 3819 1716 377
f 1716 260 377
f 1822 464 4115
f 4115 1823 1822
f 1823 4116 430
f 4116 465 430
f 1822 1823 430
f 430 465 271
f 352 466 1824
f 1824 276 352
f 352 276 275
f 381 1786 271
f 1786 430 271
f 381 271 270
f 401 467 406
f 401 406 3942
f 406 1766 3942
f 406 400 3944
f 3944 1766 406
f 326 3864 4118
f 3864 1736 4117
f 4117 1825 4118
f 3864 4117 4118
f 1736 3862 4119
f 3862 325 3935
f 3935 1763 4119
f 3862 3935 4119
f 1763 3932 4121
f 3932 322 4120
f 4120 1825 4121
f 3932 4120 4121
f 1736 4119 4117
f 4119 1763 4121
f 4121 1825 4117
f 4119 4121 4117
f 326 4118 323
f 4118 1825 323
f 1825 4120 323
f 4120 322 323
f 346 469 468
f 468 469 4122
f 4122 1826 468
f 1826 470 468
f 347 471 348
f 348 471 405
f 345 366 463
f 345 463 4123
f 463 1827 4123
f 463 472 4124
f 4124 1827 463
f 298 463 366
f 366 467 298
f 348 404 4125
f 4125 1828 4126
f 348 4125 4126
f 1828 4127 348
f 4127 399 348
f 4126 1828 348
f 348 399 3911
f 3911 1756 348
f 1756 343 348
f 467 366 365
f 467 365 406
f 332 3880 4129
f 3880 1741 4128
f 4128 1829 4129
f 3880 4128 4129
f 1741 3878 4130
f 3878 331 4130
f 331 473 4131
f 4131 1829 4132
f 331 4131 4132
f 1741 4130 4128
f 4130 331 4132
f 4132 1829 4128
f 4130 4132 4128
f 332 4129 4134
f 4129 1829 4133
f 4133 1831 4134
f 4129 4133 4134
f 1829 4131 4136
f 4131 473 4135
f 4135 1830 4136
f 4131 4135 4136
f 1830 4137 4139
f 4137 474 4138
f 4138 1831 4139
f 4137 4138 4139
f 1829 4136 4133
f 4136 1830 4139
f 4139 1831 4133
f 4136 4139 4133
f 337 3887 475
f 3887 1743 475
f 1743 3886 475
f 3886 336 475
f 337 475 476
f 339 332 4134
f 4134 1831 339
f 1831 4138 339
f 4138 474 4140
f 4138 4140 339
f 339 4140 4142
f 4140 474 4141
f 4141 1832 4142
f 4140 4141 4142
f 1832 4143 339
f 4143 477 339
f 4142 1832 339
f 342 341 4144
f 4144 1833 342
f 1833 4145 342
f 4145 478 342
f 342 478 4146
f 4146 1834 342
f 1834 4147 342
f 4147 479 342
f 336 346 468
f 336 468 475
f 342 479 347
f 347 479 480
f 350 3895 4149
f 3895 1747 4148
f 4148 1836 4149
f 3895 4148 4149
f 1747 3894 4151
f 3894 349 4150
f 4150 1835 4151
f 3894 4150 4151
f 1835 4152 4154
f 4152 481 4153
f 4153 1836 4154
f 4152 4153 4154
f 1747 4151 4148
f 4151 1835 4154
f 4154 1836 4148
f 4151 4154 4148
f 350 4149 4156
f 4149 1836 4155
f 4155 1838 4156
f 4149 4155 4156
f 1836 4153 4158
f 4153 481 4157
f 4157 1837 4158
f 4153 4157 4158
f 1837 4159 4161
f 4159 482 4160
f 4160 1838 4161
f 4159 4160 4161
f 1836 4158 4155
f 4158 1837 4161
f 4161 1838 4155
f 4158 4161 4155
f 349 3897 4163
f 3897 1748 4162
f 4162 1840 4163
f 3897 4162 4163
f 1748 3896 4165
f 3896 351 4164
f 4164 1839 4165
f 3896 4164 4165
f 1839 4166 4168
f 4166 483 4167
f 4167 1840 4168
f 4166 4167 4168
f 1748 4165 4162
f 4165 1839 4168
f 4168 1840 4162
f 4165 4168 4162
f 349 4163 4150
f 4163 1840 4169
f 4169 1835 4150
f 4163 4169 4150
f 1840 4167 4171
f 4167 483 4170
f 4170 1841 4171
f 4167 4170 4171
f 1841 4172 4173
f 4172 481 4152
f 4152 1835 4173
f 4172 4152 4173
f 1840 4171 4169
f 4171 1841 4173
f 4173 1835 4169
f 4171 4173 4169
f 469 346 4175
f 4174 1842 4175
f 346 4174 4175
f 346 345 4176
f 4176 1842 346
f 346 1842 4174
f 4175 1842 4177
f 4177 1843 469
f 4175 4177 469
f 1842 4176 4178
f 4176 345 4123
f 4123 1827 4178
f 4176 4123 4178
f 1827 4124 4180
f 4124 472 4179
f 4179 1843 4180
f 4124 4179 4180
f 1842 4178 4177
f 4178 1827 4180
f 4180 1843 4177
f 4178 4180 4177
f 347 480 471
f 480 484 471
f 471 484 485
f 485 486 471
f 326 323 4181
f 323 1844 4181
f 323 399 4182
f 4182 1844 323
f 326 4181 4184
f 4181 1844 4183
f 4183 1845 4184
f 4181 4183 4184
f 1844 4182 4185
f 4182 399 4127
f 4127 1828 4185
f 4182 4127 4185
f 1828 4125 4187
f 4125 404 4186
f 4186 1845 4187
f 4125 4186 4187
f 1844 4185 4183
f 4185 1828 4187
f 4187 1845 4183
f 4185 4187 4183
f 488 330 487
f 487 330 313
f 387 489 4188
f 4188 1846 387
f 1846 4189 387
f 4189 490 387
f 387 490 4190
f 4190 1847 387
f 1847 4191 387
f 4191 388 387
f 435 434 491
f 435 491 410
f 492 435 410
f 410 452 492
f 402 4192 4194
f 4192 1848 4193
f 4193 1850 4194
f 4192 4193 4194
f 1848 4195 4197
f 4195 327 4196
f 4196 1849 4197
f 4195 4196 4197
f 1849 4198 4200
f 4198 403 4199
f 4199 1850 4200
f 4198 4199 4200
f 1848 4197 4193
f 4197 1849 4200
f 4200 1850 4193
f 4197 4200 4193
f 402 4194 405
f 4194 1850 405
f 1850 4199 405
f 4199 403 405
f 450 235 492
f 492 235 4201
f 4201 1851 492
f 1851 4202 492
f 4202 493 492
f 471 486 405
f 405 486 488
f 398 397 316
f 316 397 320
f 327 3871 4204
f 3871 1738 4203
f 4203 1852 4204
f 3871 4203 4204
f 1738 3869 4205
f 3869 326 4184
f 4184 1845 4205
f 3869 4184 4205
f 1845 4186 4207
f 4186 404 4206
f 4206 1852 4207
f 4186 4206 4207
f 1738 4205 4203
f 4205 1845 4207
f 4207 1852 4203
f 4205 4207 4203
f 327 4204 4196
f 4204 1852 4208
f 4208 1849 4196
f 4204 4208 4196
f 1852 4206 4209
f 4206 404 3948
f 3948 1767 4209
f 4206 3948 4209
f 1767 3946 4210
f 3946 403 4198
f 4198 1849 4210
f 3946 4198 4210
f 1852 4209 4208
f 4209 1767 4210
f 4210 1849 4208
f 4209 4210 4208
f 323 321 396
f 396 399 323
f 494 4211 386
f 4211 1853 4212
f 4211 4212 386
f 1853 495 4212
f 495 386 4212
f 494 386 4213
f 386 1854 4213
f 386 389 4214
f 4214 1854 386
f 496 4215 4217
f 4215 1855 4216
f 4216 1857 4217
f 4215 4216 4217
f 1855 4218 4220
f 4218 497 4219
f 4219 1856 4220
f 4218 4219 4220
f 1856 4221 4223
f 4221 498 4222
f 4222 1857 4223
f 4221 4222 4223
f 1855 4220 4216
f 4220 1856 4223
f 4223 1857 4216
f 4220 4223 4216
f 496 4217 4225
f 4217 1857 4224
f 4224 1859 4225
f 4217 4224 4225
f 1857 4222 4227
f 4222 498 4226
f 4226 1858 4227
f 4222 4226 4227
f 1858 4228 4230
f 4228 252 4229
f 4229 1859 4230
f 4228 4229 4230
f 1857 4227 4224
f 4227 1858 4230
f 4230 1859 4224
f 4227 4230 4224
f 420 438 4231
f 4231 1860 420
f 1860 4232 420
f 4232 421 420
f 420 421 448
f 499 500 447
f 499 447 416
f 395 402 405
f 395 405 488
f 499 501 266
f 266 3954 499
f 3954 415 499
f 487 502 393
f 393 394 487
f 502 503 392
f 502 392 393
f 503 504 392
f 392 504 391
f 504 501 391
f 391 501 390
f 426 447 500
f 426 500 3991
f 500 1781 3991
f 500 427 3993
f 3993 1781 500
f 295 3833 291
f 3833 1722 291
f 1722 3832 291
f 3832 294 291
f 295 291 3913
f 291 1757 3913
f 291 292 3915
f 3915 1757 291
f 315 314 334
f 315 334 4233
f 334 1861 4233
f 334 333 4234
f 4234 1861 334
f 317 315 4233
f 4233 1861 317
f 1861 4234 317
f 4234 333 317
f 317 333 340
f 319 1758 320
f 1758 3916 320
f 3916 292 320
f 320 292 3849
f 3849 316 320
f 363 362 364
f 364 338 363
f 451 450 408
f 451 408 407
f 295 3912 4236
f 3912 319 4235
f 4235 1862 4236
f 3912 4235 4236
f 1731 3854 4238
f 3854 318 4237
f 4237 1862 4238
f 3854 4237 4238
f 319 1731 4238
f 4238 1862 4235
f 319 4238 4235
f 295 4236 3834
f 4236 1862 4239
f 4239 1723 3834
f 4236 4239 3834
f 1862 4237 4240
f 4237 318 3926
f 3926 1762 4240
f 4237 3926 4240
f 1762 3930 4241
f 3930 296 3835
f 3835 1723 4241
f 3930 3835 4241
f 1862 4240 4239
f 4240 1762 4241
f 4241 1723 4239
f 4240 4241 4239
f 294 4111 360
f 4111 1820 360
f 1820 4110 360
f 4110 362 360
f 294 360 291
f 320 397 396
f 396 321 320
f 367 370 4242
f 370 1863 4242
f 370 472 4243
f 4243 1863 370
f 367 4242 463
f 4242 1863 463
f 1863 4243 463
f 4243 472 463
f 1826 4122 505
f 4122 469 505
f 1826 505 470
f 505 4244 470
f 4244 506 470
f 469 1843 370
f 1843 4179 370
f 4179 472 370
f 469 370 505
f 413 265 378
f 413 378 432
f 442 4032 250
f 4032 1796 250
f 1796 4030 250
f 4030 441 250
f 442 250 4245
f 250 1864 4245
f 250 253 4246
f 4246 1864 250
f 265 4247 376
f 265 264 4247
f 264 376 4247
f 265 376 378
f 284 374 264
f 264 374 3902
f 3902 1751 264
f 1751 376 264
f 302 372 284
f 372 374 284
f 302 312 369
f 302 369 372
f 329 370 312
f 312 370 369
f 329 350 505
f 329 505 370
f 350 4156 4248
f 4156 1838 1865
f 1865 1866 4248
f 4156 1865 4248
f 1838 4160 1865
f 4160 482 1865
f 1865 506 1866
f 350 4248 505
f 4248 1866 505
f 1866 506 4244
f 1866 4244 505
f 443 4039 4250
f 4039 1798 4249
f 4249 1867 4250
f 4039 4249 4250
f 1798 4037 4251
f 4037 442 4245
f 4245 1864 4251
f 4037 4245 4251
f 1864 4246 4253
f 4246 253 4252
f 4252 1867 4253
f 4246 4252 4253
f 1798 4251 4249
f 4251 1864 4253
f 4253 1867 4249
f 4251 4253 4249
f 443 4250 4255
f 4250 1867 4254
f 4254 1868 4255
f 4250 4254 4255
f 1867 4252 4256
f 4252 253 3985
f 3985 1779 4256
f 4252 3985 4256
f 1779 3983 4258
f 3983 425 4257
f 4257 1868 4258
f 3983 4257 4258
f 1867 4256 4254
f 4256 1779 4258
f 4258 1868 4254
f 4256 4258 4254
f 445 4053 4260
f 4053 1802 4259
f 4259 1869 4260
f 4053 4259 4260
f 1802 4051 4261
f 4051 443 4255
f 4255 1868 4261
f 4051 4255 4261
f 1868 4257 4263
f 4257 425 4262
f 4262 1869 4263
f 4257 4262 4263
f 1802 4261 4259
f 4261 1868 4263
f 4263 1869 4259
f 4261 4263 4259
f 445 4260 4265
f 4260 1869 4264
f 4264 1870 4265
f 4260 4264 4265
f 1869 4262 4266
f 4262 425 3999
f 3999 1783 4266
f 4262 3999 4266
f 1783 3997 4268
f 3997 427 4267
f 4267 1870 4268
f 3997 4267 4268
f 1869 4266 4264
f 4266 1783 4268
f 4268 1870 4264
f 4266 4268 4264
f 483 4166 4270
f 4166 1839 4269
f 4269 1872 4270
f 4166 4269 4270
f 1839 4164 4272
f 4164 351 4271
f 4271 1871 4272
f 4164 4271 4272
f 1871 4273 4275
f 4273 486 4274
f 4274 1872 4275
f 4273 4274 4275
f 1839 4272 4269
f 4272 1871 4275
f 4275 1872 4269
f 4272 4275 4269
f 483 4270 485
f 4270 1872 485
f 1872 4274 485
f 4274 486 485
f 351 330 488
f 351 488 4271
f 488 1871 4271
f 488 486 4273
f 4273 1871 488
f 334 314 363
f 363 338 334
f 331 334 338
f 338 337 4276
f 4276 331 338
f 473 331 4278
f 4277 1873 4278
f 331 4277 4278
f 4276 337 4280
f 4280 1873 4276
f 331 4279 4277
f 4279 331 4276
f 4276 1873 4277
f 4279 4276 4277
f 473 4278 476
f 4278 1873 476
f 1873 4280 476
f 4280 337 476
f 314 304 361
f 314 361 363
f 304 286 1874
f 1874 359 304
f 304 359 361
f 339 477 4281
f 4281 1875 339
f 1875 4282 4283
f 4282 478 339
f 4282 339 4283
f 339 1875 4283
f 339 478 4145
f 4145 1833 339
f 1833 4144 339
f 4144 341 339
f 339 341 340
f 340 341 344
f 236 354 268
f 268 354 357
f 286 268 357
f 286 357 1874
f 357 359 1874
f 236 239 355
f 355 354 236
f 239 3970 407
f 3970 1774 407
f 1774 423 407
f 239 407 355
f 4284 256 1876
f 4284 1876 423
f 1876 451 423
f 423 451 407
f 259 3816 4286
f 3816 1714 4285
f 4285 1878 4286
f 3816 4285 4286
f 1714 3814 4288
f 3814 258 4287
f 4287 1877 4288
f 3814 4287 4288
f 1877 4289 4291
f 4289 233 4290
f 4290 1878 4291
f 4289 4290 4291
f 1714 4288 4285
f 4288 1877 4291
f 4291 1878 4285
f 4288 4291 4285
f 259 4286 4293
f 4286 1878 4292
f 4292 1879 4293
f 4286 4292 4293
f 1878 4290 4294
f 4290 233 3767
f 3767 1697 4294
f 4290 3767 4294
f 1697 3764 4296
f 3764 232 4295
f 4295 1879 4296
f 3764 4295 4296
f 1878 4294 4292
f 4294 1697 4296
f 4296 1879 4292
f 4294 4296 4292
f 258 4024 4298
f 4024 1794 4297
f 4297 1881 4298
f 4024 4297 4298
f 1794 4022 4300
f 4022 439 4299
f 4299 1880 4300
f 4022 4299 4300
f 1880 4301 4303
f 4301 244 4302
f 4302 1881 4303
f 4301 4302 4303
f 1794 4300 4297
f 4300 1880 4303
f 4303 1881 4297
f 4300 4303 4297
f 258 4298 4287
f 4298 1881 4304
f 4304 1877 4287
f 4298 4304 4287
f 1881 4302 4305
f 4302 244 3793
f 3793 1707 4305
f 4302 3793 4305
f 1707 3795 4306
f 3795 233 4289
f 4289 1877 4306
f 3795 4289 4306
f 1881 4305 4304
f 4305 1707 4306
f 4306 1877 4304
f 4305 4306 4304
f 439 4018 420
f 4018 1792 420
f 1792 4016 420
f 4016 438 420
f 439 420 4299
f 420 1880 4299
f 420 244 4301
f 4301 1880 420
f 421 247 307
f 421 307 448
f 247 246 308
f 247 308 307
f 246 274 309
f 246 309 308
f 290 310 274
f 274 310 309
f 290 306 316
f 316 310 290
f 306 317 398
f 306 398 316
f 317 340 344
f 344 398 317
f 427 500 4307
f 500 1882 4307
f 500 444 4308
f 4308 1882 500
f 427 4307 4267
f 4307 1882 4309
f 4309 1870 4267
f 4307 4309 4267
f 1882 4308 4310
f 4308 444 4050
f 4050 1803 4310
f 4308 4050 4310
f 1803 4054 4311
f 4054 445 4265
f 4265 1870 4311
f 4054 4265 4311
f 1882 4310 4309
f 4310 1803 4311
f 4311 1870 4309
f 4310 4311 4309
f 501 499 4312
f 499 1883 4312
f 416 1883 499
f 501 4312 390
f 4312 1883 390
f 1883 416 390
f 313 502 487
f 313 3843 502
f 3843 303 502
f 503 502 4313
f 502 303 4314
f 503 4313 1884
f 4313 502 1884
f 502 4314 1884
f 4314 303 3838
f 3838 1725 1884
f 4314 3838 1884
f 1725 3837 1884
f 3837 285 1884
f 504 503 1884
f 1884 285 4315
f 4315 504 1884
f 504 4315 4316
f 4315 285 1718
f 4315 1718 4316
f 1718 3827 504
f 3827 267 504
f 4316 1718 504
f 501 504 4317
f 501 4317 1885
f 504 267 1885
f 504 1885 4317
f 501 1885 266
f 1885 267 266
f 488 487 394
f 488 394 395
f 507 508 509
f 507 509 4318
f 509 1886 4318
f 509 510 4319
f 4319 1886 509
f 4320 1887 1822
f 1822 1888 511
f 4320 1822 511
f 1887 4321 1822
f 4321 464 1822
f 1822 430 4322
f 4322 1888 1822
f 1888 4322 412
f 4322 430 412
f 1888 412 511
f 409 466 352
f 409 352 355
f 512 4323 4325
f 4323 1889 4324
f 4324 1890 4325
f 4323 4324 4325
f 1889 4326 4327
f 4326 507 4318
f 4318 1886 4327
f 4326 4318 4327
f 1886 4319 4329
f 4319 510 4328
f 4328 1890 4329
f 4319 4328 4329
f 1889 4327 4324
f 4327 1886 4329
f 4329 1890 4324
f 4327 4329 4324
f 512 4325 4331
f 4325 1890 4330
f 4330 1892 4331
f 4325 4330 4331
f 1890 4328 4333
f 4328 510 4332
f 4332 1891 4333
f 4328 4332 4333
f 1891 4334 4336
f 4334 513 4335
f 4335 1892 4336
f 4334 4335 4336
f 1890 4333 4330
f 4333 1891 4336
f 4336 1892 4330
f 4333 4336 4330
f 514 433 270
f 514 270 273
f 465 515 1893
f 515 272 1893
f 465 1893 271
f 1893 272 271
f 1894 489 387
f 1894 387 515
f 387 272 515
f 235 3777 4338
f 3777 1700 4337
f 4337 1896 4338
f 3777 4337 4338
f 1700 3775 4340
f 3775 234 4339
f 4339 1895 4340
f 3775 4339 4340
f 1895 4341 4343
f 4341 516 4342
f 4342 1896 4343
f 4341 4342 4343
f 1700 4340 4337
f 4340 1895 4343
f 4343 1896 4337
f 4340 4343 4337
f 235 4338 4201
f 4338 1896 4344
f 4344 1851 4201
f 4338 4344 4201
f 1896 4342 4346
f 4342 516 4345
f 4345 1897 4346
f 4342 4345 4346
f 1897 4347 4348
f 4347 493 4202
f 4202 1851 4348
f 4347 4202 4348
f 1896 4346 4344
f 4346 1897 4348
f 4348 1851 4344
f 4346 4348 4344
f 436 4349 4351
f 4349 1898 4350
f 4350 1900 4351
f 4349 4350 4351
f 1898 4352 4354
f 4352 517 4353
f 4353 1899 4354
f 4352 4353 4354
f 1899 4355 4357
f 4355 518 4356
f 4356 1900 4357
f 4355 4356 4357
f 1898 4354 4350
f 4354 1899 4357
f 4357 1900 4350
f 4354 4357 4350
f 436 4351 4010
f 4351 1900 4358
f 4358 1790 4010
f 4351 4358 4010
f 1900 4356 4360
f 4356 518 4359
f 4359 1901 4360
f 4356 4359 4360
f 1901 4361 4362
f 4361 437 4011
f 4011 1790 4362
f 4361 4011 4362
f 1900 4360 4358
f 4360 1901 4362
f 4362 1790 4358
f 4360 4362 4358
f 429 4363 377
f 4363 1902 377
f 1902 4364 377
f 4364 379 377
f 429 377 260
f 519 4365 4367
f 4365 1903 4366
f 4366 1905 4367
f 4365 4366 4367
f 1903 4368 4370
f 4368 520 4369
f 4369 1904 4370
f 4368 4369 4370
f 1904 4371 4373
f 4371 521 4372
f 4372 1905 4373
f 4371 4372 4373
f 1903 4370 4366
f 4370 1904 4373
f 4373 1905 4366
f 4370 4373 4366
f 519 4367 4375
f 4367 1905 4374
f 4374 1907 4375
f 4367 4374 4375
f 1905 4372 4377
f 4372 521 4376
f 4376 1906 4377
f 4372 4376 4377
f 1906 4378 4380
f 4378 522 4379
f 4379 1907 4380
f 4378 4379 4380
f 1905 4377 4374
f 4377 1906 4380
f 4380 1907 4374
f 4377 4380 4374
f 523 4381 4383
f 4381 1908 4382
f 4382 1909 4383
f 4381 4382 4383
f 1908 4384 4385
f 4384 519 4375
f 4375 1907 4385
f 4384 4375 4385
f 1907 4379 4387
f 4379 522 4386
f 4386 1909 4387
f 4379 4386 4387
f 1908 4385 4382
f 4385 1907 4387
f 4387 1909 4382
f 4385 4387 4382
f 523 4383 4389
f 4383 1909 4388
f 4388 1911 4389
f 4383 4388 4389
f 1909 4386 4391
f 4386 522 4390
f 4390 1910 4391
f 4386 4390 4391
f 1910 4392 4394
f 4392 524 4393
f 4393 1911 4394
f 4392 4393 4394
f 1909 4391 4388
f 4391 1910 4394
f 4394 1911 4388
f 4391 4394 4388
f 525 4395 4397
f 4395 1912 4396
f 4396 1914 4397
f 4395 4396 4397
f 1912 4398 4400
f 4398 526 4399
f 4399 1913 4400
f 4398 4399 4400
f 1913 4401 4403
f 4401 527 4402
f 4402 1914 4403
f 4401 4402 4403
f 1912 4400 4396
f 4400 1913 4403
f 4403 1914 4396
f 4400 4403 4396
f 525 4397 4405
f 4397 1914 4404
f 4404 1916 4405
f 4397 4404 4405
f 1914 4402 4407
f 4402 527 4406
f 4406 1915 4407
f 4402 4406 4407
f 1915 4408 4410
f 4408 524 4409
f 4409 1916 4410
f 4408 4409 4410
f 1914 4407 4404
f 4407 1915 4410
f 4410 1916 4404
f 4407 4410 4404
f 529 494 528
f 528 494 4213
f 4213 1854 4411
f 528 4213 4411
f 1854 4214 4413
f 4214 389 4412
f 4412 528 4413
f 4214 4412 4413
f 4411 1854 4413
f 4411 4413 528
f 528 4412 530
f 4412 389 530
f 530 389 3909
f 3909 1755 530
f 1755 3908 530
f 3908 388 530
f 531 532 4414
f 532 1917 4414
f 532 490 4415
f 4415 1917 532
f 531 4414 4417
f 4414 1917 4416
f 4416 1919 4417
f 4414 4416 4417
f 1917 4415 4419
f 4415 490 4418
f 4418 1918 4419
f 4415 4418 4419
f 1918 4420 4422
f 4420 533 4421
f 4421 1919 4422
f 4420 4421 4422
f 1917 4419 4416
f 4419 1918 4422
f 4422 1919 4416
f 4419 4422 4416
f 534 4423 4425
f 4423 1920 4424
f 4424 1922 4425
f 4423 4424 4425
f 1920 4426 4428
f 4426 535 4427
f 4427 1921 4428
f 4426 4427 4428
f 1921 4429 4431
f 4429 536 4430
f 4430 1922 4431
f 4429 4430 4431
f 1920 4428 4424
f 4428 1921 4431
f 4431 1922 4424
f 4428 4431 4424
f 537 4432 4434
f 4432 1923 4433
f 4433 1924 4434
f 4432 4433 4434
f 1923 4435 4436
f 4435 534 4425
f 4425 1922 4436
f 4435 4425 4436
f 1922 4430 4438
f 4430 536 4437
f 4437 1924 4438
f 4430 4437 4438
f 1923 4436 4433
f 4436 1922 4438
f 4438 1924 4433
f 4436 4438 4433
f 537 4434 4440
f 4434 1924 4439
f 4439 1926 4440
f 4434 4439 4440
f 1924 4437 4442
f 4437 536 4441
f 4441 1925 4442
f 4437 4441 4442
f 1925 4443 4445
f 4443 538 4444
f 4444 1926 4445
f 4443 4444 4445
f 1924 4442 4439
f 4442 1925 4445
f 4445 1926 4439
f 4442 4445 4439
f 539 4446 4448
f 4446 1927 4447
f 4447 1928 4448
f 4446 4447 4448
f 1927 4449 4450
f 4449 537 4440
f 4440 1926 4450
f 4449 4440 4450
f 1926 4444 4452
f 4444 538 4451
f 4451 1928 4452
f 4444 4451 4452
f 1927 4450 4447
f 4450 1926 4452
f 4452 1928 4447
f 4450 4452 4447
f 539 4448 4454
f 4448 1928 4453
f 4453 1930 4454
f 4448 4453 4454
f 1928 4451 4456
f 4451 538 4455
f 4455 1929 4456
f 4451 4455 4456
f 1929 4457 4459
f 4457 540 4458
f 4458 1930 4459
f 4457 4458 4459
f 1928 4456 4453
f 4456 1929 4459
f 4459 1930 4453
f 4456 4459 4453
f 458 4086 4461
f 4086 1812 4460
f 4460 1932 4461
f 4086 4460 4461
f 1812 4084 4463
f 4084 457 4462
f 4462 1931 4463
f 4084 4462 4463
f 1931 4464 4466
f 4464 541 4465
f 4465 1932 4466
f 4464 4465 4466
f 1812 4463 4460
f 4463 1931 4466
f 4466 1932 4460
f 4463 4466 4460
f 458 4461 4468
f 4461 1932 4467
f 4467 1934 4468
f 4461 4467 4468
f 1932 4465 4470
f 4465 541 4469
f 4469 1933 4470
f 4465 4469 4470
f 1933 4471 4473
f 4471 542 4472
f 4472 1934 4473
f 4471 4472 4473
f 1932 4470 4467
f 4470 1933 4473
f 4473 1934 4467
f 4470 4473 4467
f 543 544 4474
f 4474 1935 543
f 1935 4475 543
f 4475 545 543
f 543 545 546
f 543 546 547
f 546 548 1936
f 546 1936 547
f 549 550 529
f 549 529 1937
f 529 528 1937
f 551 549 1937
f 1937 528 551
f 551 528 530
f 461 4100 4477
f 4100 1816 4476
f 4476 1939 4477
f 4100 4476 4477
f 1816 4098 4479
f 4098 460 4478
f 4478 1938 4479
f 4098 4478 4479
f 1938 4480 4482
f 4480 453 4481
f 4481 1939 4482
f 4480 4481 4482
f 1816 4479 4476
f 4479 1938 4482
f 4482 1939 4476
f 4479 4482 4476
f 461 4477 4484
f 4477 1939 4483
f 4483 1940 4484
f 4477 4483 4484
f 1939 4481 4485
f 4481 453 4074
f 4074 1810 4485
f 4481 4074 4485
f 1810 4078 4487
f 4078 456 4486
f 4486 1940 4487
f 4078 4486 4487
f 1939 4485 4483
f 4485 1810 4487
f 4487 1940 4483
f 4485 4487 4483
f 552 553 554
f 552 554 4488
f 554 1941 4488
f 554 555 4489
f 4489 1941 554
f 556 557 553
f 556 553 4490
f 553 1942 4490
f 553 4491 4493
f 4491 558 4492
f 4492 1942 4493
f 4491 4492 4493
f 4493 1942 553
f 551 559 557
f 559 560 557
f 561 4494 4496
f 4494 1943 4495
f 4495 1945 4496
f 4494 4495 4496
f 1943 4497 4499
f 4497 542 4498
f 4498 1944 4499
f 4497 4498 4499
f 1944 4500 4502
f 4500 518 4501
f 4501 1945 4502
f 4500 4501 4502
f 1943 4499 4495
f 4499 1944 4502
f 4502 1945 4495
f 4499 4502 4495
f 520 4368 546
f 4368 1903 546
f 1903 4365 546
f 4365 519 4503
f 4365 4503 546
f 520 546 4504
f 546 1946 4504
f 546 545 4505
f 4505 1946 546
f 495 1853 385
f 1853 4211 385
f 4211 494 385
f 385 494 4506
f 4506 1947 385
f 1947 4507 385
f 4507 525 385
f 408 450 492
f 492 452 408
f 466 409 383
f 466 383 4508
f 383 1948 4508
f 1753 3905 4510
f 3905 382 4509
f 4509 1948 4510
f 3905 4509 4510
f 383 1753 4510
f 4510 1948 383
f 513 4511 4513
f 4511 1949 4512
f 4512 1951 4513
f 4511 4512 4513
f 1949 4514 4516
f 4514 462 4515
f 4515 1950 4516
f 4514 4515 4516
f 1950 4517 4519
f 4517 562 4518
f 4518 1951 4519
f 4517 4518 4519
f 1949 4516 4512
f 4516 1950 4519
f 4519 1951 4512
f 4516 4519 4512
f 495 514 386
f 386 514 273
f 277 514 385
f 385 514 495
f 498 4221 4521
f 4221 1856 4520
f 4520 1953 4521
f 4221 4520 4521
f 1856 4219 4523
f 4219 497 4522
f 4522 1952 4523
f 4219 4522 4523
f 1952 4524 4526
f 4524 555 4525
f 4525 1953 4526
f 4524 4525 4526
f 1856 4523 4520
f 4523 1952 4526
f 4526 1953 4520
f 4523 4526 4520
f 498 4521 4528
f 4521 1953 4527
f 4527 1955 4528
f 4521 4527 4528
f 1953 4525 4530
f 4525 555 4529
f 4529 1954 4530
f 4525 4529 4530
f 1954 4531 4533
f 4531 539 4532
f 4532 1955 4533
f 4531 4532 4533
f 1953 4530 4527
f 4530 1954 4533
f 4533 1955 4527
f 4530 4533 4527
f 533 4420 4535
f 4420 1918 4534
f 4534 1956 4535
f 4420 4534 4535
f 1918 4418 4536
f 4418 490 4189
f 4189 1846 4536
f 4418 4189 4536
f 1846 4188 4538
f 4188 489 4537
f 4537 1956 4538
f 4188 4537 4538
f 1918 4536 4534
f 4536 1846 4538
f 4538 1956 4534
f 4536 4538 4534
f 533 4535 4540
f 4535 1956 4539
f 4539 1958 4540
f 4535 4539 4540
f 1956 4537 4542
f 4537 489 4541
f 4541 1957 4542
f 4537 4541 4542
f 1957 418 4544
f 4543 1958 4544
f 418 4543 4544
f 1956 4542 4539
f 4542 1957 4544
f 4544 1958 4539
f 4542 4544 4539
f 545 4545 4547
f 4545 1959 4546
f 4546 1960 4547
f 4545 4546 4547
f 1959 4548 4549
f 4548 516 4341
f 4341 1895 4549
f 4548 4341 4549
f 1895 4339 4551
f 4339 234 4550
f 4550 1960 4551
f 4339 4550 4551
f 1959 4549 4546
f 4549 1895 4551
f 4551 1960 4546
f 4549 4551 4546
f 545 4547 4505
f 4547 1960 4552
f 4552 1946 4505
f 4547 4552 4505
f 1960 4550 4554
f 4550 234 4553
f 4553 1961 4554
f 4550 4553 4554
f 1961 4555 4556
f 4555 520 4504
f 4504 1946 4556
f 4555 4504 4556
f 1960 4554 4552
f 4554 1961 4556
f 4556 1946 4552
f 4554 4556 4552
f 542 4471 4558
f 4471 1933 4557
f 4557 1963 4558
f 4471 4557 4558
f 1933 4469 4560
f 4469 541 4559
f 4559 1962 4560
f 4469 4559 4560
f 1962 4561 4563
f 4561 437 4562
f 4562 1963 4563
f 4561 4562 4563
f 1933 4560 4557
f 4560 1962 4563
f 4563 1963 4557
f 4560 4563 4557
f 542 4558 4498
f 4558 1963 4564
f 4564 1944 4498
f 4558 4564 4498
f 1963 4562 4565
f 4562 437 4361
f 4361 1901 4565
f 4562 4361 4565
f 1901 4359 4566
f 4359 518 4500
f 4500 1944 4566
f 4359 4500 4566
f 1963 4565 4564
f 4565 1901 4566
f 4566 1944 4564
f 4565 4566 4564
f 518 4355 4568
f 4355 1899 4567
f 4567 1965 4568
f 4355 4567 4568
f 1899 4353 4570
f 4353 517 4569
f 4569 1964 4570
f 4353 4569 4570
f 1964 4571 4573
f 4571 544 4572
f 4572 1965 4573
f 4571 4572 4573
f 1899 4570 4567
f 4570 1964 4573
f 4573 1965 4567
f 4570 4573 4567
f 518 4568 4501
f 4568 1965 4574
f 4574 1945 4501
f 4568 4574 4501
f 1965 4572 4576
f 4572 544 4575
f 4575 1966 4576
f 4572 4575 4576
f 1966 4577 4578
f 4577 561 4496
f 4496 1945 4578
f 4577 4496 4578
f 1965 4576 4574
f 4576 1966 4578
f 4578 1945 4574
f 4576 4578 4574
f 522 4378 4580
f 4378 1906 4579
f 4579 1968 4580
f 4378 4579 4580
f 1906 4376 4582
f 4376 521 4581
f 4581 1967 4582
f 4376 4581 4582
f 1967 4583 4585
f 4583 245 4584
f 4584 1968 4585
f 4583 4584 4585
f 1906 4582 4579
f 4582 1967 4585
f 4585 1968 4579
f 4582 4585 4579
f 522 4580 419
f 4580 1968 419
f 1968 4584 419
f 4584 245 419
f 4586 524 419
f 4586 419 449
f 419 524 4392
f 4392 1910 419
f 1910 4390 419
f 4390 522 419
f 525 4405 449
f 4405 1916 449
f 1916 4409 449
f 4409 524 4586
f 4409 4586 449
f 525 449 385
f 453 4480 509
f 4480 1938 509
f 1938 4478 509
f 4478 460 509
f 453 509 4587
f 509 1969 4587
f 563 1969 509
f 408 452 409
f 452 383 409
f 459 4104 4589
f 4104 1819 4588
f 4588 1970 4589
f 4104 4588 4589
f 1819 4108 4590
f 4108 462 4514
f 4514 1949 4590
f 4108 4514 4590
f 1949 4511 4592
f 4511 513 4591
f 4591 1970 4592
f 4511 4591 4592
f 1819 4590 4588
f 4590 1949 4592
f 4592 1970 4588
f 4590 4592 4588
f 459 4589 4594
f 4589 1970 4593
f 4593 1971 4594
f 4589 4593 4594
f 1970 4591 4595
f 4591 513 4334
f 4334 1891 4595
f 4591 4334 4595
f 1891 4332 4597
f 4332 510 4596
f 4596 1971 4597
f 4332 4596 4597
f 1970 4595 4593
f 4595 1891 4597
f 4597 1971 4593
f 4595 4597 4593
f 563 491 4598
f 491 1972 4598
f 491 454 4599
f 4599 1972 491
f 4598 1972 4600
f 4600 1969 563
f 4598 4600 563
f 1972 4599 4601
f 4599 454 4067
f 4067 1806 4601
f 4599 4067 4601
f 1806 4064 4602
f 4064 453 4587
f 4587 1969 4602
f 4064 4587 4602
f 1972 4601 4600
f 4601 1806 4602
f 4602 1969 4600
f 4601 4602 4600
f 516 4548 4604
f 4548 1959 4603
f 4603 1973 4604
f 4548 4603 4604
f 1959 4545 4605
f 4545 545 4475
f 4475 1935 4605
f 4545 4475 4605
f 1935 4474 4607
f 4474 544 4606
f 4606 1973 4607
f 4474 4606 4607
f 1959 4605 4603
f 4605 1935 4607
f 4607 1973 4603
f 4605 4607 4603
f 516 4604 4609
f 4604 1973 4608
f 4608 1974 4609
f 4604 4608 4609
f 1973 4606 4610
f 4606 544 4571
f 4571 1964 4610
f 4606 4571 4610
f 1964 4569 4612
f 4569 517 4611
f 4611 1974 4612
f 4569 4611 4612
f 1973 4610 4608
f 4610 1964 4612
f 4612 1974 4608
f 4610 4612 4608
f 564 556 4613
f 4613 1975 564
f 1975 4614 564
f 4614 456 564
f 564 456 4077
f 4077 1809 564
f 1809 4075 564
f 4075 455 564
f 494 529 4615
f 529 1976 4615
f 529 526 4616
f 4616 1976 529
f 494 4615 4506
f 4615 1976 4617
f 4617 1947 4506
f 4615 4617 4506
f 1976 4616 4618
f 4616 526 4398
f 4398 1912 4618
f 4616 4398 4618
f 1912 4395 4619
f 4395 525 4507
f 4507 1947 4619
f 4395 4507 4619
f 1976 4618 4617
f 4618 1912 4619
f 4619 1947 4617
f 4618 4619 4617
f 561 565 4620
f 565 1977 4620
f 565 458 4621
f 4621 1977 565
f 561 4620 4494
f 4620 1977 4622
f 4622 1943 4494
f 4620 4622 4494
f 1977 4621 4623
f 4621 458 4468
f 4468 1934 4623
f 4621 4468 4623
f 1934 4472 4624
f 4472 542 4497
f 4497 1943 4624
f 4472 4497 4624
f 1977 4623 4622
f 4623 1934 4624
f 4624 1943 4622
f 4623 4624 4622
f 556 4490 4626
f 4490 1942 4625
f 4625 1979 4626
f 4490 4625 4626
f 1942 4492 4628
f 4492 558 4627
f 4627 1978 4628
f 4492 4627 4628
f 1978 4629 4631
f 4629 461 4630
f 4630 1979 4631
f 4629 4630 4631
f 1942 4628 4625
f 4628 1978 4631
f 4631 1979 4625
f 4628 4631 4625
f 556 4626 4613
f 4626 1979 4632
f 4632 1975 4613
f 4626 4632 4613
f 1979 4630 4633
f 4630 461 4484
f 4484 1940 4633
f 4630 4484 4633
f 1940 4486 4634
f 4486 456 4614
f 4614 1975 4634
f 4486 4614 4634
f 1979 4633 4632
f 4633 1940 4634
f 4634 1975 4632
f 4633 4634 4632
f 541 4464 434
f 4464 1931 434
f 1931 4462 434
f 4462 457 434
f 541 434 4559
f 4635 1962 4559
f 434 4635 4559
f 434 437 4561
f 4561 1962 4636
f 434 4561 4636
f 4636 1962 4635
f 434 4636 4635
f 497 4637 4639
f 4637 1980 4638
f 4638 1982 4639
f 4637 4638 4639
f 1980 4640 4642
f 4640 512 4641
f 4641 1981 4642
f 4640 4641 4642
f 1981 4643 4645
f 4643 552 4644
f 4644 1982 4645
f 4643 4644 4645
f 1980 4642 4638
f 4642 1981 4645
f 4645 1982 4638
f 4642 4645 4638
f 497 4639 4522
f 4639 1982 4646
f 4646 1952 4522
f 4639 4646 4522
f 1982 4644 4647
f 4644 552 4488
f 4488 1941 4647
f 4644 4488 4647
f 1941 4489 4648
f 4489 555 4524
f 4524 1952 4648
f 4489 4524 4648
f 1982 4647 4646
f 4647 1941 4648
f 4648 1952 4646
f 4647 4648 4646
f 417 1983 418
f 417 536 4649
f 4649 1983 417
f 418 1983 4650
f 4650 1958 4543
f 418 4650 4543
f 1983 4649 4652
f 4649 536 4651
f 4651 1984 4652
f 4649 4651 4652
f 1984 4653 4654
f 4653 533 4540
f 4540 1958 4654
f 4653 4540 4654
f 1983 4652 4650
f 4652 1984 4654
f 4654 1958 4650
f 4652 4654 4650
f 566 4655 4657
f 4655 1985 4656
f 4656 1986 4657
f 4655 4656 4657
f 1985 4658 4659
f 4658 498 4528
f 4528 1955 4659
f 4658 4528 4659
f 1955 4532 4661
f 4532 539 4660
f 4660 1986 4661
f 4532 4660 4661
f 1985 4659 4656
f 4659 1955 4661
f 4661 1986 4656
f 4659 4661 4656
f 566 4657 4663
f 4657 1986 4662
f 4662 1987 4663
f 4657 4662 4663
f 1986 4660 4664
f 4660 539 4454
f 4454 1930 4664
f 4660 4454 4664
f 1930 4458 4666
f 4458 540 4665
f 4665 1987 4666
f 4458 4665 4666
f 1986 4664 4662
f 4664 1930 4666
f 4666 1987 4662
f 4664 4666 4662
f 446 538 417
f 417 538 4443
f 4443 1925 417
f 1925 4441 417
f 4441 536 417
f 446 566 4663
f 4663 1987 446
f 1987 4665 446
f 4665 540 446
f 446 540 4457
f 4457 1929 446
f 1929 4455 446
f 4455 538 446
f 537 4449 4668
f 4449 1927 4667
f 4667 1988 4668
f 4449 4667 4668
f 1927 4446 4669
f 4446 539 4531
f 4531 1954 4669
f 4446 4531 4669
f 1954 4529 4671
f 4529 555 4670
f 4670 1988 4671
f 4529 4670 4671
f 1927 4669 4667
f 4669 1954 4671
f 4671 1988 4667
f 4669 4671 4667
f 537 4668 554
f 4668 1988 554
f 1988 4670 554
f 4670 555 554
f 519 4384 548
f 4384 1908 548
f 1908 4381 548
f 4381 523 548
f 519 548 4503
f 548 546 4503
f 523 4672 550
f 4672 1989 550
f 1989 4673 550
f 4673 527 550
f 523 550 548
f 531 4674 4675
f 4674 1990 559
f 4674 559 4675
f 1990 4676 559
f 4676 535 559
f 531 4675 532
f 4675 559 532
f 534 4435 554
f 4435 1923 554
f 1923 4432 554
f 4432 537 554
f 534 554 4677
f 554 1991 4677
f 554 560 4678
f 4678 1991 554
f 564 455 565
f 565 455 4092
f 4092 1814 565
f 1814 4090 565
f 4090 458 565
f 457 4083 491
f 4083 1811 491
f 1811 4080 491
f 4080 454 491
f 457 491 434
f 460 4097 4680
f 4097 1815 4679
f 4679 1992 4680
f 4097 4679 4680
f 1815 4094 4681
f 4094 459 4594
f 4594 1971 4681
f 4094 4594 4681
f 1971 4596 4683
f 4596 510 4682
f 4682 1992 4683
f 4596 4682 4683
f 1815 4681 4679
f 4681 1971 4683
f 4683 1992 4679
f 4681 4683 4679
f 460 4680 509
f 4680 1992 509
f 1992 4682 509
f 4682 510 509
f 558 4684 4686
f 4684 1993 4685
f 4685 1994 4686
f 4684 4685 4686
f 1993 4687 4688
f 4687 562 4517
f 4517 1950 4688
f 4687 4517 4688
f 1950 4515 4690
f 4515 462 4689
f 4689 1994 4690
f 4515 4689 4690
f 1993 4688 4685
f 4688 1950 4690
f 4690 1994 4685
f 4688 4690 4685
f 558 4686 4627
f 4686 1994 4691
f 4691 1978 4627
f 4686 4691 4627
f 1994 4689 4692
f 4689 462 4107
f 4107 1818 4692
f 4689 4107 4692
f 1818 4105 4693
f 4105 461 4629
f 4629 1978 4693
f 4105 4629 4693
f 1994 4692 4691
f 4692 1818 4693
f 4693 1978 4691
f 4692 4693 4691
f 490 532 530
f 490 530 4190
f 4694 1847 4190
f 530 4694 4190
f 530 388 4191
f 4191 1847 530
f 530 1847 4694
f 410 491 411
f 491 563 411
f 436 4009 492
f 4009 1789 492
f 1789 4008 492
f 4008 435 492
f 436 492 4695
f 492 1995 4695
f 492 493 4696
f 4696 1995 492
f 387 386 273
f 273 272 387
f 411 508 567
f 411 567 568
f 507 4326 4698
f 4326 1889 4697
f 4697 1996 4698
f 4326 4697 4698
f 1889 4323 4699
f 4323 512 4640
f 4640 1980 4699
f 4323 4640 4699
f 1980 4637 4701
f 4637 497 4700
f 4700 1996 4701
f 4637 4700 4701
f 1889 4699 4697
f 4699 1980 4701
f 4701 1996 4697
f 4699 4701 4697
f 507 4698 4703
f 4698 1996 4702
f 4702 1997 4703
f 4698 4702 4703
f 1996 4700 4704
f 4700 497 4218
f 4218 1855 4704
f 4700 4218 4704
f 1855 4215 4706
f 4215 496 4705
f 4705 1997 4706
f 4215 4705 4706
f 1996 4704 4702
f 4704 1855 4706
f 4706 1997 4702
f 4704 4706 4702
f 411 568 1998
f 1998 511 411
f 511 412 411
f 517 4352 4708
f 4352 1898 4707
f 4707 1999 4708
f 4352 4707 4708
f 1898 4349 4709
f 4349 436 4695
f 4695 1995 4709
f 4349 4695 4709
f 1995 4696 4711
f 4696 493 4710
f 4710 1999 4711
f 4696 4710 4711
f 1898 4709 4707
f 4709 1995 4711
f 4711 1999 4707
f 4709 4711 4707
f 517 4708 4611
f 4708 1999 4712
f 4712 1974 4611
f 4708 4712 4611
f 1999 4710 4713
f 4710 493 4347
f 4347 1897 4713
f 4710 4347 4713
f 1897 4345 4714
f 4345 516 4609
f 4609 1974 4714
f 4345 4609 4714
f 1999 4713 4712
f 4713 1897 4714
f 4714 1974 4712
f 4713 4714 4712
f 544 543 565
f 544 565 4575
f 565 1966 4575
f 565 561 4577
f 4577 1966 565
f 547 564 543
f 564 565 543
f 277 276 433
f 433 514 277
f 547 557 4715
f 557 2000 4715
f 557 556 4716
f 4716 2000 557
f 4715 2000 564
f 4715 564 547
f 2000 4716 564
f 4716 556 564
f 553 552 4717
f 4717 2001 553
f 2001 4718 4720
f 4718 562 4719
f 4719 2002 4720
f 4718 4719 4720
f 553 2001 4720
f 4720 2002 553
f 2002 4719 4721
f 4719 562 4687
f 4687 1993 4721
f 4719 4687 4721
f 1993 4684 553
f 4684 558 4491
f 4684 4491 553
f 2002 4721 553
f 4721 1993 553
f 553 557 560
f 553 560 554
f 276 1824 4722
f 1824 2003 4722
f 1824 466 4508
f 4508 1948 1824
f 1948 4509 1824
f 4509 382 4723
f 4723 2003 1824
f 4509 4723 1824
f 276 4722 433
f 4722 2003 433
f 2003 4723 433
f 4723 382 433
f 520 4555 4725
f 4555 1961 4724
f 4724 2004 4725
f 4555 4724 4725
f 1961 4553 4726
f 4553 234 3789
f 3789 1705 4726
f 4553 3789 4726
f 1705 3787 4728
f 3787 245 4727
f 4727 2004 4728
f 3787 4727 4728
f 1961 4726 4724
f 4726 1705 4728
f 4728 2004 4724
f 4726 4728 4724
f 520 4725 4369
f 4725 2004 4729
f 4729 1904 4369
f 4725 4729 4369
f 2004 4727 4730
f 4727 245 4583
f 4583 1967 4730
f 4727 4583 4730
f 1967 4581 4731
f 4581 521 4371
f 4371 1904 4731
f 4581 4371 4731
f 2004 4730 4729
f 4730 1967 4731
f 4731 1904 4729
f 4730 4731 4729
f 552 4643 4733
f 4643 1981 4732
f 4732 2005 4733
f 4643 4732 4733
f 1981 4641 4734
f 4641 512 4331
f 4331 1892 4734
f 4641 4331 4734
f 1892 4335 4736
f 4335 513 4735
f 4735 2005 4736
f 4335 4735 4736
f 1981 4734 4732
f 4734 1892 4736
f 4736 2005 4732
f 4734 4736 4732
f 552 4733 4717
f 4733 2005 4737
f 4737 2001 4717
f 4733 4737 4717
f 2005 4735 4738
f 4735 513 4513
f 4513 1951 4738
f 4735 4513 4738
f 1951 4518 4739
f 4518 562 4718
f 4718 2001 4739
f 4518 4718 4739
f 2005 4738 4737
f 4738 1951 4739
f 4739 2001 4737
f 4738 4739 4737
f 509 508 411
f 411 563 509
f 508 507 567
f 567 507 4703
f 4703 1997 567
f 1997 4705 567
f 4705 496 567
f 567 251 431
f 567 431 568
f 250 441 413
f 250 413 432
f 441 4029 4741
f 4029 1795 4740
f 4740 2007 4741
f 4029 4740 4741
f 1795 4026 4743
f 4026 440 4742
f 4742 2006 4743
f 4026 4742 4743
f 2006 4744 4746
f 4744 569 4745
f 4745 2007 4746
f 4744 4745 4746
f 1795 4743 4740
f 4743 2006 4746
f 4746 2007 4740
f 4743 4746 4740
f 441 4741 4748
f 4741 2007 4747
f 4747 2009 4748
f 4741 4747 4748
f 2007 4745 4750
f 4745 569 4749
f 4749 2008 4750
f 4745 4749 4750
f 2008 4751 4753
f 4751 414 4752
f 4752 2009 4753
f 4751 4752 4753
f 2007 4750 4747
f 4750 2008 4753
f 4753 2009 4747
f 4750 4753 4747
f 441 4748 413
f 4748 2009 413
f 2009 4752 413
f 4752 414 413
f 569 4744 4755
f 4744 2006 4754
f 4754 2010 4755
f 4744 4754 4755
f 2006 4742 4756
f 4742 440 4045
f 4045 1800 4756
f 4742 4045 4756
f 1800 4042 4758
f 4042 444 4757
f 4757 2010 4758
f 4042 4757 4758
f 2006 4756 4754
f 4756 1800 4758
f 4758 2010 4754
f 4756 4758 4754
f 569 4755 4760
f 4755 2010 4759
f 4759 2012 4760
f 4755 4759 4760
f 2010 4757 4762
f 4757 444 4761
f 4761 2011 4762
f 4757 4761 4762
f 2011 4763 4765
f 4763 415 4764
f 4764 2012 4765
f 4763 4764 4765
f 2010 4762 4759
f 4762 2011 4765
f 4765 2012 4759
f 4762 4765 4759
f 569 4760 4749
f 4760 2012 4766
f 4766 2008 4749
f 4760 4766 4749
f 2012 4764 4767
f 4764 415 3953
f 3953 1769 4767
f 4764 3953 4767
f 1769 3952 4768
f 3952 414 4751
f 4751 2008 4768
f 3952 4751 4768
f 2012 4767 4766
f 4767 1769 4768
f 4768 2008 4766
f 4767 4768 4766
f 444 500 499
f 444 499 4761
f 4769 2011 4761
f 499 4769 4761
f 499 415 4763
f 4763 2011 499
f 499 2011 4769
f 447 426 4770
f 4770 2013 447
f 2013 4771 447
f 4771 566 447
f 447 566 446
f 428 4006 4773
f 4006 1787 4772
f 4772 2014 4773
f 4006 4772 4773
f 1787 4005 4774
f 418 1957 4774
f 4005 418 4774
f 1957 4541 4776
f 4541 489 4775
f 4775 2014 4776
f 4541 4775 4776
f 1787 4774 4772
f 4774 1957 4776
f 4776 2014 4772
f 4774 4776 4772
f 428 4773 515
f 4773 2014 1894
f 4773 1894 515
f 2014 4775 1894
f 4775 489 1894
f 429 4002 4777
f 4002 1784 515
f 4002 515 4777
f 1784 4001 515
f 4001 428 515
f 429 4777 4779
f 4777 515 4778
f 4778 2015 4779
f 4777 4778 4779
f 515 465 4780
f 4780 2015 515
f 515 2015 4778
f 379 4364 4782
f 4364 1902 4781
f 4781 2016 4782
f 4364 4781 4782
f 1902 4363 4783
f 4363 429 4779
f 4779 2015 4783
f 4363 4779 4783
f 2015 4780 4785
f 4780 465 4784
f 4784 2016 4785
f 4780 4784 4785
f 1902 4783 4781
f 4783 2015 4785
f 4785 2016 4781
f 4783 4785 4781
f 379 4782 4787
f 4782 2016 4786
f 4786 2017 4787
f 4782 4786 4787
f 2016 4784 4788
f 4784 465 4116
f 4116 1823 4788
f 4784 4116 4788
f 1823 4115 4789
f 4115 464 4789
f 2016 4788 4786
f 4788 1823 4789
f 4789 2017 4786
f 4788 4789 4786
f 380 379 4787
f 4787 2017 380
f 2017 4789 380
f 4789 464 380
f 380 464 4321
f 4321 1887 380
f 1887 4320 380
f 4320 511 380
f 511 431 380
f 431 511 1998
f 568 431 1998
f 251 250 431
f 431 250 432
f 252 3800 567
f 3800 1709 567
f 1709 251 567
f 252 567 4229
f 567 1859 4229
f 567 496 4225
f 4225 1859 567
f 451 1876 4791
f 4790 2018 4791
f 1876 4790 4791
f 1876 256 3813
f 3813 1715 1876
f 1715 3817 4793
f 3817 259 4792
f 4792 2018 4793
f 3817 4792 4793
f 1876 1715 4793
f 4793 2018 4790
f 1876 4793 4790
f 451 4791 4060
f 4791 2018 4794
f 4794 1805 4060
f 4791 4794 4060
f 2018 4792 4795
f 4792 259 4293
f 4293 1879 4795
f 4792 4293 4795
f 1879 4295 4796
f 4295 232 4062
f 4062 1805 4796
f 4295 4062 4796
f 2018 4795 4794
f 4795 1879 4796
f 4796 1805 4794
f 4795 4796 4794
f 257 3806 4798
f 3806 1711 4797
f 4797 2019 4798
f 3806 4797 4798
f 1711 3803 4799
f 3803 256 4284
f 4284 423 4799
f 3803 4284 4799
f 4800 2019 4801
f 423 4800 4801
f 1711 4799 4797
f 4799 423 4801
f 4801 2019 4797
f 4799 4801 4797
f 257 4798 4803
f 4798 2019 4802
f 4802 2020 4803
f 4798 4802 4803
f 2019 4800 4804
f 4800 423 3968
f 3968 1773 4804
f 4800 3968 4804
f 1773 3965 4806
f 3965 422 4805
f 4805 2020 4806
f 3965 4805 4806
f 2019 4804 4802
f 4804 1773 4806
f 4806 2020 4802
f 4804 4806 4802
f 438 4015 4808
f 4015 1791 4807
f 4807 2021 4808
f 4015 4807 4808
f 1791 4012 4809
f 4012 257 4803
f 4803 2020 4809
f 4012 4803 4809
f 2020 4805 4811
f 4805 422 4810
f 4810 2021 4811
f 4805 4810 4811
f 1791 4809 4807
f 4809 2020 4811
f 4811 2021 4807
f 4809 4811 4807
f 438 4808 4231
f 4808 2021 4812
f 4812 1860 4231
f 4808 4812 4231
f 2021 4810 4813
f 4810 422 3960
f 3960 1770 4813
f 4810 3960 4813
f 1770 3958 4814
f 3958 421 4232
f 4232 1860 4814
f 3958 4232 4814
f 2021 4813 4812
f 4813 1770 4814
f 4814 1860 4812
f 4813 4814 4812
f 550 549 4815
f 4815 2022 550
f 2022 4816 550
f 4816 547 550
f 550 547 1936
f 550 1936 548
f 549 551 557
f 549 557 4815
f 557 2022 4815
f 557 547 4816
f 4816 2022 557
f 559 551 530
f 530 532 559
f 550 527 4401
f 4401 1913 550
f 1913 4399 550
f 4399 526 550
f 550 526 529
f 559 535 4426
f 4426 1920 559
f 1920 4423 4818
f 4423 534 4817
f 4817 2023 4818
f 4423 4817 4818
f 559 1920 4818
f 4818 2023 559
f 2023 4817 4819
f 4817 534 4677
f 4677 1991 4819
f 4817 4677 4819
f 1991 4678 559
f 4678 560 559
f 2023 4819 559
f 4819 1991 559
f 524 4408 4393
f 4408 1915 4820
f 4820 1911 4393
f 4408 4820 4393
f 1915 4406 4821
f 4406 527 4673
f 4673 1989 4821
f 4406 4673 4821
f 1989 4672 4822
f 4672 523 4389
f 4389 1911 4822
f 4672 4389 4822
f 1915 4821 4820
f 4821 1989 4822
f 4822 1911 4820
f 4821 4822 4820
f 536 4429 4824
f 4429 1921 4823
f 4823 2024 4824
f 4429 4823 4824
f 1921 4427 4825
f 4427 535 4676
f 4676 1990 4825
f 4427 4676 4825
f 1990 4674 4827
f 4674 531 4826
f 4826 2024 4827
f 4674 4826 4827
f 1921 4825 4823
f 4825 1990 4827
f 4827 2024 4823
f 4825 4827 4823
f 536 4824 4651
f 4824 2024 4828
f 4828 1984 4651
f 4824 4828 4651
f 2024 4826 4829
f 4826 531 4417
f 4417 1919 4829
f 4826 4417 4829
f 1919 4421 4830
f 4421 533 4653
f 4653 1984 4830
f 4421 4653 4830
f 2024 4829 4828
f 4829 1919 4830
f 4830 1984 4828
f 4829 4830 4828
f 402 299 4831
f 299 2025 4831
f 299 324 4832
f 4832 2025 299
f 402 4831 4192
f 4831 2025 4833
f 4833 1848 4192
f 4831 4833 4192
f 2025 4832 4834
f 4832 324 3868
f 3868 1739 4834
f 4832 3868 4834
f 1739 3872 4835
f 3872 327 4195
f 4195 1848 4835
f 3872 4195 4835
f 2025 4834 4833
f 4834 1739 4835
f 4835 1848 4833
f 4834 4835 4833
f 299 401 3938
f 3938 1764 299
f 1764 3936 299
f 3936 325 299
f 299 325 3861
f 3861 1735 299
f 1735 3858 299
f 3858 324 299
f 299 298 467
f 467 401 299
f 426 3990 4837
f 3990 1780 4836
f 4836 2027 4837
f 3990 4836 4837
f 1780 3987 4839
f 3987 424 4838
f 4838 2026 4839
f 3987 4838 4839
f 2026 4840 4842
f 4840 498 4841
f 4841 2027 4842
f 4840 4841 4842
f 1780 4839 4836
f 4839 2026 4842
f 4842 2027 4836
f 4839 4842 4836
f 426 4837 4770
f 4837 2027 4843
f 4843 2013 4770
f 4837 4843 4770
f 2027 4841 4844
f 4841 498 4658
f 4658 1985 4844
f 4841 4658 4844
f 1985 4655 4845
f 4655 566 4771
f 4771 2013 4845
f 4655 4771 4845
f 2027 4844 4843
f 4844 1985 4845
f 4845 2013 4843
f 4844 4845 4843
f 252 4228 3973
f 4228 1858 4846
f 4846 1776 3973
f 4228 4846 3973
f 1858 4226 4847
f 4226 498 4840
f 4840 2026 4847
f 4226 4840 4847
f 2026 4838 4848
f 4838 424 3976
f 3976 1776 4848
f 4838 3976 4848
f 1858 4847 4846
f 4847 2026 4848
f 4848 1776 4846
f 4847 4848 4846
f 570 4849 4851
f 4849 2028 4850
f 4850 2030 4851
f 4849 4850 4851
f 2028 4852 4854
f 4852 571 4853
f 4853 2029 4854
f 4852 4853 4854
f 2029 4855 4857
f 4855 572 4856
f 4856 2030 4857
f 4855 4856 4857
f 2028 4854 4850
f 4854 2029 4857
f 4857 2030 4850
f 4854 4857 4850
f 570 4851 4859
f 4851 2030 4858
f 4858 2032 4859
f 4851 4858 4859
f 2030 4856 4861
f 4856 572 4860
f 4860 2031 4861
f 4856 4860 4861
f 2031 4862 4864
f 4862 573 4863
f 4863 2032 4864
f 4862 4863 4864
f 2030 4861 4858
f 4861 2031 4864
f 4864 2032 4858
f 4861 4864 4858
f 574 575 576
f 576 577 574
f 578 579 580
f 580 2033 578
f 580 581 4865
f 4865 2033 580
f 572 4855 4867
f 4855 2029 4866
f 4866 2035 4867
f 4855 4866 4867
f 2029 4853 4869
f 4853 571 4868
f 4868 2034 4869
f 4853 4868 4869
f 2034 4870 4872
f 4870 582 4871
f 4871 2035 4872
f 4870 4871 4872
f 2029 4869 4866
f 4869 2034 4872
f 4872 2035 4866
f 4869 4872 4866
f 572 4867 4874
f 4867 2035 4873
f 4873 2037 4874
f 4867 4873 4874
f 2035 4871 4876
f 4871 582 4875
f 4875 2036 4876
f 4871 4875 4876
f 2036 4877 4879
f 4877 583 4878
f 4878 2037 4879
f 4877 4878 4879
f 2035 4876 4873
f 4876 2036 4879
f 4879 2037 4873
f 4876 4879 4873
f 575 584 4880
f 584 2038 4880
f 584 585 4881
f 4881 2038 584
f 575 4880 576
f 4880 2038 576
f 2038 4881 576
f 4881 585 576
f 2039 2040 586
f 578 2033 2039
f 2033 4865 2039
f 4865 581 4882
f 4882 2040 2039
f 4865 4882 2039
f 586 2040 4883
f 4883 587 586
f 2040 4882 587
f 4882 581 587
f 2040 587 4883
f 588 4884 590
f 4884 2041 590
f 2041 4885 590
f 4885 589 590
f 588 590 4886
f 590 2042 4886
f 590 591 4887
f 4887 2042 590
f 592 586 587
f 592 587 593
f 594 4888 4890
f 4888 2043 4889
f 4889 2045 4890
f 4888 4889 4890
f 2043 4891 4893
f 4891 595 4892
f 4892 2044 4893
f 4891 4892 4893
f 2044 4894 4896
f 4894 596 4895
f 4895 2045 4896
f 4894 4895 4896
f 2043 4893 4889
f 4893 2044 4896
f 4896 2045 4889
f 4893 4896 4889
f 594 4890 4898
f 4890 2045 4897
f 4897 2047 4898
f 4890 4897 4898
f 2045 4895 4900
f 4895 596 4899
f 4899 2046 4900
f 4895 4899 4900
f 2046 4901 4903
f 4901 597 4902
f 4902 2047 4903
f 4901 4902 4903
f 2045 4900 4897
f 4900 2046 4903
f 4903 2047 4897
f 4900 4903 4897
f 598 592 593
f 598 593 599
f 600 2048 4904
f 2048 2049 4904
f 601 602 4905
f 4905 2049 601
f 601 2049 2048
f 600 4904 4907
f 4904 2049 4906
f 4906 2051 4907
f 4904 4906 4907
f 2049 4905 4909
f 4905 602 4908
f 4908 2050 4909
f 4905 4908 4909
f 2050 4910 4912
f 4910 603 4911
f 4911 2051 4912
f 4910 4911 4912
f 2049 4909 4906
f 4909 2050 4912
f 4912 2051 4906
f 4909 4912 4906
f 603 4910 4914
f 4910 2050 4913
f 4913 2053 4914
f 4910 4913 4914
f 2050 4908 4916
f 4908 602 4915
f 4915 2052 4916
f 4908 4915 4916
f 2052 4917 4919
f 4917 604 4918
f 4918 2053 4919
f 4917 4918 4919
f 2050 4916 4913
f 4916 2052 4919
f 4919 2053 4913
f 4916 4919 4913
f 603 4914 4921
f 4914 2053 4920
f 4920 2055 4921
f 4914 4920 4921
f 2053 4918 4923
f 4918 604 4922
f 4922 2054 4923
f 4918 4922 4923
f 2054 4924 4926
f 4924 605 4925
f 4925 2055 4926
f 4924 4925 4926
f 2053 4923 4920
f 4923 2054 4926
f 4926 2055 4920
f 4923 4926 4920
f 577 576 606
f 577 606 4927
f 606 607 4927
f 608 609 610
f 610 611 608
f 576 585 4928
f 576 4928 612
f 612 606 576
f 613 614 615
f 613 615 616
f 617 613 616
f 617 616 4929
f 616 618 4929
f 619 617 4929
f 4929 618 619
f 618 620 619
f 601 621 4930
f 622 601 4930
f 621 622 4930
f 601 622 4931
f 4931 2056 4932
f 601 4931 4932
f 2056 4933 601
f 4933 602 601
f 4932 2056 601
f 602 4933 4935
f 4933 2056 4934
f 4934 2058 4935
f 4933 4934 4935
f 2056 4931 4937
f 4931 622 4936
f 4936 2057 4937
f 4931 4936 4937
f 2057 4938 4940
f 4938 623 4939
f 4939 2058 4940
f 4938 4939 4940
f 2056 4937 4934
f 4937 2057 4940
f 4940 2058 4934
f 4937 4940 4934
f 602 4935 4915
f 4935 2058 4941
f 4941 2052 4915
f 4935 4941 4915
f 2058 4939 4943
f 4939 623 4942
f 4942 2059 4943
f 4939 4942 4943
f 2059 4944 4945
f 4944 604 4917
f 4917 2052 4945
f 4944 4917 4945
f 2058 4943 4941
f 4943 2059 4945
f 4945 2052 4941
f 4943 4945 4941
f 606 4946 607
f 4946 624 607
f 607 624 625
f 619 620 626
f 626 620 627
f 606 612 628
f 628 624 4946
f 4946 606 628
f 629 626 627
f 629 627 630
f 631 4947 633
f 4947 2060 633
f 2060 4948 633
f 4948 632 633
f 631 633 634
f 635 4949 637
f 4949 636 637
f 635 637 4951
f 4950 2061 4951
f 637 4950 4951
f 637 638 4952
f 4952 2061 637
f 637 2061 4950
f 621 2062 4953
f 2062 2064 4953
f 2062 639 4954
f 4954 2063 2062
f 2063 4955 2062
f 4955 640 4956
f 4956 2064 2062
f 4955 4956 2062
f 4953 2064 4957
f 4953 4957 621
f 2064 4956 4959
f 4956 640 4958
f 4958 2065 4959
f 4956 4958 4959
f 2065 622 4960
f 622 621 4960
f 2064 4959 4957
f 4959 2065 4960
f 4960 621 4957
f 4959 4960 4957
f 622 2065 2067
f 2065 4958 2067
f 4958 640 4961
f 4961 2066 2067
f 4958 4961 2067
f 2066 4962 2067
f 4962 641 2067
f 622 2067 4936
f 2067 2057 4936
f 2067 641 2068
f 2068 623 4938
f 4938 2057 2067
f 2068 4938 2067
f 625 624 4963
f 4963 2069 625
f 2069 4964 625
f 4964 642 625
f 625 642 643
f 579 635 4951
f 4951 2061 579
f 2061 4952 579
f 4952 638 4965
f 4952 4965 579
f 579 4965 580
f 4965 638 580
f 624 628 644
f 624 644 4963
f 644 2069 4963
f 644 642 4964
f 4964 2069 644
f 646 613 645
f 613 617 645
f 645 617 647
f 647 617 619
f 648 647 619
f 619 626 648
f 639 649 4966
f 649 650 4966
f 639 4966 4954
f 4966 650 4967
f 4967 2063 4954
f 4966 4967 4954
f 4968 2070 4969
f 650 4968 4969
f 2070 4970 4971
f 4970 640 4955
f 4955 2063 4971
f 4970 4955 4971
f 650 4969 4967
f 4969 2070 4971
f 4971 2063 4967
f 4969 4971 4967
f 640 4970 651
f 4970 2070 651
f 2070 4968 651
f 4968 650 651
f 640 651 4961
f 651 2066 4961
f 651 641 4962
f 4962 2066 651
f 643 642 4972
f 4972 2071 643
f 2071 4973 643
f 4973 652 643
f 643 652 4974
f 4974 2072 643
f 2072 4975 643
f 4975 653 643
f 654 648 626
f 626 629 654
f 642 644 4976
f 644 2073 4976
f 644 655 4977
f 4977 2073 644
f 642 4976 4972
f 4976 2073 4978
f 4978 2071 4972
f 4976 4978 4972
f 2073 4977 4980
f 4977 655 4979
f 4979 2074 4980
f 4977 4979 4980
f 2074 4981 4982
f 4981 652 4973
f 4973 2071 4982
f 4981 4973 4982
f 2073 4980 4978
f 4980 2074 4982
f 4982 2071 4978
f 4980 4982 4978
f 657 658 656
f 656 658 2075
f 2075 659 656
f 656 659 660
f 660 659 4983
f 4983 2076 660
f 2076 4984 660
f 4984 661 660
f 662 4985 4987
f 4985 2077 4986
f 4986 2079 4987
f 4985 4986 4987
f 2077 4988 4990
f 4988 663 4989
f 4989 2078 4990
f 4988 4989 4990
f 2078 4991 4993
f 4991 664 4992
f 4992 2079 4993
f 4991 4992 4993
f 2077 4990 4986
f 4990 2078 4993
f 4993 2079 4986
f 4990 4993 4986
f 662 4987 4995
f 4987 2079 4994
f 4994 2081 4995
f 4987 4994 4995
f 2079 4992 4997
f 4992 664 4996
f 4996 2080 4997
f 4992 4996 4997
f 2080 4998 5000
f 4998 665 4999
f 4999 2081 5000
f 4998 4999 5000
f 2079 4997 4994
f 4997 2080 5000
f 5000 2081 4994
f 4997 5000 4994
f 666 667 649
f 649 667 650
f 650 667 668
f 650 668 651
f 669 670 5001
f 5001 2082 669
f 2082 5002 669
f 5002 671 669
f 669 671 5003
f 5003 2083 669
f 2083 5004 669
f 5004 672 669
f 673 674 675
f 675 676 673
f 670 5005 678
f 5005 2084 678
f 2084 5006 678
f 5006 677 678
f 670 678 5001
f 678 2082 5001
f 678 671 5002
f 5002 2082 678
f 679 680 5007
f 5007 2085 679
f 2085 5008 679
f 5008 681 679
f 679 681 682
f 676 675 683
f 676 683 5009
f 683 2086 5009
f 683 684 5010
f 5010 2086 683
f 680 5011 2089
f 5011 2087 2089
f 2087 5012 2089
f 5012 685 2088
f 5012 2088 2089
f 2088 5013 2089
f 5013 686 2089
f 680 2089 5007
f 2089 2085 5007
f 2089 686 5014
f 5014 2090 2089
f 2090 5015 5016
f 5015 681 5008
f 5008 2085 5016
f 5015 5008 5016
f 2089 2090 5016
f 5016 2085 2089
f 687 688 5017
f 5017 2091 5018
f 687 5017 5018
f 2091 5019 5020
f 5019 667 687
f 5019 687 5020
f 5018 2091 5020
f 5018 5020 687
f 687 667 666
f 667 5019 5022
f 5019 2091 5021
f 5021 2093 5022
f 5019 5021 5022
f 2091 5017 5024
f 5017 688 5023
f 5023 2092 5024
f 5017 5023 5024
f 2092 5025 5027
f 5025 689 5026
f 5026 2093 5027
f 5025 5026 5027
f 2091 5024 5021
f 5024 2092 5027
f 5027 2093 5021
f 5024 5027 5021
f 667 5022 668
f 5022 2093 5028
f 5022 5028 668
f 2093 5026 5030
f 5026 689 5029
f 5029 2094 5030
f 5026 5029 5030
f 2094 5031 5032
f 5031 668 5032
f 2093 5030 5028
f 5030 2094 5032
f 5032 668 5028
f 5030 5032 5028
f 691 692 690
f 692 693 690
f 691 694 695
f 692 691 695
f 694 696 697
f 694 697 695
f 696 698 699
f 696 699 697
f 698 700 701
f 698 701 699
f 676 2095 673
f 2095 702 673
f 702 703 673
f 676 5009 704
f 5009 2086 704
f 2086 5010 704
f 5010 684 704
f 704 2095 676
f 702 2095 704
f 705 706 707
f 707 708 705
f 709 710 706
f 706 710 707
f 709 711 5033
f 5033 2096 709
f 2096 5034 709
f 5034 712 709
f 712 710 709
f 711 2097 714
f 2097 713 714
f 711 714 5033
f 714 2096 5033
f 5034 2096 714
f 712 5034 714
f 713 715 5036
f 5035 716 5036
f 715 5035 5036
f 715 716 5035
f 713 5036 714
f 5036 716 714
f 717 2098 715
f 717 718 5037
f 5037 2098 717
f 715 2098 5038
f 2098 5037 5039
f 5037 718 716
f 5037 716 5039
f 716 715 5040
f 2098 5039 5038
f 5039 716 5040
f 5040 715 5038
f 5039 5040 5038
f 719 720 5041
f 5041 2099 719
f 2099 5042 719
f 5042 721 719
f 719 721 722
f 723 614 646
f 646 614 613
f 724 5043 5045
f 5043 2100 5044
f 5044 2102 5045
f 5043 5044 5045
f 2100 5046 5048
f 5046 725 5047
f 5047 2101 5048
f 5046 5047 5048
f 2101 5049 5051
f 5049 726 5050
f 5050 2102 5051
f 5049 5050 5051
f 2100 5048 5044
f 5048 2101 5051
f 5051 2102 5044
f 5048 5051 5044
f 724 5045 727
f 5045 2102 727
f 2102 5050 727
f 5050 726 727
f 728 592 598
f 598 729 728
f 730 586 728
f 728 586 592
f 731 578 730
f 730 578 2039
f 2039 586 730
f 732 5052 731
f 5052 579 731
f 579 578 731
f 732 733 2103
f 733 635 2103
f 2103 635 579
f 5052 732 2103
f 579 5052 2103
f 679 734 5053
f 5053 2104 679
f 2104 5054 679
f 5054 735 679
f 679 735 5055
f 5055 2105 679
f 2105 5056 679
f 5056 736 679
f 680 679 5057
f 679 2106 5057
f 679 736 2106
f 680 5057 2108
f 5057 2106 5058
f 5057 5058 2108
f 2106 736 5059
f 5059 2107 2108
f 2106 5059 2108
f 2107 5060 2108
f 5060 737 2108
f 2106 2108 5058
f 629 632 5061
f 5061 2109 629
f 2109 5062 629
f 5062 658 5063
f 5062 5063 629
f 631 5064 5066
f 5064 2110 5065
f 5065 2112 5066
f 5064 5065 5066
f 2110 5067 5069
f 5067 738 5068
f 5068 2111 5069
f 5067 5068 5069
f 2111 5070 5072
f 5070 661 5071
f 5071 2112 5072
f 5070 5071 5072
f 2110 5069 5065
f 5069 2111 5072
f 5072 2112 5065
f 5069 5072 5065
f 631 5066 5074
f 5066 2112 5073
f 5073 2113 5074
f 5066 5073 5074
f 2112 5071 5075
f 5071 661 4984
f 4984 2076 5075
f 5071 4984 5075
f 2076 4983 5077
f 4983 659 5076
f 5076 2113 5077
f 4983 5076 5077
f 2112 5075 5073
f 5075 2076 5077
f 5077 2113 5073
f 5075 5077 5073
f 738 5078 5080
f 5078 2114 5079
f 5079 2116 5080
f 5078 5079 5080
f 2114 5081 5083
f 5081 739 5082
f 5082 2115 5083
f 5081 5082 5083
f 2115 5084 5086
f 5084 664 5085
f 5085 2116 5086
f 5084 5085 5086
f 2114 5083 5079
f 5083 2115 5086
f 5086 2116 5079
f 5083 5086 5079
f 738 5080 5068
f 5080 2116 5087
f 5087 2111 5068
f 5080 5087 5068
f 2116 5085 5089
f 5085 664 5088
f 5088 2117 5089
f 5085 5088 5089
f 2117 5090 5091
f 5090 661 5070
f 5070 2111 5091
f 5090 5070 5091
f 2116 5089 5087
f 5089 2117 5091
f 5091 2111 5087
f 5089 5091 5087
f 635 733 5092
f 733 2118 5092
f 733 740 5093
f 5093 2118 733
f 5092 2118 5094
f 5092 5094 635
f 2118 5093 5095
f 5093 740 636
f 5093 636 5095
f 4949 635 5096
f 636 4949 5096
f 2118 5095 5094
f 5095 636 5096
f 5096 635 5094
f 5095 5096 5094
f 5097 2119 5098
f 5097 5098 741
f 2119 5099 5101
f 5099 685 5100
f 5100 2120 5101
f 5099 5100 5101
f 2120 5102 5103
f 5102 742 741
f 5102 741 5103
f 2119 5101 5098
f 5101 2120 5103
f 5103 741 5098
f 5101 5103 5098
f 741 742 5104
f 5104 2121 741
f 2121 5105 5107
f 5105 743 5106
f 5106 2122 5107
f 5105 5106 5107
f 741 2121 5107
f 5107 2122 741
f 631 634 5108
f 634 2123 5108
f 5109 2123 634
f 744 5109 634
f 631 5108 5064
f 5108 2123 5110
f 5110 2110 5064
f 5108 5110 5064
f 2123 5109 5111
f 5109 744 5111
f 744 5112 5113
f 5112 738 5067
f 5067 2110 5113
f 5112 5067 5113
f 2123 5111 5110
f 5111 744 5113
f 5113 2110 5110
f 5111 5113 5110
f 690 745 746
f 746 747 690
f 719 748 749
f 719 749 750
f 600 4907 5115
f 4907 2051 5114
f 5114 2125 5115
f 4907 5114 5115
f 2051 4911 5117
f 4911 603 5116
f 5116 2124 5117
f 4911 5116 5117
f 2124 5118 5120
f 5118 751 5119
f 5119 2125 5120
f 5118 5119 5120
f 2051 5117 5114
f 5117 2124 5120
f 5120 2125 5114
f 5117 5120 5114
f 600 5115 5122
f 5115 2125 5121
f 5121 2127 5122
f 5115 5121 5122
f 2125 5119 5124
f 5119 751 5123
f 5123 2126 5124
f 5119 5123 5124
f 2126 5125 5127
f 5125 752 5126
f 5126 2127 5127
f 5125 5126 5127
f 2125 5124 5121
f 5124 2126 5127
f 5127 2127 5121
f 5124 5127 5121
f 603 4921 5129
f 4921 2055 5128
f 5128 2129 5129
f 4921 5128 5129
f 2055 4925 5131
f 4925 605 5130
f 5130 2128 5131
f 4925 5130 5131
f 2128 5132 5134
f 5132 753 5133
f 5133 2129 5134
f 5132 5133 5134
f 2055 5131 5128
f 5131 2128 5134
f 5134 2129 5128
f 5131 5134 5128
f 603 5129 5116
f 5129 2129 5135
f 5135 2124 5116
f 5129 5135 5116
f 2129 5133 5137
f 5133 753 5136
f 5136 2130 5137
f 5133 5136 5137
f 2130 5138 5139
f 5138 751 5118
f 5118 2124 5139
f 5138 5118 5139
f 2129 5137 5135
f 5137 2130 5139
f 5139 2124 5135
f 5137 5139 5135
f 729 754 755
f 729 755 756
f 757 583 4877
f 4877 2036 757
f 2036 4875 757
f 4875 582 757
f 757 582 5140
f 5140 2131 757
f 2131 5141 757
f 5141 758 757
f 584 575 5142
f 5142 2132 584
f 2132 5143 584
f 5143 759 584
f 584 759 760
f 574 2133 575
f 574 761 5144
f 5144 2133 574
f 575 2133 5145
f 5145 2132 5142
f 575 5145 5142
f 2133 5144 5147
f 5144 761 5146
f 5146 2134 5147
f 5144 5146 5147
f 2134 5148 5149
f 5148 759 5143
f 5143 2132 5149
f 5148 5143 5149
f 2133 5147 5145
f 5147 2134 5149
f 5149 2132 5145
f 5147 5149 5145
f 588 5150 5152
f 5150 2135 5151
f 5151 2137 5152
f 5150 5151 5152
f 2135 5153 5155
f 5153 762 5154
f 5154 2136 5155
f 5153 5154 5155
f 2136 5156 5158
f 5156 763 5157
f 5157 2137 5158
f 5156 5157 5158
f 2135 5155 5151
f 5155 2136 5158
f 5158 2137 5151
f 5155 5158 5151
f 588 5152 4884
f 5152 2137 5159
f 5159 2041 4884
f 5152 5159 4884
f 2137 5157 5161
f 5157 763 5160
f 5160 2138 5161
f 5157 5160 5161
f 2138 5162 5163
f 5162 589 4885
f 4885 2041 5163
f 5162 4885 5163
f 2137 5161 5159
f 5161 2138 5163
f 5163 2041 5159
f 5161 5163 5159
f 762 5164 5166
f 5164 2139 5165
f 5165 2141 5166
f 5164 5165 5166
f 2139 5167 5169
f 5167 764 5168
f 5168 2140 5169
f 5167 5168 5169
f 2140 5170 5172
f 5170 765 5171
f 5171 2141 5172
f 5170 5171 5172
f 2139 5169 5165
f 5169 2140 5172
f 5172 2141 5165
f 5169 5172 5165
f 762 5166 5154
f 5166 2141 5173
f 5173 2136 5154
f 5166 5173 5154
f 2141 5171 5175
f 5171 765 5174
f 5174 2142 5175
f 5171 5174 5175
f 2142 5176 5177
f 5176 763 5156
f 5156 2136 5177
f 5176 5156 5177
f 2141 5175 5173
f 5175 2142 5177
f 5177 2136 5173
f 5175 5177 5173
f 599 766 598
f 598 766 5178
f 5178 2143 598
f 2143 5179 598
f 5179 767 598
f 722 768 719
f 719 768 748
f 598 767 729
f 729 767 754
f 715 769 770
f 715 770 717
f 611 722 2144
f 722 721 2144
f 611 2144 771
f 2144 721 5180
f 5180 2145 2144
f 2145 771 2144
f 772 5181 774
f 5181 2146 774
f 2146 5182 774
f 5182 773 774
f 772 774 775
f 595 5183 5185
f 5183 2147 5184
f 5184 2149 5185
f 5183 5184 5185
f 2147 5186 5188
f 5186 776 5187
f 5187 2148 5188
f 5186 5187 5188
f 2148 5189 5190
f 777 2149 5190
f 5189 777 5190
f 2147 5188 5184
f 5188 2148 5190
f 5190 2149 5184
f 5188 5190 5184
f 595 5185 4892
f 5185 2149 5191
f 5191 2044 4892
f 5185 5191 4892
f 2149 777 5192
f 777 596 4894
f 4894 2044 5193
f 777 4894 5193
f 2149 5192 5191
f 5192 777 5193
f 5193 2044 5191
f 5192 5193 5191
f 778 5194 5196
f 5194 2150 5195
f 5195 2152 5196
f 5194 5195 5196
f 2150 5197 5199
f 5197 779 5198
f 5198 2151 5199
f 5197 5198 5199
f 2151 5200 5202
f 5200 780 5201
f 5201 2152 5202
f 5200 5201 5202
f 2150 5199 5195
f 5199 2151 5202
f 5202 2152 5195
f 5199 5202 5195
f 778 5196 5204
f 5196 2152 5203
f 5203 2154 5204
f 5196 5203 5204
f 2152 5201 5206
f 5201 780 5205
f 5205 2153 5206
f 5201 5205 5206
f 2153 5207 5209
f 5207 781 5208
f 5208 2154 5209
f 5207 5208 5209
f 2152 5206 5203
f 5206 2153 5209
f 5209 2154 5203
f 5206 5209 5203
f 782 5210 5212
f 5210 2155 5211
f 5211 2156 5212
f 5210 5211 5212
f 2155 5213 5214
f 5213 778 5204
f 5204 2154 5214
f 5213 5204 5214
f 2154 5208 5216
f 5208 781 5215
f 5215 2156 5216
f 5208 5215 5216
f 2155 5214 5211
f 5214 2154 5216
f 5216 2156 5211
f 5214 5216 5211
f 782 5212 5218
f 5212 2156 5217
f 5217 2158 5218
f 5212 5217 5218
f 2156 5215 5220
f 5215 781 5219
f 5219 2157 5220
f 5215 5219 5220
f 2157 5221 5223
f 5221 783 5222
f 5222 2158 5223
f 5221 5222 5223
f 2156 5220 5217
f 5220 2157 5223
f 5223 2158 5217
f 5220 5223 5217
f 784 756 755
f 784 755 2159
f 755 785 2159
f 757 758 786
f 757 786 787
f 573 5224 789
f 5224 788 5225
f 5224 5225 789
f 788 789 5225
f 573 789 4863
f 5226 2032 4863
f 789 5226 4863
f 789 570 4859
f 4859 2032 5228
f 789 4859 5228
f 789 5227 5226
f 5227 789 5228
f 5228 2032 5226
f 5227 5228 5226
f 787 786 646
f 646 786 723
f 719 750 790
f 790 720 719
f 791 5229 5231
f 5229 2160 5230
f 5230 2162 5231
f 5229 5230 5231
f 2160 5232 5234
f 5232 792 5233
f 5233 2161 5234
f 5232 5233 5234
f 2161 5235 5237
f 5235 793 5236
f 5236 2162 5237
f 5235 5236 5237
f 2160 5234 5230
f 5234 2161 5237
f 5237 2162 5230
f 5234 5237 5230
f 791 5231 5239
f 5231 2162 5238
f 5238 2164 5239
f 5231 5238 5239
f 2162 5236 5241
f 5236 793 5240
f 5240 2163 5241
f 5236 5240 5241
f 2163 5242 5244
f 5242 794 5243
f 5243 2164 5244
f 5242 5243 5244
f 2162 5241 5238
f 5241 2163 5244
f 5244 2164 5238
f 5241 5244 5238
f 792 5245 5247
f 5245 2165 5246
f 5246 2167 5247
f 5245 5246 5247
f 2165 5248 5250
f 5248 795 5249
f 5249 2166 5250
f 5248 5249 5250
f 2166 5251 5253
f 5251 796 5252
f 5252 2167 5253
f 5251 5252 5253
f 2165 5250 5246
f 5250 2166 5253
f 5253 2167 5246
f 5250 5253 5246
f 792 5247 5233
f 5247 2167 5254
f 5254 2161 5233
f 5247 5254 5233
f 2167 5252 5256
f 5252 796 5255
f 5255 2168 5256
f 5252 5255 5256
f 2168 5257 5258
f 5257 793 5235
f 5235 2161 5258
f 5257 5235 5258
f 2167 5256 5254
f 5256 2168 5258
f 5258 2161 5254
f 5256 5258 5254
f 797 5259 5261
f 5259 2169 5260
f 5260 2171 5261
f 5259 5260 5261
f 2169 5262 5264
f 5262 798 5263
f 5263 2170 5264
f 5262 5263 5264
f 2170 5265 5267
f 5265 799 5266
f 5266 2171 5267
f 5265 5266 5267
f 2169 5264 5260
f 5264 2170 5267
f 5267 2171 5260
f 5264 5267 5260
f 797 5261 5269
f 5261 2171 5268
f 5268 2173 5269
f 5261 5268 5269
f 2171 5266 5271
f 5266 799 5270
f 5270 2172 5271
f 5266 5270 5271
f 2172 5272 5274
f 5272 800 5273
f 5273 2173 5274
f 5272 5273 5274
f 2171 5271 5268
f 5271 2172 5274
f 5274 2173 5268
f 5271 5274 5268
f 616 693 618
f 618 693 2174
f 693 692 2174
f 620 2174 692
f 620 618 2174
f 620 692 695
f 627 620 695
f 627 695 697
f 630 627 697
f 630 697 699
f 634 633 701
f 703 634 701
f 744 634 5275
f 5275 703 744
f 634 703 5277
f 634 5276 5275
f 5276 634 5277
f 5277 703 5275
f 5276 5277 5275
f 703 702 744
f 638 637 801
f 638 801 708
f 580 638 708
f 580 708 707
f 581 580 707
f 581 707 5278
f 707 2175 5278
f 710 2175 707
f 587 581 5278
f 5278 2175 587
f 2175 710 587
f 710 712 587
f 593 587 712
f 714 593 712
f 593 714 599
f 714 716 599
f 802 803 610
f 803 2176 610
f 2176 768 610
f 615 804 616
f 616 804 693
f 611 610 2177
f 610 768 2177
f 611 2177 722
f 768 722 2177
f 738 5112 805
f 5112 744 805
f 738 805 5078
f 805 2114 5078
f 805 739 5081
f 5081 2114 805
f 660 661 5090
f 5090 2117 660
f 2117 5088 660
f 5088 664 660
f 660 664 4991
f 4991 2078 660
f 2078 4989 660
f 4989 663 660
f 470 5279 683
f 5279 806 683
f 470 683 468
f 741 807 2178
f 807 686 2178
f 741 2178 5097
f 2178 2119 5097
f 2178 686 5013
f 5013 2088 2178
f 2088 685 5099
f 5099 2119 2178
f 2088 5099 2178
f 808 801 704
f 704 684 808
f 704 801 805
f 801 637 805
f 680 2108 5281
f 5280 2180 5281
f 2108 5280 5281
f 2108 737 5282
f 5282 2179 2108
f 2179 5283 5285
f 5283 742 5284
f 5284 2180 5285
f 5283 5284 5285
f 2108 2179 5285
f 5285 2180 5280
f 2108 5285 5280
f 680 5281 5011
f 5281 2180 5286
f 5286 2087 5011
f 5281 5286 5011
f 2180 5284 5287
f 5284 742 5102
f 5102 2120 5287
f 5284 5102 5287
f 2120 5100 5288
f 5100 685 5012
f 5012 2087 5288
f 5100 5012 5288
f 2180 5287 5286
f 5287 2120 5288
f 5288 2087 5286
f 5287 5288 5286
f 744 702 704
f 744 704 805
f 474 4137 5290
f 4137 1830 5289
f 5289 2182 5290
f 4137 5289 5290
f 1830 4135 5292
f 4135 473 5291
f 5291 2181 5292
f 4135 5291 5292
f 2181 5293 5295
f 5293 672 5294
f 5294 2182 5295
f 5293 5294 5295
f 1830 5292 5289
f 5292 2181 5295
f 5295 2182 5289
f 5292 5295 5289
f 474 5290 5297
f 5290 2182 5296
f 5296 2183 5297
f 5290 5296 5297
f 2182 5294 5298
f 5294 672 5004
f 5004 2083 5298
f 5294 5004 5298
f 2083 5003 5300
f 5003 671 5299
f 5299 2183 5300
f 5003 5299 5300
f 2182 5298 5296
f 5298 2083 5300
f 5300 2183 5296
f 5298 5300 5296
f 475 5301 476
f 5301 675 476
f 675 674 476
f 477 4143 5303
f 4143 1832 5302
f 5302 2184 5303
f 4143 5302 5303
f 1832 4141 5304
f 4141 474 5297
f 5297 2183 5304
f 4141 5297 5304
f 2183 5299 5306
f 5299 671 5305
f 5305 2184 5306
f 5299 5305 5306
f 1832 5304 5302
f 5304 2183 5306
f 5306 2184 5302
f 5304 5306 5302
f 477 5303 678
f 5303 2184 678
f 2184 5305 678
f 5305 671 678
f 479 4147 682
f 4147 1834 682
f 1834 4146 682
f 4146 478 682
f 479 682 5307
f 682 2185 5307
f 682 681 5308
f 5308 2185 682
f 475 468 683
f 683 675 5301
f 5301 475 683
f 480 479 5307
f 5307 2185 480
f 2185 5308 480
f 5308 681 480
f 480 681 5015
f 5015 2090 480
f 2090 5014 480
f 5014 686 480
f 482 4159 5310
f 4159 1837 5309
f 5309 2187 5310
f 4159 5309 5310
f 1837 4157 5312
f 4157 481 5311
f 5311 2186 5312
f 4157 5311 5312
f 2186 5313 5315
f 5313 688 5314
f 5314 2187 5315
f 5313 5314 5315
f 1837 5312 5309
f 5312 2186 5315
f 5315 2187 5309
f 5312 5315 5309
f 482 5310 687
f 5310 2187 687
f 2187 5314 687
f 5314 688 687
f 481 4172 5317
f 4172 1841 5316
f 5316 2189 5317
f 4172 5316 5317
f 1841 4170 5319
f 4170 483 5318
f 5318 2188 5319
f 4170 5318 5319
f 2188 5320 5322
f 5320 689 5321
f 5321 2189 5322
f 5320 5321 5322
f 1841 5319 5316
f 5319 2188 5322
f 5322 2189 5316
f 5319 5322 5316
f 481 5317 5311
f 5317 2189 5323
f 5323 2186 5311
f 5317 5323 5311
f 2189 5321 5324
f 5321 689 5025
f 5025 2092 5324
f 5321 5025 5324
f 2092 5023 5325
f 5023 688 5313
f 5313 2186 5325
f 5023 5313 5325
f 2189 5324 5323
f 5324 2092 5325
f 5325 2186 5323
f 5324 5325 5323
f 808 684 683
f 683 806 808
f 484 480 2190
f 480 686 5326
f 5326 2190 480
f 484 2190 807
f 2190 5326 807
f 5326 686 807
f 809 485 5327
f 485 2191 5327
f 484 2191 485
f 809 5327 807
f 5327 2191 807
f 2191 484 807
f 742 5283 660
f 5283 2179 660
f 2179 5282 660
f 5282 737 660
f 742 660 5328
f 660 2192 5328
f 660 663 5329
f 5329 2192 660
f 668 810 651
f 651 810 811
f 725 5330 813
f 5330 2193 813
f 2193 5331 813
f 5331 812 813
f 725 813 5047
f 813 2101 5047
f 813 726 5049
f 5049 2101 813
f 750 814 775
f 750 775 774
f 790 750 774
f 774 815 790
f 2122 5106 5333
f 5106 743 5332
f 5332 2194 5333
f 5106 5332 5333
f 2194 5334 5335
f 5334 662 741
f 5334 741 5335
f 2122 5333 741
f 5333 2194 5335
f 5333 5335 741
f 741 662 5336
f 5336 2195 5337
f 741 5336 5337
f 2195 5338 5340
f 5338 740 5339
f 5339 2196 5340
f 5338 5339 5340
f 5337 2195 5340
f 5340 2196 741
f 5337 5340 741
f 816 5341 789
f 5341 2197 789
f 2197 5342 5343
f 5342 570 789
f 5342 789 5343
f 2197 5343 789
f 816 789 815
f 810 809 807
f 807 741 810
f 657 735 5054
f 5054 2104 657
f 2104 5053 657
f 5053 734 657
f 657 734 654
f 743 5105 5345
f 5105 2121 5344
f 5344 2198 5345
f 5105 5344 5345
f 2121 5104 5346
f 5104 742 5328
f 5328 2192 5346
f 5104 5328 5346
f 2192 5329 5348
f 5329 663 5347
f 5347 2198 5348
f 5329 5347 5348
f 2121 5346 5344
f 5346 2192 5348
f 5348 2198 5344
f 5346 5348 5344
f 743 5345 5332
f 5345 2198 5349
f 5349 2194 5332
f 5345 5349 5332
f 2198 5347 5350
f 5347 663 4988
f 4988 2077 5350
f 5347 4988 5350
f 2077 4985 5351
f 4985 662 5334
f 5334 2194 5351
f 4985 5334 5351
f 2198 5350 5349
f 5350 2077 5351
f 5351 2194 5349
f 5350 5351 5349
f 737 5060 656
f 5060 2107 656
f 2107 5059 656
f 5059 736 656
f 737 656 660
f 724 727 817
f 724 817 5352
f 817 2199 5352
f 817 818 5353
f 5353 2199 817
f 589 5354 5356
f 5354 2200 5355
f 5355 2202 5356
f 5354 5355 5356
f 2200 5357 5359
f 5357 819 5358
f 5358 2201 5359
f 5357 5358 5359
f 2201 5360 5362
f 5360 820 5361
f 5361 2202 5362
f 5360 5361 5362
f 2200 5359 5355
f 5359 2201 5362
f 5362 2202 5355
f 5359 5362 5355
f 589 5356 5364
f 5356 2202 5363
f 5363 2204 5364
f 5356 5363 5364
f 2202 5361 5366
f 5361 820 5365
f 5365 2203 5366
f 5361 5365 5366
f 2203 5367 5369
f 5367 821 5368
f 5368 2204 5369
f 5367 5368 5369
f 2202 5366 5363
f 5366 2203 5369
f 5369 2204 5363
f 5366 5369 5363
f 760 777 787
f 787 777 757
f 756 784 822
f 822 823 756
f 741 2196 810
f 2196 5339 810
f 5339 740 810
f 810 740 733
f 753 5132 5371
f 5132 2128 5370
f 5370 2206 5371
f 5132 5370 5371
f 2128 5130 5373
f 5130 605 5372
f 5372 2205 5373
f 5130 5372 5373
f 2205 5374 5376
f 5374 824 5375
f 5375 2206 5376
f 5374 5375 5376
f 2128 5373 5370
f 5373 2205 5376
f 5376 2206 5370
f 5373 5376 5370
f 753 5371 823
f 5371 2206 823
f 2206 5375 823
f 5375 824 823
f 732 731 825
f 732 825 811
f 731 730 826
f 731 826 825
f 728 827 826
f 728 826 730
f 729 824 827
f 728 729 827
f 764 822 784
f 764 784 5168
f 5377 2140 5168
f 784 5377 5168
f 5378 765 5170
f 5170 2140 784
f 5378 5170 784
f 784 2140 5377
f 629 630 633
f 633 632 629
f 670 669 653
f 670 653 5380
f 5379 2207 5380
f 653 5379 5380
f 4975 2072 5381
f 653 4975 5381
f 2072 4974 5383
f 4974 652 5382
f 5382 2207 5383
f 4974 5382 5383
f 653 5381 5379
f 5381 2072 5383
f 5383 2207 5379
f 5381 5383 5379
f 677 5006 5385
f 5006 2084 5384
f 5384 2208 5385
f 5006 5384 5385
f 2084 5005 5386
f 5005 670 5380
f 5380 2207 5386
f 5005 5380 5386
f 2207 5382 5388
f 5382 652 5387
f 5387 2208 5388
f 5382 5387 5388
f 2084 5386 5384
f 5386 2207 5388
f 5388 2208 5384
f 5386 5388 5384
f 677 5385 2209
f 5385 2208 5389
f 5385 5389 2209
f 2208 5387 5390
f 5387 652 4981
f 4981 2074 5390
f 5387 4981 5390
f 2074 4979 2209
f 4979 655 2209
f 2208 5390 5389
f 5390 2074 2209
f 5390 2209 5389
f 629 5063 654
f 5063 658 654
f 654 658 657
f 673 703 701
f 701 700 673
f 746 789 747
f 789 788 747
f 631 5074 5391
f 5074 2113 2075
f 2075 2210 5391
f 5074 2075 5391
f 2113 5076 2075
f 5076 659 2075
f 2075 658 5392
f 5392 2210 2075
f 631 5391 4947
f 5391 2210 5393
f 5393 2060 4947
f 5391 5393 4947
f 2210 5392 5394
f 5392 658 5062
f 5062 2109 5394
f 5392 5062 5394
f 2109 5061 5395
f 5061 632 4948
f 4948 2060 5395
f 5061 4948 5395
f 2210 5394 5393
f 5394 2109 5395
f 5395 2060 5393
f 5394 5395 5393
f 699 701 630
f 630 701 633
f 656 736 5056
f 5056 2105 656
f 2105 5055 656
f 5055 735 656
f 656 735 657
f 801 808 705
f 801 705 708
f 506 828 5396
f 828 2211 5396
f 828 806 5397
f 5397 2211 828
f 506 5396 470
f 5396 2211 470
f 2211 5397 5398
f 5397 806 5279
f 5279 470 5398
f 5397 5279 5398
f 2211 5398 470
f 828 705 808
f 808 806 828
f 600 769 715
f 5399 2212 5400
f 769 5399 5400
f 769 600 5401
f 5122 2127 5401
f 600 5122 5401
f 2127 5126 5402
f 5126 752 2212
f 5126 2212 5402
f 769 5401 5399
f 5401 2127 5402
f 5402 2212 5399
f 5401 5402 5399
f 588 4886 5404
f 4886 2042 5403
f 5403 2214 5404
f 4886 5403 5404
f 2042 4887 5406
f 4887 591 5405
f 5405 2213 5406
f 4887 5405 5406
f 2213 5407 5409
f 5407 780 5408
f 5408 2214 5409
f 5407 5408 5409
f 2042 5406 5403
f 5406 2213 5409
f 5409 2214 5403
f 5406 5409 5403
f 588 5404 5411
f 5404 2214 5410
f 5410 2215 5411
f 5404 5410 5411
f 2214 5408 5412
f 5408 780 5200
f 5200 2151 5412
f 5408 5200 5412
f 2151 5198 5414
f 5198 779 5413
f 5413 2215 5414
f 5198 5413 5414
f 2214 5412 5410
f 5412 2151 5414
f 5414 2215 5410
f 5412 5414 5410
f 715 713 2216
f 2216 601 715
f 2048 600 715
f 601 2048 715
f 713 2097 2217
f 2097 711 621
f 621 2217 2097
f 713 2217 2216
f 2217 601 2216
f 2217 621 601
f 711 709 2218
f 639 2218 709
f 711 2218 621
f 2218 2062 621
f 2218 639 2062
f 709 706 649
f 649 639 709
f 706 705 666
f 706 666 649
f 828 687 705
f 705 687 666
f 828 506 1865
f 1865 482 828
f 828 482 687
f 762 5153 5416
f 5153 2135 5415
f 5415 2219 5416
f 5153 5415 5416
f 2135 5150 5417
f 5150 588 5411
f 5411 2215 5417
f 5150 5411 5417
f 2215 5413 5419
f 5413 779 5418
f 5418 2219 5419
f 5413 5418 5419
f 2135 5417 5415
f 5417 2215 5419
f 5419 2219 5415
f 5417 5419 5415
f 762 5416 5421
f 5416 2219 5420
f 5420 2220 5421
f 5416 5420 5421
f 2219 5418 5422
f 5418 779 5197
f 5197 2150 5422
f 5418 5197 5422
f 2150 5194 5424
f 5194 778 5423
f 5423 2220 5424
f 5194 5423 5424
f 2219 5422 5420
f 5422 2150 5424
f 5424 2220 5420
f 5422 5424 5420
f 764 5167 5426
f 5167 2139 5425
f 5425 2221 5426
f 5167 5425 5426
f 2139 5164 5427
f 5164 762 5421
f 5421 2220 5427
f 5164 5421 5427
f 2220 5423 5429
f 5423 778 5428
f 5428 2221 5429
f 5423 5428 5429
f 2139 5427 5425
f 5427 2220 5429
f 5429 2221 5425
f 5427 5429 5425
f 764 5426 5431
f 5426 2221 5430
f 5430 2222 5431
f 5426 5430 5431
f 2221 5428 5432
f 5428 778 5213
f 5213 2155 5432
f 5428 5213 5432
f 2155 5210 5434
f 5210 782 5433
f 5433 2222 5434
f 5210 5433 5434
f 2221 5432 5430
f 5432 2155 5434
f 5434 2222 5430
f 5432 5434 5430
f 485 809 5435
f 5435 2223 5436
f 485 5435 5436
f 2223 5437 485
f 5437 689 485
f 5436 2223 485
f 485 689 5320
f 5320 2188 5438
f 485 5320 5438
f 2188 5318 5439
f 5318 483 485
f 5318 485 5439
f 5438 2188 5439
f 5438 5439 485
f 809 810 668
f 809 668 5435
f 5440 2223 5435
f 668 5440 5435
f 5031 2094 5441
f 668 5031 5441
f 2094 5029 5442
f 5029 689 5437
f 5437 2223 5442
f 5029 5437 5442
f 668 5441 5440
f 5441 2094 5442
f 5442 2223 5440
f 5441 5442 5440
f 700 653 673
f 673 653 669
f 673 669 674
f 669 672 674
f 674 672 476
f 476 672 5293
f 5293 2181 476
f 2181 5291 476
f 5291 473 476
f 700 698 643
f 643 653 700
f 698 696 625
f 698 625 643
f 682 478 4282
f 4282 1875 682
f 1875 4281 682
f 4281 477 682
f 682 477 678
f 679 682 678
f 677 679 678
f 577 694 691
f 694 577 4927
f 694 4927 607
f 696 694 607
f 696 607 625
f 690 574 691
f 577 691 574
f 747 761 690
f 690 761 574
f 788 597 747
f 747 597 5443
f 5443 2224 747
f 2224 5444 747
f 5444 761 747
f 573 4862 5446
f 4862 2031 5445
f 5445 2226 5446
f 4862 5445 5446
f 2031 4860 5448
f 4860 572 5447
f 5447 2225 5448
f 4860 5447 5448
f 2225 5449 5451
f 5449 595 5450
f 5450 2226 5451
f 5449 5450 5451
f 2031 5448 5445
f 5448 2225 5451
f 5451 2226 5445
f 5448 5451 5445
f 573 5446 5453
f 5446 2226 5452
f 5452 2227 5453
f 5446 5452 5453
f 2226 5450 5454
f 5450 595 4891
f 4891 2043 5454
f 5450 4891 5454
f 2043 4888 5456
f 4888 594 5455
f 5455 2227 5456
f 4888 5455 5456
f 2226 5454 5452
f 5454 2043 5456
f 5456 2227 5452
f 5454 5456 5452
f 572 4874 5458
f 4874 2037 5457
f 5457 2229 5458
f 4874 5457 5458
f 2037 4878 5460
f 4878 583 5459
f 5459 2228 5460
f 4878 5459 5460
f 2228 5461 5463
f 5461 776 5462
f 5462 2229 5463
f 5461 5462 5463
f 2037 5460 5457
f 5460 2228 5463
f 5463 2229 5457
f 5460 5463 5457
f 572 5458 5447
f 5458 2229 5464
f 5464 2225 5447
f 5458 5464 5447
f 2229 5462 5465
f 5462 776 5186
f 5186 2147 5465
f 5462 5186 5465
f 2147 5183 5466
f 5183 595 5449
f 5449 2225 5466
f 5183 5449 5466
f 2229 5465 5464
f 5465 2147 5466
f 5466 2225 5464
f 5465 5466 5464
f 583 757 777
f 583 777 5459
f 5467 2228 5459
f 777 5467 5459
f 5189 2148 5468
f 777 5189 5468
f 2148 5187 5469
f 5187 776 5461
f 5461 2228 5469
f 5187 5461 5469
f 777 5468 5467
f 5468 2148 5469
f 5469 2228 5467
f 5468 5469 5467
f 646 584 787
f 584 760 787
f 645 585 646
f 646 585 584
f 647 612 645
f 612 4928 645
f 4928 585 645
f 648 628 647
f 628 612 647
f 654 644 648
f 648 644 628
f 654 734 2230
f 2230 655 654
f 654 655 644
f 734 679 2231
f 679 677 2231
f 734 2231 2230
f 2231 677 2209
f 2209 655 2230
f 2231 2209 2230
f 782 5218 822
f 5218 2158 822
f 2158 5222 822
f 5222 783 822
f 782 822 5433
f 822 2222 5433
f 822 764 5431
f 5431 2222 822
f 756 823 729
f 823 824 729
f 641 651 811
f 641 811 825
f 623 2068 825
f 2068 641 825
f 623 825 826
f 604 4944 826
f 4944 2059 826
f 2059 4942 826
f 4942 623 826
f 604 826 5470
f 826 2232 5470
f 827 2232 826
f 605 4924 2233
f 4924 2054 2233
f 2054 4922 2233
f 4922 604 5470
f 5470 2232 2233
f 4922 5470 2233
f 2232 827 2233
f 605 2233 5372
f 2233 2205 5372
f 827 824 5374
f 5374 2205 2233
f 827 5374 2233
f 733 732 811
f 811 810 733
f 829 5471 831
f 5471 830 831
f 829 831 5472
f 831 2234 5472
f 831 832 5473
f 5473 2234 831
f 748 768 2176
f 2176 803 5476
f 5475 748 5476
f 803 5475 5476
f 748 2176 5474
f 5476 748 5474
f 2176 5476 5474
f 748 5475 833
f 5475 803 833
f 693 804 690
f 690 804 745
f 834 5477 5479
f 5477 2235 5478
f 5478 2236 5479
f 5477 5478 5479
f 2235 5480 5481
f 5480 829 5472
f 5472 2234 5481
f 5480 5472 5481
f 2234 5473 5483
f 5473 832 5482
f 5482 2236 5483
f 5473 5482 5483
f 2235 5481 5478
f 5481 2234 5483
f 5483 2236 5478
f 5481 5483 5478
f 834 5479 5485
f 5479 2236 5484
f 5484 2238 5485
f 5479 5484 5485
f 2236 5482 5487
f 5482 832 5486
f 5486 2237 5487
f 5482 5486 5487
f 2237 5488 5490
f 5488 835 5489
f 5489 2238 5490
f 5488 5489 5490
f 2236 5487 5484
f 5487 2237 5490
f 5490 2238 5484
f 5487 5490 5484
f 608 611 771
f 771 5491 608
f 5491 836 608
f 609 837 610
f 610 837 802
f 609 726 813
f 813 837 609
f 816 5492 5494
f 5492 2239 5493
f 5493 2241 5494
f 5492 5493 5494
f 2239 5495 5497
f 5495 838 5496
f 5496 2240 5497
f 5495 5496 5497
f 2240 5498 5500
f 5498 571 5499
f 5499 2241 5500
f 5498 5499 5500
f 2239 5497 5493
f 5497 2240 5500
f 5500 2241 5493
f 5497 5500 5493
f 816 5494 5341
f 5494 2241 5501
f 5501 2197 5341
f 5494 5501 5341
f 2241 5499 5502
f 5499 571 4852
f 4852 2028 5502
f 5499 4852 5502
f 2028 4849 5503
f 4849 570 5342
f 5342 2197 5503
f 4849 5342 5503
f 2241 5502 5501
f 5502 2028 5503
f 5503 2197 5501
f 5502 5503 5501
f 772 5504 5506
f 5504 2242 5505
f 5505 2244 5506
f 5504 5505 5506
f 2242 5507 5509
f 5507 839 5508
f 5508 2243 5509
f 5507 5508 5509
f 2243 5510 5512
f 5510 840 5511
f 5511 2244 5512
f 5510 5511 5512
f 2242 5509 5505
f 5509 2243 5512
f 5512 2244 5505
f 5509 5512 5505
f 772 5506 5181
f 5506 2244 5513
f 5513 2146 5181
f 5506 5513 5181
f 2244 5511 5515
f 5511 840 5514
f 5514 2245 5515
f 5511 5514 5515
f 2245 5516 5517
f 5516 773 5182
f 5182 2146 5517
f 5516 5182 5517
f 2244 5515 5513
f 5515 2245 5517
f 5517 2146 5513
f 5515 5517 5513
f 716 718 599
f 599 718 5518
f 5518 2246 599
f 2246 5519 599
f 5519 766 599
f 841 5520 5522
f 5520 2247 5521
f 5521 2249 5522
f 5520 5521 5522
f 2247 5523 5525
f 5523 842 5524
f 5524 2248 5525
f 5523 5524 5525
f 2248 5526 5528
f 5526 843 5527
f 5527 2249 5528
f 5526 5527 5528
f 2247 5525 5521
f 5525 2248 5528
f 5528 2249 5521
f 5525 5528 5521
f 841 5522 5530
f 5522 2249 5529
f 5529 2251 5530
f 5522 5529 5530
f 2249 5527 5532
f 5527 843 5531
f 5531 2250 5532
f 5527 5531 5532
f 2250 5533 5535
f 5533 844 5534
f 5534 2251 5535
f 5533 5534 5535
f 2249 5532 5529
f 5532 2250 5535
f 5535 2251 5529
f 5532 5535 5529
f 845 5536 5538
f 5536 2252 5537
f 5537 2253 5538
f 5536 5537 5538
f 2252 5539 5540
f 5539 841 5530
f 5530 2251 5540
f 5539 5530 5540
f 2251 5534 5542
f 5534 844 5541
f 5541 2253 5542
f 5534 5541 5542
f 2252 5540 5537
f 5540 2251 5542
f 5542 2253 5537
f 5540 5542 5537
f 845 5538 5544
f 5538 2253 5543
f 5543 2255 5544
f 5538 5543 5544
f 2253 5541 5546
f 5541 844 5545
f 5545 2254 5546
f 5541 5545 5546
f 2254 5547 5549
f 5547 846 5548
f 5548 2255 5549
f 5547 5548 5549
f 2253 5546 5543
f 5546 2254 5549
f 5549 2255 5543
f 5546 5549 5543
f 845 5550 5552
f 5550 2256 5551
f 5551 2258 5552
f 5550 5551 5552
f 2256 5553 5555
f 5553 847 5554
f 5554 2257 5555
f 5553 5554 5555
f 2257 5556 5558
f 5556 848 5557
f 5557 2258 5558
f 5556 5557 5558
f 2256 5555 5551
f 5555 2257 5558
f 5558 2258 5551
f 5555 5558 5551
f 845 5552 5560
f 5552 2258 5559
f 5559 2260 5560
f 5552 5559 5560
f 2258 5557 5562
f 5557 848 5561
f 5561 2259 5562
f 5557 5561 5562
f 2259 5563 5565
f 5563 849 5564
f 5564 2260 5565
f 5563 5564 5565
f 2258 5562 5559
f 5562 2259 5565
f 5565 2260 5559
f 5562 5565 5559
f 724 5352 5567
f 5352 2199 5566
f 5566 2262 5567
f 5352 5566 5567
f 2199 5353 5569
f 5353 818 5568
f 5568 2261 5569
f 5353 5568 5569
f 2261 5570 5572
f 5570 850 5571
f 5571 2262 5572
f 5570 5571 5572
f 2199 5569 5566
f 5569 2261 5572
f 5572 2262 5566
f 5569 5572 5566
f 724 5567 851
f 5567 2262 851
f 2262 5571 851
f 5571 850 5573
f 5571 5573 851
f 725 5046 851
f 5046 2100 5574
f 5046 5574 851
f 2100 5043 5575
f 5043 724 851
f 5043 851 5575
f 2100 5575 5574
f 5575 851 5574
f 725 851 5576
f 851 2263 5576
f 852 2263 851
f 853 5577 5579
f 5577 2264 5578
f 5578 2266 5579
f 5577 5578 5579
f 2264 5580 5582
f 5580 812 5581
f 5581 2265 5582
f 5580 5581 5582
f 2265 5583 5585
f 5583 854 5584
f 5584 2266 5585
f 5583 5584 5585
f 2264 5582 5578
f 5582 2265 5585
f 5585 2266 5578
f 5582 5585 5578
f 853 5579 5587
f 5579 2266 5586
f 5586 2268 5587
f 5579 5586 5587
f 2266 5584 5589
f 5584 854 5588
f 5588 2267 5589
f 5584 5588 5589
f 2267 5590 5592
f 5590 855 5591
f 5591 2268 5592
f 5590 5591 5592
f 2266 5589 5586
f 5589 2267 5592
f 5592 2268 5586
f 5589 5592 5586
f 856 5593 5595
f 5593 2269 5594
f 5594 2271 5595
f 5593 5594 5595
f 2269 5596 5598
f 5596 857 5597
f 5597 2270 5598
f 5596 5597 5598
f 2270 5599 5601
f 5599 858 5600
f 5600 2271 5601
f 5599 5600 5601
f 2269 5598 5594
f 5598 2270 5601
f 5601 2271 5594
f 5598 5601 5594
f 859 5602 5604
f 5602 2272 5603
f 5603 2273 5604
f 5602 5603 5604
f 2272 5605 5606
f 5605 856 5595
f 5595 2271 5606
f 5605 5595 5606
f 2271 5600 5608
f 5600 858 5607
f 5607 2273 5608
f 5600 5607 5608
f 2272 5606 5603
f 5606 2271 5608
f 5608 2273 5603
f 5606 5608 5603
f 859 5604 5610
f 5604 2273 5609
f 5609 2275 5610
f 5604 5609 5610
f 2273 5607 5612
f 5607 858 5611
f 5611 2274 5612
f 5607 5611 5612
f 2274 5613 5615
f 5613 860 5614
f 5614 2275 5615
f 5613 5614 5615
f 2273 5612 5609
f 5612 2274 5615
f 5615 2275 5609
f 5612 5615 5609
f 861 5616 5618
f 5616 2276 5617
f 5617 2277 5618
f 5616 5617 5618
f 2276 5619 5620
f 5619 859 5610
f 5610 2275 5620
f 5619 5610 5620
f 2275 5614 5622
f 5614 860 5621
f 5621 2277 5622
f 5614 5621 5622
f 2276 5620 5617
f 5620 2275 5622
f 5622 2277 5617
f 5620 5622 5617
f 861 5618 5624
f 5618 2277 5623
f 5623 2279 5624
f 5618 5623 5624
f 2277 5621 5626
f 5621 860 5625
f 5625 2278 5626
f 5621 5625 5626
f 2278 5627 5629
f 5627 862 5628
f 5628 2279 5629
f 5627 5628 5629
f 2277 5626 5623
f 5626 2278 5629
f 5629 2279 5623
f 5626 5629 5623
f 863 5630 5632
f 5630 2280 5631
f 5631 2282 5632
f 5630 5631 5632
f 2280 5633 5635
f 5633 864 5634
f 5634 2281 5635
f 5633 5634 5635
f 2281 5636 5638
f 5636 796 5637
f 5637 2282 5638
f 5636 5637 5638
f 2280 5635 5631
f 5635 2281 5638
f 5638 2282 5631
f 5635 5638 5631
f 863 5632 5640
f 5632 2282 5639
f 5639 2283 5640
f 5632 5639 5640
f 2282 5637 5641
f 5637 796 5251
f 5251 2166 5641
f 5637 5251 5641
f 2166 5249 5643
f 5249 795 5642
f 5642 2283 5643
f 5249 5642 5643
f 2282 5641 5639
f 5641 2166 5643
f 5643 2283 5639
f 5641 5643 5639
f 865 866 5644
f 5644 2284 865
f 2284 5645 865
f 5645 867 865
f 865 867 868
f 869 865 868
f 868 870 869
f 851 5573 871
f 5573 850 871
f 871 872 851
f 851 872 852
f 852 872 873
f 791 5239 5647
f 5239 2164 5646
f 5646 2286 5647
f 5239 5646 5647
f 2164 5243 5649
f 5243 794 5648
f 5648 2285 5649
f 5243 5648 5649
f 2285 5650 5652
f 5650 799 5651
f 5651 2286 5652
f 5650 5651 5652
f 2164 5649 5646
f 5649 2285 5652
f 5652 2286 5646
f 5649 5652 5646
f 791 5647 5654
f 5647 2286 5653
f 5653 2287 5654
f 5647 5653 5654
f 2286 5651 5655
f 5651 799 5265
f 5265 2170 5655
f 5651 5265 5655
f 2170 5263 5657
f 5263 798 5656
f 5656 2287 5657
f 5263 5656 5657
f 2286 5655 5653
f 5655 2170 5657
f 5657 2287 5653
f 5655 5657 5653
f 874 5658 876
f 5658 2288 876
f 2288 5659 876
f 5659 875 876
f 874 876 2289
f 876 877 2289
f 878 876 879
f 879 880 878
f 881 882 873
f 873 879 881
f 839 5660 5662
f 5660 2290 5661
f 5661 2292 5662
f 5660 5661 5662
f 2290 5663 5665
f 5663 863 5664
f 5664 2291 5665
f 5663 5664 5665
f 2291 5666 5668
f 5666 883 5667
f 5667 2292 5668
f 5666 5667 5668
f 2290 5665 5661
f 5665 2291 5668
f 5668 2292 5661
f 5665 5668 5661
f 866 865 5669
f 865 2293 5669
f 865 844 5670
f 5670 2293 865
f 866 5669 5672
f 5669 2293 5671
f 5671 2294 5672
f 5669 5671 5672
f 2293 5670 5673
f 5670 844 5533
f 5533 2250 5673
f 5670 5533 5673
f 2250 5531 5675
f 5531 843 5674
f 5674 2294 5675
f 5531 5674 5675
f 2293 5673 5671
f 5673 2250 5675
f 5675 2294 5671
f 5673 5675 5671
f 849 5676 817
f 5676 2295 817
f 2295 5677 817
f 5677 818 817
f 849 817 723
f 815 789 790
f 790 789 746
f 721 5042 745
f 5042 2099 745
f 2099 5041 745
f 5041 720 745
f 721 745 5678
f 745 2296 5678
f 745 804 5679
f 5679 2296 745
f 884 5680 5682
f 5680 2297 5681
f 5681 2299 5682
f 5680 5681 5682
f 2297 5683 5685
f 5683 797 5684
f 5684 2298 5685
f 5683 5684 5685
f 2298 5686 5688
f 5686 834 5687
f 5687 2299 5688
f 5686 5687 5688
f 2297 5685 5681
f 5685 2298 5688
f 5688 2299 5681
f 5685 5688 5681
f 608 836 817
f 817 727 608
f 817 836 5689
f 5689 2300 817
f 2300 5690 817
f 5690 614 817
f 817 614 723
f 862 5691 5693
f 5691 2301 5692
f 5692 2303 5693
f 5691 5692 5693
f 2301 5694 5696
f 5694 874 5695
f 5695 2302 5696
f 5694 5695 5696
f 2302 5697 5699
f 5697 820 5698
f 5698 2303 5699
f 5697 5698 5699
f 2301 5696 5692
f 5696 2302 5699
f 5699 2303 5692
f 5696 5699 5692
f 862 5693 5701
f 5693 2303 5700
f 5700 2304 5701
f 5693 5700 5701
f 2303 5698 5702
f 5698 820 5360
f 5360 2201 5702
f 5698 5360 5702
f 2201 5358 5704
f 5358 819 5703
f 5703 2304 5704
f 5358 5703 5704
f 2303 5702 5700
f 5702 2201 5704
f 5704 2304 5700
f 5702 5704 5700
f 813 812 754
f 754 812 5580
f 5580 2264 754
f 2264 5577 754
f 5577 853 754
f 843 5705 5707
f 5705 2305 5706
f 5706 2306 5707
f 5705 5706 5707
f 2305 5708 5709
f 5708 571 5498
f 5498 2240 5709
f 5708 5498 5709
f 2240 5496 5711
f 5496 838 5710
f 5710 2306 5711
f 5496 5710 5711
f 2305 5709 5706
f 5709 2240 5711
f 5711 2306 5706
f 5709 5711 5706
f 843 5707 5674
f 5707 2306 5712
f 5712 2294 5674
f 5707 5712 5674
f 2306 5710 5714
f 5710 838 5713
f 5713 2307 5714
f 5710 5713 5714
f 2307 5715 5716
f 5715 866 5672
f 5672 2294 5716
f 5715 5672 5716
f 2306 5714 5712
f 5714 2307 5716
f 5716 2294 5712
f 5714 5716 5712
f 839 5507 5718
f 5507 2242 5717
f 5717 2309 5718
f 5507 5717 5718
f 2242 5504 5720
f 5504 772 5719
f 5719 2308 5720
f 5504 5719 5720
f 2308 5721 5723
f 5721 864 5722
f 5722 2309 5723
f 5721 5722 5723
f 2242 5720 5717
f 5720 2308 5723
f 5723 2309 5717
f 5720 5723 5717
f 839 5718 5660
f 5718 2309 5724
f 5724 2290 5660
f 5718 5724 5660
f 2309 5722 5725
f 5722 864 5633
f 5633 2280 5725
f 5722 5633 5725
f 2280 5630 5726
f 5630 863 5663
f 5663 2290 5726
f 5630 5663 5726
f 2309 5725 5724
f 5725 2280 5726
f 5726 2290 5724
f 5725 5726 5724
f 883 5727 5729
f 5727 2310 5728
f 5728 2312 5729
f 5727 5728 5729
f 2310 5730 5732
f 5730 867 5731
f 5731 2311 5732
f 5730 5731 5732
f 2311 5733 5735
f 5733 840 5734
f 5734 2312 5735
f 5733 5734 5735
f 2310 5732 5728
f 5732 2311 5735
f 5735 2312 5728
f 5732 5735 5728
f 883 5729 5667
f 5729 2312 5736
f 5736 2292 5667
f 5729 5736 5667
f 2312 5734 5737
f 5734 840 5510
f 5510 2243 5737
f 5734 5510 5737
f 2243 5508 5738
f 5508 839 5662
f 5662 2292 5738
f 5508 5662 5738
f 2312 5737 5736
f 5737 2243 5738
f 5738 2292 5736
f 5737 5738 5736
f 758 5141 5740
f 5141 2131 5739
f 5739 2314 5740
f 5141 5739 5740
f 2131 5140 5742
f 5140 582 5741
f 5741 2313 5742
f 5140 5741 5742
f 2313 5743 5745
f 5743 842 5744
f 5744 2314 5745
f 5743 5744 5745
f 2131 5742 5739
f 5742 2313 5745
f 5745 2314 5739
f 5742 5745 5739
f 758 5740 5747
f 5740 2314 5746
f 5746 2315 5747
f 5740 5746 5747
f 2314 5744 5748
f 5744 842 5523
f 5523 2247 5748
f 5744 5523 5748
f 2247 5520 5750
f 5520 841 5749
f 5749 2315 5750
f 5520 5749 5750
f 2314 5748 5746
f 5748 2247 5750
f 5750 2315 5746
f 5748 5750 5746
f 841 5539 786
f 5539 2252 786
f 2252 5536 5752
f 5536 845 5751
f 5751 2316 5752
f 5536 5751 5752
f 2252 5752 786
f 5752 2316 786
f 841 786 5749
f 5753 2315 5749
f 786 5753 5749
f 786 758 5747
f 5747 2315 786
f 786 2315 5753
f 786 2316 723
f 2316 5751 723
f 5751 845 723
f 723 845 5560
f 5560 2260 723
f 2260 5564 723
f 5564 849 723
f 830 799 885
f 885 799 5650
f 5650 2285 885
f 2285 5648 885
f 5648 794 885
f 720 790 746
f 720 746 745
f 829 5480 5755
f 5480 2235 5754
f 5754 2317 5755
f 5480 5754 5755
f 2235 5477 5756
f 5477 834 5686
f 5686 2298 5756
f 5477 5686 5756
f 2298 5684 5758
f 5684 797 5757
f 5757 2317 5758
f 5684 5757 5758
f 2235 5756 5754
f 5756 2298 5758
f 5758 2317 5754
f 5756 5758 5754
f 829 5755 5760
f 5755 2317 5759
f 5759 2318 5760
f 5755 5759 5760
f 2317 5757 5761
f 5757 797 5269
f 5269 2173 5761
f 5757 5269 5761
f 2173 5273 5763
f 5273 800 5762
f 5762 2318 5763
f 5273 5762 5763
f 2317 5761 5759
f 5761 2173 5763
f 5763 2318 5759
f 5761 5763 5759
f 794 5242 5765
f 5242 2163 5764
f 5764 2320 5765
f 5242 5764 5765
f 2163 5240 5767
f 5240 793 5766
f 5766 2319 5767
f 5240 5766 5767
f 2319 5768 5770
f 5768 814 5769
f 5769 2320 5770
f 5768 5769 5770
f 2163 5767 5764
f 5767 2319 5770
f 5770 2320 5764
f 5767 5770 5764
f 794 5765 885
f 5765 2320 885
f 2320 5769 885
f 5769 814 885
f 840 5733 5772
f 5733 2311 5771
f 5771 2321 5772
f 5733 5771 5772
f 2311 5731 5773
f 5731 867 5645
f 5645 2284 5773
f 5731 5645 5773
f 2284 5644 5775
f 5644 866 5774
f 5774 2321 5775
f 5644 5774 5775
f 2311 5773 5771
f 5773 2284 5775
f 5775 2321 5771
f 5773 5775 5771
f 840 5772 5777
f 5772 2321 5776
f 5776 2322 5777
f 5772 5776 5777
f 2321 5774 5778
f 5774 866 5715
f 5715 2307 5778
f 5774 5715 5778
f 2307 5713 5780
f 5713 838 5779
f 5779 2322 5780
f 5713 5779 5780
f 2321 5778 5776
f 5778 2307 5780
f 5780 2322 5776
f 5778 5780 5776
f 792 5232 5782
f 5232 2160 5781
f 5781 2324 5782
f 5232 5781 5782
f 2160 5229 5784
f 5229 791 5783
f 5783 2323 5784
f 5229 5783 5784
f 2323 5785 5787
f 5785 880 5786
f 5786 2324 5787
f 5785 5786 5787
f 2160 5784 5781
f 5784 2323 5787
f 5787 2324 5781
f 5784 5787 5781
f 792 5782 5789
f 5782 2324 5788
f 5788 2326 5789
f 5782 5788 5789
f 2324 5786 5791
f 5786 880 5790
f 5790 2325 5791
f 5786 5790 5791
f 2325 5792 5794
f 5792 886 5793
f 5793 2326 5794
f 5792 5793 5794
f 2324 5791 5788
f 5791 2325 5794
f 5794 2326 5788
f 5791 5794 5788
f 849 5563 5796
f 5563 2259 5795
f 5795 2328 5796
f 5563 5795 5796
f 2259 5561 5798
f 5561 848 5797
f 5797 2327 5798
f 5561 5797 5798
f 2327 5799 5801
f 5799 850 5800
f 5800 2328 5801
f 5799 5800 5801
f 2259 5798 5795
f 5798 2327 5801
f 5801 2328 5795
f 5798 5801 5795
f 849 5796 5676
f 5796 2328 5802
f 5802 2295 5676
f 5796 5802 5676
f 2328 5800 5803
f 5800 850 5570
f 5570 2261 5803
f 5800 5570 5803
f 2261 5568 5804
f 5568 818 5677
f 5677 2295 5804
f 5568 5677 5804
f 2328 5803 5802
f 5803 2261 5804
f 5804 2295 5802
f 5803 5804 5802
f 863 5640 887
f 5640 2283 887
f 2283 5642 887
f 5642 795 887
f 863 887 5664
f 887 2291 5664
f 887 883 5666
f 5666 2291 887
f 791 5654 878
f 5654 2287 878
f 2287 5656 878
f 5656 798 878
f 791 878 5783
f 878 2323 5783
f 878 880 5785
f 5785 2323 878
f 772 775 5805
f 775 2329 5805
f 775 796 5806
f 5806 2329 775
f 772 5805 5719
f 5805 2329 5807
f 5807 2308 5719
f 5805 5807 5719
f 2329 5806 5808
f 5806 796 5636
f 5636 2281 5808
f 5806 5636 5808
f 2281 5634 5809
f 5634 864 5721
f 5721 2308 5809
f 5634 5721 5809
f 2329 5808 5807
f 5808 2281 5809
f 5809 2308 5807
f 5808 5809 5807
f 874 2289 5811
f 5810 2331 5811
f 2289 5810 5811
f 2289 877 5812
f 5812 2330 5813
f 2289 5812 5813
f 2330 5814 5816
f 5814 835 5815
f 5815 2331 5816
f 5814 5815 5816
f 2289 5813 5810
f 5813 2330 5816
f 5816 2331 5810
f 5813 5816 5810
f 874 5811 5695
f 5811 2331 5817
f 5817 2302 5695
f 5811 5817 5695
f 2331 5815 5819
f 5815 835 5818
f 5818 2332 5819
f 5815 5818 5819
f 2332 5820 5821
f 5820 820 5697
f 5697 2302 5821
f 5820 5697 5821
f 2331 5819 5817
f 5819 2332 5821
f 5821 2302 5817
f 5819 5821 5817
f 853 5822 755
f 5822 2333 755
f 2333 5823 755
f 5823 856 755
f 853 755 754
f 861 5624 5825
f 5624 2279 5824
f 5824 2334 5825
f 5624 5824 5825
f 2279 5628 5826
f 5628 862 5701
f 5701 2304 5826
f 5628 5701 5826
f 2304 5703 5828
f 5703 819 5827
f 5827 2334 5828
f 5703 5827 5828
f 2279 5826 5824
f 5826 2304 5828
f 5828 2334 5824
f 5826 5828 5824
f 861 5825 5830
f 5825 2334 5829
f 5829 2336 5830
f 5825 5829 5830
f 2334 5827 5832
f 5827 819 5831
f 5831 2335 5832
f 5827 5831 5832
f 2335 5833 5835
f 5833 888 5834
f 5834 2336 5835
f 5833 5834 5835
f 2334 5832 5829
f 5832 2335 5835
f 5835 2336 5829
f 5832 5835 5829
f 856 5605 5837
f 5605 2272 5836
f 5836 2338 5837
f 5605 5836 5837
f 2272 5602 5839
f 5602 859 5838
f 5838 2337 5839
f 5602 5838 5839
f 2337 5840 5842
f 5840 785 5841
f 5841 2338 5842
f 5840 5841 5842
f 2272 5839 5836
f 5839 2337 5842
f 5842 2338 5836
f 5839 5842 5836
f 856 5837 755
f 5837 2338 755
f 2338 5841 755
f 5841 785 755
f 859 5619 5844
f 5619 2276 5843
f 5843 2339 5844
f 5619 5843 5844
f 2276 5616 5845
f 5616 861 5830
f 5830 2336 5845
f 5616 5830 5845
f 2336 5834 5847
f 5834 888 5846
f 5846 2339 5847
f 5834 5846 5847
f 2276 5845 5843
f 5845 2336 5847
f 5847 2339 5843
f 5845 5847 5843
f 859 5844 5838
f 5844 2339 5848
f 5848 2337 5838
f 5844 5848 5838
f 2339 5846 5850
f 5846 888 5849
f 5849 2340 5850
f 5846 5849 5850
f 2340 5851 5852
f 5851 785 5840
f 5840 2337 5852
f 5851 5840 5852
f 2339 5850 5848
f 5850 2340 5852
f 5852 2337 5848
f 5850 5852 5848
f 875 5659 5854
f 5659 2288 5853
f 5853 2341 5854
f 5659 5853 5854
f 2288 5658 5855
f 5658 874 5694
f 5694 2301 5855
f 5658 5694 5855
f 2301 5691 5857
f 5691 862 5856
f 5856 2341 5857
f 5691 5856 5857
f 2288 5855 5853
f 5855 2301 5857
f 5857 2341 5853
f 5855 5857 5853
f 875 5854 5859
f 5854 2341 5858
f 5858 2342 5859
f 5854 5858 5859
f 2341 5856 5860
f 5856 862 5627
f 5627 2278 5860
f 5856 5627 5860
f 2278 5625 5862
f 5625 860 5861
f 5861 2342 5862
f 5625 5861 5862
f 2341 5860 5858
f 5860 2278 5862
f 5862 2342 5858
f 5860 5862 5858
f 869 846 865
f 865 846 5547
f 5547 2254 865
f 2254 5545 865
f 5545 844 865
f 871 847 869
f 869 847 5863
f 5863 2343 869
f 2343 5864 869
f 5864 846 869
f 854 882 5865
f 882 2344 5865
f 5866 857 5867
f 5867 2344 882
f 5866 5867 882
f 854 5865 5588
f 5865 2344 5868
f 5868 2267 5588
f 5865 5868 5588
f 2344 5867 5870
f 5867 857 5869
f 5869 2345 5870
f 5867 5869 5870
f 2345 5871 5872
f 5871 855 5590
f 5590 2267 5872
f 5871 5590 5872
f 2344 5870 5868
f 5870 2345 5872
f 5872 2267 5868
f 5870 5872 5868
f 881 875 5859
f 5859 2342 881
f 2342 5861 881
f 5861 860 881
f 881 860 5613
f 5613 2274 881
f 2274 5611 881
f 5611 858 881
f 795 5248 5874
f 5248 2165 5873
f 5873 2346 5874
f 5248 5873 5874
f 2165 5245 5875
f 5245 792 5789
f 5789 2326 5875
f 5245 5789 5875
f 2326 5793 5877
f 5793 886 5876
f 5876 2346 5877
f 5793 5876 5877
f 2165 5875 5873
f 5875 2326 5877
f 5877 2346 5873
f 5875 5877 5873
f 795 5874 887
f 5874 2346 887
f 2346 5876 887
f 5876 886 887
f 775 814 5768
f 5768 2319 775
f 2319 5766 5878
f 5766 793 775
f 5766 775 5878
f 775 2319 5878
f 775 793 5257
f 5257 2168 775
f 2168 5255 775
f 5255 796 775
f 5879 2347 830
f 830 5471 5880
f 5471 829 5760
f 5760 2318 5880
f 5471 5760 5880
f 2318 5762 5882
f 5762 800 5881
f 5881 2347 5882
f 5762 5881 5882
f 830 5880 5879
f 5880 2318 5882
f 5882 2347 5879
f 5880 5882 5879
f 830 2347 5883
f 2347 5881 5884
f 5881 800 5272
f 5272 2172 5884
f 5881 5272 5884
f 2172 5270 5885
f 5270 799 830
f 5270 830 5885
f 2347 5884 5883
f 5884 2172 5885
f 5885 830 5883
f 5884 5885 5883
f 798 5262 5887
f 5262 2169 5886
f 5886 2348 5887
f 5262 5886 5887
f 2169 5259 5888
f 5259 797 5683
f 5683 2297 5888
f 5259 5683 5888
f 2297 5680 5890
f 5680 884 5889
f 5889 2348 5890
f 5680 5889 5890
f 2169 5888 5886
f 5888 2297 5890
f 5890 2348 5886
f 5888 5890 5886
f 798 5887 878
f 5887 2348 878
f 2348 5889 878
f 5889 884 878
f 725 5576 5892
f 5576 2263 5891
f 5891 2349 5892
f 5576 5891 5892
f 852 854 5893
f 5893 2349 852
f 2263 852 5891
f 852 2349 5891
f 725 5892 5330
f 5892 2349 5894
f 5894 2193 5330
f 5892 5894 5330
f 2349 5893 5895
f 5893 854 5583
f 5583 2265 5895
f 5893 5583 5895
f 2265 5581 5896
f 5581 812 5331
f 5331 2193 5896
f 5581 5331 5896
f 2349 5895 5894
f 5895 2265 5896
f 5896 2193 5894
f 5895 5896 5894
f 885 814 750
f 885 750 749
f 816 815 774
f 816 774 5897
f 774 2350 5897
f 774 773 5898
f 5898 2350 774
f 608 727 609
f 727 726 609
f 890 831 889
f 889 831 749
f 821 5367 5900
f 5367 2203 5899
f 5899 2351 5900
f 5367 5899 5900
f 2203 5365 5901
f 5365 820 5820
f 5820 2332 5901
f 5365 5820 5901
f 2332 5818 5903
f 5818 835 5902
f 5902 2351 5903
f 5818 5902 5903
f 2203 5901 5899
f 5901 2332 5903
f 5903 2351 5899
f 5901 5903 5899
f 821 5900 5905
f 5900 2351 5904
f 5904 2352 5905
f 5900 5904 5905
f 2351 5902 5906
f 5902 835 5488
f 5488 2237 5906
f 5902 5488 5906
f 2237 5486 5908
f 5486 832 5907
f 5907 2352 5908
f 5486 5907 5908
f 2351 5906 5904
f 5906 2237 5908
f 5908 2352 5904
f 5906 5908 5904
f 748 833 889
f 748 889 749
f 838 5495 5910
f 5495 2239 5909
f 5909 2353 5910
f 5495 5909 5910
f 2239 5492 5911
f 5492 816 5897
f 5897 2350 5911
f 5492 5897 5911
f 2350 5898 5913
f 5898 773 5912
f 5912 2353 5913
f 5898 5912 5913
f 2239 5911 5909
f 5911 2350 5913
f 5913 2353 5909
f 5911 5913 5909
f 838 5910 5779
f 5910 2353 5914
f 5914 2322 5779
f 5910 5914 5779
f 2353 5912 5915
f 5912 773 5516
f 5516 2245 5915
f 5912 5516 5915
f 2245 5514 5916
f 5514 840 5777
f 5777 2322 5916
f 5514 5777 5916
f 2353 5915 5914
f 5915 2245 5916
f 5916 2322 5914
f 5915 5916 5914
f 883 887 868
f 883 868 5727
f 868 2310 5727
f 868 867 5730
f 5730 2310 868
f 887 886 870
f 887 870 868
f 836 5491 615
f 5491 771 615
f 836 615 5689
f 615 2300 5689
f 615 614 5690
f 5690 2300 615
f 886 5792 879
f 5792 2325 879
f 2325 5790 879
f 5790 880 879
f 886 879 870
f 878 884 5917
f 5917 2354 878
f 2354 5918 878
f 5918 877 878
f 878 877 876
f 875 881 879
f 875 879 876
f 2145 5180 5919
f 5180 721 5678
f 5678 2296 5919
f 5180 5678 5919
f 2296 5679 5920
f 5679 804 771
f 5679 771 5920
f 2145 5919 771
f 5919 2296 5920
f 5919 5920 771
f 771 804 615
f 842 5743 5922
f 5743 2313 5921
f 5921 2355 5922
f 5743 5921 5922
f 2313 5741 5923
f 5741 582 4870
f 4870 2034 5923
f 5741 4870 5923
f 2034 4868 5925
f 4868 571 5924
f 5924 2355 5925
f 4868 5924 5925
f 2313 5923 5921
f 5923 2034 5925
f 5925 2355 5921
f 5923 5925 5921
f 842 5922 5524
f 5922 2355 5926
f 5926 2248 5524
f 5922 5926 5524
f 2355 5924 5927
f 5924 571 5708
f 5708 2305 5927
f 5924 5708 5927
f 2305 5705 5928
f 5705 843 5526
f 5526 2248 5928
f 5705 5526 5928
f 2355 5927 5926
f 5927 2305 5928
f 5928 2248 5926
f 5927 5928 5926
f 884 5682 5930
f 5682 2299 5929
f 5929 2356 5930
f 5682 5929 5930
f 2299 5687 5931
f 5687 834 5485
f 5485 2238 5931
f 5687 5485 5931
f 2238 5489 5933
f 5489 835 5932
f 5932 2356 5933
f 5489 5932 5933
f 2299 5931 5929
f 5931 2238 5933
f 5933 2356 5929
f 5931 5933 5929
f 884 5930 5917
f 5930 2356 5934
f 5934 2354 5917
f 5930 5934 5917
f 2356 5932 5935
f 5932 835 5814
f 5814 2330 5935
f 5932 5814 5935
f 2330 5812 5936
f 5812 877 5918
f 5918 2354 5936
f 5812 5918 5936
f 2356 5935 5934
f 5935 2330 5936
f 5936 2354 5934
f 5935 5936 5934
f 885 749 831
f 885 831 830
f 821 5905 831
f 5905 2352 831
f 2352 5907 831
f 5907 832 831
f 821 831 890
f 770 590 889
f 889 590 890
f 769 5400 2358
f 5400 2212 2358
f 2212 752 5937
f 5937 2357 5938
f 2212 5937 5938
f 2357 5939 5940
f 5939 780 2358
f 5939 2358 5940
f 2212 5938 2358
f 5938 2357 5940
f 5938 5940 2358
f 2358 780 5407
f 5407 2213 2358
f 2213 5405 769
f 5405 591 769
f 2358 2213 769
f 752 5125 5942
f 5125 2126 5941
f 5941 2360 5942
f 5125 5941 5942
f 2126 5123 5944
f 5123 751 5943
f 5943 2359 5944
f 5123 5943 5944
f 2359 5945 5947
f 5945 891 5946
f 5946 2360 5947
f 5945 5946 5947
f 2126 5944 5941
f 5944 2359 5947
f 5947 2360 5941
f 5944 5947 5941
f 752 5942 5949
f 5942 2360 5948
f 5948 2362 5949
f 5942 5948 5949
f 2360 5946 5951
f 5946 891 5950
f 5950 2361 5951
f 5946 5950 5951
f 2361 5952 5954
f 5952 781 5953
f 5953 2362 5954
f 5952 5953 5954
f 2360 5951 5948
f 5951 2361 5954
f 5954 2362 5948
f 5951 5954 5948
f 752 5949 5937
f 5949 2362 5955
f 5955 2357 5937
f 5949 5955 5937
f 2362 5953 5956
f 5953 781 5207
f 5207 2153 5956
f 5953 5207 5956
f 2153 5205 5957
f 5205 780 5939
f 5939 2357 5957
f 5205 5939 5957
f 2362 5956 5955
f 5956 2153 5957
f 5957 2357 5955
f 5956 5957 5955
f 751 5138 5959
f 5138 2130 5958
f 5958 2364 5959
f 5138 5958 5959
f 2130 5136 5961
f 5136 753 5960
f 5960 2363 5961
f 5136 5960 5961
f 2363 5962 5964
f 5962 783 5963
f 5963 2364 5964
f 5962 5963 5964
f 2130 5961 5958
f 5961 2363 5964
f 5964 2364 5958
f 5961 5964 5958
f 751 5959 5966
f 5959 2364 5965
f 5965 2365 5966
f 5959 5965 5966
f 2364 5963 5967
f 5963 783 5221
f 5221 2157 5967
f 5963 5221 5967
f 2157 5219 5969
f 5219 781 5968
f 5968 2365 5969
f 5219 5968 5969
f 2364 5967 5965
f 5967 2157 5969
f 5969 2365 5965
f 5967 5969 5965
f 751 5966 5943
f 5966 2365 5970
f 5970 2359 5943
f 5966 5970 5943
f 2365 5968 5971
f 5968 781 5952
f 5952 2361 5971
f 5968 5952 5971
f 2361 5950 5972
f 5950 891 5945
f 5945 2359 5972
f 5950 5945 5972
f 2365 5971 5970
f 5971 2361 5972
f 5972 2359 5970
f 5971 5972 5970
f 753 823 822
f 753 822 5960
f 822 2363 5960
f 822 783 5962
f 5962 2363 822
f 785 5851 5974
f 5851 2340 5973
f 5973 2367 5974
f 5851 5973 5974
f 2340 5849 5976
f 5849 888 5975
f 5975 2366 5976
f 5849 5975 5976
f 2366 5977 5979
f 5977 765 5978
f 5978 2367 5979
f 5977 5978 5979
f 2340 5976 5973
f 5976 2366 5979
f 5979 2367 5973
f 5976 5979 5973
f 785 5974 2159
f 5974 2367 2159
f 2367 5978 2159
f 5978 765 5378
f 5378 784 2159
f 5978 5378 2159
f 837 813 754
f 754 2368 837
f 754 767 5980
f 5980 2368 754
f 837 2368 802
f 2368 5980 802
f 5980 767 802
f 802 767 5179
f 5179 2143 802
f 2143 5178 802
f 5178 766 802
f 802 2369 803
f 802 766 5981
f 5981 2369 802
f 2369 5981 5982
f 5981 766 5519
f 5519 2246 5982
f 5981 5519 5982
f 2246 5518 5984
f 5518 718 5983
f 5983 2370 5984
f 5518 5983 5984
f 2369 5982 803
f 5982 2246 5984
f 5984 2370 803
f 5982 5984 803
f 803 2370 833
f 2370 5983 833
f 5983 718 833
f 833 718 717
f 889 833 717
f 889 717 770
f 769 591 590
f 769 590 770
f 821 890 590
f 821 590 5368
f 590 2204 5368
f 590 589 5364
f 5364 2204 590
f 573 5453 5986
f 5453 2227 5985
f 5985 2371 5986
f 5453 5985 5986
f 2227 5455 5987
f 5455 594 4898
f 4898 2047 5987
f 5455 4898 5987
f 2047 4902 5989
f 4902 597 5988
f 5988 2371 5989
f 4902 5988 5989
f 2227 5987 5985
f 5987 2047 5989
f 5989 2371 5985
f 5987 5989 5985
f 573 5986 5224
f 5986 2371 788
f 5986 788 5224
f 2371 5988 788
f 5988 597 788
f 759 5148 5991
f 5148 2134 5990
f 5990 2372 5991
f 5148 5990 5991
f 2134 5146 5992
f 5146 761 5444
f 5444 2224 5992
f 5146 5444 5992
f 2224 5443 5994
f 5443 597 5993
f 5993 2372 5994
f 5443 5993 5994
f 2134 5992 5990
f 5992 2224 5994
f 5994 2372 5990
f 5992 5994 5990
f 759 5991 5996
f 5991 2372 5995
f 5995 2373 5996
f 5991 5995 5996
f 2372 5993 5997
f 5993 597 4901
f 4901 2046 5997
f 5993 4901 5997
f 2046 4899 5999
f 4899 596 5998
f 5998 2373 5999
f 4899 5998 5999
f 2372 5997 5995
f 5997 2046 5999
f 5999 2373 5995
f 5997 5999 5995
f 760 759 5996
f 5996 2373 760
f 2373 5998 760
f 5998 596 760
f 760 596 777
f 870 872 869
f 872 871 869
f 870 879 873
f 873 872 870
f 854 852 873
f 854 873 882
f 850 5799 6001
f 5799 2327 6000
f 6000 2374 6001
f 5799 6000 6001
f 2327 5797 6002
f 5797 848 5556
f 5556 2257 6002
f 5797 5556 6002
f 2257 5554 6004
f 5554 847 6003
f 6003 2374 6004
f 5554 6003 6004
f 2327 6002 6000
f 6002 2257 6004
f 6004 2374 6000
f 6002 6004 6000
f 850 6001 871
f 6001 2374 871
f 2374 6003 871
f 6003 847 871
f 881 858 5599
f 5599 2270 881
f 2270 5597 881
f 5597 857 881
f 881 857 5866
f 5866 882 881
f 846 5864 5548
f 5864 2343 6005
f 6005 2255 5548
f 5864 6005 5548
f 2343 5863 6006
f 5863 847 5553
f 5553 2256 6006
f 5863 5553 6006
f 2256 5550 6007
f 5550 845 5544
f 5544 2255 6007
f 5550 5544 6007
f 2343 6006 6005
f 6006 2256 6007
f 6007 2255 6005
f 6006 6007 6005
f 853 5587 6009
f 5587 2268 6008
f 6008 2375 6009
f 5587 6008 6009
f 2268 5591 6010
f 5591 855 5871
f 5871 2345 6010
f 5591 5871 6010
f 2345 5869 6012
f 5869 857 6011
f 6011 2375 6012
f 5869 6011 6012
f 2268 6010 6008
f 6010 2345 6012
f 6012 2375 6008
f 6010 6012 6008
f 853 6009 5822
f 6009 2375 6013
f 6013 2333 5822
f 6009 6013 5822
f 2375 6011 6014
f 6011 857 5596
f 5596 2269 6014
f 6011 5596 6014
f 2269 5593 6015
f 5593 856 5823
f 5823 2333 6015
f 5593 5823 6015
f 2375 6014 6013
f 6014 2269 6015
f 6015 2333 6013
f 6014 6015 6013
f 662 4995 6017
f 4995 2081 6016
f 6016 2377 6017
f 4995 6016 6017
f 2081 4999 6019
f 4999 665 6018
f 6018 2376 6019
f 4999 6018 6019
f 2376 6020 6022
f 6020 636 6021
f 6021 2377 6022
f 6020 6021 6022
f 2081 6019 6016
f 6019 2376 6022
f 6022 2377 6016
f 6019 6022 6016
f 662 6017 5336
f 6017 2377 6023
f 6023 2195 5336
f 6017 6023 5336
f 2377 6021 6024
f 6021 636 6024
f 636 740 5338
f 5338 2195 6025
f 636 5338 6025
f 2377 6024 6023
f 6024 636 6025
f 6025 2195 6023
f 6024 6025 6023
f 665 4998 6027
f 4998 2080 6026
f 6026 2378 6027
f 4998 6026 6027
f 2080 4996 6028
f 4996 664 5084
f 5084 2115 6028
f 4996 5084 6028
f 2115 5082 6030
f 5082 739 6029
f 6029 2378 6030
f 5082 6029 6030
f 2080 6028 6026
f 6028 2115 6030
f 6030 2378 6026
f 6028 6030 6026
f 665 6027 6018
f 6027 2378 6031
f 6031 2376 6018
f 6027 6031 6018
f 2378 6029 6033
f 6029 739 6032
f 6032 2379 6033
f 6029 6032 6033
f 2379 6034 6035
f 6034 636 6020
f 6020 2376 6035
f 6034 6020 6035
f 2378 6033 6031
f 6033 2379 6035
f 6035 2376 6031
f 6033 6035 6031
f 739 805 637
f 739 637 6032
f 637 2379 6032
f 637 636 6034
f 6034 2379 637
f 888 5833 6037
f 5833 2335 6036
f 6036 2381 6037
f 5833 6036 6037
f 2335 5831 6039
f 5831 819 6038
f 6038 2380 6039
f 5831 6038 6039
f 2380 6040 6042
f 6040 763 6041
f 6041 2381 6042
f 6040 6041 6042
f 2335 6039 6036
f 6039 2380 6042
f 6042 2381 6036
f 6039 6042 6036
f 888 6037 5975
f 6037 2381 6043
f 6043 2366 5975
f 6037 6043 5975
f 2381 6041 6044
f 6041 763 5176
f 5176 2142 6044
f 6041 5176 6044
f 2142 5174 6045
f 5174 765 5977
f 5977 2366 6045
f 5174 5977 6045
f 2381 6044 6043
f 6044 2142 6045
f 6045 2366 6043
f 6044 6045 6043
f 763 6040 5160
f 6040 2380 6046
f 6046 2138 5160
f 6040 6046 5160
f 2380 6038 6047
f 6038 819 5357
f 5357 2200 6047
f 6038 5357 6047
f 2200 5354 6048
f 5354 589 5162
f 5162 2138 6048
f 5354 5162 6048
f 2380 6047 6046
f 6047 2200 6048
f 6048 2138 6046
f 6047 6048 6046
f 892 893 894
f 894 895 892
f 896 6049 6051
f 6049 2382 6050
f 6050 2384 6051
f 6049 6050 6051
f 2382 6052 6054
f 6052 897 6053
f 6053 2383 6054
f 6052 6053 6054
f 2383 6055 6057
f 6055 898 6056
f 6056 2384 6057
f 6055 6056 6057
f 2382 6054 6050
f 6054 2383 6057
f 6057 2384 6050
f 6054 6057 6050
f 896 6051 6059
f 6051 2384 6058
f 6058 2386 6059
f 6051 6058 6059
f 2384 6056 6061
f 6056 898 6060
f 6060 2385 6061
f 6056 6060 6061
f 2385 6062 6064
f 6062 899 6063
f 6063 2386 6064
f 6062 6063 6064
f 2384 6061 6058
f 6061 2385 6064
f 6064 2386 6058
f 6061 6064 6058
f 894 900 6065
f 6065 2387 894
f 2387 6066 894
f 6066 901 894
f 894 901 6067
f 6067 2388 894
f 2388 6068 894
f 6068 895 894
f 902 903 6069
f 903 2389 6069
f 903 904 6070
f 6070 2389 903
f 902 6069 6072
f 6069 2389 6071
f 6071 2391 6072
f 6069 6071 6072
f 2389 6070 6074
f 6070 904 6073
f 6073 2390 6074
f 6070 6073 6074
f 2390 6075 6077
f 6075 905 6076
f 6076 2391 6077
f 6075 6076 6077
f 2389 6074 6071
f 6074 2390 6077
f 6077 2391 6071
f 6074 6077 6071
f 907 908 906
f 908 909 906
f 910 6078 912
f 6078 2392 912
f 2392 911 912
f 910 912 2393
f 913 2393 912
f 914 915 916
f 918 919 917
f 919 920 917
f 921 922 923
f 923 924 921
f 2394 6079 6081
f 6079 926 6080
f 6080 2395 6081
f 6079 6080 6081
f 2395 6082 925
f 6082 927 925
f 2394 6081 925
f 6081 2395 925
f 925 927 928
f 929 930 6083
f 6083 2396 929
f 2396 6084 929
f 6084 931 929
f 929 931 6085
f 6085 2397 929
f 2397 6086 929
f 6086 932 929
f 933 934 6087
f 6087 2398 933
f 2398 6088 933
f 6088 935 933
f 933 935 6089
f 6089 2399 933
f 2399 6090 933
f 6090 936 933
f 938 939 937
f 937 939 940
f 941 942 943
f 941 943 944
f 945 916 6091
f 916 2400 6091
f 909 2400 916
f 6091 2400 2401
f 2401 946 945
f 6091 2401 945
f 2400 909 2401
f 948 921 947
f 921 924 947
f 949 950 951
f 949 951 952
f 954 955 953
f 953 955 956
f 931 6092 958
f 6092 2402 958
f 2402 6093 958
f 6093 957 958
f 931 958 6085
f 958 2397 6085
f 958 932 6086
f 6086 2397 958
f 959 6094 6096
f 6094 2403 6095
f 6095 2405 6096
f 6094 6095 6096
f 2403 6097 6099
f 6097 960 6098
f 6098 2404 6099
f 6097 6098 6099
f 2404 6100 6102
f 6100 961 6101
f 6101 2405 6102
f 6100 6101 6102
f 2403 6099 6095
f 6099 2404 6102
f 6102 2405 6095
f 6099 6102 6095
f 959 6096 6104
f 6096 2405 6103
f 6103 2407 6104
f 6096 6103 6104
f 2405 6101 6106
f 6101 961 6105
f 6105 2406 6106
f 6101 6105 6106
f 2406 6107 6109
f 6107 962 6108
f 6108 2407 6109
f 6107 6108 6109
f 2405 6106 6103
f 6106 2406 6109
f 6109 2407 6103
f 6106 6109 6103
f 963 964 917
f 917 964 965
f 966 2408 908
f 2408 946 908
f 908 946 2401
f 908 2401 909
f 967 6110 6112
f 6110 2409 6111
f 6111 2411 6112
f 6110 6111 6112
f 2409 6113 6115
f 6113 968 6114
f 6114 2410 6115
f 6113 6114 6115
f 2410 6116 6118
f 6116 969 6117
f 6117 2411 6118
f 6116 6117 6118
f 2409 6115 6111
f 6115 2410 6118
f 6118 2411 6111
f 6115 6118 6111
f 967 6112 6120
f 6112 2411 6119
f 6119 2413 6120
f 6112 6119 6120
f 2411 6117 6122
f 6117 969 6121
f 6121 2412 6122
f 6117 6121 6122
f 2412 6123 6125
f 6123 970 6124
f 6124 2413 6125
f 6123 6124 6125
f 2411 6122 6119
f 6122 2412 6125
f 6125 2413 6119
f 6122 6125 6119
f 971 6126 6128
f 6126 2414 6127
f 6127 2416 6128
f 6126 6127 6128
f 2414 6129 6131
f 6129 959 6130
f 6130 2415 6131
f 6129 6130 6131
f 2415 6132 6133
f 939 2416 6133
f 6132 939 6133
f 2414 6131 6127
f 6131 2415 6133
f 6133 2416 6127
f 6131 6133 6127
f 971 6128 6135
f 6128 2416 6134
f 6134 2418 6135
f 6128 6134 6135
f 2416 939 6137
f 6136 2417 6137
f 939 6136 6137
f 2417 972 6138
f 6138 2418 6139
f 2417 6138 6139
f 2416 6137 6134
f 6137 2417 6139
f 6139 2418 6134
f 6137 6139 6134
f 973 6140 6142
f 6140 2419 6141
f 6141 2420 6142
f 6140 6141 6142
f 2419 6143 6144
f 6143 971 6135
f 6135 2418 6144
f 6143 6135 6144
f 2418 6138 6146
f 6138 972 6145
f 6145 2420 6146
f 6138 6145 6146
f 2419 6144 6141
f 6144 2418 6146
f 6146 2420 6141
f 6144 6146 6141
f 973 6142 6148
f 6142 2420 6147
f 6147 2422 6148
f 6142 6147 6148
f 2420 6145 6150
f 6145 972 6149
f 6149 2421 6150
f 6145 6149 6150
f 2421 6151 6153
f 6151 974 6152
f 6152 2422 6153
f 6151 6152 6153
f 2420 6150 6147
f 6150 2421 6153
f 6153 2422 6147
f 6150 6153 6147
f 975 976 941
f 975 941 944
f 977 6154 6156
f 6154 2423 6155
f 6155 2425 6156
f 6154 6155 6156
f 2423 6157 6159
f 6157 978 6158
f 6158 2424 6159
f 6157 6158 6159
f 2424 6160 6162
f 6160 979 6161
f 6161 2425 6162
f 6160 6161 6162
f 2423 6159 6155
f 6159 2424 6162
f 6162 2425 6155
f 6159 6162 6155
f 977 6156 6164
f 6156 2425 6163
f 6163 2427 6164
f 6156 6163 6164
f 2425 6161 6166
f 6161 979 6165
f 6165 2426 6166
f 6161 6165 6166
f 2426 6167 6169
f 6167 980 6168
f 6168 2427 6169
f 6167 6168 6169
f 2425 6166 6163
f 6166 2426 6169
f 6169 2427 6163
f 6166 6169 6163
f 981 982 983
f 981 983 984
f 985 6170 987
f 6170 2428 987
f 2428 6171 987
f 6171 986 987
f 985 987 988
f 990 6172 989
f 6172 991 989
f 989 991 6173
f 6173 2429 989
f 2429 6174 989
f 6174 992 989
f 993 6175 6177
f 6175 2430 6176
f 6176 2432 6177
f 6175 6176 6177
f 2430 6178 6180
f 6178 994 6179
f 6179 2431 6180
f 6178 6179 6180
f 2431 6181 6183
f 6181 995 6182
f 6182 2432 6183
f 6181 6182 6183
f 2430 6180 6176
f 6180 2431 6183
f 6183 2432 6176
f 6180 6183 6176
f 993 6177 6185
f 6177 2432 6184
f 6184 2434 6185
f 6177 6184 6185
f 2432 6182 6187
f 6182 995 6186
f 6186 2433 6187
f 6182 6186 6187
f 2433 6188 6190
f 6188 996 6189
f 6189 2434 6190
f 6188 6189 6190
f 2432 6187 6184
f 6187 2433 6190
f 6190 2434 6184
f 6187 6190 6184
f 997 998 999
f 999 1000 997
f 1001 6191 6193
f 6191 2435 6192
f 6192 2437 6193
f 6191 6192 6193
f 2435 6194 6196
f 6194 1002 6195
f 6195 2436 6196
f 6194 6195 6196
f 2436 6197 6199
f 6197 1003 6198
f 6198 2437 6199
f 6197 6198 6199
f 2435 6196 6192
f 6196 2436 6199
f 6199 2437 6192
f 6196 6199 6192
f 1001 6193 6201
f 6193 2437 6200
f 6200 2439 6201
f 6193 6200 6201
f 2437 6198 6203
f 6198 1003 6202
f 6202 2438 6203
f 6198 6202 6203
f 2438 6204 6206
f 6204 1004 6205
f 6205 2439 6206
f 6204 6205 6206
f 2437 6203 6200
f 6203 2438 6206
f 6206 2439 6200
f 6203 6206 6200
f 1005 6207 6209
f 6207 2440 6208
f 6208 2441 6209
f 6207 6208 6209
f 2440 6210 6211
f 6210 1006 6211
f 1006 1007 6213
f 6212 2441 6213
f 1007 6212 6213
f 2440 6211 6208
f 6211 1006 6213
f 6213 2441 6208
f 6211 6213 6208
f 1005 6209 6215
f 6209 2441 6214
f 6214 2442 6215
f 6209 6214 6215
f 2441 6212 6216
f 6212 1007 6216
f 1007 6217 6219
f 6217 1008 6218
f 6218 2442 6219
f 6217 6218 6219
f 2441 6216 6214
f 6216 1007 6219
f 6219 2442 6214
f 6216 6219 6214
f 1009 6220 6222
f 6220 2443 6221
f 6221 2445 6222
f 6220 6221 6222
f 2443 6223 6225
f 6223 1010 6224
f 6224 2444 6225
f 6223 6224 6225
f 2444 6226 6228
f 6226 1011 6227
f 6227 2445 6228
f 6226 6227 6228
f 2443 6225 6221
f 6225 2444 6228
f 6228 2445 6221
f 6225 6228 6221
f 1009 6222 6230
f 6222 2445 6229
f 6229 2447 6230
f 6222 6229 6230
f 2445 6227 6232
f 6227 1011 6231
f 6231 2446 6232
f 6227 6231 6232
f 2446 6233 6235
f 6233 969 6234
f 6234 2447 6235
f 6233 6234 6235
f 2445 6232 6229
f 6232 2446 6235
f 6235 2447 6229
f 6232 6235 6229
f 903 1012 1013
f 1013 904 903
f 1014 6236 6238
f 6236 2448 6237
f 6237 2450 6238
f 6236 6237 6238
f 2448 6239 6241
f 6239 1015 6240
f 6240 2449 6241
f 6239 6240 6241
f 2449 6242 6244
f 6242 1016 6243
f 6243 2450 6244
f 6242 6243 6244
f 2448 6241 6237
f 6241 2449 6244
f 6244 2450 6237
f 6241 6244 6237
f 1014 6238 6246
f 6238 2450 6245
f 6245 2452 6246
f 6238 6245 6246
f 2450 6243 6248
f 6243 1016 6247
f 6247 2451 6248
f 6243 6247 6248
f 2451 6249 6251
f 6249 1017 6250
f 6250 2452 6251
f 6249 6250 6251
f 2450 6248 6245
f 6248 2451 6251
f 6251 2452 6245
f 6248 6251 6245
f 1018 1019 1020
f 1020 1021 1018
f 1022 1023 6252
f 6252 2453 1022
f 2453 6253 1022
f 6253 1024 1022
f 1022 1024 6254
f 6254 2454 1022
f 2454 6255 1022
f 6255 1025 1022
f 1026 6256 6258
f 6256 2455 6257
f 6257 2457 6258
f 6256 6257 6258
f 2455 6259 6261
f 6259 1027 6260
f 6260 2456 6261
f 6259 6260 6261
f 2456 6262 6264
f 6262 1028 6263
f 6263 2457 6264
f 6262 6263 6264
f 2455 6261 6257
f 6261 2456 6264
f 6264 2457 6257
f 6261 6264 6257
f 1026 6258 6266
f 6258 2457 6265
f 6265 2459 6266
f 6258 6265 6266
f 2457 6263 6268
f 6263 1028 6267
f 6267 2458 6268
f 6263 6267 6268
f 2458 6269 6271
f 6269 973 6270
f 6270 2459 6271
f 6269 6270 6271
f 2457 6268 6265
f 6268 2458 6271
f 6271 2459 6265
f 6268 6271 6265
f 948 1029 1007
f 1007 1029 6272
f 6272 2460 6273
f 1007 6272 6273
f 2460 6274 6275
f 6274 1008 6217
f 6217 1007 6275
f 6274 6217 6275
f 6273 2460 6275
f 6273 6275 1007
f 1030 6276 6278
f 6276 2461 6277
f 6277 2463 6278
f 6276 6277 6278
f 2461 6279 6281
f 6279 1031 6280
f 6280 2462 6281
f 6279 6280 6281
f 2462 6282 6284
f 6282 1032 6283
f 6283 2463 6284
f 6282 6283 6284
f 2461 6281 6277
f 6281 2462 6284
f 6284 2463 6277
f 6281 6284 6277
f 1030 6278 6286
f 6278 2463 6285
f 6285 2465 6286
f 6278 6285 6286
f 2463 6283 6288
f 6283 1032 6287
f 6287 2464 6288
f 6283 6287 6288
f 2464 6289 6291
f 6289 1033 6290
f 6290 2465 6291
f 6289 6290 6291
f 2463 6288 6285
f 6288 2464 6291
f 6291 2465 6285
f 6288 6291 6285
f 1034 6292 6294
f 6292 2466 6293
f 6293 2468 6294
f 6292 6293 6294
f 2466 6295 6297
f 6295 1035 6296
f 6296 2467 6297
f 6295 6296 6297
f 2467 6298 6300
f 6298 1036 6299
f 6299 2468 6300
f 6298 6299 6300
f 2466 6297 6293
f 6297 2467 6300
f 6300 2468 6293
f 6297 6300 6293
f 1034 6294 6302
f 6294 2468 6301
f 6301 2470 6302
f 6294 6301 6302
f 2468 6299 6304
f 6299 1036 6303
f 6303 2469 6304
f 6299 6303 6304
f 2469 6305 6307
f 6305 1037 6306
f 6306 2470 6307
f 6305 6306 6307
f 2468 6304 6301
f 6304 2469 6307
f 6307 2470 6301
f 6304 6307 6301
f 901 6066 6309
f 6066 2387 6308
f 6308 2472 6309
f 6066 6308 6309
f 2387 6065 6311
f 6065 900 6310
f 6310 2471 6311
f 6065 6310 6311
f 2471 6312 6314
f 6312 902 6313
f 6313 2472 6314
f 6312 6313 6314
f 2387 6311 6308
f 6311 2471 6314
f 6314 2472 6308
f 6311 6314 6308
f 901 6309 6316
f 6309 2472 6315
f 6315 2473 6316
f 6309 6315 6316
f 2472 6313 6317
f 6313 902 6072
f 6072 2391 6317
f 6313 6072 6317
f 2391 6076 6319
f 6076 905 6318
f 6318 2473 6319
f 6076 6318 6319
f 2472 6317 6315
f 6317 2391 6319
f 6319 2473 6315
f 6317 6319 6315
f 1037 6320 6322
f 6320 2474 6321
f 6321 2476 6322
f 6320 6321 6322
f 2474 6323 6325
f 6323 1038 6324
f 6324 2475 6325
f 6323 6324 6325
f 2475 6326 6328
f 6326 1039 6327
f 6327 2476 6328
f 6326 6327 6328
f 2474 6325 6321
f 6325 2475 6328
f 6328 2476 6321
f 6325 6328 6321
f 1037 6322 6306
f 6322 2476 6329
f 6329 2470 6306
f 6322 6329 6306
f 2476 6327 6331
f 6327 1039 6330
f 6330 2477 6331
f 6327 6330 6331
f 2477 6332 6333
f 6332 1034 6302
f 6302 2470 6333
f 6332 6302 6333
f 2476 6331 6329
f 6331 2477 6333
f 6333 2470 6329
f 6331 6333 6329
f 1030 6286 6335
f 6286 2465 6334
f 6334 2479 6335
f 6286 6334 6335
f 2465 6290 6337
f 6290 1033 6336
f 6336 2478 6337
f 6290 6336 6337
f 2478 6338 6340
f 6338 1040 6339
f 6339 2479 6340
f 6338 6339 6340
f 2465 6337 6334
f 6337 2478 6340
f 6340 2479 6334
f 6337 6340 6334
f 1030 6335 6342
f 6335 2479 6341
f 6341 2481 6342
f 6335 6341 6342
f 2479 6339 6344
f 6339 1040 6343
f 6343 2480 6344
f 6339 6343 6344
f 2480 6345 6347
f 6345 1041 6346
f 6346 2481 6347
f 6345 6346 6347
f 2479 6344 6341
f 6344 2480 6347
f 6347 2481 6341
f 6344 6347 6341
f 974 6348 6350
f 6348 2482 6349
f 6349 2484 6350
f 6348 6349 6350
f 2482 6351 6353
f 6351 1042 6352
f 6352 2483 6353
f 6351 6352 6353
f 2483 6354 6356
f 6354 1043 6355
f 6355 2484 6356
f 6354 6355 6356
f 2482 6353 6349
f 6353 2483 6356
f 6356 2484 6349
f 6353 6356 6349
f 974 6350 6358
f 6350 2484 6357
f 6357 2486 6358
f 6350 6357 6358
f 2484 6355 6360
f 6355 1043 6359
f 6359 2485 6360
f 6355 6359 6360
f 2485 6361 6363
f 6361 1044 6362
f 6362 2486 6363
f 6361 6362 6363
f 2484 6360 6357
f 6360 2485 6363
f 6363 2486 6357
f 6360 6363 6357
f 951 929 952
f 929 932 952
f 1000 1027 6364
f 6364 2487 1000
f 2487 6365 1000
f 6365 995 1000
f 1000 995 997
f 1004 6366 6368
f 6366 2488 6367
f 6367 2490 6368
f 6366 6367 6368
f 2488 6369 6371
f 6369 1045 6370
f 6370 2489 6371
f 6369 6370 6371
f 2489 6372 6374
f 6372 905 6373
f 6373 2490 6374
f 6372 6373 6374
f 2488 6371 6367
f 6371 2489 6374
f 6374 2490 6367
f 6371 6374 6367
f 1004 6368 6376
f 6368 2490 6375
f 6375 2491 6376
f 6368 6375 6376
f 2490 6373 6377
f 6373 905 6075
f 6075 2390 6377
f 6373 6075 6377
f 2390 6073 6379
f 6073 904 6378
f 6378 2491 6379
f 6073 6378 6379
f 2490 6377 6375
f 6377 2390 6379
f 6379 2491 6375
f 6377 6379 6375
f 1046 6380 6382
f 6380 2492 6381
f 6381 2494 6382
f 6380 6381 6382
f 2492 6383 6385
f 6383 1047 6384
f 6384 2493 6385
f 6383 6384 6385
f 2493 6386 6388
f 6386 1039 6387
f 6387 2494 6388
f 6386 6387 6388
f 2492 6385 6381
f 6385 2493 6388
f 6388 2494 6381
f 6385 6388 6381
f 1046 6382 6390
f 6382 2494 6389
f 6389 2496 6390
f 6382 6389 6390
f 2494 6387 6392
f 6387 1039 6391
f 6391 2495 6392
f 6387 6391 6392
f 2495 6393 6395
f 6393 1048 6394
f 6394 2496 6395
f 6393 6394 6395
f 2494 6392 6389
f 6392 2495 6395
f 6395 2496 6389
f 6392 6395 6389
f 1049 6396 6398
f 6396 2497 6397
f 6397 2499 6398
f 6396 6397 6398
f 2497 6399 6401
f 6399 1014 6400
f 6400 2498 6401
f 6399 6400 6401
f 2498 6402 6404
f 6402 1032 6403
f 6403 2499 6404
f 6402 6403 6404
f 2497 6401 6397
f 6401 2498 6404
f 6404 2499 6397
f 6401 6404 6397
f 1049 6398 6406
f 6398 2499 6405
f 6405 2501 6406
f 6398 6405 6406
f 2499 6403 6408
f 6403 1032 6407
f 6407 2500 6408
f 6403 6407 6408
f 2500 6409 6411
f 6409 1050 6410
f 6410 2501 6411
f 6409 6410 6411
f 2499 6408 6405
f 6408 2500 6411
f 6411 2501 6405
f 6408 6411 6405
f 1008 6412 6414
f 6412 2502 6413
f 6413 2504 6414
f 6412 6413 6414
f 2502 6415 6417
f 6415 1051 6416
f 6416 2503 6417
f 6415 6416 6417
f 2503 6418 6420
f 6418 1003 6419
f 6419 2504 6420
f 6418 6419 6420
f 2502 6417 6413
f 6417 2503 6420
f 6420 2504 6413
f 6417 6420 6413
f 1008 6414 6218
f 6414 2504 6421
f 6421 2442 6218
f 6414 6421 6218
f 2504 6419 6423
f 6419 1003 6422
f 6422 2505 6423
f 6419 6422 6423
f 2505 6424 6425
f 6424 1005 6215
f 6215 2442 6425
f 6424 6215 6425
f 2504 6423 6421
f 6423 2505 6425
f 6425 2442 6421
f 6423 6425 6421
f 1052 6426 6428
f 6426 2506 6427
f 6427 2507 6428
f 6426 6427 6428
f 2506 6429 6430
f 6429 1031 6279
f 6279 2461 6430
f 6429 6279 6430
f 2461 6276 6432
f 6276 1030 6431
f 6431 2507 6432
f 6276 6431 6432
f 2506 6430 6427
f 6430 2461 6432
f 6432 2507 6427
f 6430 6432 6427
f 1052 6428 6434
f 6428 2507 6433
f 6433 2509 6434
f 6428 6433 6434
f 2507 6431 6436
f 6431 1030 6435
f 6435 2508 6436
f 6431 6435 6436
f 2508 6437 6439
f 6437 1053 6438
f 6438 2509 6439
f 6437 6438 6439
f 2507 6436 6433
f 6436 2508 6439
f 6439 2509 6433
f 6436 6439 6433
f 1054 1055 1000
f 1055 1056 1000
f 1028 6440 6442
f 6440 2510 6441
f 6441 2512 6442
f 6440 6441 6442
f 2510 6443 6445
f 6443 1057 6444
f 6444 2511 6445
f 6443 6444 6445
f 2511 6446 6448
f 6446 971 6447
f 6447 2512 6448
f 6446 6447 6448
f 2510 6445 6441
f 6445 2511 6448
f 6448 2512 6441
f 6445 6448 6441
f 1028 6442 6267
f 6442 2512 6449
f 6449 2458 6267
f 6442 6449 6267
f 2512 6447 6450
f 6447 971 6143
f 6143 2419 6450
f 6447 6143 6450
f 2419 6140 6451
f 6140 973 6269
f 6269 2458 6451
f 6140 6269 6451
f 2512 6450 6449
f 6450 2419 6451
f 6451 2458 6449
f 6450 6451 6449
f 1058 1059 6452
f 6452 2513 1058
f 2513 6453 1058
f 6453 1060 1058
f 1058 1060 1061
f 1027 6259 6455
f 6259 2455 6454
f 6454 2515 6455
f 6259 6454 6455
f 2455 6256 6457
f 6256 1026 6456
f 6456 2514 6457
f 6256 6456 6457
f 2514 6458 6460
f 6458 996 6459
f 6459 2515 6460
f 6458 6459 6460
f 2455 6457 6454
f 6457 2514 6460
f 6460 2515 6454
f 6457 6460 6454
f 1027 6455 6364
f 6455 2515 6461
f 6461 2487 6364
f 6455 6461 6364
f 2515 6459 6462
f 6459 996 6188
f 6188 2433 6462
f 6459 6188 6462
f 2433 6186 6463
f 6186 995 6365
f 6365 2487 6463
f 6186 6365 6463
f 2515 6462 6461
f 6462 2433 6463
f 6463 2487 6461
f 6462 6463 6461
f 1033 6289 6465
f 6289 2464 6464
f 6464 2516 6465
f 6289 6464 6465
f 2464 6287 6466
f 6287 1032 6402
f 6402 2498 6466
f 6287 6402 6466
f 2498 6400 6468
f 6400 1014 6467
f 6467 2516 6468
f 6400 6467 6468
f 2464 6466 6464
f 6466 2498 6468
f 6468 2516 6464
f 6466 6468 6464
f 1033 6465 6470
f 6465 2516 6469
f 6469 2517 6470
f 6465 6469 6470
f 2516 6467 6471
f 6467 1014 6246
f 6246 2452 6471
f 6467 6246 6471
f 2452 6250 6473
f 6250 1017 6472
f 6472 2517 6473
f 6250 6472 6473
f 2516 6471 6469
f 6471 2452 6473
f 6473 2517 6469
f 6471 6473 6469
f 1051 6474 6476
f 6474 2518 6475
f 6475 2519 6476
f 6474 6475 6476
f 2518 6477 6478
f 6477 1045 6369
f 6369 2488 6478
f 6477 6369 6478
f 2488 6366 6480
f 6366 1004 6479
f 6479 2519 6480
f 6366 6479 6480
f 2518 6478 6475
f 6478 2488 6480
f 6480 2519 6475
f 6478 6480 6475
f 1051 6476 6416
f 6476 2519 6481
f 6481 2503 6416
f 6476 6481 6416
f 2519 6479 6482
f 6479 1004 6204
f 6204 2438 6482
f 6479 6204 6482
f 2438 6202 6483
f 6202 1003 6418
f 6418 2503 6483
f 6202 6418 6483
f 2519 6482 6481
f 6482 2438 6483
f 6483 2503 6481
f 6482 6483 6481
f 1062 6484 6486
f 6484 2520 6485
f 6485 2522 6486
f 6484 6485 6486
f 2520 6487 6489
f 6487 1063 6488
f 6488 2521 6489
f 6487 6488 6489
f 2521 6490 6492
f 6490 1064 6491
f 6491 2522 6492
f 6490 6491 6492
f 2520 6489 6485
f 6489 2521 6492
f 6492 2522 6485
f 6489 6492 6485
f 1062 6486 6494
f 6486 2522 6493
f 6493 2524 6494
f 6486 6493 6494
f 2522 6491 6496
f 6491 1064 6495
f 6495 2523 6496
f 6491 6495 6496
f 2523 6497 6499
f 6497 1065 6498
f 6498 2524 6499
f 6497 6498 6499
f 2522 6496 6493
f 6496 2523 6499
f 6499 2524 6493
f 6496 6499 6493
f 1066 6500 984
f 6500 2525 984
f 2525 6501 984
f 6501 1067 984
f 1066 984 983
f 1068 994 6502
f 6502 2526 1068
f 2526 6503 1068
f 6503 1066 1068
f 1068 1066 983
f 1020 993 6185
f 6185 2434 1020
f 2434 6189 1020
f 6189 996 1020
f 1020 996 1021
f 1015 6504 6506
f 6504 2527 6505
f 6505 2529 6506
f 6504 6505 6506
f 2527 6507 6509
f 6507 1069 6508
f 6508 2528 6509
f 6507 6508 6509
f 2528 6510 6512
f 6510 1070 6511
f 6511 2529 6512
f 6510 6511 6512
f 2527 6509 6505
f 6509 2528 6512
f 6512 2529 6505
f 6509 6512 6505
f 1015 6506 6514
f 6506 2529 6513
f 6513 2531 6514
f 6506 6513 6514
f 2529 6511 6516
f 6511 1070 6515
f 6515 2530 6516
f 6511 6515 6516
f 2530 6517 6519
f 6517 1071 6518
f 6518 2531 6519
f 6517 6518 6519
f 2529 6516 6513
f 6516 2530 6519
f 6519 2531 6513
f 6516 6519 6513
f 1010 1072 6520
f 1072 2532 6520
f 1072 1064 6521
f 6521 2532 1072
f 1010 6520 6523
f 6520 2532 6522
f 6522 2533 6523
f 6520 6522 6523
f 2532 6521 6524
f 6521 1064 6490
f 6490 2521 6524
f 6521 6490 6524
f 2521 6488 6526
f 6488 1063 6525
f 6525 2533 6526
f 6488 6525 6526
f 2532 6524 6522
f 6524 2521 6526
f 6526 2533 6522
f 6524 6526 6522
f 1058 1073 6527
f 6527 2534 1058
f 2534 6528 1058
f 6528 1009 1058
f 1058 1009 6529
f 6529 2535 1058
f 2535 6530 1058
f 6530 1059 1058
f 969 6233 1074
f 6233 2446 1074
f 2446 6231 1074
f 6231 1011 1074
f 969 1074 6121
f 1074 2412 6121
f 1074 970 6123
f 6123 2412 1074
f 904 1013 6531
f 1013 2536 6531
f 1013 1001 6532
f 6532 2536 1013
f 904 6531 6378
f 6531 2536 6533
f 6533 2491 6378
f 6531 6533 6378
f 2536 6532 6534
f 6532 1001 6201
f 6201 2439 6534
f 6532 6201 6534
f 2439 6205 6535
f 6205 1004 6376
f 6376 2491 6535
f 6205 6376 6535
f 2536 6534 6533
f 6534 2439 6535
f 6535 2491 6533
f 6534 6535 6533
f 1017 6249 1075
f 6249 2451 1075
f 2451 6247 1075
f 6247 1016 1075
f 1017 1075 6536
f 1075 2537 6536
f 1075 1076 6537
f 6537 2537 1075
f 1077 6538 6540
f 6538 2538 6539
f 6539 2540 6540
f 6538 6539 6540
f 2538 6541 6543
f 6541 1078 6542
f 6542 2539 6543
f 6541 6542 6543
f 2539 6544 6546
f 6544 1036 6545
f 6545 2540 6546
f 6544 6545 6546
f 2538 6543 6539
f 6543 2539 6546
f 6546 2540 6539
f 6543 6546 6539
f 1077 6540 6548
f 6540 2540 6547
f 6547 2542 6548
f 6540 6547 6548
f 2540 6545 6550
f 6545 1036 6549
f 6549 2541 6550
f 6545 6549 6550
f 2541 6551 6553
f 6551 1079 6552
f 6552 2542 6553
f 6551 6552 6553
f 2540 6550 6547
f 6550 2541 6553
f 6553 2542 6547
f 6550 6553 6547
f 1000 1056 6554
f 6554 2543 1000
f 2543 6555 1000
f 6555 1028 1000
f 1000 1028 6262
f 6262 2456 1000
f 2456 6260 1000
f 6260 1027 1000
f 1044 6361 1018
f 6361 2485 1018
f 2485 6359 1018
f 6359 1043 1018
f 1044 1018 1021
f 1080 6556 6558
f 6556 2544 6557
f 6557 2546 6558
f 6556 6557 6558
f 2544 6559 6561
f 6559 1002 6560
f 6560 2545 6561
f 6559 6560 6561
f 2545 6562 6564
f 6562 1081 6563
f 6563 2546 6564
f 6562 6563 6564
f 2544 6561 6557
f 6561 2545 6564
f 6564 2546 6557
f 6561 6564 6557
f 1080 6558 6566
f 6558 2546 6565
f 6565 2548 6566
f 6558 6565 6566
f 2546 6563 6568
f 6563 1081 6567
f 6567 2547 6568
f 6563 6567 6568
f 2547 6569 6571
f 6569 991 6570
f 6570 2548 6571
f 6569 6570 6571
f 2546 6568 6565
f 6568 2547 6571
f 6571 2548 6565
f 6568 6571 6565
f 968 6572 6574
f 6572 2549 6573
f 6573 2550 6574
f 6572 6573 6574
f 2549 6575 6576
f 6575 1059 6530
f 6530 2535 6576
f 6575 6530 6576
f 2535 6529 6578
f 6529 1009 6577
f 6577 2550 6578
f 6529 6577 6578
f 2549 6576 6573
f 6576 2535 6578
f 6578 2550 6573
f 6576 6578 6573
f 968 6574 6114
f 6574 2550 6579
f 6579 2410 6114
f 6574 6579 6114
f 2550 6577 6580
f 6577 1009 6230
f 6230 2447 6580
f 6577 6230 6580
f 2447 6234 6581
f 6234 969 6116
f 6116 2410 6581
f 6234 6116 6581
f 2550 6580 6579
f 6580 2447 6581
f 6581 2410 6579
f 6580 6581 6579
f 968 6582 6584
f 6582 2551 6583
f 6583 2553 6584
f 6582 6583 6584
f 2551 6585 6587
f 6585 1082 6586
f 6586 2552 6587
f 6585 6586 6587
f 2552 6588 6590
f 6588 1060 6589
f 6589 2553 6590
f 6588 6589 6590
f 2551 6587 6583
f 6587 2552 6590
f 6590 2553 6583
f 6587 6590 6583
f 968 6584 6572
f 6584 2553 6591
f 6591 2549 6572
f 6584 6591 6572
f 2553 6589 6592
f 6589 1060 6453
f 6453 2513 6592
f 6589 6453 6592
f 2513 6452 6593
f 6452 1059 6575
f 6575 2549 6593
f 6452 6575 6593
f 2553 6592 6591
f 6592 2513 6593
f 6593 2549 6591
f 6592 6593 6591
f 1045 6477 6595
f 6477 2518 6594
f 6594 2555 6595
f 6477 6594 6595
f 2518 6474 6597
f 6474 1051 6596
f 6596 2554 6597
f 6474 6596 6597
f 2554 6598 6600
f 6598 1083 6599
f 6599 2555 6600
f 6598 6599 6600
f 2518 6597 6594
f 6597 2554 6600
f 6600 2555 6594
f 6597 6600 6594
f 1045 6595 6602
f 6595 2555 6601
f 6601 2557 6602
f 6595 6601 6602
f 2555 6599 6604
f 6599 1083 6603
f 6603 2556 6604
f 6599 6603 6604
f 2556 6605 6607
f 6605 1084 6606
f 6606 2557 6607
f 6605 6606 6607
f 2555 6604 6601
f 6604 2556 6607
f 6607 2557 6601
f 6604 6607 6601
f 1085 6608 6610
f 6608 2558 6609
f 6609 2560 6610
f 6608 6609 6610
f 2558 6611 6613
f 6611 1086 6612
f 6612 2559 6613
f 6611 6612 6613
f 2559 6614 6616
f 6614 1079 6615
f 6615 2560 6616
f 6614 6615 6616
f 2558 6613 6609
f 6613 2559 6616
f 6616 2560 6609
f 6613 6616 6609
f 1085 6610 6618
f 6610 2560 6617
f 6617 2562 6618
f 6610 6617 6618
f 2560 6615 6620
f 6615 1079 6619
f 6619 2561 6620
f 6615 6619 6620
f 2561 6621 6623
f 6621 1087 6622
f 6622 2562 6623
f 6621 6622 6623
f 2560 6620 6617
f 6620 2561 6623
f 6623 2562 6617
f 6620 6623 6617
f 1088 6624 6626
f 6624 2563 6625
f 6625 2565 6626
f 6624 6625 6626
f 2563 6627 6629
f 6627 1089 6628
f 6628 2564 6629
f 6627 6628 6629
f 2564 6630 6632
f 6630 1085 6631
f 6631 2565 6632
f 6630 6631 6632
f 2563 6629 6625
f 6629 2564 6632
f 6632 2565 6625
f 6629 6632 6625
f 1088 6626 6634
f 6626 2565 6633
f 6633 2566 6634
f 6626 6633 6634
f 2565 6631 6635
f 6631 1085 6618
f 6618 2562 6635
f 6631 6618 6635
f 2562 6622 6637
f 6622 1087 6636
f 6636 2566 6637
f 6622 6636 6637
f 2565 6635 6633
f 6635 2562 6637
f 6637 2566 6633
f 6635 6637 6633
f 1090 6638 6640
f 6638 2567 6639
f 6639 2569 6640
f 6638 6639 6640
f 2567 6641 6643
f 6641 1091 6642
f 6642 2568 6643
f 6641 6642 6643
f 2568 6644 6646
f 6644 1060 6645
f 6645 2569 6646
f 6644 6645 6646
f 2567 6643 6639
f 6643 2568 6646
f 6646 2569 6639
f 6643 6646 6639
f 1090 6640 6648
f 6640 2569 6647
f 6647 2570 6648
f 6640 6647 6648
f 2569 6645 6649
f 6645 1060 6588
f 6588 2552 6649
f 6645 6588 6649
f 2552 6586 6651
f 6586 1082 6650
f 6650 2570 6651
f 6586 6650 6651
f 2569 6649 6647
f 6649 2552 6651
f 6651 2570 6647
f 6649 6651 6647
f 1056 6652 6554
f 6652 2571 6653
f 6653 2543 6554
f 6652 6653 6554
f 2571 6654 6655
f 6654 1057 6443
f 6443 2510 6655
f 6654 6443 6655
f 2510 6440 6656
f 6440 1028 6555
f 6555 2543 6656
f 6440 6555 6656
f 2571 6655 6653
f 6655 2510 6656
f 6656 2543 6653
f 6655 6656 6653
f 1092 6657 6659
f 6657 2572 6658
f 6658 2574 6659
f 6657 6658 6659
f 2572 6660 6662
f 6660 1093 6661
f 6661 2573 6662
f 6660 6661 6662
f 2573 6663 6665
f 6663 1035 6664
f 6664 2574 6665
f 6663 6664 6665
f 2572 6662 6658
f 6662 2573 6665
f 6665 2574 6658
f 6662 6665 6658
f 1092 6659 6667
f 6659 2574 6666
f 6666 2575 6667
f 6659 6666 6667
f 2574 6664 6668
f 6664 1035 6295
f 6295 2466 6668
f 6664 6295 6668
f 2466 6292 6670
f 6292 1034 6669
f 6669 2575 6670
f 6292 6669 6670
f 2574 6668 6666
f 6668 2466 6670
f 6670 2575 6666
f 6668 6670 6666
f 1094 1095 6671
f 1095 2576 6671
f 1095 1086 6672
f 6672 2576 1095
f 1094 6671 6674
f 6671 2576 6673
f 6673 2578 6674
f 6671 6673 6674
f 2576 6672 6676
f 6672 1086 6675
f 6675 2577 6676
f 6672 6675 6676
f 2577 6677 6679
f 6677 1053 6678
f 6678 2578 6679
f 6677 6678 6679
f 2576 6676 6673
f 6676 2577 6679
f 6679 2578 6673
f 6676 6679 6673
f 1097 1098 1096
f 1096 1098 1099
f 1100 6680 892
f 6680 2579 892
f 2579 6681 892
f 6681 1038 892
f 1100 892 6682
f 892 2580 6682
f 892 895 6683
f 6683 2580 892
f 1100 6684 6686
f 6684 2581 6685
f 6685 2582 6686
f 6684 6685 6686
f 2581 6687 6688
f 6687 1084 6605
f 6605 2556 6688
f 6687 6605 6688
f 2556 6603 6690
f 6603 1083 6689
f 6689 2582 6690
f 6603 6689 6690
f 2581 6688 6685
f 6688 2556 6690
f 6690 2582 6685
f 6688 6690 6685
f 1100 6686 6692
f 6686 2582 6691
f 6691 2584 6692
f 6686 6691 6692
f 2582 6689 6694
f 6689 1083 6693
f 6693 2583 6694
f 6689 6693 6694
f 2583 6695 6697
f 6695 1048 6696
f 6696 2584 6697
f 6695 6696 6697
f 2582 6694 6691
f 6694 2583 6697
f 6697 2584 6691
f 6694 6697 6691
f 924 1101 1102
f 924 1102 947
f 923 922 6698
f 6698 2585 923
f 2585 6699 923
f 6699 978 923
f 923 978 6157
f 6157 2423 923
f 2423 6154 923
f 6154 977 923
f 1029 6700 6702
f 6700 2586 6701
f 6701 2587 6702
f 6700 6701 6702
f 2586 6703 6704
f 6703 1047 6383
f 6383 2492 6704
f 6703 6383 6704
f 2492 6380 6706
f 6380 1046 6705
f 6705 2587 6706
f 6380 6705 6706
f 2586 6704 6701
f 6704 2492 6706
f 6706 2587 6701
f 6704 6706 6701
f 1029 6702 6272
f 6702 2587 6707
f 6707 2460 6272
f 6702 6707 6272
f 2587 6705 6709
f 6705 1046 6708
f 6708 2588 6709
f 6705 6708 6709
f 2588 6710 6711
f 6710 1008 6274
f 6274 2460 6711
f 6710 6274 6711
f 2587 6709 6707
f 6709 2588 6711
f 6711 2460 6707
f 6709 6711 6707
f 920 6712 963
f 6712 2589 963
f 2589 6713 963
f 6713 1023 963
f 920 963 917
f 1103 6714 6716
f 6714 2590 6715
f 6715 946 6716
f 6714 6715 6716
f 2590 6717 6718
f 945 946 6718
f 6717 945 6718
f 2590 6718 6715
f 6718 946 6715
f 1103 6716 6720
f 6716 946 6719
f 6719 2591 6720
f 6716 6719 6720
f 946 6722 6724
f 6722 899 6723
f 6723 2591 6724
f 6722 6723 6724
f 946 6721 6719
f 6721 946 6724
f 6724 2591 6719
f 6721 6724 6719
f 919 1089 6725
f 6725 2592 919
f 2592 6726 919
f 6726 1104 919
f 919 1104 6727
f 6727 2593 919
f 2593 6728 919
f 6728 920 919
f 1106 6729 1105
f 6729 957 1105
f 1105 957 6093
f 6093 2402 1105
f 2402 6092 1105
f 6092 931 1105
f 903 902 6730
f 6730 2594 903
f 2594 6731 903
f 6731 967 903
f 903 967 6120
f 6120 2413 903
f 2413 6124 903
f 6124 970 903
f 1107 2595 6732
f 6732 2597 1107
f 2595 6733 6735
f 6733 1108 6734
f 6734 2596 6735
f 6733 6734 6735
f 2596 6736 6738
f 6736 1109 6737
f 6737 2597 6738
f 6736 6737 6738
f 2595 6735 6732
f 6735 2596 6738
f 6738 2597 6732
f 6735 6738 6732
f 1107 2597 1110
f 2597 6737 1110
f 6737 1109 1110
f 1026 6266 6740
f 6266 2459 6739
f 6739 2598 6740
f 6266 6739 6740
f 2459 6270 6741
f 6270 973 6148
f 6148 2422 6741
f 6270 6148 6741
f 2422 6152 6743
f 6152 974 6742
f 6742 2598 6743
f 6152 6742 6743
f 2459 6741 6739
f 6741 2422 6743
f 6743 2598 6739
f 6741 6743 6739
f 1026 6740 6745
f 6740 2598 6744
f 6744 2599 6745
f 6740 6744 6745
f 2598 6742 6746
f 6742 974 6358
f 6358 2486 6746
f 6742 6358 6746
f 2486 6362 6748
f 6362 1044 6747
f 6747 2599 6748
f 6362 6747 6748
f 2598 6746 6744
f 6746 2486 6748
f 6748 2599 6744
f 6746 6748 6744
f 1061 1060 6644
f 6644 2568 1061
f 2568 6642 1061
f 6642 1091 1061
f 1111 1112 6749
f 6749 2600 1111
f 2600 6750 1111
f 6750 979 1111
f 1111 979 6751
f 6751 2601 1111
f 2601 6752 1111
f 6752 1090 1111
f 992 6174 6754
f 6174 2429 6753
f 6753 2602 6754
f 6174 6753 6754
f 2429 6173 6755
f 6173 991 6569
f 6569 2547 6755
f 6173 6569 6755
f 2547 6567 6757
f 6567 1081 6756
f 6756 2602 6757
f 6567 6756 6757
f 2429 6755 6753
f 6755 2547 6757
f 6757 2602 6753
f 6755 6757 6753
f 992 6754 6759
f 6754 2602 6758
f 6758 2604 6759
f 6754 6758 6759
f 2602 6756 6761
f 6756 1081 6760
f 6760 2603 6761
f 6756 6760 6761
f 2603 6762 6764
f 6762 1113 6763
f 6763 2604 6764
f 6762 6763 6764
f 2602 6761 6758
f 6761 2603 6764
f 6764 2604 6758
f 6761 6764 6758
f 1008 6710 6766
f 6710 2588 6765
f 6765 2606 6766
f 6710 6765 6766
f 2588 6708 6768
f 6708 1046 6767
f 6767 2605 6768
f 6708 6767 6768
f 2605 6769 6771
f 6769 1083 6770
f 6770 2606 6771
f 6769 6770 6771
f 2588 6768 6765
f 6768 2605 6771
f 6771 2606 6765
f 6768 6771 6765
f 1008 6766 6412
f 6766 2606 6772
f 6772 2502 6412
f 6766 6772 6412
f 2606 6770 6773
f 6770 1083 6598
f 6598 2554 6773
f 6770 6598 6773
f 2554 6596 6774
f 6596 1051 6415
f 6415 2502 6774
f 6596 6415 6774
f 2606 6773 6772
f 6773 2554 6774
f 6774 2502 6772
f 6773 6774 6772
f 1114 6775 6777
f 6775 2607 6776
f 6776 2608 6777
f 6775 6776 6777
f 2607 6778 6779
f 6778 1017 6536
f 6536 2537 6779
f 6778 6536 6779
f 2537 6537 6781
f 6537 1076 6780
f 6780 2608 6781
f 6537 6780 6781
f 2607 6779 6776
f 6779 2537 6781
f 6781 2608 6776
f 6779 6781 6776
f 1115 6782 6784
f 6782 2609 6783
f 6783 2610 6784
f 6782 6783 6784
f 2609 6785 6786
f 6785 1071 6517
f 6517 2530 6786
f 6785 6517 6786
f 2530 6515 6788
f 6515 1070 6787
f 6787 2610 6788
f 6515 6787 6788
f 2609 6786 6783
f 6786 2530 6788
f 6788 2610 6783
f 6786 6788 6783
f 1115 6784 6790
f 6784 2610 6789
f 6789 2612 6790
f 6784 6789 6790
f 2610 6787 6792
f 6787 1070 6791
f 6791 2611 6792
f 6787 6791 6792
f 2611 6793 6795
f 6793 1116 6794
f 6794 2612 6795
f 6793 6794 6795
f 2610 6792 6789
f 6792 2611 6795
f 6795 2612 6789
f 6792 6795 6789
f 1031 6796 6798
f 6796 2613 6797
f 6797 2615 6798
f 6796 6797 6798
f 2613 6799 6801
f 6799 1117 6800
f 6800 2614 6801
f 6799 6800 6801
f 2614 6802 6804
f 6802 1050 6803
f 6803 2615 6804
f 6802 6803 6804
f 2613 6801 6797
f 6801 2614 6804
f 6804 2615 6797
f 6801 6804 6797
f 1031 6798 6280
f 6798 2615 6805
f 6805 2462 6280
f 6798 6805 6280
f 2615 6803 6806
f 6803 1050 6409
f 6409 2500 6806
f 6803 6409 6806
f 2500 6407 6807
f 6407 1032 6282
f 6282 2462 6807
f 6407 6282 6807
f 2615 6806 6805
f 6806 2500 6807
f 6807 2462 6805
f 6806 6807 6805
f 967 6808 6810
f 6808 2616 6809
f 6809 2618 6810
f 6808 6809 6810
f 2616 6811 6813
f 6811 1118 6812
f 6812 2617 6813
f 6811 6812 6813
f 2617 6814 6816
f 6814 1082 6815
f 6815 2618 6816
f 6814 6815 6816
f 2616 6813 6809
f 6813 2617 6816
f 6816 2618 6809
f 6813 6816 6809
f 967 6810 6110
f 6810 2618 6817
f 6817 2409 6110
f 6810 6817 6110
f 2618 6815 6818
f 6815 1082 6585
f 6585 2551 6818
f 6815 6585 6818
f 2551 6582 6819
f 6582 968 6113
f 6113 2409 6819
f 6582 6113 6819
f 2618 6818 6817
f 6818 2551 6819
f 6819 2409 6817
f 6818 6819 6817
f 1033 6470 6821
f 6470 2517 6820
f 6820 2619 6821
f 6470 6820 6821
f 2517 6472 6822
f 6472 1017 6778
f 6778 2607 6822
f 6472 6778 6822
f 2607 6775 6824
f 6775 1114 6823
f 6823 2619 6824
f 6775 6823 6824
f 2517 6822 6820
f 6822 2607 6824
f 6824 2619 6820
f 6822 6824 6820
f 1033 6821 6336
f 6821 2619 6825
f 6825 2478 6336
f 6821 6825 6336
f 2619 6823 6827
f 6823 1114 6826
f 6826 2620 6827
f 6823 6826 6827
f 2620 6828 6829
f 6828 1040 6338
f 6338 2478 6829
f 6828 6338 6829
f 2619 6827 6825
f 6827 2620 6829
f 6829 2478 6825
f 6827 6829 6825
f 1048 6695 6394
f 6695 2583 6830
f 6830 2496 6394
f 6695 6830 6394
f 2583 6693 6831
f 6693 1083 6769
f 6769 2605 6831
f 6693 6769 6831
f 2605 6767 6832
f 6767 1046 6390
f 6390 2496 6832
f 6767 6390 6832
f 2583 6831 6830
f 6831 2605 6832
f 6832 2496 6830
f 6831 6832 6830
f 1043 6354 6834
f 6354 2483 6833
f 6833 2622 6834
f 6354 6833 6834
f 2483 6352 6836
f 6352 1042 6835
f 6835 2621 6836
f 6352 6835 6836
f 2621 6837 6839
f 6837 1041 6838
f 6838 2622 6839
f 6837 6838 6839
f 2483 6836 6833
f 6836 2621 6839
f 6839 2622 6833
f 6836 6839 6833
f 1043 6834 6841
f 6834 2622 6840
f 6840 2623 6841
f 6834 6840 6841
f 2622 6838 6842
f 6838 1041 6345
f 6345 2480 6842
f 6838 6345 6842
f 2480 6343 6844
f 6343 1040 6843
f 6843 2623 6844
f 6343 6843 6844
f 2622 6842 6840
f 6842 2480 6844
f 6844 2623 6840
f 6842 6844 6840
f 901 6316 6846
f 6316 2473 6845
f 6845 2624 6846
f 6316 6845 6846
f 2473 6318 6847
f 6318 905 6372
f 6372 2489 6847
f 6318 6372 6847
f 2489 6370 6849
f 6370 1045 6848
f 6848 2624 6849
f 6370 6848 6849
f 2473 6847 6845
f 6847 2489 6849
f 6849 2624 6845
f 6847 6849 6845
f 901 6846 6851
f 6846 2624 6850
f 6850 2625 6851
f 6846 6850 6851
f 2624 6848 6852
f 6848 1045 6602
f 6602 2557 6852
f 6848 6602 6852
f 2557 6606 6854
f 6606 1084 6853
f 6853 2625 6854
f 6606 6853 6854
f 2624 6852 6850
f 6852 2557 6854
f 6854 2625 6850
f 6852 6854 6850
f 1084 6687 6856
f 6687 2581 6855
f 6855 2626 6856
f 6687 6855 6856
f 2581 6684 6857
f 6684 1100 6682
f 6682 2580 6857
f 6684 6682 6857
f 2580 6683 6859
f 6683 895 6858
f 6858 2626 6859
f 6683 6858 6859
f 2581 6857 6855
f 6857 2580 6859
f 6859 2626 6855
f 6857 6859 6855
f 1084 6856 6853
f 6856 2626 6860
f 6860 2625 6853
f 6856 6860 6853
f 2626 6858 6861
f 6858 895 6068
f 6068 2388 6861
f 6858 6068 6861
f 2388 6067 6862
f 6067 901 6851
f 6851 2625 6862
f 6067 6851 6862
f 2626 6861 6860
f 6861 2388 6862
f 6862 2625 6860
f 6861 6862 6860
f 1118 1111 6863
f 1111 2627 6863
f 1111 1090 6864
f 6864 2627 1111
f 1118 6863 6812
f 6863 2627 6865
f 6865 2617 6812
f 6863 6865 6812
f 2627 6864 6866
f 6864 1090 6648
f 6648 2570 6866
f 6864 6648 6866
f 2570 6650 6867
f 6650 1082 6814
f 6814 2617 6867
f 6650 6814 6867
f 2627 6866 6865
f 6866 2570 6867
f 6867 2617 6865
f 6866 6867 6865
f 1018 1043 6841
f 6841 2623 1018
f 2623 6843 1018
f 6843 1040 1018
f 1018 1040 6828
f 6828 2620 1018
f 2620 6826 1018
f 6826 1114 1018
f 1018 1114 6777
f 6777 2608 1018
f 2608 6780 1018
f 6780 1076 1018
f 1117 6799 6869
f 6799 2613 6868
f 6868 2628 6869
f 6799 6868 6869
f 2613 6796 6870
f 6796 1031 6429
f 6429 2506 6870
f 6796 6429 6870
f 2506 6426 6872
f 6426 1052 6871
f 6871 2628 6872
f 6426 6871 6872
f 2613 6870 6868
f 6870 2506 6872
f 6872 2628 6868
f 6870 6872 6868
f 1041 6873 6875
f 6873 2629 6874
f 6874 2630 6875
f 6873 6874 6875
f 2629 6876 6877
f 6876 1094 6674
f 6674 2578 6877
f 6876 6674 6877
f 2578 6678 6879
f 6678 1053 6878
f 6878 2630 6879
f 6678 6878 6879
f 2629 6877 6874
f 6877 2578 6879
f 6879 2630 6874
f 6877 6879 6874
f 1041 6875 6346
f 6875 2630 6880
f 6880 2481 6346
f 6875 6880 6346
f 2630 6878 6881
f 6878 1053 6437
f 6437 2508 6881
f 6878 6437 6881
f 2508 6435 6882
f 6435 1030 6342
f 6342 2481 6882
f 6435 6342 6882
f 2630 6881 6880
f 6881 2508 6882
f 6882 2481 6880
f 6881 6882 6880
f 1044 1021 6883
f 1021 2631 6883
f 1021 996 6884
f 6884 2631 1021
f 1044 6883 6747
f 6883 2631 6885
f 6885 2599 6747
f 6883 6885 6747
f 2631 6884 6886
f 6884 996 6458
f 6458 2514 6886
f 6884 6458 6886
f 2514 6456 6887
f 6456 1026 6745
f 6745 2599 6887
f 6456 6745 6887
f 2631 6886 6885
f 6886 2514 6887
f 6887 2599 6885
f 6886 6887 6885
f 1042 6888 6890
f 6888 1119 6889
f 6889 2632 6890
f 6888 6889 6890
f 1119 1094 6892
f 6892 2632 6893
f 1119 6892 6893
f 1119 6891 6889
f 6891 1119 6893
f 6893 2632 6889
f 6891 6893 6889
f 1042 6890 6835
f 6890 2632 6894
f 6894 2621 6835
f 6890 6894 6835
f 2632 6892 6895
f 6892 1094 6876
f 6876 2629 6895
f 6892 6876 6895
f 2629 6873 6896
f 6873 1041 6837
f 6837 2621 6896
f 6873 6837 6896
f 2632 6895 6894
f 6895 2629 6896
f 6896 2621 6894
f 6895 6896 6894
f 1120 6897 6899
f 6897 2633 6898
f 6898 2635 6899
f 6897 6898 6899
f 2633 6900 6902
f 6900 1121 6901
f 6901 2634 6902
f 6900 6901 6902
f 2634 6903 6905
f 6903 1122 6904
f 6904 2635 6905
f 6903 6904 6905
f 2633 6902 6898
f 6902 2634 6905
f 6905 2635 6898
f 6902 6905 6898
f 936 6906 1124
f 6906 2636 1124
f 2636 6907 1124
f 6907 1123 1124
f 936 1124 1125
f 940 1126 1127
f 940 1127 937
f 987 986 6908
f 6908 2637 987
f 2637 6909 987
f 6909 1128 987
f 898 6055 6911
f 6055 2383 6910
f 6910 2639 6911
f 6055 6910 6911
f 2383 6053 6913
f 6053 897 6912
f 6912 2638 6913
f 6053 6912 6913
f 2638 6914 6916
f 6914 1129 6915
f 6915 2639 6916
f 6914 6915 6916
f 2383 6913 6910
f 6913 2638 6916
f 6916 2639 6910
f 6913 6916 6910
f 898 6911 1130
f 6911 2639 1130
f 2639 6915 1130
f 6915 1129 1130
f 935 6088 6918
f 6088 2398 6917
f 6917 2641 6918
f 6088 6917 6918
f 2398 6087 6920
f 6087 934 6919
f 6919 2640 6920
f 6087 6919 6920
f 2640 1131 6922
f 6921 2641 6922
f 1131 6921 6922
f 2398 6920 6917
f 6920 2640 6922
f 6922 2641 6917
f 6920 6922 6917
f 935 6918 6923
f 6918 2641 2642
f 2642 2643 6923
f 6918 2642 6923
f 2641 6921 2642
f 6921 1131 2642
f 2642 1132 6924
f 6924 2643 2642
f 961 6100 1055
f 6100 2404 1055
f 2404 6098 1055
f 6098 960 1055
f 961 1055 1133
f 1134 1106 953
f 953 1106 1105
f 893 1112 894
f 894 1112 1111
f 900 894 1111
f 900 1111 6925
f 1111 2644 6925
f 1111 1118 6926
f 6926 2644 1111
f 1135 1136 1125
f 1135 1125 1137
f 999 918 1054
f 1054 1000 999
f 1119 938 1095
f 1095 1094 1119
f 902 6312 6928
f 6312 2471 6927
f 6927 2645 6928
f 6312 6927 6928
f 2471 6310 6929
f 6310 900 6925
f 6925 2644 6929
f 6310 6925 6929
f 2644 6926 6931
f 6926 1118 6930
f 6930 2645 6931
f 6926 6930 6931
f 2471 6929 6927
f 6929 2644 6931
f 6931 2645 6927
f 6929 6931 6927
f 902 6928 6730
f 6928 2645 6932
f 6932 2594 6730
f 6928 6932 6730
f 2645 6930 6933
f 6930 1118 6811
f 6811 2616 6933
f 6930 6811 6933
f 2616 6808 6934
f 6808 967 6731
f 6731 2594 6934
f 6808 6731 6934
f 2645 6933 6932
f 6933 2616 6934
f 6934 2594 6932
f 6933 6934 6932
f 1097 1138 937
f 937 1138 6935
f 6935 2646 937
f 2646 6936 937
f 6936 1139 937
f 1140 1134 953
f 1140 953 956
f 1119 6888 6937
f 6888 1042 6351
f 6351 2482 6937
f 6888 6351 6937
f 2482 6348 1119
f 6348 974 6938
f 6348 6938 1119
f 6937 2482 1119
f 1119 6938 6939
f 6938 974 6151
f 6151 2421 6939
f 6938 6151 6939
f 2421 6149 6941
f 6149 972 6940
f 6940 1119 6941
f 6149 6940 6941
f 6939 2421 6941
f 6939 6941 1119
f 981 1116 982
f 982 1116 6793
f 6793 2611 982
f 2611 6791 982
f 6791 1070 982
f 989 1065 990
f 990 1065 6497
f 6497 2523 2647
f 990 6497 2647
f 2523 6495 2647
f 6495 1064 2647
f 998 1049 999
f 999 1049 6406
f 6406 2501 999
f 2501 6410 999
f 6410 1050 999
f 1007 1006 6942
f 1073 1007 6943
f 1006 1073 6943
f 6943 1007 6942
f 1006 6943 6942
f 1007 1073 1058
f 989 1012 1074
f 1074 1065 989
f 1019 1075 981
f 1075 1116 981
f 1141 1080 6566
f 6566 2548 1141
f 2548 6570 6944
f 6570 991 1141
f 6570 1141 6944
f 1141 2548 6944
f 1141 991 6172
f 6172 990 1141
f 1141 990 1072
f 1072 990 2647
f 2647 1064 1072
f 1142 1068 983
f 1142 983 2648
f 983 982 2648
f 1069 2649 982
f 2649 1142 2648
f 2648 982 2649
f 1069 982 6508
f 982 2528 6508
f 982 1070 6510
f 6510 2528 982
f 923 1143 1101
f 1101 924 923
f 1144 1145 6945
f 6945 1133 1144
f 6945 1145 6946
f 6946 2650 1133
f 6945 6946 1133
f 2650 6947 1133
f 6947 961 1133
f 940 962 6948
f 6948 2651 940
f 2651 6949 940
f 6949 1146 940
f 940 1146 1126
f 977 6950 1143
f 6950 2652 1143
f 2652 6951 1143
f 6951 1147 1143
f 977 1143 923
f 1148 1149 949
f 1148 949 952
f 2642 1131 2653
f 2642 2653 1132
f 2653 942 1132
f 1132 942 941
f 958 1148 952
f 952 932 958
f 1102 964 947
f 947 964 963
f 6952 2654 1150
f 1151 6952 1150
f 2654 6953 1150
f 6953 1152 1150
f 1150 1152 6954
f 6954 2655 1150
f 2655 6955 1150
f 6955 980 1150
f 933 936 1136
f 1136 936 1125
f 1153 1154 1144
f 1144 1133 1153
f 1099 1151 1096
f 1151 1150 1096
f 1152 6956 6958
f 6956 2656 6957
f 6957 2657 6958
f 6956 6957 6958
f 2656 6959 6960
f 6959 1147 6951
f 6951 2652 6960
f 6959 6951 6960
f 2652 6950 6962
f 6950 977 6961
f 6961 2657 6962
f 6950 6961 6962
f 2656 6960 6957
f 6960 2652 6962
f 6962 2657 6957
f 6960 6962 6957
f 1152 6958 6954
f 6958 2657 6963
f 6963 2655 6954
f 6958 6963 6954
f 2657 6961 6964
f 6961 977 6164
f 6164 2427 6964
f 6961 6164 6964
f 2427 6168 6965
f 6168 980 6955
f 6955 2655 6965
f 6168 6955 6965
f 2657 6964 6963
f 6964 2427 6965
f 6965 2655 6963
f 6964 6965 6963
f 1127 1098 937
f 1098 1097 937
f 893 892 1155
f 893 1155 1096
f 919 918 999
f 999 1050 919
f 922 921 1058
f 1058 1061 922
f 939 938 1119
f 939 1119 6136
f 1119 2417 6136
f 1119 6940 2417
f 6940 972 2417
f 921 948 1007
f 1007 1058 921
f 960 6097 6967
f 6097 2403 6966
f 6966 2658 6967
f 6097 6966 6967
f 2403 6094 6968
f 6094 959 6129
f 6129 2414 6968
f 6094 6129 6968
f 2414 6126 6970
f 6126 971 6969
f 6969 2658 6970
f 6126 6969 6970
f 2403 6968 6966
f 6968 2414 6970
f 6970 2658 6966
f 6968 6970 6966
f 960 6967 6972
f 6967 2658 6971
f 6971 2659 6972
f 6967 6971 6972
f 2658 6969 6973
f 6969 971 6446
f 6446 2511 6973
f 6969 6446 6973
f 2511 6444 6975
f 6444 1057 6974
f 6974 2659 6975
f 6444 6974 6975
f 2658 6973 6971
f 6973 2511 6975
f 6975 2659 6971
f 6973 6975 6971
f 939 6132 6977
f 6132 2415 6976
f 6976 2660 6977
f 6132 6976 6977
f 2415 6130 6978
f 6130 959 6104
f 6104 2407 6978
f 6130 6104 6978
f 2407 6108 6980
f 6108 962 6979
f 6979 2660 6980
f 6108 6979 6980
f 2415 6978 6976
f 6978 2407 6980
f 6980 2660 6976
f 6978 6980 6976
f 939 6977 940
f 6977 2660 940
f 2660 6979 940
f 6979 962 940
f 979 6160 6982
f 6160 2424 6981
f 6981 2662 6982
f 6160 6981 6982
f 2424 6158 6984
f 6158 978 6983
f 6983 2661 6984
f 6158 6983 6984
f 2661 6985 6987
f 6985 1091 6986
f 6986 2662 6987
f 6985 6986 6987
f 2424 6984 6981
f 6984 2661 6987
f 6987 2662 6981
f 6984 6987 6981
f 979 6982 6751
f 6982 2662 6988
f 6988 2601 6751
f 6982 6988 6751
f 2662 6986 6989
f 6986 1091 6641
f 6641 2567 6989
f 6986 6641 6989
f 2567 6638 6990
f 6638 1090 6752
f 6752 2601 6990
f 6638 6752 6990
f 2662 6989 6988
f 6989 2567 6990
f 6990 2601 6988
f 6989 6990 6988
f 1029 948 947
f 1029 947 1022
f 1039 6326 6992
f 6326 2475 6991
f 6991 2663 6992
f 6326 6991 6992
f 2475 6324 6993
f 6324 1038 6681
f 6681 2579 6993
f 6324 6681 6993
f 2579 6680 6995
f 6680 1100 6994
f 6994 2663 6995
f 6680 6994 6995
f 2475 6993 6991
f 6993 2579 6995
f 6995 2663 6991
f 6993 6995 6991
f 1039 6992 6391
f 6992 2663 6996
f 6996 2495 6391
f 6992 6996 6391
f 2663 6994 6997
f 6994 1100 6692
f 6692 2584 6997
f 6994 6692 6997
f 2584 6696 6998
f 6696 1048 6393
f 6393 2495 6998
f 6696 6393 6998
f 2663 6997 6996
f 6997 2584 6998
f 6998 2495 6996
f 6997 6998 6996
f 1039 6386 7000
f 6386 2493 6999
f 6999 2665 7000
f 6386 6999 7000
f 2493 6384 7002
f 6384 1047 7001
f 7001 2664 7002
f 6384 7001 7002
f 2664 7003 7005
f 7003 1092 7004
f 7004 2665 7005
f 7003 7004 7005
f 2493 7002 6999
f 7002 2664 7005
f 7005 2665 6999
f 7002 7005 6999
f 1039 7000 6330
f 7000 2665 7006
f 7006 2477 6330
f 7000 7006 6330
f 2665 7004 7007
f 7004 1092 6667
f 6667 2575 7007
f 7004 6667 7007
f 2575 6669 7008
f 6669 1034 6332
f 6332 2477 7008
f 6669 6332 7008
f 2665 7007 7006
f 7007 2575 7008
f 7008 2477 7006
f 7007 7008 7006
f 1055 1054 1153
f 1055 1153 1133
f 1086 6611 7010
f 6611 2558 7009
f 7009 2667 7010
f 6611 7009 7010
f 2558 6608 7012
f 6608 1085 7011
f 7011 2666 7012
f 6608 7011 7012
f 2666 7013 7015
f 7013 1052 7014
f 7014 2667 7015
f 7013 7014 7015
f 2558 7012 7009
f 7012 2666 7015
f 7015 2667 7009
f 7012 7015 7009
f 1086 7010 6675
f 7010 2667 7016
f 7016 2577 6675
f 7010 7016 6675
f 2667 7014 7017
f 7014 1052 6434
f 6434 2509 7017
f 7014 6434 7017
f 2509 6438 7018
f 6438 1053 6677
f 6677 2577 7018
f 6438 6677 7018
f 2667 7017 7016
f 7017 2509 7018
f 7018 2577 7016
f 7017 7018 7016
f 1085 6630 7020
f 6630 2564 7019
f 7019 2669 7020
f 6630 7019 7020
f 2564 6628 7022
f 6628 1089 7021
f 7021 2668 7022
f 6628 7021 7022
f 2668 7023 7025
f 7023 1117 7024
f 7024 2669 7025
f 7023 7024 7025
f 2564 7022 7019
f 7022 2668 7025
f 7025 2669 7019
f 7022 7025 7019
f 1085 7020 7011
f 7020 2669 7026
f 7026 2666 7011
f 7020 7026 7011
f 2669 7024 7027
f 7024 1117 6869
f 6869 2628 7027
f 7024 6869 7027
f 2628 6871 7028
f 6871 1052 7013
f 7013 2666 7028
f 6871 7013 7028
f 2669 7027 7026
f 7027 2628 7028
f 7028 2666 7026
f 7027 7028 7026
f 1086 7029 6612
f 7029 2670 7030
f 7030 2559 6612
f 7029 7030 6612
f 2670 7031 7032
f 7031 1077 6548
f 6548 2542 7032
f 7031 6548 7032
f 2542 6552 7033
f 6552 1079 6614
f 6614 2559 7033
f 6552 6614 7033
f 2670 7032 7030
f 7032 2542 7033
f 7033 2559 7030
f 7032 7033 7030
f 892 1156 1155
f 978 6699 1061
f 6699 2585 1061
f 2585 6698 1061
f 6698 922 1061
f 978 1061 6983
f 1061 2661 6983
f 1061 1091 6985
f 6985 2661 1061
f 1047 6703 1022
f 6703 2586 1022
f 2586 6700 1022
f 6700 1029 1022
f 1047 1022 7034
f 1022 2671 7034
f 1022 1025 7035
f 7035 2671 1022
f 1089 919 7036
f 919 2672 7036
f 919 1050 7037
f 7037 2672 919
f 1089 7036 7021
f 7036 2672 7038
f 7038 2668 7021
f 7036 7038 7021
f 2672 7037 7039
f 7037 1050 6802
f 6802 2614 7039
f 7037 6802 7039
f 2614 6800 7040
f 6800 1117 7023
f 7023 2668 7040
f 6800 7023 7040
f 2672 7039 7038
f 7039 2614 7040
f 7040 2668 7038
f 7039 7040 7038
f 979 6750 1150
f 6750 2600 1150
f 2600 6749 1150
f 6749 1112 1150
f 979 1150 6165
f 1150 2426 6165
f 1150 980 6167
f 6167 2426 1150
f 1055 960 6972
f 6972 2659 1055
f 2659 6974 1055
f 6974 1057 1055
f 1055 1057 6654
f 6654 2571 1055
f 2571 6652 1055
f 6652 1056 1055
f 1112 893 1096
f 1112 1096 1150
f 918 917 1054
f 917 1153 1054
f 1095 938 937
f 937 1139 1095
f 1092 7003 7042
f 7003 2664 7041
f 7041 2673 7042
f 7003 7041 7042
f 2664 7001 7043
f 7001 1047 7034
f 7034 2671 7043
f 7001 7034 7043
f 2671 7035 7045
f 7035 1025 7044
f 7044 2673 7045
f 7035 7044 7045
f 2664 7043 7041
f 7043 2671 7045
f 7045 2673 7041
f 7043 7045 7041
f 1088 7046 7048
f 7046 2674 7047
f 7047 2676 7048
f 7046 7047 7048
f 2674 7049 7051
f 7049 1093 7050
f 7050 2675 7051
f 7049 7050 7051
f 2675 7052 7054
f 7052 1024 7053
f 7053 2676 7054
f 7052 7053 7054
f 2674 7051 7047
f 7051 2675 7054
f 7054 2676 7047
f 7051 7054 7047
f 1088 7048 7056
f 7048 2676 7055
f 7055 2678 7056
f 7048 7055 7056
f 2676 7053 7058
f 7053 1024 7057
f 7057 2677 7058
f 7053 7057 7058
f 2677 7059 7061
f 7059 1104 7060
f 7060 2678 7061
f 7059 7060 7061
f 2676 7058 7055
f 7058 2677 7061
f 7061 2678 7055
f 7058 7061 7055
f 1089 6627 6725
f 6627 2563 7062
f 7062 2592 6725
f 6627 7062 6725
f 2563 6624 7063
f 6624 1088 7056
f 7056 2678 7063
f 6624 7056 7063
f 2678 7060 7064
f 7060 1104 6726
f 6726 2592 7064
f 7060 6726 7064
f 2563 7063 7062
f 7063 2678 7064
f 7064 2592 7062
f 7063 7064 7062
f 1157 7065 7067
f 7065 2679 7066
f 7066 2680 7067
f 7065 7066 7067
f 2679 7068 7069
f 7068 1038 6323
f 6323 2474 7069
f 7068 6323 7069
f 2474 6320 7071
f 6320 1037 7070
f 7070 2680 7071
f 6320 7070 7071
f 2679 7069 7066
f 7069 2474 7071
f 7071 2680 7066
f 7069 7071 7066
f 1156 7072 7074
f 7072 2681 7073
f 7073 2683 7074
f 7072 7073 7074
f 2681 7075 7077
f 7075 1158 7076
f 7076 2682 7077
f 7075 7076 7077
f 2682 7078 7080
f 7078 1138 7079
f 7079 2683 7080
f 7078 7079 7080
f 2681 7077 7073
f 7077 2682 7080
f 7080 2683 7073
f 7077 7080 7073
f 1156 7074 1155
f 7074 2683 1155
f 2683 7079 1155
f 7079 1138 1155
f 1159 1095 7081
f 1095 2684 7081
f 1095 1139 7082
f 7082 2684 1095
f 1077 7031 1095
f 7031 2670 1095
f 2670 7029 1095
f 7029 1086 1095
f 1077 1095 7083
f 1095 2685 7083
f 1095 1159 7084
f 7084 2685 1095
f 1157 7085 7087
f 7085 2686 7086
f 7086 2688 7087
f 7085 7086 7087
f 2686 7088 7090
f 7088 1078 7089
f 7089 2687 7090
f 7088 7089 7090
f 2687 7091 7093
f 7091 1158 7092
f 7092 2688 7093
f 7091 7092 7093
f 2686 7090 7086
f 7090 2687 7093
f 7093 2688 7086
f 7090 7093 7086
f 1157 7087 7095
f 7087 2688 7094
f 7094 2689 7095
f 7087 7094 7095
f 2688 7092 7096
f 7092 1158 7075
f 7075 2681 7096
f 7092 7075 7096
f 2681 7072 7098
f 7072 1156 7097
f 7097 2689 7098
f 7072 7097 7098
f 2688 7096 7094
f 7096 2681 7098
f 7098 2689 7094
f 7096 7098 7094
f 1038 7068 7100
f 7068 2679 7099
f 7099 2690 7100
f 7068 7099 7100
f 2679 7065 7101
f 7065 1157 7095
f 7095 2689 7101
f 7065 7095 7101
f 2689 7097 7103
f 7097 1156 7102
f 7102 2690 7103
f 7097 7102 7103
f 2679 7101 7099
f 7101 2689 7103
f 7103 2690 7099
f 7101 7103 7099
f 1038 7100 892
f 7100 2690 892
f 2690 7102 892
f 7102 1156 892
f 1160 1161 1124
f 1160 1124 7104
f 1124 2691 7104
f 1124 1123 7105
f 7105 2691 1124
f 1128 7106 7108
f 7106 2692 7107
f 7107 2693 7108
f 7106 7107 7108
f 2692 7109 7110
f 7109 1103 6720
f 6720 2591 7110
f 7109 6720 7110
f 2591 6723 7112
f 6723 899 7111
f 7111 2693 7112
f 6723 7111 7112
f 2692 7110 7107
f 7110 2591 7112
f 7112 2693 7107
f 7110 7112 7107
f 1128 7108 7114
f 7108 2693 7113
f 7113 2694 7114
f 7108 7113 7114
f 2693 7111 7115
f 7111 899 6062
f 6062 2385 7115
f 7111 6062 7115
f 2385 6060 7117
f 6060 898 7116
f 7116 2694 7117
f 6060 7116 7117
f 2693 7115 7113
f 7115 2385 7117
f 7117 2694 7113
f 7115 7117 7113
f 1162 1163 929
f 1162 929 951
f 1153 917 965
f 965 1154 1153
f 1024 6253 7119
f 6253 2453 7118
f 7118 2695 7119
f 6253 7118 7119
f 2453 6252 7120
f 6252 1023 6713
f 6713 2589 7120
f 6252 6713 7120
f 2589 6712 7122
f 6712 920 7121
f 7121 2695 7122
f 6712 7121 7122
f 2453 7120 7118
f 7120 2589 7122
f 7122 2695 7118
f 7120 7122 7118
f 1024 7119 7057
f 7119 2695 7123
f 7123 2677 7057
f 7119 7123 7057
f 2695 7121 7124
f 7121 920 6728
f 6728 2593 7124
f 7121 6728 7124
f 2593 6727 7125
f 6727 1104 7059
f 7059 2677 7125
f 6727 7059 7125
f 2695 7124 7123
f 7124 2593 7125
f 7125 2677 7123
f 7124 7125 7123
f 1036 6298 7127
f 6298 2467 7126
f 7126 2697 7127
f 6298 7126 7127
f 2467 6296 7129
f 6296 1035 7128
f 7128 2696 7129
f 6296 7128 7129
f 2696 7130 7132
f 7130 1087 7131
f 7131 2697 7132
f 7130 7131 7132
f 2467 7129 7126
f 7129 2696 7132
f 7132 2697 7126
f 7129 7132 7126
f 1036 7127 6549
f 7127 2697 7133
f 7133 2541 6549
f 7127 7133 6549
f 2697 7131 7134
f 7131 1087 6621
f 6621 2561 7134
f 7131 6621 7134
f 2561 6619 7135
f 6619 1079 6551
f 6551 2541 7135
f 6619 6551 7135
f 2697 7134 7133
f 7134 2561 7135
f 7135 2541 7133
f 7134 7135 7133
f 1036 6544 7137
f 6544 2539 7136
f 7136 2698 7137
f 6544 7136 7137
f 2539 6542 7138
f 6542 1078 7088
f 7088 2686 7138
f 6542 7088 7138
f 2686 7085 7140
f 7085 1157 7139
f 7139 2698 7140
f 7085 7139 7140
f 2539 7138 7136
f 7138 2686 7140
f 7140 2698 7136
f 7138 7140 7136
f 1036 7137 6303
f 7137 2698 7141
f 7141 2469 6303
f 7137 7141 6303
f 2698 7139 7142
f 7139 1157 7067
f 7067 2680 7142
f 7139 7067 7142
f 2680 7070 7143
f 7070 1037 6305
f 6305 2469 7143
f 7070 6305 7143
f 2698 7142 7141
f 7142 2680 7143
f 7143 2469 7141
f 7142 7143 7141
f 1035 6663 7145
f 6663 2573 7144
f 7144 2699 7145
f 6663 7144 7145
f 2573 6661 7146
f 6661 1093 7049
f 7049 2674 7146
f 6661 7049 7146
f 2674 7046 7148
f 7046 1088 7147
f 7147 2699 7148
f 7046 7147 7148
f 2573 7146 7144
f 7146 2674 7148
f 7148 2699 7144
f 7146 7148 7144
f 1035 7145 7128
f 7145 2699 7149
f 7149 2696 7128
f 7145 7149 7128
f 2699 7147 7150
f 7147 1088 6634
f 6634 2566 7150
f 7147 6634 7150
f 2566 6636 7151
f 6636 1087 7130
f 7130 2696 7151
f 6636 7130 7151
f 2699 7150 7149
f 7150 2566 7151
f 7151 2696 7149
f 7150 7151 7149
f 963 1023 1022
f 1022 947 963
f 961 6947 7153
f 6947 2650 7152
f 7152 2701 7153
f 6947 7152 7153
f 2650 6946 7155
f 6946 1145 7154
f 7154 2700 7155
f 6946 7154 7155
f 2700 7156 7158
f 7156 1146 7157
f 7157 2701 7158
f 7156 7157 7158
f 2650 7155 7152
f 7155 2700 7158
f 7158 2701 7152
f 7155 7158 7152
f 961 7153 6105
f 7153 2701 7159
f 7159 2406 6105
f 7153 7159 6105
f 2701 7157 7160
f 7157 1146 6949
f 6949 2651 7160
f 7157 6949 7160
f 2651 6948 7161
f 6948 962 6107
f 6107 2406 7161
f 6948 6107 7161
f 2701 7160 7159
f 7160 2651 7161
f 7161 2406 7159
f 7160 7161 7159
f 1138 1097 1096
f 1138 1096 1155
f 1164 1165 1166
f 1164 1166 1167
f 1165 1169 1168
f 1169 1170 1168
f 1024 7052 7163
f 7052 2675 7162
f 7162 2702 7163
f 7052 7162 7163
f 2675 7050 7164
f 7050 1093 6660
f 6660 2572 7164
f 7050 6660 7164
f 2572 6657 7166
f 6657 1092 7165
f 7165 2702 7166
f 6657 7165 7166
f 2675 7164 7162
f 7164 2572 7166
f 7166 2702 7162
f 7164 7166 7162
f 1024 7163 6254
f 7163 2702 7167
f 7167 2454 6254
f 7163 7167 6254
f 2702 7165 7168
f 7165 1092 7042
f 7042 2673 7168
f 7165 7042 7168
f 2673 7044 7169
f 7044 1025 6255
f 6255 2454 7169
f 7044 6255 7169
f 2702 7168 7167
f 7168 2673 7169
f 7169 2454 7167
f 7168 7169 7167
f 1138 7078 7171
f 7078 2682 7170
f 7170 2704 7171
f 7078 7170 7171
f 2682 7076 7173
f 7076 1158 7172
f 7172 2703 7173
f 7076 7172 7173
f 2703 7174 7176
f 7174 1159 7175
f 7175 2704 7176
f 7174 7175 7176
f 2682 7173 7170
f 7173 2703 7176
f 7176 2704 7170
f 7173 7176 7170
f 1138 7171 6935
f 7171 2704 7177
f 7177 2646 6935
f 7171 7177 6935
f 2704 7175 7178
f 7175 1159 7081
f 7081 2684 7178
f 7175 7081 7178
f 2684 7082 7179
f 7082 1139 6936
f 6936 2646 7179
f 7082 6936 7179
f 2704 7178 7177
f 7178 2684 7179
f 7179 2646 7177
f 7178 7179 7177
f 1158 7091 7181
f 7091 2687 7180
f 7180 2705 7181
f 7091 7180 7181
f 2687 7089 7182
f 7089 1078 6541
f 6541 2538 7182
f 7089 6541 7182
f 2538 6538 7184
f 6538 1077 7183
f 7183 2705 7184
f 6538 7183 7184
f 2687 7182 7180
f 7182 2538 7184
f 7184 2705 7180
f 7182 7184 7180
f 1158 7181 7172
f 7181 2705 7185
f 7185 2703 7172
f 7181 7185 7172
f 2705 7183 7186
f 7183 1077 7083
f 7083 2685 7186
f 7183 7083 7186
f 2685 7084 7187
f 7084 1159 7174
f 7174 2703 7187
f 7084 7174 7187
f 2705 7186 7185
f 7186 2685 7187
f 7187 2703 7185
f 7186 7187 7185
f 994 6178 7189
f 6178 2430 7188
f 7188 2707 7189
f 6178 7188 7189
f 2430 6175 7191
f 6175 993 7190
f 7190 2706 7191
f 6175 7190 7191
f 2706 7192 7194
f 7192 1067 7193
f 7193 2707 7194
f 7192 7193 7194
f 2430 7191 7188
f 7191 2706 7194
f 7194 2707 7188
f 7191 7194 7188
f 994 7189 6502
f 7189 2707 7195
f 7195 2526 6502
f 7189 7195 6502
f 2707 7193 7196
f 7193 1067 6501
f 6501 2525 7196
f 7193 6501 7196
f 2525 6500 7197
f 6500 1066 6503
f 6503 2526 7197
f 6500 6503 7197
f 2707 7196 7195
f 7196 2525 7197
f 7197 2526 7195
f 7196 7197 7195
f 1002 6194 7199
f 6194 2435 7198
f 7198 2709 7199
f 6194 7198 7199
f 2435 6191 7201
f 6191 1001 7200
f 7200 2708 7201
f 6191 7200 7201
f 2708 7202 7204
f 7202 1113 7203
f 7203 2709 7204
f 7202 7203 7204
f 2435 7201 7198
f 7201 2708 7204
f 7204 2709 7198
f 7201 7204 7198
f 1002 7199 6560
f 7199 2709 7205
f 7205 2545 6560
f 7199 7205 6560
f 2709 7203 7206
f 7203 1113 6762
f 6762 2603 7206
f 7203 6762 7206
f 2603 6760 7207
f 6760 1081 6562
f 6562 2545 7207
f 6760 6562 7207
f 2709 7206 7205
f 7206 2603 7207
f 7207 2545 7205
f 7206 7207 7205
f 1011 6226 7209
f 6226 2444 7208
f 7208 2710 7209
f 6226 7208 7209
f 2444 6224 7210
f 6224 1010 6523
f 6523 2533 7210
f 6224 6523 7210
f 2533 6525 7212
f 6525 1063 7211
f 7211 2710 7212
f 6525 7211 7212
f 2444 7210 7208
f 7210 2533 7212
f 7212 2710 7208
f 7210 7212 7208
f 1011 7209 7214
f 7209 2710 7213
f 7213 2711 7214
f 7209 7213 7214
f 2710 7211 7215
f 7211 1063 6487
f 6487 2520 7215
f 7211 6487 7215
f 2520 6484 7217
f 6484 1062 7216
f 7216 2711 7217
f 6484 7216 7217
f 2710 7215 7213
f 7215 2520 7217
f 7217 2711 7213
f 7215 7217 7213
f 1013 1012 989
f 989 992 1013
f 1016 6242 7219
f 6242 2449 7218
f 7218 2712 7219
f 6242 7218 7219
f 2449 6240 7220
f 6240 1015 6514
f 6514 2531 7220
f 6240 6514 7220
f 2531 6518 7222
f 6518 1071 7221
f 7221 2712 7222
f 6518 7221 7222
f 2449 7220 7218
f 7220 2531 7222
f 7222 2712 7218
f 7220 7222 7218
f 1016 7219 7224
f 7219 2712 7223
f 7223 2713 7224
f 7219 7223 7224
f 2712 7221 7225
f 7221 1071 6785
f 6785 2609 7225
f 7221 6785 7225
f 2609 6782 7227
f 6782 1115 7226
f 7226 2713 7227
f 6782 7226 7227
f 2712 7225 7223
f 7225 2609 7227
f 7227 2713 7223
f 7225 7227 7223
f 1019 981 1020
f 1020 981 984
f 994 1068 997
f 994 997 6179
f 997 2431 6179
f 997 995 6181
f 6181 2431 997
f 993 1020 984
f 993 984 7190
f 984 2706 7190
f 984 1067 7192
f 7192 2706 984
f 1069 6507 7229
f 6507 2527 7228
f 7228 2714 7229
f 6507 7228 7229
f 2527 6504 7230
f 6504 1015 6239
f 6239 2448 7230
f 6504 6239 7230
f 2448 6236 7232
f 6236 1014 7231
f 7231 2714 7232
f 6236 7231 7232
f 2527 7230 7228
f 7230 2448 7232
f 7232 2714 7228
f 7230 7232 7228
f 1069 7229 7234
f 7229 2714 7233
f 7233 2715 7234
f 7229 7233 7234
f 2714 7231 7235
f 7231 1014 6399
f 6399 2497 7235
f 7231 6399 7235
f 2497 6396 7237
f 6396 1049 7236
f 7236 2715 7237
f 6396 7236 7237
f 2714 7235 7233
f 7235 2497 7237
f 7237 2715 7233
f 7235 7237 7233
f 1072 1010 6223
f 6223 2443 1072
f 2443 6220 1072
f 6220 1009 1072
f 1072 1009 6528
f 6528 2534 1072
f 2534 6527 1072
f 6527 1073 1072
f 1074 1011 7214
f 7214 2711 1074
f 2711 7216 1074
f 7216 1062 1074
f 1074 1062 6494
f 6494 2524 1074
f 2524 6498 7238
f 6498 1065 1074
f 6498 1074 7238
f 1074 2524 7238
f 1001 1013 7239
f 1013 2716 7239
f 1013 992 7240
f 7240 2716 1013
f 1001 7239 7200
f 7239 2716 7241
f 7241 2708 7200
f 7239 7241 7200
f 2716 7240 7242
f 7240 992 6759
f 6759 2604 7242
f 7240 6759 7242
f 2604 6763 7243
f 6763 1113 7202
f 7202 2708 7243
f 6763 7202 7243
f 2716 7242 7241
f 7242 2604 7243
f 7243 2708 7241
f 7242 7243 7241
f 1075 1016 7224
f 7224 2713 1075
f 2713 7226 1075
f 7226 1115 1075
f 1075 1115 6790
f 6790 2612 1075
f 2612 6794 1075
f 6794 1116 1075
f 1002 6559 7245
f 6559 2544 7244
f 7244 2718 7245
f 6559 7244 7245
f 2544 6556 7247
f 6556 1080 7246
f 7246 2717 7247
f 6556 7246 7247
f 2717 7248 7250
f 7248 1005 7249
f 7249 2718 7250
f 7248 7249 7250
f 2544 7247 7244
f 7247 2717 7250
f 7250 2718 7244
f 7247 7250 7244
f 1002 7245 6195
f 7245 2718 7251
f 7251 2436 6195
f 7245 7251 6195
f 2718 7249 7252
f 7249 1005 6424
f 6424 2505 7252
f 7249 6424 7252
f 2505 6422 7253
f 6422 1003 6197
f 6197 2436 7253
f 6422 6197 7253
f 2718 7252 7251
f 7252 2505 7253
f 7253 2436 7251
f 7252 7253 7251
f 1074 1012 903
f 903 970 1074
f 1075 1019 1018
f 1018 1076 1075
f 1080 1141 7254
f 1006 2719 1141
f 1141 2719 7254
f 1080 7254 7246
f 7254 2719 7255
f 7255 2717 7246
f 7254 7255 7246
f 2719 1006 7256
f 6210 2440 7256
f 1006 6210 7256
f 2440 6207 7257
f 6207 1005 7248
f 7248 2717 7257
f 6207 7248 7257
f 2719 7256 7255
f 7256 2440 7257
f 7257 2717 7255
f 7256 7257 7255
f 1072 1073 1141
f 1141 1073 1006
f 1068 1142 998
f 1068 998 997
f 1142 2649 7258
f 2649 2720 7258
f 2649 1069 7234
f 7234 2715 2649
f 2715 7236 2649
f 7236 1049 7259
f 7259 2720 2649
f 7236 7259 2649
f 1142 7258 998
f 7258 2720 998
f 2720 7259 998
f 7259 1049 998
f 1171 7260 7262
f 7260 2721 7261
f 7261 2722 7262
f 7260 7261 7262
f 2721 7263 7264
f 7263 1123 6907
f 6907 2636 7264
f 7263 6907 7264
f 2636 6906 7266
f 6906 936 7265
f 7265 2722 7266
f 6906 7265 7266
f 2721 7264 7261
f 7264 2636 7266
f 7266 2722 7261
f 7264 7266 7261
f 1171 7262 7268
f 7262 2722 7267
f 7267 2723 7268
f 7262 7267 7268
f 2722 7265 7269
f 7265 936 6090
f 6090 2399 7269
f 7265 6090 7269
f 2399 6089 7271
f 6089 935 7270
f 7270 2723 7271
f 6089 7270 7271
f 2722 7269 7267
f 7269 2399 7271
f 7271 2723 7267
f 7269 7271 7267
f 987 1128 7114
f 7114 2694 987
f 2694 7116 987
f 7116 898 987
f 987 898 1130
f 1108 7272 7274
f 7272 2724 7273
f 7273 2726 7274
f 7272 7273 7274
f 2724 7275 7277
f 7275 1172 7276
f 7276 2725 7277
f 7275 7276 7277
f 2725 7278 7280
f 7278 1173 7279
f 7279 2726 7280
f 7278 7279 7280
f 2724 7277 7273
f 7277 2725 7280
f 7280 2726 7273
f 7277 7280 7273
f 1108 7274 6734
f 7274 2726 7281
f 7281 2596 6734
f 7274 7281 6734
f 2726 7279 7283
f 7279 1173 7282
f 7282 2727 7283
f 7279 7282 7283
f 2727 7284 7285
f 7284 1109 6736
f 6736 2596 7285
f 7284 6736 7285
f 2726 7283 7281
f 7283 2727 7285
f 7285 2596 7281
f 7283 7285 7281
f 1174 7286 1176
f 7286 2728 2729
f 7286 2729 1176
f 2728 7287 2729
f 7287 1175 2729
f 1176 1177 1174
f 1124 1178 1137
f 1124 1137 1125
f 1172 7288 1177
f 7288 2730 1177
f 2730 7289 1177
f 7289 1174 1177
f 1172 1177 7276
f 1177 2725 7276
f 7290 1173 7278
f 7278 2725 1177
f 7290 7278 1177
f 930 7291 1105
f 7291 2731 1105
f 2731 7292 1105
f 7292 1179 1105
f 930 1105 6083
f 1105 2396 6083
f 1105 931 6084
f 6084 2396 1105
f 966 7293 7295
f 7293 2732 7294
f 7294 2733 7295
f 7293 7294 7295
f 2732 7296 7297
f 7296 896 6059
f 6059 2386 7297
f 7296 6059 7297
f 2386 6063 7299
f 6063 899 7298
f 7298 2733 7299
f 6063 7298 7299
f 2732 7297 7294
f 7297 2386 7299
f 7299 2733 7294
f 7297 7299 7294
f 7295 2733 7300
f 7300 2408 966
f 7295 7300 966
f 2733 7298 7301
f 7298 899 6722
f 6722 946 7301
f 7298 6722 7301
f 946 2408 7302
f 2733 7301 7300
f 7301 946 7302
f 7302 2408 7300
f 7301 7302 7300
f 1180 1171 7268
f 7268 2723 1180
f 2723 7270 1180
f 7270 935 1180
f 1180 935 6923
f 6923 2643 1180
f 2643 6924 1180
f 6924 1132 1180
f 1181 1162 951
f 951 2734 1181
f 951 950 7303
f 7303 2734 951
f 1182 1183 1184
f 1182 1184 1185
f 1183 1187 1186
f 1186 1187 7304
f 7304 2735 1186
f 2735 7305 1186
f 7305 1188 1186
f 1189 1190 7306
f 7306 2736 1189
f 2736 7307 1189
f 7307 1191 1189
f 1189 1191 7308
f 7308 2737 1189
f 2737 7309 1189
f 7309 1192 1189
f 1190 1193 7310
f 1193 2738 7310
f 1193 1194 7311
f 7311 2738 1193
f 1190 7310 7306
f 7310 2738 7312
f 7312 2736 7306
f 7310 7312 7306
f 2738 7311 7314
f 7311 1194 7313
f 7313 2739 7314
f 7311 7313 7314
f 2739 7315 7316
f 7315 1191 7307
f 7307 2736 7316
f 7315 7307 7316
f 2738 7314 7312
f 7314 2739 7316
f 7316 2736 7312
f 7314 7316 7312
f 1195 1196 1197
f 1195 1197 1198
f 1196 1200 1199
f 1199 1200 7317
f 7317 2740 1199
f 2740 7318 1199
f 7318 1201 1199
f 1197 1203 1202
f 1202 1203 1204
f 1205 1206 1207
f 1205 1207 1208
f 1209 7319 7321
f 7319 2741 7320
f 7320 2742 7321
f 7319 7320 7321
f 2741 7322 7323
f 911 2392 7323
f 7322 911 7323
f 2392 6078 7325
f 6078 910 7324
f 7324 2742 7325
f 6078 7324 7325
f 2741 7323 7320
f 7323 2392 7325
f 7325 2742 7320
f 7323 7325 7320
f 1209 7321 7327
f 7321 2742 7326
f 7326 2744 7327
f 7321 7326 7327
f 2742 7324 7329
f 7324 910 7328
f 7328 2743 7329
f 7324 7328 7329
f 2743 7330 7332
f 7330 1210 7331
f 7331 2744 7332
f 7330 7331 7332
f 2742 7329 7326
f 7329 2743 7332
f 7332 2744 7326
f 7329 7332 7326
f 1211 1212 7333
f 7333 2745 1211
f 2745 7334 1211
f 7334 985 1211
f 1211 985 988
f 1212 914 7333
f 914 2745 7333
f 914 985 7334
f 7334 2745 914
f 1213 7335 7337
f 7335 2746 7336
f 7336 2747 7337
f 7335 7336 7337
f 2746 7338 7339
f 7338 1191 7315
f 7315 2739 7339
f 7338 7315 7339
f 2739 7313 7341
f 7313 1194 7340
f 7340 2747 7341
f 7313 7340 7341
f 2746 7339 7336
f 7339 2739 7341
f 7341 2747 7336
f 7339 7341 7336
f 1213 7337 7343
f 7337 2747 7342
f 7342 2749 7343
f 7337 7342 7343
f 2747 7340 7345
f 7340 1194 7344
f 7344 2748 7345
f 7340 7344 7345
f 2748 7346 7348
f 7346 1214 7347
f 7347 2749 7348
f 7346 7347 7348
f 2747 7345 7342
f 7345 2748 7348
f 7348 2749 7342
f 7345 7348 7342
f 1215 7349 7351
f 7349 2750 7350
f 7350 2752 7351
f 7349 7350 7351
f 2750 7352 7354
f 7352 1200 7353
f 7353 2751 7354
f 7352 7353 7354
f 2751 7355 7357
f 7355 1216 7356
f 7356 2752 7357
f 7355 7356 7357
f 2750 7354 7350
f 7354 2751 7357
f 7357 2752 7350
f 7354 7357 7350
f 1215 7351 7359
f 7351 2752 7358
f 7358 2754 7359
f 7351 7358 7359
f 2752 7356 7361
f 7356 1216 7360
f 7360 2753 7361
f 7356 7360 7361
f 2753 7362 7364
f 7362 1217 7363
f 7363 2754 7364
f 7362 7363 7364
f 2752 7361 7358
f 7361 2753 7364
f 7364 2754 7358
f 7361 7364 7358
f 1209 7365 7367
f 7365 2755 7366
f 7366 2756 7367
f 7365 7366 7367
f 2755 7368 7369
f 7368 1213 7343
f 7343 2749 7369
f 7368 7343 7369
f 2749 7347 7371
f 7347 1214 7370
f 7370 2756 7371
f 7347 7370 7371
f 2755 7369 7366
f 7369 2749 7371
f 7371 2756 7366
f 7369 7371 7366
f 1209 7367 7373
f 7367 2756 7372
f 7372 2758 7373
f 7367 7372 7373
f 2756 7370 7375
f 7370 1214 7374
f 7374 2757 7375
f 7370 7374 7375
f 2757 7376 7378
f 7376 1218 7377
f 7377 2758 7378
f 7376 7377 7378
f 2756 7375 7372
f 7375 2757 7378
f 7378 2758 7372
f 7375 7378 7372
f 988 987 1130
f 1130 913 988
f 928 1211 912
f 912 1219 928
f 1220 1107 1110
f 1220 1110 1219
f 928 1219 925
f 925 1219 1110
f 1221 925 1110
f 1221 1110 7379
f 1110 2759 7379
f 1110 1109 7380
f 7380 2759 1110
f 1129 7381 7383
f 7381 2760 7382
f 7382 2761 7383
f 7381 7382 7383
f 2760 7384 2393
f 7384 910 2393
f 2393 913 7386
f 7385 2761 7386
f 913 7385 7386
f 2760 2393 7382
f 7386 2761 7382
f 2393 7386 7382
f 1129 7383 1130
f 7383 2761 1130
f 2761 7385 1130
f 7385 913 1130
f 1222 7387 7389
f 7387 2762 7388
f 7388 2763 7389
f 7387 7388 7389
f 2762 7390 7391
f 7390 1160 7104
f 7104 2691 7391
f 7390 7104 7391
f 2691 7105 7393
f 7105 1123 7392
f 7392 2763 7393
f 7105 7392 7393
f 2762 7391 7388
f 7391 2691 7393
f 7393 2763 7388
f 7391 7393 7388
f 1222 7389 7395
f 7389 2763 7394
f 7394 2764 7395
f 7389 7394 7395
f 2763 7392 7396
f 7392 1123 7263
f 7263 2721 7396
f 7392 7263 7396
f 2721 7260 7398
f 7260 1171 7397
f 7397 2764 7398
f 7260 7397 7398
f 2763 7396 7394
f 7396 2721 7398
f 7398 2764 7394
f 7396 7398 7394
f 1122 7399 7401
f 7399 2765 7400
f 7400 2766 7401
f 7399 7400 7401
f 2765 7402 7403
f 7402 1221 7379
f 7379 2759 7403
f 7402 7379 7403
f 2759 7380 7405
f 7380 1109 7404
f 7404 2766 7405
f 7380 7404 7405
f 2765 7403 7400
f 7403 2759 7405
f 7405 2766 7400
f 7403 7405 7400
f 1122 7401 7407
f 7401 2766 7406
f 7406 2767 7407
f 7401 7406 7407
f 2766 7404 7408
f 7404 1109 7284
f 7284 2727 7408
f 7404 7284 7408
f 2727 7282 7410
f 7282 1173 7409
f 7409 2767 7410
f 7282 7409 7410
f 2766 7408 7406
f 7408 2727 7410
f 7410 2767 7406
f 7408 7410 7406
f 1223 2768 976
f 2768 1224 976
f 1223 976 975
f 1161 1225 1178
f 1161 1178 1124
f 1226 1227 7411
f 1227 2769 7411
f 1227 1179 7412
f 7412 2769 1227
f 1226 7411 7414
f 7411 2769 7413
f 7413 2770 7414
f 7411 7413 7414
f 2769 7412 7415
f 7412 1179 7292
f 7292 2731 7415
f 7412 7292 7415
f 2731 7291 7417
f 7291 930 7416
f 7416 2770 7417
f 7291 7416 7417
f 2769 7415 7413
f 7415 2731 7417
f 7417 2770 7413
f 7415 7417 7413
f 1228 1222 7395
f 7395 2764 1228
f 2764 7397 1228
f 7397 1171 1228
f 1228 1171 1180
f 1227 1229 954
f 954 1179 1227
f 1163 7418 7420
f 7418 2771 7419
f 7419 2772 7420
f 7418 7419 7420
f 2771 7421 7422
f 7421 1226 7414
f 7414 2770 7422
f 7421 7414 7422
f 2770 7416 7424
f 7416 930 7423
f 7423 2772 7424
f 7416 7423 7424
f 2771 7422 7419
f 7422 2770 7424
f 7424 2772 7419
f 7422 7424 7419
f 1163 7420 929
f 7420 2772 929
f 2772 7423 929
f 7423 930 929
f 916 915 906
f 906 909 916
f 2773 7425 1177
f 7425 1120 1177
f 2773 1177 1230
f 1230 1177 1176
f 1120 6899 7427
f 6899 2635 7426
f 7426 2774 7427
f 6899 7426 7427
f 2635 6904 7428
f 6904 1122 7407
f 7407 2767 7428
f 6904 7407 7428
f 2767 7409 7430
f 7409 1173 7429
f 7429 2774 7430
f 7409 7429 7430
f 2635 7428 7426
f 7428 2767 7430
f 7430 2774 7426
f 7428 7430 7426
f 1120 7427 1177
f 7427 2774 7431
f 7427 7431 1177
f 2774 7429 7432
f 7429 1173 7290
f 7290 1177 7432
f 7429 7290 7432
f 2774 7432 7431
f 7432 1177 7433
f 7433 1177 7431
f 7432 7433 7431
f 1196 1199 1197
f 1199 1203 1197
f 1202 1231 1197
f 1231 1198 1197
f 1202 1184 1232
f 1232 1231 1202
f 1187 1183 1182
f 1187 1182 7434
f 1182 2775 7434
f 1182 1233 7435
f 7435 2775 1182
f 1193 1190 1206
f 1206 1234 1193
f 1206 1205 2776
f 2776 1235 1206
f 1206 1235 2777
f 2777 1234 1206
f 1205 1166 1236
f 1205 1236 2776
f 1236 1235 2776
f 1165 1164 1169
f 1169 1164 7436
f 7436 2778 1169
f 2778 7437 1169
f 7437 1237 1169
f 2779 1181 1238
f 1238 1239 2779
f 2734 7303 1238
f 7303 950 1238
f 1181 2734 1238
f 1240 7438 907
f 7438 2780 907
f 2780 7439 907
f 7439 1215 907
f 1240 907 7441
f 7440 2781 7441
f 907 7440 7441
f 907 1175 7443
f 7443 2781 7444
f 907 7443 7444
f 907 7442 7440
f 7442 907 7444
f 7444 2781 7440
f 7442 7444 7440
f 1241 7445 1178
f 7445 2782 1178
f 2782 1242 1178
f 1241 1178 1225
f 1242 1243 1137
f 1242 1137 1178
f 1244 1135 7446
f 7446 1243 7447
f 1244 7446 7447
f 1244 7447 1243
f 1243 7446 1137
f 7446 1135 1137
f 1245 7448 1098
f 7448 2783 1098
f 2783 7449 1098
f 7449 1246 1098
f 1245 1098 1127
f 1246 7450 1099
f 7450 2784 1099
f 2784 7451 1099
f 7451 1247 1099
f 1246 1099 1098
f 1248 7452 1149
f 7452 2785 1149
f 2785 7453 1149
f 7453 1249 1149
f 1248 1149 1250
f 1251 1238 950
f 1251 950 949
f 1252 1253 955
f 1252 955 1254
f 1253 1255 956
f 1253 956 955
f 1256 7454 1255
f 7454 1140 1255
f 1255 1140 956
f 1257 7455 7457
f 7455 2786 7456
f 7456 2788 7457
f 7455 7456 7457
f 2786 7458 7460
f 7458 1258 7459
f 7459 2787 7460
f 7458 7459 7460
f 2786 7460 7456
f 7460 2787 964
f 964 2788 7456
f 7460 964 7456
f 1257 7457 1102
f 7457 2788 1102
f 2788 964 1102
f 1258 7461 965
f 7461 2789 965
f 2789 7462 965
f 7462 1259 965
f 1258 965 7459
f 965 2787 7459
f 964 2787 965
f 1260 7463 943
f 7463 1261 943
f 1260 943 7464
f 943 2790 7464
f 943 1262 7465
f 7465 2790 943
f 1263 1264 975
f 1263 975 944
f 1264 1265 1223
f 1264 1223 975
f 1266 7466 7468
f 7466 2791 7467
f 7467 2792 7468
f 7466 7467 7468
f 2791 7469 7470
f 7469 1213 7368
f 7368 2755 7470
f 7469 7368 7470
f 2755 7365 7472
f 7365 1209 7471
f 7471 2792 7472
f 7365 7471 7472
f 2791 7470 7467
f 7470 2755 7472
f 7472 2792 7467
f 7470 7472 7467
f 1266 7468 7474
f 7468 2792 7473
f 7473 2793 7474
f 7468 7473 7474
f 2792 7471 7475
f 7471 1209 7327
f 7327 2744 7475
f 7471 7327 7475
f 2744 7331 7477
f 7331 1210 7476
f 7476 2793 7477
f 7331 7476 7477
f 2792 7475 7473
f 7475 2744 7477
f 7477 2793 7473
f 7475 7477 7473
f 1199 2794 7478
f 1203 1199 7478
f 1199 1239 7479
f 7479 2794 1199
f 1203 7478 1238
f 7478 2794 1238
f 2794 7479 1238
f 7479 1239 1238
f 1201 7318 7481
f 7318 2740 7480
f 7480 2795 7481
f 7318 7480 7481
f 2740 7317 7482
f 7317 1200 7352
f 7352 2750 7482
f 7317 7352 7482
f 2750 7349 7484
f 7349 1215 7483
f 7483 2795 7484
f 7349 7483 7484
f 2740 7482 7480
f 7482 2750 7484
f 7484 2795 7480
f 7482 7484 7480
f 1201 7481 7486
f 7481 2795 7485
f 7485 2796 7486
f 7481 7485 7486
f 2795 7483 7487
f 7483 1215 7439
f 7439 2780 7487
f 7483 7439 7487
f 2780 7438 7489
f 7438 1240 7488
f 7488 2796 7489
f 7438 7488 7489
f 2795 7487 7485
f 7487 2780 7489
f 7489 2796 7485
f 7487 7489 7485
f 1198 1242 1195
f 2782 7445 1195
f 7445 1241 1195
f 1242 2782 1195
f 1231 1243 1198
f 1243 1242 1198
f 1232 1244 1231
f 1244 1243 1231
f 1188 7305 7491
f 7305 2735 7490
f 7490 2798 7491
f 7305 7490 7491
f 2735 7304 7493
f 7304 1187 7492
f 7492 2797 7493
f 7304 7492 7493
f 2797 7494 7496
f 7494 1246 7495
f 7495 2798 7496
f 7494 7495 7496
f 2735 7493 7490
f 7493 2797 7496
f 7496 2798 7490
f 7493 7496 7490
f 1188 7491 7498
f 7491 2798 7497
f 7497 2799 7498
f 7491 7497 7498
f 2798 7495 7499
f 7495 1246 7449
f 7449 2783 7499
f 7495 7449 7499
f 2783 7448 7501
f 7448 1245 7500
f 7500 2799 7501
f 7448 7500 7501
f 2798 7499 7497
f 7499 2783 7501
f 7501 2799 7497
f 7499 7501 7497
f 1187 7434 7503
f 7434 2775 7502
f 7502 2801 7503
f 7434 7502 7503
f 2775 7435 7505
f 7435 1233 7504
f 7504 2800 7505
f 7435 7504 7505
f 2800 7506 7508
f 7506 1247 7507
f 7507 2801 7508
f 7506 7507 7508
f 2775 7505 7502
f 7505 2800 7508
f 7508 2801 7502
f 7505 7508 7502
f 1187 7503 7492
f 7503 2801 7509
f 7509 2797 7492
f 7503 7509 7492
f 2801 7507 7510
f 7507 1247 7451
f 7451 2784 7510
f 7507 7451 7510
f 2784 7450 7511
f 7450 1246 7494
f 7494 2797 7511
f 7450 7494 7511
f 2801 7510 7509
f 7510 2784 7511
f 7511 2797 7509
f 7510 7511 7509
f 1185 1249 1182
f 1182 1249 7453
f 7453 2785 1182
f 2785 7452 1182
f 7452 1248 1182
f 1204 1203 1238
f 1238 1251 7512
f 1238 7512 1204
f 1234 1253 1193
f 1253 1252 1193
f 1234 2777 1255
f 2777 1235 1255
f 1234 1255 1253
f 1235 1236 1256
f 1256 1255 1235
f 1170 1169 7513
f 1169 2802 7513
f 1169 1258 7514
f 7514 2802 1169
f 1170 7513 7516
f 7513 2802 7515
f 7515 2803 7516
f 7513 7515 7516
f 2802 7514 7517
f 7514 1258 7458
f 7458 2786 7517
f 7514 7458 7517
f 2786 7455 7519
f 7455 1257 7518
f 7518 2803 7519
f 7455 7518 7519
f 2802 7517 7515
f 7517 2786 7519
f 7519 2803 7515
f 7517 7519 7515
f 1169 1237 7520
f 7520 2804 1169
f 2804 7521 1169
f 7521 1259 1169
f 1169 1259 7462
f 7462 2789 1169
f 2789 7461 1169
f 7461 1258 1169
f 1164 1167 1261
f 1164 1261 7523
f 7522 2805 7523
f 1261 7522 7523
f 7463 1260 7524
f 7524 2805 1261
f 7463 7524 1261
f 1261 2805 7522
f 1207 1264 1208
f 1264 1263 1208
f 1189 1265 1207
f 1207 1265 1264
f 1192 7309 7526
f 7309 2737 7525
f 7525 2806 7526
f 7309 7525 7526
f 2737 7308 7527
f 7308 1191 7338
f 7338 2746 7527
f 7308 7338 7527
f 2746 7335 7529
f 7335 1213 7528
f 7528 2806 7529
f 7335 7528 7529
f 2737 7527 7525
f 7527 2746 7529
f 7529 2806 7525
f 7527 7529 7525
f 1192 7526 7531
f 7526 2806 7530
f 7530 2807 7531
f 7526 7530 7531
f 2806 7528 7532
f 7528 1213 7469
f 7469 2791 7532
f 7528 7469 7532
f 2791 7466 7534
f 7466 1266 7533
f 7533 2807 7534
f 7466 7533 7534
f 2806 7532 7530
f 7532 2791 7534
f 7534 2807 7530
f 7532 7534 7530
f 934 933 7535
f 933 2808 7535
f 933 1267 7536
f 7536 2808 933
f 934 7535 7538
f 7535 2808 7537
f 7537 2810 7538
f 7535 7537 7538
f 2808 7536 7540
f 7536 1267 7539
f 7539 2809 7540
f 7536 7539 7540
f 2809 7541 7543
f 7541 1268 7542
f 7542 2810 7543
f 7541 7542 7543
f 2808 7540 7537
f 7540 2809 7543
f 7543 2810 7537
f 7540 7543 7537
f 943 942 7544
f 7544 1269 943
f 1269 1262 943
f 958 957 7545
f 7545 2811 958
f 2811 7546 958
f 7546 1270 958
f 958 1270 7547
f 7547 2812 958
f 2812 7548 958
f 7548 1271 958
f 957 6729 1272
f 6729 1106 1272
f 957 1272 7545
f 1272 2811 7545
f 1272 1270 7546
f 7546 2811 1272
f 1131 2640 7549
f 7549 2813 7550
f 1131 7549 7550
f 2640 6919 7551
f 6919 934 7538
f 7538 2810 7551
f 6919 7538 7551
f 2810 7542 7553
f 7542 1268 7552
f 7552 2813 7553
f 7542 7552 7553
f 2640 7551 7549
f 7551 2810 7553
f 7553 2813 7549
f 7551 7553 7549
f 7550 2813 7554
f 7550 7554 1131
f 2813 7552 7556
f 7552 1268 7555
f 7555 2814 7556
f 7552 7555 7556
f 2814 1273 7557
f 1273 1131 7557
f 2813 7556 7554
f 7556 2814 7557
f 7557 1131 7554
f 7556 7557 7554
f 1106 1134 1274
f 1274 1272 1106
f 1136 1135 1275
f 1136 1275 1276
f 1134 1140 1277
f 1134 1277 1274
f 1149 1148 1278
f 1278 1250 1149
f 1269 7544 2653
f 7544 942 2653
f 2653 1131 1269
f 1269 1131 1273
f 958 1271 1148
f 1148 1271 1278
f 933 1136 1276
f 1276 1267 933
f 1184 1183 1232
f 1183 1186 1232
f 1184 1202 1185
f 1202 1204 1185
f 1236 1166 1165
f 1236 1165 1168
f 1166 1205 1167
f 1167 1205 1208
f 1275 1135 1244
f 1244 1279 1275
f 1149 1249 7558
f 7558 2815 1149
f 2815 7559 1149
f 7559 1251 1149
f 1149 1251 949
f 1277 1140 7454
f 7454 1256 1277
f 1256 1280 1277
f 1261 7560 943
f 7560 1263 943
f 943 1263 944
f 1232 1186 1244
f 1186 1279 1244
f 1249 1185 7561
f 1185 2816 7561
f 1204 2816 1185
f 1249 7561 7558
f 7561 2816 7562
f 7562 2815 7558
f 7561 7562 7558
f 1204 7512 7563
f 7512 1251 7559
f 7559 2815 7563
f 7512 7559 7563
f 2816 1204 7562
f 7563 2815 7562
f 1204 7563 7562
f 1256 1236 1168
f 1168 1280 1256
f 1261 1167 1208
f 1208 1263 7560
f 7560 1261 1208
f 914 1212 1281
f 1281 1212 7564
f 7564 2817 1281
f 1281 2817 927
f 927 2817 1211
f 2817 7564 1211
f 7564 1212 1211
f 927 1211 928
f 1281 7566 7567
f 7566 1121 6900
f 6900 2633 7567
f 7566 6900 7567
f 2633 6897 7569
f 6897 1120 7568
f 7568 1281 7569
f 6897 7568 7569
f 1281 7567 7565
f 7567 2633 7569
f 7569 1281 7565
f 7567 7569 7565
f 1281 7568 7570
f 7568 1120 7425
f 7425 2773 7570
f 7568 7425 7570
f 7570 2773 1230
f 7570 1230 1281
f 914 1282 7571
f 7571 2818 914
f 2818 7572 914
f 7572 986 914
f 914 986 6171
f 6171 2428 914
f 2428 6170 914
f 6170 985 914
f 1282 914 916
f 1282 916 7574
f 7573 2819 7574
f 916 7573 7574
f 916 945 7575
f 7575 2819 916
f 916 2819 7573
f 6082 2395 7576
f 6082 7576 927
f 2395 6080 7578
f 6080 926 7577
f 7577 2820 7578
f 6080 7577 7578
f 2820 7579 7581
f 7579 1121 7580
f 7580 927 7581
f 7579 7580 7581
f 2395 7578 7576
f 7578 2820 7581
f 7581 927 7576
f 7578 7581 7576
f 927 7580 1281
f 7580 1121 7566
f 7580 7566 1281
f 1221 7582 925
f 7582 2821 7583
f 7582 7583 925
f 2821 7584 7585
f 7584 926 6079
f 6079 2394 7585
f 7584 6079 7585
f 2394 925 7586
f 2821 7585 7583
f 7585 2394 7586
f 7586 925 7583
f 7585 7586 7583
f 1128 6909 7588
f 6909 2637 7587
f 7587 2822 7588
f 6909 7587 7588
f 2637 6908 7589
f 6908 986 7572
f 7572 2818 7589
f 6908 7572 7589
f 2818 7571 7591
f 7571 1282 7590
f 7590 2822 7591
f 7571 7590 7591
f 2637 7589 7587
f 7589 2818 7591
f 7591 2822 7587
f 7589 7591 7587
f 1128 7588 7106
f 7588 2822 7592
f 7592 2692 7106
f 7588 7592 7106
f 2822 7590 7594
f 7590 1282 7593
f 7593 2823 7594
f 7590 7593 7594
f 2823 7595 7596
f 7595 1103 7109
f 7109 2692 7596
f 7595 7109 7596
f 2822 7594 7592
f 7594 2823 7596
f 7596 2692 7592
f 7594 7596 7592
f 1122 6903 7598
f 6903 2634 7597
f 7597 2824 7598
f 6903 7597 7598
f 2634 6901 7599
f 6901 1121 7579
f 7579 2820 7599
f 6901 7579 7599
f 2820 7577 7601
f 7577 926 7600
f 7600 2824 7601
f 7577 7600 7601
f 2634 7599 7597
f 7599 2820 7601
f 7601 2824 7597
f 7599 7601 7597
f 1122 7598 7399
f 7598 2824 7602
f 7602 2765 7399
f 7598 7602 7399
f 2824 7600 7603
f 7600 926 7584
f 7584 2821 7603
f 7600 7584 7603
f 2821 7582 7604
f 7582 1221 7402
f 7402 2765 7604
f 7582 7402 7604
f 2824 7603 7602
f 7603 2821 7604
f 7604 2765 7602
f 7603 7604 7602
f 1103 7595 6714
f 7595 2823 7605
f 7605 2590 6714
f 7595 7605 6714
f 2823 7593 7606
f 7593 1282 7574
f 7574 2819 7606
f 7593 7574 7606
f 2819 7575 7607
f 7575 945 6717
f 6717 2590 7607
f 7575 6717 7607
f 2823 7606 7605
f 7606 2819 7607
f 7607 2590 7605
f 7606 7607 7605
f 896 7296 1161
f 7296 2732 2825
f 7296 2825 1161
f 2732 7293 2825
f 7293 966 2825
f 896 1161 7608
f 1161 2826 7608
f 1161 1160 7609
f 7609 2826 1161
f 1174 1162 1181
f 1174 1181 7286
f 7610 2728 7286
f 1181 7610 7286
f 7611 1175 7287
f 7287 2728 1181
f 7611 7287 1181
f 1181 2728 7610
f 897 6052 7613
f 6052 2382 7612
f 7612 2827 7613
f 6052 7612 7613
f 2382 6049 7614
f 6049 896 7608
f 7608 2826 7614
f 6049 7608 7614
f 2826 7609 7616
f 7609 1160 7615
f 7615 2827 7616
f 7609 7615 7616
f 2382 7614 7612
f 7614 2826 7616
f 7616 2827 7612
f 7614 7616 7612
f 897 7613 7618
f 7613 2827 7617
f 7617 2828 7618
f 7613 7617 7618
f 2827 7615 7619
f 7615 1160 7390
f 7390 2762 7619
f 7615 7390 7619
f 2762 7387 7621
f 7387 1222 7620
f 7620 2828 7621
f 7387 7620 7621
f 2827 7619 7617
f 7619 2762 7621
f 7621 2828 7617
f 7619 7621 7617
f 1143 1147 7622
f 7622 2829 1143
f 2829 7623 1143
f 7623 1270 1143
f 1143 1270 1272
f 1147 6959 7625
f 6959 2656 7624
f 7624 2831 7625
f 6959 7624 7625
f 2656 6956 7627
f 6956 1152 7626
f 7626 2830 7627
f 6956 7626 7627
f 2830 7628 7630
f 7628 1271 7629
f 7629 2831 7630
f 7628 7629 7630
f 2656 7627 7624
f 7627 2830 7630
f 7630 2831 7624
f 7627 7630 7624
f 1147 7625 7622
f 7625 2831 7631
f 7631 2829 7622
f 7625 7631 7622
f 2831 7629 7632
f 7629 1271 7548
f 7548 2812 7632
f 7629 7548 7632
f 2812 7547 7633
f 7547 1270 7623
f 7623 2829 7633
f 7547 7623 7633
f 2831 7632 7631
f 7632 2812 7633
f 7633 2829 7631
f 7632 7633 7631
f 1152 6953 1278
f 6953 2654 1278
f 2654 6952 1278
f 6952 1151 1278
f 1152 1278 7626
f 1278 2830 7626
f 1278 1271 7628
f 7628 2830 1278
f 1151 1099 1250
f 1151 1250 1278
f 1210 7330 7635
f 7330 2743 7634
f 7634 2833 7635
f 7330 7634 7635
f 2743 7328 7637
f 7328 910 7636
f 7636 2832 7637
f 7328 7636 7637
f 2832 7638 7640
f 7638 1224 7639
f 7639 2833 7640
f 7638 7639 7640
f 2743 7637 7634
f 7637 2832 7640
f 7640 2833 7634
f 7637 7640 7634
f 1210 7635 7641
f 7635 2833 2768
f 2768 1223 7641
f 7635 2768 7641
f 2833 7639 2768
f 7639 1224 2768
f 1265 1189 7642
f 1189 2834 7642
f 1189 1192 7643
f 7643 2834 1189
f 1265 7642 7645
f 7642 2834 7644
f 7644 2835 7645
f 7642 7644 7645
f 2834 7643 7646
f 7643 1192 7531
f 7531 2807 7646
f 7643 7531 7646
f 2807 7533 7648
f 7533 1266 7647
f 7647 2835 7648
f 7533 7647 7648
f 2834 7646 7644
f 7646 2807 7648
f 7648 2835 7644
f 7646 7648 7644
f 1223 1265 7645
f 7645 2835 1223
f 2835 7647 1223
f 7647 1266 1223
f 1223 1266 7474
f 7474 2793 1223
f 2793 7476 7649
f 7476 1210 7641
f 7641 1223 7649
f 7476 7641 7649
f 1223 2793 7649
f 2779 1239 7650
f 7650 2836 2779
f 2836 7651 2779
f 7651 1240 1181
f 7651 1181 2779
f 1181 1240 7441
f 7441 2781 7653
f 1181 7441 7653
f 2781 7443 7654
f 7443 1175 7611
f 7611 1181 7654
f 7443 7611 7654
f 1181 7653 7652
f 7653 2781 7654
f 7654 1181 7652
f 7653 7654 7652
f 908 1217 7655
f 7655 2837 908
f 2837 7656 908
f 7656 1241 908
f 908 1241 1225
f 1275 1279 7657
f 7657 2838 1275
f 2838 7658 1275
f 7658 1245 1275
f 1275 1245 1127
f 1099 1247 7659
f 7659 2839 1099
f 2839 7660 1099
f 7660 1248 1099
f 1099 1248 1250
f 1277 1280 7661
f 7661 2840 1277
f 2840 7662 1277
f 7662 1257 1277
f 1277 1257 1102
f 965 1259 7663
f 7663 2841 965
f 2841 7664 965
f 7664 1260 965
f 965 1260 7464
f 7464 2790 965
f 2790 7465 965
f 7465 1262 965
f 1239 1199 7665
f 1199 2842 7665
f 1199 1201 7666
f 7666 2842 1199
f 1239 7665 7650
f 7665 2842 7667
f 7667 2836 7650
f 7665 7667 7650
f 2842 7666 7668
f 7666 1201 7486
f 7486 2796 7668
f 7666 7486 7668
f 2796 7488 7669
f 7488 1240 7651
f 7651 2836 7669
f 7488 7651 7669
f 2842 7668 7667
f 7668 2796 7669
f 7669 2836 7667
f 7668 7669 7667
f 1217 7362 1195
f 7362 2753 1195
f 2753 7360 1195
f 7360 1216 1195
f 1217 1195 7655
f 1195 2837 7655
f 1195 1241 7656
f 7656 2837 1195
f 1279 1186 7670
f 1186 2843 7670
f 1186 1188 7671
f 7671 2843 1186
f 1279 7670 7657
f 7670 2843 7672
f 7672 2838 7657
f 7670 7672 7657
f 2843 7671 7673
f 7671 1188 7498
f 7498 2799 7673
f 7671 7498 7673
f 2799 7500 7674
f 7500 1245 7658
f 7658 2838 7674
f 7500 7658 7674
f 2843 7673 7672
f 7673 2799 7674
f 7674 2838 7672
f 7673 7674 7672
f 1247 7506 1182
f 7506 2800 1182
f 2800 7504 1182
f 7504 1233 1182
f 1247 1182 7659
f 1182 2839 7659
f 1182 1248 7660
f 7660 2839 1182
f 1218 7376 7676
f 7376 2757 7675
f 7675 2845 7676
f 7376 7675 7676
f 2757 7374 7678
f 7374 1214 7677
f 7677 2844 7678
f 7374 7677 7678
f 2844 7679 7681
f 7679 1252 7680
f 7680 2845 7681
f 7679 7680 7681
f 2757 7678 7675
f 7678 2844 7681
f 7681 2845 7675
f 7678 7681 7675
f 1218 7676 1254
f 7676 2845 1254
f 2845 7680 1254
f 7680 1252 1254
f 1280 1168 7682
f 1168 2846 7682
f 1168 1170 7683
f 7683 2846 1168
f 1280 7682 7661
f 7682 2846 7684
f 7684 2840 7661
f 7682 7684 7661
f 2846 7683 7685
f 7683 1170 7516
f 7516 2803 7685
f 7683 7516 7685
f 2803 7518 7686
f 7518 1257 7662
f 7662 2840 7686
f 7518 7662 7686
f 2846 7685 7684
f 7685 2803 7686
f 7686 2840 7684
f 7685 7686 7684
f 1259 7521 7688
f 7521 2804 7687
f 7687 2847 7688
f 7521 7687 7688
f 2804 7520 7689
f 7520 1237 7437
f 7437 2778 7689
f 7520 7437 7689
f 2778 7436 7691
f 7436 1164 7690
f 7690 2847 7691
f 7436 7690 7691
f 2804 7689 7687
f 7689 2778 7691
f 7691 2847 7687
f 7689 7691 7687
f 1259 7688 7663
f 7688 2847 7692
f 7692 2841 7663
f 7688 7692 7663
f 2847 7690 7693
f 7690 1164 7523
f 7523 2805 7693
f 7690 7523 7693
f 2805 7524 7694
f 7524 1260 7664
f 7664 2841 7694
f 7524 7664 7694
f 2847 7693 7692
f 7693 2805 7694
f 7694 2841 7692
f 7693 7694 7692
f 1193 1252 7679
f 7679 2844 1193
f 2844 7677 1193
f 7677 1214 1193
f 1193 1214 7346
f 7346 2748 1193
f 2748 7344 1193
f 7344 1194 1193
f 1174 7289 7696
f 7289 2730 7695
f 7695 2849 7696
f 7289 7695 7696
f 2730 7288 7698
f 7288 1172 7697
f 7697 2848 7698
f 7288 7697 7698
f 2848 7699 7701
f 7699 1163 7700
f 7700 2849 7701
f 7699 7700 7701
f 2730 7698 7695
f 7698 2848 7701
f 7701 2849 7695
f 7698 7701 7695
f 1174 7696 1162
f 7696 2849 1162
f 2849 7700 1162
f 7700 1163 1162
f 1172 7275 7703
f 7275 2724 7702
f 7702 2851 7703
f 7275 7702 7703
f 2724 7272 7705
f 7272 1108 7704
f 7704 2850 7705
f 7272 7704 7705
f 2850 7706 7708
f 7706 1226 7707
f 7707 2851 7708
f 7706 7707 7708
f 2724 7705 7702
f 7705 2850 7708
f 7708 2851 7702
f 7705 7708 7702
f 1172 7703 7697
f 7703 2851 7709
f 7709 2848 7697
f 7703 7709 7697
f 2851 7707 7710
f 7707 1226 7421
f 7421 2771 7710
f 7707 7421 7710
f 2771 7418 7711
f 7418 1163 7699
f 7699 2848 7711
f 7418 7699 7711
f 2851 7710 7709
f 7710 2771 7711
f 7711 2848 7709
f 7710 7711 7709
f 1108 6733 1227
f 6733 2595 1227
f 2595 1107 1227
f 1108 1227 7704
f 1227 2850 7704
f 1227 1226 7706
f 7706 2850 1227
f 1107 1220 1229
f 1107 1229 1227
f 1129 6914 7713
f 6914 2638 7712
f 7712 2852 7713
f 6914 7712 7713
f 2638 6912 7714
f 6912 897 7618
f 7618 2828 7714
f 6912 7618 7714
f 2828 7620 7716
f 7620 1222 7715
f 7715 2852 7716
f 7620 7715 7716
f 2638 7714 7712
f 7714 2828 7716
f 7716 2852 7712
f 7714 7716 7712
f 1129 7713 1228
f 7713 2852 1228
f 2852 7715 1228
f 7715 1222 1228
f 966 908 1225
f 966 1225 2825
f 1161 2825 1225
f 1127 1126 1276
f 1276 1275 1127
f 1126 1146 7717
f 7717 2853 1126
f 2853 7718 1126
f 7718 1267 1126
f 1126 1267 1276
f 1146 7156 7720
f 7156 2700 7719
f 7719 2855 7720
f 7156 7719 7720
f 2700 7154 7722
f 7154 1145 7721
f 7721 2854 7722
f 7154 7721 7722
f 2854 7723 7725
f 7723 1268 7724
f 7724 2855 7725
f 7723 7724 7725
f 2700 7722 7719
f 7722 2854 7725
f 7725 2855 7719
f 7722 7725 7719
f 1146 7720 7717
f 7720 2855 7726
f 7726 2853 7717
f 7720 7726 7717
f 2855 7724 7727
f 7724 1268 7541
f 7541 2809 7727
f 7724 7541 7727
f 2809 7539 7728
f 7539 1267 7718
f 7718 2853 7728
f 7539 7718 7728
f 2855 7727 7726
f 7727 2809 7728
f 7728 2853 7726
f 7727 7728 7726
f 1145 1144 1273
f 1145 1273 7721
f 7729 2854 7721
f 1273 7729 7721
f 2814 7555 7730
f 7555 1268 7723
f 7723 2854 7730
f 7555 7723 7730
f 1273 2814 7730
f 7730 2854 7729
f 1273 7730 7729
f 1144 1154 1269
f 1144 1269 1273
f 1154 965 7731
f 965 1262 7731
f 1154 7731 1269
f 7731 1262 1269
f 1102 1101 1274
f 1274 1277 1102
f 1101 1143 1272
f 1101 1272 1274
f 953 1105 954
f 1105 1179 954
f 1229 1254 954
f 954 1254 955
f 1220 1218 1229
f 1229 1218 1254
f 976 1180 941
f 1180 1132 941
f 1220 911 7322
f 7322 2741 1220
f 2741 7319 1220
f 7319 1209 1220
f 1220 1209 7373
f 7373 2758 1220
f 2758 7377 1220
f 7377 1218 1220
f 976 1224 1228
f 976 1228 1180
f 1224 7638 7733
f 7638 2832 7732
f 7732 2856 7733
f 7638 7732 7733
f 2832 7636 7734
f 7636 910 7384
f 7384 2760 7734
f 7636 7384 7734
f 2760 7381 7736
f 7381 1129 7735
f 7735 2856 7736
f 7381 7735 7736
f 2832 7734 7732
f 7734 2760 7736
f 7736 2856 7732
f 7734 7736 7732
f 1224 7733 1228
f 7733 2856 1228
f 2856 7735 1228
f 7735 1129 1228
f 906 1176 7737
f 7737 2857 906
f 906 2857 907
f 907 2857 2729
f 2857 7737 2729
f 7737 1176 2729
f 2729 1175 907
f 912 911 1220
f 912 1220 1219
f 915 914 1281
f 915 1281 1230
f 912 1211 988
f 988 913 912
f 915 1230 906
f 906 1230 1176
f 1200 1196 1195
f 1200 1195 7353
f 1195 2751 7353
f 1195 1216 7355
f 7355 2751 1195
f 1206 1190 1189
f 1206 1189 1207
f 907 1215 7359
f 7359 2754 7738
f 907 7359 7738
f 2754 7363 7739
f 7363 1217 907
f 7363 907 7739
f 7738 2754 7739
f 7738 7739 907
f 907 1217 908
f 1283 7740 7742
f 7740 2858 7741
f 7741 1285 7742
f 7740 7741 7742
f 2858 7743 7744
f 7743 1284 1285
f 7743 1285 7744
f 2858 7744 7741
f 7744 1285 7745
f 7745 1285 7741
f 7744 7745 7741
f 1283 7742 1286
f 7742 1285 1286
f 1287 7746 7748
f 7746 2859 7747
f 7747 2861 7748
f 7746 7747 7748
f 2859 7749 7751
f 7749 1288 7750
f 7750 2860 7751
f 7749 7750 7751
f 2860 7752 7754
f 7752 198 7753
f 7753 2861 7754
f 7752 7753 7754
f 2859 7751 7747
f 7751 2860 7754
f 7754 2861 7747
f 7751 7754 7747
f 1287 7748 7756
f 7748 2861 7755
f 7755 2862 7756
f 7748 7755 7756
f 2861 7753 7757
f 7753 198 3566
f 3566 1639 7757
f 7753 3566 7757
f 1639 3564 7759
f 3564 197 7758
f 7758 2862 7759
f 3564 7758 7759
f 2861 7757 7755
f 7757 1639 7759
f 7759 2862 7755
f 7757 7759 7755
f 1283 7760 7762
f 7760 2863 7761
f 7761 2865 7762
f 7760 7761 7762
f 2863 7763 7765
f 7763 1289 7764
f 7764 2864 7765
f 7763 7764 7765
f 2864 7766 7768
f 7766 1290 7767
f 7767 2865 7768
f 7766 7767 7768
f 2863 7765 7761
f 7765 2864 7768
f 7768 2865 7761
f 7765 7768 7761
f 1283 7762 7740
f 7762 2865 7769
f 7769 2858 7740
f 7762 7769 7740
f 2865 7767 7771
f 7767 1290 7770
f 7770 2866 7771
f 7767 7770 7771
f 2866 7772 7773
f 7772 1284 7743
f 7743 2858 7773
f 7772 7743 7773
f 2865 7771 7769
f 7771 2866 7773
f 7773 2858 7769
f 7771 7773 7769
f 1291 7774 7776
f 7774 2867 7775
f 7775 2869 7776
f 7774 7775 7776
f 2867 7777 7779
f 7777 1292 7778
f 7778 2868 7779
f 7777 7778 7779
f 2868 7780 7782
f 7780 1293 7781
f 7781 2869 7782
f 7780 7781 7782
f 2867 7779 7775
f 7779 2868 7782
f 7782 2869 7775
f 7779 7782 7775
f 1291 7776 7784
f 7776 2869 7783
f 7783 2871 7784
f 7776 7783 7784
f 2869 7781 7786
f 7781 1293 7785
f 7785 2870 7786
f 7781 7785 7786
f 2870 7787 7789
f 7787 1294 7788
f 7788 2871 7789
f 7787 7788 7789
f 2869 7786 7783
f 7786 2870 7789
f 7789 2871 7783
f 7786 7789 7783
f 1295 119 1596
f 1596 66 1295
f 66 126 1295
f 134 137 127
f 125 131 214
f 131 215 214
f 1296 1297 1298
f 1296 1298 1299
f 1300 1301 7790
f 7790 2872 1300
f 2872 7791 1300
f 7791 1302 1300
f 1300 1302 7792
f 7792 2873 1300
f 2873 7793 1300
f 7793 1303 1300
f 218 213 3634
f 3634 1659 218
f 1659 3632 218
f 3632 207 218
f 218 207 3619
f 3619 1655 218
f 1655 3616 218
f 3616 212 218
f 1304 7794 7796
f 7794 1305 7795
f 7795 2874 7796
f 7794 7795 7796
f 2874 7797 7799
f 7797 1306 7798
f 7798 1304 7799
f 7797 7798 7799
f 7796 2874 7799
f 7796 7799 1304
f 1304 7798 7801
f 7798 1306 7800
f 7800 2875 7801
f 7798 7800 7801
f 2875 7802 1304
f 7802 1307 1304
f 7801 2875 1304
f 1308 7803 7805
f 7803 2876 7804
f 7804 2878 7805
f 7803 7804 7805
f 2876 7806 7808
f 7806 1309 7807
f 7807 2877 7808
f 7806 7807 7808
f 2877 7809 7811
f 7809 109 7810
f 7810 2878 7811
f 7809 7810 7811
f 2876 7808 7804
f 7808 2877 7811
f 7811 2878 7804
f 7808 7811 7804
f 1308 7805 7813
f 7805 2878 7812
f 7812 2879 7813
f 7805 7812 7813
f 2878 7810 7814
f 7810 109 3387
f 3387 1575 7814
f 7810 3387 7814
f 1575 3385 7816
f 3385 94 7815
f 7815 2879 7816
f 3385 7815 7816
f 2878 7814 7812
f 7814 1575 7816
f 7816 2879 7812
f 7814 7816 7812
f 1310 1311 1312
f 1310 1312 1313
f 31 34 1572
f 1572 3376 31
f 3376 101 31
f 31 101 143
f 1314 1295 214
f 214 203 1314
f 1300 1303 1315
f 1300 1315 1316
f 1317 1318 52
f 52 51 1317
f 47 145 43
f 43 145 148
f 1304 97 3375
f 3375 1571 1304
f 1571 3374 1304
f 3374 111 7817
f 3374 7817 1304
f 1304 7817 7820
f 7817 111 7819
f 7819 2880 7820
f 7817 7819 7820
f 2880 7821 7822
f 7821 1305 7794
f 7794 1304 7822
f 7821 7794 7822
f 1304 7820 7818
f 7820 2880 7822
f 7822 1304 7818
f 7820 7822 7818
f 1319 7823 7825
f 7823 2881 7824
f 7824 2883 7825
f 7823 7824 7825
f 2881 7826 7828
f 7826 1320 7827
f 7827 2882 7828
f 7826 7827 7828
f 2882 7829 7831
f 7829 1321 7830
f 7830 2883 7831
f 7829 7830 7831
f 2881 7828 7824
f 7828 2882 7831
f 7831 2883 7824
f 7828 7831 7824
f 1319 7825 7833
f 7825 2883 7832
f 7832 2885 7833
f 7825 7832 7833
f 2883 7830 7835
f 7830 1321 7834
f 7834 2884 7835
f 7830 7834 7835
f 2884 7836 7838
f 7836 1322 7837
f 7837 2885 7838
f 7836 7837 7838
f 2883 7835 7832
f 7835 2884 7838
f 7838 2885 7832
f 7835 7838 7832
f 38 1547 1323
f 1547 37 2886
f 1547 2886 1323
f 38 1323 1299
f 1314 202 1295
f 1295 202 3714
f 3714 1682 1295
f 1682 119 1295
f 7839 2888 1324
f 1324 1325 7840
f 7840 2887 7841
f 1324 7840 7841
f 2887 7842 7844
f 7842 1326 7843
f 7843 2888 7844
f 7842 7843 7844
f 1324 7841 7839
f 7841 2887 7844
f 7844 2888 7839
f 7841 7844 7839
f 2888 7843 7846
f 7843 1326 7845
f 7845 2889 7846
f 7843 7845 7846
f 2889 7847 7848
f 7847 1327 1324
f 7847 1324 7848
f 2888 7846 1324
f 7846 2889 7848
f 7846 7848 1324
f 1328 1311 7849
f 7849 2890 1328
f 2890 7850 1328
f 7850 1322 1328
f 1328 1322 7851
f 7851 2891 1328
f 2891 7852 1328
f 7852 1329 1328
f 1330 1328 7853
f 1328 2892 7853
f 1328 1329 7854
f 7854 2892 1328
f 1330 7853 7856
f 7853 2892 7855
f 7855 2894 7856
f 7853 7855 7856
f 2892 7854 7858
f 7854 1329 7857
f 7857 2893 7858
f 7854 7857 7858
f 2893 7859 7861
f 7859 1331 7860
f 7860 2894 7861
f 7859 7860 7861
f 2892 7858 7855
f 7858 2893 7861
f 7861 2894 7855
f 7858 7861 7855
f 143 140 31
f 140 27 31
f 1332 7862 7864
f 7862 2895 7863
f 7863 2897 7864
f 7862 7863 7864
f 2895 7865 7867
f 7865 1333 7866
f 7866 2896 7867
f 7865 7866 7867
f 2896 7868 7870
f 7868 1334 7869
f 7869 2897 7870
f 7868 7869 7870
f 2895 7867 7863
f 7867 2896 7870
f 7870 2897 7863
f 7867 7870 7863
f 1332 7864 7872
f 7864 2897 7871
f 7871 2899 7872
f 7864 7871 7872
f 2897 7869 7874
f 7869 1334 7873
f 7873 2898 7874
f 7869 7873 7874
f 2898 7875 7877
f 7875 1335 7876
f 7876 2899 7877
f 7875 7876 7877
f 2897 7874 7871
f 7874 2898 7877
f 7877 2899 7871
f 7874 7877 7871
f 1336 7878 1338
f 7878 2900 7879
f 7878 7879 1338
f 2900 7880 1338
f 7880 1337 1338
f 2900 1338 7879
f 1336 1338 7881
f 1338 2901 7881
f 1338 1339 2901
f 128 2902 7882
f 2902 2904 7882
f 2902 1340 7883
f 7883 2903 2902
f 2903 7884 2902
f 7884 210 7885
f 7885 2904 2902
f 7884 7885 2902
f 128 7882 7887
f 7882 2904 7886
f 7886 2905 7887
f 7882 7886 7887
f 2904 7885 7888
f 7885 210 3647
f 3647 1663 7888
f 7885 3647 7888
f 1663 3644 7890
f 3644 216 7889
f 7889 2905 7890
f 3644 7889 7890
f 2904 7888 7886
f 7888 1663 7890
f 7890 2905 7886
f 7888 7890 7886
f 1341 1342 7891
f 7891 2906 1341
f 2906 7892 1341
f 7892 1343 1341
f 1341 1343 7893
f 7893 2907 1341
f 2907 7894 1341
f 7894 1344 1341
f 1345 7895 7897
f 7895 2908 7896
f 7896 2910 7897
f 7895 7896 7897
f 2908 7898 7900
f 7898 1346 7899
f 7899 2909 7900
f 7898 7899 7900
f 2909 7901 7903
f 7901 1347 7902
f 7902 2910 7903
f 7901 7902 7903
f 2908 7900 7896
f 7900 2909 7903
f 7903 2910 7896
f 7900 7903 7896
f 1345 7897 7905
f 7897 2910 7904
f 7904 2912 7905
f 7897 7904 7905
f 2910 7902 7907
f 7902 1347 7906
f 7906 2911 7907
f 7902 7906 7907
f 2911 7908 7910
f 7908 1348 7909
f 7909 2912 7910
f 7908 7909 7910
f 2910 7907 7904
f 7907 2911 7910
f 7910 2912 7904
f 7907 7910 7904
f 1349 1350 1351
f 1349 1351 1352
f 1353 7911 7913
f 7911 2913 7912
f 7912 2915 7913
f 7911 7912 7913
f 2913 7914 7916
f 7914 1354 7915
f 7915 2914 7916
f 7914 7915 7916
f 2914 7917 7919
f 7917 1355 7918
f 7918 2915 7919
f 7917 7918 7919
f 2913 7916 7912
f 7916 2914 7919
f 7919 2915 7912
f 7916 7919 7912
f 1353 7913 7921
f 7913 2915 7920
f 7920 2917 7921
f 7913 7920 7921
f 2915 7918 7923
f 7918 1355 7922
f 7922 2916 7923
f 7918 7922 7923
f 2916 7924 7926
f 7924 1356 7925
f 7925 2917 7926
f 7924 7925 7926
f 2915 7923 7920
f 7923 2916 7926
f 7926 2917 7920
f 7923 7926 7920
f 1357 7927 1359
f 7927 2918 1359
f 2918 7928 1359
f 7928 1358 1359
f 1357 1359 7929
f 1359 2919 7929
f 1359 1360 7930
f 7930 2919 1359
f 1325 7931 7933
f 7931 2920 7932
f 7932 2922 7933
f 7931 7932 7933
f 2920 7934 7936
f 7934 1361 7935
f 7935 2921 7936
f 7934 7935 7936
f 2921 7937 7939
f 7937 1362 7938
f 7938 2922 7939
f 7937 7938 7939
f 2920 7936 7932
f 7936 2921 7939
f 7939 2922 7932
f 7936 7939 7932
f 1325 7933 7941
f 7933 2922 7940
f 7940 2924 7941
f 7933 7940 7941
f 2922 7938 7943
f 7938 1362 7942
f 7942 2923 7943
f 7938 7942 7943
f 2923 7944 7946
f 7944 1363 7945
f 7945 2924 7946
f 7944 7945 7946
f 2922 7943 7940
f 7943 2923 7946
f 7946 2924 7940
f 7943 7946 7940
f 1292 7947 1365
f 7947 2925 1365
f 2925 7948 1365
f 7948 1364 1365
f 1292 1365 7778
f 1365 2868 7778
f 1365 1293 7780
f 7780 2868 1365
f 1366 7949 7951
f 7949 2926 7950
f 7950 2928 7951
f 7949 7950 7951
f 2926 7952 7954
f 7952 1367 7953
f 7953 2927 7954
f 7952 7953 7954
f 2927 7955 7957
f 7955 1368 7956
f 7956 2928 7957
f 7955 7956 7957
f 2926 7954 7950
f 7954 2927 7957
f 7957 2928 7950
f 7954 7957 7950
f 1366 7951 7959
f 7951 2928 7958
f 7958 2930 7959
f 7951 7958 7959
f 2928 7956 7961
f 7956 1368 7960
f 7960 2929 7961
f 7956 7960 7961
f 2929 7962 7964
f 7962 1369 7963
f 7963 2930 7964
f 7962 7963 7964
f 2928 7961 7958
f 7961 2929 7964
f 7964 2930 7958
f 7961 7964 7958
f 1370 1371 1372
f 1372 1373 1370
f 1374 7965 7967
f 7965 2931 7966
f 7966 2933 7967
f 7965 7966 7967
f 2931 7968 7970
f 7968 1375 7969
f 7969 2932 7970
f 7968 7969 7970
f 2932 7971 7973
f 7971 1376 7972
f 7972 2933 7973
f 7971 7972 7973
f 2931 7970 7966
f 7970 2932 7973
f 7973 2933 7966
f 7970 7973 7966
f 1374 7967 1377
f 7967 2933 1377
f 2933 7972 1377
f 7972 1376 1377
f 1331 7974 7976
f 7974 2934 7975
f 7975 2936 7976
f 7974 7975 7976
f 2934 7977 7979
f 7977 1378 7978
f 7978 2935 7979
f 7977 7978 7979
f 2935 7980 7982
f 7980 1379 7981
f 7981 2936 7982
f 7980 7981 7982
f 2934 7979 7975
f 7979 2935 7982
f 7982 2936 7975
f 7979 7982 7975
f 1331 7976 7984
f 7976 2936 7983
f 7983 2938 7984
f 7976 7983 7984
f 2936 7981 7986
f 7981 1379 7985
f 7985 2937 7986
f 7981 7985 7986
f 2937 7987 7989
f 7987 1380 7988
f 7988 2938 7989
f 7987 7988 7989
f 2936 7986 7983
f 7986 2937 7989
f 7989 2938 7983
f 7986 7989 7983
f 1357 2939 1315
f 2939 7990 1315
f 7990 1381 1315
f 1357 1315 7927
f 1315 2918 7927
f 1315 1358 7928
f 7928 2918 1315
f 1382 7991 7993
f 7991 2940 7992
f 7992 2942 7993
f 7991 7992 7993
f 2940 7994 7996
f 7994 1383 7995
f 7995 2941 7996
f 7994 7995 7996
f 2941 7997 7999
f 7997 1384 7998
f 7998 2942 7999
f 7997 7998 7999
f 2940 7996 7992
f 7996 2941 7999
f 7999 2942 7992
f 7996 7999 7992
f 1382 7993 8001
f 7993 2942 8000
f 8000 2944 8001
f 7993 8000 8001
f 2942 7998 8003
f 7998 1384 8002
f 8002 2943 8003
f 7998 8002 8003
f 2943 8004 8006
f 8004 1385 8005
f 8005 2944 8006
f 8004 8005 8006
f 2942 8003 8000
f 8003 2943 8006
f 8006 2944 8000
f 8003 8006 8000
f 1386 8007 8009
f 8007 2945 8008
f 8008 2947 8009
f 8007 8008 8009
f 2945 8010 8012
f 8010 1387 8011
f 8011 2946 8012
f 8010 8011 8012
f 2946 8013 8015
f 8013 1388 8014
f 8014 2947 8015
f 8013 8014 8015
f 2945 8012 8008
f 8012 2946 8015
f 8015 2947 8008
f 8012 8015 8008
f 1386 8009 8017
f 8009 2947 8016
f 8016 2949 8017
f 8009 8016 8017
f 2947 8014 8019
f 8014 1388 8018
f 8018 2948 8019
f 8014 8018 8019
f 2948 8020 8022
f 8020 1389 8021
f 8021 2949 8022
f 8020 8021 8022
f 2947 8019 8016
f 8019 2948 8022
f 8022 2949 8016
f 8019 8022 8016
f 1291 7784 8024
f 7784 2871 8023
f 8023 2951 8024
f 7784 8023 8024
f 2871 7788 8026
f 7788 1294 8025
f 8025 2950 8026
f 7788 8025 8026
f 2950 8027 8029
f 8027 1290 8028
f 8028 2951 8029
f 8027 8028 8029
f 2871 8026 8023
f 8026 2950 8029
f 8029 2951 8023
f 8026 8029 8023
f 1291 8024 8031
f 8024 2951 8030
f 8030 2952 8031
f 8024 8030 8031
f 2951 8028 8032
f 8028 1290 7766
f 7766 2864 8032
f 8028 7766 8032
f 2864 7764 8034
f 7764 1289 8033
f 8033 2952 8034
f 7764 8033 8034
f 2951 8032 8030
f 8032 2864 8034
f 8034 2952 8030
f 8032 8034 8030
f 1389 8035 8037
f 8035 2953 8036
f 8036 2955 8037
f 8035 8036 8037
f 2953 8038 8040
f 8038 1390 8039
f 8039 2954 8040
f 8038 8039 8040
f 2954 8041 8043
f 8041 1391 8042
f 8042 2955 8043
f 8041 8042 8043
f 2953 8040 8036
f 8040 2954 8043
f 8043 2955 8036
f 8040 8043 8036
f 1389 8037 8021
f 8037 2955 8044
f 8044 2949 8021
f 8037 8044 8021
f 2955 8042 8046
f 8042 1391 8045
f 8045 2956 8046
f 8042 8045 8046
f 2956 8047 8048
f 8047 1386 8017
f 8017 2949 8048
f 8047 8017 8048
f 2955 8046 8044
f 8046 2956 8048
f 8048 2949 8044
f 8046 8048 8044
f 1392 8049 8051
f 8049 2957 8050
f 8050 2959 8051
f 8049 8050 8051
f 2957 8052 8054
f 8052 1393 8053
f 8053 2958 8054
f 8052 8053 8054
f 2958 8055 8057
f 8055 1382 8056
f 8056 2959 8057
f 8055 8056 8057
f 2957 8054 8050
f 8054 2958 8057
f 8057 2959 8050
f 8054 8057 8050
f 1392 8051 8059
f 8051 2959 8058
f 8058 2960 8059
f 8051 8058 8059
f 2959 8056 8060
f 8056 1382 8001
f 8001 2944 8060
f 8056 8001 8060
f 2944 8005 8062
f 8005 1385 8061
f 8061 2960 8062
f 8005 8061 8062
f 2959 8060 8058
f 8060 2944 8062
f 8062 2960 8058
f 8060 8062 8058
f 1394 8063 8065
f 8063 2961 8064
f 8064 2963 8065
f 8063 8064 8065
f 2961 8066 8068
f 8066 1395 8067
f 8067 2962 8068
f 8066 8067 8068
f 2962 8069 8071
f 8069 1396 8070
f 8070 2963 8071
f 8069 8070 8071
f 2961 8068 8064
f 8068 2962 8071
f 8071 2963 8064
f 8068 8071 8064
f 1394 8065 8073
f 8065 2963 8072
f 8072 2965 8073
f 8065 8072 8073
f 2963 8070 8075
f 8070 1396 8074
f 8074 2964 8075
f 8070 8074 8075
f 2964 8076 8078
f 8076 1330 8077
f 8077 2965 8078
f 8076 8077 8078
f 2963 8075 8072
f 8075 2964 8078
f 8078 2965 8072
f 8075 8078 8072
f 1304 1307 1318
f 1304 1318 1317
f 1352 1346 8079
f 8079 2966 1352
f 2966 8080 1352
f 8080 1379 1352
f 1352 1379 1349
f 1292 7777 8082
f 7777 2867 8081
f 8081 2968 8082
f 7777 8081 8082
f 2867 7774 8084
f 7774 1291 8083
f 8083 2967 8084
f 7774 8083 8084
f 2967 8085 8087
f 8085 1397 8086
f 8086 2968 8087
f 8085 8086 8087
f 2867 8084 8081
f 8084 2967 8087
f 8087 2968 8081
f 8084 8087 8081
f 1292 8082 8089
f 8082 2968 8088
f 8088 2970 8089
f 8082 8088 8089
f 2968 8086 8091
f 8086 1397 8090
f 8090 2969 8091
f 8086 8090 8091
f 2969 8092 8094
f 8092 1353 8093
f 8093 2970 8094
f 8092 8093 8094
f 2968 8091 8088
f 8091 2969 8094
f 8094 2970 8088
f 8091 8094 8088
f 1398 8095 8097
f 8095 2971 8096
f 8096 2973 8097
f 8095 8096 8097
f 2971 8098 8100
f 8098 1390 8099
f 8099 2972 8100
f 8098 8099 8100
f 2972 8101 8103
f 8101 1399 8102
f 8102 2973 8103
f 8101 8102 8103
f 2971 8100 8096
f 8100 2972 8103
f 8103 2973 8096
f 8100 8103 8096
f 1398 8097 8105
f 8097 2973 8104
f 8104 2975 8105
f 8097 8104 8105
f 2973 8102 8107
f 8102 1399 8106
f 8106 2974 8107
f 8102 8106 8107
f 2974 8108 8110
f 8108 1400 8109
f 8109 2975 8110
f 8108 8109 8110
f 2973 8107 8104
f 8107 2974 8110
f 8110 2975 8104
f 8107 8110 8104
f 1401 1383 8111
f 8111 2976 1401
f 2976 8112 1401
f 8112 1369 1401
f 1401 1369 8113
f 8113 2977 1401
f 2977 8114 1401
f 8114 1402 1401
f 1360 8115 8117
f 8115 2978 8116
f 8116 2980 8117
f 8115 8116 8117
f 2978 8118 8120
f 8118 1354 8119
f 8119 2979 8120
f 8118 8119 8120
f 2979 8121 8123
f 8121 1403 8122
f 8122 2980 8123
f 8121 8122 8123
f 2978 8120 8116
f 8120 2979 8123
f 8123 2980 8116
f 8120 8123 8116
f 1360 8117 7930
f 8117 2980 8124
f 8124 2919 7930
f 8117 8124 7930
f 2980 8122 8126
f 8122 1403 8125
f 8125 2981 8126
f 8122 8125 8126
f 2981 8127 8128
f 8127 1357 7929
f 7929 2919 8128
f 8127 7929 8128
f 2980 8126 8124
f 8126 2981 8128
f 8128 2919 8124
f 8126 8128 8124
f 1404 8129 8131
f 8129 2982 8130
f 8130 2983 8131
f 8129 8130 8131
f 2982 8132 8133
f 8132 1385 8004
f 8004 2943 8133
f 8132 8004 8133
f 2943 8002 8135
f 8002 1384 8134
f 8134 2983 8135
f 8002 8134 8135
f 2982 8133 8130
f 8133 2943 8135
f 8135 2983 8130
f 8133 8135 8130
f 1404 8131 8137
f 8131 2983 8136
f 8136 2985 8137
f 8131 8136 8137
f 2983 8134 8139
f 8134 1384 8138
f 8138 2984 8139
f 8134 8138 8139
f 2984 8140 8142
f 8140 1405 8141
f 8141 2985 8142
f 8140 8141 8142
f 2983 8139 8136
f 8139 2984 8142
f 8142 2985 8136
f 8139 8142 8136
f 1406 1407 2986
f 1408 1406 2986
f 1406 1408 1349
f 1331 7859 8144
f 7859 2893 8143
f 8143 2988 8144
f 7859 8143 8144
f 2893 7857 8146
f 7857 1329 8145
f 8145 2987 8146
f 7857 8145 8146
f 2987 8147 8149
f 8147 1409 8148
f 8148 2988 8149
f 8147 8148 8149
f 2893 8146 8143
f 8146 2987 8149
f 8149 2988 8143
f 8146 8149 8143
f 1331 8144 7974
f 8144 2988 8150
f 8150 2934 7974
f 8144 8150 7974
f 2988 8148 8152
f 8148 1409 8151
f 8151 2989 8152
f 8148 8151 8152
f 2989 8153 8154
f 8153 1378 7977
f 7977 2934 8154
f 8153 7977 8154
f 2988 8152 8150
f 8152 2989 8154
f 8154 2934 8150
f 8152 8154 8150
f 8155 1411 8156
f 8156 2990 1410
f 8155 8156 1410
f 2990 8157 1410
f 8157 1412 1410
f 1410 1412 8158
f 8158 2991 1410
f 2991 8159 1410
f 8159 1413 1410
f 1346 7898 8161
f 7898 2908 8160
f 8160 2993 8161
f 7898 8160 8161
f 2908 7895 8163
f 7895 1345 8162
f 8162 2992 8163
f 7895 8162 8163
f 2992 8164 8166
f 8164 1380 8165
f 8165 2993 8166
f 8164 8165 8166
f 2908 8163 8160
f 8163 2992 8166
f 8166 2993 8160
f 8163 8166 8160
f 1346 8161 8079
f 8161 2993 8167
f 8167 2966 8079
f 8161 8167 8079
f 2993 8165 8168
f 8165 1380 7987
f 7987 2937 8168
f 8165 7987 8168
f 2937 7985 8169
f 7985 1379 8080
f 8080 2966 8169
f 7985 8080 8169
f 2993 8168 8167
f 8168 2937 8169
f 8169 2966 8167
f 8168 8169 8167
f 1366 7959 8171
f 7959 2930 8170
f 8170 2994 8171
f 7959 8170 8171
f 2930 7963 8172
f 7963 1369 8112
f 8112 2976 8172
f 7963 8112 8172
f 2976 8111 8174
f 8111 1383 8173
f 8173 2994 8174
f 8111 8173 8174
f 2930 8172 8170
f 8172 2976 8174
f 8174 2994 8170
f 8172 8174 8170
f 1366 8171 8176
f 8171 2994 8175
f 8175 2995 8176
f 8171 8175 8176
f 2994 8173 8177
f 8173 1383 7994
f 7994 2940 8177
f 8173 7994 8177
f 2940 7991 8179
f 7991 1382 8178
f 8178 2995 8179
f 7991 8178 8179
f 2994 8177 8175
f 8177 2940 8179
f 8179 2995 8175
f 8177 8179 8175
f 1354 7914 8181
f 7914 2913 8180
f 8180 2996 8181
f 7914 8180 8181
f 2913 7911 8182
f 7911 1353 8092
f 8092 2969 8182
f 7911 8092 8182
f 2969 8090 8184
f 8090 1397 8183
f 8183 2996 8184
f 8090 8183 8184
f 2913 8182 8180
f 8182 2969 8184
f 8184 2996 8180
f 8182 8184 8180
f 1354 8181 8119
f 8181 2996 8185
f 8185 2979 8119
f 8181 8185 8119
f 2996 8183 8187
f 8183 1397 8186
f 8186 2997 8187
f 8183 8186 8187
f 2997 8188 8189
f 8188 1403 8121
f 8121 2979 8189
f 8188 8121 8189
f 2996 8187 8185
f 8187 2997 8189
f 8189 2979 8185
f 8187 8189 8185
f 1415 1416 1414
f 1414 1416 8190
f 8190 2998 1414
f 2998 8191 8193
f 8191 1417 8192
f 8192 2999 8193
f 8191 8192 8193
f 1414 2998 8193
f 8193 2999 1414
f 1337 7880 8195
f 7880 2900 8194
f 8194 3001 8195
f 7880 8194 8195
f 2900 7878 8197
f 7878 1336 8196
f 8196 3000 8197
f 7878 8196 8197
f 3000 8198 8200
f 8198 1418 8199
f 8199 3001 8200
f 8198 8199 8200
f 2900 8197 8194
f 8197 3000 8200
f 8200 3001 8194
f 8197 8200 8194
f 1337 8195 8202
f 8195 3001 8201
f 8201 3003 8202
f 8195 8201 8202
f 3001 8199 8204
f 8199 1418 8203
f 8203 3002 8204
f 8199 8203 8204
f 3002 8205 8207
f 8205 1419 8206
f 8206 3003 8207
f 8205 8206 8207
f 3001 8204 8201
f 8204 3002 8207
f 8207 3003 8201
f 8204 8207 8201
f 1337 8202 8209
f 8202 3003 8208
f 8208 3005 8209
f 8202 8208 8209
f 3003 8206 8211
f 8206 1419 8210
f 8210 3004 8211
f 8206 8210 8211
f 3004 8212 8214
f 8212 1347 8213
f 8213 3005 8214
f 8212 8213 8214
f 3003 8211 8208
f 8211 3004 8214
f 8214 3005 8208
f 8211 8214 8208
f 1337 8209 1420
f 8209 3005 1420
f 3005 8213 1420
f 8213 1347 1420
f 1370 1345 7905
f 7905 2912 1370
f 2912 7909 1370
f 7909 1348 1370
f 1370 1348 8215
f 8215 3006 1370
f 3006 8216 1370
f 8216 1371 1370
f 1421 8217 8219
f 8217 3007 8218
f 8218 3009 8219
f 8217 8218 8219
f 3007 8220 8222
f 8220 1422 8221
f 8221 3008 8222
f 8220 8221 8222
f 3008 8223 8225
f 8223 1423 8224
f 8224 3009 8225
f 8223 8224 8225
f 3007 8222 8218
f 8222 3008 8225
f 8225 3009 8218
f 8222 8225 8218
f 1421 8219 8227
f 8219 3009 8226
f 8226 3011 8227
f 8219 8226 8227
f 3009 8224 8229
f 8224 1423 8228
f 8228 3010 8229
f 8224 8228 8229
f 3010 8230 8232
f 8230 1368 8231
f 8231 3011 8232
f 8230 8231 8232
f 3009 8229 8226
f 8229 3010 8232
f 8232 3011 8226
f 8229 8232 8226
f 1416 1415 1424
f 1416 1424 8233
f 1424 3012 8233
f 1424 1362 8234
f 8234 3012 1424
f 1412 8235 8237
f 8235 3013 8236
f 8236 3015 8237
f 8235 8236 8237
f 3013 8238 8240
f 8238 1363 8239
f 8239 3014 8240
f 8238 8239 8240
f 3014 8241 8243
f 8241 1425 8242
f 8242 3015 8243
f 8241 8242 8243
f 3013 8240 8236
f 8240 3014 8243
f 8243 3015 8236
f 8240 8243 8236
f 1412 8237 8158
f 8237 3015 8244
f 8244 2991 8158
f 8237 8244 8158
f 3015 8242 8246
f 8242 1425 8245
f 8245 3016 8246
f 8242 8245 8246
f 3016 8247 8248
f 8247 1413 8159
f 8159 2991 8248
f 8247 8159 8248
f 3015 8246 8244
f 8246 3016 8248
f 8248 2991 8244
f 8246 8248 8244
f 1324 1426 8249
f 1426 3017 8249
f 1426 1361 8250
f 8250 3017 8251
f 1426 8250 8251
f 8251 3017 1426
f 8249 3017 8252
f 8249 8252 1324
f 3017 8250 8253
f 8250 1361 7934
f 7934 2920 8253
f 8250 7934 8253
f 2920 7931 8254
f 7931 1325 1324
f 7931 1324 8254
f 3017 8253 8252
f 8253 2920 8254
f 8254 1324 8252
f 8253 8254 8252
f 1353 7921 8256
f 7921 2917 8255
f 8255 3019 8256
f 7921 8255 8256
f 2917 7925 8258
f 7925 1356 8257
f 8257 3018 8258
f 7925 8257 8258
f 3018 8259 8261
f 8259 1364 8260
f 8260 3019 8261
f 8259 8260 8261
f 2917 8258 8255
f 8258 3018 8261
f 8261 3019 8255
f 8258 8261 8255
f 1353 8256 8093
f 8256 3019 8262
f 8262 2970 8093
f 8256 8262 8093
f 3019 8260 8263
f 8260 1364 7948
f 7948 2925 8263
f 8260 7948 8263
f 2925 7947 8264
f 7947 1292 8089
f 8089 2970 8264
f 7947 8089 8264
f 3019 8263 8262
f 8263 2925 8264
f 8264 2970 8262
f 8263 8264 8262
f 1427 1428 8265
f 1428 3020 8265
f 1428 1367 8266
f 8266 3020 1428
f 1427 8265 8268
f 8265 3020 8267
f 8267 3021 8268
f 8265 8267 8268
f 3020 8266 8269
f 8266 1367 7952
f 7952 2926 8269
f 8266 7952 8269
f 2926 7949 8271
f 7949 1366 8270
f 8270 3021 8271
f 7949 8270 8271
f 3020 8269 8267
f 8269 2926 8271
f 8271 3021 8267
f 8269 8271 8267
f 1429 8272 8274
f 8272 3022 8273
f 8273 3024 8274
f 8272 8273 8274
f 3022 8275 8277
f 8275 1387 8276
f 8276 3023 8277
f 8275 8276 8277
f 3023 8278 8280
f 8278 1430 8279
f 8279 3024 8280
f 8278 8279 8280
f 3022 8277 8273
f 8277 3023 8280
f 8280 3024 8273
f 8277 8280 8273
f 1429 8274 8282
f 8274 3024 8281
f 8281 3026 8282
f 8274 8281 8282
f 3024 8279 8284
f 8279 1430 8283
f 8283 3025 8284
f 8279 8283 8284
f 3025 8285 8287
f 8285 1431 8286
f 8286 3026 8287
f 8285 8286 8287
f 3024 8284 8281
f 8284 3025 8287
f 8287 3026 8281
f 8284 8287 8281
f 1379 7980 1406
f 7980 2935 1406
f 2935 7978 1406
f 7978 1378 1406
f 1379 1406 1349
f 1370 1373 8288
f 8288 3027 1370
f 3027 8289 1370
f 8289 1395 1370
f 1370 1395 8066
f 8066 2961 1370
f 2961 8063 1370
f 8063 1394 1370
f 1342 8290 8292
f 8290 3028 8291
f 8291 3030 8292
f 8290 8291 8292
f 3028 8293 8295
f 8293 1432 8294
f 8294 3029 8295
f 8293 8294 8295
f 3029 8296 8298
f 8296 1355 8297
f 8297 3030 8298
f 8296 8297 8298
f 3028 8295 8291
f 8295 3029 8298
f 8298 3030 8291
f 8295 8298 8291
f 1342 8292 8300
f 8292 3030 8299
f 8299 3032 8300
f 8292 8299 8300
f 3030 8297 8302
f 8297 1355 8301
f 8301 3031 8302
f 8297 8301 8302
f 3031 8303 8305
f 8303 1433 8304
f 8304 3032 8305
f 8303 8304 8305
f 3030 8302 8299
f 8302 3031 8305
f 8305 3032 8299
f 8302 8305 8299
f 1325 7941 8307
f 7941 2924 8306
f 8306 3033 8307
f 7941 8306 8307
f 2924 7945 8308
f 7945 1363 8238
f 8238 3013 8308
f 7945 8238 8308
f 3013 8235 8310
f 8235 1412 8309
f 8309 3033 8310
f 8235 8309 8310
f 2924 8308 8306
f 8308 3013 8310
f 8310 3033 8306
f 8308 8310 8306
f 1325 8307 7840
f 8307 3033 8311
f 8311 2887 7840
f 8307 8311 7840
f 3033 8309 8313
f 8309 1412 8312
f 8312 3034 8313
f 8309 8312 8313
f 3034 8314 8315
f 8314 1326 7842
f 7842 2887 8315
f 8314 7842 8315
f 3033 8313 8311
f 8313 3034 8315
f 8315 2887 8311
f 8313 8315 8311
f 1412 8157 8317
f 8157 2990 8316
f 8316 3036 8317
f 8157 8316 8317
f 2990 8156 8319
f 8156 1411 8318
f 8318 3035 8319
f 8156 8318 8319
f 3035 8320 8322
f 8320 1434 8321
f 8321 3036 8322
f 8320 8321 8322
f 2990 8319 8316
f 8319 3035 8322
f 8322 3036 8316
f 8319 8322 8316
f 1412 8317 8312
f 8317 3036 8323
f 8323 3034 8312
f 8317 8323 8312
f 3036 8321 8325
f 8321 1434 8324
f 8324 3037 8325
f 8321 8324 8325
f 3037 8326 8327
f 8326 1326 8314
f 8314 3034 8327
f 8326 8314 8327
f 3036 8325 8323
f 8325 3037 8327
f 8327 3034 8323
f 8325 8327 8323
f 1435 8328 8330
f 8328 3038 8329
f 8329 3040 8330
f 8328 8329 8330
f 3038 8331 8333
f 8331 1436 8332
f 8332 3039 8333
f 8331 8332 8333
f 3039 8334 8336
f 8334 1403 8335
f 8335 3040 8336
f 8334 8335 8336
f 3038 8333 8329
f 8333 3039 8336
f 8336 3040 8329
f 8333 8336 8329
f 1435 8330 8338
f 8330 3040 8337
f 8337 3041 8338
f 8330 8337 8338
f 3040 8335 8339
f 8335 1403 8188
f 8188 2997 8339
f 8335 8188 8339
f 2997 8186 8341
f 8186 1397 8340
f 8340 3041 8341
f 8186 8340 8341
f 3040 8339 8337
f 8339 2997 8341
f 8341 3041 8337
f 8339 8341 8337
f 1437 8342 8344
f 8342 3042 8343
f 8343 3044 8344
f 8342 8343 8344
f 3042 8345 8347
f 8345 1429 8346
f 8346 3043 8347
f 8345 8346 8347
f 3043 8348 8350
f 8348 1438 8349
f 8349 3044 8350
f 8348 8349 8350
f 3042 8347 8343
f 8347 3043 8350
f 8350 3044 8343
f 8347 8350 8343
f 1437 8344 8352
f 8344 3044 8351
f 8351 3046 8352
f 8344 8351 8352
f 3044 8349 8354
f 8349 1438 8353
f 8353 3045 8354
f 8349 8353 8354
f 3045 8355 8357
f 8355 1439 8356
f 8356 3046 8357
f 8355 8356 8357
f 3044 8354 8351
f 8354 3045 8357
f 8357 3046 8351
f 8354 8357 8351
f 1437 8352 8359
f 8352 3046 8358
f 8358 3048 8359
f 8352 8358 8359
f 3046 8356 8361
f 8356 1439 8360
f 8360 3047 8361
f 8356 8360 8361
f 3047 8362 8364
f 8362 1440 8363
f 8363 3048 8364
f 8362 8363 8364
f 3046 8361 8358
f 8361 3047 8364
f 8364 3048 8358
f 8361 8364 8358
f 1437 8359 8366
f 8359 3048 8365
f 8365 3050 8366
f 8359 8365 8366
f 3048 8363 8368
f 8363 1440 8367
f 8367 3049 8368
f 8363 8367 8368
f 3049 8369 8371
f 8369 1441 8370
f 8370 3050 8371
f 8369 8370 8371
f 3048 8368 8365
f 8368 3049 8371
f 8371 3050 8365
f 8368 8371 8365
f 1434 8320 8373
f 8320 3035 8372
f 8372 3052 8373
f 8320 8372 8373
f 3035 8318 8375
f 8318 1411 8374
f 8374 3051 8375
f 8318 8374 8375
f 3051 8376 8378
f 8376 1442 8377
f 8377 3052 8378
f 8376 8377 8378
f 3035 8375 8372
f 8375 3051 8378
f 8378 3052 8372
f 8375 8378 8372
f 1434 8373 8380
f 8373 3052 8379
f 8379 3054 8380
f 8373 8379 8380
f 3052 8377 8382
f 8377 1442 8381
f 8381 3053 8382
f 8377 8381 8382
f 3053 8383 8385
f 8383 1443 8384
f 8384 3054 8385
f 8383 8384 8385
f 3052 8382 8379
f 8382 3053 8385
f 8385 3054 8379
f 8382 8385 8379
f 1378 8153 1406
f 8153 2989 1406
f 2989 8151 1406
f 8151 1409 1406
f 1389 8020 8387
f 8020 2948 8386
f 8386 3056 8387
f 8020 8386 8387
f 2948 8018 8389
f 8018 1388 8388
f 8388 3055 8389
f 8018 8388 8389
f 3055 8390 8392
f 8390 1444 8391
f 8391 3056 8392
f 8390 8391 8392
f 2948 8389 8386
f 8389 3055 8392
f 8392 3056 8386
f 8389 8392 8386
f 1389 8387 8394
f 8387 3056 8393
f 8393 3058 8394
f 8387 8393 8394
f 3056 8391 8396
f 8391 1444 8395
f 8395 3057 8396
f 8391 8395 8396
f 3057 8397 8399
f 8397 1445 8398
f 8398 3058 8399
f 8397 8398 8399
f 3056 8396 8393
f 8396 3057 8399
f 8399 3058 8393
f 8396 8399 8393
f 1404 8400 8402
f 8400 3059 8401
f 8401 3061 8402
f 8400 8401 8402
f 3059 8403 8405
f 8403 1438 8404
f 8404 3060 8405
f 8403 8404 8405
f 3060 8406 8408
f 8406 1446 8407
f 8407 3061 8408
f 8406 8407 8408
f 3059 8405 8401
f 8405 3060 8408
f 8408 3061 8401
f 8405 8408 8401
f 1404 8402 8410
f 8402 3061 8409
f 8409 3063 8410
f 8402 8409 8410
f 3061 8407 8411
f 8407 1446 3062
f 8407 3062 8411
f 3062 1447 8412
f 8412 3063 8413
f 3062 8412 8413
f 3061 8411 8409
f 8411 3062 8413
f 8413 3063 8409
f 8411 8413 8409
f 59 58 1448
f 1448 1449 59
f 1283 1286 8414
f 1286 3064 8414
f 1286 1391 8415
f 8415 3064 1286
f 1283 8414 8417
f 8414 3064 8416
f 8416 3066 8417
f 8414 8416 8417
f 3064 8415 8419
f 8415 1391 8418
f 8418 3065 8419
f 8415 8418 8419
f 3065 8420 8422
f 8420 1450 8421
f 8421 3066 8422
f 8420 8421 8422
f 3064 8419 8416
f 8419 3065 8422
f 8422 3066 8416
f 8419 8422 8416
f 1398 8423 8425
f 8423 3067 8424
f 8424 3068 8425
f 8423 8424 8425
f 3067 8426 8427
f 8426 1436 8331
f 8331 3038 8427
f 8426 8331 8427
f 3038 8328 8429
f 8328 1435 8428
f 8428 3068 8429
f 8328 8428 8429
f 3067 8427 8424
f 8427 3038 8429
f 8429 3068 8424
f 8427 8429 8424
f 1398 8425 8431
f 8425 3068 8430
f 8430 3070 8431
f 8425 8430 8431
f 3068 8428 8433
f 8428 1435 8432
f 8432 3069 8433
f 8428 8432 8433
f 3069 8434 8436
f 8434 1450 8435
f 8435 3070 8436
f 8434 8435 8436
f 3068 8433 8430
f 8433 3069 8436
f 8436 3070 8430
f 8433 8436 8430
f 41 150 1316
f 150 1300 1316
f 1335 7875 8438
f 7875 2898 8437
f 8437 3072 8438
f 7875 8437 8438
f 2898 7873 8440
f 7873 1334 8439
f 8439 3071 8440
f 7873 8439 8440
f 3071 8441 8443
f 8441 1302 8442
f 8442 3072 8443
f 8441 8442 8443
f 2898 8440 8437
f 8440 3071 8443
f 8443 3072 8437
f 8440 8443 8437
f 1335 8438 8445
f 8438 3072 8444
f 8444 3073 8445
f 8438 8444 8445
f 3072 8442 8446
f 8442 1302 7791
f 7791 2872 8446
f 8442 7791 8446
f 2872 7790 8448
f 7790 1301 8447
f 8447 3073 8448
f 7790 8447 8448
f 3072 8446 8444
f 8446 2872 8448
f 8448 3073 8444
f 8446 8448 8444
f 1357 8449 8451
f 8449 3074 8450
f 8450 3075 8451
f 8449 8450 8451
f 3074 8452 8453
f 8452 1400 8108
f 8108 2974 8453
f 8452 8108 8453
f 2974 8106 8455
f 8106 1399 8454
f 8454 3075 8455
f 8106 8454 8455
f 3074 8453 8450
f 8453 2974 8455
f 8455 3075 8450
f 8453 8455 8450
f 1357 8451 2939
f 8451 3075 8456
f 8451 8456 2939
f 3075 8454 8458
f 8454 1399 8457
f 8457 3076 8458
f 8454 8457 8458
f 3076 8459 8460
f 8459 1381 7990
f 7990 2939 8460
f 8459 7990 8460
f 3075 8458 8456
f 8458 3076 8460
f 8460 2939 8456
f 8458 8460 8456
f 1299 1323 8461
f 8461 3077 1299
f 3077 1376 1299
f 1299 1376 1296
f 1287 1314 8462
f 1314 3078 8462
f 1314 203 8463
f 8463 3078 1314
f 1287 8462 8465
f 8462 3078 8464
f 8464 3079 8465
f 8462 8464 8465
f 3078 8463 8466
f 8463 203 3579
f 3579 1645 8466
f 8463 3579 8466
f 1645 3584 8468
f 3584 205 8467
f 8467 3079 8468
f 3584 8467 8468
f 3078 8466 8464
f 8466 1645 8468
f 8468 3079 8464
f 8466 8468 8464
f 1296 1451 8469
f 8469 3080 1296
f 3080 8470 1296
f 8470 1440 1296
f 1296 1440 8471
f 8471 3081 1296
f 3081 8472 1296
f 8472 1297 1296
f 1305 7821 8474
f 7821 2880 8473
f 8473 3082 8474
f 7821 8473 8474
f 2880 7819 8475
f 7819 111 107
f 7819 107 8475
f 107 3082 8476
f 2880 8475 8473
f 8475 107 8476
f 8476 3082 8473
f 8475 8476 8473
f 1305 8474 147
f 8474 3082 8477
f 8474 8477 147
f 3082 107 8478
f 3082 8478 8477
f 8478 107 147
f 8478 147 8477
f 1324 1327 8479
f 8479 3083 8480
f 1324 8479 8480
f 3083 8481 1324
f 8481 1294 1324
f 8480 3083 1324
f 1324 1294 7787
f 7787 2870 1324
f 2870 7785 1324
f 7785 1293 1324
f 1452 3084 8482
f 8482 3086 8483
f 1452 8482 8483
f 3084 8484 8486
f 8484 1453 8485
f 8485 3085 8486
f 8484 8485 8486
f 3085 8487 8489
f 8487 227 8488
f 8488 3086 8489
f 8487 8488 8489
f 3084 8486 8482
f 8486 3085 8489
f 8489 3086 8482
f 8486 8489 8482
f 1452 8483 225
f 8483 3086 225
f 3086 8488 225
f 8488 227 225
f 1394 8073 8491
f 8073 2965 8490
f 8490 3087 8491
f 8073 8490 8491
f 2965 8077 8492
f 8077 1330 7856
f 7856 2894 8492
f 8077 7856 8492
f 2894 7860 8494
f 7860 1331 8493
f 8493 3087 8494
f 7860 8493 8494
f 2965 8492 8490
f 8492 2894 8494
f 8494 3087 8490
f 8492 8494 8490
f 1394 8491 8496
f 8491 3087 8495
f 8495 3088 8496
f 8491 8495 8496
f 3087 8493 8497
f 8493 1331 7984
f 7984 2938 8497
f 8493 7984 8497
f 2938 7988 8499
f 7988 1380 8498
f 8498 3088 8499
f 7988 8498 8499
f 3087 8497 8495
f 8497 2938 8499
f 8499 3088 8495
f 8497 8499 8495
f 1442 8376 1410
f 8376 3051 1410
f 3051 8374 1410
f 8374 1411 8155
f 8374 8155 1410
f 1443 8500 8501
f 8500 3089 1454
f 8500 1454 8501
f 3089 8502 1454
f 8502 1333 1454
f 1443 8501 1455
f 8501 1454 1455
f 1456 8503 8505
f 8503 3090 8504
f 8504 3091 8505
f 8503 8504 8505
f 3090 8506 8507
f 8506 1432 8293
f 8293 3028 8507
f 8506 8293 8507
f 3028 8290 8509
f 8290 1342 8508
f 8508 3091 8509
f 8290 8508 8509
f 3090 8507 8504
f 8507 3028 8509
f 8509 3091 8504
f 8507 8509 8504
f 1456 8505 1341
f 8505 3091 1341
f 3091 8508 1341
f 8508 1342 1341
f 1403 8334 8511
f 8334 3039 8510
f 8510 3093 8511
f 8334 8510 8511
f 3039 8332 8513
f 8332 1436 8512
f 8512 3092 8513
f 8332 8512 8513
f 3092 8514 8516
f 8514 1400 8515
f 8515 3093 8516
f 8514 8515 8516
f 3039 8513 8510
f 8513 3092 8516
f 8516 3093 8510
f 8513 8516 8510
f 1403 8511 8125
f 8511 3093 8517
f 8517 2981 8125
f 8511 8517 8125
f 3093 8515 8518
f 8515 1400 8452
f 8452 3074 8518
f 8515 8452 8518
f 3074 8449 8519
f 8449 1357 8127
f 8127 2981 8519
f 8449 8127 8519
f 3093 8518 8517
f 8518 3074 8519
f 8519 2981 8517
f 8518 8519 8517
f 1427 8268 8521
f 8268 3021 8520
f 8520 3095 8521
f 8268 8520 8521
f 3021 8270 8523
f 8270 1366 8522
f 8522 3094 8523
f 8270 8522 8523
f 3094 8524 8526
f 8524 1457 8525
f 8525 3095 8526
f 8524 8525 8526
f 3021 8523 8520
f 8523 3094 8526
f 8526 3095 8520
f 8523 8526 8520
f 1458 8527 8529
f 8527 3096 8528
f 8528 3097 8529
f 8527 8528 8529
f 3096 8530 8531
f 8530 1422 8220
f 8220 3007 8531
f 8530 8220 8531
f 3007 8217 8533
f 8217 1421 8532
f 8532 3097 8533
f 8217 8532 8533
f 3096 8531 8528
f 8531 3007 8533
f 8533 3097 8528
f 8531 8533 8528
f 1458 8529 8535
f 8529 3097 8534
f 8534 3099 8535
f 8529 8534 8535
f 3097 8532 8537
f 8532 1421 8536
f 8536 3098 8537
f 8532 8536 8537
f 3098 8538 8540
f 8538 1459 8539
f 8539 3099 8540
f 8538 8539 8540
f 3097 8537 8534
f 8537 3098 8540
f 8540 3099 8534
f 8537 8540 8534
f 1383 1401 8541
f 1401 3100 8541
f 1401 1460 8542
f 8542 3100 1401
f 1383 8541 7995
f 8541 3100 8543
f 8543 2941 7995
f 8541 8543 7995
f 3100 8542 8545
f 8542 1460 8544
f 8544 3101 8545
f 8542 8544 8545
f 3101 8546 8547
f 8546 1384 7997
f 7997 2941 8547
f 8546 7997 8547
f 3100 8545 8543
f 8545 3101 8547
f 8547 2941 8543
f 8545 8547 8543
f 1326 8326 8549
f 8326 3037 8548
f 8548 3103 8549
f 8326 8548 8549
f 3037 8324 8551
f 8324 1434 8550
f 8550 3102 8551
f 8324 8550 8551
f 3102 8552 8554
f 8552 1461 8553
f 8553 3103 8554
f 8552 8553 8554
f 3037 8551 8548
f 8551 3102 8554
f 8554 3103 8548
f 8551 8554 8548
f 1326 8549 7845
f 8549 3103 8555
f 8555 2889 7845
f 8549 8555 7845
f 3103 8553 8557
f 8553 1461 8556
f 8556 3104 8557
f 8553 8556 8557
f 3104 8558 8559
f 8558 1327 7847
f 7847 2889 8559
f 8558 7847 8559
f 3103 8557 8555
f 8557 3104 8559
f 8559 2889 8555
f 8557 8559 8555
f 1393 8560 8562
f 8560 3105 8561
f 8561 3106 8562
f 8560 8561 8562
f 3105 8563 8564
f 8563 1457 8524
f 8524 3094 8564
f 8563 8524 8564
f 3094 8522 8566
f 8522 1366 8565
f 8565 3106 8566
f 8522 8565 8566
f 3105 8564 8561
f 8564 3094 8566
f 8566 3106 8561
f 8564 8566 8561
f 1393 8562 8053
f 8562 3106 8567
f 8567 2958 8053
f 8562 8567 8053
f 3106 8565 8568
f 8565 1366 8176
f 8176 2995 8568
f 8565 8176 8568
f 2995 8178 8569
f 8178 1382 8055
f 8055 2958 8569
f 8178 8055 8569
f 3106 8568 8567
f 8568 2995 8569
f 8569 2958 8567
f 8568 8569 8567
f 1400 8514 8109
f 8514 3092 8570
f 8570 2975 8109
f 8514 8570 8109
f 3092 8512 8571
f 8512 1436 8426
f 8426 3067 8571
f 8512 8426 8571
f 3067 8423 8572
f 8423 1398 8105
f 8105 2975 8572
f 8423 8105 8572
f 3092 8571 8570
f 8571 3067 8572
f 8572 2975 8570
f 8571 8572 8570
f 1393 8052 8574
f 8052 2957 8573
f 8573 3108 8574
f 8052 8573 8574
f 2957 8049 8576
f 8049 1392 8575
f 8575 3107 8576
f 8049 8575 8576
f 3107 8577 8579
f 8577 1396 8578
f 8578 3108 8579
f 8577 8578 8579
f 2957 8576 8573
f 8576 3107 8579
f 8579 3108 8573
f 8576 8579 8573
f 1393 8574 8581
f 8574 3108 8580
f 8580 3109 8581
f 8574 8580 8581
f 3108 8578 8582
f 8578 1396 8069
f 8069 2962 8582
f 8578 8069 8582
f 2962 8067 8584
f 8067 1395 8583
f 8583 3109 8584
f 8067 8583 8584
f 3108 8582 8580
f 8582 2962 8584
f 8584 3109 8580
f 8582 8584 8580
f 1435 8338 8586
f 8338 3041 8585
f 8585 3110 8586
f 8338 8585 8586
f 3041 8340 8587
f 8340 1397 8085
f 8085 2967 8587
f 8340 8085 8587
f 2967 8083 8589
f 8083 1291 8588
f 8588 3110 8589
f 8083 8588 8589
f 3041 8587 8585
f 8587 2967 8589
f 8589 3110 8585
f 8587 8589 8585
f 1435 8586 8591
f 8586 3110 8590
f 8590 3111 8591
f 8586 8590 8591
f 3110 8588 8592
f 8588 1291 8031
f 8031 2952 8592
f 8588 8031 8592
f 2952 8033 8594
f 8033 1289 8593
f 8593 3111 8594
f 8033 8593 8594
f 3110 8592 8590
f 8592 2952 8594
f 8594 3111 8590
f 8592 8594 8590
f 1289 7763 8596
f 7763 2863 8595
f 8595 3112 8596
f 7763 8595 8596
f 2863 7760 8597
f 7760 1283 8417
f 8417 3066 8597
f 7760 8417 8597
f 3066 8421 8599
f 8421 1450 8598
f 8598 3112 8599
f 8421 8598 8599
f 2863 8597 8595
f 8597 3066 8599
f 8599 3112 8595
f 8597 8599 8595
f 1289 8596 8593
f 8596 3112 8600
f 8600 3111 8593
f 8596 8600 8593
f 3112 8598 8601
f 8598 1450 8434
f 8434 3069 8601
f 8598 8434 8601
f 3069 8432 8602
f 8432 1435 8591
f 8591 3111 8602
f 8432 8591 8602
f 3112 8601 8600
f 8601 3069 8602
f 8602 3111 8600
f 8601 8602 8600
f 1434 8380 1455
f 8380 3054 1455
f 3054 8384 1455
f 8384 1443 1455
f 1434 1455 8550
f 1455 3102 8550
f 1455 1461 8552
f 8552 3102 1455
f 1427 8521 8604
f 8521 3095 8603
f 8603 3113 8604
f 8521 8603 8604
f 3095 8525 8605
f 8525 1457 8563
f 8563 3105 8605
f 8525 8563 8605
f 3105 8560 8607
f 8560 1393 8606
f 8606 3113 8607
f 8560 8606 8607
f 3095 8605 8603
f 8605 3105 8607
f 8607 3113 8603
f 8605 8607 8603
f 1427 8604 8609
f 8604 3113 8608
f 8608 3114 8609
f 8604 8608 8609
f 3113 8606 8610
f 8606 1393 8581
f 8581 3109 8610
f 8606 8581 8610
f 3109 8583 8612
f 8583 1395 8611
f 8611 3114 8612
f 8583 8611 8612
f 3113 8610 8608
f 8610 3109 8612
f 8612 3114 8608
f 8610 8612 8608
f 1427 8609 8614
f 8609 3114 8613
f 8613 3115 8614
f 8609 8613 8614
f 3114 8611 8615
f 8611 1395 8289
f 8289 3027 8615
f 8611 8289 8615
f 3027 8288 8617
f 8288 1373 8616
f 8616 3115 8617
f 8288 8616 8617
f 3114 8615 8613
f 8615 3027 8617
f 8617 3115 8613
f 8615 8617 8613
f 1405 8140 8619
f 8140 2984 8618
f 8618 3116 8619
f 8140 8618 8619
f 2984 8138 8620
f 8138 1384 8546
f 8546 3101 8620
f 8138 8546 8620
f 3101 8544 8622
f 8544 1460 8621
f 8621 3116 8622
f 8544 8621 8622
f 2984 8620 8618
f 8620 3101 8622
f 8622 3116 8618
f 8620 8622 8618
f 1385 8132 8624
f 8132 2982 8623
f 8623 3117 8624
f 8132 8623 8624
f 2982 8129 8625
f 8129 1404 8410
f 8410 3063 8625
f 8129 8410 8625
f 3063 8412 8627
f 8412 1447 8626
f 8626 3117 8627
f 8412 8626 8627
f 2982 8625 8623
f 8625 3063 8627
f 8627 3117 8623
f 8625 8627 8623
f 1385 8624 8061
f 8624 3117 8628
f 8628 2960 8061
f 8624 8628 8061
f 3117 8626 8630
f 8626 1447 8629
f 8629 3118 8630
f 8626 8629 8630
f 3118 8631 8632
f 8631 1392 8059
f 8059 2960 8632
f 8631 8059 8632
f 3117 8630 8628
f 8630 3118 8632
f 8632 2960 8628
f 8630 8632 8628
f 1380 8164 1370
f 8164 2992 1370
f 2992 8162 1370
f 8162 1345 1370
f 1380 1370 8498
f 1370 3088 8498
f 1370 1394 8496
f 8496 3088 1370
f 1392 8631 8634
f 8631 3118 8633
f 8633 1462 8634
f 8631 8633 8634
f 3118 8629 8636
f 8629 1447 8635
f 8635 1462 8636
f 8629 8635 8636
f 3118 8636 8633
f 8636 1462 8633
f 1392 8634 8575
f 8634 1462 8637
f 8637 3107 8575
f 8634 8637 8575
f 3119 8638 8639
f 8638 1396 8577
f 8577 3107 8639
f 8638 8577 8639
f 1462 3119 8639
f 8639 3107 8637
f 1462 8639 8637
f 209 3599 8641
f 3599 1649 8640
f 8640 3120 8641
f 3599 8640 8641
f 1649 3597 8642
f 3597 208 3658
f 3658 1667 8642
f 3597 3658 8642
f 1667 3657 8643
f 217 3120 8643
f 3657 217 8643
f 1649 8642 8640
f 8642 1667 8643
f 8643 3120 8640
f 8642 8643 8640
f 1464 1465 1463
f 1463 1465 8644
f 8644 3121 1463
f 3121 8645 1463
f 8645 1308 1463
f 1313 60 223
f 1313 223 1310
f 211 3613 8647
f 3613 1653 8646
f 8646 3122 8647
f 3613 8646 8647
f 1653 3611 8648
f 3611 210 7884
f 7884 2903 8648
f 3611 7884 8648
f 2903 7883 8649
f 1340 3122 8649
f 7883 1340 8649
f 1653 8648 8646
f 8648 2903 8649
f 8649 3122 8646
f 8648 8649 8646
f 1466 8650 8652
f 8650 3123 8651
f 8651 3124 8652
f 8650 8651 8652
f 3123 8653 8654
f 8653 136 3725
f 3725 1685 8654
f 8653 3725 8654
f 1685 3723 8656
f 3723 198 8655
f 8655 3124 8656
f 3723 8655 8656
f 3123 8654 8651
f 8654 1685 8656
f 8656 3124 8651
f 8654 8656 8651
f 1466 8652 8658
f 8652 3124 8657
f 8657 3125 8658
f 8652 8657 8658
f 3124 8655 8659
f 8655 198 7752
f 7752 2860 8659
f 8655 7752 8659
f 2860 7750 8661
f 7750 1288 8660
f 8660 3125 8661
f 7750 8660 8661
f 3124 8659 8657
f 8659 2860 8661
f 8661 3125 8657
f 8659 8661 8657
f 100 1568 142
f 1568 3367 142
f 3367 109 142
f 142 109 7809
f 7809 2877 142
f 2877 7807 142
f 7807 1309 142
f 1467 8662 8664
f 8662 3126 8663
f 8663 3128 8664
f 8662 8663 8664
f 3126 1407 8665
f 8665 3127 8666
f 3126 8665 8666
f 3127 8667 8669
f 8667 1321 8668
f 8668 3128 8669
f 8667 8668 8669
f 3126 8666 8663
f 8666 3127 8669
f 8669 3128 8663
f 8666 8669 8663
f 1467 8664 8671
f 8664 3128 8670
f 8670 3129 8671
f 8664 8670 8671
f 3128 8668 8672
f 8668 1321 7829
f 7829 2882 8672
f 8668 7829 8672
f 2882 7827 8674
f 7827 1320 8673
f 8673 3129 8674
f 7827 8673 8674
f 3128 8672 8670
f 8672 2882 8674
f 8674 3129 8670
f 8672 8674 8670
f 147 107 105
f 147 105 148
f 1455 1454 1285
f 1285 1284 1455
f 1461 1455 8675
f 1455 3130 8675
f 1455 1284 8676
f 8676 3130 1455
f 1461 8675 8678
f 8675 3130 8677
f 8677 3131 8678
f 8675 8677 8678
f 3130 8676 8679
f 8676 1284 7772
f 7772 2866 8679
f 8676 7772 8679
f 2866 7770 8681
f 7770 1290 8680
f 8680 3131 8681
f 7770 8680 8681
f 3130 8679 8677
f 8679 2866 8681
f 8681 3131 8677
f 8679 8681 8677
f 1463 93 61
f 93 62 61
f 1349 1408 1298
f 1298 1350 1349
f 1447 3062 1312
f 3062 1446 1312
f 1447 1312 8635
f 1312 1462 8635
f 1327 8558 8683
f 8558 3104 8682
f 8682 3132 8683
f 8558 8682 8683
f 3104 8556 8684
f 8556 1461 8678
f 8678 3131 8684
f 8556 8678 8684
f 3131 8680 8686
f 8680 1290 8685
f 8685 3132 8686
f 8680 8685 8686
f 3104 8684 8682
f 8684 3131 8686
f 8686 3132 8682
f 8684 8686 8682
f 1327 8683 8479
f 8683 3132 8687
f 8687 3083 8479
f 8683 8687 8479
f 3132 8685 8688
f 8685 1290 8027
f 8027 2950 8688
f 8685 8027 8688
f 2950 8025 8689
f 8025 1294 8481
f 8481 3083 8689
f 8025 8481 8689
f 3132 8688 8687
f 8688 2950 8689
f 8689 3083 8687
f 8688 8689 8687
f 1468 8690 1448
f 8690 3133 1448
f 3133 8691 1448
f 8691 1469 1448
f 1468 1448 1313
f 43 148 105
f 105 44 43
f 1328 1330 8076
f 8076 2964 1328
f 2964 8074 1328
f 8074 1396 1328
f 1328 1396 8638
f 8638 3119 1328
f 3119 1462 1328
f 1422 8530 8693
f 8530 3096 8692
f 8692 3135 8693
f 8530 8692 8693
f 3096 8527 8695
f 8527 1458 8694
f 8694 3134 8695
f 8527 8694 8695
f 3134 8696 8698
f 8696 1339 8697
f 8697 3135 8698
f 8696 8697 8698
f 3096 8695 8692
f 8695 3134 8698
f 8698 3135 8692
f 8695 8698 8692
f 1422 8693 1338
f 8693 3135 1338
f 3135 8697 1338
f 8697 1339 1338
f 1414 1344 1415
f 1415 1344 7894
f 7894 2907 1415
f 2907 7893 1415
f 7893 1343 1415
f 1401 1402 8699
f 8699 3136 1401
f 3136 1351 1401
f 1351 1350 1401
f 1413 8247 1359
f 8247 3016 1359
f 3016 8245 1359
f 8245 1425 1359
f 1413 1359 3137
f 1359 1358 8700
f 8700 3137 1359
f 1414 1426 1365
f 1365 1344 1414
f 1458 1428 1372
f 1458 1372 8694
f 1372 3134 8694
f 1372 1339 8696
f 8696 3134 1372
f 1343 7892 8702
f 7892 2906 8701
f 8701 3138 8702
f 7892 8701 8702
f 2906 7891 8703
f 7891 1342 8300
f 8300 3032 8703
f 7891 8300 8703
f 3032 8304 8705
f 8304 1433 8704
f 8704 3138 8705
f 8304 8704 8705
f 2906 8703 8701
f 8703 3032 8705
f 8705 3138 8701
f 8703 8705 8701
f 1343 8702 1470
f 8702 3138 1470
f 3138 8704 1470
f 8704 1433 1470
f 1415 1343 1470
f 1415 1470 1424
f 1338 1337 1420
f 1420 1471 1338
f 1422 1338 3139
f 1338 1471 3139
f 1422 3139 8221
f 3139 3008 8221
f 3139 1471 3140
f 3140 1423 8223
f 8223 3008 3140
f 3140 3008 3139
f 150 149 1300
f 1300 149 8706
f 8706 3141 1300
f 3141 8707 1300
f 8707 1301 1300
f 1320 8708 220
f 8708 3142 220
f 3142 8709 220
f 8709 221 220
f 1320 220 8673
f 220 3129 8673
f 8671 3129 220
f 1467 8671 220
f 223 222 8710
f 8710 3143 223
f 3143 8711 223
f 8711 1319 223
f 223 1319 1310
f 1301 8707 8713
f 8707 3141 8712
f 8712 3144 8713
f 8707 8712 8713
f 3141 8706 8714
f 8706 149 3552
f 3552 1635 8714
f 8706 3552 8714
f 1635 3551 8716
f 3551 194 8715
f 8715 3144 8716
f 3551 8715 8716
f 3141 8714 8712
f 8714 1635 8716
f 8716 3144 8712
f 8714 8716 8712
f 1301 8713 8447
f 8713 3144 8717
f 8717 3073 8447
f 8713 8717 8447
f 3144 8715 8719
f 8715 194 8718
f 8718 3145 8719
f 8715 8718 8719
f 3145 8720 8721
f 8720 1335 8445
f 8445 3073 8721
f 8720 8445 8721
f 3144 8719 8717
f 8719 3145 8721
f 8721 3073 8717
f 8719 8721 8717
f 1317 51 55
f 1317 55 98
f 143 101 100
f 100 142 143
f 1304 1317 98
f 98 97 1304
f 1323 2886 41
f 2886 37 41
f 1323 41 1316
f 1332 8722 192
f 8722 3146 192
f 3146 8723 192
f 8723 193 192
f 1332 192 1472
f 1463 1308 7813
f 7813 2879 1463
f 2879 7815 1463
f 7815 94 1463
f 1463 94 93
f 1467 220 151
f 1467 151 1473
f 1472 192 59
f 59 1449 1472
f 1332 7872 8725
f 7872 2899 8724
f 8724 3147 8725
f 7872 8724 8725
f 2899 7876 8726
f 7876 1335 8720
f 8720 3145 8726
f 7876 8720 8726
f 3145 8718 8728
f 8718 194 8727
f 8727 3147 8728
f 8718 8727 8728
f 2899 8726 8724
f 8726 3145 8728
f 8728 3147 8724
f 8726 8728 8724
f 1332 8725 8722
f 8725 3147 8729
f 8729 3146 8722
f 8725 8729 8722
f 3147 8727 8730
f 8727 194 3548
f 3548 1633 8730
f 8727 3548 8730
f 1633 3546 8731
f 3546 193 8723
f 8723 3146 8731
f 3546 8723 8731
f 3147 8730 8729
f 8730 1633 8731
f 8731 3146 8729
f 8730 8731 8729
f 1448 58 60
f 1448 60 1313
f 1449 1474 1286
f 1449 1286 1285
f 1401 1350 1298
f 1298 1297 1401
f 1410 1413 8732
f 8732 3148 1410
f 3148 8733 1410
f 8733 1303 1410
f 1410 1303 7793
f 7793 2873 1410
f 2873 7792 1410
f 7792 1302 1410
f 1328 1462 1312
f 1312 1311 1328
f 1413 3137 1315
f 3137 8700 1315
f 8700 1358 1315
f 1413 1315 8732
f 1315 3148 8732
f 8733 3148 1315
f 1303 8733 1315
f 1409 8147 8735
f 8147 2987 8734
f 8734 3149 8735
f 8147 8734 8735
f 2987 8145 8736
f 8145 1329 7852
f 7852 2891 8736
f 8145 7852 8736
f 2891 7851 8738
f 7851 1322 8737
f 8737 3149 8738
f 7851 8737 8738
f 2987 8736 8734
f 8736 2891 8738
f 8738 3149 8734
f 8736 8738 8734
f 1409 8735 8740
f 8735 3149 8739
f 8739 3150 8740
f 8735 8739 8740
f 3149 8737 8741
f 8737 1322 7836
f 7836 2884 8741
f 8737 7836 8741
f 2884 7834 8743
f 7834 1321 8742
f 8742 3150 8743
f 7834 8742 8743
f 3149 8741 8739
f 8741 2884 8743
f 8743 3150 8739
f 8741 8743 8739
f 1310 1319 7833
f 7833 2885 1310
f 2885 7837 1310
f 7837 1322 1310
f 1310 1322 7850
f 7850 2890 1310
f 2890 7849 1310
f 7849 1311 1310
f 1443 8383 8745
f 8383 3053 8744
f 8744 3152 8745
f 8383 8744 8745
f 3053 8381 8747
f 8381 1442 8746
f 8746 3151 8747
f 8381 8746 8747
f 3151 8748 8750
f 8748 1334 8749
f 8749 3152 8750
f 8748 8749 8750
f 3053 8747 8744
f 8747 3151 8750
f 8750 3152 8744
f 8747 8750 8744
f 1443 8745 8500
f 8745 3152 8751
f 8751 3089 8500
f 8745 8751 8500
f 3152 8749 8752
f 8749 1334 7868
f 7868 2896 8752
f 8749 7868 8752
f 2896 7866 8753
f 7866 1333 8502
f 8502 3089 8753
f 7866 8502 8753
f 3152 8752 8751
f 8752 2896 8753
f 8753 3089 8751
f 8752 8753 8751
f 1377 1316 1315
f 1315 1381 1377
f 1398 8431 8755
f 8431 3070 8754
f 8754 3153 8755
f 8431 8754 8755
f 3070 8435 8756
f 8435 1450 8420
f 8420 3065 8756
f 8435 8420 8756
f 3065 8418 8758
f 8418 1391 8757
f 8757 3153 8758
f 8418 8757 8758
f 3070 8756 8754
f 8756 3065 8758
f 8758 3153 8754
f 8756 8758 8754
f 1398 8755 8095
f 8755 3153 8759
f 8759 2971 8095
f 8755 8759 8095
f 3153 8757 8760
f 8757 1391 8041
f 8041 2954 8760
f 8757 8041 8760
f 2954 8039 8761
f 8039 1390 8098
f 8098 2971 8761
f 8039 8098 8761
f 3153 8760 8759
f 8760 2954 8761
f 8761 2971 8759
f 8760 8761 8759
f 1389 8394 8763
f 8394 3058 8762
f 8762 3155 8763
f 8394 8762 8763
f 3058 8398 8765
f 8398 1445 8764
f 8764 3154 8765
f 8398 8764 8765
f 3154 8766 8768
f 8766 1399 8767
f 8767 3155 8768
f 8766 8767 8768
f 3058 8765 8762
f 8765 3154 8768
f 8768 3155 8762
f 8765 8768 8762
f 1389 8763 8035
f 8763 3155 8769
f 8769 2953 8035
f 8763 8769 8035
f 3155 8767 8770
f 8767 1399 8101
f 8101 2972 8770
f 8767 8101 8770
f 2972 8099 8771
f 8099 1390 8038
f 8038 2953 8771
f 8099 8038 8771
f 3155 8770 8769
f 8770 2972 8771
f 8771 2953 8769
f 8770 8771 8769
f 1467 1473 8772
f 1473 1408 8772
f 1467 8772 8662
f 8772 1408 2986
f 2986 3126 8662
f 8772 2986 8662
f 2986 1407 3126
f 1404 8137 8774
f 8137 2985 8773
f 8773 3157 8774
f 8137 8773 8774
f 2985 8141 8776
f 8141 1405 8775
f 8775 3156 8776
f 8141 8775 8776
f 3156 8777 8779
f 8777 1439 8778
f 8778 3157 8779
f 8777 8778 8779
f 2985 8776 8773
f 8776 3156 8779
f 8779 3157 8773
f 8776 8779 8773
f 1404 8774 8400
f 8774 3157 8780
f 8780 3059 8400
f 8774 8780 8400
f 3157 8778 8781
f 8778 1439 8355
f 8355 3045 8781
f 8778 8355 8781
f 3045 8353 8782
f 8353 1438 8403
f 8403 3059 8782
f 8353 8403 8782
f 3157 8781 8780
f 8781 3045 8782
f 8782 3059 8780
f 8781 8782 8780
f 1405 8619 8784
f 8619 3116 8783
f 8783 3159 8784
f 8619 8783 8784
f 3116 8621 8786
f 8621 1460 8785
f 8785 3158 8786
f 8621 8785 8786
f 3158 8787 8789
f 8787 1440 8788
f 8788 3159 8789
f 8787 8788 8789
f 3116 8786 8783
f 8786 3158 8789
f 8789 3159 8783
f 8786 8789 8783
f 1405 8784 8775
f 8784 3159 8790
f 8790 3156 8775
f 8784 8790 8775
f 3159 8788 8791
f 8788 1440 8362
f 8362 3047 8791
f 8788 8362 8791
f 3047 8360 8792
f 8360 1439 8777
f 8777 3156 8792
f 8360 8777 8792
f 3159 8791 8790
f 8791 3047 8792
f 8792 3156 8790
f 8791 8792 8790
f 1429 8282 8346
f 8282 3026 8793
f 8793 3043 8346
f 8282 8793 8346
f 3026 8286 8795
f 8286 1431 8794
f 8794 3160 8795
f 8286 8794 8795
f 3160 8796 8797
f 8796 1438 8348
f 8348 3043 8797
f 8796 8348 8797
f 3026 8795 8793
f 8795 3160 8797
f 8797 3043 8793
f 8795 8797 8793
f 1474 8798 1286
f 8798 3161 1286
f 3161 8799 1286
f 8799 1475 1286
f 1442 1410 8800
f 1410 3162 8800
f 1410 1302 8801
f 8801 3162 1410
f 1442 8800 8746
f 8800 3162 8802
f 8802 3151 8746
f 8800 8802 8746
f 3162 8801 8803
f 8801 1302 8441
f 8441 3071 8803
f 8801 8441 8803
f 3071 8439 8804
f 8439 1334 8748
f 8748 3151 8804
f 8439 8748 8804
f 3162 8803 8802
f 8803 3071 8804
f 8804 3151 8802
f 8803 8804 8802
f 1374 1377 8805
f 1377 3163 8805
f 1377 1381 8806
f 8806 3163 1377
f 1374 8805 8808
f 8805 3163 8807
f 8807 3164 8808
f 8805 8807 8808
f 3163 8806 8809
f 8806 1381 8459
f 8459 3076 8809
f 8806 8459 8809
f 3076 8457 8811
f 8457 1399 8810
f 8810 3164 8811
f 8457 8810 8811
f 3163 8809 8807
f 8809 3076 8811
f 8811 3164 8807
f 8809 8811 8807
f 1460 1401 8812
f 1401 3165 8812
f 1401 1297 8813
f 8813 3165 1401
f 1460 8812 8785
f 8812 3165 8814
f 8814 3158 8785
f 8812 8814 8785
f 3165 8813 8815
f 8813 1297 8472
f 8472 3081 8815
f 8813 8472 8815
f 3081 8471 8816
f 8471 1440 8787
f 8787 3158 8816
f 8471 8787 8816
f 3165 8815 8814
f 8815 3081 8816
f 8816 3158 8814
f 8815 8816 8814
f 1332 1472 1454
f 1332 1454 7862
f 1454 2895 7862
f 1454 1333 7865
f 7865 2895 1454
f 1406 1409 8740
f 8740 3150 1406
f 3150 8742 1406
f 8742 1321 1406
f 1406 1321 8667
f 8667 3127 1406
f 3127 8665 1406
f 8665 1407 1406
f 1472 1449 1285
f 1285 1454 1472
f 1299 1298 1473
f 1298 1408 1473
f 1468 1313 1312
f 1468 1312 8817
f 1312 3166 8817
f 1312 1446 8818
f 8818 3166 1312
f 1374 8808 8820
f 8808 3164 8819
f 8819 3167 8820
f 8808 8819 8820
f 3164 8810 8821
f 8810 1399 8766
f 8766 3154 8821
f 8810 8766 8821
f 3154 8764 8823
f 8764 1445 8822
f 8822 3167 8823
f 8764 8822 8823
f 3164 8821 8819
f 8821 3154 8823
f 8823 3167 8819
f 8821 8823 8819
f 1451 8824 8826
f 8824 3168 8825
f 8825 3170 8826
f 8824 8825 8826
f 3168 8827 8829
f 8827 1375 8828
f 8828 3169 8829
f 8827 8828 8829
f 3169 8830 8832
f 8830 1444 8831
f 8831 3170 8832
f 8830 8831 8832
f 3168 8829 8825
f 8829 3169 8832
f 8832 3170 8825
f 8829 8832 8825
f 1451 8826 8834
f 8826 3170 8833
f 8833 3172 8834
f 8826 8833 8834
f 3170 8831 8836
f 8831 1444 8835
f 8835 3171 8836
f 8831 8835 8836
f 3171 8837 8839
f 8837 1441 8838
f 8838 3172 8839
f 8837 8838 8839
f 3170 8836 8833
f 8836 3171 8839
f 8839 3172 8833
f 8836 8839 8833
f 1451 8834 8469
f 8834 3172 8840
f 8840 3080 8469
f 8834 8840 8469
f 3172 8838 8841
f 8838 1441 8369
f 8369 3049 8841
f 8838 8369 8841
f 3049 8367 8842
f 8367 1440 8470
f 8470 3080 8842
f 8367 8470 8842
f 3172 8841 8840
f 8841 3049 8842
f 8842 3080 8840
f 8841 8842 8840
f 1386 8047 8844
f 8047 2956 8843
f 8843 3174 8844
f 8047 8843 8844
f 2956 8045 8846
f 8045 1391 8845
f 8845 3173 8846
f 8045 8845 8846
f 3173 8847 8849
f 8847 1476 8848
f 8848 3174 8849
f 8847 8848 8849
f 2956 8846 8843
f 8846 3173 8849
f 8849 3174 8843
f 8846 8849 8843
f 1474 8850 8852
f 8850 3175 8851
f 8851 3177 8852
f 8850 8851 8852
f 3175 8853 8855
f 8853 1469 8854
f 8854 3176 8855
f 8853 8854 8855
f 3176 8856 8858
f 8856 1477 8857
f 8857 3177 8858
f 8856 8857 8858
f 3175 8855 8851
f 8855 3176 8858
f 8858 3177 8851
f 8855 8858 8851
f 1474 8852 8798
f 8852 3177 8859
f 8859 3161 8798
f 8852 8859 8798
f 3177 8857 8861
f 8857 1477 8860
f 8860 3178 8861
f 8857 8860 8861
f 3178 8862 8863
f 8862 1475 8799
f 8799 3161 8863
f 8862 8799 8863
f 3177 8861 8859
f 8861 3178 8863
f 8863 3161 8859
f 8861 8863 8859
f 1468 8817 8865
f 8817 3166 8864
f 8864 3180 8865
f 8817 8864 8865
f 3166 8818 8867
f 8818 1446 8866
f 8866 3179 8867
f 8818 8866 8867
f 3179 8868 8870
f 8868 1478 8869
f 8869 3180 8870
f 8868 8869 8870
f 3166 8867 8864
f 8867 3179 8870
f 8870 3180 8864
f 8867 8870 8864
f 1478 8868 8872
f 8868 3179 8871
f 8871 3181 8872
f 8868 8871 8872
f 3179 8866 8873
f 8866 1446 8406
f 8406 3060 8873
f 8866 8406 8873
f 3060 8404 8875
f 8404 1438 8874
f 8874 3181 8875
f 8404 8874 8875
f 3179 8873 8871
f 8873 3060 8875
f 8875 3181 8871
f 8873 8875 8871
f 1478 8872 8877
f 8872 3181 8876
f 8876 3182 8877
f 8872 8876 8877
f 3181 8874 8878
f 8874 1438 8796
f 8796 3160 8878
f 8874 8796 8878
f 3160 8794 8880
f 8794 1431 8879
f 8879 3182 8880
f 8794 8879 8880
f 3181 8878 8876
f 8878 3160 8880
f 8880 3182 8876
f 8878 8880 8876
f 1475 8862 8881
f 8862 3178 3183
f 3183 3184 8881
f 8862 3183 8881
f 3178 8860 3183
f 8860 1477 3183
f 3183 1430 8882
f 8882 3184 3183
f 1475 8881 8884
f 8881 3184 8883
f 8883 3186 8884
f 8881 8883 8884
f 3184 8882 8886
f 8882 1430 8885
f 8885 3185 8886
f 8882 8885 8886
f 3185 8887 8889
f 8887 1476 8888
f 8888 3186 8889
f 8887 8888 8889
f 3184 8886 8883
f 8886 3185 8889
f 8889 3186 8883
f 8886 8889 8883
f 1286 1475 8884
f 8884 3186 1286
f 3186 8888 1286
f 8888 1476 1286
f 1286 1476 8847
f 8847 3173 1286
f 3173 8845 1286
f 8845 1391 1286
f 1465 1464 8890
f 1464 201 8890
f 1465 8890 8892
f 8890 201 8891
f 8891 3187 8892
f 8890 8891 8892
f 201 196 8894
f 8894 3187 8895
f 201 8894 8895
f 201 8893 8891
f 8893 201 8895
f 8895 3187 8891
f 8893 8895 8891
f 1288 7749 8897
f 7749 2859 8896
f 8896 3188 8897
f 7749 8896 8897
f 2859 7746 8898
f 7746 1287 8465
f 8465 3079 8898
f 7746 8465 8898
f 3079 8467 8900
f 8467 205 8899
f 8899 3188 8900
f 8467 8899 8900
f 2859 8898 8896
f 8898 3079 8900
f 8900 3188 8896
f 8898 8900 8896
f 1288 8897 8902
f 8897 3188 8901
f 8901 3189 8902
f 8897 8901 8902
f 3188 8899 8903
f 8899 205 3610
f 3610 1654 8903
f 8899 3610 8903
f 1654 3614 8905
f 3614 211 8904
f 8904 3189 8905
f 3614 8904 8905
f 3188 8903 8901
f 8903 1654 8905
f 8905 3189 8901
f 8903 8905 8901
f 1318 1307 8906
f 8906 3190 1318
f 3190 8907 1318
f 8907 228 1318
f 1318 228 199
f 151 38 1299
f 151 1299 1473
f 1451 1296 8908
f 1296 3191 8908
f 1296 1376 8909
f 8909 3191 1296
f 1451 8908 8824
f 8908 3191 8910
f 8910 3168 8824
f 8908 8910 8824
f 3191 8909 8911
f 8909 1376 7971
f 7971 2932 8911
f 8909 7971 8911
f 2932 7969 8912
f 7969 1375 8827
f 8827 3168 8912
f 7969 8827 8912
f 3191 8911 8910
f 8911 2932 8912
f 8912 3168 8910
f 8911 8912 8910
f 1429 8345 8914
f 8345 3042 8913
f 8913 3193 8914
f 8345 8913 8914
f 3042 8342 8916
f 8342 1437 8915
f 8915 3192 8916
f 8342 8915 8916
f 3192 8917 8919
f 8917 1388 8918
f 8918 3193 8919
f 8917 8918 8919
f 3042 8916 8913
f 8916 3192 8919
f 8919 3193 8913
f 8916 8919 8913
f 1429 8914 8272
f 8914 3193 8920
f 8920 3022 8272
f 8914 8920 8272
f 3193 8918 8921
f 8918 1388 8013
f 8013 2946 8921
f 8918 8013 8921
f 2946 8011 8922
f 8011 1387 8275
f 8275 3022 8922
f 8011 8275 8922
f 3193 8921 8920
f 8921 2946 8922
f 8922 3022 8920
f 8921 8922 8920
f 1386 8844 8924
f 8844 3174 8923
f 8923 3194 8924
f 8844 8923 8924
f 3174 8848 8925
f 8848 1476 8887
f 8887 3185 8925
f 8848 8887 8925
f 3185 8885 8927
f 8885 1430 8926
f 8926 3194 8927
f 8885 8926 8927
f 3174 8925 8923
f 8925 3185 8927
f 8927 3194 8923
f 8925 8927 8923
f 1386 8924 8007
f 8924 3194 8928
f 8928 2945 8007
f 8924 8928 8007
f 3194 8926 8929
f 8926 1430 8278
f 8278 3023 8929
f 8926 8278 8929
f 3023 8276 8930
f 8276 1387 8010
f 8010 2945 8930
f 8276 8010 8930
f 3194 8929 8928
f 8929 3023 8930
f 8930 2945 8928
f 8929 8930 8928
f 1437 8366 8932
f 8366 3050 8931
f 8931 3195 8932
f 8366 8931 8932
f 3050 8370 8933
f 8370 1441 8837
f 8837 3171 8933
f 8370 8837 8933
f 3171 8835 8935
f 8835 1444 8934
f 8934 3195 8935
f 8835 8934 8935
f 3050 8933 8931
f 8933 3171 8935
f 8935 3195 8931
f 8933 8935 8931
f 1437 8932 8915
f 8932 3195 8936
f 8936 3192 8915
f 8932 8936 8915
f 3195 8934 8937
f 8934 1444 8390
f 8390 3055 8937
f 8934 8390 8937
f 3055 8388 8938
f 8388 1388 8917
f 8917 3192 8938
f 8388 8917 8938
f 3195 8937 8936
f 8937 3055 8938
f 8938 3192 8936
f 8937 8938 8936
f 1377 1376 1316
f 1376 3077 1316
f 3077 8461 1316
f 8461 1323 1316
f 1319 8711 8940
f 8711 3143 8939
f 8939 3196 8940
f 8711 8939 8940
f 3143 8710 8941
f 8710 222 3693
f 3693 1676 8941
f 8710 3693 8941
f 1676 3691 8943
f 3691 221 8942
f 8942 3196 8943
f 3691 8942 8943
f 3143 8941 8939
f 8941 1676 8943
f 8943 3196 8939
f 8941 8943 8939
f 1319 8940 7823
f 8940 3196 8944
f 8944 2881 7823
f 8940 8944 7823
f 3196 8942 8945
f 8942 221 8709
f 8709 3142 8945
f 8942 8709 8945
f 3142 8708 8946
f 8708 1320 7826
f 7826 2881 8946
f 8708 7826 8946
f 3196 8945 8944
f 8945 3142 8946
f 8946 2881 8944
f 8945 8946 8944
f 1474 1449 1448
f 1474 1448 8850
f 1448 3175 8850
f 1448 1469 8853
f 8853 3175 1448
f 70 83 74
f 83 70 3416
f 70 69 3416
f 116 3440 8948
f 3440 1589 8947
f 8947 3197 8948
f 3440 8947 8948
f 1589 3438 8949
f 3438 71 3355
f 3355 1561 8949
f 3438 3355 8949
f 1561 3353 8951
f 3353 70 8950
f 8950 3197 8951
f 3353 8950 8951
f 1589 8949 8947
f 8949 1561 8951
f 8951 3197 8947
f 8949 8951 8947
f 116 8948 84
f 8948 3197 84
f 3197 8950 84
f 8950 70 84
f 1374 8820 8953
f 8820 3167 8952
f 8952 3198 8953
f 8820 8952 8953
f 3167 8822 8954
f 8822 1445 8397
f 8397 3057 8954
f 8822 8397 8954
f 3057 8395 8956
f 8395 1444 8955
f 8955 3198 8956
f 8395 8955 8956
f 3167 8954 8952
f 8954 3057 8956
f 8956 3198 8952
f 8954 8956 8952
f 1374 8953 7965
f 8953 3198 8957
f 8957 2931 7965
f 8953 8957 7965
f 3198 8955 8958
f 8955 1444 8830
f 8830 3169 8958
f 8955 8830 8958
f 3169 8828 8959
f 8828 1375 7968
f 7968 2931 8959
f 8828 7968 8959
f 3198 8958 8957
f 8958 3169 8959
f 8959 2931 8957
f 8958 8959 8957
f 1468 8865 8961
f 8865 3180 8960
f 8960 3200 8961
f 8865 8960 8961
f 3180 8869 8963
f 8869 1478 8962
f 8962 3199 8963
f 8869 8962 8963
f 3199 1477 8964
f 8964 3200 8965
f 3199 8964 8965
f 3180 8963 8960
f 8963 3199 8965
f 8965 3200 8960
f 8963 8965 8960
f 1468 8961 8690
f 8961 3200 8966
f 8966 3133 8690
f 8961 8966 8690
f 3200 8964 8967
f 8964 1477 8856
f 8856 3176 8967
f 8964 8856 8967
f 3176 8854 8968
f 8854 1469 8691
f 8691 3133 8968
f 8854 8691 8968
f 3200 8967 8966
f 8967 3176 8968
f 8968 3133 8966
f 8967 8968 8966
f 1478 8877 3201
f 8877 3182 8969
f 8877 8969 3201
f 3182 8879 8970
f 8879 1431 8285
f 8285 3025 8970
f 8879 8285 8970
f 3025 8283 3201
f 8283 1430 3201
f 3182 8970 8969
f 8970 3025 3201
f 8970 3201 8969
f 1478 3201 8962
f 3183 3199 8962
f 3201 3183 8962
f 3201 1430 3183
f 3183 1477 3199
f 1419 8205 8972
f 8205 3002 8971
f 8971 3203 8972
f 8205 8971 8972
f 3002 8203 8974
f 8203 1418 8973
f 8973 3202 8974
f 8203 8973 8974
f 3202 8975 8977
f 8975 1348 8976
f 8976 3203 8977
f 8975 8976 8977
f 3002 8974 8971
f 8974 3202 8977
f 8977 3203 8971
f 8974 8977 8971
f 1419 8972 8210
f 8972 3203 8978
f 8978 3004 8210
f 8972 8978 8210
f 3203 8976 8979
f 8976 1348 7908
f 7908 2911 8979
f 8976 7908 8979
f 2911 7906 8980
f 7906 1347 8212
f 8212 3004 8980
f 7906 8212 8980
f 3203 8979 8978
f 8979 2911 8980
f 8980 3004 8978
f 8979 8980 8978
f 1432 8506 8982
f 8506 3090 8981
f 8981 3205 8982
f 8506 8981 8982
f 3090 8503 8984
f 8503 1456 8983
f 8983 3204 8984
f 8503 8983 8984
f 3204 8985 8987
f 8985 1356 8986
f 8986 3205 8987
f 8985 8986 8987
f 3090 8984 8981
f 8984 3204 8987
f 8987 3205 8981
f 8984 8987 8981
f 1432 8982 8294
f 8982 3205 8988
f 8988 3029 8294
f 8982 8988 8294
f 3205 8986 8989
f 8986 1356 7924
f 7924 2916 8989
f 8986 7924 8989
f 2916 7922 8990
f 7922 1355 8296
f 8296 3029 8990
f 7922 8296 8990
f 3205 8989 8988
f 8989 2916 8990
f 8990 3029 8988
f 8989 8990 8988
f 1417 8191 8992
f 8191 2998 8991
f 8991 3206 8992
f 8191 8991 8992
f 2998 8190 8993
f 8190 1416 8233
f 8233 3012 8993
f 8190 8233 8993
f 3012 8234 8995
f 8234 1362 8994
f 8994 3206 8995
f 8234 8994 8995
f 2998 8993 8991
f 8993 3012 8995
f 8995 3206 8991
f 8993 8995 8991
f 1417 8992 8997
f 8992 3206 8996
f 8996 3207 8997
f 8992 8996 8997
f 3206 8994 8998
f 8994 1362 7937
f 7937 2921 8998
f 8994 7937 8998
f 2921 7935 9000
f 7935 1361 8999
f 8999 3207 9000
f 7935 8999 9000
f 3206 8998 8996
f 8998 2921 9000
f 9000 3207 8996
f 8998 9000 8996
f 1341 1344 1365
f 1365 1364 1341
f 1459 8538 9002
f 8538 3098 9001
f 9001 3208 9002
f 8538 9001 9002
f 3098 8536 9003
f 8536 1421 8227
f 8227 3011 9003
f 8536 8227 9003
f 3011 8231 9005
f 8231 1368 9004
f 9004 3208 9005
f 8231 9004 9005
f 3098 9003 9001
f 9003 3011 9005
f 9005 3208 9001
f 9003 9005 9001
f 1459 9002 9007
f 9002 3208 9006
f 9006 3209 9007
f 9002 9006 9007
f 3208 9004 9008
f 9004 1368 7955
f 7955 2927 9008
f 9004 7955 9008
f 2927 7953 9010
f 7953 1367 9009
f 9009 3209 9010
f 7953 9009 9010
f 3208 9008 9006
f 9008 2927 9010
f 9010 3209 9006
f 9008 9010 9006
f 1336 7881 1372
f 7881 2901 1372
f 2901 1339 1372
f 1336 1372 3210
f 1372 1371 3210
f 1346 1352 1420
f 1346 1420 7899
f 1420 2909 7899
f 1420 1347 7901
f 7901 2909 1420
f 1418 8198 9012
f 8198 3000 9011
f 9011 3211 9012
f 8198 9011 9012
f 3000 8196 3210
f 8196 1336 3210
f 3210 1371 9013
f 9013 3211 3210
f 3000 3210 9011
f 3210 3211 9011
f 1418 9012 8973
f 9012 3211 9014
f 9014 3202 8973
f 9012 9014 8973
f 3211 9013 9015
f 9013 1371 8216
f 8216 3006 9015
f 9013 8216 9015
f 3006 8215 9016
f 8215 1348 8975
f 8975 3202 9016
f 8215 8975 9016
f 3211 9015 9014
f 9015 3006 9016
f 9016 3202 9014
f 9015 9016 9014
f 1402 8114 9018
f 8114 2977 9017
f 9017 3212 9018
f 8114 9017 9018
f 2977 8113 9019
f 8113 1369 7962
f 7962 2929 9019
f 8113 7962 9019
f 2929 7960 9021
f 7960 1368 9020
f 9020 3212 9021
f 7960 9020 9021
f 2977 9019 9017
f 9019 2929 9021
f 9021 3212 9017
f 9019 9021 9017
f 1402 9018 9023
f 9018 3212 9022
f 9022 3213 9023
f 9018 9022 9023
f 3212 9020 9024
f 9020 1368 8230
f 8230 3010 9024
f 9020 8230 9024
f 3010 8228 9026
f 8228 1423 9025
f 9025 3213 9026
f 8228 9025 9026
f 3212 9024 9022
f 9024 3010 9026
f 9026 3213 9022
f 9024 9026 9022
f 1425 8241 9028
f 8241 3014 9027
f 9027 3214 9028
f 8241 9027 9028
f 3014 8239 9029
f 8239 1363 7944
f 7944 2923 9029
f 8239 7944 9029
f 2923 7942 9031
f 7942 1362 9030
f 9030 3214 9031
f 7942 9030 9031
f 3014 9029 9027
f 9029 2923 9031
f 9031 3214 9027
f 9029 9031 9027
f 1425 9028 1424
f 9028 3214 1424
f 3214 9030 1424
f 9030 1362 1424
f 2999 8192 9032
f 8192 1417 8997
f 8997 3207 9032
f 8192 8997 9032
f 3207 8999 1414
f 8999 1361 1414
f 2999 9032 1414
f 9032 3207 1414
f 1414 1361 1426
f 1456 1341 9033
f 1341 3215 9033
f 1341 1364 9034
f 9034 3215 1341
f 1456 9033 8983
f 9033 3215 9035
f 9035 3204 8983
f 9033 9035 8983
f 3215 9034 9036
f 9034 1364 8259
f 8259 3018 9036
f 9034 8259 9036
f 3018 8257 9037
f 8257 1356 8985
f 8985 3204 9037
f 8257 8985 9037
f 3215 9036 9035
f 9036 3018 9037
f 9037 3204 9035
f 9036 9037 9035
f 1458 8535 9039
f 8535 3099 9038
f 9038 3216 9039
f 8535 9038 9039
f 3099 8539 9040
f 8539 1459 9007
f 9007 3209 9040
f 8539 9007 9040
f 3209 9009 9042
f 9009 1367 9041
f 9041 3216 9042
f 9009 9041 9042
f 3099 9040 9038
f 9040 3209 9042
f 9042 3216 9038
f 9040 9042 9038
f 1458 9039 1428
f 9039 3216 1428
f 3216 9041 1428
f 9041 1367 1428
f 1354 8118 9044
f 8118 2978 9043
f 9043 3218 9044
f 8118 9043 9044
f 2978 8115 9046
f 8115 1360 9045
f 9045 3217 9046
f 8115 9045 9046
f 3217 1433 9048
f 9047 3218 9048
f 1433 9047 9048
f 2978 9046 9043
f 9046 3217 9048
f 9048 3218 9043
f 9046 9048 9043
f 1354 9044 7915
f 9044 3218 9049
f 9049 2914 7915
f 9044 9049 7915
f 3218 9047 9050
f 9047 1433 8303
f 8303 3031 9050
f 9047 8303 9050
f 3031 8301 9051
f 8301 1355 7917
f 7917 2914 9051
f 8301 7917 9051
f 3218 9050 9049
f 9050 3031 9051
f 9051 2914 9049
f 9050 9051 9049
f 1324 1293 1365
f 1324 1365 1426
f 1427 8614 1372
f 8614 3115 1372
f 3115 8616 1372
f 8616 1373 1372
f 1427 1372 1428
f 1360 1359 1470
f 1360 1470 9045
f 9052 3217 9045
f 1470 9052 9045
f 1433 3217 9053
f 1470 1433 9053
f 9053 3217 9052
f 1470 9053 9052
f 1359 1425 1424
f 1359 1424 1470
f 1352 1351 3219
f 3219 1471 1352
f 1352 1471 1420
f 3136 8699 9054
f 8699 1402 9023
f 9023 3213 9054
f 8699 9023 9054
f 3213 9025 9056
f 9025 1423 9055
f 9055 3220 9056
f 9025 9055 9056
f 3136 9054 1351
f 9054 3213 9056
f 9056 3220 1351
f 9054 9056 1351
f 1351 3220 3219
f 3220 9055 3219
f 9055 1423 3140
f 9055 3140 3219
f 3140 1471 3219
f 1309 7806 9058
f 7806 2876 9057
f 9057 3221 9058
f 7806 9057 9058
f 2876 7803 9059
f 7803 1308 8645
f 8645 3121 9059
f 7803 8645 9059
f 3121 8644 9061
f 8644 1465 9060
f 9060 3221 9061
f 8644 9060 9061
f 2876 9059 9057
f 9059 3121 9061
f 9061 3221 9057
f 9059 9061 9057
f 1309 9058 9063
f 9058 3221 9062
f 9062 3223 9063
f 9058 9062 9063
f 3221 9060 9065
f 9060 1465 9064
f 9064 3222 9065
f 9060 9064 9065
f 3222 9066 9068
f 9066 1479 9067
f 9067 3223 9068
f 9066 9067 9068
f 3221 9065 9062
f 9065 3222 9068
f 9068 3223 9062
f 9065 9068 9062
f 1466 8658 9070
f 8658 3125 9069
f 9069 3224 9070
f 8658 9069 9070
f 3125 8660 9071
f 8660 1288 8902
f 8902 3189 9071
f 8660 8902 9071
f 3189 8904 9073
f 8904 211 9072
f 9072 3224 9073
f 8904 9072 9073
f 3125 9071 9069
f 9071 3189 9073
f 9073 3224 9069
f 9071 9073 9069
f 1466 9070 9075
f 9070 3224 9074
f 9074 3225 9075
f 9070 9074 9075
f 3224 9072 9076
f 9072 211 8647
f 8647 3122 9076
f 9072 8647 9076
f 3122 1340 9078
f 9077 3225 9078
f 1340 9077 9078
f 3224 9076 9074
f 9076 3122 9078
f 9078 3225 9074
f 9076 9078 9074
f 1453 9079 9081
f 9079 3226 9080
f 9080 3228 9081
f 9079 9080 9081
f 3226 9082 9084
f 9082 1480 9083
f 9083 3227 9084
f 9082 9083 9084
f 3227 9085 9087
f 9085 229 9086
f 9086 3228 9087
f 9085 9086 9087
f 3226 9084 9080
f 9084 3227 9087
f 9087 3228 9080
f 9084 9087 9080
f 1453 9081 8485
f 9081 3228 9088
f 9088 3085 8485
f 9081 9088 8485
f 3228 9086 9089
f 9086 229 3742
f 3742 1690 9089
f 9086 3742 9089
f 1690 3740 9090
f 3740 227 8487
f 8487 3085 9090
f 3740 8487 9090
f 3228 9089 9088
f 9089 1690 9090
f 9090 3085 9088
f 9089 9090 9088
f 1481 123 65
f 65 200 1481
f 61 63 1463
f 63 1464 1463
f 1480 1481 9091
f 1481 3229 9091
f 1481 200 9092
f 9092 3229 1481
f 1480 9091 9083
f 9091 3229 9093
f 9093 3227 9083
f 9091 9093 9083
f 3229 9092 9094
f 9092 200 3746
f 3746 1692 9094
f 9092 3746 9094
f 1692 3745 9095
f 3745 229 9085
f 9085 3227 9095
f 3745 9085 9095
f 3229 9094 9093
f 9094 1692 9095
f 9095 3227 9093
f 9094 9095 9093
f 1305 147 146
f 1305 146 7795
f 146 2874 7795
f 146 1306 7797
f 7797 2874 146
f 1314 1287 7756
f 7756 2862 1314
f 2862 7758 1314
f 7758 197 1314
f 1314 197 3575
f 3575 1642 1314
f 1642 3573 1314
f 3573 202 1314
f 142 1309 9063
f 9063 3223 142
f 3223 9067 142
f 9067 1479 142
f 142 1479 9096
f 9096 3230 142
f 3230 139 142
f 1318 199 52
f 199 67 52
f 88 87 90
f 90 117 88
f 6 4 90
f 6 90 89
f 113 3400 78
f 3400 1578 78
f 1578 3398 78
f 3398 112 78
f 113 78 3525
f 78 1628 3525
f 78 114 3527
f 3527 1628 78
f 112 9097 79
f 9097 3231 79
f 3231 9098 79
f 9098 230 79
f 112 79 78
f 12 1482 3232
f 3232 122 12
f 12 122 3467
f 3467 1598 12
f 1598 3465 12
f 3465 14 12
f 18 3290 9100
f 3290 1534 9099
f 9099 3233 9100
f 3290 9099 9100
f 1534 3288 9101
f 3288 17 3474
f 3474 1600 9101
f 3288 3474 9101
f 1600 3472 9103
f 3472 122 9102
f 9102 3233 9103
f 3472 9102 9103
f 1534 9101 9099
f 9101 1600 9103
f 9103 3233 9099
f 9101 9103 9099
f 18 9100 21
f 9100 3233 21
f 3233 9102 21
f 9102 122 21
f 22 1482 85
f 85 1482 86
f 115 77 82
f 82 77 75
f 23 3538 134
f 3538 1631 134
f 1631 3536 134
f 3536 137 134
f 23 134 3296
f 134 1537 3296
f 1608 3490 9104
f 3490 24 3299
f 3299 1537 9104
f 3490 3299 9104
f 134 1608 9104
f 9104 1537 134
f 128 7887 9106
f 7887 2905 9105
f 9105 3235 9106
f 7887 9105 9106
f 2905 7889 9108
f 7889 216 9107
f 9107 3234 9108
f 7889 9107 9108
f 3234 9109 9111
f 9109 219 9110
f 9110 3235 9111
f 9109 9110 9111
f 2905 9108 9105
f 9108 3234 9111
f 9111 3235 9105
f 9108 9111 9105
f 128 9106 3477
f 9106 3235 9112
f 9112 129 3477
f 9106 9112 3477
f 3235 9110 9113
f 9110 219 3664
f 3664 1669 9113
f 9110 3664 9113
f 1669 3663 9114
f 3663 129 9114
f 3235 9113 9112
f 9113 1669 9114
f 9114 129 9112
f 9113 9114 9112
f 216 3652 131
f 3652 1665 131
f 1665 3654 131
f 3654 215 131
f 216 131 9107
f 131 3234 9107
f 131 219 9109
f 9109 3234 131
f 231 3750 9116
f 3750 1693 9115
f 9115 3236 9116
f 3750 9115 9116
f 1693 3747 9117
f 3747 230 9098
f 9098 3231 9117
f 3747 9098 9117
f 3231 9097 9119
f 9097 112 9118
f 9118 3236 9119
f 9097 9118 9119
f 1693 9117 9115
f 9117 3231 9119
f 9119 3236 9115
f 9117 9119 9115
f 231 9116 9121
f 9116 3236 9120
f 9120 3237 9121
f 9116 9120 9121
f 3236 9118 9122
f 9118 112 3393
f 3393 1576 9122
f 9118 3393 9122
f 1576 3391 9124
f 3391 25 9123
f 9123 3237 9124
f 3391 9123 9124
f 3236 9122 9120
f 9122 1576 9124
f 9124 3237 9120
f 9122 9124 9120
f 120 3710 9126
f 3710 1680 9125
f 9125 3238 9126
f 3710 9125 9126
f 1680 3708 9127
f 3708 121 3471
f 3471 1601 9127
f 3708 3471 9127
f 1601 3475 9129
f 3475 17 9128
f 9128 3238 9129
f 3475 9128 9129
f 1680 9127 9125
f 9127 1601 9129
f 9129 3238 9125
f 9127 9129 9125
f 120 9126 3453
f 9126 3238 9130
f 9130 1594 3453
f 9126 9130 3453
f 3238 9128 9131
f 9128 17 3283
f 3283 1532 9131
f 9128 3283 9131
f 1532 3281 9132
f 3281 16 3455
f 3455 1594 9132
f 3281 3455 9132
f 3238 9131 9130
f 9131 1532 9132
f 9132 1594 9130
f 9131 9132 9130
f 141 3763 9134
f 3763 1696 9133
f 9133 3239 9134
f 3763 9133 9134
f 1696 3762 9135
f 3762 231 9121
f 9121 3237 9135
f 3762 9121 9135
f 3237 9123 9137
f 9123 25 9136
f 9136 3239 9137
f 9123 9136 9137
f 1696 9135 9133
f 9135 3237 9137
f 9137 3239 9133
f 9135 9137 9133
f 141 9134 3487
f 9134 3239 9138
f 9138 1607 3487
f 9134 9138 3487
f 3239 9136 9139
f 9136 25 3302
f 3302 1538 9139
f 9136 3302 9139
f 1538 3300 9140
f 3300 24 3489
f 3489 1607 9140
f 3300 3489 9140
f 3239 9139 9138
f 9139 1538 9140
f 9140 1607 9138
f 9139 9140 9138
f 127 1466 9075
f 9075 3225 127
f 3225 9077 127
f 9077 1340 127
f 127 1340 2902
f 2902 128 127
f 127 129 132
f 129 218 132
f 132 1452 225
f 132 225 133
f 1452 132 218
f 218 3240 1452
f 218 212 3240
f 1453 8484 9142
f 8484 3084 9141
f 9141 3241 9142
f 8484 9141 9142
f 3084 1452 9143
f 1452 3240 9143
f 3240 212 9144
f 9144 3241 9145
f 3240 9144 9145
f 3084 9143 9141
f 9143 3240 9145
f 9145 3241 9141
f 9143 9145 9141
f 1453 9142 9147
f 9142 3241 9146
f 9146 3242 9147
f 9142 9146 9147
f 3241 9144 9148
f 9144 212 3618
f 3618 1656 9148
f 9144 3618 9148
f 1656 3621 9150
f 3621 206 9149
f 9149 3242 9150
f 3621 9149 9150
f 3241 9148 9146
f 9148 1656 9150
f 9150 3242 9146
f 9148 9150 9146
f 1466 127 9151
f 127 3243 9151
f 127 137 9152
f 9152 3243 127
f 1466 9151 8650
f 9151 3243 9153
f 9153 3123 8650
f 9151 9153 8650
f 3243 9152 9154
f 9152 137 3484
f 3484 1604 9154
f 9152 3484 9154
f 1604 3482 9155
f 3482 136 8653
f 8653 3123 9155
f 3482 8653 9155
f 3243 9154 9153
f 9154 1604 9155
f 9155 3123 9153
f 9154 9155 9153
f 1479 9066 9157
f 9066 3222 9156
f 9156 3244 9157
f 9066 9156 9157
f 3222 9064 9158
f 9064 1465 8892
f 8892 3187 9158
f 9064 8892 9158
f 3187 8894 9160
f 8894 196 9159
f 9159 3244 9160
f 8894 9159 9160
f 3222 9158 9156
f 9158 3187 9160
f 9160 3244 9156
f 9158 9160 9156
f 1479 9157 9162
f 9157 3244 9161
f 9161 3245 9162
f 9157 9161 9162
f 3244 9159 9163
f 9159 196 3556
f 3556 1636 9163
f 9159 3556 9163
f 1636 3553 9165
f 3553 195 9164
f 9164 3245 9165
f 3553 9164 9165
f 3244 9163 9161
f 9163 1636 9165
f 9165 3245 9161
f 9163 9165 9161
f 1480 9082 9167
f 9082 3226 9166
f 9166 3246 9167
f 9082 9166 9167
f 3226 9079 9168
f 9079 1453 9147
f 9147 3242 9168
f 9079 9147 9168
f 3242 9149 9170
f 9149 206 9169
f 9169 3246 9170
f 9149 9169 9170
f 3226 9168 9166
f 9168 3242 9170
f 9170 3246 9166
f 9168 9170 9166
f 1480 9167 9172
f 9167 3246 9171
f 9171 3247 9172
f 9167 9171 9172
f 3246 9169 9173
f 9169 206 3596
f 3596 1650 9173
f 9169 3596 9173
f 1650 3600 9175
f 3600 209 9174
f 9174 3247 9175
f 3600 9174 9175
f 3246 9173 9171
f 9173 1650 9175
f 9175 3247 9171
f 9173 9175 9171
f 27 140 138
f 28 27 138
f 1464 63 64
f 64 201 1464
f 1306 146 9176
f 146 3248 9176
f 146 224 9177
f 9177 3248 146
f 1306 9176 9179
f 9176 3248 9178
f 9178 3249 9179
f 9176 9178 9179
f 3248 9177 9180
f 9177 224 3728
f 3728 1686 9180
f 9177 3728 9180
f 1686 3727 9182
f 3727 226 9181
f 9181 3249 9182
f 3727 9181 9182
f 3248 9180 9178
f 9180 1686 9182
f 9182 3249 9178
f 9180 9182 9178
f 139 3230 9183
f 9183 3250 9184
f 139 9183 9184
f 3230 9096 9185
f 9096 1479 9162
f 9162 3245 9185
f 9096 9162 9185
f 3245 9164 9187
f 9164 195 9186
f 9186 3250 9187
f 9164 9186 9187
f 3230 9185 9183
f 9185 3245 9187
f 9187 3250 9183
f 9185 9187 9183
f 139 9184 1606
f 9184 3250 1606
f 3250 9186 1606
f 9186 195 3718
f 3718 1683 1606
f 9186 3718 1606
f 1683 3715 1606
f 3715 135 1606
f 146 145 144
f 144 224 146
f 1307 7802 9189
f 7802 2875 9188
f 9188 3251 9189
f 7802 9188 9189
f 2875 7800 9190
f 7800 1306 9179
f 9179 3249 9190
f 7800 9179 9190
f 3249 9181 9192
f 9181 226 9191
f 9191 3251 9192
f 9181 9191 9192
f 2875 9190 9188
f 9190 3249 9192
f 9192 3251 9188
f 9190 9192 9188
f 1307 9189 8906
f 9189 3251 9193
f 9193 3190 8906
f 9189 9193 8906
f 3251 9191 9194
f 9191 226 3734
f 3734 1688 9194
f 9191 3734 9194
f 1688 3731 9195
f 3731 228 8907
f 8907 3190 9195
f 3731 8907 9195
f 3251 9194 9193
f 9194 1688 9195
f 9195 3190 9193
f 9194 9195 9193
f 1295 126 125
f 125 214 1295
f 1481 217 123
f 123 217 1666
f 1666 124 123
f 1481 1480 9172
f 9172 3247 1481
f 3247 9174 1481
f 9174 209 1481
f 1481 209 8641
f 8641 3120 1481
f 3120 217 1481
f 21 122 22
f 22 122 3232
f 3232 1482 22
f 12 10 86
f 86 1482 12
f 10 9 87
f 10 87 86
f 3 117 90
f 3 90 3264
f 90 1526 3264
f 90 4 3266
f 3266 1526 90
f 1484 1485 1483
f 1483 1485 1486
f 1487 1488 1485
f 1485 1488 1489
f 1486 1485 1489
f 1489 1490 1486
f 1491 1486 1490
f 1491 1490 1492
f 1484 1493 1487
f 1484 1487 1485
f 1494 1491 1492
f 1492 1495 1494
f 1496 1497 1487
f 1487 3252 1496
f 1493 3252 1487
f 1494 1495 1498
f 1498 1495 1499
f 1499 1495 1500
f 1500 1501 1499
f 1492 1502 1495
f 1495 1502 1500
f 1490 1503 1492
f 1503 1502 1492
f 1489 1504 1490
f 1490 1504 1503
f 1489 1488 1505
f 1489 1505 1504
f 1491 1506 1507
f 1506 1491 1494
f 1483 1486 1507
f 1486 1491 1507
f 1505 1488 1508
f 1488 1509 1508
f 1510 1506 1494
f 1510 1494 1498
f 1505 1511 1504
f 1512 1504 1511
f 1504 1512 1503
f 1503 1512 1513
f 1502 1503 1513
f 1513 1514 1502
f 1506 1515 1507
f 1507 1515 1516
f 1506 1510 1517
f 1517 1515 1506
f 1501 1500 1518
f 1501 1518 1519
f 1511 1505 1508
f 1508 1520 1511
f 1487 1509 1488
f 1487 1497 9196
f 9196 1509 1487
f 1493 1484 3253
f 1484 1521 9197
f 9197 3253 1484
f 9198 3252 1493
f 3253 9198 1493
f 3253 9197 9199
f 9197 1521 1496
f 9197 1496 9199
f 1496 3252 9200
f 3253 9199 9198
f 9199 1496 9200
f 9200 3252 9198
f 9199 9200 9198
f 1484 1483 1522
f 1522 1521 1484
f 1483 1507 1516
f 1516 1522 1483
f 1502 1514 1500
f 1500 1514 1518
