name,surface_area_before,volume_before,compactness_before,rectangularity_before,diameter_before,convexity_before,eccentricity_before,surface_area_after,volume_after,compactness_after,rectangularity_after,diameter_after,convexity_after,eccentricity_after
AircraftBuoyant\m1337_00_original.obj,2.346889,0.316090,1.143939,0.491198,0.988817,347.415507,2.261384,2.601888,0.305188,1.672161,0.544568,0.988817,335.432698,2.311319
AircraftBuoyant\m1337_01_remeshed.obj,2.346889,0.316090,1.143939,0.491198,0.988817,12.934492,2.165975,2.601888,0.305188,1.672161,0.544568,0.988817,40.926377,2.167113
AircraftBuoyant\m1337_02_translated.obj,2.346889,0.290323,1.356010,0.491198,0.988817,294.471891,2.165975,2.601888,0.305188,1.672161,0.544568,0.988817,309.549479,2.167113
AircraftBuoyant\m1337_03_aligned.obj,2.346890,0.290323,1.356010,0.468404,0.988817,17.624136,2.165975,2.601888,0.305188,1.672161,0.519298,0.988817,18.526529,2.167113
AircraftBuoyant\m1337_04_flipped.obj,2.346890,0.290323,1.356010,0.468404,0.988817,13.101412,2.165975,2.601888,0.305188,1.672161,0.519298,0.988817,13.772232,2.167113
AircraftBuoyant\m1337_05_scaled.obj,2.427948,0.305493,1.356010,0.468404,1.005749,114.353405,2.165975,2.691754,0.321135,1.672161,0.519298,1.005749,120.208543,2.167113
AircraftBuoyant\m1337_unified.obj,2.427948,0.305493,1.356010,0.468404,1.005749,114.353405,2.165975,2.691754,0.321135,1.672161,0.519298,1.005749,120.208543,2.167113
AircraftBuoyant\m1340_00_original.obj,0.468418,0.035941,0.703502,0.304745,0.950000,25.564380,26.827077,0.506583,0.023860,2.019169,0.329574,0.950000,16.970994,26.949055
AircraftBuoyant\m1340_01_remeshed.obj,0.468215,0.035944,0.702495,0.304613,0.950000,11.219641,12.139626,0.506380,0.023857,2.017169,0.329443,0.950000,7.446911,12.149349
AircraftBuoyant\m1340_02_translated.obj,0.468215,0.010046,8.992915,0.304613,0.950000,2.030365,12.139633,0.506380,0.023857,2.017171,0.329443,0.950000,4.821696,12.149356
AircraftBuoyant\m1340_03_aligned.obj,0.468215,0.010046,8.992973,0.305101,0.950000,3.470410,12.139636,0.506380,0.023857,2.017172,0.329970,0.950000,8.241530,12.149359
AircraftBuoyant\m1340_04_flipped.obj,0.468215,0.010046,8.992973,0.305101,0.950000,6.954189,12.139636,0.506380,0.023857,2.017172,0.329970,0.950000,16.514811,12.149359
AircraftBuoyant\m1340_05_scaled.obj,0.518912,0.011721,8.992915,0.305101,1.000110,4.356971,12.139638,0.561210,0.027835,2.017171,0.329970,1.000110,10.346901,12.149361
AircraftBuoyant\m1340_unified.obj,0.518912,0.011721,8.992915,0.305101,1.000110,4.356971,12.139638,0.561210,0.027835,2.017171,0.329970,1.000110,10.346901,12.149361
Apartment\D00310_00_original.obj,18.385496,0.136710,2940.159653,2.660237,1.953022,1.166888,10.636297,29.972813,0.188623,6691.770145,4.336831,1.953022,1.609987,10.609789
Apartment\D00310_01_remeshed.obj,18.004814,0.129398,3082.175266,2.605156,1.953022,11.161986,10.008223,38.187685,0.098905,50335.838349,5.525459,1.953022,8.531660,10.029059
Apartment\D00310_02_translated.obj,18.004814,0.088228,6629.761084,2.605156,1.953022,6.740377,10.008223,38.187683,0.103540,45930.731725,5.525459,1.953022,7.910127,10.029060
Apartment\D00310_03_aligned.obj,18.004815,0.088228,6629.788661,2.511875,1.953022,0.928578,10.008223,38.187683,0.103540,45930.883755,5.327613,1.953022,1.089727,10.029059
Apartment\D00310_04_flipped.obj,18.004815,0.088228,6629.788661,2.511875,1.953022,4.079941,10.008223,38.187683,0.103540,45930.883755,5.327613,1.953022,4.787991,10.029059
Apartment\D00310_05_scaled.obj,5.649667,0.015508,6629.719235,2.511874,1.094018,3.896001,10.008222,11.982778,0.018199,45930.519505,5.327612,1.094018,4.572123,10.029059
Apartment\D00310_unified.obj,5.649667,0.015508,6629.719235,2.511874,1.094018,3.896001,10.008222,11.982778,0.018199,45930.519505,5.327612,1.094018,4.572123,10.029059
Apartment\D00478_00_original.obj,11.125226,0.425570,67.225240,1.202731,1.861232,6.661718,5.210886,20.124852,0.122978,4765.325282,2.175667,1.861232,1.925050,5.231424
Apartment\D00478_01_remeshed.obj,10.618489,0.413827,61.815551,1.147949,1.861232,5.508820,4.901072,19.968772,0.097831,7356.104111,2.158793,1.861232,1.302316,4.924526
Apartment\D00478_02_translated.obj,10.618489,0.405191,64.478645,1.147948,1.861232,27.385452,4.901072,19.968771,0.097786,7362.852935,2.158793,1.861232,6.609030,4.924526
Apartment\D00478_03_aligned.obj,10.618497,0.405191,64.478761,1.282322,1.861232,3.344142,4.901072,19.968782,0.097786,7362.861803,2.411491,1.861232,0.807054,4.924526
Apartment\D00478_04_flipped.obj,10.618497,0.405191,64.478761,1.282322,1.861232,11.729553,4.901072,19.968782,0.097786,7362.861803,2.411491,1.861232,2.830735,4.924526
Apartment\D00478_05_scaled.obj,3.913852,0.090672,64.478661,1.282322,1.129982,5.933822,4.901072,7.360258,0.021882,7362.887224,2.411491,1.129982,1.432027,4.924526
Apartment\D00478_unified.obj,3.913852,0.090672,64.478661,1.282322,1.129982,5.933822,4.901072,7.360258,0.021882,7362.887224,2.411491,1.129982,1.432027,4.924526
Apartment\D00496_00_original.obj,6.556639,0.698193,5.112591,0.672485,1.890571,30.768936,2.918369,6.872873,0.684852,6.120247,0.704920,1.890571,30.181035,2.903751
Apartment\D00496_01_remeshed.obj,6.253549,0.699209,4.422963,0.641399,1.890571,31.158810,2.554677,6.646663,0.691226,5.433990,0.681719,1.890571,30.803052,2.552243
Apartment\D00496_02_translated.obj,6.253550,0.699800,4.415499,0.641399,1.890571,68.306550,2.554678,6.646665,0.691201,5.434388,0.681719,1.890571,67.467195,2.552244
Apartment\D00496_03_aligned.obj,6.253548,0.699800,4.415494,0.812995,1.890571,9.343608,2.554677,6.646668,0.691201,5.434393,0.864103,1.890571,9.228795,2.552242
Apartment\D00496_04_flipped.obj,6.253548,0.699800,4.415494,0.812995,1.890571,9.343608,2.554677,6.646668,0.691201,5.434393,0.864103,1.890571,9.228795,2.552242
Apartment\D00496_05_scaled.obj,2.516284,0.178617,4.415495,0.812995,1.199249,52.120568,2.554677,2.674474,0.176423,5.434437,0.864105,1.199249,51.480113,2.552243
Apartment\D00496_unified.obj,2.516284,0.178617,4.415495,0.812995,1.199249,52.120568,2.554677,2.674474,0.176423,5.434437,0.864105,1.199249,51.480113,2.552243
AquaticAnimal\m56_00_original.obj,0.441398,0.007067,15.224282,0.431571,0.963019,1.578170,58.307920,0.472926,0.007829,15.257251,0.462397,0.963019,1.748352,58.607705
AquaticAnimal\m56_01_remeshed.obj,0.441398,0.007067,15.224282,0.431570,0.963019,1.637407,60.449041,0.473009,0.007905,14.972682,0.462478,0.963019,1.831614,60.645338
AquaticAnimal\m56_02_translated.obj,0.441398,0.007528,13.416241,0.431571,0.963019,12.062664,60.449071,0.473009,0.007655,15.969097,0.462478,0.963019,12.265269,60.645368
AquaticAnimal\m56_03_aligned.obj,0.441398,0.007528,13.416250,0.433211,0.963019,6.387449,60.449053,0.473009,0.007655,15.969148,0.464236,0.963019,6.493655,60.645350
AquaticAnimal\m56_04_flipped.obj,0.441398,0.007528,13.416250,0.433211,0.963019,6.387449,60.449053,0.473009,0.007655,15.969148,0.464236,0.963019,6.493655,60.645350
AquaticAnimal\m56_05_scaled.obj,0.493327,0.008895,13.416225,0.433210,1.018092,5.576738,60.449035,0.528657,0.009045,15.969021,0.464235,1.018092,5.672768,60.645332
AquaticAnimal\m56_unified.obj,0.493327,0.008895,13.416225,0.433210,1.018092,5.576738,60.449035,0.528657,0.009045,15.969021,0.464235,1.018092,5.672768,60.645332
AquaticAnimal\m74_00_original.obj,0.362071,0.007678,7.119323,0.261437,0.954854,10.666619,33.007656,0.356467,0.006080,10.835469,0.257390,0.954854,8.446178,33.007656
AquaticAnimal\m74_01_remeshed.obj,0.349687,0.007894,6.067625,0.253173,0.954854,205.499364,43.294440,0.353780,0.007354,7.240317,0.256135,0.954854,191.434535,43.212683
AquaticAnimal\m74_02_translated.obj,0.349688,0.007697,6.382168,0.253173,0.954854,10.942773,43.294449,0.353780,0.007599,6.779412,0.256135,0.954854,10.804254,43.212693
AquaticAnimal\m74_03_aligned.obj,0.349688,0.007697,6.382166,0.243927,0.954854,1.623697,43.294448,0.353780,0.007599,6.779405,0.246781,0.954854,1.603144,43.212692
AquaticAnimal\m74_04_flipped.obj,0.349688,0.007697,6.382166,0.243927,0.954854,1.623697,43.294448,0.353780,0.007599,6.779405,0.246781,0.954854,1.603144,43.212692
AquaticAnimal\m74_05_scaled.obj,0.385456,0.008907,6.382152,0.243927,1.002500,3.418845,43.294433,0.389967,0.008795,6.779401,0.246782,1.002500,3.375565,43.212677
AquaticAnimal\m74_unified.obj,0.385456,0.008907,6.382152,0.243927,1.002500,3.418845,43.294433,0.389967,0.008795,6.779401,0.246782,1.002500,3.375565,43.212677
AquaticAnimal\m76_00_original.obj,0.410318,0.010220,5.847470,0.261072,0.954949,1.324685,27.614551,0.410318,0.010220,5.847464,0.261072,0.954949,1.324686,27.614551
AquaticAnimal\m76_01_remeshed.obj,0.410318,0.010220,5.847466,0.261072,0.954949,1.331206,52.851250,0.410318,0.010220,5.847466,0.261072,0.954949,1.331206,52.851250
AquaticAnimal\m76_02_translated.obj,0.410318,0.010220,5.847476,0.261072,0.954949,0.859959,52.851266,0.410318,0.010220,5.847476,0.261072,0.954949,0.859959,52.851266
AquaticAnimal\m76_03_aligned.obj,0.410318,0.010220,5.847476,0.255562,0.954949,0.830062,52.851258,0.410318,0.010220,5.847476,0.255562,0.954949,0.830062,52.851258
AquaticAnimal\m76_04_flipped.obj,0.410318,0.010220,5.847476,0.255562,0.954949,0.830062,52.851258,0.410318,0.010220,5.847476,0.255562,0.954949,0.830062,52.851258
AquaticAnimal\m76_05_scaled.obj,0.450215,0.011747,5.847463,0.255561,1.000300,0.830769,52.851246,0.450215,0.011747,5.847463,0.255561,1.000300,0.830769,52.851246
AquaticAnimal\m76_unified.obj,0.450215,0.011747,5.847463,0.255561,1.000300,0.830769,52.851246,0.450215,0.011747,5.847463,0.255561,1.000300,0.830769,52.851246
Bed\D00121_00_original.obj,7.428673,0.211053,81.376691,0.680348,1.944289,1.598939,12.836569,7.428673,0.211053,81.376691,0.680348,1.944289,1.598939,12.836569
Bed\D00121_01_remeshed.obj,7.428673,0.211053,81.376679,0.680348,1.944289,1.134376,12.293038,7.428673,0.211053,81.376679,0.680348,1.944289,1.134376,12.293038
Bed\D00121_02_translated.obj,7.428673,0.211053,81.376689,0.680348,1.944289,1.088681,12.293040,7.428673,0.211053,81.376689,0.680348,1.944289,1.088681,12.293040
Bed\D00121_03_aligned.obj,7.428673,0.211052,81.376825,0.950076,1.944289,6.221323,12.293038,7.428673,0.211052,81.376825,0.950076,1.944289,6.221323,12.293038
Bed\D00121_04_flipped.obj,7.428673,0.211052,81.376825,0.950076,1.944289,4.550426,12.293038,7.428673,0.211052,81.376825,0.950076,1.944289,4.550426,12.293038
Bed\D00121_05_scaled.obj,3.516906,0.068749,81.376374,0.950076,1.337783,2.110053,12.293038,3.516906,0.068749,81.376374,0.950076,1.337783,2.110053,12.293038
Bed\D00121_unified.obj,3.516906,0.068749,81.376374,0.950076,1.337783,2.110053,12.293038,3.516906,0.068749,81.376374,0.950076,1.337783,2.110053,12.293038
Bed\D00839_00_original.obj,10.867620,0.432376,60.705459,1.232289,1.865781,5.782897,32.953734,10.870603,0.432276,60.783500,1.232627,1.865781,5.781563,32.949606
Bed\D00839_01_remeshed.obj,10.867089,0.432370,60.698226,1.232229,1.865781,13.001769,38.853338,10.869992,0.432260,60.777903,1.232558,1.865781,12.998452,38.818292
Bed\D00839_02_translated.obj,10.867088,0.432369,60.698397,1.232229,1.865781,4.085482,38.853340,10.869991,0.432260,60.777915,1.232558,1.865781,4.084444,38.818294
Bed\D00839_03_aligned.obj,10.867088,0.432369,60.698514,1.637318,1.865781,2.027581,38.853336,10.869991,0.432259,60.778052,1.637755,1.865781,2.027066,38.818290
Bed\D00839_04_flipped.obj,10.867088,0.432369,60.698514,1.637318,1.865781,2.027581,38.853336,10.869991,0.432259,60.778052,1.637755,1.865781,2.027066,38.818290
Bed\D00839_05_scaled.obj,5.015979,0.135587,60.698371,1.637316,1.267599,1.977686,38.853333,5.017319,0.135553,60.778020,1.637754,1.267599,1.977182,38.818287
Bed\D00839_unified.obj,5.015979,0.135587,60.698371,1.637316,1.267599,1.977686,38.853333,5.017319,0.135553,60.778020,1.637754,1.267599,1.977182,38.818287
Bed\m948_00_original.obj,4.383322,0.190145,20.596251,0.867054,1.538576,0.450044,1.765052,4.383322,0.190145,20.596251,0.867054,1.538576,0.450044,1.765052
Bed\m948_01_remeshed.obj,4.383322,0.190145,20.596251,0.867054,1.538576,0.928078,1.554848,4.383322,0.190145,20.596251,0.867054,1.538576,0.928078,1.554848
Bed\m948_02_translated.obj,4.383318,0.190145,20.596194,0.867053,1.538576,5.192245,1.554848,4.383318,0.190145,20.596194,0.867053,1.538576,5.192245,1.554848
Bed\m948_03_aligned.obj,4.383321,0.190145,20.596241,0.506029,1.538575,0.781391,1.554848,4.383321,0.190145,20.596241,0.506029,1.538575,0.781391,1.554848
Bed\m948_04_flipped.obj,4.383321,0.190145,20.596241,0.506029,1.538575,0.781391,1.554848,4.383321,0.190145,20.596241,0.506029,1.538575,0.781391,1.554848
Bed\m948_05_scaled.obj,2.610770,0.087404,20.596209,0.506029,1.187411,13.296098,1.554848,2.610770,0.087404,20.596209,0.506029,1.187411,13.296098,1.554848
Bed\m948_unified.obj,2.610770,0.087404,20.596209,0.506029,1.187411,13.296098,1.554848,2.610770,0.087404,20.596209,0.506029,1.187411,13.296098,1.554848
Bicycle\D00033_00_original.obj,1.891579,0.010121,584.267786,0.241038,1.944213,0.101749,116.078857,1.891579,0.004434,3044.217304,0.241038,1.944213,0.044576,116.078857
Bicycle\D00033_01_remeshed.obj,1.729347,0.011852,325.531914,0.220365,1.944213,0.187120,131.380480,2.077854,0.016751,282.692017,0.264774,1.944213,0.264460,132.347817
Bicycle\D00033_02_translated.obj,1.729346,0.011715,333.201988,0.220365,1.944213,0.142493,131.380511,2.077853,0.016749,282.747305,0.264774,1.944213,0.203727,132.347848
Bicycle\D00033_03_aligned.obj,1.729345,0.011715,333.197636,0.214784,1.944214,0.158532,131.380527,2.077852,0.016749,282.747221,0.258068,1.944214,0.226657,132.347864
Bicycle\D00033_04_flipped.obj,1.729345,0.011715,333.197636,0.214784,1.944214,0.209317,131.380527,2.077852,0.016749,282.747221,0.258068,1.944214,0.299265,132.347864
Bicycle\D00033_05_scaled.obj,0.458303,0.001598,333.193874,0.214784,1.000874,0.110564,131.380503,0.550663,0.002285,282.746022,0.258068,1.000874,0.158075,132.347841
Bicycle\D00033_unified.obj,0.458303,0.001598,333.193874,0.214784,1.000874,0.110564,131.380503,0.550663,0.002285,282.746022,0.258068,1.000874,0.158075,132.347841
Bicycle\D00750_00_original.obj,4.165091,0.037000,466.678626,0.409601,1.932622,2.383180,34.658587,5.410265,0.035626,1103.210375,0.532053,1.932622,0.473713,34.566420
Bicycle\D00750_01_remeshed.obj,4.164078,0.036876,469.474626,0.409501,1.932622,1.062954,36.182073,5.410267,0.038037,967.788915,0.532053,1.932622,1.096427,36.149450
Bicycle\D00750_02_translated.obj,4.164077,0.036287,484.836423,0.409501,1.932622,0.380534,36.182068,5.410266,0.038037,967.789473,0.532053,1.932622,0.398888,36.149445
Bicycle\D00750_03_aligned.obj,4.164078,0.036287,484.838714,0.415773,1.932622,0.869018,36.182075,5.410266,0.038037,967.790662,0.540202,1.932622,0.910933,36.149452
Bicycle\D00750_04_flipped.obj,4.164078,0.036287,484.838714,0.415773,1.932622,0.335639,36.182075,5.410266,0.038037,967.790662,0.540202,1.932622,0.351828,36.149452
Bicycle\D00750_05_scaled.obj,1.144609,0.005230,484.837759,0.415773,1.013249,1.002419,36.182068,1.487158,0.005482,967.790358,0.540202,1.013249,1.050768,36.149445
Bicycle\D00750_unified.obj,1.144609,0.005230,484.837759,0.415773,1.013249,1.002419,36.182068,1.487158,0.005482,967.790358,0.540202,1.013249,1.050768,36.149445
Bicycle\D00931_00_original.obj,2.455749,0.016251,495.840130,0.346342,1.821601,0.262089,31.895283,2.542578,0.013220,831.534900,0.358588,1.821601,0.213214,31.899756
Bicycle\D00931_01_remeshed.obj,2.334256,0.015968,441.031671,0.329500,1.821462,0.442819,53.687720,2.427930,0.012990,749.919665,0.342723,1.821462,0.360234,53.664249
Bicycle\D00931_02_translated.obj,2.334257,0.019267,302.960793,0.329500,1.821462,0.387260,53.687732,2.427932,0.012990,749.922313,0.342723,1.821462,0.261108,53.664260
Bicycle\D00931_03_aligned.obj,2.334254,0.019267,302.958866,0.339662,1.821463,1.164500,53.687720,2.427928,0.012990,749.917979,0.353293,1.821463,0.785156,53.664249
Bicycle\D00931_04_flipped.obj,2.334254,0.019267,302.958866,0.339662,1.821463,1.164500,53.687720,2.427928,0.012990,749.917979,0.353293,1.821463,0.785156,53.664249
Bicycle\D00931_05_scaled.obj,0.743530,0.003464,302.958504,0.339663,1.028005,0.252684,53.687707,0.773368,0.002335,749.920233,0.353294,1.028005,0.170370,53.664235
Bicycle\D00931_unified.obj,0.743530,0.003464,302.958504,0.339663,1.028005,0.252684,53.687707,0.773368,0.002335,749.920233,0.353294,1.028005,0.170370,53.664235
Biplane\D00132_00_original.obj,3.677952,0.048050,190.540770,0.507281,1.922408,1.087090,56.824661,3.857021,0.047311,226.661840,0.531979,1.922408,0.846394,57.602174
Biplane\D00132_01_remeshed.obj,3.677951,0.048050,190.540388,0.507281,1.922408,3.174794,39.962812,3.857020,0.047311,226.661481,0.531979,1.922408,3.488588,39.970807
Biplane\D00132_02_translated.obj,3.677952,0.045658,211.027680,0.507281,1.922408,4.998634,39.962807,3.857021,0.047311,226.661683,0.531979,1.922408,6.413128,39.970802
Biplane\D00132_03_aligned.obj,3.677952,0.045658,211.028560,0.430413,1.922407,1.241200,39.962813,3.857021,0.047311,226.662443,0.451368,1.922407,1.286150,39.970809
Biplane\D00132_04_flipped.obj,3.677952,0.045658,211.028560,0.430413,1.922407,1.241200,39.962813,3.857021,0.047311,226.662443,0.451368,1.922407,1.286150,39.970809
Biplane\D00132_05_scaled.obj,1.053387,0.006998,211.028702,0.430412,1.028813,1.759922,39.962803,1.104674,0.007252,226.662102,0.451368,1.028813,1.823660,39.970799
Biplane\D00132_unified.obj,1.053387,0.006998,211.028702,0.430412,1.028813,1.759922,39.962803,1.104674,0.007252,226.662102,0.451368,1.028813,1.823660,39.970799
Biplane\D00276_00_original.obj,5.151609,0.128711,72.970606,0.420190,1.832108,2.714873,3.395911,5.178456,0.126923,76.219211,0.422380,1.832108,2.677178,3.389037
Biplane\D00276_01_remeshed.obj,5.151611,0.128711,72.970397,0.420190,1.832108,2.263848,3.405619,5.178457,0.126924,76.219006,0.422380,1.832108,2.232416,3.405018
Biplane\D00276_02_translated.obj,5.151610,0.128908,72.747357,0.420190,1.832108,1.293368,3.405619,5.178456,0.126924,76.219169,0.422380,1.832108,1.273458,3.405018
Biplane\D00276_03_aligned.obj,5.151609,0.128908,72.747279,0.485411,1.832108,1.026550,3.405619,5.178455,0.126924,76.219080,0.487940,1.832108,1.010747,3.405018
Biplane\D00276_04_flipped.obj,5.151609,0.128908,72.747279,0.485411,1.832108,3.118277,3.405619,5.178455,0.126924,76.219080,0.487940,1.832108,3.070275,3.405018
Biplane\D00276_05_scaled.obj,1.595081,0.022210,72.747246,0.485411,1.019461,2.007964,3.405619,1.603393,0.021868,76.219056,0.487941,1.019461,1.977053,3.405018
Biplane\D00276_unified.obj,1.595081,0.022210,72.747246,0.485411,1.019461,2.007964,3.405619,1.603393,0.021868,76.219056,0.487941,1.019461,1.977053,3.405018
Biplane\D00616_00_original.obj,3.042277,0.018857,700.190773,0.513745,1.994289,1.121498,16.017743,3.099985,0.022781,507.553468,0.523491,1.994289,1.354900,16.022051
Biplane\D00616_01_remeshed.obj,3.034138,0.018908,690.835373,0.512371,1.994289,1.617174,18.136131,3.243286,0.005720,9220.152504,0.547690,1.994289,0.489215,18.058572
Biplane\D00616_02_translated.obj,3.034139,0.018893,691.902314,0.512371,1.994289,0.999916,18.136130,3.243287,0.005043,11860.035900,0.547690,1.994289,0.266912,18.058572
Biplane\D00616_03_aligned.obj,3.034139,0.018893,691.915300,0.478467,1.994288,4.541727,18.136131,3.243287,0.005043,11860.446375,0.511449,1.994288,1.212333,18.058572
Biplane\D00616_04_flipped.obj,3.034139,0.018893,691.915300,0.478467,1.994288,4.541727,18.136131,3.243287,0.005043,11860.446375,0.511449,1.994288,1.212333,18.058572
Biplane\D00616_05_scaled.obj,0.771813,0.002424,691.914470,0.478466,1.005836,0.544598,18.136133,0.825016,0.000644,11959.013271,0.511448,1.005836,0.144771,18.058574
Biplane\D00616_unified.obj,0.771813,0.002424,691.914470,0.478466,1.005836,0.544598,18.136133,0.825016,0.000644,11959.013271,0.511448,1.005836,0.144771,18.058574
Biplane\D00632_00_original.obj,3.353485,0.058964,95.910674,0.363332,1.890949,0.801555,12.035647,3.395596,0.065315,81.146883,0.367895,1.890949,0.887892,11.831591
Biplane\D00632_01_remeshed.obj,3.353484,0.058964,95.910710,0.363332,1.890949,2.707737,16.385752,3.395595,0.065315,81.146898,0.367895,1.890949,2.445679,16.345855
Biplane\D00632_02_translated.obj,3.353485,0.058956,95.936640,0.363332,1.890949,0.719388,16.385753,3.395596,0.065315,81.146883,0.367895,1.890949,0.791816,16.345856
Biplane\D00632_03_aligned.obj,3.353485,0.058956,95.936621,0.365767,1.890949,22.805136,16.385754,3.395596,0.065315,81.146855,0.370360,1.890949,25.264949,16.345858
Biplane\D00632_04_flipped.obj,3.353485,0.058956,95.936621,0.365767,1.890949,25.525150,16.385754,3.395596,0.065315,81.146855,0.370360,1.890949,43.341772,16.345858
Biplane\D00632_05_scaled.obj,0.957983,0.009002,95.937145,0.365768,1.010672,16.080487,16.385754,0.970012,0.009972,81.147200,0.370361,1.010672,14.723918,16.345858
Biplane\D00632_unified.obj,0.957983,0.009002,95.937145,0.365768,1.010672,16.080487,16.385754,0.970012,0.009972,81.147200,0.370361,1.010672,14.723918,16.345858
Biplane\m1131_00_original.obj,0.854846,0.004999,221.055842,0.461273,0.976426,0.556599,14.181420,0.871868,0.008116,88.955214,0.470458,0.976426,0.903756,14.304259
Biplane\m1131_01_remeshed.obj,0.854846,0.004999,221.055214,0.461273,0.976426,0.374579,9.048127,0.871868,0.008116,88.955109,0.470458,0.976426,0.743854,9.066887
Biplane\m1131_02_translated.obj,0.854846,0.003880,366.834808,0.461273,0.976426,0.617391,9.048131,0.871868,0.008116,88.955254,0.470458,0.976426,0.642125,9.066891
Biplane\m1131_03_aligned.obj,0.854846,0.003880,366.837924,0.420710,0.976426,0.841850,9.048125,0.871868,0.008116,88.955659,0.429087,0.976426,1.760876,9.066885
Biplane\m1131_04_flipped.obj,0.854846,0.003880,366.837924,0.420710,0.976426,0.841850,9.048125,0.871868,0.008116,88.955659,0.429087,0.976426,1.760876,9.066885
Biplane\m1131_05_scaled.obj,0.926726,0.004380,366.836399,0.420710,1.016648,1.523378,9.048125,0.945178,0.009161,88.954908,0.429087,1.016648,3.186418,9.066885
Biplane\m1131_unified.obj,0.926726,0.004380,366.836399,0.420710,1.016648,1.523378,9.048125,0.945178,0.009161,88.954908,0.429087,1.016648,3.186418,9.066885
Bird\D00113_00_original.obj,7.225190,0.264561,47.647869,0.566084,1.768334,1.428519,4.515454,7.225190,0.264561,47.647869,0.566084,1.768334,1.428519,4.515454
Bird\D00113_01_remeshed.obj,7.200697,0.264293,47.260654,0.564251,1.768150,1.417142,3.171633,7.200697,0.264293,47.260654,0.564251,1.768150,1.417142,3.171633
Bird\D00113_02_translated.obj,7.200697,0.264293,47.260652,0.564251,1.768150,1.978273,3.171631,7.200697,0.264293,47.260652,0.564251,1.768150,1.978273,3.171631
Bird\D00113_03_aligned.obj,7.200697,0.264293,47.260663,0.605439,1.768149,7.287806,3.171632,7.200697,0.264293,47.260663,0.605439,1.768149,7.287806,3.171632
Bird\D00113_04_flipped.obj,7.200697,0.264293,47.260663,0.605439,1.768149,7.287806,3.171632,7.200697,0.264293,47.260663,0.605439,1.768149,7.287806,3.171632
Bird\D00113_05_scaled.obj,2.386774,0.050436,47.260649,0.605438,1.017975,6.913149,3.171632,2.386774,0.050436,47.260649,0.605438,1.017975,6.913149,3.171632
Bird\D00113_unified.obj,2.386774,0.050436,47.260649,0.605438,1.017975,6.913149,3.171632,2.386774,0.050436,47.260649,0.605438,1.017975,6.913149,3.171632
Bird\D00625_00_original.obj,1.728025,0.003525,3672.641964,0.142333,1.913752,0.068972,3.699599,2.242602,0.021098,224.032946,0.184717,1.913752,0.412866,3.946329
Bird\D00625_01_remeshed.obj,1.728026,0.003525,3672.626847,0.142333,1.913752,0.084565,2.270524,2.242603,0.021098,224.032914,0.184717,1.913752,0.506206,2.291069
Bird\D00625_02_translated.obj,1.728025,0.010748,394.943994,0.142333,1.913752,0.269466,2.270524,2.242602,0.021098,224.032905,0.184717,1.913752,0.528956,2.291070
Bird\D00625_03_aligned.obj,1.728025,0.010748,394.942361,0.139501,1.913752,0.484305,2.270524,2.242602,0.021098,224.032657,0.181042,1.913752,0.950678,2.291069
Bird\D00625_04_flipped.obj,1.728025,0.010748,394.942361,0.139501,1.913752,0.915111,2.270524,2.242602,0.021098,224.032657,0.181042,1.913752,1.796338,2.291069
Bird\D00625_05_scaled.obj,0.506771,0.001707,394.944085,0.139501,1.036374,0.968767,2.270524,0.657679,0.003351,224.032940,0.181042,1.036374,1.901667,2.291069
Bird\D00625_unified.obj,0.506771,0.001707,394.944085,0.139501,1.036374,0.968767,2.270524,0.657679,0.003351,224.032940,0.181042,1.036374,1.901667,2.291069
Bird\m43_00_original.obj,0.236212,0.010777,1.003437,0.061088,1.086470,0.157250,6.442939,0.366065,0.001678,153.986717,0.094670,1.086470,0.024490,6.735850
Bird\m43_01_remeshed.obj,0.236212,0.010777,1.003440,0.061088,1.086470,0.141557,11.120438,0.366065,0.001678,153.987254,0.094670,1.086470,0.022045,11.117362
Bird\m43_02_translated.obj,0.236212,0.001919,31.629578,0.061088,1.086470,0.298151,11.120441,0.366066,0.001678,153.986390,0.094670,1.086470,0.260692,11.117365
Bird\m43_03_aligned.obj,0.236211,0.001919,31.629765,0.067252,1.086469,0.221489,11.120444,0.366065,0.001678,153.987012,0.104223,1.086469,0.193662,11.117367
Bird\m43_04_flipped.obj,0.236211,0.001919,31.629765,0.067252,1.086469,0.221489,11.120444,0.366065,0.001678,153.987012,0.104223,1.086469,0.193662,11.117367
Bird\m43_05_scaled.obj,0.200421,0.001500,31.629835,0.067252,1.000780,0.508435,11.120442,0.310599,0.001312,153.986666,0.104223,1.000780,0.444558,11.117366
Bird\m43_unified.obj,0.200421,0.001500,31.629835,0.067252,1.000780,0.508435,11.120442,0.310599,0.001312,153.986666,0.104223,1.000780,0.444558,11.117366
Bird\m47_00_original.obj,0.267553,0.002477,27.605966,0.159853,0.950001,0.130791,37.034372,0.271636,0.002479,28.842324,0.162292,0.950001,0.130897,38.255549
Bird\m47_01_remeshed.obj,0.267553,0.002477,27.605932,0.159853,0.950001,0.120372,112.280316,0.271640,0.002479,28.843700,0.162295,0.950001,0.120469,111.943585
Bird\m47_02_translated.obj,0.267553,0.002510,26.885947,0.159853,0.950001,0.978099,112.280323,0.271640,0.002479,28.843674,0.162295,0.950001,0.966044,111.943595
Bird\m47_03_aligned.obj,0.267553,0.002510,26.885938,0.155482,0.950000,0.690957,112.280206,0.271640,0.002479,28.843706,0.157857,0.950000,0.682441,111.943475
Bird\m47_04_flipped.obj,0.267553,0.002510,26.885938,0.155482,0.950000,0.690957,112.280206,0.271640,0.002479,28.843706,0.157857,0.950000,0.682441,111.943475
Bird\m47_05_scaled.obj,0.297761,0.002947,26.886059,0.155482,1.002198,0.966555,112.280181,0.302310,0.002910,28.843813,0.157857,1.002198,0.954642,111.943449
Bird\m47_unified.obj,0.297761,0.002947,26.886059,0.155482,1.002198,0.966555,112.280181,0.302310,0.002910,28.843813,0.157857,1.002198,0.954642,111.943449
Bird\m50_00_original.obj,0.797410,0.043010,2.423578,0.369237,0.960083,5.729472,10.677889,0.797410,0.043010,2.423578,0.369237,0.960083,5.729472,10.677889
Bird\m50_01_remeshed.obj,0.797410,0.043010,2.423578,0.369237,0.960083,3.273504,29.189070,0.797410,0.043010,2.423578,0.369237,0.960083,3.273504,29.189070
Bird\m50_02_translated.obj,0.797410,0.043010,2.423579,0.369237,0.960083,4.466470,29.189070,0.797410,0.043010,2.423579,0.369237,0.960083,4.466470,29.189070
Bird\m50_03_aligned.obj,0.797409,0.043010,2.423579,0.412650,0.960083,2.713626,29.189074,0.797409,0.043010,2.423579,0.412650,0.960083,2.713626,29.189074
Bird\m50_04_flipped.obj,0.797409,0.043010,2.423579,0.412650,0.960083,2.713626,29.189074,0.797409,0.043010,2.423579,0.412650,0.960083,2.713626,29.189074
Bird\m50_05_scaled.obj,0.933282,0.054458,2.423577,0.412650,1.038663,4.315585,29.189068,0.933282,0.054458,2.423577,0.412650,1.038663,4.315585,29.189068
Bird\m50_unified.obj,0.933282,0.054458,2.423577,0.412650,1.038663,4.315585,29.189068,0.933282,0.054458,2.423577,0.412650,1.038663,4.315585,29.189068
Bookset\D01135_00_original.obj,2772.279930,636.521667,464.978087,11.137079,11.693678,21.952312,5.909773,909.807219,5.266034,240120.078175,3.654968,11.693678,0.181615,5.909773
Bookset\D01135_01_remeshed.obj,901.730355,197.495633,166.212124,3.622521,11.693678,9.940174,5.857900,1458.784980,32.536296,25928.969196,5.860376,11.693678,1.637588,5.867119
Bookset\D01135_02_translated.obj,901.730355,9.796409,67552.876139,3.622521,11.693678,0.328327,5.857900,1458.784978,59.632696,7718.849805,5.860376,11.693678,1.998591,5.867119
Bookset\D01135_03_aligned.obj,901.730346,9.796379,67553.292160,4.201549,11.693678,3.242149,5.857900,1458.784957,59.632677,7718.854285,6.797106,11.693678,19.735661,5.867119
Bookset\D01135_04_flipped.obj,901.730346,9.796379,67553.292160,4.201549,11.693678,0.241542,5.857900,1458.784957,59.632677,7718.854285,6.797106,11.693678,1.470320,5.867119
Bookset\D01135_05_scaled.obj,8.344745,0.008721,67554.153898,4.201556,1.124914,0.930024,5.857900,13.499808,0.053087,7718.859876,6.797116,1.124914,5.661288,5.867119
Bookset\D01135_unified.obj,8.344745,0.008721,67554.153898,4.201556,1.124914,0.930024,5.857900,13.499808,0.053087,7718.859876,6.797116,1.124914,5.661288,5.867119
Bookset\D01184_00_original.obj,3.157565,0.052220,102.077517,8.683940,0.437065,18.397076,6.188086,1.042141,0.015677,40.718567,2.866098,0.437065,5.523050,6.188086
Bookset\D01184_01_remeshed.obj,1.015753,0.016185,35.374294,2.793525,0.437065,5.892632,28.317409,1.217260,0.009348,182.479618,3.347710,0.437065,3.403603,28.133339
Bookset\D01184_02_translated.obj,1.015753,0.011709,67.583271,2.793525,0.437065,33.286983,28.317303,1.217260,0.008793,206.272065,3.347711,0.437065,24.995782,28.133234
Bookset\D01184_03_aligned.obj,1.015753,0.011709,67.583221,2.359539,0.437065,12.894878,28.317369,1.217260,0.008793,206.272970,2.827628,0.437065,9.682966,28.133300
Bookset\D01184_04_flipped.obj,1.015753,0.011709,67.583221,2.359539,0.437065,9.317805,28.317369,1.217260,0.008793,206.272970,2.827628,0.437065,6.996885,28.133300
Bookset\D01184_05_scaled.obj,8.320208,0.274508,67.583366,2.359544,1.250889,13.225835,28.317380,9.970787,0.206133,206.272452,2.827635,1.250889,9.931510,28.133310
Bookset\D01184_unified.obj,8.320208,0.274508,67.583366,2.359544,1.250889,13.225835,28.317380,9.970787,0.206133,206.272452,2.827635,1.250889,9.931510,28.133310
Bottle\D00311_00_original.obj,3.458462,0.447582,1.825794,0.615895,1.734925,21.887271,13.410090,3.458462,0.447582,1.825794,0.615895,1.734925,21.887271,13.410090
Bottle\D00311_01_remeshed.obj,3.458462,0.447582,1.825794,0.615895,1.734925,16.370844,12.897853,3.458462,0.447582,1.825794,0.615895,1.734925,16.370844,12.897853
Bottle\D00311_02_translated.obj,3.458462,0.447582,1.825794,0.615895,1.734925,33.997598,12.897854,3.458462,0.447582,1.825794,0.615895,1.734925,33.997598,12.897854
Bottle\D00311_03_aligned.obj,3.458461,0.447582,1.825794,0.620873,1.734925,53.446420,12.897854,3.458461,0.447582,1.825794,0.620873,1.734925,53.446420,12.897854
Bottle\D00311_04_flipped.obj,3.458461,0.447582,1.825794,0.620873,1.734925,53.446420,12.897854,3.458461,0.447582,1.825794,0.620873,1.734925,53.446420,12.897854
Bottle\D00311_05_scaled.obj,1.191982,0.090563,1.825794,0.620872,1.018532,25.667459,12.897855,1.191982,0.090563,1.825794,0.620872,1.018532,25.667459,12.897855
Bottle\D00311_unified.obj,1.191982,0.090563,1.825794,0.620872,1.018532,25.667459,12.897855,1.191982,0.090563,1.825794,0.620872,1.018532,25.667459,12.897855
Bottle\D00347_00_original.obj,3.129477,0.051022,104.100679,1.005746,1.595750,8.660041,22.545212,3.157904,0.061024,74.772706,1.014881,1.595750,10.357761,22.577936
Bottle\D00347_01_remeshed.obj,3.129477,0.051022,104.100802,1.005746,1.595750,13.300865,22.598228,3.157904,0.063052,70.040601,1.014881,1.595750,16.437006,22.606517
Bottle\D00347_02_translated.obj,3.129477,0.051022,104.100279,1.005746,1.595750,7.954885,22.598226,3.157904,0.063768,68.476442,1.014881,1.595750,9.942143,22.606515
Bottle\D00347_03_aligned.obj,3.129477,0.051022,104.100121,1.007670,1.595750,112.423720,22.598226,3.157904,0.063768,68.476336,1.016823,1.595750,140.508949,22.606515
Bottle\D00347_04_flipped.obj,3.129477,0.051022,104.100121,1.007670,1.595750,26.185698,22.598226,3.157904,0.063768,68.476336,1.016823,1.595750,32.727300,22.606515
Bottle\D00347_05_scaled.obj,1.252456,0.012918,104.100226,1.007671,1.009509,16.685839,22.598224,1.263833,0.016145,68.476360,1.016824,1.009509,20.854235,22.606513
Bottle\D00347_unified.obj,1.252456,0.012918,104.100226,1.007671,1.009509,16.685839,22.598224,1.263833,0.016145,68.476360,1.016824,1.009509,20.854235,22.606513
Bottle\D00711_00_original.obj,4.826861,0.774257,1.658715,0.621527,1.936126,44.150287,10.136898,4.902625,0.795864,1.644960,0.631283,1.936126,45.382414,10.231946
Bottle\D00711_01_remeshed.obj,4.826860,0.774257,1.658715,0.621527,1.936126,13.655576,9.322338,4.902625,0.795864,1.644961,0.631283,1.936126,14.036669,9.324156
Bottle\D00711_02_translated.obj,4.826861,0.770924,1.673088,0.621527,1.936126,15.461927,9.322336,4.902625,0.795864,1.644961,0.631283,1.936126,15.962140,9.324154
Bottle\D00711_03_aligned.obj,4.826861,0.770924,1.673088,0.624205,1.936126,20.543966,9.322336,4.902625,0.795864,1.644961,0.634002,1.936126,21.208589,9.324154
Bottle\D00711_04_flipped.obj,4.826861,0.770924,1.673088,0.624205,1.936126,27.383119,9.322336,4.902625,0.795864,1.644961,0.634002,1.936126,28.268997,9.324154
Bottle\D00711_05_scaled.obj,1.341747,0.112985,1.673088,0.624205,1.020790,41.365581,9.322336,1.362808,0.116640,1.644960,0.634003,1.020790,42.703812,9.324154
Bottle\D00711_unified.obj,1.341747,0.112985,1.673088,0.624205,1.020790,41.365581,9.322336,1.362808,0.116640,1.644960,0.634003,1.020790,42.703812,9.324154
Bottle\D00940_00_original.obj,4.681669,0.702021,1.840980,0.688390,1.859266,10.294198,12.760183,4.681704,0.702021,1.841021,0.688395,1.859266,10.294198,12.764945
Bottle\D00940_01_remeshed.obj,4.681669,0.702021,1.840980,0.688390,1.859266,26.503059,12.889515,4.681704,0.702021,1.841021,0.688395,1.859266,26.503059,12.889805
Bottle\D00940_02_translated.obj,4.681669,0.702021,1.840980,0.688390,1.859266,84.172819,12.889517,4.681704,0.702021,1.841021,0.688396,1.859266,84.172819,12.889807
Bottle\D00940_03_aligned.obj,4.681669,0.702021,1.840980,0.700120,1.859265,15.651599,12.889516,4.681704,0.702021,1.841021,0.700125,1.859265,15.651600,12.889806
Bottle\D00940_04_flipped.obj,4.681669,0.702021,1.840980,0.700120,1.859265,43.374564,12.889516,4.681704,0.702021,1.841021,0.700125,1.859265,43.374564,12.889806
Bottle\D00940_05_scaled.obj,1.443804,0.120230,1.840979,0.700121,1.032513,48.053599,12.889516,1.443815,0.120230,1.841020,0.700126,1.032513,48.053599,12.889806
Bottle\D00940_unified.obj,1.443804,0.120230,1.840979,0.700121,1.032513,48.053599,12.889516,1.443815,0.120230,1.841020,0.700126,1.032513,48.053599,12.889806
BuildingNonResidential\m382_00_original.obj,3.320238,0.077713,53.587601,0.797729,1.139164,1.017343,2.573925,3.379090,0.085317,46.867455,0.811869,1.139164,1.116888,2.609792
BuildingNonResidential\m382_01_remeshed.obj,3.320238,0.077713,53.587584,0.797729,1.139164,7.603784,4.287189,3.379090,0.085317,46.867440,0.811869,1.139164,8.347802,4.286980
BuildingNonResidential\m382_02_translated.obj,3.320237,0.082679,47.343942,0.797729,1.139164,15.888768,4.287191,3.379090,0.085317,46.867469,0.811869,1.139164,16.395798,4.286981
BuildingNonResidential\m382_03_aligned.obj,3.320237,0.082679,47.343908,0.573463,1.139164,1.149687,4.287190,3.379090,0.085317,46.867438,0.583628,1.139164,1.186375,4.286980
BuildingNonResidential\m382_04_flipped.obj,3.320237,0.082679,47.343908,0.573463,1.139164,2.963602,4.287190,3.379090,0.085317,46.867438,0.583628,1.139164,3.058174,4.286980
BuildingNonResidential\m382_05_scaled.obj,2.664413,0.059435,47.343913,0.573463,1.020475,0.781085,4.287190,2.711640,0.061332,46.867446,0.583628,1.020475,0.806011,4.286980
BuildingNonResidential\m382_unified.obj,2.664413,0.059435,47.343913,0.573463,1.020475,0.781085,4.287190,2.711640,0.061332,46.867446,0.583628,1.020475,0.806011,4.286980
BuildingNonResidential\m393_00_original.obj,3.347649,0.000134,18466252.845384,0.897667,1.009776,0.007086,1.374672,3.869982,0.060734,138.935701,1.037730,1.009776,3.210992,1.328134
BuildingNonResidential\m393_01_remeshed.obj,3.347649,0.000134,18458724.680316,0.897667,1.009776,0.014630,2.575673,3.869919,0.060734,138.928870,1.037713,1.009776,6.628249,2.566172
BuildingNonResidential\m393_02_translated.obj,3.347649,0.030637,353.408159,0.897667,1.009776,1.048866,2.575672,3.869918,0.060734,138.928689,1.037713,1.009776,2.079243,2.566171
BuildingNonResidential\m393_03_aligned.obj,3.347650,0.030637,353.404800,0.835375,1.009777,3.574420,2.575673,3.869919,0.060734,138.927917,0.965703,1.009777,7.085814,2.566172
BuildingNonResidential\m393_04_flipped.obj,3.347650,0.030637,353.404800,0.835375,1.009777,1.060603,2.575673,3.869919,0.060734,138.927917,0.965703,1.009777,2.102505,2.566172
BuildingNonResidential\m393_05_scaled.obj,3.770520,0.036621,353.415085,0.835375,1.071658,4.915830,2.575673,4.358762,0.072597,138.929976,0.965703,1.071658,9.745053,2.566172
BuildingNonResidential\m393_unified.obj,3.770520,0.036621,353.415085,0.835375,1.071658,4.915830,2.575673,4.358762,0.072597,138.929976,0.965703,1.071658,9.745053,2.566172
BuildingNonResidential\m400_00_original.obj,5.643190,0.034228,1356.303792,1.399230,1.212582,3.841265,2.891466,5.643190,0.051592,596.977934,1.399230,1.212582,5.789935,2.891466
BuildingNonResidential\m400_01_remeshed.obj,5.641473,0.034196,1357.613305,1.398805,1.212582,3.837660,4.378625,5.643190,0.034228,1356.303676,1.399230,1.212582,3.841265,4.379058
BuildingNonResidential\m400_02_translated.obj,5.641473,0.034140,1362.076920,1.398804,1.212582,1.052391,4.378630,5.643190,0.034228,1356.303676,1.399230,1.212582,1.055110,4.379063
BuildingNonResidential\m400_03_aligned.obj,5.641473,0.034140,1362.070559,1.230708,1.212583,3.004713,4.378630,5.643190,0.034228,1356.297491,1.231083,1.212583,3.012475,4.379063
BuildingNonResidential\m400_04_flipped.obj,5.641473,0.034140,1362.070559,1.230708,1.212583,3.004713,4.378630,5.643190,0.034228,1356.297491,1.231083,1.212583,3.012475,4.379063
BuildingNonResidential\m400_05_scaled.obj,6.017571,0.037610,1362.080957,1.230708,1.252350,1.453322,4.378630,6.019402,0.037707,1356.308297,1.231082,1.252350,1.457076,4.379063
BuildingNonResidential\m400_unified.obj,6.017571,0.037610,1362.080957,1.230708,1.252350,1.453322,4.378630,6.019402,0.037707,1356.308297,1.231082,1.252350,1.457076,4.379063
BuildingNonResidential\m405_00_original.obj,15.211059,0.087583,4056.804615,3.101995,1.359711,3.858369,3.316245,15.211059,0.064046,7586.464935,3.101995,1.359711,2.821474,3.316245
BuildingNonResidential\m405_01_remeshed.obj,14.967754,0.074910,5283.737441,3.052378,1.359711,8.907075,2.757511,22.689781,0.075778,17986.793769,4.627132,1.359711,9.010302,2.762361
BuildingNonResidential\m405_02_translated.obj,14.967758,0.073920,5426.189312,3.052378,1.359711,3.814774,2.757511,22.689785,0.019782,263936.131286,4.627133,1.359711,1.020886,2.762361
BuildingNonResidential\m405_03_aligned.obj,14.967751,0.073920,5426.171275,2.971948,1.359712,2.246015,2.757511,22.689778,0.020257,251698.442976,4.505208,1.359712,0.615502,2.746519
BuildingNonResidential\m405_04_flipped.obj,14.967751,0.073920,5426.171275,2.971948,1.359712,9.845543,2.757511,22.689778,0.020257,251698.442976,4.505208,1.359712,2.698092,2.746519
BuildingNonResidential\m405_05_scaled.obj,16.096919,0.082441,5426.178165,2.971946,1.410067,4.578066,2.757511,24.401496,0.022592,251701.695259,4.505206,1.410067,1.254575,2.746519
BuildingNonResidential\m405_unified.obj,16.096919,0.082441,5426.178165,2.971946,1.410067,4.578066,2.757511,24.401496,0.022592,251701.695259,4.505206,1.410067,1.254575,2.746519
BuildingNonResidential\m412_00_original.obj,0.771690,0.000993,4122.331414,0.632137,0.975170,0.479772,31.268931,0.773339,0.000858,5549.766717,0.633487,0.975170,0.414820,31.412947
BuildingNonResidential\m412_01_remeshed.obj,0.770884,0.000988,4152.690564,0.631477,0.975170,1.160696,30.815624,0.773070,0.001015,3965.096981,0.633267,0.975170,1.192890,30.860445
BuildingNonResidential\m412_02_translated.obj,0.770885,0.000988,4152.675257,0.631477,0.975170,0.248901,30.815503,0.773070,0.001015,3965.092484,0.633268,0.975170,0.255805,30.860324
BuildingNonResidential\m412_03_aligned.obj,0.770884,0.000988,4152.780476,0.616804,0.975170,0.072199,30.815530,0.773070,0.001015,3965.182184,0.618553,0.975170,0.074202,30.860351
BuildingNonResidential\m412_04_flipped.obj,0.770884,0.000988,4152.780476,0.616804,0.975170,0.154875,30.815530,0.773070,0.001015,3965.182184,0.618553,0.975170,0.159171,30.860351
BuildingNonResidential\m412_05_scaled.obj,0.854301,0.001152,4152.601444,0.616804,1.026575,0.298112,30.815523,0.856723,0.001184,3965.014008,0.618553,1.026575,0.306381,30.860344
BuildingNonResidential\m412_unified.obj,0.854301,0.001152,4152.601444,0.616804,1.026575,0.298112,30.815523,0.856723,0.001184,3965.014008,0.618553,1.026575,0.306381,30.860344
Bus\D00182_00_original.obj,13161.645890,2333.087846,3703.531564,7.789488,42.866764,5.158472,26.889565,4362.363781,3774.787672,51.514348,2.581788,42.866764,8.346080,26.889565
Bus\D00182_01_remeshed.obj,4196.804490,867.030693,869.430551,2.481409,42.845912,1.179084,27.418713,9675.997846,2503.338554,1278.190954,5.721045,42.845912,3.404317,26.678831
Bus\D00182_02_translated.obj,4196.804431,866.897860,869.696977,2.481409,42.845911,3.901966,27.418713,9675.997884,1941.549581,2124.897324,5.721045,42.845911,8.739046,26.678831
Bus\D00182_03_aligned.obj,4196.804419,866.897728,869.697233,2.181741,42.845911,3.557652,27.418713,9675.997881,1941.549359,2124.897807,5.030143,42.845911,7.967903,26.685893
Bus\D00182_04_flipped.obj,4196.804419,866.897728,869.697233,2.181741,42.845911,3.557652,27.418713,9675.997881,1941.549359,2124.897807,5.030143,42.845911,7.967903,26.685893
Bus\D00182_05_scaled.obj,2.356136,0.011532,869.708156,2.181747,1.015196,13.069143,27.418716,5.432219,0.025827,2124.905254,5.030155,1.015196,29.270455,26.678834
Bus\D00182_unified.obj,2.356136,0.011532,869.708156,2.181747,1.015196,13.069143,27.418716,5.432219,0.025827,2124.905254,5.030155,1.015196,29.270455,26.678834
Bus\D00411_00_original.obj,2505.007476,821.306705,206.045896,6.355798,17.419943,25.643978,27.719123,831.043585,92.890001,588.140508,2.108555,17.419943,2.900341,27.719123
Bus\D00411_01_remeshed.obj,805.277875,282.730506,57.761650,2.043181,17.419943,5.701200,33.734357,2578.886224,88.558936,19336.567774,6.543246,17.419943,1.785772,34.063934
Bus\D00411_02_translated.obj,805.277859,187.621347,131.165737,2.043181,17.419943,31.632087,33.734359,2578.886140,115.019123,11463.151279,6.543246,17.419943,19.391690,34.063936
Bus\D00411_03_aligned.obj,805.277845,187.621368,131.165700,2.008978,17.419943,7.112568,33.734357,2578.886188,115.087883,11449.458622,6.433712,17.419943,4.362885,34.054948
Bus\D00411_04_flipped.obj,805.277845,187.621368,131.165700,2.008978,17.419943,24.898057,33.734357,2578.886188,115.087883,11449.458622,6.433712,17.419943,15.272592,34.054948
Bus\D00411_05_scaled.obj,2.812444,0.038725,131.165734,2.008978,1.029474,8.805408,33.734357,9.006792,0.023681,11519.922985,6.433709,1.029474,5.384735,34.054947
Bus\D00411_unified.obj,2.812444,0.038725,131.165734,2.008978,1.029474,8.805408,33.734357,9.006792,0.023681,11519.922985,6.433709,1.029474,5.384735,34.054947
Car\D00670_00_original.obj,4.795173,0.292345,11.406965,0.823221,1.944824,8.654262,29.007017,7.294886,0.118727,243.504730,1.252365,1.944824,4.759648,28.743660
Car\D00670_01_remeshed.obj,4.780784,0.291188,11.394556,0.820751,1.944824,11.920447,29.503253,8.565179,0.020005,13883.579177,1.470445,1.944824,0.818929,29.417323
Car\D00670_02_translated.obj,4.780785,0.276010,12.682255,0.820751,1.944824,21.266588,29.503255,8.565180,0.034228,4742.463675,1.470445,1.944824,2.637242,29.417325
Car\D00670_03_aligned.obj,4.780783,0.276010,12.682185,0.824530,1.944824,12.832811,29.503254,8.565178,0.034227,4742.505341,1.477216,1.944824,1.591370,29.417324
Car\D00670_04_flipped.obj,4.780783,0.276010,12.682185,0.824530,1.944824,12.832811,29.503254,8.565178,0.034227,4742.505341,1.477216,1.944824,1.591370,29.417324
Car\D00670_05_scaled.obj,1.265145,0.037574,12.682223,0.824531,1.000463,5.429824,29.503253,2.266614,0.004660,4742.405551,1.477216,1.000463,0.673348,29.417323
Car\D00670_unified.obj,1.265145,0.037574,12.682223,0.824531,1.000463,5.429824,29.503253,2.266614,0.004660,4742.405551,1.477216,1.000463,0.673348,29.417323
Car\D00671_00_original.obj,9.103132,0.417736,38.222255,1.517884,1.983036,9.835728,25.002123,10.707589,0.514883,40.945372,1.785416,1.983036,12.123095,24.941618
Car\D00671_01_remeshed.obj,7.978186,0.417761,25.727894,1.331337,1.983036,8.115178,24.729846,10.134611,0.459622,43.568026,1.691184,1.983036,8.928338,24.649066
Car\D00671_02_translated.obj,7.978185,0.423895,24.988736,1.331336,1.983036,7.341736,24.729860,10.134610,0.459597,43.572612,1.691183,1.983036,7.960100,24.649080
Car\D00671_03_aligned.obj,7.978186,0.423895,24.988745,1.334900,1.983037,3.396198,24.729844,10.134609,0.459598,43.572554,1.695710,1.983037,3.682248,24.649064
Car\D00671_04_flipped.obj,7.978186,0.423895,24.988745,1.334900,1.983037,3.396198,24.729844,10.134609,0.459598,43.572554,1.695710,1.983037,3.682248,24.649064
Car\D00671_05_scaled.obj,2.243544,0.063213,24.988718,1.334900,1.051589,2.590881,24.729846,2.849952,0.068537,43.572571,1.695711,1.051589,2.809101,24.649067
Car\D00671_unified.obj,2.243544,0.063213,24.988718,1.334900,1.051589,2.590881,24.729846,2.849952,0.068537,43.572571,1.695711,1.051589,2.809101,24.649067
Car\D00724_00_original.obj,10.916727,0.400788,71.613462,1.348582,1.901196,7.897414,9.123261,19.906236,0.052655,25155.865608,2.459089,1.901196,1.002413,9.135071
Car\D00724_01_remeshed.obj,10.881227,0.399456,71.390925,1.344197,1.901196,6.270730,8.646636,19.550136,0.072216,12668.722159,2.415098,1.901196,1.048316,8.682549
Car\D00724_02_translated.obj,10.881228,0.406618,68.898087,1.344197,1.901196,10.852993,8.646636,19.550137,0.073142,12349.924644,2.415098,1.901196,1.676727,8.682548
Car\D00724_03_aligned.obj,10.881227,0.406618,68.898128,1.403105,1.901196,35.339754,8.646636,19.550134,0.073142,12349.957797,2.520937,1.901196,4.466197,8.682549
Car\D00724_04_flipped.obj,10.881227,0.406618,68.898128,1.403105,1.901196,35.339754,8.646636,19.550134,0.073142,12349.957797,2.520937,1.901196,4.466197,8.682549
Car\D00724_05_scaled.obj,3.126626,0.062630,68.898005,1.403104,1.019122,19.770472,8.646636,5.617563,0.011266,12349.915885,2.520935,1.019122,2.886201,8.682548
Car\D00724_unified.obj,3.126626,0.062630,68.898005,1.403104,1.019122,19.770472,8.646636,5.617563,0.011266,12349.915885,2.520935,1.019122,2.886201,8.682548
Car\m1502_00_original.obj,0.955278,0.023274,14.230111,0.667818,0.972277,1.244629,45.707930,1.508079,0.014079,152.991452,1.054271,0.972277,0.752926,46.600190
Car\m1502_01_remeshed.obj,0.935611,0.023223,13.427899,0.654069,0.972277,1.389167,54.230879,1.602126,0.007290,684.126393,1.120017,0.972277,0.436106,54.770075
Car\m1502_02_translated.obj,0.935611,0.013164,41.787211,0.654069,0.972277,1.313211,54.230867,1.602126,0.004105,2158.050187,1.120017,0.972277,0.409475,54.770063
Car\m1502_03_aligned.obj,0.935611,0.013164,41.787362,0.565471,0.972277,1.176426,54.230877,1.602126,0.004263,2000.567222,0.968303,0.972277,0.380989,54.769823
Car\m1502_04_flipped.obj,0.935611,0.013164,41.787362,0.565471,0.972277,1.176426,54.230877,1.602126,0.004263,2000.567222,0.968303,0.972277,0.380989,54.769823
Car\m1502_05_scaled.obj,0.994876,0.014435,41.787089,0.565470,1.002598,6.343277,54.230873,1.703610,0.004675,2000.576046,0.968302,1.002598,2.054277,54.769819
Car\m1502_unified.obj,0.994876,0.014435,41.787089,0.565470,1.002598,6.343277,54.230873,1.703610,0.004675,2000.576046,0.968302,1.002598,2.054277,54.769819
Car\m1512_00_original.obj,2.259551,0.022424,202.854681,1.800440,0.997498,23.010364,50.988103,2.416032,0.022785,240.190063,1.925126,0.997498,23.661975,51.466240
Car\m1512_02_translated.obj,5.775176,0.029183,1999.735372,4.601736,0.997498,33.025507,50.988103,8.822621,0.012391,39548.970789,7.029981,0.997498,14.022220,51.175663
Car\m1512_03_aligned.obj,5.775179,0.029183,1999.739944,4.540471,0.997497,16.346672,50.988108,8.822624,0.012391,39548.917992,6.936385,0.997497,1.509441,51.175668
Car\m1512_04_flipped.obj,5.775179,0.029183,1999.739944,4.540471,0.997497,4.743288,50.988108,8.822624,0.012391,39548.917992,6.936385,0.997497,2.013944,51.175668
Car\m1512_05_scaled.obj,6.367932,0.033790,1999.754169,4.540457,1.047439,3.004426,50.988097,9.728164,0.014347,39549.128327,6.936366,1.047439,1.275646,51.175657
Car\m1512_unified.obj,2.463963,0.024464,221.006921,1.756687,1.047409,3.523720,51.084522,2.644683,0.019215,442.978906,1.885533,1.047409,2.767720,51.137276
Car\m1513_00_original.obj,1.465201,0.012295,183.971008,1.042338,0.917663,0.688765,25.403493,1.614198,0.013202,213.387157,1.148333,0.917663,1.706257,25.359752
Car\m1513_01_remeshed.obj,1.463698,0.012296,183.396856,1.041268,0.917663,0.608977,28.119509,1.567568,0.013157,196.743980,1.115161,0.917663,1.591241,28.004364
Car\m1513_02_translated.obj,1.463697,0.012075,190.175384,1.041268,0.917663,1.776673,28.119509,1.567567,0.013157,196.743889,1.115161,0.917663,2.153622,28.004365
Car\m1513_03_aligned.obj,1.463698,0.012075,190.176366,1.012417,0.917664,3.134991,28.119502,1.567567,0.013157,196.743589,1.084262,0.917664,3.525756,28.004357
Car\m1513_04_flipped.obj,1.463698,0.012075,190.176366,1.012417,0.917664,2.024086,28.119502,1.567567,0.013157,196.743589,1.084262,0.917664,2.205562,28.004357
Car\m1513_05_scaled.obj,1.770457,0.016063,190.175980,1.012418,1.009254,9.318599,28.119507,1.896096,0.017503,196.743574,1.084263,1.009254,10.154077,28.004362
Car\m1513_unified.obj,1.770457,0.016063,190.175980,1.012418,1.009254,9.318599,28.119507,1.896096,0.017503,196.743574,1.084263,1.009254,10.154077,28.004362
Car\m1514_00_original.obj,1.365922,0.012856,136.340860,0.927588,0.969909,1.003014,24.037869,1.373641,0.014016,116.654679,0.932830,0.969909,1.093554,24.037984
Car\m1514_01_remeshed.obj,1.363630,0.012844,135.908321,0.926775,0.969861,2.025102,38.525630,1.371379,0.014007,116.234206,0.932042,0.969861,2.208485,38.526520
Car\m1514_02_translated.obj,1.363630,0.014297,109.677517,0.926774,0.969861,4.384035,38.525695,1.371379,0.014007,116.234177,0.932040,0.969861,4.294942,38.526584
Car\m1514_03_aligned.obj,1.363630,0.014297,109.677566,0.939887,0.969861,1.183596,38.525636,1.371378,0.014007,116.234166,0.945228,0.969861,1.159543,38.526526
Car\m1514_04_flipped.obj,1.363630,0.014297,109.677566,0.939887,0.969861,1.717772,38.525636,1.371378,0.014007,116.234166,0.945228,0.969861,1.682864,38.526526
Car\m1514_05_scaled.obj,1.511212,0.016680,109.677438,0.939887,1.020997,32.843015,38.525626,1.519799,0.016341,116.234056,0.945228,1.020997,32.175576,38.526516
Car\m1514_unified.obj,1.511212,0.016680,109.677438,0.939887,1.020997,32.843015,38.525626,1.519799,0.016341,116.234056,0.945228,1.020997,32.175576,38.526516
Car\m1517_00_original.obj,1.624603,0.048146,16.355601,1.013746,0.969590,55.888681,21.982378,1.630923,0.027374,51.186779,1.017690,0.969590,10.235741,21.858668
Car\m1517_01_remeshed.obj,1.442639,0.048130,11.460082,0.900201,0.969590,20.596596,24.172122,1.460982,0.009540,302.936688,0.911647,0.969590,4.082667,24.109294
Car\m1517_02_translated.obj,1.442638,0.049554,10.811023,0.900201,0.969589,263.089108,24.172114,1.460981,0.026334,39.760763,0.911646,0.969589,139.810454,24.109286
Car\m1517_03_aligned.obj,1.442639,0.049554,10.811084,0.888878,0.969591,83.638299,24.172118,1.460982,0.026334,39.760957,0.900180,0.969591,44.446956,24.109290
Car\m1517_04_flipped.obj,1.442639,0.049554,10.811084,0.888878,0.969591,83.638299,24.172118,1.460982,0.026334,39.760957,0.900180,0.969591,44.446956,24.109290
Car\m1517_05_scaled.obj,1.582434,0.056928,10.811036,0.888878,1.015483,7.248869,24.172107,1.602554,0.030253,39.760818,0.900180,1.015483,3.852182,24.109279
Car\m1517_unified.obj,1.582434,0.056928,10.811036,0.888878,1.015483,7.248869,24.172107,1.602554,0.030253,39.760818,0.900180,1.015483,3.852182,24.109279
Car\m1551_00_original.obj,2.334770,0.029193,132.046067,1.587310,1.012048,5.361849,23.386032,3.005719,0.050204,95.262275,2.043459,1.012048,7.114289,23.545111
Car\m1551_01_remeshed.obj,2.322397,0.028811,133.425264,1.578898,1.012048,12.439087,28.884514,3.508561,0.043821,198.869929,2.385320,1.012048,4.933023,28.869952
Car\m1551_02_translated.obj,2.322397,0.039220,72.000450,1.578898,1.012048,7.745029,28.884513,3.508561,0.047583,168.670099,2.385320,1.012048,54.840020,28.869951
Car\m1551_03_aligned.obj,2.322398,0.039220,72.000562,1.560671,1.012047,2.886634,28.884512,3.508563,0.047583,168.670463,2.357784,1.012047,3.529555,28.869949
Car\m1551_04_flipped.obj,2.322398,0.039220,72.000562,1.560671,1.012047,2.886634,28.884512,3.508563,0.047583,168.670463,2.357784,1.012047,3.529555,28.869949
Car\m1551_05_scaled.obj,2.560380,0.045401,72.000584,1.560675,1.062637,2.922518,28.884516,3.868092,0.055081,168.669973,2.357788,1.062637,3.573782,28.869953
Car\m1551_unified.obj,2.560380,0.045401,72.000584,1.560675,1.062637,2.922518,28.884516,3.868092,0.055081,168.669973,2.357788,1.062637,3.573782,28.869953
Cellphone\D00032_00_original.obj,4.497305,0.255297,12.339943,1.167508,1.757375,12.399740,44.276086,4.497447,0.256971,12.180867,1.167545,1.757375,12.481037,44.300490
Cellphone\D00032_01_remeshed.obj,4.497299,0.255296,12.340017,1.167506,1.757375,16.377663,45.007341,4.497596,0.256949,12.184103,1.167584,1.757375,16.483753,45.015053
Cellphone\D00032_02_translated.obj,4.497299,0.253370,12.528353,1.167506,1.757375,5.980442,45.007343,4.497597,0.256949,12.184111,1.167584,1.757375,6.064939,45.015054
Cellphone\D00032_03_aligned.obj,4.497297,0.253370,12.528329,1.079432,1.757375,15.775875,45.007351,4.497594,0.256949,12.184089,1.079503,1.757375,15.998770,45.015062
Cellphone\D00032_04_flipped.obj,4.497297,0.253370,12.528329,1.079432,1.757375,233.375867,45.007351,4.497594,0.256949,12.184089,1.079503,1.757375,236.673190,45.015062
Cellphone\D00032_05_scaled.obj,1.702842,0.059032,12.528353,1.079432,1.081373,95.730570,45.007346,1.702954,0.059866,12.184113,1.079503,1.081373,97.083130,45.015057
Cellphone\D00032_unified.obj,1.702842,0.059032,12.528353,1.079432,1.081373,95.730570,45.007346,1.702954,0.059866,12.184113,1.079503,1.081373,97.083130,45.015057
Cellphone\D00559_00_original.obj,4.503291,0.279844,10.311092,1.281827,1.771415,14.392846,55.689461,3.845606,0.203151,12.184418,1.094622,1.771415,10.448374,55.689461
Cellphone\D00559_01_remeshed.obj,3.544399,0.203127,9.542044,1.008885,1.771415,15.089701,71.402650,7.381926,0.021877,7431.787773,2.101207,1.771415,1.625157,71.079789
Cellphone\D00559_02_translated.obj,3.544401,0.199939,9.848769,1.008886,1.771415,25.435595,71.402611,7.381927,0.028581,4354.187731,2.101208,1.771415,3.635965,71.079750
Cellphone\D00559_03_aligned.obj,3.544399,0.199939,9.848767,0.974226,1.771415,8.208465,71.402651,7.381927,0.028581,4354.249518,2.029021,1.771415,6.237771,71.079790
Cellphone\D00559_04_flipped.obj,3.544399,0.199939,9.848767,0.974226,1.771415,75.299139,71.402651,7.381927,0.028581,4354.249518,2.029021,1.771415,4.650751,71.079790
Cellphone\D00559_05_scaled.obj,1.184660,0.038634,9.848764,0.974228,1.024108,337.204690,71.402655,2.467294,0.005523,4354.194493,2.029026,1.024108,6.311891,71.079794
Cellphone\D00559_unified.obj,1.184660,0.038634,9.848764,0.974228,1.024108,337.204690,71.402655,2.467294,0.005523,4354.194493,2.029026,1.024108,6.311891,71.079794
Chess\D01049_00_original.obj,0.970176,0.042258,4.521474,0.544656,0.985744,3.835177,17.574962,0.970179,0.042258,4.521467,0.544657,0.985744,3.835194,17.626360
Chess\D01049_01_remeshed.obj,0.970176,0.042258,4.521471,0.544656,0.985744,4.211059,23.779948,0.970179,0.042258,4.521465,0.544657,0.985744,4.211077,23.781898
Chess\D01049_02_translated.obj,0.970175,0.042258,4.521411,0.544655,0.985743,6.792797,23.779952,0.970178,0.042258,4.521449,0.544657,0.985743,6.792794,23.781902
Chess\D01049_03_aligned.obj,0.970176,0.042258,4.521421,0.536997,0.985744,79.576370,23.779939,0.970178,0.042258,4.521459,0.536998,0.985744,79.576323,23.781889
Chess\D01049_04_flipped.obj,0.970176,0.042258,4.521421,0.536997,0.985744,79.576370,23.779939,0.970178,0.042258,4.521459,0.536998,0.985744,79.576323,23.781889
Chess\D01049_05_scaled.obj,1.055002,0.047920,4.521424,0.536995,1.027935,5.448255,23.779944,1.055005,0.047920,4.521463,0.536997,1.027935,5.448252,23.781894
Chess\D01049_unified.obj,1.055002,0.047920,4.521424,0.536995,1.027935,5.448255,23.779944,1.055005,0.047920,4.521463,0.536997,1.027935,5.448252,23.781894
Chess\D01080_00_original.obj,0.835831,0.030843,5.427477,0.423932,0.973385,20.839076,11.137968,0.835831,0.030843,5.427477,0.423932,0.973385,20.839076,11.137968
Chess\D01080_01_remeshed.obj,0.835831,0.030843,5.427486,0.423932,0.973385,4.748642,8.597265,0.835831,0.030843,5.427486,0.423932,0.973385,4.748642,8.597265
Chess\D01080_02_translated.obj,0.835832,0.030843,5.427488,0.423933,0.973385,6.587603,8.597262,0.835832,0.030843,5.427488,0.423933,0.973385,6.587603,8.597262
Chess\D01080_03_aligned.obj,0.835831,0.030843,5.427479,0.422475,0.973385,4.906406,8.597264,0.835831,0.030843,5.427479,0.422475,0.973385,4.906406,8.597264
Chess\D01080_04_flipped.obj,0.835831,0.030843,5.427479,0.422475,0.973385,4.906406,8.597264,0.835831,0.030843,5.427479,0.422475,0.973385,4.906406,8.597264
Chess\D01080_05_scaled.obj,0.910587,0.035072,5.427479,0.422475,1.015983,5.939172,8.597264,0.910587,0.035072,5.427479,0.422475,1.015983,5.939172,8.597264
Chess\D01080_unified.obj,0.910587,0.035072,5.427479,0.422475,1.015983,5.939172,8.597264,0.910587,0.035072,5.427479,0.422475,1.015983,5.939172,8.597264
Chess\m1596_00_original.obj,3.022539,0.015454,1022.292321,2.174313,1.090035,0.998239,91.174422,3.022664,0.015452,1022.720119,2.174403,1.090035,0.998093,90.518132
Chess\m1596_01_remeshed.obj,3.021635,0.015453,1021.588076,2.173663,1.090035,1.014504,105.585590,3.021775,0.015451,1021.896214,2.173763,1.090035,1.014421,105.398180
Chess\m1596_02_translated.obj,3.021635,0.015452,1021.595558,2.173663,1.090035,0.796101,105.585663,3.021775,0.015452,1021.860961,2.173763,1.090035,0.796053,105.398251
Chess\m1596_03_aligned.obj,3.021635,0.015452,1021.589892,2.135340,1.090036,3.431087,105.585618,3.021775,0.015452,1021.855159,2.135438,1.090036,3.430879,105.398180
Chess\m1596_04_flipped.obj,3.021635,0.015452,1021.589892,2.135340,1.090036,1.906269,105.585618,3.021775,0.015452,1021.855159,2.135438,1.090036,1.906154,105.398180
Chess\m1596_05_scaled.obj,3.331971,0.017893,1021.596582,2.135340,1.144643,6.773366,105.585586,3.332125,0.017892,1021.862069,2.135439,1.144643,6.772955,105.398147
Chess\m1596_unified.obj,3.331971,0.017893,1021.596582,2.135340,1.144643,6.773366,105.585586,3.332125,0.017892,1021.862069,2.135439,1.144643,6.772955,105.398147
Chess\m1607_00_original.obj,1.318948,0.017687,64.854710,0.557914,0.982158,128.281585,8.676730,1.318948,0.065858,4.677438,0.557914,0.982158,477.673385,8.676730
Chess\m1607_01_remeshed.obj,1.318948,0.016942,70.680585,0.557914,0.982158,2.422130,8.566485,1.318948,0.065858,4.677441,0.557914,0.982158,9.415498,8.566485
Chess\m1607_02_translated.obj,1.318948,0.004604,957.044444,0.557914,0.982158,1.849943,8.566487,1.318948,0.065858,4.677435,0.557914,0.982158,26.461868,8.566487
Chess\m1607_03_aligned.obj,1.318948,0.004604,957.235514,0.558596,0.982159,4.184470,8.566486,1.318948,0.065858,4.677441,0.558596,0.982159,59.861234,8.566486
Chess\m1607_04_flipped.obj,1.318948,0.004604,957.235514,0.558596,0.982159,4.184470,8.566486,1.318948,0.065858,4.677441,0.558596,0.982159,59.861234,8.566486
Chess\m1607_05_scaled.obj,1.443368,0.005270,957.186765,0.558597,1.027439,1.432783,8.566486,1.443368,0.075394,4.677440,0.558597,1.027439,20.496256,8.566486
Chess\m1607_unified.obj,1.443368,0.005270,957.186765,0.558597,1.027439,1.432783,8.566486,1.443368,0.075394,4.677440,0.558597,1.027439,20.496256,8.566486
Chess\m1608_00_original.obj,2.392103,0.115093,9.136753,0.553727,1.114177,1.843562,4.226236,2.392103,0.115093,9.136753,0.553727,1.114177,1.843562,4.226236
Chess\m1608_01_remeshed.obj,2.392102,0.115093,9.136745,0.553727,1.114177,6.857984,3.249053,2.392102,0.115093,9.136745,0.553727,1.114177,6.857984,3.249053
Chess\m1608_02_translated.obj,2.392102,0.115093,9.136742,0.553727,1.114177,4.199019,3.249052,2.392102,0.115093,9.136742,0.553727,1.114177,4.199019,3.249052
Chess\m1608_03_aligned.obj,2.392103,0.115093,9.136760,0.553585,1.114178,9.461559,3.249052,2.392103,0.115093,9.136760,0.553585,1.114178,9.461559,3.249052
Chess\m1608_04_flipped.obj,2.392103,0.115093,9.136760,0.553585,1.114178,9.461559,3.249052,2.392103,0.115093,9.136760,0.553585,1.114178,9.461559,3.249052
Chess\m1608_05_scaled.obj,2.577068,0.128696,9.136754,0.553586,1.156451,4.387655,3.249052,2.577068,0.128696,9.136754,0.553586,1.156451,4.387655,3.249052
Chess\m1608_unified.obj,2.577068,0.128696,9.136754,0.553586,1.156451,4.387655,3.249052,2.577068,0.128696,9.136754,0.553586,1.156451,4.387655,3.249052
City\D01090_00_original.obj,4.738252,0.009297,10882.732963,2.669852,1.226447,7.126346,196.846052,4.738279,0.009282,10918.340598,2.669867,1.226447,7.114777,196.862904
City\D01090_02_translated.obj,4.737968,0.009313,10842.647481,2.669686,1.226447,0.809029,196.846222,4.739444,0.009306,10868.412163,2.670518,1.226447,0.808447,196.948019
City\D01090_03_aligned.obj,4.737966,0.009313,10842.674379,1.510006,1.226447,0.796670,196.845817,4.739443,0.009119,11318.653308,1.510477,1.226447,0.780104,197.551414
City\D01090_04_flipped.obj,4.737966,0.009313,10842.674379,1.510006,1.226447,0.796670,196.845817,4.739443,0.009119,11318.653308,1.510477,1.226447,0.780104,197.551414
City\D01090_05_scaled.obj,3.279456,0.005363,10842.625420,1.510004,1.020361,3.058345,196.845656,3.280478,0.005251,11318.619190,1.510475,1.020361,2.994746,197.551244
City\D01090_unified.obj,3.279456,0.005363,10842.625420,1.510004,1.020361,3.058345,196.845656,3.280478,0.005251,11318.619190,1.510475,1.020361,2.994746,197.551244
City\m1652_00_original.obj,0.729332,0.002842,424.621534,0.339172,1.072265,0.670972,95.535454,1.134052,0.000610,34674.112665,0.527384,1.072265,0.060891,92.895127
City\m1652_01_remeshed.obj,0.722539,0.003093,348.696671,0.336012,1.072265,0.592056,113.588817,1.154859,0.000049,5680035.216443,0.537060,1.072265,0.009374,112.091696
City\m1652_02_translated.obj,0.722539,0.007279,62.954777,0.336012,1.072265,2.097924,113.588786,1.154859,0.002989,1524.274934,0.537060,1.072265,0.861537,112.091657
City\m1652_03_aligned.obj,0.722538,0.007279,62.954860,0.407365,1.072265,0.785955,113.588789,1.154859,0.002989,1524.270889,0.651105,1.072265,0.322763,112.091664
City\m1652_04_flipped.obj,0.722538,0.007279,62.954860,0.407365,1.072265,0.785955,113.588789,1.154859,0.002989,1524.270889,0.651105,1.072265,0.322763,112.091664
City\m1652_05_scaled.obj,0.635589,0.006005,62.954672,0.407364,1.005679,0.847848,113.588764,1.015884,0.002466,1524.272633,0.651104,1.005679,0.348179,112.091641
City\m1652_unified.obj,0.635589,0.006005,62.954672,0.407364,1.005679,0.847848,113.588764,1.015884,0.002466,1524.272633,0.651104,1.005679,0.348179,112.091641
City\m1664_00_original.obj,1.787034,0.004231,2818.756658,0.727493,0.995386,0.157780,7.092700,1.820749,0.010288,504.282647,0.741218,0.995386,0.383635,7.197273
City\m1664_01_remeshed.obj,1.519387,0.004791,1351.132390,0.618535,0.995386,0.138443,8.865819,2.362745,0.015520,484.188033,0.961862,0.995386,0.448472,8.809795
City\m1664_02_translated.obj,1.519386,0.013201,177.975501,0.618535,0.995386,2.122083,8.865825,2.362744,0.002798,14897.777078,0.961861,0.995386,0.449784,8.809802
City\m1664_03_aligned.obj,1.519388,0.013201,177.974906,0.523694,0.995386,28.146189,8.865815,2.362746,0.002798,14897.462088,0.814378,0.995386,5.965754,8.809792
City\m1664_04_flipped.obj,1.519388,0.013201,177.974906,0.523694,0.995386,28.146189,8.865815,2.362746,0.002798,14897.462088,0.814378,0.995386,5.965754,8.809792
City\m1664_05_scaled.obj,1.616036,0.014480,177.974799,0.523694,1.026557,6.114609,8.865817,2.513042,0.003069,14897.529670,0.814378,1.026557,1.296027,8.809793
City\m1664_unified.obj,1.616036,0.014480,177.974799,0.523694,1.026557,6.114609,8.865817,2.513042,0.003069,14897.529670,0.814378,1.026557,1.296027,8.809793
ClassicPiano\D00561_00_original.obj,160.805283,2.786931,4733.649934,3.303568,3.897538,0.638335,16.094752,53.546331,0.565148,4250.227748,1.100051,3.897538,0.129445,16.094752
ClassicPiano\D00561_01_remeshed.obj,53.378217,0.906246,1637.372819,1.096597,3.897538,0.915394,18.585799,54.325337,0.153362,60272.569637,1.116054,3.897538,0.154910,18.592480
ClassicPiano\D00561_02_translated.obj,53.378204,1.049515,1220.848865,1.096597,3.897538,1.782267,18.585805,54.325317,1.067505,1243.983797,1.116054,3.897538,1.812816,18.592486
ClassicPiano\D00561_03_aligned.obj,53.378213,1.049524,1220.828705,1.164766,3.897538,0.561015,18.585796,54.325332,1.067515,1243.962304,1.185433,3.897538,0.570632,18.592477
ClassicPiano\D00561_04_flipped.obj,53.378213,1.049524,1220.828705,1.164766,3.897538,0.697865,18.585796,54.325332,1.067515,1243.962304,1.185433,3.897538,0.709828,18.592477
ClassicPiano\D00561_05_scaled.obj,4.162159,0.022852,1220.835939,1.164767,1.088348,46.658283,18.585799,4.236010,0.023244,1243.970565,1.185434,1.088348,47.458053,18.592480
ClassicPiano\D00561_unified.obj,4.162159,0.022852,1220.835939,1.164767,1.088348,46.658283,18.585799,4.236010,0.023244,1243.970565,1.185434,1.088348,47.458053,18.592480
ClassicPiano\D00983_00_original.obj,14.515650,3.073183,2.863389,0.969920,2.168942,10.378334,4.128233,4.838550,1.014163,0.973818,0.323307,2.168942,3.424894,4.128233
ClassicPiano\D00983_01_remeshed.obj,4.835907,1.023917,0.953789,0.323130,2.168942,2.248222,4.589598,7.643140,0.509342,15.217548,0.510706,2.168942,1.118366,4.583094
ClassicPiano\D00983_02_translated.obj,4.835907,0.454207,4.847015,0.323130,2.168942,1.944930,4.589598,7.643141,0.503533,15.570687,0.510707,2.168942,2.156146,4.583094
ClassicPiano\D00983_03_aligned.obj,4.835905,0.454207,4.847008,0.282149,2.168942,2.341328,4.589598,7.643138,0.503533,15.570679,0.445936,2.168942,2.595591,4.583094
ClassicPiano\D00983_04_flipped.obj,4.835905,0.454207,4.847008,0.282149,2.168942,2.341328,4.589598,7.643138,0.503533,15.570679,0.445936,2.168942,2.595591,4.583094
ClassicPiano\D00983_05_scaled.obj,1.079996,0.047937,4.847022,0.282149,1.024991,26.460211,4.589598,1.706931,0.053143,15.570708,0.445935,1.024991,29.333729,4.583094
ClassicPiano\D00983_unified.obj,1.079996,0.047937,4.847022,0.282149,1.024991,26.460211,4.589598,1.706931,0.053143,15.570708,0.445935,1.024991,29.333729,4.583094
Computer\D01026_00_original.obj,3.278342,0.133421,17.500942,0.764844,1.313564,1.341566,2.760032,3.278342,0.133421,17.500942,0.764844,1.313564,1.341566,2.760032
Computer\D01026_01_remeshed.obj,3.278342,0.133421,17.500943,0.764844,1.313564,1.189716,7.505640,3.278342,0.133421,17.500943,0.764844,1.313564,1.189716,7.505640
Computer\D01026_02_translated.obj,3.278341,0.133421,17.500934,0.764843,1.313564,1.857347,7.505637,3.278341,0.133421,17.500934,0.764843,1.313564,1.857347,7.505637
Computer\D01026_03_aligned.obj,3.278340,0.133421,17.500927,0.497495,1.313564,18.113858,7.505641,3.278340,0.133421,17.500927,0.497495,1.313564,18.113858,7.505641
Computer\D01026_04_flipped.obj,3.278340,0.133421,17.500927,0.497495,1.313564,3.570192,7.505641,3.278340,0.133421,17.500927,0.497495,1.313564,3.570192,7.505641
Computer\D01026_05_scaled.obj,1.931241,0.060325,17.500945,0.497495,1.008190,1.324178,7.505640,1.931241,0.060325,17.500945,0.497495,1.008190,1.324178,7.505640
Computer\D01026_unified.obj,1.931241,0.060325,17.500945,0.497495,1.008190,1.324178,7.505640,1.931241,0.060325,17.500945,0.497495,1.008190,1.324178,7.505640
Computer\D01033_00_original.obj,3.660034,0.117914,31.179941,1.147378,1.101794,2.208645,5.095156,4.208382,0.116469,48.581878,1.319279,1.101794,2.181582,5.111116
Computer\D01033_01_remeshed.obj,3.660034,0.117914,31.179958,1.147378,1.101794,3.721886,6.331286,4.208438,0.116458,48.593078,1.319297,1.101794,3.675932,6.333057
Computer\D01033_02_translated.obj,3.660035,0.112430,34.295392,1.147379,1.101794,4.017690,6.331281,4.208440,0.116458,48.593040,1.319297,1.101794,4.161607,6.333053
Computer\D01033_03_aligned.obj,3.660032,0.112430,34.295384,0.696742,1.101795,20.686246,6.331287,4.208437,0.116458,48.593046,0.801139,1.101795,21.427245,6.333058
Computer\D01033_04_flipped.obj,3.660032,0.112430,34.295384,0.696742,1.101795,4.734939,6.331287,4.208437,0.116458,48.593046,0.801139,1.101795,4.904548,6.333058
Computer\D01033_05_scaled.obj,3.022738,0.084383,34.295384,0.696742,1.001286,9.119017,6.331287,3.475654,0.087406,48.593044,0.801139,1.001286,9.445668,6.333058
Computer\D01033_unified.obj,3.022738,0.084383,34.295384,0.696742,1.001286,9.119017,6.331287,3.475654,0.087406,48.593044,0.801139,1.001286,9.445668,6.333058
Computer\D01085_00_original.obj,4.548034,0.063318,207.473476,1.247117,1.279777,0.673824,1.736799,4.548034,0.309395,8.689471,1.247117,1.279777,3.292539,1.736799
Computer\D01085_01_remeshed.obj,4.548034,0.063318,207.473378,1.247117,1.279777,3.344988,1.860105,4.548034,0.309395,8.689470,1.247117,1.279777,16.344780,1.860105
Computer\D01085_02_translated.obj,4.548033,0.162852,31.364241,1.247117,1.279777,19.526944,1.860105,4.548033,0.309394,8.689470,1.247117,1.279777,37.098386,1.860105
Computer\D01085_03_aligned.obj,4.548034,0.162852,31.364251,1.044653,1.279777,2.060150,1.860105,4.548034,0.309395,8.689472,1.044653,1.279777,3.913989,1.860105
Computer\D01085_04_flipped.obj,4.548034,0.162852,31.364251,1.044653,1.279777,2.492016,1.860105,4.548034,0.309395,8.689472,1.044653,1.279777,4.734473,1.860105
Computer\D01085_05_scaled.obj,4.066388,0.137680,31.364254,1.044651,1.210116,3.126313,1.860105,4.066388,0.261571,8.689473,1.044651,1.210116,5.939545,1.860105
Computer\D01085_unified.obj,4.066388,0.137680,31.364254,1.044651,1.210116,3.126313,1.860105,4.066388,0.261571,8.689473,1.044651,1.210116,5.939545,1.860105
Computer\D01100_00_original.obj,3475.850222,4788.673414,16.191995,1.147361,33.955569,3.559562,5.094879,3996.603905,3408.579957,48.581842,1.319259,33.955569,2.533698,5.110847
Computer\D01100_01_remeshed.obj,3475.850226,4788.673424,16.191995,1.147361,33.955569,0.491354,6.643195,3996.740403,3408.859247,48.578859,1.319304,33.955569,0.349774,6.644575
Computer\D01100_02_translated.obj,3475.850180,3290.391545,34.295379,1.147361,33.955570,5.928449,6.643195,3996.740381,3408.859138,48.578861,1.319304,33.955570,6.141898,6.644575
Computer\D01100_03_aligned.obj,3475.850303,3290.391766,34.295378,0.700843,33.955569,173.484966,6.643195,3996.740489,3408.859317,48.578860,0.805871,33.955569,179.731134,6.644575
Computer\D01100_04_flipped.obj,3475.850303,3290.391766,34.295378,0.700843,33.955569,173.484966,6.643195,3996.740489,3408.859317,48.578860,0.805871,33.955569,179.731134,6.644575
Computer\D01100_05_scaled.obj,3.021614,0.084336,34.295419,0.700843,1.001152,9.828483,6.643194,3.474432,0.087373,48.578885,0.805871,1.001152,10.182352,6.644574
Computer\D01100_unified.obj,3.021614,0.084336,34.295419,0.700843,1.001152,9.828483,6.643194,3.474432,0.087373,48.578885,0.805871,1.001152,10.182352,6.644574
ComputerKeyboard\D00197_00_original.obj,67.911145,5.128782,105.279153,3.371919,4.963928,2.677217,406.819247,22.637048,1.709594,35.093051,1.123973,4.963928,0.892406,406.819247
ComputerKeyboard\D00197_01_remeshed.obj,22.637048,1.709594,35.093051,1.123973,4.963928,1.584529,477.104565,22.637048,1.709594,35.093051,1.123973,4.963928,1.584529,477.104565
ComputerKeyboard\D00197_02_translated.obj,22.637049,1.709594,35.093052,1.123973,4.963928,3.012116,477.104554,22.637049,1.709594,35.093052,1.123973,4.963928,3.012116,477.104554
ComputerKeyboard\D00197_03_aligned.obj,22.637049,1.709593,35.093110,1.091530,4.963929,41.674381,477.104540,22.637049,1.709593,35.093110,1.091530,4.963929,41.674381,477.104540
ComputerKeyboard\D00197_04_flipped.obj,22.637049,1.709593,35.093110,1.091530,4.963929,7.203540,477.104540,22.637049,1.709593,35.093110,1.091530,4.963929,7.203540,477.104540
ComputerKeyboard\D00197_05_scaled.obj,1.029846,0.016589,35.093109,1.091529,1.058771,4.974855,477.104714,1.029846,0.016589,35.093109,1.091529,1.058771,4.974855,477.104714
ComputerKeyboard\D00197_unified.obj,1.029846,0.016589,35.093109,1.091529,1.058771,4.974855,477.104714,1.029846,0.016589,35.093109,1.091529,1.058771,4.974855,477.104714
ComputerKeyboard\D00569_00_original.obj,0.263229,0.044293,0.082200,1.981593,0.396659,11.625941,801.932454,0.087743,0.014467,0.028537,0.660531,0.396659,3.797297,801.932454
ComputerKeyboard\D00569_01_remeshed.obj,0.087562,0.014739,0.027326,0.659166,0.396659,8.770975,1173.535238,0.141931,0.000745,45.531798,1.068459,0.396659,0.500683,1169.039564
ComputerKeyboard\D00569_02_translated.obj,0.087562,0.000534,20.785368,0.659166,0.396659,5.132483,1173.527220,0.141931,0.000779,41.615507,1.068459,0.396659,31.761100,1169.031542
ComputerKeyboard\D00569_03_aligned.obj,0.087562,0.000534,20.785751,0.628358,0.396659,4.722672,1173.520752,0.141931,0.000779,41.616634,1.018524,0.396659,6.887849,1168.783435
ComputerKeyboard\D00569_04_flipped.obj,0.087562,0.000534,20.785751,0.628358,0.396659,4.722672,1173.520752,0.141931,0.000779,41.616634,1.018524,0.396659,6.887849,1168.783435
ComputerKeyboard\D00569_05_scaled.obj,0.639396,0.010545,20.785485,0.628359,1.071878,57.929064,1173.522210,1.036415,0.015380,41.616014,1.018525,1.071878,84.487367,1168.784874
ComputerKeyboard\D00569_unified.obj,0.639396,0.010545,20.785485,0.628359,1.071878,57.929064,1173.522210,1.036415,0.015380,41.616014,1.018525,1.071878,84.487367,1168.784874
Cup\D00206_00_original.obj,5.927800,0.127968,112.467153,0.488072,1.800374,72.624084,2.393616,6.310341,0.099469,224.559003,0.519569,1.800374,56.450428,2.395794
Cup\D00206_01_remeshed.obj,5.927799,0.127968,112.467130,0.488072,1.800374,1.156654,2.388814,6.041388,0.053675,676.736359,0.497424,1.800374,0.485145,2.389493
Cup\D00206_02_translated.obj,5.927800,0.127968,112.467355,0.488072,1.800374,1.598982,2.388813,6.041388,0.052774,700.028440,0.497424,1.800374,0.659422,2.389493
Cup\D00206_03_aligned.obj,5.927800,0.127968,112.467416,0.498855,1.800374,3.453560,2.388813,6.041388,0.052774,700.024436,0.508414,1.800374,1.424258,2.389493
Cup\D00206_04_flipped.obj,5.927800,0.127968,112.467416,0.498855,1.800374,3.453560,2.388813,6.041388,0.052774,700.024436,0.508414,1.800374,1.424258,2.389493
Cup\D00206_05_scaled.obj,2.971636,0.045421,112.467406,0.498855,1.274717,5.822633,2.388813,3.028578,0.018732,700.025761,0.508414,1.274717,2.401267,2.389492
Cup\D00206_unified.obj,2.971636,0.045421,112.467406,0.498855,1.274717,5.822633,2.388813,3.028578,0.018732,700.025761,0.508414,1.274717,2.401267,2.389492
Cup\D00355_00_original.obj,2.476919,0.025337,209.294477,0.619349,1.695173,4.350085,26.162555,2.476919,0.025337,209.294477,0.619349,1.695173,4.350085,26.162555
Cup\D00355_02_translated.obj,2.476919,0.025337,209.294477,0.619349,1.695173,4.418931,26.162555,2.476919,0.025337,209.294477,0.619349,1.695173,4.418931,26.162555
Cup\D00355_03_aligned.obj,2.476919,0.025337,209.294655,0.661288,1.695173,1.466651,26.162552,2.476919,0.025337,209.294655,0.661288,1.695173,1.466651,26.162552
Cup\D00355_04_flipped.obj,2.476919,0.025337,209.294655,0.661288,1.695173,1.466651,26.162552,2.476919,0.025337,209.294655,0.661288,1.695173,1.466651,26.162552
Cup\D00355_05_scaled.obj,0.937691,0.005902,209.294476,0.661288,1.043009,1.982268,26.162551,0.937691,0.005902,209.294476,0.661288,1.043009,1.982268,26.162551
Cup\D00355_unified.obj,0.937691,0.005902,209.294476,0.661288,1.043009,1.982268,26.162551,0.937691,0.005902,209.294476,0.661288,1.043009,1.982268,26.162551
Cup\m501_00_original.obj,2.481280,0.027962,172.759938,0.744848,1.136884,0.840742,2.244616,2.513692,0.027953,179.728549,0.754578,1.136884,0.840485,2.223138
Cup\m501_01_remeshed.obj,2.481280,0.027962,172.760017,0.744848,1.136884,1.572261,2.894858,2.513692,0.027953,179.728616,0.754578,1.136884,1.571781,2.891923
Cup\m501_02_translated.obj,2.481280,0.028008,172.191816,0.744848,1.136884,15.489741,2.894858,2.513692,0.027953,179.727425,0.754578,1.136884,15.459578,2.891923
Cup\m501_03_aligned.obj,2.481280,0.028008,172.193102,0.744297,1.136884,11.483968,2.894858,2.513692,0.027953,179.728810,0.754020,1.136884,11.461604,2.891923
Cup\m501_04_flipped.obj,2.481280,0.028008,172.193102,0.744297,1.136884,203.018969,2.894858,2.513692,0.027953,179.728810,0.754020,1.136884,202.623605,2.891923
Cup\m501_05_scaled.obj,2.742811,0.032551,172.193239,0.744297,1.195298,0.688404,2.894858,2.778639,0.032487,179.728940,0.754020,1.195298,0.687064,2.891923
Cup\m501_unified.obj,2.742811,0.032551,172.193239,0.744297,1.195298,0.688404,2.894858,2.778639,0.032487,179.728940,0.754020,1.195298,0.687064,2.891923
DeskLamp\D00455_00_original.obj,0.908459,0.004058,402.545100,0.215788,1.628565,0.133223,86.234414,0.908459,0.004058,402.545100,0.215788,1.628565,0.133223,86.234414
DeskLamp\D00455_02_translated.obj,0.908459,0.004058,402.545100,0.215788,1.628565,0.116999,86.234414,0.908459,0.004058,402.545100,0.215788,1.628565,0.116999,86.234414
DeskLamp\D00455_03_aligned.obj,0.908460,0.004058,402.545374,0.222368,1.628564,0.105764,86.234416,0.908460,0.004058,402.545374,0.222368,1.628564,0.105764,86.234416
DeskLamp\D00455_04_flipped.obj,0.908460,0.004058,402.545374,0.222368,1.628564,0.130425,86.234416,0.908460,0.004058,402.545374,0.222368,1.628564,0.130425,86.234416
DeskLamp\D00455_05_scaled.obj,0.391869,0.001150,402.540775,0.222368,1.069603,0.094875,86.234400,0.391869,0.001150,402.540775,0.222368,1.069603,0.094875,86.234400
DeskLamp\D00455_unified.obj,0.391869,0.001150,402.540775,0.222368,1.069603,0.094875,86.234400,0.391869,0.001150,402.540775,0.222368,1.069603,0.094875,86.234400
DeskLamp\D00693_00_original.obj,1.998809,0.022771,136.174144,0.368857,1.907552,2.983176,20.716724,2.045657,0.024479,126.317630,0.377502,1.907552,3.206908,20.742736
DeskLamp\D00693_01_remeshed.obj,1.998808,0.022771,136.173602,0.368857,1.907552,0.568151,21.184338,2.045657,0.024479,126.317144,0.377502,1.907552,0.610761,21.186233
DeskLamp\D00693_02_translated.obj,1.998809,0.023494,127.923985,0.368857,1.907552,103.493046,21.184341,2.045657,0.024479,126.317170,0.377502,1.907552,107.832153,21.186236
DeskLamp\D00693_03_aligned.obj,1.998809,0.023494,127.924524,0.394033,1.907552,0.711123,21.184338,2.045657,0.024479,126.317661,0.403268,1.907552,0.740938,21.186233
DeskLamp\D00693_04_flipped.obj,1.998809,0.023494,127.924524,0.394033,1.907552,1.633975,21.184338,2.045657,0.024479,126.317661,0.403268,1.907552,1.702482,21.186233
DeskLamp\D00693_05_scaled.obj,0.566600,0.003546,127.924140,0.394032,1.015615,1.080911,21.184339,0.579880,0.003694,126.317345,0.403268,1.015615,1.126229,21.186234
DeskLamp\D00693_unified.obj,0.566600,0.003546,127.924140,0.394032,1.015615,1.080911,21.184339,0.579880,0.003694,126.317345,0.403268,1.015615,1.126229,21.186234
DeskLamp\D00715_00_original.obj,3.389620,0.045204,168.515636,0.380880,1.938763,0.433224,24.934545,3.389620,0.045204,168.515636,0.380880,1.938763,0.433224,24.934545
DeskLamp\D00715_01_remeshed.obj,3.389620,0.045204,168.515501,0.380880,1.938763,0.708573,26.518647,3.389620,0.045204,168.515501,0.380880,1.938763,0.708573,26.518647
DeskLamp\D00715_02_translated.obj,3.389620,0.045204,168.515423,0.380880,1.938763,1.179409,26.518642,3.389620,0.045204,168.515423,0.380880,1.938763,1.179409,26.518642
DeskLamp\D00715_03_aligned.obj,3.389620,0.045204,168.515797,0.356770,1.938762,0.768382,26.518642,3.389620,0.045204,168.515797,0.356770,1.938762,0.768382,26.518642
DeskLamp\D00715_04_flipped.obj,3.389620,0.045204,168.515797,0.356770,1.938762,1.902406,26.518642,3.389620,0.045204,168.515797,0.356770,1.938762,1.902406,26.518642
DeskLamp\D00715_05_scaled.obj,1.029287,0.007564,168.515939,0.356770,1.068360,0.482470,26.518642,1.029287,0.007564,168.515939,0.356770,1.068360,0.482470,26.518642
DeskLamp\D00715_unified.obj,1.029287,0.007564,168.515939,0.356770,1.068360,0.482470,26.518642,1.029287,0.007564,168.515939,0.356770,1.068360,0.482470,26.518642
DeskLamp\m603_00_original.obj,1.328359,0.026545,29.413128,0.375335,0.957012,0.461353,7.970627,1.328359,0.013945,106.582050,0.375335,0.957012,0.242360,7.970627
DeskLamp\m603_01_remeshed.obj,1.327723,0.026457,29.564839,0.375155,0.957012,0.651860,10.151378,1.328360,0.031966,20.281820,0.375335,0.957012,0.787591,10.152856
DeskLamp\m603_02_translated.obj,1.327723,0.026443,29.597700,0.375155,0.957012,15.522598,10.151381,1.328359,0.024211,35.356648,0.375335,0.957012,14.212483,10.152859
DeskLamp\m603_03_aligned.obj,1.327723,0.026443,29.597614,0.374396,0.957012,0.765168,10.151377,1.328359,0.024211,35.356475,0.374576,0.957012,0.700589,10.152856
DeskLamp\m603_04_flipped.obj,1.327723,0.026443,29.597614,0.374396,0.957012,0.851139,10.151377,1.328359,0.024211,35.356475,0.374576,0.957012,0.779304,10.152856
DeskLamp\m603_05_scaled.obj,1.687756,0.037897,29.597680,0.374397,1.078993,1.241872,10.151378,1.688565,0.034699,35.356492,0.374576,1.078993,1.137059,10.152857
DeskLamp\m603_unified.obj,1.687756,0.037897,29.597680,0.374397,1.078993,1.241872,10.151378,1.688565,0.034699,35.356492,0.374576,1.078993,1.137059,10.152857
DeskPhone\D00318_00_original.obj,3.732425,0.192299,12.432737,0.448652,1.642738,93.986427,6.200819,3.732425,0.192299,12.432737,0.448652,1.642738,93.986427,6.200819
DeskPhone\D00318_01_remeshed.obj,3.732425,0.192299,12.432735,0.448652,1.642738,60.257147,7.067453,3.732425,0.192299,12.432735,0.448652,1.642738,60.257147,7.067453
DeskPhone\D00318_02_translated.obj,3.732425,0.192299,12.432736,0.448652,1.642738,11.273621,7.067453,3.732425,0.192299,12.432736,0.448652,1.642738,11.273621,7.067453
DeskPhone\D00318_03_aligned.obj,3.732424,0.192299,12.432727,0.491563,1.642738,1.567328,7.067453,3.732424,0.192299,12.432727,0.491563,1.642738,1.567328,7.067453
DeskPhone\D00318_04_flipped.obj,3.732424,0.192299,12.432727,0.491563,1.642738,2.107468,7.067453,3.732424,0.192299,12.432727,0.491563,1.642738,2.107468,7.067453
DeskPhone\D00318_05_scaled.obj,1.517986,0.049876,12.432710,0.491563,1.047626,1.855864,7.067453,1.517986,0.049876,12.432710,0.491563,1.047626,1.855864,7.067453
DeskPhone\D00318_unified.obj,1.517986,0.049876,12.432710,0.491563,1.047626,1.855864,7.067453,1.517986,0.049876,12.432710,0.491563,1.047626,1.855864,7.067453
DeskPhone\D00680_00_original.obj,8.305263,0.621607,13.109181,1.259330,1.933719,31.885097,22.039643,8.544680,0.607585,14.942416,1.295633,1.933719,31.165834,21.784465
DeskPhone\D00680_01_remeshed.obj,8.298183,0.621529,13.078989,1.258257,1.933719,97.548916,23.236952,8.543715,0.609985,14.820070,1.295487,1.933719,95.737038,23.216241
DeskPhone\D00680_02_translated.obj,8.298183,0.620107,13.139046,1.258257,1.933719,19.291423,23.236957,8.543714,0.609984,14.820074,1.295487,1.933719,18.976520,23.216245
DeskPhone\D00680_03_aligned.obj,8.298181,0.620106,13.139048,1.229799,1.933720,8.218184,23.236954,8.543713,0.609984,14.820075,1.266187,1.933720,8.084035,23.216243
DeskPhone\D00680_04_flipped.obj,8.298181,0.620106,13.139048,1.229799,1.933720,53.948444,23.236954,8.543713,0.609984,14.820075,1.266187,1.933720,53.067817,23.216243
DeskPhone\D00680_05_scaled.obj,3.536716,0.172541,13.139040,1.229799,1.262414,59.018637,23.236958,3.641363,0.169725,14.820071,1.266187,1.262414,58.055244,23.216247
DeskPhone\D00680_unified.obj,3.536716,0.172541,13.139040,1.229799,1.262414,59.018637,23.236958,3.641363,0.169725,14.820071,1.266187,1.262414,58.055244,23.216247
Door\D01143_00_original.obj,1.063632,0.004553,513.322814,0.913728,1.087991,0.769569,226.442139,1.063632,0.004553,513.322814,0.913728,1.087991,0.769569,226.442139
Door\D01143_01_remeshed.obj,1.063632,0.004553,513.322795,0.913728,1.087991,0.769569,241.001794,1.063632,0.004553,513.322795,0.913728,1.087991,0.769569,241.001794
Door\D01143_02_translated.obj,1.063631,0.004553,513.321792,0.913729,1.087991,2.268749,241.003512,1.063631,0.004553,513.321792,0.913729,1.087991,2.268749,241.003512
Door\D01143_03_aligned.obj,1.063633,0.004553,513.306061,0.906494,1.087992,1.634261,241.003407,1.063633,0.004553,513.306061,0.906494,1.087992,1.634261,241.003407
Door\D01143_04_flipped.obj,1.063633,0.004553,513.306061,0.906494,1.087992,1.582133,241.003407,1.063633,0.004553,513.306061,0.906494,1.087992,1.582133,241.003407
Door\D01143_05_scaled.obj,1.173399,0.005275,513.300639,0.906496,1.142754,2.094859,241.003086,1.173399,0.005275,513.300639,0.906496,1.142754,2.094859,241.003086
Door\D01143_unified.obj,1.173399,0.005275,513.300639,0.906496,1.142754,2.094859,241.003086,1.173399,0.005275,513.300639,0.906496,1.142754,2.094859,241.003086
Door\D01167_00_original.obj,1.748344,0.016026,183.991807,1.279648,1.118887,0.721260,281.510798,1.735605,0.040824,27.737943,1.270324,1.118887,1.837342,281.510798
Door\D01167_01_remeshed.obj,1.531130,0.012166,214.442041,1.120665,1.118887,0.546487,414.588743,1.870920,0.011440,442.460596,1.369364,1.118887,0.513881,414.800515
Door\D01167_02_translated.obj,1.531130,0.010385,294.314936,1.120665,1.118887,2.711124,414.588684,1.870920,0.012857,350.289605,1.369364,1.118887,3.356654,414.800458
Door\D01167_03_aligned.obj,1.531133,0.010384,294.317413,1.081279,1.118887,6.999638,414.587132,1.870924,0.012857,350.288419,1.321238,1.118887,8.666333,414.798903
Door\D01167_04_flipped.obj,1.531133,0.010384,294.317413,1.081279,1.118887,6.999638,414.587132,1.870924,0.012857,350.288419,1.321238,1.118887,8.666333,414.798903
Door\D01167_05_scaled.obj,1.616667,0.011267,294.318464,1.081279,1.149715,3.743957,414.586958,1.975440,0.013949,350.291205,1.321238,1.149715,4.635427,414.798729
Door\D01167_unified.obj,1.616667,0.011267,294.318464,1.081279,1.149715,3.743957,414.586958,1.975440,0.013949,350.291205,1.321238,1.149715,4.635427,414.798729
Door\m1710_00_original.obj,1.187806,0.003888,980.321263,0.938170,1.082749,2.156481,18.757206,1.146734,0.004880,559.790918,0.905730,1.082749,2.707028,18.757206
Door\m1710_01_remeshed.obj,1.146734,0.003888,882.100455,0.905730,1.082749,0.715568,16.259334,1.187806,0.003888,980.315358,0.938170,1.082749,0.715569,16.268057
Door\m1710_02_translated.obj,1.146734,0.003888,882.102348,0.905730,1.082749,1.484701,16.259346,1.187806,0.003888,980.319014,0.938170,1.082749,1.484701,16.268068
Door\m1710_03_aligned.obj,1.146735,0.003888,882.087524,0.836405,1.082750,0.633711,16.259335,1.187807,0.003888,980.302731,0.866362,1.082750,0.633711,16.268058
Door\m1710_04_flipped.obj,1.146735,0.003888,882.087524,0.836405,1.082750,0.727961,16.259335,1.187807,0.003888,980.302731,0.866362,1.082750,0.727961,16.268058
Door\m1710_05_scaled.obj,1.220382,0.004268,882.105213,0.836403,1.116978,11.996969,16.259338,1.264092,0.004268,980.322506,0.866361,1.116978,11.996968,16.268061
Door\m1710_unified.obj,1.220382,0.004268,882.105213,0.836403,1.116978,11.996969,16.259338,1.264092,0.004268,980.322506,0.866361,1.116978,11.996968,16.268061
Door\m1711_00_original.obj,0.891397,0.008070,96.168681,1.175515,0.995068,0.565332,284.793979,0.878658,0.012126,40.789644,1.158716,0.995068,0.849511,284.793979
Door\m1711_01_remeshed.obj,0.789496,0.006588,100.251114,1.041135,0.995068,1.697370,426.168562,0.965978,0.002989,892.184177,1.273867,0.995068,0.770051,426.340843
Door\m1711_02_translated.obj,0.789494,0.005313,154.116874,1.041132,0.995068,6.222981,426.170872,0.965975,0.005856,232.417383,1.273863,0.995068,6.858275,426.343153
Door\m1711_03_aligned.obj,0.789495,0.005313,154.113975,0.908437,0.995068,2.661333,426.167520,0.965977,0.005856,232.410992,1.111506,0.995068,2.933039,426.339799
Door\m1711_04_flipped.obj,0.789495,0.005313,154.113975,0.908437,0.995068,2.661333,426.167520,0.965977,0.005856,232.410992,1.111506,0.995068,2.933039,426.339799
Door\m1711_05_scaled.obj,0.838864,0.005820,154.113905,0.908437,1.025708,13.451427,426.167491,1.026382,0.006414,232.410634,1.111507,1.025708,14.824732,426.339771
Door\m1711_unified.obj,0.838864,0.005820,154.113905,0.908437,1.025708,13.451427,426.167491,1.026382,0.006414,232.410634,1.111507,1.025708,14.824732,426.339771
Door\m1731_00_original.obj,2.348130,0.014831,520.477341,1.095023,1.315475,0.354481,189.691896,2.348130,0.014831,520.477341,1.095023,1.315475,0.354481,189.691896
Door\m1731_01_remeshed.obj,2.348130,0.014830,520.482021,1.095023,1.315475,0.356126,195.631851,2.348130,0.014830,520.482021,1.095023,1.315475,0.356126,195.631851
Door\m1731_02_translated.obj,2.348130,0.014831,520.474378,1.095023,1.315475,0.745567,195.632527,2.348130,0.014831,520.474378,1.095023,1.315475,0.745567,195.632527
Door\m1731_03_aligned.obj,2.348132,0.014831,520.475829,0.855040,1.315475,0.857347,195.631758,2.348132,0.014831,520.475829,0.855040,1.315475,0.857347,195.631758
Door\m1731_04_flipped.obj,2.348132,0.014831,520.475829,0.855040,1.315475,1.246527,195.631758,2.348132,0.014831,520.475829,0.855040,1.315475,1.246527,195.631758
Door\m1731_05_scaled.obj,2.029715,0.011919,520.478240,0.855040,1.223036,2.559544,195.631848,2.029715,0.011919,520.478240,0.855040,1.223036,2.559544,195.631848
Door\m1731_unified.obj,2.029715,0.011919,520.478240,0.855040,1.223036,2.559544,195.631848,2.029715,0.011919,520.478240,0.855040,1.223036,2.559544,195.631848
Drum\D00115_00_original.obj,8.826364,1.131232,4.751055,1.493877,1.220656,30.943185,4.081639,2.942121,0.377077,1.583685,0.497959,1.220656,10.314395,4.081639
Drum\D00115_01_remeshed.obj,2.942121,0.377077,1.583685,0.497959,1.220656,6.746306,3.819888,2.942121,0.377077,1.583685,0.497959,1.220656,6.746306,3.819888
Drum\D00115_02_translated.obj,2.942121,0.377077,1.583685,0.497959,1.220656,164.336165,3.819888,2.942121,0.377077,1.583685,0.497959,1.220656,164.336165,3.819888
Drum\D00115_03_aligned.obj,2.942120,0.377077,1.583684,0.782175,1.220656,8.190981,3.819888,2.942120,0.377077,1.583684,0.782175,1.220656,8.190981,3.819888
Drum\D00115_04_flipped.obj,2.942120,0.377077,1.583684,0.782175,1.220656,8.190981,3.819888,2.942120,0.377077,1.583684,0.782175,1.220656,8.190981,3.819888
Drum\D00115_05_scaled.obj,2.942115,0.377076,1.583685,0.782175,1.220655,27.989731,3.819889,2.942115,0.377076,1.583685,0.782175,1.220655,27.989731,3.819889
Drum\D00115_unified.obj,2.942115,0.377076,1.583685,0.782175,1.220655,27.989731,3.819889,2.942115,0.377076,1.583685,0.782175,1.220655,27.989731,3.819889
Drum\D00193_00_original.obj,16.736601,2.210959,8.479848,3.730282,1.329117,55.386133,2.912392,5.578867,0.194202,40.707680,1.243427,1.329117,4.864912,2.912392
Drum\D00193_01_remeshed.obj,5.480159,0.732784,2.710040,1.221427,1.329117,8.354969,2.941900,10.350741,0.265208,139.408688,2.306991,1.329117,3.023814,2.938887
Drum\D00193_02_translated.obj,5.480161,0.439876,7.520854,1.221428,1.329117,12.464542,2.941900,10.350742,0.381338,67.428183,2.306991,1.329117,10.805787,2.938887
Drum\D00193_03_aligned.obj,5.480162,0.439876,7.520843,1.218579,1.329117,17.359622,2.941900,10.350742,0.382759,66.928625,2.301609,1.329117,15.105486,2.939150
Drum\D00193_04_flipped.obj,5.480162,0.439876,7.520843,1.218579,1.329117,17.359622,2.941900,10.350742,0.382759,66.928625,2.301609,1.329117,15.105486,2.939150
Drum\D00193_05_scaled.obj,4.472558,0.324320,7.520847,1.218580,1.200728,24.796726,2.941900,8.447615,0.282208,66.928574,2.301612,1.200728,21.576904,2.939150
Drum\D00193_unified.obj,4.472558,0.324320,7.520847,1.218580,1.200728,24.796726,2.941900,8.447615,0.282208,66.928574,2.301612,1.200728,21.576904,2.939150
Fish\D00293_00_original.obj,2.502326,0.110967,11.251006,0.368344,1.793352,3.055885,20.040322,3.696555,0.107122,38.920626,0.544136,1.793352,2.950005,20.014756
Fish\D00293_01_remeshed.obj,2.502294,0.110967,11.250596,0.368340,1.793352,3.217538,24.783262,3.696789,0.107149,38.908789,0.544170,1.793352,3.106827,24.761334
Fish\D00293_02_translated.obj,2.502294,0.111424,11.158401,0.368340,1.793352,3.463281,24.783261,3.696789,0.107149,38.908802,0.544170,1.793352,3.330384,24.761332
Fish\D00293_03_aligned.obj,2.502294,0.111424,11.158396,0.370313,1.793352,40.796088,24.783264,3.696788,0.107149,38.908761,0.547085,1.793352,39.230609,24.761335
Fish\D00293_04_flipped.obj,2.502294,0.111424,11.158396,0.370313,1.793352,1.282793,24.783264,3.696788,0.107149,38.908761,0.547085,1.793352,1.233568,24.761335
Fish\D00293_05_scaled.obj,0.787006,0.019654,11.158400,0.370313,1.005740,1.262082,24.783260,1.162692,0.018899,38.908800,0.547085,1.005740,1.213652,24.761332
Fish\D00293_unified.obj,0.787006,0.019654,11.158400,0.370313,1.005740,1.262082,24.783260,1.162692,0.018899,38.908800,0.547085,1.005740,1.213652,24.761332
Fish\D00763_00_original.obj,3.304393,0.145778,15.012002,0.381989,1.832595,2.500295,14.531537,5.038331,0.138054,59.334643,0.582432,1.832595,2.367822,14.487118
Fish\D00763_01_remeshed.obj,3.304366,0.145778,15.011672,0.381985,1.832595,3.287002,20.694857,5.036793,0.138307,59.063942,0.582254,1.832595,3.118546,20.642637
Fish\D00763_02_translated.obj,3.304367,0.146500,14.864080,0.381986,1.832595,3.868909,20.694855,5.036794,0.138307,59.063964,0.582254,1.832595,3.652542,20.642635
Fish\D00763_03_aligned.obj,3.304366,0.146500,14.864071,0.387300,1.832594,1.230461,20.694858,5.036795,0.138307,59.063981,0.590355,1.832594,1.161648,20.642638
Fish\D00763_04_flipped.obj,3.304366,0.146500,14.864071,0.387300,1.832594,1.230461,20.694858,5.036795,0.138307,59.063981,0.590355,1.832594,1.161648,20.642638
Fish\D00763_05_scaled.obj,0.984585,0.023828,14.864083,0.387300,1.000343,1.599415,20.694857,1.500787,0.022495,59.063935,0.590355,1.000343,1.509969,20.642637
Fish\D00763_unified.obj,0.984585,0.023828,14.864083,0.387300,1.000343,1.599415,20.694857,1.500787,0.022495,59.063935,0.590355,1.000343,1.509969,20.642637
FloorLamp\D00388_00_original.obj,6.295287,0.101296,214.985085,0.561897,1.497867,3.236495,1.482030,6.471186,0.029204,2809.389639,0.577597,1.497867,0.932171,1.453723
FloorLamp\D00388_01_remeshed.obj,6.295287,0.101296,214.985114,0.561897,1.497867,7.546983,1.622391,6.474078,0.056970,739.251901,0.577855,1.497867,3.585232,1.601639
FloorLamp\D00388_02_translated.obj,6.295288,0.101496,214.141402,0.561897,1.497867,5.000174,1.622391,6.474079,0.056819,743.182402,0.577855,1.497867,2.510134,1.601639
FloorLamp\D00388_03_aligned.obj,6.295289,0.101496,214.141134,0.564314,1.497867,33.055134,1.622391,6.474079,0.056819,743.181283,0.580341,1.497867,75.643256,1.601639
FloorLamp\D00388_04_flipped.obj,6.295289,0.101496,214.141134,0.564314,1.497867,33.055134,1.622391,6.474079,0.056819,743.181283,0.580341,1.497867,75.643256,1.601639
FloorLamp\D00388_05_scaled.obj,2.935424,0.032317,214.141409,0.564314,1.022824,1.030091,1.622391,3.018792,0.018092,743.172501,0.580340,1.022824,0.599600,1.601639
FloorLamp\D00388_unified.obj,2.935424,0.032317,214.141409,0.564314,1.022824,1.030091,1.622391,3.018792,0.018092,743.172501,0.580340,1.022824,0.599600,1.601639
FloorLamp\D00740_00_original.obj,3.912923,0.034213,452.561691,0.450720,1.625628,0.620770,13.728531,3.912923,0.034213,452.561691,0.450720,1.625628,0.620770,13.728531
FloorLamp\D00740_01_remeshed.obj,3.912924,0.034213,452.561357,0.450720,1.625628,1.968245,22.243718,3.912924,0.034213,452.561357,0.450720,1.625628,1.968245,22.243718
FloorLamp\D00740_02_translated.obj,3.912923,0.034213,452.561580,0.450720,1.625628,0.460387,22.243729,3.912923,0.034213,452.561580,0.450720,1.625628,0.460387,22.243729
FloorLamp\D00740_03_aligned.obj,3.912923,0.034213,452.561451,0.452389,1.625628,1.370116,22.243729,3.912923,0.034213,452.561451,0.452389,1.625628,1.370116,22.243729
FloorLamp\D00740_04_flipped.obj,3.912923,0.034213,452.561451,0.452389,1.625628,0.367684,22.243729,3.912923,0.034213,452.561451,0.452389,1.625628,0.367684,22.243729
FloorLamp\D00740_05_scaled.obj,1.592591,0.008884,452.556903,0.452388,1.037105,0.778761,22.243728,1.592591,0.008884,452.556903,0.452388,1.037105,0.778761,22.243728
FloorLamp\D00740_unified.obj,1.592591,0.008884,452.556903,0.452388,1.037105,0.778761,22.243728,1.592591,0.008884,452.556903,0.452388,1.037105,0.778761,22.243728
FloorLamp\D00875_00_original.obj,5.396519,0.205718,32.835554,0.746262,1.689825,5.765778,6.243356,5.437260,0.215818,30.515023,0.751896,1.689825,6.048851,6.247924
FloorLamp\D00875_01_remeshed.obj,5.396264,0.205716,32.831477,0.746227,1.689825,5.765728,7.871794,5.436996,0.215816,30.511023,0.751859,1.689825,6.048806,7.882150
FloorLamp\D00875_02_translated.obj,5.396265,0.205411,32.929207,0.746227,1.689825,5.832739,7.871794,5.436996,0.215816,30.511025,0.751859,1.689825,6.128207,7.882150
FloorLamp\D00875_03_aligned.obj,5.396264,0.205411,32.929174,0.743511,1.689825,5.824957,7.871795,5.436996,0.215816,30.510994,0.749123,1.689825,6.120031,7.882151
FloorLamp\D00875_04_flipped.obj,5.396264,0.205411,32.929174,0.743511,1.689825,4.027817,7.871795,5.436996,0.215816,30.510994,0.749123,1.689825,4.231854,7.882151
FloorLamp\D00875_05_scaled.obj,1.923666,0.043720,32.929242,0.743511,1.008928,5.622726,7.871794,1.938187,0.045934,30.511038,0.749123,1.008928,5.907558,7.882150
FloorLamp\D00875_unified.obj,1.923666,0.043720,32.929242,0.743511,1.008928,5.622726,7.871794,1.938187,0.045934,30.511038,0.749123,1.008928,5.907558,7.882150
Glasses\D00630_00_original.obj,0.857160,0.006962,114.869199,0.214707,1.348337,0.503729,8.783855,0.970523,0.005459,271.240034,0.243103,1.348337,0.394946,8.776757
Glasses\D00630_01_remeshed.obj,0.857160,0.006962,114.869473,0.214707,1.348337,0.136125,7.499316,0.970523,0.005459,271.240036,0.243103,1.348337,0.106728,7.497138
Glasses\D00630_02_translated.obj,0.857160,0.006175,146.034700,0.214707,1.348337,0.118175,7.499315,0.970523,0.005459,271.239509,0.243103,1.348337,0.104470,7.497136
Glasses\D00630_03_aligned.obj,0.857160,0.006175,146.035088,0.207680,1.348338,0.112066,7.499316,0.970523,0.005459,271.240097,0.235147,1.348338,0.099070,7.497137
Glasses\D00630_04_flipped.obj,0.857160,0.006175,146.035088,0.207680,1.348338,0.112066,7.499316,0.970523,0.005459,271.240097,0.235147,1.348338,0.099070,7.497137
Glasses\D00630_05_scaled.obj,0.756411,0.005119,146.035155,0.207680,1.266620,0.087574,7.499315,0.856450,0.004525,271.240615,0.235147,1.266620,0.077418,7.497136
Glasses\D00630_unified.obj,0.756411,0.005119,146.035155,0.207680,1.266620,0.087574,7.499315,0.856450,0.004525,271.240615,0.235147,1.266620,0.077418,7.497136
Glasses\D00883_00_original.obj,0.323492,0.013230,1.710063,0.066926,1.363532,0.344753,39.908654,0.441945,0.001870,218.314151,0.091432,1.363532,0.048723,39.923591
Glasses\D00883_01_remeshed.obj,0.323492,0.013230,1.710063,0.066926,1.363532,0.370429,33.398563,0.442003,0.001883,215.343476,0.091444,1.363532,0.052721,33.403431
Glasses\D00883_02_translated.obj,0.323492,0.011815,2.144226,0.066926,1.363532,0.361915,33.398560,0.442003,0.001883,215.342654,0.091444,1.363532,0.057679,33.403428
Glasses\D00883_03_aligned.obj,0.323492,0.011815,2.144223,0.094033,1.363531,2.799445,33.398566,0.442003,0.001883,215.343979,0.128482,1.363531,0.446153,33.403434
Glasses\D00883_04_flipped.obj,0.323492,0.011815,2.144223,0.094033,1.363531,2.180289,33.398566,0.442003,0.001883,215.343979,0.128482,1.363531,0.347477,33.403434
Glasses\D00883_05_scaled.obj,0.253001,0.008172,2.144226,0.094033,1.205854,2.188564,33.398559,0.345687,0.001302,215.343754,0.128481,1.205854,0.348796,33.403427
Glasses\D00883_unified.obj,0.253001,0.008172,2.144226,0.094033,1.205854,2.188564,33.398559,0.345687,0.001302,215.343754,0.128481,1.205854,0.348796,33.403427
Guitar\D00335_00_original.obj,2.161864,0.000282,1122709.698184,0.899676,1.518274,0.389849,116.682934,2.163416,0.000274,1191953.415285,0.900322,1.518274,0.378764,116.695532
Guitar\D00335_01_remeshed.obj,2.160411,0.000282,1119346.160996,0.899116,1.518222,0.157748,110.645891,2.161991,0.000274,1191155.409229,0.899773,1.518222,0.153087,110.826633
Guitar\D00335_02_translated.obj,2.160411,0.000274,1185645.416794,0.899115,1.518222,0.088104,110.645844,2.161991,0.000274,1191318.791872,0.899773,1.518222,0.087991,110.826585
Guitar\D00335_03_aligned.obj,2.160411,0.000274,1185396.275546,0.932132,1.518222,0.057637,110.645868,2.161991,0.000274,1191074.747782,0.932813,1.518222,0.057562,110.826609
Guitar\D00335_04_flipped.obj,2.160411,0.000274,1185396.275546,0.932132,1.518222,0.057637,110.645868,2.161991,0.000274,1191074.747782,0.932813,1.518222,0.057562,110.826609
Guitar\D00335_05_scaled.obj,0.937997,0.000078,1185508.970118,0.932132,1.000386,0.043757,110.645860,0.938683,0.000078,1191137.047103,0.932814,1.000386,0.043701,110.826602
Guitar\D00335_unified.obj,0.937997,0.000078,1185508.970118,0.932132,1.000386,0.043757,110.645860,0.938683,0.000078,1191137.047103,0.932814,1.000386,0.043701,110.826602
Guitar\D00416_00_original.obj,1.395648,0.026532,34.145128,0.613275,1.461372,48.842645,231.289532,1.786975,0.030842,53.043436,0.785231,1.461372,56.775573,232.461270
Guitar\D00416_01_remeshed.obj,1.395077,0.026539,34.086887,0.613024,1.461372,8.540980,232.842988,1.788452,0.030504,54.356706,0.785881,1.461372,9.817337,234.072009
Guitar\D00416_02_translated.obj,1.395076,0.027822,31.013742,0.613024,1.461372,8.959515,232.843413,1.788452,0.030315,55.037315,0.785880,1.461372,9.762293,234.072434
Guitar\D00416_03_aligned.obj,1.395078,0.027822,31.013805,0.605434,1.461372,5.020094,232.843001,1.788453,0.030315,55.037519,0.776151,1.461372,5.707421,234.072022
Guitar\D00416_04_flipped.obj,1.395078,0.027822,31.013805,0.605434,1.461372,3.219773,232.843001,1.788453,0.030315,55.037519,0.776151,1.461372,3.584462,234.072022
Guitar\D00416_05_scaled.obj,0.654415,0.008939,31.013642,0.605432,1.000896,3.188319,232.843111,0.838944,0.009740,55.037277,0.776149,1.000896,3.473995,234.072133
Guitar\D00416_unified.obj,0.654415,0.008939,31.013642,0.605432,1.000896,3.188319,232.843111,0.838944,0.009740,55.037277,0.776149,1.000896,3.473995,234.072133
Gun\D00153_00_original.obj,1.600908,0.060781,9.819846,0.392337,1.789650,16.169378,256.574264,1.600908,0.060781,9.819846,0.392337,1.789650,16.169378,256.574264
Gun\D00153_01_remeshed.obj,1.600908,0.060781,9.819844,0.392337,1.789650,2.323126,268.113864,1.600908,0.060781,9.819844,0.392337,1.789650,2.323126,268.113864
Gun\D00153_02_translated.obj,1.600909,0.060781,9.819854,0.392337,1.789649,3.327001,268.113905,1.600909,0.060781,9.819854,0.392337,1.789649,3.327001,268.113905
Gun\D00153_03_aligned.obj,1.600909,0.060782,9.819834,0.396387,1.789650,4.571966,268.113849,1.600909,0.060782,9.819834,0.396387,1.789650,4.571966,268.113849
Gun\D00153_04_flipped.obj,1.600909,0.060782,9.819834,0.396387,1.789650,4.442374,268.113849,1.600909,0.060782,9.819834,0.396387,1.789650,4.442374,268.113849
Gun\D00153_05_scaled.obj,0.502618,0.010693,9.819824,0.396387,1.002776,6.156597,268.113838,0.502618,0.010693,9.819824,0.396387,1.002776,6.156597,268.113838
Gun\D00153_unified.obj,0.502618,0.010693,9.819824,0.396387,1.002776,6.156597,268.113838,0.502618,0.010693,9.819824,0.396387,1.002776,6.156597,268.113838
Gun\D00606_00_original.obj,5.136341,0.124561,77.222691,0.825779,1.920284,3.775334,29.162557,5.136310,0.124562,77.219755,0.825774,1.920284,3.775372,29.133905
Gun\D00606_01_remeshed.obj,5.136276,0.124564,77.216526,0.825768,1.920284,6.866475,18.245291,5.136276,0.124564,77.216542,0.825768,1.920284,6.866474,18.240161
Gun\D00606_02_translated.obj,5.136275,0.124564,77.216450,0.825768,1.920284,3.455804,18.245292,5.136276,0.124564,77.216468,0.825768,1.920284,3.455804,18.240161
Gun\D00606_03_aligned.obj,5.136273,0.124564,77.216408,0.860727,1.920284,3.181659,18.245289,5.136274,0.124564,77.216421,0.860727,1.920284,3.181659,18.240159
Gun\D00606_04_flipped.obj,5.136273,0.124564,77.216408,0.860727,1.920284,28.943399,18.245289,5.136274,0.124564,77.216421,0.860727,1.920284,28.943397,18.240159
Gun\D00606_05_scaled.obj,1.471732,0.019106,77.216272,0.860725,1.027911,37.716210,18.245288,1.471732,0.019106,77.216302,0.860725,1.027911,37.716206,18.240157
Gun\D00606_unified.obj,1.471732,0.019106,77.216272,0.860725,1.027911,37.716210,18.245288,1.471732,0.019106,77.216302,0.860725,1.027911,37.716206,18.240157
Gun\m678_00_original.obj,0.187768,0.001520,25.344003,0.418046,0.960237,0.661400,667.885307,0.208848,0.001238,52.571509,0.464978,0.960237,0.538691,676.157445
Gun\m678_01_remeshed.obj,0.187615,0.001542,24.568501,0.417707,0.960237,0.999135,683.307688,0.196558,0.001523,28.966612,0.437617,0.960237,0.986730,683.227259
Gun\m678_02_translated.obj,0.187616,0.001529,24.962070,0.417707,0.960237,3.047879,683.305971,0.196558,0.001523,28.966387,0.437617,0.960237,3.034066,683.225498
Gun\m678_03_aligned.obj,0.187615,0.001529,24.962205,0.363781,0.960236,3.035734,683.308181,0.196558,0.001523,28.966603,0.381121,0.960236,3.021972,683.227748
Gun\m678_04_flipped.obj,0.187615,0.001529,24.962205,0.363781,0.960236,3.035734,683.308181,0.196558,0.001523,28.966603,0.381121,0.960236,3.021972,683.227748
Gun\m678_05_scaled.obj,0.204291,0.001738,24.962293,0.363779,1.002001,3.022750,683.307785,0.214029,0.001730,28.966587,0.381119,1.002001,3.009053,683.227350
Gun\m678_unified.obj,0.204291,0.001738,24.962293,0.363779,1.002001,3.022750,683.307785,0.214029,0.001730,28.966587,0.381119,1.002001,3.009053,683.227350
Gun\m681_00_original.obj,0.280130,0.001950,51.102035,0.436050,0.958141,99.721177,191.515685,0.279998,0.001938,51.665559,0.435846,0.958141,99.106087,191.223884
Gun\m681_01_remeshed.obj,0.279350,0.001977,49.332889,0.434836,0.958141,2.497118,226.131740,0.279873,0.001949,51.005642,0.435650,0.958141,2.462727,226.001922
Gun\m681_02_translated.obj,0.279350,0.001949,50.725339,0.434836,0.958141,12.053952,226.131506,0.279872,0.001950,50.987165,0.435650,0.958141,12.056729,226.001689
Gun\m681_03_aligned.obj,0.279350,0.001949,50.725599,0.502453,0.958141,1.826229,226.131405,0.279873,0.001950,50.987424,0.503394,0.958141,1.826650,226.001588
Gun\m681_04_flipped.obj,0.279350,0.001949,50.725599,0.502453,0.958141,3.312666,226.131405,0.279873,0.001950,50.987424,0.503394,0.958141,3.313429,226.001588
Gun\m681_05_scaled.obj,0.305967,0.002234,50.725629,0.502455,1.002750,7.736906,226.131511,0.306540,0.002235,50.987446,0.503395,1.002750,7.738690,226.001693
Gun\m681_unified.obj,0.305967,0.002234,50.725629,0.502455,1.002750,7.736906,226.131511,0.306540,0.002235,50.987446,0.503395,1.002750,7.738690,226.001693
Gun\m682_00_original.obj,0.387556,0.002067,120.501503,0.567639,0.955306,1.338431,258.381406,0.394850,0.002561,82.961502,0.578322,0.955306,1.658823,266.489707
Gun\m682_01_remeshed.obj,0.386689,0.002111,114.710525,0.566370,0.955306,50.134574,301.387147,0.397917,0.002421,95.027523,0.582814,0.955306,57.498847,301.997871
Gun\m682_02_translated.obj,0.386689,0.002536,79.465875,0.566369,0.955306,3.675546,301.387356,0.397916,0.002421,95.027311,0.582813,0.955306,3.508591,301.998079
Gun\m682_03_aligned.obj,0.386689,0.002536,79.466019,0.590050,0.955306,16.545303,301.387506,0.397916,0.002421,95.027614,0.607182,0.955306,15.793752,301.998229
Gun\m682_04_flipped.obj,0.386689,0.002536,79.466019,0.590050,0.955306,4.651470,301.387506,0.397916,0.002421,95.027614,0.607182,0.955306,4.440183,301.998229
Gun\m682_05_scaled.obj,0.427501,0.002948,79.465780,0.590051,1.004455,6.969427,301.387678,0.439914,0.002814,95.027325,0.607183,1.004455,6.652851,301.998404
Gun\m682_unified.obj,0.427501,0.002948,79.465780,0.590051,1.004455,6.969427,301.387678,0.439914,0.002814,95.027325,0.607183,1.004455,6.652851,301.998404
Gun\m685_00_original.obj,0.675831,0.014363,13.229942,0.672698,0.960793,2.321607,37.097523,0.674049,0.014527,12.831226,0.670924,0.960793,2.348084,37.097523
Gun\m685_01_remeshed.obj,0.673503,0.014460,12.919112,0.670380,0.960793,3.011151,36.482305,0.674606,0.014497,12.916148,0.671479,0.960793,3.018901,36.486699
Gun\m685_02_translated.obj,0.673502,0.014496,12.855739,0.670380,0.960793,57.190579,36.482304,0.674606,0.014503,12.906077,0.671478,0.960793,57.219277,36.486699
Gun\m685_03_aligned.obj,0.673502,0.014495,12.855786,0.661770,0.960793,6.217141,36.482308,0.674606,0.014503,12.906123,0.662854,0.960793,6.220261,36.486702
Gun\m685_04_flipped.obj,0.673502,0.014495,12.855786,0.661770,0.960793,6.217141,36.482308,0.674606,0.014503,12.906123,0.662854,0.960793,6.220261,36.486702
Gun\m685_05_scaled.obj,0.735388,0.016539,12.855775,0.661771,1.003964,16.179457,36.482297,0.736593,0.016547,12.906112,0.662856,1.003964,16.187576,36.486692
Gun\m685_unified.obj,0.735388,0.016539,12.855775,0.661771,1.003964,16.179457,36.482297,0.736593,0.016547,12.906112,0.662856,1.003964,16.187576,36.486692
Hand\D01022_00_original.obj,1.581121,0.035549,27.655317,0.779990,0.982081,1.684757,7.385325,1.278380,0.048897,7.726050,0.630644,0.982081,2.317343,7.385325
Hand\D01022_01_remeshed.obj,1.254478,0.035038,14.218444,0.618853,0.982081,2.178738,8.538985,1.173884,0.038368,9.716070,0.579094,0.982081,2.385770,8.543758
Hand\D01022_02_translated.obj,1.254480,0.027585,22.939693,0.618853,0.982081,27.829021,8.538986,1.173885,0.038530,9.634594,0.579094,0.982081,38.870287,8.543759
Hand\D01022_03_aligned.obj,1.254478,0.027585,22.939619,0.581072,0.982081,3.256130,8.538987,1.173884,0.038530,9.634597,0.543741,0.982081,4.548005,8.543760
Hand\D01022_04_flipped.obj,1.254478,0.027585,22.939619,0.581072,0.982081,3.256130,8.538987,1.173884,0.038530,9.634597,0.543741,0.982081,4.548005,8.543760
Hand\D01022_05_scaled.obj,1.301641,0.029155,22.939638,0.581072,1.000372,2.972005,8.538987,1.218016,0.040723,9.634612,0.543740,1.000372,4.151152,8.543760
Hand\D01022_unified.obj,1.301641,0.029155,22.939638,0.581072,1.000372,2.972005,8.538987,1.218016,0.040723,9.634612,0.543740,1.000372,4.151152,8.543760
Hand\D01197_00_original.obj,2.291847,0.094648,11.881807,0.307344,1.600781,1.234353,6.537061,2.291847,0.094648,11.881807,0.307344,1.600781,1.234353,6.537061
Hand\D01197_02_translated.obj,2.291847,0.094648,11.881807,0.307344,1.600781,1.244204,6.537061,2.291847,0.094648,11.881807,0.307344,1.600781,1.244204,6.537061
Hand\D01197_03_aligned.obj,2.291847,0.094648,11.881806,0.336404,1.600781,1.308622,6.537061,2.291847,0.094648,11.881806,0.336404,1.600781,1.308622,6.537061
Hand\D01197_04_flipped.obj,2.291847,0.094648,11.881806,0.336404,1.600781,1.308622,6.537061,2.291847,0.094648,11.881806,0.336404,1.600781,1.308622,6.537061
Hand\D01197_05_scaled.obj,0.910715,0.023709,11.881806,0.336404,1.009091,1.318499,6.537060,0.910715,0.023709,11.881806,0.336404,1.009091,1.318499,6.537060
Hand\D01197_unified.obj,0.910715,0.023709,11.881806,0.336404,1.009091,1.318499,6.537060,0.910715,0.023709,11.881806,0.336404,1.009091,1.318499,6.537060
Hand\m323_00_original.obj,0.719538,0.028882,3.948773,0.478857,0.961927,12.449160,15.838410,0.766407,0.029493,4.575999,0.510049,0.961927,16.447688,15.856345
Hand\m323_01_remeshed.obj,0.719142,0.028868,3.946051,0.478766,0.961927,20.324729,19.344089,0.766316,0.029182,4.672547,0.510172,0.961927,20.545621,19.415988
Hand\m323_02_translated.obj,0.719142,0.024520,5.469409,0.478766,0.961927,14.930967,19.344080,0.766316,0.029350,4.619011,0.510172,0.961927,17.872021,19.415980
Hand\m323_03_aligned.obj,0.719141,0.024520,5.469410,0.494643,0.961927,38.448047,19.344089,0.766316,0.029350,4.619011,0.527090,0.961927,27.646228,19.415989
Hand\m323_04_flipped.obj,0.719141,0.024520,5.469410,0.494643,0.961927,38.448047,19.344089,0.766316,0.029350,4.619011,0.527090,0.961927,27.646228,19.415989
Hand\m323_05_scaled.obj,0.786590,0.028050,5.469409,0.494643,1.006026,38.013517,19.344085,0.838188,0.033575,4.619010,0.527091,1.006026,27.458702,19.415984
Hand\m323_unified.obj,0.786590,0.028050,5.469409,0.494643,1.006026,38.013517,19.344085,0.838188,0.033575,4.619010,0.527091,1.006026,27.458702,19.415984
Hand\m328_00_original.obj,1.080224,0.043316,5.940118,0.447265,0.952299,5.416408,16.339234,1.080224,0.043316,5.940118,0.447265,0.952299,5.416408,16.339234
Hand\m328_01_remeshed.obj,1.080224,0.043316,5.940119,0.447265,0.952299,4.087738,14.138995,1.080224,0.043316,5.940119,0.447265,0.952299,4.087738,14.138995
Hand\m328_02_translated.obj,1.080225,0.043316,5.940115,0.447266,0.952299,3.324382,14.138957,1.080225,0.043316,5.940115,0.447266,0.952299,3.324382,14.138957
Hand\m328_03_aligned.obj,1.080224,0.043316,5.940118,0.459476,0.952299,5.315417,14.138993,1.080224,0.043316,5.940118,0.459476,0.952299,5.315417,14.138993
Hand\m328_04_flipped.obj,1.080224,0.043316,5.940118,0.459476,0.952299,5.279278,14.138993,1.080224,0.043316,5.940118,0.459476,0.952299,5.279278,14.138993
Hand\m328_05_scaled.obj,1.299936,0.057182,5.940120,0.459475,1.044666,4.984041,14.138994,1.299936,0.057182,5.940120,0.459475,1.044666,4.984041,14.138994
Hand\m328_unified.obj,1.299936,0.057182,5.940120,0.459475,1.044666,4.984041,14.138994,1.299936,0.057182,5.940120,0.459475,1.044666,4.984041,14.138994
Hat\m1628_00_original.obj,2.909939,0.014562,1027.405634,0.888393,0.950019,2.989390,1.599443,4.520770,0.016672,2939.062732,1.380173,0.950019,3.422488,1.598558
Hat\m1628_01_remeshed.obj,2.909939,0.014562,1027.405936,0.888393,0.950019,1.554023,3.897490,4.521016,0.017102,2793.506587,1.380248,0.950019,1.825080,3.898540
Hat\m1628_02_translated.obj,2.909940,0.014562,1027.376961,0.888393,0.950019,7.382487,3.897489,4.521016,0.017102,2793.501256,1.380249,0.950019,8.670045,3.898539
Hat\m1628_03_aligned.obj,2.909939,0.014562,1027.371510,0.857403,0.950020,1.108663,3.897490,4.521015,0.017102,2793.482874,1.332101,0.950020,1.302022,3.898540
Hat\m1628_04_flipped.obj,2.909939,0.014562,1027.371510,0.857403,0.950020,6.449790,3.897490,4.521015,0.017102,2793.482874,1.332101,0.950020,7.574683,3.898540
Hat\m1628_05_scaled.obj,3.244273,0.017143,1027.381872,0.857403,1.003111,81.418413,3.897490,5.040454,0.020133,2793.508502,1.332101,1.003111,95.618502,3.898540
Hat\m1628_unified.obj,3.244273,0.017143,1027.381872,0.857403,1.003111,81.418413,3.897490,5.040454,0.020133,2793.508502,1.332101,1.003111,95.618502,3.898540
Hat\m1630_00_original.obj,1.798875,0.051068,19.735436,0.565368,0.955135,4.028679,2.781241,1.798875,0.051068,19.735436,0.565368,0.955135,4.028679,2.781241
Hat\m1630_01_remeshed.obj,1.798876,0.051068,19.735439,0.565368,0.955135,4.872236,2.749954,1.798876,0.051068,19.735439,0.565368,0.955135,4.872236,2.749954
Hat\m1630_02_translated.obj,1.798876,0.051068,19.735445,0.565368,0.955135,3.207797,2.749954,1.798876,0.051068,19.735445,0.565368,0.955135,3.207797,2.749954
Hat\m1630_03_aligned.obj,1.798875,0.051068,19.735434,0.554476,0.955136,3.704235,2.749954,1.798875,0.051068,19.735434,0.554476,0.955136,3.704235,2.749954
Hat\m1630_04_flipped.obj,1.798875,0.051068,19.735434,0.554476,0.955136,4.012226,2.749954,1.798875,0.051068,19.735434,0.554476,0.955136,4.012226,2.749954
Hat\m1630_05_scaled.obj,1.994667,0.059629,19.735430,0.554476,1.005772,8.039683,2.749954,1.994667,0.059629,19.735430,0.554476,1.005772,8.039683,2.749954
Hat\m1630_unified.obj,1.994667,0.059629,19.735430,0.554476,1.005772,8.039683,2.749954,1.994667,0.059629,19.735430,0.554476,1.005772,8.039683,2.749954
Helicopter\D00751_00_original.obj,2.235891,0.061471,26.155348,0.266857,1.845343,0.753765,53.741474,2.445805,0.061441,34.268109,0.291910,1.845343,0.753404,53.831863
Helicopter\D00751_01_remeshed.obj,2.226255,0.061109,26.124956,0.265707,1.845343,0.510313,48.013903,3.188755,0.031592,287.255422,0.380582,1.845343,0.263815,48.140620
Helicopter\D00751_02_translated.obj,2.226256,0.061477,25.813738,0.265707,1.845343,0.519590,48.013898,3.188754,0.034377,242.585000,0.380582,1.845343,0.290552,48.140615
Helicopter\D00751_03_aligned.obj,2.226255,0.061477,25.813760,0.274817,1.845344,69.604008,48.013901,3.188756,0.034377,242.585317,0.393632,1.845344,38.922180,48.140618
Helicopter\D00751_04_flipped.obj,2.226255,0.061477,25.813760,0.274817,1.845344,1.741395,48.013901,3.188756,0.034377,242.585317,0.393632,1.845344,0.973779,48.140618
Helicopter\D00751_05_scaled.obj,0.717589,0.011250,25.813770,0.274817,1.047677,3.021987,48.013894,1.027831,0.006291,242.584243,0.393632,1.047677,1.689881,48.140611
Helicopter\D00751_unified.obj,0.717589,0.011250,25.813770,0.274817,1.047677,3.021987,48.013894,1.027831,0.006291,242.584243,0.393632,1.047677,1.689881,48.140611
Helicopter\m1302_00_original.obj,0.260393,0.004031,9.608503,0.272073,0.951336,0.730301,20.437941,0.265820,0.003684,12.235035,0.277743,0.951336,0.667520,20.528185
Helicopter\m1302_01_remeshed.obj,0.259053,0.004045,9.393302,0.270672,0.951336,0.517304,22.742310,0.274024,0.003432,15.449000,0.286315,0.951336,0.438839,22.748558
Helicopter\m1302_02_translated.obj,0.259052,0.003204,14.975832,0.270672,0.951336,1.497519,22.742313,0.274023,0.003733,13.052323,0.286314,0.951336,1.745116,22.748561
Helicopter\m1302_03_aligned.obj,0.259053,0.003204,14.976059,0.237258,0.951336,1.140235,22.742301,0.274024,0.003733,13.052466,0.250970,0.951336,1.328762,22.771618
Helicopter\m1302_04_flipped.obj,0.259053,0.003204,14.976059,0.237258,0.951336,0.956092,22.742301,0.274024,0.003733,13.052466,0.250970,0.951336,1.114174,22.771618
Helicopter\m1302_05_scaled.obj,0.292327,0.003840,14.975975,0.237258,1.010589,0.548528,22.742319,0.309221,0.004475,13.052476,0.250970,1.010589,0.639220,22.771636
Helicopter\m1302_unified.obj,0.292327,0.003840,14.975975,0.237258,1.010589,0.548528,22.742319,0.309221,0.004475,13.052476,0.250970,1.010589,0.639220,22.771636
Helicopter\m1314_00_original.obj,0.982144,0.015880,33.218190,0.370295,1.022041,2.236168,13.936773,0.993865,0.015408,36.563755,0.374715,1.022041,2.169681,13.696188
Helicopter\m1314_01_remeshed.obj,0.973230,0.015868,32.368497,0.366935,1.022041,0.550767,16.625509,0.988040,0.016121,32.816181,0.372519,1.022041,0.555503,16.323782
Helicopter\m1314_02_translated.obj,0.973231,0.016005,31.818737,0.366935,1.022041,1.614246,16.625513,0.988041,0.016109,32.865783,0.372519,1.022041,1.624717,16.323787
Helicopter\m1314_03_aligned.obj,0.973231,0.016005,31.818800,0.332309,1.022041,0.566284,16.625507,0.988041,0.016109,32.865867,0.337366,1.022041,0.569957,16.323781
Helicopter\m1314_04_flipped.obj,0.973231,0.016005,31.818800,0.332309,1.022041,0.874993,16.625507,0.988041,0.016109,32.865867,0.337366,1.022041,0.880669,16.323781
Helicopter\m1314_05_scaled.obj,1.087064,0.018894,31.818681,0.332309,1.080160,0.880042,16.625508,1.103606,0.019016,32.865737,0.337365,1.080160,0.860592,16.323782
Helicopter\m1314_unified.obj,1.087064,0.018894,31.818681,0.332309,1.080160,0.880042,16.625508,1.103606,0.019016,32.865737,0.337365,1.080160,0.860592,16.323782
Helicopter\m1319_00_original.obj,0.213033,0.002173,18.101241,0.121422,0.950353,0.134632,32.910234,0.213845,0.002251,17.070802,0.121885,0.950353,0.139429,33.042981
Helicopter\m1319_01_remeshed.obj,0.213033,0.002173,18.101276,0.121422,0.950353,0.133516,31.706598,0.213845,0.002251,17.070861,0.121885,0.950353,0.241774,31.726614
Helicopter\m1319_02_translated.obj,0.213033,0.002186,17.893395,0.121422,0.950353,9.097293,31.706622,0.213845,0.002251,17.070837,0.121885,0.950353,4.875388,31.726638
Helicopter\m1319_03_aligned.obj,0.213033,0.002186,17.893340,0.118380,0.950353,39.484266,31.706604,0.213845,0.002251,17.070846,0.118831,0.950353,40.655491,31.731839
Helicopter\m1319_04_flipped.obj,0.213033,0.002186,17.893340,0.118380,0.950353,39.484266,31.706604,0.213845,0.002251,17.070846,0.118831,0.950353,40.655491,31.731839
Helicopter\m1319_05_scaled.obj,0.236018,0.002549,17.893354,0.118380,1.000308,1.672891,31.706606,0.236917,0.002624,17.070850,0.118831,1.000308,1.722514,31.731841
Helicopter\m1319_unified.obj,0.236018,0.002549,17.893354,0.118380,1.000308,1.672891,31.706606,0.236917,0.002624,17.070850,0.118831,1.000308,1.722514,31.731841
Helicopter\m1325_00_original.obj,0.550002,0.005369,51.025061,0.218889,0.953538,11.764670,9.573573,0.588019,0.009046,21.969252,0.234019,0.953538,19.820016,9.492155
Helicopter\m1325_01_remeshed.obj,0.530603,0.006475,31.502534,0.211557,0.952957,0.853318,10.883921,0.647544,0.004483,119.434000,0.258182,0.952957,0.590838,10.789676
Helicopter\m1325_02_translated.obj,0.530603,0.005569,42.589061,0.211557,0.952957,3.129685,10.883921,0.647544,0.004774,105.351664,0.258182,0.952957,2.682736,10.789676
Helicopter\m1325_03_aligned.obj,0.530603,0.005569,42.589065,0.192315,0.952956,10.816588,10.883925,0.647544,0.004774,105.351647,0.234699,0.952956,9.271872,10.777655
Helicopter\m1325_04_flipped.obj,0.530603,0.005569,42.589065,0.192315,0.952956,10.816588,10.883925,0.647544,0.004774,105.351647,0.234699,0.952956,9.271872,10.777655
Helicopter\m1325_05_scaled.obj,0.615340,0.006955,42.589291,0.192314,1.026233,18.330396,10.883924,0.750957,0.005962,105.351690,0.234699,1.026233,15.712685,10.777654
Helicopter\m1325_unified.obj,0.615340,0.006955,42.589291,0.192314,1.026233,18.330396,10.883924,0.750957,0.005962,105.351690,0.234699,1.026233,15.712685,10.777654
Helicopter\m1329_00_original.obj,1.891707,0.038564,40.247071,0.568110,0.968608,0.873917,8.912465,2.038909,0.034771,61.988313,0.612317,0.968608,0.787949,8.872343
Helicopter\m1329_01_remeshed.obj,1.891707,0.038564,40.247117,0.568110,0.968608,0.941600,12.458058,2.039390,0.034714,62.235078,0.612461,0.968608,0.847590,12.451587
Helicopter\m1329_02_translated.obj,1.891707,0.038842,39.674567,0.568110,0.968608,5.575605,12.458057,2.039390,0.034714,62.234936,0.612462,0.968608,4.983111,12.451587
Helicopter\m1329_03_aligned.obj,1.891708,0.038842,39.674758,0.539775,0.968607,1.117165,12.458059,2.039391,0.034714,62.235224,0.581915,0.968607,0.998449,12.451588
Helicopter\m1329_04_flipped.obj,1.891708,0.038842,39.674758,0.539775,0.968607,1.117165,12.458059,2.039391,0.034714,62.235224,0.581915,0.968607,0.998449,12.451588
Helicopter\m1329_05_scaled.obj,2.299839,0.052067,39.674424,0.539774,1.067996,2.602669,12.458056,2.479384,0.046534,62.234693,0.581914,1.067996,2.326095,12.451585
Helicopter\m1329_unified.obj,2.299839,0.052067,39.674424,0.539774,1.067996,2.602669,12.458056,2.479384,0.046534,62.234693,0.581914,1.067996,2.326095,12.451585
House\D00454_00_original.obj,5.704105,0.625435,4.195134,0.664741,1.901347,16.698477,14.682497,7.298274,0.652588,8.071050,0.850521,1.901347,17.423434,14.703428
House\D00454_01_remeshed.obj,5.704099,0.625435,4.195120,0.664740,1.901347,12.542470,13.933916,7.298294,0.655916,7.989426,0.850523,1.901347,16.641665,14.000758
House\D00454_02_translated.obj,5.704099,0.569978,5.051176,0.664740,1.901347,827.960809,13.933919,7.298294,0.655964,7.988246,0.850523,1.901347,57.808940,14.000761
House\D00454_03_aligned.obj,5.704099,0.569979,5.051168,0.776448,1.901346,19.912640,13.933916,7.298293,0.655965,7.988234,0.993451,1.901346,22.916628,14.000758
House\D00454_04_flipped.obj,5.704099,0.569979,5.051168,0.776448,1.901346,19.912640,13.933916,7.298293,0.655965,7.988234,0.993451,1.901346,22.916628,14.000758
House\D00454_05_scaled.obj,1.791223,0.100300,5.051179,0.776448,1.065473,7.892766,13.933918,2.291839,0.115431,7.988266,0.993451,1.065473,9.083455,14.000759
House\D00454_unified.obj,1.791223,0.100300,5.051179,0.776448,1.065473,7.892766,13.933918,2.291839,0.115431,7.988266,0.993451,1.065473,9.083455,14.000759
House\D00903_00_original.obj,13.894901,0.172991,792.620717,1.253897,1.873822,20.170646,5.479292,18.629670,0.207434,1328.630856,1.681170,1.873822,24.186604,5.418403
House\D00903_01_remeshed.obj,12.984553,0.167601,689.092681,1.172823,1.873822,1.327428,4.594115,19.730815,0.054056,23243.147311,1.782176,1.873822,0.428134,4.554855
House\D00903_02_translated.obj,12.984567,0.077964,3184.471585,1.172825,1.873822,0.944783,4.594115,19.730832,0.053743,23514.813171,1.782178,1.873822,0.651264,4.554855
House\D00903_03_aligned.obj,12.984553,0.077965,3184.431102,1.812241,1.873823,0.866376,4.594115,19.730816,0.053745,23513.147688,2.753811,1.873823,0.597234,4.554855
House\D00903_04_flipped.obj,12.984553,0.077965,3184.431102,1.812241,1.873823,0.866376,4.594115,19.730816,0.053745,23513.147688,2.753811,1.873823,0.597234,4.554855
House\D00903_05_scaled.obj,5.148985,0.019469,3184.457942,1.812241,1.179984,5.404602,4.594115,7.824197,0.013421,23512.104560,2.753810,1.179984,3.725744,4.554855
House\D00903_unified.obj,5.148985,0.019469,3184.457942,1.812241,1.179984,5.404602,4.594115,7.824197,0.013421,23512.104560,2.753810,1.179984,3.725744,4.554855
House\m433_00_original.obj,5.747826,0.013565,9124.688805,2.432446,1.283888,0.401457,48.277299,6.107759,0.016419,7472.678343,2.584767,1.283888,0.485935,47.141088
House\m433_01_remeshed.obj,5.734152,0.013260,9481.183537,2.426659,1.283888,0.392433,61.761246,6.122332,0.004000,126843.453906,2.590934,1.283888,0.118368,61.049288
House\m433_02_translated.obj,5.734152,0.003156,167333.985019,2.426659,1.283888,0.171759,61.761397,6.122332,0.004373,106084.437990,2.590935,1.283888,0.237989,61.049438
House\m433_03_aligned.obj,5.734152,0.003156,167324.289513,1.556218,1.283889,0.157467,61.761379,6.122332,0.004373,106082.704118,1.661568,1.283889,0.218182,61.049420
House\m433_04_flipped.obj,5.734152,0.003156,167324.289513,1.556218,1.283889,0.119440,61.761379,6.122332,0.004373,106082.704118,1.661568,1.283889,0.165493,61.049420
House\m433_05_scaled.obj,4.028421,0.001859,167299.852641,1.556220,1.076119,0.116723,61.761394,4.301130,0.002575,106066.484188,1.661570,1.076119,0.161728,61.049435
House\m433_unified.obj,4.028421,0.001859,167299.852641,1.556220,1.076119,0.116723,61.761394,4.301130,0.002575,106066.484188,1.661570,1.076119,0.161728,61.049435
House\m439_00_original.obj,1.522090,0.004207,1761.710730,0.966720,1.105731,1.273202,16.518078,1.522090,0.004207,1761.710730,0.966720,1.105731,1.273202,16.518078
House\m439_01_remeshed.obj,1.522090,0.004207,1761.653656,0.966720,1.105731,2.240113,16.607624,1.522090,0.004207,1761.653656,0.966720,1.105731,2.240113,16.607624
House\m439_02_translated.obj,1.522089,0.004207,1761.708316,0.966720,1.105731,0.449754,16.607618,1.522089,0.004207,1761.708316,0.966720,1.105731,0.449754,16.607618
House\m439_03_aligned.obj,1.522090,0.004207,1761.712913,0.680622,1.105732,0.992662,16.607608,1.522090,0.004207,1761.712913,0.680622,1.105732,0.992662,16.607608
House\m439_04_flipped.obj,1.522090,0.004207,1761.712913,0.680622,1.105732,1.097480,16.607608,1.522090,0.004207,1761.712913,0.680622,1.105732,1.097480,16.607608
House\m439_05_scaled.obj,1.363416,0.003567,1761.712970,0.680622,1.046511,1.170508,16.607612,1.363416,0.003567,1761.712970,0.680622,1.046511,1.170508,16.607612
House\m439_unified.obj,1.363416,0.003567,1761.712970,0.680622,1.046511,1.170508,16.607612,1.363416,0.003567,1761.712970,0.680622,1.046511,1.170508,16.607612
House\m456_00_original.obj,2.065185,0.077094,13.103323,0.596845,1.321025,2.109439,5.068390,5.379966,0.067827,299.280576,1.554826,1.321025,1.855877,5.175121
House\m456_01_remeshed.obj,1.982767,0.077377,11.511792,0.573026,1.321025,3.338012,7.439627,6.287135,0.022540,4325.235083,1.817001,1.321025,0.972358,7.452067
House\m456_02_translated.obj,1.982768,0.090848,8.350935,0.573026,1.321025,9.431478,7.439633,6.287137,0.016918,7677.030927,1.817001,1.321025,1.756395,7.452072
House\m456_03_aligned.obj,1.982767,0.090848,8.350889,0.346943,1.321025,15.928557,7.439630,6.287142,0.016918,7676.996581,1.100119,1.321025,2.966330,7.454794
House\m456_04_flipped.obj,1.982767,0.090848,8.350889,0.346943,1.321025,15.928557,7.439630,6.287142,0.016918,7676.996581,1.100119,1.321025,2.966330,7.454794
House\m456_05_scaled.obj,1.689192,0.071437,8.350909,0.346943,1.219312,10.504881,7.439631,5.356246,0.013304,7676.998365,1.100119,1.219312,1.956296,7.454795
House\m456_unified.obj,1.689192,0.071437,8.350909,0.346943,1.219312,10.504881,7.439631,5.356246,0.013304,7676.998365,1.100119,1.219312,1.956296,7.454795
HumanHead\D00487_00_original.obj,6.814758,0.951607,3.090178,1.583199,1.084782,43.103272,1.689166,2.271586,0.317202,1.030059,0.527733,1.084782,14.367757,1.689166
HumanHead\D00487_01_remeshed.obj,2.271586,0.317202,1.030059,0.527733,1.084782,18.612321,1.814225,2.458451,0.302100,1.439567,0.571145,1.084782,17.726143,1.812930
HumanHead\D00487_02_translated.obj,2.271586,0.275354,1.366945,0.527733,1.084782,57.110084,1.814225,2.458451,0.302100,1.439567,0.571145,1.084782,62.657189,1.812930
HumanHead\D00487_03_aligned.obj,2.271586,0.275354,1.366945,0.478135,1.084782,11.912650,1.814226,2.458451,0.302100,1.439567,0.517468,1.084782,13.069727,1.812931
HumanHead\D00487_04_flipped.obj,2.271586,0.275354,1.366945,0.478135,1.084782,30.790530,1.814226,2.458451,0.302100,1.439567,0.517468,1.084782,33.781220,1.812931
HumanHead\D00487_05_scaled.obj,2.311204,0.282589,1.366945,0.478136,1.094201,34.632067,1.814225,2.501328,0.310037,1.439567,0.517468,1.094201,37.995883,1.812931
HumanHead\D00487_unified.obj,2.311204,0.282589,1.366945,0.478136,1.094201,34.632067,1.814225,2.501328,0.310037,1.439567,0.517468,1.094201,37.995883,1.812931
HumanHead\D00653_00_original.obj,40.216600,5.322147,20.304391,1.470590,3.046405,5.611153,1.282132,13.405533,1.779534,6.726474,0.490197,3.046405,1.876167,1.282132
HumanHead\D00653_01_remeshed.obj,13.403085,1.776108,6.748750,0.490107,3.046405,32.128773,1.196290,15.078045,3.737770,2.169490,0.551355,3.046405,67.614113,1.194660
HumanHead\D00653_02_translated.obj,13.403085,3.068782,2.260632,0.490107,3.046405,27.080364,1.196290,15.078045,3.737769,2.169490,0.551355,3.046405,32.983821,1.194660
HumanHead\D00653_03_aligned.obj,13.403085,3.068782,2.260632,0.473838,3.046405,12.489703,1.196290,15.078045,3.737770,2.169490,0.533053,3.046405,18.544434,1.194660
HumanHead\D00653_04_flipped.obj,13.403085,3.068782,2.260632,0.473838,3.046405,80.425666,1.196290,15.078045,3.737770,2.169490,0.533053,3.046405,97.958273,1.194660
HumanHead\D00653_05_scaled.obj,2.162776,0.198919,2.260632,0.473838,1.223746,98.554871,1.196290,2.433055,0.242283,2.169490,0.533052,1.223746,120.039604,1.194660
HumanHead\D00653_unified.obj,2.162776,0.198919,2.260632,0.473838,1.223746,98.554871,1.196290,2.433055,0.242283,2.169490,0.533052,1.223746,120.039604,1.194660
HumanHead\D00690_00_original.obj,121.491272,224.225860,0.315364,1.519888,4.454290,13.676878,1.892770,40.497091,16.761408,2.090249,0.506629,4.454290,1.022379,1.892770
HumanHead\D00690_01_remeshed.obj,40.489682,74.744940,0.105055,0.506537,4.454290,4.806168,2.303362,44.579435,20.608924,1.844339,0.557701,4.454290,1.325173,2.301473
HumanHead\D00690_02_translated.obj,40.489680,0.081854,87600.331409,0.506537,4.454290,0.034601,2.303362,44.579433,20.524225,1.859592,0.557701,4.454290,8.676004,2.301473
HumanHead\D00690_03_aligned.obj,40.489681,0.081856,87595.371262,0.509375,4.454290,0.102173,2.303362,44.579434,20.524227,1.859592,0.560826,4.454290,25.618571,2.301473
HumanHead\D00690_04_flipped.obj,40.489681,0.081856,87595.371262,0.509375,4.454290,0.287388,2.303362,44.579434,20.524227,1.859592,0.560826,4.454290,72.058690,2.301473
HumanHead\D00690_05_scaled.obj,2.391743,0.001175,87588.490320,0.509376,1.082589,0.156285,2.303362,2.633326,0.294660,1.859593,0.560827,1.082589,39.184748,2.301473
HumanHead\D00690_unified.obj,2.391743,0.001175,87588.490320,0.509376,1.082589,0.156285,2.303362,2.633326,0.294660,1.859593,0.560827,1.082589,39.184748,2.301473
HumanHead\m354_00_original.obj,1.675138,0.131504,2.403356,0.558589,1.010371,34.392785,3.962507,1.675220,0.131504,2.403711,0.558616,1.010371,34.392785,3.974041
HumanHead\m354_01_remeshed.obj,1.675138,0.131504,2.403356,0.558589,1.010371,9.567970,4.651467,1.675220,0.131504,2.403711,0.558616,1.010371,9.567970,4.651710
HumanHead\m354_02_translated.obj,1.675137,0.131504,2.403354,0.558589,1.010371,14.299329,4.651466,1.675220,0.131504,2.403709,0.558616,1.010371,14.299329,4.651710
HumanHead\m354_03_aligned.obj,1.675138,0.131504,2.403356,0.559456,1.010372,30.958768,4.651467,1.675220,0.131504,2.403711,0.559484,1.010372,30.958768,4.651710
HumanHead\m354_04_flipped.obj,1.675138,0.131504,2.403356,0.559456,1.010372,30.958768,4.651467,1.675220,0.131504,2.403711,0.559484,1.010372,30.958768,4.651710
HumanHead\m354_05_scaled.obj,1.846348,0.152172,2.403356,0.559457,1.060749,105.584550,4.651467,1.846439,0.152172,2.403711,0.559484,1.060749,105.584550,4.651711
HumanHead\m354_unified.obj,1.846348,0.152172,2.403356,0.559457,1.060749,105.584550,4.651467,1.846439,0.152172,2.403711,0.559484,1.060749,105.584550,4.651711
HumanHead\m355_00_original.obj,1.768725,0.164230,1.813953,0.527957,0.988318,8.431422,3.059984,1.768725,0.164230,1.813953,0.527957,0.988318,8.431422,3.059984
HumanHead\m355_01_remeshed.obj,1.768358,0.164207,1.813316,0.527847,0.988318,29.416837,2.860521,1.768358,0.164207,1.813316,0.527847,0.988318,29.416837,2.860521
HumanHead\m355_02_translated.obj,1.768358,0.164207,1.813316,0.527847,0.988318,415.739193,2.860521,1.768358,0.164207,1.813316,0.527847,0.988318,415.739193,2.860521
HumanHead\m355_03_aligned.obj,1.768358,0.164207,1.813317,0.542785,0.988317,339.452312,2.860521,1.768358,0.164207,1.813317,0.542785,0.988317,339.452312,2.860521
HumanHead\m355_04_flipped.obj,1.768358,0.164207,1.813317,0.542785,0.988317,339.452312,2.860521,1.768358,0.164207,1.813317,0.542785,0.988317,339.452312,2.860521
HumanHead\m355_05_scaled.obj,1.860397,0.177193,1.813317,0.542785,1.013712,368.937243,2.860521,1.860397,0.177193,1.813317,0.542785,1.013712,368.937243,2.860521
HumanHead\m355_unified.obj,1.860397,0.177193,1.813317,0.542785,1.013712,368.937243,2.860521,1.860397,0.177193,1.813317,0.542785,1.013712,368.937243,2.860521
HumanHead\m367_00_original.obj,1.188765,0.006081,401.619663,0.402821,0.974473,0.580720,2.787275,1.195636,0.156931,0.613663,0.405150,0.974473,14.985253,2.788172
HumanHead\m367_01_remeshed.obj,1.187319,0.006061,402.841858,0.402331,0.974473,0.472099,2.574755,1.634280,0.118591,2.744254,0.553787,0.974473,9.236909,2.572935
HumanHead\m367_02_translated.obj,1.187319,0.000839,21023.651983,0.402331,0.974473,0.227391,2.574754,1.634280,0.115861,2.875088,0.553787,0.974473,31.400766,2.572934
HumanHead\m367_03_aligned.obj,1.187319,0.000839,21020.011904,0.379852,0.974473,0.173413,2.574755,1.634280,0.115861,2.875089,0.522845,0.974473,23.944815,2.572934
HumanHead\m367_04_flipped.obj,1.187319,0.000839,21020.011904,0.379852,0.974473,0.162634,2.574755,1.634280,0.115861,2.875089,0.522845,0.974473,22.456414,2.572934
HumanHead\m367_05_scaled.obj,1.322343,0.000986,21014.666112,0.379852,1.028391,0.749820,2.574754,1.820132,0.136177,2.875086,0.522846,1.028391,103.521609,2.572934
HumanHead\m367_unified.obj,1.322343,0.000986,21014.666112,0.379852,1.028391,0.749820,2.574754,1.820132,0.136177,2.875086,0.522846,1.028391,103.521609,2.572934
Humanoid\m131_00_original.obj,0.562762,0.010843,13.404774,0.564646,0.955273,8.611790,57.973586,0.725177,0.008694,44.612534,0.727605,0.955273,6.905154,58.119980
Humanoid\m131_01_remeshed.obj,0.562762,0.010843,13.404844,0.564646,0.955273,6.425301,59.291268,0.725176,0.008694,44.612637,0.727604,0.955273,5.151979,59.305039
Humanoid\m131_02_translated.obj,0.562762,0.008656,21.030206,0.564646,0.955273,3.047323,59.291167,0.725177,0.008694,44.612444,0.727604,0.955273,3.060489,59.304939
Humanoid\m131_03_aligned.obj,0.562762,0.008656,21.030153,0.589582,0.955272,9.840837,59.291205,0.725177,0.008694,44.612467,0.759737,0.955272,9.883340,59.304977
Humanoid\m131_04_flipped.obj,0.562762,0.008656,21.030153,0.589582,0.955272,7.953534,59.291205,0.725177,0.008694,44.612467,0.759737,0.955272,7.987885,59.304977
Humanoid\m131_05_scaled.obj,0.618852,0.009982,21.030204,0.589581,1.001747,13.706495,59.291194,0.797454,0.010025,44.612441,0.759736,1.001747,13.765712,59.304967
Humanoid\m131_unified.obj,0.618852,0.009982,21.030204,0.589581,1.001747,13.706495,59.291194,0.797454,0.010025,44.612441,0.759736,1.001747,13.765712,59.304967
Humanoid\m135_00_original.obj,0.517125,0.011612,9.067979,0.464917,0.958337,1.639139,29.029192,0.565944,0.008538,21.984769,0.508807,0.958337,1.205249,29.255538
Humanoid\m135_01_remeshed.obj,0.509831,0.011530,8.814001,0.458359,0.958337,2.129742,30.098205,0.581507,0.003980,109.750534,0.522799,0.958337,0.735197,30.116764
Humanoid\m135_02_translated.obj,0.509831,0.006884,24.727996,0.458359,0.958337,1.148701,30.098187,0.581507,0.006128,46.302471,0.522799,0.958337,1.022569,30.116746
Humanoid\m135_03_aligned.obj,0.509831,0.006884,24.727948,0.441963,0.958337,6.980881,30.098195,0.581507,0.006128,46.302670,0.504098,0.958337,6.214333,30.116754
Humanoid\m135_04_flipped.obj,0.509831,0.006884,24.727948,0.441963,0.958337,6.980881,30.098195,0.581507,0.006128,46.302670,0.504098,0.958337,6.214333,30.116754
Humanoid\m135_05_scaled.obj,0.564097,0.008011,24.727894,0.441964,1.008050,12.037289,30.098189,0.643402,0.007132,46.302477,0.504099,1.008050,10.715522,30.116748
Humanoid\m135_unified.obj,0.564097,0.008011,24.727894,0.441964,1.008050,12.037289,30.098189,0.643402,0.007132,46.302477,0.504099,1.008050,10.715522,30.116748
Humanoid\m143_00_original.obj,0.750301,0.012616,23.463526,0.642164,0.953321,13.558020,57.608627,0.810273,0.014736,21.659791,0.693493,0.953321,15.836502,57.577006
Humanoid\m143_01_remeshed.obj,0.714024,0.012525,20.519182,0.611116,0.953321,8.256107,61.840353,0.813876,0.014265,23.423945,0.696577,0.953321,9.403588,61.836770
Humanoid\m143_02_translated.obj,0.714024,0.012388,20.974171,0.611116,0.953321,11.847989,61.840464,0.813876,0.012973,28.323345,0.696577,0.953321,12.407463,61.836878
Humanoid\m143_03_aligned.obj,0.714024,0.012388,20.974221,0.577996,0.953320,4.103735,61.840382,0.813876,0.012973,28.323444,0.658826,0.953320,4.297515,61.836625
Humanoid\m143_04_flipped.obj,0.714024,0.012388,20.974221,0.577996,0.953320,4.103735,61.840382,0.813876,0.012973,28.323444,0.658826,0.953320,4.297515,61.836625
Humanoid\m143_05_scaled.obj,0.789660,0.014408,20.974131,0.577995,1.002543,4.026757,61.840404,0.900089,0.015088,28.323336,0.658824,1.002543,4.216901,61.836647
Humanoid\m143_unified.obj,0.789660,0.014408,20.974131,0.577995,1.002543,4.026757,61.840404,0.900089,0.015088,28.323336,0.658824,1.002543,4.216901,61.836647
Humanoid\m148_00_original.obj,0.543677,0.008750,18.557933,0.353092,0.959884,0.626444,50.333284,0.570399,0.005827,48.325860,0.370447,0.959884,0.417170,50.627478
Humanoid\m148_01_remeshed.obj,0.535069,0.008841,17.327599,0.347502,0.959884,2.695129,49.376914,0.588903,0.001536,765.569047,0.382465,0.959884,0.664705,49.475878
Humanoid\m148_02_translated.obj,0.535069,0.005730,41.259117,0.347502,0.959884,1.525377,49.376808,0.588903,0.003935,116.646484,0.382465,0.959884,1.144269,49.475772
Humanoid\m148_03_aligned.obj,0.535069,0.005730,41.259076,0.310630,0.959884,2.374372,49.376903,0.588904,0.003935,116.645643,0.341883,0.959884,1.630518,49.497637
Humanoid\m148_04_flipped.obj,0.535069,0.005730,41.259076,0.310630,0.959884,2.374372,49.376903,0.588904,0.003935,116.645643,0.341883,0.959884,1.630518,49.497637
Humanoid\m148_05_scaled.obj,0.598302,0.006775,41.259057,0.310630,1.015018,2.464351,49.376895,0.658498,0.004652,116.645958,0.341883,1.015018,1.692305,49.497631
Humanoid\m148_unified.obj,0.598302,0.006775,41.259057,0.310630,1.015018,2.464351,49.376895,0.658498,0.004652,116.645958,0.341883,1.015018,1.692305,49.497631
Humanoid\m155_00_original.obj,0.697721,0.018221,9.045986,0.487524,0.962048,3.853556,49.977391,0.697721,0.018221,9.045986,0.487524,0.962048,3.853556,49.977391
Humanoid\m155_01_remeshed.obj,0.697721,0.018221,9.045988,0.487524,0.962048,18.514727,84.276313,0.697721,0.018221,9.045988,0.487524,0.962048,18.514727,84.276313
Humanoid\m155_02_translated.obj,0.697721,0.018221,9.045985,0.487524,0.962048,19.460124,84.276295,0.697721,0.018221,9.045985,0.487524,0.962048,19.460124,84.276295
Humanoid\m155_03_aligned.obj,0.697721,0.018221,9.046001,0.467668,0.962048,3.528001,84.276339,0.697721,0.018221,9.046001,0.467668,0.962048,3.528001,84.276339
Humanoid\m155_04_flipped.obj,0.697721,0.018221,9.046001,0.467668,0.962048,3.528001,84.276339,0.697721,0.018221,9.046001,0.467668,0.962048,3.528001,84.276339
Humanoid\m155_05_scaled.obj,0.754288,0.020481,9.045994,0.467668,1.000287,2.469421,84.276339,0.754288,0.020481,9.045994,0.467668,1.000287,2.469421,84.276339
Humanoid\m155_unified.obj,0.754288,0.020481,9.045994,0.467668,1.000287,2.469421,84.276339,0.754288,0.020481,9.045994,0.467668,1.000287,2.469421,84.276339
Humanoid\m159_00_original.obj,0.545574,0.012792,8.775238,0.532361,0.960555,1.472960,70.774538,0.603405,0.011582,14.481803,0.588792,0.960555,1.333652,72.281785
Humanoid\m159_01_remeshed.obj,0.545574,0.012792,8.775258,0.532361,0.960555,12.402622,76.921971,0.603405,0.011582,14.481798,0.588792,0.960555,11.229640,77.036606
Humanoid\m159_02_translated.obj,0.545574,0.011207,11.432273,0.532361,0.960555,49.329060,76.922020,0.603405,0.011582,14.481814,0.588792,0.960555,50.978985,77.036655
Humanoid\m159_03_aligned.obj,0.545574,0.011207,11.432233,0.558868,0.960554,21.012874,76.921979,0.603405,0.011582,14.481784,0.618109,0.960554,21.715686,77.036614
Humanoid\m159_04_flipped.obj,0.545574,0.011207,11.432233,0.558868,0.960554,21.012874,76.921979,0.603405,0.011582,14.481784,0.618109,0.960554,21.715686,77.036614
Humanoid\m159_05_scaled.obj,0.597859,0.012856,11.432275,0.558869,1.005529,3.941435,76.921998,0.661233,0.013286,14.481802,0.618110,1.005529,4.073267,77.036633
Humanoid\m159_unified.obj,0.597859,0.012856,11.432275,0.558869,1.005529,3.941435,76.921998,0.661233,0.013286,14.481802,0.618110,1.005529,4.073267,77.036633
Humanoid\m160_00_original.obj,0.719032,0.015817,13.138719,0.436561,0.951694,3.046867,27.067204,0.730855,0.013510,18.912493,0.443740,0.951694,2.602439,27.454730
Humanoid\m160_01_remeshed.obj,0.719032,0.015817,13.138739,0.436561,0.951694,2.016645,48.615462,0.730855,0.013510,18.912501,0.443740,0.951694,1.722490,48.725565
Humanoid\m160_02_translated.obj,0.719032,0.014236,16.218493,0.436561,0.951694,3.993757,48.615448,0.730855,0.013510,18.912495,0.443740,0.951694,3.789985,48.725551
Humanoid\m160_03_aligned.obj,0.719032,0.014236,16.218495,0.439702,0.951695,2.259233,48.615452,0.730855,0.013510,18.912495,0.446932,0.951695,2.143961,48.725556
Humanoid\m160_04_flipped.obj,0.719032,0.014236,16.218495,0.439702,0.951695,1.459415,48.615452,0.730855,0.013510,18.912495,0.446932,0.951695,1.384952,48.725556
Humanoid\m160_05_scaled.obj,0.797951,0.016643,16.218485,0.439701,1.002562,1.412415,48.615443,0.811072,0.015794,18.912486,0.446932,1.002562,1.340350,48.725546
Humanoid\m160_unified.obj,0.797951,0.016643,16.218485,0.439701,1.002562,1.412415,48.615443,0.811072,0.015794,18.912486,0.446932,1.002562,1.340350,48.725546
Humanoid\m176_00_original.obj,0.809710,0.007194,90.698728,0.655482,0.962077,0.891105,39.335173,0.809710,0.007632,80.583627,0.655482,0.962077,0.945380,39.335173
Humanoid\m176_01_remeshed.obj,0.809710,0.007137,92.147645,0.655482,0.962077,2.314862,39.838664,0.809710,0.007632,80.583664,0.655482,0.962077,2.475391,39.838664
Humanoid\m176_02_translated.obj,0.809710,0.007288,88.372139,0.655482,0.962077,1.212073,39.838670,0.809710,0.007632,80.583663,0.655482,0.962077,1.269297,39.838670
Humanoid\m176_03_aligned.obj,0.809710,0.007288,88.371394,0.653113,0.962076,1.271658,39.838656,0.809710,0.007632,80.583806,0.653113,0.962076,1.331687,39.838656
Humanoid\m176_04_flipped.obj,0.809710,0.007288,88.371394,0.653113,0.962076,5.496481,39.838656,0.809710,0.007632,80.583806,0.653113,0.962076,5.755946,39.838656
Humanoid\m176_05_scaled.obj,0.893872,0.008453,88.371363,0.653113,1.010840,1.361805,39.838663,0.893872,0.008852,80.583457,0.653113,1.010840,1.426092,39.838663
Humanoid\m176_unified.obj,0.893872,0.008453,88.371363,0.653113,1.010840,1.361805,39.838663,0.893872,0.008852,80.583457,0.653113,1.010840,1.426092,39.838663
Humanoid\m215_00_original.obj,0.615005,0.006868,43.609790,0.677847,0.951280,1.833680,165.659670,0.615005,0.006872,43.553439,0.677847,0.951280,1.834865,165.659670
Humanoid\m215_01_remeshed.obj,0.612739,0.006868,43.129534,0.675350,0.951280,1.643884,158.479825,0.612739,0.006868,43.129534,0.675350,0.951280,1.643884,158.479825
Humanoid\m215_02_translated.obj,0.612739,0.006868,43.129441,0.675349,0.951280,3.505937,158.479730,0.612739,0.006868,43.129441,0.675349,0.951280,3.505937,158.479730
Humanoid\m215_03_aligned.obj,0.612739,0.006868,43.129402,0.706933,0.951280,19.475934,158.479766,0.612739,0.006868,43.129402,0.706933,0.951280,19.475934,158.479766
Humanoid\m215_04_flipped.obj,0.612739,0.006868,43.129402,0.706933,0.951280,15.778888,158.479766,0.612739,0.006868,43.129402,0.706933,0.951280,15.778888,158.479766
Humanoid\m215_05_scaled.obj,0.678251,0.007998,43.129463,0.706934,1.000843,4.025896,158.479815,0.678251,0.007998,43.129463,0.706934,1.000843,4.025896,158.479815
Humanoid\m215_unified.obj,0.678251,0.007998,43.129463,0.706934,1.000843,4.025896,158.479815,0.678251,0.007998,43.129463,0.706934,1.000843,4.025896,158.479815
Humanoid\m221_00_original.obj,0.590131,0.012943,10.848048,0.245470,0.955243,0.950052,47.745908,0.590126,0.012941,10.849745,0.245469,0.955243,0.949968,47.735414
Humanoid\m221_01_remeshed.obj,0.589981,0.012942,10.840749,0.245408,0.955243,1.642967,54.989476,0.589984,0.012942,10.840716,0.245409,0.955243,1.642984,54.987365
Humanoid\m221_02_translated.obj,0.589980,0.012942,10.840747,0.245408,0.955243,2.026788,54.989520,0.589984,0.012942,10.840713,0.245409,0.955243,2.026810,54.987410
Humanoid\m221_03_aligned.obj,0.589980,0.012942,10.840745,0.248458,0.955242,1.341273,54.989469,0.589984,0.012942,10.840710,0.248460,0.955242,1.341288,54.987359
Humanoid\m221_04_flipped.obj,0.589980,0.012942,10.840745,0.248458,0.955242,1.341273,54.989469,0.589984,0.012942,10.840710,0.248460,0.955242,1.341288,54.987359
Humanoid\m221_05_scaled.obj,0.652525,0.015054,10.840760,0.248458,1.004601,1.230982,54.989489,0.652529,0.015054,10.840725,0.248460,1.004601,1.230995,54.987378
Humanoid\m221_unified.obj,0.652525,0.015054,10.840760,0.248458,1.004601,1.230982,54.989489,0.652529,0.015054,10.840725,0.248460,1.004601,1.230995,54.987378
Humanoid\m226_00_original.obj,0.838067,0.021013,11.787309,0.345841,0.955307,56.024622,25.587541,0.838067,0.021013,11.787309,0.345841,0.955307,56.024622,25.587541
Humanoid\m226_01_remeshed.obj,0.838067,0.021013,11.787310,0.345841,0.955307,78.911688,31.736372,0.838067,0.021013,11.787310,0.345841,0.955307,78.911688,31.736372
Humanoid\m226_02_translated.obj,0.838067,0.021013,11.787307,0.345841,0.955307,3.277002,31.736395,0.838067,0.021013,11.787307,0.345841,0.955307,3.277002,31.736395
Humanoid\m226_03_aligned.obj,0.838067,0.021013,11.787326,0.342607,0.955308,3.008630,31.736379,0.838067,0.021013,11.787326,0.342607,0.955308,3.008630,31.736379
Humanoid\m226_04_flipped.obj,0.838067,0.021013,11.787326,0.342607,0.955308,1.876917,31.736379,0.838067,0.021013,11.787326,0.342607,0.955308,1.876917,31.736379
Humanoid\m226_05_scaled.obj,0.926855,0.024439,11.787306,0.342607,1.004639,1.809913,31.736379,0.926855,0.024439,11.787306,0.342607,1.004639,1.809913,31.736379
Humanoid\m226_unified.obj,0.926855,0.024439,11.787306,0.342607,1.004639,1.809913,31.736379,0.926855,0.024439,11.787306,0.342607,1.004639,1.809913,31.736379
Humanoid\m232_00_original.obj,0.781158,0.018041,12.949526,0.298108,0.976265,0.531997,22.886875,0.781158,0.018041,12.949526,0.298108,0.976265,0.531997,22.886875
Humanoid\m232_01_remeshed.obj,0.781158,0.018041,12.949526,0.298108,0.976265,0.531603,26.005869,0.781158,0.018041,12.949526,0.298108,0.976265,0.531603,26.005869
Humanoid\m232_02_translated.obj,0.781158,0.018041,12.949513,0.298108,0.976265,1.046260,26.005866,0.781158,0.018041,12.949513,0.298108,0.976265,1.046260,26.005866
Humanoid\m232_03_aligned.obj,0.781158,0.018041,12.949531,0.299135,0.976265,2.449185,26.005864,0.781158,0.018041,12.949531,0.299135,0.976265,2.449185,26.005864
Humanoid\m232_04_flipped.obj,0.781158,0.018041,12.949531,0.299135,0.976265,2.449185,26.005864,0.781158,0.018041,12.949531,0.299135,0.976265,2.449185,26.005864
Humanoid\m232_05_scaled.obj,0.864145,0.020991,12.949523,0.299135,1.026814,1.050637,26.005867,0.864145,0.020991,12.949523,0.299135,1.026814,1.050637,26.005867
Humanoid\m232_unified.obj,0.864145,0.020991,12.949523,0.299135,1.026814,1.050637,26.005867,0.864145,0.020991,12.949523,0.299135,1.026814,1.050637,26.005867
Humanoid\m233_00_original.obj,0.922278,0.018274,20.770958,0.371798,1.028820,0.454089,55.426965,0.922278,0.018274,20.770958,0.371798,1.028820,0.454089,55.426965
Humanoid\m233_01_remeshed.obj,0.922278,0.018274,20.770947,0.371798,1.028820,0.457576,59.379879,0.922278,0.018274,20.770947,0.371798,1.028820,0.457576,59.379879
Humanoid\m233_02_translated.obj,0.922279,0.018274,20.770964,0.371798,1.028820,0.764359,59.379937,0.922279,0.018274,20.770964,0.371798,1.028820,0.764359,59.379937
Humanoid\m233_03_aligned.obj,0.922278,0.018274,20.770958,0.361939,1.028820,16.687811,59.379927,0.922278,0.018274,20.770958,0.361939,1.028820,16.687811,59.379927
Humanoid\m233_04_flipped.obj,0.922278,0.018274,20.770958,0.361939,1.028820,16.687811,59.379927,0.922278,0.018274,20.770958,0.361939,1.028820,16.687811,59.379927
Humanoid\m233_05_scaled.obj,1.010218,0.020949,20.770976,0.361938,1.076753,1.644639,59.379948,1.010218,0.020949,20.770976,0.361938,1.076753,1.644639,59.379948
Humanoid\m233_unified.obj,1.010218,0.020949,20.770976,0.361938,1.076753,1.644639,59.379948,1.010218,0.020949,20.770976,0.361938,1.076753,1.644639,59.379948
Humanoid\m251_00_original.obj,0.439048,0.007881,12.047051,0.229496,0.959196,0.860358,64.714261,0.439235,0.007827,12.231302,0.229594,0.959196,0.854399,64.720453
Humanoid\m251_02_translated.obj,0.439048,0.007879,12.053706,0.229496,0.959196,2.687559,64.714261,0.439235,0.007878,12.074253,0.229594,0.959196,2.686986,64.720453
Humanoid\m251_03_aligned.obj,0.439048,0.007879,12.053711,0.229267,0.959196,1.247095,64.714234,0.439235,0.007878,12.074255,0.229365,0.959196,1.246829,64.720426
Humanoid\m251_04_flipped.obj,0.439048,0.007879,12.053711,0.229267,0.959196,1.275689,64.714234,0.439235,0.007878,12.074255,0.229365,0.959196,1.275417,64.720426
Humanoid\m251_05_scaled.obj,0.486798,0.009199,12.053708,0.229267,1.010011,0.942846,64.714266,0.487006,0.009197,12.074252,0.229365,1.010011,0.942645,64.720458
Humanoid\m251_unified.obj,0.486798,0.009199,12.053708,0.229267,1.010011,0.942846,64.714266,0.487006,0.009197,12.074252,0.229365,1.010011,0.942645,64.720458
Humanoid\m255_00_original.obj,0.973829,0.016117,31.437808,0.418167,0.952085,0.667461,108.816911,1.043053,0.017171,34.032279,0.447892,0.952085,0.711119,108.907955
Humanoid\m255_01_remeshed.obj,0.921755,0.016137,26.592075,0.395888,0.952085,0.997355,76.264261,1.006946,0.020824,20.818730,0.432477,0.952085,1.287018,76.455210
Humanoid\m255_02_translated.obj,0.921755,0.015410,29.160481,0.395887,0.952085,1.674585,76.264311,1.006946,0.016331,33.847550,0.432476,0.952085,1.774708,76.455260
Humanoid\m255_03_aligned.obj,0.921755,0.015410,29.160458,0.397669,0.952085,2.268318,76.264284,1.006946,0.016331,33.847573,0.434423,0.952085,2.403938,76.455233
Humanoid\m255_04_flipped.obj,0.921755,0.015410,29.160458,0.397669,0.952085,4.978852,76.264284,1.006946,0.016331,33.847573,0.434423,0.952085,5.276531,76.455233
Humanoid\m255_05_scaled.obj,1.021173,0.017969,29.160492,0.397670,1.002115,5.426464,76.264278,1.115552,0.019043,33.847567,0.434423,1.002115,5.750910,76.455227
Humanoid\m255_unified.obj,1.021173,0.017969,29.160492,0.397670,1.002115,5.426464,76.264278,1.115552,0.019043,33.847567,0.434423,1.002115,5.750910,76.455227
Insect\D00081_00_original.obj,1.869928,0.018837,162.935037,0.220410,1.744667,0.245897,5.866753,1.869928,0.018837,162.935037,0.220410,1.744667,0.245897,5.866753
Insect\D00081_01_remeshed.obj,1.869927,0.018837,162.935084,0.220410,1.744667,0.246728,12.004937,1.869927,0.018837,162.935084,0.220410,1.744667,0.246728,12.004937
Insect\D00081_02_translated.obj,1.869930,0.018837,162.933307,0.220410,1.744667,0.286267,12.004939,1.869930,0.018837,162.933307,0.220410,1.744667,0.286267,12.004939
Insect\D00081_03_aligned.obj,1.869928,0.018837,162.935785,0.207137,1.744667,0.247890,12.004936,1.869928,0.018837,162.935785,0.207137,1.744667,0.247890,12.004936
Insect\D00081_04_flipped.obj,1.869928,0.018837,162.935785,0.207137,1.744667,0.156961,12.004936,1.869928,0.018837,162.935785,0.207137,1.744667,0.156961,12.004936
Insect\D00081_05_scaled.obj,0.624144,0.003632,162.935056,0.207137,1.007958,10.403518,12.004935,0.624144,0.003632,162.935056,0.207137,1.007958,10.403518,12.004935
Insect\D00081_unified.obj,0.624144,0.003632,162.935056,0.207137,1.007958,10.403518,12.004935,0.624144,0.003632,162.935056,0.207137,1.007958,10.403518,12.004935
Insect\D00788_00_original.obj,1.611280,0.020300,89.760192,0.181836,1.743150,0.075847,3.501914,1.757690,0.019961,120.511433,0.198358,1.743150,0.074580,3.507606
Insect\D00788_01_remeshed.obj,1.610743,0.020279,89.852308,0.181911,1.741459,1.035707,3.776325,1.757058,0.019965,120.328016,0.198436,1.741459,1.019666,3.779529
Insect\D00788_02_translated.obj,1.610743,0.020287,89.785868,0.181911,1.741459,1.185106,3.776325,1.757058,0.019960,120.392124,0.198436,1.741459,1.166009,3.779530
Insect\D00788_03_aligned.obj,1.610743,0.020287,89.786131,0.196267,1.741459,0.882808,3.776325,1.757058,0.019960,120.392248,0.214096,1.741459,0.868583,3.779530
Insect\D00788_04_flipped.obj,1.610743,0.020287,89.786131,0.196267,1.741459,0.101913,3.776325,1.757058,0.019960,120.392248,0.214096,1.741459,0.100271,3.779530
Insect\D00788_05_scaled.obj,0.644533,0.005135,89.785858,0.196267,1.101598,0.101913,3.776325,0.703081,0.005052,120.392045,0.214095,1.101598,0.100271,3.779529
Insect\D00788_unified.obj,0.644533,0.005135,89.785858,0.196267,1.101598,0.101913,3.776325,0.703081,0.005052,120.392045,0.214095,1.101598,0.100271,3.779529
Insect\D00855_00_original.obj,2.153216,0.106701,7.753107,0.253141,1.801405,1.178001,13.341865,2.153216,0.106701,7.753107,0.253141,1.801405,1.178001,13.341865
Insect\D00855_01_remeshed.obj,2.153216,0.106701,7.753108,0.253141,1.801405,4.091095,10.888522,2.153216,0.106701,7.753108,0.253141,1.801405,4.091095,10.888522
Insect\D00855_02_translated.obj,2.153216,0.106701,7.753105,0.253141,1.801405,23.075217,10.888522,2.153216,0.106701,7.753105,0.253141,1.801405,23.075217,10.888522
Insect\D00855_03_aligned.obj,2.153217,0.106701,7.753113,0.238797,1.801405,57.854750,10.888524,2.153217,0.106701,7.753113,0.238797,1.801405,57.854750,10.888524
Insect\D00855_04_flipped.obj,2.153217,0.106701,7.753113,0.238797,1.801405,57.854750,10.888524,2.153217,0.106701,7.753113,0.238797,1.801405,57.854750,10.888524
Insect\D00855_05_scaled.obj,0.673437,0.018663,7.753119,0.238796,1.007433,38.782771,10.888525,0.673437,0.018663,7.753119,0.238796,1.007433,38.782771,10.888525
Insect\D00855_unified.obj,0.673437,0.018663,7.753119,0.238796,1.007433,38.782771,10.888525,0.673437,0.018663,7.753119,0.238796,1.007433,38.782771,10.888525
Insect\m16_00_original.obj,0.354792,0.006138,10.480304,0.167055,1.076332,0.652158,5.083257,0.355191,0.006139,10.512642,0.167243,1.076332,0.652256,5.090230
Insect\m16_01_remeshed.obj,0.354792,0.006138,10.480320,0.167055,1.076332,1.774332,5.136067,0.355192,0.006139,10.512659,0.167243,1.076332,1.774597,5.138106
Insect\m16_02_translated.obj,0.354791,0.006139,10.477799,0.167054,1.076332,0.253891,5.136065,0.355191,0.006139,10.512625,0.167243,1.076332,0.253899,5.138104
Insect\m16_03_aligned.obj,0.354792,0.006139,10.477821,0.157329,1.076331,0.353744,5.136065,0.355192,0.006139,10.512647,0.157506,1.076331,0.353755,5.138104
Insect\m16_04_flipped.obj,0.354792,0.006139,10.477821,0.157329,1.076331,0.353744,5.136065,0.355192,0.006139,10.512647,0.157506,1.076331,0.353755,5.138104
Insect\m16_05_scaled.obj,0.355903,0.006168,10.477784,0.157329,1.078017,0.353097,5.136065,0.356304,0.006168,10.512611,0.157506,1.078017,0.353108,5.138104
Insect\m16_unified.obj,0.355903,0.006168,10.477784,0.157329,1.078017,0.353097,5.136065,0.356304,0.006168,10.512611,0.157506,1.078017,0.353108,5.138104
Insect\m22_00_original.obj,0.956783,0.027960,9.906128,0.374983,0.988143,0.887488,6.798147,0.956783,0.027960,9.906128,0.374983,0.988143,0.887488,6.798147
Insect\m22_01_remeshed.obj,0.956784,0.027960,9.906165,0.374984,0.988143,0.924405,8.900904,0.956784,0.027960,9.906165,0.374984,0.988143,0.924405,8.900904
Insect\m22_02_translated.obj,0.956780,0.027960,9.906058,0.374982,0.988143,11.507476,8.900911,0.956780,0.027960,9.906058,0.374982,0.988143,11.507476,8.900911
Insect\m22_03_aligned.obj,0.956783,0.027960,9.906145,0.319302,0.988144,1.795386,8.900915,0.956783,0.027960,9.906145,0.319302,0.988144,1.795386,8.900915
Insect\m22_04_flipped.obj,0.956783,0.027960,9.906145,0.319302,0.988144,6.266715,8.900915,0.956783,0.027960,9.906145,0.319302,0.988144,6.266715,8.900915
Insect\m22_05_scaled.obj,1.060149,0.032612,9.906139,0.319303,1.040151,18.103763,8.900912,1.060149,0.032612,9.906139,0.319303,1.040151,18.103763,8.900912
Insect\m22_unified.obj,1.060149,0.032612,9.906139,0.319303,1.040151,18.103763,8.900912,1.060149,0.032612,9.906139,0.319303,1.040151,18.103763,8.900912
Insect\m26_00_original.obj,0.717860,0.012217,21.913213,0.241263,1.020935,0.730127,6.051698,0.718510,0.012317,21.618429,0.241482,1.020935,0.736087,6.047587
Insect\m26_01_remeshed.obj,0.717860,0.012217,21.913207,0.241263,1.020935,0.718421,6.204539,0.718510,0.012317,21.618443,0.241482,1.020935,0.724285,6.201549
Insect\m26_02_translated.obj,0.717860,0.012277,21.700551,0.241263,1.020935,0.433763,6.204539,0.718510,0.012317,21.618454,0.241482,1.020935,0.435176,6.201549
Insect\m26_03_aligned.obj,0.717860,0.012277,21.700544,0.213369,1.020935,4.769057,6.204539,0.718510,0.012317,21.618444,0.213562,1.020935,4.784597,6.201549
Insect\m26_04_flipped.obj,0.717860,0.012277,21.700544,0.213369,1.020935,8.394104,6.204539,0.718510,0.012317,21.618444,0.213562,1.020935,8.421456,6.201549
Insect\m26_05_scaled.obj,0.727791,0.012533,21.700518,0.213369,1.027973,2.059212,6.204540,0.728450,0.012574,21.618418,0.213562,1.027973,2.065922,6.201549
Insect\m26_unified.obj,0.727791,0.012533,21.700518,0.213369,1.027973,2.059212,6.204540,0.728450,0.012574,21.618418,0.213562,1.027973,2.065922,6.201549
Insect\m6_00_original.obj,1.809244,0.038354,35.597616,0.535307,1.214161,0.578328,3.786829,1.861937,0.038267,38.975843,0.550897,1.214161,0.577017,3.787578
Insect\m6_01_remeshed.obj,1.804602,0.038454,35.140488,0.533933,1.214161,0.579838,3.783891,1.861494,0.038403,38.671592,0.550766,1.214161,0.579075,3.783892
Insect\m6_02_translated.obj,1.804603,0.038410,35.221336,0.533933,1.214161,8.051060,3.783894,1.861495,0.038380,38.718738,0.550766,1.214161,8.044809,3.783895
Insect\m6_03_aligned.obj,1.804601,0.038410,35.221251,0.545917,1.214161,0.669886,3.783891,1.861493,0.038380,38.718645,0.563128,1.214161,0.669366,3.783892
Insect\m6_04_flipped.obj,1.804601,0.038410,35.221251,0.545917,1.214161,0.669886,3.783891,1.861493,0.038380,38.718645,0.563128,1.214161,0.669366,3.783892
Insect\m6_05_scaled.obj,2.004369,0.044961,35.221344,0.545918,1.279600,0.669888,3.783891,2.067559,0.044926,38.718739,0.563129,1.279600,0.669368,3.783892
Insect\m6_unified.obj,2.004369,0.044961,35.221344,0.545918,1.279600,0.669888,3.783891,2.067559,0.044926,38.718739,0.563129,1.279600,0.669368,3.783892
Jet\m1147_00_original.obj,0.594250,0.007988,29.080294,0.216720,0.960578,0.386361,29.421043,0.595904,0.007084,37.288098,0.217323,0.960578,0.342625,29.500647
Jet\m1147_01_remeshed.obj,0.589311,0.007499,32.178500,0.214919,0.960578,0.368297,40.370867,0.592735,0.006437,44.442417,0.216168,0.960578,0.316123,40.364443
Jet\m1147_02_translated.obj,0.589311,0.007601,31.319945,0.214919,0.960578,0.617724,40.370814,0.592735,0.007737,30.758792,0.216167,0.960578,0.628774,40.364389
Jet\m1147_03_aligned.obj,0.589311,0.007601,31.320013,0.224828,0.960578,0.740467,40.370870,0.592735,0.007737,30.758882,0.226134,0.960578,0.753712,40.364446
Jet\m1147_04_flipped.obj,0.589311,0.007601,31.320013,0.224828,0.960578,2.608613,40.370870,0.592735,0.007737,30.758882,0.226134,0.960578,2.655276,40.364446
Jet\m1147_05_scaled.obj,0.649324,0.008791,31.320018,0.224828,1.008303,1.791203,40.370873,0.653097,0.008949,30.758851,0.226134,1.008303,1.823245,40.364448
Jet\m1147_unified.obj,0.649324,0.008791,31.320018,0.224828,1.008303,1.791203,40.370873,0.653097,0.008949,30.758851,0.226134,1.008303,1.823245,40.364448
Jet\m1176_00_original.obj,0.887400,0.000000,40035181763058909750888773976064.000000,0.411137,0.964503,0.000000,66.659779,0.443700,0.009402,8.737720,0.205569,0.964503,2.174637,66.659779
Jet\m1176_01_remeshed.obj,0.457967,0.000000,405616483195625363378901352448.000000,0.212179,0.964503,0.000000,72.821020,0.228983,0.001620,40.427255,0.106089,0.964503,0.082707,72.821020
Jet\m1176_02_translated.obj,0.457967,0.000000,2069550895623024011310435466739712.000000,0.212179,0.964503,0.000000,72.821047,0.228983,0.000836,152.016738,0.106089,0.964503,3.061932,72.821047
Jet\m1176_03_aligned.obj,0.457966,0.000000,799613906956530038826173701554176.000000,0.214046,0.964503,0.000000,72.821007,0.228983,0.000836,152.017494,0.107023,0.964503,0.587042,72.821007
Jet\m1176_04_flipped.obj,0.457966,0.000000,799613906956530038826173701554176.000000,0.214046,0.964503,0.000000,72.821007,0.228983,0.000836,152.017494,0.107023,0.964503,2.346585,72.821007
Jet\m1176_05_scaled.obj,0.503378,0.000000,1240546953699953783512835632922624.000000,0.214046,1.011191,0.000000,72.820994,0.251689,0.000963,152.018762,0.107023,1.011191,0.282852,72.820994
Jet\m1176_unified.obj,0.503378,0.000000,1240546953699953783512835632922624.000000,0.214046,1.011191,0.000000,72.820994,0.251689,0.000963,152.018762,0.107023,1.011191,0.282852,72.820994
Jet\m1178_00_original.obj,0.414939,0.003821,43.275830,0.302803,0.957393,0.745224,63.243937,0.370591,0.006113,12.041262,0.270440,0.957393,1.192450,63.446666
Jet\m1178_01_remeshed.obj,0.348972,0.004506,18.506021,0.254663,0.957393,0.868792,62.972002,0.399518,0.004909,23.397153,0.291549,0.957393,0.946476,62.967912
Jet\m1178_02_translated.obj,0.348972,0.003661,28.038451,0.254663,0.957393,2.785580,62.972081,0.399518,0.003694,41.319562,0.291549,0.957393,2.810823,62.967991
Jet\m1178_03_aligned.obj,0.348972,0.003661,28.038414,0.250261,0.957393,2.338138,62.972027,0.399518,0.003694,41.319375,0.286510,0.957393,2.359329,62.965284
Jet\m1178_04_flipped.obj,0.348972,0.003661,28.038414,0.250261,0.957393,3.073303,62.972027,0.399518,0.003694,41.319375,0.286510,0.957393,3.101157,62.965284
Jet\m1178_05_scaled.obj,0.383288,0.004214,28.038531,0.250262,1.003362,1.178744,62.972036,0.438805,0.004252,41.319817,0.286510,1.003362,1.189423,62.965294
Jet\m1178_unified.obj,0.383288,0.004214,28.038531,0.250262,1.003362,1.178744,62.972036,0.438805,0.004252,41.319817,0.286510,1.003362,1.189423,62.965294
Jet\m1179_00_original.obj,0.448033,0.002125,176.165937,0.263309,0.951279,0.138045,109.573868,0.753389,0.000655,8806.204323,0.442767,0.951279,0.042575,110.053551
Jet\m1179_01_remeshed.obj,0.446187,0.001748,257.059044,0.262224,0.951279,0.115894,135.248380,0.677191,0.000509,10597.339970,0.397985,0.951279,0.033750,135.087636
Jet\m1179_02_translated.obj,0.446187,0.001056,704.563791,0.262224,0.951279,0.339165,135.248480,0.677191,0.001447,1311.201577,0.397985,0.951279,0.464867,135.087738
Jet\m1179_03_aligned.obj,0.446187,0.001056,704.571343,0.252513,0.951279,0.114472,135.248342,0.677191,0.001448,1310.357868,0.383246,0.951279,0.156950,135.089531
Jet\m1179_04_flipped.obj,0.446187,0.001056,704.571343,0.252513,0.951279,0.114472,135.248342,0.677191,0.001448,1310.357868,0.383246,0.951279,0.156950,135.089531
Jet\m1179_05_scaled.obj,0.494745,0.001233,704.586460,0.252512,1.001706,0.133187,135.248338,0.750889,0.001690,1310.339193,0.383245,1.001706,0.182612,135.089529
Jet\m1179_unified.obj,0.494745,0.001233,704.586460,0.252512,1.001706,0.133187,135.248338,0.750889,0.001690,1310.339193,0.383245,1.001706,0.182612,135.089529
Jet\m1180_00_original.obj,0.644743,0.004901,98.641273,0.347669,0.970165,0.221988,49.762604,0.644734,0.004903,98.580933,0.347664,0.970165,0.222052,49.762604
Jet\m1180_01_remeshed.obj,0.644726,0.004901,98.633842,0.347659,0.970165,0.149824,53.373263,0.644726,0.004901,98.633842,0.347659,0.970165,0.149824,53.373263
Jet\m1180_02_translated.obj,0.644725,0.004901,98.633171,0.347659,0.970165,0.265274,53.373275,0.644725,0.004901,98.633171,0.347659,0.970165,0.265274,53.373275
Jet\m1180_03_aligned.obj,0.644726,0.004901,98.633539,0.346001,0.970166,0.399025,53.373292,0.644726,0.004901,98.633539,0.346001,0.970166,0.399025,53.373292
Jet\m1180_04_flipped.obj,0.644726,0.004901,98.633539,0.346001,0.970166,0.399025,53.373292,0.644726,0.004901,98.633539,0.346001,0.970166,0.399025,53.373292
Jet\m1180_05_scaled.obj,0.714115,0.005714,98.633508,0.346001,1.021040,0.493478,53.373280,0.714115,0.005714,98.633508,0.346001,1.021040,0.493478,53.373280
Jet\m1180_unified.obj,0.714115,0.005714,98.633508,0.346001,1.021040,0.493478,53.373280,0.714115,0.005714,98.633508,0.346001,1.021040,0.493478,53.373280
Jet\m1194_00_original.obj,0.827980,0.008214,74.380697,0.387369,0.950221,6.123740,46.716855,0.860703,0.007139,110.629452,0.402679,0.950221,0.603950,45.996861
Jet\m1194_01_remeshed.obj,0.827947,0.008214,74.370458,0.387354,0.950221,0.777269,60.471005,0.861615,0.005755,170.785005,0.403106,0.950221,0.450314,60.359139
Jet\m1194_02_translated.obj,0.827948,0.005387,172.898264,0.387354,0.950221,1.097294,60.470993,0.861616,0.005505,186.604915,0.403106,0.950221,1.268926,60.359127
Jet\m1194_03_aligned.obj,0.827948,0.005387,172.898504,0.386972,0.950221,40.280676,60.471018,0.861616,0.005505,186.605426,0.402708,0.950221,41.154165,60.359152
Jet\m1194_04_flipped.obj,0.827948,0.005387,172.898504,0.386972,0.950221,6.234915,60.471018,0.861616,0.005505,186.605426,0.402708,0.950221,6.371327,60.359152
Jet\m1194_05_scaled.obj,0.917393,0.006284,172.898670,0.386972,1.000231,0.558126,60.470991,0.954698,0.006421,186.605354,0.402708,1.000231,0.562529,60.359125
Jet\m1194_unified.obj,0.917393,0.006284,172.898670,0.386972,1.000231,0.558126,60.470991,0.954698,0.006421,186.605354,0.402708,1.000231,0.562529,60.359125
Jet\m1199_00_original.obj,0.505194,0.005554,36.963013,0.316957,0.953294,0.300922,76.421017,0.531436,0.005942,37.584410,0.333421,0.953294,0.321975,76.769845
Jet\m1199_01_remeshed.obj,0.503868,0.005612,35.914487,0.316125,0.953294,0.446676,81.928941,0.550463,0.003572,115.593295,0.345359,0.953294,0.284301,81.958203
Jet\m1199_02_translated.obj,0.503869,0.005398,38.813911,0.316125,0.953294,1.235474,81.928964,0.550464,0.004814,63.630739,0.345359,0.953294,1.101820,81.958227
Jet\m1199_03_aligned.obj,0.503868,0.005398,38.813754,0.312697,0.953293,2.466400,81.928989,0.550463,0.004814,63.630458,0.341614,0.953293,2.199585,81.958252
Jet\m1199_04_flipped.obj,0.503868,0.005398,38.813754,0.312697,0.953293,0.978098,81.928989,0.550463,0.004814,63.630458,0.341614,0.953293,0.872288,81.958252
Jet\m1199_05_scaled.obj,0.558334,0.006297,38.813710,0.312698,1.003495,0.802541,81.928969,0.609965,0.005616,63.630086,0.341614,1.003495,0.715723,81.958231
Jet\m1199_unified.obj,0.558334,0.006297,38.813710,0.312698,1.003495,0.802541,81.928969,0.609965,0.005616,63.630086,0.341614,1.003495,0.715723,81.958231
Jet\m1223_00_original.obj,0.626518,0.004970,88.014365,0.335203,0.950420,0.387117,65.744637,0.626518,0.004970,88.014365,0.335203,0.950420,0.387117,65.744637
Jet\m1223_01_remeshed.obj,0.626518,0.004970,88.014759,0.335203,0.950420,0.430542,83.765146,0.626518,0.004970,88.014759,0.335203,0.950420,0.430542,83.765146
Jet\m1223_02_translated.obj,0.626517,0.004970,88.014331,0.335203,0.950420,0.971588,83.764989,0.626517,0.004970,88.014331,0.335203,0.950420,0.971588,83.764989
Jet\m1223_03_aligned.obj,0.626518,0.004970,88.014284,0.333503,0.950420,1.248338,83.765231,0.626518,0.004970,88.014284,0.333503,0.950420,1.248338,83.765231
Jet\m1223_04_flipped.obj,0.626518,0.004970,88.014284,0.333503,0.950420,1.248338,83.765231,0.626518,0.004970,88.014284,0.333503,0.950420,1.248338,83.765231
Jet\m1223_05_scaled.obj,0.694180,0.005797,88.014322,0.333503,1.000426,1.138038,83.765226,0.694180,0.005797,88.014322,0.333503,1.000426,1.138038,83.765226
Jet\m1223_unified.obj,0.694180,0.005797,88.014322,0.333503,1.000426,1.138038,83.765226,0.694180,0.005797,88.014322,0.333503,1.000426,1.138038,83.765226
Jet\m1224_00_original.obj,0.397893,0.001544,233.620555,0.342025,0.950269,0.223011,96.143392,0.419856,0.001630,246.437640,0.360904,0.950269,0.435468,92.847043
Jet\m1224_01_remeshed.obj,0.397893,0.001544,233.620580,0.342025,0.950269,0.279232,134.286679,0.419856,0.001630,246.438860,0.360904,0.950269,3.900134,133.800658
Jet\m1224_02_translated.obj,0.397893,0.001606,216.049822,0.342025,0.950269,2.095049,134.287074,0.419855,0.001630,246.437896,0.360904,0.950269,2.126266,133.801052
Jet\m1224_03_aligned.obj,0.397893,0.001606,216.049238,0.344270,0.950270,0.529959,134.286616,0.419856,0.001630,246.437518,0.363273,0.950270,0.537855,133.800595
Jet\m1224_04_flipped.obj,0.397893,0.001606,216.049238,0.344270,0.950270,0.726043,134.286616,0.419856,0.001630,246.437518,0.363273,0.950270,0.736861,133.800595
Jet\m1224_05_scaled.obj,0.440682,0.001871,216.050713,0.344271,1.000061,28.303396,134.286561,0.465007,0.001899,246.437396,0.363273,1.000061,23.422426,133.800541
Jet\m1224_unified.obj,0.440682,0.001871,216.050713,0.344271,1.000061,28.303396,134.286561,0.465007,0.001899,246.437396,0.363273,1.000061,23.422426,133.800541
Jet\m1231_00_original.obj,0.649117,0.005002,96.675151,0.384119,0.963534,0.666048,58.148525,0.657515,0.007174,48.830972,0.389088,0.963534,0.955408,59.303158
Jet\m1231_01_remeshed.obj,0.610052,0.004922,82.852984,0.361002,0.963533,0.633803,116.230375,0.750721,0.005016,148.657572,0.444244,0.963533,0.645926,116.276127
Jet\m1231_02_translated.obj,0.610052,0.005002,80.235560,0.361002,0.963533,0.538895,116.230321,0.750721,0.004987,150.440191,0.444244,0.963533,0.537246,116.276073
Jet\m1231_03_aligned.obj,0.610051,0.005002,80.236165,0.348124,0.963533,8.716926,116.230327,0.750723,0.004987,150.442123,0.428397,0.963533,8.690273,116.244453
Jet\m1231_04_flipped.obj,0.610051,0.005002,80.236165,0.348124,0.963533,8.716926,116.230327,0.750723,0.004987,150.442123,0.428397,0.963533,8.690273,116.244453
Jet\m1231_05_scaled.obj,0.661485,0.005648,80.236289,0.348124,1.003329,3.092796,116.230325,0.814017,0.005630,150.442944,0.428398,1.003329,3.083334,116.244452
Jet\m1231_unified.obj,0.661485,0.005648,80.236289,0.348124,1.003329,3.092796,116.230325,0.814017,0.005630,150.442944,0.428398,1.003329,3.083334,116.244452
Jet\m1243_00_original.obj,0.661958,0.003706,186.714275,0.338473,0.974057,0.367841,60.347877,0.658764,0.003779,176.996139,0.336840,0.974057,0.375074,60.347877
Jet\m1243_01_remeshed.obj,0.615824,0.005229,75.512362,0.314883,0.974057,0.220696,78.761075,0.694785,0.005160,111.360502,0.355258,0.974057,0.217786,78.849229
Jet\m1243_02_translated.obj,0.615824,0.004982,83.207127,0.314883,0.974057,1.889099,78.761107,0.694785,0.005153,111.663399,0.355258,0.974057,1.954210,78.849261
Jet\m1243_03_aligned.obj,0.615823,0.004982,83.207269,0.308925,0.974057,0.297578,78.761154,0.694785,0.005153,111.664941,0.348537,0.974057,0.307834,78.846188
Jet\m1243_04_flipped.obj,0.615823,0.004982,83.207269,0.308925,0.974057,0.700248,78.761154,0.694785,0.005153,111.664941,0.348537,0.974057,0.724380,78.846188
Jet\m1243_05_scaled.obj,0.676554,0.005736,83.207709,0.308927,1.020957,0.686314,78.761141,0.763303,0.005934,111.664929,0.348538,1.020957,0.709968,78.846174
Jet\m1243_unified.obj,0.676554,0.005736,83.207709,0.308927,1.020957,0.686314,78.761141,0.763303,0.005934,111.664929,0.348538,1.020957,0.709968,78.846174
Jet\m1269_00_original.obj,0.170429,0.000162,1665.403716,0.144176,0.951071,0.131837,164.754598,0.174056,0.000054,15901.666613,0.147244,0.951071,0.092517,165.336110
Jet\m1269_01_remeshed.obj,0.170429,0.000162,1665.386149,0.144176,0.951071,0.143919,224.482270,0.174056,0.000054,15901.831166,0.147245,0.951071,0.008430,224.331451
Jet\m1269_02_translated.obj,0.170430,0.000032,41484.731997,0.144176,0.951071,0.067249,224.481777,0.174057,0.000054,15901.972208,0.147245,0.951071,0.105131,224.330957
Jet\m1269_03_aligned.obj,0.170429,0.000032,41477.592655,0.145914,0.951071,0.018072,224.481662,0.174056,0.000054,15901.891534,0.149020,0.951071,0.030124,224.330842
Jet\m1269_04_flipped.obj,0.170429,0.000032,41477.592655,0.145914,0.951071,0.018072,224.481662,0.174056,0.000054,15901.891534,0.149020,0.951071,0.030124,224.330842
Jet\m1269_05_scaled.obj,0.188828,0.000038,41484.601171,0.145914,1.001093,0.026361,224.481888,0.192847,0.000063,15901.455150,0.149020,1.001093,0.043945,224.331069
Jet\m1269_unified.obj,0.188828,0.000038,41484.601171,0.145914,1.001093,0.026361,224.481888,0.192847,0.000063,15901.455150,0.149020,1.001093,0.043945,224.331069
Jet\m1275_00_original.obj,0.431127,0.002298,134.181409,0.296242,0.957010,0.387213,22.049957,0.439741,0.001985,190.745118,0.302162,0.957010,0.366070,22.429816
Jet\m1275_01_remeshed.obj,0.431127,0.002298,134.180352,0.296242,0.957010,0.271005,17.891851,0.439741,0.001985,190.745112,0.302162,0.957010,0.448462,17.891974
Jet\m1275_02_translated.obj,0.431127,0.001826,212.476372,0.296242,0.957010,1.097096,17.891874,0.439742,0.001985,190.745070,0.302162,0.957010,0.444707,17.891997
Jet\m1275_03_aligned.obj,0.431127,0.001826,212.476341,0.296827,0.957011,0.569225,17.891877,0.439741,0.001985,190.744818,0.302759,0.957011,0.618873,17.892000
Jet\m1275_04_flipped.obj,0.431127,0.001826,212.476341,0.296827,0.957011,0.569225,17.891877,0.439741,0.001985,190.744818,0.302759,0.957011,0.618873,17.892000
Jet\m1275_05_scaled.obj,0.477101,0.002126,212.476286,0.296828,1.006744,0.541703,17.891878,0.486634,0.002311,190.745101,0.302759,1.006744,0.588950,17.892001
Jet\m1275_unified.obj,0.477101,0.002126,212.476286,0.296828,1.006744,0.541703,17.891878,0.486634,0.002311,190.745101,0.302759,1.006744,0.588950,17.892001
Jet\m1287_00_original.obj,0.339456,0.001021,331.932603,0.309794,0.953375,12.763390,58.795531,0.342812,0.001648,131.139892,0.312856,0.953375,20.607841,58.971591
Jet\m1287_01_remeshed.obj,0.339455,0.001021,331.931399,0.309793,0.953375,0.611728,62.031289,0.342811,0.001648,131.137618,0.312856,0.953375,0.520850,62.031116
Jet\m1287_02_translated.obj,0.339456,0.000734,642.068818,0.309794,0.953375,0.360499,62.031397,0.342812,0.001648,131.140657,0.312857,0.953375,1.495382,62.031222
Jet\m1287_03_aligned.obj,0.339456,0.000734,642.068738,0.313028,0.953374,0.324215,62.031510,0.342812,0.001648,131.139081,0.316123,0.953374,0.728058,62.031336
Jet\m1287_04_flipped.obj,0.339456,0.000734,642.068738,0.313028,0.953374,0.471768,62.031510,0.342812,0.001648,131.139081,0.316123,0.953374,1.059404,62.031336
Jet\m1287_05_scaled.obj,0.376077,0.000856,642.062036,0.313028,1.003484,0.169963,62.031512,0.379795,0.001922,131.140103,0.316123,1.003484,0.381666,62.031338
Jet\m1287_unified.obj,0.376077,0.000856,642.062036,0.313028,1.003484,0.169963,62.031512,0.379795,0.001922,131.140103,0.316123,1.003484,0.381666,62.031338
Jet\m1288_00_original.obj,0.832714,0.006855,108.634867,0.424353,0.950930,0.484218,40.211428,0.965091,0.008974,98.683879,0.491813,0.950930,0.633886,39.736029
Jet\m1288_01_remeshed.obj,0.832714,0.006855,108.634611,0.424353,0.950930,0.705049,61.231159,0.962293,0.008071,120.953264,0.490387,0.950930,0.830065,60.948204
Jet\m1288_02_translated.obj,0.832714,0.011194,40.743401,0.424353,0.950930,6.539810,61.231243,0.962293,0.006239,202.444404,0.490387,0.950930,2.101197,60.948288
Jet\m1288_03_aligned.obj,0.832714,0.011194,40.743182,0.406651,0.950930,1.864591,61.231238,0.962293,0.006239,202.443918,0.469930,0.950930,1.039145,60.948283
Jet\m1288_04_flipped.obj,0.832714,0.011194,40.743182,0.406651,0.950930,2.877385,61.231238,0.962293,0.006239,202.443918,0.469930,0.950930,1.603579,60.948283
Jet\m1288_05_scaled.obj,0.923924,0.013083,40.743291,0.406651,1.001657,2.822136,61.231241,1.067697,0.007291,202.443099,0.469930,1.001657,1.635030,60.948286
Jet\m1288_unified.obj,0.923924,0.013083,40.743291,0.406651,1.001657,2.822136,61.231241,1.067697,0.007291,202.443099,0.469930,1.001657,1.635030,60.948286
Jet\m1296_00_original.obj,0.784987,0.012606,26.912132,0.617146,0.951021,1.280291,151.181194,0.792069,0.008653,58.686647,0.622714,0.951021,0.878747,157.548086
Jet\m1296_01_remeshed.obj,0.784987,0.012606,26.912176,0.617146,0.951021,1.468671,244.133720,0.792069,0.008653,58.686704,0.622714,0.951021,13.241538,244.409513
Jet\m1296_02_translated.obj,0.784987,0.003191,419.934733,0.617146,0.951021,3.532578,244.133450,0.792069,0.008653,58.686666,0.622714,0.951021,17.775416,244.409243
Jet\m1296_03_aligned.obj,0.784988,0.003191,419.935387,0.616197,0.951022,1.777555,244.133388,0.792070,0.008653,58.686454,0.621756,0.951022,4.819432,244.409181
Jet\m1296_04_flipped.obj,0.784988,0.003191,419.935387,0.616197,0.951022,3.962181,244.133388,0.792070,0.008653,58.686454,0.621756,0.951022,10.742546,244.409181
Jet\m1296_05_scaled.obj,0.869662,0.003721,419.935210,0.616197,1.001001,1.808273,244.133691,0.877507,0.010090,58.686778,0.621756,1.001001,4.902705,244.409485
Jet\m1296_unified.obj,0.869662,0.003721,419.935210,0.616197,1.001001,1.808273,244.133691,0.877507,0.010090,58.686778,0.621756,1.001001,4.902705,244.409485
Knife\D01107_00_original.obj,0.054685,0.000081,222.249054,2.256317,0.217263,0.560817,193.180505,0.018228,0.000027,74.083018,0.752106,0.217263,0.186939,193.180505
Knife\D01107_01_remeshed.obj,0.018228,0.000027,74.084453,0.752109,0.217263,0.184953,312.797901,0.018228,0.000027,74.084458,0.752109,0.217263,0.184953,313.108154
Knife\D01107_02_translated.obj,0.018228,0.000027,74.084517,0.752109,0.217263,5.718900,312.797376,0.018228,0.000027,74.084518,0.752109,0.217263,5.718900,313.107628
Knife\D01107_03_aligned.obj,0.018228,0.000027,74.081483,0.789344,0.217263,15.577222,312.796254,0.018228,0.000027,74.081484,0.789344,0.217263,15.577222,312.954558
Knife\D01107_04_flipped.obj,0.018228,0.000027,74.081483,0.789344,0.217263,4.149215,312.796254,0.018228,0.000027,74.081484,0.789344,0.217263,4.149215,312.954558
Knife\D01107_05_scaled.obj,0.387949,0.002640,74.082414,0.789335,1.002309,3.311655,312.795886,0.387949,0.002640,74.082414,0.789335,1.002309,3.311655,313.106138
Knife\D01107_unified.obj,0.387949,0.002640,74.082414,0.789335,1.002309,3.311655,312.795886,0.387949,0.002640,74.082414,0.789335,1.002309,3.311655,313.106138
Knife\m722_00_original.obj,0.118054,0.000274,193.322357,0.272057,0.950015,0.134957,548.667457,0.123931,0.000483,72.244650,0.285600,0.950015,0.237457,554.083168
Knife\m722_01_remeshed.obj,0.118054,0.000274,193.327159,0.272057,0.950015,0.245575,1087.873870,0.123931,0.000483,72.245707,0.285600,0.950015,1.487813,1089.058984
Knife\m722_02_translated.obj,0.118054,0.000406,88.205673,0.272057,0.950015,0.711032,1087.871983,0.123931,0.000483,72.245019,0.285600,0.950015,1.962481,1089.057097
Knife\m722_03_aligned.obj,0.118054,0.000406,88.203386,0.270764,0.950015,0.606954,1087.870427,0.123931,0.000483,72.244773,0.284244,0.950015,0.721348,1089.055539
Knife\m722_04_flipped.obj,0.118054,0.000406,88.203386,0.270764,0.950015,0.614954,1087.870427,0.123931,0.000483,72.244773,0.284244,0.950015,0.730856,1089.055539
Knife\m722_05_scaled.obj,0.130803,0.000474,88.204371,0.270765,1.000000,0.539220,1087.870190,0.137315,0.000563,72.244626,0.284244,1.000000,0.640851,1089.055302
Knife\m722_unified.obj,0.130803,0.000474,88.204371,0.270765,1.000000,0.539220,1087.870190,0.137315,0.000563,72.244626,0.284244,1.000000,0.640851,1089.055302
Knife\m728_00_original.obj,0.452576,0.004744,36.420772,0.560266,0.980370,1.352227,83.487544,0.470127,0.004136,53.701178,0.581992,0.980370,1.179009,84.023450
Knife\m728_01_remeshed.obj,0.452545,0.004745,36.401311,0.560227,0.980370,1.712766,94.357917,0.467916,0.004131,53.069532,0.579256,0.980370,1.491397,94.386635
Knife\m728_02_translated.obj,0.452545,0.003869,54.752830,0.560228,0.980369,1.838677,94.357774,0.467916,0.004132,53.051802,0.579256,0.980369,1.996956,94.386491
Knife\m728_03_aligned.obj,0.452545,0.003869,54.752793,0.435112,0.980371,3.986266,94.357885,0.467916,0.004132,53.051645,0.449891,0.980371,4.257741,94.386603
Knife\m728_04_flipped.obj,0.452545,0.003869,54.752793,0.435112,0.980371,4.245377,94.357885,0.467916,0.004132,53.051645,0.449891,0.980371,4.534497,94.386603
Knife\m728_05_scaled.obj,0.470886,0.004106,54.752018,0.435112,1.000038,3.975729,94.357920,0.486880,0.004386,53.050995,0.449891,1.000038,4.246482,94.386638
Knife\m728_unified.obj,0.470886,0.004106,54.752018,0.435112,1.000038,3.975729,94.357920,0.486880,0.004386,53.050995,0.449891,1.000038,4.246482,94.386638
MilitaryVehicle\D00458_00_original.obj,8.811087,0.265463,85.827824,1.292064,1.908513,3.316703,7.936907,10.827441,0.254121,173.797914,1.587743,1.908513,3.306288,7.946752
MilitaryVehicle\D00458_01_remeshed.obj,8.385783,0.262689,75.560251,1.229697,1.908296,3.997658,10.316454,10.202303,0.258379,140.645796,1.496073,1.908296,17.042651,10.319335
MilitaryVehicle\D00458_02_translated.obj,8.385783,0.262508,75.664717,1.229697,1.908296,3.619345,10.316454,10.202302,0.258157,140.887864,1.496073,1.908296,10.820143,10.319335
MilitaryVehicle\D00458_03_aligned.obj,8.385781,0.262508,75.664822,1.327378,1.908296,7.467858,10.316455,10.202300,0.258157,140.887907,1.614913,1.908296,7.344091,10.319335
MilitaryVehicle\D00458_04_flipped.obj,8.385781,0.262508,75.664822,1.327378,1.908296,7.467858,10.316455,10.202300,0.258157,140.887907,1.614913,1.908296,7.344091,10.319335
MilitaryVehicle\D00458_05_scaled.obj,2.652913,0.046710,75.664747,1.327378,1.073337,5.593225,10.316455,3.227585,0.045936,140.888076,1.614913,1.073337,5.500522,10.319335
MilitaryVehicle\D00458_unified.obj,2.652913,0.046710,75.664747,1.327378,1.073337,5.593225,10.316455,3.227585,0.045936,140.888076,1.614913,1.073337,5.500522,10.319335
MilitaryVehicle\D00932_00_original.obj,10.128916,0.323732,87.672888,1.147580,1.737981,7.386052,5.411561,10.910334,0.309164,120.138637,1.236113,1.737981,7.053688,5.422022
MilitaryVehicle\D00932_01_remeshed.obj,9.952378,0.323221,83.431459,1.127653,1.737778,11.365662,5.081051,10.910072,0.336449,101.436079,1.236164,1.737778,11.830812,5.113939
MilitaryVehicle\D00932_02_translated.obj,9.952378,0.320693,84.752104,1.127653,1.737778,8.078101,5.081049,10.910072,0.338390,100.275760,1.236164,1.737778,8.523886,5.113937
MilitaryVehicle\D00932_03_aligned.obj,9.952377,0.320692,84.752200,1.404918,1.737778,46.125824,5.081051,10.910070,0.338390,100.275827,1.540109,1.737778,48.671259,5.113939
MilitaryVehicle\D00932_04_flipped.obj,9.952377,0.320692,84.752200,1.404918,1.737778,9.508633,5.081051,10.910070,0.338390,100.275827,1.540109,1.737778,10.033363,5.113939
MilitaryVehicle\D00932_05_scaled.obj,3.626342,0.070535,84.751818,1.404917,1.048975,8.035729,5.081051,3.975295,0.074427,100.275513,1.540108,1.048975,8.479171,5.113939
MilitaryVehicle\D00932_unified.obj,3.626342,0.070535,84.751818,1.404917,1.048975,8.035729,5.081051,3.975295,0.074427,100.275513,1.540108,1.048975,8.479171,5.113939
Monitor\D00339_00_original.obj,5.426974,0.210506,31.892762,0.871659,1.699594,156.277009,16.504883,5.430032,0.210494,31.950308,0.872150,1.699594,156.268194,16.478657
Monitor\D00339_01_remeshed.obj,5.426974,0.210506,31.892775,0.871659,1.699594,8.035964,27.958228,5.430032,0.210494,31.950321,0.872150,1.699594,8.035510,27.962927
Monitor\D00339_02_translated.obj,5.426974,0.210574,31.872203,0.871659,1.699594,23.016075,27.958222,5.430032,0.210494,31.950306,0.872150,1.699594,23.007358,27.962920
Monitor\D00339_03_aligned.obj,5.426974,0.210574,31.872226,0.779816,1.699594,3.834068,27.958228,5.430032,0.210494,31.950330,0.780255,1.699594,3.832616,27.962927
Monitor\D00339_04_flipped.obj,5.426974,0.210574,31.872226,0.779816,1.699594,10.335481,27.958228,5.430032,0.210494,31.950330,0.780255,1.699594,10.331567,27.962927
Monitor\D00339_05_scaled.obj,2.585452,0.069242,31.872228,0.779816,1.173098,5.339469,27.958230,2.586909,0.069216,31.950332,0.780255,1.173098,5.337447,27.962929
Monitor\D00339_unified.obj,2.585452,0.069242,31.872228,0.779816,1.173098,5.339469,27.958230,2.586909,0.069216,31.950332,0.780255,1.173098,5.337447,27.962929
Monitor\D00548_00_original.obj,8.283691,0.184634,147.433617,0.829823,1.962518,1.417680,32.877987,14.522491,0.292045,317.520521,1.454799,1.962518,2.242416,32.539154
Monitor\D00548_01_remeshed.obj,8.152843,0.185069,139.896408,0.816716,1.962518,21.880823,26.165772,14.522488,0.292045,317.520727,1.454798,1.962518,34.528586,26.142159
Monitor\D00548_02_translated.obj,8.152845,0.208689,110.021415,0.816716,1.962518,9.430997,26.165753,14.522490,0.292045,317.520361,1.454799,1.962518,13.198006,26.142141
Monitor\D00548_03_aligned.obj,8.152844,0.208689,110.021016,1.123735,1.962518,3.575617,26.165756,14.522489,0.292045,317.520040,2.001685,1.962518,5.003814,26.142144
Monitor\D00548_04_flipped.obj,8.152844,0.208689,110.021016,1.123735,1.962518,4.850776,26.165756,14.522489,0.292045,317.520040,2.001685,1.962518,6.788306,26.142144
Monitor\D00548_05_scaled.obj,2.830067,0.042681,110.021391,1.123735,1.156264,9.491338,26.165758,5.041139,0.059728,317.520423,2.001686,1.156264,13.282446,26.142146
Monitor\D00548_unified.obj,2.830067,0.042681,110.021391,1.123735,1.156264,9.491338,26.165758,5.041139,0.059728,317.520423,2.001686,1.156264,13.282446,26.142146
Monoplane\D00169_00_original.obj,2.511048,0.047926,60.948510,0.283110,1.909967,0.901561,80.856146,2.516386,0.047407,62.690449,0.283712,1.909967,0.891783,80.714158
Monoplane\D00169_01_remeshed.obj,2.511048,0.047926,60.948400,0.283110,1.909967,0.807976,83.007674,2.516386,0.047407,62.690337,0.283712,1.909967,0.799213,82.969009
Monoplane\D00169_02_translated.obj,2.511046,0.047599,61.790238,0.283110,1.909967,0.912045,83.007688,2.516385,0.047407,62.690429,0.283712,1.909967,0.908362,82.969023
Monoplane\D00169_03_aligned.obj,2.511048,0.047599,61.790158,0.266195,1.909967,0.447567,83.007660,2.516386,0.047407,62.690343,0.266761,1.909967,0.445760,82.968995
Monoplane\D00169_04_flipped.obj,2.511048,0.047599,61.790158,0.266195,1.909967,1.352659,83.007660,2.516386,0.047407,62.690343,0.266761,1.909967,1.347197,82.968995
Monoplane\D00169_05_scaled.obj,0.704132,0.007068,61.790284,0.266196,1.011405,1.048002,83.007655,0.705629,0.007039,62.690464,0.266761,1.011405,1.043770,82.968990
Monoplane\D00169_unified.obj,0.704132,0.007068,61.790284,0.266196,1.011405,1.048002,83.007655,0.705629,0.007039,62.690464,0.266761,1.011405,1.043770,82.968990
Monoplane\D00925_00_original.obj,2.550475,0.051500,55.308457,0.280947,1.955863,0.409732,34.660668,2.567182,0.053483,52.297545,0.282788,1.955863,0.425509,34.555894
Monoplane\D00925_01_remeshed.obj,2.550475,0.051500,55.308443,0.280947,1.955863,0.861254,41.685411,2.567182,0.053483,52.297511,0.282788,1.955863,0.895862,41.650193
Monoplane\D00925_02_translated.obj,2.550474,0.051595,55.105561,0.280947,1.955863,0.891059,41.685413,2.567182,0.053483,52.297333,0.282788,1.955863,0.923672,41.650195
Monoplane\D00925_03_aligned.obj,2.550474,0.051595,55.105717,0.279470,1.955863,0.529498,41.685416,2.567181,0.053483,52.297463,0.281300,1.955863,0.581691,41.650198
Monoplane\D00925_04_flipped.obj,2.550474,0.051595,55.105717,0.279470,1.955863,0.574859,41.685416,2.567181,0.053483,52.297463,0.281300,1.955863,0.549384,41.650198
Monoplane\D00925_05_scaled.obj,0.670624,0.006957,55.105688,0.279470,1.002923,0.432226,41.685412,0.675017,0.007211,52.297556,0.281300,1.002923,0.448045,41.650195
Monoplane\D00925_unified.obj,0.670624,0.006957,55.105688,0.279470,1.002923,0.432226,41.685412,0.675017,0.007211,52.297556,0.281300,1.002923,0.448045,41.650195
Motorcycle\D00021_00_original.obj,7.929833,0.307153,46.733726,0.904937,1.854978,2.701558,13.755351,10.765874,0.253713,171.399742,1.228580,1.854978,2.231528,13.742658
Motorcycle\D00021_01_remeshed.obj,7.928150,0.307188,46.693229,0.904745,1.854978,2.701869,13.755351,10.878281,0.262371,165.347084,1.241408,1.854978,2.307680,13.748022
Motorcycle\D00021_02_translated.obj,7.928150,0.318031,43.563573,0.904745,1.854978,2.840211,13.755351,10.878281,0.262347,165.377382,1.241408,1.854978,2.342917,13.748022
Motorcycle\D00021_03_aligned.obj,7.928148,0.318031,43.563538,0.891307,1.854978,22.129855,13.755350,10.878278,0.262347,165.377327,1.222970,1.854978,18.255123,13.748021
Motorcycle\D00021_04_flipped.obj,7.928148,0.318031,43.563538,0.891307,1.854978,22.129855,13.755350,10.878278,0.262347,165.377327,1.222970,1.854978,18.255123,13.748021
Motorcycle\D00021_05_scaled.obj,2.637244,0.061015,43.563484,0.891306,1.069863,21.381248,13.755349,3.618584,0.050332,165.377305,1.222969,1.069863,17.637581,13.748021
Motorcycle\D00021_unified.obj,2.637244,0.061015,43.563484,0.891306,1.069863,21.381248,13.755349,3.618584,0.050332,165.377305,1.222969,1.069863,17.637581,13.748021
Motorcycle\D00858_00_original.obj,6.026261,0.110036,159.817206,0.634734,1.861987,3.387468,14.317176,6.026261,0.110036,159.817206,0.634734,1.861987,3.387468,14.317176
Motorcycle\D00858_01_remeshed.obj,6.014919,0.109975,159.092635,0.633540,1.861987,0.968057,16.884178,6.014919,0.109975,159.092635,0.633540,1.861987,0.968057,16.884178
Motorcycle\D00858_02_translated.obj,6.014919,0.109975,159.092569,0.633540,1.861987,6.032373,16.884179,6.014919,0.109975,159.092569,0.633540,1.861987,6.032373,16.884179
Motorcycle\D00858_03_aligned.obj,6.014919,0.109975,159.092694,0.678947,1.861987,57.851861,16.884179,6.014919,0.109975,159.092694,0.678947,1.861987,57.851861,16.884179
Motorcycle\D00858_04_flipped.obj,6.014919,0.109975,159.092694,0.678947,1.861987,1.679128,16.884179,6.014919,0.109975,159.092694,0.678947,1.861987,1.679128,16.884179
Motorcycle\D00858_05_scaled.obj,1.778741,0.017686,159.092560,0.678947,1.012554,11.510574,16.884179,1.778741,0.017686,159.092560,0.678947,1.012554,11.510574,16.884179
Motorcycle\D00858_unified.obj,1.778741,0.017686,159.092560,0.678947,1.012554,11.510574,16.884179,1.778741,0.017686,159.092560,0.678947,1.012554,11.510574,16.884179
Motorcycle\m1483_00_original.obj,2.267772,0.020101,255.228887,1.168185,0.983549,1.234722,37.379282,2.975219,0.030996,242.378601,1.532609,0.983549,1.903997,37.202664
Motorcycle\m1483_01_remeshed.obj,2.252055,0.020079,250.500402,1.160089,0.983536,1.639726,34.831628,2.265928,0.019888,260.076551,1.167235,0.983536,1.624148,34.759189
Motorcycle\m1483_02_translated.obj,2.252055,0.020074,250.611623,1.160089,0.983536,3.511498,34.831630,2.265928,0.020002,257.112151,1.167235,0.983536,3.498907,34.759192
Motorcycle\m1483_03_aligned.obj,2.252055,0.020074,250.611582,1.158338,0.983536,3.522178,34.831627,2.265928,0.020002,257.112275,1.165473,0.983536,3.509548,34.773286
Motorcycle\m1483_04_flipped.obj,2.252055,0.020074,250.611582,1.158338,0.983536,14.791843,34.831627,2.265928,0.020002,257.112275,1.165473,0.983536,14.738801,34.773286
Motorcycle\m1483_05_scaled.obj,2.538435,0.024023,250.611697,1.158337,1.044200,27.101522,34.831634,2.554072,0.023937,257.112545,1.165473,1.044200,27.004335,34.755592
Motorcycle\m1483_unified.obj,2.538435,0.024023,250.611697,1.158337,1.044200,27.101522,34.831634,2.554072,0.023937,257.112545,1.165473,1.044200,27.004335,34.755592
Mug\D00728_00_original.obj,11.915109,0.196199,388.549805,0.894033,1.927269,2630.814366,5.539594,11.915214,0.196224,388.462561,0.894041,1.927269,2631.144502,5.539727
Mug\D00728_01_remeshed.obj,11.915109,0.196199,388.549805,0.894033,1.927269,2630.814366,5.539594,11.915214,0.196224,388.462561,0.894041,1.927269,2631.144502,5.539727
Mug\D00728_02_translated.obj,11.915110,0.196199,388.552702,0.894033,1.927269,2.730413,5.539593,11.915215,0.196224,388.462349,0.894041,1.927269,2.730766,5.539726
Mug\D00728_03_aligned.obj,11.915109,0.196199,388.552528,0.803252,1.927270,4.424086,5.539593,11.915214,0.196224,388.462178,0.803259,1.927270,4.424659,5.539727
Mug\D00728_04_flipped.obj,11.915109,0.196199,388.552528,0.803252,1.927270,5.260644,5.539593,11.915214,0.196224,388.462178,0.803259,1.927270,5.261325,5.539727
Mug\D00728_05_scaled.obj,3.219339,0.027555,388.552944,0.803252,1.001790,1.482798,5.539593,3.219367,0.027558,388.462591,0.803259,1.001790,1.482990,5.539727
Mug\D00728_unified.obj,3.219339,0.027555,388.552944,0.803252,1.001790,1.482798,5.539593,3.219367,0.027558,388.462591,0.803259,1.001790,1.482990,5.539727
Mug\D00825_00_original.obj,12.797677,0.186973,530.131773,0.787092,1.825484,1.138756,2.762499,12.813710,0.184743,545.047400,0.788078,1.825484,1.125178,2.760259
Mug\D00825_01_remeshed.obj,12.797677,0.186973,530.131332,0.787092,1.825484,4.931493,4.827601,12.813710,0.184744,545.046950,0.788078,1.825484,4.872691,4.825498
Mug\D00825_02_translated.obj,12.797677,0.187721,525.916008,0.787092,1.825484,3.910260,4.827602,12.813711,0.184743,545.049098,0.788078,1.825484,3.848236,4.825499
Mug\D00825_03_aligned.obj,12.797676,0.187721,525.916905,0.831070,1.825484,0.972570,4.827601,12.813710,0.184743,545.050007,0.832111,1.825484,0.957143,4.825498
Mug\D00825_04_flipped.obj,12.797676,0.187721,525.916905,0.831070,1.825484,0.972570,4.827601,12.813710,0.184743,545.050007,0.832111,1.825484,0.957143,4.825498
Mug\D00825_05_scaled.obj,3.942340,0.032096,525.912060,0.831069,1.013187,6.102545,4.827602,3.947279,0.031587,545.044947,0.832110,1.013187,6.005747,4.825499
Mug\D00825_unified.obj,3.942340,0.032096,525.912060,0.831069,1.013187,6.102545,4.827602,3.947279,0.031587,545.044947,0.832110,1.013187,6.005747,4.825499
Mug\D00923_00_original.obj,18.228615,0.559226,171.251452,1.319556,1.822248,3.208061,1.928529,9.236888,0.280534,88.542840,0.668652,1.822248,1.609315,1.928529
Mug\D00923_01_remeshed.obj,9.236888,0.283920,86.443869,0.668652,1.822248,2.548198,1.921243,9.236888,0.249167,112.238936,0.668652,1.822248,2.236292,1.921243
Mug\D00923_02_translated.obj,9.236890,0.285244,85.643223,0.668652,1.822248,14.100255,1.921243,9.236890,0.249167,112.239072,0.668652,1.822248,12.316901,1.921243
Mug\D00923_03_aligned.obj,9.236890,0.285244,85.643270,0.900171,1.822249,1.457946,1.921243,9.236890,0.249167,112.239087,0.900171,1.822249,1.273550,1.921243
Mug\D00923_04_flipped.obj,9.236890,0.285244,85.643270,0.900171,1.822249,3.434893,1.921243,9.236890,0.249167,112.239087,0.900171,1.822249,3.000459,1.921243
Mug\D00923_05_scaled.obj,4.435359,0.094912,85.643276,0.900172,1.262725,5.470177,1.921244,4.435359,0.082908,112.239075,0.900172,1.262725,4.778328,1.921244
Mug\D00923_unified.obj,4.435359,0.094912,85.643276,0.900172,1.262725,5.470177,1.921244,4.435359,0.082908,112.239075,0.900172,1.262725,4.778328,1.921244
MultiSeat\D00046_00_original.obj,9.092865,0.727818,12.548863,0.699894,1.885795,2.967209,3.540649,9.092950,0.727826,12.548936,0.699900,1.885795,2.967242,3.535641
MultiSeat\D00046_01_remeshed.obj,9.092864,0.727818,12.548861,0.699894,1.885795,6.775443,4.076011,9.092949,0.727826,12.548934,0.699900,1.885795,6.775518,4.075427
MultiSeat\D00046_02_translated.obj,9.092865,0.727815,12.548974,0.699894,1.885795,8.565384,4.076011,9.092950,0.727826,12.548932,0.699900,1.885795,8.565519,4.075427
MultiSeat\D00046_03_aligned.obj,9.092864,0.727814,12.548978,0.862398,1.885795,3.487351,4.076011,9.092949,0.727826,12.548936,0.862407,1.885795,3.487406,4.075427
MultiSeat\D00046_04_flipped.obj,9.092864,0.727814,12.548978,0.862398,1.885795,3.487351,4.076011,9.092949,0.727826,12.548936,0.862407,1.885795,3.487406,4.075427
MultiSeat\D00046_05_scaled.obj,4.792976,0.278534,12.548978,0.862399,1.369136,1.460193,4.076012,4.793021,0.278538,12.548936,0.862407,1.369136,1.460216,4.075427
MultiSeat\D00046_unified.obj,4.792976,0.278534,12.548978,0.862399,1.369136,1.460193,4.076012,4.793021,0.278538,12.548936,0.862407,1.369136,1.460216,4.075427
MultiSeat\D00263_00_original.obj,10.144794,0.634465,22.933045,0.938161,1.955855,8.347015,8.236470,12.889359,0.686529,40.172027,1.191971,1.955855,9.031967,8.234608
MultiSeat\D00263_01_remeshed.obj,10.133201,0.634289,22.867221,0.937124,1.955734,25.001996,9.196175,12.936272,0.668597,42.819911,1.196353,1.955734,26.354346,9.182645
MultiSeat\D00263_02_translated.obj,10.133199,0.672016,20.371745,0.937124,1.955734,17.794130,9.196175,12.936269,0.668597,42.819881,1.196353,1.955734,17.703611,9.182645
MultiSeat\D00263_03_aligned.obj,10.133199,0.672016,20.371744,1.029536,1.955733,8.840051,9.196174,12.936271,0.668597,42.819905,1.314329,1.955733,8.795082,9.182644
MultiSeat\D00263_04_flipped.obj,10.133199,0.672016,20.371744,1.029536,1.955733,8.840051,9.196174,12.936271,0.668597,42.819905,1.314329,1.955733,8.795082,9.182644
MultiSeat\D00263_05_scaled.obj,3.717339,0.149317,20.371764,1.029537,1.184547,55.472771,9.196175,4.745640,0.148557,42.819955,1.314331,1.184547,55.190582,9.182645
MultiSeat\D00263_unified.obj,3.717339,0.149317,20.371764,1.029537,1.184547,55.472771,9.196175,4.745640,0.148557,42.819955,1.314331,1.184547,55.190582,9.182645
MultiSeat\D00637_00_original.obj,11.216062,0.731810,23.295482,1.106967,1.911009,18.682583,5.347227,11.199116,0.709680,24.658915,1.105294,1.911009,18.117604,5.347003
MultiSeat\D00637_02_translated.obj,46.544265,0.650913,2104.266796,4.593676,1.911009,29.264449,5.347227,46.690284,0.669859,2005.671413,4.608087,1.911009,30.116283,5.345628
MultiSeat\D00637_03_aligned.obj,46.544255,0.650912,2104.267935,5.109084,1.911009,7.020680,5.347227,46.690274,0.669859,2005.672804,5.125113,1.911009,7.225038,5.345628
MultiSeat\D00637_04_flipped.obj,46.544255,0.650912,2104.267935,5.109084,1.911009,7.020680,5.347227,46.690274,0.669859,2005.672804,5.125113,1.911009,7.225038,5.345628
MultiSeat\D00637_05_scaled.obj,14.650768,0.114951,2104.273069,5.109090,1.072160,8.165047,5.347227,14.696730,0.118297,2005.677400,5.125119,1.072160,8.402717,5.345628
MultiSeat\D00637_unified.obj,3.520804,0.129213,23.113194,1.227714,1.072139,8.733883,5.346761,3.520739,0.129305,23.079181,1.227692,1.072139,8.740077,5.344578
MultiSeat\D00985_00_original.obj,7.609879,0.518834,14.475165,0.671336,1.952202,14.929999,8.684226,7.609879,0.518834,14.475165,0.671336,1.952202,14.929999,8.684226
MultiSeat\D00985_01_remeshed.obj,7.609879,0.518834,14.475166,0.671336,1.952202,9.657140,8.480436,7.609879,0.518834,14.475166,0.671336,1.952202,9.657140,8.480436
MultiSeat\D00985_02_translated.obj,7.609879,0.518834,14.475165,0.671336,1.952202,9.777246,8.480435,7.609879,0.518834,14.475165,0.671336,1.952202,9.777246,8.480435
MultiSeat\D00985_03_aligned.obj,7.609878,0.518834,14.475161,0.834881,1.952202,10.572320,8.480435,7.609878,0.518834,14.475161,0.834881,1.952202,10.572320,8.480435
MultiSeat\D00985_04_flipped.obj,7.609878,0.518834,14.475161,0.834881,1.952202,2.186062,8.480435,7.609878,0.518834,14.475161,0.834881,1.952202,2.186062,8.480435
MultiSeat\D00985_05_scaled.obj,3.072310,0.133094,14.475172,0.834881,1.240419,1.927003,8.480435,3.072310,0.133094,14.475172,0.834881,1.240419,1.927003,8.480435
MultiSeat\D00985_unified.obj,3.072310,0.133094,14.475172,0.834881,1.240419,1.927003,8.480435,3.072310,0.133094,14.475172,0.834881,1.240419,1.927003,8.480435
MultiSeat\m777_00_original.obj,0.651057,0.000920,2885.708613,0.562357,0.963323,0.052177,42.482497,0.651109,0.000226,47703.343179,0.562402,0.963323,0.012835,42.430192
MultiSeat\m777_01_remeshed.obj,0.650993,0.000929,2828.564125,0.562302,0.963323,0.034840,51.550366,0.651059,0.000920,2885.730551,0.562359,0.963323,0.034499,51.525365
MultiSeat\m777_02_translated.obj,0.650994,0.000929,2828.601835,0.562302,0.963323,0.075332,51.550434,0.651059,0.000920,2885.773836,0.562359,0.963323,0.074593,51.525432
MultiSeat\m777_03_aligned.obj,0.650993,0.000929,2828.559377,0.409050,0.963323,0.157403,51.550342,0.651058,0.000920,2885.728847,0.409091,0.963323,0.155860,51.525341
MultiSeat\m777_04_flipped.obj,0.650993,0.000929,2828.559377,0.409050,0.963323,0.231859,51.550342,0.651058,0.000920,2885.728847,0.409091,0.963323,0.229585,51.525341
MultiSeat\m777_05_scaled.obj,0.720213,0.001081,2828.591057,0.409050,1.013245,0.143959,51.550327,0.720285,0.001070,2885.760545,0.409091,1.013245,0.142548,51.525326
MultiSeat\m777_unified.obj,0.720213,0.001081,2828.591057,0.409050,1.013245,0.143959,51.550327,0.720285,0.001070,2885.760545,0.409091,1.013245,0.142548,51.525326
Musical_Instrument\m626_00_original.obj,0.479494,0.003501,79.541763,0.353701,1.043897,1.162233,1327.491567,0.479494,0.003501,79.541763,0.353701,1.043897,1.162233,1327.491567
Musical_Instrument\m626_01_remeshed.obj,0.466986,0.003286,83.408398,0.344474,1.043897,1.108451,1577.067018,0.487043,0.003263,95.968710,0.359270,1.043897,1.100657,1577.057794
Musical_Instrument\m626_02_translated.obj,0.466986,0.003451,75.609730,0.344474,1.043897,61.142688,1577.068549,0.487043,0.003400,88.368772,0.359270,1.043897,60.239251,1577.059324
Musical_Instrument\m626_03_aligned.obj,0.466984,0.003451,75.609398,0.607189,1.043897,2.257631,1577.065841,0.487042,0.003400,88.368429,0.633268,1.043897,2.224274,1577.056618
Musical_Instrument\m626_04_flipped.obj,0.466984,0.003451,75.609398,0.607189,1.043897,2.257631,1577.065841,0.487042,0.003400,88.368429,0.633268,1.043897,2.224274,1577.056618
Musical_Instrument\m626_05_scaled.obj,0.430701,0.003057,75.609687,0.607191,1.002522,2.100020,1577.067718,0.449200,0.003011,88.369140,0.633270,1.002522,2.068986,1577.058492
Musical_Instrument\m626_unified.obj,0.430701,0.003057,75.609687,0.607191,1.002522,2.100020,1577.067718,0.449200,0.003011,88.369140,0.633270,1.002522,2.068986,1577.058492
Musical_Instrument\m632_00_original.obj,0.598925,0.006291,48.003214,0.693437,0.951234,21.075732,329.304518,0.598599,0.006278,48.114349,0.693060,0.951234,21.034195,329.225532
Musical_Instrument\m632_01_remeshed.obj,0.598284,0.006291,47.843525,0.692695,0.951234,26.148711,430.129905,0.598392,0.006289,47.908269,0.692820,0.951234,26.138082,430.121375
Musical_Instrument\m632_02_translated.obj,0.598285,0.006291,47.850601,0.692696,0.951234,51.879226,430.129188,0.598392,0.006290,47.887378,0.692820,0.951234,51.873284,430.120656
Musical_Instrument\m632_03_aligned.obj,0.598284,0.006291,47.850388,0.664284,0.951235,6.795743,430.129101,0.598391,0.006290,47.887173,0.664404,0.951235,6.794964,430.120570
Musical_Instrument\m632_04_flipped.obj,0.598284,0.006291,47.850388,0.664284,0.951235,6.795743,430.129101,0.598391,0.006290,47.887173,0.664404,0.951235,6.794964,430.120570
Musical_Instrument\m632_05_scaled.obj,0.666514,0.007397,47.850739,0.664285,1.004010,5.357229,430.128650,0.666634,0.007396,47.887519,0.664404,1.004010,5.356615,430.120120
Musical_Instrument\m632_unified.obj,0.666514,0.007397,47.850739,0.664285,1.004010,5.357229,430.128650,0.666634,0.007396,47.887519,0.664404,1.004010,5.356615,430.120120
Musical_Instrument\m645_00_original.obj,1.276421,0.030200,20.160786,0.381555,1.099307,1.551501,4.722678,2.871275,0.045288,102.049523,0.858298,1.099307,2.326598,4.514623
Musical_Instrument\m645_01_remeshed.obj,1.276421,0.029810,20.691763,0.381555,1.099307,0.864511,4.749659,2.903289,0.061657,56.917933,0.867868,1.099307,1.788089,4.740853
Musical_Instrument\m645_02_translated.obj,1.276422,0.004346,973.556366,0.381555,1.099307,0.119364,4.749661,2.903290,0.043181,116.044388,0.867868,1.099307,1.186007,4.740854
Musical_Instrument\m645_03_aligned.obj,1.276421,0.004346,973.607222,0.338410,1.099307,0.713618,4.749658,2.903289,0.043181,116.044155,0.769733,1.099307,7.090717,4.740851
Musical_Instrument\m645_04_flipped.obj,1.276421,0.004346,973.607222,0.338410,1.099307,0.713618,4.749658,2.903289,0.043181,116.044155,0.769733,1.099307,7.090717,4.740851
Musical_Instrument\m645_05_scaled.obj,1.200979,0.003966,973.576122,0.338410,1.066325,1.073249,4.749658,2.731690,0.039410,116.043988,0.769732,1.066325,10.663952,4.740851
Musical_Instrument\m645_unified.obj,1.200979,0.003966,973.576122,0.338410,1.066325,1.073249,4.749658,2.731690,0.039410,116.043988,0.769732,1.066325,10.663952,4.740851
NonWheelChair\D00240_00_original.obj,2.777018,0.053454,66.270480,0.317955,1.981854,2.487037,5.112836,2.777018,0.053454,66.270480,0.317955,1.981854,2.487037,5.112836
NonWheelChair\D00240_01_remeshed.obj,2.777018,0.053454,66.270508,0.317955,1.981854,0.459632,9.241678,2.777018,0.053454,66.270508,0.317955,1.981854,0.459632,9.241678
NonWheelChair\D00240_02_translated.obj,2.777018,0.053454,66.270475,0.317955,1.981854,0.368793,9.241676,2.777018,0.053454,66.270475,0.317955,1.981854,0.368793,9.241676
NonWheelChair\D00240_03_aligned.obj,2.777019,0.053454,66.270638,0.367265,1.981855,0.585181,9.241678,2.777019,0.053454,66.270638,0.367265,1.981855,0.585181,9.241678
NonWheelChair\D00240_04_flipped.obj,2.777019,0.053454,66.270638,0.367265,1.981855,0.585181,9.241678,2.777019,0.053454,66.270638,0.367265,1.981855,0.585181,9.241678
NonWheelChair\D00240_05_scaled.obj,0.901577,0.009888,66.270371,0.367265,1.129233,0.359179,9.241678,0.901577,0.009888,66.270371,0.367265,1.129233,0.359179,9.241678
NonWheelChair\D00240_unified.obj,0.901577,0.009888,66.270371,0.367265,1.129233,0.359179,9.241678,0.901577,0.009888,66.270371,0.367265,1.129233,0.359179,9.241678
NonWheelChair\D00306_00_original.obj,5.189703,0.178505,38.786023,0.515538,1.744374,0.901045,2.788801,5.189703,0.178505,38.786023,0.515538,1.744374,0.901045,2.788801
NonWheelChair\D00306_01_remeshed.obj,5.189705,0.178505,38.786048,0.515538,1.744374,2.866534,2.806442,5.189705,0.178505,38.786048,0.515538,1.744374,2.866534,2.806442
NonWheelChair\D00306_02_translated.obj,5.189703,0.178505,38.786034,0.515538,1.744374,2.125149,2.806441,5.189703,0.178505,38.786034,0.515538,1.744374,2.125149,2.806441
NonWheelChair\D00306_03_aligned.obj,5.189704,0.178505,38.786045,0.579160,1.744374,0.702587,2.806441,5.189704,0.178505,38.786045,0.579160,1.744374,0.702587,2.806441
NonWheelChair\D00306_04_flipped.obj,5.189704,0.178505,38.786045,0.579160,1.744374,0.569446,2.806441,5.189704,0.178505,38.786045,0.579160,1.744374,0.569446,2.806441
NonWheelChair\D00306_05_scaled.obj,2.127050,0.046838,38.786023,0.579160,1.116753,1.995330,2.806441,2.127050,0.046838,38.786023,0.579160,1.116753,1.995330,2.806441
NonWheelChair\D00306_unified.obj,2.127050,0.046838,38.786023,0.579160,1.116753,1.995330,2.806441,2.127050,0.046838,38.786023,0.579160,1.116753,1.995330,2.806441
NonWheelChair\m797_00_original.obj,2.026032,0.018611,212.293513,0.677847,1.100576,0.466096,2.544744,2.069696,0.003032,8525.041492,0.692456,1.100576,0.075943,2.512818
NonWheelChair\m797_01_remeshed.obj,1.936465,0.016584,233.460646,0.647880,1.100576,0.655778,1.560467,2.447790,0.014208,642.422335,0.818954,1.100576,0.561824,1.558755
NonWheelChair\m797_02_translated.obj,1.936465,0.025059,102.243050,0.647880,1.100576,2.325872,1.560467,2.447790,0.017538,421.601515,0.818954,1.100576,1.627790,1.558755
NonWheelChair\m797_03_aligned.obj,1.936465,0.025059,102.242831,0.484673,1.100576,1.318908,1.560467,2.447790,0.017538,421.602688,0.612652,1.100576,0.923052,1.558755
NonWheelChair\m797_04_flipped.obj,1.936465,0.025059,102.242831,0.484673,1.100576,18.721562,1.560467,2.447790,0.017538,421.602688,0.612652,1.100576,13.102483,1.558755
NonWheelChair\m797_05_scaled.obj,1.724800,0.021065,102.242812,0.484674,1.038686,3.682855,1.560467,2.180235,0.014743,421.602342,0.612652,1.038686,2.577487,1.558755
NonWheelChair\m797_unified.obj,1.724800,0.021065,102.242812,0.484674,1.038686,3.682855,1.560467,2.180235,0.014743,421.602342,0.612652,1.038686,2.577487,1.558755
NonWheelChair\m814_00_original.obj,1.602337,0.022626,71.054014,0.633010,1.182413,0.396484,2.490600,1.750708,0.018859,133.399350,0.691625,1.182413,1.245682,2.474246
NonWheelChair\m814_01_remeshed.obj,1.512465,0.023778,54.106089,0.597506,1.182413,0.399097,3.060487,1.981250,0.014455,329.099395,0.782701,1.182413,0.872131,3.063812
NonWheelChair\m814_02_translated.obj,1.512466,0.018110,93.278074,0.597506,1.182413,1.230300,3.060487,1.981251,0.014455,329.100021,0.782702,1.182413,0.982014,3.063812
NonWheelChair\m814_03_aligned.obj,1.512466,0.018110,93.277874,0.359459,1.182413,4.485774,3.060487,1.981250,0.014455,329.100348,0.470872,1.182413,3.580497,3.063812
NonWheelChair\m814_04_flipped.obj,1.512466,0.018110,93.277874,0.359459,1.182413,4.485774,3.060487,1.981250,0.014455,329.100348,0.470872,1.182413,3.580497,3.063812
NonWheelChair\m814_05_scaled.obj,1.162712,0.012207,93.278401,0.359459,1.036722,1.364976,3.060487,1.523092,0.009743,329.097531,0.470873,1.036722,1.089517,3.063812
NonWheelChair\m814_unified.obj,1.162712,0.012207,93.278401,0.359459,1.036722,1.364976,3.060487,1.523092,0.009743,329.097531,0.470873,1.036722,1.089517,3.063812
NonWheelChair\m820_00_original.obj,1.579014,0.022772,67.125997,0.603643,1.189544,0.929294,3.071652,1.430224,0.039319,16.732169,0.546762,1.189544,1.604537,3.082051
NonWheelChair\m820_01_remeshed.obj,1.410717,0.033430,22.212028,0.539305,1.189544,0.523236,5.449346,1.615222,0.023444,67.790920,0.617485,1.189544,0.366939,5.445439
NonWheelChair\m820_02_translated.obj,1.410717,0.028213,31.185910,0.539305,1.189544,184.641129,5.449345,1.615222,0.023990,64.742553,0.617485,1.189544,157.000629,5.445438
NonWheelChair\m820_03_aligned.obj,1.410717,0.028213,31.185991,0.275301,1.189545,0.540226,5.449345,1.615222,0.023990,64.742659,0.315210,1.189545,0.459355,5.445438
NonWheelChair\m820_04_flipped.obj,1.410717,0.028213,31.185991,0.275301,1.189545,0.752198,5.449345,1.615222,0.023990,64.742659,0.315210,1.189545,0.639595,5.445438
NonWheelChair\m820_05_scaled.obj,1.064750,0.018500,31.185889,0.275301,1.033439,0.554839,5.449345,1.219102,0.015730,64.742426,0.315210,1.033439,0.471781,5.445438
NonWheelChair\m820_unified.obj,1.064750,0.018500,31.185889,0.275301,1.033439,0.554839,5.449345,1.219102,0.015730,64.742426,0.315210,1.033439,0.471781,5.445438
NonWheelChair\m828_00_original.obj,0.906097,0.014160,32.803972,0.412414,1.062609,0.572749,2.586632,0.906097,0.013812,34.478282,0.412414,1.062609,0.558669,2.586632
NonWheelChair\m828_01_remeshed.obj,0.906097,0.014160,32.803984,0.412414,1.062609,0.503750,1.777403,0.906097,0.013812,34.478298,0.412414,1.062609,0.491367,1.777403
NonWheelChair\m828_02_translated.obj,0.906097,0.013826,34.410647,0.412414,1.062609,0.634151,1.777403,0.906097,0.013812,34.478290,0.412414,1.062609,0.633528,1.777403
NonWheelChair\m828_03_aligned.obj,0.906098,0.013826,34.410733,0.289342,1.062609,2.566417,1.777403,0.906098,0.013812,34.478374,0.289342,1.062609,2.563898,1.777403
NonWheelChair\m828_04_flipped.obj,0.906098,0.013826,34.410733,0.289342,1.062609,0.904157,1.777403,0.906098,0.013812,34.478374,0.289342,1.062609,0.903269,1.777403
NonWheelChair\m828_05_scaled.obj,0.898636,0.013655,34.410529,0.289342,1.058225,0.587424,1.777403,0.898636,0.013642,34.478175,0.289342,1.058225,0.586848,1.777403
NonWheelChair\m828_unified.obj,0.898636,0.013655,34.410529,0.289342,1.058225,0.587424,1.777403,0.898636,0.013642,34.478175,0.289342,1.058225,0.586848,1.777403
PianoBoard\D00122_00_original.obj,20.946894,2.217795,16.522044,3.178900,1.968724,5.655433,24.921758,6.982278,1.749749,0.983077,1.059630,1.968724,4.461904,24.921758
PianoBoard\D00122_01_remeshed.obj,6.969164,0.731830,5.588169,1.057640,1.968724,1.866184,27.725250,7.569904,1.878479,1.086941,1.148809,1.968724,4.790170,27.615436
PianoBoard\D00122_02_translated.obj,6.969163,0.539432,10.285266,1.057640,1.968724,4.643909,27.725241,7.569903,0.534331,13.433746,1.148808,1.968724,4.599995,27.615427
PianoBoard\D00122_03_aligned.obj,6.969159,0.539432,10.285265,0.894952,1.968724,3.731655,27.725258,7.569903,0.532847,13.508719,0.972097,1.968724,3.686099,27.594103
PianoBoard\D00122_04_flipped.obj,6.969159,0.539432,10.285265,0.894952,1.968724,3.731655,27.725258,7.569903,0.532847,13.508719,0.972097,1.968724,3.686099,27.594103
PianoBoard\D00122_05_scaled.obj,3.155358,0.164338,10.285259,0.894953,1.324705,2.887470,27.725258,3.427351,0.162332,13.508692,0.972098,1.324705,2.852223,27.594103
PianoBoard\D00122_unified.obj,3.155358,0.164338,10.285259,0.894953,1.324705,2.887470,27.725258,3.427351,0.162332,13.508692,0.972098,1.324705,2.852223,27.594103
PianoBoard\D00885_00_original.obj,40.849326,2.576109,90.818375,5.323903,2.107398,6.123250,14.616772,13.612649,0.449045,110.610549,1.774140,2.107398,1.067351,14.616772
PianoBoard\D00885_01_remeshed.obj,13.490465,1.209920,14.829108,1.758216,2.107398,3.688127,15.207757,15.739901,0.558717,110.451201,2.051385,2.107398,1.703102,15.075483
PianoBoard\D00885_02_translated.obj,13.490466,0.322152,209.173160,1.758216,2.107398,2.375352,15.207757,15.739902,0.564036,108.377600,2.051385,2.107398,4.158855,15.075483
PianoBoard\D00885_03_aligned.obj,13.490462,0.322152,209.172991,1.461371,2.107398,2.170038,15.207762,15.739902,0.564947,108.028473,1.705044,2.107398,3.805519,15.062663
PianoBoard\D00885_04_flipped.obj,13.490462,0.322152,209.172991,1.461371,2.107398,5.059237,15.207762,15.739902,0.564947,108.028473,1.705044,2.107398,8.872203,15.062663
PianoBoard\D00885_05_scaled.obj,5.321212,0.079806,209.173369,1.461371,1.323544,16.021268,15.207764,6.208485,0.139953,108.028599,1.705044,1.323544,28.095928,15.062665
PianoBoard\D00885_unified.obj,5.321212,0.079806,209.173369,1.461371,1.323544,16.021268,15.207764,6.208485,0.139953,108.028599,1.705044,1.323544,28.095928,15.062665
PlantIndoors\D00466_00_original.obj,5.523411,0.250719,23.702472,0.305789,1.910210,2.938288,1.739422,8.758825,0.038104,4092.051033,0.484910,1.910210,0.446559,1.745291
PlantIndoors\D00466_01_remeshed.obj,5.523410,0.250719,23.702458,0.305789,1.910210,5.447098,1.655353,8.758824,0.049147,2459.715055,0.484910,1.910210,1.067769,1.654427
PlantIndoors\D00466_02_translated.obj,5.523411,0.238815,26.124310,0.305789,1.910210,12.088601,1.655353,8.758827,0.041195,3501.080675,0.484910,1.910210,2.085236,1.654427
PlantIndoors\D00466_03_aligned.obj,5.523411,0.238816,26.124289,0.309628,1.910210,1.782206,1.655354,8.758825,0.041194,3501.152955,0.490997,1.910210,0.307420,1.654427
PlantIndoors\D00466_04_flipped.obj,5.523411,0.238816,26.124289,0.309628,1.910210,1.782206,1.655354,8.758825,0.041194,3501.152955,0.490997,1.910210,0.307420,1.654427
PlantIndoors\D00466_05_scaled.obj,1.531876,0.034881,26.124270,0.309629,1.005979,0.943738,1.655354,2.429192,0.006017,3501.199584,0.490998,1.005979,0.162788,1.654427
PlantIndoors\D00466_unified.obj,1.531876,0.034881,26.124270,0.309629,1.005979,0.943738,1.655354,2.429192,0.006017,3501.199584,0.490998,1.005979,0.162788,1.654427
PlantIndoors\D00657_00_original.obj,1.384342,0.051254,8.929354,0.247340,1.601565,3.388068,9.619684,3.412506,0.032170,339.513262,0.609711,1.601565,2.126566,9.588085
PlantIndoors\D00657_01_remeshed.obj,1.384342,0.051254,8.929354,0.247340,1.601565,2.165018,8.956864,3.478437,0.032454,353.325782,0.621491,1.601565,1.370866,8.940201
PlantIndoors\D00657_02_translated.obj,1.384343,0.062522,6.000924,0.247340,1.601565,2.718320,8.956866,3.478438,0.032454,353.325390,0.621491,1.601565,1.411020,8.940203
PlantIndoors\D00657_03_aligned.obj,1.384341,0.062521,6.000929,0.241414,1.601566,2.936010,8.956865,3.478436,0.032454,353.325685,0.606601,1.601566,1.524019,8.940202
PlantIndoors\D00657_04_flipped.obj,1.384341,0.062521,6.000929,0.241414,1.601566,2.936010,8.956865,3.478436,0.032454,353.325685,0.606601,1.601566,1.524019,8.940202
PlantIndoors\D00657_05_scaled.obj,0.540773,0.015265,6.000939,0.241414,1.000992,2.810093,8.956866,1.358799,0.007924,353.326397,0.606601,1.000992,1.458657,8.940203
PlantIndoors\D00657_unified.obj,0.540773,0.015265,6.000939,0.241414,1.000992,2.810093,8.956866,1.358799,0.007924,353.326397,0.606601,1.000992,1.458657,8.940203
PlantIndoors\m1013_00_original.obj,2.947894,0.140867,11.414763,0.609364,0.978070,9.922791,2.825177,5.283205,0.028550,1599.680116,1.092101,0.978070,2.011079,2.816143
PlantIndoors\m1013_01_remeshed.obj,2.947894,0.140867,11.414761,0.609364,0.978070,15.610282,2.950431,5.282980,0.024249,2217.230226,1.092054,0.978070,2.687135,2.940441
PlantIndoors\m1013_02_translated.obj,2.947894,0.027156,307.155716,0.609364,0.978070,0.825356,2.950430,5.282980,0.027090,1776.561703,1.092054,0.978070,0.823343,2.940441
PlantIndoors\m1013_03_aligned.obj,2.947894,0.027156,307.157740,0.650546,0.978070,0.561871,2.950431,5.282981,0.027090,1776.562594,1.165857,0.978070,0.560503,2.940441
PlantIndoors\m1013_04_flipped.obj,2.947894,0.027156,307.157740,0.650546,0.978070,3.443629,2.950431,5.282981,0.027090,1776.562594,1.165857,0.978070,3.435244,2.940441
PlantIndoors\m1013_05_scaled.obj,3.804735,0.039818,307.157626,0.650547,1.111158,3.038382,2.950430,6.818543,0.039721,1776.559115,1.165858,1.111158,3.030986,2.940441
PlantIndoors\m1013_unified.obj,3.804735,0.039818,307.157626,0.650547,1.111158,3.038382,2.950430,6.818543,0.039721,1776.559115,1.165858,1.111158,3.030986,2.940441
PlantIndoors\m1015_00_original.obj,0.861061,0.068665,1.197231,0.357241,0.964698,4.110086,5.018463,1.388647,0.005114,905.394630,0.576128,0.964698,0.306096,5.061644
PlantIndoors\m1015_01_remeshed.obj,0.861061,0.068665,1.197232,0.357241,0.964698,3.508993,5.148013,1.385076,0.004560,1129.709328,0.574647,0.964698,0.233049,5.159593
PlantIndoors\m1015_02_translated.obj,0.861060,0.016191,21.533065,0.357241,0.964698,10.833282,5.148014,1.385076,0.004560,1129.704108,0.574647,0.964698,3.051339,5.159594
PlantIndoors\m1015_03_aligned.obj,0.861061,0.016191,21.533175,0.358153,0.964698,1.092401,5.148013,1.385076,0.004560,1129.705922,0.576114,0.964698,0.307690,5.159593
PlantIndoors\m1015_04_flipped.obj,0.861061,0.016191,21.533175,0.358153,0.964698,1.092401,5.148013,1.385076,0.004560,1129.705922,0.576114,0.964698,0.307690,5.159593
PlantIndoors\m1015_05_scaled.obj,0.951675,0.018813,21.533184,0.358152,1.014189,1.113442,5.148014,1.530835,0.005299,1129.696012,0.576113,1.014189,0.313618,5.159593
PlantIndoors\m1015_unified.obj,0.951675,0.018813,21.533184,0.358152,1.014189,1.113442,5.148014,1.530835,0.005299,1129.696012,0.576113,1.014189,0.313618,5.159593
PlantIndoors\m995_00_original.obj,1.680130,0.060261,11.548022,0.345661,1.009332,0.892046,3.558504,2.186480,0.068950,19.441156,0.449835,1.009332,1.020667,3.557707
PlantIndoors\m995_02_translated.obj,11.783650,0.106021,1287.074937,2.424304,1.009332,2.045981,3.558504,27.193496,0.057797,53226.296944,5.594642,1.009332,1.438094,3.669521
PlantIndoors\m995_03_aligned.obj,11.783651,0.106021,1287.068683,2.757188,1.009333,4.145187,3.558504,27.193498,0.057797,53226.258303,6.362848,1.009333,2.259248,3.669521
PlantIndoors\m995_04_flipped.obj,11.783651,0.106021,1287.068683,2.757188,1.009333,4.145187,3.558504,27.193498,0.057797,53226.258303,6.362848,1.009333,2.259248,3.669521
PlantIndoors\m995_05_scaled.obj,13.388758,0.128405,1287.084611,2.757188,1.075881,3.935024,3.558504,30.897656,0.070000,53226.324273,6.362850,1.075881,2.144741,3.669521
PlantIndoors\m995_unified.obj,1.741377,0.113690,3.612310,0.357435,1.084826,8.259780,3.567710,3.491734,0.073096,70.450595,0.716714,1.084826,8.909749,3.600953
PlantIndoors\m998_00_original.obj,0.265193,0.012284,1.092765,0.109580,1.001833,0.868392,9.799572,0.444952,0.005504,25.709137,0.183859,1.001833,0.389101,10.796987
PlantIndoors\m998_01_remeshed.obj,0.265193,0.012284,1.092757,0.109580,1.001833,0.810054,7.169063,0.444952,0.005504,25.709193,0.183859,1.001833,9.822981,7.287759
PlantIndoors\m998_02_translated.obj,0.265192,0.006826,3.538742,0.109580,1.001833,1.424272,7.169061,0.444952,0.005504,25.709131,0.183859,1.001833,2.919556,7.287756
PlantIndoors\m998_03_aligned.obj,0.265193,0.006826,3.538769,0.111967,1.001833,2.367453,7.169062,0.444952,0.005504,25.709152,0.187864,1.001833,1.908931,7.287757
PlantIndoors\m998_04_flipped.obj,0.265193,0.006826,3.538769,0.111967,1.001833,2.367453,7.169062,0.444952,0.005504,25.709152,0.187864,1.001833,1.908931,7.287757
PlantIndoors\m998_05_scaled.obj,0.287751,0.007716,3.538789,0.111967,1.043574,2.936190,7.169061,0.482801,0.006221,25.709147,0.187863,1.043574,2.367524,7.287757
PlantIndoors\m998_unified.obj,0.287751,0.007716,3.538789,0.111967,1.043574,2.936190,7.169061,0.482801,0.006221,25.709147,0.187863,1.043574,2.367524,7.287757
PlantIndoors\m999_00_original.obj,0.905065,0.093107,0.756178,0.249088,0.958244,2.283838,1.815122,1.864286,0.028219,71.947256,0.513080,0.958244,0.692181,1.815420
PlantIndoors\m999_01_remeshed.obj,0.905065,0.093107,0.756177,0.249088,0.958244,585.378756,1.958823,1.912381,0.032377,58.993448,0.526317,0.958244,203.558321,1.959128
PlantIndoors\m999_02_translated.obj,0.905064,0.039314,4.241166,0.249088,0.958244,1.183865,1.958823,1.912380,0.032377,58.993456,0.526316,0.958244,0.974956,1.959128
PlantIndoors\m999_03_aligned.obj,0.905065,0.039314,4.241161,0.258058,0.958244,1.886900,1.958823,1.912381,0.032377,58.993361,0.545271,0.958244,1.553930,1.959128
PlantIndoors\m999_04_flipped.obj,0.905065,0.039314,4.241161,0.258058,0.958244,3.333690,1.958823,1.912381,0.032377,58.993361,0.545271,0.958244,2.745415,1.959128
PlantIndoors\m999_05_scaled.obj,1.003996,0.045933,4.241164,0.258058,1.009258,3.477623,1.958824,2.121420,0.037828,58.993469,0.545270,1.009258,2.863948,1.959129
PlantIndoors\m999_unified.obj,1.003996,0.045933,4.241164,0.258058,1.009258,3.477623,1.958824,2.121420,0.037828,58.993469,0.545270,1.009258,2.863948,1.959129
PlantWildNonTree\m966_00_original.obj,2.401622,0.049382,50.225424,0.752685,0.995840,2.658134,3.385482,5.152313,0.005201,44702.255719,1.614771,0.995840,1.943132,3.404060
PlantWildNonTree\m966_02_translated.obj,2.401622,0.048687,51.670462,0.752685,0.995840,66.558443,3.385482,5.152313,0.005201,44702.255719,1.614771,0.995840,0.335312,3.404060
PlantWildNonTree\m966_03_aligned.obj,2.401621,0.048687,51.670550,0.724062,0.995840,26.846653,3.385482,5.152311,0.005201,44702.183440,1.553365,0.995840,1.659624,3.404060
PlantWildNonTree\m966_04_flipped.obj,2.401621,0.048687,51.670550,0.724062,0.995840,3.192316,3.385482,5.152311,0.005201,44702.183440,1.553365,0.995840,0.341043,3.404060
PlantWildNonTree\m966_05_scaled.obj,2.504413,0.051845,51.670780,0.724062,1.016928,4.896303,3.385482,5.372835,0.005539,44702.319288,1.553365,1.016928,0.523085,3.404060
PlantWildNonTree\m966_unified.obj,2.504413,0.051845,51.670780,0.724062,1.016928,4.896303,3.385482,5.372835,0.005539,44702.319288,1.553365,1.016928,0.523085,3.404060
PlantWildNonTree\m975_00_original.obj,0.656081,0.000377,17531.582902,0.384456,0.953880,0.126903,15.370266,0.656081,0.000377,17531.582902,0.384456,0.953880,0.126903,15.370266
PlantWildNonTree\m975_01_remeshed.obj,0.656081,0.000377,17531.445187,0.384457,0.953880,0.486084,14.984543,0.656081,0.000377,17531.445187,0.384457,0.953880,0.486084,14.984543
PlantWildNonTree\m975_02_translated.obj,0.656081,0.000377,17531.490659,0.384456,0.953881,0.026747,14.984545,0.656081,0.000377,17531.490659,0.384456,0.953881,0.026747,14.984545
PlantWildNonTree\m975_03_aligned.obj,0.656081,0.000377,17531.789633,0.389700,0.953879,0.102297,14.984547,0.656081,0.000377,17531.789633,0.389700,0.953879,0.102297,14.984547
PlantWildNonTree\m975_04_flipped.obj,0.656081,0.000377,17531.789633,0.389700,0.953879,0.347257,14.984547,0.656081,0.000377,17531.789633,0.389700,0.953879,0.347257,14.984547
PlantWildNonTree\m975_05_scaled.obj,0.727103,0.000440,17531.721574,0.389700,1.004183,0.339626,14.984551,0.727103,0.000440,17531.721574,0.389700,1.004183,0.339626,14.984551
PlantWildNonTree\m975_unified.obj,0.727103,0.000440,17531.721574,0.389700,1.004183,0.339626,14.984551,0.727103,0.000440,17531.721574,0.389700,1.004183,0.339626,14.984551
PlantWildNonTree\m981_00_original.obj,0.408488,0.000736,1113.466841,0.268152,0.976114,0.232949,8.005510,0.288312,0.005091,8.174644,0.189262,0.976114,1.612084,7.992152
PlantWildNonTree\m981_01_remeshed.obj,0.260040,0.000743,281.506606,0.170703,0.976114,0.171939,5.215375,0.214255,0.003013,9.580826,0.140647,0.976114,0.697033,5.211757
PlantWildNonTree\m981_02_translated.obj,0.260040,0.000756,272.163910,0.170703,0.976114,0.128533,5.215376,0.214255,0.001636,32.498914,0.140647,0.976114,0.278184,5.211759
PlantWildNonTree\m981_03_aligned.obj,0.260039,0.000756,272.162084,0.178149,0.976114,0.165484,5.215376,0.214255,0.001636,32.498851,0.146783,0.976114,0.358156,5.211759
PlantWildNonTree\m981_04_flipped.obj,0.260039,0.000756,272.162084,0.178149,0.976114,0.165484,5.215376,0.214255,0.001636,32.498851,0.146783,0.976114,0.358156,5.211759
PlantWildNonTree\m981_05_scaled.obj,0.275415,0.000824,272.164251,0.178149,1.004557,0.145660,5.215375,0.226923,0.001783,32.498937,0.146783,1.004557,0.315251,5.211758
PlantWildNonTree\m981_unified.obj,0.275415,0.000824,272.164251,0.178149,1.004557,0.145660,5.215375,0.226923,0.001783,32.498937,0.146783,1.004557,0.315251,5.211758
Quadruped\D00700_00_original.obj,3.036053,0.184303,7.284673,0.408904,1.966393,34.349433,29.679661,3.036053,0.184303,7.284673,0.408904,1.966393,34.349433,29.679661
Quadruped\D00700_02_translated.obj,3.036053,0.184303,7.284673,0.408904,1.966393,9.224585,29.679661,3.036053,0.184303,7.284673,0.408904,1.966393,9.224585,29.679661
Quadruped\D00700_03_aligned.obj,3.036052,0.184303,7.284672,0.395110,1.966393,4.186860,29.679659,3.036052,0.184303,7.284672,0.395110,1.966393,4.186860,29.679659
Quadruped\D00700_04_flipped.obj,3.036052,0.184303,7.284672,0.395110,1.966393,4.186860,29.679659,3.036052,0.184303,7.284672,0.395110,1.966393,4.186860,29.679659
Quadruped\D00700_05_scaled.obj,0.840240,0.026833,7.284668,0.395110,1.034469,7.001229,29.679664,0.840240,0.026833,7.284668,0.395110,1.034469,7.001229,29.679664
Quadruped\D00700_unified.obj,0.840240,0.026833,7.284668,0.395110,1.034469,7.001229,29.679664,0.840240,0.026833,7.284668,0.395110,1.034469,7.001229,29.679664
Quadruped\m274_00_original.obj,0.802614,0.025004,7.312403,0.278638,1.197426,1.487225,13.272188,0.802716,0.025013,7.309937,0.278674,1.197426,1.487760,13.265372
Quadruped\m274_01_remeshed.obj,0.801671,0.024985,7.297344,0.278488,1.197040,7.291788,13.391691,0.801761,0.024994,7.294958,0.278519,1.197040,7.294206,13.379452
Quadruped\m274_02_translated.obj,0.801671,0.024991,7.294313,0.278488,1.197040,4.076801,13.391690,0.801761,0.024994,7.294959,0.278519,1.197040,4.077306,13.379452
Quadruped\m274_03_aligned.obj,0.801671,0.024991,7.294314,0.303679,1.197041,5.669390,13.391689,0.801761,0.024994,7.294960,0.303713,1.197041,5.670092,13.379451
Quadruped\m274_04_flipped.obj,0.801671,0.024991,7.294314,0.303679,1.197041,5.669390,13.391689,0.801761,0.024994,7.294960,0.303713,1.197041,5.670092,13.379451
Quadruped\m274_05_scaled.obj,0.563781,0.014738,7.294310,0.303680,1.003843,6.447247,13.391691,0.563844,0.014740,7.294956,0.303714,1.003843,6.448046,13.379453
Quadruped\m274_unified.obj,0.563781,0.014738,7.294310,0.303680,1.003843,6.447247,13.391691,0.563844,0.014740,7.294956,0.303714,1.003843,6.448046,13.379453
Quadruped\m87_00_original.obj,1.007230,0.034189,7.729853,0.407767,1.146961,2.902188,16.159029,1.039566,0.036978,7.264620,0.420858,1.146961,3.138988,16.293486
Quadruped\m87_01_remeshed.obj,1.006530,0.034159,7.727320,0.407484,1.146961,7.946230,16.384799,1.039206,0.031759,9.838335,0.420712,1.146961,7.388007,16.394481
Quadruped\m87_02_translated.obj,1.006530,0.032788,8.386980,0.407484,1.146961,6.898144,16.384795,1.039206,0.031759,9.838336,0.420712,1.146961,6.681695,16.394478
Quadruped\m87_03_aligned.obj,1.006530,0.032788,8.386971,0.289620,1.146960,5.461215,16.384794,1.039206,0.031759,9.838324,0.299022,1.146960,5.289854,16.394476
Quadruped\m87_04_flipped.obj,1.006530,0.032788,8.386971,0.289620,1.146960,5.461215,16.384794,1.039206,0.031759,9.838324,0.299022,1.146960,5.289854,16.394476
Quadruped\m87_05_scaled.obj,0.854984,0.025669,8.386985,0.289620,1.057096,3.488362,16.384797,0.882741,0.024864,9.838340,0.299022,1.057096,3.378905,16.394479
Quadruped\m87_unified.obj,0.854984,0.025669,8.386985,0.289620,1.057096,3.488362,16.384797,0.882741,0.024864,9.838340,0.299022,1.057096,3.378905,16.394479
Quadruped\m88_00_original.obj,0.687998,0.020657,6.748274,0.381425,0.972162,2.132932,30.259635,0.687998,0.020657,6.748274,0.381425,0.972162,2.132932,30.259635
Quadruped\m88_01_remeshed.obj,0.687998,0.020657,6.748274,0.381425,0.972162,19.984365,36.724236,0.687998,0.020657,6.748274,0.381425,0.972162,19.984365,36.724236
Quadruped\m88_02_translated.obj,0.687998,0.020657,6.748270,0.381425,0.972162,6.664938,36.724225,0.687998,0.020657,6.748270,0.381425,0.972162,6.664938,36.724225
Quadruped\m88_03_aligned.obj,0.687998,0.020657,6.748266,0.359516,0.972163,2.822310,36.724223,0.687998,0.020657,6.748266,0.359516,0.972163,2.822310,36.724223
Quadruped\m88_04_flipped.obj,0.687998,0.020657,6.748266,0.359516,0.972163,2.822310,36.724223,0.687998,0.020657,6.748266,0.359516,0.972163,2.822310,36.724223
Quadruped\m88_05_scaled.obj,0.914717,0.031667,6.748278,0.359515,1.120956,3.890315,36.724231,0.914717,0.031667,6.748278,0.359515,1.120956,3.890315,36.724231
Quadruped\m88_unified.obj,0.914717,0.031667,6.748278,0.359515,1.120956,3.890315,36.724231,0.914717,0.031667,6.748278,0.359515,1.120956,3.890315,36.724231
Quadruped\m89_00_original.obj,1.197343,0.035654,11.939208,0.438133,1.153970,0.965005,18.210971,1.196779,0.045711,7.253657,0.437926,1.153970,1.237177,18.215432
Quadruped\m89_01_remeshed.obj,1.195159,0.035861,11.737773,0.437333,1.153970,16.726344,16.118522,1.196552,0.035877,11.768176,0.437843,1.153970,16.733937,16.134860
Quadruped\m89_02_translated.obj,1.195159,0.036041,11.620881,0.437333,1.153970,13.352539,16.118520,1.196552,0.036049,11.656338,0.437843,1.153970,13.355531,16.134858
Quadruped\m89_03_aligned.obj,1.195159,0.036041,11.620878,0.377639,1.153970,3.954280,16.118520,1.196552,0.036049,11.656334,0.378080,1.153970,3.955166,16.134858
Quadruped\m89_04_flipped.obj,1.195159,0.036041,11.620878,0.377639,1.153970,3.954280,16.118520,1.196552,0.036049,11.656334,0.378080,1.153970,3.955166,16.134858
Quadruped\m89_05_scaled.obj,0.910382,0.023960,11.620879,0.377639,1.007149,3.973791,16.118523,0.911443,0.023966,11.656338,0.378079,1.007149,3.974681,16.134862
Quadruped\m89_unified.obj,0.910382,0.023960,11.620879,0.377639,1.007149,3.973791,16.118523,0.911443,0.023966,11.656338,0.378079,1.007149,3.974681,16.134862
Quadruped\m91_00_original.obj,0.913863,0.030796,7.115296,0.337491,1.098908,0.491771,16.122182,0.919306,0.029876,7.696173,0.339501,1.098908,0.477079,16.188685
Quadruped\m91_01_remeshed.obj,0.913704,0.030807,7.106774,0.337432,1.098908,0.367355,10.432033,0.919218,0.029882,7.691127,0.339469,1.098908,0.356326,10.452649
Quadruped\m91_02_translated.obj,0.913704,0.030276,7.358161,0.337432,1.098908,0.414826,10.432033,0.919218,0.029882,7.691122,0.339469,1.098908,0.409426,10.452649
Quadruped\m91_03_aligned.obj,0.913703,0.030276,7.358149,0.307677,1.098909,7.470144,10.432031,0.919218,0.029882,7.691112,0.309534,1.098909,7.372901,10.452648
Quadruped\m91_04_flipped.obj,0.913703,0.030276,7.358149,0.307677,1.098909,0.623090,10.432031,0.919218,0.029882,7.691112,0.309534,1.098909,0.614979,10.452648
Quadruped\m91_05_scaled.obj,0.818884,0.025688,7.358173,0.307678,1.040327,0.614945,10.432031,0.823826,0.025353,7.691134,0.309535,1.040327,0.606940,10.452647
Quadruped\m91_unified.obj,0.818884,0.025688,7.358173,0.307678,1.040327,0.614945,10.432031,0.823826,0.025353,7.691134,0.309535,1.040327,0.606940,10.452647
RectangleTable\m870_00_original.obj,1.398156,0.035151,19.559108,0.613085,1.113057,0.574464,6.271718,1.398156,0.035151,19.559108,0.613085,1.113057,0.574464,6.271718
RectangleTable\m870_01_remeshed.obj,1.398156,0.035151,19.559112,0.613085,1.113057,2.211781,7.469046,1.398156,0.035151,19.559112,0.613085,1.113057,2.211781,7.469046
RectangleTable\m870_02_translated.obj,1.398156,0.035151,19.559100,0.613085,1.113057,1.194639,7.469049,1.398156,0.035151,19.559100,0.613085,1.113057,1.194639,7.469049
RectangleTable\m870_03_aligned.obj,1.398156,0.035151,19.559128,0.576307,1.113056,2.975282,7.469048,1.398156,0.035151,19.559128,0.576307,1.113056,2.975282,7.469048
RectangleTable\m870_04_flipped.obj,1.398156,0.035151,19.559128,0.576307,1.113056,0.462513,7.469048,1.398156,0.035151,19.559128,0.576307,1.113056,0.462513,7.469048
RectangleTable\m870_05_scaled.obj,1.521404,0.039899,19.559132,0.576307,1.161079,0.958070,7.469048,1.521404,0.039899,19.559132,0.576307,1.161079,0.958070,7.469048
RectangleTable\m870_unified.obj,1.521404,0.039899,19.559132,0.576307,1.161079,0.958070,7.469048,1.521404,0.039899,19.559132,0.576307,1.161079,0.958070,7.469048
RectangleTable\m872_00_original.obj,1.483963,0.011369,223.552649,0.848458,1.063600,8.923506,9.435598,1.483963,0.011369,223.552649,0.848458,1.063600,8.923506,9.435598
RectangleTable\m872_01_remeshed.obj,1.483964,0.011369,223.552483,0.848458,1.063600,8.790043,10.294849,1.964361,0.020907,153.330001,1.123125,1.063600,16.164569,10.294693
RectangleTable\m872_02_translated.obj,1.483962,0.011369,223.553310,0.848457,1.063599,0.684169,10.294850,1.964359,0.012206,449.845053,1.123125,1.063599,0.734547,10.294694
RectangleTable\m872_03_aligned.obj,1.483964,0.011369,223.553063,0.838916,1.063600,0.486292,10.294849,1.964363,0.012206,449.847459,1.110497,1.063600,0.522099,10.302540
RectangleTable\m872_04_flipped.obj,1.483964,0.011369,223.553063,0.838916,1.063600,0.486292,10.294849,1.964363,0.012206,449.847459,1.110497,1.063600,0.522099,10.302540
RectangleTable\m872_05_scaled.obj,1.635959,0.013160,223.553354,0.838917,1.116741,0.998018,10.294849,2.165563,0.014129,449.846671,1.110497,1.116741,1.071506,10.302540
RectangleTable\m872_unified.obj,1.635959,0.013160,223.553354,0.838917,1.116741,0.998018,10.294849,2.165563,0.014129,449.846671,1.110497,1.116741,1.071506,10.302540
RectangleTable\m875_00_original.obj,1.593300,0.010520,323.148765,1.217712,1.015934,0.392861,14.716048,1.624408,0.011551,284.058130,1.241487,1.015934,0.431353,14.495984
RectangleTable\m875_01_remeshed.obj,1.593300,0.010520,323.146845,1.217712,1.015934,3.285023,19.516012,1.624408,0.011551,284.056612,1.241487,1.015934,3.606885,19.402438
RectangleTable\m875_02_translated.obj,1.593300,0.010520,323.150224,1.217712,1.015934,2.111286,19.516016,1.624408,0.011551,284.059728,1.241487,1.015934,2.318146,19.402442
RectangleTable\m875_03_aligned.obj,1.593302,0.010520,323.148224,1.208258,1.015934,0.737753,19.516007,1.624410,0.011551,284.058078,1.231848,1.015934,0.810037,19.402432
RectangleTable\m875_04_flipped.obj,1.593302,0.010520,323.148224,1.208258,1.015934,0.737753,19.516007,1.624410,0.011551,284.058078,1.231848,1.015934,0.810037,19.402432
RectangleTable\m875_05_scaled.obj,1.762347,0.012238,323.149491,1.208255,1.068470,20.639920,19.516008,1.796756,0.013437,284.059193,1.231845,1.068470,22.662176,19.402434
RectangleTable\m875_unified.obj,1.762347,0.012238,323.149491,1.208255,1.068470,20.639920,19.516008,1.796756,0.013437,284.059193,1.231845,1.068470,22.662176,19.402434
RectangleTable\m889_00_original.obj,2.125426,0.038423,57.504542,0.776388,1.110105,0.381641,13.536725,2.125426,0.038423,57.504542,0.776388,1.110105,0.381641,13.504019
RectangleTable\m889_01_remeshed.obj,2.125437,0.038423,57.505424,0.776391,1.110105,0.379861,11.156862,2.125437,0.038423,57.505424,0.776391,1.110105,0.379861,11.122854
RectangleTable\m889_02_translated.obj,2.125436,0.038423,57.505324,0.776391,1.110105,7.470989,11.156858,2.125436,0.038423,57.505324,0.776391,1.110105,7.470989,11.122869
RectangleTable\m889_03_aligned.obj,2.125444,0.038423,57.506160,0.742869,1.110106,1.916640,11.156860,2.125444,0.038423,57.506160,0.742869,1.110106,1.916640,11.101994
RectangleTable\m889_04_flipped.obj,2.125444,0.038423,57.506160,0.742869,1.110106,1.916640,11.156860,2.125444,0.038423,57.506160,0.742869,1.110106,1.916640,11.101994
RectangleTable\m889_05_scaled.obj,2.352669,0.044746,57.506074,0.742869,1.167938,19.230602,11.156860,2.352669,0.044746,57.506074,0.742869,1.167938,19.230602,11.133396
RectangleTable\m889_unified.obj,2.352669,0.044746,57.506074,0.742869,1.167938,19.230602,11.156860,2.352669,0.044746,57.506074,0.742869,1.167938,19.230602,11.133396
RectangleTable\m891_00_original.obj,1.609701,0.037469,26.268980,0.791847,1.097599,1.012921,7.642003,1.609701,0.037469,26.268980,0.791847,1.097599,1.012921,7.642003
RectangleTable\m891_01_remeshed.obj,1.609701,0.037469,26.268970,0.791847,1.097599,28.149830,10.561388,1.609701,0.037469,26.268970,0.791847,1.097599,28.149830,10.561388
RectangleTable\m891_02_translated.obj,1.609701,0.037469,26.269019,0.791847,1.097599,5.579577,10.561391,1.609701,0.037469,26.269019,0.791847,1.097599,5.579577,10.561391
RectangleTable\m891_03_aligned.obj,1.609700,0.037469,26.269083,0.758586,1.097599,1.070458,10.561393,1.609700,0.037469,26.269083,0.758586,1.097599,1.070458,10.561393
RectangleTable\m891_04_flipped.obj,1.609700,0.037469,26.269083,0.758586,1.097599,0.980147,10.561393,1.609700,0.037469,26.269083,0.758586,1.097599,0.980147,10.561393
RectangleTable\m891_05_scaled.obj,1.754159,0.042624,26.269002,0.758586,1.145792,0.780423,10.561392,1.754159,0.042624,26.269002,0.758586,1.145792,0.780423,10.561392
RectangleTable\m891_unified.obj,1.754159,0.042624,26.269002,0.758586,1.145792,0.780423,10.561392,1.754159,0.042624,26.269002,0.758586,1.145792,0.780423,10.561392
RectangleTable\m892_00_original.obj,1.656565,0.000165,1477114.307162,0.890302,1.087092,0.005456,3.916552,1.191754,0.076312,2.569958,0.640495,1.087092,2.523960,3.932579
RectangleTable\m892_01_remeshed.obj,0.984494,0.062011,2.194084,0.529105,1.087092,2.050964,4.191743,1.890224,0.006920,1247.046926,1.015880,1.087092,0.228873,4.176376
RectangleTable\m892_02_translated.obj,0.984491,0.010059,83.384994,0.529104,1.087092,1.621812,4.191745,1.890222,0.000505,234215.780727,1.015879,1.087092,0.081412,4.176378
RectangleTable\m892_03_aligned.obj,0.984492,0.010059,83.385935,0.460311,1.087092,0.482114,4.191746,1.890221,0.000505,234165.699136,0.883796,1.087092,0.024204,4.176379
RectangleTable\m892_04_flipped.obj,0.984492,0.010059,83.385935,0.460311,1.087092,0.414635,4.191746,1.890221,0.000505,234165.699136,0.883796,1.087092,0.020816,4.176379
RectangleTable\m892_05_scaled.obj,1.031934,0.010795,83.386143,0.460311,1.112976,0.986567,4.191746,1.981310,0.000542,234170.769019,0.883797,1.112976,0.049529,4.176379
RectangleTable\m892_unified.obj,1.031934,0.010795,83.386143,0.460311,1.112976,0.986567,4.191746,1.981310,0.000542,234170.769019,0.883797,1.112976,0.049529,4.176379
RectangleTable\m912_00_original.obj,1.170723,0.022052,29.176052,0.518880,1.163508,4766974096746796.000000,4.598682,1.170723,0.022052,29.176052,0.518880,1.163508,4766974096746796.000000,4.598682
RectangleTable\m912_01_remeshed.obj,1.170723,0.022052,29.176052,0.518880,1.163508,4766974096747362.000000,6.735232,1.170723,0.022052,29.176052,0.518880,1.163508,4766974096747362.000000,6.735232
RectangleTable\m912_02_translated.obj,1.170723,0.022052,29.176052,0.518880,1.163508,0.000000,6.735231,1.170723,0.022052,29.176052,0.518880,1.163508,0.000000,6.735231
RectangleTable\m912_03_aligned.obj,1.170723,0.022052,29.176052,0.518880,1.163508,0.000000,6.735231,1.170723,0.022052,29.176052,0.518880,1.163508,0.000000,6.735231
RectangleTable\m912_04_flipped.obj,1.170723,0.022052,29.176052,0.518880,1.163508,3177982731164270.000000,6.735231,1.170723,0.022052,29.176052,0.518880,1.163508,3177982731164270.000000,6.735231
RectangleTable\m912_05_scaled.obj,1.297200,0.025720,29.176052,0.518880,1.224745,0.000000,6.735232,1.297200,0.025720,29.176052,0.518880,1.224745,0.000000,6.735232
RectangleTable\m912_unified.obj,1.297200,0.025720,29.176052,0.518880,1.224745,0.000000,6.735232,1.297200,0.025720,29.176052,0.518880,1.224745,0.000000,6.735232
Rocket\D00697_00_original.obj,1.092866,0.019038,31.840890,0.290540,1.612555,1.335613,69.994988,1.092866,0.019038,31.840890,0.290540,1.612555,1.335613,69.994988
Rocket\D00697_01_remeshed.obj,1.092866,0.019038,31.840874,0.290540,1.612555,1.254747,75.840966,1.092866,0.019038,31.840874,0.290540,1.612555,1.254747,75.840966
Rocket\D00697_02_translated.obj,1.092866,0.019038,31.840888,0.290540,1.612555,1.105555,75.840958,1.092866,0.019038,31.840888,0.290540,1.612555,1.105555,75.840958
Rocket\D00697_03_aligned.obj,1.092866,0.019038,31.840869,0.284045,1.612555,61.325249,75.840960,1.092866,0.019038,31.840869,0.284045,1.612555,61.325249,75.840960
Rocket\D00697_04_flipped.obj,1.092866,0.019038,31.840869,0.284045,1.612555,61.325249,75.840960,1.092866,0.019038,31.840869,0.284045,1.612555,61.325249,75.840960
Rocket\D00697_05_scaled.obj,0.420618,0.004546,31.840866,0.284045,1.000402,1.825307,75.840942,0.420618,0.004546,31.840866,0.284045,1.000402,1.825307,75.840942
Rocket\D00697_unified.obj,0.420618,0.004546,31.840866,0.284045,1.000402,1.825307,75.840942,0.420618,0.004546,31.840866,0.284045,1.000402,1.825307,75.840942
Rocket\D00764_00_original.obj,1.091904,0.018422,33.918337,0.575639,1.543637,8.269409,105.162403,1.091904,0.018422,33.918337,0.575639,1.543637,8.269409,105.162403
Rocket\D00764_01_remeshed.obj,1.091904,0.018422,33.918304,0.575639,1.543637,2.904944,109.236031,1.091904,0.018422,33.918304,0.575639,1.543637,2.904944,109.236031
Rocket\D00764_02_translated.obj,1.091904,0.018422,33.918347,0.575640,1.543637,2.601591,109.235968,1.091904,0.018422,33.918347,0.575640,1.543637,2.601591,109.235968
Rocket\D00764_03_aligned.obj,1.091902,0.018422,33.918269,0.822393,1.543637,1.782657,109.236029,1.091902,0.018422,33.918269,0.822393,1.543637,1.782657,109.236029
Rocket\D00764_04_flipped.obj,1.091902,0.018422,33.918269,0.822393,1.543637,2.582774,109.236029,1.091902,0.018422,33.918269,0.822393,1.543637,2.582774,109.236029
Rocket\D00764_05_scaled.obj,0.459532,0.005030,33.918349,0.822392,1.001408,1.853155,109.235990,0.459532,0.005030,33.918349,0.822392,1.001408,1.853155,109.235990
Rocket\D00764_unified.obj,0.459532,0.005030,33.918349,0.822392,1.001408,1.853155,109.235990,0.459532,0.005030,33.918349,0.822392,1.001408,1.853155,109.235990
RoundTable\D00344_00_original.obj,6.636021,0.143875,124.824570,0.532243,1.717885,0.506334,3.328857,6.636021,0.143875,124.824570,0.532243,1.717885,0.506334,3.328857
RoundTable\D00344_01_remeshed.obj,6.636021,0.143875,124.824391,0.532242,1.717885,1.348223,4.198739,6.636021,0.143875,124.824391,0.532242,1.717885,1.348223,4.198739
RoundTable\D00344_02_translated.obj,6.636021,0.143875,124.824669,0.532243,1.717885,1.378167,4.198741,6.636021,0.143875,124.824669,0.532243,1.717885,1.378167,4.198741
RoundTable\D00344_03_aligned.obj,6.636022,0.143875,124.824604,0.545292,1.717884,0.857994,4.198740,6.636022,0.143875,124.824604,0.545292,1.717884,0.857994,4.198740
RoundTable\D00344_04_flipped.obj,6.636022,0.143875,124.824604,0.545292,1.717884,0.547704,4.198740,6.636022,0.143875,124.824604,0.545292,1.717884,0.547704,4.198740
RoundTable\D00344_05_scaled.obj,2.257690,0.028551,124.824530,0.545292,1.002011,0.567298,4.198740,2.257690,0.028551,124.824530,0.545292,1.002011,0.567298,4.198740
RoundTable\D00344_unified.obj,2.257690,0.028551,124.824530,0.545292,1.002011,0.567298,4.198740,2.257690,0.028551,124.824530,0.545292,1.002011,0.567298,4.198740
RoundTable\D00492_00_original.obj,6.296492,0.184551,64.805364,0.558688,1.895208,2.285292,4.793173,6.296492,0.184551,64.805364,0.558688,1.895208,2.285292,4.793173
RoundTable\D00492_01_remeshed.obj,6.296211,0.184528,64.812997,0.558701,1.895208,4.143078,5.346077,6.296211,0.184528,64.812997,0.558701,1.895208,4.143078,5.346077
RoundTable\D00492_02_translated.obj,6.296212,0.184527,64.813258,0.558701,1.895208,46.896583,5.346078,6.296212,0.184527,64.813258,0.558701,1.895208,46.896583,5.346078
RoundTable\D00492_03_aligned.obj,6.296212,0.184528,64.812801,0.588562,1.895208,5.546267,5.346077,6.296212,0.184528,64.812801,0.588562,1.895208,5.546267,5.346077
RoundTable\D00492_04_flipped.obj,6.296212,0.184528,64.812801,0.588562,1.895208,0.918383,5.346077,6.296212,0.184528,64.812801,0.588562,1.895208,0.918383,5.346077
RoundTable\D00492_05_scaled.obj,1.752954,0.027108,64.813070,0.588562,1.000006,0.926187,5.346077,1.752954,0.027108,64.813070,0.588562,1.000006,0.926187,5.346077
RoundTable\D00492_unified.obj,1.752954,0.027108,64.813070,0.588562,1.000006,0.926187,5.346077,1.752954,0.027108,64.813070,0.588562,1.000006,0.926187,5.346077
RoundTable\D00702_00_original.obj,6.358018,0.137309,120.535725,0.549646,1.656086,5.233116,1.064865,6.363265,0.137733,120.092168,0.550100,1.656086,5.249262,1.063915
RoundTable\D00702_01_remeshed.obj,6.358018,0.137309,120.535727,0.549646,1.656086,2.589154,1.090452,6.363158,0.137536,120.429461,0.550090,1.656086,2.593437,1.089756
RoundTable\D00702_02_translated.obj,6.358018,0.137307,120.539626,0.549646,1.656086,3.979705,1.090452,6.363158,0.137597,120.323026,0.550090,1.656086,3.988116,1.089756
RoundTable\D00702_03_aligned.obj,6.358019,0.137307,120.539542,0.532500,1.656085,0.519055,1.090451,6.363159,0.137597,120.322937,0.532930,1.656085,0.520152,1.089756
RoundTable\D00702_04_flipped.obj,6.358019,0.137307,120.539542,0.532500,1.656085,0.519055,1.090451,6.363159,0.137597,120.322937,0.532930,1.656085,0.520152,1.089756
RoundTable\D00702_05_scaled.obj,2.946369,0.043315,120.539410,0.532499,1.127367,0.775287,1.090452,2.948751,0.043407,120.322895,0.532930,1.127367,0.776926,1.089756
RoundTable\D00702_unified.obj,2.946369,0.043315,120.539410,0.532499,1.127367,0.775287,1.090452,2.948751,0.043407,120.322895,0.532930,1.127367,0.776926,1.089756
RoundTable\D00756_00_original.obj,1.541612,0.025715,48.990025,0.295472,1.422102,3.109443,11.188468,1.541612,0.025715,48.990025,0.295472,1.422102,3.109443,11.188468
RoundTable\D00756_01_remeshed.obj,1.541611,0.025715,48.990011,0.295472,1.422102,1.460925,10.534861,1.541611,0.025715,48.990011,0.295472,1.422102,1.460925,10.534861
RoundTable\D00756_02_translated.obj,1.541611,0.025715,48.989918,0.295472,1.422102,1.328561,10.534861,1.541611,0.025715,48.989918,0.295472,1.422102,1.328561,10.534861
RoundTable\D00756_03_aligned.obj,1.541612,0.025715,48.990042,0.298210,1.422102,1.511355,10.534861,1.541612,0.025715,48.990042,0.298210,1.422102,1.511355,10.534861
RoundTable\D00756_04_flipped.obj,1.541612,0.025715,48.990042,0.298210,1.422102,1.731486,10.534861,1.541612,0.025715,48.990042,0.298210,1.422102,1.731486,10.534861
RoundTable\D00756_05_scaled.obj,0.968875,0.012812,48.989969,0.298210,1.127399,0.291019,10.534860,0.968875,0.012812,48.989969,0.298210,1.127399,0.291019,10.534860
RoundTable\D00756_unified.obj,0.968875,0.012812,48.989969,0.298210,1.127399,0.291019,10.534860,0.968875,0.012812,48.989969,0.298210,1.127399,0.291019,10.534860
Shelf\D00074_00_original.obj,18.788876,0.112332,4647.711915,2.274905,1.936067,0.452165,14.475172,18.788876,0.112332,4647.711915,2.274905,1.936067,0.452165,14.475172
Shelf\D00074_01_remeshed.obj,18.788877,0.112333,4647.681340,2.274905,1.936067,1.832757,45.046202,18.788877,0.112333,4647.681340,2.274905,1.936067,1.832757,45.046202
Shelf\D00074_02_translated.obj,18.788876,0.112332,4647.759189,2.274905,1.936067,0.542435,45.046220,18.788876,0.112332,4647.759189,2.274905,1.936067,0.542435,45.046220
Shelf\D00074_03_aligned.obj,18.788880,0.112333,4647.695462,3.294096,1.936068,0.616953,45.046195,18.788880,0.112333,4647.695462,3.294096,1.936068,0.616953,45.046195
Shelf\D00074_04_flipped.obj,18.788880,0.112333,4647.695462,3.294096,1.936068,1.454776,45.046195,18.788880,0.112333,4647.695462,3.294096,1.936068,1.454776,45.046195
Shelf\D00074_05_scaled.obj,7.549193,0.028609,4647.699817,3.294098,1.227213,2.241123,45.046195,7.549193,0.028609,4647.699817,3.294098,1.227213,2.241123,45.046195
Shelf\D00074_unified.obj,7.549193,0.028609,4647.699817,3.294098,1.227213,2.241123,45.046195,7.549193,0.028609,4647.699817,3.294098,1.227213,2.241123,45.046195
Shelf\D00781_00_original.obj,18.979275,0.188610,1699.245396,1.263704,1.973435,0.898997,5.061580,21.498518,0.177347,2793.346658,1.431444,1.973435,0.845313,5.051915
Shelf\D00781_01_remeshed.obj,18.979079,0.188603,1699.316338,1.263691,1.973435,1.257879,5.854836,21.518969,0.178671,2759.970757,1.432805,1.973435,1.191635,5.842904
Shelf\D00781_02_translated.obj,18.979081,0.204891,1439.883272,1.263691,1.973435,1.111408,5.854835,21.518972,0.178671,2759.976838,1.432806,1.973435,0.969179,5.842903
Shelf\D00781_03_aligned.obj,18.979084,0.204891,1439.883264,1.137888,1.973435,15.977727,5.854836,21.518976,0.178670,2759.987120,1.290167,1.973435,13.933000,5.842903
Shelf\D00781_04_flipped.obj,18.979084,0.204891,1439.883264,1.137888,1.973435,15.977727,5.854836,21.518976,0.178670,2759.987120,1.290167,1.973435,13.933000,5.842903
Shelf\D00781_05_scaled.obj,4.980345,0.027542,1439.888982,1.137888,1.010916,20.510496,5.854836,5.646844,0.024017,2760.002727,1.290167,1.010916,17.885679,5.842904
Shelf\D00781_unified.obj,4.980345,0.027542,1439.888982,1.137888,1.010916,20.510496,5.854836,5.646844,0.024017,2760.002727,1.290167,1.010916,17.885679,5.842904
Shelf\m845_00_original.obj,4.230408,0.019625,1738.023899,1.872226,1.240050,0.333497,10.311501,4.316997,0.254236,11.005764,1.910547,1.240050,4.320246,10.144664
Shelf\m845_01_remeshed.obj,4.211523,0.019657,1709.403275,1.863868,1.240050,0.352852,12.224180,4.820897,0.026475,1413.352620,2.133555,1.240050,0.475250,12.217001
Shelf\m845_02_translated.obj,4.211520,0.020645,1549.624853,1.863867,1.240050,0.595061,12.224180,4.820893,0.026475,1413.351176,2.133554,1.240050,0.763102,12.217001
Shelf\m845_03_aligned.obj,4.211523,0.020645,1549.633416,1.133975,1.240051,3.071785,12.224179,4.820896,0.026475,1413.350416,1.298053,1.240051,3.939248,12.217000
Shelf\m845_04_flipped.obj,4.211523,0.020645,1549.633416,1.133975,1.240051,0.840785,12.224179,4.820896,0.026475,1413.350416,1.298053,1.240051,1.078220,12.217000
Shelf\m845_05_scaled.obj,3.056189,0.012762,1549.638159,1.133974,1.056355,0.727332,12.224177,3.498396,0.016366,1413.346406,1.298051,1.056355,0.932731,12.216998
Shelf\m845_unified.obj,3.056189,0.012762,1549.638159,1.133974,1.056355,0.727332,12.224177,3.498396,0.016366,1413.346406,1.298051,1.056355,0.932731,12.216998
Shelf\m860_00_original.obj,2.269215,0.026413,148.092606,0.959853,1.164784,4.476393,12.626422,2.269215,0.026413,148.092606,0.959853,1.164784,4.476393,12.626422
Shelf\m860_01_remeshed.obj,2.269215,0.026413,148.092566,0.959853,1.164784,2.249378,10.312289,2.269215,0.026413,148.092566,0.959853,1.164784,2.249378,10.312289
Shelf\m860_02_translated.obj,2.269215,0.026413,148.092857,0.959852,1.164784,1.455642,10.312294,2.269215,0.026413,148.092857,0.959852,1.164784,1.455642,10.312294
Shelf\m860_03_aligned.obj,2.269216,0.026413,148.091823,0.944091,1.164784,4.253812,10.312290,2.269216,0.026413,148.091823,0.944091,1.164784,4.253812,10.312290
Shelf\m860_04_flipped.obj,2.269216,0.026413,148.091823,0.944091,1.164784,6.367243,10.312290,2.269216,0.026413,148.091823,0.944091,1.164784,6.367243,10.312290
Shelf\m860_05_scaled.obj,2.497035,0.030489,148.092738,0.944091,1.221856,0.880686,10.312290,2.497035,0.030489,148.092738,0.944091,1.221856,0.880686,10.312290
Shelf\m860_unified.obj,2.497035,0.030489,148.092738,0.944091,1.221856,0.880686,10.312290,2.497035,0.030489,148.092738,0.944091,1.221856,0.880686,10.312290
Shelf\m862_00_original.obj,2.722081,0.112649,14.053812,0.821071,1.371826,9.109575,10.230029,3.183486,0.022745,551.420073,0.960247,1.371826,1.839318,10.230019
Shelf\m862_01_remeshed.obj,2.722081,0.112649,14.053813,0.821071,1.371826,9.081658,10.343642,3.183486,0.022745,551.420942,0.960247,1.371826,1.833679,10.343641
Shelf\m862_02_translated.obj,2.722081,0.054962,59.036315,0.821072,1.371826,25.184524,10.343644,3.183486,0.022745,551.420241,0.960247,1.371826,10.422090,10.343644
Shelf\m862_03_aligned.obj,2.722083,0.054963,59.036176,0.817128,1.371827,0.603038,10.343645,3.183488,0.022745,551.413410,0.955635,1.371827,0.249556,10.343644
Shelf\m862_04_flipped.obj,2.722083,0.054963,59.036176,0.817128,1.371827,1.002545,10.343645,3.183488,0.022745,551.413410,0.955635,1.371827,0.414884,10.343644
Shelf\m862_05_scaled.obj,3.014510,0.064053,59.036420,0.817129,1.443634,0.759411,10.343644,3.525482,0.026507,551.418812,0.955636,1.443634,0.314267,10.343643
Shelf\m862_unified.obj,3.014510,0.064053,59.036420,0.817129,1.443634,0.759411,10.343644,3.525482,0.026507,551.418812,0.955636,1.443634,0.314267,10.343643
Ship\D00027_00_original.obj,3.103826,0.096989,28.105524,0.723935,1.742033,6.389104,12.316762,4.556575,0.090904,101.226567,1.062773,1.742033,5.988256,10.955328
Ship\D00027_01_remeshed.obj,3.085979,0.096083,28.147093,0.719772,1.742033,5.796457,11.125250,6.341270,0.070970,447.631588,1.479034,1.742033,4.281480,10.515003
Ship\D00027_02_translated.obj,3.085979,0.092851,30.140799,0.719772,1.742033,6.239556,11.125253,6.341270,0.051832,839.221230,1.479034,1.742033,3.483115,10.515006
Ship\D00027_03_aligned.obj,3.085979,0.092851,30.140819,0.733127,1.742033,3.824593,11.125249,6.341271,0.051832,839.221840,1.506477,1.742033,2.135007,10.515002
Ship\D00027_04_flipped.obj,3.085979,0.092851,30.140819,0.733127,1.742033,5.703408,11.125249,6.341271,0.051832,839.221840,1.506477,1.742033,3.216321,10.515002
Ship\D00027_05_scaled.obj,1.025283,0.017781,30.140719,0.733127,1.004111,6.068954,11.125250,2.106817,0.009926,839.223796,1.506476,1.004111,3.387869,10.515003
Ship\D00027_unified.obj,1.025283,0.017781,30.140719,0.733127,1.004111,6.068954,11.125250,2.106817,0.009926,839.223796,1.506476,1.004111,3.387869,10.515003
Ship\D00175_00_original.obj,3.074477,0.085361,35.264690,1.031558,1.552066,7.954499,47.862712,3.098483,0.085247,36.193885,1.039612,1.552066,7.943871,47.866103
Ship\D00175_01_remeshed.obj,3.074591,0.085350,35.277548,1.031596,1.552049,7.938716,37.685334,3.098597,0.085236,36.207063,1.039651,1.552049,7.928107,37.666613
Ship\D00175_02_translated.obj,3.074591,0.085329,35.294918,1.031597,1.552049,6.721255,37.685330,3.098597,0.085236,36.207032,1.039652,1.552049,6.713928,37.666608
Ship\D00175_03_aligned.obj,3.074590,0.085329,35.294898,1.023760,1.552049,12.296777,37.685337,3.098596,0.085236,36.207007,1.031754,1.552049,12.283373,37.666615
Ship\D00175_04_flipped.obj,3.074590,0.085329,35.294898,1.023760,1.552049,12.296777,37.685337,3.098596,0.085236,36.207007,1.031754,1.552049,12.283373,37.666615
Ship\D00175_05_scaled.obj,1.289488,0.023176,35.294991,1.023762,1.005127,31.348578,37.685332,1.299557,0.023151,36.207108,1.031756,1.005127,31.314406,37.666611
Ship\D00175_unified.obj,1.289488,0.023176,35.294991,1.023762,1.005127,31.348578,37.685332,1.299557,0.023151,36.207108,1.031756,1.005127,31.314406,37.666611
Ship\D00247_00_original.obj,3.450839,0.077940,59.813122,1.137953,1.933940,33.575596,81.015165,3.519580,0.078884,61.950254,1.160621,1.933940,33.982057,82.535838
Ship\D00247_01_remeshed.obj,3.442061,0.077925,59.381741,1.135058,1.933940,16.064331,70.733403,3.525023,0.078924,62.174523,1.162415,1.933940,16.270387,71.792151
Ship\D00247_02_translated.obj,3.442061,0.078144,59.049132,1.135058,1.933940,10.859324,70.733406,3.525023,0.078936,62.155876,1.162415,1.933940,10.969415,71.792154
Ship\D00247_03_aligned.obj,3.442061,0.078144,59.048836,1.144342,1.933940,4.280656,70.733421,3.525022,0.078936,62.155592,1.171923,1.933940,4.324051,71.792169
Ship\D00247_04_flipped.obj,3.442061,0.078144,59.048836,1.144342,1.933940,4.827272,70.733421,3.525022,0.078936,62.155592,1.171923,1.933940,4.878467,71.792169
Ship\D00247_05_scaled.obj,0.921374,0.010822,59.048772,1.144346,1.000581,10.082207,70.733398,0.943581,0.010932,62.155650,1.171927,1.000581,10.184404,71.792145
Ship\D00247_unified.obj,0.921374,0.010822,59.048772,1.144346,1.000581,10.082207,70.733398,0.943581,0.010932,62.155650,1.171927,1.000581,10.184404,71.792145
Ship\D00809_00_original.obj,3.064813,0.089470,31.798504,0.684555,1.882709,4.056778,62.917810,3.094246,0.089344,32.815453,0.691129,1.882709,4.051088,62.680845
Ship\D00809_01_remeshed.obj,3.026697,0.089398,30.676024,0.677533,1.881251,11.446462,47.921960,3.055291,0.089273,31.641820,0.683934,1.881251,11.430506,47.935911
Ship\D00809_02_translated.obj,3.026697,0.089658,30.498030,0.677534,1.881251,15.230158,47.921955,3.055291,0.089274,31.641637,0.683934,1.881251,15.164783,47.935906
Ship\D00809_03_aligned.obj,3.026697,0.089659,30.497963,0.678983,1.881251,9.812052,47.921960,3.055290,0.089274,31.641572,0.685397,1.881251,9.769933,47.935911
Ship\D00809_04_flipped.obj,3.026697,0.089659,30.497963,0.678983,1.881251,7.452135,47.921960,3.055290,0.089274,31.641572,0.685397,1.881251,7.420147,47.935911
Ship\D00809_05_scaled.obj,0.858304,0.013539,30.497921,0.678982,1.001804,15.631302,47.921971,0.866412,0.013481,31.641525,0.685396,1.001804,15.564206,47.935922
Ship\D00809_unified.obj,0.858304,0.013539,30.497921,0.678982,1.001804,15.631302,47.921971,0.866412,0.013481,31.641525,0.685396,1.001804,15.564206,47.935922
Ship\m1446_00_original.obj,0.832852,0.009069,62.111544,1.136482,0.950089,9.281484,81.015158,0.854431,0.009480,61.376749,1.165927,0.950089,9.702081,81.947334
Ship\m1446_01_remeshed.obj,0.830733,0.009069,61.626338,1.133591,0.950089,7.996933,107.328444,0.854549,0.009495,61.206295,1.166089,0.950089,8.371857,107.862777
Ship\m1446_02_translated.obj,0.830733,0.009249,59.252646,1.133591,0.950089,6.906017,107.328443,0.854549,0.009382,62.681456,1.166089,0.950089,20.306912,107.862776
Ship\m1446_03_aligned.obj,0.830734,0.009249,59.252775,1.144930,0.950090,4.681880,107.328412,0.854550,0.009382,62.681495,1.177754,0.950090,4.749176,107.862744
Ship\m1446_04_flipped.obj,0.830734,0.009249,59.252775,1.144930,0.950090,8.227251,107.328412,0.854550,0.009382,62.681495,1.177754,0.950090,8.345506,107.862744
Ship\m1446_05_scaled.obj,0.921906,0.010813,59.252656,1.144929,1.000868,6.950654,107.328420,0.948335,0.010968,62.681539,1.177752,1.000868,7.050547,107.862753
Ship\m1446_unified.obj,0.921906,0.010813,59.252656,1.144929,1.000868,6.950654,107.328420,0.948335,0.010968,62.681539,1.177752,1.000868,7.050547,107.862753
Ship\m1449_00_original.obj,1.046771,0.010693,88.703319,0.460731,0.952912,7.047774,44.301231,1.046771,0.010693,88.703319,0.460731,0.952912,7.047774,44.301231
Ship\m1449_01_remeshed.obj,1.046771,0.010693,88.703227,0.460731,0.952912,5.517279,115.465620,1.046771,0.010693,88.703227,0.460731,0.952912,5.517279,115.465620
Ship\m1449_02_translated.obj,1.046772,0.010693,88.703232,0.460731,0.952912,2.838894,115.465623,1.046772,0.010693,88.703232,0.460731,0.952912,2.838894,115.465623
Ship\m1449_03_aligned.obj,1.046772,0.010693,88.702845,0.510721,0.952912,1.392490,115.465528,1.046772,0.010693,88.702845,0.510721,0.952912,1.392490,115.465528
Ship\m1449_04_flipped.obj,1.046772,0.010693,88.702845,0.510721,0.952912,2.646676,115.465528,1.046772,0.010693,88.702845,0.510721,0.952912,2.646676,115.465528
Ship\m1449_05_scaled.obj,1.253325,0.014009,88.703297,0.510721,1.042698,2.680883,115.465567,1.253325,0.014009,88.703297,0.510721,1.042698,2.680883,115.465567
Ship\m1449_unified.obj,1.253325,0.014009,88.703297,0.510721,1.042698,2.680883,115.465567,1.253325,0.014009,88.703297,0.510721,1.042698,2.680883,115.465567
Ship\m1454_00_original.obj,1.227228,0.026924,22.543954,0.336154,0.950269,0.677534,1.839215,1.227228,0.026924,22.543954,0.336154,0.950269,0.677534,1.839215
Ship\m1454_01_remeshed.obj,1.227228,0.026924,22.543947,0.336154,0.950269,1.961585,13.606521,1.227228,0.026924,22.543947,0.336154,0.950269,1.961585,13.606521
Ship\m1454_02_translated.obj,1.227228,0.026924,22.543970,0.336154,0.950269,1.539520,13.606524,1.227228,0.026924,22.543970,0.336154,0.950269,1.539520,13.606524
Ship\m1454_03_aligned.obj,1.227227,0.026924,22.543877,0.339974,0.950269,9.734217,13.606524,1.227227,0.026924,22.543877,0.339974,0.950269,9.734217,13.606524
Ship\m1454_04_flipped.obj,1.227227,0.026924,22.543877,0.339974,0.950269,4.136908,13.606524,1.227227,0.026924,22.543877,0.339974,0.950269,4.136908,13.606524
Ship\m1454_05_scaled.obj,1.389383,0.032433,22.543904,0.339974,1.011102,4.571478,13.606524,1.389383,0.032433,22.543904,0.339974,1.011102,4.571478,13.606524
Ship\m1454_unified.obj,1.389383,0.032433,22.543904,0.339974,1.011102,4.571478,13.606524,1.389383,0.032433,22.543904,0.339974,1.011102,4.571478,13.606524
Sign\m1671_00_original.obj,0.194541,0.000323,624.552781,0.268695,0.954464,0.698810,726.706759,0.303038,0.001314,142.600088,0.418549,0.954464,2.843243,781.444779
Sign\m1671_01_remeshed.obj,0.194541,0.000323,624.588839,0.268695,0.954464,0.137213,657.398388,0.303038,0.001314,142.599051,0.418549,0.954464,0.558297,663.592155
Sign\m1671_02_translated.obj,0.194541,0.000917,77.434346,0.268695,0.954464,0.954989,657.399807,0.303038,0.001314,142.600944,0.418549,0.954464,1.368152,663.593560
Sign\m1671_03_aligned.obj,0.194541,0.000917,77.434563,0.259448,0.954464,1.388869,657.398962,0.303038,0.001314,142.600814,0.404145,0.954464,1.989746,663.592719
Sign\m1671_04_flipped.obj,0.194541,0.000917,77.434563,0.259448,0.954464,1.388869,657.398962,0.303038,0.001314,142.600814,0.404145,0.954464,1.989746,663.592719
Sign\m1671_05_scaled.obj,0.215423,0.001068,77.433973,0.259448,1.004385,2.705997,657.400928,0.335567,0.001531,142.599666,0.404145,1.004385,3.876718,663.594717
Sign\m1671_unified.obj,0.215423,0.001068,77.433973,0.259448,1.004385,2.705997,657.400928,0.335567,0.001531,142.599666,0.404145,1.004385,3.876718,663.594717
Sign\m1673_00_original.obj,0.192334,0.000427,345.332295,0.214568,0.976744,0.346422,1002.526273,0.291158,0.001102,179.677847,0.324816,0.976744,0.894509,1013.083373
Sign\m1673_01_remeshed.obj,0.192334,0.000427,345.322821,0.214568,0.976744,2.003295,1022.030263,0.291158,0.001102,179.678888,0.324816,0.976744,5.172695,1025.604554
Sign\m1673_02_translated.obj,0.192335,0.001089,53.092173,0.214568,0.976744,8.127375,1022.023908,0.291158,0.001102,179.673219,0.324816,0.976744,8.228712,1025.598107
Sign\m1673_03_aligned.obj,0.192334,0.001089,53.092622,0.208808,0.976744,2.990568,1022.027839,0.291158,0.001102,179.677965,0.316096,0.976744,3.027828,1025.602117
Sign\m1673_04_flipped.obj,0.192334,0.001089,53.092622,0.208808,0.976744,2.790245,1022.027839,0.291158,0.001102,179.677965,0.316096,0.976744,2.825009,1025.602117
Sign\m1673_05_scaled.obj,0.211283,0.001253,53.092949,0.208808,1.023728,0.784384,1022.026231,0.319843,0.001269,179.679363,0.316097,1.023728,0.794157,1025.600470
Sign\m1673_unified.obj,0.211283,0.001253,53.092949,0.208808,1.023728,0.784384,1022.026231,0.319843,0.001269,179.679363,0.316097,1.023728,0.794157,1025.600470
Skyscraper\D00058_00_original.obj,19.914125,0.190419,1925.807341,5.086808,1.837258,7.267375,12.737624,42.232338,0.011543,4998242.256161,10.787709,1.837258,0.440556,12.804165
Skyscraper\D00058_01_remeshed.obj,16.495726,0.115776,2960.920873,4.218020,1.837258,4.093821,6.148720,26.715753,0.130670,9874.178232,6.831319,1.837258,4.857934,5.913751
Skyscraper\D00058_02_translated.obj,16.495725,0.114134,3046.728799,4.218024,1.837258,2.333253,6.148720,26.715751,0.121513,11418.393674,6.831326,1.837258,3.146876,5.913751
Skyscraper\D00058_03_aligned.obj,16.495733,0.114134,3046.735844,4.028549,1.837258,44.301721,6.148719,26.715761,0.121513,11418.312280,6.524460,1.837258,47.166208,5.913751
Skyscraper\D00058_04_flipped.obj,16.495733,0.114134,3046.735844,4.028549,1.837258,5.769817,6.148719,26.715761,0.121513,11418.312280,6.524460,1.837258,6.142885,5.913751
Skyscraper\D00058_05_scaled.obj,4.974290,0.018900,3046.696615,4.028549,1.008904,7.541083,6.148720,8.056140,0.020122,11418.401764,6.524460,1.008904,5.870485,5.913751
Skyscraper\D00058_unified.obj,4.974290,0.018900,3046.696615,4.028549,1.008904,7.541083,6.148720,8.056140,0.020122,11418.401764,6.524460,1.008904,5.870485,5.913751
Skyscraper\D00532_00_original.obj,10.366470,0.204365,235.846074,1.948153,1.958898,15.567085,18.671789,14.701500,0.033539,24976.399022,2.762829,1.958898,2.554776,18.630100
Skyscraper\D00532_01_remeshed.obj,9.385294,0.202428,178.382286,1.777698,1.944225,5.757839,14.958708,13.762969,0.037284,16581.754547,2.606887,1.944225,1.060514,14.883673
Skyscraper\D00532_02_translated.obj,9.385293,0.202387,178.454515,1.777698,1.944225,4.654581,14.958708,13.762967,0.038153,15835.434974,2.606887,1.944225,0.877457,14.883673
Skyscraper\D00532_03_aligned.obj,9.385292,0.202386,178.454771,2.339752,1.944225,4.501155,14.958708,13.762967,0.038153,15835.405600,3.431106,1.944225,0.848535,14.883673
Skyscraper\D00532_04_flipped.obj,9.385292,0.202386,178.454771,2.339752,1.944225,4.501155,14.958708,13.762967,0.038153,15835.405600,3.431106,1.944225,0.848535,14.883673
Skyscraper\D00532_05_scaled.obj,2.702757,0.031277,178.453501,2.339748,1.043341,4.026927,14.958709,3.963432,0.005896,15835.554702,3.431101,1.043341,0.759130,14.883673
Skyscraper\D00532_unified.obj,2.702757,0.031277,178.453501,2.339748,1.043341,4.026927,14.958709,3.963432,0.005896,15835.554702,3.431101,1.043341,0.759130,14.883673
Spoon\D00144_00_original.obj,0.071825,0.000156,134.111933,1.206819,0.318427,2.475114,155.478711,0.023942,0.000332,1.099449,0.402273,0.318427,5.260893,155.478711
Spoon\D00144_01_remeshed.obj,0.023789,0.000068,25.368871,0.399705,0.318427,13.146580,182.012627,0.028818,0.000028,265.630378,0.484214,0.318427,5.417152,181.825941
Spoon\D00144_02_translated.obj,0.023789,0.000024,199.122703,0.399704,0.318427,9.834709,182.016412,0.028818,0.000028,265.630773,0.484213,0.318427,11.353494,181.829721
Spoon\D00144_03_aligned.obj,0.023789,0.000024,199.142698,0.377126,0.318427,0.792666,182.013690,0.028818,0.000028,265.650259,0.456860,0.318427,0.915090,181.827003
Spoon\D00144_04_flipped.obj,0.023789,0.000024,199.142698,0.377126,0.318427,2.709585,182.013690,0.028818,0.000028,265.650259,0.456860,0.318427,3.128066,181.827003
Spoon\D00144_05_scaled.obj,0.235817,0.000763,199.122428,0.377125,1.002561,0.716840,182.013870,0.285675,0.000881,265.625654,0.456860,1.002561,0.827548,181.827180
Spoon\D00144_unified.obj,0.235817,0.000763,199.122428,0.377125,1.002561,0.716840,182.013870,0.285675,0.000881,265.625654,0.456860,1.002561,0.827548,181.827180
Spoon\D00790_00_original.obj,304.259710,117.787254,17.950823,0.332175,20.061428,5.470623,182.040100,101.419903,88.935420,1.166186,0.110725,20.061428,4.130601,182.040100
Spoon\D00790_01_remeshed.obj,101.360335,39.228445,5.983421,0.110660,20.061428,0.678497,163.777713,141.541076,5.170128,937.977813,0.154527,20.061428,0.089423,163.758438
Spoon\D00790_02_translated.obj,101.360337,37.386225,6.587620,0.110660,20.061427,33.631055,163.777714,141.541081,33.773765,21.980430,0.154527,20.061427,30.381441,163.758440
Spoon\D00790_03_aligned.obj,101.360334,37.386223,6.587620,0.291744,20.061428,2.963125,163.777710,141.541077,33.773766,21.980427,0.407395,20.061428,2.676812,163.758435
Spoon\D00790_04_flipped.obj,101.360334,37.386223,6.587620,0.291744,20.061428,5.783432,163.777710,141.541077,33.773766,21.980427,0.407395,20.061428,5.224606,163.758435
Spoon\D00790_05_scaled.obj,0.252048,0.004636,6.587635,0.291743,1.000389,15.091646,163.777662,0.351963,0.004188,21.980456,0.407395,1.000389,13.633420,163.758387
Spoon\D00790_unified.obj,0.252048,0.004636,6.587635,0.291743,1.000389,15.091646,163.777662,0.351963,0.004188,21.980456,0.407395,1.000389,13.633420,163.758387
Starship\m1360_00_original.obj,0.980397,0.008022,129.487502,0.723637,0.967728,2.095963,16.563940,1.083643,0.010762,97.145361,0.799843,0.967728,2.863740,16.796223
Starship\m1360_01_remeshed.obj,0.873242,0.006710,130.755401,0.644545,0.967728,0.559554,17.225937,1.128031,0.003975,803.076177,0.832606,0.967728,0.329348,17.326473
Starship\m1360_02_translated.obj,0.873241,0.006625,134.136537,0.644544,0.967728,1.030384,17.225925,1.128031,0.003678,937.944498,0.832606,0.967728,0.724667,17.326462
Starship\m1360_03_aligned.obj,0.873241,0.006625,134.134822,0.641213,0.967728,2.255958,17.225923,1.128031,0.003678,938.110850,0.828303,0.967728,1.252434,17.326460
Starship\m1360_04_flipped.obj,0.873241,0.006625,134.134822,0.641213,0.967728,7.496736,17.225923,1.128031,0.003678,938.110850,0.828303,0.967728,4.161943,17.326460
Starship\m1360_05_scaled.obj,0.984301,0.007929,134.132791,0.641212,1.027424,14.365321,17.225925,1.271495,0.004400,938.700405,0.828302,1.027424,7.972590,17.326462
Starship\m1360_unified.obj,0.984301,0.007929,134.132791,0.641212,1.027424,14.365321,17.225925,1.271495,0.004400,938.700405,0.828302,1.027424,7.972590,17.326462
Starship\m1361_00_original.obj,1.120868,0.017666,39.894915,0.501998,1.010281,1.375228,52.605263,1.124279,0.017800,39.658811,0.503525,1.010281,1.385616,52.675631
Starship\m1361_01_remeshed.obj,1.120868,0.017666,39.894862,0.501998,1.010281,0.891380,54.905148,1.124279,0.017800,39.658751,0.503525,1.010281,0.898113,54.906244
Starship\m1361_02_translated.obj,1.120867,0.017824,39.191074,0.501998,1.010281,8.218325,54.905204,1.124278,0.017800,39.658980,0.503525,1.010281,8.207019,54.906300
Starship\m1361_03_aligned.obj,1.120867,0.017824,39.190875,0.527711,1.010281,3.422722,54.905152,1.124278,0.017800,39.658778,0.529317,1.010281,3.418013,54.906247
Starship\m1361_04_flipped.obj,1.120867,0.017824,39.190875,0.527711,1.010281,3.422722,54.905152,1.124278,0.017800,39.658778,0.529317,1.010281,3.418013,54.906247
Starship\m1361_05_scaled.obj,1.218602,0.020206,39.190912,0.527711,1.053407,5.080754,54.905129,1.222310,0.020178,39.658819,0.529317,1.053407,5.073765,54.906224
Starship\m1361_unified.obj,1.218602,0.020206,39.190912,0.527711,1.053407,5.080754,54.905129,1.222310,0.020178,39.658819,0.529317,1.053407,5.073765,54.906224
Starship\m1370_00_original.obj,0.609855,0.006716,44.468657,0.435007,0.967153,2.872123,16.281431,0.609831,0.008223,29.655862,0.434989,0.967153,3.516809,16.258236
Starship\m1370_01_remeshed.obj,0.597444,0.006587,43.458276,0.426154,0.967153,2.458725,22.467315,0.618679,0.006498,49.593778,0.441301,0.967153,2.425410,22.431565
Starship\m1370_02_translated.obj,0.597444,0.006967,38.845879,0.426154,0.967153,0.709079,22.467316,0.618679,0.006746,46.010603,0.441301,0.967153,0.686579,22.431566
Starship\m1370_03_aligned.obj,0.597444,0.006967,38.845945,0.412518,0.967153,1.042049,22.467302,0.618679,0.006746,46.010691,0.427180,0.967153,1.008983,22.431551
Starship\m1370_04_flipped.obj,0.597444,0.006967,38.845945,0.412518,0.967153,0.663095,22.467302,0.618679,0.006746,46.010691,0.427180,0.967153,0.642055,22.431551
Starship\m1370_05_scaled.obj,0.651202,0.007928,38.845781,0.412517,1.009728,0.752229,22.467303,0.674348,0.007677,46.010410,0.427180,1.009728,0.728361,22.431553
Starship\m1370_unified.obj,0.651202,0.007928,38.845781,0.412517,1.009728,0.752229,22.467303,0.674348,0.007677,46.010410,0.427180,1.009728,0.728361,22.431553
Starship\m1376_00_original.obj,0.383983,0.006469,11.961133,0.493977,0.950082,61.275925,168.919387,0.383983,0.006469,11.961132,0.493977,0.950082,61.275925,168.919387
Starship\m1376_01_remeshed.obj,0.383982,0.006469,11.961130,0.493977,0.950082,13.736126,175.934995,0.383982,0.006469,11.961130,0.493977,0.950082,13.736126,175.934995
Starship\m1376_02_translated.obj,0.383982,0.006469,11.961127,0.493977,0.950082,5.728939,175.934644,0.383982,0.006469,11.961127,0.493977,0.950082,5.728939,175.934644
Starship\m1376_03_aligned.obj,0.383983,0.006469,11.961123,0.494025,0.950082,9.986365,175.934780,0.383983,0.006469,11.961123,0.494025,0.950082,9.986365,175.934780
Starship\m1376_04_flipped.obj,0.383983,0.006469,11.961123,0.494025,0.950082,5.908851,175.934780,0.383983,0.006469,11.961123,0.494025,0.950082,5.908851,175.934780
Starship\m1376_05_scaled.obj,0.425472,0.007546,11.961142,0.494027,1.000093,31.514245,175.934728,0.425472,0.007546,11.961142,0.494027,1.000093,31.514245,175.934728
Starship\m1376_unified.obj,0.425472,0.007546,11.961142,0.494027,1.000093,31.514245,175.934728,0.425472,0.007546,11.961142,0.494027,1.000093,31.514245,175.934728
SubmachineGun\D00219_00_original.obj,1.772005,0.037101,35.742267,0.470347,1.967371,12.324585,187.705551,2.017496,0.034389,61.396066,0.535508,1.967371,11.423910,189.012361
SubmachineGun\D00219_01_remeshed.obj,1.772005,0.037101,35.742271,0.470347,1.967371,7.473232,102.607810,2.021060,0.034299,62.048843,0.536454,1.967371,6.908825,102.870578
SubmachineGun\D00219_02_translated.obj,1.772005,0.037483,35.016718,0.470347,1.967371,8.070988,102.607881,2.021061,0.034299,62.048894,0.536454,1.967371,7.385314,102.870649
SubmachineGun\D00219_03_aligned.obj,1.772005,0.037483,35.016618,0.466490,1.967371,25.128438,102.607833,2.021060,0.034299,62.048696,0.532055,1.967371,22.993643,102.870601
SubmachineGun\D00219_04_flipped.obj,1.772005,0.037483,35.016618,0.466490,1.967371,15.335197,102.607833,2.021060,0.034299,62.048696,0.532055,1.967371,14.032390,102.870601
SubmachineGun\D00219_05_scaled.obj,0.478728,0.005263,35.016795,0.466490,1.022583,4.131636,102.607975,0.546013,0.004816,62.049006,0.532055,1.022583,3.780633,102.870743
SubmachineGun\D00219_unified.obj,0.478728,0.005263,35.016795,0.466490,1.022583,4.131636,102.607975,0.546013,0.004816,62.049006,0.532055,1.022583,3.780633,102.870743
SubmachineGun\D00893_00_original.obj,1.074169,0.023221,20.323116,0.414210,1.866077,5.039705,588.361629,1.103757,0.022097,24.349209,0.425619,1.866077,4.795779,598.040272
SubmachineGun\D00893_01_remeshed.obj,1.072768,0.023175,20.324089,0.413670,1.866077,1.925344,786.822537,1.104697,0.022208,24.168315,0.425982,1.866077,1.845002,787.107862
SubmachineGun\D00893_02_translated.obj,1.072768,0.023275,20.150604,0.413670,1.866077,15.328039,786.823213,1.104697,0.022208,24.168327,0.425982,1.866077,14.625589,787.108539
SubmachineGun\D00893_03_aligned.obj,1.072768,0.023275,20.150592,0.414132,1.866077,9.103653,786.823017,1.104697,0.022208,24.168322,0.426458,1.866077,8.686451,787.108342
SubmachineGun\D00893_04_flipped.obj,1.072768,0.023275,20.150592,0.414132,1.866077,9.103653,786.823017,1.104697,0.022208,24.168322,0.426458,1.866077,8.686451,787.108342
SubmachineGun\D00893_05_scaled.obj,0.308173,0.003584,20.150587,0.414132,1.000170,68.405602,786.822933,0.317345,0.003419,24.168317,0.426458,1.000170,65.270717,787.108259
SubmachineGun\D00893_unified.obj,0.308173,0.003584,20.150587,0.414132,1.000170,68.405602,786.822933,0.317345,0.003419,24.168317,0.426458,1.000170,65.270717,787.108259
Sword\D00356_00_original.obj,0.408325,0.002442,100.975445,0.326361,1.456272,25.845194,12.240082,0.408734,0.002325,111.710034,0.326688,1.456272,24.608967,12.256106
Sword\D00356_01_remeshed.obj,0.408326,0.002442,100.975696,0.326361,1.456272,319.686795,9.752078,0.408711,0.002502,96.401141,0.326669,1.456272,327.647299,9.760095
Sword\D00356_02_translated.obj,0.408325,0.002441,101.013999,0.326361,1.456272,2.244360,9.752075,0.408711,0.002284,115.767917,0.326669,1.456272,2.099442,9.760092
Sword\D00356_03_aligned.obj,0.408325,0.002441,101.014414,0.326053,1.456272,3.901315,9.752076,0.408711,0.002284,115.768389,0.326361,1.456272,3.649407,9.760093
Sword\D00356_04_flipped.obj,0.408325,0.002441,101.014414,0.326053,1.456272,3.901315,9.752076,0.408711,0.002284,115.768389,0.326361,1.456272,3.649407,9.760093
Sword\D00356_05_scaled.obj,0.192657,0.000791,101.013756,0.326052,1.000304,6.400460,9.752079,0.192839,0.000740,115.767342,0.326359,1.000304,5.987189,9.760095
Sword\D00356_unified.obj,0.192657,0.000791,101.013756,0.326052,1.000304,6.400460,9.752079,0.192839,0.000740,115.767342,0.326359,1.000304,5.987189,9.760095
Sword\D00808_00_original.obj,0.676311,0.005373,94.746754,0.290847,1.612730,0.460086,243.486873,0.669700,0.003788,185.118375,0.288004,1.612730,0.324337,243.486873
Sword\D00808_01_remeshed.obj,0.659506,0.005373,87.850190,0.283620,1.612730,0.411081,366.417274,0.663555,0.004839,110.307276,0.285362,1.612730,0.370240,366.430308
Sword\D00808_02_translated.obj,0.659507,0.005373,87.857430,0.283621,1.612730,0.398025,366.417171,0.663556,0.004795,112.362795,0.285362,1.612730,0.355202,366.430205
Sword\D00808_03_aligned.obj,0.659508,0.005373,87.857601,0.283704,1.612730,1.418402,366.417061,0.663557,0.004795,112.363343,0.285446,1.612730,1.265797,366.430095
Sword\D00808_04_flipped.obj,0.659508,0.005373,87.857601,0.283704,1.612730,1.418402,366.417061,0.663557,0.004795,112.363343,0.285446,1.612730,1.265797,366.430095
Sword\D00808_05_scaled.obj,0.254016,0.001284,87.857686,0.283704,1.000882,0.687904,366.417253,0.255575,0.001146,112.363225,0.285445,1.000882,0.613893,366.430287
Sword\D00808_unified.obj,0.254016,0.001284,87.857686,0.283704,1.000882,0.687904,366.417253,0.255575,0.001146,112.363225,0.285445,1.000882,0.613893,366.430287
Sword\m697_00_original.obj,0.086935,0.000199,146.727066,0.202336,0.950066,0.271915,3001.446084,0.086935,0.000199,146.727066,0.202336,0.950066,0.271915,3001.446084
Sword\m697_01_remeshed.obj,0.086935,0.000199,146.725885,0.202337,0.950066,0.308815,3166.228865,0.086935,0.000199,146.725885,0.202337,0.950066,0.308815,3166.228865
Sword\m697_02_translated.obj,0.086935,0.000199,146.730113,0.202337,0.950066,0.676875,3166.205099,0.086935,0.000199,146.730113,0.202337,0.950066,0.676875,3166.205099
Sword\m697_03_aligned.obj,0.086935,0.000199,146.726044,0.202336,0.950066,0.860922,3166.201680,0.086935,0.000199,146.726044,0.202336,0.950066,0.860922,3166.201680
Sword\m697_04_flipped.obj,0.086935,0.000199,146.726044,0.202336,0.950066,0.860922,3166.201680,0.086935,0.000199,146.726044,0.202336,0.950066,0.860922,3166.201680
Sword\m697_05_scaled.obj,0.096327,0.000232,146.727707,0.202336,1.000067,1.553632,3166.202962,0.096327,0.000232,146.727707,0.202336,1.000067,1.553632,3166.202962
Sword\m697_unified.obj,0.096327,0.000232,146.727707,0.202336,1.000067,1.553632,3166.202962,0.096327,0.000232,146.727707,0.202336,1.000067,1.553632,3166.202962
Sword\m703_00_original.obj,0.139375,0.000386,160.843112,0.590622,0.950054,1.133853,1478.296872,0.141999,0.000386,170.172685,0.601744,0.950054,1.133617,1480.345619
Sword\m703_01_remeshed.obj,0.139375,0.000386,160.847244,0.590622,0.950054,45.891840,1554.989099,0.141999,0.000386,170.177443,0.601745,0.950054,45.882253,1555.138529
Sword\m703_02_translated.obj,0.139375,0.000386,160.877315,0.590621,0.950054,3.421417,1555.000406,0.141999,0.000386,170.173053,0.601744,0.950054,3.421067,1555.149837
Sword\m703_03_aligned.obj,0.139374,0.000386,160.876263,0.588679,0.950054,45.262569,1554.998784,0.141999,0.000386,170.171380,0.599765,0.950054,45.258004,1555.148215
Sword\m703_04_flipped.obj,0.139374,0.000386,160.876263,0.588679,0.950054,2.838297,1554.998784,0.141999,0.000386,170.171380,0.599765,0.950054,2.838011,1555.148215
Sword\m703_05_scaled.obj,0.154431,0.000450,160.877911,0.588677,1.000055,5.302305,1554.997864,0.157339,0.000450,170.173244,0.599763,1.000055,5.301768,1555.147295
Sword\m703_unified.obj,0.154431,0.000450,160.877911,0.588677,1.000055,5.302305,1554.997864,0.157339,0.000450,170.173244,0.599763,1.000055,5.301768,1555.147295
Sword\m715_00_original.obj,0.126318,0.000334,159.466571,0.158512,0.950000,0.240480,9.433693,0.126318,0.000305,192.152735,0.158512,0.950000,0.219073,9.358692
Sword\m715_01_remeshed.obj,0.126545,0.000297,203.571712,0.158798,0.950000,0.144834,8.139499,0.128956,0.000174,628.935382,0.161822,0.950000,0.084765,8.155717
Sword\m715_02_translated.obj,0.126545,0.000330,164.753201,0.158798,0.950000,1.049529,8.139487,0.128956,0.000305,204.181537,0.161822,0.950000,0.969829,8.158432
Sword\m715_03_aligned.obj,0.126545,0.000330,164.752975,0.158751,0.950001,0.247119,8.139499,0.128956,0.000306,202.091123,0.161775,0.950001,0.229531,8.161168
Sword\m715_04_flipped.obj,0.126545,0.000330,164.752975,0.158751,0.950001,0.247119,8.139499,0.128956,0.000306,202.091123,0.161775,0.950001,0.229531,8.161168
Sword\m715_05_scaled.obj,0.140225,0.000385,164.753738,0.158751,1.000033,0.270827,8.139501,0.142896,0.000355,204.308101,0.161774,1.000033,0.250184,8.161170
Sword\m715_unified.obj,0.140225,0.000385,164.753738,0.158751,1.000033,0.270827,8.139501,0.142896,0.000355,204.308101,0.161774,1.000033,0.250184,8.161170
Sword\m719_00_original.obj,0.269290,0.003580,13.470202,0.384518,0.950000,0.738100,150.760153,0.269290,0.003580,13.470202,0.384518,0.950000,0.738100,150.760153
Sword\m719_01_remeshed.obj,0.269290,0.003580,13.470199,0.384518,0.950000,0.793281,169.824112,0.269290,0.003580,13.470199,0.384518,0.950000,0.793281,169.824112
Sword\m719_02_translated.obj,0.269290,0.003580,13.470182,0.384518,0.950000,11.078376,169.823863,0.269290,0.003580,13.470182,0.384518,0.950000,11.078376,169.823863
Sword\m719_03_aligned.obj,0.269289,0.003580,13.470203,0.412025,0.950000,2.776798,169.823980,0.269289,0.003580,13.470203,0.412025,0.950000,2.776798,169.823980
Sword\m719_04_flipped.obj,0.269289,0.003580,13.470203,0.412025,0.950000,1.713781,169.823980,0.269289,0.003580,13.470203,0.412025,0.950000,1.713781,169.823980
Sword\m719_05_scaled.obj,0.298382,0.004176,13.470204,0.412026,1.000000,3.168961,169.824032,0.298382,0.004176,13.470204,0.412026,1.000000,3.168961,169.824032
Sword\m719_unified.obj,0.298382,0.004176,13.470204,0.412026,1.000000,3.168961,169.824032,0.298382,0.004176,13.470204,0.412026,1.000000,3.168961,169.824032
Tool\D01086_00_original.obj,1.508755,0.054893,10.077978,0.285201,1.942113,6.111816,87.519515,1.508755,0.054893,10.077978,0.285201,1.942113,6.111816,87.519515
Tool\D01086_01_remeshed.obj,1.508755,0.054893,10.077977,0.285201,1.942113,13.583440,61.229264,1.508755,0.054893,10.077977,0.285201,1.942113,13.583440,61.229264
Tool\D01086_02_translated.obj,1.508755,0.054893,10.077981,0.285201,1.942113,11.495299,61.229269,1.508755,0.054893,10.077981,0.285201,1.942113,11.495299,61.229269
Tool\D01086_03_aligned.obj,1.508755,0.054893,10.077977,0.421052,1.942113,14.780235,61.229267,1.508755,0.054893,10.077977,0.421052,1.942113,14.780235,61.229267
Tool\D01086_04_flipped.obj,1.508755,0.054893,10.077977,0.421052,1.942113,2.653050,61.229267,1.508755,0.054893,10.077977,0.421052,1.942113,2.653050,61.229267
Tool\D01086_05_scaled.obj,0.401694,0.007541,10.077979,0.421052,1.002105,2.807943,61.229237,0.401694,0.007541,10.077979,0.421052,1.002105,2.807943,61.229237
Tool\D01086_unified.obj,0.401694,0.007541,10.077979,0.421052,1.002105,2.807943,61.229237,0.401694,0.007541,10.077979,0.421052,1.002105,2.807943,61.229237
Tool\D01142_00_original.obj,1.650790,0.059580,11.205142,0.286223,1.908610,19.519484,68.031246,1.650790,0.059580,11.205142,0.286223,1.908610,19.519484,68.031246
Tool\D01142_01_remeshed.obj,1.650790,0.059580,11.205141,0.286223,1.908610,2.533411,53.334687,1.650790,0.059580,11.205141,0.286223,1.908610,2.533411,53.334687
Tool\D01142_02_translated.obj,1.650790,0.059580,11.205141,0.286223,1.908610,2.508605,53.334675,1.650790,0.059580,11.205141,0.286223,1.908610,2.508605,53.334675
Tool\D01142_03_aligned.obj,1.650790,0.059580,11.205140,0.290052,1.908610,3.467127,53.334674,1.650790,0.059580,11.205140,0.290052,1.908610,3.467127,53.334674
Tool\D01142_04_flipped.obj,1.650790,0.059580,11.205140,0.290052,1.908610,3.467127,53.334674,1.650790,0.059580,11.205140,0.290052,1.908610,3.467127,53.334674
Tool\D01142_05_scaled.obj,0.630288,0.014056,11.205144,0.290053,1.179344,11.184284,53.334675,0.630288,0.014056,11.205144,0.290053,1.179344,11.184284,53.334675
Tool\D01142_unified.obj,0.630288,0.014056,11.205144,0.290053,1.179344,11.184284,53.334675,0.630288,0.014056,11.205144,0.290053,1.179344,11.184284,53.334675
Tool\m1105_00_original.obj,0.349264,0.002971,42.681770,0.528060,0.951566,1.022160,457.234038,0.349264,0.002971,42.681770,0.528060,0.951566,1.022160,457.234038
Tool\m1105_01_remeshed.obj,0.349264,0.002971,42.681766,0.528060,0.951566,0.954897,511.496831,0.349264,0.002971,42.681766,0.528060,0.951566,0.954897,511.496831
Tool\m1105_02_translated.obj,0.349264,0.002971,42.681879,0.528061,0.951566,4.662474,511.495095,0.349264,0.002971,42.681879,0.528061,0.951566,4.662474,511.495095
Tool\m1105_03_aligned.obj,0.349264,0.002971,42.681806,0.522241,0.951566,3.444571,511.496036,0.349264,0.002971,42.681806,0.522241,0.951566,3.444571,511.496036
Tool\m1105_04_flipped.obj,0.349264,0.002971,42.681806,0.522241,0.951566,3.042280,511.496036,0.349264,0.002971,42.681806,0.522241,0.951566,3.042280,511.496036
Tool\m1105_05_scaled.obj,0.385764,0.003449,42.682191,0.522242,1.000053,2.786966,511.495853,0.385764,0.003449,42.682191,0.522242,1.000053,2.786966,511.495853
Tool\m1105_unified.obj,0.385764,0.003449,42.682191,0.522242,1.000053,2.786966,511.495853,0.385764,0.003449,42.682191,0.522242,1.000053,2.786966,511.495853
Tool\m1109_00_original.obj,0.531424,0.025650,2.016937,0.362447,0.992384,8.226871,69.038185,0.559670,0.012462,9.981160,0.381712,0.992384,3.996933,69.010081
Tool\m1109_01_remeshed.obj,0.531424,0.026348,1.911476,0.362447,0.992384,20.963364,69.969133,0.559670,0.012462,9.981160,0.381712,0.992384,7.487561,69.969378
Tool\m1109_02_translated.obj,0.531424,0.005525,43.473821,0.362447,0.992384,1.053493,69.969130,0.559670,0.012462,9.981161,0.381712,0.992384,9.315231,69.969374
Tool\m1109_03_aligned.obj,0.531424,0.005525,43.474060,0.347743,0.992383,1.119661,69.969129,0.559670,0.012462,9.981159,0.366226,0.992383,2.525500,69.969373
Tool\m1109_04_flipped.obj,0.531424,0.005525,43.474060,0.347743,0.992383,1.135208,69.969129,0.559670,0.012462,9.981159,0.366226,0.992383,2.560570,69.969373
Tool\m1109_05_scaled.obj,0.545399,0.005744,43.474279,0.347742,1.005348,1.374339,69.969110,0.574388,0.012957,9.981170,0.366225,1.005348,3.099959,69.969354
Tool\m1109_unified.obj,0.545399,0.005744,43.474279,0.347742,1.005348,1.374339,69.969110,0.574388,0.012957,9.981170,0.366225,1.005348,3.099959,69.969354
Tool\m590_00_original.obj,0.950895,0.011043,62.345883,0.566185,1.023912,1.262762,20.318134,1.077123,0.009842,114.062159,0.641344,1.023912,1.125521,20.439553
Tool\m590_01_remeshed.obj,0.938422,0.010660,64.305127,0.558759,1.023912,4.536693,16.735442,1.075794,0.010602,97.943721,0.640553,1.023912,4.503307,16.808678
Tool\m590_02_translated.obj,0.938423,0.011508,55.174654,0.558759,1.023912,2.613637,16.735449,1.075795,0.009362,125.613908,0.640553,1.023912,2.170399,16.808685
Tool\m590_03_aligned.obj,0.938422,0.011508,55.174584,0.566748,1.023912,5.226351,16.735448,1.075794,0.009362,125.613967,0.649711,1.023912,4.251530,16.808685
Tool\m590_04_flipped.obj,0.938422,0.011508,55.174584,0.566748,1.023912,5.226351,16.735448,1.075794,0.009362,125.613967,0.649711,1.023912,4.251530,16.808685
Tool\m590_05_scaled.obj,0.927693,0.011311,55.174507,0.566749,1.018041,5.128449,16.735445,1.063494,0.009201,125.613830,0.649713,1.018041,4.171888,16.808682
Tool\m590_unified.obj,0.927693,0.011311,55.174507,0.566749,1.018041,5.128449,16.735445,1.063494,0.009201,125.613830,0.649713,1.018041,4.171888,16.808682
Train\D01089_00_original.obj,2578.249124,2904.145731,17.967409,3.481858,29.363516,60.624153,50.063560,859.121387,628.776969,14.181363,1.160221,29.363516,13.125743,50.066698
Train\D01089_01_remeshed.obj,853.520615,959.050772,5.977320,1.152657,29.363516,31.760483,51.091400,1029.036587,282.687423,120.566624,1.389687,29.363516,9.361641,51.032689
Train\D01089_02_translated.obj,853.520549,838.650695,7.816770,1.152657,29.363516,6.001716,51.091407,1029.036505,467.453709,44.092300,1.389687,29.363516,3.345283,51.032695
Train\D01089_03_aligned.obj,853.520564,838.650730,7.816770,0.939598,29.363516,18.747821,51.091401,1029.036546,488.164591,40.430348,1.132815,29.363516,10.912794,51.133720
Train\D01089_04_flipped.obj,853.520564,838.650730,7.816770,0.939598,29.363516,18.747821,51.091401,1029.036546,488.164591,40.430348,1.132815,29.363516,10.912794,51.133720
Train\D01089_05_scaled.obj,0.996651,0.033464,7.816774,0.939600,1.003397,9.542572,51.091396,1.201600,0.019479,40.430624,1.132818,1.003397,5.554557,51.133715
Train\D01089_unified.obj,0.996651,0.033464,7.816774,0.939600,1.003397,9.542572,51.091396,1.201600,0.019479,40.430624,1.132818,1.003397,5.554557,51.133715
Train\D01095_00_original.obj,723.496189,374.131881,23.922520,1.907962,14.717988,7.889611,30.685376,241.165396,99.090260,12.630794,0.635987,14.717988,2.089594,30.685376
Train\D01095_01_remeshed.obj,240.779687,124.738576,7.932418,0.634970,14.717988,3.887797,33.353633,348.162118,112.760435,29.348012,0.918153,14.717988,3.497427,33.583983
Train\D01095_02_translated.obj,240.779655,126.522839,7.710262,0.634970,14.717988,18.678521,33.353635,348.162108,112.530423,29.468107,0.918153,14.717988,17.031862,33.583986
Train\D01095_03_aligned.obj,240.779672,126.522825,7.710265,0.922255,14.717988,24.285203,33.353633,348.162095,112.526926,29.469935,1.333560,14.717988,21.598785,33.559825
Train\D01095_04_flipped.obj,240.779672,126.522825,7.710265,0.922255,14.717988,24.285203,33.353633,348.162095,112.526926,29.469935,1.333560,14.717988,21.598785,33.559825
Train\D01095_05_scaled.obj,1.149283,0.041723,7.710292,0.922254,1.016838,63.402915,33.353642,1.661837,0.037108,29.470011,1.333558,1.016838,56.389302,33.559834
Train\D01095_unified.obj,1.149283,0.041723,7.710292,0.922254,1.016838,63.402915,33.353642,1.661837,0.037108,29.470011,1.333558,1.016838,56.389302,33.559834
Train\D01134_00_original.obj,995957.324334,7871871.484094,140.965821,3.772221,575.511127,35.187510,70.763475,331956.932096,1506568.091356,142.500151,1.257298,575.511127,6.734406,70.763475
Train\D01134_01_remeshed.obj,331951.077883,2622424.194403,47.028810,1.257276,575.511127,11.484416,70.715684,562610.424492,1478943.225418,719.892993,2.130905,575.511127,5.536018,70.341258
Train\D01134_02_translated.obj,331951.075371,2611269.388959,47.431462,1.257276,575.511126,7.928294,70.715684,562610.422777,1521301.604725,680.362394,2.130905,575.511126,4.179709,70.341258
Train\D01134_03_aligned.obj,331951.078074,2611269.393877,47.431463,1.244033,575.511126,10.697481,70.715684,562610.424677,1521301.601417,680.362403,2.108460,575.511126,6.239505,70.396181
Train\D01134_04_flipped.obj,331951.078074,2611269.393877,47.431463,1.244033,575.511126,7.243547,70.715684,562610.424677,1521301.601417,680.362403,2.108460,575.511126,6.634784,70.396181
Train\D01134_05_scaled.obj,1.009176,0.013842,47.431723,1.244032,1.003460,10.547692,70.715684,1.710411,0.008064,680.367344,2.108459,1.003460,11.499048,70.397131
Train\D01134_unified.obj,1.009176,0.013842,47.431723,1.244032,1.003460,10.547692,70.715684,1.710411,0.008064,680.367344,2.108459,1.003460,11.499048,70.397131
Tree\D00223_00_original.obj,7.461512,0.065553,854.767414,0.495853,1.895808,0.639105,4.765750,12.800848,0.023001,35056.396868,0.850678,1.895808,0.224249,4.776203
Tree\D00223_01_remeshed.obj,4.226891,0.046109,314.075667,0.282996,1.891144,0.936359,3.664016,6.953881,0.021015,6732.180584,0.465572,1.891144,0.097261,3.810142
Tree\D00223_02_translated.obj,4.226892,0.006948,13833.936687,0.282997,1.891144,0.100681,3.664014,6.953883,0.020995,6745.454844,0.465573,1.891144,0.108489,3.810140
Tree\D00223_03_aligned.obj,4.226890,0.006947,13834.581626,0.253458,1.891143,0.032175,3.664016,6.953880,0.020995,6745.448754,0.416978,1.891143,0.087974,3.810142
Tree\D00223_04_flipped.obj,4.226890,0.006947,13834.581626,0.253458,1.891143,0.032175,3.664016,6.953880,0.020995,6745.448754,0.416978,1.891143,0.087974,3.810142
Tree\D00223_05_scaled.obj,1.365537,0.001276,13834.042986,0.253459,1.074894,0.033066,3.664016,2.246517,0.003855,6745.472580,0.416978,1.074894,0.090173,3.810142
Tree\D00223_unified.obj,1.365537,0.001276,13834.042986,0.253459,1.074894,0.033066,3.664016,2.246517,0.003855,6745.472580,0.416978,1.074894,0.090173,3.810142
Tree\D00393_00_original.obj,2.451751,0.053803,45.016405,0.141588,1.852438,2.218766,5.217925,3.563098,0.007402,7301.143704,0.205768,1.852438,0.305231,5.259494
Tree\D00393_01_remeshed.obj,2.115446,0.053585,29.151883,0.122949,1.833531,0.369217,3.918561,3.122059,0.007164,5243.176043,0.181453,1.833531,0.049360,4.105572
Tree\D00393_02_translated.obj,2.115446,0.067310,18.475443,0.122949,1.833531,0.368900,3.918561,3.122059,0.007164,5243.173698,0.181453,1.833531,0.039262,4.105573
Tree\D00393_03_aligned.obj,2.115448,0.067310,18.475472,0.126517,1.833531,0.315980,3.918561,3.122061,0.007164,5243.173272,0.186719,1.833531,0.021523,4.105572
Tree\D00393_04_flipped.obj,2.115448,0.067310,18.475472,0.126517,1.833531,0.315980,3.918561,3.122061,0.007164,5243.173272,0.186719,1.833531,0.021523,4.105572
Tree\D00393_05_scaled.obj,0.688558,0.012499,18.475434,0.126517,1.046062,0.315981,3.918561,1.016201,0.001330,5243.159337,0.186719,1.046062,0.021523,4.105572
Tree\D00393_unified.obj,0.688558,0.012499,18.475434,0.126517,1.046062,0.315981,3.918561,1.016201,0.001330,5243.159337,0.186719,1.046062,0.021523,4.105572
Tree\m1092_00_original.obj,1.427513,0.012970,152.892120,0.323592,1.144074,0.361432,1.893500,1.427513,0.012970,152.892120,0.323592,1.144074,0.361432,1.893500
Tree\m1092_01_remeshed.obj,1.427514,0.012970,152.892207,0.323592,1.144074,0.281942,5.407363,1.427514,0.012970,152.892207,0.323592,1.144074,0.281942,5.407363
Tree\m1092_02_translated.obj,1.427514,0.012970,152.892280,0.323592,1.144074,1.272998,5.407362,1.427514,0.012970,152.892280,0.323592,1.144074,1.272998,5.407362
Tree\m1092_03_aligned.obj,1.427514,0.012970,152.892780,0.246087,1.144075,0.116492,5.407363,1.427514,0.012970,152.892780,0.246087,1.144075,0.116492,5.407363
Tree\m1092_04_flipped.obj,1.427514,0.012970,152.892780,0.246087,1.144075,0.116492,5.407363,1.427514,0.012970,152.892780,0.246087,1.144075,0.116492,5.407363
Tree\m1092_05_scaled.obj,1.156570,0.009459,152.892049,0.246087,1.029793,0.114147,5.407363,1.156570,0.009459,152.892049,0.246087,1.029793,0.114147,5.407363
Tree\m1092_unified.obj,1.156570,0.009459,152.892049,0.246087,1.029793,0.114147,5.407363,1.156570,0.009459,152.892049,0.246087,1.029793,0.114147,5.407363
Tree\m1095_00_original.obj,0.438617,0.051560,0.280662,0.082898,1.005050,5.915847,1.580756,0.617149,0.003046,223.953096,0.116640,1.005050,0.185101,1.453565
Tree\m1095_01_remeshed.obj,0.426451,0.051706,0.256495,0.080598,1.005050,1.162995,3.971429,0.616667,0.000940,2344.444436,0.116549,1.005050,0.021198,3.811687
Tree\m1095_02_translated.obj,0.426451,0.013388,3.825544,0.080599,1.005050,0.226982,3.971431,0.616668,0.000940,2344.491650,0.116549,1.005050,0.015926,3.811689
Tree\m1095_03_aligned.obj,0.426452,0.013388,3.825550,0.080820,1.005050,0.316943,3.971429,0.616670,0.000940,2344.466153,0.116869,1.005050,0.022263,3.811687
Tree\m1095_04_flipped.obj,0.426452,0.013388,3.825550,0.080820,1.005050,1.933078,3.971429,0.616670,0.000940,2344.466153,0.116869,1.005050,0.135784,3.811687
Tree\m1095_05_scaled.obj,0.464103,0.015200,3.825532,0.080820,1.048480,2.055098,3.971429,0.671114,0.001068,2344.457502,0.116869,1.048480,0.144355,3.811687
Tree\m1095_unified.obj,0.464103,0.015200,3.825532,0.080820,1.048480,2.055098,3.971429,0.671114,0.001068,2344.457502,0.116869,1.048480,0.144355,3.811687
Tree\m1098_00_original.obj,0.747875,0.116203,0.273904,0.157372,1.025248,3.831219,1.563738,1.448019,0.000844,37719.286464,0.304700,1.025248,0.075354,1.544329
Tree\m1098_01_remeshed.obj,0.745516,0.116180,0.271429,0.156875,1.025248,10.586682,2.164841,1.450034,0.000886,34367.903591,0.305124,1.025248,0.080704,2.113112
Tree\m1098_02_translated.obj,0.745516,0.018972,10.178958,0.156875,1.025248,0.721478,2.164840,1.450034,0.001194,18898.156858,0.305123,1.025248,0.045420,2.113111
Tree\m1098_03_aligned.obj,0.745515,0.018972,10.178959,0.150576,1.025248,0.676498,2.164841,1.450033,0.001194,18898.694324,0.292871,1.025248,0.042749,2.113112
Tree\m1098_04_flipped.obj,0.745515,0.018972,10.178959,0.150576,1.025248,1.488570,2.164841,1.450033,0.001194,18898.694324,0.292871,1.025248,0.093710,2.113112
Tree\m1098_05_scaled.obj,0.865730,0.023741,10.178940,0.150576,1.104820,0.910800,2.164841,1.683851,0.001495,18898.702129,0.292871,1.104820,0.057338,2.113112
Tree\m1098_unified.obj,0.865730,0.023741,10.178940,0.150576,1.104820,0.910800,2.164841,1.683851,0.001495,18898.702129,0.292871,1.104820,0.057338,2.113112
Truck\D00003_00_original.obj,431.898993,62.404665,182.919536,4.301051,7.355620,12.399821,9.395195,143.874912,11.214380,209.388236,1.432773,7.355620,2.228300,9.395195
Truck\D00003_01_remeshed.obj,142.030077,21.068509,57.071726,1.414401,7.355620,4.810571,9.175880,174.925937,5.992589,1317.896231,1.741994,7.355620,1.368287,9.225558
Truck\D00003_02_translated.obj,142.030082,18.163129,76.790466,1.414401,7.355620,13.000758,9.175879,174.925942,2.490679,7629.122991,1.741993,7.355620,1.782772,9.225556
Truck\D00003_03_aligned.obj,142.030090,18.163135,76.790425,1.078450,7.355621,4.932999,9.175880,174.925950,2.490680,7629.120082,1.328232,7.355621,0.676454,9.227093
Truck\D00003_04_flipped.obj,142.030090,18.163135,76.790425,1.078450,7.355621,2.349739,9.175880,174.925950,2.490680,7629.120082,1.328232,7.355621,0.322216,9.227093
Truck\D00003_05_scaled.obj,2.673346,0.046903,76.790477,1.078450,1.009152,2.691770,9.175881,3.292525,0.006432,7629.044925,1.328232,1.009152,0.369120,9.228211
Truck\D00003_unified.obj,2.673346,0.046903,76.790477,1.078450,1.009152,2.691770,9.175881,3.292525,0.006432,7629.044925,1.328232,1.009152,0.369120,9.228211
Truck\D00406_00_original.obj,1.732887,0.045649,22.079849,3.648011,0.534606,323.869675,12.655733,0.577385,0.015473,7.108657,1.215489,0.534606,109.778438,12.655733
Truck\D00406_01_remeshed.obj,0.571207,0.015148,7.181646,1.202484,0.534606,53.102028,7.208121,0.829833,0.014699,23.385302,1.746934,0.534606,51.528466,7.401679
Truck\D00406_02_translated.obj,0.571207,0.015605,6.767263,1.202484,0.534606,9.729375,7.208130,0.829833,0.011654,37.203455,1.746934,0.534606,7.266000,7.401688
Truck\D00406_03_aligned.obj,0.571207,0.015605,6.767268,1.128192,0.534606,82.659216,7.208129,0.829833,0.011654,37.203232,1.639003,0.534606,61.730959,7.401688
Truck\D00406_04_flipped.obj,0.571207,0.015605,6.767268,1.128192,0.534606,82.659216,7.208129,0.829833,0.011654,37.203232,1.639003,0.534606,61.730959,7.401688
Truck\D00406_05_scaled.obj,2.459393,0.139415,6.767261,1.128192,1.109305,22.584901,7.208128,3.572936,0.104117,37.203474,1.639005,1.109305,16.866654,7.401686
Truck\D00406_unified.obj,2.459393,0.139415,6.767261,1.128192,1.109305,22.584901,7.208128,3.572936,0.104117,37.203474,1.639005,1.109305,16.866654,7.401686
Truck\m1573_00_original.obj,1.254054,0.030766,18.422269,1.026622,1.001481,56.470716,13.937868,1.263137,0.034292,15.153567,1.034057,1.001481,62.941696,13.973819
Truck\m1573_01_remeshed.obj,1.227980,0.031026,17.008199,1.006889,1.001481,11.882171,7.295197,1.366575,0.034458,19.004714,1.120531,1.001481,13.196466,7.419409
Truck\m1573_02_translated.obj,1.227980,0.031209,16.810195,1.006889,1.001481,4.930642,7.295201,1.366575,0.034401,19.068261,1.120531,1.001481,5.434975,7.419413
Truck\m1573_03_aligned.obj,1.227980,0.031209,16.810212,0.684975,1.001481,7.002482,7.295198,1.366576,0.034401,19.068303,0.762285,1.001481,7.718732,7.419409
Truck\m1573_04_flipped.obj,1.227980,0.031209,16.810212,0.684975,1.001481,27.580268,7.295198,1.366576,0.034401,19.068303,0.762285,1.001481,30.401319,7.419409
Truck\m1573_05_scaled.obj,1.370373,0.036791,16.810199,0.684975,1.057953,5.884220,7.295197,1.525039,0.040555,19.068312,0.762285,1.057953,6.486085,7.419409
Truck\m1573_unified.obj,1.370373,0.036791,16.810199,0.684975,1.057953,5.884220,7.295197,1.525039,0.040555,19.068312,0.762285,1.057953,6.486085,7.419409
TruckNonContainer\D00215_00_original.obj,1420519.179734,8817818.936108,325.961703,3.414728,504.571492,26.584572,12.875356,473371.080785,3088106.991028,98.348585,1.137917,504.571492,9.310239,12.875356
TruckNonContainer\D00215_01_remeshed.obj,473235.155970,2939272.978915,108.467288,1.137591,504.571492,3.290241,11.965594,562691.848985,2632238.723546,227.357325,1.352632,504.571492,2.946545,11.959328
TruckNonContainer\D00215_02_translated.obj,473235.155594,2861900.006092,114.411509,1.137591,504.571493,6.860189,11.965594,562691.848655,2632238.710824,227.357327,1.352632,504.571493,6.309674,11.959328
TruckNonContainer\D00215_03_aligned.obj,473235.155757,2861900.020445,114.411508,1.103413,504.571493,4.191221,11.965594,562691.848781,2632238.712764,227.357327,1.311993,504.571493,3.469089,11.959328
TruckNonContainer\D00215_04_flipped.obj,473235.155757,2861900.020445,114.411508,1.103413,504.571493,4.191221,11.965594,562691.848781,2632238.712764,227.357327,1.311993,504.571493,3.469089,11.959328
TruckNonContainer\D00215_05_scaled.obj,1.963698,0.024191,114.411537,1.103411,1.027831,14.248486,11.965594,2.334900,0.022250,227.357228,1.311991,1.027831,7.346421,11.959328
TruckNonContainer\D00215_unified.obj,1.963698,0.024191,114.411537,1.103411,1.027831,14.248486,11.965594,2.334900,0.022250,227.357228,1.311991,1.027831,7.346421,11.959328
TruckNonContainer\D00553_00_original.obj,983.624314,122.235788,563.168872,2.670574,14.769541,1.959677,8.279504,327.121528,62.165390,80.089887,0.888146,14.769541,0.996632,8.279504
TruckNonContainer\D00553_02_translated.obj,323.988274,69.870274,61.595730,0.879639,14.769541,1.640414,8.279504,423.827226,28.757477,813.977914,1.150706,14.769541,0.675168,8.278644
TruckNonContainer\D00553_03_aligned.obj,323.988289,69.870273,61.595742,0.829948,14.769542,1.504812,8.279504,423.827248,28.757473,813.978263,1.085701,14.769542,0.619356,8.278004
TruckNonContainer\D00553_04_flipped.obj,323.988289,69.870273,61.595742,0.829948,14.769542,1.029850,8.279504,423.827248,28.757473,813.978263,1.085701,14.769542,0.423870,8.278004
TruckNonContainer\D00553_05_scaled.obj,1.634450,0.025035,61.595885,0.829947,1.049031,0.890622,8.279504,2.138115,0.010304,813.974775,1.085700,1.049031,0.366567,8.278004
TruckNonContainer\D00553_unified.obj,1.634450,0.025035,61.595885,0.829947,1.049031,0.890622,8.279504,2.138115,0.010304,813.974775,1.085700,1.049031,0.366567,8.278004
Vase\m534_00_original.obj,3.358202,0.036511,251.194544,1.086059,1.061040,2.061213,3.894518,3.358202,0.036511,251.194544,1.086059,1.061040,2.061213,3.894518
Vase\m534_01_remeshed.obj,3.358202,0.036511,251.194484,1.086059,1.061040,3.895411,7.465466,3.358202,0.036511,251.194484,1.086059,1.061040,3.895411,7.465466
Vase\m534_02_translated.obj,3.358203,0.036511,251.194677,1.086060,1.061040,7.387550,7.465471,3.358203,0.036511,251.194677,1.086060,1.061040,7.387550,7.465471
Vase\m534_03_aligned.obj,3.358202,0.036511,251.195264,0.940006,1.061041,1.936250,7.465467,3.358202,0.036511,251.195264,0.940006,1.061041,1.936250,7.465467
Vase\m534_04_flipped.obj,3.358202,0.036511,251.195264,0.940006,1.061041,1.936250,7.465467,3.358202,0.036511,251.195264,0.940006,1.061041,1.936250,7.465467
Vase\m534_05_scaled.obj,3.192967,0.033850,251.195051,0.940005,1.034608,30.817281,7.465467,3.192967,0.033850,251.195051,0.940005,1.034608,30.817281,7.465467
Vase\m534_unified.obj,3.192967,0.033850,251.195051,0.940005,1.034608,30.817281,7.465467,3.192967,0.033850,251.195051,0.940005,1.034608,30.817281,7.465467
Vase\m535_00_original.obj,1.490457,0.066759,6.568837,0.450357,1.051736,5.494745,6.269134,1.803628,0.128975,3.118720,0.544985,1.051736,10.615610,6.401708
Vase\m535_01_remeshed.obj,1.490457,0.066759,6.568852,0.450357,1.051736,13.420195,8.741750,1.803629,0.128975,3.118722,0.544985,1.051736,16.853305,8.745483
Vase\m535_02_translated.obj,1.490457,0.080645,4.501443,0.450357,1.051736,10.789865,8.741743,1.803628,0.128975,3.118722,0.544984,1.051736,28.826656,8.745476
Vase\m535_03_aligned.obj,1.490457,0.080645,4.501439,0.454327,1.051737,54.226837,8.741750,1.803629,0.128975,3.118721,0.549789,1.051737,86.724765,8.745483
Vase\m535_04_flipped.obj,1.490457,0.080645,4.501439,0.454327,1.051737,8.142174,8.741750,1.803629,0.128975,3.118721,0.549789,1.051737,13.021747,8.745483
Vase\m535_05_scaled.obj,1.616491,0.091087,4.501438,0.454326,1.095302,4.006354,8.741750,1.956144,0.145676,3.118720,0.549788,1.095302,6.407345,8.745483
Vase\m535_unified.obj,1.616491,0.091087,4.501438,0.454326,1.095302,4.006354,8.741750,1.956144,0.145676,3.118720,0.549788,1.095302,6.407345,8.745483
Violin\D00358_00_original.obj,0.683244,0.007519,49.881711,1.749669,0.609988,3.987578,141.434058,0.227621,0.001458,49.028974,0.582897,0.609988,0.773407,141.434058
Violin\D00358_02_translated.obj,0.294241,0.002480,36.633132,0.753500,0.609988,10.684212,141.434070,0.455687,0.002347,151.865905,1.166936,0.609988,10.113343,141.254231
Violin\D00358_03_aligned.obj,0.294241,0.002480,36.632958,0.809619,0.609988,11.616775,141.434034,0.455688,0.002347,151.864476,1.253849,0.609988,10.996139,141.244743
Violin\D00358_04_flipped.obj,0.294241,0.002480,36.632958,0.809619,0.609988,11.616775,141.434034,0.455688,0.002347,151.864476,1.253849,0.609988,10.996139,141.244743
Violin\D00358_05_scaled.obj,0.791289,0.010936,36.632935,0.809620,1.000316,5.208551,141.434011,1.225460,0.010351,151.864976,1.253849,1.000316,4.930262,141.244722
Violin\D00358_unified.obj,0.609178,0.010799,17.139438,0.623282,1.000317,5.045068,141.411562,1.042702,0.010233,95.724735,1.066843,1.000317,4.780542,141.222893
Violin\D00891_00_original.obj,9262.194171,12650.769502,43.899077,1.750117,74.663165,16.408761,220.242633,3087.275353,3735.777453,18.642825,0.583349,74.663165,4.845514,220.242633
Violin\D00891_01_remeshed.obj,3053.333727,4307.013827,13.568065,0.576936,74.663165,1.376074,234.447822,3266.482231,3516.877984,24.915748,0.617211,74.663165,1.123628,234.967439
Violin\D00891_02_translated.obj,3053.333702,3959.332353,16.055599,0.576936,74.663165,10.298608,234.447822,3266.482198,3099.421789,32.079467,0.617211,74.663165,8.061897,234.967439
Violin\D00891_03_aligned.obj,3053.333736,3959.332259,16.055601,0.563672,74.663165,4.654586,234.447813,3266.482308,3098.307228,32.102555,0.603021,74.663165,3.642366,234.360336
Violin\D00891_04_flipped.obj,3053.333736,3959.332259,16.055601,0.563672,74.663165,4.654586,234.447813,3266.482308,3098.307228,32.102555,0.603021,74.663165,3.642366,234.360336
Violin\D00891_05_scaled.obj,0.548996,0.009546,16.055690,0.563673,1.001161,8.241816,234.448041,0.587322,0.007470,32.102706,0.603022,1.001161,6.449503,234.360564
Violin\D00891_unified.obj,0.548996,0.009546,16.055690,0.563673,1.001161,8.241816,234.448041,0.587322,0.007470,32.102706,0.603022,1.001161,6.449503,234.360564
Wheel\m737_00_original.obj,9.189210,0.262716,99.405030,2.443876,1.048010,12.129661,4.433275,8.997063,0.261663,94.051194,2.392775,1.048010,12.081048,4.433275
Wheel\m737_01_remeshed.obj,8.997063,0.261663,94.051201,2.392775,1.048010,44.003358,4.613537,8.997063,0.261663,94.051201,2.392775,1.048010,44.003358,4.613537
Wheel\m737_02_translated.obj,8.997062,0.261663,94.051169,2.392775,1.048010,18.982462,4.613536,8.997062,0.261663,94.051169,2.392775,1.048010,18.982462,4.613536
Wheel\m737_03_aligned.obj,8.997062,0.261663,94.051164,2.388516,1.048009,151.051703,4.613535,8.997062,0.261663,94.051164,2.388516,1.048009,151.051703,4.613535
Wheel\m737_04_flipped.obj,8.997062,0.261663,94.051164,2.388516,1.048009,131.043801,4.613535,8.997062,0.261663,94.051164,2.388516,1.048009,131.043801,4.613535
Wheel\m737_05_scaled.obj,9.996714,0.306463,94.051179,2.388516,1.104698,12.280680,4.613535,9.996714,0.306463,94.051179,2.388516,1.104698,12.280680,4.613535
Wheel\m737_unified.obj,9.996714,0.306463,94.051179,2.388516,1.104698,12.280680,4.613535,9.996714,0.306463,94.051179,2.388516,1.104698,12.280680,4.613535
Wheel\m747_00_original.obj,1.827138,0.069389,11.201459,0.797495,0.958838,5.174033,21.959215,1.827138,0.069389,11.201459,0.797495,0.958838,5.174033,21.959215
Wheel\m747_01_remeshed.obj,1.827138,0.069389,11.201458,0.797495,0.958838,2.642095,29.469989,1.827138,0.069389,11.201458,0.797495,0.958838,2.642095,29.469989
Wheel\m747_02_translated.obj,1.827138,0.069389,11.201459,0.797495,0.958838,14.428815,29.469983,1.827138,0.069389,11.201459,0.797495,0.958838,14.428815,29.469983
Wheel\m747_03_aligned.obj,1.827138,0.069389,11.201466,0.789437,0.958838,35.364714,29.469982,1.827138,0.069389,11.201466,0.789437,0.958838,35.364714,29.469982
Wheel\m747_04_flipped.obj,1.827138,0.069389,11.201466,0.789437,0.958838,12.314856,29.469982,1.827138,0.069389,11.201466,0.789437,0.958838,12.314856,29.469982
Wheel\m747_05_scaled.obj,2.030026,0.081262,11.201457,0.789439,1.010673,16.052897,29.469981,2.030026,0.081262,11.201457,0.789439,1.010673,16.052897,29.469981
Wheel\m747_unified.obj,2.030026,0.081262,11.201457,0.789439,1.010673,16.052897,29.469981,2.030026,0.081262,11.201457,0.789439,1.010673,16.052897,29.469981
WheelChair\D00274_00_original.obj,4.433168,0.110009,63.654787,0.442425,1.916850,3.309361,2.873539,5.612682,0.124569,100.748055,0.560139,1.916850,3.747363,2.870309
WheelChair\D00274_01_remeshed.obj,4.335292,0.119225,50.683866,0.432657,1.916850,1.469931,2.868276,5.730831,0.123462,109.177880,0.571930,1.916850,1.522171,2.869065
WheelChair\D00274_02_translated.obj,4.335291,0.107207,62.683882,0.432657,1.916850,1.287115,2.868276,5.730830,0.126633,103.777674,0.571930,1.916850,1.520345,2.869065
WheelChair\D00274_03_aligned.obj,4.335291,0.107207,62.683948,0.485626,1.916851,1.240469,2.868276,5.730830,0.126633,103.777827,0.641950,1.916851,1.465247,2.869065
WheelChair\D00274_04_flipped.obj,4.335291,0.107207,62.683948,0.485626,1.916851,4.510922,2.868276,5.730830,0.126633,103.777827,0.641950,1.916851,5.328318,2.869065
WheelChair\D00274_05_scaled.obj,1.307134,0.017749,62.683895,0.485626,1.052541,16.054207,2.868276,1.727905,0.020965,103.778067,0.641950,1.052541,5.185856,2.869065
WheelChair\D00274_unified.obj,1.307134,0.017749,62.683895,0.485626,1.052541,16.054207,2.868276,1.727905,0.020965,103.778067,0.641950,1.052541,5.185856,2.869065
WheelChair\D00604_00_original.obj,4.298950,0.156699,28.608799,0.402337,1.941420,5.041048,4.075474,5.576647,0.146742,71.213218,0.521916,1.941420,4.720701,4.049416
WheelChair\D00604_01_remeshed.obj,4.289809,0.156699,28.426755,0.401481,1.941420,1.904552,2.278469,5.841102,0.172181,59.437815,0.546666,1.941420,2.092717,2.279618
WheelChair\D00604_02_translated.obj,4.289811,0.137299,37.027849,0.401482,1.941420,1.664427,2.278469,5.841104,0.173543,58.508234,0.546666,1.941420,2.103806,2.279618
WheelChair\D00604_03_aligned.obj,4.289810,0.137299,37.027857,0.438098,1.941421,581.887219,2.278469,5.841103,0.173543,58.508209,0.596524,1.941421,735.495528,2.279618
WheelChair\D00604_04_flipped.obj,4.289810,0.137299,37.027857,0.438098,1.941421,5.160655,2.278469,5.841103,0.173543,58.508209,0.596524,1.941421,6.522980,2.279618
WheelChair\D00604_05_scaled.obj,1.219424,0.020809,37.027743,0.438097,1.035090,1.760684,2.278469,1.660396,0.026302,58.508139,0.596524,1.035090,2.225472,2.279618
WheelChair\D00604_unified.obj,1.219424,0.020809,37.027743,0.438097,1.035090,1.760684,2.278469,1.660396,0.026302,58.508139,0.596524,1.035090,2.225472,2.279618
