# Created by Open3D 
# object name: m1607
# number of vertices: 4861
# number of triangles: 9718
v 1.48574e-07 0.631335 2.86336e-07
vn -0.0175148 0.996462 0.0822006
v 0.0298896 0.621294 0.0098908
vn 0.311551 0.936936 0.158389
v 0.00742435 0.628824 2.86336e-07
vn 0.320273 0.947225 -0.013809
v 0.0185612 0.625059 2.86336e-07
vn 0.319989 0.946508 -0.0415847
v 0.029698 0.621294 2.86336e-07
vn -0.860045 0.50512 -0.071943
v 0.0201549 0.621294 0.0199971
vn -0.00598704 0.999816 0.0182221
v 0.0049991 0.628824 0.00503923
vn 0.231388 0.942771 0.240089
v 0.00999804 0.626315 0.0100771
vn 0.231299 0.942775 0.240157
v 0.010038 0.626315 0.0100382
vn 0.238644 0.942779 0.232845
v 0.014998 0.623804 0.0151161
vn 0.231395 0.942755 0.240145
v 0.015037 0.623804 0.0150761
vn 0.235234 0.942762 0.236356
v 0.019997 0.621294 0.020154
vn -0.68631 -0.580415 -0.43829
v 0.0200359 0.621294 0.020115
vn -0.416047 -0.809615 -0.414039
v 0.0200759 0.621294 0.020075
vn -0.47326 -0.739722 -0.478368
v 0.0201159 0.621294 0.0200361
vn -0.411242 -0.810615 -0.416873
v 0.015077 0.623804 0.0150371
vn 0.233723 0.942758 0.237867
v 0.00989066 0.621294 0.0298898
vn -0.149402 0.936364 0.317649
v 1.48574e-07 0.625059 0.0185613
vn -9.04866e-18 0.947318 0.320295
v 1.48574e-07 0.621294 0.0296982
vn -0.0110386 0.976577 -0.214885
v -0.00989143 0.621294 0.0298898
vn -0.158365 0.936927 0.311591
v -0.0049988 0.628824 0.00503923
vn -0.23133 0.942776 0.240126
v -0.00999881 0.626315 0.0100771
vn -0.23135 0.942766 0.240146
v -0.0199967 0.621294 0.020154
vn -0.25247 0.940807 0.226145
v -0.0050388 0.628824 0.00499923
vn -0.240148 0.942769 0.231335
v -0.0100767 0.626315 0.00999818
vn -0.240189 0.942775 0.231266
v -0.0100377 0.626315 0.0100382
vn -0.236254 0.942783 0.235252
v -0.0151157 0.623804 0.0149982
vn -0.240145 0.94276 0.231372
v -0.0150767 0.623804 0.0150371
vn -0.234707 0.942764 0.236872
v -0.0201546 0.621294 0.0199971
vn -0.432882 0.889777 0.144605
v -0.0201156 0.621294 0.0200361
vn 0.391207 -0.830282 -0.396975
v -0.0200756 0.621294 0.020075
vn 0.394082 -0.830687 -0.393266
v -0.0200367 0.621294 0.020115
vn 0.377018 -0.846066 -0.376869
v -0.0150367 0.623804 0.0150761
vn -0.235472 0.942763 0.236117
v -0.0112083 0.62757 0.0037087
vn -0.285661 0.952684 0.103882
v -0.0256304 0.621294 0.0143119
vn 0.699069 -0.240485 -0.673402
v -0.0224167 0.623804 0.00741818
vn -0.292519 0.952639 0.0831345
v -0.0298893 0.621294 0.0098908
vn -0.513568 0.824366 -0.238053
v -0.0296978 0.621294 2.86336e-07
vn -0.32101 0.947071 -0.00315671
v -0.0298893 0.621294 -0.00989129
vn -0.311541 0.936933 -0.158426
v -0.0050388 0.628824 -0.00499866
vn -0.240126 0.942776 -0.231329
v -0.0100767 0.626315 -0.00999867
vn -0.240151 0.942776 -0.231304
v -0.0151157 0.623804 -0.0149976
vn -0.240151 0.942755 -0.231388
v -0.0201546 0.621294 -0.0199966
vn -0.231 0.942815 -0.240288
v -0.0049988 0.628824 -0.00503866
vn -0.231342 0.942776 -0.240113
v -0.00999881 0.626315 -0.0100766
vn -0.231317 0.942776 -0.240138
v -0.0100377 0.626315 -0.0100376
vn -0.235747 0.942786 -0.235747
v -0.0149978 0.623804 -0.0151155
vn -0.2314 0.942755 -0.240138
v -0.0150367 0.623804 -0.0150766
vn -0.236363 0.942768 -0.235205
v -0.0199967 0.621294 -0.0201545
vn -0.0467192 0.908421 -0.415437
v -0.0200367 0.621294 -0.0201155
vn 0.393533 -0.83089 0.393388
v -0.0200756 0.621294 -0.0200755
vn 0.393933 -0.830442 0.393933
v -0.0201156 0.621294 -0.0200366
vn 0.393357 -0.830919 0.393501
v -0.0150767 0.623804 -0.0150366
vn -0.235205 0.942768 -0.236363
v -0.00989143 0.621294 -0.0298903
vn 0.149308 0.936383 -0.317638
v 1.48574e-07 0.628824 -0.00742394
vn 0.00376422 0.947311 -0.320292
v 1.48574e-07 0.621294 -0.0296976
vn 0.00301326 0.947039 -0.321105
v 0.00247277 0.628824 -0.00747235
vn 0.123927 0.952305 -0.278851
v 0.00494542 0.626315 -0.014945
vn 0.114749 0.952533 -0.281981
v 0.00741804 0.623804 -0.0224176
vn 0.11477 0.952515 -0.282032
v 0.00989066 0.621294 -0.0298903
vn 0.3553 0.840714 -0.40861
v 0.0049991 0.628824 -0.00503866
vn 0.231405 0.94277 -0.240075
v 0.00999804 0.626315 -0.0100766
vn 0.23159 0.942777 -0.239868
v 0.0174707 0.621294 -0.0225881
vn -0.673571 -0.239446 0.699262
v 0.014998 0.623804 -0.0151155
vn 0.23162 0.942762 -0.2399
v 0.019997 0.621294 -0.0201545
vn -0.369163 -0.847065 0.382359
v 0.012417 0.621294 -0.0274566
vn -0.368669 -0.847126 0.382701
v 0.0201549 0.621294 -0.0199966
vn 0.297648 0.896981 0.32685
v 0.0112086 0.62757 -0.00370919
vn 0.0582806 0.783229 -0.618995
v 0.022417 0.623804 -0.00741867
vn 0.177234 0.906068 -0.384226
v 0.0298896 0.621294 -0.00989129
vn -0.624697 -0.734159 0.266015
v 0.0297822 0.621294 -0.00432707
vn -0.466101 -0.884685 -0.00903761
v 0.0371917 0.61626 0.00499923
vn 0.550292 0.834824 0.0157396
v 0.0597728 0.601157 2.86336e-07
vn 0.648968 0.760755 -0.00959807
v 0.0446865 0.611225 0.00999711
vn 0.550279 0.834832 0.0157657
v 0.0521802 0.606192 0.0149961
vn 0.550292 0.834824 0.0157395
v 0.0596749 0.601157 0.019995
vn 0.699449 0.44714 0.557527
v 0.0498822 0.601157 0.0398698
vn 0.422862 0.846518 0.32341
v 0.0300128 0.611225 0.0349392
vn 0.352085 0.867225 0.352077
v 0.0398696 0.601157 0.0498824
vn 0.315252 0.720867 0.617225
v 0.0249654 0.61626 0.0275855
vn 0.217244 0.869446 0.443699
v 0.0299338 0.611225 0.0350182
vn 0.217617 0.869464 0.443481
v 0.0199949 0.601157 0.059675
vn -0.128372 0.75667 0.64107
v 1.48574e-07 0.601157 0.0597729
vn 0.00844245 0.818762 0.57407
v 1.48574e-07 0.61626 0.0372171
vn 0.0714713 -0.828823 -0.554927
v 1.48574e-07 0.611225 0.0447361
vn 0.0716042 -0.828797 -0.554949
v 1.48574e-07 0.606192 0.052254
vn 0.00413319 0.83093 0.556361
v -0.00874721 0.612484 0.0428129
vn -0.0207398 0.836258 0.547944
v -0.0199946 0.601157 0.059675
vn -0.367064 0.757832 0.539402
v -0.0112472 0.601157 0.0597182
vn -0.00154804 -0.949697 0.313166
v -0.0398704 0.601157 0.0498824
vn -0.323403 0.846508 0.422888
v -0.049882 0.601157 0.0398698
vn -0.476842 0.831101 0.286171
v -0.0596746 0.601157 0.019995
vn -0.641064 0.75668 -0.128345
v -0.0597735 0.601157 2.86336e-07
vn -0.648959 0.760763 0.00962035
v -0.0596746 0.601157 -0.0199955
vn -0.788589 0.461522 -0.406356
v -0.049882 0.601157 -0.0398702
vn -0.700039 -0.706266 -0.105516
v -0.0523304 0.601157 -0.0349018
vn -0.57892 0.76388 -0.285198
v -0.0547777 0.601157 -0.0299323
vn -0.667767 0.667717 -0.329001
v -0.0275862 0.61626 -0.024965
vn 0.293313 0.416342 -0.860597
v -0.0398704 0.601157 -0.0498818
vn -0.311521 0.697089 -0.645772
v -0.0199946 0.601157 -0.0596745
vn 0.128364 0.756677 -0.641064
v 1.48574e-07 0.601157 -0.0597734
vn -0.0096482 0.760754 -0.648968
v 0.0199949 0.601157 -0.0596745
vn 0.341335 0.664115 -0.665164
v 0.0398696 0.601157 -0.0498818
vn -0.447029 -0.893869 0.0341195
v 0.0498822 0.601157 -0.0398702
vn -0.164438 -0.901355 0.400648
v 0.0596749 0.601157 -0.0199955
vn 0.0672642 -0.996827 0.0425582
v 0.0572265 0.601157 -0.0249639
vn 0.484147 0.84183 -0.238586
v 0.054778 0.601157 -0.0299323
vn 0.484173 0.841826 -0.238549
v 0.0373359 0.61626 -0.0124176
vn 0.584195 0.578491 0.569266
v 0.0522286 0.606192 -0.0174692
vn 0.584201 0.57844 0.569312
v 0.0902475 0.591061 0.0301582
vn 0.145393 0.910652 0.386747
v 0.0898854 0.591061 2.86336e-07
vn -0.531472 0.846899 -0.0172891
v 0.0647602 0.598633 0.0275192
vn 0.0393378 0.955071 0.293756
v 0.0698444 0.59611 0.0350434
vn 0.0413824 0.955377 0.292477
v 0.0749296 0.593585 0.0425677
vn 0.0414088 0.955363 0.292519
v 0.0800149 0.591061 0.0500919
vn -0.15266 0.975111 0.160792
v 0.0500928 0.591061 0.080014
vn -0.102444 0.969052 0.224597
v 0.030158 0.591061 0.0902466
vn -0.521775 0.815445 -0.2506
v 1.48574e-07 0.591061 0.0898855
vn 0.0173456 0.846904 -0.531463
v -0.0301577 0.591061 0.0902466
vn -0.386745 0.910656 0.145372
v -0.0500925 0.591061 0.080014
vn -0.163294 0.975215 -0.149301
v -0.0800146 0.591061 0.0500919
vn -0.224606 0.969052 -0.102424
v -0.0902472 0.591061 0.0301582
vn 0.921328 0.350493 -0.168255
v -0.0898851 0.591061 2.86336e-07
vn 0.531453 0.846911 0.0173172
v -0.0902472 0.591061 -0.0301576
vn -0.145361 0.910641 -0.386785
v -0.0647599 0.598633 -0.0275197
vn -0.251154 0.956099 -0.150985
v -0.0800146 0.591061 -0.0500923
vn 0.586372 -0.670256 0.45489
v -0.061182 0.597371 -0.0437039
vn 0.268198 -0.951703 0.149433
v -0.0500925 0.591061 -0.0800145
vn 0.599091 -0.70147 0.386043
v -0.0301577 0.591061 -0.0902471
vn 0.521805 0.815401 0.25068
v 1.48574e-07 0.591061 -0.089885
vn -0.0172187 0.846892 0.531486
v 0.030158 0.591061 -0.0902471
vn 0.149015 0.988264 -0.033586
v 0.0500928 0.591061 -0.0800145
vn -0.394222 0.448305 0.802254
v 0.0800149 0.591061 -0.0500923
vn 0.224589 0.969055 0.102436
v 0.0902475 0.591061 -0.0301576
vn -0.343586 0.786466 0.513245
v 0.067318 0.598633 -0.0225355
vn 0.404466 0.822725 0.399414
v 0.120033 0.571203 0.0298276
vn 0.102757 0.91583 0.388195
v 0.119658 0.571203 2.86336e-07
vn 0.433877 0.900944 0.00712387
v 0.10014 0.571203 0.0702529
vn 0.231664 0.946747 0.223609
v 0.0702528 0.571203 0.10014
vn -0.290128 0.911407 0.291829
v 0.0298275 0.571203 0.120033
vn 0.00339912 0.897104 0.441806
v 1.48574e-07 0.571203 0.119657
vn -0.237331 0.944596 0.226742
v -0.0298272 0.571203 0.120033
vn -0.318272 0.938205 0.135919
v -0.0702525 0.571203 0.10014
vn -0.360205 0.915518 0.179105
v -0.0449862 0.571203 0.112573
vn 0.00280973 0.99998 -0.00570986
v -0.100141 0.571203 0.0702529
vn -0.291788 0.911422 -0.290119
v -0.120034 0.571203 0.0298276
vn -0.33374 0.85493 0.397129
v -0.0976935 0.586097 0.030075
vn -0.473879 0.719202 -0.508121
v -0.10514 0.581132 0.0299929
vn -0.473895 0.719271 -0.508008
v -0.112587 0.576167 0.0299097
vn -0.473844 0.719272 -0.508055
v -0.119658 0.571203 2.86336e-07
vn -0.226737 0.944608 -0.237289
v -0.120034 0.571203 -0.0298271
vn -0.190501 0.897124 -0.398594
v -0.100141 0.571203 -0.0702524
vn 0.496914 -0.750218 0.436175
v -0.0702525 0.571203 -0.100141
vn 0.755082 -0.541395 0.369787
v -0.0298272 0.571203 -0.120033
vn -0.0293752 0.882893 -0.468654
v 1.48574e-07 0.571203 -0.119659
vn 0.237333 0.944599 -0.226727
v 0.0298275 0.571203 -0.120033
vn 0.314873 0.947213 0.0603528
v 0.0300138 0.582374 -0.103279
vn 0.908726 0.342571 -0.238457
v 0.0502054 0.581132 -0.0951944
vn -0.282335 -0.818937 0.49963
v 0.0602296 0.576167 -0.0976671
vn 0.263526 0.800352 -0.538508
v 0.0702528 0.571203 -0.100141
vn -0.172554 0.827239 0.534697
v 0.0475138 0.571203 -0.11133
vn -0.299011 0.735641 0.607803
v 0.0601728 0.581132 -0.0900776
vn 0.447368 0.818795 -0.359773
v 0.0652128 0.576167 -0.0951092
vn 0.447356 0.818815 -0.359742
v 0.10014 0.571203 -0.0702524
vn 0.291811 0.911418 0.290109
v 0.120033 0.571203 -0.0298271
vn 0.441839 0.897088 -0.00340867
v 0.0976001 0.586097 -0.0226176
vn -0.57476 -0.81803 0.0218451
v 0.104953 0.581132 -0.0150787
vn -0.576597 -0.81666 0.0245363
v 0.112305 0.576167 -0.00753867
vn -0.576718 -0.816568 0.0247732
v 0.122185 0.566217 0.00997606
vn -0.896436 0.261459 0.35783
v 0.124793 0.566217 2.86336e-07
vn -0.659305 -0.678883 0.323164
v 0.124713 0.561231 0.0199519
vn -0.968926 -0.199999 0.145544
v 0.128583 0.558737 0.0149645
vn 0.685427 0.70577 0.179106
v 0.129926 0.561231 2.86336e-07
vn -0.687332 -0.707695 0.163533
v 0.129769 0.551258 0.0399034
vn -0.846007 0.438001 0.304019
v 0.140195 0.551258 2.86336e-07
vn 0.622181 -0.731949 -0.277744
v 0.109673 0.551258 0.0799729
vn -0.654166 -0.582468 -0.482491
v 0.114697 0.551258 0.069955
vn 0.748183 0.547183 0.375251
v 0.119721 0.551258 0.0599382
vn 0.751789 0.540991 0.377017
v 0.122311 0.556244 0.0474013
vn 0.745093 0.552462 0.373662
v 0.104906 0.561231 0.0751129
vn -0.737805 -0.0238983 0.674591
v 0.10729 0.556244 0.0775424
vn -0.737774 -0.0238441 0.674626
v 0.0799738 0.551258 0.109673
vn -0.619389 -0.640092 0.454575
v 0.0399033 0.551258 0.129769
vn -0.914891 0.38974 -0.105251
v 1.48574e-07 0.551258 0.140194
vn -0.0183908 -0.448738 0.893474
v -0.039903 0.551258 0.129769
vn -0.133791 0.947293 0.291096
v -0.0323462 0.566217 0.122467
vn -0.742892 0.556704 0.371743
v -0.0361241 0.558737 0.126118
vn -0.742861 0.55674 0.37175
v -0.0799735 0.551258 0.109673
vn -0.656513 -0.0843407 -0.749584
v -0.109672 0.551258 0.0799729
vn -0.999149 -0.035966 -0.0201949
v -0.129768 0.551258 0.0399034
vn 0.0510862 0.375282 -0.925502
v -0.122467 0.566217 0.0323466
vn 0.0486273 -0.469178 -0.881764
v -0.124901 0.561231 0.0348656
vn 0.0486243 -0.469175 -0.881766
v -0.140194 0.551258 2.86336e-07
vn -0.893304 -0.449079 -0.0183635
v -0.129768 0.551258 -0.0399039
vn -0.540477 0.724022 -0.428575
v -0.109672 0.551258 -0.0799734
vn -0.440907 0.565862 -0.696708
v -0.0799735 0.551258 -0.109672
vn -0.524052 0.52533 -0.670371
v -0.0626651 0.566217 -0.107547
vn -0.402195 0.513733 -0.757838
v -0.0550778 0.561231 -0.114954
vn -0.476448 0.421452 -0.771606
v -0.039903 0.551258 -0.129768
vn 0.751497 -0.657428 0.0551395
v -0.0525588 0.566217 -0.112521
vn 0.368342 -0.551438 0.748492
v 1.48574e-07 0.551258 -0.140194
vn -0.0369797 -0.280449 -0.959156
v 0.0399033 0.551258 -0.129768
vn 0.634373 0.716548 -0.290051
v 0.0423644 0.566217 -0.117443
vn 0.376974 0.567563 -0.731958
v 0.0549001 0.561231 -0.114852
vn 0.376063 0.56337 -0.735657
v 0.0448833 0.561231 -0.119877
vn 0.37371 0.552428 -0.745093
v 0.067437 0.556244 -0.112263
vn 0.379503 0.579759 -0.721011
v 0.0799738 0.551258 -0.109672
vn 0.901924 0.431597 -0.0160359
v 0.0751138 0.561231 -0.104907
vn 0.104859 -0.386657 0.916243
v 0.0775433 0.556244 -0.107289
vn -0.182989 -0.495048 0.849377
v 0.0899633 0.561231 -0.0900566
vn -0.584035 -0.563799 0.583981
v 0.0874654 0.558737 -0.0949608
vn 0.58404 0.563767 -0.584007
v 0.109673 0.551258 -0.0799734
vn -0.0645173 -0.916991 0.393657
v 0.102249 0.551258 -0.0873976
vn 0.596352 0.537217 -0.596457
v 0.0948233 0.551258 -0.0948229
vn -0.526394 -0.667655 0.526447
v 0.0873991 0.551258 -0.102248
vn -0.564542 -0.602187 0.564503
v 0.0849686 0.556244 -0.099865
vn 0.584037 0.563773 -0.584005
v 0.129769 0.551258 -0.0399039
vn -0.0541749 0.177926 0.982551
v 0.146142 0.538618 0.024935
vn 0.637351 -0.615259 -0.46394
v 0.150275 0.531034 2.86336e-07
vn -0.338776 0.772054 0.537739
v 0.149711 0.531034 0.0398961
vn -0.336589 0.361139 0.869647
v 0.134754 0.546202 0.0399013
vn -0.705035 -0.695347 0.139351
v 0.139739 0.541145 0.0398992
vn 0.616408 0.607614 0.500846
v 0.144725 0.53609 0.0398982
vn 0.425439 0.419271 0.802006
v 0.122402 0.53609 0.0775203
vn 0.521767 0.750863 0.404925
v 0.119947 0.531034 0.0900592
vn 0.357306 0.541297 0.761137
v 0.127389 0.531034 0.0775182
vn -0.854001 -0.118174 -0.506673
v 0.134829 0.531034 0.0649771
vn -0.860005 0.00567172 -0.510254
v 0.14227 0.531034 0.0524371
vn -0.858374 -0.0615119 -0.509324
v 0.137284 0.53609 0.0524382
vn 0.655944 0.646725 0.389209
v 0.113525 0.543674 0.083755
vn -0.677509 -0.573702 -0.46027
v 0.0900601 0.531034 0.119948
vn -0.803476 0.260339 -0.535397
v 0.039897 0.531034 0.149711
vn 0.375387 0.716219 0.588316
v 0.0399002 0.54241 0.138493
vn -0.999924 -0.0084946 -0.00893211
v 1.48574e-07 0.531034 0.150275
vn -0.570834 0.803091 0.170859
v 0.0199486 0.531034 0.149993
vn -0.0141217 0.0511427 -0.998592
v 0.0299233 0.531034 0.149852
vn -0.0141225 0.0511421 -0.998592
v -0.0398967 0.531034 0.149711
vn 0.00889786 0.407264 -0.913267
v -0.0399009 0.546202 0.134754
vn -0.80193 0.419313 0.425541
v -0.0398999 0.541145 0.139739
vn -0.80193 0.419335 0.425519
v -0.0398978 0.53609 0.144726
vn -0.801903 0.419381 0.425525
v -0.0900598 0.531034 0.119948
vn -0.0145779 0.607295 -0.794342
v -0.119947 0.531034 0.0900592
vn 0.292228 0.604555 -0.741023
v -0.149711 0.531034 0.0398961
vn 0.676468 0.262628 -0.688053
v -0.150275 0.531034 2.86336e-07
vn 0.442739 0.737334 -0.510216
v -0.149711 0.531034 -0.0398966
vn -0.709816 0.698049 0.0942776
v -0.134755 0.546202 -0.0399018
vn 0.711828 -0.701912 -0.0249179
v -0.13974 0.541145 -0.0398997
vn 0.71183 -0.701912 -0.0248501
v -0.144726 0.53609 -0.0398987
vn 0.429953 -0.424292 -0.796942
v -0.126085 0.543674 -0.0587123
vn -0.426761 0.806671 -0.408849
v -0.122402 0.53609 -0.0775208
vn 0.810645 -0.470554 0.348474
v -0.129843 0.53609 -0.0649797
vn -0.655946 0.646719 -0.389216
v -0.119947 0.531034 -0.0900597
vn -0.035019 0.83458 -0.549773
v -0.127388 0.531034 -0.0775187
vn 0.784261 0.410369 0.46533
v -0.134829 0.531034 -0.0649776
vn 0.567309 0.751591 0.33656
v -0.14227 0.531034 -0.0524376
vn -0.123278 0.989672 -0.0731583
v -0.103136 0.531034 -0.106871
vn -0.0988764 0.990173 -0.098898
v -0.0900598 0.531034 -0.119947
vn -0.366321 0.743202 -0.559875
v -0.0398967 0.531034 -0.149711
vn 0.68805 0.262594 0.676485
v -0.0299272 0.546202 -0.134894
vn 0.265168 0.892701 -0.364378
v -0.0199514 0.541145 -0.140022
vn 0.355669 0.911428 -0.206879
v -0.00997566 0.53609 -0.145148
vn 0.45222 0.891906 0.000382801
v 1.48574e-07 0.531034 -0.150274
vn 0.357183 0.570801 0.739328
v -0.0199514 0.546202 -0.137501
vn 0.227717 -0.434397 0.871461
v 0.039897 0.531034 -0.149711
vn -0.515382 -0.1679 0.840352
v 0.0299233 0.531034 -0.149852
vn 0.00671418 0.880104 -0.474734
v 0.0199486 0.531034 -0.149993
vn 0.00666566 0.880066 -0.474804
v 0.00997489 0.531034 -0.150133
vn 0.00671301 0.880077 -0.474784
v 0.039898 0.53609 -0.144726
vn 0.941312 0.23691 -0.240429
v 0.0524423 0.546202 -0.127312
vn 0.408854 0.806777 -0.426554
v 0.0649812 0.541145 -0.124858
vn 0.40766 0.782905 -0.469972
v 0.0524412 0.541145 -0.132299
vn 0.389226 0.646711 -0.655948
v 0.0900601 0.531034 -0.119947
vn 0.047617 0.709725 0.702867
v 0.0843865 0.54241 -0.114167
vn 0.889894 0.249964 0.381585
v 0.0624601 0.546202 -0.122289
vn -0.371111 -0.560983 0.739983
v 0.116095 0.538618 -0.0862776
vn 0.648025 0.577094 -0.497018
v 0.119947 0.531034 -0.0900597
vn -0.643159 0.217055 0.734325
v 0.112241 0.546202 -0.0824945
vn 0.745108 0.559569 -0.362901
v 0.104817 0.546202 -0.0899197
vn -0.576048 -0.579988 0.576006
v 0.149711 0.531034 -0.0398966
vn -0.676437 0.262699 0.688057
v 0.149989 0.491377 0.0497656
vn 0.41882 0.548729 0.723523
v 0.160044 0.491377 2.86336e-07
vn 0.926889 0.204936 0.31445
v 0.129789 0.491377 0.0899455
vn -0.0115857 0.158307 0.987322
v 0.0899454 0.491377 0.129789
vn 0.0149939 0.50773 0.861386
v 0.0497654 0.491377 0.149989
vn -0.371428 0.561455 0.739466
v 0.0423644 0.52112 0.14978
vn -0.970183 -0.241587 -0.0195224
v 0.0448317 0.511205 0.14985
vn -0.970191 -0.241551 -0.0195372
v 1.48574e-07 0.491377 0.160044
vn -0.314444 0.204946 0.926888
v -0.0497651 0.491377 0.149989
vn -0.723546 0.548704 0.418813
v -0.0524083 0.52112 0.144731
vn 0.616191 -0.454537 -0.643199
v -0.0899451 0.491377 0.129789
vn -0.775868 0.0875707 0.624788
v -0.129788 0.491377 0.0899455
vn -0.772979 0.0947802 0.627312
v -0.127458 0.52112 0.0799855
vn 0.713519 0.153944 -0.683514
v -0.134968 0.511205 0.0699129
vn 0.713572 0.153866 -0.683476
v -0.142479 0.501292 0.0598392
vn 0.713559 0.153916 -0.683479
v -0.149989 0.491377 0.0497656
vn -0.529889 0.268645 -0.804393
v -0.160045 0.491377 2.86336e-07
vn 0.939942 -0.337714 -0.0495827
v -0.157531 0.491377 0.0124413
vn -0.976808 0.082975 0.197388
v -0.155017 0.491377 0.0248834
vn -0.976808 0.0829435 0.197401
v -0.152503 0.491377 0.0373245
vn -0.976815 0.0829426 0.197363
v -0.149989 0.491377 -0.049766
vn -0.227536 0.563931 -0.793857
v -0.152503 0.491377 -0.0373239
vn -0.00758495 0.99997 -0.00162321
v -0.155017 0.491377 -0.0248829
vn -0.514533 0.85115 -0.10392
v -0.152575 0.501292 -0.0248829
vn -0.952807 0.23473 -0.192513
v -0.157531 0.491377 -0.0124408
vn -0.715774 0.683188 -0.144645
v -0.149781 0.52112 -0.0423639
vn 0.960571 0.0607891 -0.271309
v -0.14985 0.511205 -0.0448313
vn 0.960575 0.0607879 -0.271294
v -0.14992 0.501292 -0.0472987
vn 0.960571 0.0607887 -0.271309
v -0.14473 0.52112 -0.0524092
vn 0.643138 -0.45457 0.616231
v -0.13975 0.511205 -0.0649208
vn 0.64312 -0.454601 0.616226
v -0.1448 0.511205 -0.0548766
vn -0.887278 0.117229 -0.446088
v -0.134769 0.501292 -0.0774334
vn 0.643157 -0.454623 0.616171
v -0.139819 0.501292 -0.0673892
vn -0.887286 0.117218 -0.446076
v -0.129788 0.491377 -0.089946
vn 0.00350142 0.156879 -0.987612
v -0.134839 0.491377 -0.0799008
vn -0.816345 0.406423 -0.410368
v -0.139888 0.491377 -0.0698566
vn -0.816439 0.406172 -0.41043
v -0.144939 0.491377 -0.0598113
vn -0.816439 0.406114 -0.410486
v -0.144869 0.501292 -0.0573439
vn -0.887271 0.117239 -0.446099
v -0.122407 0.52112 -0.0900313
vn 0.704218 -0.176638 -0.68766
v -0.129848 0.52112 -0.0774902
vn 0.841325 -0.207326 0.499188
v -0.124867 0.511205 -0.0900029
vn 0.704417 -0.176658 -0.687451
v -0.137289 0.52112 -0.0649492
vn 0.841306 -0.207351 0.499209
v -0.132308 0.511205 -0.0774618
vn 0.841304 -0.207381 0.499199
v -0.127328 0.501292 -0.0899745
vn 0.704001 -0.176829 -0.687833
v -0.112446 0.52112 -0.0999913
vn 0.697145 -0.170278 0.696416
v -0.104946 0.511205 -0.109924
vn 0.696931 -0.170648 0.696539
v -0.114907 0.511205 -0.0999629
vn -0.696689 0.170921 -0.696714
v -0.0974462 0.501292 -0.119856
vn 0.696712 -0.17088 0.696701
v -0.107406 0.501292 -0.109896
vn -0.696685 0.170908 -0.696722
v -0.0899451 0.491377 -0.129788
vn 0.873725 0.235729 -0.425485
v -0.0999062 0.491377 -0.119827
vn 0.698501 0.155322 0.69855
v -0.109867 0.491377 -0.109867
vn 0.698507 0.155378 0.698531
v -0.119827 0.491377 -0.0999071
vn 0.698518 0.155386 0.698518
v -0.117367 0.501292 -0.0999355
vn -0.696689 0.170921 -0.696714
v -0.0900314 0.52112 -0.122407
vn 0.936659 0.0868632 -0.339299
v -0.090003 0.511205 -0.124867
vn 0.936645 0.0869367 -0.33932
v -0.0899735 0.501292 -0.127328
vn 0.903432 -0.100785 0.416717
v -0.0799862 0.52112 -0.127458
vn 0.531875 -0.0968722 0.841264
v -0.0699125 0.511205 -0.134968
vn 0.531875 -0.0968692 0.841264
v -0.0799578 0.511205 -0.129918
vn -0.438669 0.215233 -0.872493
v -0.0598388 0.501292 -0.142479
vn 0.531875 -0.0968722 0.841264
v -0.0698841 0.501292 -0.137428
vn -0.438669 0.215233 -0.872493
v -0.0497651 0.491377 -0.149989
vn 0.986008 -0.121896 -0.113709
v -0.0598104 0.491377 -0.144939
vn -0.341977 0.648391 -0.680177
v -0.0698556 0.491377 -0.139888
vn -0.341956 0.648423 -0.680157
v -0.0798999 0.491377 -0.134839
vn -0.341974 0.648426 -0.680145
v -0.0799293 0.501292 -0.132378
vn -0.438649 0.215257 -0.872497
v 1.48574e-07 0.491377 -0.160045
vn -0.357762 -0.273945 -0.892726
v -0.0124409 0.491377 -0.157531
vn -0.197397 0.0829602 -0.976807
v -0.024882 0.491377 -0.155017
vn -0.1974 0.0829281 -0.976809
v -0.0373241 0.491377 -0.152503
vn -0.197357 0.0829367 -0.976817
v 1.48574e-07 0.52112 -0.152718
vn 0.194456 -0.234645 0.952433
v 1.48574e-07 0.511205 -0.15516
vn 0.19439 -0.23467 0.95244
v 1.48574e-07 0.501292 -0.157603
vn 0.194455 -0.234647 0.952433
v 0.0124412 0.52112 -0.150203
vn 0.524494 0.654163 -0.544956
v 0.0248833 0.511205 -0.150131
vn 0.524423 0.65422 -0.544955
v 0.0124412 0.511205 -0.152646
vn 0.192542 0.234747 -0.952796
v 0.0373244 0.501292 -0.150061
vn 0.524328 0.654034 -0.545269
v 0.0248833 0.501292 -0.152574
vn 0.192517 0.234733 -0.952805
v 0.0497654 0.491377 -0.149989
vn 0.572046 0.487589 -0.65956
v 0.0373244 0.491377 -0.152503
vn 0.144655 0.683066 -0.715888
v 0.0248833 0.491377 -0.155017
vn 0.144642 0.683075 -0.715882
v 0.0124412 0.491377 -0.157531
vn 0.144667 0.683134 -0.715821
v 0.0124412 0.501292 -0.155088
vn 0.192542 0.234747 -0.952796
v 0.0423644 0.52112 -0.149781
vn 0.613382 0.158075 -0.773805
v 0.0323896 0.52112 -0.149922
vn -0.0141394 -0.010525 0.999845
v 0.0448317 0.511205 -0.14985
vn 0.613383 0.158043 -0.773811
v 0.0224159 0.52112 -0.150063
vn -0.0140692 -0.0104722 0.999846
v 0.034857 0.511205 -0.149991
vn -0.0141048 -0.010499 0.999845
v 0.047298 0.501292 -0.14992
vn 0.613354 0.158037 -0.773835
v 0.0899454 0.491377 -0.129788
vn 0.9873 0.158439 0.0116563
v 0.129789 0.491377 -0.089946
vn 0.861391 0.50772 -0.0150386
v 0.149989 0.491377 -0.049766
vn 0.518529 0.294687 0.802675
v 0.150229 0.461689 0.0498434
vn -0.0417038 0.310099 0.949789
v 0.159642 0.461689 2.86336e-07
vn 0.92501 0.161988 0.343681
v 0.129992 0.461689 0.0900929
vn -0.485489 0.775986 0.402674
v 0.0900938 0.461689 0.129992
vn -0.718525 -0.093613 0.689172
v 0.0498433 0.461689 0.150229
vn -0.903685 0.397673 0.158776
v 0.0699686 0.461689 0.140111
vn -0.0529055 0.99304 -0.105224
v 0.0800307 0.461689 0.135051
vn -0.0529206 0.993036 -0.105252
v 0.0279928 0.478389 0.154212
vn -0.502157 0.862543 0.0621193
v 0.028037 0.461689 0.154348
vn -0.149831 0.589833 -0.793504
v 1.48574e-07 0.461689 0.159642
vn -0.388844 0.030098 -0.920812
v -0.049843 0.461689 0.150229
vn -0.949919 -0.311641 0.0230925
v -0.037382 0.461689 0.152582
vn 0.0561685 0.953108 -0.297372
v -0.0249209 0.461689 0.154936
vn 0.0561663 0.953095 -0.297413
v -0.0124609 0.461689 0.157289
vn 0.0561892 0.953056 -0.297535
v -0.0900935 0.461689 0.129992
vn -0.614214 0.436402 -0.657491
v -0.0800314 0.461689 0.135051
vn -0.314476 0.7142 0.625318
v -0.0699683 0.461689 0.140111
vn -0.440386 0.196983 0.875933
v -0.0599051 0.461689 0.14517
vn -0.314388 0.714225 0.625334
v -0.0900199 0.476533 0.129891
vn -0.99984 0.00489217 -0.0171807
v -0.0900567 0.469111 0.129941
vn -0.832902 0.00794057 0.553363
v -0.129992 0.461689 0.0900929
vn -0.806291 -0.00669345 0.591481
v -0.120018 0.461689 0.100068
vn -0.697825 0.161488 0.697826
v -0.110043 0.461689 0.110042
vn -0.705256 0.0724341 0.705243
v -0.100068 0.461689 0.120017
vn 0.575262 0.581505 -0.575262
v -0.150229 0.461689 0.0498434
vn 0.0269333 0.753411 -0.656998
v -0.14517 0.461689 0.0599056
vn -0.887899 0.111106 0.446419
v -0.14011 0.461689 0.0699687
vn -0.887893 0.111086 0.446437
v -0.135051 0.461689 0.0800308
vn -0.878971 0.179176 0.441935
v -0.150049 0.483955 0.0497855
vn 0.79008 -0.0079983 -0.612952
v -0.150109 0.476533 0.0498045
vn 0.790087 -0.00799261 -0.612943
v -0.150169 0.469111 0.0498245
vn 0.790079 -0.00799809 -0.612953
v -0.152403 0.483955 0.0373245
vn -0.0615632 0.86227 -0.502693
v -0.154816 0.476533 0.0248834
vn -0.0580654 0.861878 -0.50378
v -0.152463 0.476533 0.0373434
vn -0.982597 0.0084252 0.18556
v -0.157229 0.469111 0.0124413
vn -0.0615551 0.862849 -0.5017
v -0.154876 0.469111 0.0249024
vn -0.982597 0.00843457 0.185557
v -0.159643 0.461689 2.86336e-07
vn 0.977322 0.0461551 0.206666
v -0.157289 0.461689 0.0124613
vn 0.856223 0.490654 -0.161684
v -0.154936 0.461689 0.0249224
vn 0.827075 0.53995 -0.156205
v -0.152583 0.461689 0.0373824
vn 0.827007 0.540048 -0.156232
v -0.152523 0.469111 0.0373634
vn -0.982597 0.00843492 0.185557
v -0.159945 0.483955 2.86336e-07
vn -0.920968 -0.012461 -0.389438
v -0.15743 0.483955 0.0124413
vn 0.9801 0.0132749 -0.19806
v -0.159844 0.476533 2.86336e-07
vn -0.92099 -0.0125655 -0.389385
v -0.154917 0.483955 0.0248834
vn 0.980106 0.0132517 -0.198034
v -0.15733 0.476533 0.0124413
vn 0.980102 0.013298 -0.198047
v -0.159743 0.469111 2.86336e-07
vn -0.920991 -0.0124612 -0.389385
v -0.150229 0.461689 -0.0498439
vn 0.0417702 0.310113 -0.949782
v -0.14499 0.483955 -0.0598481
vn -0.893385 0.00837858 -0.449214
v -0.13999 0.476533 -0.0699292
vn -0.893358 0.00848009 -0.449266
v -0.134991 0.469111 -0.0800113
vn -0.893388 0.00850547 -0.449206
v -0.129992 0.461689 -0.0900934
vn 0.506977 0.822862 0.256656
v -0.129839 0.483955 -0.0899829
vn -0.60919 0.00813482 -0.792983
v -0.134889 0.483955 -0.0799376
vn 0.893398 -0.00839627 0.449188
v -0.12989 0.476533 -0.0900197
vn -0.587438 0.00803766 -0.809229
v -0.13994 0.483955 -0.0698934
vn 0.893401 -0.00837396 0.449181
v -0.134941 0.476533 -0.0799744
vn 0.893411 -0.00834236 0.449163
v -0.129941 0.469111 -0.0900566
vn 0.014315 0.00496107 -0.999885
v -0.0900935 0.461689 -0.129992
vn 0.0106133 -0.135346 -0.990742
v -0.110043 0.461689 -0.110043
vn 0.672745 0.307943 0.672745
v -0.120018 0.461689 -0.100068
vn 0.659221 0.361738 0.659221
v -0.119966 0.469111 -0.100031
vn -0.707087 0.00836618 -0.707077
v -0.0799199 0.483955 -0.134899
vn -0.449207 0.00833938 -0.893389
v -0.0698946 0.476533 -0.140008
vn -0.449162 0.00835265 -0.893412
v -0.0598683 0.469111 -0.145119
vn -0.449169 0.00842786 -0.893407
v -0.049843 0.461689 -0.150229
vn 0.452388 0.841738 0.294657
v -0.0497841 0.483955 -0.150049
vn 0.744946 0.00345618 -0.667116
v -0.0598293 0.483955 -0.144999
vn 0.449182 -0.00840036 0.893401
v -0.0498041 0.476533 -0.150109
vn 0.744899 0.0034211 -0.667169
v -0.0698746 0.483955 -0.139948
vn 0.44915 -0.00841132 0.893417
v -0.0598493 0.476533 -0.145059
vn 0.449181 -0.00840099 0.893401
v -0.049823 0.469111 -0.150169
vn 0.744939 0.00345616 -0.667123
v -0.0373241 0.483955 -0.152403
vn 0.50293 0.862355 -0.0583455
v -0.024882 0.476533 -0.154816
vn 0.50338 0.86189 -0.0612643
v -0.037343 0.476533 -0.152463
vn -0.185557 0.00843409 -0.982597
v -0.0124409 0.469111 -0.157229
vn -0.147525 0.0735817 -0.986317
v -0.024902 0.469111 -0.154876
vn -0.185547 0.00843271 -0.982599
v 1.48574e-07 0.461689 -0.159643
vn 0.234074 -0.399451 -0.886368
v -0.0249209 0.461689 -0.154936
vn 0.162493 0.483079 0.860366
v -0.037382 0.461689 -0.152583
vn 0.164924 0.458235 0.873396
v -0.037363 0.469111 -0.152523
vn -0.18556 0.00842616 -0.982597
v 1.48574e-07 0.483955 -0.159945
vn 0.999992 -5.56957e-05 -0.00410493
v -0.0124409 0.483955 -0.15743
vn 0.198068 0.0132749 0.980098
v 1.48574e-07 0.476533 -0.159844
vn 0.999992 -5.4802e-05 -0.00410552
v -0.024882 0.483955 -0.154917
vn 0.198034 0.0132517 0.980106
v -0.0124409 0.476533 -0.15733
vn 0.198055 0.013298 0.980101
v 1.48574e-07 0.469111 -0.159743
vn 0.999992 -5.57116e-05 -0.00411332
v 0.0124612 0.483955 -0.157591
vn -0.501654 -0.862824 -0.0622772
v 0.0249223 0.476533 -0.155138
vn -0.501891 -0.862775 -0.0610299
v 0.0124612 0.476533 -0.15749
vn 0.185558 -0.0133308 -0.982543
v 0.0373822 0.469111 -0.152683
vn -0.502213 -0.862775 -0.058312
v 0.0249223 0.469111 -0.155037
vn 0.185566 -0.0133307 -0.982541
v 0.0498433 0.461689 -0.150229
vn 0.615715 -0.157955 -0.771975
v 0.0373822 0.461689 -0.152583
vn -0.184419 0.11071 0.976593
v 0.0249223 0.461689 -0.154936
vn -0.184423 0.110636 0.9766
v 0.0124612 0.461689 -0.157289
vn -0.184477 0.110635 0.97659
v 0.0124612 0.469111 -0.15739
vn 0.185558 -0.0133308 -0.982543
v 0.0497854 0.483955 -0.150049
vn 0.730521 -0.00355257 0.682881
v 0.0373433 0.483955 -0.152563
vn -0.198033 -0.00843861 0.980159
v 0.0498043 0.476533 -0.150109
vn 0.73062 -0.00365257 0.682775
v 0.0249022 0.483955 -0.155077
vn -0.198089 -0.00849407 0.980147
v 0.0373633 0.476533 -0.152623
vn -0.198062 -0.00847074 0.980153
v 0.0498244 0.469111 -0.150169
vn 0.730521 -0.00355269 0.682881
v 0.0598475 0.483955 -0.14499
vn -0.449168 -0.00833833 0.893408
v 0.0699296 0.476533 -0.13999
vn -0.449138 -0.00831414 0.893424
v 0.0598675 0.476533 -0.14505
vn 0.449197 0.00840145 -0.893393
v 0.0800117 0.469111 -0.134991
vn -0.449146 -0.00839135 0.893419
v 0.0699496 0.469111 -0.14005
vn 0.449204 0.00839064 -0.89339
v 0.0900938 0.461689 -0.129992
vn 0.885462 0.254398 0.388895
v 0.0800307 0.461689 -0.135051
vn -0.404497 0.434778 0.804581
v 0.0699686 0.461689 -0.14011
vn -0.404557 0.434742 0.80457
v 0.0599065 0.461689 -0.14517
vn -0.404534 0.434787 0.804557
v 0.0598865 0.469111 -0.14511
vn 0.449197 0.00840046 -0.893393
v 0.129992 0.461689 -0.0900934
vn -0.459298 0.0199421 0.888059
v 0.120017 0.461689 -0.100068
vn 0.682786 0.260108 -0.68275
v 0.110043 0.461689 -0.110043
vn 0.682777 0.260155 -0.682741
v 0.100069 0.461689 -0.120018
vn 0.545449 0.636373 -0.545449
v 0.150229 0.461689 -0.0498439
vn 0.300084 0.682948 0.665982
v 0.157168 0.454117 0.0100308
vn -0.964686 -0.0312403 -0.261545
v 0.157154 0.454117 2.86336e-07
vn -0.910082 0.299136 0.286826
v 0.154694 0.446545 0.0200603
vn -0.949499 -0.0884796 -0.301037
v 0.154679 0.446545 0.0100308
vn 0.950009 -0.312219 -0.00134226
v 0.154665 0.446545 2.86336e-07
vn -0.700998 0.230449 0.674904
v 0.152219 0.438973 0.0300897
vn -0.973007 0.0127857 -0.230421
v 0.149731 0.431401 0.0300897
vn -0.954864 0.297039 0.00133598
v 0.149744 0.431401 0.0401203
vn -0.0680335 -0.0711348 0.995144
v 0.149688 0.431401 2.86336e-07
vn -0.88758 0.459491 0.0327102
v 0.152176 0.438973 2.86336e-07
vn 0.842843 -0.277116 0.461327
v 0.152191 0.438973 0.0100308
vn 0.950002 -0.312242 -0.00134946
v 0.119878 0.431401 0.0898298
vn 0.276422 -0.106857 0.955077
v 0.127344 0.431401 0.0774024
vn 0.857057 -0.0163803 0.514961
v 0.134812 0.431401 0.064975
vn 0.857058 -0.0163055 0.514962
v 0.142278 0.431401 0.0525476
vn 0.857078 -0.0163175 0.514928
v 0.0898296 0.431401 0.119878
vn 0.594879 -0.44517 0.669285
v 0.0401201 0.431401 0.149744
vn -0.965655 0.259808 -0.00305655
v 0.0249223 0.446545 0.149958
vn -0.209929 0.329 0.9207
v 0.0124612 0.438973 0.149822
vn -0.209946 0.328989 0.9207
v 1.48574e-07 0.431401 0.149687
vn -0.112122 0.388081 -0.91478
v 1.48574e-07 0.454117 0.157153
vn -0.380631 -0.288776 0.87848
v 1.48574e-07 0.446545 0.154664
vn -0.380701 -0.288738 0.878463
v -0.0401199 0.431401 0.149744
vn -0.86237 0.275574 -0.424709
v -0.0898293 0.431401 0.119878
vn -0.625456 0.769228 -0.13074
v -0.0799651 0.454117 0.132522
vn 0.430003 0.289326 -0.855212
v -0.069902 0.454117 0.137582
vn 0.429984 0.289341 -0.855217
v -0.0975399 0.454117 0.119952
vn -0.687185 -0.235537 0.68724
v -0.104986 0.446545 0.109911
vn -0.687199 -0.235478 0.687247
v -0.112432 0.438973 0.0998708
vn -0.68717 -0.235553 0.68725
v -0.119879 0.431401 0.0898298
vn 0.578625 0.463892 -0.670819
v -0.127464 0.454117 0.0900276
vn -0.948505 -0.316749 -0.00282272
v -0.117489 0.454117 0.100002
vn 0.687226 0.23546 -0.687225
v -0.124936 0.446545 0.0899613
vn -0.948535 -0.316659 -0.00279266
v -0.107515 0.454117 0.109977
vn 0.687226 0.23546 -0.687226
v -0.114961 0.446545 0.0999361
vn 0.687229 0.235445 -0.687228
v -0.122407 0.438973 0.0898961
vn -0.87775 -0.296375 0.376452
v -0.139868 0.446545 0.0651066
vn -0.790315 -0.333092 0.514248
v -0.144806 0.438973 0.0526129
vn -0.722975 -0.425962 0.543934
v -0.149744 0.431401 0.0401203
vn 0.00573821 0.216887 -0.97618
v -0.134811 0.431401 0.064975
vn 0.837436 0.213483 -0.503116
v -0.150108 0.454117 0.0474129
vn 0.00597914 0.305848 -0.952061
v -0.145048 0.454117 0.057475
vn 0.882397 0.156613 -0.443676
v -0.149986 0.446545 0.0449813
vn 0.00616753 0.305755 -0.95209
v -0.139989 0.454117 0.0675371
vn 0.882423 0.156546 -0.443648
v -0.144927 0.446545 0.0550445
vn 0.882427 0.15653 -0.443644
v -0.149865 0.438973 0.0425508
vn 0.0062078 0.305665 -0.952119
v -0.150094 0.454117 0.0373824
vn -0.49514 0.74008 -0.455102
v -0.149958 0.446545 0.0249224
vn -0.495141 0.740057 -0.455139
v -0.149972 0.446545 0.0349519
vn -0.999878 -0.0155474 -0.00143416
v -0.149823 0.438973 0.0124613
vn 0.907582 0.363134 -0.210782
v -0.149837 0.438973 0.0224908
vn -0.999878 -0.0155474 -0.00143416
v -0.149687 0.431401 2.86336e-07
vn 0.892148 0.435142 -0.121337
v -0.149701 0.431401 0.0100308
vn 0.00378047 0.999993 0.000118056
v -0.149716 0.431401 0.0200603
vn 0.00355478 0.999994 6.9689e-06
v -0.149729 0.431401 0.0300897
vn 0.00366485 0.999993 5.13246e-06
v -0.149851 0.438973 0.0325213
vn -0.999878 -0.0155831 -0.00139846
v -0.157154 0.454117 2.86336e-07
vn -0.808406 -0.265804 -0.525194
v -0.154665 0.446545 2.86336e-07
vn -0.947055 -0.311297 -0.0786215
v -0.152176 0.438973 2.86336e-07
vn -0.947056 -0.311298 -0.0785964
v -0.149744 0.431401 -0.0401197
vn 0.42477 0.275573 -0.86234
v -0.119879 0.431401 -0.0898292
vn 0.369304 0.864346 -0.341351
v -0.127464 0.454117 -0.0900271
vn 0.7016 0.228394 -0.674977
v -0.0898293 0.431401 -0.119879
vn 0.999811 -0.00591158 0.0185136
v -0.0401199 0.431401 -0.149744
vn 0.985052 0.172053 0.00843815
v -0.077402 0.431401 -0.127345
vn 0.0337691 -0.997848 0.0562072
v -0.0474125 0.454117 -0.150108
vn 0.952099 0.305728 0.00609048
v -0.044982 0.446545 -0.149986
vn 0.952086 0.305769 0.00609051
v -0.0425504 0.438973 -0.149865
vn 0.952086 0.305769 0.00612375
v 1.48574e-07 0.431401 -0.149688
vn 0.458695 0.753966 0.470249
v 0.0401201 0.431401 -0.149744
vn 0.862357 0.275613 0.42471
v 0.0898296 0.431401 -0.119879
vn 0.406496 0.803191 0.435482
v 0.0975401 0.454117 -0.119951
vn 0.685358 -0.23577 -0.688982
v 0.104986 0.446545 -0.109911
vn 0.687171 -0.235569 -0.687244
v 0.112432 0.438973 -0.0998702
vn 0.687244 -0.235486 -0.687199
v 0.119878 0.431401 -0.0898292
vn 0.9176 0.313998 0.243753
v 0.124935 0.446545 -0.0899618
vn 0.821119 -0.269827 0.502947
v 0.149744 0.431401 -0.0401197
vn -0.00296487 0.25979 0.965661
v 0.149823 0.438973 -0.0124608
vn 0.976614 0.178874 0.119289
v 0.1548 0.454117 -0.0124608
vn -0.935059 0.30736 0.176617
v 0.152312 0.446545 -0.0124608
vn -0.935087 0.307293 0.176586
v 0.152446 0.454117 -0.0249218
vn -0.935078 0.307316 0.176594
v 0.13998 0.401081 0.0402403
vn 0.0239998 0.214174 0.976501
v 0.139976 0.401081 2.86336e-07
vn -0.3862 0.92227 -0.016325
v 0.139783 0.423821 0.0500803
vn 0.741051 -0.101663 0.663708
v 0.129823 0.416241 0.0600403
vn 0.741073 -0.101741 0.663671
v 0.119862 0.408661 0.0700003
vn 0.741043 -0.10176 0.663702
v 0.109901 0.401081 0.0799603
vn -0.282404 0.955576 0.0843959
v 0.117384 0.423821 0.0873624
vn 0.47235 -0.409508 0.780505
v 0.124851 0.423821 0.074935
vn -0.781769 0.41015 -0.469695
v 0.11489 0.416241 0.084895
vn 0.472366 -0.409477 0.780512
v 0.132317 0.423821 0.0625076
vn -0.781769 0.410151 -0.469695
v 0.122356 0.416241 0.0724676
vn -0.781776 0.410121 -0.46971
v 0.112396 0.408661 0.0824276
vn 0.582033 -0.418477 0.697219
v 0.0799602 0.401081 0.109901
vn 0.585565 -0.371128 0.720678
v 0.0968023 0.401081 0.0930592
vn 0.655961 -0.373371 0.65598
v 0.0402402 0.401081 0.13998
vn -0.705285 0.559971 -0.434747
v 1.48574e-07 0.401081 0.139976
vn 0.0163542 0.922263 -0.386216
v -0.0100599 0.423821 0.14726
vn -0.393593 0.238122 0.887909
v -0.0402399 0.401081 0.13998
vn -0.855116 0.515275 0.0571624
v -0.0799599 0.401081 0.109901
vn -0.0461554 0.675238 -0.736154
v -0.109902 0.401081 0.0799603
vn -0.537331 0.705443 -0.462196
v -0.124904 0.423821 0.0774329
vn 0.819946 -0.572175 0.0174493
v -0.129929 0.416241 0.065035
vn -0.679585 -0.470294 0.563017
v -0.134955 0.408661 0.0526382
vn -0.679565 -0.470317 0.563022
v -0.13998 0.401081 0.0402403
vn 0.538698 0.653297 -0.531985
v -0.147303 0.423821 0.0401498
vn -0.560074 -0.183563 -0.80785
v -0.144862 0.416241 0.0401803
vn -0.333749 -0.111249 -0.936074
v -0.142421 0.408661 0.0402108
vn 0.636849 0.202134 -0.74402
v -0.147302 0.423821 0.0300897
vn -0.951128 -0.308792 0.00173281
v -0.14486 0.416241 0.0200603
vn 0.953244 0.30218 0.00372886
v -0.139977 0.401081 0.0100603
vn 0.0932591 0.995642 8.95014e-06
v -0.142418 0.408661 0.0100308
vn -0.710785 -0.633508 0.3057
v -0.139976 0.401081 2.86336e-07
vn -0.819509 -0.572483 0.0258386
v -0.147259 0.423821 2.86336e-07
vn -0.848195 -0.278074 0.450822
v -0.147274 0.423821 0.0100308
vn 0.952359 0.304977 0.00139899
v -0.144831 0.416241 2.86336e-07
vn -0.952337 -0.305047 0.00119277
v -0.147288 0.423821 0.0200603
vn 0.952346 0.305016 0.00133277
v -0.144846 0.416241 0.0100308
vn 0.952337 0.305045 0.0013566
v -0.146047 0.420032 -0.0150902
vn 0.950375 0.311064 -0.00509015
v -0.13998 0.401081 -0.0402408
vn -0.399466 -0.507648 -0.763361
v -0.139979 0.401081 -0.0301808
vn 0.602871 0.797839 -6.2976e-05
v -0.139978 0.401081 -0.0201197
vn -0.273245 0.961945 3.56459e-05
v -0.139977 0.401081 -0.0100597
vn 0.687019 0.72664 -7.17698e-05
v -0.109902 0.401081 -0.0799597
vn 0.85988 0.476571 0.182995
v -0.121181 0.401081 -0.065065
vn -0.104582 0.991358 -0.0791963
v -0.0799599 0.401081 -0.109902
vn 0.555931 0.724551 0.407389
v -0.0874451 0.401081 -0.102417
vn -0.661434 -0.353842 -0.661287
v -0.0949304 0.401081 -0.0949302
vn -0.650052 -0.393528 -0.650052
v -0.0402399 0.401081 -0.13998
vn 0.705282 0.559966 0.434759
v -0.0300904 0.423821 -0.147302
vn -0.307509 -0.635169 -0.708518
v -0.0200599 0.416241 -0.14486
vn -0.305841 -0.633652 -0.710596
v -0.0100293 0.408661 -0.142418
vn -0.30429 -0.632209 -0.712544
v 1.48574e-07 0.401081 -0.139976
vn -0.00579006 0.996552 0.0827674
v 0.0402402 0.401081 -0.13998
vn 0.360351 0.56556 0.741815
v 0.0799602 0.401081 -0.109902
vn -0.371842 0.44735 0.813395
v 0.0700307 0.401081 -0.117421
vn 0.569322 0.332453 -0.751896
v 0.0601001 0.401081 -0.124941
vn 0.599046 -0.123935 -0.791065
v 0.0501707 0.401081 -0.13246
vn 0.599027 -0.123961 -0.791076
v 0.109901 0.401081 -0.0799597
vn -0.455779 0.677289 0.577533
v 0.102416 0.401081 -0.087445
vn -0.572708 0.586359 0.572877
v 0.0949307 0.401081 -0.0949302
vn 0.674099 0.302066 -0.674052
v 0.0874454 0.401081 -0.102417
vn 0.670231 -0.318296 -0.670431
v 0.11489 0.416241 -0.0848945
vn 0.942237 -0.231104 0.242446
v 0.124903 0.423821 -0.0774323
vn -0.887695 0.132566 0.440936
v 0.12993 0.416241 -0.0650355
vn -0.887718 0.132524 0.440901
v 0.134955 0.408661 -0.0526376
vn -0.937215 -0.059226 0.343688
v 0.13998 0.401081 -0.0402408
vn 0.814407 0.0172686 0.580038
v 0.13246 0.401081 -0.0501702
vn -0.401554 0.863891 0.304051
v 0.124941 0.401081 -0.0601008
vn -0.549876 0.724044 0.416409
v 0.11999 0.371613 0.0302392
vn -0.817147 0.554192 0.158564
v 0.119913 0.371613 0.0226792
vn 0.966557 -0.256262 -0.00989336
v 0.119835 0.371613 0.0151203
vn 0.966544 -0.25631 -0.00989122
v 0.119758 0.371613 0.00756029
vn 0.98596 0.166676 -0.0101445
v 0.11968 0.371613 2.86336e-07
vn -0.0479884 0.985446 0.163072
v 0.0999075 0.371613 0.0697245
vn -0.717999 -0.674108 -0.173364
v 0.104929 0.371613 0.0598529
vn 0.810145 0.417011 0.412027
v 0.109949 0.371613 0.0499813
vn 0.810163 0.416947 0.412057
v 0.11497 0.371613 0.0401108
vn 0.810117 0.417058 0.412035
v 0.107403 0.393714 0.0774013
vn -0.753873 0.428619 -0.497958
v 0.104904 0.386346 0.0748424
vn -0.753858 0.428665 -0.49794
v 0.102405 0.37898 0.0722834
vn -0.753853 0.428649 -0.497962
v 0.099857 0.393714 0.0849477
vn -0.636141 0.436642 -0.636135
v 0.0898138 0.386346 0.089934
vn -0.636107 0.436074 -0.636559
v 0.0973591 0.386346 0.0823887
vn 0.636129 -0.436735 0.636084
v 0.0797696 0.37898 0.0949213
vn -0.636063 0.43646 -0.636338
v 0.0873149 0.37898 0.087375
vn 0.636128 -0.436735 0.636084
v 0.0697254 0.371613 0.0999076
vn -0.398498 0.913321 -0.0839292
v 0.0772707 0.371613 0.0923613
vn -0.287955 0.91333 -0.287942
v 0.084817 0.371613 0.0848161
vn -0.178018 0.967787 -0.178041
v 0.0923622 0.371613 0.0772697
vn -0.178066 0.967773 -0.178067
v 0.0948602 0.37898 0.0798287
vn 0.63614 -0.436723 0.636081
v 0.0774012 0.393714 0.107403
vn 0.0387527 -0.332948 0.942149
v 0.0748433 0.386346 0.104904
vn -0.476164 -0.129667 0.869744
v 0.0722844 0.37898 0.102406
vn -0.796885 0.423047 -0.431283
v 0.0675296 0.393714 0.112423
vn -0.521436 0.726545 -0.447478
v 0.0551002 0.386346 0.114946
vn -0.496534 0.635295 -0.591485
v 0.0401107 0.371613 0.11497
vn 0.442415 0.218049 0.869899
v 0.0426696 0.37898 0.117468
vn -0.496528 0.635333 -0.591449
v 0.0302391 0.371613 0.11999
vn -0.447554 -0.195039 0.872729
v 0.0499822 0.371613 0.109949
vn 0.256764 0.824128 0.504862
v 0.0598538 0.371613 0.104929
vn 0.256786 0.82415 0.504815
v 0.0624128 0.37898 0.107427
vn 0.411901 -0.417744 0.809832
v 1.48574e-07 0.371613 0.11968
vn -0.364636 0.930607 -0.031811
v -0.0302388 0.371613 0.11999
vn -0.45284 0.801258 0.391052
v -0.0346146 0.384505 0.128736
vn -0.953484 -0.299309 -0.0358003
v -0.0697251 0.371613 0.0999076
vn -0.491898 0.845239 0.208822
v -0.0999072 0.371613 0.0697245
vn -0.398635 0.910203 0.112341
v -0.119989 0.371613 0.0302392
vn -0.0899539 0.841247 -0.533115
v -0.119681 0.371613 2.86336e-07
vn 0.0318031 0.930597 -0.364661
v -0.119989 0.371613 -0.0302397
vn -0.034564 0.70796 -0.705406
v -0.0999072 0.371613 -0.069725
vn -0.208932 0.845187 -0.491941
v -0.0847914 0.382663 -0.0924271
vn -0.636139 -0.437004 -0.635889
v -0.0697251 0.371613 -0.0999081
vn 0.242908 0.955353 0.168217
v -0.0774009 0.393714 -0.107403
vn 0.0252878 -0.31316 -0.949364
v -0.074842 0.386346 -0.104905
vn -0.274872 -0.393028 -0.877482
v -0.0302388 0.371613 -0.119989
vn 0.533094 0.841259 -0.0899717
v 1.48574e-07 0.371613 -0.119681
vn 0.447974 0.784242 -0.429283
v 1.48574e-07 0.393714 -0.134902
vn -0.0256773 0.566995 0.823321
v 1.48574e-07 0.386346 -0.129828
vn -0.0256767 0.567023 0.823302
v 1.48574e-07 0.37898 -0.124754
vn -0.0257358 0.567022 0.823301
v 0.0302391 0.371613 -0.119989
vn 0.484694 0.860154 0.158764
v 0.0476117 0.393714 -0.129962
vn 0.273073 -0.668041 -0.692209
v 0.0697254 0.371613 -0.0999081
vn 0.821284 0.424611 -0.381048
v 0.0674717 0.393714 -0.114923
vn -0.544218 0.432764 0.718708
v 0.0575412 0.393714 -0.122442
vn -0.544236 0.432749 0.718704
v 0.0849475 0.393714 -0.0998576
vn 0.636114 -0.436694 -0.636127
v 0.0923622 0.371613 -0.0772702
vn -0.498041 0.709883 0.498018
v 0.107403 0.393714 -0.0774008
vn 0.951614 -0.275291 0.136551
v 0.104904 0.386346 -0.0748418
vn 0.851204 -0.404737 -0.334125
v 0.0999075 0.371613 -0.069725
vn -0.0945143 0.964208 0.247728
v 0.11999 0.371613 -0.0302397
vn 0.0900026 0.841223 0.533144
v 0.134905 0.393714 -0.0301808
vn -0.80735 0.589564 0.0244969
v 0.129831 0.386346 -0.0201197
vn -0.8073 0.589632 0.0244979
v 0.124755 0.37898 -0.0100597
vn -0.807201 0.589763 0.0246464
v 0.112182 0.36658 0.00748977
vn -0.438743 0.885074 0.155397
v 0.114731 0.36658 2.86336e-07
vn -0.706842 0.695194 0.130688
v 0.104683 0.361549 0.0149803
vn -0.299634 0.903359 0.306858
v 0.107232 0.361549 0.00748977
vn 0.692784 -0.681523 0.235748
v 0.109781 0.361549 2.86336e-07
vn -0.706736 0.695289 0.130753
v 0.0971854 0.356517 0.0224698
vn -0.299657 0.90333 0.306921
v 0.0997338 0.356517 0.0149803
vn 0.692828 -0.681479 0.235746
v 0.0896865 0.351484 0.0299592
vn -0.812409 0.253593 0.525054
v 0.0922349 0.351484 0.0224698
vn -0.638631 0.738179 -0.217354
v 0.0947844 0.351484 0.0149803
vn -0.638609 0.738203 -0.217334
v 0.0973328 0.351484 0.00748977
vn -0.638615 0.738213 -0.217282
v 0.102282 0.356517 0.00748977
vn 0.692827 -0.681479 0.235745
v 0.0998812 0.351484 2.86336e-07
vn -0.0941412 -0.587208 0.803943
v 0.104831 0.356517 2.86336e-07
vn -0.706771 0.695273 0.130655
v 0.104838 0.361549 0.0300992
vn -0.456473 0.679239 0.574688
v 0.0799001 0.351484 0.0503045
vn -0.692707 0.631491 -0.348391
v 0.0875064 0.36658 0.0722677
vn 0.413895 -0.810776 0.413924
v 0.0627054 0.356517 0.077355
vn -0.413299 0.812415 -0.411298
v 0.0503054 0.351484 0.0798992
vn -0.71498 0.31069 -0.626319
v 0.0551601 0.356517 0.0849013
vn -0.815712 0.503049 0.28558
v 0.0597844 0.36658 0.0973529
vn -0.372646 0.287815 0.882212
v 0.0498433 0.361549 0.0947971
vn 0.242322 -0.77501 0.583644
v 0.0350465 0.351484 0.0872403
vn 0.186973 -0.902209 0.388665
v 0.0401328 0.351484 0.0847929
vn -0.379405 -0.482308 -0.789576
v 0.0299601 0.351484 0.0896866
vn -0.186776 0.683298 -0.705846
v 0.0452191 0.351484 0.0823455
vn -0.314831 0.687446 -0.654446
v 0.0301696 0.36658 0.112414
vn 0.0563232 -0.831902 0.552057
v 0.0300991 0.361549 0.104838
vn -0.632456 0.64786 -0.424591
v 0.0499128 0.36658 0.102373
vn -0.270054 0.803173 -0.531021
v 0.0399707 0.361549 0.0998182
vn -0.270036 0.803187 -0.53101
v 0.0300296 0.356517 0.0972624
vn 0.132269 -0.826214 0.547609
v 0.0132296 0.360291 0.108678
vn 0.633084 -0.746514 -0.204746
v 1.48574e-07 0.351484 0.0998803
vn -0.915271 -0.300777 0.267977
v 0.00749066 0.351484 0.0973318
vn -0.257643 0.600093 -0.757303
v 0.0187254 0.351484 0.0935097
vn -0.275904 0.516029 -0.81092
v -0.0299599 0.351484 0.0896866
vn -0.180483 0.807218 -0.561983
v -0.00748933 0.351484 0.0973318
vn 0.196076 0.793381 -0.576282
v -0.0352556 0.36658 0.109968
vn 0.291444 0.788413 -0.541724
v -0.0402725 0.361549 0.0999445
vn 0.291328 0.788517 -0.541635
v -0.0452883 0.356517 0.0899213
vn 0.291259 0.78852 -0.541668
v -0.0503051 0.351484 0.0798992
vn -0.467115 -0.879648 -0.0895716
v -0.0798999 0.351484 0.0503045
vn 0.549352 0.472413 -0.68923
v -0.0669525 0.351484 0.0632519
vn -0.389254 -0.834838 0.389265
v -0.0949051 0.36658 0.0648697
vn 0.264743 0.792786 -0.549
v -0.0899041 0.361549 0.060015
vn 0.264731 0.79284 -0.548928
v -0.084902 0.356517 0.0551592
vn 0.264789 0.792833 -0.54891
v -0.0896862 0.351484 0.0299592
vn 0.715594 0.626072 -0.309773
v -0.0998809 0.351484 2.86336e-07
vn 0.709583 0.173736 -0.682867
v -0.0896862 0.351484 -0.0299597
vn 0.283127 0.759084 -0.586199
v -0.0922346 0.351484 -0.0224703
vn 0.576238 0.793406 0.196101
v -0.0947841 0.351484 -0.0149797
vn 0.576227 0.793419 0.196084
v -0.0973325 0.351484 -0.00748919
vn 0.576252 0.793405 0.196066
v -0.089922 0.356517 -0.0452892
vn 0.537981 0.796565 0.275792
v -0.0798999 0.351484 -0.050305
vn 0.734244 0.389676 0.555912
v -0.0823462 0.351484 -0.0452187
vn -0.446524 -0.868582 -0.214901
v -0.0847935 0.351484 -0.0401324
vn -0.418529 -0.88561 -0.201317
v -0.0872399 0.351484 -0.035046
vn 0.831858 0.384356 0.400353
v -0.0948156 0.356517 -0.0351166
vn -0.533151 -0.806224 -0.256425
v -0.0503051 0.351484 -0.0798997
vn 0.663297 0.584212 0.467689
v -0.0299599 0.351484 -0.089686
vn 0.309755 0.62605 0.71562
v 1.48574e-07 0.351484 -0.0998808
vn 0.334486 0.529112 0.779846
v 0.0299601 0.351484 -0.089686
vn 0.12681 0.812429 0.569103
v 0.0503054 0.351484 -0.0798997
vn -0.348402 0.631468 0.692722
v 0.0799001 0.351484 -0.050305
vn -0.467715 0.584159 0.663326
v 0.0896865 0.351484 -0.0299597
vn -0.715575 0.62608 0.3098
v 0.0598412 0.321554 0.0198192
vn -0.395988 0.906618 -0.145731
v 0.0698422 0.321554 2.86336e-07
vn -0.379966 0.849905 0.365086
v 0.0797222 0.344002 0.0325013
vn -0.139136 0.479625 0.866372
v 0.0498275 0.321554 0.0401276
vn -0.468765 0.868518 0.161044
v 0.0401275 0.321554 0.0498276
vn -0.518607 0.746834 -0.416275
v 0.0425528 0.321554 0.0474024
vn 0.632335 -0.447866 0.632114
v 0.044977 0.321554 0.0449771
vn 0.535641 -0.652822 0.535641
v 0.0474022 0.321554 0.0425529
vn 0.535624 -0.652759 0.535735
v 0.0477612 0.344002 0.0723813
vn -0.612578 0.654122 -0.443703
v 0.0452159 0.336519 0.0648634
vn -0.612577 0.654123 -0.443703
v 0.0426717 0.329037 0.0573455
vn -0.766605 0.56577 -0.303679
v 0.0312517 0.332778 0.0673634
vn 0.319143 -0.730006 0.60435
v 0.0198201 0.321554 0.0598413
vn -0.191927 0.93589 -0.295422
v 0.0274349 0.321554 0.0560866
vn -0.105066 0.971371 -0.213073
v 0.0325117 0.344002 0.0797782
vn -0.299659 0.722646 -0.622887
v 0.0248896 0.336519 0.0747645
vn 0.317984 -0.721311 0.615301
v 0.0223549 0.329037 0.0673024
vn 0.321585 -0.721005 0.613788
v 0.0299759 0.336519 0.0723171
vn -0.299668 0.722647 -0.622881
v 1.48574e-07 0.321554 0.0698424
vn -0.365032 0.849926 -0.37997
v -0.0198199 0.321554 0.0598413
vn 0.040232 0.933462 -0.356412
v -0.0401272 0.321554 0.0498276
vn -0.371211 -0.715193 0.592201
v -0.0477609 0.344002 0.0723813
vn 0.00572444 0.709731 -0.704449
v -0.0452157 0.336519 0.0648634
vn 0.00578211 0.709733 -0.704447
v -0.0426714 0.329037 0.0573455
vn 0.00584896 0.709744 -0.704436
v -0.0501862 0.344002 0.0699561
vn -0.512418 -0.689084 0.512437
v -0.0498272 0.321554 0.0401276
vn -0.578855 -0.709902 0.401205
v -0.0598409 0.321554 0.0198192
vn 0.0436827 0.979951 -0.194389
v -0.069843 0.321554 2.86336e-07
vn 0.379946 0.849896 -0.365128
v -0.0598409 0.321554 -0.0198197
vn 0.395995 0.906621 0.145693
v -0.0498272 0.321554 -0.0401281
vn -0.735044 -0.429516 -0.52462
v -0.072382 0.344002 -0.0477608
vn -0.272447 -0.543633 -0.793874
v -0.0748283 0.344002 -0.0426745
vn 0.620623 0.725062 0.298517
v -0.0648641 0.336519 -0.0452166
vn -0.272405 -0.54368 -0.793856
v -0.0772746 0.344002 -0.0375881
vn 0.620607 0.725065 0.298542
v -0.0573451 0.329037 -0.0426724
vn -0.413781 -0.636929 -0.650467
v -0.0673104 0.336519 -0.0401302
vn 0.620626 0.725068 0.298496
v -0.0401272 0.321554 -0.0498271
vn 0.554082 0.774442 0.305341
v -0.0198199 0.321554 -0.0598408
vn 0.0618852 0.995303 -0.0744451
v 1.48574e-07 0.321554 -0.0698429
vn 0.236081 0.704558 0.669226
v -0.0123872 0.321554 -0.0635913
vn -0.410602 0.411569 -0.813644
v 0.0198201 0.321554 -0.0598408
vn -0.064261 0.79744 0.599966
v 0.0148654 0.321554 -0.0623418
vn 0.411927 0.404908 -0.816312
v 0.00990961 0.321554 -0.0648418
vn 0.277026 0.788427 -0.549217
v 0.00495489 0.321554 -0.0673429
vn 0.0894228 0.980103 -0.177206
v 0.00495489 0.329037 -0.0748524
vn 0.335635 -0.667268 -0.664908
v 0.0401275 0.321554 -0.0498271
vn 0.809556 0.576569 0.110393
v 0.0498275 0.321554 -0.0401281
vn -0.305347 0.774429 0.554096
v 0.0598412 0.321554 -0.0198197
vn -0.0436237 0.979948 0.194421
v 0.0300822 0.301334 0.0097245
vn -0.490664 0.733074 -0.471011
v 0.0299686 0.301334 2.86336e-07
vn -0.478168 0.842126 0.249357
v 0.0299507 0.301334 0.0202698
vn -0.53343 0.799475 -0.276208
v 0.0299833 0.301334 0.017634
vn 0.573079 -0.819469 0.00709214
v 0.0300159 0.301334 0.0149971
vn 0.581538 -0.813486 0.00735093
v 0.0300496 0.301334 0.0123613
vn 0.568016 -0.822986 0.00716638
v 0.044858 0.316499 0.0351634
vn -0.51634 0.802143 -0.299933
v 0.0202707 0.301334 0.0299498
vn -0.220154 0.952007 -0.212638
v 0.0251107 0.301334 0.0251097
vn 0.598056 -0.533542 0.598048
v 0.0275307 0.301334 0.0226898
vn 0.599727 -0.52977 0.599727
v 0.0351633 0.316499 0.0448582
vn -0.499563 0.805069 -0.319845
v 0.0301991 0.311444 0.0398887
vn -0.512324 0.802845 -0.304899
v 0.0252349 0.306389 0.0349192
vn -0.512335 0.802834 -0.30491
v 0.0325265 0.316499 0.0448908
vn -0.297996 0.857559 -0.419275
v 0.0249254 0.311444 0.039955
vn -0.298073 0.857546 -0.419247
v 0.0275622 0.311444 0.0399213
vn 0.00886568 -0.705391 0.708763
v 0.0173254 0.306389 0.0350182
vn -0.28274 0.85315 -0.438398
v 0.0199622 0.306389 0.0349855
vn 0.00881865 -0.705381 0.708774
v 0.00972436 0.301334 0.0300824
vn -0.088059 0.857831 -0.506331
v 0.0123612 0.301334 0.0300487
vn 0.000479837 0.999229 0.0392551
v 0.014998 0.301334 0.0300161
vn 0.000223959 0.999252 0.0386775
v 0.0176338 0.301334 0.0299834
vn 0.000750972 0.99924 0.0389733
v 0.022598 0.306389 0.0349529
vn 0.00886824 -0.705393 0.70876
v 0.0172959 0.316499 0.0524013
vn -0.846697 0.52731 -0.0710504
v 0.0147728 0.311444 0.0449613
vn -0.846831 0.527114 -0.0709129
v 0.0122486 0.306389 0.0375224
vn -0.480765 0.792458 -0.375334
v 0.00495489 0.306389 0.0374361
vn -0.341047 0.8679 -0.36116
v 1.48574e-07 0.301334 0.0299677
vn -0.245687 0.840843 -0.482307
v 0.00243174 0.301334 0.0299961
vn 0.00646809 0.832995 -0.553243
v 0.00486226 0.301334 0.0300245
vn 0.00658608 0.832983 -0.55326
v 0.00729384 0.301334 0.030054
vn 0.00650187 0.83988 -0.542734
v -0.00972513 0.301334 0.0300824
vn 0.273678 0.827822 -0.489705
v -0.00729355 0.301334 0.030054
vn 0.00486708 -0.91321 0.40746
v -0.00486303 0.301334 0.0300245
vn 0.00486716 -0.913222 0.407433
v -0.00243144 0.301334 0.0299961
vn 0.00472797 -0.913212 0.407456
v -0.0200167 0.312708 0.0467634
vn 0.497203 0.715163 -0.491255
v -0.0202704 0.301334 0.0299498
vn 0.349557 0.872615 -0.341105
v -0.0149978 0.301334 0.0300161
vn 0.00670928 0.847262 -0.531133
v -0.0123619 0.301334 0.0300487
vn -0.00746068 -0.807897 0.589277
v -0.035163 0.316499 0.0448582
vn 0.150976 0.764443 -0.626764
v -0.0301988 0.311444 0.0398887
vn -0.816668 -0.462061 -0.345766
v -0.0252346 0.306389 0.0349192
vn -0.469704 -0.808906 0.353623
v -0.0299504 0.301334 0.0202698
vn -0.251162 0.814324 0.523254
v -0.030082 0.301334 0.0097245
vn 0.466545 0.847686 -0.252515
v -0.0300493 0.301334 0.0123613
vn -0.771588 -0.63605 0.00961161
v -0.0299999 0.301334 0.016315
vn -0.26156 0.965181 0.00359136
v -0.0299683 0.301334 2.86336e-07
vn 0.44044 0.857517 -0.265851
v -0.0299967 0.301334 0.00243187
vn -0.999212 0.0379258 -0.011682
v -0.0300251 0.301334 0.00486239
vn -0.999214 0.0378746 -0.0116788
v -0.0300535 0.301334 0.00729398
vn -0.999217 0.0378029 -0.0116788
v -0.030082 0.301334 -0.009725
vn 0.48762 0.805765 0.33611
v -0.0300178 0.301334 -0.00425445
vn -0.0393203 -0.999227 0.000540159
v -0.0299504 0.301334 -0.0202702
vn 0.401678 0.861693 0.310064
v -0.029983 0.301334 -0.0176345
vn -0.581496 -0.813517 -0.00725513
v -0.0374041 0.308916 -0.0277166
vn 0.702083 0.711756 0.0219635
v -0.0424377 0.316499 -0.0375839
vn 0.413047 0.811672 0.413015
v -0.0202704 0.301334 -0.0299502
vn 0.366673 0.896157 0.249908
v -0.00972513 0.301334 -0.0300818
vn 0.266768 0.870745 0.413084
v -0.0149978 0.301334 -0.0300155
vn -0.00242978 0.980538 -0.196313
v -0.015403 0.312708 -0.0468208
vn 0.400241 0.815395 0.418255
v -0.00991038 0.311444 -0.044905
vn 0.388999 0.861894 0.325298
v 1.48574e-07 0.301334 -0.0299681
vn 0.147795 0.848985 0.507328
v -0.00243144 0.301334 -0.0299966
vn -0.00637876 0.837942 0.545722
v -0.00486303 0.301334 -0.030025
vn -0.0063784 0.837942 0.545722
v -0.00729355 0.301334 -0.0300534
vn -0.0063784 0.837942 0.545722
v 1.48574e-07 0.316499 -0.0598745
vn 0.721548 0.617513 0.313125
v 1.48574e-07 0.311444 -0.049906
vn 0.721562 0.617493 0.313131
v 1.48574e-07 0.306389 -0.0399366
vn 0.721621 0.617438 0.313103
v 0.00972436 0.301334 -0.0300818
vn -0.256432 0.806787 0.532295
v 0.0199328 0.316499 -0.0523681
vn -0.497315 0.715099 0.491234
v 0.0202707 0.301334 -0.0299502
vn -0.299465 0.7987 0.521918
v 0.0176338 0.301334 -0.0299829
vn 0.00707012 -0.823876 -0.566725
v 0.0301991 0.311444 -0.0398892
vn -0.10435 0.747443 0.656079
v 0.0350391 0.311444 -0.0350492
vn -0.412902 0.811693 0.413117
v 0.0324949 0.306389 -0.0276597
vn -0.413009 0.811657 0.413081
v 0.0300749 0.306389 -0.0300797
vn 0.413055 -0.811648 -0.413054
v 0.0299507 0.301334 -0.0202702
vn -0.140143 0.832372 0.536207
v 0.0275307 0.301334 -0.0226902
vn 0.0367798 0.998646 -0.0367757
v 0.0251107 0.301334 -0.0251102
vn 0.0367756 0.998646 -0.0367836
v 0.0226907 0.301334 -0.0275303
vn -0.270743 0.92382 0.270655
v 0.0276549 0.306389 -0.0324997
vn 0.412991 -0.811667 -0.413081
v 0.0300822 0.301334 -0.009725
vn -0.371624 0.844006 0.386717
v 0.0300159 0.301334 -0.0149976
vn 0.803806 -0.594806 -0.0100681
v 0.0299833 0.301334 -0.0176345
vn 0.823379 -0.567402 -0.0101255
v 4.11817e-05 0.281505 -0.000249206
vn -0.46318 0.882194 -0.0848384
v 0.000108566 0.281505 -0.000187092
vn -0.479162 0.704715 0.523241
v 0.000176986 0.281505 -0.000124978
vn -0.479127 0.704128 0.524062
v 0.000245406 0.281505 -6.1828e-05
vn -0.479979 0.707183 0.519146
v 0.000312791 0.281505 2.86336e-07
vn -0.426355 0.889483 -0.164446
v 0.0225717 0.296377 0.0072308
vn -0.552982 0.83314 0.00939563
v 0.0150612 0.29142 0.00473713
vn -0.553008 0.833125 0.00921528
v 0.00755171 0.286462 0.0022445
vn -0.553038 0.833104 0.00934749
v 0.022538 0.296377 0.00729081
vn -0.549186 0.8357 0.000225154
v 0.0149949 0.29142 0.00485712
vn -0.548559 0.836108 -0.00271037
v 0.0150285 0.29142 0.00479711
vn 0.469911 -0.84322 0.26108
v 0.00745067 0.286462 0.0024224
vn -0.548802 0.835951 -0.00169999
v 0.00748436 0.286462 0.00236345
vn 0.468985 -0.843006 0.263429
v -9.24896e-05 0.281505 -1.12895e-05
vn -0.312411 0.904279 -0.290995
v -5.87973e-05 0.281505 -7.02354e-05
vn 0.396015 -0.891172 0.221323
v -2.61716e-05 0.281505 -0.000130248
vn 0.397001 -0.891134 0.219707
v 7.52073e-06 0.281505 -0.00019026
vn 0.386485 -0.896015 0.2186
v 0.00751805 0.286462 0.00230344
vn 0.468977 -0.843004 0.263448
v 0.0149286 0.29142 0.0101298
vn -0.44465 0.874032 -0.195844
v 0.0225054 0.296377 0.00992659
vn -0.547579 0.836726 -0.00687263
v -1.14273e-05 0.281505 -9.23518e-05
vn -0.148719 0.899116 -0.411671
v -3.14419e-05 0.281505 -7.23372e-05
vn -0.317022 0.897488 -0.306614
v -5.14251e-05 0.281505 -5.12874e-05
vn -0.315616 0.893683 -0.31893
v -7.2475e-05 0.281505 -3.13041e-05
vn -0.310533 0.897633 -0.312769
v 0.0176201 0.296377 0.0200192
vn -0.344173 0.87355 -0.344172
v 0.0101296 0.29142 0.0149287
vn -0.346295 0.873319 -0.342628
v 0.0152001 0.296377 0.0224392
vn -0.347363 0.873219 -0.3418
v 0.00505908 0.286462 0.00741818
vn -0.34584 0.87336 -0.342984
v 0.0125496 0.29142 0.0125087
vn -0.344201 0.873528 -0.344201
v 0.0151412 0.296377 0.0224729
vn 6.94828e-05 0.833475 -0.552557
v 0.0100117 0.29142 0.014995
vn -7.34651e-05 0.833491 -0.552534
v 0.0100707 0.29142 0.0149624
vn 0.235878 -0.876631 0.41938
v 0.0048812 0.286462 0.00751819
vn 3.96772e-06 0.833435 -0.552617
v 0.00494119 0.286462 0.0074845
vn 0.234381 -0.876568 0.420349
v -0.000248277 0.281505 4.13194e-05
vn -0.18099 0.897256 -0.40271
v -0.000189331 0.281505 7.65849e-06
vn 0.223698 -0.891453 0.394044
v -0.000129319 0.281505 -2.60338e-05
vn 0.221281 -0.890694 0.397112
v -7.03731e-05 0.281505 -5.86595e-05
vn 0.223205 -0.890547 0.396364
v 0.00500013 0.286462 0.00745187
vn 0.235906 -0.876632 0.419363
v 0.00723173 0.296377 0.0225719
vn 0.0298097 0.829654 -0.557481
v 0.00986751 0.296377 0.0225392
vn -0.00687303 0.835631 -0.549249
v 0.00473803 0.29142 0.0150613
vn 0.0295267 0.829686 -0.557449
v 0.0125044 0.296377 0.0225056
vn -0.00690599 0.835647 -0.549224
v 0.00737487 0.29142 0.0150287
vn -0.00694246 0.835619 -0.549265
v 0.00224539 0.286462 0.00755185
vn 0.0292225 0.829722 -0.557411
v 1.48574e-07 0.281505 0.000312928
vn 0.161604 0.889208 -0.428012
v 6.22629e-05 0.296377 0.0224855
vn -0.0449777 0.832613 -0.552026
v 0.000124346 0.29142 0.0150045
vn -0.0620481 0.831767 -0.551646
v 0.000248574 0.281505 4.13194e-05
vn 0.0911724 0.886477 -0.453702
v -0.00723143 0.296377 0.0225719
vn -0.0193445 0.831475 -0.555225
v -0.00480091 0.296377 0.0225435
vn -0.00648403 0.833582 -0.552358
v -0.00236932 0.296377 0.022515
vn -0.00657708 0.833573 -0.55237
v 1.17244e-05 0.281505 -9.23518e-05
vn 0.266946 0.903507 -0.335283
v -0.00479774 0.29142 0.0150287
vn -0.264068 -0.842937 0.468748
v -0.00236302 0.286462 0.0074845
vn -0.265904 -0.842776 0.468
v -0.00230407 0.286462 0.00751819
vn -0.262888 -0.843055 0.4692
v -0.0151999 0.296377 0.0224392
vn 0.0151297 0.839185 -0.543636
v -0.0101293 0.29142 0.0149287
vn 0.0151308 0.839158 -0.543677
v -0.00505881 0.286462 0.00741818
vn 0.0149658 0.839109 -0.543757
v 9.27867e-05 0.281505 -1.12895e-05
vn 0.403366 0.89805 -0.175503
v -4.09159e-05 0.281505 -0.000249206
vn 0.427951 0.891294 -0.149843
v -0.0225714 0.296377 0.0072308
vn 0.554366 0.832129 0.0154817
v -0.015062 0.29142 0.00473713
vn 0.554393 0.832113 0.0153973
v -0.00755145 0.286462 0.0022445
vn 0.55164 0.834076 0.00334594
v -0.000312493 0.281505 2.86336e-07
vn 0.428007 0.889212 0.161593
v -0.0224862 0.296377 6.24006e-05
vn 0.552113 0.832831 -0.0395597
v -0.0150051 0.29142 0.000124484
vn 0.552156 0.832808 -0.0394323
v -0.00752302 0.286462 0.000186598
vn 0.552132 0.832833 -0.0392333
v -4.09159e-05 0.281505 0.000248712
vn 0.421829 0.897225 0.130566
v -0.0225714 0.296377 -0.00723129
vn 0.553122 0.833041 -0.0099002
v -0.015062 0.29142 -0.00473866
vn 0.553148 0.833024 -0.00993401
v -0.0149946 0.29142 -0.00485655
vn 0.548964 0.835846 0.00089253
v -0.0150283 0.29142 -0.00479761
vn -0.468407 -0.842873 -0.264879
v 9.27867e-05 0.281505 1.18622e-05
vn 0.308731 0.904331 0.294739
v -0.00748406 0.286462 -0.00236288
vn -0.468343 -0.842857 -0.265042
v 5.90944e-05 0.281505 7.0808e-05
vn -0.379861 -0.900478 -0.211768
v 2.64687e-05 0.281505 0.000130821
vn -0.379002 -0.900535 -0.213059
v -0.0111735 0.288941 -0.00759444
vn 0.545675 0.837926 0.0108808
v 1.17244e-05 0.281505 9.18579e-05
vn 0.175501 0.898048 0.403373
v -0.0100104 0.29142 -0.0149955
vn -0.00726555 0.831142 0.556012
v -0.00488091 0.286462 -0.00751865
vn -0.00244689 0.832681 0.553747
v 0.000248574 0.281505 -4.07781e-05
vn 0.135916 0.896111 0.422506
v -0.00723143 0.296377 -0.0225713
vn -0.0209178 0.831207 0.555569
v -0.0047388 0.29142 -0.0150618
vn -0.0208167 0.831197 0.555588
v -0.00224513 0.286462 -0.00755131
vn -0.0118383 0.832706 0.553589
v 1.48574e-07 0.281505 -0.000313391
vn -0.161602 0.889205 0.428017
v -0.000248277 0.281505 -4.07781e-05
vn -0.119681 0.894198 0.431377
v -1.14273e-05 0.281505 9.18579e-05
vn -0.292979 0.90442 0.31014
v 0.0152001 0.296377 -0.0224397
vn -0.00864931 0.837253 0.546747
v 0.0101296 0.29142 -0.0149292
vn -0.00843685 0.837167 0.546882
v 0.00505908 0.286462 -0.00741867
vn -0.00839486 0.837154 0.546902
v 0.0126349 0.293898 -0.0187144
vn -0.344222 0.873537 0.344159
v 0.0101096 0.29142 -0.0149492
vn -0.352438 0.872651 0.338034
v 0.00499803 0.286462 -0.00747865
vn -0.344142 0.873552 0.344199
v 0.00501908 0.286462 -0.00745867
vn -0.342796 0.873679 0.345219
v -9.24896e-05 0.281505 1.18622e-05
vn -0.406763 0.898593 0.164544
v -7.2475e-05 0.281505 3.18454e-05
vn -0.3039 0.900019 0.312427
v -5.14251e-05 0.281505 5.186e-05
vn -0.304538 0.900029 0.311777
v -3.14419e-05 0.281505 7.18746e-05
vn -0.307802 0.900287 0.307802
v 0.00503909 0.286462 -0.00743866
vn -0.344253 0.873523 0.344163
v 0.0186844 0.293898 -0.012665
vn -0.342493 0.873306 0.346462
v 0.0224728 0.296377 -0.0151408
vn -0.552464 0.833537 0.000162118
v 0.0149959 0.29142 -0.0100103
vn -0.552518 0.833501 6.80265e-05
v 0.00751805 0.286462 -0.00488077
vn -0.555477 0.83151 -0.00606837
v 4.11817e-05 0.281505 0.000248712
vn -0.407929 0.896023 0.175317
v 7.52073e-06 0.281505 0.000189766
vn 0.400821 -0.887219 -0.228439
v -2.61716e-05 0.281505 0.000130821
vn 0.407086 -0.884746 -0.226946
v -5.87973e-05 0.281505 7.0808e-05
vn 0.407097 -0.88474 -0.226952
v 0.0225391 0.296377 -0.00986814
vn -0.549256 0.835626 0.00683205
v 0.0150612 0.29142 -0.00473866
vn -0.552542 0.833454 -0.00725371
v 0.0225717 0.296377 -0.00723129
vn -0.554059 0.832356 -0.014201
v 0.0225065 0.296377 -0.0125039
vn -0.549249 0.83563 0.00687131
v 0.0150285 0.29142 -0.00737447
vn -0.54929 0.835604 0.00683723
v 0.00755171 0.286462 -0.00224499
vn -0.552505 0.83348 -0.0069739
v 0.0226402 0.296377 -0.00729341
vn -0.55708 0.830368 -0.0122732
v 0.015198 0.29142 -0.00486289
vn -0.55708 0.830369 -0.0122137
v 0.0151296 0.29142 -0.00480077
vn -0.564607 0.542613 -0.621924
v 0.00775487 0.286462 -0.0024313
vn -0.557071 0.830376 -0.0121643
v 0.00768752 0.286462 -0.00236919
vn -0.565258 0.544754 -0.619457
v 0.000245406 0.281505 6.24006e-05
vn -0.39744 0.808296 -0.434395
v 0.000176986 0.281505 0.000124484
vn -0.396946 0.806945 -0.437347
v 0.000108566 0.281505 0.000186598
vn -0.397444 0.808335 -0.434318
v 0.0076191 0.286462 -0.00230707
vn -0.565229 0.544653 -0.619572
v 0.0202601 0.291531 0.00507396
vn -0.402064 0.895822 -0.189336
v 0.0898054 0.321606 2.86336e-07
vn -0.591315 0.806423 0.00544869
v 0.0402086 0.301556 0.0101466
vn -0.40207 0.89582 -0.189328
v 0.0601559 0.311581 0.0152192
vn -0.402072 0.895818 -0.189336
v 0.0801033 0.321606 0.0202929
vn -0.443748 0.887369 -0.125156
v 0.020057 0.291531 0.00488661
vn -0.414461 0.899223 -0.140073
v 0.0201243 0.291531 0.0049487
vn -0.484503 0.695527 0.530565
v 0.0201928 0.291531 0.00501081
vn -0.484836 0.698024 0.526969
v 0.0401401 0.301556 0.0100845
vn -0.484535 0.695811 0.530164
v 0.0600875 0.311581 0.0151571
vn -0.414911 0.899272 -0.138414
v 0.017477 0.291531 0.0123824
vn -0.41504 0.898884 -0.140533
v 0.0349117 0.301556 0.025015
vn -0.414027 0.899104 -0.142108
v 0.0523475 0.311581 0.0376466
vn -0.414151 0.89908 -0.141895
v 0.0762328 0.321606 0.0315382
vn -0.824743 0.48911 -0.283849
v 0.0697833 0.321606 0.0502792
vn -0.357813 0.903357 -0.236466
v 0.0723633 0.321606 0.0427824
vn -0.782008 -0.562174 -0.269117
v 0.030478 0.29905 0.0219908
vn -0.301119 0.904277 -0.302672
v 0.0502791 0.321606 0.0697824
vn -0.305569 0.832547 -0.462053
v 0.0125412 0.291531 0.0173971
vn -0.304867 0.904097 -0.299442
v 0.0125201 0.291531 0.0174171
vn -0.29513 0.904832 -0.306882
v 0.0251138 0.301556 0.0348656
vn -0.292921 0.904981 -0.308556
v 0.015217 0.311581 0.060054
vn -0.14186 0.899269 -0.413753
v 0.0202928 0.321606 0.0801034
vn -0.410682 0.739223 -0.533751
v 1.48574e-07 0.321606 0.0898045
vn 0.00104687 0.892525 -0.450997
v -0.0202925 0.321606 0.0801034
vn 0.104191 0.955669 -0.275391
v -0.0074546 0.296543 0.0300645
vn 0.137652 0.899295 -0.415115
v -0.0250146 0.301556 0.0349119
vn 0.141847 0.899069 -0.414191
v -0.0376472 0.311581 0.0523477
vn 0.142085 0.8991 -0.414042
v -0.0502788 0.321606 0.0697824
vn 0.0552363 0.979538 -0.193532
v -0.042782 0.321606 0.0723624
vn 0.31153 0.289403 -0.905094
v -0.0352851 0.321606 0.0749434
vn 0.324827 0.0639131 -0.943611
v -0.0277893 0.321606 0.0775234
vn 0.324768 0.0639408 -0.94363
v -0.0314199 0.306569 0.0435792
vn 0.302696 0.904274 -0.301105
v -0.069783 0.321606 0.0502792
vn 0.461965 0.832596 -0.30557
v -0.080103 0.321606 0.0202929
vn 0.486566 0.822739 -0.293861
v -0.022482 0.291531 -0.000187092
vn 0.400507 0.897658 -0.183862
v -0.0898051 0.321606 2.86336e-07
vn 0.278598 0.950141 -0.140055
v -0.080103 0.321606 -0.0202934
vn 0.432614 0.890627 0.140102
v -0.0837409 0.321606 -0.0126829
vn 0.841353 0.360987 0.40226
v -0.0873799 0.321606 -0.00507342
vn 0.841344 0.360995 0.402272
v -0.069783 0.321606 -0.0502797
vn 0.510515 0.826859 0.235964
v -0.0502788 0.321606 -0.0697829
vn 0.30555 0.83259 0.461988
v -0.0202925 0.321606 -0.0801029
vn 0.286081 0.839911 0.461202
v -0.00488618 0.291531 -0.0200566
vn 0.190299 0.896459 0.400185
v -0.010022 0.301556 -0.0400724
vn 0.190254 0.896461 0.400202
v 0.000155936 0.296543 -0.0337029
vn 0.183862 0.897656 0.40051
v 1.48574e-07 0.321606 -0.089805
vn -0.084388 0.85448 0.512584
v 0.0202928 0.321606 -0.0801029
vn -0.167467 0.856477 0.488265
v 0.0502791 0.321606 -0.0697829
vn -0.235948 0.826859 0.510522
v 0.0697833 0.321606 -0.0502797
vn -0.461964 0.832595 0.305573
v 0.0199559 0.291531 -0.00506394
vn -0.41379 0.899274 0.141717
v 0.0801033 0.321606 -0.0202934
vn -0.541426 0.748954 0.382002
v 0.020057 0.291531 -0.00488707
vn -0.400022 0.896409 0.190878
v 0.0400717 0.301556 -0.0100218
vn -0.400013 0.896402 0.190927
v 0.0600875 0.311581 -0.0151576
vn -0.400236 0.896476 0.190108
v 0.0625128 0.311581 -0.0100839
vn -0.399914 0.896389 0.191193
v 0.109851 0.3065 0.0201119
vn -0.0111518 -0.804817 -0.593418
v 0.119873 0.298946 0.0301676
vn 0.719352 0.0305798 -0.693972
v 0.119932 0.298946 0.0201119
vn 0.599633 0.800268 0.0034718
v 0.129896 0.291393 0.0402234
vn 0.909087 -0.237155 0.342519
v 0.129954 0.291393 0.0301676
vn 0.889859 0.456205 0.00520116
v 0.130013 0.291393 0.0201119
vn 0.889847 0.456229 0.00515844
v 0.13013 0.291393 2.86336e-07
vn 0.742502 0.585481 0.325426
v 0.11999 0.298946 0.0100561
vn 0.599624 0.800274 0.00347532
v 0.104999 0.3065 0.0302582
vn 0.438918 0.870421 0.222976
v 0.110202 0.291393 0.0801845
vn 0.385122 0.798314 0.463007
v 0.0749844 0.3065 0.0802403
vn 0.367258 0.854594 0.367139
v 0.0801854 0.291393 0.110202
vn 0.277886 0.76221 0.584649
v 0.0402233 0.291393 0.129896
vn 0.118705 0.667935 0.734691
v 1.48574e-07 0.291393 0.13013
vn -0.170243 0.809245 0.562262
v -0.0402241 0.291393 0.129896
vn -0.115021 0.748945 0.652573
v -0.0301683 0.291393 0.129954
vn -0.00516936 0.456291 0.889816
v -0.0352409 0.298946 0.117448
vn -0.222992 0.870425 0.438903
v -0.0801851 0.291393 0.110202
vn -0.463008 0.798313 0.385123
v -0.110202 0.291393 0.0801845
vn -0.542267 0.801551 0.251918
v -0.129897 0.291393 0.0402234
vn -0.58719 0.787357 0.18782
v -0.13013 0.291393 2.86336e-07
vn -0.730058 0.673807 -0.114017
v -0.129955 0.291393 0.0301676
vn -0.900091 0.435671 0.00522954
v -0.115008 0.302723 2.86336e-07
vn -0.574496 0.766763 -0.286407
v -0.129897 0.291393 -0.0402239
vn -0.654389 0.744151 -0.134218
v -0.0951525 0.3065 -0.0502387
vn -0.31534 0.901532 -0.296312
v -0.102678 0.298946 -0.0652124
vn -0.315394 0.901518 -0.296298
v -0.110202 0.291393 -0.080185
vn -0.41014 0.743087 -0.528778
v -0.0801851 0.291393 -0.110202
vn -0.251927 0.801553 -0.54226
v -0.0402241 0.291393 -0.129897
vn -0.227659 0.728531 -0.646076
v 1.48574e-07 0.291393 -0.13013
vn 0.0746024 0.765904 -0.638612
v -0.0251399 0.291393 -0.129984
vn -0.00489285 0.539092 -0.842233
v 1.48574e-07 0.298946 -0.120049
vn 0.100881 0.796207 -0.596555
v -0.00507249 0.3065 -0.107542
vn 0.275578 -0.769306 0.57639
v 0.0402233 0.291393 -0.129897
vn 0.134226 0.744162 -0.654375
v 0.0801854 0.291393 -0.110202
vn 0.463004 0.798317 -0.385119
v 0.110202 0.291393 -0.080185
vn 0.574447 0.770313 -0.276819
v 0.129896 0.291393 -0.0402239
vn 0.734707 0.667913 -0.118733
v 0.13754 0.288906 0.0124213
vn 0.117689 0.9849 0.12697
v 0.144951 0.286419 0.0248434
vn 0.213046 0.974673 0.0679955
v 0.147565 0.286419 0.0124213
vn 0.24047 0.969336 0.0506049
v 0.152362 0.283933 0.0372645
vn 0.217557 0.973869 0.0651752
v 0.17023 0.281445 2.86336e-07
vn -0.0738546 0.990035 0.119901
v 0.159773 0.281445 0.0496856
vn -0.268045 0.962919 -0.0306556
v 0.165655 0.281445 0.0217371
vn -0.391081 0.916668 -0.0823075
v 0.137365 0.288906 0.0425887
vn 0.268525 0.951182 0.152145
v 0.137423 0.288906 0.0325329
vn -0.315372 -0.948966 -0.00183752
v 0.144834 0.286419 0.044955
vn 0.268516 0.951187 0.152125
v 0.137482 0.288906 0.0224771
vn -0.315375 -0.948965 -0.00183
v 0.144893 0.286419 0.0348992
vn -0.315371 -0.948967 -0.00183784
v 0.152303 0.283933 0.0473203
vn 0.268515 0.951187 0.152131
v 0.139715 0.281445 0.100018
vn -0.159811 0.986063 -0.0462564
v 0.100018 0.281445 0.139714
vn -0.0590502 0.993871 -0.0934578
v 0.0901012 0.286419 0.124958
vn -0.215011 0.872584 0.438597
v 0.0950601 0.283933 0.132336
vn -0.215065 0.872548 0.438643
v 0.0496854 0.281445 0.159773
vn -0.0770958 0.98525 -0.152767
v 1.48574e-07 0.281445 0.17023
vn -0.0517029 0.986001 -0.158522
v -0.0496851 0.281445 0.159773
vn -0.0197094 0.990728 -0.13442
v -0.100019 0.281445 0.139714
vn 0.0280838 0.96895 -0.245656
v -0.139715 0.281445 0.100018
vn 0.151094 0.984731 -0.0864585
v -0.114905 0.281445 0.124828
vn 0.0888051 0.992082 -0.0888099
v -0.159772 0.281445 0.0496856
vn 0.122169 0.989424 -0.0782032
v -0.170229 0.281445 2.86336e-07
vn 0.158523 0.986 -0.0517093
v -0.137541 0.288906 -0.0124208
vn -0.117628 0.984902 -0.127013
v -0.144951 0.286419 -0.0248418
vn -0.117567 0.984903 -0.127058
v -0.159772 0.281445 -0.049685
vn 0.168162 0.983963 -0.0594819
v -0.139715 0.281445 -0.100019
vn 0.449497 -0.893276 -0.00324526
v -0.144729 0.281445 -0.0874355
vn 0.143303 0.98803 0.0571078
v -0.149744 0.281445 -0.0748513
vn 0.143305 0.98803 0.0571054
v -0.100019 0.281445 -0.139716
vn 0.199676 0.965561 0.166799
v -0.114905 0.281445 -0.124829
vn -0.034385 0.998817 -0.0343838
v -0.12979 0.281445 -0.109943
vn -0.0343857 0.998817 -0.0343842
v -0.0496851 0.281445 -0.159772
vn 0.0742396 0.995769 0.0541501
v -0.044363 0.287041 -0.142967
vn 0.807135 0.433936 -0.40029
v -0.0301683 0.288906 -0.13998
vn -0.37636 0.739741 -0.557796
v -0.0150841 0.285176 -0.155104
vn -0.578169 0.441981 -0.685838
v 1.48574e-07 0.281445 -0.170229
vn 0.480359 0.877005 0.0108365
v -0.0124209 0.281445 -0.167614
vn 0.0401837 0.980783 0.190917
v -0.024842 0.281445 -0.165001
vn 0.0611846 0.954849 0.290723
v -0.0372641 0.281445 -0.162386
vn 0.0611857 0.954848 0.290727
v 1.48574e-07 0.288906 -0.140155
vn 0.974815 -0.216432 0.0537855
v 1.48574e-07 0.286419 -0.15018
vn 0.148775 -0.959771 0.238129
v 1.48574e-07 0.283933 -0.160205
vn 0.055787 -0.969077 0.240369
v 0.0248433 0.286419 -0.144951
vn 0.0725367 -0.902536 0.42446
v 0.0124212 0.286419 -0.147566
vn 0.0506041 0.969339 -0.24046
v 0.0496854 0.281445 -0.159772
vn 0.00438612 0.967107 0.254334
v 0.0248433 0.283933 -0.154977
vn 0.0506199 0.969338 -0.240462
v 0.0372643 0.281445 -0.162386
vn -0.0478438 0.972643 0.227323
v 0.0248433 0.281445 -0.165001
vn -0.0299868 0.989344 0.142473
v 0.0124212 0.281445 -0.167614
vn -0.0299841 0.989343 0.142482
v 0.0124212 0.283933 -0.15759
vn 0.0506055 0.969336 -0.240471
v 0.100018 0.281445 -0.139716
vn 0.66171 -0.55489 -0.504219
v 0.0748517 0.281445 -0.149744
vn -0.0571044 0.98803 0.143303
v 0.139715 0.281445 -0.100019
vn 0.704557 0.28549 -0.649688
v 0.134988 0.286419 -0.0649355
vn 0.200899 0.979587 -0.007049
v 0.14738 0.283933 -0.0573102
vn 0.200967 0.979572 -0.00714559
v 0.159773 0.281445 -0.049685
vn -0.188401 0.978385 0.085253
v 0.130106 0.261156 0.0400118
vn -0.571457 -0.452472 0.684621
v 0.139894 0.261156 2.86336e-07
vn -0.650683 0.216501 0.727832
v 0.141093 0.273837 0.0611224
vn -0.375484 0.926823 0.00330853
v 0.122414 0.266229 0.0725582
vn -0.375501 0.926816 0.00328832
v 0.10996 0.261156 0.0801824
vn -0.619571 0.729815 -0.288967
v 0.0801823 0.261156 0.10996
vn -0.986782 0.0936088 -0.132279
v 0.0876265 0.261156 0.102516
vn -0.706897 0.0226273 -0.706954
v 0.0950717 0.261156 0.0950719
vn 0.0388786 -0.998487 0.0388786
v 0.102516 0.261156 0.0876266
vn 0.0388738 -0.998488 0.0388711
v 0.0876212 0.268764 0.121118
vn -0.727751 0.685614 0.017649
v 0.0662654 0.270033 0.13431
vn -0.17362 0.791164 -0.586444
v 0.0400128 0.261156 0.130107
vn -0.431768 -0.418822 -0.798852
v 1.48574e-07 0.261156 0.139894
vn -0.727844 0.216544 -0.650655
v -0.0400125 0.261156 0.130107
vn -0.684585 -0.452303 -0.571634
v -0.080182 0.261156 0.10996
vn -0.0355019 0.484664 -0.873979
v -0.106232 0.268764 0.102507
vn -0.354092 -0.865567 0.354138
v -0.109961 0.261156 0.0801824
vn 0.528841 0.330967 -0.78153
v -0.132277 0.276373 0.0950592
vn -0.637585 -0.745638 -0.193674
v -0.1174 0.266229 0.0851413
vn -0.547189 0.0156569 -0.836862
v -0.130106 0.261156 0.0400118
vn 0.876248 -0.171701 -0.450231
v -0.154803 0.276373 0.0372645
vn 0.655848 0.753532 -0.0453077
v -0.149834 0.271301 0.0248434
vn 0.655737 0.753624 -0.0453879
v -0.144864 0.266229 0.0124213
vn 0.655776 0.75359 -0.0453907
v -0.139895 0.261156 2.86336e-07
vn 0.505709 -0.54747 -0.666735
v -0.130106 0.261156 -0.0400123
vn 0.672321 0.231143 -0.703248
v -0.133777 0.261156 -0.0250071
vn -0.0995054 -0.994739 -0.0243423
v -0.109961 0.261156 -0.0801829
vn 0.873965 0.484687 -0.0355607
v -0.11739 0.273837 -0.103747
vn 0.354125 0.86558 0.354073
v -0.0950651 0.266229 -0.107476
vn 0.354127 0.865592 0.35404
v -0.080182 0.261156 -0.109961
vn -0.118971 -0.9067 -0.40465
v -0.0400125 0.261156 -0.130106
vn 0.450096 -0.172053 0.876248
v 1.48574e-07 0.261156 -0.139894
vn 0.727891 0.216383 0.650656
v 0.0150054 0.273837 -0.155183
vn -0.0329819 0.878289 0.476991
v 0.0400128 0.261156 -0.130106
vn -0.0178951 0.170092 0.985266
v 0.0448496 0.271301 -0.144939
vn 0.798193 0.343226 0.495059
v 0.0424307 0.266229 -0.137523
vn 0.529306 -0.770777 -0.354595
v 0.0801823 0.261156 -0.109961
vn -0.0571234 0.621361 0.781439
v 0.0587033 0.268764 -0.133677
vn 0.246271 -0.835554 -0.49112
v 0.10996 0.261156 -0.0801829
vn 0.356141 -0.89563 -0.266476
v 0.130106 0.261156 -0.0400123
vn -0.876212 -0.17209 0.450153
v 0.109905 0.241635 0.0299929
vn -0.384636 0.344202 0.856493
v 0.112361 0.241635 0.022495
vn 0.663012 -0.716426 0.217139
v 0.114817 0.241635 0.0149961
vn 0.6526 -0.726936 0.213723
v 0.117273 0.241635 0.00749817
vn 0.669804 -0.709391 0.219381
v 0.119729 0.241635 2.86336e-07
vn -0.658876 0.697062 0.28282
v 0.0901854 0.241635 0.0701045
vn -0.54744 0.745507 -0.38017
v 0.0751433 0.251396 0.100073
vn -0.819653 0.557341 -0.132438
v 0.0701043 0.241635 0.0901855
vn -0.494198 0.744843 -0.448306
v 0.0676349 0.256276 0.109947
vn -0.295369 0.761038 -0.577562
v 0.0550885 0.251396 0.109933
vn -0.29662 0.764253 -0.572655
v 0.0425412 0.246515 0.109918
vn -0.294621 0.759072 -0.580524
v 0.0525686 0.246515 0.104989
vn 0.291396 -0.750839 0.59273
v 0.0299938 0.241635 0.109905
vn -0.559075 0.759286 -0.333047
v 0.0400212 0.241635 0.104975
vn -0.435647 0.157773 -0.886182
v 0.0500486 0.241635 0.100046
vn -0.435676 0.157882 -0.886149
v 0.060077 0.241635 0.095115
vn -0.413277 0.350098 -0.840615
v 0.0625959 0.246515 0.100059
vn 0.291411 -0.750852 0.592707
v 0.0324991 0.246515 0.114955
vn -0.0177006 -0.714644 0.699264
v 1.48574e-07 0.241635 0.119728
vn -0.310632 0.646428 -0.696878
v 0.0250002 0.246515 0.117411
vn 0.204889 -0.752653 0.625727
v 0.0275054 0.251396 0.122461
vn 0.204907 -0.752673 0.625697
v -0.0299935 0.241635 0.109905
vn -0.234218 0.82541 -0.513653
v -0.0701041 0.241635 0.0901855
vn -0.729299 0.553032 -0.402839
v -0.0901851 0.241635 0.0701045
vn -0.330062 -0.877982 0.34671
v -0.109904 0.241635 0.0299929
vn 0.32212 0.768912 -0.55228
v -0.119727 0.241635 2.86336e-07
vn 0.399292 0.874394 -0.275684
v -0.134852 0.256276 2.86336e-07
vn 0.411717 0.42535 -0.805957
v -0.129811 0.251396 2.86336e-07
vn 0.411711 0.425298 -0.805988
v -0.124769 0.246515 2.86336e-07
vn 0.411688 0.425319 -0.805988
v -0.109904 0.241635 -0.0299934
vn 0.513663 0.825413 -0.234188
v -0.0901851 0.241635 -0.070105
vn 0.578161 0.815051 0.0377039
v -0.0701041 0.241635 -0.090185
vn -0.622497 -0.768967 0.145559
v -0.077663 0.256276 -0.105017
vn 0.864662 0.499606 0.0524852
v -0.075143 0.251396 -0.100073
vn 0.626369 0.690259 0.362222
v -0.0726241 0.246515 -0.0951292
vn 0.626395 0.690262 0.362171
v -0.0676346 0.256276 -0.109947
vn 0.298663 0.769433 0.564599
v -0.0488146 0.248955 -0.109926
vn 0.295877 0.762333 0.575591
v -0.0525556 0.241635 -0.0988124
vn 0.24372 -0.833539 0.495796
v -0.0299935 0.241635 -0.109905
vn 0.974362 0.21596 -0.0630872
v 1.48574e-07 0.241635 -0.119728
vn 0.766793 0.319304 0.556843
v -0.0112472 0.241635 -0.116045
vn 0.0461951 0.988925 0.141047
v -0.0224946 0.241635 -0.112361
vn 0.0462041 0.988921 0.141068
v 0.0299938 0.241635 -0.109905
vn 0.234159 0.825428 0.513652
v 0.0625812 0.246515 -0.100165
vn -0.621698 -0.778293 0.088043
v 0.0701043 0.241635 -0.090185
vn -0.126884 0.797385 0.589981
v 0.0901854 0.241635 -0.070105
vn -0.62328 0.508763 0.59387
v 0.0851654 0.241635 -0.075125
vn 0.634986 -0.439888 -0.635052
v 0.0801444 0.241635 -0.080145
vn 0.634959 -0.439966 -0.635025
v 0.0751244 0.241635 -0.085165
vn -0.0877291 0.992263 0.0878485
v 0.109905 0.241635 -0.0299934
vn -0.299672 0.680403 0.668766
v 0.104975 0.241635 -0.0400208
vn -0.175834 -0.980617 0.0864451
v 0.100045 0.241635 -0.0500492
vn -0.175895 -0.980604 0.0864704
v 0.114817 0.241635 -0.0149966
vn -0.141065 0.988922 0.0462008
v 0.112361 0.241635 -0.0224944
vn -0.14107 0.988921 0.0462015
v 0.112355 0.236524 0.00754344
vn 0.305366 -0.899915 -0.311296
v 0.0897738 0.221191 2.86336e-07
vn -0.716724 0.0932702 0.691092
v 0.0902359 0.221191 0.0301708
vn 0.316611 -0.945777 -0.0725561
v 0.104988 0.236524 0.0300371
vn -0.570576 0.554306 0.60596
v 0.107443 0.236524 0.0225392
vn -0.702297 0.673699 -0.230018
v 0.100071 0.231413 0.0300813
vn -0.720534 0.693279 0.0139666
v 0.0951528 0.226301 0.0301266
vn -0.720504 0.69331 0.0139494
v 0.0998833 0.236524 0.0350403
vn -0.521103 0.831438 -0.192779
v 0.0898612 0.231413 0.0400876
vn -0.521104 0.831436 -0.192782
v 0.0949654 0.231413 0.0350845
vn 0.582264 -0.555005 0.594086
v 0.079838 0.226301 0.045134
vn -0.521073 0.831457 -0.192775
v 0.0849433 0.226301 0.0401319
vn 0.582232 -0.554986 0.594135
v 0.0698159 0.221191 0.0501813
vn -0.720021 0.573339 -0.390963
v 0.0749212 0.221191 0.0451792
vn -0.675307 0.263312 -0.688932
v 0.0800265 0.221191 0.0401761
vn -0.698867 0.0529 -0.713293
v 0.0851307 0.221191 0.035174
vn -0.699024 0.0531041 -0.713124
v 0.0900486 0.226301 0.0351287
vn 0.582245 -0.554978 0.594129
v 0.0651233 0.236524 0.0850929
vn 0.414084 -0.812441 0.410455
v 0.0501812 0.221191 0.0698161
vn 0.328789 -0.861832 0.386191
v 0.0550896 0.221191 0.0649076
vn -0.631531 -0.449737 -0.631589
v 0.0599991 0.221191 0.0599992
vn 0.0259995 -0.999324 0.0259995
v 0.0649075 0.221191 0.0550898
vn 0.356028 -0.863984 0.356054
v 0.0601212 0.236524 0.0901982
vn -0.294933 0.574156 -0.76378
v 0.050138 0.231413 0.0902108
vn -0.259881 0.505529 -0.822741
v 0.0401549 0.226301 0.0902234
vn 0.293539 -0.57519 -0.763539
v 0.0301717 0.221191 0.0902361
vn -0.625297 -0.0293106 -0.779837
v 0.0351738 0.221191 0.0851308
vn 0.265065 -0.928608 0.259667
v 0.040177 0.221191 0.0800266
vn -0.260319 -0.931225 -0.255056
v 0.0451791 0.221191 0.0749213
vn -0.690311 -0.257191 -0.676257
v 0.0300833 0.231413 0.100071
vn -0.827968 0.385022 -0.407708
v 0.0224959 0.236524 0.104872
vn -0.29156 0.853334 -0.43222
v 0.014997 0.231413 0.0998392
vn -0.291565 0.853322 -0.432241
v 0.0074991 0.226301 0.0948055
vn -0.399072 0.870156 -0.289086
v 1.48574e-07 0.221191 0.0897729
vn -0.884705 0.073364 -0.460341
v 0.0075433 0.221191 0.0898887
vn -0.00549237 -0.933843 0.357642
v 0.0150865 0.221191 0.0900045
vn 0.00219094 -0.989755 -0.142762
v 0.0226285 0.221191 0.0901203
vn 0.00219091 -0.989767 -0.142674
v -0.0301714 0.221191 0.0902361
vn 0.224322 0.56845 -0.791546
v -0.0226283 0.221191 0.0901203
vn 0.00413933 -0.962213 0.272265
v -0.0150862 0.221191 0.0900045
vn -0.0104342 -0.733407 -0.67971
v -0.0150862 0.226301 0.0974929
vn 0.00866386 -0.825933 0.563702
v -0.00754301 0.221191 0.0898887
vn 0.00421985 -0.962221 0.272238
v -0.00754301 0.226301 0.0973771
vn 0.00864322 -0.825928 0.563709
v -0.00754301 0.231413 0.104866
vn 0.00865315 -0.825927 0.563711
v -0.0501809 0.221191 0.0698161
vn -0.983244 0.182195 0.0059389
v -0.0451788 0.221191 0.0749213
vn -0.532789 -0.666054 0.522024
v -0.0401767 0.221191 0.0800266
vn -0.532666 -0.66616 0.522012
v -0.0351735 0.221191 0.0851308
vn -0.532644 -0.666195 0.521991
v -0.060143 0.231413 0.0800013
vn -0.814323 -0.500188 -0.294431
v -0.0700325 0.236524 0.0801845
vn -0.70684 -0.0274885 0.706839
v -0.0698156 0.221191 0.0501813
vn -0.496078 -0.786812 0.367198
v -0.0902357 0.221191 0.0301708
vn 0.0498479 -0.986854 0.153735
v -0.10007 0.231413 0.0300813
vn 0.407819 0.385139 -0.82786
v -0.0897735 0.221191 2.86336e-07
vn 0.747117 0.13757 -0.650301
v -0.112355 0.236524 -0.00754287
vn -0.00972514 -0.832207 0.554379
v -0.104982 0.231413 -0.015086
vn -0.00964595 -0.83213 0.554497
v -0.0976083 0.226301 -0.0226281
vn -0.00951085 -0.832096 0.55455
v -0.0902357 0.221191 -0.0301713
vn 0.361161 -0.413997 -0.835565
v -0.0698156 0.221191 -0.0501808
vn 0.787569 0.566175 0.243272
v -0.0501809 0.221191 -0.0698166
vn 0.915178 -0.185151 0.358006
v -0.0301714 0.221191 -0.0902355
vn 0.38099 -0.290596 0.877724
v 1.48574e-07 0.221191 -0.0897734
vn 0.610933 0.150416 0.777262
v 0.0150865 0.231413 -0.104982
vn -0.554445 -0.832164 -0.00964604
v 0.0301717 0.221191 -0.0902355
vn -0.100451 -0.673647 0.732195
v 0.0501812 0.221191 -0.0698166
vn -0.159296 0.816838 0.554437
v 0.0451791 0.221191 -0.0749218
vn 0.532695 -0.666141 -0.522009
v 0.040177 0.221191 -0.080026
vn 0.56448 -0.612654 -0.553189
v 0.0351738 0.221191 -0.0851313
vn -0.695473 -0.227852 0.681469
v 0.0601422 0.231413 -0.0800008
vn -0.1643 0.771937 0.6141
v 0.0699602 0.231413 -0.0701829
vn 0.41234 -0.81243 -0.412229
v 0.0698159 0.221191 -0.0501808
vn -0.201488 -0.906313 0.371483
v 0.0649075 0.221191 -0.0550892
vn -0.0694339 -0.99517 0.0693941
v 0.0599991 0.221191 -0.0599987
vn -0.0693432 -0.995178 0.0693688
v 0.0550896 0.221191 -0.0649081
vn 0.264112 -0.927619 -0.264136
v 0.0774549 0.228857 -0.0576524
vn 0.380273 -0.81143 -0.443817
v 0.0902359 0.221191 -0.0301713
vn -0.877705 -0.290648 0.380996
v 0.0700275 0.191577 0.0202961
vn -0.550944 0.611592 0.567816
v 0.0724875 0.191577 0.0152224
vn 0.862058 -0.286786 0.417865
v 0.0749465 0.191577 0.0101487
vn 0.862052 -0.28688 0.417812
v 0.0774065 0.191577 0.00507396
vn 0.86201 -0.286803 0.417951
v 0.0798664 0.191577 2.86336e-07
vn -0.748124 -0.528652 -0.401046
v 0.0851843 0.213788 0.0277024
vn -0.839356 0.520328 0.157293
v 0.0801317 0.206383 0.025234
vn -0.839362 0.510763 0.185989
v 0.0750801 0.19898 0.0227645
vn -0.837927 0.495569 0.228667
v 0.0800159 0.206383 0.0176908
vn -0.827917 0.560708 0.0126709
v 0.0826517 0.213788 0.0326582
vn -0.017331 -0.302483 -0.952997
v 0.0750686 0.206383 0.0351466
vn -0.481732 0.207312 -0.851443
v 0.0776002 0.206383 0.0301898
vn 0.709221 -0.604772 0.362293
v 0.0674843 0.19898 0.037634
vn -0.371236 0.0692326 -0.925954
v 0.0700159 0.19898 0.0326771
vn 0.709226 -0.604795 0.362245
v 0.0599012 0.191577 0.0401213
vn -0.637488 -0.365394 -0.678304
v 0.0624328 0.191577 0.0351656
vn -0.0251545 -0.9996 -0.0129205
v 0.0649643 0.191577 0.0302087
vn -0.0254402 -0.999593 -0.0129222
v 0.0674959 0.191577 0.0252529
vn -0.0251513 -0.999602 -0.0127786
v 0.0725475 0.19898 0.0277213
vn 0.709207 -0.604778 0.36231
v 0.0648591 0.206383 0.0451519
vn -0.635606 0.430481 -0.640852
v 0.0724423 0.213788 0.0426634
vn -0.63176 0.430502 -0.64463
v 0.0775475 0.213788 0.0376613
vn -0.631757 0.430474 -0.644651
v 0.0475454 0.19898 0.0574708
vn 0.638223 -0.430486 0.638242
v 0.0524896 0.19898 0.0525266
vn 0.63822 -0.430565 0.638192
v 0.0401212 0.191577 0.0599013
vn -0.944888 -0.327393 0.000186256
v 0.0450665 0.191577 0.0549561
vn 0.657038 -0.369266 0.657224
v 0.0500107 0.191577 0.0500108
vn 0.507469 -0.696387 0.507465
v 0.0549559 0.191577 0.0450666
vn 0.446737 -0.77509 0.446836
v 0.0574349 0.19898 0.0475813
vn 0.638179 -0.430543 0.638248
v 0.0476665 0.213788 0.0673371
vn -0.696663 0.429086 -0.574932
v 0.0451517 0.206383 0.0648592
vn -0.715671 0.427912 -0.552002
v 0.0426359 0.19898 0.0623803
vn -0.752845 0.424345 -0.503146
v 0.0427096 0.213788 0.0698687
vn -0.655111 0.658466 -0.370475
v 0.0352391 0.206383 0.0699213
vn -0.426511 0.435963 0.79248
v 0.0401949 0.206383 0.0673898
vn 0.414339 -0.412381 0.811335
v 0.0277675 0.19898 0.069974
vn -0.426255 0.435892 0.792657
v 0.0327233 0.19898 0.0674424
vn 0.414397 -0.41244 0.811276
v 0.0202959 0.191577 0.0700266
vn -0.9998 -0.00970674 -0.0174581
v 0.0252528 0.191577 0.067495
vn -0.0391747 -0.996185 -0.0779813
v 0.0302086 0.191577 0.0649634
vn -0.0396016 -0.996236 -0.0771102
v 0.0351654 0.191577 0.0624329
vn -0.0400727 -0.996176 -0.0776315
v 0.0376801 0.19898 0.0649108
vn 0.414293 -0.412384 0.811357
v 0.0277033 0.213788 0.0851834
vn -0.953546 0.30011 0.0261539
v 0.0327054 0.213788 0.0800792
vn -0.580735 0.582039 -0.569191
v 0.0252338 0.206383 0.0801308
vn -0.95346 0.300422 0.0256928
v 0.0227654 0.19898 0.0750792
vn -0.953461 0.300414 0.0257421
v 0.0226285 0.213788 0.0876434
vn 0.64757 -0.442443 -0.620402
v 0.0150865 0.206383 0.0850508
vn 0.667406 -0.730527 0.144566
v 0.0201601 0.206383 0.0825908
vn 0.347423 -0.604821 0.716581
v 0.0075433 0.19898 0.0824592
vn 0.562003 -0.717039 0.412319
v 1.48574e-07 0.191577 0.0798666
vn -0.616749 -0.432917 -0.657422
v 0.00507382 0.191577 0.0774066
vn 0.244208 -0.828629 0.503723
v 0.0101486 0.191577 0.0749466
vn -0.373932 -0.514926 -0.77138
v 0.0152222 0.191577 0.0724866
vn -0.373959 -0.515063 -0.771275
v 1.48574e-07 0.213788 0.0872961
vn -0.669113 0.235801 -0.704759
v 0.0075433 0.213788 0.0874118
vn 0.0145558 0.317225 -0.948239
v 1.48574e-07 0.206383 0.0848192
vn -0.66901 0.235808 -0.704855
v 0.0150865 0.213788 0.0875276
vn 0.0145568 0.317225 -0.948238
v 0.0075433 0.206383 0.084935
vn 0.0145561 0.317164 -0.948259
v 1.48574e-07 0.19898 0.0823434
vn -0.669083 0.235678 -0.704829
v -0.00507356 0.213788 0.0848361
vn -0.52176 0.691097 -0.500152
v -0.0101472 0.206383 0.0798992
vn -0.521728 0.691089 -0.500196
v -0.00507356 0.206383 0.0823592
vn -0.417768 -0.288192 0.861635
v -0.015222 0.19898 0.0749634
vn -0.521878 0.691079 -0.500053
v -0.0101472 0.19898 0.0774234
vn -0.41773 -0.288216 0.861646
v -0.0202956 0.191577 0.0700266
vn -0.684533 0.237985 -0.689041
v -0.015222 0.191577 0.0724866
vn 0.389327 0.459298 -0.798417
v -0.0101472 0.191577 0.0749466
vn 0.385969 0.458562 -0.800468
v -0.00507356 0.191577 0.0774066
vn 0.387523 0.459124 -0.799394
v -0.00507356 0.19898 0.0798834
vn -0.417767 -0.28821 0.86163
v -0.027703 0.213788 0.0851834
vn -0.695688 0.232085 -0.679819
v -0.0201599 0.213788 0.0850677
vn -0.0127086 0.560752 -0.827886
v -0.0252335 0.206383 0.0801308
vn -0.695676 0.23187 -0.679906
v -0.0126167 0.213788 0.0849519
vn -0.0127083 0.560752 -0.827886
v -0.0176904 0.206383 0.080015
vn -0.012709 0.560711 -0.827914
v -0.0227641 0.19898 0.0750792
vn -0.695891 0.231701 -0.679743
v -0.0326588 0.213788 0.0826518
vn 0.952961 -0.302613 -0.0170643
v -0.0351462 0.206383 0.0750687
vn 0.952971 -0.302571 -0.0172406
v -0.0301904 0.206383 0.0776003
vn -0.362219 -0.604784 0.709249
v -0.0376335 0.19898 0.0674845
vn 0.95296 -0.302609 -0.0171574
v -0.0326778 0.19898 0.0700161
vn -0.362226 -0.604821 0.709213
v -0.0401209 0.191577 0.0599013
vn 0.658603 -0.393624 -0.641328
v -0.0351651 0.191577 0.0624329
vn 0.0129187 -0.999597 -0.0252968
v -0.0302083 0.191577 0.0649634
vn 0.0127719 -0.999599 -0.0252868
v -0.0252514 0.191577 0.067495
vn 0.0129162 -0.999597 -0.0252883
v -0.0277209 0.19898 0.0725476
vn -0.362189 -0.604838 0.709218
v -0.0476662 0.213788 0.0673371
vn -0.635332 -0.430463 0.641136
v -0.0426641 0.213788 0.0724424
vn 0.644659 0.430514 -0.631722
v -0.0451514 0.206383 0.0648592
vn 0.86104 0.398651 -0.315732
v -0.0376609 0.213788 0.0775477
vn 0.644633 0.430526 -0.63174
v -0.0401483 0.206383 0.0699634
vn 0.644633 0.430526 -0.63174
v -0.0426356 0.19898 0.0623803
vn 0.8634 0.39743 -0.310788
v -0.0550409 0.206383 0.0549687
vn -0.636776 -0.43035 0.639777
v -0.0500956 0.206383 0.059914
vn -0.638245 -0.430472 0.638229
v -0.0574704 0.19898 0.0475455
vn 0.638249 0.430487 -0.638215
v -0.0525262 0.19898 0.0524898
vn -0.638226 -0.430505 0.638226
v -0.0599009 0.191577 0.0401213
vn -0.0144542 0.15791 -0.987348
v -0.0549556 0.191577 0.0450666
vn 0.0392694 -0.998456 -0.0392757
v -0.0500114 0.191577 0.0500108
vn 0.0388381 -0.998491 -0.0388318
v -0.0450662 0.191577 0.0549561
vn 0.0390537 -0.998474 -0.0390537
v -0.0475809 0.19898 0.057435
vn -0.638233 -0.430518 0.638211
v -0.0700272 0.191577 0.0202961
vn 0.0293714 0.23906 -0.97056
v -0.0674956 0.191577 0.0252529
vn -0.772508 -0.497513 0.394605
v -0.0649641 0.191577 0.0302087
vn -0.795194 -0.450214 0.406169
v -0.0624325 0.191577 0.0351656
vn -0.772541 -0.497492 0.394565
v -0.0851841 0.213788 0.0277024
vn 0.170375 0.414335 -0.894035
v -0.0801314 0.206383 0.025234
vn 0.302151 0.480695 -0.823187
v -0.0750799 0.19898 0.0227645
vn 0.302181 0.480738 -0.823151
v -0.087643 0.213788 0.0226287
vn 0.934892 -0.0327755 0.353417
v -0.0850514 0.206383 0.0150855
vn 0.968034 0.224042 0.112761
v -0.0774062 0.191577 0.00507396
vn 0.0252322 -0.999607 -0.0122357
v -0.0824588 0.19898 0.00754344
vn 0.968015 0.224127 0.112754
v -0.0798662 0.191577 2.86336e-07
vn 0.725173 0.0561484 -0.686274
v -0.0700272 0.191577 -0.0202955
vn 0.148488 0.518068 -0.842352
v -0.0774062 0.191577 -0.00507342
vn -0.872823 -0.24249 -0.423531
v -0.0801314 0.206383 -0.0252334
vn 0.807378 0.409181 -0.425101
v -0.0826525 0.213788 -0.0326587
vn 0.528751 0.271357 0.804231
v -0.0750683 0.206383 -0.0351471
vn 0.467047 0.188134 0.863986
v -0.0674841 0.19898 -0.0376345
vn 0.597287 0.37336 0.709825
v -0.0700167 0.19898 -0.0326776
vn -0.70922 -0.604809 -0.362234
v -0.0599009 0.191577 -0.0401218
vn 0.393032 -0.825979 0.404085
v -0.0649641 0.191577 -0.0302081
vn -0.448595 -0.863877 -0.229083
v -0.0674956 0.191577 -0.0252524
vn -0.366924 -0.91118 -0.187398
v -0.0401209 0.191577 -0.0599008
vn 0.912835 -0.0470439 0.405609
v -0.0202956 0.191577 -0.0700271
vn 0.665263 0.583271 0.46607
v -0.0252514 0.191577 -0.0674955
vn -0.406156 -0.45027 -0.795169
v 1.48574e-07 0.191577 -0.079866
vn -0.0550856 0.058831 0.996747
v -0.0101472 0.191577 -0.0749471
vn -0.321464 -0.675936 -0.663153
v -0.015222 0.191577 -0.0724871
vn -0.274299 -0.777584 -0.565794
v 0.0202959 0.191577 -0.0700271
vn 0.171852 0.559407 0.810883
v 0.0152222 0.191577 -0.0724871
vn 0.418 -0.286924 -0.861946
v 0.0101486 0.191577 -0.0749471
vn 0.417763 -0.28648 -0.862208
v 0.0101486 0.19898 -0.0774239
vn 0.417765 -0.288216 -0.861629
v 0.00507382 0.191577 -0.077406
vn 0.417827 -0.286867 -0.862049
v 0.0277033 0.213788 -0.0851839
vn 0.425073 0.409199 0.807384
v 0.0326591 0.213788 -0.0826523
vn -0.952944 -0.302665 0.0170737
v 0.0351465 0.206383 -0.0750681
vn -0.952978 -0.302555 0.0171433
v 0.0401212 0.191577 -0.0599008
vn -0.879945 -0.364252 0.304987
v 0.032678 0.19898 -0.0700166
vn 0.362251 -0.604796 -0.709222
v 0.0351654 0.191577 -0.0624323
vn -0.392736 -0.504658 0.768816
v 0.0302086 0.191577 -0.0649639
vn 0.286764 -0.776159 -0.561555
v 0.0252528 0.191577 -0.0674955
vn 0.322684 -0.704818 -0.631749
v 0.0476665 0.213788 -0.0673376
vn -0.865514 0.3962 0.306449
v 0.0426644 0.213788 -0.0724429
vn -0.644623 0.430548 0.631735
v 0.0451517 0.206383 -0.0648587
vn -0.861565 0.398445 0.314558
v 0.0401486 0.206383 -0.0699629
vn -0.644633 0.430541 0.63173
v 0.0426359 0.19898 -0.0623797
vn 0.624427 -0.430367 -0.651824
v 0.0526117 0.213788 -0.0623934
vn 0.621892 -0.441507 -0.646778
v 0.0550412 0.206383 -0.0549692
vn 0.63312 -0.436282 -0.639388
v 0.0500959 0.206383 -0.0599145
vn 0.638195 -0.43053 -0.638241
v 0.0574707 0.19898 -0.047546
vn 0.638307 -0.430404 -0.638213
v 0.0525265 0.19898 -0.0524902
vn 0.638179 -0.430543 -0.638248
v 0.0599012 0.191577 -0.0401218
vn -0.0459306 -0.793282 0.607119
v 0.0549559 0.191577 -0.0450671
vn -0.0392674 -0.998457 0.0392701
v 0.0500107 0.191577 -0.0500113
vn -0.0390263 -0.998484 0.0388123
v 0.0450665 0.191577 -0.0549555
vn -0.0388258 -0.998483 0.0390455
v 0.0475812 0.19898 -0.0574344
vn 0.638187 -0.430555 -0.638232
v 0.067337 0.213788 -0.047666
vn 0.0191414 0.315854 0.948615
v 0.0624286 0.213788 -0.0525755
vn -0.638281 0.430443 0.638213
v 0.0648591 0.206383 -0.0451513
vn 0.0188042 0.315857 0.94862
v 0.0575201 0.213788 -0.0574839
vn -0.638261 0.430468 0.638216
v 0.0599496 0.206383 -0.0500608
vn -0.638234 0.430481 0.638235
v 0.0623801 0.19898 -0.0426366
vn 0.94485 -0.326216 -0.0290176
v 0.0698686 0.213788 -0.0427092
vn -0.470938 0.624954 0.622616
v 0.0699223 0.206383 -0.0352376
vn -0.485247 0.619361 0.617193
v 0.0673907 0.206383 -0.0401944
vn 0.811338 -0.412345 -0.41437
v 0.0700275 0.191577 -0.0202955
vn -0.0137745 -0.697121 0.716821
v 0.0674433 0.19898 -0.0327229
vn 0.811303 -0.412411 -0.414372
v 0.0649117 0.19898 -0.0376797
vn 0.811317 -0.412398 -0.414359
v 0.0749001 0.184078 0.00502132
vn -0.518535 0.684983 0.511781
v 0.0774117 0.184078 2.86336e-07
vn -0.66765 0.21857 0.711668
v 0.0699349 0.176579 0.0100434
vn -0.516007 0.686201 0.512704
v 0.0724465 0.176579 0.00502132
vn 0.858374 -0.280943 0.429262
v 0.074957 0.176579 2.86336e-07
vn -0.623648 0.204092 0.754592
v 0.0649686 0.16908 0.0150645
vn 0.836767 -0.217632 0.502451
v 0.0674801 0.16908 0.0100434
vn 0.858355 -0.280937 0.429303
v 0.0600033 0.161581 0.0200855
vn -0.886162 -0.115852 -0.44866
v 0.0637707 0.161581 0.012554
vn -0.863614 -0.260037 -0.431917
v 0.0700486 0.161581 2.86336e-07
vn -0.577059 -0.555346 0.598827
v 0.0725033 0.16908 2.86336e-07
vn 0.364582 -0.119293 0.923498
v 0.0699917 0.16908 0.00502132
vn 0.85837 -0.280905 0.429294
v 0.0675212 0.184078 0.0202434
vn -0.778171 0.256029 0.573497
v 0.0699812 0.184078 0.0151698
vn -0.860974 0.290667 -0.417416
v 0.0650149 0.176579 0.0201908
vn -0.777759 0.257774 0.573274
v 0.0724412 0.184078 0.0100961
vn -0.861005 0.290657 -0.417358
v 0.0674749 0.176579 0.0151171
vn -0.860974 0.290667 -0.417416
v 0.0625096 0.16908 0.0201382
vn 0.844905 -0.285646 0.452264
v 0.0649875 0.184078 0.0252171
vn 0.858615 -0.501552 0.105957
v 0.0599475 0.176579 0.0301371
vn 0.854141 -0.50862 0.108394
v 0.0624812 0.176579 0.0251645
vn 0.853215 -0.288174 0.434719
v 0.0549075 0.16908 0.0350582
vn -0.852469 0.285698 -0.437804
v 0.0574412 0.16908 0.0300845
vn 0.853203 -0.288138 0.434765
v 0.0498675 0.161581 0.0399782
vn -0.863321 -0.112049 -0.492058
v 0.0599759 0.16908 0.0251118
vn 0.853213 -0.288131 0.43475
v 0.0573928 0.184078 0.0400855
vn -0.459708 0.149592 0.87538
v 0.0599244 0.184078 0.0351298
vn -0.852982 0.287405 -0.435684
v 0.0548844 0.176579 0.0400497
vn -0.919 0.30858 -0.245392
v 0.0624559 0.184078 0.0301729
vn -0.852982 0.287405 -0.435684
v 0.0574159 0.176579 0.035094
vn -0.852982 0.287405 -0.435684
v 0.0523759 0.16908 0.0400139
vn -0.919001 0.308579 -0.24539
v 0.0549201 0.184078 0.0425582
vn 0.688001 -0.23362 0.687078
v 0.0499401 0.176579 0.044995
vn 0.687647 -0.233424 0.687498
v 0.0473949 0.161581 0.0424508
vn -0.702284 -0.116297 -0.702333
v 0.0474317 0.16908 0.0449592
vn 0.687551 -0.233305 0.687635
v 0.039978 0.161581 0.0498677
vn 0.414834 -0.0364827 0.909165
v 0.0424507 0.161581 0.047395
vn -0.497773 -0.710437 -0.497495
v 0.0400854 0.184078 0.0573929
vn -0.396561 -0.289459 0.871179
v 0.0400496 0.176579 0.0548845
vn -0.396705 -0.289492 0.871103
v 0.0499749 0.184078 0.0475034
vn -0.687624 0.233207 -0.687595
v 0.0400138 0.16908 0.0523761
vn -0.396721 -0.289493 0.871095
v 0.0351117 0.184078 0.0599266
vn 0.117406 -0.0684429 0.990723
v 0.0301033 0.176579 0.0599519
vn 0.139128 -0.095713 0.985638
v 0.035077 0.176579 0.0574182
vn 0.434773 -0.287522 0.853407
v 0.0250949 0.16908 0.0599782
vn 0.206197 -0.114315 0.97181
v 0.0300675 0.16908 0.0574434
vn 0.434837 -0.287495 0.853383
v 0.0200854 0.161581 0.0600034
vn -0.361653 -0.682169 -0.635494
v 0.0250591 0.161581 0.0574698
vn -0.450646 -0.120038 -0.884595
v 0.0300317 0.161581 0.0549361
vn -0.450763 -0.120003 -0.884541
v 0.0350054 0.161581 0.0524013
vn -0.450748 -0.120033 -0.884544
v 0.0350412 0.16908 0.0549097
vn 0.434809 -0.287518 0.85339
v 0.0202433 0.184078 0.0675203
vn 0.422061 -0.29 0.858932
v 0.0252001 0.184078 0.0649897
vn -0.435553 0.288017 -0.852842
v 0.0201907 0.176579 0.065015
vn 0.417355 -0.29061 0.861023
v 0.0301559 0.184078 0.0624582
vn -0.435595 0.288056 -0.852808
v 0.0251475 0.176579 0.0624834
vn -0.435573 0.288048 -0.852822
v 0.020138 0.16908 0.0625087
vn 0.417497 -0.290648 0.860941
v 0.0152222 0.184078 0.0700319
vn 0.439885 -0.297001 0.847521
v 0.0101486 0.176579 0.0700371
vn 0.625315 -0.422867 -0.655869
v 0.00753173 0.161581 0.0662813
vn -0.25404 -0.823048 -0.507992
v 0.00507382 0.16908 0.0700424
vn 0.628665 -0.42651 -0.650284
v 1.48574e-07 0.161581 0.0700477
vn -0.979665 -0.191899 0.0585801
v 1.48574e-07 0.184078 0.0774118
vn -0.999938 0.00346515 -0.0105813
v 0.00507382 0.184078 0.0749519
vn -0.418465 0.282552 -0.863164
v 1.48574e-07 0.176579 0.0749571
vn -0.999938 0.00351047 -0.0105821
v 0.0101486 0.184078 0.0724919
vn -0.418467 0.282551 -0.863163
v 0.00507382 0.176579 0.0724971
vn -0.418465 0.282552 -0.863164
v 1.48574e-07 0.16908 0.0725024
vn -0.999938 0.00346447 -0.0105864
v -0.00502092 0.184078 0.0749003
vn -0.507947 0.68557 -0.521521
v -0.0100419 0.176579 0.069935
vn -0.504785 0.684845 -0.525528
v -0.00502092 0.176579 0.0724456
vn -0.429299 -0.280937 0.858357
v -0.0150641 0.16908 0.0649687
vn -0.51015 0.687374 -0.516976
v -0.0100419 0.16908 0.0674803
vn -0.429262 -0.280944 0.858373
v -0.0200851 0.161581 0.0600034
vn 0.305988 -0.636201 -0.708251
v -0.0150641 0.161581 0.062515
vn 0.441745 -0.156287 -0.883423
v -0.0100419 0.161581 0.0650255
vn 0.434667 -0.235259 -0.86932
v -0.00502092 0.161581 0.0675371
vn 0.434759 -0.235239 -0.86928
v -0.00502092 0.16908 0.0699919
vn -0.429298 -0.28094 0.858357
v -0.020243 0.184078 0.0675203
vn -0.569117 0.258619 -0.780527
v -0.0151693 0.184078 0.0699803
vn 0.417412 0.290631 -0.860989
v -0.0201904 0.176579 0.065015
vn -0.569741 0.255247 -0.781181
v -0.0100946 0.184078 0.0724403
vn 0.417411 0.290632 -0.860988
v -0.0151167 0.176579 0.067475
vn 0.41741 0.290631 -0.860989
v -0.0201378 0.16908 0.0625087
vn -0.569188 0.258595 -0.780483
v -0.0252156 0.184078 0.0649866
vn -0.108419 -0.500056 0.859179
v -0.0301367 0.176579 0.0599477
vn -0.105225 -0.514429 0.851053
v -0.025163 0.176579 0.0624813
vn -0.434696 -0.288159 0.853231
v -0.0350577 0.16908 0.0549076
vn -0.102748 -0.508011 0.8552
v -0.0300841 0.16908 0.0574413
vn -0.434692 -0.288189 0.853223
v -0.0399778 0.161581 0.0498677
vn 0.211043 -0.20005 -0.956787
v -0.0350041 0.161581 0.0524013
vn 0.340109 -0.66275 -0.667149
v -0.0300314 0.161581 0.0549361
vn 0.340056 -0.662536 -0.667389
v -0.0250578 0.161581 0.0574698
vn 0.340039 -0.662513 -0.66742
v -0.0251104 0.16908 0.059975
vn -0.434698 -0.28816 0.85323
v -0.0400851 0.184078 0.0573929
vn 0.0225177 0.317241 -0.948078
v -0.0351293 0.184078 0.0599245
vn 0.435611 0.287416 -0.853015
v -0.0400493 0.176579 0.0548845
vn 0.0225057 0.317242 -0.948078
v -0.0301725 0.184078 0.062455
vn 0.435603 0.287381 -0.853031
v -0.0350935 0.176579 0.0574161
vn 0.435662 0.28739 -0.852998
v -0.0400135 0.16908 0.0523761
vn 0.0224962 0.317242 -0.948078
v -0.0425578 0.184078 0.0549203
vn 0.687661 0.233207 -0.687559
v -0.0449946 0.176579 0.0499403
vn 0.687721 0.233132 -0.687524
v -0.042522 0.176579 0.0524119
vn -0.687518 -0.233309 0.687667
v -0.0474314 0.16908 0.0449592
vn 0.687598 0.233284 -0.687595
v -0.0449588 0.16908 0.0474319
vn -0.687518 -0.23331 0.687667
v -0.0498683 0.161581 0.0399782
vn 0.234221 -0.246185 -0.940497
v -0.0473956 0.161581 0.0424508
vn 0.576881 -0.577964 -0.577205
v -0.044923 0.161581 0.0449234
vn 0.577228 -0.577752 -0.577071
v -0.0424504 0.161581 0.047395
vn 0.57702 -0.577933 -0.577097
v -0.0424862 0.16908 0.0499034
vn -0.687519 -0.233309 0.687666
v -0.0573925 0.184078 0.0400855
vn -0.0116374 0.000931384 -0.999932
v -0.0524472 0.184078 0.0450308
vn 0.687613 0.233259 -0.687589
v -0.0548841 0.176579 0.0400497
vn -0.011346 0.000977276 -0.999935
v -0.047503 0.184078 0.049975
vn 0.687605 0.233239 -0.687604
v -0.0499399 0.176579 0.044995
vn 0.687631 0.233231 -0.68758
v -0.0523767 0.16908 0.0400139
vn -0.0113428 0.000975906 -0.999935
v -0.0599262 0.184078 0.0351118
vn 0.850705 0.289981 -0.438421
v -0.0599514 0.176579 0.0301034
vn 0.848436 0.291909 -0.441525
v -0.0574178 0.176579 0.0350771
vn -0.853422 -0.287467 0.43478
v -0.0599777 0.16908 0.025095
vn -0.992601 -0.0602772 0.105406
v -0.0574441 0.16908 0.0300677
vn -0.853411 -0.287485 0.43479
v -0.060003 0.161581 0.0200855
vn 0.645529 -0.677982 -0.351614
v -0.0574693 0.161581 0.0250592
vn 0.668069 -0.661687 -0.340374
v -0.0549356 0.161581 0.0300319
vn 0.668057 -0.661716 -0.340342
v -0.052402 0.161581 0.0350055
vn 0.668068 -0.661688 -0.340374
v -0.0549104 0.16908 0.0350413
vn -0.853411 -0.287485 0.43479
v -0.0675209 0.184078 0.0202434
vn 0.842084 0.284572 -0.458162
v -0.0637241 0.184078 0.0276782
vn 0.852797 0.288052 -0.435618
v -0.0650156 0.176579 0.0201908
vn 0.829954 0.280717 -0.482053
v -0.0624841 0.176579 0.0251476
vn 0.852782 0.288057 -0.435645
v -0.0625093 0.16908 0.0201382
vn -0.910057 -0.302288 -0.283581
v -0.0700325 0.184078 0.0152224
vn 0.870043 0.275833 -0.408585
v -0.0700378 0.176579 0.0101487
vn 0.870049 0.275852 -0.408559
v -0.0675262 0.176579 0.0151698
vn -0.856197 -0.289105 0.428188
v -0.070043 0.16908 0.00507396
vn 0.868308 0.27753 -0.411118
v -0.0675314 0.16908 0.0100961
vn -0.856213 -0.289112 0.428151
v -0.0700483 0.161581 2.86336e-07
vn 0.279587 -0.269066 -0.921648
v -0.0675367 0.161581 0.00502132
vn 0.669136 -0.663497 -0.334708
v -0.0650262 0.161581 0.0100434
vn 0.669425 -0.663145 -0.334827
v -0.0625146 0.161581 0.0150645
vn 0.669254 -0.663438 -0.334588
v -0.0650209 0.16908 0.0151171
vn -0.856197 -0.289106 0.428188
v -0.0774114 0.184078 2.86336e-07
vn -0.364541 -0.119279 -0.923516
v -0.0749578 0.176579 2.86336e-07
vn -0.364512 -0.119321 -0.923522
v -0.072503 0.16908 2.86336e-07
vn 0.455862 0.149192 -0.877457
v -0.0748999 0.184078 -0.00502078
vn -0.852281 -0.260659 -0.453512
v -0.0699346 0.176579 -0.0100418
vn -0.852227 -0.260695 -0.453593
v -0.0724462 0.176579 -0.00502078
vn -0.85834 -0.280912 -0.42935
v -0.0649693 0.16908 -0.0150639
vn 0.864453 0.304732 0.399823
v -0.0674799 0.16908 -0.0100418
vn -0.858374 -0.280945 -0.429261
v -0.060003 0.161581 -0.020085
vn 0.708194 -0.636299 0.305917
v -0.0625146 0.161581 -0.0150639
vn 0.67778 -0.652386 0.339126
v -0.0650262 0.161581 -0.0100418
vn 0.677838 -0.652396 0.33899
v -0.0675367 0.161581 -0.00502078
vn 0.677773 -0.652564 0.338798
v -0.0699914 0.16908 -0.00502078
vn -0.85834 -0.280954 -0.429321
v -0.0675209 0.184078 -0.0202429
vn 0.868262 0.292961 0.400368
v -0.0650156 0.176579 -0.0201903
vn 0.868293 0.292931 0.400323
v -0.0625093 0.16908 -0.0201376
vn 0.866499 0.292367 0.4046
v -0.0649872 0.184078 -0.0252166
vn -0.863529 -0.49301 -0.106103
v -0.0599483 0.176579 -0.0301366
vn 0.852571 0.285734 0.437582
v -0.062482 0.176579 -0.0251639
vn -0.853233 -0.28816 -0.434692
v -0.0549083 0.16908 -0.0350576
vn -0.853381 -0.288817 -0.433965
v -0.0498683 0.161581 -0.0399787
vn 0.737282 -0.0723067 0.671704
v -0.052402 0.161581 -0.035005
vn 0.852857 -0.28962 0.434461
v -0.0549356 0.161581 -0.0300313
vn 0.0268122 -0.999546 0.0137122
v -0.0574693 0.161581 -0.0250587
vn 0.667324 -0.662645 0.339971
v -0.0599756 0.16908 -0.0251113
vn -0.853218 -0.288224 -0.434679
v -0.0599241 0.184078 -0.0351292
vn 0.852998 0.287375 0.435673
v -0.0548841 0.176579 -0.0400502
vn -0.37058 -0.12835 -0.91989
v -0.0573925 0.184078 -0.040086
vn -0.547028 -0.186877 -0.815989
v -0.0624557 0.184078 -0.0301724
vn 0.852996 0.28735 0.435692
v -0.0574167 0.176579 -0.0350934
vn 0.852996 0.287329 0.435707
v -0.0523767 0.16908 -0.0400145
vn -0.370525 -0.12828 -0.919922
v -0.0399778 0.161581 -0.0498681
vn 0.867209 0.0318062 0.496927
v -0.030103 0.176579 -0.0599524
vn -0.43322 -0.286462 -0.854552
v -0.0275451 0.161581 -0.0562029
vn -0.374001 -0.566681 -0.734163
v -0.0250935 0.16908 -0.0599776
vn -0.0793989 -0.0598307 -0.995046
v -0.0200851 0.161581 -0.0600039
vn 0.348629 -0.672338 0.653008
v -0.0350409 0.16908 -0.0549102
vn -0.434822 -0.287506 -0.853387
v -0.020243 0.184078 -0.0675218
vn 0.440142 0.287344 0.85071
v -0.0201904 0.176579 -0.0650155
vn 0.441267 0.287242 0.850162
v -0.0251462 0.176579 -0.0624839
vn 0.435623 0.288039 0.852799
v -0.0201378 0.16908 -0.0625102
vn 0.297595 -0.297807 -0.907054
v -0.015222 0.184078 -0.0700323
vn 0.403981 0.272772 0.873152
v -0.0101472 0.176579 -0.0700376
vn 0.389553 0.262944 0.882671
v -0.0151693 0.176579 -0.0675271
vn -0.428152 -0.28911 -0.856213
v -0.00507356 0.16908 -0.0700429
vn 0.404019 0.27274 0.873145
v -0.0100946 0.16908 -0.0675324
vn -0.428152 -0.289112 -0.856213
v 1.48574e-07 0.161581 -0.0700481
vn 0.921641 -0.269017 0.279658
v -0.00502092 0.161581 -0.0675376
vn 0.334687 -0.663363 0.669279
v -0.0100419 0.161581 -0.065026
vn 0.334706 -0.663498 0.669135
v -0.0150641 0.161581 -0.0625155
vn 0.334826 -0.663144 0.669426
v -0.0151167 0.16908 -0.0650208
vn -0.428151 -0.289111 -0.856213
v -0.00507356 0.184078 -0.0749523
vn 0.418456 0.282537 0.863173
v 1.48574e-07 0.176579 -0.0749576
vn 0.923516 -0.119326 -0.364527
v 1.48574e-07 0.184078 -0.0774113
vn 0.923481 -0.119353 -0.364607
v 1.48574e-07 0.16908 -0.0725029
vn 0.953287 0.0940069 0.287065
v 0.00502118 0.184078 -0.0749008
vn 0.50464 0.684861 0.525647
v 0.0100433 0.176579 -0.0699345
vn 0.514452 0.686176 0.514298
v 0.00502118 0.176579 -0.072446
vn 0.429262 -0.280943 -0.858374
v 0.0150643 0.16908 -0.0649692
vn 0.514553 0.685524 0.515065
v 0.0100433 0.16908 -0.0674808
vn 0.429239 -0.28093 -0.858389
v 0.0200854 0.161581 -0.0600039
vn -0.305588 -0.636211 0.708414
v 0.0150643 0.161581 -0.0625155
vn -0.338878 -0.652349 0.67794
v 0.0100433 0.161581 -0.065026
vn -0.339102 -0.652346 0.677831
v 0.00502118 0.161581 -0.0675376
vn -0.338991 -0.652397 0.677837
v 0.00502118 0.16908 -0.0699913
vn 0.429262 -0.280944 -0.858373
v 0.0151696 0.184078 -0.0699808
vn -0.417424 0.290636 0.86098
v 0.0201907 0.176579 -0.0650155
vn 0.576391 0.254098 0.776664
v 0.0100959 0.184078 -0.0724408
vn -0.41736 0.290656 0.861005
v 0.015117 0.176579 -0.0674755
vn -0.417374 0.290636 0.861005
v 0.020138 0.16908 -0.0625102
vn 0.580203 0.256088 0.773165
v 0.030137 0.176579 -0.0599481
vn 0.095894 -0.52067 -0.848356
v 0.0251644 0.176579 -0.0624818
vn 0.4347 -0.288175 -0.853224
v 0.035058 0.16908 -0.0549081
vn 0.104658 -0.502531 -0.858201
v 0.0300844 0.16908 -0.0574418
vn 0.434719 -0.288175 -0.853214
v 0.039978 0.161581 -0.0498681
vn -0.211067 -0.199914 0.95681
v 0.0350054 0.161581 -0.0524018
vn -0.340153 -0.662647 0.66723
v 0.0300317 0.161581 -0.0549366
vn -0.340063 -0.662555 0.667367
v 0.0250591 0.161581 -0.0574702
vn -0.339892 -0.662574 0.667435
v 0.0251117 0.16908 -0.0599755
vn 0.434748 -0.288135 -0.853213
v 0.0400854 0.184078 -0.0573924
vn -0.0226413 0.317281 0.948061
v 0.0351296 0.184078 -0.0599239
vn -0.435714 0.287364 0.85298
v 0.0400496 0.176579 -0.0548839
vn -0.0230456 0.317122 0.948105
v 0.0301728 0.184078 -0.0624555
vn -0.435697 0.287349 0.852994
v 0.0350938 0.176579 -0.0574166
vn -0.435744 0.287324 0.852978
v 0.0400138 0.16908 -0.0523766
vn -0.0226424 0.317201 0.948088
v 0.0425581 0.184078 -0.0549197
vn -0.687496 0.233315 0.687687
v 0.0449949 0.176579 -0.0499397
vn -0.687586 0.233346 0.687587
v 0.0425223 0.176579 -0.0524124
vn 0.687549 -0.23327 -0.687649
v 0.0474307 0.16908 -0.0449587
vn -0.687437 0.23336 0.687731
v 0.0449591 0.16908 -0.0474313
vn 0.687681 -0.233218 -0.687535
v 0.0498675 0.161581 -0.0399787
vn -0.2344 -0.246367 0.940404
v 0.0473949 0.161581 -0.0424513
vn -0.577255 -0.577701 0.577094
v 0.0449233 0.161581 -0.0449239
vn -0.57715 -0.577755 0.577145
v 0.0424507 0.161581 -0.0473955
vn -0.577017 -0.57794 0.577093
v 0.0424865 0.16908 -0.0499039
vn 0.687549 -0.233271 -0.687649
v 0.0573928 0.184078 -0.040086
vn 0.0117805 0.000830836 0.99993
v 0.0524475 0.184078 -0.0450313
vn -0.687571 0.233293 0.68762
v 0.0548844 0.176579 -0.0400502
vn 0.0120708 0.000830248 0.999927
v 0.0475033 0.184078 -0.0499755
vn -0.687588 0.233266 0.687612
v 0.0499391 0.176579 -0.0449945
vn -0.68758 0.233311 0.687605
v 0.0523759 0.16908 -0.0400145
vn 0.0122168 0.000684432 0.999925
v 0.0599265 0.184078 -0.0351124
vn -0.852198 0.288664 0.436385
v 0.0599517 0.176579 -0.0301029
vn 0.984999 -0.0979267 -0.142084
v 0.057418 0.176579 -0.0350766
vn 0.853413 -0.287545 -0.434745
v 0.059978 0.16908 -0.0250945
vn -0.852282 0.288533 0.436307
v 0.0574433 0.16908 -0.0300671
vn 0.853383 -0.287496 -0.434837
v 0.0600033 0.161581 -0.020085
vn -0.581623 -0.717562 0.383171
v 0.0574696 0.161581 -0.0250587
vn -0.66814 -0.661668 0.34027
v 0.0549359 0.161581 -0.0300313
vn -0.668121 -0.661608 0.340425
v 0.0524012 0.161581 -0.035005
vn -0.667986 -0.661697 0.340515
v 0.0549096 0.16908 -0.0350408
vn 0.853408 -0.287523 -0.434771
v 0.062458 0.184078 -0.0301555
vn -0.852798 0.288082 0.435598
v 0.0624833 0.176579 -0.0251471
vn -0.852782 0.288027 0.435665
v 0.0649896 0.184078 -0.0251997
vn -0.8528 0.288062 0.435606
v 0.0700381 0.176579 -0.0101471
vn 0.834145 -0.308715 -0.457053
v 0.0675265 0.176579 -0.0151692
vn 0.856178 -0.289148 -0.428197
v 0.0700433 0.16908 -0.00507342
vn -0.645612 -0.428261 -0.632279
v 0.0675317 0.16908 -0.0100945
vn 0.856165 -0.289157 -0.428217
v 0.067537 0.161581 -0.00502078
vn -0.867859 -0.241535 0.434144
v 0.0650254 0.161581 -0.0100418
vn -0.875027 -0.206818 0.437668
v 0.0625149 0.161581 -0.0150639
vn 0.655017 -0.680939 -0.327528
v 0.0650202 0.16908 -0.0151165
vn 0.856233 -0.28913 -0.428099
v 0.072498 0.176579 -0.00507342
vn -0.86319 0.282506 0.418443
v 0.0675717 0.151491 0.00503293
vn 0.96759 -0.135547 0.213066
v 0.0700854 0.151491 2.86336e-07
vn 0.00230343 8.3611e-06 0.999997
v 0.0650949 0.141399 0.0100655
vn -0.894034 -0.00393246 -0.447983
v 0.0701401 0.136354 2.86336e-07
vn 0.40062 0.00144592 0.916243
v 0.0626191 0.131309 0.0150982
vn 0.895626 0.00194317 0.444804
v 0.0601422 0.121217 0.0201308
vn 0.878811 -0.190072 0.437681
v 0.0626549 0.121217 0.0150982
vn -0.239654 -0.963477 -0.119489
v 0.0651686 0.121217 0.0100655
vn -0.830553 -0.371689 -0.414764
v 0.0676812 0.121217 0.00503293
vn -0.840391 -0.34296 -0.419668
v 0.0701949 0.121217 2.86336e-07
vn -0.0113737 -0.900786 -0.434115
v 0.0600549 0.146444 0.0201024
vn 0.883439 0.00358218 0.468532
v 0.0499865 0.121217 0.0400645
vn -0.867017 -0.100421 -0.488055
v 0.0400644 0.121217 0.0499866
vn -0.920007 -0.125569 -0.37124
v 0.0201307 0.121217 0.0601424
vn -0.998603 0.0147315 0.0507382
v 0.0150643 0.151491 0.0625508
vn 0.445866 0.00415 0.89509
v 0.0100433 0.141399 0.0650992
vn 0.445966 0.0040647 0.895041
v 0.00502118 0.131309 0.0676466
vn -0.453586 0.000496741 -0.891212
v 1.48574e-07 0.121217 0.070195
vn -0.843643 -0.152366 0.514831
v 1.48574e-07 0.146444 0.0701034
vn -0.851906 0.00191866 0.523691
v -0.0125809 0.136354 0.0638571
vn 0.447571 -0.00375453 -0.89424
v -0.0201304 0.121217 0.0601424
vn -0.405965 -0.327738 0.8531
v -0.0200967 0.151491 0.0600382
vn 0.439388 -0.00354149 -0.89829
v -0.0201072 0.141399 0.0600729
vn -0.59448 -0.00301446 -0.804105
v -0.0201188 0.131309 0.0601076
vn 0.433994 -0.00359826 -0.900909
v -0.0250799 0.151491 0.0574992
vn -0.447493 -0.000378864 0.894287
v -0.0300746 0.141399 0.054995
vn -0.472644 0.00730011 0.881223
v -0.0250914 0.141399 0.057534
vn -0.453936 0.00356499 0.891027
v -0.0350693 0.131309 0.0524908
vn -0.454012 0.00359646 0.890988
v -0.0300862 0.131309 0.0550297
vn -0.453943 0.00357826 0.891023
v -0.0400641 0.121217 0.0499866
vn 0.258607 -0.330461 -0.907699
v -0.025102 0.131309 0.0575687
vn -0.453929 0.00357841 0.89103
v -0.0399999 0.151491 0.0498971
vn 0.0216329 -0.0030713 -0.999761
v -0.0350262 0.151491 0.0524319
vn 0.454013 -0.00362821 -0.890988
v -0.0400209 0.141399 0.0499276
vn 0.0212883 -0.00303598 -0.999769
v -0.0300525 0.151491 0.0549656
vn 0.453937 -0.00358108 -0.891027
v -0.0350483 0.141399 0.0524613
vn 0.453937 -0.00358108 -0.891027
v -0.040043 0.131309 0.0499571
vn 0.0210688 -0.00292989 -0.999774
v -0.0424799 0.151491 0.0474171
vn -0.688672 -0.0052116 0.725054
v -0.044983 0.141399 0.0449666
vn -0.674608 -0.0194778 0.737919
v -0.042502 0.141399 0.0474466
vn -0.707026 0.00357731 0.707179
v -0.0474851 0.131309 0.042515
vn -0.721432 0.00343582 0.692477
v -0.0450041 0.131309 0.0449961
vn -0.707052 0.00356483 0.707152
v -0.0499872 0.121217 0.0400645
vn -0.977547 -0.208846 0.0280093
v -0.0475062 0.121217 0.0425445
vn -0.0903764 -0.9918 0.0903599
v -0.0450262 0.121217 0.0450255
vn -0.0892892 -0.991944 0.0898582
v -0.0425451 0.121217 0.0475055
vn -0.0904225 -0.99189 0.0893181
v -0.042523 0.131309 0.0474761
vn -0.707077 0.00358954 0.707128
v -0.0498978 0.151491 0.0400003
vn -0.99965 0.00304547 0.0262782
v -0.0474251 0.151491 0.0424719
vn 0.707051 -0.00360193 -0.707153
v -0.0499283 0.141399 0.0400213
vn -0.999659 0.00294081 0.0259425
v -0.0449525 0.151491 0.0449445
vn 0.707078 -0.00362723 -0.707126
v -0.0474556 0.141399 0.042494
vn 0.707077 -0.00362705 -0.707127
v -0.0499577 0.131309 0.0400434
vn -0.999653 0.00307933 0.026142
v -0.0524367 0.151491 0.0350161
vn -0.905035 0.0214294 0.424796
v -0.0550051 0.141399 0.030055
vn -0.881111 -0.00816775 0.472839
v -0.0524662 0.141399 0.0350382
vn -0.89104 0.00358077 0.453911
v -0.0575735 0.131309 0.0250929
vn -0.874502 -0.0160876 0.484755
v -0.0550346 0.131309 0.0300761
vn -0.891014 0.00356534 0.453961
v -0.060142 0.121217 0.0201308
vn -0.0507027 0.014445 -0.998609
v -0.057603 0.121217 0.0251139
vn -0.0926058 -0.994585 0.0471755
v -0.0550641 0.121217 0.0300982
vn -0.092637 -0.994581 0.0471934
v -0.0525262 0.121217 0.0350813
vn -0.0929309 -0.994554 0.0471871
v -0.0524956 0.131309 0.0350592
vn -0.891071 0.00361218 0.453849
v -0.0600377 0.151491 0.0200971
vn -0.948797 0.00434995 -0.315858
v -0.0575041 0.151491 0.0250697
vn 0.891014 -0.0035718 -0.453962
v -0.0600725 0.141399 0.0201087
vn -0.94634 -0.00121244 -0.32317
v -0.0549704 0.151491 0.0300434
vn 0.891027 -0.00358005 -0.453937
v -0.0575388 0.141399 0.0250813
vn 0.891027 -0.00358075 -0.453937
v -0.0601072 0.131309 0.0201192
vn -0.943156 0.00282471 -0.332338
v -0.0625514 0.151491 0.0150645
vn -0.96578 0.154469 0.208346
v -0.0650988 0.141399 0.0100434
vn -0.976146 0.154835 0.152204
v -0.0625862 0.141399 0.0150761
vn -0.894634 0.00353829 0.446787
v -0.0676472 0.131309 0.00502132
vn -0.964848 0.151762 0.214563
v -0.0651335 0.131309 0.010054
vn -0.894621 0.00355357 0.446811
v -0.0701946 0.121217 2.86336e-07
vn -0.0277216 -0.439394 -0.897866
v -0.067682 0.121217 0.00503293
vn -0.878919 0.1803 0.441581
v -0.0651683 0.121217 0.0100655
vn -0.879962 0.180441 0.439441
v -0.0626546 0.121217 0.0150982
vn -0.8804 0.177759 0.439656
v -0.0626199 0.131309 0.0150866
vn -0.894634 0.00353829 0.446785
v -0.0700851 0.151491 2.86336e-07
vn -0.00234294 7.91346e-06 -0.999997
v -0.0675735 0.151491 0.00502132
vn 0.894379 -0.00324985 -0.447299
v -0.070122 0.141399 2.86336e-07
vn -0.00227572 8.35278e-06 -0.999997
v -0.065062 0.151491 0.0100434
vn 0.894391 -0.00323437 -0.447274
v -0.0676104 0.141399 0.00502132
vn 0.894379 -0.00324963 -0.447298
v -0.0701577 0.131309 2.86336e-07
vn -0.00234479 8.87417e-06 -0.999997
v -0.0675714 0.151491 -0.00503235
vn -0.9625 -0.132831 -0.236539
v -0.0650946 0.141399 -0.010065
vn -0.965407 -0.121622 -0.230647
v -0.0676083 0.141399 -0.00503235
vn -0.89461 0.00326576 -0.446836
v -0.0626188 0.131309 -0.0150976
vn -0.976152 -0.1775 -0.124983
v -0.0651314 0.131309 -0.010065
vn -0.894634 0.00325102 -0.446788
v -0.060142 0.121217 -0.0201302
vn -0.0985919 -0.994537 -0.034282
v -0.0626546 0.121217 -0.0150976
vn -0.092416 -0.99465 -0.0461511
v -0.0651683 0.121217 -0.010065
vn -0.0924591 -0.994645 -0.0461771
v -0.067682 0.121217 -0.00503235
vn -0.092477 -0.994643 -0.0461813
v -0.0676451 0.131309 -0.00503235
vn -0.894635 0.00325102 -0.446787
v -0.0600377 0.151491 -0.0200965
vn -0.886904 0.00357329 -0.461939
v -0.0625493 0.151491 -0.0150744
vn 0.894365 -0.00356877 0.447324
v -0.0600725 0.141399 -0.0201071
vn 0.809207 -0.00305794 -0.587516
v -0.0650609 0.151491 -0.0100534
vn 0.894396 -0.0035614 0.447262
v -0.0625841 0.141399 -0.015086
vn 0.894372 -0.00357621 0.447311
v -0.0601072 0.131309 -0.0201187
vn 0.809553 -0.00209276 -0.587043
v -0.0574988 0.151491 -0.0250797
vn -0.891059 0.00355337 -0.453874
v -0.0549956 0.141399 -0.0300745
vn -0.891152 0.00343546 -0.453691
v -0.0563335 0.121217 -0.027605
vn -0.0897571 -0.994919 -0.0456144
v -0.0524914 0.131309 -0.0350692
vn -0.891076 0.00350528 -0.453841
v -0.0499872 0.121217 -0.0400639
vn -0.0894497 -0.84 -0.535162
v -0.0498978 0.151491 -0.0399997
vn -0.373081 0.0031223 -0.927793
v -0.0524314 0.151491 -0.035026
vn 0.891027 -0.00362724 0.453937
v -0.0499283 0.141399 -0.0400218
vn -0.372957 0.00306384 -0.927843
v -0.0549651 0.151491 -0.0300534
vn 0.89102 -0.0036196 0.45395
v -0.052462 0.141399 -0.0350481
vn 0.891033 -0.00361171 0.453924
v -0.0499577 0.131309 -0.0400429
vn -0.373173 0.00302601 -0.927757
v -0.0400641 0.121217 -0.0499871
vn -0.0277888 -0.20914 -0.977491
v -0.0201304 0.121217 -0.0601429
vn -0.412771 -0.0684598 -0.908258
v -0.0200967 0.151491 -0.0600387
vn 0.499544 -0.00365441 0.866281
v -0.0250693 0.151491 -0.057505
vn 0.453999 -0.00355867 0.890995
v -0.0201072 0.141399 -0.0600734
vn 0.459516 -0.00354878 0.888162
v -0.0201188 0.131309 -0.0601081
vn 0.458377 -0.00358526 0.88875
v -0.0150641 0.151491 -0.0625513
vn -0.130373 0.181386 -0.974732
v -0.0100419 0.141399 -0.0650997
vn -0.146097 0.173293 -0.973974
v -0.0150746 0.141399 -0.062586
vn -0.446762 0.00356936 -0.894646
v -0.00502092 0.131309 -0.0676471
vn -0.122455 0.185188 -0.975044
v -0.0100536 0.131309 -0.0651345
vn -0.446761 0.00359274 -0.894646
v 1.48574e-07 0.121217 -0.0701955
vn 0.897863 -0.439402 -0.0276987
v -0.00503249 0.121217 -0.0676818
vn -0.43962 0.177802 -0.880409
v -0.0100651 0.121217 -0.0651692
vn -0.439601 0.179061 -0.880164
v -0.0150977 0.121217 -0.0626555
vn -0.439596 0.177731 -0.880436
v -0.0150862 0.131309 -0.0626208
vn -0.446762 0.00359205 -0.894645
v 1.48574e-07 0.151491 -0.070085
vn 0.999997 8.41309e-06 -0.00233767
v -0.00502092 0.151491 -0.0675745
vn 0.447287 -0.0032654 0.894385
v 1.48574e-07 0.141399 -0.0701218
vn 0.999997 -2.68844e-05 -0.00227012
v -0.0100419 0.151491 -0.0650629
vn 0.447299 -0.00324985 0.894379
v -0.00502092 0.141399 -0.0676113
vn 0.447311 -0.00323408 0.894372
v 1.48574e-07 0.131309 -0.0701587
vn 0.999997 4.36171e-05 -0.0023379
v 0.00503279 0.151491 -0.0675724
vn 0.152387 -0.149308 -0.976978
v 0.0100654 0.141399 -0.0650955
vn 0.172169 -0.153361 -0.973056
v 0.00503279 0.141399 -0.0676092
vn 0.446737 0.00323465 -0.894659
v 0.015098 0.131309 -0.0626187
vn 0.209701 -0.147043 -0.966646
v 0.0100654 0.131309 -0.0651323
vn 0.446788 0.00325032 -0.894634
v 0.0201307 0.121217 -0.0601429
vn 0.0302258 -0.994218 -0.10304
v 0.015098 0.121217 -0.0626555
vn 0.0464477 -0.994633 -0.0924493
v 0.0100654 0.121217 -0.0651692
vn 0.0458869 -0.99466 -0.0924434
v 0.00503279 0.121217 -0.0676818
vn 0.0464478 -0.994633 -0.0924577
v 0.00503279 0.131309 -0.067645
vn 0.446738 0.00323511 -0.894659
v 0.020097 0.151491 -0.0600387
vn 0.598136 0.00167073 0.801393
v 0.0150759 0.151491 -0.0625492
vn -0.447223 -0.00353756 0.894415
v 0.0201086 0.141399 -0.0600734
vn 0.593562 -0.000350887 0.804788
v 0.0100538 0.151491 -0.0650608
vn -0.447324 -0.00356924 0.894365
v 0.0150865 0.141399 -0.0625839
vn -0.447248 -0.00356906 0.894403
v 0.0201191 0.131309 -0.0601081
vn 0.606384 -0.00392406 0.795162
v 0.0250802 0.151491 -0.0574997
vn 0.484666 0.0230803 -0.874395
v 0.0300749 0.141399 -0.0549955
vn 0.485736 0.0236472 -0.873786
v 0.0250917 0.141399 -0.0575345
vn 0.453973 0.0035878 -0.891008
v 0.0350696 0.131309 -0.0524913
vn 0.485852 0.0233543 -0.873729
v 0.0300865 0.131309 -0.0550302
vn 0.453974 0.0035878 -0.891008
v 0.0400644 0.121217 -0.0499871
vn 0.971143 -0.233601 -0.0480855
v 0.0350812 0.121217 -0.052526
vn 0.045779 -0.994904 -0.0898335
v 0.030098 0.121217 -0.055065
vn 0.0457685 -0.994928 -0.0895751
v 0.0251138 0.121217 -0.0576039
vn 0.0457714 -0.99488 -0.0901081
v 0.0251033 0.131309 -0.0575692
vn 0.453935 0.00356407 -0.891028
v 0.0400001 0.151491 -0.0498976
vn -0.0216339 -0.00303707 0.999761
v 0.0350265 0.151491 -0.0524323
vn -0.454024 -0.00361953 0.890982
v 0.0400212 0.141399 -0.0499281
vn -0.0212841 -0.00303441 0.999769
v 0.0300538 0.151491 -0.054966
vn -0.45395 -0.00357309 0.89102
v 0.0350486 0.141399 -0.0524618
vn -0.45395 -0.00357309 0.89102
v 0.0400433 0.131309 -0.0499576
vn -0.0210679 -0.00296495 0.999774
v 0.0424802 0.151491 -0.0474176
vn 0.722371 0.0110267 -0.691418
v 0.0449822 0.141399 -0.044966
vn 0.723256 0.003823 -0.690569
v 0.0425022 0.141399 -0.0474471
vn 0.707177 0.00357664 -0.707028
v 0.0474843 0.131309 -0.0425155
vn 0.677 -0.0110171 -0.735901
v 0.0450033 0.131309 -0.0449955
vn 0.707153 0.00358966 -0.707052
v 0.0499865 0.121217 -0.0400639
vn 0.98008 -0.197758 -0.0182881
v 0.0475054 0.121217 -0.042545
vn 0.0892615 -0.991951 -0.0898091
v 0.0450254 0.121217 -0.045026
vn 0.0898336 -0.991897 -0.0898291
v 0.0425443 0.121217 -0.047506
vn 0.0903611 -0.991903 -0.0892367
v 0.0425233 0.131309 -0.0474766
vn 0.707178 0.00357737 -0.707027
v 0.049897 0.151491 -0.0399997
vn 0.999639 0.00304495 -0.0267052
v 0.0474254 0.151491 -0.0424724
vn -0.707153 -0.00359011 0.707051
v 0.0499275 0.141399 -0.0400218
vn 0.999644 0.00304691 -0.0264965
v 0.0449528 0.151491 -0.044945
vn -0.707078 -0.00355322 0.707127
v 0.0474549 0.141399 -0.0424934
vn -0.707052 -0.00356493 0.707153
v 0.049957 0.131309 -0.0400429
vn 0.999646 0.0029399 -0.0264272
v 0.0524359 0.151491 -0.0350166
vn 0.900245 0.0152964 -0.435114
v 0.0550054 0.141399 -0.0300545
vn 0.886163 -0.0022064 -0.463367
v 0.0524664 0.141399 -0.0350376
vn 0.891027 0.00361959 -0.453936
v 0.0575738 0.131309 -0.0250923
vn 0.89081 0.00330226 -0.454365
v 0.0550349 0.131309 -0.0300755
vn 0.891023 0.00356293 -0.453945
v 0.0601422 0.121217 -0.0201302
vn 0.0726342 -0.230529 0.970351
v 0.0563338 0.121217 -0.027605
vn -0.686527 -0.637417 0.349829
v 0.0525254 0.121217 -0.0350808
vn -0.177414 -0.979981 0.0903417
v 0.0524959 0.131309 -0.0350597
vn 0.891032 0.00356765 -0.453926
v 0.060038 0.151491 -0.0200965
vn 0.943765 0.00286142 0.330606
v 0.0575044 0.151491 -0.0250692
vn -0.89102 -0.00356405 0.45395
v 0.0600728 0.141399 -0.0201071
vn 0.94155 0.00287724 0.33686
v 0.0549707 0.151491 -0.0300429
vn -0.891001 -0.00358825 0.453986
v 0.0575391 0.141399 -0.0250808
vn -0.89104 -0.00358864 0.453912
v 0.0601075 0.131309 -0.0201187
vn 0.942519 0.00285031 0.33414
v 0.0625507 0.151491 -0.0150639
vn 0.974657 0.180453 -0.132213
v 0.0650991 0.141399 -0.0100418
vn 0.97392 0.172825 -0.147009
v 0.0625854 0.141399 -0.0150744
vn 0.894646 0.00356867 -0.446762
v 0.0676465 0.131309 -0.00502078
vn -0.892376 -0.000809232 0.451291
v 0.0651338 0.131309 -0.0100534
vn 0.894645 0.00359274 -0.446762
v 0.0676812 0.121217 -0.00503235
vn 0.880406 0.177821 -0.439619
v 0.0651686 0.121217 -0.010065
vn 0.880129 0.179275 -0.439583
v 0.0626549 0.121217 -0.0150976
vn 0.880411 0.177887 -0.439583
v 0.0626201 0.131309 -0.015086
vn 0.894646 0.00359274 -0.446761
v 0.0650623 0.151491 -0.0100418
vn -0.894389 -0.00325891 0.447279
v 0.0676107 0.141399 -0.00502078
vn -0.894358 -0.00322559 0.44734
v 0.070218 0.0817654 0.0199319
vn 0.86473 -0.499716 0.0502679
v 0.0701886 0.111354 2.86336e-07
vn 0.957692 -0.000634515 0.287794
v 0.0701822 0.101491 2.86336e-07
vn 0.970192 -0.000583178 0.242337
v 0.0701707 0.0817654 2.86336e-07
vn 0.292642 -0.339043 0.894098
v 0.0651738 0.111354 0.0150487
vn -0.87256 -0.220674 -0.435823
v 0.0601938 0.103957 0.0288603
vn 0.702596 -0.319505 -0.635827
v 0.0602591 0.0817654 0.0400845
vn -0.949412 -0.254361 -0.184164
v 0.0400844 0.0817654 0.0602582
vn -0.910535 0.132585 -0.391596
v 0.0451285 0.0817654 0.055215
vn 0.706733 0.0308558 0.706807
v 0.0501717 0.0817654 0.0501719
vn 0.706769 0.0308541 0.706771
v 0.0552159 0.0817654 0.0451277
vn 0.318881 -0.892636 0.318615
v 0.0199317 0.0817654 0.0702182
vn 0.0590783 -0.658812 -0.749984
v 1.48574e-07 0.0817654 0.0701708
vn -0.671856 -0.190855 -0.71567
v 1.48574e-07 0.106422 0.0701855
vn -0.999804 1.17437e-05 -0.0198001
v -0.00498302 0.111354 0.0702003
vn 0.663206 -0.335464 -0.669045
v -0.00996619 0.101491 0.0702066
vn 0.874849 -0.44186 0.198493
v -0.00498302 0.0817654 0.0701824
vn 0.00227116 -0.318135 0.948043
v -0.0199325 0.0817654 0.0702182
vn -0.439145 0.00671879 0.898391
v -0.0100157 0.111354 0.0676876
vn 0.435766 -0.220665 -0.872591
v -0.0149988 0.101491 0.0676929
vn 0.435734 -0.220683 -0.872602
v -0.0150483 0.111354 0.065174
vn 0.435779 -0.220634 -0.872592
v -0.0400841 0.0817654 0.0602582
vn -0.733715 -0.251502 -0.631196
v -0.0451125 0.111354 0.0475108
vn -0.695389 0.181423 0.695356
v -0.0501609 0.101491 0.0450361
vn -0.695336 0.18144 0.695404
v -0.0552104 0.0916286 0.0425603
vn -0.695319 0.181381 0.695437
v -0.0602588 0.0817654 0.0400845
vn 0.0085372 -0.437078 -0.899383
v -0.0525546 0.111354 0.0400698
vn -0.967745 0.251906 0.0037114
v -0.0500746 0.111354 0.0425498
vn 0.695373 -0.181414 -0.695374
v -0.055123 0.101491 0.040075
vn -0.967715 0.252023 0.00342002
v -0.0475935 0.111354 0.0450308
vn 0.695307 -0.181359 -0.695455
v -0.052642 0.101491 0.042555
vn 0.695352 -0.181393 -0.695401
v -0.0576904 0.0916286 0.0400792
vn -0.967744 0.251907 0.00374863
v -0.0550451 0.111354 0.0350308
vn -0.611815 0.586517 -0.530736
v -0.060102 0.101491 0.0299982
vn -0.603396 0.585945 -0.540908
v -0.0576125 0.101491 0.0350361
vn -0.873003 0.227546 0.431379
v -0.0651599 0.0916286 0.0249645
vn -0.606209 0.58523 -0.538532
v -0.0626704 0.0916286 0.0300034
vn -0.873003 0.227546 0.43138
v -0.0702177 0.0817654 0.0199319
vn 0.749781 -0.659004 0.0595173
v -0.0677283 0.0817654 0.0249698
vn 0.894921 0.0585586 -0.442366
v -0.0652377 0.0817654 0.0300087
vn 0.894987 0.0581516 -0.442286
v -0.0627483 0.0817654 0.0350466
vn 0.895021 0.0582552 -0.442203
v -0.0601809 0.0916286 0.0350413
vn -0.872988 0.227503 0.431433
v -0.0626609 0.111354 0.0200813
vn -1.22996e-05 0.0050189 -0.999987
v -0.060122 0.111354 0.0250645
vn 0.869237 -0.219765 -0.442866
v -0.0651799 0.101491 0.0200319
vn 0.000195445 0.00501952 -0.999987
v -0.057583 0.111354 0.0300476
vn 0.86927 -0.219758 -0.442806
v -0.0626409 0.101491 0.025015
vn 0.869232 -0.219759 -0.442879
v -0.0676988 0.0916286 0.0199813
vn 0.000206336 0.00501699 -0.999987
v -0.0626493 0.111354 0.0150982
vn 0.0174878 0.4509 -0.892403
v -0.0651556 0.101491 0.0100655
vn 0.0175388 0.450863 -0.892421
v -0.0651683 0.101491 0.0150487
vn -0.968893 0.24747 -0.0023534
v -0.067663 0.0916286 0.00503293
vn 0.0174247 0.450926 -0.892391
v -0.0676746 0.0916286 0.0100161
vn -0.968893 0.24747 -0.00235392
v -0.0701704 0.0817654 2.86336e-07
vn 0.23106 0.0173289 -0.972785
v -0.070182 0.0817654 0.00498345
vn 0.74883 -0.66276 0.0017403
v -0.0701935 0.0817654 0.00996659
vn 0.748828 -0.662763 0.0016031
v -0.0702062 0.0817654 0.0149487
vn 0.748826 -0.662764 0.00203507
v -0.0676872 0.0916286 0.0149992
vn -0.968893 0.24747 -0.00235417
v -0.0701883 0.111354 2.86336e-07
vn 0.0197793 8.44827e-05 -0.999804
v -0.0676756 0.111354 0.00503293
vn 0.894651 0.000572664 -0.446765
v -0.070182 0.101491 2.86336e-07
vn 0.0198517 1.08987e-05 -0.999803
v -0.065162 0.111354 0.0100655
vn 0.894639 0.000556532 -0.446789
v -0.0676693 0.101491 0.00503293
vn 0.894639 0.000556798 -0.44679
v -0.0701767 0.0916286 2.86336e-07
vn 0.0197014 1.30255e-05 -0.999806
v -0.0701998 0.111354 -0.00498288
vn 0.0174909 -0.450834 0.892437
v -0.0702062 0.101491 -0.00996605
vn 0.0175433 -0.450894 0.892405
v -0.0701946 0.101491 -0.00498288
vn -0.999997 -0.000604611 0.00239328
v -0.0702114 0.0916286 -0.0149492
vn 0.0174297 -0.450909 0.8924
v -0.0701998 0.0916286 -0.00996605
vn -0.999997 -0.000622635 0.00235919
v -0.0702177 0.0817654 -0.0199324
vn -0.806667 -0.590694 0.0192105
v -0.0702062 0.0817654 -0.0149492
vn 0.761778 -0.647836 -0.00182033
v -0.0701935 0.0817654 -0.00996605
vn 0.761591 -0.648055 -0.00182634
v -0.070182 0.0817654 -0.00498288
vn 0.761638 -0.647999 -0.00201322
v -0.0701883 0.0916286 -0.00498288
vn -0.999997 -0.00062237 0.00235813
v -0.0626609 0.111354 -0.0200808
vn -0.220872 0.0612907 0.973375
v -0.0651735 0.111354 -0.0150481
vn 0.872597 -0.220667 0.435752
v -0.0651799 0.101491 -0.0200313
vn -0.213 0.0611609 0.975136
v -0.0676872 0.111354 -0.0100155
vn 0.872589 -0.220649 0.435777
v -0.0676925 0.101491 -0.0149987
vn 0.872595 -0.220678 0.435751
v -0.0676988 0.0916286 -0.0199818
vn -0.228715 0.0614114 0.971555
v -0.0601714 0.111354 -0.0251187
vn -0.703344 -0.318261 0.635623
v -0.0601999 0.101491 -0.0301071
vn -0.7003 -0.320819 0.637696
v -0.0626904 0.101491 -0.0250692
vn -0.87429 0.221136 -0.432106
v -0.0602293 0.0916286 -0.0350966
vn 0.860052 -0.232317 0.454245
v -0.0627188 0.0916286 -0.0300587
vn -0.874294 0.221145 -0.432093
v -0.0602588 0.0817654 -0.040085
vn 0.63118 -0.25211 -0.733521
v -0.0627483 0.0817654 -0.0350471
vn 0.845022 -0.333694 0.417835
v -0.0652377 0.0817654 -0.0300092
vn 0.845112 -0.333841 0.417536
v -0.0677283 0.0817654 -0.0249702
vn 0.845205 -0.33358 0.417556
v -0.0652093 0.0916286 -0.0250197
vn -0.874303 0.221132 -0.432083
v -0.0525546 0.111354 -0.0400692
vn 0.940843 -0.244851 -0.234227
v -0.055123 0.101491 -0.0400745
vn 0.940828 -0.244802 -0.234338
v -0.0576904 0.0916286 -0.0400797
vn 0.964875 -0.251289 0.0766182
v -0.0475114 0.111354 -0.0451124
vn 0.695378 -0.181377 0.695378
v -0.0450356 0.101491 -0.0501608
vn 0.695497 -0.181364 0.695263
v -0.0500788 0.101491 -0.0451176
vn -0.695338 0.181413 -0.69541
v -0.0425599 0.0916286 -0.0552102
vn 0.69541 -0.1813 0.695367
v -0.047603 0.0916286 -0.050166
vn -0.695383 0.181437 -0.695358
v -0.0400841 0.0817654 -0.0602587
vn 0.114845 0.219806 -0.96876
v -0.0451283 0.0817654 -0.0552155
vn 0.613032 -0.498193 0.613185
v -0.0501714 0.0817654 -0.0501713
vn 0.613127 -0.498388 0.612931
v -0.0552146 0.0817654 -0.0451281
vn 0.612836 -0.49857 0.613075
v -0.0526472 0.0916286 -0.0451229
vn -0.695337 0.181413 -0.69541
v -0.0199325 0.0817654 -0.0702176
vn 0.0254674 -0.653917 0.756138
v -0.0249704 0.0817654 -0.0677281
vn -0.425207 0.281389 -0.860244
v -0.0300083 0.0817654 -0.0652376
vn -0.425215 0.281328 -0.86026
v -0.0350462 0.0817654 -0.0627481
vn -0.425065 0.28141 -0.860307
v -0.0200809 0.111354 -0.0626618
vn 0.620845 -0.191027 0.760302
v -0.0200314 0.101491 -0.0651797
vn 0.620813 -0.191026 0.76033
v -0.019982 0.0916286 -0.0676987
vn 0.62078 -0.191082 0.760342
v -0.0150977 0.111354 -0.0626502
vn 0.89243 0.450847 0.0174894
v -0.0100651 0.101491 -0.0651576
vn 0.892397 0.450909 0.0175603
v -0.0150483 0.101491 -0.0651681
vn 0.00218317 0.247404 -0.96891
v -0.00503249 0.0916286 -0.0676639
vn 0.892391 0.450927 0.0174234
v -0.0100157 0.0916286 -0.0676755
vn 0.00221772 0.247437 -0.968901
v 1.48574e-07 0.0817654 -0.0701713
vn 0.972835 0.0174194 0.230844
v -0.00498302 0.0817654 -0.0701829
vn -0.00173952 -0.662761 0.748829
v -0.00996619 0.0817654 -0.0701945
vn -0.00173673 -0.66276 0.74883
v -0.0149493 0.0817654 -0.070206
vn -0.0017431 -0.662767 0.748824
v -0.0149988 0.0916286 -0.0676871
vn 0.00225175 0.24747 -0.968893
v 1.48574e-07 0.111354 -0.0701892
vn 0.999804 1.01915e-05 0.0197739
v -0.00503249 0.111354 -0.0676766
vn 0.446763 0.000524765 0.894652
v 1.48574e-07 0.101491 -0.0701839
vn 0.999803 1.19588e-05 0.0198407
v -0.0100651 0.111354 -0.0651629
vn 0.446765 0.000525002 0.894651
v -0.00503249 0.101491 -0.0676702
vn 0.446789 0.00055751 0.894639
v 1.48574e-07 0.0916286 -0.0701776
vn 0.999806 1.37153e-05 0.0196986
v 0.00498332 0.111354 -0.0702008
vn -0.892412 -0.450882 0.0174866
v 0.00996645 0.101491 -0.070206
vn -0.892416 -0.450867 0.0176863
v 0.00498332 0.101491 -0.0701955
vn -0.00225374 -0.000569358 -0.999997
v 0.0149486 0.0916286 -0.0702124
vn -0.892421 -0.450857 0.0176754
v 0.00996645 0.0916286 -0.0702008
vn -0.00228914 -0.000604876 -0.999997
v 0.0199317 0.0817654 -0.0702176
vn -0.0197105 -0.590851 -0.80654
v 0.0149486 0.0817654 -0.070206
vn 0.00176925 -0.647853 0.761763
v 0.00996645 0.0817654 -0.0701945
vn 0.00177032 -0.647946 0.761684
v 0.00498332 0.0817654 -0.0701829
vn 0.00176978 -0.648039 0.761605
v 0.00498332 0.0916286 -0.0701892
vn -0.00232404 -0.000640395 -0.999997
v 0.0200812 0.111354 -0.0626618
vn -0.971929 0.0627755 -0.226746
v 0.0150486 0.111354 -0.0651745
vn -0.435777 -0.220649 0.872589
v 0.0200317 0.101491 -0.0651797
vn -0.973417 0.0629656 -0.220216
v 0.0100159 0.111354 -0.0676881
vn -0.43573 -0.22064 0.872615
v 0.0149991 0.101491 -0.0676934
vn -0.435778 -0.220638 0.872592
v 0.0199812 0.0916286 -0.0676987
vn -0.967009 0.0660755 -0.246024
v 0.0251191 0.111354 -0.0601713
vn -0.630852 -0.317031 -0.708178
v 0.0301075 0.101491 -0.0602008
vn -0.634695 -0.318328 -0.704152
v 0.0250696 0.101491 -0.0626902
vn 0.432071 0.221119 -0.874312
v 0.0350959 0.0916286 -0.0602292
vn -0.62915 -0.316763 -0.70981
v 0.030058 0.0916286 -0.0627197
vn 0.432097 0.221101 -0.874303
v 0.0400844 0.0817654 -0.0602587
vn 0.733909 -0.251317 0.631045
v 0.0350465 0.0817654 -0.0627481
vn -0.41742 -0.333905 0.845144
v 0.0300086 0.0817654 -0.0652376
vn -0.41759 -0.334034 0.845009
v 0.0249696 0.0817654 -0.0677281
vn -0.41771 -0.333807 0.845039
v 0.0250201 0.0916286 -0.0652092
vn 0.432037 0.221102 -0.874333
v 0.0400696 0.111354 -0.0525545
vn 0.99969 0.00684035 -0.0239446
v 0.0350865 0.111354 -0.0550934
vn -0.442174 -0.226183 0.867942
v 0.0400749 0.101491 -0.0551229
vn 0.999696 0.00666038 -0.0237342
v 0.0301023 0.111354 -0.0576324
vn -0.442174 -0.226183 0.867942
v 0.0350907 0.101491 -0.0576618
vn -0.442173 -0.226194 0.86794
v 0.0400791 0.0916286 -0.0576902
vn 0.999681 0.00687495 -0.0242928
v 0.0451128 0.111354 -0.0475113
vn 0.69542 0.181438 -0.695321
v 0.0501623 0.101491 -0.0450355
vn 0.695369 0.181443 -0.69537
v 0.045118 0.101491 -0.0500797
vn 0.695373 0.181423 -0.695372
v 0.0552107 0.0916286 -0.0425608
vn 0.695196 0.181308 -0.695579
v 0.0501665 0.0916286 -0.0476039
vn 0.69534 0.181396 -0.695412
v 0.0602591 0.0817654 -0.040085
vn 0.837054 0.073331 0.542184
v 0.0552159 0.0817654 -0.0451281
vn -0.65842 -0.364578 0.658457
v 0.0501717 0.0817654 -0.0501713
vn -0.668204 -0.327008 0.668258
v 0.0451285 0.0817654 -0.0552155
vn -0.613183 -0.498196 0.613032
v 0.0451233 0.0916286 -0.0526471
vn 0.695363 0.181401 -0.695388
v 0.0525549 0.111354 -0.0400692
vn 0.967739 0.251937 -0.00311733
v 0.0500738 0.111354 -0.0425502
vn -0.695467 -0.181462 0.695268
v 0.0551222 0.101491 -0.0400745
vn 0.967733 0.251954 -0.00352158
v 0.0475938 0.111354 -0.0450313
vn -0.695348 -0.181419 0.695397
v 0.0526422 0.101491 -0.0425555
vn -0.695466 -0.181472 0.695266
v 0.0576907 0.0916286 -0.0400797
vn 0.927238 0.241614 -0.286099
v 0.0575728 0.106422 -0.0325145
vn 0.908452 0.39217 -0.144629
v 0.070218 0.0817654 -0.0199324
vn -0.750698 -0.660593 -0.0082851
v 0.0677286 0.0817654 -0.0249702
vn 0.817887 0.409347 -0.404346
v 0.065238 0.0817654 -0.0300092
vn -0.355518 0.918076 0.175338
v 0.0627486 0.0817654 -0.0350471
vn 0.864284 0.265727 -0.427086
v 0.0626612 0.111354 -0.0200808
vn -0.198056 -0.0456677 0.979126
v 0.0651801 0.101491 -0.0200313
vn -8.09734e-05 0.00499534 0.999988
v 0.0676991 0.0916286 -0.0199818
vn -8.17842e-05 0.00499514 0.999988
v 0.0626496 0.111354 -0.0150976
vn 0.765625 0.435967 0.473023
v 0.0651559 0.101491 -0.010065
vn -0.0175163 0.450887 0.892409
v 0.0701886 0.0817654 -0.00747445
vn -0.792011 -0.610504 -0.00180211
v 0.0676633 0.0916286 -0.00503235
vn 0.610044 0.477681 0.632192
v 0.0676759 0.111354 -0.00503235
vn -0.894664 0.000541608 0.446739
v 0.0651622 0.111354 -0.010065
vn -0.894639 0.000557244 0.446789
v 0.0676696 0.101491 -0.00503235
vn -0.894647 0.000558561 0.446773
v 0.0725454 0.069117 0.00503503
vn -0.633794 0.180356 0.752181
v 0.0751549 0.069117 2.86336e-07
vn 0.696414 0.274439 0.663092
v 0.0749212 0.0564686 0.0100687
vn -0.95086 -0.0575292 0.30423
v 0.0835854 0.0311717 0.0125856
vn -0.288786 -0.945621 -0.149679
v 0.0801391 0.0564686 2.86336e-07
vn 0.600293 0.23655 0.763998
v 0.077297 0.0438202 0.0151024
vn -0.950891 -0.0575203 0.304134
v 0.0796717 0.0311717 0.0201371
vn 0.702917 0.349075 0.619721
v 0.0901075 0.0311717 2.86336e-07
vn 0.943706 -0.280321 -0.175613
v 0.069777 0.0311717 0.0499161
vn 0.0711591 -0.0328289 0.996925
v 0.0576738 0.069117 0.0475076
vn 0.682828 0.260946 0.682388
v 0.0550885 0.0564686 0.0549308
vn 0.68267 0.261001 0.682525
v 0.0525022 0.0438202 0.062354
vn 0.682629 0.261029 0.682555
v 0.049917 0.0311717 0.0697771
vn 0.0358161 -0.804224 -0.593246
v 0.0425422 0.069117 0.0626382
vn 0.187854 0.216733 0.957986
v 0.0450012 0.0564686 0.0650171
vn -0.968916 -0.212223 -0.127136
v 0.0474591 0.0438202 0.0673971
vn 0.187846 0.216762 0.957981
v 0.020137 0.0311717 0.0796708
vn -0.698135 0.121401 0.705599
v 1.48574e-07 0.0311717 0.0901066
vn 0.0785423 -0.88735 0.454358
v -0.00503353 0.069117 0.0725455
vn -0.661941 0.384285 0.643552
v -0.0100683 0.0564686 0.0749203
vn -0.3713 -0.0265474 -0.928134
v -0.00503353 0.0564686 0.0775297
vn -0.434323 0.330231 0.83804
v -0.015102 0.0438202 0.0772961
vn -0.828632 0.234335 -0.508386
v -0.0100683 0.0438202 0.0799045
vn -0.43431 0.330238 0.838044
v -0.0201367 0.0311717 0.0796708
vn -0.772434 0.0992095 0.627299
v -0.0100167 0.069117 0.0725571
vn -0.00234353 -0.183636 -0.982992
v -0.0349251 0.0564686 0.0699971
vn 0.690026 -0.414117 0.593608
v -0.027582 0.0311717 0.0771971
vn -0.305683 -0.246812 0.919588
v -0.0499167 0.0311717 0.0697771
vn -0.468885 -0.348341 -0.811668
v -0.0697767 0.0311717 0.0499161
vn -0.585986 -0.560489 0.585211
v -0.0648114 0.0311717 0.0548813
vn -0.684329 0.251931 0.684269
v -0.0598472 0.0311717 0.0598466
vn -0.684339 0.251953 0.684251
v -0.054882 0.0311717 0.0648119
vn -0.684297 0.251942 0.684298
v -0.0626377 0.069117 0.0425424
vn 0.464437 -0.252326 -0.848899
v -0.0650178 0.0564686 0.0450003
vn 0.464444 -0.252352 -0.848888
v -0.0673978 0.0438202 0.0474582
vn 0.464391 -0.252342 -0.84892
v -0.0651114 0.069117 0.0350982
vn -0.932754 0.360456 -0.00639517
v -0.0699651 0.0564686 0.0301108
vn -0.9328 0.36034 -0.00625779
v -0.0674914 0.0564686 0.0375561
vn -0.922824 0.233212 0.306607
v -0.0748177 0.0438202 0.0251245
vn -0.932763 0.360433 -0.00639615
v -0.0723441 0.0438202 0.0325687
vn -0.922837 0.233193 0.306583
v -0.0796714 0.0311717 0.0201371
vn -0.705396 0.12139 -0.698342
v -0.0771977 0.0311717 0.0275813
vn 0.784316 -0.562962 -0.260619
v -0.0747241 0.0311717 0.0350266
vn 0.618882 -0.758059 -0.205747
v -0.0722504 0.0311717 0.0424708
vn 0.618882 -0.758092 -0.205623
v -0.0698714 0.0438202 0.0400139
vn -0.922833 0.233191 0.306595
v -0.0725809 0.069117 0.0199834
vn 0.0292672 -0.00141965 0.999571
v -0.0700914 0.069117 0.0250213
vn 0.883936 -0.166931 -0.436797
v -0.0749441 0.0564686 0.020034
vn 0.0409547 -0.00360564 0.999154
v -0.067602 0.069117 0.0300592
vn 0.883922 -0.16694 -0.436822
v -0.0724546 0.0564686 0.0250729
vn 0.88394 -0.166944 -0.436784
v -0.0773083 0.0438202 0.0200855
vn 0.0415309 -0.00428869 0.999128
v -0.0751904 0.069117 0.0149487
vn -0.0184768 -0.36013 0.932719
v -0.080162 0.0564686 0.00996659
vn -0.0181109 -0.360299 0.932661
v -0.0775535 0.0564686 0.0150003
vn -0.8756 0.165442 0.45382
v -0.0851346 0.0438202 0.00498345
vn -0.0181069 -0.360343 0.932644
v -0.0825262 0.0438202 0.0100171
vn -0.875623 0.165459 0.453772
v -0.0901072 0.0311717 2.86336e-07
vn -0.91492 -0.400381 0.0511569
v -0.0874977 0.0311717 0.00503503
vn -0.888297 -0.0170958 0.45895
v -0.0848893 0.0311717 0.0100687
vn -0.887153 -0.0163581 0.461186
v -0.0822799 0.0311717 0.0151024
vn -0.888931 -0.0176562 0.457701
v -0.0799167 0.0438202 0.0150519
vn -0.8756 0.165443 0.45382
v -0.0751546 0.069117 2.86336e-07
vn -0.0194373 0.00765942 -0.999782
v -0.0751662 0.069117 0.00498345
vn 0.930369 -0.366619 0.00216173
v -0.0801388 0.0564686 2.86336e-07
vn -0.0194373 0.00765945 -0.999782
v -0.0751777 0.069117 0.00996659
vn 0.930368 -0.366619 0.00226057
v -0.0801504 0.0564686 0.00498345
vn 0.930369 -0.366619 0.00216222
v -0.085123 0.0438202 2.86336e-07
vn -0.0194373 0.00765942 -0.999782
v -0.0725451 0.069117 -0.00503339
vn -0.0180023 0.3726 -0.927817
v -0.0749209 0.0564686 -0.0100681
vn -0.0181357 0.372728 -0.927763
v -0.0775293 0.0564686 -0.00503339
vn -0.838044 0.330238 -0.434311
v -0.0772956 0.0438202 -0.0151018
vn -0.0180133 0.372602 -0.927816
v -0.0799051 0.0438202 -0.0100681
vn -0.838044 0.330238 -0.43431
v -0.0796714 0.0311717 -0.0201365
vn -0.432368 0.319463 -0.843209
v -0.0822799 0.0311717 -0.0151018
vn -0.180707 -0.979011 -0.0942448
v -0.0848893 0.0311717 -0.0100681
vn -0.180721 -0.979123 -0.0930533
v -0.0874977 0.0311717 -0.00503339
vn -0.180684 -0.979016 -0.0942421
v -0.0825135 0.0438202 -0.00503339
vn -0.838044 0.330238 -0.434311
v -0.0725809 0.069117 -0.0199829
vn -0.697523 0.133172 -0.704079
v -0.0725693 0.069117 -0.0149997
vn 0.982987 -0.18366 -0.00231906
v -0.0749441 0.0564686 -0.0200345
vn -0.697514 0.133231 -0.704076
v -0.0725577 0.069117 -0.0100166
vn 0.982985 -0.183673 -0.0023536
v -0.0749325 0.0564686 -0.0150513
vn 0.982987 -0.18366 -0.00231905
v -0.0773083 0.0438202 -0.020085
vn -0.697424 0.133173 -0.704177
v -0.0701072 0.069117 -0.0274281
vn -0.999897 -0.0126849 0.00670795
v -0.0699978 0.0564686 -0.034925
vn -0.999892 -0.0128597 0.00714787
v -0.0724704 0.0564686 -0.0274797
vn -0.934221 0.175823 -0.31035
v -0.0698872 0.0438202 -0.0424208
vn -0.999896 -0.0127673 0.00670168
v -0.0723609 0.0438202 -0.0349755
vn -0.934219 0.175797 -0.310371
v -0.0697767 0.0311717 -0.0499166
vn -0.0711109 -0.0329944 -0.996923
v -0.0722504 0.0311717 -0.0424713
vn -0.24903 -0.964955 -0.0827398
v -0.0747241 0.0311717 -0.035026
vn -0.249043 -0.964951 -0.0827481
v -0.0771977 0.0311717 -0.0275818
vn -0.249156 -0.964919 -0.082783
v -0.0748346 0.0438202 -0.0275303
vn -0.934205 0.175829 -0.310396
v -0.0626377 0.069117 -0.0425429
vn 0.028829 0.185395 -0.982241
v -0.0651283 0.069117 -0.037505
vn 0.868742 -0.246876 0.429348
v -0.0650178 0.0564686 -0.0450008
vn 0.028818 0.185502 -0.982221
v -0.0676177 0.069117 -0.0324671
vn 0.86876 -0.246873 0.429314
v -0.0675072 0.0564686 -0.0399629
vn 0.868742 -0.246876 0.429348
v -0.0673978 0.0438202 -0.0474587
vn 0.0288186 0.185397 -0.982241
v -0.0576735 0.069117 -0.0475081
vn 0.673844 -0.26663 0.689088
v -0.0550872 0.0564686 -0.0549313
vn 0.680941 -0.262124 0.68382
v -0.0600525 0.0564686 -0.049966
vn -0.682598 0.261063 -0.682573
v -0.052502 0.0438202 -0.0623545
vn 0.68268 -0.261047 0.682497
v -0.0574672 0.0438202 -0.0573892
vn -0.682582 0.261081 -0.682582
v -0.0499167 0.0311717 -0.0697776
vn -0.0153284 -0.40717 -0.913224
v -0.054882 0.0311717 -0.0648123
vn -0.61841 -0.482229 -0.620503
v -0.0598472 0.0311717 -0.0598471
vn -0.61912 -0.483191 -0.619045
v -0.0648114 0.0311717 -0.0548818
vn -0.618105 -0.485704 -0.618093
v -0.0624325 0.0438202 -0.0524239
vn -0.682598 0.261063 -0.682573
v -0.042542 0.069117 -0.0626387
vn 0.730765 -0.013563 -0.682494
v -0.0475862 0.069117 -0.0575945
vn 0.682598 -0.261063 0.682573
v -0.0450009 0.0564686 -0.0650176
vn 0.73053 -0.0135289 -0.682747
v -0.0526293 0.069117 -0.0525513
vn 0.682557 -0.261089 0.682604
v -0.0500441 0.0564686 -0.0599745
vn 0.682583 -0.261081 0.682581
v -0.0474588 0.0438202 -0.0673976
vn 0.730433 -0.0134509 -0.682852
v -0.0350967 0.069117 -0.0651113
vn 0.00666283 0.360478 -0.932744
v -0.0301104 0.0564686 -0.069965
vn 0.664851 0.481352 -0.571203
v -0.0375556 0.0564686 -0.0674913
vn -0.306587 0.233222 -0.922828
v -0.025123 0.0438202 -0.0748176
vn -0.186836 0.286836 -0.939584
v -0.0325683 0.0438202 -0.072345
vn -0.306555 0.233222 -0.922839
v -0.0201367 0.0311717 -0.0796713
vn 0.698193 0.121463 -0.70553
v -0.027582 0.0311717 -0.0771976
vn -0.0314646 -0.995007 -0.0947116
v -0.0350262 0.0311717 -0.074725
vn -0.0314646 -0.995007 -0.0947109
v -0.0424714 0.0311717 -0.0722513
vn -0.0314672 -0.995007 -0.0947193
v -0.0400135 0.0438202 -0.0698713
vn -0.306606 0.233225 -0.922821
v -0.019983 0.069117 -0.0725808
vn -0.999477 -0.00199962 0.0322693
v -0.0250209 0.069117 -0.0700913
vn 0.436807 -0.166935 0.88393
v -0.0200346 0.0564686 -0.0749439
vn -0.999764 -2.48982e-05 0.0217283
v -0.0300588 0.069117 -0.0676018
vn 0.436843 -0.166936 0.883912
v -0.0200851 0.0438202 -0.0773081
vn -0.999541 -0.00160607 0.0302589
v -0.0149493 0.069117 -0.0751902
vn -0.932638 -0.360366 -0.0179815
v -0.00996619 0.0564686 -0.0801618
vn -0.932654 -0.360324 -0.0179829
v -0.0149999 0.0564686 -0.0775534
vn -0.453799 0.165448 -0.87561
v -0.00498302 0.0438202 -0.0851345
vn -0.93262 -0.360412 -0.0179762
v -0.0100167 0.0438202 -0.082526
vn -0.453756 0.165456 -0.875631
v 1.48574e-07 0.0311717 -0.0901071
vn -0.0515222 -0.400502 -0.914846
v -0.00503353 0.0311717 -0.0874976
vn -0.457735 -0.0177267 -0.888912
v -0.0100683 0.0311717 -0.0848892
vn -0.454666 0.15497 -0.877076
v -0.015102 0.0311717 -0.0822797
vn 0.452954 -0.177222 0.873742
v 1.48574e-07 0.069117 -0.0751555
vn 0.999772 0.00782189 -0.0198476
v -0.00498302 0.069117 -0.0751671
vn -0.00212904 -0.366597 0.930377
v 1.48574e-07 0.0564686 -0.0801397
vn 0.999772 0.00787185 -0.019845
v -0.00996619 0.069117 -0.0751787
vn -0.00216225 -0.366586 0.930382
v -0.00498302 0.0564686 -0.0801503
vn -0.00209685 -0.366575 0.930386
v 1.48574e-07 0.0438202 -0.0851229
vn 0.999773 0.00776794 -0.0198503
v 0.00503489 0.069117 -0.072546
vn 0.92776 0.372724 -0.0183836
v 0.0100686 0.0564686 -0.0749218
vn 0.927826 0.372578 -0.0180121
v 0.00503489 0.0564686 -0.0775302
vn 0.434336 0.330223 -0.838036
v 0.0151022 0.0438202 -0.0772966
vn 0.9278 0.372643 -0.0180115
v 0.0100686 0.0438202 -0.079905
vn 0.434354 0.3302 -0.838036
v 0.020137 0.0311717 -0.0796713
vn 0.832485 0.525376 -0.175922
v 0.0151022 0.0311717 -0.0822797
vn 0.0929547 -0.97917 -0.180516
v 0.0100686 0.0311717 -0.0848892
vn 0.0941987 -0.979149 -0.179985
v 0.00503489 0.0311717 -0.0874976
vn 0.0929879 -0.979041 -0.181196
v 0.00503489 0.0438202 -0.0825145
vn 0.434316 0.330207 -0.838053
v 0.0199833 0.069117 -0.0725808
vn 0.704028 0.133219 -0.697565
v 0.0150001 0.069117 -0.0725692
vn 0.00225011 -0.183673 0.982985
v 0.0200338 0.0564686 -0.0749439
vn 0.703784 0.133207 -0.697814
v 0.010017 0.069117 -0.0725576
vn 0.00228466 -0.183686 0.982982
v 0.0150517 0.0564686 -0.0749334
vn 0.00221554 -0.1837 0.98298
v 0.0200854 0.0438202 -0.0773081
vn 0.70398 0.133228 -0.697612
v 0.0274286 0.069117 -0.0701071
vn -0.00656049 -0.0125403 -0.9999
v 0.0349244 0.0564686 -0.0699976
vn -0.00671031 -0.0126879 -0.999897
v 0.0274791 0.0564686 -0.0724713
vn 0.31035 0.175823 -0.934221
v 0.0424212 0.0438202 -0.0698881
vn -0.00713817 -0.0128835 -0.999892
v 0.0349759 0.0438202 -0.0723608
vn 0.310356 0.175831 -0.934218
v 0.049917 0.0311717 -0.0697776
vn 0.79347 0.262835 -0.54893
v 0.0424717 0.0311717 -0.0722513
vn -0.298118 -0.326319 0.897018
v 0.0350275 0.0311717 -0.074725
vn 0.0834469 -0.96477 -0.249511
v 0.0275823 0.0311717 -0.0771976
vn -0.298083 -0.326319 0.89703
v 0.0275307 0.0438202 -0.0748345
vn 0.31035 0.175836 -0.934219
v 0.0425422 0.069117 -0.0626387
vn 0.982237 0.185398 0.0289536
v 0.0375044 0.069117 -0.0651281
vn -0.429311 -0.24689 0.868756
v 0.0450012 0.0564686 -0.0650176
vn 0.982219 0.185425 0.029376
v 0.0324665 0.069117 -0.0676176
vn -0.429312 -0.24689 0.868756
v 0.0399622 0.0564686 -0.0675081
vn -0.429345 -0.24691 0.868734
v 0.0474591 0.0438202 -0.0673976
vn 0.982237 0.185395 0.0289739
v 0.0475075 0.069117 -0.0576734
vn -0.681286 -0.259908 0.684322
v 0.0549307 0.0564686 -0.0550871
vn -0.682526 -0.261002 0.682668
v 0.0499654 0.0564686 -0.0600523
vn 0.682618 0.261081 -0.682546
v 0.0623538 0.0438202 -0.0525018
vn -0.682463 -0.26098 0.682739
v 0.0573886 0.0438202 -0.0574671
vn 0.682613 0.261108 -0.682541
v 0.069777 0.0311717 -0.0499166
vn 0.883139 0.189667 -0.429059
v 0.0648117 0.0311717 -0.0548818
vn -0.677568 -0.286219 0.677481
v 0.0598475 0.0311717 -0.0598471
vn -0.677558 -0.286197 0.6775
v 0.0548823 0.0311717 -0.0648123
vn -0.677529 -0.286197 0.677529
v 0.0524243 0.0438202 -0.0624323
vn 0.682613 0.261108 -0.682541
v 0.065018 0.0564686 -0.0450008
vn -0.186149 -0.221049 0.957333
v 0.0525517 0.069117 -0.0526292
vn -0.682588 -0.26105 0.682588
v 0.0651128 0.069117 -0.0350976
vn 0.941562 0.320903 -0.102386
v 0.0722507 0.0311717 -0.0424713
vn 0.87644 -0.383441 -0.291248
v 0.0796717 0.0311717 -0.0201365
vn 0.83809 0.313944 0.446144
v 0.0725812 0.069117 -0.0199829
vn 0.868271 0.164101 -0.468163
v 0.0700917 0.069117 -0.0250218
vn -0.883941 -0.166932 0.436787
v 0.0749444 0.0564686 -0.0200345
vn -0.922401 -0.173688 0.344976
v 0.0773086 0.0438202 -0.020085
vn -0.922315 -0.173751 0.345174
v 0.0751907 0.069117 -0.0149492
vn 0.180208 -0.298389 -0.937278
v 0.0801622 0.0564686 -0.00996605
vn -0.682124 -0.484077 -0.548066
v 0.0861938 0.0311717 -0.00755131
vn -0.859641 -0.25023 0.445423
v 0.100223 -0.0183746 0.0299108
vn 0.999807 -0.0162676 -0.0109949
v 0.0996854 -0.0183746 2.86336e-07
vn 0.685524 0.1671 0.708614
v 0.0800812 -0.0183746 0.0597845
vn -0.585519 0.2123 0.782366
v 0.0597844 -0.0183746 0.0800813
vn 0.0257995 0.331907 0.942959
v 0.0648591 -0.0183746 0.0750066
vn 0.699063 0.150516 0.69904
v 0.0699328 -0.0183746 0.0699329
vn 0.70583 0.0600875 0.705828
v 0.0523843 0.0187854 0.0723529
vn -0.737701 -0.275117 -0.616529
v 0.0548507 0.00639805 0.0749287
vn -0.787081 -0.271908 -0.553687
v 0.057318 -0.00598827 0.0775056
vn -0.787117 -0.271931 -0.553624
v 0.0399138 0.00639805 0.0850003
vn -0.152861 -0.471844 -0.86833
v 0.0473822 0.00639805 0.0799645
vn 0.537816 0.272987 0.797642
v 0.0299107 -0.0183746 0.100222
vn -0.972156 -0.234307 0.00351108
v 0.0423812 -0.00598827 0.0875761
vn 0.537796 0.272995 0.797652
v 0.0373791 -0.0183746 0.0951876
vn -0.113051 -0.979338 -0.167679
v 0.0448475 -0.0183746 0.0901519
vn -0.113036 -0.979356 -0.167584
v 0.0523159 -0.0183746 0.0851161
vn -0.113693 -0.979288 -0.167537
v 0.0498496 -0.00598827 0.0825403
vn 0.5378 0.272994 0.79765
v 1.48574e-07 -0.0183746 0.0996855
vn -0.708532 0.167064 0.685618
v -0.0224325 -0.00598827 0.097694
vn 0.488393 -0.11832 0.864565
v -0.0299104 -0.0183746 0.100222
vn -0.868782 -0.491402 -0.0611648
v -0.0225798 0.0187854 0.0848087
vn -0.672873 0.392787 0.626865
v -0.0300483 0.0187854 0.0797729
vn -0.780755 0.624796 0.00718609
v -0.0399599 0.00639805 0.0798761
vn -0.780746 0.624815 0.00645067
v -0.0498725 -0.00598827 0.0799782
vn -0.125612 0.0923146 -0.987775
v -0.0597841 -0.0183746 0.0800813
vn -0.808223 0.373298 0.455439
v -0.0523156 -0.0183746 0.0851161
vn -0.506864 0.421876 0.751738
v -0.0448472 -0.0183746 0.0901519
vn -0.506148 0.424662 0.750651
v -0.0373788 -0.0183746 0.0951876
vn -0.471466 0.537676 0.699017
v -0.0542335 0.00949492 0.0742856
vn -0.901177 0.0913433 -0.423716
v -0.0574578 0.0187854 0.0672792
vn -0.67943 0.276564 0.679623
v -0.0649988 0.00639805 0.0647813
vn -0.679444 0.276533 0.679621
v -0.0725398 -0.00598827 0.0622824
vn -0.67952 0.276662 0.679493
v -0.0800809 -0.0183746 0.0597845
vn -0.937205 0.348689 -0.00793004
v -0.0750062 -0.0183746 0.0648592
vn 0.532568 -0.657787 -0.532623
v -0.0699325 -0.0183746 0.0699329
vn 0.609645 -0.506543 -0.60971
v -0.0648577 -0.0183746 0.0750066
vn 0.609655 -0.506597 -0.609656
v -0.0723525 0.0187854 0.0523835
vn -0.912902 0.253523 0.3199
v -0.0673883 0.0187854 0.0573487
vn 0.679553 -0.276671 -0.679457
v -0.0749283 0.00639805 0.0548508
vn -0.912865 0.253589 0.319954
v -0.062423 0.0187854 0.062314
vn 0.679508 -0.276653 -0.679508
v -0.0699641 0.00639805 0.0598161
vn 0.679536 -0.276636 -0.679487
v -0.0775051 -0.00598827 0.0573171
vn -0.858023 0.265994 0.439366
v -0.0849999 0.00639805 0.0399129
vn -0.00862809 -0.369827 0.929061
v -0.100223 -0.0183746 0.0299108
vn -0.0319101 -0.999267 -0.0211592
v -0.0951872 -0.0183746 0.0373792
vn -0.821666 0.133848 0.554031
v -0.0901514 -0.0183746 0.0448476
vn -0.821725 0.133811 0.553952
v -0.0851167 -0.0183746 0.0523161
vn -0.807115 0.229068 0.544144
v -0.0848093 0.0187854 0.0225803
vn 0.751053 -0.413121 -0.515024
v -0.0899472 0.00639805 0.0250234
vn 0.538966 -0.372581 -0.755446
v -0.0950851 -0.00598827 0.0274676
vn 0.538803 -0.372562 -0.755572
v -0.0846746 0.0187854 0.0151024
vn -0.577378 0.496572 -0.648113
v -0.0896788 0.00639805 0.0100687
vn -0.577433 0.496606 -0.648039
v -0.0898125 0.00639805 0.0175466
vn -0.924725 0.380272 -0.0166193
v -0.094682 -0.00598827 0.00503503
vn -0.577299 0.496661 -0.648115
v -0.0948156 -0.00598827 0.0125119
vn -0.924722 0.380282 -0.0165759
v -0.0996851 -0.0183746 2.86336e-07
vn -0.685692 0.167074 -0.708458
v -0.0998199 -0.0183746 0.00747819
vn 0.819103 0.573356 0.0182798
v -0.0999535 -0.0183746 0.0149561
vn 0.819585 0.572768 0.0147317
v -0.100088 -0.0183746 0.0224329
vn 0.817076 0.576424 0.0111001
v -0.0949504 -0.00598827 0.0199898
vn -0.924717 0.38029 -0.0166625
v -0.092502 0.0187854 2.86336e-07
vn -0.696095 0.134545 -0.70523
v -0.0898925 0.0187854 0.00503503
vn 0.875071 -0.169164 -0.45347
v -0.0948957 0.00639805 2.86336e-07
vn -0.696227 0.134591 -0.705091
v -0.0872841 0.0187854 0.0100687
vn 0.875038 -0.16917 -0.453531
v -0.0922872 0.00639805 0.00503503
vn 0.875093 -0.169181 -0.453421
v -0.0972904 -0.00598827 2.86336e-07
vn -0.696307 0.134623 -0.705006
v -0.0926356 0.0187854 -0.00747762
vn -0.63461 -0.300373 0.712072
v -0.0951651 0.00639805 -0.0149555
vn -0.634408 -0.300378 0.71225
v -0.0950304 0.00639805 -0.00747762
vn -0.981669 0.189771 0.0176642
v -0.0976935 -0.00598827 -0.0224324
vn -0.634348 -0.300508 0.712249
v -0.0975599 -0.00598827 -0.0149555
vn -0.981671 0.189766 0.0176431
v -0.100223 -0.0183746 -0.0299102
vn -0.892752 -0.0143963 -0.450318
v -0.100088 -0.0183746 -0.0224324
vn 0.0511235 -0.998692 -0.00114853
v -0.0999535 -0.0183746 -0.0149555
vn 0.0511164 -0.998692 -0.000918671
v -0.0998199 -0.0183746 -0.00747762
vn 0.0511235 -0.998692 -0.000689145
v -0.0974251 -0.00598827 -0.00747762
vn -0.981668 0.189779 0.0176645
v -0.0848093 0.0187854 -0.0225797
vn -0.649886 0.397346 -0.647892
v -0.0874177 0.0187854 -0.017546
vn 0.806896 -0.417183 0.418184
v -0.0899472 0.00639805 -0.0250229
vn -0.684247 0.403657 -0.607344
v -0.0900272 0.0187854 -0.0125113
vn 0.8069 -0.417188 0.41817
v -0.0925557 0.00639805 -0.0199892
vn 0.806896 -0.417183 0.418183
v -0.0950851 -0.00598827 -0.0274671
vn -0.701697 0.406493 -0.585136
v -0.0797735 0.0187854 -0.0300481
vn -0.00712143 0.62482 -0.780736
v -0.0798756 0.00639805 -0.0399608
vn -0.279003 0.601407 -0.748643
v -0.0849114 0.00639805 -0.0324924
vn -0.75492 0.413542 -0.508997
v -0.0799788 -0.00598827 -0.0498723
vn -0.41904 0.569427 -0.707219
v -0.0875314 -0.00598827 -0.0386702
vn -0.754926 0.41355 -0.508983
v -0.0800809 -0.0183746 -0.059785
vn -0.00914495 0.302348 -0.953154
v -0.0851167 -0.0183746 -0.0523166
vn -0.727034 0.480874 -0.490083
v -0.0901514 -0.0183746 -0.0448471
vn 0.766755 -0.380662 0.516899
v -0.0951872 -0.0183746 -0.0373787
vn -0.727164 0.480522 -0.490236
v -0.0723525 0.0187854 -0.0523839
vn 0.673793 0.00703158 -0.738887
v -0.0748262 0.0187854 -0.0449387
vn 0.918422 -0.251761 0.305152
v -0.0749283 0.00639805 -0.0548502
vn 0.673668 0.00705323 -0.739001
v -0.0772999 0.0187854 -0.0374934
vn 0.918422 -0.251761 0.305153
v -0.077402 0.00639805 -0.047406
vn 0.918411 -0.251795 0.305156
v -0.0775051 -0.00598827 -0.0573176
vn 0.673688 0.00705044 -0.738983
v -0.0672788 0.0187854 -0.0574576
vn -0.679596 0.276302 -0.679563
v -0.0647809 0.00639805 -0.0649987
vn -0.67818 0.277783 -0.680374
v -0.0698546 0.00639805 -0.059925
vn -0.679549 0.276627 -0.679478
v -0.062282 -0.00598827 -0.0725397
vn -0.676967 0.278289 -0.681375
v -0.0673567 -0.00598827 -0.067466
vn -0.679511 0.276638 -0.679511
v -0.0597841 -0.0183746 -0.0800808
vn 0.00320657 0.516278 -0.856415
v -0.0648577 -0.0183746 -0.0750071
vn 0.0540944 -0.997069 0.0541035
v -0.0699325 -0.0183746 -0.0699324
vn 0.0541023 -0.997069 0.0540985
v -0.0750062 -0.0183746 -0.0648587
vn 0.0540985 -0.997069 0.0541059
v -0.0724304 -0.00598827 -0.0623913
vn -0.679521 0.276647 -0.679498
v -0.0523841 0.0187854 -0.0723534
vn -0.0275898 0.208751 -0.97758
v -0.0573483 0.0187854 -0.0673881
vn 0.679539 -0.276618 0.679492
v -0.0548504 0.00639805 -0.0749292
vn -0.0274853 0.208782 -0.977576
v -0.0623135 0.0187854 -0.0624229
vn 0.679524 -0.276636 0.6795
v -0.0598157 0.00639805 -0.0699639
vn 0.679514 -0.276627 0.679514
v -0.0573167 -0.00598827 -0.077505
vn -0.0275492 0.208777 -0.977575
v -0.0449157 0.0187854 -0.0773892
vn -0.929002 -0.369977 -0.0084738
v -0.0399135 0.00639805 -0.0850008
vn -0.92902 -0.369936 -0.00832136
v -0.047382 0.00639805 -0.079965
vn -0.537829 0.272974 -0.797637
v -0.0349125 -0.00598827 -0.0926123
vn -0.928992 -0.370005 -0.00839459
v -0.0423809 -0.00598827 -0.0875766
vn -0.537827 0.272985 -0.797635
v -0.0299104 -0.0183746 -0.100224
vn 0.998455 -0.0526831 -0.0176437
v -0.0373788 -0.0183746 -0.0951881
vn 0.522933 -0.353451 0.775637
v -0.0448472 -0.0183746 -0.0901523
vn 0.524995 -0.343902 0.778532
v -0.0523156 -0.0183746 -0.0851166
vn 0.526122 -0.33813 0.780297
v -0.0498493 -0.00598827 -0.0825408
vn -0.537846 0.272978 -0.797625
v -0.0225798 0.0187854 -0.0848092
vn 0.981969 -0.188648 -0.0122247
v -0.0300251 0.0187854 -0.0823366
vn 0.286849 -0.414794 0.863518
v -0.025023 0.00639805 -0.0899481
vn 0.981958 -0.18872 -0.0119373
v -0.0374704 0.0187854 -0.0798629
vn 0.286901 -0.414772 0.863511
v -0.0324683 0.00639805 -0.0874745
vn 0.286901 -0.414772 0.863511
v -0.0274672 -0.00598827 -0.095086
vn 0.981968 -0.188648 -0.0122823
v -0.015102 0.0187854 -0.0846744
vn 0.648138 0.496608 -0.577319
v -0.0100683 0.00639805 -0.0896787
vn 0.648182 0.496628 -0.577253
v -0.0175462 0.00639805 -0.0898134
vn 0.0166623 0.380309 -0.924709
v -0.00503353 -0.00598827 -0.0946818
vn 0.648084 0.496612 -0.577376
v -0.0125114 -0.00598827 -0.0948166
vn 0.0166617 0.38029 -0.924717
v 1.48574e-07 -0.0183746 -0.099685
vn 0.70846 0.167057 -0.685695
v -0.00747776 -0.0183746 -0.0998197
vn -0.0147934 0.570699 0.821026
v -0.0149557 -0.0183746 -0.0999545
vn -0.0147938 0.570717 0.821013
v -0.0224325 -0.0183746 -0.100089
vn -0.0148255 0.573497 0.819074
v -0.0199893 -0.00598827 -0.0949513
vn 0.0166625 0.38029 -0.924717
v 1.48574e-07 0.0187854 -0.0925018
vn 0.70498 0.134534 -0.69635
v -0.00503353 0.0187854 -0.0898923
vn 0.45347 -0.169164 0.875071
v 1.48574e-07 0.00639805 -0.0948955
vn 0.704936 0.13462 -0.696378
v -0.0100683 0.0187854 -0.0872839
vn 0.453492 -0.169174 0.875057
v -0.00503353 0.00639805 -0.0922871
vn 0.453421 -0.169181 0.875093
v 1.48574e-07 -0.00598827 -0.0972902
vn 0.704851 0.134652 -0.696458
v 0.00747805 0.0187854 -0.0926366
vn -0.712284 -0.300526 -0.634299
v 0.0149559 0.00639805 -0.095166
vn -0.712379 -0.300538 -0.634188
v 0.00747805 0.00639805 -0.0950302
vn -0.0177333 0.189731 -0.981676
v 0.0224328 -0.00598827 -0.0976945
vn -0.712329 -0.30052 -0.634252
v 0.0149559 -0.00598827 -0.0975597
vn -0.0177121 0.189766 -0.98167
v 0.0299107 -0.0183746 -0.100224
vn 0.44383 0.0375416 -0.895324
v 0.0224328 -0.0183746 -0.100089
vn 0.000921366 -0.998692 0.0511306
v 0.0149559 -0.0183746 -0.0999545
vn 0.000921319 -0.998691 0.0511372
v 0.00747805 -0.0183746 -0.0998197
vn 0.000921274 -0.998692 0.0511303
v 0.00747805 -0.00598827 -0.097425
vn -0.0176875 0.189793 -0.981665
v 0.0225801 0.0187854 -0.0848092
vn 0.535947 0.411514 -0.737169
v 0.0175465 0.0187854 -0.0874187
vn -0.418178 -0.417212 0.806884
v 0.0250233 0.00639805 -0.0899481
vn 0.585058 0.40654 -0.701735
v 0.0125117 0.0187854 -0.0900271
vn -0.418177 -0.417211 0.806885
v 0.0199896 0.00639805 -0.0925566
vn -0.418158 -0.417192 0.806904
v 0.0274675 -0.00598827 -0.095086
vn 0.548864 0.410352 -0.728258
v 0.0597844 -0.0183746 -0.0800808
vn 0.970852 0.219411 0.0964586
v 0.0424044 -0.00598827 -0.0850145
vn 0.50902 0.413574 -0.754888
v 0.0349359 -0.00598827 -0.0900502
vn 0.509012 0.413557 -0.754902
v 0.0449391 0.0187854 -0.0748271
vn -0.305095 -0.251728 0.91845
v 0.0374938 0.0187854 -0.0772997
vn -0.305072 -0.251718 0.91846
v 0.0800812 -0.0183746 -0.059785
vn 0.956094 0.293061 -0.00039813
v 0.0869033 0.00330228 -0.0386629
vn 0.422432 -0.103983 -0.90041
v 0.100223 -0.0183746 -0.0299102
vn -0.670881 -0.322739 0.667651
v 0.0848096 0.0187854 -0.0225797
vn -0.493703 -0.360889 0.791212
v 0.0899475 0.00639805 -0.0250229
vn 0.908645 0.325224 0.261904
v 0.0950854 -0.00598827 -0.0274671
vn 0.90864 0.325235 0.261909
v 0.120003 -0.068443 0.0302445
vn 0.629319 0.706134 0.324551
v 0.119926 -0.068443 0.0226834
vn 0.980148 -0.198013 -0.00999581
v 0.119695 -0.068443 2.86336e-07
vn 0.966228 0.257356 -0.0130556
v 0.107641 -0.0371504 0.0300361
vn -0.863765 -0.338737 0.373052
v 0.115058 -0.0559261 0.0301613
vn -0.75082 -0.292671 0.592125
v 0.105093 -0.0434093 0.0399508
vn 0.839955 0.334689 0.427152
v 0.099997 -0.0559261 0.0597792
vn -0.561983 -0.51283 -0.648984
v 0.0999212 -0.068443 0.069735
vn 0.677135 0.142431 0.721943
v 0.104941 -0.068443 0.0598624
vn 0.836638 -0.345 0.425455
v 0.109962 -0.068443 0.0499898
vn 0.637947 -0.698407 0.324424
v 0.110038 -0.0559261 0.040034
vn 0.839968 0.334672 0.42714
v 0.0742612 -0.0465377 0.0823613
vn 0.651778 0.38778 0.651777
v 0.0697349 -0.068443 0.0999203
vn 0.0739062 0.975981 0.204938
v 0.0772812 -0.068443 0.092374
vn 0.447244 -0.774562 0.447243
v 0.0848275 -0.068443 0.0848276
vn 0.447225 -0.774572 0.447245
v 0.0647602 -0.0434093 0.0900003
vn 0.282317 0.401368 0.871321
v 0.0673465 -0.0308914 0.0799666
vn -0.651755 -0.387798 -0.651789
v 0.0523991 -0.0308914 0.0900613
vn 0.239787 0.514804 0.823091
v 0.0450149 -0.0434093 0.100042
vn 0.280262 0.491909 0.824305
v 0.0302444 -0.068443 0.120003
vn 0.207348 0.248858 0.946085
v 0.040117 -0.068443 0.114982
vn 0.320418 -0.707335 0.630086
v 0.0499896 -0.068443 0.109962
vn 0.320424 -0.707322 0.630099
v 0.0598623 -0.068443 0.104941
vn 0.320449 -0.707324 0.630083
v 0.0374623 -0.0308914 0.100133
vn -0.530653 -0.3145 -0.787082
v 0.030078 -0.0434093 0.110113
vn -0.306654 0.347967 0.885936
v 0.0449307 -0.0308914 0.0950971
vn -0.530695 -0.314492 -0.787056
v 0.0375465 -0.0434093 0.105078
vn -0.530662 -0.31449 -0.787079
v 0.0301612 -0.0559261 0.115058
vn -0.21332 0.357766 0.909119
v 1.48574e-07 -0.068443 0.119694
vn 0.0158613 0.185004 0.98261
v -0.0302441 -0.068443 0.120003
vn -0.289318 -0.256999 0.922088
v -0.0300357 -0.0371504 0.10764
vn -0.990157 0.0570971 0.127785
v -0.0398662 -0.0308914 0.100147
vn 0.00599333 -0.0107362 0.999924
v -0.049822 -0.0434093 0.100072
vn 0.579892 -0.45718 -0.674323
v -0.059862 -0.068443 0.104941
vn -0.414515 -0.404748 0.815081
v -0.0697346 -0.068443 0.0999203
vn -0.650839 0.433655 0.623179
v -0.0635156 -0.0371504 0.0875213
vn -0.947945 0.260795 0.18272
v -0.0999209 -0.068443 0.069735
vn -0.853094 -0.0729259 0.516635
v -0.0900609 -0.0308914 0.0523992
vn -0.821024 0.440123 0.363608
v -0.100042 -0.0434093 0.045015
vn -0.821027 0.440106 0.363621
v -0.110022 -0.0559261 0.0376298
vn -0.821024 0.440124 0.363608
v -0.120003 -0.068443 0.0302445
vn -0.935281 -0.0327111 0.352391
v -0.105168 -0.0308914 0.029994
vn -0.0181552 0.000484229 -0.999835
v -0.100132 -0.0308914 0.0374624
vn 0.787067 -0.314485 -0.530684
v -0.110112 -0.0434093 0.0300782
vn -0.0180717 0.000458675 -0.999837
v -0.0950967 -0.0308914 0.0449308
vn 0.787067 -0.314485 -0.530683
v -0.105078 -0.0434093 0.0375466
vn 0.787078 -0.314479 -0.530671
v -0.115058 -0.0559261 0.0301613
vn -0.018119 0.000555901 -0.999836
v -0.10509 -0.0308914 0.0224329
vn -0.830051 -0.0131791 0.557532
v -0.109959 -0.0434093 0.0149561
vn -0.824317 -0.0145301 0.565942
v -0.110036 -0.0434093 0.0225171
vn -0.930033 0.367354 -0.00947347
v -0.114826 -0.0559261 0.00747819
vn -0.82704 -0.0162065 0.561909
v -0.114904 -0.0559261 0.0150392
vn -0.930032 0.367356 -0.009495
v -0.119695 -0.068443 2.86336e-07
vn -0.136061 0.9907 0.000297654
v -0.119771 -0.068443 0.00756132
vn -0.493812 -0.869554 -0.00504183
v -0.119848 -0.068443 0.0151224
vn -0.493794 -0.869565 -0.00504113
v -0.119926 -0.068443 0.0226834
vn -0.493812 -0.869554 -0.00504132
v -0.114981 -0.0559261 0.0226003
vn -0.930028 0.367368 -0.00947341
v -0.104687 -0.0308914 2.86336e-07
vn -0.361272 0.144002 0.921274
v -0.104822 -0.0308914 0.00747819
vn 0.928467 -0.37104 0.0167075
v -0.109689 -0.0434093 2.86336e-07
vn -0.360108 0.144296 0.921684
v -0.104957 -0.0308914 0.0149561
vn 0.928462 -0.371051 0.0166869
v -0.109824 -0.0434093 0.00747819
vn 0.928466 -0.371041 0.0167075
v -0.114692 -0.0559261 2.86336e-07
vn -0.363012 0.145056 0.920424
v -0.104765 -0.0308914 -0.00756078
vn -0.68589 0.560042 -0.464658
v -0.109844 -0.0434093 -0.0151218
vn -0.68044 0.560346 -0.472243
v -0.109767 -0.0434093 -0.00756078
vn -0.928559 0.371064 0.00950147
v -0.114923 -0.0559261 -0.0226829
vn -0.678624 0.562421 -0.472389
v -0.114846 -0.0559261 -0.0151218
vn -0.928549 0.371089 0.00945803
v -0.120003 -0.068443 -0.0302439
vn -0.889882 -0.0172429 -0.455865
v -0.119926 -0.068443 -0.0226829
vn -0.757664 -0.652599 0.00771871
v -0.119848 -0.068443 -0.0151218
vn -0.892452 -0.451051 0.00911116
v -0.119771 -0.068443 -0.00756078
vn -0.892435 -0.451085 0.00906981
v -0.114769 -0.0559261 -0.00756078
vn -0.928549 0.371089 0.00945867
v -0.105168 -0.0308914 -0.0299934
vn -0.415374 0.170036 -0.893617
v -0.105034 -0.0308914 -0.0225166
vn 0.929961 -0.367276 -0.0167356
v -0.110112 -0.0434093 -0.0300776
vn -0.415255 0.170025 -0.893675
v -0.104899 -0.0308914 -0.0150387
vn 0.929957 -0.367289 -0.0166908
v -0.109979 -0.0434093 -0.0225997
vn 0.929966 -0.367266 -0.0167127
v -0.115058 -0.0559261 -0.0301608
vn -0.415195 0.169964 -0.893714
v -0.100147 -0.0308914 -0.0398671
vn -0.999922 -0.0109274 0.0060665
v -0.100071 -0.0434093 -0.0498229
vn -0.999923 -0.0108751 0.00604831
v -0.105092 -0.0434093 -0.0399502
vn -0.83996 0.334677 -0.427152
v -0.0999967 -0.0559261 -0.0597787
vn -0.999917 -0.0111387 0.00642367
v -0.105017 -0.0559261 -0.049906
vn -0.839956 0.334689 -0.42715
v -0.0999209 -0.068443 -0.0697355
vn -0.161789 -0.97917 -0.122683
v -0.104941 -0.068443 -0.0598629
vn -0.474631 -0.84645 -0.241347
v -0.109962 -0.068443 -0.0499892
vn -0.474632 -0.846444 -0.241365
v -0.114982 -0.068443 -0.0401166
vn -0.474619 -0.846456 -0.241349
v -0.110038 -0.0559261 -0.0400334
vn -0.839969 0.334677 -0.427134
v -0.0850409 -0.0308914 -0.0622724
vn -0.0304238 0.20635 -0.978005
v -0.0900767 -0.0308914 -0.0548039
vn 0.759041 -0.402466 0.511739
v -0.0900009 -0.0434093 -0.0647597
vn -0.0302565 0.206486 -0.977982
v -0.0951114 -0.0308914 -0.0473355
vn 0.759031 -0.402478 0.511745
v -0.0950367 -0.0434093 -0.0572913
vn 0.759041 -0.402466 0.511739
v -0.0949609 -0.0559261 -0.0672481
vn -0.0300788 0.206299 -0.978027
v -0.0774946 -0.0308914 -0.0698187
vn -0.651903 0.387664 -0.65172
v -0.0749072 -0.0434093 -0.0798524
vn -0.651604 0.387894 -0.651882
v -0.0824546 -0.0434093 -0.072306
vn -0.651748 0.387802 -0.651793
v -0.0723209 -0.0559261 -0.0898871
vn 0.655222 -0.384711 0.65014
v -0.0798672 -0.0559261 -0.0823408
vn -0.651748 0.387813 -0.651787
v -0.0697346 -0.068443 -0.0999208
vn -0.180655 -0.94376 -0.276914
v -0.0848272 -0.068443 -0.0848281
vn -0.351209 -0.867921 -0.351234
v -0.0923746 -0.068443 -0.0772818
vn -0.391699 -0.832544 -0.391717
v -0.0874146 -0.0559261 -0.0747945
vn -0.651743 0.387816 -0.651789
v -0.0622714 -0.0308914 -0.0850408
vn -0.33332 0.403815 -0.851957
v -0.0673462 -0.0308914 -0.0799671
vn 0.651759 -0.3878 0.651783
v -0.0647588 -0.0434093 -0.0900008
vn -0.333314 0.403837 -0.851949
v -0.0724199 -0.0308914 -0.0748924
vn 0.651786 -0.387788 0.651763
v -0.0698335 -0.0434093 -0.0849271
vn 0.651786 -0.387789 0.651763
v -0.0672472 -0.0559261 -0.0949608
vn -0.333288 0.403849 -0.851954
v -0.0302441 -0.068443 -0.120003
vn -0.0199976 -0.0401516 -0.998993
v -0.037462 -0.0308914 -0.100133
vn 0.530701 -0.314458 0.787066
v -0.0224325 -0.0308914 -0.105092
vn 0.00513527 0.365097 -0.930955
v -0.0149557 -0.0434093 -0.10996
vn 0.00522297 0.365121 -0.930946
v -0.00747776 -0.0559261 -0.114827
vn 0.00517562 0.365148 -0.930935
v 1.48574e-07 -0.068443 -0.119695
vn 0.00243066 -0.855374 -0.518005
v 1.48574e-07 -0.0308914 -0.104688
vn -0.92075 0.143684 -0.362733
v -0.00747776 -0.0308914 -0.104823
vn -0.0167291 -0.371063 0.928457
v 1.48574e-07 -0.0434093 -0.10969
vn -0.921273 0.144638 -0.361021
v -0.0149557 -0.0308914 -0.104958
vn -0.0167299 -0.371063 0.928457
v -0.00747776 -0.0434093 -0.109825
vn -0.0167287 -0.371029 0.928471
v 1.48574e-07 -0.0559261 -0.114692
vn -0.920818 0.145518 -0.361828
v 0.00756119 -0.0308914 -0.104765
vn 0.472813 0.559451 -0.680781
v 0.0151223 -0.0434093 -0.109844
vn 0.473483 0.561928 -0.678271
v 0.00756119 -0.0434093 -0.109767
vn -0.0094363 0.371065 -0.928559
v 0.0226833 -0.0559261 -0.114923
vn 0.476383 0.5621 -0.676094
v 0.0151223 -0.0559261 -0.114846
vn -0.00943643 0.371112 -0.92854
v 0.0302444 -0.068443 -0.120003
vn 0.455818 -0.0290268 -0.889599
v 0.0226833 -0.068443 -0.119926
vn -0.00996133 -0.197977 -0.980156
v 0.0151223 -0.068443 -0.119849
vn -0.00996132 -0.197975 -0.980156
v 0.00756119 -0.068443 -0.119772
vn -0.00996133 -0.197977 -0.980156
v 0.00756119 -0.0559261 -0.114769
vn -0.00943675 0.371111 -0.92854
v 0.0299938 -0.0308914 -0.105169
vn 0.893667 0.170021 -0.415274
v 0.022517 -0.0308914 -0.105034
vn 0.0167575 -0.367254 0.92997
v 0.030078 -0.0434093 -0.110113
vn 0.893714 0.169986 -0.415186
v 0.0150391 -0.0308914 -0.1049
vn 0.0167563 -0.367254 0.92997
v 0.0226001 -0.0434093 -0.109979
vn 0.0167783 -0.367232 0.929978
v 0.0301612 -0.0559261 -0.115059
vn 0.893778 0.169908 -0.415081
v 0.0398665 -0.0308914 -0.100148
vn -0.572779 -0.451445 0.684194
v 0.0498233 -0.0434093 -0.100072
vn -0.572784 -0.451469 0.684174
v 0.0399507 -0.0434093 -0.105093
vn 0.427161 0.334655 -0.839964
v 0.0597791 -0.0559261 -0.0999966
vn -0.572817 -0.451472 0.684144
v 0.0499065 -0.0559261 -0.105017
vn 0.427162 0.334652 -0.839965
v 0.0697349 -0.068443 -0.0999208
vn 0.630375 0.491145 -0.601168
v 0.0598623 -0.068443 -0.104941
vn 0.287251 -0.773569 -0.56487
v 0.0499896 -0.068443 -0.109962
vn 0.344772 -0.649239 -0.677954
v 0.040117 -0.068443 -0.114982
vn 0.344759 -0.649272 -0.677928
v 0.0400338 -0.0559261 -0.110038
vn 0.427162 0.334652 -0.839965
v 0.0999212 -0.068443 -0.0697355
vn 0.440026 0.856937 -0.268395
v 0.120003 -0.068443 -0.0302439
vn 0.977189 -0.212049 0.01172
v 0.114826 -0.0559261 -0.00747762
vn 0.82463 -0.0167084 -0.565426
v 0.119926 -0.068443 -0.0226829
vn 0.352468 -0.935817 0.00358434
v 0.150273 -0.0687177 0.0498582
vn 0.0208872 0.999763 0.0062176
v 0.139691 -0.0685809 2.86336e-07
vn 0.00687856 0.999974 0.00228495
v 0.159688 -0.0687177 2.86336e-07
vn 0.0178115 -0.999838 -0.00241344
v 0.14969 -0.0686493 2.86336e-07
vn 0.00682558 0.999973 0.00265188
v 0.125017 -0.0685809 0.0601824
vn 0.00691291 0.99997 0.00341369
v 0.13003 -0.0687177 0.0901203
vn 0.0137059 -0.99985 0.0105791
v 0.107449 -0.0685114 0.0748318
vn 0.00457346 0.999967 0.00677517
v 0.114975 -0.0685809 0.0799276
vn 0.00281576 0.999953 0.00930929
v 0.0901201 -0.0687177 0.130029
vn 0.0145102 -0.999749 0.0170901
v 0.0498591 -0.0687177 0.150273
vn 0.0107187 0.999614 0.0256432
v 0.0170128 -0.068563 0.137366
vn 0.00555099 0.999922 0.0111532
v 1.48574e-07 -0.0687177 0.159688
vn 0.00128572 0.999994 -0.00320981
v 0.0124654 -0.0687177 0.157334
vn 0.00381304 -0.999789 0.0201932
v -0.0498588 -0.0687177 0.150273
vn -0.00619935 0.999763 0.0208908
v -0.0373946 -0.0687177 0.152627
vn -0.0554448 -0.954311 0.293628
v -0.0249293 -0.0687177 0.15498
vn -0.00569854 -0.999525 0.0302779
v -0.0124641 -0.0686493 0.147336
vn -0.00129717 0.999976 0.00686957
v -0.0351472 -0.0685114 0.127571
vn -0.00802493 0.99996 0.00391137
v -0.0400514 -0.0685809 0.135138
vn -0.00688034 0.999966 0.00462368
v -0.0449556 -0.0686493 0.142706
vn -0.00596694 0.999969 0.00519139
v -0.0324904 -0.0685809 0.135061
vn -5.76221e-05 -0.999959 -0.0090784
v -0.0901199 -0.0687177 0.130029
vn -0.017271 -0.999634 0.0208228
v -0.130028 -0.0687177 0.0901203
vn -0.0170925 -0.999749 0.0145122
v -0.150272 -0.0687177 0.0498582
vn -0.0198629 0.999772 0.00787105
v -0.131355 -0.0685461 0.0375992
vn -0.0271926 0.999239 -0.0279501
v -0.142705 -0.0686493 0.044955
vn -0.0270773 0.999247 -0.0277982
v -0.159688 -0.0687177 2.86336e-07
vn -0.0376483 0.999285 0.00349762
v -0.136895 -0.0685977 -0.028045
vn -0.00516073 0.999984 -0.00234008
v -0.150272 -0.0687177 -0.0498587
vn -0.227328 0.972905 -0.0421633
v -0.12757 -0.0685114 -0.0351471
vn -0.00532424 0.999969 -0.00585403
v -0.135138 -0.0685809 -0.0400513
vn -0.00612227 0.999971 -0.00457679
v -0.130028 -0.0687177 -0.0901208
vn 0.00231416 -0.999991 0.00353882
v -0.0901199 -0.0687177 -0.130029
vn 0.000829922 -1 1.65419e-05
v -0.0597967 -0.0685809 -0.125097
vn 0.000265554 0.999986 -0.00535005
v -0.0498588 -0.0687177 -0.150272
vn -0.00157317 0.999961 -0.00863696
v -0.0599241 -0.0687177 -0.145211
vn -0.00836756 -0.999826 -0.0166429
v -0.0699893 -0.0687177 -0.140151
vn -0.00836832 -0.999826 -0.0166438
v 1.48574e-07 -0.0687177 -0.159688
vn -0.00351242 0.999283 -0.037686
v 0.0124654 -0.0685114 -0.12734
vn 0.00154858 0.999978 -0.00647385
v 0.0373938 -0.0686493 -0.142628
vn 0.00190738 0.999981 -0.00587656
v 0.0498591 -0.0687177 -0.150272
vn 0.00176505 -0.999906 -0.0136278
v 0.0351486 -0.0685114 -0.12757
vn 0.00525239 0.99997 -0.00572005
v 0.0275875 -0.0685114 -0.127493
vn 7.52822e-05 -0.999958 0.00914269
v 0.0400517 -0.0685809 -0.135138
vn 0.00628911 0.999968 -0.00503624
v 0.0200265 -0.0685114 -0.127417
vn 9.29052e-05 -0.999958 0.00914153
v 0.0449559 -0.0686493 -0.142705
vn 0.00415644 0.999971 -0.00636134
v 0.0676664 -0.0686146 -0.126269
vn 0.00137544 0.999902 -0.0139418
v 0.0901201 -0.0687177 -0.130029
vn 0.0227537 0.999472 -0.0231836
v 0.0800549 -0.0687177 -0.13509
vn 0.441369 -0.186269 -0.87778
v 0.0699896 -0.0687177 -0.140151
vn 0.441833 -0.18021 -0.87881
v 0.0599244 -0.0687177 -0.145211
vn 0.0117007 0.99966 -0.0233149
v 0.0748317 -0.0685114 -0.107448
vn 0.0106598 0.999941 -0.00199427
v 0.0799275 -0.0685809 -0.114974
vn 0.00672975 0.999967 -0.00460404
v 0.0850244 -0.0686493 -0.122502
vn 0.00665133 0.999967 -0.00458597
v 0.13003 -0.0687177 -0.0901208
vn 0.0154858 0.999799 -0.0127215
v 0.150273 -0.0687177 -0.0498587
vn 0.0564129 0.998198 -0.0204331
v 0.129924 -0.0685114 -0.0226829
vn 0.0083837 0.999963 -0.00188129
v 0.139845 -0.0685809 -0.0151218
vn 0.00836053 0.999963 -0.00185088
v 0.149766 -0.0686493 -0.00756078
vn 0.00899802 0.999956 -0.00278069
v 0.16731 -0.0686493 0.0149529
vn -0.00840399 0.999965 -0.000291983
v 0.200062 -0.068443 2.86336e-07
vn -0.931376 0.330835 0.151941
v 0.174931 -0.0685809 0.0299045
vn -0.00846692 0.999964 -0.000295858
v 0.182552 -0.0685114 0.0448571
vn -0.00827263 0.999966 -0.000394618
v 0.190174 -0.068443 0.0598087
vn -0.817248 0.530525 -0.225051
v 0.160168 -0.068443 0.110231
vn -0.561172 -0.758214 -0.33196
v 0.110231 -0.068443 0.160168
vn -0.358196 -0.875599 -0.324072
v 0.0598086 -0.068443 0.190174
vn -0.245987 0.198535 -0.948722
v 0.0724138 -0.068443 0.182672
vn -0.44159 0.504331 -0.742057
v 0.0850201 -0.068443 0.175171
vn -0.441563 0.504348 -0.742062
v 0.0976254 -0.068443 0.16767
vn -0.481036 0.339502 -0.808296
v 1.48574e-07 -0.068443 0.200062
vn -0.151921 0.330833 -0.931381
v -0.0598083 -0.068443 0.190174
vn 0.218793 0.352143 -0.910014
v -0.0649514 -0.0686493 0.152747
vn 0.00388001 0.999984 -0.00409301
v -0.11023 -0.068443 0.160168
vn 0.325873 -0.768293 -0.550938
v -0.160167 -0.068443 0.110231
vn 0.495694 -0.612911 -0.615327
v -0.190175 -0.068443 0.0598087
vn 0.74035 0.504039 -0.444777
v -0.182673 -0.068443 0.072414
vn 0.613507 0.700222 -0.3651
v -0.175171 -0.068443 0.0850203
vn 0.613491 0.700237 -0.365098
v -0.167669 -0.068443 0.0976255
vn 0.613488 0.700228 -0.365121
v -0.160248 -0.0686493 0.0523456
vn -0.00294722 -0.999881 0.0151556
v -0.170224 -0.0685809 0.054834
vn -0.0058731 -0.999974 0.00416647
v -0.180199 -0.0685114 0.0573213
vn -0.00588227 -0.999974 0.00413052
v -0.16272 -0.0686493 0.0373939
vn 0.00456003 0.999989 0.00110077
v -0.175167 -0.0685809 0.0249297
vn -0.00888305 -0.999955 0.00333906
v -0.192646 -0.068443 0.0448571
vn 0.95325 0.257838 -0.157587
v -0.187615 -0.0685114 0.0124645
vn -0.00924045 -0.99995 0.00369599
v -0.200062 -0.068443 2.86336e-07
vn 0.683687 0.729774 0.00130328
v -0.190175 -0.068443 -0.0598092
vn 0.910023 0.35212 0.218793
v -0.160167 -0.068443 -0.11023
vn 0.676806 0.615284 0.404178
v -0.11023 -0.068443 -0.160167
vn 0.558324 0.392111 0.731111
v -0.122715 -0.068443 -0.147683
vn 0.544372 0.638215 0.544372
v -0.135199 -0.068443 -0.135199
vn 0.544372 0.638215 0.544372
v -0.147683 -0.068443 -0.122714
vn 0.544372 0.638215 0.544372
v -0.0598083 -0.068443 -0.190174
vn 0.480321 0.358175 0.800626
v 1.48574e-07 -0.068443 -0.200062
vn 0.151937 0.33085 0.931372
v 0.0598086 -0.068443 -0.190174
vn -0.218794 0.352108 0.910027
v 0.0649517 -0.0686493 -0.152746
vn -0.00359653 0.999977 0.00571505
v 0.0800444 -0.0685809 -0.15522
vn -0.00361368 0.999977 0.00576454
v 0.110231 -0.068443 -0.160167
vn -0.508967 0.0906131 0.856004
v 0.0951475 -0.0686493 -0.137564
vn -0.00611136 0.999969 0.00500306
v 0.0850822 -0.0686493 -0.142625
vn 0.00341887 -0.999971 -0.00679981
v 0.100175 -0.0685809 -0.145098
vn -0.00604028 0.999969 0.0051004
v 0.075017 -0.0686493 -0.147685
vn 0.00341872 -0.999971 -0.00679975
v 0.0901096 -0.0685809 -0.150159
vn 0.00343401 -0.999971 -0.00682965
v 0.160168 -0.068443 -0.11023
vn -0.497823 0.325218 0.803993
v 0.190174 -0.068443 -0.0598092
vn -0.883248 0.341553 0.321271
v 0.210126 -0.148437 0.0601487
vn 0.88065 0.228168 0.415205
v 0.219899 -0.148437 2.86336e-07
vn 0.319818 0.0772921 0.944321
v 0.198903 -0.10344 0.0599571
vn 0.286072 0.0754354 0.955234
v 0.187612 -0.0884409 0.077314
vn -0.693253 -0.422351 -0.583969
v 0.18505 -0.10844 0.0948192
vn -0.693272 -0.422339 -0.583955
v 0.182489 -0.128438 0.112323
vn -0.0307087 -0.656085 -0.754062
v 0.179926 -0.148437 0.129829
vn -0.108703 0.128587 0.985723
v 0.187477 -0.148437 0.112409
vn -0.837995 -0.407241 -0.363207
v 0.195026 -0.148437 0.0949887
vn -0.869213 -0.320229 -0.376725
v 0.202577 -0.148437 0.0775687
vn -0.86922 -0.320206 -0.376729
v 0.129829 -0.148437 0.179927
vn -0.661856 0.220049 0.716606
v 0.142353 -0.148437 0.167402
vn 0.656847 0.370238 0.656869
v 0.154878 -0.148437 0.154878
vn 0.661854 0.351992 0.661854
v 0.167402 -0.148437 0.142353
vn 0.649068 0.39681 0.64904
v 0.11513 -0.0884409 0.165108
vn -0.80635 -0.320359 -0.497162
v 0.12003 -0.10844 0.170048
vn -0.806343 -0.32036 -0.497173
v 0.12493 -0.128438 0.174987
vn -0.806357 -0.320345 -0.497159
v 0.0977096 -0.0884409 0.172657
vn -0.711696 0.00688448 -0.702454
v 0.0851896 -0.10844 0.185148
vn -0.312207 0.636117 0.705607
v 0.10261 -0.10844 0.177597
vn 0.378289 0.30829 0.872843
v 0.0726696 -0.128438 0.197637
vn 0.00875805 0.525742 0.850599
v 0.0900896 -0.128438 0.190087
vn 0.378304 0.308275 0.872842
v 0.0601486 -0.148437 0.210127
vn -0.154467 -0.473646 -0.867064
v 0.0862791 -0.148437 0.198801
vn -0.385634 -0.244047 -0.889791
v 0.112409 -0.148437 0.187477
vn 0.364328 0.400927 0.840549
v 0.10751 -0.128438 0.182537
vn 0.378291 0.308282 0.872845
v 0.0600001 -0.11344 0.201397
vn -0.81077 0.138406 0.568767
v 1.48574e-07 -0.148437 0.219898
vn -0.944303 0.0773159 0.319865
v -0.0601483 -0.148437 0.210127
vn -0.891165 0.0970045 0.443188
v -0.129828 -0.148437 0.179927
vn -0.788948 0.254129 0.559446
v -0.112408 -0.148437 0.187477
vn -0.00694176 -0.999848 0.0160166
v -0.179926 -0.148437 0.129829
vn -0.757625 0.276249 0.591346
v -0.172657 -0.0884409 0.0977097
vn -0.879748 0.343899 0.328295
v -0.185147 -0.10844 0.0851898
vn -0.879742 0.343897 0.328312
v -0.197636 -0.128438 0.0726698
vn -0.879746 0.343882 0.328318
v -0.210126 -0.148437 0.0601487
vn 0.855206 -0.269741 -0.442564
v -0.195162 -0.0884409 0.0598939
vn -0.964848 0.240183 -0.106677
v -0.187661 -0.0884409 0.0724992
vn 0.839879 -0.211599 -0.49983
v -0.20015 -0.10844 0.0599792
vn -0.937627 0.232763 -0.258218
v -0.180159 -0.0884409 0.0851045
vn 0.839872 -0.211582 -0.499848
v -0.192648 -0.10844 0.0725845
vn 0.839875 -0.211602 -0.499834
v -0.205138 -0.128438 0.0600634
vn -0.937625 0.232756 -0.258233
v -0.197605 -0.0884409 0.0448571
vn -0.958254 0.24082 0.154126
v -0.205036 -0.10844 0.0299045
vn -0.958146 0.243682 0.150249
v -0.216233 -0.148437 0.0225561
vn -0.00662919 -0.999977 0.00109054
v -0.212467 -0.128438 0.0149529
vn 0.95841 -0.234545 -0.1626
v -0.219898 -0.148437 2.86336e-07
vn -0.321281 -0.041709 -0.946065
v -0.205021 -0.0884409 2.86336e-07
vn 0.874263 -0.21679 -0.434357
v -0.20998 -0.10844 2.86336e-07
vn 0.87427 -0.216788 -0.434345
v -0.214939 -0.128438 2.86336e-07
vn 0.90074 -0.223363 -0.372526
v -0.202578 -0.0884409 -0.0150366
vn 0.957337 -0.240691 0.159921
v -0.205094 -0.10844 -0.0300734
vn 0.957339 -0.240687 0.159914
v -0.207537 -0.10844 -0.0150366
vn -0.958759 0.23774 -0.15576
v -0.20761 -0.128438 -0.0451113
vn 0.957336 -0.240693 0.159919
v -0.210053 -0.128438 -0.0300734
vn -0.958759 0.237741 -0.155758
v -0.210126 -0.148437 -0.0601481
vn -0.437141 0.0986554 -0.893966
v -0.212569 -0.148437 -0.0451113
vn -0.0377238 -0.99927 -0.00595588
v -0.215012 -0.148437 -0.0300734
vn -0.0356892 -0.999345 -0.00596805
v -0.217455 -0.148437 -0.0150366
vn -0.0367023 -0.999308 -0.00595885
v -0.212496 -0.128438 -0.0150366
vn -0.958759 0.237741 -0.155761
v -0.179926 -0.148437 -0.129828
vn -0.910016 -0.0252957 -0.413801
v -0.187476 -0.148437 -0.112408
vn -0.8993 0.198351 -0.389765
v -0.195026 -0.148437 -0.0949881
vn -0.899299 0.198353 -0.389766
v -0.202576 -0.148437 -0.0775681
vn -0.899299 0.198354 -0.389765
v -0.165107 -0.0884409 -0.115129
vn 0.89901 -0.300195 0.318848
v -0.170047 -0.10844 -0.120029
vn 0.899026 -0.300155 0.31884
v -0.174986 -0.128438 -0.124928
vn 0.899007 -0.300174 0.318877
v -0.152582 -0.0884409 -0.127654
vn -0.667934 0.327264 -0.668403
v -0.144998 -0.10844 -0.145078
vn -0.662755 0.336822 -0.66881
v -0.157522 -0.10844 -0.132553
vn -0.667833 0.328593 -0.667852
v -0.137412 -0.128438 -0.162502
vn -0.660867 0.333408 -0.672379
v -0.149938 -0.128438 -0.149978
vn -0.66784 0.328582 -0.66785
v -0.129828 -0.148437 -0.179926
vn 0.680265 0.212202 -0.701576
v -0.142352 -0.148437 -0.167402
vn -0.00706686 0.999949 -0.00724952
v -0.154877 -0.148437 -0.154877
vn -0.00679059 0.999952 -0.00702557
v -0.167402 -0.148437 -0.142352
vn -0.00725218 0.999951 -0.00678589
v -0.162462 -0.128438 -0.137453
vn -0.667847 0.328572 -0.667848
v -0.115129 -0.0884409 -0.165107
vn 0.958419 -0.262466 0.112006
v -0.127614 -0.0884409 -0.152623
vn 0.667851 -0.328577 0.667842
v -0.120029 -0.10844 -0.170047
vn 0.958423 -0.262459 0.111982
v -0.140098 -0.0884409 -0.140139
vn 0.667848 -0.328571 0.667847
v -0.132514 -0.10844 -0.157562
vn 0.667858 -0.328567 0.667839
v -0.124928 -0.128438 -0.174986
vn -0.00578253 0.241133 -0.970475
v -0.0977093 -0.0884409 -0.172657
vn 0.0929616 0.568634 -0.817321
v -0.0601483 -0.148437 -0.210126
vn 0.752474 -0.126406 0.646378
v -0.0775683 -0.148437 -0.202576
vn -0.348332 0.482441 -0.803689
v -0.0949883 -0.148437 -0.195026
vn -0.375712 0.327672 -0.866875
v -0.112408 -0.148437 -0.187476
vn -0.376244 0.32383 -0.868087
v 1.48574e-07 -0.148437 -0.219899
vn 0.311423 -0.228195 0.922466
v -0.0150367 -0.148437 -0.217456
vn -0.158 0.171427 -0.972445
v -0.0300735 -0.148437 -0.215012
vn -0.157994 0.171433 -0.972445
v -0.0451114 -0.148437 -0.212569
vn -0.157997 0.171432 -0.972444
v 0.0601486 -0.148437 -0.210126
vn 0.895009 0.0716835 -0.440251
v 0.0451117 -0.148437 -0.212569
vn 0.156257 0.225163 -0.96171
v 0.0300749 -0.148437 -0.215012
vn 0.156251 0.225161 -0.961711
v 0.015037 -0.148437 -0.217456
vn 0.156251 0.225157 -0.961712
v 0.129829 -0.148437 -0.179926
vn 0.939684 0.15661 -0.304084
v 0.179926 -0.148437 -0.129828
vn 0.701536 0.212174 0.680315
v 0.210126 -0.148437 -0.0601481
vn 0.974735 0.161133 -0.154689
v 0.200151 -0.10844 -0.0599787
vn 0.430928 0.103687 0.896409
v 0.23024 -0.228365 0.069715
vn 0.784305 0.436178 0.441152
v 0.249736 -0.228365 2.86336e-07
vn 0.930119 0.105709 0.351717
v 0.220183 -0.188401 0.0649319
vn 0.420379 0.211395 0.882379
v 0.199824 -0.228365 0.139698
vn 0.360799 0.213705 0.907829
v 0.16987 -0.168419 0.147328
vn 0.683794 0.254662 0.683793
v 0.159813 -0.188401 0.164827
vn 0.683798 0.254669 0.683787
v 0.149756 -0.208383 0.182326
vn 0.683803 0.254659 0.683785
v 0.139699 -0.228365 0.199824
vn 0.604992 0.100659 0.789843
v 0.132296 -0.168419 0.184901
vn 0.0087254 0.242537 0.970103
v 0.144821 -0.168419 0.172377
vn -0.683793 -0.254664 -0.683793
v 0.134764 -0.188401 0.189875
vn 0.0700115 0.249122 0.965938
v 0.147289 -0.188401 0.177351
vn -0.683795 -0.254656 -0.683795
v 0.137232 -0.208383 0.19485
vn -0.700574 0.0897373 0.707915
v 0.1148 -0.168419 0.192506
vn -0.3824 -0.26886 -0.884016
v 0.092257 -0.198391 0.211373
vn 0.5781 0.0772866 0.812298
v 0.0697149 -0.228365 0.23024
vn -0.643878 -0.203011 -0.737704
v 0.0872107 -0.228365 0.222636
vn 0.363448 -0.410595 0.836252
v 0.104706 -0.228365 0.215033
vn 0.137984 -0.938193 0.317419
v 0.102239 -0.208383 0.210058
vn 0.384062 0.267429 0.883729
v 0.122203 -0.228365 0.207429
vn 0.137938 -0.938232 0.317322
v 0.119736 -0.208383 0.202454
vn 0.384079 0.267439 0.883719
v 0.0625401 -0.168419 0.215155
vn 0.177914 0.260117 0.949045
v 0.0649317 -0.188401 0.220183
vn 0.156731 0.258614 0.953181
v 0.0673233 -0.208383 0.225212
vn -0.835642 -0.225981 -0.500635
v 1.48574e-07 -0.228365 0.249736
vn -0.412198 0.0850623 0.907115
v 0.0498949 -0.208383 0.230086
vn 0.259706 0.264781 0.928678
v -0.0697146 -0.228365 0.23024
vn -0.637978 0.389909 0.664045
v -0.139698 -0.228365 0.199824
vn -0.784207 0.243509 0.570722
v -0.199824 -0.228365 0.139698
vn -0.837125 0.239154 0.491963
v -0.230241 -0.228365 0.069715
vn -0.942875 0.305927 -0.131889
v -0.220028 -0.168419 0.0451119
vn -0.910294 0.165609 0.379392
v -0.229931 -0.188401 0.030075
vn -0.910295 0.165597 0.379395
v -0.239833 -0.208383 0.0150371
vn -0.872552 0.0683917 0.48371
v -0.249736 -0.228365 2.86336e-07
vn -0.952094 0.302351 0.0458452
v -0.227357 -0.168419 2.86336e-07
vn -0.308587 0.115198 -0.944195
v -0.234817 -0.188401 2.86336e-07
vn -0.308588 0.115198 -0.944194
v -0.242276 -0.208383 2.86336e-07
vn 0.708853 -0.264617 -0.653839
v -0.222484 -0.168419 -0.0174281
vn -0.571176 0.580273 -0.580552
v -0.225069 -0.188401 -0.0348566
vn -0.571132 0.580292 -0.580576
v -0.229943 -0.188401 -0.0174281
vn -0.906265 0.338316 -0.253428
v -0.227655 -0.208383 -0.052286
vn -0.571234 0.580266 -0.580502
v -0.232529 -0.208383 -0.0348566
vn -0.906267 0.338316 -0.253421
v -0.230241 -0.228365 -0.0697144
vn -0.66406 0.38991 -0.637961
v -0.235115 -0.228365 -0.052286
vn -0.939589 0.219415 -0.262736
v -0.239988 -0.228365 -0.0348566
vn -0.93959 0.219401 -0.262742
v -0.244862 -0.228365 -0.0174281
vn -0.939592 0.219388 -0.262747
v -0.237402 -0.208383 -0.0174281
vn -0.906265 0.338316 -0.253428
v -0.215155 -0.168419 -0.0625397
vn -0.420383 0.211402 -0.882376
v -0.217598 -0.168419 -0.0475029
vn 0.95351 -0.258501 0.154905
v -0.220184 -0.188401 -0.0649313
vn -0.420378 0.2114 -0.882379
v -0.220041 -0.168419 -0.032465
vn 0.953511 -0.258499 0.154904
v -0.222626 -0.188401 -0.0498944
vn 0.953511 -0.258499 0.154904
v -0.225212 -0.208383 -0.0673229
vn -0.420381 0.211402 -0.882377
v -0.207551 -0.168419 -0.0800355
vn -0.734866 0.428683 -0.52555
v -0.204975 -0.188401 -0.0999229
vn -0.73661 0.427026 -0.524457
v -0.212579 -0.188401 -0.0824271
vn -0.883496 0.268299 -0.383994
v -0.2024 -0.208383 -0.119811
vn -0.738371 0.425385 -0.523313
v -0.210004 -0.208383 -0.102314
vn -0.883501 0.268298 -0.383983
v -0.199824 -0.228365 -0.139699
vn -0.540948 0.220031 -0.811765
v -0.207428 -0.228365 -0.122203
vn -0.879317 0.28417 -0.382163
v -0.215032 -0.228365 -0.104706
vn -0.879317 0.284163 -0.382169
v -0.222637 -0.228365 -0.0872102
vn -0.879315 0.284157 -0.382178
v -0.217608 -0.208383 -0.0848187
vn -0.883496 0.268298 -0.383993
v -0.184901 -0.168419 -0.132295
vn 0.303863 0.0418876 -0.951794
v -0.192451 -0.168419 -0.114876
vn 0.884116 -0.267412 0.383183
v -0.189875 -0.188401 -0.134763
vn 0.303902 0.0418631 -0.951783
v -0.200001 -0.168419 -0.0974555
vn 0.884116 -0.267412 0.383183
v -0.197425 -0.188401 -0.117343
vn 0.884113 -0.267423 0.383182
v -0.19485 -0.208383 -0.137231
vn -0.317313 0.193658 -0.928337
v -0.169869 -0.168419 -0.147327
vn -0.683922 0.254592 -0.683691
v -0.159812 -0.188401 -0.164826
vn -0.683827 0.254611 -0.683779
v -0.174844 -0.188401 -0.149794
vn -0.683802 0.254654 -0.683788
v -0.149755 -0.208383 -0.182325
vn -0.683766 0.254647 -0.683826
v -0.162245 -0.228365 -0.177277
vn -0.686845 0.237634 -0.686858
v -0.139698 -0.228365 -0.199824
vn -0.34728 0.0982995 -0.932595
v -0.179818 -0.208383 -0.152262
vn -0.683786 0.254672 -0.683798
v -0.132296 -0.168419 -0.184901
vn 0.982239 -0.149515 0.113365
v -0.14482 -0.168419 -0.172377
vn 0.683809 -0.254656 0.68378
v -0.134763 -0.188401 -0.189875
vn 0.982245 -0.149485 0.113357
v -0.157344 -0.168419 -0.159851
vn 0.683781 -0.254677 0.6838
v -0.147287 -0.188401 -0.17735
vn 0.683795 -0.254664 0.683792
v -0.13723 -0.208383 -0.19485
vn -0.00869341 0.242571 -0.970095
v -0.1148 -0.168419 -0.192505
vn -0.580366 0.0740301 -0.810984
v -0.0697146 -0.228365 -0.230241
vn 0.149298 0.310198 -0.938876
v -0.0872104 -0.228365 -0.222637
vn -0.390911 0.195585 -0.899408
v -0.104706 -0.228365 -0.215032
vn -0.390911 0.195584 -0.899409
v -0.122202 -0.228365 -0.207428
vn -0.389725 0.209941 -0.896682
v -0.0625399 -0.168419 -0.215155
vn 0.463529 -0.268023 0.844574
v -0.0649314 -0.188401 -0.220183
vn 0.487983 -0.267498 0.830854
v -0.067323 -0.208383 -0.225212
vn 0.487982 -0.267496 0.830855
v -0.0451114 -0.168419 -0.220028
vn -0.700464 -0.185592 -0.689134
v -0.0300735 -0.188401 -0.229931
vn -0.700371 -0.185521 -0.689247
v -0.047503 -0.188401 -0.225057
vn -0.259688 0.264792 -0.92868
v -0.0150367 -0.208383 -0.239833
vn -0.70041 -0.185524 -0.689207
v -0.0324651 -0.208383 -0.234959
vn -0.259688 0.264792 -0.92868
v 1.48574e-07 -0.228365 -0.249736
vn 0.351695 0.105725 -0.930125
v -0.0174283 -0.228365 -0.244862
vn -0.248964 0.381285 -0.890302
v -0.0348567 -0.228365 -0.239988
vn -0.248944 0.381285 -0.890308
v -0.0522862 -0.228365 -0.235114
vn -0.248966 0.3813 -0.890296
v -0.0498946 -0.208383 -0.230086
vn -0.259688 0.264792 -0.92868
v 1.48574e-07 -0.168419 -0.227358
vn 0.944185 0.115204 -0.308614
v -0.0150367 -0.168419 -0.224915
vn 0.150487 -0.345739 0.926185
v 1.48574e-07 -0.188401 -0.234817
vn 0.944184 0.115205 -0.308616
v -0.0300735 -0.168419 -0.222472
vn 0.150479 -0.34574 0.926186
v -0.0150367 -0.188401 -0.232374
vn 0.150486 -0.34574 0.926184
v 1.48574e-07 -0.208383 -0.242276
vn 0.944185 0.115204 -0.308614
v 0.0174286 -0.168419 -0.222484
vn 0.580587 0.580279 -0.571135
v 0.034857 -0.188401 -0.22507
vn 0.580588 0.580297 -0.571116
v 0.0174286 -0.188401 -0.229943
vn 0.253429 0.338305 -0.906269
v 0.0522865 -0.208383 -0.227655
vn 0.580492 0.580253 -0.571258
v 0.034857 -0.208383 -0.232529
vn 0.253424 0.338306 -0.90627
v 0.0697149 -0.228365 -0.230241
vn 0.565928 0.484742 -0.666896
v 0.0522865 -0.228365 -0.235114
vn 0.268847 -0.0577002 -0.961453
v 0.034857 -0.228365 -0.239988
vn 0.268867 -0.0578075 -0.961441
v 0.0174286 -0.228365 -0.244862
vn -0.216564 -0.594524 0.774365
v 0.0174286 -0.208383 -0.237403
vn 0.253429 0.338305 -0.906269
v 0.0625401 -0.168419 -0.215155
vn 0.609615 -0.124066 0.782929
v 0.0475033 -0.168419 -0.217598
vn -0.154924 -0.258501 0.953507
v 0.0649317 -0.188401 -0.220183
vn 0.609621 -0.124069 0.782923
v 0.0324665 -0.168419 -0.220041
vn -0.154919 -0.258499 0.953508
v 0.0498949 -0.188401 -0.222627
vn -0.154921 -0.2585 0.953508
v 0.0673233 -0.208383 -0.225212
vn 0.56579 0.264277 -0.78105
v 0.0800359 -0.168419 -0.20755
vn -0.369905 -0.252939 0.893975
v 0.139699 -0.228365 -0.199824
vn 0.795131 -0.103688 0.597508
v 0.122203 -0.228365 -0.207428
vn 0.378113 0.316823 -0.869859
v 0.104706 -0.228365 -0.215032
vn 0.378071 0.316776 -0.869894
v 0.0872107 -0.228365 -0.222637
vn 0.381208 0.292223 -0.87709
v 0.199824 -0.228365 -0.139699
vn 0.978295 0.0486737 -0.20142
v 0.23024 -0.228365 -0.0697144
vn 0.898594 0.256641 -0.3559
v 0.225212 -0.208383 -0.0673229
vn 0.00322361 -0.118037 0.993004
v 0.250254 -0.278792 0.080215
vn -0.0296077 0.99 -0.137924
v 0.25447 -0.278792 0.0451213
vn 0.686801 0.722147 0.0825092
v 0.259891 -0.278792 2.86336e-07
vn 0.469893 0.568236 0.675506
v 0.240248 -0.253579 0.0749645
vn -0.0048041 0.202018 0.97937
v 0.21016 -0.278792 0.149828
vn 0.23551 0.779981 0.579796
v 0.149827 -0.278792 0.21016
vn 0.319797 0.721927 0.613638
v 0.142232 -0.240971 0.202409
vn -0.841935 -0.265387 -0.469804
v 0.144763 -0.253579 0.204992
vn -0.84192 -0.265381 -0.469834
v 0.106239 -0.25673 0.228191
vn 0.634397 -0.772625 -0.024323
v 0.0802149 -0.278792 0.250254
vn -0.310705 0.918154 -0.245876
v 0.076277 -0.259882 0.242749
vn -0.658648 0.155112 0.73629
v 0.034857 -0.253579 0.245066
vn -0.637414 0.589355 -0.496351
v 0.0549107 -0.253579 0.242656
vn 0.110018 0.386355 0.915765
v 0.0200538 -0.278792 0.257481
vn 0.096053 0.593024 0.799435
v 0.0401075 -0.278792 0.255072
vn 0.0658516 0.833694 0.548287
v 1.48574e-07 -0.278792 0.259891
vn -0.480703 0.574636 0.662358
v 0.0601612 -0.278792 0.252663
vn 0.103495 0.497085 0.861508
v -0.0802146 -0.278792 0.250254
vn -0.025994 -0.0327969 0.999124
v -0.149828 -0.278792 0.21016
vn -0.875741 0.478306 -0.0655818
v -0.132425 -0.278792 0.220183
vn -0.246763 0.869215 0.428454
v -0.115022 -0.278792 0.230207
vn -0.246767 0.869215 0.428452
v -0.0976177 -0.278792 0.240231
vn -0.246766 0.869217 0.428448
v -0.21016 -0.278792 0.149828
vn -0.2752 0.935088 -0.223326
v -0.212431 -0.240971 0.124828
vn 0.715154 -0.698829 -0.0139021
v -0.225039 -0.253579 0.109957
vn 0.825655 -0.48428 -0.289424
v -0.215015 -0.253579 0.127359
vn -0.834919 0.267712 0.480875
v -0.237646 -0.266185 0.0950855
vn 0.825654 -0.484283 -0.289423
v -0.227623 -0.266185 0.112489
vn -0.834915 0.267721 0.480877
v -0.250254 -0.278792 0.080215
vn -0.623065 0.429367 -0.653785
v -0.24023 -0.278792 0.0976182
vn -0.513293 0.805687 0.295635
v -0.230207 -0.278792 0.115021
vn -0.513289 0.80569 0.295631
v -0.25989 -0.278792 2.86336e-07
vn -0.472863 0.796546 -0.376716
v -0.257481 -0.278792 0.020054
vn -0.838319 0.535797 0.100714
v -0.255072 -0.278792 0.0401077
vn -0.838318 0.535799 0.100714
v -0.252663 -0.278792 0.0601613
vn -0.838319 0.535797 0.100714
v -0.252274 -0.240971 2.86336e-07
vn 0.8511 -0.17139 -0.496241
v -0.254813 -0.253579 2.86336e-07
vn 0.819921 -0.165096 -0.548154
v -0.257352 -0.266185 2.86336e-07
vn 0.763621 -0.153784 -0.627083
v -0.249939 -0.253579 0.0174287
vn 0.94544 -0.190391 -0.264377
v -0.249865 -0.240971 -0.0200534
vn -0.495128 -0.734112 0.46468
v -0.249995 -0.253579 -0.0401071
vn -0.494968 -0.734172 0.464756
v -0.252404 -0.253579 -0.0200534
vn -0.973592 0.196056 -0.116965
v -0.250124 -0.266185 -0.0601608
vn -0.495116 -0.734121 0.464679
v -0.252533 -0.266185 -0.0401071
vn -0.973592 0.196054 -0.116966
v -0.250254 -0.278792 -0.0802145
vn -0.370333 0.492903 -0.787338
v -0.252663 -0.278792 -0.0601608
vn -0.0308069 0.999518 -0.00370267
v -0.255072 -0.278792 -0.0401071
vn -0.0308066 0.999519 -0.00369948
v -0.257481 -0.278792 -0.0200534
vn 0.366591 0.929339 0.0440343
v -0.254942 -0.266185 -0.0200534
vn -0.973593 0.196052 -0.116963
v -0.235244 -0.240971 -0.0723397
vn 0.00477903 0.202003 -0.979373
v -0.240118 -0.240971 -0.0549102
vn 0.882062 -0.401409 0.246652
v -0.240247 -0.253579 -0.0749639
vn 0.00482926 0.201994 -0.979375
v -0.244991 -0.240971 -0.0374818
vn 0.882056 -0.401418 0.246658
v -0.245121 -0.253579 -0.0575355
vn 0.882056 -0.401418 0.246658
v -0.24525 -0.266185 -0.0775892
vn 0.00471308 0.20203 -0.979368
v -0.225221 -0.240971 -0.0897429
vn 0.0201461 0.848387 -0.528993
v -0.2202 -0.253579 -0.109771
vn 0.0203583 0.848432 -0.528913
v -0.230224 -0.253579 -0.0923681
vn -0.790877 0.408702 -0.455495
v -0.21518 -0.266185 -0.1298
vn 0.020148 0.848388 -0.528992
v -0.225204 -0.266185 -0.112397
vn -0.790871 0.408712 -0.455496
v -0.21016 -0.278792 -0.149828
vn -0.603499 0.22431 -0.765163
v -0.220183 -0.278792 -0.132425
vn 0.282191 0.94549 0.16253
v -0.230207 -0.278792 -0.115022
vn 0.377651 0.900039 0.217508
v -0.24023 -0.278792 -0.0976176
vn -0.601022 0.72038 -0.346158
v -0.235227 -0.266185 -0.0949924
vn -0.790877 0.408707 -0.455491
v -0.202408 -0.240971 -0.142231
vn -0.436034 0.262311 -0.860853
v -0.210012 -0.240971 -0.124734
vn 0.885857 -0.258901 0.385004
v -0.204992 -0.253579 -0.144764
vn 0.304725 0.127127 -0.943918
v -0.217616 -0.240971 -0.107239
vn 0.885848 -0.258913 0.385015
v -0.212596 -0.253579 -0.127267
vn 0.885853 -0.258906 0.38501
v -0.207576 -0.266185 -0.147296
vn 0.304545 0.127158 -0.943972
v -0.187325 -0.240971 -0.157313
vn -0.679657 0.275834 -0.679693
v -0.174826 -0.253579 -0.174929
vn -0.679701 0.27581 -0.679659
v -0.187536 -0.278792 -0.172452
vn -0.705979 0.056471 -0.705978
v -0.162327 -0.266185 -0.192544
vn -0.679701 0.275792 -0.679665
v -0.149828 -0.278792 -0.21016
vn -0.286885 0.822266 -0.491503
v -0.14223 -0.240971 -0.202408
vn 0.979561 -0.200395 0.0173584
v -0.157262 -0.240971 -0.187377
vn 0.679668 -0.275852 0.679674
v -0.144763 -0.253579 -0.204992
vn 0.899862 -0.0934234 -0.426053
v -0.172294 -0.240971 -0.172345
vn 0.679669 -0.275857 0.679671
v -0.159795 -0.253579 -0.18996
vn 0.679666 -0.275851 0.679676
v -0.147296 -0.266185 -0.207576
vn 0.899774 -0.0934237 -0.426238
v -0.124827 -0.240971 -0.212432
vn -0.634483 -0.772562 0.0240678
v -0.109956 -0.253579 -0.225039
vn -0.634446 -0.772587 0.0242338
v -0.12736 -0.253579 -0.215016
vn -0.480871 0.267728 -0.834916
v -0.0950851 -0.266185 -0.237647
vn -0.634457 -0.77258 0.0241598
v -0.112488 -0.266185 -0.227623
vn -0.480866 0.267743 -0.834914
v -0.0802146 -0.278792 -0.250254
vn 0.0760884 0.803336 -0.590646
v -0.0976177 -0.278792 -0.240231
vn -0.295617 0.805722 -0.513247
v -0.115022 -0.278792 -0.230207
vn -0.295602 0.805719 -0.51326
v -0.132425 -0.278792 -0.220183
vn -0.295616 0.805721 -0.513249
v -0.129892 -0.266185 -0.217599
vn -0.480874 0.267738 -0.834911
v -0.0723399 -0.240971 -0.235244
vn 0.897053 -0.0114987 -0.441773
v -0.0898356 -0.240971 -0.22764
vn 0.363909 -0.40807 0.837287
v -0.0749641 -0.253579 -0.240248
vn 0.897136 -0.0114535 -0.441606
v -0.107331 -0.240971 -0.220036
vn 0.363911 -0.408069 0.837286
v -0.0924599 -0.253579 -0.232643
vn 0.363911 -0.408066 0.837288
v -0.0775893 -0.266185 -0.245251
vn 0.897056 -0.0115056 -0.441768
v -0.0522862 -0.240971 -0.237653
vn 0.402607 0.808718 -0.428816
v -0.0348567 -0.253579 -0.245066
vn 0.402652 0.808748 -0.428717
v -0.0549104 -0.253579 -0.242657
vn -0.110006 0.386354 -0.915767
v -0.0174283 -0.266185 -0.252478
vn 0.402572 0.808694 -0.428894
v -0.037482 -0.266185 -0.250069
vn -0.110006 0.386358 -0.915765
v 1.48574e-07 -0.278792 -0.25989
vn 0.349271 0.781884 -0.516398
v -0.0200536 -0.278792 -0.257481
vn -0.0658671 0.83367 -0.548321
v -0.0401072 -0.278792 -0.255072
vn -0.065867 0.83367 -0.548322
v -0.0601609 -0.278792 -0.252663
vn -0.0658671 0.83367 -0.548321
v -0.0575356 -0.266185 -0.24766
vn -0.110006 0.386358 -0.915765
v 1.48574e-07 -0.240971 -0.252274
vn 0.938536 0.0681231 -0.338392
v -0.0174283 -0.240971 -0.247401
vn 0.264384 -0.190385 0.945439
v 1.48574e-07 -0.253579 -0.254813
vn 0.93858 0.0681306 -0.33827
v -0.0348567 -0.240971 -0.242527
vn 0.264377 -0.190385 0.945441
v -0.0174283 -0.253579 -0.249939
vn 0.264384 -0.190384 0.945439
v 1.48574e-07 -0.266185 -0.257352
vn 0.938536 0.0681362 -0.338391
v 0.0200538 -0.240971 -0.249865
vn -0.361185 -0.582037 0.728545
v 0.0401075 -0.253579 -0.249995
vn -0.490158 -0.783613 0.3817
v 0.0200538 -0.253579 -0.252404
vn 0.116953 0.196052 -0.973594
v 0.0601612 -0.266185 -0.250125
vn -0.490177 -0.783654 0.381593
v 0.0401075 -0.266185 -0.252534
vn 0.116953 0.196056 -0.973593
v 0.0802149 -0.278792 -0.250254
vn 0.42218 0.637941 -0.644046
v 0.0601612 -0.278792 -0.252663
vn 0.0825079 0.722101 -0.68685
v 0.0401075 -0.278792 -0.255072
vn 0.0825077 0.7221 -0.68685
v 0.0200538 -0.278792 -0.257481
vn 0.0825079 0.722101 -0.68685
v 0.0200538 -0.266185 -0.254943
vn 0.116953 0.196056 -0.973593
v 0.0749643 -0.253579 -0.240248
vn 0.945058 0.269944 -0.184378
v 0.149827 -0.278792 -0.21016
vn 0.495579 0.860101 -0.120947
v 0.142232 -0.240971 -0.202408
vn 0.746407 0.274202 -0.606375
v 0.21016 -0.278792 -0.149828
vn 0.589896 0.803529 -0.0797765
v 0.250254 -0.278792 -0.0802145
vn 0.838092 0.482381 -0.254776
v 0.235243 -0.240971 -0.0723397
vn -0.758258 -0.407004 0.509306
v 0.240248 -0.253579 -0.0749639
vn -0.49354 -0.360642 0.791427
v 0.245251 -0.266185 -0.0775892
vn -0.583581 -0.380929 0.717166
v 0.237653 -0.240971 -0.052286
vn -0.92779 -0.0315639 0.371766
v 0.245065 -0.253579 -0.0348566
vn -0.892564 0.0869029 0.442467
v 0.242656 -0.253579 -0.0549102
vn 0.915762 0.386364 -0.110009
v 0.256277 -0.278792 -0.0300797
vn 0.484733 0.872722 -0.0582277
v 0.252663 -0.278792 -0.0601608
vn -0.737071 0.669989 0.088551
v 0.254885 -0.28622 0.0174624
vn 0.954361 -0.246448 0.168697
v 0.249662 -0.308504 2.86336e-07
vn 0.820753 0.490285 0.293231
v 0.249881 -0.293648 0.0349234
vn 0.95435 -0.246521 0.168653
v 0.239872 -0.308504 0.0698466
vn 0.272908 0.861352 0.428478
v 0.247658 -0.28622 0.0776234
vn 0.6269 -0.442766 0.641058
v 0.19992 -0.308504 0.139887
vn 0.572201 0.373186 0.730286
v 0.139886 -0.308504 0.19992
vn 0.371311 0.28638 0.883241
v 0.0698465 -0.308504 0.239872
vn -0.0802964 0.384942 0.919441
v 0.0601612 -0.28622 0.250106
vn 0.175389 -0.490589 0.853558
v 0.0200538 -0.301076 0.24981
vn 0.159139 -0.447061 0.880234
v 1.48574e-07 -0.308504 0.249662
vn -0.29253 0.509012 0.809526
v 0.0200538 -0.28622 0.254925
vn -0.112885 0.323399 -0.939505
v 0.0200538 -0.293648 0.252368
vn -0.112876 0.32345 -0.939489
v -0.0698462 -0.308504 0.239872
vn -0.532459 0.552988 0.640852
v -0.0523851 -0.308504 0.242319
vn -0.137957 -0.110019 0.984309
v -0.034923 -0.308504 0.244767
vn -0.131983 0.310245 0.94145
v -0.0174609 -0.308504 0.247215
vn -0.136277 -0.190907 0.972102
v -0.0750304 -0.293648 0.245063
vn -0.0614177 0.310069 -0.948728
v -0.0724388 -0.301076 0.242468
vn -0.59018 0.0750128 -0.803779
v -0.0925399 -0.293648 0.235075
vn -0.447304 -0.430112 0.78417
v -0.139886 -0.308504 0.19992
vn -0.572862 0.785178 0.235212
v -0.0899483 -0.301076 0.232479
vn -0.447324 -0.430067 0.784183
v -0.162351 -0.28622 0.192592
vn 0.640649 0.427869 -0.637571
v -0.174875 -0.293648 0.175023
vn 0.637588 0.432633 -0.637425
v -0.187397 -0.301076 0.157455
vn 0.637454 0.432911 -0.63737
v -0.172388 -0.301076 0.172463
vn -0.637388 -0.43299 0.637382
v -0.19992 -0.308504 0.139887
vn -0.865968 0.362897 0.344102
v -0.239871 -0.308504 0.0698466
vn -0.905802 0.415093 -0.0849678
v -0.229884 -0.308504 0.0873571
vn -0.848493 -0.214043 0.483989
v -0.219896 -0.308504 0.104867
vn -0.858559 0.151741 0.489746
v -0.222456 -0.301076 0.107352
vn -0.787575 -0.421772 0.44926
v -0.209908 -0.308504 0.122376
vn -0.848492 -0.214069 0.483979
v -0.212468 -0.301076 0.124861
vn -0.787583 -0.421763 0.449255
v -0.247658 -0.28622 0.0776234
vn -0.00741433 0.327178 -0.944934
v -0.237635 -0.28622 0.0950266
vn 0.782138 0.430503 -0.450475
v -0.245062 -0.293648 0.0750308
vn 0.665073 0.442344 -0.601672
v -0.242467 -0.301076 0.0724392
vn 0.687451 0.441451 -0.576656
v -0.250106 -0.28622 0.0601613
vn 0.999676 -0.0205548 0.0150174
v -0.249958 -0.293648 0.0401077
vn 0.999681 -0.020394 0.0148907
v -0.24751 -0.293648 0.0575697
vn -0.921229 -0.366957 0.129146
v -0.249811 -0.301076 0.020054
vn 0.99968 -0.0204342 0.0149284
v -0.247363 -0.301076 0.0375161
vn -0.921224 -0.36697 0.129144
v -0.249663 -0.308504 2.86336e-07
vn -0.820775 0.490247 -0.293234
v -0.247215 -0.308504 0.0174624
vn -0.915063 0.382366 0.128279
v -0.244767 -0.308504 0.0349234
vn -0.915067 0.382357 0.128282
v -0.242319 -0.308504 0.0523856
vn -0.91506 0.382372 0.128282
v -0.244915 -0.301076 0.0549771
vn -0.921223 -0.366973 0.129146
v -0.257334 -0.28622 2.86336e-07
vn 0.464706 0.159999 -0.87089
v -0.254924 -0.28622 0.020054
vn 0.939509 0.323395 -0.11287
v -0.254777 -0.293648 2.86336e-07
vn 0.464892 0.159993 -0.870791
v -0.252515 -0.28622 0.0401077
vn 0.939508 0.323397 -0.112871
v -0.252368 -0.293648 0.020054
vn 0.939511 0.323388 -0.112871
v -0.25222 -0.301076 2.86336e-07
vn 0.464831 0.160005 -0.870822
v -0.254886 -0.28622 -0.0174608
vn 0.91334 0.396399 0.0931545
v -0.249881 -0.293648 -0.0349229
vn 0.815827 0.578169 -0.0121349
v -0.252329 -0.293648 -0.0174608
vn -0.937354 -0.322646 -0.131405
v -0.244876 -0.301076 -0.052385
vn 0.815767 0.578253 -0.0121623
v -0.247324 -0.301076 -0.0349229
vn -0.937351 -0.322656 -0.131401
v -0.239871 -0.308504 -0.069846
vn -0.410086 0.477194 -0.777249
v -0.242319 -0.308504 -0.052385
vn -0.89598 0.425961 -0.125604
v -0.244767 -0.308504 -0.0349229
vn -0.895977 0.425968 -0.125601
v -0.247215 -0.308504 -0.0174608
vn -0.895983 0.425954 -0.125607
v -0.249772 -0.301076 -0.0174608
vn -0.93735 -0.322656 -0.131405
v -0.243765 -0.297362 -0.0737345
vn 0.310773 -0.21454 -0.925955
v -0.23767 -0.28622 -0.0951323
vn -0.778193 -0.46028 -0.427269
v -0.225087 -0.293648 -0.11005
vn -0.778208 -0.460286 -0.427235
v -0.212503 -0.301076 -0.124968
vn 0.78746 0.410316 0.459942
v -0.19992 -0.308504 -0.139886
vn -0.545138 0.455956 -0.703512
v -0.209908 -0.308504 -0.122376
vn -0.865109 -0.0898694 -0.493468
v -0.219896 -0.308504 -0.104866
vn -0.807248 0.36922 -0.460465
v -0.229884 -0.308504 -0.0873555
vn -0.807275 0.369146 -0.460476
v -0.2076 -0.28622 -0.147343
vn 0.928169 0.356084 0.108199
v -0.20504 -0.293648 -0.144857
vn -0.350262 -0.403571 -0.84525
v -0.20248 -0.301076 -0.142371
vn -0.575044 -0.430891 -0.695455
v -0.139886 -0.308504 -0.19992
vn -0.605592 -0.25568 -0.753582
v -0.154895 -0.308504 -0.184911
vn -0.686064 -0.242137 -0.686066
v -0.169903 -0.308504 -0.169903
vn -0.686066 -0.242131 -0.686066
v -0.184911 -0.308504 -0.154894
vn -0.679031 -0.278998 -0.679026
v -0.147343 -0.28622 -0.2076
vn 0.813321 0.41333 0.409471
v -0.144857 -0.293648 -0.20504
vn 0.813296 0.413314 0.409538
v -0.142371 -0.301076 -0.20248
vn 0.81332 0.413251 0.409553
v -0.129832 -0.28622 -0.217588
vn 0.151669 0.873252 -0.463063
v -0.109838 -0.293648 -0.225016
vn 0.156232 0.875961 -0.456381
v -0.127347 -0.293648 -0.215028
vn -0.449252 -0.421759 -0.787586
v -0.089842 -0.301076 -0.232443
vn 0.155112 0.87469 -0.459193
v -0.107351 -0.301076 -0.222456
vn -0.449244 -0.421779 -0.78758
v -0.0698462 -0.308504 -0.239871
vn 0.0802867 0.384804 -0.9195
v -0.0873556 -0.308504 -0.229883
vn -0.489751 0.151575 -0.858585
v -0.104866 -0.308504 -0.219896
vn -0.489733 0.151666 -0.85858
v -0.122376 -0.308504 -0.209908
vn -0.489751 0.151628 -0.858576
v -0.124862 -0.301076 -0.212468
vn -0.44925 -0.421771 -0.787581
v -0.077622 -0.28622 -0.247659
vn 0.944922 0.327216 -0.00727955
v -0.0950262 -0.28622 -0.237635
vn 0.450469 0.430526 0.782129
v -0.0750304 -0.293648 -0.245063
vn 0.944936 0.327174 -0.00725804
v -0.112429 -0.28622 -0.227611
vn 0.450473 0.430536 0.782121
v -0.0924335 -0.293648 -0.235039
vn 0.450477 0.430505 0.782135
v -0.0724388 -0.301076 -0.242467
vn 0.944935 0.327176 -0.00730791
v -0.0601609 -0.28622 -0.250107
vn -0.0150652 -0.0206447 0.999673
v -0.0401072 -0.293648 -0.249959
vn -0.014993 -0.0206358 0.999675
v -0.0575683 -0.293648 -0.247511
vn -0.129143 -0.366987 -0.921218
v -0.0200536 -0.301076 -0.249811
vn -0.0150178 -0.0206396 0.999674
v -0.0375146 -0.301076 -0.247363
vn -0.129143 -0.366999 -0.921213
v 1.48574e-07 -0.308504 -0.249663
vn 0.293224 0.490216 -0.820797
v -0.0174609 -0.308504 -0.247215
vn -0.128284 0.382324 -0.91508
v -0.034923 -0.308504 -0.244767
vn -0.128278 0.382342 -0.915074
v -0.0523851 -0.308504 -0.242319
vn -0.128281 0.382333 -0.915077
v -0.0549767 -0.301076 -0.244915
vn -0.129139 -0.36699 -0.921218
v 1.48574e-07 -0.28622 -0.257333
vn 0.870958 0.159975 0.464586
v -0.0200536 -0.28622 -0.254924
vn 0.112858 0.323399 0.939508
v 1.48574e-07 -0.293648 -0.254777
vn 0.870864 0.159951 0.464771
v -0.0401072 -0.28622 -0.252516
vn 0.112858 0.323399 0.939508
v -0.0200536 -0.293648 -0.252368
vn 0.112859 0.323389 0.939512
v 1.48574e-07 -0.301076 -0.25222
vn 0.870894 0.159963 0.46471
v 0.0174622 -0.28622 -0.254886
vn 0.0122959 0.578521 0.815575
v 0.0349233 -0.293648 -0.249881
vn 0.0122362 0.57831 0.815725
v 0.0174622 -0.293648 -0.252329
vn 0.131405 -0.322646 -0.937354
v 0.0523854 -0.301076 -0.244876
vn 0.012257 0.578391 0.815667
v 0.0349233 -0.301076 -0.247324
vn 0.131405 -0.322656 -0.93735
v 0.0698465 -0.308504 -0.239871
vn 0.607999 0.584963 -0.536801
v 0.0523854 -0.308504 -0.242319
vn 0.125604 0.425962 -0.89598
v 0.0349233 -0.308504 -0.244767
vn 0.125607 0.425953 -0.895984
v 0.0174622 -0.308504 -0.247215
vn 0.125604 0.425962 -0.89598
v 0.0174622 -0.301076 -0.249772
vn 0.131405 -0.322656 -0.93735
v 0.0776233 -0.28622 -0.247659
vn 0.925993 -0.214496 0.310691
v 0.0575696 -0.28622 -0.250068
vn -0.111169 0.362205 0.925445
v 0.0750307 -0.293648 -0.245063
vn 0.925942 -0.214548 0.310806
v 0.0375159 -0.28622 -0.252477
vn -0.111169 0.362205 0.925445
v 0.054977 -0.293648 -0.247472
vn -0.11117 0.362194 0.925449
v 0.0724391 -0.301076 -0.242467
vn 0.925958 -0.214497 0.310794
v 0.0951328 -0.28622 -0.237671
vn -0.455553 0.417268 0.786358
v 0.110051 -0.293648 -0.225087
vn -0.455567 0.417228 0.786371
v 0.0925412 -0.293648 -0.235075
vn 0.4473 -0.430127 -0.784164
v 0.124969 -0.301076 -0.212503
vn -0.45558 0.417223 0.786366
v 0.107458 -0.301076 -0.222491
vn 0.447297 -0.43014 -0.784159
v 0.139886 -0.308504 -0.19992
vn 0.696867 -0.493876 -0.52006
v 0.122376 -0.308504 -0.209908
vn 0.460464 0.369201 -0.807257
v 0.104866 -0.308504 -0.219896
vn 0.460467 0.369255 -0.80723
v 0.087357 -0.308504 -0.229883
vn 0.460465 0.36923 -0.807243
v 0.0899486 -0.301076 -0.232479
vn 0.447305 -0.430122 -0.784164
v 0.19992 -0.308504 -0.139886
vn 0.989501 -0.0418005 -0.138347
v 0.169903 -0.308504 -0.169903
vn 0.549141 -0.629988 -0.549144
v 0.239872 -0.308504 -0.069846
vn 0.919458 0.384903 0.0802874
v 0.220261 -0.3186 0.0702571
vn -0.54354 0.755006 -0.366784
v 0.222603 -0.3186 0.0526929
vn 0.471063 -0.87986 0.062814
v 0.224945 -0.3186 0.0351287
vn 0.471063 -0.87986 0.0628139
v 0.227287 -0.3186 0.0175645
vn 0.471062 -0.879861 0.0628138
v 0.22963 -0.3186 2.86336e-07
vn -0.439324 0.890944 0.11495
v 0.230066 -0.313552 0.0700519
vn -0.260801 0.539194 0.800783
v 0.225164 -0.316076 0.070155
vn -0.26082 0.539189 0.80078
v 0.180157 -0.3186 0.130231
vn -0.646273 0.656368 0.389246
v 0.165076 -0.313552 0.160021
vn -0.308746 0.899639 -0.308747
v 0.147654 -0.316076 0.17009
vn -0.308778 0.899609 -0.308803
v 0.130232 -0.3186 0.180157
vn -0.640414 0.764906 -0.0692019
v 0.070257 -0.3186 0.220261
vn -0.338855 0.814265 -0.471328
v 0.0852507 -0.3186 0.210235
vn 0.317186 -0.821186 0.474391
v 0.100244 -0.3186 0.20021
vn 0.268052 -0.876041 0.400874
v 0.115238 -0.3186 0.190183
vn 0.268044 -0.876058 0.400842
v 1.48574e-07 -0.3186 0.22963
vn -0.444751 0.88488 -0.138504
v 0.0175644 -0.3186 0.227288
vn 0.062563 -0.880883 0.469182
v 0.0351286 -0.3186 0.224946
vn 0.0625632 -0.880882 0.469183
v 0.0526928 -0.3186 0.222603
vn 0.0625632 -0.880882 0.469182
v 1.48574e-07 -0.311028 0.244654
vn -0.136346 0.884676 -0.445822
v 1.48574e-07 -0.313552 0.239646
vn -0.136345 0.884659 -0.445856
v 1.48574e-07 -0.316076 0.234638
vn -0.136355 0.884652 -0.445867
v -0.0175641 -0.311028 0.242312
vn 0.0783459 0.87043 -0.486018
v -0.0351283 -0.313552 0.234961
vn 0.0709796 0.879036 -0.471443
v -0.0175641 -0.313552 0.237303
vn -0.0599059 -0.891392 0.449256
v -0.0526925 -0.316076 0.227612
vn 0.100616 -0.990001 0.0988623
v -0.0351283 -0.316076 0.229954
vn -0.0599062 -0.891392 0.449256
v -0.0702567 -0.3186 0.220261
vn -0.760907 -0.584062 -0.282652
v -0.0526925 -0.3186 0.222603
vn -0.0276237 0.977924 0.207129
v -0.0351283 -0.3186 0.224946
vn -0.0276155 0.977923 0.207131
v -0.0175641 -0.3186 0.227288
vn -0.0276213 0.977921 0.207141
v -0.0175641 -0.316076 0.232296
vn -0.0599059 -0.891392 0.449256
v -0.0699493 -0.311028 0.23497
vn -0.800968 0.538916 -0.260808
v -0.0524872 -0.311028 0.237417
vn 0.0641611 0.886723 -0.457827
v -0.0700514 -0.313552 0.230067
vn -0.80075 0.539231 -0.260826
v -0.0525893 -0.313552 0.232514
vn 0.0641667 0.886715 -0.457842
v -0.0701535 -0.316076 0.225164
vn -0.800952 0.538959 -0.260766
v -0.084943 -0.311028 0.224943
vn 0.174556 0.926569 -0.333165
v -0.100039 -0.313552 0.210014
vn 0.174549 0.926574 -0.333156
v -0.0850451 -0.313552 0.22004
vn -0.295646 -0.846832 0.442118
v -0.115136 -0.316076 0.195086
vn 0.17455 0.92657 -0.333166
v -0.100141 -0.316076 0.205112
vn -0.295673 -0.846796 0.44217
v -0.130231 -0.3186 0.180157
vn -0.293186 0.772955 -0.562657
v -0.115238 -0.3186 0.190183
vn -0.103263 -0.982603 0.154365
v -0.100244 -0.3186 0.20021
vn -0.10327 -0.98259 0.154439
v -0.0852504 -0.3186 0.210235
vn -0.102978 -0.98269 0.154002
v -0.0851472 -0.316076 0.215138
vn -0.295665 -0.846807 0.442154
v -0.180158 -0.3186 0.130231
vn 0.197313 0.897212 -0.395067
v -0.167677 -0.3186 0.142713
vn -0.27423 -0.921737 0.274226
v -0.155195 -0.3186 0.155194
vn -0.274196 -0.921751 0.27421
v -0.142714 -0.3186 0.167675
vn -0.27421 -0.921747 0.27421
v -0.194979 -0.311028 0.137473
vn 0.287832 0.893394 -0.344963
v -0.190039 -0.313552 0.135058
vn 0.287839 0.893395 -0.344956
v -0.185098 -0.316076 0.132644
vn 0.287864 0.893377 -0.344981
v -0.205005 -0.311028 0.122479
vn 0.426799 -0.904324 0.00644968
v -0.21009 -0.313552 0.105072
vn 0.426768 -0.904338 0.00640423
v -0.200065 -0.313552 0.120066
vn -0.349398 -0.907378 0.233636
v -0.215176 -0.316076 0.0876645
vn 0.426794 -0.904326 0.00645239
v -0.20515 -0.316076 0.102658
vn -0.349405 -0.907375 0.233636
v -0.220261 -0.3186 0.0702571
vn 0.241909 0.396486 -0.885595
v -0.210235 -0.3186 0.0852508
vn -0.363462 0.899351 0.243031
v -0.200209 -0.3186 0.100245
vn -0.363487 0.899383 0.242874
v -0.190184 -0.3186 0.115237
vn -0.363392 0.899337 0.243187
v -0.195124 -0.316076 0.117652
vn -0.349391 -0.907381 0.233637
v -0.234969 -0.311028 0.0699498
vn -0.00713517 -0.0543291 -0.998498
v -0.224981 -0.311028 0.0874592
vn 0.446809 0.857556 -0.25487
v -0.230066 -0.313552 0.0700519
vn -0.00702825 -0.0543851 -0.998495
v -0.214993 -0.311028 0.104969
vn 0.446823 0.857547 -0.254875
v -0.220078 -0.313552 0.0875624
vn 0.446823 0.857548 -0.254875
v -0.225164 -0.316076 0.070155
vn -0.0071338 -0.0543252 -0.998498
v -0.237311 -0.311028 0.0523856
vn -0.159644 0.973455 -0.164008
v -0.234751 -0.313552 0.0349234
vn -0.159517 0.973445 -0.164195
v -0.232409 -0.313552 0.0524876
vn -0.457876 -0.886917 0.0610625
v -0.232191 -0.316076 0.0174624
vn -0.159725 0.97344 -0.164022
v -0.229848 -0.316076 0.0350266
vn -0.457876 -0.886917 0.0610625
v -0.22963 -0.3186 2.86336e-07
vn 0.195223 0.84864 -0.491628
v -0.227288 -0.3186 0.0175645
vn -0.552086 0.83053 0.0736255
v -0.224946 -0.3186 0.0351287
vn -0.552199 0.830454 0.0736422
v -0.222603 -0.3186 0.0526929
vn -0.552051 0.830554 0.0736223
v -0.227506 -0.316076 0.0525908
vn -0.457876 -0.886917 0.0610625
v -0.244655 -0.311028 2.86336e-07
vn -0.0213418 -0.0422499 -0.998879
v -0.242207 -0.311028 0.0174624
vn 0.449152 0.891234 -0.0629656
v -0.239647 -0.313552 2.86336e-07
vn -0.0212437 -0.0422506 -0.998881
v -0.239759 -0.311028 0.0349234
vn 0.449152 0.891234 -0.0629655
v -0.237199 -0.313552 0.0174624
vn 0.449152 0.891234 -0.0629656
v -0.234639 -0.316076 2.86336e-07
vn -0.0213418 -0.0422499 -0.998879
v -0.242312 -0.311028 -0.0175639
vn -0.0989385 -0.989963 0.100915
v -0.234962 -0.313552 -0.0351281
vn -0.0985033 -0.990001 0.100975
v -0.237304 -0.313552 -0.0175639
vn -0.449237 -0.891402 -0.0599104
v -0.227611 -0.316076 -0.0526924
vn -0.0989504 -0.989963 0.100908
v -0.229954 -0.316076 -0.0351281
vn -0.449237 -0.891402 -0.0599104
v -0.220261 -0.3186 -0.0702566
vn 0.282765 -0.583809 -0.761059
v -0.222603 -0.3186 -0.0526924
vn -0.206792 0.977996 -0.0275913
v -0.224946 -0.3186 -0.0351281
vn -0.206831 0.977988 -0.0275694
v -0.227288 -0.3186 -0.0175639
vn -0.206792 0.977996 -0.0275918
v -0.232296 -0.316076 -0.0175639
vn -0.449237 -0.891402 -0.0599104
v -0.234969 -0.311028 -0.0699492
vn 0.260797 0.539137 -0.800822
v -0.237417 -0.311028 -0.0524871
vn 0.457832 0.886719 0.0641804
v -0.230066 -0.313552 -0.0700513
vn 0.260838 0.539163 -0.800791
v -0.239865 -0.311028 -0.035025
vn 0.457838 0.886716 0.0641831
v -0.232514 -0.313552 -0.0525892
vn 0.457838 0.886716 0.0641831
v -0.225164 -0.316076 -0.0701534
vn 0.260729 0.538974 -0.800954
v -0.224943 -0.311028 -0.0849429
vn 0.164271 0.986412 -0.00248381
v -0.210015 -0.313552 -0.10004
vn 0.164284 0.98641 -0.00246617
v -0.22004 -0.313552 -0.085045
vn -0.442137 -0.846826 -0.295636
v -0.195086 -0.316076 -0.115136
vn 0.164258 0.986414 -0.00248225
v -0.205112 -0.316076 -0.100142
vn -0.442137 -0.846826 -0.295635
v -0.180158 -0.3186 -0.130232
vn 0.646149 0.656499 -0.389231
v -0.190184 -0.3186 -0.115239
vn -0.15399 -0.98269 -0.102989
v -0.200209 -0.3186 -0.100244
vn -0.153725 -0.982753 -0.102787
v -0.210235 -0.3186 -0.0852502
vn -0.153868 -0.98272 -0.102886
v -0.215138 -0.316076 -0.0851481
vn -0.442137 -0.846826 -0.295636
v -0.194979 -0.311028 -0.137472
vn 0.538718 0.798989 -0.267206
v -0.204967 -0.311028 -0.119963
vn 0.362982 0.908501 0.207051
v -0.190039 -0.313552 -0.135059
vn 0.538688 0.799014 -0.267194
v -0.214955 -0.311028 -0.102452
vn 0.362988 0.908498 0.207052
v -0.200027 -0.313552 -0.117549
vn 0.362983 0.908501 0.207051
v -0.185098 -0.316076 -0.132646
vn 0.53862 0.799096 -0.267083
v -0.182498 -0.311028 -0.149953
vn 0.308657 0.899715 0.308615
v -0.165076 -0.313552 -0.160022
vn 0.308836 0.899578 0.308837
v -0.177557 -0.313552 -0.147541
vn -0.308759 -0.899629 -0.308766
v -0.147654 -0.316076 -0.170089
vn 0.30856 0.899797 0.308474
v -0.160135 -0.316076 -0.157608
vn -0.308773 -0.899618 -0.308782
v -0.130231 -0.3186 -0.180158
vn 0.53736 0.842975 -0.0252492
v -0.142714 -0.3186 -0.167677
vn -0.0348373 -0.998787 -0.034806
v -0.155195 -0.3186 -0.155196
vn -0.0348098 -0.998785 -0.0348757
v -0.167677 -0.3186 -0.142713
vn -0.0348225 -0.998787 -0.0348066
v -0.172617 -0.316076 -0.145127
vn -0.308775 -0.899616 -0.308788
v -0.137472 -0.311028 -0.194979
vn 0.720541 0.693409 0.00210176
v -0.152481 -0.311028 -0.17997
vn 0.308752 0.899637 0.308748
v -0.135059 -0.313552 -0.190039
vn 0.720715 0.693228 0.002161
v -0.167489 -0.311028 -0.164962
vn 0.308753 0.899635 0.308753
v -0.150067 -0.313552 -0.17503
vn 0.308757 0.899633 0.308755
v -0.132645 -0.316076 -0.185098
vn 0.720544 0.693406 0.00210063
v -0.122479 -0.311028 -0.205005
vn -0.00644979 -0.904322 0.426803
v -0.105071 -0.313552 -0.21009
vn -0.00640382 -0.904295 0.426861
v -0.120065 -0.313552 -0.200064
vn -0.233636 -0.907376 -0.349405
v -0.0876641 -0.316076 -0.215176
vn -0.00644973 -0.904322 0.426801
v -0.102658 -0.316076 -0.20515
vn -0.233636 -0.907376 -0.349405
v -0.0702567 -0.3186 -0.220261
vn 0.885717 0.396109 0.242079
v -0.0852504 -0.3186 -0.210235
vn -0.243046 0.899343 -0.36347
v -0.100244 -0.3186 -0.200209
vn -0.243035 0.899348 -0.363466
v -0.115238 -0.3186 -0.190183
vn -0.243034 0.899349 -0.363463
v -0.117651 -0.316076 -0.195124
vn -0.233636 -0.907376 -0.349405
v -0.0699493 -0.311028 -0.234969
vn 0.998483 -0.0545997 -0.00718081
v -0.0874588 -0.311028 -0.224981
vn 0.25487 0.857557 0.446809
v -0.0700514 -0.313552 -0.230066
vn 0.9985 -0.0542805 -0.00711774
v -0.104968 -0.311028 -0.214993
vn 0.254869 0.857553 0.446816
v -0.0875609 -0.313552 -0.220078
vn 0.254869 0.857553 0.446817
v -0.0701535 -0.316076 -0.225163
vn 0.998495 -0.0543802 -0.00708803
v -0.0523851 -0.311028 -0.237311
vn 0.164013 0.973447 -0.15969
v -0.034923 -0.313552 -0.234751
vn 0.164044 0.973669 -0.158298
v -0.0524872 -0.313552 -0.232408
vn -0.0610618 -0.886919 -0.457871
v -0.0174609 -0.316076 -0.232191
vn 0.164093 0.973332 -0.160307
v -0.0350251 -0.316076 -0.229848
vn -0.0610625 -0.886917 -0.457876
v 1.48574e-07 -0.3186 -0.22963
vn 0.491707 0.848613 0.195142
v -0.0175641 -0.3186 -0.227288
vn -0.0737239 0.83021 -0.552554
v -0.0351283 -0.3186 -0.224946
vn -0.073649 0.830233 -0.552529
v -0.0526925 -0.3186 -0.222603
vn -0.0737235 0.830222 -0.552536
v -0.0525893 -0.316076 -0.227506
vn -0.0610625 -0.886917 -0.457876
v 1.48574e-07 -0.311028 -0.244655
vn 0.998856 -0.0426773 -0.0215572
v -0.0174609 -0.311028 -0.242207
vn 0.0629655 0.891234 0.449152
v 1.48574e-07 -0.313552 -0.239647
vn 0.998858 -0.042678 -0.021459
v -0.034923 -0.311028 -0.239759
vn 0.0629637 0.891234 0.449152
v -0.0174609 -0.313552 -0.237199
vn 0.0629655 0.891234 0.449152
v 1.48574e-07 -0.316076 -0.234638
vn 0.998856 -0.0426772 -0.0215572
v 0.0175644 -0.311028 -0.242312
vn -0.101218 -0.990003 -0.0982268
v 0.0351286 -0.313552 -0.234962
vn -0.101283 -0.990041 -0.0977796
v 0.0175644 -0.313552 -0.237304
vn 0.0599104 -0.891402 -0.449237
v 0.0526928 -0.316076 -0.227611
vn -0.101208 -0.990002 -0.0982508
v 0.0351286 -0.316076 -0.229954
vn 0.0599104 -0.891402 -0.449237
v 0.070257 -0.3186 -0.220261
vn 0.760878 -0.584001 0.282857
v 0.0526928 -0.3186 -0.222603
vn 0.0275914 0.977995 -0.206797
v 0.0351286 -0.3186 -0.224946
vn 0.0275694 0.977989 -0.206829
v 0.0175644 -0.3186 -0.227288
vn 0.0275914 0.977997 -0.206786
v 0.0175644 -0.316076 -0.232296
vn 0.0599104 -0.891402 -0.449237
v 0.0699496 -0.311028 -0.234969
vn 0.80082 0.53914 0.260798
v 0.0524875 -0.311028 -0.237417
vn -0.0641831 0.886716 0.457838
v 0.0700517 -0.313552 -0.230066
vn 0.800796 0.539172 0.260805
v 0.0350265 -0.311028 -0.239864
vn -0.0641832 0.886716 0.457838
v 0.0525907 -0.313552 -0.232514
vn -0.0641831 0.886716 0.457838
v 0.0701549 -0.316076 -0.225163
vn 0.800823 0.539137 0.260797
v 0.0849433 -0.311028 -0.224943
vn 0.00248289 0.986414 0.164257
v 0.100039 -0.313552 -0.210014
vn 0.00246489 0.986412 0.16427
v 0.0850454 -0.313552 -0.22004
vn 0.295647 -0.846818 -0.442144
v 0.115135 -0.316076 -0.195086
vn 0.00248179 0.986412 0.164273
v 0.100142 -0.316076 -0.205112
vn 0.295659 -0.846811 -0.442151
v 0.130232 -0.3186 -0.180158
vn 0.389237 0.656492 0.646152
v 0.115238 -0.3186 -0.190183
vn 0.102975 -0.982709 -0.153881
v 0.100244 -0.3186 -0.200209
vn 0.102855 -0.982731 -0.153821
v 0.0852507 -0.3186 -0.210235
vn 0.102855 -0.982731 -0.15382
v 0.0851485 -0.316076 -0.215138
vn 0.295647 -0.846819 -0.442144
v 0.137473 -0.311028 -0.194979
vn 0.563495 -0.814068 -0.140595
v 0.119962 -0.311028 -0.204967
vn -0.207044 0.908506 0.362974
v 0.135059 -0.313552 -0.190039
vn 0.563493 -0.814072 -0.140579
v 0.102453 -0.311028 -0.214955
vn -0.207049 0.908506 0.362971
v 0.117549 -0.313552 -0.200027
vn -0.207044 0.908506 0.362974
v 0.132645 -0.316076 -0.185098
vn 0.375498 -0.886755 -0.269566
v 0.180157 -0.3186 -0.130232
vn 0.372877 -0.892501 -0.253782
v 0.167676 -0.3186 -0.142713
vn 0.274223 -0.92174 -0.274222
v 0.155194 -0.3186 -0.155196
vn 0.274221 -0.92174 -0.274221
v 0.142713 -0.3186 -0.167677
vn 0.284517 -0.915477 -0.284519
v 0.194979 -0.311028 -0.137472
vn -0.224361 0.86621 0.446478
v 0.190038 -0.313552 -0.135059
vn -0.224424 0.866157 0.44655
v 0.185098 -0.316076 -0.132646
vn -0.224359 0.866187 0.446523
v 0.205005 -0.311028 -0.122479
vn -0.510969 0.816849 0.267708
v 0.210091 -0.313552 -0.105071
vn -0.510975 0.816845 0.26771
v 0.200064 -0.313552 -0.120065
vn 0.349377 -0.907388 -0.233629
v 0.215176 -0.316076 -0.0876639
vn -0.510969 0.816849 0.267708
v 0.20515 -0.316076 -0.102658
vn 0.349394 -0.90738 -0.233637
v 0.220261 -0.3186 -0.0702566
vn -0.0605918 0.0666455 0.995935
v 0.210235 -0.3186 -0.0852502
vn 0.36406 0.898997 -0.243443
v 0.20021 -0.3186 -0.100244
vn 0.361488 0.900501 -0.241711
v 0.190183 -0.3186 -0.115239
vn 0.361077 0.900816 -0.241151
v 0.195123 -0.316076 -0.117651
vn 0.349429 -0.907363 -0.233648
v 0.227287 -0.3186 -0.0175639
vn 0.469182 -0.880883 -0.062563
v 0.224945 -0.3186 -0.0351281
vn 0.469183 -0.880882 -0.0625632
v 0.222603 -0.3186 -0.0526924
vn 0.469182 -0.880882 -0.0625632
v 0.222272 -0.32105 0.0149887
vn -0.312515 0.949911 0.00187547
v 0.22463 -0.32105 2.86336e-07
vn -0.343126 0.700143 0.62615
v 0.214914 -0.323499 0.0299771
vn -0.312545 0.949901 0.00182626
v 0.217271 -0.323499 0.0149887
vn 0.438877 -0.895891 0.0690314
v 0.219629 -0.323499 2.86336e-07
vn -0.343028 0.700455 0.625855
v 0.207555 -0.325949 0.0449645
vn -0.312245 0.95 0.00191803
v 0.209913 -0.325949 0.0299771
vn 0.438902 -0.895878 0.0690428
v 0.200197 -0.328399 0.0599529
vn -0.00942242 -0.999359 0.0345237
v 0.202555 -0.328399 0.0449645
vn -0.0473324 -0.998851 -0.00744439
v 0.204913 -0.328399 0.0299771
vn 0.00158501 -0.999999 0.000249279
v 0.20727 -0.328399 0.0149887
vn 0.00159182 -0.999999 0.000256413
v 0.212271 -0.325949 0.0149887
vn 0.438903 -0.895878 0.0690408
v 0.209628 -0.328399 2.86336e-07
vn 0.177444 -0.863753 0.47164
v 0.214629 -0.325949 2.86336e-07
vn -0.34312 0.700154 0.626142
v 0.215245 -0.32105 0.0676813
vn 0.315799 -0.914084 0.254405
v 0.217587 -0.32105 0.0501171
vn -0.415094 0.908093 -0.0553508
v 0.21023 -0.323499 0.0651055
vn 0.31576 -0.91411 0.254359
v 0.21993 -0.32105 0.0325529
vn -0.415094 0.908093 -0.0553508
v 0.212572 -0.323499 0.0475413
vn -0.415055 0.908112 -0.0553456
v 0.205213 -0.325949 0.0625287
vn 0.315781 -0.914102 0.254363
v 0.169681 -0.328399 0.11982
vn -0.0257947 -0.998497 0.0483507
v 0.11982 -0.328399 0.16968
vn -0.0273763 -0.999493 0.0162282
v 0.122423 -0.325949 0.172299
vn -0.77865 0.58514 0.226528
v 0.0775223 -0.325949 0.195188
vn -0.164662 0.981516 -0.0975339
v 0.0599528 -0.328399 0.200197
vn -0.292401 -0.870631 0.395604
v 0.0749201 -0.328399 0.192568
vn 0.080355 -0.984222 0.157639
v 0.0898865 -0.328399 0.184939
vn -0.064135 -0.989978 -0.125819
v 0.104853 -0.328399 0.17731
vn -0.0641141 -0.989983 -0.125787
v 0.0676812 -0.32105 0.215246
vn -0.362122 0.897335 -0.252303
v 0.0651054 -0.323499 0.21023
vn -0.496915 -0.651396 0.573376
v 0.0625286 -0.325949 0.205213
vn -0.496828 -0.651463 0.573375
v 0.0526928 -0.32105 0.217603
vn 0.00426281 0.720945 -0.692979
v 0.0351286 -0.323499 0.214944
vn 0.00423471 0.721501 -0.692401
v 0.050117 -0.323499 0.212587
vn 0.0646343 -0.909376 0.410922
v 0.0175644 -0.325949 0.212287
vn 0.00425489 0.720981 -0.692941
v 0.0325528 -0.325949 0.209929
vn 0.0646408 -0.909372 0.410932
v 1.48574e-07 -0.328399 0.209628
vn -0.176 -0.982096 0.0671656
v 0.0149886 -0.328399 0.20727
vn -0.0493548 -0.9482 -0.313816
v 0.029977 -0.328399 0.204913
vn -0.0493598 -0.948193 -0.313837
v 0.0449644 -0.328399 0.202555
vn -0.0493752 -0.948186 -0.313857
v 0.0475412 -0.325949 0.207571
vn 0.0646419 -0.909374 0.410926
v 1.48574e-07 -0.32105 0.22463
vn -0.214684 -0.877096 0.429666
v 0.0175644 -0.32105 0.222288
vn -0.0585633 0.896486 -0.439185
v 1.48574e-07 -0.323499 0.219629
vn -0.348695 -0.841654 0.412348
v 0.0351286 -0.32105 0.219946
vn -0.0585633 0.896486 -0.439185
v 0.0175644 -0.323499 0.217287
vn -0.0585633 0.896486 -0.439184
v 1.48574e-07 -0.325949 0.214629
vn -0.348667 -0.841683 0.412312
v -0.0149883 -0.32105 0.222272
vn -0.0972914 -0.867901 0.487116
v -0.0299767 -0.323499 0.214914
vn -0.001914 0.949941 -0.312423
v -0.0374704 -0.328399 0.203734
vn -0.000251393 -0.999999 0.00157708
v -0.0449641 -0.325949 0.207555
vn -0.00196953 0.950017 -0.312192
v -0.0599525 -0.328399 0.200197
vn -0.0697474 -0.997142 -0.0290334
v -0.0676809 -0.32105 0.215246
vn -0.896787 -0.0407584 -0.440581
v -0.0501167 -0.32105 0.217588
vn 0.0553508 0.908093 -0.415094
v -0.0651051 -0.323499 0.21023
vn -0.896757 -0.0408763 -0.440632
v -0.0325525 -0.32105 0.21993
vn 0.0553509 0.908093 -0.415094
v -0.0475409 -0.323499 0.212572
vn 0.0553456 0.908112 -0.415055
v -0.0625283 -0.325949 0.205213
vn -0.896828 -0.0409441 -0.440481
v -0.0826472 -0.32105 0.207616
vn 0.196111 -0.980579 -0.00219311
v -0.0950388 -0.323499 0.194971
vn 0.196097 -0.980582 -0.00219979
v -0.0800714 -0.323499 0.2026
vn -0.180973 -0.917176 0.355017
v -0.107429 -0.325949 0.182326
vn 0.196111 -0.980579 -0.00219182
v -0.092463 -0.325949 0.189955
vn -0.180973 -0.917176 0.355017
v -0.119821 -0.328399 0.16968
vn -0.289232 -0.941404 -0.173502
v -0.104854 -0.328399 0.17731
vn 0.121325 -0.963656 -0.238007
v -0.0898872 -0.328399 0.184939
vn 0.12132 -0.963655 -0.238014
v -0.0749199 -0.328399 0.192568
vn 0.121319 -0.963655 -0.238014
v -0.0774956 -0.325949 0.197585
vn -0.180945 -0.91719 0.354995
v -0.127628 -0.32105 0.177538
vn -0.693985 0.0329019 -0.719238
v -0.112635 -0.32105 0.187563
vn 0.311276 0.828498 -0.465509
v -0.125026 -0.323499 0.174918
vn -0.693816 0.0310772 -0.719482
v -0.0976409 -0.32105 0.19759
vn 0.311297 0.828478 -0.465531
v -0.110032 -0.323499 0.184944
vn 0.311317 0.828458 -0.465553
v -0.122423 -0.325949 0.172299
vn -0.69395 0.0322863 -0.719299
v -0.140094 -0.32105 0.165073
vn 0.373516 0.848791 -0.37422
v -0.149957 -0.323499 0.149989
vn 0.43017 0.802614 -0.413237
v -0.137491 -0.323499 0.162454
vn -0.390899 -0.833296 0.390915
v -0.159819 -0.325949 0.134904
vn 0.445816 0.79139 -0.418271
v -0.147354 -0.325949 0.14737
vn -0.390872 -0.833322 0.390888
v -0.169681 -0.328399 0.11982
vn -0.0532983 -0.993788 -0.0976939
v -0.157216 -0.328399 0.132286
vn -0.00121373 -0.999999 0.00121372
v -0.14475 -0.328399 0.14475
vn -0.00120705 -0.999999 0.00121368
v -0.132286 -0.328399 0.157215
vn -0.00121369 -0.999999 0.00121396
v -0.134888 -0.325949 0.159834
vn -0.390891 -0.833306 0.390903
v -0.177539 -0.32105 0.127629
vn -0.414374 0.416957 -0.808976
v -0.165057 -0.32105 0.14011
vn 0.390878 0.833313 -0.3909
v -0.17492 -0.323499 0.125026
vn -0.414282 0.416771 -0.809118
v -0.152576 -0.32105 0.152591
vn 0.390928 0.83328 -0.390923
v -0.162438 -0.323499 0.137507
vn 0.390928 0.83328 -0.390922
v -0.1723 -0.325949 0.122422
vn -0.414489 0.416374 -0.809217
v -0.185168 -0.32105 0.112661
vn 0.0015109 0.990359 -0.13852
v -0.190177 -0.323499 0.0950919
vn 0.00153585 0.990357 -0.138527
v -0.182548 -0.323499 0.110059
vn -0.509383 -0.820438 0.259636
v -0.195187 -0.325949 0.0775224
vn 0.00151003 0.990359 -0.138515
v -0.187558 -0.325949 0.0924898
vn -0.509372 -0.820445 0.259636
v -0.200197 -0.328399 0.0599529
vn -0.0708577 -0.974361 -0.213541
v -0.192568 -0.328399 0.0749203
vn -0.00163257 -0.999998 0.000828401
v -0.184939 -0.328399 0.0898866
vn -0.00161774 -0.999998 0.000826845
v -0.17731 -0.328399 0.104853
vn -0.00162514 -0.999998 0.000835977
v -0.179929 -0.325949 0.107456
vn -0.509344 -0.820464 0.259631
v -0.215245 -0.32105 0.0676813
vn 0.000454645 0.72508 -0.688665
v -0.205219 -0.32105 0.082675
vn 0.333071 0.91622 -0.222721
v -0.210229 -0.323499 0.0651055
vn 0.000462387 0.725148 -0.688593
v -0.195193 -0.32105 0.0976676
vn 0.333071 0.91622 -0.222721
v -0.200203 -0.323499 0.0800982
vn 0.333071 0.91622 -0.222721
v -0.205213 -0.325949 0.0625287
vn 0.000485094 0.72514 -0.688601
v -0.217602 -0.32105 0.0526929
vn 0.692034 0.721853 0.00408174
v -0.214944 -0.323499 0.0351287
vn 0.692196 0.721698 0.00409156
v -0.212586 -0.323499 0.0501171
vn -0.410926 -0.909374 0.0646369
v -0.212286 -0.325949 0.0175645
vn 0.69224 0.721656 0.00414097
v -0.209928 -0.325949 0.0325529
vn -0.410926 -0.909374 0.0646369
v -0.209627 -0.328399 2.86336e-07
vn 0.00170237 -0.993778 -0.111363
v -0.20727 -0.328399 0.0149887
vn -0.00155754 -0.999999 0.000244964
v -0.204912 -0.328399 0.0299771
vn -0.00155712 -0.999999 0.000244963
v -0.202554 -0.328399 0.0449645
vn -0.00155731 -0.999999 0.00024497
v -0.20757 -0.325949 0.0475413
vn -0.410923 -0.909376 0.0646382
v -0.22463 -0.32105 2.86336e-07
vn 0.343029 0.700339 -0.625985
v -0.222287 -0.32105 0.0175645
vn 0.439164 0.896496 -0.0585674
v -0.219629 -0.323499 2.86336e-07
vn 0.343091 0.700314 -0.625979
v -0.219945 -0.32105 0.0351287
vn 0.439165 0.896495 -0.0585667
v -0.217286 -0.323499 0.0175645
vn 0.439164 0.896496 -0.0585667
v -0.214628 -0.325949 2.86336e-07
vn 0.343045 0.700311 -0.626007
v -0.222272 -0.32105 -0.0149881
vn 0.312426 0.94994 -0.00186814
v -0.214914 -0.323499 -0.0299766
vn 0.312478 0.949923 -0.00185932
v -0.217271 -0.323499 -0.0149881
vn -0.438871 -0.895894 -0.069033
v -0.207555 -0.325949 -0.0449639
vn 0.312426 0.94994 -0.00186747
v -0.209913 -0.325949 -0.0299766
vn -0.438871 -0.895894 -0.0690355
v -0.200197 -0.328399 -0.0599524
vn 0.0497897 -0.992956 -0.107511
v -0.202554 -0.328399 -0.0449639
vn -0.0015774 -0.999999 -0.000249277
v -0.204912 -0.328399 -0.0299766
vn -0.00158469 -0.999999 -0.000249213
v -0.20727 -0.328399 -0.0149881
vn -0.00158471 -0.999999 -0.000249268
v -0.21227 -0.325949 -0.0149881
vn -0.438868 -0.895896 -0.0690308
v -0.215245 -0.32105 -0.0676808
vn 0.440639 -0.0405684 -0.896767
v -0.217587 -0.32105 -0.0501166
vn 0.415074 0.908102 0.0553543
v -0.210229 -0.323499 -0.065105
vn 0.440664 -0.0408169 -0.896744
v -0.21993 -0.32105 -0.0325524
vn 0.415074 0.908102 0.0553544
v -0.212571 -0.323499 -0.0475408
vn 0.415069 0.908105 0.0553537
v -0.205213 -0.325949 -0.0625281
vn 0.440483 -0.0410129 -0.896824
v -0.207616 -0.32105 -0.0826471
vn 0.00225166 -0.980573 0.196143
v -0.194971 -0.323499 -0.0950387
vn 0.00222951 -0.980571 0.196152
v -0.2026 -0.323499 -0.0800713
vn -0.35501 -0.917182 -0.180957
v -0.182326 -0.325949 -0.107429
vn 0.00225062 -0.980568 0.196169
v -0.189955 -0.325949 -0.0924629
vn -0.355015 -0.91718 -0.180957
v -0.169681 -0.328399 -0.119821
vn 0.0402672 -0.998406 -0.0395414
v -0.17731 -0.328399 -0.104853
vn -0.00122951 -0.999999 -0.000629538
v -0.184939 -0.328399 -0.0898871
vn -0.0012295 -0.999999 -0.000626682
v -0.192568 -0.328399 -0.0749197
vn -0.00122958 -0.999999 -0.000626724
v -0.197584 -0.325949 -0.0774955
vn -0.355007 -0.917184 -0.180951
v -0.177539 -0.32105 -0.127629
vn 0.719226 0.0316098 -0.694057
v -0.187564 -0.32105 -0.112636
vn 0.465535 0.828482 0.31128
v -0.17492 -0.323499 -0.125026
vn 0.719318 0.0323986 -0.693925
v -0.19759 -0.32105 -0.0976418
vn 0.465539 0.828478 0.311283
v -0.184945 -0.323499 -0.110032
vn 0.46552 0.828494 0.31127
v -0.1723 -0.325949 -0.122424
vn 0.719438 0.0317729 -0.693829
v -0.165074 -0.32105 -0.140094
vn 0.393543 0.822186 0.411258
v -0.149989 -0.323499 -0.149957
vn 0.403757 0.816759 0.412172
v -0.162455 -0.323499 -0.137491
vn -0.390934 -0.833271 -0.390934
v -0.134905 -0.325949 -0.15982
vn 0.407943 0.807609 0.425852
v -0.14737 -0.325949 -0.147354
vn -0.390919 -0.833288 -0.390914
v -0.119821 -0.328399 -0.169682
vn 0.097696 -0.993788 -0.053299
v -0.132286 -0.328399 -0.157217
vn -0.00121384 -0.999999 -0.00121386
v -0.14475 -0.328399 -0.144751
vn -0.00121373 -0.999999 -0.00121364
v -0.157216 -0.328399 -0.132286
vn -0.00121372 -0.999999 -0.00120699
v -0.159836 -0.325949 -0.134889
vn -0.390903 -0.833305 -0.390892
v -0.127628 -0.32105 -0.177539
vn 0.809097 0.416763 -0.414331
v -0.14011 -0.32105 -0.165058
vn 0.390907 0.833297 0.390907
v -0.125026 -0.323499 -0.17492
vn 0.809114 0.416645 -0.414417
v -0.152591 -0.32105 -0.152576
vn 0.390907 0.833297 0.390907
v -0.137507 -0.323499 -0.162439
vn 0.390934 0.833271 0.390934
v -0.122423 -0.325949 -0.172301
vn 0.809198 0.416483 -0.414416
v -0.112662 -0.32105 -0.185167
vn 0.138531 0.990357 0.00156988
v -0.0950925 -0.323499 -0.190177
vn 0.138537 0.990356 0.00157445
v -0.110059 -0.323499 -0.182548
vn -0.259639 -0.820435 -0.509386
v -0.077522 -0.325949 -0.195187
vn 0.138499 0.990361 0.00150788
v -0.0924893 -0.325949 -0.187558
vn -0.259642 -0.820425 -0.5094
v -0.0599525 -0.328399 -0.200197
vn 0.21355 -0.974359 -0.0708629
v -0.0749199 -0.328399 -0.192568
vn -0.000829159 -0.999998 -0.00162526
v -0.0898872 -0.328399 -0.184939
vn -0.000829934 -0.999998 -0.00163275
v -0.104854 -0.328399 -0.17731
vn -0.000824635 -0.999998 -0.00161761
v -0.107457 -0.325949 -0.179929
vn -0.259638 -0.820436 -0.509385
v -0.0676809 -0.32105 -0.215245
vn 0.688678 0.725067 0.0004542
v -0.0826746 -0.32105 -0.205219
vn 0.222725 0.916213 0.333088
v -0.0651051 -0.323499 -0.210229
vn 0.688584 0.725157 0.000522963
v -0.0976683 -0.32105 -0.195193
vn 0.222725 0.916213 0.333088
v -0.0800988 -0.323499 -0.200203
vn 0.222715 0.916221 0.333073
v -0.0625283 -0.325949 -0.205213
vn 0.688513 0.725224 0.000515566
v -0.0526925 -0.32105 -0.217603
vn -0.00418891 0.721459 0.692445
v -0.0351283 -0.323499 -0.214944
vn -0.00415997 0.721426 0.692479
v -0.0501167 -0.323499 -0.212587
vn -0.0646443 -0.909375 -0.410924
v -0.0175641 -0.325949 -0.212286
vn -0.00418928 0.721461 0.692442
v -0.0325525 -0.325949 -0.209928
vn -0.0646444 -0.909375 -0.410924
v 1.48574e-07 -0.328399 -0.209628
vn 0.111366 -0.993778 0.00167766
v -0.0149883 -0.328399 -0.20727
vn -0.000244988 -0.999999 -0.00155731
v -0.0299767 -0.328399 -0.204912
vn -0.000245045 -0.999999 -0.0015573
v -0.0449641 -0.328399 -0.202554
vn -0.000244995 -0.999999 -0.00155729
v -0.0475409 -0.325949 -0.207571
vn -0.0646456 -0.909377 -0.410918
v 1.48574e-07 -0.32105 -0.22463
vn 0.626025 0.700296 0.343042
v -0.0175641 -0.32105 -0.222287
vn 0.0585698 0.896486 0.439185
v 1.48574e-07 -0.323499 -0.219629
vn 0.626011 0.700282 0.343097
v -0.0351283 -0.32105 -0.219945
vn 0.0585698 0.896486 0.439185
v -0.0175641 -0.323499 -0.217287
vn 0.0585698 0.896486 0.439184
v 1.48574e-07 -0.325949 -0.214629
vn 0.626025 0.700297 0.34304
v 0.0149886 -0.32105 -0.222272
vn 0.00189321 0.949955 0.31238
v 0.029977 -0.323499 -0.214913
vn 0.00188378 0.949938 0.312433
v 0.0149886 -0.323499 -0.217271
vn 0.0690437 -0.895884 -0.43889
v 0.0449644 -0.325949 -0.207555
vn 0.00189193 0.949955 0.312381
v 0.029977 -0.325949 -0.209913
vn 0.069046 -0.895884 -0.43889
v 0.0599528 -0.328399 -0.200197
vn 0.107507 -0.992957 0.0497914
v 0.0449644 -0.328399 -0.202554
vn 0.000249255 -0.999999 -0.00157734
v 0.029977 -0.328399 -0.204912
vn 0.00024931 -0.999999 -0.00158496
v 0.0149886 -0.328399 -0.20727
vn 0.000249304 -0.999999 -0.00159191
v 0.0149886 -0.325949 -0.212271
vn 0.0690438 -0.895884 -0.43889
v 0.0676812 -0.32105 -0.215245
vn 0.896763 -0.0405003 0.440654
v 0.050117 -0.32105 -0.217587
vn -0.0553544 0.908102 0.415074
v 0.0651054 -0.323499 -0.210229
vn 0.896737 -0.0408114 0.440678
v 0.0325528 -0.32105 -0.219929
vn -0.0553543 0.908102 0.415074
v 0.0475412 -0.323499 -0.212571
vn -0.0553537 0.908105 0.415069
v 0.0625286 -0.325949 -0.205213
vn 0.896819 -0.0409381 0.440499
v 0.0826475 -0.32105 -0.207616
vn -0.196144 -0.980573 0.00222153
v 0.095038 -0.323499 -0.194971
vn -0.196132 -0.980575 0.00222995
v 0.0800717 -0.323499 -0.2026
vn 0.180957 -0.917182 -0.35501
v 0.10743 -0.325949 -0.182327
vn -0.196022 -0.980597 0.00213495
v 0.0924623 -0.325949 -0.189955
vn 0.180951 -0.917185 -0.355004
v 0.11982 -0.328399 -0.169682
vn 0.0395463 -0.998407 0.0402494
v 0.104853 -0.328399 -0.17731
vn 0.000622697 -0.999999 -0.00123494
v 0.0898865 -0.328399 -0.184939
vn 0.000627757 -0.999999 -0.0012294
v 0.0749201 -0.328399 -0.192568
vn 0.000626671 -0.999999 -0.00122966
v 0.0774959 -0.325949 -0.197584
vn 0.180951 -0.917184 -0.355007
v 0.127629 -0.32105 -0.177539
vn 0.694043 0.0315212 0.719243
v 0.112635 -0.32105 -0.187564
vn -0.311289 0.828477 0.465537
v 0.125025 -0.323499 -0.17492
vn 0.693926 0.0321159 0.71933
v 0.0976412 -0.32105 -0.19759
vn -0.311289 0.828477 0.465537
v 0.110032 -0.323499 -0.184946
vn -0.311306 0.828457 0.465562
v 0.122423 -0.325949 -0.172301
vn 0.694055 0.0312174 0.719245
v 0.140094 -0.32105 -0.165073
vn -0.407701 0.821577 0.398486
v 0.149957 -0.323499 -0.149989
vn -0.433585 0.799761 0.415194
v 0.137491 -0.323499 -0.162454
vn 0.390919 -0.83328 -0.39093
v 0.159819 -0.325949 -0.134905
vn -0.38657 0.837094 0.387089
v 0.147354 -0.325949 -0.14737
vn 0.390913 -0.833289 -0.390918
v 0.169681 -0.328399 -0.119821
vn 0.0602205 -0.992852 0.103042
v 0.157216 -0.328399 -0.132286
vn 0.00121379 -0.999999 -0.00121359
v 0.144751 -0.328399 -0.144751
vn 0.00121382 -0.999999 -0.00120727
v 0.132285 -0.328399 -0.157217
vn 0.00121397 -0.999999 -0.00121412
v 0.134889 -0.325949 -0.159836
vn 0.390934 -0.833272 -0.390934
v 0.177538 -0.32105 -0.127629
vn 0.414372 0.417021 0.808943
v 0.165057 -0.32105 -0.14011
vn -0.390929 0.833279 0.390923
v 0.174919 -0.323499 -0.125026
vn 0.414437 0.41638 0.80924
v 0.152575 -0.32105 -0.152592
vn -0.390935 0.833271 0.390935
v 0.162438 -0.323499 -0.137508
vn -0.390949 0.833263 0.390937
v 0.1723 -0.325949 -0.122424
vn 0.414636 0.416449 0.809103
v 0.185166 -0.32105 -0.112663
vn -0.0015893 0.99036 0.138506
v 0.190177 -0.323499 -0.0950923
vn -0.00157447 0.990352 0.138562
v 0.182549 -0.323499 -0.11006
vn 0.509401 -0.820423 -0.259648
v 0.195188 -0.325949 -0.0775229
vn -0.0015893 0.99036 0.138505
v 0.187558 -0.325949 -0.0924892
vn 0.509385 -0.820435 -0.259642
v 0.200197 -0.328399 -0.0599524
vn 0.756668 0.653794 0.00280594
v 0.192569 -0.328399 -0.0749197
vn -0.278607 -0.949849 0.142004
v 0.184939 -0.328399 -0.0898871
vn -0.2786 -0.94985 0.142012
v 0.177311 -0.328399 -0.104853
vn -0.278596 -0.949852 0.142006
v 0.17993 -0.325949 -0.107457
vn 0.509384 -0.820435 -0.259642
v 0.215245 -0.32105 -0.0676808
vn -0.000454205 0.724984 0.688765
v 0.205219 -0.32105 -0.0826745
vn -0.333089 0.916211 0.222734
v 0.21023 -0.323499 -0.065105
vn -0.000522887 0.725147 0.688594
v 0.195193 -0.32105 -0.0976681
vn -0.333076 0.916218 0.222721
v 0.200203 -0.323499 -0.0800987
vn -0.333084 0.916214 0.222728
v 0.205213 -0.325949 -0.0625281
vn -0.000578479 0.725236 0.6885
v 0.217603 -0.32105 -0.0526924
vn -0.69298 0.720944 -0.00426284
v 0.214944 -0.323499 -0.0351281
vn -0.6924 0.721502 -0.00423468
v 0.212586 -0.323499 -0.0501166
vn 0.410922 -0.909376 -0.0646343
v 0.212286 -0.325949 -0.0175639
vn -0.69294 0.720983 -0.00425489
v 0.209929 -0.325949 -0.0325524
vn 0.410932 -0.909372 -0.0646408
v 0.20727 -0.328399 -0.0149881
vn -0.3138 -0.948206 0.0493523
v 0.204913 -0.328399 -0.0299766
vn -0.313821 -0.948198 0.0493573
v 0.202555 -0.328399 -0.0449639
vn -0.313841 -0.948191 0.0493727
v 0.207571 -0.325949 -0.0475408
vn 0.410926 -0.909374 -0.0646419
v 0.222288 -0.32105 -0.0175639
vn -0.439185 0.896486 0.0585633
v 0.219945 -0.32105 -0.0351281
vn -0.439185 0.896486 0.0585633
v 0.217286 -0.323499 -0.0175639
vn -0.439184 0.896486 0.0585632
v 0.209724 -0.330836 0.0174287
vn 0.706279 0.701637 0.0942087
v 0.219851 -0.338148 2.86336e-07
vn -0.732598 -0.586145 0.346026
v 0.209821 -0.333274 0.0348561
vn 0.747328 0.658613 0.0879188
v 0.209919 -0.335711 0.0522845
vn 0.735224 0.671842 0.0898504
v 0.210016 -0.338148 0.0697119
vn -0.832935 -0.470692 -0.290979
v 0.203879 -0.332055 0.0636129
vn 0.17231 0.778147 0.603984
v 0.20501 -0.330836 0.0474045
vn -0.648064 -0.754732 -0.10195
v 0.207367 -0.330836 0.0324161
vn -0.648138 -0.754669 -0.101939
v 0.207561 -0.335711 0.0672718
vn 0.482396 0.81277 0.326647
v 0.195057 -0.330836 0.0774434
vn -0.487016 -0.834 -0.259342
v 0.189917 -0.333274 0.094934
vn -0.519382 -0.812144 -0.265827
v 0.187232 -0.338148 0.114864
vn -0.884423 -0.136475 -0.446286
v 0.184777 -0.335711 0.112424
vn -0.5185 -0.812777 -0.265613
v 0.179637 -0.338148 0.129915
vn 0.110275 0.902397 0.416555
v 0.182287 -0.333274 0.1099
vn -0.522778 -0.809751 -0.266472
v 0.129915 -0.338148 0.179637
vn -0.864809 -0.330791 -0.377734
v 0.107293 -0.330836 0.179765
vn 0.261345 0.812523 0.521061
v 0.0947664 -0.333274 0.189848
vn 0.261866 0.812018 0.521586
v 0.0697117 -0.338148 0.210016
vn -0.528839 -0.534336 -0.659404
v 0.0623928 -0.330836 0.202652
vn 0.0040886 0.711639 0.702534
v 0.0773591 -0.330836 0.195022
vn -0.270093 -0.803935 -0.529848
v 0.0923265 -0.330836 0.187393
vn -0.270086 -0.803932 -0.529856
v 0.0797991 -0.333274 0.197477
vn -0.270072 -0.803959 -0.529822
v 1.48574e-07 -0.338148 0.21985
vn -0.346021 -0.586142 -0.732603
v -0.0174272 -0.330836 0.209724
vn -0.0898742 0.671838 0.735225
v -0.0348556 -0.333274 0.209821
vn -0.0898631 0.671913 0.735158
v -0.052283 -0.335711 0.209919
vn -0.0812897 0.61275 0.786085
v -0.0697114 -0.338148 0.210016
vn -0.00382659 -0.595303 -0.803492
v -0.0623925 -0.330836 0.202652
vn -0.336837 0.813926 0.473355
v -0.0648325 -0.333274 0.205107
vn -0.336857 0.813902 0.473383
v -0.0672714 -0.335711 0.207561
vn -0.452899 0.815713 0.359854
v -0.129916 -0.338148 0.179637
vn 0.173017 0.0976412 -0.980067
v -0.134775 -0.330836 0.159739
vn -0.400653 0.824004 0.400619
v -0.149728 -0.333274 0.149797
vn -0.400609 0.824049 0.400568
v -0.164683 -0.335711 0.139856
vn -0.400607 0.824038 0.400593
v -0.179637 -0.338148 0.129915
vn 0.547667 -0.505557 -0.666689
v -0.17217 -0.330836 0.122343
vn -0.429785 -0.399588 -0.8097
v -0.159705 -0.330836 0.134809
vn 0.400646 -0.823991 -0.400651
v -0.174659 -0.333274 0.124868
vn -0.429772 -0.3996 -0.809701
v -0.14724 -0.330836 0.147274
vn 0.400658 -0.823982 -0.400658
v -0.162194 -0.333274 0.137333
vn 0.400662 -0.823973 -0.400673
v -0.177148 -0.335711 0.127391
vn -0.429794 -0.399454 -0.809762
v -0.179765 -0.330836 0.107293
vn -0.15835 0.985291 -0.0642392
v -0.189848 -0.333274 0.0947666
vn -0.158125 0.985314 -0.0644378
v -0.182254 -0.333274 0.109817
vn -0.524348 0.809351 0.264594
v -0.199932 -0.335711 0.0822392
vn -0.157602 0.985371 -0.0648464
v -0.192337 -0.335711 0.0972897
vn -0.524333 0.809364 0.264584
v -0.210016 -0.338148 0.0697119
vn 0.623662 -0.487942 -0.610703
v -0.202421 -0.338148 0.0847624
vn 0.821221 -0.392269 -0.414392
v -0.194826 -0.338148 0.099814
vn 0.821294 -0.392077 -0.414429
v -0.187231 -0.338148 0.114864
vn 0.821287 -0.392078 -0.414443
v -0.184742 -0.335711 0.11234
vn -0.524319 0.809377 0.264574
v -0.202651 -0.330836 0.0623929
vn -0.388967 -0.425876 -0.816906
v -0.195022 -0.330836 0.0773592
vn 0.529841 -0.803945 -0.270076
v -0.205106 -0.333274 0.0648329
vn -0.388953 -0.425922 -0.816888
v -0.187394 -0.330836 0.0923266
vn 0.529832 -0.803957 -0.270058
v -0.197477 -0.333274 0.0797992
vn 0.529837 -0.803951 -0.270067
v -0.207561 -0.335711 0.0672718
vn -0.388727 -0.426148 -0.816878
v -0.20511 -0.330836 0.0449645
vn -0.493672 0.869408 0.0204492
v -0.210024 -0.333274 0.0299771
vn -0.493665 0.869412 0.0204431
v -0.207565 -0.333274 0.0474045
vn -0.653916 0.750921 0.092252
v -0.214937 -0.335711 0.0149887
vn -0.493636 0.869428 0.0204572
v -0.212478 -0.335711 0.0324161
vn -0.653918 0.75092 0.0922541
v -0.21985 -0.338148 2.86336e-07
vn 0.732559 -0.58623 -0.345966
v -0.217392 -0.338148 0.0174287
vn 0.756865 -0.644791 -0.106774
v -0.214933 -0.338148 0.0348561
vn 0.756861 -0.644794 -0.106779
v -0.212474 -0.338148 0.0522845
vn 0.756863 -0.644793 -0.106774
v -0.21002 -0.335711 0.0498445
vn -0.653917 0.750921 0.0922521
v -0.212183 -0.330836 2.86336e-07
vn -0.408273 0.428108 -0.806249
v -0.209825 -0.330836 0.0149887
vn 0.686107 -0.719452 -0.107922
v -0.214739 -0.333274 2.86336e-07
vn -0.408275 0.428119 -0.806242
v -0.207468 -0.330836 0.0299771
vn 0.686109 -0.719449 -0.107925
v -0.212381 -0.333274 0.0149887
vn 0.686107 -0.719451 -0.107922
v -0.217295 -0.335711 2.86336e-07
vn -0.408284 0.428121 -0.806237
v -0.209724 -0.330836 -0.0174271
vn -0.947172 0.318316 -0.0392545
v -0.209821 -0.333274 -0.0348555
vn -0.947176 0.318306 -0.0392349
v -0.21228 -0.333274 -0.0174271
vn -0.686889 0.720272 -0.0969054
v -0.209919 -0.335711 -0.0522829
vn -0.947184 0.318284 -0.0392241
v -0.212377 -0.335711 -0.0348555
vn -0.686892 0.72027 -0.0969043
v -0.210016 -0.338148 -0.0697113
vn 0.870381 0.0378913 -0.490919
v -0.212474 -0.338148 -0.0522829
vn 0.729137 -0.676593 0.102864
v -0.214933 -0.338148 -0.0348555
vn 0.729153 -0.676576 0.102864
v -0.217392 -0.338148 -0.0174271
vn 0.729146 -0.676583 0.102869
v -0.214836 -0.335711 -0.0174271
vn -0.686889 0.720273 -0.0969053
v -0.202651 -0.330836 -0.0623923
vn -0.00833302 0.711642 -0.702493
v -0.205009 -0.330836 -0.0474039
vn 0.648068 -0.754729 0.10194
v -0.205106 -0.333274 -0.0648323
vn -0.00837748 0.711615 -0.702519
v -0.207367 -0.330836 -0.0324155
vn 0.648078 -0.754721 0.101938
v -0.207464 -0.333274 -0.0498439
vn 0.648076 -0.754722 0.10194
v -0.207561 -0.335711 -0.0672713
vn -0.00842308 0.711587 -0.702547
v -0.195057 -0.330836 -0.0774429
vn -0.193751 -0.977838 0.0793268
v -0.189917 -0.333274 -0.0949345
vn -0.195523 -0.977531 0.0787712
v -0.197511 -0.333274 -0.0798829
vn -0.531382 0.803576 -0.268138
v -0.184777 -0.335711 -0.112425
vn -0.196598 -0.97737 0.0780796
v -0.192371 -0.335711 -0.0973734
vn -0.5314 0.803563 -0.268144
v -0.179637 -0.338148 -0.129916
vn 0.980074 0.0974744 0.173072
v -0.187231 -0.338148 -0.114864
vn 0.892326 -0.0316551 0.450281
v -0.194826 -0.338148 -0.0998134
vn 0.89234 -0.0315728 0.450258
v -0.202421 -0.338148 -0.0847618
vn 0.892326 -0.0316556 0.450281
v -0.199966 -0.335711 -0.0823229
vn -0.5314 0.803563 -0.268144
v -0.17217 -0.330836 -0.122344
vn 0.427676 0.401771 -0.809737
v -0.179799 -0.330836 -0.107378
vn 0.522808 -0.809729 0.266478
v -0.174659 -0.333274 -0.124868
vn 0.427736 0.401717 -0.809732
v -0.187428 -0.330836 -0.0924102
vn 0.52279 -0.809742 0.266472
v -0.182288 -0.333274 -0.109901
vn 0.522772 -0.809756 0.266466
v -0.177148 -0.335711 -0.127391
vn 0.427693 0.401636 -0.809795
v -0.15974 -0.330836 -0.134774
vn 0.400306 -0.82428 0.400396
v -0.149798 -0.333274 -0.149729
vn 0.411732 -0.817111 0.403493
v -0.162228 -0.333274 -0.137299
vn -0.400658 0.823982 -0.400658
v -0.139857 -0.335711 -0.164683
vn 0.424191 -0.802331 0.419913
v -0.152287 -0.335711 -0.152252
vn -0.400651 0.823992 -0.400645
v -0.129916 -0.338148 -0.179638
vn 0.864767 -0.330801 0.377822
v -0.142346 -0.338148 -0.167207
vn 0.707121 -0.000401917 0.707093
v -0.154776 -0.338148 -0.154777
vn 0.707116 -0.000760367 0.707097
v -0.167206 -0.338148 -0.142346
vn 0.707107 -0.000855727 0.707106
v -0.164718 -0.335711 -0.139822
vn -0.400657 0.823983 -0.400657
v -0.122344 -0.330836 -0.17217
vn 0.809831 -0.399189 -0.429909
v -0.134809 -0.330836 -0.159705
vn 0.400651 -0.823991 0.400646
v -0.124868 -0.333274 -0.17466
vn 0.80965 -0.399601 -0.429867
v -0.147275 -0.330836 -0.14724
vn 0.400651 -0.823992 0.400645
v -0.137334 -0.333274 -0.162194
vn 0.400673 -0.823973 0.400662
v -0.127391 -0.335711 -0.177148
vn 0.809796 -0.399271 -0.429898
v -0.107294 -0.330836 -0.179765
vn 0.0646738 0.985391 -0.157549
v -0.0947662 -0.333274 -0.189849
vn 0.0650578 0.985382 -0.157449
v -0.109817 -0.333274 -0.182254
vn -0.264563 0.80938 -0.524319
v -0.0822388 -0.335711 -0.199932
vn 0.0647824 0.985374 -0.157613
v -0.0972893 -0.335711 -0.192338
vn -0.264571 0.809367 -0.524335
v -0.0697114 -0.338148 -0.210016
vn 0.610747 -0.487865 0.623679
v -0.084762 -0.338148 -0.202421
vn 0.414375 -0.392286 0.821222
v -0.0998135 -0.338148 -0.194827
vn 0.414417 -0.39213 0.821275
v -0.114864 -0.338148 -0.187232
vn 0.414373 -0.392202 0.821263
v -0.112341 -0.335711 -0.184743
vn -0.264579 0.80936 -0.524341
v -0.0623925 -0.330836 -0.202651
vn 0.816843 -0.426091 -0.388863
v -0.0773599 -0.330836 -0.195023
vn 0.270071 -0.803936 0.529857
v -0.0648325 -0.333274 -0.205106
vn 0.816947 -0.425797 -0.388965
v -0.0923262 -0.330836 -0.187394
vn 0.270075 -0.803937 0.529854
v -0.0797988 -0.333274 -0.197477
vn 0.270071 -0.803936 0.529857
v -0.0672714 -0.335711 -0.207561
vn 0.816861 -0.4261 -0.388816
v -0.0449641 -0.330836 -0.20511
vn -0.0204421 0.869419 -0.493653
v -0.0299767 -0.333274 -0.210024
vn -0.020449 0.869425 -0.493641
v -0.0474041 -0.333274 -0.207565
vn -0.0922611 0.750925 -0.653911
v -0.0149883 -0.335711 -0.214938
vn -0.020455 0.869416 -0.493657
v -0.0324156 -0.335711 -0.212479
vn -0.0922628 0.75092 -0.653917
v 1.48574e-07 -0.338148 -0.219851
vn 0.34598 -0.586221 0.73256
v -0.0174272 -0.338148 -0.217392
vn 0.106792 -0.64476 0.756889
v -0.0348556 -0.338148 -0.214933
vn 0.106791 -0.644751 0.756896
v -0.052283 -0.338148 -0.212474
vn 0.106792 -0.644759 0.756889
v -0.0498441 -0.335711 -0.21002
vn -0.0922629 0.750919 -0.653917
v 1.48574e-07 -0.330836 -0.212184
vn 0.806154 0.428201 -0.408363
v -0.0149883 -0.330836 -0.209826
vn 0.107935 -0.719446 0.686111
v 1.48574e-07 -0.333274 -0.21474
vn 0.806155 0.428202 -0.40836
v -0.0299767 -0.330836 -0.207468
vn 0.107939 -0.719445 0.68611
v -0.0149883 -0.333274 -0.212382
vn 0.107935 -0.719446 0.686111
v 1.48574e-07 -0.335711 -0.217295
vn 0.806155 0.4282 -0.408362
v 0.0174286 -0.330836 -0.209725
vn 0.0392206 0.318202 -0.947211
v 0.0348559 -0.333274 -0.209822
vn 0.0392335 0.318039 -0.947265
v 0.0174286 -0.333274 -0.212281
vn 0.0969156 0.720267 -0.686894
v 0.0522843 -0.335711 -0.209919
vn 0.0392204 0.318204 -0.947211
v 0.0348559 -0.335711 -0.212378
vn 0.0969157 0.720267 -0.686894
v 0.0697117 -0.338148 -0.210016
vn 0.490968 0.0381457 0.870342
v 0.0522843 -0.338148 -0.212474
vn -0.102877 -0.676577 0.72915
v 0.0348559 -0.338148 -0.214933
vn -0.102878 -0.676583 0.729144
v 0.0174286 -0.338148 -0.217392
vn -0.102877 -0.676576 0.729151
v 0.0174286 -0.335711 -0.214837
vn 0.0969156 0.720267 -0.686894
v 0.0623928 -0.330836 -0.202651
vn 0.702495 0.71164 -0.00832969
v 0.0474043 -0.330836 -0.205009
vn -0.101951 -0.754733 0.648062
v 0.0648328 -0.333274 -0.205106
vn 0.702523 0.711612 -0.00837557
v 0.0324159 -0.330836 -0.207367
vn -0.101952 -0.754731 0.648064
v 0.0498443 -0.333274 -0.207464
vn -0.101951 -0.754733 0.648062
v 0.0672717 -0.335711 -0.207561
vn 0.70252 0.711613 -0.00851969
v 0.0774433 -0.330836 -0.195057
vn -0.0795595 -0.97792 -0.193244
v 0.0949338 -0.333274 -0.189917
vn -0.0794089 -0.977657 -0.194633
v 0.0798833 -0.333274 -0.197512
vn 0.268131 0.803583 -0.531376
v 0.112424 -0.335711 -0.184777
vn -0.0795306 -0.977782 -0.193952
v 0.0973738 -0.335711 -0.192372
vn 0.268132 0.803584 -0.531374
v 0.129915 -0.338148 -0.179638
vn -0.171439 0.0996892 0.980138
v 0.114864 -0.338148 -0.187232
vn -0.450275 -0.0313516 0.89234
v 0.0998138 -0.338148 -0.194827
vn -0.450266 -0.0314191 0.892341
v 0.0847622 -0.338148 -0.202421
vn -0.450269 -0.0315532 0.892335
v 0.0823233 -0.335711 -0.199966
vn 0.268137 0.803561 -0.531406
v 0.122343 -0.330836 -0.17217
vn 0.809757 0.401689 0.427716
v 0.107377 -0.330836 -0.1798
vn -0.266464 -0.809769 0.522754
v 0.124868 -0.333274 -0.17466
vn 0.809794 0.40154 0.427785
v 0.0924107 -0.330836 -0.187428
vn -0.266474 -0.809738 0.522796
v 0.1099 -0.333274 -0.182288
vn -0.266482 -0.809729 0.522807
v 0.127391 -0.335711 -0.177148
vn 0.809696 0.401852 0.427676
v 0.134774 -0.330836 -0.15974
vn -0.414342 -0.810461 0.414093
v 0.149729 -0.333274 -0.149799
vn -0.387302 -0.83671 0.387186
v 0.137298 -0.333274 -0.162229
vn 0.400658 0.823982 -0.400658
v 0.164682 -0.335711 -0.139857
vn -0.414525 -0.810243 0.414338
v 0.152252 -0.335711 -0.152287
vn 0.400657 0.823983 -0.400657
v 0.179637 -0.338148 -0.129916
vn -0.755757 -0.392378 0.524281
v 0.167206 -0.338148 -0.142346
vn -0.707107 -0.000287694 0.707106
v 0.154776 -0.338148 -0.154777
vn -0.657399 -0.368367 0.657368
v 0.142345 -0.338148 -0.167207
vn -0.681623 -0.266045 0.681623
v 0.139821 -0.335711 -0.164718
vn 0.400657 0.823983 -0.400657
v 0.172171 -0.330836 -0.122344
vn 0.597404 0.78412 -0.16812
v 0.159705 -0.330836 -0.134809
vn -0.400661 -0.823973 0.400673
v 0.174659 -0.333274 -0.124868
vn 0.597462 0.784068 -0.168157
v 0.147239 -0.330836 -0.147274
vn -0.400661 -0.823973 0.400672
v 0.162194 -0.333274 -0.137333
vn -0.400674 -0.823964 0.400679
v 0.177148 -0.335711 -0.127391
vn 0.597378 0.784138 -0.168129
v 0.210016 -0.338148 -0.0697113
vn -0.623736 -0.487841 0.610708
v 0.229865 -0.358327 0.0700676
vn 0.608671 -0.202864 0.76705
v 0.232382 -0.358327 0.0525508
vn 0.872872 0.471563 0.125389
v 0.234898 -0.358327 0.035034
vn 0.872899 0.471512 0.125393
v 0.237415 -0.358327 0.0175171
vn 0.961451 0.237754 0.138151
v 0.239932 -0.358327 2.86336e-07
vn -0.674044 -0.714665 0.186865
v 0.214978 -0.343193 0.0698013
vn 0.00420634 0.0217445 0.999755
v 0.222422 -0.35076 0.069934
vn 0.00424512 0.0217679 0.999754
v 0.189706 -0.358327 0.139908
vn 0.550242 -0.0157632 0.834856
v 0.139909 -0.358327 0.189707
vn 0.264784 -0.508419 0.81939
v 0.0700675 -0.358327 0.229866
vn -0.0144977 -0.199872 0.979715
v 1.48574e-07 -0.358327 0.239932
vn -0.17621 0.514982 0.838894
v -0.0700672 -0.358327 0.229866
vn -0.709748 -0.110665 0.695709
v -0.109197 -0.349499 0.198592
vn -0.350149 0.87085 0.344986
v -0.139908 -0.358327 0.189707
vn -0.684143 0.375205 0.625436
v -0.189706 -0.358327 0.139908
vn -0.868071 -0.401917 0.291403
v -0.192194 -0.343193 0.114953
vn -0.737542 0.504496 0.448904
v -0.204751 -0.348238 0.0999908
vn -0.737531 0.504511 0.448906
v -0.217309 -0.353282 0.0850298
vn -0.737539 0.50449 0.448916
v -0.229866 -0.358327 0.0700676
vn -0.756822 -0.585419 0.290697
v -0.214978 -0.343193 0.0698013
vn -0.403659 0.382378 -0.831172
v -0.207384 -0.343193 0.0848519
vn 0.668169 -0.663227 -0.337165
v -0.219941 -0.348238 0.0698897
vn -0.403636 0.38247 -0.831141
v -0.199789 -0.343193 0.0999024
vn 0.668178 -0.663213 -0.337173
v -0.212346 -0.348238 0.0849403
vn 0.668163 -0.663233 -0.337165
v -0.224904 -0.353282 0.0699792
vn -0.403653 0.382371 -0.831178
v -0.217495 -0.343193 0.0522845
vn -0.707899 -0.536728 0.459132
v -0.224974 -0.348238 0.0348561
vn -0.710842 -0.532725 0.459247
v -0.222457 -0.348238 0.0523729
vn -0.708287 0.698553 0.101746
v -0.232452 -0.353282 0.0174287
vn -0.707786 -0.536873 0.459137
v -0.229936 -0.353282 0.0349455
vn -0.708287 0.698553 0.101746
v -0.239931 -0.358327 2.86336e-07
vn -0.935188 0.0850022 -0.343799
v -0.237415 -0.358327 0.0175171
vn -0.989823 -0.00572665 0.142187
v -0.234899 -0.358327 0.035034
vn -0.989823 -0.00571201 0.142189
v -0.232382 -0.358327 0.0525508
vn -0.989823 -0.005712 0.142189
v -0.22742 -0.353282 0.0524624
vn -0.708287 0.698553 0.101746
v -0.224871 -0.343193 2.86336e-07
vn -0.0177638 0.0176785 -0.999686
v -0.222412 -0.343193 0.0174287
vn 0.705307 -0.701885 -0.0995029
v -0.229891 -0.348238 2.86336e-07
vn -0.017764 0.0176778 -0.999686
v -0.219953 -0.343193 0.0348561
vn 0.705306 -0.701885 -0.0995029
v -0.227432 -0.348238 0.0174287
vn 0.705306 -0.701885 -0.0995029
v -0.234911 -0.353282 2.86336e-07
vn -0.0177638 0.0176776 -0.999686
v -0.222354 -0.343193 -0.0175165
vn -0.33557 0.916896 -0.21609
v -0.224858 -0.348238 -0.0350334
vn -0.333717 0.91743 -0.216692
v -0.227375 -0.348238 -0.0175165
vn -0.705178 0.701757 -0.1013
v -0.227362 -0.353282 -0.0525502
vn -0.332655 0.917797 -0.216771
v -0.229879 -0.353282 -0.0350334
vn -0.705178 0.701757 -0.1013
v -0.229866 -0.358327 -0.0700671
vn -0.695714 -0.110748 -0.70973
v -0.232382 -0.358327 -0.0525502
vn -0.974934 -0.172889 -0.14005
v -0.234899 -0.358327 -0.0350334
vn -0.974934 -0.172885 -0.14005
v -0.237415 -0.358327 -0.0175165
vn -0.974934 -0.172887 -0.14005
v -0.232395 -0.353282 -0.0175165
vn -0.705178 0.701757 -0.1013
v -0.214978 -0.343193 -0.0698008
vn -0.00421139 0.021804 -0.999753
v -0.217437 -0.343193 -0.0523724
vn 0.708432 -0.698667 0.0999428
v -0.219941 -0.348238 -0.0698892
vn -0.00434997 0.0218491 -0.999752
v -0.219896 -0.343193 -0.0349439
vn 0.708432 -0.698667 0.0999427
v -0.2224 -0.348238 -0.0524618
vn 0.708432 -0.698667 0.0999427
v -0.224904 -0.353282 -0.0699787
vn -0.00425551 0.0218732 -0.999752
v -0.204938 -0.343193 -0.0872608
vn -0.345026 0.870834 -0.35015
v -0.199861 -0.348238 -0.10481
vn -0.344929 0.870871 -0.350154
v -0.209901 -0.348238 -0.0873502
vn -0.656758 0.652728 -0.377644
v -0.194784 -0.353282 -0.12236
vn -0.344847 0.870916 -0.350122
v -0.204824 -0.353282 -0.1049
vn -0.656759 0.652728 -0.377644
v -0.189706 -0.358327 -0.139909
vn -0.550199 -0.0157925 -0.834884
v -0.199746 -0.358327 -0.122449
vn -0.765444 -0.469425 -0.440154
v -0.209786 -0.358327 -0.104988
vn -0.765445 -0.46945 -0.440126
v -0.219826 -0.358327 -0.0875281
vn -0.765449 -0.469415 -0.440156
v -0.214864 -0.353282 -0.0874387
vn -0.656758 0.652728 -0.377644
v -0.182154 -0.343193 -0.132413
vn 0.463099 0.196847 -0.864171
v -0.189749 -0.343193 -0.117363
vn 0.742157 -0.555838 0.374495
v -0.184671 -0.348238 -0.134912
vn 0.463078 0.196914 -0.864166
v -0.197344 -0.343193 -0.102311
vn 0.742166 -0.555828 0.374491
v -0.192266 -0.348238 -0.119862
vn 0.742166 -0.555829 0.374492
v -0.187189 -0.353282 -0.137411
vn 0.463247 0.196828 -0.864096
v -0.169705 -0.343193 -0.144863
vn -0.573418 0.584662 -0.573902
v -0.159772 -0.348238 -0.15981
vn -0.540765 0.62595 -0.561925
v -0.172222 -0.348238 -0.147362
vn -0.578438 0.575155 -0.578451
v -0.149841 -0.353282 -0.174759
vn -0.600011 0.534298 -0.595409
v -0.16229 -0.353282 -0.162309
vn -0.57844 0.575149 -0.578456
v -0.139908 -0.358327 -0.189706
vn -0.291386 -0.402121 -0.867982
v -0.152358 -0.358327 -0.177257
vn -0.570275 -0.591235 -0.570287
v -0.164807 -0.358327 -0.164808
vn -0.570375 -0.591039 -0.570391
v -0.177257 -0.358327 -0.152359
vn -0.570336 -0.59113 -0.570336
v -0.17474 -0.353282 -0.14986
vn -0.578447 0.575142 -0.578455
v -0.132414 -0.343193 -0.182155
vn 0.417624 0.231644 -0.878596
v -0.144844 -0.343193 -0.169724
vn 0.578494 -0.575072 0.578478
v -0.134911 -0.348238 -0.184672
vn 0.417659 0.231709 -0.878562
v -0.157275 -0.343193 -0.157293
vn 0.578475 -0.575095 0.578475
v -0.147342 -0.348238 -0.172241
vn 0.578463 -0.575126 0.578456
v -0.13741 -0.353282 -0.187189
vn 0.417643 0.231319 -0.878673
v -0.114954 -0.343193 -0.192195
vn -0.668962 -0.344166 -0.658817
v -0.0999914 -0.348238 -0.204752
vn -0.668947 -0.343848 -0.658999
v -0.117451 -0.348238 -0.194712
vn -0.412324 0.561976 -0.717058
v -0.0850293 -0.353282 -0.217309
vn -0.669007 -0.343423 -0.659159
v -0.102489 -0.353282 -0.207269
vn -0.412315 0.561983 -0.717058
v -0.0700672 -0.358327 -0.229866
vn 0.0144827 -0.199902 -0.979709
v -0.0875272 -0.358327 -0.219826
vn -0.369238 -0.671808 -0.642134
v -0.104988 -0.358327 -0.209786
vn -0.369236 -0.671798 -0.642146
v -0.122448 -0.358327 -0.199746
vn -0.369218 -0.671865 -0.642087
v -0.11995 -0.353282 -0.197229
vn -0.412314 0.561993 -0.71705
v -0.0698009 -0.343193 -0.214978
vn 0.831075 0.382494 -0.403748
v -0.0848514 -0.343193 -0.207384
vn 0.337146 -0.663244 0.668162
v -0.0698893 -0.348238 -0.219941
vn 0.831225 0.382335 -0.403589
v -0.099902 -0.343193 -0.199789
vn 0.337148 -0.663243 0.668162
v -0.0849409 -0.348238 -0.212346
vn 0.337147 -0.663241 0.668164
v -0.0699788 -0.353282 -0.224903
vn 0.831165 0.382438 -0.403616
v -0.052283 -0.343193 -0.217494
vn -0.459168 -0.521877 -0.718894
v -0.0348556 -0.348238 -0.224973
vn -0.45924 -0.533029 -0.710618
v -0.0523725 -0.348238 -0.222457
vn -0.101744 0.698555 -0.708286
v -0.0174272 -0.353282 -0.232452
vn -0.45934 -0.528952 -0.713594
v -0.0349441 -0.353282 -0.229936
vn -0.101744 0.698555 -0.708286
v 1.48574e-07 -0.358327 -0.239931
vn 0.343774 0.0850719 -0.935191
v -0.0175167 -0.358327 -0.237415
vn -0.142187 -0.00566479 -0.989824
v -0.0350335 -0.358327 -0.234899
vn -0.142184 -0.00563194 -0.989824
v -0.0525504 -0.358327 -0.232382
vn -0.142189 -0.00571112 -0.989823
v -0.052462 -0.353282 -0.22742
vn -0.101744 0.698555 -0.708286
v 1.48574e-07 -0.343193 -0.224871
vn 0.999678 0.0178881 -0.0179771
v -0.0174272 -0.343193 -0.222412
vn 0.099516 -0.701865 0.705324
v 1.48574e-07 -0.348238 -0.229891
vn 0.999678 0.017889 -0.0179771
v -0.0348556 -0.343193 -0.219953
vn 0.099516 -0.701865 0.705324
v -0.0174272 -0.348238 -0.227432
vn 0.099516 -0.701865 0.705324
v 1.48574e-07 -0.353282 -0.234911
vn 0.999678 0.017889 -0.0179771
v 0.017517 -0.343193 -0.222355
vn 0.216534 0.917478 -0.333689
v 0.0350338 -0.348238 -0.224859
vn 0.21653 0.917466 -0.333723
v 0.017517 -0.348238 -0.227375
vn 0.101302 0.701738 -0.705196
v 0.0525507 -0.353282 -0.227362
vn 0.216505 0.917448 -0.333788
v 0.0350338 -0.353282 -0.229879
vn 0.101302 0.701738 -0.705196
v 0.0700675 -0.358327 -0.229866
vn 0.709728 -0.110965 -0.695681
v 0.0525507 -0.358327 -0.232382
vn 0.140046 -0.173045 -0.974906
v 0.0350338 -0.358327 -0.234899
vn 0.140046 -0.173047 -0.974906
v 0.017517 -0.358327 -0.237415
vn 0.140047 -0.173048 -0.974906
v 0.017517 -0.353282 -0.232395
vn 0.101302 0.701738 -0.705196
v 0.0698012 -0.343193 -0.214978
vn 0.999755 0.0217323 -0.00420876
v 0.0523728 -0.343193 -0.217437
vn -0.0999546 -0.698665 0.708432
v 0.0698896 -0.348238 -0.219941
vn 0.999752 0.0218508 -0.00425977
v 0.0349454 -0.343193 -0.219896
vn -0.0999546 -0.698665 0.708433
v 0.0524622 -0.348238 -0.2224
vn -0.0999546 -0.698665 0.708433
v 0.0699791 -0.353282 -0.224903
vn 0.999755 0.0217377 -0.00421427
v 0.0872612 -0.343193 -0.204938
vn 0.350181 0.870808 -0.345061
v 0.104811 -0.348238 -0.199861
vn 0.350169 0.870797 -0.345101
v 0.0873496 -0.348238 -0.209901
vn 0.37765 0.652719 -0.656763
v 0.122359 -0.353282 -0.194783
vn 0.350126 0.87087 -0.34496
v 0.104899 -0.353282 -0.204823
vn 0.37765 0.652719 -0.656763
v 0.139909 -0.358327 -0.189706
vn 0.834857 -0.0156529 -0.550245
v 0.122449 -0.358327 -0.199746
vn 0.440155 -0.469421 -0.765446
v 0.104988 -0.358327 -0.209786
vn 0.440118 -0.46953 -0.7654
v 0.0875275 -0.358327 -0.219826
vn 0.44011 -0.469585 -0.765371
v 0.0874391 -0.353282 -0.214863
vn 0.377653 0.652725 -0.656756
v 0.132413 -0.343193 -0.182155
vn 0.855202 0.496973 -0.14713
v 0.117362 -0.343193 -0.189749
vn -0.374506 -0.555799 0.742181
v 0.134912 -0.348238 -0.184672
vn 0.855232 0.49693 -0.147103
v 0.102312 -0.343193 -0.197344
vn -0.3745 -0.555802 0.742182
v 0.119861 -0.348238 -0.192266
vn -0.374506 -0.555794 0.742185
v 0.13741 -0.353282 -0.187189
vn 0.719604 0.560736 -0.409567
v 0.159811 -0.348238 -0.159773
vn 0.578449 0.575069 -0.578527
v 0.189706 -0.358327 -0.139909
vn 0.868638 -0.399815 -0.292602
v 0.177257 -0.358327 -0.152359
vn 0.698903 -0.151889 -0.698902
v 0.164808 -0.358327 -0.164808
vn 0.698906 -0.151749 -0.69893
v 0.152358 -0.358327 -0.177257
vn 0.689262 0.223122 -0.6893
v 0.182154 -0.343193 -0.132413
vn 0.878581 0.231814 0.417562
v 0.169723 -0.343193 -0.144844
vn -0.578456 -0.575147 0.578442
v 0.184672 -0.348238 -0.134912
vn 0.878681 0.231454 0.417552
v 0.187189 -0.353282 -0.137411
vn 0.123878 -0.389952 0.912465
v 0.172241 -0.348238 -0.147343
vn -0.578434 -0.575176 0.578434
v 0.192194 -0.343193 -0.114953
vn -0.628341 -0.724639 0.282995
v 0.204751 -0.348238 -0.0999913
vn -0.628336 -0.724631 0.283026
v 0.194712 -0.348238 -0.117451
vn 0.717032 0.562033 -0.412291
v 0.217309 -0.353282 -0.0850292
vn -0.628305 -0.724672 0.282992
v 0.207269 -0.353282 -0.10249
vn 0.717048 0.562 -0.412308
v 0.229865 -0.358327 -0.0700671
vn 0.776091 0.176217 0.6055
v 0.219825 -0.358327 -0.0875281
vn 0.642148 -0.671796 -0.369238
v 0.209785 -0.358327 -0.104988
vn 0.642089 -0.671866 -0.369213
v 0.199746 -0.358327 -0.122449
vn 0.642227 -0.671702 -0.369271
v 0.197229 -0.353282 -0.11995
vn 0.717047 0.562009 -0.412298
v 0.237415 -0.358327 -0.0175165
vn 0.791118 0.601009 -0.113668
v 0.234898 -0.358327 -0.0350334
vn 0.791121 0.601009 -0.113648
v 0.232382 -0.358327 -0.0525502
vn 0.791097 0.601041 -0.11364
v 0.242512 -0.360885 0.020054
vn 0.706162 0.70805 -0.000538609
v 0.244921 -0.360885 2.86336e-07
vn 0.451226 0.8803 0.146516
v 0.245093 -0.363442 0.0401077
vn 0.59437 0.80377 0.0260288
v 0.255072 -0.368558 0.0401077
vn 0.0748282 0.997156 0.00898993
v 0.249911 -0.363442 2.86336e-07
vn 0.438868 0.856187 0.272651
v 0.247673 -0.366 0.0601613
vn 0.594164 0.803921 0.0260736
v 0.250254 -0.368558 0.080215
vn 0.0655751 0.997406 0.0296869
v 0.259891 -0.368558 2.86336e-07
vn 0.0651927 0.997844 0.00762533
v 0.254901 -0.366 2.86336e-07
vn 0.43883 0.856206 0.272653
v 0.241334 -0.364082 0.0757761
vn 0.0798252 0.777621 0.623646
v 0.224939 -0.360885 0.0900077
vn -0.357625 -0.91104 -0.205209
v 0.220013 -0.363442 0.109948
vn -0.357634 -0.911036 -0.205211
v 0.215086 -0.366 0.129888
vn -0.357626 -0.911039 -0.20521
v 0.21016 -0.368558 0.149828
vn 0.0886755 0.993132 0.0763285
v 0.230206 -0.368558 0.115021
vn 0.0832166 0.995378 0.0479294
v 0.240231 -0.368558 0.0976182
vn 0.0757727 0.99617 0.0436428
v 0.149827 -0.368558 0.21016
vn -0.69866 0.521072 -0.490264
v 0.164911 -0.368558 0.195077
vn 0.115922 0.986471 0.115922
v 0.179994 -0.368558 0.179994
vn 0.115922 0.986471 0.115922
v 0.195077 -0.368558 0.164911
vn 0.115922 0.986471 0.115922
v 0.0802149 -0.368558 0.250254
vn -0.629422 -0.248973 -0.736098
v 0.097618 -0.368558 0.240231
vn 0.0762112 0.988273 0.132318
v 0.115021 -0.368558 0.230207
vn 0.0697767 0.990179 0.121144
v 0.132424 -0.368558 0.220183
vn 0.0626886 0.99208 0.108848
v 0.129944 -0.366 0.21507
vn 0.205255 0.911516 0.356384
v 1.48574e-07 -0.368558 0.259891
vn -0.00705826 0.997261 0.0736238
v 0.0200538 -0.368558 0.257481
vn 0.0192142 0.986943 0.159917
v 0.0401075 -0.368558 0.255072
vn 0.0192098 0.986944 0.159916
v 0.0601612 -0.368558 0.252663
vn 0.0192094 0.986944 0.159912
v 1.48574e-07 -0.362164 0.247416
vn -0.38199 0.82241 0.421574
v 1.48574e-07 -0.366 0.254901
vn -0.113057 -0.884204 -0.453213
v -0.0200536 -0.360885 0.242512
vn 0.0648146 -0.913479 -0.401691
v -0.0401072 -0.363442 0.245093
vn 0.0648189 -0.913488 -0.401669
v -0.0601609 -0.366 0.247673
vn 0.0769155 -0.939579 -0.333579
v -0.0802146 -0.368558 0.250254
vn -0.0915017 0.994303 0.054677
v -0.0601609 -0.368558 0.252663
vn -0.0165894 0.990281 0.138091
v -0.0401072 -0.368558 0.255072
vn -0.013643 0.993436 0.113574
v -0.0200536 -0.368558 0.257481
vn -0.0136472 0.993436 0.113572
v -0.149828 -0.368558 0.21016
vn -0.0400329 0.998422 0.0393855
v -0.132425 -0.368558 0.220183
vn -0.0792999 0.987296 0.137688
v -0.115022 -0.368558 0.230207
vn -0.0793019 0.987296 0.137689
v -0.0976177 -0.368558 0.240231
vn -0.079301 0.987296 0.137687
v -0.142388 -0.360885 0.19482
vn 0.143418 -0.911191 -0.386214
v -0.144868 -0.363442 0.199933
vn 0.143428 -0.911186 -0.386223
v -0.147348 -0.366 0.205047
vn 0.14342 -0.911203 -0.386185
v -0.157471 -0.360885 0.179737
vn 0.304069 -0.902826 -0.30405
v -0.175035 -0.363442 0.169767
vn 0.304102 -0.902804 -0.304085
v -0.159951 -0.363442 0.18485
vn -0.304095 0.902803 0.304095
v -0.192597 -0.366 0.159797
vn 0.304091 -0.902805 -0.304091
v -0.177515 -0.366 0.17488
vn -0.304083 0.902813 0.304075
v -0.21016 -0.368558 0.149828
vn -0.0901893 0.995834 0.0134401
v -0.195077 -0.368558 0.164911
vn -0.0558735 0.996873 0.0558711
v -0.179995 -0.368558 0.179994
vn -0.0558725 0.996873 0.0558714
v -0.164911 -0.368558 0.195077
vn -0.0558716 0.996873 0.0558716
v -0.162431 -0.366 0.189963
vn -0.304077 0.902815 0.304077
v -0.250254 -0.368558 0.080215
vn -0.0532937 0.99856 0.00610126
v -0.24023 -0.368558 0.0976182
vn -0.132319 0.988273 0.0762094
v -0.230207 -0.368558 0.115021
vn -0.132318 0.988273 0.0762092
v -0.220183 -0.368558 0.132424
vn -0.132318 0.988273 0.0762094
v -0.234963 -0.360885 0.0726045
vn 0.311874 -0.905845 -0.286671
v -0.24006 -0.363442 0.0751413
vn 0.311876 -0.905844 -0.28667
v -0.245157 -0.366 0.0776782
vn 0.311873 -0.905845 -0.286671
v -0.237372 -0.360885 0.0525508
vn -0.296256 0.955027 -0.0125051
v -0.244878 -0.363442 0.035034
vn -0.296209 0.955041 -0.012509
v -0.242469 -0.363442 0.0550877
vn -0.427381 0.902612 0.0513448
v -0.252384 -0.366 0.0175171
vn -0.296258 0.955026 -0.0125048
v -0.249975 -0.366 0.0375708
vn -0.427381 0.902612 0.0513447
v -0.25989 -0.368558 2.86336e-07
vn -0.0584791 0.998266 -0.00667282
v -0.257481 -0.368558 0.020054
vn -0.0766395 0.997016 0.00920724
v -0.255072 -0.368558 0.0401077
vn -0.0766393 0.997016 0.00920737
v -0.252663 -0.368558 0.0601613
vn -0.0766395 0.997016 0.00920725
v -0.247566 -0.366 0.0576245
vn -0.427381 0.902612 0.0513448
v -0.244921 -0.360885 2.86336e-07
vn -0.341497 0.666202 -0.662989
v -0.242405 -0.360885 0.0175171
vn 0.455171 -0.888 -0.0653869
v -0.249911 -0.363442 2.86336e-07
vn -0.341457 0.666183 -0.663029
v -0.239888 -0.360885 0.035034
vn 0.45517 -0.888001 -0.0653857
v -0.247395 -0.363442 0.0175171
vn 0.45517 -0.888001 -0.0653857
v -0.254901 -0.366 2.86336e-07
vn -0.34151 0.666187 -0.662997
v -0.242512 -0.360885 -0.0200534
vn -0.827183 0.560848 0.0348914
v -0.245092 -0.363442 -0.0401071
vn -0.827217 0.560795 0.0349336
v -0.247502 -0.363442 -0.0200534
vn -0.455464 0.888571 -0.0547189
v -0.247673 -0.366 -0.0601608
vn -0.827308 0.560661 0.0349301
v -0.250082 -0.366 -0.0401071
vn -0.455464 0.888571 -0.054719
v -0.250254 -0.368558 -0.0802145
vn -0.0595014 0.997785 -0.0297525
v -0.252663 -0.368558 -0.0601608
vn -0.0748291 0.997156 -0.00898976
v -0.255072 -0.368558 -0.0401071
vn -0.074829 0.997156 -0.00898988
v -0.257481 -0.368558 -0.0200534
vn -0.0748291 0.997156 -0.00898975
v -0.252491 -0.366 -0.0200534
vn -0.455465 0.88857 -0.0547183
v -0.234963 -0.360885 -0.0726039
vn 0.0108925 0.69312 -0.72074
v -0.237479 -0.360885 -0.0550871
vn 0.423331 -0.903932 0.0608121
v -0.24006 -0.363442 -0.0751408
vn 0.0109365 0.693131 -0.720728
v -0.239996 -0.360885 -0.0375702
vn 0.423331 -0.903932 0.0608121
v -0.242576 -0.363442 -0.0576239
vn 0.423331 -0.903932 0.060812
v -0.245157 -0.366 -0.0776776
vn 0.0108911 0.693122 -0.720738
v -0.22494 -0.360885 -0.0900071
vn 0.919051 -0.293171 0.263432
v -0.220013 -0.363442 -0.109948
vn 0.91228 -0.308744 0.269114
v -0.230036 -0.363442 -0.0925439
vn -0.355647 0.911899 -0.20483
v -0.215086 -0.366 -0.129888
vn 0.911598 -0.314811 0.264355
v -0.22511 -0.366 -0.112485
vn -0.355647 0.911899 -0.20483
v -0.21016 -0.368558 -0.149828
vn -0.0398454 0.998398 -0.0401625
v -0.220183 -0.368558 -0.132425
vn -0.0667847 0.997026 -0.038465
v -0.230207 -0.368558 -0.115022
vn -0.0667864 0.997026 -0.0384643
v -0.24023 -0.368558 -0.0976176
vn -0.0667844 0.997026 -0.0384641
v -0.235133 -0.366 -0.0950808
vn -0.355647 0.911899 -0.20483
v -0.19482 -0.360885 -0.142389
vn 0.42632 0.0242707 -0.904247
v -0.20486 -0.360885 -0.124928
vn 0.356516 -0.911522 0.204998
v -0.199933 -0.363442 -0.144869
vn 0.426523 0.0239274 -0.90416
v -0.2149 -0.360885 -0.107468
vn 0.356509 -0.911524 0.204999
v -0.209973 -0.363442 -0.127408
vn 0.356509 -0.911524 0.204999
v -0.205046 -0.366 -0.147348
vn 0.426223 0.024471 -0.904287
v -0.179737 -0.360885 -0.157472
vn -0.304329 0.902681 -0.304222
v -0.169767 -0.363442 -0.175034
vn -0.304169 0.902774 -0.304108
v -0.18485 -0.363442 -0.159951
vn -0.304096 0.902802 -0.304097
v -0.159798 -0.366 -0.192597
vn -0.304108 0.90279 -0.30412
v -0.174881 -0.366 -0.177514
vn -0.30408 0.902812 -0.304082
v -0.149828 -0.368558 -0.21016
vn -0.0344704 0.997896 -0.054905
v -0.164911 -0.368558 -0.195077
vn -0.0558717 0.996873 -0.0558737
v -0.179995 -0.368558 -0.179994
vn -0.0558722 0.996873 -0.0558715
v -0.195077 -0.368558 -0.164911
vn -0.0558732 0.996873 -0.0558715
v -0.189964 -0.366 -0.162431
vn -0.304094 0.902805 -0.304088
v -0.142388 -0.360885 -0.19482
vn 0.259379 0.807513 -0.529759
v -0.154838 -0.360885 -0.18237
vn 0.304084 -0.902808 0.304091
v -0.144868 -0.363442 -0.199933
vn 0.259396 0.807546 -0.529701
v -0.167287 -0.360885 -0.169921
vn 0.304084 -0.902807 0.304094
v -0.157318 -0.363442 -0.187484
vn 0.304081 -0.90281 0.304087
v -0.147348 -0.366 -0.205046
vn 0.259347 0.807544 -0.529727
v -0.124985 -0.360885 -0.204843
vn 0.0651172 -0.971536 0.227767
v -0.110062 -0.363442 -0.21998
vn 0.0660132 -0.970835 0.230481
v -0.127465 -0.363442 -0.209957
vn -0.205261 0.911518 -0.356375
v -0.0951378 -0.366 -0.235117
vn 0.0654011 -0.971593 0.227441
v -0.112542 -0.366 -0.225094
vn -0.205255 0.911519 -0.356375
v -0.0802146 -0.368558 -0.250254
vn -0.00622754 0.99854 -0.0536555
v -0.0976177 -0.368558 -0.240231
vn -0.0364921 0.997323 -0.0633603
v -0.115022 -0.368558 -0.230207
vn -0.0364917 0.997323 -0.0633582
v -0.132425 -0.368558 -0.220183
vn -0.0364928 0.997323 -0.0633589
v -0.129945 -0.366 -0.21507
vn -0.20526 0.911519 -0.356373
v -0.0726041 -0.360885 -0.234963
vn 0.907425 -0.28537 -0.308454
v -0.0900641 -0.360885 -0.224923
vn 0.204568 -0.911912 0.355765
v -0.0751409 -0.363442 -0.24006
vn 0.90743 -0.285427 -0.308388
v -0.107525 -0.360885 -0.214883
vn 0.204568 -0.911912 0.355765
v -0.0926009 -0.363442 -0.23002
vn 0.204569 -0.911911 0.355766
v -0.0776778 -0.366 -0.245157
vn 0.907424 -0.285373 -0.308454
v -0.0525504 -0.360885 -0.237372
vn 0.0125308 0.955046 -0.296192
v -0.0350335 -0.363442 -0.244878
vn 0.0125398 0.955058 -0.296154
v -0.0550872 -0.363442 -0.242469
vn -0.0513374 0.90262 -0.427367
v -0.0175167 -0.366 -0.252384
vn 0.0125308 0.955046 -0.296193
v -0.0375704 -0.366 -0.249975
vn -0.0513374 0.90262 -0.427367
v 1.48574e-07 -0.368558 -0.25989
vn 0.00667279 0.998266 -0.0584788
v -0.0200536 -0.368558 -0.257481
vn -0.00920627 0.997016 -0.0766392
v -0.0401072 -0.368558 -0.255072
vn -0.00920627 0.997016 -0.0766391
v -0.0601609 -0.368558 -0.252663
vn -0.00920627 0.997016 -0.0766391
v -0.0576241 -0.366 -0.247566
vn -0.0513374 0.90262 -0.427367
v 1.48574e-07 -0.360885 -0.244921
vn 0.662978 0.666211 -0.341501
v -0.0175167 -0.360885 -0.242405
vn 0.0653868 -0.888 0.455171
v 1.48574e-07 -0.363442 -0.249911
vn 0.663018 0.666192 -0.341461
v -0.0350335 -0.360885 -0.239888
vn 0.0653857 -0.888001 0.45517
v -0.0175167 -0.363442 -0.247394
vn 0.0653857 -0.888001 0.45517
v 1.48574e-07 -0.366 -0.2549
vn 0.662967 0.666219 -0.341507
v 0.0200538 -0.360885 -0.242512
vn -0.0349828 0.560465 -0.827439
v 0.0401075 -0.363442 -0.245093
vn -0.0350367 0.560369 -0.827502
v 0.0200538 -0.363442 -0.247502
vn 0.054713 0.888571 -0.455464
v 0.0601612 -0.366 -0.247674
vn -0.035007 0.560402 -0.827481
v 0.0401075 -0.366 -0.250083
vn 0.0547124 0.888572 -0.455463
v 0.0802149 -0.368558 -0.250254
vn 0.0297523 0.997785 -0.059501
v 0.0601612 -0.368558 -0.252663
vn 0.00898879 0.997156 -0.0748286
v 0.0401075 -0.368558 -0.255072
vn 0.00898878 0.997156 -0.0748286
v 0.0200538 -0.368558 -0.257481
vn 0.00898879 0.997156 -0.0748286
v 0.0200538 -0.366 -0.252491
vn 0.0547124 0.888572 -0.455463
v 0.0726043 -0.360885 -0.234963
vn 0.720725 0.693135 0.0108889
v 0.0550875 -0.360885 -0.237479
vn -0.0608097 -0.90394 0.423315
v 0.0751412 -0.363442 -0.24006
vn 0.720739 0.69312 0.0109354
v 0.0375707 -0.360885 -0.239996
vn -0.0608097 -0.90394 0.423315
v 0.0576243 -0.363442 -0.242577
vn -0.0608097 -0.90394 0.423315
v 0.077678 -0.366 -0.245157
vn 0.720729 0.693132 0.0108931
v 0.0900075 -0.360885 -0.224939
vn -0.263528 -0.285217 0.921523
v 0.109948 -0.363442 -0.220013
vn -0.265055 -0.289753 0.919668
v 0.0925444 -0.363442 -0.230037
vn 0.204833 0.911905 -0.355631
v 0.129888 -0.366 -0.215086
vn -0.263482 -0.283544 0.922052
v 0.112484 -0.366 -0.22511
vn 0.204832 0.911905 -0.355631
v 0.149827 -0.368558 -0.21016
vn 0.0401629 0.998398 -0.0398451
v 0.132424 -0.368558 -0.220183
vn 0.0384654 0.997026 -0.0667837
v 0.115021 -0.368558 -0.230207
vn 0.0384653 0.997026 -0.0667836
v 0.097618 -0.368558 -0.240231
vn 0.0384653 0.997026 -0.0667837
v 0.0950812 -0.366 -0.235134
vn 0.204832 0.911905 -0.355631
v 0.142389 -0.360885 -0.19482
vn 0.904271 0.024274 0.426269
v 0.124927 -0.360885 -0.204859
vn -0.205002 -0.911519 0.35652
v 0.144868 -0.363442 -0.199933
vn 0.904246 0.0244349 0.426312
v 0.107468 -0.360885 -0.214899
vn -0.204999 -0.911527 0.356503
v 0.127408 -0.363442 -0.209973
vn -0.204999 -0.911527 0.356503
v 0.147348 -0.366 -0.205046
vn 0.904308 0.0247286 0.426164
v 0.157472 -0.360885 -0.179737
vn 0.304199 0.902723 -0.304226
v 0.175034 -0.363442 -0.169767
vn 0.304022 0.902845 -0.304041
v 0.159951 -0.363442 -0.18485
vn 0.304098 0.902799 -0.304104
v 0.192597 -0.366 -0.159798
vn 0.304097 0.902801 -0.304098
v 0.177514 -0.366 -0.174881
vn 0.304076 0.902814 -0.304081
v 0.21016 -0.368558 -0.149828
vn 0.0549055 0.997896 -0.0344691
v 0.195077 -0.368558 -0.164911
vn 0.0558716 0.996873 -0.0558717
v 0.179994 -0.368558 -0.179994
vn 0.0558707 0.996873 -0.0558724
v 0.164911 -0.368558 -0.195077
vn 0.0558715 0.996873 -0.0558733
v 0.162431 -0.366 -0.189963
vn 0.30408 0.90281 -0.304089
v 0.19482 -0.360885 -0.142389
vn 0.52981 0.807467 0.259421
v 0.182371 -0.360885 -0.154839
vn -0.304107 -0.90279 0.30412
v 0.199933 -0.363442 -0.144869
vn 0.529623 0.807632 0.259288
v 0.169921 -0.360885 -0.167287
vn -0.304107 -0.90279 0.30412
v 0.187483 -0.363442 -0.157318
vn -0.304107 -0.90279 0.304119
v 0.205046 -0.366 -0.147348
vn 0.529708 0.807538 0.259404
v 0.204843 -0.360885 -0.124986
vn -0.229595 -0.970983 0.0669217
v 0.21998 -0.363442 -0.110062
vn -0.232463 -0.970149 0.0690818
v 0.209957 -0.363442 -0.127465
vn 0.356396 0.911508 -0.205269
v 0.235117 -0.366 -0.0951376
vn -0.231797 -0.970291 0.0693208
v 0.225094 -0.366 -0.112542
vn 0.356388 0.911513 -0.205262
v 0.250254 -0.368558 -0.0802145
vn 0.0536564 0.99854 -0.00622764
v 0.240231 -0.368558 -0.0976176
vn 0.0633601 0.997323 -0.0364913
v 0.230206 -0.368558 -0.115022
vn 0.0633594 0.997323 -0.036493
v 0.220183 -0.368558 -0.132425
vn 0.0633599 0.997323 -0.0364915
v 0.21507 -0.366 -0.129945
vn 0.35639 0.911511 -0.205267
v 0.234962 -0.360885 -0.0726039
vn 0.308336 -0.285624 0.907385
v 0.224922 -0.360885 -0.090065
vn -0.355758 -0.911918 0.204554
v 0.240059 -0.363442 -0.0751408
vn 0.308271 -0.285824 0.907344
v 0.214883 -0.360885 -0.107525
vn -0.355758 -0.911918 0.204554
v 0.23002 -0.363442 -0.0926018
vn -0.355766 -0.911913 0.204561
v 0.245157 -0.366 -0.0776776
vn 0.308457 -0.285005 0.907538
v 0.237372 -0.360885 -0.0525502
vn 0.296188 0.955047 0.0125324
v 0.244878 -0.363442 -0.0350334
vn 0.296139 0.955063 0.0125381
v 0.242469 -0.363442 -0.0550871
vn 0.427379 0.902613 -0.0513503
v 0.252384 -0.366 -0.0175165
vn 0.296197 0.955045 0.0125288
v 0.249975 -0.366 -0.0375702
vn 0.42738 0.902612 -0.0513502
v 0.257481 -0.368558 -0.0200534
vn 0.0766405 0.997016 -0.00920843
v 0.255072 -0.368558 -0.0401071
vn 0.0766398 0.997016 -0.009207
v 0.252663 -0.368558 -0.0601608
vn 0.076639 0.997016 -0.00920554
v 0.247565 -0.366 -0.0576239
vn 0.42735 0.902628 -0.0513353
v 0.242404 -0.360885 -0.0175165
vn -0.455151 -0.88801 0.0653833
v 0.239889 -0.360885 -0.0350334
vn -0.455151 -0.888011 0.0653826
v 0.247395 -0.363442 -0.0175165
vn -0.455151 -0.88801 0.0653828
v 0.229948 -0.368585 0.0100508
vn -0.000910979 1 -4.32539e-05
v 0.232369 -0.368585 2.86336e-07
vn -0.000975338 0.999999 0.000470939
v 0.200004 -0.368611 0.0201013
vn -0.000910952 1 -4.32904e-05
v 0.202425 -0.368611 0.0100508
vn 0.000975259 -0.999999 0.000234878
v 0.204845 -0.368611 2.86336e-07
vn -0.000975276 0.999999 0.000470825
v 0.170061 -0.368638 0.0301519
vn -0.000921109 1 -7.35069e-05
v 0.172482 -0.368638 0.0201013
vn 0.000975259 -0.999999 0.000234877
v 0.140118 -0.368665 0.0402024
vn 0.00165592 0.999998 0.000703595
v 0.142539 -0.368665 0.0301519
vn 0.00811085 0.999965 0.00195352
v 0.144959 -0.368665 0.0201013
vn 0.00811173 0.999965 0.00195364
v 0.14738 -0.368665 0.0100508
vn 0.00811086 0.999965 0.00195363
v 0.174902 -0.368638 0.0100508
vn 0.000975259 -0.999999 0.000234878
v 0.149801 -0.368665 2.86336e-07
vn 0.00148576 0.999999 8.89042e-05
v 0.177323 -0.368638 2.86336e-07
vn -0.000975278 0.999999 0.000470861
v 0.22272 -0.368585 0.0702119
vn -0.00102431 0.999999 0.000136039
v 0.195185 -0.368611 0.0602087
vn -0.00102428 0.999999 0.000136036
v 0.167652 -0.368638 0.0502055
vn -0.000978603 1 1.02312e-05
v 0.217613 -0.368585 0.082674
vn -0.000889053 0.999999 -0.000884483
v 0.184972 -0.368611 0.0851329
vn -0.000888954 0.999999 -0.000884409
v 0.190079 -0.368611 0.0726708
vn 0.000848523 -1 0.000347716
v 0.152331 -0.368638 0.0875919
vn -0.000888954 0.999999 -0.000884405
v 0.157438 -0.368638 0.0751297
vn 0.000848529 -1 0.000347731
v 0.11969 -0.368665 0.0900508
vn 0.00151623 0.999998 0.00098878
v 0.124797 -0.368665 0.0775887
vn 0.0107142 0.999933 0.00439102
v 0.129904 -0.368665 0.0651266
vn 0.0107142 0.999933 0.00439043
v 0.135011 -0.368665 0.0526645
vn 0.0107143 0.999933 0.00439074
v 0.162544 -0.368638 0.0626676
vn 0.000848532 -1 0.000347708
v 0.197565 -0.368585 0.11748
vn -0.000859671 1 -0.000495133
v 0.164925 -0.368611 0.119939
vn -0.00101196 0.999999 -0.000264588
v 0.187542 -0.368585 0.134883
vn -0.00134061 0.999999 0.000232651
v 0.20759 -0.368585 0.100077
vn -0.000859659 1 -0.000495137
v 0.174949 -0.368611 0.102536
vn -0.000859632 1 -0.000495103
v 0.142308 -0.368638 0.104995
vn -0.00101189 0.999999 -0.000264641
v 0.180133 -0.368585 0.142293
vn -0.000714646 0.999999 -0.000714649
v 0.150105 -0.368611 0.134758
vn -0.000714621 0.999999 -0.000714556
v 0.157515 -0.368611 0.127349
vn 0.000714595 -0.999999 0.000714628
v 0.120078 -0.368638 0.127224
vn -0.000714609 0.999999 -0.000714573
v 0.127488 -0.368638 0.119815
vn 0.000714605 -0.999999 0.000714621
v 0.0900507 -0.368665 0.11969
vn 0.000747812 0.999999 0.00148221
v 0.0974601 -0.368665 0.11228
vn 0.00541378 0.999971 0.00541404
v 0.104871 -0.368665 0.104871
vn 0.00541365 0.999971 0.00541364
v 0.11228 -0.368665 0.0974603
vn 0.00541429 0.999971 0.00541404
v 0.134898 -0.368638 0.112404
vn 0.000714605 -0.999999 0.000714605
v 0.134883 -0.368585 0.187542
vn -0.00128519 0.999999 -0.000337699
v 0.149966 -0.368585 0.172459
vn -0.000714631 0.999999 -0.000714631
v 0.119939 -0.368611 0.164926
vn -0.00128514 0.999999 -0.000337633
v 0.16505 -0.368585 0.157376
vn -0.000714629 0.999999 -0.000714621
v 0.135022 -0.368611 0.149842
vn -0.000714612 0.999999 -0.000714594
v 0.104995 -0.368638 0.142308
vn -0.0012851 0.999999 -0.000337646
v 0.122421 -0.368585 0.19265
vn -0.000596438 1 -0.000599519
v 0.0950149 -0.368611 0.175139
vn -0.000596393 1 -0.000599453
v 0.107477 -0.368611 0.170032
vn 0.000382704 -0.999999 0.000933906
v 0.0676086 -0.368638 0.157629
vn -0.000596392 1 -0.000599455
v 0.0800707 -0.368638 0.152521
vn 0.000382704 -0.999999 0.000933906
v 0.0402023 -0.368665 0.140118
vn 0.000429667 0.999998 0.00171521
v 0.0526644 -0.368665 0.135011
vn 0.00317093 0.999965 0.0077377
v 0.0651265 -0.368665 0.129904
vn 0.00317056 0.999965 0.00773732
v 0.0775885 -0.368665 0.124797
vn 0.00317131 0.999965 0.00773806
v 0.0925328 -0.368638 0.147415
vn 0.000382704 -0.999999 0.000933905
v 0.0702117 -0.368585 0.22272
vn -0.000732833 0.999999 -0.000708667
v 0.0876149 -0.368585 0.212696
vn -0.00046434 1 -0.00080619
v 0.0602086 -0.368611 0.195186
vn -0.000732729 0.999999 -0.000708653
v 0.105018 -0.368585 0.202673
vn -0.000464328 1 -0.000806209
v 0.0776117 -0.368611 0.185162
vn -0.000464311 1 -0.00080618
v 0.0502054 -0.368638 0.167652
vn -0.000732745 0.999999 -0.000708668
v 0.0601612 -0.368585 0.22514
vn 1.11646e-06 0.999999 -0.00106978
v 0.0401075 -0.368611 0.200027
vn 1.16301e-06 0.999999 -0.00106975
v 0.0501581 -0.368611 0.197607
vn 0.000215877 -1 0.000896432
v 0.0200538 -0.368638 0.174914
vn 1.31413e-06 0.999999 -0.00106987
v 0.0301044 -0.368638 0.172493
vn 0.000215878 -1 0.000896432
v 1.48574e-07 -0.368665 0.1498
vn -8.89031e-05 0.999999 0.00148576
v 0.0100507 -0.368665 0.147379
vn 0.00258344 0.999939 0.0107272
v 0.0201012 -0.368665 0.144959
vn 0.00258323 0.999939 0.0107258
v 0.0301517 -0.368665 0.142538
vn 0.00258344 0.999939 0.0107272
v 0.0401549 -0.368638 0.170073
vn 0.000215905 -1 0.000896416
v 1.48574e-07 -0.368585 0.232368
vn -0.000470841 0.999999 -0.00097535
v 0.0200538 -0.368585 0.229959
vn -0.000117166 1 -0.000975301
v 1.48574e-07 -0.368611 0.204846
vn -0.000470874 0.999999 -0.00097524
v 0.0401075 -0.368585 0.22755
vn -0.000117174 1 -0.000975288
v 0.0200538 -0.368611 0.202436
vn -0.000117169 1 -0.000975252
v 1.48574e-07 -0.368638 0.177322
vn -0.000470823 0.999999 -0.000975277
v -0.0100504 -0.368585 0.229948
vn -9.35273e-07 1 -0.000896172
v -0.0201009 -0.368611 0.200004
vn -9.42379e-07 1 -0.000896105
v -0.0100504 -0.368611 0.202424
vn -0.000234877 -0.999999 0.000975259
v -0.0301514 -0.368638 0.170061
vn -9.42378e-07 1 -0.000896105
v -0.0201009 -0.368638 0.172481
vn -0.000234877 -0.999999 0.000975259
v -0.040202 -0.368665 0.140118
vn -0.000703502 0.999998 0.00165597
v -0.0301514 -0.368665 0.142538
vn -0.00195339 0.999965 0.00811144
v -0.0201009 -0.368665 0.144959
vn -0.00195353 0.999965 0.00811086
v -0.0100504 -0.368665 0.147379
vn -0.00195337 0.999965 0.00811143
v -0.0100504 -0.368638 0.174902
vn -0.000234877 -0.999999 0.000975259
v -0.0702114 -0.368585 0.22272
vn -0.000397851 0.999999 -0.00111946
v -0.0501578 -0.368585 0.225129
vn 0.00011221 1 -0.000934118
v -0.0602083 -0.368611 0.195186
vn -0.000397757 0.999999 -0.00111938
v -0.0301041 -0.368585 0.227538
vn 0.000112237 1 -0.000934127
v -0.0401546 -0.368611 0.197595
vn 0.000112232 1 -0.000934093
v -0.0502051 -0.368638 0.167652
vn -0.00039781 0.999999 -0.00111939
v -0.0826735 -0.368585 0.217613
vn 0.000884441 0.999999 -0.000889079
v -0.0851335 -0.368611 0.184972
vn 0.000884477 0.999999 -0.000888959
v -0.0726704 -0.368611 0.190079
vn -0.000347704 -1 0.000848528
v -0.0875925 -0.368638 0.152331
vn 0.000884408 0.999999 -0.000888954
v -0.0751304 -0.368638 0.157438
vn -0.000347718 -1 0.000848534
v -0.0900514 -0.368665 0.11969
vn -0.00098878 0.999998 0.00151623
v -0.0775893 -0.368665 0.124797
vn -0.00439101 0.999933 0.0107142
v -0.0651272 -0.368665 0.129904
vn -0.00439018 0.999933 0.0107142
v -0.0526641 -0.368665 0.135011
vn -0.00439063 0.999933 0.0107143
v -0.0626672 -0.368638 0.162545
vn -0.000347695 -1 0.000848537
v -0.134884 -0.368585 0.187542
vn 0.00026465 0.999999 -0.00101199
v -0.117481 -0.368585 0.197566
vn 0.000495134 1 -0.000859668
v -0.11994 -0.368611 0.164926
vn 0.000264588 0.999999 -0.00101196
v -0.100078 -0.368585 0.20759
vn 0.000495126 1 -0.000859667
v -0.102537 -0.368611 0.174949
vn 0.000495103 1 -0.000859631
v -0.104996 -0.368638 0.142308
vn 0.000264641 0.999999 -0.00101189
v -0.142294 -0.368585 0.180133
vn 0.000714648 0.999999 -0.000714646
v -0.134759 -0.368611 0.150106
vn 0.000714596 0.999999 -0.000714594
v -0.127349 -0.368611 0.157515
vn -0.000714635 -0.999999 0.000714585
v -0.127224 -0.368638 0.120078
vn 0.000714594 0.999999 -0.000714595
v -0.119815 -0.368638 0.127488
vn -0.000714635 -0.999999 0.000714585
v -0.119689 -0.368665 0.0900508
vn -0.00148221 0.999999 0.000747813
v -0.11228 -0.368665 0.0974603
vn -0.00541404 0.999971 0.00541379
v -0.10487 -0.368665 0.104871
vn -0.0054139 0.999971 0.00541338
v -0.0974609 -0.368665 0.11228
vn -0.00541415 0.999971 0.00541415
v -0.112405 -0.368638 0.134898
vn -0.000714636 -0.999999 0.000714584
v -0.187542 -0.368585 0.134883
vn 0.000337717 0.999999 -0.0012852
v -0.17246 -0.368585 0.149967
vn 0.000714637 0.999999 -0.000714617
v -0.164925 -0.368611 0.119939
vn 0.00033763 0.999999 -0.00128513
v -0.157377 -0.368585 0.16505
vn 0.000714621 0.999999 -0.000714621
v -0.149842 -0.368611 0.135022
vn 0.000714595 0.999999 -0.000714595
v -0.142307 -0.368638 0.104995
vn 0.000337623 0.999999 -0.0012851
v -0.192649 -0.368585 0.122421
vn 0.000599498 1 -0.000596455
v -0.175139 -0.368611 0.095015
vn 0.00059944 1 -0.000596402
v -0.170031 -0.368611 0.107477
vn -0.000933887 -0.999999 0.000382708
v -0.157628 -0.368638 0.0676087
vn 0.000599448 1 -0.000596391
v -0.152521 -0.368638 0.0800708
vn -0.000933867 -0.999999 0.000382729
v -0.140118 -0.368665 0.0402024
vn -0.00171521 0.999998 0.000429668
v -0.13501 -0.368665 0.0526645
vn -0.00773806 0.999965 0.00317131
v -0.129903 -0.368665 0.0651266
vn -0.0077377 0.999965 0.00317094
v -0.124797 -0.368665 0.0775887
vn -0.00773735 0.999965 0.00317058
v -0.147414 -0.368638 0.0925329
vn -0.000933906 -0.999999 0.000382692
v -0.22272 -0.368585 0.0702119
vn 0.000708704 0.999999 -0.0007328
v -0.212696 -0.368585 0.087615
vn 0.0008062 1 -0.000464334
v -0.195186 -0.368611 0.0602087
vn 0.000708644 0.999999 -0.000732745
v -0.202673 -0.368585 0.105018
vn 0.0008062 1 -0.000464334
v -0.185162 -0.368611 0.0776119
vn 0.00080617 1 -0.000464315
v -0.167651 -0.368638 0.0502055
vn 0.00070866 0.999999 -0.000732745
v -0.22514 -0.368585 0.0601613
vn 0.00106987 0.999999 1.21665e-06
v -0.200027 -0.368611 0.0401077
vn 0.00106981 0.999999 1.2264e-06
v -0.197606 -0.368611 0.0501582
vn -0.000896427 -1 0.000215885
v -0.174914 -0.368638 0.020054
vn 0.00106979 0.999999 1.2089e-06
v -0.172492 -0.368638 0.0301045
vn -0.000896424 -1 0.000215899
v -0.1498 -0.368665 2.86336e-07
vn -0.00148574 0.999999 -8.89413e-05
v -0.14738 -0.368665 0.0100508
vn -0.0107257 0.999939 0.00258333
v -0.144959 -0.368665 0.0201013
vn -0.0107258 0.999939 0.00258358
v -0.142538 -0.368665 0.0301519
vn -0.0107272 0.999939 0.00258343
v -0.170072 -0.368638 0.040155
vn -0.000896416 -1 0.000215897
v -0.232368 -0.368585 2.86336e-07
vn 0.000975332 0.999999 -0.000470893
v -0.229959 -0.368585 0.020054
vn 0.000975295 1 -0.000117169
v -0.204845 -0.368611 2.86336e-07
vn 0.000975265 0.999999 -0.000470891
v -0.227549 -0.368585 0.0401077
vn 0.000975295 1 -0.000117171
v -0.202436 -0.368611 0.020054
vn 0.000975264 1 -0.000117169
v -0.177323 -0.368638 2.86336e-07
vn 0.000975257 0.999999 -0.000470908
v -0.229947 -0.368585 -0.0100502
vn 0.000896148 1 -1.00352e-06
v -0.200004 -0.368611 -0.0201008
vn 0.000896093 1 -9.92868e-07
v -0.202425 -0.368611 -0.0100502
vn -0.000975256 -0.999999 -0.000234885
v -0.170061 -0.368638 -0.0301524
vn 0.000896098 1 -9.49931e-07
v -0.172481 -0.368638 -0.0201008
vn -0.000975256 -0.999999 -0.000234873
v -0.140118 -0.368665 -0.0402029
vn -0.00165597 0.999998 -0.000703502
v -0.142538 -0.368665 -0.0301524
vn -0.00811143 0.999965 -0.00195325
v -0.144959 -0.368665 -0.0201008
vn -0.00811029 0.999965 -0.0019536
v -0.14738 -0.368665 -0.0100502
vn -0.00811086 0.999965 -0.00195353
v -0.174902 -0.368638 -0.0100502
vn -0.000975271 -0.999999 -0.000234922
v -0.22272 -0.368585 -0.0702113
vn 0.00111948 0.999999 -0.000397801
v -0.225129 -0.368585 -0.0501576
vn 0.000934122 1 0.000112224
v -0.195186 -0.368611 -0.0602081
vn 0.00111938 0.999999 -0.000397825
v -0.227538 -0.368585 -0.0301039
vn 0.000934122 1 0.000112224
v -0.197595 -0.368611 -0.0401545
vn 0.000934089 1 0.000112221
v -0.167651 -0.368638 -0.050206
vn 0.00111938 0.999999 -0.000397822
v -0.217612 -0.368585 -0.0826734
vn 0.000889089 0.999999 0.000884548
v -0.184971 -0.368611 -0.0851334
vn 0.000888962 0.999999 0.000884529
v -0.190078 -0.368611 -0.0726702
vn -0.000848532 -1 -0.000347718
v -0.15233 -0.368638 -0.0875923
vn 0.000888954 0.999999 0.000884407
v -0.157438 -0.368638 -0.0751302
vn -0.00084853 -1 -0.000347711
v -0.119689 -0.368665 -0.0900513
vn -0.00151623 0.999998 -0.00098878
v -0.124797 -0.368665 -0.0775892
vn -0.0107151 0.999933 -0.00439089
v -0.129903 -0.368665 -0.0651271
vn -0.0107148 0.999933 -0.00439088
v -0.13501 -0.368665 -0.052665
vn -0.0107143 0.999933 -0.00439104
v -0.162544 -0.368638 -0.0626681
vn -0.000848527 -1 -0.000347727
v -0.187542 -0.368585 -0.134884
vn 0.00101196 0.999999 0.000264689
v -0.197566 -0.368585 -0.117481
vn 0.000859664 1 0.000495127
v -0.164925 -0.368611 -0.11994
vn 0.00101191 0.999999 0.000264658
v -0.207589 -0.368585 -0.100078
vn 0.000859668 1 0.000495112
v -0.174948 -0.368611 -0.102537
vn 0.00085963 1 0.000495097
v -0.142307 -0.368638 -0.104996
vn 0.00101189 0.999999 0.000264642
v -0.180132 -0.368585 -0.142293
vn 0.000714676 0.999999 0.00071459
v -0.150106 -0.368611 -0.134759
vn 0.000714608 0.999999 0.000714574
v -0.157516 -0.368611 -0.127349
vn -0.000714603 -0.999999 -0.000714607
v -0.120079 -0.368638 -0.127224
vn 0.000714595 0.999999 0.000714595
v -0.127488 -0.368638 -0.119814
vn -0.000714595 -0.999999 -0.000714595
v -0.0900514 -0.368665 -0.119689
vn -0.000747813 0.999999 -0.00148221
v -0.0974609 -0.368665 -0.11228
vn -0.00541415 0.999971 -0.00541415
v -0.10487 -0.368665 -0.10487
vn -0.00541417 0.999971 -0.00541417
v -0.11228 -0.368665 -0.0974608
vn -0.00541415 0.999971 -0.00541415
v -0.134898 -0.368638 -0.112405
vn -0.000714595 -0.999999 -0.000714595
v -0.134884 -0.368585 -0.187542
vn 0.0012852 0.999999 0.000337716
v -0.149967 -0.368585 -0.17246
vn 0.000714617 0.999999 0.000714637
v -0.11994 -0.368611 -0.164925
vn 0.00128513 0.999999 0.000337631
v -0.16505 -0.368585 -0.157377
vn 0.000714634 0.999999 0.000714611
v -0.135023 -0.368611 -0.149842
vn 0.000714595 0.999999 0.000714595
v -0.104996 -0.368638 -0.142307
vn 0.0012851 0.999999 0.000337624
v -0.122422 -0.368585 -0.192649
vn 0.000596469 1 0.000599475
v -0.0950156 -0.368611 -0.175139
vn 0.000596385 1 0.00059943
v -0.107478 -0.368611 -0.170031
vn -0.000382708 -0.999999 -0.000933887
v -0.0676083 -0.368638 -0.157628
vn 0.000596408 1 0.000599409
v -0.0800714 -0.368638 -0.152521
vn -0.000382716 -0.999999 -0.000933875
v -0.040202 -0.368665 -0.140118
vn -0.000429776 0.999998 -0.00171521
v -0.0526641 -0.368665 -0.13501
vn -0.0031714 0.999965 -0.00773858
v -0.0651272 -0.368665 -0.129903
vn -0.00317053 0.999965 -0.00773707
v -0.0775893 -0.368665 -0.124797
vn -0.00317057 0.999965 -0.00773733
v -0.0925335 -0.368638 -0.147413
vn -0.000382692 -0.999999 -0.000933906
v -0.0702114 -0.368585 -0.22272
vn 0.000732803 0.999999 0.000708695
v -0.0876146 -0.368585 -0.212697
vn 0.000464329 1 0.000806194
v -0.0602083 -0.368611 -0.195186
vn 0.000732752 0.999999 0.000708638
v -0.105019 -0.368585 -0.202673
vn 0.000464329 1 0.000806194
v -0.0776114 -0.368611 -0.185162
vn 0.000464307 1 0.000806164
v -0.0502051 -0.368638 -0.167651
vn 0.000732711 0.999999 0.000708649
v -0.0601609 -0.368585 -0.225141
vn -1.2582e-06 0.999999 0.00106991
v -0.0401072 -0.368611 -0.200028
vn -1.27985e-06 0.999999 0.00106985
v -0.0501578 -0.368611 -0.197607
vn -0.000215913 -1 -0.000896405
v -0.0200536 -0.368638 -0.174914
vn -1.33287e-06 0.999999 0.00106988
v -0.0301041 -0.368638 -0.172493
vn -0.000215927 -1 -0.000896393
v 1.48574e-07 -0.368665 -0.149801
vn 8.89037e-05 0.999999 -0.00148576
v -0.0100504 -0.368665 -0.14738
vn -0.00258406 0.999939 -0.0107272
v -0.0201009 -0.368665 -0.144959
vn -0.00258343 0.999939 -0.0107272
v -0.0301514 -0.368665 -0.142539
vn -0.00258334 0.999939 -0.0107258
v -0.0401546 -0.368638 -0.170072
vn -0.000215913 -1 -0.000896405
v 1.48574e-07 -0.368585 -0.232368
vn 0.000470908 0.999999 0.000975339
v -0.0200536 -0.368585 -0.229959
vn 0.00011716 1 0.000975303
v 1.48574e-07 -0.368611 -0.204846
vn 0.000470896 0.999999 0.000975271
v -0.0401072 -0.368585 -0.22755
vn 0.000117158 1 0.000975304
v -0.0200536 -0.368611 -0.202437
vn 0.00011715 1 0.00097527
v 1.48574e-07 -0.368638 -0.177323
vn 0.000470872 0.999999 0.000975271
v 0.0100507 -0.368585 -0.229947
vn 1.05672e-06 1 0.000896132
v 0.0201012 -0.368611 -0.200004
vn 1.06539e-06 1 0.000896061
v 0.0100507 -0.368611 -0.202425
vn 0.000234892 -0.999999 -0.000975263
v 0.0301517 -0.368638 -0.170061
vn 1.05356e-06 1 0.000896057
v 0.0201012 -0.368638 -0.172482
vn 0.000234873 -0.999999 -0.000975261
v 0.0402023 -0.368665 -0.140118
vn 0.000703593 0.999998 -0.00165592
v 0.0301517 -0.368665 -0.142539
vn 0.00195352 0.999965 -0.00811085
v 0.0201012 -0.368665 -0.144959
vn 0.00195338 0.999965 -0.00811143
v 0.0100507 -0.368665 -0.14738
vn 0.00195367 0.999965 -0.00811029
v 0.0100507 -0.368638 -0.174902
vn 0.000234891 -0.999999 -0.000975259
v 0.0702117 -0.368585 -0.22272
vn 0.000397856 0.999999 0.00111949
v 0.0501581 -0.368585 -0.225129
vn -0.000112211 1 0.000934118
v 0.0602086 -0.368611 -0.195186
vn 0.000397801 0.999999 0.00111936
v 0.0301044 -0.368585 -0.227538
vn -0.000112211 1 0.000934118
v 0.0401549 -0.368611 -0.197595
vn -0.00011221 1 0.00093408
v 0.0502054 -0.368638 -0.167651
vn 0.000397718 0.999999 0.00111935
v 0.0826738 -0.368585 -0.217613
vn -0.000884619 0.999999 0.000889055
v 0.0851328 -0.368611 -0.184972
vn -0.000884543 0.999999 0.000888956
v 0.0726707 -0.368611 -0.190079
vn 0.000347736 -1 -0.00084852
v 0.0875917 -0.368638 -0.15233
vn -0.000884433 0.999999 0.000888951
v 0.0751296 -0.368638 -0.157438
vn 0.000347734 -1 -0.000848516
v 0.0900507 -0.368665 -0.119689
vn 0.00098878 0.999998 -0.00151623
v 0.0775885 -0.368665 -0.124797
vn 0.0043909 0.999933 -0.0107151
v 0.0651265 -0.368665 -0.129903
vn 0.00439134 0.999933 -0.0107157
v 0.0526644 -0.368665 -0.13501
vn 0.00439118 0.999933 -0.0107148
v 0.0626675 -0.368638 -0.162545
vn 0.000347722 -1 -0.000848514
v 0.134883 -0.368585 -0.187542
vn -0.00026471 0.999999 0.00101194
v 0.11748 -0.368585 -0.197566
vn -0.000495131 1 0.000859656
v 0.119939 -0.368611 -0.164925
vn -0.000264663 0.999999 0.0010119
v 0.100077 -0.368585 -0.207589
vn -0.000495133 1 0.000859652
v 0.102536 -0.368611 -0.174948
vn -0.000495104 1 0.000859624
v 0.104995 -0.368638 -0.142307
vn -0.000264642 0.999999 0.00101189
v 0.142293 -0.368585 -0.180132
vn -0.000714591 0.999999 0.000714675
v 0.134758 -0.368611 -0.150106
vn -0.000714535 0.999999 0.000714635
v 0.127349 -0.368611 -0.157516
vn 0.000714599 -0.999999 -0.000714613
v 0.127224 -0.368638 -0.120079
vn -0.000714574 0.999999 0.000714609
v 0.119815 -0.368638 -0.127488
vn 0.000714581 -0.999999 -0.000714615
v 0.11969 -0.368665 -0.0900513
vn 0.0014822 0.999999 -0.000747812
v 0.11228 -0.368665 -0.0974608
vn 0.00541415 0.999971 -0.00541415
v 0.104871 -0.368665 -0.10487
vn 0.00541392 0.999971 -0.00541444
v 0.0974601 -0.368665 -0.11228
vn 0.00541404 0.999971 -0.00541429
v 0.112404 -0.368638 -0.134898
vn 0.000714564 -0.999999 -0.000714615
v 0.187542 -0.368585 -0.134884
vn -0.000337697 0.999999 0.0012852
v 0.172459 -0.368585 -0.149967
vn -0.000714631 0.999999 0.000714631
v 0.164925 -0.368611 -0.11994
vn -0.000337634 0.999999 0.00128514
v 0.157376 -0.368585 -0.16505
vn -0.000714611 0.999999 0.000714643
v 0.149842 -0.368611 -0.135023
vn -0.000714594 0.999999 0.000714612
v 0.142308 -0.368638 -0.104996
vn -0.000337648 0.999999 0.0012851
v 0.19265 -0.368585 -0.122422
vn -0.00059952 1 0.000596437
v 0.175139 -0.368611 -0.0950155
vn -0.000599455 1 0.000596392
v 0.170032 -0.368611 -0.107478
vn 0.000933905 -0.999999 -0.000382704
v 0.157629 -0.368638 -0.0676092
vn -0.000599455 1 0.000596392
v 0.152521 -0.368638 -0.0800713
vn 0.000933905 -0.999999 -0.000382704
v 0.140118 -0.368665 -0.0402029
vn 0.00171521 0.999998 -0.000429776
v 0.135011 -0.368665 -0.052665
vn 0.0077377 0.999965 -0.00317093
v 0.129904 -0.368665 -0.0651271
vn 0.00773732 0.999965 -0.00317056
v 0.124797 -0.368665 -0.0775892
vn 0.00773805 0.999965 -0.0031713
v 0.147415 -0.368638 -0.0925334
vn 0.000933905 -0.999999 -0.000382704
v 0.22272 -0.368585 -0.0702113
vn -0.000708695 0.999999 0.000732792
v 0.212696 -0.368585 -0.0876145
vn -0.0008062 1 0.000464328
v 0.195185 -0.368611 -0.0602081
vn -0.000708677 0.999999 0.000732721
v 0.202673 -0.368585 -0.105019
vn -0.000806215 1 0.000464321
v 0.185162 -0.368611 -0.0776123
vn -0.000806192 1 0.000464303
v 0.167652 -0.368638 -0.050206
vn -0.000708663 0.999999 0.000732743
v 0.225141 -0.368585 -0.0601608
vn -0.00106995 0.999999 -1.30565e-06
v 0.200027 -0.368611 -0.0401071
vn -0.00106985 0.999999 -1.27496e-06
v 0.197606 -0.368611 -0.0501576
vn 0.000896401 -1 -0.000215932
v 0.174915 -0.368638 -0.0200534
vn -0.00106987 0.999999 -1.31301e-06
v 0.172494 -0.368638 -0.0301039
vn 0.000896401 -1 -0.000215932
v 0.14738 -0.368665 -0.0100502
vn 0.0107282 0.999939 -0.00258406
v 0.144959 -0.368665 -0.0201008
vn 0.0107275 0.999939 -0.00258364
v 0.142539 -0.368665 -0.0301524
vn 0.0107253 0.999939 -0.00258304
v 0.170073 -0.368638 -0.0401545
vn 0.000896424 -1 -0.00021591
v 0.229959 -0.368585 -0.0200534
vn -0.000975307 1 0.000117176
v 0.22755 -0.368585 -0.0401071
vn -0.000975313 1 0.000117159
v 0.202437 -0.368611 -0.0200534
vn -0.000975277 1 0.000117155
v 0.105089 -0.368611 0.0301519
vn 0.00139837 0.999999 0.000467626
v 0.10751 -0.368611 0.0201013
vn 0.00143349 0.999999 0.000345284
v 0.0700591 -0.368558 0.0201013
vn 0.00139839 0.999999 0.000467632
v 0.109931 -0.368611 0.0100508
vn 0.0014335 0.999999 0.000345263
v 0.112351 -0.368611 2.86336e-07
vn 0.00143349 0.999999 1.17209e-20
v 0.0749012 -0.368558 2.86336e-07
vn 0.0014335 0.999999 1.87532e-19
v 0.0374507 -0.368504 2.86336e-07
vn 0.00143345 0.999999 1.17206e-19
v 0.0724801 -0.368558 0.0100508
vn 0.00143347 0.999999 0.000345306
v 1.48574e-07 -0.36845 2.86336e-07
vn 6.25158e-20 1 -1.25032e-20
v 0.0350296 -0.368504 0.0100508
vn 0.00139835 0.999999 0.000467621
v 0.0897675 -0.368611 0.0675382
vn 0.00121725 0.999999 0.000766732
v 0.0948749 -0.368611 0.0550761
vn 0.00137131 0.999999 0.000561951
v 0.0598454 -0.368558 0.0450255
vn 0.00121725 0.999999 0.00076673
v 0.0999812 -0.368611 0.042614
vn 0.00137131 0.999999 0.00056195
v 0.0649517 -0.368558 0.0325634
vn 0.00137131 0.999999 0.000561951
v 0.0299222 -0.368504 0.0225129
vn 0.00121723 0.999999 0.000766718
v 0.067538 -0.368611 0.0897676
vn 0.000766732 0.999999 0.00121725
v 0.0749475 -0.368611 0.0823582
vn 0.00102382 0.999999 0.00102382
v 0.0450254 -0.368558 0.0598455
vn 0.00076673 0.999999 0.00121725
v 0.082358 -0.368611 0.0749476
vn 0.00102382 0.999999 0.00102382
v 0.0524349 -0.368558 0.052435
vn 0.00102382 0.999999 0.00102382
v 0.0225128 -0.368504 0.0299224
vn 0.000766718 0.999999 0.00121723
v 0.0301517 -0.368611 0.105089
vn 0.000467567 0.999999 0.00139839
v 0.0426138 -0.368611 0.0999813
vn 0.00056195 0.999999 0.00137131
v 0.0201012 -0.368558 0.0700592
vn 0.000467572 0.999999 0.0013984
v 0.0550759 -0.368611 0.094875
vn 0.000561951 0.999999 0.00137131
v 0.0325633 -0.368558 0.0649519
vn 0.000561951 0.999999 0.00137131
v 0.0100507 -0.368504 0.0350297
vn 0.000467602 0.999999 0.00139836
v 1.48574e-07 -0.368611 0.11235
vn 1.17209e-20 0.999999 0.00143349
v 0.0100507 -0.368611 0.10993
vn 0.000345236 0.999999 0.00143349
v 1.48574e-07 -0.368558 0.0749003
vn 1.17209e-19 0.999999 0.00143351
v 0.0201012 -0.368611 0.107509
vn 0.000345236 0.999999 0.00143349
v 0.0100507 -0.368558 0.0724792
vn 0.000345262 0.999999 0.0014335
v 1.48574e-07 -0.368504 0.0374508
vn 2.34417e-20 0.999999 0.00143347
v -0.0301514 -0.368611 0.105089
vn -0.000467568 0.999999 0.00139839
v -0.0201009 -0.368611 0.107509
vn -0.000345236 0.999999 0.00143349
v -0.0201009 -0.368558 0.0700592
vn -0.000467572 0.999999 0.0013984
v -0.0100504 -0.368611 0.10993
vn -0.000345235 0.999999 0.00143349
v -0.0100504 -0.368558 0.0724792
vn -0.000345261 0.999999 0.0014335
v -0.0100504 -0.368504 0.0350297
vn -0.000467602 0.999999 0.00139836
v -0.0675388 -0.368611 0.0897676
vn -0.000766732 0.999999 0.00121726
v -0.0550767 -0.368611 0.094875
vn -0.00056193 0.999999 0.00137132
v -0.0450262 -0.368558 0.0598455
vn -0.000766706 0.999999 0.00121726
v -0.0426135 -0.368611 0.0999813
vn -0.00056193 0.999999 0.00137132
v -0.032563 -0.368558 0.0649519
vn -0.00056193 0.999999 0.00137132
v -0.0225125 -0.368504 0.0299224
vn -0.000766702 0.999999 0.00121723
v -0.0897672 -0.368611 0.0675382
vn -0.00121726 0.999999 0.000766694
v -0.0823578 -0.368611 0.0749476
vn -0.00102387 0.999999 0.00102377
v -0.0598441 -0.368558 0.0450255
vn -0.00121729 0.999999 0.000766692
v -0.0749483 -0.368611 0.0823582
vn -0.00102386 0.999999 0.00102379
v -0.0524356 -0.368558 0.052435
vn -0.00102388 0.999999 0.00102375
v -0.029922 -0.368504 0.0225129
vn -0.00121725 0.999999 0.000766706
v -0.105088 -0.368611 0.0301519
vn -0.00139839 0.999999 0.000467567
v -0.0999809 -0.368611 0.042614
vn -0.0013713 0.999999 0.000562002
v -0.0700588 -0.368558 0.0201013
vn -0.0013984 0.999999 0.000467573
v -0.0948735 -0.368611 0.0550761
vn -0.00137131 0.999999 0.000561951
v -0.0649514 -0.368558 0.0325634
vn -0.0013713 0.999999 0.000562003
v -0.0350293 -0.368504 0.0100508
vn -0.00139837 0.999999 0.000467561
v -0.11235 -0.368611 2.86336e-07
vn -0.00143348 0.999999 -1.17208e-20
v -0.109929 -0.368611 0.0100508
vn -0.00143347 0.999999 0.000345307
v -0.0748999 -0.368558 2.86336e-07
vn -0.00143348 0.999999 3.51619e-20
v -0.107508 -0.368611 0.0201013
vn -0.00143349 0.999999 0.000345236
v -0.0724788 -0.368558 0.0100508
vn -0.00143349 0.999999 0.000345237
v -0.0374493 -0.368504 2.86336e-07
vn -0.00143347 0.999999 5.86043e-20
v -0.105088 -0.368611 -0.0301524
vn -0.00139838 0.999999 -0.000467552
v -0.107508 -0.368611 -0.0201008
vn -0.00143349 0.999999 -0.000345218
v -0.0700588 -0.368558 -0.0201008
vn -0.0013984 0.999999 -0.000467563
v -0.109929 -0.368611 -0.0100502
vn -0.00143347 0.999999 -0.000345307
v -0.0724788 -0.368558 -0.0100502
vn -0.00143349 0.999999 -0.000345236
v -0.0350293 -0.368504 -0.0100502
vn -0.00139837 0.999999 -0.000467561
v -0.0897672 -0.368611 -0.0675387
vn -0.00121726 0.999999 -0.000766693
v -0.0948735 -0.368611 -0.0550766
vn -0.00137131 0.999999 -0.000561942
v -0.0598441 -0.368558 -0.045026
vn -0.0012173 0.999999 -0.000766668
v -0.0999809 -0.368611 -0.0426145
vn -0.00137129 0.999999 -0.000562
v -0.0649514 -0.368558 -0.0325629
vn -0.0013713 0.999999 -0.000561986
v -0.029922 -0.368504 -0.0225124
vn -0.00121724 0.999999 -0.000766691
v -0.0675388 -0.368611 -0.0897671
vn -0.000766693 0.999999 -0.00121726
v -0.0749483 -0.368611 -0.0823576
vn -0.00102381 0.999999 -0.00102384
v -0.0450262 -0.368558 -0.0598439
vn -0.000766668 0.999999 -0.0012173
v -0.0823578 -0.368611 -0.0749481
vn -0.00102384 0.999999 -0.00102381
v -0.0524356 -0.368558 -0.0524355
vn -0.00102381 0.999999 -0.00102381
v -0.0225125 -0.368504 -0.0299218
vn -0.000766691 0.999999 -0.00121724
v -0.0301514 -0.368611 -0.105088
vn -0.000467627 0.999999 -0.00139837
v -0.0426135 -0.368611 -0.0999808
vn -0.000561981 0.999999 -0.00137131
v -0.0201009 -0.368558 -0.0700587
vn -0.000467632 0.999999 -0.00139839
v -0.0550767 -0.368611 -0.0948734
vn -0.000561929 0.999999 -0.00137132
v -0.032563 -0.368558 -0.0649513
vn -0.000561981 0.999999 -0.00137131
v -0.0100504 -0.368504 -0.0350292
vn -0.00046762 0.999999 -0.00139835
v 1.48574e-07 -0.368611 -0.11235
vn -1.17206e-20 0.999999 -0.00143346
v -0.0100504 -0.368611 -0.109929
vn -0.000345237 0.999999 -0.00143349
v 1.48574e-07 -0.368558 -0.0748997
vn 2.34417e-20 0.999999 -0.00143351
v -0.0201009 -0.368611 -0.107509
vn -0.000345236 0.999999 -0.00143349
v -0.0100504 -0.368558 -0.0724797
vn -0.000345236 0.999999 -0.00143349
v 1.48574e-07 -0.368504 -0.0374502
vn -2.34415e-20 0.999999 -0.00143346
v 0.0301517 -0.368611 -0.105088
vn 0.000467627 0.999999 -0.00139837
v 0.0201012 -0.368611 -0.107509
vn 0.000345236 0.999999 -0.00143349
v 0.0201012 -0.368558 -0.0700587
vn 0.000467632 0.999999 -0.00139839
v 0.0100507 -0.368611 -0.109929
vn 0.000345237 0.999999 -0.00143349
v 0.0100507 -0.368558 -0.0724797
vn 0.000345237 0.999999 -0.00143349
v 0.0100507 -0.368504 -0.0350292
vn 0.000467621 0.999999 -0.00139835
v 0.067538 -0.368611 -0.0897671
vn 0.000766694 0.999999 -0.00121726
v 0.0550759 -0.368611 -0.0948734
vn 0.000561951 0.999999 -0.00137131
v 0.0450254 -0.368558 -0.0598439
vn 0.000766692 0.999999 -0.00121729
v 0.0426138 -0.368611 -0.0999808
vn 0.000562002 0.999999 -0.0013713
v 0.0325633 -0.368558 -0.0649513
vn 0.000562003 0.999999 -0.0013713
v 0.0225128 -0.368504 -0.0299218
vn 0.000766706 0.999999 -0.00121725
v 0.0897675 -0.368611 -0.0675387
vn 0.00121726 0.999999 -0.000766732
v 0.082358 -0.368611 -0.0749481
vn 0.00102379 0.999999 -0.00102386
v 0.0598454 -0.368558 -0.045026
vn 0.00121726 0.999999 -0.000766706
v 0.0749475 -0.368611 -0.0823576
vn 0.00102377 0.999999 -0.00102387
v 0.0524349 -0.368558 -0.0524355
vn 0.00102375 0.999999 -0.00102388
v 0.0299222 -0.368504 -0.0225124
vn 0.00121723 0.999999 -0.000766702
v 0.105089 -0.368611 -0.0301524
vn 0.00139837 0.999999 -0.000467612
v 0.0999812 -0.368611 -0.0426145
vn 0.00137131 0.999999 -0.000561948
v 0.0700591 -0.368558 -0.0201008
vn 0.00139838 0.999999 -0.000467623
v 0.0948749 -0.368611 -0.0550766
vn 0.00137131 0.999999 -0.000561943
v 0.0649517 -0.368558 -0.0325629
vn 0.00137131 0.999999 -0.000561935
v 0.0350296 -0.368504 -0.0100502
vn 0.00139835 0.999999 -0.00046762
v 0.109931 -0.368611 -0.0100502
vn 0.0014335 0.999999 -0.000345263
v 0.10751 -0.368611 -0.0201008
vn 0.00143349 0.999999 -0.000345266
v 0.0724801 -0.368558 -0.0100502
vn 0.00143347 0.999999 -0.000345305
f 1//1 2//2 3//3
f 2//2 4//4 3//3
f 2//2 5//5 4//4
f 1//1 6//6 2//2
f 1//1 7//7 6//6
f 7//7 8//8 9//9
f 7//7 9//9 6//6
f 8//8 10//10 11//11
f 10//10 12//12 13//13
f 13//13 14//14 11//11
f 10//10 13//13 11//11
f 14//14 15//15 16//16
f 15//15 6//6 16//16
f 8//8 11//11 9//9
f 11//11 14//14 16//16
f 16//16 6//6 9//9
f 11//11 16//16 9//9
f 1//1 17//17 7//7
f 17//17 8//8 7//7
f 17//17 12//12 10//10
f 10//10 8//8 17//17
f 1//1 18//18 17//17
f 18//18 19//19 17//17
f 1//1 20//20 18//18
f 20//20 19//19 18//18
f 1//1 21//21 20//20
f 21//21 22//22 20//20
f 22//22 23//23 20//20
f 1//1 24//24 21//21
f 24//24 25//25 26//26
f 26//26 22//22 21//21
f 24//24 26//26 21//21
f 25//25 27//27 28//28
f 27//27 29//29 30//30
f 30//30 31//31 28//28
f 27//27 30//30 28//28
f 31//31 32//32 33//33
f 23//23 22//22 33//33
f 32//32 23//23 33//33
f 25//25 28//28 26//26
f 28//28 31//31 33//33
f 33//33 22//22 26//26
f 28//28 33//33 26//26
f 1//1 34//34 24//24
f 35//35 25//25 24//24
f 34//34 35//35 24//24
f 34//34 36//36 35//35
f 36//36 37//37 35//35
f 35//35 29//29 27//27
f 27//27 25//25 35//35
f 1//1 38//38 34//34
f 38//38 37//37 36//36
f 38//38 36//36 34//34
f 1//1 39//39 38//38
f 1//1 40//40 39//39
f 40//40 41//41 39//39
f 41//41 42//42 39//39
f 42//42 43//43 39//39
f 1//1 44//44 40//40
f 44//44 45//45 46//46
f 46//46 41//41 40//40
f 44//44 46//46 40//40
f 45//45 47//47 48//48
f 47//47 49//49 50//50
f 50//50 51//51 48//48
f 47//47 50//50 48//48
f 51//51 52//52 53//53
f 52//52 43//43 42//42
f 42//42 41//41 53//53
f 52//52 42//42 53//53
f 45//45 48//48 46//46
f 48//48 51//51 53//53
f 53//53 41//41 46//46
f 48//48 53//53 46//46
f 1//1 54//54 44//44
f 54//54 45//45 44//44
f 54//54 49//49 47//47
f 47//47 45//45 54//54
f 1//1 55//55 54//54
f 55//55 56//56 54//54
f 1//1 57//57 55//55
f 57//57 58//58 56//56
f 57//57 56//56 55//55
f 58//58 59//59 56//56
f 59//59 60//60 56//56
f 1//1 61//61 57//57
f 61//61 62//62 63//63
f 63//63 58//58 57//57
f 61//61 63//63 57//57
f 62//62 64//64 63//63
f 64//64 65//65 63//63
f 66//66 60//60 59//59
f 59//59 58//58 63//63
f 66//66 59//59 63//63
f 1//1 67//67 61//61
f 67//67 62//62 61//61
f 64//64 62//62 67//67
f 65//65 64//64 67//67
f 1//1 68//68 67//67
f 68//68 69//69 67//67
f 69//69 70//70 67//67
f 5//5 4//4 71//71
f 4//4 3//3 68//68
f 3//3 1//1 68//68
f 68//68 69//69 71//71
f 69//69 70//70 71//71
f 4//4 68//68 71//71
f 5//5 72//72 73//73
f 72//72 74//74 73//73
f 74//74 75//75 73//73
f 75//75 76//76 73//73
f 2//2 5//5 72//72
f 72//72 74//74 2//2
f 74//74 75//75 2//2
f 75//75 76//76 2//2
f 77//77 76//76 2//2
f 6//6 2//2 77//77
f 6//6 78//78 77//77
f 78//78 79//79 77//77
f 12//12 13//13 80//80
f 13//13 14//14 78//78
f 78//78 81//81 80//80
f 13//13 78//78 80//80
f 14//14 15//15 78//78
f 15//15 6//6 78//78
f 79//79 81//81 78//78
f 12//12 82//82 80//80
f 82//82 81//81 80//80
f 79//79 81//81 82//82
f 17//17 12//12 82//82
f 17//17 83//83 82//82
f 19//19 17//17 84//84
f 17//17 85//85 84//84
f 17//17 83//83 86//86
f 86//86 85//85 17//17
f 19//19 87//87 84//84
f 87//87 85//85 84//84
f 87//87 88//88 89//89
f 89//89 83//83 86//86
f 86//86 85//85 87//87
f 89//89 86//86 87//87
f 20//20 19//19 87//87
f 87//87 88//88 20//20
f 90//90 88//88 20//20
f 23//23 20//20 90//90
f 23//23 91//91 90//90
f 29//29 30//30 91//91
f 30//30 31//31 91//91
f 31//31 32//32 91//91
f 32//32 23//23 91//91
f 29//29 92//92 91//91
f 37//37 35//35 92//92
f 35//35 29//29 92//92
f 37//37 93//93 92//92
f 38//38 37//37 93//93
f 38//38 94//94 93//93
f 38//38 94//94 39//39
f 39//39 95//95 96//96
f 96//96 97//97 39//39
f 97//97 94//94 39//39
f 43//43 39//39 98//98
f 39//39 95//95 98//98
f 43//43 99//99 98//98
f 99//99 95//95 98//98
f 49//49 50//50 99//99
f 50//50 51//51 99//99
f 51//51 52//52 99//99
f 52//52 43//43 99//99
f 49//49 100//100 99//99
f 54//54 49//49 100//100
f 54//54 101//101 100//100
f 54//54 101//101 56//56
f 102//102 101//101 56//56
f 60//60 56//56 102//102
f 60//60 103//103 102//102
f 65//65 63//63 103//103
f 63//63 66//66 103//103
f 66//66 60//60 103//103
f 65//65 103//103 67//67
f 103//103 104//104 67//67
f 67//67 105//105 106//106
f 106//106 107//107 67//67
f 107//107 104//104 67//67
f 70//70 67//67 108//108
f 67//67 105//105 109//109
f 109//109 108//108 67//67
f 70//70 73//73 108//108
f 73//73 105//105 109//109
f 109//109 108//108 73//73
f 5//5 71//71 73//73
f 71//71 70//70 73//73
f 73//73 110//110 111//111
f 76//76 73//73 110//110
f 76//76 112//112 110//110
f 112//112 113//113 110//110
f 113//113 114//114 110//110
f 114//114 115//115 110//110
f 77//77 76//76 112//112
f 112//112 113//113 77//77
f 113//113 114//114 77//77
f 114//114 115//115 77//77
f 116//116 115//115 77//77
f 79//79 77//77 116//116
f 79//79 117//117 116//116
f 79//79 117//117 82//82
f 118//118 117//117 82//82
f 83//83 82//82 118//118
f 83//83 119//119 118//118
f 88//88 89//89 119//119
f 89//89 83//83 119//119
f 88//88 120//120 119//119
f 90//90 88//88 120//120
f 121//121 120//120 90//90
f 91//91 90//90 121//121
f 91//91 122//122 121//121
f 91//91 122//122 92//92
f 123//123 122//122 92//92
f 93//93 92//92 123//123
f 93//93 124//124 123//123
f 94//94 93//93 124//124
f 94//94 125//125 124//124
f 125//125 126//126 124//124
f 95//95 96//96 127//127
f 96//96 97//97 127//127
f 97//97 94//94 125//125
f 125//125 126//126 127//127
f 97//97 125//125 127//127
f 128//128 126//126 127//127
f 99//99 127//127 128//128
f 99//99 95//95 127//127
f 99//99 129//129 128//128
f 99//99 129//129 100//100
f 130//130 129//129 100//100
f 101//101 100//100 130//130
f 101//101 131//131 130//130
f 102//102 101//101 131//131
f 132//132 131//131 102//102
f 102//102 132//132 103//103
f 133//133 132//132 103//103
f 104//104 103//103 133//133
f 104//104 134//134 133//133
f 105//105 106//106 135//135
f 106//106 107//107 135//135
f 107//107 104//104 135//135
f 104//104 134//134 135//135
f 105//105 111//111 135//135
f 111//111 134//134 135//135
f 73//73 105//105 111//111
f 136//136 137//137 111//111
f 111//111 136//136 110//110
f 110//110 138//138 136//136
f 115//115 110//110 138//138
f 115//115 139//139 138//138
f 116//116 115//115 139//139
f 116//116 140//140 139//139
f 117//117 116//116 140//140
f 117//117 141//141 140//140
f 118//118 117//117 141//141
f 118//118 142//142 141//141
f 118//118 142//142 119//119
f 119//119 143//143 144//144
f 144//144 142//142 119//119
f 119//119 143//143 120//120
f 145//145 143//143 120//120
f 121//121 120//120 145//145
f 121//121 146//146 145//145
f 122//122 121//121 147//147
f 121//121 148//148 147//147
f 121//121 146//146 149//149
f 149//149 148//148 121//121
f 122//122 150//150 147//147
f 150//150 148//148 147//147
f 150//150 146//146 149//149
f 149//149 148//148 150//150
f 123//123 122//122 150//150
f 151//151 150//150 123//123
f 123//123 151//151 124//124
f 124//124 152//152 151//151
f 124//124 152//152 126//126
f 128//128 126//126 152//152
f 152//152 153//153 128//128
f 154//154 153//153 128//128
f 129//129 128//128 154//154
f 129//129 155//155 154//154
f 130//130 129//129 155//155
f 130//130 156//156 155//155
f 131//131 130//130 157//157
f 130//130 156//156 157//157
f 131//131 158//158 157//157
f 158//158 159//159 157//157
f 159//159 160//160 161//161
f 159//159 161//161 157//157
f 161//161 156//156 157//157
f 158//158 162//162 132//132
f 132//132 131//131 158//158
f 159//159 160//160 163//163
f 163//163 162//162 158//158
f 159//159 163//163 158//158
f 164//164 162//162 132//132
f 164//164 160//160 163//163
f 163//163 162//162 164//164
f 133//133 132//132 164//164
f 165//165 164//164 133//133
f 134//134 133//133 165//165
f 134//134 166//166 165//165
f 166//166 167//167 165//165
f 167//167 168//168 165//165
f 168//168 137//137 165//165
f 111//111 134//134 166//166
f 166//166 167//167 111//111
f 167//167 168//168 111//111
f 168//168 137//137 111//111
f 137//137 169//169 170//170
f 169//169 171//171 172//172
f 172//172 173//173 170//170
f 169//169 172//172 170//170
f 171//171 174//174 172//172
f 174//174 175//175 172//172
f 175//175 173//173 172//172
f 169//169 171//171 136//136
f 137//137 169//169 136//136
f 171//171 174//174 136//136
f 136//136 176//176 177//177
f 177//177 178//178 136//136
f 178//178 174//174 179//179
f 174//174 136//136 179//179
f 136//136 178//178 179//179
f 136//136 180//180 138//138
f 136//136 176//176 181//181
f 181//181 180//180 136//136
f 182//182 176//176 181//181
f 181//181 180//180 182//182
f 182//182 180//180 138//138
f 138//138 182//182 139//139
f 183//183 182//182 139//139
f 183//183 140//140 139//139
f 184//184 183//183 140//140
f 141//141 140//140 184//184
f 141//141 185//185 184//184
f 142//142 141//141 186//186
f 141//141 187//187 186//186
f 141//141 185//185 187//187
f 142//142 188//188 186//186
f 188//188 187//187 186//186
f 188//188 185//185 187//187
f 143//143 144//144 188//188
f 144//144 142//142 188//188
f 143//143 189//189 188//188
f 145//145 143//143 189//189
f 145//145 190//190 189//189
f 146//146 145//145 191//191
f 145//145 192//192 191//191
f 190//190 192//192 145//145
f 146//146 193//193 191//191
f 193//193 192//192 191//191
f 190//190 192//192 193//193
f 150//150 146//146 193//193
f 150//150 194//194 193//193
f 150//150 194//194 151//151
f 195//195 194//194 151//151
f 151//151 195//195 152//152
f 196//196 195//195 152//152
f 153//153 152//152 196//196
f 153//153 197//197 196//196
f 197//197 198//198 196//196
f 198//198 199//199 196//196
f 154//154 153//153 197//197
f 197//197 198//198 200//200
f 154//154 197//197 200//200
f 198//198 199//199 154//154
f 200//200 198//198 154//154
f 201//201 199//199 154//154
f 154//154 201//201 155//155
f 202//202 201//201 155//155
f 156//156 155//155 202//202
f 156//156 203//203 202//202
f 203//203 204//204 205//205
f 203//203 205//205 202//202
f 204//204 206//206 202//202
f 206//206 207//207 202//202
f 204//204 202//202 205//205
f 161//161 208//208 160//160
f 161//161 156//156 203//203
f 203//203 204//204 161//161
f 204//204 206//206 161//161
f 206//206 207//207 209//209
f 209//209 208//208 161//161
f 206//206 209//209 161//161
f 160//160 210//210 211//211
f 211//211 208//208 160//160
f 210//210 212//212 213//213
f 213//213 214//214 211//211
f 210//210 213//213 211//211
f 214//214 215//215 216//216
f 215//215 207//207 209//209
f 209//209 208//208 216//216
f 215//215 209//209 216//216
f 211//211 214//214 216//216
f 216//216 208//208 211//211
f 160//160 210//210 164//164
f 210//210 212//212 164//164
f 217//217 212//212 164//164
f 164//164 217//217 165//165
f 165//165 175//175 217//217
f 137//137 165//165 170//170
f 165//165 173//173 170//170
f 175//175 173//173 165//165
f 218//218 219//219 175//175
f 218//218 220//220 219//219
f 174//174 175//175 221//221
f 218//218 222//222 221//221
f 175//175 218//218 221//221
f 218//218 220//220 223//223
f 223//223 222//222 218//218
f 174//174 224//224 221//221
f 224//224 222//222 221//221
f 224//224 225//225 226//226
f 226//226 227//227 224//224
f 227//227 228//228 229//229
f 228//228 220//220 223//223
f 223//223 222//222 229//229
f 228//228 223//223 229//229
f 224//224 227//227 229//229
f 229//229 222//222 224//224
f 176//176 177//177 230//230
f 177//177 178//178 230//230
f 178//178 174//174 230//230
f 174//174 224//224 230//230
f 224//224 225//225 230//230
f 231//231 225//225 230//230
f 182//182 230//230 231//231
f 182//182 176//176 230//230
f 182//182 232//232 231//231
f 183//183 182//182 233//233
f 182//182 232//232 233//233
f 183//183 234//234 233//233
f 234//234 235//235 233//233
f 235//235 236//236 233//233
f 236//236 232//232 233//233
f 184//184 183//183 234//234
f 184//184 237//237 234//234
f 185//185 184//184 238//238
f 184//184 239//239 238//238
f 184//184 237//237 240//240
f 240//240 239//239 184//184
f 185//185 241//241 238//238
f 241//241 239//239 238//238
f 241//241 237//237 240//240
f 240//240 239//239 241//241
f 188//188 185//185 241//241
f 188//188 242//242 241//241
f 188//188 242//242 189//189
f 243//243 242//242 189//189
f 190//190 189//189 243//243
f 190//190 244//244 243//243
f 190//190 244//244 193//193
f 193//193 245//245 244//244
f 194//194 193//193 246//246
f 193//193 247//247 246//246
f 193//193 245//245 248//248
f 248//248 247//247 193//193
f 194//194 249//249 246//246
f 249//249 247//247 246//246
f 249//249 250//250 251//251
f 250//250 252//252 253//253
f 253//253 254//254 251//251
f 250//250 253//253 251//251
f 254//254 255//255 249//249
f 255//255 245//245 248//248
f 248//248 247//247 249//249
f 255//255 248//248 249//249
f 251//251 254//254 249//249
f 195//195 194//194 249//249
f 250//250 252//252 195//195
f 250//250 195//195 249//249
f 195//195 196//196 256//256
f 196//196 257//257 256//256
f 256//256 252//252 195//195
f 258//258 257//257 196//196
f 199//199 196//196 258//258
f 199//199 259//259 258//258
f 259//259 260//260 258//258
f 260//260 261//261 258//258
f 261//261 262//262 258//258
f 201//201 199//199 259//259
f 259//259 260//260 263//263
f 201//201 259//259 263//263
f 260//260 261//261 201//201
f 261//261 262//262 201//201
f 263//263 260//260 201//201
f 201//201 264//264 265//265
f 265//265 266//266 201//201
f 266//266 267//267 201//201
f 267//267 262//262 201//201
f 201//201 264//264 268//268
f 268//268 202//202 201//201
f 269//269 270//270 271//271
f 269//269 271//271 202//202
f 270//270 272//272 268//268
f 272//272 264//264 268//268
f 270//270 268//268 271//271
f 268//268 202//202 271//271
f 207//207 202//202 273//273
f 269//269 270//270 274//274
f 202//202 269//269 274//274
f 270//270 272//272 273//273
f 202//202 274//274 273//273
f 274//274 270//270 273//273
f 207//207 275//275 273//273
f 275//275 276//276 272//272
f 275//275 272//272 273//273
f 212//212 213//213 277//277
f 213//213 214//214 278//278
f 278//278 275//275 277//277
f 213//213 278//278 277//277
f 214//214 215//215 275//275
f 215//215 207//207 275//275
f 214//214 275//275 278//278
f 212//212 279//279 277//277
f 279//279 275//275 277//277
f 279//279 276//276 275//275
f 217//217 212//212 279//279
f 217//217 219//219 279//279
f 217//217 219//219 175//175
f 280//280 281//281 219//219
f 220//220 219//219 280//280
f 220//220 282//282 280//280
f 225//225 226//226 282//282
f 226//226 227//227 282//282
f 227//227 228//228 282//282
f 228//228 220//220 282//282
f 225//225 283//283 282//282
f 231//231 225//225 283//283
f 231//231 284//284 283//283
f 232//232 231//231 285//285
f 284//284 286//286 231//231
f 231//231 286//286 285//285
f 232//232 287//287 285//285
f 287//287 286//286 285//285
f 284//284 286//286 287//287
f 234//234 235//235 287//287
f 235//235 236//236 287//287
f 236//236 232//232 287//287
f 288//288 287//287 234//234
f 237//237 234//234 288//288
f 237//237 289//289 288//288
f 289//289 290//290 288//288
f 241//241 237//237 289//289
f 289//289 290//290 241//241
f 291//291 290//290 241//241
f 242//242 241//241 291//291
f 242//242 292//292 291//291
f 292//292 293//293 291//291
f 293//293 294//294 291//291
f 294//294 295//295 291//291
f 243//243 242//242 292//292
f 292//292 293//293 243//243
f 293//293 294//294 243//243
f 294//294 295//295 243//243
f 243//243 296//296 297//297
f 297//297 298//298 243//243
f 298//298 299//299 243//243
f 299//299 295//295 243//243
f 243//243 296//296 244//244
f 244//244 300//300 301//301
f 301//301 302//302 303//303
f 244//244 301//301 303//303
f 302//302 304//304 244//244
f 304//304 296//296 244//244
f 303//303 302//302 244//244
f 245//245 244//244 305//305
f 244//244 306//306 305//305
f 244//244 300//300 307//307
f 307//307 306//306 244//244
f 245//245 308//308 305//305
f 308//308 309//309 310//310
f 310//310 306//306 305//305
f 308//308 310//310 305//305
f 309//309 311//311 312//312
f 311//311 313//313 314//314
f 314//314 315//315 312//312
f 311//311 314//314 312//312
f 315//315 316//316 317//317
f 316//316 300//300 307//307
f 307//307 306//306 317//317
f 316//316 307//307 317//317
f 309//309 312//312 310//310
f 312//312 315//315 317//317
f 317//317 306//306 310//310
f 312//312 317//317 310//310
f 252//252 253//253 318//318
f 253//253 254//254 319//319
f 319//319 320//320 318//318
f 253//253 319//319 318//318
f 254//254 255//255 321//321
f 255//255 245//245 308//308
f 308//308 309//309 321//321
f 255//255 308//308 321//321
f 309//309 311//311 322//322
f 311//311 313//313 323//323
f 323//323 320//320 322//322
f 311//311 323//323 322//322
f 254//254 321//321 319//319
f 321//321 309//309 322//322
f 322//322 320//320 319//319
f 321//321 322//322 319//319
f 252//252 324//324 318//318
f 324//324 325//325 326//326
f 326//326 320//320 318//318
f 324//324 326//326 318//318
f 325//325 327//327 328//328
f 327//327 329//329 330//330
f 330//330 331//331 328//328
f 327//327 330//330 328//328
f 331//331 332//332 333//333
f 332//332 313//313 323//323
f 323//323 320//320 333//333
f 332//332 323//323 333//333
f 325//325 328//328 326//326
f 328//328 331//331 333//333
f 333//333 320//320 326//326
f 328//328 333//333 326//326
f 257//257 256//256 334//334
f 256//256 335//335 334//334
f 256//256 252//252 324//324
f 324//324 325//325 256//256
f 325//325 327//327 256//256
f 327//327 329//329 336//336
f 336//336 335//335 256//256
f 327//327 336//336 256//256
f 257//257 337//337 334//334
f 337//337 338//338 339//339
f 339//339 335//335 334//334
f 337//337 339//339 334//334
f 338//338 340//340 341//341
f 340//340 342//342 343//343
f 343//343 344//344 341//341
f 340//340 343//343 341//341
f 344//344 345//345 346//346
f 345//345 329//329 336//336
f 336//336 335//335 346//346
f 345//345 336//336 346//346
f 338//338 341//341 339//339
f 341//341 344//344 346//346
f 346//346 335//335 339//339
f 341//341 346//346 339//339
f 258//258 257//257 337//337
f 337//337 338//338 258//258
f 338//338 340//340 258//258
f 340//340 342//342 258//258
f 258//258 347//347 348//348
f 348//348 349//349 258//258
f 349//349 350//350 258//258
f 350//350 342//342 258//258
f 262//262 258//258 351//351
f 258//258 352//352 351//351
f 258//258 347//347 353//353
f 353//353 352//352 258//258
f 262//262 354//354 351//351
f 354//354 355//355 356//356
f 356//356 352//352 351//351
f 354//354 356//356 351//351
f 355//355 357//357 358//358
f 357//357 359//359 360//360
f 360//360 361//361 358//358
f 357//357 360//360 358//358
f 361//361 362//362 363//363
f 362//362 347//347 353//353
f 353//353 352//352 363//363
f 362//362 353//353 363//363
f 355//355 358//358 356//356
f 358//358 361//361 363//363
f 363//363 352//352 356//356
f 358//358 363//363 356//356
f 264//264 265//265 364//364
f 265//265 266//266 365//365
f 365//365 366//366 364//364
f 265//265 365//365 364//364
f 266//266 267//267 367//367
f 267//267 262//262 354//354
f 354//354 355//355 367//367
f 267//267 354//354 367//367
f 355//355 357//357 368//368
f 357//357 359//359 369//369
f 369//369 366//366 368//368
f 357//357 369//369 368//368
f 266//266 367//367 365//365
f 367//367 355//355 368//368
f 368//368 366//366 365//365
f 367//367 368//368 365//365
f 370//370 366//366 364//364
f 264//264 370//370 364//364
f 370//370 359//359 369//369
f 369//369 366//366 370//370
f 264//264 370//370 272//272
f 371//371 370//370 272//272
f 276//276 272//272 371//371
f 276//276 372//372 371//371
f 279//279 276//276 372//372
f 279//279 281//281 372//372
f 279//279 281//281 219//219
f 373//373 374//374 281//281
f 281//281 373//373 280//280
f 375//375 373//373 280//280
f 280//280 375//375 282//282
f 282//282 376//376 375//375
f 282//282 376//376 283//283
f 377//377 378//378 283//283
f 378//378 379//379 283//283
f 379//379 376//376 283//283
f 284//284 283//283 377//377
f 284//284 380//380 377//377
f 380//380 381//381 377//377
f 380//380 382//382 381//381
f 287//287 284//284 380//380
f 380//380 382//382 287//287
f 287//287 383//383 384//384
f 384//384 385//385 287//287
f 385//385 386//386 287//287
f 386//386 382//382 287//287
f 287//287 383//383 288//288
f 288//288 387//387 388//388
f 388//388 389//389 288//288
f 389//389 390//390 288//288
f 390//390 383//383 288//288
f 288//288 391//391 290//290
f 288//288 387//387 392//392
f 392//392 391//391 288//288
f 291//291 391//391 290//290
f 291//291 393//393 394//394
f 394//394 395//395 291//291
f 395//395 396//396 392//392
f 396//396 387//387 392//392
f 291//291 395//395 392//392
f 392//392 391//391 291//291
f 291//291 397//397 398//398
f 398//398 399//399 291//291
f 399//399 400//400 291//291
f 400//400 393//393 291//291
f 295//295 291//291 401//401
f 291//291 402//402 401//401
f 291//291 397//397 403//403
f 403//403 402//402 291//291
f 295//295 404//404 401//401
f 404//404 405//405 406//406
f 406//406 402//402 401//401
f 404//404 406//406 401//401
f 405//405 407//407 408//408
f 407//407 409//409 410//410
f 410//410 411//411 408//408
f 407//407 410//410 408//408
f 411//411 412//412 413//413
f 412//412 397//397 403//403
f 403//403 402//402 413//413
f 412//412 403//403 413//413
f 405//405 408//408 406//406
f 408//408 411//411 413//413
f 413//413 402//402 406//406
f 408//408 413//413 406//406
f 296//296 297//297 414//414
f 297//297 298//298 415//415
f 415//415 416//416 414//414
f 297//297 415//415 414//414
f 298//298 299//299 417//417
f 299//299 295//295 404//404
f 404//404 405//405 417//417
f 299//299 404//404 417//417
f 405//405 407//407 418//418
f 407//407 409//409 419//419
f 419//419 416//416 418//418
f 407//407 419//419 418//418
f 298//298 417//417 415//415
f 417//417 405//405 418//418
f 418//418 416//416 415//415
f 417//417 418//418 415//415
f 296//296 420//420 414//414
f 420//420 416//416 414//414
f 420//420 409//409 419//419
f 419//419 416//416 420//420
f 300//300 301//301 420//420
f 301//301 302//302 420//420
f 302//302 304//304 420//420
f 304//304 296//296 420//420
f 300//300 421//421 420//420
f 421//421 422//422 420//420
f 422//422 423//423 420//420
f 423//423 424//424 420//420
f 313//313 314//314 425//425
f 314//314 315//315 426//426
f 426//426 427//427 425//425
f 314//314 426//426 425//425
f 315//315 316//316 428//428
f 316//316 300//300 421//421
f 421//421 422//422 428//428
f 316//316 421//421 428//428
f 422//422 423//423 429//429
f 423//423 424//424 430//430
f 430//430 427//427 429//429
f 423//423 430//430 429//429
f 315//315 428//428 426//426
f 428//428 422//422 429//429
f 429//429 427//427 426//426
f 428//428 429//429 426//426
f 313//313 431//431 425//425
f 431//431 427//427 425//425
f 432//432 433//433 434//434
f 433//433 424//424 430//430
f 430//430 427//427 434//434
f 433//433 430//430 434//434
f 431//431 432//432 434//434
f 434//434 427//427 431//431
f 329//329 330//330 431//431
f 330//330 331//331 431//431
f 331//331 332//332 431//431
f 332//332 313//313 431//431
f 329//329 435//435 431//431
f 435//435 436//436 431//431
f 436//436 437//437 431//431
f 437//437 438//438 431//431
f 342//342 343//343 439//439
f 343//343 344//344 440//440
f 440//440 441//441 439//439
f 343//343 440//440 439//439
f 344//344 345//345 442//442
f 345//345 329//329 435//435
f 435//435 436//436 442//442
f 345//345 435//435 442//442
f 436//436 437//437 443//443
f 437//437 438//438 444//444
f 444//444 441//441 443//443
f 437//437 444//444 443//443
f 344//344 442//442 440//440
f 442//442 436//436 443//443
f 443//443 441//441 440//440
f 442//442 443//443 440//440
f 342//342 445//445 439//439
f 445//445 446//446 447//447
f 447//447 441//441 439//439
f 445//445 447//447 439//439
f 446//446 448//448 449//449
f 448//448 450//450 451//451
f 448//448 451//451 449//449
f 451//451 452//452 453//453
f 452//452 438//438 444//444
f 444//444 441//441 453//453
f 452//452 444//444 453//453
f 446//446 449//449 447//447
f 449//449 451//451 453//453
f 453//453 441//441 447//447
f 449//449 453//453 447//447
f 347//347 348//348 454//454
f 348//348 349//349 455//455
f 455//455 456//456 454//454
f 348//348 455//455 454//454
f 349//349 350//350 457//457
f 350//350 342//342 445//445
f 445//445 446//446 457//457
f 350//350 445//445 457//457
f 446//446 448//448 458//458
f 448//448 450//450 459//459
f 459//459 456//456 458//458
f 448//448 459//459 458//458
f 349//349 457//457 455//455
f 457//457 446//446 458//458
f 458//458 456//456 455//455
f 457//457 458//458 455//455
f 347//347 460//460 454//454
f 460//460 461//461 462//462
f 462//462 456//456 454//454
f 460//460 462//462 454//454
f 461//461 463//463 464//464
f 463//463 465//465 466//466
f 466//466 467//467 464//464
f 463//463 466//466 464//464
f 467//467 468//468 469//469
f 468//468 450//450 459//459
f 459//459 456//456 469//469
f 468//468 459//459 469//469
f 461//461 464//464 462//462
f 464//464 467//467 469//469
f 469//469 456//456 462//462
f 464//464 469//469 462//462
f 359//359 360//360 470//470
f 360//360 361//361 471//471
f 471//471 472//472 470//470
f 360//360 471//471 470//470
f 361//361 362//362 473//473
f 362//362 347//347 460//460
f 460//460 461//461 473//473
f 362//362 460//460 473//473
f 461//461 463//463 474//474
f 463//463 465//465 475//475
f 475//475 472//472 474//474
f 463//463 475//475 474//474
f 361//361 473//473 471//471
f 473//473 461//461 474//474
f 474//474 472//472 471//471
f 473//473 474//474 471//471
f 359//359 476//476 470//470
f 476//476 477//477 478//478
f 478//478 472//472 470//470
f 476//476 478//478 470//470
f 477//477 479//479 480//480
f 479//479 481//481 482//482
f 482//482 483//483 480//480
f 479//479 482//482 480//480
f 483//483 484//484 485//485
f 484//484 465//465 475//475
f 475//475 472//472 485//485
f 484//484 475//475 485//485
f 477//477 480//480 478//478
f 480//480 483//483 485//485
f 485//485 472//472 478//478
f 480//480 485//485 478//478
f 370//370 359//359 476//476
f 476//476 477//477 370//370
f 477//477 479//479 370//370
f 479//479 481//481 370//370
f 370//370 486//486 487//487
f 487//487 488//488 370//370
f 488//488 489//489 370//370
f 489//489 481//481 370//370
f 370//370 486//486 371//371
f 490//490 486//486 371//371
f 371//371 490//490 372//372
f 372//372 374//374 490//490
f 372//372 374//374 281//281
f 374//374 491//491 492//492
f 491//491 493//493 494//494
f 494//494 495//495 492//492
f 491//491 494//494 492//492
f 493//493 496//496 497//497
f 496//496 498//498 497//497
f 497//497 499//499 500//500
f 500//500 495//495 501//501
f 497//497 500//500 501//501
f 493//493 497//497 494//494
f 501//501 495//495 494//494
f 497//497 501//501 494//494
f 373//373 374//374 491//491
f 491//491 493//493 373//373
f 493//493 496//496 373//373
f 496//496 498//498 373//373
f 373//373 502//502 503//503
f 504//504 505//505 373//373
f 505//505 498//498 373//373
f 503//503 504//504 373//373
f 373//373 502//502 375//375
f 506//506 502//502 375//375
f 376//376 375//375 506//506
f 376//376 507//507 506//506
f 377//377 378//378 507//507
f 378//378 379//379 507//507
f 379//379 376//376 507//507
f 377//377 508//508 507//507
f 508//508 509//509 507//507
f 509//509 510//510 507//507
f 382//382 381//381 511//511
f 381//381 512//512 511//511
f 377//377 508//508 381//381
f 508//508 509//509 381//381
f 510//510 512//512 381//381
f 509//509 510//510 381//381
f 382//382 513//513 511//511
f 513//513 512//512 511//511
f 510//510 512//512 513//513
f 383//383 384//384 513//513
f 384//384 385//385 513//513
f 385//385 386//386 513//513
f 386//386 382//382 513//513
f 383//383 514//514 513//513
f 387//387 388//388 514//514
f 388//388 389//389 515//515
f 388//388 515//515 514//514
f 389//389 390//390 516//516
f 390//390 383//383 514//514
f 390//390 514//514 516//516
f 389//389 516//516 515//515
f 516//516 514//514 515//515
f 387//387 517//517 514//514
f 517//517 518//518 514//514
f 518//518 519//519 514//514
f 519//519 520//520 514//514
f 393//393 394//394 521//521
f 394//394 395//395 522//522
f 522//522 523//523 521//521
f 394//394 522//522 521//521
f 395//395 396//396 524//524
f 396//396 387//387 517//517
f 517//517 518//518 524//524
f 396//396 517//517 524//524
f 518//518 519//519 525//525
f 519//519 520//520 526//526
f 526//526 523//523 525//525
f 519//519 526//526 525//525
f 395//395 524//524 522//522
f 524//524 518//518 525//525
f 525//525 523//523 522//522
f 524//524 525//525 522//522
f 393//393 527//527 521//521
f 527//527 523//523 521//521
f 528//528 529//529 530//530
f 528//528 530//530 527//527
f 530//530 520//520 526//526
f 526//526 523//523 527//527
f 530//530 526//526 527//527
f 397//397 398//398 531//531
f 398//398 399//399 532//532
f 532//532 533//533 531//531
f 398//398 532//532 531//531
f 399//399 400//400 534//534
f 400//400 393//393 527//527
f 400//400 527//527 534//534
f 527//527 528//528 535//535
f 528//528 529//529 536//536
f 536//536 533//533 535//535
f 528//528 536//536 535//535
f 399//399 534//534 532//532
f 534//534 527//527 535//535
f 535//535 533//533 532//532
f 534//534 535//535 532//532
f 397//397 537//537 531//531
f 537//537 538//538 539//539
f 539//539 533//533 531//531
f 537//537 539//539 531//531
f 538//538 540//540 541//541
f 540//540 542//542 543//543
f 543//543 544//544 541//541
f 540//540 543//543 541//541
f 544//544 545//545 546//546
f 545//545 529//529 536//536
f 536//536 533//533 546//546
f 545//545 536//536 546//546
f 538//538 541//541 539//539
f 541//541 544//544 546//546
f 546//546 533//533 539//539
f 541//541 546//546 539//539
f 409//409 410//410 547//547
f 410//410 411//411 540//540
f 540//540 548//548 547//547
f 410//410 540//540 547//547
f 412//412 397//397 537//537
f 537//537 538//538 412//412
f 540//540 542//542 549//549
f 549//549 548//548 540//540
f 411//411 412//412 540//540
f 412//412 538//538 540//540
f 409//409 550//550 547//547
f 550//550 548//548 547//547
f 550//550 542//542 549//549
f 549//549 548//548 550//550
f 420//420 409//409 550//550
f 551//551 550//550 420//420
f 424//424 420//420 552//552
f 420//420 551//551 552//552
f 424//424 553//553 552//552
f 553//553 551//551 552//552
f 431//431 432//432 553//553
f 432//432 433//433 553//553
f 433//433 424//424 553//553
f 431//431 554//554 555//555
f 431//431 555//555 553//553
f 438//438 431//431 556//556
f 431//431 557//557 556//556
f 431//431 554//554 558//558
f 558//558 557//557 431//431
f 438//438 559//559 556//556
f 559//559 557//557 556//556
f 559//559 554//554 558//558
f 558//558 557//557 559//559
f 450//450 451//451 559//559
f 452//452 438//438 559//559
f 451//451 452//452 559//559
f 450//450 560//560 559//559
f 465//465 466//466 560//560
f 466//466 467//467 560//560
f 467//467 468//468 560//560
f 468//468 450//450 560//560
f 465//465 561//561 560//560
f 481//481 482//482 561//561
f 482//482 483//483 561//561
f 483//483 484//484 561//561
f 484//484 465//465 561//561
f 481//481 562//562 561//561
f 562//562 563//563 561//561
f 563//563 564//564 561//561
f 564//564 565//565 561//561
f 486//486 487//487 566//566
f 487//487 488//488 566//566
f 488//488 489//489 566//566
f 489//489 481//481 562//562
f 562//562 563//563 566//566
f 489//489 562//562 566//566
f 563//563 564//564 566//566
f 564//564 565//565 566//566
f 486//486 567//567 566//566
f 567//567 565//565 566//566
f 490//490 486//486 567//567
f 490//490 568//568 567//567
f 568//568 499//499 567//567
f 374//374 490//490 492//492
f 569//569 495//495 492//492
f 490//490 569//569 492//492
f 490//490 568//568 570//570
f 568//568 499//499 500//500
f 500//500 495//495 570//570
f 568//568 500//500 570//570
f 490//490 571//571 569//569
f 571//571 490//490 570//570
f 570//570 495//495 569//569
f 571//571 570//570 569//569
f 499//499 572//572 573//573
f 498//498 497//497 572//572
f 497//497 499//499 572//572
f 498//498 574//574 572//572
f 574//574 575//575 572//572
f 575//575 576//576 572//572
f 576//576 577//577 572//572
f 502//502 503//503 578//578
f 503//503 504//504 579//579
f 579//579 580//580 578//578
f 503//503 579//579 578//578
f 504//504 505//505 581//581
f 505//505 498//498 574//574
f 574//574 575//575 581//581
f 505//505 574//574 581//581
f 575//575 576//576 582//582
f 576//576 577//577 583//583
f 583//583 580//580 582//582
f 576//576 583//583 582//582
f 504//504 581//581 579//579
f 581//581 575//575 582//582
f 582//582 580//580 579//579
f 581//581 582//582 579//579
f 502//502 506//506 578//578
f 506//506 580//580 578//578
f 506//506 584//584 585//585
f 585//585 577//577 583//583
f 583//583 580//580 506//506
f 585//585 583//583 506//506
f 586//586 584//584 506//506
f 506//506 586//586 507//507
f 587//587 586//586 507//507
f 510//510 507//507 587//587
f 510//510 588//588 587//587
f 588//588 589//589 587//587
f 513//513 510//510 588//588
f 588//588 589//589 513//513
f 590//590 589//589 513//513
f 514//514 513//513 590//590
f 514//514 591//591 590//590
f 520//520 514//514 591//591
f 520//520 592//592 591//591
f 592//592 593//593 591//591
f 593//593 594//594 591//591
f 594//594 595//595 591//591
f 529//529 530//530 596//596
f 530//530 597//597 596//596
f 530//530 520//520 592//592
f 592//592 593//593 598//598
f 530//530 592//592 598//598
f 593//593 594//594 598//598
f 594//594 595//595 598//598
f 598//598 597//597 530//530
f 529//529 599//599 596//596
f 599//599 600//600 601//601
f 601//601 597//597 596//596
f 599//599 601//601 596//596
f 600//600 602//602 601//601
f 602//602 603//603 601//601
f 601//601 595//595 598//598
f 598//598 597//597 601//601
f 542//542 543//543 604//604
f 543//543 544//544 605//605
f 605//605 606//606 604//604
f 543//543 605//605 604//604
f 544//544 545//545 607//607
f 545//545 529//529 599//599
f 599//599 600//600 607//607
f 545//545 599//599 607//607
f 600//600 602//602 608//608
f 603//603 606//606 608//608
f 602//602 603//603 608//608
f 544//544 607//607 605//605
f 607//607 600//600 608//608
f 608//608 606//606 605//605
f 607//607 608//608 605//605
f 542//542 609//609 604//604
f 609//609 606//606 604//604
f 609//609 610//610 611//611
f 611//611 612//612 609//609
f 612//612 613//613 606//606
f 613//613 603//603 606//606
f 609//609 612//612 606//606
f 550//550 542//542 609//609
f 609//609 610//610 550//550
f 550//550 614//614 615//615
f 615//615 610//610 550//550
f 550//550 614//614 551//551
f 551//551 616//616 617//617
f 617//617 618//618 551//551
f 618//618 614//614 551//551
f 616//616 553//553 551//551
f 616//616 553//553 619//619
f 554//554 555//555 619//619
f 555//555 553//553 619//619
f 554//554 620//620 619//619
f 620//620 621//621 619//619
f 621//621 622//622 619//619
f 622//622 623//623 619//619
f 559//559 554//554 620//620
f 620//620 621//621 559//559
f 621//621 622//622 559//559
f 622//622 623//623 559//559
f 559//559 624//624 623//623
f 559//559 624//624 560//560
f 560//560 625//625 626//626
f 626//626 627//627 560//560
f 627//627 628//628 560//560
f 628//628 624//624 560//560
f 560//560 625//625 561//561
f 561//561 629//629 630//630
f 630//630 631//631 561//561
f 631//631 632//632 561//561
f 632//632 625//625 561//561
f 565//565 561//561 633//633
f 561//561 629//629 633//633
f 565//565 634//634 633//633
f 634//634 635//635 633//633
f 635//635 636//636 633//633
f 636//636 637//637 638//638
f 638//638 639//639 633//633
f 636//636 638//638 633//633
f 639//639 629//629 633//633
f 567//567 565//565 634//634
f 634//634 635//635 567//567
f 635//635 636//636 567//567
f 636//636 637//637 567//567
f 573//573 637//637 567//567
f 499//499 567//567 573//573
f 573//573 640//640 641//641
f 641//641 642//642 573//573
f 642//642 643//643 573//573
f 643//643 644//644 573//573
f 573//573 640//640 572//572
f 572//572 645//645 646//646
f 646//646 647//647 572//572
f 647//647 648//648 572//572
f 648//648 640//640 572//572
f 577//577 572//572 649//649
f 572//572 650//650 649//649
f 572//572 645//645 651//651
f 651//651 650//650 572//572
f 577//577 652//652 649//649
f 652//652 653//653 654//654
f 654//654 650//650 649//649
f 652//652 654//654 649//649
f 653//653 655//655 656//656
f 655//655 657//657 658//658
f 658//658 659//659 656//656
f 655//655 658//658 656//656
f 659//659 660//660 661//661
f 660//660 645//645 651//651
f 651//651 650//650 661//661
f 660//660 651//651 661//661
f 653//653 656//656 654//654
f 656//656 659//659 661//661
f 661//661 650//650 654//654
f 656//656 661//661 654//654
f 584//584 585//585 662//662
f 585//585 663//663 662//662
f 585//585 577//577 652//652
f 652//652 653//653 585//585
f 653//653 655//655 585//585
f 655//655 657//657 664//664
f 664//664 663//663 585//585
f 655//655 664//664 585//585
f 584//584 665//665 662//662
f 665//665 666//666 667//667
f 667//667 663//663 662//662
f 665//665 667//667 662//662
f 666//666 668//668 667//667
f 668//668 669//669 667//667
f 670//670 671//671 672//672
f 671//671 657//657 664//664
f 664//664 663//663 672//672
f 671//671 664//664 672//672
f 667//667 670//670 672//672
f 672//672 663//663 667//667
f 586//586 584//584 665//665
f 665//665 666//666 586//586
f 666//666 668//668 586//586
f 668//668 669//669 586//586
f 673//673 669//669 586//586
f 587//587 586//586 673//673
f 587//587 674//674 673//673
f 589//589 587//587 675//675
f 587//587 674//674 675//675
f 589//589 676//676 675//675
f 676//676 674//674 675//675
f 590//590 589//589 676//676
f 590//590 677//677 676//676
f 590//590 677//677 591//591
f 678//678 677//677 591//591
f 595//595 591//591 678//678
f 595//595 679//679 678//678
f 603//603 601//601 679//679
f 601//601 595//595 679//679
f 603//603 680//680 679//679
f 610//610 611//611 680//680
f 611//611 612//612 680//680
f 612//612 613//613 680//680
f 613//613 603//603 680//680
f 610//610 681//681 680//680
f 614//614 615//615 681//681
f 615//615 610//610 681//681
f 614//614 682//682 681//681
f 682//682 683//683 681//681
f 616//616 617//617 684//684
f 617//617 618//618 682//682
f 682//682 685//685 684//684
f 617//617 682//682 684//684
f 618//618 614//614 682//682
f 683//683 685//685 682//682
f 616//616 686//686 684//684
f 686//686 685//685 684//684
f 683//683 685//685 686//686
f 619//619 616//616 686//686
f 619//619 687//687 686//686
f 623//623 619//619 688//688
f 619//619 689//689 688//688
f 619//619 687//687 690//690
f 690//690 689//689 619//619
f 623//623 691//691 688//688
f 691//691 689//689 688//688
f 691//691 687//687 690//690
f 690//690 689//689 691//691
f 624//624 623//623 691//691
f 624//624 692//692 691//691
f 692//692 693//693 691//691
f 625//625 626//626 693//693
f 626//626 627//627 694//694
f 626//626 694//694 693//693
f 627//627 628//628 695//695
f 628//628 624//624 692//692
f 692//692 693//693 695//695
f 628//628 692//692 695//695
f 627//627 695//695 694//694
f 695//695 693//693 694//694
f 625//625 696//696 693//693
f 696//696 697//697 693//693
f 629//629 630//630 698//698
f 630//630 631//631 697//697
f 697//697 699//699 698//698
f 630//630 697//697 698//698
f 631//631 632//632 697//697
f 632//632 625//625 696//696
f 632//632 696//696 697//697
f 700//700 699//699 697//697
f 629//629 701//701 698//698
f 701//701 699//699 698//698
f 700//700 699//699 701//701
f 637//637 638//638 701//701
f 638//638 639//639 701//701
f 639//639 629//629 701//701
f 637//637 702//702 701//701
f 702//702 703//703 701//701
f 703//703 704//704 701//701
f 704//704 644//644 701//701
f 573//573 637//637 702//702
f 702//702 703//703 573//573
f 703//703 704//704 573//573
f 704//704 644//644 573//573
f 644//644 705//705 706//706
f 705//705 707//707 708//708
f 708//708 709//709 706//706
f 705//705 708//708 706//706
f 707//707 710//710 711//711
f 710//710 712//712 713//713
f 713//713 714//714 711//711
f 710//710 713//713 711//711
f 714//714 715//715 716//716
f 715//715 717//717 718//718
f 718//718 709//709 716//716
f 715//715 718//718 716//716
f 707//707 711//711 708//708
f 711//711 714//714 716//716
f 716//716 709//709 708//708
f 711//711 716//716 708//708
f 640//640 641//641 719//719
f 641//641 642//642 719//719
f 642//642 643//643 719//719
f 643//643 644//644 705//705
f 705//705 707//707 719//719
f 643//643 705//705 719//719
f 707//707 710//710 719//719
f 710//710 712//712 719//719
f 640//640 720//720 719//719
f 720//720 712//712 719//719
f 645//645 646//646 720//720
f 646//646 647//647 720//720
f 647//647 648//648 720//720
f 648//648 640//640 720//720
f 645//645 721//721 720//720
f 721//721 722//722 720//720
f 722//722 723//723 720//720
f 657//657 658//658 724//724
f 658//658 659//659 722//722
f 658//658 722//722 724//724
f 659//659 660//660 722//722
f 660//660 645//645 721//721
f 660//660 721//721 722//722
f 722//722 723//723 724//724
f 657//657 725//725 724//724
f 725//725 726//726 724//724
f 727//727 728//728 726//726
f 729//729 727//727 726//726
f 728//728 730//730 724//724
f 730//730 723//723 724//724
f 726//726 728//728 724//724
f 669//669 667//667 731//731
f 667//667 732//732 731//731
f 670//670 671//671 733//733
f 671//671 657//657 725//725
f 725//725 726//726 733//733
f 671//671 725//725 733//733
f 726//726 729//729 734//734
f 735//735 732//732 734//734
f 729//729 735//735 734//734
f 670//670 733//733 667//667
f 733//733 726//726 734//734
f 734//734 732//732 667//667
f 733//733 734//734 667//667
f 669//669 736//736 731//731
f 736//736 732//732 731//731
f 736//736 737//737 738//738
f 738//738 739//739 736//736
f 739//739 729//729 735//735
f 735//735 732//732 736//736
f 739//739 735//735 736//736
f 673//673 669//669 736//736
f 736//736 737//737 673//673
f 740//740 741//741 673//673
f 741//741 737//737 673//673
f 674//674 673//673 740//740
f 674//674 742//742 740//740
f 742//742 743//743 740//740
f 743//743 744//744 740//740
f 744//744 745//745 740//740
f 676//676 674//674 742//742
f 742//742 743//743 676//676
f 743//743 744//744 676//676
f 744//744 745//745 676//676
f 676//676 746//746 747//747
f 747//747 745//745 676//676
f 677//677 676//676 748//748
f 676//676 749//749 748//748
f 676//676 746//746 750//750
f 750//750 749//749 676//676
f 677//677 751//751 748//748
f 751//751 749//749 748//748
f 751//751 746//746 750//750
f 750//750 749//749 751//751
f 678//678 677//677 751//751
f 678//678 752//752 751//751
f 678//678 752//752 679//679
f 679//679 753//753 754//754
f 754//754 755//755 679//679
f 755//755 756//756 679//679
f 756//756 752//752 679//679
f 679//679 753//753 680//680
f 757//757 758//758 759//759
f 759//759 760//760 680//680
f 757//757 759//759 680//680
f 760//760 761//761 762//762
f 761//761 753//753 680//680
f 761//761 680//680 762//762
f 680//680 760//760 762//762
f 680//680 757//757 681//681
f 757//757 758//758 681//681
f 763//763 758//758 681//681
f 683//683 681//681 763//763
f 683//683 764//764 763//763
f 686//686 683//683 764//764
f 686//686 765//765 764//764
f 687//687 686//686 765//765
f 687//687 766//766 765//765
f 691//691 687//687 766//766
f 691//691 767//767 766//766
f 691//691 767//767 693//693
f 768//768 767//767 693//693
f 700//700 697//697 768//768
f 697//697 693//693 768//768
f 700//700 769//769 768//768
f 701//701 700//700 769//769
f 701//701 717//717 769//769
f 644//644 701//701 706//706
f 701//701 717//717 718//718
f 718//718 709//709 701//701
f 701//701 709//709 706//706
f 717//717 770//770 771//771
f 712//712 713//713 770//770
f 713//713 714//714 770//770
f 714//714 715//715 770//770
f 715//715 717//717 770//770
f 712//712 772//772 770//770
f 772//772 773//773 770//770
f 720//720 712//712 772//772
f 772//772 773//773 720//720
f 720//720 774//774 775//775
f 775//775 776//776 720//720
f 776//776 777//777 720//720
f 777//777 773//773 720//720
f 723//723 720//720 778//778
f 720//720 779//779 778//778
f 720//720 774//774 780//780
f 780//780 779//779 720//720
f 723//723 781//781 778//778
f 781//781 779//779 778//778
f 781//781 782//782 783//783
f 783//783 774//774 780//780
f 780//780 779//779 781//781
f 783//783 780//780 781//781
f 727//727 728//728 784//784
f 784//784 785//785 729//729
f 727//727 784//784 729//729
f 728//728 730//730 781//781
f 730//730 723//723 781//781
f 781//781 782//782 786//786
f 786//786 785//785 787//787
f 781//781 786//786 787//787
f 728//728 781//781 784//784
f 787//787 785//785 784//784
f 781//781 787//787 784//784
f 788//788 785//785 729//729
f 788//788 782//782 786//786
f 786//786 785//785 788//788
f 737//737 738//738 788//788
f 738//738 739//739 788//788
f 739//739 729//729 788//788
f 737//737 789//789 788//788
f 740//740 741//741 789//789
f 741//741 737//737 789//789
f 740//740 790//790 789//789
f 745//745 740//740 791//791
f 740//740 792//792 791//791
f 740//740 790//790 793//793
f 793//793 792//792 740//740
f 745//745 794//794 791//791
f 794//794 747//747 795//795
f 795//795 792//792 791//791
f 794//794 795//795 791//791
f 795//795 790//790 793//793
f 793//793 792//792 795//795
f 746//746 747//747 795//795
f 747//747 745//745 794//794
f 746//746 796//796 795//795
f 751//751 746//746 796//796
f 797//797 796//796 751//751
f 752//752 751//751 797//797
f 752//752 798//798 797//797
f 753//753 754//754 798//798
f 754//754 755//755 798//798
f 755//755 756//756 798//798
f 756//756 752//752 798//798
f 753//753 799//799 798//798
f 758//758 759//759 800//800
f 759//759 760//760 801//801
f 801//801 802//802 800//800
f 759//759 801//801 800//800
f 760//760 761//761 803//803
f 761//761 753//753 799//799
f 761//761 799//799 803//803
f 804//804 802//802 805//805
f 799//799 804//804 805//805
f 760//760 803//803 801//801
f 803//803 799//799 805//805
f 805//805 802//802 801//801
f 803//803 805//805 801//801
f 758//758 806//806 800//800
f 806//806 802//802 800//800
f 806//806 799//799 804//804
f 804//804 802//802 806//806
f 763//763 758//758 806//806
f 807//807 806//806 763//763
f 763//763 807//807 764//764
f 764//764 808//808 809//809
f 809//809 807//807 764//764
f 764//764 808//808 765//765
f 765//765 810//810 811//811
f 811//811 812//812 765//765
f 812//812 813//813 814//814
f 813//813 808//808 765//765
f 813//813 765//765 814//814
f 765//765 812//812 814//814
f 765//765 810//810 766//766
f 815//815 810//810 766//766
f 766//766 815//815 767//767
f 816//816 815//815 767//767
f 768//768 767//767 816//816
f 768//768 817//817 816//816
f 768//768 817//817 769//769
f 771//771 817//817 769//769
f 717//717 769//769 771//771
f 771//771 818//818 819//819
f 771//771 818//818 770//770
f 770//770 820//820 821//821
f 821//821 822//822 770//770
f 822//822 823//823 770//770
f 823//823 818//818 770//770
f 773//773 770//770 824//824
f 770//770 820//820 824//824
f 825//825 826//826 824//824
f 826//826 827//827 824//824
f 827//827 820//820 824//824
f 774//774 775//775 828//828
f 775//775 776//776 824//824
f 824//824 829//829 828//828
f 775//775 824//824 828//828
f 776//776 777//777 824//824
f 777//777 773//773 824//824
f 824//824 825//825 830//830
f 830//830 829//829 824//824
f 774//774 831//831 828//828
f 831//831 832//832 833//833
f 833//833 829//829 828//828
f 831//831 833//833 828//828
f 832//832 834//834 835//835
f 834//834 836//836 837//837
f 837//837 838//838 835//835
f 834//834 837//837 835//835
f 838//838 839//839 840//840
f 839//839 825//825 830//830
f 830//830 829//829 840//840
f 839//839 830//830 840//840
f 832//832 835//835 833//833
f 835//835 838//838 840//840
f 840//840 829//829 833//833
f 835//835 840//840 833//833
f 782//782 783//783 841//841
f 783//783 842//842 841//841
f 783//783 774//774 831//831
f 831//831 832//832 783//783
f 832//832 834//834 783//783
f 834//834 836//836 843//843
f 843//843 842//842 783//783
f 834//834 843//843 783//783
f 782//782 844//844 841//841
f 844//844 842//842 841//841
f 844//844 845//845 846//846
f 846//846 847//847 844//844
f 847//847 848//848 844//844
f 848//848 836//836 843//843
f 843//843 842//842 844//844
f 848//848 843//843 844//844
f 788//788 782//782 844//844
f 844//844 845//845 788//788
f 788//788 849//849 850//850
f 850//850 851//851 788//788
f 851//851 852//852 788//788
f 852//852 845//845 788//788
f 788//788 849//849 789//789
f 853//853 854//854 855//855
f 855//855 856//856 853//853
f 856//856 849//849 789//789
f 856//856 789//789 853//853
f 790//790 789//789 857//857
f 853//853 858//858 857//857
f 789//789 853//853 857//857
f 853//853 854//854 859//859
f 859//859 858//858 853//853
f 790//790 795//795 857//857
f 795//795 858//858 857//857
f 860//860 854//854 859//859
f 859//859 858//858 795//795
f 860//860 859//859 795//795
f 795//795 861//861 862//862
f 862//862 863//863 795//795
f 863//863 860//860 795//795
f 795//795 861//861 796//796
f 796//796 864//864 865//865
f 865//865 866//866 796//796
f 866//866 867//867 796//796
f 867//867 861//861 796//796
f 796//796 864//864 797//797
f 797//797 868//868 869//869
f 869//869 864//864 797//797
f 797//797 868//868 798//798
f 798//798 870//870 871//871
f 871//871 868//868 798//798
f 799//799 798//798 872//872
f 798//798 870//870 872//872
f 799//799 873//873 872//872
f 873//873 874//874 872//872
f 874//874 870//870 872//872
f 806//806 799//799 873//873
f 873//873 874//874 806//806
f 806//806 875//875 876//876
f 876//876 874//874 806//806
f 807//807 806//806 877//877
f 806//806 875//875 877//877
f 807//807 878//878 877//877
f 878//878 879//879 877//877
f 880//880 881//881 877//877
f 879//879 880//880 877//877
f 881//881 882//882 877//877
f 882//882 875//875 877//877
f 808//808 809//809 883//883
f 809//809 884//884 883//883
f 807//807 878//878 809//809
f 878//878 879//879 809//809
f 885//885 884//884 809//809
f 879//879 885//885 809//809
f 808//808 886//886 883//883
f 886//886 884//884 883//883
f 886//886 879//879 885//885
f 885//885 884//884 886//886
f 810//810 811//811 886//886
f 811//811 812//812 886//886
f 812//812 813//813 886//886
f 813//813 808//808 886//886
f 810//810 887//887 886//886
f 887//887 888//888 889//889
f 889//889 886//886 887//887
f 815//815 810//810 887//887
f 887//887 888//888 890//890
f 887//887 890//890 815//815
f 815//815 891//891 890//890
f 891//891 892//892 893//893
f 892//892 894//894 895//895
f 895//895 896//896 893//893
f 892//892 895//895 893//893
f 896//896 897//897 898//898
f 897//897 888//888 890//890
f 897//897 890//890 898//898
f 891//891 893//893 890//890
f 893//893 896//896 898//898
f 893//893 898//898 890//890
f 815//815 891//891 816//816
f 891//891 892//892 816//816
f 892//892 894//894 816//816
f 899//899 900//900 816//816
f 900//900 901//901 816//816
f 901//901 894//894 816//816
f 817//817 816//816 899//899
f 817//817 819//819 899//899
f 771//771 817//817 819//819
f 819//819 902//902 903//903
f 903//903 904//904 819//819
f 904//904 905//905 819//819
f 905//905 906//906 819//819
f 818//818 819//819 907//907
f 819//819 908//908 907//907
f 819//819 902//902 909//909
f 909//909 908//908 819//819
f 818//818 910//910 907//907
f 910//910 911//911 912//912
f 912//912 908//908 907//907
f 910//910 912//912 907//907
f 911//911 913//913 914//914
f 913//913 915//915 916//916
f 916//916 917//917 914//914
f 913//913 916//916 914//914
f 917//917 918//918 919//919
f 918//918 902//902 909//909
f 909//909 908//908 919//919
f 918//918 909//909 919//919
f 911//911 914//914 912//912
f 914//914 917//917 919//919
f 919//919 908//908 912//912
f 914//914 919//919 912//912
f 820//820 821//821 920//920
f 821//821 822//822 920//920
f 822//822 823//823 921//921
f 823//823 818//818 910//910
f 910//910 911//911 921//921
f 823//823 910//910 921//921
f 911//911 913//913 920//920
f 913//913 915//915 920//920
f 822//822 921//921 920//920
f 921//921 911//911 920//920
f 920//920 922//922 923//923
f 923//923 924//924 920//920
f 924//924 925//925 920//920
f 925//925 915//915 920//920
f 825//825 826//826 926//926
f 926//926 927//927 928//928
f 825//825 926//926 928//928
f 826//826 827//827 920//920
f 827//827 820//820 920//920
f 920//920 922//922 929//929
f 929//929 927//927 930//930
f 920//920 929//929 930//930
f 826//826 920//920 926//926
f 930//930 927//927 926//926
f 920//920 930//930 926//926
f 825//825 931//931 928//928
f 931//931 932//932 933//933
f 933//933 927//927 928//928
f 931//931 933//933 928//928
f 932//932 934//934 935//935
f 934//934 936//936 937//937
f 937//937 938//938 935//935
f 934//934 937//937 935//935
f 938//938 939//939 940//940
f 939//939 922//922 929//929
f 929//929 927//927 940//940
f 939//939 929//929 940//940
f 932//932 935//935 933//933
f 935//935 938//938 940//940
f 940//940 927//927 933//933
f 935//935 940//940 933//933
f 836//836 837//837 941//941
f 837//837 838//838 942//942
f 942//942 943//943 941//941
f 837//837 942//942 941//941
f 838//838 839//839 944//944
f 839//839 825//825 931//931
f 931//931 932//932 944//944
f 839//839 931//931 944//944
f 932//932 934//934 945//945
f 934//934 936//936 946//946
f 946//946 943//943 945//945
f 934//934 946//946 945//945
f 838//838 944//944 942//942
f 944//944 932//932 945//945
f 945//945 943//943 942//942
f 944//944 945//945 942//942
f 836//836 947//947 941//941
f 947//947 943//943 941//941
f 947//947 936//936 946//946
f 946//946 943//943 947//947
f 845//845 846//846 947//947
f 846//846 847//847 947//947
f 847//847 848//848 947//947
f 848//848 836//836 947//947
f 845//845 948//948 947//947
f 948//948 949//949 947//947
f 949//949 950//950 947//947
f 849//849 850//850 951//951
f 850//850 851//851 952//952
f 952//952 950//950 951//951
f 850//850 952//952 951//951
f 851//851 852//852 953//953
f 852//852 845//845 948//948
f 948//948 949//949 953//953
f 852//852 948//948 953//953
f 851//851 953//953 952//952
f 953//953 949//949 950//950
f 953//953 950//950 952//952
f 849//849 954//954 951//951
f 955//955 950//950 951//951
f 954//954 955//955 951//951
f 954//954 950//950 956//956
f 954//954 956//956 955//955
f 956//956 950//950 957//957
f 957//957 950//950 955//955
f 956//956 957//957 955//955
f 854//854 855//855 958//958
f 855//855 959//959 958//958
f 856//856 849//849 954//954
f 856//856 954//954 855//855
f 960//960 959//959 855//855
f 954//954 960//960 855//855
f 961//961 959//959 958//958
f 854//854 961//961 958//958
f 960//960 959//959 961//961
f 954//954 960//960 961//961
f 860//860 854//854 961//961
f 860//860 962//962 961//961
f 861//861 862//862 963//963
f 863//863 964//964 963//963
f 862//862 863//863 963//963
f 860//860 962//962 965//965
f 965//965 964//964 863//863
f 860//860 965//965 863//863
f 861//861 966//966 963//963
f 966//966 964//964 963//963
f 966//966 962//962 965//965
f 965//965 964//964 966//966
f 864//864 865//865 966//966
f 865//865 866//866 966//966
f 866//866 867//867 966//966
f 867//867 861//861 966//966
f 864//864 967//967 966//966
f 967//967 968//968 966//966
f 968//968 969//969 966//966
f 969//969 970//970 966//966
f 868//868 869//869 971//971
f 869//869 972//972 971//971
f 869//869 864//864 967//967
f 967//967 968//968 869//869
f 968//968 969//969 869//869
f 970//970 972//972 869//869
f 969//969 970//970 869//869
f 868//868 973//973 974//974
f 974//974 972//972 971//971
f 868//868 974//974 971//971
f 973//973 975//975 976//976
f 977//977 978//978 976//976
f 975//975 977//977 976//976
f 973//973 976//976 974//974
f 976//976 978//978 970//970
f 970//970 972//972 974//974
f 976//976 970//970 974//974
f 870//870 871//871 979//979
f 871//871 868//868 979//979
f 868//868 973//973 979//979
f 973//973 975//975 979//979
f 870//870 980//980 979//979
f 980//980 975//975 979//979
f 874//874 870//870 980//980
f 874//874 981//981 980//980
f 981//981 982//982 980//980
f 982//982 983//983 980//980
f 875//875 876//876 984//984
f 876//876 985//985 984//984
f 874//874 981//981 876//876
f 981//981 982//982 876//876
f 982//982 983//983 986//986
f 986//986 985//985 876//876
f 982//982 986//986 876//876
f 875//875 987//987 984//984
f 987//987 985//985 984//984
f 987//987 983//983 986//986
f 986//986 985//985 987//987
f 879//879 880//880 987//987
f 880//880 881//881 987//987
f 881//881 882//882 987//987
f 882//882 875//875 987//987
f 879//879 988//988 987//987
f 886//886 879//879 988//988
f 886//886 989//989 988//988
f 888//888 889//889 990//990
f 886//886 991//991 990//990
f 889//889 886//886 990//990
f 886//886 989//989 992//992
f 992//992 991//991 886//886
f 888//888 993//993 990//990
f 994//994 991//991 990//990
f 993//993 994//994 990//990
f 993//993 995//995 996//996
f 995//995 997//997 998//998
f 998//998 999//999 996//996
f 995//995 998//998 996//996
f 999//999 1000//1000 1001//1001
f 1000//1000 989//989 992//992
f 992//992 991//991 1001//1001
f 1000//1000 992//992 1001//1001
f 993//993 996//996 994//994
f 996//996 999//999 1001//1001
f 1001//1001 991//991 994//994
f 996//996 1001//1001 994//994
f 894//894 895//895 1002//1002
f 895//895 896//896 1002//1002
f 896//896 897//897 1002//1002
f 897//897 888//888 993//993
f 897//897 993//993 1002//1002
f 993//993 995//995 1002//1002
f 995//995 997//997 1002//1002
f 894//894 1003//1003 1002//1002
f 1003//1003 1004//1004 1002//1002
f 1004//1004 1005//1005 1002//1002
f 1005//1005 1006//1006 1007//1007
f 1007//1007 1008//1008 1002//1002
f 1005//1005 1007//1007 1002//1002
f 1008//1008 1009//1009 1002//1002
f 1009//1009 997//997 1002//1002
f 899//899 900//900 1010//1010
f 1010//1010 1011//1011 1012//1012
f 899//899 1010//1010 1012//1012
f 900//900 901//901 1013//1013
f 901//901 894//894 1003//1003
f 1003//1003 1004//1004 1013//1013
f 901//901 1003//1003 1013//1013
f 1004//1004 1005//1005 1014//1014
f 1005//1005 1006//1006 1015//1015
f 1015//1015 1011//1011 1014//1014
f 1005//1005 1015//1015 1014//1014
f 900//900 1013//1013 1010//1010
f 1013//1013 1004//1004 1014//1014
f 1014//1014 1011//1011 1010//1010
f 1013//1013 1014//1014 1010//1010
f 899//899 1016//1016 1012//1012
f 1016//1016 1017//1017 1018//1018
f 1018//1018 1011//1011 1012//1012
f 1016//1016 1018//1018 1012//1012
f 1017//1017 1019//1019 1020//1020
f 1019//1019 906//906 1021//1021
f 1021//1021 1022//1022 1020//1020
f 1019//1019 1021//1021 1020//1020
f 1022//1022 1023//1023 1024//1024
f 1023//1023 1006//1006 1015//1015
f 1015//1015 1011//1011 1024//1024
f 1023//1023 1015//1015 1024//1024
f 1017//1017 1020//1020 1018//1018
f 1020//1020 1022//1022 1024//1024
f 1024//1024 1011//1011 1018//1018
f 1020//1020 1024//1024 1018//1018
f 819//819 899//899 1016//1016
f 1016//1016 1017//1017 819//819
f 1017//1017 1019//1019 819//819
f 1019//1019 906//906 819//819
f 906//906 1025//1025 1026//1026
f 1025//1025 1027//1027 1026//1026
f 1027//1027 1028//1028 1026//1026
f 1028//1028 1029//1029 1026//1026
f 902//902 903//903 1030//1030
f 903//903 904//904 1031//1031
f 903//903 1031//1031 1030//1030
f 904//904 905//905 1032//1032
f 905//905 906//906 1025//1025
f 1025//1025 1027//1027 1032//1032
f 905//905 1025//1025 1032//1032
f 1027//1027 1028//1028 1033//1033
f 1028//1028 1029//1029 1034//1034
f 1034//1034 1030//1030 1033//1033
f 1028//1028 1034//1034 1033//1033
f 904//904 1032//1032 1031//1031
f 1032//1032 1027//1027 1033//1033
f 1033//1033 1030//1030 1031//1031
f 1032//1032 1033//1033 1031//1031
f 902//902 1035//1035 1030//1030
f 1035//1035 1036//1036 1030//1030
f 1036//1036 1037//1037 1038//1038
f 1037//1037 1039//1039 1040//1040
f 1037//1037 1040//1040 1038//1038
f 1038//1038 1029//1029 1034//1034
f 1034//1034 1030//1030 1038//1038
f 1036//1036 1038//1038 1030//1030
f 915//915 916//916 1041//1041
f 916//916 917//917 1041//1041
f 917//917 918//918 1041//1041
f 918//918 902//902 1035//1035
f 1035//1035 1036//1036 1041//1041
f 918//918 1035//1035 1041//1041
f 1036//1036 1037//1037 1041//1041
f 1037//1037 1039//1039 1041//1041
f 915//915 1042//1042 1041//1041
f 1042//1042 1039//1039 1041//1041
f 922//922 923//923 1042//1042
f 923//923 924//924 1043//1043
f 923//923 1043//1043 1042//1042
f 924//924 925//925 1044//1044
f 925//925 915//915 1042//1042
f 925//925 1042//1042 1044//1044
f 924//924 1044//1044 1043//1043
f 1044//1044 1042//1042 1045//1045
f 1045//1045 1042//1042 1043//1043
f 1044//1044 1045//1045 1043//1043
f 922//922 1046//1046 1042//1042
f 1046//1046 1047//1047 1042//1042
f 936//936 937//937 1047//1047
f 937//937 938//938 1046//1046
f 937//937 1046//1046 1047//1047
f 938//938 939//939 1046//1046
f 939//939 922//922 1046//1046
f 936//936 1048//1048 1047//1047
f 947//947 936//936 1048//1048
f 947//947 1049//1049 1048//1048
f 950//950 947//947 1050//1050
f 947//947 1049//1049 1050//1050
f 950//950 1051//1051 1050//1050
f 1051//1051 1052//1052 1050//1050
f 1052//1052 1053//1053 1054//1054
f 1054//1054 1055//1055 1050//1050
f 1052//1052 1054//1054 1050//1050
f 1055//1055 1056//1056 1050//1050
f 1056//1056 1049//1049 1050//1050
f 950//950 1051//1051 1057//1057
f 1051//1051 1052//1052 1057//1057
f 1052//1052 1053//1053 1057//1057
f 950//950 1057//1057 954//954
f 1058//1058 1057//1057 954//954
f 1058//1058 1053//1053 1057//1057
f 961//961 954//954 1058//1058
f 961//961 1059//1059 1058//1058
f 962//962 961//961 1059//1059
f 962//962 1060//1060 1059//1059
f 1060//1060 1061//1061 1059//1059
f 966//966 962//962 1060//1060
f 1060//1060 1061//1061 966//966
f 966//966 1062//1062 1063//1063
f 1063//1063 1064//1064 966//966
f 1064//1064 1061//1061 966//966
f 966//966 1062//1062 970//970
f 1065//1065 1062//1062 970//970
f 975//975 977//977 1065//1065
f 977//977 978//978 1065//1065
f 978//978 970//970 1065//1065
f 975//975 1066//1066 1065//1065
f 980//980 975//975 1066//1066
f 980//980 1067//1067 1066//1066
f 983//983 980//980 1068//1068
f 980//980 1069//1069 1068//1068
f 1067//1067 1069//1069 980//980
f 983//983 1070//1070 1068//1068
f 1070//1070 1069//1069 1068//1068
f 1070//1070 1071//1071 1067//1067
f 1067//1067 1069//1069 1070//1070
f 987//987 983//983 1070//1070
f 1071//1071 987//987 1070//1070
f 1072//1072 1071//1071 987//987
f 987//987 1072//1072 988//988
f 1073//1073 1072//1072 988//988
f 989//989 988//988 1073//1073
f 989//989 1074//1074 1073//1073
f 997//997 998//998 1074//1074
f 998//998 999//999 1074//1074
f 999//999 1000//1000 1074//1074
f 1000//1000 989//989 1074//1074
f 997//997 1075//1075 1074//1074
f 1075//1075 1076//1076 1074//1074
f 1006//1006 1007//1007 1077//1077
f 1007//1007 1008//1008 1075//1075
f 1075//1075 1078//1078 1077//1077
f 1007//1007 1075//1075 1077//1077
f 1008//1008 1009//1009 1075//1075
f 1009//1009 997//997 1075//1075
f 1079//1079 1078//1078 1075//1075
f 1076//1076 1079//1079 1075//1075
f 1006//1006 1026//1026 1077//1077
f 1026//1026 1078//1078 1077//1077
f 1026//1026 1076//1076 1080//1080
f 1079//1079 1078//1078 1080//1080
f 1076//1076 1079//1079 1080//1080
f 1080//1080 1078//1078 1026//1026
f 906//906 1021//1021 1026//1026
f 1021//1021 1022//1022 1026//1026
f 1022//1022 1023//1023 1026//1026
f 1023//1023 1006//1006 1026//1026
f 1081//1081 1082//1082 1083//1083
f 1082//1082 1084//1084 1085//1085
f 1085//1085 1086//1086 1083//1083
f 1082//1082 1085//1085 1083//1083
f 1086//1086 1087//1087 1088//1088
f 1081//1081 1083//1083 1026//1026
f 1083//1083 1086//1086 1088//1088
f 1088//1088 1087//1087 1026//1026
f 1083//1083 1088//1088 1026//1026
f 1029//1029 1026//1026 1089//1089
f 1026//1026 1081//1081 1089//1089
f 1081//1081 1082//1082 1089//1089
f 1082//1082 1084//1084 1089//1089
f 1029//1029 1090//1090 1089//1089
f 1090//1090 1084//1084 1089//1089
f 1039//1039 1040//1040 1090//1090
f 1040//1040 1038//1038 1090//1090
f 1038//1038 1029//1029 1090//1090
f 1039//1039 1091//1091 1090//1090
f 1091//1091 1092//1092 1090//1090
f 1042//1042 1039//1039 1091//1091
f 1042//1042 1091//1091 1092//1092
f 1042//1042 1093//1093 1092//1092
f 1047//1047 1042//1042 1093//1093
f 1047//1047 1094//1094 1093//1093
f 1048//1048 1047//1047 1094//1094
f 1048//1048 1095//1095 1096//1096
f 1048//1048 1096//1096 1094//1094
f 1049//1049 1048//1048 1097//1097
f 1048//1048 1095//1095 1097//1097
f 1049//1049 1098//1098 1097//1097
f 1098//1098 1095//1095 1097//1097
f 1053//1053 1054//1054 1098//1098
f 1054//1054 1055//1055 1098//1098
f 1055//1055 1056//1056 1098//1098
f 1056//1056 1049//1049 1098//1098
f 1053//1053 1099//1099 1098//1098
f 1058//1058 1053//1053 1099//1099
f 1058//1058 1100//1100 1099//1099
f 1058//1058 1100//1100 1059//1059
f 1059//1059 1101//1101 1102//1102
f 1102//1102 1100//1100 1059//1059
f 1059//1059 1103//1103 1061//1061
f 1059//1059 1101//1101 1103//1103
f 1104//1104 1103//1103 1061//1061
f 1104//1104 1101//1101 1103//1103
f 1063//1063 1104//1104 1062//1062
f 1063//1063 1064//1064 1104//1104
f 1064//1064 1061//1061 1104//1104
f 1062//1062 1105//1105 1104//1104
f 1105//1105 1106//1106 1104//1104
f 1106//1106 1107//1107 1104//1104
f 1062//1062 1105//1105 1065//1065
f 1105//1105 1106//1106 1065//1065
f 1106//1106 1107//1107 1065//1065
f 1108//1108 1107//1107 1065//1065
f 1066//1066 1065//1065 1108//1108
f 1066//1066 1109//1109 1108//1108
f 1066//1066 1109//1109 1067//1067
f 1067//1067 1110//1110 1111//1111
f 1111//1111 1109//1109 1067//1067
f 1067//1067 1110//1110 1112//1112
f 1112//1112 1071//1071 1113//1113
f 1067//1067 1112//1112 1113//1113
f 1113//1113 1071//1071 1067//1067
f 1114//1114 1110//1110 1112//1112
f 1112//1112 1071//1071 1114//1114
f 1072//1072 1071//1071 1114//1114
f 1072//1072 1115//1115 1114//1114
f 1073//1073 1072//1072 1115//1115
f 1073//1073 1116//1116 1115//1115
f 1073//1073 1116//1116 1074//1074
f 1117//1117 1116//1116 1074//1074
f 1074//1074 1117//1117 1076//1076
f 1076//1076 1087//1087 1117//1117
f 1026//1026 1076//1076 1087//1087
f 1118//1118 1119//1119 1120//1120
f 1118//1118 1120//1120 1087//1087
f 1119//1119 1121//1121 1122//1122
f 1121//1121 1123//1123 1124//1124
f 1121//1121 1124//1124 1122//1122
f 1119//1119 1122//1122 1120//1120
f 1122//1122 1087//1087 1120//1120
f 1084//1084 1085//1085 1125//1125
f 1085//1085 1086//1086 1126//1126
f 1126//1126 1127//1127 1125//1125
f 1085//1085 1126//1126 1125//1125
f 1086//1086 1087//1087 1128//1128
f 1118//1118 1119//1119 1128//1128
f 1087//1087 1118//1118 1128//1128
f 1119//1119 1121//1121 1129//1129
f 1121//1121 1123//1123 1130//1130
f 1130//1130 1127//1127 1129//1129
f 1121//1121 1130//1130 1129//1129
f 1086//1086 1128//1128 1126//1126
f 1128//1128 1119//1119 1129//1129
f 1129//1129 1127//1127 1126//1126
f 1128//1128 1129//1129 1126//1126
f 1084//1084 1131//1131 1125//1125
f 1131//1131 1127//1127 1125//1125
f 1131//1131 1123//1123 1130//1130
f 1130//1130 1127//1127 1131//1131
f 1090//1090 1084//1084 1131//1131
f 1090//1090 1132//1132 1131//1131
f 1090//1090 1133//1133 1092//1092
f 1090//1090 1132//1132 1134//1134
f 1134//1134 1133//1133 1090//1090
f 1135//1135 1133//1133 1092//1092
f 1135//1135 1132//1132 1134//1134
f 1135//1135 1134//1134 1133//1133
f 1093//1093 1092//1092 1135//1135
f 1093//1093 1136//1136 1135//1135
f 1093//1093 1136//1136 1094//1094
f 1137//1137 1136//1136 1094//1094
f 1095//1095 1096//1096 1137//1137
f 1096//1096 1094//1094 1137//1137
f 1095//1095 1138//1138 1137//1137
f 1098//1098 1095//1095 1138//1138
f 1098//1098 1139//1139 1140//1140
f 1138//1138 1098//1098 1140//1140
f 1098//1098 1139//1139 1099//1099
f 1141//1141 1139//1139 1099//1099
f 1100//1100 1099//1099 1141//1141
f 1100//1100 1142//1142 1141//1141
f 1101//1101 1102//1102 1142//1142
f 1102//1102 1100//1100 1142//1142
f 1101//1101 1143//1143 1142//1142
f 1143//1143 1144//1144 1142//1142
f 1144//1144 1145//1145 1142//1142
f 1104//1104 1101//1101 1143//1143
f 1143//1143 1144//1144 1104//1104
f 1144//1144 1145//1145 1104//1104
f 1104//1104 1146//1146 1147//1147
f 1147//1147 1148//1148 1104//1104
f 1148//1148 1145//1145 1104//1104
f 1104//1104 1146//1146 1107//1107
f 1107//1107 1149//1149 1150//1150
f 1150//1150 1151//1151 1107//1107
f 1151//1151 1146//1146 1107//1107
f 1107//1107 1149//1149 1108//1108
f 1108//1108 1152//1152 1149//1149
f 1109//1109 1108//1108 1153//1153
f 1108//1108 1152//1152 1153//1153
f 1109//1109 1154//1154 1153//1153
f 1154//1154 1155//1155 1153//1153
f 1155//1155 1156//1156 1157//1157
f 1157//1157 1158//1158 1153//1153
f 1155//1155 1157//1157 1153//1153
f 1158//1158 1159//1159 1153//1153
f 1159//1159 1152//1152 1153//1153
f 1110//1110 1111//1111 1160//1160
f 1111//1111 1161//1161 1160//1160
f 1111//1111 1109//1109 1154//1154
f 1154//1154 1155//1155 1111//1111
f 1155//1155 1156//1156 1162//1162
f 1162//1162 1161//1161 1111//1111
f 1155//1155 1162//1162 1111//1111
f 1110//1110 1163//1163 1160//1160
f 1164//1164 1161//1161 1160//1160
f 1163//1163 1164//1164 1160//1160
f 1163//1163 1165//1165 1166//1166
f 1167//1167 1168//1168 1166//1166
f 1165//1165 1167//1167 1166//1166
f 1168//1168 1169//1169 1170//1170
f 1169//1169 1156//1156 1162//1162
f 1162//1162 1161//1161 1170//1170
f 1169//1169 1162//1162 1170//1170
f 1163//1163 1166//1166 1164//1164
f 1166//1166 1168//1168 1170//1170
f 1170//1170 1161//1161 1164//1164
f 1166//1166 1170//1170 1164//1164
f 1114//1114 1110//1110 1163//1163
f 1163//1163 1165//1165 1114//1114
f 1171//1171 1172//1172 1114//1114
f 1172//1172 1165//1165 1114//1114
f 1114//1114 1171//1171 1115//1115
f 1173//1173 1171//1171 1115//1115
f 1116//1116 1115//1115 1173//1173
f 1116//1116 1174//1174 1173//1173
f 1174//1174 1175//1175 1173//1173
f 1175//1175 1176//1176 1173//1173
f 1117//1117 1116//1116 1174//1174
f 1174//1174 1175//1175 1117//1117
f 1175//1175 1176//1176 1117//1117
f 1122//1122 1176//1176 1117//1117
f 1122//1122 1087//1087 1117//1117
f 1122//1122 1177//1177 1178//1178
f 1123//1123 1124//1124 1177//1177
f 1124//1124 1122//1122 1177//1177
f 1123//1123 1179//1179 1177//1177
f 1179//1179 1180//1180 1177//1177
f 1180//1180 1181//1181 1177//1177
f 1131//1131 1123//1123 1179//1179
f 1179//1179 1180//1180 1131//1131
f 1180//1180 1181//1181 1131//1131
f 1131//1131 1182//1182 1183//1183
f 1183//1183 1184//1184 1131//1131
f 1184//1184 1185//1185 1131//1131
f 1185//1185 1181//1181 1131//1131
f 1132//1132 1131//1131 1186//1186
f 1131//1131 1182//1182 1186//1186
f 1132//1132 1187//1187 1186//1186
f 1187//1187 1188//1188 1186//1186
f 1188//1188 1182//1182 1186//1186
f 1135//1135 1132//1132 1187//1187
f 1187//1187 1188//1188 1135//1135
f 1189//1189 1188//1188 1135//1135
f 1135//1135 1189//1189 1136//1136
f 1190//1190 1189//1189 1136//1136
f 1136//1136 1190//1190 1137//1137
f 1191//1191 1190//1190 1137//1137
f 1137//1137 1191//1191 1138//1138
f 1192//1192 1191//1191 1138//1138
f 1192//1192 1193//1193 1191//1191
f 1139//1139 1140//1140 1194//1194
f 1140//1140 1195//1195 1194//1194
f 1140//1140 1138//1138 1192//1192
f 1192//1192 1193//1193 1195//1195
f 1192//1192 1195//1195 1140//1140
f 1139//1139 1196//1196 1194//1194
f 1196//1196 1195//1195 1194//1194
f 1196//1196 1193//1193 1195//1195
f 1141//1141 1139//1139 1196//1196
f 1141//1141 1197//1197 1196//1196
f 1197//1197 1198//1198 1196//1196
f 1198//1198 1199//1199 1196//1196
f 1199//1199 1200//1200 1196//1196
f 1142//1142 1141//1141 1197//1197
f 1197//1197 1198//1198 1142//1142
f 1198//1198 1199//1199 1142//1142
f 1199//1199 1200//1200 1142//1142
f 1142//1142 1201//1201 1202//1202
f 1202//1202 1200//1200 1142//1142
f 1142//1142 1201//1201 1145//1145
f 1203//1203 1201//1201 1145//1145
f 1146//1146 1147//1147 1203//1203
f 1147//1147 1148//1148 1203//1203
f 1148//1148 1145//1145 1203//1203
f 1146//1146 1204//1204 1203//1203
f 1205//1205 1206//1206 1203//1203
f 1205//1205 1203//1203 1204//1204
f 1150//1150 1204//1204 1149//1149
f 1150//1150 1151//1151 1204//1204
f 1151//1151 1146//1146 1204//1204
f 1204//1204 1205//1205 1149//1149
f 1205//1205 1206//1206 1149//1149
f 1207//1207 1206//1206 1149//1149
f 1152//1152 1149//1149 1207//1207
f 1152//1152 1208//1208 1207//1207
f 1156//1156 1157//1157 1208//1208
f 1157//1157 1158//1158 1208//1208
f 1158//1158 1159//1159 1208//1208
f 1159//1159 1152//1152 1208//1208
f 1156//1156 1209//1209 1208//1208
f 1209//1209 1210//1210 1208//1208
f 1167//1167 1168//1168 1209//1209
f 1209//1209 1211//1211 1165//1165
f 1167//1167 1209//1209 1165//1165
f 1168//1168 1169//1169 1209//1209
f 1169//1169 1156//1156 1209//1209
f 1209//1209 1210//1210 1212//1212
f 1212//1212 1211//1211 1209//1209
f 1165//1165 1213//1213 1214//1214
f 1214//1214 1211//1211 1165//1165
f 1213//1213 1210//1210 1212//1212
f 1212//1212 1211//1211 1213//1213
f 1213//1213 1211//1211 1214//1214
f 1171//1171 1172//1172 1213//1213
f 1172//1172 1165//1165 1213//1213
f 1215//1215 1213//1213 1171//1171
f 1215//1215 1171//1171 1173//1173
f 1173//1173 1216//1216 1215//1215
f 1176//1176 1173//1173 1216//1216
f 1176//1176 1178//1178 1216//1216
f 1122//1122 1176//1176 1178//1178
f 1178//1178 1217//1217 1218//1218
f 1218//1218 1219//1219 1178//1178
f 1219//1219 1220//1220 1178//1178
f 1220//1220 1221//1221 1178//1178
f 1178//1178 1217//1217 1177//1177
f 1222//1222 1217//1217 1177//1177
f 1181//1181 1177//1177 1222//1222
f 1182//1182 1183//1183 1223//1223
f 1183//1183 1184//1184 1222//1222
f 1183//1183 1222//1222 1223//1223
f 1184//1184 1185//1185 1222//1222
f 1185//1185 1181//1181 1222//1222
f 1222//1222 1224//1224 1223//1223
f 1182//1182 1225//1225 1223//1223
f 1225//1225 1226//1226 1223//1223
f 1226//1226 1227//1227 1228//1228
f 1227//1227 1229//1229 1230//1230
f 1230//1230 1231//1231 1228//1228
f 1227//1227 1230//1230 1228//1228
f 1231//1231 1232//1232 1233//1233
f 1232//1232 1224//1224 1223//1223
f 1232//1232 1223//1223 1233//1233
f 1226//1226 1228//1228 1223//1223
f 1228//1228 1231//1231 1233//1233
f 1228//1228 1233//1233 1223//1223
f 1188//1188 1182//1182 1225//1225
f 1225//1225 1226//1226 1188//1188
f 1226//1226 1227//1227 1188//1188
f 1227//1227 1229//1229 1234//1234
f 1227//1227 1234//1234 1188//1188
f 1235//1235 1229//1229 1234//1234
f 1234//1234 1188//1188 1236//1236
f 1235//1235 1234//1234 1236//1236
f 1188//1188 1235//1235 1237//1237
f 1236//1236 1188//1188 1237//1237
f 1235//1235 1236//1236 1237//1237
f 1188//1188 1235//1235 1189//1189
f 1238//1238 1235//1235 1189//1189
f 1238//1238 1190//1190 1189//1189
f 1190//1190 1239//1239 1238//1238
f 1190//1190 1239//1239 1191//1191
f 1240//1240 1239//1239 1191//1191
f 1193//1193 1191//1191 1240//1240
f 1193//1193 1241//1241 1240//1240
f 1196//1196 1193//1193 1241//1241
f 1196//1196 1242//1242 1241//1241
f 1200//1200 1196//1196 1243//1243
f 1196//1196 1244//1244 1243//1243
f 1196//1196 1242//1242 1245//1245
f 1245//1245 1244//1244 1196//1196
f 1200//1200 1246//1246 1243//1243
f 1246//1246 1244//1244 1243//1243
f 1246//1246 1242//1242 1245//1245
f 1245//1245 1244//1244 1246//1246
f 1201//1201 1202//1202 1246//1246
f 1200//1200 1246//1246 1202//1202
f 1201//1201 1247//1247 1246//1246
f 1203//1203 1201//1201 1247//1247
f 1203//1203 1248//1248 1247//1247
f 1206//1206 1203//1203 1249//1249
f 1203//1203 1250//1250 1249//1249
f 1203//1203 1248//1248 1251//1251
f 1251//1251 1250//1250 1203//1203
f 1206//1206 1252//1252 1249//1249
f 1252//1252 1253//1253 1254//1254
f 1254//1254 1250//1250 1249//1249
f 1252//1252 1254//1254 1249//1249
f 1253//1253 1255//1255 1254//1254
f 1254//1254 1248//1248 1251//1251
f 1251//1251 1250//1250 1254//1254
f 1207//1207 1206//1206 1252//1252
f 1252//1252 1253//1253 1207//1207
f 1253//1253 1255//1255 1207//1207
f 1207//1207 1256//1256 1257//1257
f 1257//1257 1258//1258 1207//1207
f 1258//1258 1255//1255 1207//1207
f 1207//1207 1256//1256 1208//1208
f 1259//1259 1256//1256 1208//1208
f 1210//1210 1208//1208 1259//1259
f 1210//1210 1260//1260 1259//1259
f 1260//1260 1261//1261 1259//1259
f 1210//1210 1260//1260 1213//1213
f 1260//1260 1261//1261 1213//1213
f 1213//1213 1262//1262 1263//1263
f 1263//1263 1264//1264 1213//1213
f 1264//1264 1265//1265 1213//1213
f 1265//1265 1261//1261 1213//1213
f 1213//1213 1262//1262 1215//1215
f 1215//1215 1266//1266 1267//1267
f 1267//1267 1268//1268 1215//1215
f 1268//1268 1262//1262 1215//1215
f 1215//1215 1266//1266 1216//1216
f 1216//1216 1221//1221 1269//1269
f 1269//1269 1270//1270 1216//1216
f 1270//1270 1266//1266 1216//1216
f 1216//1216 1221//1221 1178//1178
f 1221//1221 1271//1271 1272//1272
f 1271//1271 1273//1273 1272//1272
f 1217//1217 1218//1218 1274//1274
f 1218//1218 1219//1219 1275//1275
f 1275//1275 1276//1276 1274//1274
f 1218//1218 1275//1275 1274//1274
f 1219//1219 1220//1220 1271//1271
f 1220//1220 1221//1221 1271//1271
f 1271//1271 1273//1273 1277//1277
f 1277//1277 1276//1276 1271//1271
f 1219//1219 1271//1271 1275//1275
f 1271//1271 1276//1276 1275//1275
f 1217//1217 1278//1278 1274//1274
f 1278//1278 1279//1279 1280//1280
f 1280//1280 1276//1276 1274//1274
f 1278//1278 1280//1280 1274//1274
f 1279//1279 1281//1281 1282//1282
f 1281//1281 1283//1283 1284//1284
f 1284//1284 1285//1285 1282//1282
f 1281//1281 1284//1284 1282//1282
f 1285//1285 1286//1286 1287//1287
f 1286//1286 1273//1273 1277//1277
f 1277//1277 1276//1276 1287//1287
f 1286//1286 1277//1277 1287//1287
f 1279//1279 1282//1282 1280//1280
f 1282//1282 1285//1285 1287//1287
f 1287//1287 1276//1276 1280//1280
f 1282//1282 1287//1287 1280//1280
f 1222//1222 1217//1217 1278//1278
f 1278//1278 1279//1279 1222//1222
f 1279//1279 1281//1281 1222//1222
f 1281//1281 1283//1283 1222//1222
f 1288//1288 1289//1289 1290//1290
f 1290//1290 1291//1291 1288//1288
f 1291//1291 1292//1292 1288//1288
f 1292//1292 1283//1283 1222//1222
f 1292//1292 1222//1222 1288//1288
f 1224//1224 1222//1222 1288//1288
f 1224//1224 1293//1293 1288//1288
f 1293//1293 1294//1294 1288//1288
f 1294//1294 1295//1295 1288//1288
f 1295//1295 1296//1296 1297//1297
f 1297//1297 1298//1298 1288//1288
f 1295//1295 1297//1297 1288//1288
f 1298//1298 1299//1299 1288//1288
f 1299//1299 1289//1289 1288//1288
f 1229//1229 1230//1230 1300//1300
f 1230//1230 1231//1231 1300//1300
f 1231//1231 1232//1232 1300//1300
f 1232//1232 1224//1224 1293//1293
f 1293//1293 1294//1294 1300//1300
f 1232//1232 1293//1293 1300//1300
f 1294//1294 1295//1295 1300//1300
f 1295//1295 1296//1296 1300//1300
f 1229//1229 1301//1301 1300//1300
f 1301//1301 1302//1302 1300//1300
f 1302//1302 1303//1303 1300//1300
f 1303//1303 1304//1304 1305//1305
f 1305//1305 1306//1306 1300//1300
f 1303//1303 1305//1305 1300//1300
f 1306//1306 1307//1307 1300//1300
f 1307//1307 1296//1296 1300//1300
f 1235//1235 1229//1229 1301//1301
f 1301//1301 1302//1302 1235//1235
f 1302//1302 1303//1303 1235//1235
f 1303//1303 1304//1304 1235//1235
f 1235//1235 1308//1308 1309//1309
f 1309//1309 1310//1310 1311//1311
f 1235//1235 1309//1309 1311//1311
f 1310//1310 1312//1312 1313//1313
f 1312//1312 1304//1304 1235//1235
f 1312//1312 1235//1235 1313//1313
f 1235//1235 1311//1311 1314//1314
f 1311//1311 1310//1310 1313//1313
f 1313//1313 1235//1235 1314//1314
f 1311//1311 1313//1313 1314//1314
f 1235//1235 1308//1308 1238//1238
f 1238//1238 1315//1315 1316//1316
f 1316//1316 1317//1317 1238//1238
f 1317//1317 1318//1318 1238//1238
f 1318//1318 1308//1308 1238//1238
f 1239//1239 1238//1238 1319//1319
f 1238//1238 1315//1315 1319//1319
f 1239//1239 1320//1320 1319//1319
f 1320//1320 1240//1240 1319//1319
f 1321//1321 1315//1315 1319//1319
f 1321//1321 1319//1319 1240//1240
f 1240//1240 1239//1239 1320//1320
f 1240//1240 1322//1322 1321//1321
f 1241//1241 1240//1240 1323//1323
f 1240//1240 1322//1322 1323//1323
f 1241//1241 1324//1324 1323//1323
f 1324//1324 1322//1322 1323//1323
f 1242//1242 1241//1241 1324//1324
f 1242//1242 1325//1325 1324//1324
f 1325//1325 1326//1326 1324//1324
f 1326//1326 1327//1327 1324//1324
f 1327//1327 1328//1328 1324//1324
f 1246//1246 1242//1242 1325//1325
f 1325//1325 1326//1326 1246//1246
f 1326//1326 1327//1327 1246//1246
f 1327//1327 1328//1328 1246//1246
f 1329//1329 1328//1328 1246//1246
f 1247//1247 1246//1246 1329//1329
f 1247//1247 1330//1330 1329//1329
f 1248//1248 1247//1247 1330//1330
f 1248//1248 1331//1331 1330//1330
f 1255//1255 1254//1254 1331//1331
f 1254//1254 1248//1248 1331//1331
f 1255//1255 1332//1332 1331//1331
f 1256//1256 1257//1257 1332//1332
f 1257//1257 1258//1258 1332//1332
f 1258//1258 1255//1255 1332//1332
f 1256//1256 1333//1333 1332//1332
f 1333//1333 1334//1334 1332//1332
f 1259//1259 1256//1256 1333//1333
f 1333//1333 1334//1334 1259//1259
f 1259//1259 1335//1335 1336//1336
f 1336//1336 1337//1337 1259//1259
f 1337//1337 1338//1338 1259//1259
f 1338//1338 1334//1334 1259//1259
f 1261//1261 1259//1259 1339//1339
f 1259//1259 1335//1335 1339//1339
f 1261//1261 1340//1340 1339//1339
f 1340//1340 1341//1341 1342//1342
f 1342//1342 1343//1343 1340//1340
f 1343//1343 1344//1344 1340//1340
f 1344//1344 1335//1335 1339//1339
f 1344//1344 1339//1339 1340//1340
f 1262//1262 1263//1263 1345//1345
f 1263//1263 1264//1264 1345//1345
f 1264//1264 1265//1265 1345//1345
f 1265//1265 1261//1261 1340//1340
f 1265//1265 1340//1340 1345//1345
f 1340//1340 1341//1341 1345//1345
f 1262//1262 1346//1346 1345//1345
f 1346//1346 1341//1341 1345//1345
f 1266//1266 1267//1267 1346//1346
f 1267//1267 1268//1268 1346//1346
f 1268//1268 1262//1262 1346//1346
f 1266//1266 1272//1272 1346//1346
f 1221//1221 1269//1269 1272//1272
f 1269//1269 1270//1270 1272//1272
f 1270//1270 1266//1266 1272//1272
f 1272//1272 1347//1347 1348//1348
f 1348//1348 1349//1349 1272//1272
f 1349//1349 1350//1350 1272//1272
f 1350//1350 1351//1351 1272//1272
f 1273//1273 1272//1272 1352//1352
f 1272//1272 1353//1353 1352//1352
f 1272//1272 1347//1347 1354//1354
f 1354//1354 1353//1353 1355//1355
f 1272//1272 1354//1354 1355//1355
f 1355//1355 1353//1353 1272//1272
f 1273//1273 1356//1356 1352//1352
f 1356//1356 1357//1357 1358//1358
f 1358//1358 1353//1353 1352//1352
f 1356//1356 1358//1358 1352//1352
f 1357//1357 1359//1359 1360//1360
f 1359//1359 1361//1361 1362//1362
f 1362//1362 1363//1363 1360//1360
f 1359//1359 1362//1362 1360//1360
f 1363//1363 1364//1364 1365//1365
f 1364//1364 1347//1347 1354//1354
f 1354//1354 1353//1353 1365//1365
f 1364//1364 1354//1354 1365//1365
f 1357//1357 1360//1360 1358//1358
f 1360//1360 1363//1363 1365//1365
f 1365//1365 1353//1353 1358//1358
f 1360//1360 1365//1365 1358//1358
f 1283//1283 1284//1284 1366//1366
f 1284//1284 1285//1285 1367//1367
f 1284//1284 1367//1367 1366//1366
f 1285//1285 1286//1286 1368//1368
f 1286//1286 1273//1273 1356//1356
f 1356//1356 1357//1357 1368//1368
f 1286//1286 1356//1356 1368//1368
f 1357//1357 1359//1359 1366//1366
f 1359//1359 1361//1361 1366//1366
f 1285//1285 1368//1368 1367//1367
f 1368//1368 1357//1357 1366//1366
f 1368//1368 1366//1366 1367//1367
f 1366//1366 1369//1369 1370//1370
f 1369//1369 1371//1371 1372//1372
f 1372//1372 1373//1373 1370//1370
f 1369//1369 1372//1372 1370//1370
f 1373//1373 1374//1374 1375//1375
f 1374//1374 1361//1361 1366//1366
f 1374//1374 1366//1366 1375//1375
f 1370//1370 1373//1373 1375//1375
f 1370//1370 1375//1375 1366//1366
f 1289//1289 1290//1290 1376//1376
f 1290//1290 1291//1291 1366//1366
f 1366//1366 1377//1377 1376//1376
f 1290//1290 1366//1366 1376//1376
f 1291//1291 1292//1292 1366//1366
f 1292//1292 1283//1283 1366//1366
f 1369//1369 1371//1371 1378//1378
f 1378//1378 1377//1377 1366//1366
f 1369//1369 1378//1378 1366//1366
f 1289//1289 1379//1379 1376//1376
f 1379//1379 1380//1380 1381//1381
f 1381//1381 1377//1377 1376//1376
f 1379//1379 1381//1381 1376//1376
f 1380//1380 1382//1382 1383//1383
f 1382//1382 1384//1384 1385//1385
f 1385//1385 1386//1386 1383//1383
f 1382//1382 1385//1385 1383//1383
f 1386//1386 1387//1387 1388//1388
f 1387//1387 1371//1371 1378//1378
f 1378//1378 1377//1377 1388//1388
f 1387//1387 1378//1378 1388//1388
f 1380//1380 1383//1383 1381//1381
f 1383//1383 1386//1386 1388//1388
f 1388//1388 1377//1377 1381//1381
f 1383//1383 1388//1388 1381//1381
f 1296//1296 1297//1297 1389//1389
f 1297//1297 1298//1298 1390//1390
f 1390//1390 1391//1391 1389//1389
f 1297//1297 1390//1390 1389//1389
f 1298//1298 1299//1299 1392//1392
f 1299//1299 1289//1289 1379//1379
f 1379//1379 1380//1380 1392//1392
f 1299//1299 1379//1379 1392//1392
f 1380//1380 1382//1382 1392//1392
f 1382//1382 1384//1384 1392//1392
f 1298//1298 1392//1392 1390//1390
f 1392//1392 1391//1391 1390//1390
f 1296//1296 1393//1393 1389//1389
f 1393//1393 1394//1394 1395//1395
f 1395//1395 1391//1391 1389//1389
f 1393//1393 1395//1395 1389//1389
f 1394//1394 1396//1396 1392//1392
f 1396//1396 1397//1397 1398//1398
f 1398//1398 1399//1399 1392//1392
f 1396//1396 1398//1398 1392//1392
f 1399//1399 1400//1400 1392//1392
f 1400//1400 1384//1384 1392//1392
f 1394//1394 1392//1392 1395//1395
f 1392//1392 1391//1391 1395//1395
f 1304//1304 1305//1305 1401//1401
f 1305//1305 1306//1306 1402//1402
f 1402//1402 1403//1403 1401//1401
f 1305//1305 1402//1402 1401//1401
f 1306//1306 1307//1307 1404//1404
f 1307//1307 1296//1296 1393//1393
f 1393//1393 1394//1394 1404//1404
f 1307//1307 1393//1393 1404//1404
f 1394//1394 1396//1396 1405//1405
f 1396//1396 1397//1397 1406//1406
f 1406//1406 1403//1403 1405//1405
f 1396//1396 1406//1406 1405//1405
f 1306//1306 1404//1404 1402//1402
f 1404//1404 1394//1394 1405//1405
f 1405//1405 1403//1403 1402//1402
f 1404//1404 1405//1405 1402//1402
f 1304//1304 1407//1407 1401//1401
f 1407//1407 1408//1408 1409//1409
f 1409//1409 1403//1403 1401//1401
f 1407//1407 1409//1409 1401//1401
f 1408//1408 1410//1410 1411//1411
f 1410//1410 1412//1412 1413//1413
f 1413//1413 1414//1414 1411//1411
f 1410//1410 1413//1413 1411//1411
f 1414//1414 1415//1415 1416//1416
f 1415//1415 1397//1397 1406//1406
f 1406//1406 1403//1403 1416//1416
f 1415//1415 1406//1406 1416//1416
f 1408//1408 1411//1411 1409//1409
f 1411//1411 1414//1414 1416//1416
f 1416//1416 1403//1403 1409//1409
f 1411//1411 1416//1416 1409//1409
f 1308//1308 1309//1309 1417//1417
f 1309//1309 1310//1310 1418//1418
f 1418//1418 1419//1419 1417//1417
f 1309//1309 1418//1418 1417//1417
f 1310//1310 1312//1312 1420//1420
f 1312//1312 1304//1304 1407//1407
f 1407//1407 1408//1408 1420//1420
f 1312//1312 1407//1407 1420//1420
f 1408//1408 1410//1410 1421//1421
f 1410//1410 1412//1412 1422//1422
f 1422//1422 1419//1419 1421//1421
f 1410//1410 1422//1422 1421//1421
f 1310//1310 1420//1420 1418//1418
f 1420//1420 1408//1408 1421//1421
f 1421//1421 1419//1419 1418//1418
f 1420//1420 1421//1421 1418//1418
f 1308//1308 1423//1423 1417//1417
f 1423//1423 1424//1424 1425//1425
f 1425//1425 1419//1419 1417//1417
f 1423//1423 1425//1425 1417//1417
f 1424//1424 1426//1426 1427//1427
f 1426//1426 1428//1428 1429//1429
f 1429//1429 1430//1430 1427//1427
f 1426//1426 1429//1429 1427//1427
f 1430//1430 1431//1431 1432//1432
f 1431//1431 1412//1412 1422//1422
f 1422//1422 1419//1419 1432//1432
f 1431//1431 1422//1422 1432//1432
f 1424//1424 1427//1427 1425//1425
f 1427//1427 1430//1430 1432//1432
f 1432//1432 1419//1419 1425//1425
f 1427//1427 1432//1432 1425//1425
f 1315//1315 1316//1316 1433//1433
f 1316//1316 1317//1317 1434//1434
f 1434//1434 1435//1435 1433//1433
f 1316//1316 1434//1434 1433//1433
f 1317//1317 1318//1318 1436//1436
f 1318//1318 1308//1308 1423//1423
f 1423//1423 1424//1424 1436//1436
f 1318//1318 1423//1423 1436//1436
f 1424//1424 1426//1426 1437//1437
f 1426//1426 1428//1428 1438//1438
f 1438//1438 1435//1435 1437//1437
f 1426//1426 1438//1438 1437//1437
f 1317//1317 1436//1436 1434//1434
f 1436//1436 1424//1424 1437//1437
f 1437//1437 1435//1435 1434//1434
f 1436//1436 1437//1437 1434//1434
f 1315//1315 1321//1321 1433//1433
f 1321//1321 1439//1439 1440//1440
f 1440//1440 1435//1435 1433//1433
f 1321//1321 1440//1440 1433//1433
f 1439//1439 1441//1441 1442//1442
f 1441//1441 1443//1443 1444//1444
f 1444//1444 1445//1445 1442//1442
f 1441//1441 1444//1444 1442//1442
f 1445//1445 1446//1446 1447//1447
f 1446//1446 1428//1428 1438//1438
f 1438//1438 1435//1435 1447//1447
f 1446//1446 1438//1438 1447//1447
f 1439//1439 1442//1442 1440//1440
f 1442//1442 1445//1445 1447//1447
f 1447//1447 1435//1435 1440//1440
f 1442//1442 1447//1447 1440//1440
f 1439//1439 1441//1441 1321//1321
f 1441//1441 1443//1443 1321//1321
f 1321//1321 1448//1448 1449//1449
f 1449//1449 1450//1450 1321//1321
f 1450//1450 1451//1451 1321//1321
f 1451//1451 1443//1443 1321//1321
f 1322//1322 1321//1321 1452//1452
f 1321//1321 1453//1453 1452//1452
f 1321//1321 1448//1448 1454//1454
f 1454//1454 1453//1453 1321//1321
f 1322//1322 1455//1455 1452//1452
f 1455//1455 1456//1456 1457//1457
f 1457//1457 1453//1453 1452//1452
f 1455//1455 1457//1457 1452//1452
f 1456//1456 1458//1458 1457//1457
f 1458//1458 1459//1459 1457//1457
f 1457//1457 1448//1448 1454//1454
f 1454//1454 1453//1453 1457//1457
f 1324//1324 1322//1322 1455//1455
f 1455//1455 1456//1456 1324//1324
f 1456//1456 1458//1458 1324//1324
f 1458//1458 1459//1459 1324//1324
f 1460//1460 1461//1461 1324//1324
f 1461//1461 1459//1459 1324//1324
f 1328//1328 1324//1324 1462//1462
f 1460//1460 1462//1462 1324//1324
f 1328//1328 1463//1463 1462//1462
f 1463//1463 1464//1464 1462//1462
f 1464//1464 1465//1465 1466//1466
f 1467//1467 1468//1468 1466//1466
f 1465//1465 1467//1467 1466//1466
f 1468//1468 1469//1469 1462//1462
f 1469//1469 1460//1460 1462//1462
f 1464//1464 1466//1466 1462//1462
f 1466//1466 1468//1468 1462//1462
f 1329//1329 1328//1328 1463//1463
f 1463//1463 1464//1464 1329//1329
f 1464//1464 1465//1465 1329//1329
f 1465//1465 1467//1467 1329//1329
f 1470//1470 1467//1467 1329//1329
f 1329//1329 1470//1470 1330//1330
f 1330//1330 1471//1471 1472//1472
f 1472//1472 1470//1470 1330//1330
f 1330//1330 1471//1471 1331//1331
f 1473//1473 1474//1474 1331//1331
f 1474//1474 1475//1475 1331//1331
f 1475//1475 1471//1471 1331//1331
f 1331//1331 1473//1473 1332//1332
f 1332//1332 1476//1476 1477//1477
f 1477//1477 1478//1478 1479//1479
f 1332//1332 1477//1477 1479//1479
f 1478//1478 1480//1480 1332//1332
f 1480//1480 1473//1473 1332//1332
f 1479//1479 1478//1478 1332//1332
f 1334//1334 1332//1332 1481//1481
f 1332//1332 1476//1476 1481//1481
f 1334//1334 1482//1482 1481//1481
f 1482//1482 1483//1483 1481//1481
f 1483//1483 1484//1484 1485//1485
f 1486//1486 1487//1487 1485//1485
f 1484//1484 1486//1486 1485//1485
f 1487//1487 1488//1488 1481//1481
f 1488//1488 1476//1476 1481//1481
f 1483//1483 1485//1485 1481//1481
f 1485//1485 1487//1487 1481//1481
f 1335//1335 1336//1336 1489//1489
f 1336//1336 1337//1337 1490//1490
f 1490//1490 1491//1491 1489//1489
f 1336//1336 1490//1490 1489//1489
f 1338//1338 1334//1334 1482//1482
f 1482//1482 1483//1483 1338//1338
f 1483//1483 1484//1484 1492//1492
f 1493//1493 1491//1491 1492//1492
f 1484//1484 1493//1493 1492//1492
f 1337//1337 1338//1338 1490//1490
f 1338//1338 1483//1483 1492//1492
f 1492//1492 1491//1491 1490//1490
f 1338//1338 1492//1492 1490//1490
f 1335//1335 1494//1494 1489//1489
f 1494//1494 1495//1495 1496//1496
f 1496//1496 1491//1491 1489//1489
f 1494//1494 1496//1496 1489//1489
f 1495//1495 1497//1497 1498//1498
f 1497//1497 1499//1499 1500//1500
f 1500//1500 1501//1501 1498//1498
f 1497//1497 1500//1500 1498//1498
f 1501//1501 1502//1502 1503//1503
f 1502//1502 1484//1484 1493//1493
f 1493//1493 1491//1491 1503//1503
f 1502//1502 1493//1493 1503//1503
f 1495//1495 1498//1498 1496//1496
f 1498//1498 1501//1501 1503//1503
f 1503//1503 1491//1491 1496//1496
f 1498//1498 1503//1503 1496//1496
f 1341//1341 1342//1342 1504//1504
f 1342//1342 1343//1343 1505//1505
f 1505//1505 1506//1506 1504//1504
f 1342//1342 1505//1505 1504//1504
f 1343//1343 1344//1344 1507//1507
f 1344//1344 1335//1335 1494//1494
f 1494//1494 1495//1495 1507//1507
f 1344//1344 1494//1494 1507//1507
f 1495//1495 1497//1497 1508//1508
f 1497//1497 1499//1499 1509//1509
f 1509//1509 1506//1506 1508//1508
f 1497//1497 1509//1509 1508//1508
f 1343//1343 1507//1507 1505//1505
f 1507//1507 1495//1495 1508//1508
f 1508//1508 1506//1506 1505//1505
f 1507//1507 1508//1508 1505//1505
f 1341//1341 1510//1510 1504//1504
f 1510//1510 1511//1511 1512//1512
f 1512//1512 1506//1506 1504//1504
f 1510//1510 1512//1512 1504//1504
f 1511//1511 1513//1513 1514//1514
f 1513//1513 1499//1499 1509//1509
f 1509//1509 1506//1506 1515//1515
f 1513//1513 1509//1509 1515//1515
f 1511//1511 1514//1514 1512//1512
f 1514//1514 1513//1513 1515//1515
f 1515//1515 1506//1506 1512//1512
f 1514//1514 1515//1515 1512//1512
f 1346//1346 1341//1341 1510//1510
f 1510//1510 1511//1511 1346//1346
f 1511//1511 1513//1513 1346//1346
f 1346//1346 1351//1351 1513//1513
f 1346//1346 1351//1351 1272//1272
f 1351//1351 1516//1516 1517//1517
f 1516//1516 1518//1518 1519//1519
f 1519//1519 1520//1520 1517//1517
f 1516//1516 1519//1519 1517//1517
f 1518//1518 1521//1521 1522//1522
f 1521//1521 1523//1523 1524//1524
f 1521//1521 1524//1524 1522//1522
f 1524//1524 1525//1525 1526//1526
f 1526//1526 1520//1520 1527//1527
f 1524//1524 1526//1526 1527//1527
f 1518//1518 1522//1522 1519//1519
f 1522//1522 1524//1524 1527//1527
f 1527//1527 1520//1520 1519//1519
f 1522//1522 1527//1527 1519//1519
f 1347//1347 1348//1348 1528//1528
f 1348//1348 1349//1349 1529//1529
f 1529//1529 1530//1530 1528//1528
f 1348//1348 1529//1529 1528//1528
f 1349//1349 1350//1350 1531//1531
f 1350//1350 1351//1351 1516//1516
f 1516//1516 1518//1518 1531//1531
f 1350//1350 1516//1516 1531//1531
f 1518//1518 1521//1521 1532//1532
f 1521//1521 1523//1523 1533//1533
f 1533//1533 1530//1530 1532//1532
f 1521//1521 1533//1533 1532//1532
f 1349//1349 1531//1531 1529//1529
f 1531//1531 1518//1518 1532//1532
f 1532//1532 1530//1530 1529//1529
f 1531//1531 1532//1532 1529//1529
f 1347//1347 1534//1534 1528//1528
f 1534//1534 1535//1535 1536//1536
f 1536//1536 1530//1530 1528//1528
f 1534//1534 1536//1536 1528//1528
f 1535//1535 1537//1537 1538//1538
f 1537//1537 1539//1539 1538//1538
f 1539//1539 1523//1523 1533//1533
f 1533//1533 1530//1530 1540//1540
f 1539//1539 1533//1533 1540//1540
f 1535//1535 1538//1538 1536//1536
f 1538//1538 1539//1539 1540//1540
f 1540//1540 1530//1530 1536//1536
f 1538//1538 1540//1540 1536//1536
f 1361//1361 1362//1362 1541//1541
f 1362//1362 1363//1363 1542//1542
f 1542//1542 1543//1543 1541//1541
f 1362//1362 1542//1542 1541//1541
f 1363//1363 1364//1364 1544//1544
f 1364//1364 1347//1347 1534//1534
f 1534//1534 1535//1535 1544//1544
f 1364//1364 1534//1534 1544//1544
f 1535//1535 1537//1537 1545//1545
f 1537//1537 1539//1539 1546//1546
f 1546//1546 1543//1543 1545//1545
f 1537//1537 1546//1546 1545//1545
f 1363//1363 1544//1544 1542//1542
f 1544//1544 1535//1535 1545//1545
f 1545//1545 1543//1543 1542//1542
f 1544//1544 1545//1545 1542//1542
f 1361//1361 1547//1547 1541//1541
f 1547//1547 1548//1548 1549//1549
f 1549//1549 1543//1543 1541//1541
f 1547//1547 1549//1549 1541//1541
f 1548//1548 1372//1372 1550//1550
f 1372//1372 1551//1551 1552//1552
f 1552//1552 1549//1549 1550//1550
f 1372//1372 1552//1552 1550//1550
f 1549//1549 1539//1539 1546//1546
f 1546//1546 1543//1543 1549//1549
f 1548//1548 1550//1550 1549//1549
f 1371//1371 1372//1372 1553//1553
f 1372//1372 1554//1554 1553//1553
f 1373//1373 1374//1374 1555//1555
f 1374//1374 1361//1361 1547//1547
f 1547//1547 1548//1548 1555//1555
f 1374//1374 1547//1547 1555//1555
f 1372//1372 1551//1551 1556//1556
f 1556//1556 1554//1554 1372//1372
f 1373//1373 1555//1555 1372//1372
f 1555//1555 1548//1548 1372//1372
f 1371//1371 1557//1557 1553//1553
f 1557//1557 1558//1558 1559//1559
f 1559//1559 1554//1554 1553//1553
f 1557//1557 1559//1559 1553//1553
f 1558//1558 1560//1560 1561//1561
f 1560//1560 1562//1562 1563//1563
f 1563//1563 1564//1564 1561//1561
f 1560//1560 1563//1563 1561//1561
f 1564//1564 1565//1565 1566//1566
f 1565//1565 1551//1551 1556//1556
f 1556//1556 1554//1554 1566//1566
f 1565//1565 1556//1556 1566//1566
f 1558//1558 1561//1561 1559//1559
f 1561//1561 1564//1564 1566//1566
f 1566//1566 1554//1554 1559//1559
f 1561//1561 1566//1566 1559//1559
f 1384//1384 1385//1385 1567//1567
f 1385//1385 1386//1386 1568//1568
f 1568//1568 1569//1569 1567//1567
f 1385//1385 1568//1568 1567//1567
f 1386//1386 1387//1387 1570//1570
f 1387//1387 1371//1371 1557//1557
f 1557//1557 1558//1558 1570//1570
f 1387//1387 1557//1557 1570//1570
f 1558//1558 1560//1560 1571//1571
f 1560//1560 1562//1562 1572//1572
f 1572//1572 1569//1569 1571//1571
f 1560//1560 1572//1572 1571//1571
f 1386//1386 1570//1570 1568//1568
f 1570//1570 1558//1558 1571//1571
f 1571//1571 1569//1569 1568//1568
f 1570//1570 1571//1571 1568//1568
f 1384//1384 1573//1573 1567//1567
f 1573//1573 1574//1574 1575//1575
f 1575//1575 1569//1569 1567//1567
f 1573//1573 1575//1575 1567//1567
f 1574//1574 1576//1576 1575//1575
f 1576//1576 1577//1577 1575//1575
f 1575//1575 1562//1562 1572//1572
f 1572//1572 1569//1569 1575//1575
f 1397//1397 1398//1398 1578//1578
f 1398//1398 1399//1399 1579//1579
f 1579//1579 1580//1580 1578//1578
f 1398//1398 1579//1579 1578//1578
f 1399//1399 1400//1400 1581//1581
f 1400//1400 1384//1384 1573//1573
f 1573//1573 1574//1574 1581//1581
f 1400//1400 1573//1573 1581//1581
f 1574//1574 1576//1576 1582//1582
f 1576//1576 1577//1577 1583//1583
f 1583//1583 1580//1580 1582//1582
f 1576//1576 1583//1583 1582//1582
f 1399//1399 1581//1581 1579//1579
f 1581//1581 1574//1574 1582//1582
f 1582//1582 1580//1580 1579//1579
f 1581//1581 1582//1582 1579//1579
f 1397//1397 1584//1584 1578//1578
f 1584//1584 1585//1585 1586//1586
f 1586//1586 1580//1580 1578//1578
f 1584//1584 1586//1586 1578//1578
f 1585//1585 1587//1587 1588//1588
f 1587//1587 1589//1589 1590//1590
f 1590//1590 1591//1591 1588//1588
f 1587//1587 1590//1590 1588//1588
f 1591//1591 1592//1592 1593//1593
f 1592//1592 1577//1577 1583//1583
f 1583//1583 1580//1580 1593//1593
f 1592//1592 1583//1583 1593//1593
f 1585//1585 1588//1588 1586//1586
f 1588//1588 1591//1591 1593//1593
f 1593//1593 1580//1580 1586//1586
f 1588//1588 1593//1593 1586//1586
f 1412//1412 1413//1413 1594//1594
f 1413//1413 1414//1414 1595//1595
f 1595//1595 1596//1596 1594//1594
f 1413//1413 1595//1595 1594//1594
f 1414//1414 1415//1415 1597//1597
f 1415//1415 1397//1397 1584//1584
f 1584//1584 1585//1585 1597//1597
f 1415//1415 1584//1584 1597//1597
f 1585//1585 1587//1587 1598//1598
f 1587//1587 1589//1589 1599//1599
f 1599//1599 1596//1596 1598//1598
f 1587//1587 1599//1599 1598//1598
f 1414//1414 1597//1597 1595//1595
f 1597//1597 1585//1585 1598//1598
f 1598//1598 1596//1596 1595//1595
f 1597//1597 1598//1598 1595//1595
f 1412//1412 1600//1600 1594//1594
f 1600//1600 1601//1601 1602//1602
f 1602//1602 1596//1596 1594//1594
f 1600//1600 1602//1602 1594//1594
f 1601//1601 1603//1603 1604//1604
f 1603//1603 1605//1605 1606//1606
f 1606//1606 1607//1607 1604//1604
f 1603//1603 1606//1606 1604//1604
f 1607//1607 1608//1608 1609//1609
f 1608//1608 1589//1589 1599//1599
f 1599//1599 1596//1596 1609//1609
f 1608//1608 1599//1599 1609//1609
f 1601//1601 1604//1604 1602//1602
f 1604//1604 1607//1607 1609//1609
f 1609//1609 1596//1596 1602//1602
f 1604//1604 1609//1609 1602//1602
f 1428//1428 1429//1429 1610//1610
f 1429//1429 1430//1430 1611//1611
f 1611//1611 1612//1612 1610//1610
f 1429//1429 1611//1611 1610//1610
f 1430//1430 1431//1431 1613//1613
f 1431//1431 1412//1412 1600//1600
f 1600//1600 1601//1601 1613//1613
f 1431//1431 1600//1600 1613//1613
f 1601//1601 1603//1603 1614//1614
f 1603//1603 1605//1605 1615//1615
f 1615//1615 1612//1612 1614//1614
f 1603//1603 1615//1615 1614//1614
f 1430//1430 1613//1613 1611//1611
f 1613//1613 1601//1601 1614//1614
f 1614//1614 1612//1612 1611//1611
f 1613//1613 1614//1614 1611//1611
f 1428//1428 1616//1616 1610//1610
f 1616//1616 1617//1617 1618//1618
f 1618//1618 1612//1612 1610//1610
f 1616//1616 1618//1618 1610//1610
f 1617//1617 1619//1619 1620//1620
f 1619//1619 1621//1621 1622//1622
f 1622//1622 1623//1623 1620//1620
f 1619//1619 1622//1622 1620//1620
f 1623//1623 1624//1624 1625//1625
f 1624//1624 1605//1605 1615//1615
f 1615//1615 1612//1612 1625//1625
f 1624//1624 1615//1615 1625//1625
f 1617//1617 1620//1620 1618//1618
f 1620//1620 1623//1623 1625//1625
f 1625//1625 1612//1612 1618//1618
f 1620//1620 1625//1625 1618//1618
f 1443//1443 1444//1444 1626//1626
f 1444//1444 1445//1445 1627//1627
f 1627//1627 1628//1628 1626//1626
f 1444//1444 1627//1627 1626//1626
f 1445//1445 1446//1446 1629//1629
f 1446//1446 1428//1428 1616//1616
f 1616//1616 1617//1617 1629//1629
f 1446//1446 1616//1616 1629//1629
f 1617//1617 1619//1619 1630//1630
f 1619//1619 1621//1621 1631//1631
f 1631//1631 1628//1628 1630//1630
f 1619//1619 1631//1631 1630//1630
f 1445//1445 1629//1629 1627//1627
f 1629//1629 1617//1617 1630//1630
f 1630//1630 1628//1628 1627//1627
f 1629//1629 1630//1630 1627//1627
f 1443//1443 1632//1632 1626//1626
f 1632//1632 1633//1633 1634//1634
f 1634//1634 1628//1628 1626//1626
f 1632//1632 1634//1634 1626//1626
f 1633//1633 1635//1635 1636//1636
f 1635//1635 1637//1637 1638//1638
f 1638//1638 1639//1639 1636//1636
f 1635//1635 1638//1638 1636//1636
f 1639//1639 1640//1640 1641//1641
f 1640//1640 1621//1621 1631//1631
f 1631//1631 1628//1628 1641//1641
f 1640//1640 1631//1631 1641//1641
f 1633//1633 1636//1636 1634//1634
f 1636//1636 1639//1639 1641//1641
f 1641//1641 1628//1628 1634//1634
f 1636//1636 1641//1641 1634//1634
f 1448//1448 1449//1449 1642//1642
f 1449//1449 1450//1450 1643//1643
f 1643//1643 1644//1644 1642//1642
f 1449//1449 1643//1643 1642//1642
f 1450//1450 1451//1451 1643//1643
f 1451//1451 1443//1443 1632//1632
f 1632//1632 1633//1633 1643//1643
f 1451//1451 1632//1632 1643//1643
f 1633//1633 1635//1635 1645//1645
f 1635//1635 1637//1637 1646//1646
f 1646//1646 1644//1644 1645//1645
f 1635//1635 1646//1646 1645//1645
f 1643//1643 1633//1633 1645//1645
f 1645//1645 1644//1644 1643//1643
f 1448//1448 1647//1647 1642//1642
f 1647//1647 1648//1648 1649//1649
f 1649//1649 1644//1644 1642//1642
f 1647//1647 1649//1649 1642//1642
f 1648//1648 1650//1650 1651//1651
f 1650//1650 1652//1652 1653//1653
f 1653//1653 1654//1654 1651//1651
f 1650//1650 1653//1653 1651//1651
f 1654//1654 1655//1655 1656//1656
f 1655//1655 1637//1637 1646//1646
f 1646//1646 1644//1644 1656//1656
f 1655//1655 1646//1646 1656//1656
f 1648//1648 1651//1651 1649//1649
f 1651//1651 1654//1654 1656//1656
f 1656//1656 1644//1644 1649//1649
f 1651//1651 1656//1656 1649//1649
f 1459//1459 1457//1457 1657//1657
f 1457//1457 1658//1658 1657//1657
f 1457//1457 1448//1448 1647//1647
f 1647//1647 1648//1648 1457//1457
f 1648//1648 1650//1650 1457//1457
f 1650//1650 1652//1652 1659//1659
f 1659//1659 1658//1658 1457//1457
f 1650//1650 1659//1659 1457//1457
f 1459//1459 1660//1660 1657//1657
f 1660//1660 1661//1661 1662//1662
f 1662//1662 1658//1658 1657//1657
f 1660//1660 1662//1662 1657//1657
f 1661//1661 1663//1663 1664//1664
f 1663//1663 1665//1665 1666//1666
f 1666//1666 1667//1667 1664//1664
f 1663//1663 1666//1666 1664//1664
f 1667//1667 1668//1668 1669//1669
f 1668//1668 1652//1652 1659//1659
f 1659//1659 1658//1658 1669//1669
f 1668//1668 1659//1659 1669//1669
f 1661//1661 1664//1664 1662//1662
f 1664//1664 1667//1667 1669//1669
f 1669//1669 1658//1658 1662//1662
f 1664//1664 1669//1669 1662//1662
f 1460//1460 1461//1461 1670//1670
f 1461//1461 1671//1671 1670//1670
f 1461//1461 1459//1459 1660//1660
f 1660//1660 1661//1661 1461//1461
f 1661//1661 1663//1663 1461//1461
f 1663//1663 1665//1665 1672//1672
f 1672//1672 1671//1671 1461//1461
f 1663//1663 1672//1672 1461//1461
f 1460//1460 1673//1673 1670//1670
f 1673//1673 1674//1674 1675//1675
f 1675//1675 1671//1671 1670//1670
f 1673//1673 1675//1675 1670//1670
f 1676//1676 1677//1677 1678//1678
f 1678//1678 1679//1679 1676//1676
f 1679//1679 1680//1680 1681//1681
f 1680//1680 1665//1665 1672//1672
f 1672//1672 1671//1671 1681//1681
f 1680//1680 1672//1672 1681//1681
f 1674//1674 1676//1676 1675//1675
f 1676//1676 1679//1679 1681//1681
f 1681//1681 1671//1671 1675//1675
f 1676//1676 1681//1681 1675//1675
f 1467//1467 1468//1468 1682//1682
f 1682//1682 1683//1683 1684//1684
f 1467//1467 1682//1682 1684//1684
f 1468//1468 1469//1469 1685//1685
f 1469//1469 1460//1460 1673//1673
f 1673//1673 1674//1674 1685//1685
f 1469//1469 1673//1673 1685//1685
f 1674//1674 1676//1676 1686//1686
f 1676//1676 1677//1677 1687//1687
f 1687//1687 1683//1683 1686//1686
f 1676//1676 1687//1687 1686//1686
f 1468//1468 1685//1685 1682//1682
f 1685//1685 1674//1674 1686//1686
f 1686//1686 1683//1683 1682//1682
f 1685//1685 1686//1686 1682//1682
f 1467//1467 1688//1688 1684//1684
f 1688//1688 1683//1683 1684//1684
f 1688//1688 1677//1677 1687//1687
f 1687//1687 1683//1683 1688//1688
f 1467//1467 1688//1688 1470//1470
f 1470//1470 1689//1689 1690//1690
f 1689//1689 1691//1691 1690//1690
f 1691//1691 1692//1692 1690//1690
f 1690//1690 1688//1688 1693//1693
f 1688//1688 1470//1470 1693//1693
f 1693//1693 1470//1470 1690//1690
f 1471//1471 1472//1472 1694//1694
f 1470//1470 1695//1695 1694//1694
f 1472//1472 1470//1470 1694//1694
f 1689//1689 1691//1691 1696//1696
f 1691//1691 1692//1692 1697//1697
f 1697//1697 1695//1695 1696//1696
f 1691//1691 1697//1697 1696//1696
f 1470//1470 1689//1689 1696//1696
f 1696//1696 1695//1695 1470//1470
f 1471//1471 1698//1698 1694//1694
f 1698//1698 1699//1699 1700//1700
f 1700//1700 1695//1695 1694//1694
f 1698//1698 1700//1700 1694//1694
f 1699//1699 1701//1701 1702//1702
f 1701//1701 1703//1703 1704//1704
f 1704//1704 1705//1705 1702//1702
f 1701//1701 1704//1704 1702//1702
f 1705//1705 1706//1706 1707//1707
f 1706//1706 1692//1692 1697//1697
f 1697//1697 1695//1695 1707//1707
f 1706//1706 1697//1697 1707//1707
f 1699//1699 1702//1702 1700//1700
f 1702//1702 1705//1705 1707//1707
f 1707//1707 1695//1695 1700//1700
f 1702//1702 1707//1707 1700//1700
f 1473//1473 1474//1474 1708//1708
f 1708//1708 1709//1709 1710//1710
f 1473//1473 1708//1708 1710//1710
f 1474//1474 1475//1475 1708//1708
f 1475//1475 1471//1471 1698//1698
f 1698//1698 1699//1699 1708//1708
f 1475//1475 1698//1698 1708//1708
f 1699//1699 1701//1701 1708//1708
f 1701//1701 1703//1703 1711//1711
f 1711//1711 1709//1709 1708//1708
f 1701//1701 1711//1711 1708//1708
f 1473//1473 1712//1712 1710//1710
f 1712//1712 1713//1713 1714//1714
f 1714//1714 1709//1709 1710//1710
f 1712//1712 1714//1714 1710//1710
f 1713//1713 1715//1715 1716//1716
f 1715//1715 1717//1717 1718//1718
f 1718//1718 1719//1719 1716//1716
f 1715//1715 1718//1718 1716//1716
f 1719//1719 1720//1720 1721//1721
f 1720//1720 1703//1703 1711//1711
f 1711//1711 1709//1709 1721//1721
f 1720//1720 1711//1711 1721//1721
f 1713//1713 1716//1716 1714//1714
f 1716//1716 1719//1719 1721//1721
f 1721//1721 1709//1709 1714//1714
f 1716//1716 1721//1721 1714//1714
f 1477//1477 1478//1478 1722//1722
f 1722//1722 1723//1723 1476//1476
f 1477//1477 1722//1722 1476//1476
f 1478//1478 1480//1480 1724//1724
f 1480//1480 1473//1473 1712//1712
f 1712//1712 1713//1713 1724//1724
f 1480//1480 1712//1712 1724//1724
f 1713//1713 1715//1715 1725//1725
f 1715//1715 1717//1717 1726//1726
f 1726//1726 1723//1723 1725//1725
f 1715//1715 1726//1726 1725//1725
f 1478//1478 1724//1724 1722//1722
f 1724//1724 1713//1713 1725//1725
f 1725//1725 1723//1723 1722//1722
f 1724//1724 1725//1725 1722//1722
f 1476//1476 1727//1727 1728//1728
f 1728//1728 1723//1723 1476//1476
f 1727//1727 1729//1729 1730//1730
f 1729//1729 1731//1731 1732//1732
f 1732//1732 1733//1733 1730//1730
f 1729//1729 1732//1732 1730//1730
f 1733//1733 1734//1734 1735//1735
f 1734//1734 1717//1717 1726//1726
f 1726//1726 1723//1723 1735//1735
f 1734//1734 1726//1726 1735//1735
f 1727//1727 1730//1730 1728//1728
f 1730//1730 1733//1733 1735//1735
f 1735//1735 1723//1723 1728//1728
f 1730//1730 1735//1735 1728//1728
f 1484//1484 1486//1486 1736//1736
f 1486//1486 1487//1487 1737//1737
f 1737//1737 1738//1738 1736//1736
f 1486//1486 1737//1737 1736//1736
f 1487//1487 1488//1488 1739//1739
f 1476//1476 1727//1727 1739//1739
f 1488//1488 1476//1476 1739//1739
f 1727//1727 1729//1729 1740//1740
f 1729//1729 1731//1731 1741//1741
f 1741//1741 1738//1738 1740//1740
f 1729//1729 1741//1741 1740//1740
f 1487//1487 1739//1739 1737//1737
f 1739//1739 1727//1727 1740//1740
f 1740//1740 1738//1738 1737//1737
f 1739//1739 1740//1740 1737//1737
f 1484//1484 1742//1742 1736//1736
f 1742//1742 1743//1743 1744//1744
f 1744//1744 1738//1738 1736//1736
f 1742//1742 1744//1744 1736//1736
f 1743//1743 1745//1745 1746//1746
f 1745//1745 1747//1747 1748//1748
f 1748//1748 1749//1749 1746//1746
f 1745//1745 1748//1748 1746//1746
f 1749//1749 1750//1750 1751//1751
f 1750//1750 1731//1731 1741//1741
f 1741//1741 1738//1738 1751//1751
f 1750//1750 1741//1741 1751//1751
f 1743//1743 1746//1746 1744//1744
f 1746//1746 1749//1749 1751//1751
f 1751//1751 1738//1738 1744//1744
f 1746//1746 1751//1751 1744//1744
f 1499//1499 1500//1500 1752//1752
f 1500//1500 1501//1501 1753//1753
f 1753//1753 1754//1754 1752//1752
f 1500//1500 1753//1753 1752//1752
f 1501//1501 1502//1502 1755//1755
f 1502//1502 1484//1484 1742//1742
f 1742//1742 1743//1743 1755//1755
f 1502//1502 1742//1742 1755//1755
f 1743//1743 1745//1745 1756//1756
f 1745//1745 1747//1747 1757//1757
f 1757//1757 1754//1754 1756//1756
f 1745//1745 1757//1757 1756//1756
f 1501//1501 1755//1755 1753//1753
f 1755//1755 1743//1743 1756//1756
f 1756//1756 1754//1754 1753//1753
f 1755//1755 1756//1756 1753//1753
f 1499//1499 1758//1758 1752//1752
f 1758//1758 1759//1759 1760//1760
f 1760//1760 1754//1754 1752//1752
f 1758//1758 1760//1760 1752//1752
f 1759//1759 1761//1761 1762//1762
f 1761//1761 1763//1763 1764//1764
f 1764//1764 1765//1765 1762//1762
f 1761//1761 1764//1764 1762//1762
f 1765//1765 1766//1766 1767//1767
f 1766//1766 1747//1747 1757//1757
f 1757//1757 1754//1754 1767//1767
f 1766//1766 1757//1757 1767//1767
f 1759//1759 1762//1762 1760//1760
f 1762//1762 1765//1765 1767//1767
f 1767//1767 1754//1754 1760//1760
f 1762//1762 1767//1767 1760//1760
f 1513//1513 1499//1499 1758//1758
f 1758//1758 1759//1759 1768//1768
f 1513//1513 1758//1758 1768//1768
f 1759//1759 1761//1761 1769//1769
f 1761//1761 1763//1763 1513//1513
f 1761//1761 1513//1513 1769//1769
f 1513//1513 1768//1768 1770//1770
f 1768//1768 1759//1759 1769//1769
f 1769//1769 1513//1513 1770//1770
f 1768//1768 1769//1769 1770//1770
f 1513//1513 1771//1771 1772//1772
f 1771//1771 1773//1773 1774//1774
f 1773//1773 1525//1525 1775//1775
f 1775//1775 1776//1776 1774//1774
f 1773//1773 1775//1775 1774//1774
f 1776//1776 1777//1777 1778//1778
f 1777//1777 1763//1763 1513//1513
f 1777//1777 1513//1513 1778//1778
f 1771//1771 1774//1774 1772//1772
f 1774//1774 1776//1776 1778//1778
f 1778//1778 1513//1513 1772//1772
f 1774//1774 1778//1778 1772//1772
f 1351//1351 1513//1513 1517//1517
f 1513//1513 1520//1520 1517//1517
f 1771//1771 1773//1773 1779//1779
f 1773//1773 1525//1525 1526//1526
f 1526//1526 1520//1520 1779//1779
f 1773//1773 1526//1526 1779//1779
f 1513//1513 1771//1771 1779//1779
f 1779//1779 1520//1520 1513//1513
f 1525//1525 1780//1780 1781//1781
f 1780//1780 1782//1782 1783//1783
f 1780//1780 1783//1783 1781//1781
f 1782//1782 1784//1784 1783//1783
f 1784//1784 1785//1785 1786//1786
f 1786//1786 1787//1787 1783//1783
f 1784//1784 1786//1786 1783//1783
f 1787//1787 1788//1788 1783//1783
f 1788//1788 1789//1789 1783//1783
f 1523//1523 1524//1524 1790//1790
f 1524//1524 1525//1525 1780//1780
f 1780//1780 1782//1782 1524//1524
f 1782//1782 1784//1784 1790//1790
f 1784//1784 1785//1785 1790//1790
f 1524//1524 1782//1782 1790//1790
f 1523//1523 1791//1791 1790//1790
f 1791//1791 1785//1785 1790//1790
f 1539//1539 1523//1523 1791//1791
f 1551//1551 1552//1552 1792//1792
f 1552//1552 1549//1549 1792//1792
f 1549//1549 1539//1539 1791//1791
f 1549//1549 1791//1791 1792//1792
f 1551//1551 1793//1793 1792//1792
f 1562//1562 1563//1563 1793//1793
f 1563//1563 1564//1564 1793//1793
f 1564//1564 1565//1565 1793//1793
f 1565//1565 1551//1551 1793//1793
f 1562//1562 1794//1794 1793//1793
f 1794//1794 1795//1795 1793//1793
f 1795//1795 1796//1796 1793//1793
f 1796//1796 1797//1797 1793//1793
f 1577//1577 1575//1575 1798//1798
f 1575//1575 1562//1562 1794//1794
f 1794//1794 1795//1795 1575//1575
f 1795//1795 1796//1796 1575//1575
f 1796//1796 1797//1797 1798//1798
f 1796//1796 1798//1798 1575//1575
f 1577//1577 1799//1799 1798//1798
f 1799//1799 1800//1800 1798//1798
f 1800//1800 1797//1797 1798//1798
f 1589//1589 1590//1590 1801//1801
f 1590//1590 1591//1591 1799//1799
f 1799//1799 1802//1802 1801//1801
f 1590//1590 1799//1799 1801//1801
f 1591//1591 1592//1592 1799//1799
f 1592//1592 1577//1577 1799//1799
f 1799//1799 1800//1800 1803//1803
f 1803//1803 1802//1802 1799//1799
f 1589//1589 1804//1804 1801//1801
f 1804//1804 1805//1805 1806//1806
f 1806//1806 1802//1802 1801//1801
f 1804//1804 1806//1806 1801//1801
f 1805//1805 1807//1807 1808//1808
f 1807//1807 1809//1809 1800//1800
f 1807//1807 1800//1800 1808//1808
f 1803//1803 1802//1802 1810//1810
f 1800//1800 1803//1803 1810//1810
f 1805//1805 1808//1808 1806//1806
f 1808//1808 1800//1800 1810//1810
f 1810//1810 1802//1802 1806//1806
f 1808//1808 1810//1810 1806//1806
f 1605//1605 1606//1606 1811//1811
f 1606//1606 1607//1607 1812//1812
f 1812//1812 1813//1813 1811//1811
f 1606//1606 1812//1812 1811//1811
f 1607//1607 1608//1608 1814//1814
f 1608//1608 1589//1589 1804//1804
f 1804//1804 1805//1805 1814//1814
f 1608//1608 1804//1804 1814//1814
f 1805//1805 1807//1807 1815//1815
f 1807//1807 1809//1809 1816//1816
f 1816//1816 1813//1813 1815//1815
f 1807//1807 1816//1816 1815//1815
f 1607//1607 1814//1814 1812//1812
f 1814//1814 1805//1805 1815//1815
f 1815//1815 1813//1813 1812//1812
f 1814//1814 1815//1815 1812//1812
f 1605//1605 1817//1817 1811//1811
f 1817//1817 1818//1818 1819//1819
f 1819//1819 1813//1813 1811//1811
f 1817//1817 1819//1819 1811//1811
f 1818//1818 1820//1820 1821//1821
f 1820//1820 1822//1822 1823//1823
f 1823//1823 1824//1824 1821//1821
f 1820//1820 1823//1823 1821//1821
f 1824//1824 1825//1825 1826//1826
f 1825//1825 1809//1809 1816//1816
f 1816//1816 1813//1813 1826//1826
f 1825//1825 1816//1816 1826//1826
f 1818//1818 1821//1821 1819//1819
f 1821//1821 1824//1824 1826//1826
f 1826//1826 1813//1813 1819//1819
f 1821//1821 1826//1826 1819//1819
f 1621//1621 1622//1622 1827//1827
f 1622//1622 1623//1623 1828//1828
f 1828//1828 1829//1829 1827//1827
f 1622//1622 1828//1828 1827//1827
f 1623//1623 1624//1624 1830//1830
f 1624//1624 1605//1605 1817//1817
f 1817//1817 1818//1818 1830//1830
f 1624//1624 1817//1817 1830//1830
f 1818//1818 1820//1820 1831//1831
f 1820//1820 1822//1822 1832//1832
f 1832//1832 1829//1829 1831//1831
f 1820//1820 1832//1832 1831//1831
f 1623//1623 1830//1830 1828//1828
f 1830//1830 1818//1818 1831//1831
f 1831//1831 1829//1829 1828//1828
f 1830//1830 1831//1831 1828//1828
f 1621//1621 1833//1833 1827//1827
f 1833//1833 1834//1834 1835//1835
f 1835//1835 1829//1829 1827//1827
f 1833//1833 1835//1835 1827//1827
f 1834//1834 1836//1836 1837//1837
f 1836//1836 1838//1838 1839//1839
f 1839//1839 1840//1840 1837//1837
f 1836//1836 1839//1839 1837//1837
f 1840//1840 1841//1841 1842//1842
f 1841//1841 1822//1822 1832//1832
f 1832//1832 1829//1829 1842//1842
f 1841//1841 1832//1832 1842//1842
f 1834//1834 1837//1837 1835//1835
f 1837//1837 1840//1840 1842//1842
f 1842//1842 1829//1829 1835//1835
f 1837//1837 1842//1842 1835//1835
f 1637//1637 1638//1638 1843//1843
f 1638//1638 1639//1639 1844//1844
f 1844//1844 1845//1845 1843//1843
f 1638//1638 1844//1844 1843//1843
f 1639//1639 1640//1640 1846//1846
f 1640//1640 1621//1621 1833//1833
f 1833//1833 1834//1834 1846//1846
f 1640//1640 1833//1833 1846//1846
f 1834//1834 1836//1836 1847//1847
f 1836//1836 1838//1838 1848//1848
f 1848//1848 1845//1845 1847//1847
f 1836//1836 1848//1848 1847//1847
f 1639//1639 1846//1846 1844//1844
f 1846//1846 1834//1834 1847//1847
f 1847//1847 1845//1845 1844//1844
f 1846//1846 1847//1847 1844//1844
f 1637//1637 1849//1849 1843//1843
f 1849//1849 1850//1850 1851//1851
f 1851//1851 1845//1845 1843//1843
f 1849//1849 1851//1851 1843//1843
f 1850//1850 1852//1852 1853//1853
f 1852//1852 1854//1854 1855//1855
f 1855//1855 1856//1856 1853//1853
f 1852//1852 1855//1855 1853//1853
f 1856//1856 1857//1857 1858//1858
f 1857//1857 1838//1838 1848//1848
f 1848//1848 1845//1845 1858//1858
f 1857//1857 1848//1848 1858//1858
f 1850//1850 1853//1853 1851//1851
f 1853//1853 1856//1856 1858//1858
f 1858//1858 1845//1845 1851//1851
f 1853//1853 1858//1858 1851//1851
f 1652//1652 1653//1653 1859//1859
f 1653//1653 1654//1654 1860//1860
f 1860//1860 1861//1861 1859//1859
f 1653//1653 1860//1860 1859//1859
f 1654//1654 1655//1655 1862//1862
f 1655//1655 1637//1637 1849//1849
f 1849//1849 1850//1850 1862//1862
f 1655//1655 1849//1849 1862//1862
f 1850//1850 1852//1852 1863//1863
f 1852//1852 1854//1854 1864//1864
f 1864//1864 1861//1861 1863//1863
f 1852//1852 1864//1864 1863//1863
f 1654//1654 1862//1862 1860//1860
f 1862//1862 1850//1850 1863//1863
f 1863//1863 1861//1861 1860//1860
f 1862//1862 1863//1863 1860//1860
f 1652//1652 1865//1865 1859//1859
f 1865//1865 1866//1866 1867//1867
f 1867//1867 1861//1861 1859//1859
f 1865//1865 1867//1867 1859//1859
f 1866//1866 1868//1868 1869//1869
f 1868//1868 1870//1870 1871//1871
f 1871//1871 1872//1872 1869//1869
f 1868//1868 1871//1871 1869//1869
f 1872//1872 1873//1873 1874//1874
f 1873//1873 1854//1854 1864//1864
f 1864//1864 1861//1861 1874//1874
f 1873//1873 1864//1864 1874//1874
f 1866//1866 1869//1869 1867//1867
f 1869//1869 1872//1872 1874//1874
f 1874//1874 1861//1861 1867//1867
f 1869//1869 1874//1874 1867//1867
f 1665//1665 1666//1666 1875//1875
f 1666//1666 1667//1667 1876//1876
f 1876//1876 1877//1877 1875//1875
f 1666//1666 1876//1876 1875//1875
f 1667//1667 1668//1668 1878//1878
f 1668//1668 1652//1652 1865//1865
f 1865//1865 1866//1866 1878//1878
f 1668//1668 1865//1865 1878//1878
f 1866//1866 1868//1868 1879//1879
f 1868//1868 1870//1870 1880//1880
f 1880//1880 1877//1877 1879//1879
f 1868//1868 1880//1880 1879//1879
f 1667//1667 1878//1878 1876//1876
f 1878//1878 1866//1866 1879//1879
f 1879//1879 1877//1877 1876//1876
f 1878//1878 1879//1879 1876//1876
f 1665//1665 1881//1881 1875//1875
f 1881//1881 1882//1882 1883//1883
f 1883//1883 1877//1877 1875//1875
f 1881//1881 1883//1883 1875//1875
f 1882//1882 1884//1884 1883//1883
f 1884//1884 1885//1885 1883//1883
f 1883//1883 1870//1870 1880//1880
f 1880//1880 1877//1877 1883//1883
f 1677//1677 1678//1678 1886//1886
f 1678//1678 1679//1679 1887//1887
f 1887//1887 1888//1888 1886//1886
f 1678//1678 1887//1887 1886//1886
f 1679//1679 1680//1680 1889//1889
f 1680//1680 1665//1665 1881//1881
f 1881//1881 1882//1882 1889//1889
f 1680//1680 1881//1881 1889//1889
f 1882//1882 1884//1884 1890//1890
f 1884//1884 1885//1885 1891//1891
f 1891//1891 1888//1888 1890//1890
f 1884//1884 1891//1891 1890//1890
f 1679//1679 1889//1889 1887//1887
f 1889//1889 1882//1882 1890//1890
f 1890//1890 1888//1888 1887//1887
f 1889//1889 1890//1890 1887//1887
f 1677//1677 1892//1892 1886//1886
f 1892//1892 1888//1888 1886//1886
f 1892//1892 1885//1885 1891//1891
f 1891//1891 1888//1888 1892//1892
f 1688//1688 1677//1677 1892//1892
f 1688//1688 1893//1893 1892//1892
f 1692//1692 1690//1690 1894//1894
f 1895//1895 1896//1896 1894//1894
f 1690//1690 1895//1895 1894//1894
f 1688//1688 1893//1893 1897//1897
f 1897//1897 1896//1896 1688//1688
f 1690//1690 1688//1688 1895//1895
f 1688//1688 1896//1896 1895//1895
f 1692//1692 1898//1898 1894//1894
f 1898//1898 1899//1899 1900//1900
f 1900//1900 1896//1896 1894//1894
f 1898//1898 1900//1900 1894//1894
f 1899//1899 1901//1901 1902//1902
f 1901//1901 1903//1903 1904//1904
f 1904//1904 1905//1905 1902//1902
f 1901//1901 1904//1904 1902//1902
f 1905//1905 1906//1906 1907//1907
f 1906//1906 1893//1893 1897//1897
f 1897//1897 1896//1896 1907//1907
f 1906//1906 1897//1897 1907//1907
f 1899//1899 1902//1902 1900//1900
f 1902//1902 1905//1905 1907//1907
f 1907//1907 1896//1896 1900//1900
f 1902//1902 1907//1907 1900//1900
f 1703//1703 1704//1704 1908//1908
f 1704//1704 1705//1705 1909//1909
f 1909//1909 1910//1910 1908//1908
f 1704//1704 1909//1909 1908//1908
f 1705//1705 1706//1706 1911//1911
f 1706//1706 1692//1692 1898//1898
f 1898//1898 1899//1899 1911//1911
f 1706//1706 1898//1898 1911//1911
f 1899//1899 1901//1901 1912//1912
f 1901//1901 1903//1903 1913//1913
f 1913//1913 1910//1910 1912//1912
f 1901//1901 1913//1913 1912//1912
f 1705//1705 1911//1911 1909//1909
f 1911//1911 1899//1899 1912//1912
f 1912//1912 1910//1910 1909//1909
f 1911//1911 1912//1912 1909//1909
f 1703//1703 1914//1914 1908//1908
f 1914//1914 1915//1915 1916//1916
f 1916//1916 1910//1910 1908//1908
f 1914//1914 1916//1916 1908//1908
f 1915//1915 1917//1917 1918//1918
f 1917//1917 1919//1919 1920//1920
f 1920//1920 1921//1921 1918//1918
f 1917//1917 1920//1920 1918//1918
f 1921//1921 1922//1922 1923//1923
f 1922//1922 1903//1903 1913//1913
f 1913//1913 1910//1910 1923//1923
f 1922//1922 1913//1913 1923//1923
f 1915//1915 1918//1918 1916//1916
f 1918//1918 1921//1921 1923//1923
f 1923//1923 1910//1910 1916//1916
f 1918//1918 1923//1923 1916//1916
f 1717//1717 1718//1718 1924//1924
f 1718//1718 1719//1719 1925//1925
f 1925//1925 1926//1926 1924//1924
f 1718//1718 1925//1925 1924//1924
f 1719//1719 1720//1720 1927//1927
f 1720//1720 1703//1703 1914//1914
f 1914//1914 1915//1915 1927//1927
f 1720//1720 1914//1914 1927//1927
f 1915//1915 1917//1917 1928//1928
f 1917//1917 1919//1919 1929//1929
f 1929//1929 1926//1926 1928//1928
f 1917//1917 1929//1929 1928//1928
f 1719//1719 1927//1927 1925//1925
f 1927//1927 1915//1915 1928//1928
f 1928//1928 1926//1926 1925//1925
f 1927//1927 1928//1928 1925//1925
f 1717//1717 1930//1930 1924//1924
f 1930//1930 1931//1931 1932//1932
f 1932//1932 1926//1926 1924//1924
f 1930//1930 1932//1932 1924//1924
f 1931//1931 1933//1933 1934//1934
f 1933//1933 1935//1935 1936//1936
f 1936//1936 1937//1937 1934//1934
f 1933//1933 1936//1936 1934//1934
f 1937//1937 1938//1938 1939//1939
f 1938//1938 1919//1919 1929//1929
f 1929//1929 1926//1926 1939//1939
f 1938//1938 1929//1929 1939//1939
f 1931//1931 1934//1934 1932//1932
f 1934//1934 1937//1937 1939//1939
f 1939//1939 1926//1926 1932//1932
f 1934//1934 1939//1939 1932//1932
f 1731//1731 1732//1732 1940//1940
f 1732//1732 1733//1733 1941//1941
f 1941//1941 1942//1942 1940//1940
f 1732//1732 1941//1941 1940//1940
f 1733//1733 1734//1734 1943//1943
f 1734//1734 1717//1717 1930//1930
f 1930//1930 1931//1931 1943//1943
f 1734//1734 1930//1930 1943//1943
f 1931//1931 1933//1933 1944//1944
f 1933//1933 1935//1935 1945//1945
f 1945//1945 1942//1942 1944//1944
f 1933//1933 1945//1945 1944//1944
f 1733//1733 1943//1943 1941//1941
f 1943//1943 1931//1931 1944//1944
f 1944//1944 1942//1942 1941//1941
f 1943//1943 1944//1944 1941//1941
f 1731//1731 1946//1946 1940//1940
f 1946//1946 1947//1947 1948//1948
f 1948//1948 1942//1942 1940//1940
f 1946//1946 1948//1948 1940//1940
f 1947//1947 1949//1949 1950//1950
f 1949//1949 1951//1951 1952//1952
f 1952//1952 1953//1953 1950//1950
f 1949//1949 1952//1952 1950//1950
f 1953//1953 1954//1954 1955//1955
f 1954//1954 1935//1935 1945//1945
f 1945//1945 1942//1942 1955//1955
f 1954//1954 1945//1945 1955//1955
f 1947//1947 1950//1950 1948//1948
f 1950//1950 1953//1953 1955//1955
f 1955//1955 1942//1942 1948//1948
f 1950//1950 1955//1955 1948//1948
f 1747//1747 1748//1748 1956//1956
f 1748//1748 1749//1749 1957//1957
f 1957//1957 1958//1958 1956//1956
f 1748//1748 1957//1957 1956//1956
f 1749//1749 1750//1750 1959//1959
f 1750//1750 1731//1731 1946//1946
f 1946//1946 1947//1947 1959//1959
f 1750//1750 1946//1946 1959//1959
f 1947//1947 1949//1949 1960//1960
f 1949//1949 1951//1951 1961//1961
f 1961//1961 1958//1958 1960//1960
f 1949//1949 1961//1961 1960//1960
f 1749//1749 1959//1959 1957//1957
f 1959//1959 1947//1947 1960//1960
f 1960//1960 1958//1958 1957//1957
f 1959//1959 1960//1960 1957//1957
f 1747//1747 1962//1962 1956//1956
f 1962//1962 1963//1963 1964//1964
f 1964//1964 1958//1958 1956//1956
f 1962//1962 1964//1964 1956//1956
f 1963//1963 1965//1965 1966//1966
f 1965//1965 1967//1967 1968//1968
f 1965//1965 1968//1968 1966//1966
f 1968//1968 1969//1969 1970//1970
f 1969//1969 1951//1951 1961//1961
f 1961//1961 1958//1958 1970//1970
f 1969//1969 1961//1961 1970//1970
f 1963//1963 1966//1966 1964//1964
f 1966//1966 1968//1968 1970//1970
f 1970//1970 1958//1958 1964//1964
f 1966//1966 1970//1970 1964//1964
f 1763//1763 1764//1764 1971//1971
f 1764//1764 1765//1765 1972//1972
f 1972//1972 1973//1973 1971//1971
f 1764//1764 1972//1972 1971//1971
f 1765//1765 1766//1766 1974//1974
f 1766//1766 1747//1747 1962//1962
f 1962//1962 1963//1963 1974//1974
f 1766//1766 1962//1962 1974//1974
f 1963//1963 1965//1965 1975//1975
f 1965//1965 1967//1967 1976//1976
f 1976//1976 1973//1973 1975//1975
f 1965//1965 1976//1976 1975//1975
f 1765//1765 1974//1974 1972//1972
f 1974//1974 1963//1963 1975//1975
f 1975//1975 1973//1973 1972//1972
f 1974//1974 1975//1975 1972//1972
f 1763//1763 1977//1977 1971//1971
f 1977//1977 1978//1978 1979//1979
f 1979//1979 1973//1973 1971//1971
f 1977//1977 1979//1979 1971//1971
f 1978//1978 1980//1980 1981//1981
f 1980//1980 1789//1789 1982//1982
f 1982//1982 1983//1983 1981//1981
f 1980//1980 1982//1982 1981//1981
f 1983//1983 1984//1984 1985//1985
f 1984//1984 1967//1967 1976//1976
f 1976//1976 1973//1973 1985//1985
f 1984//1984 1976//1976 1985//1985
f 1978//1978 1981//1981 1979//1979
f 1981//1981 1983//1983 1985//1985
f 1985//1985 1973//1973 1979//1979
f 1981//1981 1985//1985 1979//1979
f 1525//1525 1775//1775 1781//1781
f 1775//1775 1776//1776 1783//1783
f 1775//1775 1783//1783 1781//1781
f 1776//1776 1777//1777 1986//1986
f 1777//1777 1763//1763 1977//1977
f 1977//1977 1978//1978 1986//1986
f 1777//1777 1977//1977 1986//1986
f 1978//1978 1980//1980 1987//1987
f 1980//1980 1789//1789 1783//1783
f 1980//1980 1783//1783 1987//1987
f 1776//1776 1986//1986 1783//1783
f 1986//1986 1978//1978 1987//1987
f 1986//1986 1987//1987 1783//1783
f 1789//1789 1988//1988 1989//1989
f 1988//1988 1990//1990 1989//1989
f 1991//1991 1990//1990 1988//1988
f 1785//1785 1786//1786 1988//1988
f 1786//1786 1787//1787 1992//1992
f 1786//1786 1992//1992 1988//1988
f 1787//1787 1788//1788 1988//1988
f 1788//1788 1789//1789 1988//1988
f 1787//1787 1988//1988 1992//1992
f 1785//1785 1993//1993 1988//1988
f 1993//1993 1994//1994 1988//1988
f 1791//1791 1785//1785 1993//1993
f 1993//1993 1994//1994 1791//1791
f 1791//1791 1995//1995 1996//1996
f 1996//1996 1997//1997 1791//1791
f 1997//1997 1998//1998 1791//1791
f 1998//1998 1994//1994 1791//1791
f 1791//1791 1995//1995 1792//1792
f 1999//1999 1995//1995 1792//1792
f 1793//1793 1792//1792 1999//1999
f 1793//1793 2000//2000 1999//1999
f 1797//1797 1793//1793 2001//2001
f 1793//1793 2000//2000 2001//2001
f 1797//1797 2002//2002 2001//2001
f 2002//2002 2003//2003 2001//2001
f 2004//2004 2000//2000 2001//2001
f 2004//2004 2001//2001 2005//2005
f 2003//2003 2005//2005 2001//2001
f 1800//1800 1797//1797 2002//2002
f 2002//2002 2003//2003 2006//2006
f 1800//1800 2002//2002 2006//2006
f 2003//2003 2005//2005 2007//2007
f 2005//2005 1800//1800 2007//2007
f 1800//1800 2006//2006 2008//2008
f 2006//2006 2003//2003 2007//2007
f 2007//2007 1800//1800 2008//2008
f 2006//2006 2007//2007 2008//2008
f 2009//2009 2005//2005 1800//1800
f 1809//1809 1800//1800 2009//2009
f 1809//1809 2010//2010 2009//2009
f 2010//2010 2011//2011 2009//2009
f 2011//2011 2012//2012 2009//2009
f 2012//2012 2013//2013 2009//2009
f 1822//1822 1823//1823 2014//2014
f 1823//1823 1824//1824 2015//2015
f 2015//2015 2016//2016 2014//2014
f 1823//1823 2015//2015 2014//2014
f 1824//1824 1825//1825 2017//2017
f 1825//1825 1809//1809 2010//2010
f 2010//2010 2011//2011 2017//2017
f 1825//1825 2010//2010 2017//2017
f 2011//2011 2012//2012 2018//2018
f 2012//2012 2013//2013 2019//2019
f 2019//2019 2016//2016 2018//2018
f 2012//2012 2019//2019 2018//2018
f 1824//1824 2017//2017 2015//2015
f 2017//2017 2011//2011 2018//2018
f 2018//2018 2016//2016 2015//2015
f 2017//2017 2018//2018 2015//2015
f 1822//1822 2020//2020 2014//2014
f 2020//2020 2021//2021 2022//2022
f 2022//2022 2016//2016 2014//2014
f 2020//2020 2022//2022 2014//2014
f 2021//2021 2023//2023 2024//2024
f 2023//2023 2025//2025 2026//2026
f 2026//2026 2027//2027 2024//2024
f 2023//2023 2026//2026 2024//2024
f 2027//2027 2028//2028 2029//2029
f 2028//2028 2013//2013 2019//2019
f 2019//2019 2016//2016 2029//2029
f 2028//2028 2019//2019 2029//2029
f 2021//2021 2024//2024 2022//2022
f 2024//2024 2027//2027 2029//2029
f 2029//2029 2016//2016 2022//2022
f 2024//2024 2029//2029 2022//2022
f 1838//1838 1839//1839 2030//2030
f 1839//1839 1840//1840 2031//2031
f 2031//2031 2032//2032 2030//2030
f 1839//1839 2031//2031 2030//2030
f 1840//1840 1841//1841 2033//2033
f 1841//1841 1822//1822 2020//2020
f 2020//2020 2021//2021 2033//2033
f 1841//1841 2020//2020 2033//2033
f 2021//2021 2023//2023 2034//2034
f 2023//2023 2025//2025 2035//2035
f 2035//2035 2032//2032 2034//2034
f 2023//2023 2035//2035 2034//2034
f 1840//1840 2033//2033 2031//2031
f 2033//2033 2021//2021 2034//2034
f 2034//2034 2032//2032 2031//2031
f 2033//2033 2034//2034 2031//2031
f 1838//1838 2036//2036 2030//2030
f 2036//2036 2037//2037 2038//2038
f 2038//2038 2032//2032 2030//2030
f 2036//2036 2038//2038 2030//2030
f 2037//2037 2039//2039 2040//2040
f 2039//2039 2041//2041 2042//2042
f 2042//2042 2043//2043 2040//2040
f 2039//2039 2042//2042 2040//2040
f 2043//2043 2044//2044 2045//2045
f 2044//2044 2025//2025 2035//2035
f 2035//2035 2032//2032 2045//2045
f 2044//2044 2035//2035 2045//2045
f 2037//2037 2040//2040 2038//2038
f 2040//2040 2043//2043 2045//2045
f 2045//2045 2032//2032 2038//2038
f 2040//2040 2045//2045 2038//2038
f 1854//1854 1855//1855 2046//2046
f 1855//1855 1856//1856 2047//2047
f 2047//2047 2048//2048 2046//2046
f 1855//1855 2047//2047 2046//2046
f 1856//1856 1857//1857 2049//2049
f 1857//1857 1838//1838 2036//2036
f 2036//2036 2037//2037 2049//2049
f 1857//1857 2036//2036 2049//2049
f 2037//2037 2039//2039 2050//2050
f 2039//2039 2041//2041 2051//2051
f 2051//2051 2048//2048 2050//2050
f 2039//2039 2051//2051 2050//2050
f 1856//1856 2049//2049 2047//2047
f 2049//2049 2037//2037 2050//2050
f 2050//2050 2048//2048 2047//2047
f 2049//2049 2050//2050 2047//2047
f 1854//1854 2052//2052 2046//2046
f 2052//2052 2053//2053 2054//2054
f 2054//2054 2048//2048 2046//2046
f 2052//2052 2054//2054 2046//2046
f 2053//2053 2055//2055 2056//2056
f 2055//2055 2057//2057 2058//2058
f 2058//2058 2059//2059 2056//2056
f 2055//2055 2058//2058 2056//2056
f 2059//2059 2060//2060 2061//2061
f 2060//2060 2041//2041 2051//2051
f 2051//2051 2048//2048 2061//2061
f 2060//2060 2051//2051 2061//2061
f 2053//2053 2056//2056 2054//2054
f 2056//2056 2059//2059 2061//2061
f 2061//2061 2048//2048 2054//2054
f 2056//2056 2061//2061 2054//2054
f 1870//1870 1871//1871 2062//2062
f 1871//1871 1872//1872 2063//2063
f 2063//2063 2064//2064 2062//2062
f 1871//1871 2063//2063 2062//2062
f 1872//1872 1873//1873 2065//2065
f 1873//1873 1854//1854 2052//2052
f 2052//2052 2053//2053 2065//2065
f 1873//1873 2052//2052 2065//2065
f 2053//2053 2055//2055 2066//2066
f 2055//2055 2057//2057 2067//2067
f 2067//2067 2064//2064 2066//2066
f 2055//2055 2067//2067 2066//2066
f 1872//1872 2065//2065 2063//2063
f 2065//2065 2053//2053 2066//2066
f 2066//2066 2064//2064 2063//2063
f 2065//2065 2066//2066 2063//2063
f 1870//1870 2068//2068 2062//2062
f 2068//2068 2069//2069 2070//2070
f 2070//2070 2064//2064 2062//2062
f 2068//2068 2070//2070 2062//2062
f 2069//2069 2071//2071 2072//2072
f 2071//2071 2073//2073 2074//2074
f 2074//2074 2075//2075 2072//2072
f 2071//2071 2074//2074 2072//2072
f 2075//2075 2076//2076 2077//2077
f 2076//2076 2057//2057 2067//2067
f 2067//2067 2064//2064 2077//2077
f 2076//2076 2067//2067 2077//2077
f 2069//2069 2072//2072 2070//2070
f 2072//2072 2075//2075 2077//2077
f 2077//2077 2064//2064 2070//2070
f 2072//2072 2077//2077 2070//2070
f 1885//1885 1883//1883 2078//2078
f 1883//1883 2079//2079 2078//2078
f 1883//1883 1870//1870 2068//2068
f 2068//2068 2069//2069 1883//1883
f 2069//2069 2071//2071 1883//1883
f 2071//2071 2073//2073 2080//2080
f 2080//2080 2079//2079 1883//1883
f 2071//2071 2080//2080 1883//1883
f 1885//1885 2081//2081 2078//2078
f 2081//2081 2082//2082 2083//2083
f 2083//2083 2079//2079 2078//2078
f 2081//2081 2083//2083 2078//2078
f 2082//2082 2084//2084 2085//2085
f 2084//2084 2086//2086 2087//2087
f 2087//2087 2088//2088 2085//2085
f 2084//2084 2087//2087 2085//2085
f 2088//2088 2089//2089 2090//2090
f 2089//2089 2073//2073 2080//2080
f 2080//2080 2079//2079 2090//2090
f 2089//2089 2080//2080 2090//2090
f 2082//2082 2085//2085 2083//2083
f 2085//2085 2088//2088 2090//2090
f 2090//2090 2079//2079 2083//2083
f 2085//2085 2090//2090 2083//2083
f 1892//1892 1885//1885 2081//2081
f 2081//2081 2082//2082 1892//1892
f 2082//2082 2084//2084 1892//1892
f 2084//2084 2086//2086 1892//1892
f 1892//1892 2091//2091 2092//2092
f 2092//2092 2093//2093 1892//1892
f 2093//2093 2094//2094 1892//1892
f 2094//2094 2086//2086 1892//1892
f 1893//1893 1892//1892 2095//2095
f 1892//1892 2096//2096 2095//2095
f 1892//1892 2091//2091 2097//2097
f 2097//2097 2096//2096 1892//1892
f 1893//1893 2098//2098 2095//2095
f 2098//2098 2099//2099 2100//2100
f 2100//2100 2096//2096 2095//2095
f 2098//2098 2100//2100 2095//2095
f 2099//2099 2101//2101 2102//2102
f 2101//2101 2103//2103 2104//2104
f 2104//2104 2105//2105 2102//2102
f 2101//2101 2104//2104 2102//2102
f 2105//2105 2106//2106 2107//2107
f 2106//2106 2091//2091 2097//2097
f 2097//2097 2096//2096 2107//2107
f 2106//2106 2097//2097 2107//2107
f 2099//2099 2102//2102 2100//2100
f 2102//2102 2105//2105 2107//2107
f 2107//2107 2096//2096 2100//2100
f 2102//2102 2107//2107 2100//2100
f 1903//1903 1904//1904 2108//2108
f 1904//1904 1905//1905 2109//2109
f 2109//2109 2110//2110 2108//2108
f 1904//1904 2109//2109 2108//2108
f 1905//1905 1906//1906 2111//2111
f 1906//1906 1893//1893 2098//2098
f 2098//2098 2099//2099 2111//2111
f 1906//1906 2098//2098 2111//2111
f 2099//2099 2101//2101 2112//2112
f 2101//2101 2103//2103 2113//2113
f 2113//2113 2110//2110 2112//2112
f 2101//2101 2113//2113 2112//2112
f 1905//1905 2111//2111 2109//2109
f 2111//2111 2099//2099 2112//2112
f 2112//2112 2110//2110 2109//2109
f 2111//2111 2112//2112 2109//2109
f 1903//1903 2114//2114 2108//2108
f 2114//2114 2115//2115 2116//2116
f 2116//2116 2110//2110 2108//2108
f 2114//2114 2116//2116 2108//2108
f 2115//2115 2117//2117 2118//2118
f 2117//2117 2119//2119 2120//2120
f 2120//2120 2121//2121 2118//2118
f 2117//2117 2120//2120 2118//2118
f 2121//2121 2122//2122 2123//2123
f 2122//2122 2103//2103 2113//2113
f 2113//2113 2110//2110 2123//2123
f 2122//2122 2113//2113 2123//2123
f 2115//2115 2118//2118 2116//2116
f 2118//2118 2121//2121 2123//2123
f 2123//2123 2110//2110 2116//2116
f 2118//2118 2123//2123 2116//2116
f 1919//1919 1920//1920 2124//2124
f 1920//1920 1921//1921 2125//2125
f 2125//2125 2126//2126 2124//2124
f 1920//1920 2125//2125 2124//2124
f 1921//1921 1922//1922 2127//2127
f 1922//1922 1903//1903 2114//2114
f 2114//2114 2115//2115 2127//2127
f 1922//1922 2114//2114 2127//2127
f 2115//2115 2117//2117 2128//2128
f 2117//2117 2119//2119 2129//2129
f 2129//2129 2126//2126 2128//2128
f 2117//2117 2129//2129 2128//2128
f 1921//1921 2127//2127 2125//2125
f 2127//2127 2115//2115 2128//2128
f 2128//2128 2126//2126 2125//2125
f 2127//2127 2128//2128 2125//2125
f 1919//1919 2130//2130 2124//2124
f 2130//2130 2131//2131 2132//2132
f 2132//2132 2126//2126 2124//2124
f 2130//2130 2132//2132 2124//2124
f 2131//2131 2133//2133 2134//2134
f 2133//2133 2135//2135 2136//2136
f 2136//2136 2137//2137 2134//2134
f 2133//2133 2136//2136 2134//2134
f 2137//2137 2138//2138 2139//2139
f 2138//2138 2119//2119 2129//2129
f 2129//2129 2126//2126 2139//2139
f 2138//2138 2129//2129 2139//2139
f 2131//2131 2134//2134 2132//2132
f 2134//2134 2137//2137 2139//2139
f 2139//2139 2126//2126 2132//2132
f 2134//2134 2139//2139 2132//2132
f 1935//1935 1936//1936 2140//2140
f 1936//1936 1937//1937 2141//2141
f 2141//2141 2142//2142 2140//2140
f 1936//1936 2141//2141 2140//2140
f 1937//1937 1938//1938 2143//2143
f 1938//1938 1919//1919 2130//2130
f 2130//2130 2131//2131 2143//2143
f 1938//1938 2130//2130 2143//2143
f 2131//2131 2133//2133 2144//2144
f 2133//2133 2135//2135 2145//2145
f 2145//2145 2142//2142 2144//2144
f 2133//2133 2145//2145 2144//2144
f 1937//1937 2143//2143 2141//2141
f 2143//2143 2131//2131 2144//2144
f 2144//2144 2142//2142 2141//2141
f 2143//2143 2144//2144 2141//2141
f 1935//1935 2146//2146 2140//2140
f 2146//2146 2147//2147 2148//2148
f 2148//2148 2142//2142 2140//2140
f 2146//2146 2148//2148 2140//2140
f 2147//2147 2149//2149 2150//2150
f 2149//2149 2151//2151 2152//2152
f 2152//2152 2153//2153 2150//2150
f 2149//2149 2152//2152 2150//2150
f 2153//2153 2154//2154 2155//2155
f 2154//2154 2135//2135 2145//2145
f 2145//2145 2142//2142 2155//2155
f 2154//2154 2145//2145 2155//2155
f 2147//2147 2150//2150 2148//2148
f 2150//2150 2153//2153 2155//2155
f 2155//2155 2142//2142 2148//2148
f 2150//2150 2155//2155 2148//2148
f 1951//1951 1952//1952 2156//2156
f 1952//1952 1953//1953 2157//2157
f 2157//2157 2158//2158 2156//2156
f 1952//1952 2157//2157 2156//2156
f 1953//1953 1954//1954 2159//2159
f 1954//1954 1935//1935 2146//2146
f 2146//2146 2147//2147 2159//2159
f 1954//1954 2146//2146 2159//2159
f 2147//2147 2149//2149 2160//2160
f 2149//2149 2151//2151 2161//2161
f 2161//2161 2158//2158 2160//2160
f 2149//2149 2161//2161 2160//2160
f 1953//1953 2159//2159 2157//2157
f 2159//2159 2147//2147 2160//2160
f 2160//2160 2158//2158 2157//2157
f 2159//2159 2160//2160 2157//2157
f 1951//1951 2162//2162 2156//2156
f 2162//2162 2158//2158 2156//2156
f 2162//2162 2163//2163 2164//2164
f 2164//2164 2165//2165 2162//2162
f 2165//2165 2166//2166 2162//2162
f 2166//2166 2151//2151 2161//2161
f 2161//2161 2158//2158 2162//2162
f 2166//2166 2161//2161 2162//2162
f 1967//1967 1968//1968 2167//2167
f 2162//2162 2168//2168 2167//2167
f 1968//1968 2162//2162 2167//2167
f 1968//1968 1969//1969 2162//2162
f 1969//1969 1951//1951 2162//2162
f 2162//2162 2163//2163 2169//2169
f 2169//2169 2168//2168 2162//2162
f 1967//1967 2170//2170 2167//2167
f 2170//2170 2171//2171 2172//2172
f 2172//2172 2168//2168 2167//2167
f 2170//2170 2172//2172 2167//2167
f 2171//2171 2173//2173 2172//2172
f 2173//2173 1991//1991 2172//2172
f 2172//2172 2163//2163 2169//2169
f 2169//2169 2168//2168 2172//2172
f 1789//1789 1982//1982 1989//1989
f 1982//1982 1983//1983 2174//2174
f 2174//2174 1990//1990 1989//1989
f 1982//1982 2174//2174 1989//1989
f 1983//1983 1984//1984 2175//2175
f 1984//1984 1967//1967 2170//2170
f 2170//2170 2171//2171 2175//2175
f 1984//1984 2170//2170 2175//2175
f 2171//2171 2173//2173 2176//2176
f 1991//1991 1990//1990 2176//2176
f 2173//2173 1991//1991 2176//2176
f 1983//1983 2175//2175 2174//2174
f 2175//2175 2171//2171 2176//2176
f 2176//2176 1990//1990 2174//2174
f 2175//2175 2176//2176 2174//2174
f 1991//1991 2177//2177 2178//2178
f 2177//2177 2179//2179 2180//2180
f 2180//2180 2181//2181 2178//2178
f 2177//2177 2180//2180 2178//2178
f 2179//2179 2182//2182 2180//2180
f 2182//2182 2183//2183 2180//2180
f 2184//2184 2181//2181 2180//2180
f 1988//1988 1991//1991 2177//2177
f 2177//2177 2179//2179 1988//1988
f 2179//2179 2182//2182 1988//1988
f 2182//2182 2183//2183 1988//1988
f 2185//2185 2183//2183 1988//1988
f 1994//1994 1988//1988 2185//2185
f 1994//1994 2186//2186 2185//2185
f 2186//2186 2187//2187 2185//2185
f 2187//2187 2188//2188 2185//2185
f 2188//2188 2189//2189 2185//2185
f 1995//1995 1996//1996 2190//2190
f 1996//1996 1997//1997 2191//2191
f 1996//1996 2191//2191 2190//2190
f 1997//1997 1998//1998 2191//2191
f 1998//1998 1994//1994 2186//2186
f 2186//2186 2187//2187 2191//2191
f 1998//1998 2186//2186 2191//2191
f 2187//2187 2188//2188 2191//2191
f 2188//2188 2189//2189 2192//2192
f 2188//2188 2192//2192 2191//2191
f 1995//1995 2193//2193 2190//2190
f 2193//2193 2191//2191 2190//2190
f 2193//2193 2189//2189 2192//2192
f 2192//2192 2191//2191 2193//2193
f 1999//1999 1995//1995 2193//2193
f 1999//1999 2194//2194 2193//2193
f 2000//2000 1999//1999 2194//2194
f 2000//2000 2195//2195 2194//2194
f 2195//2195 2196//2196 2197//2197
f 2195//2195 2197//2197 2194//2194
f 2196//2196 2198//2198 2199//2199
f 2198//2198 2200//2200 2194//2194
f 2198//2198 2194//2194 2199//2199
f 2196//2196 2199//2199 2197//2197
f 2199//2199 2194//2194 2197//2197
f 2005//2005 2004//2004 2201//2201
f 2004//2004 2000//2000 2195//2195
f 2195//2195 2196//2196 2201//2201
f 2004//2004 2195//2195 2201//2201
f 2198//2198 2200//2200 2005//2005
f 2198//2198 2005//2005 2196//2196
f 2201//2201 2196//2196 2005//2005
f 2202//2202 2203//2203 2005//2005
f 2202//2202 2204//2204 2203//2203
f 2203//2203 2200//2200 2005//2005
f 2009//2009 2005//2005 2202//2202
f 2202//2202 2204//2204 2009//2009
f 2009//2009 2205//2205 2206//2206
f 2206//2206 2207//2207 2009//2009
f 2207//2207 2208//2208 2009//2009
f 2208//2208 2204//2204 2009//2009
f 2013//2013 2009//2009 2209//2209
f 2009//2009 2210//2210 2209//2209
f 2009//2009 2205//2205 2211//2211
f 2211//2211 2210//2210 2009//2009
f 2013//2013 2212//2212 2209//2209
f 2212//2212 2213//2213 2214//2214
f 2214//2214 2210//2210 2209//2209
f 2212//2212 2214//2214 2209//2209
f 2213//2213 2215//2215 2216//2216
f 2215//2215 2217//2217 2218//2218
f 2218//2218 2219//2219 2216//2216
f 2215//2215 2218//2218 2216//2216
f 2219//2219 2220//2220 2221//2221
f 2220//2220 2205//2205 2211//2211
f 2211//2211 2210//2210 2221//2221
f 2220//2220 2211//2211 2221//2221
f 2213//2213 2216//2216 2214//2214
f 2216//2216 2219//2219 2221//2221
f 2221//2221 2210//2210 2214//2214
f 2216//2216 2221//2221 2214//2214
f 2025//2025 2026//2026 2222//2222
f 2026//2026 2027//2027 2223//2223
f 2223//2223 2224//2224 2222//2222
f 2026//2026 2223//2223 2222//2222
f 2027//2027 2028//2028 2225//2225
f 2028//2028 2013//2013 2212//2212
f 2212//2212 2213//2213 2225//2225
f 2028//2028 2212//2212 2225//2225
f 2213//2213 2215//2215 2226//2226
f 2215//2215 2217//2217 2227//2227
f 2227//2227 2224//2224 2226//2226
f 2215//2215 2227//2227 2226//2226
f 2027//2027 2225//2225 2223//2223
f 2225//2225 2213//2213 2226//2226
f 2226//2226 2224//2224 2223//2223
f 2225//2225 2226//2226 2223//2223
f 2025//2025 2228//2228 2222//2222
f 2228//2228 2229//2229 2230//2230
f 2230//2230 2224//2224 2222//2222
f 2228//2228 2230//2230 2222//2222
f 2229//2229 2231//2231 2232//2232
f 2231//2231 2233//2233 2234//2234
f 2234//2234 2235//2235 2232//2232
f 2231//2231 2234//2234 2232//2232
f 2235//2235 2236//2236 2237//2237
f 2236//2236 2217//2217 2227//2227
f 2227//2227 2224//2224 2237//2237
f 2236//2236 2227//2227 2237//2237
f 2229//2229 2232//2232 2230//2230
f 2232//2232 2235//2235 2237//2237
f 2237//2237 2224//2224 2230//2230
f 2232//2232 2237//2237 2230//2230
f 2041//2041 2042//2042 2238//2238
f 2042//2042 2043//2043 2239//2239
f 2239//2239 2240//2240 2238//2238
f 2042//2042 2239//2239 2238//2238
f 2043//2043 2044//2044 2241//2241
f 2044//2044 2025//2025 2228//2228
f 2228//2228 2229//2229 2241//2241
f 2044//2044 2228//2228 2241//2241
f 2229//2229 2231//2231 2242//2242
f 2231//2231 2233//2233 2243//2243
f 2243//2243 2240//2240 2242//2242
f 2231//2231 2243//2243 2242//2242
f 2043//2043 2241//2241 2239//2239
f 2241//2241 2229//2229 2242//2242
f 2242//2242 2240//2240 2239//2239
f 2241//2241 2242//2242 2239//2239
f 2041//2041 2244//2244 2238//2238
f 2244//2244 2245//2245 2246//2246
f 2246//2246 2240//2240 2238//2238
f 2244//2244 2246//2246 2238//2238
f 2245//2245 2247//2247 2248//2248
f 2247//2247 2249//2249 2250//2250
f 2250//2250 2251//2251 2248//2248
f 2247//2247 2250//2250 2248//2248
f 2251//2251 2252//2252 2253//2253
f 2252//2252 2233//2233 2243//2243
f 2243//2243 2240//2240 2253//2253
f 2252//2252 2243//2243 2253//2253
f 2245//2245 2248//2248 2246//2246
f 2248//2248 2251//2251 2253//2253
f 2253//2253 2240//2240 2246//2246
f 2248//2248 2253//2253 2246//2246
f 2057//2057 2058//2058 2254//2254
f 2058//2058 2059//2059 2255//2255
f 2255//2255 2256//2256 2254//2254
f 2058//2058 2255//2255 2254//2254
f 2059//2059 2060//2060 2257//2257
f 2060//2060 2041//2041 2244//2244
f 2244//2244 2245//2245 2257//2257
f 2060//2060 2244//2244 2257//2257
f 2245//2245 2247//2247 2258//2258
f 2247//2247 2249//2249 2259//2259
f 2259//2259 2256//2256 2258//2258
f 2247//2247 2259//2259 2258//2258
f 2059//2059 2257//2257 2255//2255
f 2257//2257 2245//2245 2258//2258
f 2258//2258 2256//2256 2255//2255
f 2257//2257 2258//2258 2255//2255
f 2057//2057 2260//2260 2254//2254
f 2260//2260 2261//2261 2262//2262
f 2262//2262 2256//2256 2254//2254
f 2260//2260 2262//2262 2254//2254
f 2261//2261 2263//2263 2264//2264
f 2263//2263 2265//2265 2266//2266
f 2266//2266 2267//2267 2264//2264
f 2263//2263 2266//2266 2264//2264
f 2267//2267 2268//2268 2269//2269
f 2268//2268 2249//2249 2259//2259
f 2259//2259 2256//2256 2269//2269
f 2268//2268 2259//2259 2269//2269
f 2261//2261 2264//2264 2262//2262
f 2264//2264 2267//2267 2269//2269
f 2269//2269 2256//2256 2262//2262
f 2264//2264 2269//2269 2262//2262
f 2073//2073 2074//2074 2270//2270
f 2074//2074 2075//2075 2271//2271
f 2271//2271 2272//2272 2270//2270
f 2074//2074 2271//2271 2270//2270
f 2075//2075 2076//2076 2273//2273
f 2076//2076 2057//2057 2260//2260
f 2260//2260 2261//2261 2273//2273
f 2076//2076 2260//2260 2273//2273
f 2261//2261 2263//2263 2274//2274
f 2263//2263 2265//2265 2275//2275
f 2275//2275 2272//2272 2274//2274
f 2263//2263 2275//2275 2274//2274
f 2075//2075 2273//2273 2271//2271
f 2273//2273 2261//2261 2274//2274
f 2274//2274 2272//2272 2271//2271
f 2273//2273 2274//2274 2271//2271
f 2073//2073 2276//2276 2270//2270
f 2276//2276 2277//2277 2278//2278
f 2278//2278 2272//2272 2270//2270
f 2276//2276 2278//2278 2270//2270
f 2277//2277 2279//2279 2280//2280
f 2279//2279 2281//2281 2282//2282
f 2282//2282 2283//2283 2280//2280
f 2279//2279 2282//2282 2280//2280
f 2283//2283 2284//2284 2285//2285
f 2284//2284 2265//2265 2275//2275
f 2275//2275 2272//2272 2285//2285
f 2284//2284 2275//2275 2285//2285
f 2277//2277 2280//2280 2278//2278
f 2280//2280 2283//2283 2285//2285
f 2285//2285 2272//2272 2278//2278
f 2280//2280 2285//2285 2278//2278
f 2086//2086 2087//2087 2286//2286
f 2087//2087 2088//2088 2287//2287
f 2287//2287 2288//2288 2286//2286
f 2087//2087 2287//2287 2286//2286
f 2088//2088 2089//2089 2289//2289
f 2089//2089 2073//2073 2276//2276
f 2276//2276 2277//2277 2289//2289
f 2089//2089 2276//2276 2289//2289
f 2277//2277 2279//2279 2290//2290
f 2279//2279 2281//2281 2291//2291
f 2291//2291 2288//2288 2290//2290
f 2279//2279 2291//2291 2290//2290
f 2088//2088 2289//2289 2287//2287
f 2289//2289 2277//2277 2290//2290
f 2290//2290 2288//2288 2287//2287
f 2289//2289 2290//2290 2287//2287
f 2086//2086 2292//2292 2286//2286
f 2292//2292 2293//2293 2294//2294
f 2294//2294 2288//2288 2286//2286
f 2292//2292 2294//2294 2286//2286
f 2293//2293 2295//2295 2296//2296
f 2295//2295 2297//2297 2298//2298
f 2298//2298 2299//2299 2296//2296
f 2295//2295 2298//2298 2296//2296
f 2299//2299 2300//2300 2301//2301
f 2300//2300 2281//2281 2291//2291
f 2291//2291 2288//2288 2301//2301
f 2300//2300 2291//2291 2301//2301
f 2293//2293 2296//2296 2294//2294
f 2296//2296 2299//2299 2301//2301
f 2301//2301 2288//2288 2294//2294
f 2296//2296 2301//2301 2294//2294
f 2091//2091 2092//2092 2302//2302
f 2092//2092 2093//2093 2303//2303
f 2303//2303 2304//2304 2302//2302
f 2092//2092 2303//2303 2302//2302
f 2093//2093 2094//2094 2305//2305
f 2094//2094 2086//2086 2292//2292
f 2292//2292 2293//2293 2305//2305
f 2094//2094 2292//2292 2305//2305
f 2293//2293 2295//2295 2306//2306
f 2295//2295 2297//2297 2306//2306
f 2093//2093 2305//2305 2303//2303
f 2305//2305 2293//2293 2306//2306
f 2306//2306 2304//2304 2303//2303
f 2305//2305 2306//2306 2303//2303
f 2091//2091 2307//2307 2302//2302
f 2307//2307 2308//2308 2309//2309
f 2309//2309 2304//2304 2302//2302
f 2307//2307 2309//2309 2302//2302
f 2308//2308 2310//2310 2311//2311
f 2310//2310 2312//2312 2313//2313
f 2313//2313 2314//2314 2311//2311
f 2310//2310 2313//2313 2311//2311
f 2314//2314 2315//2315 2306//2306
f 2315//2315 2297//2297 2306//2306
f 2308//2308 2311//2311 2309//2309
f 2311//2311 2314//2314 2306//2306
f 2306//2306 2304//2304 2309//2309
f 2311//2311 2306//2306 2309//2309
f 2103//2103 2104//2104 2316//2316
f 2104//2104 2105//2105 2317//2317
f 2317//2317 2318//2318 2316//2316
f 2104//2104 2317//2317 2316//2316
f 2105//2105 2106//2106 2319//2319
f 2106//2106 2091//2091 2307//2307
f 2307//2307 2308//2308 2319//2319
f 2106//2106 2307//2307 2319//2319
f 2308//2308 2310//2310 2320//2320
f 2310//2310 2312//2312 2321//2321
f 2321//2321 2318//2318 2320//2320
f 2310//2310 2321//2321 2320//2320
f 2105//2105 2319//2319 2317//2317
f 2319//2319 2308//2308 2320//2320
f 2320//2320 2318//2318 2317//2317
f 2319//2319 2320//2320 2317//2317
f 2103//2103 2322//2322 2316//2316
f 2322//2322 2323//2323 2324//2324
f 2324//2324 2318//2318 2316//2316
f 2322//2322 2324//2324 2316//2316
f 2323//2323 2325//2325 2326//2326
f 2325//2325 2327//2327 2328//2328
f 2328//2328 2329//2329 2326//2326
f 2325//2325 2328//2328 2326//2326
f 2329//2329 2330//2330 2331//2331
f 2330//2330 2312//2312 2321//2321
f 2321//2321 2318//2318 2331//2331
f 2330//2330 2321//2321 2331//2331
f 2323//2323 2326//2326 2324//2324
f 2326//2326 2329//2329 2331//2331
f 2331//2331 2318//2318 2324//2324
f 2326//2326 2331//2331 2324//2324
f 2119//2119 2120//2120 2332//2332
f 2120//2120 2121//2121 2333//2333
f 2333//2333 2334//2334 2332//2332
f 2120//2120 2333//2333 2332//2332
f 2121//2121 2122//2122 2335//2335
f 2122//2122 2103//2103 2322//2322
f 2322//2322 2323//2323 2335//2335
f 2122//2122 2322//2322 2335//2335
f 2323//2323 2325//2325 2336//2336
f 2325//2325 2327//2327 2337//2337
f 2337//2337 2334//2334 2336//2336
f 2325//2325 2337//2337 2336//2336
f 2121//2121 2335//2335 2333//2333
f 2335//2335 2323//2323 2336//2336
f 2336//2336 2334//2334 2333//2333
f 2335//2335 2336//2336 2333//2333
f 2119//2119 2338//2338 2332//2332
f 2338//2338 2339//2339 2340//2340
f 2340//2340 2334//2334 2332//2332
f 2338//2338 2340//2340 2332//2332
f 2339//2339 2341//2341 2342//2342
f 2341//2341 2343//2343 2344//2344
f 2344//2344 2345//2345 2342//2342
f 2341//2341 2344//2344 2342//2342
f 2345//2345 2346//2346 2347//2347
f 2346//2346 2327//2327 2337//2337
f 2337//2337 2334//2334 2347//2347
f 2346//2346 2337//2337 2347//2347
f 2339//2339 2342//2342 2340//2340
f 2342//2342 2345//2345 2347//2347
f 2347//2347 2334//2334 2340//2340
f 2342//2342 2347//2347 2340//2340
f 2135//2135 2136//2136 2348//2348
f 2136//2136 2137//2137 2349//2349
f 2349//2349 2350//2350 2348//2348
f 2136//2136 2349//2349 2348//2348
f 2137//2137 2138//2138 2351//2351
f 2138//2138 2119//2119 2338//2338
f 2338//2338 2339//2339 2351//2351
f 2138//2138 2338//2338 2351//2351
f 2339//2339 2341//2341 2352//2352
f 2341//2341 2343//2343 2353//2353
f 2353//2353 2350//2350 2352//2352
f 2341//2341 2353//2353 2352//2352
f 2137//2137 2351//2351 2349//2349
f 2351//2351 2339//2339 2352//2352
f 2352//2352 2350//2350 2349//2349
f 2351//2351 2352//2352 2349//2349
f 2135//2135 2354//2354 2348//2348
f 2354//2354 2355//2355 2356//2356
f 2356//2356 2350//2350 2348//2348
f 2354//2354 2356//2356 2348//2348
f 2355//2355 2357//2357 2358//2358
f 2357//2357 2359//2359 2360//2360
f 2360//2360 2361//2361 2358//2358
f 2357//2357 2360//2360 2358//2358
f 2361//2361 2362//2362 2363//2363
f 2362//2362 2343//2343 2353//2353
f 2353//2353 2350//2350 2363//2363
f 2362//2362 2353//2353 2363//2363
f 2355//2355 2358//2358 2356//2356
f 2358//2358 2361//2361 2363//2363
f 2363//2363 2350//2350 2356//2356
f 2358//2358 2363//2363 2356//2356
f 2151//2151 2152//2152 2364//2364
f 2152//2152 2153//2153 2364//2364
f 2153//2153 2154//2154 2365//2365
f 2154//2154 2135//2135 2354//2354
f 2354//2354 2355//2355 2365//2365
f 2154//2154 2354//2354 2365//2365
f 2355//2355 2357//2357 2364//2364
f 2357//2357 2359//2359 2364//2364
f 2153//2153 2365//2365 2364//2364
f 2365//2365 2355//2355 2364//2364
f 2151//2151 2366//2366 2364//2364
f 2366//2366 2367//2367 2364//2364
f 2366//2366 2368//2368 2367//2367
f 2367//2367 2359//2359 2364//2364
f 2163//2163 2164//2164 2369//2369
f 2164//2164 2165//2165 2370//2370
f 2370//2370 2371//2371 2369//2369
f 2164//2164 2370//2370 2369//2369
f 2165//2165 2166//2166 2366//2366
f 2166//2166 2151//2151 2366//2366
f 2366//2366 2368//2368 2372//2372
f 2372//2372 2371//2371 2366//2366
f 2165//2165 2366//2366 2370//2370
f 2366//2366 2371//2371 2370//2370
f 2163//2163 2373//2373 2369//2369
f 2373//2373 2374//2374 2375//2375
f 2375//2375 2371//2371 2369//2369
f 2373//2373 2375//2375 2369//2369
f 2374//2374 2184//2184 2375//2375
f 2375//2375 2368//2368 2372//2372
f 2372//2372 2371//2371 2375//2375
f 1991//1991 2172//2172 2178//2178
f 2172//2172 2181//2181 2178//2178
f 2172//2172 2163//2163 2373//2373
f 2373//2373 2374//2374 2172//2172
f 2172//2172 2374//2374 2184//2184
f 2184//2184 2181//2181 2172//2172
f 2184//2184 2376//2376 2377//2377
f 2183//2183 2180//2180 2376//2376
f 2180//2180 2184//2184 2376//2376
f 2183//2183 2378//2378 2376//2376
f 2185//2185 2183//2183 2378//2378
f 2185//2185 2379//2379 2380//2380
f 2380//2380 2381//2381 2185//2185
f 2381//2381 2378//2378 2185//2185
f 2189//2189 2185//2185 2382//2382
f 2185//2185 2383//2383 2382//2382
f 2185//2185 2379//2379 2384//2384
f 2384//2384 2383//2383 2185//2185
f 2189//2189 2385//2385 2386//2386
f 2386//2386 2383//2383 2382//2382
f 2189//2189 2386//2386 2382//2382
f 2385//2385 2387//2387 2388//2388
f 2389//2389 2390//2390 2388//2388
f 2387//2387 2389//2389 2388//2388
f 2390//2390 2391//2391 2392//2392
f 2391//2391 2379//2379 2384//2384
f 2384//2384 2383//2383 2392//2392
f 2391//2391 2384//2384 2392//2392
f 2385//2385 2388//2388 2386//2386
f 2388//2388 2390//2390 2392//2392
f 2392//2392 2383//2383 2386//2386
f 2388//2388 2392//2392 2386//2386
f 2189//2189 2385//2385 2193//2193
f 2385//2385 2387//2387 2193//2193
f 2393//2393 2387//2387 2193//2193
f 2194//2194 2193//2193 2393//2393
f 2194//2194 2394//2394 2393//2393
f 2394//2394 2395//2395 2393//2393
f 2200//2200 2194//2194 2396//2396
f 2394//2394 2395//2395 2396//2396
f 2394//2394 2396//2396 2194//2194
f 2200//2200 2397//2397 2396//2396
f 2397//2397 2398//2398 2396//2396
f 2398//2398 2399//2399 2396//2396
f 2399//2399 2400//2400 2401//2401
f 2401//2401 2402//2402 2396//2396
f 2399//2399 2401//2401 2396//2396
f 2402//2402 2403//2403 2396//2396
f 2403//2403 2395//2395 2396//2396
f 2204//2204 2203//2203 2404//2404
f 2203//2203 2200//2200 2397//2397
f 2397//2397 2398//2398 2203//2203
f 2398//2398 2399//2399 2203//2203
f 2399//2399 2400//2400 2404//2404
f 2399//2399 2404//2404 2203//2203
f 2204//2204 2405//2405 2404//2404
f 2405//2405 2406//2406 2404//2404
f 2406//2406 2407//2407 2404//2404
f 2407//2407 2408//2408 2409//2409
f 2409//2409 2410//2410 2404//2404
f 2407//2407 2409//2409 2404//2404
f 2410//2410 2411//2411 2404//2404
f 2411//2411 2400//2400 2404//2404
f 2205//2205 2206//2206 2412//2412
f 2206//2206 2207//2207 2413//2413
f 2413//2413 2414//2414 2412//2412
f 2206//2206 2413//2413 2412//2412
f 2207//2207 2208//2208 2415//2415
f 2208//2208 2204//2204 2405//2405
f 2405//2405 2406//2406 2415//2415
f 2208//2208 2405//2405 2415//2415
f 2406//2406 2407//2407 2416//2416
f 2407//2407 2408//2408 2417//2417
f 2417//2417 2414//2414 2416//2416
f 2407//2407 2417//2417 2416//2416
f 2207//2207 2415//2415 2413//2413
f 2415//2415 2406//2406 2416//2416
f 2416//2416 2414//2414 2413//2413
f 2415//2415 2416//2416 2413//2413
f 2205//2205 2418//2418 2412//2412
f 2418//2418 2414//2414 2412//2412
f 2418//2418 2419//2419 2420//2420
f 2420//2420 2421//2421 2418//2418
f 2421//2421 2422//2422 2418//2418
f 2422//2422 2408//2408 2417//2417
f 2417//2417 2414//2414 2418//2418
f 2422//2422 2417//2417 2418//2418
f 2217//2217 2218//2218 2423//2423
f 2218//2218 2219//2219 2418//2418
f 2418//2418 2424//2424 2423//2423
f 2218//2218 2418//2418 2423//2423
f 2219//2219 2220//2220 2418//2418
f 2220//2220 2205//2205 2418//2418
f 2418//2418 2419//2419 2425//2425
f 2425//2425 2424//2424 2418//2418
f 2217//2217 2426//2426 2423//2423
f 2426//2426 2427//2427 2428//2428
f 2428//2428 2424//2424 2423//2423
f 2426//2426 2428//2428 2423//2423
f 2427//2427 2429//2429 2430//2430
f 2429//2429 2431//2431 2432//2432
f 2432//2432 2433//2433 2430//2430
f 2429//2429 2432//2432 2430//2430
f 2433//2433 2434//2434 2435//2435
f 2434//2434 2419//2419 2425//2425
f 2425//2425 2424//2424 2435//2435
f 2434//2434 2425//2425 2435//2435
f 2427//2427 2430//2430 2428//2428
f 2430//2430 2433//2433 2435//2435
f 2435//2435 2424//2424 2428//2428
f 2430//2430 2435//2435 2428//2428
f 2233//2233 2234//2234 2436//2436
f 2234//2234 2235//2235 2437//2437
f 2437//2437 2438//2438 2436//2436
f 2234//2234 2437//2437 2436//2436
f 2235//2235 2236//2236 2439//2439
f 2236//2236 2217//2217 2426//2426
f 2426//2426 2427//2427 2439//2439
f 2236//2236 2426//2426 2439//2439
f 2427//2427 2429//2429 2440//2440
f 2429//2429 2431//2431 2441//2441
f 2441//2441 2438//2438 2440//2440
f 2429//2429 2441//2441 2440//2440
f 2235//2235 2439//2439 2437//2437
f 2439//2439 2427//2427 2440//2440
f 2440//2440 2438//2438 2437//2437
f 2439//2439 2440//2440 2437//2437
f 2233//2233 2442//2442 2436//2436
f 2442//2442 2443//2443 2444//2444
f 2444//2444 2438//2438 2436//2436
f 2442//2442 2444//2444 2436//2436
f 2443//2443 2445//2445 2446//2446
f 2445//2445 2447//2447 2448//2448
f 2448//2448 2449//2449 2446//2446
f 2445//2445 2448//2448 2446//2446
f 2449//2449 2450//2450 2451//2451
f 2450//2450 2431//2431 2441//2441
f 2441//2441 2438//2438 2451//2451
f 2450//2450 2441//2441 2451//2451
f 2443//2443 2446//2446 2444//2444
f 2446//2446 2449//2449 2451//2451
f 2451//2451 2438//2438 2444//2444
f 2446//2446 2451//2451 2444//2444
f 2249//2249 2250//2250 2452//2452
f 2250//2250 2251//2251 2453//2453
f 2453//2453 2454//2454 2452//2452
f 2250//2250 2453//2453 2452//2452
f 2251//2251 2252//2252 2455//2455
f 2252//2252 2233//2233 2442//2442
f 2442//2442 2443//2443 2455//2455
f 2252//2252 2442//2442 2455//2455
f 2443//2443 2445//2445 2456//2456
f 2445//2445 2447//2447 2457//2457
f 2457//2457 2454//2454 2456//2456
f 2445//2445 2457//2457 2456//2456
f 2251//2251 2455//2455 2453//2453
f 2455//2455 2443//2443 2456//2456
f 2456//2456 2454//2454 2453//2453
f 2455//2455 2456//2456 2453//2453
f 2249//2249 2458//2458 2452//2452
f 2458//2458 2459//2459 2460//2460
f 2460//2460 2454//2454 2452//2452
f 2458//2458 2460//2460 2452//2452
f 2459//2459 2461//2461 2462//2462
f 2461//2461 2463//2463 2464//2464
f 2464//2464 2465//2465 2462//2462
f 2461//2461 2464//2464 2462//2462
f 2465//2465 2466//2466 2462//2462
f 2466//2466 2447//2447 2457//2457
f 2457//2457 2454//2454 2462//2462
f 2466//2466 2457//2457 2462//2462
f 2459//2459 2462//2462 2460//2460
f 2462//2462 2454//2454 2460//2460
f 2265//2265 2266//2266 2467//2467
f 2266//2266 2267//2267 2468//2468
f 2468//2468 2469//2469 2467//2467
f 2266//2266 2468//2468 2467//2467
f 2267//2267 2268//2268 2470//2470
f 2268//2268 2249//2249 2458//2458
f 2458//2458 2459//2459 2470//2470
f 2268//2268 2458//2458 2470//2470
f 2459//2459 2461//2461 2471//2471
f 2461//2461 2463//2463 2472//2472
f 2472//2472 2469//2469 2471//2471
f 2461//2461 2472//2472 2471//2471
f 2267//2267 2470//2470 2468//2468
f 2470//2470 2459//2459 2471//2471
f 2471//2471 2469//2469 2468//2468
f 2470//2470 2471//2471 2468//2468
f 2265//2265 2473//2473 2467//2467
f 2473//2473 2474//2474 2475//2475
f 2475//2475 2469//2469 2467//2467
f 2473//2473 2475//2475 2467//2467
f 2474//2474 2476//2476 2477//2477
f 2476//2476 2478//2478 2479//2479
f 2479//2479 2480//2480 2477//2477
f 2476//2476 2479//2479 2477//2477
f 2480//2480 2481//2481 2482//2482
f 2481//2481 2463//2463 2472//2472
f 2472//2472 2469//2469 2482//2482
f 2481//2481 2472//2472 2482//2482
f 2474//2474 2477//2477 2475//2475
f 2477//2477 2480//2480 2482//2482
f 2482//2482 2469//2469 2475//2475
f 2477//2477 2482//2482 2475//2475
f 2281//2281 2282//2282 2483//2483
f 2282//2282 2283//2283 2484//2484
f 2484//2484 2485//2485 2483//2483
f 2282//2282 2484//2484 2483//2483
f 2283//2283 2284//2284 2486//2486
f 2284//2284 2265//2265 2473//2473
f 2473//2473 2474//2474 2486//2486
f 2284//2284 2473//2473 2486//2486
f 2474//2474 2476//2476 2487//2487
f 2476//2476 2478//2478 2488//2488
f 2488//2488 2485//2485 2487//2487
f 2476//2476 2488//2488 2487//2487
f 2283//2283 2486//2486 2484//2484
f 2486//2486 2474//2474 2487//2487
f 2487//2487 2485//2485 2484//2484
f 2486//2486 2487//2487 2484//2484
f 2281//2281 2489//2489 2483//2483
f 2489//2489 2490//2490 2491//2491
f 2491//2491 2485//2485 2483//2483
f 2489//2489 2491//2491 2483//2483
f 2490//2490 2492//2492 2493//2493
f 2492//2492 2494//2494 2495//2495
f 2495//2495 2496//2496 2493//2493
f 2492//2492 2495//2495 2493//2493
f 2496//2496 2497//2497 2498//2498
f 2497//2497 2478//2478 2488//2488
f 2488//2488 2485//2485 2498//2498
f 2497//2497 2488//2488 2498//2498
f 2490//2490 2493//2493 2491//2491
f 2493//2493 2496//2496 2498//2498
f 2498//2498 2485//2485 2491//2491
f 2493//2493 2498//2498 2491//2491
f 2297//2297 2298//2298 2499//2499
f 2298//2298 2299//2299 2500//2500
f 2500//2500 2501//2501 2499//2499
f 2298//2298 2500//2500 2499//2499
f 2299//2299 2300//2300 2502//2502
f 2300//2300 2281//2281 2489//2489
f 2489//2489 2490//2490 2502//2502
f 2300//2300 2489//2489 2502//2502
f 2490//2490 2492//2492 2503//2503
f 2492//2492 2494//2494 2504//2504
f 2504//2504 2501//2501 2503//2503
f 2492//2492 2504//2504 2503//2503
f 2299//2299 2502//2502 2500//2500
f 2502//2502 2490//2490 2503//2503
f 2503//2503 2501//2501 2500//2500
f 2502//2502 2503//2503 2500//2500
f 2297//2297 2505//2505 2499//2499
f 2505//2505 2506//2506 2507//2507
f 2507//2507 2501//2501 2499//2499
f 2505//2505 2507//2507 2499//2499
f 2506//2506 2508//2508 2509//2509
f 2508//2508 2510//2510 2511//2511
f 2511//2511 2512//2512 2509//2509
f 2508//2508 2511//2511 2509//2509
f 2512//2512 2513//2513 2514//2514
f 2513//2513 2494//2494 2504//2504
f 2504//2504 2501//2501 2514//2514
f 2513//2513 2504//2504 2514//2514
f 2506//2506 2509//2509 2507//2507
f 2509//2509 2512//2512 2514//2514
f 2514//2514 2501//2501 2507//2507
f 2509//2509 2514//2514 2507//2507
f 2312//2312 2313//2313 2515//2515
f 2313//2313 2314//2314 2516//2516
f 2516//2516 2517//2517 2515//2515
f 2313//2313 2516//2516 2515//2515
f 2314//2314 2315//2315 2518//2518
f 2315//2315 2297//2297 2505//2505
f 2505//2505 2506//2506 2518//2518
f 2315//2315 2505//2505 2518//2518
f 2506//2506 2508//2508 2519//2519
f 2508//2508 2510//2510 2520//2520
f 2520//2520 2517//2517 2519//2519
f 2508//2508 2520//2520 2519//2519
f 2314//2314 2518//2518 2516//2516
f 2518//2518 2506//2506 2519//2519
f 2519//2519 2517//2517 2516//2516
f 2518//2518 2519//2519 2516//2516
f 2312//2312 2521//2521 2515//2515
f 2521//2521 2522//2522 2523//2523
f 2523//2523 2517//2517 2515//2515
f 2521//2521 2523//2523 2515//2515
f 2522//2522 2524//2524 2525//2525
f 2524//2524 2526//2526 2527//2527
f 2527//2527 2528//2528 2525//2525
f 2524//2524 2527//2527 2525//2525
f 2528//2528 2529//2529 2530//2530
f 2529//2529 2510//2510 2520//2520
f 2520//2520 2517//2517 2530//2530
f 2529//2529 2520//2520 2530//2530
f 2522//2522 2525//2525 2523//2523
f 2525//2525 2528//2528 2530//2530
f 2530//2530 2517//2517 2523//2523
f 2525//2525 2530//2530 2523//2523
f 2327//2327 2328//2328 2531//2531
f 2328//2328 2329//2329 2532//2532
f 2532//2532 2533//2533 2531//2531
f 2328//2328 2532//2532 2531//2531
f 2329//2329 2330//2330 2534//2534
f 2330//2330 2312//2312 2521//2521
f 2521//2521 2522//2522 2534//2534
f 2330//2330 2521//2521 2534//2534
f 2522//2522 2524//2524 2535//2535
f 2524//2524 2526//2526 2536//2536
f 2536//2536 2533//2533 2535//2535
f 2524//2524 2536//2536 2535//2535
f 2329//2329 2534//2534 2532//2532
f 2534//2534 2522//2522 2535//2535
f 2535//2535 2533//2533 2532//2532
f 2534//2534 2535//2535 2532//2532
f 2327//2327 2537//2537 2531//2531
f 2538//2538 2533//2533 2531//2531
f 2537//2537 2538//2538 2531//2531
f 2537//2537 2526//2526 2536//2536
f 2536//2536 2533//2533 2539//2539
f 2537//2537 2536//2536 2539//2539
f 2538//2538 2537//2537 2539//2539
f 2539//2539 2533//2533 2538//2538
f 2343//2343 2344//2344 2537//2537
f 2344//2344 2345//2345 2540//2540
f 2344//2344 2540//2540 2537//2537
f 2345//2345 2346//2346 2541//2541
f 2346//2346 2327//2327 2537//2537
f 2346//2346 2537//2537 2541//2541
f 2345//2345 2541//2541 2540//2540
f 2541//2541 2537//2537 2540//2540
f 2343//2343 2542//2542 2537//2537
f 2359//2359 2360//2360 2542//2542
f 2360//2360 2361//2361 2542//2542
f 2361//2361 2362//2362 2542//2542
f 2362//2362 2343//2343 2542//2542
f 2359//2359 2543//2543 2542//2542
f 2543//2543 2544//2544 2542//2542
f 2368//2368 2367//2367 2545//2545
f 2543//2543 2546//2546 2545//2545
f 2367//2367 2543//2543 2545//2545
f 2367//2367 2359//2359 2543//2543
f 2543//2543 2544//2544 2547//2547
f 2547//2547 2546//2546 2543//2543
f 2368//2368 2377//2377 2545//2545
f 2377//2377 2546//2546 2545//2545
f 2377//2377 2544//2544 2547//2547
f 2547//2547 2546//2546 2377//2377
f 2184//2184 2375//2375 2377//2377
f 2375//2375 2368//2368 2377//2377
f 2377//2377 2548//2548 2549//2549
f 2549//2549 2550//2550 2377//2377
f 2376//2376 2377//2377 2551//2551
f 2377//2377 2548//2548 2552//2552
f 2552//2552 2551//2551 2377//2377
f 2376//2376 2553//2553 2551//2551
f 2554//2554 2555//2555 2556//2556
f 2556//2556 2557//2557 2554//2554
f 2557//2557 2548//2548 2552//2552
f 2552//2552 2551//2551 2558//2558
f 2557//2557 2552//2552 2558//2558
f 2376//2376 2554//2554 2553//2553
f 2554//2554 2557//2557 2558//2558
f 2558//2558 2551//2551 2553//2553
f 2554//2554 2558//2558 2553//2553
f 2376//2376 2554//2554 2378//2378
f 2554//2554 2555//2555 2378//2378
f 2559//2559 2560//2560 2561//2561
f 2561//2561 2562//2562 2559//2559
f 2562//2562 2555//2555 2559//2559
f 2555//2555 2378//2378 2559//2559
f 2379//2379 2380//2380 2563//2563
f 2380//2380 2381//2381 2564//2564
f 2380//2380 2564//2564 2563//2563
f 2381//2381 2378//2378 2559//2559
f 2559//2559 2560//2560 2563//2563
f 2381//2381 2559//2559 2564//2564
f 2559//2559 2563//2563 2564//2564
f 2379//2379 2565//2565 2563//2563
f 2565//2565 2566//2566 2563//2563
f 2566//2566 2567//2567 2563//2563
f 2568//2568 2569//2569 2563//2563
f 2567//2567 2568//2568 2563//2563
f 2569//2569 2570//2570 2563//2563
f 2570//2570 2560//2560 2563//2563
f 2389//2389 2390//2390 2571//2571
f 2571//2571 2572//2572 2387//2387
f 2389//2389 2571//2571 2387//2387
f 2390//2390 2391//2391 2573//2573
f 2391//2391 2379//2379 2565//2565
f 2565//2565 2566//2566 2573//2573
f 2391//2391 2565//2565 2573//2573
f 2566//2566 2567//2567 2574//2574
f 2575//2575 2572//2572 2574//2574
f 2567//2567 2575//2575 2574//2574
f 2390//2390 2573//2573 2571//2571
f 2573//2573 2566//2566 2574//2574
f 2574//2574 2572//2572 2571//2571
f 2573//2573 2574//2574 2571//2571
f 2576//2576 2572//2572 2387//2387
f 2576//2576 2567//2567 2575//2575
f 2575//2575 2572//2572 2576//2576
f 2393//2393 2387//2387 2576//2576
f 2393//2393 2577//2577 2576//2576
f 2395//2395 2393//2393 2578//2578
f 2577//2577 2578//2578 2393//2393
f 2395//2395 2579//2579 2578//2578
f 2579//2579 2580//2580 2581//2581
f 2579//2579 2581//2581 2578//2578
f 2580//2580 2582//2582 2581//2581
f 2577//2577 2578//2578 2581//2581
f 2400//2400 2401//2401 2583//2583
f 2401//2401 2402//2402 2583//2583
f 2402//2402 2403//2403 2583//2583
f 2403//2403 2395//2395 2579//2579
f 2579//2579 2580//2580 2583//2583
f 2403//2403 2579//2579 2583//2583
f 2580//2580 2582//2582 2583//2583
f 2400//2400 2584//2584 2583//2583
f 2584//2584 2582//2582 2583//2583
f 2408//2408 2409//2409 2584//2584
f 2409//2409 2410//2410 2584//2584
f 2410//2410 2411//2411 2584//2584
f 2411//2411 2400//2400 2584//2584
f 2408//2408 2585//2585 2584//2584
f 2585//2585 2586//2586 2584//2584
f 2586//2586 2587//2587 2584//2584
f 2587//2587 2588//2588 2584//2584
f 2419//2419 2420//2420 2589//2589
f 2420//2420 2421//2421 2590//2590
f 2590//2590 2591//2591 2589//2589
f 2420//2420 2590//2590 2589//2589
f 2421//2421 2422//2422 2592//2592
f 2422//2422 2408//2408 2585//2585
f 2585//2585 2586//2586 2592//2592
f 2422//2422 2585//2585 2592//2592
f 2586//2586 2587//2587 2593//2593
f 2587//2587 2588//2588 2594//2594
f 2594//2594 2591//2591 2593//2593
f 2587//2587 2594//2594 2593//2593
f 2421//2421 2592//2592 2590//2590
f 2592//2592 2586//2586 2593//2593
f 2593//2593 2591//2591 2590//2590
f 2592//2592 2593//2593 2590//2590
f 2419//2419 2595//2595 2589//2589
f 2595//2595 2596//2596 2597//2597
f 2597//2597 2591//2591 2589//2589
f 2595//2595 2597//2597 2589//2589
f 2596//2596 2598//2598 2599//2599
f 2598//2598 2600//2600 2601//2601
f 2601//2601 2602//2602 2599//2599
f 2598//2598 2601//2601 2599//2599
f 2602//2602 2603//2603 2604//2604
f 2603//2603 2588//2588 2594//2594
f 2594//2594 2591//2591 2604//2604
f 2603//2603 2594//2594 2604//2604
f 2596//2596 2599//2599 2597//2597
f 2599//2599 2602//2602 2604//2604
f 2604//2604 2591//2591 2597//2597
f 2599//2599 2604//2604 2597//2597
f 2431//2431 2432//2432 2605//2605
f 2432//2432 2433//2433 2606//2606
f 2606//2606 2607//2607 2605//2605
f 2432//2432 2606//2606 2605//2605
f 2433//2433 2434//2434 2608//2608
f 2434//2434 2419//2419 2595//2595
f 2595//2595 2596//2596 2608//2608
f 2434//2434 2595//2595 2608//2608
f 2596//2596 2598//2598 2609//2609
f 2598//2598 2600//2600 2610//2610
f 2610//2610 2607//2607 2609//2609
f 2598//2598 2610//2610 2609//2609
f 2433//2433 2608//2608 2606//2606
f 2608//2608 2596//2596 2609//2609
f 2609//2609 2607//2607 2606//2606
f 2608//2608 2609//2609 2606//2606
f 2431//2431 2611//2611 2605//2605
f 2611//2611 2612//2612 2613//2613
f 2613//2613 2607//2607 2605//2605
f 2611//2611 2613//2613 2605//2605
f 2612//2612 2614//2614 2615//2615
f 2614//2614 2616//2616 2617//2617
f 2617//2617 2618//2618 2615//2615
f 2614//2614 2617//2617 2615//2615
f 2618//2618 2619//2619 2620//2620
f 2619//2619 2600//2600 2610//2610
f 2610//2610 2607//2607 2620//2620
f 2619//2619 2610//2610 2620//2620
f 2612//2612 2615//2615 2613//2613
f 2615//2615 2618//2618 2620//2620
f 2620//2620 2607//2607 2613//2613
f 2615//2615 2620//2620 2613//2613
f 2447//2447 2448//2448 2621//2621
f 2448//2448 2449//2449 2622//2622
f 2622//2622 2623//2623 2621//2621
f 2448//2448 2622//2622 2621//2621
f 2449//2449 2450//2450 2624//2624
f 2450//2450 2431//2431 2611//2611
f 2611//2611 2612//2612 2624//2624
f 2450//2450 2611//2611 2624//2624
f 2612//2612 2614//2614 2625//2625
f 2614//2614 2616//2616 2626//2626
f 2626//2626 2623//2623 2625//2625
f 2614//2614 2626//2626 2625//2625
f 2449//2449 2624//2624 2622//2622
f 2624//2624 2612//2612 2625//2625
f 2625//2625 2623//2623 2622//2622
f 2624//2624 2625//2625 2622//2622
f 2447//2447 2627//2627 2621//2621
f 2627//2627 2628//2628 2629//2629
f 2629//2629 2623//2623 2621//2621
f 2627//2627 2629//2629 2621//2621
f 2628//2628 2630//2630 2631//2631
f 2630//2630 2632//2632 2633//2633
f 2633//2633 2634//2634 2631//2631
f 2630//2630 2633//2633 2631//2631
f 2634//2634 2635//2635 2636//2636
f 2635//2635 2616//2616 2626//2626
f 2626//2626 2623//2623 2636//2636
f 2635//2635 2626//2626 2636//2636
f 2628//2628 2631//2631 2629//2629
f 2631//2631 2634//2634 2636//2636
f 2636//2636 2623//2623 2629//2629
f 2631//2631 2636//2636 2629//2629
f 2463//2463 2464//2464 2637//2637
f 2464//2464 2465//2465 2638//2638
f 2638//2638 2639//2639 2637//2637
f 2464//2464 2638//2638 2637//2637
f 2465//2465 2466//2466 2640//2640
f 2466//2466 2447//2447 2627//2627
f 2627//2627 2628//2628 2640//2640
f 2466//2466 2627//2627 2640//2640
f 2628//2628 2630//2630 2641//2641
f 2630//2630 2632//2632 2642//2642
f 2642//2642 2639//2639 2641//2641
f 2630//2630 2642//2642 2641//2641
f 2465//2465 2640//2640 2638//2638
f 2640//2640 2628//2628 2641//2641
f 2641//2641 2639//2639 2638//2638
f 2640//2640 2641//2641 2638//2638
f 2463//2463 2643//2643 2637//2637
f 2643//2643 2644//2644 2645//2645
f 2645//2645 2639//2639 2637//2637
f 2643//2643 2645//2645 2637//2637
f 2644//2644 2646//2646 2647//2647
f 2648//2648 2649//2649 2647//2647
f 2646//2646 2648//2648 2647//2647
f 2649//2649 2650//2650 2651//2651
f 2650//2650 2632//2632 2642//2642
f 2642//2642 2639//2639 2651//2651
f 2650//2650 2642//2642 2651//2651
f 2644//2644 2647//2647 2645//2645
f 2647//2647 2649//2649 2651//2651
f 2651//2651 2639//2639 2645//2645
f 2647//2647 2651//2651 2645//2645
f 2478//2478 2479//2479 2652//2652
f 2479//2479 2480//2480 2653//2653
f 2653//2653 2654//2654 2652//2652
f 2479//2479 2653//2653 2652//2652
f 2480//2480 2481//2481 2655//2655
f 2481//2481 2463//2463 2643//2643
f 2643//2643 2644//2644 2655//2655
f 2481//2481 2643//2643 2655//2655
f 2644//2644 2646//2646 2656//2656
f 2646//2646 2648//2648 2657//2657
f 2657//2657 2654//2654 2656//2656
f 2646//2646 2657//2657 2656//2656
f 2480//2480 2655//2655 2653//2653
f 2655//2655 2644//2644 2656//2656
f 2656//2656 2654//2654 2653//2653
f 2655//2655 2656//2656 2653//2653
f 2478//2478 2658//2658 2652//2652
f 2658//2658 2654//2654 2652//2652
f 2658//2658 2648//2648 2657//2657
f 2657//2657 2654//2654 2658//2658
f 2494//2494 2495//2495 2658//2658
f 2495//2495 2496//2496 2659//2659
f 2495//2495 2659//2659 2658//2658
f 2496//2496 2497//2497 2658//2658
f 2497//2497 2478//2478 2658//2658
f 2496//2496 2658//2658 2659//2659
f 2494//2494 2660//2660 2658//2658
f 2660//2660 2661//2661 2658//2658
f 2661//2661 2662//2662 2658//2658
f 2662//2662 2663//2663 2658//2658
f 2510//2510 2511//2511 2664//2664
f 2511//2511 2512//2512 2665//2665
f 2665//2665 2666//2666 2664//2664
f 2511//2511 2665//2665 2664//2664
f 2512//2512 2513//2513 2667//2667
f 2513//2513 2494//2494 2660//2660
f 2660//2660 2661//2661 2667//2667
f 2513//2513 2660//2660 2667//2667
f 2661//2661 2662//2662 2668//2668
f 2662//2662 2663//2663 2669//2669
f 2669//2669 2666//2666 2668//2668
f 2662//2662 2669//2669 2668//2668
f 2512//2512 2667//2667 2665//2665
f 2667//2667 2661//2661 2668//2668
f 2668//2668 2666//2666 2665//2665
f 2667//2667 2668//2668 2665//2665
f 2510//2510 2670//2670 2664//2664
f 2670//2670 2671//2671 2672//2672
f 2672//2672 2666//2666 2664//2664
f 2670//2670 2672//2672 2664//2664
f 2671//2671 2673//2673 2674//2674
f 2673//2673 2675//2675 2676//2676
f 2676//2676 2677//2677 2674//2674
f 2673//2673 2676//2676 2674//2674
f 2677//2677 2678//2678 2679//2679
f 2678//2678 2663//2663 2669//2669
f 2669//2669 2666//2666 2679//2679
f 2678//2678 2669//2669 2679//2679
f 2671//2671 2674//2674 2672//2672
f 2674//2674 2677//2677 2679//2679
f 2679//2679 2666//2666 2672//2672
f 2674//2674 2679//2679 2672//2672
f 2526//2526 2527//2527 2680//2680
f 2527//2527 2528//2528 2681//2681
f 2681//2681 2682//2682 2680//2680
f 2527//2527 2681//2681 2680//2680
f 2528//2528 2529//2529 2683//2683
f 2529//2529 2510//2510 2670//2670
f 2670//2670 2671//2671 2683//2683
f 2529//2529 2670//2670 2683//2683
f 2671//2671 2673//2673 2684//2684
f 2673//2673 2675//2675 2685//2685
f 2685//2685 2682//2682 2684//2684
f 2673//2673 2685//2685 2684//2684
f 2528//2528 2683//2683 2681//2681
f 2683//2683 2671//2671 2684//2684
f 2684//2684 2682//2682 2681//2681
f 2683//2683 2684//2684 2681//2681
f 2526//2526 2686//2686 2680//2680
f 2686//2686 2687//2687 2688//2688
f 2688//2688 2682//2682 2680//2680
f 2686//2686 2688//2688 2680//2680
f 2687//2687 2689//2689 2690//2690
f 2689//2689 2691//2691 2692//2692
f 2692//2692 2693//2693 2690//2690
f 2689//2689 2692//2692 2690//2690
f 2693//2693 2694//2694 2695//2695
f 2694//2694 2675//2675 2685//2685
f 2685//2685 2682//2682 2695//2695
f 2694//2694 2685//2685 2695//2695
f 2687//2687 2690//2690 2688//2688
f 2690//2690 2693//2693 2695//2695
f 2695//2695 2682//2682 2688//2688
f 2690//2690 2695//2695 2688//2688
f 2537//2537 2526//2526 2686//2686
f 2686//2686 2687//2687 2537//2537
f 2687//2687 2689//2689 2537//2537
f 2689//2689 2691//2691 2537//2537
f 2696//2696 2691//2691 2537//2537
f 2542//2542 2537//2537 2696//2696
f 2542//2542 2697//2697 2696//2696
f 2544//2544 2542//2542 2697//2697
f 2544//2544 2698//2698 2697//2697
f 2698//2698 2550//2550 2699//2699
f 2699//2699 2697//2697 2698//2698
f 2377//2377 2544//2544 2698//2698
f 2698//2698 2550//2550 2377//2377
f 2700//2700 2701//2701 2550//2550
f 2700//2700 2702//2702 2703//2703
f 2703//2703 2701//2701 2700//2700
f 2548//2548 2549//2549 2700//2700
f 2549//2549 2550//2550 2700//2700
f 2548//2548 2704//2704 2700//2700
f 2704//2704 2705//2705 2700//2700
f 2555//2555 2556//2556 2706//2706
f 2557//2557 2707//2707 2706//2706
f 2556//2556 2557//2557 2706//2706
f 2557//2557 2548//2548 2704//2704
f 2704//2704 2705//2705 2707//2707
f 2704//2704 2707//2707 2557//2557
f 2555//2555 2708//2708 2706//2706
f 2708//2708 2707//2707 2706//2706
f 2708//2708 2705//2705 2707//2707
f 2560//2560 2561//2561 2708//2708
f 2561//2561 2562//2562 2708//2708
f 2562//2562 2555//2555 2708//2708
f 2560//2560 2709//2709 2708//2708
f 2567//2567 2568//2568 2709//2709
f 2568//2568 2569//2569 2709//2709
f 2569//2569 2570//2570 2709//2709
f 2570//2570 2560//2560 2709//2709
f 2567//2567 2710//2710 2709//2709
f 2710//2710 2711//2711 2712//2712
f 2712//2712 2709//2709 2710//2710
f 2576//2576 2567//2567 2710//2710
f 2710//2710 2711//2711 2576//2576
f 2576//2576 2713//2713 2714//2714
f 2714//2714 2715//2715 2576//2576
f 2715//2715 2711//2711 2716//2716
f 2711//2711 2576//2576 2716//2716
f 2576//2576 2715//2715 2716//2716
f 2577//2577 2576//2576 2717//2717
f 2576//2576 2718//2718 2717//2717
f 2576//2576 2713//2713 2719//2719
f 2719//2719 2718//2718 2720//2720
f 2576//2576 2719//2719 2720//2720
f 2720//2720 2718//2718 2576//2576
f 2721//2721 2718//2718 2717//2717
f 2577//2577 2721//2721 2717//2717
f 2721//2721 2713//2713 2719//2719
f 2719//2719 2718//2718 2721//2721
f 2581//2581 2721//2721 2582//2582
f 2581//2581 2577//2577 2721//2721
f 2722//2722 2721//2721 2582//2582
f 2584//2584 2582//2582 2722//2722
f 2584//2584 2723//2723 2722//2722
f 2588//2588 2584//2584 2724//2724
f 2584//2584 2723//2723 2725//2725
f 2725//2725 2724//2724 2584//2584
f 2588//2588 2726//2726 2724//2724
f 2726//2726 2723//2723 2725//2725
f 2725//2725 2724//2724 2726//2726
f 2600//2600 2601//2601 2726//2726
f 2601//2601 2602//2602 2726//2726
f 2602//2602 2603//2603 2726//2726
f 2603//2603 2588//2588 2726//2726
f 2600//2600 2727//2727 2726//2726
f 2728//2728 2726//2726 2727//2727
f 2616//2616 2617//2617 2729//2729
f 2617//2617 2618//2618 2727//2727
f 2727//2727 2730//2730 2729//2729
f 2617//2617 2727//2727 2729//2729
f 2618//2618 2619//2619 2727//2727
f 2619//2619 2600//2600 2727//2727
f 2728//2728 2730//2730 2727//2727
f 2616//2616 2731//2731 2729//2729
f 2731//2731 2730//2730 2729//2729
f 2728//2728 2730//2730 2731//2731
f 2632//2632 2633//2633 2731//2731
f 2633//2633 2634//2634 2731//2731
f 2634//2634 2635//2635 2731//2731
f 2635//2635 2616//2616 2731//2731
f 2648//2648 2649//2649 2731//2731
f 2731//2731 2732//2732 2648//2648
f 2649//2649 2650//2650 2731//2731
f 2650//2650 2632//2632 2731//2731
f 2733//2733 2732//2732 2648//2648
f 2733//2733 2734//2734 2735//2735
f 2735//2735 2736//2736 2733//2733
f 2736//2736 2732//2732 2733//2733
f 2658//2658 2648//2648 2733//2733
f 2733//2733 2734//2734 2658//2658
f 2737//2737 2734//2734 2658//2658
f 2663//2663 2658//2658 2737//2737
f 2663//2663 2738//2738 2737//2737
f 2738//2738 2739//2739 2737//2737
f 2739//2739 2740//2740 2737//2737
f 2675//2675 2676//2676 2741//2741
f 2676//2676 2677//2677 2742//2742
f 2742//2742 2743//2743 2741//2741
f 2676//2676 2742//2742 2741//2741
f 2677//2677 2678//2678 2744//2744
f 2678//2678 2663//2663 2738//2738
f 2738//2738 2739//2739 2744//2744
f 2678//2678 2738//2738 2744//2744
f 2739//2739 2740//2740 2745//2745
f 2745//2745 2743//2743 2739//2739
f 2677//2677 2744//2744 2742//2742
f 2739//2739 2743//2743 2742//2742
f 2744//2744 2739//2739 2742//2742
f 2675//2675 2746//2746 2741//2741
f 2746//2746 2743//2743 2741//2741
f 2746//2746 2747//2747 2748//2748
f 2748//2748 2749//2749 2746//2746
f 2749//2749 2750//2750 2746//2746
f 2750//2750 2740//2740 2745//2745
f 2745//2745 2743//2743 2746//2746
f 2750//2750 2745//2745 2746//2746
f 2691//2691 2692//2692 2751//2751
f 2692//2692 2693//2693 2746//2746
f 2746//2746 2752//2752 2751//2751
f 2692//2692 2746//2746 2751//2751
f 2693//2693 2694//2694 2746//2746
f 2694//2694 2675//2675 2746//2746
f 2746//2746 2747//2747 2753//2753
f 2753//2753 2752//2752 2746//2746
f 2691//2691 2696//2696 2751//2751
f 2696//2696 2752//2752 2751//2751
f 2754//2754 2747//2747 2696//2696
f 2753//2753 2752//2752 2696//2696
f 2747//2747 2753//2753 2696//2696
f 2755//2755 2754//2754 2696//2696
f 2697//2697 2696//2696 2755//2755
f 2697//2697 2756//2756 2755//2755
f 2756//2756 2757//2757 2755//2755
f 2757//2757 2758//2758 2755//2755
f 2758//2758 2702//2702 2755//2755
f 2699//2699 2701//2701 2550//2550
f 2699//2699 2697//2697 2756//2756
f 2756//2756 2757//2757 2699//2699
f 2757//2757 2758//2758 2699//2699
f 2758//2758 2702//2702 2703//2703
f 2703//2703 2701//2701 2699//2699
f 2758//2758 2703//2703 2699//2699
f 2702//2702 2759//2759 2760//2760
f 2759//2759 2761//2761 2760//2760
f 2761//2761 2762//2762 2760//2760
f 2762//2762 2763//2763 2760//2760
f 2700//2700 2702//2702 2759//2759
f 2759//2759 2761//2761 2700//2700
f 2762//2762 2763//2763 2700//2700
f 2762//2762 2700//2700 2761//2761
f 2764//2764 2763//2763 2700//2700
f 2705//2705 2700//2700 2764//2764
f 2708//2708 2705//2705 2764//2764
f 2764//2764 2765//2765 2708//2708
f 2708//2708 2766//2766 2767//2767
f 2767//2767 2768//2768 2708//2708
f 2768//2768 2769//2769 2708//2708
f 2769//2769 2765//2765 2708//2708
f 2708//2708 2766//2766 2709//2709
f 2770//2770 2766//2766 2709//2709
f 2711//2711 2712//2712 2770//2770
f 2712//2712 2709//2709 2770//2770
f 2711//2711 2771//2771 2770//2770
f 2713//2713 2714//2714 2771//2771
f 2714//2714 2715//2715 2771//2771
f 2715//2715 2711//2711 2771//2771
f 2713//2713 2772//2772 2771//2771
f 2772//2772 2773//2773 2771//2771
f 2721//2721 2713//2713 2772//2772
f 2772//2772 2773//2773 2721//2721
f 2722//2722 2721//2721 2773//2773
f 2773//2773 2774//2774 2722//2722
f 2722//2722 2775//2775 2776//2776
f 2776//2776 2777//2777 2722//2722
f 2777//2777 2778//2778 2722//2722
f 2778//2778 2774//2774 2722//2722
f 2723//2723 2722//2722 2779//2779
f 2722//2722 2780//2780 2779//2779
f 2722//2722 2775//2775 2781//2781
f 2781//2781 2780//2780 2722//2722
f 2723//2723 2782//2782 2779//2779
f 2782//2782 2783//2783 2784//2784
f 2784//2784 2780//2780 2779//2779
f 2782//2782 2784//2784 2779//2779
f 2783//2783 2785//2785 2784//2784
f 2785//2785 2786//2786 2784//2784
f 2784//2784 2775//2775 2781//2781
f 2781//2781 2780//2780 2784//2784
f 2726//2726 2723//2723 2782//2782
f 2782//2782 2783//2783 2726//2726
f 2783//2783 2785//2785 2726//2726
f 2785//2785 2786//2786 2726//2726
f 2787//2787 2786//2786 2726//2726
f 2728//2728 2726//2726 2787//2787
f 2728//2728 2788//2788 2787//2787
f 2728//2728 2788//2788 2731//2731
f 2731//2731 2789//2789 2790//2790
f 2790//2790 2791//2791 2731//2731
f 2791//2791 2792//2792 2731//2731
f 2792//2792 2788//2788 2731//2731
f 2731//2731 2789//2789 2732//2732
f 2793//2793 2789//2789 2732//2732
f 2734//2734 2735//2735 2793//2793
f 2735//2735 2736//2736 2793//2793
f 2736//2736 2732//2732 2793//2793
f 2734//2734 2794//2794 2793//2793
f 2737//2737 2734//2734 2794//2794
f 2795//2795 2794//2794 2737//2737
f 2740//2740 2737//2737 2795//2795
f 2740//2740 2796//2796 2795//2795
f 2796//2796 2797//2797 2795//2795
f 2797//2797 2798//2798 2795//2795
f 2747//2747 2748//2748 2799//2799
f 2748//2748 2749//2749 2800//2800
f 2800//2800 2801//2801 2799//2799
f 2748//2748 2800//2800 2799//2799
f 2749//2749 2750//2750 2802//2802
f 2750//2750 2740//2740 2796//2796
f 2796//2796 2797//2797 2802//2802
f 2750//2750 2796//2796 2802//2802
f 2797//2797 2798//2798 2803//2803
f 2798//2798 2801//2801 2803//2803
f 2749//2749 2802//2802 2800//2800
f 2802//2802 2797//2797 2803//2803
f 2803//2803 2801//2801 2800//2800
f 2802//2802 2803//2803 2800//2800
f 2747//2747 2804//2804 2799//2799
f 2804//2804 2801//2801 2799//2799
f 2798//2798 2801//2801 2804//2804
f 2754//2754 2747//2747 2804//2804
f 2754//2754 2805//2805 2804//2804
f 2754//2754 2805//2805 2755//2755
f 2760//2760 2805//2805 2755//2755
f 2702//2702 2755//2755 2760//2760
f 2760//2760 2806//2806 2807//2807
f 2763//2763 2760//2760 2808//2808
f 2760//2760 2806//2806 2808//2808
f 2763//2763 2809//2809 2808//2808
f 2809//2809 2810//2810 2808//2808
f 2810//2810 2811//2811 2808//2808
f 2811//2811 2812//2812 2813//2813
f 2813//2813 2814//2814 2808//2808
f 2811//2811 2813//2813 2808//2808
f 2814//2814 2815//2815 2808//2808
f 2815//2815 2806//2806 2808//2808
f 2764//2764 2763//2763 2809//2809
f 2809//2809 2810//2810 2764//2764
f 2810//2810 2811//2811 2764//2764
f 2811//2811 2812//2812 2764//2764
f 2764//2764 2816//2816 2817//2817
f 2817//2817 2818//2818 2764//2764
f 2818//2818 2819//2819 2764//2764
f 2819//2819 2812//2812 2764//2764
f 2765//2765 2764//2764 2820//2820
f 2764//2764 2821//2821 2820//2820
f 2764//2764 2816//2816 2822//2822
f 2822//2822 2821//2821 2764//2764
f 2765//2765 2823//2823 2820//2820
f 2823//2823 2824//2824 2825//2825
f 2825//2825 2821//2821 2820//2820
f 2823//2823 2825//2825 2820//2820
f 2824//2824 2826//2826 2827//2827
f 2826//2826 2828//2828 2829//2829
f 2826//2826 2829//2829 2827//2827
f 2829//2829 2830//2830 2831//2831
f 2830//2830 2816//2816 2822//2822
f 2822//2822 2821//2821 2831//2831
f 2830//2830 2822//2822 2831//2831
f 2824//2824 2827//2827 2825//2825
f 2827//2827 2829//2829 2831//2831
f 2831//2831 2821//2821 2825//2825
f 2827//2827 2831//2831 2825//2825
f 2766//2766 2767//2767 2832//2832
f 2767//2767 2768//2768 2832//2832
f 2768//2768 2769//2769 2832//2832
f 2769//2769 2765//2765 2823//2823
f 2823//2823 2824//2824 2832//2832
f 2769//2769 2823//2823 2832//2832
f 2824//2824 2826//2826 2832//2832
f 2826//2826 2828//2828 2832//2832
f 2766//2766 2833//2833 2832//2832
f 2833//2833 2828//2828 2832//2832
f 2770//2770 2766//2766 2833//2833
f 2770//2770 2834//2834 2833//2833
f 2770//2770 2834//2834 2771//2771
f 2771//2771 2835//2835 2836//2836
f 2836//2836 2834//2834 2771//2771
f 2771//2771 2835//2835 2773//2773
f 2837//2837 2835//2835 2773//2773
f 2774//2774 2773//2773 2837//2837
f 2774//2774 2838//2838 2837//2837
f 2838//2838 2839//2839 2837//2837
f 2839//2839 2840//2840 2837//2837
f 2840//2840 2841//2841 2837//2837
f 2775//2775 2776//2776 2842//2842
f 2776//2776 2777//2777 2843//2843
f 2843//2843 2844//2844 2842//2842
f 2776//2776 2843//2843 2842//2842
f 2777//2777 2778//2778 2845//2845
f 2778//2778 2774//2774 2838//2838
f 2838//2838 2839//2839 2845//2845
f 2778//2778 2838//2838 2845//2845
f 2839//2839 2840//2840 2846//2846
f 2840//2840 2841//2841 2847//2847
f 2847//2847 2844//2844 2846//2846
f 2840//2840 2847//2847 2846//2846
f 2777//2777 2845//2845 2843//2843
f 2845//2845 2839//2839 2846//2846
f 2846//2846 2844//2844 2843//2843
f 2845//2845 2846//2846 2843//2843
f 2775//2775 2848//2848 2842//2842
f 2848//2848 2849//2849 2850//2850
f 2850//2850 2844//2844 2842//2842
f 2848//2848 2850//2850 2842//2842
f 2849//2849 2851//2851 2850//2850
f 2851//2851 2852//2852 2850//2850
f 2850//2850 2841//2841 2847//2847
f 2847//2847 2844//2844 2850//2850
f 2786//2786 2784//2784 2853//2853
f 2784//2784 2854//2854 2853//2853
f 2784//2784 2775//2775 2848//2848
f 2848//2848 2849//2849 2784//2784
f 2849//2849 2851//2851 2784//2784
f 2851//2851 2852//2852 2855//2855
f 2855//2855 2854//2854 2784//2784
f 2851//2851 2855//2855 2784//2784
f 2786//2786 2856//2856 2853//2853
f 2856//2856 2857//2857 2858//2858
f 2858//2858 2854//2854 2853//2853
f 2856//2856 2858//2858 2853//2853
f 2857//2857 2859//2859 2860//2860
f 2859//2859 2861//2861 2862//2862
f 2862//2862 2863//2863 2860//2860
f 2859//2859 2862//2862 2860//2860
f 2863//2863 2864//2864 2865//2865
f 2864//2864 2852//2852 2855//2855
f 2855//2855 2854//2854 2865//2865
f 2864//2864 2855//2855 2865//2865
f 2857//2857 2860//2860 2858//2858
f 2860//2860 2863//2863 2865//2865
f 2865//2865 2854//2854 2858//2858
f 2860//2860 2865//2865 2858//2858
f 2787//2787 2786//2786 2856//2856
f 2856//2856 2857//2857 2787//2787
f 2857//2857 2859//2859 2787//2787
f 2859//2859 2861//2861 2787//2787
f 2787//2787 2866//2866 2867//2867
f 2867//2867 2868//2868 2787//2787
f 2868//2868 2869//2869 2787//2787
f 2869//2869 2861//2861 2787//2787
f 2788//2788 2787//2787 2870//2870
f 2787//2787 2871//2871 2870//2870
f 2787//2787 2866//2866 2872//2872
f 2872//2872 2871//2871 2787//2787
f 2788//2788 2873//2873 2870//2870
f 2873//2873 2874//2874 2875//2875
f 2875//2875 2871//2871 2870//2870
f 2873//2873 2875//2875 2870//2870
f 2874//2874 2876//2876 2877//2877
f 2876//2876 2878//2878 2879//2879
f 2879//2879 2880//2880 2877//2877
f 2876//2876 2879//2879 2877//2877
f 2880//2880 2881//2881 2882//2882
f 2881//2881 2866//2866 2872//2872
f 2872//2872 2871//2871 2882//2882
f 2881//2881 2872//2872 2882//2882
f 2874//2874 2877//2877 2875//2875
f 2877//2877 2880//2880 2882//2882
f 2882//2882 2871//2871 2875//2875
f 2877//2877 2882//2882 2875//2875
f 2789//2789 2790//2790 2883//2883
f 2790//2790 2791//2791 2884//2884
f 2884//2884 2885//2885 2883//2883
f 2790//2790 2884//2884 2883//2883
f 2791//2791 2792//2792 2886//2886
f 2792//2792 2788//2788 2873//2873
f 2873//2873 2874//2874 2886//2886
f 2792//2792 2873//2873 2886//2886
f 2874//2874 2876//2876 2887//2887
f 2876//2876 2878//2878 2888//2888
f 2888//2888 2885//2885 2887//2887
f 2876//2876 2888//2888 2887//2887
f 2791//2791 2886//2886 2884//2884
f 2886//2886 2874//2874 2887//2887
f 2887//2887 2885//2885 2884//2884
f 2886//2886 2887//2887 2884//2884
f 2789//2789 2889//2889 2883//2883
f 2889//2889 2885//2885 2883//2883
f 2889//2889 2890//2890 2891//2891
f 2891//2891 2892//2892 2889//2889
f 2892//2892 2893//2893 2889//2889
f 2893//2893 2878//2878 2888//2888
f 2888//2888 2885//2885 2889//2889
f 2893//2893 2888//2888 2889//2889
f 2793//2793 2789//2789 2889//2889
f 2889//2889 2890//2890 2793//2793
f 2793//2793 2894//2894 2895//2895
f 2895//2895 2896//2896 2793//2793
f 2896//2896 2897//2897 2793//2793
f 2897//2897 2890//2890 2793//2793
f 2793//2793 2894//2894 2794//2794
f 2794//2794 2898//2898 2899//2899
f 2899//2899 2900//2900 2794//2794
f 2900//2900 2901//2901 2794//2794
f 2901//2901 2894//2894 2794//2794
f 2794//2794 2898//2898 2795//2795
f 2902//2902 2898//2898 2795//2795
f 2798//2798 2795//2795 2902//2902
f 2798//2798 2903//2903 2902//2902
f 2804//2804 2798//2798 2903//2903
f 2804//2804 2904//2904 2903//2903
f 2805//2805 2804//2804 2905//2905
f 2804//2804 2904//2904 2905//2905
f 2805//2805 2807//2807 2905//2905
f 2807//2807 2904//2904 2905//2905
f 2760//2760 2805//2805 2807//2807
f 2807//2807 2906//2906 2907//2907
f 2806//2806 2807//2807 2908//2908
f 2906//2906 2908//2908 2807//2807
f 2806//2806 2909//2909 2908//2908
f 2906//2906 2908//2908 2909//2909
f 2812//2812 2813//2813 2909//2909
f 2813//2813 2814//2814 2909//2909
f 2814//2814 2815//2815 2909//2909
f 2815//2815 2806//2806 2909//2909
f 2812//2812 2910//2910 2909//2909
f 2910//2910 2911//2911 2909//2909
f 2911//2911 2912//2912 2909//2909
f 2912//2912 2913//2913 2909//2909
f 2816//2816 2817//2817 2914//2914
f 2817//2817 2818//2818 2915//2915
f 2915//2915 2916//2916 2914//2914
f 2817//2817 2915//2915 2914//2914
f 2818//2818 2819//2819 2915//2915
f 2819//2819 2812//2812 2910//2910
f 2910//2910 2911//2911 2915//2915
f 2819//2819 2910//2910 2915//2915
f 2911//2911 2912//2912 2917//2917
f 2912//2912 2913//2913 2918//2918
f 2918//2918 2916//2916 2917//2917
f 2912//2912 2918//2918 2917//2917
f 2915//2915 2911//2911 2917//2917
f 2917//2917 2916//2916 2915//2915
f 2816//2816 2919//2919 2914//2914
f 2920//2920 2916//2916 2914//2914
f 2919//2919 2920//2920 2914//2914
f 2920//2920 2921//2921 2922//2922
f 2922//2922 2923//2923 2924//2924
f 2920//2920 2922//2922 2924//2924
f 2923//2923 2925//2925 2926//2926
f 2925//2925 2913//2913 2918//2918
f 2918//2918 2916//2916 2926//2926
f 2925//2925 2918//2918 2926//2926
f 2924//2924 2923//2923 2926//2926
f 2926//2926 2916//2916 2920//2920
f 2924//2924 2926//2926 2920//2920
f 2828//2828 2829//2829 2927//2927
f 2829//2829 2928//2928 2927//2927
f 2830//2830 2816//2816 2919//2919
f 2919//2919 2920//2920 2829//2829
f 2830//2830 2919//2919 2829//2829
f 2920//2920 2921//2921 2929//2929
f 2929//2929 2928//2928 2829//2829
f 2920//2920 2929//2929 2829//2829
f 2828//2828 2930//2930 2927//2927
f 2930//2930 2928//2928 2927//2927
f 2930//2930 2921//2921 2929//2929
f 2929//2929 2928//2928 2931//2931
f 2930//2930 2929//2929 2931//2931
f 2931//2931 2928//2928 2930//2930
f 2833//2833 2828//2828 2930//2930
f 2833//2833 2932//2932 2930//2930
f 2834//2834 2833//2833 2932//2932
f 2834//2834 2933//2933 2932//2932
f 2835//2835 2836//2836 2933//2933
f 2836//2836 2834//2834 2933//2933
f 2835//2835 2837//2837 2933//2933
f 2837//2837 2934//2934 2933//2933
f 2935//2935 2934//2934 2837//2837
f 2841//2841 2837//2837 2935//2935
f 2841//2841 2936//2936 2935//2935
f 2936//2936 2937//2937 2935//2935
f 2937//2937 2938//2938 2935//2935
f 2938//2938 2939//2939 2935//2935
f 2852//2852 2850//2850 2940//2940
f 2850//2850 2941//2941 2940//2940
f 2850//2850 2841//2841 2936//2936
f 2936//2936 2937//2937 2850//2850
f 2937//2937 2938//2938 2850//2850
f 2938//2938 2939//2939 2942//2942
f 2942//2942 2941//2941 2850//2850
f 2938//2938 2942//2942 2850//2850
f 2852//2852 2943//2943 2940//2940
f 2943//2943 2944//2944 2945//2945
f 2945//2945 2941//2941 2940//2940
f 2943//2943 2945//2945 2940//2940
f 2944//2944 2946//2946 2947//2947
f 2946//2946 2948//2948 2949//2949
f 2949//2949 2950//2950 2947//2947
f 2946//2946 2949//2949 2947//2947
f 2950//2950 2951//2951 2952//2952
f 2951//2951 2939//2939 2942//2942
f 2942//2942 2941//2941 2952//2952
f 2951//2951 2942//2942 2952//2952
f 2944//2944 2947//2947 2945//2945
f 2947//2947 2950//2950 2952//2952
f 2952//2952 2941//2941 2945//2945
f 2947//2947 2952//2952 2945//2945
f 2861//2861 2862//2862 2953//2953
f 2862//2862 2863//2863 2954//2954
f 2954//2954 2955//2955 2953//2953
f 2862//2862 2954//2954 2953//2953
f 2863//2863 2864//2864 2956//2956
f 2864//2864 2852//2852 2943//2943
f 2943//2943 2944//2944 2956//2956
f 2864//2864 2943//2943 2956//2956
f 2944//2944 2946//2946 2957//2957
f 2946//2946 2948//2948 2958//2958
f 2958//2958 2955//2955 2957//2957
f 2946//2946 2958//2958 2957//2957
f 2863//2863 2956//2956 2954//2954
f 2956//2956 2944//2944 2957//2957
f 2957//2957 2955//2955 2954//2954
f 2956//2956 2957//2957 2954//2954
f 2861//2861 2959//2959 2953//2953
f 2959//2959 2960//2960 2961//2961
f 2961//2961 2955//2955 2953//2953
f 2959//2959 2961//2961 2953//2953
f 2960//2960 2962//2962 2963//2963
f 2962//2962 2964//2964 2965//2965
f 2965//2965 2966//2966 2963//2963
f 2962//2962 2965//2965 2963//2963
f 2966//2966 2967//2967 2968//2968
f 2967//2967 2948//2948 2958//2958
f 2958//2958 2955//2955 2968//2968
f 2967//2967 2958//2958 2968//2968
f 2960//2960 2963//2963 2961//2961
f 2963//2963 2966//2966 2968//2968
f 2968//2968 2955//2955 2961//2961
f 2963//2963 2968//2968 2961//2961
f 2866//2866 2867//2867 2969//2969
f 2867//2867 2868//2868 2970//2970
f 2970//2970 2971//2971 2969//2969
f 2867//2867 2970//2970 2969//2969
f 2868//2868 2869//2869 2972//2972
f 2869//2869 2861//2861 2959//2959
f 2959//2959 2960//2960 2972//2972
f 2869//2869 2959//2959 2972//2972
f 2960//2960 2962//2962 2973//2973
f 2962//2962 2964//2964 2974//2974
f 2974//2974 2971//2971 2973//2973
f 2962//2962 2974//2974 2973//2973
f 2868//2868 2972//2972 2970//2970
f 2972//2972 2960//2960 2973//2973
f 2973//2973 2971//2971 2970//2970
f 2972//2972 2973//2973 2970//2970
f 2866//2866 2975//2975 2969//2969
f 2975//2975 2976//2976 2977//2977
f 2977//2977 2971//2971 2969//2969
f 2975//2975 2977//2977 2969//2969
f 2976//2976 2978//2978 2979//2979
f 2978//2978 2980//2980 2979//2979
f 2979//2979 2964//2964 2974//2974
f 2974//2974 2971//2971 2981//2981
f 2979//2979 2974//2974 2981//2981
f 2976//2976 2979//2979 2977//2977
f 2981//2981 2971//2971 2977//2977
f 2979//2979 2981//2981 2977//2977
f 2878//2878 2879//2879 2982//2982
f 2879//2879 2880//2880 2983//2983
f 2983//2983 2984//2984 2982//2982
f 2879//2879 2983//2983 2982//2982
f 2880//2880 2881//2881 2985//2985
f 2881//2881 2866//2866 2975//2975
f 2975//2975 2976//2976 2985//2985
f 2881//2881 2975//2975 2985//2985
f 2976//2976 2978//2978 2986//2986
f 2978//2978 2980//2980 2987//2987
f 2987//2987 2984//2984 2986//2986
f 2978//2978 2987//2987 2986//2986
f 2880//2880 2985//2985 2983//2983
f 2985//2985 2976//2976 2986//2986
f 2986//2986 2984//2984 2983//2983
f 2985//2985 2986//2986 2983//2983
f 2878//2878 2988//2988 2982//2982
f 2988//2988 2984//2984 2982//2982
f 2988//2988 2989//2989 2990//2990
f 2990//2990 2991//2991 2988//2988
f 2991//2991 2992//2992 2988//2988
f 2992//2992 2980//2980 2987//2987
f 2987//2987 2984//2984 2988//2988
f 2992//2992 2987//2987 2988//2988
f 2890//2890 2891//2891 2993//2993
f 2891//2891 2892//2892 2988//2988
f 2988//2988 2994//2994 2993//2993
f 2891//2891 2988//2988 2993//2993
f 2892//2892 2893//2893 2988//2988
f 2893//2893 2878//2878 2988//2988
f 2988//2988 2989//2989 2995//2995
f 2995//2995 2994//2994 2988//2988
f 2890//2890 2996//2996 2993//2993
f 2996//2996 2997//2997 2998//2998
f 2998//2998 2994//2994 2993//2993
f 2996//2996 2998//2998 2993//2993
f 2997//2997 2999//2999 3000//3000
f 2999//2999 3001//3001 3002//3002
f 3002//3002 3003//3003 3000//3000
f 2999//2999 3002//3002 3000//3000
f 3003//3003 3004//3004 3005//3005
f 3004//3004 2989//2989 2995//2995
f 2995//2995 2994//2994 3005//3005
f 3004//3004 2995//2995 3005//3005
f 2997//2997 3000//3000 2998//2998
f 3000//3000 3003//3003 3005//3005
f 3005//3005 2994//2994 2998//2998
f 3000//3000 3005//3005 2998//2998
f 2894//2894 2895//2895 3006//3006
f 2895//2895 2896//2896 3007//3007
f 3007//3007 3008//3008 3006//3006
f 2895//2895 3007//3007 3006//3006
f 2896//2896 2897//2897 3009//3009
f 2897//2897 2890//2890 2996//2996
f 2996//2996 2997//2997 3009//3009
f 2897//2897 2996//2996 3009//3009
f 2997//2997 2999//2999 3010//3010
f 2999//2999 3001//3001 3011//3011
f 3011//3011 3008//3008 3010//3010
f 2999//2999 3011//3011 3010//3010
f 2896//2896 3009//3009 3007//3007
f 3009//3009 2997//2997 3010//3010
f 3010//3010 3008//3008 3007//3007
f 3009//3009 3010//3010 3007//3007
f 2894//2894 3012//3012 3006//3006
f 3012//3012 3013//3013 3014//3014
f 3014//3014 3008//3008 3006//3006
f 3012//3012 3014//3014 3006//3006
f 3013//3013 3015//3015 3016//3016
f 3015//3015 3017//3017 3018//3018
f 3018//3018 3019//3019 3016//3016
f 3015//3015 3018//3018 3016//3016
f 3019//3019 3020//3020 3021//3021
f 3020//3020 3001//3001 3011//3011
f 3011//3011 3008//3008 3021//3021
f 3020//3020 3011//3011 3021//3021
f 3013//3013 3016//3016 3014//3014
f 3016//3016 3019//3019 3021//3021
f 3021//3021 3008//3008 3014//3014
f 3016//3016 3021//3021 3014//3014
f 2898//2898 2899//2899 3022//3022
f 2899//2899 2900//2900 3023//3023
f 3023//3023 3024//3024 3022//3022
f 2899//2899 3023//3023 3022//3022
f 2900//2900 2901//2901 3025//3025
f 2901//2901 2894//2894 3012//3012
f 3012//3012 3013//3013 3025//3025
f 2901//2901 3012//3012 3025//3025
f 3013//3013 3015//3015 3026//3026
f 3015//3015 3017//3017 3027//3027
f 3027//3027 3024//3024 3026//3026
f 3015//3015 3027//3027 3026//3026
f 2900//2900 3025//3025 3023//3023
f 3025//3025 3013//3013 3026//3026
f 3026//3026 3024//3024 3023//3023
f 3025//3025 3026//3026 3023//3023
f 2898//2898 3028//3028 3022//3022
f 3028//3028 3024//3024 3022//3022
f 3028//3028 3029//3029 3030//3030
f 3030//3030 3031//3031 3028//3028
f 3031//3031 3032//3032 3028//3028
f 3032//3032 3017//3017 3027//3027
f 3027//3027 3024//3024 3028//3028
f 3032//3032 3027//3027 3028//3028
f 2902//2902 2898//2898 3028//3028
f 3028//3028 3029//3029 2902//2902
f 3033//3033 3029//3029 2902//2902
f 2903//2903 2902//2902 3033//3033
f 2903//2903 3034//3034 3033//3033
f 2904//2904 2903//2903 3035//3035
f 2903//2903 3034//3034 3035//3035
f 2904//2904 2907//2907 3035//3035
f 2907//2907 3034//3034 3035//3035
f 2807//2807 2904//2904 2907//2907
f 2907//2907 3036//3036 3037//3037
f 3037//3037 3038//3038 2907//2907
f 2906//2906 2907//2907 3039//3039
f 2907//2907 3036//3036 3039//3039
f 2906//2906 3040//3040 3039//3039
f 3040//3040 3036//3036 3039//3039
f 2909//2909 2906//2906 3040//3040
f 2909//2909 3041//3041 3040//3040
f 2913//2913 2909//2909 3042//3042
f 2909//2909 3043//3043 3042//3042
f 3041//3041 3043//3043 2909//2909
f 2913//2913 3044//3044 3042//3042
f 3044//3044 3043//3043 3042//3042
f 3044//3044 3045//3045 3041//3041
f 3041//3041 3043//3043 3044//3044
f 2922//2922 2923//2923 3044//3044
f 3044//3044 3046//3046 2921//2921
f 2922//2922 3044//3044 2921//2921
f 2923//2923 2925//2925 3044//3044
f 2925//2925 2913//2913 3044//3044
f 3044//3044 3045//3045 3046//3046
f 2921//2921 3047//3047 3048//3048
f 3048//3048 3046//3046 2921//2921
f 3049//3049 3050//3050 3047//3047
f 3051//3051 3049//3049 3047//3047
f 3050//3050 3052//3052 3047//3047
f 3052//3052 3045//3045 3046//3046
f 3052//3052 3046//3046 3047//3047
f 3047//3047 3046//3046 3048//3048
f 2921//2921 3047//3047 2930//2930
f 3047//3047 3051//3051 2930//2930
f 2930//2930 3053//3053 3051//3051
f 2930//2930 3053//3053 2932//2932
f 2932//2932 3054//3054 3055//3055
f 3055//3055 3056//3056 2932//2932
f 3056//3056 3057//3057 2932//2932
f 3057//3057 3053//3053 2932//2932
f 2932//2932 3054//3054 2933//2933
f 3058//3058 3054//3054 2933//2933
f 2934//2934 2933//2933 3058//3058
f 2934//2934 3059//3059 3058//3058
f 3059//3059 3060//3060 3061//3061
f 3059//3059 3061//3061 3058//3058
f 3060//3060 3062//3062 3063//3063
f 3062//3062 3064//3064 3065//3065
f 3065//3065 3066//3066 3063//3063
f 3062//3062 3065//3065 3063//3063
f 3060//3060 3063//3063 3061//3061
f 3063//3063 3066//3066 3058//3058
f 3063//3063 3058//3058 3061//3061
f 2935//2935 2934//2934 3059//3059
f 3059//3059 3060//3060 2935//2935
f 3060//3060 3062//3062 2935//2935
f 3062//3062 3064//3064 2935//2935
f 2935//2935 3067//3067 3068//3068
f 3068//3068 3069//3069 2935//2935
f 3069//3069 3070//3070 2935//2935
f 3070//3070 3064//3064 2935//2935
f 2939//2939 2935//2935 3071//3071
f 2935//2935 3072//3072 3071//3071
f 2935//2935 3067//3067 3073//3073
f 3073//3073 3072//3072 3074//3074
f 2935//2935 3073//3073 3074//3074
f 3074//3074 3072//3072 2935//2935
f 2939//2939 3075//3075 3071//3071
f 3075//3075 3076//3076 3077//3077
f 3077//3077 3072//3072 3071//3071
f 3075//3075 3077//3077 3071//3071
f 3076//3076 3078//3078 3079//3079
f 3078//3078 3080//3080 3081//3081
f 3081//3081 3082//3082 3079//3079
f 3078//3078 3081//3081 3079//3079
f 3082//3082 3083//3083 3084//3084
f 3083//3083 3067//3067 3073//3073
f 3073//3073 3072//3072 3084//3084
f 3083//3083 3073//3073 3084//3084
f 3076//3076 3079//3079 3077//3077
f 3079//3079 3082//3082 3084//3084
f 3084//3084 3072//3072 3077//3077
f 3079//3079 3084//3084 3077//3077
f 2948//2948 2949//2949 3085//3085
f 2949//2949 2950//2950 3086//3086
f 3086//3086 3087//3087 3085//3085
f 2949//2949 3086//3086 3085//3085
f 2950//2950 2951//2951 3088//3088
f 2951//2951 2939//2939 3075//3075
f 3075//3075 3076//3076 3088//3088
f 2951//2951 3075//3075 3088//3088
f 3076//3076 3078//3078 3089//3089
f 3078//3078 3080//3080 3090//3090
f 3090//3090 3087//3087 3089//3089
f 3078//3078 3090//3090 3089//3089
f 2950//2950 3088//3088 3086//3086
f 3088//3088 3076//3076 3089//3089
f 3089//3089 3087//3087 3086//3086
f 3088//3088 3089//3089 3086//3086
f 2948//2948 3091//3091 3085//3085
f 3091//3091 3092//3092 3093//3093
f 3093//3093 3087//3087 3085//3085
f 3091//3091 3093//3093 3085//3085
f 3092//3092 3094//3094 3095//3095
f 3094//3094 3096//3096 3097//3097
f 3097//3097 3098//3098 3095//3095
f 3094//3094 3097//3097 3095//3095
f 3098//3098 3099//3099 3100//3100
f 3099//3099 3080//3080 3090//3090
f 3090//3090 3087//3087 3100//3100
f 3099//3099 3090//3090 3100//3100
f 3092//3092 3095//3095 3093//3093
f 3095//3095 3098//3098 3100//3100
f 3100//3100 3087//3087 3093//3093
f 3095//3095 3100//3100 3093//3093
f 2964//2964 2965//2965 3101//3101
f 2965//2965 2966//2966 3102//3102
f 3102//3102 3103//3103 3101//3101
f 2965//2965 3102//3102 3101//3101
f 2966//2966 2967//2967 3104//3104
f 2967//2967 2948//2948 3091//3091
f 3091//3091 3092//3092 3104//3104
f 2967//2967 3091//3091 3104//3104
f 3092//3092 3094//3094 3105//3105
f 3094//3094 3096//3096 3106//3106
f 3106//3106 3103//3103 3105//3105
f 3094//3094 3106//3106 3105//3105
f 2966//2966 3104//3104 3102//3102
f 3104//3104 3092//3092 3105//3105
f 3105//3105 3103//3103 3102//3102
f 3104//3104 3105//3105 3102//3102
f 2964//2964 3107//3107 3101//3101
f 3107//3107 3108//3108 3109//3109
f 3109//3109 3103//3103 3101//3101
f 3107//3107 3109//3109 3101//3101
f 3108//3108 3110//3110 3109//3109
f 3110//3110 3111//3111 3109//3109
f 3109//3109 3096//3096 3106//3106
f 3106//3106 3103//3103 3109//3109
f 2980//2980 2979//2979 3112//3112
f 3113//3113 3114//3114 3112//3112
f 2979//2979 3113//3113 3112//3112
f 2979//2979 2964//2964 3107//3107
f 3107//3107 3108//3108 3115//3115
f 2979//2979 3107//3107 3115//3115
f 3108//3108 3110//3110 3116//3116
f 3110//3110 3111//3111 3117//3117
f 3117//3117 3114//3114 3116//3116
f 3110//3110 3117//3117 3116//3116
f 2979//2979 3115//3115 3113//3113
f 3115//3115 3108//3108 3116//3116
f 3116//3116 3114//3114 3113//3113
f 3115//3115 3116//3116 3113//3113
f 2980//2980 3118//3118 3112//3112
f 3118//3118 3119//3119 3120//3120
f 3120//3120 3114//3114 3112//3112
f 3118//3118 3120//3120 3112//3112
f 3119//3119 3121//3121 3122//3122
f 3121//3121 3123//3123 3124//3124
f 3124//3124 3125//3125 3122//3122
f 3121//3121 3124//3124 3122//3122
f 3125//3125 3126//3126 3127//3127
f 3126//3126 3111//3111 3117//3117
f 3117//3117 3114//3114 3127//3127
f 3126//3126 3117//3117 3127//3127
f 3119//3119 3122//3122 3120//3120
f 3122//3122 3125//3125 3127//3127
f 3127//3127 3114//3114 3120//3120
f 3122//3122 3127//3127 3120//3120
f 2989//2989 2990//2990 3128//3128
f 2990//2990 2991//2991 3129//3129
f 3129//3129 3130//3130 3128//3128
f 2990//2990 3129//3129 3128//3128
f 2991//2991 2992//2992 3131//3131
f 2992//2992 2980//2980 3118//3118
f 3118//3118 3119//3119 3131//3131
f 2992//2992 3118//3118 3131//3131
f 3119//3119 3121//3121 3132//3132
f 3121//3121 3123//3123 3133//3133
f 3133//3133 3130//3130 3132//3132
f 3121//3121 3133//3133 3132//3132
f 2991//2991 3131//3131 3129//3129
f 3131//3131 3119//3119 3132//3132
f 3132//3132 3130//3130 3129//3129
f 3131//3131 3132//3132 3129//3129
f 2989//2989 3134//3134 3128//3128
f 3134//3134 3135//3135 3136//3136
f 3136//3136 3130//3130 3128//3128
f 3134//3134 3136//3136 3128//3128
f 3135//3135 3137//3137 3138//3138
f 3137//3137 3139//3139 3140//3140
f 3140//3140 3141//3141 3138//3138
f 3137//3137 3140//3140 3138//3138
f 3141//3141 3142//3142 3143//3143
f 3142//3142 3123//3123 3133//3133
f 3133//3133 3130//3130 3143//3143
f 3142//3142 3133//3133 3143//3143
f 3135//3135 3138//3138 3136//3136
f 3138//3138 3141//3141 3143//3143
f 3143//3143 3130//3130 3136//3136
f 3138//3138 3143//3143 3136//3136
f 3001//3001 3002//3002 3144//3144
f 3002//3002 3003//3003 3145//3145
f 3145//3145 3146//3146 3144//3144
f 3002//3002 3145//3145 3144//3144
f 3003//3003 3004//3004 3147//3147
f 3004//3004 2989//2989 3134//3134
f 3134//3134 3135//3135 3147//3147
f 3004//3004 3134//3134 3147//3147
f 3135//3135 3137//3137 3148//3148
f 3137//3137 3139//3139 3149//3149
f 3149//3149 3146//3146 3148//3148
f 3137//3137 3149//3149 3148//3148
f 3003//3003 3147//3147 3145//3145
f 3147//3147 3135//3135 3148//3148
f 3148//3148 3146//3146 3145//3145
f 3147//3147 3148//3148 3145//3145
f 3001//3001 3150//3150 3144//3144
f 3150//3150 3151//3151 3152//3152
f 3152//3152 3146//3146 3144//3144
f 3150//3150 3152//3152 3144//3144
f 3151//3151 3153//3153 3154//3154
f 3153//3153 3155//3155 3156//3156
f 3156//3156 3157//3157 3154//3154
f 3153//3153 3156//3156 3154//3154
f 3157//3157 3158//3158 3159//3159
f 3158//3158 3139//3139 3149//3149
f 3149//3149 3146//3146 3159//3159
f 3158//3158 3149//3149 3159//3159
f 3151//3151 3154//3154 3152//3152
f 3154//3154 3157//3157 3159//3159
f 3159//3159 3146//3146 3152//3152
f 3154//3154 3159//3159 3152//3152
f 3017//3017 3018//3018 3160//3160
f 3018//3018 3019//3019 3160//3160
f 3019//3019 3020//3020 3160//3160
f 3020//3020 3001//3001 3150//3150
f 3150//3150 3151//3151 3160//3160
f 3020//3020 3150//3150 3160//3160
f 3151//3151 3153//3153 3160//3160
f 3153//3153 3155//3155 3160//3160
f 3017//3017 3161//3161 3160//3160
f 3161//3161 3155//3155 3160//3160
f 3029//3029 3030//3030 3162//3162
f 3030//3030 3031//3031 3161//3161
f 3030//3030 3161//3161 3162//3162
f 3031//3031 3032//3032 3161//3161
f 3032//3032 3017//3017 3161//3161
f 3029//3029 3163//3163 3162//3162
f 3163//3163 3161//3161 3162//3162
f 3033//3033 3029//3029 3163//3163
f 3033//3033 3164//3164 3163//3163
f 3034//3034 3033//3033 3165//3165
f 3033//3033 3166//3166 3165//3165
f 3033//3033 3164//3164 3167//3167
f 3167//3167 3166//3166 3033//3033
f 3034//3034 3168//3168 3165//3165
f 3168//3168 3169//3169 3170//3170
f 3170//3170 3166//3166 3165//3165
f 3168//3168 3170//3170 3165//3165
f 3169//3169 3038//3038 3171//3171
f 3172//3172 3164//3164 3167//3167
f 3167//3167 3166//3166 3171//3171
f 3172//3172 3167//3167 3171//3171
f 3169//3169 3171//3171 3170//3170
f 3171//3171 3166//3166 3170//3170
f 2907//2907 3034//3034 3168//3168
f 3168//3168 3169//3169 2907//2907
f 3169//3169 3038//3038 2907//2907
f 3038//3038 3173//3173 3174//3174
f 3173//3173 3175//3175 3174//3174
f 3175//3175 3176//3176 3174//3174
f 3036//3036 3037//3037 3177//3177
f 3037//3037 3176//3176 3177//3177
f 3037//3037 3038//3038 3173//3173
f 3173//3173 3175//3175 3037//3037
f 3037//3037 3175//3175 3176//3176
f 3036//3036 3178//3178 3177//3177
f 3178//3178 3176//3176 3177//3177
f 3040//3040 3036//3036 3178//3178
f 3179//3179 3178//3178 3040//3040
f 3179//3179 3041//3041 3040//3040
f 3180//3180 3179//3179 3041//3041
f 3045//3045 3041//3041 3180//3180
f 3045//3045 3181//3181 3180//3180
f 3182//3182 3183//3183 3180//3180
f 3182//3182 3180//3180 3181//3181
f 3049//3049 3050//3050 3184//3184
f 3049//3049 3184//3184 3051//3051
f 3050//3050 3052//3052 3181//3181
f 3052//3052 3045//3045 3181//3181
f 3181//3181 3182//3182 3185//3185
f 3182//3182 3183//3183 3051//3051
f 3182//3182 3051//3051 3185//3185
f 3050//3050 3181//3181 3184//3184
f 3185//3185 3051//3051 3184//3184
f 3181//3181 3185//3185 3184//3184
f 3051//3051 3186//3186 3187//3187
f 3187//3187 3188//3188 3051//3051
f 3188//3188 3189//3189 3051//3051
f 3189//3189 3183//3183 3051//3051
f 3051//3051 3190//3190 3053//3053
f 3051//3051 3186//3186 3191//3191
f 3191//3191 3190//3190 3051//3051
f 3192//3192 3190//3190 3053//3053
f 3193//3193 3192//3192 3053//3053
f 3193//3193 3186//3186 3191//3191
f 3191//3191 3190//3190 3194//3194
f 3193//3193 3191//3191 3194//3194
f 3194//3194 3190//3190 3192//3192
f 3193//3193 3194//3194 3192//3192
f 3054//3054 3055//3055 3193//3193
f 3055//3055 3056//3056 3193//3193
f 3056//3056 3057//3057 3193//3193
f 3057//3057 3053//3053 3193//3193
f 3054//3054 3195//3195 3193//3193
f 3195//3195 3196//3196 3193//3193
f 3196//3196 3197//3197 3198//3198
f 3197//3197 3199//3199 3193//3193
f 3197//3197 3193//3193 3198//3198
f 3196//3196 3198//3198 3193//3193
f 3058//3058 3054//3054 3195//3195
f 3195//3195 3196//3196 3058//3058
f 3196//3196 3197//3197 3058//3058
f 3197//3197 3199//3199 3058//3058
f 3058//3058 3200//3200 3201//3201
f 3201//3201 3202//3202 3203//3203
f 3058//3058 3201//3201 3203//3203
f 3202//3202 3204//3204 3205//3205
f 3204//3204 3199//3199 3058//3058
f 3204//3204 3058//3058 3205//3205
f 3203//3203 3202//3202 3205//3205
f 3203//3203 3205//3205 3058//3058
f 3064//3064 3065//3065 3206//3206
f 3065//3065 3066//3066 3207//3207
f 3207//3207 3208//3208 3206//3206
f 3065//3065 3207//3207 3206//3206
f 3058//3058 3200//3200 3209//3209
f 3209//3209 3208//3208 3058//3058
f 3066//3066 3058//3058 3207//3207
f 3058//3058 3208//3208 3207//3207
f 3064//3064 3210//3210 3206//3206
f 3210//3210 3211//3211 3212//3212
f 3212//3212 3208//3208 3206//3206
f 3210//3210 3212//3212 3206//3206
f 3211//3211 3213//3213 3214//3214
f 3213//3213 3215//3215 3216//3216
f 3216//3216 3217//3217 3214//3214
f 3213//3213 3216//3216 3214//3214
f 3217//3217 3218//3218 3219//3219
f 3218//3218 3200//3200 3209//3209
f 3209//3209 3208//3208 3219//3219
f 3218//3218 3209//3209 3219//3219
f 3211//3211 3214//3214 3212//3212
f 3214//3214 3217//3217 3219//3219
f 3219//3219 3208//3208 3212//3212
f 3214//3214 3219//3219 3212//3212
f 3067//3067 3068//3068 3220//3220
f 3068//3068 3069//3069 3221//3221
f 3221//3221 3222//3222 3220//3220
f 3068//3068 3221//3221 3220//3220
f 3069//3069 3070//3070 3223//3223
f 3070//3070 3064//3064 3210//3210
f 3210//3210 3211//3211 3223//3223
f 3070//3070 3210//3210 3223//3223
f 3211//3211 3213//3213 3224//3224
f 3213//3213 3215//3215 3225//3225
f 3225//3225 3222//3222 3224//3224
f 3213//3213 3225//3225 3224//3224
f 3069//3069 3223//3223 3221//3221
f 3223//3223 3211//3211 3224//3224
f 3224//3224 3222//3222 3221//3221
f 3223//3223 3224//3224 3221//3221
f 3067//3067 3226//3226 3220//3220
f 3226//3226 3227//3227 3228//3228
f 3228//3228 3222//3222 3220//3220
f 3226//3226 3228//3228 3220//3220
f 3227//3227 3229//3229 3230//3230
f 3229//3229 3231//3231 3232//3232
f 3232//3232 3233//3233 3230//3230
f 3229//3229 3232//3232 3230//3230
f 3233//3233 3234//3234 3235//3235
f 3234//3234 3215//3215 3225//3225
f 3225//3225 3222//3222 3235//3235
f 3234//3234 3225//3225 3235//3235
f 3227//3227 3230//3230 3228//3228
f 3230//3230 3233//3233 3235//3235
f 3235//3235 3222//3222 3228//3228
f 3230//3230 3235//3235 3228//3228
f 3080//3080 3081//3081 3236//3236
f 3081//3081 3082//3082 3236//3236
f 3082//3082 3083//3083 3236//3236
f 3083//3083 3067//3067 3226//3226
f 3226//3226 3227//3227 3236//3236
f 3083//3083 3226//3226 3236//3236
f 3227//3227 3229//3229 3236//3236
f 3229//3229 3231//3231 3236//3236
f 3080//3080 3237//3237 3236//3236
f 3237//3237 3238//3238 3236//3236
f 3238//3238 3239//3239 3236//3236
f 3239//3239 3240//3240 3241//3241
f 3241//3241 3242//3242 3236//3236
f 3239//3239 3241//3241 3236//3236
f 3242//3242 3243//3243 3236//3236
f 3243//3243 3231//3231 3236//3236
f 3096//3096 3097//3097 3244//3244
f 3097//3097 3098//3098 3239//3239
f 3239//3239 3245//3245 3244//3244
f 3097//3097 3239//3239 3244//3244
f 3099//3099 3080//3080 3237//3237
f 3237//3237 3238//3238 3098//3098
f 3099//3099 3237//3237 3098//3098
f 3239//3239 3240//3240 3246//3246
f 3246//3246 3245//3245 3239//3239
f 3098//3098 3238//3238 3239//3239
f 3096//3096 3109//3109 3244//3244
f 3109//3109 3245//3245 3244//3244
f 3109//3109 3247//3247 3248//3248
f 3248//3248 3249//3249 3109//3109
f 3249//3249 3250//3250 3109//3109
f 3250//3250 3240//3240 3246//3246
f 3246//3246 3245//3245 3109//3109
f 3250//3250 3246//3246 3109//3109
f 3111//3111 3109//3109 3251//3251
f 3109//3109 3252//3252 3251//3251
f 3109//3109 3247//3247 3253//3253
f 3253//3253 3252//3252 3109//3109
f 3111//3111 3254//3254 3251//3251
f 3254//3254 3255//3255 3256//3256
f 3256//3256 3252//3252 3251//3251
f 3254//3254 3256//3256 3251//3251
f 3255//3255 3257//3257 3258//3258
f 3257//3257 3259//3259 3260//3260
f 3260//3260 3261//3261 3258//3258
f 3257//3257 3260//3260 3258//3258
f 3261//3261 3262//3262 3263//3263
f 3262//3262 3247//3247 3253//3253
f 3253//3253 3252//3252 3263//3263
f 3262//3262 3253//3253 3263//3263
f 3255//3255 3258//3258 3256//3256
f 3258//3258 3261//3261 3263//3263
f 3263//3263 3252//3252 3256//3256
f 3258//3258 3263//3263 3256//3256
f 3123//3123 3124//3124 3264//3264
f 3124//3124 3125//3125 3265//3265
f 3265//3265 3266//3266 3264//3264
f 3124//3124 3265//3265 3264//3264
f 3125//3125 3126//3126 3267//3267
f 3126//3126 3111//3111 3254//3254
f 3254//3254 3255//3255 3267//3267
f 3126//3126 3254//3254 3267//3267
f 3255//3255 3257//3257 3268//3268
f 3257//3257 3259//3259 3269//3269
f 3269//3269 3266//3266 3268//3268
f 3257//3257 3269//3269 3268//3268
f 3125//3125 3267//3267 3265//3265
f 3267//3267 3255//3255 3268//3268
f 3268//3268 3266//3266 3265//3265
f 3267//3267 3268//3268 3265//3265
f 3123//3123 3270//3270 3264//3264
f 3270//3270 3271//3271 3272//3272
f 3272//3272 3266//3266 3264//3264
f 3270//3270 3272//3272 3264//3264
f 3271//3271 3273//3273 3274//3274
f 3273//3273 3275//3275 3276//3276
f 3276//3276 3277//3277 3274//3274
f 3273//3273 3276//3276 3274//3274
f 3277//3277 3278//3278 3279//3279
f 3278//3278 3259//3259 3269//3269
f 3269//3269 3266//3266 3279//3279
f 3278//3278 3269//3269 3279//3279
f 3271//3271 3274//3274 3272//3272
f 3274//3274 3277//3277 3279//3279
f 3279//3279 3266//3266 3272//3272
f 3274//3274 3279//3279 3272//3272
f 3139//3139 3140//3140 3280//3280
f 3140//3140 3141//3141 3281//3281
f 3281//3281 3282//3282 3280//3280
f 3140//3140 3281//3281 3280//3280
f 3141//3141 3142//3142 3283//3283
f 3142//3142 3123//3123 3270//3270
f 3270//3270 3271//3271 3283//3283
f 3142//3142 3270//3270 3283//3283
f 3271//3271 3273//3273 3284//3284
f 3273//3273 3275//3275 3285//3285
f 3285//3285 3282//3282 3284//3284
f 3273//3273 3285//3285 3284//3284
f 3141//3141 3283//3283 3281//3281
f 3283//3283 3271//3271 3284//3284
f 3284//3284 3282//3282 3281//3281
f 3283//3283 3284//3284 3281//3281
f 3139//3139 3286//3286 3280//3280
f 3286//3286 3287//3287 3288//3288
f 3288//3288 3282//3282 3280//3280
f 3286//3286 3288//3288 3280//3280
f 3287//3287 3289//3289 3290//3290
f 3289//3289 3291//3291 3292//3292
f 3292//3292 3293//3293 3290//3290
f 3289//3289 3292//3292 3290//3290
f 3293//3293 3294//3294 3295//3295
f 3294//3294 3275//3275 3285//3285
f 3285//3285 3282//3282 3295//3295
f 3294//3294 3285//3285 3295//3295
f 3287//3287 3290//3290 3288//3288
f 3290//3290 3293//3293 3295//3295
f 3295//3295 3282//3282 3288//3288
f 3290//3290 3295//3295 3288//3288
f 3155//3155 3156//3156 3296//3296
f 3156//3156 3157//3157 3297//3297
f 3297//3297 3298//3298 3296//3296
f 3156//3156 3297//3297 3296//3296
f 3157//3157 3158//3158 3299//3299
f 3158//3158 3139//3139 3286//3286
f 3286//3286 3287//3287 3299//3299
f 3158//3158 3286//3286 3299//3299
f 3287//3287 3289//3289 3300//3300
f 3289//3289 3291//3291 3301//3301
f 3301//3301 3298//3298 3300//3300
f 3289//3289 3301//3301 3300//3300
f 3157//3157 3299//3299 3297//3297
f 3299//3299 3287//3287 3300//3300
f 3300//3300 3298//3298 3297//3297
f 3299//3299 3300//3300 3297//3297
f 3155//3155 3302//3302 3296//3296
f 3302//3302 3303//3303 3304//3304
f 3304//3304 3298//3298 3296//3296
f 3302//3302 3304//3304 3296//3296
f 3303//3303 3305//3305 3306//3306
f 3305//3305 3307//3307 3308//3308
f 3308//3308 3309//3309 3306//3306
f 3305//3305 3308//3308 3306//3306
f 3309//3309 3310//3310 3311//3311
f 3310//3310 3291//3291 3301//3301
f 3301//3301 3298//3298 3311//3311
f 3310//3310 3301//3301 3311//3311
f 3303//3303 3306//3306 3304//3304
f 3306//3306 3309//3309 3311//3311
f 3311//3311 3298//3298 3304//3304
f 3306//3306 3311//3311 3304//3304
f 3161//3161 3155//3155 3302//3302
f 3302//3302 3303//3303 3161//3161
f 3303//3303 3305//3305 3161//3161
f 3305//3305 3307//3307 3161//3161
f 3161//3161 3312//3312 3313//3313
f 3313//3313 3307//3307 3161//3161
f 3161//3161 3312//3312 3163//3163
f 3314//3314 3312//3312 3163//3163
f 3164//3164 3163//3163 3314//3314
f 3164//3164 3174//3174 3314//3314
f 3038//3038 3171//3171 3174//3174
f 3171//3171 3172//3172 3174//3174
f 3172//3172 3164//3164 3174//3174
f 3174//3174 3315//3315 3316//3316
f 3316//3316 3317//3317 3174//3174
f 3317//3317 3318//3318 3174//3174
f 3318//3318 3319//3319 3174//3174
f 3174//3174 3320//3320 3176//3176
f 3174//3174 3315//3315 3321//3321
f 3321//3321 3320//3320 3174//3174
f 3322//3322 3320//3320 3176//3176
f 3322//3322 3315//3315 3321//3321
f 3321//3321 3320//3320 3322//3322
f 3178//3178 3176//3176 3322//3322
f 3323//3323 3324//3324 3322//3322
f 3324//3324 3325//3325 3322//3322
f 3323//3323 3322//3322 3178//3178
f 3178//3178 3323//3323 3179//3179
f 3323//3323 3324//3324 3179//3179
f 3324//3324 3325//3325 3179//3179
f 3179//3179 3326//3326 3327//3327
f 3327//3327 3328//3328 3179//3179
f 3328//3328 3329//3329 3179//3179
f 3329//3329 3325//3325 3179//3179
f 3179//3179 3326//3326 3180//3180
f 3180//3180 3330//3330 3331//3331
f 3331//3331 3332//3332 3180//3180
f 3332//3332 3333//3333 3180//3180
f 3333//3333 3326//3326 3180//3180
f 3183//3183 3180//3180 3334//3334
f 3180//3180 3335//3335 3334//3334
f 3180//3180 3330//3330 3336//3336
f 3336//3336 3335//3335 3180//3180
f 3183//3183 3337//3337 3334//3334
f 3337//3337 3338//3338 3339//3339
f 3339//3339 3335//3335 3334//3334
f 3337//3337 3339//3339 3334//3334
f 3338//3338 3340//3340 3341//3341
f 3340//3340 3342//3342 3343//3343
f 3343//3343 3344//3344 3341//3341
f 3340//3340 3343//3343 3341//3341
f 3344//3344 3345//3345 3346//3346
f 3345//3345 3330//3330 3336//3336
f 3336//3336 3335//3335 3346//3346
f 3345//3345 3336//3336 3346//3346
f 3338//3338 3341//3341 3339//3339
f 3341//3341 3344//3344 3346//3346
f 3346//3346 3335//3335 3339//3339
f 3341//3341 3346//3346 3339//3339
f 3186//3186 3187//3187 3347//3347
f 3187//3187 3188//3188 3348//3348
f 3348//3348 3349//3349 3347//3347
f 3187//3187 3348//3348 3347//3347
f 3189//3189 3183//3183 3337//3337
f 3337//3337 3338//3338 3188//3188
f 3189//3189 3337//3337 3188//3188
f 3338//3338 3340//3340 3350//3350
f 3340//3340 3342//3342 3351//3351
f 3351//3351 3349//3349 3350//3350
f 3340//3340 3351//3351 3350//3350
f 3188//3188 3338//3338 3350//3350
f 3350//3350 3349//3349 3348//3348
f 3188//3188 3350//3350 3348//3348
f 3186//3186 3352//3352 3347//3347
f 3352//3352 3353//3353 3354//3354
f 3354//3354 3349//3349 3347//3347
f 3352//3352 3354//3354 3347//3347
f 3353//3353 3355//3355 3356//3356
f 3355//3355 3357//3357 3358//3358
f 3358//3358 3359//3359 3356//3356
f 3355//3355 3358//3358 3356//3356
f 3359//3359 3360//3360 3361//3361
f 3360//3360 3342//3342 3351//3351
f 3351//3351 3349//3349 3361//3361
f 3360//3360 3351//3351 3361//3361
f 3353//3353 3356//3356 3354//3354
f 3356//3356 3359//3359 3361//3361
f 3361//3361 3349//3349 3354//3354
f 3356//3356 3361//3361 3354//3354
f 3193//3193 3186//3186 3352//3352
f 3352//3352 3353//3353 3193//3193
f 3353//3353 3355//3355 3193//3193
f 3355//3355 3357//3357 3193//3193
f 3193//3193 3362//3362 3363//3363
f 3363//3363 3364//3364 3193//3193
f 3364//3364 3365//3365 3193//3193
f 3365//3365 3357//3357 3193//3193
f 3199//3199 3193//3193 3366//3366
f 3193//3193 3367//3367 3366//3366
f 3193//3193 3362//3362 3368//3368
f 3368//3368 3367//3367 3193//3193
f 3199//3199 3369//3369 3366//3366
f 3369//3369 3370//3370 3371//3371
f 3371//3371 3367//3367 3366//3366
f 3369//3369 3371//3371 3366//3366
f 3370//3370 3372//3372 3373//3373
f 3372//3372 3374//3374 3375//3375
f 3375//3375 3376//3376 3373//3373
f 3372//3372 3375//3375 3373//3373
f 3376//3376 3377//3377 3378//3378
f 3377//3377 3362//3362 3368//3368
f 3368//3368 3367//3367 3378//3378
f 3377//3377 3368//3368 3378//3378
f 3370//3370 3373//3373 3371//3371
f 3373//3373 3376//3376 3378//3378
f 3378//3378 3367//3367 3371//3371
f 3373//3373 3378//3378 3371//3371
f 3200//3200 3201//3201 3379//3379
f 3201//3201 3202//3202 3380//3380
f 3380//3380 3381//3381 3379//3379
f 3201//3201 3380//3380 3379//3379
f 3202//3202 3204//3204 3382//3382
f 3204//3204 3199//3199 3369//3369
f 3369//3369 3370//3370 3382//3382
f 3204//3204 3369//3369 3382//3382
f 3370//3370 3372//3372 3383//3383
f 3372//3372 3374//3374 3384//3384
f 3384//3384 3381//3381 3383//3383
f 3372//3372 3384//3384 3383//3383
f 3202//3202 3382//3382 3380//3380
f 3382//3382 3370//3370 3383//3383
f 3383//3383 3381//3381 3380//3380
f 3382//3382 3383//3383 3380//3380
f 3200//3200 3385//3385 3379//3379
f 3385//3385 3386//3386 3387//3387
f 3387//3387 3381//3381 3379//3379
f 3385//3385 3387//3387 3379//3379
f 3386//3386 3388//3388 3389//3389
f 3388//3388 3390//3390 3391//3391
f 3391//3391 3392//3392 3389//3389
f 3388//3388 3391//3391 3389//3389
f 3392//3392 3393//3393 3394//3394
f 3393//3393 3374//3374 3384//3384
f 3384//3384 3381//3381 3394//3394
f 3393//3393 3384//3384 3394//3394
f 3386//3386 3389//3389 3387//3387
f 3389//3389 3392//3392 3394//3394
f 3394//3394 3381//3381 3387//3387
f 3389//3389 3394//3394 3387//3387
f 3215//3215 3216//3216 3395//3395
f 3216//3216 3217//3217 3396//3396
f 3396//3396 3397//3397 3395//3395
f 3216//3216 3396//3396 3395//3395
f 3217//3217 3218//3218 3398//3398
f 3218//3218 3200//3200 3385//3385
f 3385//3385 3386//3386 3398//3398
f 3218//3218 3385//3385 3398//3398
f 3386//3386 3388//3388 3399//3399
f 3388//3388 3390//3390 3400//3400
f 3400//3400 3397//3397 3399//3399
f 3388//3388 3400//3400 3399//3399
f 3217//3217 3398//3398 3396//3396
f 3398//3398 3386//3386 3399//3399
f 3399//3399 3397//3397 3396//3396
f 3398//3398 3399//3399 3396//3396
f 3215//3215 3401//3401 3395//3395
f 3401//3401 3402//3402 3403//3403
f 3403//3403 3397//3397 3395//3395
f 3401//3401 3403//3403 3395//3395
f 3402//3402 3404//3404 3405//3405
f 3404//3404 3406//3406 3407//3407
f 3407//3407 3408//3408 3405//3405
f 3404//3404 3407//3407 3405//3405
f 3408//3408 3409//3409 3410//3410
f 3409//3409 3390//3390 3400//3400
f 3400//3400 3397//3397 3410//3410
f 3409//3409 3400//3400 3410//3410
f 3402//3402 3405//3405 3403//3403
f 3405//3405 3408//3408 3410//3410
f 3410//3410 3397//3397 3403//3403
f 3405//3405 3410//3410 3403//3403
f 3231//3231 3232//3232 3411//3411
f 3232//3232 3233//3233 3412//3412
f 3412//3412 3413//3413 3411//3411
f 3232//3232 3412//3412 3411//3411
f 3233//3233 3234//3234 3414//3414
f 3234//3234 3215//3215 3401//3401
f 3401//3401 3402//3402 3414//3414
f 3234//3234 3401//3401 3414//3414
f 3402//3402 3404//3404 3415//3415
f 3404//3404 3406//3406 3416//3416
f 3416//3416 3413//3413 3415//3415
f 3404//3404 3416//3416 3415//3415
f 3233//3233 3414//3414 3412//3412
f 3414//3414 3402//3402 3415//3415
f 3415//3415 3413//3413 3412//3412
f 3414//3414 3415//3415 3412//3412
f 3231//3231 3417//3417 3411//3411
f 3417//3417 3418//3418 3419//3419
f 3419//3419 3413//3413 3411//3411
f 3417//3417 3419//3419 3411//3411
f 3418//3418 3420//3420 3421//3421
f 3420//3420 3422//3422 3423//3423
f 3423//3423 3424//3424 3421//3421
f 3420//3420 3423//3423 3421//3421
f 3424//3424 3425//3425 3426//3426
f 3425//3425 3406//3406 3416//3416
f 3416//3416 3413//3413 3426//3426
f 3425//3425 3416//3416 3426//3426
f 3418//3418 3421//3421 3419//3419
f 3421//3421 3424//3424 3426//3426
f 3426//3426 3413//3413 3419//3419
f 3421//3421 3426//3426 3419//3419
f 3240//3240 3241//3241 3427//3427
f 3241//3241 3242//3242 3428//3428
f 3428//3428 3429//3429 3427//3427
f 3241//3241 3428//3428 3427//3427
f 3242//3242 3243//3243 3430//3430
f 3243//3243 3231//3231 3417//3417
f 3417//3417 3418//3418 3430//3430
f 3243//3243 3417//3417 3430//3430
f 3418//3418 3420//3420 3431//3431
f 3420//3420 3422//3422 3432//3432
f 3432//3432 3429//3429 3431//3431
f 3420//3420 3432//3432 3431//3431
f 3242//3242 3430//3430 3428//3428
f 3430//3430 3418//3418 3431//3431
f 3431//3431 3429//3429 3428//3428
f 3430//3430 3431//3431 3428//3428
f 3240//3240 3433//3433 3427//3427
f 3433//3433 3434//3434 3435//3435
f 3435//3435 3429//3429 3427//3427
f 3433//3433 3435//3435 3427//3427
f 3434//3434 3436//3436 3437//3437
f 3436//3436 3438//3438 3439//3439
f 3439//3439 3440//3440 3437//3437
f 3436//3436 3439//3439 3437//3437
f 3440//3440 3441//3441 3442//3442
f 3441//3441 3422//3422 3432//3432
f 3432//3432 3429//3429 3442//3442
f 3441//3441 3432//3432 3442//3442
f 3434//3434 3437//3437 3435//3435
f 3437//3437 3440//3440 3442//3442
f 3442//3442 3429//3429 3435//3435
f 3437//3437 3442//3442 3435//3435
f 3247//3247 3248//3248 3443//3443
f 3248//3248 3249//3249 3444//3444
f 3444//3444 3445//3445 3443//3443
f 3248//3248 3444//3444 3443//3443
f 3249//3249 3250//3250 3446//3446
f 3250//3250 3240//3240 3433//3433
f 3433//3433 3434//3434 3446//3446
f 3250//3250 3433//3433 3446//3446
f 3434//3434 3436//3436 3447//3447
f 3436//3436 3438//3438 3448//3448
f 3448//3448 3445//3445 3447//3447
f 3436//3436 3448//3448 3447//3447
f 3249//3249 3446//3446 3444//3444
f 3446//3446 3434//3434 3447//3447
f 3447//3447 3445//3445 3444//3444
f 3446//3446 3447//3447 3444//3444
f 3247//3247 3449//3449 3443//3443
f 3449//3449 3450//3450 3451//3451
f 3451//3451 3445//3445 3443//3443
f 3449//3449 3451//3451 3443//3443
f 3450//3450 3452//3452 3453//3453
f 3452//3452 3454//3454 3455//3455
f 3455//3455 3456//3456 3453//3453
f 3452//3452 3455//3455 3453//3453
f 3456//3456 3457//3457 3458//3458
f 3457//3457 3438//3438 3448//3448
f 3448//3448 3445//3445 3458//3458
f 3457//3457 3448//3448 3458//3458
f 3450//3450 3453//3453 3451//3451
f 3453//3453 3456//3456 3458//3458
f 3458//3458 3445//3445 3451//3451
f 3453//3453 3458//3458 3451//3451
f 3259//3259 3260//3260 3459//3459
f 3260//3260 3261//3261 3460//3460
f 3460//3460 3461//3461 3459//3459
f 3260//3260 3460//3460 3459//3459
f 3261//3261 3262//3262 3462//3462
f 3262//3262 3247//3247 3449//3449
f 3449//3449 3450//3450 3462//3462
f 3262//3262 3449//3449 3462//3462
f 3450//3450 3452//3452 3463//3463
f 3452//3452 3454//3454 3464//3464
f 3464//3464 3461//3461 3463//3463
f 3452//3452 3464//3464 3463//3463
f 3261//3261 3462//3462 3460//3460
f 3462//3462 3450//3450 3463//3463
f 3463//3463 3461//3461 3460//3460
f 3462//3462 3463//3463 3460//3460
f 3259//3259 3465//3465 3459//3459
f 3465//3465 3466//3466 3467//3467
f 3467//3467 3461//3461 3459//3459
f 3465//3465 3467//3467 3459//3459
f 3466//3466 3468//3468 3469//3469
f 3468//3468 3470//3470 3471//3471
f 3471//3471 3472//3472 3469//3469
f 3468//3468 3471//3471 3469//3469
f 3472//3472 3473//3473 3474//3474
f 3473//3473 3454//3454 3464//3464
f 3464//3464 3461//3461 3474//3474
f 3473//3473 3464//3464 3474//3474
f 3466//3466 3469//3469 3467//3467
f 3469//3469 3472//3472 3474//3474
f 3474//3474 3461//3461 3467//3467
f 3469//3469 3474//3474 3467//3467
f 3275//3275 3276//3276 3475//3475
f 3276//3276 3277//3277 3476//3476
f 3476//3476 3477//3477 3475//3475
f 3276//3276 3476//3476 3475//3475
f 3277//3277 3278//3278 3478//3478
f 3278//3278 3259//3259 3465//3465
f 3465//3465 3466//3466 3478//3478
f 3278//3278 3465//3465 3478//3478
f 3466//3466 3468//3468 3479//3479
f 3468//3468 3470//3470 3480//3480
f 3480//3480 3477//3477 3479//3479
f 3468//3468 3480//3480 3479//3479
f 3277//3277 3478//3478 3476//3476
f 3478//3478 3466//3466 3479//3479
f 3479//3479 3477//3477 3476//3476
f 3478//3478 3479//3479 3476//3476
f 3275//3275 3481//3481 3475//3475
f 3481//3481 3482//3482 3483//3483
f 3483//3483 3477//3477 3475//3475
f 3481//3481 3483//3483 3475//3475
f 3482//3482 3484//3484 3485//3485
f 3484//3484 3486//3486 3487//3487
f 3487//3487 3488//3488 3485//3485
f 3484//3484 3487//3487 3485//3485
f 3488//3488 3489//3489 3490//3490
f 3489//3489 3470//3470 3480//3480
f 3480//3480 3477//3477 3490//3490
f 3489//3489 3480//3480 3490//3490
f 3482//3482 3485//3485 3483//3483
f 3485//3485 3488//3488 3490//3490
f 3490//3490 3477//3477 3483//3483
f 3485//3485 3490//3490 3483//3483
f 3291//3291 3292//3292 3491//3491
f 3292//3292 3293//3293 3492//3492
f 3492//3492 3493//3493 3491//3491
f 3292//3292 3492//3492 3491//3491
f 3293//3293 3294//3294 3494//3494
f 3294//3294 3275//3275 3481//3481
f 3481//3481 3482//3482 3494//3494
f 3294//3294 3481//3481 3494//3494
f 3482//3482 3484//3484 3495//3495
f 3484//3484 3486//3486 3496//3496
f 3496//3496 3493//3493 3495//3495
f 3484//3484 3496//3496 3495//3495
f 3293//3293 3494//3494 3492//3492
f 3494//3494 3482//3482 3495//3495
f 3495//3495 3493//3493 3492//3492
f 3494//3494 3495//3495 3492//3492
f 3291//3291 3497//3497 3491//3491
f 3497//3497 3498//3498 3499//3499
f 3499//3499 3493//3493 3491//3491
f 3497//3497 3499//3499 3491//3491
f 3498//3498 3500//3500 3501//3501
f 3500//3500 3502//3502 3503//3503
f 3503//3503 3504//3504 3501//3501
f 3500//3500 3503//3503 3501//3501
f 3504//3504 3505//3505 3506//3506
f 3505//3505 3486//3486 3496//3496
f 3496//3496 3493//3493 3506//3506
f 3505//3505 3496//3496 3506//3506
f 3498//3498 3501//3501 3499//3499
f 3501//3501 3504//3504 3506//3506
f 3506//3506 3493//3493 3499//3499
f 3501//3501 3506//3506 3499//3499
f 3307//3307 3308//3308 3507//3507
f 3308//3308 3309//3309 3508//3508
f 3508//3508 3509//3509 3507//3507
f 3308//3308 3508//3508 3507//3507
f 3309//3309 3310//3310 3510//3510
f 3310//3310 3291//3291 3497//3497
f 3497//3497 3498//3498 3510//3510
f 3310//3310 3497//3497 3510//3510
f 3498//3498 3500//3500 3511//3511
f 3500//3500 3502//3502 3512//3512
f 3512//3512 3509//3509 3511//3511
f 3500//3500 3512//3512 3511//3511
f 3309//3309 3510//3510 3508//3508
f 3510//3510 3498//3498 3511//3511
f 3511//3511 3509//3509 3508//3508
f 3510//3510 3511//3511 3508//3508
f 3307//3307 3313//3313 3507//3507
f 3313//3313 3509//3509 3507//3507
f 3313//3313 3513//3513 3514//3514
f 3514//3514 3515//3515 3313//3313
f 3515//3515 3516//3516 3313//3313
f 3516//3516 3502//3502 3512//3512
f 3512//3512 3509//3509 3313//3313
f 3516//3516 3512//3512 3313//3313
f 3312//3312 3313//3313 3517//3517
f 3313//3313 3518//3518 3517//3517
f 3313//3313 3513//3513 3519//3519
f 3519//3519 3518//3518 3313//3313
f 3312//3312 3520//3520 3517//3517
f 3520//3520 3521//3521 3522//3522
f 3522//3522 3518//3518 3517//3517
f 3520//3520 3522//3522 3517//3517
f 3521//3521 3523//3523 3524//3524
f 3523//3523 3525//3525 3526//3526
f 3526//3526 3527//3527 3524//3524
f 3523//3523 3526//3526 3524//3524
f 3527//3527 3528//3528 3529//3529
f 3528//3528 3513//3513 3519//3519
f 3519//3519 3518//3518 3529//3529
f 3528//3528 3519//3519 3529//3529
f 3521//3521 3524//3524 3522//3522
f 3524//3524 3527//3527 3529//3529
f 3529//3529 3518//3518 3522//3522
f 3524//3524 3529//3529 3522//3522
f 3314//3314 3312//3312 3520//3520
f 3520//3520 3521//3521 3314//3314
f 3521//3521 3523//3523 3314//3314
f 3523//3523 3525//3525 3314//3314
f 3314//3314 3319//3319 3530//3530
f 3530//3530 3531//3531 3314//3314
f 3531//3531 3532//3532 3314//3314
f 3532//3532 3525//3525 3314//3314
f 3314//3314 3319//3319 3174//3174
f 3319//3319 3533//3533 3534//3534
f 3533//3533 3535//3535 3536//3536
f 3536//3536 3537//3537 3534//3534
f 3533//3533 3536//3536 3534//3534
f 3535//3535 3538//3538 3539//3539
f 3538//3538 3540//3540 3541//3541
f 3541//3541 3542//3542 3539//3539
f 3538//3538 3541//3541 3539//3539
f 3542//3542 3543//3543 3544//3544
f 3543//3543 3545//3545 3546//3546
f 3546//3546 3537//3537 3544//3544
f 3543//3543 3546//3546 3544//3544
f 3535//3535 3539//3539 3536//3536
f 3539//3539 3542//3542 3544//3544
f 3544//3544 3537//3537 3536//3536
f 3539//3539 3544//3544 3536//3536
f 3315//3315 3316//3316 3547//3547
f 3316//3316 3317//3317 3548//3548
f 3548//3548 3549//3549 3547//3547
f 3316//3316 3548//3548 3547//3547
f 3317//3317 3318//3318 3550//3550
f 3318//3318 3319//3319 3533//3533
f 3533//3533 3535//3535 3550//3550
f 3318//3318 3533//3533 3550//3550
f 3535//3535 3538//3538 3551//3551
f 3538//3538 3540//3540 3552//3552
f 3552//3552 3549//3549 3551//3551
f 3538//3538 3552//3552 3551//3551
f 3317//3317 3550//3550 3548//3548
f 3550//3550 3535//3535 3551//3551
f 3551//3551 3549//3549 3548//3548
f 3550//3550 3551//3551 3548//3548
f 3315//3315 3553//3553 3547//3547
f 3553//3553 3549//3549 3547//3547
f 3553//3553 3540//3540 3552//3552
f 3552//3552 3549//3549 3553//3553
f 3322//3322 3315//3315 3553//3553
f 3322//3322 3554//3554 3553//3553
f 3325//3325 3322//3322 3555//3555
f 3322//3322 3554//3554 3555//3555
f 3325//3325 3556//3556 3555//3555
f 3556//3556 3557//3557 3558//3558
f 3558//3558 3559//3559 3555//3555
f 3556//3556 3558//3558 3555//3555
f 3559//3559 3560//3560 3555//3555
f 3560//3560 3554//3554 3555//3555
f 3326//3326 3327//3327 3561//3561
f 3327//3327 3328//3328 3556//3556
f 3556//3556 3562//3562 3561//3561
f 3327//3327 3556//3556 3561//3561
f 3328//3328 3329//3329 3556//3556
f 3329//3329 3325//3325 3556//3556
f 3556//3556 3557//3557 3563//3563
f 3563//3563 3562//3562 3556//3556
f 3326//3326 3564//3564 3561//3561
f 3564//3564 3565//3565 3566//3566
f 3566//3566 3562//3562 3561//3561
f 3564//3564 3566//3566 3561//3561
f 3565//3565 3567//3567 3568//3568
f 3567//3567 3569//3569 3570//3570
f 3570//3570 3571//3571 3568//3568
f 3567//3567 3570//3570 3568//3568
f 3571//3571 3572//3572 3573//3573
f 3572//3572 3557//3557 3563//3563
f 3563//3563 3562//3562 3573//3573
f 3572//3572 3563//3563 3573//3573
f 3565//3565 3568//3568 3566//3566
f 3568//3568 3571//3571 3573//3573
f 3573//3573 3562//3562 3566//3566
f 3568//3568 3573//3573 3566//3566
f 3330//3330 3331//3331 3574//3574
f 3331//3331 3332//3332 3575//3575
f 3575//3575 3576//3576 3574//3574
f 3331//3331 3575//3575 3574//3574
f 3332//3332 3333//3333 3577//3577
f 3333//3333 3326//3326 3564//3564
f 3564//3564 3565//3565 3577//3577
f 3333//3333 3564//3564 3577//3577
f 3565//3565 3567//3567 3578//3578
f 3567//3567 3569//3569 3579//3579
f 3579//3579 3576//3576 3578//3578
f 3567//3567 3579//3579 3578//3578
f 3332//3332 3577//3577 3575//3575
f 3577//3577 3565//3565 3578//3578
f 3578//3578 3576//3576 3575//3575
f 3577//3577 3578//3578 3575//3575
f 3330//3330 3580//3580 3574//3574
f 3580//3580 3581//3581 3582//3582
f 3582//3582 3576//3576 3574//3574
f 3580//3580 3582//3582 3574//3574
f 3581//3581 3583//3583 3582//3582
f 3583//3583 3584//3584 3582//3582
f 3582//3582 3569//3569 3579//3579
f 3579//3579 3576//3576 3582//3582
f 3342//3342 3343//3343 3585//3585
f 3343//3343 3344//3344 3586//3586
f 3586//3586 3587//3587 3585//3585
f 3343//3343 3586//3586 3585//3585
f 3344//3344 3345//3345 3588//3588
f 3345//3345 3330//3330 3580//3580
f 3580//3580 3581//3581 3588//3588
f 3345//3345 3580//3580 3588//3588
f 3581//3581 3583//3583 3589//3589
f 3583//3583 3584//3584 3590//3590
f 3590//3590 3587//3587 3589//3589
f 3583//3583 3590//3590 3589//3589
f 3344//3344 3588//3588 3586//3586
f 3588//3588 3581//3581 3589//3589
f 3589//3589 3587//3587 3586//3586
f 3588//3588 3589//3589 3586//3586
f 3342//3342 3591//3591 3585//3585
f 3591//3591 3592//3592 3593//3593
f 3593//3593 3587//3587 3585//3585
f 3591//3591 3593//3593 3585//3585
f 3592//3592 3594//3594 3595//3595
f 3594//3594 3596//3596 3597//3597
f 3597//3597 3598//3598 3595//3595
f 3594//3594 3597//3597 3595//3595
f 3598//3598 3599//3599 3600//3600
f 3599//3599 3584//3584 3590//3590
f 3590//3590 3587//3587 3600//3600
f 3599//3599 3590//3590 3600//3600
f 3592//3592 3595//3595 3593//3593
f 3595//3595 3598//3598 3600//3600
f 3600//3600 3587//3587 3593//3593
f 3595//3595 3600//3600 3593//3593
f 3357//3357 3358//3358 3601//3601
f 3358//3358 3359//3359 3602//3602
f 3602//3602 3603//3603 3601//3601
f 3358//3358 3602//3602 3601//3601
f 3359//3359 3360//3360 3604//3604
f 3360//3360 3342//3342 3591//3591
f 3591//3591 3592//3592 3604//3604
f 3360//3360 3591//3591 3604//3604
f 3592//3592 3594//3594 3605//3605
f 3594//3594 3596//3596 3606//3606
f 3606//3606 3603//3603 3605//3605
f 3594//3594 3606//3606 3605//3605
f 3359//3359 3604//3604 3602//3602
f 3604//3604 3592//3592 3605//3605
f 3605//3605 3603//3603 3602//3602
f 3604//3604 3605//3605 3602//3602
f 3357//3357 3607//3607 3601//3601
f 3607//3607 3608//3608 3609//3609
f 3609//3609 3603//3603 3601//3601
f 3607//3607 3609//3609 3601//3601
f 3608//3608 3610//3610 3611//3611
f 3610//3610 3612//3612 3613//3613
f 3613//3613 3614//3614 3611//3611
f 3610//3610 3613//3613 3611//3611
f 3614//3614 3615//3615 3616//3616
f 3615//3615 3596//3596 3606//3606
f 3606//3606 3603//3603 3616//3616
f 3615//3615 3606//3606 3616//3616
f 3608//3608 3611//3611 3609//3609
f 3611//3611 3614//3614 3616//3616
f 3616//3616 3603//3603 3609//3609
f 3611//3611 3616//3616 3609//3609
f 3362//3362 3363//3363 3617//3617
f 3363//3363 3364//3364 3618//3618
f 3618//3618 3619//3619 3617//3617
f 3363//3363 3618//3618 3617//3617
f 3364//3364 3365//3365 3620//3620
f 3365//3365 3357//3357 3607//3607
f 3607//3607 3608//3608 3620//3620
f 3365//3365 3607//3607 3620//3620
f 3608//3608 3610//3610 3621//3621
f 3610//3610 3612//3612 3622//3622
f 3622//3622 3619//3619 3621//3621
f 3610//3610 3622//3622 3621//3621
f 3364//3364 3620//3620 3618//3618
f 3620//3620 3608//3608 3621//3621
f 3621//3621 3619//3619 3618//3618
f 3620//3620 3621//3621 3618//3618
f 3362//3362 3623//3623 3617//3617
f 3623//3623 3624//3624 3625//3625
f 3625//3625 3619//3619 3617//3617
f 3623//3623 3625//3625 3617//3617
f 3624//3624 3626//3626 3627//3627
f 3626//3626 3628//3628 3629//3629
f 3629//3629 3630//3630 3627//3627
f 3626//3626 3629//3629 3627//3627
f 3630//3630 3631//3631 3632//3632
f 3631//3631 3612//3612 3622//3622
f 3622//3622 3619//3619 3632//3632
f 3631//3631 3622//3622 3632//3632
f 3624//3624 3627//3627 3625//3625
f 3627//3627 3630//3630 3632//3632
f 3632//3632 3619//3619 3625//3625
f 3627//3627 3632//3632 3625//3625
f 3374//3374 3375//3375 3633//3633
f 3375//3375 3376//3376 3634//3634
f 3634//3634 3635//3635 3633//3633
f 3375//3375 3634//3634 3633//3633
f 3376//3376 3377//3377 3636//3636
f 3377//3377 3362//3362 3623//3623
f 3623//3623 3624//3624 3636//3636
f 3377//3377 3623//3623 3636//3636
f 3624//3624 3626//3626 3637//3637
f 3626//3626 3628//3628 3638//3638
f 3638//3638 3635//3635 3637//3637
f 3626//3626 3638//3638 3637//3637
f 3376//3376 3636//3636 3634//3634
f 3636//3636 3624//3624 3637//3637
f 3637//3637 3635//3635 3634//3634
f 3636//3636 3637//3637 3634//3634
f 3374//3374 3639//3639 3633//3633
f 3639//3639 3640//3640 3641//3641
f 3641//3641 3635//3635 3633//3633
f 3639//3639 3641//3641 3633//3633
f 3640//3640 3642//3642 3643//3643
f 3642//3642 3644//3644 3645//3645
f 3645//3645 3646//3646 3643//3643
f 3642//3642 3645//3645 3643//3643
f 3646//3646 3647//3647 3648//3648
f 3647//3647 3628//3628 3638//3638
f 3638//3638 3635//3635 3648//3648
f 3647//3647 3638//3638 3648//3648
f 3640//3640 3643//3643 3641//3641
f 3643//3643 3646//3646 3648//3648
f 3648//3648 3635//3635 3641//3641
f 3643//3643 3648//3648 3641//3641
f 3390//3390 3391//3391 3649//3649
f 3391//3391 3392//3392 3650//3650
f 3650//3650 3651//3651 3649//3649
f 3391//3391 3650//3650 3649//3649
f 3392//3392 3393//3393 3652//3652
f 3393//3393 3374//3374 3639//3639
f 3639//3639 3640//3640 3652//3652
f 3393//3393 3639//3639 3652//3652
f 3640//3640 3642//3642 3653//3653
f 3642//3642 3644//3644 3654//3654
f 3654//3654 3651//3651 3653//3653
f 3642//3642 3654//3654 3653//3653
f 3392//3392 3652//3652 3650//3650
f 3652//3652 3640//3640 3653//3653
f 3653//3653 3651//3651 3650//3650
f 3652//3652 3653//3653 3650//3650
f 3390//3390 3655//3655 3649//3649
f 3655//3655 3656//3656 3657//3657
f 3657//3657 3651//3651 3649//3649
f 3655//3655 3657//3657 3649//3649
f 3656//3656 3658//3658 3659//3659
f 3658//3658 3660//3660 3661//3661
f 3661//3661 3662//3662 3659//3659
f 3658//3658 3661//3661 3659//3659
f 3662//3662 3663//3663 3664//3664
f 3663//3663 3644//3644 3654//3654
f 3654//3654 3651//3651 3664//3664
f 3663//3663 3654//3654 3664//3664
f 3656//3656 3659//3659 3657//3657
f 3659//3659 3662//3662 3664//3664
f 3664//3664 3651//3651 3657//3657
f 3659//3659 3664//3664 3657//3657
f 3406//3406 3407//3407 3665//3665
f 3407//3407 3408//3408 3666//3666
f 3666//3666 3667//3667 3665//3665
f 3407//3407 3666//3666 3665//3665
f 3408//3408 3409//3409 3668//3668
f 3409//3409 3390//3390 3655//3655
f 3655//3655 3656//3656 3668//3668
f 3409//3409 3655//3655 3668//3668
f 3656//3656 3658//3658 3669//3669
f 3658//3658 3660//3660 3670//3670
f 3670//3670 3667//3667 3669//3669
f 3658//3658 3670//3670 3669//3669
f 3408//3408 3668//3668 3666//3666
f 3668//3668 3656//3656 3669//3669
f 3669//3669 3667//3667 3666//3666
f 3668//3668 3669//3669 3666//3666
f 3406//3406 3671//3671 3665//3665
f 3671//3671 3672//3672 3673//3673
f 3673//3673 3667//3667 3665//3665
f 3671//3671 3673//3673 3665//3665
f 3672//3672 3674//3674 3675//3675
f 3674//3674 3676//3676 3677//3677
f 3677//3677 3678//3678 3675//3675
f 3674//3674 3677//3677 3675//3675
f 3678//3678 3679//3679 3680//3680
f 3679//3679 3660//3660 3670//3670
f 3670//3670 3667//3667 3680//3680
f 3679//3679 3670//3670 3680//3680
f 3672//3672 3675//3675 3673//3673
f 3675//3675 3678//3678 3680//3680
f 3680//3680 3667//3667 3673//3673
f 3675//3675 3680//3680 3673//3673
f 3422//3422 3423//3423 3681//3681
f 3423//3423 3424//3424 3682//3682
f 3682//3682 3683//3683 3681//3681
f 3423//3423 3682//3682 3681//3681
f 3424//3424 3425//3425 3684//3684
f 3425//3425 3406//3406 3671//3671
f 3671//3671 3672//3672 3684//3684
f 3425//3425 3671//3671 3684//3684
f 3672//3672 3674//3674 3685//3685
f 3674//3674 3676//3676 3686//3686
f 3686//3686 3683//3683 3685//3685
f 3674//3674 3686//3686 3685//3685
f 3424//3424 3684//3684 3682//3682
f 3684//3684 3672//3672 3685//3685
f 3685//3685 3683//3683 3682//3682
f 3684//3684 3685//3685 3682//3682
f 3422//3422 3687//3687 3681//3681
f 3687//3687 3688//3688 3689//3689
f 3689//3689 3683//3683 3681//3681
f 3687//3687 3689//3689 3681//3681
f 3688//3688 3690//3690 3691//3691
f 3690//3690 3692//3692 3693//3693
f 3693//3693 3694//3694 3691//3691
f 3690//3690 3693//3693 3691//3691
f 3694//3694 3695//3695 3696//3696
f 3695//3695 3676//3676 3686//3686
f 3686//3686 3683//3683 3696//3696
f 3695//3695 3686//3686 3696//3696
f 3688//3688 3691//3691 3689//3689
f 3691//3691 3694//3694 3696//3696
f 3696//3696 3683//3683 3689//3689
f 3691//3691 3696//3696 3689//3689
f 3438//3438 3439//3439 3697//3697
f 3439//3439 3440//3440 3698//3698
f 3698//3698 3699//3699 3697//3697
f 3439//3439 3698//3698 3697//3697
f 3440//3440 3441//3441 3700//3700
f 3441//3441 3422//3422 3687//3687
f 3687//3687 3688//3688 3700//3700
f 3441//3441 3687//3687 3700//3700
f 3688//3688 3690//3690 3701//3701
f 3690//3690 3692//3692 3702//3702
f 3702//3702 3699//3699 3701//3701
f 3690//3690 3702//3702 3701//3701
f 3440//3440 3700//3700 3698//3698
f 3700//3700 3688//3688 3701//3701
f 3701//3701 3699//3699 3698//3698
f 3700//3700 3701//3701 3698//3698
f 3438//3438 3703//3703 3697//3697
f 3703//3703 3704//3704 3705//3705
f 3705//3705 3699//3699 3697//3697
f 3703//3703 3705//3705 3697//3697
f 3704//3704 3706//3706 3707//3707
f 3706//3706 3708//3708 3709//3709
f 3709//3709 3710//3710 3707//3707
f 3706//3706 3709//3709 3707//3707
f 3710//3710 3711//3711 3712//3712
f 3711//3711 3692//3692 3702//3702
f 3702//3702 3699//3699 3712//3712
f 3711//3711 3702//3702 3712//3712
f 3704//3704 3707//3707 3705//3705
f 3707//3707 3710//3710 3712//3712
f 3712//3712 3699//3699 3705//3705
f 3707//3707 3712//3712 3705//3705
f 3454//3454 3455//3455 3713//3713
f 3455//3455 3456//3456 3714//3714
f 3714//3714 3715//3715 3713//3713
f 3455//3455 3714//3714 3713//3713
f 3456//3456 3457//3457 3716//3716
f 3457//3457 3438//3438 3703//3703
f 3703//3703 3704//3704 3716//3716
f 3457//3457 3703//3703 3716//3716
f 3704//3704 3706//3706 3717//3717
f 3706//3706 3708//3708 3718//3718
f 3718//3718 3715//3715 3717//3717
f 3706//3706 3718//3718 3717//3717
f 3456//3456 3716//3716 3714//3714
f 3716//3716 3704//3704 3717//3717
f 3717//3717 3715//3715 3714//3714
f 3716//3716 3717//3717 3714//3714
f 3454//3454 3719//3719 3713//3713
f 3719//3719 3720//3720 3721//3721
f 3721//3721 3715//3715 3713//3713
f 3719//3719 3721//3721 3713//3713
f 3720//3720 3722//3722 3723//3723
f 3722//3722 3724//3724 3725//3725
f 3725//3725 3726//3726 3723//3723
f 3722//3722 3725//3725 3723//3723
f 3726//3726 3727//3727 3728//3728
f 3727//3727 3708//3708 3718//3718
f 3718//3718 3715//3715 3728//3728
f 3727//3727 3718//3718 3728//3728
f 3720//3720 3723//3723 3721//3721
f 3723//3723 3726//3726 3728//3728
f 3728//3728 3715//3715 3721//3721
f 3723//3723 3728//3728 3721//3721
f 3470//3470 3471//3471 3729//3729
f 3471//3471 3472//3472 3730//3730
f 3730//3730 3731//3731 3729//3729
f 3471//3471 3730//3730 3729//3729
f 3472//3472 3473//3473 3732//3732
f 3473//3473 3454//3454 3719//3719
f 3719//3719 3720//3720 3732//3732
f 3473//3473 3719//3719 3732//3732
f 3720//3720 3722//3722 3733//3733
f 3722//3722 3724//3724 3734//3734
f 3734//3734 3731//3731 3733//3733
f 3722//3722 3734//3734 3733//3733
f 3472//3472 3732//3732 3730//3730
f 3732//3732 3720//3720 3733//3733
f 3733//3733 3731//3731 3730//3730
f 3732//3732 3733//3733 3730//3730
f 3470//3470 3735//3735 3729//3729
f 3735//3735 3736//3736 3737//3737
f 3737//3737 3731//3731 3729//3729
f 3735//3735 3737//3737 3729//3729
f 3736//3736 3738//3738 3739//3739
f 3738//3738 3740//3740 3741//3741
f 3741//3741 3742//3742 3739//3739
f 3738//3738 3741//3741 3739//3739
f 3742//3742 3743//3743 3744//3744
f 3743//3743 3724//3724 3734//3734
f 3734//3734 3731//3731 3744//3744
f 3743//3743 3734//3734 3744//3744
f 3736//3736 3739//3739 3737//3737
f 3739//3739 3742//3742 3744//3744
f 3744//3744 3731//3731 3737//3737
f 3739//3739 3744//3744 3737//3737
f 3486//3486 3487//3487 3745//3745
f 3487//3487 3488//3488 3746//3746
f 3746//3746 3747//3747 3745//3745
f 3487//3487 3746//3746 3745//3745
f 3488//3488 3489//3489 3748//3748
f 3489//3489 3470//3470 3735//3735
f 3735//3735 3736//3736 3748//3748
f 3489//3489 3735//3735 3748//3748
f 3736//3736 3738//3738 3749//3749
f 3738//3738 3740//3740 3750//3750
f 3750//3750 3747//3747 3749//3749
f 3738//3738 3750//3750 3749//3749
f 3488//3488 3748//3748 3746//3746
f 3748//3748 3736//3736 3749//3749
f 3749//3749 3747//3747 3746//3746
f 3748//3748 3749//3749 3746//3746
f 3486//3486 3751//3751 3745//3745
f 3751//3751 3752//3752 3753//3753
f 3753//3753 3747//3747 3745//3745
f 3751//3751 3753//3753 3745//3745
f 3752//3752 3754//3754 3755//3755
f 3754//3754 3756//3756 3757//3757
f 3757//3757 3758//3758 3755//3755
f 3754//3754 3757//3757 3755//3755
f 3758//3758 3759//3759 3760//3760
f 3759//3759 3740//3740 3750//3750
f 3750//3750 3747//3747 3760//3760
f 3759//3759 3750//3750 3760//3760
f 3752//3752 3755//3755 3753//3753
f 3755//3755 3758//3758 3760//3760
f 3760//3760 3747//3747 3753//3753
f 3755//3755 3760//3760 3753//3753
f 3502//3502 3503//3503 3761//3761
f 3503//3503 3504//3504 3762//3762
f 3762//3762 3763//3763 3761//3761
f 3503//3503 3762//3762 3761//3761
f 3504//3504 3505//3505 3764//3764
f 3505//3505 3486//3486 3751//3751
f 3751//3751 3752//3752 3764//3764
f 3505//3505 3751//3751 3764//3764
f 3752//3752 3754//3754 3765//3765
f 3754//3754 3756//3756 3766//3766
f 3766//3766 3763//3763 3765//3765
f 3754//3754 3766//3766 3765//3765
f 3504//3504 3764//3764 3762//3762
f 3764//3764 3752//3752 3765//3765
f 3765//3765 3763//3763 3762//3762
f 3764//3764 3765//3765 3762//3762
f 3502//3502 3767//3767 3761//3761
f 3767//3767 3768//3768 3769//3769
f 3769//3769 3763//3763 3761//3761
f 3767//3767 3769//3769 3761//3761
f 3768//3768 3770//3770 3771//3771
f 3770//3770 3772//3772 3773//3773
f 3773//3773 3774//3774 3771//3771
f 3770//3770 3773//3773 3771//3771
f 3774//3774 3775//3775 3776//3776
f 3775//3775 3756//3756 3766//3766
f 3766//3766 3763//3763 3776//3776
f 3775//3775 3766//3766 3776//3776
f 3768//3768 3771//3771 3769//3769
f 3771//3771 3774//3774 3776//3776
f 3776//3776 3763//3763 3769//3769
f 3771//3771 3776//3776 3769//3769
f 3513//3513 3514//3514 3777//3777
f 3514//3514 3515//3515 3778//3778
f 3778//3778 3779//3779 3777//3777
f 3514//3514 3778//3778 3777//3777
f 3515//3515 3516//3516 3780//3780
f 3516//3516 3502//3502 3767//3767
f 3767//3767 3768//3768 3780//3780
f 3516//3516 3767//3767 3780//3780
f 3768//3768 3770//3770 3781//3781
f 3770//3770 3772//3772 3782//3782
f 3782//3782 3779//3779 3781//3781
f 3770//3770 3782//3782 3781//3781
f 3515//3515 3780//3780 3778//3778
f 3780//3780 3768//3768 3781//3781
f 3781//3781 3779//3779 3778//3778
f 3780//3780 3781//3781 3778//3778
f 3513//3513 3783//3783 3777//3777
f 3783//3783 3784//3784 3785//3785
f 3785//3785 3779//3779 3777//3777
f 3783//3783 3785//3785 3777//3777
f 3784//3784 3786//3786 3787//3787
f 3786//3786 3788//3788 3789//3789
f 3789//3789 3790//3790 3787//3787
f 3786//3786 3789//3789 3787//3787
f 3790//3790 3791//3791 3792//3792
f 3791//3791 3772//3772 3782//3782
f 3782//3782 3779//3779 3792//3792
f 3791//3791 3782//3782 3792//3792
f 3784//3784 3787//3787 3785//3785
f 3787//3787 3790//3790 3792//3792
f 3792//3792 3779//3779 3785//3785
f 3787//3787 3792//3792 3785//3785
f 3525//3525 3526//3526 3793//3793
f 3526//3526 3527//3527 3794//3794
f 3794//3794 3795//3795 3793//3793
f 3526//3526 3794//3794 3793//3793
f 3527//3527 3528//3528 3796//3796
f 3528//3528 3513//3513 3783//3783
f 3783//3783 3784//3784 3796//3796
f 3528//3528 3783//3783 3796//3796
f 3784//3784 3786//3786 3797//3797
f 3786//3786 3788//3788 3798//3798
f 3798//3798 3795//3795 3797//3797
f 3786//3786 3798//3798 3797//3797
f 3527//3527 3796//3796 3794//3794
f 3796//3796 3784//3784 3797//3797
f 3797//3797 3795//3795 3794//3794
f 3796//3796 3797//3797 3794//3794
f 3525//3525 3799//3799 3793//3793
f 3799//3799 3800//3800 3801//3801
f 3801//3801 3795//3795 3793//3793
f 3799//3799 3801//3801 3793//3793
f 3800//3800 3802//3802 3803//3803
f 3802//3802 3545//3545 3804//3804
f 3804//3804 3805//3805 3803//3803
f 3802//3802 3804//3804 3803//3803
f 3805//3805 3806//3806 3807//3807
f 3806//3806 3788//3788 3798//3798
f 3798//3798 3795//3795 3807//3807
f 3806//3806 3798//3798 3807//3807
f 3800//3800 3803//3803 3801//3801
f 3803//3803 3805//3805 3807//3807
f 3807//3807 3795//3795 3801//3801
f 3803//3803 3807//3807 3801//3801
f 3319//3319 3530//3530 3534//3534
f 3530//3530 3531//3531 3808//3808
f 3808//3808 3537//3537 3534//3534
f 3530//3530 3808//3808 3534//3534
f 3531//3531 3532//3532 3809//3809
f 3532//3532 3525//3525 3799//3799
f 3799//3799 3800//3800 3809//3809
f 3532//3532 3799//3799 3809//3809
f 3800//3800 3802//3802 3810//3810
f 3802//3802 3545//3545 3546//3546
f 3546//3546 3537//3537 3810//3810
f 3802//3802 3546//3546 3810//3810
f 3531//3531 3809//3809 3808//3808
f 3809//3809 3800//3800 3810//3810
f 3810//3810 3537//3537 3808//3808
f 3809//3809 3810//3810 3808//3808
f 3545//3545 3811//3811 3812//3812
f 3811//3811 3813//3813 3812//3812
f 3813//3813 3814//3814 3812//3812
f 3814//3814 3815//3815 3812//3812
f 3540//3540 3541//3541 3816//3816
f 3541//3541 3542//3542 3817//3817
f 3541//3541 3817//3817 3816//3816
f 3542//3542 3543//3543 3818//3818
f 3543//3543 3545//3545 3811//3811
f 3811//3811 3813//3813 3818//3818
f 3543//3543 3811//3811 3818//3818
f 3813//3813 3814//3814 3816//3816
f 3814//3814 3815//3815 3819//3819
f 3814//3814 3819//3819 3816//3816
f 3542//3542 3818//3818 3817//3817
f 3818//3818 3813//3813 3816//3816
f 3818//3818 3816//3816 3817//3817
f 3540//3540 3820//3820 3816//3816
f 3820//3820 3821//3821 3822//3822
f 3820//3820 3822//3822 3816//3816
f 3821//3821 3823//3823 3822//3822
f 3823//3823 3824//3824 3822//3822
f 3822//3822 3815//3815 3819//3819
f 3819//3819 3816//3816 3822//3822
f 3553//3553 3540//3540 3820//3820
f 3820//3820 3821//3821 3553//3553
f 3821//3821 3823//3823 3825//3825
f 3823//3823 3824//3824 3553//3553
f 3823//3823 3553//3553 3825//3825
f 3553//3553 3821//3821 3825//3825
f 3826//3826 3824//3824 3553//3553
f 3554//3554 3553//3553 3826//3826
f 3554//3554 3827//3827 3826//3826
f 3827//3827 3828//3828 3826//3826
f 3828//3828 3829//3829 3826//3826
f 3557//3557 3558//3558 3830//3830
f 3558//3558 3559//3559 3831//3831
f 3831//3831 3829//3829 3830//3830
f 3558//3558 3831//3831 3830//3830
f 3559//3559 3560//3560 3832//3832
f 3560//3560 3554//3554 3827//3827
f 3827//3827 3828//3828 3832//3832
f 3560//3560 3827//3827 3832//3832
f 3828//3828 3829//3829 3833//3833
f 3559//3559 3832//3832 3831//3831
f 3832//3832 3828//3828 3833//3833
f 3833//3833 3829//3829 3831//3831
f 3832//3832 3833//3833 3831//3831
f 3557//3557 3834//3834 3830//3830
f 3834//3834 3829//3829 3830//3830
f 3569//3569 3570//3570 3834//3834
f 3570//3570 3571//3571 3834//3834
f 3571//3571 3572//3572 3834//3834
f 3572//3572 3557//3557 3834//3834
f 3569//3569 3835//3835 3834//3834
f 3835//3835 3836//3836 3834//3834
f 3836//3836 3837//3837 3834//3834
f 3837//3837 3838//3838 3834//3834
f 3584//3584 3582//3582 3839//3839
f 3582//3582 3840//3840 3839//3839
f 3582//3582 3569//3569 3835//3835
f 3835//3835 3836//3836 3582//3582
f 3836//3836 3837//3837 3582//3582
f 3837//3837 3838//3838 3841//3841
f 3841//3841 3840//3840 3582//3582
f 3837//3837 3841//3841 3582//3582
f 3584//3584 3842//3842 3839//3839
f 3842//3842 3840//3840 3839//3839
f 3842//3842 3838//3838 3841//3841
f 3841//3841 3840//3840 3842//3842
f 3596//3596 3597//3597 3842//3842
f 3597//3597 3598//3598 3842//3842
f 3598//3598 3599//3599 3842//3842
f 3599//3599 3584//3584 3842//3842
f 3596//3596 3843//3843 3842//3842
f 3843//3843 3844//3844 3842//3842
f 3844//3844 3845//3845 3842//3842
f 3845//3845 3846//3846 3842//3842
f 3612//3612 3613//3613 3847//3847
f 3613//3613 3614//3614 3848//3848
f 3848//3848 3849//3849 3847//3847
f 3613//3613 3848//3848 3847//3847
f 3614//3614 3615//3615 3850//3850
f 3615//3615 3596//3596 3843//3843
f 3843//3843 3844//3844 3850//3850
f 3615//3615 3843//3843 3850//3850
f 3844//3844 3845//3845 3851//3851
f 3845//3845 3846//3846 3852//3852
f 3852//3852 3849//3849 3851//3851
f 3845//3845 3852//3852 3851//3851
f 3614//3614 3850//3850 3848//3848
f 3850//3850 3844//3844 3851//3851
f 3851//3851 3849//3849 3848//3848
f 3850//3850 3851//3851 3848//3848
f 3612//3612 3853//3853 3847//3847
f 3853//3853 3854//3854 3855//3855
f 3855//3855 3849//3849 3847//3847
f 3853//3853 3855//3855 3847//3847
f 3854//3854 3856//3856 3857//3857
f 3856//3856 3858//3858 3859//3859
f 3859//3859 3860//3860 3857//3857
f 3856//3856 3859//3859 3857//3857
f 3860//3860 3861//3861 3862//3862
f 3861//3861 3846//3846 3852//3852
f 3852//3852 3849//3849 3862//3862
f 3861//3861 3852//3852 3862//3862
f 3854//3854 3857//3857 3855//3855
f 3857//3857 3860//3860 3862//3862
f 3862//3862 3849//3849 3855//3855
f 3857//3857 3862//3862 3855//3855
f 3628//3628 3629//3629 3863//3863
f 3629//3629 3630//3630 3864//3864
f 3864//3864 3865//3865 3863//3863
f 3629//3629 3864//3864 3863//3863
f 3630//3630 3631//3631 3866//3866
f 3631//3631 3612//3612 3853//3853
f 3853//3853 3854//3854 3866//3866
f 3631//3631 3853//3853 3866//3866
f 3854//3854 3856//3856 3867//3867
f 3856//3856 3858//3858 3868//3868
f 3868//3868 3865//3865 3867//3867
f 3856//3856 3868//3868 3867//3867
f 3630//3630 3866//3866 3864//3864
f 3866//3866 3854//3854 3867//3867
f 3867//3867 3865//3865 3864//3864
f 3866//3866 3867//3867 3864//3864
f 3628//3628 3869//3869 3863//3863
f 3869//3869 3870//3870 3871//3871
f 3871//3871 3865//3865 3863//3863
f 3869//3869 3871//3871 3863//3863
f 3870//3870 3872//3872 3873//3873
f 3872//3872 3874//3874 3875//3875
f 3875//3875 3876//3876 3873//3873
f 3872//3872 3875//3875 3873//3873
f 3876//3876 3877//3877 3878//3878
f 3877//3877 3858//3858 3868//3868
f 3868//3868 3865//3865 3878//3878
f 3877//3877 3868//3868 3878//3878
f 3870//3870 3873//3873 3871//3871
f 3873//3873 3876//3876 3878//3878
f 3878//3878 3865//3865 3871//3871
f 3873//3873 3878//3878 3871//3871
f 3644//3644 3645//3645 3879//3879
f 3645//3645 3646//3646 3880//3880
f 3880//3880 3881//3881 3879//3879
f 3645//3645 3880//3880 3879//3879
f 3646//3646 3647//3647 3882//3882
f 3647//3647 3628//3628 3869//3869
f 3869//3869 3870//3870 3882//3882
f 3647//3647 3869//3869 3882//3882
f 3870//3870 3872//3872 3883//3883
f 3872//3872 3874//3874 3884//3884
f 3884//3884 3881//3881 3883//3883
f 3872//3872 3884//3884 3883//3883
f 3646//3646 3882//3882 3880//3880
f 3882//3882 3870//3870 3883//3883
f 3883//3883 3881//3881 3880//3880
f 3882//3882 3883//3883 3880//3880
f 3644//3644 3885//3885 3879//3879
f 3885//3885 3886//3886 3887//3887
f 3887//3887 3881//3881 3879//3879
f 3885//3885 3887//3887 3879//3879
f 3886//3886 3888//3888 3889//3889
f 3888//3888 3890//3890 3891//3891
f 3891//3891 3892//3892 3889//3889
f 3888//3888 3891//3891 3889//3889
f 3892//3892 3893//3893 3894//3894
f 3893//3893 3874//3874 3884//3884
f 3884//3884 3881//3881 3894//3894
f 3893//3893 3884//3884 3894//3894
f 3886//3886 3889//3889 3887//3887
f 3889//3889 3892//3892 3894//3894
f 3894//3894 3881//3881 3887//3887
f 3889//3889 3894//3894 3887//3887
f 3660//3660 3661//3661 3895//3895
f 3661//3661 3662//3662 3896//3896
f 3896//3896 3897//3897 3895//3895
f 3661//3661 3896//3896 3895//3895
f 3662//3662 3663//3663 3898//3898
f 3663//3663 3644//3644 3885//3885
f 3885//3885 3886//3886 3898//3898
f 3663//3663 3885//3885 3898//3898
f 3886//3886 3888//3888 3899//3899
f 3888//3888 3890//3890 3900//3900
f 3900//3900 3897//3897 3899//3899
f 3888//3888 3900//3900 3899//3899
f 3662//3662 3898//3898 3896//3896
f 3898//3898 3886//3886 3899//3899
f 3899//3899 3897//3897 3896//3896
f 3898//3898 3899//3899 3896//3896
f 3660//3660 3901//3901 3895//3895
f 3901//3901 3902//3902 3903//3903
f 3903//3903 3897//3897 3895//3895
f 3901//3901 3903//3903 3895//3895
f 3902//3902 3904//3904 3905//3905
f 3904//3904 3906//3906 3907//3907
f 3907//3907 3908//3908 3905//3905
f 3904//3904 3907//3907 3905//3905
f 3908//3908 3909//3909 3910//3910
f 3909//3909 3890//3890 3900//3900
f 3900//3900 3897//3897 3910//3910
f 3909//3909 3900//3900 3910//3910
f 3902//3902 3905//3905 3903//3903
f 3905//3905 3908//3908 3910//3910
f 3910//3910 3897//3897 3903//3903
f 3905//3905 3910//3910 3903//3903
f 3676//3676 3677//3677 3911//3911
f 3677//3677 3678//3678 3912//3912
f 3912//3912 3913//3913 3911//3911
f 3677//3677 3912//3912 3911//3911
f 3678//3678 3679//3679 3914//3914
f 3679//3679 3660//3660 3901//3901
f 3901//3901 3902//3902 3914//3914
f 3679//3679 3901//3901 3914//3914
f 3902//3902 3904//3904 3915//3915
f 3904//3904 3906//3906 3916//3916
f 3916//3916 3913//3913 3915//3915
f 3904//3904 3916//3916 3915//3915
f 3678//3678 3914//3914 3912//3912
f 3914//3914 3902//3902 3915//3915
f 3915//3915 3913//3913 3912//3912
f 3914//3914 3915//3915 3912//3912
f 3676//3676 3917//3917 3911//3911
f 3917//3917 3918//3918 3919//3919
f 3919//3919 3913//3913 3911//3911
f 3917//3917 3919//3919 3911//3911
f 3918//3918 3920//3920 3921//3921
f 3920//3920 3922//3922 3923//3923
f 3923//3923 3924//3924 3921//3921
f 3920//3920 3923//3923 3921//3921
f 3924//3924 3925//3925 3926//3926
f 3925//3925 3906//3906 3916//3916
f 3916//3916 3913//3913 3926//3926
f 3925//3925 3916//3916 3926//3926
f 3918//3918 3921//3921 3919//3919
f 3921//3921 3924//3924 3926//3926
f 3926//3926 3913//3913 3919//3919
f 3921//3921 3926//3926 3919//3919
f 3692//3692 3693//3693 3927//3927
f 3693//3693 3694//3694 3928//3928
f 3928//3928 3929//3929 3927//3927
f 3693//3693 3928//3928 3927//3927
f 3694//3694 3695//3695 3930//3930
f 3695//3695 3676//3676 3917//3917
f 3917//3917 3918//3918 3930//3930
f 3695//3695 3917//3917 3930//3930
f 3918//3918 3920//3920 3931//3931
f 3920//3920 3922//3922 3932//3932
f 3932//3932 3929//3929 3931//3931
f 3920//3920 3932//3932 3931//3931
f 3694//3694 3930//3930 3928//3928
f 3930//3930 3918//3918 3931//3931
f 3931//3931 3929//3929 3928//3928
f 3930//3930 3931//3931 3928//3928
f 3692//3692 3933//3933 3927//3927
f 3933//3933 3934//3934 3935//3935
f 3935//3935 3929//3929 3927//3927
f 3933//3933 3935//3935 3927//3927
f 3934//3934 3936//3936 3937//3937
f 3936//3936 3938//3938 3939//3939
f 3939//3939 3940//3940 3937//3937
f 3936//3936 3939//3939 3937//3937
f 3940//3940 3941//3941 3942//3942
f 3941//3941 3922//3922 3932//3932
f 3932//3932 3929//3929 3942//3942
f 3941//3941 3932//3932 3942//3942
f 3934//3934 3937//3937 3935//3935
f 3937//3937 3940//3940 3942//3942
f 3942//3942 3929//3929 3935//3935
f 3937//3937 3942//3942 3935//3935
f 3708//3708 3709//3709 3943//3943
f 3709//3709 3710//3710 3944//3944
f 3944//3944 3945//3945 3943//3943
f 3709//3709 3944//3944 3943//3943
f 3710//3710 3711//3711 3946//3946
f 3711//3711 3692//3692 3933//3933
f 3933//3933 3934//3934 3946//3946
f 3711//3711 3933//3933 3946//3946
f 3934//3934 3936//3936 3947//3947
f 3936//3936 3938//3938 3948//3948
f 3948//3948 3945//3945 3947//3947
f 3936//3936 3948//3948 3947//3947
f 3710//3710 3946//3946 3944//3944
f 3946//3946 3934//3934 3947//3947
f 3947//3947 3945//3945 3944//3944
f 3946//3946 3947//3947 3944//3944
f 3708//3708 3949//3949 3943//3943
f 3949//3949 3950//3950 3951//3951
f 3951//3951 3945//3945 3943//3943
f 3949//3949 3951//3951 3943//3943
f 3950//3950 3952//3952 3953//3953
f 3952//3952 3954//3954 3955//3955
f 3955//3955 3956//3956 3953//3953
f 3952//3952 3955//3955 3953//3953
f 3956//3956 3957//3957 3958//3958
f 3957//3957 3938//3938 3948//3948
f 3948//3948 3945//3945 3958//3958
f 3957//3957 3948//3948 3958//3958
f 3950//3950 3953//3953 3951//3951
f 3953//3953 3956//3956 3958//3958
f 3958//3958 3945//3945 3951//3951
f 3953//3953 3958//3958 3951//3951
f 3724//3724 3725//3725 3959//3959
f 3725//3725 3726//3726 3960//3960
f 3960//3960 3961//3961 3959//3959
f 3725//3725 3960//3960 3959//3959
f 3726//3726 3727//3727 3962//3962
f 3727//3727 3708//3708 3949//3949
f 3949//3949 3950//3950 3962//3962
f 3727//3727 3949//3949 3962//3962
f 3950//3950 3952//3952 3963//3963
f 3952//3952 3954//3954 3964//3964
f 3964//3964 3961//3961 3963//3963
f 3952//3952 3964//3964 3963//3963
f 3726//3726 3962//3962 3960//3960
f 3962//3962 3950//3950 3963//3963
f 3963//3963 3961//3961 3960//3960
f 3962//3962 3963//3963 3960//3960
f 3724//3724 3965//3965 3959//3959
f 3965//3965 3966//3966 3967//3967
f 3967//3967 3961//3961 3959//3959
f 3965//3965 3967//3967 3959//3959
f 3966//3966 3968//3968 3969//3969
f 3968//3968 3970//3970 3971//3971
f 3971//3971 3972//3972 3969//3969
f 3968//3968 3971//3971 3969//3969
f 3972//3972 3973//3973 3974//3974
f 3973//3973 3954//3954 3964//3964
f 3964//3964 3961//3961 3974//3974
f 3973//3973 3964//3964 3974//3974
f 3966//3966 3969//3969 3967//3967
f 3969//3969 3972//3972 3974//3974
f 3974//3974 3961//3961 3967//3967
f 3969//3969 3974//3974 3967//3967
f 3740//3740 3741//3741 3975//3975
f 3741//3741 3742//3742 3976//3976
f 3976//3976 3977//3977 3975//3975
f 3741//3741 3976//3976 3975//3975
f 3742//3742 3743//3743 3978//3978
f 3743//3743 3724//3724 3965//3965
f 3965//3965 3966//3966 3978//3978
f 3743//3743 3965//3965 3978//3978
f 3966//3966 3968//3968 3979//3979
f 3968//3968 3970//3970 3980//3980
f 3980//3980 3977//3977 3979//3979
f 3968//3968 3980//3980 3979//3979
f 3742//3742 3978//3978 3976//3976
f 3978//3978 3966//3966 3979//3979
f 3979//3979 3977//3977 3976//3976
f 3978//3978 3979//3979 3976//3976
f 3740//3740 3981//3981 3975//3975
f 3981//3981 3982//3982 3983//3983
f 3983//3983 3977//3977 3975//3975
f 3981//3981 3983//3983 3975//3975
f 3982//3982 3984//3984 3985//3985
f 3984//3984 3986//3986 3987//3987
f 3987//3987 3988//3988 3985//3985
f 3984//3984 3987//3987 3985//3985
f 3988//3988 3989//3989 3990//3990
f 3989//3989 3970//3970 3980//3980
f 3980//3980 3977//3977 3990//3990
f 3989//3989 3980//3980 3990//3990
f 3982//3982 3985//3985 3983//3983
f 3985//3985 3988//3988 3990//3990
f 3990//3990 3977//3977 3983//3983
f 3985//3985 3990//3990 3983//3983
f 3756//3756 3757//3757 3991//3991
f 3757//3757 3758//3758 3992//3992
f 3992//3992 3993//3993 3991//3991
f 3757//3757 3992//3992 3991//3991
f 3758//3758 3759//3759 3994//3994
f 3759//3759 3740//3740 3981//3981
f 3981//3981 3982//3982 3994//3994
f 3759//3759 3981//3981 3994//3994
f 3982//3982 3984//3984 3995//3995
f 3984//3984 3986//3986 3996//3996
f 3996//3996 3993//3993 3995//3995
f 3984//3984 3996//3996 3995//3995
f 3758//3758 3994//3994 3992//3992
f 3994//3994 3982//3982 3995//3995
f 3995//3995 3993//3993 3992//3992
f 3994//3994 3995//3995 3992//3992
f 3756//3756 3997//3997 3991//3991
f 3997//3997 3998//3998 3999//3999
f 3999//3999 3993//3993 3991//3991
f 3997//3997 3999//3999 3991//3991
f 3998//3998 4000//4000 4001//4001
f 4000//4000 4002//4002 4003//4003
f 4003//4003 4004//4004 4001//4001
f 4000//4000 4003//4003 4001//4001
f 4004//4004 4005//4005 4006//4006
f 4005//4005 3986//3986 3996//3996
f 3996//3996 3993//3993 4006//4006
f 4005//4005 3996//3996 4006//4006
f 3998//3998 4001//4001 3999//3999
f 4001//4001 4004//4004 4006//4006
f 4006//4006 3993//3993 3999//3999
f 4001//4001 4006//4006 3999//3999
f 3772//3772 3773//3773 4007//4007
f 3773//3773 3774//3774 4008//4008
f 4008//4008 4009//4009 4007//4007
f 3773//3773 4008//4008 4007//4007
f 3774//3774 3775//3775 4010//4010
f 3775//3775 3756//3756 3997//3997
f 3997//3997 3998//3998 4010//4010
f 3775//3775 3997//3997 4010//4010
f 3998//3998 4000//4000 4011//4011
f 4000//4000 4002//4002 4012//4012
f 4012//4012 4009//4009 4011//4011
f 4000//4000 4012//4012 4011//4011
f 3774//3774 4010//4010 4008//4008
f 4010//4010 3998//3998 4011//4011
f 4011//4011 4009//4009 4008//4008
f 4010//4010 4011//4011 4008//4008
f 3772//3772 4013//4013 4007//4007
f 4013//4013 4009//4009 4007//4007
f 4013//4013 4002//4002 4012//4012
f 4012//4012 4009//4009 4013//4013
f 3788//3788 3789//3789 4013//4013
f 3789//3789 3790//3790 4013//4013
f 3790//3790 3791//3791 4013//4013
f 3791//3791 3772//3772 4013//4013
f 3788//3788 3812//3812 4013//4013
f 3545//3545 3804//3804 3812//3812
f 3804//3804 3805//3805 3812//3812
f 3805//3805 3806//3806 3812//3812
f 3806//3806 3788//3788 3812//3812
f 3812//3812 4014//4014 4015//4015
f 4015//4015 4016//4016 3812//3812
f 4016//4016 4017//4017 3812//3812
f 4017//4017 4018//4018 3812//3812
f 3815//3815 3812//3812 4019//4019
f 3812//3812 4020//4020 4019//4019
f 3812//3812 4014//4014 4020//4020
f 3815//3815 4021//4021 4019//4019
f 4021//4021 4020//4020 4019//4019
f 4021//4021 4014//4014 4020//4020
f 3824//3824 3822//3822 4021//4021
f 3822//3822 3815//3815 4021//4021
f 3824//3824 4022//4022 4021//4021
f 3826//3826 3824//3824 4022//4022
f 3826//3826 4023//4023 4022//4022
f 3829//3829 3826//3826 4023//4023
f 3829//3829 4024//4024 4023//4023
f 3829//3829 4024//4024 3834//3834
f 4025//4025 4024//4024 3834//3834
f 3838//3838 3834//3834 4025//4025
f 3838//3838 4026//4026 4025//4025
f 4026//4026 4027//4027 4025//4025
f 3842//3842 3838//3838 4026//4026
f 4026//4026 4027//4027 3842//3842
f 4028//4028 4027//4027 3842//3842
f 3846//3846 3842//3842 4028//4028
f 3846//3846 4029//4029 4028//4028
f 4029//4029 4030//4030 4028//4028
f 4030//4030 4031//4031 4028//4028
f 4031//4031 4032//4032 4028//4028
f 3858//3858 3859//3859 4033//4033
f 3859//3859 3860//3860 4034//4034
f 4034//4034 4035//4035 4033//4033
f 3859//3859 4034//4034 4033//4033
f 3860//3860 3861//3861 4036//4036
f 3861//3861 3846//3846 4029//4029
f 4029//4029 4030//4030 4036//4036
f 3861//3861 4029//4029 4036//4036
f 4030//4030 4031//4031 4037//4037
f 4031//4031 4032//4032 4038//4038
f 4038//4038 4035//4035 4037//4037
f 4031//4031 4038//4038 4037//4037
f 3860//3860 4036//4036 4034//4034
f 4036//4036 4030//4030 4037//4037
f 4037//4037 4035//4035 4034//4034
f 4036//4036 4037//4037 4034//4034
f 3858//3858 4039//4039 4033//4033
f 4039//4039 4040//4040 4041//4041
f 4041//4041 4035//4035 4033//4033
f 4039//4039 4041//4041 4033//4033
f 4040//4040 4042//4042 4043//4043
f 4042//4042 4044//4044 4045//4045
f 4045//4045 4046//4046 4043//4043
f 4042//4042 4045//4045 4043//4043
f 4046//4046 4047//4047 4048//4048
f 4047//4047 4032//4032 4038//4038
f 4038//4038 4035//4035 4048//4048
f 4047//4047 4038//4038 4048//4048
f 4040//4040 4043//4043 4041//4041
f 4043//4043 4046//4046 4048//4048
f 4048//4048 4035//4035 4041//4041
f 4043//4043 4048//4048 4041//4041
f 3874//3874 3875//3875 4049//4049
f 3875//3875 3876//3876 4050//4050
f 4050//4050 4051//4051 4049//4049
f 3875//3875 4050//4050 4049//4049
f 3876//3876 3877//3877 4052//4052
f 3877//3877 3858//3858 4039//4039
f 4039//4039 4040//4040 4052//4052
f 3877//3877 4039//4039 4052//4052
f 4040//4040 4042//4042 4053//4053
f 4042//4042 4044//4044 4054//4054
f 4054//4054 4051//4051 4053//4053
f 4042//4042 4054//4054 4053//4053
f 3876//3876 4052//4052 4050//4050
f 4052//4052 4040//4040 4053//4053
f 4053//4053 4051//4051 4050//4050
f 4052//4052 4053//4053 4050//4050
f 3874//3874 4055//4055 4049//4049
f 4055//4055 4056//4056 4057//4057
f 4057//4057 4051//4051 4049//4049
f 4055//4055 4057//4057 4049//4049
f 4056//4056 4058//4058 4059//4059
f 4058//4058 4060//4060 4061//4061
f 4061//4061 4062//4062 4059//4059
f 4058//4058 4061//4061 4059//4059
f 4062//4062 4063//4063 4064//4064
f 4063//4063 4044//4044 4054//4054
f 4054//4054 4051//4051 4064//4064
f 4063//4063 4054//4054 4064//4064
f 4056//4056 4059//4059 4057//4057
f 4059//4059 4062//4062 4064//4064
f 4064//4064 4051//4051 4057//4057
f 4059//4059 4064//4064 4057//4057
f 3890//3890 3891//3891 4065//4065
f 3891//3891 3892//3892 4066//4066
f 4066//4066 4067//4067 4065//4065
f 3891//3891 4066//4066 4065//4065
f 3892//3892 3893//3893 4068//4068
f 3893//3893 3874//3874 4055//4055
f 4055//4055 4056//4056 4068//4068
f 3893//3893 4055//4055 4068//4068
f 4056//4056 4058//4058 4069//4069
f 4058//4058 4060//4060 4070//4070
f 4070//4070 4067//4067 4069//4069
f 4058//4058 4070//4070 4069//4069
f 3892//3892 4068//4068 4066//4066
f 4068//4068 4056//4056 4069//4069
f 4069//4069 4067//4067 4066//4066
f 4068//4068 4069//4069 4066//4066
f 3890//3890 4071//4071 4065//4065
f 4071//4071 4072//4072 4073//4073
f 4073//4073 4067//4067 4065//4065
f 4071//4071 4073//4073 4065//4065
f 4072//4072 4074//4074 4075//4075
f 4074//4074 4076//4076 4077//4077
f 4077//4077 4078//4078 4075//4075
f 4074//4074 4077//4077 4075//4075
f 4078//4078 4079//4079 4080//4080
f 4079//4079 4060//4060 4070//4070
f 4070//4070 4067//4067 4080//4080
f 4079//4079 4070//4070 4080//4080
f 4072//4072 4075//4075 4073//4073
f 4075//4075 4078//4078 4080//4080
f 4080//4080 4067//4067 4073//4073
f 4075//4075 4080//4080 4073//4073
f 3906//3906 3907//3907 4081//4081
f 3907//3907 3908//3908 4082//4082
f 4082//4082 4083//4083 4081//4081
f 3907//3907 4082//4082 4081//4081
f 3908//3908 3909//3909 4084//4084
f 3909//3909 3890//3890 4071//4071
f 4071//4071 4072//4072 4084//4084
f 3909//3909 4071//4071 4084//4084
f 4072//4072 4074//4074 4085//4085
f 4074//4074 4076//4076 4086//4086
f 4086//4086 4083//4083 4085//4085
f 4074//4074 4086//4086 4085//4085
f 3908//3908 4084//4084 4082//4082
f 4084//4084 4072//4072 4085//4085
f 4085//4085 4083//4083 4082//4082
f 4084//4084 4085//4085 4082//4082
f 3906//3906 4087//4087 4081//4081
f 4087//4087 4088//4088 4089//4089
f 4089//4089 4083//4083 4081//4081
f 4087//4087 4089//4089 4081//4081
f 4088//4088 4090//4090 4091//4091
f 4090//4090 4092//4092 4093//4093
f 4093//4093 4094//4094 4091//4091
f 4090//4090 4093//4093 4091//4091
f 4094//4094 4095//4095 4096//4096
f 4095//4095 4076//4076 4086//4086
f 4086//4086 4083//4083 4096//4096
f 4095//4095 4086//4086 4096//4096
f 4088//4088 4091//4091 4089//4089
f 4091//4091 4094//4094 4096//4096
f 4096//4096 4083//4083 4089//4089
f 4091//4091 4096//4096 4089//4089
f 3922//3922 3923//3923 4097//4097
f 3923//3923 3924//3924 4098//4098
f 4098//4098 4099//4099 4097//4097
f 3923//3923 4098//4098 4097//4097
f 3924//3924 3925//3925 4100//4100
f 3925//3925 3906//3906 4087//4087
f 4087//4087 4088//4088 4100//4100
f 3925//3925 4087//4087 4100//4100
f 4088//4088 4090//4090 4101//4101
f 4090//4090 4092//4092 4102//4102
f 4102//4102 4099//4099 4101//4101
f 4090//4090 4102//4102 4101//4101
f 3924//3924 4100//4100 4098//4098
f 4100//4100 4088//4088 4101//4101
f 4101//4101 4099//4099 4098//4098
f 4100//4100 4101//4101 4098//4098
f 3922//3922 4103//4103 4097//4097
f 4103//4103 4104//4104 4105//4105
f 4105//4105 4099//4099 4097//4097
f 4103//4103 4105//4105 4097//4097
f 4104//4104 4106//4106 4107//4107
f 4106//4106 4108//4108 4109//4109
f 4109//4109 4110//4110 4107//4107
f 4106//4106 4109//4109 4107//4107
f 4110//4110 4111//4111 4112//4112
f 4111//4111 4092//4092 4102//4102
f 4102//4102 4099//4099 4112//4112
f 4111//4111 4102//4102 4112//4112
f 4104//4104 4107//4107 4105//4105
f 4107//4107 4110//4110 4112//4112
f 4112//4112 4099//4099 4105//4105
f 4107//4107 4112//4112 4105//4105
f 3938//3938 3939//3939 4113//4113
f 3939//3939 3940//3940 4114//4114
f 4114//4114 4115//4115 4113//4113
f 3939//3939 4114//4114 4113//4113
f 3940//3940 3941//3941 4116//4116
f 3941//3941 3922//3922 4103//4103
f 4103//4103 4104//4104 4116//4116
f 3941//3941 4103//4103 4116//4116
f 4104//4104 4106//4106 4117//4117
f 4106//4106 4108//4108 4118//4118
f 4118//4118 4115//4115 4117//4117
f 4106//4106 4118//4118 4117//4117
f 3940//3940 4116//4116 4114//4114
f 4116//4116 4104//4104 4117//4117
f 4117//4117 4115//4115 4114//4114
f 4116//4116 4117//4117 4114//4114
f 3938//3938 4119//4119 4113//4113
f 4119//4119 4120//4120 4121//4121
f 4121//4121 4115//4115 4113//4113
f 4119//4119 4121//4121 4113//4113
f 4120//4120 4122//4122 4123//4123
f 4122//4122 4124//4124 4125//4125
f 4125//4125 4126//4126 4123//4123
f 4122//4122 4125//4125 4123//4123
f 4126//4126 4127//4127 4128//4128
f 4127//4127 4108//4108 4118//4118
f 4118//4118 4115//4115 4128//4128
f 4127//4127 4118//4118 4128//4128
f 4120//4120 4123//4123 4121//4121
f 4123//4123 4126//4126 4128//4128
f 4128//4128 4115//4115 4121//4121
f 4123//4123 4128//4128 4121//4121
f 3954//3954 3955//3955 4129//4129
f 3955//3955 3956//3956 4130//4130
f 4130//4130 4131//4131 4129//4129
f 3955//3955 4130//4130 4129//4129
f 3956//3956 3957//3957 4132//4132
f 3957//3957 3938//3938 4119//4119
f 4119//4119 4120//4120 4132//4132
f 3957//3957 4119//4119 4132//4132
f 4120//4120 4122//4122 4133//4133
f 4122//4122 4124//4124 4134//4134
f 4134//4134 4131//4131 4133//4133
f 4122//4122 4134//4134 4133//4133
f 3956//3956 4132//4132 4130//4130
f 4132//4132 4120//4120 4133//4133
f 4133//4133 4131//4131 4130//4130
f 4132//4132 4133//4133 4130//4130
f 3954//3954 4135//4135 4129//4129
f 4135//4135 4136//4136 4137//4137
f 4137//4137 4131//4131 4129//4129
f 4135//4135 4137//4137 4129//4129
f 4136//4136 4138//4138 4139//4139
f 4138//4138 4140//4140 4141//4141
f 4141//4141 4142//4142 4139//4139
f 4138//4138 4141//4141 4139//4139
f 4142//4142 4143//4143 4144//4144
f 4143//4143 4124//4124 4134//4134
f 4134//4134 4131//4131 4144//4144
f 4143//4143 4134//4134 4144//4144
f 4136//4136 4139//4139 4137//4137
f 4139//4139 4142//4142 4144//4144
f 4144//4144 4131//4131 4137//4137
f 4139//4139 4144//4144 4137//4137
f 3970//3970 3971//3971 4145//4145
f 3971//3971 3972//3972 4146//4146
f 4146//4146 4147//4147 4145//4145
f 3971//3971 4146//4146 4145//4145
f 3972//3972 3973//3973 4148//4148
f 3973//3973 3954//3954 4135//4135
f 4135//4135 4136//4136 4148//4148
f 3973//3973 4135//4135 4148//4148
f 4136//4136 4138//4138 4149//4149
f 4138//4138 4140//4140 4150//4150
f 4150//4150 4147//4147 4149//4149
f 4138//4138 4150//4150 4149//4149
f 3972//3972 4148//4148 4146//4146
f 4148//4148 4136//4136 4149//4149
f 4149//4149 4147//4147 4146//4146
f 4148//4148 4149//4149 4146//4146
f 3970//3970 4151//4151 4145//4145
f 4151//4151 4152//4152 4153//4153
f 4153//4153 4147//4147 4145//4145
f 4151//4151 4153//4153 4145//4145
f 4152//4152 4154//4154 4155//4155
f 4154//4154 4156//4156 4157//4157
f 4157//4157 4158//4158 4155//4155
f 4154//4154 4157//4157 4155//4155
f 4158//4158 4159//4159 4160//4160
f 4159//4159 4140//4140 4150//4150
f 4150//4150 4147//4147 4160//4160
f 4159//4159 4150//4150 4160//4160
f 4152//4152 4155//4155 4153//4153
f 4155//4155 4158//4158 4160//4160
f 4160//4160 4147//4147 4153//4153
f 4155//4155 4160//4160 4153//4153
f 3986//3986 3987//3987 4161//4161
f 3987//3987 3988//3988 4162//4162
f 4162//4162 4163//4163 4161//4161
f 3987//3987 4162//4162 4161//4161
f 3988//3988 3989//3989 4164//4164
f 3989//3989 3970//3970 4151//4151
f 4151//4151 4152//4152 4164//4164
f 3989//3989 4151//4151 4164//4164
f 4152//4152 4154//4154 4165//4165
f 4154//4154 4156//4156 4166//4166
f 4166//4166 4163//4163 4165//4165
f 4154//4154 4166//4166 4165//4165
f 3988//3988 4164//4164 4162//4162
f 4164//4164 4152//4152 4165//4165
f 4165//4165 4163//4163 4162//4162
f 4164//4164 4165//4165 4162//4162
f 3986//3986 4167//4167 4161//4161
f 4167//4167 4163//4163 4161//4161
f 4167//4167 4168//4168 4169//4169
f 4169//4169 4170//4170 4167//4167
f 4170//4170 4171//4171 4167//4167
f 4171//4171 4156//4156 4166//4166
f 4166//4166 4163//4163 4167//4167
f 4171//4171 4166//4166 4167//4167
f 4002//4002 4003//4003 4172//4172
f 4003//4003 4004//4004 4173//4173
f 4173//4173 4174//4174 4172//4172
f 4003//4003 4173//4173 4172//4172
f 4004//4004 4005//4005 4167//4167
f 4005//4005 3986//3986 4167//4167
f 4167//4167 4168//4168 4175//4175
f 4175//4175 4174//4174 4176//4176
f 4167//4167 4175//4175 4176//4176
f 4004//4004 4167//4167 4173//4173
f 4176//4176 4174//4174 4173//4173
f 4167//4167 4176//4176 4173//4173
f 4002//4002 4177//4177 4172//4172
f 4177//4177 4178//4178 4179//4179
f 4179//4179 4174//4174 4172//4172
f 4177//4177 4179//4179 4172//4172
f 4178//4178 4180//4180 4181//4181
f 4180//4180 4182//4182 4183//4183
f 4183//4183 4184//4184 4181//4181
f 4180//4180 4183//4183 4181//4181
f 4184//4184 4185//4185 4186//4186
f 4185//4185 4168//4168 4175//4175
f 4175//4175 4174//4174 4186//4186
f 4185//4185 4175//4175 4186//4186
f 4178//4178 4181//4181 4179//4179
f 4181//4181 4184//4184 4186//4186
f 4186//4186 4174//4174 4179//4179
f 4181//4181 4186//4186 4179//4179
f 4013//4013 4002//4002 4177//4177
f 4177//4177 4178//4178 4013//4013
f 4178//4178 4180//4180 4013//4013
f 4180//4180 4182//4182 4013//4013
f 4013//4013 4018//4018 4187//4187
f 4187//4187 4188//4188 4013//4013
f 4188//4188 4189//4189 4013//4013
f 4189//4189 4182//4182 4013//4013
f 4013//4013 4018//4018 3812//3812
f 4018//4018 4190//4190 4191//4191
f 4190//4190 4192//4192 4193//4193
f 4193//4193 4194//4194 4191//4191
f 4190//4190 4193//4193 4191//4191
f 4192//4192 4195//4195 4193//4193
f 4195//4195 4196//4196 4193//4193
f 4193//4193 4197//4197 4198//4198
f 4198//4198 4194//4194 4193//4193
f 4014//4014 4015//4015 4199//4199
f 4015//4015 4016//4016 4199//4199
f 4016//4016 4017//4017 4199//4199
f 4017//4017 4018//4018 4190//4190
f 4190//4190 4192//4192 4199//4199
f 4017//4017 4190//4190 4199//4199
f 4192//4192 4195//4195 4199//4199
f 4195//4195 4196//4196 4199//4199
f 4014//4014 4200//4200 4199//4199
f 4200//4200 4201//4201 4199//4199
f 4201//4201 4202//4202 4199//4199
f 4203//4203 4204//4204 4199//4199
f 4202//4202 4203//4203 4199//4199
f 4204//4204 4205//4205 4199//4199
f 4205//4205 4196//4196 4199//4199
f 4021//4021 4014//4014 4200//4200
f 4200//4200 4201//4201 4021//4021
f 4201//4201 4202//4202 4021//4021
f 4202//4202 4203//4203 4021//4021
f 4021//4021 4206//4206 4207//4207
f 4207//4207 4208//4208 4021//4021
f 4208//4208 4209//4209 4021//4021
f 4209//4209 4203//4203 4021//4021
f 4021//4021 4206//4206 4022//4022
f 4022//4022 4210//4210 4211//4211
f 4211//4211 4212//4212 4022//4022
f 4212//4212 4213//4213 4214//4214
f 4213//4213 4206//4206 4022//4022
f 4213//4213 4022//4022 4214//4214
f 4022//4022 4212//4212 4214//4214
f 4022//4022 4210//4210 4023//4023
f 4023//4023 4215//4215 4216//4216
f 4216//4216 4217//4217 4023//4023
f 4217//4217 4218//4218 4023//4023
f 4218//4218 4210//4210 4023//4023
f 4024//4024 4023//4023 4219//4219
f 4023//4023 4215//4215 4220//4220
f 4220//4220 4219//4219 4023//4023
f 4024//4024 4221//4221 4219//4219
f 4221//4221 4222//4222 4219//4219
f 4222//4222 4223//4223 4219//4219
f 4223//4223 4224//4224 4225//4225
f 4225//4225 4226//4226 4219//4219
f 4223//4223 4225//4225 4219//4219
f 4226//4226 4227//4227 4219//4219
f 4227//4227 4215//4215 4220//4220
f 4227//4227 4220//4220 4219//4219
f 4025//4025 4024//4024 4221//4221
f 4221//4221 4222//4222 4025//4025
f 4222//4222 4223//4223 4025//4025
f 4223//4223 4224//4224 4025//4025
f 4025//4025 4228//4228 4229//4229
f 4229//4229 4230//4230 4025//4025
f 4230//4230 4231//4231 4025//4025
f 4231//4231 4224//4224 4025//4025
f 4027//4027 4025//4025 4232//4232
f 4025//4025 4233//4233 4232//4232
f 4025//4025 4228//4228 4234//4234
f 4234//4234 4233//4233 4025//4025
f 4027//4027 4235//4235 4232//4232
f 4235//4235 4236//4236 4237//4237
f 4237//4237 4233//4233 4232//4232
f 4235//4235 4237//4237 4232//4232
f 4236//4236 4238//4238 4239//4239
f 4238//4238 4240//4240 4241//4241
f 4241//4241 4242//4242 4239//4239
f 4238//4238 4241//4241 4239//4239
f 4242//4242 4243//4243 4244//4244
f 4243//4243 4228//4228 4234//4234
f 4234//4234 4233//4233 4244//4244
f 4243//4243 4234//4234 4244//4244
f 4236//4236 4239//4239 4237//4237
f 4239//4239 4242//4242 4244//4244
f 4244//4244 4233//4233 4237//4237
f 4239//4239 4244//4244 4237//4237
f 4028//4028 4027//4027 4235//4235
f 4235//4235 4236//4236 4028//4028
f 4236//4236 4238//4238 4028//4028
f 4238//4238 4240//4240 4028//4028
f 4028//4028 4245//4245 4246//4246
f 4246//4246 4247//4247 4028//4028
f 4247//4247 4248//4248 4028//4028
f 4248//4248 4240//4240 4028//4028
f 4032//4032 4028//4028 4249//4249
f 4028//4028 4250//4250 4249//4249
f 4028//4028 4245//4245 4251//4251
f 4251//4251 4250//4250 4028//4028
f 4032//4032 4252//4252 4249//4249
f 4252//4252 4253//4253 4254//4254
f 4254//4254 4250//4250 4249//4249
f 4252//4252 4254//4254 4249//4249
f 4253//4253 4255//4255 4256//4256
f 4255//4255 4257//4257 4258//4258
f 4258//4258 4259//4259 4256//4256
f 4255//4255 4258//4258 4256//4256
f 4259//4259 4260//4260 4261//4261
f 4260//4260 4245//4245 4251//4251
f 4251//4251 4250//4250 4261//4261
f 4260//4260 4251//4251 4261//4261
f 4253//4253 4256//4256 4254//4254
f 4256//4256 4259//4259 4261//4261
f 4261//4261 4250//4250 4254//4254
f 4256//4256 4261//4261 4254//4254
f 4044//4044 4045//4045 4262//4262
f 4045//4045 4046//4046 4263//4263
f 4263//4263 4264//4264 4262//4262
f 4045//4045 4263//4263 4262//4262
f 4046//4046 4047//4047 4265//4265
f 4047//4047 4032//4032 4252//4252
f 4252//4252 4253//4253 4265//4265
f 4047//4047 4252//4252 4265//4265
f 4253//4253 4255//4255 4266//4266
f 4255//4255 4257//4257 4267//4267
f 4267//4267 4264//4264 4266//4266
f 4255//4255 4267//4267 4266//4266
f 4046//4046 4265//4265 4263//4263
f 4265//4265 4253//4253 4266//4266
f 4266//4266 4264//4264 4263//4263
f 4265//4265 4266//4266 4263//4263
f 4044//4044 4268//4268 4262//4262
f 4268//4268 4269//4269 4270//4270
f 4270//4270 4264//4264 4262//4262
f 4268//4268 4270//4270 4262//4262
f 4269//4269 4271//4271 4272//4272
f 4271//4271 4273//4273 4274//4274
f 4274//4274 4275//4275 4272//4272
f 4271//4271 4274//4274 4272//4272
f 4275//4275 4276//4276 4277//4277
f 4276//4276 4257//4257 4267//4267
f 4267//4267 4264//4264 4277//4277
f 4276//4276 4267//4267 4277//4277
f 4269//4269 4272//4272 4270//4270
f 4272//4272 4275//4275 4277//4277
f 4277//4277 4264//4264 4270//4270
f 4272//4272 4277//4277 4270//4270
f 4060//4060 4061//4061 4278//4278
f 4061//4061 4062//4062 4279//4279
f 4279//4279 4280//4280 4278//4278
f 4061//4061 4279//4279 4278//4278
f 4062//4062 4063//4063 4281//4281
f 4063//4063 4044//4044 4268//4268
f 4268//4268 4269//4269 4281//4281
f 4063//4063 4268//4268 4281//4281
f 4269//4269 4271//4271 4282//4282
f 4271//4271 4273//4273 4283//4283
f 4283//4283 4280//4280 4282//4282
f 4271//4271 4283//4283 4282//4282
f 4062//4062 4281//4281 4279//4279
f 4281//4281 4269//4269 4282//4282
f 4282//4282 4280//4280 4279//4279
f 4281//4281 4282//4282 4279//4279
f 4060//4060 4284//4284 4278//4278
f 4284//4284 4285//4285 4286//4286
f 4286//4286 4280//4280 4278//4278
f 4284//4284 4286//4286 4278//4278
f 4285//4285 4287//4287 4288//4288
f 4287//4287 4289//4289 4290//4290
f 4290//4290 4291//4291 4288//4288
f 4287//4287 4290//4290 4288//4288
f 4291//4291 4292//4292 4293//4293
f 4292//4292 4273//4273 4283//4283
f 4283//4283 4280//4280 4293//4293
f 4292//4292 4283//4283 4293//4293
f 4285//4285 4288//4288 4286//4286
f 4288//4288 4291//4291 4293//4293
f 4293//4293 4280//4280 4286//4286
f 4288//4288 4293//4293 4286//4286
f 4076//4076 4077//4077 4294//4294
f 4077//4077 4078//4078 4295//4295
f 4295//4295 4296//4296 4294//4294
f 4077//4077 4295//4295 4294//4294
f 4078//4078 4079//4079 4297//4297
f 4079//4079 4060//4060 4284//4284
f 4284//4284 4285//4285 4297//4297
f 4079//4079 4284//4284 4297//4297
f 4285//4285 4287//4287 4298//4298
f 4287//4287 4289//4289 4299//4299
f 4299//4299 4296//4296 4298//4298
f 4287//4287 4299//4299 4298//4298
f 4078//4078 4297//4297 4295//4295
f 4297//4297 4285//4285 4298//4298
f 4298//4298 4296//4296 4295//4295
f 4297//4297 4298//4298 4295//4295
f 4076//4076 4300//4300 4294//4294
f 4300//4300 4301//4301 4302//4302
f 4302//4302 4296//4296 4294//4294
f 4300//4300 4302//4302 4294//4294
f 4301//4301 4303//4303 4304//4304
f 4303//4303 4305//4305 4306//4306
f 4306//4306 4307//4307 4304//4304
f 4303//4303 4306//4306 4304//4304
f 4307//4307 4308//4308 4309//4309
f 4308//4308 4289//4289 4299//4299
f 4299//4299 4296//4296 4309//4309
f 4308//4308 4299//4299 4309//4309
f 4301//4301 4304//4304 4302//4302
f 4304//4304 4307//4307 4309//4309
f 4309//4309 4296//4296 4302//4302
f 4304//4304 4309//4309 4302//4302
f 4092//4092 4093//4093 4310//4310
f 4093//4093 4094//4094 4311//4311
f 4311//4311 4312//4312 4310//4310
f 4093//4093 4311//4311 4310//4310
f 4094//4094 4095//4095 4313//4313
f 4095//4095 4076//4076 4300//4300
f 4300//4300 4301//4301 4313//4313
f 4095//4095 4300//4300 4313//4313
f 4301//4301 4303//4303 4314//4314
f 4303//4303 4305//4305 4315//4315
f 4315//4315 4312//4312 4314//4314
f 4303//4303 4315//4315 4314//4314
f 4094//4094 4313//4313 4311//4311
f 4313//4313 4301//4301 4314//4314
f 4314//4314 4312//4312 4311//4311
f 4313//4313 4314//4314 4311//4311
f 4092//4092 4316//4316 4310//4310
f 4316//4316 4317//4317 4318//4318
f 4318//4318 4312//4312 4310//4310
f 4316//4316 4318//4318 4310//4310
f 4317//4317 4319//4319 4320//4320
f 4319//4319 4321//4321 4322//4322
f 4322//4322 4323//4323 4320//4320
f 4319//4319 4322//4322 4320//4320
f 4323//4323 4324//4324 4325//4325
f 4324//4324 4305//4305 4315//4315
f 4315//4315 4312//4312 4325//4325
f 4324//4324 4315//4315 4325//4325
f 4317//4317 4320//4320 4318//4318
f 4320//4320 4323//4323 4325//4325
f 4325//4325 4312//4312 4318//4318
f 4320//4320 4325//4325 4318//4318
f 4108//4108 4109//4109 4326//4326
f 4109//4109 4110//4110 4327//4327
f 4327//4327 4328//4328 4326//4326
f 4109//4109 4327//4327 4326//4326
f 4110//4110 4111//4111 4329//4329
f 4111//4111 4092//4092 4316//4316
f 4316//4316 4317//4317 4329//4329
f 4111//4111 4316//4316 4329//4329
f 4317//4317 4319//4319 4330//4330
f 4319//4319 4321//4321 4331//4331
f 4331//4331 4328//4328 4330//4330
f 4319//4319 4331//4331 4330//4330
f 4110//4110 4329//4329 4327//4327
f 4329//4329 4317//4317 4330//4330
f 4330//4330 4328//4328 4327//4327
f 4329//4329 4330//4330 4327//4327
f 4108//4108 4332//4332 4326//4326
f 4332//4332 4333//4333 4334//4334
f 4334//4334 4328//4328 4326//4326
f 4332//4332 4334//4334 4326//4326
f 4333//4333 4335//4335 4336//4336
f 4335//4335 4337//4337 4338//4338
f 4338//4338 4339//4339 4336//4336
f 4335//4335 4338//4338 4336//4336
f 4339//4339 4340//4340 4341//4341
f 4340//4340 4321//4321 4331//4331
f 4331//4331 4328//4328 4341//4341
f 4340//4340 4331//4331 4341//4341
f 4333//4333 4336//4336 4334//4334
f 4336//4336 4339//4339 4341//4341
f 4341//4341 4328//4328 4334//4334
f 4336//4336 4341//4341 4334//4334
f 4124//4124 4125//4125 4342//4342
f 4125//4125 4126//4126 4343//4343
f 4343//4343 4344//4344 4342//4342
f 4125//4125 4343//4343 4342//4342
f 4126//4126 4127//4127 4345//4345
f 4127//4127 4108//4108 4332//4332
f 4332//4332 4333//4333 4345//4345
f 4127//4127 4332//4332 4345//4345
f 4333//4333 4335//4335 4346//4346
f 4335//4335 4337//4337 4347//4347
f 4347//4347 4344//4344 4346//4346
f 4335//4335 4347//4347 4346//4346
f 4126//4126 4345//4345 4343//4343
f 4345//4345 4333//4333 4346//4346
f 4346//4346 4344//4344 4343//4343
f 4345//4345 4346//4346 4343//4343
f 4124//4124 4348//4348 4342//4342
f 4348//4348 4349//4349 4350//4350
f 4350//4350 4344//4344 4342//4342
f 4348//4348 4350//4350 4342//4342
f 4349//4349 4351//4351 4352//4352
f 4351//4351 4353//4353 4354//4354
f 4354//4354 4355//4355 4352//4352
f 4351//4351 4354//4354 4352//4352
f 4355//4355 4356//4356 4357//4357
f 4356//4356 4337//4337 4347//4347
f 4347//4347 4344//4344 4357//4357
f 4356//4356 4347//4347 4357//4357
f 4349//4349 4352//4352 4350//4350
f 4352//4352 4355//4355 4357//4357
f 4357//4357 4344//4344 4350//4350
f 4352//4352 4357//4357 4350//4350
f 4140//4140 4141//4141 4358//4358
f 4141//4141 4142//4142 4359//4359
f 4359//4359 4360//4360 4358//4358
f 4141//4141 4359//4359 4358//4358
f 4142//4142 4143//4143 4361//4361
f 4143//4143 4124//4124 4348//4348
f 4348//4348 4349//4349 4361//4361
f 4143//4143 4348//4348 4361//4361
f 4349//4349 4351//4351 4362//4362
f 4351//4351 4353//4353 4363//4363
f 4363//4363 4360//4360 4362//4362
f 4351//4351 4363//4363 4362//4362
f 4142//4142 4361//4361 4359//4359
f 4361//4361 4349//4349 4362//4362
f 4362//4362 4360//4360 4359//4359
f 4361//4361 4362//4362 4359//4359
f 4140//4140 4364//4364 4358//4358
f 4364//4364 4365//4365 4366//4366
f 4366//4366 4360//4360 4358//4358
f 4364//4364 4366//4366 4358//4358
f 4365//4365 4367//4367 4368//4368
f 4367//4367 4369//4369 4370//4370
f 4370//4370 4371//4371 4368//4368
f 4367//4367 4370//4370 4368//4368
f 4371//4371 4372//4372 4373//4373
f 4372//4372 4353//4353 4363//4363
f 4363//4363 4360//4360 4373//4373
f 4372//4372 4363//4363 4373//4373
f 4365//4365 4368//4368 4366//4366
f 4368//4368 4371//4371 4373//4373
f 4373//4373 4360//4360 4366//4366
f 4368//4368 4373//4373 4366//4366
f 4156//4156 4157//4157 4374//4374
f 4157//4157 4158//4158 4375//4375
f 4375//4375 4376//4376 4374//4374
f 4157//4157 4375//4375 4374//4374
f 4158//4158 4159//4159 4377//4377
f 4159//4159 4140//4140 4364//4364
f 4364//4364 4365//4365 4377//4377
f 4159//4159 4364//4364 4377//4377
f 4365//4365 4367//4367 4378//4378
f 4367//4367 4369//4369 4379//4379
f 4379//4379 4376//4376 4378//4378
f 4367//4367 4379//4379 4378//4378
f 4158//4158 4377//4377 4375//4375
f 4377//4377 4365//4365 4378//4378
f 4378//4378 4376//4376 4375//4375
f 4377//4377 4378//4378 4375//4375
f 4156//4156 4380//4380 4374//4374
f 4380//4380 4381//4381 4382//4382
f 4382//4382 4376//4376 4374//4374
f 4380//4380 4382//4382 4374//4374
f 4381//4381 4383//4383 4384//4384
f 4383//4383 4385//4385 4386//4386
f 4386//4386 4387//4387 4384//4384
f 4383//4383 4386//4386 4384//4384
f 4387//4387 4388//4388 4389//4389
f 4388//4388 4369//4369 4379//4379
f 4379//4379 4376//4376 4389//4389
f 4388//4388 4379//4379 4389//4389
f 4381//4381 4384//4384 4382//4382
f 4384//4384 4387//4387 4389//4389
f 4389//4389 4376//4376 4382//4382
f 4384//4384 4389//4389 4382//4382
f 4168//4168 4169//4169 4390//4390
f 4169//4169 4170//4170 4391//4391
f 4391//4391 4392//4392 4390//4390
f 4169//4169 4391//4391 4390//4390
f 4170//4170 4171//4171 4393//4393
f 4171//4171 4156//4156 4380//4380
f 4380//4380 4381//4381 4393//4393
f 4171//4171 4380//4380 4393//4393
f 4381//4381 4383//4383 4394//4394
f 4383//4383 4385//4385 4395//4395
f 4395//4395 4392//4392 4394//4394
f 4383//4383 4395//4395 4394//4394
f 4170//4170 4393//4393 4391//4391
f 4393//4393 4381//4381 4394//4394
f 4394//4394 4392//4392 4391//4391
f 4393//4393 4394//4394 4391//4391
f 4168//4168 4396//4396 4390//4390
f 4396//4396 4397//4397 4398//4398
f 4398//4398 4392//4392 4390//4390
f 4396//4396 4398//4398 4390//4390
f 4397//4397 4399//4399 4400//4400
f 4399//4399 4401//4401 4402//4402
f 4402//4402 4403//4403 4400//4400
f 4399//4399 4402//4402 4400//4400
f 4403//4403 4404//4404 4405//4405
f 4404//4404 4385//4385 4395//4395
f 4395//4395 4392//4392 4405//4405
f 4404//4404 4395//4395 4405//4405
f 4397//4397 4400//4400 4398//4398
f 4400//4400 4403//4403 4405//4405
f 4405//4405 4392//4392 4398//4398
f 4400//4400 4405//4405 4398//4398
f 4182//4182 4183//4183 4406//4406
f 4183//4183 4184//4184 4407//4407
f 4407//4407 4408//4408 4406//4406
f 4183//4183 4407//4407 4406//4406
f 4184//4184 4185//4185 4409//4409
f 4185//4185 4168//4168 4396//4396
f 4396//4396 4397//4397 4409//4409
f 4185//4185 4396//4396 4409//4409
f 4397//4397 4399//4399 4410//4410
f 4399//4399 4401//4401 4411//4411
f 4411//4411 4408//4408 4410//4410
f 4399//4399 4411//4411 4410//4410
f 4184//4184 4409//4409 4407//4407
f 4409//4409 4397//4397 4410//4410
f 4410//4410 4408//4408 4407//4407
f 4409//4409 4410//4410 4407//4407
f 4182//4182 4412//4412 4406//4406
f 4412//4412 4413//4413 4414//4414
f 4414//4414 4408//4408 4406//4406
f 4412//4412 4414//4414 4406//4406
f 4413//4413 4415//4415 4416//4416
f 4415//4415 4197//4197 4417//4417
f 4417//4417 4418//4418 4416//4416
f 4415//4415 4417//4417 4416//4416
f 4418//4418 4419//4419 4420//4420
f 4419//4419 4401//4401 4411//4411
f 4411//4411 4408//4408 4420//4420
f 4419//4419 4411//4411 4420//4420
f 4413//4413 4416//4416 4414//4414
f 4416//4416 4418//4418 4420//4420
f 4420//4420 4408//4408 4414//4414
f 4416//4416 4420//4420 4414//4414
f 4018//4018 4187//4187 4191//4191
f 4187//4187 4188//4188 4421//4421
f 4421//4421 4194//4194 4191//4191
f 4187//4187 4421//4421 4191//4191
f 4188//4188 4189//4189 4422//4422
f 4189//4189 4182//4182 4412//4412
f 4412//4412 4413//4413 4422//4422
f 4189//4189 4412//4412 4422//4422
f 4413//4413 4415//4415 4423//4423
f 4415//4415 4197//4197 4198//4198
f 4198//4198 4194//4194 4423//4423
f 4415//4415 4198//4198 4423//4423
f 4188//4188 4422//4422 4421//4421
f 4422//4422 4413//4413 4423//4423
f 4423//4423 4194//4194 4421//4421
f 4422//4422 4423//4423 4421//4421
f 4197//4197 4424//4424 4425//4425
f 4424//4424 4426//4426 4427//4427
f 4427//4427 4428//4428 4425//4425
f 4424//4424 4427//4427 4425//4425
f 4426//4426 4429//4429 4430//4430
f 4429//4429 4431//4431 4432//4432
f 4432//4432 4433//4433 4430//4430
f 4429//4429 4432//4432 4430//4430
f 4433//4433 4434//4434 4435//4435
f 4434//4434 4436//4436 4437//4437
f 4437//4437 4428//4428 4435//4435
f 4434//4434 4437//4437 4435//4435
f 4426//4426 4430//4430 4427//4427
f 4430//4430 4433//4433 4435//4435
f 4435//4435 4428//4428 4427//4427
f 4430//4430 4435//4435 4427//4427
f 4196//4196 4193//4193 4438//4438
f 4193//4193 4439//4439 4438//4438
f 4193//4193 4197//4197 4424//4424
f 4424//4424 4426//4426 4193//4193
f 4426//4426 4429//4429 4193//4193
f 4429//4429 4431//4431 4440//4440
f 4440//4440 4439//4439 4193//4193
f 4429//4429 4440//4440 4193//4193
f 4196//4196 4441//4441 4438//4438
f 4441//4441 4442//4442 4443//4443
f 4443//4443 4439//4439 4438//4438
f 4441//4441 4443//4443 4438//4438
f 4442//4442 4444//4444 4445//4445
f 4444//4444 4446//4446 4447//4447
f 4447//4447 4448//4448 4445//4445
f 4444//4444 4447//4447 4445//4445
f 4448//4448 4449//4449 4450//4450
f 4449//4449 4431//4431 4440//4440
f 4440//4440 4439//4439 4450//4450
f 4449//4449 4440//4440 4450//4450
f 4442//4442 4445//4445 4443//4443
f 4445//4445 4448//4448 4450//4450
f 4450//4450 4439//4439 4443//4443
f 4445//4445 4450//4450 4443//4443
f 4203//4203 4204//4204 4451//4451
f 4451//4451 4452//4452 4453//4453
f 4203//4203 4451//4451 4453//4453
f 4204//4204 4205//4205 4454//4454
f 4205//4205 4196//4196 4441//4441
f 4441//4441 4442//4442 4454//4454
f 4205//4205 4441//4441 4454//4454
f 4442//4442 4444//4444 4455//4455
f 4444//4444 4446//4446 4456//4456
f 4456//4456 4452//4452 4455//4455
f 4444//4444 4456//4456 4455//4455
f 4204//4204 4454//4454 4451//4451
f 4454//4454 4442//4442 4455//4455
f 4455//4455 4452//4452 4451//4451
f 4454//4454 4455//4455 4451//4451
f 4203//4203 4457//4457 4453//4453
f 4457//4457 4458//4458 4459//4459
f 4459//4459 4452//4452 4453//4453
f 4457//4457 4459//4459 4453//4453
f 4458//4458 4460//4460 4461//4461
f 4460//4460 4462//4462 4463//4463
f 4463//4463 4464//4464 4461//4461
f 4460//4460 4463//4463 4461//4461
f 4464//4464 4465//4465 4466//4466
f 4465//4465 4446//4446 4456//4456
f 4456//4456 4452//4452 4466//4466
f 4465//4465 4456//4456 4466//4466
f 4458//4458 4461//4461 4459//4459
f 4461//4461 4464//4464 4466//4466
f 4466//4466 4452//4452 4459//4459
f 4461//4461 4466//4466 4459//4459
f 4206//4206 4207//4207 4467//4467
f 4207//4207 4208//4208 4468//4468
f 4468//4468 4469//4469 4467//4467
f 4207//4207 4468//4468 4467//4467
f 4208//4208 4209//4209 4470//4470
f 4209//4209 4203//4203 4457//4457
f 4457//4457 4458//4458 4470//4470
f 4209//4209 4457//4457 4470//4470
f 4458//4458 4460//4460 4471//4471
f 4460//4460 4462//4462 4472//4472
f 4472//4472 4469//4469 4471//4471
f 4460//4460 4472//4472 4471//4471
f 4208//4208 4470//4470 4468//4468
f 4470//4470 4458//4458 4471//4471
f 4471//4471 4469//4469 4468//4468
f 4470//4470 4471//4471 4468//4468
f 4206//4206 4473//4473 4467//4467
f 4473//4473 4474//4474 4475//4475
f 4475//4475 4469//4469 4467//4467
f 4473//4473 4475//4475 4467//4467
f 4474//4474 4476//4476 4477//4477
f 4476//4476 4478//4478 4479//4479
f 4479//4479 4480//4480 4477//4477
f 4476//4476 4479//4479 4477//4477
f 4480//4480 4481//4481 4482//4482
f 4481//4481 4462//4462 4472//4472
f 4472//4472 4469//4469 4482//4482
f 4481//4481 4472//4472 4482//4482
f 4474//4474 4477//4477 4475//4475
f 4477//4477 4480//4480 4482//4482
f 4482//4482 4469//4469 4475//4475
f 4477//4477 4482//4482 4475//4475
f 4210//4210 4211//4211 4483//4483
f 4211//4211 4212//4212 4484//4484
f 4484//4484 4485//4485 4483//4483
f 4211//4211 4484//4484 4483//4483
f 4212//4212 4213//4213 4486//4486
f 4213//4213 4206//4206 4473//4473
f 4473//4473 4474//4474 4486//4486
f 4213//4213 4473//4473 4486//4486
f 4474//4474 4476//4476 4487//4487
f 4476//4476 4478//4478 4488//4488
f 4488//4488 4485//4485 4487//4487
f 4476//4476 4488//4488 4487//4487
f 4212//4212 4486//4486 4484//4484
f 4486//4486 4474//4474 4487//4487
f 4487//4487 4485//4485 4484//4484
f 4486//4486 4487//4487 4484//4484
f 4210//4210 4489//4489 4483//4483
f 4489//4489 4490//4490 4491//4491
f 4491//4491 4485//4485 4483//4483
f 4489//4489 4491//4491 4483//4483
f 4490//4490 4492//4492 4493//4493
f 4492//4492 4494//4494 4495//4495
f 4495//4495 4496//4496 4493//4493
f 4492//4492 4495//4495 4493//4493
f 4496//4496 4497//4497 4498//4498
f 4497//4497 4478//4478 4488//4488
f 4488//4488 4485//4485 4498//4498
f 4497//4497 4488//4488 4498//4498
f 4490//4490 4493//4493 4491//4491
f 4493//4493 4496//4496 4498//4498
f 4498//4498 4485//4485 4491//4491
f 4493//4493 4498//4498 4491//4491
f 4215//4215 4216//4216 4499//4499
f 4216//4216 4217//4217 4500//4500
f 4500//4500 4501//4501 4499//4499
f 4216//4216 4500//4500 4499//4499
f 4217//4217 4218//4218 4502//4502
f 4218//4218 4210//4210 4489//4489
f 4489//4489 4490//4490 4502//4502
f 4218//4218 4489//4489 4502//4502
f 4490//4490 4492//4492 4503//4503
f 4492//4492 4494//4494 4504//4504
f 4504//4504 4501//4501 4503//4503
f 4492//4492 4504//4504 4503//4503
f 4217//4217 4502//4502 4500//4500
f 4502//4502 4490//4490 4503//4503
f 4503//4503 4501//4501 4500//4500
f 4502//4502 4503//4503 4500//4500
f 4215//4215 4505//4505 4499//4499
f 4505//4505 4506//4506 4507//4507
f 4507//4507 4501//4501 4499//4499
f 4505//4505 4507//4507 4499//4499
f 4506//4506 4508//4508 4509//4509
f 4508//4508 4510//4510 4511//4511
f 4511//4511 4512//4512 4509//4509
f 4508//4508 4511//4511 4509//4509
f 4512//4512 4513//4513 4514//4514
f 4513//4513 4494//4494 4504//4504
f 4504//4504 4501//4501 4514//4514
f 4513//4513 4504//4504 4514//4514
f 4506//4506 4509//4509 4507//4507
f 4509//4509 4512//4512 4514//4514
f 4514//4514 4501//4501 4507//4507
f 4509//4509 4514//4514 4507//4507
f 4224//4224 4225//4225 4515//4515
f 4225//4225 4226//4226 4516//4516
f 4516//4516 4517//4517 4515//4515
f 4225//4225 4516//4516 4515//4515
f 4226//4226 4227//4227 4518//4518
f 4227//4227 4215//4215 4505//4505
f 4505//4505 4506//4506 4518//4518
f 4227//4227 4505//4505 4518//4518
f 4506//4506 4508//4508 4519//4519
f 4508//4508 4510//4510 4520//4520
f 4520//4520 4517//4517 4519//4519
f 4508//4508 4520//4520 4519//4519
f 4226//4226 4518//4518 4516//4516
f 4518//4518 4506//4506 4519//4519
f 4519//4519 4517//4517 4516//4516
f 4518//4518 4519//4519 4516//4516
f 4224//4224 4521//4521 4515//4515
f 4521//4521 4522//4522 4523//4523
f 4523//4523 4517//4517 4515//4515
f 4521//4521 4523//4523 4515//4515
f 4522//4522 4524//4524 4525//4525
f 4524//4524 4526//4526 4527//4527
f 4527//4527 4528//4528 4525//4525
f 4524//4524 4527//4527 4525//4525
f 4528//4528 4529//4529 4530//4530
f 4529//4529 4510//4510 4520//4520
f 4520//4520 4517//4517 4530//4530
f 4529//4529 4520//4520 4530//4530
f 4522//4522 4525//4525 4523//4523
f 4525//4525 4528//4528 4530//4530
f 4530//4530 4517//4517 4523//4523
f 4525//4525 4530//4530 4523//4523
f 4228//4228 4229//4229 4531//4531
f 4229//4229 4230//4230 4532//4532
f 4532//4532 4533//4533 4531//4531
f 4229//4229 4532//4532 4531//4531
f 4230//4230 4231//4231 4534//4534
f 4231//4231 4224//4224 4521//4521
f 4521//4521 4522//4522 4534//4534
f 4231//4231 4521//4521 4534//4534
f 4522//4522 4524//4524 4535//4535
f 4524//4524 4526//4526 4536//4536
f 4536//4536 4533//4533 4535//4535
f 4524//4524 4536//4536 4535//4535
f 4230//4230 4534//4534 4532//4532
f 4534//4534 4522//4522 4535//4535
f 4535//4535 4533//4533 4532//4532
f 4534//4534 4535//4535 4532//4532
f 4228//4228 4537//4537 4531//4531
f 4537//4537 4538//4538 4539//4539
f 4539//4539 4533//4533 4531//4531
f 4537//4537 4539//4539 4531//4531
f 4538//4538 4540//4540 4541//4541
f 4540//4540 4542//4542 4543//4543
f 4543//4543 4544//4544 4541//4541
f 4540//4540 4543//4543 4541//4541
f 4544//4544 4545//4545 4546//4546
f 4545//4545 4526//4526 4536//4536
f 4536//4536 4533//4533 4546//4546
f 4545//4545 4536//4536 4546//4546
f 4538//4538 4541//4541 4539//4539
f 4541//4541 4544//4544 4546//4546
f 4546//4546 4533//4533 4539//4539
f 4541//4541 4546//4546 4539//4539
f 4240//4240 4241//4241 4547//4547
f 4241//4241 4242//4242 4548//4548
f 4548//4548 4549//4549 4547//4547
f 4241//4241 4548//4548 4547//4547
f 4242//4242 4243//4243 4550//4550
f 4243//4243 4228//4228 4537//4537
f 4537//4537 4538//4538 4550//4550
f 4243//4243 4537//4537 4550//4550
f 4538//4538 4540//4540 4551//4551
f 4540//4540 4542//4542 4552//4552
f 4552//4552 4549//4549 4551//4551
f 4540//4540 4552//4552 4551//4551
f 4242//4242 4550//4550 4548//4548
f 4550//4550 4538//4538 4551//4551
f 4551//4551 4549//4549 4548//4548
f 4550//4550 4551//4551 4548//4548
f 4240//4240 4553//4553 4547//4547
f 4553//4553 4554//4554 4555//4555
f 4555//4555 4549//4549 4547//4547
f 4553//4553 4555//4555 4547//4547
f 4554//4554 4556//4556 4557//4557
f 4556//4556 4558//4558 4559//4559
f 4559//4559 4560//4560 4557//4557
f 4556//4556 4559//4559 4557//4557
f 4560//4560 4561//4561 4562//4562
f 4561//4561 4542//4542 4552//4552
f 4552//4552 4549//4549 4562//4562
f 4561//4561 4552//4552 4562//4562
f 4554//4554 4557//4557 4555//4555
f 4557//4557 4560//4560 4562//4562
f 4562//4562 4549//4549 4555//4555
f 4557//4557 4562//4562 4555//4555
f 4245//4245 4246//4246 4563//4563
f 4246//4246 4247//4247 4564//4564
f 4564//4564 4565//4565 4563//4563
f 4246//4246 4564//4564 4563//4563
f 4247//4247 4248//4248 4566//4566
f 4248//4248 4240//4240 4553//4553
f 4553//4553 4554//4554 4566//4566
f 4248//4248 4553//4553 4566//4566
f 4554//4554 4556//4556 4567//4567
f 4556//4556 4558//4558 4568//4568
f 4568//4568 4565//4565 4567//4567
f 4556//4556 4568//4568 4567//4567
f 4247//4247 4566//4566 4564//4564
f 4566//4566 4554//4554 4567//4567
f 4567//4567 4565//4565 4564//4564
f 4566//4566 4567//4567 4564//4564
f 4245//4245 4569//4569 4563//4563
f 4569//4569 4570//4570 4571//4571
f 4571//4571 4565//4565 4563//4563
f 4569//4569 4571//4571 4563//4563
f 4570//4570 4572//4572 4573//4573
f 4572//4572 4574//4574 4575//4575
f 4575//4575 4576//4576 4573//4573
f 4572//4572 4575//4575 4573//4573
f 4576//4576 4577//4577 4578//4578
f 4577//4577 4558//4558 4568//4568
f 4568//4568 4565//4565 4578//4578
f 4577//4577 4568//4568 4578//4578
f 4570//4570 4573//4573 4571//4571
f 4573//4573 4576//4576 4578//4578
f 4578//4578 4565//4565 4571//4571
f 4573//4573 4578//4578 4571//4571
f 4257//4257 4258//4258 4579//4579
f 4258//4258 4259//4259 4580//4580
f 4580//4580 4581//4581 4579//4579
f 4258//4258 4580//4580 4579//4579
f 4259//4259 4260//4260 4582//4582
f 4260//4260 4245//4245 4569//4569
f 4569//4569 4570//4570 4582//4582
f 4260//4260 4569//4569 4582//4582
f 4570//4570 4572//4572 4583//4583
f 4572//4572 4574//4574 4584//4584
f 4584//4584 4581//4581 4583//4583
f 4572//4572 4584//4584 4583//4583
f 4259//4259 4582//4582 4580//4580
f 4582//4582 4570//4570 4583//4583
f 4583//4583 4581//4581 4580//4580
f 4582//4582 4583//4583 4580//4580
f 4257//4257 4585//4585 4579//4579
f 4585//4585 4586//4586 4587//4587
f 4587//4587 4581//4581 4579//4579
f 4585//4585 4587//4587 4579//4579
f 4586//4586 4588//4588 4589//4589
f 4588//4588 4590//4590 4591//4591
f 4591//4591 4592//4592 4589//4589
f 4588//4588 4591//4591 4589//4589
f 4592//4592 4593//4593 4594//4594
f 4593//4593 4574//4574 4584//4584
f 4584//4584 4581//4581 4594//4594
f 4593//4593 4584//4584 4594//4594
f 4586//4586 4589//4589 4587//4587
f 4589//4589 4592//4592 4594//4594
f 4594//4594 4581//4581 4587//4587
f 4589//4589 4594//4594 4587//4587
f 4273//4273 4274//4274 4595//4595
f 4274//4274 4275//4275 4596//4596
f 4596//4596 4597//4597 4595//4595
f 4274//4274 4596//4596 4595//4595
f 4275//4275 4276//4276 4598//4598
f 4276//4276 4257//4257 4585//4585
f 4585//4585 4586//4586 4598//4598
f 4276//4276 4585//4585 4598//4598
f 4586//4586 4588//4588 4599//4599
f 4588//4588 4590//4590 4600//4600
f 4600//4600 4597//4597 4599//4599
f 4588//4588 4600//4600 4599//4599
f 4275//4275 4598//4598 4596//4596
f 4598//4598 4586//4586 4599//4599
f 4599//4599 4597//4597 4596//4596
f 4598//4598 4599//4599 4596//4596
f 4273//4273 4601//4601 4595//4595
f 4601//4601 4602//4602 4603//4603
f 4603//4603 4597//4597 4595//4595
f 4601//4601 4603//4603 4595//4595
f 4602//4602 4604//4604 4605//4605
f 4604//4604 4606//4606 4607//4607
f 4607//4607 4608//4608 4605//4605
f 4604//4604 4607//4607 4605//4605
f 4608//4608 4609//4609 4610//4610
f 4609//4609 4590//4590 4600//4600
f 4600//4600 4597//4597 4610//4610
f 4609//4609 4600//4600 4610//4610
f 4602//4602 4605//4605 4603//4603
f 4605//4605 4608//4608 4610//4610
f 4610//4610 4597//4597 4603//4603
f 4605//4605 4610//4610 4603//4603
f 4289//4289 4290//4290 4611//4611
f 4290//4290 4291//4291 4612//4612
f 4612//4612 4613//4613 4611//4611
f 4290//4290 4612//4612 4611//4611
f 4291//4291 4292//4292 4614//4614
f 4292//4292 4273//4273 4601//4601
f 4601//4601 4602//4602 4614//4614
f 4292//4292 4601//4601 4614//4614
f 4602//4602 4604//4604 4615//4615
f 4604//4604 4606//4606 4616//4616
f 4616//4616 4613//4613 4615//4615
f 4604//4604 4616//4616 4615//4615
f 4291//4291 4614//4614 4612//4612
f 4614//4614 4602//4602 4615//4615
f 4615//4615 4613//4613 4612//4612
f 4614//4614 4615//4615 4612//4612
f 4289//4289 4617//4617 4611//4611
f 4617//4617 4618//4618 4619//4619
f 4619//4619 4613//4613 4611//4611
f 4617//4617 4619//4619 4611//4611
f 4618//4618 4620//4620 4621//4621
f 4620//4620 4622//4622 4623//4623
f 4623//4623 4624//4624 4621//4621
f 4620//4620 4623//4623 4621//4621
f 4624//4624 4625//4625 4626//4626
f 4625//4625 4606//4606 4616//4616
f 4616//4616 4613//4613 4626//4626
f 4625//4625 4616//4616 4626//4626
f 4618//4618 4621//4621 4619//4619
f 4621//4621 4624//4624 4626//4626
f 4626//4626 4613//4613 4619//4619
f 4621//4621 4626//4626 4619//4619
f 4305//4305 4306//4306 4627//4627
f 4306//4306 4307//4307 4628//4628
f 4628//4628 4629//4629 4627//4627
f 4306//4306 4628//4628 4627//4627
f 4307//4307 4308//4308 4630//4630
f 4308//4308 4289//4289 4617//4617
f 4617//4617 4618//4618 4630//4630
f 4308//4308 4617//4617 4630//4630
f 4618//4618 4620//4620 4631//4631
f 4620//4620 4622//4622 4632//4632
f 4632//4632 4629//4629 4631//4631
f 4620//4620 4632//4632 4631//4631
f 4307//4307 4630//4630 4628//4628
f 4630//4630 4618//4618 4631//4631
f 4631//4631 4629//4629 4628//4628
f 4630//4630 4631//4631 4628//4628
f 4305//4305 4633//4633 4627//4627
f 4633//4633 4634//4634 4635//4635
f 4635//4635 4629//4629 4627//4627
f 4633//4633 4635//4635 4627//4627
f 4634//4634 4636//4636 4637//4637
f 4636//4636 4638//4638 4639//4639
f 4639//4639 4640//4640 4637//4637
f 4636//4636 4639//4639 4637//4637
f 4640//4640 4641//4641 4642//4642
f 4641//4641 4622//4622 4632//4632
f 4632//4632 4629//4629 4642//4642
f 4641//4641 4632//4632 4642//4642
f 4634//4634 4637//4637 4635//4635
f 4637//4637 4640//4640 4642//4642
f 4642//4642 4629//4629 4635//4635
f 4637//4637 4642//4642 4635//4635
f 4321//4321 4322//4322 4643//4643
f 4322//4322 4323//4323 4644//4644
f 4644//4644 4645//4645 4643//4643
f 4322//4322 4644//4644 4643//4643
f 4323//4323 4324//4324 4646//4646
f 4324//4324 4305//4305 4633//4633
f 4633//4633 4634//4634 4646//4646
f 4324//4324 4633//4633 4646//4646
f 4634//4634 4636//4636 4647//4647
f 4636//4636 4638//4638 4648//4648
f 4648//4648 4645//4645 4647//4647
f 4636//4636 4648//4648 4647//4647
f 4323//4323 4646//4646 4644//4644
f 4646//4646 4634//4634 4647//4647
f 4647//4647 4645//4645 4644//4644
f 4646//4646 4647//4647 4644//4644
f 4321//4321 4649//4649 4643//4643
f 4649//4649 4650//4650 4651//4651
f 4651//4651 4645//4645 4643//4643
f 4649//4649 4651//4651 4643//4643
f 4650//4650 4652//4652 4653//4653
f 4652//4652 4654//4654 4655//4655
f 4655//4655 4656//4656 4653//4653
f 4652//4652 4655//4655 4653//4653
f 4656//4656 4657//4657 4658//4658
f 4657//4657 4638//4638 4648//4648
f 4648//4648 4645//4645 4658//4658
f 4657//4657 4648//4648 4658//4658
f 4650//4650 4653//4653 4651//4651
f 4653//4653 4656//4656 4658//4658
f 4658//4658 4645//4645 4651//4651
f 4653//4653 4658//4658 4651//4651
f 4337//4337 4338//4338 4659//4659
f 4338//4338 4339//4339 4660//4660
f 4660//4660 4661//4661 4659//4659
f 4338//4338 4660//4660 4659//4659
f 4339//4339 4340//4340 4662//4662
f 4340//4340 4321//4321 4649//4649
f 4649//4649 4650//4650 4662//4662
f 4340//4340 4649//4649 4662//4662
f 4650//4650 4652//4652 4663//4663
f 4652//4652 4654//4654 4664//4664
f 4664//4664 4661//4661 4663//4663
f 4652//4652 4664//4664 4663//4663
f 4339//4339 4662//4662 4660//4660
f 4662//4662 4650//4650 4663//4663
f 4663//4663 4661//4661 4660//4660
f 4662//4662 4663//4663 4660//4660
f 4337//4337 4665//4665 4659//4659
f 4665//4665 4666//4666 4667//4667
f 4667//4667 4661//4661 4659//4659
f 4665//4665 4667//4667 4659//4659
f 4666//4666 4668//4668 4669//4669
f 4668//4668 4670//4670 4671//4671
f 4671//4671 4672//4672 4669//4669
f 4668//4668 4671//4671 4669//4669
f 4672//4672 4673//4673 4674//4674
f 4673//4673 4654//4654 4664//4664
f 4664//4664 4661//4661 4674//4674
f 4673//4673 4664//4664 4674//4674
f 4666//4666 4669//4669 4667//4667
f 4669//4669 4672//4672 4674//4674
f 4674//4674 4661//4661 4667//4667
f 4669//4669 4674//4674 4667//4667
f 4353//4353 4354//4354 4675//4675
f 4354//4354 4355//4355 4676//4676
f 4676//4676 4677//4677 4675//4675
f 4354//4354 4676//4676 4675//4675
f 4355//4355 4356//4356 4678//4678
f 4356//4356 4337//4337 4665//4665
f 4665//4665 4666//4666 4678//4678
f 4356//4356 4665//4665 4678//4678
f 4666//4666 4668//4668 4679//4679
f 4668//4668 4670//4670 4680//4680
f 4680//4680 4677//4677 4679//4679
f 4668//4668 4680//4680 4679//4679
f 4355//4355 4678//4678 4676//4676
f 4678//4678 4666//4666 4679//4679
f 4679//4679 4677//4677 4676//4676
f 4678//4678 4679//4679 4676//4676
f 4353//4353 4681//4681 4675//4675
f 4681//4681 4682//4682 4683//4683
f 4683//4683 4677//4677 4675//4675
f 4681//4681 4683//4683 4675//4675
f 4682//4682 4684//4684 4685//4685
f 4684//4684 4686//4686 4687//4687
f 4687//4687 4688//4688 4685//4685
f 4684//4684 4687//4687 4685//4685
f 4688//4688 4689//4689 4690//4690
f 4689//4689 4670//4670 4680//4680
f 4680//4680 4677//4677 4690//4690
f 4689//4689 4680//4680 4690//4690
f 4682//4682 4685//4685 4683//4683
f 4685//4685 4688//4688 4690//4690
f 4690//4690 4677//4677 4683//4683
f 4685//4685 4690//4690 4683//4683
f 4369//4369 4370//4370 4691//4691
f 4370//4370 4371//4371 4692//4692
f 4692//4692 4693//4693 4691//4691
f 4370//4370 4692//4692 4691//4691
f 4371//4371 4372//4372 4694//4694
f 4372//4372 4353//4353 4681//4681
f 4681//4681 4682//4682 4694//4694
f 4372//4372 4681//4681 4694//4694
f 4682//4682 4684//4684 4695//4695
f 4684//4684 4686//4686 4696//4696
f 4696//4696 4693//4693 4695//4695
f 4684//4684 4696//4696 4695//4695
f 4371//4371 4694//4694 4692//4692
f 4694//4694 4682//4682 4695//4695
f 4695//4695 4693//4693 4692//4692
f 4694//4694 4695//4695 4692//4692
f 4369//4369 4697//4697 4691//4691
f 4697//4697 4698//4698 4699//4699
f 4699//4699 4693//4693 4691//4691
f 4697//4697 4699//4699 4691//4691
f 4698//4698 4700//4700 4701//4701
f 4700//4700 4702//4702 4703//4703
f 4703//4703 4704//4704 4701//4701
f 4700//4700 4703//4703 4701//4701
f 4704//4704 4705//4705 4706//4706
f 4705//4705 4686//4686 4696//4696
f 4696//4696 4693//4693 4706//4706
f 4705//4705 4696//4696 4706//4706
f 4698//4698 4701//4701 4699//4699
f 4701//4701 4704//4704 4706//4706
f 4706//4706 4693//4693 4699//4699
f 4701//4701 4706//4706 4699//4699
f 4385//4385 4386//4386 4707//4707
f 4386//4386 4387//4387 4708//4708
f 4708//4708 4709//4709 4707//4707
f 4386//4386 4708//4708 4707//4707
f 4387//4387 4388//4388 4710//4710
f 4388//4388 4369//4369 4697//4697
f 4697//4697 4698//4698 4710//4710
f 4388//4388 4697//4697 4710//4710
f 4698//4698 4700//4700 4711//4711
f 4700//4700 4702//4702 4712//4712
f 4712//4712 4709//4709 4711//4711
f 4700//4700 4712//4712 4711//4711
f 4387//4387 4710//4710 4708//4708
f 4710//4710 4698//4698 4711//4711
f 4711//4711 4709//4709 4708//4708
f 4710//4710 4711//4711 4708//4708
f 4385//4385 4713//4713 4707//4707
f 4713//4713 4714//4714 4715//4715
f 4715//4715 4709//4709 4707//4707
f 4713//4713 4715//4715 4707//4707
f 4714//4714 4716//4716 4717//4717
f 4716//4716 4718//4718 4719//4719
f 4719//4719 4720//4720 4717//4717
f 4716//4716 4719//4719 4717//4717
f 4720//4720 4721//4721 4722//4722
f 4721//4721 4702//4702 4712//4712
f 4712//4712 4709//4709 4722//4722
f 4721//4721 4712//4712 4722//4722
f 4714//4714 4717//4717 4715//4715
f 4717//4717 4720//4720 4722//4722
f 4722//4722 4709//4709 4715//4715
f 4717//4717 4722//4722 4715//4715
f 4401//4401 4402//4402 4723//4723
f 4402//4402 4403//4403 4724//4724
f 4724//4724 4725//4725 4723//4723
f 4402//4402 4724//4724 4723//4723
f 4403//4403 4404//4404 4726//4726
f 4404//4404 4385//4385 4713//4713
f 4713//4713 4714//4714 4726//4726
f 4404//4404 4713//4713 4726//4726
f 4714//4714 4716//4716 4727//4727
f 4716//4716 4718//4718 4728//4728
f 4728//4728 4725//4725 4727//4727
f 4716//4716 4728//4728 4727//4727
f 4403//4403 4726//4726 4724//4724
f 4726//4726 4714//4714 4727//4727
f 4727//4727 4725//4725 4724//4724
f 4726//4726 4727//4727 4724//4724
f 4401//4401 4729//4729 4723//4723
f 4729//4729 4730//4730 4731//4731
f 4731//4731 4725//4725 4723//4723
f 4729//4729 4731//4731 4723//4723
f 4730//4730 4732//4732 4733//4733
f 4732//4732 4436//4436 4734//4734
f 4734//4734 4735//4735 4733//4733
f 4732//4732 4734//4734 4733//4733
f 4735//4735 4736//4736 4737//4737
f 4736//4736 4718//4718 4728//4728
f 4728//4728 4725//4725 4737//4737
f 4736//4736 4728//4728 4737//4737
f 4730//4730 4733//4733 4731//4731
f 4733//4733 4735//4735 4737//4737
f 4737//4737 4725//4725 4731//4731
f 4733//4733 4737//4737 4731//4731
f 4197//4197 4417//4417 4425//4425
f 4417//4417 4418//4418 4738//4738
f 4738//4738 4428//4428 4425//4425
f 4417//4417 4738//4738 4425//4425
f 4418//4418 4419//4419 4739//4739
f 4419//4419 4401//4401 4729//4729
f 4729//4729 4730//4730 4739//4739
f 4419//4419 4729//4729 4739//4739
f 4730//4730 4732//4732 4740//4740
f 4732//4732 4436//4436 4437//4437
f 4437//4437 4428//4428 4740//4740
f 4732//4732 4437//4437 4740//4740
f 4418//4418 4739//4739 4738//4738
f 4739//4739 4730//4730 4740//4740
f 4740//4740 4428//4428 4738//4738
f 4739//4739 4740//4740 4738//4738
f 4431//4431 4432//4432 4741//4741
f 4432//4432 4433//4433 4742//4742
f 4742//4742 4743//4743 4741//4741
f 4432//4432 4742//4742 4741//4741
f 4433//4433 4434//4434 4744//4744
f 4434//4434 4436//4436 4745//4745
f 4745//4745 4746//4746 4744//4744
f 4434//4434 4745//4745 4744//4744
f 4746//4746 4747//4747 4748//4748
f 4747//4747 4749//4749 4750//4750
f 4750//4750 4743//4743 4748//4748
f 4747//4747 4750//4750 4748//4748
f 4433//4433 4744//4744 4742//4742
f 4744//4744 4746//4746 4748//4748
f 4748//4748 4743//4743 4742//4742
f 4744//4744 4748//4748 4742//4742
f 4446//4446 4447//4447 4751//4751
f 4447//4447 4448//4448 4752//4752
f 4752//4752 4753//4753 4751//4751
f 4447//4447 4752//4752 4751//4751
f 4448//4448 4449//4449 4754//4754
f 4449//4449 4431//4431 4741//4741
f 4741//4741 4743//4743 4754//4754
f 4449//4449 4741//4741 4754//4754
f 4743//4743 4750//4750 4755//4755
f 4750//4750 4749//4749 4756//4756
f 4756//4756 4753//4753 4755//4755
f 4750//4750 4756//4756 4755//4755
f 4448//4448 4754//4754 4752//4752
f 4754//4754 4743//4743 4755//4755
f 4755//4755 4753//4753 4752//4752
f 4754//4754 4755//4755 4752//4752
f 4462//4462 4463//4463 4757//4757
f 4463//4463 4464//4464 4758//4758
f 4758//4758 4759//4759 4757//4757
f 4463//4463 4758//4758 4757//4757
f 4464//4464 4465//4465 4760//4760
f 4465//4465 4446//4446 4751//4751
f 4751//4751 4753//4753 4760//4760
f 4465//4465 4751//4751 4760//4760
f 4753//4753 4756//4756 4761//4761
f 4756//4756 4749//4749 4762//4762
f 4762//4762 4759//4759 4761//4761
f 4756//4756 4762//4762 4761//4761
f 4464//4464 4760//4760 4758//4758
f 4760//4760 4753//4753 4761//4761
f 4761//4761 4759//4759 4758//4758
f 4760//4760 4761//4761 4758//4758
f 4478//4478 4479//4479 4763//4763
f 4479//4479 4480//4480 4764//4764
f 4764//4764 4765//4765 4763//4763
f 4479//4479 4764//4764 4763//4763
f 4480//4480 4481//4481 4766//4766
f 4481//4481 4462//4462 4757//4757
f 4757//4757 4759//4759 4766//4766
f 4481//4481 4757//4757 4766//4766
f 4759//4759 4762//4762 4767//4767
f 4762//4762 4749//4749 4768//4768
f 4768//4768 4765//4765 4767//4767
f 4762//4762 4768//4768 4767//4767
f 4480//4480 4766//4766 4764//4764
f 4766//4766 4759//4759 4767//4767
f 4767//4767 4765//4765 4764//4764
f 4766//4766 4767//4767 4764//4764
f 4494//4494 4495//4495 4769//4769
f 4495//4495 4496//4496 4770//4770
f 4770//4770 4771//4771 4769//4769
f 4495//4495 4770//4770 4769//4769
f 4496//4496 4497//4497 4772//4772
f 4497//4497 4478//4478 4763//4763
f 4763//4763 4765//4765 4772//4772
f 4497//4497 4763//4763 4772//4772
f 4765//4765 4768//4768 4773//4773
f 4768//4768 4749//4749 4774//4774
f 4774//4774 4771//4771 4773//4773
f 4768//4768 4774//4774 4773//4773
f 4496//4496 4772//4772 4770//4770
f 4772//4772 4765//4765 4773//4773
f 4773//4773 4771//4771 4770//4770
f 4772//4772 4773//4773 4770//4770
f 4510//4510 4511//4511 4775//4775
f 4511//4511 4512//4512 4776//4776
f 4776//4776 4777//4777 4775//4775
f 4511//4511 4776//4776 4775//4775
f 4512//4512 4513//4513 4778//4778
f 4513//4513 4494//4494 4769//4769
f 4769//4769 4771//4771 4778//4778
f 4513//4513 4769//4769 4778//4778
f 4771//4771 4774//4774 4779//4779
f 4774//4774 4749//4749 4780//4780
f 4780//4780 4777//4777 4779//4779
f 4774//4774 4780//4780 4779//4779
f 4512//4512 4778//4778 4776//4776
f 4778//4778 4771//4771 4779//4779
f 4779//4779 4777//4777 4776//4776
f 4778//4778 4779//4779 4776//4776
f 4526//4526 4527//4527 4781//4781
f 4527//4527 4528//4528 4782//4782
f 4782//4782 4783//4783 4781//4781
f 4527//4527 4782//4782 4781//4781
f 4528//4528 4529//4529 4784//4784
f 4529//4529 4510//4510 4775//4775
f 4775//4775 4777//4777 4784//4784
f 4529//4529 4775//4775 4784//4784
f 4777//4777 4780//4780 4785//4785
f 4780//4780 4749//4749 4786//4786
f 4786//4786 4783//4783 4785//4785
f 4780//4780 4786//4786 4785//4785
f 4528//4528 4784//4784 4782//4782
f 4784//4784 4777//4777 4785//4785
f 4785//4785 4783//4783 4782//4782
f 4784//4784 4785//4785 4782//4782
f 4542//4542 4543//4543 4787//4787
f 4543//4543 4544//4544 4788//4788
f 4788//4788 4789//4789 4787//4787
f 4543//4543 4788//4788 4787//4787
f 4544//4544 4545//4545 4790//4790
f 4545//4545 4526//4526 4781//4781
f 4781//4781 4783//4783 4790//4790
f 4545//4545 4781//4781 4790//4790
f 4783//4783 4786//4786 4791//4791
f 4786//4786 4749//4749 4792//4792
f 4792//4792 4789//4789 4791//4791
f 4786//4786 4792//4792 4791//4791
f 4544//4544 4790//4790 4788//4788
f 4790//4790 4783//4783 4791//4791
f 4791//4791 4789//4789 4788//4788
f 4790//4790 4791//4791 4788//4788
f 4558//4558 4559//4559 4793//4793
f 4559//4559 4560//4560 4794//4794
f 4794//4794 4795//4795 4793//4793
f 4559//4559 4794//4794 4793//4793
f 4560//4560 4561//4561 4796//4796
f 4561//4561 4542//4542 4787//4787
f 4787//4787 4789//4789 4796//4796
f 4561//4561 4787//4787 4796//4796
f 4789//4789 4792//4792 4797//4797
f 4792//4792 4749//4749 4798//4798
f 4798//4798 4795//4795 4797//4797
f 4792//4792 4798//4798 4797//4797
f 4560//4560 4796//4796 4794//4794
f 4796//4796 4789//4789 4797//4797
f 4797//4797 4795//4795 4794//4794
f 4796//4796 4797//4797 4794//4794
f 4574//4574 4575//4575 4799//4799
f 4575//4575 4576//4576 4800//4800
f 4800//4800 4801//4801 4799//4799
f 4575//4575 4800//4800 4799//4799
f 4576//4576 4577//4577 4802//4802
f 4577//4577 4558//4558 4793//4793
f 4793//4793 4795//4795 4802//4802
f 4577//4577 4793//4793 4802//4802
f 4795//4795 4798//4798 4803//4803
f 4798//4798 4749//4749 4804//4804
f 4804//4804 4801//4801 4803//4803
f 4798//4798 4804//4804 4803//4803
f 4576//4576 4802//4802 4800//4800
f 4802//4802 4795//4795 4803//4803
f 4803//4803 4801//4801 4800//4800
f 4802//4802 4803//4803 4800//4800
f 4590//4590 4591//4591 4805//4805
f 4591//4591 4592//4592 4806//4806
f 4806//4806 4807//4807 4805//4805
f 4591//4591 4806//4806 4805//4805
f 4592//4592 4593//4593 4808//4808
f 4593//4593 4574//4574 4799//4799
f 4799//4799 4801//4801 4808//4808
f 4593//4593 4799//4799 4808//4808
f 4801//4801 4804//4804 4809//4809
f 4804//4804 4749//4749 4810//4810
f 4810//4810 4807//4807 4809//4809
f 4804//4804 4810//4810 4809//4809
f 4592//4592 4808//4808 4806//4806
f 4808//4808 4801//4801 4809//4809
f 4809//4809 4807//4807 4806//4806
f 4808//4808 4809//4809 4806//4806
f 4606//4606 4607//4607 4811//4811
f 4607//4607 4608//4608 4812//4812
f 4812//4812 4813//4813 4811//4811
f 4607//4607 4812//4812 4811//4811
f 4608//4608 4609//4609 4814//4814
f 4609//4609 4590//4590 4805//4805
f 4805//4805 4807//4807 4814//4814
f 4609//4609 4805//4805 4814//4814
f 4807//4807 4810//4810 4815//4815
f 4810//4810 4749//4749 4816//4816
f 4816//4816 4813//4813 4815//4815
f 4810//4810 4816//4816 4815//4815
f 4608//4608 4814//4814 4812//4812
f 4814//4814 4807//4807 4815//4815
f 4815//4815 4813//4813 4812//4812
f 4814//4814 4815//4815 4812//4812
f 4622//4622 4623//4623 4817//4817
f 4623//4623 4624//4624 4818//4818
f 4818//4818 4819//4819 4817//4817
f 4623//4623 4818//4818 4817//4817
f 4624//4624 4625//4625 4820//4820
f 4625//4625 4606//4606 4811//4811
f 4811//4811 4813//4813 4820//4820
f 4625//4625 4811//4811 4820//4820
f 4813//4813 4816//4816 4821//4821
f 4816//4816 4749//4749 4822//4822
f 4822//4822 4819//4819 4821//4821
f 4816//4816 4822//4822 4821//4821
f 4624//4624 4820//4820 4818//4818
f 4820//4820 4813//4813 4821//4821
f 4821//4821 4819//4819 4818//4818
f 4820//4820 4821//4821 4818//4818
f 4638//4638 4639//4639 4823//4823
f 4639//4639 4640//4640 4824//4824
f 4824//4824 4825//4825 4823//4823
f 4639//4639 4824//4824 4823//4823
f 4640//4640 4641//4641 4826//4826
f 4641//4641 4622//4622 4817//4817
f 4817//4817 4819//4819 4826//4826
f 4641//4641 4817//4817 4826//4826
f 4819//4819 4822//4822 4827//4827
f 4822//4822 4749//4749 4828//4828
f 4828//4828 4825//4825 4827//4827
f 4822//4822 4828//4828 4827//4827
f 4640//4640 4826//4826 4824//4824
f 4826//4826 4819//4819 4827//4827
f 4827//4827 4825//4825 4824//4824
f 4826//4826 4827//4827 4824//4824
f 4654//4654 4655//4655 4829//4829
f 4655//4655 4656//4656 4830//4830
f 4830//4830 4831//4831 4829//4829
f 4655//4655 4830//4830 4829//4829
f 4656//4656 4657//4657 4832//4832
f 4657//4657 4638//4638 4823//4823
f 4823//4823 4825//4825 4832//4832
f 4657//4657 4823//4823 4832//4832
f 4825//4825 4828//4828 4833//4833
f 4828//4828 4749//4749 4834//4834
f 4834//4834 4831//4831 4833//4833
f 4828//4828 4834//4834 4833//4833
f 4656//4656 4832//4832 4830//4830
f 4832//4832 4825//4825 4833//4833
f 4833//4833 4831//4831 4830//4830
f 4832//4832 4833//4833 4830//4830
f 4670//4670 4671//4671 4835//4835
f 4671//4671 4672//4672 4836//4836
f 4836//4836 4837//4837 4835//4835
f 4671//4671 4836//4836 4835//4835
f 4672//4672 4673//4673 4838//4838
f 4673//4673 4654//4654 4829//4829
f 4829//4829 4831//4831 4838//4838
f 4673//4673 4829//4829 4838//4838
f 4831//4831 4834//4834 4839//4839
f 4834//4834 4749//4749 4840//4840
f 4840//4840 4837//4837 4839//4839
f 4834//4834 4840//4840 4839//4839
f 4672//4672 4838//4838 4836//4836
f 4838//4838 4831//4831 4839//4839
f 4839//4839 4837//4837 4836//4836
f 4838//4838 4839//4839 4836//4836
f 4686//4686 4687//4687 4841//4841
f 4687//4687 4688//4688 4842//4842
f 4842//4842 4843//4843 4841//4841
f 4687//4687 4842//4842 4841//4841
f 4688//4688 4689//4689 4844//4844
f 4689//4689 4670//4670 4835//4835
f 4835//4835 4837//4837 4844//4844
f 4689//4689 4835//4835 4844//4844
f 4837//4837 4840//4840 4845//4845
f 4840//4840 4749//4749 4846//4846
f 4846//4846 4843//4843 4845//4845
f 4840//4840 4846//4846 4845//4845
f 4688//4688 4844//4844 4842//4842
f 4844//4844 4837//4837 4845//4845
f 4845//4845 4843//4843 4842//4842
f 4844//4844 4845//4845 4842//4842
f 4702//4702 4703//4703 4847//4847
f 4703//4703 4704//4704 4848//4848
f 4848//4848 4849//4849 4847//4847
f 4703//4703 4848//4848 4847//4847
f 4704//4704 4705//4705 4850//4850
f 4705//4705 4686//4686 4841//4841
f 4841//4841 4843//4843 4850//4850
f 4705//4705 4841//4841 4850//4850
f 4843//4843 4846//4846 4851//4851
f 4846//4846 4749//4749 4852//4852
f 4852//4852 4849//4849 4851//4851
f 4846//4846 4852//4852 4851//4851
f 4704//4704 4850//4850 4848//4848
f 4850//4850 4843//4843 4851//4851
f 4851//4851 4849//4849 4848//4848
f 4850//4850 4851//4851 4848//4848
f 4718//4718 4719//4719 4853//4853
f 4719//4719 4720//4720 4854//4854
f 4854//4854 4855//4855 4853//4853
f 4719//4719 4854//4854 4853//4853
f 4720//4720 4721//4721 4856//4856
f 4721//4721 4702//4702 4847//4847
f 4847//4847 4849//4849 4856//4856
f 4721//4721 4847//4847 4856//4856
f 4849//4849 4852//4852 4857//4857
f 4852//4852 4749//4749 4858//4858
f 4858//4858 4855//4855 4857//4857
f 4852//4852 4858//4858 4857//4857
f 4720//4720 4856//4856 4854//4854
f 4856//4856 4849//4849 4857//4857
f 4857//4857 4855//4855 4854//4854
f 4856//4856 4857//4857 4854//4854
f 4436//4436 4734//4734 4745//4745
f 4734//4734 4735//4735 4859//4859
f 4859//4859 4746//4746 4745//4745
f 4734//4734 4859//4859 4745//4745
f 4735//4735 4736//4736 4860//4860
f 4736//4736 4718//4718 4853//4853
f 4853//4853 4855//4855 4860//4860
f 4736//4736 4853//4853 4860//4860
f 4855//4855 4858//4858 4861//4861
f 4858//4858 4749//4749 4747//4747
f 4747//4747 4746//4746 4861//4861
f 4858//4858 4747//4747 4861//4861
f 4735//4735 4860//4860 4859//4859
f 4860//4860 4855//4855 4861//4861
f 4861//4861 4746//4746 4859//4859
f 4860//4860 4861//4861 4859//4859
