# After PCA alignment: D00414.obj
# Applied principal component analysis alignment
# Major eigenvector -> X-axis, Medium eigenvector -> Y-axis
# Generated on 2025-10-13 13:59:39

v 0.255218 0.198469 -0.064225
v 0.253319 0.191784 -0.073597
v 0.233238 0.206796 -0.062955
v -0.064593 -0.189704 0.036539
v -0.140902 -0.168339 -0.048856
v -0.069942 -0.191273 -0.052970
v 0.447510 0.257371 -0.075841
v 0.446876 0.250472 -0.085310
v 0.386425 0.238436 -0.081660
v 0.281019 -0.000782 0.051686
v 0.244455 0.077794 0.037281
v 0.175074 -0.000762 0.054665
v 0.233216 0.202129 -0.072446
v 0.238566 0.203698 0.017086
v 0.192464 0.134577 0.020084
v 0.224906 0.107617 0.019067
v 0.231008 0.154657 0.017723
v 0.626240 -0.074017 -0.004798
v 0.636813 0.000801 -0.011881
v 0.635119 -0.074255 -0.011490
v 0.206086 -0.092562 0.028254
v 0.244443 -0.074927 0.037873
v 0.207403 -0.073482 0.040061
v 0.298167 0.007226 -0.113133
v 0.352026 0.143434 -0.104726
v 0.440327 0.006060 -0.126280
v 0.485515 -0.094921 0.019178
v 0.374931 -0.000835 0.039910
v 0.438386 -0.123201 0.022079
v 0.224507 -0.194633 0.019461
v 0.233185 -0.202527 -0.070877
v 0.238535 -0.200982 0.018654
v 0.549765 0.134542 0.005797
v 0.566694 0.066100 0.009392
v 0.598177 0.154286 -0.004019
v -0.045213 -0.110542 -0.080218
v -0.036633 0.116788 -0.081606
v 0.014786 0.103400 -0.084600
v 0.216303 -0.074433 -0.095845
v 0.225659 -0.153506 -0.070622
v 0.187119 -0.133379 -0.068418
v -0.067445 -0.197106 0.030569
v -0.014789 -0.179521 0.033573
v -0.017664 -0.186923 0.027604
v 0.079539 -0.141692 0.027841
v 0.089601 -0.133349 -0.062666
v 0.094929 -0.131803 0.026891
v -0.222736 -0.043830 0.000070
v -0.275205 -0.037512 0.016384
v -0.261688 -0.037581 -0.001037
v -0.221276 0.064140 -0.044997
v -0.226840 -0.001163 -0.044414
v -0.215949 0.065709 0.044537
v 0.079538 -0.160139 0.027912
v 0.074189 -0.143260 -0.061691
v 0.452189 -0.249432 0.006189
v 0.386389 -0.238951 -0.079810
v 0.446839 -0.251001 -0.083343
v 0.599957 0.155619 -0.084475
v 0.592826 0.152718 -0.093575
v 0.558606 0.204074 -0.091724
v -0.135576 -0.166771 0.040654
v -0.194922 -0.116812 -0.045857
v -0.189572 -0.115244 0.043675
v -0.135551 0.169714 0.039349
v -0.194881 0.116676 -0.046763
v -0.189578 0.118244 0.042772
v 0.262455 -0.100522 0.024947
v 0.281694 -0.088897 0.035721
v 0.313607 0.195219 -0.077181
v 0.318957 0.196764 0.012352
v 0.286795 0.189889 0.014283
v 0.635107 0.076681 -0.012074
v 0.626251 0.076495 -0.005381
v 0.563924 -0.203126 -0.000608
v 0.598154 -0.151791 -0.002833
v 0.549745 -0.131963 0.006831
v 0.514877 -0.110737 -0.113387
v 0.558552 -0.204671 -0.090138
v 0.507316 -0.238987 -0.086971
v 0.438404 0.125891 0.021113
v 0.485530 0.097607 0.018431
v 0.081533 0.176796 -0.063366
v 0.066356 0.178375 -0.062473
v 0.066401 0.185180 -0.052991
v -0.073126 -0.150991 0.044899
v 0.512642 -0.237419 0.002562
v 0.163392 0.063242 -0.093245
v 0.137008 0.129735 -0.066468
v 0.187116 0.133008 -0.069448
v 0.192445 -0.131809 0.021116
v 0.230985 -0.151937 0.018911
v -0.167354 -0.098911 0.050277
v -0.120209 0.136631 0.046573
v -0.167339 0.101960 0.049499
v 0.024998 0.168444 0.029870
v -0.020112 0.180823 -0.057361
v -0.014762 0.182368 0.032170
v 0.624370 -0.000557 -0.004948
v 0.137007 0.095424 0.024320
v 0.156854 0.106181 0.023126
v 0.142358 0.131280 0.023063
v 0.391254 0.128490 0.023895
v -0.067437 0.199984 0.029055
v -0.138401 0.177094 0.033322
v -0.064588 0.192605 0.035059
v 0.071659 -0.113443 0.028198
v 0.116888 -0.097125 0.025457
v 0.064871 -0.078796 0.042591
v 0.116904 0.099892 0.024692
v 0.071677 0.116261 0.027308
v 0.064884 0.081727 0.041968
v 0.517757 0.123315 -0.114464
v -0.120229 -0.133634 0.047620
v 0.326273 -0.110679 -0.102218
v 0.313578 -0.195667 -0.075666
v 0.281415 -0.188748 -0.073811
v 0.136994 -0.092640 0.025072
v 0.142338 -0.128504 0.024071
v 0.156839 -0.103409 0.023938
v 0.253290 -0.192194 -0.072108
v 0.230535 -0.178463 -0.070837
v 0.348506 -0.216831 0.012203
v 0.318927 -0.194098 0.013866
v 0.235890 0.179635 0.017337
v 0.224538 0.197357 0.017941
v 0.219211 0.195813 -0.071593
v 0.214837 0.076598 -0.096343
v 0.225659 0.153112 -0.071809
v 0.258639 -0.190625 0.017424
v 0.341311 0.221778 -0.069414
v 0.343190 0.217911 -0.079020
v 0.082929 -0.142492 0.021475
v 0.094726 -0.136737 0.021108
v 0.091927 -0.077167 -0.088469
v 0.063367 0.083341 -0.087399
v 0.114810 0.063257 -0.090368
v 0.079538 0.162952 0.026661
v 0.079538 0.144504 0.026733
v 0.074211 0.142960 -0.062801
v -0.221285 -0.064260 -0.044499
v -0.102354 -0.097153 -0.076862
v -0.142324 -0.057004 -0.074651
v 0.566684 -0.063498 0.009894
v 0.286766 -0.187203 0.015744
v 0.271429 -0.147811 0.017324
v -0.276306 -0.014670 -0.001531
v -0.288800 -0.014644 0.010885
v -0.288775 0.010359 0.010787
v 0.026219 -0.097192 -0.084500
v -0.247223 0.018907 -0.044462
v -0.255975 -0.009806 -0.043832
v -0.255974 0.005163 -0.043890
v -0.247226 -0.023556 -0.044297
v 0.173572 -0.096360 0.030195
v 0.177095 -0.072039 0.041851
v 0.207415 0.076372 0.039480
v 0.173611 0.099177 0.029435
v 0.177106 0.074924 0.041280
v 0.049040 -0.168280 -0.060105
v 0.074188 -0.161708 -0.061620
v 0.077260 -0.171978 -0.061762
v 0.219181 -0.196201 -0.070073
v 0.549188 0.076495 -0.116143
v 0.620924 0.074927 -0.094938
v -0.216609 0.023269 -0.046291
v -0.298928 -0.014620 0.016759
v -0.308189 0.010420 0.026014
v -0.298903 0.010383 0.016660
v 0.248624 -0.182962 0.017987
v -0.296388 0.024547 0.088067
v -0.224462 0.026624 0.091803
v -0.295005 0.039756 0.077145
v -0.070242 0.200355 -0.044958
v -0.069913 0.191059 -0.054452
v 0.082952 0.161141 0.020298
v 0.082951 0.145255 0.020360
v 0.089621 0.133039 -0.063699
v 0.350475 -0.120615 0.026662
v 0.371246 -0.187061 0.017615
v 0.391234 -0.125747 0.024880
v 0.155475 0.069809 0.030623
v 0.151840 0.060853 0.036075
v 0.282479 -0.137415 0.019807
v 0.307535 -0.105284 0.028133
v 0.282721 -0.118576 0.023816
v -0.159443 0.009857 -0.073895
v -0.145153 0.070010 -0.074975
v 0.281708 0.091765 0.035021
v 0.262471 0.103310 0.024157
v 0.563578 0.210642 -0.082534
v 0.592827 -0.153336 -0.092391
v 0.384125 0.245100 -0.072039
v 0.136989 -0.130049 -0.065462
v 0.094949 0.134608 0.025858
v -0.200019 0.122965 -0.036973
v 0.552040 -0.057240 -0.115794
v 0.620913 -0.075585 -0.094331
v -0.228559 -0.065561 -0.034552
v 0.066352 -0.178671 -0.061090
v 0.258669 0.193329 0.015936
v 0.271452 0.150512 0.016168
v 0.337509 -0.154389 0.012612
v 0.155465 -0.066980 0.031153
v 0.151832 -0.054527 0.036523
v 0.619042 -0.002126 -0.094505
v 0.391775 0.240005 0.007872
v 0.452228 0.252018 0.004245
v 0.229895 0.179143 0.011527
v 0.226516 0.157501 0.011810
v 0.635038 0.019864 -0.010555
v 0.644483 0.006173 -0.026292
v 0.643047 0.006267 -0.002031
v 0.160520 -0.070492 -0.092556
v 0.507352 0.238398 -0.088822
v 0.350494 0.123377 0.025740
v 0.080662 0.160149 -0.053739
v 0.074213 0.161406 -0.062872
v 0.077287 0.171675 -0.063094
v 0.082636 0.173243 0.026438
v -0.017635 0.189747 0.026144
v 0.608159 -0.152781 -0.009590
v 0.510190 0.244027 -0.079502
v 0.307550 0.108065 0.027306
v -0.276280 0.010286 -0.001629
v 0.020584 -0.176294 -0.048878
v 0.019623 -0.167166 -0.058367
v 0.029978 0.139416 0.034607
v -0.019182 0.148166 0.041581
v -0.275176 0.033291 0.016107
v -0.291949 0.033344 0.029413
v -0.222597 0.042878 0.047279
v 0.552043 -0.003732 -0.116002
v -0.102338 0.110133 -0.077666
v 0.049065 0.167970 -0.061409
v -0.199452 -0.122860 -0.036054
v 0.230562 0.178066 -0.072220
v 0.343157 -0.218376 -0.077329
v -0.140876 0.168146 -0.050160
v -0.296509 -0.006172 0.092548
v 0.572749 -0.000948 0.014589
v 0.192167 -0.107061 0.021860
v 0.224890 -0.104886 0.019891
v 0.192183 0.109812 0.021020
v 0.282500 0.140134 0.018731
v 0.282740 0.121327 0.022887
v 0.083944 -0.172977 -0.052643
v -0.138428 -0.174172 0.034684
v -0.222603 -0.046889 0.047627
v -0.310304 -0.035970 0.043809
v -0.291954 -0.037460 0.029687
v 0.081083 -0.162965 -0.052512
v 0.248537 -0.107784 0.018525
v 0.233757 0.095352 0.025888
v -0.216637 -0.026691 -0.046097
v 0.259606 -0.131169 0.017936
v 0.257893 -0.142026 0.018080
v -0.261683 0.033199 -0.001310
v -0.143930 -0.176221 -0.039136
v 0.499163 0.059499 0.020666
v 0.281444 0.188320 -0.075273
v 0.387423 0.244799 0.001943
v 0.348539 0.219479 0.010512
v 0.140967 -0.056054 0.042681
v 0.138604 0.136759 -0.066590
v 0.620733 -0.009602 0.013994
v 0.643046 -0.008209 -0.001975
v 0.635034 -0.022716 -0.010390
v 0.343648 0.223146 0.004620
v 0.248674 0.185670 0.016557
v 0.206123 0.095361 0.027525
v 0.414908 0.196879 0.013543
v 0.069658 -0.182983 -0.051758
v 0.139665 0.084478 0.031502
v 0.047677 -0.174634 -0.050489
v 0.094748 0.139496 0.020060
v 0.143542 0.134404 0.016814
v 0.499154 -0.056799 0.021117
v -0.016388 -0.187939 -0.046644
v -0.020139 -0.181066 -0.055958
v 0.563956 0.205643 -0.002192
v 0.216432 0.200813 0.012240
v 0.021125 0.174126 -0.050267
v 0.019649 0.166898 -0.059662
v -0.018870 0.190329 -0.047962
v -0.068489 -0.199602 -0.043513
v 0.287604 0.195012 0.008047
v 0.260205 0.197910 0.009659
v 0.225377 0.176789 -0.062374
v 0.221249 0.158425 -0.071569
v 0.371275 0.189749 0.016154
v 0.257915 0.144735 0.016968
v 0.248554 0.110524 0.017679
v 0.259626 0.133879 0.016909
v 0.385964 -0.244765 -0.070251
v 0.029981 -0.136535 0.035676
v 0.003024 -0.082862 0.047281
v -0.019204 -0.145222 0.042719
v 0.079396 0.145120 -0.063116
v -0.234255 -0.002228 -0.034460
v 0.143522 -0.131701 0.017845
v 0.608205 0.155224 -0.010785
v 0.081811 -0.147973 -0.052614
v 0.235863 -0.176894 0.018719
v 0.509894 -0.244192 -0.077594
v 0.086307 0.171973 0.020058
v 0.140976 0.058105 0.042237
v 0.093940 -0.139634 -0.053365
v 0.138042 -0.136311 -0.055989
v 0.234966 -0.208037 -0.061451
v 0.280570 0.116714 -0.100392
v 0.222114 -0.158003 -0.060884
v 0.449230 -0.256463 -0.073953
v 0.311354 0.201766 -0.067562
v -0.229277 0.067328 -0.035025
v -0.222029 0.042806 0.028649
v 0.512678 0.239968 0.000711
v 0.469660 0.193807 0.010312
v 0.532338 0.162135 0.006723
v -0.294602 0.039701 0.062902
v 0.514637 0.246923 -0.005599
v 0.450199 0.257046 -0.001822
v 0.409172 0.163485 -0.108188
v 0.457754 0.163470 -0.111066
v 0.190693 0.138737 0.014004
v -0.310275 0.034833 0.043534
v -0.073080 0.153959 0.043715
v 0.185732 -0.139662 -0.058801
v 0.132357 -0.072076 0.031341
v 0.042172 -0.000741 0.057592
v 0.132368 0.074934 0.030771
v 0.644482 -0.008303 -0.026236
v 0.003014 0.085839 0.046628
v 0.092788 0.138479 -0.054373
v 0.620735 0.007999 0.013926
v 0.312613 -0.201387 -0.066076
v -0.308191 -0.014560 0.026111
v 0.233742 -0.092571 0.026617
v 0.273825 -0.117873 0.017067
v 0.273847 -0.127296 0.017101
v 0.273842 0.120573 0.016142
v 0.273867 0.129997 0.016104
v 0.234941 0.208751 0.011113
v 0.632932 0.019810 -0.024648
v 0.341888 -0.226422 -0.067712
v 0.057683 0.137739 0.032973
v -0.294608 -0.043580 0.063225
v 0.337532 0.157045 0.011405
v 0.314559 0.201512 0.006426
v -0.223562 -0.047375 0.037422
v 0.619917 -0.027281 -0.000108
v -0.143645 0.174600 -0.040511
v 0.071706 0.179944 0.027059
v -0.224577 0.042947 0.065122
v 0.139653 -0.081615 0.032146
v 0.148871 -0.091981 0.031640
v 0.148862 0.094838 0.030918
v 0.057662 -0.134852 0.034030
v 0.463455 -0.130789 -0.110264
v 0.051026 0.175274 0.022134
v 0.071014 0.186618 0.020906
v 0.412012 -0.130773 -0.107217
v 0.630483 -0.072943 -0.085398
v 0.054415 0.169539 0.028123
v 0.024973 -0.165597 0.031165
v 0.509092 -0.000910 0.023279
v 0.225702 -0.178025 -0.061019
v -0.097884 -0.000703 0.058542
v 0.217114 -0.199690 -0.060450
v 0.054390 -0.166710 0.029427
v -0.199161 0.118388 0.037172
v -0.223051 -0.043812 0.065509
v -0.295012 -0.043525 0.077468
v 0.414878 -0.194218 0.015059
v 0.391738 -0.237382 0.009722
v 0.064525 -0.160416 0.028802
v -0.225010 0.043007 0.080472
v 0.186856 0.140142 -0.059951
v 0.619920 0.024511 -0.000309
v 0.629790 0.074985 -0.085929
v 0.628354 -0.002327 -0.085546
v 0.599090 -0.156920 -0.083213
v 0.282658 -0.194727 -0.064327
v -0.222729 0.039451 -0.000252
v 0.564132 -0.210863 -0.080934
v -0.223483 -0.043753 0.080859
v 0.256947 -0.199724 -0.062785
v 0.632929 -0.022771 -0.024484
v 0.141893 0.072704 0.031416
v 0.214120 0.196777 -0.071295
v 0.450160 -0.254507 0.000161
v 0.387386 -0.242222 0.003831
v 0.303308 -0.141164 -0.007259
v 0.087161 0.118639 0.004535
v 0.083133 -0.098587 0.005615
v 0.047823 0.174105 -0.061358
v 0.141882 -0.069866 0.031969
v 0.343615 -0.220542 0.006340
v 0.532313 -0.159522 0.007969
v 0.315458 0.142210 -0.009076
v 0.469654 -0.191180 0.011803
v 0.568988 0.209377 -0.008672
v 0.082928 -0.158378 0.021537
v 0.086281 -0.169212 0.021381
v -0.224466 -0.034403 0.092040
v -0.224586 -0.006491 0.096623
v -0.296369 -0.032062 0.088285
v -0.064358 0.082781 0.050630
v 0.064549 0.163261 0.027548
v 0.071678 -0.177103 0.028444
v 0.051000 -0.172491 0.023482
v 0.280905 0.195126 -0.065733
v 0.190673 -0.136039 0.015069
v -0.215959 -0.062715 0.045035
v -0.231097 0.000220 0.039520
v -0.221490 0.000405 0.045118
v -0.173249 -0.000743 0.052788
v -0.104810 -0.040976 0.053505
v -0.104827 0.044019 0.053177
v -0.064371 -0.079762 0.051260
v 0.022149 0.175823 0.023843
v 0.260175 -0.195256 0.011183
v 0.070985 -0.183847 0.022343
v 0.216402 -0.198133 0.013786
v 0.229869 -0.176471 0.012905
v 0.226492 -0.154826 0.013021
v 0.022122 -0.173022 0.025195
v 0.082610 -0.170409 0.027770
v -0.199179 -0.115452 0.038078
v 0.568956 -0.206888 -0.007059
v 0.514600 -0.244423 -0.003694
v -0.225533 0.065852 0.038937
v 0.234910 -0.206057 0.012721
v -0.225542 -0.062900 0.039436
v 0.314528 -0.198867 0.007978
v 0.287574 -0.192373 0.009549
v 0.288019 0.053281 0.037245
v 0.295813 0.043452 0.090211
v 0.297775 0.060680 0.103376
v 0.312463 0.032069 0.112645
v 0.312375 -0.001663 0.116100
v 0.313209 0.006164 0.086006
v 0.312732 -0.059687 0.102956
v 0.314614 -0.052779 0.036104
v 0.314060 -0.038367 0.056090
v 0.297767 -0.059683 0.103842
v 0.290930 -0.038359 0.057460
v 0.288011 -0.052771 0.037655
v 0.295334 0.006168 0.087065
v 0.314042 0.036149 0.055803
v 0.313207 -0.008171 0.086061
v 0.295332 -0.008166 0.087121
v 0.314621 0.053250 0.035669
v 0.312742 0.060676 0.102490
v 0.313126 0.043422 0.089186
v 0.312459 -0.030979 0.112890
v 0.299233 0.032073 0.113428
v 0.299708 -0.001659 0.116851
v 0.299228 -0.030975 0.113673
v 0.314620 0.027447 0.035792
v 0.313119 -0.045404 0.089531
v 0.295807 -0.045399 0.090555
v 0.288019 0.027479 0.037368
v 0.290936 0.036156 0.057171
v 0.288013 -0.022668 0.037538
v 0.290931 -0.021158 0.057393
v 0.314616 -0.022677 0.035987
v 0.291437 0.023268 0.060534
v 0.313957 0.023262 0.059200
v 0.314037 -0.021165 0.056025
v -0.820428 -0.043141 -0.027719
v -0.846341 0.037457 -0.036006
v -0.819413 0.037485 -0.028091
v -0.915324 0.021008 0.054160
v -0.866609 0.058030 0.069635
v -0.866273 0.063184 0.041087
v 0.297119 0.011866 0.119965
v -0.734274 0.005573 0.094770
v -0.735317 0.004527 0.091869
v -0.716261 -0.029542 0.038989
v 0.084148 -0.055450 0.082178
v 0.084682 -0.055526 0.062561
v 0.298136 -0.012517 0.122565
v 0.298532 -0.015713 0.122507
v 0.315293 -0.012521 0.121690
v -0.735853 0.021930 0.083147
v -0.736860 0.018466 0.080866
v 0.295404 0.047325 0.113478
v -0.732678 -0.018844 0.088861
v -0.774184 -0.023144 0.027210
v -0.774569 -0.019080 0.027053
v -0.731386 0.037642 0.014200
v -0.732401 -0.042984 0.014572
v -0.755573 -0.043031 0.001703
v -0.849898 0.004166 0.002680
v -0.735603 0.007057 0.089828
v -0.714687 0.005255 0.025649
v -0.848832 0.005235 0.005579
v -0.878085 -0.043179 -0.038546
v -0.915085 -0.028149 0.054878
v -0.912568 -0.043168 -0.036504
v 0.315662 -0.015718 0.121586
v 0.414616 -0.009207 0.069302
v -0.844145 0.037978 0.038038
v -0.796731 0.025651 0.047708
v -0.796731 0.038012 0.047660
v 0.411141 -0.008090 0.066679
v 0.454696 -0.006314 0.052440
v 0.296776 -0.014183 0.117096
v 0.310359 -0.014185 0.116691
v 0.312679 -0.017281 0.118521
v 0.312107 -0.011358 0.118766
v 0.409263 -0.010940 0.064776
v 0.308007 0.043836 0.110863
v 0.409021 0.033324 0.068410
v 0.411576 0.036762 0.070198
v -0.716281 0.023566 0.038784
v -0.910845 -0.071324 0.011008
v -0.932063 0.066965 0.021311
v -0.910836 0.065442 0.010477
v 0.410938 0.030137 0.070591
v 0.453228 0.026322 0.051317
v 0.450961 0.029487 0.049203
v -0.848458 0.008148 0.005523
v -0.863855 0.025189 0.030450
v -0.844123 0.025617 0.038085
v 0.297768 -0.017277 0.119145
v 0.297529 -0.042624 0.115255
v -0.734704 -0.020961 0.082091
v -0.733474 -0.024852 0.084600
v 0.411782 -0.014013 0.066381
v 0.454543 -0.012261 0.052260
v 0.457956 -0.010699 0.055042
v -0.879849 0.065469 0.018153
v -0.714688 -0.013497 0.025721
v -0.732523 -0.042243 0.035952
v 0.453587 0.009350 0.055881
v 0.413393 0.011614 0.075579
v 0.410007 0.010619 0.073264
v 0.310095 -0.038713 0.112377
v 0.296839 -0.035151 0.115478
v 0.296506 -0.038710 0.112664
v -0.983222 0.037340 0.076621
v -0.993582 0.037218 0.039217
v -0.983204 -0.042699 0.076930
v -0.733121 -0.034113 0.065970
v -0.963616 0.039023 0.099206
v -0.918322 0.042918 0.110750
v -0.948253 -0.043102 -0.020149
v -0.977276 -0.043001 0.005322
v -0.714555 -0.034167 0.052323
v -0.714959 -0.034112 0.066566
v 0.414296 -0.028841 0.066384
v 0.453811 -0.023985 0.046722
v 0.457287 -0.025359 0.050171
v -0.993588 -0.042843 0.039527
v 0.294420 0.043838 0.111196
v 0.310340 0.047322 0.112876
v 0.410626 0.015928 0.072948
v 0.456807 0.013306 0.058147
v 0.453436 0.014683 0.055681
v -0.760449 0.038018 0.050124
v -0.754558 0.037594 0.001331
v -0.878078 0.036908 -0.038857
v -0.864370 0.037174 0.030435
v -0.734138 -0.017378 0.084869
v -0.773494 -0.017615 0.022935
v 0.415009 -0.012403 0.069197
v -0.714550 0.028293 0.052081
v -0.733116 0.028348 0.065728
v -0.714954 0.028349 0.066324
v -0.732078 -0.006335 0.090590
v -0.731681 -0.009555 0.090555
v 0.451372 0.011881 0.054238
v 0.082718 -0.007809 0.102300
v 0.422640 0.019580 0.063536
v 0.082732 0.055390 0.062058
v 0.082177 0.055466 0.081701
v 0.080953 0.041766 0.063487
v 0.084747 -0.042550 0.063589
v 0.082879 -0.043504 0.096449
v 0.408141 0.013174 0.071552
v 0.312149 0.011863 0.119357
v 0.310415 0.014417 0.117496
v -0.732284 -0.022909 0.088782
v -0.772757 -0.025088 0.023084
v -0.758539 0.037466 -0.031697
v -0.759554 -0.043159 -0.031324
v -0.734622 0.009838 0.091666
v -0.850160 0.006720 0.000639
v -0.849205 0.009500 0.002454
v -0.760449 0.025658 0.050196
v 0.294709 0.040676 0.113710
v 0.309768 0.040672 0.113196
v 0.312445 -0.042604 0.114701
v -0.730917 -0.004139 0.014382
v 0.082885 0.034537 0.096146
v 0.083904 0.030673 0.081176
v 0.311875 -0.035154 0.114988
v 0.408745 -0.033586 0.060516
v 0.410658 -0.027561 0.062969
v 0.296216 0.045601 0.117274
v -0.847355 -0.043169 -0.035611
v -0.844152 -0.042883 0.038351
v -0.863860 -0.042911 0.030714
v -0.963623 -0.044211 0.099528
v -0.918329 -0.048023 0.111103
v -0.896060 0.021585 -0.008918
v -0.735063 0.020229 0.086944
v -0.895271 0.019884 -0.005122
v 0.411575 -0.034988 0.062590
v 0.298162 0.012935 0.122864
v 0.421796 -0.049374 0.049635
v 0.422638 -0.014870 0.063670
v 0.296834 0.014419 0.117924
v -0.731790 0.037960 0.035598
v -0.796134 -0.028837 0.049719
v -0.758814 -0.042670 0.052318
v -0.759330 -0.028688 0.052271
v 0.414828 -0.032860 0.066250
v -0.882920 0.049239 0.099143
v -0.866284 -0.068836 0.041598
v -0.879859 -0.071297 0.018684
v -0.882928 -0.054439 0.099545
v -0.732951 -0.008002 0.084998
v -0.732864 -0.005173 0.087242
v -0.795621 -0.042842 0.049719
v -0.866619 -0.063437 0.070106
v -0.810249 -0.011420 0.008043
v -0.732166 -0.011119 0.087129
v 0.315688 0.015820 0.121862
v 0.413786 0.014504 0.075427
v -0.735434 0.016634 0.087050
v 0.295820 0.042006 0.117359
v 0.453097 0.032971 0.051064
v -0.732838 0.028744 0.052528
v 0.297952 -0.036615 0.119585
v 0.313347 0.045596 0.116354
v 0.414850 0.035011 0.073425
v 0.414457 0.031417 0.073556
v -0.912562 0.036917 -0.036815
v 0.457984 -0.007503 0.055098
v -0.732907 -0.003416 0.079751
v -0.732785 0.020019 0.075322
v 0.315341 0.012930 0.121965
v -0.732748 -0.020553 0.053890
v 0.085868 -0.035381 0.082493
v 0.086292 -0.007906 0.089494
v -0.896754 0.014959 -0.008663
v -0.897067 0.018099 -0.011199
v -0.977270 0.037084 0.005012
v -0.732765 -0.023172 0.075488
v 0.315480 -0.040663 0.118634
v -0.772330 -0.021197 0.020337
v -0.733877 0.008486 0.094711
v 0.297074 -0.011354 0.119327
v 0.298348 -0.040657 0.119530
v 0.456556 0.031268 0.054232
v -0.732233 -0.034535 0.053937
v 0.451620 -0.027613 0.044323
v 0.456585 0.027650 0.054339
v 0.298557 0.015825 0.122783
v 0.315133 -0.036596 0.118732
v -0.736546 0.015304 0.083402
v 0.453936 -0.031458 0.046485
v -0.732840 0.016407 0.052552
v -0.895644 0.016290 -0.005038
v -0.810947 -0.005474 0.008156
v -0.811034 -0.008302 0.005912
v 0.313000 0.042001 0.116483
v 0.452445 -0.009141 0.050606
v 0.457399 -0.029400 0.050086
v -0.844643 -0.028877 0.038326
v 0.297813 0.017199 0.119738
v 0.456832 0.010416 0.058204
v -0.932590 -0.071727 0.021878
v 0.312723 0.017195 0.119090
v -0.809764 -0.009855 0.011469
v -0.810162 -0.006636 0.011481
v -0.864375 -0.028906 0.030690
v -0.948246 0.036984 -0.020460
v 0.421804 0.051954 0.049242
v -0.735182 -0.003166 0.029014
v -0.870551 -0.071383 -0.003407
v -0.870486 -0.093332 -0.003397
v -0.908941 -0.071491 -0.031948
v -0.852749 0.048195 0.018334
v -0.875789 0.065637 0.007201
v -0.872088 0.048117 -0.002155
v -0.776445 0.048113 -0.001392
v -0.747988 0.065697 0.025080
v -0.752754 0.048180 0.016249
v -0.850350 0.054922 0.007902
v -0.842379 -0.035979 0.000672
v -0.842372 0.054916 0.000320
v -0.786308 0.087514 -0.003597
v -0.798083 0.087600 0.012236
v -0.793556 0.104954 0.021412
v -0.841109 0.087432 -0.025823
v -0.841061 0.065507 -0.025694
v -0.875839 0.087585 0.007049
v -0.759692 0.087708 0.040800
v -0.747918 0.087645 0.024943
v -0.752443 0.104929 0.015634
v -0.784199 0.043527 0.033854
v -0.761810 0.043408 0.003668
v -0.887962 0.030281 -0.008561
v -0.895750 0.030314 -0.000143
v -0.887969 -0.060685 -0.008209
v -0.875035 -0.110686 -0.012547
v -0.884092 -0.115457 -0.025128
v -0.898750 -0.110753 -0.030187
v -0.759651 0.065759 0.040813
v -0.769563 0.048268 0.038878
v -0.796313 -0.049076 0.023749
v -0.829638 -0.053827 0.009992
v -0.810276 -0.053772 0.030479
v -0.776158 0.104862 -0.002006
v -0.915861 -0.053912 -0.007384
v -0.920627 -0.071429 -0.016214
v -0.882237 -0.071322 0.012326
v -0.795991 -0.115273 0.024363
v -0.808504 -0.110683 -0.010460
v -0.788463 -0.110602 0.010739
v -0.822133 -0.049181 -0.003607
v -0.808172 -0.053931 -0.010324
v -0.809953 -0.110522 0.031056
v -0.822488 -0.115379 -0.003706
v -0.899028 -0.054000 -0.030014
v -0.850968 0.104786 -0.023046
v -0.799878 -0.060611 0.012516
v -0.807728 0.030323 0.003896
v -0.807735 -0.060666 0.004248
v -0.897771 -0.060736 -0.015514
v -0.753807 0.075786 0.032894
v -0.807872 0.030385 0.019747
v -0.816608 -0.060609 0.012637
v -0.816601 0.030356 0.012284
v -0.895757 -0.060675 0.000210
v -0.798018 0.065651 0.012270
v -0.819883 -0.071244 0.033704
v -0.833343 -0.071297 0.019484
v -0.826614 -0.081304 0.026633
v -0.850214 -0.036010 -0.007597
v -0.897764 0.030277 -0.015867
v -0.833395 -0.093246 0.019501
v -0.819833 -0.093192 0.033858
v -0.799869 0.030355 0.012187
v -0.807879 -0.060604 0.020099
v -0.882257 -0.093269 0.012483
v -0.876395 -0.081386 0.004487
v -0.793254 0.048202 0.021237
v -0.831305 0.048115 -0.001981
v -0.838810 0.043445 0.011641
v -0.850645 0.048037 -0.022469
v -0.830951 0.104866 -0.001845
v -0.869082 0.075722 0.014274
v -0.907092 -0.115336 0.005848
v -0.892410 -0.110594 0.010869
v -0.916148 -0.110660 -0.006770
v -0.892124 -0.053844 0.010256
v -0.906805 -0.049140 0.005197
v -0.864606 0.043340 -0.015715
v -0.769842 0.105021 0.039051
v -0.852417 0.104947 0.018471
v -0.872458 0.104867 -0.002729
v -0.862300 0.087640 0.021407
v -0.798568 -0.071428 -0.013415
v -0.785107 -0.071373 0.000831
v -0.788810 -0.053853 0.010163
v -0.827547 0.087510 -0.011466
v -0.761498 0.109604 0.003017
v -0.784500 0.109749 0.033992
v -0.829992 -0.110602 0.009879
v -0.862353 0.065691 0.021424
v -0.775187 0.054960 0.013055
v -0.765385 0.054964 0.020361
v -0.765391 -0.035907 0.020713
v -0.875314 -0.053910 -0.012374
v -0.827624 0.065562 -0.011447
v -0.908900 -0.093440 -0.031937
v -0.773172 0.054997 0.028778
v -0.781996 -0.035899 0.022567
v -0.773179 -0.035874 0.029131
v -0.850206 0.054884 -0.007949
v -0.786354 0.065589 -0.003463
v -0.781989 0.054996 0.022215
v -0.775194 -0.035935 0.013407
v -0.850358 -0.035949 0.008253
v -0.859079 0.054894 0.000438
v -0.859086 -0.035978 0.000791
v -0.904566 0.030289 -0.006707
v -0.904573 -0.060676 -0.006354
v -0.838455 0.109667 0.011717
v -0.864951 0.109536 -0.016327
v -0.920696 -0.093377 -0.016078
v -0.884369 -0.049259 -0.024991
v -0.798619 -0.093376 -0.013374
v -0.785057 -0.093321 0.000984
v 0.254268 0.195127 -0.068911
v 0.243278 0.199290 -0.068276
v 0.244228 0.202633 -0.063590
v -0.102748 -0.179022 -0.006158
v -0.105422 -0.179806 -0.050913
v -0.067268 -0.190489 -0.008215
v 0.262737 0.038506 0.044484
v 0.209764 0.038516 0.045973
v 0.228046 -0.000772 0.053175
v 0.243267 0.196957 -0.073022
v 0.208685 0.121097 0.019575
v 0.227957 0.131137 0.018395
v 0.211736 0.144617 0.018904
v 0.635966 -0.036727 -0.011686
v 0.225264 -0.083744 0.033063
v 0.225923 -0.074204 0.038967
v 0.206744 -0.083022 0.034158
v 0.396177 0.074747 -0.115503
v 0.430223 -0.047878 0.029544
v 0.406658 -0.062018 0.030994
v 0.461950 -0.109061 0.020628
v 0.228846 -0.198580 -0.025708
v 0.235860 -0.201755 -0.026112
v 0.231521 -0.197808 0.019057
v 0.558230 0.100321 0.007594
v 0.582436 0.110193 0.002686
v 0.573971 0.144414 0.000889
v -0.043068 -0.053709 -0.080565
v 0.001932 0.106747 -0.083851
v -0.022713 -0.030313 -0.081861
v 0.220981 -0.113969 -0.083233
v 0.206389 -0.143442 -0.069520
v 0.201711 -0.103906 -0.082131
v -0.041117 -0.188313 0.032071
v -0.016226 -0.183222 0.030589
v -0.042554 -0.192014 0.029087
v 0.084570 -0.137521 -0.017413
v 0.092265 -0.132576 -0.017888
v 0.087234 -0.136748 0.027366
v -0.248970 -0.040671 0.008227
v -0.268447 -0.037547 0.007673
v -0.242212 -0.040706 -0.000483
v -0.224058 0.031489 -0.044705
v -0.221394 0.032273 0.000062
v -0.218612 0.064924 -0.000230
v 0.076864 -0.151699 -0.016889
v 0.076864 -0.142476 -0.016925
v 0.079539 -0.150915 0.027877
v 0.419289 -0.244191 -0.036811
v -0.100085 -0.178237 0.038597
v -0.138239 -0.167555 -0.004101
v -0.165249 -0.141791 -0.002601
v -0.162574 -0.141007 0.042165
v -0.192247 -0.116028 -0.001091
v -0.157800 0.149825 0.007057
v -0.192229 0.117460 -0.001996
v -0.162564 0.143979 0.041061
v 0.272075 -0.094710 0.030334
v 0.263069 -0.081912 0.036797
v 0.253449 -0.087724 0.031410
v 0.316951 0.196185 -0.021223
v 0.635960 0.038741 -0.011978
v 0.406667 0.062528 0.030512
v 0.430230 0.048386 0.029171
v 0.461967 0.111749 0.019772
v 0.073944 0.177586 -0.062919
v 0.066378 0.181777 -0.057732
v 0.073967 0.180988 -0.058178
v -0.068860 -0.170347 0.040719
v -0.104351 -0.158881 0.042776
v 0.482415 -0.243425 0.004376
v 0.150200 0.096488 -0.079857
v 0.209052 -0.142658 -0.024753
v 0.228322 -0.152721 -0.025855
v 0.211715 -0.141873 0.020014
v -0.151465 -0.132841 0.045466
v -0.178463 -0.107078 0.046976
v -0.127880 0.153173 0.042961
v -0.151445 0.135837 0.044424
v -0.143774 0.119295 0.048036
v 0.002443 0.174633 -0.013746
v 0.146931 0.100802 0.023723
v 0.149606 0.118730 0.023095
v 0.139682 0.113352 0.023692
v 0.383092 0.063827 0.031903
v 0.414829 0.127191 0.022504
v -0.102919 0.188539 0.031188
v -0.101494 0.184850 0.034190
v -0.066012 0.196294 0.032057
v 0.094274 -0.105284 0.026827
v 0.090880 -0.087960 0.034024
v 0.068265 -0.096120 0.035394
v 0.094290 0.108076 0.026000
v 0.068281 0.098994 0.034638
v 0.090894 0.090810 0.033330
v -0.127903 -0.150202 0.044137
v -0.096677 -0.142312 0.046259
v 0.297496 -0.192207 -0.074739
v -0.205427 0.091192 -0.001112
v -0.202763 0.091976 0.043655
v -0.167912 -0.142576 -0.047356
v 0.139666 -0.110572 0.024572
v 0.149589 -0.115956 0.024005
v 0.146916 -0.098024 0.024505
v 0.267353 -0.190471 -0.072960
v 0.331042 -0.206249 -0.031731
v 0.341111 -0.211148 0.012619
v 0.315584 -0.195078 -0.042091
v 0.230214 0.188496 0.017639
v 0.222540 0.196778 -0.015634
v 0.231720 0.183680 -0.004895
v 0.220248 0.114855 -0.084076
v 0.245913 -0.196588 -0.026727
v 0.255965 -0.191409 -0.027342
v 0.247330 -0.196451 0.018116
v 0.088827 -0.139615 0.021292
v 0.094828 -0.134270 0.023999
v 0.088929 -0.137148 0.024183
v 0.077647 0.003087 -0.087934
v 0.089088 0.073299 -0.088884
v 0.103368 -0.006955 -0.089418
v 0.079538 0.153728 0.026697
v 0.077540 0.143925 -0.006842
v 0.076875 0.152956 -0.018070
v -0.205429 -0.089752 -0.000412
v -0.208104 -0.090536 -0.045178
v -0.208078 0.090408 -0.045880
v -0.148638 -0.106983 -0.061359
v -0.168623 -0.086908 -0.060254
v -0.122339 -0.077079 -0.075756
v 0.272702 -0.188914 0.016584
v 0.279098 -0.167507 0.016534
v 0.265034 -0.169218 0.017374
v -0.282553 -0.014657 0.004677
v -0.288788 -0.002143 0.010836
v -0.282540 -0.002155 0.004628
v 0.020503 0.003104 -0.084550
v 0.039077 0.093371 -0.086000
v 0.044793 -0.006925 -0.085949
v -0.042366 -0.185397 -0.009698
v -0.039691 -0.184612 0.035056
v -0.251599 0.004550 -0.044147
v -0.255974 -0.002322 -0.043861
v -0.251599 0.012035 -0.044176
v -0.247224 -0.002324 -0.044379
v -0.251600 -0.016681 -0.044065
v 0.164729 -0.130941 -0.022173
v 0.189782 -0.132594 -0.023651
v 0.167391 -0.130157 0.022594
v 0.167411 0.132928 0.021574
v 0.243238 -0.197361 -0.071493
v 0.190488 -0.084921 0.035128
v 0.192249 -0.072760 0.040956
v 0.175334 -0.084199 0.036023
v 0.190513 0.087775 0.034458
v 0.175358 0.087051 0.035358
v 0.192260 0.075648 0.040380
v 0.061614 -0.164994 -0.060863
v 0.075724 -0.166843 -0.061691
v 0.063150 -0.170129 -0.060934
v 0.300172 -0.191435 -0.029961
v 0.302846 -0.190650 0.014805
v 0.221844 -0.195417 -0.025306
v 0.226183 -0.199364 -0.070475
v -0.231916 0.021088 -0.045377
v -0.231917 -0.000143 -0.045294
v -0.303558 -0.002100 0.021386
v -0.303546 0.010401 0.021337
v -0.298915 -0.002119 0.016709
v 0.253631 -0.186793 0.017705
v 0.260026 -0.165386 0.017656
v -0.260425 0.025586 0.089935
v -0.259733 0.033190 0.084474
v -0.295697 0.032152 0.082606
v 0.082951 0.153198 0.020329
v 0.081244 0.144880 0.023547
v 0.081245 0.152823 0.023516
v 0.083949 0.139488 -0.012831
v 0.081916 0.137999 -0.063250
v 0.270027 -0.189686 -0.028194
v 0.284091 -0.187975 -0.029034
v 0.360861 -0.153838 0.022138
v 0.381240 -0.156404 0.021247
v 0.370855 -0.123181 0.025771
v 0.153657 0.065331 0.033349
v 0.164473 0.067889 0.038678
v 0.166290 0.072367 0.035952
v 0.295007 -0.121349 0.023970
v 0.295128 -0.111930 0.025975
v 0.282600 -0.127995 0.021812
v -0.190360 0.036999 -0.059446
v -0.183214 0.067075 -0.059986
v -0.152298 0.039934 -0.074435
v 0.061615 -0.155770 -0.060898
v 0.074189 -0.152484 -0.061655
v 0.272089 0.097537 0.029589
v 0.253463 0.090552 0.030719
v 0.263081 0.084780 0.036151
v 0.383082 -0.063291 0.032395
v 0.414810 -0.124474 0.023479
v 0.575689 -0.179003 -0.091264
v 0.416967 0.247903 -0.078750
v 0.385275 0.241768 -0.076850
v 0.415817 0.251235 -0.073940
v 0.115959 -0.130926 -0.019286
v 0.113295 -0.131699 -0.064064
v 0.118607 0.131866 -0.026075
v 0.113314 0.131387 -0.065084
v 0.091619 0.133627 -0.030115
v 0.572433 -0.105288 -0.104093
v 0.191238 -0.037122 0.047363
v 0.176084 -0.036400 0.048258
v 0.176090 0.037081 0.047973
v 0.191244 0.037805 0.047073
v 0.076863 -0.160923 -0.016854
v 0.354378 -0.170725 0.015113
v 0.343992 -0.137502 0.019637
v 0.139664 -0.129277 -0.020695
v 0.162054 -0.131714 -0.066940
v 0.139683 0.130507 -0.021702
v 0.166280 -0.069510 0.036502
v 0.164463 -0.063283 0.039187
v 0.153648 -0.060754 0.033838
v 0.419326 0.245227 -0.038707
v 0.281357 -0.044839 0.043703
v 0.294614 -0.097091 0.031927
v 0.294277 -0.053033 0.039910
v 0.232893 0.179389 0.014432
v 0.228206 0.168322 0.011668
v 0.231203 0.168568 0.014574
v 0.639760 0.013019 -0.018424
v 0.643765 0.006220 -0.014162
v 0.639043 0.013066 -0.006293
v 0.137665 -0.003617 -0.091462
v 0.139101 0.063249 -0.091806
v 0.161956 -0.003625 -0.092901
v 0.362712 0.061271 0.032825
v 0.315757 0.061298 0.038713
v 0.327975 -0.000808 0.045798
v 0.071821 0.175025 -0.062783
v 0.074496 0.175809 -0.018017
v 0.079961 0.172459 -0.018328
v 0.126223 -0.073829 -0.090513
v -0.042536 0.194865 0.027600
v 0.477431 0.247885 -0.082331
v 0.478850 0.250699 -0.077671
v 0.294629 0.099915 0.031163
v 0.281363 0.045492 0.043353
v 0.294285 0.053642 0.039496
v -0.293851 -0.002131 0.013773
v -0.293839 0.010371 0.013723
v -0.266127 0.000240 -0.022731
v -0.266127 0.007725 -0.022760
v 0.081895 -0.138305 -0.062179
v -0.261766 -0.019113 -0.022914
v -0.266140 -0.012238 -0.022682
v 0.027488 0.153930 0.032238
v 0.002908 0.158305 0.035725
v 0.005398 0.143791 0.038094
v -0.283563 0.033317 0.022760
v -0.257273 0.038111 0.038346
v -0.248886 0.038084 0.031693
v 0.059073 -0.087179 -0.086484
v -0.086125 0.150596 -0.066059
v -0.045012 0.185941 -0.055907
v -0.061225 0.145478 -0.067514
v 0.061638 0.155465 -0.062105
v 0.061639 0.164688 -0.062140
v 0.074212 0.152183 -0.062837
v 0.228110 0.165589 -0.072015
v 0.228333 0.153884 -0.027043
v 0.230729 0.169288 -0.038491
v -0.143014 0.119078 -0.062567
v -0.121607 0.139140 -0.063913
v -0.123746 0.090072 -0.076320
v -0.260485 0.010226 0.092176
v -0.296448 0.009188 0.090308
v -0.105394 0.179603 -0.052306
v 0.192306 -0.119435 0.021488
v 0.208667 -0.118348 0.020503
v 0.208529 -0.105974 0.020875
v 0.208545 0.108715 0.020044
v 0.192324 0.122195 0.020552
v 0.282620 0.130731 0.020809
v 0.295145 0.114696 0.025096
v 0.295025 0.124100 0.023019
v -0.101510 -0.181938 0.035612
v -0.066019 -0.193405 0.033554
v -0.102936 -0.185639 0.032627
v -0.266454 -0.041429 0.045718
v -0.301129 -0.036715 0.036748
v -0.257279 -0.042174 0.038657
v 0.227937 -0.128411 0.019401
v 0.239761 -0.129860 0.018718
v 0.236714 -0.106335 0.019208
v 0.248114 0.099331 0.025022
v 0.239106 0.086573 0.031585
v -0.216623 -0.001711 -0.046194
v -0.231931 -0.025123 -0.045197
v 0.245295 -0.141553 0.018424
v 0.244439 -0.146981 0.018496
v 0.258749 -0.136597 0.018008
v -0.275728 0.021789 0.007239
v -0.268429 0.033245 0.007398
v -0.268981 0.021743 -0.001470
v -0.170177 -0.145600 -0.042455
v -0.142416 -0.172280 -0.043996
v -0.171691 -0.149540 -0.037595
v 0.332817 0.169327 -0.090953
v 0.492346 0.078553 0.019549
v 0.524464 0.097020 0.013232
v 0.517647 0.116074 0.012114
v 0.267381 0.190052 -0.074435
v 0.300703 -0.165756 0.016837
v 0.328218 -0.174244 0.013239
v 0.309994 -0.145902 0.016210
v 0.031926 0.135685 -0.073004
v 0.044499 0.123180 -0.073700
v -0.028372 0.148805 -0.069484
v -0.069485 0.113460 -0.079636
v 0.163453 -0.027644 0.045594
v 0.158021 -0.028408 0.048673
v 0.146399 -0.055290 0.039602
v 0.631890 -0.008905 0.006009
v 0.639040 -0.015462 -0.006183
v 0.627884 -0.016159 0.001802
v 0.233449 0.167146 0.017530
v 0.239841 0.170164 0.017140
v 0.242282 0.182653 0.016947
v 0.228877 0.199743 -0.027253
v 0.284623 -0.162309 0.017776
v 0.219940 0.095356 0.026706
v 0.225289 0.086578 0.032403
v 0.381724 0.208179 0.012027
v 0.189848 -0.005595 -0.094545
v 0.189115 0.069920 -0.094794
v 0.215570 0.001082 -0.096094
v -0.041885 0.170385 0.038320
v 0.147570 0.077144 0.031063
v 0.158385 0.079701 0.036391
v 0.034812 -0.172287 -0.054492
v 0.048359 -0.171457 -0.055297
v 0.034130 -0.175464 -0.049683
v 0.276976 0.145323 0.017450
v 0.119145 0.136950 0.018437
v 0.119246 0.134506 0.021336
v 0.094848 0.137052 0.022959
v 0.517630 -0.113442 0.013004
v 0.524449 -0.094381 0.013974
v 0.492334 -0.075860 0.020147
v 0.260063 0.168091 0.016363
v 0.209759 -0.037844 0.046269
v 0.001128 0.182227 -0.049114
v -0.106936 -0.183747 -0.046053
v -0.069216 -0.195437 -0.048241
v -0.106210 -0.187911 -0.041324
v -0.102732 0.180375 -0.007551
v -0.067250 0.191832 -0.009697
v 0.273904 0.196461 0.008853
v 0.225518 0.164950 -0.067091
v 0.223454 0.155768 -0.071689
v 0.223313 0.167607 -0.066971
v 0.225935 0.077083 0.038381
v 0.393092 0.193314 0.014848
v 0.381265 0.159119 0.020024
v 0.403081 0.162685 0.018719
v -0.181805 -0.060632 -0.059575
v -0.190364 -0.027201 -0.059197
v -0.150884 -0.023573 -0.074273
v 0.254071 -0.119477 0.018231
v 0.264683 0.147624 0.016568
v 0.253295 0.165203 0.016763
v 0.254090 0.122201 0.017294
v 0.245317 0.144268 0.017316
v 0.239781 0.132590 0.017701
v 0.016503 -0.109698 0.041478
v -0.008090 -0.114042 0.045000
v 0.005389 -0.140878 0.039197
v 0.236730 0.109070 0.018373
v 0.057696 -0.173475 -0.060598
v 0.057014 -0.176653 -0.055790
v 0.119124 -0.134219 0.019476
v 0.119225 -0.131752 0.022368
v 0.233226 0.178851 -0.027441
v 0.359907 0.204614 0.013333
v 0.272606 0.112319 0.023522
v 0.282224 0.106546 0.028954
v 0.079066 -0.167342 -0.057131
v 0.077635 -0.162336 -0.057066
v 0.082513 -0.167971 -0.052578
v 0.077636 -0.153113 -0.057102
v 0.078000 -0.145616 -0.057153
v 0.081447 -0.155469 -0.052563
v 0.228565 -0.185341 -0.020128
v 0.315747 -0.060698 0.039174
v 0.362703 -0.060725 0.033286
v 0.073459 -0.177480 -0.056760
v 0.080602 -0.172477 -0.057202
v 0.076801 -0.177980 -0.052201
v 0.362718 0.233439 -0.070726
v 0.244461 0.149696 0.017346
v 0.084629 0.166557 0.020178
v 0.081245 0.162046 0.023480
v 0.082923 0.167462 0.023360
v 0.174642 -0.117609 0.022527
v 0.174503 -0.105235 0.022899
v 0.174519 0.107996 0.022073
v 0.174659 0.120379 0.021605
v 0.146408 0.059479 0.039156
v 0.158025 0.028672 0.048451
v 0.163457 0.030046 0.045370
v 0.188412 -0.072462 -0.094200
v 0.115464 -0.134842 -0.059413
v 0.137515 -0.133180 -0.060725
v 0.115991 -0.137973 -0.054677
v 0.148754 -0.100270 -0.079009
v 0.114458 -0.103608 -0.076965
v 0.068005 -0.180827 -0.056424
v 0.058667 -0.178809 -0.051124
v 0.253114 0.134913 -0.086100
v 0.255566 0.147390 -0.086306
v 0.231889 0.190098 -0.072333
v 0.224887 0.186940 -0.071906
v 0.226213 0.198971 -0.072020
v 0.327459 0.208499 -0.073297
v 0.312481 0.198493 -0.072371
v 0.326333 0.211772 -0.068488
v -0.057577 -0.150907 -0.066594
v -0.086148 -0.144213 -0.064916
v -0.073783 -0.103847 -0.078540
v 0.370874 0.125934 0.024817
v -0.248602 0.038048 0.022378
v -0.241856 0.038003 0.013669
v 0.491169 0.216888 0.005512
v 0.500999 0.177971 0.008518
v 0.522508 0.201051 0.003717
v -0.293276 0.036522 0.046157
v -0.258599 0.041290 0.055091
v 0.550616 0.036381 -0.116073
v 0.483433 0.249470 -0.000677
v 0.482418 0.251984 -0.003710
v 0.451213 0.254532 0.001212
v 0.424749 0.084772 -0.117234
v 0.433463 0.163478 -0.109627
v 0.449040 0.084765 -0.118673
v 0.208605 0.148119 0.012907
v 0.209490 0.146039 0.015947
v 0.191579 0.136657 0.017044
v -0.301112 0.034088 0.036473
v -0.302438 0.037267 0.053218
v -0.046131 0.151062 0.042648
v -0.068834 0.173282 0.039387
v 0.087265 -0.036409 0.044466
v 0.053522 -0.039768 0.050091
v 0.098614 -0.075436 0.036966
v 0.098626 0.078331 0.036370
v 0.053528 0.040493 0.049780
v 0.087270 0.037097 0.044182
v 0.001618 -0.177552 -0.052506
v 0.020103 -0.171730 -0.053623
v 0.002098 -0.182116 -0.047761
v -0.044314 -0.190334 -0.049735
v -0.018263 -0.184502 -0.051301
v -0.042439 -0.193770 -0.045078
v -0.290362 0.021852 0.020100
v -0.281975 0.021825 0.013447
v 0.644482 -0.004684 -0.026250
v 0.643764 -0.008256 -0.014106
v 0.643047 -0.000971 -0.002003
v 0.253258 -0.162494 0.018034
v 0.264661 -0.144918 0.017702
v 0.532928 0.062799 0.015029
v -0.008084 0.117002 0.044104
v 0.016496 0.112628 0.040618
v 0.114113 0.134899 -0.065145
v 0.091204 0.135759 -0.059036
v 0.115696 0.137619 -0.060482
v 0.003040 -0.139129 -0.070229
v -0.032676 -0.145804 -0.068088
v -0.009497 -0.103867 -0.082359
v 0.458262 0.200942 -0.098505
v 0.076804 0.153263 -0.062994
v 0.077438 0.160778 -0.058306
v 0.080029 0.152634 -0.058427
v -0.303559 -0.014590 0.021435
v -0.308190 -0.002070 0.026063
v 0.083499 0.140720 -0.058587
v 0.076803 0.144040 -0.062958
v 0.086092 0.141799 -0.058745
v 0.239093 -0.083749 0.032245
v 0.248099 -0.096547 0.025782
v 0.261181 -0.112828 0.017796
v 0.261192 -0.117540 0.017813
v 0.273836 -0.122584 0.017084
v 0.273854 0.125285 0.016123
v 0.261210 0.120260 0.016891
v 0.261198 0.115548 0.016910
v 0.225687 0.204782 0.011676
v 0.633985 0.019837 -0.017602
v 0.638707 0.012991 -0.025470
v -0.211741 -0.091186 -0.040204
v -0.197187 -0.119836 -0.040955
v -0.214006 -0.094210 -0.035303
v 0.364138 -0.232687 -0.073761
v 0.386176 -0.241858 -0.075031
v 0.363926 -0.235594 -0.068982
v 0.558215 -0.097731 0.008363
v 0.532919 -0.060149 0.015506
v 0.397798 0.200960 -0.094924
v 0.189829 -0.094461 0.029225
v 0.189867 0.097269 0.028480
v 0.206769 0.085867 0.033502
v 0.043831 0.138578 0.033790
v 0.030348 0.111789 0.039801
v -0.258606 -0.045234 0.055426
v -0.302456 -0.039775 0.053517
v 0.354404 0.173397 0.013780
v 0.344013 0.140211 0.018573
v 0.360885 0.156563 0.020947
v 0.301081 0.198262 0.007236
v 0.331302 0.209955 0.008486
v 0.329103 0.212329 0.005523
v 0.316758 0.199138 0.009389
v 0.482453 0.245993 0.002478
v 0.460944 0.222913 0.007279
v 0.266746 0.131938 0.016507
v -0.257758 -0.042417 0.033555
v -0.283580 -0.037486 0.023035
v -0.249383 -0.042443 0.026903
v 0.627475 -0.024998 -0.005249
v 0.620325 -0.018441 0.006943
v 0.479562 -0.250328 -0.075774
v 0.057711 0.173173 -0.061941
v 0.060385 0.173957 -0.017175
v 0.069031 0.179160 -0.017707
v 0.219914 -0.092567 0.027435
v -0.259791 0.041351 0.071133
v -0.259589 0.041324 0.064012
v -0.294803 0.039729 0.070023
v 0.367981 0.232139 0.006228
v 0.365536 0.233972 0.003282
v 0.346093 0.221312 0.007566
v 0.266726 -0.129232 0.017519
v 0.147559 -0.074298 0.031650
v 0.158374 -0.076827 0.036999
v -0.210647 0.093553 -0.040985
v -0.225276 0.065734 -0.040011
v -0.214648 0.095146 -0.035999
v 0.162983 -0.082010 0.036745
v 0.161222 -0.094171 0.030918
v 0.161236 0.097008 0.030177
v 0.162984 0.084881 0.036099
v -0.293864 -0.014632 0.013822
v 0.076876 0.162179 -0.018105
v 0.043822 -0.135693 0.034853
v 0.030343 -0.108857 0.040655
v 0.226161 0.190224 0.014788
v 0.223164 0.189978 0.011883
v 0.077171 0.176594 0.026749
v 0.078975 0.165912 -0.058416
v 0.079410 0.174236 -0.063230
v 0.081097 0.168472 -0.058552
v 0.496185 0.001164 -0.121141
v -0.171253 0.139194 -0.048249
v -0.138213 0.168930 -0.005405
v 0.310016 0.148590 0.015068
v 0.328245 0.176905 0.011879
v 0.300728 0.168449 0.015542
v 0.205695 -0.146584 -0.064711
v 0.223887 -0.155754 -0.065753
v 0.203923 -0.148833 -0.059843
v 0.451891 -0.062365 -0.118272
v -0.035051 -0.116926 0.046090
v -0.046165 -0.148106 0.043809
v -0.228058 0.033082 -0.039719
v -0.230547 -0.001695 -0.039437
v -0.231766 0.032550 -0.034743
v 0.061020 0.180946 0.021520
v 0.071360 0.183281 0.023983
v 0.061366 0.177609 0.024597
v -0.223083 -0.047132 0.042525
v 0.076494 0.108190 -0.075549
v 0.102215 0.098148 -0.077033
v -0.227770 -0.033244 -0.039480
v -0.224922 -0.064910 -0.039525
v -0.231407 -0.033894 -0.034506
v 0.282208 -0.103736 0.029768
v 0.272588 -0.109549 0.024382
v 0.380599 0.153460 -0.106457
v 0.081087 0.168098 0.026550
v 0.078413 0.167314 -0.018216
v 0.426169 -0.062357 -0.116748
v 0.144262 -0.086798 0.031893
v 0.144263 0.089658 0.031210
v -0.035033 0.119899 0.045171
v -0.282528 0.010323 0.004579
v -0.276293 -0.002192 -0.001580
v -0.121628 -0.132746 -0.062859
v 0.068789 0.113151 -0.075100
v 0.327250 -0.213905 -0.066894
v 0.002884 -0.155409 0.036942
v 0.027477 -0.151066 0.033420
v -0.105559 0.184250 -0.047559
v -0.142261 0.171373 -0.045336
v -0.106944 0.187477 -0.042735
v 0.504127 0.029294 0.021973
v 0.537893 0.032595 0.016335
v 0.329005 -0.112949 0.027398
v 0.223908 -0.168014 -0.060952
v 0.537888 -0.032204 0.016587
v -0.275244 -0.026113 0.004924
v -0.268997 -0.026125 -0.001284
v -0.027856 -0.000722 0.058067
v -0.047430 -0.041783 0.052911
v 0.022598 -0.041801 0.052436
v 0.162580 -0.134845 -0.062203
v 0.186425 -0.136521 -0.063609
v 0.161887 -0.137987 -0.057395
v 0.033948 -0.080829 0.044936
v 0.039682 -0.166154 0.030296
v 0.056026 -0.150781 0.031728
v 0.041318 -0.150224 0.032597
v 0.437047 0.029332 0.030288
v 0.022593 0.042549 0.052110
v -0.047435 0.042568 0.052585
v 0.125909 0.096496 -0.078418
v -0.168781 0.147741 0.035247
v -0.167356 0.144051 0.038260
v -0.136976 0.173404 0.036336
v 0.504123 -0.028854 0.022198
v 0.331073 0.207349 -0.033334
v 0.064680 0.127000 0.030140
v 0.037345 0.101050 0.036968
v -0.259032 -0.043668 0.071488
v -0.294810 -0.043552 0.070346
v -0.258829 -0.043696 0.064367
v 0.359876 -0.201946 0.014909
v 0.381692 -0.205525 0.013631
v 0.393062 -0.190640 0.016337
v 0.370122 -0.227106 0.010963
v 0.403308 -0.215800 0.012390
v 0.061093 -0.147634 0.031416
v 0.059458 -0.163563 0.029114
v -0.100069 0.181160 0.037204
v -0.016997 -0.162371 0.038146
v -0.041899 -0.167463 0.039629
v -0.224736 0.034816 0.086138
v -0.260007 0.041382 0.078808
v 0.437042 -0.028817 0.030514
v 0.085706 -0.140661 -0.057640
v 0.091771 -0.136492 -0.058016
v 0.087876 -0.143803 -0.052990
v 0.134675 -0.082358 0.028207
v 0.124623 -0.084601 0.028399
v 0.126941 -0.094882 0.025265
v 0.161932 0.134938 -0.063210
v 0.137806 0.133247 -0.066529
v 0.162730 0.138451 -0.063271
v -0.239163 -0.032136 -0.023567
v -0.219686 -0.035261 -0.023013
v 0.631484 0.015389 -0.001170
v -0.170017 0.093343 -0.060869
v 0.090764 -0.105258 -0.075568
v 0.057910 -0.115270 -0.073583
v 0.037342 -0.098152 0.037739
v 0.064661 -0.124147 0.031114
v 0.276954 -0.142613 0.018566
v 0.629419 -0.037635 -0.085472
v 0.417597 -0.250614 -0.072102
v 0.442011 -0.000872 0.031595
v 0.403056 -0.159983 0.019970
v 0.329022 0.115721 0.026523
v 0.552041 -0.030486 -0.115898
v -0.193142 0.004347 -0.059155
v -0.224063 -0.032711 -0.044456
v 0.118634 -0.130154 0.025481
v 0.129613 -0.112815 0.024764
v 0.105909 -0.114464 0.026174
v 0.129631 0.115586 0.023878
v 0.118653 0.132944 0.024461
v 0.105926 0.117250 0.025275
v 0.124636 0.087413 0.027732
v 0.134688 0.085179 0.027546
v 0.126955 0.097658 0.024506
v 0.247704 0.096656 -0.098367
v -0.234976 0.029179 -0.022357
v -0.254453 0.026053 -0.022886
v -0.242206 0.036325 -0.000781
v -0.223267 -0.043782 0.073184
v -0.259248 -0.043639 0.079163
v 0.333748 0.208121 0.011432
v 0.005092 -0.172559 0.032369
v 0.033949 0.083783 0.044298
v 0.638705 -0.015537 -0.025360
v 0.637988 -0.015490 -0.013229
v 0.629072 0.036329 -0.085737
v -0.224793 0.042977 0.072797
v 0.534223 -0.224432 -0.083866
v 0.561342 -0.207767 -0.085536
v 0.537013 -0.227528 -0.079264
v 0.148684 0.071256 0.031019
v 0.140779 0.078591 0.031459
v 0.297525 0.191770 -0.076227
v -0.304589 0.022608 0.030097
v -0.309232 0.022626 0.034774
v 0.070284 0.169891 -0.062672
v 0.075750 0.166541 -0.062983
v 0.322541 0.132555 0.019356
v 0.222442 -0.187113 -0.065546
v 0.218148 -0.197945 -0.065262
v 0.221408 -0.188857 -0.060734
v 0.420949 -0.245945 0.004942
v 0.418773 -0.248365 0.001996
v 0.389562 -0.239802 0.006777
v 0.195235 -0.011263 -0.001362
v 0.085147 0.010026 0.005075
v 0.193221 -0.119875 -0.000822
v 0.051740 0.168755 -0.016643
v 0.063060 0.174742 0.027591
v -0.300072 -0.026010 0.027899
v -0.295441 -0.026040 0.023223
v 0.225149 -0.201108 -0.065664
v 0.234076 -0.205282 -0.066164
v 0.226040 -0.203863 -0.060951
v 0.057733 0.176575 -0.057200
v 0.048444 0.171038 -0.061383
v 0.057112 0.179642 -0.057175
v 0.173819 -0.101935 -0.080487
v 0.140768 -0.075740 0.032058
v 0.148674 -0.068423 0.031561
v 0.367946 -0.229527 0.008017
v 0.365500 -0.231382 0.005086
v 0.346060 -0.218687 0.009272
v 0.369226 0.190935 -0.093193
v 0.050204 -0.120226 -0.073095
v 0.037630 -0.132736 -0.072303
v 0.508914 -0.127222 0.013573
v 0.541029 -0.145742 0.007400
v 0.034332 -0.167723 -0.059236
v 0.022921 -0.132179 -0.071434
v 0.258770 0.139307 0.016939
v 0.201309 0.130424 -0.002271
v 0.309383 0.000523 -0.008168
v 0.477584 -0.143051 0.015490
v 0.500983 -0.175351 0.009886
v 0.442284 0.195343 0.011928
v 0.426656 0.161385 0.017328
v 0.454032 0.159849 0.015713
v -0.000258 -0.174116 -0.057163
v 0.298118 -0.195197 -0.069997
v 0.313096 -0.198527 -0.070871
v 0.297636 -0.198057 -0.065202
v -0.223149 -0.045602 0.018746
v 0.426632 -0.158709 0.018569
v 0.588597 0.182300 -0.009728
v 0.491148 -0.214299 0.007182
v 0.522477 -0.198471 0.005266
v 0.243579 -0.191972 0.018321
v -0.019491 0.185576 -0.052661
v -0.045177 0.190589 -0.051160
v -0.044556 0.195342 -0.046460
v 0.072032 -0.151054 0.028322
v 0.068601 -0.138272 0.030936
v 0.087243 0.139556 0.026296
v 0.244128 -0.200115 -0.066780
v 0.255119 -0.195959 -0.067447
v 0.245956 -0.203881 -0.062118
v 0.262731 -0.037854 0.044779
v 0.454020 -0.157190 0.016941
v 0.442266 -0.192699 0.013431
v 0.084604 -0.163795 0.021459
v 0.081233 -0.159258 0.024725
v 0.082909 -0.164675 0.024647
v 0.578479 -0.182100 -0.086663
v 0.595958 -0.155128 -0.087802
v 0.577241 -0.190634 -0.081789
v 0.421964 -0.243407 0.007955
v 0.433534 -0.221825 0.010624
v 0.083294 -0.122623 0.027544
v 0.075599 -0.127568 0.028020
v 0.083313 0.125434 0.026583
v 0.075607 0.130383 0.027020
v 0.269181 -0.194236 -0.068298
v 0.282036 -0.191737 -0.069069
v 0.269802 -0.197226 -0.063556
v 0.316298 0.130074 -0.102559
v -0.224526 -0.020447 0.094332
v -0.260477 -0.019277 0.092454
v -0.260417 -0.033232 0.090163
v 0.236565 -0.188797 0.018724
v -0.068719 0.118370 0.047172
v -0.030672 0.084310 0.048629
v 0.068127 0.171603 0.027304
v 0.073592 0.168252 0.026993
v 0.063034 -0.171907 0.028935
v 0.068101 -0.168759 0.028623
v -0.102348 -0.019421 -0.077163
v -0.073775 -0.000204 -0.078942
v 0.039707 0.168992 0.028997
v 0.041341 0.153092 0.031421
v 0.056049 0.153639 0.030548
v 0.267112 0.193455 -0.069665
v 0.268061 0.196798 -0.064979
v 0.068610 0.141122 0.029853
v -0.295691 -0.037794 0.082876
v -0.259926 -0.037907 0.084572
v -0.081121 0.041039 0.054586
v 0.108623 -0.000751 0.056128
v 0.091570 -0.028397 0.050137
v 0.091574 0.028682 0.049915
v -0.139030 -0.020860 0.053147
v -0.101347 -0.020840 0.056023
v -0.135567 -0.000723 0.055665
v -0.101356 0.021658 0.055860
v -0.139038 0.021638 0.052983
v -0.136082 -0.069944 0.051891
v -0.170302 -0.049827 0.051533
v 0.614786 -0.114931 -0.084305
v -0.068749 -0.115377 0.048080
v -0.030673 -0.081312 0.049271
v 0.345087 -0.190579 0.015740
v 0.433568 0.224449 0.008894
v -0.222379 0.041128 0.014198
v 0.541052 0.148338 0.006260
v 0.508934 0.129871 0.012577
v -0.223974 -0.039078 0.086450
v -0.092284 0.109706 0.048602
v -0.112518 0.090325 0.049875
v -0.084592 0.063400 0.051904
v -0.197370 -0.000169 0.048953
v -0.194599 0.032483 0.048663
v -0.218719 0.033057 0.044828
v 0.204052 0.149284 -0.065760
v -0.170294 0.050608 0.051144
v -0.136083 0.072990 0.051338
v 0.209062 0.143845 -0.025863
v 0.037007 -0.166938 -0.014470
v 0.022298 -0.166382 -0.013601
v -0.081128 -0.040233 0.054901
v 0.082928 -0.150435 0.021506
v 0.081234 -0.142092 0.024658
v 0.081233 -0.150035 0.024689
v -0.194604 -0.031729 0.048912
v -0.218724 -0.031155 0.045076
v 0.322522 -0.129837 0.020373
v 0.389064 -0.238166 -0.035044
v 0.002257 0.182785 0.024994
v 0.003682 0.179096 0.028007
v 0.023574 0.172134 0.026856
v 0.460921 -0.220306 0.008996
v -0.045040 -0.186169 -0.054464
v 0.297088 0.155966 -0.088786
v 0.281007 0.152517 -0.087832
v 0.535465 0.224520 -0.085678
v 0.536884 0.227335 -0.081018
v -0.143739 0.006503 -0.074813
v -0.191656 -0.080813 0.047656
v -0.191644 0.083834 0.047018
v 0.013695 -0.169464 0.009384
v -0.017464 -0.180293 -0.011192
v 0.266944 0.154249 -0.086994
v -0.260547 -0.006332 0.094586
v -0.296439 -0.019117 0.090417
v 0.226224 0.201304 -0.067274
v 0.216666 0.196295 -0.071444
v 0.223679 0.201786 -0.067125
v -0.223587 0.042913 0.056201
v 0.241941 0.184925 -0.072908
v 0.078979 -0.173157 0.024912
v 0.078633 -0.176529 0.021862
v 0.071331 -0.180475 0.025393
v -0.222313 0.042842 0.037964
v 0.232866 -0.176682 0.015812
v 0.228181 -0.165648 0.012963
v 0.231178 -0.165860 0.015870
v 0.003655 -0.176260 0.029384
v 0.023548 -0.169310 0.028180
v 0.002229 -0.179972 0.026400
v 0.073567 -0.165412 0.028286
v 0.077144 -0.173756 0.028107
v 0.036561 -0.172757 0.024339
v 0.037987 -0.169044 0.027323
v -0.287066 -0.026066 0.016571
v -0.282002 -0.026078 0.013634
v -0.104315 0.161837 0.041532
v -0.222827 -0.045350 0.056568
v 0.345116 0.193256 0.014253
v 0.074481 -0.174540 -0.016660
v 0.069015 -0.177887 -0.016323
v 0.078399 -0.166058 -0.016925
v 0.081074 -0.165274 0.027841
v 0.079935 -0.171193 -0.016996
v -0.221399 -0.031939 0.000310
v -0.224165 -0.000379 0.000352
v 0.222341 0.187422 -0.071757
v 0.227969 0.177428 -0.067297
v 0.219749 0.186783 -0.066834
v 0.167098 -0.133870 0.016457
v 0.166506 -0.132272 0.019570
v 0.142930 -0.130103 0.020958
v 0.035095 0.171048 -0.055838
v 0.034474 0.174115 -0.055813
v 0.540799 -0.222154 -0.002248
v 0.541778 -0.225656 -0.005376
v 0.513621 -0.240921 -0.000566
v 0.627479 0.022188 -0.005432
v -0.178458 0.110102 0.046135
v -0.224524 0.010066 0.094213
v -0.122331 0.026565 -0.076159
v 0.167118 0.136570 0.015409
v 0.166526 0.135008 0.018534
v 0.142950 0.132842 0.019939
v 0.072044 0.163107 0.027105
v -0.223523 0.032964 0.042029
v -0.228315 0.033036 0.039228
v -0.220741 0.065780 0.041737
v 0.588557 -0.179835 -0.008324
v 0.247573 0.203330 0.010386
v 0.226133 -0.187513 0.016253
v 0.223136 -0.187302 0.013345
v -0.202765 -0.088979 0.044355
v -0.218622 -0.063487 0.000268
v -0.092300 -0.106698 0.049440
v 0.418811 0.250923 0.000061
v 0.060992 -0.178169 0.022912
v 0.061339 -0.174797 0.025963
v 0.249355 -0.198119 0.014919
v 0.247543 -0.200656 0.011952
v 0.236723 -0.203520 0.015688
v -0.096644 0.145295 0.045144
v 0.088849 0.142376 0.020210
v 0.088950 0.139931 0.023109
v -0.143792 -0.116273 0.048948
v -0.112519 -0.087305 0.050562
v -0.219669 0.031360 -0.023271
v -0.295426 0.021863 0.023036
v -0.169263 0.145638 -0.043637
v -0.197450 0.119821 -0.041868
v -0.171832 0.148782 -0.038742
v 0.483394 -0.246927 0.001248
v 0.482380 -0.249465 -0.001766
v 0.451174 -0.251970 0.003175
v -0.254457 -0.030568 -0.022667
v 0.208583 -0.145433 0.014045
v 0.209469 -0.143318 0.017069
v 0.191559 -0.133924 0.018093
v 0.072031 -0.160277 0.028357
v -0.207557 -0.089072 0.041556
v -0.194376 -0.115348 0.040877
v -0.212360 -0.089176 0.038757
v -0.207555 0.092048 0.040854
v -0.212347 0.092120 0.038054
v -0.194369 0.118316 0.039972
v 0.296399 0.195043 -0.071417
v 0.281174 0.191723 -0.070503
v 0.296129 0.198446 -0.066648
v 0.541813 0.228150 -0.007135
v 0.540833 0.224672 -0.003980
v 0.331271 -0.207320 0.010103
v 0.329071 -0.209705 0.007159
v 0.316727 -0.196483 0.010922
v 0.225656 -0.202095 0.013254
v 0.227468 -0.199557 0.016220
v 0.060359 -0.172691 -0.015831
v 0.051715 -0.167495 -0.015339
v 0.078660 0.179295 0.020482
v 0.079006 0.175958 0.023558
v 0.242243 -0.179928 0.018353
v 0.239804 -0.167449 0.018449
v 0.233424 -0.164415 0.018815
v 0.059482 0.166400 0.027836
v 0.071806 -0.175324 -0.061426
v 0.477595 0.145707 0.014372
v 0.230185 -0.185764 0.019090
v 0.072043 0.153883 0.027140
v 0.061116 0.150500 0.030260
v 0.273107 -0.191499 0.013487
v 0.273875 -0.193814 0.010366
v 0.259407 -0.192940 0.014303
v 0.136662 -0.064065 0.037011
v 0.136672 0.066520 0.036504
v -0.223528 -0.031247 0.042278
v -0.220750 -0.062807 0.042235
v -0.228319 -0.031340 0.039478
v -0.084591 -0.060369 0.052382
v -0.258828 0.019181 -0.022600
v -0.167378 -0.141112 0.039366
v -0.137002 -0.170471 0.037669
v -0.168803 -0.144812 0.036381
v 0.300647 -0.193035 0.011861
v 0.301051 -0.195620 0.008764
v 0.287170 -0.189788 0.012647
v 0.236606 0.191514 0.017249
v 0.399200 -0.184862 -0.093514
v 0.633981 -0.022743 -0.017437
v -0.309247 -0.025265 0.034960
v 0.036587 0.175548 0.022989
v 0.038012 0.171859 0.026002
v 0.621639 -0.113518 -0.010540
v 0.621656 0.115952 -0.011430
v 0.291916 0.048367 0.063728
v 0.296794 0.052066 0.096794
v 0.292897 0.056981 0.070310
v 0.312419 0.015203 0.114373
v 0.312792 0.002251 0.101053
v 0.312836 0.019117 0.099326
v 0.313673 -0.056233 0.069530
v 0.314337 -0.045573 0.046097
v 0.313396 -0.049027 0.079523
v 0.289653 -0.044664 0.048796
v 0.292889 -0.056227 0.070749
v 0.304271 0.006166 0.086535
v 0.313633 -0.023269 0.071076
v 0.312417 -0.016321 0.114495
v 0.312833 -0.019575 0.099475
v 0.312791 -0.004917 0.101081
v 0.297283 0.019121 0.100246
v 0.297521 0.002255 0.101958
v 0.299471 0.015207 0.115139
v 0.299468 -0.016317 0.115262
v 0.314620 0.040348 0.035730
v 0.289477 0.031817 0.047270
v 0.289477 0.044719 0.047208
v 0.288019 0.040380 0.037306
v 0.289472 -0.021913 0.047466
v 0.302774 -0.021917 0.046690
v 0.301315 -0.022673 0.036763
v 0.314615 -0.037728 0.036045
v 0.314338 -0.030522 0.046039
v 0.293385 0.014718 0.073799
v 0.313185 -0.017480 0.086928
v 0.313590 -0.041886 0.072811
v 0.293135 0.021162 0.072118
v 0.295513 0.020150 0.088245
v 0.293374 0.039804 0.073691
v 0.293369 -0.041879 0.074008
v 0.313583 0.014713 0.072603
v 0.313582 0.007545 0.072631
v 0.313208 -0.001004 0.086034
v 0.288012 -0.037720 0.037597
v 0.298504 0.046377 0.108402
v 0.302495 -0.038363 0.056775
v 0.305980 -0.045331 0.108314
v 0.298497 -0.045329 0.108758
v 0.305249 -0.059685 0.103399
v 0.291247 0.006608 0.059356
v 0.302025 -0.041882 0.073495
v 0.304463 -0.045402 0.090043
v 0.290931 -0.029759 0.057427
v 0.314288 0.025354 0.047496
v 0.300988 0.025370 0.048284
v 0.301319 0.027463 0.036580
v 0.314327 -0.021921 0.046006
v 0.314049 -0.029766 0.056058
v 0.302484 -0.021162 0.056709
v 0.291186 0.029712 0.058853
v 0.289728 0.025373 0.048951
v 0.312926 -0.052546 0.096243
v 0.312789 -0.038192 0.101210
v 0.312596 -0.045333 0.107923
v 0.313997 0.001048 0.057612
v 0.313622 -0.014668 0.071043
v 0.297523 0.037762 0.101820
v 0.297517 -0.038187 0.102114
v 0.296787 -0.052541 0.097199
v 0.306086 0.015205 0.114748
v 0.305848 0.032071 0.113037
v 0.306083 -0.016319 0.114870
v 0.305843 -0.030977 0.113281
v 0.306042 -0.001661 0.116475
v 0.302737 0.001051 0.058279
v 0.302697 0.023265 0.059867
v 0.306190 -0.056231 0.069973
v 0.306198 0.056965 0.069522
v 0.301320 0.053266 0.036457
v 0.301312 -0.052775 0.036879
v -0.833385 -0.002842 -0.031863
v -0.832877 0.037471 -0.032049
v -0.819921 -0.002828 -0.027905
v -0.218578 0.008719 0.107367
v -0.734796 0.005050 0.093320
v -0.219099 0.008197 0.105917
v -0.505434 -0.036561 0.051107
v -0.513282 -0.032756 0.041399
v -0.069451 -0.049631 0.073844
v -0.069184 -0.049669 0.064035
v 0.084415 -0.055488 0.072369
v 0.298334 -0.014115 0.122536
v 0.306912 -0.014117 0.122098
v 0.306714 -0.012519 0.122127
v -0.736356 0.020198 0.082007
v -0.220728 0.032895 0.097172
v -0.220225 0.034627 0.098313
v -0.753431 -0.020994 0.058036
v -0.774376 -0.021112 0.027132
v -0.753624 -0.018962 0.057957
v -0.731893 -0.002671 0.014386
v -0.792608 0.004347 0.047275
v -0.792751 0.005612 0.046254
v -0.735460 0.005792 0.090849
v -0.511439 -0.004652 0.025880
v -0.511438 0.007837 0.025832
v -0.792075 0.004881 0.048724
v -0.791553 0.005404 0.050175
v -0.895326 -0.043173 -0.037525
v 0.315477 -0.014119 0.121638
v 0.365139 -0.012462 0.095444
v 0.364954 -0.010864 0.095496
v -0.820438 0.031815 0.042873
v -0.796731 0.031831 0.047684
v -0.820438 0.037995 0.042849
v 0.412879 -0.008648 0.067990
v 0.434656 -0.007761 0.060871
v 0.432919 -0.007202 0.059559
v 0.303568 -0.014184 0.116894
v 0.311519 -0.015733 0.117606
v 0.304727 -0.015732 0.117808
v 0.311233 -0.012772 0.117729
v 0.360685 -0.011149 0.091771
v 0.359811 -0.012563 0.090734
v 0.358514 0.038580 0.089636
v 0.410299 0.035043 0.069304
v 0.359792 0.040299 0.090530
v -0.512235 0.016993 0.032399
v -0.715484 0.014411 0.032217
v -0.916150 -0.036752 0.013584
v 0.432083 0.028229 0.060954
v 0.452095 0.027904 0.050260
v 0.430950 0.029812 0.059897
v -0.791366 0.006861 0.050146
v -0.848645 0.006692 0.005551
v -0.853989 0.025403 0.034268
v -0.844134 0.031798 0.038061
v -0.854000 0.031584 0.034244
v 0.305223 -0.017279 0.118833
v 0.314170 -0.016499 0.120053
v 0.306715 -0.016497 0.120365
v -0.218588 -0.031792 0.098673
v -0.734089 -0.022906 0.083345
v -0.217972 -0.033738 0.099927
v 0.433162 -0.013137 0.059320
v 0.456249 -0.011480 0.053651
v 0.434869 -0.012356 0.060711
v -0.723544 -0.028240 0.020147
v -0.728064 -0.035056 0.033394
v -0.732462 -0.042613 0.025262
v 0.433490 0.010482 0.065730
v 0.411700 0.011117 0.074422
v 0.431797 0.009985 0.064573
v 0.303467 -0.036932 0.113927
v 0.296672 -0.036930 0.114071
v 0.303300 -0.038711 0.112520
v -0.987745 -0.007735 0.060431
v -0.983213 -0.002680 0.076776
v -0.514745 -0.033088 0.077128
v -0.514067 -0.038819 0.071719
v -0.940969 0.040971 0.104978
v 0.313700 -0.011939 0.120228
v 0.305121 -0.011937 0.120665
v -0.962764 -0.043051 -0.007414
v -0.714757 -0.034139 0.059445
v -0.724040 -0.034113 0.066268
v -0.723838 -0.034140 0.059147
v 0.434054 -0.026413 0.056553
v 0.455549 -0.024672 0.048446
v 0.435792 -0.027100 0.058277
v -0.988396 -0.042771 0.058229
v -0.993585 0.002191 0.039353
v 0.294912 0.045581 0.112337
v -0.221220 0.031152 0.096031
v 0.309173 0.045579 0.111870
v 0.360958 0.042042 0.091537
v 0.433716 0.014617 0.065548
v 0.455121 0.013994 0.056914
v 0.432031 0.015306 0.064315
v -0.745917 0.037830 0.032162
v -0.742972 0.037618 0.007766
v -0.757504 0.037806 0.025728
v -0.855356 0.037316 -0.002786
v -0.849365 0.004701 0.004130
v -0.754353 -0.018229 0.055961
v -0.774031 -0.018348 0.024994
v -0.753816 -0.017497 0.053902
v 0.413395 -0.013208 0.067789
v 0.436483 -0.011551 0.062119
v -0.723833 0.028321 0.058905
v -0.724035 0.028348 0.066026
v -0.714752 0.028321 0.059203
v -0.731879 -0.007945 0.090572
v -0.216773 -0.011036 0.106560
v -0.216971 -0.009426 0.106577
v 0.430690 0.011250 0.063751
v 0.452480 0.010615 0.055059
v 0.410522 -0.012476 0.065578
v 0.431903 -0.011600 0.058518
v -0.070874 -0.021106 0.097170
v -0.070934 -0.007150 0.099462
v 0.361070 -0.014099 0.091536
v 0.362230 -0.015647 0.092451
v 0.571210 -0.002306 0.026379
v 0.082455 0.055428 0.071879
v 0.081565 0.048616 0.072594
v 0.081843 0.048578 0.062773
v 0.084448 -0.049000 0.072884
v 0.083813 -0.043027 0.080019
v 0.083514 -0.049477 0.089314
v 0.360145 0.012518 0.095455
v 0.311282 0.013140 0.118427
v 0.359278 0.013795 0.094524
v -0.752520 -0.023999 0.055933
v -0.773470 -0.024116 0.025147
v -0.753234 -0.023027 0.057996
v -0.789991 -0.043150 -0.029521
v -0.792391 0.008279 0.046152
v -0.849682 0.008110 0.001547
v -0.791913 0.009669 0.047060
v -0.778590 0.031835 0.048928
v -0.760449 0.031838 0.050160
v -0.778590 0.038015 0.048892
v 0.302238 0.040674 0.113453
v 0.308888 0.042254 0.112029
v 0.301358 0.042256 0.112287
v 0.311270 -0.040658 0.113539
v 0.304475 -0.040657 0.113682
v -0.722802 -0.008818 0.020052
v -0.731659 -0.023562 0.014477
v 0.083394 0.032605 0.088661
v 0.082429 0.036219 0.072332
v 0.081919 0.038151 0.079817
v 0.360310 -0.034370 0.087752
v 0.409701 -0.030573 0.061743
v 0.361266 -0.031357 0.088979
v 0.295810 0.046463 0.115376
v -0.219818 0.033765 0.100211
v 0.297272 -0.015730 0.118120
v -0.845753 -0.043026 0.001370
v -0.854006 -0.042897 0.034533
v -0.855607 -0.043040 -0.002449
v -0.940976 -0.046117 0.105316
v -0.918324 0.020183 0.110839
v -0.940973 -0.000646 0.105139
v -0.815562 0.020907 0.039013
v -0.815167 0.020057 0.040911
v -0.895666 0.020735 -0.007020
v 0.360835 -0.036850 0.087484
v 0.410160 -0.034287 0.061553
v 0.359420 -0.036149 0.086447
v 0.297640 0.012400 0.121414
v -0.218056 0.009254 0.108817
v 0.520857 -0.038327 0.024763
v 0.521277 -0.021075 0.031781
v 0.422217 -0.032122 0.056652
v -0.219242 0.009473 0.104897
v -0.219385 0.010738 0.103876
v -0.723238 0.021607 0.030623
v -0.723036 0.021448 0.019925
v -0.731588 0.037801 0.024899
v -0.930410 -0.043135 -0.028327
v -0.777474 -0.035754 0.051019
v -0.759072 -0.035679 0.052294
v -0.777732 -0.028763 0.050995
v 0.363636 -0.037732 0.090475
v 0.413201 -0.033924 0.064420
v 0.362010 -0.038796 0.088646
v -0.854258 0.037576 0.034236
v -0.845243 0.037717 0.001016
v -0.778590 0.025655 0.048952
v -0.731151 0.016751 0.014291
v 0.301213 0.043837 0.111030
v 0.302380 0.045580 0.112036
v 0.296976 0.013143 0.118944
v -0.732907 -0.006588 0.086120
v -0.218044 -0.009678 0.102169
v -0.218087 -0.011092 0.101047
v -0.795878 -0.035839 0.049719
v -0.777217 -0.042756 0.051019
v -0.866424 0.007787 0.053783
v -0.770965 -0.010487 0.049299
v -0.771208 -0.011269 0.047586
v -0.731923 -0.010337 0.088842
v -0.862720 -0.043174 -0.037079
v -0.870973 -0.043045 -0.003916
v 0.364541 0.013717 0.098721
v 0.413589 0.013059 0.075503
v 0.364737 0.015162 0.098645
v -0.735249 0.018431 0.086997
v -0.219622 0.031118 0.102152
v -0.219807 0.029320 0.102205
v 0.429991 0.031405 0.058806
v 0.452029 0.031229 0.050133
v 0.431059 0.033148 0.059737
v -0.735458 0.021079 0.085046
v -0.219424 0.032915 0.102109
v -0.732977 0.028546 0.059128
v -0.723694 0.028519 0.052304
v -0.788976 0.037475 -0.029894
v -0.217166 -0.029762 0.104183
v -0.732481 -0.020876 0.088821
v -0.217363 -0.027730 0.104223
v -0.723170 0.033126 0.043839
v -0.732314 0.033352 0.044063
v -0.218816 -0.028044 0.098766
v -0.734421 -0.019169 0.083480
v -0.219099 -0.029835 0.097377
v 0.364098 0.040303 0.094889
v 0.414653 0.033214 0.073491
v 0.363902 0.038506 0.094955
v -0.912565 -0.003125 -0.036660
v -0.216817 -0.013416 0.104818
v -0.216575 -0.012634 0.106531
v 0.414812 -0.010805 0.069250
v 0.436497 -0.009953 0.062147
v 0.436300 -0.008355 0.062200
v 0.363217 -0.010305 0.094184
v 0.304375 0.046460 0.114916
v 0.304781 0.045598 0.116814
v -0.514648 0.010566 0.083909
v -0.514587 0.022283 0.081694
v -0.732846 0.008301 0.077536
v -0.512496 -0.024734 0.034765
v -0.511439 -0.014028 0.025916
v -0.866409 -0.066811 0.052289
v -0.715474 -0.021520 0.032355
v 0.362674 0.011774 0.097615
v 0.313745 0.012396 0.120661
v 0.361078 0.011241 0.096311
v -0.745781 -0.031612 0.053104
v -0.746039 -0.024621 0.053080
v 0.430789 0.013929 0.063617
v 0.452404 0.013282 0.054959
v 0.429757 0.012528 0.062895
v 0.365336 -0.014061 0.095391
v -0.724035 0.030763 0.037191
v -0.715415 0.025930 0.045433
v 0.084374 -0.039442 0.089471
v 0.086080 -0.021643 0.085993
v 0.084586 -0.025705 0.092972
v -0.816807 0.016713 0.036102
v -0.816964 0.018282 0.034833
v -0.896911 0.016529 -0.009931
v -0.070159 -0.044926 0.087109
v -0.069667 -0.049601 0.081519
v -0.514637 -0.014672 0.084018
v -0.514708 -0.004794 0.086150
v -0.732836 -0.013294 0.077619
v 0.313962 -0.041633 0.116667
v 0.365154 -0.036761 0.092442
v -0.754099 -0.019288 0.052513
v -0.772912 -0.019406 0.021636
v -0.753517 -0.021079 0.051214
v -0.070793 -0.038953 0.094245
v 0.082799 -0.025656 0.099375
v -0.734076 0.007029 0.094740
v -0.791168 0.008317 0.050117
v 0.304590 -0.011356 0.119047
v 0.303716 -0.012770 0.118009
v -0.217895 -0.008264 0.103284
v 0.296925 -0.012768 0.118211
v -0.217563 -0.032755 0.102065
v 0.297939 -0.041641 0.117393
v -0.975861 -0.043266 0.085404
v -0.866279 -0.002826 0.041343
v 0.413213 0.035887 0.071811
v 0.434066 0.034015 0.062215
v 0.435703 0.033139 0.063829
v -0.745523 -0.038603 0.053127
v -0.732491 -0.027544 0.053913
v 0.304914 -0.035885 0.117287
v 0.297396 -0.035883 0.117531
v 0.304357 -0.035152 0.115233
v 0.431139 -0.027587 0.053646
v 0.430182 -0.030599 0.052420
v 0.435521 0.029533 0.063948
v 0.454906 0.026986 0.052828
v 0.433842 0.028870 0.062437
v 0.082531 0.045002 0.088924
v -0.218032 0.012831 0.107225
v -0.734250 0.009162 0.093189
v -0.217660 0.012155 0.108747
v 0.313504 -0.035875 0.116860
v 0.306543 -0.036606 0.119158
v 0.452715 -0.025799 0.045523
v 0.432234 -0.025773 0.054845
v 0.521686 -0.012236 0.038832
v 0.422639 0.002355 0.063603
v -0.217858 0.010710 0.108788
v 0.298360 0.014380 0.122824
v -0.217920 -0.026997 0.102169
v -0.722802 0.000558 0.020015
v -0.217502 -0.008844 0.104958
v 0.297605 -0.011936 0.120946
v 0.362595 0.041167 0.093151
v -0.874773 -0.058938 0.084825
v -0.948250 -0.008064 -0.020285
v 0.360353 0.035404 0.091893
v 0.409980 0.031730 0.069500
v 0.359395 0.036998 0.090803
v 0.360521 0.015172 0.095222
v 0.409384 0.014551 0.072250
v -0.733408 -0.018111 0.086865
v -0.218650 -0.026265 0.100173
v -0.512412 0.031563 0.047808
v -0.504576 0.033997 0.057492
v 0.306505 -0.041643 0.116944
v 0.304987 -0.042614 0.114978
v 0.409074 0.011897 0.072408
v 0.364888 -0.034752 0.092509
v 0.414562 -0.030850 0.066317
v 0.303767 0.013141 0.118730
v 0.303624 0.014418 0.117710
v 0.306949 0.014377 0.122374
v 0.315514 0.014375 0.121914
v 0.307123 0.015822 0.122323
v -0.724392 -0.035893 0.037470
v -0.724247 -0.032039 0.046463
v -0.732378 -0.038389 0.044944
v 0.084714 -0.049038 0.063075
v 0.315307 -0.038629 0.118683
v 0.364715 -0.032718 0.092558
v -0.816650 0.015132 0.037369
v -0.736703 0.016885 0.082134
v -0.714687 -0.004121 0.025685
v -0.071200 0.049206 0.073412
v -0.070922 0.049168 0.063590
v 0.431340 -0.032522 0.053501
v 0.432755 -0.033223 0.054538
v 0.297017 -0.040667 0.113959
v -0.746644 0.033381 0.051326
v -0.746119 0.037989 0.042861
v -0.900629 -0.051231 0.105324
v 0.311843 0.046459 0.114615
v -0.221063 0.029571 0.097299
v -0.746645 0.027212 0.051338
v -0.732839 0.022575 0.052540
v -0.816095 0.015797 0.039182
v -0.815539 0.016462 0.041006
v -0.735990 0.015969 0.085226
v -0.732943 -0.028643 0.070729
v -0.514567 -0.027617 0.081886
v 0.298150 -0.016495 0.120826
v 0.307097 -0.015716 0.122046
v 0.310985 -0.036933 0.113683
v 0.084505 -0.007857 0.095897
v 0.084588 0.013316 0.092820
v 0.082801 0.013364 0.099223
v -0.896199 0.015625 -0.006851
v -0.771949 -0.006738 0.046577
v -0.771992 -0.008152 0.045455
v -0.810991 -0.006888 0.007034
v 0.313173 0.043798 0.116418
v 0.304608 0.043801 0.116879
v 0.306741 -0.038627 0.119131
v 0.306914 -0.040660 0.119082
v 0.453571 -0.007728 0.051523
v 0.431793 -0.008615 0.058643
v 0.305155 0.012399 0.121111
v 0.306751 0.012932 0.122415
v 0.412698 0.030777 0.072074
v 0.434487 -0.032194 0.056338
v 0.436114 -0.031130 0.058168
v -0.732879 -0.023881 0.086691
v -0.753115 -0.024970 0.053842
v -0.820143 -0.035860 0.044035
v -0.820389 -0.028857 0.044023
v -0.844398 -0.035880 0.038339
v 0.306751 0.016509 0.120800
v 0.298185 0.016512 0.121260
v 0.455209 0.009883 0.057043
v 0.435113 0.011015 0.066892
v -0.071142 0.041045 0.086752
v -0.071416 0.049237 0.081087
v 0.304410 0.042003 0.116921
v 0.311384 0.041336 0.114839
v 0.302794 0.041339 0.115277
v -0.985432 -0.042922 0.022424
v -0.985429 -0.002891 0.022269
v -0.771600 -0.009711 0.046521
v -0.810642 -0.009861 0.006978
v -0.791541 0.008993 0.048583
v -0.848831 0.008824 0.003988
v -0.504784 -0.038846 0.064896
v -0.504986 -0.038818 0.072017
v 0.412477 -0.028201 0.064676
v -0.920359 -0.071500 0.015764
v 0.436058 -0.029109 0.058210
v 0.311569 0.015806 0.118293
v 0.361675 0.016562 0.096019
v -0.850029 0.005443 0.001660
v -0.792882 0.006888 0.045234
v -0.514060 0.034052 0.071436
v -0.732950 0.024183 0.070525
v -0.513895 0.029887 0.076233
v -0.846848 -0.002856 -0.035809
v 0.430854 -0.010040 0.057691
v 0.453494 -0.010701 0.051433
v -0.770722 -0.009705 0.051012
v -0.810007 -0.010637 0.009756
v -0.932326 -0.002381 0.021594
v -0.504778 0.034025 0.064613
v -0.504980 0.034053 0.071734
v 0.363728 0.036709 0.095020
v 0.361969 0.036069 0.093537
v -0.732677 -0.034324 0.059954
v -0.723394 -0.034351 0.053130
v -0.216968 -0.031783 0.104156
v -0.771513 -0.005905 0.049361
v -0.771120 -0.006485 0.051035
v -0.732471 -0.005754 0.088916
v -0.770921 -0.008095 0.051029
v -0.895347 -0.002928 0.014581
v -0.874758 0.064612 0.026753
v -0.217592 -0.012639 0.102071
v -0.854252 -0.035894 0.034520
v -0.854509 -0.028891 0.034508
v -0.864118 -0.035908 0.030702
v 0.085308 -0.038965 0.073041
v 0.457343 -0.027379 0.050128
v 0.302872 0.047323 0.113177
v -0.220363 0.028655 0.100380
v -0.220918 0.027990 0.098556
v -0.752902 -0.023025 0.052468
v 0.362895 -0.032079 0.090851
v -0.820427 0.025634 0.042896
v -0.735113 0.008447 0.090747
v 0.432336 0.034867 0.060631
v 0.435718 0.031331 0.063882
v -0.833891 -0.043155 -0.031665
v -0.832290 -0.043012 0.005316
v -0.815353 0.018259 0.040964
v 0.454826 0.032120 0.052648
v 0.298150 -0.038636 0.119558
v 0.304634 0.011864 0.119661
v 0.363844 -0.014842 0.093859
v 0.452778 -0.029536 0.045404
v 0.435309 0.012460 0.066816
v 0.456819 0.011861 0.058176
v 0.435296 0.013905 0.066787
v -0.963620 -0.012998 0.099407
v -0.755807 0.017406 -0.006833
v -0.070851 0.014023 0.096385
v -0.070789 0.030581 0.093975
v 0.314206 0.016508 0.120476
v 0.305268 0.017197 0.119414
v -0.218895 0.012128 0.104783
v -0.218404 0.013518 0.105702
v 0.085098 0.011383 0.085335
v 0.410202 -0.009515 0.065727
v -0.732558 -0.009561 0.086063
v -0.217199 -0.014198 0.103137
v 0.295264 0.041341 0.115535
v 0.304779 0.015807 0.118507
v -0.745668 -0.042457 0.044135
v 0.457970 -0.009101 0.055070
v -0.513278 0.029200 0.041159
v -0.831779 0.037731 0.004973
v 0.294564 0.042257 0.112453
v 0.363254 0.015850 0.097259
v 0.412206 0.015216 0.074188
v 0.364367 0.012272 0.098772
v -0.746645 0.021032 0.051374
v -0.715408 -0.031855 0.045656
v 0.456571 0.029459 0.054286
v -0.808024 -0.042991 0.011000
v 0.297324 0.015809 0.118831
v -0.815957 0.021757 0.037114
v -0.816460 0.020014 0.035974
v -0.896564 0.019842 -0.010059
v -0.864112 0.031182 0.030443
v -0.895457 0.018087 -0.005080
v -0.809963 -0.008245 0.011475
v 0.422222 0.035767 0.056389
v 0.296018 0.043803 0.117317
v -0.772544 -0.023143 0.021710
v -0.808072 0.037748 0.009784
v -0.732794 -0.002073 0.053221
v -0.733965 -0.011860 0.041452
v -0.734011 0.006620 0.040783
v 0.456340 -0.006909 0.053769
v -0.819887 -0.042863 0.044035
v -0.775644 0.037803 0.024495
v -0.786986 0.037539 -0.013380
v -0.504581 -0.038873 0.057774
v -0.745607 -0.042827 0.033445
v 0.455667 -0.030429 0.048285
v 0.361624 -0.009724 0.092722
v 0.520862 0.038233 0.024466
v -0.771906 -0.005324 0.047699
v -0.810555 -0.006055 0.009818
v -0.870514 -0.083729 -0.003401
v -0.864269 0.056916 0.012767
v -0.874401 0.059067 0.003692
v -0.862419 0.048156 0.008089
v -0.762216 0.056905 0.011844
v -0.750371 0.056938 0.020664
v -0.764599 0.048146 0.007429
v -0.842375 0.009469 0.000496
v -0.789932 0.096234 0.008907
v -0.841079 0.073729 -0.025742
v -0.858450 0.076546 -0.009323
v -0.858474 0.087509 -0.009387
v -0.753805 0.087676 0.032872
v -0.750181 0.096287 0.020289
v -0.756067 0.096318 0.028217
v -0.780322 0.045820 0.016231
v -0.769127 0.045760 0.001138
v -0.773004 0.043467 0.018761
v -0.879563 -0.113072 -0.018838
v -0.891421 -0.113105 -0.027658
v -0.886892 -0.110720 -0.021367
v -0.753819 0.065728 0.032946
v -0.764607 0.057014 0.039845
v -0.758776 0.056983 0.031979
v -0.812976 -0.051452 0.016870
v -0.819957 -0.053800 0.020235
v -0.803295 -0.051424 0.027114
v -0.767113 0.087580 0.010673
v -0.783771 0.091851 -0.003199
v -0.762038 0.096254 0.011469
v -0.917053 -0.058291 -0.009591
v -0.901432 -0.071375 -0.001944
v -0.890643 -0.066969 0.007399
v -0.802247 -0.112978 0.006951
v -0.798483 -0.110643 0.000139
v -0.792227 -0.112937 0.017551
v -0.825886 -0.051504 0.003192
v -0.815153 -0.051556 -0.006965
v -0.818905 -0.053879 -0.000166
v -0.816221 -0.112951 0.013675
v -0.809239 -0.115326 0.010328
v -0.802972 -0.112897 0.027709
v -0.884789 -0.062692 -0.016710
v -0.847271 0.098278 -0.024087
v -0.863403 0.096186 -0.007999
v -0.807731 -0.009485 0.004050
v -0.747953 0.076671 0.025011
v -0.750863 0.081715 0.028919
v -0.750897 0.070741 0.028987
v -0.812240 -0.015112 0.016192
v -0.816604 -0.003756 0.012416
v -0.812237 0.030371 0.016015
v -0.895753 -0.015180 0.000033
v -0.907445 -0.053956 -0.018699
v -0.826613 -0.071270 0.026594
v -0.829978 -0.076301 0.023058
v -0.823248 -0.076274 0.030168
v -0.830004 -0.087275 0.023067
v -0.826614 -0.093219 0.026679
v -0.823223 -0.087248 0.030245
v -0.803874 -0.015125 0.016143
v -0.807876 -0.015110 0.019923
v -0.803870 0.030370 0.015967
v -0.757282 0.045794 0.009959
v -0.768476 0.045853 0.025052
v -0.882247 -0.082295 0.012405
v -0.879326 -0.087328 0.008485
v -0.879316 -0.076354 0.008407
v -0.835058 0.045780 0.004830
v -0.844727 0.045741 -0.005414
v -0.840975 0.048076 -0.012225
v -0.836030 0.096149 -0.013834
v -0.840959 0.104826 -0.012445
v -0.872460 0.081654 0.010661
v -0.875808 0.073868 0.007144
v -0.872436 0.070680 0.010738
v -0.899751 -0.112965 0.008358
v -0.904279 -0.110627 0.002049
v -0.911620 -0.112998 -0.000461
v -0.899464 -0.051492 0.007726
v -0.911333 -0.051526 -0.001093
v -0.903992 -0.053878 0.001436
v -0.851708 0.043393 -0.002037
v -0.857625 0.045689 -0.019092
v -0.761142 0.104975 0.027343
v -0.764767 0.096364 0.039926
v -0.776881 0.045897 0.036366
v -0.761159 0.048224 0.027564
v -0.855449 0.045781 0.004743
v -0.845779 0.045820 0.014988
v -0.820758 -0.062614 0.004580
v -0.756749 0.081747 0.036847
v -0.891849 -0.087809 0.005309
v -0.786958 -0.062613 0.005497
v -0.804346 -0.062548 0.021934
v -0.802495 -0.071308 0.017268
v -0.834328 0.087471 -0.018644
v -0.829249 0.096188 -0.006655
v -0.812168 -0.015155 0.008266
v -0.812172 -0.060638 0.008442
v -0.772999 0.109676 0.018505
v -0.777171 0.107385 0.036522
v -0.765670 0.107312 0.021034
v -0.826240 -0.112990 0.003087
v -0.819248 -0.110643 -0.000291
v -0.815496 -0.113031 -0.007083
v -0.863217 0.056837 -0.007634
v -0.861367 0.048077 -0.012312
v -0.874148 0.096226 0.002160
v -0.857551 0.056943 0.019879
v -0.869071 0.065664 0.014313
v -0.812165 0.030340 0.008090
v -0.833369 -0.082271 0.019492
v -0.756729 0.070772 0.036854
v -0.798491 -0.053892 -0.000080
v -0.842027 0.048155 0.008177
v -0.846829 0.056903 0.009722
v -0.819858 -0.082218 0.033781
v -0.781699 0.104987 0.030231
v -0.784857 0.104908 0.009703
v -0.789028 0.107352 0.027702
v -0.780329 0.107306 0.015993
v -0.770286 0.054962 0.016708
v -0.765388 0.009529 0.020537
v -0.888251 -0.113025 -0.007130
v -0.883722 -0.110640 -0.000839
v -0.886730 -0.058229 0.006840
v -0.872932 -0.062646 -0.007890
v -0.883719 -0.053877 -0.001059
v -0.872760 -0.102009 -0.007972
v -0.884618 -0.102042 -0.016792
v -0.865717 0.070707 0.017849
v -0.799208 -0.110562 0.020898
v -0.902921 -0.113044 -0.012170
v -0.895592 -0.115397 -0.009640
v -0.812244 -0.060607 0.016368
v -0.827585 0.076536 -0.011457
v -0.913430 -0.104202 -0.016207
v -0.903825 -0.102096 -0.031062
v -0.907449 -0.110706 -0.018479
v -0.902916 -0.051570 -0.012408
v -0.868347 0.045729 -0.008935
v -0.799543 -0.053813 0.020321
v -0.792561 -0.051464 0.016956
v -0.880089 -0.093359 -0.010532
v -0.776485 -0.035883 0.026669
v -0.768828 0.107233 0.000505
v -0.756971 0.107266 0.009326
v -0.764300 0.104896 0.006814
v -0.846289 0.054900 -0.003815
v -0.873473 -0.076385 0.000540
v -0.873441 -0.087359 0.000545
v -0.783877 0.061220 -0.002945
v -0.771967 0.065630 0.007241
v -0.767335 0.009537 0.022641
v -0.778588 0.054978 0.017635
v -0.775190 0.009513 0.013231
v -0.778591 0.009531 0.017811
v -0.802470 -0.082282 0.017345
v -0.904570 -0.020879 -0.006509
v -0.900165 -0.060676 -0.003072
v -0.900162 -0.015193 -0.003249
v -0.759671 0.076733 0.040807
v -0.844711 0.107226 -0.005665
v -0.834703 0.107267 0.004936
v -0.769278 0.054981 0.024570
v -0.803798 0.030339 0.008041
v -0.803878 -0.060608 0.016307
v -0.851703 0.109601 -0.002305
v -0.767136 0.076617 0.010740
v -0.831694 -0.101924 0.014690
v -0.820949 -0.101965 0.004520
v -0.887180 -0.062583 0.011291
v -0.879315 -0.071337 0.008393
v -0.913624 -0.097681 -0.009341
v -0.887333 -0.101931 0.011676
v -0.891867 -0.093296 0.005343
v -0.831491 -0.062562 0.014738
v -0.821810 -0.062535 0.024981
v -0.819973 -0.110562 0.020468
v -0.878195 -0.103066 -0.001596
v -0.895587 -0.049199 -0.009897
v -0.891698 -0.051630 -0.027502
v -0.858425 0.065572 -0.009246
v -0.845853 0.056772 -0.024081
v -0.852426 0.032169 -0.005764
v -0.854643 0.054889 -0.003755
v -0.786760 -0.101962 0.005862
v -0.919559 -0.097698 -0.013751
v -0.914798 -0.093408 -0.024007
v -0.861713 0.104826 -0.012887
v -0.868705 0.107201 -0.009528
v -0.857959 0.107161 -0.019687
v -0.772743 -0.035928 0.015234
v -0.887171 -0.053955 -0.021194
v -0.849329 0.065643 0.009097
v -0.829464 0.056838 -0.006714
v -0.876371 -0.093300 0.004543
v -0.802243 -0.051503 0.006713
v -0.786331 0.076552 -0.003530
v -0.879841 -0.051585 -0.018683
v -0.891059 -0.051525 -0.003588
v -0.836183 0.056811 -0.013837
v -0.815079 -0.062508 0.032092
v -0.834342 0.065535 -0.018570
v -0.901172 -0.060706 -0.010934
v -0.824913 -0.101897 0.021869
v -0.814276 -0.102940 0.032282
v -0.809223 -0.049128 0.010071
v -0.797505 -0.101922 0.016020
v -0.802445 -0.093256 0.017421
v -0.781990 0.032272 0.022303
v -0.778595 -0.035917 0.017987
v -0.900158 0.030302 -0.003425
v -0.785082 -0.082347 0.000907
v 0.254743 0.196798 -0.066568
v 0.249248 0.198880 -0.066251
v 0.249723 0.200551 -0.063908
v 0.253794 0.193455 -0.071254
v 0.248299 0.195537 -0.070936
v 0.248773 0.197208 -0.068594
v 0.238258 0.203043 -0.065616
v 0.238733 0.204714 -0.063273
v 0.243753 0.200961 -0.065933
v -0.083670 -0.184363 0.015190
v -0.085008 -0.184755 -0.007187
v -0.065930 -0.190096 0.014162
v -0.121825 -0.173681 -0.027507
v -0.123162 -0.174073 -0.049884
v -0.104085 -0.179414 -0.028536
v -0.087682 -0.185539 -0.051941
v -0.068605 -0.190881 -0.030593
v -0.086345 -0.185147 -0.029564
v 0.271878 0.018862 0.048085
v 0.245392 0.018867 0.048830
v 0.254533 -0.000777 0.052431
v 0.253596 0.058150 0.040883
v 0.227110 0.058155 0.041627
v 0.236251 0.038511 0.045228
v 0.192419 0.018877 0.050319
v 0.201560 -0.000767 0.053920
v 0.218905 0.018872 0.049574
v 0.238242 0.199543 -0.072734
v 0.248293 0.194370 -0.073309
v 0.200575 0.127837 0.019829
v 0.210211 0.132857 0.019239
v 0.202100 0.139597 0.019494
v 0.216795 0.114357 0.019321
v 0.226431 0.119377 0.018731
v 0.218321 0.126117 0.018985
v 0.229483 0.142897 0.018059
v 0.221372 0.149637 0.018314
v 0.219847 0.137877 0.018649
v 0.636389 -0.017963 -0.011784
v 0.635542 -0.055491 -0.011588
v 0.633323 -0.055432 -0.009915
v 0.215675 -0.088153 0.030659
v 0.216004 -0.083383 0.033611
v 0.206415 -0.087792 0.031206
v 0.234854 -0.079335 0.035468
v 0.235183 -0.074565 0.038420
v 0.225594 -0.078974 0.036015
v 0.216663 -0.073843 0.039514
v 0.207074 -0.078252 0.037109
v 0.216334 -0.078613 0.036562
v 0.374101 0.109091 -0.110115
v 0.418252 0.040403 -0.120891
v 0.457869 -0.071400 0.024361
v 0.446087 -0.078470 0.025086
v 0.473733 -0.101991 0.019903
v 0.402577 -0.024357 0.034727
v 0.390794 -0.031427 0.035452
v 0.418441 -0.054948 0.030269
v 0.422522 -0.092609 0.026537
v 0.450168 -0.116131 0.021353
v 0.434304 -0.085539 0.025811
v 0.226677 -0.196607 -0.003124
v 0.230184 -0.198194 -0.003325
v 0.228014 -0.196220 0.019259
v 0.231016 -0.200554 -0.048293
v 0.234523 -0.202141 -0.048495
v 0.232353 -0.200167 -0.025910
v 0.237198 -0.201368 -0.003729
v 0.235028 -0.199395 0.018856
v 0.233691 -0.199781 -0.003527
v 0.553997 0.117431 0.006696
v 0.566100 0.122368 0.004242
v 0.561868 0.139478 0.003343
v 0.562462 0.083211 0.008493
v 0.574565 0.088147 0.006039
v 0.570333 0.105257 0.005140
v 0.586074 0.149350 -0.001565
v 0.578203 0.127304 0.001787
v 0.218642 -0.094201 -0.089539
v 0.211346 -0.108938 -0.082682
v 0.209007 -0.089169 -0.088988
v 0.223320 -0.133738 -0.076927
v 0.216024 -0.148474 -0.070071
v 0.213685 -0.128706 -0.076376
v 0.196754 -0.138410 -0.068969
v 0.194415 -0.118642 -0.075274
v 0.204050 -0.123674 -0.075825
v -0.054281 -0.192709 0.031320
v -0.041836 -0.190164 0.030579
v -0.055000 -0.194560 0.029828
v -0.027953 -0.183917 0.032822
v -0.015508 -0.181371 0.032081
v -0.028672 -0.185767 0.031330
v -0.016945 -0.185072 0.029097
v -0.030109 -0.189468 0.028346
v -0.029390 -0.187618 0.029838
v 0.082055 -0.139607 0.005214
v 0.085902 -0.137134 0.004977
v 0.083386 -0.139220 0.027603
v 0.087086 -0.135435 -0.040039
v 0.090933 -0.132963 -0.040277
v 0.088418 -0.135048 -0.017650
v 0.093597 -0.132190 0.004501
v 0.091081 -0.134276 0.027128
v 0.089749 -0.134662 0.004739
v -0.235853 -0.042251 0.004149
v -0.245591 -0.040689 0.003872
v -0.232474 -0.042268 -0.000206
v -0.262087 -0.039092 0.012305
v -0.271826 -0.037530 0.012029
v -0.258708 -0.039109 0.007950
v -0.265068 -0.037564 0.003318
v -0.251950 -0.039143 -0.000760
v -0.255329 -0.039126 0.003595
v -0.222667 0.047814 -0.044851
v -0.221335 0.048207 -0.022468
v -0.219944 0.064532 -0.022613
v -0.225449 0.015163 -0.044560
v -0.224117 0.015555 -0.022176
v -0.222726 0.031881 -0.022322
v -0.218672 0.048991 0.022299
v -0.217280 0.065316 0.022154
v -0.220003 0.048599 -0.000084
v 0.078201 -0.155919 0.005512
v 0.078201 -0.151307 0.005494
v 0.079538 -0.155527 0.027895
v 0.075526 -0.147480 -0.039290
v 0.075527 -0.142868 -0.039308
v 0.076864 -0.147088 -0.016907
v 0.078202 -0.142084 0.005458
v 0.079539 -0.146304 0.027859
v 0.078201 -0.146696 0.005476
v 0.402839 -0.241571 -0.058310
v -0.120493 -0.173288 -0.005129
v -0.139570 -0.167947 -0.026478
v -0.082339 -0.183971 0.037568
v -0.101416 -0.178630 0.016219
v -0.117830 -0.172504 0.039626
v -0.136908 -0.167163 0.018277
v -0.119162 -0.172896 0.017248
v -0.180085 -0.129302 -0.024229
v -0.178748 -0.128910 -0.001846
v -0.193584 -0.116420 -0.023474
v -0.150413 -0.154281 0.019027
v -0.149075 -0.153889 0.041410
v -0.163912 -0.141399 0.019782
v -0.176073 -0.128126 0.042920
v -0.190910 -0.115636 0.021292
v -0.177411 -0.128518 0.020537
v -0.149058 0.156847 0.040205
v -0.193555 0.117068 -0.024379
v -0.190904 0.117852 0.020388
v -0.176071 0.131112 0.041916
v 0.267265 -0.097616 0.027640
v 0.262762 -0.091217 0.030872
v 0.257952 -0.094123 0.028179
v 0.276884 -0.091803 0.033027
v 0.272381 -0.085405 0.036259
v 0.267572 -0.088311 0.033565
v 0.253756 -0.078419 0.037335
v 0.248946 -0.081325 0.034641
v 0.258259 -0.084818 0.034103
v 0.635533 0.057711 -0.012026
v 0.636386 0.019771 -0.011930
v 0.422536 0.094210 0.025812
v 0.434317 0.087139 0.025142
v 0.450186 0.118820 0.020443
v 0.390799 0.030846 0.035211
v 0.402580 0.023775 0.034541
v 0.418449 0.055457 0.029841
v 0.457880 0.072996 0.023801
v 0.473748 0.104678 0.019102
v 0.446099 0.080068 0.024472
v 0.077738 0.177191 -0.063142
v 0.073955 0.179287 -0.060549
v 0.077750 0.178892 -0.060772
v 0.070150 0.177980 -0.062696
v 0.066367 0.180076 -0.060102
v 0.070161 0.179681 -0.060325
v 0.066389 0.183479 -0.055361
v 0.070184 0.183084 -0.055585
v 0.070172 0.181383 -0.057955
v -0.102218 -0.168559 0.040687
v -0.119964 -0.162826 0.041715
v -0.066726 -0.180026 0.038629
v -0.084472 -0.174292 0.039658
v -0.070993 -0.160669 0.042809
v -0.088738 -0.154936 0.043838
v -0.086605 -0.164614 0.041748
v 0.497529 -0.240422 0.003469
v 0.467302 -0.246429 0.005282
v 0.156796 0.079865 -0.086551
v 0.143604 0.113111 -0.073162
v 0.200748 -0.137233 -0.001818
v 0.210383 -0.142265 -0.002369
v 0.202080 -0.136841 0.020565
v 0.217355 -0.148082 -0.047687
v 0.226990 -0.153114 -0.048238
v 0.218687 -0.147689 -0.025304
v 0.229653 -0.152329 -0.003472
v 0.221350 -0.146905 0.019463
v 0.220018 -0.147297 -0.002921
v -0.170519 -0.124042 0.044570
v -0.184018 -0.111161 0.045326
v -0.143521 -0.149806 0.043060
v -0.157020 -0.136924 0.043815
v -0.159410 -0.115876 0.047871
v -0.172909 -0.102994 0.048626
v -0.164964 -0.119959 0.046221
v -0.124044 0.144902 0.044767
v -0.135827 0.136234 0.045498
v -0.131991 0.127963 0.047304
v -0.131715 0.161444 0.041155
v -0.143498 0.152776 0.041886
v -0.139662 0.144505 0.043692
v -0.159392 0.118898 0.046961
v -0.155556 0.110628 0.048767
v -0.147609 0.127566 0.046230
v 0.013721 0.171539 0.008062
v -0.008834 0.177728 -0.035554
v 0.141969 0.098113 0.024022
v 0.143307 0.107077 0.023707
v 0.138345 0.104388 0.024006
v 0.151893 0.103492 0.023425
v 0.153230 0.112455 0.023111
v 0.148268 0.109766 0.023409
v 0.145982 0.125005 0.023079
v 0.141020 0.122316 0.023378
v 0.144644 0.116041 0.023393
v 0.387173 0.096159 0.027899
v 0.398961 0.095509 0.027203
v 0.403041 0.127840 0.023199
v 0.379011 0.031496 0.035907
v 0.394880 0.063178 0.031207
v 0.426617 0.126541 0.021808
v 0.410748 0.094859 0.026508
v -0.085178 0.194261 0.030122
v -0.084466 0.192417 0.031623
v -0.066725 0.198139 0.030556
v -0.120660 0.182817 0.032255
v -0.119948 0.180972 0.033756
v -0.102207 0.186694 0.032689
v -0.083041 0.188727 0.034625
v -0.065300 0.194450 0.033558
v -0.083753 0.190572 0.033124
v 0.082966 -0.109364 0.027513
v 0.081269 -0.100702 0.031111
v 0.069962 -0.104781 0.031796
v 0.105581 -0.101204 0.026142
v 0.103884 -0.092543 0.029740
v 0.092577 -0.096622 0.030426
v 0.077875 -0.083378 0.038307
v 0.066568 -0.087458 0.038992
v 0.079572 -0.092040 0.034709
v 0.105597 0.103984 0.025346
v 0.092592 0.099443 0.029665
v 0.103899 0.095351 0.029011
v 0.082984 0.112169 0.026654
v 0.069979 0.107628 0.030973
v 0.081285 0.103535 0.030319
v 0.066582 0.090361 0.038303
v 0.077889 0.086268 0.037649
v 0.079587 0.094902 0.033984
v -0.124066 -0.141918 0.045879
v -0.112290 -0.146257 0.045198
v -0.108453 -0.137973 0.046940
v -0.131739 -0.158486 0.042396
v -0.116127 -0.154541 0.043457
v -0.084902 -0.146652 0.045579
v -0.100514 -0.150597 0.044518
v 0.305537 -0.193937 -0.075202
v 0.289456 -0.190477 -0.074275
v -0.197502 0.104718 0.020830
v -0.204095 0.091584 0.021271
v -0.196171 0.105110 0.043213
v -0.213351 0.077666 -0.023055
v -0.212019 0.078058 -0.000671
v -0.209356 0.078843 0.044096
v -0.210688 0.078450 0.021712
v -0.151744 -0.154673 -0.003351
v -0.181417 -0.129694 -0.046607
v -0.166580 -0.142184 -0.024979
v -0.154407 -0.155457 -0.048106
v -0.153075 -0.155065 -0.025729
v 0.138330 -0.101606 0.024822
v 0.143291 -0.104298 0.024539
v 0.141955 -0.095332 0.024789
v 0.141002 -0.119538 0.024321
v 0.145963 -0.122230 0.024038
v 0.144627 -0.113264 0.024288
v 0.153214 -0.109683 0.023971
v 0.151878 -0.100716 0.024222
v 0.148252 -0.106990 0.024255
v 0.274384 -0.189609 -0.073386
v 0.260321 -0.191332 -0.072534
v 0.322310 -0.200958 -0.053698
v 0.323647 -0.200565 -0.031315
v 0.339774 -0.211540 -0.009764
v 0.332379 -0.205857 -0.009348
v 0.326322 -0.199781 0.013451
v 0.324984 -0.200173 -0.008932
v 0.233052 0.184066 0.017488
v 0.227376 0.192927 0.017790
v 0.217543 0.095726 -0.090210
v 0.222953 0.133983 -0.077943
v 0.242224 -0.198785 -0.004036
v 0.249601 -0.194391 -0.049418
v 0.254627 -0.191802 -0.049725
v 0.257302 -0.191017 -0.004959
v 0.085878 -0.141053 0.021383
v 0.088878 -0.138381 0.022737
v 0.085929 -0.139820 0.022829
v 0.091777 -0.138176 0.021200
v 0.094777 -0.135504 0.022553
v 0.091828 -0.136942 0.022645
v 0.094878 -0.133037 0.025445
v 0.091929 -0.134475 0.025537
v 0.091878 -0.135709 0.024091
v 0.084787 -0.037040 -0.088202
v 0.090508 -0.001934 -0.088676
v 0.097647 -0.042061 -0.088944
v 0.070507 0.043214 -0.087667
v 0.076228 0.078320 -0.088141
v 0.083368 0.038193 -0.088409
v 0.101949 0.068278 -0.089626
v 0.109089 0.028151 -0.089893
v 0.096228 0.033172 -0.089151
v 0.079538 0.158340 0.026679
v 0.078206 0.153342 0.004314
v 0.078207 0.157954 0.004296
v 0.079538 0.149116 0.026715
v 0.075543 0.147958 -0.040435
v 0.076874 0.148344 -0.018052
v -0.197500 -0.102498 0.021632
v -0.198838 -0.102890 -0.000751
v -0.213357 -0.077006 -0.022455
v -0.214694 -0.077398 -0.044838
v -0.206766 -0.090144 -0.022795
v -0.201513 -0.103674 -0.045517
v -0.200175 -0.103282 -0.023134
v -0.201479 0.103542 -0.046322
v -0.199491 0.104130 -0.012746
v -0.214677 0.077274 -0.045438
v -0.206752 0.090800 -0.023496
v -0.125496 -0.102068 -0.069111
v -0.135489 -0.092031 -0.068558
v -0.112347 -0.087116 -0.076309
v -0.171780 -0.111897 -0.053608
v -0.181772 -0.101860 -0.053055
v -0.158631 -0.096945 -0.060807
v -0.155474 -0.071956 -0.067452
v -0.132332 -0.067041 -0.075204
v -0.145481 -0.081993 -0.068005
v 0.265671 -0.189769 0.017004
v 0.268868 -0.179066 0.016979
v 0.261837 -0.179921 0.017399
v 0.279734 -0.188058 0.016164
v 0.282932 -0.177355 0.016139
v 0.275900 -0.178210 0.016559
v 0.275263 -0.157659 0.016929
v 0.268232 -0.158514 0.017349
v 0.272066 -0.168362 0.016954
v -0.279429 -0.014663 0.001573
v -0.282547 -0.008406 0.004653
v -0.279423 -0.008412 0.001549
v -0.285676 -0.014651 0.007781
v -0.288794 -0.008394 0.010861
v -0.285670 -0.008400 0.007757
v -0.288781 0.004108 0.010811
v -0.285658 0.004102 0.007707
v -0.285664 -0.002149 0.007732
v 0.023361 -0.047044 -0.084525
v 0.032648 -0.001910 -0.085250
v 0.035506 -0.052059 -0.085225
v 0.017645 0.053252 -0.084575
v 0.026932 0.098386 -0.085300
v 0.029790 0.048238 -0.085275
v 0.051222 0.088356 -0.086699
v 0.054080 0.038208 -0.086674
v 0.041935 0.043223 -0.085975
v -0.056154 -0.188335 -0.031334
v -0.054817 -0.187943 -0.008957
v -0.028577 -0.182459 0.011938
v -0.027240 -0.182066 0.034315
v -0.041028 -0.185005 0.012679
v -0.052142 -0.187158 0.035798
v -0.053479 -0.187550 0.013421
v -0.249411 0.011728 -0.044304
v -0.251599 0.008293 -0.044161
v -0.249411 0.015471 -0.044319
v -0.253787 -0.002628 -0.043990
v -0.255975 -0.006064 -0.043847
v -0.253787 0.001114 -0.044004
v -0.255974 0.001421 -0.043876
v -0.253786 0.008599 -0.044033
v -0.253786 0.004857 -0.044019
v -0.251599 -0.006065 -0.044106
v -0.253787 -0.013244 -0.043948
v -0.247224 0.008291 -0.044421
v -0.249412 0.001113 -0.044263
v -0.247225 -0.012940 -0.044338
v -0.249413 -0.020118 -0.044181
v -0.249412 -0.009503 -0.044222
v 0.153533 -0.129723 0.000949
v 0.166060 -0.130549 0.000210
v 0.154865 -0.129331 0.023332
v 0.175924 -0.132160 -0.045296
v 0.188450 -0.132986 -0.046034
v 0.177255 -0.131768 -0.022912
v 0.191113 -0.132202 -0.001267
v 0.179918 -0.130983 0.021855
v 0.178587 -0.131375 -0.000528
v 0.154884 0.132104 0.022318
v 0.179938 0.133753 0.020829
v 0.244575 -0.196974 -0.049110
v 0.248264 -0.194777 -0.071801
v 0.238212 -0.199944 -0.071185
v 0.239549 -0.199558 -0.048802
v 0.182030 -0.090640 0.032661
v 0.182911 -0.084560 0.035575
v 0.174453 -0.090280 0.033109
v 0.198945 -0.079201 0.037595
v 0.199826 -0.073121 0.040508
v 0.191368 -0.078841 0.038042
v 0.184672 -0.072400 0.041403
v 0.176214 -0.078119 0.038937
v 0.183791 -0.078480 0.038489
v 0.198964 0.082074 0.036969
v 0.191386 0.081712 0.037419
v 0.199837 0.076010 0.039930
v 0.182062 0.093476 0.031947
v 0.174484 0.093114 0.032397
v 0.182935 0.087413 0.034908
v 0.176232 0.080988 0.038319
v 0.184683 0.075286 0.040830
v 0.183809 0.081350 0.037869
v 0.055327 -0.166637 -0.060484
v 0.062382 -0.167561 -0.060898
v 0.056095 -0.169204 -0.060520
v 0.067901 -0.163351 -0.061241
v 0.074956 -0.164275 -0.061655
v 0.068669 -0.165918 -0.061277
v 0.076492 -0.169410 -0.061726
v 0.070205 -0.171053 -0.061348
v 0.069437 -0.168486 -0.061312
v 0.293469 -0.189319 -0.007108
v 0.301509 -0.191043 -0.007578
v 0.294806 -0.188927 0.015275
v 0.306875 -0.193551 -0.052813
v 0.308212 -0.193158 -0.030430
v 0.310886 -0.192374 0.014336
v 0.309549 -0.192766 -0.008047
v 0.227515 -0.198972 -0.048092
v 0.229684 -0.200946 -0.070676
v 0.223176 -0.195025 -0.002923
v 0.225345 -0.196999 -0.025507
v 0.220513 -0.195809 -0.047690
v 0.222682 -0.197783 -0.070274
v 0.224014 -0.197391 -0.047891
v -0.239569 0.019997 -0.044919
v -0.239570 0.009382 -0.044878
v -0.224262 0.022178 -0.045834
v -0.224263 0.011563 -0.045793
v -0.231917 0.010472 -0.045335
v -0.239572 -0.011849 -0.044796
v -0.239571 -0.001234 -0.044837
v -0.301243 -0.008360 0.019073
v -0.301237 -0.002109 0.019048
v -0.298921 -0.008369 0.016734
v -0.305874 0.004160 0.023700
v -0.305867 0.010410 0.023676
v -0.303552 0.004150 0.021362
v -0.301224 0.010392 0.018999
v -0.298909 0.004132 0.016685
v -0.301230 0.004141 0.019023
v 0.251128 -0.184877 0.017846
v 0.256829 -0.176090 0.017680
v 0.254325 -0.174174 0.017821
v 0.256135 -0.188709 0.017565
v 0.259333 -0.178005 0.017540
v 0.265728 -0.156598 0.017490
v 0.262530 -0.167302 0.017515
v -0.278407 0.025066 0.089001
v -0.278061 0.028869 0.086270
v -0.296042 0.028349 0.085337
v -0.242443 0.026105 0.090869
v -0.242098 0.029907 0.088138
v -0.260079 0.029388 0.087204
v -0.277369 0.036473 0.080809
v -0.295351 0.035954 0.079875
v -0.277715 0.032671 0.083540
v 0.082951 0.157169 0.020314
v 0.082098 0.153010 0.021923
v 0.082098 0.156982 0.021907
v 0.082951 0.149226 0.020345
v 0.082097 0.145067 0.021954
v 0.082098 0.149039 0.021938
v 0.080391 0.144692 0.025140
v 0.080391 0.148664 0.025124
v 0.081244 0.148851 0.023531
v 0.085768 0.135519 -0.063474
v 0.078063 0.140480 -0.063025
v 0.264333 -0.190156 -0.005385
v 0.271365 -0.189300 -0.005805
v 0.275721 -0.189217 -0.051003
v 0.282753 -0.188361 -0.051423
v 0.277059 -0.188831 -0.028614
v 0.285428 -0.187589 -0.006645
v 0.278396 -0.188445 -0.006225
v 0.355668 -0.137226 0.024400
v 0.365858 -0.138509 0.023955
v 0.360665 -0.121898 0.026217
v 0.366054 -0.170449 0.019877
v 0.376243 -0.171732 0.019431
v 0.371051 -0.155121 0.021693
v 0.386237 -0.141076 0.023064
v 0.381044 -0.124464 0.025326
v 0.376048 -0.139792 0.023509
v 0.154566 0.067570 0.031986
v 0.159974 0.068849 0.034650
v 0.160883 0.071088 0.033287
v 0.152749 0.063092 0.034712
v 0.158156 0.064371 0.037377
v 0.159065 0.066610 0.036013
v 0.170789 0.071407 0.039979
v 0.171698 0.073646 0.038616
v 0.165382 0.070128 0.037315
v 0.288743 -0.129382 0.021889
v 0.288804 -0.124672 0.022891
v 0.282540 -0.132705 0.020810
v 0.301271 -0.113317 0.026052
v 0.301331 -0.108607 0.027054
v 0.295068 -0.116640 0.024973
v 0.288925 -0.115253 0.024895
v 0.282661 -0.123285 0.022814
v 0.288864 -0.119963 0.023893
v -0.174901 0.023428 -0.066671
v -0.171329 0.038466 -0.066940
v -0.155871 0.024895 -0.074165
v -0.205818 0.050569 -0.052221
v -0.202245 0.065608 -0.052491
v -0.186787 0.052037 -0.059716
v -0.164184 0.068543 -0.067480
v -0.148726 0.054972 -0.074705
v -0.167756 0.053504 -0.067210
v 0.067902 -0.158739 -0.061259
v 0.074189 -0.157096 -0.061637
v 0.055328 -0.162025 -0.060502
v 0.061615 -0.160382 -0.060880
v 0.067902 -0.149515 -0.061295
v 0.074189 -0.147872 -0.061673
v 0.067902 -0.154127 -0.061277
v 0.276899 0.094651 0.032305
v 0.267585 0.091159 0.032870
v 0.272395 0.088272 0.035586
v 0.267280 0.100424 0.026873
v 0.257967 0.096931 0.027438
v 0.262776 0.094045 0.030154
v 0.248959 0.084173 0.034000
v 0.253768 0.081287 0.036716
v 0.258272 0.087666 0.033435
v 0.379007 -0.032063 0.036153
v 0.394870 -0.062655 0.031695
v 0.387158 -0.094519 0.028638
v 0.403022 -0.125111 0.024180
v 0.398946 -0.093883 0.027937
v 0.426598 -0.123837 0.022779
v 0.410734 -0.093246 0.027237
v 0.562335 0.209000 -0.084831
v 0.584258 -0.166170 -0.091828
v 0.567120 -0.191837 -0.090701
v 0.268690 -0.190078 -0.050577
v 0.262996 -0.190548 -0.027768
v 0.261659 -0.190940 -0.050151
v 0.432239 0.252637 -0.077296
v 0.416392 0.249569 -0.076345
v 0.431664 0.254303 -0.074890
v 0.401696 0.243169 -0.080205
v 0.385850 0.240102 -0.079255
v 0.401121 0.244835 -0.077800
v 0.384700 0.243434 -0.074444
v 0.399971 0.248167 -0.072990
v 0.400546 0.246501 -0.075395
v 0.126474 -0.130488 -0.042374
v 0.114627 -0.131313 -0.041675
v 0.125142 -0.130874 -0.064763
v 0.105444 -0.131365 0.003803
v 0.104112 -0.131751 -0.018587
v 0.101448 -0.132524 -0.063365
v 0.102780 -0.132138 -0.040976
v 0.125161 0.130561 -0.065776
v 0.101468 0.132213 -0.064391
v 0.562236 -0.081264 -0.109944
v 0.582630 -0.129312 -0.098242
v 0.199321 -0.055302 0.043712
v 0.191744 -0.054941 0.044159
v 0.183156 -0.018942 0.051014
v 0.175579 -0.018581 0.051461
v 0.183661 -0.036761 0.047810
v 0.176590 -0.054220 0.045054
v 0.184167 -0.054580 0.044607
v 0.191752 0.056727 0.043726
v 0.199329 0.057089 0.043276
v 0.176598 0.056003 0.044626
v 0.184175 0.056365 0.044176
v 0.175582 0.018160 0.051319
v 0.183159 0.018522 0.050869
v 0.183667 0.037443 0.047523
v 0.075526 -0.152092 -0.039272
v 0.078201 -0.160531 0.005529
v 0.076863 -0.156311 -0.016871
v 0.075526 -0.161315 -0.039237
v 0.075526 -0.156704 -0.039254
v 0.345943 -0.162557 0.013863
v 0.349185 -0.154114 0.017375
v 0.340750 -0.145946 0.016125
v 0.362812 -0.178893 0.016364
v 0.357619 -0.162281 0.018626
v 0.347234 -0.129058 0.023150
v 0.352426 -0.145670 0.020888
v 0.163391 -0.131328 -0.044557
v 0.174586 -0.132546 -0.067679
v 0.141001 -0.128891 0.001688
v 0.152196 -0.130109 -0.021434
v 0.138326 -0.129663 -0.043079
v 0.149521 -0.130882 -0.066201
v 0.150859 -0.130495 -0.043818
v 0.298834 -0.191821 -0.052350
v 0.292131 -0.189705 -0.029497
v 0.290794 -0.190091 -0.051886
v 0.138345 0.130121 -0.044085
v 0.141020 0.130893 0.000680
v 0.160872 -0.068245 0.033827
v 0.159964 -0.065132 0.035170
v 0.154557 -0.063867 0.032495
v 0.171687 -0.070774 0.039176
v 0.170779 -0.067661 0.040519
v 0.165372 -0.066396 0.037844
v 0.158147 -0.058905 0.037855
v 0.152740 -0.057640 0.035180
v 0.159056 -0.062018 0.036512
v 0.402876 0.241831 -0.060184
v 0.435777 0.248622 -0.017231
v 0.281188 -0.022811 0.047695
v 0.287817 -0.048936 0.041807
v 0.287648 -0.026907 0.045798
v 0.281525 -0.066868 0.039712
v 0.288154 -0.092994 0.033824
v 0.287985 -0.070965 0.037815
v 0.301075 -0.101187 0.030030
v 0.300906 -0.079158 0.034022
v 0.294446 -0.075062 0.035918
v 0.234391 0.179512 0.015885
v 0.232048 0.173979 0.014503
v 0.233547 0.174102 0.015955
v 0.231394 0.179266 0.012979
v 0.229051 0.173733 0.011598
v 0.230549 0.173856 0.013050
v 0.227361 0.162912 0.011739
v 0.228860 0.163035 0.013192
v 0.229705 0.168445 0.013121
v 0.637399 0.016442 -0.014489
v 0.639401 0.013042 -0.012358
v 0.637040 0.016465 -0.008424
v 0.642121 0.009596 -0.022358
v 0.644124 0.006197 -0.020227
v 0.641763 0.009620 -0.016293
v 0.643406 0.006244 -0.008096
v 0.641045 0.009667 -0.004162
v 0.641404 0.009643 -0.010227
v 0.149092 -0.037054 -0.092009
v 0.149810 -0.003621 -0.092181
v 0.161238 -0.037058 -0.092728
v 0.126237 0.029820 -0.090915
v 0.126955 0.063253 -0.091087
v 0.138383 0.029816 -0.091634
v 0.151246 0.063246 -0.092526
v 0.162674 0.029809 -0.093073
v 0.150528 0.029812 -0.092353
v 0.368822 0.030218 0.036368
v 0.345344 0.030231 0.039312
v 0.351453 -0.000822 0.042854
v 0.356603 0.092324 0.029282
v 0.333125 0.092338 0.032226
v 0.339235 0.061284 0.035769
v 0.298388 0.030258 0.045200
v 0.304497 -0.000795 0.048742
v 0.321866 0.030245 0.042256
v 0.074554 0.173350 -0.062939
v 0.078624 0.172067 -0.040711
v 0.069088 0.176700 -0.062628
v 0.070426 0.177092 -0.040245
v 0.073158 0.175417 -0.040400
v 0.078566 0.174526 0.004210
v 0.081298 0.172851 0.004055
v 0.114796 -0.040392 -0.089966
v 0.109075 -0.075498 -0.089491
v 0.120517 -0.005286 -0.090440
v 0.143372 -0.072160 -0.091535
v 0.131944 -0.038723 -0.090987
v -0.030085 0.192306 0.026872
v -0.054986 0.197425 0.028327
v 0.494520 0.247363 -0.078586
v 0.462470 0.252628 -0.079086
v 0.463180 0.254035 -0.076756
v 0.478140 0.249292 -0.080001
v 0.301090 0.103990 0.029235
v 0.294457 0.076779 0.035330
v 0.300917 0.080854 0.033401
v 0.288168 0.095840 0.033092
v 0.281536 0.068628 0.039187
v 0.287996 0.072703 0.037258
v 0.281191 0.022355 0.047520
v 0.287652 0.026430 0.045591
v 0.287824 0.049567 0.041425
v -0.291326 -0.008388 0.012329
v -0.291319 -0.002137 0.012304
v -0.296377 0.004126 0.015216
v -0.296371 0.010377 0.015192
v -0.293845 0.004120 0.013748
v -0.291307 0.010365 0.012255
v -0.291313 0.004114 0.012280
v -0.261051 -0.004783 -0.033281
v -0.261051 -0.001041 -0.033296
v -0.271204 0.005263 -0.012180
v -0.271203 0.009006 -0.012194
v -0.266127 0.003982 -0.022745
v -0.261051 0.006444 -0.033325
v -0.261051 0.002702 -0.033310
v 0.083233 -0.137913 -0.039796
v 0.085748 -0.135827 -0.062422
v 0.080717 -0.139999 -0.017169
v 0.078042 -0.140783 -0.061935
v 0.079380 -0.140391 -0.039552
v -0.254496 -0.021334 -0.033606
v -0.256683 -0.017897 -0.033489
v -0.269036 -0.016891 -0.012222
v -0.271223 -0.013454 -0.012106
v -0.263953 -0.015675 -0.022798
v -0.261057 -0.011022 -0.033257
v -0.258870 -0.014459 -0.033373
v 0.028733 0.146673 0.033423
v 0.016443 0.148861 0.035166
v 0.017688 0.141603 0.036350
v 0.026243 0.161187 0.031054
v 0.013953 0.163375 0.032798
v 0.015198 0.156118 0.033982
v -0.008137 0.153235 0.038653
v -0.006892 0.145978 0.039837
v 0.004153 0.151048 0.036910
v -0.279369 0.033304 0.019434
v -0.266224 0.035701 0.027227
v -0.262031 0.035688 0.023900
v -0.287756 0.033330 0.026086
v -0.274611 0.035727 0.033879
v -0.270418 0.035714 0.030553
v -0.239935 0.040495 0.042813
v -0.235742 0.040481 0.039486
v -0.253080 0.038098 0.035020
v 0.199417 -0.137626 -0.024202
v 0.198085 -0.138018 -0.046585
v 0.207720 -0.143050 -0.047136
v 0.051933 -0.047052 -0.086217
v 0.042646 -0.092186 -0.085492
v 0.061220 -0.001919 -0.086942
v 0.075500 -0.082173 -0.087477
v 0.068360 -0.042046 -0.087209
v -0.094232 0.130365 -0.071863
v -0.073675 0.148037 -0.066786
v -0.081782 0.127806 -0.072590
v -0.078019 0.170828 -0.060256
v -0.057462 0.188500 -0.055179
v -0.065569 0.168269 -0.060983
v -0.032562 0.183382 -0.056634
v -0.040668 0.163150 -0.062438
v -0.053119 0.165710 -0.061710
v 0.067925 0.149213 -0.062453
v 0.067925 0.153824 -0.062471
v 0.074211 0.147572 -0.062819
v 0.055352 0.161718 -0.061757
v 0.055352 0.166329 -0.061774
v 0.061639 0.160077 -0.062123
v 0.067926 0.163047 -0.062506
v 0.074212 0.156795 -0.062854
v 0.067926 0.158436 -0.062488
v 0.229336 0.171828 -0.072117
v 0.226885 0.159350 -0.071912
v 0.226996 0.153498 -0.049426
v 0.229671 0.154271 -0.004660
v -0.144084 0.094544 -0.068771
v -0.133380 0.104575 -0.069444
v -0.134449 0.080041 -0.075647
v -0.141945 0.143612 -0.056364
v -0.131241 0.153643 -0.057037
v -0.132311 0.129109 -0.063240
v -0.111973 0.124636 -0.070790
v -0.113042 0.100103 -0.076993
v -0.122676 0.114606 -0.070117
v -0.278497 0.002027 0.092362
v -0.278467 0.009707 0.091242
v -0.296478 0.001508 0.091428
v -0.242474 0.018425 0.091989
v -0.260455 0.017906 0.091055
v -0.296418 0.016867 0.089187
v -0.278437 0.017387 0.090121
v -0.103866 0.144868 -0.064986
v -0.123135 0.173874 -0.051233
v -0.113501 0.159371 -0.058110
v -0.087653 0.185331 -0.053379
v -0.095760 0.165100 -0.059183
v 0.192237 -0.113248 0.021674
v 0.200417 -0.112705 0.021182
v 0.200348 -0.106518 0.021368
v 0.192375 -0.125622 0.021302
v 0.200556 -0.125079 0.020810
v 0.200487 -0.118892 0.020996
v 0.216779 -0.111617 0.020197
v 0.216709 -0.105430 0.020383
v 0.208598 -0.112161 0.020689
v 0.200364 0.109263 0.020532
v 0.200434 0.115455 0.020298
v 0.192254 0.116003 0.020786
v 0.216725 0.108166 0.019555
v 0.208615 0.114906 0.019809
v 0.192394 0.128386 0.020318
v 0.200505 0.121646 0.020064
v 0.282560 0.135433 0.019770
v 0.288823 0.127415 0.021914
v 0.288763 0.132117 0.020875
v 0.282680 0.126029 0.021848
v 0.288943 0.118012 0.023992
v 0.288883 0.122714 0.022953
v 0.301348 0.111381 0.026201
v 0.301288 0.116083 0.025163
v 0.295085 0.119398 0.024058
v -0.119969 -0.178055 0.035148
v -0.102223 -0.183788 0.034119
v -0.120682 -0.179905 0.033655
v -0.083052 -0.185821 0.036075
v -0.065306 -0.191555 0.035047
v -0.083765 -0.187672 0.034583
v -0.066732 -0.195255 0.032062
v -0.085191 -0.191372 0.031598
v -0.084478 -0.189522 0.033090
v -0.244528 -0.044159 0.046673
v -0.261866 -0.041802 0.042188
v -0.239941 -0.044531 0.043142
v -0.288379 -0.038700 0.044764
v -0.305716 -0.036343 0.040279
v -0.283791 -0.039072 0.041233
v -0.296542 -0.037087 0.033217
v -0.274617 -0.039817 0.034172
v -0.279204 -0.039445 0.037703
v 0.226414 -0.116649 0.019646
v 0.232326 -0.117373 0.019304
v 0.230802 -0.105611 0.019549
v 0.229461 -0.140174 0.019156
v 0.235373 -0.140898 0.018815
v 0.233849 -0.129136 0.019060
v 0.244149 -0.118822 0.018622
v 0.242625 -0.107060 0.018867
v 0.238237 -0.118098 0.018963
v 0.255292 0.101320 0.024590
v 0.250788 0.094941 0.027871
v 0.240935 0.097341 0.025455
v 0.236431 0.090963 0.028736
v 0.243610 0.092952 0.028304
v 0.241780 0.082184 0.034433
v 0.246284 0.088563 0.031152
v -0.216616 0.010779 -0.046243
v -0.224270 -0.000927 -0.045744
v -0.216630 -0.014201 -0.046145
v -0.224284 -0.025907 -0.045647
v -0.224277 -0.013417 -0.045695
v -0.239578 -0.024339 -0.044747
v -0.231924 -0.012633 -0.045245
v 0.252450 -0.136361 0.018180
v 0.252022 -0.139075 0.018216
v 0.259177 -0.133883 0.017972
v 0.238140 -0.146745 0.018668
v 0.237712 -0.149459 0.018704
v 0.244867 -0.144267 0.018460
v 0.251166 -0.144503 0.018288
v 0.258321 -0.139311 0.018044
v 0.251594 -0.141789 0.018252
v -0.276004 0.016037 0.002805
v -0.272355 0.021766 0.002885
v -0.272631 0.016015 -0.001549
v -0.275452 0.027540 0.011673
v -0.271803 0.033268 0.011753
v -0.272079 0.027517 0.007319
v -0.265056 0.033222 0.003044
v -0.265332 0.027471 -0.001390
v -0.268705 0.027494 0.002964
v -0.184814 -0.134230 -0.039254
v -0.170934 -0.147570 -0.040025
v -0.185571 -0.136200 -0.036824
v -0.155539 -0.156969 -0.045655
v -0.141659 -0.170310 -0.046426
v -0.156296 -0.158940 -0.043225
v -0.143173 -0.174250 -0.041566
v -0.157811 -0.162881 -0.038365
v -0.157053 -0.160910 -0.040795
v 0.342422 0.156380 -0.097840
v 0.323212 0.182273 -0.084067
v 0.488938 0.088080 0.018990
v 0.504997 0.097314 0.015832
v 0.501588 0.106841 0.015273
v 0.495754 0.069026 0.020108
v 0.511813 0.078259 0.016949
v 0.508405 0.087787 0.016390
v 0.537114 0.115781 0.009515
v 0.533706 0.125308 0.008956
v 0.521056 0.106547 0.012673
v 0.260350 0.190918 -0.074016
v 0.274412 0.189186 -0.074854
v 0.291591 -0.151585 0.018322
v 0.305348 -0.155829 0.016523
v 0.296237 -0.141658 0.018009
v 0.309815 -0.179927 0.015352
v 0.323572 -0.184171 0.013553
v 0.314460 -0.170000 0.015038
v 0.332863 -0.164316 0.012926
v 0.323751 -0.150146 0.014411
v 0.319106 -0.160073 0.014724
v 0.023356 0.119543 -0.078802
v 0.038212 0.129433 -0.073352
v 0.029643 0.113290 -0.079150
v 0.040496 0.151828 -0.067206
v 0.046782 0.145575 -0.067554
v 0.059355 0.133070 -0.068251
v 0.053068 0.139323 -0.067903
v -0.065355 0.129469 -0.073575
v -0.085912 0.111797 -0.078651
v -0.024242 0.164814 -0.063422
v -0.044799 0.147142 -0.068499
v -0.032502 0.132796 -0.075545
v -0.053059 0.115124 -0.080621
v -0.048929 0.131133 -0.074560
v 0.157642 -0.041086 0.041058
v 0.154926 -0.041467 0.042598
v 0.149115 -0.054909 0.038062
v 0.169263 -0.014203 0.050129
v 0.166547 -0.014585 0.051669
v 0.160737 -0.028026 0.047133
v 0.149494 -0.042231 0.045677
v 0.143683 -0.055672 0.041141
v 0.152210 -0.041849 0.044137
v 0.626312 -0.009254 0.010001
v 0.629887 -0.012532 0.003906
v 0.624309 -0.012880 0.007898
v 0.637468 -0.008557 0.002017
v 0.641043 -0.011836 -0.004079
v 0.635465 -0.012184 -0.000087
v 0.637037 -0.019089 -0.008286
v 0.631459 -0.019437 -0.004294
v 0.633462 -0.015811 -0.002190
v 0.234670 0.173391 0.017434
v 0.237866 0.174900 0.017239
v 0.239086 0.181144 0.017142
v 0.232229 0.160901 0.017627
v 0.235425 0.162410 0.017432
v 0.236645 0.168655 0.017335
v 0.244258 0.177917 0.016849
v 0.245478 0.184162 0.016752
v 0.241062 0.176408 0.017044
v 0.231046 0.200936 -0.049850
v 0.226707 0.198550 -0.004656
v 0.293734 -0.176480 0.016291
v 0.285694 -0.174756 0.016760
v 0.301775 -0.178203 0.015821
v 0.283551 -0.149862 0.018792
v 0.292663 -0.164032 0.017306
v 0.226849 0.095354 0.026297
v 0.229523 0.090965 0.029145
v 0.213032 0.095359 0.027115
v 0.215706 0.090969 0.029964
v 0.222614 0.090967 0.029555
v 0.234872 0.082186 0.034842
v 0.232197 0.086575 0.031994
v 0.398316 0.202529 0.012785
v 0.359348 0.224610 0.009852
v 0.365131 0.213829 0.011269
v 0.203075 -0.040014 -0.095195
v 0.202709 -0.002257 -0.095319
v 0.215937 -0.036675 -0.095969
v 0.176620 0.028823 -0.093895
v 0.176253 0.066581 -0.094019
v 0.189481 0.032162 -0.094669
v 0.201976 0.073259 -0.095569
v 0.215204 0.038840 -0.096219
v 0.202342 0.035501 -0.095444
v -0.053236 0.181495 0.036689
v -0.030533 0.159276 0.039950
v 0.143618 0.080811 0.031283
v 0.152978 0.078422 0.033727
v 0.149025 0.082090 0.033947
v 0.151522 0.073476 0.030843
v 0.156930 0.074755 0.033507
v 0.167746 0.077313 0.038836
v 0.162338 0.076034 0.036171
v 0.027698 -0.174290 -0.051685
v 0.034471 -0.173875 -0.052088
v 0.027357 -0.175879 -0.049281
v 0.041926 -0.170283 -0.057299
v 0.048700 -0.169868 -0.057701
v 0.041585 -0.171872 -0.054894
v 0.048018 -0.173046 -0.052893
v 0.040904 -0.175049 -0.050086
v 0.041245 -0.173461 -0.052490
v 0.274214 0.147918 0.016809
v 0.278049 0.157762 0.016338
v 0.279738 0.142729 0.018091
v 0.280812 0.155167 0.016979
v 0.106947 0.138223 0.019249
v 0.106997 0.137001 0.020698
v 0.094798 0.138274 0.021510
v 0.131344 0.135677 0.017626
v 0.131394 0.134455 0.019075
v 0.119195 0.135728 0.019887
v 0.107097 0.134557 0.023597
v 0.094899 0.135830 0.024409
v 0.107047 0.135779 0.022148
v 0.501573 -0.104182 0.016091
v 0.504982 -0.094651 0.016576
v 0.488925 -0.085391 0.019662
v 0.533688 -0.122703 0.009918
v 0.537097 -0.113172 0.010403
v 0.521040 -0.103912 0.013489
v 0.511802 -0.075590 0.017546
v 0.495744 -0.066330 0.020632
v 0.508392 -0.085121 0.017061
v 0.254369 0.176881 0.016460
v 0.265757 0.159302 0.016265
v 0.227101 -0.056385 0.042071
v 0.217841 -0.056024 0.042618
v 0.192416 -0.019303 0.050467
v 0.200499 -0.037483 0.046816
v 0.208581 -0.055663 0.043165
v 0.011127 0.178176 -0.049691
v -0.008871 0.186278 -0.048538
v -0.125433 -0.179984 -0.042594
v -0.106573 -0.185829 -0.043689
v -0.125070 -0.182066 -0.040230
v -0.088439 -0.187510 -0.049511
v -0.069579 -0.193355 -0.050606
v -0.088076 -0.189592 -0.047147
v -0.068853 -0.197519 -0.045877
v -0.087350 -0.193756 -0.042419
v -0.087713 -0.191674 -0.044783
v -0.104063 0.179989 -0.029928
v -0.068581 0.191446 -0.032074
v -0.121804 0.174261 -0.028855
v -0.083660 0.186490 0.013754
v -0.065919 0.192219 0.012681
v -0.084991 0.186104 -0.008624
v 0.280754 0.195736 0.008450
v 0.267055 0.197185 0.009256
v 0.225447 0.170870 -0.064733
v 0.224415 0.166279 -0.067031
v 0.224345 0.172198 -0.064673
v 0.225588 0.159031 -0.069450
v 0.224556 0.154440 -0.071749
v 0.224486 0.160359 -0.069390
v 0.222352 0.157097 -0.071629
v 0.222281 0.163016 -0.069270
v 0.223383 0.161688 -0.069330
v 0.016002 0.119275 -0.078365
v 0.235195 0.077439 0.037831
v 0.217850 0.057800 0.042177
v 0.216675 0.076728 0.038931
v 0.208589 0.057444 0.042727
v 0.200504 0.038161 0.046523
v 0.404000 0.195097 0.014196
v 0.398086 0.177999 0.016784
v 0.408995 0.179782 0.016131
v 0.382184 0.191531 0.015501
v 0.376270 0.174434 0.018089
v 0.387178 0.176217 0.017436
v 0.386259 0.143805 0.021960
v 0.397167 0.145587 0.021307
v 0.392173 0.160902 0.019372
v -0.162065 -0.058818 -0.067113
v -0.166344 -0.042103 -0.066924
v -0.146604 -0.040289 -0.074462
v -0.201545 -0.062446 -0.052037
v -0.205825 -0.045731 -0.051848
v -0.186085 -0.043917 -0.059386
v -0.174904 -0.008672 -0.066546
v -0.155164 -0.006858 -0.074084
v -0.170624 -0.025387 -0.066735
v 0.246916 -0.124668 0.018475
v 0.251304 -0.113630 0.018378
v 0.242528 -0.135707 0.018571
v 0.256839 -0.125323 0.018084
v 0.249683 -0.130515 0.018327
v 0.261299 0.146179 0.016768
v 0.258989 0.156413 0.016665
v 0.255605 0.154969 0.016865
v 0.268067 0.149068 0.016368
v 0.262373 0.157858 0.016465
v 0.250985 0.175437 0.016660
v 0.256679 0.166647 0.016563
v 0.251322 0.116362 0.017486
v 0.246936 0.127396 0.017497
v 0.244167 0.121557 0.017690
v 0.256858 0.128040 0.017101
v 0.252472 0.139073 0.017113
v 0.249704 0.133234 0.017305
v 0.238163 0.149462 0.017520
v 0.235395 0.143624 0.017712
v 0.242549 0.138429 0.017509
v 0.023242 -0.123116 0.038577
v 0.010946 -0.125288 0.040338
v 0.017685 -0.138706 0.037436
v 0.009764 -0.096280 0.044379
v -0.002533 -0.098452 0.046140
v 0.004206 -0.111870 0.043239
v -0.013647 -0.129632 0.043859
v -0.006908 -0.143050 0.040958
v -0.001351 -0.127460 0.042098
v 0.230818 0.108344 0.018720
v 0.232343 0.120104 0.018384
v 0.242642 0.109797 0.018026
v 0.238255 0.120830 0.018037
v 0.233869 0.131864 0.018048
v 0.052687 -0.174055 -0.055543
v 0.052346 -0.175644 -0.053139
v 0.053368 -0.170877 -0.060352
v 0.053027 -0.172466 -0.057948
v 0.062024 -0.176073 -0.060844
v 0.061683 -0.177662 -0.058440
v 0.057355 -0.175064 -0.058194
v 0.106925 -0.135478 0.020292
v 0.106976 -0.134245 0.021738
v 0.131323 -0.132960 0.018661
v 0.131374 -0.131727 0.020107
v 0.119175 -0.132986 0.020922
v 0.107077 -0.131778 0.024629
v 0.107027 -0.133011 0.023184
v 0.234558 0.179243 -0.005052
v 0.231894 0.178459 -0.049831
v 0.387408 0.200747 0.013438
v 0.354223 0.212046 0.011922
v 0.370815 0.206396 0.012680
v 0.365591 0.197181 0.014743
v 0.376499 0.198964 0.014091
v 0.277673 0.116823 0.023204
v 0.277415 0.109432 0.026238
v 0.282482 0.113937 0.025920
v 0.267538 0.107814 0.023839
v 0.272348 0.104928 0.026555
v 0.281966 0.099156 0.031987
v 0.277157 0.102042 0.029271
v 0.081505 -0.170160 -0.054887
v 0.080790 -0.167657 -0.054855
v 0.083228 -0.170474 -0.052611
v 0.076627 -0.164525 -0.059376
v 0.075912 -0.162022 -0.059343
v 0.078351 -0.164839 -0.057099
v 0.079359 -0.162651 -0.054789
v 0.081798 -0.165468 -0.052545
v 0.080074 -0.165154 -0.054822
v 0.079359 -0.158039 -0.054807
v 0.079541 -0.154291 -0.054833
v 0.081265 -0.159217 -0.052538
v 0.075913 -0.148187 -0.059396
v 0.076095 -0.144438 -0.059422
v 0.077818 -0.149365 -0.057127
v 0.079906 -0.146795 -0.054883
v 0.081629 -0.151721 -0.052589
v 0.079724 -0.150543 -0.054858
v 0.345339 -0.030767 0.039542
v 0.368817 -0.030780 0.036598
v 0.298383 -0.030740 0.045430
v 0.321861 -0.030753 0.042486
v 0.333111 -0.090656 0.032918
v 0.356589 -0.090670 0.029974
v 0.339225 -0.060712 0.036230
v 0.071558 -0.180232 -0.054259
v 0.075130 -0.177730 -0.054480
v 0.073229 -0.180481 -0.051979
v 0.075359 -0.174729 -0.059261
v 0.078931 -0.172228 -0.059482
v 0.077030 -0.174979 -0.056981
v 0.082273 -0.172727 -0.054923
v 0.080372 -0.175478 -0.052422
v 0.078701 -0.175229 -0.054702
v 0.373422 0.239269 -0.071383
v 0.352015 0.227609 -0.070070
v 0.237735 0.152176 0.017535
v 0.242151 0.159930 0.017243
v 0.251188 0.147216 0.017157
v 0.248878 0.157449 0.017054
v 0.246568 0.167683 0.016951
v 0.085468 0.169265 0.020118
v 0.083776 0.167009 0.021769
v 0.084615 0.169717 0.021709
v 0.083790 0.163849 0.020238
v 0.082098 0.161593 0.021889
v 0.082937 0.164301 0.021829
v 0.080392 0.162499 0.025071
v 0.081231 0.165207 0.025011
v 0.082084 0.164754 0.023420
v 0.165740 -0.110509 0.023233
v 0.174572 -0.111422 0.022713
v 0.165671 -0.104322 0.023419
v 0.183543 -0.124709 0.021822
v 0.183474 -0.118522 0.022008
v 0.183335 -0.106148 0.022380
v 0.183404 -0.112335 0.022194
v 0.165687 0.107089 0.022600
v 0.174589 0.114188 0.021839
v 0.165757 0.113280 0.022366
v 0.183351 0.108904 0.021547
v 0.183421 0.115096 0.021313
v 0.183562 0.127478 0.020844
v 0.183492 0.121287 0.021079
v 0.149124 0.060166 0.037616
v 0.154933 0.044762 0.042263
v 0.157649 0.045449 0.040723
v 0.143692 0.058792 0.040697
v 0.149501 0.043388 0.045344
v 0.152217 0.044075 0.043804
v 0.166550 0.013955 0.051558
v 0.169266 0.014642 0.050017
v 0.160741 0.029359 0.046911
v 0.175184 -0.038043 -0.093551
v 0.174466 -0.071477 -0.093378
v 0.175902 -0.004610 -0.093723
v 0.202357 -0.073448 -0.095023
v 0.189130 -0.039029 -0.094373
v 0.104702 -0.137238 -0.056389
v 0.115728 -0.136407 -0.057045
v 0.104966 -0.138803 -0.054021
v 0.126227 -0.132446 -0.062437
v 0.137252 -0.131615 -0.063094
v 0.126490 -0.134011 -0.060069
v 0.137778 -0.134746 -0.058357
v 0.127016 -0.137142 -0.055333
v 0.126753 -0.135577 -0.057701
v 0.154637 -0.085381 -0.085783
v 0.137489 -0.087050 -0.084761
v 0.142872 -0.115160 -0.072235
v 0.125723 -0.116829 -0.071214
v 0.131606 -0.101939 -0.077987
v 0.103192 -0.090388 -0.082717
v 0.120341 -0.088719 -0.083739
v 0.057841 -0.177731 -0.053457
v 0.053172 -0.176722 -0.050806
v 0.067178 -0.179749 -0.058757
v 0.062510 -0.178740 -0.056107
v 0.068831 -0.181905 -0.054091
v 0.064162 -0.180896 -0.051441
v 0.063336 -0.179818 -0.053774
v 0.266842 0.125813 -0.093246
v 0.254340 0.141151 -0.086203
v 0.268068 0.132052 -0.093349
v 0.239386 0.144012 -0.078955
v 0.240612 0.150251 -0.079057
v 0.243064 0.162728 -0.079263
v 0.241838 0.156490 -0.079160
v 0.232552 0.196114 -0.072390
v 0.229051 0.194535 -0.072176
v 0.229715 0.200550 -0.072233
v 0.231226 0.184082 -0.072277
v 0.227724 0.182503 -0.072063
v 0.228388 0.188519 -0.072120
v 0.222049 0.191376 -0.071750
v 0.222712 0.197392 -0.071806
v 0.225550 0.192955 -0.071963
v 0.334385 0.215138 -0.071355
v 0.326896 0.210135 -0.070892
v 0.333822 0.216775 -0.068951
v 0.320533 0.201859 -0.075239
v 0.313044 0.196856 -0.074776
v 0.319970 0.203496 -0.072834
v 0.311917 0.200130 -0.069967
v 0.318843 0.206769 -0.068025
v 0.319407 0.205133 -0.070430
v -0.051395 -0.130724 -0.073406
v -0.065680 -0.127377 -0.072567
v -0.059498 -0.107195 -0.079379
v -0.063760 -0.171090 -0.059782
v -0.078045 -0.167743 -0.058943
v -0.071863 -0.147560 -0.065755
v -0.094251 -0.120683 -0.070889
v -0.088069 -0.100500 -0.077701
v -0.079966 -0.124030 -0.071728
v 0.381064 0.127212 0.024356
v 0.376983 0.094881 0.028360
v 0.360684 0.124656 0.025279
v 0.366793 0.093602 0.028821
v 0.372902 0.062549 0.032364
v -0.261889 0.035669 0.019243
v -0.258516 0.035647 0.014888
v -0.235315 0.040427 0.025513
v -0.231942 0.040404 0.021159
v -0.245229 0.038025 0.018024
v -0.251769 0.035601 0.006179
v -0.255142 0.035624 0.010534
v 0.501924 0.228428 0.003112
v 0.506839 0.208969 0.004615
v 0.517593 0.220509 0.002214
v 0.480414 0.205347 0.007912
v 0.485329 0.185889 0.009415
v 0.496084 0.197429 0.007015
v 0.516668 0.170053 0.007620
v 0.527423 0.181593 0.005220
v 0.511754 0.189511 0.006117
v -0.292612 0.034933 0.037785
v -0.275274 0.037317 0.042252
v -0.293939 0.038112 0.054530
v -0.276601 0.040495 0.058996
v -0.275937 0.038906 0.050624
v -0.240598 0.042084 0.051185
v -0.257936 0.039700 0.046718
v 0.551329 0.016325 -0.116038
v 0.467830 0.250744 0.001784
v 0.467323 0.252001 0.000268
v 0.451720 0.253275 0.002729
v 0.499035 0.248196 -0.003138
v 0.498528 0.249453 -0.004654
v 0.482925 0.250727 -0.002193
v 0.466308 0.254515 -0.002766
v 0.450706 0.255789 -0.000305
v 0.466816 0.253258 -0.001249
v 0.432538 0.045416 -0.121757
v 0.436895 0.084769 -0.117953
v 0.444684 0.045412 -0.122476
v 0.416961 0.124129 -0.112711
v 0.421317 0.163481 -0.108907
v 0.429106 0.124125 -0.113430
v 0.445609 0.163474 -0.110346
v 0.453397 0.124118 -0.114869
v 0.441252 0.124121 -0.114150
v 0.199649 0.143428 0.013456
v 0.200092 0.142388 0.014976
v 0.191136 0.137697 0.015524
v 0.217561 0.152810 0.012359
v 0.218003 0.151770 0.013878
v 0.209048 0.147079 0.014427
v 0.200977 0.140308 0.018015
v 0.192022 0.135617 0.018564
v 0.200535 0.141348 0.016495
v -0.296531 0.033716 0.032943
v -0.305693 0.034461 0.040004
v -0.059605 0.152511 0.043181
v -0.057482 0.162172 0.041017
v -0.070957 0.163620 0.041551
v -0.032656 0.149614 0.042114
v -0.044008 0.160724 0.040484
v -0.066711 0.182944 0.037223
v -0.055359 0.171834 0.038853
v 0.109811 -0.054242 0.037904
v 0.092939 -0.055922 0.040716
v 0.115486 -0.073756 0.034153
v 0.064719 -0.018575 0.051029
v 0.047847 -0.020255 0.053842
v 0.070393 -0.038089 0.047279
v 0.059196 -0.059282 0.046341
v 0.081743 -0.077116 0.039778
v 0.076068 -0.057602 0.043528
v 0.115497 0.076632 0.033570
v 0.092948 0.057714 0.040276
v 0.109819 0.056015 0.037476
v 0.081755 0.080029 0.039169
v 0.059206 0.061110 0.045874
v 0.076077 0.059412 0.043075
v 0.047850 0.019876 0.053686
v 0.064721 0.018178 0.050887
v 0.070399 0.038795 0.046981
v -0.007385 -0.182746 -0.049575
v 0.001858 -0.179834 -0.050133
v -0.007145 -0.185028 -0.047202
v 0.010620 -0.172359 -0.055436
v 0.019863 -0.169448 -0.055995
v 0.010861 -0.174641 -0.053064
v 0.020343 -0.174012 -0.051250
v 0.011341 -0.179205 -0.048319
v 0.011101 -0.176923 -0.050692
v -0.056402 -0.194968 -0.046624
v -0.043376 -0.192052 -0.047407
v -0.055464 -0.196686 -0.044295
v -0.032226 -0.185700 -0.052847
v -0.019201 -0.182784 -0.053630
v -0.031289 -0.187418 -0.050518
v -0.017326 -0.186220 -0.048972
v -0.029413 -0.190854 -0.045861
v -0.030351 -0.189136 -0.048190
v -0.289569 0.016106 0.015443
v -0.286169 0.021838 0.016773
v -0.285375 0.016092 0.012117
v -0.291156 0.027598 0.024756
v -0.286962 0.027584 0.021430
v -0.278576 0.027558 0.014777
v -0.282769 0.027571 0.018104
v 0.643047 0.002648 -0.002017
v 0.644123 -0.008279 -0.020171
v 0.643405 -0.008232 -0.008041
v 0.643047 -0.004590 -0.001989
v 0.255576 -0.152260 0.018057
v 0.258960 -0.153706 0.017868
v 0.261277 -0.143472 0.017891
v 0.250941 -0.172728 0.018010
v 0.256642 -0.163940 0.017845
v 0.268045 -0.146364 0.017513
v 0.262344 -0.155152 0.017679
v 0.545579 0.081560 0.011312
v 0.549811 0.064450 0.012210
v 0.541347 0.098671 0.010413
v 0.516046 0.061149 0.017848
v 0.528696 0.079910 0.014130
v 0.010947 0.128209 0.039356
v 0.023237 0.126022 0.037612
v -0.013633 0.132584 0.042843
v -0.001343 0.130397 0.041099
v -0.002535 0.101421 0.045366
v 0.009755 0.099233 0.043623
v 0.004206 0.114815 0.042361
v 0.126358 0.135829 -0.065867
v 0.114904 0.136259 -0.062813
v 0.127150 0.137189 -0.063536
v 0.101867 0.133969 -0.064422
v 0.090413 0.134399 -0.061367
v 0.102658 0.135329 -0.062090
v 0.091996 0.137119 -0.056705
v 0.104242 0.138049 -0.057427
v 0.103450 0.136689 -0.059759
v 0.014630 -0.118160 -0.077364
v -0.003228 -0.121498 -0.076294
v 0.008361 -0.100529 -0.083429
v -0.008549 -0.160097 -0.063094
v -0.026407 -0.163435 -0.062023
v -0.014818 -0.142466 -0.069158
v -0.038944 -0.128173 -0.074153
v -0.027355 -0.107204 -0.081288
v -0.021086 -0.124835 -0.075223
v 0.433717 0.182213 -0.103346
v 0.445863 0.182210 -0.104066
v 0.470408 0.200938 -0.099224
v 0.470154 0.182202 -0.105505
v 0.458008 0.182206 -0.104785
v 0.078100 0.149192 -0.063055
v 0.078417 0.152949 -0.060711
v 0.079712 0.148877 -0.060772
v 0.075509 0.157335 -0.062933
v 0.075825 0.161092 -0.060589
v 0.077121 0.157020 -0.060650
v 0.079050 0.160463 -0.056022
v 0.080346 0.156392 -0.056083
v 0.078733 0.156706 -0.058366
v -0.305874 -0.002085 0.023725
v -0.308189 0.004175 0.026038
v -0.301243 -0.014605 0.019097
v -0.303559 -0.008345 0.021411
v -0.305875 -0.014575 0.023773
v -0.308190 -0.008315 0.026087
v -0.305874 -0.008330 0.023749
v 0.088143 0.139599 -0.056480
v 0.084796 0.141259 -0.058666
v 0.089440 0.140139 -0.056559
v 0.078855 0.141840 -0.060694
v 0.075507 0.143500 -0.062880
v 0.080151 0.142380 -0.060773
v 0.078100 0.144580 -0.063037
v 0.082744 0.143460 -0.060930
v 0.081448 0.142920 -0.060851
v 0.241768 -0.079338 0.035059
v 0.246271 -0.085737 0.031827
v 0.236418 -0.088160 0.029431
v 0.240921 -0.094559 0.026199
v 0.243596 -0.090148 0.029013
v 0.255277 -0.098534 0.025364
v 0.250774 -0.092135 0.028596
v 0.267503 -0.115351 0.017432
v 0.267508 -0.117706 0.017440
v 0.273830 -0.120228 0.017076
v 0.254859 -0.110306 0.018161
v 0.254865 -0.112662 0.018169
v 0.261186 -0.115184 0.017805
v 0.267519 -0.122418 0.017457
v 0.273841 -0.124940 0.017093
v 0.267514 -0.120062 0.017449
v 0.273848 0.122929 0.016133
v 0.267526 0.120417 0.016517
v 0.267520 0.118061 0.016526
v 0.273861 0.127641 0.016114
v 0.267539 0.125128 0.016498
v 0.267532 0.122772 0.016507
v 0.254882 0.115392 0.017285
v 0.254876 0.113036 0.017294
v 0.261204 0.117904 0.016901
v 0.230314 0.206767 0.011394
v 0.221060 0.202798 0.011958
v 0.639234 0.013005 -0.021947
v 0.641595 0.009582 -0.025881
v 0.634511 0.019851 -0.014078
v 0.636873 0.016428 -0.018013
v 0.633458 0.019823 -0.021125
v 0.635819 0.016401 -0.025059
v 0.636346 0.016414 -0.021536
v 0.376969 -0.093236 0.029083
v 0.372893 -0.062008 0.032841
v 0.366779 -0.091953 0.029529
v -0.220150 -0.078373 -0.037378
v -0.212873 -0.092698 -0.037754
v -0.221282 -0.079885 -0.034928
v -0.203331 -0.103999 -0.043031
v -0.196054 -0.118324 -0.043406
v -0.204464 -0.105511 -0.040580
v -0.198319 -0.121348 -0.038505
v -0.206729 -0.108535 -0.035679
v -0.205596 -0.107023 -0.038129
v 0.353013 -0.229555 -0.070737
v 0.364032 -0.234140 -0.071372
v 0.352907 -0.231008 -0.068347
v 0.375263 -0.235819 -0.076786
v 0.386282 -0.240404 -0.077420
v 0.375157 -0.237272 -0.074396
v 0.386070 -0.243311 -0.072641
v 0.374945 -0.240179 -0.069617
v 0.375051 -0.238726 -0.072006
v 0.553980 -0.114847 0.007597
v 0.541332 -0.096056 0.011168
v 0.562450 -0.080614 0.009128
v 0.549802 -0.061823 0.012700
v 0.545567 -0.078940 0.011934
v 0.516036 -0.058474 0.018311
v 0.528684 -0.077265 0.014740
v 0.403485 0.182223 -0.101556
v 0.392112 0.219698 -0.088292
v 0.163958 -0.045464 0.042390
v 0.170274 -0.049842 0.043722
v 0.169769 -0.032022 0.046926
v 0.198616 -0.083971 0.034643
v 0.181701 -0.095410 0.029710
v 0.190158 -0.089691 0.032176
v 0.197957 -0.093512 0.028739
v 0.198287 -0.088742 0.031691
v 0.197995 0.096315 0.028002
v 0.198318 0.091568 0.030991
v 0.206446 0.090614 0.030514
v 0.181739 0.098223 0.028958
v 0.190190 0.092522 0.031469
v 0.207092 0.081119 0.036491
v 0.198641 0.086821 0.033980
v 0.050757 0.138158 0.033381
v 0.037089 0.125183 0.036795
v 0.044015 0.124764 0.036387
v 0.036904 0.138997 0.034198
v 0.030163 0.125603 0.037204
v 0.016681 0.098814 0.043214
v 0.023422 0.112208 0.040209
v -0.284455 -0.040602 0.049618
v -0.306380 -0.037873 0.048663
v -0.240605 -0.046061 0.051527
v -0.262530 -0.043332 0.050572
v -0.276607 -0.044407 0.059326
v -0.298532 -0.041677 0.058371
v -0.280531 -0.042505 0.054472
v 0.362840 0.181573 0.014967
v 0.357644 0.164980 0.017363
v 0.366080 0.173156 0.018551
v 0.345968 0.165221 0.012593
v 0.340773 0.148628 0.014989
v 0.349209 0.156804 0.016176
v 0.347254 0.131794 0.022156
v 0.355690 0.139970 0.023343
v 0.352449 0.148387 0.019760
v 0.307820 0.199887 0.006831
v 0.300879 0.196981 0.008795
v 0.294343 0.196637 0.007642
v 0.294140 0.195356 0.009201
v 0.325129 0.203359 0.010419
v 0.324030 0.204546 0.008937
v 0.317857 0.197951 0.010871
v 0.337475 0.216550 0.006553
v 0.336376 0.217737 0.005071
v 0.330203 0.211142 0.007004
v 0.321831 0.206920 0.005974
v 0.315658 0.200325 0.007907
v 0.322930 0.205733 0.007456
v 0.476056 0.219900 0.006395
v 0.465302 0.208360 0.008796
v 0.486811 0.231440 0.003995
v 0.467340 0.249005 0.003362
v 0.456586 0.237465 0.005762
v 0.471698 0.234453 0.004879
v 0.270307 0.130967 0.016306
v 0.263978 0.126099 0.016699
v 0.263186 0.132908 0.016708
v 0.260418 0.127069 0.016900
v 0.257650 0.121231 0.017093
v -0.240660 -0.044896 0.035488
v -0.253571 -0.042430 0.030229
v -0.236472 -0.044909 0.032163
v -0.274856 -0.039938 0.031621
v -0.287767 -0.037473 0.026361
v -0.270669 -0.039952 0.028295
v -0.279392 -0.037499 0.019709
v -0.262294 -0.039978 0.021643
v -0.266481 -0.039965 0.024969
v 0.624104 -0.017300 0.004372
v 0.620529 -0.014022 0.010468
v 0.631255 -0.023857 -0.007820
v 0.627680 -0.020579 -0.001724
v 0.623696 -0.026140 -0.002679
v 0.620121 -0.022861 0.003417
v 0.623900 -0.021720 0.000847
v 0.376069 0.142527 0.022421
v 0.371075 0.157841 0.020486
v 0.365879 0.141248 0.022882
v 0.169773 0.033563 0.046671
v 0.170281 0.052485 0.043325
v 0.163965 0.048967 0.042024
v 0.464396 -0.253395 -0.074863
v 0.494728 -0.247260 -0.076684
v 0.062033 0.175774 -0.062207
v 0.063371 0.176166 -0.039824
v 0.067693 0.178767 -0.040090
v 0.053388 0.170572 -0.061675
v 0.054725 0.170964 -0.039292
v 0.059048 0.173565 -0.039558
v 0.066046 0.176951 0.004942
v 0.070368 0.179552 0.004676
v 0.064708 0.176558 -0.017441
v 0.232179 -0.083747 0.032654
v 0.213000 -0.092564 0.027845
v 0.222589 -0.088156 0.030249
v 0.226828 -0.092569 0.027026
v 0.229503 -0.088158 0.029840
v -0.277398 0.040554 0.074139
v -0.277297 0.040540 0.070578
v -0.294904 0.039742 0.073584
v -0.242184 0.042149 0.068128
v -0.242083 0.042135 0.064567
v -0.259690 0.041338 0.067573
v -0.277095 0.040513 0.063457
v -0.294703 0.039715 0.066463
v -0.277196 0.040526 0.067018
v 0.358260 0.225809 0.008370
v 0.357037 0.226726 0.006897
v 0.347316 0.220396 0.009039
v 0.377702 0.238469 0.004086
v 0.376479 0.239386 0.002612
v 0.366758 0.233056 0.004755
v 0.354592 0.228559 0.003951
v 0.344871 0.222229 0.006093
v 0.355814 0.227642 0.005424
v 0.263959 -0.123386 0.017666
v 0.270287 -0.128264 0.017310
v 0.257632 -0.118508 0.018022
v 0.263166 -0.130201 0.017728
v 0.260399 -0.124354 0.017875
v 0.162327 -0.073168 0.036750
v 0.167734 -0.074433 0.039425
v 0.151512 -0.070639 0.031401
v 0.156919 -0.071904 0.034076
v 0.143606 -0.077956 0.031898
v 0.149013 -0.079221 0.034573
v 0.152966 -0.075562 0.034324
v -0.205333 0.108259 -0.038979
v -0.212648 0.094350 -0.038492
v -0.207334 0.109056 -0.036486
v -0.215962 0.078846 -0.042991
v -0.223276 0.064937 -0.042504
v -0.217962 0.079643 -0.040498
v -0.227276 0.066531 -0.037518
v -0.221962 0.081237 -0.035512
v -0.219962 0.080440 -0.038005
v 0.170039 -0.077024 0.039298
v 0.169158 -0.083105 0.036384
v 0.155927 -0.086996 0.034193
v 0.155047 -0.093076 0.031279
v 0.162102 -0.088090 0.033831
v 0.167397 -0.095265 0.030556
v 0.168278 -0.089185 0.033470
v 0.167423 0.098092 0.029806
v 0.168297 0.092029 0.032767
v 0.155049 0.095923 0.030547
v 0.155923 0.089859 0.033508
v 0.162110 0.090944 0.033138
v 0.170045 0.079903 0.038690
v 0.169171 0.085966 0.035728
v -0.291332 -0.014638 0.012354
v -0.293858 -0.008382 0.013797
v -0.296396 -0.014626 0.015290
v -0.296389 -0.008375 0.015266
v -0.296383 -0.002125 0.015241
v 0.076875 0.157568 -0.018088
v 0.078207 0.162565 0.004278
v 0.075543 0.152570 -0.040453
v 0.075544 0.161793 -0.040489
v 0.075544 0.157181 -0.040471
v 0.036902 -0.136114 0.035264
v 0.030162 -0.122696 0.038166
v 0.050742 -0.135272 0.034442
v 0.044003 -0.121854 0.037343
v 0.037082 -0.122275 0.037754
v 0.016684 -0.095859 0.043968
v 0.023423 -0.109277 0.041067
v 0.231026 0.184930 0.016063
v 0.229527 0.184807 0.014610
v 0.221297 0.195519 0.013514
v 0.219798 0.195396 0.012062
v 0.224663 0.190101 0.013336
v 0.226530 0.184561 0.011705
v 0.228028 0.184684 0.013158
v 0.071763 0.177484 -0.017862
v 0.074438 0.178269 0.026904
v 0.073101 0.177877 0.004521
v 0.079903 0.174919 0.026593
v 0.075833 0.176201 0.004366
v 0.079818 0.163030 -0.056078
v 0.080036 0.167192 -0.058484
v 0.080880 0.164311 -0.056146
v 0.078131 0.168794 -0.060755
v 0.078348 0.172955 -0.063162
v 0.079192 0.170074 -0.060823
v 0.080471 0.175516 -0.063298
v 0.081315 0.172634 -0.060959
v 0.080254 0.171354 -0.060891
v 0.468256 0.003612 -0.123710
v 0.524114 -0.001284 -0.118572
v -0.139544 0.168538 -0.027783
v -0.136882 0.169322 0.016972
v 0.296258 0.144362 0.016900
v 0.305372 0.158520 0.015305
v 0.291614 0.154292 0.017137
v 0.323774 0.152818 0.013237
v 0.332888 0.166975 0.011642
v 0.319130 0.162747 0.013474
v 0.323601 0.186834 0.012115
v 0.309842 0.182607 0.013947
v 0.314486 0.172677 0.013710
v 0.195714 -0.143123 -0.061756
v 0.204809 -0.147708 -0.062277
v 0.194828 -0.144247 -0.059322
v 0.215677 -0.150045 -0.067666
v 0.224773 -0.154630 -0.068187
v 0.214791 -0.151169 -0.065232
v 0.223000 -0.156879 -0.063319
v 0.213019 -0.153418 -0.060364
v 0.213905 -0.152293 -0.062798
v 0.446109 -0.028153 -0.122276
v -0.027127 -0.131074 0.044404
v -0.032685 -0.146664 0.043264
v -0.016013 -0.099894 0.046685
v -0.021570 -0.115484 0.045545
v -0.054088 -0.133958 0.045494
v -0.059646 -0.149549 0.044354
v -0.040608 -0.132516 0.044949
v -0.228667 0.050205 -0.037372
v -0.229912 0.032816 -0.037231
v -0.230521 0.049939 -0.034884
v -0.227449 0.015960 -0.042067
v -0.228694 -0.001429 -0.041926
v -0.229303 0.015694 -0.039578
v -0.232401 -0.001962 -0.036949
v -0.233010 0.015161 -0.034602
v -0.231157 0.015427 -0.037090
v 0.056023 0.178110 0.021827
v 0.061193 0.179277 0.023059
v 0.056196 0.176441 0.023366
v 0.066017 0.183782 0.021213
v 0.071187 0.184949 0.022445
v 0.066190 0.182113 0.022752
v 0.071533 0.181613 0.025521
v 0.066536 0.178777 0.025828
v 0.066363 0.180445 0.024290
v -0.257518 -0.042296 0.036106
v -0.223322 -0.047253 0.039974
v -0.240420 -0.044774 0.038040
v -0.222843 -0.047010 0.045076
v -0.240181 -0.044653 0.040591
v 0.069930 0.095765 -0.081474
v 0.082791 0.090744 -0.082216
v 0.083057 0.120614 -0.069624
v 0.095918 0.115593 -0.070366
v 0.089355 0.103169 -0.076291
v 0.108512 0.080702 -0.083701
v 0.095652 0.085723 -0.082958
v -0.231012 -0.017736 -0.036970
v -0.229589 -0.033569 -0.036993
v -0.232831 -0.018061 -0.034483
v -0.224528 -0.048752 -0.041989
v -0.223104 -0.064585 -0.042012
v -0.226346 -0.049077 -0.039503
v -0.226741 -0.065235 -0.037039
v -0.229983 -0.049727 -0.034529
v -0.228165 -0.049402 -0.037016
v 0.282465 -0.111156 0.026792
v 0.277398 -0.106643 0.027075
v 0.277655 -0.114062 0.024099
v 0.281951 -0.096317 0.032744
v 0.277141 -0.099223 0.030051
v 0.267522 -0.105035 0.024664
v 0.272331 -0.102129 0.027358
v 0.410463 0.079760 -0.116368
v 0.366313 0.148447 -0.105592
v 0.388388 0.114103 -0.110980
v 0.394886 0.158472 -0.107322
v 0.402674 0.119116 -0.111845
v 0.081861 0.170670 0.026494
v 0.080524 0.170278 0.004111
v 0.080313 0.165525 0.026606
v 0.078976 0.165133 0.004223
v 0.079750 0.167706 0.004167
v 0.077850 0.169494 -0.040655
v 0.079187 0.169886 -0.018272
v 0.419090 -0.096565 -0.111983
v 0.431951 -0.096569 -0.112744
v 0.424873 -0.130777 -0.107979
v 0.433248 -0.028148 -0.121514
v 0.439030 -0.062361 -0.117510
v 0.444812 -0.096573 -0.113506
v 0.160679 -0.079418 0.036872
v 0.141958 -0.084207 0.032020
v 0.151318 -0.081813 0.034446
v 0.146567 -0.089390 0.031767
v 0.153623 -0.084404 0.034319
v 0.146562 0.092248 0.031064
v 0.153623 0.087270 0.033655
v 0.141964 0.087068 0.031356
v 0.151324 0.084680 0.033801
v 0.160684 0.082291 0.036245
v -0.027107 0.134032 0.043376
v -0.054056 0.136929 0.044443
v -0.040582 0.135481 0.043910
v -0.016010 0.102869 0.045900
v -0.021559 0.118451 0.044638
v -0.279417 -0.002173 0.001524
v -0.276299 -0.008431 -0.001555
v -0.285651 0.010341 0.007683
v -0.282534 0.004084 0.004603
v -0.279404 0.010305 0.001475
v -0.276286 0.004047 -0.001604
v -0.279410 0.004066 0.001500
v -0.111991 -0.114950 -0.069860
v -0.135133 -0.119865 -0.062109
v -0.131265 -0.150543 -0.055857
v -0.144770 -0.137661 -0.055108
v -0.158275 -0.124779 -0.054358
v 0.041788 0.108276 -0.079850
v 0.071500 0.128055 -0.068950
v 0.056644 0.118165 -0.074400
v 0.066078 0.098246 -0.081250
v 0.053933 0.103261 -0.080550
v 0.319932 -0.207646 -0.066485
v 0.334569 -0.220164 -0.067303
v -0.008160 -0.150316 0.039830
v 0.004137 -0.148144 0.038069
v 0.013929 -0.160503 0.034053
v 0.026225 -0.158331 0.032292
v 0.015181 -0.153238 0.035181
v 0.028729 -0.143800 0.034548
v 0.016433 -0.145972 0.036309
v -0.087901 0.192303 -0.046259
v -0.106251 0.185864 -0.045147
v -0.088593 0.193916 -0.043846
v -0.123217 0.176198 -0.048860
v -0.141568 0.169759 -0.047748
v -0.123910 0.177811 -0.046447
v -0.142953 0.172986 -0.042924
v -0.125295 0.181038 -0.041623
v -0.124602 0.179425 -0.044035
v 0.535411 0.047697 0.015682
v 0.552294 0.049348 0.012864
v 0.501645 0.044397 0.021320
v 0.518528 0.046047 0.018501
v 0.506610 0.014192 0.022626
v 0.523493 0.015843 0.019807
v 0.521010 0.030945 0.019154
v 0.318270 -0.109117 0.027766
v 0.311641 -0.082991 0.033654
v 0.339740 -0.116782 0.027030
v 0.322376 -0.086824 0.033286
v 0.305012 -0.056866 0.039542
v 0.223011 -0.163008 -0.060918
v 0.224805 -0.173020 -0.060985
v 0.404734 -0.057333 -0.115498
v 0.523490 -0.016557 0.019933
v 0.552286 -0.047851 0.013240
v -0.268466 -0.031847 0.001944
v -0.272121 -0.026119 0.001820
v -0.265343 -0.031853 -0.001160
v -0.282022 -0.020379 0.007905
v -0.278899 -0.020385 0.004801
v -0.272651 -0.020397 -0.001407
v -0.275775 -0.020391 0.001697
v 0.007158 -0.000732 0.057830
v -0.002629 -0.021262 0.055252
v 0.032385 -0.021271 0.055014
v -0.062870 -0.000713 0.058305
v -0.072657 -0.021243 0.055727
v -0.037643 -0.021252 0.055489
v -0.022203 -0.062322 0.050096
v 0.012811 -0.062332 0.049859
v -0.012416 -0.041792 0.052674
v 0.150311 -0.135578 -0.059096
v 0.162234 -0.136416 -0.059799
v 0.149964 -0.137149 -0.056692
v 0.174850 -0.134112 -0.065311
v 0.186772 -0.134950 -0.066014
v 0.174503 -0.135683 -0.062906
v 0.186079 -0.138091 -0.061205
v 0.173809 -0.138825 -0.058098
v 0.174156 -0.137254 -0.060502
v 0.043735 -0.060299 0.047513
v 0.049409 -0.079812 0.043763
v 0.038060 -0.040785 0.051264
v 0.018486 -0.081845 0.046108
v 0.028273 -0.061315 0.048686
v 0.032327 -0.165875 0.030730
v 0.040500 -0.158189 0.031447
v 0.033145 -0.157911 0.031881
v 0.047036 -0.166432 0.029861
v 0.055208 -0.158746 0.030577
v 0.047854 -0.158467 0.031012
v 0.056844 -0.142816 0.032879
v 0.049490 -0.142538 0.033314
v 0.048672 -0.150503 0.032163
v 0.461288 0.063469 0.024360
v 0.405989 0.014248 0.035099
v 0.433638 0.038859 0.029730
v 0.468105 0.044415 0.025477
v 0.464696 0.053942 0.024919
v 0.535581 0.192465 -0.096683
v 0.032383 0.020904 0.054851
v -0.002631 0.020913 0.055089
v 0.012803 0.064194 0.049369
v -0.022211 0.064203 0.049607
v -0.012421 0.042558 0.052348
v -0.072660 0.020932 0.055564
v -0.037646 0.020923 0.055326
v 0.120359 0.079876 -0.084393
v 0.132505 0.079873 -0.085112
v 0.131458 0.113115 -0.072443
v 0.138054 0.096492 -0.079137
v 0.144650 0.079869 -0.085831
v -0.153591 0.162418 0.034284
v -0.152878 0.160573 0.035791
v -0.137688 0.175249 0.034829
v -0.183971 0.133065 0.036209
v -0.183258 0.131220 0.037716
v -0.168068 0.145896 0.036754
v -0.151453 0.156883 0.038805
v -0.136263 0.171559 0.037842
v -0.152166 0.158728 0.037298
v 0.535404 -0.046176 0.016046
v 0.506607 -0.014882 0.022739
v 0.521006 -0.030529 0.019393
v 0.501638 -0.042827 0.021658
v 0.518521 -0.044501 0.018852
v 0.339806 0.213414 -0.011411
v 0.322340 0.201284 -0.055257
v 0.068178 0.121631 0.028724
v 0.051013 0.114025 0.033554
v 0.054511 0.108656 0.032138
v 0.061181 0.132370 0.031557
v 0.047514 0.119395 0.034970
v 0.020179 0.093445 0.041798
v 0.033847 0.106420 0.038384
v -0.241041 -0.043740 0.068499
v -0.258931 -0.043682 0.067928
v -0.240940 -0.043754 0.064938
v -0.277022 -0.043597 0.074478
v -0.294911 -0.043539 0.073907
v -0.276921 -0.043610 0.070917
v -0.294709 -0.043566 0.066786
v -0.276719 -0.043638 0.063796
v -0.276820 -0.043624 0.067357
v 0.365561 -0.194503 0.016262
v 0.376469 -0.196293 0.015623
v 0.382154 -0.188850 0.016976
v 0.354191 -0.209388 0.013556
v 0.365099 -0.211178 0.012917
v 0.370784 -0.203735 0.014270
v 0.398285 -0.199871 0.014345
v 0.403970 -0.192429 0.015698
v 0.387377 -0.198082 0.014984
v 0.359314 -0.221969 0.011583
v 0.375907 -0.216316 0.012297
v 0.380930 -0.232244 0.010342
v 0.397523 -0.226591 0.011056
v 0.386715 -0.221453 0.011677
v 0.409093 -0.205009 0.013725
v 0.392500 -0.210662 0.013011
v 0.062809 -0.154025 0.030109
v 0.060275 -0.155598 0.030265
v 0.061991 -0.161990 0.028958
v 0.059378 -0.141243 0.032723
v 0.058560 -0.149207 0.031572
v 0.056924 -0.165137 0.029270
v 0.057742 -0.157172 0.030421
v -0.101401 0.180768 0.014827
v -0.082329 0.186882 0.036131
v -0.120473 0.174653 -0.006478
v -0.117810 0.175437 0.038276
v -0.119141 0.175045 0.015899
v -0.040795 -0.176038 0.037343
v -0.053246 -0.178584 0.038084
v -0.015893 -0.170946 0.035860
v -0.028344 -0.173492 0.036601
v -0.018100 -0.153797 0.040432
v -0.030551 -0.156342 0.041174
v -0.029448 -0.164917 0.038887
v -0.224599 0.030720 0.088970
v -0.242235 0.034003 0.085306
v -0.224873 0.038911 0.083305
v -0.242509 0.042194 0.079640
v -0.242372 0.038099 0.082473
v -0.277506 0.040569 0.077977
v -0.259870 0.037286 0.081641
v 0.461279 -0.061869 0.024846
v 0.468098 -0.042808 0.025816
v 0.464688 -0.052339 0.025331
v 0.405986 -0.014826 0.035212
v 0.433633 -0.038348 0.030029
v 0.083759 -0.144317 -0.055127
v 0.086791 -0.142232 -0.055315
v 0.084843 -0.145888 -0.052802
v 0.087654 -0.137005 -0.060153
v 0.090686 -0.134920 -0.060341
v 0.088738 -0.138576 -0.057828
v 0.092855 -0.138063 -0.055690
v 0.090908 -0.141719 -0.053177
v 0.089823 -0.140147 -0.055503
v 0.135834 -0.087499 0.026640
v 0.130808 -0.088620 0.026736
v 0.131967 -0.093761 0.025168
v 0.133516 -0.077217 0.029774
v 0.128490 -0.078338 0.029870
v 0.129649 -0.083479 0.028303
v 0.120755 -0.090863 0.026928
v 0.121915 -0.096004 0.025361
v 0.125782 -0.089741 0.026832
v 0.174394 0.137540 -0.061580
v 0.162331 0.136695 -0.063240
v 0.174793 0.139297 -0.061611
v 0.149470 0.132336 -0.064839
v 0.137407 0.131491 -0.066499
v 0.149869 0.134093 -0.064869
v 0.138205 0.135003 -0.066560
v 0.150667 0.137605 -0.064930
v 0.150268 0.135849 -0.064900
v -0.250425 -0.034859 -0.012302
v -0.240687 -0.036421 -0.012025
v -0.227900 -0.029414 -0.034832
v -0.218161 -0.030976 -0.034555
v -0.229424 -0.033698 -0.023290
v -0.221211 -0.039545 -0.011471
v -0.230949 -0.037983 -0.011748
v 0.625702 0.019950 -0.000739
v 0.637266 0.010828 -0.001601
v -0.157585 0.081677 -0.067922
v -0.182449 0.105009 -0.053816
v -0.103888 -0.138480 -0.063887
v -0.095785 -0.162010 -0.057914
v -0.113525 -0.156276 -0.056886
v 0.091345 -0.091213 -0.082018
v 0.074919 -0.096219 -0.081026
v 0.090183 -0.119304 -0.069117
v 0.073756 -0.124310 -0.068124
v 0.074337 -0.110264 -0.074575
v 0.042065 -0.106231 -0.079041
v 0.058492 -0.101225 -0.080034
v 0.272222 0.065136 0.039752
v 0.262909 0.061643 0.040317
v 0.272050 0.041999 0.043919
v 0.054500 -0.105798 0.032969
v 0.051001 -0.111150 0.034427
v 0.068160 -0.118795 0.029656
v 0.020183 -0.090507 0.042510
v 0.033842 -0.103505 0.039197
v 0.061161 -0.129499 0.032572
v 0.047502 -0.116502 0.035885
v 0.278026 -0.155060 0.017550
v 0.274192 -0.145212 0.017945
v 0.281860 -0.164908 0.017155
v 0.279717 -0.140014 0.019187
v 0.280788 -0.152461 0.018171
v 0.629951 -0.055289 -0.085435
v 0.628886 -0.019981 -0.085509
v 0.401781 -0.247689 -0.071177
v 0.433414 -0.253539 -0.073028
v 0.475552 -0.000891 0.027437
v 0.473067 -0.014863 0.026897
v 0.408471 -0.000854 0.035753
v 0.439527 -0.014845 0.031054
v 0.470583 -0.028836 0.026356
v 0.408967 -0.177100 0.017514
v 0.398059 -0.175311 0.018153
v 0.397145 -0.142865 0.022425
v 0.392148 -0.158193 0.020609
v 0.387151 -0.173522 0.018792
v 0.339758 0.119549 0.026131
v 0.322389 0.088510 0.032618
v 0.318286 0.111893 0.026915
v 0.311653 0.084682 0.033010
v 0.305021 0.057470 0.039105
v 0.552041 -0.043863 -0.115846
v -0.176293 0.007102 -0.066525
v -0.191751 0.020673 -0.059300
v -0.209991 0.001592 -0.051784
v -0.208600 0.017918 -0.051930
v -0.207209 0.034244 -0.052076
v -0.191753 -0.011427 -0.059176
v -0.222674 -0.048486 -0.044478
v -0.207214 -0.029956 -0.051827
v -0.225451 -0.016937 -0.044435
v -0.208602 -0.014182 -0.051805
v 0.473069 0.014211 0.026784
v 0.470587 0.029313 0.026131
v 0.439529 0.014230 0.030942
v 0.106781 -0.130979 0.026186
v 0.112271 -0.122309 0.025827
v 0.100419 -0.123134 0.026532
v 0.130486 -0.129329 0.024776
v 0.135976 -0.120659 0.024417
v 0.124123 -0.121484 0.025122
v 0.123251 -0.104970 0.025110
v 0.111398 -0.105795 0.025815
v 0.117761 -0.113639 0.025469
v 0.123267 0.107739 0.024285
v 0.117778 0.116418 0.024577
v 0.111415 0.108571 0.024984
v 0.135994 0.123433 0.023471
v 0.130505 0.132112 0.023762
v 0.124142 0.124265 0.024169
v 0.106801 0.133776 0.025160
v 0.100438 0.125929 0.025567
v 0.112290 0.125097 0.024868
v 0.120770 0.093652 0.026212
v 0.125796 0.092535 0.026119
v 0.121930 0.098775 0.024599
v 0.128502 0.081174 0.029251
v 0.133528 0.080057 0.029158
v 0.129662 0.086296 0.027639
v 0.135847 0.090302 0.025933
v 0.131981 0.096541 0.024413
v 0.130822 0.091419 0.026026
v 0.107751 -0.086281 0.031211
v 0.111618 -0.080018 0.032682
v 0.094747 -0.081698 0.035495
v 0.111631 0.082872 0.032051
v 0.107765 0.089111 0.030531
v 0.094760 0.084570 0.034850
v 0.233976 0.105755 -0.091222
v 0.231270 0.086627 -0.097355
v 0.236681 0.124884 -0.085088
v 0.264137 0.106685 -0.099379
v 0.250409 0.115784 -0.092234
v -0.228853 0.034315 -0.011304
v -0.238591 0.032752 -0.011569
v -0.232468 0.037888 -0.000516
v -0.241100 0.024043 -0.033409
v -0.250838 0.022480 -0.033674
v -0.244715 0.027616 -0.022621
v -0.258068 0.029626 -0.012098
v -0.251944 0.034762 -0.001046
v -0.248329 0.031189 -0.011834
v -0.259140 -0.043654 0.075326
v -0.277130 -0.043582 0.078316
v -0.223159 -0.043797 0.069346
v -0.241149 -0.043725 0.072336
v -0.223375 -0.043767 0.077021
v -0.241365 -0.043696 0.080011
v -0.241257 -0.043711 0.076174
v 0.341143 0.213800 0.010972
v 0.326352 0.202443 0.011892
v -0.004849 -0.176040 0.032971
v -0.005952 -0.167465 0.035258
v 0.015033 -0.169078 0.031767
v 0.003988 -0.163984 0.034655
v -0.007056 -0.158890 0.037544
v 0.049417 0.082755 0.043133
v 0.043739 0.062138 0.047039
v 0.018481 0.084811 0.045463
v 0.028271 0.063166 0.048204
v 0.038061 0.041521 0.050945
v 0.641593 -0.011920 -0.025798
v 0.641235 -0.011896 -0.019733
v 0.635817 -0.019154 -0.024922
v 0.635458 -0.019130 -0.018857
v 0.638347 -0.015513 -0.019295
v 0.640517 -0.011849 -0.007602
v 0.640876 -0.011873 -0.013668
v 0.628713 0.017001 -0.085641
v 0.629431 0.055657 -0.085833
v 0.288411 -0.100414 0.030848
v 0.288668 -0.107833 0.027872
v 0.294871 -0.104510 0.028951
v -0.242292 0.042164 0.071965
v -0.224685 0.042962 0.068960
v -0.259899 0.041367 0.074971
v -0.224901 0.042992 0.076635
v -0.242400 0.042179 0.075803
v 0.522059 -0.234312 -0.080730
v 0.535618 -0.225980 -0.081565
v 0.523454 -0.235860 -0.078429
v 0.546387 -0.214551 -0.087002
v 0.559947 -0.206219 -0.087837
v 0.547783 -0.216099 -0.084701
v 0.562737 -0.209315 -0.083235
v 0.550573 -0.219196 -0.080099
v 0.549178 -0.217647 -0.082400
v 0.035649 -0.143379 0.034137
v 0.034397 -0.150645 0.033009
v 0.042570 -0.142959 0.033725
v 0.145288 0.071980 0.031218
v 0.144731 0.074924 0.031239
v 0.141336 0.075647 0.031438
v 0.152079 0.070533 0.030821
v 0.148127 0.074200 0.031041
v 0.140222 0.081534 0.031481
v 0.144174 0.077867 0.031261
v 0.289484 0.190045 -0.075750
v 0.290822 0.190437 -0.053361
v 0.305566 0.193494 -0.076704
v -0.307432 0.028721 0.036815
v -0.306910 0.022617 0.032436
v -0.309753 0.028730 0.039154
v -0.301746 0.016495 0.023379
v -0.304067 0.016505 0.025717
v -0.308710 0.016523 0.030394
v -0.306389 0.016514 0.028056
v 0.072249 0.165649 -0.062772
v 0.073017 0.168216 -0.062828
v 0.074981 0.163974 -0.062928
v 0.068320 0.174133 -0.062573
v 0.071053 0.172458 -0.062728
v 0.076518 0.169108 -0.063039
v 0.073786 0.170783 -0.062883
v 0.336518 0.127966 0.022548
v 0.330037 0.144800 0.015381
v 0.333277 0.136383 0.018964
v 0.315046 0.120310 0.023331
v 0.325782 0.124138 0.022939
v 0.224072 -0.182569 -0.063282
v 0.221925 -0.187985 -0.063140
v 0.223555 -0.183441 -0.060877
v 0.220811 -0.191657 -0.067810
v 0.218664 -0.197073 -0.067668
v 0.220295 -0.192529 -0.065404
v 0.217631 -0.198818 -0.062856
v 0.219261 -0.194273 -0.060592
v 0.219778 -0.193401 -0.062998
v 0.406344 -0.241663 0.007332
v 0.405256 -0.242873 0.005859
v 0.390650 -0.238592 0.008249
v 0.435555 -0.250226 0.002551
v 0.434466 -0.251436 0.001079
v 0.419861 -0.247155 0.003469
v 0.403079 -0.245294 0.002914
v 0.388474 -0.241012 0.005304
v 0.404168 -0.244083 0.004387
v 0.249271 -0.076213 -0.004310
v 0.194228 -0.065569 -0.001092
v 0.248265 -0.130520 -0.004040
v 0.141198 0.053688 0.001587
v 0.086154 0.064332 0.004805
v 0.140191 -0.000618 0.001857
v 0.084140 -0.044280 0.005345
v 0.138177 -0.109231 0.002397
v 0.139184 -0.054925 0.002127
v 0.061723 0.174350 0.005208
v 0.067383 0.177343 0.027325
v 0.050403 0.168363 -0.039026
v 0.056063 0.171356 -0.016909
v 0.053078 0.169147 0.005740
v 0.058738 0.172141 0.027857
v 0.057400 0.171748 0.005474
v -0.296013 -0.031735 0.028793
v -0.297757 -0.026025 0.025561
v -0.293698 -0.031750 0.026455
v -0.304132 -0.020285 0.027005
v -0.301816 -0.020300 0.024667
v -0.297184 -0.020330 0.019991
v -0.299500 -0.020315 0.022329
v 0.221132 -0.200399 -0.063057
v 0.225595 -0.202486 -0.063307
v 0.221577 -0.201776 -0.060700
v 0.229167 -0.201818 -0.068271
v 0.233631 -0.203905 -0.068521
v 0.229613 -0.203195 -0.065914
v 0.234521 -0.206659 -0.063808
v 0.230503 -0.205950 -0.061201
v 0.230058 -0.204573 -0.063558
v 0.062067 0.180877 -0.055095
v 0.057422 0.178109 -0.057187
v 0.061756 0.182411 -0.055083
v 0.053399 0.172273 -0.059304
v 0.048755 0.169504 -0.061396
v 0.053089 0.173806 -0.059292
v 0.048134 0.172571 -0.061371
v 0.052467 0.176873 -0.059266
v 0.052778 0.175340 -0.059279
v 0.195061 -0.088184 -0.088166
v 0.180469 -0.117657 -0.074452
v 0.187765 -0.102920 -0.081309
v 0.167170 -0.086213 -0.086522
v 0.181116 -0.087199 -0.087344
v 0.141325 -0.072803 0.032013
v 0.144721 -0.072082 0.031809
v 0.145278 -0.069144 0.031765
v 0.140210 -0.078678 0.032102
v 0.144163 -0.075019 0.031854
v 0.152069 -0.067701 0.031357
v 0.148116 -0.071360 0.031605
v 0.358226 -0.223179 0.010110
v 0.357003 -0.224107 0.008645
v 0.347283 -0.217759 0.010737
v 0.377666 -0.235874 0.005924
v 0.376443 -0.236802 0.004459
v 0.366723 -0.230454 0.006552
v 0.354557 -0.225962 0.005713
v 0.344838 -0.219614 0.007806
v 0.355780 -0.225034 0.007179
v -0.176616 0.080209 -0.060427
v -0.195646 0.078742 -0.052933
v -0.189047 0.091876 -0.053374
v 0.360626 0.167185 -0.098960
v 0.377825 0.214685 -0.087427
v 0.038212 -0.108709 -0.078798
v 0.043917 -0.126481 -0.072699
v 0.031925 -0.114964 -0.078401
v 0.062197 -0.131743 -0.067393
v 0.055910 -0.137998 -0.066997
v 0.043335 -0.150508 -0.066204
v 0.049622 -0.144253 -0.066600
v 0.497215 -0.111072 0.016375
v 0.513272 -0.120332 0.013289
v 0.520614 -0.143372 0.010771
v 0.536671 -0.152632 0.007685
v 0.524972 -0.136482 0.010487
v 0.545387 -0.138853 0.007116
v 0.529330 -0.129592 0.010202
v 0.030276 -0.132457 -0.071868
v 0.024570 -0.114685 -0.077967
v 0.041686 -0.168001 -0.059671
v 0.035981 -0.150229 -0.065769
v 0.026978 -0.167444 -0.058802
v 0.021272 -0.149673 -0.064900
v 0.028627 -0.149951 -0.065335
v 0.259198 0.136593 0.016924
v 0.252044 0.141787 0.017127
v 0.258342 0.142021 0.016953
v 0.251616 0.144501 0.017142
v 0.244889 0.146982 0.017331
v 0.258384 0.136317 -0.005673
v 0.255346 0.065474 -0.005219
v 0.312421 0.071367 -0.008622
v 0.144235 0.124532 0.001132
v 0.198272 0.059581 -0.001816
v 0.306346 -0.070320 -0.007713
v 0.252309 -0.005370 -0.004765
v 0.481550 -0.118986 0.017334
v 0.493249 -0.135136 0.014532
v 0.473619 -0.167115 0.013646
v 0.485318 -0.183265 0.010844
v 0.489284 -0.159201 0.012688
v 0.516648 -0.167436 0.008928
v 0.504949 -0.151286 0.011730
v 0.455972 0.194575 0.011120
v 0.448158 0.177596 0.013820
v 0.461846 0.176828 0.013013
v 0.428596 0.196111 0.012735
v 0.420782 0.179132 0.015435
v 0.434470 0.178364 0.014628
v 0.432530 0.143638 0.019220
v 0.446218 0.142870 0.018413
v 0.440344 0.160617 0.016520
v 0.012981 -0.135654 -0.070831
v 0.009683 -0.170641 -0.057765
v 0.011332 -0.153147 -0.064298
v -0.010198 -0.177591 -0.056560
v 0.001391 -0.156622 -0.063696
v 0.290388 -0.194962 -0.067162
v 0.297877 -0.196627 -0.067599
v 0.290147 -0.196392 -0.064764
v 0.305848 -0.195432 -0.072831
v 0.313337 -0.197097 -0.073268
v 0.305607 -0.196862 -0.070434
v 0.312854 -0.199957 -0.068473
v 0.305124 -0.199722 -0.065639
v 0.305366 -0.198292 -0.068036
v -0.249177 -0.041557 0.017565
v -0.222942 -0.044716 0.009408
v -0.236059 -0.043137 0.013487
v -0.223355 -0.046488 0.028084
v -0.236266 -0.044023 0.022825
v 0.408933 -0.142228 0.021724
v 0.420755 -0.176464 0.016814
v 0.414844 -0.159346 0.019269
v 0.432509 -0.140955 0.020324
v 0.420721 -0.141592 0.021024
v 0.598401 0.168762 -0.010257
v 0.578792 0.195839 -0.009200
v 0.480401 -0.202740 0.009492
v 0.496066 -0.194825 0.008534
v 0.501895 -0.225859 0.004872
v 0.517560 -0.217945 0.003914
v 0.506813 -0.206385 0.006224
v 0.527395 -0.178996 0.006617
v 0.511730 -0.186911 0.007576
v 0.241057 -0.196477 0.018487
v 0.246102 -0.187467 0.018154
v -0.019180 0.187953 -0.050312
v -0.032023 0.190459 -0.049561
v -0.031713 0.192836 -0.047211
v -0.019801 0.183199 -0.055011
v -0.032644 0.185706 -0.054261
v -0.032334 0.188082 -0.051911
v -0.057710 0.195472 -0.048059
v -0.057399 0.197848 -0.045709
v -0.044867 0.192965 -0.048810
v 0.068278 -0.155735 0.028562
v 0.066563 -0.149344 0.029869
v 0.075785 -0.146373 0.028081
v 0.074070 -0.139982 0.029388
v 0.070316 -0.144663 0.029629
v 0.063131 -0.136562 0.032483
v 0.064847 -0.142953 0.031176
v 0.083390 0.142030 0.026514
v 0.091096 0.137082 0.026077
v 0.239547 -0.204076 -0.064116
v 0.245042 -0.201998 -0.064449
v 0.240461 -0.205959 -0.061785
v 0.248709 -0.196155 -0.069444
v 0.254204 -0.194076 -0.069777
v 0.249623 -0.198037 -0.067113
v 0.256033 -0.197842 -0.065116
v 0.251452 -0.201802 -0.062452
v 0.250538 -0.199920 -0.064782
v -0.175214 -0.073770 -0.059914
v -0.188363 -0.088722 -0.052716
v -0.194954 -0.075584 -0.052376
v 0.250812 -0.142799 -0.078521
v 0.294887 0.107306 0.028130
v 0.288685 0.110621 0.027025
v 0.288427 0.103231 0.030059
v 0.272213 -0.063376 0.040250
v 0.271875 -0.019318 0.048233
v 0.272044 -0.041347 0.044241
v 0.253587 -0.056390 0.041326
v 0.262900 -0.059883 0.040788
v 0.461837 -0.174185 0.014372
v 0.448143 -0.174945 0.015186
v 0.455960 -0.191939 0.012617
v 0.446203 -0.140195 0.019510
v 0.440326 -0.157950 0.017755
v 0.428572 -0.193459 0.014245
v 0.434449 -0.175704 0.016000
v 0.085443 -0.166503 0.021420
v 0.083757 -0.164235 0.023053
v 0.084595 -0.166943 0.023014
v 0.083766 -0.161086 0.021498
v 0.082080 -0.158818 0.023131
v 0.082919 -0.161526 0.023092
v 0.080385 -0.159698 0.026319
v 0.081224 -0.162407 0.026279
v 0.082071 -0.161967 0.024686
v 0.571306 -0.196482 -0.083798
v 0.585653 -0.167718 -0.089527
v 0.594392 -0.154232 -0.090096
v 0.597524 -0.156024 -0.085508
v 0.406851 -0.240394 0.008839
v 0.412636 -0.229603 0.010173
v 0.437076 -0.246419 0.007072
v 0.442861 -0.235629 0.008406
v 0.427749 -0.232616 0.009290
v 0.424206 -0.208022 0.012842
v 0.418421 -0.218813 0.011507
v 0.081416 -0.132158 0.027693
v 0.077569 -0.134630 0.027930
v 0.089111 -0.127213 0.027218
v 0.085264 -0.129686 0.027455
v 0.077477 -0.118033 0.027871
v 0.073629 -0.120505 0.028109
v 0.079447 -0.125095 0.027782
v 0.077495 0.120848 0.026945
v 0.079460 0.127909 0.026802
v 0.073642 0.123322 0.027164
v 0.089131 0.130021 0.026221
v 0.085278 0.132495 0.026439
v 0.077572 0.137444 0.026877
v 0.081425 0.134969 0.026658
v 0.263064 -0.196980 -0.065542
v 0.269492 -0.195731 -0.065927
v 0.263375 -0.198475 -0.063171
v 0.275298 -0.191492 -0.071055
v 0.281726 -0.190242 -0.071440
v 0.275609 -0.192987 -0.068684
v 0.282347 -0.193232 -0.066698
v 0.276230 -0.195976 -0.063942
v 0.275919 -0.194481 -0.066313
v 0.298434 0.123394 -0.101475
v 0.334162 0.136754 -0.103643
v -0.224496 -0.027425 0.093186
v -0.242472 -0.026840 0.092247
v -0.242441 -0.033817 0.091101
v -0.224556 -0.013469 0.095478
v -0.242532 -0.012884 0.094539
v -0.242502 -0.019862 0.093393
v -0.278423 -0.025670 0.090370
v -0.278393 -0.032647 0.089224
v -0.260447 -0.026255 0.091308
v 0.234043 -0.193302 0.018891
v 0.230536 -0.191715 0.019092
v 0.237550 -0.194890 0.018689
v 0.242595 -0.185879 0.018356
v 0.240072 -0.190385 0.018522
v -0.032853 0.102105 0.046900
v -0.013829 0.085075 0.047629
v -0.070899 0.136165 0.045444
v -0.051876 0.119135 0.046172
v -0.066539 0.100576 0.048901
v -0.047515 0.083546 0.049630
v -0.049696 0.101340 0.047901
v 0.075381 0.172423 0.026871
v 0.078114 0.170748 0.026716
v 0.069916 0.175773 0.027181
v 0.072649 0.174098 0.027026
v 0.066338 0.167432 0.027426
v 0.069070 0.165757 0.027270
v 0.070860 0.169928 0.027148
v 0.058712 -0.169309 0.029181
v 0.061246 -0.167735 0.029025
v 0.067356 -0.174505 0.028689
v 0.069889 -0.172931 0.028533
v 0.065568 -0.170333 0.028779
v 0.066313 -0.164588 0.028713
v 0.063779 -0.166161 0.028869
v -0.088057 0.054965 -0.078304
v -0.059494 -0.055373 -0.079580
v 0.047061 0.169266 0.028560
v 0.047878 0.161316 0.029772
v 0.055232 0.161589 0.029336
v 0.032353 0.168718 0.029433
v 0.033170 0.160768 0.030646
v 0.040524 0.161042 0.030209
v 0.049512 0.145415 0.032197
v 0.056866 0.145689 0.031761
v 0.048695 0.153365 0.030985
v 0.274008 0.194290 -0.067699
v 0.267587 0.195126 -0.067322
v 0.274483 0.195962 -0.065356
v 0.260216 0.192619 -0.071631
v 0.260690 0.194291 -0.069288
v 0.261639 0.197634 -0.064602
v 0.261165 0.195962 -0.066945
v 0.074074 0.142813 0.028293
v 0.072109 0.135752 0.028437
v 0.063146 0.139430 0.031413
v 0.066645 0.134061 0.029997
v 0.070144 0.128691 0.028580
v -0.296030 -0.034928 0.085581
v -0.277808 -0.037851 0.083724
v -0.278147 -0.034985 0.086428
v -0.295351 -0.040659 0.080172
v -0.277469 -0.040716 0.081020
v -0.241704 -0.040830 0.082715
v -0.259587 -0.040773 0.081868
v -0.072740 0.061910 0.052608
v -0.055897 0.062675 0.051608
v -0.089503 0.020168 0.056564
v -0.064278 0.041803 0.053586
v -0.039054 0.063439 0.050607
v 0.141849 -0.000757 0.055397
v 0.133322 -0.014580 0.052401
v 0.075398 -0.000746 0.056860
v 0.066871 -0.014569 0.053864
v 0.100096 -0.014574 0.053132
v 0.116268 -0.042226 0.046409
v 0.124795 -0.028403 0.049405
v 0.133324 0.013960 0.052290
v 0.116275 0.043394 0.046076
v 0.124800 0.028677 0.049183
v 0.066873 0.013971 0.053753
v 0.100099 0.013965 0.053022
v 0.034415 0.153511 0.031830
v 0.035659 0.146254 0.033014
v 0.042586 0.145835 0.032606
v 0.063997 0.171532 -0.062307
v 0.065962 0.167290 -0.062406
v 0.059675 0.168931 -0.062040
v -0.156139 -0.010801 0.052967
v -0.137298 -0.010791 0.054406
v -0.154408 -0.000733 0.054227
v -0.121920 -0.030918 0.053326
v -0.103079 -0.030908 0.054764
v -0.120188 -0.020850 0.054585
v -0.099616 -0.010772 0.057283
v -0.116726 -0.000713 0.057104
v -0.118457 -0.010782 0.055844
v -0.137302 0.010457 0.054324
v -0.156144 0.010448 0.052886
v -0.099620 0.010477 0.057201
v -0.118461 0.010467 0.055762
v -0.103091 0.032839 0.054518
v -0.121932 0.032829 0.053080
v -0.120197 0.021648 0.054421
v -0.151718 -0.084427 0.051084
v -0.153192 -0.059885 0.051712
v -0.168828 -0.074369 0.050905
v -0.120446 -0.055460 0.052698
v -0.137556 -0.045402 0.052519
v -0.171775 -0.025285 0.052161
v -0.154666 -0.035343 0.052340
v 0.606938 -0.135925 -0.083759
v 0.622635 -0.093937 -0.084852
v -0.066560 -0.097570 0.049670
v -0.049711 -0.098344 0.048675
v -0.047522 -0.080537 0.050266
v -0.070937 -0.133184 0.046489
v -0.051900 -0.116151 0.047085
v -0.013825 -0.082087 0.048276
v -0.032862 -0.099119 0.047680
v 0.341298 -0.172484 0.014176
v 0.332007 -0.192338 0.014803
v 0.336652 -0.182411 0.014490
v 0.358166 -0.188820 0.016678
v 0.349732 -0.180652 0.015427
v 0.424238 0.210664 0.011218
v 0.442898 0.238233 0.006570
v -0.242031 0.037164 0.006444
v -0.222204 0.041967 0.021424
v -0.232117 0.039565 0.013934
v -0.222554 0.040290 0.006973
v -0.232293 0.038727 0.006709
v 0.545408 0.141440 0.006029
v 0.529349 0.132206 0.009187
v 0.536695 0.155237 0.006492
v 0.520636 0.146003 0.009650
v 0.524993 0.139105 0.009419
v 0.497232 0.113739 0.015504
v 0.513291 0.122973 0.012346
v -0.223729 -0.041415 0.083654
v -0.241950 -0.038492 0.085511
v -0.224220 -0.036740 0.089245
v -0.242196 -0.036155 0.088306
v -0.260172 -0.035570 0.087367
v -0.078321 0.096244 0.049616
v -0.088438 0.086553 0.050253
v -0.074475 0.073091 0.051267
v -0.106246 0.123169 0.047587
v -0.116363 0.113478 0.048224
v -0.102401 0.100016 0.049238
v -0.108672 0.067172 0.051526
v -0.094710 0.053710 0.052540
v -0.098555 0.076863 0.050889
v 0.346796 -0.203705 0.013972
v 0.352481 -0.196263 0.015325
v 0.339402 -0.198022 0.014388
v -0.209430 0.000118 0.047036
v -0.208045 0.016444 0.046890
v -0.220105 0.016731 0.044973
v -0.185309 -0.000456 0.050871
v -0.183924 0.015870 0.050726
v -0.195984 0.016157 0.048808
v -0.205274 0.049096 0.046600
v -0.217334 0.049383 0.044682
v -0.206659 0.032770 0.046745
v 0.212651 0.153854 -0.068664
v 0.195454 0.144713 -0.062855
v 0.420743 0.144288 0.019916
v 0.414869 0.162035 0.018023
v 0.408955 0.144938 0.020611
v -0.092974 0.042529 0.053882
v -0.091238 0.031348 0.055223
v -0.082857 0.052220 0.053245
v 0.076313 0.164360 -0.040544
v 0.077081 0.166927 -0.040600
v 0.077644 0.164746 -0.018161
v -0.168816 0.076284 0.050321
v -0.153188 0.061799 0.051241
v -0.151711 0.087475 0.050418
v -0.171772 0.024933 0.051966
v -0.154666 0.036123 0.052063
v -0.120455 0.058504 0.052258
v -0.137560 0.047314 0.052160
v 0.217360 0.148478 -0.048836
v 0.200763 0.139211 -0.002890
v 0.374912 0.172197 -0.099825
v 0.383512 0.195948 -0.094059
v 0.389199 0.177210 -0.100690
v 0.028315 -0.167052 -0.036419
v 0.029652 -0.166660 -0.014036
v 0.020961 -0.166774 -0.035984
v 0.045699 -0.166824 0.007478
v 0.038344 -0.166546 0.007913
v 0.023636 -0.165989 0.008782
v 0.030990 -0.166268 0.008347
v -0.055901 -0.060773 0.052086
v -0.072750 -0.059998 0.053081
v -0.039052 -0.061547 0.051091
v -0.089506 -0.020468 0.056722
v -0.064279 -0.041008 0.053906
v 0.082928 -0.154406 0.021522
v 0.082081 -0.150235 0.023098
v 0.082080 -0.154206 0.023113
v 0.082928 -0.146463 0.021491
v 0.082081 -0.142292 0.023067
v 0.082081 -0.146263 0.023082
v 0.080386 -0.141892 0.026250
v 0.080386 -0.145864 0.026265
v 0.081234 -0.146063 0.024674
v -0.057512 -0.159227 0.042264
v -0.055379 -0.168905 0.040174
v -0.044032 -0.157785 0.041719
v -0.205281 -0.047222 0.046973
v -0.206664 -0.031442 0.046994
v -0.217342 -0.046935 0.045056
v -0.183927 -0.016236 0.050850
v -0.195987 -0.015949 0.048932
v -0.220107 -0.015375 0.045097
v -0.208047 -0.015662 0.047015
v 0.336498 -0.125226 0.023517
v 0.315028 -0.117560 0.024253
v 0.325763 -0.121393 0.023885
v 0.330015 -0.142113 0.016492
v 0.333257 -0.133669 0.020005
v 0.404176 -0.241179 -0.035927
v 0.387726 -0.238559 -0.057427
v 0.420626 -0.243799 -0.014428
v 0.390401 -0.237774 -0.012661
v 0.405514 -0.240787 -0.013544
v 0.066631 -0.131210 0.031025
v 0.072100 -0.132920 0.029478
v 0.070130 -0.125858 0.029567
v 0.088784 -0.113954 0.027186
v 0.094601 -0.118544 0.026859
v 0.100091 -0.109874 0.026501
v 0.094620 0.121342 0.025929
v 0.088802 0.116755 0.026292
v 0.100108 0.112663 0.025638
v 0.012203 0.179304 0.024418
v 0.012915 0.177459 0.025925
v 0.022861 0.173978 0.025350
v -0.007689 0.186266 0.025569
v -0.006977 0.184421 0.027076
v 0.002969 0.180940 0.026500
v 0.014340 0.173770 0.028938
v 0.024286 0.170289 0.028363
v 0.013628 0.175615 0.027432
v 0.128293 0.106622 0.024192
v 0.133319 0.105505 0.024099
v 0.134657 0.114469 0.023785
v 0.437900 -0.207262 0.012027
v 0.456555 -0.234869 0.007592
v 0.447227 -0.221065 0.009810
v 0.465287 -0.205743 0.010399
v 0.451594 -0.206502 0.011213
v -0.045126 -0.148355 -0.067341
v -0.032589 -0.183617 -0.055211
v -0.038858 -0.165986 -0.061276
v -0.057491 -0.188721 -0.053717
v -0.051309 -0.168538 -0.060529
v 0.288829 0.136340 -0.094589
v 0.306693 0.143020 -0.095672
v 0.305348 0.175593 -0.082983
v 0.314953 0.162646 -0.089870
v 0.324557 0.149700 -0.096756
v 0.280788 0.134615 -0.094112
v 0.289048 0.154242 -0.088309
v 0.281225 0.170418 -0.081553
v 0.289266 0.172143 -0.082029
v 0.297307 0.173868 -0.082506
v 0.549522 0.217581 -0.084106
v 0.536175 0.225928 -0.083348
v 0.550231 0.218989 -0.081776
v 0.523537 0.235681 -0.080260
v 0.522828 0.234274 -0.082590
v -0.147311 -0.008535 -0.074543
v -0.143031 -0.025250 -0.074732
v -0.151591 0.008180 -0.074354
v -0.144446 0.038257 -0.074894
v -0.148018 0.023218 -0.074624
v -0.182453 -0.040778 0.050222
v -0.203808 -0.071764 0.046345
v -0.193130 -0.056271 0.048284
v -0.179505 -0.089862 0.048966
v -0.180979 -0.065320 0.049594
v -0.193121 0.058158 0.047840
v -0.203796 0.074771 0.045778
v -0.182447 0.041546 0.049903
v -0.179491 0.092897 0.048258
v -0.180969 0.067221 0.049081
v -0.018801 -0.180679 -0.033575
v -0.016126 -0.179907 0.011191
v 0.469767 -0.126056 0.018059
v 0.457985 -0.133126 0.018784
v 0.465802 -0.150120 0.016215
v 0.273757 0.135481 -0.093693
v 0.273976 0.153383 -0.087413
v 0.260132 0.173016 -0.080296
v 0.267163 0.172150 -0.080715
v 0.274194 0.171284 -0.081134
v 0.114062 0.097322 -0.077726
v 0.107765 0.114767 -0.071058
v 0.119612 0.113941 -0.071751
v 0.117296 -0.130540 0.003098
v 0.127811 -0.130102 -0.019990
v 0.129149 -0.129715 0.002393
v 0.128277 -0.103848 0.025014
v 0.134640 -0.111693 0.024668
v 0.133303 -0.102727 0.024918
v -0.278458 -0.019197 0.091435
v -0.296404 -0.025590 0.089351
v -0.242567 -0.006412 0.095605
v -0.260512 -0.012804 0.093520
v -0.278528 -0.006252 0.093567
v -0.296474 -0.012645 0.091483
v -0.278493 -0.012725 0.092501
v 0.229731 0.204050 -0.065115
v 0.224952 0.201545 -0.067199
v 0.228458 0.204291 -0.065040
v 0.222718 0.198558 -0.069433
v 0.217938 0.196054 -0.071518
v 0.221445 0.198799 -0.069359
v 0.215393 0.196536 -0.071369
v 0.218900 0.199282 -0.069210
v 0.220172 0.199040 -0.069284
v -0.224082 0.042930 0.060662
v -0.241588 0.042118 0.060107
v -0.223092 0.042895 0.051740
v -0.241093 0.042101 0.055646
v -0.259094 0.041307 0.059551
v 0.261255 0.150819 -0.086650
v 0.236251 0.181496 -0.072564
v 0.248753 0.166158 -0.079607
v 0.247630 0.188354 -0.073253
v 0.254443 0.169587 -0.079951
v 0.075328 -0.175130 0.026678
v 0.075155 -0.176816 0.025153
v 0.071504 -0.178789 0.026919
v 0.082630 -0.171185 0.023147
v 0.082457 -0.172871 0.021621
v 0.078806 -0.174843 0.023387
v 0.074809 -0.180188 0.022102
v 0.071158 -0.182161 0.023868
v 0.074982 -0.178502 0.023628
v -0.248744 0.038066 0.027036
v -0.222455 0.042860 0.042622
v -0.235600 0.040463 0.034829
v -0.222171 0.042824 0.033306
v -0.235458 0.040445 0.030171
v 0.234365 -0.176788 0.017265
v 0.232022 -0.171271 0.015841
v 0.233520 -0.171377 0.017295
v 0.231368 -0.176576 0.014358
v 0.229025 -0.171059 0.012934
v 0.230523 -0.171165 0.014387
v 0.227337 -0.160237 0.012992
v 0.228835 -0.160343 0.014446
v 0.229679 -0.165754 0.014416
v -0.007004 -0.181591 0.028494
v 0.002942 -0.178116 0.027892
v -0.007717 -0.183448 0.027002
v 0.014314 -0.170928 0.030275
v 0.024260 -0.167453 0.029672
v 0.013601 -0.172785 0.028782
v 0.022835 -0.171166 0.026687
v 0.012176 -0.176497 0.025797
v 0.012888 -0.174641 0.027290
v 0.078088 -0.167910 0.028028
v 0.075355 -0.169584 0.028197
v 0.079877 -0.172082 0.027939
v 0.069046 -0.162914 0.028544
v 0.070834 -0.167086 0.028455
v 0.074411 -0.175429 0.028275
v 0.072622 -0.171258 0.028365
v 0.043781 -0.172624 0.023910
v 0.037274 -0.170901 0.025831
v 0.044493 -0.170768 0.025403
v 0.029342 -0.172890 0.024767
v 0.030054 -0.171033 0.026259
v 0.031480 -0.167321 0.029244
v 0.030767 -0.169177 0.027752
v -0.281135 -0.031789 0.016477
v -0.284534 -0.026072 0.015103
v -0.278604 -0.031795 0.015009
v -0.292997 -0.020343 0.016665
v -0.290465 -0.020349 0.015197
v -0.285401 -0.020361 0.012260
v -0.287933 -0.020355 0.013728
v -0.119933 0.165776 0.040441
v -0.102192 0.171498 0.039368
v -0.088698 0.157898 0.042623
v -0.086575 0.167559 0.040459
v -0.084452 0.177221 0.038295
v -0.240828 -0.044523 0.060468
v -0.222939 -0.044581 0.061039
v -0.258718 -0.044465 0.059897
v -0.222715 -0.046119 0.052098
v -0.240716 -0.045292 0.055997
v 0.346827 0.206368 0.012382
v 0.332036 0.195010 0.013303
v 0.339432 0.200689 0.012842
v 0.358196 0.191503 0.015204
v 0.352512 0.198935 0.013793
v 0.070416 -0.176605 -0.038875
v 0.071748 -0.176213 -0.016492
v 0.067683 -0.178279 -0.038707
v 0.078545 -0.172474 0.005555
v 0.075812 -0.174148 0.005724
v 0.070346 -0.177495 0.006060
v 0.073079 -0.175821 0.005892
v 0.077829 -0.169018 -0.039343
v 0.079167 -0.168626 -0.016960
v 0.078597 -0.171585 -0.039379
v 0.078969 -0.163098 0.005494
v 0.080306 -0.162706 0.027877
v 0.079736 -0.165666 0.005458
v 0.081842 -0.167841 0.027806
v 0.081272 -0.170801 0.005387
v 0.080504 -0.168233 0.005423
v -0.224120 -0.016551 -0.022052
v -0.222782 -0.016159 0.000331
v -0.225503 -0.000771 -0.022031
v -0.218679 -0.047327 0.022673
v -0.220062 -0.031547 0.022693
v -0.222828 0.000013 0.022735
v -0.221445 -0.015767 0.022714
v 0.218231 0.192099 -0.071526
v 0.221045 0.187102 -0.069296
v 0.216934 0.191780 -0.069064
v 0.226452 0.182744 -0.071989
v 0.229266 0.177747 -0.069758
v 0.225155 0.182425 -0.069527
v 0.226673 0.177108 -0.064835
v 0.222563 0.181786 -0.064604
v 0.223859 0.182105 -0.067066
v 0.155310 -0.132786 0.017151
v 0.155014 -0.131986 0.018708
v 0.143226 -0.130902 0.019402
v 0.178886 -0.134955 0.015763
v 0.178590 -0.134156 0.017320
v 0.166802 -0.133071 0.018014
v 0.154422 -0.130388 0.021821
v 0.142634 -0.129303 0.022515
v 0.154718 -0.131187 0.020264
v 0.041459 0.172576 -0.058598
v 0.041149 0.174110 -0.058585
v 0.042080 0.169509 -0.058623
v 0.041770 0.171043 -0.058611
v 0.028110 0.172587 -0.053052
v 0.027800 0.174120 -0.053040
v 0.034785 0.172582 -0.055825
v 0.526720 -0.229786 0.000157
v 0.527210 -0.231537 -0.001407
v 0.513131 -0.239170 0.000998
v 0.554877 -0.214521 -0.004654
v 0.555367 -0.216272 -0.006218
v 0.541288 -0.223905 -0.003812
v 0.528189 -0.235039 -0.004535
v 0.514110 -0.242672 -0.002130
v 0.527699 -0.233288 -0.002971
v 0.635263 0.014228 -0.003732
v 0.623700 0.023349 -0.002870
v 0.629482 0.018789 -0.003301
v 0.631259 0.021026 -0.007994
v 0.633261 0.017627 -0.005863
v -0.184018 0.114173 0.044454
v -0.170511 0.127041 0.043598
v -0.172899 0.106031 0.047817
v -0.164952 0.122970 0.045280
v -0.157005 0.139908 0.042742
v -0.242505 0.010146 0.093194
v -0.224493 0.018345 0.093008
v -0.260516 0.001947 0.093381
v -0.224555 0.001787 0.095418
v -0.242536 0.001867 0.094400
v -0.132328 -0.015220 -0.075405
v -0.112335 0.068349 -0.076912
v 0.155330 0.135487 0.016112
v 0.155034 0.134706 0.017674
v 0.143246 0.133623 0.018376
v 0.178906 0.137654 0.014707
v 0.178609 0.136873 0.016269
v 0.166822 0.135789 0.016972
v 0.154442 0.133144 0.020799
v 0.142654 0.132061 0.021501
v 0.154738 0.133925 0.019236
v 0.068296 0.163184 0.027326
v 0.072818 0.165680 0.027049
v 0.075791 0.163029 0.026883
v 0.076565 0.165602 0.026827
v 0.077340 0.168175 0.026771
v -0.133035 0.016534 -0.075486
v -0.133742 0.048288 -0.075567
v -0.123038 0.058318 -0.076239
v -0.219736 0.049336 0.043283
v -0.222132 0.049372 0.041883
v -0.218345 0.065744 0.043137
v -0.227310 0.016592 0.040775
v -0.229706 0.016628 0.039374
v -0.225919 0.033000 0.040629
v -0.226924 0.049444 0.039083
v -0.223137 0.065816 0.040337
v -0.224528 0.049408 0.040483
v 0.578757 -0.193361 -0.007692
v 0.598358 -0.166308 -0.008957
v 0.161287 -0.101103 -0.079748
v 0.167937 -0.116825 -0.073713
v 0.155404 -0.115992 -0.072974
v 0.253889 0.200620 0.010023
v 0.241257 0.206041 0.010749
v 0.230998 -0.182204 0.017486
v 0.229499 -0.182098 0.016032
v 0.221267 -0.192823 0.015019
v 0.219769 -0.192717 0.013566
v 0.224634 -0.187408 0.014799
v 0.226502 -0.181886 0.013125
v 0.228001 -0.181992 0.014579
v -0.212025 -0.076620 -0.000072
v -0.219954 -0.063873 -0.022116
v -0.196169 -0.102112 0.044015
v -0.204097 -0.089366 0.021972
v -0.209362 -0.075847 0.044695
v -0.217290 -0.063101 0.022651
v -0.210694 -0.076233 0.022311
v 0.471668 -0.231866 0.006686
v 0.486782 -0.228862 0.005779
v 0.476034 -0.217303 0.008089
v -0.078336 -0.093230 0.050350
v -0.080524 -0.111037 0.048760
v -0.106265 -0.120166 0.048530
v -0.094489 -0.124505 0.047850
v -0.082713 -0.128844 0.047169
v 0.434505 0.253984 -0.000880
v 0.403117 0.247861 0.001002
v 0.066335 -0.177636 0.025678
v 0.066508 -0.175950 0.027203
v 0.065989 -0.181008 0.022628
v 0.066162 -0.179322 0.024153
v 0.055996 -0.175330 0.023197
v 0.056169 -0.173644 0.024723
v 0.061166 -0.176483 0.024438
v 0.243945 -0.199550 0.016786
v 0.243039 -0.200819 0.015303
v 0.237629 -0.202251 0.017171
v 0.254765 -0.196687 0.013051
v 0.253859 -0.197956 0.011568
v 0.248449 -0.199388 0.013435
v 0.241226 -0.203357 0.012337
v 0.235816 -0.204789 0.014205
v 0.242133 -0.202088 0.013820
v -0.291254 -0.026053 0.019897
v -0.285323 -0.031776 0.019803
v -0.289510 -0.031763 0.023129
v -0.084862 0.149627 0.044429
v -0.082682 0.131833 0.046158
v -0.108427 0.140963 0.045859
v -0.094464 0.127501 0.046873
v -0.080501 0.114038 0.047887
v -0.220057 0.032665 0.022445
v -0.222780 0.015947 0.000207
v -0.221442 0.016339 0.022590
v 0.085900 0.143815 0.020285
v 0.088899 0.141153 0.021660
v 0.085950 0.142593 0.021735
v 0.091799 0.140936 0.020135
v 0.091849 0.139714 0.021585
v 0.091949 0.137269 0.024484
v 0.091899 0.138492 0.023034
v -0.278623 -0.026096 0.009279
v -0.271845 -0.031830 0.006299
v -0.275225 -0.031813 0.010654
v -0.155573 -0.107592 0.049613
v -0.139937 -0.093108 0.050419
v -0.132010 -0.124953 0.048284
v -0.116374 -0.110470 0.049091
v -0.128155 -0.101789 0.049755
v -0.108665 -0.064141 0.052033
v -0.124301 -0.078624 0.051226
v -0.233446 0.025133 -0.033867
v -0.221199 0.035405 -0.011762
v -0.227323 0.030269 -0.022814
v -0.218139 0.027314 -0.034781
v -0.225793 0.026224 -0.034324
v -0.300007 0.022236 0.026567
v -0.297164 0.016123 0.019848
v -0.302850 0.028348 0.033285
v -0.293688 0.027603 0.026225
v -0.298269 0.027976 0.029755
v -0.156454 0.160119 -0.042074
v -0.170548 0.147210 -0.041190
v -0.157739 0.161691 -0.039627
v -0.182072 0.131157 -0.045200
v -0.196165 0.118248 -0.044316
v -0.183357 0.132729 -0.042753
v -0.198735 0.121393 -0.039420
v -0.185926 0.135874 -0.037857
v -0.184641 0.134302 -0.040305
v 0.467792 -0.248180 0.003718
v 0.467284 -0.249449 0.002211
v 0.451682 -0.250701 0.004682
v 0.498997 -0.245675 -0.001223
v 0.498490 -0.246944 -0.002730
v 0.482887 -0.248196 -0.000259
v 0.466270 -0.251986 -0.000802
v 0.450667 -0.253239 0.001668
v 0.466777 -0.250717 0.000704
v 0.102611 -0.104433 -0.076266
v 0.113876 -0.117654 -0.070515
v 0.102029 -0.118479 -0.069816
v -0.235547 -0.028630 -0.034382
v -0.258073 -0.034075 -0.011852
v -0.246810 -0.031352 -0.023117
v -0.250841 -0.027062 -0.033482
v -0.243194 -0.027846 -0.033932
v 0.199628 -0.140736 0.014557
v 0.200071 -0.139678 0.016069
v 0.191116 -0.134982 0.016581
v 0.217538 -0.150129 0.013533
v 0.217981 -0.149072 0.015045
v 0.209026 -0.144375 0.015557
v 0.200957 -0.137563 0.019093
v 0.192002 -0.132867 0.019605
v 0.200514 -0.138621 0.017581
v 0.077321 -0.165343 0.028064
v 0.075785 -0.160208 0.028135
v 0.076553 -0.162775 0.028099
v 0.068278 -0.160347 0.028580
v 0.072799 -0.162845 0.028322
v -0.216549 -0.075986 0.040496
v -0.209959 -0.089124 0.040156
v -0.218951 -0.076038 0.039096
v -0.198564 -0.102158 0.042615
v -0.191974 -0.115296 0.042276
v -0.200966 -0.102210 0.041216
v -0.196777 -0.115400 0.039477
v -0.205770 -0.102314 0.038417
v -0.203368 -0.102262 0.039817
v -0.198567 0.105146 0.041813
v -0.200962 0.105182 0.040413
v -0.191974 0.118280 0.041372
v -0.216544 0.078950 0.039896
v -0.218940 0.078986 0.038495
v -0.209951 0.092084 0.039454
v -0.205754 0.105254 0.037613
v -0.196765 0.118352 0.038572
v -0.203358 0.105218 0.039013
v 0.303876 0.198405 -0.069490
v 0.296264 0.196745 -0.069032
v 0.303742 0.200106 -0.067105
v 0.288921 0.191682 -0.073345
v 0.281309 0.190021 -0.072888
v 0.288787 0.193383 -0.070960
v 0.281039 0.193424 -0.068118
v 0.288517 0.196786 -0.066190
v 0.288652 0.195084 -0.068575
v -0.029915 -0.182845 -0.010445
v -0.043703 -0.185783 -0.032081
v -0.031252 -0.183231 -0.032828
v 0.001080 -0.173724 -0.034780
v 0.011020 -0.170249 -0.035382
v 0.528225 0.237536 -0.006367
v 0.527735 0.235797 -0.004790
v 0.514148 0.245184 -0.004021
v 0.555400 0.218763 -0.007904
v 0.554910 0.217025 -0.006326
v 0.541323 0.226411 -0.005558
v 0.526756 0.232320 -0.001634
v 0.527245 0.234059 -0.003212
v 0.325099 -0.200709 0.011985
v 0.323999 -0.201901 0.010513
v 0.317827 -0.195290 0.012394
v 0.337443 -0.213931 0.008221
v 0.336343 -0.215124 0.006749
v 0.330171 -0.208512 0.008631
v 0.321800 -0.204286 0.007569
v 0.315628 -0.197675 0.009450
v 0.322899 -0.203094 0.009041
v 0.232096 -0.201539 0.015954
v 0.233002 -0.200270 0.017437
v 0.230283 -0.204076 0.012988
v 0.231189 -0.202807 0.014471
v 0.221029 -0.200114 0.013520
v 0.221935 -0.198845 0.015003
v 0.226562 -0.200826 0.014737
v 0.072641 0.110670 -0.075325
v 0.075352 0.125575 -0.069175
v 0.079205 0.123095 -0.069399
v 0.054700 -0.170485 -0.037968
v 0.056037 -0.170093 -0.015585
v 0.050378 -0.167887 -0.037722
v 0.066018 -0.174897 0.006306
v 0.061697 -0.172299 0.006552
v 0.053053 -0.167103 0.007044
v 0.057375 -0.169701 0.006798
v 0.054057 -0.117748 -0.073339
v 0.069903 -0.126788 -0.067881
v 0.066050 -0.129265 -0.067637
v -0.190614 -0.098028 0.045665
v -0.185060 -0.093945 0.047316
v -0.197211 -0.084896 0.046005
v -0.190611 0.101039 0.044895
v -0.197204 0.087905 0.045336
v -0.185051 0.096968 0.046577
v 0.075785 -0.155596 0.028117
v 0.075785 -0.150985 0.028099
v 0.072032 -0.155666 0.028340
v 0.316279 0.140573 0.017212
v 0.302521 0.136345 0.019044
v 0.308783 0.128328 0.021187
v 0.074837 0.182956 0.020694
v 0.075010 0.181288 0.022232
v 0.082484 0.175634 0.020270
v 0.082656 0.173965 0.021808
v 0.078833 0.177627 0.022020
v 0.075356 0.177951 0.025309
v 0.075183 0.179620 0.023771
v 0.239053 -0.178411 0.018536
v 0.237834 -0.172172 0.018584
v 0.234643 -0.170655 0.018767
v 0.245434 -0.181445 0.018170
v 0.244214 -0.175205 0.018218
v 0.241024 -0.173689 0.018401
v 0.235394 -0.159693 0.018680
v 0.232204 -0.158176 0.018863
v 0.236614 -0.165932 0.018632
v 0.065594 0.173172 0.027448
v 0.056949 0.167970 0.027980
v 0.061271 0.170571 0.027714
v 0.062015 0.164831 0.027692
v 0.063804 0.169002 0.027570
v 0.077208 -0.172867 -0.016828
v 0.069079 -0.176998 -0.061258
v 0.073143 -0.174932 -0.039043
v 0.074533 -0.173651 -0.061594
v 0.075870 -0.173259 -0.039211
v 0.504966 0.153921 0.010547
v 0.473627 0.169757 0.012342
v 0.489297 0.161839 0.011445
v 0.481562 0.121657 0.016402
v 0.493264 0.137789 0.013475
v 0.233375 -0.187281 0.018907
v 0.227346 -0.190198 0.019275
v 0.239404 -0.184363 0.018538
v 0.233024 -0.181329 0.018904
v 0.236214 -0.182846 0.018721
v 0.075790 0.149194 0.026937
v 0.070327 0.147502 0.028497
v 0.068296 0.158572 0.027344
v 0.062832 0.156881 0.028904
v 0.066579 0.152192 0.028700
v 0.059399 0.144120 0.031617
v 0.064863 0.145811 0.030057
v 0.265873 -0.191062 0.015455
v 0.266257 -0.192220 0.013895
v 0.259023 -0.191782 0.015864
v 0.280340 -0.191936 0.011518
v 0.280725 -0.193094 0.009958
v 0.273491 -0.192657 0.011926
v 0.267025 -0.194535 0.010775
v 0.259791 -0.194098 0.012743
v 0.266641 -0.193377 0.012335
v 0.114116 -0.046231 0.043574
v 0.138815 -0.060059 0.039846
v 0.089417 -0.032403 0.047301
v 0.134509 -0.068071 0.034176
v 0.111963 -0.050237 0.040739
v 0.138824 0.062312 0.039371
v 0.114123 0.047601 0.043210
v 0.134520 0.070727 0.033638
v 0.111971 0.051808 0.040343
v 0.089422 0.032889 0.047048
v 0.447256 0.223681 0.008086
v 0.437926 0.209896 0.010411
v 0.451614 0.209128 0.009603
v 0.336680 0.185081 0.013066
v 0.341324 0.175151 0.012829
v 0.349760 0.183327 0.014016
v 0.072043 0.158495 0.027123
v 0.075791 0.153806 0.026919
v 0.075791 0.158417 0.026901
v -0.227313 -0.015514 0.040899
v -0.225924 -0.031294 0.040878
v -0.229708 -0.015560 0.039499
v -0.219743 -0.046981 0.043656
v -0.218354 -0.062761 0.043635
v -0.222139 -0.047027 0.042256
v -0.223146 -0.062854 0.040836
v -0.226930 -0.047120 0.039457
v -0.224535 -0.047074 0.040857
v -0.102410 -0.097002 0.050001
v -0.074481 -0.070066 0.051821
v -0.088445 -0.083534 0.050911
v -0.094700 -0.050673 0.052944
v -0.098555 -0.073837 0.051472
v -0.082859 -0.050301 0.053642
v -0.091238 -0.030536 0.055462
v -0.092969 -0.040605 0.054203
v 0.064687 -0.175289 -0.016077
v 0.059028 -0.173083 -0.038214
v 0.063355 -0.175681 -0.038461
v -0.135847 -0.133237 0.046543
v -0.147628 -0.124557 0.047207
v -0.139684 -0.141522 0.044801
v -0.292894 0.021857 0.021568
v -0.292101 0.016111 0.016912
v -0.294632 0.016117 0.018380
v 0.236915 0.187512 -0.072621
v 0.237578 0.193527 -0.072677
v 0.242604 0.190941 -0.072965
v 0.225612 0.081830 0.035392
v 0.216029 0.086222 0.032953
v 0.216352 0.081475 0.035942
v -0.257401 0.012172 -0.033245
v -0.255213 0.015608 -0.033388
v -0.260256 0.026190 -0.011955
v -0.256641 0.022617 -0.022743
v -0.253026 0.019044 -0.033531
v -0.183278 -0.128282 0.038722
v -0.168091 -0.142962 0.037874
v -0.183991 -0.130132 0.037230
v -0.151477 -0.153941 0.040010
v -0.136289 -0.168621 0.039162
v -0.152190 -0.155791 0.038518
v -0.137715 -0.172322 0.036177
v -0.153616 -0.159492 0.035533
v -0.152903 -0.157642 0.037025
v 0.293706 -0.190119 0.013803
v 0.293908 -0.191412 0.012254
v 0.286968 -0.188496 0.014196
v 0.307587 -0.195951 0.009920
v 0.307790 -0.197244 0.008371
v 0.300849 -0.194328 0.010312
v 0.294313 -0.193997 0.009157
v 0.287372 -0.191081 0.011098
v 0.294111 -0.192704 0.010705
v -0.220011 -0.047713 0.000289
v -0.222731 -0.032325 -0.022073
v -0.221342 -0.048099 -0.022094
v 0.210399 0.144231 -0.003480
v 0.220035 0.149251 -0.004070
v 0.218698 0.148864 -0.026453
v 0.242640 0.188592 0.016903
v 0.230572 0.194435 0.017595
v -0.266134 -0.005999 -0.022706
v -0.271216 -0.007215 -0.012131
v -0.271210 -0.000976 -0.012155
v 0.405606 -0.157817 -0.100365
v 0.392794 -0.211906 -0.086662
v 0.638514 -0.015476 -0.009706
v 0.633455 -0.022757 -0.020960
v 0.635985 -0.019116 -0.015333
v 0.634508 -0.022730 -0.013914
v 0.636511 -0.019103 -0.011810
v -0.304660 -0.025637 0.031430
v -0.308719 -0.019912 0.030536
v -0.300601 -0.031362 0.032323
v -0.309775 -0.030617 0.039385
v -0.305188 -0.030990 0.035854
v 0.302500 -0.133626 0.020090
v 0.316258 -0.137869 0.018291
v 0.308764 -0.125593 0.022172
v 0.043807 0.175411 0.022562
v 0.037300 0.173704 0.024495
v 0.044519 0.173566 0.024068
v 0.029368 0.175686 0.023416
v 0.030080 0.173841 0.024923
v 0.031505 0.170152 0.027936
v 0.030793 0.171996 0.026429
v -0.128146 0.104810 0.048956
v -0.139928 0.096142 0.049687
v -0.124300 0.081657 0.050607
v 0.077631 -0.163491 -0.016889
v 0.077062 -0.166450 -0.039308
v 0.076294 -0.163883 -0.039272
v 0.628379 -0.093886 -0.011015
v 0.614899 -0.133149 -0.010065
v 0.051106 -0.088474 0.040165
v 0.035645 -0.089491 0.041338
v 0.052803 -0.097136 0.036567
v 0.469781 0.128728 0.017072
v 0.465813 0.152778 0.015042
v 0.458000 0.135799 0.017742
v -0.112262 0.149234 0.044053
v -0.100480 0.153566 0.043338
v -0.116098 0.157505 0.042247
v -0.263905 0.020462 -0.012035
v -0.262478 0.013453 -0.022680
v -0.267554 0.014734 -0.012115
v -0.265381 -0.022619 -0.012099
v -0.258111 -0.024840 -0.022790
v -0.261727 -0.028347 -0.011975
v 0.233410 0.190005 0.017444
v 0.236248 0.185575 0.017293
v 0.239444 0.187083 0.017098
v 0.245389 -0.019313 0.048977
v 0.218903 -0.019308 0.049722
v 0.236245 -0.037849 0.045524
v -0.279128 0.016056 0.005909
v -0.282251 0.016074 0.009013
v -0.278852 0.021807 0.010343
v 0.060299 0.158450 0.029048
v 0.057765 0.160020 0.029192
v 0.058582 0.152070 0.030404
v 0.044361 -0.167217 -0.014905
v 0.035669 -0.167331 -0.036853
v 0.043024 -0.167609 -0.037288
v 0.210191 -0.130110 0.020259
v 0.219826 -0.135142 0.019707
v 0.218302 -0.123380 0.019952
v 0.158490 -0.123057 0.023299
v 0.171017 -0.123883 0.022561
v 0.162115 -0.116783 0.023266
v 0.614931 0.135588 -0.011107
v 0.628381 0.096317 -0.011752
v 0.631890 -0.004505 0.005992
v 0.158509 0.125829 0.022334
v 0.162133 0.119555 0.022350
v 0.171035 0.126654 0.021589
v 0.051115 0.091389 0.039468
v 0.052813 0.100022 0.035803
v 0.035647 0.092417 0.040633
v 0.248849 -0.154737 0.018265
v 0.242121 -0.157215 0.018473
v 0.246531 -0.164971 0.018241
v 0.289968 0.050824 0.050486
v 0.292407 0.052674 0.067019
v 0.290458 0.055131 0.053778
v 0.293865 0.045909 0.076970
v 0.296304 0.047759 0.093503
v 0.294355 0.050216 0.080261
v 0.297285 0.056373 0.100085
v 0.295336 0.058830 0.086843
v 0.294846 0.054523 0.083552
v 0.312441 0.023636 0.113509
v 0.312628 0.017160 0.106849
v 0.312650 0.025593 0.105985
v 0.312397 0.006770 0.115237
v 0.312584 0.000294 0.108577
v 0.312606 0.008727 0.107713
v 0.313000 0.004207 0.093530
v 0.313022 0.012640 0.092666
v 0.312814 0.010684 0.100189
v 0.313203 -0.057960 0.086243
v 0.313770 -0.051766 0.066170
v 0.313064 -0.054357 0.091240
v 0.314143 -0.054506 0.052817
v 0.314475 -0.049176 0.041100
v 0.314198 -0.041970 0.051094
v 0.313728 -0.043697 0.067807
v 0.295328 -0.057955 0.087296
v 0.290450 -0.054499 0.054202
v 0.308740 0.006165 0.086271
v 0.299802 0.006167 0.086800
v 0.313420 -0.015720 0.078568
v 0.313847 -0.030818 0.063583
v 0.312396 -0.008992 0.115298
v 0.312604 -0.010619 0.107788
v 0.312583 -0.003290 0.108591
v 0.312438 -0.023650 0.113692
v 0.312646 -0.025277 0.106183
v 0.312625 -0.017948 0.106985
v 0.313020 -0.013873 0.092768
v 0.312999 -0.006544 0.093571
v 0.312812 -0.012246 0.100278
v 0.298258 0.025597 0.106837
v 0.298614 0.000298 0.109404
v 0.299352 0.023640 0.114284
v 0.296309 0.012645 0.093655
v 0.296427 0.004212 0.094511
v 0.297402 0.010688 0.101102
v 0.299589 0.006774 0.115995
v 0.299588 -0.008988 0.116056
v 0.299348 -0.023646 0.114467
v 0.314620 0.033898 0.035761
v 0.314621 0.046799 0.035699
v 0.288748 0.029648 0.042319
v 0.288748 0.036099 0.042288
v 0.288019 0.033929 0.037337
v 0.290206 0.033987 0.052221
v 0.290206 0.040438 0.052190
v 0.289477 0.038268 0.047239
v 0.288748 0.049000 0.042226
v 0.288019 0.046831 0.037276
v 0.288748 0.042549 0.042257
v 0.288743 -0.022291 0.042502
v 0.295394 -0.022293 0.042114
v 0.294664 -0.022670 0.037151
v 0.290202 -0.021536 0.052429
v 0.296853 -0.021538 0.052041
v 0.296123 -0.021915 0.047078
v 0.308695 -0.022297 0.041338
v 0.307966 -0.022675 0.036375
v 0.302044 -0.022295 0.041726
v 0.314615 -0.045254 0.036074
v 0.314476 -0.041650 0.041071
v 0.314616 -0.030202 0.036016
v 0.314477 -0.026599 0.041013
v 0.314477 -0.034125 0.041042
v 0.314199 -0.034444 0.051065
v 0.314338 -0.038047 0.046068
v 0.294359 0.010443 0.080432
v 0.292411 0.018993 0.067167
v 0.313612 -0.032577 0.071943
v 0.313825 -0.040126 0.064450
v 0.313354 -0.043645 0.081171
v 0.313376 -0.034337 0.080303
v 0.292035 0.028659 0.064645
v 0.294234 0.013665 0.079591
v 0.294594 0.041628 0.081951
v 0.292149 -0.040119 0.065734
v 0.294588 -0.043639 0.082282
v 0.313396 0.010438 0.079305
v 0.313395 0.006854 0.079318
v 0.313208 0.002580 0.086020
v 0.313770 0.018987 0.065902
v 0.313769 0.015403 0.065915
v 0.313582 0.011129 0.072617
v 0.313394 -0.000313 0.079346
v 0.313207 -0.004588 0.086047
v 0.313395 0.003271 0.079332
v 0.288011 -0.045245 0.037626
v 0.290201 -0.034437 0.052480
v 0.288742 -0.026591 0.042519
v 0.288013 -0.030194 0.037568
v 0.291426 0.042261 0.060450
v 0.292645 0.044085 0.068710
v 0.290697 0.046543 0.055468
v 0.298140 0.053528 0.105889
v 0.298869 0.039225 0.110915
v 0.296712 -0.038361 0.057118
v 0.308277 -0.038365 0.056433
v 0.309356 -0.052509 0.105635
v 0.305615 -0.052508 0.105857
v 0.308991 -0.059686 0.103177
v 0.302604 -0.038153 0.110994
v 0.298862 -0.038152 0.111215
v 0.302239 -0.045330 0.108536
v 0.298132 -0.052506 0.106300
v 0.301508 -0.059684 0.103621
v 0.301873 -0.052507 0.106078
v 0.296477 -0.040121 0.065478
v 0.297697 -0.041880 0.073752
v 0.307572 -0.043643 0.081513
v 0.308791 -0.045403 0.089787
v 0.303244 -0.043642 0.081769
v 0.300135 -0.045400 0.090299
v 0.298916 -0.043640 0.082025
v 0.289472 -0.026214 0.047482
v 0.290930 -0.034059 0.057443
v 0.290201 -0.030136 0.052463
v 0.290931 -0.025459 0.057410
v 0.290201 -0.025836 0.052446
v 0.314454 0.026401 0.041644
v 0.307804 0.026408 0.042038
v 0.307969 0.027455 0.036186
v 0.314122 0.024308 0.053348
v 0.307472 0.024316 0.053742
v 0.307638 0.025362 0.047890
v 0.294503 0.026424 0.042826
v 0.294669 0.027471 0.036974
v 0.301153 0.026416 0.042432
v 0.314472 -0.022299 0.040996
v 0.314333 -0.026221 0.046022
v 0.314182 -0.021543 0.051015
v 0.314043 -0.025466 0.056041
v 0.314188 -0.025843 0.051032
v 0.314054 -0.034066 0.056074
v 0.314193 -0.030144 0.051048
v 0.308550 -0.021919 0.046348
v 0.296708 -0.021160 0.057051
v 0.302629 -0.021540 0.051699
v 0.308261 -0.021164 0.056367
v 0.308406 -0.021541 0.051357
v 0.291311 0.026490 0.059693
v 0.290457 0.027543 0.053902
v 0.290582 0.024321 0.054742
v 0.291061 0.032934 0.058012
v 0.290332 0.030765 0.053061
v 0.288873 0.026426 0.043160
v 0.289602 0.028595 0.048110
v 0.308042 -0.040124 0.064793
v 0.302260 -0.040122 0.065135
v 0.307807 -0.041884 0.073153
v 0.312829 -0.056116 0.099600
v 0.312761 -0.048939 0.102083
v 0.312664 -0.052510 0.105439
v 0.313023 -0.048975 0.092887
v 0.312954 -0.041798 0.095370
v 0.312857 -0.045369 0.098727
v 0.312624 -0.034585 0.107050
v 0.312527 -0.038156 0.110406
v 0.312692 -0.041762 0.104567
v 0.314017 -0.010059 0.056819
v 0.313810 -0.006810 0.064328
v 0.313830 -0.017917 0.063534
v 0.313977 0.012155 0.058406
v 0.313789 0.004297 0.065122
v 0.313415 -0.011420 0.078552
v 0.313602 -0.003562 0.071837
v 0.313000 0.000623 0.093543
v 0.312792 -0.001333 0.101067
v 0.313000 -0.002960 0.093557
v 0.297649 0.049221 0.102598
v 0.296668 0.040607 0.096016
v 0.297159 0.044914 0.099307
v 0.298378 0.034918 0.107624
v 0.298014 0.042069 0.105111
v 0.298373 -0.034581 0.107893
v 0.298007 -0.041758 0.105436
v 0.296662 -0.041793 0.096335
v 0.296297 -0.048970 0.093877
v 0.297152 -0.045364 0.099656
v 0.297277 -0.056112 0.100521
v 0.297642 -0.048935 0.102978
v 0.296428 0.021965 0.094442
v 0.297403 0.028442 0.101033
v 0.302660 0.023639 0.114088
v 0.302541 0.032072 0.113232
v 0.302897 0.006773 0.115799
v 0.302778 0.015206 0.114944
v 0.309275 0.023637 0.113697
v 0.309156 0.032070 0.112841
v 0.305967 0.023638 0.113892
v 0.309271 -0.023649 0.113880
v 0.305963 -0.023648 0.114076
v 0.309151 -0.030978 0.113086
v 0.302896 -0.008989 0.115860
v 0.302776 -0.016318 0.115066
v 0.302536 -0.030976 0.113477
v 0.302656 -0.023647 0.114271
v 0.302875 -0.001660 0.116663
v 0.306064 0.006772 0.115612
v 0.309209 -0.001662 0.116288
v 0.309231 0.006771 0.115424
v 0.309253 0.015204 0.114560
v 0.309229 -0.008991 0.115485
v 0.306063 -0.008990 0.115673
v 0.309250 -0.016320 0.114683
v 0.309219 -0.038155 0.110602
v 0.305912 -0.038154 0.110798
v 0.309288 -0.045332 0.108119
v 0.296834 -0.010053 0.057836
v 0.297087 0.012160 0.059407
v 0.296960 0.001053 0.058621
v 0.308387 -0.010057 0.057152
v 0.302611 -0.010055 0.057494
v 0.296212 0.024319 0.054409
v 0.297067 0.023267 0.060200
v 0.295358 0.025372 0.048618
v 0.308327 0.023263 0.059533
v 0.301842 0.024318 0.054076
v 0.309461 -0.057959 0.086464
v 0.301978 -0.057957 0.086908
v 0.305720 -0.057958 0.086686
v 0.310402 -0.054505 0.053038
v 0.309932 -0.056232 0.069751
v 0.310410 0.055107 0.052596
v 0.301987 0.058823 0.086449
v 0.308347 0.012157 0.058740
v 0.308367 0.001050 0.057946
v 0.302717 0.012158 0.059073
v 0.297109 0.055123 0.053384
v 0.294670 0.053274 0.036851
v 0.299548 0.056973 0.069916
v 0.307971 0.053258 0.036063
v 0.303759 0.055115 0.052990
v 0.299539 -0.056229 0.070361
v 0.294661 -0.052773 0.037267
v 0.297100 -0.054501 0.053814
v 0.307963 -0.052777 0.036492
v 0.303751 -0.054503 0.053426
v -0.826906 -0.022991 -0.029791
v -0.826653 -0.002835 -0.029884
v -0.820174 -0.022984 -0.027812
v -0.839863 0.017307 -0.033935
v -0.839609 0.037464 -0.034028
v -0.833131 0.017314 -0.031956
v -0.826145 0.037478 -0.030070
v -0.819667 0.017328 -0.027998
v -0.826399 0.017321 -0.029977
v 0.039270 0.010293 0.113666
v -0.218839 0.008458 0.106642
v 0.039010 0.010031 0.112941
v -0.476426 0.007146 0.101069
v -0.734535 0.005311 0.094045
v -0.476687 0.006885 0.100343
v -0.735057 0.004789 0.092595
v -0.477208 0.006362 0.098893
v -0.476948 0.006623 0.099618
v -0.400021 -0.040071 0.057166
v -0.403945 -0.038168 0.052312
v -0.610848 -0.033052 0.045048
v -0.614771 -0.031149 0.040194
v -0.509358 -0.034659 0.046253
v -0.411793 -0.034363 0.042604
v -0.407869 -0.036266 0.047458
v 0.007349 -0.052540 0.078011
v 0.007482 -0.052559 0.073106
v 0.084282 -0.055469 0.077274
v -0.146251 -0.046721 0.069676
v -0.146118 -0.046740 0.064772
v -0.069318 -0.049650 0.068939
v 0.007749 -0.052597 0.063298
v 0.084549 -0.055507 0.067465
v 0.007615 -0.052578 0.068202
v 0.298235 -0.013316 0.122550
v 0.302524 -0.013317 0.122331
v 0.302425 -0.012518 0.122346
v 0.298433 -0.014914 0.122521
v 0.302722 -0.014915 0.122303
v 0.302623 -0.014116 0.122317
v 0.311102 -0.013319 0.121894
v 0.311003 -0.012520 0.121908
v 0.306813 -0.013318 0.122113
v -0.736105 0.021064 0.082577
v -0.478290 0.027413 0.090160
v -0.478039 0.028278 0.090730
v -0.736608 0.019332 0.081436
v -0.478794 0.025681 0.089019
v -0.478542 0.026547 0.089590
v 0.037338 0.040110 0.105325
v 0.037590 0.040976 0.105896
v -0.220476 0.033761 0.097743
v -0.743055 -0.019919 0.073448
v -0.753527 -0.019978 0.057996
v -0.743151 -0.018903 0.073409
v -0.763808 -0.022069 0.042623
v -0.774280 -0.022128 0.027171
v -0.763904 -0.021053 0.042584
v -0.774473 -0.020096 0.027092
v -0.764096 -0.019021 0.042505
v -0.764000 -0.020037 0.042544
v -0.731639 0.017485 0.014293
v -0.732147 -0.022827 0.014479
v -0.763963 0.004437 0.069572
v -0.764034 0.005069 0.069062
v -0.735389 0.005160 0.091359
v -0.821253 0.004256 0.024978
v -0.821325 0.004889 0.024467
v -0.792679 0.004979 0.046765
v -0.764177 0.006334 0.068041
v -0.735532 0.006424 0.090339
v -0.764106 0.005702 0.068552
v -0.409815 -0.009606 0.025995
v -0.409814 -0.003361 0.025971
v -0.613063 0.000302 0.025764
v -0.613062 0.006546 0.025740
v -0.511438 0.001593 0.025856
v -0.409813 0.009129 0.025923
v -0.409814 0.002884 0.025947
v -0.820453 0.005058 0.027152
v -0.791814 0.005143 0.049449
v -0.820193 0.005320 0.027877
v -0.763696 0.004704 0.070297
v -0.763435 0.004966 0.071022
v -0.762914 0.005488 0.072472
v -0.763175 0.005227 0.071747
v -0.886706 -0.043176 -0.038036
v -0.903947 -0.043171 -0.037015
v 0.315385 -0.013320 0.121664
v 0.340216 -0.012492 0.108567
v 0.340124 -0.011693 0.108593
v 0.315570 -0.014919 0.121612
v 0.340401 -0.014090 0.108515
v 0.340308 -0.013291 0.108541
v 0.389878 -0.010834 0.082373
v 0.389785 -0.010035 0.082399
v 0.365047 -0.011663 0.095470
v -0.832292 0.034896 0.040455
v -0.820438 0.034905 0.042861
v -0.832292 0.037987 0.040443
v -0.808584 0.028733 0.045290
v -0.796731 0.028741 0.047696
v -0.808584 0.031823 0.045278
v -0.796731 0.034921 0.047672
v -0.808584 0.038003 0.045254
v -0.808584 0.034913 0.045266
v 0.412010 -0.008369 0.067335
v 0.422899 -0.007925 0.063775
v 0.422030 -0.007646 0.063119
v 0.413747 -0.008927 0.068646
v 0.424636 -0.008484 0.065087
v 0.423767 -0.008204 0.064431
v 0.444676 -0.007037 0.056655
v 0.443807 -0.006758 0.055999
v 0.433787 -0.007481 0.060215
v 0.300172 -0.014183 0.116995
v 0.304147 -0.014958 0.117351
v 0.300752 -0.014957 0.117452
v 0.306963 -0.014185 0.116793
v 0.310939 -0.014959 0.117149
v 0.307543 -0.014959 0.117250
v 0.312099 -0.016507 0.118063
v 0.308703 -0.016506 0.118164
v 0.308123 -0.015732 0.117707
v 0.310796 -0.013478 0.117210
v 0.335522 -0.012667 0.104231
v 0.335085 -0.013374 0.103713
v 0.311670 -0.012065 0.118248
v 0.336396 -0.011253 0.105269
v 0.335959 -0.011960 0.104750
v 0.384974 -0.011044 0.078274
v 0.384537 -0.011751 0.077755
v 0.360248 -0.011856 0.091253
v 0.333260 0.041208 0.100249
v 0.359153 0.039439 0.090083
v 0.333899 0.042067 0.100697
v 0.383767 0.035952 0.079023
v 0.409660 0.034183 0.068857
v 0.384406 0.036811 0.079470
v 0.410937 0.035902 0.069751
v 0.385684 0.038530 0.080364
v 0.385045 0.037671 0.079917
v -0.614258 0.020280 0.035592
v -0.613859 0.015702 0.032308
v -0.715882 0.018988 0.035501
v -0.410212 0.013706 0.029207
v -0.511836 0.012415 0.029116
v -0.715085 0.009833 0.028933
v -0.613461 0.011124 0.029024
v -0.926759 0.032393 0.018735
v 0.421511 0.029183 0.065773
v 0.431516 0.029021 0.060425
v 0.420944 0.029974 0.065244
v 0.442655 0.027276 0.056135
v 0.452661 0.027113 0.050788
v 0.442089 0.028067 0.055607
v 0.451528 0.028696 0.049731
v 0.440956 0.029649 0.054550
v 0.441522 0.028858 0.055078
v -0.762820 0.006217 0.072458
v -0.791460 0.006132 0.050160
v -0.819912 0.007505 0.027834
v -0.848552 0.007420 0.005537
v -0.820006 0.006776 0.027849
v -0.848739 0.005964 0.005565
v -0.820099 0.006048 0.027863
v -0.858922 0.025296 0.032359
v -0.853994 0.028494 0.034256
v -0.858927 0.028387 0.032347
v -0.849056 0.025510 0.036176
v -0.844128 0.028708 0.038073
v -0.849061 0.028601 0.036164
v -0.844140 0.034888 0.038050
v -0.849073 0.034781 0.036141
v -0.849067 0.031691 0.036153
v 0.301495 -0.017278 0.118989
v 0.305969 -0.016888 0.119599
v 0.302241 -0.016887 0.119755
v 0.308951 -0.017280 0.118677
v 0.313425 -0.016890 0.119287
v 0.309697 -0.016889 0.119443
v 0.314916 -0.016108 0.120820
v 0.311189 -0.016107 0.120976
v 0.310443 -0.016498 0.120209
v 0.039471 -0.037208 0.106964
v -0.218280 -0.032765 0.099300
v 0.039778 -0.038181 0.107591
v -0.476646 -0.026377 0.090382
v -0.734397 -0.021934 0.082718
v -0.476338 -0.027349 0.091009
v -0.733782 -0.023879 0.083972
v -0.475723 -0.029295 0.092263
v -0.476031 -0.028322 0.091636
v 0.422472 -0.013575 0.062851
v 0.434016 -0.012746 0.060016
v 0.423325 -0.013184 0.063546
v 0.443852 -0.012699 0.055790
v 0.455396 -0.011871 0.052956
v 0.444706 -0.012308 0.056486
v 0.457103 -0.011090 0.054346
v 0.446413 -0.011528 0.057876
v 0.445559 -0.011918 0.057181
v -0.727973 -0.035612 0.017360
v -0.728003 -0.035427 0.022705
v -0.732431 -0.042799 0.019917
v -0.719116 -0.020869 0.022934
v -0.723575 -0.028055 0.025492
v -0.732493 -0.042428 0.030607
v -0.728034 -0.035242 0.028049
v 0.443539 0.009916 0.060806
v 0.432644 0.010233 0.065152
v 0.442692 0.009667 0.060227
v 0.423442 0.011048 0.070655
v 0.412547 0.011366 0.075001
v 0.422595 0.010799 0.070076
v 0.410854 0.010868 0.073843
v 0.420902 0.010302 0.068918
v 0.421749 0.010551 0.069497
v 0.306781 -0.037822 0.113152
v 0.303384 -0.037821 0.113224
v 0.306698 -0.038712 0.112449
v 0.300153 -0.036041 0.114703
v 0.296756 -0.036041 0.114774
v 0.300070 -0.036931 0.113999
v 0.296589 -0.037820 0.113367
v 0.299903 -0.038710 0.112592
v 0.299986 -0.037821 0.113295
v -0.990992 0.037248 0.048568
v -0.983209 -0.022689 0.076853
v -0.405557 -0.032575 0.082706
v -0.405218 -0.035441 0.080002
v -0.623933 -0.033600 0.071549
v -0.623594 -0.036466 0.068845
v -0.514406 -0.035953 0.074423
v -0.404539 -0.041172 0.074593
v -0.404879 -0.038306 0.077298
v -0.952293 0.039997 0.102092
v -0.929646 0.041944 0.107864
v 0.305918 -0.012228 0.121396
v 0.301629 -0.012227 0.121615
v 0.314496 -0.012230 0.120959
v 0.310207 -0.012229 0.121177
v 0.312903 -0.011649 0.119497
v 0.308614 -0.011647 0.119716
v 0.309411 -0.011938 0.120447
v -0.955508 -0.043077 -0.013781
v -0.714656 -0.034153 0.055884
v -0.719297 -0.034140 0.059296
v -0.719196 -0.034153 0.055735
v -0.714858 -0.034126 0.063005
v -0.719499 -0.034112 0.066417
v -0.719398 -0.034126 0.062856
v -0.728580 -0.034113 0.066119
v -0.728479 -0.034127 0.062559
v -0.723939 -0.034126 0.062708
v 0.424175 -0.027627 0.061468
v 0.434923 -0.026756 0.057415
v 0.425044 -0.027970 0.062330
v 0.443932 -0.025199 0.051637
v 0.454680 -0.024328 0.047584
v 0.444801 -0.025542 0.052499
v 0.456418 -0.025015 0.049308
v 0.446539 -0.026229 0.054224
v 0.445670 -0.025886 0.053362
v -0.990992 -0.042807 0.048878
v -0.985800 -0.042735 0.067579
v 0.294666 0.044710 0.111767
v 0.036846 0.038367 0.104184
v 0.036600 0.037495 0.103614
v 0.295158 0.046453 0.112908
v 0.037092 0.039238 0.104755
v -0.479040 0.024809 0.088449
v -0.220974 0.032024 0.096602
v 0.309757 0.046451 0.112373
v 0.335066 0.043811 0.101703
v 0.335649 0.044682 0.102207
v 0.308590 0.044708 0.111366
v 0.334483 0.042939 0.101200
v 0.386267 0.039402 0.080868
v 0.360375 0.041170 0.091034
v 0.422171 0.015273 0.069248
v 0.432874 0.014961 0.064931
v 0.421329 0.015617 0.068631
v 0.445262 0.013961 0.061847
v 0.455964 0.013650 0.057531
v 0.444419 0.014306 0.061231
v 0.454279 0.014339 0.056298
v 0.442734 0.014994 0.059998
v 0.443576 0.014650 0.060614
v -0.753183 0.037924 0.041143
v -0.751711 0.037818 0.028945
v -0.758976 0.037912 0.037926
v -0.738652 0.037736 0.023181
v -0.737179 0.037630 0.010983
v -0.744445 0.037724 0.019964
v -0.748765 0.037606 0.004548
v -0.756031 0.037700 0.013529
v -0.750238 0.037712 0.016747
v -0.850849 0.037386 -0.019396
v -0.859863 0.037245 0.013825
v -0.792341 0.004614 0.048000
v -0.849099 0.004968 0.004855
v -0.820720 0.004791 0.026427
v -0.849632 0.004433 0.003405
v -0.820987 0.004524 0.025702
v -0.744246 -0.017804 0.070415
v -0.754085 -0.017863 0.054931
v -0.743977 -0.017437 0.069385
v -0.764461 -0.018655 0.041507
v -0.774300 -0.018714 0.026023
v -0.764192 -0.018289 0.040477
v -0.773763 -0.017982 0.023964
v -0.763655 -0.017556 0.038418
v -0.763924 -0.017922 0.039448
v 0.414202 -0.012806 0.068493
v 0.424939 -0.012380 0.064954
v 0.425746 -0.011977 0.065658
v 0.412588 -0.013610 0.067085
v 0.424132 -0.012782 0.064250
v 0.447219 -0.011125 0.058580
v 0.435676 -0.011954 0.061415
v -0.719191 0.028307 0.055493
v -0.719292 0.028321 0.059054
v -0.714651 0.028307 0.055642
v -0.728474 0.028334 0.062317
v -0.728575 0.028348 0.065877
v -0.723934 0.028335 0.062465
v -0.719494 0.028349 0.066175
v -0.714853 0.028335 0.062763
v -0.719393 0.028335 0.062614
v -0.731978 -0.007140 0.090581
v -0.474425 -0.008685 0.098575
v -0.474524 -0.007880 0.098583
v -0.731780 -0.008750 0.090563
v -0.474227 -0.010295 0.098557
v -0.474326 -0.009490 0.098566
v 0.040682 -0.011776 0.114562
v 0.040582 -0.010971 0.114571
v -0.216872 -0.010231 0.106568
v 0.420348 0.010935 0.068508
v 0.431243 0.010617 0.064162
v 0.441031 0.011565 0.058994
v 0.451926 0.011248 0.054648
v 0.441585 0.010933 0.059405
v 0.453033 0.009983 0.055470
v 0.442138 0.010300 0.059816
v 0.411152 -0.013244 0.065980
v 0.421842 -0.012806 0.062449
v 0.409893 -0.011708 0.065177
v 0.420583 -0.011270 0.061647
v 0.421213 -0.012038 0.062048
v 0.443223 -0.011931 0.055389
v 0.432533 -0.012369 0.058919
v -0.147670 -0.027754 0.094605
v -0.147700 -0.020776 0.095751
v 0.005922 -0.014457 0.099735
v 0.005892 -0.007479 0.100881
v -0.070904 -0.014128 0.098316
v -0.147760 -0.006821 0.098043
v -0.147730 -0.013798 0.096897
v 0.336874 -0.015690 0.105028
v 0.337454 -0.016464 0.105486
v 0.335715 -0.014142 0.104114
v 0.336295 -0.014916 0.104571
v 0.386426 -0.014056 0.078958
v 0.387006 -0.014830 0.079416
v 0.361650 -0.014873 0.091993
v 0.472164 0.016685 0.051134
v 0.082593 0.055409 0.066969
v 0.082149 0.052003 0.067326
v 0.082288 0.051984 0.062415
v 0.082316 0.055447 0.076790
v 0.081871 0.052041 0.077147
v 0.082010 0.052022 0.072237
v 0.081259 0.045191 0.068041
v 0.081398 0.045172 0.063130
v 0.081704 0.048597 0.067683
v 0.084298 -0.052225 0.077531
v 0.083981 -0.049238 0.081099
v 0.083831 -0.052463 0.085746
v 0.084597 -0.045775 0.068237
v 0.084280 -0.042789 0.071804
v 0.084130 -0.046013 0.076452
v 0.083346 -0.043265 0.088234
v 0.083197 -0.046490 0.092882
v 0.083663 -0.046252 0.084667
v 0.384143 0.012846 0.083503
v 0.359711 0.013157 0.094989
v 0.383709 0.013485 0.083038
v 0.336147 0.012191 0.107406
v 0.311715 0.012501 0.118892
v 0.335713 0.012829 0.106941
v 0.310848 0.013778 0.117961
v 0.334846 0.014106 0.106010
v 0.335280 0.013467 0.106475
v -0.742402 -0.023454 0.072358
v -0.752877 -0.023513 0.056965
v -0.742759 -0.022968 0.073389
v -0.762639 -0.024543 0.039509
v -0.773114 -0.024602 0.024116
v -0.762995 -0.024057 0.040540
v -0.773827 -0.023630 0.026179
v -0.763709 -0.023085 0.042603
v -0.763352 -0.023571 0.041572
v -0.805209 -0.043145 -0.028620
v -0.774772 -0.043154 -0.030422
v -0.763506 0.009058 0.068909
v -0.792152 0.008974 0.046606
v -0.763267 0.009753 0.069363
v -0.821275 0.007499 0.023395
v -0.849921 0.007415 0.001093
v -0.821037 0.008194 0.023849
v -0.849443 0.008805 0.002000
v -0.820559 0.009584 0.024757
v -0.820798 0.008889 0.024303
v -0.787660 0.034923 0.048294
v -0.778590 0.034925 0.048910
v -0.787660 0.038013 0.048276
v -0.769520 0.028747 0.049562
v -0.760449 0.028748 0.050178
v -0.769520 0.031837 0.049544
v -0.760449 0.034928 0.050142
v -0.769520 0.038017 0.049508
v -0.769520 0.034927 0.049526
v 0.298474 0.040675 0.113582
v 0.301798 0.041465 0.112870
v 0.298033 0.041466 0.112998
v 0.306003 0.040673 0.113324
v 0.309328 0.041463 0.112612
v 0.305563 0.041464 0.112741
v 0.308447 0.043045 0.111446
v 0.304682 0.043046 0.111575
v 0.305123 0.042255 0.112158
v 0.311857 -0.041631 0.114120
v 0.307873 -0.040658 0.113611
v 0.308460 -0.041631 0.114192
v 0.310683 -0.039685 0.112958
v 0.307285 -0.039685 0.113030
v 0.300490 -0.039683 0.113173
v 0.303888 -0.039684 0.113101
v -0.726860 -0.006479 0.017217
v -0.727231 -0.016190 0.017264
v -0.731288 -0.013850 0.014429
v -0.718745 -0.011158 0.022887
v -0.723173 -0.018529 0.020099
v -0.732030 -0.033273 0.014525
v -0.727602 -0.025901 0.017312
v 0.083139 0.033571 0.092404
v 0.082657 0.035378 0.084239
v 0.082402 0.036344 0.087982
v 0.083649 0.031639 0.084919
v 0.083166 0.033446 0.076754
v 0.082912 0.034412 0.080496
v 0.081691 0.038993 0.067910
v 0.081436 0.039959 0.071652
v 0.082174 0.037185 0.076074
v 0.336093 -0.034762 0.101370
v 0.360788 -0.032864 0.088366
v 0.336571 -0.033255 0.101984
v 0.384528 -0.033978 0.074134
v 0.409223 -0.032080 0.061130
v 0.385006 -0.032472 0.074748
v 0.410179 -0.029067 0.062356
v 0.385962 -0.029459 0.075974
v 0.385484 -0.030965 0.075361
v -0.220021 0.034196 0.099262
v -0.477836 0.027847 0.091679
v 0.295607 0.046894 0.114427
v 0.037793 0.040545 0.106845
v 0.296013 0.046032 0.116325
v 0.038199 0.039683 0.108743
v 0.037996 0.040114 0.107794
v 0.297520 -0.016503 0.118632
v 0.301247 -0.016504 0.118476
v 0.297024 -0.014956 0.117608
v 0.301000 -0.015731 0.117964
v 0.304975 -0.016505 0.118320
v -0.846554 -0.043098 -0.017121
v -0.850680 -0.043033 -0.000539
v -0.851481 -0.043105 -0.019030
v -0.844953 -0.042955 0.019861
v -0.849079 -0.042890 0.036442
v -0.849880 -0.042962 0.017951
v -0.858933 -0.042904 0.032623
v -0.859734 -0.042976 0.014133
v -0.854807 -0.042969 0.016042
v -0.952299 -0.045164 0.102422
v -0.940974 -0.023382 0.105227
v -0.952298 -0.022429 0.102334
v -0.929653 -0.047070 0.108209
v -0.929651 -0.024335 0.108121
v -0.929648 0.021136 0.107945
v -0.855811 0.021246 0.015047
v -0.855614 0.020821 0.015996
v -0.895863 0.021160 -0.007969
v -0.775313 0.020568 0.062979
v -0.775115 0.020143 0.063928
v -0.815364 0.020482 0.039962
v -0.855219 0.019970 0.017895
v -0.895468 0.020309 -0.006071
v -0.855416 0.020396 0.016946
v 0.335465 -0.037781 0.099930
v 0.360127 -0.036500 0.086965
v 0.334758 -0.037431 0.099412
v 0.386205 -0.035919 0.075037
v 0.410867 -0.034638 0.062072
v 0.385497 -0.035569 0.074519
v 0.409452 -0.033937 0.061035
v 0.384082 -0.034868 0.073481
v 0.384790 -0.035218 0.074000
v -0.218317 0.008987 0.108092
v -0.476165 0.007413 0.101793
v 0.297379 0.012133 0.120690
v 0.039531 0.010560 0.114391
v 0.297901 0.012668 0.122139
v 0.040053 0.011094 0.115841
v 0.039792 0.010827 0.115116
v 0.471326 -0.043851 0.037199
v 0.471537 -0.035225 0.040708
v 0.422007 -0.040748 0.053144
v 0.570387 -0.032804 0.012328
v 0.570597 -0.024178 0.015836
v 0.422428 -0.023496 0.060161
v 0.038796 0.011946 0.111410
v -0.219313 0.010106 0.104386
v 0.038725 0.012578 0.110900
v -0.477280 0.007000 0.098383
v -0.477351 0.007633 0.097873
v -0.477494 0.008897 0.096852
v -0.477422 0.008265 0.097362
v -0.727514 0.029783 0.033110
v -0.718861 0.013352 0.022787
v -0.731689 0.037880 0.030248
v -0.718962 0.013431 0.028136
v -0.727211 0.029545 0.017062
v -0.731487 0.037721 0.019550
v -0.727312 0.029624 0.022412
v -0.921489 -0.043151 -0.032415
v -0.939331 -0.043119 -0.024238
v -0.786804 -0.032295 0.050369
v -0.777603 -0.032258 0.051007
v -0.786933 -0.028800 0.050357
v -0.768144 -0.039212 0.051668
v -0.758943 -0.039175 0.052306
v -0.768273 -0.035716 0.051657
v -0.759201 -0.032184 0.052283
v -0.768531 -0.028726 0.051633
v -0.768402 -0.032221 0.051645
v 0.338041 -0.040168 0.102588
v 0.362823 -0.038264 0.089561
v 0.337227 -0.040700 0.101673
v 0.389232 -0.035296 0.078363
v 0.414015 -0.033392 0.065335
v 0.388419 -0.035828 0.077448
v 0.412388 -0.034456 0.063505
v 0.386792 -0.036892 0.075618
v 0.387605 -0.036360 0.076533
v -0.859314 0.037375 0.032336
v -0.854807 0.037446 0.015725
v -0.849202 0.037777 0.036137
v -0.844694 0.037848 0.019527
v -0.849751 0.037647 0.017626
v -0.845792 0.037587 -0.017495
v -0.850300 0.037516 -0.000885
v -0.787660 0.025653 0.048330
v -0.787660 0.028743 0.048318
v -0.769520 0.025657 0.049574
v -0.778590 0.028745 0.048940
v -0.787660 0.031833 0.048306
v -0.731776 -0.013116 0.014432
v -0.731268 0.027196 0.014246
v -0.731522 0.007040 0.014339
v -0.731034 0.006306 0.014336
v -0.731405 -0.003405 0.014384
v 0.297817 0.043838 0.111113
v 0.301797 0.044709 0.111533
v 0.298400 0.044709 0.111616
v 0.304610 0.043837 0.110946
v 0.305193 0.044708 0.111450
v 0.306360 0.046451 0.112456
v 0.305777 0.045580 0.111953
v 0.038938 0.010670 0.112431
v 0.297047 0.012504 0.119454
v -0.219171 0.008835 0.105407
v 0.296905 0.013781 0.118434
v 0.038867 0.011308 0.111920
v -0.732929 -0.007295 0.085559
v -0.475497 -0.008840 0.093583
v -0.475519 -0.009547 0.093022
v -0.732886 -0.005881 0.086681
v -0.475454 -0.007426 0.094705
v -0.475476 -0.008133 0.094144
v 0.039366 -0.011930 0.109632
v 0.039344 -0.012637 0.109072
v -0.218066 -0.010385 0.101608
v -0.777346 -0.039255 0.051019
v -0.768015 -0.042713 0.051668
v -0.796006 -0.032338 0.049719
v -0.786676 -0.035796 0.050369
v -0.795749 -0.039341 0.049719
v -0.786419 -0.042799 0.050369
v -0.786547 -0.039298 0.050369
v -0.751323 -0.010021 0.069927
v -0.751444 -0.010412 0.069070
v -0.731802 -0.009946 0.089698
v -0.790607 -0.010953 0.028671
v -0.790728 -0.011345 0.027815
v -0.771086 -0.010878 0.048443
v -0.751687 -0.011194 0.067358
v -0.732045 -0.010728 0.087985
v -0.751566 -0.010803 0.068214
v -0.870402 -0.043176 -0.037812
v -0.866846 -0.043109 -0.020497
v -0.874529 -0.043112 -0.021231
v -0.855037 -0.043172 -0.036345
v -0.859164 -0.043107 -0.019764
v -0.867416 -0.042978 0.013399
v -0.863290 -0.043043 -0.003182
v 0.340114 0.014768 0.110292
v 0.364639 0.014439 0.098683
v 0.340212 0.015491 0.110254
v 0.388967 0.012666 0.087150
v 0.413491 0.012337 0.075541
v 0.389065 0.013388 0.087112
v 0.413687 0.013782 0.075465
v 0.389261 0.014833 0.087036
v 0.389163 0.014111 0.087074
v -0.735342 0.017533 0.087024
v -0.477528 0.023876 0.094601
v -0.477621 0.022977 0.094627
v -0.735156 0.019330 0.086971
v -0.477343 0.025673 0.094548
v -0.477435 0.024774 0.094574
v 0.038099 0.036562 0.109755
v 0.038006 0.035663 0.109782
v -0.219714 0.030219 0.102178
v 0.419506 0.032365 0.063608
v 0.430525 0.032276 0.059271
v 0.420040 0.033236 0.064073
v 0.440476 0.030446 0.054004
v 0.451495 0.030358 0.049668
v 0.441010 0.031317 0.054470
v 0.452563 0.032100 0.050599
v 0.442078 0.033060 0.055400
v 0.441544 0.032188 0.054935
v -0.735261 0.020654 0.085995
v -0.477441 0.026997 0.093578
v -0.477244 0.026572 0.094527
v -0.735656 0.021504 0.084096
v -0.477638 0.027422 0.092628
v 0.038396 0.039258 0.109692
v -0.219621 0.033340 0.101160
v -0.732908 0.028645 0.055828
v -0.728335 0.028532 0.055716
v -0.728266 0.028631 0.052416
v -0.733046 0.028447 0.062428
v -0.728405 0.028433 0.059016
v -0.719122 0.028406 0.052193
v -0.723763 0.028420 0.055605
v -0.804702 -0.002833 -0.028807
v -0.804195 0.037480 -0.028993
v -0.804448 0.017324 -0.028900
v 0.040393 -0.033189 0.111884
v -0.217264 -0.028746 0.104203
v 0.040294 -0.032173 0.111904
v -0.474725 -0.026336 0.096483
v -0.732382 -0.021893 0.088802
v -0.474823 -0.025319 0.096502
v -0.732580 -0.019860 0.088841
v -0.475021 -0.023287 0.096542
v -0.474922 -0.024303 0.096522
v -0.728004 0.030935 0.048184
v -0.732576 0.031048 0.048295
v -0.718860 0.030710 0.047960
v -0.723432 0.030822 0.048072
v -0.727480 0.035543 0.039719
v -0.732052 0.035656 0.039830
v -0.727742 0.033239 0.043951
v 0.038845 -0.033377 0.105715
v -0.218958 -0.028940 0.098072
v 0.038703 -0.034272 0.105020
v -0.476477 -0.022711 0.091817
v -0.734280 -0.018274 0.084174
v -0.476619 -0.023607 0.091123
v -0.734563 -0.020065 0.082785
v -0.476902 -0.025398 0.089734
v -0.476760 -0.024502 0.090429
v 0.338723 0.042949 0.105621
v 0.364000 0.039405 0.094922
v 0.338624 0.042051 0.105654
v 0.389474 0.037657 0.084157
v 0.414752 0.034113 0.073458
v 0.389376 0.036759 0.084190
v 0.414555 0.032316 0.073523
v 0.389179 0.034962 0.084256
v 0.389278 0.035860 0.084223
v -0.912567 -0.023147 -0.036582
v -0.912563 0.016896 -0.036737
v -0.474249 -0.011485 0.097686
v -0.474128 -0.011094 0.098543
v -0.474492 -0.012268 0.095974
v -0.474370 -0.011877 0.096830
v 0.040857 -0.014565 0.113662
v 0.040979 -0.014174 0.114519
v -0.216696 -0.013025 0.105674
v 0.414714 -0.010006 0.069276
v 0.425556 -0.009580 0.065725
v 0.425458 -0.008781 0.065751
v 0.414911 -0.011604 0.069223
v 0.425753 -0.011178 0.065672
v 0.425655 -0.010379 0.065698
v 0.447241 -0.008728 0.058623
v 0.447142 -0.007929 0.058649
v 0.436398 -0.009154 0.062174
v 0.364086 -0.010585 0.094840
v 0.339255 -0.011413 0.107937
v 0.388917 -0.009756 0.081743
v 0.387179 -0.009198 0.080431
v 0.388048 -0.009477 0.081087
v 0.300296 0.046030 0.116095
v 0.300499 0.045599 0.117044
v 0.299890 0.046892 0.114197
v 0.300093 0.046461 0.115146
v 0.308861 0.046028 0.115635
v 0.309064 0.045597 0.116584
v 0.304578 0.046029 0.115865
v -0.623777 0.003575 0.081830
v -0.623747 0.009433 0.080723
v -0.732877 0.002443 0.078644
v -0.405518 0.017556 0.085988
v -0.405487 0.023415 0.084881
v -0.514617 0.016424 0.082802
v -0.623686 0.021151 0.078508
v -0.732816 0.014160 0.076429
v -0.623717 0.015292 0.079615
v -0.411400 -0.030352 0.039287
v -0.410871 -0.024999 0.034863
v -0.613592 -0.019115 0.030243
v -0.613063 -0.013763 0.025819
v -0.511967 -0.019381 0.030341
v -0.409815 -0.014294 0.026014
v -0.410343 -0.019647 0.030438
v -0.613985 -0.023127 0.033560
v -0.715081 -0.017508 0.029038
v -0.512889 -0.028745 0.038082
v -0.715867 -0.025531 0.035672
v -0.614378 -0.027138 0.036877
v 0.386341 0.011197 0.085439
v 0.361876 0.011508 0.096963
v 0.385543 0.010930 0.084787
v 0.339007 0.012352 0.109790
v 0.314543 0.012663 0.121313
v 0.338209 0.012085 0.109138
v 0.312947 0.012129 0.120009
v 0.336613 0.011552 0.107834
v 0.337411 0.011819 0.108486
v -0.752297 -0.037141 0.052711
v -0.752426 -0.033646 0.052699
v -0.739265 -0.026083 0.053497
v -0.739394 -0.022587 0.053485
v -0.745910 -0.028116 0.053092
v -0.752685 -0.026655 0.052676
v -0.752556 -0.030150 0.052687
v 0.419465 0.013551 0.067584
v 0.430273 0.013228 0.063256
v 0.418949 0.012851 0.067224
v 0.442112 0.014306 0.059649
v 0.452920 0.013983 0.055320
v 0.441596 0.013605 0.059288
v 0.451888 0.012581 0.054598
v 0.440564 0.012204 0.058566
v 0.441080 0.012905 0.058927
v 0.040880 -0.013375 0.114533
v 0.040781 -0.012576 0.114548
v -0.216674 -0.011835 0.106545
v 0.390074 -0.012433 0.082320
v 0.390172 -0.013232 0.082294
v 0.389976 -0.011634 0.082347
v 0.340499 -0.014889 0.108489
v 0.365237 -0.013261 0.095418
v -0.720158 0.027165 0.037988
v -0.719725 0.028346 0.041312
v -0.715848 0.024748 0.042109
v -0.727912 0.034361 0.036394
v -0.723602 0.031945 0.040515
v -0.714982 0.027111 0.048757
v -0.719292 0.029528 0.044636
v 0.083626 -0.041473 0.092960
v 0.084480 -0.032573 0.091221
v 0.083732 -0.034604 0.094710
v 0.085121 -0.037411 0.085982
v 0.085974 -0.028512 0.084243
v 0.085227 -0.030543 0.087732
v 0.086186 -0.014774 0.087744
v 0.085439 -0.016805 0.091233
v 0.085333 -0.023674 0.089482
v -0.856780 0.015836 0.013719
v -0.856859 0.016621 0.013085
v -0.896832 0.015744 -0.009297
v -0.776833 0.017590 0.058484
v -0.776912 0.018374 0.057850
v -0.816885 0.017498 0.035468
v -0.857015 0.018191 0.011817
v -0.896989 0.017314 -0.010565
v -0.856937 0.017406 0.012451
v 0.006995 -0.050188 0.084644
v -0.069913 -0.047264 0.084314
v 0.007241 -0.052526 0.081848
v -0.147312 -0.039664 0.089575
v -0.147066 -0.042002 0.086779
v -0.146575 -0.046677 0.081189
v -0.146821 -0.044339 0.083984
v -0.623701 -0.018922 0.079753
v -0.623736 -0.013983 0.080819
v -0.732801 -0.018233 0.076553
v -0.405573 -0.010422 0.088283
v -0.405608 -0.005483 0.089349
v -0.514672 -0.009733 0.085084
v -0.623807 -0.004105 0.082950
v -0.732872 -0.008355 0.078685
v -0.623772 -0.009044 0.081884
v 0.364395 -0.037247 0.091459
v 0.389991 -0.034810 0.079346
v 0.313203 -0.042119 0.115684
v 0.338799 -0.039683 0.103571
v 0.314721 -0.041148 0.117650
v 0.340317 -0.038712 0.105538
v 0.339558 -0.039197 0.104555
v -0.744402 -0.020124 0.067302
v -0.753808 -0.020183 0.051863
v -0.744111 -0.021020 0.066652
v -0.763796 -0.018452 0.037724
v -0.773203 -0.018511 0.022285
v -0.763506 -0.019347 0.037074
v -0.772621 -0.020302 0.020986
v -0.762924 -0.021138 0.035775
v -0.763215 -0.020243 0.036425
v 0.005963 -0.023381 0.098272
v 0.082759 -0.016732 0.100837
v -0.147629 -0.036678 0.093142
v -0.070833 -0.030029 0.095707
v 0.006043 -0.041228 0.095347
v 0.082839 -0.034580 0.097912
v 0.006003 -0.032305 0.096810
v -0.146359 -0.046707 0.073514
v -0.069559 -0.049616 0.077681
v -0.146467 -0.046692 0.077351
v -0.791267 0.007589 0.050132
v -0.819813 0.008233 0.027820
v -0.734175 0.006301 0.094755
v -0.762721 0.006945 0.072443
v -0.733977 0.007757 0.094726
v -0.762523 0.008401 0.072414
v -0.762622 0.007673 0.072429
v 0.300832 -0.011355 0.119187
v 0.304153 -0.012063 0.118528
v 0.300395 -0.012062 0.118668
v 0.308349 -0.011357 0.118906
v 0.307912 -0.012064 0.118388
v 0.307038 -0.013478 0.117350
v 0.307475 -0.012771 0.117869
v 0.039440 -0.011223 0.110190
v 0.296851 -0.013476 0.117654
v -0.475380 -0.006719 0.095263
v -0.217970 -0.008971 0.102727
v 0.039589 -0.009809 0.111306
v 0.296999 -0.012061 0.118769
v 0.039515 -0.010516 0.110748
v -0.475518 -0.028803 0.093332
v -0.217768 -0.033246 0.100996
v 0.040393 -0.036706 0.110798
v 0.298143 -0.041149 0.118462
v 0.040188 -0.037198 0.109729
v 0.297734 -0.042132 0.116324
v 0.039983 -0.037689 0.108660
v -0.978313 -0.023067 0.082502
v -0.968518 -0.043833 0.093879
v -0.973418 -0.023445 0.088152
v -0.978318 -0.003058 0.082425
v -0.866281 -0.035831 0.041471
v 0.414032 0.035449 0.072618
v 0.424458 0.034513 0.067820
v 0.425277 0.034075 0.068627
v 0.412395 0.036324 0.071005
v 0.422821 0.035388 0.066207
v 0.423640 0.034951 0.067013
v 0.445311 0.032641 0.058224
v 0.446130 0.032204 0.059030
v 0.434885 0.033577 0.063022
v -0.739136 -0.029578 0.053509
v -0.732620 -0.024049 0.053901
v -0.752168 -0.040637 0.052723
v -0.745652 -0.035107 0.053116
v -0.738878 -0.036569 0.053532
v -0.732362 -0.031040 0.053925
v -0.739007 -0.033074 0.053520
v 0.308395 -0.035519 0.116138
v 0.304635 -0.035518 0.116260
v 0.308116 -0.035153 0.115111
v 0.301433 -0.036250 0.118436
v 0.297674 -0.036249 0.118558
v 0.301155 -0.035884 0.117409
v 0.297117 -0.035517 0.116505
v 0.300598 -0.035152 0.115356
v 0.300876 -0.035518 0.116382
v 0.441379 -0.027600 0.048985
v 0.430661 -0.029093 0.053033
v 0.440901 -0.029106 0.048371
v 0.420898 -0.027574 0.058308
v 0.420420 -0.029080 0.057694
v 0.419464 -0.032093 0.056468
v 0.419942 -0.030586 0.057081
v 0.424989 0.030475 0.068752
v 0.434682 0.029202 0.063192
v 0.424150 0.030143 0.067997
v 0.446053 0.028592 0.059143
v 0.455746 0.027318 0.053583
v 0.445214 0.028260 0.058388
v 0.454067 0.026654 0.052072
v 0.443535 0.027596 0.056877
v 0.444374 0.027928 0.057632
v 0.082225 0.041577 0.084370
v 0.082708 0.039769 0.092535
v 0.081742 0.043384 0.076206
v 0.082354 0.050234 0.085312
v 0.082048 0.046809 0.080759
v 0.040263 0.014328 0.115004
v -0.217846 0.012493 0.107986
v 0.040449 0.013990 0.115765
v -0.476327 0.011334 0.099445
v -0.734436 0.009500 0.092427
v -0.476141 0.010996 0.100207
v -0.734064 0.008824 0.093950
v -0.475769 0.010320 0.101729
v -0.475955 0.010658 0.100968
v 0.305728 -0.036245 0.118223
v 0.302247 -0.036611 0.119372
v 0.312690 -0.035514 0.115924
v 0.309209 -0.035880 0.117073
v 0.314319 -0.036236 0.117796
v 0.310838 -0.036601 0.118945
v 0.310024 -0.036240 0.118009
v 0.431686 -0.026680 0.054246
v 0.421446 -0.026667 0.058907
v 0.452168 -0.026706 0.044923
v 0.441927 -0.026693 0.049584
v 0.453263 -0.024892 0.046122
v 0.443023 -0.024879 0.050784
v 0.442475 -0.025786 0.050184
v 0.472162 -0.013553 0.051251
v 0.422638 -0.006257 0.063637
v 0.571210 -0.010919 0.026413
v 0.422639 0.010968 0.063570
v -0.475868 0.009598 0.101749
v -0.217759 0.011433 0.108767
v 0.040152 0.011822 0.115826
v 0.298261 0.013657 0.122844
v 0.040251 0.012545 0.115806
v 0.298459 0.015102 0.122804
v 0.040350 0.013268 0.115785
v 0.039738 -0.031440 0.109850
v 0.039460 -0.031074 0.108824
v 0.040016 -0.031806 0.110877
v -0.475299 -0.022921 0.095515
v -0.217641 -0.027363 0.103196
v -0.726859 -0.001791 0.017199
v -0.727094 0.019100 0.017108
v -0.718744 0.002907 0.022832
v 0.039786 -0.010099 0.112143
v 0.040051 -0.010390 0.112952
v 0.297339 -0.011645 0.120136
v -0.474790 -0.007590 0.097774
v -0.217236 -0.009135 0.105768
v 0.297870 -0.012226 0.121755
v 0.040317 -0.010681 0.113761
v 0.361776 0.041604 0.092344
v 0.336467 0.044244 0.103013
v 0.387086 0.038964 0.081674
v 0.388722 0.038089 0.083288
v 0.387904 0.038527 0.082481
v -0.878851 -0.056689 0.092185
v -0.870696 -0.061188 0.077466
v 0.335061 0.038038 0.102544
v 0.359874 0.036201 0.091348
v 0.334581 0.038835 0.101999
v 0.385646 0.032770 0.081242
v 0.410459 0.030933 0.070046
v 0.385166 0.033567 0.080697
v 0.409500 0.032527 0.068955
v 0.384208 0.035161 0.079606
v 0.384687 0.034364 0.080151
v 0.335468 0.014794 0.106359
v 0.359899 0.014484 0.094873
v 0.385573 0.015550 0.084085
v 0.410005 0.015240 0.072599
v 0.384952 0.014862 0.083736
v 0.408762 0.013863 0.071901
v 0.384331 0.014173 0.083387
v -0.218285 -0.026631 0.101171
v 0.039095 -0.030708 0.107826
v -0.733043 -0.018477 0.087863
v -0.475664 -0.022554 0.094517
v -0.733773 -0.017745 0.085867
v -0.476394 -0.021821 0.092521
v -0.476029 -0.022188 0.093519
v -0.411343 0.033198 0.045671
v -0.613481 0.029928 0.049944
v -0.609563 0.031145 0.054786
v -0.399589 0.036849 0.060197
v 0.302017 -0.042134 0.116099
v 0.305746 -0.042129 0.115961
v 0.301258 -0.042619 0.115116
v 0.310992 -0.041153 0.117789
v 0.310233 -0.041638 0.116806
v 0.308716 -0.042609 0.114839
v 0.309475 -0.042124 0.115823
v 0.430223 0.011889 0.063323
v 0.409541 0.011258 0.072836
v 0.419882 0.011573 0.068080
v 0.408608 0.012535 0.071980
v 0.419415 0.012212 0.067652
v 0.360441 -0.013331 0.091135
v 0.385167 -0.012519 0.078156
v 0.385796 -0.013288 0.078557
v 0.340184 -0.037707 0.105571
v 0.365021 -0.035756 0.092475
v 0.389592 -0.031796 0.079446
v 0.414429 -0.029845 0.066350
v 0.389725 -0.032801 0.079413
v 0.414695 -0.031855 0.066283
v 0.389858 -0.033806 0.079379
v 0.307091 0.013779 0.118113
v 0.303695 0.013780 0.118220
v 0.307020 0.014417 0.117603
v 0.300443 0.012504 0.119347
v 0.300371 0.013142 0.118837
v 0.300229 0.014418 0.117817
v 0.300300 0.013780 0.118327
v 0.302753 0.015101 0.122579
v 0.307036 0.015100 0.122349
v 0.302840 0.015824 0.122553
v 0.311145 0.013653 0.122170
v 0.315427 0.013652 0.121940
v 0.311232 0.014376 0.122144
v 0.315601 0.015097 0.121888
v 0.311405 0.015821 0.122093
v 0.311319 0.015099 0.122118
v 0.333701 0.040417 0.100833
v 0.334141 0.039626 0.101416
v 0.358954 0.037789 0.090219
v -0.728457 -0.039068 0.036711
v -0.728385 -0.037141 0.041207
v -0.732451 -0.040316 0.040448
v -0.720326 -0.032717 0.038230
v -0.720254 -0.030791 0.042726
v -0.724319 -0.033966 0.041967
v -0.728240 -0.033287 0.050200
v -0.732305 -0.036462 0.049441
v -0.728312 -0.035214 0.045704
v 0.084698 -0.052282 0.062818
v 0.084565 -0.052263 0.067722
v 0.084731 -0.045794 0.063332
v 0.084581 -0.049019 0.067979
v 0.084431 -0.052244 0.072627
v 0.364802 -0.033735 0.092533
v 0.389506 -0.030780 0.079471
v 0.315393 -0.039646 0.118658
v 0.340097 -0.036691 0.105596
v 0.315220 -0.037613 0.118707
v 0.339924 -0.034657 0.105645
v 0.340011 -0.035674 0.105620
v -0.776755 0.016799 0.059118
v -0.736781 0.017676 0.081500
v -0.856702 0.015046 0.014353
v -0.816728 0.015922 0.036736
v -0.776598 0.015218 0.060386
v -0.736624 0.016095 0.082768
v -0.776676 0.016008 0.059752
v -0.722802 -0.004130 0.020033
v -0.714687 0.000567 0.025667
v -0.718744 -0.001781 0.022850
v -0.714687 -0.008809 0.025703
v -0.718745 -0.006470 0.022868
v -0.147888 0.046077 0.069267
v -0.071061 0.049187 0.068501
v -0.147749 0.046058 0.064356
v 0.005488 0.052336 0.077556
v 0.005627 0.052317 0.072646
v 0.005905 0.052279 0.062824
v 0.005766 0.052298 0.067735
v 0.442638 -0.031990 0.049993
v 0.432048 -0.032873 0.054019
v 0.443346 -0.032341 0.050512
v 0.420043 -0.033054 0.057009
v 0.420750 -0.033405 0.057527
v 0.422165 -0.034106 0.058564
v 0.421458 -0.033755 0.058046
v 0.038959 -0.035251 0.105668
v 0.296762 -0.039688 0.113311
v -0.218843 -0.030814 0.098025
v 0.297273 -0.041646 0.114607
v 0.039215 -0.036230 0.106316
v -0.753546 0.035700 0.050725
v -0.746382 0.035685 0.047094
v -0.753284 0.038004 0.046493
v -0.739741 0.031062 0.051927
v -0.739479 0.033366 0.047694
v -0.738955 0.037974 0.039229
v -0.739217 0.035670 0.043462
v -0.909479 -0.049627 0.108213
v 0.570801 -0.019758 0.019362
v 0.571005 -0.015339 0.022887
v 0.521481 -0.016655 0.035306
v 0.312595 0.046027 0.115484
v 0.337971 0.043381 0.104752
v 0.311092 0.046890 0.113746
v 0.337219 0.043813 0.103883
v 0.363347 0.040735 0.094020
v -0.478961 0.024019 0.089083
v -0.478804 0.022438 0.090351
v -0.478883 0.023228 0.089717
v 0.036678 0.036705 0.104248
v -0.221141 0.030362 0.096665
v -0.753547 0.032615 0.050731
v -0.746644 0.030297 0.051332
v -0.739743 0.021810 0.051945
v -0.732840 0.019491 0.052546
v -0.739742 0.024894 0.051939
v -0.732839 0.025659 0.052534
v -0.739742 0.027978 0.051933
v -0.776320 0.015550 0.061292
v -0.776042 0.015883 0.062204
v -0.736268 0.015637 0.084314
v -0.855869 0.016043 0.017072
v -0.855592 0.016376 0.017984
v -0.815817 0.016129 0.040094
v -0.775487 0.016548 0.064028
v -0.735712 0.016301 0.086138
v -0.775765 0.016215 0.063116
v -0.732854 -0.025907 0.073108
v -0.623755 -0.028130 0.076308
v -0.623666 -0.025394 0.078687
v -0.733032 -0.031378 0.068350
v -0.623844 -0.030865 0.073928
v -0.405468 -0.029840 0.085086
v -0.514656 -0.030352 0.079507
v 0.298341 -0.016104 0.121666
v 0.302623 -0.016105 0.121436
v 0.302814 -0.015714 0.122277
v 0.297959 -0.016886 0.119985
v 0.302432 -0.016496 0.120596
v 0.311380 -0.015717 0.121816
v 0.306906 -0.016106 0.121206
v 0.359865 -0.035260 0.087100
v 0.311430 -0.036043 0.114336
v 0.335648 -0.035651 0.100718
v 0.310540 -0.037823 0.113030
v 0.335203 -0.036541 0.100065
v 0.083692 -0.025680 0.096173
v 0.085399 -0.007881 0.092695
v 0.084545 -0.016781 0.094434
v 0.083612 -0.007833 0.099098
v 0.083652 -0.016757 0.097636
v 0.083653 0.002754 0.097560
v 0.082760 0.002778 0.100762
v 0.085440 0.002705 0.091157
v 0.084547 0.002729 0.094359
v 0.083736 0.023926 0.094483
v 0.082843 0.023951 0.097685
v 0.083695 0.013340 0.096022
v -0.856147 0.015711 0.016166
v -0.895921 0.015957 -0.005945
v -0.816372 0.015464 0.038276
v -0.896477 0.015292 -0.007757
v -0.856424 0.015378 0.015259
v -0.791448 -0.006106 0.027366
v -0.791470 -0.006813 0.026805
v -0.810969 -0.006181 0.007595
v -0.752450 -0.007370 0.065787
v -0.752472 -0.008077 0.065226
v -0.771971 -0.007445 0.046016
v -0.791513 -0.008227 0.025683
v -0.811012 -0.007595 0.006473
v -0.791491 -0.007520 0.026244
v -0.743516 -0.018536 0.072411
v -0.753988 -0.018596 0.056959
v -0.743881 -0.018170 0.071413
v 0.304695 0.044699 0.116846
v 0.300412 0.044701 0.117077
v 0.313260 0.044697 0.116386
v 0.308977 0.044698 0.116616
v 0.313087 0.042899 0.116451
v 0.308804 0.042901 0.116681
v 0.308891 0.043799 0.116649
v 0.302544 -0.039642 0.119331
v 0.306827 -0.039643 0.119107
v 0.302631 -0.040659 0.119306
v 0.310937 -0.037611 0.118932
v 0.311024 -0.038628 0.118907
v 0.311197 -0.040661 0.118858
v 0.311110 -0.039645 0.118882
v -0.613063 -0.004386 0.025783
v -0.511439 -0.009340 0.025898
v -0.613063 -0.009075 0.025801
v 0.432356 -0.007909 0.059101
v 0.421467 -0.008352 0.062661
v 0.454133 -0.007021 0.051981
v 0.443245 -0.007465 0.055541
v 0.453008 -0.008434 0.051065
v 0.442119 -0.008878 0.054624
v 0.442682 -0.008172 0.055083
v 0.301658 0.012667 0.121988
v 0.305953 0.012665 0.121763
v 0.302457 0.012933 0.122640
v 0.308652 0.012131 0.120234
v 0.309450 0.012397 0.120886
v 0.311046 0.012931 0.122190
v 0.310248 0.012664 0.121538
v 0.411818 0.030457 0.071332
v 0.422390 0.029503 0.066514
v 0.413577 0.031097 0.072815
v 0.423270 0.029823 0.067255
v 0.432963 0.028550 0.061695
v 0.361422 -0.037823 0.088065
v 0.336052 -0.038754 0.100511
v 0.336640 -0.039727 0.101092
v 0.445943 -0.030797 0.053212
v 0.435300 -0.031662 0.057253
v 0.446756 -0.030265 0.054127
v 0.423031 -0.033591 0.059464
v 0.423844 -0.033059 0.060379
v 0.425471 -0.031995 0.062209
v 0.424658 -0.032527 0.061294
v -0.732581 -0.023395 0.087736
v -0.742700 -0.023940 0.071312
v -0.733176 -0.024366 0.085645
v -0.743295 -0.024911 0.069221
v -0.742997 -0.024425 0.070266
v -0.762936 -0.025029 0.038463
v -0.752818 -0.024484 0.054888
v -0.070476 -0.041940 0.090677
v 0.006678 -0.047201 0.088211
v 0.006360 -0.044215 0.091779
v -0.832148 -0.039371 0.041193
v -0.832270 -0.035870 0.041187
v -0.844275 -0.039381 0.038345
v -0.808139 -0.032348 0.046877
v -0.808262 -0.028847 0.046871
v -0.820266 -0.032358 0.044029
v -0.832516 -0.028867 0.041175
v -0.844521 -0.032378 0.038332
v -0.832393 -0.032368 0.041181
v 0.311219 0.016165 0.121331
v 0.306937 0.016166 0.121561
v 0.302282 0.016854 0.120269
v 0.297999 0.016855 0.120499
v 0.302468 0.016511 0.121030
v 0.298371 0.016168 0.122022
v 0.302654 0.016167 0.121792
v 0.434301 0.010749 0.066311
v 0.424253 0.011315 0.071236
v 0.454398 0.009616 0.056462
v 0.444350 0.010183 0.061387
v 0.456021 0.010149 0.057624
v 0.445972 0.010715 0.062548
v 0.445161 0.010449 0.061967
v -0.147802 0.033835 0.089277
v -0.147939 0.037930 0.086445
v 0.005517 0.048256 0.084226
v 0.005380 0.052351 0.081394
v -0.071279 0.045141 0.083919
v -0.148213 0.046122 0.080780
v -0.148076 0.042026 0.083612
v 0.300115 0.042005 0.117140
v 0.303602 0.041671 0.116099
v 0.299307 0.041673 0.116318
v 0.308705 0.042002 0.116702
v 0.312192 0.041669 0.115661
v 0.307897 0.041670 0.115880
v 0.310576 0.041004 0.114017
v 0.306281 0.041006 0.114236
v 0.307089 0.041338 0.115058
v -0.981354 -0.042961 0.013873
v -0.981352 -0.022946 0.013795
v -0.989510 -0.042883 0.030976
v -0.989506 0.017163 0.030743
v -0.791317 -0.009007 0.026216
v -0.791121 -0.009786 0.026749
v -0.810838 -0.009082 0.006445
v -0.751883 -0.010415 0.066825
v -0.771404 -0.010490 0.047053
v -0.810445 -0.010640 0.007510
v -0.790925 -0.010565 0.027282
v -0.762709 0.008739 0.071647
v -0.791354 0.008655 0.049350
v -0.820373 0.009246 0.025519
v -0.849018 0.009162 0.003221
v -0.820186 0.008908 0.026286
v -0.848645 0.008486 0.004756
v -0.820000 0.008571 0.027053
v -0.609871 -0.036479 0.065731
v -0.504885 -0.038832 0.068456
v -0.609972 -0.036465 0.069291
v -0.399696 -0.041213 0.064060
v -0.399797 -0.041199 0.067621
v -0.399999 -0.041172 0.074742
v -0.399898 -0.041185 0.071182
v 0.433144 -0.026093 0.055699
v 0.413387 -0.028521 0.065530
v 0.423265 -0.027307 0.060615
v 0.411567 -0.027881 0.063823
v 0.422356 -0.026987 0.059761
v -0.071308 0.049222 0.077249
v -0.147996 0.046092 0.073105
v -0.148105 0.046107 0.076942
v 0.446672 -0.027234 0.054190
v 0.435925 -0.028104 0.058244
v 0.425443 -0.030984 0.062230
v 0.425310 -0.029980 0.062263
v 0.425177 -0.028975 0.062297
v 0.361098 0.015867 0.095621
v 0.386151 0.016245 0.084484
v 0.310992 0.015111 0.117895
v 0.336045 0.015489 0.106758
v 0.312146 0.016501 0.118692
v 0.337199 0.016879 0.107555
v 0.336622 0.016184 0.107156
v -0.792816 0.006250 0.045744
v -0.764242 0.006973 0.067531
v -0.849964 0.004805 0.002170
v -0.821390 0.005527 0.023957
v -0.850095 0.006081 0.001149
v -0.821521 0.006804 0.022936
v -0.821455 0.006166 0.023447
v -0.404533 0.036904 0.074290
v -0.513978 0.031970 0.073835
v -0.404450 0.034822 0.076689
v -0.623588 0.031200 0.068582
v -0.733033 0.026266 0.068127
v -0.623505 0.029118 0.070981
v -0.732868 0.022101 0.072923
v -0.623340 0.024953 0.075777
v -0.623423 0.027035 0.073379
v -0.846595 0.017300 -0.035908
v -0.847101 -0.023013 -0.035710
v 0.301098 -0.011646 0.119996
v 0.301363 -0.011936 0.120806
v 0.304856 -0.011647 0.119856
v 0.420059 -0.010490 0.061234
v 0.431378 -0.010820 0.058105
v 0.441650 -0.009591 0.054149
v 0.452970 -0.009921 0.051020
v 0.442174 -0.010371 0.054562
v 0.454018 -0.011481 0.051847
v 0.442698 -0.011151 0.054976
v -0.790486 -0.010562 0.029527
v -0.810128 -0.011028 0.008900
v -0.751202 -0.009630 0.070783
v -0.770844 -0.010096 0.050155
v -0.790243 -0.009780 0.031240
v -0.809885 -0.010246 0.010612
v -0.790364 -0.010171 0.030384
v -0.932458 -0.037054 0.021736
v -0.932195 0.032292 0.021453
v -0.399690 0.036863 0.063757
v -0.399791 0.036877 0.067318
v -0.609866 0.031187 0.065468
v -0.609967 0.031201 0.069029
v -0.504879 0.034039 0.068174
v -0.399992 0.036904 0.074439
v -0.399891 0.036891 0.070879
v 0.338364 0.039355 0.105751
v 0.362849 0.036389 0.094278
v 0.337484 0.039035 0.105010
v 0.389093 0.034063 0.084288
v 0.388213 0.033743 0.083547
v 0.386454 0.033103 0.082064
v 0.387333 0.033423 0.082805
v -0.732899 -0.034219 0.062962
v -0.728257 -0.034232 0.059550
v -0.732455 -0.034430 0.056945
v -0.727813 -0.034443 0.053534
v -0.728035 -0.034338 0.056542
v -0.718974 -0.034259 0.052727
v -0.723616 -0.034246 0.056138
v 0.307226 -0.036932 0.113805
v 0.307671 -0.036043 0.114458
v 0.303912 -0.036042 0.114580
v -0.217265 -0.032269 0.103111
v 0.040690 -0.036220 0.111843
v -0.475221 -0.028318 0.094378
v -0.474626 -0.027346 0.096469
v -0.474923 -0.027832 0.095424
v -0.752189 -0.005539 0.068301
v -0.751992 -0.005829 0.069138
v -0.732667 -0.005464 0.088079
v -0.790837 -0.006270 0.030421
v -0.790641 -0.006561 0.031258
v -0.771316 -0.006195 0.050198
v -0.751599 -0.006410 0.070812
v -0.732274 -0.006044 0.089753
v -0.751795 -0.006120 0.069975
v -0.751499 -0.007215 0.070809
v -0.751400 -0.008020 0.070801
v -0.790342 -0.008975 0.031249
v -0.770822 -0.008900 0.051021
v -0.751301 -0.008825 0.070792
v -0.405142 0.027217 0.082150
v -0.404796 0.031020 0.079420
v -0.514241 0.026085 0.078964
v -0.985428 0.017130 0.022192
v -0.981351 -0.002925 0.013718
v -0.887598 0.031271 0.016367
v -0.903096 -0.037126 0.012794
v 0.040088 -0.014958 0.110608
v 0.039840 -0.014185 0.110096
v -0.475271 -0.010321 0.093535
v -0.217839 -0.011866 0.101559
v 0.039592 -0.013411 0.109584
v -0.859056 -0.039403 0.032617
v -0.859185 -0.035901 0.032611
v -0.863989 -0.039410 0.030708
v -0.849448 -0.032385 0.036423
v -0.849576 -0.028884 0.036417
v -0.854381 -0.032393 0.034514
v -0.859442 -0.028898 0.032599
v -0.864246 -0.032407 0.030696
v -0.859313 -0.032400 0.032605
v 0.084093 -0.041234 0.084745
v 0.085027 -0.040758 0.068315
v 0.084560 -0.040996 0.076530
v 0.085588 -0.037173 0.077767
v 0.084841 -0.039204 0.081256
v -0.218733 -0.027154 0.099470
v 0.038928 -0.032487 0.106418
v 0.039011 -0.031598 0.107122
v 0.436086 -0.030120 0.058189
v 0.457315 -0.026369 0.050149
v 0.446700 -0.028244 0.054169
v 0.457371 -0.028390 0.050107
v 0.446728 -0.029255 0.054148
v 0.298892 0.046452 0.112757
v 0.299138 0.047324 0.113328
v 0.298646 0.045581 0.112187
v 0.306606 0.047323 0.113027
v 0.302626 0.046452 0.112607
v -0.478454 0.021979 0.091891
v -0.478732 0.021647 0.090979
v -0.477899 0.022644 0.093715
v -0.478176 0.022312 0.092803
v 0.037173 0.034665 0.107045
v 0.036895 0.034333 0.106133
v -0.220641 0.028322 0.099468
v 0.306850 0.013655 0.122395
v 0.302654 0.014379 0.122599
v 0.302555 0.013656 0.122619
v 0.311287 -0.014917 0.121842
v 0.311195 -0.014118 0.121868
v 0.307005 -0.014916 0.122072
v -0.743803 -0.021993 0.067280
v -0.762616 -0.022111 0.036402
v -0.753210 -0.022052 0.051841
v -0.743188 -0.023939 0.068534
v -0.743496 -0.022966 0.067907
v -0.217957 0.009982 0.108802
v -0.475967 0.008870 0.101764
v -0.476066 0.008141 0.101779
v 0.386776 -0.029820 0.076910
v 0.362081 -0.031718 0.089915
v 0.339014 -0.034337 0.104791
v 0.338200 -0.033977 0.103855
v 0.337385 -0.033616 0.102920
v -0.820432 0.028724 0.042885
v -0.808579 0.025643 0.045302
v -0.832286 0.031806 0.040467
v -0.832275 0.025626 0.040490
v -0.832280 0.028716 0.040479
v -0.791727 0.009331 0.047821
v -0.762895 0.009077 0.070886
v -0.763081 0.009415 0.070124
v -0.792636 0.007583 0.045693
v -0.734867 0.009142 0.091207
v -0.763752 0.008363 0.068450
v -0.735358 0.007752 0.090288
v -0.763997 0.007668 0.067990
v 0.421318 0.034955 0.064967
v 0.421956 0.035814 0.065415
v 0.420679 0.034095 0.064520
v 0.442717 0.033919 0.055848
v 0.431698 0.034007 0.060184
v -0.744260 -0.019229 0.067996
v -0.744119 -0.018333 0.068691
v -0.753957 -0.018392 0.053207
v 0.425087 0.031374 0.068719
v 0.425284 0.033171 0.068653
v 0.425185 0.032272 0.068686
v 0.446151 0.029490 0.059110
v 0.435619 0.030432 0.063915
v -0.839022 -0.043019 0.003343
v -0.838221 -0.042948 0.021834
v -0.840623 -0.043162 -0.033638
v -0.839822 -0.043091 -0.015148
v -0.827159 -0.043148 -0.029692
v -0.826359 -0.043076 -0.011202
v -0.833091 -0.043083 -0.013175
v -0.775394 0.017446 0.064007
v -0.775301 0.018345 0.063981
v -0.855312 0.019072 0.017921
v -0.815260 0.019158 0.040938
v -0.775208 0.019244 0.063954
v 0.433201 0.034441 0.061423
v 0.453962 0.032546 0.051856
v 0.443581 0.033493 0.056640
v 0.455691 0.031694 0.053440
v 0.444446 0.033067 0.057432
v -0.217067 -0.030773 0.104170
v 0.298051 -0.037626 0.119571
v 0.040492 -0.034199 0.111871
v 0.298249 -0.039647 0.119544
v 0.040591 -0.035210 0.111857
v 0.304894 0.012132 0.120386
v 0.308391 0.011864 0.119509
v 0.301398 0.012400 0.121263
v 0.300876 0.011865 0.119813
v 0.301137 0.012132 0.120538
v 0.339753 -0.015280 0.107722
v 0.338261 -0.016061 0.106190
v 0.339007 -0.015671 0.106956
v 0.389426 -0.013623 0.081528
v 0.364590 -0.014451 0.094625
v 0.430761 -0.031561 0.052960
v 0.453357 -0.030497 0.045945
v 0.442059 -0.031029 0.049453
v 0.452199 -0.028574 0.044864
v 0.441480 -0.030067 0.048912
v 0.424547 0.013482 0.071122
v 0.435302 0.013182 0.066802
v 0.424541 0.014204 0.071107
v 0.446070 0.011438 0.062510
v 0.456826 0.011138 0.058190
v 0.446064 0.012160 0.062496
v 0.456813 0.012583 0.058161
v 0.446051 0.013605 0.062467
v 0.446058 0.012883 0.062482
v -0.719540 -0.024695 0.031596
v -0.719933 -0.028706 0.034913
v -0.723637 0.026185 0.033907
v -0.719759 0.022587 0.034704
v -0.719361 0.018009 0.031420
v -0.475183 -0.007009 0.096100
v -0.474986 -0.007299 0.096937
v -0.217699 -0.008554 0.104121
v -0.147718 0.003766 0.096504
v -0.147687 0.012045 0.095299
v 0.006017 0.024280 0.096266
v 0.006048 0.032559 0.095061
v -0.070820 0.022302 0.095180
v -0.147625 0.028602 0.092889
v -0.147656 0.020323 0.094094
v 0.338451 0.040253 0.105719
v 0.338538 0.041152 0.105687
v 0.363815 0.037608 0.094987
v 0.360611 0.011880 0.095883
v 0.384609 0.012207 0.083931
v 0.385076 0.011569 0.084359
v 0.306009 0.016853 0.120107
v 0.301541 0.017198 0.119576
v 0.314947 0.016164 0.121169
v 0.310478 0.016508 0.120638
v 0.313464 0.016852 0.119783
v 0.308996 0.017196 0.119252
v 0.309737 0.016852 0.119945
v 0.335869 0.038370 0.103366
v 0.336677 0.038703 0.104188
v 0.361161 0.035737 0.092715
v -0.405578 0.002197 0.088229
v -0.405548 0.009877 0.087108
v -0.514678 0.002886 0.085029
v 0.039459 0.014663 0.112260
v -0.218650 0.012823 0.105242
v 0.039705 0.015359 0.112720
v -0.477249 0.009592 0.097306
v -0.477004 0.010288 0.097765
v -0.476513 0.011678 0.098684
v -0.476758 0.010983 0.098224
v 0.083991 0.022960 0.090741
v 0.085695 0.001739 0.087414
v 0.084843 0.012350 0.089078
v 0.084501 0.021028 0.083255
v 0.084246 0.021994 0.086998
v -0.840370 -0.023006 -0.033737
v -0.840116 -0.002849 -0.033836
v -0.833638 -0.022999 -0.031764
v 0.409733 -0.010227 0.065252
v 0.420528 -0.009777 0.061709
v 0.410672 -0.008802 0.066203
v 0.420998 -0.009065 0.062185
v 0.431324 -0.009328 0.058167
v 0.304200 0.012503 0.119196
v 0.307524 0.013140 0.118579
v 0.307958 0.012502 0.119044
v -0.732362 -0.010340 0.086596
v -0.474879 -0.011879 0.094600
v -0.474683 -0.012659 0.095133
v -0.732755 -0.008781 0.085531
v -0.475075 -0.011100 0.094067
v 0.040284 -0.015737 0.111141
v -0.217395 -0.013419 0.102604
v -0.220085 0.028987 0.101292
v 0.295542 0.041674 0.116447
v 0.037729 0.035330 0.108870
v 0.294987 0.041008 0.114622
v 0.037451 0.034998 0.107957
v 0.300806 0.015113 0.118216
v 0.304201 0.015112 0.118109
v 0.308751 0.016501 0.118799
v 0.308174 0.015807 0.118400
v 0.307597 0.015112 0.118002
v -0.738951 -0.038496 0.049036
v -0.752241 -0.042563 0.048227
v -0.745596 -0.040530 0.048631
v -0.739096 -0.042350 0.040044
v -0.739023 -0.040423 0.044540
v 0.435211 0.011738 0.066854
v 0.424449 0.012760 0.071160
v 0.424351 0.012037 0.071198
v 0.447233 -0.009527 0.058609
v 0.457977 -0.008302 0.055084
v 0.436490 -0.010752 0.062133
v 0.457963 -0.009900 0.055056
v 0.447226 -0.010326 0.058594
v -0.410733 0.019810 0.033587
v -0.614779 0.026383 0.039972
v -0.512756 0.023096 0.036779
v -0.411776 0.032016 0.042347
v -0.411255 0.025913 0.037967
v -0.839060 0.037594 -0.015517
v -0.837962 0.037855 0.021506
v -0.838511 0.037724 0.002995
v -0.825596 0.037608 -0.011559
v -0.832328 0.037601 -0.013538
v -0.220991 0.028780 0.097928
v 0.294637 0.041466 0.113082
v 0.036823 0.035123 0.105505
v 0.294492 0.043047 0.111825
v 0.036751 0.035914 0.104876
v 0.337989 0.016523 0.108175
v 0.362465 0.016206 0.096639
v 0.388520 0.015177 0.086343
v 0.412996 0.014860 0.074808
v 0.387730 0.015533 0.085723
v 0.411416 0.015572 0.073568
v 0.386940 0.015889 0.085103
v 0.363520 0.012023 0.098194
v 0.339854 0.012601 0.110369
v 0.387187 0.011446 0.086018
v 0.388880 0.011943 0.087176
v 0.388034 0.011694 0.086597
v -0.752079 -0.009636 0.066292
v -0.771796 -0.008932 0.045988
v -0.752275 -0.008856 0.065759
v -0.753547 0.023345 0.050785
v -0.753547 0.026435 0.050767
v -0.739743 0.018720 0.051963
v -0.746645 0.024122 0.051356
v -0.753547 0.029525 0.050749
v -0.070966 0.035813 0.090363
v 0.005871 0.037791 0.091449
v 0.005694 0.043023 0.087838
v -0.723820 -0.033195 0.049797
v -0.715834 -0.030698 0.042322
v -0.719827 -0.031947 0.046059
v -0.714981 -0.033011 0.048990
v -0.719401 -0.033103 0.049393
v 0.300246 -0.013476 0.117553
v 0.300321 -0.012769 0.118110
v 0.303642 -0.013477 0.117451
v 0.363805 -0.032398 0.091704
v 0.387686 -0.030140 0.077763
v 0.388596 -0.030460 0.078617
v 0.435710 0.032235 0.063855
v 0.456564 0.030363 0.054259
v 0.446137 0.031299 0.059057
v 0.456578 0.028554 0.054312
v 0.446144 0.030395 0.059084
v 0.303624 0.046892 0.114047
v 0.307358 0.046891 0.113896
v 0.308109 0.046459 0.114765
v -0.801823 -0.042917 0.030360
v -0.814226 -0.043066 -0.008360
v 0.419985 0.031568 0.064153
v 0.420465 0.030771 0.064699
v 0.430470 0.030608 0.059351
v -0.219140 0.011433 0.104330
v 0.297568 0.016504 0.119284
v 0.039214 0.013968 0.111807
v 0.297079 0.015114 0.118377
v 0.038970 0.013273 0.111353
v -0.775510 0.020993 0.062029
v -0.856008 0.021671 0.014098
v -0.815759 0.021332 0.038064
v -0.775905 0.021843 0.060131
v -0.775707 0.021418 0.061080
v -0.856764 0.019056 0.012387
v -0.856512 0.019928 0.012957
v -0.896816 0.018970 -0.010629
v -0.776157 0.020972 0.059560
v -0.816208 0.020886 0.036544
v -0.896312 0.020713 -0.009489
v -0.856260 0.020800 0.013528
v -0.613914 0.028746 0.046620
v -0.512845 0.030381 0.044483
v -0.614346 0.027565 0.043296
v 0.040666 -0.014956 0.112822
v -0.217008 -0.013807 0.103977
v 0.040475 -0.015347 0.111981
v -0.218218 0.013175 0.106463
v 0.040077 0.014672 0.114242
v 0.039891 0.015015 0.113481
v -0.514602 -0.021145 0.082952
v -0.405503 -0.023367 0.086151
v -0.405538 -0.016895 0.087217
v -0.854129 0.034580 0.034240
v -0.864241 0.034178 0.030439
v -0.859185 0.034379 0.032340
v -0.863983 0.028186 0.030447
v -0.859056 0.031383 0.032343
v 0.363037 -0.015244 0.093155
v 0.387813 -0.014427 0.080120
v 0.388619 -0.014025 0.080824
v -0.855405 0.018173 0.017942
v -0.895364 0.018986 -0.005101
v -0.815446 0.017360 0.040985
v -0.895551 0.017188 -0.005059
v -0.855498 0.017274 0.017963
v -0.790442 -0.008170 0.031252
v -0.809863 -0.009050 0.011472
v -0.771020 -0.007290 0.051032
v -0.810062 -0.007441 0.011478
v -0.790541 -0.007365 0.031255
v 0.305023 0.016502 0.118961
v 0.301051 0.015808 0.118669
v 0.301296 0.016503 0.119122
v 0.422431 0.027674 0.059963
v 0.422013 0.043861 0.052815
v -0.219523 0.032016 0.102131
v 0.296117 0.044702 0.117296
v 0.038297 0.038359 0.109713
v 0.295919 0.042905 0.117338
v 0.038198 0.037460 0.109734
v -0.753009 -0.023997 0.053155
v -0.772437 -0.022170 0.021023
v -0.762723 -0.023084 0.037089
v -0.772650 -0.024115 0.022397
v -0.762830 -0.024056 0.037776
v -0.753333 -0.022010 0.058016
v -0.742956 -0.020935 0.073429
v -0.742857 -0.021952 0.073409
v -0.826109 0.037863 0.023911
v -0.802401 0.037880 0.028722
v -0.814255 0.037871 0.026317
v -0.813743 0.037616 -0.009153
v -0.819926 0.037740 0.007379
v -0.732817 0.007167 0.052886
v -0.733403 0.002273 0.047002
v -0.733426 0.011513 0.046668
v -0.732771 -0.011313 0.053555
v -0.733357 -0.016207 0.047671
v -0.733380 -0.006967 0.047336
v -0.734574 -0.007513 0.035233
v -0.734597 0.001727 0.034899
v -0.733988 -0.002620 0.041117
v 0.304731 -0.041636 0.114330
v 0.300746 -0.040662 0.113821
v 0.301002 -0.041641 0.114468
v -0.849202 -0.039389 0.036436
v -0.849325 -0.035887 0.036429
v -0.854129 -0.039396 0.034526
v 0.435478 -0.008058 0.061536
v 0.457162 -0.007206 0.054434
v 0.446320 -0.007632 0.057985
v 0.455518 -0.006611 0.053104
v 0.445498 -0.007335 0.057320
v -0.504677 0.034011 0.061052
v -0.609664 0.031159 0.058347
v -0.609765 0.031173 0.061908
v -0.808010 -0.035850 0.046877
v -0.832019 -0.042873 0.041193
v -0.820015 -0.039361 0.044035
v -0.807754 -0.042852 0.046877
v -0.807882 -0.039351 0.046877
v -0.768047 0.037911 0.037310
v -0.765101 0.037698 0.012913
v -0.766574 0.037805 0.025111
v -0.786187 0.037907 0.036078
v -0.777117 0.037909 0.036694
v 0.298751 0.041007 0.114494
v 0.299029 0.041340 0.115406
v 0.302516 0.041006 0.114365
v 0.306642 -0.037616 0.119145
v 0.302445 -0.038631 0.119344
v 0.302346 -0.037621 0.119358
v -0.803200 0.037512 -0.020736
v -0.787981 0.037507 -0.021637
v -0.770772 0.037567 -0.006025
v -0.504682 -0.038860 0.061335
v -0.399595 -0.041227 0.060500
v -0.609770 -0.036493 0.062170
v -0.609568 -0.036520 0.055049
v -0.609669 -0.036506 0.058609
v 0.300214 0.042903 0.117119
v 0.300313 0.043802 0.117098
v 0.304509 0.042902 0.116900
v 0.297889 0.043047 0.111741
v 0.297961 0.042256 0.112370
v 0.301286 0.043046 0.111658
v -0.752210 -0.042749 0.042882
v -0.739004 -0.042905 0.024009
v 0.433621 -0.032709 0.055438
v 0.456533 -0.029915 0.049185
v 0.445077 -0.031312 0.052312
v 0.454802 -0.030944 0.047385
v 0.444211 -0.031826 0.051412
v 0.337662 -0.010832 0.106475
v 0.336866 -0.010541 0.105744
v 0.338458 -0.011122 0.107206
v 0.386383 -0.008907 0.079701
v 0.362421 -0.010015 0.093453
v 0.431410 0.014617 0.063966
v 0.420086 0.014240 0.067933
v 0.420707 0.014928 0.068282
v 0.306709 -0.041152 0.118013
v 0.302222 -0.041642 0.117168
v 0.302426 -0.041150 0.118237
v 0.005975 0.013693 0.097804
v -0.070892 0.003436 0.097923
v 0.005934 0.003107 0.099342
v -0.781315 0.037671 0.005558
v -0.797529 0.037644 -0.001798
v -0.791858 0.037775 0.017140
v 0.361155 -0.010436 0.092247
v 0.385913 -0.009619 0.079225
v 0.385444 -0.010332 0.078749
v 0.364454 0.012995 0.098747
v 0.340028 0.014046 0.110317
v 0.339941 0.013323 0.110343
v -0.826088 -0.042937 0.024676
v -0.820157 -0.043002 0.008158
v -0.813955 -0.042927 0.027518
v 0.570391 0.031372 0.012079
v 0.471333 0.045093 0.036854
v -0.610421 -0.034208 0.048382
v -0.505008 -0.037717 0.054441
v -0.609995 -0.035364 0.051715
v 0.434506 0.014261 0.066167
v 0.422961 0.014916 0.069868
v 0.423751 0.014560 0.070487
v -0.738753 0.037815 0.028531
v -0.746018 0.037909 0.037512
v -0.738854 0.037895 0.033880
v -0.776408 0.020106 0.058990
v -0.816712 0.019148 0.035404
v -0.776660 0.019240 0.058420
v -0.791034 -0.005980 0.029590
v -0.810358 -0.006345 0.010650
v -0.752385 -0.005249 0.067470
v -0.771709 -0.005614 0.048530
v -0.791426 -0.005399 0.027927
v -0.810751 -0.005764 0.008987
v -0.791230 -0.005689 0.028759
v -0.752428 -0.006663 0.066348
v -0.771927 -0.006031 0.047138
v -0.752407 -0.005956 0.066909
v -0.745638 -0.042642 0.038790
v -0.739035 -0.042720 0.029354
v -0.739065 -0.042535 0.034699
v 0.363996 0.015506 0.097952
v 0.338730 0.016179 0.108868
v 0.339471 0.015835 0.109561
v -0.858509 0.052556 0.015551
v -0.857584 0.048176 0.013212
v -0.870029 0.061277 0.009984
v -0.873013 0.052497 0.000184
v -0.867253 0.048137 0.002967
v -0.769330 0.052509 0.005226
v -0.763408 0.052526 0.009636
v -0.770522 0.048130 0.003018
v -0.755102 0.061301 0.018462
v -0.749179 0.061318 0.022872
v -0.756294 0.056922 0.016254
v -0.751562 0.052559 0.018457
v -0.758677 0.048163 0.011839
v -0.757485 0.052542 0.014046
v -0.844372 -0.013254 0.002480
v -0.788120 0.091874 0.002655
v -0.791744 0.100594 0.015160
v -0.849779 0.081989 -0.017573
v -0.849791 0.087470 -0.017605
v -0.849755 0.071027 -0.017508
v -0.867144 0.082066 -0.001137
v -0.867156 0.087547 -0.001169
v -0.756748 0.087692 0.036836
v -0.754936 0.091997 0.030545
v -0.757880 0.092013 0.034509
v -0.750862 0.087661 0.028908
v -0.749050 0.091966 0.022616
v -0.751993 0.091982 0.026580
v -0.751312 0.100608 0.017961
v -0.754255 0.100623 0.021926
v -0.753124 0.096303 0.024253
v -0.782260 0.044673 0.025042
v -0.776663 0.044644 0.017496
v -0.778601 0.043497 0.026308
v -0.778383 0.046966 0.007419
v -0.772786 0.046937 -0.000127
v -0.774724 0.045790 0.008685
v -0.765468 0.044584 0.002403
v -0.767407 0.043438 0.011215
v -0.771066 0.044614 0.009950
v -0.877299 -0.111879 -0.015693
v -0.883228 -0.111896 -0.020103
v -0.880964 -0.110703 -0.016957
v -0.881827 -0.114264 -0.021983
v -0.887756 -0.114281 -0.026393
v -0.885492 -0.113088 -0.023248
v -0.895085 -0.111929 -0.028923
v -0.892821 -0.110736 -0.025777
v -0.889156 -0.111912 -0.024513
v -0.750903 0.065712 0.029013
v -0.756297 0.061355 0.032463
v -0.762129 0.061386 0.040329
v -0.759213 0.061371 0.036396
v -0.767085 0.052641 0.039362
v -0.761691 0.056998 0.035912
v -0.804645 -0.050264 0.020309
v -0.808135 -0.051438 0.021992
v -0.799804 -0.050250 0.025431
v -0.821307 -0.052639 0.013431
v -0.824798 -0.053813 0.015113
v -0.816466 -0.052626 0.018553
v -0.815117 -0.053786 0.025357
v -0.806785 -0.052598 0.028796
v -0.811626 -0.052612 0.023675
v -0.757516 0.087612 0.017808
v -0.754978 0.091949 0.018206
v -0.776711 0.087547 0.003538
v -0.769098 0.100558 0.004731
v -0.911029 -0.071402 -0.009079
v -0.909838 -0.067023 -0.006871
v -0.799119 -0.114125 0.015657
v -0.797237 -0.112958 0.012251
v -0.794109 -0.114105 0.020957
v -0.805375 -0.111831 -0.001755
v -0.803494 -0.110663 -0.005161
v -0.800365 -0.111810 0.003545
v -0.793473 -0.110622 0.005439
v -0.790345 -0.111770 0.014145
v -0.795355 -0.111790 0.008845
v -0.827762 -0.052665 0.006592
v -0.822395 -0.052691 0.001513
v -0.824272 -0.053853 0.004913
v -0.824009 -0.050342 -0.000207
v -0.818643 -0.050368 -0.005286
v -0.820519 -0.051530 -0.001886
v -0.811662 -0.052743 -0.008644
v -0.813539 -0.053905 -0.005245
v -0.817029 -0.052717 -0.003566
v -0.813087 -0.111736 0.022366
v -0.809596 -0.112924 0.020692
v -0.806463 -0.111710 0.029383
v -0.819355 -0.114165 0.004985
v -0.815864 -0.115352 0.003311
v -0.812730 -0.114138 0.012002
v -0.802615 -0.115299 0.017346
v -0.799481 -0.114085 0.026036
v -0.806106 -0.114112 0.019019
v -0.891909 -0.058346 -0.023362
v -0.877670 -0.067037 -0.010059
v -0.857185 0.100486 -0.015522
v -0.869621 0.091885 -0.000475
v -0.747970 0.071184 0.025046
v -0.749425 0.073706 0.026999
v -0.749443 0.068219 0.027033
v -0.747936 0.082158 0.024977
v -0.749391 0.084680 0.026931
v -0.749408 0.079193 0.026965
v -0.752335 0.078751 0.030907
v -0.752352 0.073264 0.030941
v -0.750880 0.076228 0.028953
v -0.812238 0.007629 0.016103
v -0.810054 0.030378 0.017881
v -0.816606 -0.037868 0.012548
v -0.814422 -0.015119 0.014326
v -0.814419 0.030363 0.014149
v -0.814421 0.007622 0.014238
v -0.895751 0.007567 -0.000055
v -0.895755 -0.037928 0.000121
v -0.903236 -0.053978 -0.024356
v -0.823248 -0.071257 0.030149
v -0.824931 -0.073772 0.028381
v -0.821566 -0.073759 0.031936
v -0.829978 -0.071284 0.023039
v -0.831661 -0.073799 0.021271
v -0.828296 -0.073785 0.024826
v -0.828296 -0.078802 0.024845
v -0.824931 -0.078789 0.028400
v -0.826613 -0.076287 0.026613
v -0.828309 -0.084290 0.024850
v -0.826614 -0.087261 0.026656
v -0.824919 -0.084276 0.028439
v -0.831700 -0.090260 0.021284
v -0.830005 -0.093232 0.023090
v -0.828309 -0.090247 0.024873
v -0.823224 -0.093205 0.030269
v -0.821528 -0.090220 0.032052
v -0.824919 -0.090233 0.028462
v -0.801871 0.007615 0.014165
v -0.803872 0.007622 0.016055
v -0.801869 0.030362 0.014077
v -0.805877 -0.037865 0.018121
v -0.807877 -0.037857 0.020011
v -0.805875 -0.015117 0.018033
v -0.807874 0.007638 0.019835
v -0.805871 0.030377 0.017857
v -0.805873 0.007630 0.017945
v -0.770740 0.044660 0.021906
v -0.776337 0.044690 0.029453
v -0.759546 0.044601 0.006813
v -0.765143 0.044631 0.014360
v -0.755018 0.046987 0.013104
v -0.760615 0.047016 0.020650
v -0.762879 0.045823 0.017505
v -0.880776 -0.073838 0.010367
v -0.880792 -0.090298 0.010484
v -0.877861 -0.084357 0.006486
v -0.877856 -0.078870 0.006447
v -0.833181 0.046947 0.001425
v -0.838016 0.046928 -0.003697
v -0.836140 0.048095 -0.007103
v -0.836934 0.044613 0.008236
v -0.841769 0.044593 0.003114
v -0.839893 0.045760 -0.000292
v -0.847686 0.046889 -0.013941
v -0.845810 0.048056 -0.017347
v -0.842851 0.046908 -0.008819
v -0.833490 0.100508 -0.007839
v -0.835955 0.104846 -0.007145
v -0.838569 0.091791 -0.019828
v -0.845963 0.104806 -0.017746
v -0.870771 0.078688 0.012468
v -0.872448 0.076167 0.010700
v -0.870759 0.073201 0.012506
v -0.874150 0.084619 0.008855
v -0.874137 0.079132 0.008893
v -0.874112 0.068158 0.008969
v -0.903421 -0.114150 0.007103
v -0.905686 -0.112981 0.003949
v -0.909356 -0.114167 0.002693
v -0.896080 -0.111779 0.009613
v -0.898344 -0.110610 0.006459
v -0.902015 -0.111796 0.005204
v -0.910214 -0.110643 -0.002360
v -0.913884 -0.111829 -0.003615
v -0.907950 -0.111812 0.000794
v -0.895794 -0.052668 0.008991
v -0.901728 -0.052685 0.004581
v -0.898058 -0.053861 0.005846
v -0.903134 -0.050316 0.006462
v -0.909069 -0.050333 0.002052
v -0.905399 -0.051509 0.003317
v -0.913597 -0.052719 -0.004238
v -0.909927 -0.053895 -0.002974
v -0.907663 -0.052702 0.000171
v -0.845259 0.043419 0.004802
v -0.848218 0.044567 -0.003725
v -0.858157 0.043366 -0.008876
v -0.861115 0.044514 -0.017404
v -0.854666 0.044541 -0.010564
v -0.854135 0.046863 -0.020780
v -0.851176 0.045715 -0.012253
v -0.756793 0.104952 0.021488
v -0.758605 0.100646 0.027780
v -0.765492 0.104998 0.033197
v -0.767304 0.100692 0.039488
v -0.762955 0.100669 0.033634
v -0.762229 0.092036 0.040363
v -0.760417 0.096341 0.034071
v -0.773222 0.047083 0.037622
v -0.769020 0.047061 0.031965
v -0.765361 0.048246 0.033221
v -0.780540 0.044712 0.035110
v -0.772679 0.045875 0.030709
v -0.756956 0.048202 0.021906
v -0.764818 0.047039 0.026308
v -0.854099 0.046988 0.011539
v -0.849264 0.047008 0.016661
v -0.863769 0.046949 0.001294
v -0.858934 0.046969 0.006416
v -0.847130 0.044613 0.008192
v -0.842295 0.044633 0.013315
v -0.850614 0.045801 0.009865
v -0.827050 -0.066955 0.012032
v -0.814465 -0.058272 -0.002872
v -0.758221 0.084727 0.038824
v -0.755277 0.084711 0.034860
v -0.755278 0.078766 0.034871
v -0.753806 0.081731 0.032883
v -0.752334 0.084696 0.030895
v -0.786032 -0.066993 0.003164
v -0.794726 -0.066961 0.011383
v -0.793801 -0.071341 0.009049
v -0.787884 -0.058233 0.007830
v -0.796578 -0.058200 0.016049
v -0.795652 -0.062581 0.013716
v -0.812115 -0.066896 0.027819
v -0.811189 -0.071276 0.025486
v -0.803421 -0.066928 0.019601
v -0.766863 0.046953 0.004283
v -0.760941 0.046970 0.008694
v -0.763204 0.045777 0.005548
v -0.830937 0.087491 -0.015055
v -0.831788 0.091830 -0.012650
v -0.828398 0.091849 -0.009061
v -0.837718 0.087451 -0.022234
v -0.835179 0.091810 -0.016239
v -0.830100 0.100527 -0.004250
v -0.832639 0.096169 -0.010245
v -0.809952 -0.037911 0.006257
v -0.812170 -0.037896 0.008354
v -0.809953 -0.060652 0.006345
v -0.814385 0.007601 0.010275
v -0.814390 -0.060623 0.010539
v -0.767249 0.109640 0.010761
v -0.769335 0.108494 0.019769
v -0.763584 0.108458 0.012026
v -0.778749 0.109713 0.026248
v -0.780835 0.108567 0.035257
v -0.775085 0.108531 0.027513
v -0.773506 0.106203 0.037786
v -0.767756 0.106166 0.030043
v -0.771420 0.107348 0.028778
v -0.824364 -0.114185 -0.000309
v -0.820868 -0.113011 -0.001998
v -0.818992 -0.114205 -0.005394
v -0.828116 -0.111796 0.006483
v -0.824620 -0.110622 0.004794
v -0.822744 -0.111817 0.001398
v -0.813876 -0.110663 -0.005376
v -0.812000 -0.111857 -0.008772
v -0.817372 -0.111837 -0.003687
v -0.869503 0.061237 -0.000216
v -0.856931 0.052437 -0.015051
v -0.856006 0.048057 -0.017390
v -0.866727 0.048097 -0.007234
v -0.867653 0.052477 -0.004895
v -0.873303 0.100546 -0.000285
v -0.874994 0.091906 0.004604
v -0.866670 0.061290 0.013540
v -0.872430 0.065651 0.010757
v -0.855150 0.052569 0.019106
v -0.860910 0.056930 0.016323
v -0.859952 0.061317 0.020651
v -0.865712 0.065678 0.017868
v -0.863311 0.061304 0.017096
v -0.814383 0.030348 0.010187
v -0.809946 0.030331 0.005993
v -0.833382 -0.087759 0.019496
v -0.833356 -0.076784 0.019488
v -0.758190 0.068266 0.038833
v -0.755268 0.073279 0.034874
v -0.803332 -0.053911 -0.005202
v -0.793650 -0.053872 0.005042
v -0.847388 0.048175 0.013255
v -0.849789 0.052549 0.014028
v -0.836666 0.048135 0.003098
v -0.839067 0.052509 0.003870
v -0.844428 0.052529 0.008949
v -0.854591 0.061297 0.015573
v -0.852190 0.056923 0.014800
v -0.819846 -0.087705 0.033819
v -0.821541 -0.084733 0.032013
v -0.819870 -0.076731 0.033743
v -0.821553 -0.079246 0.031975
v -0.823236 -0.081761 0.030207
v -0.775770 0.105004 0.034641
v -0.787628 0.104971 0.025822
v -0.780507 0.104885 0.003848
v -0.782593 0.106107 0.012848
v -0.778243 0.106084 0.006994
v -0.789207 0.104931 0.015557
v -0.791292 0.106153 0.024557
v -0.786942 0.106130 0.018702
v -0.786764 0.108550 0.030847
v -0.782414 0.108527 0.024993
v -0.784678 0.107329 0.021848
v -0.772736 0.054961 0.014881
v -0.767835 0.054963 0.018534
v -0.765386 0.032246 0.020449
v -0.767837 0.032245 0.018622
v -0.890330 -0.111810 0.001869
v -0.885987 -0.111833 -0.003985
v -0.888066 -0.110617 0.005015
v -0.886171 -0.114241 -0.016129
v -0.883907 -0.113049 -0.012984
v -0.879379 -0.110663 -0.006693
v -0.881643 -0.111856 -0.009839
v -0.887921 -0.053861 0.004598
v -0.875944 -0.066998 0.000009
v -0.871742 -0.067015 -0.005649
v -0.877135 -0.062630 -0.002233
v -0.874123 -0.058278 -0.010132
v -0.879516 -0.053894 -0.006717
v -0.878326 -0.058262 -0.004475
v -0.871623 -0.097670 -0.005684
v -0.879258 -0.104195 -0.013526
v -0.877552 -0.097687 -0.010094
v -0.873898 -0.106348 -0.010260
v -0.891684 -0.106398 -0.023490
v -0.885755 -0.106381 -0.019080
v -0.870753 0.068172 0.012525
v -0.864035 0.068199 0.019637
v -0.867394 0.068185 0.016081
v -0.867400 0.073214 0.016062
v -0.869077 0.070693 0.014293
v -0.797599 -0.112917 0.022630
v -0.793835 -0.110582 0.015819
v -0.795717 -0.111750 0.019224
v -0.804581 -0.110542 0.025977
v -0.801090 -0.111730 0.024304
v -0.905006 -0.114190 -0.003161
v -0.899256 -0.114220 -0.010905
v -0.901342 -0.115366 -0.001896
v -0.900835 -0.111899 -0.021179
v -0.897171 -0.113075 -0.019914
v -0.889842 -0.115427 -0.017384
v -0.893506 -0.114251 -0.018649
v -0.814426 -0.060608 0.014502
v -0.810061 -0.060605 0.018233
v -0.827566 0.082023 -0.011461
v -0.827604 0.071049 -0.011452
v -0.911799 -0.110683 -0.012624
v -0.906362 -0.097768 -0.031499
v -0.901287 -0.106425 -0.030625
v -0.903099 -0.110730 -0.024333
v -0.909389 -0.052741 -0.009896
v -0.904860 -0.050355 -0.003605
v -0.907125 -0.051548 -0.006751
v -0.900972 -0.052785 -0.021211
v -0.905180 -0.052763 -0.015553
v -0.853578 0.044587 0.001353
v -0.870218 0.046923 -0.005545
v -0.861898 0.045755 -0.002096
v -0.866476 0.044534 -0.012325
v -0.860027 0.044561 -0.005486
v -0.797928 -0.051444 0.022035
v -0.794437 -0.050270 0.020352
v -0.804909 -0.053792 0.025400
v -0.801419 -0.052618 0.023718
v -0.794176 -0.053833 0.015242
v -0.790686 -0.052659 0.013560
v -0.796052 -0.052638 0.018639
v -0.899296 -0.093413 -0.024802
v -0.779790 -0.013175 0.024120
v -0.773177 -0.013156 0.029043
v -0.772493 0.106048 -0.000750
v -0.766564 0.106064 0.003660
v -0.770229 0.104879 0.002404
v -0.765163 0.108418 0.001761
v -0.759235 0.108435 0.006171
v -0.762899 0.107250 0.004916
v -0.754707 0.106098 0.012480
v -0.758372 0.104912 0.011224
v -0.760635 0.106081 0.008070
v -0.844331 0.054908 -0.001747
v -0.848248 0.054892 -0.005882
v -0.871963 -0.090345 -0.001426
v -0.872012 -0.073884 -0.001434
v -0.874934 -0.078886 0.002513
v -0.874918 -0.084373 0.002516
v -0.780288 0.054987 0.019925
v -0.776887 0.054969 0.015345
v -0.775188 0.032236 0.013143
v -0.775192 -0.013211 0.013319
v -0.859496 0.046883 -0.015702
v -0.862986 0.045709 -0.014014
v -0.864857 0.046903 -0.010624
v -0.802482 -0.076795 0.017306
v -0.793788 -0.076828 0.009088
v -0.811176 -0.076763 0.025524
v -0.811152 -0.087737 0.025601
v -0.811164 -0.082250 0.025563
v -0.902364 0.007548 -0.004978
v -0.902369 -0.060676 -0.004713
v -0.897961 -0.060675 -0.001431
v -0.897959 -0.037934 -0.001520
v -0.900163 -0.037934 -0.003161
v -0.756739 0.076259 0.036850
v -0.759682 0.082220 0.040803
v -0.758210 0.079240 0.038827
v -0.759661 0.071246 0.040810
v -0.758200 0.073753 0.038830
v -0.894221 -0.102069 -0.023927
v -0.896759 -0.097741 -0.024364
v -0.887155 -0.097714 -0.017229
v -0.837831 0.106046 -0.003755
v -0.832827 0.106066 0.001546
v -0.847840 0.106006 -0.014355
v -0.842835 0.106026 -0.009055
v -0.841583 0.108446 0.003026
v -0.836579 0.108467 0.008326
v -0.839707 0.107246 -0.000364
v -0.767331 0.054973 0.022465
v -0.769280 0.032263 0.024658
v -0.771225 0.054989 0.026674
v -0.771227 0.032271 0.026762
v -0.771229 0.009554 0.026850
v -0.805763 0.030331 0.005969
v -0.801834 0.030347 0.010114
v -0.803876 -0.037866 0.016225
v -0.805879 -0.060606 0.018203
v -0.845079 0.109634 0.004706
v -0.858327 0.109569 -0.009316
v -0.776745 0.071103 0.003639
v -0.757527 0.082131 0.017842
v -0.830843 -0.106263 0.012285
v -0.832544 -0.097585 0.017095
v -0.889652 -0.058214 0.010773
v -0.884709 -0.066952 0.011809
v -0.911086 -0.093350 -0.008937
v -0.889872 -0.106263 0.011272
v -0.896943 -0.101958 0.004536
v -0.884795 -0.097600 0.012080
v -0.812368 -0.114178 0.001623
v -0.808872 -0.113005 -0.000066
v -0.805743 -0.114152 0.008640
v -0.830565 -0.058195 0.012365
v -0.832417 -0.066930 0.017111
v -0.827576 -0.066916 0.022232
v -0.826650 -0.062548 0.019859
v -0.816043 -0.058154 0.027730
v -0.820883 -0.058167 0.022608
v -0.823106 -0.111776 0.011777
v -0.824982 -0.110582 0.015174
v -0.821231 -0.112971 0.008381
v -0.814963 -0.110542 0.025762
v -0.818097 -0.111756 0.017071
v -0.901196 -0.049170 -0.002350
v -0.899252 -0.050385 -0.011153
v -0.889978 -0.049229 -0.017444
v -0.888034 -0.050444 -0.026247
v -0.893643 -0.050415 -0.018700
v -0.895363 -0.052815 -0.028758
v -0.897307 -0.051600 -0.019955
v -0.848249 0.052405 -0.023275
v -0.867107 0.065605 -0.001023
v -0.849743 0.065540 -0.017470
v -0.843457 0.061140 -0.024888
v -0.852139 0.061172 -0.016664
v -0.852425 0.054887 -0.005852
v -0.787611 -0.106282 0.008300
v -0.785908 -0.097641 0.003423
v -0.917285 -0.106339 -0.009097
v -0.917747 -0.093393 -0.020042
v -0.911849 -0.093424 -0.027972
v -0.856340 0.104806 -0.017967
v -0.859836 0.105994 -0.016287
v -0.854464 0.105973 -0.021366
v -0.867085 0.104846 -0.007808
v -0.870581 0.106034 -0.006129
v -0.865209 0.106014 -0.011208
v -0.866828 0.108369 -0.012928
v -0.861455 0.108349 -0.018007
v -0.863332 0.107181 -0.014607
v -0.772740 0.009519 0.015057
v -0.767842 -0.035914 0.018887
v -0.770291 -0.013197 0.016972
v -0.772741 -0.013204 0.015146
v -0.880052 -0.058301 -0.014542
v -0.881242 -0.053933 -0.016784
v -0.878861 -0.062669 -0.012300
v -0.893099 -0.053978 -0.025604
v -0.885980 -0.058323 -0.018952
v -0.828544 0.061200 -0.009080
v -0.830385 0.052477 -0.004347
v -0.879314 -0.093285 0.008513
v -0.873429 -0.093316 0.000573
v -0.795526 -0.052678 0.008438
v -0.805207 -0.052717 -0.001805
v -0.800367 -0.052697 0.003316
v -0.799278 -0.050290 0.015231
v -0.797402 -0.051484 0.011834
v -0.831674 -0.079286 0.021275
v -0.829991 -0.081788 0.023062
v -0.877849 -0.090314 0.006514
v -0.874906 -0.090330 0.002544
v -0.876383 -0.087343 0.004515
v -0.767125 0.082098 0.010707
v -0.786343 0.071071 -0.003496
v -0.776734 0.076585 0.003605
v -0.786320 0.082033 -0.003564
v -0.776722 0.082066 0.003572
v -0.877578 -0.052747 -0.015528
v -0.885450 -0.051555 -0.011135
v -0.883187 -0.052717 -0.007981
v -0.882105 -0.050422 -0.021837
v -0.887714 -0.050392 -0.014290
v -0.898932 -0.050332 0.000805
v -0.893323 -0.050362 -0.006743
v -0.843414 0.052424 -0.018153
v -0.838622 0.061159 -0.019766
v -0.841018 0.056792 -0.018959
v -0.833744 0.052463 -0.007909
v -0.838579 0.052444 -0.013031
v -0.817481 -0.066876 0.032898
v -0.820846 -0.066889 0.029343
v -0.812678 -0.058140 0.031285
v -0.818445 -0.062521 0.028537
v -0.824211 -0.066903 0.025788
v -0.895262 -0.051509 0.002069
v -0.891591 -0.052685 0.003334
v -0.887389 -0.052701 -0.002324
v -0.832824 0.056825 -0.010276
v -0.837702 0.065521 -0.022132
v -0.835263 0.061173 -0.016204
v -0.830983 0.065548 -0.015009
v -0.831903 0.061186 -0.012642
v -0.838542 0.046967 0.006503
v -0.843903 0.046988 0.011582
v -0.840418 0.045800 0.009909
v -0.899472 -0.060721 -0.013224
v -0.902873 -0.060691 -0.008644
v -0.785364 0.106169 0.028967
v -0.779435 0.106186 0.033377
v -0.783099 0.107368 0.032112
v -0.894001 -0.112995 0.000614
v -0.897671 -0.114181 -0.000641
v -0.891921 -0.114211 -0.008385
v -0.822373 -0.097544 0.027863
v -0.827452 -0.106249 0.015874
v -0.822443 -0.106229 0.021168
v -0.815678 -0.049154 0.003232
v -0.812188 -0.050342 0.001553
v -0.802768 -0.049102 0.016910
v -0.805733 -0.050316 0.008392
v -0.808698 -0.051529 -0.000126
v -0.808669 -0.097557 0.024939
v -0.811139 -0.093224 0.025639
v -0.803729 -0.106222 0.023538
v -0.793751 -0.093289 0.009202
v -0.799975 -0.097589 0.016720
v -0.779784 0.054997 0.023856
v -0.907270 -0.113021 -0.006315
v -0.909535 -0.111852 -0.009470
v -0.905185 -0.111875 -0.015324
v -0.885770 -0.051607 -0.023093
v -0.883506 -0.052770 -0.019938
v -0.889435 -0.052792 -0.024348
v -0.792984 -0.106262 0.013380
v -0.792133 -0.101942 0.010941
v -0.798357 -0.106242 0.018459
v -0.829154 -0.097571 0.020685
v -0.828303 -0.101910 0.018279
v -0.825763 -0.097558 0.024274
v -0.783045 0.100548 0.003451
v -0.787395 0.100571 0.009305
v -0.776894 -0.035926 0.015697
v -0.778593 -0.013193 0.017899
v -0.780295 -0.035908 0.020277
v -0.759056 0.106120 0.018334
v -0.761320 0.107289 0.015180
v -0.763406 0.106143 0.024188
v -0.819831 -0.058246 0.002207
v -0.826124 -0.062588 0.009659
v -0.825198 -0.058220 0.007286
v -0.897956 0.007561 -0.001696
v -0.897957 -0.015187 -0.001608
v -0.817554 -0.050316 0.006632
v -0.819431 -0.051478 0.010031
v -0.811099 -0.050290 0.013470
v -0.763169 0.100575 0.009141
v -0.757240 0.100591 0.013551
v -0.756109 0.096270 0.015879
v -0.759967 0.052603 0.029771
v -0.755765 0.052581 0.024114
v -0.754573 0.056960 0.026322
v -0.770913 0.108455 0.009505
v -0.774578 0.107269 0.008249
v -0.776664 0.108491 0.017249
v -0.848207 0.108414 -0.003985
v -0.851335 0.107194 -0.012676
v -0.854831 0.108381 -0.010996
v -0.793776 -0.082315 0.009126
v -0.785094 -0.076860 0.000869
v -0.802458 -0.087769 0.017383
v -0.785069 -0.087834 0.000946
v -0.793763 -0.087802 0.009164
v -0.868776 0.096206 -0.002919
v -0.809713 -0.062528 0.027013
v -0.801945 -0.058180 0.021128
v -0.807311 -0.058160 0.026207
f 1 2603 2605
f 2603 800 2604
f 2604 802 2605
f 2603 2604 2605
f 800 2606 2608
f 2606 2 2607
f 2607 801 2608
f 2606 2607 2608
f 801 2609 2611
f 2609 3 2610
f 2610 802 2611
f 2609 2610 2611
f 800 2608 2604
f 2608 801 2611
f 2611 802 2604
f 2608 2611 2604
f 4 2612 2614
f 2612 803 2613
f 2613 805 2614
f 2612 2613 2614
f 803 2615 2617
f 2615 5 2616
f 2616 804 2617
f 2615 2616 2617
f 804 2618 2620
f 2618 6 2619
f 2619 805 2620
f 2618 2619 2620
f 803 2617 2613
f 2617 804 2620
f 2620 805 2613
f 2617 2620 2613
f 10 2621 2623
f 2621 806 2622
f 2622 808 2623
f 2621 2622 2623
f 806 2624 2626
f 2624 11 2625
f 2625 807 2626
f 2624 2625 2626
f 807 2627 2629
f 2627 12 2628
f 2628 808 2629
f 2627 2628 2629
f 806 2626 2622
f 2626 807 2629
f 2629 808 2622
f 2626 2629 2622
f 13 2630 14
f 2630 809 14
f 809 2631 14
f 2631 2 14
f 15 2632 2634
f 2632 810 2633
f 2633 812 2634
f 2632 2633 2634
f 810 2635 2637
f 2635 16 2636
f 2636 811 2637
f 2635 2636 2637
f 811 2638 2640
f 2638 17 2639
f 2639 812 2640
f 2638 2639 2640
f 810 2637 2633
f 2637 811 2640
f 2640 812 2633
f 2637 2640 2633
f 18 19 2641
f 2641 813 18
f 813 2642 2643
f 2642 20 18
f 2642 18 2643
f 18 813 2643
f 21 2644 2646
f 2644 814 2645
f 2645 816 2646
f 2644 2645 2646
f 814 2647 2649
f 2647 22 2648
f 2648 815 2649
f 2647 2648 2649
f 815 2650 2652
f 2650 23 2651
f 2651 816 2652
f 2650 2651 2652
f 814 2649 2645
f 2649 815 2652
f 2652 816 2645
f 2649 2652 2645
f 24 25 2653
f 2653 817 24
f 817 2654 24
f 2654 26 24
f 27 2655 2657
f 2655 818 2656
f 2656 820 2657
f 2655 2656 2657
f 818 2658 2660
f 2658 28 2659
f 2659 819 2660
f 2658 2659 2660
f 819 2661 2663
f 2661 29 2662
f 2662 820 2663
f 2661 2662 2663
f 818 2660 2656
f 2660 819 2663
f 2663 820 2656
f 2660 2663 2656
f 30 2664 2666
f 2664 821 2665
f 2665 823 2666
f 2664 2665 2666
f 821 2667 2669
f 2667 31 2668
f 2668 822 2669
f 2667 2668 2669
f 822 2670 2672
f 2670 32 2671
f 2671 823 2672
f 2670 2671 2672
f 821 2669 2665
f 2669 822 2672
f 2672 823 2665
f 2669 2672 2665
f 33 2673 2675
f 2673 824 2674
f 2674 826 2675
f 2673 2674 2675
f 824 2676 2678
f 2676 34 2677
f 2677 825 2678
f 2676 2677 2678
f 825 35 2680
f 2679 826 2680
f 35 2679 2680
f 824 2678 2674
f 2678 825 2680
f 2680 826 2674
f 2678 2680 2674
f 36 827 829
f 827 37 828
f 827 828 829
f 828 38 829
f 39 2681 2683
f 2681 830 2682
f 2682 832 2683
f 2681 2682 2683
f 830 2684 2686
f 2684 40 2685
f 2685 831 2686
f 2684 2685 2686
f 831 2687 2689
f 2687 41 2688
f 2688 832 2689
f 2687 2688 2689
f 830 2686 2682
f 2686 831 2689
f 2689 832 2682
f 2686 2689 2682
f 42 2690 2692
f 2690 833 2691
f 2691 835 2692
f 2690 2691 2692
f 833 2693 2695
f 2693 43 2694
f 2694 834 2695
f 2693 2694 2695
f 834 2696 2698
f 2696 44 2697
f 2697 835 2698
f 2696 2697 2698
f 833 2695 2691
f 2695 834 2698
f 2698 835 2691
f 2695 2698 2691
f 45 2699 2701
f 2699 836 2700
f 2700 838 2701
f 2699 2700 2701
f 836 2702 2704
f 2702 46 2703
f 2703 837 2704
f 2702 2703 2704
f 837 2705 2707
f 2705 47 2706
f 2706 838 2707
f 2705 2706 2707
f 836 2704 2700
f 2704 837 2707
f 2707 838 2700
f 2704 2707 2700
f 48 2708 2710
f 2708 839 2709
f 2709 841 2710
f 2708 2709 2710
f 839 2711 2713
f 2711 49 2712
f 2712 840 2713
f 2711 2712 2713
f 840 2714 2716
f 2714 50 2715
f 2715 841 2716
f 2714 2715 2716
f 839 2713 2709
f 2713 840 2716
f 2716 841 2709
f 2713 2716 2709
f 51 2717 2719
f 2717 842 2718
f 2718 844 2719
f 2717 2718 2719
f 842 2720 2722
f 2720 52 2721
f 2721 843 2722
f 2720 2721 2722
f 843 2723 2725
f 2723 53 2724
f 2724 844 2725
f 2723 2724 2725
f 842 2722 2718
f 2722 843 2725
f 2725 844 2718
f 2722 2725 2718
f 54 2726 2728
f 2726 845 2727
f 2727 847 2728
f 2726 2727 2728
f 845 2729 2731
f 2729 55 2730
f 2730 846 2731
f 2729 2730 2731
f 846 2732 2734
f 2732 45 2733
f 2733 847 2734
f 2732 2733 2734
f 845 2731 2727
f 2731 846 2734
f 2734 847 2727
f 2731 2734 2727
f 848 2735 58
f 2735 57 58
f 5 2615 2737
f 2615 803 2736
f 2736 850 2737
f 2615 2736 2737
f 803 2612 2739
f 2612 4 2738
f 2738 849 2739
f 2612 2738 2739
f 849 2740 2742
f 2740 62 2741
f 2741 850 2742
f 2740 2741 2742
f 803 2739 2736
f 2739 849 2742
f 2742 850 2736
f 2739 2742 2736
f 63 2743 2745
f 2743 851 2744
f 2744 853 2745
f 2743 2744 2745
f 851 2746 2748
f 2746 62 2747
f 2747 852 2748
f 2746 2747 2748
f 852 2749 2751
f 2749 64 2750
f 2750 853 2751
f 2749 2750 2751
f 851 2748 2744
f 2748 852 2751
f 2751 853 2744
f 2748 2751 2744
f 65 854 2752
f 854 856 2752
f 854 66 2753
f 2753 855 854
f 855 2754 854
f 2754 67 2755
f 2755 856 854
f 2754 2755 854
f 68 2756 2758
f 2756 857 2757
f 2757 859 2758
f 2756 2757 2758
f 857 2759 2761
f 2759 69 2760
f 2760 858 2761
f 2759 2760 2761
f 858 2762 2764
f 2762 22 2763
f 2763 859 2764
f 2762 2763 2764
f 857 2761 2757
f 2761 858 2764
f 2764 859 2757
f 2761 2764 2757
f 70 860 72
f 860 71 72
f 73 2765 74
f 2765 861 74
f 861 2766 74
f 2766 19 74
f 76 77 75
f 78 79 80
f 81 2767 2769
f 2767 862 2768
f 2768 864 2769
f 2767 2768 2769
f 862 2770 2772
f 2770 28 2771
f 2771 863 2772
f 2770 2771 2772
f 863 2773 2775
f 2773 82 2774
f 2774 864 2775
f 2773 2774 2775
f 862 2772 2768
f 2772 863 2775
f 2775 864 2768
f 2772 2775 2768
f 83 2776 2778
f 2776 865 2777
f 2777 867 2778
f 2776 2777 2778
f 865 2779 2781
f 2779 84 2780
f 2780 866 2781
f 2779 2780 2781
f 866 2782 2784
f 2782 85 2783
f 2783 867 2784
f 2782 2783 2784
f 865 2781 2777
f 2781 866 2784
f 2784 867 2777
f 2781 2784 2777
f 62 2740 2786
f 2740 849 2785
f 2785 869 2786
f 2740 2785 2786
f 849 2738 2788
f 2738 4 2787
f 2787 868 2788
f 2738 2787 2788
f 868 2789 2791
f 2789 86 2790
f 2790 869 2791
f 2789 2790 2791
f 849 2788 2785
f 2788 868 2791
f 2791 869 2785
f 2788 2791 2785
f 58 87 2792
f 2792 870 58
f 870 2793 58
f 2793 56 58
f 88 2794 90
f 2794 871 90
f 871 2795 90
f 2795 89 90
f 91 2796 2798
f 2796 872 2797
f 2797 874 2798
f 2796 2797 2798
f 872 2799 2801
f 2799 40 2800
f 2800 873 2801
f 2799 2800 2801
f 873 2802 2804
f 2802 92 2803
f 2803 874 2804
f 2802 2803 2804
f 872 2801 2797
f 2801 873 2804
f 2804 874 2797
f 2801 2804 2797
f 64 2749 2806
f 2749 852 2805
f 2805 876 2806
f 2749 2805 2806
f 852 2747 2808
f 2747 62 2807
f 2807 875 2808
f 2747 2807 2808
f 875 2809 2811
f 2809 93 2810
f 2810 876 2811
f 2809 2810 2811
f 852 2808 2805
f 2808 875 2811
f 2811 876 2805
f 2808 2811 2805
f 94 2812 2814
f 2812 877 2813
f 2813 879 2814
f 2812 2813 2814
f 877 2815 2817
f 2815 65 2816
f 2816 878 2817
f 2815 2816 2817
f 878 2818 2820
f 2818 95 2819
f 2819 879 2820
f 2818 2819 2820
f 877 2817 2813
f 2817 878 2820
f 2820 879 2813
f 2817 2820 2813
f 96 2821 98
f 2821 880 98
f 880 2822 98
f 2822 97 98
f 74 34 99
f 100 2823 2825
f 2823 881 2824
f 2824 883 2825
f 2823 2824 2825
f 881 2826 2828
f 2826 101 2827
f 2827 882 2828
f 2826 2827 2828
f 882 2829 2831
f 2829 102 2830
f 2830 883 2831
f 2829 2830 2831
f 881 2828 2824
f 2828 882 2831
f 2831 883 2824
f 2828 2831 2824
f 103 2832 2834
f 2832 884 2833
f 2833 885 2834
f 2832 2833 2834
f 884 2835 2836
f 2835 28 2770
f 2770 862 2836
f 2835 2770 2836
f 862 2767 2838
f 2767 81 2837
f 2837 885 2838
f 2767 2837 2838
f 884 2836 2833
f 2836 862 2838
f 2838 885 2833
f 2836 2838 2833
f 104 2839 2841
f 2839 886 2840
f 2840 888 2841
f 2839 2840 2841
f 886 2842 2844
f 2842 105 2843
f 2843 887 2844
f 2842 2843 2844
f 887 2845 2847
f 2845 106 2846
f 2846 888 2847
f 2845 2846 2847
f 886 2844 2840
f 2844 887 2847
f 2847 888 2840
f 2844 2847 2840
f 107 2848 2850
f 2848 889 2849
f 2849 891 2850
f 2848 2849 2850
f 889 2851 2853
f 2851 108 2852
f 2852 890 2853
f 2851 2852 2853
f 890 2854 2856
f 2854 109 2855
f 2855 891 2856
f 2854 2855 2856
f 889 2853 2849
f 2853 890 2856
f 2856 891 2849
f 2853 2856 2849
f 110 2857 2859
f 2857 892 2858
f 2858 894 2859
f 2857 2858 2859
f 892 2860 2862
f 2860 111 2861
f 2861 893 2862
f 2860 2861 2862
f 893 2863 2865
f 2863 112 2864
f 2864 894 2865
f 2863 2864 2865
f 892 2862 2858
f 2862 893 2865
f 2865 894 2858
f 2862 2865 2858
f 113 61 60
f 114 2866 2868
f 2866 895 2867
f 2867 896 2868
f 2866 2867 2868
f 895 2869 2870
f 2869 62 2786
f 2786 869 2870
f 2869 2786 2870
f 869 2790 2872
f 2790 86 2871
f 2871 896 2872
f 2790 2871 2872
f 895 2870 2867
f 2870 869 2872
f 2872 896 2867
f 2870 2872 2867
f 115 116 2873
f 2873 897 115
f 897 2874 115
f 2874 117 115
f 67 2875 2877
f 2875 898 2876
f 2876 899 2877
f 2875 2876 2877
f 898 2878 2879
f 2878 51 2719
f 2719 844 2879
f 2878 2719 2879
f 844 2724 2881
f 2724 53 2880
f 2880 899 2881
f 2724 2880 2881
f 898 2879 2876
f 2879 844 2881
f 2881 899 2876
f 2879 2881 2876
f 62 2746 2741
f 2746 851 2882
f 2882 850 2741
f 2746 2882 2741
f 851 2743 2884
f 2743 63 2883
f 2883 900 2884
f 2743 2883 2884
f 900 2885 2886
f 2885 5 2737
f 2737 850 2886
f 2885 2737 2886
f 851 2884 2882
f 2884 900 2886
f 2886 850 2882
f 2884 2886 2882
f 118 2887 2889
f 2887 901 2888
f 2888 903 2889
f 2887 2888 2889
f 901 2890 2892
f 2890 119 2891
f 2891 902 2892
f 2890 2891 2892
f 902 2893 2895
f 2893 120 2894
f 2894 903 2895
f 2893 2894 2895
f 901 2892 2888
f 2892 902 2895
f 2895 903 2888
f 2892 2895 2888
f 115 117 2896
f 2896 904 115
f 904 2897 115
f 2897 121 115
f 115 121 122
f 116 2898 907
f 2898 905 2899
f 2898 2899 907
f 905 2900 2901
f 2900 123 906
f 2900 906 2901
f 906 2902 2903
f 2902 124 907
f 2902 907 2903
f 905 2901 2899
f 2901 906 2903
f 2903 907 2899
f 2901 2903 2899
f 125 2904 910
f 2904 908 910
f 908 2905 910
f 2905 126 909
f 2905 909 910
f 909 127 910
f 87 58 80
f 128 90 2906
f 90 911 2906
f 90 129 2907
f 2907 911 90
f 32 2908 914
f 2908 912 914
f 912 2909 914
f 2909 121 2910
f 2910 913 914
f 2909 2910 914
f 913 2911 914
f 2911 130 914
f 133 2912 2914
f 2912 915 2913
f 2913 917 2914
f 2912 2913 2914
f 915 2915 2917
f 2915 134 2916
f 2916 916 2917
f 2915 2916 2917
f 916 2918 2920
f 2918 47 2919
f 2919 917 2920
f 2918 2919 2920
f 915 2917 2913
f 2917 916 2920
f 2920 917 2913
f 2917 2920 2913
f 135 2921 2923
f 2921 918 2922
f 2922 920 2923
f 2921 2922 2923
f 918 2924 2926
f 2924 136 2925
f 2925 919 2926
f 2924 2925 2926
f 919 2927 2929
f 2927 137 2928
f 2928 920 2929
f 2927 2928 2929
f 918 2926 2922
f 2926 919 2929
f 2929 920 2922
f 2926 2929 2922
f 138 2930 2932
f 2930 921 2931
f 2931 923 2932
f 2930 2931 2932
f 921 2933 922
f 2933 139 922
f 922 140 2934
f 2934 923 2935
f 922 2934 2935
f 921 922 2931
f 2935 923 2931
f 922 2935 2931
f 64 2936 2750
f 2936 924 2937
f 2937 853 2750
f 2936 2937 2750
f 924 2938 2940
f 2938 141 2939
f 2939 925 2940
f 2938 2939 2940
f 925 2941 2942
f 2941 63 2745
f 2745 853 2942
f 2941 2745 2942
f 924 2940 2937
f 2940 925 2942
f 2942 853 2937
f 2940 2942 2937
f 66 2943 2753
f 2943 926 2944
f 2944 855 2753
f 2943 2944 2753
f 926 2945 2946
f 2945 51 2878
f 2878 898 2946
f 2945 2878 2946
f 898 2875 2944
f 2875 67 2754
f 2754 855 2944
f 2875 2754 2944
f 926 2946 2944
f 2946 898 2944
f 142 2947 2949
f 2947 927 2948
f 2948 929 2949
f 2947 2948 2949
f 927 2950 2952
f 2950 63 2951
f 2951 928 2952
f 2950 2951 2952
f 928 2953 2955
f 2953 143 2954
f 2954 929 2955
f 2953 2954 2955
f 927 2952 2948
f 2952 928 2955
f 2955 929 2948
f 2952 2955 2948
f 99 144 18
f 130 2956 2958
f 2956 930 2957
f 2957 932 2958
f 2956 2957 2958
f 930 2959 2961
f 2959 145 2960
f 2960 931 2961
f 2959 2960 2961
f 931 2962 2964
f 2962 146 2963
f 2963 932 2964
f 2962 2963 2964
f 930 2961 2957
f 2961 931 2964
f 2964 932 2957
f 2961 2964 2957
f 122 92 2802
f 2802 873 122
f 873 2800 122
f 2800 40 122
f 147 2965 2967
f 2965 933 2966
f 2966 935 2967
f 2965 2966 2967
f 933 2968 2970
f 2968 148 2969
f 2969 934 2970
f 2968 2969 2970
f 934 2971 2973
f 2971 149 2972
f 2972 935 2973
f 2971 2972 2973
f 933 2970 2966
f 2970 934 2973
f 2973 935 2966
f 2970 2973 2966
f 150 2974 2976
f 2974 936 2975
f 2975 938 2976
f 2974 2975 2976
f 936 2977 2979
f 2977 38 2978
f 2978 937 2979
f 2977 2978 2979
f 937 2980 2982
f 2980 136 2981
f 2981 938 2982
f 2980 2981 2982
f 936 2979 2975
f 2979 937 2982
f 2982 938 2975
f 2979 2982 2975
f 6 2983 2619
f 2983 939 2984
f 2984 805 2619
f 2983 2984 2619
f 939 2985 2987
f 2985 43 2986
f 2986 940 2987
f 2985 2986 2987
f 940 2988 2989
f 2988 4 2614
f 2614 805 2989
f 2988 2614 2989
f 939 2987 2984
f 2987 940 2989
f 2989 805 2984
f 2987 2989 2984
f 151 2990 2992
f 2990 941 2991
f 2991 943 2992
f 2990 2991 2992
f 941 2993 2995
f 2993 152 2994
f 2994 942 2995
f 2993 2994 2995
f 942 2996 2998
f 2996 153 2997
f 2997 943 2998
f 2996 2997 2998
f 941 2995 2991
f 2995 942 2998
f 2998 943 2991
f 2995 2998 2991
f 152 2993 3000
f 2993 941 2999
f 2999 945 3000
f 2993 2999 3000
f 941 2990 3002
f 2990 151 3001
f 3001 944 3002
f 2990 3001 3002
f 944 3003 3005
f 3003 154 3004
f 3004 945 3005
f 3003 3004 3005
f 941 3002 2999
f 3002 944 3005
f 3005 945 2999
f 3002 3005 2999
f 119 3006 3008
f 3006 946 3007
f 3007 948 3008
f 3006 3007 3008
f 946 3009 3011
f 3009 41 3010
f 3010 947 3011
f 3009 3010 3011
f 947 3012 3014
f 3012 91 3013
f 3013 948 3014
f 3012 3013 3014
f 946 3011 3007
f 3011 947 3014
f 3014 948 3007
f 3011 3014 3007
f 102 3015 90
f 3015 949 90
f 949 3016 90
f 3016 15 90
f 121 2909 3018
f 2909 912 3017
f 3017 950 3018
f 2909 3017 3018
f 2908 32 2670
f 2670 822 2908
f 822 2668 3020
f 2668 31 3019
f 3019 950 3020
f 2668 3019 3020
f 912 2908 3017
f 2908 822 3020
f 3020 950 3017
f 2908 3020 3017
f 155 3021 3023
f 3021 951 3022
f 3022 953 3023
f 3021 3022 3023
f 951 3024 3026
f 3024 23 3025
f 3025 952 3026
f 3024 3025 3026
f 952 3027 3029
f 3027 156 3028
f 3028 953 3029
f 3027 3028 3029
f 951 3026 3022
f 3026 952 3029
f 3029 953 3022
f 3026 3029 3022
f 157 3030 3032
f 3030 954 3031
f 3031 956 3032
f 3030 3031 3032
f 954 3033 3035
f 3033 158 3034
f 3034 955 3035
f 3033 3034 3035
f 955 3036 3038
f 3036 159 3037
f 3037 956 3038
f 3036 3037 3038
f 954 3035 3031
f 3035 955 3038
f 3038 956 3031
f 3035 3038 3031
f 160 3039 3041
f 3039 957 3040
f 3040 959 3041
f 3039 3040 3041
f 957 3042 3044
f 3042 161 3043
f 3043 958 3044
f 3042 3043 3044
f 958 3045 3047
f 3045 162 3046
f 3046 959 3047
f 3045 3046 3047
f 957 3044 3040
f 3044 958 3047
f 3047 959 3040
f 3044 3047 3040
f 145 3048 3050
f 3048 960 3049
f 3049 961 3050
f 3048 3049 3050
f 960 3051 3052
f 3051 116 907
f 3051 907 3052
f 907 124 3053
f 3053 961 3054
f 907 3053 3054
f 960 3052 3049
f 3052 907 3054
f 3054 961 3049
f 3052 3054 3049
f 31 2667 3056
f 2667 821 3055
f 3055 963 3056
f 2667 3055 3056
f 821 2664 3058
f 2664 30 3057
f 3057 962 3058
f 2664 3057 3058
f 962 3059 3061
f 3059 163 3060
f 3060 963 3061
f 3059 3060 3061
f 821 3058 3055
f 3058 962 3061
f 3061 963 3055
f 3058 3061 3055
f 60 165 164
f 151 3062 3001
f 3062 964 3063
f 3063 944 3001
f 3062 3063 3001
f 964 3064 3066
f 3064 166 3065
f 3065 965 3066
f 3064 3065 3066
f 965 3067 3068
f 3067 154 3003
f 3003 944 3068
f 3067 3003 3068
f 964 3066 3063
f 3066 965 3068
f 3068 944 3063
f 3066 3068 3063
f 167 3069 3071
f 3069 966 3070
f 3070 968 3071
f 3069 3070 3071
f 966 3072 3074
f 3072 168 3073
f 3073 967 3074
f 3072 3073 3074
f 967 3075 3077
f 3075 169 3076
f 3076 968 3077
f 3075 3076 3077
f 966 3074 3070
f 3074 967 3077
f 3077 968 3070
f 3074 3077 3070
f 170 3078 3080
f 3078 969 3079
f 3079 970 3080
f 3078 3079 3080
f 969 3081 3082
f 3081 130 2958
f 2958 932 3082
f 3081 2958 3082
f 932 2963 3084
f 2963 146 3083
f 3083 970 3084
f 2963 3083 3084
f 969 3082 3079
f 3082 932 3084
f 3084 970 3079
f 3082 3084 3079
f 171 3085 3087
f 3085 971 3086
f 3086 973 3087
f 3085 3086 3087
f 971 3088 3090
f 3088 172 3089
f 3089 972 3090
f 3088 3089 3090
f 972 3091 3093
f 3091 173 3092
f 3092 973 3093
f 3091 3092 3093
f 971 3090 3086
f 3090 972 3093
f 3093 973 3086
f 3090 3093 3086
f 79 76 75
f 176 3094 3096
f 3094 974 3095
f 3095 976 3096
f 3094 3095 3096
f 974 3097 3099
f 3097 177 3098
f 3098 975 3099
f 3097 3098 3099
f 975 3100 3102
f 3100 139 3101
f 3101 976 3102
f 3100 3101 3102
f 974 3099 3095
f 3099 975 3102
f 3102 976 3095
f 3099 3102 3095
f 139 977 922
f 977 178 3103
f 3103 978 977
f 978 3104 977
f 3104 140 922
f 3104 922 977
f 130 3105 2956
f 3105 979 3106
f 3106 930 2956
f 3105 3106 2956
f 979 3107 3109
f 3107 117 3108
f 3108 980 3109
f 3107 3108 3109
f 980 3110 3111
f 3110 145 2959
f 2959 930 3111
f 3110 2959 3111
f 979 3109 3106
f 3109 980 3111
f 3111 930 3106
f 3109 3111 3106
f 179 3112 3114
f 3112 981 3113
f 3113 983 3114
f 3112 3113 3114
f 981 3115 3117
f 3115 180 3116
f 3116 982 3117
f 3115 3116 3117
f 982 3118 3120
f 3118 181 3119
f 3119 983 3120
f 3118 3119 3120
f 981 3117 3113
f 3117 982 3120
f 3120 983 3113
f 3117 3120 3113
f 182 3121 3123
f 3121 984 3122
f 3122 986 3123
f 3121 3122 3123
f 984 3124 3126
f 3124 183 3125
f 3125 985 3126
f 3124 3125 3126
f 985 3127 3129
f 3127 159 3128
f 3128 986 3129
f 3127 3128 3129
f 984 3126 3122
f 3126 985 3129
f 3129 986 3122
f 3126 3129 3122
f 184 3130 3132
f 3130 987 3131
f 3131 989 3132
f 3130 3131 3132
f 987 3133 3135
f 3133 185 3134
f 3134 988 3135
f 3133 3134 3135
f 988 3136 3138
f 3136 186 3137
f 3137 989 3138
f 3136 3137 3138
f 987 3135 3131
f 3135 988 3138
f 3138 989 3131
f 3135 3138 3131
f 187 3139 3141
f 3139 990 3140
f 3140 992 3141
f 3139 3140 3141
f 990 3142 3144
f 3142 51 3143
f 3143 991 3144
f 3142 3143 3144
f 991 3145 3147
f 3145 188 3146
f 3146 992 3147
f 3145 3146 3147
f 990 3144 3140
f 3144 991 3147
f 3147 992 3140
f 3144 3147 3140
f 161 3042 3149
f 3042 957 3148
f 3148 994 3149
f 3042 3148 3149
f 957 3039 3151
f 3039 160 3150
f 3150 993 3151
f 3039 3150 3151
f 993 3152 3154
f 3152 55 3153
f 3153 994 3154
f 3152 3153 3154
f 957 3151 3148
f 3151 993 3154
f 3154 994 3148
f 3151 3154 3148
f 189 3155 3157
f 3155 995 3156
f 3156 997 3157
f 3155 3156 3157
f 995 3158 3160
f 3158 190 3159
f 3159 996 3160
f 3158 3159 3160
f 996 3161 3163
f 3161 11 3162
f 3162 997 3163
f 3161 3162 3163
f 995 3160 3156
f 3160 996 3163
f 3163 997 3156
f 3160 3163 3156
f 28 3164 2659
f 3164 998 3165
f 3165 819 2659
f 3164 3165 2659
f 998 3166 3168
f 3166 181 3167
f 3167 999 3168
f 3166 3167 3168
f 999 3169 3170
f 3169 29 2661
f 2661 819 3170
f 3169 2661 3170
f 998 3168 3165
f 3168 999 3170
f 3170 819 3165
f 3168 3170 3165
f 61 3171 59
f 3171 191 59
f 78 192 3172
f 3172 1000 78
f 1000 3173 78
f 3173 79 78
f 117 3107 2896
f 3107 979 3174
f 3174 904 2896
f 3107 3174 2896
f 979 3105 3175
f 3105 130 2911
f 2911 913 3175
f 3105 2911 3175
f 913 2910 3176
f 2910 121 2897
f 2897 904 3176
f 2910 2897 3176
f 979 3175 3174
f 3175 913 3176
f 3176 904 3174
f 3175 3176 3174
f 7 3177 3179
f 3177 1001 3178
f 3178 1003 3179
f 3177 3178 3179
f 1001 3180 3182
f 3180 9 3181
f 3181 1002 3182
f 3180 3181 3182
f 1002 3183 3185
f 3183 193 3184
f 3184 1003 3185
f 3183 3184 3185
f 1001 3182 3178
f 3182 1002 3185
f 3185 1003 3178
f 3182 3185 3178
f 194 3186 3188
f 3186 1004 3187
f 3187 1005 3188
f 3186 3187 3188
f 1004 3189 3190
f 3189 47 2705
f 2705 837 3190
f 3189 2705 3190
f 837 2703 3192
f 2703 46 3191
f 3191 1005 3192
f 2703 3191 3192
f 1004 3190 3187
f 3190 837 3192
f 3192 1005 3187
f 3190 3192 3187
f 195 1006 1008
f 1006 89 3193
f 3193 1007 1006
f 1007 3194 1006
f 3194 178 1008
f 3194 1008 1006
f 197 198 3195
f 198 1009 3195
f 198 192 3196
f 3196 1009 198
f 198 99 18
f 165 74 99
f 23 3197 3025
f 3197 1010 3198
f 3198 952 3025
f 3197 3198 3025
f 1010 3199 3201
f 3199 12 3200
f 3200 1011 3201
f 3199 3200 3201
f 1011 3202 3203
f 3202 156 3027
f 3027 952 3203
f 3202 3027 3203
f 1010 3201 3198
f 3201 1011 3203
f 3203 952 3198
f 3201 3203 3198
f 157 3032 3205
f 3032 956 3204
f 3204 1013 3205
f 3032 3204 3205
f 956 3037 3207
f 3037 159 3206
f 3206 1012 3207
f 3037 3206 3207
f 1012 3208 3210
f 3208 12 3209
f 3209 1013 3210
f 3208 3209 3210
f 956 3207 3204
f 3207 1012 3210
f 3210 1013 3204
f 3207 3210 3204
f 201 202 72
f 55 2729 3153
f 2729 845 3211
f 3211 994 3153
f 2729 3211 3153
f 845 2726 3213
f 2726 54 3212
f 3212 1014 3213
f 2726 3212 3213
f 1014 3214 3215
f 3214 161 3149
f 3149 994 3215
f 3214 3149 3215
f 845 3213 3211
f 3213 1014 3215
f 3215 994 3211
f 3213 3215 3211
f 203 3216 3218
f 3216 1015 3217
f 3217 1016 3218
f 3216 3217 3218
f 1015 3219 3220
f 3219 180 3115
f 3115 981 3220
f 3219 3115 3220
f 981 3112 3222
f 3112 179 3221
f 3221 1016 3222
f 3112 3221 3222
f 1015 3220 3217
f 3220 981 3222
f 3222 1016 3217
f 3220 3222 3217
f 41 3009 3224
f 3009 946 3223
f 3223 1018 3224
f 3009 3223 3224
f 946 3006 3226
f 3006 119 3225
f 3225 1017 3226
f 3006 3225 3226
f 1017 3227 3229
f 3227 194 3228
f 3228 1018 3229
f 3227 3228 3229
f 946 3226 3223
f 3226 1017 3229
f 3229 1018 3223
f 3226 3229 3223
f 116 3051 2873
f 3051 960 3230
f 3230 897 2873
f 3051 3230 2873
f 960 3048 3231
f 3048 145 3110
f 3110 980 3231
f 3048 3110 3231
f 980 3108 3232
f 3108 117 2874
f 2874 897 3232
f 3108 2874 3232
f 960 3231 3230
f 3231 980 3232
f 3232 897 3230
f 3231 3232 3230
f 90 89 3233
f 3233 1019 90
f 1019 3234 90
f 3234 102 90
f 204 3235 3237
f 3235 1020 3236
f 3236 1022 3237
f 3235 3236 3237
f 1020 3238 3240
f 3238 156 3239
f 3239 1021 3240
f 3238 3239 3240
f 1021 3241 3243
f 3241 205 3242
f 3242 1022 3243
f 3241 3242 3243
f 1020 3240 3236
f 3240 1021 3243
f 3243 1022 3236
f 3240 3243 3236
f 164 165 206
f 9 207 3244
f 207 1023 3244
f 207 208 3245
f 3245 1023 207
f 10 3246 3248
f 3246 1024 3247
f 3247 1026 3248
f 3246 3247 3248
f 1024 3249 3251
f 3249 69 3250
f 3250 1025 3251
f 3249 3250 3251
f 1025 3252 3254
f 3252 185 3253
f 3253 1026 3254
f 3252 3253 3254
f 1024 3251 3247
f 3251 1025 3254
f 3254 1026 3247
f 3251 3254 3247
f 125 3255 3257
f 3255 1027 3256
f 3256 1029 3257
f 3255 3256 3257
f 1027 3258 3260
f 3258 209 3259
f 3259 1028 3260
f 3258 3259 3260
f 1028 3261 3263
f 3261 210 3262
f 3262 1029 3263
f 3261 3262 3263
f 1027 3260 3256
f 3260 1028 3263
f 3263 1029 3256
f 3260 3263 3256
f 18 144 76
f 211 3264 3266
f 3264 1030 3265
f 3265 1032 3266
f 3264 3265 3266
f 1030 3267 3269
f 3267 212 3268
f 3268 1031 3269
f 3267 3268 3269
f 1031 3270 3272
f 3270 213 3271
f 3271 1032 3272
f 3270 3271 3272
f 1030 3269 3265
f 3269 1031 3272
f 3272 1032 3265
f 3269 3272 3265
f 214 3273 3275
f 3273 1033 3274
f 3274 1035 3275
f 3273 3274 3275
f 1033 3276 3278
f 3276 137 3277
f 3277 1034 3278
f 3276 3277 3278
f 1034 3279 3281
f 3279 88 3280
f 3280 1035 3281
f 3279 3280 3281
f 1033 3278 3274
f 3278 1034 3281
f 3281 1035 3274
f 3278 3281 3274
f 28 3282 3284
f 3282 1036 3283
f 3283 1038 3284
f 3282 3283 3284
f 1036 3285 3287
f 3285 216 3286
f 3286 1037 3287
f 3285 3286 3287
f 1037 3288 3290
f 3288 10 3289
f 3289 1038 3290
f 3288 3289 3290
f 1036 3287 3283
f 3287 1037 3290
f 3290 1038 3283
f 3287 3290 3283
f 219 3291 3292
f 3291 1039 3292
f 1039 3293 3295
f 3293 84 3294
f 3294 1040 3295
f 3293 3294 3295
f 3296 220 3297
f 3297 1041 3296
f 1039 3295 3292
f 3295 1040 3296
f 3296 1041 3292
f 3295 3296 3292
f 135 2923 3299
f 2923 920 3298
f 3298 1042 3299
f 2923 3298 3299
f 920 2928 3300
f 2928 137 3276
f 3276 1033 3300
f 2928 3276 3300
f 1033 3273 3302
f 3273 214 3301
f 3301 1042 3302
f 3273 3301 3302
f 920 3300 3298
f 3300 1033 3302
f 3302 1042 3298
f 3300 3302 3298
f 221 3303 98
f 3303 1043 98
f 1043 3304 98
f 3304 104 98
f 223 215 3305
f 215 1045 3305
f 1044 3306 3308
f 3306 7 3307
f 3307 1045 3308
f 3306 3307 3308
f 215 1044 3308
f 3308 1045 215
f 224 3309 3311
f 3309 1046 3310
f 3310 1048 3311
f 3309 3310 3311
f 1046 3312 3314
f 3312 189 3313
f 3313 1047 3314
f 3312 3313 3314
f 1047 3315 3317
f 3315 10 3316
f 3316 1048 3317
f 3315 3316 3317
f 1046 3314 3310
f 3314 1047 3317
f 3317 1048 3310
f 3314 3317 3310
f 148 3318 2969
f 3318 1049 3319
f 3319 934 2969
f 3318 3319 2969
f 1049 3320 3322
f 3320 169 3321
f 3321 1050 3322
f 3320 3321 3322
f 1050 3323 3324
f 3323 149 2971
f 2971 934 3324
f 3323 2971 3324
f 1049 3322 3319
f 3322 1050 3324
f 3324 934 3319
f 3322 3324 3319
f 152 3325 2994
f 3325 1051 3326
f 3326 942 2994
f 3325 3326 2994
f 1051 3327 3329
f 3327 225 3328
f 3328 1052 3329
f 3327 3328 3329
f 1052 3330 3331
f 3330 153 2996
f 2996 942 3331
f 3330 2996 3331
f 1051 3329 3326
f 3329 1052 3331
f 3331 942 3326
f 3329 3331 3326
f 46 2702 3333
f 2702 836 3332
f 3332 1053 3333
f 2702 3332 3333
f 836 2699 3334
f 2699 45 2732
f 2732 846 3334
f 2699 2732 3334
f 846 2730 3336
f 2730 55 3335
f 3335 1053 3336
f 2730 3335 3336
f 836 3334 3332
f 3334 846 3336
f 3336 1053 3332
f 3334 3336 3332
f 154 3337 3004
f 3337 1054 3338
f 3338 945 3004
f 3337 3338 3004
f 1054 3339 3341
f 3339 147 3340
f 3340 1055 3341
f 3339 3340 3341
f 1055 3342 3343
f 3342 152 3000
f 3000 945 3343
f 3342 3000 3343
f 1054 3341 3338
f 3341 1055 3343
f 3343 945 3338
f 3341 3343 3338
f 228 3344 3346
f 3344 1056 3345
f 3345 1058 3346
f 3344 3345 3346
f 1056 3347 3349
f 3347 96 3348
f 3348 1057 3349
f 3347 3348 3349
f 1057 3350 3352
f 3350 229 3351
f 3351 1058 3352
f 3350 3351 3352
f 1056 3349 3345
f 3349 1057 3352
f 3352 1058 3345
f 3349 3352 3345
f 230 3353 3355
f 3353 1059 3354
f 3354 1061 3355
f 3353 3354 3355
f 1059 3356 3358
f 3356 231 3357
f 3357 1060 3358
f 3356 3357 3358
f 1060 3359 3361
f 3359 232 3360
f 3360 1061 3361
f 3359 3360 3361
f 1059 3358 3354
f 3358 1060 3361
f 3361 1061 3354
f 3358 3361 3354
f 91 3012 2796
f 3012 947 3362
f 3362 872 2796
f 3012 3362 2796
f 947 3010 3363
f 3010 41 2687
f 2687 831 3363
f 3010 2687 3363
f 831 2685 3364
f 2685 40 2799
f 2799 872 3364
f 2685 2799 3364
f 947 3363 3362
f 3363 831 3364
f 3364 872 3362
f 3363 3364 3362
f 233 206 198
f 150 2976 3366
f 2976 938 3365
f 3365 1062 3366
f 2976 3365 3366
f 938 2981 3367
f 2981 136 2924
f 2924 918 3367
f 2981 2924 3367
f 918 2921 3369
f 2921 135 3368
f 3368 1062 3369
f 2921 3368 3369
f 938 3367 3365
f 3367 918 3369
f 3369 1062 3365
f 3367 3369 3365
f 234 3370 3372
f 3370 1063 3371
f 3371 1065 3372
f 3370 3371 3372
f 1063 3373 3375
f 3373 175 3374
f 3374 1064 3375
f 3373 3374 3375
f 1064 3376 3378
f 3376 97 3377
f 3377 1065 3378
f 3376 3377 3378
f 1063 3375 3371
f 3375 1064 3378
f 3378 1065 3371
f 3375 3378 3371
f 140 3379 3381
f 3379 1066 3380
f 3380 1068 3381
f 3379 3380 3381
f 1066 3382 3384
f 3382 235 3383
f 3383 1067 3384
f 3382 3383 3384
f 1067 3385 3387
f 3385 218 3386
f 3386 1068 3387
f 3385 3386 3387
f 1066 3384 3380
f 3384 1067 3387
f 3387 1068 3380
f 3384 3387 3380
f 237 3388 1071
f 3388 1069 1071
f 1069 3389 1071
f 3389 129 3390
f 3390 1070 1071
f 3389 3390 1071
f 1070 3391 1071
f 3391 17 1071
f 123 2900 238
f 2900 905 238
f 905 2898 238
f 2898 116 238
f 188 3392 3394
f 3392 1072 3393
f 3393 1074 3394
f 3392 3393 3394
f 1072 3395 3397
f 3395 239 3396
f 3396 1073 3397
f 3395 3396 3397
f 1073 3398 3400
f 3398 234 3399
f 3399 1074 3400
f 3398 3399 3400
f 1072 3397 3393
f 3397 1073 3400
f 3400 1074 3393
f 3397 3400 3393
f 240 3401 3403
f 3401 1075 3402
f 3402 1076 3403
f 3401 3402 3403
f 1075 3404 3405
f 3404 172 3088
f 3088 971 3405
f 3404 3088 3405
f 971 3085 3407
f 3085 171 3406
f 3406 1076 3407
f 3085 3406 3407
f 1075 3405 3402
f 3405 971 3407
f 3407 1076 3402
f 3405 3407 3402
f 234 3398 3370
f 3398 1073 3408
f 3408 1063 3370
f 3398 3408 3370
f 1073 3396 3410
f 3396 239 3409
f 3409 1077 3410
f 3396 3409 3410
f 1077 3411 3412
f 3411 175 3373
f 3373 1063 3412
f 3411 3373 3412
f 1073 3410 3408
f 3410 1077 3412
f 3412 1063 3408
f 3410 3412 3408
f 99 34 241
f 242 3413 3415
f 3413 1078 3414
f 3414 1080 3415
f 3413 3414 3415
f 1078 3416 3418
f 3416 91 3417
f 3417 1079 3418
f 3416 3417 3418
f 1079 3419 3421
f 3419 243 3420
f 3420 1080 3421
f 3419 3420 3421
f 1078 3418 3414
f 3418 1079 3421
f 3421 1080 3414
f 3418 3421 3414
f 244 3422 3424
f 3422 1081 3423
f 3423 1082 3424
f 3422 3423 3424
f 1081 3425 3426
f 3425 16 2635
f 2635 810 3426
f 3425 2635 3426
f 810 2632 3428
f 2632 15 3427
f 3427 1082 3428
f 2632 3427 3428
f 1081 3426 3423
f 3426 810 3428
f 3428 1082 3423
f 3426 3428 3423
f 245 3429 3431
f 3429 1083 3430
f 3430 1085 3431
f 3429 3430 3431
f 1083 3432 3434
f 3432 246 3433
f 3433 1084 3434
f 3432 3433 3434
f 1084 3435 3437
f 3435 224 3436
f 3436 1085 3437
f 3435 3436 3437
f 1083 3434 3430
f 3434 1084 3437
f 3437 1085 3430
f 3434 3437 3430
f 248 3438 3440
f 3438 1086 3439
f 3439 1088 3440
f 3438 3439 3440
f 1086 3441 3443
f 3441 4 3442
f 3442 1087 3443
f 3441 3442 3443
f 1087 3444 3446
f 3444 42 3445
f 3445 1088 3446
f 3444 3445 3446
f 1086 3443 3439
f 3443 1087 3446
f 3446 1088 3439
f 3443 3446 3439
f 249 3447 3449
f 3447 1089 3448
f 3448 1091 3449
f 3447 3448 3449
f 1089 3450 3452
f 3450 250 3451
f 3451 1090 3452
f 3450 3451 3452
f 1090 3453 3455
f 3453 251 3454
f 3454 1091 3455
f 3453 3454 3455
f 1089 3452 3448
f 3452 1090 3455
f 3455 1091 3448
f 3452 3455 3448
f 243 3456 3458
f 3456 1092 3457
f 3457 1094 3458
f 3456 3457 3458
f 1092 3459 3461
f 3459 92 3460
f 3460 1093 3461
f 3459 3460 3461
f 1093 3462 3464
f 3462 253 3463
f 3463 1094 3464
f 3462 3463 3464
f 1092 3461 3457
f 3461 1093 3464
f 3464 1094 3457
f 3461 3464 3457
f 190 3465 3159
f 3465 1095 3466
f 3466 996 3159
f 3465 3466 3159
f 1095 3467 3469
f 3467 254 3468
f 3468 1096 3469
f 3467 3468 3469
f 1096 3470 3471
f 3470 11 3161
f 3161 996 3471
f 3470 3161 3471
f 1095 3469 3466
f 3469 1096 3471
f 3471 996 3466
f 3469 3471 3466
f 166 3472 3065
f 3472 1097 3473
f 3473 965 3065
f 3472 3473 3065
f 1097 3474 3476
f 3474 255 3475
f 3475 1098 3476
f 3474 3475 3476
f 1098 3477 3478
f 3477 154 3067
f 3067 965 3478
f 3477 3067 3478
f 1097 3476 3473
f 3476 1098 3478
f 3478 965 3473
f 3476 3478 3473
f 256 3479 3481
f 3479 1099 3480
f 3480 1101 3481
f 3479 3480 3481
f 1099 3482 3484
f 3482 92 3483
f 3483 1100 3484
f 3482 3483 3484
f 1100 3485 3487
f 3485 257 3486
f 3486 1101 3487
f 3485 3486 3487
f 1099 3484 3480
f 3484 1100 3487
f 3487 1101 3480
f 3484 3487 3480
f 225 3488 3490
f 3488 1102 3489
f 3489 1104 3490
f 3488 3489 3490
f 1102 3491 3493
f 3491 230 3492
f 3492 1103 3493
f 3491 3492 3493
f 1103 3494 3496
f 3494 258 3495
f 3495 1104 3496
f 3494 3495 3496
f 1102 3493 3489
f 3493 1103 3496
f 3496 1104 3489
f 3493 3496 3489
f 236 3497 3499
f 3497 1105 3498
f 3498 1107 3499
f 3497 3498 3499
f 1105 3500 3502
f 3500 5 3501
f 3501 1106 3502
f 3500 3501 3502
f 1106 3503 3505
f 3503 259 3504
f 3504 1107 3505
f 3503 3504 3505
f 1105 3502 3498
f 3502 1106 3505
f 3505 1107 3498
f 3502 3505 3498
f 25 3506 132
f 3506 1108 132
f 1108 3507 132
f 3507 70 132
f 82 3508 3510
f 3508 1109 3509
f 3509 1111 3510
f 3508 3509 3510
f 1109 3511 3513
f 3511 260 3512
f 3512 1110 3513
f 3511 3512 3513
f 1110 3514 3516
f 3514 33 3515
f 3515 1111 3516
f 3514 3515 3516
f 1109 3513 3509
f 3513 1110 3516
f 3516 1111 3509
f 3513 3516 3509
f 2 3517 201
f 3517 1112 201
f 1112 3518 201
f 3518 261 201
f 122 121 3018
f 3018 950 122
f 950 3019 122
f 3019 31 122
f 122 31 3056
f 3056 963 122
f 963 3060 122
f 3060 163 122
f 184 3519 3521
f 3519 1113 3520
f 3520 1115 3521
f 3519 3520 3521
f 1113 3522 3524
f 3522 124 3523
f 3523 1114 3524
f 3522 3523 3524
f 1114 3525 3527
f 3525 203 3526
f 3526 1115 3527
f 3525 3526 3527
f 1113 3524 3520
f 3524 1114 3527
f 3527 1115 3520
f 3524 3527 3520
f 38 3528 3530
f 3528 1116 3529
f 3529 1117 3530
f 3528 3529 3530
f 1116 3531 3532
f 3531 235 3382
f 3382 1066 3532
f 3531 3382 3532
f 1066 3379 3534
f 3379 140 3533
f 3533 1117 3534
f 3379 3533 3534
f 1116 3532 3529
f 3532 1066 3534
f 3534 1117 3529
f 3532 3534 3529
f 234 3372 3536
f 3372 1065 3535
f 3535 1119 3536
f 3372 3535 3536
f 1065 3377 3538
f 3377 97 3537
f 3537 1118 3538
f 3377 3537 3538
f 1118 3539 3541
f 3539 37 3540
f 3540 1119 3541
f 3539 3540 3541
f 1065 3538 3535
f 3538 1118 3541
f 3541 1119 3535
f 3538 3541 3535
f 205 3542 3544
f 3542 1120 3543
f 3543 1122 3544
f 3542 3543 3544
f 1120 3545 3547
f 3545 12 3546
f 3546 1121 3547
f 3545 3546 3547
f 1121 3548 3550
f 3548 264 3549
f 3549 1122 3550
f 3548 3549 3550
f 1120 3547 3543
f 3547 1121 3550
f 3550 1122 3543
f 3547 3550 3543
f 266 3551 3553
f 3551 1123 3552
f 3552 1125 3553
f 3551 3552 3553
f 1123 3554 3556
f 3554 267 3555
f 3555 1124 3556
f 3554 3555 3556
f 1124 3557 3559
f 3557 268 3558
f 3558 1125 3559
f 3557 3558 3559
f 1123 3556 3552
f 3556 1124 3559
f 3559 1125 3552
f 3556 3559 3552
f 125 3560 3562
f 3560 1126 3561
f 3561 1128 3562
f 3560 3561 3562
f 1126 3563 3565
f 3563 17 3564
f 3564 1127 3565
f 3563 3564 3565
f 1127 3566 3568
f 3566 270 3567
f 3567 1128 3568
f 3566 3567 3568
f 1126 3565 3561
f 3565 1127 3568
f 3568 1128 3561
f 3565 3568 3561
f 13 14 3569
f 14 1129 3569
f 14 126 3570
f 3570 1129 14
f 144 99 241
f 145 3050 3572
f 3050 961 3571
f 3571 1130 3572
f 3050 3571 3572
f 961 3053 3573
f 3053 124 3522
f 3522 1113 3573
f 3053 3522 3573
f 1113 3519 3575
f 3519 184 3574
f 3574 1130 3575
f 3519 3574 3575
f 961 3573 3571
f 3573 1113 3575
f 3575 1130 3571
f 3573 3575 3571
f 99 198 206
f 254 3576 3468
f 3576 1131 3577
f 3577 1096 3468
f 3576 3577 3468
f 1131 3578 3580
f 3578 271 3579
f 3579 1132 3580
f 3578 3579 3580
f 1132 3581 3582
f 3581 11 3470
f 3470 1096 3582
f 3581 3470 3582
f 1131 3580 3577
f 3580 1132 3582
f 3582 1096 3577
f 3580 3582 3577
f 272 207 3583
f 207 1133 3583
f 3584 263 3585
f 3585 1133 207
f 3584 3585 207
f 39 3586 3588
f 3586 1134 3587
f 3587 1136 3588
f 3586 3587 3588
f 1134 3589 3591
f 3589 88 3590
f 3590 1135 3591
f 3589 3590 3591
f 1135 3592 3594
f 3592 128 3593
f 3593 1136 3594
f 3592 3593 3594
f 1134 3591 3587
f 3591 1135 3594
f 3594 1136 3587
f 3591 3594 3587
f 106 3595 98
f 3595 1137 98
f 1137 3596 98
f 3596 229 98
f 274 3597 3599
f 3597 1138 3598
f 3598 1139 3599
f 3597 3598 3599
f 1138 3600 3601
f 3600 182 3123
f 3123 986 3601
f 3600 3123 3601
f 986 3128 3603
f 3128 159 3602
f 3602 1139 3603
f 3128 3602 3603
f 1138 3601 3598
f 3601 986 3603
f 3603 1139 3598
f 3601 3603 3598
f 226 3604 3606
f 3604 1140 3605
f 3605 1142 3606
f 3604 3605 3606
f 1140 3607 3609
f 3607 160 3608
f 3608 1141 3609
f 3607 3608 3609
f 1141 3610 3612
f 3610 275 3611
f 3611 1142 3612
f 3610 3611 3612
f 1140 3609 3605
f 3609 1141 3612
f 3612 1142 3605
f 3609 3612 3605
f 202 3613 72
f 3613 1143 3614
f 3613 3614 72
f 1143 3615 3616
f 3615 245 72
f 3615 72 3616
f 1143 3616 3614
f 3616 72 3614
f 276 3617 3619
f 3617 1144 3618
f 3618 1146 3619
f 3617 3618 3619
f 1144 3620 3622
f 3620 277 3621
f 3621 1145 3622
f 3620 3621 3622
f 1145 3623 3625
f 3623 195 3624
f 3624 1146 3625
f 3623 3624 3625
f 1144 3622 3618
f 3622 1145 3625
f 3625 1146 3618
f 3622 3625 3618
f 27 3626 3628
f 3626 1147 3627
f 3627 1149 3628
f 3626 3627 3628
f 1147 3629 3631
f 3629 77 3630
f 3630 1148 3631
f 3629 3630 3631
f 1148 3632 3634
f 3632 278 3633
f 3633 1149 3634
f 3632 3633 3634
f 1147 3631 3627
f 3631 1148 3634
f 3634 1149 3627
f 3631 3634 3627
f 270 3635 201
f 3635 1150 201
f 1150 3636 201
f 3636 202 201
f 22 3637 2648
f 3637 1151 3638
f 3638 815 2648
f 3637 3638 2648
f 1151 3639 3640
f 3639 12 3199
f 3199 1010 3640
f 3639 3199 3640
f 1010 3197 3641
f 3197 23 2650
f 2650 815 3641
f 3197 2650 3641
f 1151 3640 3638
f 3640 1010 3641
f 3641 815 3638
f 3640 3641 3638
f 61 215 281
f 283 284 3642
f 284 1152 3642
f 284 285 3643
f 3643 1152 284
f 259 3644 3646
f 3644 1153 3645
f 3645 1155 3646
f 3644 3645 3646
f 1153 3647 3649
f 3647 6 3648
f 3648 1154 3649
f 3647 3648 3649
f 1154 3650 3652
f 3650 286 3651
f 3651 1155 3652
f 3650 3651 3652
f 1153 3649 3645
f 3649 1154 3652
f 3652 1155 3645
f 3649 3652 3645
f 175 3411 3654
f 3411 1077 3653
f 3653 1157 3654
f 3411 3653 3654
f 1077 3409 3653
f 3409 239 3655
f 3655 1156 3653
f 3409 3655 3653
f 1156 3656 3658
f 3656 106 3657
f 3657 1157 3658
f 3656 3657 3658
f 3653 1156 3658
f 3658 1157 3653
f 201 287 3659
f 3659 1158 201
f 1158 3660 201
f 3660 288 201
f 289 3661 3663
f 3661 1159 3662
f 3662 1161 3663
f 3661 3662 3663
f 1159 3664 3666
f 3664 129 3665
f 3665 1160 3666
f 3664 3665 3666
f 1160 3667 3669
f 3667 290 3668
f 3668 1161 3669
f 3667 3668 3669
f 1159 3666 3662
f 3666 1160 3669
f 3669 1161 3662
f 3666 3669 3662
f 37 284 828
f 284 3670 828
f 3670 38 828
f 11 3671 2625
f 3671 1162 3672
f 3672 807 2625
f 3671 3672 2625
f 1162 3673 3674
f 3673 157 3205
f 3205 1013 3674
f 3673 3205 3674
f 1013 3209 3675
f 3209 12 2627
f 2627 807 3675
f 3209 2627 3675
f 1162 3674 3672
f 3674 1013 3675
f 3675 807 3672
f 3674 3675 3672
f 272 3676 3678
f 3676 1163 3677
f 3677 1165 3678
f 3676 3677 3678
f 1163 3679 3681
f 3679 291 3680
f 3680 1164 3681
f 3679 3680 3681
f 1164 3682 3684
f 3682 103 3683
f 3683 1165 3684
f 3682 3683 3684
f 1163 3681 3677
f 3681 1164 3684
f 3684 1165 3677
f 3681 3684 3677
f 143 3685 3687
f 3685 1166 3686
f 3686 1168 3687
f 3685 3686 3687
f 1166 3688 3690
f 3688 141 3689
f 3689 1167 3690
f 3688 3689 3690
f 1167 3691 3693
f 3691 187 3692
f 3692 1168 3693
f 3691 3692 3693
f 1166 3690 3686
f 3690 1167 3693
f 3693 1168 3686
f 3690 3693 3686
f 253 3462 3695
f 3462 1093 3694
f 3694 1169 3695
f 3462 3694 3695
f 1093 3460 3696
f 3460 92 3482
f 3482 1099 3696
f 3460 3482 3696
f 1099 3479 3698
f 3479 256 3697
f 3697 1169 3698
f 3479 3697 3698
f 1093 3696 3694
f 3696 1099 3698
f 3698 1169 3694
f 3696 3698 3694
f 292 3699 3701
f 3699 1170 3700
f 3700 1171 3701
f 3699 3700 3701
f 1170 3702 3703
f 3702 202 3636
f 3636 1150 3703
f 3702 3636 3703
f 1150 3635 3705
f 3635 270 3704
f 3704 1171 3705
f 3635 3704 3705
f 1170 3703 3700
f 3703 1150 3705
f 3705 1171 3700
f 3703 3705 3700
f 293 3706 3708
f 3706 1172 3707
f 3707 1174 3708
f 3706 3707 3708
f 1172 3709 3711
f 3709 294 3710
f 3710 1173 3711
f 3709 3710 3711
f 1173 3712 3714
f 3712 17 3713
f 3713 1174 3714
f 3712 3713 3714
f 1172 3711 3707
f 3711 1173 3714
f 3714 1174 3707
f 3711 3714 3707
f 61 281 35
f 296 3715 3717
f 3715 1175 3716
f 3716 1177 3717
f 3715 3716 3717
f 1175 3718 3720
f 3718 297 3719
f 3719 1176 3720
f 3718 3719 3720
f 1176 3721 3723
f 3721 298 3722
f 3722 1177 3723
f 3721 3722 3723
f 1175 3720 3716
f 3720 1176 3723
f 3723 1177 3716
f 3720 3723 3716
f 16 3724 2636
f 3724 1178 3725
f 3725 811 2636
f 3724 3725 2636
f 1178 3726 3727
f 3726 293 3708
f 3708 1174 3727
f 3726 3708 3727
f 1174 3713 3728
f 3713 17 2638
f 2638 811 3728
f 3713 2638 3728
f 1178 3727 3725
f 3727 1174 3728
f 3728 811 3725
f 3727 3728 3725
f 275 3610 3730
f 3610 1141 3729
f 3729 1180 3730
f 3610 3729 3730
f 1141 3608 3732
f 3608 160 3731
f 3731 1179 3732
f 3608 3731 3732
f 1179 3733 3735
f 3733 200 3734
f 3734 1180 3735
f 3733 3734 3735
f 1141 3732 3729
f 3732 1179 3735
f 3735 1180 3729
f 3732 3735 3729
f 134 3736 2916
f 3736 1181 3737
f 3737 916 2916
f 3736 3737 2916
f 1181 3738 3740
f 3738 301 3739
f 3739 1182 3740
f 3738 3739 3740
f 1182 3741 3742
f 3741 47 2918
f 2918 916 3742
f 3741 2918 3742
f 1181 3740 3737
f 3740 1182 3742
f 3742 916 3737
f 3740 3742 3737
f 192 18 76
f 17 3563 1071
f 3563 1126 1071
f 1126 3560 1071
f 3560 125 3743
f 3743 1183 1071
f 3560 3743 1071
f 1183 3744 1071
f 3744 237 1071
f 272 3583 3676
f 3583 1133 3745
f 3745 1163 3676
f 3583 3745 3676
f 1133 3585 3747
f 3585 263 3746
f 3746 1184 3747
f 3585 3746 3747
f 1184 3748 3749
f 3748 291 3679
f 3679 1163 3749
f 3748 3679 3749
f 1133 3747 3745
f 3747 1184 3749
f 3749 1163 3745
f 3747 3749 3745
f 246 3750 3752
f 3750 1185 3751
f 3751 1186 3752
f 3750 3751 3752
f 1185 3753 3754
f 3753 190 3158
f 3158 995 3754
f 3753 3158 3754
f 995 3155 3756
f 3155 189 3755
f 3755 1186 3756
f 3155 3755 3756
f 1185 3754 3751
f 3754 995 3756
f 3756 1186 3751
f 3754 3756 3751
f 206 165 99
f 247 3757 3759
f 3757 1187 3758
f 3758 1189 3759
f 3757 3758 3759
f 1187 3760 3762
f 3760 161 3761
f 3761 1188 3762
f 3760 3761 3762
f 1188 3763 3765
f 3763 252 3764
f 3764 1189 3765
f 3763 3764 3765
f 1187 3762 3758
f 3762 1188 3765
f 3765 1189 3758
f 3762 3765 3758
f 252 3766 3768
f 3766 1190 3767
f 3767 1192 3768
f 3766 3767 3768
f 1190 3769 3771
f 3769 55 3770
f 3770 1191 3771
f 3769 3770 3771
f 1191 3772 3774
f 3772 303 3773
f 3773 1192 3774
f 3772 3773 3774
f 1190 3771 3767
f 3771 1191 3774
f 3774 1192 3767
f 3771 3774 3767
f 163 1193 122
f 1193 304 122
f 28 3284 3776
f 3284 1038 3775
f 3775 1195 3776
f 3284 3775 3776
f 1038 3289 3778
f 3289 10 3777
f 3777 1194 3778
f 3289 3777 3778
f 1194 3779 3781
f 3779 179 3780
f 3780 1195 3781
f 3779 3780 3781
f 1038 3778 3775
f 3778 1194 3781
f 3781 1195 3775
f 3778 3781 3775
f 273 3782 3784
f 3782 1196 3783
f 3783 1198 3784
f 3782 3783 3784
f 1196 3785 3787
f 3785 162 3786
f 3786 1197 3787
f 3785 3786 3787
f 1197 3788 3790
f 3788 247 3789
f 3789 1198 3790
f 3788 3789 3790
f 1196 3787 3783
f 3787 1197 3790
f 3790 1198 3783
f 3787 3790 3783
f 35 74 60
f 193 132 3791
f 132 1199 3791
f 132 131 3792
f 3792 1199 132
f 17 3793 3564
f 3793 1200 3794
f 3794 1127 3564
f 3793 3794 3564
f 1200 3795 3796
f 3795 292 3701
f 3701 1171 3796
f 3795 3701 3796
f 1171 3704 3797
f 3704 270 3566
f 3566 1127 3797
f 3704 3566 3797
f 1200 3796 3794
f 3796 1171 3797
f 3797 1127 3794
f 3796 3797 3794
f 306 3798 3800
f 3798 1201 3799
f 3799 1203 3800
f 3798 3799 3800
f 1201 3801 3803
f 3801 176 3802
f 3802 1202 3803
f 3801 3802 3803
f 1202 3804 3806
f 3804 138 3805
f 3805 1203 3806
f 3804 3805 3806
f 1201 3803 3799
f 3803 1202 3806
f 3806 1203 3799
f 3803 3806 3799
f 120 3807 3809
f 3807 1204 3808
f 3808 1205 3809
f 3807 3808 3809
f 1204 3810 3811
f 3810 91 3416
f 3416 1078 3811
f 3810 3416 3811
f 1078 3413 3813
f 3413 242 3812
f 3812 1205 3813
f 3413 3812 3813
f 1204 3811 3808
f 3811 1078 3813
f 3813 1205 3808
f 3811 3813 3808
f 101 3814 3816
f 3814 1206 3815
f 3815 1207 3816
f 3814 3815 3816
f 1206 3817 3818
f 3817 244 3424
f 3424 1082 3818
f 3817 3424 3818
f 1082 3427 3820
f 3427 15 3819
f 3819 1207 3820
f 3427 3819 3820
f 1206 3818 3815
f 3818 1082 3820
f 3820 1207 3815
f 3818 3820 3815
f 183 3821 3823
f 3821 1208 3822
f 3822 1210 3823
f 3821 3822 3823
f 1208 3824 3826
f 3824 307 3825
f 3825 1209 3826
f 3824 3825 3826
f 1209 3827 3829
f 3827 12 3828
f 3828 1210 3829
f 3827 3828 3829
f 1208 3826 3822
f 3826 1209 3829
f 3829 1210 3822
f 3826 3829 3822
f 214 3275 3831
f 3275 1035 3830
f 3830 1211 3831
f 3275 3830 3831
f 1035 3280 3832
f 3280 88 3589
f 3589 1134 3832
f 3280 3589 3832
f 1134 3586 3834
f 3586 39 3833
f 3833 1211 3834
f 3586 3833 3834
f 1035 3832 3830
f 3832 1134 3834
f 3834 1211 3830
f 3832 3834 3830
f 308 3835 3837
f 3835 1212 3836
f 3836 1214 3837
f 3835 3836 3837
f 1212 3838 3840
f 3838 194 3839
f 3839 1213 3840
f 3838 3839 3840
f 1213 3841 3843
f 3841 309 3842
f 3842 1214 3843
f 3841 3842 3843
f 1212 3840 3836
f 3840 1213 3843
f 3843 1214 3836
f 3840 3843 3836
f 80 79 75
f 214 3844 3301
f 3844 1215 3845
f 3845 1042 3301
f 3844 3845 3301
f 1215 3846 3848
f 3846 194 3847
f 3847 1216 3848
f 3846 3847 3848
f 1216 3849 3850
f 3849 135 3299
f 3299 1042 3850
f 3849 3299 3850
f 1215 3848 3845
f 3848 1216 3850
f 3850 1042 3845
f 3848 3850 3845
f 275 3730 3852
f 3730 1180 3851
f 3851 1218 3852
f 3730 3851 3852
f 1180 3734 3854
f 3734 200 3853
f 3853 1217 3854
f 3734 3853 3854
f 1217 3855 3857
f 3855 273 3856
f 3856 1218 3857
f 3855 3856 3857
f 1180 3854 3851
f 3854 1217 3857
f 3857 1218 3851
f 3854 3857 3851
f 311 3858 3860
f 3858 1219 3859
f 3859 1220 3860
f 3858 3859 3860
f 1219 3861 3862
f 3861 129 3389
f 3389 1069 3862
f 3861 3389 3862
f 1069 3388 3864
f 3388 237 3863
f 3863 1220 3864
f 3388 3863 3864
f 1219 3862 3859
f 3862 1069 3864
f 3864 1220 3859
f 3862 3864 3859
f 13 3865 3867
f 3865 1221 3866
f 3866 1223 3867
f 3865 3866 3867
f 1221 3868 3870
f 3868 237 3869
f 3869 1222 3870
f 3868 3869 3870
f 1222 3871 3873
f 3871 127 3872
f 3872 1223 3873
f 3871 3872 3873
f 1221 3870 3866
f 3870 1222 3873
f 3873 1223 3866
f 3870 3873 3866
f 131 3874 3876
f 3874 1224 3875
f 3875 1226 3876
f 3874 3875 3876
f 1224 3877 3879
f 3877 70 3878
f 3878 1225 3879
f 3877 3878 3879
f 1225 3880 3882
f 3880 314 3881
f 3881 1226 3882
f 3880 3881 3882
f 1224 3879 3875
f 3879 1225 3882
f 3882 1226 3875
f 3879 3882 3875
f 36 3883 3885
f 3883 1227 3884
f 3884 1229 3885
f 3883 3884 3885
f 1227 3886 3888
f 3886 6 3887
f 3887 1228 3888
f 3886 3887 3888
f 1228 3889 3891
f 3889 142 3890
f 3890 1229 3891
f 3889 3890 3891
f 1227 3888 3884
f 3888 1228 3891
f 3891 1229 3884
f 3888 3891 3884
f 76 79 3173
f 3173 1000 76
f 1000 3172 76
f 3172 192 76
f 103 3892 2832
f 3892 1230 3893
f 3893 884 2832
f 3892 3893 2832
f 1230 3894 3895
f 3894 216 3285
f 3285 1036 3895
f 3894 3285 3895
f 1036 3282 3896
f 3282 28 2835
f 2835 884 3896
f 3282 2835 3896
f 1230 3895 3893
f 3895 1036 3896
f 3896 884 3893
f 3895 3896 3893
f 230 3897 3492
f 3897 1231 3898
f 3898 1103 3492
f 3897 3898 3492
f 1231 3899 3901
f 3899 316 3900
f 3900 1232 3901
f 3899 3900 3901
f 1232 3902 3903
f 3902 258 3494
f 3494 1103 3903
f 3902 3494 3903
f 1231 3901 3898
f 3901 1232 3903
f 3903 1103 3898
f 3901 3903 3898
f 317 3904 3906
f 3904 1233 3905
f 3905 1235 3906
f 3904 3905 3906
f 1233 3907 3909
f 3907 318 3908
f 3908 1234 3909
f 3907 3908 3909
f 1234 3910 3912
f 3910 319 3911
f 3911 1235 3912
f 3910 3911 3912
f 1233 3909 3905
f 3909 1234 3912
f 3912 1235 3905
f 3909 3912 3905
f 231 3913 3357
f 3913 1236 3914
f 3914 1060 3357
f 3913 3914 3357
f 1236 3915 3917
f 3915 320 3916
f 3916 1237 3917
f 3915 3916 3917
f 1237 3918 3919
f 3918 232 3359
f 3359 1060 3919
f 3918 3359 3919
f 1236 3917 3914
f 3917 1237 3919
f 3919 1060 3914
f 3917 3919 3914
f 233 113 3920
f 113 1238 3920
f 164 1238 113
f 208 3921 3923
f 3921 1239 3922
f 3922 1241 3923
f 3921 3922 3923
f 1239 3924 3926
f 3924 321 3925
f 3925 1240 3926
f 3924 3925 3926
f 1240 3927 3929
f 3927 322 3928
f 3928 1241 3929
f 3927 3928 3929
f 1239 3926 3922
f 3926 1240 3929
f 3929 1241 3922
f 3926 3929 3922
f 26 3930 3932
f 3930 1242 3931
f 3931 1244 3932
f 3930 3931 3932
f 1242 3933 3935
f 3933 323 3934
f 3934 1243 3935
f 3933 3934 3935
f 1243 3936 3938
f 3936 324 3937
f 3937 1244 3938
f 3936 3937 3938
f 1242 3935 3931
f 3935 1243 3938
f 3938 1244 3931
f 3935 3938 3931
f 325 3939 3941
f 3939 1245 3940
f 3940 1247 3941
f 3939 3940 3941
f 1245 3942 3944
f 3942 210 3943
f 3943 1246 3944
f 3942 3943 3944
f 1246 3945 3947
f 3945 15 3946
f 3946 1247 3947
f 3945 3946 3947
f 1245 3944 3940
f 3944 1246 3947
f 3947 1247 3940
f 3944 3947 3940
f 320 3915 1249
f 3915 1236 1249
f 1236 3913 1249
f 3913 231 3948
f 3948 1248 1249
f 3913 3948 1249
f 1248 3949 1249
f 3949 326 1249
f 327 3950 3952
f 3950 1250 3951
f 3951 1251 3952
f 3950 3951 3952
f 1250 3953 3954
f 3953 229 3596
f 3596 1137 3954
f 3953 3596 3954
f 1137 3595 3956
f 3595 106 3955
f 3955 1251 3956
f 3595 3955 3956
f 1250 3954 3951
f 3954 1137 3956
f 3956 1251 3951
f 3954 3956 3951
f 329 3957 3959
f 3957 1252 3958
f 3958 1254 3959
f 3957 3958 3959
f 1252 3960 3962
f 3960 330 3961
f 3961 1253 3962
f 3960 3961 3962
f 1253 3963 3965
f 3963 109 3964
f 3964 1254 3965
f 3963 3964 3965
f 1252 3962 3958
f 3962 1253 3965
f 3965 1254 3958
f 3962 3965 3958
f 331 3966 3968
f 3966 1255 3967
f 3967 1257 3968
f 3966 3967 3968
f 1255 3969 3971
f 3969 112 3970
f 3970 1256 3971
f 3969 3970 3971
f 1256 3972 3974
f 3972 330 3973
f 3973 1257 3974
f 3972 3973 3974
f 1255 3971 3967
f 3971 1256 3974
f 3974 1257 3967
f 3971 3974 3967
f 279 3975 3977
f 3975 1258 3976
f 3976 1260 3977
f 3975 3976 3977
f 1258 3978 3980
f 3978 227 3979
f 3979 1259 3980
f 3978 3979 3980
f 1259 3981 3983
f 3981 226 3982
f 3982 1260 3983
f 3981 3982 3983
f 1258 3980 3976
f 3980 1259 3983
f 3983 1260 3976
f 3980 3983 3976
f 286 3984 3986
f 3984 1261 3985
f 3985 1263 3986
f 3984 3985 3986
f 1261 3987 3989
f 3987 280 3988
f 3988 1262 3989
f 3987 3988 3989
f 1262 3990 3992
f 3990 279 3991
f 3991 1263 3992
f 3990 3991 3992
f 1261 3989 3985
f 3989 1262 3992
f 3992 1263 3985
f 3989 3992 3985
f 149 3993 3995
f 3993 1264 3994
f 3994 1265 3995
f 3993 3994 3995
f 1264 3996 3997
f 3996 231 3356
f 3356 1059 3997
f 3996 3356 3997
f 1059 3353 3999
f 3353 230 3998
f 3998 1265 3999
f 3353 3998 3999
f 1264 3997 3994
f 3997 1059 3999
f 3999 1265 3994
f 3997 3999 3994
f 8 317 215
f 213 1266 4000
f 1266 1268 4000
f 1266 332 4001
f 4001 1267 1266
f 1267 4002 1266
f 4002 267 4003
f 4003 1268 1266
f 4002 4003 1266
f 257 4004 4006
f 4004 1269 4005
f 4005 1270 4006
f 4004 4005 4006
f 1269 4007 4008
f 4007 170 3080
f 3080 970 4008
f 4007 3080 4008
f 970 3083 4010
f 3083 146 4009
f 4009 1270 4010
f 3083 4009 4010
f 1269 4008 4005
f 4008 970 4010
f 4010 1270 4005
f 4008 4010 4005
f 34 2676 4012
f 2676 824 4011
f 4011 1271 4012
f 2676 4011 4012
f 824 2673 4013
f 2673 33 3514
f 3514 1110 4013
f 2673 3514 4013
f 1110 3512 4015
f 3512 260 4014
f 4014 1271 4015
f 3512 4014 4015
f 824 4013 4011
f 4013 1110 4015
f 4015 1271 4011
f 4013 4015 4011
f 228 3346 4017
f 3346 1058 4016
f 4016 1273 4017
f 3346 4016 4017
f 1058 3351 4019
f 3351 229 4018
f 4018 1272 4019
f 3351 4018 4019
f 1272 4020 4022
f 4020 333 4021
f 4021 1273 4022
f 4020 4021 4022
f 1058 4019 4016
f 4019 1272 4022
f 4022 1273 4016
f 4019 4022 4016
f 265 4023 4025
f 4023 1274 4024
f 4024 1276 4025
f 4023 4024 4025
f 1274 4026 4028
f 4026 178 4027
f 4027 1275 4028
f 4026 4027 4028
f 1275 4029 4031
f 4029 334 4030
f 4030 1276 4031
f 4029 4030 4031
f 1274 4028 4024
f 4028 1275 4031
f 4031 1276 4024
f 4028 4031 4024
f 150 4032 4034
f 4032 1277 4033
f 4033 1279 4034
f 4032 4033 4034
f 1277 4035 4037
f 4035 280 4036
f 4036 1278 4037
f 4035 4036 4037
f 1278 4038 4040
f 4038 36 4039
f 4039 1279 4040
f 4038 4039 4040
f 1277 4037 4033
f 4037 1278 4040
f 4040 1279 4033
f 4037 4040 4033
f 323 4041 3934
f 4041 1280 4042
f 4042 1243 3934
f 4041 4042 3934
f 1280 215 4043
f 215 4044 4045
f 4044 324 3936
f 3936 1243 4045
f 4044 3936 4045
f 1280 4043 4042
f 4043 215 4045
f 4045 1243 4042
f 4043 4045 4042
f 267 335 4003
f 335 1268 4003
f 335 213 4000
f 4000 1268 335
f 299 4046 4048
f 4046 1281 4047
f 4047 1283 4048
f 4046 4047 4048
f 1281 4049 4051
f 4049 218 4050
f 4050 1282 4051
f 4049 4050 4051
f 1282 4052 4054
f 4052 217 4053
f 4053 1283 4054
f 4052 4053 4054
f 1281 4051 4047
f 4051 1282 4054
f 4054 1283 4047
f 4051 4054 4047
f 168 3072 4056
f 3072 966 4055
f 4055 1285 4056
f 3072 4055 4056
f 966 3069 4058
f 3069 167 4057
f 4057 1284 4058
f 3069 4057 4058
f 1284 4059 4061
f 4059 337 4060
f 4060 1285 4061
f 4059 4060 4061
f 966 4058 4055
f 4058 1284 4061
f 4061 1285 4055
f 4058 4061 4055
f 334 4062 4064
f 4062 1286 4063
f 4063 1288 4064
f 4062 4063 4064
f 1286 4065 4067
f 4065 140 4066
f 4066 1287 4067
f 4065 4066 4067
f 1287 4068 4070
f 4068 299 4069
f 4069 1288 4070
f 4068 4069 4070
f 1286 4067 4063
f 4067 1287 4070
f 4070 1288 4063
f 4067 4070 4063
f 22 4071 2763
f 4071 1289 4072
f 4072 859 2763
f 4071 4072 2763
f 1289 4073 4075
f 4073 338 4074
f 4074 1290 4075
f 4073 4074 4075
f 1290 4076 4077
f 4076 68 2758
f 2758 859 4077
f 4076 2758 4077
f 1289 4075 4072
f 4075 1290 4077
f 4077 859 4072
f 4075 4077 4072
f 339 4078 4080
f 4078 1291 4079
f 4079 1293 4080
f 4078 4079 4080
f 1291 4081 4083
f 4081 253 4082
f 4082 1292 4083
f 4081 4082 4083
f 1292 4084 4086
f 4084 340 4085
f 4085 1293 4086
f 4084 4085 4086
f 1291 4083 4079
f 4083 1292 4086
f 4086 1293 4079
f 4083 4086 4079
f 341 4087 4089
f 4087 1294 4088
f 4088 1296 4089
f 4087 4088 4089
f 1294 4090 4092
f 4090 342 4091
f 4091 1295 4092
f 4090 4091 4092
f 1295 4093 4095
f 4093 293 4094
f 4094 1296 4095
f 4093 4094 4095
f 1294 4092 4088
f 4092 1295 4095
f 4095 1296 4088
f 4092 4095 4088
f 14 343 4096
f 4096 1297 14
f 1297 4097 14
f 4097 282 14
f 212 3267 4099
f 3267 1030 4098
f 4098 1299 4099
f 3267 4098 4099
f 1030 3264 4101
f 3264 211 4100
f 4100 1298 4101
f 3264 4100 4101
f 1298 4102 4104
f 4102 344 4103
f 4103 1299 4104
f 4102 4103 4104
f 1030 4101 4098
f 4101 1298 4104
f 4104 1299 4098
f 4101 4104 4098
f 181 3166 3119
f 3166 998 4105
f 4105 983 3119
f 3166 4105 3119
f 998 3164 4106
f 3164 28 3776
f 3776 1195 4106
f 3164 3776 4106
f 1195 3780 4107
f 3780 179 3114
f 3114 983 4107
f 3780 3114 4107
f 998 4106 4105
f 4106 1195 4107
f 4107 983 4105
f 4106 4107 4105
f 199 4108 4110
f 4108 1300 4109
f 4109 1302 4110
f 4108 4109 4110
f 1300 4111 4113
f 4111 63 4112
f 4112 1301 4113
f 4111 4112 4113
f 1301 4114 4116
f 4114 236 4115
f 4115 1302 4116
f 4114 4115 4116
f 1300 4113 4109
f 4113 1301 4116
f 4116 1302 4109
f 4113 4116 4109
f 345 4117 4119
f 4117 1303 4118
f 4118 1305 4119
f 4117 4118 4119
f 1303 4120 4122
f 4120 57 4121
f 4121 1304 4122
f 4120 4121 4122
f 1304 4123 4125
f 4123 295 4124
f 4124 1305 4125
f 4123 4124 4125
f 1303 4122 4118
f 4122 1304 4125
f 4125 1305 4118
f 4122 4125 4118
f 77 4126 3630
f 4126 1306 4127
f 4127 1148 3630
f 4126 4127 3630
f 1306 4128 4130
f 4128 144 4129
f 4129 1307 4130
f 4128 4129 4130
f 1307 4131 4132
f 4131 278 3632
f 3632 1148 4132
f 4131 3632 4132
f 1306 4130 4127
f 4130 1307 4132
f 4132 1148 4127
f 4130 4132 4127
f 323 4133 8
f 4133 1308 8
f 1308 4134 8
f 4134 9 8
f 261 72 201
f 205 3241 3542
f 3241 1021 4135
f 4135 1120 3542
f 3241 4135 3542
f 1021 3239 4136
f 3239 156 3202
f 3202 1011 4136
f 3239 3202 4136
f 1011 3200 4137
f 3200 12 3545
f 3545 1120 4137
f 3200 3545 4137
f 1021 4136 4135
f 4136 1011 4137
f 4137 1120 4135
f 4136 4137 4135
f 319 281 3911
f 281 1235 3911
f 281 317 3906
f 3906 1235 281
f 23 3024 2651
f 3024 951 4138
f 4138 816 2651
f 3024 4138 2651
f 951 3021 4140
f 3021 155 4139
f 4139 1309 4140
f 3021 4139 4140
f 1309 4141 4142
f 4141 21 2646
f 2646 816 4142
f 4141 2646 4142
f 951 4140 4138
f 4140 1309 4142
f 4142 816 4138
f 4140 4142 4138
f 271 4143 4145
f 4143 1310 4144
f 4144 1311 4145
f 4143 4144 4145
f 1310 4146 4147
f 4146 158 3033
f 3033 954 4147
f 4146 3033 4147
f 954 3030 4149
f 3030 157 4148
f 4148 1311 4149
f 3030 4148 4149
f 1310 4147 4144
f 4147 954 4149
f 4149 1311 4144
f 4147 4149 4144
f 346 4150 4152
f 4150 1312 4151
f 4151 1313 4152
f 4150 4151 4152
f 1312 4153 4154
f 4153 228 4017
f 4017 1273 4154
f 4153 4017 4154
f 1273 4021 4156
f 4021 333 4155
f 4155 1313 4156
f 4021 4155 4156
f 1312 4154 4151
f 4154 1273 4156
f 4156 1313 4151
f 4154 4156 4151
f 250 3450 4158
f 3450 1089 4157
f 4157 1315 4158
f 3450 4157 4158
f 1089 3447 4160
f 3447 249 4159
f 4159 1314 4160
f 3447 4159 4160
f 1314 4161 4163
f 4161 347 4162
f 4162 1315 4163
f 4161 4162 4163
f 1089 4160 4157
f 4160 1314 4163
f 4163 1315 4157
f 4160 4163 4157
f 291 4164 4166
f 4164 1316 4165
f 4165 1318 4166
f 4164 4165 4166
f 1316 4167 4169
f 4167 348 4168
f 4168 1317 4169
f 4167 4168 4169
f 1317 4170 4172
f 4170 216 4171
f 4171 1318 4172
f 4170 4171 4172
f 1316 4169 4165
f 4169 1317 4172
f 4172 1318 4165
f 4169 4172 4165
f 72 349 4173
f 4173 1319 4174
f 72 4173 4174
f 1319 4175 4176
f 4175 287 72
f 4175 72 4176
f 4174 1319 4176
f 4174 4176 72
f 71 4177 4179
f 4177 1320 4178
f 4178 1322 4179
f 4177 4178 4179
f 1320 4180 4182
f 4180 269 4181
f 4181 1321 4182
f 4180 4181 4182
f 1321 4183 4185
f 4183 349 4184
f 4184 1322 4185
f 4183 4184 4185
f 1320 4182 4178
f 4182 1321 4185
f 4185 1322 4178
f 4182 4185 4178
f 318 3907 4187
f 3907 1233 4186
f 4186 1324 4187
f 3907 4186 4187
f 1233 3904 4188
f 317 1323 4188
f 3904 317 4188
f 1323 4189 4191
f 4189 208 4190
f 4190 1324 4191
f 4189 4190 4191
f 1233 4188 4186
f 4188 1323 4191
f 4191 1324 4186
f 4188 4191 4186
f 342 4192 4091
f 4192 1325 4193
f 4193 1295 4091
f 4192 4193 4091
f 1325 4194 4195
f 4194 294 3709
f 3709 1172 4195
f 4194 3709 4195
f 1172 3706 4196
f 3706 293 4093
f 4093 1295 4196
f 3706 4093 4196
f 1325 4195 4193
f 4195 1172 4196
f 4196 1295 4193
f 4195 4196 4193
f 350 4197 4199
f 4197 1326 4198
f 4198 1328 4199
f 4197 4198 4199
f 1326 4200 4202
f 4200 251 4201
f 4201 1327 4202
f 4200 4201 4202
f 1327 4203 4205
f 4203 49 4204
f 4204 1328 4205
f 4203 4204 4205
f 1326 4202 4198
f 4202 1327 4205
f 4205 1328 4198
f 4202 4205 4198
f 18 192 198
f 165 60 74
f 266 3553 4207
f 3553 1125 4206
f 4206 1330 4207
f 3553 4206 4207
f 1125 3558 4209
f 3558 268 4208
f 4208 1329 4209
f 3558 4208 4209
f 1329 4210 4212
f 4210 351 4211
f 4211 1330 4212
f 4210 4211 4212
f 1125 4209 4206
f 4209 1329 4212
f 4212 1330 4206
f 4209 4212 4206
f 103 3682 3892
f 3682 1164 4213
f 4213 1230 3892
f 3682 4213 3892
f 1164 3680 4214
f 3680 291 4166
f 4166 1318 4214
f 3680 4166 4214
f 1318 4171 4215
f 4171 216 3894
f 3894 1230 4215
f 4171 3894 4215
f 1164 4214 4213
f 4214 1318 4215
f 4215 1230 4213
f 4214 4215 4213
f 12 3208 3828
f 3208 1012 4216
f 4216 1210 3828
f 3208 4216 3828
f 1012 3206 4217
f 3206 159 3127
f 3127 985 4217
f 3206 3127 4217
f 985 3125 4218
f 3125 183 3823
f 3823 1210 4218
f 3125 3823 4218
f 1012 4217 4216
f 4217 985 4218
f 4218 1210 4216
f 4217 4218 4216
f 313 80 4219
f 80 1331 4219
f 80 305 4220
f 4220 1331 80
f 84 4221 4223
f 4221 1332 4222
f 4222 1334 4223
f 4221 4222 4223
f 1332 4224 4226
f 4224 235 4225
f 4225 1333 4226
f 4224 4225 4226
f 1333 4227 4229
f 4227 353 4228
f 4228 1334 4229
f 4227 4228 4229
f 1332 4226 4222
f 4226 1333 4229
f 4229 1334 4222
f 4226 4229 4222
f 22 2647 4071
f 2647 814 4230
f 4230 1289 4071
f 2647 4230 4071
f 814 2644 4232
f 2644 21 4231
f 4231 1335 4232
f 2644 4231 4232
f 1335 4233 4234
f 4233 338 4073
f 4073 1289 4234
f 4233 4073 4234
f 814 4232 4230
f 4232 1335 4234
f 4234 1289 4230
f 4232 4234 4230
f 173 4235 4237
f 4235 1336 4236
f 4236 1338 4237
f 4235 4236 4237
f 1336 4238 4240
f 4238 354 4239
f 4239 1337 4240
f 4238 4239 4240
f 1337 4241 4243
f 4241 320 4242
f 4242 1338 4243
f 4241 4242 4243
f 1336 4240 4236
f 4240 1337 4243
f 4243 1338 4236
f 4240 4243 4236
f 263 4244 4246
f 4244 1339 4245
f 4245 1341 4246
f 4244 4245 4246
f 1339 4247 4249
f 4247 262 4248
f 4248 1340 4249
f 4247 4248 4249
f 1340 4250 4252
f 4250 269 4251
f 4251 1341 4252
f 4250 4251 4252
f 1339 4249 4245
f 4249 1340 4252
f 4252 1341 4245
f 4249 4252 4245
f 340 4084 4254
f 4084 1292 4253
f 4253 1342 4254
f 4084 4253 4254
f 1292 4082 4255
f 4082 253 3695
f 3695 1169 4255
f 4082 3695 4255
f 1169 3697 4257
f 3697 256 4256
f 4256 1342 4257
f 3697 4256 4257
f 1292 4255 4253
f 4255 1169 4257
f 4257 1342 4253
f 4255 4257 4253
f 156 3238 4259
f 3238 1020 4258
f 4258 1344 4259
f 3238 4258 4259
f 1020 3235 4261
f 3235 204 4260
f 4260 1343 4261
f 3235 4260 4261
f 1343 4262 4264
f 4262 355 4263
f 4263 1344 4264
f 4262 4263 4264
f 1020 4261 4258
f 4261 1343 4264
f 4264 1344 4258
f 4261 4264 4258
f 196 4265 4267
f 4265 1345 4266
f 4266 1347 4267
f 4265 4266 4267
f 1345 4268 4270
f 4268 51 4269
f 4269 1346 4270
f 4268 4269 4270
f 1346 4271 4273
f 4271 315 4272
f 4272 1347 4273
f 4271 4272 4273
f 1345 4270 4266
f 4270 1346 4273
f 4273 1347 4266
f 4270 4273 4266
f 156 4274 3028
f 4274 1348 4275
f 4275 953 3028
f 4274 4275 3028
f 1348 4276 4278
f 4276 356 4277
f 4277 1349 4278
f 4276 4277 4278
f 1349 4279 4280
f 4279 155 3023
f 3023 953 4280
f 4279 3023 4280
f 1348 4278 4275
f 4278 1349 4280
f 4280 953 4275
f 4278 4280 4275
f 158 4281 3034
f 4281 1350 4282
f 4282 955 3034
f 4281 4282 3034
f 1350 4283 4285
f 4283 357 4284
f 4284 1351 4285
f 4283 4284 4285
f 1351 4286 4287
f 4286 159 3036
f 3036 955 4287
f 4286 3036 4287
f 1350 4285 4282
f 4285 1351 4287
f 4287 955 4282
f 4285 4287 4282
f 148 4288 3318
f 4288 1352 4289
f 4289 1049 3318
f 4288 4289 3318
f 1352 4290 4291
f 4290 167 3071
f 3071 968 4291
f 4290 3071 4291
f 968 3076 4292
f 3076 169 3320
f 3320 1049 4292
f 3076 3320 4292
f 1352 4291 4289
f 4291 968 4292
f 4292 1049 4289
f 4291 4292 4289
f 138 2932 4294
f 2932 923 4293
f 4293 1353 4294
f 2932 4293 4294
f 923 2934 4295
f 2934 140 3381
f 3381 1068 4295
f 2934 3381 4295
f 1068 3386 4297
f 3386 218 4296
f 4296 1353 4297
f 3386 4296 4297
f 923 4295 4293
f 4295 1068 4297
f 4297 1353 4293
f 4295 4297 4293
f 296 4298 3715
f 4298 1354 4299
f 4299 1175 3715
f 4298 4299 3715
f 1354 4300 4302
f 4300 358 4301
f 4301 1355 4302
f 4300 4301 4302
f 1355 4303 4304
f 4303 297 3718
f 3718 1175 4304
f 4303 3718 4304
f 1354 4302 4299
f 4302 1355 4304
f 4304 1175 4299
f 4302 4304 4299
f 125 4305 3255
f 4305 1356 4306
f 4306 1027 3255
f 4305 4306 3255
f 1356 4307 4309
f 4307 282 4308
f 4308 1357 4309
f 4307 4308 4309
f 1357 4310 4311
f 4310 209 3258
f 3258 1027 4311
f 4310 3258 4311
f 1356 4309 4306
f 4309 1357 4311
f 4311 1027 4306
f 4309 4311 4306
f 84 4223 3294
f 4223 1334 4312
f 4312 1040 3294
f 4223 4312 3294
f 1334 4228 4314
f 4228 353 4313
f 4313 1358 4314
f 4228 4313 4314
f 1358 4315 4316
f 4315 220 3296
f 3296 1040 4316
f 4315 3296 4316
f 1334 4314 4312
f 4314 1358 4316
f 4316 1040 4312
f 4314 4316 4312
f 217 4317 4319
f 4317 1359 4318
f 4318 1361 4319
f 4317 4318 4319
f 1359 4320 4322
f 4320 219 4321
f 4321 1360 4322
f 4320 4321 4322
f 1360 4323 4325
f 4323 83 4324
f 4324 1361 4325
f 4323 4324 4325
f 1359 4322 4318
f 4322 1360 4325
f 4325 1361 4318
f 4322 4325 4318
f 26 113 4326
f 113 1362 4326
f 113 233 4327
f 4327 1362 113
f 239 1363 4328
f 1363 1364 4328
f 1363 66 854
f 854 65 4329
f 4329 1364 1363
f 854 4329 1363
f 245 4330 4332
f 4330 1365 4331
f 4331 1367 4332
f 4330 4331 4332
f 1365 4333 4335
f 4333 348 4334
f 4334 1366 4335
f 4333 4334 4335
f 1366 4336 4338
f 4336 71 4337
f 4337 1367 4338
f 4336 4337 4338
f 1365 4335 4331
f 4335 1366 4338
f 4338 1367 4331
f 4335 4338 4331
f 328 4339 4341
f 4339 1368 4340
f 4340 1370 4341
f 4339 4340 4341
f 1368 4342 4344
f 4342 40 4343
f 4343 1369 4344
f 4342 4343 4344
f 1369 4345 4347
f 4345 312 4346
f 4346 1370 4347
f 4345 4346 4347
f 1368 4344 4340
f 4344 1369 4347
f 4347 1370 4340
f 4344 4347 4340
f 359 1371 78
f 1371 4348 78
f 4348 26 78
f 298 3721 4350
f 3721 1176 4349
f 4349 1373 4350
f 3721 4349 4350
f 1176 3719 4352
f 3719 297 4351
f 4351 1372 4352
f 3719 4351 4352
f 1372 4353 4355
f 4353 86 4354
f 4354 1373 4355
f 4353 4354 4355
f 1176 4352 4349
f 4352 1372 4355
f 4355 1373 4349
f 4352 4355 4349
f 315 4356 4358
f 4356 1374 4357
f 4357 1376 4358
f 4356 4357 4358
f 1374 4359 4361
f 4359 52 4360
f 4360 1375 4361
f 4359 4360 4361
f 1375 4362 4364
f 4362 300 4363
f 4363 1376 4364
f 4362 4363 4364
f 1374 4361 4357
f 4361 1375 4364
f 4364 1376 4357
f 4361 4364 4357
f 360 4365 4367
f 4365 1377 4366
f 4366 1379 4367
f 4365 4366 4367
f 1377 4368 4370
f 4368 361 4369
f 4369 1378 4370
f 4368 4369 4370
f 1378 4371 4373
f 4371 353 4372
f 4372 1379 4373
f 4371 4372 4373
f 1377 4370 4366
f 4370 1378 4373
f 4373 1379 4366
f 4370 4373 4366
f 251 4200 3454
f 4200 1326 4374
f 4374 1091 3454
f 4200 4374 3454
f 1326 4197 4376
f 4197 350 4375
f 4375 1380 4376
f 4197 4375 4376
f 1380 4377 4378
f 4377 249 3449
f 3449 1091 4378
f 4377 3449 4378
f 1326 4376 4374
f 4376 1380 4378
f 4378 1091 4374
f 4376 4378 4374
f 136 4379 2925
f 4379 1381 4380
f 4380 919 2925
f 4379 4380 2925
f 1381 4381 4383
f 4381 178 4382
f 4382 1382 4383
f 4381 4382 4383
f 1382 4384 4385
f 4384 137 2927
f 2927 919 4385
f 4384 2927 4385
f 1381 4383 4380
f 4383 1382 4385
f 4385 919 4380
f 4383 4385 4380
f 300 4386 4388
f 4386 1383 4387
f 4387 1385 4388
f 4386 4387 4388
f 1383 4389 4391
f 4389 141 4390
f 4390 1384 4391
f 4389 4390 4391
f 1384 4392 4394
f 4392 199 4393
f 4393 1385 4394
f 4392 4393 4394
f 1383 4391 4387
f 4391 1384 4394
f 4394 1385 4387
f 4391 4394 4387
f 186 4395 4397
f 4395 1386 4396
f 4396 1387 4397
f 4395 4396 4397
f 1386 4398 4399
f 4398 69 2759
f 2759 857 4399
f 4398 2759 4399
f 857 2756 4401
f 2756 68 4400
f 4400 1387 4401
f 2756 4400 4401
f 1386 4399 4396
f 4399 857 4401
f 4401 1387 4396
f 4399 4401 4396
f 26 2654 3930
f 2654 817 4402
f 4402 1242 3930
f 2654 4402 3930
f 817 2653 4404
f 2653 25 4403
f 4403 1388 4404
f 2653 4403 4404
f 1388 4405 4406
f 4405 323 3933
f 3933 1242 4406
f 4405 3933 4406
f 817 4404 4402
f 4404 1388 4406
f 4406 1242 4402
f 4404 4406 4402
f 220 4407 3297
f 4407 1389 4408
f 4408 1041 3297
f 4407 4408 3297
f 1389 4409 4411
f 4409 138 4410
f 4410 1390 4411
f 4409 4410 4411
f 1390 4412 4413
f 4412 219 3292
f 3292 1041 4413
f 4412 3292 4413
f 1389 4411 4408
f 4411 1390 4413
f 4413 1041 4408
f 4411 4413 4408
f 78 26 4326
f 4326 1362 78
f 1362 4327 78
f 4327 233 78
f 362 4414 4416
f 4414 1391 4415
f 4415 359 4416
f 4414 4415 4416
f 1391 4417 4418
f 4417 26 4348
f 4348 1371 4418
f 4417 4348 4418
f 1371 359 4419
f 1391 4418 4415
f 4418 1371 4419
f 4419 359 4415
f 4418 4419 4415
f 156 4259 4274
f 4259 1344 4420
f 4420 1348 4274
f 4259 4420 4274
f 1344 4263 4422
f 4263 355 4421
f 4421 1392 4422
f 4263 4421 4422
f 1392 4423 4424
f 4423 356 4276
f 4276 1348 4424
f 4423 4276 4424
f 1344 4422 4420
f 4422 1392 4424
f 4424 1348 4420
f 4422 4424 4420
f 357 4425 4284
f 4425 1393 4426
f 4426 1351 4284
f 4425 4426 4284
f 1393 4427 4428
f 4427 274 3599
f 3599 1139 4428
f 4427 3599 4428
f 1139 3602 4429
f 3602 159 4286
f 4286 1351 4429
f 3602 4286 4429
f 1393 4428 4426
f 4428 1139 4429
f 4429 1351 4426
f 4428 4429 4426
f 229 3953 4018
f 3953 1250 4430
f 4430 1272 4018
f 3953 4430 4018
f 1250 3950 4432
f 3950 327 4431
f 4431 1394 4432
f 3950 4431 4432
f 1394 4433 4434
f 4433 333 4020
f 4020 1272 4434
f 4433 4020 4434
f 1250 4432 4430
f 4432 1394 4434
f 4434 1272 4430
f 4432 4434 4430
f 147 2967 4436
f 2967 935 4435
f 4435 1396 4436
f 2967 4435 4436
f 935 2972 4438
f 2972 149 4437
f 4437 1395 4438
f 2972 4437 4438
f 1395 4439 4441
f 4439 225 4440
f 4440 1396 4441
f 4439 4440 4441
f 935 4438 4435
f 4438 1395 4441
f 4441 1396 4435
f 4438 4441 4435
f 142 4442 2947
f 4442 1397 4443
f 4443 927 2947
f 4442 4443 2947
f 1397 4444 4445
f 4444 5 2885
f 2885 900 4445
f 4444 2885 4445
f 900 2883 4446
f 2883 63 2950
f 2950 927 4446
f 2883 2950 4446
f 1397 4445 4443
f 4445 900 4446
f 4446 927 4443
f 4445 4446 4443
f 38 3530 2978
f 3530 1117 4447
f 4447 937 2978
f 3530 4447 2978
f 1117 3533 4449
f 3533 140 4448
f 4448 1398 4449
f 3533 4448 4449
f 1398 4450 4451
f 4450 136 2980
f 2980 937 4451
f 4450 2980 4451
f 1117 4449 4447
f 4449 1398 4451
f 4451 937 4447
f 4449 4451 4447
f 336 238 4452
f 238 1399 4452
f 238 345 4453
f 4453 1399 238
f 8 9 3244
f 3244 1023 8
f 1023 3245 8
f 3245 208 8
f 298 4454 3722
f 4454 1400 4455
f 4455 1177 3722
f 4454 4455 3722
f 1400 4456 4458
f 4456 365 4457
f 4457 1401 4458
f 4456 4457 4458
f 1401 4459 4460
f 4459 296 3717
f 3717 1177 4460
f 4459 3717 4460
f 1400 4458 4455
f 4458 1401 4460
f 4460 1177 4455
f 4458 4460 4455
f 174 4461 4463
f 4461 1402 4462
f 4462 1404 4463
f 4461 4462 4463
f 1402 4464 4466
f 4464 239 4465
f 4465 1403 4466
f 4464 4465 4466
f 1403 4467 4469
f 4467 352 4468
f 4468 1404 4469
f 4467 4468 4469
f 1402 4466 4462
f 4466 1403 4469
f 4469 1404 4462
f 4466 4469 4462
f 37 3539 284
f 3539 1118 284
f 1118 3537 284
f 3537 97 284
f 125 910 3743
f 910 1183 3743
f 910 127 3871
f 3871 1222 910
f 1222 3869 910
f 3869 237 3744
f 3744 1183 910
f 3869 3744 910
f 284 97 2822
f 2822 880 284
f 880 2821 284
f 2821 96 284
f 34 4012 4471
f 4012 1271 4470
f 4470 1406 4471
f 4012 4470 4471
f 1271 4014 4473
f 4014 260 4472
f 4472 1405 4473
f 4014 4472 4473
f 1405 4474 4476
f 4474 366 4475
f 4475 1406 4476
f 4474 4475 4476
f 1271 4473 4470
f 4473 1405 4476
f 4476 1406 4470
f 4473 4476 4470
f 185 4477 3253
f 4477 1407 4478
f 4478 1026 3253
f 4477 4478 3253
f 1407 4479 4480
f 4479 179 3779
f 3779 1194 4480
f 4479 3779 4480
f 1194 3777 4481
f 3777 10 3248
f 3248 1026 4481
f 3777 3248 4481
f 1407 4480 4478
f 4480 1194 4481
f 4481 1026 4478
f 4480 4481 4478
f 312 122 4482
f 122 1408 4482
f 122 367 4483
f 4483 1408 122
f 115 26 4417
f 4417 1391 4484
f 115 4417 4484
f 1391 4414 115
f 4414 362 115
f 4484 1391 115
f 241 366 4485
f 4485 1409 241
f 1409 4486 241
f 4486 144 241
f 26 3932 113
f 3932 1244 113
f 1244 3937 113
f 3937 324 113
f 50 4487 4489
f 4487 1410 4488
f 4488 1411 4489
f 4487 4488 4489
f 1410 4490 4491
f 4490 148 2968
f 2968 933 4491
f 4490 2968 4491
f 933 2965 4493
f 2965 147 4492
f 4492 1411 4493
f 2965 4492 4493
f 1410 4491 4488
f 4491 933 4493
f 4493 1411 4488
f 4491 4493 4488
f 330 4494 4496
f 4494 1412 4495
f 4495 1414 4496
f 4494 4495 4496
f 1412 4497 4499
f 4497 368 4498
f 4498 1413 4499
f 4497 4498 4499
f 1413 4500 4502
f 4500 297 4501
f 4501 1414 4502
f 4500 4501 4502
f 1412 4499 4495
f 4499 1413 4502
f 4502 1414 4495
f 4499 4502 4495
f 309 4503 4505
f 4503 1415 4504
f 4504 1417 4505
f 4503 4504 4505
f 1415 4506 4508
f 4506 41 4507
f 4507 1416 4508
f 4506 4507 4508
f 1416 4509 4511
f 4509 328 4510
f 4510 1417 4511
f 4509 4510 4511
f 1415 4508 4504
f 4508 1416 4511
f 4511 1417 4504
f 4508 4511 4504
f 2 201 14
f 109 3963 4513
f 3963 1253 4512
f 4512 1418 4513
f 3963 4512 4513
f 1253 3961 4514
f 3961 330 4496
f 4496 1414 4514
f 3961 4496 4514
f 1414 4501 4516
f 4501 297 4515
f 4515 1418 4516
f 4501 4515 4516
f 1253 4514 4512
f 4514 1414 4516
f 4516 1418 4512
f 4514 4516 4512
f 365 4517 4519
f 4517 1419 4518
f 4518 1421 4519
f 4517 4518 4519
f 1419 4520 4522
f 4520 370 4521
f 4521 1420 4522
f 4520 4521 4522
f 1420 4523 4525
f 4523 358 4524
f 4524 1421 4525
f 4523 4524 4525
f 1419 4522 4518
f 4522 1420 4525
f 4525 1421 4518
f 4522 4525 4518
f 82 2773 3508
f 2773 863 4526
f 4526 1109 3508
f 2773 4526 3508
f 863 2771 4528
f 2771 28 4527
f 4527 1422 4528
f 2771 4527 4528
f 1422 4529 4530
f 4529 260 3511
f 3511 1109 4530
f 4529 3511 4530
f 863 4528 4526
f 4528 1422 4530
f 4530 1109 4526
f 4528 4530 4526
f 61 113 4531
f 61 4531 215
f 113 215 4531
f 330 4532 4494
f 4532 1423 4533
f 4533 1412 4494
f 4532 4533 4494
f 1423 4534 4536
f 4534 333 4535
f 4535 1424 4536
f 4534 4535 4536
f 1424 4537 4538
f 4537 368 4497
f 4497 1412 4538
f 4537 4497 4538
f 1423 4536 4533
f 4536 1424 4538
f 4538 1412 4533
f 4536 4538 4533
f 137 4539 3277
f 4539 1425 4540
f 4540 1034 3277
f 4539 4540 3277
f 1425 4541 4542
f 4541 89 2795
f 2795 871 4542
f 4541 2795 4542
f 871 2794 4543
f 2794 88 3279
f 3279 1034 4543
f 2794 3279 4543
f 1425 4542 4540
f 4542 871 4543
f 4543 1034 4540
f 4542 4543 4540
f 105 4544 4546
f 4544 1426 4545
f 4545 1428 4546
f 4544 4545 4546
f 1426 4547 4549
f 4547 371 4548
f 4548 1427 4549
f 4547 4548 4549
f 1427 4550 4552
f 4550 65 4551
f 4551 1428 4552
f 4550 4551 4552
f 1426 4549 4545
f 4549 1427 4552
f 4552 1428 4545
f 4549 4552 4545
f 144 4486 4129
f 4486 1409 4553
f 4553 1307 4129
f 4486 4553 4129
f 1409 4485 4555
f 4485 366 4554
f 4554 1429 4555
f 4485 4554 4555
f 1429 4556 4557
f 4556 278 4131
f 4131 1307 4557
f 4556 4131 4557
f 1409 4555 4553
f 4555 1429 4557
f 4557 1307 4553
f 4555 4557 4553
f 263 4558 132
f 4558 1430 132
f 1430 4559 132
f 4559 70 132
f 111 4560 4562
f 4560 1431 4561
f 4561 1432 4562
f 4560 4561 4562
f 1431 4563 4564
f 4563 346 4152
f 4152 1313 4564
f 4563 4152 4564
f 1313 4155 4566
f 4155 333 4565
f 4565 1432 4566
f 4155 4565 4566
f 1431 4564 4561
f 4564 1313 4566
f 4566 1432 4561
f 4564 4566 4561
f 372 4567 4569
f 4567 1433 4568
f 4568 1435 4569
f 4567 4568 4569
f 1433 4570 4572
f 4570 373 4571
f 4571 1434 4572
f 4570 4571 4572
f 1434 4573 4575
f 4573 347 4574
f 4574 1435 4575
f 4573 4574 4575
f 1433 4572 4568
f 4572 1434 4575
f 4575 1435 4568
f 4572 4575 4568
f 180 4576 4578
f 4576 1436 4577
f 4577 1438 4578
f 4576 4577 4578
f 1436 4579 4581
f 4579 123 4580
f 4580 1437 4581
f 4579 4580 4581
f 1437 4582 4584
f 4582 374 4583
f 4583 1438 4584
f 4582 4583 4584
f 1436 4581 4577
f 4581 1437 4584
f 4584 1438 4577
f 4581 4584 4577
f 123 4585 4580
f 4585 1439 4586
f 4586 1437 4580
f 4585 4586 4580
f 1439 4587 4589
f 4587 375 4588
f 4588 1440 4589
f 4587 4588 4589
f 1440 4590 4591
f 4590 374 4582
f 4582 1437 4591
f 4590 4582 4591
f 1439 4589 4586
f 4589 1440 4591
f 4591 1437 4586
f 4589 4591 4586
f 376 4592 4594
f 4592 1441 4593
f 4593 1442 4594
f 4592 4593 4594
f 1441 4595 4596
f 4595 358 4523
f 4523 1420 4596
f 4595 4523 4596
f 1420 4521 4598
f 4521 370 4597
f 4597 1442 4598
f 4521 4597 4598
f 1441 4596 4593
f 4596 1420 4598
f 4598 1442 4593
f 4596 4598 4593
f 106 3656 4600
f 3656 1156 4599
f 4599 1443 4600
f 3656 4599 4600
f 1156 3655 4601
f 3655 239 4328
f 4328 1364 4601
f 3655 4328 4601
f 1364 4329 4603
f 4329 65 4602
f 4602 1443 4603
f 4329 4602 4603
f 1156 4601 4599
f 4601 1364 4603
f 4603 1443 4599
f 4601 4603 4599
f 4 2988 4605
f 2988 940 4604
f 4604 1445 4605
f 2988 4604 4605
f 940 2986 4607
f 2986 43 4606
f 4606 1444 4607
f 2986 4606 4607
f 1444 4608 4610
f 4608 298 4609
f 4609 1445 4610
f 4608 4609 4610
f 940 4607 4604
f 4607 1444 4610
f 4610 1445 4604
f 4607 4610 4604
f 172 4611 3089
f 4611 1446 4612
f 4612 972 3089
f 4611 4612 3089
f 1446 4613 4615
f 4613 377 4614
f 4614 1447 4615
f 4613 4614 4615
f 1447 4616 4617
f 4616 173 3091
f 3091 972 4617
f 4616 3091 4617
f 1446 4615 4612
f 4615 1447 4617
f 4617 972 4612
f 4615 4617 4612
f 27 3628 2655
f 3628 1149 4618
f 4618 818 2655
f 3628 4618 2655
f 1149 3633 4620
f 3633 278 4619
f 4619 1448 4620
f 3633 4619 4620
f 1448 4621 4622
f 4621 28 2658
f 2658 818 4622
f 4621 2658 4622
f 1149 4620 4618
f 4620 1448 4622
f 4622 818 4618
f 4620 4622 4618
f 303 4623 4625
f 4623 1449 4624
f 4624 1451 4625
f 4623 4624 4625
f 1449 4626 4628
f 4626 46 4627
f 4627 1450 4628
f 4626 4627 4628
f 1450 4629 4631
f 4629 308 4630
f 4630 1451 4631
f 4629 4630 4631
f 1449 4628 4624
f 4628 1450 4631
f 4631 1451 4624
f 4628 4631 4624
f 118 4632 4634
f 4632 1452 4633
f 4633 1454 4634
f 4632 4633 4634
f 1452 4635 4637
f 4635 329 4636
f 4636 1453 4637
f 4635 4636 4637
f 1453 4638 4640
f 4638 108 4639
f 4639 1454 4640
f 4638 4639 4640
f 1452 4637 4633
f 4637 1453 4640
f 4640 1454 4633
f 4637 4640 4633
f 378 4641 4643
f 4641 1455 4642
f 4642 1457 4643
f 4641 4642 4643
f 1455 4644 4646
f 4644 89 4645
f 4645 1456 4646
f 4644 4645 4646
f 1456 4647 4649
f 4647 265 4648
f 4648 1457 4649
f 4647 4648 4649
f 1455 4646 4642
f 4646 1456 4649
f 4649 1457 4642
f 4646 4649 4642
f 50 4650 2715
f 4650 1458 4651
f 4651 841 2715
f 4650 4651 2715
f 1458 4652 4654
f 4652 255 4653
f 4653 1459 4654
f 4652 4653 4654
f 1459 4655 4656
f 4655 48 2710
f 2710 841 4656
f 4655 2710 4656
f 1458 4654 4651
f 4654 1459 4656
f 4656 841 4651
f 4654 4656 4651
f 323 8 4041
f 8 1280 4041
f 215 1280 8
f 379 4657 335
f 4657 1460 335
f 1460 4658 335
f 4658 213 335
f 188 4659 3392
f 4659 1461 1363
f 1363 1072 3392
f 4659 1363 3392
f 1461 4660 1363
f 4660 66 1363
f 1363 239 3395
f 3395 1072 1363
f 142 3889 4442
f 3889 1228 4661
f 4661 1397 4442
f 3889 4661 4442
f 1228 3887 4662
f 3887 6 2618
f 2618 804 4662
f 3887 2618 4662
f 804 2616 4663
f 2616 5 4444
f 4444 1397 4663
f 2616 4444 4663
f 1228 4662 4661
f 4662 804 4663
f 4663 1397 4661
f 4662 4663 4661
f 135 4664 3368
f 4664 1462 4665
f 4665 1062 3368
f 4664 4665 3368
f 1462 4666 4668
f 4666 46 4667
f 4667 1463 4668
f 4666 4667 4668
f 1463 4669 4670
f 4669 150 3366
f 3366 1062 4670
f 4669 3366 4670
f 1462 4668 4665
f 4668 1463 4670
f 4670 1062 4665
f 4668 4670 4665
f 189 3157 3313
f 3157 997 4671
f 4671 1047 3313
f 3157 4671 3313
f 997 3162 4672
f 3162 11 2624
f 2624 806 4672
f 3162 2624 4672
f 806 2621 4673
f 2621 10 3315
f 3315 1047 4673
f 2621 3315 4673
f 997 4672 4671
f 4672 806 4673
f 4673 1047 4671
f 4672 4673 4671
f 107 4674 4676
f 4674 1464 4675
f 4675 1465 4676
f 4674 4675 4676
f 1464 4677 4678
f 4677 297 4303
f 4303 1355 4678
f 4677 4303 4678
f 1355 4301 4680
f 4301 358 4679
f 4679 1465 4680
f 4301 4679 4680
f 1464 4678 4675
f 4678 1355 4680
f 4680 1465 4675
f 4678 4680 4675
f 146 2962 4682
f 2962 931 4681
f 4681 1466 4682
f 2962 4681 4682
f 931 2960 4683
f 2960 145 3572
f 3572 1130 4683
f 2960 3572 4683
f 1130 3574 4685
f 3574 184 4684
f 4684 1466 4685
f 3574 4684 4685
f 931 4683 4681
f 4683 1130 4685
f 4685 1466 4681
f 4683 4685 4681
f 270 201 14
f 363 206 4686
f 206 1467 4686
f 206 381 4687
f 4687 1467 206
f 295 58 4688
f 58 1468 4688
f 58 313 4689
f 4689 1468 58
f 241 34 4471
f 4471 1406 241
f 1406 4475 241
f 4475 366 241
f 366 4690 4554
f 4690 1469 4691
f 4691 1429 4554
f 4690 4691 4554
f 1469 4692 4693
f 4692 28 4621
f 4621 1448 4693
f 4692 4621 4693
f 1448 4619 4694
f 4619 278 4556
f 4556 1429 4694
f 4619 4556 4694
f 1469 4693 4691
f 4693 1448 4694
f 4694 1429 4691
f 4693 4694 4691
f 98 229 3350
f 3350 1057 98
f 1057 3348 98
f 3348 96 98
f 374 4695 4583
f 4695 1470 4696
f 4696 1438 4583
f 4695 4696 4583
f 1470 4697 4698
f 4697 181 3118
f 3118 982 4698
f 4697 3118 4698
f 982 3116 4699
f 3116 180 4578
f 4578 1438 4699
f 3116 4578 4699
f 1470 4698 4696
f 4698 982 4699
f 4699 1438 4696
f 4698 4699 4696
f 216 4700 3286
f 4700 1471 4701
f 4701 1037 3286
f 4700 4701 3286
f 1471 4702 4703
f 4702 224 3311
f 3311 1048 4703
f 4702 3311 4703
f 1048 3316 4704
f 3316 10 3288
f 3288 1037 4704
f 3316 3288 4704
f 1471 4703 4701
f 4703 1048 4704
f 4704 1037 4701
f 4703 4704 4701
f 233 1472 78
f 1472 4705 78
f 4705 197 78
f 187 4706 3139
f 4706 1473 4707
f 4707 990 3139
f 4706 4707 3139
f 1473 4708 4709
f 4708 52 2720
f 2720 842 4709
f 4708 2720 4709
f 842 2717 4710
f 2717 51 3142
f 3142 990 4710
f 2717 3142 4710
f 1473 4709 4707
f 4709 842 4710
f 4710 990 4707
f 4709 4710 4707
f 187 3691 4706
f 3691 1167 4711
f 4711 1473 4706
f 3691 4711 4706
f 1167 3689 4713
f 3689 141 4712
f 4712 1474 4713
f 3689 4712 4713
f 1474 4714 4715
f 4714 52 4708
f 4708 1473 4715
f 4714 4708 4715
f 1167 4713 4711
f 4713 1474 4715
f 4715 1473 4711
f 4713 4715 4711
f 366 4474 4690
f 4474 1405 4716
f 4716 1469 4690
f 4474 4716 4690
f 1405 4472 4717
f 4472 260 4529
f 4529 1422 4717
f 4472 4529 4717
f 1422 4527 4718
f 4527 28 4692
f 4692 1469 4718
f 4527 4692 4718
f 1405 4717 4716
f 4717 1422 4718
f 4718 1469 4716
f 4717 4718 4716
f 47 4719 4721
f 4719 1475 4720
f 4720 1477 4721
f 4719 4720 4721
f 1475 4722 4724
f 4722 119 4723
f 4723 1476 4724
f 4722 4723 4724
f 1476 4725 4727
f 4725 108 4726
f 4726 1477 4727
f 4725 4726 4727
f 1475 4724 4720
f 4724 1476 4727
f 4727 1477 4720
f 4724 4727 4720
f 110 4728 4730
f 4728 1478 4729
f 4729 1480 4730
f 4728 4729 4730
f 1478 4731 4733
f 4731 102 4732
f 4732 1479 4733
f 4731 4732 4733
f 1479 4734 4736
f 4734 195 4735
f 4735 1480 4736
f 4734 4735 4736
f 1478 4733 4729
f 4733 1479 4736
f 4736 1480 4729
f 4733 4736 4729
f 58 362 4416
f 4416 359 58
f 110 4737 4739
f 4737 1481 4738
f 4738 1483 4739
f 4737 4738 4739
f 1481 4740 4742
f 4740 331 4741
f 4741 1482 4742
f 4740 4741 4742
f 1482 4743 4745
f 4743 100 4744
f 4744 1483 4745
f 4743 4744 4745
f 1481 4742 4738
f 4742 1482 4745
f 4745 1483 4738
f 4742 4745 4738
f 108 4638 2852
f 4638 1453 4746
f 4746 890 2852
f 4638 4746 2852
f 1453 4636 4747
f 4636 329 3959
f 3959 1254 4747
f 4636 3959 4747
f 1254 3964 4748
f 3964 109 2854
f 2854 890 4748
f 3964 2854 4748
f 1453 4747 4746
f 4747 1254 4748
f 4748 890 4746
f 4747 4748 4746
f 331 4740 3966
f 4740 1481 4749
f 4749 1255 3966
f 4740 4749 3966
f 1481 4737 4750
f 4737 110 2859
f 2859 894 4750
f 4737 2859 4750
f 894 2864 4751
f 2864 112 3969
f 3969 1255 4751
f 2864 3969 4751
f 1481 4750 4749
f 4750 894 4751
f 4751 1255 4749
f 4750 4751 4749
f 128 2906 4753
f 2906 911 4752
f 4752 1484 4753
f 2906 4752 4753
f 911 2907 4754
f 2907 129 3861
f 3861 1219 4754
f 2907 3861 4754
f 1219 3858 4756
f 3858 311 4755
f 4755 1484 4756
f 3858 4755 4756
f 911 4754 4752
f 4754 1219 4756
f 4756 1484 4752
f 4754 4756 4752
f 384 4757 4759
f 4757 1485 4758
f 4758 1487 4759
f 4757 4758 4759
f 1485 4760 4762
f 4760 151 4761
f 4761 1486 4762
f 4760 4761 4762
f 1486 4763 4765
f 4763 258 4764
f 4764 1487 4765
f 4763 4764 4765
f 1485 4762 4758
f 4762 1486 4765
f 4765 1487 4758
f 4762 4765 4758
f 373 4570 4767
f 4570 1433 4766
f 4766 1489 4767
f 4570 4766 4767
f 1433 4567 4769
f 4567 372 4768
f 4768 1488 4769
f 4567 4768 4769
f 1488 4770 4772
f 4770 386 4771
f 4771 1489 4772
f 4770 4771 4772
f 1433 4769 4766
f 4769 1488 4772
f 4772 1489 4766
f 4769 4772 4766
f 362 238 115
f 263 4773 4558
f 4773 1490 860
f 860 1430 4558
f 4773 860 4558
f 1490 4774 860
f 4774 71 860
f 860 70 4559
f 4559 1430 860
f 43 4775 4606
f 4775 1491 4776
f 4776 1444 4606
f 4775 4776 4606
f 1491 4777 4778
f 4777 365 4456
f 4456 1400 4778
f 4777 4456 4778
f 1400 4454 4779
f 4454 298 4608
f 4608 1444 4779
f 4454 4608 4779
f 1491 4778 4776
f 4778 1400 4779
f 4779 1444 4776
f 4778 4779 4776
f 112 4780 3970
f 4780 1492 4781
f 4781 1256 3970
f 4780 4781 3970
f 1492 4782 4783
f 4782 333 4534
f 4534 1423 4783
f 4782 4534 4783
f 1423 4532 4784
f 4532 330 3972
f 3972 1256 4784
f 4532 3972 4784
f 1492 4783 4781
f 4783 1423 4784
f 4784 1256 4781
f 4783 4784 4781
f 332 4785 4001
f 4785 1493 4786
f 4786 1267 4001
f 4785 4786 4001
f 1493 4787 4789
f 4787 388 4788
f 4788 1494 4789
f 4787 4788 4789
f 1494 4790 4791
f 4790 267 4002
f 4002 1267 4791
f 4790 4002 4791
f 1493 4789 4786
f 4789 1494 4791
f 4791 1267 4786
f 4789 4791 4786
f 381 206 4792
f 206 1495 4792
f 206 380 4793
f 4793 1495 206
f 69 4398 3250
f 4398 1386 4794
f 4794 1025 3250
f 4398 4794 3250
f 1386 4395 4795
f 4395 186 3136
f 3136 988 4795
f 4395 3136 4795
f 988 3134 4796
f 3134 185 3252
f 3252 1025 4796
f 3134 3252 4796
f 1386 4795 4794
f 4795 988 4796
f 4796 1025 4794
f 4795 4796 4794
f 354 4238 4798
f 4238 1336 4797
f 4797 1496 4798
f 4238 4797 4798
f 1336 4235 4799
f 4235 173 4616
f 4616 1447 4799
f 4235 4616 4799
f 1447 4614 4801
f 4614 377 4800
f 4800 1496 4801
f 4614 4800 4801
f 1336 4799 4797
f 4799 1447 4801
f 4801 1496 4797
f 4799 4801 4797
f 305 4802 4804
f 4802 1497 4803
f 4803 1499 4804
f 4802 4803 4804
f 1497 4805 4807
f 4805 79 4806
f 4806 1498 4807
f 4805 4806 4807
f 1498 4808 4810
f 4808 385 4809
f 4809 1499 4810
f 4808 4809 4810
f 1497 4807 4803
f 4807 1498 4810
f 4810 1499 4803
f 4807 4810 4803
f 296 4459 4298
f 4459 1401 4811
f 4811 1354 4298
f 4459 4811 4298
f 1401 4457 4812
f 4457 365 4519
f 4519 1421 4812
f 4457 4519 4812
f 1421 4524 4813
f 4524 358 4300
f 4300 1354 4813
f 4524 4300 4813
f 1401 4812 4811
f 4812 1421 4813
f 4813 1354 4811
f 4812 4813 4811
f 389 4814 4816
f 4814 1500 4815
f 4815 1501 4816
f 4814 4815 4816
f 1500 4817 4818
f 4817 182 3600
f 3600 1138 4818
f 4817 3600 4818
f 1138 3597 4820
f 3597 274 4819
f 4819 1501 4820
f 3597 4819 4820
f 1500 4818 4815
f 4818 1138 4820
f 4820 1501 4815
f 4818 4820 4815
f 261 4821 72
f 4821 1502 4822
f 4821 4822 72
f 1502 4823 72
f 4823 70 72
f 1502 72 4822
f 326 4824 4826
f 4824 1503 4825
f 4825 1504 4826
f 4824 4825 4826
f 1503 4827 4828
f 4827 169 3075
f 3075 967 4828
f 4827 3075 4828
f 967 3073 4830
f 3073 168 4829
f 4829 1504 4830
f 3073 4829 4830
f 1503 4828 4825
f 4828 967 4830
f 4830 1504 4825
f 4828 4830 4825
f 218 4831 4833
f 4831 1505 4832
f 4832 1506 4833
f 4831 4832 4833
f 1505 4834 4835
f 4834 84 3293
f 3293 1039 4835
f 4834 3293 4835
f 1039 3291 4837
f 3291 219 4836
f 4836 1506 4837
f 3291 4836 4837
f 1505 4835 4832
f 4835 1039 4837
f 4837 1506 4832
f 4835 4837 4832
f 216 4170 4700
f 4170 1317 4838
f 4838 1471 4700
f 4170 4838 4700
f 1317 4168 4840
f 4168 348 4839
f 4839 1507 4840
f 4168 4839 4840
f 1507 4841 4842
f 4841 224 4702
f 4702 1471 4842
f 4841 4702 4842
f 1317 4840 4838
f 4840 1507 4842
f 4842 1471 4838
f 4840 4842 4838
f 367 4843 4845
f 4843 1508 4844
f 4844 1510 4845
f 4843 4844 4845
f 1508 4846 4848
f 4846 163 4847
f 4847 1509 4848
f 4846 4847 4848
f 1509 4849 4851
f 4849 369 4850
f 4850 1510 4851
f 4849 4850 4851
f 1508 4848 4844
f 4848 1509 4851
f 4851 1510 4844
f 4848 4851 4844
f 375 4852 4854
f 4852 1511 4853
f 4853 1513 4854
f 4852 4853 4854
f 1511 4855 4857
f 4855 391 4856
f 4856 1512 4857
f 4855 4856 4857
f 1512 4858 4860
f 4858 392 4859
f 4859 1513 4860
f 4858 4859 4860
f 1511 4857 4853
f 4857 1512 4860
f 4860 1513 4853
f 4857 4860 4853
f 393 4861 4863
f 4861 1514 4862
f 4862 1516 4863
f 4861 4862 4863
f 1514 4864 4866
f 4864 394 4865
f 4865 1515 4866
f 4864 4865 4866
f 1515 4867 4869
f 4867 395 4868
f 4868 1516 4869
f 4867 4868 4869
f 1514 4866 4862
f 4866 1515 4869
f 4869 1516 4862
f 4866 4869 4862
f 353 4227 4871
f 4227 1333 4870
f 4870 1518 4871
f 4227 4870 4871
f 1333 4225 4873
f 4225 235 4872
f 4872 1517 4873
f 4225 4872 4873
f 1517 4874 4876
f 4874 364 4875
f 4875 1518 4876
f 4874 4875 4876
f 1333 4873 4870
f 4873 1517 4876
f 4876 1518 4870
f 4873 4876 4870
f 324 4044 113
f 4044 215 113
f 251 4877 4879
f 4877 1519 4878
f 4878 1520 4879
f 4877 4878 4879
f 1519 4880 4881
f 4880 337 4059
f 4059 1284 4881
f 4880 4059 4881
f 1284 4057 4883
f 4057 167 4882
f 4882 1520 4883
f 4057 4882 4883
f 1519 4881 4878
f 4881 1284 4883
f 4883 1520 4878
f 4881 4883 4878
f 369 4884 4886
f 4884 1521 4885
f 4885 1523 4886
f 4884 4885 4886
f 1521 4887 4889
f 4887 31 4888
f 4888 1522 4889
f 4887 4888 4889
f 1522 4890 4892
f 4890 310 4891
f 4891 1523 4892
f 4890 4891 4892
f 1521 4889 4885
f 4889 1522 4892
f 4892 1523 4885
f 4889 4892 4885
f 85 4893 4895
f 4893 1524 4894
f 4894 1526 4895
f 4893 4894 4895
f 1524 4896 4898
f 4896 235 4897
f 4897 1525 4898
f 4896 4897 4898
f 1525 4899 4901
f 4899 396 4900
f 4900 1526 4901
f 4899 4900 4901
f 1524 4898 4894
f 4898 1525 4901
f 4901 1526 4894
f 4898 4901 4894
f 39 2683 3833
f 2683 832 4902
f 4902 1211 3833
f 2683 4902 3833
f 832 2688 4904
f 2688 41 4903
f 4903 1527 4904
f 2688 4903 4904
f 1527 4905 4906
f 4905 214 3831
f 3831 1211 4906
f 4905 3831 4906
f 832 4904 4902
f 4904 1527 4906
f 4906 1211 4902
f 4904 4906 4902
f 397 4907 4909
f 4907 1528 4908
f 4908 1529 4909
f 4907 4908 4909
f 1528 4910 4911
f 4910 355 4262
f 4262 1343 4911
f 4910 4262 4911
f 1343 4260 4913
f 4260 204 4912
f 4912 1529 4913
f 4260 4912 4913
f 1528 4911 4908
f 4911 1343 4913
f 4913 1529 4908
f 4911 4913 4908
f 123 4914 4916
f 4914 1530 4915
f 4915 1532 4916
f 4914 4915 4916
f 1530 4917 4919
f 4917 392 4918
f 4918 1531 4919
f 4917 4918 4919
f 1531 4920 4922
f 4920 398 4921
f 4921 1532 4922
f 4920 4921 4922
f 1530 4919 4915
f 4919 1531 4922
f 4922 1532 4915
f 4919 4922 4915
f 188 3145 4659
f 3145 991 4923
f 4923 1461 4659
f 3145 4923 4659
f 991 3143 4924
f 3143 51 2945
f 2945 926 4924
f 3143 2945 4924
f 926 2943 4925
f 2943 66 4660
f 4660 1461 4925
f 2943 4660 4925
f 991 4924 4923
f 4924 926 4925
f 4925 1461 4923
f 4924 4925 4923
f 25 132 4926
f 132 1533 4926
f 132 9 4927
f 4927 1533 132
f 80 359 78
f 150 4928 4930
f 4928 1534 4929
f 4929 1535 4930
f 4928 4929 4930
f 1534 4931 4932
f 4931 55 3152
f 3152 993 4932
f 4931 3152 4932
f 993 3150 4934
f 3150 160 4933
f 4933 1535 4934
f 3150 4933 4934
f 1534 4932 4929
f 4932 993 4934
f 4934 1535 4929
f 4932 4934 4929
f 27 4935 3626
f 4935 1536 4936
f 4936 1147 3626
f 4935 4936 3626
f 1536 4937 4939
f 4937 399 4938
f 4938 1537 4939
f 4937 4938 4939
f 1537 4940 4941
f 4940 77 3629
f 3629 1147 4941
f 4940 3629 4941
f 1536 4939 4936
f 4939 1537 4941
f 4941 1147 4936
f 4939 4941 4936
f 150 4930 4943
f 4930 1535 4942
f 4942 1539 4943
f 4930 4942 4943
f 1535 4933 4945
f 4933 160 4944
f 4944 1538 4945
f 4933 4944 4945
f 1538 4946 4948
f 4946 227 4947
f 4947 1539 4948
f 4946 4947 4948
f 1535 4945 4942
f 4945 1538 4948
f 4948 1539 4942
f 4945 4948 4942
f 294 4949 3710
f 4949 1540 4950
f 4950 1173 3710
f 4949 4950 3710
f 1540 4951 4952
f 4951 292 3795
f 3795 1200 4952
f 4951 3795 4952
f 1200 3793 4953
f 3793 17 3712
f 3712 1173 4953
f 3793 3712 4953
f 1540 4952 4950
f 4952 1200 4953
f 4953 1173 4950
f 4952 4953 4950
f 400 4954 4956
f 4954 1541 4955
f 4955 1542 4956
f 4954 4955 4956
f 1541 4957 4958
f 4957 394 4864
f 4864 1514 4958
f 4957 4864 4958
f 1514 4861 4960
f 4861 393 4959
f 4959 1542 4960
f 4861 4959 4960
f 1541 4958 4955
f 4958 1514 4960
f 4960 1542 4955
f 4958 4960 4955
f 98 175 3654
f 3654 1157 98
f 1157 3657 98
f 3657 106 98
f 27 4961 4935
f 4961 1543 4962
f 4962 1536 4935
f 4961 4962 4935
f 1543 4963 4965
f 4963 401 4964
f 4964 1544 4965
f 4963 4964 4965
f 1544 4966 4967
f 4966 399 4937
f 4937 1536 4967
f 4966 4937 4967
f 1543 4965 4962
f 4965 1544 4967
f 4967 1536 4962
f 4965 4967 4962
f 318 4968 4970
f 4968 1545 4969
f 4969 1547 4970
f 4968 4969 4970
f 1545 4971 4973
f 4971 272 4972
f 4972 1546 4973
f 4971 4972 4973
f 1546 4974 4976
f 4974 81 4975
f 4975 1547 4976
f 4974 4975 4976
f 1545 4973 4969
f 4973 1546 4976
f 4976 1547 4969
f 4973 4976 4969
f 150 4943 4032
f 4943 1539 4977
f 4977 1277 4032
f 4943 4977 4032
f 1539 4947 4979
f 4947 227 4978
f 4978 1548 4979
f 4947 4978 4979
f 1548 4980 4981
f 4980 280 4035
f 4035 1277 4981
f 4980 4035 4981
f 1539 4979 4977
f 4979 1548 4981
f 4981 1277 4977
f 4979 4981 4977
f 383 4982 4984
f 4982 1549 4983
f 4983 1551 4984
f 4982 4983 4984
f 1549 4985 4987
f 4985 116 4986
f 4986 1550 4987
f 4985 4986 4987
f 1550 4988 4990
f 4988 336 4989
f 4989 1551 4990
f 4988 4989 4990
f 1549 4987 4983
f 4987 1550 4990
f 4990 1551 4983
f 4987 4990 4983
f 49 2711 4204
f 2711 839 4991
f 4991 1328 4204
f 2711 4991 4204
f 839 2708 4993
f 2708 48 4992
f 4992 1552 4993
f 2708 4992 4993
f 1552 4994 4995
f 4994 350 4199
f 4199 1328 4995
f 4994 4199 4995
f 839 4993 4991
f 4993 1552 4995
f 4995 1328 4991
f 4993 4995 4991
f 181 4697 3167
f 4697 1470 4996
f 4996 999 3167
f 4697 4996 3167
f 1470 4695 4998
f 4695 374 4997
f 4997 1553 4998
f 4695 4997 4998
f 1553 4999 5000
f 4999 29 3169
f 3169 999 5000
f 4999 3169 5000
f 1470 4998 4996
f 4998 1553 5000
f 5000 999 4996
f 4998 5000 4996
f 88 90 3590
f 90 1135 3590
f 90 128 3592
f 3592 1135 90
f 281 302 5001
f 5001 1554 281
f 1554 5002 281
f 5002 402 281
f 401 5003 4964
f 5003 1555 5004
f 5004 1544 4964
f 5003 5004 4964
f 1555 5005 5007
f 5005 87 5006
f 5006 1556 5007
f 5005 5006 5007
f 1556 5008 5009
f 5008 399 4966
f 4966 1544 5009
f 5008 4966 5009
f 1555 5007 5004
f 5007 1556 5009
f 5009 1544 5004
f 5007 5009 5004
f 380 60 59
f 32 914 5010
f 914 1557 5010
f 914 130 3081
f 3081 969 914
f 969 3078 914
f 3078 170 5011
f 5011 1557 914
f 3078 5011 914
f 285 5012 5014
f 5012 1558 5013
f 5013 1560 5014
f 5012 5013 5014
f 1558 5015 5017
f 5015 97 5016
f 5016 1559 5017
f 5015 5016 5017
f 1559 5018 5020
f 5018 174 5019
f 5019 1560 5020
f 5018 5019 5020
f 1558 5017 5013
f 5017 1559 5020
f 5020 1560 5013
f 5017 5020 5013
f 376 5021 4592
f 5021 1561 5022
f 5022 1441 4592
f 5021 5022 4592
f 1561 5023 5025
f 5023 45 5024
f 5024 1562 5025
f 5023 5024 5025
f 1562 5026 5027
f 5026 358 4595
f 4595 1441 5027
f 5026 4595 5027
f 1561 5025 5022
f 5025 1562 5027
f 5027 1441 5022
f 5025 5027 5022
f 139 5028 977
f 5028 1563 1008
f 5028 1008 977
f 1563 5029 1008
f 5029 195 1008
f 1008 178 977
f 310 5030 5032
f 5030 1564 5031
f 5031 1566 5032
f 5030 5031 5032
f 1564 5033 5035
f 5033 121 5034
f 5034 1565 5035
f 5033 5034 5035
f 1565 5036 5038
f 5036 387 5037
f 5037 1566 5038
f 5036 5037 5038
f 1564 5035 5031
f 5035 1565 5038
f 5038 1566 5031
f 5035 5038 5031
f 143 2953 3685
f 2953 928 5039
f 5039 1166 3685
f 2953 5039 3685
f 928 2951 5040
f 2951 63 2941
f 2941 925 5040
f 2951 2941 5040
f 925 2939 5041
f 2939 141 3688
f 3688 1166 5041
f 2939 3688 5041
f 928 5040 5039
f 5040 925 5041
f 5041 1166 5039
f 5040 5041 5039
f 5042 40 2684
f 2684 830 115
f 5042 2684 115
f 830 2681 115
f 2681 39 115
f 224 3435 3309
f 3435 1084 5043
f 5043 1046 3309
f 3435 5043 3309
f 1084 3433 5044
f 3433 246 3752
f 3752 1186 5044
f 3433 3752 5044
f 1186 3755 5045
f 3755 189 3312
f 3312 1046 5045
f 3755 3312 5045
f 1084 5044 5043
f 5044 1186 5045
f 5045 1046 5043
f 5044 5045 5043
f 69 3249 2760
f 3249 1024 5046
f 5046 858 2760
f 3249 5046 2760
f 1024 3246 5048
f 3246 10 5047
f 5047 1567 5048
f 3246 5047 5048
f 1567 5049 5050
f 5049 22 2762
f 2762 858 5050
f 5049 2762 5050
f 1024 5048 5046
f 5048 1567 5050
f 5050 858 5046
f 5048 5050 5046
f 235 284 4872
f 284 1517 4872
f 284 364 4874
f 4874 1517 284
f 401 5051 5053
f 5051 1568 5052
f 5052 1569 5053
f 5051 5052 5053
f 1568 5054 5055
f 5054 29 4999
f 4999 1553 5055
f 5054 4999 5055
f 1553 4997 5057
f 4997 374 5056
f 5056 1569 5057
f 4997 5056 5057
f 1568 5055 5052
f 5055 1553 5057
f 5057 1569 5052
f 5055 5057 5052
f 404 5058 5060
f 5058 1570 5059
f 5059 1572 5060
f 5058 5059 5060
f 1570 5061 5063
f 5061 403 5062
f 5062 1571 5063
f 5061 5062 5063
f 1571 5064 5066
f 5064 54 5065
f 5065 1572 5066
f 5064 5065 5066
f 1570 5063 5059
f 5063 1571 5066
f 5066 1572 5059
f 5063 5066 5059
f 385 5067 1575
f 5067 1573 1575
f 1573 5068 1575
f 5068 192 5069
f 5069 1574 1575
f 5068 5069 1575
f 1574 5070 1575
f 5070 382 1575
f 375 5071 4588
f 5071 1576 5072
f 5072 1440 4588
f 5071 5072 4588
f 1576 5073 5075
f 5073 56 5074
f 5074 1577 5075
f 5073 5074 5075
f 1577 5076 5077
f 5076 374 4590
f 4590 1440 5077
f 5076 4590 5077
f 1576 5075 5072
f 5075 1577 5077
f 5077 1440 5072
f 5075 5077 5072
f 45 2701 5079
f 2701 838 5078
f 5078 1579 5079
f 2701 5078 5079
f 838 2706 5081
f 2706 47 5080
f 5080 1578 5081
f 2706 5080 5081
f 1578 5082 5084
f 5082 107 5083
f 5083 1579 5084
f 5082 5083 5084
f 838 5081 5078
f 5081 1578 5084
f 5084 1579 5078
f 5081 5084 5078
f 111 5085 5087
f 5085 1580 5086
f 5086 1581 5087
f 5085 5086 5087
f 1580 5088 5089
f 5088 195 5029
f 5029 1563 5089
f 5088 5029 5089
f 1563 5028 5091
f 5028 139 5090
f 5090 1581 5091
f 5028 5090 5091
f 1580 5089 5086
f 5089 1563 5091
f 5091 1581 5086
f 5089 5091 5086
f 387 5092 5094
f 5092 1582 5093
f 5093 1584 5094
f 5092 5093 5094
f 1582 5095 5097
f 5095 117 5096
f 5096 1583 5097
f 5095 5096 5097
f 1583 5098 5100
f 5098 383 5099
f 5099 1584 5100
f 5098 5099 5100
f 1582 5097 5093
f 5097 1583 5100
f 5100 1584 5093
f 5097 5100 5093
f 24 311 5101
f 5101 1585 24
f 1585 5102 24
f 5102 25 24
f 405 5103 5105
f 5103 1586 5104
f 5104 1588 5105
f 5103 5104 5105
f 1586 5106 5108
f 5106 406 5107
f 5107 1587 5108
f 5106 5107 5108
f 1587 5109 5111
f 5109 407 5110
f 5110 1588 5111
f 5109 5110 5111
f 1586 5108 5104
f 5108 1587 5111
f 5111 1588 5104
f 5108 5111 5104
f 30 2666 5113
f 2666 823 5112
f 5112 1589 5113
f 2666 5112 5113
f 823 2671 5114
f 2671 32 5010
f 5010 1557 5114
f 2671 5010 5114
f 1557 5011 5116
f 5011 170 5115
f 5115 1589 5116
f 5011 5115 5116
f 823 5114 5112
f 5114 1557 5116
f 5116 1589 5112
f 5114 5116 5112
f 60 164 113
f 333 4433 5118
f 4433 1394 5117
f 5117 1591 5118
f 4433 5117 5118
f 1394 4431 5120
f 4431 327 5119
f 5119 1590 5120
f 4431 5119 5120
f 1590 5121 5123
f 5121 408 5122
f 5122 1591 5123
f 5121 5122 5123
f 1394 5120 5117
f 5120 1590 5123
f 5123 1591 5117
f 5120 5123 5117
f 220 4315 5125
f 4315 1358 5124
f 5124 1593 5125
f 4315 5124 5125
f 1358 4313 5127
f 4313 353 5126
f 5126 1592 5127
f 4313 5126 5127
f 1592 5128 5130
f 5128 409 5129
f 5129 1593 5130
f 5128 5129 5130
f 1358 5127 5124
f 5127 1592 5130
f 5130 1593 5124
f 5127 5130 5124
f 370 5131 4597
f 5131 1594 5132
f 5132 1442 4597
f 5131 5132 4597
f 1594 5133 5135
f 5133 410 5134
f 5134 1595 5135
f 5133 5134 5135
f 1595 5136 5137
f 5136 376 4594
f 4594 1442 5137
f 5136 4594 5137
f 1594 5135 5132
f 5135 1595 5137
f 5137 1442 5132
f 5135 5137 5132
f 142 1596 3890
f 1596 1229 3890
f 1596 234 5138
f 5138 1597 1596
f 1597 5139 1596
f 5139 36 3885
f 3885 1229 1596
f 5139 3885 1596
f 364 5140 5142
f 5140 1598 5141
f 5141 1600 5142
f 5140 5141 5142
f 1598 5143 5145
f 5143 96 5144
f 5144 1599 5145
f 5143 5144 5145
f 1599 5146 5148
f 5146 346 5147
f 5147 1600 5148
f 5146 5147 5148
f 1598 5145 5141
f 5145 1599 5148
f 5148 1600 5141
f 5145 5148 5141
f 24 128 4753
f 4753 1484 24
f 1484 4755 24
f 4755 311 24
f 39 3588 24
f 3588 1136 24
f 1136 3593 24
f 3593 128 24
f 412 5149 5151
f 5149 1601 5150
f 5150 1602 5151
f 5149 5150 5151
f 1601 5152 5153
f 5152 2 2606
f 2606 800 5153
f 5152 2606 5153
f 800 2603 5155
f 2603 1 5154
f 5154 1602 5155
f 2603 5154 5155
f 1601 5153 5150
f 5153 800 5155
f 5155 1602 5150
f 5153 5155 5150
f 139 5156 5090
f 5156 1603 5157
f 5157 1581 5090
f 5156 5157 5090
f 1603 5158 5159
f 5158 346 4563
f 4563 1431 5159
f 5158 4563 5159
f 1431 4560 5160
f 4560 111 5087
f 5087 1581 5160
f 4560 5087 5160
f 1603 5159 5157
f 5159 1431 5160
f 5160 1581 5157
f 5159 5160 5157
f 407 5161 5163
f 5161 1604 5162
f 5162 1605 5163
f 5161 5162 5163
f 1604 5164 5165
f 5164 373 4767
f 4767 1489 5165
f 5164 4767 5165
f 1489 4771 5167
f 4771 386 5166
f 5166 1605 5167
f 4771 5166 5167
f 1604 5165 5162
f 5165 1489 5167
f 5167 1605 5162
f 5165 5167 5162
f 408 5168 5122
f 5168 1606 5169
f 5169 1591 5122
f 5168 5169 5122
f 1606 5170 5171
f 5170 368 4537
f 4537 1424 5171
f 5170 4537 5171
f 1424 4535 5172
f 4535 333 5118
f 5118 1591 5172
f 4535 5118 5172
f 1606 5171 5169
f 5171 1424 5172
f 5172 1591 5169
f 5171 5172 5169
f 364 284 5140
f 284 1598 5140
f 284 96 5143
f 5143 1598 284
f 12 5173 3546
f 5173 1607 5174
f 5174 1121 3546
f 5173 5174 3546
f 1607 5175 5177
f 5175 330 5176
f 5176 1608 5177
f 5175 5176 5177
f 1608 5178 5179
f 5178 264 3548
f 3548 1121 5179
f 5178 3548 5179
f 1607 5177 5174
f 5177 1608 5179
f 5179 1121 5174
f 5177 5179 5174
f 12 3827 5173
f 3827 1209 5180
f 5180 1607 5173
f 3827 5180 5173
f 1209 3825 5182
f 3825 307 5181
f 5181 1609 5182
f 3825 5181 5182
f 1609 5183 5184
f 5183 330 5175
f 5175 1607 5184
f 5183 5175 5184
f 1209 5182 5180
f 5182 1609 5184
f 5184 1607 5180
f 5182 5184 5180
f 96 3347 5144
f 3347 1056 5185
f 5185 1599 5144
f 3347 5185 5144
f 1056 3344 5186
f 3344 228 4153
f 4153 1312 5186
f 3344 4153 5186
f 1312 4150 5187
f 4150 346 5146
f 5146 1599 5187
f 4150 5146 5187
f 1056 5186 5185
f 5186 1312 5187
f 5187 1599 5185
f 5186 5187 5185
f 84 4834 4221
f 4834 1505 5188
f 5188 1332 4221
f 4834 5188 4221
f 1505 4831 5189
f 4831 218 3385
f 3385 1067 5189
f 4831 3385 5189
f 1067 3383 5190
f 3383 235 4224
f 4224 1332 5190
f 3383 4224 5190
f 1505 5189 5188
f 5189 1067 5190
f 5190 1332 5188
f 5189 5190 5188
f 8 208 4189
f 4189 1323 8
f 1323 317 8
f 417 5191 5193
f 5191 1610 5192
f 5192 1612 5193
f 5191 5192 5193
f 1610 5194 5196
f 5194 418 5195
f 5195 1611 5196
f 5194 5195 5196
f 1611 5197 5199
f 5197 368 5198
f 5198 1612 5199
f 5197 5198 5199
f 1610 5196 5192
f 5196 1611 5199
f 5199 1612 5192
f 5196 5199 5192
f 417 5193 5201
f 5193 1612 5200
f 5200 1614 5201
f 5193 5200 5201
f 1612 5198 5203
f 5198 368 5202
f 5202 1613 5203
f 5198 5202 5203
f 1613 5204 5206
f 5204 419 5205
f 5205 1614 5206
f 5204 5205 5206
f 1612 5203 5200
f 5203 1613 5206
f 5206 1614 5200
f 5203 5206 5200
f 93 5207 5209
f 5207 1615 5208
f 5208 1616 5209
f 5207 5208 5209
f 1615 5210 5211
f 5210 418 5194
f 5194 1610 5211
f 5210 5194 5211
f 1610 5191 5213
f 5191 417 5212
f 5212 1616 5213
f 5191 5212 5213
f 1615 5211 5208
f 5211 1610 5213
f 5213 1616 5208
f 5211 5213 5208
f 97 3376 98
f 3376 1064 98
f 1064 3374 98
f 3374 175 98
f 198 1472 233
f 198 197 4705
f 4705 1472 198
f 382 198 5214
f 198 1617 5214
f 198 363 5215
f 5215 1617 198
f 420 5216 5218
f 5216 1618 5217
f 5217 1619 5218
f 5216 5217 5218
f 1618 5219 5220
f 5219 86 4353
f 4353 1372 5220
f 5219 4353 5220
f 1372 4351 5222
f 4351 297 5221
f 5221 1619 5222
f 4351 5221 5222
f 1618 5220 5217
f 5220 1372 5222
f 5222 1619 5217
f 5220 5222 5217
f 203 3525 3216
f 3525 1114 5223
f 5223 1015 3216
f 3525 5223 3216
f 1114 3523 5225
f 3523 124 5224
f 5224 1620 5225
f 3523 5224 5225
f 1620 5226 5227
f 5226 180 3219
f 3219 1015 5227
f 5226 3219 5227
f 1114 5225 5223
f 5225 1620 5227
f 5227 1015 5223
f 5225 5227 5223
f 272 5228 207
f 5228 1621 207
f 1621 5229 207
f 5229 208 207
f 258 3902 4764
f 3902 1232 5230
f 5230 1487 4764
f 3902 5230 4764
f 1232 3900 5232
f 3900 316 5231
f 5231 1622 5232
f 3900 5231 5232
f 1622 5233 5234
f 5233 384 4759
f 4759 1487 5234
f 5233 4759 5234
f 1232 5232 5230
f 5232 1622 5234
f 5234 1487 5230
f 5232 5234 5230
f 33 5235 3515
f 5235 1623 5236
f 5236 1111 3515
f 5235 5236 3515
f 1623 5237 5239
f 5237 319 5238
f 5238 1624 5239
f 5237 5238 5239
f 1624 5240 5241
f 5240 82 3510
f 3510 1111 5241
f 5240 3510 5241
f 1623 5239 5236
f 5239 1624 5241
f 5241 1111 5236
f 5239 5241 5236
f 386 5242 5166
f 5242 1625 5243
f 5243 1605 5166
f 5242 5243 5166
f 1625 5244 5245
f 5244 405 5105
f 5105 1588 5245
f 5244 5105 5245
f 1588 5110 5246
f 5110 407 5163
f 5163 1605 5246
f 5110 5163 5246
f 1625 5245 5243
f 5245 1588 5246
f 5246 1605 5243
f 5245 5246 5243
f 408 5247 5249
f 5247 1626 5248
f 5248 1628 5249
f 5247 5248 5249
f 1626 5250 5252
f 5250 94 5251
f 5251 1627 5252
f 5250 5251 5252
f 1627 5253 5255
f 5253 419 5254
f 5254 1628 5255
f 5253 5254 5255
f 1626 5252 5248
f 5252 1627 5255
f 5255 1628 5248
f 5252 5255 5248
f 123 4579 906
f 4579 1436 5256
f 4579 5256 906
f 1436 4576 5257
f 4576 180 5226
f 5226 1620 5257
f 4576 5226 5257
f 1620 5224 5258
f 5224 124 2902
f 2902 906 5258
f 5224 2902 5258
f 1436 5257 5256
f 5257 1620 5258
f 5258 906 5256
f 5257 5258 5256
f 416 5259 5261
f 5259 1629 5260
f 5260 1631 5261
f 5259 5260 5261
f 1629 5262 5264
f 5262 417 5263
f 5263 1630 5264
f 5262 5263 5264
f 1630 5265 5267
f 5265 53 5266
f 5266 1631 5267
f 5265 5266 5267
f 1629 5264 5260
f 5264 1630 5267
f 5267 1631 5260
f 5264 5267 5260
f 290 90 5268
f 90 1632 5268
f 90 378 5269
f 5269 1632 90
f 81 4974 2837
f 4974 1546 5270
f 5270 885 2837
f 4974 5270 2837
f 1546 4972 5271
f 4972 272 3678
f 3678 1165 5271
f 4972 3678 5271
f 1165 3683 5272
f 3683 103 2834
f 2834 885 5272
f 3683 2834 5272
f 1546 5271 5270
f 5271 1165 5272
f 5272 885 5270
f 5271 5272 5270
f 419 5204 5254
f 5204 1613 5273
f 5273 1628 5254
f 5204 5273 5254
f 1613 5202 5274
f 5202 368 5170
f 5170 1606 5274
f 5202 5170 5274
f 1606 5168 5275
f 5168 408 5249
f 5249 1628 5275
f 5168 5249 5275
f 1613 5274 5273
f 5274 1606 5275
f 5275 1628 5273
f 5274 5275 5273
f 218 4833 4296
f 4833 1506 5276
f 5276 1353 4296
f 4833 5276 4296
f 1506 4836 5277
f 4836 219 4412
f 4412 1390 5277
f 4836 4412 5277
f 1390 4410 5278
f 4410 138 4294
f 4294 1353 5278
f 4410 4294 5278
f 1506 5277 5276
f 5277 1390 5278
f 5278 1353 5276
f 5277 5278 5276
f 95 5279 5281
f 5279 1633 5280
f 5280 1634 5281
f 5279 5280 5281
f 1633 5282 5283
f 5282 417 5201
f 5201 1614 5283
f 5282 5201 5283
f 1614 5205 5285
f 5205 419 5284
f 5284 1634 5285
f 5205 5284 5285
f 1633 5283 5280
f 5283 1614 5285
f 5285 1634 5280
f 5283 5285 5280
f 129 90 5286
f 90 1635 5286
f 90 15 5287
f 5287 1635 90
f 25 4926 4403
f 4926 1533 5288
f 5288 1388 4403
f 4926 5288 4403
f 1533 4927 5289
f 4927 9 4134
f 4134 1308 5289
f 4927 4134 5289
f 1308 4133 5290
f 4133 323 4405
f 4405 1388 5290
f 4133 4405 5290
f 1533 5289 5288
f 5289 1308 5290
f 5290 1388 5288
f 5289 5290 5288
f 227 5291 5293
f 5291 1636 5292
f 5292 1637 5293
f 5291 5292 5293
f 1636 5294 5295
f 5294 370 4520
f 4520 1419 5295
f 5294 4520 5295
f 1419 4517 5297
f 4517 365 5296
f 5296 1637 5297
f 4517 5296 5297
f 1636 5295 5292
f 5295 1419 5297
f 5297 1637 5292
f 5295 5297 5292
f 420 5218 5299
f 5218 1619 5298
f 5298 1638 5299
f 5218 5298 5299
f 1619 5221 5300
f 5221 297 4500
f 4500 1413 5300
f 5221 4500 5300
f 1413 4498 5302
f 4498 368 5301
f 5301 1638 5302
f 4498 5301 5302
f 1619 5300 5298
f 5300 1413 5302
f 5302 1638 5298
f 5300 5302 5298
f 60 61 35
f 403 5303 5305
f 5303 1639 5304
f 5304 1641 5305
f 5303 5304 5305
f 1639 5306 5308
f 5306 133 5307
f 5307 1640 5308
f 5306 5307 5308
f 1640 5309 5311
f 5309 45 5310
f 5310 1641 5311
f 5309 5310 5311
f 1639 5308 5304
f 5308 1640 5311
f 5311 1641 5304
f 5308 5311 5304
f 86 2789 4354
f 2789 868 5312
f 5312 1373 4354
f 2789 5312 4354
f 868 2787 5313
f 2787 4 4605
f 4605 1445 5313
f 2787 4605 5313
f 1445 4609 5314
f 4609 298 4350
f 4350 1373 5314
f 4609 4350 5314
f 868 5313 5312
f 5313 1445 5314
f 5314 1373 5312
f 5313 5314 5312
f 414 5315 5317
f 5315 1642 5316
f 5316 1643 5317
f 5315 5316 5317
f 1642 5318 5319
f 5318 417 5262
f 5262 1629 5319
f 5318 5262 5319
f 1629 5259 5321
f 5259 416 5320
f 5320 1643 5321
f 5259 5320 5321
f 1642 5319 5316
f 5319 1629 5321
f 5321 1643 5316
f 5319 5321 5316
f 238 375 4587
f 4587 1439 238
f 1439 4585 238
f 4585 123 238
f 179 4479 3221
f 4479 1407 5322
f 5322 1016 3221
f 4479 5322 3221
f 1407 4477 5324
f 4477 185 5323
f 5323 1644 5324
f 4477 5323 5324
f 1644 5325 5326
f 5325 203 3218
f 3218 1016 5326
f 5325 3218 5326
f 1407 5324 5322
f 5324 1644 5326
f 5326 1016 5322
f 5324 5326 5322
f 57 2735 5328
f 2735 848 5327
f 5327 1645 5328
f 2735 5327 5328
f 848 58 5329
f 58 56 5073
f 5073 1576 5329
f 58 5073 5329
f 1576 5071 5331
f 5071 375 5330
f 5330 1645 5331
f 5071 5330 5331
f 848 5329 5327
f 5329 1576 5331
f 5331 1645 5327
f 5329 5331 5327
f 358 5026 4679
f 5026 1562 5332
f 5332 1465 4679
f 5026 5332 4679
f 1562 5024 5333
f 5024 45 5079
f 5079 1579 5333
f 5024 5079 5333
f 1579 5083 5334
f 5083 107 4676
f 4676 1465 5334
f 5083 4676 5334
f 1562 5333 5332
f 5333 1579 5334
f 5334 1465 5332
f 5333 5334 5332
f 107 5082 2848
f 5082 1578 5335
f 5335 889 2848
f 5082 5335 2848
f 1578 5080 5336
f 5080 47 4721
f 4721 1477 5336
f 5080 4721 5336
f 1477 4726 5337
f 4726 108 2851
f 2851 889 5337
f 4726 2851 5337
f 1578 5336 5335
f 5336 1477 5337
f 5337 889 5335
f 5336 5337 5335
f 195 5088 4735
f 5088 1580 5338
f 5338 1480 4735
f 5088 5338 4735
f 1580 5085 5339
f 5085 111 2860
f 2860 892 5339
f 5085 2860 5339
f 892 2857 5340
f 2857 110 4730
f 4730 1480 5340
f 2857 4730 5340
f 1580 5339 5338
f 5339 892 5340
f 5340 1480 5338
f 5339 5340 5338
f 421 5341 5343
f 5341 1646 5342
f 5342 1648 5343
f 5341 5342 5343
f 1646 5344 5346
f 5344 221 5345
f 5345 1647 5346
f 5344 5345 5346
f 1647 5347 5349
f 5347 96 5348
f 5348 1648 5349
f 5347 5348 5349
f 1646 5346 5342
f 5346 1647 5349
f 5349 1648 5342
f 5346 5349 5342
f 110 4739 4728
f 4739 1483 5350
f 5350 1478 4728
f 4739 5350 4728
f 1483 4744 5351
f 4744 100 2825
f 2825 883 5351
f 4744 2825 5351
f 883 2830 5352
f 2830 102 4731
f 4731 1478 5352
f 2830 4731 5352
f 1483 5351 5350
f 5351 883 5352
f 5352 1478 5350
f 5351 5352 5350
f 374 5076 5056
f 5076 1577 5353
f 5353 1569 5056
f 5076 5353 5056
f 1577 5074 5355
f 5074 56 5354
f 5354 1649 5355
f 5074 5354 5355
f 1649 5356 5357
f 5356 401 5053
f 5053 1569 5357
f 5356 5053 5357
f 1577 5355 5353
f 5355 1649 5357
f 5357 1569 5353
f 5355 5357 5353
f 36 4038 3883
f 4038 1278 5358
f 5358 1227 3883
f 4038 5358 3883
f 1278 4036 5360
f 4036 280 5359
f 5359 1650 5360
f 4036 5359 5360
f 1650 5361 5362
f 5361 6 3886
f 3886 1227 5362
f 5361 3886 5362
f 1278 5360 5358
f 5360 1650 5362
f 5362 1227 5358
f 5360 5362 5358
f 311 5363 5101
f 5363 1651 5364
f 5364 1585 5101
f 5363 5364 5101
f 1651 5365 5366
f 5365 70 3507
f 3507 1108 5366
f 5365 3507 5366
f 1108 3506 5367
f 3506 25 5102
f 5102 1585 5367
f 3506 5102 5367
f 1651 5366 5364
f 5366 1108 5367
f 5367 1585 5364
f 5366 5367 5364
f 311 5368 5363
f 5368 1652 5369
f 5369 1651 5363
f 5368 5369 5363
f 1652 5370 5371
f 5370 261 4821
f 4821 1502 5371
f 5370 4821 5371
f 1502 4823 5372
f 4823 70 5365
f 5365 1651 5372
f 4823 5365 5372
f 1652 5371 5369
f 5371 1502 5372
f 5372 1651 5369
f 5371 5372 5369
f 191 5373 5375
f 5373 1653 5374
f 5374 1654 5375
f 5373 5374 5375
f 215 223 5376
f 5376 1654 5377
f 215 5376 5377
f 1653 215 5374
f 5377 1654 5374
f 215 5377 5374
f 143 3687 5379
f 3687 1168 5378
f 5378 1655 5379
f 3687 5378 5379
f 1168 3692 5380
f 3692 187 3141
f 3141 992 5380
f 3692 3141 5380
f 992 3146 5382
f 3146 188 5381
f 5381 1655 5382
f 3146 5381 5382
f 1168 5380 5378
f 5380 992 5382
f 5382 1655 5378
f 5380 5382 5378
f 417 5318 5212
f 5318 1642 5383
f 5383 1616 5212
f 5318 5383 5212
f 1642 5315 5385
f 5315 414 5384
f 5384 1656 5385
f 5315 5384 5385
f 1656 5386 5387
f 5386 93 5209
f 5209 1616 5387
f 5386 5209 5387
f 1642 5385 5383
f 5385 1656 5387
f 5387 1616 5383
f 5385 5387 5383
f 53 5265 5389
f 5265 1630 5388
f 5388 1657 5389
f 5265 5388 5389
f 1630 5263 5390
f 5263 417 5282
f 5282 1633 5390
f 5263 5282 5390
f 1633 5279 5392
f 5279 95 5391
f 5391 1657 5392
f 5279 5391 5392
f 1630 5390 5388
f 5390 1633 5392
f 5392 1657 5388
f 5390 5392 5388
f 26 115 24
f 280 1658 5393
f 1658 1659 5393
f 1658 365 4777
f 4777 1491 1658
f 1491 4775 1658
f 4775 43 5394
f 5394 1659 1658
f 4775 5394 1658
f 27 2657 4961
f 2657 820 5395
f 5395 1543 4961
f 2657 5395 4961
f 820 2662 5396
f 2662 29 5054
f 5054 1568 5396
f 2662 5054 5396
f 1568 5051 5397
f 5051 401 4963
f 4963 1543 5397
f 5051 4963 5397
f 820 5396 5395
f 5396 1568 5397
f 5397 1543 5395
f 5396 5397 5395
f 311 5398 5368
f 5398 1660 5399
f 5399 1652 5368
f 5398 5399 5368
f 1660 5400 5401
f 5400 2 3517
f 3517 1112 5401
f 5400 3517 5401
f 1112 3518 5402
f 3518 261 5370
f 5370 1652 5402
f 3518 5370 5402
f 1660 5401 5399
f 5401 1112 5402
f 5402 1652 5399
f 5401 5402 5399
f 206 1238 164
f 206 233 3920
f 3920 1238 206
f 115 39 24
f 137 4384 4539
f 4384 1382 5403
f 5403 1425 4539
f 4384 5403 4539
f 1382 4382 5404
f 4382 178 3194
f 3194 1007 5404
f 4382 3194 5404
f 1007 3193 5405
f 3193 89 4541
f 4541 1425 5405
f 3193 4541 5405
f 1382 5404 5403
f 5404 1007 5405
f 5405 1425 5403
f 5404 5405 5403
f 47 3189 4719
f 3189 1004 5406
f 5406 1475 4719
f 3189 5406 4719
f 1004 3186 5407
f 3186 194 3227
f 3227 1017 5407
f 3186 3227 5407
f 1017 3225 5408
f 3225 119 4722
f 4722 1475 5408
f 3225 4722 5408
f 1004 5407 5406
f 5407 1017 5408
f 5408 1475 5406
f 5407 5408 5406
f 195 4734 1006
f 4734 1479 1006
f 1479 4732 1006
f 4732 102 3234
f 3234 1019 1006
f 4732 3234 1006
f 1019 3233 1006
f 3233 89 1006
f 108 4725 4639
f 4725 1476 5409
f 5409 1454 4639
f 4725 5409 4639
f 1476 4723 5410
f 4723 119 2890
f 2890 901 5410
f 4723 2890 5410
f 901 2887 5411
f 2887 118 4634
f 4634 1454 5411
f 2887 4634 5411
f 1476 5410 5409
f 5410 901 5411
f 5411 1454 5409
f 5410 5411 5409
f 407 5109 5413
f 5109 1587 5412
f 5412 1662 5413
f 5109 5412 5413
f 1587 5107 5415
f 5107 406 5414
f 5414 1661 5415
f 5107 5414 5415
f 1661 5416 5418
f 5416 240 5417
f 5417 1662 5418
f 5416 5417 5418
f 1587 5415 5412
f 5415 1661 5418
f 5418 1662 5412
f 5415 5418 5412
f 75 87 80
f 3 5419 5421
f 5419 1663 5420
f 5420 1665 5421
f 5419 5420 5421
f 1663 5422 5424
f 5422 127 5423
f 5423 1664 5424
f 5422 5423 5424
f 1664 5425 5427
f 5425 390 5426
f 5426 1665 5427
f 5425 5426 5427
f 1663 5424 5420
f 5424 1664 5427
f 5427 1665 5420
f 5424 5427 5420
f 354 5428 4239
f 5428 1666 5429
f 5429 1337 4239
f 5428 5429 4239
f 1666 5430 5431
f 5430 232 3918
f 3918 1237 5431
f 5430 3918 5431
f 1237 3916 5432
f 3916 320 4241
f 4241 1337 5432
f 3916 4241 5432
f 1666 5431 5429
f 5431 1237 5432
f 5432 1337 5429
f 5431 5432 5429
f 311 3860 5398
f 3860 1220 5433
f 5433 1660 5398
f 3860 5433 5398
f 1220 3863 5435
f 3863 237 5434
f 5434 1667 5435
f 3863 5434 5435
f 1667 5436 5437
f 5436 2 5400
f 5400 1660 5437
f 5436 5400 5437
f 1220 5435 5433
f 5435 1667 5437
f 5437 1660 5433
f 5435 5437 5433
f 410 5438 5440
f 5438 1668 5439
f 5439 1670 5440
f 5438 5439 5440
f 1668 5441 5443
f 5441 404 5442
f 5442 1669 5443
f 5441 5442 5443
f 1669 5444 5446
f 5444 423 5445
f 5445 1670 5446
f 5444 5445 5446
f 1668 5443 5439
f 5443 1669 5446
f 5446 1670 5439
f 5443 5446 5439
f 9 132 207
f 230 3355 3897
f 3355 1061 5447
f 5447 1231 3897
f 3355 5447 3897
f 1061 3360 5449
f 3360 232 5448
f 5448 1671 5449
f 3360 5448 5449
f 1671 5450 5451
f 5450 316 3899
f 3899 1231 5451
f 5450 3899 5451
f 1061 5449 5447
f 5449 1671 5451
f 5451 1231 5447
f 5449 5451 5447
f 304 5452 5454
f 5452 1672 5453
f 5453 1674 5454
f 5452 5453 5454
f 1672 5455 5457
f 5455 425 5456
f 5456 1673 5457
f 5455 5456 5457
f 1673 5458 5460
f 5458 426 5459
f 5459 1674 5460
f 5458 5459 5460
f 1672 5457 5453
f 5457 1673 5460
f 5460 1674 5453
f 5457 5460 5453
f 44 5461 5463
f 5461 1675 5462
f 5462 1677 5463
f 5461 5462 5463
f 1675 5464 5466
f 5464 365 5465
f 5465 1676 5466
f 5464 5465 5466
f 1676 5467 5469
f 5467 427 5468
f 5468 1677 5469
f 5467 5468 5469
f 1675 5466 5462
f 5466 1676 5469
f 5469 1677 5462
f 5466 5469 5462
f 72 245 4332
f 4332 1367 72
f 1367 4337 72
f 4337 71 72
f 80 58 359
f 428 5470 5472
f 5470 1678 5471
f 5471 1679 5472
f 5470 5471 5472
f 1678 5473 5474
f 5473 376 5136
f 5136 1595 5474
f 5473 5136 5474
f 1595 5134 5476
f 5134 410 5475
f 5475 1679 5476
f 5134 5475 5476
f 1678 5474 5471
f 5474 1595 5476
f 5476 1679 5471
f 5474 5476 5471
f 411 5477 5479
f 5477 1680 5478
f 5478 1681 5479
f 5477 5478 5479
f 1680 5480 5481
f 5480 427 5467
f 5467 1676 5481
f 5480 5467 5481
f 1676 5465 5483
f 5465 365 5482
f 5482 1681 5483
f 5465 5482 5483
f 1680 5481 5478
f 5481 1676 5483
f 5483 1681 5478
f 5481 5483 5478
f 33 2675 281
f 2675 826 281
f 826 2679 281
f 2679 35 281
f 49 5484 5486
f 5484 1682 5485
f 5485 1683 5486
f 5484 5485 5486
f 1682 5487 5488
f 5487 167 4290
f 4290 1352 5488
f 5487 4290 5488
f 1352 4288 5490
f 4288 148 5489
f 5489 1683 5490
f 4288 5489 5490
f 1682 5488 5485
f 5488 1352 5490
f 5490 1683 5485
f 5488 5490 5485
f 212 1266 3268
f 1266 1031 3268
f 1266 213 3270
f 3270 1031 1266
f 65 5491 4602
f 5491 1684 5492
f 5492 1443 4602
f 5491 5492 4602
f 1684 5493 5494
f 5493 327 3952
f 3952 1251 5494
f 5493 3952 5494
f 1251 3955 5495
f 3955 106 4600
f 4600 1443 5495
f 3955 4600 5495
f 1684 5494 5492
f 5494 1251 5495
f 5495 1443 5492
f 5494 5495 5492
f 372 4569 5497
f 4569 1435 5496
f 5496 1685 5497
f 4569 5496 5497
f 1435 4574 5498
f 4574 347 4161
f 4161 1314 5498
f 4574 4161 5498
f 1314 4159 5500
f 4159 249 5499
f 5499 1685 5500
f 4159 5499 5500
f 1435 5498 5496
f 5498 1314 5500
f 5500 1685 5496
f 5498 5500 5496
f 263 4773 3746
f 4773 1490 5501
f 5501 1184 3746
f 4773 5501 3746
f 1490 4774 5503
f 4774 71 5502
f 5502 1686 5503
f 4774 5502 5503
f 1686 5504 5505
f 5504 291 3748
f 3748 1184 5505
f 5504 3748 5505
f 1490 5503 5501
f 5503 1686 5505
f 5505 1184 5501
f 5503 5505 5501
f 207 3584 132
f 3584 263 132
f 200 5506 5508
f 5506 1687 5507
f 5507 1688 5508
f 5506 5507 5508
f 1687 5509 5510
f 5509 428 5472
f 5472 1679 5510
f 5509 5472 5510
f 1679 5475 5512
f 5475 410 5511
f 5511 1688 5512
f 5475 5511 5512
f 1687 5510 5507
f 5510 1679 5512
f 5512 1688 5507
f 5510 5512 5507
f 162 5513 5515
f 5513 1689 5514
f 5514 1691 5515
f 5513 5514 5515
f 1689 5516 5518
f 5516 54 5517
f 5517 1690 5518
f 5516 5517 5518
f 1690 5519 5521
f 5519 428 5520
f 5520 1691 5521
f 5519 5520 5521
f 1689 5518 5514
f 5518 1690 5521
f 5521 1691 5514
f 5518 5521 5514
f 52 5522 5524
f 5522 1692 5523
f 5523 1693 5524
f 5522 5523 5524
f 1692 5525 5526
f 5525 414 5317
f 5317 1643 5526
f 5525 5317 5526
f 1643 5320 5528
f 5320 416 5527
f 5527 1693 5528
f 5320 5527 5528
f 1692 5526 5523
f 5526 1643 5528
f 5528 1693 5523
f 5526 5528 5523
f 390 5529 5531
f 5529 1694 5530
f 5530 1696 5531
f 5529 5530 5531
f 1694 5532 5534
f 5532 237 5533
f 5533 1695 5534
f 5532 5533 5534
f 1695 5535 5537
f 5535 289 5536
f 5536 1696 5537
f 5535 5536 5537
f 1694 5534 5530
f 5534 1695 5537
f 5537 1696 5530
f 5534 5537 5530
f 301 5538 5540
f 5538 1697 5539
f 5539 1699 5540
f 5538 5539 5540
f 1697 5541 5543
f 5541 413 5542
f 5542 1698 5543
f 5541 5542 5543
f 1698 5544 5546
f 5544 119 5545
f 5545 1699 5546
f 5544 5545 5546
f 1697 5543 5539
f 5543 1698 5546
f 5546 1699 5539
f 5543 5546 5539
f 396 4899 5548
f 4899 1525 5547
f 5547 1701 5548
f 4899 5547 5548
f 1525 4897 5550
f 4897 235 5549
f 5549 1700 5550
f 4897 5549 5550
f 1700 5551 5553
f 5551 283 5552
f 5552 1701 5553
f 5551 5552 5553
f 1525 5550 5547
f 5550 1700 5553
f 5553 1701 5547
f 5550 5553 5547
f 87 5554 5556
f 5554 1702 5555
f 5555 1704 5556
f 5554 5555 5556
f 1702 5557 5559
f 5557 430 5558
f 5558 1703 5559
f 5557 5558 5559
f 1703 5560 5562
f 5560 431 5561
f 5561 1704 5562
f 5560 5561 5562
f 1702 5559 5555
f 5559 1703 5562
f 5562 1704 5555
f 5559 5562 5555
f 213 4658 3271
f 4658 1460 5563
f 5563 1032 3271
f 4658 5563 3271
f 1460 4657 5565
f 4657 379 5564
f 5564 1705 5565
f 4657 5564 5565
f 1705 5566 5567
f 5566 211 3266
f 3266 1032 5567
f 5566 3266 5567
f 1460 5565 5563
f 5565 1705 5567
f 5567 1032 5563
f 5565 5567 5563
f 67 5568 2755
f 5568 1706 5569
f 5569 856 2755
f 5568 5569 2755
f 1706 5570 5571
f 5570 95 2818
f 2818 878 5571
f 5570 2818 5571
f 878 2816 5572
f 2816 65 2752
f 2752 856 5572
f 2816 2752 5572
f 1706 5571 5569
f 5571 878 5572
f 5572 856 5569
f 5571 5572 5569
f 172 3404 5574
f 3404 1075 5573
f 5573 1707 5574
f 3404 5573 5574
f 1075 3401 5575
f 3401 240 5416
f 5416 1661 5575
f 3401 5416 5575
f 1661 5414 5577
f 5414 406 5576
f 5576 1707 5577
f 5414 5576 5577
f 1075 5575 5573
f 5575 1661 5577
f 5577 1707 5573
f 5575 5577 5573
f 143 5578 2954
f 5578 1708 1596
f 1596 929 2954
f 5578 1596 2954
f 1708 5579 1596
f 5579 234 1596
f 1596 142 2949
f 2949 929 1596
f 277 5580 5582
f 5580 1709 5581
f 5581 1711 5582
f 5580 5581 5582
f 1709 5583 5585
f 5583 325 5584
f 5584 1710 5585
f 5583 5584 5585
f 1710 5586 5588
f 5586 102 5587
f 5587 1711 5588
f 5586 5587 5588
f 1709 5585 5581
f 5585 1710 5588
f 5588 1711 5581
f 5585 5588 5581
f 409 5589 5129
f 5589 1712 5590
f 5590 1593 5129
f 5589 5590 5129
f 1712 5591 5592
f 5591 138 4409
f 4409 1389 5592
f 5591 4409 5592
f 1389 4407 5593
f 4407 220 5125
f 5125 1593 5593
f 4407 5125 5593
f 1712 5592 5590
f 5592 1389 5593
f 5593 1593 5590
f 5592 5593 5590
f 143 5379 5578
f 5379 1655 5594
f 5594 1708 5578
f 5379 5594 5578
f 1655 5381 5595
f 5381 188 3394
f 3394 1074 5595
f 5381 3394 5595
f 1074 3399 5596
f 3399 234 5579
f 5579 1708 5596
f 3399 5579 5596
f 1655 5595 5594
f 5595 1074 5596
f 5596 1708 5594
f 5595 5596 5594
f 53 5597 5599
f 5597 1713 5598
f 5598 1715 5599
f 5597 5598 5599
f 1713 5600 5602
f 5600 415 5601
f 5601 1714 5602
f 5600 5601 5602
f 1714 5603 5605
f 5603 432 5604
f 5604 1715 5605
f 5603 5604 5605
f 1713 5602 5598
f 5602 1714 5605
f 5605 1715 5598
f 5602 5605 5598
f 430 5606 75
f 5606 1716 75
f 1716 5607 75
f 5607 222 75
f 214 4905 3844
f 4905 1527 5608
f 5608 1215 3844
f 4905 5608 3844
f 1527 4903 5609
f 4903 41 3224
f 3224 1018 5609
f 4903 3224 5609
f 1018 3228 5610
f 3228 194 3846
f 3846 1215 5610
f 3228 3846 5610
f 1527 5609 5608
f 5609 1018 5610
f 5610 1215 5608
f 5609 5610 5608
f 14 288 5611
f 5611 1717 14
f 1717 5612 14
f 5612 343 14
f 304 5613 5452
f 5613 1718 5614
f 5614 1672 5452
f 5613 5614 5452
f 1718 5615 5617
f 5615 424 5616
f 5616 1719 5617
f 5615 5616 5617
f 1719 5618 5619
f 5618 425 5455
f 5455 1672 5619
f 5618 5455 5619
f 1718 5617 5614
f 5617 1719 5619
f 5619 1672 5614
f 5617 5619 5614
f 141 2938 5621
f 2938 924 5620
f 5620 1721 5621
f 2938 5620 5621
f 924 2936 5623
f 2936 64 5622
f 5622 1720 5623
f 2936 5622 5623
f 1720 5624 5626
f 5624 414 5625
f 5625 1721 5626
f 5624 5625 5626
f 924 5623 5620
f 5623 1720 5626
f 5626 1721 5620
f 5623 5626 5620
f 56 2793 5354
f 2793 870 5627
f 5627 1649 5354
f 2793 5627 5354
f 870 2792 5628
f 2792 87 5005
f 5005 1555 5628
f 2792 5005 5628
f 1555 5003 5629
f 5003 401 5356
f 5356 1649 5629
f 5003 5356 5629
f 870 5628 5627
f 5628 1555 5629
f 5629 1649 5627
f 5628 5629 5627
f 420 5630 5216
f 5630 1722 5631
f 5631 1618 5216
f 5630 5631 5216
f 1722 5632 5633
f 5632 114 2868
f 2868 896 5633
f 5632 2868 5633
f 896 2871 5634
f 2871 86 5219
f 5219 1618 5634
f 2871 5219 5634
f 1722 5633 5631
f 5633 896 5634
f 5634 1618 5631
f 5633 5634 5631
f 207 322 5635
f 5635 1723 207
f 1723 5636 207
f 5636 262 207
f 215 317 281
f 127 3872 909
f 3872 1223 909
f 1223 3867 909
f 3867 13 3569
f 3569 1129 909
f 3867 3569 909
f 1129 3570 909
f 3570 126 909
f 410 5440 5638
f 5440 1670 5637
f 5637 1725 5638
f 5440 5637 5638
f 1670 5445 5640
f 5445 423 5639
f 5639 1724 5640
f 5445 5639 5640
f 1724 5641 5643
f 5641 411 5642
f 5642 1725 5643
f 5641 5642 5643
f 1670 5640 5637
f 5640 1724 5643
f 5643 1725 5637
f 5640 5643 5637
f 32 5644 5646
f 5644 1726 5645
f 5645 1728 5646
f 5644 5645 5646
f 1726 5647 5649
f 5647 422 5648
f 5648 1727 5649
f 5647 5648 5649
f 1727 5650 5652
f 5650 433 5651
f 5651 1728 5652
f 5650 5651 5652
f 1726 5649 5645
f 5649 1727 5652
f 5652 1728 5645
f 5649 5652 5645
f 167 5487 4882
f 5487 1682 5653
f 5653 1520 4882
f 5487 5653 4882
f 1682 5484 5654
f 5484 49 4203
f 4203 1327 5654
f 5484 4203 5654
f 1327 4201 5655
f 4201 251 4879
f 4879 1520 5655
f 4201 4879 5655
f 1682 5654 5653
f 5654 1327 5655
f 5655 1520 5653
f 5654 5655 5653
f 281 319 5237
f 5237 1623 281
f 1623 5235 281
f 5235 33 281
f 327 5656 5119
f 5656 1729 5657
f 5657 1590 5119
f 5656 5657 5119
f 1729 5658 5659
f 5658 94 5250
f 5250 1626 5659
f 5658 5250 5659
f 1626 5247 5660
f 5247 408 5121
f 5121 1590 5660
f 5247 5121 5660
f 1729 5659 5657
f 5659 1626 5660
f 5660 1590 5657
f 5659 5660 5657
f 36 829 4039
f 829 1279 4039
f 829 38 2977
f 2977 936 829
f 936 2974 829
f 2974 150 4034
f 4034 1279 829
f 2974 4034 829
f 238 116 115
f 53 2723 5266
f 2723 843 5661
f 5661 1631 5266
f 2723 5661 5266
f 843 2721 5662
f 2721 52 5524
f 5524 1693 5662
f 2721 5524 5662
f 1693 5527 5663
f 5527 416 5261
f 5261 1631 5663
f 5527 5261 5663
f 843 5662 5661
f 5662 1693 5663
f 5663 1631 5661
f 5662 5663 5661
f 177 5664 5666
f 5664 1730 5665
f 5665 1731 5666
f 5664 5665 5666
f 1730 5667 5668
f 5667 276 3619
f 3619 1146 5668
f 5667 3619 5668
f 1146 3624 5670
f 3624 195 5669
f 5669 1731 5670
f 3624 5669 5670
f 1730 5668 5665
f 5668 1146 5670
f 5670 1731 5665
f 5668 5670 5665
f 148 4490 5489
f 4490 1410 5671
f 5671 1683 5489
f 4490 5671 5489
f 1410 4487 5672
f 4487 50 2714
f 2714 840 5672
f 4487 2714 5672
f 840 2712 5673
f 2712 49 5486
f 5486 1683 5673
f 2712 5486 5673
f 1410 5672 5671
f 5672 840 5673
f 5673 1683 5671
f 5672 5673 5671
f 93 5674 5207
f 5674 1732 5675
f 5675 1615 5207
f 5674 5675 5207
f 1732 5676 5678
f 5676 114 5677
f 5677 1733 5678
f 5676 5677 5678
f 1733 5679 5680
f 5679 418 5210
f 5210 1615 5680
f 5679 5210 5680
f 1732 5678 5675
f 5678 1733 5680
f 5680 1615 5675
f 5678 5680 5675
f 151 4760 3062
f 4760 1485 5681
f 5681 964 3062
f 4760 5681 3062
f 1485 4757 5683
f 4757 384 5682
f 5682 1734 5683
f 4757 5682 5683
f 1734 5684 5685
f 5684 166 3064
f 3064 964 5685
f 5684 3064 5685
f 1485 5683 5681
f 5683 1734 5685
f 5685 964 5681
f 5683 5685 5681
f 169 4827 5687
f 4827 1503 5686
f 5686 1735 5687
f 4827 5686 5687
f 1503 4824 5688
f 4824 326 3949
f 3949 1248 5688
f 4824 3949 5688
f 1248 3948 5690
f 3948 231 5689
f 5689 1735 5690
f 3948 5689 5690
f 1503 5688 5686
f 5688 1248 5690
f 5690 1735 5686
f 5688 5690 5686
f 122 40 5042
f 5042 115 122
f 352 5691 5693
f 5691 1736 5692
f 5692 1738 5693
f 5691 5692 5693
f 1736 5694 5696
f 5694 66 5695
f 5695 1737 5696
f 5694 5695 5696
f 1737 5697 5699
f 5697 196 5698
f 5698 1738 5699
f 5697 5698 5699
f 1736 5696 5692
f 5696 1737 5699
f 5699 1738 5692
f 5696 5699 5692
f 56 5700 5702
f 5700 1739 5701
f 5701 1741 5702
f 5700 5701 5702
f 1739 5703 5705
f 5703 431 5704
f 5704 1740 5705
f 5703 5704 5705
f 1740 5706 5708
f 5706 391 5707
f 5707 1741 5708
f 5706 5707 5708
f 1739 5705 5701
f 5705 1740 5708
f 5708 1741 5701
f 5705 5708 5701
f 135 3849 4664
f 3849 1216 5709
f 5709 1462 4664
f 3849 5709 4664
f 1216 3847 5710
f 3847 194 3188
f 3188 1005 5710
f 3847 3188 5710
f 1005 3191 5711
f 3191 46 4666
f 4666 1462 5711
f 3191 4666 5711
f 1216 5710 5709
f 5710 1005 5711
f 5711 1462 5709
f 5710 5711 5709
f 197 3195 78
f 3195 1009 78
f 1009 3196 78
f 3196 192 78
f 255 4652 3475
f 4652 1458 5712
f 5712 1098 3475
f 4652 5712 3475
f 1458 4650 5714
f 4650 50 5713
f 5713 1742 5714
f 4650 5713 5714
f 1742 5715 5716
f 5715 154 3477
f 3477 1098 5716
f 5715 3477 5716
f 1458 5714 5712
f 5714 1742 5716
f 5716 1098 5712
f 5714 5716 5712
f 413 5717 5719
f 5717 1743 5718
f 5718 1745 5719
f 5717 5718 5719
f 1743 5720 5722
f 5720 426 5721
f 5721 1744 5722
f 5720 5721 5722
f 1744 5723 5725
f 5723 91 5724
f 5724 1745 5725
f 5723 5724 5725
f 1743 5722 5718
f 5722 1744 5725
f 5725 1745 5718
f 5722 5725 5718
f 428 5519 5470
f 5519 1690 5726
f 5726 1678 5470
f 5519 5726 5470
f 1690 5517 5728
f 5517 54 5727
f 5727 1746 5728
f 5517 5727 5728
f 1746 5729 5730
f 5729 376 5473
f 5473 1678 5730
f 5729 5473 5730
f 1690 5728 5726
f 5728 1746 5730
f 5730 1678 5726
f 5728 5730 5726
f 434 5731 5733
f 5731 1747 5732
f 5732 1749 5733
f 5731 5732 5733
f 1747 5734 5736
f 5734 64 5735
f 5735 1748 5736
f 5734 5735 5736
f 1748 5737 5739
f 5737 429 5738
f 5738 1749 5739
f 5737 5738 5739
f 1747 5736 5732
f 5736 1748 5739
f 5739 1749 5732
f 5736 5739 5732
f 67 5740 5742
f 5740 1750 5741
f 5741 1752 5742
f 5740 5741 5742
f 1750 5743 5745
f 5743 432 5744
f 5744 1751 5745
f 5743 5744 5745
f 1751 5746 5748
f 5746 371 5747
f 5747 1752 5748
f 5746 5747 5748
f 1750 5745 5741
f 5745 1751 5748
f 5748 1752 5741
f 5745 5748 5741
f 314 5749 5751
f 5749 1753 5750
f 5750 1755 5751
f 5749 5750 5751
f 1753 5752 5754
f 5752 261 5753
f 5753 1754 5754
f 5752 5753 5754
f 1754 5755 5757
f 5755 412 5756
f 5756 1755 5757
f 5755 5756 5757
f 1753 5754 5750
f 5754 1754 5757
f 5757 1755 5750
f 5754 5757 5750
f 43 2985 5394
f 2985 939 5758
f 5758 1659 5394
f 2985 5758 5394
f 939 2983 5759
f 2983 6 5361
f 5361 1650 5759
f 2983 5361 5759
f 1650 5359 5760
f 5359 280 5393
f 5393 1659 5760
f 5359 5393 5760
f 939 5759 5758
f 5759 1650 5760
f 5760 1659 5758
f 5759 5760 5758
f 365 1658 5296
f 1658 1637 5296
f 1658 280 4980
f 4980 1548 5761
f 1658 4980 5761
f 1548 4978 5762
f 4978 227 5293
f 5293 1637 5762
f 4978 5293 5762
f 5761 1548 5762
f 5762 1637 1658
f 5761 5762 1658
f 321 5763 5765
f 5763 1756 5764
f 5764 317 5765
f 5763 5764 5765
f 1756 5766 5768
f 5766 402 5767
f 5767 1757 5768
f 5766 5767 5768
f 1757 5769 5770
f 5769 317 5770
f 1756 5768 5764
f 5768 1757 5770
f 5770 317 5764
f 5768 5770 5764
f 124 5771 5773
f 5771 1758 5772
f 5772 1760 5773
f 5771 5772 5773
f 1758 5774 5776
f 5774 398 5775
f 5775 1759 5776
f 5774 5775 5776
f 1759 5777 5779
f 5777 435 5778
f 5778 1760 5779
f 5777 5778 5779
f 1758 5776 5772
f 5776 1759 5779
f 5779 1760 5772
f 5776 5779 5772
f 32 5646 5781
f 5646 1728 5780
f 5780 1762 5781
f 5646 5780 5781
f 1728 5651 5783
f 5651 433 5782
f 5782 1761 5783
f 5651 5782 5783
f 1761 5784 5786
f 5784 424 5785
f 5785 1762 5786
f 5784 5785 5786
f 1728 5783 5780
f 5783 1761 5786
f 5786 1762 5780
f 5783 5786 5780
f 136 4450 4379
f 4450 1398 5787
f 5787 1381 4379
f 4450 5787 4379
f 1398 4448 5788
f 4448 140 3104
f 3104 978 5788
f 4448 3104 5788
f 978 3103 5789
f 3103 178 4381
f 4381 1381 5789
f 3103 4381 5789
f 1398 5788 5787
f 5788 978 5789
f 5789 1381 5787
f 5788 5789 5787
f 160 5790 5792
f 5790 1763 5791
f 5791 1764 5792
f 5790 5791 5792
f 1763 5793 5794
f 5793 410 5133
f 5133 1594 5794
f 5793 5133 5794
f 1594 5131 5796
f 5131 370 5795
f 5795 1764 5796
f 5131 5795 5796
f 1763 5794 5791
f 5794 1594 5796
f 5796 1764 5791
f 5794 5796 5791
f 150 4669 4928
f 4669 1463 5797
f 5797 1534 4928
f 4669 5797 4928
f 1463 4667 5798
f 4667 46 3333
f 3333 1053 5798
f 4667 3333 5798
f 1053 3335 5799
f 3335 55 4931
f 4931 1534 5799
f 3335 4931 5799
f 1463 5798 5797
f 5798 1053 5799
f 5799 1534 5797
f 5798 5799 5797
f 64 2806 5622
f 2806 876 5800
f 5800 1720 5622
f 2806 5800 5622
f 876 2810 5801
f 2810 93 5386
f 5386 1656 5801
f 2810 5386 5801
f 1656 5384 5802
f 5384 414 5624
f 5624 1720 5802
f 5384 5624 5802
f 876 5801 5800
f 5801 1656 5802
f 5802 1720 5800
f 5801 5802 5800
f 67 2877 5568
f 2877 899 5803
f 5803 1706 5568
f 2877 5803 5568
f 899 2880 5804
f 2880 53 5389
f 5389 1657 5804
f 2880 5389 5804
f 1657 5391 5805
f 5391 95 5570
f 5570 1706 5805
f 5391 5570 5805
f 899 5804 5803
f 5804 1657 5805
f 5805 1706 5803
f 5804 5805 5803
f 54 2728 5727
f 2728 847 5806
f 5806 1746 5727
f 2728 5806 5727
f 847 2733 5807
f 2733 45 5023
f 5023 1561 5807
f 2733 5023 5807
f 1561 5021 5808
f 5021 376 5729
f 5729 1746 5808
f 5021 5729 5808
f 847 5807 5806
f 5807 1561 5808
f 5808 1746 5806
f 5807 5808 5806
f 348 4333 4839
f 4333 1365 5809
f 5809 1507 4839
f 4333 5809 4839
f 1365 4330 5810
f 4330 245 3431
f 3431 1085 5810
f 4330 3431 5810
f 1085 3436 5811
f 3436 224 4841
f 4841 1507 5811
f 3436 4841 5811
f 1365 5810 5809
f 5810 1085 5811
f 5811 1507 5809
f 5810 5811 5809
f 361 5812 4369
f 5812 1765 5813
f 5813 1378 4369
f 5812 5813 4369
f 1765 5814 5816
f 5814 306 5815
f 5815 1766 5816
f 5814 5815 5816
f 1766 5817 5818
f 5817 353 4371
f 4371 1378 5818
f 5817 4371 5818
f 1765 5816 5813
f 5816 1766 5818
f 5818 1378 5813
f 5816 5818 5813
f 304 5819 5821
f 5819 1767 5820
f 5820 1769 5821
f 5819 5820 5821
f 1767 5822 5824
f 5822 170 5823
f 5823 1768 5824
f 5822 5823 5824
f 1768 5825 5827
f 5825 92 5826
f 5826 1769 5827
f 5825 5826 5827
f 1767 5824 5820
f 5824 1768 5827
f 5827 1769 5820
f 5824 5827 5820
f 353 4871 5126
f 4871 1518 5828
f 5828 1592 5126
f 4871 5828 5126
f 1518 4875 5830
f 4875 364 5829
f 5829 1770 5830
f 4875 5829 5830
f 1770 5831 5832
f 5831 409 5128
f 5128 1592 5832
f 5831 5128 5832
f 1518 5830 5828
f 5830 1770 5832
f 5832 1592 5828
f 5830 5832 5828
f 428 5509 5520
f 5509 1687 5833
f 5833 1691 5520
f 5509 5833 5520
f 1687 5506 5835
f 5506 200 5834
f 5834 1771 5835
f 5506 5834 5835
f 1771 5836 5837
f 5836 162 5515
f 5515 1691 5837
f 5836 5515 5837
f 1687 5835 5833
f 5835 1771 5837
f 5837 1691 5833
f 5835 5837 5833
f 319 3910 5238
f 3910 1234 5838
f 5838 1624 5238
f 3910 5838 5238
f 1234 3908 5840
f 3908 318 5839
f 5839 1772 5840
f 3908 5839 5840
f 1772 5841 5842
f 5841 82 5240
f 5240 1624 5842
f 5841 5240 5842
f 1234 5840 5838
f 5840 1772 5842
f 5842 1624 5838
f 5840 5842 5838
f 30 5113 5844
f 5113 1589 5843
f 5843 1773 5844
f 5113 5843 5844
f 1589 5115 5845
f 5115 170 5822
f 5822 1767 5845
f 5115 5822 5845
f 1767 5819 5847
f 5819 304 5846
f 5846 1773 5847
f 5819 5846 5847
f 1589 5845 5843
f 5845 1767 5847
f 5847 1773 5843
f 5845 5847 5843
f 139 5848 5156
f 5848 1774 5849
f 5849 1603 5156
f 5848 5849 5156
f 1774 5850 5852
f 5850 409 5851
f 5851 1775 5852
f 5850 5851 5852
f 1775 5853 5854
f 5853 346 5158
f 5158 1603 5854
f 5853 5158 5854
f 1774 5852 5849
f 5852 1775 5854
f 5854 1603 5849
f 5852 5854 5849
f 130 5855 5857
f 5855 1776 5856
f 5856 1778 5857
f 5855 5856 5857
f 1776 5858 5860
f 5858 436 5859
f 5859 1777 5860
f 5858 5859 5860
f 1777 5861 5863
f 5861 422 5862
f 5862 1778 5863
f 5861 5862 5863
f 1776 5860 5856
f 5860 1777 5863
f 5863 1778 5856
f 5860 5863 5856
f 264 5178 5865
f 5178 1608 5864
f 5864 1779 5865
f 5178 5864 5865
f 1608 5176 5866
f 5176 330 3960
f 3960 1252 5866
f 5176 3960 5866
f 1252 3957 5868
f 3957 329 5867
f 5867 1779 5868
f 3957 5867 5868
f 1608 5866 5864
f 5866 1252 5868
f 5868 1779 5864
f 5866 5868 5864
f 307 5869 5181
f 5869 1780 5870
f 5870 1609 5181
f 5869 5870 5181
f 1780 5871 5872
f 5871 331 3968
f 3968 1257 5872
f 5871 3968 5872
f 1257 3973 5873
f 3973 330 5183
f 5183 1609 5873
f 3973 5183 5873
f 1780 5872 5870
f 5872 1257 5873
f 5873 1609 5870
f 5872 5873 5870
f 375 238 5330
f 238 1645 5330
f 238 57 5328
f 5328 1645 238
f 208 5229 4190
f 5229 1621 5874
f 5874 1324 4190
f 5229 5874 4190
f 1621 5228 5875
f 5228 272 4971
f 4971 1545 5875
f 5228 4971 5875
f 1545 4968 5876
f 4968 318 4187
f 4187 1324 5876
f 4968 4187 5876
f 1621 5875 5874
f 5875 1545 5876
f 5876 1324 5874
f 5875 5876 5874
f 71 4336 5502
f 4336 1366 5877
f 5877 1686 5502
f 4336 5877 5502
f 1366 4334 5878
f 4334 348 4167
f 4167 1316 5878
f 4334 4167 5878
f 1316 4164 5879
f 4164 291 5504
f 5504 1686 5879
f 4164 5504 5879
f 1366 5878 5877
f 5878 1316 5879
f 5879 1686 5877
f 5878 5879 5877
f 409 5850 5589
f 5850 1774 5880
f 5880 1712 5589
f 5850 5880 5589
f 1774 5848 5881
f 5848 139 2933
f 2933 921 5881
f 5848 2933 5881
f 921 2930 5882
f 2930 138 5591
f 5591 1712 5882
f 2930 5591 5882
f 1774 5881 5880
f 5881 921 5882
f 5882 1712 5880
f 5881 5882 5880
f 415 5883 5885
f 5883 1781 5884
f 5884 1783 5885
f 5883 5884 5885
f 1781 5886 5888
f 5886 414 5887
f 5887 1782 5888
f 5886 5887 5888
f 1782 5889 5891
f 5889 434 5890
f 5890 1783 5891
f 5889 5890 5891
f 1781 5888 5884
f 5888 1782 5891
f 5891 1783 5884
f 5888 5891 5884
f 114 5632 5677
f 5632 1722 5892
f 5892 1733 5677
f 5632 5892 5677
f 1722 5630 5894
f 5630 420 5893
f 5893 1784 5894
f 5630 5893 5894
f 1784 5895 5896
f 5895 418 5679
f 5679 1733 5896
f 5895 5679 5896
f 1722 5894 5892
f 5894 1784 5896
f 5896 1733 5892
f 5894 5896 5892
f 420 5299 5893
f 5299 1638 5897
f 5897 1784 5893
f 5299 5897 5893
f 1638 5301 5898
f 5301 368 5197
f 5197 1611 5898
f 5301 5197 5898
f 1611 5195 5899
f 5195 418 5895
f 5895 1784 5899
f 5195 5895 5899
f 1638 5898 5897
f 5898 1611 5899
f 5899 1784 5897
f 5898 5899 5897
f 399 75 4938
f 75 1537 4938
f 75 77 4940
f 4940 1537 75
f 410 5793 5511
f 5793 1763 5900
f 5900 1688 5511
f 5793 5900 5511
f 1763 5790 5901
f 5790 160 3731
f 3731 1179 5901
f 5790 3731 5901
f 1179 3733 5902
f 3733 200 5508
f 5508 1688 5902
f 3733 5508 5902
f 1763 5901 5900
f 5901 1179 5902
f 5902 1688 5900
f 5901 5902 5900
f 114 5676 2866
f 5676 1732 5903
f 5903 895 2866
f 5676 5903 2866
f 1732 5674 5904
f 5674 93 2809
f 2809 875 5904
f 5674 2809 5904
f 875 2807 5905
f 2807 62 2869
f 2869 895 5905
f 2807 2869 5905
f 1732 5904 5903
f 5904 875 5905
f 5905 895 5903
f 5904 5905 5903
f 231 3996 5689
f 3996 1264 5906
f 5906 1735 5689
f 3996 5906 5689
f 1264 3993 5907
f 3993 149 3323
f 3323 1050 5907
f 3993 3323 5907
f 1050 3321 5908
f 3321 169 5687
f 5687 1735 5908
f 3321 5687 5908
f 1264 5907 5906
f 5907 1050 5908
f 5908 1735 5906
f 5907 5908 5906
f 237 3868 5434
f 3868 1221 5909
f 5909 1667 5434
f 3868 5909 5434
f 1221 3865 5910
f 3865 13 2630
f 2630 809 5910
f 3865 2630 5910
f 809 2631 5911
f 2631 2 5436
f 5436 1667 5911
f 2631 5436 5911
f 1221 5910 5909
f 5910 809 5911
f 5911 1667 5909
f 5910 5911 5909
f 11 3581 3671
f 3581 1132 5912
f 5912 1162 3671
f 3581 5912 3671
f 1132 3579 5913
f 3579 271 4145
f 4145 1311 5913
f 3579 4145 5913
f 1311 4148 5914
f 4148 157 3673
f 3673 1162 5914
f 4148 3673 5914
f 1132 5913 5912
f 5913 1311 5914
f 5914 1162 5912
f 5913 5914 5912
f 153 5915 2997
f 5915 1785 5916
f 5916 943 2997
f 5915 5916 2997
f 1785 5917 5918
f 5917 258 4763
f 4763 1486 5918
f 5917 4763 5918
f 1486 4761 5919
f 4761 151 2992
f 2992 943 5919
f 4761 2992 5919
f 1785 5918 5916
f 5918 1486 5919
f 5919 943 5916
f 5918 5919 5916
f 87 75 5006
f 75 1556 5006
f 75 399 5008
f 5008 1556 75
f 429 5920 5922
f 5920 1786 5921
f 5921 1788 5922
f 5920 5921 5922
f 1786 5923 5925
f 5923 62 5924
f 5924 1787 5925
f 5923 5924 5925
f 1787 5926 5928
f 5926 248 5927
f 5927 1788 5928
f 5926 5927 5928
f 1786 5925 5921
f 5925 1787 5928
f 5928 1788 5921
f 5925 5928 5921
f 145 5929 5931
f 5929 1789 5930
f 5930 1791 5931
f 5929 5930 5931
f 1789 5932 5934
f 5932 435 5933
f 5933 1790 5934
f 5932 5933 5934
f 1790 5935 5937
f 5935 436 5936
f 5936 1791 5937
f 5935 5936 5937
f 1789 5934 5930
f 5934 1790 5937
f 5937 1791 5930
f 5934 5937 5930
f 414 5525 5625
f 5525 1692 5938
f 5938 1721 5625
f 5525 5938 5625
f 1692 5522 5939
f 5522 52 4714
f 4714 1474 5939
f 5522 4714 5939
f 1474 4712 5940
f 4712 141 5621
f 5621 1721 5940
f 4712 5621 5940
f 1692 5939 5938
f 5939 1474 5940
f 5940 1721 5938
f 5939 5940 5938
f 15 2634 5287
f 2634 812 5941
f 5941 1635 5287
f 2634 5941 5287
f 812 2639 5942
f 2639 17 3391
f 3391 1070 5942
f 2639 3391 5942
f 1070 3390 5943
f 3390 129 5286
f 5286 1635 5943
f 3390 5286 5943
f 812 5942 5941
f 5942 1070 5943
f 5943 1635 5941
f 5942 5943 5941
f 36 5139 827
f 5139 1597 827
f 1597 5138 827
f 5138 234 3536
f 3536 1119 827
f 5138 3536 827
f 1119 3540 827
f 3540 37 827
f 270 14 5944
f 14 1792 5944
f 14 126 5945
f 5945 1792 14
f 152 3342 3325
f 3342 1055 5946
f 5946 1051 3325
f 3342 5946 3325
f 1055 3340 5947
f 3340 147 4436
f 4436 1396 5947
f 3340 4436 5947
f 1396 4440 5948
f 4440 225 3327
f 3327 1051 5948
f 4440 3327 5948
f 1055 5947 5946
f 5947 1396 5948
f 5948 1051 5946
f 5947 5948 5946
f 362 5949 238
f 5949 1793 238
f 1793 5950 238
f 5950 57 238
f 267 4790 3555
f 4790 1494 5951
f 5951 1124 3555
f 4790 5951 3555
f 1494 4788 5953
f 4788 388 5952
f 5952 1794 5953
f 4788 5952 5953
f 1794 5954 5955
f 5954 268 3557
f 3557 1124 5955
f 5954 3557 5955
f 1494 5953 5951
f 5953 1794 5955
f 5955 1124 5951
f 5953 5955 5951
f 337 4880 5957
f 4880 1519 5956
f 5956 1795 5957
f 4880 5956 5957
f 1519 4877 5958
f 4877 251 3453
f 3453 1090 5958
f 4877 3453 5958
f 1090 3451 5960
f 3451 250 5959
f 5959 1795 5960
f 3451 5959 5960
f 1519 5958 5956
f 5958 1090 5960
f 5960 1795 5956
f 5958 5960 5956
f 184 3521 3130
f 3521 1115 5961
f 5961 987 3130
f 3521 5961 3130
f 1115 3526 5962
f 3526 203 5325
f 5325 1644 5962
f 3526 5325 5962
f 1644 5323 5963
f 5323 185 3133
f 3133 987 5963
f 5323 3133 5963
f 1115 5962 5961
f 5962 1644 5963
f 5963 987 5961
f 5962 5963 5961
f 360 5964 5966
f 5964 1796 5965
f 5965 1797 5966
f 5964 5965 5966
f 1796 5967 5968
f 5967 421 5343
f 5343 1648 5968
f 5967 5343 5968
f 1648 5348 5970
f 5348 96 5969
f 5969 1797 5970
f 5348 5969 5970
f 1796 5968 5965
f 5968 1648 5970
f 5970 1797 5965
f 5968 5970 5965
f 94 2814 5251
f 2814 879 5971
f 5971 1627 5251
f 2814 5971 5251
f 879 2819 5972
f 2819 95 5281
f 5281 1634 5972
f 2819 5281 5972
f 1634 5284 5973
f 5284 419 5253
f 5253 1627 5973
f 5284 5253 5973
f 879 5972 5971
f 5972 1634 5973
f 5973 1627 5971
f 5972 5973 5971
f 54 5516 3212
f 5516 1689 5974
f 5974 1014 3212
f 5516 5974 3212
f 1689 5513 5975
f 5513 162 3045
f 3045 958 5975
f 5513 3045 5975
f 958 3043 5976
f 3043 161 3214
f 3214 1014 5976
f 3043 3214 5976
f 1689 5975 5974
f 5975 958 5976
f 5976 1014 5974
f 5975 5976 5974
f 18 20 5977
f 5977 1798 18
f 1798 5978 18
f 5978 222 18
f 92 122 5826
f 122 1769 5826
f 122 304 5821
f 5821 1769 122
f 109 4513 2855
f 4513 1418 5979
f 5979 891 2855
f 4513 5979 2855
f 1418 4515 5980
f 4515 297 4677
f 4677 1464 5980
f 4515 4677 5980
f 1464 4674 5981
f 4674 107 2850
f 2850 891 5981
f 4674 2850 5981
f 1418 5980 5979
f 5980 1464 5981
f 5981 891 5979
f 5980 5981 5979
f 82 5841 2774
f 5841 1772 5982
f 5982 864 2774
f 5841 5982 2774
f 1772 5839 5983
f 5839 318 4970
f 4970 1547 5983
f 5839 4970 5983
f 1547 4975 5984
f 4975 81 2769
f 2769 864 5984
f 4975 2769 5984
f 1772 5983 5982
f 5983 1547 5984
f 5984 864 5982
f 5983 5984 5982
f 94 5658 2812
f 5658 1729 5985
f 5985 877 2812
f 5658 5985 2812
f 1729 5656 5986
f 5656 327 5493
f 5493 1684 5986
f 5656 5493 5986
f 1684 5491 5987
f 5491 65 2815
f 2815 877 5987
f 5491 2815 5987
f 1729 5986 5985
f 5986 1684 5987
f 5987 877 5985
f 5986 5987 5985
f 258 5917 3495
f 5917 1785 5988
f 5988 1104 3495
f 5917 5988 3495
f 1785 5915 5989
f 5915 153 3330
f 3330 1052 5989
f 5915 3330 5989
f 1052 3328 5990
f 3328 225 3490
f 3490 1104 5990
f 3328 3490 5990
f 1785 5989 5988
f 5989 1052 5990
f 5990 1104 5988
f 5989 5990 5988
f 147 3339 4492
f 3339 1054 5991
f 5991 1411 4492
f 3339 5991 4492
f 1054 3337 5992
f 3337 154 5715
f 5715 1742 5992
f 3337 5715 5992
f 1742 5713 5993
f 5713 50 4489
f 4489 1411 5993
f 5713 4489 5993
f 1054 5992 5991
f 5992 1742 5993
f 5993 1411 5991
f 5992 5993 5991
f 126 2905 5945
f 2905 908 5994
f 5994 1792 5945
f 2905 5994 5945
f 908 2904 5995
f 2904 125 3562
f 3562 1128 5995
f 2904 3562 5995
f 1128 3567 5996
f 3567 270 5944
f 5944 1792 5996
f 3567 5944 5996
f 908 5995 5994
f 5995 1128 5996
f 5996 1792 5994
f 5995 5996 5994
f 35 825 74
f 825 2677 74
f 2677 34 74
f 10 2623 5047
f 2623 808 5997
f 5997 1567 5047
f 2623 5997 5047
f 808 2628 5998
f 2628 12 3639
f 3639 1151 5998
f 2628 3639 5998
f 1151 3637 5999
f 3637 22 5049
f 5049 1567 5999
f 3637 5049 5999
f 808 5998 5997
f 5998 1151 5999
f 5999 1567 5997
f 5998 5999 5997
f 225 4439 3488
f 4439 1395 6000
f 6000 1102 3488
f 4439 6000 3488
f 1395 4437 6001
f 4437 149 3995
f 3995 1265 6001
f 4437 3995 6001
f 1265 3998 6002
f 3998 230 3491
f 3491 1102 6002
f 3998 3491 6002
f 1395 6001 6000
f 6001 1265 6002
f 6002 1102 6000
f 6001 6002 6000
f 409 5831 5851
f 5831 1770 6003
f 6003 1775 5851
f 5831 6003 5851
f 1770 5829 6004
f 5829 364 5142
f 5142 1600 6004
f 5829 5142 6004
f 1600 5147 6005
f 5147 346 5853
f 5853 1775 6005
f 5147 5853 6005
f 1770 6004 6003
f 6004 1600 6005
f 6005 1775 6003
f 6004 6005 6003
f 370 5294 5795
f 5294 1636 6006
f 6006 1764 5795
f 5294 6006 5795
f 1636 5291 6007
f 5291 227 4946
f 4946 1538 6007
f 5291 4946 6007
f 1538 4944 6008
f 4944 160 5792
f 5792 1764 6008
f 4944 5792 6008
f 1636 6007 6006
f 6007 1538 6008
f 6008 1764 6006
f 6007 6008 6006
f 91 2798 3417
f 2798 874 6009
f 6009 1079 3417
f 2798 6009 3417
f 874 2803 6010
f 2803 92 3459
f 3459 1092 6010
f 2803 3459 6010
f 1092 3456 6011
f 3456 243 3419
f 3419 1079 6011
f 3456 3419 6011
f 874 6010 6009
f 6010 1092 6011
f 6011 1079 6009
f 6010 6011 6009
f 362 58 5949
f 58 1793 5949
f 58 57 5950
f 5950 1793 58
f 77 76 4126
f 76 1306 4126
f 76 144 4128
f 4128 1306 76
f 304 1193 5846
f 1193 1773 5846
f 1193 163 3059
f 3059 962 1193
f 962 3057 5844
f 3057 30 5844
f 1193 962 5844
f 5844 1773 1193
f 119 3008 2891
f 3008 948 6012
f 6012 902 2891
f 3008 6012 2891
f 948 3013 6013
f 3013 91 3810
f 3810 1204 6013
f 3013 3810 6013
f 1204 3807 6014
f 3807 120 2893
f 2893 902 6014
f 3807 2893 6014
f 948 6013 6012
f 6013 1204 6014
f 6014 902 6012
f 6013 6014 6012
f 302 6015 74
f 6015 1799 74
f 1799 6016 74
f 6016 73 74
f 335 267 3554
f 3554 1123 6017
f 335 3554 6017
f 1123 3551 335
f 3551 266 335
f 6017 1123 335
f 102 2829 3015
f 2829 882 6018
f 6018 949 3015
f 2829 6018 3015
f 882 2827 6019
f 2827 101 3816
f 3816 1207 6019
f 2827 3816 6019
f 1207 3819 6020
f 3819 15 3016
f 3016 949 6020
f 3819 3016 6020
f 882 6019 6018
f 6019 1207 6020
f 6020 949 6018
f 6019 6020 6018
f 112 2863 4780
f 2863 893 6021
f 6021 1492 4780
f 2863 6021 4780
f 893 2861 6022
f 2861 111 4562
f 4562 1432 6022
f 2861 4562 6022
f 1432 4565 6023
f 4565 333 4782
f 4782 1492 6023
f 4565 4782 6023
f 893 6022 6021
f 6022 1432 6023
f 6023 1492 6021
f 6022 6023 6021
f 38 3670 3528
f 284 1116 3528
f 3670 284 3528
f 284 235 3531
f 3531 1116 284
f 257 3485 4004
f 3485 1100 6024
f 6024 1269 4004
f 3485 6024 4004
f 1100 3483 6025
f 3483 92 5825
f 5825 1768 6025
f 3483 5825 6025
f 1768 5823 6026
f 5823 170 4007
f 4007 1269 6026
f 5823 4007 6026
f 1100 6025 6024
f 6025 1768 6026
f 6026 1269 6024
f 6025 6026 6024
f 437 6027 6029
f 6027 1800 6028
f 6028 1802 6029
f 6027 6028 6029
f 1800 6030 6032
f 6030 438 6031
f 6031 1801 6032
f 6030 6031 6032
f 1801 6033 6035
f 6033 439 6034
f 6034 1802 6035
f 6033 6034 6035
f 1800 6032 6028
f 6032 1801 6035
f 6035 1802 6028
f 6032 6035 6028
f 440 6036 6038
f 6036 1803 6037
f 6037 1805 6038
f 6036 6037 6038
f 1803 6039 6041
f 6039 441 6040
f 6040 1804 6041
f 6039 6040 6041
f 1804 6042 6044
f 6042 442 6043
f 6043 1805 6044
f 6042 6043 6044
f 1803 6041 6037
f 6041 1804 6044
f 6044 1805 6037
f 6041 6044 6037
f 443 6045 6047
f 6045 1806 6046
f 6046 1808 6047
f 6045 6046 6047
f 1806 6048 6046
f 6048 444 6049
f 6049 1807 6046
f 6048 6049 6046
f 1807 6050 6046
f 6050 445 6051
f 6051 1808 6046
f 6050 6051 6046
f 1809 1810 6052
f 446 1809 6052
f 446 447 1809
f 1809 448 6053
f 6053 1810 1809
f 442 6054 450
f 6054 1811 450
f 1811 6055 450
f 6055 449 450
f 451 452 6056
f 452 1812 6056
f 452 445 6057
f 6057 1812 452
f 453 454 455
f 441 6058 6060
f 6058 1813 6059
f 6059 1815 6060
f 6058 6059 6060
f 1813 6061 6063
f 6061 456 6062
f 6062 1814 6063
f 6061 6062 6063
f 1814 6064 6066
f 6064 451 6065
f 6065 1815 6066
f 6064 6065 6066
f 1813 6063 6059
f 6063 1814 6066
f 6066 1815 6059
f 6063 6066 6059
f 457 6067 6069
f 6067 1816 6068
f 6068 1818 6069
f 6067 6068 6069
f 1816 6070 6072
f 6070 449 6071
f 6071 1817 6072
f 6070 6071 6072
f 6068 458 6073
f 6073 1818 6068
f 1816 6072 6068
f 6072 1817 6068
f 458 452 6074
f 452 1819 6074
f 452 459 6075
f 6075 1819 452
f 460 6076 450
f 6076 1820 450
f 1820 6077 450
f 6077 453 450
f 463 6078 6080
f 6078 1821 6079
f 6079 1823 6080
f 6078 6079 6080
f 1821 6081 6083
f 6081 464 6082
f 6082 1822 6083
f 6081 6082 6083
f 1822 6084 6086
f 6084 437 6085
f 6085 1823 6086
f 6084 6085 6086
f 1821 6083 6079
f 6083 1822 6086
f 6086 1823 6079
f 6083 6086 6079
f 465 6087 6089
f 6087 1824 6088
f 6088 1826 6089
f 6087 6088 6089
f 1824 6090 6092
f 6090 466 6091
f 6091 1825 6092
f 6090 6091 6092
f 1825 6093 6095
f 6093 467 6094
f 6094 1826 6095
f 6093 6094 6095
f 1824 6092 6088
f 6092 1825 6095
f 6095 1826 6088
f 6092 6095 6088
f 444 6096 6049
f 6096 1827 6097
f 6097 1807 6049
f 6096 6097 6049
f 1827 6098 6100
f 6098 467 6099
f 6099 1828 6100
f 6098 6099 6100
f 1828 6101 6102
f 6101 445 6050
f 6050 1807 6102
f 6101 6050 6102
f 1827 6100 6097
f 6100 1828 6102
f 6102 1807 6097
f 6100 6102 6097
f 452 449 6103
f 6103 1829 452
f 1829 6104 452
f 6104 468 452
f 445 6057 6106
f 6057 1812 6105
f 6105 1831 6106
f 6057 6105 6106
f 1812 6056 1830
f 6056 451 1830
f 1830 461 6107
f 6107 1831 6108
f 1830 6107 6108
f 1812 1830 6105
f 6108 1831 6105
f 1830 6108 6105
f 450 442 455
f 464 6109 1834
f 6109 1832 1833
f 6109 1833 1834
f 1832 6110 1833
f 6110 449 1833
f 1833 438 6111
f 6111 1834 1833
f 452 447 6112
f 6112 1835 452
f 1835 6113 452
f 6113 462 452
f 442 6114 6116
f 6114 1836 6115
f 6115 1838 6116
f 6114 6115 6116
f 1836 6117 6119
f 6117 469 6118
f 6118 1837 6119
f 6117 6118 6119
f 1837 6120 6122
f 6120 451 6121
f 6121 1838 6122
f 6120 6121 6122
f 1836 6119 6115
f 6119 1837 6122
f 6122 1838 6115
f 6119 6122 6115
f 448 1809 6123
f 1809 1839 6123
f 1809 447 6124
f 6125 465 6126
f 6126 1839 1809
f 6125 6126 1809
f 464 1834 6082
f 6127 1822 6082
f 1834 6127 6082
f 1834 6111 6128
f 6111 438 6030
f 6030 1800 6128
f 6111 6030 6128
f 1800 6027 6129
f 6027 437 6084
f 6084 1822 6129
f 6027 6084 6129
f 1834 6128 6127
f 6128 1800 6129
f 6129 1822 6127
f 6128 6129 6127
f 439 6130 454
f 6130 1840 454
f 1840 6131 454
f 6131 457 454
f 464 450 6109
f 450 1832 6109
f 450 449 6110
f 6110 1832 450
f 447 6132 452
f 6132 1841 452
f 1841 6133 452
f 6133 445 452
f 443 6134 6136
f 6134 1842 6135
f 6135 1844 6136
f 6134 6135 6136
f 1842 6137 6139
f 6137 459 6138
f 6138 1843 6139
f 6137 6138 6139
f 1843 6140 6142
f 6140 446 6141
f 6141 1844 6142
f 6140 6141 6142
f 1842 6139 6135
f 6139 1843 6142
f 6142 1844 6135
f 6139 6142 6135
f 466 452 1845
f 452 468 1845
f 447 6143 6112
f 6143 1846 6144
f 6144 1835 6112
f 6143 6144 6112
f 1846 6145 6147
f 6145 461 6146
f 6146 1847 6147
f 6145 6146 6147
f 1847 6148 6149
f 6148 462 6113
f 6113 1835 6149
f 6148 6113 6149
f 1846 6147 6144
f 6147 1847 6149
f 6149 1835 6144
f 6147 6149 6144
f 449 452 6071
f 452 1817 6071
f 452 458 6068
f 6068 1817 452
f 465 6125 6087
f 6125 1809 6150
f 6150 1824 6087
f 6125 6150 6087
f 1809 6124 6152
f 6124 447 6151
f 6151 1848 6152
f 6124 6151 6152
f 1848 6153 6154
f 6153 466 6090
f 6090 1824 6154
f 6153 6090 6154
f 1809 6152 6150
f 6152 1848 6154
f 6154 1824 6150
f 6152 6154 6150
f 460 6155 6157
f 6155 1849 6156
f 6156 1851 6157
f 6155 6156 6157
f 1849 6158 6160
f 6158 469 6159
f 6159 1850 6160
f 6158 6159 6160
f 1850 6161 6163
f 6161 463 6162
f 6162 1851 6163
f 6161 6162 6163
f 1849 6160 6156
f 6160 1850 6163
f 6163 1851 6156
f 6160 6163 6156
f 467 6164 6099
f 6164 1852 6165
f 6165 1828 6099
f 6164 6165 6099
f 1852 6166 6168
f 6166 470 6167
f 6167 1853 6168
f 6166 6167 6168
f 1853 6169 6170
f 6169 445 6101
f 6101 1828 6170
f 6169 6101 6170
f 1852 6168 6165
f 6168 1853 6170
f 6170 1828 6165
f 6168 6170 6165
f 467 6093 6164
f 6093 1825 6171
f 6171 1852 6164
f 6093 6171 6164
f 1825 6091 6173
f 6091 466 6172
f 6172 1854 6173
f 6091 6172 6173
f 1854 6174 6175
f 6174 470 6166
f 6166 1852 6175
f 6174 6166 6175
f 1825 6173 6171
f 6173 1854 6175
f 6175 1852 6171
f 6173 6175 6171
f 469 6158 450
f 6158 1849 450
f 1849 6155 450
f 6155 460 450
f 468 6176 6178
f 6176 1855 6177
f 6177 1856 6178
f 6176 6177 6178
f 1855 6179 6180
f 6179 464 6081
f 6081 1821 6180
f 6179 6081 6180
f 1821 6078 6182
f 6078 463 6181
f 6181 1856 6182
f 6078 6181 6182
f 1855 6180 6177
f 6180 1821 6182
f 6182 1856 6177
f 6180 6182 6177
f 455 464 450
f 445 6133 6106
f 6133 1841 6183
f 6183 1831 6106
f 6133 6183 6106
f 1841 6132 6184
f 6132 447 6143
f 6143 1846 6184
f 6132 6143 6184
f 1846 6145 6185
f 6145 461 6107
f 6107 1831 6185
f 6145 6107 6185
f 1841 6184 6183
f 6184 1846 6185
f 6185 1831 6183
f 6184 6185 6183
f 443 6186 6188
f 6186 1857 6187
f 6187 1859 6188
f 6186 6187 6188
f 1857 6189 6191
f 6189 461 6190
f 6190 1858 6191
f 6189 6190 6191
f 1858 6192 6194
f 6192 456 6193
f 6193 1859 6194
f 6192 6193 6194
f 1857 6191 6187
f 6191 1858 6194
f 6194 1859 6187
f 6191 6194 6187
f 454 440 455
f 461 1830 6190
f 1830 1858 6190
f 1830 451 6064
f 6064 1814 1830
f 1814 6062 1830
f 6062 456 6192
f 6192 1858 1830
f 6062 6192 1830
f 470 6195 6197
f 6195 1860 6196
f 6196 1861 6197
f 6195 6196 6197
f 1860 6198 6199
f 6198 469 6118
f 6118 1837 6199
f 6198 6118 6199
f 1837 6120 6201
f 6120 451 6200
f 6200 1861 6201
f 6120 6200 6201
f 1860 6199 6196
f 6199 1837 6201
f 6201 1861 6196
f 6199 6201 6196
f 442 6042 6116
f 6042 1804 6202
f 6202 1838 6116
f 6042 6202 6116
f 1804 6040 6203
f 6040 441 6060
f 6060 1815 6203
f 6040 6060 6203
f 1815 6065 6204
f 6065 451 6121
f 6121 1838 6204
f 6065 6121 6204
f 1804 6203 6202
f 6203 1815 6204
f 6204 1838 6202
f 6203 6204 6202
f 439 6033 6130
f 6033 1801 6205
f 6205 1840 6130
f 6033 6205 6130
f 1801 6031 6207
f 6031 438 6206
f 6206 1862 6207
f 6031 6206 6207
f 1862 6208 6209
f 6208 457 6131
f 6131 1840 6209
f 6208 6131 6209
f 1801 6207 6205
f 6207 1862 6209
f 6209 1840 6205
f 6207 6209 6205
f 459 6210 6138
f 6210 1863 6211
f 6211 1843 6138
f 6210 6211 6138
f 1863 6212 6214
f 6212 462 6213
f 6213 1864 6214
f 6212 6213 6214
f 1864 6215 6216
f 6215 446 6140
f 6140 1843 6216
f 6215 6140 6216
f 1863 6214 6211
f 6214 1864 6216
f 6216 1843 6211
f 6214 6216 6211
f 455 440 6038
f 6038 1805 455
f 1805 6043 455
f 6043 442 455
f 438 1833 6206
f 1833 1862 6206
f 1833 449 6070
f 6070 1816 6217
f 1833 6070 6217
f 1816 6067 6218
f 6067 457 6208
f 6208 1862 6218
f 6067 6208 6218
f 6217 1816 6218
f 6218 1862 1833
f 6217 6218 1833
f 462 6212 452
f 6212 1863 452
f 1863 6210 452
f 6210 459 452
f 457 6069 6220
f 6069 1818 6219
f 6219 1866 6220
f 6069 6219 6220
f 1818 6073 6222
f 6073 458 6221
f 6221 1865 6222
f 6073 6221 6222
f 1865 6223 6225
f 6223 440 6224
f 6224 1866 6225
f 6223 6224 6225
f 1818 6222 6219
f 6222 1865 6225
f 6225 1866 6219
f 6222 6225 6219
f 456 6226 6228
f 6226 1867 6227
f 6227 1868 6228
f 6226 6227 6228
f 1867 6229 6230
f 6229 458 6074
f 6074 1819 6230
f 6229 6074 6230
f 1819 6075 6232
f 6075 459 6231
f 6231 1868 6232
f 6075 6231 6232
f 1867 6230 6227
f 6230 1819 6232
f 6232 1868 6227
f 6230 6232 6227
f 458 6233 6221
f 6233 1869 6234
f 6234 1865 6221
f 6233 6234 6221
f 1869 6235 6236
f 6235 441 6039
f 6039 1803 6236
f 6235 6039 6236
f 1803 6036 6237
f 6036 440 6223
f 6223 1865 6237
f 6036 6223 6237
f 1869 6236 6234
f 6236 1803 6237
f 6237 1865 6234
f 6236 6237 6234
f 441 6235 6058
f 6235 1869 6238
f 6238 1813 6058
f 6235 6238 6058
f 1869 6233 6239
f 6233 458 6229
f 6229 1867 6239
f 6233 6229 6239
f 1867 6226 6240
f 6226 456 6061
f 6061 1813 6240
f 6226 6061 6240
f 1869 6239 6238
f 6239 1867 6240
f 6240 1813 6238
f 6239 6240 6238
f 440 454 6224
f 454 1866 6224
f 454 457 6220
f 6220 1866 454
f 456 6228 6193
f 6228 1868 6241
f 6241 1859 6193
f 6228 6241 6193
f 1868 6231 6242
f 6231 459 6137
f 6137 1842 6242
f 6231 6137 6242
f 1842 6134 6243
f 6134 443 6188
f 6188 1859 6243
f 6134 6188 6243
f 1868 6242 6241
f 6242 1842 6243
f 6243 1859 6241
f 6242 6243 6241
f 466 1845 6172
f 6244 1854 6172
f 1845 6244 6172
f 1845 468 6245
f 6245 1870 6246
f 1845 6245 6246
f 1870 6247 6248
f 6247 470 6174
f 6174 1854 6248
f 6247 6174 6248
f 1845 6246 6244
f 6246 1870 6248
f 6248 1854 6244
f 6246 6248 6244
f 468 6178 6250
f 6178 1856 6249
f 6249 1871 6250
f 6178 6249 6250
f 1856 6181 6251
f 6181 463 6161
f 6161 1850 6251
f 6181 6161 6251
f 1850 6159 6253
f 6159 469 6252
f 6252 1871 6253
f 6159 6252 6253
f 1856 6251 6249
f 6251 1850 6253
f 6253 1871 6249
f 6251 6253 6249
f 443 6136 6045
f 6136 1844 6254
f 6254 1806 6045
f 6136 6254 6045
f 1844 6141 6256
f 6141 446 6255
f 6255 1872 6256
f 6141 6255 6256
f 1872 6257 6258
f 6257 444 6048
f 6048 1806 6258
f 6257 6048 6258
f 1844 6256 6254
f 6256 1872 6258
f 6258 1806 6254
f 6256 6258 6254
f 453 6259 454
f 6259 1873 454
f 1873 6260 454
f 6260 439 454
f 469 6198 6252
f 6198 1860 6261
f 6261 1871 6252
f 6198 6261 6252
f 1860 6195 6262
f 6195 470 6247
f 6247 1870 6262
f 6195 6247 6262
f 1870 6245 6263
f 6245 468 6250
f 6250 1871 6263
f 6245 6250 6263
f 1860 6262 6261
f 6262 1870 6263
f 6263 1871 6261
f 6262 6263 6261
f 437 6029 6265
f 6029 1802 6264
f 6264 1874 6265
f 6029 6264 6265
f 1802 6034 6266
f 6034 439 6260
f 6260 1873 6266
f 6034 6260 6266
f 1873 6259 6268
f 6259 453 6267
f 6267 1874 6268
f 6259 6267 6268
f 1802 6266 6264
f 6266 1873 6268
f 6268 1874 6264
f 6266 6268 6264
f 446 6052 6255
f 6052 1810 6269
f 6269 1872 6255
f 6052 6269 6255
f 1810 6053 6271
f 6053 448 6270
f 6270 1875 6271
f 6053 6270 6271
f 1875 6272 6273
f 6272 444 6257
f 6257 1872 6273
f 6272 6257 6273
f 1810 6271 6269
f 6271 1875 6273
f 6273 1872 6269
f 6271 6273 6269
f 471 6274 6276
f 6274 1876 6275
f 6275 1878 6276
f 6274 6275 6276
f 1876 6277 6279
f 6277 472 6278
f 6278 1877 6279
f 6277 6278 6279
f 1877 6280 6282
f 6280 473 6281
f 6281 1878 6282
f 6280 6281 6282
f 1876 6279 6275
f 6279 1877 6282
f 6282 1878 6275
f 6279 6282 6275
f 475 476 474
f 477 6283 6285
f 6283 1879 6284
f 6284 1881 6285
f 6283 6284 6285
f 1879 6286 6288
f 6286 478 6287
f 6287 1880 6288
f 6286 6287 6288
f 1880 6289 6291
f 6289 479 6290
f 6290 1881 6291
f 6289 6290 6291
f 1879 6288 6284
f 6288 1880 6291
f 6291 1881 6284
f 6288 6291 6284
f 347 6292 4162
f 6292 1882 6293
f 6293 1315 4162
f 6292 6293 4162
f 1882 6294 6296
f 6294 480 6295
f 6295 1883 6296
f 6294 6295 6296
f 1883 6297 6298
f 6297 250 4158
f 4158 1315 6298
f 6297 4158 6298
f 1882 6296 6293
f 6296 1883 6298
f 6298 1315 6293
f 6296 6298 6293
f 481 6299 6301
f 6299 1884 6300
f 6300 1886 6301
f 6299 6300 6301
f 1884 6302 6304
f 6302 372 6303
f 6303 1885 6304
f 6302 6303 6304
f 1885 6305 6307
f 6305 482 6306
f 6306 1886 6307
f 6305 6306 6307
f 1884 6304 6300
f 6304 1885 6307
f 6307 1886 6300
f 6304 6307 6300
f 483 6308 6310
f 6308 1887 6309
f 6309 1889 6310
f 6308 6309 6310
f 1887 6311 6313
f 6311 484 6312
f 6312 1888 6313
f 6311 6312 6313
f 1888 6314 6316
f 6314 485 6315
f 6315 1889 6316
f 6314 6315 6316
f 1887 6313 6309
f 6313 1888 6316
f 6316 1889 6309
f 6313 6316 6309
f 486 6317 6319
f 6317 1890 6318
f 6318 1892 6319
f 6317 6318 6319
f 1890 6320 6322
f 6320 487 6321
f 6321 1891 6322
f 6320 6321 6322
f 1891 6323 6325
f 6323 488 6324
f 6324 1892 6325
f 6323 6324 6325
f 1890 6322 6318
f 6322 1891 6325
f 6325 1892 6318
f 6322 6325 6318
f 489 6326 6328
f 6326 1893 6327
f 6327 1895 6328
f 6326 6327 6328
f 1893 6329 6331
f 6329 490 6330
f 6330 1894 6331
f 6329 6330 6331
f 1894 6332 6334
f 6332 491 6333
f 6333 1895 6334
f 6332 6333 6334
f 1893 6331 6327
f 6331 1894 6334
f 6334 1895 6327
f 6331 6334 6327
f 492 6335 494
f 6335 1896 494
f 1896 6336 494
f 6336 493 494
f 479 6337 6339
f 6337 1897 6338
f 6338 1899 6339
f 6337 6338 6339
f 1897 6340 6342
f 6340 495 6341
f 6341 1898 6342
f 6340 6341 6342
f 1898 6343 6345
f 6343 496 6344
f 6344 1899 6345
f 6343 6344 6345
f 1897 6342 6338
f 6342 1898 6345
f 6345 1899 6338
f 6342 6345 6338
f 337 6346 4060
f 6346 1900 6347
f 6347 1285 4060
f 6346 6347 4060
f 1900 6348 6350
f 6348 497 6349
f 6349 1901 6350
f 6348 6349 6350
f 1901 6351 6352
f 6351 168 4056
f 4056 1285 6352
f 6351 4056 6352
f 1900 6350 6347
f 6350 1901 6352
f 6352 1285 6347
f 6350 6352 6347
f 498 6353 6355
f 6353 1902 6354
f 6354 1903 6355
f 6353 6354 6355
f 1902 6356 6357
f 6356 479 6289
f 6289 1880 6357
f 6356 6289 6357
f 1880 6287 6359
f 6287 478 6358
f 6358 1903 6359
f 6287 6358 6359
f 1902 6357 6354
f 6357 1880 6359
f 6359 1903 6354
f 6357 6359 6354
f 499 500 6360
f 500 1904 6360
f 500 501 6361
f 6361 1904 500
f 485 6362 6364
f 6362 1905 6363
f 6363 1907 6364
f 6362 6363 6364
f 1905 6365 6367
f 6365 502 6366
f 6366 1906 6367
f 6365 6366 6367
f 1906 6368 6370
f 6368 503 6369
f 6369 1907 6370
f 6368 6369 6370
f 1905 6367 6363
f 6367 1906 6370
f 6370 1907 6363
f 6367 6370 6363
f 504 6371 6373
f 6371 1908 6372
f 6372 1910 6373
f 6371 6372 6373
f 1908 6374 6376
f 6374 505 6375
f 6375 1909 6376
f 6374 6375 6376
f 1909 6377 6379
f 6377 506 6378
f 6378 1910 6379
f 6377 6378 6379
f 1908 6376 6372
f 6376 1909 6379
f 6379 1910 6372
f 6376 6379 6372
f 507 6380 6382
f 6380 1911 6381
f 6381 1913 6382
f 6380 6381 6382
f 1911 6383 6385
f 6383 503 6384
f 6384 1912 6385
f 6383 6384 6385
f 1912 6386 6388
f 6386 508 6387
f 6387 1913 6388
f 6386 6387 6388
f 1911 6385 6381
f 6385 1912 6388
f 6388 1913 6381
f 6385 6388 6381
f 509 6389 6391
f 6389 1914 6390
f 6390 1916 6391
f 6389 6390 6391
f 1914 6392 6394
f 6392 510 6393
f 6393 1915 6394
f 6392 6393 6394
f 1915 6395 6397
f 6395 511 6396
f 6396 1916 6397
f 6395 6396 6397
f 1914 6394 6390
f 6394 1915 6397
f 6397 1916 6390
f 6394 6397 6390
f 510 6398 6400
f 6398 1917 6399
f 6399 1919 6400
f 6398 6399 6400
f 1917 6401 6403
f 6401 512 6402
f 6402 1918 6403
f 6401 6402 6403
f 1918 6404 6406
f 6404 513 6405
f 6405 1919 6406
f 6404 6405 6406
f 1917 6403 6399
f 6403 1918 6406
f 6406 1919 6399
f 6403 6406 6399
f 514 6407 6409
f 6407 1920 6408
f 6408 1922 6409
f 6407 6408 6409
f 1920 6410 6412
f 6410 515 6411
f 6411 1921 6412
f 6410 6411 6412
f 1921 6413 6415
f 6413 516 6414
f 6414 1922 6415
f 6413 6414 6415
f 1920 6412 6408
f 6412 1921 6415
f 6415 1922 6408
f 6412 6415 6408
f 517 6416 6418
f 6416 1923 6417
f 6417 1924 6418
f 6416 6417 6418
f 1923 6419 6420
f 6419 168 6351
f 6351 1901 6420
f 6419 6351 6420
f 1901 6349 6422
f 6349 497 6421
f 6421 1924 6422
f 6349 6421 6422
f 1923 6420 6417
f 6420 1901 6422
f 6422 1924 6417
f 6420 6422 6417
f 518 1925 520
f 1925 6423 520
f 6423 519 520
f 521 6424 6426
f 6424 1926 6425
f 6425 1928 6426
f 6424 6425 6426
f 1926 6427 6429
f 6427 522 6428
f 6428 1927 6429
f 6427 6428 6429
f 1927 6430 6432
f 6430 523 6431
f 6431 1928 6432
f 6430 6431 6432
f 1926 6429 6425
f 6429 1927 6432
f 6432 1928 6425
f 6429 6432 6425
f 478 6433 6358
f 6433 1929 6434
f 6434 1903 6358
f 6433 6434 6358
f 1929 6435 6437
f 6435 524 6436
f 6436 1930 6437
f 6435 6436 6437
f 1930 6438 6439
f 6438 498 6355
f 6355 1903 6439
f 6438 6355 6439
f 1929 6437 6434
f 6437 1930 6439
f 6439 1903 6434
f 6437 6439 6434
f 525 6440 6442
f 6440 1931 6441
f 6441 1933 6442
f 6440 6441 6442
f 1931 6443 6445
f 6443 526 6444
f 6444 1932 6445
f 6443 6444 6445
f 1932 6446 6448
f 6446 504 6447
f 6447 1933 6448
f 6446 6447 6448
f 1931 6445 6441
f 6445 1932 6448
f 6448 1933 6441
f 6445 6448 6441
f 527 6449 6451
f 6449 1934 6450
f 6450 1936 6451
f 6449 6450 6451
f 1934 6452 6454
f 6452 511 6453
f 6453 1935 6454
f 6452 6453 6454
f 1935 6455 6457
f 6455 502 6456
f 6456 1936 6457
f 6455 6456 6457
f 1934 6454 6450
f 6454 1935 6457
f 6457 1936 6450
f 6454 6457 6450
f 528 6458 6460
f 6458 1937 6459
f 6459 1939 6460
f 6458 6459 6460
f 1937 6461 6463
f 6461 529 6462
f 6462 1938 6463
f 6461 6462 6463
f 1938 6464 6466
f 6464 530 6465
f 6465 1939 6466
f 6464 6465 6466
f 1937 6463 6459
f 6463 1938 6466
f 6466 1939 6459
f 6463 6466 6459
f 531 6467 6469
f 6467 1940 6468
f 6468 1942 6469
f 6467 6468 6469
f 1940 6470 6472
f 6470 532 6471
f 6471 1941 6472
f 6470 6471 6472
f 1941 6473 6475
f 6473 533 6474
f 6474 1942 6475
f 6473 6474 6475
f 1940 6472 6468
f 6472 1941 6475
f 6475 1942 6468
f 6472 6475 6468
f 474 534 520
f 493 6476 6478
f 6476 1943 6477
f 6477 1945 6478
f 6476 6477 6478
f 1943 6479 6480
f 6479 535 1944
f 6479 1944 6480
f 1944 536 6481
f 6481 1945 6482
f 1944 6481 6482
f 1943 6480 6477
f 6480 1944 6482
f 6482 1945 6477
f 6480 6482 6477
f 537 6483 6485
f 6483 1946 6484
f 6484 1948 6485
f 6483 6484 6485
f 1946 6486 6488
f 6486 538 6487
f 6487 1947 6488
f 6486 6487 6488
f 1947 6489 6491
f 6489 539 6490
f 6490 1948 6491
f 6489 6490 6491
f 1946 6488 6484
f 6488 1947 6491
f 6491 1948 6484
f 6488 6491 6484
f 540 6492 6494
f 6492 1949 6493
f 6493 1951 6494
f 6492 6493 6494
f 1949 6495 6497
f 6495 541 6496
f 6496 1950 6497
f 6495 6496 6497
f 1950 6498 6500
f 6498 542 6499
f 6499 1951 6500
f 6498 6499 6500
f 1949 6497 6493
f 6497 1950 6500
f 6500 1951 6493
f 6497 6500 6493
f 1952 1953 543
f 543 6501 1952
f 6501 544 1952
f 1952 545 6502
f 6502 1953 1952
f 407 6503 5161
f 6503 1954 6504
f 6504 1604 5161
f 6503 6504 5161
f 1954 6505 6507
f 6505 546 6506
f 6506 1955 6507
f 6505 6506 6507
f 1955 6508 6509
f 6508 373 5164
f 5164 1604 6509
f 6508 5164 6509
f 1954 6507 6504
f 6507 1955 6509
f 6509 1604 6504
f 6507 6509 6504
f 474 547 6510
f 6510 1956 474
f 1956 6511 474
f 6511 548 474
f 483 6310 6513
f 6310 1889 6512
f 6512 1958 6513
f 6310 6512 6513
f 1889 6315 6515
f 6315 485 6514
f 6514 1957 6515
f 6315 6514 6515
f 1957 6516 6518
f 6516 512 6517
f 6517 1958 6518
f 6516 6517 6518
f 1889 6515 6512
f 6515 1957 6518
f 6518 1958 6512
f 6515 6518 6512
f 549 500 6519
f 500 1959 6519
f 500 550 1959
f 551 6520 6522
f 6520 1960 6521
f 6521 1962 6522
f 6520 6521 6522
f 1960 6523 6525
f 6523 552 6524
f 6524 1961 6525
f 6523 6524 6525
f 1961 6526 6528
f 6526 546 6527
f 6527 1962 6528
f 6526 6527 6528
f 1960 6525 6521
f 6525 1961 6528
f 6528 1962 6521
f 6525 6528 6521
f 553 6529 6531
f 6529 1963 6530
f 6530 1965 6531
f 6529 6530 6531
f 1963 6532 6534
f 6532 554 6533
f 6533 1964 6534
f 6532 6533 6534
f 1964 6535 6537
f 6535 555 6536
f 6536 1965 6537
f 6535 6536 6537
f 1963 6534 6530
f 6534 1964 6537
f 6537 1965 6530
f 6534 6537 6530
f 556 6538 1967
f 6538 1966 1952
f 6538 1952 1967
f 1966 6539 1952
f 6539 545 1952
f 1952 544 1967
f 557 6540 6542
f 6540 1968 6541
f 6541 1969 6542
f 6540 6541 6542
f 1968 6543 6544
f 6543 488 6323
f 6323 1891 6544
f 6543 6323 6544
f 1891 6321 6546
f 6321 487 6545
f 6545 1969 6546
f 6321 6545 6546
f 1968 6544 6541
f 6544 1891 6546
f 6546 1969 6541
f 6544 6546 6541
f 558 6547 6549
f 6547 1970 6548
f 6548 1971 6549
f 6547 6548 6549
f 1970 6550 6551
f 6550 514 6409
f 6409 1922 6551
f 6550 6409 6551
f 1922 6414 6553
f 6414 516 6552
f 6552 1971 6553
f 6414 6552 6553
f 1970 6551 6548
f 6551 1922 6553
f 6553 1971 6548
f 6551 6553 6548
f 559 6554 6556
f 6554 1972 6555
f 6555 1974 6556
f 6554 6555 6556
f 1972 6557 6559
f 6557 560 6558
f 6558 1973 6559
f 6557 6558 6559
f 1973 6560 6562
f 6560 561 6561
f 6561 1974 6562
f 6560 6561 6562
f 1972 6559 6555
f 6559 1973 6562
f 6562 1974 6555
f 6559 6562 6555
f 562 6563 6565
f 6563 1975 6564
f 6564 1977 6565
f 6563 6564 6565
f 1975 6566 6568
f 6566 492 6567
f 6567 1976 6568
f 6566 6567 6568
f 1976 6569 6571
f 6569 563 6570
f 6570 1977 6571
f 6569 6570 6571
f 1975 6568 6564
f 6568 1976 6571
f 6571 1977 6564
f 6568 6571 6564
f 472 564 6572
f 564 1978 6572
f 564 565 6573
f 6573 1978 564
f 479 6356 6337
f 6356 1902 6574
f 6574 1897 6337
f 6356 6574 6337
f 1902 6353 6576
f 6353 498 6575
f 6575 1979 6576
f 6353 6575 6576
f 1979 6577 6578
f 6577 495 6340
f 6340 1897 6578
f 6577 6340 6578
f 1902 6576 6574
f 6576 1979 6578
f 6578 1897 6574
f 6576 6578 6574
f 566 6579 6581
f 6579 1980 6580
f 6580 1982 6581
f 6579 6580 6581
f 1980 6582 6584
f 6582 491 6583
f 6583 1981 6584
f 6582 6583 6584
f 1981 6585 6587
f 6585 567 6586
f 6586 1982 6587
f 6585 6586 6587
f 1980 6584 6580
f 6584 1981 6587
f 6587 1982 6580
f 6584 6587 6580
f 568 6588 6590
f 6588 1983 6589
f 6589 1984 6590
f 6588 6589 6590
f 1983 6591 6592
f 6591 531 6469
f 6469 1942 6592
f 6591 6469 6592
f 1942 6474 6594
f 6474 533 6593
f 6593 1984 6594
f 6474 6593 6594
f 1983 6592 6589
f 6592 1942 6594
f 6594 1984 6589
f 6592 6594 6589
f 569 6595 6597
f 6595 1985 6596
f 6596 1987 6597
f 6595 6596 6597
f 1985 6598 6600
f 6598 570 6599
f 6599 1986 6600
f 6598 6599 6600
f 1986 6601 6603
f 6601 571 6602
f 6602 1987 6603
f 6601 6602 6603
f 1985 6600 6596
f 6600 1986 6603
f 6603 1987 6596
f 6600 6603 6596
f 572 6604 6606
f 6604 1988 6605
f 6605 1990 6606
f 6604 6605 6606
f 1988 6607 6609
f 6607 573 6608
f 6608 1989 6609
f 6607 6608 6609
f 1989 6610 6612
f 6610 483 6611
f 6611 1990 6612
f 6610 6611 6612
f 1988 6609 6605
f 6609 1989 6612
f 6612 1990 6605
f 6609 6612 6605
f 539 6613 6490
f 6613 1991 6614
f 6614 1948 6490
f 6613 6614 6490
f 1991 6615 6617
f 6615 574 6616
f 6616 1992 6617
f 6615 6616 6617
f 1992 6618 6619
f 6618 537 6485
f 6485 1948 6619
f 6618 6485 6619
f 1991 6617 6614
f 6617 1992 6619
f 6619 1948 6614
f 6617 6619 6614
f 556 500 6538
f 500 1966 6538
f 500 545 6539
f 6539 1966 500
f 531 6620 6467
f 6620 1993 6621
f 6621 1940 6467
f 6620 6621 6467
f 1993 6622 6624
f 6622 513 6623
f 6623 1994 6624
f 6622 6623 6624
f 1994 6625 6626
f 6625 532 6470
f 6470 1940 6626
f 6625 6470 6626
f 1993 6624 6621
f 6624 1994 6626
f 6626 1940 6621
f 6624 6626 6621
f 405 6627 5103
f 6627 1995 6628
f 6628 1586 5103
f 6627 6628 5103
f 1995 6629 6631
f 6629 575 6630
f 6630 1996 6631
f 6629 6630 6631
f 1996 6632 6633
f 6632 406 5106
f 5106 1586 6633
f 6632 5106 6633
f 1995 6631 6628
f 6631 1996 6633
f 6633 1586 6628
f 6631 6633 6628
f 511 6395 6635
f 6395 1915 6634
f 6634 1998 6635
f 6395 6634 6635
f 1915 6393 6637
f 6393 510 6636
f 6636 1997 6637
f 6393 6636 6637
f 1997 6638 6640
f 6638 531 6639
f 6639 1998 6640
f 6638 6639 6640
f 1915 6637 6634
f 6637 1997 6640
f 6640 1998 6634
f 6637 6640 6634
f 6641 576 1999
f 6641 1999 335
f 1999 266 335
f 577 6642 6644
f 6642 2000 6643
f 6643 2002 6644
f 6642 6643 6644
f 2000 6645 6647
f 6645 578 6646
f 6646 2001 6647
f 6645 6646 6647
f 2001 6648 6650
f 6648 579 6649
f 6649 2002 6650
f 6648 6649 6650
f 2000 6647 6643
f 6647 2001 6650
f 6650 2002 6643
f 6647 6650 6643
f 481 6651 6653
f 6651 2003 6652
f 6652 2005 6653
f 6651 6652 6653
f 2003 6654 6656
f 6654 580 6655
f 6655 2004 6656
f 6654 6655 6656
f 2004 6657 6659
f 6657 581 6658
f 6658 2005 6659
f 6657 6658 6659
f 2003 6656 6652
f 6656 2004 6659
f 6659 2005 6652
f 6656 6659 6652
f 582 6660 6662
f 6660 2006 6661
f 6661 2008 6662
f 6660 6661 6662
f 2006 6663 6665
f 6663 583 6664
f 6664 2007 6665
f 6663 6664 6665
f 2007 6666 6668
f 6666 584 6667
f 6667 2008 6668
f 6666 6667 6668
f 2006 6665 6661
f 6665 2007 6668
f 6668 2008 6661
f 6665 6668 6661
f 585 6669 6671
f 6669 2009 6670
f 6670 2011 6671
f 6669 6670 6671
f 2009 6672 6674
f 6672 586 6673
f 6673 2010 6674
f 6672 6673 6674
f 2010 6675 6677
f 6675 490 6676
f 6676 2011 6677
f 6675 6676 6677
f 2009 6674 6670
f 6674 2010 6677
f 6677 2011 6670
f 6674 6677 6670
f 471 587 6678
f 587 2012 6678
f 587 588 6679
f 6679 2012 587
f 589 6680 6682
f 6680 2013 6681
f 6681 2015 6682
f 6680 6681 6682
f 2013 6683 6685
f 6683 590 6684
f 6684 2014 6685
f 6683 6684 6685
f 2014 6686 6688
f 6686 591 6687
f 6687 2015 6688
f 6686 6687 6688
f 2013 6685 6681
f 6685 2014 6688
f 6688 2015 6681
f 6685 6688 6681
f 506 6689 6691
f 6689 2016 6690
f 6690 2018 6691
f 6689 6690 6691
f 2016 6692 6694
f 6692 592 6693
f 6693 2017 6694
f 6692 6693 6694
f 2017 6695 6697
f 6695 562 6696
f 6696 2018 6697
f 6695 6696 6697
f 2016 6694 6690
f 6694 2017 6697
f 6697 2018 6690
f 6694 6697 6690
f 593 6698 6700
f 6698 2019 6699
f 6699 2021 6700
f 6698 6699 6700
f 2019 6701 6703
f 6701 594 6702
f 6702 2020 6703
f 6701 6702 6703
f 2020 6704 6706
f 6704 514 6705
f 6705 2021 6706
f 6704 6705 6706
f 2019 6703 6699
f 6703 2020 6706
f 6706 2021 6699
f 6703 6706 6699
f 595 6707 6709
f 6707 2022 6708
f 6708 2023 6709
f 6707 6708 6709
f 2022 6710 6711
f 6710 540 6494
f 6494 1951 6711
f 6710 6494 6711
f 1951 6499 6713
f 6499 542 6712
f 6712 2023 6713
f 6499 6712 6713
f 2022 6711 6708
f 6711 1951 6713
f 6713 2023 6708
f 6711 6713 6708
f 596 6714 6716
f 6714 2024 6715
f 6715 2025 6716
f 6714 6715 6716
f 2024 6717 6718
f 6717 535 6479
f 6479 1943 6718
f 6717 6479 6718
f 1943 6476 6720
f 6476 493 6719
f 6719 2025 6720
f 6476 6719 6720
f 2024 6718 6715
f 6718 1943 6720
f 6720 2025 6715
f 6718 6720 6715
f 597 6721 6723
f 6721 2026 6722
f 6722 2028 6723
f 6721 6722 6723
f 2026 6724 6726
f 6724 598 6725
f 6725 2027 6726
f 6724 6725 6726
f 2027 6727 6729
f 6727 579 6728
f 6728 2028 6729
f 6727 6728 6729
f 2026 6726 6722
f 6726 2027 6729
f 6729 2028 6722
f 6726 6729 6722
f 599 6730 6732
f 6730 2029 6731
f 6731 2031 6732
f 6730 6731 6732
f 2029 6733 6735
f 6733 600 6734
f 6734 2030 6735
f 6733 6734 6735
f 2030 6736 6738
f 6736 601 6737
f 6737 2031 6738
f 6736 6737 6738
f 2029 6735 6731
f 6735 2030 6738
f 6738 2031 6731
f 6735 6738 6731
f 486 6319 6740
f 6319 1892 6739
f 6739 2033 6740
f 6319 6739 6740
f 1892 6324 6742
f 6324 488 6741
f 6741 2032 6742
f 6324 6741 6742
f 2032 6743 6745
f 6743 602 6744
f 6744 2033 6745
f 6743 6744 6745
f 1892 6742 6739
f 6742 2032 6745
f 6745 2033 6739
f 6742 6745 6739
f 527 6746 6449
f 6746 2034 6747
f 6747 1934 6449
f 6746 6747 6449
f 2034 6748 6749
f 6748 509 6391
f 6391 1916 6749
f 6748 6391 6749
f 1916 6396 6750
f 6396 511 6452
f 6452 1934 6750
f 6396 6452 6750
f 2034 6749 6747
f 6749 1916 6750
f 6750 1934 6747
f 6749 6750 6747
f 603 6751 6753
f 6751 2035 6752
f 6752 2037 6753
f 6751 6752 6753
f 2035 6754 6756
f 6754 604 6755
f 6755 2036 6756
f 6754 6755 6756
f 2036 6757 6759
f 6757 605 6758
f 6758 2037 6759
f 6757 6758 6759
f 2035 6756 6752
f 6756 2036 6759
f 6759 2037 6752
f 6756 6759 6752
f 606 6760 6762
f 6760 2038 6761
f 6761 2040 6762
f 6760 6761 6762
f 2038 6763 6764
f 6763 607 2039
f 6763 2039 6764
f 2039 548 6765
f 6765 2040 2039
f 2038 6764 6761
f 2039 2040 6761
f 6764 2039 6761
f 608 6766 6768
f 6766 2041 6767
f 6767 2043 6768
f 6766 6767 6768
f 2041 6769 6771
f 6769 609 6770
f 6770 2042 6771
f 6769 6770 6771
f 2042 6772 6774
f 6772 610 6773
f 6773 2043 6774
f 6772 6773 6774
f 2041 6771 6767
f 6771 2042 6774
f 6774 2043 6767
f 6771 6774 6767
f 540 6775 6777
f 6775 2044 6776
f 6776 2046 6777
f 6775 6776 6777
f 2044 6778 6780
f 6778 611 6779
f 6779 2045 6780
f 6778 6779 6780
f 2045 6781 6783
f 6781 600 6782
f 6782 2046 6783
f 6781 6782 6783
f 2044 6780 6776
f 6780 2045 6783
f 6783 2046 6776
f 6780 6783 6776
f 478 6286 6785
f 6286 1879 6784
f 6784 2048 6785
f 6286 6784 6785
f 1879 6283 6787
f 6283 477 6786
f 6786 2047 6787
f 6283 6786 6787
f 2047 6788 6790
f 6788 612 6789
f 6789 2048 6790
f 6788 6789 6790
f 1879 6787 6784
f 6787 2047 6790
f 6790 2048 6784
f 6787 6790 6784
f 613 6791 6793
f 6791 2049 6792
f 6792 2051 6793
f 6791 6792 6793
f 2049 6794 2050
f 6794 351 6795
f 6794 6795 2050
f 2050 614 6796
f 6796 2051 2050
f 2049 2050 6792
f 2050 2051 6792
f 615 6797 6799
f 6797 2052 6798
f 6798 2053 6799
f 6797 6798 6799
f 2052 6800 6801
f 6800 479 6339
f 6339 1899 6801
f 6800 6339 6801
f 1899 6344 6803
f 6344 496 6802
f 6802 2053 6803
f 6344 6802 6803
f 2052 6801 6798
f 6801 1899 6803
f 6803 2053 6798
f 6801 6803 6798
f 616 6804 6806
f 6804 2054 6805
f 6805 2056 6806
f 6804 6805 6806
f 2054 6807 6805
f 6807 497 6805
f 2055 6808 6810
f 6808 492 6809
f 6809 2056 6810
f 6808 6809 6810
f 6805 2055 6810
f 6810 2056 6805
f 501 500 6811
f 500 2057 6811
f 500 549 6812
f 6812 2057 500
f 617 6813 6815
f 6813 2058 6814
f 6814 2060 6815
f 6813 6814 6815
f 2058 6816 6818
f 6816 618 6817
f 6817 2059 6818
f 6816 6817 6818
f 2059 6819 6821
f 6819 619 6820
f 6820 2060 6821
f 6819 6820 6821
f 2058 6818 6814
f 6818 2059 6821
f 6821 2060 6814
f 6818 6821 6814
f 595 6822 6824
f 6822 2061 6823
f 6823 2063 6824
f 6822 6823 6824
f 2061 6825 6827
f 6825 620 6826
f 6826 2062 6827
f 6825 6826 6827
f 2062 6828 6830
f 6828 611 6829
f 6829 2063 6830
f 6828 6829 6830
f 2061 6827 6823
f 6827 2062 6830
f 6830 2063 6823
f 6827 6830 6823
f 565 6831 6573
f 6831 2064 6832
f 6832 1978 6573
f 6831 6832 6573
f 2064 6833 6835
f 6833 504 6834
f 6834 2065 6835
f 6833 6834 6835
f 2065 6836 6837
f 6836 472 6572
f 6572 1978 6837
f 6836 6572 6837
f 2064 6835 6832
f 6835 2065 6837
f 6837 1978 6832
f 6835 6837 6832
f 474 548 621
f 505 6838 6375
f 6838 2066 6839
f 6839 1909 6375
f 6838 6839 6375
f 2066 6840 6841
f 6840 592 6692
f 6692 2016 6841
f 6840 6692 6841
f 2016 6689 6842
f 6689 506 6377
f 6377 1909 6842
f 6689 6377 6842
f 2066 6841 6839
f 6841 2016 6842
f 6842 1909 6839
f 6841 6842 6839
f 493 6336 6719
f 6336 1896 6843
f 6843 2025 6719
f 6336 6843 6719
f 1896 6335 6845
f 6335 492 6844
f 6844 2067 6845
f 6335 6844 6845
f 2067 6846 6847
f 6846 596 6716
f 6716 2025 6847
f 6846 6716 6847
f 1896 6845 6843
f 6845 2067 6847
f 6847 2025 6843
f 6845 6847 6843
f 622 500 623
f 621 624 475
f 557 6848 6850
f 6848 2068 6849
f 6849 2069 6850
f 6848 6849 6850
f 2068 6851 6852
f 6851 514 6550
f 6550 1970 6852
f 6851 6550 6852
f 1970 6547 6854
f 6547 558 6853
f 6853 2069 6854
f 6547 6853 6854
f 2068 6852 6849
f 6852 1970 6854
f 6854 2069 6849
f 6852 6854 6849
f 543 547 474
f 477 6285 6856
f 6285 1881 6855
f 6855 2070 6856
f 6285 6855 6856
f 1881 6290 6857
f 6290 479 6800
f 6800 2052 6857
f 6290 6800 6857
f 2052 6797 6859
f 6797 615 6858
f 6858 2070 6859
f 6797 6858 6859
f 1881 6857 6855
f 6857 2052 6859
f 6859 2070 6855
f 6857 6859 6855
f 625 6860 6862
f 6860 2071 6861
f 6861 2073 6862
f 6860 6861 6862
f 2071 6863 6865
f 6863 626 6864
f 6864 2072 6865
f 6863 6864 6865
f 2072 6866 6868
f 6866 509 6867
f 6867 2073 6868
f 6866 6867 6868
f 2071 6865 6861
f 6865 2072 6868
f 6868 2073 6861
f 6865 6868 6861
f 618 6816 6870
f 6816 2058 6869
f 6869 2075 6870
f 6816 6869 6870
f 2058 6813 6872
f 6813 617 6871
f 6871 2074 6872
f 6813 6871 6872
f 2074 6873 6875
f 6873 627 6874
f 6874 2075 6875
f 6873 6874 6875
f 2058 6872 6869
f 6872 2074 6875
f 6875 2075 6869
f 6872 6875 6869
f 476 475 2076
f 475 628 2076
f 573 6876 6878
f 6876 2077 6877
f 6877 2079 6878
f 6876 6877 6878
f 2077 6879 6881
f 6879 629 6880
f 6880 2078 6881
f 6879 6880 6881
f 2078 6882 6884
f 6882 630 6883
f 6883 2079 6884
f 6882 6883 6884
f 2077 6881 6877
f 6881 2078 6884
f 6884 2079 6877
f 6881 6884 6877
f 499 6885 6887
f 6885 2080 6886
f 6886 2081 6887
f 6885 6886 6887
f 2080 6888 6889
f 6888 603 6753
f 6753 2037 6889
f 6888 6753 6889
f 2037 6758 6891
f 6758 605 6890
f 6890 2081 6891
f 6758 6890 6891
f 2080 6889 6886
f 6889 2037 6891
f 6891 2081 6886
f 6889 6891 6886
f 631 6892 6894
f 6892 2082 6893
f 6893 2084 6894
f 6892 6893 6894
f 2082 6895 6897
f 6895 538 6896
f 6896 2083 6897
f 6895 6896 6897
f 2083 6898 6900
f 6898 632 6899
f 6899 2084 6900
f 6898 6899 6900
f 2082 6897 6893
f 6897 2083 6900
f 6900 2084 6893
f 6897 6900 6893
f 633 6901 6903
f 6901 2085 6902
f 6902 2087 6903
f 6901 6902 6903
f 2085 6904 6906
f 6904 609 6905
f 6905 2086 6906
f 6904 6905 6906
f 2086 6907 6909
f 6907 634 6908
f 6908 2087 6909
f 6907 6908 6909
f 2085 6906 6902
f 6906 2086 6909
f 6909 2087 6902
f 6906 6909 6902
f 515 6910 6912
f 6910 2088 6911
f 6911 2090 6912
f 6910 6911 6912
f 2088 6913 6915
f 6913 523 6914
f 6914 2089 6915
f 6913 6914 6915
f 2089 6916 6918
f 6916 635 6917
f 6917 2090 6918
f 6916 6917 6918
f 2088 6915 6911
f 6915 2089 6918
f 6918 2090 6911
f 6915 6918 6911
f 609 6919 6921
f 6919 2091 6920
f 6920 2092 6921
f 6919 6920 6921
f 2091 6922 6923
f 6922 486 6740
f 6740 2033 6923
f 6922 6740 6923
f 2033 6744 6925
f 6744 602 6924
f 6924 2092 6925
f 6744 6924 6925
f 2091 6923 6920
f 6923 2033 6925
f 6925 2092 6920
f 6923 6925 6920
f 636 6926 6928
f 6926 2093 6927
f 6927 2094 6928
f 6926 6927 6928
f 2093 6929 6930
f 6929 570 6598
f 6598 1985 6930
f 6929 6598 6930
f 1985 6595 6932
f 6595 569 6931
f 6931 2094 6932
f 6595 6931 6932
f 2093 6930 6927
f 6930 1985 6932
f 6932 2094 6927
f 6930 6932 6927
f 587 471 6276
f 6276 1878 6933
f 587 6276 6933
f 1878 6281 6935
f 6281 473 6934
f 6934 2095 6935
f 6281 6934 6935
f 6933 1878 6935
f 6935 2095 587
f 6933 6935 587
f 637 6936 6938
f 6936 2096 6937
f 6937 2098 6938
f 6936 6937 6938
f 2096 6939 6941
f 6939 585 6940
f 6940 2097 6941
f 6939 6940 6941
f 2097 6942 6944
f 6942 489 6943
f 6943 2098 6944
f 6942 6943 6944
f 2096 6941 6937
f 6941 2097 6944
f 6944 2098 6937
f 6941 6944 6937
f 636 6928 6946
f 6928 2094 6945
f 6945 2100 6946
f 6928 6945 6946
f 2094 6931 6948
f 6931 569 6947
f 6947 2099 6948
f 6931 6947 6948
f 2099 6949 6951
f 6949 616 6950
f 6950 2100 6951
f 6949 6950 6951
f 2094 6948 6945
f 6948 2099 6951
f 6951 2100 6945
f 6948 6951 6945
f 501 564 6361
f 564 1904 6361
f 564 499 6360
f 6360 1904 564
f 542 6952 6954
f 6952 2101 6953
f 6953 2103 6954
f 6952 6953 6954
f 2101 6955 6957
f 6955 566 6956
f 6956 2102 6957
f 6955 6956 6957
f 2102 6958 6960
f 6958 529 6959
f 6959 2103 6960
f 6958 6959 6960
f 2101 6957 6953
f 6957 2102 6960
f 6960 2103 6953
f 6957 6960 6953
f 638 6961 6963
f 6961 2104 6962
f 6962 2106 6963
f 6961 6962 6963
f 2104 6964 6966
f 6964 639 6965
f 6965 2105 6966
f 6964 6965 6966
f 2105 6967 6969
f 6967 640 6968
f 6968 2106 6969
f 6967 6968 6969
f 2104 6966 6962
f 6966 2105 6969
f 6969 2106 6962
f 6966 6969 6962
f 564 501 6970
f 6970 2107 564
f 2107 6971 564
f 6971 641 564
f 573 6878 6973
f 6878 2079 6972
f 6972 2109 6973
f 6878 6972 6973
f 2079 6883 6975
f 6883 630 6974
f 6974 2108 6975
f 6883 6974 6975
f 2108 6976 6978
f 6976 484 6977
f 6977 2109 6978
f 6976 6977 6978
f 2079 6975 6972
f 6975 2108 6978
f 6978 2109 6972
f 6975 6978 6972
f 503 6979 6981
f 6979 2110 6980
f 6980 2112 6981
f 6979 6980 6981
f 2110 6982 6984
f 6982 568 6983
f 6983 2111 6984
f 6982 6983 6984
f 2111 6985 6987
f 6985 642 6986
f 6986 2112 6987
f 6985 6986 6987
f 2110 6984 6980
f 6984 2111 6987
f 6987 2112 6980
f 6984 6987 6980
f 485 6364 6989
f 6364 1907 6988
f 6988 2113 6989
f 6364 6988 6989
f 1907 6369 6990
f 6369 503 6383
f 6383 1911 6990
f 6369 6383 6990
f 1911 6380 6992
f 6380 507 6991
f 6991 2113 6992
f 6380 6991 6992
f 1907 6990 6988
f 6990 1911 6992
f 6992 2113 6988
f 6990 6992 6988
f 621 548 2039
f 2039 607 621
f 602 6743 6994
f 6743 2032 6993
f 6993 2115 6994
f 6743 6993 6994
f 2032 6741 6996
f 6741 488 6995
f 6995 2114 6996
f 6741 6995 6996
f 2114 6997 6999
f 6997 638 6998
f 6998 2115 6999
f 6997 6998 6999
f 2032 6996 6993
f 6996 2114 6999
f 6999 2115 6993
f 6996 6999 6993
f 643 7000 7002
f 7000 2116 7001
f 7001 2118 7002
f 7000 7001 7002
f 2116 7003 7005
f 7003 171 7004
f 7004 2117 7005
f 7003 7004 7005
f 2117 7006 7008
f 7006 644 7007
f 7007 2118 7008
f 7006 7007 7008
f 2116 7005 7001
f 7005 2117 7008
f 7008 2118 7001
f 7005 7008 7001
f 250 7009 5959
f 7009 2119 7010
f 7010 1795 5959
f 7009 7010 5959
f 2119 7011 7013
f 7011 535 7012
f 7012 2120 7013
f 7011 7012 7013
f 2120 7014 7015
f 7014 337 5957
f 5957 1795 7015
f 7014 5957 7015
f 2119 7013 7010
f 7013 2120 7015
f 7015 1795 7010
f 7013 7015 7010
f 500 622 2121
f 628 500 2121
f 535 7011 7017
f 7011 2119 7016
f 7016 2122 7017
f 7011 7016 7017
f 2119 7009 7018
f 7009 250 6297
f 6297 1883 7018
f 7009 6297 7018
f 1883 6295 7020
f 6295 480 7019
f 7019 2122 7020
f 6295 7019 7020
f 2119 7018 7016
f 7018 1883 7020
f 7020 2122 7016
f 7018 7020 7016
f 539 7021 7023
f 7021 2123 7022
f 7022 2125 7023
f 7021 7022 7023
f 2123 7024 7026
f 7024 645 7025
f 7025 2124 7026
f 7024 7025 7026
f 2124 7027 7029
f 7027 583 7028
f 7028 2125 7029
f 7027 7028 7029
f 2123 7026 7022
f 7026 2124 7029
f 7029 2125 7022
f 7026 7029 7022
f 618 7030 6817
f 7030 2126 7031
f 7031 2059 6817
f 7030 7031 6817
f 2126 7032 7034
f 7032 646 7033
f 7033 2127 7034
f 7032 7033 7034
f 2127 7035 7036
f 7035 619 6819
f 6819 2059 7036
f 7035 6819 7036
f 2126 7034 7031
f 7034 2127 7036
f 7036 2059 7031
f 7034 7036 7031
f 500 518 623
f 582 7037 7039
f 7037 2128 7038
f 7038 2130 7039
f 7037 7038 7039
f 2128 7040 7042
f 7040 561 7041
f 7041 2129 7042
f 7040 7041 7042
f 2129 7043 7045
f 7043 574 7044
f 7044 2130 7045
f 7043 7044 7045
f 2128 7042 7038
f 7042 2129 7045
f 7045 2130 7038
f 7042 7045 7038
f 484 6311 6977
f 6311 1887 7046
f 7046 2109 6977
f 6311 7046 6977
f 1887 6308 7047
f 6308 483 6610
f 6610 1989 7047
f 6308 6610 7047
f 1989 6608 7048
f 6608 573 6973
f 6973 2109 7048
f 6608 6973 7048
f 1887 7047 7046
f 7047 1989 7048
f 7048 2109 7046
f 7047 7048 7046
f 568 6982 7050
f 6982 2110 7049
f 7049 2131 7050
f 6982 7049 7050
f 2110 6979 7051
f 6979 503 6368
f 6368 1906 7051
f 6979 6368 7051
f 1906 6366 7053
f 6366 502 7052
f 7052 2131 7053
f 6366 7052 7053
f 2110 7051 7049
f 7051 1906 7053
f 7053 2131 7049
f 7051 7053 7049
f 517 7054 7056
f 7054 2132 7055
f 7055 2133 7056
f 7054 7055 7056
f 2132 7057 7058
f 7057 616 6949
f 6949 2099 7058
f 7057 6949 7058
f 2099 6947 7060
f 6947 569 7059
f 7059 2133 7060
f 6947 7059 7060
f 2132 7058 7055
f 7058 2099 7060
f 7060 2133 7055
f 7058 7060 7055
f 581 7061 7063
f 7061 2134 7062
f 7062 2136 7063
f 7061 7062 7063
f 2134 7064 7066
f 7064 647 7065
f 7065 2135 7066
f 7064 7065 7066
f 2135 7067 7069
f 7067 648 7068
f 7068 2136 7069
f 7067 7068 7069
f 2134 7066 7062
f 7066 2135 7069
f 7069 2136 7062
f 7066 7069 7062
f 649 7070 7072
f 7070 2137 7071
f 7071 2139 7072
f 7070 7071 7072
f 2137 7073 7075
f 7073 487 7074
f 7074 2138 7075
f 7073 7074 7075
f 2138 7076 7078
f 7076 650 7077
f 7077 2139 7078
f 7076 7077 7078
f 2137 7075 7071
f 7075 2138 7078
f 7078 2139 7071
f 7075 7078 7071
f 481 7079 7081
f 7079 2140 7080
f 7080 2141 7081
f 7079 7080 7081
f 2140 7082 7083
f 7082 405 5244
f 5244 1625 7083
f 7082 5244 7083
f 1625 5242 7085
f 5242 386 7084
f 7084 2141 7085
f 5242 7084 7085
f 2140 7083 7080
f 7083 1625 7085
f 7085 2141 7080
f 7083 7085 7080
f 651 544 474
f 652 7086 7088
f 7086 2142 7087
f 7087 2144 7088
f 7086 7087 7088
f 2142 7089 7091
f 7089 240 7090
f 7090 2143 7091
f 7089 7090 7091
f 2143 7092 7094
f 7092 643 7093
f 7093 2144 7094
f 7092 7093 7094
f 2142 7091 7087
f 7091 2143 7094
f 7094 2144 7087
f 7091 7094 7087
f 520 519 474
f 620 6825 7096
f 6825 2061 7095
f 7095 2146 7096
f 6825 7095 7096
f 2061 6822 7098
f 6822 595 7097
f 7097 2145 7098
f 6822 7097 7098
f 2145 7099 7101
f 7099 653 7100
f 7100 2146 7101
f 7099 7100 7101
f 2061 7098 7095
f 7098 2145 7101
f 7101 2146 7095
f 7098 7101 7095
f 529 7102 7104
f 7102 2147 7103
f 7103 2149 7104
f 7102 7103 7104
f 2147 7105 7107
f 7105 567 7106
f 7106 2148 7107
f 7105 7106 7107
f 2148 7108 7110
f 7108 654 7109
f 7109 2149 7110
f 7108 7109 7110
f 2147 7107 7103
f 7107 2148 7110
f 7110 2149 7103
f 7107 7110 7103
f 575 6629 7112
f 6629 1995 7111
f 7111 2151 7112
f 6629 7111 7112
f 1995 6627 7114
f 6627 405 7113
f 7113 2150 7114
f 6627 7113 7114
f 2150 7115 7117
f 7115 581 7116
f 7116 2151 7117
f 7115 7116 7117
f 1995 7114 7111
f 7114 2150 7117
f 7117 2151 7111
f 7114 7117 7111
f 372 6302 4768
f 6302 1884 7118
f 7118 1488 4768
f 6302 7118 4768
f 1884 6299 7119
f 6299 481 7081
f 7081 2141 7119
f 6299 7081 7119
f 2141 7084 7120
f 7084 386 4770
f 4770 1488 7120
f 7084 4770 7120
f 1884 7119 7118
f 7119 2141 7120
f 7120 1488 7118
f 7119 7120 7118
f 524 6435 7122
f 6435 1929 7121
f 7121 2153 7122
f 6435 7121 7122
f 1929 6433 7124
f 6433 478 7123
f 7123 2152 7124
f 6433 7123 7124
f 2152 7125 7127
f 7125 655 7126
f 7126 2153 7127
f 7125 7126 7127
f 1929 7124 7121
f 7124 2152 7127
f 7127 2153 7121
f 7124 7127 7121
f 656 7128 7130
f 7128 2154 7129
f 7129 2155 7130
f 7128 7129 7130
f 2154 7131 7132
f 7131 512 6401
f 6401 1917 7132
f 7131 6401 7132
f 1917 6398 7134
f 6398 510 7133
f 7133 2155 7134
f 6398 7133 7134
f 2154 7132 7129
f 7132 1917 7134
f 7134 2155 7129
f 7132 7134 7129
f 509 6866 7136
f 6866 2072 7135
f 7135 2157 7136
f 6866 7135 7136
f 2072 6864 7138
f 6864 626 7137
f 7137 2156 7138
f 6864 7137 7138
f 2156 7139 7141
f 7139 656 7140
f 7140 2157 7141
f 7139 7140 7141
f 2072 7138 7135
f 7138 2156 7141
f 7141 2157 7135
f 7138 7141 7135
f 530 7142 6465
f 7142 2158 7143
f 7143 1939 6465
f 7142 7143 6465
f 2158 7144 7146
f 7144 657 7145
f 7145 2159 7146
f 7144 7145 7146
f 2159 7147 7148
f 7147 528 6460
f 6460 1939 7148
f 7147 6460 7148
f 2158 7146 7143
f 7146 2159 7148
f 7148 1939 7143
f 7146 7148 7143
f 606 500 6760
f 500 2038 6760
f 500 607 6763
f 6763 2038 500
f 545 2160 6502
f 7149 1953 6502
f 2160 7149 6502
f 2160 7150 7151
f 7150 606 543
f 7150 543 7151
f 543 1953 7152
f 2160 7151 7149
f 7151 543 7152
f 7152 1953 7149
f 7151 7152 7149
f 623 2161 7153
f 622 623 7153
f 476 2161 623
f 639 7154 7156
f 7154 2162 7155
f 7155 2164 7156
f 7154 7155 7156
f 2162 7157 7159
f 7157 516 7158
f 7158 2163 7159
f 7157 7158 7159
f 2163 7160 7162
f 7160 658 7161
f 7161 2164 7162
f 7160 7161 7162
f 2162 7159 7155
f 7159 2163 7162
f 7162 2164 7155
f 7159 7162 7155
f 646 7032 7164
f 7032 2126 7163
f 7163 2166 7164
f 7032 7163 7164
f 2126 7030 7166
f 7030 618 7165
f 7165 2165 7166
f 7030 7165 7166
f 2165 7167 7169
f 7167 659 7168
f 7168 2166 7169
f 7167 7168 7169
f 2126 7166 7163
f 7166 2165 7169
f 7169 2166 7163
f 7166 7169 7163
f 599 7170 7172
f 7170 2167 7171
f 7171 2169 7172
f 7170 7171 7172
f 2167 7173 7175
f 7173 637 7174
f 7174 2168 7175
f 7173 7174 7175
f 2168 7176 7178
f 7176 541 7177
f 7177 2169 7178
f 7176 7177 7178
f 2167 7175 7171
f 7175 2168 7178
f 7178 2169 7171
f 7175 7178 7171
f 660 7179 7181
f 7179 2170 7180
f 7180 2171 7181
f 7179 7180 7181
f 2170 7182 7183
f 7182 601 6736
f 6736 2030 7183
f 7182 6736 7183
f 2030 6734 7185
f 6734 600 7184
f 7184 2171 7185
f 6734 7184 7185
f 2170 7183 7180
f 7183 2030 7185
f 7185 2171 7180
f 7183 7185 7180
f 640 7186 7188
f 7186 2172 7187
f 7187 2174 7188
f 7186 7187 7188
f 2172 7189 7191
f 7189 661 7190
f 7190 2173 7191
f 7189 7190 7191
f 2173 7192 7194
f 7192 522 7193
f 7193 2174 7194
f 7192 7193 7194
f 2172 7191 7187
f 7191 2173 7194
f 7194 2174 7187
f 7191 7194 7187
f 597 6723 7196
f 6723 2028 7195
f 7195 2175 7196
f 6723 7195 7196
f 2028 6728 7197
f 6728 579 6648
f 6648 2001 7197
f 6728 6648 7197
f 2001 6646 7199
f 6646 578 7198
f 7198 2175 7199
f 6646 7198 7199
f 2028 7197 7195
f 7197 2001 7199
f 7199 2175 7195
f 7197 7199 7195
f 662 7200 7202
f 7200 2176 7201
f 7201 2178 7202
f 7200 7201 7202
f 2176 7203 7205
f 7203 589 7204
f 7204 2177 7205
f 7203 7204 7205
f 2177 7206 7208
f 7206 655 7207
f 7207 2178 7208
f 7206 7207 7208
f 2176 7205 7201
f 7205 2177 7208
f 7208 2178 7201
f 7205 7208 7201
f 637 7173 7210
f 7173 2167 7209
f 7209 2180 7210
f 7173 7209 7210
f 2167 7170 7212
f 7170 599 7211
f 7211 2179 7212
f 7170 7211 7212
f 2179 7213 7215
f 7213 663 7214
f 7214 2180 7215
f 7213 7214 7215
f 2167 7212 7209
f 7212 2179 7215
f 7215 2180 7209
f 7212 7215 7209
f 601 7182 7217
f 7182 2170 7216
f 7216 2182 7217
f 7182 7216 7217
f 2170 7179 7219
f 7179 660 7218
f 7218 2181 7219
f 7179 7218 7219
f 2181 7220 7222
f 7220 554 7221
f 7221 2182 7222
f 7220 7221 7222
f 2170 7219 7216
f 7219 2181 7222
f 7222 2182 7216
f 7219 7222 7216
f 614 7223 7224
f 7223 2183 1999
f 1999 2184 7224
f 7223 1999 7224
f 2183 7225 1999
f 7225 266 1999
f 1999 576 7226
f 7226 2184 1999
f 655 7227 7207
f 7227 2185 7228
f 7228 2178 7207
f 7227 7228 7207
f 2185 7229 7231
f 7229 612 7230
f 7230 2186 7231
f 7229 7230 7231
f 2186 7232 7233
f 7232 662 7202
f 7202 2178 7233
f 7232 7202 7233
f 2185 7231 7228
f 7231 2186 7233
f 7233 2178 7228
f 7231 7233 7228
f 541 7176 7235
f 7176 2168 7234
f 7234 2187 7235
f 7176 7234 7235
f 2168 7174 7236
f 7174 637 6938
f 6938 2098 7236
f 7174 6938 7236
f 2098 6943 7238
f 6943 489 7237
f 7237 2187 7238
f 6943 7237 7238
f 2168 7236 7234
f 7236 2098 7238
f 7238 2187 7234
f 7236 7238 7234
f 596 6846 7239
f 6846 2067 6805
f 6805 2188 7239
f 6846 6805 7239
f 2067 6844 7240
f 6844 492 6808
f 6808 2055 7240
f 6844 6808 7240
f 6805 497 7241
f 7241 2188 6805
f 2067 7240 6805
f 7240 2055 6805
f 656 7242 7244
f 7242 2189 7243
f 7243 2190 7244
f 7242 7243 7244
f 2189 7245 7246
f 7245 572 6606
f 6606 1990 7246
f 7245 6606 7246
f 1990 6611 7248
f 6611 483 7247
f 7247 2190 7248
f 6611 7247 7248
f 2189 7246 7243
f 7246 1990 7248
f 7248 2190 7243
f 7246 7248 7243
f 558 6549 7250
f 6549 1971 7249
f 7249 2191 7250
f 6549 7249 7250
f 1971 6552 7251
f 6552 516 7157
f 7157 2162 7251
f 6552 7157 7251
f 2162 7154 7253
f 7154 639 7252
f 7252 2191 7253
f 7154 7252 7253
f 1971 7251 7249
f 7251 2162 7253
f 7253 2191 7249
f 7251 7253 7249
f 624 7254 475
f 7254 2192 475
f 2192 7255 475
f 7255 628 475
f 549 6519 2193
f 6519 1959 651
f 6519 651 2193
f 1959 550 651
f 594 7256 7258
f 7256 2194 7257
f 7257 2196 7258
f 7256 7257 7258
f 2194 7259 7261
f 7259 521 7260
f 7260 2195 7261
f 7259 7260 7261
f 2195 7262 7264
f 7262 515 7263
f 7263 2196 7264
f 7262 7263 7264
f 2194 7261 7257
f 7261 2195 7264
f 7264 2196 7257
f 7261 7264 7257
f 584 7265 6667
f 7265 2197 7266
f 7266 2008 6667
f 7265 7266 6667
f 2197 7267 7269
f 7267 559 7268
f 7268 2198 7269
f 7267 7268 7269
f 2198 7270 7271
f 7270 582 6662
f 6662 2008 7271
f 7270 6662 7271
f 2197 7269 7266
f 7269 2198 7271
f 7271 2008 7266
f 7269 7271 7266
f 541 7235 7273
f 7235 2187 7272
f 7272 2200 7273
f 7235 7272 7273
f 2187 7237 7275
f 7237 489 7274
f 7274 2199 7275
f 7237 7274 7275
f 2199 7276 7278
f 7276 566 7277
f 7277 2200 7278
f 7276 7277 7278
f 2187 7275 7272
f 7275 2199 7278
f 7278 2200 7272
f 7275 7278 7272
f 326 7279 1249
f 7279 2201 1249
f 2201 7280 1249
f 7280 569 7281
f 7281 2202 1249
f 7280 7281 1249
f 2202 7282 1249
f 7282 320 1249
f 528 7283 7285
f 7283 2203 7284
f 7284 2204 7285
f 7283 7284 7285
f 2203 7286 7287
f 7286 653 7099
f 7099 2145 7287
f 7286 7099 7287
f 2145 7097 7289
f 7097 595 7288
f 7288 2204 7289
f 7097 7288 7289
f 2203 7287 7284
f 7287 2145 7289
f 7289 2204 7284
f 7287 7289 7284
f 574 6615 7044
f 6615 1991 7290
f 7290 2130 7044
f 6615 7290 7044
f 1991 6613 7292
f 6613 539 7291
f 7291 2205 7292
f 6613 7291 7292
f 2205 7293 7294
f 7293 582 7039
f 7039 2130 7294
f 7293 7039 7294
f 1991 7292 7290
f 7292 2205 7294
f 7294 2130 7290
f 7292 7294 7290
f 510 6400 6636
f 6400 1919 7295
f 7295 1997 6636
f 6400 7295 6636
f 1919 6405 7296
f 6405 513 6622
f 6622 1993 7296
f 6405 6622 7296
f 1993 6620 7297
f 6620 531 6638
f 6638 1997 7297
f 6620 6638 7297
f 1919 7296 7295
f 7296 1993 7297
f 7297 1997 7295
f 7296 7297 7295
f 653 7298 7100
f 7298 2206 7299
f 7299 2146 7100
f 7298 7299 7100
f 2206 7300 7302
f 7300 553 7301
f 7301 2207 7302
f 7300 7301 7302
f 2207 7303 7304
f 7303 620 7096
f 7096 2146 7304
f 7303 7096 7304
f 2206 7302 7299
f 7302 2207 7304
f 7304 2146 7299
f 7302 7304 7299
f 584 7305 7307
f 7305 2208 7306
f 7306 2209 7307
f 7305 7306 7307
f 2208 7308 7309
f 7308 477 6856
f 6856 2070 7309
f 7308 6856 7309
f 2070 6858 7311
f 6858 615 7310
f 7310 2209 7311
f 6858 7310 7311
f 2208 7309 7306
f 7309 2070 7311
f 7311 2209 7306
f 7309 7311 7306
f 662 7312 7314
f 7312 2210 7313
f 7313 2212 7314
f 7312 7313 7314
f 2210 7315 7317
f 7315 645 7316
f 7316 2211 7317
f 7315 7316 7317
f 2211 7318 7320
f 7318 631 7319
f 7319 2212 7320
f 7318 7319 7320
f 2210 7317 7313
f 7317 2211 7320
f 7320 2212 7313
f 7317 7320 7313
f 514 6704 6407
f 6704 2020 7321
f 7321 1920 6407
f 6704 7321 6407
f 2020 6702 7322
f 6702 594 7258
f 7258 2196 7322
f 6702 7258 7322
f 2196 7263 7323
f 7263 515 6410
f 6410 1920 7323
f 7263 6410 7323
f 2020 7322 7321
f 7322 2196 7323
f 7323 1920 7321
f 7322 7323 7321
f 536 7324 7326
f 7324 2213 7325
f 7325 2215 7326
f 7324 7325 7326
f 2213 7327 7329
f 7327 480 7328
f 7328 2214 7329
f 7327 7328 7329
f 2214 7330 7332
f 7330 659 7331
f 7331 2215 7332
f 7330 7331 7332
f 2213 7329 7325
f 7329 2214 7332
f 7332 2215 7325
f 7329 7332 7325
f 482 7333 6306
f 7333 2216 7334
f 7334 1886 6306
f 7333 7334 6306
f 2216 7335 7336
f 7335 580 6654
f 6654 2003 7336
f 7335 6654 7336
f 2003 6651 7337
f 6651 481 6301
f 6301 1886 7337
f 6651 6301 7337
f 2216 7336 7334
f 7336 2003 7337
f 7337 1886 7334
f 7336 7337 7334
f 553 7300 7339
f 7300 2206 7338
f 7338 2218 7339
f 7300 7338 7339
f 2206 7298 7341
f 7298 653 7340
f 7340 2217 7341
f 7298 7340 7341
f 2217 7342 7344
f 7342 663 7343
f 7343 2218 7344
f 7342 7343 7344
f 2206 7341 7338
f 7341 2217 7344
f 7344 2218 7338
f 7341 7344 7338
f 487 7073 7346
f 7073 2137 7345
f 7345 2220 7346
f 7073 7345 7346
f 2137 7070 7348
f 7070 649 7347
f 7347 2219 7348
f 7070 7347 7348
f 2219 7349 7351
f 7349 664 7350
f 7350 2220 7351
f 7349 7350 7351
f 2137 7348 7345
f 7348 2219 7351
f 7351 2220 7345
f 7348 7351 7345
f 596 7239 6714
f 7239 2188 7352
f 7352 2024 6714
f 7239 7352 6714
f 2188 7241 7354
f 7241 497 7353
f 7353 2221 7354
f 7241 7353 7354
f 2221 7355 7356
f 7355 535 6717
f 6717 2024 7356
f 7355 6717 7356
f 2188 7354 7352
f 7354 2221 7356
f 7356 2024 7352
f 7354 7356 7352
f 354 7357 7359
f 7357 2222 7358
f 7358 2223 7359
f 7357 7358 7359
f 2222 7360 7361
f 7360 578 6645
f 6645 2000 7361
f 7360 6645 7361
f 2000 6642 7363
f 6642 577 7362
f 7362 2223 7363
f 6642 7362 7363
f 2222 7361 7358
f 7361 2000 7363
f 7363 2223 7358
f 7361 7363 7358
f 665 7364 7366
f 7364 2224 7365
f 7365 2225 7366
f 7364 7365 7366
f 2224 7367 7368
f 7367 600 6781
f 6781 2045 7368
f 7367 6781 7368
f 2045 6779 7370
f 6779 611 7369
f 7369 2225 7370
f 6779 7369 7370
f 2224 7368 7365
f 7368 2045 7370
f 7370 2225 7365
f 7368 7370 7365
f 542 6954 7372
f 6954 2103 7371
f 7371 2226 7372
f 6954 7371 7372
f 2103 6959 7373
f 6959 529 6461
f 6461 1937 7373
f 6959 6461 7373
f 1937 6458 7375
f 6458 528 7374
f 7374 2226 7375
f 6458 7374 7375
f 2103 7373 7371
f 7373 1937 7375
f 7375 2226 7371
f 7373 7375 7371
f 562 7376 7378
f 7376 2227 7377
f 7377 2228 7378
f 7376 7377 7378
f 2227 7379 7380
f 7379 636 6946
f 6946 2100 7380
f 7379 6946 7380
f 2100 6950 7382
f 6950 616 7381
f 7381 2228 7382
f 6950 7381 7382
f 2227 7380 7377
f 7380 2100 7382
f 7382 2228 7377
f 7380 7382 7377
f 607 500 7383
f 500 2229 7383
f 624 2229 500
f 351 4211 6795
f 4211 1330 7384
f 7384 2050 6795
f 4211 7384 6795
f 1330 4207 7385
f 4207 266 7225
f 7225 2183 7385
f 4207 7225 7385
f 2183 7223 7386
f 7223 614 2050
f 7223 2050 7386
f 1330 7385 7384
f 7385 2183 7386
f 7386 2050 7384
f 7385 7386 7384
f 638 7387 6961
f 7387 2230 7388
f 7388 2104 6961
f 7387 7388 6961
f 2230 7389 7390
f 7389 558 7250
f 7250 2191 7390
f 7389 7250 7390
f 2191 7252 7391
f 7252 639 6964
f 6964 2104 7391
f 7252 6964 7391
f 2230 7390 7388
f 7390 2191 7391
f 7391 2104 7388
f 7390 7391 7388
f 487 7346 6545
f 7346 2220 7392
f 7392 1969 6545
f 7346 7392 6545
f 2220 7350 7394
f 7350 664 7393
f 7393 2231 7394
f 7350 7393 7394
f 2231 7395 7396
f 7395 557 6542
f 6542 1969 7396
f 7395 6542 7396
f 2220 7394 7392
f 7394 2231 7396
f 7396 1969 7392
f 7394 7396 7392
f 562 7397 7376
f 7397 2232 7398
f 7398 2227 7376
f 7397 7398 7376
f 2232 7399 7401
f 7399 666 7400
f 7400 2233 7401
f 7399 7400 7401
f 2233 7402 7403
f 7402 636 7379
f 7379 2227 7403
f 7402 7379 7403
f 2232 7401 7398
f 7401 2233 7403
f 7403 2227 7398
f 7401 7403 7398
f 664 7404 7406
f 7404 2234 7405
f 7405 2236 7406
f 7404 7405 7406
f 2234 7407 7409
f 7407 667 7408
f 7408 2235 7409
f 7407 7408 7409
f 2235 7410 7412
f 7410 633 7411
f 7411 2236 7412
f 7410 7411 7412
f 2234 7409 7405
f 7409 2235 7412
f 7412 2236 7405
f 7409 7412 7405
f 652 7413 7415
f 7413 2237 7414
f 7414 2238 7415
f 7413 7414 7415
f 2237 7416 7417
f 7416 546 6505
f 6505 1954 7417
f 7416 6505 7417
f 1954 6503 7419
f 6503 407 7418
f 7418 2238 7419
f 6503 7418 7419
f 2237 7417 7414
f 7417 1954 7419
f 7419 2238 7414
f 7417 7419 7414
f 484 7420 7422
f 7420 2239 7421
f 7421 2240 7422
f 7420 7421 7422
f 2239 7423 7424
f 7423 527 6451
f 6451 1936 7424
f 7423 6451 7424
f 1936 6456 7426
f 6456 502 7425
f 7425 2240 7426
f 6456 7425 7426
f 2239 7424 7421
f 7424 1936 7426
f 7426 2240 7421
f 7424 7426 7421
f 600 6733 6782
f 6733 2029 7427
f 7427 2046 6782
f 6733 7427 6782
f 2029 6730 7429
f 6730 599 7428
f 7428 2241 7429
f 6730 7428 7429
f 2241 7430 7431
f 7430 540 6777
f 6777 2046 7431
f 7430 6777 7431
f 2029 7429 7427
f 7429 2241 7431
f 7431 2046 7427
f 7429 7431 7427
f 581 7063 7116
f 7063 2136 7432
f 7432 2151 7116
f 7063 7432 7116
f 2136 7068 7434
f 7068 648 7433
f 7433 2242 7434
f 7068 7433 7434
f 2242 7435 7436
f 7435 575 7112
f 7112 2151 7436
f 7435 7112 7436
f 2136 7434 7432
f 7434 2242 7436
f 7436 2151 7432
f 7434 7436 7432
f 575 7435 7438
f 7435 2242 7437
f 7437 2244 7438
f 7435 7437 7438
f 2242 7433 7440
f 7433 648 7439
f 7439 2243 7440
f 7433 7439 7440
f 2243 7441 7443
f 7441 597 7442
f 7442 2244 7443
f 7441 7442 7443
f 2242 7440 7437
f 7440 2243 7443
f 7443 2244 7437
f 7440 7443 7437
f 667 7407 7445
f 7407 2234 7444
f 7444 2245 7445
f 7407 7444 7445
f 2234 7404 7446
f 7404 664 7349
f 7349 2219 7446
f 7404 7349 7446
f 2219 7347 7448
f 7347 649 7447
f 7447 2245 7448
f 7347 7447 7448
f 2234 7446 7444
f 7446 2219 7448
f 7448 2245 7444
f 7446 7448 7444
f 668 7449 7451
f 7449 2246 7450
f 7450 2248 7451
f 7449 7450 7451
f 2246 7452 7454
f 7452 625 7453
f 7453 2247 7454
f 7452 7453 7454
f 2247 7455 7457
f 7455 669 7456
f 7456 2248 7457
f 7455 7456 7457
f 2246 7454 7450
f 7454 2247 7457
f 7457 2248 7450
f 7454 7457 7450
f 545 500 2160
f 500 606 7150
f 7150 2160 500
f 499 564 6885
f 564 2080 6885
f 564 603 6888
f 6888 2080 564
f 474 621 475
f 489 6328 7274
f 6328 1895 7458
f 7458 2199 7274
f 6328 7458 7274
f 1895 6333 7459
f 6333 491 6582
f 6582 1980 7459
f 6333 6582 7459
f 1980 6579 7460
f 6579 566 7276
f 7276 2199 7460
f 6579 7276 7460
f 1895 7459 7458
f 7459 1980 7460
f 7460 2199 7458
f 7459 7460 7458
f 602 6994 7462
f 6994 2115 7461
f 7461 2250 7462
f 6994 7461 7462
f 2115 6998 7464
f 6998 638 7463
f 7463 2249 7464
f 6998 7463 7464
f 2249 7465 7467
f 7465 670 7466
f 7466 2250 7467
f 7465 7466 7467
f 2115 7464 7461
f 7464 2249 7467
f 7467 2250 7461
f 7464 7467 7461
f 657 7468 7470
f 7468 2251 7469
f 7469 2252 7470
f 7468 7469 7470
f 2251 7471 7472
f 7471 663 7342
f 7342 2217 7472
f 7471 7342 7472
f 2217 7340 7474
f 7340 653 7473
f 7473 2252 7474
f 7340 7473 7474
f 2251 7472 7469
f 7472 2217 7474
f 7474 2252 7469
f 7472 7474 7469
f 497 6348 7353
f 6348 1900 7475
f 7475 2221 7353
f 6348 7475 7353
f 1900 6346 7476
f 6346 337 7014
f 7014 2120 7476
f 6346 7014 7476
f 2120 7012 7477
f 7012 535 7355
f 7355 2221 7477
f 7012 7355 7477
f 1900 7476 7475
f 7476 2120 7477
f 7477 2221 7475
f 7476 7477 7475
f 507 6382 7479
f 6382 1913 7478
f 7478 2254 7479
f 6382 7478 7479
f 1913 6387 7481
f 6387 508 7480
f 7480 2253 7481
f 6387 7480 7481
f 2253 7482 7484
f 7482 671 7483
f 7483 2254 7484
f 7482 7483 7484
f 1913 7481 7478
f 7481 2253 7484
f 7484 2254 7478
f 7481 7484 7478
f 612 7485 7487
f 7485 2255 7486
f 7486 2256 7487
f 7485 7486 7487
f 2255 7488 7489
f 7488 583 7027
f 7027 2124 7489
f 7488 7027 7489
f 2124 7025 7491
f 7025 645 7490
f 7490 2256 7491
f 7025 7490 7491
f 2255 7489 7486
f 7489 2124 7491
f 7491 2256 7486
f 7489 7491 7486
f 521 7492 6424
f 7492 2257 7493
f 7493 1926 6424
f 7492 7493 6424
f 2257 7494 7495
f 7494 640 7188
f 7188 2174 7495
f 7494 7188 7495
f 2174 7193 7496
f 7193 522 6427
f 6427 1926 7496
f 7193 6427 7496
f 2257 7495 7493
f 7495 2174 7496
f 7496 1926 7493
f 7495 7496 7493
f 611 6778 6829
f 6778 2044 7497
f 7497 2063 6829
f 6778 7497 6829
f 2044 6775 7498
f 6775 540 6710
f 6710 2022 7498
f 6775 6710 7498
f 2022 6707 7499
f 6707 595 6824
f 6824 2063 7499
f 6707 6824 7499
f 2044 7498 7497
f 7498 2022 7499
f 7499 2063 7497
f 7498 7499 7497
f 672 7500 7502
f 7500 2258 7501
f 7501 2259 7502
f 7500 7501 7502
f 2258 7503 7504
f 7503 611 6828
f 6828 2062 7504
f 7503 6828 7504
f 2062 6826 7506
f 6826 620 7505
f 7505 2259 7506
f 6826 7505 7506
f 2258 7504 7501
f 7504 2062 7506
f 7506 2259 7501
f 7504 7506 7501
f 585 7507 6669
f 7507 2260 7508
f 7508 2009 6669
f 7507 7508 6669
f 2260 7509 7511
f 7509 530 7510
f 7510 2261 7511
f 7509 7510 7511
f 2261 7512 7513
f 7512 586 6672
f 6672 2009 7513
f 7512 6672 7513
f 2260 7511 7508
f 7511 2261 7513
f 7513 2009 7508
f 7511 7513 7508
f 405 7082 7113
f 7082 2140 7514
f 7514 2150 7113
f 7082 7514 7113
f 2140 7079 7515
f 7079 481 6653
f 6653 2005 7515
f 7079 6653 7515
f 2005 6658 7516
f 6658 581 7115
f 7115 2150 7516
f 6658 7115 7516
f 2140 7515 7514
f 7515 2005 7516
f 7516 2150 7514
f 7515 7516 7514
f 604 7517 7519
f 7517 2262 7518
f 7518 2264 7519
f 7517 7518 7519
f 2262 7520 7522
f 7520 617 7521
f 7521 2263 7522
f 7520 7521 7522
f 2263 7523 7525
f 7523 673 7524
f 7524 2264 7525
f 7523 7524 7525
f 2262 7522 7518
f 7522 2263 7525
f 7525 2264 7518
f 7522 7525 7518
f 631 7526 7319
f 7526 2265 7527
f 7527 2212 7319
f 7526 7527 7319
f 2265 7528 7530
f 7528 674 7529
f 7529 2266 7530
f 7528 7529 7530
f 2266 7531 7532
f 7531 662 7314
f 7314 2212 7532
f 7531 7314 7532
f 2265 7530 7527
f 7530 2266 7532
f 7532 2212 7527
f 7530 7532 7527
f 538 6486 7534
f 6486 1946 7533
f 7533 2268 7534
f 6486 7533 7534
f 1946 6483 7536
f 6483 537 7535
f 7535 2267 7536
f 6483 7535 7536
f 2267 7537 7539
f 7537 675 7538
f 7538 2268 7539
f 7537 7538 7539
f 1946 7536 7533
f 7536 2267 7539
f 7539 2268 7533
f 7536 7539 7533
f 172 7540 4611
f 7540 2269 7541
f 7541 1446 4611
f 7540 7541 4611
f 2269 7542 7544
f 7542 578 7543
f 7543 2270 7544
f 7542 7543 7544
f 2270 7545 7546
f 7545 377 4613
f 4613 1446 7546
f 7545 4613 7546
f 2269 7544 7541
f 7544 2270 7546
f 7546 1446 7541
f 7544 7546 7541
f 634 7547 7549
f 7547 2271 7548
f 7548 2273 7549
f 7547 7548 7549
f 2271 7550 7552
f 7550 670 7551
f 7551 2272 7552
f 7550 7551 7552
f 2272 7553 7555
f 7553 594 7554
f 7554 2273 7555
f 7553 7554 7555
f 2271 7552 7548
f 7552 2272 7555
f 7555 2273 7548
f 7552 7555 7548
f 550 7556 7557
f 7556 2274 1967
f 1967 2275 7557
f 7556 1967 7557
f 2274 7558 1967
f 7558 556 1967
f 1967 544 7559
f 7559 2275 1967
f 669 7560 7562
f 7560 2276 7561
f 7561 2277 7562
f 7560 7561 7562
f 2276 7563 7564
f 7563 630 6882
f 6882 2078 7564
f 7563 6882 7564
f 2078 6880 7566
f 6880 629 7565
f 7565 2277 7566
f 6880 7565 7566
f 2276 7564 7561
f 7564 2078 7566
f 7566 2277 7561
f 7564 7566 7561
f 550 500 7556
f 500 2274 7556
f 500 556 7558
f 7558 2274 500
f 655 7567 7126
f 7567 2278 7568
f 7568 2153 7126
f 7567 7568 7126
f 2278 7569 7571
f 7569 591 7570
f 7570 2279 7571
f 7569 7570 7571
f 2279 7572 7573
f 7572 524 7122
f 7122 2153 7573
f 7572 7122 7573
f 2278 7571 7568
f 7571 2279 7573
f 7573 2153 7568
f 7571 7573 7568
f 552 7574 7576
f 7574 2280 7575
f 7575 2281 7576
f 7574 7575 7576
f 2280 7577 7578
f 7577 347 4573
f 4573 1434 7578
f 7577 4573 7578
f 1434 4571 7580
f 4571 373 7579
f 7579 2281 7580
f 4571 7579 7580
f 2280 7578 7575
f 7578 1434 7580
f 7580 2281 7575
f 7578 7580 7575
f 554 6532 7221
f 6532 1963 7581
f 7581 2182 7221
f 6532 7581 7221
f 1963 6529 7583
f 6529 553 7582
f 7582 2282 7583
f 6529 7582 7583
f 2282 7584 7585
f 7584 601 7217
f 7217 2182 7585
f 7584 7217 7585
f 1963 7583 7581
f 7583 2282 7585
f 7585 2182 7581
f 7583 7585 7581
f 565 564 474
f 500 676 2283
f 2283 518 500
f 578 7360 7543
f 7360 2222 7586
f 7586 2270 7543
f 7360 7586 7543
f 2222 7357 7587
f 7357 354 4798
f 4798 1496 7587
f 7357 4798 7587
f 1496 4800 7588
f 4800 377 7545
f 7545 2270 7588
f 4800 7545 7588
f 2222 7587 7586
f 7587 1496 7588
f 7588 2270 7586
f 7587 7588 7586
f 555 7589 6536
f 7589 2284 7590
f 7590 1965 6536
f 7589 7590 6536
f 2284 7591 7592
f 7591 620 7303
f 7303 2207 7592
f 7591 7303 7592
f 2207 7301 7593
f 7301 553 6531
f 6531 1965 7593
f 7301 6531 7593
f 2284 7592 7590
f 7592 2207 7593
f 7593 1965 7590
f 7592 7593 7590
f 559 7267 7595
f 7267 2197 7594
f 7594 2286 7595
f 7267 7594 7595
f 2197 7265 7597
f 7265 584 7596
f 7596 2285 7597
f 7265 7596 7597
f 2285 7598 7600
f 7598 677 7599
f 7599 2286 7600
f 7598 7599 7600
f 2197 7597 7594
f 7597 2285 7600
f 7600 2286 7594
f 7597 7600 7594
f 496 6343 7602
f 6343 1898 7601
f 7601 2288 7602
f 6343 7601 7602
f 1898 6341 7604
f 6341 495 7603
f 7603 2287 7604
f 6341 7603 7604
f 2287 7605 7607
f 7605 590 7606
f 7606 2288 7607
f 7605 7606 7607
f 1898 7604 7601
f 7604 2287 7607
f 7607 2288 7601
f 7604 7607 7601
f 173 7608 7610
f 7608 2289 7609
f 7609 2291 7610
f 7608 7609 7610
f 2289 7611 7613
f 7611 570 7612
f 7612 2290 7613
f 7611 7612 7613
f 2290 7614 7616
f 7614 644 7615
f 7615 2291 7616
f 7614 7615 7616
f 2289 7613 7609
f 7613 2290 7616
f 7616 2291 7609
f 7613 7616 7609
f 564 472 7617
f 7617 2292 564
f 2292 7618 564
f 7618 603 564
f 656 7244 7128
f 7244 2190 7619
f 7619 2154 7128
f 7244 7619 7128
f 2190 7247 7620
f 7247 483 6513
f 6513 1958 7620
f 7247 6513 7620
f 1958 6517 7621
f 6517 512 7131
f 7131 2154 7621
f 6517 7131 7621
f 2190 7620 7619
f 7620 1958 7621
f 7621 2154 7619
f 7620 7621 7619
f 513 7622 6623
f 7622 2293 7623
f 7623 1994 6623
f 7622 7623 6623
f 2293 7624 7626
f 7624 671 7625
f 7625 2294 7626
f 7624 7625 7626
f 2294 7627 7628
f 7627 532 6625
f 6625 1994 7628
f 7627 6625 7628
f 2293 7626 7623
f 7626 2294 7628
f 7628 1994 7623
f 7626 7628 7623
f 629 6879 7630
f 6879 2077 7629
f 7629 2296 7630
f 6879 7629 7630
f 2077 6876 7632
f 6876 573 7631
f 7631 2295 7632
f 6876 7631 7632
f 2295 7633 7635
f 7633 678 7634
f 7634 2296 7635
f 7633 7634 7635
f 2077 7632 7629
f 7632 2295 7635
f 7635 2296 7629
f 7632 7635 7629
f 676 7636 2283
f 7636 2297 2283
f 2297 7637 2283
f 7637 519 6423
f 6423 1925 2283
f 7637 6423 2283
f 1925 518 2283
f 320 7638 4242
f 7638 2298 7639
f 7639 1338 4242
f 7638 7639 4242
f 2298 7640 7642
f 7640 571 7641
f 7641 2299 7642
f 7640 7641 7642
f 2299 7643 7644
f 7643 173 4237
f 4237 1338 7644
f 7643 4237 7644
f 2298 7642 7639
f 7642 2299 7644
f 7644 1338 7639
f 7642 7644 7639
f 628 2121 2076
f 2121 622 7153
f 7153 2161 2121
f 2161 476 2121
f 476 2076 2121
f 670 7645 7647
f 7645 2300 7646
f 7646 2301 7647
f 7645 7646 7647
f 2300 7648 7649
f 7648 640 7494
f 7494 2257 7649
f 7648 7494 7649
f 2257 7492 7651
f 7492 521 7650
f 7650 2301 7651
f 7492 7650 7651
f 2300 7649 7646
f 7649 2257 7651
f 7651 2301 7646
f 7649 7651 7646
f 546 7652 6527
f 7652 2302 7653
f 7653 1962 6527
f 7652 7653 6527
f 2302 7654 7656
f 7654 659 7655
f 7655 2303 7656
f 7654 7655 7656
f 2303 7657 7658
f 7657 551 6522
f 6522 1962 7658
f 7657 6522 7658
f 2302 7656 7653
f 7656 2303 7658
f 7658 1962 7653
f 7656 7658 7653
f 540 7430 6492
f 7430 2241 7659
f 7659 1949 6492
f 7430 7659 6492
f 2241 7428 7660
f 7428 599 7172
f 7172 2169 7660
f 7428 7172 7660
f 2169 7177 7661
f 7177 541 6495
f 6495 1949 7661
f 7177 6495 7661
f 2241 7660 7659
f 7660 2169 7661
f 7661 1949 7659
f 7660 7661 7659
f 657 7144 7663
f 7144 2158 7662
f 7662 2304 7663
f 7144 7662 7663
f 2158 7142 7664
f 7142 530 7509
f 7509 2260 7664
f 7142 7509 7664
f 2260 7507 7666
f 7507 585 7665
f 7665 2304 7666
f 7507 7665 7666
f 2158 7664 7662
f 7664 2260 7666
f 7666 2304 7662
f 7664 7666 7662
f 626 7667 7669
f 7667 2305 7668
f 7668 2307 7669
f 7667 7668 7669
f 2305 7670 7672
f 7670 679 7671
f 7671 2306 7672
f 7670 7671 7672
f 2306 7673 7675
f 7673 572 7674
f 7674 2307 7675
f 7673 7674 7675
f 2305 7672 7668
f 7672 2306 7675
f 7675 2307 7668
f 7672 7675 7668
f 572 7676 6604
f 7676 2308 7677
f 7677 1988 6604
f 7676 7677 6604
f 2308 7678 7679
f 7678 678 7633
f 7633 2295 7679
f 7678 7633 7679
f 2295 7631 7680
f 7631 573 6607
f 6607 1988 7680
f 7631 6607 7680
f 2308 7679 7677
f 7679 2295 7680
f 7680 1988 7677
f 7679 7680 7677
f 171 3087 7004
f 3087 973 7681
f 7681 2117 7004
f 3087 7681 7004
f 973 3092 7682
f 3092 173 7610
f 7610 2291 7682
f 3092 7610 7682
f 2291 7615 7683
f 7615 644 7006
f 7006 2117 7683
f 7615 7006 7683
f 973 7682 7681
f 7682 2291 7683
f 7683 2117 7681
f 7682 7683 7681
f 544 651 7559
f 7684 2275 7559
f 651 7684 7559
f 651 550 7557
f 7557 2275 7685
f 651 7557 7685
f 7685 2275 7684
f 651 7685 7684
f 520 534 7686
f 7686 2309 520
f 2309 7687 520
f 7687 518 520
f 534 2310 623
f 2310 476 623
f 527 7688 6746
f 7688 2311 7689
f 7689 2034 6746
f 7688 7689 6746
f 2311 7690 7691
f 7690 625 6862
f 6862 2073 7691
f 7690 6862 7691
f 2073 6867 7692
f 6867 509 6748
f 6748 2034 7692
f 6867 6748 7692
f 2311 7691 7689
f 7691 2073 7692
f 7692 2034 7689
f 7691 7692 7689
f 605 7693 7695
f 7693 2312 7694
f 7694 2314 7695
f 7693 7694 7695
f 2312 7696 7698
f 7696 673 7697
f 7697 2313 7698
f 7696 7697 7698
f 2313 7699 7701
f 7699 680 7700
f 7700 2314 7701
f 7699 7700 7701
f 2312 7698 7694
f 7698 2313 7701
f 7701 2314 7694
f 7698 7701 7694
f 581 6657 7061
f 6657 2004 7702
f 7702 2134 7061
f 6657 7702 7061
f 2004 6655 7704
f 6655 580 7703
f 7703 2315 7704
f 6655 7703 7704
f 2315 7705 7706
f 7705 647 7064
f 7064 2134 7706
f 7705 7064 7706
f 2004 7704 7702
f 7704 2315 7706
f 7706 2134 7702
f 7704 7706 7702
f 566 6955 7277
f 6955 2101 7707
f 7707 2200 7277
f 6955 7707 7277
f 2101 6952 7708
f 6952 542 6498
f 6498 1950 7708
f 6952 6498 7708
f 1950 6496 7709
f 6496 541 7273
f 7273 2200 7709
f 6496 7273 7709
f 2101 7708 7707
f 7708 1950 7709
f 7709 2200 7707
f 7708 7709 7707
f 620 7591 7505
f 7591 2284 7710
f 7710 2259 7505
f 7591 7710 7505
f 2284 7589 7712
f 7589 555 7711
f 7711 2316 7712
f 7589 7711 7712
f 2316 7713 7714
f 7713 672 7502
f 7502 2259 7714
f 7713 7502 7714
f 2284 7712 7710
f 7712 2316 7714
f 7714 2259 7710
f 7712 7714 7710
f 488 6543 7716
f 6543 1968 7715
f 7715 2317 7716
f 6543 7715 7716
f 1968 6540 7717
f 6540 557 6850
f 6850 2069 7717
f 6540 6850 7717
f 2069 6853 7719
f 6853 558 7718
f 7718 2317 7719
f 6853 7718 7719
f 1968 7717 7715
f 7717 2069 7719
f 7719 2317 7715
f 7717 7719 7715
f 664 7406 7721
f 7406 2236 7720
f 7720 2319 7721
f 7406 7720 7721
f 2236 7411 7723
f 7411 633 7722
f 7722 2318 7723
f 7411 7722 7723
f 2318 7724 7726
f 7724 593 7725
f 7725 2319 7726
f 7724 7725 7726
f 2236 7723 7720
f 7723 2318 7726
f 7726 2319 7720
f 7723 7726 7720
f 645 7315 7490
f 7315 2210 7727
f 7727 2256 7490
f 7315 7727 7490
f 2210 7312 7728
f 7312 662 7232
f 7232 2186 7728
f 7312 7232 7728
f 2186 7230 7729
f 7230 612 7487
f 7487 2256 7729
f 7230 7487 7729
f 2210 7728 7727
f 7728 2186 7729
f 7729 2256 7727
f 7728 7729 7727
f 502 6365 7425
f 6365 1905 7730
f 7730 2240 7425
f 6365 7730 7425
f 1905 6362 7731
f 6362 485 6314
f 6314 1888 7731
f 6362 6314 7731
f 1888 6312 7732
f 6312 484 7422
f 7422 2240 7732
f 6312 7422 7732
f 1905 7731 7730
f 7731 1888 7732
f 7732 2240 7730
f 7731 7732 7730
f 529 7104 6462
f 7104 2149 7733
f 7733 1938 6462
f 7104 7733 6462
f 2149 7109 7735
f 7109 654 7734
f 7734 2320 7735
f 7109 7734 7735
f 2320 7736 7737
f 7736 530 6464
f 6464 1938 7737
f 7736 6464 7737
f 2149 7735 7733
f 7735 2320 7737
f 7737 1938 7733
f 7735 7737 7733
f 612 7229 6789
f 7229 2185 7738
f 7738 2048 6789
f 7229 7738 6789
f 2185 7227 7739
f 7227 655 7125
f 7125 2152 7739
f 7227 7125 7739
f 2152 7123 7740
f 7123 478 6785
f 6785 2048 7740
f 7123 6785 7740
f 2185 7739 7738
f 7739 2152 7740
f 7740 2048 7738
f 7739 7740 7738
f 641 6971 681
f 6971 2107 2193
f 6971 2193 681
f 2107 6970 2193
f 6970 501 2193
f 601 7741 6737
f 7741 2321 7742
f 7742 2031 6737
f 7741 7742 6737
f 2321 7743 7744
f 7743 663 7213
f 7213 2179 7744
f 7743 7213 7744
f 2179 7211 7745
f 7211 599 6732
f 6732 2031 7745
f 7211 6732 7745
f 2321 7744 7742
f 7744 2179 7745
f 7745 2031 7742
f 7744 7745 7742
f 505 6374 7747
f 6374 1908 7746
f 7746 2322 7747
f 6374 7746 7747
f 1908 6371 7748
f 6371 504 6446
f 6446 1932 7748
f 6371 6446 7748
f 1932 6444 7750
f 6444 526 7749
f 7749 2322 7750
f 6444 7749 7750
f 1908 7748 7746
f 7748 1932 7750
f 7750 2322 7746
f 7748 7750 7746
f 591 7569 6687
f 7569 2278 7751
f 7751 2015 6687
f 7569 7751 6687
f 2278 7567 7752
f 7567 655 7206
f 7206 2177 7752
f 7567 7206 7752
f 2177 7204 7753
f 7204 589 6682
f 6682 2015 7753
f 7204 6682 7753
f 2278 7752 7751
f 7752 2177 7753
f 7753 2015 7751
f 7752 7753 7751
f 590 6683 7606
f 6683 2013 7754
f 7754 2288 7606
f 6683 7754 7606
f 2013 6680 7756
f 6680 589 7755
f 7755 2323 7756
f 6680 7755 7756
f 2323 7757 7758
f 7757 496 7602
f 7602 2288 7758
f 7757 7602 7758
f 2013 7756 7754
f 7756 2323 7758
f 7758 2288 7754
f 7756 7758 7754
f 516 6413 7760
f 6413 1921 7759
f 7759 2324 7760
f 6413 7759 7760
f 1921 6411 7761
f 6411 515 6912
f 6912 2090 7761
f 6411 6912 7761
f 2090 6917 7763
f 6917 635 7762
f 7762 2324 7763
f 6917 7762 7763
f 1921 7761 7759
f 7761 2090 7763
f 7763 2324 7759
f 7761 7763 7759
f 529 6958 7102
f 6958 2102 7764
f 7764 2147 7102
f 6958 7764 7102
f 2102 6956 7765
f 6956 566 6581
f 6581 1982 7765
f 6956 6581 7765
f 1982 6586 7766
f 6586 567 7105
f 7105 2147 7766
f 6586 7105 7766
f 2102 7765 7764
f 7765 1982 7766
f 7766 2147 7764
f 7765 7766 7764
f 640 6967 7186
f 6967 2105 7767
f 7767 2172 7186
f 6967 7767 7186
f 2105 6965 7769
f 6965 639 7768
f 7768 2325 7769
f 6965 7768 7769
f 2325 7770 7771
f 7770 661 7189
f 7189 2172 7771
f 7770 7189 7771
f 2105 7769 7767
f 7769 2325 7771
f 7771 2172 7767
f 7769 7771 7767
f 604 6754 7773
f 6754 2035 7772
f 7772 2327 7773
f 6754 7772 7773
f 2035 6751 7775
f 6751 603 7774
f 7774 2326 7775
f 6751 7774 7775
f 2326 7776 7778
f 7776 471 7777
f 7777 2327 7778
f 7776 7777 7778
f 2035 7775 7772
f 7775 2326 7778
f 7778 2327 7772
f 7775 7778 7772
f 633 7779 6901
f 7779 2328 7780
f 7780 2085 6901
f 7779 7780 6901
f 2328 7781 7782
f 7781 610 6772
f 6772 2042 7782
f 7781 6772 7782
f 2042 6770 7783
f 6770 609 6904
f 6904 2085 7783
f 6770 6904 7783
f 2328 7782 7780
f 7782 2042 7783
f 7783 2085 7780
f 7782 7783 7780
f 516 7760 7158
f 7760 2324 7784
f 7784 2163 7158
f 7760 7784 7158
f 2324 7762 7786
f 7762 635 7785
f 7785 2329 7786
f 7762 7785 7786
f 2329 7787 7788
f 7787 658 7160
f 7160 2163 7788
f 7787 7160 7788
f 2324 7786 7784
f 7786 2329 7788
f 7788 2163 7784
f 7786 7788 7784
f 585 6939 7665
f 6939 2096 7789
f 7789 2304 7665
f 6939 7789 7665
f 2096 6936 7791
f 6936 637 7790
f 7790 2330 7791
f 6936 7790 7791
f 2330 7792 7793
f 7792 657 7663
f 7663 2304 7793
f 7792 7663 7793
f 2096 7791 7789
f 7791 2330 7793
f 7793 2304 7789
f 7791 7793 7789
f 583 7488 7795
f 7488 2255 7794
f 7794 2331 7795
f 7488 7794 7795
f 2255 7485 7796
f 7485 612 6788
f 6788 2047 7796
f 7485 6788 7796
f 2047 6786 7798
f 6786 477 7797
f 7797 2331 7798
f 6786 7797 7798
f 2255 7796 7794
f 7796 2047 7798
f 7798 2331 7794
f 7796 7798 7794
f 502 6455 7052
f 6455 1935 7799
f 7799 2131 7052
f 6455 7799 7052
f 1935 6453 7801
f 6453 511 7800
f 7800 2332 7801
f 6453 7800 7801
f 2332 7802 7803
f 7802 568 7050
f 7050 2131 7803
f 7802 7050 7803
f 1935 7801 7799
f 7801 2332 7803
f 7803 2131 7799
f 7801 7803 7799
f 600 7367 7184
f 7367 2224 7804
f 7804 2171 7184
f 7367 7804 7184
f 2224 7364 7806
f 7364 665 7805
f 7805 2333 7806
f 7364 7805 7806
f 2333 7807 7808
f 7807 660 7181
f 7181 2171 7808
f 7807 7181 7808
f 2224 7806 7804
f 7806 2333 7808
f 7808 2171 7804
f 7806 7808 7804
f 632 7809 7811
f 7809 2334 7810
f 7810 2336 7811
f 7809 7810 7811
f 2334 7812 7814
f 7812 675 7813
f 7813 2335 7814
f 7812 7813 7814
f 2335 7815 7817
f 7815 560 7816
f 7816 2336 7817
f 7815 7816 7817
f 2334 7814 7810
f 7814 2335 7817
f 7817 2336 7810
f 7814 7817 7810
f 624 500 7254
f 500 2192 7254
f 7255 2192 500
f 628 7255 500
f 536 1944 7324
f 1944 2213 7324
f 1944 535 7017
f 7017 2122 7818
f 1944 7017 7818
f 2122 7019 7819
f 7019 480 7327
f 7327 2213 7819
f 7019 7327 7819
f 7818 2122 7819
f 7819 2213 1944
f 7818 7819 1944
f 651 681 2193
f 616 7057 6804
f 7057 2132 7820
f 7820 2054 6804
f 7057 7820 6804
f 2132 7054 7821
f 7054 517 6418
f 6418 1924 7821
f 7054 6418 7821
f 1924 6421 7822
f 6421 497 6807
f 6807 2054 7822
f 6421 6807 7822
f 2132 7821 7820
f 7821 1924 7822
f 7822 2054 7820
f 7821 7822 7820
f 548 6511 6765
f 6511 1956 2337
f 2337 2040 6765
f 6511 2337 6765
f 1956 6510 2337
f 6510 547 2337
f 2337 606 6762
f 6762 2040 2337
f 588 2338 494
f 2338 563 494
f 626 7669 7137
f 7669 2307 7823
f 7823 2156 7137
f 7669 7823 7137
f 2307 7674 7824
f 7674 572 7245
f 7245 2189 7824
f 7674 7245 7824
f 2189 7242 7825
f 7242 656 7139
f 7139 2156 7825
f 7242 7139 7825
f 2307 7824 7823
f 7824 2189 7825
f 7825 2156 7823
f 7824 7825 7823
f 406 7826 5576
f 7826 2339 7827
f 7827 1707 5576
f 7826 7827 5576
f 2339 7828 7830
f 7828 597 7829
f 7829 2340 7830
f 7828 7829 7830
f 2340 7831 7832
f 7831 172 5574
f 5574 1707 7832
f 7831 5574 7832
f 2339 7830 7827
f 7830 2340 7832
f 7832 1707 7827
f 7830 7832 7827
f 564 641 474
f 670 7465 7645
f 7465 2249 7833
f 7833 2300 7645
f 7465 7833 7645
f 2249 7463 7834
f 7463 638 6963
f 6963 2106 7834
f 7463 6963 7834
f 2106 6968 7835
f 6968 640 7648
f 7648 2300 7835
f 6968 7648 7835
f 2249 7834 7833
f 7834 2106 7835
f 7835 2300 7833
f 7834 7835 7833
f 583 6663 7028
f 6663 2006 7836
f 7836 2125 7028
f 6663 7836 7028
f 2006 6660 7837
f 6660 582 7293
f 7293 2205 7837
f 6660 7293 7837
f 2205 7291 7838
f 7291 539 7023
f 7023 2125 7838
f 7291 7023 7838
f 2006 7837 7836
f 7837 2205 7838
f 7838 2125 7836
f 7837 7838 7836
f 674 7528 7840
f 7528 2265 7839
f 7839 2342 7840
f 7528 7839 7840
f 2265 7526 7842
f 7526 631 7841
f 7841 2341 7842
f 7526 7841 7842
f 2341 7843 7845
f 7843 677 7844
f 7844 2342 7845
f 7843 7844 7845
f 2265 7842 7839
f 7842 2341 7845
f 7845 2342 7839
f 7842 7845 7839
f 594 7553 7256
f 7553 2272 7846
f 7846 2194 7256
f 7553 7846 7256
f 2272 7551 7847
f 7551 670 7647
f 7647 2301 7847
f 7551 7647 7847
f 2301 7650 7848
f 7650 521 7259
f 7259 2194 7848
f 7650 7259 7848
f 2272 7847 7846
f 7847 2301 7848
f 7848 2194 7846
f 7847 7848 7846
f 240 3403 7090
f 3403 1076 7849
f 7849 2143 7090
f 3403 7849 7090
f 1076 3406 7850
f 3406 171 7003
f 7003 2116 7850
f 3406 7003 7850
f 2116 7000 7851
f 7000 643 7092
f 7092 2143 7851
f 7000 7092 7851
f 1076 7850 7849
f 7850 2116 7851
f 7851 2143 7849
f 7850 7851 7849
f 674 7852 7854
f 7852 2343 7853
f 7853 2344 7854
f 7852 7853 7854
f 2343 7855 7856
f 7855 496 7757
f 7757 2323 7856
f 7855 7757 7856
f 2323 7755 7858
f 7755 589 7857
f 7857 2344 7858
f 7755 7857 7858
f 2343 7856 7853
f 7856 2323 7858
f 7858 2344 7853
f 7856 7858 7853
f 597 7441 6721
f 7441 2243 7859
f 7859 2026 6721
f 7441 7859 6721
f 2243 7439 7861
f 7439 648 7860
f 7860 2345 7861
f 7439 7860 7861
f 2345 7862 7863
f 7862 598 6724
f 6724 2026 7863
f 7862 6724 7863
f 2243 7861 7859
f 7861 2345 7863
f 7863 2026 7859
f 7861 7863 7859
f 474 476 2310
f 2310 534 474
f 603 7618 7774
f 7618 2292 7864
f 7864 2326 7774
f 7618 7864 7774
f 2292 7617 7865
f 7617 472 6277
f 6277 1876 7865
f 7617 6277 7865
f 1876 6274 7866
f 6274 471 7776
f 7776 2326 7866
f 6274 7776 7866
f 2292 7865 7864
f 7865 1876 7866
f 7866 2326 7864
f 7865 7866 7864
f 513 7867 7622
f 7867 2346 7868
f 7868 2293 7622
f 7867 7868 7622
f 2346 7869 7870
f 7869 507 7479
f 7479 2254 7870
f 7869 7479 7870
f 2254 7483 7871
f 7483 671 7624
f 7624 2293 7871
f 7483 7624 7871
f 2346 7870 7868
f 7870 2254 7871
f 7871 2293 7868
f 7870 7871 7868
f 477 7308 7797
f 7308 2208 7872
f 7872 2331 7797
f 7308 7872 7797
f 2208 7305 7873
f 7305 584 6666
f 6666 2007 7873
f 7305 6666 7873
f 2007 6664 7874
f 6664 583 7795
f 7795 2331 7874
f 6664 7795 7874
f 2208 7873 7872
f 7873 2007 7874
f 7874 2331 7872
f 7873 7874 7872
f 630 7875 7877
f 7875 2347 7876
f 7876 2348 7877
f 7875 7876 7877
f 2347 7878 7879
f 7878 625 7690
f 7690 2311 7879
f 7878 7690 7879
f 2311 7688 7881
f 7688 527 7880
f 7880 2348 7881
f 7688 7880 7881
f 2347 7879 7876
f 7879 2311 7881
f 7881 2348 7876
f 7879 7881 7876
f 633 6903 7722
f 6903 2087 7882
f 7882 2318 7722
f 6903 7882 7722
f 2087 6908 7884
f 6908 634 7883
f 7883 2349 7884
f 6908 7883 7884
f 2349 7885 7886
f 7885 593 7724
f 7724 2318 7886
f 7885 7724 7886
f 2087 7884 7882
f 7884 2349 7886
f 7886 2318 7882
f 7884 7886 7882
f 499 6887 500
f 6887 2081 500
f 2081 6890 500
f 6890 605 500
f 615 7887 7310
f 7887 2350 7888
f 7888 2209 7310
f 7887 7888 7310
f 2350 7889 7890
f 7889 677 7598
f 7598 2285 7890
f 7889 7598 7890
f 2285 7596 7891
f 7596 584 7307
f 7307 2209 7891
f 7596 7307 7891
f 2350 7890 7888
f 7890 2285 7891
f 7891 2209 7888
f 7890 7891 7888
f 659 7167 7331
f 7167 2165 7892
f 7892 2215 7331
f 7167 7892 7331
f 2165 7165 7894
f 7165 618 7893
f 7893 2351 7894
f 7165 7893 7894
f 2351 7895 7896
f 7895 536 7326
f 7326 2215 7896
f 7895 7326 7896
f 2165 7894 7892
f 7894 2351 7896
f 7896 2215 7892
f 7894 7896 7892
f 675 7812 7538
f 7812 2334 7897
f 7897 2268 7538
f 7812 7897 7538
f 2334 7809 7898
f 7809 632 6898
f 6898 2083 7898
f 7809 6898 7898
f 2083 6896 7899
f 6896 538 7534
f 7534 2268 7899
f 6896 7534 7899
f 2334 7898 7897
f 7898 2083 7899
f 7899 2268 7897
f 7898 7899 7897
f 642 6985 7901
f 6985 2111 7900
f 7900 2352 7901
f 6985 7900 7901
f 2111 6983 7902
f 6983 568 6590
f 6590 1984 7902
f 6983 6590 7902
f 1984 6593 7904
f 6593 533 7903
f 7903 2352 7904
f 6593 7903 7904
f 2111 7902 7900
f 7902 1984 7904
f 7904 2352 7900
f 7902 7904 7900
f 168 6419 4829
f 6419 1923 7905
f 7905 1504 4829
f 6419 7905 4829
f 1923 6416 7907
f 6416 517 7906
f 7906 2353 7907
f 6416 7906 7907
f 2353 7908 7909
f 7908 326 4826
f 4826 1504 7909
f 7908 4826 7909
f 1923 7907 7905
f 7907 2353 7909
f 7909 1504 7905
f 7907 7909 7905
f 472 6836 6278
f 6836 2065 7910
f 7910 1877 6278
f 6836 7910 6278
f 2065 6834 7912
f 6834 504 7911
f 7911 2354 7912
f 6834 7911 7912
f 2354 7913 7914
f 7913 473 6280
f 6280 1877 7914
f 7913 6280 7914
f 2065 7912 7910
f 7912 2354 7914
f 7914 1877 7910
f 7912 7914 7910
f 664 7721 7393
f 7721 2319 7915
f 7915 2231 7393
f 7721 7915 7393
f 2319 7725 7917
f 7725 593 7916
f 7916 2355 7917
f 7725 7916 7917
f 2355 7918 7919
f 7918 557 7395
f 7395 2231 7919
f 7918 7395 7919
f 2319 7917 7915
f 7917 2355 7919
f 7919 2231 7915
f 7917 7919 7915
f 677 7920 7599
f 7920 2356 7921
f 7921 2286 7599
f 7920 7921 7599
f 2356 7922 7924
f 7922 632 7923
f 7923 2357 7924
f 7922 7923 7924
f 2357 7925 7926
f 7925 559 7595
f 7595 2286 7926
f 7925 7595 7926
f 2356 7924 7921
f 7924 2357 7926
f 7926 2286 7921
f 7924 7926 7921
f 645 7024 7928
f 7024 2123 7927
f 7927 2358 7928
f 7024 7927 7928
f 2123 7021 7929
f 7021 539 6489
f 6489 1947 7929
f 7021 6489 7929
f 1947 6487 7931
f 6487 538 7930
f 7930 2358 7931
f 6487 7930 7931
f 2123 7929 7927
f 7929 1947 7931
f 7931 2358 7927
f 7929 7931 7927
f 630 7563 7875
f 7563 2276 7932
f 7932 2347 7875
f 7563 7932 7875
f 2276 7560 7933
f 7560 669 7455
f 7455 2247 7933
f 7560 7455 7933
f 2247 7453 7934
f 7453 625 7878
f 7878 2347 7934
f 7453 7878 7934
f 2276 7933 7932
f 7933 2247 7934
f 7934 2347 7932
f 7933 7934 7932
f 592 7935 6693
f 7935 2359 7936
f 7936 2017 6693
f 7935 7936 6693
f 2359 7937 7938
f 7937 666 7399
f 7399 2232 7938
f 7937 7399 7938
f 2232 7397 7939
f 7397 562 6695
f 6695 2017 7939
f 7397 6695 7939
f 2359 7938 7936
f 7938 2232 7939
f 7939 2017 7936
f 7938 7939 7936
f 172 7831 7540
f 7831 2340 7940
f 7940 2269 7540
f 7831 7940 7540
f 2340 7829 7941
f 7829 597 7196
f 7196 2175 7941
f 7829 7196 7941
f 2175 7198 7942
f 7198 578 7542
f 7542 2269 7942
f 7198 7542 7942
f 2340 7941 7940
f 7941 2175 7942
f 7942 2269 7940
f 7941 7942 7940
f 563 6569 494
f 6569 1976 494
f 1976 6567 494
f 6567 492 494
f 659 7330 7655
f 7330 2214 7943
f 7943 2303 7655
f 7330 7943 7655
f 2214 7328 7945
f 7328 480 7944
f 7944 2360 7945
f 7328 7944 7945
f 2360 7946 7947
f 7946 551 7657
f 7657 2303 7947
f 7946 7657 7947
f 2214 7945 7943
f 7945 2360 7947
f 7947 2303 7943
f 7945 7947 7943
f 509 7136 6389
f 7136 2157 7948
f 7948 1914 6389
f 7136 7948 6389
f 2157 7140 7949
f 7140 656 7130
f 7130 2155 7949
f 7140 7130 7949
f 2155 7133 7950
f 7133 510 6392
f 6392 1914 7950
f 7133 6392 7950
f 2157 7949 7948
f 7949 2155 7950
f 7950 1914 7948
f 7949 7950 7948
f 663 7743 7343
f 7743 2321 7951
f 7951 2218 7343
f 7743 7951 7343
f 2321 7741 7952
f 7741 601 7584
f 7584 2282 7952
f 7741 7584 7952
f 2282 7582 7953
f 7582 553 7339
f 7339 2218 7953
f 7582 7339 7953
f 2321 7952 7951
f 7952 2282 7953
f 7953 2218 7951
f 7952 7953 7951
f 639 7156 7768
f 7156 2164 7954
f 7954 2325 7768
f 7156 7954 7768
f 2164 7161 7956
f 7161 658 7955
f 7955 2361 7956
f 7161 7955 7956
f 2361 7957 7958
f 7957 661 7770
f 7770 2325 7958
f 7957 7770 7958
f 2164 7956 7954
f 7956 2361 7958
f 7958 2325 7954
f 7956 7958 7954
f 488 7716 6995
f 7716 2317 7959
f 7959 2114 6995
f 7716 7959 6995
f 2317 7718 7960
f 7718 558 7389
f 7389 2230 7960
f 7718 7389 7960
f 2230 7387 7961
f 7387 638 6997
f 6997 2114 7961
f 7387 6997 7961
f 2317 7960 7959
f 7960 2230 7961
f 7961 2114 7959
f 7960 7961 7959
f 627 7962 494
f 7962 2362 494
f 2362 7963 494
f 7963 471 494
f 515 7262 6910
f 7262 2195 7964
f 7964 2088 6910
f 7262 7964 6910
f 2195 7260 7965
f 7260 521 6426
f 6426 1928 7965
f 7260 6426 7965
f 1928 6431 7966
f 6431 523 6913
f 6913 2088 7966
f 6431 6913 7966
f 2195 7965 7964
f 7965 1928 7966
f 7966 2088 7964
f 7965 7966 7964
f 651 474 681
f 496 7855 6802
f 7855 2343 7967
f 7967 2053 6802
f 7855 7967 6802
f 2343 7852 7969
f 7852 674 7968
f 7968 2363 7969
f 7852 7968 7969
f 2363 7970 7971
f 7970 615 6799
f 6799 2053 7971
f 7970 6799 7971
f 2343 7969 7967
f 7969 2363 7971
f 7971 2053 7967
f 7969 7971 7967
f 609 6769 6919
f 6769 2041 7972
f 7972 2091 6919
f 6769 7972 6919
f 2041 6766 7974
f 6766 608 7973
f 7973 2364 7974
f 6766 7973 7974
f 2364 7975 7976
f 7975 486 6922
f 6922 2091 7976
f 7975 6922 7976
f 2041 7974 7972
f 7974 2364 7976
f 7976 2091 7972
f 7974 7976 7972
f 650 7977 7979
f 7977 2365 7978
f 7978 2366 7979
f 7977 7978 7979
f 2365 7980 7981
f 7980 486 7975
f 7975 2364 7981
f 7980 7975 7981
f 2364 7973 7983
f 7973 608 7982
f 7982 2366 7983
f 7973 7982 7983
f 2365 7981 7978
f 7981 2364 7983
f 7983 2366 7978
f 7981 7983 7978
f 569 7280 7059
f 7280 2201 7984
f 7984 2133 7059
f 7280 7984 7059
f 2201 7279 7985
f 7279 326 7908
f 7908 2353 7985
f 7279 7908 7985
f 2353 7906 7986
f 7906 517 7056
f 7056 2133 7986
f 7906 7056 7986
f 2201 7985 7984
f 7985 2353 7986
f 7986 2133 7984
f 7985 7986 7984
f 484 6976 7420
f 6976 2108 7987
f 7987 2239 7420
f 6976 7987 7420
f 2108 6974 7988
f 6974 630 7877
f 7877 2348 7988
f 6974 7877 7988
f 2348 7880 7989
f 7880 527 7423
f 7423 2239 7989
f 7880 7423 7989
f 2108 7988 7987
f 7988 2348 7989
f 7989 2239 7987
f 7988 7989 7987
f 589 7203 7857
f 7203 2176 7990
f 7990 2344 7857
f 7203 7990 7857
f 2176 7200 7991
f 7200 662 7531
f 7531 2266 7991
f 7200 7531 7991
f 2266 7529 7992
f 7529 674 7854
f 7854 2344 7992
f 7529 7854 7992
f 2176 7991 7990
f 7991 2266 7992
f 7992 2344 7990
f 7991 7992 7990
f 652 7415 7086
f 7415 2238 7993
f 7993 2142 7086
f 7415 7993 7086
f 2238 7418 7994
f 7418 407 5413
f 5413 1662 7994
f 7418 5413 7994
f 1662 5417 7995
f 5417 240 7089
f 7089 2142 7995
f 5417 7089 7995
f 2238 7994 7993
f 7994 1662 7995
f 7995 2142 7993
f 7994 7995 7993
f 504 6833 6447
f 6833 2064 7996
f 7996 1933 6447
f 6833 7996 6447
f 2064 6831 7998
f 6831 565 7997
f 7997 2367 7998
f 6831 7997 7998
f 2367 7999 8000
f 7999 525 6442
f 6442 1933 8000
f 7999 6442 8000
f 2064 7998 7996
f 7998 2367 8000
f 8000 1933 7996
f 7998 8000 7996
f 511 6635 7800
f 6635 1998 8001
f 8001 2332 7800
f 6635 8001 7800
f 1998 6639 8002
f 6639 531 6591
f 6591 1983 8002
f 6639 6591 8002
f 1983 6588 8003
f 6588 568 7802
f 7802 2332 8003
f 6588 7802 8003
f 1998 8002 8001
f 8002 1983 8003
f 8003 2332 8001
f 8002 8003 8001
f 474 544 6501
f 474 6501 543
f 610 7781 8005
f 7781 2328 8004
f 8004 2368 8005
f 7781 8004 8005
f 2328 7779 8006
f 7779 633 7410
f 7410 2235 8006
f 7779 7410 8006
f 2235 7408 8008
f 7408 667 8007
f 8007 2368 8008
f 7408 8007 8008
f 2328 8006 8004
f 8006 2235 8008
f 8008 2368 8004
f 8006 8008 8004
f 678 7678 8010
f 7678 2308 8009
f 8009 2369 8010
f 7678 8009 8010
f 2308 7676 8011
f 7676 572 7673
f 7673 2306 8011
f 7676 7673 8011
f 2306 7671 8013
f 7671 679 8012
f 8012 2369 8013
f 7671 8012 8013
f 2308 8011 8009
f 8011 2306 8013
f 8013 2369 8009
f 8011 8013 8009
f 677 7889 7844
f 7889 2350 8014
f 8014 2342 7844
f 7889 8014 7844
f 2350 7887 8015
f 7887 615 7970
f 7970 2363 8015
f 7887 7970 8015
f 2363 7968 8016
f 7968 674 7840
f 7840 2342 8016
f 7968 7840 8016
f 2350 8015 8014
f 8015 2363 8016
f 8016 2342 8014
f 8015 8016 8014
f 576 6641 8017
f 335 2370 8017
f 6641 335 8017
f 335 682 8018
f 8018 2370 335
f 609 6921 6905
f 6921 2092 8019
f 8019 2086 6905
f 6921 8019 6905
f 2092 6924 8021
f 6924 602 8020
f 8020 2371 8021
f 6924 8020 8021
f 2371 8022 8023
f 8022 634 6907
f 6907 2086 8023
f 8022 6907 8023
f 2092 8021 8019
f 8021 2371 8023
f 8023 2086 8019
f 8021 8023 8019
f 530 7736 7510
f 7736 2320 8024
f 8024 2261 7510
f 7736 8024 7510
f 2320 7734 8026
f 7734 654 8025
f 8025 2372 8026
f 7734 8025 8026
f 2372 8027 8028
f 8027 586 7512
f 7512 2261 8028
f 8027 7512 8028
f 2320 8026 8024
f 8026 2372 8028
f 8028 2261 8024
f 8026 8028 8024
f 501 6811 2193
f 6811 2057 2193
f 2057 6812 2193
f 6812 549 2193
f 490 6329 6676
f 6329 1893 8029
f 8029 2011 6676
f 6329 8029 6676
f 1893 6326 8030
f 6326 489 6942
f 6942 2097 8030
f 6326 6942 8030
f 2097 6940 8031
f 6940 585 6671
f 6671 2011 8031
f 6940 6671 8031
f 1893 8030 8029
f 8030 2097 8031
f 8031 2011 8029
f 8030 8031 8029
f 504 6373 7911
f 6373 1910 8032
f 8032 2354 7911
f 6373 8032 7911
f 1910 6378 8034
f 6378 506 8033
f 8033 2373 8034
f 6378 8033 8034
f 2373 8035 8036
f 8035 473 7913
f 7913 2354 8036
f 8035 7913 8036
f 1910 8034 8032
f 8034 2373 8036
f 8036 2354 8032
f 8034 8036 8032
f 666 8037 8039
f 8037 2374 8038
f 8038 2376 8039
f 8037 8038 8039
f 2374 8040 8042
f 8040 646 8041
f 8041 2375 8042
f 8040 8041 8042
f 2375 8043 8045
f 8043 683 8044
f 8044 2376 8045
f 8043 8044 8045
f 2374 8042 8038
f 8042 2375 8045
f 8045 2376 8038
f 8042 8045 8038
f 547 543 2337
f 543 606 2337
f 595 6709 7288
f 6709 2023 8046
f 8046 2204 7288
f 6709 8046 7288
f 2023 6712 8047
f 6712 542 7372
f 7372 2226 8047
f 6712 7372 8047
f 2226 7374 8048
f 7374 528 7285
f 7285 2204 8048
f 7374 7285 8048
f 2023 8047 8046
f 8047 2226 8048
f 8048 2204 8046
f 8047 8048 8046
f 604 7519 6755
f 7519 2264 8049
f 8049 2036 6755
f 7519 8049 6755
f 2264 7524 8050
f 7524 673 7696
f 7696 2312 8050
f 7524 7696 8050
f 2312 7693 8051
f 7693 605 6757
f 6757 2036 8051
f 7693 6757 8051
f 2264 8050 8049
f 8050 2312 8051
f 8051 2036 8049
f 8050 8051 8049
f 503 6981 6384
f 6981 2112 8052
f 8052 1912 6384
f 6981 8052 6384
f 2112 6986 8054
f 6986 642 8053
f 8053 2377 8054
f 6986 8053 8054
f 2377 8055 8056
f 8055 508 6386
f 6386 1912 8056
f 8055 6386 8056
f 2112 8054 8052
f 8054 2377 8056
f 8056 1912 8052
f 8054 8056 8052
f 588 587 2338
f 587 563 2338
f 320 7282 7638
f 7282 2202 8057
f 8057 2298 7638
f 7282 8057 7638
f 2202 7281 8058
f 7281 569 6597
f 6597 1987 8058
f 7281 6597 8058
f 1987 6602 8059
f 6602 571 7640
f 7640 2298 8059
f 6602 7640 8059
f 2202 8058 8057
f 8058 1987 8059
f 8059 2298 8057
f 8058 8059 8057
f 617 7520 6871
f 7520 2262 8060
f 8060 2074 6871
f 7520 8060 6871
f 2262 7517 8062
f 7517 604 8061
f 8061 2378 8062
f 7517 8061 8062
f 2378 8063 8064
f 8063 627 6873
f 6873 2074 8064
f 8063 6873 8064
f 2262 8062 8060
f 8062 2378 8064
f 8064 2074 8060
f 8062 8064 8060
f 562 6565 6696
f 6565 1977 8065
f 8065 2018 6696
f 6565 8065 6696
f 1977 6570 8067
f 6570 563 8066
f 8066 2379 8067
f 6570 8066 8067
f 2379 8068 8069
f 8068 506 6691
f 6691 2018 8069
f 8068 6691 8069
f 1977 8067 8065
f 8067 2379 8069
f 8069 2018 8065
f 8067 8069 8065
f 593 7885 6698
f 7885 2349 8070
f 8070 2019 6698
f 7885 8070 6698
f 2349 7883 8071
f 7883 634 7549
f 7549 2273 8071
f 7883 7549 8071
f 2273 7554 8072
f 7554 594 6701
f 6701 2019 8072
f 7554 6701 8072
f 2349 8071 8070
f 8071 2273 8072
f 8072 2019 8070
f 8071 8072 8070
f 663 7471 7214
f 7471 2251 8073
f 8073 2180 7214
f 7471 8073 7214
f 2251 7468 8074
f 7468 657 7792
f 7792 2330 8074
f 7468 7792 8074
f 2330 7790 8075
f 7790 637 7210
f 7210 2180 8075
f 7790 7210 8075
f 2251 8074 8073
f 8074 2330 8075
f 8075 2180 8073
f 8074 8075 8073
f 473 8076 6934
f 8076 2380 8077
f 8077 2095 6934
f 8076 8077 6934
f 2380 8078 587
f 8078 563 587
f 2380 587 8077
f 587 2095 8077
f 347 7577 8080
f 7577 2280 8079
f 8079 2381 8080
f 7577 8079 8080
f 2280 7574 8081
f 7574 552 6523
f 6523 1960 8081
f 7574 6523 8081
f 1960 6520 8083
f 6520 551 8082
f 8082 2381 8083
f 6520 8082 8083
f 2280 8081 8079
f 8081 1960 8083
f 8083 2381 8079
f 8081 8083 8079
f 634 8022 7547
f 8022 2371 8084
f 8084 2271 7547
f 8022 8084 7547
f 2371 8020 8085
f 8020 602 7462
f 7462 2250 8085
f 8020 7462 8085
f 2250 7466 8086
f 7466 670 7550
f 7550 2271 8086
f 7466 7550 8086
f 2371 8085 8084
f 8085 2250 8086
f 8086 2271 8084
f 8085 8086 8084
f 557 7918 6848
f 7918 2355 8087
f 8087 2068 6848
f 7918 8087 6848
f 2355 7916 8088
f 7916 593 6700
f 6700 2021 8088
f 7916 6700 8088
f 2021 6705 8089
f 6705 514 6851
f 6851 2068 8089
f 6705 6851 8089
f 2355 8088 8087
f 8088 2021 8089
f 8089 2068 8087
f 8088 8089 8087
f 618 494 8090
f 494 2382 8090
f 494 493 8091
f 8091 2382 494
f 611 7503 7369
f 7503 2258 8092
f 8092 2225 7369
f 7503 8092 7369
f 2258 7500 8094
f 7500 672 8093
f 8093 2383 8094
f 7500 8093 8094
f 2383 8095 8096
f 8095 665 7366
f 7366 2225 8096
f 8095 7366 8096
f 2258 8094 8092
f 8094 2383 8096
f 8096 2225 8092
f 8094 8096 8092
f 512 6516 8098
f 6516 1957 8097
f 8097 2384 8098
f 6516 8097 8098
f 1957 6514 8099
f 6514 485 6989
f 6989 2113 8099
f 6514 6989 8099
f 2113 6991 8101
f 6991 507 8100
f 8100 2384 8101
f 6991 8100 8101
f 1957 8099 8097
f 8099 2113 8101
f 8101 2384 8097
f 8099 8101 8097
f 561 7040 6561
f 7040 2128 8102
f 8102 1974 6561
f 7040 8102 6561
f 2128 7037 8103
f 7037 582 7270
f 7270 2198 8103
f 7037 7270 8103
f 2198 7268 8104
f 7268 559 6556
f 6556 1974 8104
f 7268 6556 8104
f 2128 8103 8102
f 8103 2198 8104
f 8104 1974 8102
f 8103 8104 8102
f 653 7286 7473
f 7286 2203 8105
f 8105 2252 7473
f 7286 8105 7473
f 2203 7283 8106
f 7283 528 7147
f 7147 2159 8106
f 7283 7147 8106
f 2159 7145 8107
f 7145 657 7470
f 7470 2252 8107
f 7145 7470 8107
f 2203 8106 8105
f 8106 2159 8107
f 8107 2252 8105
f 8106 8107 8105
f 597 7828 7442
f 7828 2339 8108
f 8108 2244 7442
f 7828 8108 7442
f 2339 7826 8109
f 7826 406 6632
f 6632 1996 8109
f 7826 6632 8109
f 1996 6630 8110
f 6630 575 7438
f 7438 2244 8110
f 6630 7438 8110
f 2339 8109 8108
f 8109 1996 8110
f 8110 2244 8108
f 8109 8110 8108
f 623 518 7687
f 7687 2309 623
f 2309 7686 623
f 7686 534 623
f 563 8078 8066
f 8078 2380 8111
f 8111 2379 8066
f 8078 8111 8066
f 2380 8076 8112
f 8076 473 8035
f 8035 2373 8112
f 8076 8035 8112
f 2373 8033 8113
f 8033 506 8068
f 8068 2379 8113
f 8033 8068 8113
f 2380 8112 8111
f 8112 2373 8113
f 8113 2379 8111
f 8112 8113 8111
f 512 8098 6402
f 8098 2384 8114
f 8114 1918 6402
f 8098 8114 6402
f 2384 8100 8115
f 8100 507 7869
f 7869 2346 8115
f 8100 7869 8115
f 2346 7867 8116
f 7867 513 6404
f 6404 1918 8116
f 7867 6404 8116
f 2384 8115 8114
f 8115 2346 8116
f 8116 1918 8114
f 8115 8116 8114
f 607 7383 621
f 7383 2229 621
f 2229 624 621
f 494 471 6678
f 6678 2012 494
f 2012 6679 494
f 6679 588 494
f 474 641 681
f 627 494 6874
f 494 2075 6874
f 494 618 6870
f 6870 2075 494
f 538 6895 7930
f 6895 2082 8117
f 8117 2358 7930
f 6895 8117 7930
f 2082 6892 8118
f 6892 631 7318
f 7318 2211 8118
f 6892 7318 8118
f 2211 7316 8119
f 7316 645 7928
f 7928 2358 8119
f 7316 7928 8119
f 2082 8118 8117
f 8118 2211 8119
f 8119 2358 8117
f 8118 8119 8117
f 604 7773 8061
f 7773 2327 8120
f 8120 2378 8061
f 7773 8120 8061
f 2327 7777 8121
f 7777 471 7963
f 7963 2362 8121
f 7777 7963 8121
f 2362 7962 8122
f 7962 627 8063
f 8063 2378 8122
f 7962 8063 8122
f 2327 8121 8120
f 8121 2362 8122
f 8122 2378 8120
f 8121 8122 8120
f 379 8123 335
f 8123 2385 335
f 2385 8124 335
f 8124 682 335
f 480 6294 7944
f 6294 1882 8125
f 8125 2360 7944
f 6294 8125 7944
f 1882 6292 8126
f 6292 347 8080
f 8080 2381 8126
f 6292 8080 8126
f 2381 8082 8127
f 8082 551 7946
f 7946 2360 8127
f 8082 7946 8127
f 1882 8126 8125
f 8126 2381 8127
f 8127 2360 8125
f 8126 8127 8125
f 560 6557 7816
f 6557 1972 8128
f 8128 2336 7816
f 6557 8128 7816
f 1972 6554 8129
f 6554 559 7925
f 7925 2357 8129
f 6554 7925 8129
f 2357 7923 8130
f 7923 632 7811
f 7811 2336 8130
f 7923 7811 8130
f 1972 8129 8128
f 8129 2357 8130
f 8130 2336 8128
f 8129 8130 8128
f 492 6566 6809
f 6566 1975 8131
f 8131 2056 6809
f 6566 8131 6809
f 1975 6563 8132
f 6563 562 7378
f 7378 2228 8132
f 6563 7378 8132
f 2228 7381 8133
f 7381 616 6806
f 6806 2056 8133
f 7381 6806 8133
f 1975 8132 8131
f 8132 2228 8133
f 8133 2056 8131
f 8132 8133 8131
f 486 7980 6317
f 7980 2365 8134
f 8134 1890 6317
f 7980 8134 6317
f 2365 7977 8135
f 7977 650 7076
f 7076 2138 8135
f 7977 7076 8135
f 2138 7074 8136
f 7074 487 6320
f 6320 1890 8136
f 7074 6320 8136
f 2365 8135 8134
f 8135 2138 8136
f 8136 1890 8134
f 8135 8136 8134
f 679 7670 8138
f 7670 2305 8137
f 8137 2387 8138
f 7670 8137 8138
f 2305 7667 8140
f 7667 626 8139
f 8139 2386 8140
f 7667 8139 8140
f 2386 8141 8143
f 8141 668 8142
f 8142 2387 8143
f 8141 8142 8143
f 2305 8140 8137
f 8140 2386 8143
f 8143 2387 8137
f 8140 8143 8137
f 625 7452 6860
f 7452 2246 8144
f 8144 2071 6860
f 7452 8144 6860
f 2246 7449 8145
f 7449 668 8141
f 8141 2386 8145
f 7449 8141 8145
f 2386 8139 8146
f 8139 626 6863
f 6863 2071 8146
f 8139 6863 8146
f 2246 8145 8144
f 8145 2386 8146
f 8146 2071 8144
f 8145 8146 8144
f 618 8090 7893
f 8090 2382 8147
f 8147 2351 7893
f 8090 8147 7893
f 2382 8091 8148
f 8091 493 6478
f 6478 1945 8148
f 8091 6478 8148
f 1945 6481 8149
f 6481 536 7895
f 7895 2351 8149
f 6481 7895 8149
f 2382 8148 8147
f 8148 1945 8149
f 8149 2351 8147
f 8148 8149 8147
f 632 7922 6899
f 7922 2356 8150
f 8150 2084 6899
f 7922 8150 6899
f 2356 7920 8151
f 7920 677 7843
f 7843 2341 8151
f 7920 7843 8151
f 2341 7841 8152
f 7841 631 6894
f 6894 2084 8152
f 7841 6894 8152
f 2356 8151 8150
f 8151 2341 8152
f 8152 2084 8150
f 8151 8152 8150
f 684 2388 686
f 2388 685 686
f 687 8153 8154
f 8153 2389 2390
f 2390 2391 8154
f 8153 2390 8154
f 2389 8155 2390
f 8155 688 2390
f 8156 689 8157
f 8157 2391 2390
f 8156 8157 2390
f 690 8158 8160
f 8158 2392 8159
f 8159 2394 8160
f 8158 8159 8160
f 2392 8161 8163
f 8161 691 8162
f 8162 2393 8163
f 8161 8162 8163
f 2393 8164 8166
f 8164 692 8165
f 8165 2394 8166
f 8164 8165 8166
f 2392 8163 8159
f 8163 2393 8166
f 8166 2394 8159
f 8163 8166 8159
f 693 8167 2395
f 8167 694 2395
f 2395 695 693
f 696 697 8168
f 697 2396 8168
f 697 698 8169
f 8169 2396 697
f 699 2397 8171
f 8170 2399 8171
f 2397 8170 8171
f 2397 700 8172
f 8172 2398 2397
f 2398 8173 2397
f 8173 701 8174
f 8174 2399 2397
f 8173 8174 2397
f 2397 2399 8170
f 702 8175 8177
f 8175 2400 8176
f 8176 2402 8177
f 8175 8176 8177
f 2400 8178 8180
f 8178 703 8179
f 8179 2401 8180
f 8178 8179 8180
f 2401 8181 8183
f 8181 704 8182
f 8182 2402 8183
f 8181 8182 8183
f 2400 8180 8176
f 8180 2401 8183
f 8183 2402 8176
f 8180 8183 8176
f 705 8184 8186
f 8184 2403 8185
f 8185 2405 8186
f 8184 8185 8186
f 2403 8187 8189
f 8187 690 8188
f 8188 2404 8189
f 8187 8188 8189
f 2404 8190 8192
f 8190 706 8191
f 8191 2405 8192
f 8190 8191 8192
f 2403 8189 8185
f 8189 2404 8192
f 8192 2405 8185
f 8189 8192 8185
f 707 708 709
f 710 8193 8195
f 8193 2406 8194
f 8194 2408 8195
f 8193 8194 8195
f 2406 8196 8198
f 8196 711 8197
f 8197 2407 8198
f 8196 8197 8198
f 2407 8199 8201
f 8199 712 8200
f 8200 2408 8201
f 8199 8200 8201
f 2406 8198 8194
f 8198 2407 8201
f 8201 2408 8194
f 8198 8201 8194
f 691 8202 2411
f 8202 2409 8203
f 8202 8203 2411
f 2409 713 8204
f 8204 2410 8205
f 2409 8204 8205
f 2410 8206 8207
f 8206 714 2411
f 8206 2411 8207
f 2409 8205 8203
f 8205 2410 8207
f 8207 2411 8203
f 8205 8207 8203
f 715 8208 8210
f 8208 2412 8209
f 8209 2414 8210
f 8208 8209 8210
f 2412 8211 8213
f 8211 716 8212
f 8212 2413 8213
f 8211 8212 8213
f 2413 8214 8216
f 8214 717 8215
f 8215 2414 8216
f 8214 8215 8216
f 2412 8213 8209
f 8213 2413 8216
f 8216 2414 8209
f 8213 8216 8209
f 703 8217 8218
f 8217 2415 2416
f 2416 2417 8218
f 8217 2416 8218
f 2415 8219 2416
f 8219 696 2416
f 2416 718 8220
f 8220 2417 2416
f 719 2418 2420
f 2418 720 8221
f 8221 2419 8222
f 2418 8221 8222
f 2419 721 2420
f 2419 2420 2418
f 8222 2419 2418
f 722 8223 8225
f 8223 2421 8224
f 8224 2423 8225
f 8223 8224 8225
f 2421 8226 8228
f 8226 723 8227
f 8227 2422 8228
f 8226 8227 8228
f 2422 8229 8231
f 8229 724 8230
f 8230 2423 8231
f 8229 8230 8231
f 2421 8228 8224
f 8228 2422 8231
f 8231 2423 8224
f 8228 8231 8224
f 716 8232 8234
f 8232 2424 8233
f 8233 2426 8234
f 8232 8233 8234
f 2424 8235 8237
f 8235 725 8236
f 8236 2425 8237
f 8235 8236 8237
f 2425 8238 8240
f 8238 726 8239
f 8239 2426 8240
f 8238 8239 8240
f 2424 8237 8233
f 8237 2425 8240
f 8240 2426 8233
f 8237 8240 8233
f 727 8241 8243
f 8241 2427 8242
f 8242 2429 8243
f 8241 8242 8243
f 2427 8244 8246
f 8244 728 8245
f 8245 2428 8246
f 8244 8245 8246
f 2428 8247 8249
f 8247 722 8248
f 8248 2429 8249
f 8247 8248 8249
f 2427 8246 8242
f 8246 2428 8249
f 8249 2429 8242
f 8246 8249 8242
f 686 729 8250
f 8250 2430 686
f 2430 8251 686
f 8251 684 686
f 730 2431 8252
f 2431 2432 8252
f 2431 699 8171
f 8171 2399 2431
f 2399 8174 2431
f 8174 701 8253
f 8253 2432 2431
f 8174 8253 2431
f 731 732 2433
f 2433 733 731
f 709 734 707
f 691 8254 8256
f 8254 2434 8255
f 8255 2436 8256
f 8254 8255 8256
f 2434 8257 8259
f 8257 703 8258
f 8258 2435 8259
f 8257 8258 8259
f 2435 8260 8262
f 8260 735 8261
f 8261 2436 8262
f 8260 8261 8262
f 2434 8259 8255
f 8259 2435 8262
f 8262 2436 8255
f 8259 8262 8255
f 736 2437 8264
f 8263 2439 8264
f 2437 8263 8264
f 2437 737 8265
f 8265 2438 8266
f 2437 8265 8266
f 2438 738 8267
f 8267 2439 8268
f 2438 8267 8268
f 2437 8266 8263
f 8266 2438 8268
f 8268 2439 8263
f 8266 8268 8263
f 708 8269 709
f 8269 2440 709
f 2440 8270 709
f 8270 739 709
f 740 702 697
f 729 686 8271
f 686 2441 8271
f 686 719 2441
f 741 8272 8274
f 8272 2442 8273
f 8273 2444 8274
f 8272 8273 8274
f 2442 8275 8277
f 8275 742 8276
f 8276 2443 8277
f 8275 8276 8277
f 2443 8278 8280
f 8278 743 8279
f 8279 2444 8280
f 8278 8279 8280
f 2442 8277 8273
f 8277 2443 8280
f 8280 2444 8273
f 8277 8280 8273
f 744 695 2395
f 2395 694 744
f 707 734 745
f 743 8281 8283
f 8281 2445 8282
f 8282 2447 8283
f 8281 8282 8283
f 2445 8284 8286
f 8284 746 8285
f 8285 2446 8286
f 8284 8285 8286
f 2446 8287 8289
f 8287 747 8288
f 8288 2447 8289
f 8287 8288 8289
f 2445 8286 8282
f 8286 2446 8289
f 8289 2447 8282
f 8286 8289 8282
f 748 8290 8292
f 8290 2448 8291
f 8291 2450 8292
f 8290 8291 8292
f 2448 8293 8295
f 8293 749 8294
f 8294 2449 8295
f 8293 8294 8295
f 2449 8296 8298
f 8296 736 8297
f 8297 2450 8298
f 8296 8297 8298
f 2448 8295 8291
f 8295 2449 8298
f 8298 2450 8291
f 8295 8298 8291
f 705 8186 8300
f 8186 2405 8299
f 8299 2452 8300
f 8186 8299 8300
f 2405 8191 8302
f 8191 706 8301
f 8301 2451 8302
f 8191 8301 8302
f 2451 8303 8305
f 8303 692 8304
f 8304 2452 8305
f 8303 8304 8305
f 2405 8302 8299
f 8302 2451 8305
f 8305 2452 8299
f 8302 8305 8299
f 721 2453 8306
f 2453 2455 8306
f 2453 750 8307
f 8307 2454 2453
f 2454 8308 2453
f 8308 751 8309
f 8309 2455 2453
f 8308 8309 2453
f 714 8206 752
f 8206 2410 752
f 2410 8204 752
f 8204 713 752
f 753 8310 8312
f 8310 2456 8311
f 8311 2458 8312
f 8310 8311 8312
f 2456 8313 8315
f 8313 754 8314
f 8314 2457 8315
f 8313 8314 8315
f 2457 8316 8318
f 8316 755 8317
f 8317 2458 8318
f 8316 8317 8318
f 2456 8315 8311
f 8315 2457 8318
f 8318 2458 8311
f 8315 8318 8311
f 756 8319 8320
f 8319 2459 2431
f 2431 2460 8320
f 8319 2431 8320
f 2459 8321 2431
f 8321 699 2431
f 2431 730 8322
f 8322 2460 2431
f 757 8323 8325
f 8323 2461 8324
f 8324 2463 8325
f 8323 8324 8325
f 2461 8326 8327
f 8326 701 2462
f 8326 2462 8327
f 2462 688 8328
f 8328 2463 2462
f 2461 8327 8324
f 2462 2463 8324
f 8327 2462 8324
f 758 8329 8331
f 8329 2464 8330
f 8330 2466 8331
f 8329 8330 8331
f 2464 8332 8334
f 8332 759 8333
f 8333 2465 8334
f 8332 8333 8334
f 2465 8335 8337
f 8335 760 8336
f 8336 2466 8337
f 8335 8336 8337
f 2464 8334 8330
f 8334 2465 8337
f 8337 2466 8330
f 8334 8337 8330
f 761 8338 8340
f 8338 2467 8339
f 8339 2469 8340
f 8338 8339 8340
f 2467 8341 8343
f 8341 762 8342
f 8342 2468 8343
f 8341 8342 8343
f 2468 8344 8346
f 8344 719 8345
f 8345 2469 8346
f 8344 8345 8346
f 2467 8343 8339
f 8343 2468 8346
f 8346 2469 8339
f 8343 8346 8339
f 754 8347 8314
f 8347 2470 8348
f 8348 2457 8314
f 8347 8348 8314
f 2470 8349 8351
f 8349 763 8350
f 8350 2471 8351
f 8349 8350 8351
f 2471 8352 8353
f 8352 755 8316
f 8316 2457 8353
f 8352 8316 8353
f 2470 8351 8348
f 8351 2471 8353
f 8353 2457 8348
f 8351 8353 8348
f 720 2418 686
f 2418 719 686
f 704 8354 8182
f 8354 2472 8355
f 8355 2402 8182
f 8354 8355 8182
f 2472 8356 8358
f 8356 764 8357
f 8357 2473 8358
f 8356 8357 8358
f 2473 8359 8360
f 8359 702 8177
f 8177 2402 8360
f 8359 8177 8360
f 2472 8358 8355
f 8358 2473 8360
f 8360 2402 8355
f 8358 8360 8355
f 714 8361 8363
f 8361 2474 8362
f 8362 2475 8363
f 8361 8362 8363
f 2474 8364 8365
f 8364 705 8300
f 8300 2452 8365
f 8364 8300 8365
f 2452 8304 8367
f 8304 692 8366
f 8366 2475 8367
f 8304 8366 8367
f 2474 8365 8362
f 8365 2452 8367
f 8367 2475 8362
f 8365 8367 8362
f 702 8359 697
f 8359 2473 697
f 2473 8357 697
f 8357 764 697
f 765 766 767
f 687 8154 8369
f 8154 2391 8368
f 8368 2477 8369
f 8154 8368 8369
f 2391 8157 8371
f 8157 689 8370
f 8370 2476 8371
f 8157 8370 8371
f 2476 8372 8374
f 8372 754 8373
f 8373 2477 8374
f 8372 8373 8374
f 2391 8371 8368
f 8371 2476 8374
f 8374 2477 8368
f 8371 8374 8368
f 742 8375 768
f 8375 2478 768
f 2478 8376 768
f 8376 726 768
f 702 8377 8175
f 8377 2479 8378
f 8378 2400 8175
f 8377 8378 8175
f 2479 8379 8380
f 8379 735 8260
f 8260 2435 8380
f 8379 8260 8380
f 2435 8258 8381
f 8258 703 8178
f 8178 2400 8381
f 8258 8178 8381
f 2479 8380 8378
f 8380 2435 8381
f 8381 2400 8378
f 8380 8381 8378
f 720 2480 8221
f 2480 2419 8221
f 2480 750 2453
f 2453 721 2419
f 2453 2419 2480
f 769 8382 8384
f 8382 2481 8383
f 8383 2483 8384
f 8382 8383 8384
f 2481 8385 8387
f 8385 770 8386
f 8386 2482 8387
f 8385 8386 8387
f 2482 8388 8390
f 8388 741 8389
f 8389 2483 8390
f 8388 8389 8390
f 2481 8387 8383
f 8387 2482 8390
f 8390 2483 8383
f 8387 8390 8383
f 690 8160 8188
f 8160 2394 8391
f 8391 2404 8188
f 8160 8391 8188
f 2394 8165 8392
f 8165 692 8303
f 8303 2451 8392
f 8165 8303 8392
f 2451 8301 8393
f 8301 706 8190
f 8190 2404 8393
f 8301 8190 8393
f 2394 8392 8391
f 8392 2451 8393
f 8393 2404 8391
f 8392 8393 8391
f 771 8394 8396
f 8394 2484 8395
f 8395 2485 8396
f 8394 8395 8396
f 2484 8397 8398
f 8397 699 8321
f 8321 2459 8398
f 8397 8321 8398
f 2459 8319 8400
f 8319 756 8399
f 8399 2485 8400
f 8319 8399 8400
f 2484 8398 8395
f 8398 2459 8400
f 8400 2485 8395
f 8398 8400 8395
f 733 8401 8403
f 8401 2486 8402
f 8402 2487 8403
f 8401 8402 8403
f 8404 738 2438
f 2438 8265 8404
f 8265 737 8405
f 8405 2487 8404
f 8265 8405 8404
f 2486 8404 8402
f 8404 2487 8402
f 772 8406 8408
f 8406 2488 8407
f 8407 2490 8408
f 8406 8407 8408
f 2488 8409 8411
f 8409 773 8410
f 8410 2489 8411
f 8409 8410 8411
f 2489 8412 8414
f 8412 764 8413
f 8413 2490 8414
f 8412 8413 8414
f 2488 8411 8407
f 8411 2489 8414
f 8414 2490 8407
f 8411 8414 8407
f 728 8415 8417
f 8415 2491 8416
f 8416 2493 8417
f 8415 8416 8417
f 2491 8418 8420
f 8418 774 8419
f 8419 2492 8420
f 8418 8419 8420
f 2492 8421 8423
f 8421 723 8422
f 8422 2493 8423
f 8421 8422 8423
f 2491 8420 8416
f 8420 2492 8423
f 8423 2493 8416
f 8420 8423 8416
f 688 8424 2390
f 8424 2494 2390
f 2494 8425 2390
f 8425 755 8426
f 8426 2495 2390
f 8425 8426 2390
f 2495 8427 8428
f 8427 689 8156
f 8156 2390 8428
f 8427 8156 8428
f 2390 2495 8428
f 767 766 8429
f 8429 2496 767
f 2496 8430 767
f 8430 701 767
f 771 765 767
f 688 8155 8432
f 8155 2389 8431
f 8431 2498 8432
f 8155 8431 8432
f 2389 8153 8434
f 8153 687 8433
f 8433 2497 8434
f 8153 8433 8434
f 2497 8435 8437
f 8435 775 8436
f 8436 2498 8437
f 8435 8436 8437
f 2389 8434 8431
f 8434 2497 8437
f 8437 2498 8431
f 8434 8437 8431
f 738 8404 8438
f 8404 2486 2433
f 2433 2499 8438
f 8404 2433 8438
f 2486 8401 2433
f 8401 733 2433
f 2433 732 8439
f 8439 2499 2433
f 768 746 8440
f 8440 2500 768
f 2500 8441 768
f 8441 742 768
f 713 2409 8442
f 2409 2501 8442
f 8202 691 8256
f 8256 2436 2409
f 8202 8256 2409
f 2436 8261 2409
f 8261 735 8443
f 8443 2501 2409
f 8261 8443 2409
f 767 701 8326
f 8326 2461 767
f 2461 8323 767
f 8323 757 767
f 768 726 8444
f 8444 2502 768
f 2502 8445 768
f 8445 770 768
f 687 8446 8433
f 8446 2503 8447
f 8447 2497 8433
f 8446 8447 8433
f 2503 8448 8450
f 8448 753 8449
f 8449 2504 8450
f 8448 8449 8450
f 2504 8451 8452
f 8451 775 8435
f 8435 2497 8452
f 8451 8435 8452
f 2503 8450 8447
f 8450 2504 8452
f 8452 2497 8447
f 8450 8452 8447
f 747 8453 8288
f 8453 2505 8454
f 8454 2447 8288
f 8453 8454 8288
f 2505 8455 8456
f 8455 741 8274
f 8274 2444 8456
f 8455 8274 8456
f 2444 8279 8457
f 8279 743 8283
f 8283 2447 8457
f 8279 8283 8457
f 2505 8456 8454
f 8456 2444 8457
f 8457 2447 8454
f 8456 8457 8454
f 697 764 8458
f 8458 2506 697
f 2506 8459 697
f 8459 698 697
f 718 8460 8462
f 8460 2507 8461
f 8461 2509 8462
f 8460 8461 8462
f 2507 8463 8465
f 8463 698 8464
f 8464 2508 8465
f 8463 8464 8465
f 2508 8466 8468
f 8466 773 8467
f 8467 2509 8468
f 8466 8467 8468
f 2507 8465 8461
f 8465 2508 8468
f 8468 2509 8461
f 8465 8468 8461
f 765 771 8396
f 8396 2485 765
f 2485 8399 765
f 8399 756 765
f 776 8469 778
f 8469 2510 778
f 2510 8470 8472
f 8470 777 8471
f 8471 2511 8472
f 8470 8471 8472
f 2510 8472 778
f 8472 2511 778
f 759 8473 8475
f 8473 2512 8474
f 8474 2513 8475
f 8473 8474 8475
f 2512 8476 8477
f 8476 711 8196
f 8196 2406 8477
f 8476 8196 8477
f 2406 8193 8479
f 8193 710 8478
f 8478 2513 8479
f 8193 8478 8479
f 2512 8477 8474
f 8477 2406 8479
f 8479 2513 8474
f 8477 8479 8474
f 761 2514 8480
f 2514 2516 8480
f 2514 8481 8483
f 8481 684 8482
f 8482 2515 8483
f 8481 8482 8483
f 2515 8484 8486
f 8484 779 8485
f 8485 2516 8486
f 8484 8485 8486
f 8483 2515 8486
f 8486 2516 2514
f 8483 8486 2514
f 685 8487 8489
f 8487 2517 8488
f 8488 2518 8489
f 8487 8488 8489
f 2517 8490 8488
f 8490 710 8195
f 8195 2408 8488
f 8490 8195 8488
f 2408 8200 8492
f 8200 712 8491
f 8491 2518 8492
f 8200 8491 8492
f 8488 2408 8492
f 8492 2518 8488
f 688 8432 8328
f 8432 2498 8493
f 8493 2463 8328
f 8432 8493 8328
f 2498 8436 8495
f 8436 775 8494
f 8494 2519 8495
f 8436 8494 8495
f 2519 8496 8497
f 8496 757 8325
f 8325 2463 8497
f 8496 8325 8497
f 2498 8495 8493
f 8495 2519 8497
f 8497 2463 8493
f 8495 8497 8493
f 722 8225 8248
f 8225 2423 8498
f 8498 2429 8248
f 8225 8498 8248
f 2423 8230 8500
f 8230 724 8499
f 8499 2520 8500
f 8230 8499 8500
f 2520 8501 8502
f 8501 727 8243
f 8243 2429 8502
f 8501 8243 8502
f 2423 8500 8498
f 8500 2520 8502
f 8502 2429 8498
f 8500 8502 8498
f 758 8503 8505
f 8503 2521 8504
f 8504 2522 8505
f 8503 8504 8505
f 2521 8506 8507
f 8506 712 8199
f 8199 2407 8507
f 8506 8199 8507
f 2407 8197 8509
f 8197 711 8508
f 8508 2522 8509
f 8197 8508 8509
f 2521 8507 8504
f 8507 2407 8509
f 8509 2522 8504
f 8507 8509 8504
f 737 2437 8510
f 2437 2523 8510
f 2437 736 8296
f 8296 2449 2437
f 2449 8294 2437
f 8294 749 8511
f 8511 2523 2437
f 8294 8511 2437
f 771 767 8512
f 767 2524 8512
f 767 780 8513
f 8513 2524 767
f 760 2525 8514
f 2525 2527 8514
f 2525 781 8515
f 8515 2526 2525
f 2526 8516 2525
f 8516 712 8517
f 8517 2527 2525
f 8516 8517 2525
f 719 8344 2441
f 8344 2468 8518
f 8344 8518 2441
f 2468 8342 8520
f 8342 762 8519
f 8519 2528 8520
f 8342 8519 8520
f 2528 8521 8522
f 8521 729 8271
f 8271 2441 8522
f 8521 8271 8522
f 2468 8520 8518
f 8520 2528 8522
f 8522 2441 8518
f 8520 8522 8518
f 754 8372 8347
f 8372 2476 8523
f 8523 2470 8347
f 8372 8523 8347
f 2476 8370 8525
f 8370 689 8524
f 8524 2529 8525
f 8370 8524 8525
f 2529 8526 8527
f 8526 763 8349
f 8349 2470 8527
f 8526 8349 8527
f 2476 8525 8523
f 8525 2529 8527
f 8527 2470 8523
f 8525 8527 8523
f 715 8210 8529
f 8210 2414 8528
f 8528 2531 8529
f 8210 8528 8529
f 2414 8215 8531
f 8215 717 8530
f 8530 2530 8531
f 8215 8530 8531
f 2530 8532 8534
f 8532 770 8533
f 8533 2531 8534
f 8532 8533 8534
f 2414 8531 8528
f 8531 2530 8534
f 8534 2531 8528
f 8531 8534 8528
f 781 686 8535
f 686 2532 8535
f 686 685 2532
f 782 8536 2533
f 8536 783 2533
f 2533 784 8537
f 8537 782 2533
f 718 8538 8540
f 8538 2534 8539
f 8539 2536 8540
f 8538 8539 8540
f 2534 8541 8543
f 8541 772 8542
f 8542 2535 8543
f 8541 8542 8543
f 2535 8544 8546
f 8544 704 8545
f 8545 2536 8546
f 8544 8545 8546
f 2534 8543 8539
f 8543 2535 8546
f 8546 2536 8539
f 8543 8546 8539
f 695 744 8547
f 744 2537 8547
f 744 785 8548
f 8548 2537 744
f 685 2388 8549
f 2388 2539 8549
f 2388 684 8550
f 8550 2538 2388
f 2538 8551 2388
f 8551 751 8552
f 8552 2539 2388
f 8551 8552 2388
f 691 8161 2541
f 8161 2392 2540
f 8161 2540 2541
f 2392 8158 2540
f 8158 690 2540
f 2540 786 2541
f 777 2542 8471
f 2542 2511 8471
f 2542 784 778
f 778 2511 2542
f 768 770 8385
f 8385 2481 768
f 2481 8382 768
f 8382 769 768
f 787 8553 2545
f 8553 2543 2545
f 2543 8554 2545
f 8554 776 8555
f 8555 2544 2545
f 8554 8555 2545
f 2544 8556 2545
f 8556 788 2545
f 755 8352 8426
f 8352 2471 8557
f 8557 2495 8426
f 8352 8557 8426
f 2471 8350 8558
f 8350 763 8526
f 8526 2529 8558
f 8350 8526 8558
f 2529 8524 8559
f 8524 689 8427
f 8427 2495 8559
f 8524 8427 8559
f 2471 8558 8557
f 8558 2529 8559
f 8559 2495 8557
f 8558 8559 8557
f 769 8384 8561
f 8384 2483 8560
f 8560 2546 8561
f 8384 8560 8561
f 2483 8389 8562
f 8389 741 8455
f 8455 2505 8562
f 8389 8455 8562
f 2505 8453 8564
f 8453 747 8563
f 8563 2546 8564
f 8453 8563 8564
f 2483 8562 8560
f 8562 2505 8564
f 8564 2546 8560
f 8562 8564 8560
f 790 791 789
f 792 2547 8565
f 2547 2549 8565
f 2547 793 8566
f 8566 2548 2547
f 2548 8567 8569
f 8567 739 8568
f 8568 2549 8569
f 8567 8568 8569
f 2547 2548 8569
f 8569 2549 2547
f 735 8379 8443
f 8379 2479 8570
f 8570 2501 8443
f 8379 8570 8443
f 2479 8377 8572
f 8377 702 8571
f 8571 2550 8572
f 8377 8571 8572
f 2550 8573 8574
f 8573 713 8442
f 8442 2501 8574
f 8573 8442 8574
f 2479 8572 8570
f 8572 2550 8574
f 8574 2501 8570
f 8572 8574 8570
f 712 8516 8491
f 8516 2526 8575
f 8575 2518 8491
f 8516 8575 8491
f 2526 8515 8576
f 8515 781 8535
f 8535 2532 8576
f 8515 8535 8576
f 2532 685 8489
f 8489 2518 8577
f 2532 8489 8577
f 2526 8576 8575
f 8576 2532 8577
f 8577 2518 8575
f 8576 8577 8575
f 792 745 2547
f 745 793 2547
f 694 8167 789
f 8167 693 789
f 756 8320 8579
f 8320 2460 8578
f 8578 2552 8579
f 8320 8578 8579
f 2460 8322 8581
f 8322 730 8580
f 8580 2551 8581
f 8322 8580 8581
f 2551 8582 8584
f 8582 794 8583
f 8583 2552 8584
f 8582 8583 8584
f 2460 8581 8578
f 8581 2551 8584
f 8584 2552 8578
f 8581 8584 8578
f 777 8585 2542
f 8585 2553 8586
f 8585 8586 2542
f 2553 8587 8588
f 8587 782 8588
f 782 8537 8589
f 8537 784 2542
f 8537 2542 8589
f 2553 8588 8586
f 8588 782 8589
f 8589 2542 8586
f 8588 8589 8586
f 752 713 740
f 732 731 8590
f 731 2554 8590
f 731 748 8591
f 8591 2554 731
f 749 8293 8593
f 8293 2448 8592
f 8592 2555 8593
f 8293 8592 8593
f 2448 8290 731
f 8290 748 731
f 2448 731 8592
f 731 2555 8592
f 794 8594 765
f 8594 2556 765
f 2556 8595 765
f 8595 795 765
f 786 8596 2541
f 8596 2557 2541
f 2557 8597 2541
f 8597 703 8257
f 8257 2434 2541
f 8597 8257 2541
f 2434 8254 2541
f 8254 691 2541
f 723 8421 2559
f 8421 2492 2559
f 2492 8419 2559
f 8419 774 8598
f 8598 2558 2559
f 8419 8598 2559
f 2558 8599 2559
f 8599 746 2559
f 761 8600 2514
f 8600 2560 2561
f 8600 2561 2514
f 2560 8601 2561
f 8601 721 2561
f 2561 684 8481
f 8481 2514 2561
f 786 2540 752
f 2540 690 752
f 796 2562 8602
f 2562 2564 8602
f 2562 759 8603
f 8603 2563 8604
f 2562 8603 8604
f 2563 8605 2564
f 8605 750 2564
f 8604 2563 2564
f 8604 2564 2562
f 728 8417 8245
f 8417 2493 8606
f 8606 2428 8245
f 8417 8606 8245
f 2493 8422 8607
f 8422 723 8226
f 8226 2421 8607
f 8422 8226 8607
f 2421 8223 8608
f 8223 722 8247
f 8247 2428 8608
f 8223 8247 8608
f 2493 8607 8606
f 8607 2421 8608
f 8608 2428 8606
f 8607 8608 8606
f 716 8609 8212
f 8609 2413 8212
f 2565 8610 8612
f 8610 742 8611
f 8611 2566 8612
f 8610 8611 8612
f 2566 8613 8614
f 8613 717 8214
f 8214 2413 8614
f 8613 8214 8614
f 2565 8612 8609
f 8612 2566 8614
f 8614 2413 8609
f 8612 8614 8609
f 774 8418 8616
f 8418 2491 8615
f 8615 2567 8616
f 8418 8615 8616
f 2491 8415 8617
f 8415 728 8244
f 8244 2427 8617
f 8415 8244 8617
f 2427 8241 8619
f 8241 727 8618
f 8618 2567 8619
f 8241 8618 8619
f 2491 8617 8615
f 8617 2427 8619
f 8619 2567 8615
f 8617 8619 8615
f 767 2519 8494
f 775 767 8494
f 767 757 8496
f 8496 2519 767
f 750 8605 2568
f 8605 2563 2568
f 2563 8603 2568
f 8603 759 8475
f 8475 2513 2568
f 8603 8475 2568
f 2513 8478 2568
f 8478 710 2568
f 762 8620 8519
f 8620 2569 8621
f 8621 2528 8519
f 8620 8621 8519
f 2569 8622 8624
f 8622 797 8623
f 8623 2570 8624
f 8622 8623 8624
f 2570 8625 8626
f 8625 729 8521
f 8521 2528 8626
f 8625 8521 8626
f 2569 8624 8621
f 8624 2570 8626
f 8626 2528 8621
f 8624 8626 8621
f 746 768 798
f 755 8425 8627
f 8425 2494 8627
f 2494 8424 8627
f 8424 688 8628
f 8628 2571 8627
f 8424 8628 8627
f 2571 8629 8631
f 8629 700 8630
f 8630 2572 8631
f 8629 8630 8631
f 8627 2571 8631
f 8631 2572 8627
f 785 2573 8632
f 2573 2574 8632
f 2573 791 790
f 790 2574 2573
f 724 798 8633
f 798 2575 8633
f 798 799 8634
f 8634 2575 798
f 760 8635 2525
f 8635 2576 2525
f 2576 796 8636
f 8636 2577 2576
f 2577 8637 2576
f 8637 781 2525
f 8637 2525 2576
f 730 8638 8640
f 8638 2578 8639
f 8639 2580 8640
f 8638 8639 8640
f 2578 8641 8643
f 8641 766 8642
f 8642 2579 8643
f 8641 8642 8643
f 2579 8644 8646
f 8644 795 8645
f 8645 2580 8646
f 8644 8645 8646
f 2578 8643 8639
f 8643 2579 8646
f 8646 2580 8639
f 8643 8646 8639
f 776 778 8555
f 8647 2544 8555
f 778 8647 8555
f 8648 2581 8649
f 778 8648 8649
f 2581 788 8556
f 8556 2544 8650
f 2581 8556 8650
f 778 8649 8647
f 8649 2581 8650
f 8650 2544 8647
f 8649 8650 8647
f 688 2462 8628
f 2462 2571 8628
f 2462 701 8173
f 8173 2398 2462
f 2398 8172 2462
f 8172 700 8629
f 8629 2571 2462
f 8172 8629 2462
f 779 8484 8652
f 8484 2515 8651
f 8651 2582 8652
f 8484 8651 8652
f 2515 8482 8653
f 8482 684 8251
f 8251 2430 8653
f 8482 8251 8653
f 2430 8250 8655
f 8250 729 8654
f 8654 2582 8655
f 8250 8654 8655
f 2515 8653 8651
f 8653 2430 8655
f 8655 2582 8651
f 8653 8655 8651
f 746 798 2559
f 798 723 2559
f 780 2583 8656
f 2583 2584 8656
f 2583 775 8451
f 8451 2504 2583
f 2504 8449 2583
f 8449 753 8657
f 8657 2584 2583
f 8449 8657 2583
f 750 2568 8658
f 2568 2585 8658
f 2568 710 8490
f 8490 2517 2568
f 2517 8487 2568
f 8487 685 8659
f 8659 2585 2568
f 8487 8659 2568
f 770 8445 8533
f 8445 2502 8660
f 8660 2531 8533
f 8445 8660 8533
f 2502 8444 8662
f 8444 726 8661
f 8661 2586 8662
f 8444 8661 8662
f 2586 8663 8664
f 8663 715 8529
f 8529 2531 8664
f 8663 8529 8664
f 2502 8662 8660
f 8662 2586 8664
f 8664 2531 8660
f 8662 8664 8660
f 742 8441 8276
f 8441 2500 8665
f 8665 2443 8276
f 8441 8665 8276
f 8440 746 8284
f 8284 2445 8440
f 2445 8281 8666
f 8281 743 8278
f 8278 2443 8666
f 8281 8278 8666
f 2500 8440 8665
f 8440 2445 8666
f 8666 2443 8665
f 8440 8666 8665
f 723 798 8227
f 798 2422 8227
f 798 724 8229
f 8229 2422 798
f 750 8658 8307
f 8658 2585 8667
f 8667 2454 8307
f 8658 8667 8307
f 2585 8659 8668
f 8659 685 8549
f 8549 2539 8668
f 8659 8549 8668
f 2539 8552 8669
f 8552 751 8308
f 8308 2454 8669
f 8552 8308 8669
f 2585 8668 8667
f 8668 2539 8669
f 8669 2454 8667
f 8668 8669 8667
f 791 2573 744
f 2573 785 744
f 721 8601 2420
f 8601 2560 2420
f 2560 8600 2420
f 8600 761 8340
f 8340 2469 2420
f 8600 8340 2420
f 2469 8345 2420
f 8345 719 2420
f 796 8602 720
f 8602 2564 720
f 2564 750 2480
f 2480 720 2564
f 703 8597 8217
f 8597 2557 8670
f 8670 2415 8217
f 8597 8670 8217
f 2557 8596 8672
f 8596 786 8671
f 8671 2587 8672
f 8596 8671 8672
f 2587 8673 8674
f 8673 696 8219
f 8219 2415 8674
f 8673 8219 8674
f 2557 8672 8670
f 8672 2587 8674
f 8674 2415 8670
f 8672 8674 8670
f 693 790 789
f 779 8675 8677
f 8675 2588 8676
f 8676 2589 8677
f 8675 8676 8677
f 2588 8678 8679
f 8678 797 8622
f 8622 2569 8679
f 8678 8622 8679
f 2569 8620 8681
f 8620 762 8680
f 8680 2589 8681
f 8620 8680 8681
f 2588 8679 8676
f 8679 2569 8681
f 8681 2589 8676
f 8679 8681 8676
f 714 752 8361
f 752 2474 8361
f 752 705 8364
f 8364 2474 752
f 755 8627 8317
f 8627 2572 8682
f 8682 2458 8317
f 8627 8682 8317
f 2572 8630 8684
f 8630 700 8683
f 8683 2590 8684
f 8630 8683 8684
f 2590 8685 8686
f 8685 753 8312
f 8312 2458 8686
f 8685 8312 8686
f 2572 8684 8682
f 8684 2590 8686
f 8686 2458 8682
f 8684 8686 8682
f 741 8687 8272
f 8687 2591 8688
f 8688 2442 8272
f 8687 8688 8272
f 2591 8689 8690
f 8689 717 8613
f 8613 2566 8690
f 8689 8613 8690
f 2566 8611 8691
f 8611 742 8275
f 8275 2442 8691
f 8611 8275 8691
f 2591 8690 8688
f 8690 2566 8691
f 8691 2442 8688
f 8690 8691 8688
f 786 752 740
f 762 8341 8680
f 8341 2467 8692
f 8692 2589 8680
f 8341 8692 8680
f 2467 8338 8693
f 8338 761 8480
f 8480 2516 8693
f 8338 8480 8693
f 2516 8485 8694
f 8485 779 8677
f 8677 2589 8694
f 8485 8677 8694
f 2467 8693 8692
f 8693 2516 8694
f 8694 2589 8692
f 8693 8694 8692
f 753 8685 8657
f 8685 2590 8695
f 8695 2584 8657
f 8685 8695 8657
f 2590 8683 8697
f 8683 700 8696
f 8696 2592 8697
f 8683 8696 8697
f 2592 8698 8699
f 8698 780 8656
f 8656 2584 8699
f 8698 8656 8699
f 2590 8697 8695
f 8697 2592 8699
f 8699 2584 8695
f 8697 8699 8695
f 2583 780 767
f 2583 767 775
f 753 8448 8310
f 8448 2503 8700
f 8700 2456 8310
f 8448 8700 8310
f 2503 8446 8701
f 8446 687 8369
f 8369 2477 8701
f 8446 8369 8701
f 2477 8373 8702
f 8373 754 8313
f 8313 2456 8702
f 8373 8313 8702
f 2503 8701 8700
f 8701 2477 8702
f 8702 2456 8700
f 8701 8702 8700
f 760 8335 8635
f 8335 2465 2562
f 2562 2576 8635
f 8335 2562 8635
f 2465 8333 2562
f 8333 759 2562
f 2562 796 2576
f 713 8573 740
f 8573 2550 740
f 2550 8571 740
f 8571 702 740
f 745 734 8703
f 8703 2593 745
f 2593 8704 745
f 8704 793 745
f 765 756 8579
f 8579 2552 765
f 2552 8583 765
f 8583 794 765
f 698 8459 8464
f 8459 2506 8705
f 8705 2508 8464
f 8459 8705 8464
f 2506 8458 8706
f 8458 764 8412
f 8412 2489 8706
f 8458 8412 8706
f 2489 8410 8707
f 8410 773 8466
f 8466 2508 8707
f 8410 8466 8707
f 2506 8706 8705
f 8706 2489 8707
f 8707 2508 8705
f 8706 8707 8705
f 759 8332 8473
f 8332 2464 8708
f 8708 2512 8473
f 8332 8708 8473
f 2464 8329 8709
f 8329 758 8505
f 8505 2522 8709
f 8329 8505 8709
f 2522 8508 8710
f 8508 711 8476
f 8476 2512 8710
f 8508 8476 8710
f 2464 8709 8708
f 8709 2522 8710
f 8710 2512 8708
f 8709 8710 8708
f 747 8711 2595
f 8711 2594 2595
f 2594 8712 8713
f 8712 774 8616
f 8616 2567 8713
f 8712 8616 8713
f 2567 8618 2595
f 8618 727 2595
f 2594 8713 2595
f 8713 2567 2595
f 725 8714 8236
f 8714 2596 8715
f 8715 2425 8236
f 8714 8715 8236
f 2596 8716 8717
f 8716 715 8663
f 8663 2586 8717
f 8716 8663 8717
f 2586 8661 8718
f 8661 726 8238
f 8238 2425 8718
f 8661 8238 8718
f 2596 8717 8715
f 8717 2586 8718
f 8718 2425 8715
f 8717 8718 8715
f 747 2595 8720
f 8719 2598 8720
f 2595 8719 8720
f 2595 727 8721
f 8721 2597 2595
f 2597 799 8723
f 8722 2598 8723
f 799 8722 8723
f 2595 2597 8723
f 8723 2598 8719
f 2595 8723 8719
f 690 8187 752
f 8187 2403 752
f 2403 8184 752
f 8184 705 752
f 8724 787 2599
f 8724 2599 782
f 2599 783 8536
f 2599 8536 782
f 758 8331 8503
f 8331 2466 8725
f 8725 2521 8503
f 8331 8725 8503
f 2466 8336 8726
f 8336 760 8514
f 8514 2527 8726
f 8336 8514 8726
f 2527 8517 8727
f 8517 712 8506
f 8506 2521 8727
f 8517 8506 8727
f 2466 8726 8725
f 8726 2527 8727
f 8727 2521 8725
f 8726 8727 8725
f 797 8678 8623
f 8678 2588 8728
f 8728 2570 8623
f 8678 8728 8623
f 2588 8675 8729
f 8675 779 8652
f 8652 2582 8729
f 8675 8652 8729
f 2582 8654 8730
f 8654 729 8625
f 8625 2570 8730
f 8654 8625 8730
f 2588 8729 8728
f 8729 2582 8730
f 8730 2570 8728
f 8729 8730 8728
f 724 8633 8499
f 8633 2575 8731
f 8731 2520 8499
f 8633 8731 8499
f 2575 8634 8732
f 799 2597 8732
f 8634 799 8732
f 2597 8721 8733
f 8721 727 8501
f 8501 2520 8733
f 8721 8501 8733
f 2575 8732 8731
f 8732 2597 8733
f 8733 2520 8731
f 8732 8733 8731
f 746 8599 8285
f 8599 2558 8734
f 8734 2446 8285
f 8599 8734 8285
f 2558 8598 8735
f 8598 774 8712
f 8712 2594 8735
f 8598 8712 8735
f 2594 8711 8736
f 8711 747 8287
f 8287 2446 8736
f 8711 8287 8736
f 2558 8735 8734
f 8735 2594 8736
f 8736 2446 8734
f 8735 8736 8734
f 718 2416 8460
f 8737 2507 8460
f 2416 8737 8460
f 2416 696 8168
f 8168 2396 2416
f 2396 8169 8738
f 8169 698 8463
f 8463 2507 8738
f 8169 8463 8738
f 2416 2396 8738
f 8738 2507 8737
f 2416 8738 8737
f 751 8551 8309
f 8551 2538 2561
f 2561 2455 8309
f 8551 2561 8309
f 2538 8550 2561
f 8550 684 2561
f 2561 721 8306
f 8306 2455 2561
f 787 2545 2599
f 2545 788 8739
f 8739 2600 8740
f 2545 8739 8740
f 2600 8741 2599
f 8741 783 2599
f 2545 8740 2599
f 8740 2600 2599
f 704 8544 8354
f 8544 2535 8742
f 8742 2472 8354
f 8544 8742 8354
f 2535 8542 8743
f 8542 772 8408
f 8408 2490 8743
f 8542 8408 8743
f 2490 8413 8744
f 8413 764 8356
f 8356 2472 8744
f 8413 8356 8744
f 2535 8743 8742
f 8743 2490 8744
f 8744 2472 8742
f 8743 8744 8742
f 726 8376 8239
f 8376 2478 8745
f 8745 2426 8239
f 8376 8745 8239
f 2478 8375 8746
f 8375 742 8610
f 8610 2565 8746
f 8375 8610 8746
f 2565 8609 8747
f 8609 716 8234
f 8234 2426 8747
f 8609 8234 8747
f 2478 8746 8745
f 8746 2565 8747
f 8747 2426 8745
f 8746 8747 8745
f 708 2601 8269
f 8748 2440 8269
f 2601 8748 8269
f 2601 792 8565
f 8565 2549 2601
f 2549 8568 8749
f 8568 739 8270
f 8270 2440 8749
f 8568 8270 8749
f 2601 2549 8749
f 8749 2440 8748
f 2601 8749 8748
f 725 8235 8714
f 8235 2424 8750
f 8750 2596 8714
f 8235 8750 8714
f 2424 8232 8751
f 8232 716 8211
f 8211 2412 8751
f 8232 8211 8751
f 2412 8208 8752
f 8208 715 8716
f 8716 2596 8752
f 8208 8716 8752
f 2424 8751 8750
f 8751 2412 8752
f 8752 2596 8750
f 8751 8752 8750
f 718 8540 8220
f 8540 2536 8753
f 8753 2417 8220
f 8540 8753 8220
f 2536 8545 8754
f 8545 704 8181
f 8181 2401 8754
f 8545 8181 8754
f 2401 8179 8755
f 8179 703 8218
f 8218 2417 8755
f 8179 8218 8755
f 2536 8754 8753
f 8754 2401 8755
f 8755 2417 8753
f 8754 8755 8753
f 714 8363 2411
f 8363 2475 8756
f 8363 8756 2411
f 2475 8366 8757
f 8366 692 8164
f 8164 2393 8757
f 8366 8164 8757
f 2393 8162 8758
f 8162 691 2411
f 8162 2411 8758
f 2475 8757 8756
f 8757 2393 8758
f 8758 2411 8756
f 8757 8758 8756
f 772 8541 8406
f 8541 2534 8759
f 8759 2488 8406
f 8541 8759 8406
f 2534 8538 8760
f 8538 718 8462
f 8462 2509 8760
f 8538 8462 8760
f 2509 8467 8761
f 8467 773 8409
f 8409 2488 8761
f 8467 8409 8761
f 2534 8760 8759
f 8760 2509 8761
f 8761 2488 8759
f 8760 8761 8759
f 794 8582 8594
f 8582 2551 8762
f 8762 2556 8594
f 8582 8762 8594
f 2551 8580 8763
f 8580 730 8640
f 8640 2580 8763
f 8580 8640 8763
f 2580 8645 8764
f 8645 795 8595
f 8595 2556 8764
f 8645 8595 8764
f 2551 8763 8762
f 8763 2580 8764
f 8764 2556 8762
f 8763 8764 8762
f 765 795 8644
f 8644 2579 765
f 2579 8642 765
f 8642 766 765
f 769 8561 8766
f 8561 2546 8765
f 8765 2602 8766
f 8561 8765 8766
f 2546 8563 8767
f 8563 747 8720
f 8720 2598 8767
f 8563 8720 8767
f 2598 8722 8769
f 8722 799 8768
f 8768 2602 8769
f 8722 8768 8769
f 2546 8767 8765
f 8767 2598 8769
f 8769 2602 8765
f 8767 8769 8765
f 701 8430 8253
f 8430 2496 8770
f 8770 2432 8253
f 8430 8770 8253
f 2496 8429 8770
f 8429 766 8641
f 8641 2578 8770
f 8429 8641 8770
f 2578 8638 8770
f 8638 730 8252
f 8252 2432 8770
f 8638 8252 8770
f 741 8388 8687
f 8388 2482 8771
f 8771 2591 8687
f 8388 8771 8687
f 2482 8386 8772
f 8386 770 8532
f 8532 2530 8772
f 8386 8532 8772
f 2530 8530 8773
f 8530 717 8689
f 8689 2591 8773
f 8530 8689 8773
f 2482 8772 8771
f 8772 2530 8773
f 8773 2591 8771
f 8772 8773 8771
