# After flipping: D01019.obj
# Applied moment test for consistent orientation
# All moment test values forced positive
# Generated on 2025-10-03 18:59:55

v -0.309222 -0.013592 0.203614
v -0.322812 -0.013040 0.192358
v -0.321844 -0.043520 0.190071
v -0.340518 -0.014210 0.208749
v -0.334605 -0.046679 0.203718
v -0.370888 -0.014243 0.204494
v -0.370568 -0.046222 0.199996
v 0.343817 0.018765 0.143914
v 0.372634 -0.067613 0.125983
v 0.457599 -0.001121 0.121953
v 0.240573 0.010962 0.072194
v 0.229088 0.010876 0.072427
v 0.240677 -0.000172 0.072398
v 0.176827 0.027557 0.094115
v 0.177097 -0.002298 0.096955
v 0.185711 -0.002011 0.093648
v 0.169796 0.012439 0.094357
v 0.170229 -0.030778 0.088254
v 0.129686 0.016555 0.141015
v -0.309523 0.018526 0.203062
v -0.268552 -0.013029 0.200911
v -0.340827 0.018710 0.208192
v -0.371191 0.018033 0.203954
v 0.521971 0.031186 0.040912
v 0.522199 0.004071 0.047910
v 0.536373 0.012416 0.059427
v 0.204994 0.010426 0.069923
v -0.179393 0.071531 0.111918
v -0.178725 -0.007936 0.132433
v -0.132417 0.012691 0.125504
v -0.291720 0.050984 0.200172
v -0.322699 0.047711 0.188535
v -0.323588 0.075917 0.176722
v -0.335522 0.051097 0.202057
v -0.371468 0.049851 0.198369
v 0.536125 0.044685 0.045405
v 0.547895 0.022064 0.060815
v 0.456997 0.070539 0.103457
v 0.497718 0.001546 0.085020
v 0.272807 0.093416 0.075065
v 0.293608 -0.003187 0.129599
v 0.240392 0.032465 0.066651
v 0.228835 0.042323 0.061610
v 0.222036 0.047608 0.050801
v 0.222323 0.010298 0.066999
v 0.176713 0.041760 0.089215
v 0.129186 0.078601 0.119695
v 0.115366 0.036069 0.129166
v -0.132966 0.084126 0.094483
v -0.087056 -0.004237 0.086788
v -0.322933 0.076726 0.178573
v -0.341361 0.082321 0.191774
v -0.371714 0.080384 0.187852
v 0.547680 0.053305 0.040935
v 0.561103 0.021148 0.056793
v 0.343310 0.081709 0.122267
v 0.204694 0.049439 0.052982
v 0.185246 0.053329 0.079375
v 0.176539 0.067058 0.073117
v 0.169464 0.053723 0.080164
v 0.114891 0.105079 0.085271
v 0.005647 0.050952 0.041031
v 0.006053 -0.001921 0.063978
v 0.100891 0.015116 0.048425
v -0.057701 0.059890 0.048640
v -0.087612 0.068003 0.055443
v -0.269566 0.107712 0.169749
v -0.323131 0.103818 0.164179
v -0.371922 0.108900 0.172721
v 0.560885 0.055205 0.031152
v 0.572288 0.025154 0.043926
v 0.240199 0.065330 0.037612
v 0.213150 0.047156 0.050363
v 0.116157 -0.045538 0.124143
v -0.310415 0.134540 0.152699
v -0.323940 0.126987 0.144242
v -0.336152 0.137459 0.156182
v -0.372088 0.134706 0.153303
v 0.521890 0.048985 0.019321
v 0.371028 0.116375 0.093634
v 0.228707 0.070352 0.027660
v 0.176484 0.077518 0.062305
v 0.128946 0.124217 0.072524
v 0.100800 0.050300 -0.011236
v -0.179631 0.123777 0.048610
v -0.292463 0.159083 0.131364
v -0.323400 0.149620 0.123686
v -0.336273 0.160310 0.132559
v -0.372206 0.157149 0.130070
v 0.572219 0.051858 -0.001361
v 0.579822 0.013123 -0.022818
v 0.536079 0.062565 0.015111
v 0.429404 0.120298 0.069740
v 0.221983 0.068258 0.015765
v 0.213096 0.067650 0.015616
v 0.176452 0.086159 0.049989
v 0.169304 0.084066 0.048777
v -0.133069 0.123687 0.027396
v -0.323465 0.167239 0.098580
v -0.324130 0.178832 0.070280
v -0.336342 0.179176 0.105648
v -0.372274 0.175682 0.103634
v 0.547691 0.066889 0.006492
v 0.481322 0.100917 0.039792
v 0.204638 0.071038 0.016351
v 0.185080 0.089722 0.035289
v 0.176501 0.099261 0.007208
v 0.115003 0.134724 -0.011546
v -0.269927 0.187089 0.073547
v -0.323481 0.180689 0.071014
v -0.341949 0.193980 0.076267
v -0.372291 0.189864 0.074630
v 0.316793 0.137810 -0.032419
v 0.240235 0.075025 0.005936
v 0.129018 0.143429 0.009772
v -0.310582 0.198785 0.043746
v -0.324097 0.187709 0.041255
v -0.341913 0.203637 0.044765
v -0.372255 0.199315 0.043743
v 0.560999 0.061153 -0.011058
v 0.521987 0.050708 -0.008617
v 0.429559 0.138094 -0.010324
v 0.228796 0.074995 -0.005273
v 0.169352 0.096846 0.007035
v 0.147294 0.133557 -0.011285
v 0.005658 0.065360 0.004526
v -0.057637 0.076895 -0.006860
v -0.087539 0.087443 -0.008029
v -0.179347 0.128827 -0.033318
v -0.292426 0.206103 0.012180
v -0.323365 0.193958 0.011320
v -0.341825 0.208232 0.012145
v -0.372169 0.203813 0.011768
v 0.536252 0.059204 -0.019917
v 0.222183 0.064395 -0.024727
v 0.213295 0.063803 -0.024533
v -0.132821 0.122687 -0.031434
v -0.323236 0.193450 -0.019348
v -0.323718 0.186176 -0.049049
v -0.336097 0.207264 -0.020719
v -0.372033 0.203280 -0.020531
v 0.547923 0.057645 -0.029349
v 0.481538 0.104765 -0.022827
v 0.240510 0.064072 -0.036528
v 0.204847 0.066993 -0.025992
v 0.185277 0.093250 -0.021773
v 0.176752 0.091505 -0.036871
v 0.169597 0.089282 -0.035960
v 0.129386 0.132070 -0.054863
v -0.269497 0.194775 -0.050923
v -0.323064 0.188126 -0.049552
v -0.341501 0.201984 -0.053237
v -0.371852 0.197691 -0.052327
v 0.273436 0.090899 -0.074652
v 0.229025 0.064182 -0.036732
v 0.147898 0.101358 -0.085434
v 0.115613 0.102166 -0.086553
v -0.309960 0.186740 -0.082152
v -0.323509 0.176305 -0.077746
v -0.341274 0.191262 -0.084389
v -0.371630 0.187197 -0.082857
v 0.522224 0.035687 -0.032243
v 0.430172 0.105428 -0.085561
v 0.176872 0.084452 -0.050134
v 0.006088 0.042393 -0.048347
v -0.132161 0.080899 -0.097138
v -0.178852 0.099757 -0.088071
v -0.291622 0.174106 -0.111887
v -0.322607 0.163789 -0.105634
v -0.341011 0.175825 -0.113478
v -0.371371 0.172046 -0.111377
v 0.572707 0.017039 -0.040753
v 0.561378 0.035519 -0.045113
v 0.536578 0.035906 -0.046265
v 0.222560 0.037460 -0.055181
v 0.213669 0.037094 -0.054753
v 0.177006 0.075409 -0.062169
v 0.129971 0.092616 -0.107278
v -0.057053 0.039919 -0.064973
v -0.086871 0.045154 -0.074464
v -0.268744 0.150603 -0.134117
v -0.322334 0.145340 -0.130127
v -0.322704 0.122016 -0.149914
v -0.335130 0.155708 -0.139474
v -0.371084 0.152630 -0.137184
v 0.548288 0.029090 -0.052930
v 0.482070 0.071102 -0.075763
v 0.317512 0.092285 -0.103966
v 0.240942 0.030247 -0.064439
v 0.229459 0.030232 -0.064738
v 0.205242 0.038828 -0.057863
v 0.185762 0.062567 -0.069996
v 0.177302 0.052298 -0.081244
v 0.169986 0.063048 -0.070835
v 0.101505 -0.009356 -0.046412
v -0.309108 0.129262 -0.158509
v -0.340402 0.132339 -0.162692
v -0.370774 0.129422 -0.159623
v 0.130644 0.033655 -0.136083
v 0.116652 0.011171 -0.130991
v -0.178016 0.029063 -0.129783
v -0.290693 0.104496 -0.179175
v -0.321732 0.098173 -0.169059
v -0.340070 0.105348 -0.181599
v -0.370449 0.102964 -0.178159
v 0.522511 0.009654 -0.042514
v 0.431007 0.034786 -0.127215
v 0.318383 0.013378 -0.135098
v 0.177456 0.038772 -0.087843
v -0.131362 0.008441 -0.125716
v -0.321417 0.070609 -0.182510
v -0.321778 0.040858 -0.189535
v -0.334148 0.075654 -0.195603
v -0.370118 0.073962 -0.192341
v 0.536933 0.001565 -0.053898
v 0.222971 -0.002242 -0.064004
v 0.214076 -0.002276 -0.063502
v 0.177610 0.024395 -0.092251
v 0.170434 0.023821 -0.089990
v -0.267473 0.043178 -0.197473
v -0.321104 0.041299 -0.191495
v -0.339396 0.044261 -0.205704
v -0.369788 0.043081 -0.201790
v 0.561801 -0.006694 -0.051061
v 0.548646 -0.007874 -0.055218
v 0.482714 0.012737 -0.098783
v 0.241367 -0.013529 -0.067141
v 0.229885 -0.013694 -0.067452
v 0.205671 -0.002694 -0.067068
v 0.186349 0.009379 -0.090972
v 0.178029 -0.020333 -0.091481
v 0.006491 0.005898 -0.062753
v -0.307810 0.011617 -0.204911
v -0.321477 0.010790 -0.193792
v -0.339070 0.011650 -0.210319
v -0.369468 0.011108 -0.206311
v 0.395239 -0.031238 -0.134269
v 0.131259 -0.031958 -0.134965
v -0.056387 -0.028804 -0.069214
v -0.086109 -0.033436 -0.079319
v -0.177276 -0.052646 -0.121943
v -0.289400 -0.020579 -0.206972
v -0.320512 -0.019727 -0.195262
v -0.338761 -0.021298 -0.209746
v -0.369165 -0.021173 -0.205749
v 0.522739 -0.017465 -0.035519
v 0.431747 -0.046866 -0.119408
v 0.295136 -0.064042 -0.106256
v 0.170843 -0.019827 -0.089253
v 0.149450 -0.048776 -0.118800
v 0.117317 -0.067990 -0.110568
v -0.131006 -0.030807 -0.121965
v -0.320249 -0.049926 -0.189959
v -0.320700 -0.078145 -0.178150
v -0.332895 -0.053557 -0.203561
v -0.368888 -0.052990 -0.200164
v 0.573078 -0.031191 -0.019816
v 0.537181 -0.030694 -0.039896
v 0.223257 -0.039552 -0.047806
v 0.214361 -0.039267 -0.047440
v -0.266349 -0.080966 -0.185584
v -0.320015 -0.078946 -0.179975
v -0.338227 -0.084882 -0.193346
v -0.368642 -0.083519 -0.189669
v 0.548861 -0.039095 -0.035332
v 0.483225 -0.048016 -0.083103
v 0.345841 -0.089238 -0.104846
v 0.241621 -0.050529 -0.043596
v 0.230140 -0.050848 -0.043827
v 0.205971 -0.041704 -0.050150
v 0.186814 -0.045964 -0.076676
v 0.178317 -0.059850 -0.070510
v 0.171124 -0.058365 -0.068774
v 0.131682 -0.089903 -0.104197
v 0.006898 -0.046982 -0.039784
v -0.130555 -0.096516 -0.080152
v -0.306781 -0.110842 -0.173329
v -0.320505 -0.104950 -0.163921
v -0.338014 -0.113975 -0.177886
v -0.368434 -0.112039 -0.174516
v 0.562019 -0.040748 -0.025429
v 0.149806 -0.109353 -0.065272
v -0.177035 -0.087700 -0.099637
v -0.288496 -0.138116 -0.155941
v -0.319660 -0.130526 -0.147151
v -0.337846 -0.140280 -0.158074
v -0.368268 -0.137846 -0.155098
v 0.522820 -0.035265 -0.013921
v 0.178372 -0.070310 -0.059697
v 0.117531 -0.126130 -0.027642
v 0.101596 -0.044534 0.013235
v -0.319548 -0.151836 -0.125108
v -0.320174 -0.167720 -0.098978
v -0.332145 -0.162770 -0.134063
v -0.368150 -0.160285 -0.131887
v 0.537228 -0.048576 -0.009589
v 0.295289 -0.123105 -0.006101
v 0.223311 -0.060198 -0.012785
v 0.214414 -0.059759 -0.012703
v 0.178404 -0.078952 -0.047382
v 0.131820 -0.127573 -0.050455
v -0.056188 -0.072653 -0.016094
v -0.085881 -0.083555 -0.018576
v -0.176927 -0.129390 -0.028940
v -0.288309 -0.179380 -0.105902
v -0.319483 -0.169459 -0.099981
v -0.337656 -0.182091 -0.107424
v -0.368082 -0.178821 -0.105430
v 0.548850 -0.052679 -0.000882
v 0.483406 -0.087952 -0.034716
v 0.373921 -0.128338 -0.050679
v 0.230127 -0.067001 -0.002866
v 0.241608 -0.066622 -0.002804
v 0.206027 -0.063307 -0.013506
v 0.186979 -0.082355 -0.032599
v 0.178396 -0.089959 -0.019487
v 0.171216 -0.083429 -0.033029
v -0.130503 -0.116539 -0.046187
v -0.319468 -0.182905 -0.072437
v -0.337639 -0.196546 -0.077816
v -0.368065 -0.192983 -0.076419
v 0.131645 -0.136751 0.014523
v -0.265819 -0.197561 -0.044261
v -0.319501 -0.191896 -0.043103
v -0.320273 -0.194170 -0.012620
v -0.332094 -0.205690 -0.046199
v -0.368101 -0.202453 -0.045547
v 0.561905 -0.046694 0.016767
v 0.522723 -0.036989 0.014022
v 0.178355 -0.092056 -0.004594
v -0.130772 -0.121320 0.031543
v -0.306536 -0.205242 -0.013246
v -0.337763 -0.210798 -0.013694
v -0.368187 -0.206953 -0.013563
v 0.572819 -0.026185 0.032516
v 0.537055 -0.045212 0.025425
v 0.345804 -0.136740 0.015582
v 0.223111 -0.056334 0.027700
v 0.214216 -0.055910 0.027434
v 0.178292 -0.091782 0.010442
v 0.171099 -0.089513 0.010199
v 0.117128 -0.118340 0.053766
v -0.177070 -0.131950 0.012543
v -0.288551 -0.207181 0.019180
v -0.319712 -0.195665 0.017924
v -0.337901 -0.210242 0.019227
v -0.368323 -0.206415 0.018714
v 0.548618 -0.043439 0.034975
v 0.458986 -0.109705 0.032363
v 0.229852 -0.056014 0.039754
v 0.241333 -0.055671 0.039671
v 0.205818 -0.059258 0.028825
v 0.186782 -0.085859 0.024455
v 0.177984 -0.077249 0.052763
v -0.319884 -0.190340 0.048130
v -0.320780 -0.178537 0.076340
v -0.332505 -0.204034 0.051585
v -0.368504 -0.200826 0.050511
v 0.274756 -0.101217 0.047601
v 0.131193 -0.115413 0.076576
v -0.056620 -0.055433 0.050589
v -0.086375 -0.063862 0.057675
v -0.177683 -0.099272 0.087827
v -0.288958 -0.190978 0.081991
v -0.320096 -0.180381 0.077145
v -0.338313 -0.193829 0.082840
v -0.368727 -0.190337 0.081062
v 0.522486 -0.021968 0.037636
v 0.318705 -0.110843 0.075552
v 0.418238 -0.126285 0.036379
v 0.170799 -0.075344 0.051480
v -0.131066 -0.105627 0.067714
v -0.320341 -0.165983 0.104216
v -0.338577 -0.178392 0.111928
v -0.368985 -0.175186 0.109583
v 0.561525 -0.021064 0.050844
v 0.536728 -0.021921 0.051796
v 0.222733 -0.029395 0.058177
v 0.213841 -0.029205 0.057676
v -0.266967 -0.151806 0.133128
v -0.320614 -0.147560 0.128726
v -0.321584 -0.124222 0.148491
v -0.333287 -0.158163 0.137949
v -0.369272 -0.155770 0.135390
v 0.548253 -0.014880 0.058533
v 0.458359 -0.069959 0.094799
v 0.255952 -0.030822 0.090768
v 0.241015 -0.031852 0.062702
v 0.229532 -0.032090 0.062879
v 0.205423 -0.031090 0.060696
v 0.186297 -0.055175 0.072677
v 0.177555 -0.045092 0.083851
v 0.170380 -0.043954 0.081801
v 0.130337 -0.048424 0.131861
v -0.169815 -0.047995 0.122379
v -0.307924 -0.131254 0.157185
v -0.339186 -0.134906 0.161142
v -0.369582 -0.132561 0.157828
v 0.148435 -0.044682 0.122886
v -0.290147 -0.106125 0.178003
v -0.321217 -0.100388 0.167636
v -0.339517 -0.107936 0.180045
v -0.369907 -0.106105 0.176365
v 0.229418 -0.022049 0.067788
v 0.222628 -0.020124 0.062709
v 0.205313 -0.021390 0.065438
v 0.177400 -0.031566 0.090451
v -0.290481 -0.076913 0.192277
v -0.317958 -0.074454 0.185286
v -0.322201 -0.072121 0.179227
v 0.412378 -0.025180 -0.131997
v 0.426978 -0.066015 -0.110810
v 0.421414 -0.110956 -0.066635
v 0.440269 -0.122503 -0.005566
v 0.431914 -0.115672 0.055176
v 0.399216 -0.084045 0.110939
v -0.316017 -0.013316 0.197986
v -0.322328 -0.028280 0.191214
v -0.315533 -0.028556 0.196842
v -0.337562 -0.030445 0.206233
v -0.328708 -0.029859 0.198038
v -0.331665 -0.013625 0.200553
v -0.370728 -0.030232 0.202245
v -0.352587 -0.046450 0.201857
v -0.352747 -0.030461 0.204106
v -0.355703 -0.014227 0.206621
v 0.358226 -0.024424 0.134948
v 0.415117 -0.034367 0.123968
v 0.400708 0.008822 0.132933
v 0.234830 0.010919 0.072311
v 0.234882 0.005352 0.072413
v 0.240625 0.005395 0.072296
v 0.176962 0.012630 0.095535
v 0.181404 -0.002154 0.095302
v 0.181269 0.012773 0.093882
v 0.170013 -0.009170 0.091306
v 0.173663 -0.016538 0.092605
v 0.173447 0.005071 0.095656
v 0.173312 0.019998 0.094236
v 0.149741 0.014497 0.117686
v 0.149958 -0.007112 0.114635
v -0.309373 0.002467 0.203338
v -0.288887 -0.013311 0.202262
v -0.289037 0.002748 0.201986
v -0.316167 0.002743 0.197710
v -0.340672 0.002250 0.208470
v -0.331819 0.002835 0.200275
v -0.371039 0.001895 0.204224
v -0.355854 0.001911 0.206351
v -0.356009 0.018371 0.206073
v -0.370879 -0.014095 0.201975
v 0.522085 0.017629 0.044411
v 0.529286 0.008244 0.053668
v 0.529172 0.021801 0.050169
v 0.190911 0.018991 0.082019
v 0.195352 0.004207 0.081786
v -0.179059 0.031798 0.122176
v -0.155571 0.002378 0.128968
v -0.155905 0.042111 0.118711
v -0.280136 0.018977 0.200541
v -0.223638 -0.010483 0.166672
v -0.235223 0.021524 0.166302
v -0.300622 0.034755 0.201617
v -0.307210 0.049348 0.194353
v -0.316111 0.033118 0.195799
v -0.322756 0.017336 0.190447
v -0.323144 0.061814 0.182628
v -0.323200 0.031439 0.184540
v -0.329555 0.063507 0.189389
v -0.329167 0.019029 0.197208
v -0.338174 0.034903 0.205124
v -0.371330 0.033942 0.201161
v -0.356148 0.034280 0.203280
v 0.536249 0.028550 0.052416
v 0.542134 0.017240 0.060121
v 0.542010 0.033374 0.053110
v 0.457298 0.034709 0.112705
v 0.477659 0.000213 0.103486
v 0.477358 0.036043 0.094239
v 0.400407 0.044652 0.123685
v 0.283208 0.045114 0.102332
v 0.318712 0.007789 0.136756
v 0.308312 0.056091 0.109490
v 0.240482 0.021713 0.069422
v 0.267090 0.003888 0.100896
v 0.267000 0.014639 0.098125
v 0.256600 0.062940 0.070858
v 0.228961 0.026599 0.067019
v 0.234704 0.026643 0.066902
v 0.234613 0.037394 0.064130
v 0.222180 0.028953 0.058900
v 0.225705 0.010587 0.069713
v 0.225562 0.029242 0.061614
v 0.225435 0.044966 0.056205
v 0.176770 0.034659 0.091665
v 0.190853 0.026093 0.079569
v 0.173255 0.027100 0.091786
v 0.122276 0.057335 0.124431
v 0.122526 0.026312 0.135091
v 0.129436 0.047578 0.130355
v -0.132691 0.048409 0.109994
v -0.109736 0.004227 0.106146
v -0.110011 0.039944 0.090636
v -0.322816 0.062218 0.183554
v -0.307327 0.063855 0.189372
v -0.323261 0.076321 0.177647
v -0.332475 0.079119 0.184248
v -0.338442 0.066709 0.196916
v -0.356271 0.049547 0.198022
v -0.353618 0.065741 0.194955
v -0.356538 0.081353 0.189813
v -0.371591 0.065118 0.193110
v 0.547788 0.037684 0.050875
v 0.554499 0.021606 0.058804
v 0.554391 0.037227 0.048864
v 0.541903 0.048995 0.043170
v 0.529048 0.037935 0.043158
v 0.509958 0.002809 0.066465
v 0.489598 0.037305 0.075683
v 0.343563 0.050237 0.133090
v 0.400153 0.076124 0.112862
v 0.308058 0.087563 0.098666
v 0.204844 0.029932 0.061453
v 0.213658 0.010362 0.068461
v 0.213508 0.029868 0.059990
v 0.180979 0.047544 0.084295
v 0.195120 0.031877 0.074649
v 0.180892 0.060193 0.076246
v 0.176626 0.054409 0.081166
v 0.169630 0.033081 0.087260
v 0.173088 0.047741 0.084690
v 0.173001 0.060390 0.076641
v 0.149491 0.045520 0.107026
v 0.149325 0.066162 0.099930
v 0.115129 0.070574 0.107219
v 0.122039 0.091840 0.102483
v 0.005850 0.024515 0.052505
v 0.053472 0.006598 0.056201
v 0.053269 0.033034 0.044728
v -0.026027 0.055421 0.044835
v -0.025824 0.028984 0.056309
v -0.087334 0.031883 0.071115
v -0.040501 -0.003079 0.075383
v -0.040779 0.033041 0.059710
v -0.072656 0.063946 0.052041
v -0.156179 0.077829 0.103201
v -0.280643 0.079348 0.184960
v -0.224146 0.049888 0.151091
v -0.224479 0.089621 0.140834
v -0.323032 0.090272 0.171376
v -0.307426 0.077401 0.182175
v -0.296348 0.105765 0.166964
v -0.323360 0.089868 0.170450
v -0.356642 0.095611 0.182248
v -0.371818 0.094642 0.180286
v -0.371452 0.049208 0.195903
v 0.560994 0.038177 0.043972
v 0.566695 0.023151 0.050359
v 0.566586 0.040180 0.037539
v 0.554282 0.054255 0.036044
v 0.489484 0.050863 0.072185
v 0.240295 0.048897 0.052131
v 0.256503 0.079373 0.056339
v 0.234517 0.053827 0.049611
v 0.217736 0.028727 0.058681
v 0.217593 0.047382 0.050582
v 0.208922 0.048297 0.051673
v 0.194970 0.051384 0.066179
v 0.108524 -0.015211 0.086284
v 0.115761 -0.004734 0.126655
v 0.108128 0.025593 0.088796
v 0.107891 0.060098 0.066848
v -0.110289 0.076065 0.074963
v -0.316773 0.119179 0.158439
v -0.289991 0.121126 0.161224
v -0.317177 0.130763 0.148471
v -0.323535 0.115402 0.154210
v -0.323764 0.101452 0.160482
v -0.338757 0.109890 0.173978
v -0.329870 0.106688 0.166452
v -0.330046 0.132223 0.150212
v -0.372005 0.121803 0.163012
v -0.356724 0.108514 0.172539
v 0.521930 0.040085 0.030117
v 0.529007 0.046835 0.032363
v 0.357169 0.099042 0.107950
v 0.414012 0.093457 0.098546
v 0.228771 0.056338 0.044635
v 0.234453 0.067841 0.032636
v 0.225372 0.058980 0.039230
v 0.190589 0.063478 0.057643
v 0.180865 0.065423 0.070840
v 0.176511 0.072288 0.067711
v 0.172974 0.065620 0.071234
v 0.121919 0.114648 0.078897
v 0.129066 0.101409 0.096109
v 0.053223 0.050626 0.014897
v 0.100845 0.032708 0.018594
v -0.156298 0.103952 0.071547
v -0.179512 0.097654 0.080264
v -0.281014 0.133397 0.150556
v -0.235928 0.115307 0.121641
v -0.301439 0.146811 0.142032
v -0.307931 0.154351 0.127525
v -0.316908 0.142080 0.138192
v -0.323670 0.138303 0.133964
v -0.336212 0.148885 0.144370
v -0.330106 0.143648 0.138401
v -0.354120 0.136083 0.154742
v -0.354179 0.147304 0.143126
v -0.372147 0.145928 0.141687
v -0.371901 0.107545 0.170577
v 0.572254 0.038506 0.021283
v 0.576055 0.019139 0.010554
v 0.576021 0.032491 -0.012089
v 0.566552 0.053531 0.014896
v 0.536102 0.053625 0.030258
v 0.541879 0.057935 0.028023
v 0.400216 0.118336 0.081687
v 0.443201 0.095419 0.086599
v 0.321917 0.104895 0.084350
v 0.222009 0.057933 0.033283
v 0.225345 0.069305 0.021713
v 0.213123 0.057403 0.032989
v 0.217566 0.057629 0.033208
v 0.217540 0.067954 0.015690
v 0.208895 0.058544 0.034299
v 0.176468 0.081838 0.056147
v 0.190573 0.067799 0.051485
v 0.169384 0.068894 0.064471
v 0.172894 0.080792 0.055541
v 0.172878 0.085112 0.049383
v 0.149205 0.088970 0.076344
v 0.149125 0.104141 0.060650
v -0.133017 0.103906 0.060940
v -0.110340 0.095845 0.041419
v -0.323432 0.158429 0.111133
v -0.307964 0.163161 0.114972
v -0.324035 0.152909 0.107261
v -0.323765 0.164226 0.096983
v -0.323798 0.173035 0.084430
v -0.330236 0.179004 0.087964
v -0.330141 0.153081 0.124945
v -0.336307 0.169743 0.119103
v -0.372240 0.166416 0.116852
v -0.354213 0.156570 0.129908
v -0.354273 0.167996 0.118097
v -0.371960 0.118767 0.158961
v 0.547686 0.060097 0.023713
v 0.554288 0.061047 0.018822
v 0.541885 0.064727 0.010801
v 0.528984 0.055775 0.017216
v 0.469160 0.085728 0.071624
v 0.501646 0.066051 0.040352
v 0.455363 0.110608 0.054766
v 0.204666 0.060239 0.034667
v 0.208867 0.069344 0.015983
v 0.180766 0.087941 0.042639
v 0.194887 0.069580 0.044135
v 0.180791 0.094491 0.021249
v 0.176476 0.092710 0.028599
v 0.172903 0.091663 0.027993
v 0.114947 0.119901 0.036862
v 0.121974 0.129470 0.030489
v 0.107846 0.077689 0.037017
v -0.156350 0.123732 0.038003
v -0.281195 0.173086 0.102456
v -0.224660 0.129310 0.092733
v -0.224779 0.155433 0.061078
v -0.323473 0.173964 0.084797
v -0.307972 0.169886 0.101189
v -0.296704 0.183889 0.072281
v -0.323805 0.179760 0.070647
v -0.333040 0.186406 0.073274
v -0.339145 0.186578 0.090958
v -0.354282 0.175087 0.103594
v -0.354316 0.184520 0.090139
v -0.357120 0.191922 0.075449
v -0.372282 0.182773 0.089132
v -0.371994 0.128033 0.145743
v 0.501606 0.074951 0.029556
v 0.343910 0.127092 0.030608
v 0.373099 0.129054 0.018661
v 0.294800 0.115613 0.021323
v 0.240217 0.070178 0.021774
v 0.256521 0.084220 0.040501
v 0.234471 0.072689 0.016798
v 0.194859 0.080380 0.025820
v 0.122010 0.139076 -0.000887
v 0.128982 0.133823 0.041148
v -0.317031 0.189737 0.057380
v -0.290254 0.192937 0.058647
v -0.317339 0.193247 0.042501
v -0.323789 0.184199 0.056135
v -0.324114 0.183270 0.055768
v -0.341931 0.198808 0.060516
v -0.333022 0.191234 0.057522
v -0.333005 0.195673 0.043010
v -0.357102 0.196750 0.059697
v -0.357084 0.201476 0.044254
v -0.372273 0.194590 0.059186
v -0.372003 0.135124 0.131241
v 0.560942 0.058179 0.010047
v 0.566609 0.056506 -0.006210
v 0.554345 0.064021 -0.002283
v 0.521938 0.049847 0.005352
v 0.529033 0.056636 0.003247
v 0.429482 0.129196 0.029708
v 0.455441 0.119506 0.014734
v 0.373176 0.137952 -0.021372
v 0.278514 0.106417 -0.013241
v 0.228752 0.072674 0.011193
v 0.234516 0.075010 0.000331
v 0.225389 0.071626 0.005246
v 0.190569 0.085150 0.011780
v 0.169328 0.090456 0.027906
v 0.172927 0.098053 0.007122
v 0.138120 0.128887 0.030619
v 0.158299 0.108811 0.018746
v 0.158323 0.115201 -0.002125
v 0.138156 0.138493 -0.000756
v 0.107901 0.092512 -0.011391
v 0.005652 0.058156 0.022778
v 0.053229 0.057830 -0.003355
v -0.057669 0.068393 0.020890
v -0.025995 0.063924 0.017085
v -0.025990 0.071128 -0.001167
v -0.087575 0.077723 0.023707
v -0.072620 0.073666 0.020305
v -0.072588 0.082169 -0.007445
v -0.156208 0.126257 -0.002961
v -0.179489 0.126302 0.007646
v -0.281176 0.196596 0.042864
v -0.236028 0.164940 0.030395
v -0.301504 0.202444 0.027963
v -0.307895 0.200030 0.011750
v -0.316973 0.196371 0.027533
v -0.323731 0.190833 0.026287
v -0.341869 0.205934 0.028455
v -0.332961 0.197970 0.026700
v -0.372212 0.201564 0.027756
v -0.357041 0.203725 0.028267
v -0.356997 0.206023 0.011957
v -0.371985 0.139850 0.115797
v 0.536165 0.060884 -0.002403
v 0.541971 0.063047 -0.006712
v 0.222083 0.066327 -0.004481
v 0.225489 0.069695 -0.015000
v 0.213196 0.065727 -0.004459
v 0.217639 0.066030 -0.004384
v 0.217739 0.064099 -0.024630
v 0.208966 0.067421 -0.004091
v -0.132945 0.123187 -0.002019
v -0.110217 0.095345 0.012004
v -0.110180 0.105065 -0.019731
v -0.323300 0.193704 -0.004014
v -0.307831 0.199777 -0.003584
v -0.323907 0.186942 -0.003897
v -0.323541 0.190067 -0.018865
v -0.323477 0.189813 -0.034199
v -0.329907 0.196720 -0.034884
v -0.330097 0.197486 0.010268
v -0.338961 0.207748 -0.004287
v -0.372101 0.203547 -0.004381
v -0.356929 0.205756 -0.004193
v -0.371941 0.142099 0.099810
v 0.547807 0.062267 -0.011429
v 0.554461 0.059399 -0.020204
v 0.542087 0.058425 -0.024633
v 0.529119 0.054956 -0.014267
v 0.481430 0.102841 0.008482
v 0.501714 0.076875 -0.001753
v 0.455549 0.121430 -0.016576
v 0.278652 0.100941 -0.034474
v 0.240373 0.069548 -0.015296
v 0.234653 0.069533 -0.020901
v 0.204743 0.069015 -0.004820
v 0.209071 0.065398 -0.025262
v 0.180889 0.096255 -0.007282
v 0.194958 0.082144 -0.002711
v 0.181015 0.092377 -0.029322
v 0.176627 0.095383 -0.014832
v 0.169475 0.093064 -0.014463
v 0.173049 0.094272 -0.014376
v 0.173175 0.090394 -0.036416
v 0.158446 0.111420 -0.023622
v 0.129202 0.137749 -0.022545
v 0.138340 0.132814 -0.033074
v 0.122194 0.133397 -0.033205
v -0.156084 0.125757 -0.032376
v -0.280961 0.200439 -0.019371
v -0.224564 0.159276 -0.001157
v -0.224422 0.161801 -0.042121
v -0.323150 0.190788 -0.034450
v -0.307745 0.197114 -0.018686
v -0.296280 0.191450 -0.050238
v -0.323391 0.187151 -0.049301
v -0.332610 0.194080 -0.051143
v -0.338799 0.204624 -0.036978
v -0.356838 0.202961 -0.020091
v -0.353974 0.202477 -0.036523
v -0.356677 0.199837 -0.052782
v -0.371943 0.200485 -0.036429
v -0.371874 0.141832 0.083661
v 0.501763 0.077737 -0.015722
v 0.256973 0.077485 -0.055590
v 0.295115 0.114354 -0.053536
v 0.228911 0.069588 -0.021003
v 0.234768 0.064127 -0.036630
v 0.225604 0.064289 -0.030730
v 0.195062 0.080121 -0.023882
v 0.147596 0.117458 -0.048359
v 0.158748 0.095320 -0.060697
v 0.138642 0.116714 -0.070148
v 0.115308 0.118445 -0.049050
v 0.122500 0.117118 -0.070708
v -0.316512 0.187433 -0.065852
v -0.289728 0.190758 -0.066538
v -0.316734 0.181523 -0.079949
v -0.323286 0.182215 -0.063649
v -0.323613 0.181240 -0.063398
v -0.341388 0.196623 -0.068813
v -0.332496 0.188719 -0.066719
v -0.332391 0.183784 -0.081068
v -0.356563 0.194477 -0.068358
v -0.356452 0.189230 -0.083623
v -0.371741 0.192444 -0.067592
v -0.371783 0.139038 0.067762
v 0.522105 0.043197 -0.020430
v 0.529238 0.047446 -0.026080
v 0.429866 0.121761 -0.047942
v 0.455855 0.105096 -0.054194
v 0.373483 0.121619 -0.058990
v 0.190860 0.075722 -0.038063
v 0.181075 0.088851 -0.035953
v 0.176812 0.087978 -0.043503
v 0.173235 0.086867 -0.043047
v 0.108206 0.076233 -0.048895
v 0.005873 0.053877 -0.021911
v 0.053444 0.046346 -0.029792
v -0.025774 0.059644 -0.027604
v -0.132491 0.101793 -0.064286
v -0.109850 0.084171 -0.052584
v -0.179099 0.114292 -0.060695
v -0.155837 0.111222 -0.059753
v -0.280560 0.184440 -0.081405
v -0.235485 0.151466 -0.072602
v -0.300791 0.180423 -0.097019
v -0.307115 0.168947 -0.108760
v -0.316284 0.175265 -0.093893
v -0.323058 0.170047 -0.091690
v -0.341143 0.183544 -0.098933
v -0.332260 0.176065 -0.095612
v -0.371500 0.179622 -0.097117
v -0.356323 0.181654 -0.097883
v -0.356191 0.173936 -0.112428
v -0.371672 0.133791 0.052498
v 0.572463 0.034448 -0.021057
v 0.576264 0.015081 -0.031786
v 0.561189 0.048336 -0.028086
v 0.566799 0.043688 -0.023237
v 0.567043 0.026279 -0.042933
v 0.554651 0.046582 -0.037231
v 0.536415 0.047555 -0.033091
v 0.542251 0.046775 -0.037807
v 0.222371 0.050928 -0.039954
v 0.225793 0.050821 -0.045957
v 0.213482 0.050449 -0.039643
v 0.217926 0.050745 -0.039740
v 0.218115 0.037277 -0.054967
v 0.209258 0.052043 -0.040372
v 0.176939 0.079930 -0.056151
v 0.190927 0.071201 -0.044080
v 0.173302 0.082346 -0.049064
v 0.129679 0.112343 -0.081070
v 0.138934 0.096987 -0.096356
v 0.122792 0.097391 -0.096915
v -0.057345 0.058407 -0.035916
v -0.025483 0.041156 -0.056660
v -0.087205 0.066298 -0.041246
v -0.072254 0.061024 -0.040662
v -0.071962 0.042536 -0.069718
v -0.155507 0.090328 -0.092605
v -0.280183 0.162354 -0.123002
v -0.224045 0.139715 -0.083718
v -0.223798 0.125180 -0.111094
v -0.322471 0.154565 -0.117880
v -0.306978 0.159723 -0.121007
v -0.323106 0.149160 -0.113830
v -0.322656 0.142903 -0.127774
v -0.322519 0.133678 -0.140021
v -0.328917 0.138862 -0.144694
v -0.329319 0.166007 -0.108610
v -0.338071 0.165767 -0.126476
v -0.371227 0.162338 -0.124281
v -0.356047 0.164228 -0.125331
v -0.371543 0.126215 0.038237
v 0.548106 0.043367 -0.041140
v 0.554833 0.032304 -0.049021
v 0.542433 0.032498 -0.049598
v 0.529401 0.035796 -0.039254
v 0.481804 0.087933 -0.049295
v 0.502028 0.060905 -0.042190
v 0.456121 0.088265 -0.080662
v 0.317153 0.115047 -0.068193
v 0.373842 0.098856 -0.094763
v 0.295474 0.091592 -0.089309
v 0.240726 0.047159 -0.050483
v 0.257189 0.060573 -0.069545
v 0.229242 0.047207 -0.050735
v 0.234985 0.047152 -0.050633
v 0.235201 0.030239 -0.064588
v 0.226010 0.033846 -0.059960
v 0.205045 0.052911 -0.041927
v 0.209456 0.037961 -0.056308
v 0.181384 0.068988 -0.066082
v 0.195305 0.064780 -0.047994
v 0.181532 0.057433 -0.075620
v 0.177154 0.063854 -0.071706
v 0.169791 0.076165 -0.053397
v 0.173496 0.069228 -0.066502
v 0.173644 0.057673 -0.076039
v 0.158942 0.082203 -0.078134
v 0.053797 0.016519 -0.047380
v 0.101153 0.020472 -0.028824
v -0.109516 0.063026 -0.085801
v -0.300365 0.151684 -0.135198
v -0.288926 0.139933 -0.146313
v -0.315721 0.137301 -0.144318
v -0.315906 0.125639 -0.154211
v -0.331553 0.127178 -0.156303
v -0.337766 0.144024 -0.151083
v -0.355892 0.152623 -0.136550
v -0.352952 0.142565 -0.149549
v -0.355588 0.130881 -0.161157
v -0.370929 0.141026 -0.148404
v -0.371399 0.116507 0.025334
v 0.502147 0.053394 -0.054003
v 0.195502 0.050698 -0.063929
v 0.139271 0.067506 -0.110758
v 0.150315 0.048351 -0.103459
v 0.130307 0.063135 -0.121681
v 0.116132 0.056669 -0.108772
v 0.123311 0.051893 -0.119135
v -0.155089 0.054981 -0.113461
v -0.178434 0.064410 -0.108927
v -0.279718 0.127550 -0.156646
v -0.234772 0.102126 -0.133623
v -0.299901 0.116879 -0.168842
v -0.306212 0.101335 -0.174117
v -0.315420 0.113718 -0.163784
v -0.322218 0.110095 -0.159487
v -0.340236 0.118844 -0.172145
v -0.331387 0.113682 -0.165756
v -0.355422 0.117385 -0.170611
v -0.355260 0.104156 -0.179879
v -0.370611 0.116193 -0.168891
v -0.371244 0.104903 0.014114
v 0.522368 0.022671 -0.037378
v 0.529545 0.022780 -0.044390
v 0.430590 0.070107 -0.106388
v 0.456539 0.052944 -0.101489
v 0.374260 0.063536 -0.115591
v 0.295909 0.052138 -0.104875
v 0.317948 0.052832 -0.119532
v 0.279663 0.021812 -0.099769
v 0.191349 0.038800 -0.072853
v 0.181609 0.050670 -0.078920
v 0.177379 0.045535 -0.084544
v 0.173721 0.050910 -0.079339
v 0.123648 0.022413 -0.133537
v 0.109079 0.000908 -0.088702
v 0.108559 0.046405 -0.066483
v -0.131762 0.044670 -0.111427
v -0.109116 0.026797 -0.100090
v -0.321574 0.084391 -0.175784
v -0.306055 0.087553 -0.180842
v -0.322241 0.081437 -0.169724
v -0.321755 0.069516 -0.179297
v -0.321597 0.055733 -0.186022
v -0.327963 0.058256 -0.192569
v -0.328426 0.098835 -0.172759
v -0.337109 0.090501 -0.188601
v -0.370284 0.088463 -0.185250
v -0.355094 0.089655 -0.186970
v -0.371082 0.091674 0.004846
v 0.536756 0.018735 -0.050082
v 0.542611 0.015327 -0.053414
v 0.222765 0.017609 -0.059593
v 0.226215 0.013995 -0.064371
v 0.213873 0.017409 -0.059127
v 0.218318 0.017592 -0.059342
v 0.218523 -0.002259 -0.063753
v 0.209659 0.018276 -0.060683
v 0.177533 0.031584 -0.090047
v 0.191426 0.031612 -0.075057
v 0.170210 0.043435 -0.080413
v 0.173945 0.031297 -0.088917
v 0.174022 0.024108 -0.091121
v 0.150539 0.028738 -0.113037
v -0.154689 0.018752 -0.127750
v -0.279083 0.073837 -0.188324
v -0.223162 0.071467 -0.142772
v -0.222744 0.036121 -0.163628
v -0.321260 0.055954 -0.187002
v -0.305899 0.072897 -0.185335
v -0.294289 0.042238 -0.194484
v -0.321441 0.041078 -0.190515
v -0.330587 0.042559 -0.197619
v -0.336772 0.059957 -0.200653
v -0.354929 0.074215 -0.191694
v -0.351968 0.059367 -0.198697
v -0.354592 0.043671 -0.203747
v -0.369953 0.058521 -0.197066
v -0.370916 0.077173 -0.002245
v 0.561590 0.014412 -0.048087
v 0.567254 0.005172 -0.045907
v 0.548467 0.010608 -0.054074
v 0.555012 0.013822 -0.050165
v 0.555224 -0.007284 -0.053139
v 0.542790 -0.003155 -0.054558
v 0.529722 0.005609 -0.048206
v 0.482392 0.041919 -0.087273
v 0.502469 0.024212 -0.065513
v 0.456861 0.023762 -0.112999
v 0.374695 0.024082 -0.131157
v 0.241155 0.008359 -0.065790
v 0.279875 -0.000076 -0.101120
v 0.229672 0.008269 -0.066095
v 0.235414 0.008277 -0.065945
v 0.235626 -0.013611 -0.067296
v 0.226428 -0.007968 -0.065728
v 0.205457 0.018067 -0.062466
v 0.209874 -0.002485 -0.065285
v 0.181979 0.016887 -0.091612
v 0.195795 0.024104 -0.074418
v 0.182189 -0.005477 -0.091226
v 0.177819 0.002031 -0.091866
v 0.174231 0.001744 -0.090735
v 0.006290 0.024146 -0.055550
v 0.053998 -0.001729 -0.054583
v -0.025281 0.022909 -0.063863
v -0.314457 0.026458 -0.198203
v -0.287642 0.027398 -0.201192
v -0.314643 0.011204 -0.199351
v -0.321290 0.026045 -0.192643
v -0.321627 0.025824 -0.191663
v -0.339233 0.027955 -0.208011
v -0.330424 0.026254 -0.199927
v -0.330273 0.011220 -0.202055
v -0.354429 0.027365 -0.206055
v -0.354269 0.011379 -0.208315
v -0.369628 0.027095 -0.204051
v -0.370751 0.061733 -0.006969
v 0.502613 0.011196 -0.070648
v 0.356811 -0.008930 -0.134684
v 0.413123 0.001774 -0.130742
v 0.196010 0.003342 -0.079020
v 0.123955 -0.010393 -0.132978
v 0.130951 0.000848 -0.135524
v -0.056720 0.005557 -0.067093
v -0.024948 -0.011453 -0.065983
v -0.086490 0.005859 -0.076892
v -0.071581 0.003242 -0.072146
v -0.071248 -0.031120 -0.074267
v -0.154319 -0.022103 -0.123830
v -0.177646 -0.011792 -0.125863
v -0.278437 0.011299 -0.202223
v -0.233708 0.004242 -0.168378
v -0.298605 -0.004481 -0.205941
v -0.304956 -0.020153 -0.201117
v -0.314161 -0.004055 -0.200086
v -0.320995 -0.004468 -0.194527
v -0.338915 -0.004824 -0.210033
v -0.330119 -0.005254 -0.201769
v -0.369317 -0.005033 -0.206030
v -0.354118 -0.004762 -0.208034
v -0.353963 -0.021235 -0.207748
v -0.370591 0.045746 -0.009229
v 0.522625 -0.003905 -0.039016
v 0.529836 -0.007950 -0.044708
v 0.431377 -0.006040 -0.123312
v 0.457230 -0.017064 -0.109095
v 0.268251 -0.038786 -0.086698
v 0.306759 -0.025332 -0.120677
v 0.191850 -0.011514 -0.079275
v 0.170638 0.001997 -0.089622
v 0.174436 -0.020080 -0.090367
v 0.140047 -0.007561 -0.127442
v 0.159942 -0.012477 -0.104395
v 0.160147 -0.034301 -0.104027
v 0.140355 -0.040367 -0.126883
v 0.116984 -0.028409 -0.120780
v 0.124288 -0.049974 -0.122766
v -0.108939 0.007173 -0.098215
v -0.108558 -0.032121 -0.100642
v -0.131184 -0.011183 -0.123841
v -0.320381 -0.034826 -0.192610
v -0.304824 -0.035253 -0.198466
v -0.321089 -0.033677 -0.185971
v -0.320606 -0.048936 -0.186706
v -0.320474 -0.064035 -0.184055
v -0.326798 -0.065851 -0.190856
v -0.327186 -0.021383 -0.198676
v -0.335828 -0.037427 -0.206653
v -0.369026 -0.037082 -0.202956
v -0.353824 -0.037144 -0.204955
v -0.370440 0.029606 -0.008949
v 0.572892 -0.007076 -0.030285
v 0.576450 -0.009034 -0.021317
v 0.567440 -0.018943 -0.035439
v 0.537057 -0.014565 -0.046897
v 0.542914 -0.019284 -0.047557
v 0.345187 -0.047640 -0.120262
v 0.223114 -0.020897 -0.055905
v 0.226571 -0.026623 -0.057629
v 0.214219 -0.020771 -0.055471
v 0.218666 -0.020755 -0.055722
v 0.218809 -0.039410 -0.047623
v 0.210016 -0.020981 -0.057254
v 0.109411 -0.038673 -0.078490
v -0.154141 -0.041727 -0.121954
v -0.277874 -0.050773 -0.196278
v -0.222182 -0.025952 -0.157683
v -0.221812 -0.066806 -0.153763
v -0.320132 -0.064436 -0.184967
v -0.304707 -0.049762 -0.193474
v -0.293182 -0.079956 -0.182779
v -0.320358 -0.078545 -0.179063
v -0.329463 -0.081513 -0.185748
v -0.335561 -0.069220 -0.198453
v -0.353701 -0.052408 -0.199707
v -0.350768 -0.068538 -0.196615
v -0.353434 -0.084201 -0.191507
v -0.368765 -0.068255 -0.194916
v -0.370301 0.013697 -0.006156
v 0.548754 -0.023484 -0.045275
v 0.555331 -0.022894 -0.043196
v 0.543021 -0.034894 -0.037614
v 0.529960 -0.024079 -0.037707
v 0.482969 -0.017639 -0.090943
v 0.502868 -0.019181 -0.062809
v 0.457486 -0.047441 -0.101256
v 0.370540 -0.060238 -0.119558
v 0.320488 -0.076640 -0.105551
v 0.241494 -0.032029 -0.055369
v 0.268378 -0.057285 -0.074926
v 0.230013 -0.032271 -0.055639
v 0.235754 -0.032189 -0.055484
v 0.235881 -0.050689 -0.043712
v 0.226699 -0.045200 -0.045817
v 0.205821 -0.022199 -0.058609
v 0.210166 -0.040486 -0.048795
v 0.182421 -0.033148 -0.084079
v 0.196242 -0.024329 -0.071872
v 0.182566 -0.052907 -0.073593
v 0.178173 -0.040092 -0.080995
v 0.170983 -0.039096 -0.079014
v 0.174576 -0.039349 -0.080127
v 0.174721 -0.059108 -0.069642
v 0.160287 -0.053570 -0.093787
v 0.131470 -0.060931 -0.119581
v 0.140566 -0.069339 -0.111498
v 0.124499 -0.078947 -0.107382
v 0.006694 -0.020542 -0.051269
v 0.054201 -0.028169 -0.043098
v -0.024745 -0.037893 -0.054499
v -0.130781 -0.063662 -0.101059
v -0.108332 -0.064976 -0.079736
v -0.313398 -0.094894 -0.176652
v -0.286565 -0.095904 -0.179456
v -0.313643 -0.107896 -0.168625
v -0.320260 -0.091948 -0.171948
v -0.320602 -0.091547 -0.171036
v -0.338120 -0.099429 -0.185616
v -0.329357 -0.096060 -0.178018
v -0.329259 -0.109463 -0.170903
v -0.353328 -0.098747 -0.183777
v -0.353224 -0.113007 -0.176201
v -0.368538 -0.097779 -0.182092
v -0.370178 -0.001567 -0.000908
v 0.561910 -0.023721 -0.038245
v 0.567549 -0.035969 -0.022623
v 0.555440 -0.039921 -0.030380
v 0.502982 -0.032740 -0.059311
v 0.196392 -0.043834 -0.063413
v 0.149628 -0.079064 -0.092036
v 0.160465 -0.083859 -0.067023
v 0.140744 -0.099628 -0.084734
v -0.154021 -0.059254 -0.110801
v -0.153795 -0.092108 -0.089894
v -0.177155 -0.070173 -0.110790
v -0.277422 -0.109541 -0.170762
v -0.232886 -0.095381 -0.138942
v -0.297639 -0.124479 -0.164635
v -0.304078 -0.134321 -0.151546
v -0.313221 -0.120684 -0.160240
v -0.320082 -0.117738 -0.155536
v -0.337930 -0.127128 -0.167980
v -0.329175 -0.122615 -0.160997
v -0.368351 -0.124943 -0.164807
v -0.353141 -0.125911 -0.166492
v -0.353057 -0.139063 -0.156586
v -0.370074 -0.015827 0.006668
v 0.522779 -0.026365 -0.024720
v 0.530001 -0.032979 -0.026909
v 0.192172 -0.056007 -0.054923
v 0.182593 -0.058137 -0.068187
v 0.178345 -0.065080 -0.065103
v 0.174748 -0.064338 -0.064236
v 0.117424 -0.097060 -0.069105
v 0.124606 -0.108017 -0.065919
v 0.054247 -0.045758 -0.013275
v 0.101551 -0.026945 -0.016589
v -0.232765 -0.112908 -0.127789
v -0.319604 -0.141181 -0.136130
v -0.304022 -0.144976 -0.140525
v -0.320339 -0.136335 -0.131449
v -0.319917 -0.149123 -0.123064
v -0.319861 -0.159778 -0.112043
v -0.326159 -0.165245 -0.116520
v -0.326325 -0.133860 -0.148992
v -0.334995 -0.151525 -0.146069
v -0.368209 -0.149065 -0.143493
v -0.352998 -0.150283 -0.144981
v -0.369991 -0.028731 0.016377
v 0.537205 -0.039635 -0.024742
v 0.543044 -0.043835 -0.022460
v 0.295212 -0.093573 -0.056178
v 0.320565 -0.106171 -0.055473
v 0.268455 -0.086817 -0.024849
v 0.223284 -0.049875 -0.030296
v 0.226726 -0.055523 -0.028306
v 0.214387 -0.049513 -0.030072
v 0.218836 -0.049656 -0.030254
v 0.218862 -0.059979 -0.012744
v 0.210193 -0.050732 -0.031426
v 0.178388 -0.074631 -0.053539
v 0.192188 -0.060328 -0.048766
v 0.174764 -0.068659 -0.058078
v 0.131751 -0.108738 -0.077326
v 0.140813 -0.118463 -0.057864
v 0.124676 -0.126851 -0.039049
v 0.109518 -0.067743 -0.037027
v -0.056288 -0.050728 -0.042654
v -0.024645 -0.059817 -0.027939
v -0.085995 -0.058495 -0.048947
v -0.071134 -0.056180 -0.043895
v -0.071035 -0.078104 -0.017335
v -0.153741 -0.112953 -0.054546
v -0.176981 -0.108545 -0.064288
v -0.288402 -0.158748 -0.130921
v -0.232672 -0.133540 -0.102769
v -0.303928 -0.165608 -0.115505
v -0.303896 -0.174419 -0.102941
v -0.319516 -0.160647 -0.112545
v -0.319829 -0.168590 -0.099479
v -0.328915 -0.174906 -0.103201
v -0.334900 -0.172431 -0.120744
v -0.352964 -0.159551 -0.131752
v -0.350113 -0.170796 -0.119746
v -0.352869 -0.180456 -0.106427
v -0.368116 -0.169553 -0.118659
v -0.369932 -0.039950 0.027982
v 0.548855 -0.045887 -0.018107
v 0.555435 -0.046713 -0.013156
v 0.543039 -0.050627 -0.005235
v 0.530024 -0.041920 -0.011755
v 0.483315 -0.067984 -0.058910
v 0.503073 -0.052708 -0.035118
v 0.334605 -0.125721 -0.028390
v 0.359881 -0.108788 -0.077762
v 0.230134 -0.058925 -0.023347
v 0.235874 -0.058765 -0.023231
v 0.235868 -0.066812 -0.002835
v 0.241615 -0.058576 -0.023200
v 0.226719 -0.063600 -0.007826
v 0.205999 -0.052505 -0.031828
v 0.210221 -0.061533 -0.013104
v 0.182692 -0.080654 -0.039990
v 0.196475 -0.062030 -0.041374
v 0.182687 -0.086157 -0.026043
v 0.178400 -0.084456 -0.033435
v 0.171170 -0.070897 -0.050902
v 0.174810 -0.081191 -0.040206
v 0.174806 -0.086694 -0.026258
v 0.160511 -0.096391 -0.049150
v -0.108306 -0.074987 -0.062753
v -0.108192 -0.100047 -0.032381
v -0.130529 -0.106528 -0.063170
v -0.319475 -0.176182 -0.086209
v -0.303888 -0.181142 -0.089169
v -0.319821 -0.175313 -0.085707
v -0.337647 -0.189319 -0.092620
v -0.328906 -0.182133 -0.088397
v -0.352860 -0.187684 -0.091623
v -0.352852 -0.194764 -0.077118
v -0.368074 -0.185902 -0.090924
v -0.369898 -0.049218 0.041211
v 0.503113 -0.061608 -0.024319
v 0.268448 -0.094863 -0.004452
v 0.196503 -0.072831 -0.023052
v 0.140725 -0.123052 -0.025374
v 0.151430 -0.110090 -0.009253
v 0.131733 -0.132162 -0.017966
v -0.153715 -0.122965 -0.037563
v -0.277064 -0.188470 -0.075081
v -0.221427 -0.142631 -0.071949
v -0.221373 -0.163476 -0.036600
v -0.319484 -0.187400 -0.057770
v -0.303905 -0.185638 -0.074502
v -0.292660 -0.194729 -0.043682
v -0.320224 -0.180945 -0.055799
v -0.319870 -0.188538 -0.042528
v -0.319887 -0.193033 -0.027861
v -0.326184 -0.199930 -0.029409
v -0.326134 -0.186705 -0.072588
v -0.334867 -0.201118 -0.062007
v -0.368083 -0.197718 -0.060983
v -0.352870 -0.199500 -0.061682
v -0.369890 -0.056299 0.055716
v 0.561962 -0.043721 -0.004331
v 0.567491 -0.038942 -0.001524
v 0.555377 -0.049686 0.007943
v 0.522772 -0.036127 0.000051
v 0.529976 -0.042782 0.002217
v 0.192191 -0.077681 -0.009050
v 0.182667 -0.087206 -0.018596
v 0.178375 -0.091007 -0.012040
v 0.174786 -0.087743 -0.018811
v 0.124588 -0.131441 -0.006559
v 0.109564 -0.085332 -0.007203
v 0.022704 -0.058594 -0.001430
v -0.130637 -0.118930 -0.007322
v -0.108327 -0.102437 0.006484
v -0.313019 -0.198569 -0.028174
v -0.286178 -0.201402 -0.028753
v -0.313405 -0.199706 -0.012933
v -0.329018 -0.202484 -0.013157
v -0.334929 -0.208244 -0.029947
v -0.352913 -0.201749 -0.045690
v -0.350141 -0.206322 -0.029881
v -0.352975 -0.208875 -0.013629
v -0.368144 -0.204703 -0.029555
v -0.369908 -0.061035 0.071152
v 0.572949 -0.028688 0.006350
v 0.576321 -0.006531 0.004849
v 0.567362 -0.036439 0.024642
v 0.537141 -0.046894 0.007918
v 0.542952 -0.048946 0.012272
v 0.320546 -0.129923 0.004740
v 0.359862 -0.132539 -0.017548
v 0.223211 -0.058266 0.007457
v 0.226619 -0.061668 0.012417
v 0.214315 -0.057835 0.007366
v 0.218763 -0.058054 0.007324
v 0.218663 -0.056122 0.027567
v 0.210121 -0.059608 0.006964
v 0.178324 -0.091919 0.002924
v 0.192160 -0.077544 -0.001532
v 0.171158 -0.086471 -0.011415
v 0.174727 -0.090784 0.002803
v 0.174696 -0.090647 0.010321
v 0.151372 -0.113132 0.012361
v 0.117330 -0.122235 0.013062
v 0.124387 -0.127545 0.034145
v -0.153786 -0.124245 -0.016822
v -0.153921 -0.126635 0.022043
v -0.176998 -0.130670 -0.008198
v -0.277185 -0.202371 -0.012541
v -0.232739 -0.168285 -0.004880
v -0.297544 -0.206211 0.002967
v -0.304132 -0.201423 0.018552
v -0.313124 -0.200454 0.002339
v -0.319993 -0.194918 0.002652
v -0.337832 -0.210520 0.002766
v -0.329087 -0.202206 0.003304
v -0.353044 -0.208598 0.002832
v -0.353112 -0.208329 0.018970
v -0.368255 -0.206684 0.002575
v -0.369951 -0.063284 0.087145
v 0.548734 -0.048059 0.017046
v 0.555261 -0.045066 0.025871
v 0.542836 -0.044325 0.030200
v 0.529889 -0.041101 0.019724
v 0.471196 -0.098828 -0.001177
v 0.490903 -0.072485 0.009221
v 0.229989 -0.061508 0.018444
v 0.235730 -0.061318 0.018475
v 0.235592 -0.055843 0.039712
v 0.241471 -0.061147 0.018433
v 0.226481 -0.056174 0.033727
v 0.205923 -0.061282 0.007659
v 0.210017 -0.057584 0.028130
v 0.182537 -0.088820 0.017448
v 0.196405 -0.074583 0.005474
v 0.182383 -0.081554 0.038609
v 0.178138 -0.084515 0.031603
v 0.174541 -0.083381 0.031481
v -0.232811 -0.169565 0.015861
v -0.319798 -0.193003 0.033027
v -0.304218 -0.198761 0.033655
v -0.320527 -0.186354 0.031860
v -0.320246 -0.187101 0.047132
v -0.320332 -0.184439 0.062235
v -0.326643 -0.191286 0.063962
v -0.326389 -0.199102 0.019483
v -0.335203 -0.207138 0.035406
v -0.368413 -0.203621 0.034612
v -0.353203 -0.205534 0.034869
v -0.370019 -0.063015 0.103283
v 0.490855 -0.073347 0.023192
v 0.285022 -0.112161 0.020750
v 0.310280 -0.118979 0.031592
v 0.258182 -0.083920 0.022399
v 0.196300 -0.072559 0.026640
v 0.124160 -0.116876 0.065171
v 0.131419 -0.126082 0.045549
v -0.056404 -0.064043 0.017247
v 0.022488 -0.049984 0.031912
v -0.086128 -0.073708 0.019550
v -0.071282 -0.068257 0.020790
v -0.071498 -0.059647 0.054132
v -0.154227 -0.110296 0.059685
v -0.177376 -0.115611 0.050185
v -0.288755 -0.199079 0.050585
v -0.233014 -0.161464 0.047267
v -0.304421 -0.190659 0.065060
v -0.304527 -0.185679 0.079568
v -0.319990 -0.185361 0.062637
v -0.320438 -0.179459 0.076742
v -0.329547 -0.186183 0.079590
v -0.335409 -0.198931 0.067212
v -0.353314 -0.200290 0.050145
v -0.350616 -0.197186 0.066323
v -0.353520 -0.192083 0.081951
v -0.368615 -0.195582 0.065787
v -0.370109 -0.060221 0.119181
v 0.522605 -0.029479 0.025829
v 0.529770 -0.033590 0.031531
v 0.332254 -0.123792 0.045567
v 0.382021 -0.131513 0.025981
v 0.368471 -0.118564 0.055966
v 0.296731 -0.106030 0.061577
v 0.191901 -0.068254 0.040794
v 0.170949 -0.082428 0.030840
v 0.174391 -0.076296 0.052122
v 0.151146 -0.102463 0.043388
v 0.150996 -0.095379 0.064028
v -0.108474 -0.094591 0.024569
v -0.108721 -0.084744 0.062695
v -0.130919 -0.113473 0.049629
v -0.320218 -0.173182 0.090680
v -0.304649 -0.178481 0.093103
v -0.320561 -0.172260 0.090278
v -0.338445 -0.186110 0.097384
v -0.329678 -0.178465 0.094134
v -0.353652 -0.184365 0.096495
v -0.353781 -0.176789 0.110755
v -0.368856 -0.182762 0.095323
v -0.369847 -0.091397 0.127233
v 0.561715 -0.033879 0.033806
v 0.567172 -0.023624 0.041680
v 0.555072 -0.032251 0.042910
v 0.536891 -0.033567 0.038611
v 0.542673 -0.032680 0.043386
v 0.258045 -0.078444 0.043636
v 0.222922 -0.042864 0.042939
v 0.226292 -0.042704 0.048966
v 0.214028 -0.042558 0.042555
v 0.218476 -0.042770 0.042688
v 0.218287 -0.029300 0.057927
v 0.209830 -0.044232 0.043250
v 0.116643 -0.081939 0.088955
v 0.123675 -0.080476 0.100360
v 0.109362 -0.081437 0.033500
v -0.154374 -0.102449 0.077771
v -0.277963 -0.171392 0.107559
v -0.222019 -0.141878 0.072835
v -0.222325 -0.125539 0.110477
v -0.320477 -0.156772 0.116471
v -0.304786 -0.169269 0.105358
v -0.293791 -0.149683 0.130927
v -0.321182 -0.151380 0.112415
v -0.320963 -0.145103 0.126353
v -0.321099 -0.135891 0.138609
v -0.327436 -0.141193 0.143220
v -0.327034 -0.168350 0.107144
v -0.335932 -0.168278 0.124938
v -0.369129 -0.165478 0.122486
v -0.353925 -0.167081 0.123659
v -0.368744 -0.188006 0.080047
v 0.548435 -0.029159 0.046754
v 0.554889 -0.017972 0.054689
v 0.542491 -0.018401 0.055165
v 0.529607 -0.021944 0.044716
v 0.458673 -0.089832 0.063581
v 0.490541 -0.053474 0.054410
v 0.265354 -0.066019 0.069185
v 0.287329 -0.070832 0.083160
v 0.241174 -0.043761 0.051186
v 0.257886 -0.066534 0.055152
v 0.248484 -0.031337 0.076735
v 0.229692 -0.044052 0.051316
v 0.235433 -0.043881 0.051275
v 0.235274 -0.031971 0.062790
v 0.226133 -0.030742 0.060528
v 0.205621 -0.045174 0.044761
v 0.209632 -0.030148 0.059186
v 0.182141 -0.066212 0.062720
v 0.196058 -0.057217 0.050751
v 0.181926 -0.050133 0.078264
v 0.177769 -0.061170 0.068307
v 0.170589 -0.059649 0.066640
v 0.174182 -0.060602 0.067282
v 0.173967 -0.044523 0.082826
v 0.150786 -0.079684 0.079188
v 0.123247 -0.046981 0.128002
v 0.130765 -0.081919 0.104218
v -0.150440 -0.076811 0.095047
v -0.128095 -0.055928 0.090027
v -0.314269 -0.139407 0.142956
v -0.287445 -0.141530 0.145156
v -0.314754 -0.127738 0.152838
v -0.330385 -0.129564 0.154817
v -0.336237 -0.146535 0.149545
v -0.354079 -0.155476 0.134878
v -0.351435 -0.145362 0.147888
v -0.354384 -0.133734 0.159485
v -0.369427 -0.144166 0.146609
v -0.368888 -0.178298 0.092950
v 0.490422 -0.045963 0.066217
v 0.345670 -0.089228 0.100768
v 0.314293 -0.049218 0.108376
v 0.195860 -0.043133 0.066687
v 0.139814 -0.080048 0.099731
v 0.159408 -0.044318 0.102343
v 0.139386 -0.046553 0.127373
v -0.173749 -0.073634 0.105103
v -0.278557 -0.128965 0.155565
v -0.233915 -0.102698 0.132915
v -0.299035 -0.118689 0.167594
v -0.305682 -0.103256 0.172819
v -0.314570 -0.115821 0.162411
v -0.321401 -0.112305 0.158064
v -0.339352 -0.121421 0.170594
v -0.330551 -0.116079 0.164268
v -0.354550 -0.120249 0.168936
v -0.354712 -0.107021 0.178205
v -0.369745 -0.119333 0.167096
v -0.369043 -0.166694 0.104170
v 0.572554 -0.000515 0.038221
v 0.566907 0.002045 0.047385
v 0.536551 -0.004753 0.055612
v 0.542313 -0.001232 0.058980
v 0.240846 -0.016012 0.067550
v 0.248314 -0.015497 0.081583
v 0.229475 -0.027070 0.065333
v 0.235216 -0.026951 0.065245
v 0.235047 -0.011110 0.070093
v 0.222680 -0.024759 0.060443
v 0.226080 -0.026107 0.062794
v 0.226023 -0.021087 0.065248
v 0.218234 -0.024665 0.060192
v 0.205368 -0.026240 0.063067
v 0.209577 -0.025298 0.061557
v 0.213970 -0.020757 0.064074
v 0.191412 -0.031328 0.075574
v 0.181849 -0.043370 0.081564
v 0.177477 -0.038329 0.087151
v 0.170304 -0.037366 0.085028
v 0.173892 -0.037935 0.086053
v 0.173815 -0.031172 0.089353
v 0.159332 -0.037730 0.105570
v 0.108877 -0.045036 0.068689
v -0.086716 -0.034049 0.072231
v -0.071838 -0.029835 0.068688
v -0.234082 -0.088093 0.140052
v -0.230148 -0.062454 0.157328
v -0.290314 -0.091519 0.185140
v -0.319587 -0.087421 0.176461
v -0.304052 -0.090289 0.181644
v -0.304219 -0.075684 0.188781
v -0.320079 -0.073287 0.182257
v -0.321709 -0.086254 0.173432
v -0.321893 -0.098171 0.163859
v -0.330859 -0.090028 0.179636
v -0.370237 -0.076164 0.188180
v -0.355042 -0.077079 0.190020
v -0.369205 -0.153466 0.113438
v 0.561314 0.000042 0.053818
v 0.548074 0.003592 0.059674
v 0.554710 0.000500 0.055830
v 0.529463 -0.008925 0.049853
v 0.522342 -0.008948 0.042773
v 0.510102 -0.010211 0.061328
v 0.478039 -0.034206 0.089909
v 0.457979 -0.035540 0.108376
v 0.415497 -0.068786 0.110391
v 0.333121 -0.035400 0.127791
v 0.274780 -0.017004 0.110184
v 0.248262 -0.009930 0.081481
v 0.229253 -0.005587 0.070108
v 0.222475 -0.004913 0.064854
v 0.225870 -0.005876 0.067393
v 0.213811 -0.004849 0.066316
v 0.205153 -0.005482 0.067681
v 0.195567 -0.016550 0.077172
v 0.195512 -0.011700 0.079543
v 0.181555 -0.016788 0.092050
v 0.177249 -0.016932 0.093703
v 0.139061 -0.014064 0.131951
v 0.130011 -0.015935 0.136438
v 0.122851 -0.006177 0.130514
v 0.101244 -0.014709 0.030830
v 0.053825 -0.023228 0.038607
v -0.025283 -0.028677 0.057283
v -0.151116 -0.017652 0.123941
v -0.109396 -0.025585 0.091589
v -0.174270 -0.027966 0.127406
v -0.234603 -0.042425 0.162355
v -0.279516 -0.044971 0.196594
v -0.299851 -0.045253 0.197945
v -0.319901 -0.058987 0.187678
v -0.306162 -0.060217 0.191174
v -0.322022 -0.057820 0.184649
v -0.322506 -0.042580 0.185793
v -0.337061 -0.077307 0.191881
v -0.328403 -0.059400 0.191472
v -0.369536 -0.123524 0.125253
v 0.421692 0.004803 -0.129606
v 0.403808 -0.028209 -0.133133
v 0.422062 -0.036023 -0.125702
v 0.429362 -0.056441 -0.115109
v 0.419678 -0.045597 -0.121403
v 0.383628 -0.100097 -0.085741
v 0.408327 -0.071097 -0.100452
v 0.455101 -0.057016 -0.096957
v 0.397668 -0.119647 -0.058657
v 0.455192 -0.076984 -0.072763
v 0.461837 -0.105227 -0.020141
v 0.433623 -0.094259 -0.058188
v 0.383609 -0.123848 -0.025527
v 0.449627 -0.116104 0.013398
v 0.419826 -0.118621 -0.015128
v 0.445450 -0.112688 0.043769
v 0.436091 -0.119088 0.024805
v 0.445137 -0.092815 0.074987
v 0.408727 -0.105165 0.073659
v 0.358960 -0.097444 0.093245
v 0.385925 -0.075829 0.118461
v 0.428787 -0.077002 0.102869
v 0.415565 -0.099859 0.083057
v 0.429446 -0.090844 -0.027817
v 0.406738 -0.078761 -0.048945
v 0.397227 -0.057641 -0.011665
v 0.422146 -0.070426 -0.038410
v 0.405797 -0.054612 -0.010529
v -0.312620 -0.013454 0.200800
v -0.315775 -0.020936 0.197414
v -0.312378 -0.021074 0.200228
v -0.319414 -0.013178 0.195172
v -0.322570 -0.020660 0.191786
v -0.319172 -0.020798 0.194600
v -0.322086 -0.035900 0.190643
v -0.318689 -0.036038 0.193457
v -0.318931 -0.028418 0.194028
v -0.339040 -0.022328 0.207491
v -0.334613 -0.022035 0.203393
v -0.336092 -0.013918 0.204651
v -0.336084 -0.038562 0.204975
v -0.331657 -0.038269 0.200878
v -0.333135 -0.030152 0.202135
v -0.325760 -0.021449 0.195198
v -0.327238 -0.013332 0.196456
v -0.330187 -0.021742 0.199296
v -0.370808 -0.022238 0.203369
v -0.361737 -0.030347 0.203175
v -0.361817 -0.022352 0.204300
v -0.370648 -0.038227 0.201120
v -0.361577 -0.046336 0.200926
v -0.361657 -0.038341 0.202051
v -0.343596 -0.046565 0.202787
v -0.343676 -0.038570 0.203912
v -0.352667 -0.038456 0.202981
v -0.348111 -0.014219 0.207685
v -0.346632 -0.022336 0.206427
v -0.363296 -0.014235 0.205558
v -0.354225 -0.022344 0.205364
v -0.345154 -0.030453 0.205169
v 0.351021 -0.002829 0.139431
v 0.379467 -0.007801 0.133941
v 0.372262 0.013794 0.138423
v 0.365430 -0.046019 0.130466
v 0.393876 -0.050990 0.124975
v 0.386671 -0.029396 0.129458
v 0.436358 -0.017744 0.122960
v 0.429154 0.003850 0.127443
v 0.407912 -0.012773 0.128450
v 0.237701 0.010940 0.072252
v 0.237728 0.008157 0.072303
v 0.240599 0.008179 0.072245
v 0.231959 0.010897 0.072369
v 0.231985 0.008114 0.072420
v 0.234856 0.008135 0.072362
v 0.237780 0.002590 0.072405
v 0.240651 0.002612 0.072347
v 0.237754 0.005374 0.072354
v 0.176895 0.020093 0.094825
v 0.179116 0.012701 0.094708
v 0.179048 0.020165 0.093998
v 0.177030 0.005166 0.096245
v 0.179251 -0.002226 0.096128
v 0.179183 0.005238 0.095418
v 0.183557 -0.002083 0.094475
v 0.183490 0.005381 0.093765
v 0.181336 0.005309 0.094592
v 0.169905 0.001635 0.092831
v 0.171730 -0.002049 0.093481
v 0.171622 0.008755 0.095006
v 0.170121 -0.019974 0.089780
v 0.171946 -0.023658 0.090429
v 0.171838 -0.012854 0.091955
v 0.175380 -0.009418 0.094780
v 0.175272 0.001386 0.096305
v 0.173555 -0.005734 0.094130
v 0.175069 0.023778 0.094176
v 0.175137 0.016314 0.094885
v 0.171554 0.016219 0.094296
v 0.173379 0.012534 0.094946
v 0.175205 0.008850 0.095595
v 0.159769 0.013468 0.106021
v 0.159877 0.002664 0.104496
v 0.139714 0.015526 0.129351
v 0.139822 0.004721 0.127825
v 0.149849 0.003693 0.116161
v 0.160093 -0.018945 0.101445
v 0.159985 -0.008141 0.102970
v -0.309448 0.010496 0.203200
v -0.299205 0.002607 0.202662
v -0.299280 0.010637 0.202524
v -0.309297 -0.005563 0.203476
v -0.299055 -0.013452 0.202938
v -0.299130 -0.005422 0.202800
v -0.278719 -0.013170 0.201587
v -0.278794 -0.005141 0.201449
v -0.288962 -0.005281 0.202124
v -0.312845 0.010634 0.200386
v -0.312770 0.002605 0.200524
v -0.319490 -0.005148 0.195034
v -0.316092 -0.005286 0.197848
v -0.312695 -0.005425 0.200662
v -0.340750 0.010480 0.208331
v -0.336246 0.002543 0.204373
v -0.336323 0.010773 0.204233
v -0.340595 -0.005980 0.208609
v -0.336169 -0.005688 0.204512
v -0.327315 -0.005102 0.196316
v -0.331742 -0.005395 0.200414
v -0.371115 0.009964 0.204089
v -0.363447 0.001903 0.205288
v -0.363522 0.009972 0.205153
v -0.370964 -0.006174 0.204359
v -0.363371 -0.006166 0.205423
v -0.348186 -0.006150 0.207550
v -0.355779 -0.006158 0.206486
v -0.348418 0.018541 0.207132
v -0.348341 0.010311 0.207272
v -0.363600 0.018202 0.205014
v -0.355932 0.010141 0.206212
v -0.348263 0.002080 0.207411
v -0.370884 -0.014169 0.203235
v -0.371035 0.001969 0.202965
v -0.370959 -0.006100 0.203100
v -0.370724 -0.030158 0.200985
v -0.370804 -0.022164 0.202110
v 0.522028 0.024407 0.042661
v 0.525628 0.019715 0.047290
v 0.525571 0.026493 0.045541
v 0.522142 0.010850 0.046160
v 0.525742 0.006158 0.050789
v 0.525685 0.012936 0.049039
v 0.532829 0.010330 0.056547
v 0.532773 0.017108 0.054798
v 0.529229 0.015022 0.051919
v 0.197952 0.014709 0.075971
v 0.193131 0.011599 0.081903
v 0.200173 0.007317 0.075855
v 0.183869 0.023274 0.088067
v 0.186090 0.015882 0.087951
v 0.190531 0.001098 0.087717
v 0.188311 0.008490 0.087834
v -0.179226 0.051664 0.117047
v -0.167482 0.036954 0.120443
v -0.167649 0.056821 0.115315
v -0.178892 0.011931 0.127304
v -0.167148 -0.002779 0.130701
v -0.167315 0.017088 0.125572
v -0.143994 0.007534 0.127236
v -0.144161 0.027401 0.122107
v -0.155738 0.022244 0.123840
v -0.285928 0.034981 0.200357
v -0.257679 0.020251 0.183422
v -0.263472 0.036254 0.183237
v -0.274344 0.002974 0.200726
v -0.246095 -0.011756 0.183792
v -0.251887 0.004247 0.183607
v -0.201182 -0.009209 0.149552
v -0.206974 0.006794 0.149368
v -0.229431 0.005521 0.166487
v -0.296171 0.042869 0.200894
v -0.290379 0.026866 0.201079
v -0.305073 0.026640 0.202339
v -0.294830 0.018751 0.201802
v -0.284587 0.010863 0.201264
v -0.299465 0.050166 0.197263
v -0.303916 0.042051 0.197985
v -0.314955 0.048529 0.191444
v -0.319405 0.040415 0.192167
v -0.311661 0.041233 0.195076
v -0.312817 0.025822 0.199430
v -0.308367 0.033937 0.198708
v -0.322728 0.032524 0.189491
v -0.319433 0.025227 0.193123
v -0.322784 0.002148 0.191402
v -0.319461 0.010039 0.194078
v -0.316139 0.017931 0.196754
v -0.322922 0.054763 0.185582
v -0.322950 0.039575 0.186537
v -0.323366 0.068866 0.179675
v -0.323394 0.053678 0.180631
v -0.323172 0.046627 0.183584
v -0.323006 0.009200 0.188449
v -0.322978 0.024387 0.187493
v -0.326572 0.069712 0.183055
v -0.326378 0.047473 0.186965
v -0.332539 0.057302 0.195723
v -0.332344 0.035063 0.199632
v -0.329361 0.041268 0.193298
v -0.325989 0.002995 0.194783
v -0.326183 0.025234 0.190874
v -0.336848 0.043000 0.203591
v -0.333671 0.026966 0.201166
v -0.339501 0.026807 0.206658
v -0.334997 0.018869 0.202700
v -0.330493 0.010932 0.198741
v -0.371399 0.041896 0.199765
v -0.363739 0.034111 0.202221
v -0.363808 0.042065 0.200825
v -0.371260 0.025987 0.202558
v -0.363669 0.026156 0.203617
v -0.348487 0.026495 0.205736
v -0.356078 0.026326 0.204677
v 0.536187 0.036617 0.048910
v 0.539130 0.030962 0.052763
v 0.539067 0.039029 0.049257
v 0.536311 0.020483 0.055921
v 0.539254 0.014828 0.059774
v 0.539192 0.022895 0.056268
v 0.545015 0.019652 0.060468
v 0.544952 0.027719 0.056963
v 0.542072 0.025307 0.056616
v 0.457148 0.052624 0.108081
v 0.467328 0.035376 0.103472
v 0.467177 0.053291 0.098848
v 0.457449 0.016794 0.117329
v 0.467629 -0.000454 0.112720
v 0.467478 0.017461 0.108096
v 0.487689 0.000879 0.094253
v 0.487538 0.018794 0.089629
v 0.477508 0.018128 0.098862
v 0.428702 0.057596 0.113571
v 0.428853 0.039681 0.118195
v 0.372112 0.031709 0.133799
v 0.400557 0.026737 0.128309
v 0.429003 0.021766 0.122819
v 0.278007 0.069265 0.088699
v 0.295760 0.050602 0.105911
v 0.290560 0.074753 0.092278
v 0.288408 0.020964 0.115966
v 0.306160 0.002301 0.133178
v 0.300960 0.026452 0.119544
v 0.331265 0.013277 0.140335
v 0.326064 0.037428 0.126702
v 0.313512 0.031940 0.123123
v 0.240437 0.027089 0.068036
v 0.253741 0.018176 0.083773
v 0.253696 0.023552 0.082388
v 0.240527 0.016338 0.070808
v 0.253832 0.007425 0.086545
v 0.253786 0.012800 0.085159
v 0.280349 0.000350 0.115248
v 0.280304 0.005726 0.113862
v 0.267045 0.009263 0.099511
v 0.264703 0.078178 0.072962
v 0.269904 0.054027 0.086595
v 0.248496 0.047702 0.068754
v 0.261800 0.038790 0.084491
v 0.275104 0.029877 0.100229
v 0.228898 0.034461 0.064314
v 0.231832 0.026621 0.066960
v 0.231769 0.034483 0.064256
v 0.229025 0.018738 0.069723
v 0.231896 0.018759 0.069665
v 0.237638 0.018802 0.069548
v 0.234767 0.018781 0.069606
v 0.237503 0.034929 0.065390
v 0.237548 0.029554 0.066776
v 0.231724 0.039859 0.062870
v 0.234658 0.032018 0.065516
v 0.237593 0.024178 0.068162
v 0.222108 0.038281 0.054850
v 0.223871 0.029098 0.060257
v 0.223799 0.038425 0.056208
v 0.222251 0.019625 0.062949
v 0.224014 0.010442 0.068356
v 0.223942 0.019770 0.064307
v 0.227397 0.010731 0.071070
v 0.227325 0.020059 0.067021
v 0.225634 0.019914 0.065664
v 0.227135 0.043644 0.058907
v 0.227198 0.035783 0.061612
v 0.223736 0.046287 0.053503
v 0.225499 0.037104 0.058910
v 0.227262 0.027921 0.064316
v 0.176741 0.038209 0.090440
v 0.183812 0.030376 0.085617
v 0.183783 0.033927 0.084392
v 0.176798 0.031108 0.092890
v 0.183840 0.026825 0.086842
v 0.197924 0.018259 0.074746
v 0.190882 0.022542 0.080794
v 0.174984 0.034430 0.090500
v 0.175012 0.030879 0.091725
v 0.171526 0.019769 0.093071
v 0.173283 0.023549 0.093011
v 0.175041 0.027328 0.092950
v 0.125731 0.067968 0.122063
v 0.125856 0.052456 0.127393
v 0.129311 0.063089 0.125025
v 0.118821 0.046702 0.126799
v 0.118946 0.031191 0.132129
v 0.122401 0.041824 0.129761
v 0.126106 0.021433 0.138053
v 0.129561 0.032066 0.135685
v 0.125981 0.036945 0.132723
v -0.132829 0.066267 0.102239
v -0.121351 0.044177 0.100315
v -0.121488 0.062035 0.092560
v -0.132554 0.030550 0.117749
v -0.121077 0.008459 0.115825
v -0.121214 0.026318 0.108070
v -0.098396 -0.000005 0.096467
v -0.098534 0.017854 0.088712
v -0.109874 0.022086 0.098391
v -0.322875 0.069472 0.181064
v -0.315072 0.063037 0.186463
v -0.315130 0.070290 0.183973
v -0.322758 0.054965 0.186045
v -0.315013 0.055783 0.188954
v -0.299523 0.057419 0.194772
v -0.307268 0.056601 0.191863
v -0.323097 0.076524 0.178110
v -0.323039 0.069270 0.180601
v -0.323425 0.076119 0.177184
v -0.323202 0.069068 0.180138
v -0.322980 0.062016 0.183091
v -0.328032 0.077518 0.180485
v -0.331015 0.071313 0.186819
v -0.336918 0.080720 0.188011
v -0.339901 0.074515 0.194345
v -0.335458 0.072914 0.190582
v -0.336982 0.058903 0.199486
v -0.333998 0.065108 0.193153
v -0.363992 0.064966 0.192937
v -0.354944 0.057644 0.196488
v -0.362666 0.073063 0.191403
v -0.348549 0.034129 0.203107
v -0.347222 0.042225 0.201573
v -0.344570 0.058419 0.198506
v -0.345896 0.050322 0.200039
v -0.348949 0.081837 0.190794
v -0.347490 0.074031 0.193364
v -0.364126 0.080869 0.188833
v -0.355078 0.073547 0.192384
v -0.346030 0.066225 0.195935
v -0.371653 0.072751 0.190481
v -0.363931 0.057332 0.195566
v -0.371530 0.057484 0.195740
v -0.363870 0.049699 0.198195
v -0.356209 0.041914 0.200651
v 0.547734 0.045495 0.045905
v 0.551090 0.037456 0.049870
v 0.551036 0.045266 0.044899
v 0.547841 0.029874 0.055845
v 0.551197 0.021835 0.059810
v 0.551143 0.029645 0.054840
v 0.557801 0.021377 0.057798
v 0.557747 0.029188 0.052828
v 0.554445 0.029416 0.053834
v 0.544791 0.051150 0.042053
v 0.544845 0.043340 0.047023
v 0.539014 0.046840 0.044287
v 0.541956 0.041184 0.048140
v 0.544899 0.035529 0.051993
v 0.529110 0.029868 0.046664
v 0.525509 0.034561 0.042035
v 0.532711 0.025175 0.051293
v 0.532586 0.041310 0.044282
v 0.532648 0.033243 0.047787
v 0.483478 0.036674 0.084961
v 0.473298 0.053922 0.089570
v 0.503838 0.002178 0.075742
v 0.493658 0.019426 0.080352
v 0.516079 0.003440 0.057187
v 0.505898 0.020688 0.061797
v 0.499778 0.020057 0.071074
v 0.343437 0.065973 0.127678
v 0.371858 0.063181 0.122976
v 0.371732 0.078917 0.117564
v 0.343690 0.034501 0.138502
v 0.371985 0.047445 0.128388
v 0.428575 0.073332 0.108160
v 0.400280 0.060388 0.118274
v 0.325684 0.084636 0.110466
v 0.325811 0.068900 0.115878
v 0.290433 0.090489 0.086866
v 0.308185 0.071827 0.104078
v 0.325938 0.053164 0.121290
v 0.204769 0.039686 0.057217
v 0.209176 0.029900 0.060722
v 0.209101 0.039654 0.056486
v 0.204919 0.020179 0.065688
v 0.209326 0.010394 0.069192
v 0.209251 0.020147 0.064957
v 0.217991 0.010330 0.067730
v 0.217916 0.020083 0.063495
v 0.213583 0.020115 0.064226
v 0.183112 0.050437 0.081835
v 0.188050 0.039711 0.079472
v 0.190183 0.042603 0.077012
v 0.178846 0.044652 0.086755
v 0.185916 0.036819 0.081932
v 0.200057 0.021152 0.072286
v 0.192987 0.028985 0.077109
v 0.183069 0.056761 0.077811
v 0.180936 0.053869 0.080271
v 0.178716 0.063626 0.074682
v 0.176582 0.060733 0.077142
v 0.178759 0.057301 0.078706
v 0.176669 0.048085 0.085191
v 0.178802 0.050977 0.082731
v 0.169547 0.043402 0.083712
v 0.171359 0.040411 0.085975
v 0.171276 0.050732 0.082427
v 0.169713 0.022760 0.090809
v 0.171442 0.030090 0.089523
v 0.174901 0.044751 0.086952
v 0.173171 0.037421 0.088238
v 0.174770 0.063724 0.074879
v 0.174814 0.057400 0.078903
v 0.171233 0.057057 0.078402
v 0.173045 0.054066 0.080665
v 0.174857 0.051075 0.082928
v 0.139464 0.046549 0.118691
v 0.139339 0.062060 0.113361
v 0.139589 0.031037 0.124021
v 0.159644 0.028980 0.100691
v 0.149616 0.030009 0.112356
v 0.159395 0.059942 0.090047
v 0.159478 0.049621 0.093595
v 0.139256 0.072381 0.109813
v 0.149408 0.055841 0.103478
v 0.159561 0.039301 0.097143
v 0.115010 0.087826 0.096245
v 0.118584 0.081207 0.104851
v 0.118465 0.098459 0.093877
v 0.115247 0.053322 0.118193
v 0.118702 0.063955 0.115825
v 0.125613 0.085220 0.111089
v 0.122157 0.074587 0.113457
v 0.005748 0.037734 0.046768
v 0.029559 0.028775 0.048616
v 0.029458 0.041993 0.042879
v 0.005951 0.011297 0.058241
v 0.029763 0.002338 0.060090
v 0.029661 0.015556 0.054353
v 0.077182 0.010857 0.052313
v 0.077080 0.024075 0.046576
v 0.053370 0.019816 0.050465
v -0.010190 0.053186 0.042933
v -0.010089 0.039968 0.048670
v -0.041864 0.057655 0.046738
v -0.041762 0.044437 0.052474
v -0.025926 0.042203 0.050572
v -0.009885 0.013531 0.060143
v -0.009987 0.026750 0.054407
v -0.087473 0.049943 0.063279
v -0.064057 0.032462 0.065413
v -0.064195 0.050522 0.057576
v -0.087195 0.013823 0.078952
v -0.063779 -0.003658 0.081086
v -0.063918 0.014402 0.073249
v -0.017224 -0.002500 0.069680
v -0.017363 0.015560 0.061844
v -0.040640 0.014981 0.067547
v -0.065179 0.061918 0.050340
v -0.049240 0.046465 0.054175
v -0.080134 0.065975 0.053742
v -0.056718 0.048494 0.055876
v -0.033302 0.031012 0.058010
v -0.156042 0.059970 0.110956
v -0.167786 0.074680 0.107560
v -0.144298 0.045260 0.114352
v -0.144573 0.080977 0.098842
v -0.144435 0.063119 0.106597
v -0.275104 0.093530 0.177354
v -0.252394 0.064618 0.168025
v -0.246856 0.078800 0.160420
v -0.286182 0.065166 0.192566
v -0.257933 0.050436 0.175631
v -0.201435 0.020976 0.141762
v -0.229684 0.035706 0.158697
v -0.201936 0.080576 0.126376
v -0.201769 0.060710 0.131505
v -0.247023 0.098667 0.155291
v -0.224312 0.069755 0.145962
v -0.201602 0.040843 0.136633
v -0.323082 0.097045 0.167778
v -0.315229 0.083836 0.176776
v -0.315278 0.090610 0.173177
v -0.322983 0.083499 0.174975
v -0.315179 0.077063 0.180374
v -0.299573 0.064193 0.191173
v -0.307376 0.070628 0.185774
v -0.282957 0.106738 0.168356
v -0.288496 0.092556 0.175962
v -0.309740 0.104792 0.165571
v -0.301887 0.091583 0.174570
v -0.294034 0.078374 0.183568
v -0.323245 0.096843 0.167315
v -0.323196 0.090070 0.170913
v -0.323474 0.082892 0.173586
v -0.323310 0.083095 0.174049
v -0.323146 0.083297 0.174512
v -0.349001 0.088966 0.187011
v -0.356590 0.088482 0.186030
v -0.364282 0.102255 0.177484
v -0.371870 0.101771 0.176504
v -0.364230 0.095126 0.181267
v -0.371766 0.087513 0.184069
v -0.364178 0.087997 0.185050
v -0.371583 0.064796 0.191877
v -0.371522 0.057163 0.194507
v -0.371322 0.033621 0.199929
v -0.371391 0.041575 0.198532
v -0.371460 0.049530 0.197136
v 0.560939 0.046691 0.037562
v 0.563790 0.039178 0.040756
v 0.563735 0.047692 0.034346
v 0.561048 0.029662 0.050382
v 0.563899 0.022150 0.053576
v 0.563844 0.030664 0.047166
v 0.569492 0.024153 0.047143
v 0.569437 0.032667 0.040733
v 0.566641 0.031665 0.043949
v 0.557583 0.054730 0.033598
v 0.557638 0.046216 0.040008
v 0.550981 0.053780 0.038489
v 0.554337 0.045741 0.042454
v 0.557692 0.037702 0.046418
v 0.505727 0.041024 0.056548
v 0.505784 0.034246 0.058298
v 0.473241 0.060701 0.087821
v 0.489541 0.044084 0.073934
v 0.505841 0.027467 0.060047
v 0.240247 0.057114 0.044872
v 0.248399 0.064135 0.054235
v 0.248351 0.072351 0.046975
v 0.240344 0.040681 0.059391
v 0.248448 0.055919 0.061495
v 0.264655 0.086394 0.065702
v 0.256551 0.071157 0.063598
v 0.237358 0.059578 0.043611
v 0.237406 0.051362 0.050871
v 0.231676 0.048075 0.055610
v 0.234565 0.045610 0.056870
v 0.237454 0.043146 0.058131
v 0.215443 0.037941 0.054522
v 0.217665 0.038054 0.054632
v 0.215371 0.047269 0.050473
v 0.220030 0.019512 0.062840
v 0.219958 0.028840 0.058790
v 0.219814 0.047495 0.050692
v 0.219886 0.038168 0.054741
v 0.211036 0.047727 0.051018
v 0.213329 0.038512 0.055177
v 0.206808 0.048868 0.052327
v 0.211215 0.039083 0.055832
v 0.215622 0.029298 0.059336
v 0.199832 0.050411 0.059580
v 0.199907 0.040658 0.063816
v 0.190108 0.052356 0.072777
v 0.195045 0.041631 0.070414
v 0.199982 0.030905 0.068051
v 0.104707 -0.000047 0.067354
v 0.108326 0.005191 0.087540
v 0.104510 0.020355 0.068610
v 0.112340 -0.030374 0.105214
v 0.115959 -0.025136 0.125399
v 0.112143 -0.009973 0.106469
v 0.115564 0.015667 0.127911
v 0.111747 0.030831 0.108981
v 0.111945 0.010429 0.107725
v 0.111391 0.082588 0.076060
v 0.111510 0.065336 0.087033
v 0.104391 0.037607 0.057636
v 0.108010 0.042845 0.077822
v 0.111629 0.048083 0.098007
v -0.110150 0.058004 0.082799
v -0.121627 0.080095 0.084723
v -0.098672 0.035914 0.080876
v -0.098950 0.072034 0.065203
v -0.098811 0.053974 0.073039
v -0.313594 0.126859 0.155569
v -0.303382 0.120152 0.159831
v -0.300203 0.127833 0.156961
v -0.319952 0.111499 0.161309
v -0.306561 0.112472 0.162701
v -0.279778 0.114419 0.165486
v -0.293170 0.113445 0.164094
v -0.313796 0.132652 0.150585
v -0.316975 0.124971 0.153455
v -0.320558 0.128875 0.146356
v -0.323737 0.121195 0.149226
v -0.320356 0.123083 0.151341
v -0.323333 0.109610 0.159195
v -0.320154 0.117291 0.156325
v -0.323852 0.114219 0.152362
v -0.323650 0.108427 0.157346
v -0.323676 0.088685 0.168602
v -0.323562 0.095660 0.165466
v -0.323447 0.102635 0.162330
v -0.337454 0.123675 0.165080
v -0.334313 0.108289 0.170215
v -0.333011 0.122074 0.161317
v -0.340059 0.096106 0.182876
v -0.335616 0.094505 0.179113
v -0.326729 0.091303 0.171587
v -0.331173 0.092904 0.175350
v -0.326993 0.129605 0.147227
v -0.326905 0.116837 0.155347
v -0.333099 0.134841 0.153197
v -0.329958 0.119456 0.158332
v -0.326817 0.104070 0.163467
v -0.372046 0.128255 0.158157
v -0.364365 0.115158 0.167775
v -0.364406 0.121610 0.162921
v -0.371964 0.115351 0.167866
v -0.364323 0.108707 0.172630
v -0.349043 0.095418 0.182157
v -0.356683 0.102062 0.177393
v 0.521910 0.044535 0.024719
v 0.525469 0.043460 0.031240
v 0.525449 0.047910 0.025842
v 0.521951 0.035636 0.035514
v 0.525489 0.039010 0.036637
v 0.532566 0.045760 0.038884
v 0.529028 0.042385 0.037761
v 0.364098 0.107709 0.100792
v 0.385591 0.096250 0.103248
v 0.392520 0.104916 0.096090
v 0.350239 0.090376 0.115109
v 0.378661 0.087583 0.110406
v 0.435505 0.081998 0.101002
v 0.407083 0.084791 0.105704
v 0.228739 0.063345 0.036147
v 0.231612 0.062090 0.038635
v 0.231580 0.069097 0.030148
v 0.228803 0.049330 0.053122
v 0.231644 0.055082 0.047123
v 0.237326 0.066586 0.035124
v 0.234485 0.060834 0.041123
v 0.227039 0.064666 0.033445
v 0.227071 0.057659 0.041933
v 0.223704 0.053294 0.045016
v 0.225403 0.051973 0.047718
v 0.227103 0.050652 0.050420
v 0.197641 0.056459 0.055313
v 0.192779 0.057431 0.061911
v 0.183536 0.070498 0.059974
v 0.178674 0.071470 0.066572
v 0.185727 0.064451 0.064242
v 0.183055 0.059376 0.075108
v 0.187917 0.058404 0.068509
v 0.176498 0.074903 0.065008
v 0.178688 0.068855 0.069275
v 0.176525 0.069673 0.070414
v 0.178702 0.066241 0.071979
v 0.180878 0.062808 0.073543
v 0.174729 0.071569 0.066769
v 0.174743 0.068954 0.069473
v 0.171219 0.059671 0.075699
v 0.172988 0.063005 0.073938
v 0.174756 0.066339 0.072176
v 0.125432 0.119432 0.075710
v 0.125492 0.108028 0.087503
v 0.129006 0.112813 0.084317
v 0.118405 0.109863 0.082084
v 0.121979 0.103244 0.090690
v 0.129126 0.090005 0.107902
v 0.125552 0.096624 0.099296
v 0.077011 0.050463 0.001830
v 0.077034 0.041667 0.016746
v 0.100823 0.041504 0.003679
v 0.029435 0.050789 0.027964
v 0.053246 0.041830 0.029813
v 0.100868 0.023912 0.033509
v 0.077057 0.032871 0.031661
v -0.144632 0.094039 0.083015
v -0.156239 0.090890 0.087374
v -0.167964 0.113864 0.060078
v -0.179571 0.110716 0.064437
v -0.167905 0.100803 0.075905
v -0.179452 0.084593 0.096091
v -0.167846 0.087741 0.091732
v -0.286739 0.146240 0.140960
v -0.258471 0.124352 0.136099
v -0.264196 0.137195 0.126503
v -0.275290 0.120554 0.160153
v -0.252747 0.111509 0.145695
v -0.207660 0.093419 0.116780
v -0.230204 0.102464 0.131237
v -0.296951 0.152947 0.136698
v -0.291227 0.140104 0.146294
v -0.305927 0.140676 0.147365
v -0.295715 0.133968 0.151628
v -0.285503 0.127261 0.155890
v -0.300197 0.156717 0.129445
v -0.304685 0.150581 0.134778
v -0.315666 0.151986 0.125605
v -0.320154 0.145850 0.130939
v -0.312420 0.148216 0.132859
v -0.313662 0.138310 0.145446
v -0.309173 0.144446 0.140112
v -0.323535 0.143962 0.128825
v -0.320289 0.140192 0.136078
v -0.323805 0.132645 0.139103
v -0.320424 0.134533 0.141217
v -0.317043 0.136422 0.143331
v -0.336242 0.154597 0.138465
v -0.333159 0.146266 0.141386
v -0.333189 0.151979 0.135480
v -0.336182 0.143172 0.150276
v -0.333129 0.140554 0.147291
v -0.327023 0.135317 0.141321
v -0.330076 0.137936 0.144306
v -0.345136 0.136771 0.155462
v -0.346438 0.122987 0.164360
v -0.363104 0.135395 0.154023
v -0.355422 0.122298 0.163641
v -0.347741 0.109202 0.173258
v -0.345166 0.142382 0.149654
v -0.354149 0.141694 0.148934
v -0.363192 0.152227 0.136598
v -0.372176 0.151539 0.135878
v -0.363163 0.146616 0.142406
v -0.372117 0.140317 0.147495
v -0.363133 0.141005 0.148215
v -0.371994 0.121126 0.161940
v -0.371953 0.114674 0.166795
v -0.371808 0.093965 0.179215
v -0.371860 0.101094 0.175432
v -0.371912 0.108223 0.171649
v 0.572236 0.045182 0.009961
v 0.574137 0.035498 0.004597
v 0.574120 0.042174 -0.006725
v 0.572271 0.031830 0.032604
v 0.574172 0.022147 0.027240
v 0.574154 0.028823 0.015918
v 0.577939 0.016131 -0.006132
v 0.577921 0.022807 -0.017454
v 0.576038 0.025815 -0.000768
v 0.569385 0.052695 0.006767
v 0.569403 0.046019 0.018089
v 0.563718 0.054368 0.023024
v 0.566569 0.046855 0.026217
v 0.569420 0.039343 0.029411
v 0.536090 0.058095 0.022685
v 0.538991 0.055780 0.029141
v 0.538979 0.060250 0.021567
v 0.536113 0.049155 0.037831
v 0.539002 0.051310 0.036714
v 0.544780 0.055620 0.034479
v 0.541891 0.053465 0.035597
v 0.414810 0.119317 0.075714
v 0.421708 0.106878 0.084143
v 0.436302 0.107858 0.078169
v 0.385622 0.117356 0.087661
v 0.407114 0.105897 0.090117
v 0.450099 0.082979 0.095028
v 0.428607 0.094438 0.092572
v 0.314988 0.096229 0.091508
v 0.297362 0.099155 0.079708
v 0.332614 0.093302 0.103308
v 0.346472 0.110635 0.088992
v 0.339543 0.101969 0.096150
v 0.221996 0.063095 0.024524
v 0.223677 0.063619 0.027498
v 0.223664 0.068781 0.018739
v 0.222023 0.052771 0.042042
v 0.223690 0.058457 0.036257
v 0.227026 0.069829 0.024686
v 0.225358 0.064143 0.030472
v 0.213110 0.062526 0.024303
v 0.215345 0.057516 0.033099
v 0.215331 0.062640 0.024412
v 0.213136 0.052279 0.041676
v 0.215358 0.052392 0.041786
v 0.219801 0.052619 0.042005
v 0.217580 0.052506 0.041895
v 0.219761 0.068106 0.015728
v 0.219774 0.062943 0.024487
v 0.215318 0.067802 0.015653
v 0.217553 0.062791 0.024449
v 0.219788 0.057781 0.033246
v 0.210996 0.063097 0.024957
v 0.211009 0.057974 0.033644
v 0.206795 0.053992 0.043640
v 0.208909 0.053421 0.042986
v 0.211022 0.052850 0.042331
v 0.176460 0.083999 0.053068
v 0.183520 0.074819 0.053816
v 0.183512 0.076979 0.050737
v 0.176476 0.079678 0.059226
v 0.183528 0.072658 0.056895
v 0.197633 0.058619 0.052234
v 0.190581 0.065639 0.054564
v 0.169344 0.076480 0.056624
v 0.171139 0.074843 0.060006
v 0.171099 0.082429 0.052159
v 0.169424 0.061308 0.072317
v 0.171179 0.067257 0.067853
v 0.174689 0.079155 0.058923
v 0.172934 0.073206 0.063388
v 0.174665 0.085636 0.049686
v 0.174673 0.083475 0.052765
v 0.171091 0.084589 0.049080
v 0.172886 0.082952 0.052462
v 0.174681 0.081315 0.055844
v 0.139136 0.095189 0.086227
v 0.139075 0.106593 0.074434
v 0.139196 0.083785 0.098020
v 0.159334 0.071346 0.078254
v 0.149265 0.077566 0.088137
v 0.159215 0.094103 0.054714
v 0.159255 0.086518 0.062561
v 0.139036 0.114179 0.066587
v 0.149165 0.096555 0.068497
v 0.159295 0.078932 0.070407
v -0.133043 0.113796 0.044168
v -0.121679 0.099876 0.051179
v -0.121704 0.109766 0.034407
v -0.132992 0.094016 0.077712
v -0.121653 0.089985 0.067951
v -0.098976 0.081924 0.048431
v -0.110314 0.085955 0.058191
v -0.323449 0.162834 0.104856
v -0.315698 0.160795 0.113052
v -0.315714 0.165200 0.106776
v -0.323416 0.154025 0.117409
v -0.315682 0.156390 0.119329
v -0.300214 0.161122 0.123168
v -0.307948 0.158756 0.121248
v -0.324083 0.165870 0.088771
v -0.323900 0.158568 0.102122
v -0.323948 0.171529 0.083631
v -0.323987 0.139948 0.125752
v -0.323852 0.145606 0.120612
v -0.323582 0.156923 0.110334
v -0.323717 0.151265 0.115473
v -0.323631 0.170137 0.091505
v -0.323615 0.165732 0.097781
v -0.323964 0.175933 0.077355
v -0.323781 0.168631 0.090706
v -0.323599 0.161328 0.104058
v -0.327183 0.178918 0.079122
v -0.327136 0.165957 0.097613
v -0.333289 0.179090 0.096806
v -0.333241 0.166129 0.115296
v -0.330188 0.166043 0.106454
v -0.327040 0.140034 0.134593
v -0.327088 0.152995 0.116103
v -0.336325 0.174460 0.112376
v -0.333224 0.161412 0.122024
v -0.336290 0.165026 0.125831
v -0.333207 0.156696 0.128752
v -0.330123 0.148365 0.131673
v -0.372257 0.171049 0.110243
v -0.363227 0.161493 0.123380
v -0.363244 0.166126 0.116771
v -0.372223 0.161783 0.123461
v -0.363209 0.156860 0.129989
v -0.345183 0.147015 0.143045
v -0.354196 0.151937 0.136517
v -0.345273 0.164153 0.125328
v -0.345243 0.158440 0.131234
v -0.363274 0.171839 0.110865
v -0.354243 0.162283 0.124002
v -0.345213 0.152728 0.137139
v -0.372083 0.137958 0.144516
v -0.372053 0.132347 0.150324
v -0.371837 0.099576 0.173407
v -0.371931 0.113156 0.164769
v -0.372024 0.126737 0.156132
v 0.547688 0.063493 0.015102
v 0.550987 0.060572 0.021268
v 0.550989 0.063968 0.012657
v 0.547683 0.056701 0.032324
v 0.550984 0.057176 0.029878
v 0.557586 0.058126 0.024987
v 0.554285 0.057651 0.027433
v 0.544788 0.065808 0.008647
v 0.544785 0.062412 0.017257
v 0.538982 0.063646 0.012956
v 0.541882 0.061331 0.019412
v 0.544783 0.059016 0.025868
v 0.528996 0.051305 0.024790
v 0.525437 0.052380 0.018269
v 0.532555 0.050230 0.031311
v 0.532531 0.059170 0.016164
v 0.532543 0.054700 0.023737
v 0.475241 0.093323 0.055708
v 0.485403 0.075890 0.055988
v 0.491484 0.083484 0.040072
v 0.463078 0.078134 0.087541
v 0.479322 0.068295 0.071905
v 0.511809 0.048619 0.040632
v 0.495565 0.058457 0.056268
v 0.468342 0.105762 0.047279
v 0.462261 0.098168 0.063195
v 0.442384 0.115453 0.062253
v 0.449282 0.103013 0.070682
v 0.456180 0.090573 0.079112
v 0.204652 0.065638 0.025509
v 0.206767 0.064791 0.025325
v 0.206753 0.070191 0.016167
v 0.204680 0.054839 0.043824
v 0.206781 0.059391 0.034483
v 0.210982 0.068497 0.015799
v 0.208881 0.063944 0.025141
v 0.182923 0.088831 0.038964
v 0.187827 0.078760 0.043387
v 0.189984 0.079651 0.039712
v 0.178609 0.087050 0.046314
v 0.185669 0.077870 0.047062
v 0.199791 0.059510 0.048559
v 0.192730 0.068690 0.047810
v 0.182935 0.092107 0.028269
v 0.180778 0.091216 0.031944
v 0.178646 0.096876 0.014229
v 0.176489 0.095985 0.017904
v 0.178633 0.093601 0.024924
v 0.176464 0.089435 0.039294
v 0.178621 0.090325 0.035619
v 0.174702 0.095462 0.017601
v 0.174689 0.092187 0.028296
v 0.171103 0.087865 0.038385
v 0.172890 0.088388 0.038688
v 0.174677 0.088911 0.038991
v 0.114975 0.127312 0.012658
v 0.118461 0.124686 0.033675
v 0.118488 0.132097 0.009471
v 0.114919 0.112490 0.061067
v 0.118433 0.117274 0.057880
v 0.125460 0.126843 0.051506
v 0.121947 0.122059 0.054693
v 0.111369 0.091384 0.061144
v 0.107868 0.068893 0.051933
v 0.104323 0.063994 0.012890
v 0.104346 0.055199 0.027806
v 0.104368 0.046403 0.042721
v -0.156324 0.113842 0.054775
v -0.167990 0.123754 0.043306
v -0.144658 0.103929 0.066243
v -0.144709 0.123709 0.032699
v -0.144683 0.113819 0.049471
v -0.275561 0.180087 0.088002
v -0.252927 0.151198 0.097594
v -0.247293 0.158200 0.083140
v -0.286829 0.166084 0.116910
v -0.258561 0.144196 0.112049
v -0.202026 0.100421 0.102326
v -0.230294 0.122309 0.107187
v -0.202205 0.139605 0.054844
v -0.202145 0.126544 0.070671
v -0.247353 0.171261 0.067313
v -0.224719 0.142372 0.076906
v -0.202086 0.113482 0.086498
v -0.323477 0.177327 0.077906
v -0.315722 0.171925 0.092993
v -0.315726 0.175288 0.086102
v -0.323469 0.170601 0.091689
v -0.315718 0.168562 0.099885
v -0.300217 0.164484 0.116277
v -0.307968 0.166523 0.108081
v -0.283315 0.185489 0.072914
v -0.288949 0.178488 0.087368
v -0.310092 0.182289 0.071648
v -0.302338 0.176888 0.086735
v -0.294583 0.171486 0.101822
v -0.323643 0.180225 0.070831
v -0.323639 0.176862 0.077722
v -0.323968 0.179296 0.070464
v -0.323802 0.176398 0.077539
v -0.323635 0.173500 0.084614
v -0.328585 0.182619 0.071777
v -0.331638 0.182705 0.080619
v -0.337494 0.190193 0.074771
v -0.340547 0.190279 0.083612
v -0.336093 0.186492 0.082116
v -0.337744 0.182877 0.098303
v -0.334691 0.182791 0.089461
v -0.363286 0.182476 0.089112
v -0.354299 0.179804 0.096867
v -0.363304 0.187192 0.082384
v -0.345277 0.167698 0.118077
v -0.345294 0.172415 0.111349
v -0.345329 0.181848 0.097893
v -0.345312 0.177132 0.104621
v -0.349534 0.192951 0.075858
v -0.348133 0.189250 0.083203
v -0.364705 0.190893 0.075039
v -0.355718 0.188221 0.082794
v -0.346731 0.185549 0.090548
v -0.372287 0.186319 0.081881
v -0.363282 0.178930 0.096363
v -0.372278 0.179227 0.096383
v -0.363278 0.175384 0.103614
v -0.354277 0.171541 0.110846
v -0.372134 0.151857 0.124689
v -0.372117 0.147224 0.131298
v -0.371854 0.104209 0.166797
v -0.371977 0.123400 0.152352
v -0.372100 0.142591 0.137907
v 0.511748 0.061968 0.024439
v 0.511768 0.057518 0.029836
v 0.491464 0.087934 0.034674
v 0.501626 0.070501 0.034954
v 0.511788 0.053068 0.035234
v 0.330352 0.132451 -0.000906
v 0.358505 0.128073 0.024634
v 0.344946 0.133432 -0.006879
v 0.357469 0.121734 0.062121
v 0.372063 0.122714 0.056147
v 0.401251 0.124676 0.044200
v 0.386657 0.123695 0.050174
v 0.305797 0.126711 -0.005548
v 0.319355 0.121352 0.025966
v 0.283804 0.104514 0.048194
v 0.308359 0.110254 0.052837
v 0.332914 0.115994 0.057479
v 0.240226 0.072601 0.013855
v 0.248369 0.077199 0.031137
v 0.248378 0.079623 0.023218
v 0.240208 0.067754 0.029693
v 0.248360 0.074775 0.039056
v 0.264664 0.088818 0.057783
v 0.256512 0.081797 0.048420
v 0.237353 0.073857 0.011367
v 0.237344 0.071433 0.019286
v 0.231589 0.071521 0.022229
v 0.234462 0.070265 0.024717
v 0.237335 0.069009 0.027205
v 0.199749 0.075709 0.021085
v 0.199763 0.070309 0.030243
v 0.189970 0.085051 0.030554
v 0.194873 0.074980 0.034978
v 0.199777 0.064909 0.039401
v 0.125514 0.141252 0.004442
v 0.125496 0.136449 0.020130
v 0.129000 0.138626 0.025460
v 0.118506 0.136900 -0.006217
v 0.121992 0.134273 0.014801
v 0.128964 0.129020 0.056836
v 0.125478 0.131646 0.035818
v -0.313807 0.194261 0.050563
v -0.303643 0.191337 0.058014
v -0.300418 0.195861 0.051197
v -0.320256 0.185213 0.064197
v -0.306867 0.186813 0.064831
v -0.280091 0.190013 0.066097
v -0.293479 0.188413 0.065464
v -0.313961 0.196016 0.043124
v -0.317185 0.191492 0.049941
v -0.320718 0.190478 0.041878
v -0.323943 0.185954 0.048695
v -0.320564 0.188723 0.049318
v -0.323635 0.182444 0.063575
v -0.320410 0.186968 0.056758
v -0.324105 0.185490 0.048511
v -0.323951 0.183735 0.055951
v -0.324122 0.181051 0.063024
v -0.323960 0.181515 0.063207
v -0.323797 0.181980 0.063391
v -0.341922 0.201222 0.052640
v -0.337476 0.195021 0.059019
v -0.337467 0.197435 0.051144
v -0.341940 0.196394 0.068392
v -0.337485 0.192607 0.066895
v -0.328576 0.185033 0.063901
v -0.333031 0.188820 0.065398
v -0.328551 0.191691 0.042133
v -0.328559 0.189471 0.049389
v -0.337459 0.199655 0.043887
v -0.333013 0.193453 0.050266
v -0.328568 0.187252 0.056645
v -0.349507 0.200193 0.052231
v -0.349516 0.197779 0.060107
v -0.364696 0.193307 0.067164
v -0.357111 0.194336 0.067573
v -0.349525 0.195365 0.067982
v -0.349499 0.202556 0.044509
v -0.357093 0.199113 0.051976
v -0.364670 0.200396 0.043998
v -0.372264 0.196953 0.051465
v -0.364679 0.198033 0.051720
v -0.372282 0.192227 0.066908
v -0.364687 0.195670 0.059442
v -0.372147 0.162494 0.102935
v -0.372143 0.158949 0.110186
v -0.371858 0.107754 0.159546
v -0.371998 0.131579 0.138492
v -0.372138 0.155403 0.117438
v 0.560970 0.059666 -0.000506
v 0.563775 0.057342 0.001919
v 0.563804 0.058829 -0.008634
v 0.560913 0.056692 0.020599
v 0.563747 0.055855 0.012471
v 0.569414 0.054182 -0.003785
v 0.566580 0.055019 0.004343
v 0.557672 0.062587 -0.006671
v 0.557643 0.061100 0.003882
v 0.551018 0.065455 0.002104
v 0.554316 0.062534 0.008269
v 0.557615 0.059613 0.014434
v 0.521962 0.050277 -0.001632
v 0.525485 0.053241 0.004300
v 0.525510 0.053672 -0.002685
v 0.521914 0.049416 0.012337
v 0.525461 0.052811 0.011284
v 0.532556 0.059600 0.009179
v 0.529008 0.056206 0.010232
v 0.429521 0.133645 0.009692
v 0.442461 0.124351 0.022221
v 0.442500 0.128800 0.002205
v 0.429443 0.124747 0.049724
v 0.442422 0.119902 0.042237
v 0.468381 0.110211 0.027263
v 0.455402 0.115057 0.034750
v 0.401368 0.138023 -0.015848
v 0.401329 0.133574 0.004168
v 0.344985 0.137881 -0.026895
v 0.373138 0.133503 -0.001355
v 0.401290 0.129125 0.024184
v 0.297654 0.122113 -0.022830
v 0.286657 0.111015 0.004041
v 0.259375 0.090721 -0.003653
v 0.267518 0.095319 0.013630
v 0.275661 0.099916 0.030912
v 0.228774 0.073834 0.002960
v 0.231634 0.073842 0.005762
v 0.231656 0.075002 -0.002471
v 0.228729 0.071513 0.019427
v 0.231611 0.072681 0.013996
v 0.237376 0.075017 0.003134
v 0.234493 0.073849 0.008565
v 0.227093 0.073311 -0.000014
v 0.227071 0.072150 0.008220
v 0.223686 0.069942 0.010506
v 0.225367 0.070466 0.013479
v 0.227048 0.070989 0.016453
v 0.197604 0.078094 0.014065
v 0.192714 0.082765 0.018800
v 0.183535 0.092205 0.009494
v 0.185680 0.089820 0.016514
v 0.187825 0.087436 0.023534
v 0.169340 0.093651 0.017470
v 0.171127 0.094254 0.017514
v 0.171139 0.097449 0.007078
v 0.169316 0.087261 0.038342
v 0.171115 0.091060 0.027949
v 0.174714 0.098657 0.007165
v 0.172915 0.094858 0.017557
v 0.142707 0.131222 0.009667
v 0.148210 0.118849 0.024683
v 0.152797 0.121184 0.003731
v 0.133533 0.126552 0.051571
v 0.143623 0.116514 0.045635
v 0.163802 0.096439 0.033762
v 0.153712 0.106476 0.039698
v 0.163838 0.106024 0.002455
v 0.163826 0.102829 0.012890
v 0.152809 0.124379 -0.006705
v 0.158311 0.112006 0.008311
v 0.163814 0.099634 0.023326
v 0.142725 0.136025 -0.006021
v 0.138138 0.133690 0.014931
v 0.133587 0.140961 0.004508
v 0.133569 0.136158 0.020196
v 0.133551 0.131355 0.035884
v 0.107873 0.085100 0.012813
v 0.104351 0.071406 -0.011314
v 0.111396 0.098795 0.036940
v 0.111452 0.113618 -0.011469
v 0.111424 0.106206 0.012735
v 0.005655 0.061758 0.013652
v 0.029441 0.057993 0.009711
v 0.029443 0.061595 0.000585
v 0.005649 0.054554 0.031905
v 0.029438 0.054391 0.018838
v 0.077014 0.054065 -0.007296
v 0.053226 0.054228 0.005771
v -0.057653 0.072644 0.007015
v -0.041832 0.066158 0.018988
v -0.041816 0.070410 0.005113
v -0.057685 0.064141 0.034765
v -0.041848 0.061907 0.032863
v -0.010174 0.057438 0.029058
v -0.026011 0.059672 0.030960
v -0.010166 0.068244 0.001679
v -0.010169 0.064642 0.010806
v -0.041814 0.074012 -0.004014
v -0.025993 0.067526 0.007959
v -0.010172 0.061040 0.019932
v -0.087557 0.082583 0.007839
v -0.080098 0.075695 0.022006
v -0.080079 0.080555 0.006138
v -0.087593 0.072863 0.039575
v -0.080116 0.070835 0.037874
v -0.065160 0.066778 0.034473
v -0.072638 0.068806 0.036173
v -0.065113 0.079532 -0.007152
v -0.065129 0.075281 0.006723
v -0.080063 0.084806 -0.007737
v -0.072604 0.077918 0.006430
v -0.065145 0.071029 0.020598
v -0.144638 0.124972 0.012217
v -0.156279 0.124994 0.017521
v -0.167778 0.127542 -0.018140
v -0.179418 0.127565 -0.012836
v -0.167848 0.126280 0.002342
v -0.179560 0.125040 0.028128
v -0.167919 0.125017 0.022824
v -0.286801 0.201349 0.027522
v -0.258602 0.180768 0.036629
v -0.264227 0.185521 0.021288
v -0.275552 0.191842 0.058206
v -0.252977 0.176015 0.051971
v -0.207829 0.144359 0.039502
v -0.230403 0.160187 0.045737
v -0.296965 0.204273 0.020072
v -0.291340 0.199520 0.035414
v -0.306043 0.200615 0.035855
v -0.295879 0.197691 0.043305
v -0.285715 0.194767 0.050755
v -0.300160 0.203067 0.011965
v -0.304700 0.201237 0.019857
v -0.315630 0.196994 0.011535
v -0.320169 0.195164 0.019426
v -0.312434 0.198201 0.019641
v -0.313778 0.197578 0.035640
v -0.309239 0.199408 0.027748
v -0.323548 0.192395 0.018804
v -0.320352 0.193602 0.026910
v -0.323914 0.189271 0.033771
v -0.320535 0.192040 0.034394
v -0.317156 0.194809 0.035017
v -0.341847 0.207083 0.020300
v -0.337415 0.201952 0.027578
v -0.337393 0.203101 0.019423
v -0.341891 0.204785 0.036610
v -0.337437 0.200804 0.035733
v -0.328529 0.192840 0.033978
v -0.332983 0.196822 0.034855
v -0.372190 0.202689 0.019762
v -0.364626 0.202645 0.028011
v -0.364605 0.203769 0.020017
v -0.372234 0.200440 0.035749
v -0.364648 0.201520 0.036005
v -0.349477 0.203681 0.036516
v -0.357062 0.202601 0.036260
v -0.349411 0.207127 0.012051
v -0.349433 0.205979 0.020206
v -0.364583 0.204918 0.011863
v -0.357019 0.204874 0.020112
v -0.349455 0.204830 0.028361
v -0.372120 0.169583 0.079770
v -0.372129 0.167220 0.087492
v -0.371850 0.110117 0.151825
v -0.371994 0.137487 0.123519
v -0.372138 0.164857 0.095214
v 0.536208 0.060044 -0.011160
v 0.539068 0.061966 -0.004558
v 0.539112 0.061125 -0.013315
v 0.536122 0.061724 0.006354
v 0.539025 0.062806 0.004199
v 0.544831 0.064968 -0.000110
v 0.541928 0.063887 0.002044
v 0.222133 0.065361 -0.014604
v 0.223786 0.068011 -0.009741
v 0.223836 0.067045 -0.019864
v 0.222033 0.067292 0.005642
v 0.223736 0.068976 0.000383
v 0.227143 0.072345 -0.010137
v 0.225439 0.070661 -0.004877
v 0.213245 0.064765 -0.014496
v 0.215417 0.065879 -0.004421
v 0.215467 0.064917 -0.014458
v 0.213146 0.066688 0.005579
v 0.215368 0.066840 0.005616
v 0.219811 0.067144 0.005691
v 0.217589 0.066992 0.005653
v 0.219961 0.064247 -0.024678
v 0.219911 0.065213 -0.014555
v 0.215517 0.063951 -0.024581
v 0.217689 0.065065 -0.014507
v 0.219861 0.066179 -0.004432
v 0.211131 0.065612 -0.014312
v 0.211081 0.066574 -0.004275
v 0.206802 0.069229 0.006130
v 0.208917 0.068382 0.005946
v 0.211031 0.067535 0.005762
v -0.132883 0.122937 -0.016726
v -0.121581 0.109266 0.004993
v -0.121519 0.109016 -0.009715
v -0.133007 0.123437 0.012688
v -0.121643 0.109516 0.019700
v -0.098914 0.081674 0.033723
v -0.110278 0.095595 0.026712
v -0.098859 0.096254 -0.013880
v -0.098878 0.091394 0.001988
v -0.121501 0.113876 -0.025583
v -0.110198 0.100205 -0.003863
v -0.098896 0.086534 0.017856
v -0.323268 0.193577 -0.011681
v -0.315566 0.196740 -0.003799
v -0.315533 0.196613 -0.011466
v -0.323333 0.193831 0.003653
v -0.315598 0.196867 0.003868
v -0.300128 0.202940 0.004298
v -0.307863 0.199903 0.004083
v -0.323813 0.186559 -0.026473
v -0.323724 0.188505 -0.011381
v -0.323629 0.188121 -0.033957
v -0.324002 0.187326 0.018679
v -0.323819 0.188888 0.011195
v -0.323453 0.192012 -0.003773
v -0.323636 0.190450 0.003711
v -0.323356 0.191632 -0.026773
v -0.323389 0.191759 -0.019106
v -0.323597 0.187994 -0.041624
v -0.323509 0.189940 -0.026532
v -0.323421 0.191885 -0.011439
v -0.326812 0.191448 -0.041967
v -0.326907 0.191831 -0.019390
v -0.333002 0.201992 -0.027802
v -0.333097 0.202375 -0.005226
v -0.330002 0.197103 -0.012308
v -0.327097 0.192598 0.025762
v -0.327002 0.192214 0.003186
v -0.337529 0.207506 -0.012503
v -0.334529 0.202617 0.002990
v -0.340393 0.207990 0.003929
v -0.335961 0.202859 0.011207
v -0.331529 0.197728 0.018484
v -0.372067 0.203413 -0.012456
v -0.364515 0.204651 -0.004287
v -0.364481 0.204518 -0.012362
v -0.372135 0.203680 0.003694
v -0.364549 0.204785 0.003788
v -0.349377 0.206994 0.003976
v -0.356963 0.205889 0.003882
v -0.372055 0.172956 0.055789
v -0.372077 0.171832 0.063783
v -0.371828 0.111242 0.143831
v -0.371963 0.140974 0.107804
v -0.372098 0.170707 0.071776
v 0.547865 0.059956 -0.020389
v 0.551134 0.060833 -0.015816
v 0.551192 0.058522 -0.024777
v 0.547749 0.064578 -0.002469
v 0.551076 0.063144 -0.006856
v 0.557730 0.060276 -0.015631
v 0.554403 0.061710 -0.011244
v 0.545005 0.058035 -0.026991
v 0.544947 0.060346 -0.018031
v 0.539170 0.058814 -0.022275
v 0.542029 0.060736 -0.015673
v 0.544889 0.062657 -0.009071
v 0.529076 0.055796 -0.005510
v 0.525553 0.052832 -0.011442
v 0.532599 0.058760 0.000422
v 0.532685 0.057080 -0.017092
v 0.532642 0.057920 -0.008335
v 0.481484 0.103803 -0.007172
v 0.491572 0.089858 0.003365
v 0.491626 0.090820 -0.012290
v 0.481376 0.101879 0.024137
v 0.491518 0.088896 0.019019
v 0.511802 0.062930 0.008784
v 0.501660 0.075913 0.013902
v 0.468544 0.113097 -0.019701
v 0.468490 0.112135 -0.004047
v 0.442554 0.129762 -0.013450
v 0.455495 0.120468 -0.000921
v 0.468435 0.111173 0.011608
v 0.297723 0.119375 -0.033446
v 0.278583 0.103679 -0.023857
v 0.259581 0.082506 -0.035501
v 0.240442 0.066810 -0.025912
v 0.259512 0.085244 -0.024885
v 0.240304 0.072287 -0.004680
v 0.259444 0.087983 -0.014269
v 0.237582 0.066802 -0.028715
v 0.237513 0.069541 -0.018098
v 0.231725 0.072264 -0.013087
v 0.234585 0.072272 -0.010285
v 0.237444 0.072279 -0.007482
v 0.204795 0.068004 -0.015406
v 0.206907 0.067207 -0.015041
v 0.206959 0.066195 -0.025627
v 0.204690 0.070027 0.005765
v 0.206855 0.068218 -0.004456
v 0.211183 0.064601 -0.024898
v 0.209019 0.066409 -0.014677
v 0.183083 0.094753 -0.014527
v 0.187923 0.089200 -0.004996
v 0.190117 0.087697 -0.012242
v 0.178695 0.097758 -0.000037
v 0.185729 0.090702 0.002249
v 0.199798 0.076591 0.006820
v 0.192764 0.083647 0.004535
v 0.183146 0.092813 -0.025547
v 0.180952 0.094316 -0.018302
v 0.178884 0.091941 -0.033097
v 0.176689 0.093444 -0.025851
v 0.178821 0.093880 -0.022077
v 0.176564 0.097322 -0.003812
v 0.178758 0.095819 -0.011057
v 0.169536 0.091173 -0.025211
v 0.171262 0.093668 -0.014419
v 0.171323 0.091777 -0.025168
v 0.169413 0.094955 -0.003714
v 0.171201 0.095559 -0.003670
v 0.174775 0.096766 -0.003584
v 0.172988 0.096162 -0.003627
v 0.174963 0.090949 -0.036644
v 0.174901 0.092888 -0.025624
v 0.171386 0.089838 -0.036188
v 0.173112 0.092333 -0.025396
v 0.174838 0.094827 -0.014604
v 0.164021 0.100351 -0.029791
v 0.163960 0.102242 -0.019042
v 0.152870 0.122488 -0.017454
v 0.158384 0.113311 -0.012874
v 0.163899 0.104133 -0.008294
v 0.129294 0.134910 -0.038704
v 0.133771 0.135282 -0.027810
v 0.133863 0.132442 -0.043968
v 0.129110 0.140589 -0.006387
v 0.133679 0.138121 -0.011651
v 0.142817 0.133185 -0.022179
v 0.138248 0.135653 -0.016915
v 0.125790 0.132734 -0.044034
v 0.125698 0.135573 -0.027875
v 0.118599 0.134060 -0.022376
v 0.122102 0.136236 -0.017046
v 0.125606 0.138413 -0.011716
v -0.156146 0.126007 -0.017668
v -0.167716 0.127292 -0.032847
v -0.144576 0.124722 -0.002490
v -0.144453 0.124222 -0.031905
v -0.144515 0.124472 -0.017197
v -0.275229 0.197607 -0.035147
v -0.252762 0.179857 -0.010264
v -0.247030 0.177026 -0.026040
v -0.286693 0.203271 -0.003596
v -0.258495 0.182689 0.005512
v -0.202097 0.141527 0.023726
v -0.230296 0.162108 0.014619
v -0.201885 0.145314 -0.037719
v -0.201955 0.144052 -0.017237
v -0.246959 0.178288 -0.046522
v -0.224493 0.160539 -0.021639
v -0.202026 0.142789 0.003245
v -0.323107 0.189457 -0.042001
v -0.315447 0.193951 -0.026568
v -0.315404 0.192620 -0.034119
v -0.323193 0.192119 -0.026899
v -0.315490 0.195282 -0.019017
v -0.300085 0.201609 -0.003253
v -0.307788 0.198445 -0.011135
v -0.282888 0.193113 -0.050580
v -0.288621 0.195945 -0.034805
v -0.309672 0.189788 -0.049895
v -0.302012 0.194282 -0.034462
v -0.294353 0.198777 -0.019029
v -0.323227 0.187638 -0.049427
v -0.323270 0.188969 -0.041875
v -0.323554 0.186663 -0.049175
v -0.323434 0.188482 -0.041750
v -0.323313 0.190301 -0.034324
v -0.328164 0.190128 -0.050096
v -0.331258 0.195400 -0.043014
v -0.337056 0.198032 -0.052190
v -0.340150 0.203304 -0.045108
v -0.335704 0.199352 -0.044061
v -0.337448 0.205944 -0.028849
v -0.334353 0.200672 -0.035931
v -0.364345 0.200326 -0.036209
v -0.355406 0.202719 -0.028307
v -0.362913 0.200084 -0.044425
v -0.349331 0.205597 -0.003973
v -0.347899 0.205355 -0.012189
v -0.345036 0.204871 -0.028621
v -0.346468 0.205113 -0.020405
v -0.349089 0.200910 -0.053010
v -0.347738 0.202230 -0.044880
v -0.364264 0.198764 -0.052555
v -0.355326 0.201157 -0.044653
v -0.346387 0.203551 -0.036751
v -0.371897 0.199088 -0.044378
v -0.364390 0.201723 -0.028260
v -0.371988 0.201882 -0.028480
v -0.364436 0.203121 -0.020311
v -0.356884 0.204359 -0.012142
v -0.371953 0.172556 0.031565
v -0.371987 0.172689 0.039640
v -0.371794 0.111108 0.135756
v -0.371908 0.141965 0.091735
v -0.372021 0.172823 0.047714
v 0.511875 0.064222 -0.012169
v 0.511850 0.063792 -0.005185
v 0.491650 0.091251 -0.019274
v 0.501738 0.077306 -0.008737
v 0.511826 0.063361 0.001800
v 0.265204 0.084192 -0.065121
v 0.276044 0.095920 -0.054563
v 0.284275 0.102627 -0.064094
v 0.248742 0.070778 -0.046059
v 0.267812 0.089213 -0.045032
v 0.305954 0.126082 -0.042977
v 0.286883 0.107647 -0.044005
v 0.228968 0.066885 -0.028868
v 0.231839 0.066857 -0.028817
v 0.231897 0.064154 -0.036681
v 0.228854 0.072292 -0.013138
v 0.231782 0.069561 -0.020952
v 0.237639 0.064099 -0.036579
v 0.234711 0.066830 -0.028766
v 0.227315 0.064235 -0.033731
v 0.227257 0.066938 -0.025866
v 0.223893 0.064342 -0.027728
v 0.225547 0.066992 -0.022865
v 0.227200 0.069642 -0.018002
v 0.199955 0.073557 -0.024937
v 0.199902 0.074568 -0.014351
v 0.190170 0.086685 -0.022827
v 0.195010 0.081133 -0.013297
v 0.199850 0.075580 -0.003766
v 0.147747 0.109408 -0.066896
v 0.153172 0.106389 -0.054528
v 0.153323 0.098339 -0.073065
v 0.147445 0.125507 -0.029822
v 0.153021 0.114439 -0.035991
v 0.164172 0.092301 -0.048328
v 0.158597 0.103370 -0.042160
v 0.143270 0.109036 -0.077791
v 0.143119 0.117086 -0.059254
v 0.134014 0.124392 -0.062505
v 0.138491 0.124764 -0.051611
v 0.142968 0.125136 -0.040717
v 0.115460 0.110306 -0.067801
v 0.118904 0.117782 -0.059879
v 0.119056 0.109642 -0.078630
v 0.115155 0.126584 -0.030298
v 0.118751 0.125921 -0.041127
v 0.125943 0.124594 -0.062785
v 0.122347 0.125258 -0.051956
v -0.313236 0.187086 -0.074002
v -0.303120 0.189095 -0.066195
v -0.299844 0.188749 -0.074345
v -0.319788 0.187779 -0.057702
v -0.306396 0.189442 -0.058045
v -0.279612 0.192766 -0.058730
v -0.293004 0.191104 -0.058388
v -0.313347 0.184131 -0.081051
v -0.316623 0.184478 -0.072901
v -0.320121 0.178914 -0.078848
v -0.323397 0.179260 -0.070698
v -0.320010 0.181869 -0.071799
v -0.323175 0.185170 -0.056601
v -0.319899 0.184824 -0.064751
v -0.323561 0.178773 -0.070572
v -0.323450 0.181728 -0.063524
v -0.323665 0.183708 -0.056223
v -0.323502 0.184196 -0.056349
v -0.323338 0.184683 -0.056475
v -0.341331 0.193943 -0.076601
v -0.336942 0.192671 -0.067766
v -0.336885 0.189991 -0.075554
v -0.341445 0.199303 -0.061025
v -0.336999 0.195351 -0.059978
v -0.328107 0.187447 -0.057884
v -0.332553 0.191399 -0.058931
v -0.327950 0.180044 -0.079407
v -0.328002 0.182512 -0.072233
v -0.336833 0.187523 -0.082728
v -0.332444 0.186251 -0.073893
v -0.328055 0.184980 -0.065058
v -0.348919 0.192869 -0.076374
v -0.348976 0.195550 -0.068586
v -0.364208 0.196084 -0.060343
v -0.356620 0.197157 -0.060570
v -0.349032 0.198230 -0.060798
v -0.348863 0.190246 -0.084006
v -0.356508 0.191853 -0.075991
v -0.364041 0.188214 -0.083240
v -0.371685 0.189821 -0.075224
v -0.364096 0.190837 -0.075607
v -0.371796 0.195068 -0.059960
v -0.364152 0.193460 -0.067975
v -0.371818 0.168364 0.007718
v -0.371863 0.169761 0.015667
v -0.371749 0.109711 0.127807
v -0.371828 0.140435 0.075711
v -0.371908 0.171159 0.023616
v 0.522165 0.039442 -0.026336
v 0.525672 0.045322 -0.023255
v 0.525731 0.041566 -0.029161
v 0.522046 0.046953 -0.014523
v 0.525612 0.049077 -0.017348
v 0.532745 0.053325 -0.022998
v 0.529178 0.051201 -0.020173
v 0.430019 0.113594 -0.066751
v 0.442860 0.113429 -0.051068
v 0.443013 0.105262 -0.069877
v 0.429713 0.129927 -0.029133
v 0.442707 0.121595 -0.032259
v 0.468697 0.104931 -0.038510
v 0.455702 0.113263 -0.035385
v 0.401827 0.113523 -0.072275
v 0.401674 0.121690 -0.053466
v 0.345138 0.129714 -0.045704
v 0.373330 0.129785 -0.040181
v 0.401521 0.129856 -0.034657
v 0.197854 0.071357 -0.032027
v 0.192961 0.077922 -0.030973
v 0.183866 0.080087 -0.044099
v 0.178974 0.086651 -0.043044
v 0.185967 0.082286 -0.037008
v 0.183176 0.091050 -0.028863
v 0.188069 0.084486 -0.029918
v 0.176842 0.086215 -0.046818
v 0.178944 0.088414 -0.039728
v 0.176782 0.089741 -0.040187
v 0.178914 0.090178 -0.036412
v 0.181045 0.090614 -0.032638
v 0.175054 0.085659 -0.046590
v 0.175024 0.087423 -0.043275
v 0.171416 0.088075 -0.039503
v 0.173205 0.088630 -0.039731
v 0.174994 0.089186 -0.039959
v 0.111910 0.089200 -0.067724
v 0.111757 0.097339 -0.048972
v 0.104503 0.063266 -0.030065
v 0.108054 0.084372 -0.030143
v 0.111604 0.105478 -0.030221
v 0.005981 0.048135 -0.035129
v 0.029659 0.050112 -0.025851
v 0.029766 0.044370 -0.039069
v 0.005766 0.059619 -0.008692
v 0.029551 0.055853 -0.012633
v 0.077122 0.048323 -0.020514
v 0.053336 0.052088 -0.016574
v -0.009843 0.051019 -0.037975
v -0.009951 0.056761 -0.024757
v -0.041706 0.068270 -0.017232
v -0.025882 0.065386 -0.014385
v -0.010058 0.062502 -0.011539
v -0.132326 0.091346 -0.080712
v -0.121171 0.092982 -0.058435
v -0.121006 0.082535 -0.074861
v -0.132656 0.112240 -0.047860
v -0.121336 0.103429 -0.042009
v -0.098694 0.085807 -0.030306
v -0.110015 0.094618 -0.036158
v -0.178976 0.107024 -0.074383
v -0.167468 0.112757 -0.060224
v -0.167344 0.105489 -0.073912
v -0.179223 0.121560 -0.047006
v -0.167592 0.120025 -0.046535
v -0.144329 0.116955 -0.045593
v -0.155960 0.118490 -0.046064
v -0.286091 0.179273 -0.096646
v -0.258022 0.167953 -0.077004
v -0.263554 0.162786 -0.092244
v -0.275028 0.189608 -0.066164
v -0.252491 0.173121 -0.061763
v -0.207416 0.140147 -0.052960
v -0.229953 0.156634 -0.057361
v -0.296207 0.177264 -0.104453
v -0.290675 0.182432 -0.089212
v -0.305375 0.183581 -0.089586
v -0.295260 0.185590 -0.081779
v -0.285144 0.187599 -0.073971
v -0.299369 0.171527 -0.110323
v -0.303953 0.174685 -0.102890
v -0.314861 0.166368 -0.107197
v -0.319445 0.169527 -0.099763
v -0.311699 0.172106 -0.101327
v -0.313122 0.181002 -0.088023
v -0.308537 0.177844 -0.095456
v -0.322833 0.166918 -0.098662
v -0.319671 0.172656 -0.092792
v -0.323283 0.173176 -0.084718
v -0.319896 0.175785 -0.085820
v -0.316509 0.178394 -0.086921
v -0.341077 0.179685 -0.106206
v -0.336701 0.179804 -0.097273
v -0.336635 0.175945 -0.104545
v -0.341209 0.187403 -0.091661
v -0.336767 0.183664 -0.090001
v -0.327884 0.176185 -0.086679
v -0.332326 0.179924 -0.088340
v -0.371436 0.175834 -0.104247
v -0.363912 0.180638 -0.097500
v -0.363847 0.176850 -0.104630
v -0.371565 0.183410 -0.089987
v -0.363976 0.184426 -0.090370
v -0.348799 0.186458 -0.091136
v -0.356387 0.185442 -0.090753
v -0.348601 0.174881 -0.112953
v -0.348667 0.178740 -0.105681
v -0.363781 0.172991 -0.111903
v -0.356257 0.177795 -0.105155
v -0.348733 0.182599 -0.098408
v -0.371651 0.160494 -0.015180
v -0.371706 0.163118 -0.007547
v -0.371693 0.107088 0.120175
v -0.371728 0.136414 0.060130
v -0.371762 0.165741 0.000085
v 0.572585 0.025743 -0.030905
v 0.574364 0.024765 -0.026421
v 0.574486 0.016060 -0.036269
v 0.572341 0.043153 -0.011209
v 0.574242 0.033470 -0.016573
v 0.578043 0.014102 -0.027302
v 0.576142 0.023786 -0.021938
v 0.561284 0.041927 -0.036599
v 0.563994 0.046012 -0.025661
v 0.564089 0.039603 -0.034175
v 0.561094 0.054744 -0.019572
v 0.563899 0.052421 -0.017148
v 0.569509 0.047773 -0.012299
v 0.566704 0.050097 -0.014723
v 0.569875 0.021659 -0.041843
v 0.569753 0.030363 -0.031995
v 0.564211 0.030899 -0.044023
v 0.566921 0.034983 -0.033085
v 0.569631 0.039068 -0.022147
v 0.558015 0.041050 -0.041172
v 0.557920 0.047459 -0.032658
v 0.551287 0.052113 -0.033290
v 0.554556 0.052990 -0.028718
v 0.557825 0.053867 -0.024145
v 0.536497 0.041730 -0.039678
v 0.539333 0.047165 -0.035449
v 0.539414 0.041341 -0.042036
v 0.536333 0.053380 -0.026504
v 0.539251 0.052990 -0.028862
v 0.545087 0.052210 -0.033578
v 0.542169 0.052600 -0.031220
v 0.222466 0.044194 -0.047567
v 0.224082 0.050874 -0.042955
v 0.224176 0.044140 -0.050569
v 0.222277 0.057662 -0.032341
v 0.223988 0.057608 -0.035342
v 0.227409 0.057501 -0.041344
v 0.225698 0.057555 -0.038343
v 0.213576 0.043771 -0.047198
v 0.215704 0.050597 -0.039691
v 0.215798 0.043919 -0.047246
v 0.213389 0.057126 -0.032088
v 0.215610 0.057274 -0.032136
v 0.220054 0.057570 -0.032233
v 0.217832 0.057422 -0.032185
v 0.220337 0.037368 -0.055074
v 0.220243 0.044102 -0.047460
v 0.215892 0.037186 -0.054860
v 0.218020 0.044011 -0.047353
v 0.220149 0.050836 -0.039847
v 0.211464 0.044569 -0.047563
v 0.211370 0.051246 -0.040008
v 0.207053 0.059518 -0.033182
v 0.209165 0.058721 -0.032817
v 0.211277 0.057923 -0.032453
v 0.176973 0.077670 -0.059160
v 0.183933 0.075565 -0.050116
v 0.183967 0.073305 -0.053124
v 0.176906 0.082191 -0.053143
v 0.183900 0.077826 -0.047107
v 0.197887 0.069097 -0.035036
v 0.190893 0.073461 -0.041072
v 0.175154 0.078877 -0.055616
v 0.175121 0.081138 -0.052608
v 0.171450 0.085814 -0.042512
v 0.173268 0.084606 -0.046056
v 0.175087 0.083399 -0.049599
v 0.129825 0.102479 -0.094174
v 0.134306 0.104665 -0.088713
v 0.134452 0.094801 -0.101817
v 0.129532 0.122207 -0.067967
v 0.134160 0.114529 -0.075609
v 0.143416 0.099173 -0.090895
v 0.138788 0.106851 -0.083252
v 0.126381 0.095003 -0.102097
v 0.126235 0.104867 -0.088993
v 0.119202 0.099779 -0.091734
v 0.122646 0.107255 -0.083812
v 0.126089 0.114731 -0.075889
v -0.057199 0.049163 -0.050444
v -0.041414 0.049782 -0.046288
v -0.041268 0.040537 -0.060816
v -0.057491 0.067651 -0.021388
v -0.041560 0.059026 -0.031760
v -0.009697 0.041775 -0.052503
v -0.025629 0.050400 -0.042132
v -0.087038 0.055726 -0.057855
v -0.079730 0.063661 -0.040954
v -0.079563 0.053089 -0.057563
v -0.087372 0.076871 -0.024638
v -0.079897 0.074234 -0.024345
v -0.064946 0.068960 -0.023761
v -0.072421 0.071597 -0.024053
v -0.064508 0.041227 -0.067345
v -0.064654 0.050472 -0.052817
v -0.079417 0.043845 -0.072091
v -0.072108 0.051780 -0.055190
v -0.064800 0.059716 -0.038289
v -0.155672 0.100775 -0.076179
v -0.167179 0.095042 -0.090338
v -0.144164 0.106507 -0.062019
v -0.143834 0.085613 -0.094872
v -0.143999 0.096060 -0.078446
v -0.274463 0.156479 -0.128560
v -0.252114 0.151035 -0.103360
v -0.246394 0.145159 -0.108917
v -0.285903 0.168230 -0.117444
v -0.257834 0.156910 -0.097802
v -0.201696 0.134271 -0.058518
v -0.229765 0.145591 -0.078160
v -0.201325 0.112468 -0.099583
v -0.201449 0.119736 -0.085895
v -0.246271 0.137892 -0.122606
v -0.223921 0.132448 -0.097406
v -0.201572 0.127004 -0.072206
v -0.322403 0.149952 -0.124004
v -0.314725 0.157144 -0.119444
v -0.314656 0.152532 -0.125567
v -0.322539 0.159177 -0.111757
v -0.314793 0.161756 -0.113320
v -0.299300 0.166914 -0.116447
v -0.307047 0.164335 -0.114883
v -0.322905 0.135588 -0.131872
v -0.322881 0.146032 -0.120802
v -0.322680 0.132459 -0.138844
v -0.323308 0.162733 -0.095788
v -0.323082 0.159604 -0.102760
v -0.322632 0.153346 -0.116704
v -0.322857 0.156475 -0.109732
v -0.322427 0.139509 -0.135074
v -0.322495 0.144121 -0.128950
v -0.322612 0.127847 -0.144967
v -0.322588 0.138290 -0.133897
v -0.322563 0.148734 -0.122827
v -0.325811 0.130439 -0.147304
v -0.326012 0.144011 -0.129262
v -0.332024 0.147285 -0.142084
v -0.332225 0.160857 -0.124042
v -0.329118 0.152434 -0.126652
v -0.326414 0.171156 -0.093178
v -0.326213 0.157583 -0.111220
v -0.336600 0.160737 -0.132975
v -0.333695 0.165887 -0.117543
v -0.339541 0.170796 -0.119977
v -0.335165 0.170916 -0.111044
v -0.330790 0.171036 -0.102111
v -0.371156 0.157484 -0.130733
v -0.363637 0.163283 -0.124806
v -0.363566 0.158429 -0.131258
v -0.371299 0.167192 -0.117829
v -0.363709 0.168137 -0.118354
v -0.348529 0.170026 -0.119404
v -0.356119 0.169082 -0.118879
v -0.371457 0.149131 -0.036570
v -0.371522 0.152919 -0.029440
v -0.371629 0.103300 0.113045
v -0.371607 0.130003 0.045367
v -0.371586 0.156706 -0.022310
v 0.548197 0.036228 -0.047035
v 0.551469 0.037836 -0.045081
v 0.551561 0.030697 -0.050976
v 0.548014 0.050506 -0.035245
v 0.551378 0.044975 -0.039185
v 0.558106 0.033911 -0.047067
v 0.554742 0.039443 -0.043126
v 0.545361 0.030794 -0.051264
v 0.545269 0.037933 -0.045369
v 0.539506 0.034202 -0.047931
v 0.542342 0.039637 -0.043702
v 0.545178 0.045071 -0.039474
v 0.529319 0.041621 -0.032667
v 0.525812 0.035742 -0.035748
v 0.532826 0.047500 -0.029585
v 0.532990 0.035851 -0.042760
v 0.532908 0.041676 -0.036172
v 0.481937 0.079517 -0.062529
v 0.491916 0.074419 -0.045743
v 0.492049 0.066003 -0.058977
v 0.481671 0.096349 -0.036061
v 0.491783 0.082835 -0.032508
v 0.512007 0.055807 -0.025403
v 0.501895 0.069321 -0.028956
v 0.469096 0.079683 -0.078213
v 0.468963 0.088099 -0.064979
v 0.443146 0.096846 -0.083111
v 0.455988 0.096680 -0.067428
v 0.468830 0.096515 -0.051744
v 0.317333 0.103666 -0.086079
v 0.345497 0.106952 -0.081478
v 0.345677 0.095571 -0.099365
v 0.316973 0.126429 -0.050306
v 0.345318 0.118333 -0.063591
v 0.402007 0.102142 -0.090162
v 0.373662 0.110238 -0.076877
v 0.306493 0.091939 -0.096638
v 0.306313 0.103320 -0.078751
v 0.284455 0.091246 -0.081981
v 0.295294 0.102973 -0.071422
v 0.306134 0.114701 -0.060864
v 0.240834 0.038703 -0.057461
v 0.248958 0.053866 -0.060014
v 0.249066 0.045410 -0.066992
v 0.240618 0.055615 -0.043506
v 0.248850 0.062322 -0.053037
v 0.265312 0.075736 -0.072099
v 0.257081 0.069029 -0.062568
v 0.229351 0.038719 -0.057737
v 0.232114 0.047179 -0.050684
v 0.232222 0.038692 -0.057686
v 0.229134 0.055694 -0.043734
v 0.232005 0.055667 -0.043683
v 0.237748 0.055612 -0.043581
v 0.234876 0.055639 -0.043632
v 0.238072 0.030243 -0.064514
v 0.237964 0.038699 -0.057536
v 0.232330 0.030236 -0.064663
v 0.235093 0.038696 -0.057611
v 0.237856 0.047156 -0.050558
v 0.227734 0.032039 -0.062349
v 0.227626 0.040526 -0.055347
v 0.224285 0.035653 -0.057570
v 0.225901 0.042333 -0.052958
v 0.227518 0.049014 -0.048346
v 0.205143 0.045869 -0.049895
v 0.207250 0.045436 -0.049118
v 0.207349 0.038395 -0.057085
v 0.204946 0.059952 -0.033960
v 0.207151 0.052477 -0.041150
v 0.211562 0.037528 -0.055530
v 0.209357 0.045002 -0.048340
v 0.183573 0.065777 -0.068039
v 0.188344 0.066884 -0.057038
v 0.190533 0.063673 -0.058995
v 0.179195 0.072198 -0.064125
v 0.186155 0.070094 -0.055081
v 0.200076 0.065886 -0.036993
v 0.193116 0.067990 -0.046037
v 0.183647 0.060000 -0.072808
v 0.181458 0.063210 -0.070851
v 0.179417 0.054866 -0.078432
v 0.177228 0.058076 -0.076475
v 0.179343 0.060643 -0.073663
v 0.177080 0.069631 -0.066937
v 0.179269 0.066421 -0.068894
v 0.169889 0.069607 -0.062116
v 0.171644 0.072697 -0.059950
v 0.171741 0.066138 -0.068668
v 0.169694 0.082724 -0.044679
v 0.171547 0.079255 -0.051231
v 0.175251 0.072319 -0.064335
v 0.173399 0.075787 -0.057783
v 0.175473 0.054986 -0.078642
v 0.175399 0.060763 -0.073873
v 0.171815 0.060361 -0.073437
v 0.173570 0.063451 -0.071271
v 0.175325 0.066541 -0.069104
v 0.164464 0.072626 -0.074485
v 0.164367 0.079184 -0.065766
v 0.153420 0.091781 -0.081784
v 0.158845 0.088762 -0.069415
v 0.164270 0.085743 -0.057047
v 0.077651 0.003582 -0.046896
v 0.077475 0.018495 -0.038102
v 0.101329 0.005558 -0.037618
v 0.029943 0.029456 -0.047863
v 0.053620 0.031433 -0.038586
v 0.100976 0.035386 -0.020030
v 0.077298 0.033409 -0.029308
v -0.109683 0.073598 -0.069192
v -0.120839 0.071962 -0.091470
v -0.098528 0.075235 -0.046915
v -0.098194 0.054090 -0.080133
v -0.098361 0.064662 -0.063524
v -0.304737 0.140473 -0.146853
v -0.294646 0.145808 -0.140755
v -0.299017 0.134597 -0.152411
v -0.295994 0.162895 -0.123542
v -0.290274 0.157019 -0.129100
v -0.278835 0.145268 -0.140215
v -0.284554 0.151144 -0.134657
v -0.312415 0.133282 -0.151413
v -0.308043 0.144492 -0.139758
v -0.319028 0.141321 -0.137222
v -0.311350 0.148512 -0.132662
v -0.303672 0.155703 -0.128102
v -0.312507 0.127451 -0.156360
v -0.315814 0.131470 -0.149265
v -0.319305 0.123827 -0.152063
v -0.319213 0.129659 -0.147116
v -0.319120 0.135490 -0.142169
v -0.327129 0.124597 -0.153109
v -0.330235 0.133020 -0.150499
v -0.335977 0.129759 -0.159497
v -0.339084 0.138182 -0.156887
v -0.334660 0.135601 -0.153693
v -0.336448 0.149866 -0.145279
v -0.333342 0.141443 -0.147889
v -0.363333 0.141023 -0.148087
v -0.354422 0.147594 -0.143050
v -0.361863 0.135993 -0.154586
v -0.348452 0.164224 -0.125014
v -0.346982 0.159195 -0.131513
v -0.344041 0.149136 -0.144511
v -0.345511 0.154166 -0.138012
v -0.347995 0.131610 -0.161925
v -0.346677 0.137452 -0.156120
v -0.363181 0.130151 -0.160390
v -0.354270 0.136723 -0.155353
v -0.345359 0.143294 -0.150316
v -0.370851 0.135224 -0.154013
v -0.363411 0.146825 -0.142477
v -0.371006 0.146828 -0.142794
v -0.363488 0.152627 -0.136867
v -0.355970 0.158426 -0.130941
v -0.371241 0.134569 -0.055925
v -0.371313 0.139423 -0.049474
v -0.371557 0.098446 0.106593
v -0.371471 0.121361 0.031786
v -0.371385 0.144277 -0.043022
v 0.512185 0.044541 -0.043123
v 0.512126 0.048296 -0.037216
v 0.492109 0.062248 -0.064883
v 0.502088 0.057150 -0.048097
v 0.512067 0.052051 -0.031310
v 0.200372 0.044763 -0.060896
v 0.200273 0.051804 -0.052928
v 0.190632 0.056632 -0.066963
v 0.195403 0.057739 -0.055962
v 0.200175 0.058845 -0.044961
v 0.134957 0.050581 -0.123421
v 0.144793 0.057929 -0.107109
v 0.140479 0.041003 -0.119771
v 0.143584 0.084432 -0.098096
v 0.149106 0.074855 -0.094446
v 0.160150 0.055700 -0.087147
v 0.154628 0.065277 -0.090797
v 0.130476 0.048395 -0.128882
v 0.134789 0.065321 -0.116220
v 0.130139 0.077875 -0.114479
v 0.134621 0.080061 -0.109018
v 0.139103 0.082247 -0.103557
v 0.116392 0.033920 -0.119882
v 0.119722 0.054281 -0.113953
v 0.119982 0.031532 -0.125063
v 0.115873 0.079418 -0.097662
v 0.119462 0.077030 -0.102844
v 0.126641 0.072254 -0.113206
v 0.123052 0.074642 -0.108025
v -0.143625 0.067940 -0.105300
v -0.155298 0.072654 -0.103033
v -0.166552 0.042022 -0.121622
v -0.178225 0.046736 -0.119355
v -0.166761 0.059695 -0.111194
v -0.178643 0.082083 -0.098499
v -0.166970 0.077369 -0.100766
v -0.285206 0.116023 -0.167911
v -0.257245 0.114838 -0.145135
v -0.262733 0.103311 -0.156399
v -0.274231 0.139077 -0.145382
v -0.251758 0.126365 -0.133870
v -0.206812 0.100941 -0.110847
v -0.229285 0.113653 -0.122359
v -0.295297 0.110688 -0.174009
v -0.289810 0.122214 -0.162744
v -0.304505 0.123071 -0.163675
v -0.294413 0.128406 -0.157577
v -0.284322 0.133741 -0.151480
v -0.298453 0.102915 -0.176646
v -0.303057 0.109107 -0.171480
v -0.313972 0.099754 -0.171588
v -0.318576 0.105946 -0.166422
v -0.310816 0.107526 -0.168951
v -0.312264 0.121490 -0.161146
v -0.307660 0.115298 -0.166313
v -0.321975 0.104134 -0.164273
v -0.318819 0.111906 -0.161635
v -0.322461 0.116055 -0.154700
v -0.319062 0.117867 -0.156849
v -0.315663 0.119678 -0.158998
v -0.340153 0.112096 -0.176872
v -0.335812 0.116263 -0.168951
v -0.335729 0.109515 -0.173678
v -0.340319 0.125592 -0.167418
v -0.335895 0.123011 -0.164224
v -0.327046 0.117849 -0.157835
v -0.331470 0.120430 -0.161030
v -0.347746 0.111367 -0.176105
v -0.347829 0.118114 -0.171378
v -0.363098 0.123403 -0.165117
v -0.355505 0.124133 -0.165884
v -0.347912 0.124862 -0.166651
v -0.347665 0.104752 -0.180739
v -0.355341 0.110771 -0.175245
v -0.362854 0.103560 -0.179019
v -0.370530 0.109579 -0.173525
v -0.362936 0.110175 -0.174385
v -0.370693 0.122807 -0.164257
v -0.363017 0.116789 -0.169751
v -0.371009 0.117162 -0.072754
v -0.371086 0.122964 -0.067145
v -0.371479 0.092644 0.100983
v -0.371322 0.110705 0.019724
v -0.371164 0.128766 -0.061535
v 0.522439 0.016162 -0.039946
v 0.525956 0.022725 -0.040884
v 0.526028 0.016217 -0.043452
v 0.522296 0.029179 -0.034811
v 0.525884 0.029233 -0.038316
v 0.533061 0.029343 -0.045327
v 0.529473 0.029288 -0.041822
v 0.430798 0.052446 -0.116802
v 0.443564 0.061525 -0.103939
v 0.443773 0.043865 -0.114352
v 0.430381 0.087767 -0.095974
v 0.443355 0.079186 -0.093525
v 0.469304 0.062023 -0.088626
v 0.456330 0.070604 -0.091076
v 0.402633 0.049161 -0.121403
v 0.402425 0.066821 -0.110989
v 0.345886 0.077910 -0.109779
v 0.374051 0.081196 -0.105177
v 0.402216 0.084482 -0.100576
v 0.307146 0.032758 -0.119987
v 0.306929 0.052485 -0.112204
v 0.318165 0.033105 -0.127315
v 0.284673 0.071519 -0.089764
v 0.295692 0.071865 -0.097092
v 0.317730 0.072558 -0.111749
v 0.306711 0.072212 -0.104421
v 0.299023 0.017595 -0.117433
v 0.287786 0.036975 -0.102322
v 0.260303 0.026030 -0.082104
v 0.268426 0.041193 -0.084657
v 0.276549 0.056356 -0.087210
v 0.198295 0.038814 -0.065358
v 0.193425 0.044749 -0.068391
v 0.184403 0.038786 -0.080348
v 0.179533 0.044721 -0.083381
v 0.186479 0.044735 -0.075886
v 0.183685 0.056618 -0.074458
v 0.188555 0.050684 -0.071424
v 0.177418 0.042154 -0.086193
v 0.179494 0.048103 -0.081732
v 0.177340 0.048917 -0.082894
v 0.179455 0.051484 -0.080082
v 0.181570 0.054051 -0.077270
v 0.175589 0.044841 -0.083591
v 0.175550 0.048223 -0.081941
v 0.171853 0.056979 -0.075087
v 0.173682 0.054292 -0.077689
v 0.175511 0.051604 -0.080291
v 0.127146 0.028034 -0.134810
v 0.126978 0.042774 -0.127609
v 0.120150 0.016792 -0.132264
v 0.123480 0.037153 -0.126336
v 0.126809 0.057514 -0.120408
v 0.112865 0.006040 -0.109846
v 0.112605 0.028788 -0.098737
v 0.105292 -0.004224 -0.067557
v 0.105032 0.018525 -0.056447
v 0.108819 0.023657 -0.077592
v 0.112086 0.074286 -0.076518
v 0.112346 0.051537 -0.087627
v 0.104856 0.033439 -0.047653
v 0.104679 0.048353 -0.038859
v 0.108383 0.061319 -0.057689
v -0.131562 0.026555 -0.118572
v -0.120439 0.035734 -0.105759
v -0.120239 0.017619 -0.112903
v -0.131962 0.062784 -0.104283
v -0.120639 0.053848 -0.098614
v -0.097994 0.035975 -0.087277
v -0.109316 0.044912 -0.092946
v -0.321496 0.077500 -0.179147
v -0.313815 0.085972 -0.178313
v -0.313736 0.079081 -0.181676
v -0.321653 0.091282 -0.172422
v -0.313893 0.092863 -0.174951
v -0.298374 0.096024 -0.180009
v -0.306134 0.094444 -0.177480
v -0.322010 0.061147 -0.179629
v -0.321998 0.075476 -0.174511
v -0.321766 0.055187 -0.184416
v -0.322473 0.101726 -0.159819
v -0.322230 0.095766 -0.164606
v -0.321743 0.083844 -0.174178
v -0.321986 0.089805 -0.169392
v -0.321507 0.063171 -0.184266
v -0.321586 0.070062 -0.180903
v -0.321688 0.048296 -0.187778
v -0.321676 0.062625 -0.182660
v -0.321665 0.076953 -0.177541
v -0.324870 0.049557 -0.191052
v -0.325102 0.069846 -0.181147
v -0.331055 0.066955 -0.194086
v -0.331287 0.087244 -0.184181
v -0.328194 0.078545 -0.182664
v -0.325565 0.110425 -0.161336
v -0.325334 0.090136 -0.171242
v -0.335628 0.083077 -0.192102
v -0.332767 0.094668 -0.180680
v -0.338590 0.097925 -0.185100
v -0.334248 0.102092 -0.177179
v -0.329907 0.106258 -0.169258
v -0.370201 0.081212 -0.188796
v -0.362689 0.089059 -0.186110
v -0.362606 0.081808 -0.189656
v -0.370366 0.095714 -0.181705
v -0.362772 0.096310 -0.182565
v -0.347582 0.097502 -0.184284
v -0.355177 0.096906 -0.183424
v -0.370765 0.097319 -0.086656
v -0.370847 0.103934 -0.082022
v -0.371398 0.086029 0.096349
v -0.371163 0.098289 0.009480
v -0.370928 0.110548 -0.077388
v 0.536845 0.010150 -0.051990
v 0.539683 0.017031 -0.051748
v 0.539772 0.008446 -0.053656
v 0.536667 0.027321 -0.048173
v 0.539594 0.025616 -0.049840
v 0.545449 0.022208 -0.053172
v 0.542522 0.023912 -0.051506
v 0.222868 0.007683 -0.061798
v 0.224490 0.015802 -0.061982
v 0.224593 0.005876 -0.064188
v 0.222663 0.027534 -0.057387
v 0.224387 0.025727 -0.059776
v 0.227837 0.022114 -0.064555
v 0.226112 0.023920 -0.062165
v 0.213975 0.007567 -0.061315
v 0.216095 0.017501 -0.059235
v 0.216197 0.007658 -0.061422
v 0.213771 0.027252 -0.056940
v 0.215994 0.027343 -0.057047
v 0.220439 0.027526 -0.057261
v 0.218216 0.027435 -0.057154
v 0.220747 -0.002251 -0.063879
v 0.220644 0.007675 -0.061673
v 0.216300 -0.002267 -0.063628
v 0.218421 0.007667 -0.061547
v 0.220542 0.017600 -0.059467
v 0.211868 0.008000 -0.062092
v 0.211766 0.017843 -0.059905
v 0.207451 0.028552 -0.059273
v 0.209557 0.028119 -0.058495
v 0.211664 0.027685 -0.057718
v 0.177571 0.027989 -0.091149
v 0.184479 0.031598 -0.082552
v 0.184518 0.028003 -0.083654
v 0.177495 0.035178 -0.088945
v 0.184441 0.035192 -0.081450
v 0.198334 0.035220 -0.066460
v 0.191387 0.035206 -0.073955
v 0.170322 0.033628 -0.085201
v 0.172077 0.037366 -0.084665
v 0.172189 0.027559 -0.089453
v 0.170098 0.053241 -0.075624
v 0.171965 0.047172 -0.079876
v 0.175700 0.035035 -0.088380
v 0.173833 0.041103 -0.084128
v 0.175816 0.024252 -0.091686
v 0.175777 0.027846 -0.090584
v 0.172228 0.023965 -0.090556
v 0.173983 0.027702 -0.090019
v 0.175739 0.031440 -0.089482
v 0.160486 0.026280 -0.101514
v 0.160374 0.036086 -0.096725
v 0.140591 0.031196 -0.124560
v 0.150427 0.038545 -0.108248
v 0.160262 0.045893 -0.091936
v -0.154889 0.036866 -0.120605
v -0.166352 0.023907 -0.128767
v -0.143425 0.049825 -0.112444
v -0.143025 0.013596 -0.126733
v -0.143225 0.031711 -0.119588
v -0.273278 0.058508 -0.192899
v -0.251123 0.072652 -0.165548
v -0.245318 0.057323 -0.170123
v -0.284888 0.089167 -0.183750
v -0.256928 0.087982 -0.160974
v -0.201007 0.085612 -0.115422
v -0.228967 0.086797 -0.138198
v -0.200380 0.032592 -0.146706
v -0.200589 0.050265 -0.136278
v -0.245109 0.039649 -0.180551
v -0.222953 0.053794 -0.153200
v -0.200798 0.067939 -0.125850
v -0.321182 0.048626 -0.189249
v -0.313579 0.064426 -0.186169
v -0.313501 0.057098 -0.188415
v -0.321339 0.063282 -0.184756
v -0.313658 0.071753 -0.183922
v -0.298296 0.088697 -0.182255
v -0.305977 0.080225 -0.183089
v -0.280881 0.042708 -0.195979
v -0.286686 0.058038 -0.191404
v -0.307696 0.041769 -0.192990
v -0.300094 0.057568 -0.189910
v -0.292491 0.073367 -0.186830
v -0.321272 0.041188 -0.191005
v -0.321351 0.048516 -0.188759
v -0.321609 0.040968 -0.190025
v -0.321519 0.048406 -0.188269
v -0.321429 0.055844 -0.186512
v -0.326183 0.041708 -0.193577
v -0.329275 0.050407 -0.195094
v -0.334992 0.043410 -0.201661
v -0.338084 0.052109 -0.203178
v -0.333679 0.051258 -0.199136
v -0.335460 0.067805 -0.198128
v -0.332367 0.059106 -0.196611
v -0.362359 0.058648 -0.196742
v -0.353449 0.066791 -0.195196
v -0.360878 0.051224 -0.200243
v -0.347500 0.089781 -0.186647
v -0.346019 0.082358 -0.190148
v -0.343058 0.067511 -0.197150
v -0.344538 0.074934 -0.193649
v -0.346994 0.043966 -0.204725
v -0.345682 0.051814 -0.202200
v -0.362190 0.043376 -0.202769
v -0.353280 0.051519 -0.201222
v -0.344370 0.059662 -0.199675
v -0.369871 0.050801 -0.199428
v -0.362441 0.066368 -0.194380
v -0.370036 0.066242 -0.194704
v -0.362524 0.074088 -0.192018
v -0.355012 0.081935 -0.189332
v -0.370517 0.075567 -0.097293
v -0.370600 0.082818 -0.093748
v -0.371315 0.078779 0.092804
v -0.370999 0.084424 0.001301
v -0.370683 0.090069 -0.090202
v 0.561695 0.003859 -0.049574
v 0.564422 0.009792 -0.046997
v 0.564528 -0.000761 -0.048484
v 0.561484 0.024965 -0.046600
v 0.564316 0.020345 -0.045510
v 0.569981 0.011105 -0.043330
v 0.567148 0.015725 -0.044420
v 0.548557 0.001367 -0.054646
v 0.551740 0.012215 -0.052120
v 0.551829 0.002974 -0.052692
v 0.548378 0.019849 -0.053502
v 0.551650 0.021456 -0.051548
v 0.558195 0.024670 -0.047639
v 0.554923 0.023063 -0.049593
v 0.558512 -0.006989 -0.052100
v 0.558407 0.003564 -0.050613
v 0.551935 -0.007579 -0.054179
v 0.555118 0.003269 -0.051652
v 0.558301 0.014117 -0.049126
v 0.545718 -0.005514 -0.054888
v 0.545629 0.003727 -0.054316
v 0.539862 -0.000795 -0.054228
v 0.542700 0.006086 -0.053986
v 0.545539 0.012967 -0.053744
v 0.529633 0.014195 -0.046298
v 0.526117 0.007632 -0.045360
v 0.533150 0.020758 -0.047236
v 0.533328 0.003587 -0.051052
v 0.533239 0.012172 -0.049144
v 0.482553 0.027328 -0.093028
v 0.492431 0.033066 -0.076393
v 0.492592 0.018475 -0.082148
v 0.482231 0.056511 -0.081518
v 0.492270 0.047657 -0.070638
v 0.512346 0.029949 -0.048878
v 0.502308 0.038803 -0.059758
v 0.469787 0.018250 -0.105891
v 0.469626 0.032841 -0.100136
v 0.443934 0.029274 -0.120107
v 0.456700 0.038353 -0.107244
v 0.469465 0.047432 -0.094381
v 0.346321 0.038457 -0.125345
v 0.346539 0.018730 -0.133128
v 0.346104 0.058184 -0.117562
v 0.402851 0.029434 -0.129186
v 0.374477 0.043809 -0.123374
v 0.241261 -0.002585 -0.066465
v 0.260515 0.004142 -0.083455
v 0.260621 -0.006802 -0.084130
v 0.241049 0.019303 -0.065114
v 0.260409 0.015086 -0.082779
v 0.299129 0.006651 -0.118109
v 0.279769 0.010868 -0.100444
v 0.229778 -0.002712 -0.066773
v 0.232543 0.008273 -0.066020
v 0.232649 -0.002708 -0.066698
v 0.229566 0.019251 -0.065417
v 0.232436 0.019254 -0.065342
v 0.238178 0.019262 -0.065192
v 0.235307 0.019258 -0.065267
v 0.238496 -0.013570 -0.067219
v 0.238390 -0.002626 -0.066543
v 0.232755 -0.013652 -0.067374
v 0.235520 -0.002667 -0.066621
v 0.238284 0.008318 -0.065867
v 0.228156 -0.010831 -0.066590
v 0.228050 0.000151 -0.065911
v 0.224699 -0.005105 -0.064866
v 0.226321 0.003013 -0.065050
v 0.227943 0.011132 -0.065233
v 0.205564 0.007686 -0.064767
v 0.207665 0.007791 -0.063875
v 0.207773 -0.002590 -0.066177
v 0.205349 0.028448 -0.060164
v 0.207558 0.018172 -0.061574
v 0.211975 -0.002380 -0.064394
v 0.209766 0.007896 -0.062984
v 0.184164 0.013133 -0.091292
v 0.188887 0.020495 -0.083015
v 0.191072 0.016741 -0.082695
v 0.179794 0.020641 -0.091932
v 0.186703 0.024249 -0.083334
v 0.200519 0.031466 -0.066140
v 0.193611 0.027858 -0.074737
v 0.184269 0.001951 -0.091099
v 0.182084 0.005705 -0.091419
v 0.180109 -0.012905 -0.091354
v 0.177924 -0.009151 -0.091673
v 0.180004 -0.001723 -0.091546
v 0.177714 0.013213 -0.092059
v 0.179899 0.009459 -0.091739
v 0.176130 -0.009294 -0.091108
v 0.176025 0.001888 -0.091301
v 0.172332 0.012783 -0.090363
v 0.174126 0.012926 -0.090928
v 0.175920 0.013070 -0.091493
v 0.006390 0.015022 -0.059151
v 0.030144 0.011209 -0.055066
v 0.030245 0.002085 -0.058668
v 0.006189 0.033269 -0.051948
v 0.030043 0.020332 -0.051465
v 0.077752 -0.005542 -0.050497
v 0.053898 0.007395 -0.050981
v -0.009395 0.014404 -0.063308
v -0.009496 0.023527 -0.059706
v -0.041167 0.031414 -0.064418
v -0.025382 0.032032 -0.060261
v -0.009596 0.032651 -0.056105
v -0.311134 0.019037 -0.201557
v -0.301049 0.026928 -0.199697
v -0.297726 0.019507 -0.203051
v -0.317780 0.033878 -0.194849
v -0.304373 0.034348 -0.196344
v -0.277557 0.035288 -0.199333
v -0.290965 0.034818 -0.197838
v -0.311227 0.011410 -0.202131
v -0.314550 0.018831 -0.198777
v -0.318060 0.010997 -0.196571
v -0.321384 0.018417 -0.193217
v -0.317967 0.018624 -0.195997
v -0.321197 0.033672 -0.192069
v -0.317874 0.026251 -0.195423
v -0.321552 0.018307 -0.192727
v -0.321459 0.025934 -0.192153
v -0.321703 0.033341 -0.190599
v -0.321534 0.033451 -0.191089
v -0.321366 0.033561 -0.191579
v -0.339151 0.019802 -0.209165
v -0.334828 0.027104 -0.203969
v -0.334747 0.018952 -0.205123
v -0.339315 0.036108 -0.206857
v -0.334910 0.035257 -0.202815
v -0.326101 0.033556 -0.194731
v -0.330505 0.034406 -0.198773
v -0.325875 0.011005 -0.197923
v -0.325950 0.018522 -0.196859
v -0.334671 0.011435 -0.206187
v -0.330349 0.018737 -0.200991
v -0.326026 0.026039 -0.195795
v -0.346749 0.019507 -0.208187
v -0.346831 0.027660 -0.207033
v -0.362109 0.035223 -0.203923
v -0.354511 0.035518 -0.204901
v -0.346913 0.035813 -0.205879
v -0.346669 0.011514 -0.209317
v -0.354349 0.019372 -0.207185
v -0.361868 0.011243 -0.207313
v -0.369548 0.019101 -0.205181
v -0.361948 0.019237 -0.206183
v -0.369708 0.035088 -0.202920
v -0.362029 0.027230 -0.205053
v -0.370270 0.052407 -0.104380
v -0.370352 0.060127 -0.102018
v -0.371233 0.071059 0.090441
v -0.370834 0.069453 -0.004607
v -0.370435 0.067847 -0.099655
v 0.512562 0.010425 -0.056581
v 0.512490 0.016933 -0.054013
v 0.492663 0.011967 -0.084716
v 0.502541 0.017704 -0.068081
v 0.512418 0.023441 -0.051446
v 0.376025 -0.020084 -0.134477
v 0.384967 -0.003578 -0.132713
v 0.404181 -0.014732 -0.132506
v 0.337597 0.002224 -0.134891
v 0.365753 0.007576 -0.132920
v 0.422065 0.018280 -0.128979
v 0.393909 0.012928 -0.130950
v 0.200841 0.000324 -0.073044
v 0.200733 0.010705 -0.070743
v 0.191179 0.006361 -0.084996
v 0.195903 0.013723 -0.076719
v 0.200626 0.021085 -0.068442
v 0.127607 -0.021176 -0.133971
v 0.127453 -0.004773 -0.134251
v 0.131105 -0.015555 -0.135244
v 0.120304 0.000389 -0.131985
v 0.123802 0.006010 -0.133258
v 0.130798 0.017251 -0.135804
v 0.127300 0.011631 -0.134531
v -0.056554 -0.011624 -0.068154
v -0.040834 -0.002948 -0.066538
v -0.040668 -0.020129 -0.067599
v -0.056887 0.022738 -0.066033
v -0.041001 0.014233 -0.065478
v -0.009228 -0.002777 -0.064368
v -0.025115 0.005728 -0.064923
v -0.086300 -0.013788 -0.078105
v -0.079036 0.004550 -0.074519
v -0.078845 -0.015097 -0.075733
v -0.086681 0.025506 -0.075678
v -0.079226 0.024198 -0.073305
v -0.064317 0.021580 -0.068559
v -0.071772 0.022889 -0.070932
v -0.063818 -0.029962 -0.071740
v -0.063984 -0.012781 -0.070680
v -0.078679 -0.032278 -0.076793
v -0.071415 -0.013939 -0.073206
v -0.064151 0.004399 -0.069620
v -0.142840 -0.006831 -0.124773
v -0.154504 -0.001675 -0.125790
v -0.165797 -0.037375 -0.122886
v -0.177461 -0.032219 -0.123903
v -0.165982 -0.016947 -0.124846
v -0.177831 0.008636 -0.127823
v -0.166167 0.003480 -0.126806
v -0.283918 -0.004640 -0.204598
v -0.256072 0.007771 -0.185300
v -0.261554 -0.008169 -0.187675
v -0.272955 0.027239 -0.199848
v -0.250590 0.023710 -0.182926
v -0.205862 0.016652 -0.149081
v -0.228226 0.020181 -0.166003
v -0.294002 -0.012530 -0.206457
v -0.288521 0.003409 -0.204082
v -0.303208 0.003568 -0.205426
v -0.293123 0.011458 -0.203567
v -0.283039 0.019349 -0.201707
v -0.297178 -0.020366 -0.204045
v -0.301781 -0.012317 -0.203529
v -0.312734 -0.019940 -0.198190
v -0.317337 -0.011891 -0.197674
v -0.309559 -0.012104 -0.200602
v -0.310986 0.003781 -0.202499
v -0.306383 -0.004268 -0.203014
v -0.320754 -0.012098 -0.194894
v -0.317578 -0.004262 -0.197307
v -0.321236 0.003161 -0.194159
v -0.317819 0.003368 -0.196939
v -0.314402 0.003574 -0.199719
v -0.338838 -0.013061 -0.209889
v -0.334517 -0.005039 -0.205901
v -0.334440 -0.013276 -0.205757
v -0.338992 0.003413 -0.210176
v -0.334594 0.003198 -0.206044
v -0.325798 0.002768 -0.197780
v -0.330196 0.002983 -0.201912
v -0.369241 -0.013103 -0.205890
v -0.361717 -0.004897 -0.207032
v -0.361641 -0.012968 -0.206892
v -0.369392 0.003038 -0.206170
v -0.361793 0.003173 -0.207173
v -0.346594 0.003444 -0.209177
v -0.354193 0.003309 -0.208175
v -0.346362 -0.021267 -0.208747
v -0.346439 -0.013030 -0.208890
v -0.361564 -0.021204 -0.206748
v -0.354040 -0.012999 -0.207891
v -0.346516 -0.004793 -0.209033
v -0.370030 0.028427 -0.107770
v -0.370110 0.036420 -0.106640
v -0.371153 0.063065 0.089311
v -0.370671 0.053740 -0.008099
v -0.370190 0.044414 -0.105510
v 0.522682 -0.010685 -0.037268
v 0.526231 -0.005928 -0.041862
v 0.526288 -0.012707 -0.040114
v 0.522568 0.002875 -0.040765
v 0.526174 0.000852 -0.043611
v 0.533385 -0.003193 -0.049303
v 0.529779 -0.001170 -0.046457
v 0.431562 -0.026453 -0.121360
v 0.444304 -0.011552 -0.116204
v 0.444489 -0.031965 -0.114252
v 0.431192 0.014373 -0.125264
v 0.444119 0.008861 -0.118155
v 0.469972 -0.002164 -0.103939
v 0.457046 0.003349 -0.111047
v 0.281693 -0.051414 -0.096477
v 0.287505 -0.032059 -0.103688
v 0.300947 -0.044687 -0.113466
v 0.254809 -0.026157 -0.076920
v 0.274063 -0.019431 -0.093909
v 0.312571 -0.005977 -0.127888
v 0.293317 -0.012704 -0.110898
v 0.198761 -0.007104 -0.073172
v 0.193930 -0.004086 -0.079147
v 0.184940 -0.015923 -0.085378
v 0.187019 -0.008495 -0.085251
v 0.189099 -0.001067 -0.085123
v 0.170741 -0.008915 -0.089438
v 0.172537 -0.009041 -0.089994
v 0.172639 -0.019954 -0.089810
v 0.170536 0.012909 -0.089806
v 0.172435 0.001871 -0.090179
v 0.176232 -0.020206 -0.090924
v 0.174334 -0.009168 -0.090551
v 0.144749 -0.028168 -0.123121
v 0.149995 -0.010019 -0.115919
v 0.154696 -0.030626 -0.111598
v 0.135345 0.013047 -0.131763
v 0.145293 0.010589 -0.120239
v 0.165188 0.005672 -0.097193
v 0.155240 0.008130 -0.108716
v 0.165495 -0.027064 -0.096640
v 0.165392 -0.016152 -0.096824
v 0.154798 -0.041538 -0.111414
v 0.160044 -0.023389 -0.104211
v 0.165290 -0.005240 -0.097009
v 0.144902 -0.044571 -0.122841
v 0.140201 -0.023964 -0.127162
v 0.135807 -0.036163 -0.130924
v 0.135653 -0.019759 -0.131203
v 0.135499 -0.003356 -0.131483
v 0.117151 -0.048200 -0.115674
v 0.120636 -0.039192 -0.121773
v 0.120802 -0.058982 -0.116667
v 0.116818 -0.008619 -0.125885
v 0.120470 -0.019401 -0.126879
v 0.127773 -0.040966 -0.128866
v 0.124122 -0.030184 -0.127872
v -0.119973 -0.011817 -0.110090
v -0.108748 -0.012474 -0.099428
v -0.119782 -0.031464 -0.111304
v -0.097905 0.026163 -0.086339
v -0.097714 0.006516 -0.087553
v -0.097334 -0.032779 -0.089981
v -0.097524 -0.013131 -0.088767
v -0.131095 -0.020995 -0.122903
v -0.120061 -0.002005 -0.111028
v -0.131273 -0.001371 -0.124778
v -0.120150 0.007807 -0.111965
v -0.109028 0.016985 -0.099152
v -0.320315 -0.042376 -0.191285
v -0.312602 -0.035040 -0.195538
v -0.312536 -0.042589 -0.194212
v -0.320446 -0.027277 -0.193936
v -0.312668 -0.027490 -0.196864
v -0.297112 -0.027916 -0.202719
v -0.304890 -0.027703 -0.199791
v -0.320894 -0.055911 -0.182061
v -0.320847 -0.041306 -0.186339
v -0.320653 -0.063540 -0.182428
v -0.321283 -0.011443 -0.189881
v -0.321042 -0.019073 -0.190249
v -0.320559 -0.034331 -0.190984
v -0.320800 -0.026702 -0.190617
v -0.320362 -0.056981 -0.187007
v -0.320427 -0.049431 -0.188332
v -0.320587 -0.071090 -0.181103
v -0.320540 -0.056486 -0.185380
v -0.320493 -0.041881 -0.189658
v -0.323749 -0.071998 -0.184503
v -0.323943 -0.049764 -0.188413
v -0.329847 -0.059704 -0.197208
v -0.330041 -0.037470 -0.201118
v -0.326992 -0.043617 -0.194766
v -0.324331 -0.005297 -0.196234
v -0.324137 -0.027530 -0.192324
v -0.334362 -0.045492 -0.205107
v -0.331507 -0.029405 -0.202665
v -0.337294 -0.029363 -0.208200
v -0.332973 -0.021341 -0.204211
v -0.328652 -0.013319 -0.200222
v -0.368957 -0.045036 -0.201560
v -0.361425 -0.037113 -0.203956
v -0.361356 -0.045067 -0.202559
v -0.369096 -0.029128 -0.204353
v -0.361495 -0.029159 -0.205352
v -0.346292 -0.029221 -0.207350
v -0.353894 -0.029190 -0.206351
v -0.369803 0.004216 -0.107349
v -0.369878 0.012287 -0.107489
v -0.371077 0.054995 0.089452
v -0.370516 0.037676 -0.009089
v -0.369954 0.020357 -0.107630
v 0.572985 -0.019134 -0.025051
v 0.574671 -0.008055 -0.025801
v 0.574764 -0.020113 -0.020567
v 0.572800 0.004981 -0.035519
v 0.574578 0.004002 -0.031035
v 0.578136 0.002045 -0.022068
v 0.576357 0.003024 -0.026551
v 0.570259 -0.025067 -0.027628
v 0.570166 -0.013009 -0.032862
v 0.564620 -0.012818 -0.043250
v 0.567347 -0.006885 -0.040673
v 0.570073 -0.000952 -0.038096
v 0.537119 -0.022629 -0.043397
v 0.539986 -0.016924 -0.047227
v 0.540048 -0.024989 -0.043727
v 0.536995 -0.006500 -0.050397
v 0.539924 -0.008860 -0.050727
v 0.545780 -0.013579 -0.051387
v 0.542852 -0.011219 -0.051057
v 0.325973 -0.036486 -0.120470
v 0.320161 -0.055841 -0.113259
v 0.331785 -0.017131 -0.127680
v 0.370213 -0.039439 -0.127266
v 0.350999 -0.028285 -0.127473
v 0.223186 -0.030224 -0.051856
v 0.224843 -0.023760 -0.056767
v 0.224914 -0.033087 -0.052718
v 0.223042 -0.011570 -0.059955
v 0.224771 -0.014432 -0.060817
v 0.228228 -0.020158 -0.062540
v 0.226499 -0.017295 -0.061678
v 0.214290 -0.030019 -0.051456
v 0.216442 -0.020763 -0.055597
v 0.216513 -0.030011 -0.051581
v 0.214147 -0.011524 -0.059487
v 0.216371 -0.011515 -0.059612
v 0.220818 -0.011499 -0.059863
v 0.218595 -0.011507 -0.059738
v 0.221033 -0.039481 -0.047715
v 0.220962 -0.030153 -0.051764
v 0.216585 -0.039338 -0.047532
v 0.218737 -0.030082 -0.051673
v 0.220890 -0.020826 -0.055814
v 0.212188 -0.030124 -0.052347
v 0.212117 -0.020876 -0.056363
v 0.207844 -0.011838 -0.062161
v 0.209945 -0.011733 -0.061270
v 0.212046 -0.011628 -0.060378
v 0.113364 -0.053331 -0.094529
v 0.113198 -0.033541 -0.099635
v 0.105458 -0.024014 -0.062451
v 0.109245 -0.018882 -0.083596
v 0.113031 -0.013751 -0.104741
v -0.142574 -0.036267 -0.121960
v -0.142663 -0.026455 -0.122897
v -0.165708 -0.047187 -0.121949
v -0.154230 -0.031915 -0.122892
v -0.142751 -0.016643 -0.123835
v -0.272112 -0.065870 -0.190931
v -0.250028 -0.038362 -0.176981
v -0.244266 -0.053459 -0.171634
v -0.283637 -0.035676 -0.201625
v -0.255791 -0.023266 -0.182328
v -0.200099 0.001556 -0.143733
v -0.227945 -0.010855 -0.163031
v -0.199544 -0.059726 -0.137853
v -0.199729 -0.039299 -0.139813
v -0.244081 -0.073886 -0.169673
v -0.221997 -0.046379 -0.155723
v -0.199914 -0.018872 -0.141773
v -0.320073 -0.071691 -0.182471
v -0.312420 -0.057099 -0.189220
v -0.312361 -0.064354 -0.186724
v -0.320190 -0.057181 -0.187463
v -0.312478 -0.049844 -0.191716
v -0.297054 -0.035171 -0.200223
v -0.304766 -0.042508 -0.195970
v -0.279765 -0.080461 -0.184181
v -0.285528 -0.065364 -0.189529
v -0.306598 -0.079451 -0.181377
v -0.298945 -0.064859 -0.188126
v -0.291291 -0.050268 -0.194876
v -0.320186 -0.078745 -0.179519
v -0.320245 -0.071490 -0.182015
v -0.320529 -0.078345 -0.178607
v -0.320416 -0.071290 -0.181559
v -0.320303 -0.064236 -0.184511
v -0.325082 -0.079829 -0.181949
v -0.328131 -0.073682 -0.188302
v -0.333845 -0.083198 -0.189547
v -0.336894 -0.077051 -0.195900
v -0.332512 -0.075367 -0.192101
v -0.334228 -0.061388 -0.201007
v -0.331179 -0.067535 -0.194654
v -0.361171 -0.067964 -0.194688
v -0.352235 -0.060473 -0.198161
v -0.359705 -0.076029 -0.193142
v -0.346231 -0.036853 -0.204727
v -0.344765 -0.044918 -0.203180
v -0.341832 -0.061048 -0.200088
v -0.343298 -0.052983 -0.201634
v -0.345830 -0.084541 -0.192427
v -0.344498 -0.076710 -0.194980
v -0.361038 -0.083860 -0.190588
v -0.352101 -0.076369 -0.194061
v -0.343165 -0.068879 -0.197534
v -0.368703 -0.075887 -0.192292
v -0.361233 -0.060332 -0.197312
v -0.368826 -0.060623 -0.197540
v -0.361294 -0.052699 -0.199935
v -0.353763 -0.044776 -0.202331
v -0.369594 -0.019647 -0.103160
v -0.369664 -0.011692 -0.104556
v -0.371008 0.047041 0.090848
v -0.370370 0.021651 -0.007552
v -0.369733 -0.003738 -0.105953
v 0.548807 -0.031289 -0.040303
v 0.552042 -0.023189 -0.044235
v 0.552096 -0.030994 -0.039264
v 0.548700 -0.015679 -0.050246
v 0.551989 -0.015384 -0.049207
v 0.558566 -0.014794 -0.047129
v 0.555277 -0.015089 -0.048168
v 0.545941 -0.036994 -0.036473
v 0.545887 -0.029189 -0.041444
v 0.540101 -0.032794 -0.038755
v 0.542967 -0.027089 -0.042585
v 0.545834 -0.021384 -0.046416
v 0.529898 -0.016015 -0.041208
v 0.526350 -0.020772 -0.036613
v 0.533447 -0.011257 -0.045803
v 0.533571 -0.027386 -0.038802
v 0.533509 -0.019322 -0.042302
v 0.483097 -0.032828 -0.087023
v 0.492919 -0.018410 -0.076876
v 0.493046 -0.033598 -0.072956
v 0.482842 -0.002451 -0.094863
v 0.492791 -0.003222 -0.080796
v 0.512690 -0.004763 -0.052661
v 0.502740 -0.003992 -0.066729
v 0.470355 -0.047728 -0.092179
v 0.470228 -0.032540 -0.096099
v 0.444616 -0.047154 -0.110332
v 0.457358 -0.032253 -0.105176
v 0.470100 -0.017352 -0.100019
v 0.332838 -0.062140 -0.112907
v 0.307812 -0.070341 -0.105903
v 0.382890 -0.045738 -0.126913
v 0.357864 -0.053939 -0.119910
v 0.358191 -0.074738 -0.112202
v 0.333165 -0.082939 -0.105198
v 0.345514 -0.068439 -0.112554
v 0.241557 -0.041279 -0.049482
v 0.254936 -0.044657 -0.065147
v 0.255000 -0.053907 -0.059261
v 0.241430 -0.022779 -0.061255
v 0.254873 -0.035407 -0.071033
v 0.281757 -0.060664 -0.090591
v 0.268315 -0.048036 -0.080812
v 0.230076 -0.041560 -0.049733
v 0.232883 -0.032230 -0.055562
v 0.232947 -0.041519 -0.049655
v 0.229949 -0.022982 -0.061545
v 0.232819 -0.022941 -0.061468
v 0.238560 -0.022859 -0.061312
v 0.235690 -0.022900 -0.061390
v 0.238751 -0.050609 -0.043654
v 0.238687 -0.041359 -0.049540
v 0.233011 -0.050769 -0.043769
v 0.235817 -0.041439 -0.049598
v 0.238624 -0.032109 -0.055426
v 0.228420 -0.048024 -0.044822
v 0.228356 -0.038736 -0.050728
v 0.224978 -0.042376 -0.046811
v 0.226635 -0.035911 -0.051723
v 0.228292 -0.029447 -0.056634
v 0.205896 -0.031952 -0.054380
v 0.207994 -0.031343 -0.053702
v 0.208069 -0.041095 -0.049473
v 0.205746 -0.012447 -0.062839
v 0.207919 -0.021590 -0.057932
v 0.212263 -0.039876 -0.048118
v 0.210091 -0.030733 -0.053025
v 0.184617 -0.039556 -0.080377
v 0.189332 -0.028739 -0.077975
v 0.191528 -0.035147 -0.074274
v 0.180225 -0.026741 -0.087780
v 0.187136 -0.022331 -0.081677
v 0.200957 -0.013512 -0.069470
v 0.194046 -0.017921 -0.075574
v 0.184690 -0.049436 -0.075135
v 0.182493 -0.043028 -0.078836
v 0.180441 -0.056379 -0.072051
v 0.178245 -0.049971 -0.075752
v 0.180369 -0.046499 -0.077294
v 0.178101 -0.030212 -0.086238
v 0.180297 -0.036620 -0.082537
v 0.171054 -0.048731 -0.073894
v 0.172780 -0.039223 -0.079571
v 0.172850 -0.048857 -0.074451
v 0.170913 -0.029462 -0.084134
v 0.172710 -0.029588 -0.084690
v 0.176303 -0.029841 -0.085804
v 0.174506 -0.029714 -0.085247
v 0.176519 -0.059479 -0.070076
v 0.176447 -0.049600 -0.075319
v 0.172922 -0.058736 -0.069208
v 0.174649 -0.049228 -0.074885
v 0.176375 -0.039720 -0.080561
v 0.165706 -0.055968 -0.081281
v 0.165635 -0.046333 -0.086401
v 0.154869 -0.051173 -0.106294
v 0.160217 -0.043936 -0.098907
v 0.165565 -0.036699 -0.091520
v 0.131576 -0.075417 -0.111889
v 0.136018 -0.065135 -0.115540
v 0.136124 -0.079621 -0.107847
v 0.131365 -0.046444 -0.127273
v 0.135912 -0.050649 -0.123232
v 0.145008 -0.059057 -0.115149
v 0.140460 -0.054853 -0.119190
v 0.128091 -0.084425 -0.105789
v 0.127985 -0.069939 -0.113481
v 0.120908 -0.073468 -0.108975
v 0.124394 -0.064460 -0.115074
v 0.127879 -0.055452 -0.121173
v 0.006796 -0.033762 -0.045526
v 0.030448 -0.024355 -0.047183
v 0.030550 -0.037575 -0.041441
v 0.006593 -0.007322 -0.057011
v 0.030346 -0.011135 -0.052926
v 0.077853 -0.018762 -0.044755
v 0.054100 -0.014949 -0.048840
v -0.008924 -0.042438 -0.047142
v -0.009025 -0.029217 -0.052884
v -0.040566 -0.033349 -0.061857
v -0.024846 -0.024673 -0.060241
v -0.009127 -0.015997 -0.058626
v -0.130668 -0.080089 -0.090605
v -0.119556 -0.064319 -0.090397
v -0.119443 -0.080746 -0.079944
v -0.130893 -0.047235 -0.111512
v -0.119669 -0.047892 -0.100850
v -0.097221 -0.049206 -0.079527
v -0.108445 -0.048549 -0.090189
v -0.310090 -0.102868 -0.174991
v -0.299982 -0.095399 -0.178054
v -0.296673 -0.103373 -0.176393
v -0.316707 -0.086920 -0.178313
v -0.303290 -0.087425 -0.179716
v -0.276457 -0.088435 -0.182520
v -0.289873 -0.087930 -0.181118
v -0.310212 -0.109369 -0.170977
v -0.313521 -0.101395 -0.172638
v -0.317074 -0.106423 -0.166273
v -0.320382 -0.098449 -0.167934
v -0.316951 -0.099922 -0.170286
v -0.320137 -0.085447 -0.175961
v -0.316829 -0.093421 -0.174300
v -0.320553 -0.098249 -0.167478
v -0.320431 -0.091747 -0.171492
v -0.320651 -0.084846 -0.174593
v -0.320480 -0.085046 -0.175049
v -0.320309 -0.085246 -0.175505
v -0.338067 -0.106702 -0.181751
v -0.333739 -0.097744 -0.181817
v -0.333686 -0.105018 -0.177952
v -0.338174 -0.092155 -0.189481
v -0.333792 -0.090471 -0.185682
v -0.325029 -0.087102 -0.178084
v -0.329410 -0.088787 -0.181883
v -0.324882 -0.107206 -0.167412
v -0.324931 -0.100505 -0.170969
v -0.333637 -0.111719 -0.174394
v -0.329308 -0.102761 -0.174461
v -0.324980 -0.093804 -0.174527
v -0.345671 -0.106361 -0.180831
v -0.345724 -0.099088 -0.184696
v -0.360985 -0.091133 -0.186723
v -0.353381 -0.091474 -0.187642
v -0.345777 -0.091815 -0.188561
v -0.345619 -0.113491 -0.177043
v -0.353276 -0.105877 -0.179989
v -0.360829 -0.112523 -0.175358
v -0.368486 -0.104909 -0.178304
v -0.360881 -0.105393 -0.179146
v -0.368590 -0.090649 -0.185880
v -0.360933 -0.098263 -0.182935
v -0.369410 -0.042543 -0.095288
v -0.369471 -0.034911 -0.097912
v -0.370946 0.039409 0.093472
v -0.370239 0.006065 -0.003532
v -0.369533 -0.027279 -0.100536
v 0.561965 -0.032234 -0.031837
v 0.564729 -0.029845 -0.030434
v 0.564784 -0.038359 -0.024026
v 0.561856 -0.015207 -0.044653
v 0.564675 -0.021332 -0.036842
v 0.570313 -0.033580 -0.021220
v 0.567494 -0.027456 -0.029031
v 0.558730 -0.040334 -0.027905
v 0.558675 -0.031821 -0.034313
v 0.552150 -0.039508 -0.032856
v 0.555386 -0.031408 -0.036788
v 0.558621 -0.023308 -0.040721
v 0.512860 -0.025103 -0.047415
v 0.512803 -0.018323 -0.049164
v 0.493103 -0.040378 -0.071207
v 0.502925 -0.025961 -0.061060
v 0.512747 -0.011543 -0.050913
v 0.201182 -0.042769 -0.056782
v 0.201107 -0.033017 -0.061011
v 0.191603 -0.044899 -0.070045
v 0.196317 -0.034082 -0.067643
v 0.201032 -0.023264 -0.065241
v 0.149717 -0.094208 -0.078654
v 0.155047 -0.081461 -0.079530
v 0.155136 -0.096606 -0.066148
v 0.149539 -0.063920 -0.105418
v 0.154958 -0.066317 -0.092912
v 0.165795 -0.071112 -0.067899
v 0.160376 -0.068715 -0.080405
v 0.145275 -0.104490 -0.075003
v 0.145186 -0.089346 -0.088385
v 0.136213 -0.094766 -0.094465
v 0.140655 -0.084484 -0.098116
v 0.145097 -0.074202 -0.101767
v -0.165528 -0.073477 -0.105219
v -0.153908 -0.075681 -0.100348
v -0.165415 -0.089904 -0.094765
v -0.142513 -0.045031 -0.116383
v -0.142401 -0.061458 -0.105930
v -0.142175 -0.094312 -0.085023
v -0.142288 -0.077885 -0.095476
v -0.177095 -0.078937 -0.105213
v -0.165588 -0.064713 -0.110795
v -0.177215 -0.061410 -0.116366
v -0.165648 -0.055950 -0.116372
v -0.154081 -0.050490 -0.116378
v -0.282959 -0.123829 -0.163352
v -0.255154 -0.102461 -0.154852
v -0.260691 -0.116749 -0.147442
v -0.271886 -0.095254 -0.178173
v -0.249617 -0.088174 -0.162263
v -0.205081 -0.074014 -0.130443
v -0.227349 -0.081094 -0.146353
v -0.293067 -0.131297 -0.160288
v -0.287531 -0.117010 -0.167699
v -0.302210 -0.117660 -0.168982
v -0.292102 -0.110192 -0.172046
v -0.281994 -0.102723 -0.175109
v -0.296287 -0.136218 -0.153744
v -0.300858 -0.129400 -0.158091
v -0.311869 -0.132424 -0.149349
v -0.316441 -0.125605 -0.153696
v -0.308650 -0.127502 -0.155893
v -0.310001 -0.115763 -0.166785
v -0.305430 -0.122581 -0.162438
v -0.319871 -0.124132 -0.151343
v -0.316652 -0.119211 -0.157888
v -0.320294 -0.111344 -0.159728
v -0.316863 -0.112817 -0.162080
v -0.313432 -0.114290 -0.164433
v -0.337888 -0.133704 -0.163027
v -0.333553 -0.124871 -0.164489
v -0.333511 -0.131448 -0.159536
v -0.337972 -0.120551 -0.172933
v -0.333595 -0.118295 -0.169441
v -0.324840 -0.113782 -0.162459
v -0.329217 -0.116039 -0.165950
v -0.368310 -0.131394 -0.159953
v -0.360746 -0.125427 -0.165649
v -0.360705 -0.131878 -0.160795
v -0.368392 -0.118491 -0.169661
v -0.360787 -0.118975 -0.170504
v -0.345578 -0.119943 -0.172189
v -0.353183 -0.119459 -0.171346
v -0.345452 -0.139672 -0.157330
v -0.345494 -0.133095 -0.162283
v -0.360663 -0.138455 -0.155842
v -0.353099 -0.132487 -0.161539
v -0.345536 -0.126519 -0.167236
v -0.369254 -0.063933 -0.083924
v -0.369306 -0.056803 -0.087712
v -0.370894 0.032278 0.097260
v -0.370126 -0.008697 0.002880
v -0.369358 -0.049673 -0.091500
v 0.522800 -0.030815 -0.019320
v 0.526390 -0.029672 -0.025814
v 0.526410 -0.034122 -0.020415
v 0.522759 -0.021915 -0.030119
v 0.526370 -0.025222 -0.031214
v 0.533591 -0.031836 -0.033402
v 0.529980 -0.028529 -0.032308
v 0.199072 -0.048856 -0.052537
v 0.194282 -0.049921 -0.059168
v 0.185272 -0.063159 -0.057310
v 0.180483 -0.064224 -0.063942
v 0.187382 -0.057072 -0.061555
v 0.184703 -0.052050 -0.072431
v 0.189493 -0.050986 -0.065800
v 0.178359 -0.067695 -0.062400
v 0.180469 -0.061609 -0.066645
v 0.178331 -0.062465 -0.067806
v 0.180455 -0.058994 -0.069348
v 0.182579 -0.055522 -0.070890
v 0.176560 -0.067324 -0.061966
v 0.176547 -0.064709 -0.064669
v 0.172936 -0.061351 -0.066505
v 0.174734 -0.061723 -0.066939
v 0.176533 -0.062094 -0.067373
v 0.117477 -0.111595 -0.048373
v 0.121015 -0.102538 -0.067512
v 0.121069 -0.117073 -0.046780
v 0.117370 -0.082525 -0.089836
v 0.120962 -0.088003 -0.088244
v 0.128144 -0.098960 -0.085058
v 0.124553 -0.093482 -0.086651
v 0.077922 -0.045146 -0.000020
v 0.077899 -0.036352 -0.014932
v 0.101574 -0.035740 -0.001677
v 0.030572 -0.046370 -0.026530
v 0.054224 -0.036963 -0.028187
v 0.101528 -0.018150 -0.031500
v 0.077876 -0.027557 -0.029843
v -0.204900 -0.100304 -0.113713
v -0.204960 -0.091541 -0.119289
v -0.260631 -0.125512 -0.141865
v -0.232826 -0.104145 -0.133365
v -0.205021 -0.082777 -0.124866
v -0.319576 -0.146508 -0.130619
v -0.311813 -0.143078 -0.138327
v -0.311785 -0.148406 -0.132817
v -0.319632 -0.135853 -0.141640
v -0.311841 -0.137751 -0.143838
v -0.296259 -0.141546 -0.148233
v -0.304050 -0.139648 -0.146035
v -0.320257 -0.152028 -0.115214
v -0.320128 -0.142729 -0.127257
v -0.320046 -0.158422 -0.111021
v -0.320422 -0.120642 -0.147685
v -0.320211 -0.127037 -0.143493
v -0.319789 -0.139825 -0.135108
v -0.320000 -0.133431 -0.139300
v -0.319705 -0.155807 -0.118576
v -0.319733 -0.150479 -0.124086
v -0.320018 -0.163749 -0.105510
v -0.319889 -0.154451 -0.117554
v -0.319761 -0.145152 -0.129597
v -0.323167 -0.166483 -0.107749
v -0.323249 -0.150790 -0.123985
v -0.329152 -0.164008 -0.125292
v -0.329235 -0.148315 -0.141528
v -0.326242 -0.149553 -0.132756
v -0.323415 -0.119405 -0.156456
v -0.323332 -0.135098 -0.140221
v -0.333570 -0.157148 -0.140066
v -0.330660 -0.142693 -0.147530
v -0.336421 -0.145903 -0.152071
v -0.332085 -0.137070 -0.153533
v -0.327750 -0.128238 -0.154995
v -0.368180 -0.154675 -0.137690
v -0.360604 -0.149674 -0.144237
v -0.360574 -0.155284 -0.138434
v -0.368239 -0.143456 -0.149295
v -0.360633 -0.144064 -0.150039
v -0.345422 -0.145281 -0.151527
v -0.353028 -0.144673 -0.150783
v -0.369130 -0.083288 -0.069361
v -0.369171 -0.076837 -0.074215
v -0.370853 0.025827 0.102114
v -0.370033 -0.022279 0.011522
v -0.369212 -0.070385 -0.079069
v 0.537216 -0.044105 -0.017166
v 0.540124 -0.041735 -0.023601
v 0.540136 -0.046205 -0.016025
v 0.537193 -0.035164 -0.032319
v 0.540113 -0.037264 -0.031178
v 0.545953 -0.041465 -0.028896
v 0.543033 -0.039365 -0.030037
v 0.295250 -0.108339 -0.031140
v 0.307889 -0.099872 -0.055826
v 0.307927 -0.114638 -0.030787
v 0.295174 -0.078808 -0.081217
v 0.307850 -0.085107 -0.080864
v 0.333203 -0.097705 -0.080160
v 0.320527 -0.091406 -0.080512
v 0.281872 -0.104961 -0.015475
v 0.281833 -0.090195 -0.040513
v 0.255038 -0.068673 -0.034222
v 0.268417 -0.072051 -0.049887
v 0.281795 -0.075429 -0.065552
v 0.223298 -0.055036 -0.021541
v 0.225005 -0.052699 -0.029301
v 0.225018 -0.057860 -0.020546
v 0.223271 -0.044713 -0.039051
v 0.224992 -0.047537 -0.038056
v 0.228433 -0.053186 -0.036066
v 0.226712 -0.050362 -0.037061
v 0.214401 -0.054636 -0.021387
v 0.216612 -0.049584 -0.030163
v 0.216625 -0.054708 -0.021479
v 0.214374 -0.044390 -0.038756
v 0.216598 -0.044461 -0.038847
v 0.221047 -0.044604 -0.039030
v 0.218822 -0.044533 -0.038939
v 0.221087 -0.060088 -0.012765
v 0.221073 -0.054927 -0.021520
v 0.216638 -0.059869 -0.012723
v 0.218849 -0.054817 -0.021499
v 0.221060 -0.049765 -0.030275
v 0.212303 -0.055246 -0.022064
v 0.212290 -0.050123 -0.030749
v 0.208082 -0.046218 -0.040788
v 0.210179 -0.045609 -0.040111
v 0.212277 -0.045000 -0.039433
v 0.178396 -0.076792 -0.050461
v 0.185288 -0.067480 -0.051153
v 0.185296 -0.069640 -0.048074
v 0.178380 -0.072471 -0.056618
v 0.185280 -0.065319 -0.054231
v 0.199080 -0.051016 -0.049458
v 0.192180 -0.058168 -0.051845
v 0.176584 -0.073806 -0.052730
v 0.176576 -0.071645 -0.055809
v 0.172944 -0.063512 -0.063426
v 0.174756 -0.066498 -0.061157
v 0.176568 -0.069484 -0.058887
v 0.131786 -0.118155 -0.063891
v 0.136282 -0.113600 -0.067595
v 0.136317 -0.123018 -0.054160
v 0.131716 -0.099321 -0.090761
v 0.136248 -0.104183 -0.081030
v 0.145310 -0.113908 -0.061568
v 0.140779 -0.109045 -0.071299
v 0.128248 -0.127212 -0.044752
v 0.128213 -0.117795 -0.058187
v 0.121103 -0.126491 -0.033345
v 0.124641 -0.117434 -0.052484
v 0.128179 -0.108377 -0.071623
v 0.113524 -0.096937 -0.032334
v 0.113471 -0.082401 -0.053066
v 0.105512 -0.038549 -0.041720
v 0.109465 -0.053208 -0.057759
v 0.113417 -0.067866 -0.073797
v -0.056238 -0.061691 -0.029374
v -0.040466 -0.055273 -0.035297
v -0.040416 -0.066235 -0.022017
v -0.056337 -0.039766 -0.055934
v -0.040516 -0.044311 -0.048577
v -0.008874 -0.053400 -0.033862
v -0.024695 -0.048855 -0.041219
v -0.085938 -0.071025 -0.033762
v -0.078565 -0.057338 -0.046421
v -0.078508 -0.069867 -0.031235
v -0.086052 -0.045965 -0.064133
v -0.078622 -0.044808 -0.061607
v -0.063761 -0.042492 -0.056555
v -0.071191 -0.043650 -0.059081
v -0.063611 -0.075378 -0.016715
v -0.063661 -0.064416 -0.029995
v -0.078458 -0.080830 -0.017955
v -0.071085 -0.067142 -0.030615
v -0.063711 -0.053454 -0.043275
v -0.142148 -0.104735 -0.067349
v -0.153768 -0.102531 -0.072220
v -0.165334 -0.121171 -0.041743
v -0.176954 -0.118967 -0.046614
v -0.165361 -0.110749 -0.059417
v -0.177008 -0.098122 -0.081962
v -0.165388 -0.100327 -0.077091
v -0.288355 -0.169064 -0.118411
v -0.260537 -0.146144 -0.116845
v -0.260490 -0.156460 -0.104335
v -0.288449 -0.148432 -0.143431
v -0.260584 -0.135828 -0.129355
v -0.204853 -0.110620 -0.101203
v -0.232719 -0.123224 -0.115279
v -0.296118 -0.172494 -0.110703
v -0.296165 -0.162178 -0.123213
v -0.311738 -0.158722 -0.120307
v -0.303975 -0.155292 -0.128015
v -0.296212 -0.151862 -0.135723
v -0.296102 -0.176899 -0.104421
v -0.303912 -0.170013 -0.109223
v -0.311690 -0.171939 -0.101461
v -0.319500 -0.165053 -0.106263
v -0.311706 -0.167533 -0.107743
v -0.319532 -0.156241 -0.118826
v -0.311722 -0.163127 -0.114025
v -0.319656 -0.169024 -0.099730
v -0.319672 -0.164618 -0.106012
v -0.320001 -0.168155 -0.099229
v -0.319845 -0.164184 -0.105761
v -0.319688 -0.160213 -0.112294
v -0.324545 -0.171313 -0.101090
v -0.327537 -0.170076 -0.109861
v -0.333285 -0.178499 -0.105313
v -0.336278 -0.177261 -0.114084
v -0.331908 -0.173668 -0.111972
v -0.333522 -0.167601 -0.127403
v -0.330530 -0.168838 -0.118632
v -0.360523 -0.169186 -0.118591
v -0.351539 -0.165173 -0.125749
v -0.359098 -0.174809 -0.112588
v -0.345405 -0.149916 -0.144913
v -0.343980 -0.155538 -0.138910
v -0.341129 -0.166783 -0.126905
v -0.342554 -0.161161 -0.132907
v -0.345262 -0.181274 -0.106926
v -0.343885 -0.176444 -0.113585
v -0.360475 -0.179639 -0.105928
v -0.351491 -0.175626 -0.113087
v -0.342507 -0.171613 -0.120245
v -0.368099 -0.174187 -0.112044
v -0.360540 -0.164552 -0.125205
v -0.368133 -0.164919 -0.125273
v -0.360557 -0.159918 -0.131820
v -0.352981 -0.154917 -0.138366
v -0.369041 -0.100118 -0.051953
v -0.369071 -0.094508 -0.057755
v -0.370823 0.020217 0.107917
v -0.369962 -0.034341 0.022180
v -0.369100 -0.088898 -0.063558
v 0.548853 -0.049283 -0.009494
v 0.552145 -0.046300 -0.015631
v 0.552142 -0.049696 -0.007019
v 0.548858 -0.042491 -0.026719
v 0.552148 -0.042904 -0.024244
v 0.558727 -0.043731 -0.019292
v 0.555437 -0.043317 -0.021768
v 0.545944 -0.051653 -0.003059
v 0.545947 -0.048257 -0.011671
v 0.540133 -0.049602 -0.007412
v 0.543042 -0.047231 -0.013848
v 0.545950 -0.044861 -0.020283
v 0.530012 -0.037450 -0.019332
v 0.526422 -0.038592 -0.012838
v 0.533603 -0.036307 -0.025825
v 0.533626 -0.045248 -0.010672
v 0.533614 -0.040777 -0.018249
v 0.483361 -0.077968 -0.046813
v 0.493194 -0.060346 -0.047014
v 0.493239 -0.070330 -0.034917
v 0.483270 -0.058000 -0.071007
v 0.493149 -0.050362 -0.059110
v 0.512906 -0.035087 -0.035318
v 0.503027 -0.042724 -0.047214
v 0.354263 -0.127030 -0.039534
v 0.347243 -0.117255 -0.053076
v 0.366901 -0.118563 -0.064220
v 0.314947 -0.124413 -0.017245
v 0.327585 -0.115946 -0.041932
v 0.352861 -0.099013 -0.091304
v 0.340223 -0.107480 -0.066618
v 0.230131 -0.062963 -0.013106
v 0.233004 -0.058845 -0.023289
v 0.233001 -0.062883 -0.013049
v 0.230137 -0.054887 -0.033587
v 0.233007 -0.054807 -0.033529
v 0.238748 -0.054647 -0.033414
v 0.235877 -0.054727 -0.033471
v 0.238738 -0.066717 -0.002819
v 0.238741 -0.062694 -0.013017
v 0.241611 -0.062599 -0.013002
v 0.232998 -0.066907 -0.002851
v 0.235871 -0.062789 -0.013033
v 0.241618 -0.054552 -0.033398
v 0.238744 -0.058670 -0.023216
v 0.228423 -0.065301 -0.005346
v 0.228427 -0.061262 -0.015586
v 0.225015 -0.061899 -0.010306
v 0.226722 -0.059561 -0.018066
v 0.228430 -0.057224 -0.025826
v 0.206013 -0.057906 -0.022667
v 0.208110 -0.057019 -0.022466
v 0.208124 -0.062420 -0.013305
v 0.205985 -0.047105 -0.040989
v 0.208096 -0.051619 -0.031627
v 0.212317 -0.060646 -0.012904
v 0.210207 -0.056132 -0.022265
v 0.184836 -0.081504 -0.036294
v 0.189584 -0.071342 -0.040682
v 0.191727 -0.072192 -0.036986
v 0.180548 -0.079803 -0.043686
v 0.187440 -0.070491 -0.044378
v 0.201223 -0.051867 -0.045762
v 0.194332 -0.061179 -0.045070
v 0.184833 -0.084256 -0.029321
v 0.182690 -0.083405 -0.033017
v 0.180542 -0.088058 -0.022765
v 0.178398 -0.087207 -0.026461
v 0.180544 -0.085306 -0.029739
v 0.178402 -0.081704 -0.040408
v 0.180546 -0.082555 -0.036712
v 0.171193 -0.077163 -0.041965
v 0.172990 -0.076044 -0.045554
v 0.173013 -0.082310 -0.036617
v 0.171147 -0.064631 -0.059838
v 0.172967 -0.069778 -0.054490
v 0.176607 -0.080072 -0.043794
v 0.174787 -0.074925 -0.049142
v 0.176601 -0.088326 -0.022873
v 0.176603 -0.085575 -0.029846
v 0.173011 -0.085062 -0.029644
v 0.174808 -0.083942 -0.033232
v 0.176605 -0.082823 -0.036820
v 0.165864 -0.089910 -0.041090
v 0.165841 -0.083644 -0.050026
v 0.155159 -0.102872 -0.057211
v 0.160488 -0.090125 -0.058087
v 0.165818 -0.077378 -0.058962
v -0.119404 -0.095763 -0.054470
v -0.108249 -0.087517 -0.047567
v -0.119347 -0.108293 -0.039284
v -0.097208 -0.054211 -0.071036
v -0.097151 -0.066741 -0.055850
v -0.097037 -0.091801 -0.025479
v -0.097094 -0.079271 -0.040664
v -0.130516 -0.111533 -0.054678
v -0.119417 -0.090758 -0.062961
v -0.130542 -0.101522 -0.071661
v -0.119430 -0.085752 -0.071453
v -0.108319 -0.069982 -0.071244
v -0.319472 -0.179543 -0.079323
v -0.311682 -0.178662 -0.087689
v -0.311678 -0.182024 -0.080803
v -0.319479 -0.172820 -0.093095
v -0.311686 -0.175300 -0.094575
v -0.296098 -0.180261 -0.097535
v -0.303892 -0.177781 -0.096055
v -0.319644 -0.179109 -0.079072
v -0.319648 -0.175747 -0.085958
v -0.319997 -0.171516 -0.092343
v -0.319825 -0.171951 -0.092593
v -0.319652 -0.172386 -0.092844
v -0.337643 -0.192932 -0.085218
v -0.333277 -0.185726 -0.090509
v -0.333273 -0.189339 -0.083107
v -0.337651 -0.185705 -0.100022
v -0.333281 -0.182112 -0.097911
v -0.324540 -0.174927 -0.093688
v -0.328911 -0.178519 -0.095799
v -0.345250 -0.192115 -0.084720
v -0.345254 -0.188501 -0.092122
v -0.360471 -0.183252 -0.098526
v -0.352865 -0.184070 -0.099025
v -0.345258 -0.184887 -0.099524
v -0.345245 -0.195655 -0.077467
v -0.352856 -0.191224 -0.084370
v -0.360459 -0.193873 -0.076769
v -0.368070 -0.189442 -0.083672
v -0.360463 -0.190333 -0.084021
v -0.368078 -0.182362 -0.098177
v -0.360467 -0.186793 -0.091274
v -0.368990 -0.114020 -0.032109
v -0.369007 -0.109386 -0.038724
v -0.370806 0.015583 0.114532
v -0.369915 -0.044584 0.034597
v -0.369024 -0.104752 -0.045338
v 0.512966 -0.048436 -0.019120
v 0.512946 -0.043986 -0.024519
v 0.493260 -0.074780 -0.029518
v 0.503093 -0.057158 -0.029718
v 0.512926 -0.039537 -0.029919
v 0.281869 -0.108984 -0.005277
v 0.268452 -0.090840 -0.014650
v 0.255028 -0.080743 -0.003628
v 0.255032 -0.076720 -0.013826
v 0.255035 -0.072696 -0.024024
v 0.201265 -0.068069 -0.018279
v 0.201251 -0.062668 -0.027440
v 0.191741 -0.077593 -0.027825
v 0.196489 -0.067430 -0.032213
v 0.201237 -0.057268 -0.036601
v 0.136185 -0.129902 -0.005426
v 0.146078 -0.116571 -0.017314
v 0.141538 -0.123421 0.002635
v 0.145266 -0.116202 -0.045323
v 0.150618 -0.109721 -0.037262
v 0.161323 -0.096760 -0.021141
v 0.155971 -0.103241 -0.029202
v 0.131689 -0.134457 -0.001721
v 0.136229 -0.127607 -0.021670
v 0.131777 -0.129867 -0.034211
v 0.136273 -0.125312 -0.037915
v 0.140769 -0.120757 -0.041619
v -0.142109 -0.119752 -0.041875
v -0.142122 -0.114746 -0.050366
v -0.165321 -0.126177 -0.033251
v -0.153728 -0.117959 -0.046055
v -0.142135 -0.109740 -0.058858
v -0.271441 -0.193016 -0.059671
v -0.249245 -0.165550 -0.073515
v -0.243623 -0.170096 -0.058105
v -0.282686 -0.183925 -0.090491
v -0.254868 -0.161005 -0.088925
v -0.199231 -0.115165 -0.085793
v -0.227049 -0.138085 -0.087359
v -0.199150 -0.146433 -0.032770
v -0.199177 -0.136010 -0.050444
v -0.243596 -0.180518 -0.040430
v -0.221400 -0.153053 -0.054274
v -0.199204 -0.125588 -0.068118
v -0.319493 -0.189648 -0.050437
v -0.311695 -0.186519 -0.066136
v -0.311703 -0.188767 -0.058803
v -0.319476 -0.185153 -0.065104
v -0.311686 -0.184271 -0.073470
v -0.296107 -0.182509 -0.090202
v -0.303896 -0.183390 -0.081836
v -0.279239 -0.196145 -0.043971
v -0.284862 -0.191599 -0.059382
v -0.306081 -0.193312 -0.043393
v -0.298282 -0.190183 -0.059092
v -0.290484 -0.187054 -0.074792
v -0.320248 -0.187558 -0.034209
v -0.320047 -0.184742 -0.049164
v -0.320072 -0.191354 -0.027574
v -0.320199 -0.174333 -0.077388
v -0.320022 -0.178129 -0.070753
v -0.319669 -0.185721 -0.057483
v -0.319846 -0.181925 -0.064118
v -0.319694 -0.192465 -0.035482
v -0.319686 -0.190217 -0.042816
v -0.320080 -0.193602 -0.020241
v -0.319879 -0.190785 -0.035195
v -0.319677 -0.187969 -0.050149
v -0.323228 -0.197050 -0.021014
v -0.323204 -0.190438 -0.042604
v -0.329139 -0.202810 -0.037804
v -0.329114 -0.196198 -0.059393
v -0.326159 -0.193318 -0.050999
v -0.323154 -0.177213 -0.085783
v -0.323179 -0.183825 -0.064193
v -0.333480 -0.203404 -0.054103
v -0.330500 -0.193912 -0.067298
v -0.336253 -0.198832 -0.069912
v -0.331887 -0.191626 -0.075202
v -0.327520 -0.184419 -0.080493
v -0.368092 -0.200086 -0.053265
v -0.360476 -0.198609 -0.061333
v -0.360485 -0.200977 -0.053615
v -0.368074 -0.195350 -0.068701
v -0.360468 -0.196241 -0.069051
v -0.345254 -0.198023 -0.069749
v -0.352861 -0.197132 -0.069400
v -0.368978 -0.124641 -0.010351
v -0.368982 -0.121101 -0.017604
v -0.370802 0.012043 0.121784
v -0.369894 -0.052759 0.048464
v -0.368986 -0.117560 -0.024857
v 0.561933 -0.045207 0.006218
v 0.564727 -0.041332 -0.002928
v 0.564698 -0.042818 0.007621
v 0.561991 -0.042234 -0.014880
v 0.564755 -0.039845 -0.013477
v 0.570285 -0.035067 -0.010670
v 0.567520 -0.037456 -0.012074
v 0.558641 -0.048190 0.012355
v 0.558670 -0.046704 0.001806
v 0.552114 -0.051183 0.003530
v 0.555406 -0.048200 -0.002606
v 0.558698 -0.045217 -0.008743
v 0.522747 -0.036558 0.007036
v 0.526374 -0.039455 0.001134
v 0.526349 -0.039886 0.008119
v 0.522796 -0.035696 -0.006935
v 0.526398 -0.039024 -0.005852
v 0.533602 -0.045679 -0.003686
v 0.530000 -0.042351 -0.004769
v 0.199109 -0.070494 -0.011278
v 0.194347 -0.075256 -0.016051
v 0.185273 -0.084869 -0.006822
v 0.180511 -0.089631 -0.011595
v 0.187429 -0.082443 -0.013823
v 0.184823 -0.084780 -0.025597
v 0.189585 -0.080018 -0.020824
v 0.178365 -0.091532 -0.008317
v 0.180521 -0.089106 -0.015318
v 0.178386 -0.090483 -0.015764
v 0.180531 -0.088582 -0.019042
v 0.182677 -0.086681 -0.022320
v 0.176571 -0.089899 -0.011703
v 0.176581 -0.089375 -0.015426
v 0.173001 -0.085586 -0.025920
v 0.174796 -0.087218 -0.022535
v 0.176591 -0.088851 -0.019149
v 0.128116 -0.134096 0.003982
v 0.128160 -0.131801 -0.012263
v 0.121059 -0.128785 -0.017100
v 0.124632 -0.129146 -0.022804
v 0.128204 -0.129507 -0.028507
v 0.113547 -0.105731 -0.017422
v 0.109541 -0.076538 -0.022115
v 0.105580 -0.064933 0.003016
v 0.105557 -0.056139 -0.011896
v 0.105534 -0.047344 -0.026808
v 0.062150 -0.051564 0.005903
v 0.038476 -0.052176 -0.007352
v -0.016742 -0.065623 -0.008762
v -0.000970 -0.059205 -0.014685
v 0.014801 -0.052788 -0.020607
v -0.130704 -0.120125 0.012111
v -0.119482 -0.110684 -0.000419
v -0.119549 -0.111879 0.019014
v -0.130570 -0.117734 -0.026755
v -0.119415 -0.109488 -0.019852
v -0.097104 -0.092996 -0.006046
v -0.108259 -0.101242 -0.012949
v -0.309778 -0.201906 -0.020710
v -0.299598 -0.199985 -0.028464
v -0.296357 -0.203322 -0.020999
v -0.316260 -0.195233 -0.035639
v -0.302839 -0.196649 -0.035928
v -0.275998 -0.199481 -0.036507
v -0.289419 -0.198065 -0.036218
v -0.309971 -0.202474 -0.013089
v -0.313212 -0.199138 -0.020554
v -0.316839 -0.196938 -0.012776
v -0.316646 -0.196370 -0.020397
v -0.316453 -0.195801 -0.028018
v -0.324646 -0.198327 -0.012888
v -0.327601 -0.201207 -0.021283
v -0.333391 -0.206641 -0.013426
v -0.336346 -0.209521 -0.021821
v -0.331973 -0.205364 -0.021552
v -0.333512 -0.206967 -0.038073
v -0.330556 -0.204087 -0.029678
v -0.360550 -0.204351 -0.029626
v -0.351527 -0.204036 -0.037785
v -0.359164 -0.206637 -0.021722
v -0.345276 -0.199148 -0.061753
v -0.343890 -0.201434 -0.053849
v -0.341118 -0.206006 -0.038040
v -0.342504 -0.203720 -0.045944
v -0.345369 -0.209837 -0.013662
v -0.343952 -0.208560 -0.021788
v -0.360581 -0.207914 -0.013596
v -0.351558 -0.207599 -0.021755
v -0.342535 -0.207283 -0.029914
v -0.368166 -0.205828 -0.021559
v -0.360529 -0.203226 -0.037622
v -0.368122 -0.203578 -0.037551
v -0.360507 -0.202101 -0.045618
v -0.352891 -0.200624 -0.053686
v -0.369004 -0.131744 0.012803
v -0.368995 -0.129376 0.005085
v -0.370811 0.009675 0.129502
v -0.369899 -0.058667 0.063434
v -0.368986 -0.127009 -0.002633
v 0.572884 -0.027436 0.019433
v 0.574635 -0.017609 0.005600
v 0.574570 -0.016358 0.018683
v 0.573013 -0.029940 -0.006733
v 0.574699 -0.018861 -0.007484
v 0.578071 0.003296 -0.008984
v 0.576385 -0.007782 -0.008234
v 0.570091 -0.031312 0.028579
v 0.570155 -0.032564 0.015496
v 0.564633 -0.041566 0.020705
v 0.567427 -0.037691 0.011559
v 0.570220 -0.033815 0.002413
v 0.537098 -0.046053 0.016672
v 0.540047 -0.047920 0.010095
v 0.540003 -0.047079 0.018848
v 0.537184 -0.047735 -0.000835
v 0.540090 -0.048761 0.001341
v 0.545901 -0.050812 0.005695
v 0.542996 -0.049787 0.003518
v 0.333175 -0.133331 0.010161
v 0.340204 -0.131231 -0.006404
v 0.352833 -0.134640 -0.000983
v 0.307917 -0.126514 -0.000680
v 0.327576 -0.127822 -0.011825
v 0.366892 -0.130439 -0.034114
v 0.347234 -0.129130 -0.022969
v 0.223161 -0.057300 0.017579
v 0.224915 -0.059967 0.009937
v 0.224865 -0.059001 0.020059
v 0.223261 -0.059232 -0.002664
v 0.224965 -0.060933 -0.000184
v 0.228373 -0.064335 0.004775
v 0.226669 -0.062634 0.002296
v 0.214265 -0.056872 0.017400
v 0.216539 -0.057944 0.007345
v 0.216489 -0.056982 0.017379
v 0.214364 -0.058797 -0.002668
v 0.216589 -0.058907 -0.002689
v 0.221037 -0.059126 -0.002730
v 0.218813 -0.059016 -0.002710
v 0.220887 -0.056228 0.027634
v 0.220937 -0.057194 0.017512
v 0.216439 -0.056016 0.027501
v 0.218713 -0.057088 0.017446
v 0.220987 -0.058160 0.007391
v 0.212168 -0.057759 0.017199
v 0.212218 -0.058721 0.007165
v 0.208074 -0.061457 -0.003271
v 0.210171 -0.060571 -0.003070
v 0.212268 -0.059684 -0.002869
v 0.178308 -0.091850 0.006683
v 0.185242 -0.084731 0.000696
v 0.185226 -0.084663 0.004455
v 0.178339 -0.091987 -0.000835
v 0.185257 -0.084800 -0.003063
v 0.199093 -0.070425 -0.007519
v 0.192175 -0.077613 -0.005291
v 0.171128 -0.087992 -0.000608
v 0.172942 -0.088628 -0.004306
v 0.172913 -0.090149 0.006501
v 0.171187 -0.084950 -0.022222
v 0.172972 -0.087107 -0.015113
v 0.176541 -0.091420 -0.000896
v 0.174756 -0.089264 -0.008004
v 0.176494 -0.091214 0.010381
v 0.176510 -0.091283 0.006622
v 0.172897 -0.090080 0.010260
v 0.174711 -0.090716 0.006562
v 0.176525 -0.091352 0.002863
v 0.161236 -0.101322 0.011280
v 0.161265 -0.099802 0.000473
v 0.141508 -0.124942 0.013442
v 0.151401 -0.111611 0.001554
v 0.161294 -0.098281 -0.010334
v 0.117229 -0.120287 0.033414
v 0.120858 -0.124890 0.023603
v 0.120758 -0.122943 0.043955
v 0.117430 -0.124183 -0.007290
v 0.120959 -0.126838 0.003251
v 0.128016 -0.132148 0.024334
v 0.124487 -0.129493 0.013793
v -0.165428 -0.128097 -0.002140
v -0.153854 -0.125440 0.002610
v -0.165495 -0.129292 0.017293
v -0.142145 -0.120392 -0.031505
v -0.142212 -0.121587 -0.012072
v -0.142346 -0.123977 0.026793
v -0.142279 -0.122782 0.007361
v -0.177034 -0.131310 0.002172
v -0.165392 -0.127457 -0.012510
v -0.176962 -0.130030 -0.018569
v -0.165356 -0.126817 -0.022881
v -0.153751 -0.123605 -0.027193
v -0.282868 -0.204776 0.003320
v -0.254962 -0.185328 -0.008710
v -0.260645 -0.187733 0.007150
v -0.271502 -0.199966 -0.028401
v -0.249279 -0.182923 -0.024570
v -0.204833 -0.148838 -0.016910
v -0.227056 -0.165880 -0.020740
v -0.293048 -0.206696 0.011073
v -0.287364 -0.204291 -0.004787
v -0.302040 -0.205727 -0.005139
v -0.291861 -0.203806 -0.012893
v -0.281681 -0.201886 -0.020647
v -0.296341 -0.204302 0.018866
v -0.300838 -0.203817 0.010760
v -0.311922 -0.198544 0.018238
v -0.316418 -0.198059 0.010132
v -0.308628 -0.200938 0.010446
v -0.309830 -0.202848 -0.005453
v -0.305334 -0.203333 0.002653
v -0.319852 -0.195291 0.010288
v -0.316558 -0.197686 0.002496
v -0.320133 -0.194544 -0.004984
v -0.316699 -0.197312 -0.005140
v -0.313265 -0.200080 -0.005297
v -0.337867 -0.210381 0.010997
v -0.333460 -0.206363 0.003035
v -0.333494 -0.206224 0.011266
v -0.337798 -0.210659 -0.005464
v -0.333425 -0.206502 -0.005195
v -0.324680 -0.198188 -0.004658
v -0.329053 -0.202345 -0.004927
v -0.345473 -0.209420 0.011030
v -0.345438 -0.209559 0.002799
v -0.360616 -0.207775 -0.005365
v -0.353010 -0.208737 -0.005398
v -0.345404 -0.209698 -0.005431
v -0.345507 -0.209286 0.019099
v -0.353078 -0.208463 0.010901
v -0.360717 -0.207372 0.018842
v -0.368289 -0.206550 0.010645
v -0.360684 -0.207506 0.010773
v -0.368221 -0.206818 -0.005494
v -0.360650 -0.207641 0.002704
v -0.369069 -0.135119 0.036791
v -0.369047 -0.133994 0.028795
v -0.370833 0.008550 0.137498
v -0.369929 -0.062159 0.079148
v -0.369026 -0.132869 0.020799
v 0.548676 -0.045749 0.026011
v 0.551998 -0.046563 0.021459
v 0.551940 -0.044252 0.030423
v 0.548792 -0.050369 0.008082
v 0.552056 -0.048873 0.012495
v 0.558583 -0.045880 0.021319
v 0.555319 -0.047376 0.016907
v 0.545727 -0.043882 0.032587
v 0.545785 -0.046192 0.023623
v 0.539945 -0.044769 0.027813
v 0.542894 -0.046636 0.021236
v 0.545843 -0.048502 0.014659
v 0.529932 -0.041942 0.010970
v 0.526306 -0.039045 0.016873
v 0.533558 -0.044838 0.005067
v 0.533472 -0.043156 0.022574
v 0.533515 -0.043997 0.013821
v 0.465091 -0.104267 0.015593
v 0.481050 -0.085656 0.004022
v 0.474945 -0.091095 0.020792
v 0.477301 -0.093390 -0.017947
v 0.487155 -0.080218 -0.012748
v 0.506862 -0.053875 -0.002350
v 0.497008 -0.067046 -0.007549
v 0.229920 -0.058761 0.029099
v 0.232860 -0.061413 0.018460
v 0.232791 -0.058666 0.029115
v 0.230058 -0.064255 0.007789
v 0.232929 -0.064160 0.007805
v 0.238669 -0.063970 0.007836
v 0.235799 -0.064065 0.007820
v 0.238463 -0.055757 0.039691
v 0.238532 -0.058495 0.029073
v 0.241402 -0.058409 0.029052
v 0.232722 -0.055928 0.039733
v 0.235661 -0.058580 0.029094
v 0.241539 -0.063884 0.007815
v 0.238600 -0.061232 0.018454
v 0.228166 -0.056094 0.036741
v 0.228235 -0.058841 0.026086
v 0.224796 -0.056254 0.030714
v 0.226550 -0.058921 0.023072
v 0.228304 -0.061588 0.015430
v 0.205870 -0.060270 0.018242
v 0.207970 -0.059433 0.017895
v 0.207917 -0.058421 0.028477
v 0.205975 -0.062295 -0.002923
v 0.208022 -0.060445 0.007312
v 0.212116 -0.056747 0.027782
v 0.210069 -0.058596 0.017547
v 0.184659 -0.087340 0.020952
v 0.189471 -0.081702 0.011461
v 0.191593 -0.080221 0.014965
v 0.180414 -0.090301 0.013945
v 0.187348 -0.083182 0.007958
v 0.201216 -0.068945 -0.004016
v 0.194282 -0.076064 0.001971
v 0.184582 -0.083707 0.031532
v 0.182460 -0.085187 0.028029
v 0.180183 -0.079402 0.045686
v 0.178061 -0.080882 0.042183
v 0.180260 -0.083035 0.035106
v 0.178215 -0.088148 0.021022
v 0.180337 -0.086668 0.024526
v 0.176263 -0.080315 0.042122
v 0.176340 -0.083948 0.031542
v 0.172820 -0.086447 0.020840
v 0.174618 -0.087014 0.020901
v 0.176417 -0.087581 0.020962
v -0.204940 -0.150758 0.014202
v -0.204904 -0.150118 0.003831
v -0.260681 -0.188373 0.017520
v -0.232775 -0.168925 0.005491
v -0.204869 -0.149478 -0.006539
v -0.319841 -0.191672 0.040578
v -0.312008 -0.195882 0.033341
v -0.312051 -0.194551 0.040892
v -0.319755 -0.194334 0.025476
v -0.311965 -0.197213 0.025790
v -0.296385 -0.202971 0.026417
v -0.304175 -0.200092 0.026103
v -0.320653 -0.182446 0.054100
v -0.320386 -0.186728 0.039496
v -0.320513 -0.182819 0.061736
v -0.320400 -0.190262 0.009620
v -0.320260 -0.190636 0.017256
v -0.319979 -0.191383 0.032528
v -0.320119 -0.191010 0.024892
v -0.320108 -0.187390 0.055182
v -0.320065 -0.188721 0.047631
v -0.320556 -0.181488 0.069287
v -0.320289 -0.185770 0.054684
v -0.320022 -0.190052 0.040080
v -0.323711 -0.184911 0.070151
v -0.323585 -0.188820 0.047911
v -0.329574 -0.197660 0.057774
v -0.329447 -0.201568 0.035534
v -0.326516 -0.195194 0.041722
v -0.323331 -0.196636 0.003431
v -0.323458 -0.192728 0.025671
v -0.333854 -0.205586 0.043495
v -0.330796 -0.203120 0.027444
v -0.336552 -0.208690 0.027317
v -0.332145 -0.204672 0.019355
v -0.327738 -0.200654 0.011393
v -0.368459 -0.202223 0.042562
v -0.360808 -0.204577 0.034741
v -0.360853 -0.203180 0.042690
v -0.368368 -0.205018 0.026663
v -0.360763 -0.205975 0.026791
v -0.345552 -0.207888 0.027048
v -0.353157 -0.206931 0.026920
v -0.369171 -0.134715 0.060998
v -0.369137 -0.134850 0.052929
v -0.370866 0.008685 0.145567
v -0.369985 -0.063150 0.095214
v -0.369103 -0.134984 0.044860
v 0.506789 -0.055168 0.018607
v 0.506813 -0.054737 0.011621
v 0.474921 -0.091526 0.027778
v 0.490879 -0.072916 0.016207
v 0.506837 -0.054306 0.004636
v 0.279889 -0.106689 0.034176
v 0.297651 -0.115570 0.026171
v 0.292518 -0.110098 0.039597
v 0.290156 -0.117633 0.007325
v 0.302784 -0.121042 0.012745
v 0.328042 -0.127860 0.023587
v 0.315413 -0.124451 0.018166
v 0.266469 -0.092568 0.035000
v 0.271602 -0.098040 0.021575
v 0.249895 -0.075271 0.009798
v 0.263315 -0.089392 0.008973
v 0.276735 -0.103512 0.008149
v 0.201059 -0.065908 0.027733
v 0.201111 -0.066920 0.017150
v 0.191541 -0.079209 0.025547
v 0.196352 -0.073571 0.016057
v 0.201164 -0.067933 0.006567
v 0.127677 -0.116145 0.070873
v 0.127790 -0.121479 0.055360
v 0.131306 -0.120748 0.061063
v 0.120644 -0.117608 0.059468
v 0.124274 -0.122211 0.049658
v 0.131532 -0.131417 0.030036
v 0.127903 -0.126814 0.039847
v -0.056512 -0.059738 0.033918
v -0.016958 -0.057013 0.024579
v -0.017066 -0.052709 0.041250
v -0.056296 -0.068348 0.000576
v -0.016850 -0.061318 0.007909
v 0.062042 -0.047259 0.022573
v 0.022596 -0.054289 0.015241
v -0.086252 -0.068785 0.038612
v -0.078705 -0.070983 0.020170
v -0.078829 -0.066059 0.039232
v -0.086005 -0.078632 0.000487
v -0.078582 -0.075906 0.001107
v -0.063735 -0.070455 0.002348
v -0.071158 -0.073180 0.001728
v -0.064059 -0.057540 0.052360
v -0.063951 -0.061845 0.035689
v -0.078937 -0.061755 0.055903
v -0.071390 -0.063952 0.037461
v -0.063843 -0.066150 0.019019
v -0.142499 -0.115808 0.045614
v -0.154074 -0.118465 0.040864
v -0.165955 -0.104784 0.073756
v -0.177529 -0.107441 0.069006
v -0.165802 -0.112953 0.054935
v -0.177223 -0.123780 0.031364
v -0.165649 -0.121123 0.036114
v -0.288856 -0.195029 0.066288
v -0.260884 -0.180272 0.048926
v -0.260986 -0.176221 0.064629
v -0.288653 -0.203130 0.034882
v -0.260783 -0.184322 0.033223
v -0.205042 -0.146707 0.029905
v -0.232912 -0.165515 0.031564
v -0.296690 -0.190819 0.073525
v -0.296588 -0.194869 0.057823
v -0.312153 -0.190500 0.056595
v -0.304320 -0.194710 0.049357
v -0.296486 -0.198920 0.042120
v -0.296742 -0.188329 0.080779
v -0.304474 -0.188169 0.072314
v -0.312311 -0.183030 0.078356
v -0.320043 -0.182871 0.069891
v -0.312258 -0.185520 0.071102
v -0.319937 -0.187851 0.055384
v -0.312206 -0.188010 0.063849
v -0.320267 -0.179920 0.076944
v -0.320214 -0.182410 0.069690
v -0.320609 -0.178998 0.076541
v -0.320385 -0.181949 0.069489
v -0.320161 -0.184900 0.062436
v -0.325163 -0.182360 0.077965
v -0.328095 -0.188734 0.071776
v -0.333930 -0.190006 0.081215
v -0.336861 -0.196380 0.075026
v -0.332478 -0.192557 0.073401
v -0.333957 -0.201482 0.059399
v -0.331026 -0.195108 0.065587
v -0.361020 -0.195314 0.065603
v -0.351965 -0.198738 0.058234
v -0.359671 -0.193761 0.073693
v -0.345608 -0.205266 0.034686
v -0.344259 -0.203714 0.042775
v -0.341560 -0.200610 0.058954
v -0.342909 -0.202162 0.050865
v -0.345917 -0.192956 0.082396
v -0.344465 -0.195507 0.074582
v -0.361123 -0.191210 0.081507
v -0.352068 -0.194634 0.074137
v -0.343012 -0.198058 0.066768
v -0.368671 -0.192960 0.073424
v -0.360965 -0.197936 0.057966
v -0.368560 -0.198204 0.058149
v -0.360909 -0.200558 0.050328
v -0.353258 -0.202912 0.042507
v -0.369307 -0.130523 0.084846
v -0.369261 -0.131921 0.076897
v -0.370912 0.010082 0.153517
v -0.370064 -0.061618 0.111232
v -0.369216 -0.133318 0.068948
v 0.522545 -0.025723 0.031732
v 0.526187 -0.031534 0.028680
v 0.526128 -0.027779 0.034583
v 0.522664 -0.033234 0.019925
v 0.526247 -0.035290 0.022776
v 0.533412 -0.039401 0.028478
v 0.529830 -0.037345 0.025627
v 0.325480 -0.117317 0.060560
v 0.350363 -0.121178 0.050767
v 0.343588 -0.114703 0.065759
v 0.339029 -0.130266 0.030574
v 0.363912 -0.134127 0.020781
v 0.357138 -0.127652 0.035774
v 0.400129 -0.128899 0.031180
v 0.393355 -0.122424 0.046173
v 0.375246 -0.125038 0.040973
v 0.307718 -0.108436 0.068565
v 0.314493 -0.114911 0.053572
v 0.285743 -0.103623 0.054589
v 0.303505 -0.112504 0.046584
v 0.321267 -0.121385 0.038579
v 0.198859 -0.063756 0.034810
v 0.194100 -0.070406 0.033717
v 0.184942 -0.072751 0.046779
v 0.187142 -0.074904 0.039702
v 0.189341 -0.077056 0.032625
v 0.170874 -0.078886 0.041160
v 0.172670 -0.079362 0.041481
v 0.172595 -0.075820 0.051801
v 0.171024 -0.085971 0.020519
v 0.172745 -0.082905 0.031160
v 0.176187 -0.076773 0.052443
v 0.174466 -0.079839 0.041801
v 0.141282 -0.114273 0.044468
v 0.141169 -0.108938 0.059982
v 0.141395 -0.119607 0.028955
v 0.161122 -0.095988 0.026793
v 0.151259 -0.107798 0.027874
v 0.160897 -0.085361 0.057754
v 0.160972 -0.088903 0.047434
v 0.141094 -0.105396 0.070302
v 0.151071 -0.098921 0.053708
v 0.161047 -0.092446 0.037114
v -0.119770 -0.100109 0.046142
v -0.108597 -0.089668 0.043632
v -0.119893 -0.095186 0.065205
v -0.097178 -0.089073 0.002997
v -0.097301 -0.084150 0.022060
v -0.097548 -0.074303 0.060185
v -0.097425 -0.079226 0.041122
v -0.130992 -0.109550 0.058672
v -0.119696 -0.104032 0.037099
v -0.130845 -0.117397 0.040586
v -0.119623 -0.107955 0.028056
v -0.108400 -0.098514 0.015527
v -0.320280 -0.169583 0.097448
v -0.312434 -0.175831 0.091892
v -0.312495 -0.172232 0.098660
v -0.320157 -0.176781 0.083913
v -0.312373 -0.179431 0.085124
v -0.296804 -0.184729 0.087547
v -0.304588 -0.182080 0.086335
v -0.320451 -0.169122 0.097247
v -0.320389 -0.172721 0.090479
v -0.320670 -0.175399 0.083309
v -0.320499 -0.175860 0.083510
v -0.320328 -0.176321 0.083711
v -0.338511 -0.182251 0.104656
v -0.334062 -0.182287 0.095759
v -0.334128 -0.178428 0.103031
v -0.338379 -0.189970 0.090112
v -0.333996 -0.186147 0.088487
v -0.325229 -0.178501 0.085237
v -0.329613 -0.182324 0.086862
v -0.346114 -0.181378 0.104211
v -0.346048 -0.185237 0.096939
v -0.361189 -0.187351 0.088779
v -0.353586 -0.188224 0.089223
v -0.345983 -0.189097 0.089667
v -0.346179 -0.177590 0.111341
v -0.353716 -0.180577 0.103625
v -0.361383 -0.175988 0.110169
v -0.368920 -0.178974 0.102453
v -0.361318 -0.179775 0.103039
v -0.368791 -0.186550 0.088192
v -0.361254 -0.183563 0.095909
v -0.369176 -0.146111 0.088872
v -0.369978 -0.075809 0.123207
v -0.370519 -0.036682 0.165593
v -0.370650 -0.021094 0.161568
v -0.370781 -0.005506 0.157542
v 0.561620 -0.027472 0.042325
v 0.564444 -0.028752 0.037743
v 0.564349 -0.022344 0.046262
v 0.561810 -0.040286 0.025287
v 0.564539 -0.035159 0.029224
v 0.569996 -0.024905 0.037098
v 0.567267 -0.030032 0.033161
v 0.558298 -0.026658 0.046877
v 0.558393 -0.033065 0.038358
v 0.551845 -0.037845 0.038942
v 0.555166 -0.038659 0.034390
v 0.558488 -0.039473 0.029838
v 0.536810 -0.027744 0.045204
v 0.539782 -0.033123 0.040998
v 0.539701 -0.027300 0.047591
v 0.536973 -0.039389 0.032018
v 0.539864 -0.038946 0.034405
v 0.545645 -0.038059 0.039180
v 0.542755 -0.038503 0.036793
v 0.266400 -0.089830 0.045619
v 0.258113 -0.081182 0.033017
v 0.249689 -0.067057 0.041653
v 0.249758 -0.069795 0.031035
v 0.249826 -0.072533 0.020416
v 0.222828 -0.036129 0.050558
v 0.224607 -0.042784 0.045952
v 0.224513 -0.036049 0.053572
v 0.223017 -0.049599 0.035319
v 0.224702 -0.049519 0.038333
v 0.228072 -0.049359 0.044360
v 0.226387 -0.049439 0.041346
v 0.213935 -0.035881 0.050115
v 0.216252 -0.042664 0.042621
v 0.216159 -0.035988 0.050182
v 0.214122 -0.049234 0.034994
v 0.216346 -0.049340 0.035061
v 0.220793 -0.049552 0.035194
v 0.218570 -0.049446 0.035127
v 0.220510 -0.029347 0.058052
v 0.220605 -0.036082 0.050433
v 0.216064 -0.029253 0.057801
v 0.218382 -0.036035 0.050307
v 0.220699 -0.042817 0.042813
v 0.211835 -0.036719 0.050463
v 0.211929 -0.043395 0.042903
v 0.207824 -0.051745 0.036038
v 0.209923 -0.050908 0.035690
v 0.212023 -0.050071 0.035342
v 0.116400 -0.063738 0.106549
v 0.120159 -0.081207 0.094657
v 0.119916 -0.063007 0.112251
v 0.116886 -0.100139 0.071360
v 0.120402 -0.099408 0.077063
v 0.127434 -0.097944 0.088468
v 0.123918 -0.098676 0.082765
v 0.113245 -0.099888 0.043633
v 0.113346 -0.101836 0.023281
v 0.105479 -0.062986 0.023368
v 0.109463 -0.083385 0.013149
v 0.113447 -0.103784 0.002929
v -0.142720 -0.104038 0.072743
v -0.142647 -0.107961 0.063700
v -0.166028 -0.100861 0.082799
v -0.154301 -0.106373 0.068728
v -0.142573 -0.111885 0.054657
v -0.272465 -0.161599 0.120343
v -0.249991 -0.156635 0.090197
v -0.244493 -0.146842 0.102981
v -0.283460 -0.181185 0.094775
v -0.255488 -0.166428 0.077413
v -0.199544 -0.136914 0.042689
v -0.227516 -0.151671 0.060051
v -0.200004 -0.112405 0.099152
v -0.199851 -0.120575 0.080331
v -0.244646 -0.138673 0.121803
v -0.222172 -0.133708 0.091656
v -0.199697 -0.128744 0.061510
v -0.320546 -0.152166 0.122599
v -0.312632 -0.163020 0.110915
v -0.312700 -0.158415 0.117042
v -0.320409 -0.161377 0.110343
v -0.312563 -0.167626 0.104787
v -0.296872 -0.180123 0.093674
v -0.304718 -0.173875 0.099231
v -0.280379 -0.150745 0.132027
v -0.285877 -0.160538 0.119243
v -0.307202 -0.148622 0.129826
v -0.299288 -0.159476 0.118143
v -0.291374 -0.170331 0.106459
v -0.321383 -0.137801 0.130453
v -0.321073 -0.148241 0.119384
v -0.321274 -0.134662 0.137422
v -0.320981 -0.164959 0.094378
v -0.320871 -0.161820 0.101347
v -0.320652 -0.155543 0.115285
v -0.320762 -0.158681 0.108316
v -0.320857 -0.141726 0.133667
v -0.320788 -0.146331 0.127540
v -0.321342 -0.130056 0.143550
v -0.321031 -0.140497 0.132481
v -0.320720 -0.150937 0.121412
v -0.324510 -0.132707 0.145855
v -0.324309 -0.146286 0.127818
v -0.330361 -0.149678 0.140584
v -0.330160 -0.163257 0.122546
v -0.327235 -0.154772 0.125182
v -0.323907 -0.173444 0.091742
v -0.324108 -0.159865 0.109780
v -0.334609 -0.163221 0.131443
v -0.331483 -0.168314 0.116041
v -0.337254 -0.173335 0.118433
v -0.332805 -0.173371 0.109536
v -0.328356 -0.173407 0.100639
v -0.369200 -0.160624 0.128938
v -0.361527 -0.166280 0.123072
v -0.361598 -0.161426 0.129524
v -0.369057 -0.170332 0.116035
v -0.361455 -0.171134 0.116621
v -0.346251 -0.172736 0.117793
v -0.353853 -0.171935 0.117207
v -0.368865 -0.181596 0.094815
v -0.368800 -0.185384 0.087685
v -0.368624 -0.194416 0.065279
v -0.368680 -0.191794 0.072917
v -0.368735 -0.189172 0.080555
v 0.548344 -0.022020 0.052643
v 0.551662 -0.023566 0.050721
v 0.551571 -0.016426 0.056611
v 0.548527 -0.036299 0.040864
v 0.551754 -0.030705 0.044832
v 0.558207 -0.019518 0.052766
v 0.554980 -0.025112 0.048799
v 0.545372 -0.016640 0.056849
v 0.545463 -0.023780 0.050959
v 0.539609 -0.020161 0.053480
v 0.542582 -0.025540 0.049275
v 0.545554 -0.030920 0.045070
v 0.529689 -0.027767 0.038123
v 0.526047 -0.021956 0.041176
v 0.533331 -0.033578 0.035071
v 0.533168 -0.021933 0.048256
v 0.533249 -0.027755 0.041663
v 0.458516 -0.079895 0.079190
v 0.474607 -0.071653 0.058995
v 0.474450 -0.061716 0.074604
v 0.458830 -0.099768 0.047972
v 0.474764 -0.081589 0.043386
v 0.506632 -0.045232 0.034216
v 0.490698 -0.063410 0.038801
v 0.260653 -0.048421 0.079977
v 0.276341 -0.068426 0.076173
v 0.271640 -0.050827 0.086964
v 0.270055 -0.083618 0.058393
v 0.281042 -0.086025 0.065381
v 0.303017 -0.090837 0.079356
v 0.292030 -0.088431 0.072369
v 0.241095 -0.037807 0.056944
v 0.249530 -0.055148 0.053169
v 0.249450 -0.049193 0.058927
v 0.241254 -0.049716 0.045428
v 0.249609 -0.061103 0.047411
v 0.266321 -0.083876 0.051377
v 0.257965 -0.072489 0.049394
v 0.252218 -0.031080 0.083752
v 0.256919 -0.048678 0.072960
v 0.244749 -0.031594 0.069719
v 0.253185 -0.048936 0.065943
v 0.261620 -0.066277 0.062168
v 0.229612 -0.038071 0.057097
v 0.232562 -0.043967 0.051295
v 0.232482 -0.037986 0.057077
v 0.229772 -0.050033 0.045535
v 0.232642 -0.049947 0.045514
v 0.238383 -0.049776 0.045473
v 0.235513 -0.049862 0.045493
v 0.238145 -0.031912 0.062746
v 0.238224 -0.037866 0.056988
v 0.232403 -0.032031 0.062834
v 0.235353 -0.037926 0.057032
v 0.238303 -0.043821 0.051230
v 0.227832 -0.031416 0.061703
v 0.227912 -0.037397 0.055922
v 0.224433 -0.030068 0.059353
v 0.226213 -0.036723 0.054747
v 0.227992 -0.043378 0.050141
v 0.205522 -0.038132 0.052729
v 0.207626 -0.037661 0.051973
v 0.207528 -0.030619 0.059941
v 0.205719 -0.052216 0.036793
v 0.207725 -0.044703 0.044006
v 0.211737 -0.029677 0.058431
v 0.209731 -0.037190 0.051218
v 0.184219 -0.060694 0.067699
v 0.189099 -0.061714 0.056736
v 0.191178 -0.056196 0.061714
v 0.180062 -0.071731 0.057742
v 0.187021 -0.067233 0.051757
v 0.200938 -0.058237 0.039788
v 0.193979 -0.062735 0.045773
v 0.184112 -0.052654 0.075470
v 0.182033 -0.058173 0.070492
v 0.179740 -0.047613 0.081057
v 0.177662 -0.053131 0.076079
v 0.179848 -0.055652 0.073285
v 0.177876 -0.069210 0.060535
v 0.179955 -0.063691 0.065514
v 0.170484 -0.051802 0.074221
v 0.172385 -0.060125 0.066961
v 0.172281 -0.052278 0.074542
v 0.170694 -0.067497 0.059060
v 0.172490 -0.067973 0.059381
v 0.176083 -0.068925 0.060023
v 0.174286 -0.068449 0.059702
v 0.175761 -0.044807 0.083338
v 0.175868 -0.052847 0.075566
v 0.172173 -0.044239 0.082313
v 0.174074 -0.052562 0.075054
v 0.175975 -0.060886 0.067795
v 0.160583 -0.061819 0.080495
v 0.160688 -0.069667 0.072914
v 0.140989 -0.097549 0.077882
v 0.150891 -0.087531 0.071608
v 0.160792 -0.077514 0.065334
v 0.126792 -0.047703 0.129931
v 0.127006 -0.064450 0.116110
v 0.130551 -0.065171 0.118040
v 0.119702 -0.046260 0.126073
v 0.123461 -0.063728 0.114181
v 0.130979 -0.098666 0.090397
v 0.127220 -0.081197 0.102289
v -0.160128 -0.062403 0.108713
v -0.139268 -0.066370 0.092537
v -0.148955 -0.051962 0.106203
v -0.140753 -0.091219 0.081381
v -0.129581 -0.080778 0.078871
v -0.107235 -0.059895 0.073851
v -0.118408 -0.070336 0.076361
v -0.311096 -0.135330 0.150070
v -0.300857 -0.140468 0.144056
v -0.297685 -0.136392 0.151171
v -0.317441 -0.143484 0.135841
v -0.304030 -0.144545 0.136941
v -0.277206 -0.146668 0.139142
v -0.290618 -0.145607 0.138042
v -0.311339 -0.129496 0.155012
v -0.314511 -0.133572 0.147897
v -0.318169 -0.125980 0.150665
v -0.317927 -0.131814 0.145723
v -0.317684 -0.137649 0.140782
v -0.325985 -0.126893 0.151654
v -0.328910 -0.135378 0.149018
v -0.334786 -0.132235 0.157979
v -0.337711 -0.140721 0.155344
v -0.333311 -0.138049 0.152181
v -0.334762 -0.152349 0.143747
v -0.331836 -0.143864 0.146383
v -0.361831 -0.144019 0.146353
v -0.352757 -0.150419 0.141383
v -0.360508 -0.138962 0.152858
v -0.346328 -0.166934 0.123403
v -0.345006 -0.161877 0.129908
v -0.342361 -0.151763 0.142918
v -0.343683 -0.156820 0.136413
v -0.346785 -0.134320 0.160314
v -0.345310 -0.140134 0.154515
v -0.361983 -0.133148 0.158657
v -0.352909 -0.139548 0.153687
v -0.343836 -0.145949 0.148717
v -0.369505 -0.138364 0.152218
v -0.361753 -0.149821 0.140743
v -0.369350 -0.149968 0.140999
v -0.361676 -0.155623 0.135134
v -0.354002 -0.161279 0.129268
v -0.369080 -0.167034 0.114170
v -0.369008 -0.171888 0.107718
v -0.368696 -0.189562 0.071731
v -0.368816 -0.183152 0.086499
v -0.368937 -0.176742 0.101267
v 0.506454 -0.033966 0.051927
v 0.506514 -0.037721 0.046023
v 0.474391 -0.057961 0.080508
v 0.490482 -0.049719 0.060314
v 0.506573 -0.041476 0.040120
v 0.300811 -0.060025 0.095768
v 0.285123 -0.040020 0.099572
v 0.332188 -0.100035 0.088160
v 0.316499 -0.080030 0.091964
v 0.359152 -0.078421 0.113375
v 0.343464 -0.058415 0.117179
v 0.329981 -0.069223 0.104572
v 0.200642 -0.037111 0.063692
v 0.200741 -0.044153 0.055724
v 0.191079 -0.049154 0.069682
v 0.195959 -0.050175 0.058719
v 0.200839 -0.051195 0.047756
v 0.144125 -0.062365 0.111308
v 0.149611 -0.062183 0.101037
v 0.153922 -0.044500 0.112614
v 0.135503 -0.097730 0.088153
v 0.145300 -0.079866 0.089460
v 0.164894 -0.044136 0.092072
v 0.155097 -0.062001 0.090766
v 0.143911 -0.045618 0.125129
v 0.139600 -0.063300 0.113552
v 0.134861 -0.047489 0.129617
v 0.135075 -0.064236 0.115796
v 0.135289 -0.080983 0.101974
v -0.171782 -0.060814 0.113741
v -0.162095 -0.075222 0.100075
v -0.175716 -0.086453 0.096465
v -0.164062 -0.088041 0.091437
v -0.152407 -0.089630 0.086409
v -0.284352 -0.117545 0.166784
v -0.256236 -0.115832 0.144240
v -0.262031 -0.104411 0.155459
v -0.272762 -0.140386 0.144346
v -0.250441 -0.127252 0.133021
v -0.205799 -0.100985 0.110371
v -0.228120 -0.114119 0.121696
v -0.294591 -0.112407 0.172798
v -0.288796 -0.123827 0.161580
v -0.303479 -0.124972 0.162390
v -0.293240 -0.130110 0.156375
v -0.283001 -0.135248 0.150361
v -0.297914 -0.104690 0.175411
v -0.302359 -0.110973 0.170207
v -0.313449 -0.101822 0.170228
v -0.317893 -0.108105 0.165024
v -0.310126 -0.109539 0.167615
v -0.311247 -0.123537 0.159798
v -0.306803 -0.117255 0.165002
v -0.321309 -0.106347 0.162850
v -0.317985 -0.114063 0.160237
v -0.321492 -0.118263 0.153277
v -0.318077 -0.120021 0.155451
v -0.314662 -0.121779 0.157624
v -0.339434 -0.114678 0.175319
v -0.334951 -0.118750 0.167431
v -0.335034 -0.112007 0.172156
v -0.339269 -0.128164 0.165868
v -0.334868 -0.125493 0.162705
v -0.326068 -0.120150 0.156379
v -0.330468 -0.122821 0.159542
v -0.347033 -0.114092 0.174491
v -0.346951 -0.120835 0.169765
v -0.362066 -0.126405 0.163382
v -0.354467 -0.126991 0.164211
v -0.346868 -0.127577 0.165039
v -0.347115 -0.107478 0.179125
v -0.354631 -0.113635 0.173571
v -0.362309 -0.106563 0.177285
v -0.369826 -0.112719 0.171730
v -0.362228 -0.113177 0.172651
v -0.369663 -0.125947 0.162462
v -0.362147 -0.119791 0.168016
v -0.369313 -0.149627 0.130999
v -0.369235 -0.155430 0.125389
v -0.368774 -0.183760 0.077340
v -0.368966 -0.172496 0.098560
v -0.369158 -0.161232 0.119780
v 0.572421 0.012320 0.041074
v 0.574304 0.009312 0.024388
v 0.572686 -0.013350 0.035369
v 0.574437 -0.003523 0.021535
v 0.576188 0.006304 0.007702
v 0.569598 0.013600 0.045656
v 0.569730 0.000765 0.042803
v 0.564216 -0.009510 0.049115
v 0.567039 -0.010790 0.044533
v 0.569863 -0.012070 0.039951
v 0.536462 0.003832 0.057519
v 0.539432 -0.002992 0.057296
v 0.539343 0.005592 0.059203
v 0.536639 -0.013337 0.053704
v 0.539521 -0.011577 0.055388
v 0.545283 -0.008056 0.058756
v 0.542402 -0.009816 0.057072
v 0.240762 -0.008092 0.069974
v 0.244580 -0.015754 0.074566
v 0.244496 -0.007834 0.076990
v 0.240931 -0.023932 0.065126
v 0.244665 -0.023674 0.072142
v 0.252133 -0.023159 0.086176
v 0.248399 -0.023417 0.079159
v 0.229446 -0.024560 0.066560
v 0.232346 -0.027010 0.065289
v 0.232317 -0.024500 0.066516
v 0.229504 -0.029580 0.064106
v 0.232374 -0.029520 0.064062
v 0.238116 -0.029401 0.063973
v 0.235245 -0.029461 0.064018
v 0.237862 -0.005641 0.071245
v 0.237947 -0.013561 0.068821
v 0.232232 -0.016580 0.068940
v 0.235132 -0.019031 0.067669
v 0.238031 -0.021481 0.066397
v 0.222654 -0.022442 0.061576
v 0.224380 -0.025433 0.061619
v 0.224354 -0.023116 0.062751
v 0.222707 -0.027077 0.059310
v 0.224407 -0.027751 0.060486
v 0.227806 -0.029099 0.062836
v 0.226106 -0.028425 0.061661
v 0.227720 -0.021568 0.066518
v 0.227749 -0.024078 0.065291
v 0.224325 -0.020605 0.063979
v 0.226051 -0.023597 0.064021
v 0.227777 -0.026589 0.064063
v 0.220431 -0.022394 0.061451
v 0.220457 -0.024712 0.060318
v 0.216038 -0.026935 0.058934
v 0.218261 -0.026982 0.059059
v 0.220484 -0.027030 0.059185
v 0.205340 -0.023815 0.064253
v 0.207472 -0.025769 0.062312
v 0.207445 -0.023344 0.063498
v 0.205396 -0.028665 0.061882
v 0.207500 -0.028194 0.061127
v 0.211709 -0.027252 0.059616
v 0.209605 -0.027723 0.060372
v 0.218299 -0.020440 0.063391
v 0.216102 -0.022711 0.062133
v 0.209641 -0.021073 0.064756
v 0.211773 -0.023027 0.062815
v 0.213906 -0.024981 0.060875
v 0.198418 -0.031209 0.068135
v 0.193636 -0.037230 0.071130
v 0.184406 -0.031447 0.083012
v 0.179624 -0.037468 0.086007
v 0.186630 -0.037349 0.078569
v 0.184073 -0.049273 0.077121
v 0.188855 -0.043251 0.074125
v 0.177439 -0.034947 0.088801
v 0.179663 -0.040850 0.084357
v 0.177516 -0.041710 0.085501
v 0.179702 -0.044231 0.082707
v 0.181887 -0.046752 0.079914
v 0.170267 -0.034072 0.086641
v 0.172098 -0.037651 0.085540
v 0.172061 -0.034357 0.087153
v 0.170342 -0.040660 0.083414
v 0.172136 -0.040945 0.083927
v 0.175723 -0.041513 0.084952
v 0.173929 -0.041229 0.084439
v 0.175607 -0.031369 0.089902
v 0.175646 -0.034750 0.088252
v 0.172022 -0.030975 0.088804
v 0.173853 -0.034554 0.087703
v 0.175685 -0.038132 0.086602
v 0.164781 -0.034254 0.096912
v 0.164818 -0.037548 0.095299
v 0.153884 -0.041206 0.114228
v 0.159370 -0.041024 0.103957
v 0.164856 -0.040842 0.093686
v 0.112517 -0.045287 0.096416
v 0.112760 -0.063488 0.078822
v 0.105237 -0.044785 0.040962
v 0.109120 -0.063237 0.051095
v 0.113003 -0.081688 0.061228
v -0.086886 -0.019143 0.079510
v -0.079277 -0.031942 0.070460
v -0.079447 -0.017036 0.077738
v -0.086546 -0.048956 0.064953
v -0.079107 -0.046848 0.063182
v -0.064229 -0.042634 0.059638
v -0.071668 -0.044741 0.061410
v -0.262281 -0.082503 0.166164
v -0.232115 -0.075273 0.148690
v -0.260314 -0.069684 0.174802
v -0.205882 -0.093682 0.113940
v -0.203915 -0.080863 0.122578
v -0.199981 -0.055225 0.139853
v -0.201948 -0.068044 0.131216
v -0.290397 -0.084216 0.188708
v -0.262198 -0.089806 0.162596
v -0.290230 -0.098822 0.181571
v -0.262114 -0.097109 0.159027
v -0.233998 -0.095395 0.136484
v -0.318772 -0.080937 0.180873
v -0.311820 -0.088855 0.179053
v -0.311005 -0.082371 0.183465
v -0.320402 -0.093905 0.172049
v -0.312634 -0.095339 0.174640
v -0.297100 -0.098207 0.179823
v -0.304867 -0.096773 0.177232
v -0.297350 -0.076298 0.190529
v -0.297267 -0.083601 0.186960
v -0.311088 -0.075069 0.187034
v -0.304136 -0.082986 0.185213
v -0.297183 -0.090904 0.183392
v -0.319018 -0.073870 0.183771
v -0.319833 -0.080354 0.179359
v -0.321140 -0.072704 0.180742
v -0.321955 -0.079187 0.176330
v -0.320894 -0.079771 0.177844
v -0.321463 -0.093321 0.170534
v -0.320648 -0.086838 0.174946
v -0.322047 -0.085146 0.171543
v -0.321801 -0.092213 0.168645
v -0.321739 -0.111196 0.156175
v -0.321647 -0.105238 0.160961
v -0.321555 -0.099280 0.165748
v -0.326530 -0.081074 0.179432
v -0.326376 -0.094100 0.171748
v -0.335188 -0.098982 0.179840
v -0.330705 -0.103053 0.171952
v -0.326222 -0.107125 0.164064
v -0.370403 -0.061193 0.194088
v -0.362640 -0.076621 0.189100
v -0.362805 -0.061650 0.195008
v -0.370072 -0.091134 0.182272
v -0.362475 -0.091592 0.183192
v -0.347280 -0.092507 0.185033
v -0.354877 -0.092050 0.184113
v -0.369556 -0.129785 0.144901
v -0.369475 -0.136399 0.140267
v -0.368855 -0.177146 0.081974
v -0.369124 -0.160080 0.108804
v -0.369394 -0.143013 0.135633
v 0.561208 0.010595 0.055306
v 0.564005 0.011597 0.052089
v 0.561420 -0.010511 0.052331
v 0.564110 0.001044 0.050602
v 0.566801 0.012598 0.048872
v 0.547985 0.012828 0.060245
v 0.551392 0.002046 0.057752
v 0.551303 0.011282 0.058323
v 0.548164 -0.005644 0.059103
v 0.551482 -0.007190 0.057181
v 0.558118 -0.010282 0.053337
v 0.554800 -0.008736 0.055259
v 0.557906 0.010824 0.056311
v 0.554604 0.011053 0.057317
v 0.558012 0.000271 0.054824
v 0.545104 0.010416 0.059898
v 0.542224 0.008004 0.059550
v 0.545194 0.001180 0.059327
v 0.525831 -0.002427 0.048881
v 0.529375 -0.000341 0.051761
v 0.533096 -0.015423 0.050825
v 0.533007 -0.006839 0.052732
v 0.532918 0.001745 0.054640
v 0.522271 -0.002438 0.045341
v 0.525903 -0.008936 0.046313
v 0.522414 -0.015458 0.040204
v 0.525975 -0.015446 0.043744
v 0.529535 -0.015435 0.047285
v 0.503910 -0.004332 0.073174
v 0.510030 -0.003701 0.063896
v 0.516294 -0.016089 0.049482
v 0.516222 -0.009579 0.052050
v 0.516150 -0.003070 0.054619
v 0.487878 -0.016330 0.087464
v 0.494070 -0.022209 0.075618
v 0.468199 -0.052082 0.092354
v 0.484231 -0.040085 0.078063
v 0.500262 -0.028087 0.063773
v 0.477849 -0.016997 0.096698
v 0.457789 -0.018331 0.115164
v 0.467819 -0.017664 0.105931
v 0.458169 -0.052749 0.101587
v 0.468009 -0.034873 0.099142
v 0.436548 -0.034954 0.116172
v 0.394065 -0.068200 0.118187
v 0.415307 -0.051577 0.117179
v 0.436928 -0.069372 0.102595
v 0.436738 -0.052163 0.109383
v 0.338469 -0.008317 0.135852
v 0.313365 -0.019293 0.128695
v 0.325917 -0.013805 0.132274
v 0.352878 -0.051507 0.126887
v 0.345673 -0.029912 0.131370
v 0.284194 -0.010096 0.119891
v 0.303951 -0.026202 0.118987
v 0.265366 -0.023913 0.100476
v 0.294537 -0.033111 0.109280
v 0.323707 -0.042309 0.118083
v 0.270935 -0.006558 0.105540
v 0.244417 0.000516 0.076837
v 0.257676 -0.003021 0.091189
v 0.252107 -0.020376 0.086125
v 0.261521 -0.013467 0.095832
v 0.244444 -0.002267 0.076888
v 0.244470 -0.005051 0.076939
v 0.248288 -0.012713 0.081532
v 0.229170 0.002644 0.071268
v 0.232068 -0.000117 0.071260
v 0.229335 -0.013818 0.068948
v 0.232150 -0.008349 0.070100
v 0.234965 -0.002879 0.071253
v 0.222399 0.002692 0.065926
v 0.224173 -0.005394 0.066124
v 0.224097 0.002211 0.067196
v 0.222551 -0.012518 0.063782
v 0.224249 -0.013000 0.065051
v 0.227644 -0.013963 0.067591
v 0.225946 -0.013481 0.066321
v 0.227479 0.002500 0.069910
v 0.225788 0.002356 0.068553
v 0.227561 -0.005731 0.068750
v 0.218067 0.002724 0.066658
v 0.209402 0.002788 0.068120
v 0.213735 0.002756 0.067389
v 0.218219 -0.012486 0.064513
v 0.218143 -0.004881 0.065585
v 0.205074 0.002472 0.068802
v 0.209482 -0.005166 0.066999
v 0.205233 -0.013436 0.066560
v 0.209562 -0.013119 0.065877
v 0.213890 -0.012803 0.065195
v 0.190639 -0.009281 0.085410
v 0.195539 -0.014125 0.078358
v 0.190611 -0.006856 0.086596
v 0.200495 -0.023820 0.068934
v 0.200467 -0.021395 0.070120
v 0.200412 -0.016545 0.072491
v 0.200440 -0.018970 0.071305
v 0.200253 -0.000637 0.074733
v 0.195432 -0.003747 0.080665
v 0.200332 -0.008591 0.073612
v 0.183633 -0.009400 0.092849
v 0.188561 -0.016669 0.084611
v 0.179478 -0.024177 0.091250
v 0.186484 -0.024058 0.083812
v 0.193489 -0.023939 0.076373
v 0.181480 -0.009471 0.093676
v 0.177173 -0.009615 0.095329
v 0.179326 -0.009543 0.094502
v 0.177324 -0.024249 0.092077
v 0.179402 -0.016860 0.092876
v 0.175456 -0.016735 0.093154
v 0.173739 -0.023855 0.090979
v 0.175532 -0.024052 0.091528
v 0.134373 0.001246 0.136483
v 0.144509 -0.010588 0.123293
v 0.143748 -0.029373 0.127418
v 0.149197 -0.025897 0.118760
v 0.154645 -0.022421 0.110102
v 0.129849 0.000310 0.138727
v 0.134536 -0.014999 0.134194
v 0.130174 -0.032179 0.134150
v 0.134699 -0.031244 0.131906
v 0.139223 -0.030308 0.129662
v 0.119306 -0.005456 0.128584
v 0.119109 0.014946 0.129840
v 0.119504 -0.025858 0.127329
v 0.126594 -0.027301 0.131187
v 0.123049 -0.026579 0.129258
v 0.126269 0.005189 0.135765
v 0.122689 0.010067 0.132802
v 0.126431 -0.011056 0.133476
v 0.101067 0.000204 0.039627
v 0.104884 -0.014960 0.058557
v 0.101420 -0.029622 0.022033
v 0.105060 -0.029873 0.049760
v 0.108700 -0.030124 0.077487
v 0.077358 -0.004056 0.043516
v 0.029939 -0.012575 0.051292
v 0.053648 -0.008315 0.047404
v 0.077711 -0.033881 0.025921
v 0.077534 -0.018968 0.034718
v -0.009615 -0.015299 0.060631
v 0.014271 -0.025953 0.047945
v -0.040952 -0.042055 0.053936
v -0.001397 -0.039331 0.044598
v 0.038157 -0.036606 0.035259
v -0.032892 -0.015878 0.066333
v -0.056170 -0.016457 0.072036
v -0.048561 -0.029256 0.062986
v -0.141766 -0.002480 0.124723
v -0.130256 -0.021619 0.107765
v -0.120906 -0.006447 0.108547
v -0.160465 -0.032824 0.123160
v -0.139606 -0.036790 0.106984
v -0.097886 -0.044723 0.074632
v -0.118746 -0.040757 0.090808
v -0.098226 -0.014911 0.089189
v -0.109566 -0.010679 0.098868
v -0.098056 -0.029817 0.081910
v -0.153343 -0.007637 0.126455
v -0.176498 -0.017951 0.129919
v -0.164921 -0.012794 0.128187
v -0.172043 -0.037980 0.124893
v -0.162693 -0.022809 0.125674
v -0.206664 -0.025180 0.147394
v -0.204437 -0.035195 0.144880
v -0.262542 -0.059669 0.177316
v -0.232375 -0.052439 0.159841
v -0.202209 -0.045210 0.142367
v -0.229121 -0.026454 0.164513
v -0.274034 -0.029000 0.198753
v -0.251577 -0.027727 0.181633
v -0.284998 -0.060942 0.194435
v -0.257060 -0.043698 0.179474
v -0.284201 -0.029141 0.199428
v -0.304537 -0.029422 0.200780
v -0.294369 -0.029282 0.200104
v -0.295166 -0.061083 0.195111
v -0.289684 -0.045112 0.197270
v -0.320873 -0.051254 0.188875
v -0.313032 -0.059602 0.189426
v -0.314003 -0.051869 0.190622
v -0.318929 -0.066720 0.186482
v -0.312060 -0.067335 0.188230
v -0.298321 -0.068565 0.191725
v -0.305191 -0.067950 0.189978
v -0.307692 -0.036905 0.197394
v -0.310848 -0.044387 0.194008
v -0.303007 -0.052735 0.194560
v -0.321933 -0.050670 0.187360
v -0.320962 -0.058404 0.186164
v -0.322112 -0.064970 0.181938
v -0.321051 -0.065554 0.183453
v -0.319990 -0.066137 0.184967
v -0.322175 -0.043050 0.187932
v -0.322659 -0.027810 0.189075
v -0.322417 -0.035430 0.188504
v -0.322353 -0.057350 0.182510
v -0.322264 -0.050200 0.185221
v -0.335833 -0.061993 0.197799
v -0.332732 -0.068354 0.191677
v -0.331504 -0.053039 0.197595
v -0.338289 -0.092622 0.185963
v -0.333960 -0.083668 0.185759
v -0.325302 -0.065760 0.185350
v -0.329631 -0.074714 0.185554
v -0.325607 -0.036220 0.191915
v -0.328556 -0.044629 0.194755
v -0.325455 -0.050990 0.188633
v -0.344824 -0.061879 0.196869
v -0.353815 -0.061765 0.195939
v -0.346052 -0.077193 0.190951
v -0.370052 -0.084873 0.162625
v -0.369887 -0.099844 0.156717
v -0.369020 -0.162175 0.087882
v -0.369371 -0.138495 0.119346
v -0.369721 -0.114815 0.150809
v -0.370208 -0.068809 0.163614
v -0.370363 -0.052746 0.164604
v -0.369692 -0.107460 0.126243
v 0.426350 0.019795 -0.128411
v 0.417408 0.003289 -0.130174
v 0.417035 -0.010188 -0.130801
v 0.408093 -0.026694 -0.132565
v 0.412750 -0.011703 -0.131369
v 0.399524 -0.029723 -0.133701
v 0.408466 -0.013217 -0.131938
v 0.426535 -0.000618 -0.126459
v 0.426904 -0.041444 -0.122555
v 0.426720 -0.021031 -0.124507
v 0.417220 -0.030601 -0.128850
v 0.421877 -0.015610 -0.127654
v 0.430554 -0.051653 -0.117259
v 0.425712 -0.046232 -0.120406
v 0.428170 -0.061228 -0.112960
v 0.423328 -0.055806 -0.116107
v 0.424520 -0.051019 -0.118256
v 0.416028 -0.035388 -0.126700
v 0.420870 -0.040810 -0.123553
v 0.402521 -0.105527 -0.076188
v 0.395977 -0.085597 -0.093096
v 0.414870 -0.091027 -0.083544
v 0.364735 -0.094668 -0.095293
v 0.377084 -0.080168 -0.102649
v 0.401783 -0.051167 -0.117361
v 0.389433 -0.065668 -0.110005
v 0.442232 -0.056728 -0.106033
v 0.441039 -0.061516 -0.103883
v 0.443424 -0.051941 -0.108182
v 0.469163 -0.052516 -0.090030
v 0.456293 -0.052228 -0.099106
v 0.371755 -0.104443 -0.081751
v 0.409541 -0.115302 -0.062646
v 0.390648 -0.109872 -0.072199
v 0.385795 -0.123993 -0.054668
v 0.378775 -0.114218 -0.068210
v 0.455146 -0.067000 -0.084860
v 0.441085 -0.071500 -0.091787
v 0.469208 -0.062500 -0.077933
v 0.469299 -0.082468 -0.053740
v 0.469254 -0.072484 -0.065837
v 0.472622 -0.096590 -0.027429
v 0.458515 -0.091106 -0.046452
v 0.451053 -0.113865 -0.012854
v 0.436946 -0.108381 -0.031877
v 0.447730 -0.099743 -0.039165
v 0.430300 -0.080137 -0.084499
v 0.444407 -0.085621 -0.065476
v 0.378765 -0.126093 -0.038103
v 0.402512 -0.117402 -0.046081
v 0.390638 -0.121748 -0.042092
v 0.364706 -0.130294 -0.004972
v 0.371736 -0.128194 -0.021538
v 0.455732 -0.110666 -0.003372
v 0.444948 -0.119304 0.003916
v 0.466517 -0.102028 -0.010659
v 0.454307 -0.112904 0.022880
v 0.460412 -0.107466 0.006111
v 0.400923 -0.125067 0.005426
v 0.419032 -0.122453 0.010626
v 0.382815 -0.127681 0.000227
v 0.420620 -0.114788 -0.040881
v 0.401717 -0.121235 -0.020327
v 0.452218 -0.111197 0.038066
v 0.447539 -0.114396 0.028584
v 0.438682 -0.114180 0.049473
v 0.434003 -0.117380 0.039990
v 0.440771 -0.115888 0.034287
v 0.438180 -0.120795 0.009619
v 0.442859 -0.117596 0.019102
v 0.445293 -0.102752 0.059378
v 0.438525 -0.104244 0.065082
v 0.452062 -0.101260 0.053675
v 0.451748 -0.081387 0.084893
v 0.451905 -0.091324 0.069284
v 0.413482 -0.115725 0.055019
v 0.388599 -0.111864 0.064812
v 0.403971 -0.094605 0.092299
v 0.379088 -0.090744 0.102092
v 0.383844 -0.101304 0.083452
v 0.338833 -0.104143 0.084399
v 0.363716 -0.108004 0.074606
v 0.352315 -0.093336 0.097007
v 0.392570 -0.079937 0.114700
v 0.372443 -0.086636 0.105853
v 0.379280 -0.071721 0.122222
v 0.365797 -0.082528 0.109614
v 0.422142 -0.072894 0.106630
v 0.443573 -0.073480 0.098834
v 0.400711 -0.072308 0.114426
v 0.414001 -0.080523 0.106904
v 0.407356 -0.076415 0.110665
v 0.430351 -0.096337 0.079022
v 0.423740 -0.107765 0.069117
v 0.436962 -0.084909 0.088928
v 0.407390 -0.091952 0.096998
v 0.422176 -0.088430 0.092963
v 0.431534 -0.092552 -0.043003
v 0.428212 -0.078430 -0.069314
v 0.434857 -0.106673 -0.016692
v 0.430680 -0.103258 0.013679
v 0.432769 -0.104966 -0.001506
v 0.413282 -0.098691 -0.032036
v 0.412488 -0.102523 -0.006283
v 0.414076 -0.094859 -0.057790
v 0.400989 -0.055000 -0.091607
v 0.407533 -0.074929 -0.074699
v 0.407733 -0.091963 0.012357
v 0.396233 -0.044440 -0.072967
v 0.401983 -0.068201 -0.030305
v 0.398222 -0.070843 0.049637
v 0.402977 -0.081403 0.030997
v 0.427030 -0.093049 0.008383
v 0.425796 -0.080635 -0.033114
v 0.417262 -0.047803 -0.085203
v 0.420912 -0.058012 -0.079907
v 0.424562 -0.068221 -0.074610
v 0.409087 -0.039896 -0.071263
v 0.404803 -0.041410 -0.071831
v 0.402506 -0.069329 0.050205
v 0.401512 -0.056127 -0.011097
v 0.400518 -0.042925 -0.072399
v 0.410681 -0.077235 0.036264
v 0.413971 -0.062519 -0.024470
v 0.418855 -0.085142 0.022323
f 1 1659 1661
f 1659 417 1660
f 1660 419 1661
f 1659 1660 1661
f 417 1662 1664
f 1662 2 1663
f 1663 418 1664
f 1662 1663 1664
f 418 1665 1667
f 1665 3 1666
f 1666 419 1667
f 1665 1666 1667
f 417 1664 1660
f 1664 418 1667
f 1667 419 1660
f 1664 1667 1660
f 4 1668 1670
f 1668 420 1669
f 1669 422 1670
f 1668 1669 1670
f 420 1671 1673
f 1671 5 1672
f 1672 421 1673
f 1671 1672 1673
f 421 1674 1676
f 1674 2 1675
f 1675 422 1676
f 1674 1675 1676
f 420 1673 1669
f 1673 421 1676
f 1676 422 1669
f 1673 1676 1669
f 6 1677 1679
f 1677 423 1678
f 1678 425 1679
f 1677 1678 1679
f 423 1680 1682
f 1680 7 1681
f 1681 424 1682
f 1680 1681 1682
f 424 1683 1685
f 1683 5 1684
f 1684 425 1685
f 1683 1684 1685
f 423 1682 1678
f 1682 424 1685
f 1685 425 1678
f 1682 1685 1678
f 4 1686 1668
f 1686 426 1687
f 1687 420 1668
f 1686 1687 1668
f 426 1688 1689
f 1688 6 1679
f 1679 425 1689
f 1688 1679 1689
f 425 1684 1690
f 1684 5 1671
f 1671 420 1690
f 1684 1671 1690
f 426 1689 1687
f 1689 425 1690
f 1690 420 1687
f 1689 1690 1687
f 8 1691 1693
f 1691 427 1692
f 1692 429 1693
f 1691 1692 1693
f 427 1694 1696
f 1694 9 1695
f 1695 428 1696
f 1694 1695 1696
f 428 1697 1699
f 1697 10 1698
f 1698 429 1699
f 1697 1698 1699
f 427 1696 1692
f 1696 428 1699
f 1699 429 1692
f 1696 1699 1692
f 11 1700 1702
f 1700 430 1701
f 1701 432 1702
f 1700 1701 1702
f 430 1703 1705
f 1703 12 1704
f 1704 431 1705
f 1703 1704 1705
f 431 1706 1708
f 1706 13 1707
f 1707 432 1708
f 1706 1707 1708
f 430 1705 1701
f 1705 431 1708
f 1708 432 1701
f 1705 1708 1701
f 14 1709 1711
f 1709 433 1710
f 1710 435 1711
f 1709 1710 1711
f 433 1712 1714
f 1712 15 1713
f 1713 434 1714
f 1712 1713 1714
f 434 1715 1717
f 1715 16 1716
f 1716 435 1717
f 1715 1716 1717
f 433 1714 1710
f 1714 434 1717
f 1717 435 1710
f 1714 1717 1710
f 17 1718 1720
f 1718 436 1719
f 1719 438 1720
f 1718 1719 1720
f 436 1721 1723
f 1721 18 1722
f 1722 437 1723
f 1721 1722 1723
f 437 1724 1726
f 1724 15 1725
f 1725 438 1726
f 1724 1725 1726
f 436 1723 1719
f 1723 437 1726
f 1726 438 1719
f 1723 1726 1719
f 14 1727 1709
f 1727 439 1728
f 1728 433 1709
f 1727 1728 1709
f 439 1729 1730
f 1729 17 1720
f 1720 438 1730
f 1729 1720 1730
f 438 1725 1731
f 1725 15 1712
f 1712 433 1731
f 1725 1712 1731
f 439 1730 1728
f 1730 438 1731
f 1731 433 1728
f 1730 1731 1728
f 17 1732 1718
f 1732 440 1733
f 1733 436 1718
f 1732 1733 1718
f 440 1734 1736
f 1734 19 1735
f 1735 441 1736
f 1734 1735 1736
f 441 1737 1738
f 1737 18 1721
f 1721 436 1738
f 1737 1721 1738
f 440 1736 1733
f 1736 441 1738
f 1738 436 1733
f 1736 1738 1733
f 20 1739 1741
f 1739 442 1740
f 1740 444 1741
f 1739 1740 1741
f 442 1742 1744
f 1742 1 1743
f 1743 443 1744
f 1742 1743 1744
f 443 1745 1747
f 1745 21 1746
f 1746 444 1747
f 1745 1746 1747
f 442 1744 1740
f 1744 443 1747
f 1747 444 1740
f 1744 1747 1740
f 20 1748 1739
f 1748 445 1749
f 1749 442 1739
f 1748 1749 1739
f 445 1750 1751
f 1750 2 1662
f 1662 417 1751
f 1750 1662 1751
f 417 1659 1752
f 1659 1 1742
f 1742 442 1752
f 1659 1742 1752
f 445 1751 1749
f 1751 417 1752
f 1752 442 1749
f 1751 1752 1749
f 22 1753 1755
f 1753 446 1754
f 1754 447 1755
f 1753 1754 1755
f 446 1756 1757
f 1756 4 1670
f 1670 422 1757
f 1756 1670 1757
f 422 1675 1759
f 1675 2 1758
f 1758 447 1759
f 1675 1758 1759
f 446 1757 1754
f 1757 422 1759
f 1759 447 1754
f 1757 1759 1754
f 23 1760 1762
f 1760 448 1761
f 1761 449 1762
f 1760 1761 1762
f 448 1763 1764
f 1763 6 1688
f 1688 426 1764
f 1763 1688 1764
f 426 1686 1766
f 1686 4 1765
f 1765 449 1766
f 1686 1765 1766
f 448 1764 1761
f 1764 426 1766
f 1766 449 1761
f 1764 1766 1761
f 22 1767 1753
f 1767 450 1768
f 1768 446 1753
f 1767 1768 1753
f 450 1769 1770
f 1769 23 1762
f 1762 449 1770
f 1769 1762 1770
f 449 1765 1771
f 1765 4 1756
f 1756 446 1771
f 1765 1756 1771
f 450 1770 1768
f 1770 449 1771
f 1771 446 1768
f 1770 1771 1768
f 6 1763 1677
f 1763 448 1772
f 1772 423 1677
f 1763 1772 1677
f 448 1760 1774
f 1760 23 1773
f 1773 451 1774
f 1760 1773 1774
f 451 1775 1776
f 1775 7 1680
f 1680 423 1776
f 1775 1680 1776
f 448 1774 1772
f 1774 451 1776
f 1776 423 1772
f 1774 1776 1772
f 24 1777 1779
f 1777 452 1778
f 1778 454 1779
f 1777 1778 1779
f 452 1780 1782
f 1780 25 1781
f 1781 453 1782
f 1780 1781 1782
f 453 1783 1785
f 1783 26 1784
f 1784 454 1785
f 1783 1784 1785
f 452 1782 1778
f 1782 453 1785
f 1785 454 1778
f 1782 1785 1778
f 27 1786 1788
f 1786 455 1787
f 1787 456 1788
f 1786 1787 1788
f 455 1789 1790
f 1789 14 1711
f 1711 435 1790
f 1789 1711 1790
f 435 1716 1792
f 1716 16 1791
f 1791 456 1792
f 1716 1791 1792
f 455 1790 1787
f 1790 435 1792
f 1792 456 1787
f 1790 1792 1787
f 28 1793 1795
f 1793 457 1794
f 1794 459 1795
f 1793 1794 1795
f 457 1796 1798
f 1796 29 1797
f 1797 458 1798
f 1796 1797 1798
f 458 1799 1801
f 1799 30 1800
f 1800 459 1801
f 1799 1800 1801
f 457 1798 1794
f 1798 458 1801
f 1801 459 1794
f 1798 1801 1794
f 31 1802 1804
f 1802 460 1803
f 1803 462 1804
f 1802 1803 1804
f 460 1805 1807
f 1805 21 1806
f 1806 461 1807
f 1805 1806 1807
f 461 1808 1810
f 1808 29 1809
f 1809 462 1810
f 1808 1809 1810
f 460 1807 1803
f 1807 461 1810
f 1810 462 1803
f 1807 1810 1803
f 31 1811 1802
f 1811 463 1812
f 1812 460 1802
f 1811 1812 1802
f 463 1813 1814
f 1813 20 1741
f 1741 444 1814
f 1813 1741 1814
f 444 1746 1815
f 1746 21 1805
f 1805 460 1815
f 1746 1805 1815
f 463 1814 1812
f 1814 444 1815
f 1815 460 1812
f 1814 1815 1812
f 31 1816 1811
f 1816 464 1817
f 1817 463 1811
f 1816 1817 1811
f 464 1818 1820
f 1818 32 1819
f 1819 465 1820
f 1818 1819 1820
f 465 1821 1822
f 1821 20 1813
f 1813 463 1822
f 1821 1813 1822
f 464 1820 1817
f 1820 465 1822
f 1822 463 1817
f 1820 1822 1817
f 32 1823 1819
f 1823 466 1824
f 1824 465 1819
f 1823 1824 1819
f 466 1825 1826
f 1825 2 1750
f 1750 445 1826
f 1825 1750 1826
f 445 1748 1827
f 1748 20 1821
f 1821 465 1827
f 1748 1821 1827
f 466 1826 1824
f 1826 445 1827
f 1827 465 1824
f 1826 1827 1824
f 32 1828 1823
f 1828 467 1829
f 1829 466 1823
f 1828 1829 1823
f 467 1830 1832
f 1830 33 1831
f 1831 468 1832
f 1830 1831 1832
f 468 1833 1834
f 1833 2 1825
f 1825 466 1834
f 1833 1825 1834
f 467 1832 1829
f 1832 468 1834
f 1834 466 1829
f 1832 1834 1829
f 33 1835 1831
f 1835 469 1836
f 1836 468 1831
f 1835 1836 1831
f 469 1837 1839
f 1837 34 1838
f 1838 470 1839
f 1837 1838 1839
f 470 1840 1841
f 1840 2 1833
f 1833 468 1841
f 1840 1833 1841
f 469 1839 1836
f 1839 470 1841
f 1841 468 1836
f 1839 1841 1836
f 34 1842 1838
f 1842 471 1843
f 1843 470 1838
f 1842 1843 1838
f 471 1844 1845
f 1844 22 1755
f 1755 447 1845
f 1844 1755 1845
f 447 1758 1846
f 1758 2 1840
f 1840 470 1846
f 1758 1840 1846
f 471 1845 1843
f 1845 447 1846
f 1846 470 1843
f 1845 1846 1843
f 35 1847 1849
f 1847 472 1848
f 1848 473 1849
f 1847 1848 1849
f 472 1850 1851
f 1850 23 1769
f 1769 450 1851
f 1850 1769 1851
f 450 1767 1853
f 1767 22 1852
f 1852 473 1853
f 1767 1852 1853
f 472 1851 1848
f 1851 450 1853
f 1853 473 1848
f 1851 1853 1848
f 36 1854 1856
f 1854 474 1855
f 1855 476 1856
f 1854 1855 1856
f 474 1857 1859
f 1857 26 1858
f 1858 475 1859
f 1857 1858 1859
f 475 1860 1862
f 1860 37 1861
f 1861 476 1862
f 1860 1861 1862
f 474 1859 1855
f 1859 475 1862
f 1862 476 1855
f 1859 1862 1855
f 38 1863 1865
f 1863 477 1864
f 1864 479 1865
f 1863 1864 1865
f 477 1866 1868
f 1866 10 1867
f 1867 478 1868
f 1866 1867 1868
f 478 1869 1871
f 1869 39 1870
f 1870 479 1871
f 1869 1870 1871
f 477 1868 1864
f 1868 478 1871
f 1871 479 1864
f 1868 1871 1864
f 38 1872 1863
f 1872 480 1873
f 1873 477 1863
f 1872 1873 1863
f 480 1874 1875
f 1874 8 1693
f 1693 429 1875
f 1874 1693 1875
f 429 1698 1876
f 1698 10 1866
f 1866 477 1876
f 1698 1866 1876
f 480 1875 1873
f 1875 429 1876
f 1876 477 1873
f 1875 1876 1873
f 40 1877 1879
f 1877 481 1878
f 1878 483 1879
f 1877 1878 1879
f 481 1880 1882
f 1880 41 1881
f 1881 482 1882
f 1880 1881 1882
f 482 1883 1885
f 1883 8 1884
f 1884 483 1885
f 1883 1884 1885
f 481 1882 1878
f 1882 482 1885
f 1885 483 1878
f 1882 1885 1878
f 42 1886 1888
f 1886 484 1887
f 1887 486 1888
f 1886 1887 1888
f 484 1889 1891
f 1889 11 1890
f 1890 485 1891
f 1889 1890 1891
f 485 1892 1894
f 1892 41 1893
f 1893 486 1894
f 1892 1893 1894
f 484 1891 1887
f 1891 485 1894
f 1894 486 1887
f 1891 1894 1887
f 40 1895 1877
f 1895 487 1896
f 1896 481 1877
f 1895 1896 1877
f 487 1897 1898
f 1897 42 1888
f 1888 486 1898
f 1897 1888 1898
f 486 1893 1899
f 1893 41 1880
f 1880 481 1899
f 1893 1880 1899
f 487 1898 1896
f 1898 486 1899
f 1899 481 1896
f 1898 1899 1896
f 43 1900 1902
f 1900 488 1901
f 1901 489 1902
f 1900 1901 1902
f 488 1903 1904
f 1903 12 1703
f 1703 430 1904
f 1903 1703 1904
f 430 1700 1906
f 1700 11 1905
f 1905 489 1906
f 1700 1905 1906
f 488 1904 1901
f 1904 430 1906
f 1906 489 1901
f 1904 1906 1901
f 42 1907 1886
f 1907 490 1908
f 1908 484 1886
f 1907 1908 1886
f 490 1909 1910
f 1909 43 1902
f 1902 489 1910
f 1909 1902 1910
f 489 1905 1911
f 1905 11 1889
f 1889 484 1911
f 1905 1889 1911
f 490 1910 1908
f 1910 489 1911
f 1911 484 1908
f 1910 1911 1908
f 44 1912 1914
f 1912 491 1913
f 1913 493 1914
f 1912 1913 1914
f 491 1915 1917
f 1915 45 1916
f 1916 492 1917
f 1915 1916 1917
f 492 1918 1920
f 1918 12 1919
f 1919 493 1920
f 1918 1919 1920
f 491 1917 1913
f 1917 492 1920
f 1920 493 1913
f 1917 1920 1913
f 43 1921 1900
f 1921 494 1922
f 1922 488 1900
f 1921 1922 1900
f 494 1923 1924
f 1923 44 1914
f 1914 493 1924
f 1923 1914 1924
f 493 1919 1925
f 1919 12 1903
f 1903 488 1925
f 1919 1903 1925
f 494 1924 1922
f 1924 493 1925
f 1925 488 1922
f 1924 1925 1922
f 46 1926 1928
f 1926 495 1927
f 1927 496 1928
f 1926 1927 1928
f 495 1929 1930
f 1929 14 1789
f 1789 455 1930
f 1929 1789 1930
f 455 1786 1932
f 1786 27 1931
f 1931 496 1932
f 1786 1931 1932
f 495 1930 1927
f 1930 455 1932
f 1932 496 1927
f 1930 1932 1927
f 46 1933 1926
f 1933 497 1934
f 1934 495 1926
f 1933 1934 1926
f 497 1935 1936
f 1935 17 1729
f 1729 439 1936
f 1935 1729 1936
f 439 1727 1937
f 1727 14 1929
f 1929 495 1937
f 1727 1929 1937
f 497 1936 1934
f 1936 439 1937
f 1937 495 1934
f 1936 1937 1934
f 47 1938 1940
f 1938 498 1939
f 1939 500 1940
f 1938 1939 1940
f 498 1941 1943
f 1941 48 1942
f 1942 499 1943
f 1941 1942 1943
f 499 1944 1946
f 1944 19 1945
f 1945 500 1946
f 1944 1945 1946
f 498 1943 1939
f 1943 499 1946
f 1946 500 1939
f 1943 1946 1939
f 49 1947 1949
f 1947 501 1948
f 1948 503 1949
f 1947 1948 1949
f 501 1950 1952
f 1950 30 1951
f 1951 502 1952
f 1950 1951 1952
f 502 1953 1955
f 1953 50 1954
f 1954 503 1955
f 1953 1954 1955
f 501 1952 1948
f 1952 502 1955
f 1955 503 1948
f 1952 1955 1948
f 51 1956 1958
f 1956 504 1957
f 1957 505 1958
f 1956 1957 1958
f 504 1959 1960
f 1959 32 1818
f 1818 464 1960
f 1959 1818 1960
f 464 1816 1962
f 1816 31 1961
f 1961 505 1962
f 1816 1961 1962
f 504 1960 1957
f 1960 464 1962
f 1962 505 1957
f 1960 1962 1957
f 51 1963 1956
f 1963 506 1964
f 1964 504 1956
f 1963 1964 1956
f 506 1965 1966
f 1965 33 1830
f 1830 467 1966
f 1965 1830 1966
f 467 1828 1967
f 1828 32 1959
f 1959 504 1967
f 1828 1959 1967
f 506 1966 1964
f 1966 467 1967
f 1967 504 1964
f 1966 1967 1964
f 33 1968 1835
f 1968 507 1969
f 1969 469 1835
f 1968 1969 1835
f 507 1970 1972
f 1970 52 1971
f 1971 508 1972
f 1970 1971 1972
f 508 1973 1974
f 1973 34 1837
f 1837 469 1974
f 1973 1837 1974
f 507 1972 1969
f 1972 508 1974
f 1974 469 1969
f 1972 1974 1969
f 53 1975 1977
f 1975 509 1976
f 1976 510 1977
f 1975 1976 1977
f 509 1978 1979
f 1978 22 1844
f 1844 471 1979
f 1978 1844 1979
f 471 1842 1981
f 1842 34 1980
f 1980 510 1981
f 1842 1980 1981
f 509 1979 1976
f 1979 471 1981
f 1981 510 1976
f 1979 1981 1976
f 52 1982 1971
f 1982 511 1983
f 1983 508 1971
f 1982 1983 1971
f 511 1984 1985
f 1984 53 1977
f 1977 510 1985
f 1984 1977 1985
f 510 1980 1986
f 1980 34 1973
f 1973 508 1986
f 1980 1973 1986
f 511 1985 1983
f 1985 510 1986
f 1986 508 1983
f 1985 1986 1983
f 53 1987 1975
f 1987 512 1988
f 1988 509 1975
f 1987 1988 1975
f 512 1989 1990
f 1989 35 1849
f 1849 473 1990
f 1989 1849 1990
f 473 1852 1991
f 1852 22 1978
f 1978 509 1991
f 1852 1978 1991
f 512 1990 1988
f 1990 473 1991
f 1991 509 1988
f 1990 1991 1988
f 54 1992 1994
f 1992 513 1993
f 1993 515 1994
f 1992 1993 1994
f 513 1995 1997
f 1995 37 1996
f 1996 514 1997
f 1995 1996 1997
f 514 1998 2000
f 1998 55 1999
f 1999 515 2000
f 1998 1999 2000
f 513 1997 1993
f 1997 514 2000
f 2000 515 1993
f 1997 2000 1993
f 54 2001 1992
f 2001 516 2002
f 2002 513 1992
f 2001 2002 1992
f 516 2003 2004
f 2003 36 1856
f 1856 476 2004
f 2003 1856 2004
f 476 1861 2005
f 1861 37 1995
f 1995 513 2005
f 1861 1995 2005
f 516 2004 2002
f 2004 476 2005
f 2005 513 2002
f 2004 2005 2002
f 24 1779 2007
f 1779 454 2006
f 2006 517 2007
f 1779 2006 2007
f 454 1784 2008
f 1784 26 1857
f 1857 474 2008
f 1784 1857 2008
f 474 1854 2010
f 1854 36 2009
f 2009 517 2010
f 1854 2009 2010
f 454 2008 2006
f 2008 474 2010
f 2010 517 2006
f 2008 2010 2006
f 38 1865 2012
f 1865 479 2011
f 2011 519 2012
f 1865 2011 2012
f 479 1870 2014
f 1870 39 2013
f 2013 518 2014
f 1870 2013 2014
f 518 2015 2017
f 2015 25 2016
f 2016 519 2017
f 2015 2016 2017
f 479 2014 2011
f 2014 518 2017
f 2017 519 2011
f 2014 2017 2011
f 56 2018 2020
f 2018 520 2019
f 2019 521 2020
f 2018 2019 2020
f 520 2021 2022
f 2021 8 1874
f 1874 480 2022
f 2021 1874 2022
f 480 1872 2024
f 1872 38 2023
f 2023 521 2024
f 1872 2023 2024
f 520 2022 2019
f 2022 480 2024
f 2024 521 2019
f 2022 2024 2019
f 56 2025 2018
f 2025 522 2026
f 2026 520 2018
f 2025 2026 2018
f 522 2027 2028
f 2027 40 1879
f 1879 483 2028
f 2027 1879 2028
f 483 1884 2029
f 1884 8 2021
f 2021 520 2029
f 1884 2021 2029
f 522 2028 2026
f 2028 483 2029
f 2029 520 2026
f 2028 2029 2026
f 57 2030 2032
f 2030 523 2031
f 2031 525 2032
f 2030 2031 2032
f 523 2033 2035
f 2033 27 2034
f 2034 524 2035
f 2033 2034 2035
f 524 2036 2038
f 2036 45 2037
f 2037 525 2038
f 2036 2037 2038
f 523 2035 2031
f 2035 524 2038
f 2038 525 2031
f 2035 2038 2031
f 58 2039 2041
f 2039 526 2040
f 2040 527 2041
f 2039 2040 2041
f 526 2042 2043
f 2042 46 1928
f 1928 496 2043
f 2042 1928 2043
f 496 1931 2045
f 1931 27 2044
f 2044 527 2045
f 1931 2044 2045
f 526 2043 2040
f 2043 496 2045
f 2045 527 2040
f 2043 2045 2040
f 58 2046 2039
f 2046 528 2047
f 2047 526 2039
f 2046 2047 2039
f 528 2048 2050
f 2048 59 2049
f 2049 529 2050
f 2048 2049 2050
f 529 2051 2052
f 2051 46 2042
f 2042 526 2052
f 2051 2042 2052
f 528 2050 2047
f 2050 529 2052
f 2052 526 2047
f 2050 2052 2047
f 60 2053 2055
f 2053 530 2054
f 2054 531 2055
f 2053 2054 2055
f 530 2056 2057
f 2056 17 1935
f 1935 497 2057
f 2056 1935 2057
f 497 1933 2059
f 1933 46 2058
f 2058 531 2059
f 1933 2058 2059
f 530 2057 2054
f 2057 497 2059
f 2059 531 2054
f 2057 2059 2054
f 59 2060 2049
f 2060 532 2061
f 2061 529 2049
f 2060 2061 2049
f 532 2062 2063
f 2062 60 2055
f 2055 531 2063
f 2062 2055 2063
f 531 2058 2064
f 2058 46 2051
f 2051 529 2064
f 2058 2051 2064
f 532 2063 2061
f 2063 531 2064
f 2064 529 2061
f 2063 2064 2061
f 47 1940 2066
f 1940 500 2065
f 2065 533 2066
f 1940 2065 2066
f 500 1945 2067
f 1945 19 1734
f 1734 440 2067
f 1945 1734 2067
f 440 1732 2069
f 1732 17 2068
f 2068 533 2069
f 1732 2068 2069
f 500 2067 2065
f 2067 440 2069
f 2069 533 2065
f 2067 2069 2065
f 60 2070 2053
f 2070 534 2071
f 2071 530 2053
f 2070 2071 2053
f 534 2072 2073
f 2072 47 2066
f 2066 533 2073
f 2072 2066 2073
f 533 2068 2074
f 2068 17 2056
f 2056 530 2074
f 2068 2056 2074
f 534 2073 2071
f 2073 533 2074
f 2074 530 2071
f 2073 2074 2071
f 61 2075 2077
f 2075 535 2076
f 2076 536 2077
f 2075 2076 2077
f 535 2078 2079
f 2078 48 1941
f 1941 498 2079
f 2078 1941 2079
f 498 1938 2081
f 1938 47 2080
f 2080 536 2081
f 1938 2080 2081
f 535 2079 2076
f 2079 498 2081
f 2081 536 2076
f 2079 2081 2076
f 62 2082 2084
f 2082 537 2083
f 2083 539 2084
f 2082 2083 2084
f 537 2085 2087
f 2085 63 2086
f 2086 538 2087
f 2085 2086 2087
f 538 2088 2090
f 2088 64 2089
f 2089 539 2090
f 2088 2089 2090
f 537 2087 2083
f 2087 538 2090
f 2090 539 2083
f 2087 2090 2083
f 62 2091 2082
f 2091 540 2092
f 2092 537 2082
f 2091 2092 2082
f 540 2093 2095
f 2093 65 2094
f 2094 541 2095
f 2093 2094 2095
f 541 2096 2097
f 2096 63 2085
f 2085 537 2097
f 2096 2085 2097
f 540 2095 2092
f 2095 541 2097
f 2097 537 2092
f 2095 2097 2092
f 66 2098 2100
f 2098 542 2099
f 2099 544 2100
f 2098 2099 2100
f 542 2101 2103
f 2101 50 2102
f 2102 543 2103
f 2101 2102 2103
f 543 2104 2106
f 2104 63 2105
f 2105 544 2106
f 2104 2105 2106
f 542 2103 2099
f 2103 543 2106
f 2106 544 2099
f 2103 2106 2099
f 65 2107 2094
f 2107 545 2108
f 2108 541 2094
f 2107 2108 2094
f 545 2109 2110
f 2109 66 2100
f 2100 544 2110
f 2109 2100 2110
f 544 2105 2111
f 2105 63 2096
f 2096 541 2111
f 2105 2096 2111
f 545 2110 2108
f 2110 544 2111
f 2111 541 2108
f 2110 2111 2108
f 28 1795 2113
f 1795 459 2112
f 2112 546 2113
f 1795 2112 2113
f 459 1800 2114
f 1800 30 1950
f 1950 501 2114
f 1800 1950 2114
f 501 1947 2116
f 1947 49 2115
f 2115 546 2116
f 1947 2115 2116
f 459 2114 2112
f 2114 501 2116
f 2116 546 2112
f 2114 2116 2112
f 67 2117 2119
f 2117 547 2118
f 2118 548 2119
f 2117 2118 2119
f 547 2120 2121
f 2120 31 1804
f 1804 462 2121
f 2120 1804 2121
f 462 1809 2123
f 1809 29 2122
f 2122 548 2123
f 1809 2122 2123
f 547 2121 2118
f 2121 462 2123
f 2123 548 2118
f 2121 2123 2118
f 28 2124 1793
f 2124 549 2125
f 2125 457 1793
f 2124 2125 1793
f 549 2126 2127
f 2126 67 2119
f 2119 548 2127
f 2126 2119 2127
f 548 2122 2128
f 2122 29 1796
f 1796 457 2128
f 2122 1796 2128
f 549 2127 2125
f 2127 548 2128
f 2128 457 2125
f 2127 2128 2125
f 68 2129 2131
f 2129 550 2130
f 2130 551 2131
f 2129 2130 2131
f 550 2132 2133
f 2132 51 1958
f 1958 505 2133
f 2132 1958 2133
f 505 1961 2135
f 1961 31 2134
f 2134 551 2135
f 1961 2134 2135
f 550 2133 2130
f 2133 505 2135
f 2135 551 2130
f 2133 2135 2130
f 67 2136 2117
f 2136 552 2137
f 2137 547 2117
f 2136 2137 2117
f 552 2138 2139
f 2138 68 2131
f 2131 551 2139
f 2138 2131 2139
f 551 2134 2140
f 2134 31 2120
f 2120 547 2140
f 2134 2120 2140
f 552 2139 2137
f 2139 551 2140
f 2140 547 2137
f 2139 2140 2137
f 68 2141 2129
f 2141 553 2142
f 2142 550 2129
f 2141 2142 2129
f 553 2143 2144
f 2143 33 1965
f 1965 506 2144
f 2143 1965 2144
f 506 1963 2145
f 1963 51 2132
f 2132 550 2145
f 1963 2132 2145
f 553 2144 2142
f 2144 506 2145
f 2145 550 2142
f 2144 2145 2142
f 52 2146 1982
f 2146 554 2147
f 2147 511 1982
f 2146 2147 1982
f 554 2148 2150
f 2148 69 2149
f 2149 555 2150
f 2148 2149 2150
f 555 2151 2152
f 2151 53 1984
f 1984 511 2152
f 2151 1984 2152
f 554 2150 2147
f 2150 555 2152
f 2152 511 2147
f 2150 2152 2147
f 53 2153 1987
f 2153 556 2154
f 2154 512 1987
f 2153 2154 1987
f 556 2155 2156
f 2155 23 1850
f 1850 472 2156
f 2155 1850 2156
f 472 1847 2157
f 1847 35 1989
f 1989 512 2157
f 1847 1989 2157
f 556 2156 2154
f 2156 472 2157
f 2157 512 2154
f 2156 2157 2154
f 70 2158 2160
f 2158 557 2159
f 2159 559 2160
f 2158 2159 2160
f 557 2161 2163
f 2161 55 2162
f 2162 558 2163
f 2161 2162 2163
f 558 2164 2166
f 2164 71 2165
f 2165 559 2166
f 2164 2165 2166
f 557 2163 2159
f 2163 558 2166
f 2166 559 2159
f 2163 2166 2159
f 70 2167 2158
f 2167 560 2168
f 2168 557 2158
f 2167 2168 2158
f 560 2169 2170
f 2169 54 1994
f 1994 515 2170
f 2169 1994 2170
f 515 1999 2171
f 1999 55 2161
f 2161 557 2171
f 1999 2161 2171
f 560 2170 2168
f 2170 515 2171
f 2171 557 2168
f 2170 2171 2168
f 24 2172 1777
f 2172 561 2173
f 2173 452 1777
f 2172 2173 1777
f 561 2174 2175
f 2174 38 2012
f 2012 519 2175
f 2174 2012 2175
f 519 2016 2176
f 2016 25 1780
f 1780 452 2176
f 2016 1780 2176
f 561 2175 2173
f 2175 519 2176
f 2176 452 2173
f 2175 2176 2173
f 72 2177 2179
f 2177 562 2178
f 2178 563 2179
f 2177 2178 2179
f 562 2180 2181
f 2180 42 1897
f 1897 487 2181
f 2180 1897 2181
f 487 1895 2183
f 1895 40 2182
f 2182 563 2183
f 1895 2182 2183
f 562 2181 2178
f 2181 487 2183
f 2183 563 2178
f 2181 2183 2178
f 72 2184 2177
f 2184 564 2185
f 2185 562 2177
f 2184 2185 2177
f 564 2186 2187
f 2186 43 1909
f 1909 490 2187
f 2186 1909 2187
f 490 1907 2188
f 1907 42 2180
f 2180 562 2188
f 1907 2180 2188
f 564 2187 2185
f 2187 490 2188
f 2188 562 2185
f 2187 2188 2185
f 73 2189 2191
f 2189 565 2190
f 2190 566 2191
f 2189 2190 2191
f 565 2192 2193
f 2192 45 1915
f 1915 491 2193
f 2192 1915 2193
f 491 1912 2195
f 1912 44 2194
f 2194 566 2195
f 1912 2194 2195
f 565 2193 2190
f 2193 491 2195
f 2195 566 2190
f 2193 2195 2190
f 73 2196 2189
f 2196 567 2197
f 2197 565 2189
f 2196 2197 2189
f 567 2198 2199
f 2198 57 2032
f 2032 525 2199
f 2198 2032 2199
f 525 2037 2200
f 2037 45 2192
f 2192 565 2200
f 2037 2192 2200
f 567 2199 2197
f 2199 525 2200
f 2200 565 2197
f 2199 2200 2197
f 57 2201 2030
f 2201 568 2202
f 2202 523 2030
f 2201 2202 2030
f 568 2203 2204
f 2203 58 2041
f 2041 527 2204
f 2203 2041 2204
f 527 2044 2205
f 2044 27 2033
f 2033 523 2205
f 2044 2033 2205
f 568 2204 2202
f 2204 527 2205
f 2205 523 2202
f 2204 2205 2202
f 64 2206 2208
f 2206 569 2207
f 2207 571 2208
f 2206 2207 2208
f 569 2209 2211
f 2209 74 2210
f 2210 570 2211
f 2209 2210 2211
f 570 2212 2214
f 2212 48 2213
f 2213 571 2214
f 2212 2213 2214
f 569 2211 2207
f 2211 570 2214
f 2214 571 2207
f 2211 2214 2207
f 61 2215 2075
f 2215 572 2216
f 2216 535 2075
f 2215 2216 2075
f 572 2217 2218
f 2217 64 2208
f 2208 571 2218
f 2217 2208 2218
f 571 2213 2219
f 2213 48 2078
f 2078 535 2219
f 2213 2078 2219
f 572 2218 2216
f 2218 571 2219
f 2219 535 2216
f 2218 2219 2216
f 49 1949 2221
f 1949 503 2220
f 2220 573 2221
f 1949 2220 2221
f 503 1954 2222
f 1954 50 2101
f 2101 542 2222
f 1954 2101 2222
f 542 2098 2224
f 2098 66 2223
f 2223 573 2224
f 2098 2223 2224
f 503 2222 2220
f 2222 542 2224
f 2224 573 2220
f 2222 2224 2220
f 75 2225 2227
f 2225 574 2226
f 2226 575 2227
f 2225 2226 2227
f 574 2228 2229
f 2228 68 2138
f 2138 552 2229
f 2228 2138 2229
f 552 2136 2231
f 2136 67 2230
f 2230 575 2231
f 2136 2230 2231
f 574 2229 2226
f 2229 552 2231
f 2231 575 2226
f 2229 2231 2226
f 75 2232 2225
f 2232 576 2233
f 2233 574 2225
f 2232 2233 2225
f 576 2234 2236
f 2234 76 2235
f 2235 577 2236
f 2234 2235 2236
f 577 2237 2238
f 2237 68 2228
f 2228 574 2238
f 2237 2228 2238
f 576 2236 2233
f 2236 577 2238
f 2238 574 2233
f 2236 2238 2233
f 76 2239 2235
f 2239 578 2240
f 2240 577 2235
f 2239 2240 2235
f 578 2241 2242
f 2241 33 2143
f 2143 553 2242
f 2241 2143 2242
f 553 2141 2243
f 2141 68 2237
f 2237 577 2243
f 2141 2237 2243
f 578 2242 2240
f 2242 553 2243
f 2243 577 2240
f 2242 2243 2240
f 77 2244 2246
f 2244 579 2245
f 2245 580 2246
f 2244 2245 2246
f 579 2247 2248
f 2247 52 1970
f 1970 507 2248
f 2247 1970 2248
f 507 1968 2250
f 1968 33 2249
f 2249 580 2250
f 1968 2249 2250
f 579 2248 2245
f 2248 507 2250
f 2250 580 2245
f 2248 2250 2245
f 76 2251 2239
f 2251 581 2252
f 2252 578 2239
f 2251 2252 2239
f 581 2253 2254
f 2253 77 2246
f 2246 580 2254
f 2253 2246 2254
f 580 2249 2255
f 2249 33 2241
f 2241 578 2255
f 2249 2241 2255
f 581 2254 2252
f 2254 580 2255
f 2255 578 2252
f 2254 2255 2252
f 78 2256 2258
f 2256 582 2257
f 2257 583 2258
f 2256 2257 2258
f 582 2259 2260
f 2259 69 2148
f 2148 554 2260
f 2259 2148 2260
f 554 2146 2262
f 2146 52 2261
f 2261 583 2262
f 2146 2261 2262
f 582 2260 2257
f 2260 554 2262
f 2262 583 2257
f 2260 2262 2257
f 79 2263 2265
f 2263 584 2264
f 2264 585 2265
f 2263 2264 2265
f 584 2266 2267
f 2266 24 2007
f 2007 517 2267
f 2266 2007 2267
f 517 2009 2269
f 2009 36 2268
f 2268 585 2269
f 2009 2268 2269
f 584 2267 2264
f 2267 517 2269
f 2269 585 2264
f 2267 2269 2264
f 80 2270 2272
f 2270 586 2271
f 2271 587 2272
f 2270 2271 2272
f 586 2273 2274
f 2273 56 2020
f 2020 521 2274
f 2273 2020 2274
f 521 2023 2276
f 2023 38 2275
f 2275 587 2276
f 2023 2275 2276
f 586 2274 2271
f 2274 521 2276
f 2276 587 2271
f 2274 2276 2271
f 81 2277 2279
f 2277 588 2278
f 2278 589 2279
f 2277 2278 2279
f 588 2280 2281
f 2280 43 2186
f 2186 564 2281
f 2280 2186 2281
f 564 2184 2283
f 2184 72 2282
f 2282 589 2283
f 2184 2282 2283
f 588 2281 2278
f 2281 564 2283
f 2283 589 2278
f 2281 2283 2278
f 81 2284 2277
f 2284 590 2285
f 2285 588 2277
f 2284 2285 2277
f 590 2286 2287
f 2286 44 1923
f 1923 494 2287
f 2286 1923 2287
f 494 1921 2288
f 1921 43 2280
f 2280 588 2288
f 1921 2280 2288
f 590 2287 2285
f 2287 494 2288
f 2288 588 2285
f 2287 2288 2285
f 57 2289 2201
f 2289 591 2290
f 2290 568 2201
f 2289 2290 2201
f 591 2291 2293
f 2291 82 2292
f 2292 592 2293
f 2291 2292 2293
f 592 2294 2295
f 2294 58 2203
f 2203 568 2295
f 2294 2203 2295
f 591 2293 2290
f 2293 592 2295
f 2295 568 2290
f 2293 2295 2290
f 82 2296 2292
f 2296 593 2297
f 2297 592 2292
f 2296 2297 2292
f 593 2298 2299
f 2298 59 2048
f 2048 528 2299
f 2298 2048 2299
f 528 2046 2300
f 2046 58 2294
f 2294 592 2300
f 2046 2294 2300
f 593 2299 2297
f 2299 528 2300
f 2300 592 2297
f 2299 2300 2297
f 82 2301 2296
f 2301 594 2302
f 2302 593 2296
f 2301 2302 2296
f 594 2303 2304
f 2303 60 2062
f 2062 532 2304
f 2303 2062 2304
f 532 2060 2305
f 2060 59 2298
f 2298 593 2305
f 2060 2298 2305
f 594 2304 2302
f 2304 532 2305
f 2305 593 2302
f 2304 2305 2302
f 83 2306 2308
f 2306 595 2307
f 2307 596 2308
f 2306 2307 2308
f 595 2309 2310
f 2309 61 2077
f 2077 536 2310
f 2309 2077 2310
f 536 2080 2312
f 2080 47 2311
f 2311 596 2312
f 2080 2311 2312
f 595 2310 2307
f 2310 536 2312
f 2312 596 2307
f 2310 2312 2307
f 84 2313 2315
f 2313 597 2314
f 2314 598 2315
f 2313 2314 2315
f 597 2316 2317
f 2316 62 2084
f 2084 539 2317
f 2316 2084 2317
f 539 2089 2319
f 2089 64 2318
f 2318 598 2319
f 2089 2318 2319
f 597 2317 2314
f 2317 539 2319
f 2319 598 2314
f 2317 2319 2314
f 49 2320 2115
f 2320 599 2321
f 2321 546 2115
f 2320 2321 2115
f 599 2322 2324
f 2322 85 2323
f 2323 600 2324
f 2322 2323 2324
f 600 2325 2326
f 2325 28 2113
f 2113 546 2326
f 2325 2113 2326
f 599 2324 2321
f 2324 600 2326
f 2326 546 2321
f 2324 2326 2321
f 86 2327 2329
f 2327 601 2328
f 2328 602 2329
f 2327 2328 2329
f 601 2330 2331
f 2330 67 2126
f 2126 549 2331
f 2330 2126 2331
f 549 2124 2333
f 2124 28 2332
f 2332 602 2333
f 2124 2332 2333
f 601 2331 2328
f 2331 549 2333
f 2333 602 2328
f 2331 2333 2328
f 86 2334 2327
f 2334 603 2335
f 2335 601 2327
f 2334 2335 2327
f 603 2336 2337
f 2336 75 2227
f 2227 575 2337
f 2336 2227 2337
f 575 2230 2338
f 2230 67 2330
f 2330 601 2338
f 2230 2330 2338
f 603 2337 2335
f 2337 575 2338
f 2338 601 2335
f 2337 2338 2335
f 86 2339 2334
f 2339 604 2340
f 2340 603 2334
f 2339 2340 2334
f 604 2341 2343
f 2341 87 2342
f 2342 605 2343
f 2341 2342 2343
f 605 2344 2345
f 2344 75 2336
f 2336 603 2345
f 2344 2336 2345
f 604 2343 2340
f 2343 605 2345
f 2345 603 2340
f 2343 2345 2340
f 87 2346 2342
f 2346 606 2347
f 2347 605 2342
f 2346 2347 2342
f 606 2348 2349
f 2348 76 2234
f 2234 576 2349
f 2348 2234 2349
f 576 2232 2350
f 2232 75 2344
f 2344 605 2350
f 2232 2344 2350
f 606 2349 2347
f 2349 576 2350
f 2350 605 2347
f 2349 2350 2347
f 88 2351 2353
f 2351 607 2352
f 2352 608 2353
f 2351 2352 2353
f 607 2354 2355
f 2354 77 2253
f 2253 581 2355
f 2354 2253 2355
f 581 2251 2357
f 2251 76 2356
f 2356 608 2357
f 2251 2356 2357
f 607 2355 2352
f 2355 581 2357
f 2357 608 2352
f 2355 2357 2352
f 77 2358 2244
f 2358 609 2359
f 2359 579 2244
f 2358 2359 2244
f 609 2360 2361
f 2360 78 2258
f 2258 583 2361
f 2360 2258 2361
f 583 2261 2362
f 2261 52 2247
f 2247 579 2362
f 2261 2247 2362
f 609 2361 2359
f 2361 583 2362
f 2362 579 2359
f 2361 2362 2359
f 77 2363 2358
f 2363 610 2364
f 2364 609 2358
f 2363 2364 2358
f 610 2365 2367
f 2365 89 2366
f 2366 611 2367
f 2365 2366 2367
f 611 2368 2369
f 2368 78 2360
f 2360 609 2369
f 2368 2360 2369
f 610 2367 2364
f 2367 611 2369
f 2369 609 2364
f 2367 2369 2364
f 78 2370 2256
f 2370 612 2371
f 2371 582 2256
f 2370 2371 2256
f 612 2372 2373
f 2372 53 2151
f 2151 555 2373
f 2372 2151 2373
f 555 2149 2374
f 2149 69 2259
f 2259 582 2374
f 2149 2259 2374
f 612 2373 2371
f 2373 555 2374
f 2374 582 2371
f 2373 2374 2371
f 90 2375 2377
f 2375 613 2376
f 2376 615 2377
f 2375 2376 2377
f 613 2378 2380
f 2378 71 2379
f 2379 614 2380
f 2378 2379 2380
f 614 2381 2383
f 2381 91 2382
f 2382 615 2383
f 2381 2382 2383
f 613 2380 2376
f 2380 614 2383
f 2383 615 2376
f 2380 2383 2376
f 90 2384 2375
f 2384 616 2385
f 2385 613 2375
f 2384 2385 2375
f 616 2386 2387
f 2386 70 2160
f 2160 559 2387
f 2386 2160 2387
f 559 2165 2388
f 2165 71 2378
f 2378 613 2388
f 2165 2378 2388
f 616 2387 2385
f 2387 559 2388
f 2388 613 2385
f 2387 2388 2385
f 92 2389 2391
f 2389 617 2390
f 2390 618 2391
f 2389 2390 2391
f 617 2392 2393
f 2392 36 2003
f 2003 516 2393
f 2392 2003 2393
f 516 2001 2395
f 2001 54 2394
f 2394 618 2395
f 2001 2394 2395
f 617 2393 2390
f 2393 516 2395
f 2395 618 2390
f 2393 2395 2390
f 93 2396 2398
f 2396 619 2397
f 2397 620 2398
f 2396 2397 2398
f 619 2399 2400
f 2399 80 2272
f 2272 587 2400
f 2399 2272 2400
f 587 2275 2402
f 2275 38 2401
f 2401 620 2402
f 2275 2401 2402
f 619 2400 2397
f 2400 587 2402
f 2402 620 2397
f 2400 2402 2397
f 40 2027 2404
f 2027 522 2403
f 2403 621 2404
f 2027 2403 2404
f 522 2025 2405
f 2025 56 2273
f 2273 586 2405
f 2025 2273 2405
f 586 2270 2407
f 2270 80 2406
f 2406 621 2407
f 2270 2406 2407
f 522 2405 2403
f 2405 586 2407
f 2407 621 2403
f 2405 2407 2403
f 94 2408 2410
f 2408 622 2409
f 2409 623 2410
f 2408 2409 2410
f 622 2411 2412
f 2411 44 2286
f 2286 590 2412
f 2411 2286 2412
f 590 2284 2414
f 2284 81 2413
f 2413 623 2414
f 2284 2413 2414
f 622 2412 2409
f 2412 590 2414
f 2414 623 2409
f 2412 2414 2409
f 95 2415 2417
f 2415 624 2416
f 2416 625 2417
f 2415 2416 2417
f 624 2418 2419
f 2418 73 2191
f 2191 566 2419
f 2418 2191 2419
f 566 2194 2421
f 2194 44 2420
f 2420 625 2421
f 2194 2420 2421
f 624 2419 2416
f 2419 566 2421
f 2421 625 2416
f 2419 2421 2416
f 94 2422 2408
f 2422 626 2423
f 2423 622 2408
f 2422 2423 2408
f 626 2424 2425
f 2424 95 2417
f 2417 625 2425
f 2424 2417 2425
f 625 2420 2426
f 2420 44 2411
f 2411 622 2426
f 2420 2411 2426
f 626 2425 2423
f 2425 625 2426
f 2426 622 2423
f 2425 2426 2423
f 95 2427 2415
f 2427 627 2428
f 2428 624 2415
f 2427 2428 2415
f 627 2429 2430
f 2429 57 2198
f 2198 567 2430
f 2429 2198 2430
f 567 2196 2431
f 2196 73 2418
f 2418 624 2431
f 2196 2418 2431
f 627 2430 2428
f 2430 567 2431
f 2431 624 2428
f 2430 2431 2428
f 96 2432 2434
f 2432 628 2433
f 2433 629 2434
f 2432 2433 2434
f 628 2435 2436
f 2435 82 2291
f 2291 591 2436
f 2435 2291 2436
f 591 2289 2438
f 2289 57 2437
f 2437 629 2438
f 2289 2437 2438
f 628 2436 2433
f 2436 591 2438
f 2438 629 2433
f 2436 2438 2433
f 97 2439 2441
f 2439 630 2440
f 2440 631 2441
f 2439 2440 2441
f 630 2442 2443
f 2442 60 2303
f 2303 594 2443
f 2442 2303 2443
f 594 2301 2445
f 2301 82 2444
f 2444 631 2445
f 2301 2444 2445
f 630 2443 2440
f 2443 594 2445
f 2445 631 2440
f 2443 2445 2440
f 96 2446 2432
f 2446 632 2447
f 2447 628 2432
f 2446 2447 2432
f 632 2448 2449
f 2448 97 2441
f 2441 631 2449
f 2448 2441 2449
f 631 2444 2450
f 2444 82 2435
f 2435 628 2450
f 2444 2435 2450
f 632 2449 2447
f 2449 631 2450
f 2450 628 2447
f 2449 2450 2447
f 83 2308 2452
f 2308 596 2451
f 2451 633 2452
f 2308 2451 2452
f 596 2311 2453
f 2311 47 2072
f 2072 534 2453
f 2311 2072 2453
f 534 2070 2455
f 2070 60 2454
f 2454 633 2455
f 2070 2454 2455
f 596 2453 2451
f 2453 534 2455
f 2455 633 2451
f 2453 2455 2451
f 97 2456 2439
f 2456 634 2457
f 2457 630 2439
f 2456 2457 2439
f 634 2458 2459
f 2458 83 2452
f 2452 633 2459
f 2458 2452 2459
f 633 2454 2460
f 2454 60 2442
f 2442 630 2460
f 2454 2442 2460
f 634 2459 2457
f 2459 633 2460
f 2460 630 2457
f 2459 2460 2457
f 98 2461 2463
f 2461 635 2462
f 2462 636 2463
f 2461 2462 2463
f 635 2464 2465
f 2464 49 2221
f 2221 573 2465
f 2464 2221 2465
f 573 2223 2467
f 2223 66 2466
f 2466 636 2467
f 2223 2466 2467
f 635 2465 2462
f 2465 573 2467
f 2467 636 2462
f 2465 2467 2462
f 99 2468 2470
f 2468 637 2469
f 2469 638 2470
f 2468 2469 2470
f 637 2471 2472
f 2471 87 2341
f 2341 604 2472
f 2471 2341 2472
f 604 2339 2474
f 2339 86 2473
f 2473 638 2474
f 2339 2473 2474
f 637 2472 2469
f 2472 604 2474
f 2474 638 2469
f 2472 2474 2469
f 100 2475 2477
f 2475 639 2476
f 2476 640 2477
f 2475 2476 2477
f 639 2478 2479
f 2478 76 2348
f 2348 606 2479
f 2478 2348 2479
f 606 2346 2481
f 2346 87 2480
f 2480 640 2481
f 2346 2480 2481
f 639 2479 2476
f 2479 606 2481
f 2481 640 2476
f 2479 2481 2476
f 99 2482 2468
f 2482 641 2483
f 2483 637 2468
f 2482 2483 2468
f 641 2484 2485
f 2484 100 2477
f 2477 640 2485
f 2484 2477 2485
f 640 2480 2486
f 2480 87 2471
f 2471 637 2486
f 2480 2471 2486
f 641 2485 2483
f 2485 640 2486
f 2486 637 2483
f 2485 2486 2483
f 100 2487 2475
f 2487 642 2488
f 2488 639 2475
f 2487 2488 2475
f 642 2489 2491
f 2489 101 2490
f 2490 643 2491
f 2489 2490 2491
f 643 2492 2493
f 2492 76 2478
f 2478 639 2493
f 2492 2478 2493
f 642 2491 2488
f 2491 643 2493
f 2493 639 2488
f 2491 2493 2488
f 101 2494 2490
f 2494 644 2495
f 2495 643 2490
f 2494 2495 2490
f 644 2496 2497
f 2496 88 2353
f 2353 608 2497
f 2496 2353 2497
f 608 2356 2498
f 2356 76 2492
f 2492 643 2498
f 2356 2492 2498
f 644 2497 2495
f 2497 608 2498
f 2498 643 2495
f 2497 2498 2495
f 102 2499 2501
f 2499 645 2500
f 2500 646 2501
f 2499 2500 2501
f 645 2502 2503
f 2502 89 2365
f 2365 610 2503
f 2502 2365 2503
f 610 2363 2505
f 2363 77 2504
f 2504 646 2505
f 2363 2504 2505
f 645 2503 2500
f 2503 610 2505
f 2505 646 2500
f 2503 2505 2500
f 88 2506 2351
f 2506 647 2507
f 2507 607 2351
f 2506 2507 2351
f 647 2508 2509
f 2508 102 2501
f 2501 646 2509
f 2508 2501 2509
f 646 2504 2510
f 2504 77 2354
f 2354 607 2510
f 2504 2354 2510
f 647 2509 2507
f 2509 646 2510
f 2510 607 2507
f 2509 2510 2507
f 89 2511 2366
f 2511 648 2512
f 2512 611 2366
f 2511 2512 2366
f 648 2513 2514
f 2513 53 2372
f 2372 612 2514
f 2513 2372 2514
f 612 2370 2515
f 2370 78 2368
f 2368 611 2515
f 2370 2368 2515
f 648 2514 2512
f 2514 612 2515
f 2515 611 2512
f 2514 2515 2512
f 103 2516 2518
f 2516 649 2517
f 2517 650 2518
f 2516 2517 2518
f 649 2519 2520
f 2519 54 2169
f 2169 560 2520
f 2519 2169 2520
f 560 2167 2522
f 2167 70 2521
f 2521 650 2522
f 2167 2521 2522
f 649 2520 2517
f 2520 560 2522
f 2522 650 2517
f 2520 2522 2517
f 103 2523 2516
f 2523 651 2524
f 2524 649 2516
f 2523 2524 2516
f 651 2525 2526
f 2525 92 2391
f 2391 618 2526
f 2525 2391 2526
f 618 2394 2527
f 2394 54 2519
f 2519 649 2527
f 2394 2519 2527
f 651 2526 2524
f 2526 618 2527
f 2527 649 2524
f 2526 2527 2524
f 79 2265 2529
f 2265 585 2528
f 2528 652 2529
f 2265 2528 2529
f 585 2268 2530
f 2268 36 2392
f 2392 617 2530
f 2268 2392 2530
f 617 2389 2532
f 2389 92 2531
f 2531 652 2532
f 2389 2531 2532
f 585 2530 2528
f 2530 617 2532
f 2532 652 2528
f 2530 2532 2528
f 104 2533 2535
f 2533 653 2534
f 2534 654 2535
f 2533 2534 2535
f 653 2536 2537
f 2536 38 2174
f 2174 561 2537
f 2536 2174 2537
f 561 2172 2539
f 2172 24 2538
f 2538 654 2539
f 2172 2538 2539
f 653 2537 2534
f 2537 561 2539
f 2539 654 2534
f 2537 2539 2534
f 104 2540 2533
f 2540 655 2541
f 2541 653 2533
f 2540 2541 2533
f 655 2542 2543
f 2542 93 2398
f 2398 620 2543
f 2542 2398 2543
f 620 2401 2544
f 2401 38 2536
f 2536 653 2544
f 2401 2536 2544
f 655 2543 2541
f 2543 620 2544
f 2544 653 2541
f 2543 2544 2541
f 105 2545 2547
f 2545 656 2546
f 2546 657 2547
f 2545 2546 2547
f 656 2548 2549
f 2548 57 2429
f 2429 627 2549
f 2548 2429 2549
f 627 2427 2551
f 2427 95 2550
f 2550 657 2551
f 2427 2550 2551
f 656 2549 2546
f 2549 627 2551
f 2551 657 2546
f 2549 2551 2546
f 106 2552 2554
f 2552 658 2553
f 2553 659 2554
f 2552 2553 2554
f 658 2555 2556
f 2555 96 2434
f 2434 629 2556
f 2555 2434 2556
f 629 2437 2558
f 2437 57 2557
f 2557 659 2558
f 2437 2557 2558
f 658 2556 2553
f 2556 629 2558
f 2558 659 2553
f 2556 2558 2553
f 106 2559 2552
f 2559 660 2560
f 2560 658 2552
f 2559 2560 2552
f 660 2561 2563
f 2561 107 2562
f 2562 661 2563
f 2561 2562 2563
f 661 2564 2565
f 2564 96 2555
f 2555 658 2565
f 2564 2555 2565
f 660 2563 2560
f 2563 661 2565
f 2565 658 2560
f 2563 2565 2560
f 107 2566 2562
f 2566 662 2567
f 2567 661 2562
f 2566 2567 2562
f 662 2568 2569
f 2568 97 2448
f 2448 632 2569
f 2568 2448 2569
f 632 2446 2570
f 2446 96 2564
f 2564 661 2570
f 2446 2564 2570
f 662 2569 2567
f 2569 632 2570
f 2570 661 2567
f 2569 2570 2567
f 108 2571 2573
f 2571 663 2572
f 2572 664 2573
f 2571 2572 2573
f 663 2574 2575
f 2574 61 2309
f 2309 595 2575
f 2574 2309 2575
f 595 2306 2577
f 2306 83 2576
f 2576 664 2577
f 2306 2576 2577
f 663 2575 2572
f 2575 595 2577
f 2577 664 2572
f 2575 2577 2572
f 61 2578 2215
f 2578 665 2579
f 2579 572 2215
f 2578 2579 2215
f 665 2580 2581
f 2580 84 2315
f 2315 598 2581
f 2580 2315 2581
f 598 2318 2582
f 2318 64 2217
f 2217 572 2582
f 2318 2217 2582
f 665 2581 2579
f 2581 598 2582
f 2582 572 2579
f 2581 2582 2579
f 85 2322 2584
f 2322 599 2583
f 2583 666 2584
f 2322 2583 2584
f 599 2320 2585
f 2320 49 2464
f 2464 635 2585
f 2320 2464 2585
f 635 2461 2587
f 2461 98 2586
f 2586 666 2587
f 2461 2586 2587
f 599 2585 2583
f 2585 635 2587
f 2587 666 2583
f 2585 2587 2583
f 109 2588 2590
f 2588 667 2589
f 2589 668 2590
f 2588 2589 2590
f 667 2591 2592
f 2591 86 2329
f 2329 602 2592
f 2591 2329 2592
f 602 2332 2594
f 2332 28 2593
f 2593 668 2594
f 2332 2593 2594
f 667 2592 2589
f 2592 602 2594
f 2594 668 2589
f 2592 2594 2589
f 85 2595 2323
f 2595 669 2596
f 2596 600 2323
f 2595 2596 2323
f 669 2597 2598
f 2597 109 2590
f 2590 668 2598
f 2597 2590 2598
f 668 2593 2599
f 2593 28 2325
f 2325 600 2599
f 2593 2325 2599
f 669 2598 2596
f 2598 668 2599
f 2599 600 2596
f 2598 2599 2596
f 110 2600 2602
f 2600 670 2601
f 2601 671 2602
f 2600 2601 2602
f 670 2603 2604
f 2603 99 2470
f 2470 638 2604
f 2603 2470 2604
f 638 2473 2606
f 2473 86 2605
f 2605 671 2606
f 2473 2605 2606
f 670 2604 2601
f 2604 638 2606
f 2606 671 2601
f 2604 2606 2601
f 109 2607 2588
f 2607 672 2608
f 2608 667 2588
f 2607 2608 2588
f 672 2609 2610
f 2609 110 2602
f 2602 671 2610
f 2609 2602 2610
f 671 2605 2611
f 2605 86 2591
f 2591 667 2611
f 2605 2591 2611
f 672 2610 2608
f 2610 671 2611
f 2611 667 2608
f 2610 2611 2608
f 110 2612 2600
f 2612 673 2613
f 2613 670 2600
f 2612 2613 2600
f 673 2614 2615
f 2614 100 2484
f 2484 641 2615
f 2614 2484 2615
f 641 2482 2616
f 2482 99 2603
f 2603 670 2616
f 2482 2603 2616
f 673 2615 2613
f 2615 641 2616
f 2616 670 2613
f 2615 2616 2613
f 100 2617 2487
f 2617 674 2618
f 2618 642 2487
f 2617 2618 2487
f 674 2619 2621
f 2619 111 2620
f 2620 675 2621
f 2619 2620 2621
f 675 2622 2623
f 2622 101 2489
f 2489 642 2623
f 2622 2489 2623
f 674 2621 2618
f 2621 675 2623
f 2623 642 2618
f 2621 2623 2618
f 112 2624 2626
f 2624 676 2625
f 2625 677 2626
f 2624 2625 2626
f 676 2627 2628
f 2627 88 2496
f 2496 644 2628
f 2627 2496 2628
f 644 2494 2630
f 2494 101 2629
f 2629 677 2630
f 2494 2629 2630
f 676 2628 2625
f 2628 644 2630
f 2630 677 2625
f 2628 2630 2625
f 111 2631 2620
f 2631 678 2632
f 2632 675 2620
f 2631 2632 2620
f 678 2633 2634
f 2633 112 2626
f 2626 677 2634
f 2633 2626 2634
f 677 2629 2635
f 2629 101 2622
f 2622 675 2635
f 2629 2622 2635
f 678 2634 2632
f 2634 677 2635
f 2635 675 2632
f 2634 2635 2632
f 112 2636 2624
f 2636 679 2637
f 2637 676 2624
f 2636 2637 2624
f 679 2638 2639
f 2638 102 2508
f 2508 647 2639
f 2638 2508 2639
f 647 2506 2640
f 2506 88 2627
f 2627 676 2640
f 2506 2627 2640
f 679 2639 2637
f 2639 647 2640
f 2640 676 2637
f 2639 2640 2637
f 102 2641 2499
f 2641 680 2642
f 2642 645 2499
f 2641 2642 2499
f 680 2643 2644
f 2643 53 2513
f 2513 648 2644
f 2643 2513 2644
f 648 2511 2645
f 2511 89 2502
f 2502 645 2645
f 2511 2502 2645
f 680 2644 2642
f 2644 648 2645
f 2645 645 2642
f 2644 2645 2642
f 79 2646 2263
f 2646 681 2647
f 2647 584 2263
f 2646 2647 2263
f 681 2648 2649
f 2648 104 2535
f 2535 654 2649
f 2648 2535 2649
f 654 2538 2650
f 2538 24 2266
f 2266 584 2650
f 2538 2266 2650
f 681 2649 2647
f 2649 654 2650
f 2650 584 2647
f 2649 2650 2647
f 113 2651 2653
f 2651 682 2652
f 2652 683 2653
f 2651 2652 2653
f 682 2654 2655
f 2654 80 2399
f 2399 619 2655
f 2654 2399 2655
f 619 2396 2657
f 2396 93 2656
f 2656 683 2657
f 2396 2656 2657
f 682 2655 2652
f 2655 619 2657
f 2657 683 2652
f 2655 2657 2652
f 113 2658 2651
f 2658 684 2659
f 2659 682 2651
f 2658 2659 2651
f 684 2660 2661
f 2660 40 2404
f 2404 621 2661
f 2660 2404 2661
f 621 2406 2662
f 2406 80 2654
f 2654 682 2662
f 2406 2654 2662
f 684 2661 2659
f 2661 621 2662
f 2662 682 2659
f 2661 2662 2659
f 114 2663 2665
f 2663 685 2664
f 2664 686 2665
f 2663 2664 2665
f 685 2666 2667
f 2666 72 2179
f 2179 563 2667
f 2666 2179 2667
f 563 2182 2669
f 2182 40 2668
f 2668 686 2669
f 2182 2668 2669
f 685 2667 2664
f 2667 563 2669
f 2669 686 2664
f 2667 2669 2664
f 114 2670 2663
f 2670 687 2671
f 2671 685 2663
f 2670 2671 2663
f 687 2672 2673
f 2672 81 2279
f 2279 589 2673
f 2672 2279 2673
f 589 2282 2674
f 2282 72 2666
f 2666 685 2674
f 2282 2666 2674
f 687 2673 2671
f 2673 589 2674
f 2674 685 2671
f 2673 2674 2671
f 105 2675 2545
f 2675 688 2676
f 2676 656 2545
f 2675 2676 2545
f 688 2677 2678
f 2677 106 2554
f 2554 659 2678
f 2677 2554 2678
f 659 2557 2679
f 2557 57 2548
f 2548 656 2679
f 2557 2548 2679
f 688 2678 2676
f 2678 659 2679
f 2679 656 2676
f 2678 2679 2676
f 115 2680 2682
f 2680 689 2681
f 2681 690 2682
f 2680 2681 2682
f 689 2683 2684
f 2683 108 2573
f 2573 664 2684
f 2683 2573 2684
f 664 2576 2686
f 2576 83 2685
f 2685 690 2686
f 2576 2685 2686
f 689 2684 2681
f 2684 664 2686
f 2686 690 2681
f 2684 2686 2681
f 116 2687 2689
f 2687 691 2688
f 2688 692 2689
f 2687 2688 2689
f 691 2690 2691
f 2690 110 2609
f 2609 672 2691
f 2690 2609 2691
f 672 2607 2693
f 2607 109 2692
f 2692 692 2693
f 2607 2692 2693
f 691 2691 2688
f 2691 672 2693
f 2693 692 2688
f 2691 2693 2688
f 116 2694 2687
f 2694 693 2695
f 2695 691 2687
f 2694 2695 2687
f 693 2696 2698
f 2696 117 2697
f 2697 694 2698
f 2696 2697 2698
f 694 2699 2700
f 2699 110 2690
f 2690 691 2700
f 2699 2690 2700
f 693 2698 2695
f 2698 694 2700
f 2700 691 2695
f 2698 2700 2695
f 117 2701 2697
f 2701 695 2702
f 2702 694 2697
f 2701 2702 2697
f 695 2703 2704
f 2703 100 2614
f 2614 673 2704
f 2703 2614 2704
f 673 2612 2705
f 2612 110 2699
f 2699 694 2705
f 2612 2699 2705
f 695 2704 2702
f 2704 673 2705
f 2705 694 2702
f 2704 2705 2702
f 118 2706 2708
f 2706 696 2707
f 2707 697 2708
f 2706 2707 2708
f 696 2709 2710
f 2709 111 2619
f 2619 674 2710
f 2709 2619 2710
f 674 2617 2712
f 2617 100 2711
f 2711 697 2712
f 2617 2711 2712
f 696 2710 2707
f 2710 674 2712
f 2712 697 2707
f 2710 2712 2707
f 117 2713 2701
f 2713 698 2714
f 2714 695 2701
f 2713 2714 2701
f 698 2715 2716
f 2715 118 2708
f 2708 697 2716
f 2715 2708 2716
f 697 2711 2717
f 2711 100 2703
f 2703 695 2717
f 2711 2703 2717
f 698 2716 2714
f 2716 697 2717
f 2717 695 2714
f 2716 2717 2714
f 118 2718 2706
f 2718 699 2719
f 2719 696 2706
f 2718 2719 2706
f 699 2720 2721
f 2720 112 2633
f 2633 678 2721
f 2720 2633 2721
f 678 2631 2722
f 2631 111 2709
f 2709 696 2722
f 2631 2709 2722
f 699 2721 2719
f 2721 678 2722
f 2722 696 2719
f 2721 2722 2719
f 118 2723 2718
f 2723 700 2724
f 2724 699 2718
f 2723 2724 2718
f 700 2725 2727
f 2725 119 2726
f 2726 701 2727
f 2725 2726 2727
f 701 2728 2729
f 2728 112 2720
f 2720 699 2729
f 2728 2720 2729
f 700 2727 2724
f 2727 701 2729
f 2729 699 2724
f 2727 2729 2724
f 112 2730 2636
f 2730 702 2731
f 2731 679 2636
f 2730 2731 2636
f 702 2732 2733
f 2732 53 2643
f 2643 680 2733
f 2732 2643 2733
f 680 2641 2734
f 2641 102 2638
f 2638 679 2734
f 2641 2638 2734
f 702 2733 2731
f 2733 680 2734
f 2734 679 2731
f 2733 2734 2731
f 120 2735 2737
f 2735 703 2736
f 2736 704 2737
f 2735 2736 2737
f 703 2738 2739
f 2738 70 2386
f 2386 616 2739
f 2738 2386 2739
f 616 2384 2741
f 2384 90 2740
f 2740 704 2741
f 2384 2740 2741
f 703 2739 2736
f 2739 616 2741
f 2741 704 2736
f 2739 2741 2736
f 120 2742 2735
f 2742 705 2743
f 2743 703 2735
f 2742 2743 2735
f 705 2744 2745
f 2744 103 2518
f 2518 650 2745
f 2744 2518 2745
f 650 2521 2746
f 2521 70 2738
f 2738 703 2746
f 2521 2738 2746
f 705 2745 2743
f 2745 650 2746
f 2746 703 2743
f 2745 2746 2743
f 121 2747 2749
f 2747 706 2748
f 2748 707 2749
f 2747 2748 2749
f 706 2750 2751
f 2750 79 2529
f 2529 652 2751
f 2750 2529 2751
f 652 2531 2753
f 2531 92 2752
f 2752 707 2753
f 2531 2752 2753
f 706 2751 2748
f 2751 652 2753
f 2753 707 2748
f 2751 2753 2748
f 122 2754 2756
f 2754 708 2755
f 2755 709 2756
f 2754 2755 2756
f 708 2757 2758
f 2757 93 2542
f 2542 655 2758
f 2757 2542 2758
f 655 2540 2760
f 2540 104 2759
f 2759 709 2760
f 2540 2759 2760
f 708 2758 2755
f 2758 655 2760
f 2760 709 2755
f 2758 2760 2755
f 122 2761 2754
f 2761 710 2762
f 2762 708 2754
f 2761 2762 2754
f 710 2763 2764
f 2763 113 2653
f 2653 683 2764
f 2763 2653 2764
f 683 2656 2765
f 2656 93 2757
f 2757 708 2765
f 2656 2757 2765
f 710 2764 2762
f 2764 683 2765
f 2765 708 2762
f 2764 2765 2762
f 113 2766 2658
f 2766 711 2767
f 2767 684 2658
f 2766 2767 2658
f 711 2768 2769
f 2768 114 2665
f 2665 686 2769
f 2768 2665 2769
f 686 2668 2770
f 2668 40 2660
f 2660 684 2770
f 2668 2660 2770
f 711 2769 2767
f 2769 686 2770
f 2770 684 2767
f 2769 2770 2767
f 123 2771 2773
f 2771 712 2772
f 2772 713 2773
f 2771 2772 2773
f 712 2774 2775
f 2774 81 2672
f 2672 687 2775
f 2774 2672 2775
f 687 2670 2777
f 2670 114 2776
f 2776 713 2777
f 2670 2776 2777
f 712 2775 2772
f 2775 687 2777
f 2777 713 2772
f 2775 2777 2772
f 123 2778 2771
f 2778 714 2779
f 2779 712 2771
f 2778 2779 2771
f 714 2780 2781
f 2780 94 2410
f 2410 623 2781
f 2780 2410 2781
f 623 2413 2782
f 2413 81 2774
f 2774 712 2782
f 2413 2774 2782
f 714 2781 2779
f 2781 623 2782
f 2782 712 2779
f 2781 2782 2779
f 105 2783 2675
f 2783 715 2784
f 2784 688 2675
f 2783 2784 2675
f 715 2785 2786
f 2785 107 2561
f 2561 660 2786
f 2785 2561 2786
f 660 2559 2787
f 2559 106 2677
f 2677 688 2787
f 2559 2677 2787
f 715 2786 2784
f 2786 660 2787
f 2787 688 2784
f 2786 2787 2784
f 124 2788 2790
f 2788 716 2789
f 2789 717 2790
f 2788 2789 2790
f 716 2791 2792
f 2791 97 2568
f 2568 662 2792
f 2791 2568 2792
f 662 2566 2794
f 2566 107 2793
f 2793 717 2794
f 2566 2793 2794
f 716 2792 2789
f 2792 662 2794
f 2794 717 2789
f 2792 2794 2789
f 125 2795 2797
f 2795 718 2796
f 2796 719 2797
f 2795 2796 2797
f 718 2798 2799
f 2798 83 2458
f 2458 634 2799
f 2798 2458 2799
f 634 2456 2801
f 2456 97 2800
f 2800 719 2801
f 2456 2800 2801
f 718 2799 2796
f 2799 634 2801
f 2801 719 2796
f 2799 2801 2796
f 124 2802 2788
f 2802 720 2803
f 2803 716 2788
f 2802 2803 2788
f 720 2804 2805
f 2804 125 2797
f 2797 719 2805
f 2804 2797 2805
f 719 2800 2806
f 2800 97 2791
f 2791 716 2806
f 2800 2791 2806
f 720 2805 2803
f 2805 719 2806
f 2806 716 2803
f 2805 2806 2803
f 125 2807 2795
f 2807 721 2808
f 2808 718 2795
f 2807 2808 2795
f 721 2809 2810
f 2809 115 2682
f 2682 690 2810
f 2809 2682 2810
f 690 2685 2811
f 2685 83 2798
f 2798 718 2811
f 2685 2798 2811
f 721 2810 2808
f 2810 690 2811
f 2811 718 2808
f 2810 2811 2808
f 84 2580 2813
f 2580 665 2812
f 2812 722 2813
f 2580 2812 2813
f 665 2578 2814
f 2578 61 2574
f 2574 663 2814
f 2578 2574 2814
f 663 2571 2816
f 2571 108 2815
f 2815 722 2816
f 2571 2815 2816
f 665 2814 2812
f 2814 663 2816
f 2816 722 2812
f 2814 2816 2812
f 126 2817 2819
f 2817 723 2818
f 2818 724 2819
f 2817 2818 2819
f 723 2820 2821
f 2820 62 2316
f 2316 597 2821
f 2820 2316 2821
f 597 2313 2823
f 2313 84 2822
f 2822 724 2823
f 2313 2822 2823
f 723 2821 2818
f 2821 597 2823
f 2823 724 2818
f 2821 2823 2818
f 127 2824 2826
f 2824 725 2825
f 2825 726 2826
f 2824 2825 2826
f 725 2827 2828
f 2827 65 2093
f 2093 540 2828
f 2827 2093 2828
f 540 2091 2830
f 2091 62 2829
f 2829 726 2830
f 2091 2829 2830
f 725 2828 2825
f 2828 540 2830
f 2830 726 2825
f 2828 2830 2825
f 126 2831 2817
f 2831 727 2832
f 2832 723 2817
f 2831 2832 2817
f 727 2833 2834
f 2833 127 2826
f 2826 726 2834
f 2833 2826 2834
f 726 2829 2835
f 2829 62 2820
f 2820 723 2835
f 2829 2820 2835
f 727 2834 2832
f 2834 726 2835
f 2835 723 2832
f 2834 2835 2832
f 128 2836 2838
f 2836 728 2837
f 2837 729 2838
f 2836 2837 2838
f 728 2839 2840
f 2839 66 2109
f 2109 545 2840
f 2839 2109 2840
f 545 2107 2842
f 2107 65 2841
f 2841 729 2842
f 2107 2841 2842
f 728 2840 2837
f 2840 545 2842
f 2842 729 2837
f 2840 2842 2837
f 127 2843 2824
f 2843 730 2844
f 2844 725 2824
f 2843 2844 2824
f 730 2845 2846
f 2845 128 2838
f 2838 729 2846
f 2845 2838 2846
f 729 2841 2847
f 2841 65 2827
f 2827 725 2847
f 2841 2827 2847
f 730 2846 2844
f 2846 729 2847
f 2847 725 2844
f 2846 2847 2844
f 98 2848 2586
f 2848 731 2849
f 2849 666 2586
f 2848 2849 2586
f 731 2850 2852
f 2850 129 2851
f 2851 732 2852
f 2850 2851 2852
f 732 2853 2854
f 2853 85 2584
f 2584 666 2854
f 2853 2584 2854
f 731 2852 2849
f 2852 732 2854
f 2854 666 2849
f 2852 2854 2849
f 130 2855 2857
f 2855 733 2856
f 2856 734 2857
f 2855 2856 2857
f 733 2858 2859
f 2858 109 2597
f 2597 669 2859
f 2858 2597 2859
f 669 2595 2861
f 2595 85 2860
f 2860 734 2861
f 2595 2860 2861
f 733 2859 2856
f 2859 669 2861
f 2861 734 2856
f 2859 2861 2856
f 130 2862 2855
f 2862 735 2863
f 2863 733 2855
f 2862 2863 2855
f 735 2864 2865
f 2864 116 2689
f 2689 692 2865
f 2864 2689 2865
f 692 2692 2866
f 2692 109 2858
f 2858 733 2866
f 2692 2858 2866
f 735 2865 2863
f 2865 692 2866
f 2866 733 2863
f 2865 2866 2863
f 130 2867 2862
f 2867 736 2868
f 2868 735 2862
f 2867 2868 2862
f 736 2869 2871
f 2869 131 2870
f 2870 737 2871
f 2869 2870 2871
f 737 2872 2873
f 2872 116 2864
f 2864 735 2873
f 2872 2864 2873
f 736 2871 2868
f 2871 737 2873
f 2873 735 2868
f 2871 2873 2868
f 131 2874 2870
f 2874 738 2875
f 2875 737 2870
f 2874 2875 2870
f 738 2876 2877
f 2876 117 2696
f 2696 693 2877
f 2876 2696 2877
f 693 2694 2878
f 2694 116 2872
f 2872 737 2878
f 2694 2872 2878
f 738 2877 2875
f 2877 693 2878
f 2878 737 2875
f 2877 2878 2875
f 132 2879 2881
f 2879 739 2880
f 2880 740 2881
f 2879 2880 2881
f 739 2882 2883
f 2882 118 2715
f 2715 698 2883
f 2882 2715 2883
f 698 2713 2885
f 2713 117 2884
f 2884 740 2885
f 2713 2884 2885
f 739 2883 2880
f 2883 698 2885
f 2885 740 2880
f 2883 2885 2880
f 133 2886 2888
f 2886 741 2887
f 2887 742 2888
f 2886 2887 2888
f 741 2889 2890
f 2889 119 2725
f 2725 700 2890
f 2889 2725 2890
f 700 2723 2892
f 2723 118 2891
f 2891 742 2892
f 2723 2891 2892
f 741 2890 2887
f 2890 700 2892
f 2892 742 2887
f 2890 2892 2887
f 132 2893 2879
f 2893 743 2894
f 2894 739 2879
f 2893 2894 2879
f 743 2895 2896
f 2895 133 2888
f 2888 742 2896
f 2895 2888 2896
f 742 2891 2897
f 2891 118 2882
f 2882 739 2897
f 2891 2882 2897
f 743 2896 2894
f 2896 742 2897
f 2897 739 2894
f 2896 2897 2894
f 119 2898 2726
f 2898 744 2899
f 2899 701 2726
f 2898 2899 2726
f 744 2900 2901
f 2900 53 2732
f 2732 702 2901
f 2900 2732 2901
f 702 2730 2902
f 2730 112 2728
f 2728 701 2902
f 2730 2728 2902
f 744 2901 2899
f 2901 702 2902
f 2902 701 2899
f 2901 2902 2899
f 134 2903 2905
f 2903 745 2904
f 2904 746 2905
f 2903 2904 2905
f 745 2906 2907
f 2906 92 2525
f 2525 651 2907
f 2906 2525 2907
f 651 2523 2909
f 2523 103 2908
f 2908 746 2909
f 2523 2908 2909
f 745 2907 2904
f 2907 651 2909
f 2909 746 2904
f 2907 2909 2904
f 135 2910 2912
f 2910 747 2911
f 2911 748 2912
f 2910 2911 2912
f 747 2913 2914
f 2913 94 2780
f 2780 714 2914
f 2913 2780 2914
f 714 2778 2916
f 2778 123 2915
f 2915 748 2916
f 2778 2915 2916
f 747 2914 2911
f 2914 714 2916
f 2916 748 2911
f 2914 2916 2911
f 136 2917 2919
f 2917 749 2918
f 2918 750 2919
f 2917 2918 2919
f 749 2920 2921
f 2920 95 2424
f 2424 626 2921
f 2920 2424 2921
f 626 2422 2923
f 2422 94 2922
f 2922 750 2923
f 2422 2922 2923
f 749 2921 2918
f 2921 626 2923
f 2923 750 2918
f 2921 2923 2918
f 135 2924 2910
f 2924 751 2925
f 2925 747 2910
f 2924 2925 2910
f 751 2926 2927
f 2926 136 2919
f 2919 750 2927
f 2926 2919 2927
f 750 2922 2928
f 2922 94 2913
f 2913 747 2928
f 2922 2913 2928
f 751 2927 2925
f 2927 750 2928
f 2928 747 2925
f 2927 2928 2925
f 136 2929 2917
f 2929 752 2930
f 2930 749 2917
f 2929 2930 2917
f 752 2931 2932
f 2931 105 2547
f 2547 657 2932
f 2931 2547 2932
f 657 2550 2933
f 2550 95 2920
f 2920 749 2933
f 2550 2920 2933
f 752 2932 2930
f 2932 657 2933
f 2933 749 2930
f 2932 2933 2930
f 137 2934 2936
f 2934 753 2935
f 2935 754 2936
f 2934 2935 2936
f 753 2937 2938
f 2937 98 2463
f 2463 636 2938
f 2937 2463 2938
f 636 2466 2940
f 2466 66 2939
f 2939 754 2940
f 2466 2939 2940
f 753 2938 2935
f 2938 636 2940
f 2940 754 2935
f 2938 2940 2935
f 128 2941 2836
f 2941 755 2942
f 2942 728 2836
f 2941 2942 2836
f 755 2943 2944
f 2943 137 2936
f 2936 754 2944
f 2943 2936 2944
f 754 2939 2945
f 2939 66 2839
f 2839 728 2945
f 2939 2839 2945
f 755 2944 2942
f 2944 754 2945
f 2945 728 2942
f 2944 2945 2942
f 138 2946 2948
f 2946 756 2947
f 2947 757 2948
f 2946 2947 2948
f 756 2949 2950
f 2949 131 2869
f 2869 736 2950
f 2949 2869 2950
f 736 2867 2952
f 2867 130 2951
f 2951 757 2952
f 2867 2951 2952
f 756 2950 2947
f 2950 736 2952
f 2952 757 2947
f 2950 2952 2947
f 139 2953 2955
f 2953 758 2954
f 2954 759 2955
f 2953 2954 2955
f 758 2956 2957
f 2956 117 2876
f 2876 738 2957
f 2956 2876 2957
f 738 2874 2959
f 2874 131 2958
f 2958 759 2959
f 2874 2958 2959
f 758 2957 2954
f 2957 738 2959
f 2959 759 2954
f 2957 2959 2954
f 138 2960 2946
f 2960 760 2961
f 2961 756 2946
f 2960 2961 2946
f 760 2962 2963
f 2962 139 2955
f 2955 759 2963
f 2962 2955 2963
f 759 2958 2964
f 2958 131 2949
f 2949 756 2964
f 2958 2949 2964
f 760 2963 2961
f 2963 759 2964
f 2964 756 2961
f 2963 2964 2961
f 139 2965 2953
f 2965 761 2966
f 2966 758 2953
f 2965 2966 2953
f 761 2967 2969
f 2967 140 2968
f 2968 762 2969
f 2967 2968 2969
f 762 2970 2971
f 2970 117 2956
f 2956 758 2971
f 2970 2956 2971
f 761 2969 2966
f 2969 762 2971
f 2971 758 2966
f 2969 2971 2966
f 140 2972 2968
f 2972 763 2973
f 2973 762 2968
f 2972 2973 2968
f 763 2974 2975
f 2974 132 2881
f 2881 740 2975
f 2974 2881 2975
f 740 2884 2976
f 2884 117 2970
f 2970 762 2976
f 2884 2970 2976
f 763 2975 2973
f 2975 740 2976
f 2976 762 2973
f 2975 2976 2973
f 141 2977 2979
f 2977 764 2978
f 2978 765 2979
f 2977 2978 2979
f 764 2980 2981
f 2980 133 2895
f 2895 743 2981
f 2980 2895 2981
f 743 2893 2983
f 2893 132 2982
f 2982 765 2983
f 2893 2982 2983
f 764 2981 2978
f 2981 743 2983
f 2983 765 2978
f 2981 2983 2978
f 133 2984 2886
f 2984 766 2985
f 2985 741 2886
f 2984 2985 2886
f 766 2986 2987
f 2986 53 2900
f 2900 744 2987
f 2986 2900 2987
f 744 2898 2988
f 2898 119 2889
f 2889 741 2988
f 2898 2889 2988
f 766 2987 2985
f 2987 744 2988
f 2988 741 2985
f 2987 2988 2985
f 142 2989 2991
f 2989 767 2990
f 2990 768 2991
f 2989 2990 2991
f 767 2992 2993
f 2992 103 2744
f 2744 705 2993
f 2992 2744 2993
f 705 2742 2995
f 2742 120 2994
f 2994 768 2995
f 2742 2994 2995
f 767 2993 2990
f 2993 705 2995
f 2995 768 2990
f 2993 2995 2990
f 142 2996 2989
f 2996 769 2997
f 2997 767 2989
f 2996 2997 2989
f 769 2998 2999
f 2998 134 2905
f 2905 746 2999
f 2998 2905 2999
f 746 2908 3000
f 2908 103 2992
f 2992 767 3000
f 2908 2992 3000
f 769 2999 2997
f 2999 746 3000
f 3000 767 2997
f 2999 3000 2997
f 121 2749 3002
f 2749 707 3001
f 3001 770 3002
f 2749 3001 3002
f 707 2752 3003
f 2752 92 2906
f 2906 745 3003
f 2752 2906 3003
f 745 2903 3005
f 2903 134 3004
f 3004 770 3005
f 2903 3004 3005
f 707 3003 3001
f 3003 745 3005
f 3005 770 3001
f 3003 3005 3001
f 143 3006 3008
f 3006 771 3007
f 3007 772 3008
f 3006 3007 3008
f 771 3009 3010
f 3009 104 2648
f 2648 681 3010
f 3009 2648 3010
f 681 2646 3012
f 2646 79 3011
f 3011 772 3012
f 2646 3011 3012
f 771 3010 3007
f 3010 681 3012
f 3012 772 3007
f 3010 3012 3007
f 143 3013 3006
f 3013 773 3014
f 3014 771 3006
f 3013 3014 3006
f 773 3015 3016
f 3015 122 2756
f 2756 709 3016
f 3015 2756 3016
f 709 2759 3017
f 2759 104 3009
f 3009 771 3017
f 2759 3009 3017
f 773 3016 3014
f 3016 709 3017
f 3017 771 3014
f 3016 3017 3014
f 113 3018 2766
f 3018 774 3019
f 3019 711 2766
f 3018 3019 2766
f 774 3020 3022
f 3020 144 3021
f 3021 775 3022
f 3020 3021 3022
f 775 3023 3024
f 3023 114 2768
f 2768 711 3024
f 3023 2768 3024
f 774 3022 3019
f 3022 775 3024
f 3024 711 3019
f 3022 3024 3019
f 144 3025 3021
f 3025 776 3026
f 3026 775 3021
f 3025 3026 3021
f 776 3027 3028
f 3027 123 2773
f 2773 713 3028
f 3027 2773 3028
f 713 2776 3029
f 2776 114 3023
f 3023 775 3029
f 2776 3023 3029
f 776 3028 3026
f 3028 713 3029
f 3029 775 3026
f 3028 3029 3026
f 145 3030 3032
f 3030 777 3031
f 3031 778 3032
f 3030 3031 3032
f 777 3033 3034
f 3033 105 2931
f 2931 752 3034
f 3033 2931 3034
f 752 2929 3036
f 2929 136 3035
f 3035 778 3036
f 2929 3035 3036
f 777 3034 3031
f 3034 752 3036
f 3036 778 3031
f 3034 3036 3031
f 146 3037 3039
f 3037 779 3038
f 3038 780 3039
f 3037 3038 3039
f 779 3040 3041
f 3040 107 2785
f 2785 715 3041
f 3040 2785 3041
f 715 2783 3043
f 2783 105 3042
f 3042 780 3043
f 2783 3042 3043
f 779 3041 3038
f 3041 715 3043
f 3043 780 3038
f 3041 3043 3038
f 146 3044 3037
f 3044 781 3045
f 3045 779 3037
f 3044 3045 3037
f 781 3046 3048
f 3046 147 3047
f 3047 782 3048
f 3046 3047 3048
f 782 3049 3050
f 3049 107 3040
f 3040 779 3050
f 3049 3040 3050
f 781 3048 3045
f 3048 782 3050
f 3050 779 3045
f 3048 3050 3045
f 148 3051 3053
f 3051 783 3052
f 3052 784 3053
f 3051 3052 3053
f 783 3054 3055
f 3054 124 2790
f 2790 717 3055
f 3054 2790 3055
f 717 2793 3057
f 2793 107 3056
f 3056 784 3057
f 2793 3056 3057
f 783 3055 3052
f 3055 717 3057
f 3057 784 3052
f 3055 3057 3052
f 147 3058 3047
f 3058 785 3059
f 3059 782 3047
f 3058 3059 3047
f 785 3060 3061
f 3060 148 3053
f 3053 784 3061
f 3060 3053 3061
f 784 3056 3062
f 3056 107 3049
f 3049 782 3062
f 3056 3049 3062
f 785 3061 3059
f 3061 784 3062
f 3062 782 3059
f 3061 3062 3059
f 148 3063 3051
f 3063 786 3064
f 3064 783 3051
f 3063 3064 3051
f 786 3065 3066
f 3065 125 2804
f 2804 720 3066
f 3065 2804 3066
f 720 2802 3067
f 2802 124 3054
f 3054 783 3067
f 2802 3054 3067
f 786 3066 3064
f 3066 720 3067
f 3067 783 3064
f 3066 3067 3064
f 149 3068 3070
f 3068 787 3069
f 3069 788 3070
f 3068 3069 3070
f 787 3071 3072
f 3071 115 2809
f 2809 721 3072
f 3071 2809 3072
f 721 2807 3074
f 2807 125 3073
f 3073 788 3074
f 2807 3073 3074
f 787 3072 3069
f 3072 721 3074
f 3074 788 3069
f 3072 3074 3069
f 149 3075 3068
f 3075 789 3076
f 3076 787 3068
f 3075 3076 3068
f 789 3077 3078
f 3077 108 2683
f 2683 689 3078
f 3077 2683 3078
f 689 2680 3079
f 2680 115 3071
f 3071 787 3079
f 2680 3071 3079
f 789 3078 3076
f 3078 689 3079
f 3079 787 3076
f 3078 3079 3076
f 129 2850 3081
f 2850 731 3080
f 3080 790 3081
f 2850 3080 3081
f 731 2848 3082
f 2848 98 2937
f 2937 753 3082
f 2848 2937 3082
f 753 2934 3084
f 2934 137 3083
f 3083 790 3084
f 2934 3083 3084
f 731 3082 3080
f 3082 753 3084
f 3084 790 3080
f 3082 3084 3080
f 150 3085 3087
f 3085 791 3086
f 3086 792 3087
f 3085 3086 3087
f 791 3088 3089
f 3088 130 2857
f 2857 734 3089
f 3088 2857 3089
f 734 2860 3091
f 2860 85 3090
f 3090 792 3091
f 2860 3090 3091
f 791 3089 3086
f 3089 734 3091
f 3091 792 3086
f 3089 3091 3086
f 129 3092 2851
f 3092 793 3093
f 3093 732 2851
f 3092 3093 2851
f 793 3094 3095
f 3094 150 3087
f 3087 792 3095
f 3094 3087 3095
f 792 3090 3096
f 3090 85 2853
f 2853 732 3096
f 3090 2853 3096
f 793 3095 3093
f 3095 792 3096
f 3096 732 3093
f 3095 3096 3093
f 151 3097 3099
f 3097 794 3098
f 3098 795 3099
f 3097 3098 3099
f 794 3100 3101
f 3100 138 2948
f 2948 757 3101
f 3100 2948 3101
f 757 2951 3103
f 2951 130 3102
f 3102 795 3103
f 2951 3102 3103
f 794 3101 3098
f 3101 757 3103
f 3103 795 3098
f 3101 3103 3098
f 150 3104 3085
f 3104 796 3105
f 3105 791 3085
f 3104 3105 3085
f 796 3106 3107
f 3106 151 3099
f 3099 795 3107
f 3106 3099 3107
f 795 3102 3108
f 3102 130 3088
f 3088 791 3108
f 3102 3088 3108
f 796 3107 3105
f 3107 795 3108
f 3108 791 3105
f 3107 3108 3105
f 151 3109 3097
f 3109 797 3110
f 3110 794 3097
f 3109 3110 3097
f 797 3111 3112
f 3111 139 2962
f 2962 760 3112
f 3111 2962 3112
f 760 2960 3113
f 2960 138 3100
f 3100 794 3113
f 2960 3100 3113
f 797 3112 3110
f 3112 760 3113
f 3113 794 3110
f 3112 3113 3110
f 139 3114 2965
f 3114 798 3115
f 3115 761 2965
f 3114 3115 2965
f 798 3116 3118
f 3116 152 3117
f 3117 799 3118
f 3116 3117 3118
f 799 3119 3120
f 3119 140 2967
f 2967 761 3120
f 3119 2967 3120
f 798 3118 3115
f 3118 799 3120
f 3120 761 3115
f 3118 3120 3115
f 153 3121 3123
f 3121 800 3122
f 3122 801 3123
f 3121 3122 3123
f 800 3124 3125
f 3124 132 2974
f 2974 763 3125
f 3124 2974 3125
f 763 2972 3127
f 2972 140 3126
f 3126 801 3127
f 2972 3126 3127
f 800 3125 3122
f 3125 763 3127
f 3127 801 3122
f 3125 3127 3122
f 152 3128 3117
f 3128 802 3129
f 3129 799 3117
f 3128 3129 3117
f 802 3130 3131
f 3130 153 3123
f 3123 801 3131
f 3130 3123 3131
f 801 3126 3132
f 3126 140 3119
f 3119 799 3132
f 3126 3119 3132
f 802 3131 3129
f 3131 801 3132
f 3132 799 3129
f 3131 3132 3129
f 153 3133 3121
f 3133 803 3134
f 3134 800 3121
f 3133 3134 3121
f 803 3135 3136
f 3135 141 2979
f 2979 765 3136
f 3135 2979 3136
f 765 2982 3137
f 2982 132 3124
f 3124 800 3137
f 2982 3124 3137
f 803 3136 3134
f 3136 765 3137
f 3137 800 3134
f 3136 3137 3134
f 141 3138 2977
f 3138 804 3139
f 3139 764 2977
f 3138 3139 2977
f 804 3140 3141
f 3140 53 2986
f 2986 766 3141
f 3140 2986 3141
f 766 2984 3142
f 2984 133 2980
f 2980 764 3142
f 2984 2980 3142
f 804 3141 3139
f 3141 766 3142
f 3142 764 3139
f 3141 3142 3139
f 121 3143 2747
f 3143 805 3144
f 3144 706 2747
f 3143 3144 2747
f 805 3145 3146
f 3145 143 3008
f 3008 772 3146
f 3145 3008 3146
f 772 3011 3147
f 3011 79 2750
f 2750 706 3147
f 3011 2750 3147
f 805 3146 3144
f 3146 772 3147
f 3147 706 3144
f 3146 3147 3144
f 154 3148 3150
f 3148 806 3149
f 3149 807 3150
f 3148 3149 3150
f 806 3151 3152
f 3151 144 3020
f 3020 774 3152
f 3151 3020 3152
f 774 3018 3154
f 3018 113 3153
f 3153 807 3154
f 3018 3153 3154
f 806 3152 3149
f 3152 774 3154
f 3154 807 3149
f 3152 3154 3149
f 155 3155 3157
f 3155 808 3156
f 3156 809 3157
f 3155 3156 3157
f 808 3158 3159
f 3158 123 3027
f 3027 776 3159
f 3158 3027 3159
f 776 3025 3161
f 3025 144 3160
f 3160 809 3161
f 3025 3160 3161
f 808 3159 3156
f 3159 776 3161
f 3161 809 3156
f 3159 3161 3156
f 155 3162 3155
f 3162 810 3163
f 3163 808 3155
f 3162 3163 3155
f 810 3164 3165
f 3164 135 2912
f 2912 748 3165
f 3164 2912 3165
f 748 2915 3166
f 2915 123 3158
f 3158 808 3166
f 2915 3158 3166
f 810 3165 3163
f 3165 748 3166
f 3166 808 3163
f 3165 3166 3163
f 145 3167 3030
f 3167 811 3168
f 3168 777 3030
f 3167 3168 3030
f 811 3169 3170
f 3169 146 3039
f 3039 780 3170
f 3169 3039 3170
f 780 3042 3171
f 3042 105 3033
f 3033 777 3171
f 3042 3033 3171
f 811 3170 3168
f 3170 780 3171
f 3171 777 3168
f 3170 3171 3168
f 156 3172 3174
f 3172 812 3173
f 3173 813 3174
f 3172 3173 3174
f 812 3175 3176
f 3175 125 3065
f 3065 786 3176
f 3175 3065 3176
f 786 3063 3178
f 3063 148 3177
f 3177 813 3178
f 3063 3177 3178
f 812 3176 3173
f 3176 786 3178
f 3178 813 3173
f 3176 3178 3173
f 156 3179 3172
f 3179 814 3180
f 3180 812 3172
f 3179 3180 3172
f 814 3181 3182
f 3181 149 3070
f 3070 788 3182
f 3181 3070 3182
f 788 3073 3183
f 3073 125 3175
f 3175 812 3183
f 3073 3175 3183
f 814 3182 3180
f 3182 788 3183
f 3183 812 3180
f 3182 3183 3180
f 157 3184 3186
f 3184 815 3185
f 3185 816 3186
f 3184 3185 3186
f 815 3187 3188
f 3187 108 3077
f 3077 789 3188
f 3187 3077 3188
f 789 3075 3190
f 3075 149 3189
f 3189 816 3190
f 3075 3189 3190
f 815 3188 3185
f 3188 789 3190
f 3190 816 3185
f 3188 3190 3185
f 158 3191 3193
f 3191 817 3192
f 3192 818 3193
f 3191 3192 3193
f 817 3194 3195
f 3194 151 3106
f 3106 796 3195
f 3194 3106 3195
f 796 3104 3197
f 3104 150 3196
f 3196 818 3197
f 3104 3196 3197
f 817 3195 3192
f 3195 796 3197
f 3197 818 3192
f 3195 3197 3192
f 158 3198 3191
f 3198 819 3199
f 3199 817 3191
f 3198 3199 3191
f 819 3200 3202
f 3200 159 3201
f 3201 820 3202
f 3200 3201 3202
f 820 3203 3204
f 3203 151 3194
f 3194 817 3204
f 3203 3194 3204
f 819 3202 3199
f 3202 820 3204
f 3204 817 3199
f 3202 3204 3199
f 159 3205 3201
f 3205 821 3206
f 3206 820 3201
f 3205 3206 3201
f 821 3207 3208
f 3207 139 3111
f 3111 797 3208
f 3207 3111 3208
f 797 3109 3209
f 3109 151 3203
f 3203 820 3209
f 3109 3203 3209
f 821 3208 3206
f 3208 797 3209
f 3209 820 3206
f 3208 3209 3206
f 160 3210 3212
f 3210 822 3211
f 3211 823 3212
f 3210 3211 3212
f 822 3213 3214
f 3213 152 3116
f 3116 798 3214
f 3213 3116 3214
f 798 3114 3216
f 3114 139 3215
f 3215 823 3216
f 3114 3215 3216
f 822 3214 3211
f 3214 798 3216
f 3216 823 3211
f 3214 3216 3211
f 159 3217 3205
f 3217 824 3218
f 3218 821 3205
f 3217 3218 3205
f 824 3219 3220
f 3219 160 3212
f 3212 823 3220
f 3219 3212 3220
f 823 3215 3221
f 3215 139 3207
f 3207 821 3221
f 3215 3207 3221
f 824 3220 3218
f 3220 823 3221
f 3221 821 3218
f 3220 3221 3218
f 160 3222 3210
f 3222 825 3223
f 3223 822 3210
f 3222 3223 3210
f 825 3224 3225
f 3224 153 3130
f 3130 802 3225
f 3224 3130 3225
f 802 3128 3226
f 3128 152 3213
f 3213 822 3226
f 3128 3213 3226
f 825 3225 3223
f 3225 802 3226
f 3226 822 3223
f 3225 3226 3223
f 160 3227 3222
f 3227 826 3228
f 3228 825 3222
f 3227 3228 3222
f 826 3229 3231
f 3229 161 3230
f 3230 827 3231
f 3229 3230 3231
f 827 3232 3233
f 3232 153 3224
f 3224 825 3233
f 3232 3224 3233
f 826 3231 3228
f 3231 827 3233
f 3233 825 3228
f 3231 3233 3228
f 153 3234 3133
f 3234 828 3235
f 3235 803 3133
f 3234 3235 3133
f 828 3236 3237
f 3236 53 3140
f 3140 804 3237
f 3236 3140 3237
f 804 3138 3238
f 3138 141 3135
f 3135 803 3238
f 3138 3135 3238
f 828 3237 3235
f 3237 804 3238
f 3238 803 3235
f 3237 3238 3235
f 162 3239 3241
f 3239 829 3240
f 3240 830 3241
f 3239 3240 3241
f 829 3242 3243
f 3242 121 3002
f 3002 770 3243
f 3242 3002 3243
f 770 3004 3245
f 3004 134 3244
f 3244 830 3245
f 3004 3244 3245
f 829 3243 3240
f 3243 770 3245
f 3245 830 3240
f 3243 3245 3240
f 163 3246 3248
f 3246 831 3247
f 3247 832 3248
f 3246 3247 3248
f 831 3249 3250
f 3249 122 3015
f 3015 773 3250
f 3249 3015 3250
f 773 3013 3252
f 3013 143 3251
f 3251 832 3252
f 3013 3251 3252
f 831 3250 3247
f 3250 773 3252
f 3252 832 3247
f 3250 3252 3247
f 163 3253 3246
f 3253 833 3254
f 3254 831 3246
f 3253 3254 3246
f 833 3255 3256
f 3255 113 2763
f 2763 710 3256
f 3255 2763 3256
f 710 2761 3257
f 2761 122 3249
f 3249 831 3257
f 2761 3249 3257
f 833 3256 3254
f 3256 710 3257
f 3257 831 3254
f 3256 3257 3254
f 145 3258 3167
f 3258 834 3259
f 3259 811 3167
f 3258 3259 3167
f 834 3260 3262
f 3260 164 3261
f 3261 835 3262
f 3260 3261 3262
f 835 3263 3264
f 3263 146 3169
f 3169 811 3264
f 3263 3169 3264
f 834 3262 3259
f 3262 835 3264
f 3264 811 3259
f 3262 3264 3259
f 164 3265 3261
f 3265 836 3266
f 3266 835 3261
f 3265 3266 3261
f 836 3267 3268
f 3267 147 3046
f 3046 781 3268
f 3267 3046 3268
f 781 3044 3269
f 3044 146 3263
f 3263 835 3269
f 3044 3263 3269
f 836 3268 3266
f 3268 781 3269
f 3269 835 3266
f 3268 3269 3266
f 164 3270 3265
f 3270 837 3271
f 3271 836 3265
f 3270 3271 3265
f 837 3272 3273
f 3272 148 3060
f 3060 785 3273
f 3272 3060 3273
f 785 3058 3274
f 3058 147 3267
f 3267 836 3274
f 3058 3267 3274
f 837 3273 3271
f 3273 785 3274
f 3274 836 3271
f 3273 3274 3271
f 157 3275 3184
f 3275 838 3276
f 3276 815 3184
f 3275 3276 3184
f 838 3277 3278
f 3277 84 2813
f 2813 722 3278
f 3277 2813 3278
f 722 2815 3279
f 2815 108 3187
f 3187 815 3279
f 2815 3187 3279
f 838 3278 3276
f 3278 722 3279
f 3279 815 3276
f 3278 3279 3276
f 165 3280 3282
f 3280 839 3281
f 3281 840 3282
f 3280 3281 3282
f 839 3283 3284
f 3283 126 2819
f 2819 724 3284
f 3283 2819 3284
f 724 2822 3286
f 2822 84 3285
f 3285 840 3286
f 2822 3285 3286
f 839 3284 3281
f 3284 724 3286
f 3286 840 3281
f 3284 3286 3281
f 165 3287 3280
f 3287 841 3288
f 3288 839 3280
f 3287 3288 3280
f 841 3289 3290
f 3289 127 2833
f 2833 727 3290
f 3289 2833 3290
f 727 2831 3291
f 2831 126 3283
f 3283 839 3291
f 2831 3283 3291
f 841 3290 3288
f 3290 727 3291
f 3291 839 3288
f 3290 3291 3288
f 166 3292 3294
f 3292 842 3293
f 3293 843 3294
f 3292 3293 3294
f 842 3295 3296
f 3295 137 2943
f 2943 755 3296
f 3295 2943 3296
f 755 2941 3298
f 2941 128 3297
f 3297 843 3298
f 2941 3297 3298
f 842 3296 3293
f 3296 755 3298
f 3298 843 3293
f 3296 3298 3293
f 167 3299 3301
f 3299 844 3300
f 3300 845 3301
f 3299 3300 3301
f 844 3302 3303
f 3302 129 3081
f 3081 790 3303
f 3302 3081 3303
f 790 3083 3305
f 3083 137 3304
f 3304 845 3305
f 3083 3304 3305
f 844 3303 3300
f 3303 790 3305
f 3305 845 3300
f 3303 3305 3300
f 168 3306 3308
f 3306 846 3307
f 3307 847 3308
f 3306 3307 3308
f 846 3309 3310
f 3309 150 3094
f 3094 793 3310
f 3309 3094 3310
f 793 3092 3312
f 3092 129 3311
f 3311 847 3312
f 3092 3311 3312
f 846 3310 3307
f 3310 793 3312
f 3312 847 3307
f 3310 3312 3307
f 168 3313 3306
f 3313 848 3314
f 3314 846 3306
f 3313 3314 3306
f 848 3315 3316
f 3315 158 3193
f 3193 818 3316
f 3315 3193 3316
f 818 3196 3317
f 3196 150 3309
f 3309 846 3317
f 3196 3309 3317
f 848 3316 3314
f 3316 818 3317
f 3317 846 3314
f 3316 3317 3314
f 168 3318 3313
f 3318 849 3319
f 3319 848 3313
f 3318 3319 3313
f 849 3320 3322
f 3320 169 3321
f 3321 850 3322
f 3320 3321 3322
f 850 3323 3324
f 3323 158 3315
f 3315 848 3324
f 3323 3315 3324
f 849 3322 3319
f 3322 850 3324
f 3324 848 3319
f 3322 3324 3319
f 169 3325 3321
f 3325 851 3326
f 3326 850 3321
f 3325 3326 3321
f 851 3327 3328
f 3327 159 3200
f 3200 819 3328
f 3327 3200 3328
f 819 3198 3329
f 3198 158 3323
f 3323 850 3329
f 3198 3323 3329
f 851 3328 3326
f 3328 819 3329
f 3329 850 3326
f 3328 3329 3326
f 170 3330 3332
f 3330 852 3331
f 3331 853 3332
f 3330 3331 3332
f 852 3333 3334
f 3333 160 3219
f 3219 824 3334
f 3333 3219 3334
f 824 3217 3336
f 3217 159 3335
f 3335 853 3336
f 3217 3335 3336
f 852 3334 3331
f 3334 824 3336
f 3336 853 3331
f 3334 3336 3331
f 171 3337 3339
f 3337 854 3338
f 3338 855 3339
f 3337 3338 3339
f 854 3340 3341
f 3340 161 3229
f 3229 826 3341
f 3340 3229 3341
f 826 3227 3343
f 3227 160 3342
f 3342 855 3343
f 3227 3342 3343
f 854 3341 3338
f 3341 826 3343
f 3343 855 3338
f 3341 3343 3338
f 170 3344 3330
f 3344 856 3345
f 3345 852 3330
f 3344 3345 3330
f 856 3346 3347
f 3346 171 3339
f 3339 855 3347
f 3346 3339 3347
f 855 3342 3348
f 3342 160 3333
f 3333 852 3348
f 3342 3333 3348
f 856 3347 3345
f 3347 855 3348
f 3348 852 3345
f 3347 3348 3345
f 161 3349 3230
f 3349 857 3350
f 3350 827 3230
f 3349 3350 3230
f 857 3351 3352
f 3351 53 3236
f 3236 828 3352
f 3351 3236 3352
f 828 3234 3353
f 3234 153 3232
f 3232 827 3353
f 3234 3232 3353
f 857 3352 3350
f 3352 828 3353
f 3353 827 3350
f 3352 3353 3350
f 172 3354 3356
f 3354 858 3355
f 3355 859 3356
f 3354 3355 3356
f 858 3357 3358
f 3357 90 2377
f 2377 615 3358
f 3357 2377 3358
f 615 2382 3360
f 2382 91 3359
f 3359 859 3360
f 2382 3359 3360
f 858 3358 3355
f 3358 615 3360
f 3360 859 3355
f 3358 3360 3355
f 173 3361 3363
f 3361 860 3362
f 3362 861 3363
f 3361 3362 3363
f 860 3364 3365
f 3364 120 2737
f 2737 704 3365
f 3364 2737 3365
f 704 2740 3367
f 2740 90 3366
f 3366 861 3367
f 2740 3366 3367
f 860 3365 3362
f 3365 704 3367
f 3367 861 3362
f 3365 3367 3362
f 172 3368 3354
f 3368 862 3369
f 3369 858 3354
f 3368 3369 3354
f 862 3370 3371
f 3370 173 3363
f 3363 861 3371
f 3370 3363 3371
f 861 3366 3372
f 3366 90 3357
f 3357 858 3372
f 3366 3357 3372
f 862 3371 3369
f 3371 861 3372
f 3372 858 3369
f 3371 3372 3369
f 173 3373 3361
f 3373 863 3374
f 3374 860 3361
f 3373 3374 3361
f 863 3375 3376
f 3375 142 2991
f 2991 768 3376
f 3375 2991 3376
f 768 2994 3377
f 2994 120 3364
f 3364 860 3377
f 2994 3364 3377
f 863 3376 3374
f 3376 768 3377
f 3377 860 3374
f 3376 3377 3374
f 174 3378 3380
f 3378 864 3379
f 3379 865 3380
f 3378 3379 3380
f 864 3381 3382
f 3381 134 2998
f 2998 769 3382
f 3381 2998 3382
f 769 2996 3384
f 2996 142 3383
f 3383 865 3384
f 2996 3383 3384
f 864 3382 3379
f 3382 769 3384
f 3384 865 3379
f 3382 3384 3379
f 175 3385 3387
f 3385 866 3386
f 3386 867 3387
f 3385 3386 3387
f 866 3388 3389
f 3388 135 3164
f 3164 810 3389
f 3388 3164 3389
f 810 3162 3391
f 3162 155 3390
f 3390 867 3391
f 3162 3390 3391
f 866 3389 3386
f 3389 810 3391
f 3391 867 3386
f 3389 3391 3386
f 176 3392 3394
f 3392 868 3393
f 3393 869 3394
f 3392 3393 3394
f 868 3395 3396
f 3395 136 2926
f 2926 751 3396
f 3395 2926 3396
f 751 2924 3398
f 2924 135 3397
f 3397 869 3398
f 2924 3397 3398
f 868 3396 3393
f 3396 751 3398
f 3398 869 3393
f 3396 3398 3393
f 175 3399 3385
f 3399 870 3400
f 3400 866 3385
f 3399 3400 3385
f 870 3401 3402
f 3401 176 3394
f 3394 869 3402
f 3401 3394 3402
f 869 3397 3403
f 3397 135 3388
f 3388 866 3403
f 3397 3388 3403
f 870 3402 3400
f 3402 869 3403
f 3403 866 3400
f 3402 3403 3400
f 176 3404 3392
f 3404 871 3405
f 3405 868 3392
f 3404 3405 3392
f 871 3406 3407
f 3406 145 3032
f 3032 778 3407
f 3406 3032 3407
f 778 3035 3408
f 3035 136 3395
f 3395 868 3408
f 3035 3395 3408
f 871 3407 3405
f 3407 778 3408
f 3408 868 3405
f 3407 3408 3405
f 177 3409 3411
f 3409 872 3410
f 3410 873 3411
f 3409 3410 3411
f 872 3412 3413
f 3412 164 3260
f 3260 834 3413
f 3412 3260 3413
f 834 3258 3415
f 3258 145 3414
f 3414 873 3415
f 3258 3414 3415
f 872 3413 3410
f 3413 834 3415
f 3415 873 3410
f 3413 3415 3410
f 177 3416 3409
f 3416 874 3417
f 3417 872 3409
f 3416 3417 3409
f 874 3418 3419
f 3418 148 3272
f 3272 837 3419
f 3418 3272 3419
f 837 3270 3420
f 3270 164 3412
f 3412 872 3420
f 3270 3412 3420
f 874 3419 3417
f 3419 837 3420
f 3420 872 3417
f 3419 3420 3417
f 178 3421 3423
f 3421 875 3422
f 3422 876 3423
f 3421 3422 3423
f 875 3424 3425
f 3424 149 3181
f 3181 814 3425
f 3424 3181 3425
f 814 3179 3427
f 3179 156 3426
f 3426 876 3427
f 3179 3426 3427
f 875 3425 3422
f 3425 814 3427
f 3427 876 3422
f 3425 3427 3422
f 178 3428 3421
f 3428 877 3429
f 3429 875 3421
f 3428 3429 3421
f 877 3430 3431
f 3430 157 3186
f 3186 816 3431
f 3430 3186 3431
f 816 3189 3432
f 3189 149 3424
f 3424 875 3432
f 3189 3424 3432
f 877 3431 3429
f 3431 816 3432
f 3432 875 3429
f 3431 3432 3429
f 179 3433 3435
f 3433 878 3434
f 3434 879 3435
f 3433 3434 3435
f 878 3436 3437
f 3436 127 3289
f 3289 841 3437
f 3436 3289 3437
f 841 3287 3439
f 3287 165 3438
f 3438 879 3439
f 3287 3438 3439
f 878 3437 3434
f 3437 841 3439
f 3439 879 3434
f 3437 3439 3434
f 180 3440 3442
f 3440 880 3441
f 3441 881 3442
f 3440 3441 3442
f 880 3443 3444
f 3443 128 2845
f 2845 730 3444
f 3443 2845 3444
f 730 2843 3446
f 2843 127 3445
f 3445 881 3446
f 2843 3445 3446
f 880 3444 3441
f 3444 730 3446
f 3446 881 3441
f 3444 3446 3441
f 179 3447 3433
f 3447 882 3448
f 3448 878 3433
f 3447 3448 3433
f 882 3449 3450
f 3449 180 3442
f 3442 881 3450
f 3449 3442 3450
f 881 3445 3451
f 3445 127 3436
f 3436 878 3451
f 3445 3436 3451
f 882 3450 3448
f 3450 881 3451
f 3451 878 3448
f 3450 3451 3448
f 167 3301 3453
f 3301 845 3452
f 3452 883 3453
f 3301 3452 3453
f 845 3304 3454
f 3304 137 3295
f 3295 842 3454
f 3304 3295 3454
f 842 3292 3456
f 3292 166 3455
f 3455 883 3456
f 3292 3455 3456
f 845 3454 3452
f 3454 842 3456
f 3456 883 3452
f 3454 3456 3452
f 181 3457 3459
f 3457 884 3458
f 3458 885 3459
f 3457 3458 3459
f 884 3460 3461
f 3460 168 3308
f 3308 847 3461
f 3460 3308 3461
f 847 3311 3463
f 3311 129 3462
f 3462 885 3463
f 3311 3462 3463
f 884 3461 3458
f 3461 847 3463
f 3463 885 3458
f 3461 3463 3458
f 167 3464 3299
f 3464 886 3465
f 3465 844 3299
f 3464 3465 3299
f 886 3466 3467
f 3466 181 3459
f 3459 885 3467
f 3466 3459 3467
f 885 3462 3468
f 3462 129 3302
f 3302 844 3468
f 3462 3302 3468
f 886 3467 3465
f 3467 885 3468
f 3468 844 3465
f 3467 3468 3465
f 182 3469 3471
f 3469 887 3470
f 3470 888 3471
f 3469 3470 3471
f 887 3472 3473
f 3472 169 3320
f 3320 849 3473
f 3472 3320 3473
f 849 3318 3475
f 3318 168 3474
f 3474 888 3475
f 3318 3474 3475
f 887 3473 3470
f 3473 849 3475
f 3475 888 3470
f 3473 3475 3470
f 183 3476 3478
f 3476 889 3477
f 3477 890 3478
f 3476 3477 3478
f 889 3479 3480
f 3479 159 3327
f 3327 851 3480
f 3479 3327 3480
f 851 3325 3482
f 3325 169 3481
f 3481 890 3482
f 3325 3481 3482
f 889 3480 3477
f 3480 851 3482
f 3482 890 3477
f 3480 3482 3477
f 182 3483 3469
f 3483 891 3484
f 3484 887 3469
f 3483 3484 3469
f 891 3485 3486
f 3485 183 3478
f 3478 890 3486
f 3485 3478 3486
f 890 3481 3487
f 3481 169 3472
f 3472 887 3487
f 3481 3472 3487
f 891 3486 3484
f 3486 890 3487
f 3487 887 3484
f 3486 3487 3484
f 183 3488 3476
f 3488 892 3489
f 3489 889 3476
f 3488 3489 3476
f 892 3490 3492
f 3490 184 3491
f 3491 893 3492
f 3490 3491 3492
f 893 3493 3494
f 3493 159 3479
f 3479 889 3494
f 3493 3479 3494
f 892 3492 3489
f 3492 893 3494
f 3494 889 3489
f 3492 3494 3489
f 184 3495 3491
f 3495 894 3496
f 3496 893 3491
f 3495 3496 3491
f 894 3497 3498
f 3497 170 3332
f 3332 853 3498
f 3497 3332 3498
f 853 3335 3499
f 3335 159 3493
f 3493 893 3499
f 3335 3493 3499
f 894 3498 3496
f 3498 853 3499
f 3499 893 3496
f 3498 3499 3496
f 185 3500 3502
f 3500 895 3501
f 3501 896 3502
f 3500 3501 3502
f 895 3503 3504
f 3503 171 3346
f 3346 856 3504
f 3503 3346 3504
f 856 3344 3506
f 3344 170 3505
f 3505 896 3506
f 3344 3505 3506
f 895 3504 3501
f 3504 856 3506
f 3506 896 3501
f 3504 3506 3501
f 171 3507 3337
f 3507 897 3508
f 3508 854 3337
f 3507 3508 3337
f 897 3509 3510
f 3509 53 3351
f 3351 857 3510
f 3509 3351 3510
f 857 3349 3511
f 3349 161 3340
f 3340 854 3511
f 3349 3340 3511
f 897 3510 3508
f 3510 857 3511
f 3511 854 3508
f 3510 3511 3508
f 186 3512 3514
f 3512 898 3513
f 3513 899 3514
f 3512 3513 3514
f 898 3515 3516
f 3515 142 3375
f 3375 863 3516
f 3515 3375 3516
f 863 3373 3518
f 3373 173 3517
f 3517 899 3518
f 3373 3517 3518
f 898 3516 3513
f 3516 863 3518
f 3518 899 3513
f 3516 3518 3513
f 186 3519 3512
f 3519 900 3520
f 3520 898 3512
f 3519 3520 3512
f 900 3521 3522
f 3521 174 3380
f 3380 865 3522
f 3521 3380 3522
f 865 3383 3523
f 3383 142 3515
f 3515 898 3523
f 3383 3515 3523
f 900 3522 3520
f 3522 865 3523
f 3523 898 3520
f 3522 3523 3520
f 162 3241 3525
f 3241 830 3524
f 3524 901 3525
f 3241 3524 3525
f 830 3244 3526
f 3244 134 3381
f 3381 864 3526
f 3244 3381 3526
f 864 3378 3528
f 3378 174 3527
f 3527 901 3528
f 3378 3527 3528
f 830 3526 3524
f 3526 864 3528
f 3528 901 3524
f 3526 3528 3524
f 187 3529 3531
f 3529 902 3530
f 3530 903 3531
f 3529 3530 3531
f 902 3532 3533
f 3532 143 3145
f 3145 805 3533
f 3532 3145 3533
f 805 3143 3535
f 3143 121 3534
f 3534 903 3535
f 3143 3534 3535
f 902 3533 3530
f 3533 805 3535
f 3535 903 3530
f 3533 3535 3530
f 187 3536 3529
f 3536 904 3537
f 3537 902 3529
f 3536 3537 3529
f 904 3538 3539
f 3538 163 3248
f 3248 832 3539
f 3538 3248 3539
f 832 3251 3540
f 3251 143 3532
f 3532 902 3540
f 3251 3532 3540
f 904 3539 3537
f 3539 832 3540
f 3540 902 3537
f 3539 3540 3537
f 188 3541 3543
f 3541 905 3542
f 3542 906 3543
f 3541 3542 3543
f 905 3544 3545
f 3544 113 3255
f 3255 833 3545
f 3544 3255 3545
f 833 3253 3547
f 3253 163 3546
f 3546 906 3547
f 3253 3546 3547
f 905 3545 3542
f 3545 833 3547
f 3547 906 3542
f 3545 3547 3542
f 188 3548 3541
f 3548 907 3549
f 3549 905 3541
f 3548 3549 3541
f 907 3550 3551
f 3550 154 3150
f 3150 807 3551
f 3550 3150 3551
f 807 3153 3552
f 3153 113 3544
f 3544 905 3552
f 3153 3544 3552
f 907 3551 3549
f 3551 807 3552
f 3552 905 3549
f 3551 3552 3549
f 189 3553 3555
f 3553 908 3554
f 3554 909 3555
f 3553 3554 3555
f 908 3556 3557
f 3556 144 3151
f 3151 806 3557
f 3556 3151 3557
f 806 3148 3559
f 3148 154 3558
f 3558 909 3559
f 3148 3558 3559
f 908 3557 3554
f 3557 806 3559
f 3559 909 3554
f 3557 3559 3554
f 190 3560 3562
f 3560 910 3561
f 3561 911 3562
f 3560 3561 3562
f 910 3563 3564
f 3563 155 3157
f 3157 809 3564
f 3563 3157 3564
f 809 3160 3566
f 3160 144 3565
f 3565 911 3566
f 3160 3565 3566
f 910 3564 3561
f 3564 809 3566
f 3566 911 3561
f 3564 3566 3561
f 189 3567 3553
f 3567 912 3568
f 3568 908 3553
f 3567 3568 3553
f 912 3569 3570
f 3569 190 3562
f 3562 911 3570
f 3569 3562 3570
f 911 3565 3571
f 3565 144 3556
f 3556 908 3571
f 3565 3556 3571
f 912 3570 3568
f 3570 911 3571
f 3571 908 3568
f 3570 3571 3568
f 190 3572 3560
f 3572 913 3573
f 3573 910 3560
f 3572 3573 3560
f 913 3574 3575
f 3574 175 3387
f 3387 867 3575
f 3574 3387 3575
f 867 3390 3576
f 3390 155 3563
f 3563 910 3576
f 3390 3563 3576
f 913 3575 3573
f 3575 867 3576
f 3576 910 3573
f 3575 3576 3573
f 191 3577 3579
f 3577 914 3578
f 3578 915 3579
f 3577 3578 3579
f 914 3580 3581
f 3580 145 3406
f 3406 871 3581
f 3580 3406 3581
f 871 3404 3583
f 3404 176 3582
f 3582 915 3583
f 3404 3582 3583
f 914 3581 3578
f 3581 871 3583
f 3583 915 3578
f 3581 3583 3578
f 192 3584 3586
f 3584 916 3585
f 3585 917 3586
f 3584 3585 3586
f 916 3587 3588
f 3587 177 3411
f 3411 873 3588
f 3587 3411 3588
f 873 3414 3590
f 3414 145 3589
f 3589 917 3590
f 3414 3589 3590
f 916 3588 3585
f 3588 873 3590
f 3590 917 3585
f 3588 3590 3585
f 192 3591 3584
f 3591 918 3592
f 3592 916 3584
f 3591 3592 3584
f 918 3593 3595
f 3593 193 3594
f 3594 919 3595
f 3593 3594 3595
f 919 3596 3597
f 3596 177 3587
f 3587 916 3597
f 3596 3587 3597
f 918 3595 3592
f 3595 919 3597
f 3597 916 3592
f 3595 3597 3592
f 194 3598 3600
f 3598 920 3599
f 3599 921 3600
f 3598 3599 3600
f 920 3601 3602
f 3601 148 3418
f 3418 874 3602
f 3601 3418 3602
f 874 3416 3604
f 3416 177 3603
f 3603 921 3604
f 3416 3603 3604
f 920 3602 3599
f 3602 874 3604
f 3604 921 3599
f 3602 3604 3599
f 193 3605 3594
f 3605 922 3606
f 3606 919 3594
f 3605 3606 3594
f 922 3607 3608
f 3607 194 3600
f 3600 921 3608
f 3607 3600 3608
f 921 3603 3609
f 3603 177 3596
f 3596 919 3609
f 3603 3596 3609
f 922 3608 3606
f 3608 921 3609
f 3609 919 3606
f 3608 3609 3606
f 194 3610 3598
f 3610 923 3611
f 3611 920 3598
f 3610 3611 3598
f 923 3612 3613
f 3612 156 3174
f 3174 813 3613
f 3612 3174 3613
f 813 3177 3614
f 3177 148 3601
f 3601 920 3614
f 3177 3601 3614
f 923 3613 3611
f 3613 813 3614
f 3614 920 3611
f 3613 3614 3611
f 195 3615 3617
f 3615 924 3616
f 3616 925 3617
f 3615 3616 3617
f 924 3618 3619
f 3618 165 3282
f 3282 840 3619
f 3618 3282 3619
f 840 3285 3621
f 3285 84 3620
f 3620 925 3621
f 3285 3620 3621
f 924 3619 3616
f 3619 840 3621
f 3621 925 3616
f 3619 3621 3616
f 166 3294 3623
f 3294 843 3622
f 3622 926 3623
f 3294 3622 3623
f 843 3297 3624
f 3297 128 3443
f 3443 880 3624
f 3297 3443 3624
f 880 3440 3626
f 3440 180 3625
f 3625 926 3626
f 3440 3625 3626
f 843 3624 3622
f 3624 880 3626
f 3626 926 3622
f 3624 3626 3622
f 196 3627 3629
f 3627 927 3628
f 3628 928 3629
f 3627 3628 3629
f 927 3630 3631
f 3630 168 3460
f 3460 884 3631
f 3630 3460 3631
f 884 3457 3633
f 3457 181 3632
f 3632 928 3633
f 3457 3632 3633
f 927 3631 3628
f 3631 884 3633
f 3633 928 3628
f 3631 3633 3628
f 196 3634 3627
f 3634 929 3635
f 3635 927 3627
f 3634 3635 3627
f 929 3636 3637
f 3636 182 3471
f 3471 888 3637
f 3636 3471 3637
f 888 3474 3638
f 3474 168 3630
f 3630 927 3638
f 3474 3630 3638
f 929 3637 3635
f 3637 888 3638
f 3638 927 3635
f 3637 3638 3635
f 196 3639 3634
f 3639 930 3640
f 3640 929 3634
f 3639 3640 3634
f 930 3641 3642
f 3641 183 3485
f 3485 891 3642
f 3641 3485 3642
f 891 3483 3643
f 3483 182 3636
f 3636 929 3643
f 3483 3636 3643
f 930 3642 3640
f 3642 891 3643
f 3643 929 3640
f 3642 3643 3640
f 183 3644 3488
f 3644 931 3645
f 3645 892 3488
f 3644 3645 3488
f 931 3646 3648
f 3646 197 3647
f 3647 932 3648
f 3646 3647 3648
f 932 3649 3650
f 3649 184 3490
f 3490 892 3650
f 3649 3490 3650
f 931 3648 3645
f 3648 932 3650
f 3650 892 3645
f 3648 3650 3645
f 198 3651 3653
f 3651 933 3652
f 3652 934 3653
f 3651 3652 3653
f 933 3654 3655
f 3654 170 3497
f 3497 894 3655
f 3654 3497 3655
f 894 3495 3657
f 3495 184 3656
f 3656 934 3657
f 3495 3656 3657
f 933 3655 3652
f 3655 894 3657
f 3657 934 3652
f 3655 3657 3652
f 197 3658 3647
f 3658 935 3659
f 3659 932 3647
f 3658 3659 3647
f 935 3660 3661
f 3660 198 3653
f 3653 934 3661
f 3660 3653 3661
f 934 3656 3662
f 3656 184 3649
f 3649 932 3662
f 3656 3649 3662
f 935 3661 3659
f 3661 934 3662
f 3662 932 3659
f 3661 3662 3659
f 198 3663 3651
f 3663 936 3664
f 3664 933 3651
f 3663 3664 3651
f 936 3665 3666
f 3665 185 3502
f 3502 896 3666
f 3665 3502 3666
f 896 3505 3667
f 3505 170 3654
f 3654 933 3667
f 3505 3654 3667
f 936 3666 3664
f 3666 896 3667
f 3667 933 3664
f 3666 3667 3664
f 185 3668 3500
f 3668 937 3669
f 3669 895 3500
f 3668 3669 3500
f 937 3670 3671
f 3670 53 3509
f 3509 897 3671
f 3670 3509 3671
f 897 3507 3672
f 3507 171 3503
f 3503 895 3672
f 3507 3503 3672
f 937 3671 3669
f 3671 897 3672
f 3672 895 3669
f 3671 3672 3669
f 162 3673 3239
f 3673 938 3674
f 3674 829 3239
f 3673 3674 3239
f 938 3675 3676
f 3675 187 3531
f 3531 903 3676
f 3675 3531 3676
f 903 3534 3677
f 3534 121 3242
f 3242 829 3677
f 3534 3242 3677
f 938 3676 3674
f 3676 903 3677
f 3677 829 3674
f 3676 3677 3674
f 191 3678 3577
f 3678 939 3679
f 3679 914 3577
f 3678 3679 3577
f 939 3680 3681
f 3680 192 3586
f 3586 917 3681
f 3680 3586 3681
f 917 3589 3682
f 3589 145 3580
f 3580 914 3682
f 3589 3580 3682
f 939 3681 3679
f 3681 917 3682
f 3682 914 3679
f 3681 3682 3679
f 199 3683 3685
f 3683 940 3684
f 3684 941 3685
f 3683 3684 3685
f 940 3686 3687
f 3686 156 3612
f 3612 923 3687
f 3686 3612 3687
f 923 3610 3689
f 3610 194 3688
f 3688 941 3689
f 3610 3688 3689
f 940 3687 3684
f 3687 923 3689
f 3689 941 3684
f 3687 3689 3684
f 199 3690 3683
f 3690 942 3691
f 3691 940 3683
f 3690 3691 3683
f 942 3692 3693
f 3692 178 3423
f 3423 876 3693
f 3692 3423 3693
f 876 3426 3694
f 3426 156 3686
f 3686 940 3694
f 3426 3686 3694
f 942 3693 3691
f 3693 876 3694
f 3694 940 3691
f 3693 3694 3691
f 200 3695 3697
f 3695 943 3696
f 3696 944 3697
f 3695 3696 3697
f 943 3698 3699
f 3698 157 3430
f 3430 877 3699
f 3698 3430 3699
f 877 3428 3701
f 3428 178 3700
f 3700 944 3701
f 3428 3700 3701
f 943 3699 3696
f 3699 877 3701
f 3701 944 3696
f 3699 3701 3696
f 166 3702 3455
f 3702 945 3703
f 3703 883 3455
f 3702 3703 3455
f 945 3704 3706
f 3704 201 3705
f 3705 946 3706
f 3704 3705 3706
f 946 3707 3708
f 3707 167 3453
f 3453 883 3708
f 3707 3453 3708
f 945 3706 3703
f 3706 946 3708
f 3708 883 3703
f 3706 3708 3703
f 202 3709 3711
f 3709 947 3710
f 3710 948 3711
f 3709 3710 3711
f 947 3712 3713
f 3712 181 3466
f 3466 886 3713
f 3712 3466 3713
f 886 3464 3715
f 3464 167 3714
f 3714 948 3715
f 3464 3714 3715
f 947 3713 3710
f 3713 886 3715
f 3715 948 3710
f 3713 3715 3710
f 202 3716 3709
f 3716 949 3717
f 3717 947 3709
f 3716 3717 3709
f 949 3718 3719
f 3718 196 3629
f 3629 928 3719
f 3718 3629 3719
f 928 3632 3720
f 3632 181 3712
f 3712 947 3720
f 3632 3712 3720
f 949 3719 3717
f 3719 928 3720
f 3720 947 3717
f 3719 3720 3717
f 202 3721 3716
f 3721 950 3722
f 3722 949 3716
f 3721 3722 3716
f 950 3723 3725
f 3723 203 3724
f 3724 951 3725
f 3723 3724 3725
f 951 3726 3727
f 3726 196 3718
f 3718 949 3727
f 3726 3718 3727
f 950 3725 3722
f 3725 951 3727
f 3727 949 3722
f 3725 3727 3722
f 203 3728 3724
f 3728 952 3729
f 3729 951 3724
f 3728 3729 3724
f 952 3730 3731
f 3730 183 3641
f 3641 930 3731
f 3730 3641 3731
f 930 3639 3732
f 3639 196 3726
f 3726 951 3732
f 3639 3726 3732
f 952 3731 3729
f 3731 930 3732
f 3732 951 3729
f 3731 3732 3729
f 204 3733 3735
f 3733 953 3734
f 3734 954 3735
f 3733 3734 3735
f 953 3736 3737
f 3736 197 3646
f 3646 931 3737
f 3736 3646 3737
f 931 3644 3739
f 3644 183 3738
f 3738 954 3739
f 3644 3738 3739
f 953 3737 3734
f 3737 931 3739
f 3739 954 3734
f 3737 3739 3734
f 204 3740 3733
f 3740 955 3741
f 3741 953 3733
f 3740 3741 3733
f 955 3742 3743
f 3742 198 3660
f 3660 935 3743
f 3742 3660 3743
f 935 3658 3744
f 3658 197 3736
f 3736 953 3744
f 3658 3736 3744
f 955 3743 3741
f 3743 935 3744
f 3744 953 3741
f 3743 3744 3741
f 204 3745 3740
f 3745 956 3746
f 3746 955 3740
f 3745 3746 3740
f 956 3747 3749
f 3747 205 3748
f 3748 957 3749
f 3747 3748 3749
f 957 3750 3751
f 3750 198 3742
f 3742 955 3751
f 3750 3742 3751
f 956 3749 3746
f 3749 957 3751
f 3751 955 3746
f 3749 3751 3746
f 198 3752 3663
f 3752 958 3753
f 3753 936 3663
f 3752 3753 3663
f 958 3754 3755
f 3754 53 3670
f 3670 937 3755
f 3754 3670 3755
f 937 3668 3756
f 3668 185 3665
f 3665 936 3756
f 3668 3665 3756
f 958 3755 3753
f 3755 937 3756
f 3756 936 3753
f 3755 3756 3753
f 206 3757 3759
f 3757 959 3758
f 3758 960 3759
f 3757 3758 3759
f 959 3760 3761
f 3760 162 3525
f 3525 901 3761
f 3760 3525 3761
f 901 3527 3763
f 3527 174 3762
f 3762 960 3763
f 3527 3762 3763
f 959 3761 3758
f 3761 901 3763
f 3763 960 3758
f 3761 3763 3758
f 207 3764 3766
f 3764 961 3765
f 3765 962 3766
f 3764 3765 3766
f 961 3767 3768
f 3767 163 3538
f 3538 904 3768
f 3767 3538 3768
f 904 3536 3770
f 3536 187 3769
f 3769 962 3770
f 3536 3769 3770
f 961 3768 3765
f 3768 904 3770
f 3770 962 3765
f 3768 3770 3765
f 207 3771 3764
f 3771 963 3772
f 3772 961 3764
f 3771 3772 3764
f 963 3773 3774
f 3773 188 3543
f 3543 906 3774
f 3773 3543 3774
f 906 3546 3775
f 3546 163 3767
f 3767 961 3775
f 3546 3767 3775
f 963 3774 3772
f 3774 906 3775
f 3775 961 3772
f 3774 3775 3772
f 208 3776 3778
f 3776 964 3777
f 3777 965 3778
f 3776 3777 3778
f 964 3779 3780
f 3779 154 3550
f 3550 907 3780
f 3779 3550 3780
f 907 3548 3782
f 3548 188 3781
f 3781 965 3782
f 3548 3781 3782
f 964 3780 3777
f 3780 907 3782
f 3782 965 3777
f 3780 3782 3777
f 208 3783 3776
f 3783 966 3784
f 3784 964 3776
f 3783 3784 3776
f 966 3785 3786
f 3785 189 3555
f 3555 909 3786
f 3785 3555 3786
f 909 3558 3787
f 3558 154 3779
f 3779 964 3787
f 3558 3779 3787
f 966 3786 3784
f 3786 909 3787
f 3787 964 3784
f 3786 3787 3784
f 191 3788 3678
f 3788 967 3789
f 3789 939 3678
f 3788 3789 3678
f 967 3790 3792
f 3790 209 3791
f 3791 968 3792
f 3790 3791 3792
f 968 3793 3794
f 3793 192 3680
f 3680 939 3794
f 3793 3680 3794
f 967 3792 3789
f 3792 968 3794
f 3794 939 3789
f 3792 3794 3789
f 209 3795 3791
f 3795 969 3796
f 3796 968 3791
f 3795 3796 3791
f 969 3797 3798
f 3797 193 3593
f 3593 918 3798
f 3797 3593 3798
f 918 3591 3799
f 3591 192 3793
f 3793 968 3799
f 3591 3793 3799
f 969 3798 3796
f 3798 918 3799
f 3799 968 3796
f 3798 3799 3796
f 209 3800 3795
f 3800 970 3801
f 3801 969 3795
f 3800 3801 3795
f 970 3802 3803
f 3802 194 3607
f 3607 922 3803
f 3802 3607 3803
f 922 3605 3804
f 3605 193 3797
f 3797 969 3804
f 3605 3797 3804
f 970 3803 3801
f 3803 922 3804
f 3804 969 3801
f 3803 3804 3801
f 199 3805 3690
f 3805 971 3806
f 3806 942 3690
f 3805 3806 3690
f 971 3807 3808
f 3807 200 3697
f 3697 944 3808
f 3807 3697 3808
f 944 3700 3809
f 3700 178 3692
f 3692 942 3809
f 3700 3692 3809
f 971 3808 3806
f 3808 944 3809
f 3809 942 3806
f 3808 3809 3806
f 200 3810 3695
f 3810 972 3811
f 3811 943 3695
f 3810 3811 3695
f 972 3812 3814
f 3812 195 3813
f 3813 973 3814
f 3812 3813 3814
f 973 3815 3816
f 3815 157 3698
f 3698 943 3816
f 3815 3698 3816
f 972 3814 3811
f 3814 973 3816
f 3816 943 3811
f 3814 3816 3811
f 195 3617 3813
f 3617 925 3817
f 3817 973 3813
f 3617 3817 3813
f 925 3620 3818
f 3620 84 3277
f 3277 838 3818
f 3620 3277 3818
f 838 3275 3819
f 3275 157 3815
f 3815 973 3819
f 3275 3815 3819
f 925 3818 3817
f 3818 838 3819
f 3819 973 3817
f 3818 3819 3817
f 210 3820 3822
f 3820 974 3821
f 3821 975 3822
f 3820 3821 3822
f 974 3823 3824
f 3823 166 3623
f 3623 926 3824
f 3823 3623 3824
f 926 3625 3826
f 3625 180 3825
f 3825 975 3826
f 3625 3825 3826
f 974 3824 3821
f 3824 926 3826
f 3826 975 3821
f 3824 3826 3821
f 211 3827 3829
f 3827 976 3828
f 3828 977 3829
f 3827 3828 3829
f 976 3830 3831
f 3830 203 3723
f 3723 950 3831
f 3830 3723 3831
f 950 3721 3833
f 3721 202 3832
f 3832 977 3833
f 3721 3832 3833
f 976 3831 3828
f 3831 950 3833
f 3833 977 3828
f 3831 3833 3828
f 212 3834 3836
f 3834 978 3835
f 3835 979 3836
f 3834 3835 3836
f 978 3837 3838
f 3837 183 3730
f 3730 952 3838
f 3837 3730 3838
f 952 3728 3840
f 3728 203 3839
f 3839 979 3840
f 3728 3839 3840
f 978 3838 3835
f 3838 952 3840
f 3840 979 3835
f 3838 3840 3835
f 211 3841 3827
f 3841 980 3842
f 3842 976 3827
f 3841 3842 3827
f 980 3843 3844
f 3843 212 3836
f 3836 979 3844
f 3843 3836 3844
f 979 3839 3845
f 3839 203 3830
f 3830 976 3845
f 3839 3830 3845
f 980 3844 3842
f 3844 979 3845
f 3845 976 3842
f 3844 3845 3842
f 212 3846 3834
f 3846 981 3847
f 3847 978 3834
f 3846 3847 3834
f 981 3848 3850
f 3848 213 3849
f 3849 982 3850
f 3848 3849 3850
f 982 3851 3852
f 3851 183 3837
f 3837 978 3852
f 3851 3837 3852
f 981 3850 3847
f 3850 982 3852
f 3852 978 3847
f 3850 3852 3847
f 213 3853 3849
f 3853 983 3854
f 3854 982 3849
f 3853 3854 3849
f 983 3855 3856
f 3855 204 3735
f 3735 954 3856
f 3855 3735 3856
f 954 3738 3857
f 3738 183 3851
f 3851 982 3857
f 3738 3851 3857
f 983 3856 3854
f 3856 954 3857
f 3857 982 3854
f 3856 3857 3854
f 214 3858 3860
f 3858 984 3859
f 3859 985 3860
f 3858 3859 3860
f 984 3861 3862
f 3861 205 3747
f 3747 956 3862
f 3861 3747 3862
f 956 3745 3864
f 3745 204 3863
f 3863 985 3864
f 3745 3863 3864
f 984 3862 3859
f 3862 956 3864
f 3864 985 3859
f 3862 3864 3859
f 205 3865 3748
f 3865 986 3866
f 3866 957 3748
f 3865 3866 3748
f 986 3867 3868
f 3867 53 3754
f 3754 958 3868
f 3867 3754 3868
f 958 3752 3869
f 3752 198 3750
f 3750 957 3869
f 3752 3750 3869
f 986 3868 3866
f 3868 958 3869
f 3869 957 3866
f 3868 3869 3866
f 215 3870 3872
f 3870 987 3871
f 3871 988 3872
f 3870 3871 3872
f 987 3873 3874
f 3873 174 3521
f 3521 900 3874
f 3873 3521 3874
f 900 3519 3876
f 3519 186 3875
f 3875 988 3876
f 3519 3875 3876
f 987 3874 3871
f 3874 900 3876
f 3876 988 3871
f 3874 3876 3871
f 216 3877 3879
f 3877 989 3878
f 3878 990 3879
f 3877 3878 3879
f 989 3880 3881
f 3880 175 3574
f 3574 913 3881
f 3880 3574 3881
f 913 3572 3883
f 3572 190 3882
f 3882 990 3883
f 3572 3882 3883
f 989 3881 3878
f 3881 913 3883
f 3883 990 3878
f 3881 3883 3878
f 217 3884 3886
f 3884 991 3885
f 3885 992 3886
f 3884 3885 3886
f 991 3887 3888
f 3887 176 3401
f 3401 870 3888
f 3887 3401 3888
f 870 3399 3890
f 3399 175 3889
f 3889 992 3890
f 3399 3889 3890
f 991 3888 3885
f 3888 870 3890
f 3890 992 3885
f 3888 3890 3885
f 216 3891 3877
f 3891 993 3892
f 3892 989 3877
f 3891 3892 3877
f 993 3893 3894
f 3893 217 3886
f 3886 992 3894
f 3893 3886 3894
f 992 3889 3895
f 3889 175 3880
f 3880 989 3895
f 3889 3880 3895
f 993 3894 3892
f 3894 992 3895
f 3895 989 3892
f 3894 3895 3892
f 217 3896 3884
f 3896 994 3897
f 3897 991 3884
f 3896 3897 3884
f 994 3898 3899
f 3898 191 3579
f 3579 915 3899
f 3898 3579 3899
f 915 3582 3900
f 3582 176 3887
f 3887 991 3900
f 3582 3887 3900
f 994 3899 3897
f 3899 915 3900
f 3900 991 3897
f 3899 3900 3897
f 218 3901 3903
f 3901 995 3902
f 3902 996 3903
f 3901 3902 3903
f 995 3904 3905
f 3904 209 3790
f 3790 967 3905
f 3904 3790 3905
f 967 3788 3907
f 3788 191 3906
f 3906 996 3907
f 3788 3906 3907
f 995 3905 3902
f 3905 967 3907
f 3907 996 3902
f 3905 3907 3902
f 219 3908 3910
f 3908 997 3909
f 3909 998 3910
f 3908 3909 3910
f 997 3911 3912
f 3911 194 3802
f 3802 970 3912
f 3911 3802 3912
f 970 3800 3914
f 3800 209 3913
f 3913 998 3914
f 3800 3913 3914
f 997 3912 3909
f 3912 970 3914
f 3914 998 3909
f 3912 3914 3909
f 218 3915 3901
f 3915 999 3916
f 3916 995 3901
f 3915 3916 3901
f 999 3917 3918
f 3917 219 3910
f 3910 998 3918
f 3917 3910 3918
f 998 3913 3919
f 3913 209 3904
f 3904 995 3919
f 3913 3904 3919
f 999 3918 3916
f 3918 998 3919
f 3919 995 3916
f 3918 3919 3916
f 219 3920 3908
f 3920 1000 3921
f 3921 997 3908
f 3920 3921 3908
f 1000 3922 3923
f 3922 199 3685
f 3685 941 3923
f 3922 3685 3923
f 941 3688 3924
f 3688 194 3911
f 3911 997 3924
f 3688 3911 3924
f 1000 3923 3921
f 3923 941 3924
f 3924 997 3921
f 3923 3924 3921
f 201 3704 3926
f 3704 945 3925
f 3925 1001 3926
f 3704 3925 3926
f 945 3702 3927
f 3702 166 3823
f 3823 974 3927
f 3702 3823 3927
f 974 3820 3929
f 3820 210 3928
f 3928 1001 3929
f 3820 3928 3929
f 945 3927 3925
f 3927 974 3929
f 3929 1001 3925
f 3927 3929 3925
f 220 3930 3932
f 3930 1002 3931
f 3931 1003 3932
f 3930 3931 3932
f 1002 3933 3934
f 3933 202 3711
f 3711 948 3934
f 3933 3711 3934
f 948 3714 3936
f 3714 167 3935
f 3935 1003 3936
f 3714 3935 3936
f 1002 3934 3931
f 3934 948 3936
f 3936 1003 3931
f 3934 3936 3931
f 201 3937 3705
f 3937 1004 3938
f 3938 946 3705
f 3937 3938 3705
f 1004 3939 3940
f 3939 220 3932
f 3932 1003 3940
f 3939 3932 3940
f 1003 3935 3941
f 3935 167 3707
f 3707 946 3941
f 3935 3707 3941
f 1004 3940 3938
f 3940 1003 3941
f 3941 946 3938
f 3940 3941 3938
f 221 3942 3944
f 3942 1005 3943
f 3943 1006 3944
f 3942 3943 3944
f 1005 3945 3946
f 3945 211 3829
f 3829 977 3946
f 3945 3829 3946
f 977 3832 3948
f 3832 202 3947
f 3947 1006 3948
f 3832 3947 3948
f 1005 3946 3943
f 3946 977 3948
f 3948 1006 3943
f 3946 3948 3943
f 220 3949 3930
f 3949 1007 3950
f 3950 1002 3930
f 3949 3950 3930
f 1007 3951 3952
f 3951 221 3944
f 3944 1006 3952
f 3951 3944 3952
f 1006 3947 3953
f 3947 202 3933
f 3933 1002 3953
f 3947 3933 3953
f 1007 3952 3950
f 3952 1006 3953
f 3953 1002 3950
f 3952 3953 3950
f 221 3954 3942
f 3954 1008 3955
f 3955 1005 3942
f 3954 3955 3942
f 1008 3956 3957
f 3956 212 3843
f 3843 980 3957
f 3956 3843 3957
f 980 3841 3958
f 3841 211 3945
f 3945 1005 3958
f 3841 3945 3958
f 1008 3957 3955
f 3957 980 3958
f 3958 1005 3955
f 3957 3958 3955
f 212 3959 3846
f 3959 1009 3960
f 3960 981 3846
f 3959 3960 3846
f 1009 3961 3963
f 3961 222 3962
f 3962 1010 3963
f 3961 3962 3963
f 1010 3964 3965
f 3964 213 3848
f 3848 981 3965
f 3964 3848 3965
f 1009 3963 3960
f 3963 1010 3965
f 3965 981 3960
f 3963 3965 3960
f 223 3966 3968
f 3966 1011 3967
f 3967 1012 3968
f 3966 3967 3968
f 1011 3969 3970
f 3969 204 3855
f 3855 983 3970
f 3969 3855 3970
f 983 3853 3972
f 3853 213 3971
f 3971 1012 3972
f 3853 3971 3972
f 1011 3970 3967
f 3970 983 3972
f 3972 1012 3967
f 3970 3972 3967
f 222 3973 3962
f 3973 1013 3974
f 3974 1010 3962
f 3973 3974 3962
f 1013 3975 3976
f 3975 223 3968
f 3968 1012 3976
f 3975 3968 3976
f 1012 3971 3977
f 3971 213 3964
f 3964 1010 3977
f 3971 3964 3977
f 1013 3976 3974
f 3976 1012 3977
f 3977 1010 3974
f 3976 3977 3974
f 223 3978 3966
f 3978 1014 3979
f 3979 1011 3966
f 3978 3979 3966
f 1014 3980 3981
f 3980 214 3860
f 3860 985 3981
f 3980 3860 3981
f 985 3863 3982
f 3863 204 3969
f 3969 1011 3982
f 3863 3969 3982
f 1014 3981 3979
f 3981 985 3982
f 3982 1011 3979
f 3981 3982 3979
f 214 3983 3858
f 3983 1015 3984
f 3984 984 3858
f 3983 3984 3858
f 1015 3985 3986
f 3985 53 3867
f 3867 986 3986
f 3985 3867 3986
f 986 3865 3987
f 3865 205 3861
f 3861 984 3987
f 3865 3861 3987
f 1015 3986 3984
f 3986 986 3987
f 3987 984 3984
f 3986 3987 3984
f 224 3988 3990
f 3988 1016 3989
f 3989 1017 3990
f 3988 3989 3990
f 1016 3991 3992
f 3991 173 3370
f 3370 862 3992
f 3991 3370 3992
f 862 3368 3994
f 3368 172 3993
f 3993 1017 3994
f 3368 3993 3994
f 1016 3992 3989
f 3992 862 3994
f 3994 1017 3989
f 3992 3994 3989
f 225 3995 3997
f 3995 1018 3996
f 3996 1019 3997
f 3995 3996 3997
f 1018 3998 3999
f 3998 186 3514
f 3514 899 3999
f 3998 3514 3999
f 899 3517 4001
f 3517 173 4000
f 4000 1019 4001
f 3517 4000 4001
f 1018 3999 3996
f 3999 899 4001
f 4001 1019 3996
f 3999 4001 3996
f 224 4002 3988
f 4002 1020 4003
f 4003 1016 3988
f 4002 4003 3988
f 1020 4004 4005
f 4004 225 3997
f 3997 1019 4005
f 4004 3997 4005
f 1019 4000 4006
f 4000 173 3991
f 3991 1016 4006
f 4000 3991 4006
f 1020 4005 4003
f 4005 1019 4006
f 4006 1016 4003
f 4005 4006 4003
f 225 4007 3995
f 4007 1021 4008
f 4008 1018 3995
f 4007 4008 3995
f 1021 4009 4010
f 4009 215 3872
f 3872 988 4010
f 4009 3872 4010
f 988 3875 4011
f 3875 186 3998
f 3998 1018 4011
f 3875 3998 4011
f 1021 4010 4008
f 4010 988 4011
f 4011 1018 4008
f 4010 4011 4008
f 206 3759 4013
f 3759 960 4012
f 4012 1022 4013
f 3759 4012 4013
f 960 3762 4014
f 3762 174 3873
f 3873 987 4014
f 3762 3873 4014
f 987 3870 4016
f 3870 215 4015
f 4015 1022 4016
f 3870 4015 4016
f 960 4014 4012
f 4014 987 4016
f 4016 1022 4012
f 4014 4016 4012
f 226 4017 4019
f 4017 1023 4018
f 4018 1024 4019
f 4017 4018 4019
f 1023 4020 4021
f 4020 187 3675
f 3675 938 4021
f 4020 3675 4021
f 938 3673 4023
f 3673 162 4022
f 4022 1024 4023
f 3673 4022 4023
f 1023 4021 4018
f 4021 938 4023
f 4023 1024 4018
f 4021 4023 4018
f 226 4024 4017
f 4024 1025 4025
f 4025 1023 4017
f 4024 4025 4017
f 1025 4026 4027
f 4026 207 3766
f 3766 962 4027
f 4026 3766 4027
f 962 3769 4028
f 3769 187 4020
f 4020 1023 4028
f 3769 4020 4028
f 1025 4027 4025
f 4027 962 4028
f 4028 1023 4025
f 4027 4028 4025
f 208 3778 4030
f 3778 965 4029
f 4029 1026 4030
f 3778 4029 4030
f 965 3781 4031
f 3781 188 3773
f 3773 963 4031
f 3781 3773 4031
f 963 3771 4033
f 3771 207 4032
f 4032 1026 4033
f 3771 4032 4033
f 965 4031 4029
f 4031 963 4033
f 4033 1026 4029
f 4031 4033 4029
f 227 4034 4036
f 4034 1027 4035
f 4035 1028 4036
f 4034 4035 4036
f 1027 4037 4038
f 4037 189 3785
f 3785 966 4038
f 4037 3785 4038
f 966 3783 4040
f 3783 208 4039
f 4039 1028 4040
f 3783 4039 4040
f 1027 4038 4035
f 4038 966 4040
f 4040 1028 4035
f 4038 4040 4035
f 228 4041 4043
f 4041 1029 4042
f 4042 1030 4043
f 4041 4042 4043
f 1029 4044 4045
f 4044 190 3569
f 3569 912 4045
f 4044 3569 4045
f 912 3567 4047
f 3567 189 4046
f 4046 1030 4047
f 3567 4046 4047
f 1029 4045 4042
f 4045 912 4047
f 4047 1030 4042
f 4045 4047 4042
f 227 4048 4034
f 4048 1031 4049
f 4049 1027 4034
f 4048 4049 4034
f 1031 4050 4051
f 4050 228 4043
f 4043 1030 4051
f 4050 4043 4051
f 1030 4046 4052
f 4046 189 4037
f 4037 1027 4052
f 4046 4037 4052
f 1031 4051 4049
f 4051 1030 4052
f 4052 1027 4049
f 4051 4052 4049
f 228 4053 4041
f 4053 1032 4054
f 4054 1029 4041
f 4053 4054 4041
f 1032 4055 4056
f 4055 216 3879
f 3879 990 4056
f 4055 3879 4056
f 990 3882 4057
f 3882 190 4044
f 4044 1029 4057
f 3882 4044 4057
f 1032 4056 4054
f 4056 990 4057
f 4057 1029 4054
f 4056 4057 4054
f 229 4058 4060
f 4058 1033 4059
f 4059 1034 4060
f 4058 4059 4060
f 1033 4061 4062
f 4061 191 3898
f 3898 994 4062
f 4061 3898 4062
f 994 3896 4064
f 3896 217 4063
f 4063 1034 4064
f 3896 4063 4064
f 1033 4062 4059
f 4062 994 4064
f 4064 1034 4059
f 4062 4064 4059
f 230 4065 4067
f 4065 1035 4066
f 4066 1036 4067
f 4065 4066 4067
f 1035 4068 4069
f 4068 218 3903
f 3903 996 4069
f 4068 3903 4069
f 996 3906 4071
f 3906 191 4070
f 4070 1036 4071
f 3906 4070 4071
f 1035 4069 4066
f 4069 996 4071
f 4071 1036 4066
f 4069 4071 4066
f 230 4072 4065
f 4072 1037 4073
f 4073 1035 4065
f 4072 4073 4065
f 1037 4074 4076
f 4074 231 4075
f 4075 1038 4076
f 4074 4075 4076
f 1038 4077 4078
f 4077 218 4068
f 4068 1035 4078
f 4077 4068 4078
f 1037 4076 4073
f 4076 1038 4078
f 4078 1035 4073
f 4076 4078 4073
f 231 4079 4075
f 4079 1039 4080
f 4080 1038 4075
f 4079 4080 4075
f 1039 4081 4082
f 4081 219 3917
f 3917 999 4082
f 4081 3917 4082
f 999 3915 4083
f 3915 218 4077
f 4077 1038 4083
f 3915 4077 4083
f 1039 4082 4080
f 4082 999 4083
f 4083 1038 4080
f 4082 4083 4080
f 232 4084 4086
f 4084 1040 4085
f 4085 1041 4086
f 4084 4085 4086
f 1040 4087 4088
f 4087 165 3618
f 3618 924 4088
f 4087 3618 4088
f 924 3615 4090
f 3615 195 4089
f 4089 1041 4090
f 3615 4089 4090
f 1040 4088 4085
f 4088 924 4090
f 4090 1041 4085
f 4088 4090 4085
f 232 4091 4084
f 4091 1042 4092
f 4092 1040 4084
f 4091 4092 4084
f 1042 4093 4094
f 4093 179 3435
f 3435 879 4094
f 4093 3435 4094
f 879 3438 4095
f 3438 165 4087
f 4087 1040 4095
f 3438 4087 4095
f 1042 4094 4092
f 4094 879 4095
f 4095 1040 4092
f 4094 4095 4092
f 233 4096 4098
f 4096 1043 4097
f 4097 1044 4098
f 4096 4097 4098
f 1043 4099 4100
f 4099 221 3951
f 3951 1007 4100
f 4099 3951 4100
f 1007 3949 4102
f 3949 220 4101
f 4101 1044 4102
f 3949 4101 4102
f 1043 4100 4097
f 4100 1007 4102
f 4102 1044 4097
f 4100 4102 4097
f 233 4103 4096
f 4103 1045 4104
f 4104 1043 4096
f 4103 4104 4096
f 1045 4105 4107
f 4105 234 4106
f 4106 1046 4107
f 4105 4106 4107
f 1046 4108 4109
f 4108 221 4099
f 4099 1043 4109
f 4108 4099 4109
f 1045 4107 4104
f 4107 1046 4109
f 4109 1043 4104
f 4107 4109 4104
f 234 4110 4106
f 4110 1047 4111
f 4111 1046 4106
f 4110 4111 4106
f 1047 4112 4113
f 4112 212 3956
f 3956 1008 4113
f 4112 3956 4113
f 1008 3954 4114
f 3954 221 4108
f 4108 1046 4114
f 3954 4108 4114
f 1047 4113 4111
f 4113 1008 4114
f 4114 1046 4111
f 4113 4114 4111
f 235 4115 4117
f 4115 1048 4116
f 4116 1049 4117
f 4115 4116 4117
f 1048 4118 4119
f 4118 222 3961
f 3961 1009 4119
f 4118 3961 4119
f 1009 3959 4121
f 3959 212 4120
f 4120 1049 4121
f 3959 4120 4121
f 1048 4119 4116
f 4119 1009 4121
f 4121 1049 4116
f 4119 4121 4116
f 234 4122 4110
f 4122 1050 4123
f 4123 1047 4110
f 4122 4123 4110
f 1050 4124 4125
f 4124 235 4117
f 4117 1049 4125
f 4124 4117 4125
f 1049 4120 4126
f 4120 212 4112
f 4112 1047 4126
f 4120 4112 4126
f 1050 4125 4123
f 4125 1049 4126
f 4126 1047 4123
f 4125 4126 4123
f 235 4127 4115
f 4127 1051 4128
f 4128 1048 4115
f 4127 4128 4115
f 1051 4129 4130
f 4129 223 3975
f 3975 1013 4130
f 4129 3975 4130
f 1013 3973 4131
f 3973 222 4118
f 4118 1048 4131
f 3973 4118 4131
f 1051 4130 4128
f 4130 1013 4131
f 4131 1048 4128
f 4130 4131 4128
f 235 4132 4127
f 4132 1052 4133
f 4133 1051 4127
f 4132 4133 4127
f 1052 4134 4136
f 4134 236 4135
f 4135 1053 4136
f 4134 4135 4136
f 1053 4137 4138
f 4137 223 4129
f 4129 1051 4138
f 4137 4129 4138
f 1052 4136 4133
f 4136 1053 4138
f 4138 1051 4133
f 4136 4138 4133
f 223 4139 3978
f 4139 1054 4140
f 4140 1014 3978
f 4139 4140 3978
f 1054 4141 4142
f 4141 53 3985
f 3985 1015 4142
f 4141 3985 4142
f 1015 3983 4143
f 3983 214 3980
f 3980 1014 4143
f 3983 3980 4143
f 1054 4142 4140
f 4142 1015 4143
f 4143 1014 4140
f 4142 4143 4140
f 206 4144 3757
f 4144 1055 4145
f 4145 959 3757
f 4144 4145 3757
f 1055 4146 4147
f 4146 226 4019
f 4019 1024 4147
f 4146 4019 4147
f 1024 4022 4148
f 4022 162 3760
f 3760 959 4148
f 4022 3760 4148
f 1055 4147 4145
f 4147 1024 4148
f 4148 959 4145
f 4147 4148 4145
f 237 4149 4151
f 4149 1056 4150
f 4150 1057 4151
f 4149 4150 4151
f 1056 4152 4153
f 4152 208 4030
f 4030 1026 4153
f 4152 4030 4153
f 1026 4032 4155
f 4032 207 4154
f 4154 1057 4155
f 4032 4154 4155
f 1056 4153 4150
f 4153 1026 4155
f 4155 1057 4150
f 4153 4155 4150
f 229 4156 4058
f 4156 1058 4157
f 4157 1033 4058
f 4156 4157 4058
f 1058 4158 4159
f 4158 230 4067
f 4067 1036 4159
f 4158 4067 4159
f 1036 4070 4160
f 4070 191 4061
f 4061 1033 4160
f 4070 4061 4160
f 1058 4159 4157
f 4159 1036 4160
f 4160 1033 4157
f 4159 4160 4157
f 238 4161 4163
f 4161 1059 4162
f 4162 1060 4163
f 4161 4162 4163
f 1059 4164 4165
f 4164 200 3807
f 3807 971 4165
f 4164 3807 4165
f 971 3805 4167
f 3805 199 4166
f 4166 1060 4167
f 3805 4166 4167
f 1059 4165 4162
f 4165 971 4167
f 4167 1060 4162
f 4165 4167 4162
f 239 4168 4170
f 4168 1061 4169
f 4169 1062 4170
f 4168 4169 4170
f 1061 4171 4172
f 4171 179 4093
f 4093 1042 4172
f 4171 4093 4172
f 1042 4091 4174
f 4091 232 4173
f 4173 1062 4174
f 4091 4173 4174
f 1061 4172 4169
f 4172 1042 4174
f 4174 1062 4169
f 4172 4174 4169
f 240 4175 4177
f 4175 1063 4176
f 4176 1064 4177
f 4175 4176 4177
f 1063 4178 4179
f 4178 180 3449
f 3449 882 4179
f 4178 3449 4179
f 882 3447 4181
f 3447 179 4180
f 4180 1064 4181
f 3447 4180 4181
f 1063 4179 4176
f 4179 882 4181
f 4181 1064 4176
f 4179 4181 4176
f 239 4182 4168
f 4182 1065 4183
f 4183 1061 4168
f 4182 4183 4168
f 1065 4184 4185
f 4184 240 4177
f 4177 1064 4185
f 4184 4177 4185
f 1064 4180 4186
f 4180 179 4171
f 4171 1061 4186
f 4180 4171 4186
f 1065 4185 4183
f 4185 1064 4186
f 4186 1061 4183
f 4185 4186 4183
f 210 4187 3928
f 4187 1066 4188
f 4188 1001 3928
f 4187 4188 3928
f 1066 4189 4191
f 4189 241 4190
f 4190 1067 4191
f 4189 4190 4191
f 1067 4192 4193
f 4192 201 3926
f 3926 1001 4193
f 4192 3926 4193
f 1066 4191 4188
f 4191 1067 4193
f 4193 1001 4188
f 4191 4193 4188
f 242 4194 4196
f 4194 1068 4195
f 4195 1069 4196
f 4194 4195 4196
f 1068 4197 4198
f 4197 220 3939
f 3939 1004 4198
f 4197 3939 4198
f 1004 3937 4200
f 3937 201 4199
f 4199 1069 4200
f 3937 4199 4200
f 1068 4198 4195
f 4198 1004 4200
f 4200 1069 4195
f 4198 4200 4195
f 242 4201 4194
f 4201 1070 4202
f 4202 1068 4194
f 4201 4202 4194
f 1070 4203 4204
f 4203 233 4098
f 4098 1044 4204
f 4203 4098 4204
f 1044 4101 4205
f 4101 220 4197
f 4197 1068 4205
f 4101 4197 4205
f 1070 4204 4202
f 4204 1044 4205
f 4205 1068 4202
f 4204 4205 4202
f 242 4206 4201
f 4206 1071 4207
f 4207 1070 4201
f 4206 4207 4201
f 1071 4208 4210
f 4208 243 4209
f 4209 1072 4210
f 4208 4209 4210
f 1072 4211 4212
f 4211 233 4203
f 4203 1070 4212
f 4211 4203 4212
f 1071 4210 4207
f 4210 1072 4212
f 4212 1070 4207
f 4210 4212 4207
f 243 4213 4209
f 4213 1073 4214
f 4214 1072 4209
f 4213 4214 4209
f 1073 4215 4216
f 4215 234 4105
f 4105 1045 4216
f 4215 4105 4216
f 1045 4103 4217
f 4103 233 4211
f 4211 1072 4217
f 4103 4211 4217
f 1073 4216 4214
f 4216 1045 4217
f 4217 1072 4214
f 4216 4217 4214
f 244 4218 4220
f 4218 1074 4219
f 4219 1075 4220
f 4218 4219 4220
f 1074 4221 4222
f 4221 235 4124
f 4124 1050 4222
f 4221 4124 4222
f 1050 4122 4224
f 4122 234 4223
f 4223 1075 4224
f 4122 4223 4224
f 1074 4222 4219
f 4222 1050 4224
f 4224 1075 4219
f 4222 4224 4219
f 245 4225 4227
f 4225 1076 4226
f 4226 1077 4227
f 4225 4226 4227
f 1076 4228 4229
f 4228 236 4134
f 4134 1052 4229
f 4228 4134 4229
f 1052 4132 4231
f 4132 235 4230
f 4230 1077 4231
f 4132 4230 4231
f 1076 4229 4226
f 4229 1052 4231
f 4231 1077 4226
f 4229 4231 4226
f 244 4232 4218
f 4232 1078 4233
f 4233 1074 4218
f 4232 4233 4218
f 1078 4234 4235
f 4234 245 4227
f 4227 1077 4235
f 4234 4227 4235
f 1077 4230 4236
f 4230 235 4221
f 4221 1074 4236
f 4230 4221 4236
f 1078 4235 4233
f 4235 1077 4236
f 4236 1074 4233
f 4235 4236 4233
f 236 4237 4135
f 4237 1079 4238
f 4238 1053 4135
f 4237 4238 4135
f 1079 4239 4240
f 4239 53 4141
f 4141 1054 4240
f 4239 4141 4240
f 1054 4139 4241
f 4139 223 4137
f 4137 1053 4241
f 4139 4137 4241
f 1079 4240 4238
f 4240 1054 4241
f 4241 1053 4238
f 4240 4241 4238
f 246 4242 4244
f 4242 1080 4243
f 4243 1081 4244
f 4242 4243 4244
f 1080 4245 4246
f 4245 206 4013
f 4013 1022 4246
f 4245 4013 4246
f 1022 4015 4248
f 4015 215 4247
f 4247 1081 4248
f 4015 4247 4248
f 1080 4246 4243
f 4246 1022 4248
f 4248 1081 4243
f 4246 4248 4243
f 247 4249 4251
f 4249 1082 4250
f 4250 1083 4251
f 4249 4250 4251
f 1082 4252 4253
f 4252 207 4026
f 4026 1025 4253
f 4252 4026 4253
f 1025 4024 4255
f 4024 226 4254
f 4254 1083 4255
f 4024 4254 4255
f 1082 4253 4250
f 4253 1025 4255
f 4255 1083 4250
f 4253 4255 4250
f 248 4256 4258
f 4256 1084 4257
f 4257 1085 4258
f 4256 4257 4258
f 1084 4259 4260
f 4259 227 4036
f 4036 1028 4260
f 4259 4036 4260
f 1028 4039 4262
f 4039 208 4261
f 4261 1085 4262
f 4039 4261 4262
f 1084 4260 4257
f 4260 1028 4262
f 4262 1085 4257
f 4260 4262 4257
f 229 4263 4156
f 4263 1086 4264
f 4264 1058 4156
f 4263 4264 4156
f 1086 4265 4266
f 4265 231 4074
f 4074 1037 4266
f 4265 4074 4266
f 1037 4072 4267
f 4072 230 4158
f 4158 1058 4267
f 4072 4158 4267
f 1086 4266 4264
f 4266 1037 4267
f 4267 1058 4264
f 4266 4267 4264
f 249 4268 4270
f 4268 1087 4269
f 4269 1088 4270
f 4268 4269 4270
f 1087 4271 4272
f 4271 219 4081
f 4081 1039 4272
f 4271 4081 4272
f 1039 4079 4274
f 4079 231 4273
f 4273 1088 4274
f 4079 4273 4274
f 1087 4272 4269
f 4272 1039 4274
f 4274 1088 4269
f 4272 4274 4269
f 250 4275 4277
f 4275 1089 4276
f 4276 1090 4277
f 4275 4276 4277
f 1089 4278 4279
f 4278 199 3922
f 3922 1000 4279
f 4278 3922 4279
f 1000 3920 4281
f 3920 219 4280
f 4280 1090 4281
f 3920 4280 4281
f 1089 4279 4276
f 4279 1000 4281
f 4281 1090 4276
f 4279 4281 4276
f 249 4282 4268
f 4282 1091 4283
f 4283 1087 4268
f 4282 4283 4268
f 1091 4284 4285
f 4284 250 4277
f 4277 1090 4285
f 4284 4277 4285
f 1090 4280 4286
f 4280 219 4271
f 4271 1087 4286
f 4280 4271 4286
f 1091 4285 4283
f 4285 1090 4286
f 4286 1087 4283
f 4285 4286 4283
f 250 4287 4275
f 4287 1092 4288
f 4288 1089 4275
f 4287 4288 4275
f 1092 4289 4290
f 4289 238 4163
f 4163 1060 4290
f 4289 4163 4290
f 1060 4166 4291
f 4166 199 4278
f 4278 1089 4291
f 4166 4278 4291
f 1092 4290 4288
f 4290 1060 4291
f 4291 1089 4288
f 4290 4291 4288
f 251 4292 4294
f 4292 1093 4293
f 4293 1094 4294
f 4292 4293 4294
f 1093 4295 4296
f 4295 200 4164
f 4164 1059 4296
f 4295 4164 4296
f 1059 4161 4298
f 4161 238 4297
f 4297 1094 4298
f 4161 4297 4298
f 1093 4296 4293
f 4296 1059 4298
f 4298 1094 4293
f 4296 4298 4293
f 252 4299 4301
f 4299 1095 4300
f 4300 1096 4301
f 4299 4300 4301
f 1095 4302 4303
f 4302 180 4178
f 4178 1063 4303
f 4302 4178 4303
f 1063 4175 4305
f 4175 240 4304
f 4304 1096 4305
f 4175 4304 4305
f 1095 4303 4300
f 4303 1063 4305
f 4305 1096 4300
f 4303 4305 4300
f 252 4306 4299
f 4306 1097 4307
f 4307 1095 4299
f 4306 4307 4299
f 1097 4308 4309
f 4308 210 3822
f 3822 975 4309
f 4308 3822 4309
f 975 3825 4310
f 3825 180 4302
f 4302 1095 4310
f 3825 4302 4310
f 1097 4309 4307
f 4309 975 4310
f 4310 1095 4307
f 4309 4310 4307
f 253 4311 4313
f 4311 1098 4312
f 4312 1099 4313
f 4311 4312 4313
f 1098 4314 4315
f 4314 243 4208
f 4208 1071 4315
f 4314 4208 4315
f 1071 4206 4317
f 4206 242 4316
f 4316 1099 4317
f 4206 4316 4317
f 1098 4315 4312
f 4315 1071 4317
f 4317 1099 4312
f 4315 4317 4312
f 254 4318 4320
f 4318 1100 4319
f 4319 1101 4320
f 4318 4319 4320
f 1100 4321 4322
f 4321 234 4215
f 4215 1073 4322
f 4321 4215 4322
f 1073 4213 4324
f 4213 243 4323
f 4323 1101 4324
f 4213 4323 4324
f 1100 4322 4319
f 4322 1073 4324
f 4324 1101 4319
f 4322 4324 4319
f 253 4325 4311
f 4325 1102 4326
f 4326 1098 4311
f 4325 4326 4311
f 1102 4327 4328
f 4327 254 4320
f 4320 1101 4328
f 4327 4320 4328
f 1101 4323 4329
f 4323 243 4314
f 4314 1098 4329
f 4323 4314 4329
f 1102 4328 4326
f 4328 1101 4329
f 4329 1098 4326
f 4328 4329 4326
f 254 4330 4318
f 4330 1103 4331
f 4331 1100 4318
f 4330 4331 4318
f 1103 4332 4334
f 4332 255 4333
f 4333 1104 4334
f 4332 4333 4334
f 1104 4335 4336
f 4335 234 4321
f 4321 1100 4336
f 4335 4321 4336
f 1103 4334 4331
f 4334 1104 4336
f 4336 1100 4331
f 4334 4336 4331
f 255 4337 4333
f 4337 1105 4338
f 4338 1104 4333
f 4337 4338 4333
f 1105 4339 4340
f 4339 244 4220
f 4220 1075 4340
f 4339 4220 4340
f 1075 4223 4341
f 4223 234 4335
f 4335 1104 4341
f 4223 4335 4341
f 1105 4340 4338
f 4340 1075 4341
f 4341 1104 4338
f 4340 4341 4338
f 256 4342 4344
f 4342 1106 4343
f 4343 1107 4344
f 4342 4343 4344
f 1106 4345 4346
f 4345 245 4234
f 4234 1078 4346
f 4345 4234 4346
f 1078 4232 4348
f 4232 244 4347
f 4347 1107 4348
f 4232 4347 4348
f 1106 4346 4343
f 4346 1078 4348
f 4348 1107 4343
f 4346 4348 4343
f 245 4349 4225
f 4349 1108 4350
f 4350 1076 4225
f 4349 4350 4225
f 1108 4351 4352
f 4351 53 4239
f 4239 1079 4352
f 4351 4239 4352
f 1079 4237 4353
f 4237 236 4228
f 4228 1076 4353
f 4237 4228 4353
f 1108 4352 4350
f 4352 1079 4353
f 4353 1076 4350
f 4352 4353 4350
f 257 4354 4356
f 4354 1109 4355
f 4355 1110 4356
f 4354 4355 4356
f 1109 4357 4358
f 4357 172 3356
f 3356 859 4358
f 4357 3356 4358
f 859 3359 4360
f 3359 91 4359
f 4359 1110 4360
f 3359 4359 4360
f 1109 4358 4355
f 4358 859 4360
f 4360 1110 4355
f 4358 4360 4355
f 257 4361 4354
f 4361 1111 4362
f 4362 1109 4354
f 4361 4362 4354
f 1111 4363 4364
f 4363 224 3990
f 3990 1017 4364
f 4363 3990 4364
f 1017 3993 4365
f 3993 172 4357
f 4357 1109 4365
f 3993 4357 4365
f 1111 4364 4362
f 4364 1017 4365
f 4365 1109 4362
f 4364 4365 4362
f 258 4366 4368
f 4366 1112 4367
f 4367 1113 4368
f 4366 4367 4368
f 1112 4369 4370
f 4369 215 4009
f 4009 1021 4370
f 4369 4009 4370
f 1021 4007 4372
f 4007 225 4371
f 4371 1113 4372
f 4007 4371 4372
f 1112 4370 4367
f 4370 1021 4372
f 4372 1113 4367
f 4370 4372 4367
f 248 4258 4374
f 4258 1085 4373
f 4373 1114 4374
f 4258 4373 4374
f 1085 4261 4375
f 4261 208 4152
f 4152 1056 4375
f 4261 4152 4375
f 1056 4149 4377
f 4149 237 4376
f 4376 1114 4377
f 4149 4376 4377
f 1085 4375 4373
f 4375 1056 4377
f 4377 1114 4373
f 4375 4377 4373
f 259 4378 4380
f 4378 1115 4379
f 4379 1116 4380
f 4378 4379 4380
f 1115 4381 4382
f 4381 216 4055
f 4055 1032 4382
f 4381 4055 4382
f 1032 4053 4384
f 4053 228 4383
f 4383 1116 4384
f 4053 4383 4384
f 1115 4382 4379
f 4382 1032 4384
f 4384 1116 4379
f 4382 4384 4379
f 260 4385 4387
f 4385 1117 4386
f 4386 1118 4387
f 4385 4386 4387
f 1117 4388 4389
f 4388 217 3893
f 3893 993 4389
f 4388 3893 4389
f 993 3891 4391
f 3891 216 4390
f 4390 1118 4391
f 3891 4390 4391
f 1117 4389 4386
f 4389 993 4391
f 4391 1118 4386
f 4389 4391 4386
f 259 4392 4378
f 4392 1119 4393
f 4393 1115 4378
f 4392 4393 4378
f 1119 4394 4395
f 4394 260 4387
f 4387 1118 4395
f 4394 4387 4395
f 1118 4390 4396
f 4390 216 4381
f 4381 1115 4396
f 4390 4381 4396
f 1119 4395 4393
f 4395 1118 4396
f 4396 1115 4393
f 4395 4396 4393
f 260 4397 4385
f 4397 1120 4398
f 4398 1117 4385
f 4397 4398 4385
f 1120 4399 4400
f 4399 229 4060
f 4060 1034 4400
f 4399 4060 4400
f 1034 4063 4401
f 4063 217 4388
f 4388 1117 4401
f 4063 4388 4401
f 1120 4400 4398
f 4400 1034 4401
f 4401 1117 4398
f 4400 4401 4398
f 251 4402 4292
f 4402 1121 4403
f 4403 1093 4292
f 4402 4403 4292
f 1121 4404 4405
f 4404 195 3812
f 3812 972 4405
f 4404 3812 4405
f 972 3810 4406
f 3810 200 4295
f 4295 1093 4406
f 3810 4295 4406
f 1121 4405 4403
f 4405 972 4406
f 4406 1093 4403
f 4405 4406 4403
f 252 4407 4306
f 4407 1122 4408
f 4408 1097 4306
f 4407 4408 4306
f 1122 4409 4410
f 4409 241 4189
f 4189 1066 4410
f 4409 4189 4410
f 1066 4187 4411
f 4187 210 4308
f 4308 1097 4411
f 4187 4308 4411
f 1122 4410 4408
f 4410 1066 4411
f 4411 1097 4408
f 4410 4411 4408
f 261 4412 4414
f 4412 1123 4413
f 4413 1124 4414
f 4412 4413 4414
f 1123 4415 4416
f 4415 242 4196
f 4196 1069 4416
f 4415 4196 4416
f 1069 4199 4418
f 4199 201 4417
f 4417 1124 4418
f 4199 4417 4418
f 1123 4416 4413
f 4416 1069 4418
f 4418 1124 4413
f 4416 4418 4413
f 241 4419 4190
f 4419 1125 4420
f 4420 1067 4190
f 4419 4420 4190
f 1125 4421 4422
f 4421 261 4414
f 4414 1124 4422
f 4421 4414 4422
f 1124 4417 4423
f 4417 201 4192
f 4192 1067 4423
f 4417 4192 4423
f 1125 4422 4420
f 4422 1124 4423
f 4423 1067 4420
f 4422 4423 4420
f 262 4424 4426
f 4424 1126 4425
f 4425 1127 4426
f 4424 4425 4426
f 1126 4427 4428
f 4427 253 4313
f 4313 1099 4428
f 4427 4313 4428
f 1099 4316 4430
f 4316 242 4429
f 4429 1127 4430
f 4316 4429 4430
f 1126 4428 4425
f 4428 1099 4430
f 4430 1127 4425
f 4428 4430 4425
f 261 4431 4412
f 4431 1128 4432
f 4432 1123 4412
f 4431 4432 4412
f 1128 4433 4434
f 4433 262 4426
f 4426 1127 4434
f 4433 4426 4434
f 1127 4429 4435
f 4429 242 4415
f 4415 1123 4435
f 4429 4415 4435
f 1128 4434 4432
f 4434 1127 4435
f 4435 1123 4432
f 4434 4435 4432
f 262 4436 4424
f 4436 1129 4437
f 4437 1126 4424
f 4436 4437 4424
f 1129 4438 4439
f 4438 254 4327
f 4327 1102 4439
f 4438 4327 4439
f 1102 4325 4440
f 4325 253 4427
f 4427 1126 4440
f 4325 4427 4440
f 1129 4439 4437
f 4439 1102 4440
f 4440 1126 4437
f 4439 4440 4437
f 254 4441 4330
f 4441 1130 4442
f 4442 1103 4330
f 4441 4442 4330
f 1130 4443 4445
f 4443 263 4444
f 4444 1131 4445
f 4443 4444 4445
f 1131 4446 4447
f 4446 255 4332
f 4332 1103 4447
f 4446 4332 4447
f 1130 4445 4442
f 4445 1131 4447
f 4447 1103 4442
f 4445 4447 4442
f 264 4448 4450
f 4448 1132 4449
f 4449 1133 4450
f 4448 4449 4450
f 1132 4451 4452
f 4451 244 4339
f 4339 1105 4452
f 4451 4339 4452
f 1105 4337 4454
f 4337 255 4453
f 4453 1133 4454
f 4337 4453 4454
f 1132 4452 4449
f 4452 1105 4454
f 4454 1133 4449
f 4452 4454 4449
f 263 4455 4444
f 4455 1134 4456
f 4456 1131 4444
f 4455 4456 4444
f 1134 4457 4458
f 4457 264 4450
f 4450 1133 4458
f 4457 4450 4458
f 1133 4453 4459
f 4453 255 4446
f 4446 1131 4459
f 4453 4446 4459
f 1134 4458 4456
f 4458 1133 4459
f 4459 1131 4456
f 4458 4459 4456
f 264 4460 4448
f 4460 1135 4461
f 4461 1132 4448
f 4460 4461 4448
f 1135 4462 4463
f 4462 256 4344
f 4344 1107 4463
f 4462 4344 4463
f 1107 4347 4464
f 4347 244 4451
f 4451 1132 4464
f 4347 4451 4464
f 1135 4463 4461
f 4463 1107 4464
f 4464 1132 4461
f 4463 4464 4461
f 256 4465 4342
f 4465 1136 4466
f 4466 1106 4342
f 4465 4466 4342
f 1136 4467 4468
f 4467 53 4351
f 4351 1108 4468
f 4467 4351 4468
f 1108 4349 4469
f 4349 245 4345
f 4345 1106 4469
f 4349 4345 4469
f 1136 4468 4466
f 4468 1108 4469
f 4469 1106 4466
f 4468 4469 4466
f 265 4470 4472
f 4470 1137 4471
f 4471 1138 4472
f 4470 4471 4472
f 1137 4473 4474
f 4473 225 4004
f 4004 1020 4474
f 4473 4004 4474
f 1020 4002 4476
f 4002 224 4475
f 4475 1138 4476
f 4002 4475 4476
f 1137 4474 4471
f 4474 1020 4476
f 4476 1138 4471
f 4474 4476 4471
f 265 4477 4470
f 4477 1139 4478
f 4478 1137 4470
f 4477 4478 4470
f 1139 4479 4480
f 4479 258 4368
f 4368 1113 4480
f 4479 4368 4480
f 1113 4371 4481
f 4371 225 4473
f 4473 1137 4481
f 4371 4473 4481
f 1139 4480 4478
f 4480 1113 4481
f 4481 1137 4478
f 4480 4481 4478
f 246 4244 4483
f 4244 1081 4482
f 4482 1140 4483
f 4244 4482 4483
f 1081 4247 4484
f 4247 215 4369
f 4369 1112 4484
f 4247 4369 4484
f 1112 4366 4486
f 4366 258 4485
f 4485 1140 4486
f 4366 4485 4486
f 1081 4484 4482
f 4484 1112 4486
f 4486 1140 4482
f 4484 4486 4482
f 266 4487 4489
f 4487 1141 4488
f 4488 1142 4489
f 4487 4488 4489
f 1141 4490 4491
f 4490 226 4146
f 4146 1055 4491
f 4490 4146 4491
f 1055 4144 4493
f 4144 206 4492
f 4492 1142 4493
f 4144 4492 4493
f 1141 4491 4488
f 4491 1055 4493
f 4493 1142 4488
f 4491 4493 4488
f 266 4494 4487
f 4494 1143 4495
f 4495 1141 4487
f 4494 4495 4487
f 1143 4496 4497
f 4496 247 4251
f 4251 1083 4497
f 4496 4251 4497
f 1083 4254 4498
f 4254 226 4490
f 4490 1141 4498
f 4254 4490 4498
f 1143 4497 4495
f 4497 1083 4498
f 4498 1141 4495
f 4497 4498 4495
f 248 4374 4500
f 4374 1114 4499
f 4499 1145 4500
f 4374 4499 4500
f 1114 4376 4502
f 4376 237 4501
f 4501 1144 4502
f 4376 4501 4502
f 1144 4503 4505
f 4503 267 4504
f 4504 1145 4505
f 4503 4504 4505
f 1114 4502 4499
f 4502 1144 4505
f 4505 1145 4499
f 4502 4505 4499
f 268 4506 4508
f 4506 1146 4507
f 4507 1147 4508
f 4506 4507 4508
f 1146 4509 4510
f 4509 227 4259
f 4259 1084 4510
f 4509 4259 4510
f 1084 4256 4512
f 4256 248 4511
f 4511 1147 4512
f 4256 4511 4512
f 1146 4510 4507
f 4510 1084 4512
f 4512 1147 4507
f 4510 4512 4507
f 269 4513 4515
f 4513 1148 4514
f 4514 1149 4515
f 4513 4514 4515
f 1148 4516 4517
f 4516 228 4050
f 4050 1031 4517
f 4516 4050 4517
f 1031 4048 4519
f 4048 227 4518
f 4518 1149 4519
f 4048 4518 4519
f 1148 4517 4514
f 4517 1031 4519
f 4519 1149 4514
f 4517 4519 4514
f 268 4520 4506
f 4520 1150 4521
f 4521 1146 4506
f 4520 4521 4506
f 1150 4522 4523
f 4522 269 4515
f 4515 1149 4523
f 4522 4515 4523
f 1149 4518 4524
f 4518 227 4509
f 4509 1146 4524
f 4518 4509 4524
f 1150 4523 4521
f 4523 1149 4524
f 4524 1146 4521
f 4523 4524 4521
f 269 4525 4513
f 4525 1151 4526
f 4526 1148 4513
f 4525 4526 4513
f 1151 4527 4528
f 4527 259 4380
f 4380 1116 4528
f 4527 4380 4528
f 1116 4383 4529
f 4383 228 4516
f 4516 1148 4529
f 4383 4516 4529
f 1151 4528 4526
f 4528 1116 4529
f 4529 1148 4526
f 4528 4529 4526
f 270 4530 4532
f 4530 1152 4531
f 4531 1153 4532
f 4530 4531 4532
f 1152 4533 4534
f 4533 229 4399
f 4399 1120 4534
f 4533 4399 4534
f 1120 4397 4536
f 4397 260 4535
f 4535 1153 4536
f 4397 4535 4536
f 1152 4534 4531
f 4534 1120 4536
f 4536 1153 4531
f 4534 4536 4531
f 271 4537 4539
f 4537 1154 4538
f 4538 1155 4539
f 4537 4538 4539
f 1154 4540 4541
f 4540 231 4265
f 4265 1086 4541
f 4540 4265 4541
f 1086 4263 4543
f 4263 229 4542
f 4542 1155 4543
f 4263 4542 4543
f 1154 4541 4538
f 4541 1086 4543
f 4543 1155 4538
f 4541 4543 4538
f 271 4544 4537
f 4544 1156 4545
f 4545 1154 4537
f 4544 4545 4537
f 1156 4546 4548
f 4546 272 4547
f 4547 1157 4548
f 4546 4547 4548
f 1157 4549 4550
f 4549 231 4540
f 4540 1154 4550
f 4549 4540 4550
f 1156 4548 4545
f 4548 1157 4550
f 4550 1154 4545
f 4548 4550 4545
f 273 4551 4553
f 4551 1158 4552
f 4552 1159 4553
f 4551 4552 4553
f 1158 4554 4555
f 4554 249 4270
f 4270 1088 4555
f 4554 4270 4555
f 1088 4273 4557
f 4273 231 4556
f 4556 1159 4557
f 4273 4556 4557
f 1158 4555 4552
f 4555 1088 4557
f 4557 1159 4552
f 4555 4557 4552
f 272 4558 4547
f 4558 1160 4559
f 4559 1157 4547
f 4558 4559 4547
f 1160 4560 4561
f 4560 273 4553
f 4553 1159 4561
f 4560 4553 4561
f 1159 4556 4562
f 4556 231 4549
f 4549 1157 4562
f 4556 4549 4562
f 1160 4561 4559
f 4561 1159 4562
f 4562 1157 4559
f 4561 4562 4559
f 273 4563 4551
f 4563 1161 4564
f 4564 1158 4551
f 4563 4564 4551
f 1161 4565 4566
f 4565 250 4284
f 4284 1091 4566
f 4565 4284 4566
f 1091 4282 4567
f 4282 249 4554
f 4554 1158 4567
f 4282 4554 4567
f 1161 4566 4564
f 4566 1091 4567
f 4567 1158 4564
f 4566 4567 4564
f 274 4568 4570
f 4568 1162 4569
f 4569 1163 4570
f 4568 4569 4570
f 1162 4571 4572
f 4571 238 4289
f 4289 1092 4572
f 4571 4289 4572
f 1092 4287 4574
f 4287 250 4573
f 4573 1163 4574
f 4287 4573 4574
f 1162 4572 4569
f 4572 1092 4574
f 4574 1163 4569
f 4572 4574 4569
f 274 4575 4568
f 4575 1164 4576
f 4576 1162 4568
f 4575 4576 4568
f 1164 4577 4578
f 4577 251 4294
f 4294 1094 4578
f 4577 4294 4578
f 1094 4297 4579
f 4297 238 4571
f 4571 1162 4579
f 4297 4571 4579
f 1164 4578 4576
f 4578 1094 4579
f 4579 1162 4576
f 4578 4579 4576
f 275 4580 4582
f 4580 1165 4581
f 4581 1166 4582
f 4580 4581 4582
f 1165 4583 4584
f 4583 232 4086
f 4086 1041 4584
f 4583 4086 4584
f 1041 4089 4586
f 4089 195 4585
f 4585 1166 4586
f 4089 4585 4586
f 1165 4584 4581
f 4584 1041 4586
f 4586 1166 4581
f 4584 4586 4581
f 275 4587 4580
f 4587 1167 4588
f 4588 1165 4580
f 4587 4588 4580
f 1167 4589 4590
f 4589 239 4170
f 4170 1062 4590
f 4589 4170 4590
f 1062 4173 4591
f 4173 232 4583
f 4583 1165 4591
f 4173 4583 4591
f 1167 4590 4588
f 4590 1062 4591
f 4591 1165 4588
f 4590 4591 4588
f 276 4592 4594
f 4592 1168 4593
f 4593 1169 4594
f 4592 4593 4594
f 1168 4595 4596
f 4595 252 4301
f 4301 1096 4596
f 4595 4301 4596
f 1096 4304 4598
f 4304 240 4597
f 4597 1169 4598
f 4304 4597 4598
f 1168 4596 4593
f 4596 1096 4598
f 4598 1169 4593
f 4596 4598 4593
f 277 4599 4601
f 4599 1170 4600
f 4600 1171 4601
f 4599 4600 4601
f 1170 4602 4603
f 4602 262 4433
f 4433 1128 4603
f 4602 4433 4603
f 1128 4431 4605
f 4431 261 4604
f 4604 1171 4605
f 4431 4604 4605
f 1170 4603 4600
f 4603 1128 4605
f 4605 1171 4600
f 4603 4605 4600
f 277 4606 4599
f 4606 1172 4607
f 4607 1170 4599
f 4606 4607 4599
f 1172 4608 4610
f 4608 278 4609
f 4609 1173 4610
f 4608 4609 4610
f 1173 4611 4612
f 4611 262 4602
f 4602 1170 4612
f 4611 4602 4612
f 1172 4610 4607
f 4610 1173 4612
f 4612 1170 4607
f 4610 4612 4607
f 278 4613 4609
f 4613 1174 4614
f 4614 1173 4609
f 4613 4614 4609
f 1174 4615 4616
f 4615 254 4438
f 4438 1129 4616
f 4615 4438 4616
f 1129 4436 4617
f 4436 262 4611
f 4611 1173 4617
f 4436 4611 4617
f 1174 4616 4614
f 4616 1129 4617
f 4617 1173 4614
f 4616 4617 4614
f 279 4618 4620
f 4618 1175 4619
f 4619 1176 4620
f 4618 4619 4620
f 1175 4621 4622
f 4621 263 4443
f 4443 1130 4622
f 4621 4443 4622
f 1130 4441 4624
f 4441 254 4623
f 4623 1176 4624
f 4441 4623 4624
f 1175 4622 4619
f 4622 1130 4624
f 4624 1176 4619
f 4622 4624 4619
f 278 4625 4613
f 4625 1177 4626
f 4626 1174 4613
f 4625 4626 4613
f 1177 4627 4628
f 4627 279 4620
f 4620 1176 4628
f 4627 4620 4628
f 1176 4623 4629
f 4623 254 4615
f 4615 1174 4629
f 4623 4615 4629
f 1177 4628 4626
f 4628 1176 4629
f 4629 1174 4626
f 4628 4629 4626
f 279 4630 4618
f 4630 1178 4631
f 4631 1175 4618
f 4630 4631 4618
f 1178 4632 4633
f 4632 264 4457
f 4457 1134 4633
f 4632 4457 4633
f 1134 4455 4634
f 4455 263 4621
f 4621 1175 4634
f 4455 4621 4634
f 1178 4633 4631
f 4633 1134 4634
f 4634 1175 4631
f 4633 4634 4631
f 279 4635 4630
f 4635 1179 4636
f 4636 1178 4630
f 4635 4636 4630
f 1179 4637 4639
f 4637 280 4638
f 4638 1180 4639
f 4637 4638 4639
f 1180 4640 4641
f 4640 264 4632
f 4632 1178 4641
f 4640 4632 4641
f 1179 4639 4636
f 4639 1180 4641
f 4641 1178 4636
f 4639 4641 4636
f 264 4642 4460
f 4642 1181 4643
f 4643 1135 4460
f 4642 4643 4460
f 1181 4644 4645
f 4644 53 4467
f 4467 1136 4645
f 4644 4467 4645
f 1136 4465 4646
f 4465 256 4462
f 4462 1135 4646
f 4465 4462 4646
f 1181 4645 4643
f 4645 1136 4646
f 4646 1135 4643
f 4645 4646 4643
f 281 4647 4649
f 4647 1182 4648
f 4648 1183 4649
f 4647 4648 4649
f 1182 4650 4651
f 4650 224 4363
f 4363 1111 4651
f 4650 4363 4651
f 1111 4361 4653
f 4361 257 4652
f 4652 1183 4653
f 4361 4652 4653
f 1182 4651 4648
f 4651 1111 4653
f 4653 1183 4648
f 4651 4653 4648
f 281 4654 4647
f 4654 1184 4655
f 4655 1182 4647
f 4654 4655 4647
f 1184 4656 4657
f 4656 265 4472
f 4472 1138 4657
f 4656 4472 4657
f 1138 4475 4658
f 4475 224 4650
f 4650 1182 4658
f 4475 4650 4658
f 1184 4657 4655
f 4657 1138 4658
f 4658 1182 4655
f 4657 4658 4655
f 246 4659 4242
f 4659 1185 4660
f 4660 1080 4242
f 4659 4660 4242
f 1185 4661 4662
f 4661 266 4489
f 4489 1142 4662
f 4661 4489 4662
f 1142 4492 4663
f 4492 206 4245
f 4245 1080 4663
f 4492 4245 4663
f 1185 4662 4660
f 4662 1142 4663
f 4663 1080 4660
f 4662 4663 4660
f 270 4664 4530
f 4664 1186 4665
f 4665 1152 4530
f 4664 4665 4530
f 1186 4666 4667
f 4666 271 4539
f 4539 1155 4667
f 4666 4539 4667
f 1155 4542 4668
f 4542 229 4533
f 4533 1152 4668
f 4542 4533 4668
f 1186 4667 4665
f 4667 1155 4668
f 4668 1152 4665
f 4667 4668 4665
f 282 4669 4671
f 4669 1187 4670
f 4670 1188 4671
f 4669 4670 4671
f 1187 4672 4673
f 4672 250 4565
f 4565 1161 4673
f 4672 4565 4673
f 1161 4563 4675
f 4563 273 4674
f 4674 1188 4675
f 4563 4674 4675
f 1187 4673 4670
f 4673 1161 4675
f 4675 1188 4670
f 4673 4675 4670
f 282 4676 4669
f 4676 1189 4677
f 4677 1187 4669
f 4676 4677 4669
f 1189 4678 4679
f 4678 274 4570
f 4570 1163 4679
f 4678 4570 4679
f 1163 4573 4680
f 4573 250 4672
f 4672 1187 4680
f 4573 4672 4680
f 1189 4679 4677
f 4679 1163 4680
f 4680 1187 4677
f 4679 4680 4677
f 283 4681 4683
f 4681 1190 4682
f 4682 1191 4683
f 4681 4682 4683
f 1190 4684 4685
f 4684 252 4595
f 4595 1168 4685
f 4684 4595 4685
f 1168 4592 4687
f 4592 276 4686
f 4686 1191 4687
f 4592 4686 4687
f 1190 4685 4682
f 4685 1168 4687
f 4687 1191 4682
f 4685 4687 4682
f 283 4688 4681
f 4688 1192 4689
f 4689 1190 4681
f 4688 4689 4681
f 1192 4690 4691
f 4690 241 4409
f 4409 1122 4691
f 4690 4409 4691
f 1122 4407 4692
f 4407 252 4684
f 4684 1190 4692
f 4407 4684 4692
f 1192 4691 4689
f 4691 1122 4692
f 4692 1190 4689
f 4691 4692 4689
f 284 4693 4695
f 4693 1193 4694
f 4694 1194 4695
f 4693 4694 4695
f 1193 4696 4697
f 4696 261 4421
f 4421 1125 4697
f 4696 4421 4697
f 1125 4419 4699
f 4419 241 4698
f 4698 1194 4699
f 4419 4698 4699
f 1193 4697 4694
f 4697 1125 4699
f 4699 1194 4694
f 4697 4699 4694
f 284 4700 4693
f 4700 1195 4701
f 4701 1193 4693
f 4700 4701 4693
f 1195 4702 4703
f 4702 277 4601
f 4601 1171 4703
f 4702 4601 4703
f 1171 4604 4704
f 4604 261 4696
f 4696 1193 4704
f 4604 4696 4704
f 1195 4703 4701
f 4703 1171 4704
f 4704 1193 4701
f 4703 4704 4701
f 284 4705 4700
f 4705 1196 4706
f 4706 1195 4700
f 4705 4706 4700
f 1196 4707 4709
f 4707 285 4708
f 4708 1197 4709
f 4707 4708 4709
f 1197 4710 4711
f 4710 277 4702
f 4702 1195 4711
f 4710 4702 4711
f 1196 4709 4706
f 4709 1197 4711
f 4711 1195 4706
f 4709 4711 4706
f 285 4712 4708
f 4712 1198 4713
f 4713 1197 4708
f 4712 4713 4708
f 1198 4714 4715
f 4714 278 4608
f 4608 1172 4715
f 4714 4608 4715
f 1172 4606 4716
f 4606 277 4710
f 4710 1197 4716
f 4606 4710 4716
f 1198 4715 4713
f 4715 1172 4716
f 4716 1197 4713
f 4715 4716 4713
f 286 4717 4719
f 4717 1199 4718
f 4718 1200 4719
f 4717 4718 4719
f 1199 4720 4721
f 4720 279 4627
f 4627 1177 4721
f 4720 4627 4721
f 1177 4625 4723
f 4625 278 4722
f 4722 1200 4723
f 4625 4722 4723
f 1199 4721 4718
f 4721 1177 4723
f 4723 1200 4718
f 4721 4723 4718
f 287 4724 4726
f 4724 1201 4725
f 4725 1202 4726
f 4724 4725 4726
f 1201 4727 4728
f 4727 280 4637
f 4637 1179 4728
f 4727 4637 4728
f 1179 4635 4730
f 4635 279 4729
f 4729 1202 4730
f 4635 4729 4730
f 1201 4728 4725
f 4728 1179 4730
f 4730 1202 4725
f 4728 4730 4725
f 286 4731 4717
f 4731 1203 4732
f 4732 1199 4717
f 4731 4732 4717
f 1203 4733 4734
f 4733 287 4726
f 4726 1202 4734
f 4733 4726 4734
f 1202 4729 4735
f 4729 279 4720
f 4720 1199 4735
f 4729 4720 4735
f 1203 4734 4732
f 4734 1202 4735
f 4735 1199 4732
f 4734 4735 4732
f 280 4736 4638
f 4736 1204 4737
f 4737 1180 4638
f 4736 4737 4638
f 1204 4738 4739
f 4738 53 4644
f 4644 1181 4739
f 4738 4644 4739
f 1181 4642 4740
f 4642 264 4640
f 4640 1180 4740
f 4642 4640 4740
f 1204 4739 4737
f 4739 1181 4740
f 4740 1180 4737
f 4739 4740 4737
f 288 4741 4743
f 4741 1205 4742
f 4742 1206 4743
f 4741 4742 4743
f 1205 4744 4745
f 4744 246 4483
f 4483 1140 4745
f 4744 4483 4745
f 1140 4485 4747
f 4485 258 4746
f 4746 1206 4747
f 4485 4746 4747
f 1205 4745 4742
f 4745 1140 4747
f 4747 1206 4742
f 4745 4747 4742
f 270 4748 4664
f 4748 1207 4749
f 4749 1186 4664
f 4748 4749 4664
f 1207 4750 4752
f 4750 289 4751
f 4751 1208 4752
f 4750 4751 4752
f 1208 4753 4754
f 4753 271 4666
f 4666 1186 4754
f 4753 4666 4754
f 1207 4752 4749
f 4752 1208 4754
f 4754 1186 4749
f 4752 4754 4749
f 289 4755 4751
f 4755 1209 4756
f 4756 1208 4751
f 4755 4756 4751
f 1209 4757 4758
f 4757 272 4546
f 4546 1156 4758
f 4757 4546 4758
f 1156 4544 4759
f 4544 271 4753
f 4753 1208 4759
f 4544 4753 4759
f 1209 4758 4756
f 4758 1156 4759
f 4759 1208 4756
f 4758 4759 4756
f 289 4760 4755
f 4760 1210 4761
f 4761 1209 4755
f 4760 4761 4755
f 1210 4762 4763
f 4762 273 4560
f 4560 1160 4763
f 4762 4560 4763
f 1160 4558 4764
f 4558 272 4757
f 4757 1209 4764
f 4558 4757 4764
f 1210 4763 4761
f 4763 1160 4764
f 4764 1209 4761
f 4763 4764 4761
f 290 4765 4767
f 4765 1211 4766
f 4766 1212 4767
f 4765 4766 4767
f 1211 4768 4769
f 4768 251 4577
f 4577 1164 4769
f 4768 4577 4769
f 1164 4575 4771
f 4575 274 4770
f 4770 1212 4771
f 4575 4770 4771
f 1211 4769 4766
f 4769 1164 4771
f 4771 1212 4766
f 4769 4771 4766
f 291 4772 4774
f 4772 1213 4773
f 4773 1214 4774
f 4772 4773 4774
f 1213 4775 4776
f 4775 275 4582
f 4582 1166 4776
f 4775 4582 4776
f 1166 4585 4778
f 4585 195 4777
f 4777 1214 4778
f 4585 4777 4778
f 1213 4776 4773
f 4776 1166 4778
f 4778 1214 4773
f 4776 4778 4773
f 283 4779 4688
f 4779 1215 4780
f 4780 1192 4688
f 4779 4780 4688
f 1215 4781 4782
f 4781 284 4695
f 4695 1194 4782
f 4781 4695 4782
f 1194 4698 4783
f 4698 241 4690
f 4690 1192 4783
f 4698 4690 4783
f 1215 4782 4780
f 4782 1194 4783
f 4783 1192 4780
f 4782 4783 4780
f 292 4784 4786
f 4784 1216 4785
f 4785 1217 4786
f 4784 4785 4786
f 1216 4787 4788
f 4787 285 4707
f 4707 1196 4788
f 4787 4707 4788
f 1196 4705 4790
f 4705 284 4789
f 4789 1217 4790
f 4705 4789 4790
f 1216 4788 4785
f 4788 1196 4790
f 4790 1217 4785
f 4788 4790 4785
f 293 4791 4793
f 4791 1218 4792
f 4792 1219 4793
f 4791 4792 4793
f 1218 4794 4795
f 4794 278 4714
f 4714 1198 4795
f 4794 4714 4795
f 1198 4712 4797
f 4712 285 4796
f 4796 1219 4797
f 4712 4796 4797
f 1218 4795 4792
f 4795 1198 4797
f 4797 1219 4792
f 4795 4797 4792
f 292 4798 4784
f 4798 1220 4799
f 4799 1216 4784
f 4798 4799 4784
f 1220 4800 4801
f 4800 293 4793
f 4793 1219 4801
f 4800 4793 4801
f 1219 4796 4802
f 4796 285 4787
f 4787 1216 4802
f 4796 4787 4802
f 1220 4801 4799
f 4801 1219 4802
f 4802 1216 4799
f 4801 4802 4799
f 293 4803 4791
f 4803 1221 4804
f 4804 1218 4791
f 4803 4804 4791
f 1221 4805 4807
f 4805 294 4806
f 4806 1222 4807
f 4805 4806 4807
f 1222 4808 4809
f 4808 278 4794
f 4794 1218 4809
f 4808 4794 4809
f 1221 4807 4804
f 4807 1222 4809
f 4809 1218 4804
f 4807 4809 4804
f 294 4810 4806
f 4810 1223 4811
f 4811 1222 4806
f 4810 4811 4806
f 1223 4812 4813
f 4812 286 4719
f 4719 1200 4813
f 4812 4719 4813
f 1200 4722 4814
f 4722 278 4808
f 4808 1222 4814
f 4722 4808 4814
f 1223 4813 4811
f 4813 1200 4814
f 4814 1222 4811
f 4813 4814 4811
f 295 4815 4817
f 4815 1224 4816
f 4816 1225 4817
f 4815 4816 4817
f 1224 4818 4819
f 4818 287 4733
f 4733 1203 4819
f 4818 4733 4819
f 1203 4731 4821
f 4731 286 4820
f 4820 1225 4821
f 4731 4820 4821
f 1224 4819 4816
f 4819 1203 4821
f 4821 1225 4816
f 4819 4821 4816
f 287 4822 4724
f 4822 1226 4823
f 4823 1201 4724
f 4822 4823 4724
f 1226 4824 4825
f 4824 53 4738
f 4738 1204 4825
f 4824 4738 4825
f 1204 4736 4826
f 4736 280 4727
f 4727 1201 4826
f 4736 4727 4826
f 1226 4825 4823
f 4825 1204 4826
f 4826 1201 4823
f 4825 4826 4823
f 296 4827 4829
f 4827 1227 4828
f 4828 1228 4829
f 4827 4828 4829
f 1227 4830 4831
f 4830 258 4479
f 4479 1139 4831
f 4830 4479 4831
f 1139 4477 4833
f 4477 265 4832
f 4832 1228 4833
f 4477 4832 4833
f 1227 4831 4828
f 4831 1139 4833
f 4833 1228 4828
f 4831 4833 4828
f 297 4834 4836
f 4834 1229 4835
f 4835 1230 4836
f 4834 4835 4836
f 1229 4837 4838
f 4837 248 4500
f 4500 1145 4838
f 4837 4500 4838
f 1145 4504 4840
f 4504 267 4839
f 4839 1230 4840
f 4504 4839 4840
f 1229 4838 4835
f 4838 1145 4840
f 4840 1230 4835
f 4838 4840 4835
f 297 4841 4834
f 4841 1231 4842
f 4842 1229 4834
f 4841 4842 4834
f 1231 4843 4844
f 4843 268 4508
f 4508 1147 4844
f 4843 4508 4844
f 1147 4511 4845
f 4511 248 4837
f 4837 1229 4845
f 4511 4837 4845
f 1231 4844 4842
f 4844 1147 4845
f 4845 1229 4842
f 4844 4845 4842
f 298 4846 4848
f 4846 1232 4847
f 4847 1233 4848
f 4846 4847 4848
f 1232 4849 4850
f 4849 259 4527
f 4527 1151 4850
f 4849 4527 4850
f 1151 4525 4852
f 4525 269 4851
f 4851 1233 4852
f 4525 4851 4852
f 1232 4850 4847
f 4850 1151 4852
f 4852 1233 4847
f 4850 4852 4847
f 299 4853 4855
f 4853 1234 4854
f 4854 1235 4855
f 4853 4854 4855
f 1234 4856 4857
f 4856 260 4394
f 4394 1119 4857
f 4856 4394 4857
f 1119 4392 4859
f 4392 259 4858
f 4858 1235 4859
f 4392 4858 4859
f 1234 4857 4854
f 4857 1119 4859
f 4859 1235 4854
f 4857 4859 4854
f 298 4860 4846
f 4860 1236 4861
f 4861 1232 4846
f 4860 4861 4846
f 1236 4862 4863
f 4862 299 4855
f 4855 1235 4863
f 4862 4855 4863
f 1235 4858 4864
f 4858 259 4849
f 4849 1232 4864
f 4858 4849 4864
f 1236 4863 4861
f 4863 1235 4864
f 4864 1232 4861
f 4863 4864 4861
f 299 4865 4853
f 4865 1237 4866
f 4866 1234 4853
f 4865 4866 4853
f 1237 4867 4868
f 4867 270 4532
f 4532 1153 4868
f 4867 4532 4868
f 1153 4535 4869
f 4535 260 4856
f 4856 1234 4869
f 4535 4856 4869
f 1237 4868 4866
f 4868 1153 4869
f 4869 1234 4866
f 4868 4869 4866
f 300 4870 4872
f 4870 1238 4871
f 4871 1239 4872
f 4870 4871 4872
f 1238 4873 4874
f 4873 289 4750
f 4750 1207 4874
f 4873 4750 4874
f 1207 4748 4876
f 4748 270 4875
f 4875 1239 4876
f 4748 4875 4876
f 1238 4874 4871
f 4874 1207 4876
f 4876 1239 4871
f 4874 4876 4871
f 300 4877 4870
f 4877 1240 4878
f 4878 1238 4870
f 4877 4878 4870
f 1240 4879 4880
f 4879 273 4762
f 4762 1210 4880
f 4879 4762 4880
f 1210 4760 4881
f 4760 289 4873
f 4873 1238 4881
f 4760 4873 4881
f 1240 4880 4878
f 4880 1210 4881
f 4881 1238 4878
f 4880 4881 4878
f 301 4882 4884
f 4882 1241 4883
f 4883 1242 4884
f 4882 4883 4884
f 1241 4885 4886
f 4885 274 4678
f 4678 1189 4886
f 4885 4678 4886
f 1189 4676 4888
f 4676 282 4887
f 4887 1242 4888
f 4676 4887 4888
f 1241 4886 4883
f 4886 1189 4888
f 4888 1242 4883
f 4886 4888 4883
f 301 4889 4882
f 4889 1243 4890
f 4890 1241 4882
f 4889 4890 4882
f 1243 4891 4892
f 4891 290 4767
f 4767 1212 4892
f 4891 4767 4892
f 1212 4770 4893
f 4770 274 4885
f 4885 1241 4893
f 4770 4885 4893
f 1243 4892 4890
f 4892 1212 4893
f 4893 1241 4890
f 4892 4893 4890
f 290 4894 4765
f 4894 1244 4895
f 4895 1211 4765
f 4894 4895 4765
f 1244 4896 4897
f 4896 195 4404
f 4404 1121 4897
f 4896 4404 4897
f 1121 4402 4898
f 4402 251 4768
f 4768 1211 4898
f 4402 4768 4898
f 1244 4897 4895
f 4897 1121 4898
f 4898 1211 4895
f 4897 4898 4895
f 302 4899 4901
f 4899 1245 4900
f 4900 1246 4901
f 4899 4900 4901
f 1245 4902 4903
f 4902 239 4589
f 4589 1167 4903
f 4902 4589 4903
f 1167 4587 4905
f 4587 275 4904
f 4904 1246 4905
f 4587 4904 4905
f 1245 4903 4900
f 4903 1167 4905
f 4905 1246 4900
f 4903 4905 4900
f 303 4906 4908
f 4906 1247 4907
f 4907 1248 4908
f 4906 4907 4908
f 1247 4909 4910
f 4909 240 4184
f 4184 1065 4910
f 4909 4184 4910
f 1065 4182 4912
f 4182 239 4911
f 4911 1248 4912
f 4182 4911 4912
f 1247 4910 4907
f 4910 1065 4912
f 4912 1248 4907
f 4910 4912 4907
f 302 4913 4899
f 4913 1249 4914
f 4914 1245 4899
f 4913 4914 4899
f 1249 4915 4916
f 4915 303 4908
f 4908 1248 4916
f 4915 4908 4916
f 1248 4911 4917
f 4911 239 4902
f 4902 1245 4917
f 4911 4902 4917
f 1249 4916 4914
f 4916 1248 4917
f 4917 1245 4914
f 4916 4917 4914
f 276 4918 4686
f 4918 1250 4919
f 4919 1191 4686
f 4918 4919 4686
f 1250 4920 4922
f 4920 304 4921
f 4921 1251 4922
f 4920 4921 4922
f 1251 4923 4924
f 4923 283 4683
f 4683 1191 4924
f 4923 4683 4924
f 1250 4922 4919
f 4922 1251 4924
f 4924 1191 4919
f 4922 4924 4919
f 305 4925 4927
f 4925 1252 4926
f 4926 1253 4927
f 4925 4926 4927
f 1252 4928 4929
f 4928 284 4781
f 4781 1215 4929
f 4928 4781 4929
f 1215 4779 4931
f 4779 283 4930
f 4930 1253 4931
f 4779 4930 4931
f 1252 4929 4926
f 4929 1215 4931
f 4931 1253 4926
f 4929 4931 4926
f 305 4932 4925
f 4932 1254 4933
f 4933 1252 4925
f 4932 4933 4925
f 1254 4934 4935
f 4934 292 4786
f 4786 1217 4935
f 4934 4786 4935
f 1217 4789 4936
f 4789 284 4928
f 4928 1252 4936
f 4789 4928 4936
f 1254 4935 4933
f 4935 1217 4936
f 4936 1252 4933
f 4935 4936 4933
f 305 4937 4932
f 4937 1255 4938
f 4938 1254 4932
f 4937 4938 4932
f 1255 4939 4941
f 4939 306 4940
f 4940 1256 4941
f 4939 4940 4941
f 1256 4942 4943
f 4942 292 4934
f 4934 1254 4943
f 4942 4934 4943
f 1255 4941 4938
f 4941 1256 4943
f 4943 1254 4938
f 4941 4943 4938
f 306 4944 4940
f 4944 1257 4945
f 4945 1256 4940
f 4944 4945 4940
f 1257 4946 4947
f 4946 293 4800
f 4800 1220 4947
f 4946 4800 4947
f 1220 4798 4948
f 4798 292 4942
f 4942 1256 4948
f 4798 4942 4948
f 1257 4947 4945
f 4947 1220 4948
f 4948 1256 4945
f 4947 4948 4945
f 293 4949 4803
f 4949 1258 4950
f 4950 1221 4803
f 4949 4950 4803
f 1258 4951 4953
f 4951 307 4952
f 4952 1259 4953
f 4951 4952 4953
f 1259 4954 4955
f 4954 294 4805
f 4805 1221 4955
f 4954 4805 4955
f 1258 4953 4950
f 4953 1259 4955
f 4955 1221 4950
f 4953 4955 4950
f 308 4956 4958
f 4956 1260 4957
f 4957 1261 4958
f 4956 4957 4958
f 1260 4959 4960
f 4959 286 4812
f 4812 1223 4960
f 4959 4812 4960
f 1223 4810 4962
f 4810 294 4961
f 4961 1261 4962
f 4810 4961 4962
f 1260 4960 4957
f 4960 1223 4962
f 4962 1261 4957
f 4960 4962 4957
f 307 4963 4952
f 4963 1262 4964
f 4964 1259 4952
f 4963 4964 4952
f 1262 4965 4966
f 4965 308 4958
f 4958 1261 4966
f 4965 4958 4966
f 1261 4961 4967
f 4961 294 4954
f 4954 1259 4967
f 4961 4954 4967
f 1262 4966 4964
f 4966 1261 4967
f 4967 1259 4964
f 4966 4967 4964
f 308 4968 4956
f 4968 1263 4969
f 4969 1260 4956
f 4968 4969 4956
f 1263 4970 4971
f 4970 295 4817
f 4817 1225 4971
f 4970 4817 4971
f 1225 4820 4972
f 4820 286 4959
f 4959 1260 4972
f 4820 4959 4972
f 1263 4971 4969
f 4971 1225 4972
f 4972 1260 4969
f 4971 4972 4969
f 295 4973 4815
f 4973 1264 4974
f 4974 1224 4815
f 4973 4974 4815
f 1264 4975 4976
f 4975 53 4824
f 4824 1226 4976
f 4975 4824 4976
f 1226 4822 4977
f 4822 287 4818
f 4818 1224 4977
f 4822 4818 4977
f 1264 4976 4974
f 4976 1226 4977
f 4977 1224 4974
f 4976 4977 4974
f 309 4978 4980
f 4978 1265 4979
f 4979 1266 4980
f 4978 4979 4980
f 1265 4981 4982
f 4981 265 4656
f 4656 1184 4982
f 4981 4656 4982
f 1184 4654 4984
f 4654 281 4983
f 4983 1266 4984
f 4654 4983 4984
f 1265 4982 4979
f 4982 1184 4984
f 4984 1266 4979
f 4982 4984 4979
f 309 4985 4978
f 4985 1267 4986
f 4986 1265 4978
f 4985 4986 4978
f 1267 4987 4988
f 4987 296 4829
f 4829 1228 4988
f 4987 4829 4988
f 1228 4832 4989
f 4832 265 4981
f 4981 1265 4989
f 4832 4981 4989
f 1267 4988 4986
f 4988 1228 4989
f 4989 1265 4986
f 4988 4989 4986
f 288 4743 4991
f 4743 1206 4990
f 4990 1268 4991
f 4743 4990 4991
f 1206 4746 4992
f 4746 258 4830
f 4830 1227 4992
f 4746 4830 4992
f 1227 4827 4994
f 4827 296 4993
f 4993 1268 4994
f 4827 4993 4994
f 1206 4992 4990
f 4992 1227 4994
f 4994 1268 4990
f 4992 4994 4990
f 310 4995 4997
f 4995 1269 4996
f 4996 1270 4997
f 4995 4996 4997
f 1269 4998 4999
f 4998 266 4661
f 4661 1185 4999
f 4998 4661 4999
f 1185 4659 5001
f 4659 246 5000
f 5000 1270 5001
f 4659 5000 5001
f 1269 4999 4996
f 4999 1185 5001
f 5001 1270 4996
f 4999 5001 4996
f 311 5002 5004
f 5002 1271 5003
f 5003 1272 5004
f 5002 5003 5004
f 1271 5005 5006
f 5005 297 4836
f 4836 1230 5006
f 5005 4836 5006
f 1230 4839 5008
f 4839 267 5007
f 5007 1272 5008
f 4839 5007 5008
f 1271 5006 5003
f 5006 1230 5008
f 5008 1272 5003
f 5006 5008 5003
f 312 5009 5011
f 5009 1273 5010
f 5010 1274 5011
f 5009 5010 5011
f 1273 5012 5013
f 5012 269 4522
f 4522 1150 5013
f 5012 4522 5013
f 1150 4520 5015
f 4520 268 5014
f 5014 1274 5015
f 4520 5014 5015
f 1273 5013 5010
f 5013 1150 5015
f 5015 1274 5010
f 5013 5015 5010
f 313 5016 5018
f 5016 1275 5017
f 5017 1276 5018
f 5016 5017 5018
f 1275 5019 5020
f 5019 312 5011
f 5011 1274 5020
f 5019 5011 5020
f 1274 5014 5022
f 5014 268 5021
f 5021 1276 5022
f 5014 5021 5022
f 1275 5020 5017
f 5020 1274 5022
f 5022 1276 5017
f 5020 5022 5017
f 312 5023 5009
f 5023 1277 5024
f 5024 1273 5009
f 5023 5024 5009
f 1277 5025 5026
f 5025 298 4848
f 4848 1233 5026
f 5025 4848 5026
f 1233 4851 5027
f 4851 269 5012
f 5012 1273 5027
f 4851 5012 5027
f 1277 5026 5024
f 5026 1233 5027
f 5027 1273 5024
f 5026 5027 5024
f 314 5028 5030
f 5028 1278 5029
f 5029 1279 5030
f 5028 5029 5030
f 1278 5031 5032
f 5031 270 4867
f 4867 1237 5032
f 5031 4867 5032
f 1237 4865 5034
f 4865 299 5033
f 5033 1279 5034
f 4865 5033 5034
f 1278 5032 5029
f 5032 1237 5034
f 5034 1279 5029
f 5032 5034 5029
f 315 5035 5037
f 5035 1280 5036
f 5036 1281 5037
f 5035 5036 5037
f 1280 5038 5039
f 5038 300 4872
f 4872 1239 5039
f 5038 4872 5039
f 1239 4875 5041
f 4875 270 5040
f 5040 1281 5041
f 4875 5040 5041
f 1280 5039 5036
f 5039 1239 5041
f 5041 1281 5036
f 5039 5041 5036
f 315 5042 5035
f 5042 1282 5043
f 5043 1280 5035
f 5042 5043 5035
f 1282 5044 5046
f 5044 316 5045
f 5045 1283 5046
f 5044 5045 5046
f 1283 5047 5048
f 5047 300 5038
f 5038 1280 5048
f 5047 5038 5048
f 1282 5046 5043
f 5046 1283 5048
f 5048 1280 5043
f 5046 5048 5043
f 317 5049 5051
f 5049 1284 5050
f 5050 1285 5051
f 5049 5050 5051
f 1284 5052 5053
f 5052 273 4879
f 4879 1240 5053
f 5052 4879 5053
f 1240 4877 5055
f 4877 300 5054
f 5054 1285 5055
f 4877 5054 5055
f 1284 5053 5050
f 5053 1240 5055
f 5055 1285 5050
f 5053 5055 5050
f 316 5056 5045
f 5056 1286 5057
f 5057 1283 5045
f 5056 5057 5045
f 1286 5058 5059
f 5058 317 5051
f 5051 1285 5059
f 5058 5051 5059
f 1285 5054 5060
f 5054 300 5047
f 5047 1283 5060
f 5054 5047 5060
f 1286 5059 5057
f 5059 1285 5060
f 5060 1283 5057
f 5059 5060 5057
f 317 5061 5049
f 5061 1287 5062
f 5062 1284 5049
f 5061 5062 5049
f 1287 5063 5064
f 5063 282 4671
f 4671 1188 5064
f 5063 4671 5064
f 1188 4674 5065
f 4674 273 5052
f 5052 1284 5065
f 4674 5052 5065
f 1287 5064 5062
f 5064 1188 5065
f 5065 1284 5062
f 5064 5065 5062
f 318 5066 5068
f 5066 1288 5067
f 5067 1289 5068
f 5066 5067 5068
f 1288 5069 5070
f 5069 240 4909
f 4909 1247 5070
f 5069 4909 5070
f 1247 4906 5072
f 4906 303 5071
f 5071 1289 5072
f 4906 5071 5072
f 1288 5070 5067
f 5070 1247 5072
f 5072 1289 5067
f 5070 5072 5067
f 318 5073 5066
f 5073 1290 5074
f 5074 1288 5066
f 5073 5074 5066
f 1290 5075 5076
f 5075 276 4594
f 4594 1169 5076
f 5075 4594 5076
f 1169 4597 5077
f 4597 240 5069
f 5069 1288 5077
f 4597 5069 5077
f 1290 5076 5074
f 5076 1169 5077
f 5077 1288 5074
f 5076 5077 5074
f 319 5078 5080
f 5078 1291 5079
f 5079 1292 5080
f 5078 5079 5080
f 1291 5081 5082
f 5081 306 4939
f 4939 1255 5082
f 5081 4939 5082
f 1255 4937 5084
f 4937 305 5083
f 5083 1292 5084
f 4937 5083 5084
f 1291 5082 5079
f 5082 1255 5084
f 5084 1292 5079
f 5082 5084 5079
f 319 5085 5078
f 5085 1293 5086
f 5086 1291 5078
f 5085 5086 5078
f 1293 5087 5088
f 5087 293 4946
f 4946 1257 5088
f 5087 4946 5088
f 1257 4944 5089
f 4944 306 5081
f 5081 1291 5089
f 4944 5081 5089
f 1293 5088 5086
f 5088 1257 5089
f 5089 1291 5086
f 5088 5089 5086
f 320 5090 5092
f 5090 1294 5091
f 5091 1295 5092
f 5090 5091 5092
f 1294 5093 5094
f 5093 307 4951
f 4951 1258 5094
f 5093 4951 5094
f 1258 4949 5096
f 4949 293 5095
f 5095 1295 5096
f 4949 5095 5096
f 1294 5094 5091
f 5094 1258 5096
f 5096 1295 5091
f 5094 5096 5091
f 320 5097 5090
f 5097 1296 5098
f 5098 1294 5090
f 5097 5098 5090
f 1296 5099 5100
f 5099 308 4965
f 4965 1262 5100
f 5099 4965 5100
f 1262 4963 5101
f 4963 307 5093
f 5093 1294 5101
f 4963 5093 5101
f 1296 5100 5098
f 5100 1262 5101
f 5101 1294 5098
f 5100 5101 5098
f 320 5102 5097
f 5102 1297 5103
f 5103 1296 5097
f 5102 5103 5097
f 1297 5104 5106
f 5104 321 5105
f 5105 1298 5106
f 5104 5105 5106
f 1298 5107 5108
f 5107 308 5099
f 5099 1296 5108
f 5107 5099 5108
f 1297 5106 5103
f 5106 1298 5108
f 5108 1296 5103
f 5106 5108 5103
f 308 5109 4968
f 5109 1299 5110
f 5110 1263 4968
f 5109 5110 4968
f 1299 5111 5112
f 5111 53 4975
f 4975 1264 5112
f 5111 4975 5112
f 1264 4973 5113
f 4973 295 4970
f 4970 1263 5113
f 4973 4970 5113
f 1299 5112 5110
f 5112 1264 5113
f 5113 1263 5110
f 5112 5113 5110
f 288 5114 4741
f 5114 1300 5115
f 5115 1205 4741
f 5114 5115 4741
f 1300 5116 5117
f 5116 310 4997
f 4997 1270 5117
f 5116 4997 5117
f 1270 5000 5118
f 5000 246 4744
f 4744 1205 5118
f 5000 4744 5118
f 1300 5117 5115
f 5117 1270 5118
f 5118 1205 5115
f 5117 5118 5115
f 297 5119 4841
f 5119 1301 5120
f 5120 1231 4841
f 5119 5120 4841
f 1301 5121 5122
f 5121 313 5018
f 5018 1276 5122
f 5121 5018 5122
f 1276 5021 5123
f 5021 268 4843
f 4843 1231 5123
f 5021 4843 5123
f 1301 5122 5120
f 5122 1276 5123
f 5123 1231 5120
f 5122 5123 5120
f 314 5124 5028
f 5124 1302 5125
f 5125 1278 5028
f 5124 5125 5028
f 1302 5126 5127
f 5126 315 5037
f 5037 1281 5127
f 5126 5037 5127
f 1281 5040 5128
f 5040 270 5031
f 5031 1278 5128
f 5040 5031 5128
f 1302 5127 5125
f 5127 1281 5128
f 5128 1278 5125
f 5127 5128 5125
f 322 5129 5131
f 5129 1303 5130
f 5130 1304 5131
f 5129 5130 5131
f 1303 5132 5133
f 5132 282 5063
f 5063 1287 5133
f 5132 5063 5133
f 1287 5061 5135
f 5061 317 5134
f 5134 1304 5135
f 5061 5134 5135
f 1303 5133 5130
f 5133 1287 5135
f 5135 1304 5130
f 5133 5135 5130
f 322 5136 5129
f 5136 1305 5137
f 5137 1303 5129
f 5136 5137 5129
f 1305 5138 5139
f 5138 301 4884
f 4884 1242 5139
f 5138 4884 5139
f 1242 4887 5140
f 4887 282 5132
f 5132 1303 5140
f 4887 5132 5140
f 1305 5139 5137
f 5139 1242 5140
f 5140 1303 5137
f 5139 5140 5137
f 318 5141 5073
f 5141 1306 5142
f 5142 1290 5073
f 5141 5142 5073
f 1306 5143 5144
f 5143 304 4920
f 4920 1250 5144
f 5143 4920 5144
f 1250 4918 5145
f 4918 276 5075
f 5075 1290 5145
f 4918 5075 5145
f 1306 5144 5142
f 5144 1250 5145
f 5145 1290 5142
f 5144 5145 5142
f 323 5146 5148
f 5146 1307 5147
f 5147 1308 5148
f 5146 5147 5148
f 1307 5149 5150
f 5149 305 4927
f 4927 1253 5150
f 5149 4927 5150
f 1253 4930 5152
f 4930 283 5151
f 5151 1308 5152
f 4930 5151 5152
f 1307 5150 5147
f 5150 1253 5152
f 5152 1308 5147
f 5150 5152 5147
f 304 5153 4921
f 5153 1309 5154
f 5154 1251 4921
f 5153 5154 4921
f 1309 5155 5156
f 5155 323 5148
f 5148 1308 5156
f 5155 5148 5156
f 1308 5151 5157
f 5151 283 4923
f 4923 1251 5157
f 5151 4923 5157
f 1309 5156 5154
f 5156 1308 5157
f 5157 1251 5154
f 5156 5157 5154
f 324 5158 5160
f 5158 1310 5159
f 5159 1311 5160
f 5158 5159 5160
f 1310 5161 5162
f 5161 319 5080
f 5080 1292 5162
f 5161 5080 5162
f 1292 5083 5164
f 5083 305 5163
f 5163 1311 5164
f 5083 5163 5164
f 1310 5162 5159
f 5162 1292 5164
f 5164 1311 5159
f 5162 5164 5159
f 323 5165 5146
f 5165 1312 5166
f 5166 1307 5146
f 5165 5166 5146
f 1312 5167 5168
f 5167 324 5160
f 5160 1311 5168
f 5167 5160 5168
f 1311 5163 5169
f 5163 305 5149
f 5149 1307 5169
f 5163 5149 5169
f 1312 5168 5166
f 5168 1311 5169
f 5169 1307 5166
f 5168 5169 5166
f 325 5170 5172
f 5170 1313 5171
f 5171 1314 5172
f 5170 5171 5172
f 1313 5173 5174
f 5173 293 5087
f 5087 1293 5174
f 5173 5087 5174
f 1293 5085 5176
f 5085 319 5175
f 5175 1314 5176
f 5085 5175 5176
f 1313 5174 5171
f 5174 1293 5176
f 5176 1314 5171
f 5174 5176 5171
f 324 5177 5158
f 5177 1315 5178
f 5178 1310 5158
f 5177 5178 5158
f 1315 5179 5180
f 5179 325 5172
f 5172 1314 5180
f 5179 5172 5180
f 1314 5175 5181
f 5175 319 5161
f 5161 1310 5181
f 5175 5161 5181
f 1315 5180 5178
f 5180 1314 5181
f 5181 1310 5178
f 5180 5181 5178
f 325 5182 5170
f 5182 1316 5183
f 5183 1313 5170
f 5182 5183 5170
f 1316 5184 5186
f 5184 326 5185
f 5185 1317 5186
f 5184 5185 5186
f 1317 5187 5188
f 5187 293 5173
f 5173 1313 5188
f 5187 5173 5188
f 1316 5186 5183
f 5186 1317 5188
f 5188 1313 5183
f 5186 5188 5183
f 326 5189 5185
f 5189 1318 5190
f 5190 1317 5185
f 5189 5190 5185
f 1318 5191 5192
f 5191 320 5092
f 5092 1295 5192
f 5191 5092 5192
f 1295 5095 5193
f 5095 293 5187
f 5187 1317 5193
f 5095 5187 5193
f 1318 5192 5190
f 5192 1295 5193
f 5193 1317 5190
f 5192 5193 5190
f 327 5194 5196
f 5194 1319 5195
f 5195 1320 5196
f 5194 5195 5196
f 1319 5197 5198
f 5197 321 5104
f 5104 1297 5198
f 5197 5104 5198
f 1297 5102 5200
f 5102 320 5199
f 5199 1320 5200
f 5102 5199 5200
f 1319 5198 5195
f 5198 1297 5200
f 5200 1320 5195
f 5198 5200 5195
f 321 5201 5105
f 5201 1321 5202
f 5202 1298 5105
f 5201 5202 5105
f 1321 5203 5204
f 5203 53 5111
f 5111 1299 5204
f 5203 5111 5204
f 1299 5109 5205
f 5109 308 5107
f 5107 1298 5205
f 5109 5107 5205
f 1321 5204 5202
f 5204 1299 5205
f 5205 1298 5202
f 5204 5205 5202
f 328 5206 5208
f 5206 1322 5207
f 5207 1323 5208
f 5206 5207 5208
f 1322 5209 5210
f 5209 281 4649
f 4649 1183 5210
f 5209 4649 5210
f 1183 4652 5212
f 4652 257 5211
f 5211 1323 5212
f 4652 5211 5212
f 1322 5210 5207
f 5210 1183 5212
f 5212 1323 5207
f 5210 5212 5207
f 328 5213 5206
f 5213 1324 5214
f 5214 1322 5206
f 5213 5214 5206
f 1324 5215 5216
f 5215 309 4980
f 4980 1266 5216
f 5215 4980 5216
f 1266 4983 5217
f 4983 281 5209
f 5209 1322 5217
f 4983 5209 5217
f 1324 5216 5214
f 5216 1266 5217
f 5217 1322 5214
f 5216 5217 5214
f 329 5218 5220
f 5218 1325 5219
f 5219 1326 5220
f 5218 5219 5220
f 1325 5221 5222
f 5221 288 4991
f 4991 1268 5222
f 5221 4991 5222
f 1268 4993 5224
f 4993 296 5223
f 5223 1326 5224
f 4993 5223 5224
f 1325 5222 5219
f 5222 1268 5224
f 5224 1326 5219
f 5222 5224 5219
f 314 5225 5124
f 5225 1327 5226
f 5226 1302 5124
f 5225 5226 5124
f 1327 5227 5229
f 5227 330 5228
f 5228 1328 5229
f 5227 5228 5229
f 1328 5230 5231
f 5230 315 5126
f 5126 1302 5231
f 5230 5126 5231
f 1327 5229 5226
f 5229 1328 5231
f 5231 1302 5226
f 5229 5231 5226
f 330 5232 5228
f 5232 1329 5233
f 5233 1328 5228
f 5232 5233 5228
f 1329 5234 5235
f 5234 316 5044
f 5044 1282 5235
f 5234 5044 5235
f 1282 5042 5236
f 5042 315 5230
f 5230 1328 5236
f 5042 5230 5236
f 1329 5235 5233
f 5235 1282 5236
f 5236 1328 5233
f 5235 5236 5233
f 330 5237 5232
f 5237 1330 5238
f 5238 1329 5232
f 5237 5238 5232
f 1330 5239 5240
f 5239 317 5058
f 5058 1286 5240
f 5239 5058 5240
f 1286 5056 5241
f 5056 316 5234
f 5234 1329 5241
f 5056 5234 5241
f 1330 5240 5238
f 5240 1286 5241
f 5241 1329 5238
f 5240 5241 5238
f 322 5242 5136
f 5242 1331 5243
f 5243 1305 5136
f 5242 5243 5136
f 1331 5244 5245
f 5244 290 4891
f 4891 1243 5245
f 5244 4891 5245
f 1243 4889 5246
f 4889 301 5138
f 5138 1305 5246
f 4889 5138 5246
f 1331 5245 5243
f 5245 1243 5246
f 5246 1305 5243
f 5245 5246 5243
f 290 5247 4894
f 5247 1332 5248
f 5248 1244 4894
f 5247 5248 4894
f 1332 5249 5250
f 5249 291 4774
f 4774 1214 5250
f 5249 4774 5250
f 1214 4777 5251
f 4777 195 4896
f 4896 1244 5251
f 4777 4896 5251
f 1332 5250 5248
f 5250 1214 5251
f 5251 1244 5248
f 5250 5251 5248
f 291 5252 4772
f 5252 1333 5253
f 5253 1213 4772
f 5252 5253 4772
f 1333 5254 5255
f 5254 302 4901
f 4901 1246 5255
f 5254 4901 5255
f 1246 4904 5256
f 4904 275 4775
f 4775 1213 5256
f 4904 4775 5256
f 1333 5255 5253
f 5255 1246 5256
f 5256 1213 5253
f 5255 5256 5253
f 331 5257 5259
f 5257 1334 5258
f 5258 1335 5259
f 5257 5258 5259
f 1334 5260 5261
f 5260 318 5068
f 5068 1289 5261
f 5260 5068 5261
f 1289 5071 5263
f 5071 303 5262
f 5262 1335 5263
f 5071 5262 5263
f 1334 5261 5258
f 5261 1289 5263
f 5263 1335 5258
f 5261 5263 5258
f 332 5264 5266
f 5264 1336 5265
f 5265 1337 5266
f 5264 5265 5266
f 1336 5267 5268
f 5267 324 5167
f 5167 1312 5268
f 5267 5167 5268
f 1312 5165 5270
f 5165 323 5269
f 5269 1337 5270
f 5165 5269 5270
f 1336 5268 5265
f 5268 1312 5270
f 5270 1337 5265
f 5268 5270 5265
f 332 5271 5264
f 5271 1338 5272
f 5272 1336 5264
f 5271 5272 5264
f 1338 5273 5274
f 5273 325 5179
f 5179 1315 5274
f 5273 5179 5274
f 1315 5177 5275
f 5177 324 5267
f 5267 1336 5275
f 5177 5267 5275
f 1338 5274 5272
f 5274 1315 5275
f 5275 1336 5272
f 5274 5275 5272
f 325 5276 5182
f 5276 1339 5277
f 5277 1316 5182
f 5276 5277 5182
f 1339 5278 5280
f 5278 333 5279
f 5279 1340 5280
f 5278 5279 5280
f 1340 5281 5282
f 5281 326 5184
f 5184 1316 5282
f 5281 5184 5282
f 1339 5280 5277
f 5280 1340 5282
f 5282 1316 5277
f 5280 5282 5277
f 334 5283 5285
f 5283 1341 5284
f 5284 1342 5285
f 5283 5284 5285
f 1341 5286 5287
f 5286 320 5191
f 5191 1318 5287
f 5286 5191 5287
f 1318 5189 5289
f 5189 326 5288
f 5288 1342 5289
f 5189 5288 5289
f 1341 5287 5284
f 5287 1318 5289
f 5289 1342 5284
f 5287 5289 5284
f 333 5290 5279
f 5290 1343 5291
f 5291 1340 5279
f 5290 5291 5279
f 1343 5292 5293
f 5292 334 5285
f 5285 1342 5293
f 5292 5285 5293
f 1342 5288 5294
f 5288 326 5281
f 5281 1340 5294
f 5288 5281 5294
f 1343 5293 5291
f 5293 1342 5294
f 5294 1340 5291
f 5293 5294 5291
f 334 5295 5283
f 5295 1344 5296
f 5296 1341 5283
f 5295 5296 5283
f 1344 5297 5298
f 5297 327 5196
f 5196 1320 5298
f 5297 5196 5298
f 1320 5199 5299
f 5199 320 5286
f 5286 1341 5299
f 5199 5286 5299
f 1344 5298 5296
f 5298 1320 5299
f 5299 1341 5296
f 5298 5299 5296
f 327 5300 5194
f 5300 1345 5301
f 5301 1319 5194
f 5300 5301 5194
f 1345 5302 5303
f 5302 53 5203
f 5203 1321 5303
f 5302 5203 5303
f 1321 5201 5304
f 5201 321 5197
f 5197 1319 5304
f 5201 5197 5304
f 1345 5303 5301
f 5303 1321 5304
f 5304 1319 5301
f 5303 5304 5301
f 335 5305 5307
f 5305 1346 5306
f 5306 1347 5307
f 5305 5306 5307
f 1346 5308 5309
f 5308 257 4356
f 4356 1110 5309
f 5308 4356 5309
f 1110 4359 5311
f 4359 91 5310
f 5310 1347 5311
f 4359 5310 5311
f 1346 5309 5306
f 5309 1110 5311
f 5311 1347 5306
f 5309 5311 5306
f 335 5312 5305
f 5312 1348 5313
f 5313 1346 5305
f 5312 5313 5305
f 1348 5314 5315
f 5314 328 5208
f 5208 1323 5315
f 5314 5208 5315
f 1323 5211 5316
f 5211 257 5308
f 5308 1346 5316
f 5211 5308 5316
f 1348 5315 5313
f 5315 1323 5316
f 5316 1346 5313
f 5315 5316 5313
f 336 5317 5319
f 5317 1349 5318
f 5318 1350 5319
f 5317 5318 5319
f 1349 5320 5321
f 5320 296 4987
f 4987 1267 5321
f 5320 4987 5321
f 1267 4985 5323
f 4985 309 5322
f 5322 1350 5323
f 4985 5322 5323
f 1349 5321 5318
f 5321 1267 5323
f 5323 1350 5318
f 5321 5323 5318
f 337 5324 5326
f 5324 1351 5325
f 5325 1352 5326
f 5324 5325 5326
f 1351 5327 5328
f 5327 297 5005
f 5005 1271 5328
f 5327 5005 5328
f 1271 5002 5330
f 5002 311 5329
f 5329 1352 5330
f 5002 5329 5330
f 1351 5328 5325
f 5328 1271 5330
f 5330 1352 5325
f 5328 5330 5325
f 338 5331 5333
f 5331 1353 5332
f 5332 1354 5333
f 5331 5332 5333
f 1353 5334 5335
f 5334 298 5025
f 5025 1277 5335
f 5334 5025 5335
f 1277 5023 5337
f 5023 312 5336
f 5336 1354 5337
f 5023 5336 5337
f 1353 5335 5332
f 5335 1277 5337
f 5337 1354 5332
f 5335 5337 5332
f 339 5338 5340
f 5338 1355 5339
f 5339 1356 5340
f 5338 5339 5340
f 1355 5341 5342
f 5341 299 4862
f 4862 1236 5342
f 5341 4862 5342
f 1236 4860 5344
f 4860 298 5343
f 5343 1356 5344
f 4860 5343 5344
f 1355 5342 5339
f 5342 1236 5344
f 5344 1356 5339
f 5342 5344 5339
f 338 5345 5331
f 5345 1357 5346
f 5346 1353 5331
f 5345 5346 5331
f 1357 5347 5348
f 5347 339 5340
f 5340 1356 5348
f 5347 5340 5348
f 1356 5343 5349
f 5343 298 5334
f 5334 1353 5349
f 5343 5334 5349
f 1357 5348 5346
f 5348 1356 5349
f 5349 1353 5346
f 5348 5349 5346
f 339 5350 5338
f 5350 1358 5351
f 5351 1355 5338
f 5350 5351 5338
f 1358 5352 5353
f 5352 314 5030
f 5030 1279 5353
f 5352 5030 5353
f 1279 5033 5354
f 5033 299 5341
f 5341 1355 5354
f 5033 5341 5354
f 1358 5353 5351
f 5353 1279 5354
f 5354 1355 5351
f 5353 5354 5351
f 340 5355 5357
f 5355 1359 5356
f 5356 1360 5357
f 5355 5356 5357
f 1359 5358 5359
f 5358 330 5227
f 5227 1327 5359
f 5358 5227 5359
f 1327 5225 5361
f 5225 314 5360
f 5360 1360 5361
f 5225 5360 5361
f 1359 5359 5356
f 5359 1327 5361
f 5361 1360 5356
f 5359 5361 5356
f 341 5362 5364
f 5362 1361 5363
f 5363 1362 5364
f 5362 5363 5364
f 1361 5365 5366
f 5365 317 5239
f 5239 1330 5366
f 5365 5239 5366
f 1330 5237 5368
f 5237 330 5367
f 5367 1362 5368
f 5237 5367 5368
f 1361 5366 5363
f 5366 1330 5368
f 5368 1362 5363
f 5366 5368 5363
f 340 5369 5355
f 5369 1363 5370
f 5370 1359 5355
f 5369 5370 5355
f 1363 5371 5372
f 5371 341 5364
f 5364 1362 5372
f 5371 5364 5372
f 1362 5367 5373
f 5367 330 5358
f 5358 1359 5373
f 5367 5358 5373
f 1363 5372 5370
f 5372 1362 5373
f 5373 1359 5370
f 5372 5373 5370
f 341 5374 5362
f 5374 1364 5375
f 5375 1361 5362
f 5374 5375 5362
f 1364 5376 5377
f 5376 322 5131
f 5131 1304 5377
f 5376 5131 5377
f 1304 5134 5378
f 5134 317 5365
f 5365 1361 5378
f 5134 5365 5378
f 1364 5377 5375
f 5377 1304 5378
f 5378 1361 5375
f 5377 5378 5375
f 342 5379 5381
f 5379 1365 5380
f 5380 1366 5381
f 5379 5380 5381
f 1365 5382 5383
f 5382 290 5244
f 5244 1331 5383
f 5382 5244 5383
f 1331 5242 5385
f 5242 322 5384
f 5384 1366 5385
f 5242 5384 5385
f 1365 5383 5380
f 5383 1331 5385
f 5385 1366 5380
f 5383 5385 5380
f 343 5386 5388
f 5386 1367 5387
f 5387 1368 5388
f 5386 5387 5388
f 1367 5389 5390
f 5389 318 5260
f 5260 1334 5390
f 5389 5260 5390
f 1334 5257 5392
f 5257 331 5391
f 5391 1368 5392
f 5257 5391 5392
f 1367 5390 5387
f 5390 1334 5392
f 5392 1368 5387
f 5390 5392 5387
f 343 5393 5386
f 5393 1369 5394
f 5394 1367 5386
f 5393 5394 5386
f 1369 5395 5396
f 5395 304 5143
f 5143 1306 5396
f 5395 5143 5396
f 1306 5141 5397
f 5141 318 5389
f 5389 1367 5397
f 5141 5389 5397
f 1369 5396 5394
f 5396 1306 5397
f 5397 1367 5394
f 5396 5397 5394
f 344 5398 5400
f 5398 1370 5399
f 5399 1371 5400
f 5398 5399 5400
f 1370 5401 5402
f 5401 323 5155
f 5155 1309 5402
f 5401 5155 5402
f 1309 5153 5404
f 5153 304 5403
f 5403 1371 5404
f 5153 5403 5404
f 1370 5402 5399
f 5402 1309 5404
f 5404 1371 5399
f 5402 5404 5399
f 344 5405 5398
f 5405 1372 5406
f 5406 1370 5398
f 5405 5406 5398
f 1372 5407 5408
f 5407 332 5266
f 5266 1337 5408
f 5407 5266 5408
f 1337 5269 5409
f 5269 323 5401
f 5401 1370 5409
f 5269 5401 5409
f 1372 5408 5406
f 5408 1337 5409
f 5409 1370 5406
f 5408 5409 5406
f 344 5410 5405
f 5410 1373 5411
f 5411 1372 5405
f 5410 5411 5405
f 1373 5412 5414
f 5412 345 5413
f 5413 1374 5414
f 5412 5413 5414
f 1374 5415 5416
f 5415 332 5407
f 5407 1372 5416
f 5415 5407 5416
f 1373 5414 5411
f 5414 1374 5416
f 5416 1372 5411
f 5414 5416 5411
f 345 5417 5413
f 5417 1375 5418
f 5418 1374 5413
f 5417 5418 5413
f 1375 5419 5420
f 5419 325 5273
f 5273 1338 5420
f 5419 5273 5420
f 1338 5271 5421
f 5271 332 5415
f 5415 1374 5421
f 5271 5415 5421
f 1375 5420 5418
f 5420 1338 5421
f 5421 1374 5418
f 5420 5421 5418
f 346 5422 5424
f 5422 1376 5423
f 5423 1377 5424
f 5422 5423 5424
f 1376 5425 5426
f 5425 333 5278
f 5278 1339 5426
f 5425 5278 5426
f 1339 5276 5428
f 5276 325 5427
f 5427 1377 5428
f 5276 5427 5428
f 1376 5426 5423
f 5426 1339 5428
f 5428 1377 5423
f 5426 5428 5423
f 346 5429 5422
f 5429 1378 5430
f 5430 1376 5422
f 5429 5430 5422
f 1378 5431 5432
f 5431 334 5292
f 5292 1343 5432
f 5431 5292 5432
f 1343 5290 5433
f 5290 333 5425
f 5425 1376 5433
f 5290 5425 5433
f 1378 5432 5430
f 5432 1343 5433
f 5433 1376 5430
f 5432 5433 5430
f 346 5434 5429
f 5434 1379 5435
f 5435 1378 5429
f 5434 5435 5429
f 1379 5436 5438
f 5436 347 5437
f 5437 1380 5438
f 5436 5437 5438
f 1380 5439 5440
f 5439 334 5431
f 5431 1378 5440
f 5439 5431 5440
f 1379 5438 5435
f 5438 1380 5440
f 5440 1378 5435
f 5438 5440 5435
f 334 5441 5295
f 5441 1381 5442
f 5442 1344 5295
f 5441 5442 5295
f 1381 5443 5444
f 5443 53 5302
f 5302 1345 5444
f 5443 5302 5444
f 1345 5300 5445
f 5300 327 5297
f 5297 1344 5445
f 5300 5297 5445
f 1381 5444 5442
f 5444 1345 5445
f 5445 1344 5442
f 5444 5445 5442
f 348 5446 5448
f 5446 1382 5447
f 5447 1383 5448
f 5446 5447 5448
f 1382 5449 5450
f 5449 309 5215
f 5215 1324 5450
f 5449 5215 5450
f 1324 5213 5452
f 5213 328 5451
f 5451 1383 5452
f 5213 5451 5452
f 1382 5450 5447
f 5450 1324 5452
f 5452 1383 5447
f 5450 5452 5447
f 348 5453 5446
f 5453 1384 5454
f 5454 1382 5446
f 5453 5454 5446
f 1384 5455 5456
f 5455 336 5319
f 5319 1350 5456
f 5455 5319 5456
f 1350 5322 5457
f 5322 309 5449
f 5449 1382 5457
f 5322 5449 5457
f 1384 5456 5454
f 5456 1350 5457
f 5457 1382 5454
f 5456 5457 5454
f 329 5220 5459
f 5220 1326 5458
f 5458 1385 5459
f 5220 5458 5459
f 1326 5223 5460
f 5223 296 5320
f 5320 1349 5460
f 5223 5320 5460
f 1349 5317 5462
f 5317 336 5461
f 5461 1385 5462
f 5317 5461 5462
f 1326 5460 5458
f 5460 1349 5462
f 5462 1385 5458
f 5460 5462 5458
f 349 5463 5465
f 5463 1386 5464
f 5464 1387 5465
f 5463 5464 5465
f 1386 5466 5467
f 5466 310 5116
f 5116 1300 5467
f 5466 5116 5467
f 1300 5114 5469
f 5114 288 5468
f 5468 1387 5469
f 5114 5468 5469
f 1386 5467 5464
f 5467 1300 5469
f 5469 1387 5464
f 5467 5469 5464
f 350 5470 5472
f 5470 1388 5471
f 5471 1389 5472
f 5470 5471 5472
f 1388 5473 5474
f 5473 312 5019
f 5019 1275 5474
f 5473 5019 5474
f 1275 5016 5476
f 5016 313 5475
f 5475 1389 5476
f 5016 5475 5476
f 1388 5474 5471
f 5474 1275 5476
f 5476 1389 5471
f 5474 5476 5471
f 351 5477 5479
f 5477 1390 5478
f 5478 1391 5479
f 5477 5478 5479
f 1390 5480 5481
f 5480 350 5472
f 5472 1389 5481
f 5480 5472 5481
f 1389 5475 5483
f 5475 313 5482
f 5482 1391 5483
f 5475 5482 5483
f 1390 5481 5478
f 5481 1389 5483
f 5483 1391 5478
f 5481 5483 5478
f 350 5484 5470
f 5484 1392 5485
f 5485 1388 5470
f 5484 5485 5470
f 1392 5486 5487
f 5486 338 5333
f 5333 1354 5487
f 5486 5333 5487
f 1354 5336 5488
f 5336 312 5473
f 5473 1388 5488
f 5336 5473 5488
f 1392 5487 5485
f 5487 1354 5488
f 5488 1388 5485
f 5487 5488 5485
f 352 5489 5491
f 5489 1393 5490
f 5490 1394 5491
f 5489 5490 5491
f 1393 5492 5493
f 5492 314 5352
f 5352 1358 5493
f 5492 5352 5493
f 1358 5350 5495
f 5350 339 5494
f 5494 1394 5495
f 5350 5494 5495
f 1393 5493 5490
f 5493 1358 5495
f 5495 1394 5490
f 5493 5495 5490
f 353 5496 5498
f 5496 1395 5497
f 5497 1396 5498
f 5496 5497 5498
f 1395 5499 5500
f 5499 340 5357
f 5357 1360 5500
f 5499 5357 5500
f 1360 5360 5502
f 5360 314 5501
f 5501 1396 5502
f 5360 5501 5502
f 1395 5500 5497
f 5500 1360 5502
f 5502 1396 5497
f 5500 5502 5497
f 353 5503 5496
f 5503 1397 5504
f 5504 1395 5496
f 5503 5504 5496
f 1397 5505 5507
f 5505 354 5506
f 5506 1398 5507
f 5505 5506 5507
f 1398 5508 5509
f 5508 340 5499
f 5499 1395 5509
f 5508 5499 5509
f 1397 5507 5504
f 5507 1398 5509
f 5509 1395 5504
f 5507 5509 5504
f 354 5510 5506
f 5510 1399 5511
f 5511 1398 5506
f 5510 5511 5506
f 1399 5512 5513
f 5512 341 5371
f 5371 1363 5513
f 5512 5371 5513
f 1363 5369 5514
f 5369 340 5508
f 5508 1398 5514
f 5369 5508 5514
f 1399 5513 5511
f 5513 1363 5514
f 5514 1398 5511
f 5513 5514 5511
f 343 5515 5393
f 5515 1400 5516
f 5516 1369 5393
f 5515 5516 5393
f 1400 5517 5518
f 5517 344 5400
f 5400 1371 5518
f 5517 5400 5518
f 1371 5403 5519
f 5403 304 5395
f 5395 1369 5519
f 5403 5395 5519
f 1400 5518 5516
f 5518 1371 5519
f 5519 1369 5516
f 5518 5519 5516
f 355 5520 5522
f 5520 1401 5521
f 5521 1402 5522
f 5520 5521 5522
f 1401 5523 5524
f 5523 345 5412
f 5412 1373 5524
f 5523 5412 5524
f 1373 5410 5526
f 5410 344 5525
f 5525 1402 5526
f 5410 5525 5526
f 1401 5524 5521
f 5524 1373 5526
f 5526 1402 5521
f 5524 5526 5521
f 356 5527 5529
f 5527 1403 5528
f 5528 1404 5529
f 5527 5528 5529
f 1403 5530 5531
f 5530 325 5419
f 5419 1375 5531
f 5530 5419 5531
f 1375 5417 5533
f 5417 345 5532
f 5532 1404 5533
f 5417 5532 5533
f 1403 5531 5528
f 5531 1375 5533
f 5533 1404 5528
f 5531 5533 5528
f 355 5534 5520
f 5534 1405 5535
f 5535 1401 5520
f 5534 5535 5520
f 1405 5536 5537
f 5536 356 5529
f 5529 1404 5537
f 5536 5529 5537
f 1404 5532 5538
f 5532 345 5523
f 5523 1401 5538
f 5532 5523 5538
f 1405 5537 5535
f 5537 1404 5538
f 5538 1401 5535
f 5537 5538 5535
f 356 5539 5527
f 5539 1406 5540
f 5540 1403 5527
f 5539 5540 5527
f 1406 5541 5543
f 5541 357 5542
f 5542 1407 5543
f 5541 5542 5543
f 1407 5544 5545
f 5544 325 5530
f 5530 1403 5545
f 5544 5530 5545
f 1406 5543 5540
f 5543 1407 5545
f 5545 1403 5540
f 5543 5545 5540
f 357 5546 5542
f 5546 1408 5547
f 5547 1407 5542
f 5546 5547 5542
f 1408 5548 5549
f 5548 346 5424
f 5424 1377 5549
f 5548 5424 5549
f 1377 5427 5550
f 5427 325 5544
f 5544 1407 5550
f 5427 5544 5550
f 1408 5549 5547
f 5549 1377 5550
f 5550 1407 5547
f 5549 5550 5547
f 358 5551 5553
f 5551 1409 5552
f 5552 1410 5553
f 5551 5552 5553
f 1409 5554 5555
f 5554 347 5436
f 5436 1379 5555
f 5554 5436 5555
f 1379 5434 5557
f 5434 346 5556
f 5556 1410 5557
f 5434 5556 5557
f 1409 5555 5552
f 5555 1379 5557
f 5557 1410 5552
f 5555 5557 5552
f 347 5558 5437
f 5558 1411 5559
f 5559 1380 5437
f 5558 5559 5437
f 1411 5560 5561
f 5560 53 5443
f 5443 1381 5561
f 5560 5443 5561
f 1381 5441 5562
f 5441 334 5439
f 5439 1380 5562
f 5441 5439 5562
f 1411 5561 5559
f 5561 1381 5562
f 5562 1380 5559
f 5561 5562 5559
f 329 5563 5218
f 5563 1412 5564
f 5564 1325 5218
f 5563 5564 5218
f 1412 5565 5566
f 5565 349 5465
f 5465 1387 5566
f 5565 5465 5566
f 1387 5468 5567
f 5468 288 5221
f 5221 1325 5567
f 5468 5221 5567
f 1412 5566 5564
f 5566 1387 5567
f 5567 1325 5564
f 5566 5567 5564
f 359 5568 5570
f 5568 1413 5569
f 5569 1414 5570
f 5568 5569 5570
f 1413 5571 5572
f 5571 297 5327
f 5327 1351 5572
f 5571 5327 5572
f 1351 5324 5574
f 5324 337 5573
f 5573 1414 5574
f 5324 5573 5574
f 1413 5572 5569
f 5572 1351 5574
f 5574 1414 5569
f 5572 5574 5569
f 359 5575 5568
f 5575 1415 5576
f 5576 1413 5568
f 5575 5576 5568
f 1415 5577 5578
f 5577 313 5121
f 5121 1301 5578
f 5577 5121 5578
f 1301 5119 5579
f 5119 297 5571
f 5571 1413 5579
f 5119 5571 5579
f 1415 5578 5576
f 5578 1301 5579
f 5579 1413 5576
f 5578 5579 5576
f 352 5580 5489
f 5580 1416 5581
f 5581 1393 5489
f 5580 5581 5489
f 1416 5582 5583
f 5582 353 5498
f 5498 1396 5583
f 5582 5498 5583
f 1396 5501 5584
f 5501 314 5492
f 5492 1393 5584
f 5501 5492 5584
f 1416 5583 5581
f 5583 1396 5584
f 5584 1393 5581
f 5583 5584 5581
f 360 5585 5587
f 5585 1417 5586
f 5586 1418 5587
f 5585 5586 5587
f 1417 5588 5589
f 5588 342 5381
f 5381 1366 5589
f 5588 5381 5589
f 1366 5384 5591
f 5384 322 5590
f 5590 1418 5591
f 5384 5590 5591
f 1417 5589 5586
f 5589 1366 5591
f 5591 1418 5586
f 5589 5591 5586
f 361 5592 5594
f 5592 1419 5593
f 5593 1420 5594
f 5592 5593 5594
f 1419 5595 5596
f 5595 302 5254
f 5254 1333 5596
f 5595 5254 5596
f 1333 5252 5598
f 5252 291 5597
f 5597 1420 5598
f 5252 5597 5598
f 1419 5596 5593
f 5596 1333 5598
f 5598 1420 5593
f 5596 5598 5593
f 362 5599 5601
f 5599 1421 5600
f 5600 1422 5601
f 5599 5600 5601
f 1421 5602 5603
f 5602 303 4915
f 4915 1249 5603
f 5602 4915 5603
f 1249 4913 5605
f 4913 302 5604
f 5604 1422 5605
f 4913 5604 5605
f 1421 5603 5600
f 5603 1249 5605
f 5605 1422 5600
f 5603 5605 5600
f 361 5606 5592
f 5606 1423 5607
f 5607 1419 5592
f 5606 5607 5592
f 1423 5608 5609
f 5608 362 5601
f 5601 1422 5609
f 5608 5601 5609
f 1422 5604 5610
f 5604 302 5595
f 5595 1419 5610
f 5604 5595 5610
f 1423 5609 5607
f 5609 1422 5610
f 5610 1419 5607
f 5609 5610 5607
f 331 5611 5391
f 5611 1424 5612
f 5612 1368 5391
f 5611 5612 5391
f 1424 5613 5615
f 5613 363 5614
f 5614 1425 5615
f 5613 5614 5615
f 1425 5616 5617
f 5616 343 5388
f 5388 1368 5617
f 5616 5388 5617
f 1424 5615 5612
f 5615 1425 5617
f 5617 1368 5612
f 5615 5617 5612
f 364 5618 5620
f 5618 1426 5619
f 5619 1427 5620
f 5618 5619 5620
f 1426 5621 5622
f 5621 344 5517
f 5517 1400 5622
f 5621 5517 5622
f 1400 5515 5624
f 5515 343 5623
f 5623 1427 5624
f 5515 5623 5624
f 1426 5622 5619
f 5622 1400 5624
f 5624 1427 5619
f 5622 5624 5619
f 364 5625 5618
f 5625 1428 5626
f 5626 1426 5618
f 5625 5626 5618
f 1428 5627 5628
f 5627 355 5522
f 5522 1402 5628
f 5627 5522 5628
f 1402 5525 5629
f 5525 344 5621
f 5621 1426 5629
f 5525 5621 5629
f 1428 5628 5626
f 5628 1402 5629
f 5629 1426 5626
f 5628 5629 5626
f 364 5630 5625
f 5630 1429 5631
f 5631 1428 5625
f 5630 5631 5625
f 1429 5632 5634
f 5632 365 5633
f 5633 1430 5634
f 5632 5633 5634
f 1430 5635 5636
f 5635 355 5627
f 5627 1428 5636
f 5635 5627 5636
f 1429 5634 5631
f 5634 1430 5636
f 5636 1428 5631
f 5634 5636 5631
f 365 5637 5633
f 5637 1431 5638
f 5638 1430 5633
f 5637 5638 5633
f 1431 5639 5640
f 5639 356 5536
f 5536 1405 5640
f 5639 5536 5640
f 1405 5534 5641
f 5534 355 5635
f 5635 1430 5641
f 5534 5635 5641
f 1431 5640 5638
f 5640 1405 5641
f 5641 1430 5638
f 5640 5641 5638
f 356 5642 5539
f 5642 1432 5643
f 5643 1406 5539
f 5642 5643 5539
f 1432 5644 5646
f 5644 366 5645
f 5645 1433 5646
f 5644 5645 5646
f 1433 5647 5648
f 5647 357 5541
f 5541 1406 5648
f 5647 5541 5648
f 1432 5646 5643
f 5646 1433 5648
f 5648 1406 5643
f 5646 5648 5643
f 367 5649 5651
f 5649 1434 5650
f 5650 1435 5651
f 5649 5650 5651
f 1434 5652 5653
f 5652 346 5548
f 5548 1408 5653
f 5652 5548 5653
f 1408 5546 5655
f 5546 357 5654
f 5654 1435 5655
f 5546 5654 5655
f 1434 5653 5650
f 5653 1408 5655
f 5655 1435 5650
f 5653 5655 5650
f 366 5656 5645
f 5656 1436 5657
f 5657 1433 5645
f 5656 5657 5645
f 1436 5658 5659
f 5658 367 5651
f 5651 1435 5659
f 5658 5651 5659
f 1435 5654 5660
f 5654 357 5647
f 5647 1433 5660
f 5654 5647 5660
f 1436 5659 5657
f 5659 1435 5660
f 5660 1433 5657
f 5659 5660 5657
f 367 5661 5649
f 5661 1437 5662
f 5662 1434 5649
f 5661 5662 5649
f 1437 5663 5664
f 5663 358 5553
f 5553 1410 5664
f 5663 5553 5664
f 1410 5556 5665
f 5556 346 5652
f 5652 1434 5665
f 5556 5652 5665
f 1437 5664 5662
f 5664 1410 5665
f 5665 1434 5662
f 5664 5665 5662
f 358 5666 5551
f 5666 1438 5667
f 5667 1409 5551
f 5666 5667 5551
f 1438 5668 5669
f 5668 53 5560
f 5560 1411 5669
f 5668 5560 5669
f 1411 5558 5670
f 5558 347 5554
f 5554 1409 5670
f 5558 5554 5670
f 1438 5669 5667
f 5669 1411 5670
f 5670 1409 5667
f 5669 5670 5667
f 368 5671 5673
f 5671 1439 5672
f 5672 1440 5673
f 5671 5672 5673
f 1439 5674 5675
f 5674 329 5459
f 5459 1385 5675
f 5674 5459 5675
f 1385 5461 5677
f 5461 336 5676
f 5676 1440 5677
f 5461 5676 5677
f 1439 5675 5672
f 5675 1385 5677
f 5677 1440 5672
f 5675 5677 5672
f 369 5678 5680
f 5678 1441 5679
f 5679 1443 5680
f 5678 5679 5680
f 1441 5681 5683
f 5681 337 5682
f 5682 1442 5683
f 5681 5682 5683
f 1442 5684 5686
f 5684 370 5685
f 5685 1443 5686
f 5684 5685 5686
f 1441 5683 5679
f 5683 1442 5686
f 5686 1443 5679
f 5683 5686 5679
f 369 5687 5678
f 5687 1444 5688
f 5688 1441 5678
f 5687 5688 5678
f 1444 5689 5690
f 5689 359 5570
f 5570 1414 5690
f 5689 5570 5690
f 1414 5573 5691
f 5573 337 5681
f 5681 1441 5691
f 5573 5681 5691
f 1444 5690 5688
f 5690 1414 5691
f 5691 1441 5688
f 5690 5691 5688
f 352 5692 5580
f 5692 1445 5693
f 5693 1416 5580
f 5692 5693 5580
f 1445 5694 5695
f 5694 354 5505
f 5505 1397 5695
f 5694 5505 5695
f 1397 5503 5696
f 5503 353 5582
f 5582 1416 5696
f 5503 5582 5696
f 1445 5695 5693
f 5695 1397 5696
f 5696 1416 5693
f 5695 5696 5693
f 371 5697 5699
f 5697 1446 5698
f 5698 1447 5699
f 5697 5698 5699
f 1446 5700 5701
f 5700 341 5512
f 5512 1399 5701
f 5700 5512 5701
f 1399 5510 5703
f 5510 354 5702
f 5702 1447 5703
f 5510 5702 5703
f 1446 5701 5698
f 5701 1399 5703
f 5703 1447 5698
f 5701 5703 5698
f 360 5587 5705
f 5587 1418 5704
f 5704 1448 5705
f 5587 5704 5705
f 1418 5590 5706
f 5590 322 5376
f 5376 1364 5706
f 5590 5376 5706
f 1364 5374 5708
f 5374 341 5707
f 5707 1448 5708
f 5374 5707 5708
f 1418 5706 5704
f 5706 1364 5708
f 5708 1448 5704
f 5706 5708 5704
f 371 5709 5697
f 5709 1449 5710
f 5710 1446 5697
f 5709 5710 5697
f 1449 5711 5712
f 5711 360 5705
f 5705 1448 5712
f 5711 5705 5712
f 1448 5707 5713
f 5707 341 5700
f 5700 1446 5713
f 5707 5700 5713
f 1449 5712 5710
f 5712 1448 5713
f 5713 1446 5710
f 5712 5713 5710
f 372 5714 5716
f 5714 1450 5715
f 5715 1451 5716
f 5714 5715 5716
f 1450 5717 5718
f 5717 303 5602
f 5602 1421 5718
f 5717 5602 5718
f 1421 5599 5720
f 5599 362 5719
f 5719 1451 5720
f 5599 5719 5720
f 1450 5718 5715
f 5718 1421 5720
f 5720 1451 5715
f 5718 5720 5715
f 372 5721 5714
f 5721 1452 5722
f 5722 1450 5714
f 5721 5722 5714
f 1452 5723 5724
f 5723 331 5259
f 5259 1335 5724
f 5723 5259 5724
f 1335 5262 5725
f 5262 303 5717
f 5717 1450 5725
f 5262 5717 5725
f 1452 5724 5722
f 5724 1335 5725
f 5725 1450 5722
f 5724 5725 5722
f 373 5726 5728
f 5726 1453 5727
f 5727 1454 5728
f 5726 5727 5728
f 1453 5729 5730
f 5729 365 5632
f 5632 1429 5730
f 5729 5632 5730
f 1429 5630 5732
f 5630 364 5731
f 5731 1454 5732
f 5630 5731 5732
f 1453 5730 5727
f 5730 1429 5732
f 5732 1454 5727
f 5730 5732 5727
f 373 5733 5726
f 5733 1455 5734
f 5734 1453 5726
f 5733 5734 5726
f 1455 5735 5736
f 5735 356 5639
f 5639 1431 5736
f 5735 5639 5736
f 1431 5637 5737
f 5637 365 5729
f 5729 1453 5737
f 5637 5729 5737
f 1455 5736 5734
f 5736 1431 5737
f 5737 1453 5734
f 5736 5737 5734
f 374 5738 5740
f 5738 1456 5739
f 5739 1457 5740
f 5738 5739 5740
f 1456 5741 5742
f 5741 366 5644
f 5644 1432 5742
f 5741 5644 5742
f 1432 5642 5744
f 5642 356 5743
f 5743 1457 5744
f 5642 5743 5744
f 1456 5742 5739
f 5742 1432 5744
f 5744 1457 5739
f 5742 5744 5739
f 374 5745 5738
f 5745 1458 5746
f 5746 1456 5738
f 5745 5746 5738
f 1458 5747 5748
f 5747 367 5658
f 5658 1436 5748
f 5747 5658 5748
f 1436 5656 5749
f 5656 366 5741
f 5741 1456 5749
f 5656 5741 5749
f 1458 5748 5746
f 5748 1436 5749
f 5749 1456 5746
f 5748 5749 5746
f 374 5750 5745
f 5750 1459 5751
f 5751 1458 5745
f 5750 5751 5745
f 1459 5752 5754
f 5752 375 5753
f 5753 1460 5754
f 5752 5753 5754
f 1460 5755 5756
f 5755 367 5747
f 5747 1458 5756
f 5755 5747 5756
f 1459 5754 5751
f 5754 1460 5756
f 5756 1458 5751
f 5754 5756 5751
f 358 5757 5666
f 5757 1461 5758
f 5758 1438 5666
f 5757 5758 5666
f 1461 5759 5760
f 5759 23 2155
f 2155 556 5760
f 5759 2155 5760
f 556 2153 5761
f 2153 53 5668
f 5668 1438 5761
f 2153 5668 5761
f 1461 5760 5758
f 5760 556 5761
f 5761 1438 5758
f 5760 5761 5758
f 376 5762 5764
f 5762 1462 5763
f 5763 1463 5764
f 5762 5763 5764
f 1462 5765 5766
f 5765 328 5314
f 5314 1348 5766
f 5765 5314 5766
f 1348 5312 5768
f 5312 335 5767
f 5767 1463 5768
f 5312 5767 5768
f 1462 5766 5763
f 5766 1348 5768
f 5768 1463 5763
f 5766 5768 5763
f 376 5769 5762
f 5769 1464 5770
f 5770 1462 5762
f 5769 5770 5762
f 1464 5771 5772
f 5771 348 5448
f 5448 1383 5772
f 5771 5448 5772
f 1383 5451 5773
f 5451 328 5765
f 5765 1462 5773
f 5451 5765 5773
f 1464 5772 5770
f 5772 1383 5773
f 5773 1462 5770
f 5772 5773 5770
f 377 5774 5776
f 5774 1465 5775
f 5775 1466 5776
f 5774 5775 5776
f 1465 5777 5778
f 5777 336 5455
f 5455 1384 5778
f 5777 5455 5778
f 1384 5453 5780
f 5453 348 5779
f 5779 1466 5780
f 5453 5779 5780
f 1465 5778 5775
f 5778 1384 5780
f 5780 1466 5775
f 5778 5780 5775
f 359 5781 5575
f 5781 1467 5782
f 5782 1415 5575
f 5781 5782 5575
f 1467 5783 5784
f 5783 351 5479
f 5479 1391 5784
f 5783 5479 5784
f 1391 5482 5785
f 5482 313 5577
f 5577 1415 5785
f 5482 5577 5785
f 1467 5784 5782
f 5784 1391 5785
f 5785 1415 5782
f 5784 5785 5782
f 378 5786 5788
f 5786 1468 5787
f 5787 1469 5788
f 5786 5787 5788
f 1468 5789 5790
f 5789 338 5486
f 5486 1392 5790
f 5789 5486 5790
f 1392 5484 5792
f 5484 350 5791
f 5791 1469 5792
f 5484 5791 5792
f 1468 5790 5787
f 5790 1392 5792
f 5792 1469 5787
f 5790 5792 5787
f 379 5793 5795
f 5793 1470 5794
f 5794 1471 5795
f 5793 5794 5795
f 1470 5796 5797
f 5796 339 5347
f 5347 1357 5797
f 5796 5347 5797
f 1357 5345 5799
f 5345 338 5798
f 5798 1471 5799
f 5345 5798 5799
f 1470 5797 5794
f 5797 1357 5799
f 5799 1471 5794
f 5797 5799 5794
f 378 5800 5786
f 5800 1472 5801
f 5801 1468 5786
f 5800 5801 5786
f 1472 5802 5803
f 5802 379 5795
f 5795 1471 5803
f 5802 5795 5803
f 1471 5798 5804
f 5798 338 5789
f 5789 1468 5804
f 5798 5789 5804
f 1472 5803 5801
f 5803 1471 5804
f 5804 1468 5801
f 5803 5804 5801
f 379 5805 5793
f 5805 1473 5806
f 5806 1470 5793
f 5805 5806 5793
f 1473 5807 5808
f 5807 352 5491
f 5491 1394 5808
f 5807 5491 5808
f 1394 5494 5809
f 5494 339 5796
f 5796 1470 5809
f 5494 5796 5809
f 1473 5808 5806
f 5808 1394 5809
f 5809 1470 5806
f 5808 5809 5806
f 74 5810 5812
f 5810 1474 5811
f 5811 1475 5812
f 5810 5811 5812
f 1474 5813 5814
f 5813 342 5588
f 5588 1417 5814
f 5813 5588 5814
f 1417 5585 5816
f 5585 360 5815
f 5815 1475 5816
f 5585 5815 5816
f 1474 5814 5811
f 5814 1417 5816
f 5816 1475 5811
f 5814 5816 5811
f 342 5817 5379
f 5817 1476 5818
f 5818 1365 5379
f 5817 5818 5379
f 1476 5819 5820
f 5819 291 5249
f 5249 1332 5820
f 5819 5249 5820
f 1332 5247 5821
f 5247 290 5382
f 5382 1365 5821
f 5247 5382 5821
f 1476 5820 5818
f 5820 1332 5821
f 5821 1365 5818
f 5820 5821 5818
f 372 5822 5721
f 5822 1477 5823
f 5823 1452 5721
f 5822 5823 5721
f 1477 5824 5825
f 5824 363 5613
f 5613 1424 5825
f 5824 5613 5825
f 1424 5611 5826
f 5611 331 5723
f 5723 1452 5826
f 5611 5723 5826
f 1477 5825 5823
f 5825 1424 5826
f 5826 1452 5823
f 5825 5826 5823
f 380 5827 5829
f 5827 1478 5828
f 5828 1479 5829
f 5827 5828 5829
f 1478 5830 5831
f 5830 364 5620
f 5620 1427 5831
f 5830 5620 5831
f 1427 5623 5833
f 5623 343 5832
f 5832 1479 5833
f 5623 5832 5833
f 1478 5831 5828
f 5831 1427 5833
f 5833 1479 5828
f 5831 5833 5828
f 363 5834 5614
f 5834 1480 5835
f 5835 1425 5614
f 5834 5835 5614
f 1480 5836 5837
f 5836 380 5829
f 5829 1479 5837
f 5836 5829 5837
f 1479 5832 5838
f 5832 343 5616
f 5616 1425 5838
f 5832 5616 5838
f 1480 5837 5835
f 5837 1479 5838
f 5838 1425 5835
f 5837 5838 5835
f 381 5839 5841
f 5839 1481 5840
f 5840 1482 5841
f 5839 5840 5841
f 1481 5842 5843
f 5842 373 5728
f 5728 1454 5843
f 5842 5728 5843
f 1454 5731 5845
f 5731 364 5844
f 5844 1482 5845
f 5731 5844 5845
f 1481 5843 5840
f 5843 1454 5845
f 5845 1482 5840
f 5843 5845 5840
f 380 5846 5827
f 5846 1483 5847
f 5847 1478 5827
f 5846 5847 5827
f 1483 5848 5849
f 5848 381 5841
f 5841 1482 5849
f 5848 5841 5849
f 1482 5844 5850
f 5844 364 5830
f 5830 1478 5850
f 5844 5830 5850
f 1483 5849 5847
f 5849 1482 5850
f 5850 1478 5847
f 5849 5850 5847
f 382 5851 5853
f 5851 1484 5852
f 5852 1485 5853
f 5851 5852 5853
f 1484 5854 5855
f 5854 356 5735
f 5735 1455 5855
f 5854 5735 5855
f 1455 5733 5857
f 5733 373 5856
f 5856 1485 5857
f 5733 5856 5857
f 1484 5855 5852
f 5855 1455 5857
f 5857 1485 5852
f 5855 5857 5852
f 381 5858 5839
f 5858 1486 5859
f 5859 1481 5839
f 5858 5859 5839
f 1486 5860 5861
f 5860 382 5853
f 5853 1485 5861
f 5860 5853 5861
f 1485 5856 5862
f 5856 373 5842
f 5842 1481 5862
f 5856 5842 5862
f 1486 5861 5859
f 5861 1485 5862
f 5862 1481 5859
f 5861 5862 5859
f 382 5863 5851
f 5863 1487 5864
f 5864 1484 5851
f 5863 5864 5851
f 1487 5865 5867
f 5865 383 5866
f 5866 1488 5867
f 5865 5866 5867
f 1488 5868 5869
f 5868 356 5854
f 5854 1484 5869
f 5868 5854 5869
f 1487 5867 5864
f 5867 1488 5869
f 5869 1484 5864
f 5867 5869 5864
f 383 5870 5866
f 5870 1489 5871
f 5871 1488 5866
f 5870 5871 5866
f 1489 5872 5873
f 5872 374 5740
f 5740 1457 5873
f 5872 5740 5873
f 1457 5743 5874
f 5743 356 5868
f 5868 1488 5874
f 5743 5868 5874
f 1489 5873 5871
f 5873 1457 5874
f 5874 1488 5871
f 5873 5874 5871
f 384 5875 5877
f 5875 1490 5876
f 5876 1491 5877
f 5875 5876 5877
f 1490 5878 5879
f 5878 375 5752
f 5752 1459 5879
f 5878 5752 5879
f 1459 5750 5881
f 5750 374 5880
f 5880 1491 5881
f 5750 5880 5881
f 1490 5879 5876
f 5879 1459 5881
f 5881 1491 5876
f 5879 5881 5876
f 375 5882 5753
f 5882 1492 5883
f 5883 1460 5753
f 5882 5883 5753
f 1492 5884 5885
f 5884 358 5663
f 5663 1437 5885
f 5884 5663 5885
f 1437 5661 5886
f 5661 367 5755
f 5755 1460 5886
f 5661 5755 5886
f 1492 5885 5883
f 5885 1437 5886
f 5886 1460 5883
f 5885 5886 5883
f 385 5887 5889
f 5887 1493 5888
f 5888 1494 5889
f 5887 5888 5889
f 1493 5890 5891
f 5890 348 5771
f 5771 1464 5891
f 5890 5771 5891
f 1464 5769 5893
f 5769 376 5892
f 5892 1494 5893
f 5769 5892 5893
f 1493 5891 5888
f 5891 1464 5893
f 5893 1494 5888
f 5891 5893 5888
f 385 5894 5887
f 5894 1495 5895
f 5895 1493 5887
f 5894 5895 5887
f 1495 5896 5897
f 5896 377 5776
f 5776 1466 5897
f 5896 5776 5897
f 1466 5779 5898
f 5779 348 5890
f 5890 1493 5898
f 5779 5890 5898
f 1495 5897 5895
f 5897 1466 5898
f 5898 1493 5895
f 5897 5898 5895
f 368 5673 5900
f 5673 1440 5899
f 5899 1496 5900
f 5673 5899 5900
f 1440 5676 5901
f 5676 336 5777
f 5777 1465 5901
f 5676 5777 5901
f 1465 5774 5903
f 5774 377 5902
f 5902 1496 5903
f 5774 5902 5903
f 1440 5901 5899
f 5901 1465 5903
f 5903 1496 5899
f 5901 5903 5899
f 386 5904 5906
f 5904 1497 5905
f 5905 1498 5906
f 5904 5905 5906
f 1497 5907 5908
f 5907 349 5565
f 5565 1412 5908
f 5907 5565 5908
f 1412 5563 5910
f 5563 329 5909
f 5909 1498 5910
f 5563 5909 5910
f 1497 5908 5905
f 5908 1412 5910
f 5910 1498 5905
f 5908 5910 5905
f 387 5911 5913
f 5911 1499 5912
f 5912 1500 5913
f 5911 5912 5913
f 1499 5914 5915
f 5914 359 5689
f 5689 1444 5915
f 5914 5689 5915
f 1444 5687 5917
f 5687 369 5916
f 5916 1500 5917
f 5687 5916 5917
f 1499 5915 5912
f 5915 1444 5917
f 5917 1500 5912
f 5915 5917 5912
f 388 5918 5920
f 5918 1501 5919
f 5919 1502 5920
f 5918 5919 5920
f 1501 5921 5922
f 5921 351 5783
f 5783 1467 5922
f 5921 5783 5922
f 1467 5781 5924
f 5781 359 5923
f 5923 1502 5924
f 5781 5923 5924
f 1501 5922 5919
f 5922 1467 5924
f 5924 1502 5919
f 5922 5924 5919
f 387 5925 5911
f 5925 1503 5926
f 5926 1499 5911
f 5925 5926 5911
f 1503 5927 5928
f 5927 388 5920
f 5920 1502 5928
f 5927 5920 5928
f 1502 5923 5929
f 5923 359 5914
f 5914 1499 5929
f 5923 5914 5929
f 1503 5928 5926
f 5928 1502 5929
f 5929 1499 5926
f 5928 5929 5926
f 389 5930 5932
f 5930 1504 5931
f 5931 1505 5932
f 5930 5931 5932
f 1504 5933 5934
f 5933 350 5480
f 5480 1390 5934
f 5933 5480 5934
f 1390 5477 5936
f 5477 351 5935
f 5935 1505 5936
f 5477 5935 5936
f 1504 5934 5931
f 5934 1390 5936
f 5936 1505 5931
f 5934 5936 5931
f 388 5937 5918
f 5937 1506 5938
f 5938 1501 5918
f 5937 5938 5918
f 1506 5939 5940
f 5939 389 5932
f 5932 1505 5940
f 5939 5932 5940
f 1505 5935 5941
f 5935 351 5921
f 5921 1501 5941
f 5935 5921 5941
f 1506 5940 5938
f 5940 1505 5941
f 5941 1501 5938
f 5940 5941 5938
f 389 5942 5930
f 5942 1507 5943
f 5943 1504 5930
f 5942 5943 5930
f 1507 5944 5945
f 5944 378 5788
f 5788 1469 5945
f 5944 5788 5945
f 1469 5791 5946
f 5791 350 5933
f 5933 1504 5946
f 5791 5933 5946
f 1507 5945 5943
f 5945 1469 5946
f 5946 1504 5943
f 5945 5946 5943
f 390 5947 5949
f 5947 1508 5948
f 5948 1509 5949
f 5947 5948 5949
f 1508 5950 5951
f 5950 352 5807
f 5807 1473 5951
f 5950 5807 5951
f 1473 5805 5953
f 5805 379 5952
f 5952 1509 5953
f 5805 5952 5953
f 1508 5951 5948
f 5951 1473 5953
f 5953 1509 5948
f 5951 5953 5948
f 391 5954 5956
f 5954 1510 5955
f 5955 1511 5956
f 5954 5955 5956
f 1510 5957 5958
f 5957 354 5694
f 5694 1445 5958
f 5957 5694 5958
f 1445 5692 5960
f 5692 352 5959
f 5959 1511 5960
f 5692 5959 5960
f 1510 5958 5955
f 5958 1445 5960
f 5960 1511 5955
f 5958 5960 5955
f 391 5961 5954
f 5961 1512 5962
f 5962 1510 5954
f 5961 5962 5954
f 1512 5963 5965
f 5963 392 5964
f 5964 1513 5965
f 5963 5964 5965
f 1513 5966 5967
f 5966 354 5957
f 5957 1510 5967
f 5966 5957 5967
f 1512 5965 5962
f 5965 1513 5967
f 5967 1510 5962
f 5965 5967 5962
f 393 5968 5970
f 5968 1514 5969
f 5969 1515 5970
f 5968 5969 5970
f 1514 5971 5972
f 5971 371 5699
f 5699 1447 5972
f 5971 5699 5972
f 1447 5702 5974
f 5702 354 5973
f 5973 1515 5974
f 5702 5973 5974
f 1514 5972 5969
f 5972 1447 5974
f 5974 1515 5969
f 5972 5974 5969
f 392 5975 5964
f 5975 1516 5976
f 5976 1513 5964
f 5975 5976 5964
f 1516 5977 5978
f 5977 393 5970
f 5970 1515 5978
f 5977 5970 5978
f 1515 5973 5979
f 5973 354 5966
f 5966 1513 5979
f 5973 5966 5979
f 1516 5978 5976
f 5978 1515 5979
f 5979 1513 5976
f 5978 5979 5976
f 393 5980 5968
f 5980 1517 5981
f 5981 1514 5968
f 5980 5981 5968
f 1517 5982 5983
f 5982 360 5711
f 5711 1449 5983
f 5982 5711 5983
f 1449 5709 5984
f 5709 371 5971
f 5971 1514 5984
f 5709 5971 5984
f 1517 5983 5981
f 5983 1449 5984
f 5984 1514 5981
f 5983 5984 5981
f 394 5985 5987
f 5985 1518 5986
f 5986 1519 5987
f 5985 5986 5987
f 1518 5988 5989
f 5988 74 5812
f 5812 1475 5989
f 5988 5812 5989
f 1475 5815 5991
f 5815 360 5990
f 5990 1519 5991
f 5815 5990 5991
f 1518 5989 5986
f 5989 1475 5991
f 5991 1519 5986
f 5989 5991 5986
f 395 5992 5994
f 5992 1520 5993
f 5993 1521 5994
f 5992 5993 5994
f 1520 5995 5996
f 5995 372 5716
f 5716 1451 5996
f 5995 5716 5996
f 1451 5719 5998
f 5719 362 5997
f 5997 1521 5998
f 5719 5997 5998
f 1520 5996 5993
f 5996 1451 5998
f 5998 1521 5993
f 5996 5998 5993
f 396 5999 6001
f 5999 1522 6000
f 6000 1523 6001
f 5999 6000 6001
f 1522 6002 6003
f 6002 381 5848
f 5848 1483 6003
f 6002 5848 6003
f 1483 5846 6005
f 5846 380 6004
f 6004 1523 6005
f 5846 6004 6005
f 1522 6003 6000
f 6003 1483 6005
f 6005 1523 6000
f 6003 6005 6000
f 396 6006 5999
f 6006 1524 6007
f 6007 1522 5999
f 6006 6007 5999
f 1524 6008 6009
f 6008 382 5860
f 5860 1486 6009
f 6008 5860 6009
f 1486 5858 6010
f 5858 381 6002
f 6002 1522 6010
f 5858 6002 6010
f 1524 6009 6007
f 6009 1486 6010
f 6010 1522 6007
f 6009 6010 6007
f 382 6011 5863
f 6011 1525 6012
f 6012 1487 5863
f 6011 6012 5863
f 1525 6013 6015
f 6013 397 6014
f 6014 1526 6015
f 6013 6014 6015
f 1526 6016 6017
f 6016 383 5865
f 5865 1487 6017
f 6016 5865 6017
f 1525 6015 6012
f 6015 1526 6017
f 6017 1487 6012
f 6015 6017 6012
f 398 6018 6020
f 6018 1527 6019
f 6019 1528 6020
f 6018 6019 6020
f 1527 6021 6022
f 6021 374 5872
f 5872 1489 6022
f 6021 5872 6022
f 1489 5870 6024
f 5870 383 6023
f 6023 1528 6024
f 5870 6023 6024
f 1527 6022 6019
f 6022 1489 6024
f 6024 1528 6019
f 6022 6024 6019
f 397 6025 6014
f 6025 1529 6026
f 6026 1526 6014
f 6025 6026 6014
f 1529 6027 6028
f 6027 398 6020
f 6020 1528 6028
f 6027 6020 6028
f 1528 6023 6029
f 6023 383 6016
f 6016 1526 6029
f 6023 6016 6029
f 1529 6028 6026
f 6028 1528 6029
f 6029 1526 6026
f 6028 6029 6026
f 398 6030 6018
f 6030 1530 6031
f 6031 1527 6018
f 6030 6031 6018
f 1530 6032 6033
f 6032 384 5877
f 5877 1491 6033
f 6032 5877 6033
f 1491 5880 6034
f 5880 374 6021
f 6021 1527 6034
f 5880 6021 6034
f 1530 6033 6031
f 6033 1491 6034
f 6034 1527 6031
f 6033 6034 6031
f 384 6035 5875
f 6035 1531 6036
f 6036 1490 5875
f 6035 6036 5875
f 1531 6037 6038
f 6037 358 5884
f 5884 1492 6038
f 6037 5884 6038
f 1492 5882 6039
f 5882 375 5878
f 5878 1490 6039
f 5882 5878 6039
f 1531 6038 6036
f 6038 1492 6039
f 6039 1490 6036
f 6038 6039 6036
f 368 6040 5671
f 6040 1532 6041
f 6041 1439 5671
f 6040 6041 5671
f 1532 6042 6043
f 6042 386 5906
f 5906 1498 6043
f 6042 5906 6043
f 1498 5909 6044
f 5909 329 5674
f 5674 1439 6044
f 5909 5674 6044
f 1532 6043 6041
f 6043 1498 6044
f 6044 1439 6041
f 6043 6044 6041
f 387 5913 6046
f 5913 1500 6045
f 6045 1534 6046
f 5913 6045 6046
f 1500 5916 6048
f 5916 369 6047
f 6047 1533 6048
f 5916 6047 6048
f 1533 6049 6051
f 6049 9 6050
f 6050 1534 6051
f 6049 6050 6051
f 1500 6048 6045
f 6048 1533 6051
f 6051 1534 6045
f 6048 6051 6045
f 390 6052 5947
f 6052 1535 6053
f 6053 1508 5947
f 6052 6053 5947
f 1535 6054 6055
f 6054 391 5956
f 5956 1511 6055
f 6054 5956 6055
f 1511 5959 6056
f 5959 352 5950
f 5950 1508 6056
f 5959 5950 6056
f 1535 6055 6053
f 6055 1511 6056
f 6056 1508 6053
f 6055 6056 6053
f 399 6057 6059
f 6057 1536 6058
f 6058 1537 6059
f 6057 6058 6059
f 1536 6060 6061
f 6060 360 5982
f 5982 1517 6061
f 6060 5982 6061
f 1517 5980 6063
f 5980 393 6062
f 6062 1537 6063
f 5980 6062 6063
f 1536 6061 6058
f 6061 1517 6063
f 6063 1537 6058
f 6061 6063 6058
f 399 6064 6057
f 6064 1538 6065
f 6065 1536 6057
f 6064 6065 6057
f 1538 6066 6067
f 6066 394 5987
f 5987 1519 6067
f 6066 5987 6067
f 1519 5990 6068
f 5990 360 6060
f 6060 1536 6068
f 5990 6060 6068
f 1538 6067 6065
f 6067 1519 6068
f 6068 1536 6065
f 6067 6068 6065
f 395 6069 5992
f 6069 1539 6070
f 6070 1520 5992
f 6069 6070 5992
f 1539 6071 6072
f 6071 363 5824
f 5824 1477 6072
f 6071 5824 6072
f 1477 5822 6073
f 5822 372 5995
f 5995 1520 6073
f 5822 5995 6073
f 1539 6072 6070
f 6072 1477 6073
f 6073 1520 6070
f 6072 6073 6070
f 400 6074 6076
f 6074 1540 6075
f 6075 1541 6076
f 6074 6075 6076
f 1540 6077 6078
f 6077 380 5836
f 5836 1480 6078
f 6077 5836 6078
f 1480 5834 6080
f 5834 363 6079
f 6079 1541 6080
f 5834 6079 6080
f 1540 6078 6075
f 6078 1480 6080
f 6080 1541 6075
f 6078 6080 6075
f 400 6081 6074
f 6081 1542 6082
f 6082 1540 6074
f 6081 6082 6074
f 1542 6083 6084
f 6083 396 6001
f 6001 1523 6084
f 6083 6001 6084
f 1523 6004 6085
f 6004 380 6077
f 6077 1540 6085
f 6004 6077 6085
f 1542 6084 6082
f 6084 1523 6085
f 6085 1540 6082
f 6084 6085 6082
f 400 6086 6081
f 6086 1543 6087
f 6087 1542 6081
f 6086 6087 6081
f 1543 6088 6090
f 6088 401 6089
f 6089 1544 6090
f 6088 6089 6090
f 1544 6091 6092
f 6091 396 6083
f 6083 1542 6092
f 6091 6083 6092
f 1543 6090 6087
f 6090 1544 6092
f 6092 1542 6087
f 6090 6092 6087
f 401 6093 6089
f 6093 1545 6094
f 6094 1544 6089
f 6093 6094 6089
f 1545 6095 6096
f 6095 382 6008
f 6008 1524 6096
f 6095 6008 6096
f 1524 6006 6097
f 6006 396 6091
f 6091 1544 6097
f 6006 6091 6097
f 1545 6096 6094
f 6096 1524 6097
f 6097 1544 6094
f 6096 6097 6094
f 402 6098 6100
f 6098 1546 6099
f 6099 1547 6100
f 6098 6099 6100
f 1546 6101 6102
f 6101 397 6013
f 6013 1525 6102
f 6101 6013 6102
f 1525 6011 6104
f 6011 382 6103
f 6103 1547 6104
f 6011 6103 6104
f 1546 6102 6099
f 6102 1525 6104
f 6104 1547 6099
f 6102 6104 6099
f 402 6105 6098
f 6105 1548 6106
f 6106 1546 6098
f 6105 6106 6098
f 1548 6107 6108
f 6107 398 6027
f 6027 1529 6108
f 6107 6027 6108
f 1529 6025 6109
f 6025 397 6101
f 6101 1546 6109
f 6025 6101 6109
f 1548 6108 6106
f 6108 1529 6109
f 6109 1546 6106
f 6108 6109 6106
f 402 6110 6105
f 6110 1549 6111
f 6111 1548 6105
f 6110 6111 6105
f 1549 6112 6114
f 6112 403 6113
f 6113 1550 6114
f 6112 6113 6114
f 1550 6115 6116
f 6115 398 6107
f 6107 1548 6116
f 6115 6107 6116
f 1549 6114 6111
f 6114 1550 6116
f 6116 1548 6111
f 6114 6116 6111
f 398 6117 6030
f 6117 1551 6118
f 6118 1530 6030
f 6117 6118 6030
f 1551 6119 6120
f 6119 358 6037
f 6037 1531 6120
f 6119 6037 6120
f 1531 6035 6121
f 6035 384 6032
f 6032 1530 6121
f 6035 6032 6121
f 1551 6120 6118
f 6120 1531 6121
f 6121 1530 6118
f 6120 6121 6118
f 71 6122 2379
f 6122 1552 6123
f 6123 614 2379
f 6122 6123 2379
f 1552 6124 6125
f 6124 335 5307
f 5307 1347 6125
f 6124 5307 6125
f 1347 5310 6126
f 5310 91 2381
f 2381 614 6126
f 5310 2381 6126
f 1552 6125 6123
f 6125 1347 6126
f 6126 614 6123
f 6125 6126 6123
f 71 6127 6122
f 6127 1553 6128
f 6128 1552 6122
f 6127 6128 6122
f 1553 6129 6130
f 6129 376 5764
f 5764 1463 6130
f 6129 5764 6130
f 1463 5767 6131
f 5767 335 6124
f 6124 1552 6131
f 5767 6124 6131
f 1553 6130 6128
f 6130 1463 6131
f 6131 1552 6128
f 6130 6131 6128
f 26 6132 6134
f 6132 1554 6133
f 6133 1555 6134
f 6132 6133 6134
f 1554 6135 6136
f 6135 377 5896
f 5896 1495 6136
f 6135 5896 6136
f 1495 5894 6138
f 5894 385 6137
f 6137 1555 6138
f 5894 6137 6138
f 1554 6136 6133
f 6136 1495 6138
f 6138 1555 6133
f 6136 6138 6133
f 13 6139 6141
f 6139 1556 6140
f 6140 1557 6141
f 6139 6140 6141
f 1556 6142 6143
f 6142 388 5927
f 5927 1503 6143
f 6142 5927 6143
f 1503 5925 6145
f 5925 387 6144
f 6144 1557 6145
f 5925 6144 6145
f 1556 6143 6140
f 6143 1503 6145
f 6145 1557 6140
f 6143 6145 6140
f 404 6146 6148
f 6146 1558 6147
f 6147 1559 6148
f 6146 6147 6148
f 1558 6149 6150
f 6149 389 5939
f 5939 1506 6150
f 6149 5939 6150
f 1506 5937 6152
f 5937 388 6151
f 6151 1559 6152
f 5937 6151 6152
f 1558 6150 6147
f 6150 1506 6152
f 6152 1559 6147
f 6150 6152 6147
f 13 6153 6139
f 6153 1560 6154
f 6154 1556 6139
f 6153 6154 6139
f 1560 6155 6156
f 6155 404 6148
f 6148 1559 6156
f 6155 6148 6156
f 1559 6151 6157
f 6151 388 6142
f 6142 1556 6157
f 6151 6142 6157
f 1560 6156 6154
f 6156 1559 6157
f 6157 1556 6154
f 6156 6157 6154
f 405 6158 6160
f 6158 1561 6159
f 6159 1562 6160
f 6158 6159 6160
f 1561 6161 6162
f 6161 378 5944
f 5944 1507 6162
f 6161 5944 6162
f 1507 5942 6164
f 5942 389 6163
f 6163 1562 6164
f 5942 6163 6164
f 1561 6162 6159
f 6162 1507 6164
f 6164 1562 6159
f 6162 6164 6159
f 404 6165 6146
f 6165 1563 6166
f 6166 1558 6146
f 6165 6166 6146
f 1563 6167 6168
f 6167 405 6160
f 6160 1562 6168
f 6167 6160 6168
f 1562 6163 6169
f 6163 389 6149
f 6149 1558 6169
f 6163 6149 6169
f 1563 6168 6166
f 6168 1562 6169
f 6169 1558 6166
f 6168 6169 6166
f 405 6170 6158
f 6170 1564 6171
f 6171 1561 6158
f 6170 6171 6158
f 1564 6172 6173
f 6172 379 5802
f 5802 1472 6173
f 6172 5802 6173
f 1472 5800 6174
f 5800 378 6161
f 6161 1561 6174
f 5800 6161 6174
f 1564 6173 6171
f 6173 1472 6174
f 6174 1561 6171
f 6173 6174 6171
f 406 6175 6177
f 6175 1565 6176
f 6176 1566 6177
f 6175 6176 6177
f 1565 6178 6179
f 6178 390 5949
f 5949 1509 6179
f 6178 5949 6179
f 1509 5952 6181
f 5952 379 6180
f 6180 1566 6181
f 5952 6180 6181
f 1565 6179 6176
f 6179 1509 6181
f 6181 1566 6176
f 6179 6181 6176
f 405 6182 6170
f 6182 1567 6183
f 6183 1564 6170
f 6182 6183 6170
f 1567 6184 6185
f 6184 406 6177
f 6177 1566 6185
f 6184 6177 6185
f 1566 6180 6186
f 6180 379 6172
f 6172 1564 6186
f 6180 6172 6186
f 1567 6185 6183
f 6185 1566 6186
f 6186 1564 6183
f 6185 6186 6183
f 390 6187 6052
f 6187 1568 6188
f 6188 1535 6052
f 6187 6188 6052
f 1568 6189 6191
f 6189 407 6190
f 6190 1569 6191
f 6189 6190 6191
f 1569 6192 6193
f 6192 391 6054
f 6054 1535 6193
f 6192 6054 6193
f 1568 6191 6188
f 6191 1569 6193
f 6193 1535 6188
f 6191 6193 6188
f 407 6194 6190
f 6194 1570 6195
f 6195 1569 6190
f 6194 6195 6190
f 1570 6196 6197
f 6196 392 5963
f 5963 1512 6197
f 6196 5963 6197
f 1512 5961 6198
f 5961 391 6192
f 6192 1569 6198
f 5961 6192 6198
f 1570 6197 6195
f 6197 1512 6198
f 6198 1569 6195
f 6197 6198 6195
f 18 6199 6201
f 6199 1571 6200
f 6200 1572 6201
f 6199 6200 6201
f 1571 6202 6203
f 6202 393 5977
f 5977 1516 6203
f 6202 5977 6203
f 1516 5975 6205
f 5975 392 6204
f 6204 1572 6205
f 5975 6204 6205
f 1571 6203 6200
f 6203 1516 6205
f 6205 1572 6200
f 6203 6205 6200
f 407 6206 6194
f 6206 1573 6207
f 6207 1570 6194
f 6206 6207 6194
f 1573 6208 6209
f 6208 18 6201
f 6201 1572 6209
f 6208 6201 6209
f 1572 6204 6210
f 6204 392 6196
f 6196 1570 6210
f 6204 6196 6210
f 1573 6209 6207
f 6209 1572 6210
f 6210 1570 6207
f 6209 6210 6207
f 18 6211 6199
f 6211 1574 6212
f 6212 1571 6199
f 6211 6212 6199
f 1574 6213 6214
f 6213 399 6059
f 6059 1537 6214
f 6213 6059 6214
f 1537 6062 6215
f 6062 393 6202
f 6202 1571 6215
f 6062 6202 6215
f 1574 6214 6212
f 6214 1537 6215
f 6215 1571 6212
f 6214 6215 6212
f 74 6216 5810
f 6216 1575 6217
f 6217 1474 5810
f 6216 6217 5810
f 1575 6218 6219
f 6218 291 5819
f 5819 1476 6219
f 6218 5819 6219
f 1476 5817 6220
f 5817 342 5813
f 5813 1474 6220
f 5817 5813 6220
f 1575 6219 6217
f 6219 1476 6220
f 6220 1474 6217
f 6219 6220 6217
f 50 6221 6223
f 6221 1576 6222
f 6222 1577 6223
f 6221 6222 6223
f 1576 6224 6225
f 6224 362 5608
f 5608 1423 6225
f 6224 5608 6225
f 1423 5606 6227
f 5606 361 6226
f 6226 1577 6227
f 5606 6226 6227
f 1576 6225 6222
f 6225 1423 6227
f 6227 1577 6222
f 6225 6227 6222
f 408 6228 6230
f 6228 1578 6229
f 6229 1579 6230
f 6228 6229 6230
f 1578 6231 6232
f 6231 363 6071
f 6071 1539 6232
f 6231 6071 6232
f 1539 6069 6234
f 6069 395 6233
f 6233 1579 6234
f 6069 6233 6234
f 1578 6232 6229
f 6232 1539 6234
f 6234 1579 6229
f 6232 6234 6229
f 408 6235 6228
f 6235 1580 6236
f 6236 1578 6228
f 6235 6236 6228
f 1580 6237 6238
f 6237 400 6076
f 6076 1541 6238
f 6237 6076 6238
f 1541 6079 6239
f 6079 363 6231
f 6231 1578 6239
f 6079 6231 6239
f 1580 6238 6236
f 6238 1541 6239
f 6239 1578 6236
f 6238 6239 6236
f 409 6240 6242
f 6240 1581 6241
f 6241 1582 6242
f 6240 6241 6242
f 1581 6243 6244
f 6243 401 6088
f 6088 1543 6244
f 6243 6088 6244
f 1543 6086 6246
f 6086 400 6245
f 6245 1582 6246
f 6086 6245 6246
f 1581 6244 6241
f 6244 1543 6246
f 6246 1582 6241
f 6244 6246 6241
f 408 6247 6235
f 6247 1583 6248
f 6248 1580 6235
f 6247 6248 6235
f 1583 6249 6250
f 6249 409 6242
f 6242 1582 6250
f 6249 6242 6250
f 1582 6245 6251
f 6245 400 6237
f 6237 1580 6251
f 6245 6237 6251
f 1583 6250 6248
f 6250 1582 6251
f 6251 1580 6248
f 6250 6251 6248
f 409 6252 6240
f 6252 1584 6253
f 6253 1581 6240
f 6252 6253 6240
f 1584 6254 6256
f 6254 410 6255
f 6255 1585 6256
f 6254 6255 6256
f 1585 6257 6258
f 6257 401 6243
f 6243 1581 6258
f 6257 6243 6258
f 1584 6256 6253
f 6256 1585 6258
f 6258 1581 6253
f 6256 6258 6253
f 410 6259 6255
f 6259 1586 6260
f 6260 1585 6255
f 6259 6260 6255
f 1586 6261 6262
f 6261 382 6095
f 6095 1545 6262
f 6261 6095 6262
f 1545 6093 6263
f 6093 401 6257
f 6257 1585 6263
f 6093 6257 6263
f 1586 6262 6260
f 6262 1545 6263
f 6263 1585 6260
f 6262 6263 6260
f 410 6264 6259
f 6264 1587 6265
f 6265 1586 6259
f 6264 6265 6259
f 1587 6266 6267
f 6266 402 6100
f 6100 1547 6267
f 6266 6100 6267
f 1547 6103 6268
f 6103 382 6261
f 6261 1586 6268
f 6103 6261 6268
f 1587 6267 6265
f 6267 1547 6268
f 6268 1586 6265
f 6267 6268 6265
f 7 6269 6271
f 6269 1588 6270
f 6270 1589 6271
f 6269 6270 6271
f 1588 6272 6273
f 6272 403 6112
f 6112 1549 6273
f 6272 6112 6273
f 1549 6110 6275
f 6110 402 6274
f 6274 1589 6275
f 6110 6274 6275
f 1588 6273 6270
f 6273 1549 6275
f 6275 1589 6270
f 6273 6275 6270
f 403 6276 6113
f 6276 1590 6277
f 6277 1550 6113
f 6276 6277 6113
f 1590 6278 6279
f 6278 358 6119
f 6119 1551 6279
f 6278 6119 6279
f 1551 6117 6280
f 6117 398 6115
f 6115 1550 6280
f 6117 6115 6280
f 1590 6279 6277
f 6279 1551 6280
f 6280 1550 6277
f 6279 6280 6277
f 55 6281 2162
f 6281 1591 6282
f 6282 558 2162
f 6281 6282 2162
f 1591 6283 6284
f 6283 376 6129
f 6129 1553 6284
f 6283 6129 6284
f 1553 6127 6285
f 6127 71 2164
f 2164 558 6285
f 6127 2164 6285
f 1591 6284 6282
f 6284 1553 6285
f 6285 558 6282
f 6284 6285 6282
f 37 6286 6288
f 6286 1592 6287
f 6287 1593 6288
f 6286 6287 6288
f 1592 6289 6290
f 6289 385 5889
f 5889 1494 6290
f 6289 5889 6290
f 1494 5892 6292
f 5892 376 6291
f 6291 1593 6292
f 5892 6291 6292
f 1592 6290 6287
f 6290 1494 6292
f 6292 1593 6287
f 6290 6292 6287
f 55 1998 6281
f 1998 514 6293
f 6293 1591 6281
f 1998 6293 6281
f 514 1996 6294
f 1996 37 6288
f 6288 1593 6294
f 1996 6288 6294
f 1593 6291 6295
f 6291 376 6283
f 6283 1591 6295
f 6291 6283 6295
f 514 6294 6293
f 6294 1593 6295
f 6295 1591 6293
f 6294 6295 6293
f 37 1860 6286
f 1860 475 6296
f 6296 1592 6286
f 1860 6296 6286
f 475 1858 6297
f 1858 26 6134
f 6134 1555 6297
f 1858 6134 6297
f 1555 6137 6298
f 6137 385 6289
f 6289 1592 6298
f 6137 6289 6298
f 475 6297 6296
f 6297 1555 6298
f 6298 1592 6296
f 6297 6298 6296
f 25 6299 1781
f 6299 1594 6300
f 6300 453 1781
f 6299 6300 1781
f 1594 6301 6302
f 6301 377 6135
f 6135 1554 6302
f 6301 6135 6302
f 1554 6132 6303
f 6132 26 1783
f 1783 453 6303
f 6132 1783 6303
f 1594 6302 6300
f 6302 1554 6303
f 6303 453 6300
f 6302 6303 6300
f 25 6304 6299
f 6304 1595 6305
f 6305 1594 6299
f 6304 6305 6299
f 1595 6306 6307
f 6306 368 5900
f 5900 1496 6307
f 6306 5900 6307
f 1496 5902 6308
f 5902 377 6301
f 6301 1594 6308
f 5902 6301 6308
f 1595 6307 6305
f 6307 1496 6308
f 6308 1594 6305
f 6307 6308 6305
f 39 6309 2013
f 6309 1596 6310
f 6310 518 2013
f 6309 6310 2013
f 1596 6311 6312
f 6311 368 6306
f 6306 1595 6312
f 6311 6306 6312
f 1595 6304 6313
f 6304 25 2015
f 2015 518 6313
f 6304 2015 6313
f 1596 6312 6310
f 6312 1595 6313
f 6313 518 6310
f 6312 6313 6310
f 39 6314 6309
f 6314 1597 6315
f 6315 1596 6309
f 6314 6315 6309
f 1597 6316 6317
f 6316 386 6042
f 6042 1532 6317
f 6316 6042 6317
f 1532 6040 6318
f 6040 368 6311
f 6311 1596 6318
f 6040 6311 6318
f 1597 6317 6315
f 6317 1532 6318
f 6318 1596 6315
f 6317 6318 6315
f 39 1869 6314
f 1869 478 6319
f 6319 1597 6314
f 1869 6319 6314
f 478 1867 6321
f 1867 10 6320
f 6320 1598 6321
f 1867 6320 6321
f 1598 6322 6323
f 6322 386 6316
f 6316 1597 6323
f 6322 6316 6323
f 478 6321 6319
f 6321 1598 6323
f 6323 1597 6319
f 6321 6323 6319
f 10 1697 6320
f 1697 428 6324
f 6324 1598 6320
f 1697 6324 6320
f 428 1695 6326
f 1695 9 6325
f 6325 1599 6326
f 1695 6325 6326
f 1599 6327 6328
f 6327 386 6322
f 6322 1598 6328
f 6327 6322 6328
f 428 6326 6324
f 6326 1599 6328
f 6328 1598 6324
f 6326 6328 6324
f 8 1883 1691
f 1883 482 6329
f 6329 427 1691
f 1883 6329 1691
f 482 1881 6331
f 1881 41 6330
f 6330 1600 6331
f 1881 6330 6331
f 1600 6332 6333
f 6332 9 1694
f 1694 427 6333
f 6332 1694 6333
f 482 6331 6329
f 6331 1600 6333
f 6333 427 6329
f 6331 6333 6329
f 41 6334 6330
f 6334 1601 6335
f 6335 1600 6330
f 6334 6335 6330
f 1601 6336 6337
f 6336 387 6046
f 6046 1534 6337
f 6336 6046 6337
f 1534 6050 6338
f 6050 9 6332
f 6332 1600 6338
f 6050 6332 6338
f 1601 6337 6335
f 6337 1534 6338
f 6338 1600 6335
f 6337 6338 6335
f 41 1892 6334
f 1892 485 6339
f 6339 1601 6334
f 1892 6339 6334
f 485 1890 6341
f 1890 11 6340
f 6340 1602 6341
f 1890 6340 6341
f 1602 6342 6343
f 6342 387 6336
f 6336 1601 6343
f 6342 6336 6343
f 485 6341 6339
f 6341 1602 6343
f 6343 1601 6339
f 6341 6343 6339
f 11 1702 6340
f 1702 432 6344
f 6344 1602 6340
f 1702 6344 6340
f 432 1707 6345
f 1707 13 6141
f 6141 1557 6345
f 1707 6141 6345
f 1557 6144 6346
f 6144 387 6342
f 6342 1602 6346
f 6144 6342 6346
f 432 6345 6344
f 6345 1557 6346
f 6346 1602 6344
f 6345 6346 6344
f 12 6347 1704
f 6347 1603 6348
f 6348 431 1704
f 6347 6348 1704
f 1603 6349 6350
f 6349 404 6155
f 6155 1560 6350
f 6349 6155 6350
f 1560 6153 6351
f 6153 13 1706
f 1706 431 6351
f 6153 1706 6351
f 1603 6350 6348
f 6350 1560 6351
f 6351 431 6348
f 6350 6351 6348
f 45 6352 6354
f 6352 1604 6353
f 6353 1605 6354
f 6352 6353 6354
f 1604 6355 6356
f 6355 405 6167
f 6167 1563 6356
f 6355 6167 6356
f 1563 6165 6358
f 6165 404 6357
f 6357 1605 6358
f 6165 6357 6358
f 1604 6356 6353
f 6356 1563 6358
f 6358 1605 6353
f 6356 6358 6353
f 12 1918 6347
f 1918 492 6359
f 6359 1603 6347
f 1918 6359 6347
f 492 1916 6360
f 1916 45 6354
f 6354 1605 6360
f 1916 6354 6360
f 1605 6357 6361
f 6357 404 6349
f 6349 1603 6361
f 6357 6349 6361
f 492 6360 6359
f 6360 1605 6361
f 6361 1603 6359
f 6360 6361 6359
f 45 2036 6352
f 2036 524 6362
f 6362 1604 6352
f 2036 6362 6352
f 524 2034 6364
f 2034 27 6363
f 6363 1606 6364
f 2034 6363 6364
f 1606 6365 6366
f 6365 405 6355
f 6355 1604 6366
f 6365 6355 6366
f 524 6364 6362
f 6364 1606 6366
f 6366 1604 6362
f 6364 6366 6362
f 27 6367 6363
f 6367 1607 6368
f 6368 1606 6363
f 6367 6368 6363
f 1607 6369 6370
f 6369 406 6184
f 6184 1567 6370
f 6369 6184 6370
f 1567 6182 6371
f 6182 405 6365
f 6365 1606 6371
f 6182 6365 6371
f 1607 6370 6368
f 6370 1567 6371
f 6371 1606 6368
f 6370 6371 6368
f 16 6372 6374
f 6372 1608 6373
f 6373 1609 6374
f 6372 6373 6374
f 1608 6375 6376
f 6375 390 6178
f 6178 1565 6376
f 6375 6178 6376
f 1565 6175 6378
f 6175 406 6377
f 6377 1609 6378
f 6175 6377 6378
f 1608 6376 6373
f 6376 1565 6378
f 6378 1609 6373
f 6376 6378 6373
f 27 1788 6367
f 1788 456 6379
f 6379 1607 6367
f 1788 6379 6367
f 456 1791 6380
f 1791 16 6374
f 6374 1609 6380
f 1791 6374 6380
f 1609 6377 6381
f 6377 406 6369
f 6369 1607 6381
f 6377 6369 6381
f 456 6380 6379
f 6380 1609 6381
f 6381 1607 6379
f 6380 6381 6379
f 16 6382 6372
f 6382 1610 6383
f 6383 1608 6372
f 6382 6383 6372
f 1610 6384 6385
f 6384 407 6189
f 6189 1568 6385
f 6384 6189 6385
f 1568 6187 6386
f 6187 390 6375
f 6375 1608 6386
f 6187 6375 6386
f 1610 6385 6383
f 6385 1568 6386
f 6386 1608 6383
f 6385 6386 6383
f 16 1715 6382
f 1715 434 6387
f 6387 1610 6382
f 1715 6387 6382
f 434 1713 6389
f 1713 15 6388
f 6388 1611 6389
f 1713 6388 6389
f 1611 6390 6391
f 6390 407 6384
f 6384 1610 6391
f 6390 6384 6391
f 434 6389 6387
f 6389 1611 6391
f 6391 1610 6387
f 6389 6391 6387
f 15 1724 6388
f 1724 437 6392
f 6392 1611 6388
f 1724 6392 6388
f 437 1722 6393
f 1722 18 6208
f 6208 1573 6393
f 1722 6208 6393
f 1573 6206 6394
f 6206 407 6390
f 6390 1611 6394
f 6206 6390 6394
f 437 6393 6392
f 6393 1573 6394
f 6394 1611 6392
f 6393 6394 6392
f 19 6395 1735
f 6395 1612 6396
f 6396 441 1735
f 6395 6396 1735
f 1612 6397 6398
f 6397 399 6213
f 6213 1574 6398
f 6397 6213 6398
f 1574 6211 6399
f 6211 18 1737
f 1737 441 6399
f 6211 1737 6399
f 1612 6398 6396
f 6398 1574 6399
f 6399 441 6396
f 6398 6399 6396
f 19 6400 6395
f 6400 1613 6401
f 6401 1612 6395
f 6400 6401 6395
f 1613 6402 6403
f 6402 394 6066
f 6066 1538 6403
f 6402 6066 6403
f 1538 6064 6404
f 6064 399 6397
f 6397 1612 6404
f 6064 6397 6404
f 1613 6403 6401
f 6403 1538 6404
f 6404 1612 6401
f 6403 6404 6401
f 48 2212 6406
f 2212 570 6405
f 6405 1614 6406
f 2212 6405 6406
f 570 2210 6407
f 2210 74 5988
f 5988 1518 6407
f 2210 5988 6407
f 1518 5985 6409
f 5985 394 6408
f 6408 1614 6409
f 5985 6408 6409
f 570 6407 6405
f 6407 1518 6409
f 6409 1614 6405
f 6407 6409 6405
f 19 1944 6400
f 1944 499 6410
f 6410 1613 6400
f 1944 6410 6400
f 499 1942 6411
f 1942 48 6406
f 6406 1614 6411
f 1942 6406 6411
f 1614 6408 6412
f 6408 394 6402
f 6402 1613 6412
f 6408 6402 6412
f 499 6411 6410
f 6411 1614 6412
f 6412 1613 6410
f 6411 6412 6410
f 64 6413 2206
f 6413 1615 6414
f 6414 569 2206
f 6413 6414 2206
f 1615 6415 6416
f 6415 291 6218
f 6218 1575 6416
f 6415 6218 6416
f 1575 6216 6417
f 6216 74 2209
f 2209 569 6417
f 6216 2209 6417
f 1615 6416 6414
f 6416 1575 6417
f 6417 569 6414
f 6416 6417 6414
f 64 2088 6413
f 2088 538 6418
f 6418 1615 6413
f 2088 6418 6413
f 538 2086 6420
f 2086 63 6419
f 6419 1616 6420
f 2086 6419 6420
f 1616 6421 6422
f 6421 291 6415
f 6415 1615 6422
f 6421 6415 6422
f 538 6420 6418
f 6420 1616 6422
f 6422 1615 6418
f 6420 6422 6418
f 63 6423 6419
f 6423 1617 6424
f 6424 1616 6419
f 6423 6424 6419
f 1617 6425 6426
f 6425 361 5594
f 5594 1420 6426
f 6425 5594 6426
f 1420 5597 6427
f 5597 291 6421
f 6421 1616 6427
f 5597 6421 6427
f 1617 6426 6424
f 6426 1420 6427
f 6427 1616 6424
f 6426 6427 6424
f 63 2104 6423
f 2104 543 6428
f 6428 1617 6423
f 2104 6428 6423
f 543 2102 6429
f 2102 50 6223
f 6223 1577 6429
f 2102 6223 6429
f 1577 6226 6430
f 6226 361 6425
f 6425 1617 6430
f 6226 6425 6430
f 543 6429 6428
f 6429 1577 6430
f 6430 1617 6428
f 6429 6430 6428
f 30 6431 6433
f 6431 1618 6432
f 6432 1619 6433
f 6431 6432 6433
f 1618 6434 6435
f 6434 395 5994
f 5994 1521 6435
f 6434 5994 6435
f 1521 5997 6437
f 5997 362 6436
f 6436 1619 6437
f 5997 6436 6437
f 1618 6435 6432
f 6435 1521 6437
f 6437 1619 6432
f 6435 6437 6432
f 50 1953 6221
f 1953 502 6438
f 6438 1576 6221
f 1953 6438 6221
f 502 1951 6439
f 1951 30 6433
f 6433 1619 6439
f 1951 6433 6439
f 1619 6436 6440
f 6436 362 6224
f 6224 1576 6440
f 6436 6224 6440
f 502 6439 6438
f 6439 1619 6440
f 6440 1576 6438
f 6439 6440 6438
f 30 1799 6431
f 1799 458 6441
f 6441 1618 6431
f 1799 6441 6431
f 458 1797 6443
f 1797 29 6442
f 6442 1620 6443
f 1797 6442 6443
f 1620 6444 6445
f 6444 395 6434
f 6434 1618 6445
f 6444 6434 6445
f 458 6443 6441
f 6443 1620 6445
f 6445 1618 6441
f 6443 6445 6441
f 29 6446 6442
f 6446 1621 6447
f 6447 1620 6442
f 6446 6447 6442
f 1621 6448 6449
f 6448 408 6230
f 6230 1579 6449
f 6448 6230 6449
f 1579 6233 6450
f 6233 395 6444
f 6444 1620 6450
f 6233 6444 6450
f 1621 6449 6447
f 6449 1579 6450
f 6450 1620 6447
f 6449 6450 6447
f 29 1808 6446
f 1808 461 6451
f 6451 1621 6446
f 1808 6451 6446
f 461 1806 6453
f 1806 21 6452
f 6452 1622 6453
f 1806 6452 6453
f 1622 6454 6455
f 6454 408 6448
f 6448 1621 6455
f 6454 6448 6455
f 461 6453 6451
f 6453 1622 6455
f 6455 1621 6451
f 6453 6455 6451
f 21 1745 6452
f 1745 443 6456
f 6456 1622 6452
f 1745 6456 6452
f 443 1743 6458
f 1743 1 6457
f 6457 1623 6458
f 1743 6457 6458
f 1623 6459 6460
f 6459 408 6454
f 6454 1622 6460
f 6459 6454 6460
f 443 6458 6456
f 6458 1623 6460
f 6460 1622 6456
f 6458 6460 6456
f 3 6461 6463
f 6461 1624 6462
f 6462 1625 6463
f 6461 6462 6463
f 1624 6464 6465
f 6464 409 6249
f 6249 1583 6465
f 6464 6249 6465
f 1583 6247 6467
f 6247 408 6466
f 6466 1625 6467
f 6247 6466 6467
f 1624 6465 6462
f 6465 1583 6467
f 6467 1625 6462
f 6465 6467 6462
f 1 1661 6457
f 1661 419 6468
f 6468 1623 6457
f 1661 6468 6457
f 419 1666 6469
f 1666 3 6463
f 6463 1625 6469
f 1666 6463 6469
f 1625 6466 6470
f 6466 408 6459
f 6459 1623 6470
f 6466 6459 6470
f 419 6469 6468
f 6469 1625 6470
f 6470 1623 6468
f 6469 6470 6468
f 3 6471 6461
f 6471 1626 6472
f 6472 1624 6461
f 6471 6472 6461
f 1626 6473 6474
f 6473 410 6254
f 6254 1584 6474
f 6473 6254 6474
f 1584 6252 6475
f 6252 409 6464
f 6464 1624 6475
f 6252 6464 6475
f 1626 6474 6472
f 6474 1584 6475
f 6475 1624 6472
f 6474 6475 6472
f 3 1665 6471
f 1665 418 6476
f 6476 1626 6471
f 1665 6476 6471
f 418 1663 6478
f 1663 2 6477
f 6477 1627 6478
f 1663 6477 6478
f 1627 6479 6480
f 6479 410 6473
f 6473 1626 6480
f 6479 6473 6480
f 418 6478 6476
f 6478 1627 6480
f 6480 1626 6476
f 6478 6480 6476
f 5 6481 6483
f 6481 1628 6482
f 6482 1629 6483
f 6481 6482 6483
f 1628 6484 6485
f 6484 402 6266
f 6266 1587 6485
f 6484 6266 6485
f 1587 6264 6487
f 6264 410 6486
f 6486 1629 6487
f 6264 6486 6487
f 1628 6485 6482
f 6485 1587 6487
f 6487 1629 6482
f 6485 6487 6482
f 2 1674 6477
f 1674 421 6488
f 6488 1627 6477
f 1674 6488 6477
f 421 1672 6489
f 1672 5 6483
f 6483 1629 6489
f 1672 6483 6489
f 1629 6486 6490
f 6486 410 6479
f 6479 1627 6490
f 6486 6479 6490
f 421 6489 6488
f 6489 1629 6490
f 6490 1627 6488
f 6489 6490 6488
f 5 1683 6481
f 1683 424 6491
f 6491 1628 6481
f 1683 6491 6481
f 424 1681 6492
f 1681 7 6271
f 6271 1589 6492
f 1681 6271 6492
f 1589 6274 6493
f 6274 402 6484
f 6484 1628 6493
f 6274 6484 6493
f 424 6492 6491
f 6492 1589 6493
f 6493 1628 6491
f 6492 6493 6491
f 7 6494 6269
f 6494 1630 6495
f 6495 1588 6269
f 6494 6495 6269
f 1630 6496 6497
f 6496 358 6278
f 6278 1590 6497
f 6496 6278 6497
f 1590 6276 6498
f 6276 403 6272
f 6272 1588 6498
f 6276 6272 6498
f 1630 6497 6495
f 6497 1590 6498
f 6498 1588 6495
f 6497 6498 6495
f 7 1775 6494
f 1775 451 6499
f 6499 1630 6494
f 1775 6499 6494
f 451 1773 6500
f 1773 23 5759
f 5759 1461 6500
f 1773 5759 6500
f 1461 5757 6501
f 5757 358 6496
f 6496 1630 6501
f 5757 6496 6501
f 451 6500 6499
f 6500 1461 6501
f 6501 1630 6499
f 6500 6501 6499
f 207 6502 4154
f 6502 1631 6503
f 6503 1057 4154
f 6502 6503 4154
f 1631 6504 6506
f 6504 411 6505
f 6505 1632 6506
f 6504 6505 6506
f 1632 6507 6508
f 6507 237 4151
f 4151 1057 6508
f 6507 4151 6508
f 1631 6506 6503
f 6506 1632 6508
f 6508 1057 6503
f 6506 6508 6503
f 207 4252 6502
f 4252 1082 6509
f 6509 1631 6502
f 4252 6509 6502
f 1082 4249 6511
f 4249 247 6510
f 6510 1633 6511
f 4249 6510 6511
f 1633 6512 6513
f 6512 411 6504
f 6504 1631 6513
f 6512 6504 6513
f 1082 6511 6509
f 6511 1633 6513
f 6513 1631 6509
f 6511 6513 6509
f 247 6514 6510
f 6514 1634 6515
f 6515 1633 6510
f 6514 6515 6510
f 1634 6516 6518
f 6516 412 6517
f 6517 1635 6518
f 6516 6517 6518
f 1635 6519 6520
f 6519 411 6512
f 6512 1633 6520
f 6519 6512 6520
f 1634 6518 6515
f 6518 1635 6520
f 6520 1633 6515
f 6518 6520 6515
f 413 6521 6523
f 6521 1636 6522
f 6522 1637 6523
f 6521 6522 6523
f 1636 6524 6525
f 6524 267 4503
f 4503 1144 6525
f 6524 4503 6525
f 1144 4501 6527
f 4501 237 6526
f 6526 1637 6527
f 4501 6526 6527
f 1636 6525 6522
f 6525 1144 6527
f 6527 1637 6522
f 6525 6527 6522
f 412 6516 6529
f 6516 1634 6528
f 6528 1638 6529
f 6516 6528 6529
f 1634 6514 6530
f 6514 247 4496
f 4496 1143 6530
f 6514 4496 6530
f 1143 4494 6532
f 4494 266 6531
f 6531 1638 6532
f 4494 6531 6532
f 1634 6530 6528
f 6530 1143 6532
f 6532 1638 6528
f 6530 6532 6528
f 267 6524 5007
f 6524 1636 6533
f 6533 1272 5007
f 6524 6533 5007
f 1636 6521 6535
f 6521 413 6534
f 6534 1639 6535
f 6521 6534 6535
f 1639 6536 6537
f 6536 311 5004
f 5004 1272 6537
f 6536 5004 6537
f 1636 6535 6533
f 6535 1639 6537
f 6537 1272 6533
f 6535 6537 6533
f 412 6529 6539
f 6529 1638 6538
f 6538 1640 6539
f 6529 6538 6539
f 1638 6531 6540
f 6531 266 4998
f 4998 1269 6540
f 6531 4998 6540
f 1269 4995 6542
f 4995 310 6541
f 6541 1640 6542
f 4995 6541 6542
f 1638 6540 6538
f 6540 1269 6542
f 6542 1640 6538
f 6540 6542 6538
f 310 6543 6541
f 6543 1641 6544
f 6544 1640 6541
f 6543 6544 6541
f 1641 6545 6547
f 6545 414 6546
f 6546 1642 6547
f 6545 6546 6547
f 1642 6548 6549
f 6548 412 6539
f 6539 1640 6549
f 6548 6539 6549
f 1641 6547 6544
f 6547 1642 6549
f 6549 1640 6544
f 6547 6549 6544
f 311 6536 5329
f 6536 1639 6550
f 6550 1352 5329
f 6536 6550 5329
f 1639 6534 6552
f 6534 413 6551
f 6551 1643 6552
f 6534 6551 6552
f 1643 6553 6554
f 6553 337 5326
f 5326 1352 6554
f 6553 5326 6554
f 1639 6552 6550
f 6552 1643 6554
f 6554 1352 6550
f 6552 6554 6550
f 414 6545 6556
f 6545 1641 6555
f 6555 1644 6556
f 6545 6555 6556
f 1641 6543 6557
f 6543 310 5466
f 5466 1386 6557
f 6543 5466 6557
f 1386 5463 6559
f 5463 349 6558
f 6558 1644 6559
f 5463 6558 6559
f 1641 6557 6555
f 6557 1386 6559
f 6559 1644 6555
f 6557 6559 6555
f 370 5684 6561
f 5684 1442 6560
f 6560 1645 6561
f 5684 6560 6561
f 1442 5682 6562
f 5682 337 6553
f 6553 1643 6562
f 5682 6553 6562
f 1643 6551 6564
f 6551 413 6563
f 6563 1645 6564
f 6551 6563 6564
f 1442 6562 6560
f 6562 1643 6564
f 6564 1645 6560
f 6562 6564 6560
f 349 6565 6558
f 6565 1646 6566
f 6566 1644 6558
f 6565 6566 6558
f 1646 6567 6569
f 6567 415 6568
f 6568 1647 6569
f 6567 6568 6569
f 1647 6570 6571
f 6570 414 6556
f 6556 1644 6571
f 6570 6556 6571
f 1646 6569 6566
f 6569 1647 6571
f 6571 1644 6566
f 6569 6571 6566
f 415 6567 6573
f 6567 1646 6572
f 6572 1648 6573
f 6567 6572 6573
f 1646 6565 6574
f 6565 349 5907
f 5907 1497 6574
f 6565 5907 6574
f 1497 5904 6576
f 5904 386 6575
f 6575 1648 6576
f 5904 6575 6576
f 1646 6574 6572
f 6574 1497 6576
f 6576 1648 6572
f 6574 6576 6572
f 370 6577 5685
f 6577 1649 6578
f 6578 1443 5685
f 6577 6578 5685
f 1649 6579 6581
f 6579 416 6580
f 6580 1650 6581
f 6579 6580 6581
f 1650 6582 6583
f 6582 369 5680
f 5680 1443 6583
f 6582 5680 6583
f 1649 6581 6578
f 6581 1650 6583
f 6583 1443 6578
f 6581 6583 6578
f 369 6582 6047
f 6582 1650 6584
f 6584 1533 6047
f 6582 6584 6047
f 1650 6580 6586
f 6580 416 6585
f 6585 1651 6586
f 6580 6585 6586
f 1651 6587 6588
f 6587 9 6049
f 6049 1533 6588
f 6587 6049 6588
f 1650 6586 6584
f 6586 1651 6588
f 6588 1533 6584
f 6586 6588 6584
f 386 6327 6590
f 6327 1599 6589
f 6589 1652 6590
f 6327 6589 6590
f 1599 6325 6591
f 6325 9 6587
f 6587 1651 6591
f 6325 6587 6591
f 1651 6585 6593
f 6585 416 6592
f 6592 1652 6593
f 6585 6592 6593
f 1599 6591 6589
f 6591 1651 6593
f 6593 1652 6589
f 6591 6593 6589
f 415 6573 6595
f 6573 1648 6594
f 6594 1653 6595
f 6573 6594 6595
f 1648 6575 6596
f 6575 386 6590
f 6590 1652 6596
f 6575 6590 6596
f 1652 6592 6598
f 6592 416 6597
f 6597 1653 6598
f 6592 6597 6598
f 1648 6596 6594
f 6596 1652 6598
f 6598 1653 6594
f 6596 6598 6594
f 412 6548 6600
f 6548 1642 6599
f 6599 1654 6600
f 6548 6599 6600
f 1642 6546 6601
f 6546 414 6570
f 6570 1647 6601
f 6546 6570 6601
f 1647 6568 6603
f 6568 415 6602
f 6602 1654 6603
f 6568 6602 6603
f 1642 6601 6599
f 6601 1647 6603
f 6603 1654 6599
f 6601 6603 6599
f 370 6561 6605
f 6561 1645 6604
f 6604 1655 6605
f 6561 6604 6605
f 1645 6563 6606
f 6563 413 6523
f 6523 1637 6606
f 6563 6523 6606
f 1637 6526 6608
f 6526 237 6607
f 6607 1655 6608
f 6526 6607 6608
f 1645 6606 6604
f 6606 1637 6608
f 6608 1655 6604
f 6606 6608 6604
f 370 6605 6577
f 6605 1655 6609
f 6609 1649 6577
f 6605 6609 6577
f 1655 6607 6611
f 6607 237 6610
f 6610 1656 6611
f 6607 6610 6611
f 1656 6612 6613
f 6612 416 6579
f 6579 1649 6613
f 6612 6579 6613
f 1655 6611 6609
f 6611 1656 6613
f 6613 1649 6609
f 6611 6613 6609
f 415 6614 6602
f 6614 1657 6615
f 6615 1654 6602
f 6614 6615 6602
f 1657 6616 6617
f 6616 411 6519
f 6519 1635 6617
f 6616 6519 6617
f 1635 6517 6618
f 6517 412 6600
f 6600 1654 6618
f 6517 6600 6618
f 1657 6617 6615
f 6617 1635 6618
f 6618 1654 6615
f 6617 6618 6615
f 411 6619 6505
f 6619 1658 6620
f 6620 1632 6505
f 6619 6620 6505
f 1658 6621 6622
f 6621 416 6612
f 6612 1656 6622
f 6621 6612 6622
f 1656 6610 6623
f 6610 237 6507
f 6507 1632 6623
f 6610 6507 6623
f 1658 6622 6620
f 6622 1656 6623
f 6623 1632 6620
f 6622 6623 6620
f 416 6621 6597
f 6621 1658 6624
f 6624 1653 6597
f 6621 6624 6597
f 1658 6619 6625
f 6619 411 6616
f 6616 1657 6625
f 6619 6616 6625
f 1657 6614 6626
f 6614 415 6595
f 6595 1653 6626
f 6614 6595 6626
f 1658 6625 6624
f 6625 1657 6626
f 6626 1653 6624
f 6625 6626 6624
