# After translation (centering): m1064.obj
# Applied area-weighted barycenter centering
# Shape moved to origin
# Generated on 2025-10-13 17:57:14

v 0.000260 -0.165471 0.015904
v -0.000460 -0.163503 0.017377
v -0.152939 -0.073586 -0.184141
v -0.152877 -0.073754 -0.184267
v 0.001195 -0.161583 0.017000
v -0.152797 -0.073422 -0.184174
v 0.002938 -0.162366 0.015293
v -0.152648 -0.073489 -0.184319
v 0.002361 -0.164769 0.014616
v -0.152698 -0.073694 -0.184377
v 0.001822 -0.154377 0.016778
v 0.002344 -0.153378 0.014477
v 0.238127 -0.066745 0.108490
v 0.238083 -0.066830 0.108686
v 0.001454 -0.150976 0.014437
v 0.238052 -0.066540 0.108486
v 0.000382 -0.150491 0.016713
v 0.237960 -0.066498 0.108680
v 0.000610 -0.152593 0.018159
v 0.237979 -0.066678 0.108804
v 0.000926 -0.082034 0.015510
v -0.000370 -0.080605 0.018004
v -0.206798 0.083496 -0.189000
v -0.206708 0.083396 -0.189174
v 0.001247 -0.077955 0.018557
v -0.206686 0.083680 -0.188962
v 0.003542 -0.077746 0.016405
v -0.206527 0.083694 -0.189112
v 0.003343 -0.080268 0.014522
v -0.206540 0.083519 -0.189243
v 0.002580 -0.070377 0.015784
v 0.001314 -0.068522 0.014551
v 0.235327 0.052573 -0.035635
v 0.235435 0.052414 -0.035529
v 0.000722 -0.066700 0.016252
v 0.235276 0.052728 -0.035489
v 0.001621 -0.067430 0.018538
v 0.235353 0.052666 -0.035294
v 0.002769 -0.069702 0.018248
v 0.235451 0.052472 -0.035318
v 0.002393 -0.059439 0.018374
v 0.004155 -0.056845 0.018043
v -0.172397 0.086033 0.264670
v -0.172519 0.085853 0.264693
v 0.002753 -0.054978 0.015925
v -0.172494 0.086163 0.264522
v 0.000124 -0.056417 0.014946
v -0.172677 0.086063 0.264454
v -0.000099 -0.059174 0.016459
v -0.172692 0.085872 0.264560
v 0.003426 0.013476 0.016768
v 0.001567 0.014495 0.015329
v 0.185200 0.162330 -0.112591
v 0.185359 0.162243 -0.112468
v 0.000695 0.016586 0.016527
v 0.185125 0.162509 -0.112488
v 0.002015 0.016858 0.018706
v 0.185238 0.162532 -0.112302
v 0.003703 0.014936 0.018855
v 0.185383 0.162368 -0.112290
v 0.001295 0.024693 0.018071
v 0.003475 0.025664 0.019004
v -0.139472 0.180444 0.184984
v -0.139658 0.180361 0.184904
v 0.004093 0.027715 0.017599
v -0.139419 0.180619 0.184864
v 0.002296 0.028011 0.015797
v -0.139573 0.180645 0.184710
v 0.000566 0.026144 0.016090
v -0.139721 0.180485 0.184735
v -0.076523 -0.117336 -0.099264
v -0.077171 -0.116979 -0.098830
v -0.079041 -0.112534 -0.105910
v -0.078875 -0.112625 -0.106021
v -0.076887 -0.116248 -0.098484
v -0.078968 -0.112347 -0.105821
v -0.076064 -0.116152 -0.098704
v -0.078758 -0.112323 -0.105878
v -0.075839 -0.116825 -0.099185
v -0.078700 -0.112495 -0.106001
v -0.076262 -0.119479 -0.084121
v -0.076894 -0.118262 -0.084047
v -0.078225 -0.128594 -0.247385
v -0.078124 -0.128788 -0.247397
v -0.075929 -0.117285 -0.084008
v -0.078071 -0.128438 -0.247379
v -0.074701 -0.117898 -0.084058
v -0.077875 -0.128536 -0.247387
v -0.074907 -0.119254 -0.084128
v -0.077908 -0.128752 -0.247398
v -0.114627 -0.096935 -0.134010
v -0.114609 -0.096222 -0.133674
v -0.221850 -0.074619 -0.189672
v -0.221854 -0.074817 -0.189765
v -0.114227 -0.095733 -0.134159
v -0.221743 -0.074483 -0.189806
v -0.114008 -0.096144 -0.134796
v -0.221682 -0.074597 -0.189983
v -0.114256 -0.096886 -0.134703
v -0.221751 -0.074804 -0.189957
v 0.119596 -0.110281 0.062488
v 0.120307 -0.109769 0.061870
v 0.195865 -0.105970 0.158687
v 0.195720 -0.106075 0.158813
v 0.120096 -0.108719 0.061923
v 0.195821 -0.105756 0.158698
v 0.119254 -0.108583 0.062572
v 0.195650 -0.105728 0.158831
v 0.118945 -0.109548 0.062921
v 0.195587 -0.105925 0.158902
v -0.068012 -0.000475 0.115739
v -0.067525 0.000072 0.116522
v -0.178494 0.022779 0.164145
v -0.178594 0.022667 0.163985
v -0.067399 0.001084 0.116192
v -0.178469 0.022985 0.164078
v -0.067809 0.001163 0.115204
v -0.178552 0.023001 0.163876
v -0.068188 0.000199 0.114924
v -0.178630 0.022805 0.163819
v 0.001214 0.036464 0.017181
v 0.001159 0.037973 0.018447
v -0.084886 0.151608 -0.123519
v -0.084879 0.151440 -0.123659
v 0.002831 0.038996 0.018249
v -0.084699 0.151721 -0.123541
v 0.003920 0.038119 0.016860
v -0.084578 0.151624 -0.123695
v 0.002921 0.036554 0.016200
v -0.084690 0.151450 -0.123769
v 0.002426 0.108952 0.018843
v 0.004214 0.109762 0.018671
v -0.039199 0.234440 0.170460
v -0.039398 0.234350 0.170479
v 0.004083 0.111264 0.017400
v -0.039214 0.234607 0.170318
v 0.002214 0.111380 0.016787
v -0.039421 0.234620 0.170251
v 0.001190 0.109952 0.017678
v -0.039535 0.234461 0.170349
v 0.002631 0.120759 0.017029
v 0.001768 0.121107 0.018048
v -0.035383 0.229706 -0.051325
v -0.035246 0.229651 -0.051487
v 0.002455 0.121911 0.018933
v -0.035274 0.229833 -0.051185
v 0.003743 0.122062 0.018461
v -0.035070 0.229858 -0.051260
v 0.003851 0.121350 0.017285
v -0.035052 0.229745 -0.051447
v 0.004124 0.131600 0.017383
v 0.003011 0.132873 0.016371
v 0.142357 0.275067 0.045255
v 0.142480 0.274927 0.045367
v 0.001819 0.133787 0.017646
v 0.142225 0.275169 0.045397
v 0.002195 0.133079 0.019447
v 0.142266 0.275091 0.045597
v 0.003620 0.131727 0.019284
v 0.142425 0.274940 0.045579
v 0.004464 0.215878 0.018476
v 0.003586 0.216177 0.017455
v 0.064852 0.334236 0.000272
v 0.064992 0.334189 0.000434
v 0.002499 0.216826 0.018004
v 0.064680 0.334339 0.000360
v 0.002706 0.216928 0.019364
v 0.064713 0.334355 0.000575
v 0.003920 0.216341 0.019656
v 0.064905 0.334262 0.000622
v 0.002982 0.226804 0.019350
v 0.004285 0.227244 0.019459
v -0.036200 0.324416 0.102557
v -0.036407 0.324346 0.102540
v 0.004502 0.228183 0.018473
v -0.036166 0.324565 0.102400
v 0.003334 0.228324 0.017753
v -0.036351 0.324587 0.102286
v 0.002394 0.227472 0.018295
v -0.036501 0.324452 0.102372
v -0.077453 -0.118009 -0.139940
v -0.077665 -0.117514 -0.139639
v -0.080225 -0.115922 -0.144489
v -0.080149 -0.116098 -0.144596
v -0.077265 -0.117053 -0.139724
v -0.080083 -0.115758 -0.144519
v -0.076805 -0.117263 -0.140077
v -0.079919 -0.115833 -0.144644
v -0.076921 -0.117854 -0.140210
v -0.079960 -0.116043 -0.144691
v -0.077093 -0.119983 -0.154518
v -0.077338 -0.119475 -0.154765
v -0.077375 -0.122184 -0.159791
v -0.077288 -0.122365 -0.159703
v -0.076878 -0.119126 -0.154981
v -0.077212 -0.122061 -0.159868
v -0.076348 -0.119419 -0.154867
v -0.077023 -0.122164 -0.159827
v -0.076481 -0.119949 -0.154580
v -0.077071 -0.122353 -0.159725
v -0.076664 -0.119643 -0.166205
v -0.076995 -0.119131 -0.166116
v -0.074935 -0.117183 -0.171073
v -0.074818 -0.117365 -0.171105
v -0.076637 -0.118719 -0.165831
v -0.074808 -0.117037 -0.170971
v -0.076084 -0.118977 -0.165742
v -0.074612 -0.117128 -0.170940
v -0.076101 -0.119548 -0.165974
v -0.074618 -0.117331 -0.171022
v -0.127582 -0.092504 -0.140367
v -0.127210 -0.092136 -0.140040
v -0.131023 -0.087953 -0.140797
v -0.131154 -0.088083 -0.140913
v -0.126840 -0.091840 -0.140434
v -0.130891 -0.087848 -0.140936
v -0.126982 -0.092026 -0.141005
v -0.130941 -0.087913 -0.141139
v -0.127440 -0.092436 -0.140963
v -0.131104 -0.088059 -0.141124
v -0.140109 -0.090997 -0.147568
v -0.140445 -0.090706 -0.147140
v -0.145086 -0.093098 -0.149452
v -0.144966 -0.093201 -0.149604
v -0.140631 -0.090168 -0.147377
v -0.145152 -0.092907 -0.149536
v -0.140409 -0.090126 -0.147951
v -0.145073 -0.092892 -0.149740
v -0.140087 -0.090638 -0.148069
v -0.144958 -0.093074 -0.149782
v 0.129329 -0.107957 0.073818
v 0.129565 -0.107690 0.073314
v 0.133597 -0.105402 0.076646
v 0.133514 -0.105497 0.076825
v 0.129318 -0.107128 0.073264
v 0.133510 -0.105202 0.076628
v 0.128930 -0.107046 0.073736
v 0.133372 -0.105173 0.076796
v 0.128938 -0.107559 0.074079
v 0.133375 -0.105355 0.076918
v 0.138290 -0.108318 0.085308
v 0.138599 -0.107785 0.085308
v 0.142016 -0.109997 0.089312
v 0.141906 -0.110186 0.089312
v 0.138357 -0.107423 0.085745
v 0.141930 -0.109869 0.089467
v 0.137898 -0.107733 0.086015
v 0.141767 -0.109979 0.089563
v 0.137856 -0.108286 0.085745
v 0.141752 -0.110175 0.089468
v -0.082114 -0.008764 -0.079616
v -0.082299 -0.008367 -0.079182
v -0.082979 -0.004478 -0.083306
v -0.082913 -0.004619 -0.083461
v -0.081807 -0.008048 -0.078992
v -0.082804 -0.004365 -0.083239
v -0.081317 -0.008248 -0.079309
v -0.082630 -0.004435 -0.083351
v -0.081507 -0.008690 -0.079694
v -0.082698 -0.004592 -0.083489
v -0.081694 -0.005774 -0.093876
v -0.082226 -0.005464 -0.093867
v -0.082961 -0.006964 -0.099328
v -0.082772 -0.007074 -0.099331
v -0.082116 -0.004890 -0.094062
v -0.082921 -0.006759 -0.099396
v -0.081515 -0.004845 -0.094192
v -0.082708 -0.006744 -0.099442
v -0.081254 -0.005392 -0.094076
v -0.082615 -0.006938 -0.099401
v -0.081948 -0.014732 -0.065772
v -0.082341 -0.013790 -0.065446
v -0.082197 -0.001238 -0.104450
v -0.081914 -0.001916 -0.104685
v -0.081515 -0.013144 -0.065225
v -0.081604 -0.000774 -0.104292
v -0.080610 -0.013687 -0.065415
v -0.080953 -0.001164 -0.104428
v -0.080877 -0.014668 -0.065752
v -0.081145 -0.001870 -0.104671
v -0.081912 0.002003 -0.106989
v -0.081717 0.001937 -0.107066
v -0.081876 0.002155 -0.106836
v -0.081660 0.002183 -0.106817
v -0.081561 0.002049 -0.106960
v -0.123823 0.017209 -0.106920
v -0.123751 0.017780 -0.106407
v -0.191029 0.052476 -0.137818
v -0.191049 0.052314 -0.137963
v -0.123312 0.018329 -0.106722
v -0.190905 0.052631 -0.137908
v -0.123112 0.018098 -0.107429
v -0.190847 0.052566 -0.138108
v -0.123428 0.017405 -0.107551
v -0.190938 0.052369 -0.138143
v 0.112825 -0.011271 -0.008506
v 0.112464 -0.010602 -0.008632
v 0.180297 0.017236 -0.045247
v 0.180399 0.017046 -0.045212
v 0.112595 -0.010143 -0.008027
v 0.180334 0.017366 -0.045075
v 0.113037 -0.010529 -0.007527
v 0.180459 0.017256 -0.044933
v 0.113179 -0.011226 -0.007823
v 0.180500 0.017058 -0.045018
v 0.118832 -0.008399 -0.009621
v 0.118595 -0.007786 -0.010023
v 0.191608 0.027091 0.002996
v 0.191676 0.026917 0.003111
v 0.118265 -0.007293 -0.009531
v 0.191514 0.027232 0.003136
v 0.118298 -0.007601 -0.008826
v 0.191524 0.027143 0.003336
v 0.118648 -0.008285 -0.008881
v 0.191624 0.026949 0.003321
v -0.065135 0.001250 0.125542
v -0.064655 0.001511 0.125256
v -0.064105 0.004983 0.129755
v -0.064275 0.004890 0.129858
v -0.064865 0.001995 0.124936
v -0.064180 0.005154 0.129641
v -0.065474 0.002032 0.125025
v -0.064396 0.005168 0.129673
v -0.065641 0.001572 0.125400
v -0.064455 0.005004 0.129807
v -0.066661 0.002675 0.140038
v -0.066104 0.002938 0.140063
v -0.066460 0.002682 0.145757
v -0.066658 0.002589 0.145747
v -0.066183 0.003548 0.140107
v -0.066488 0.002899 0.145772
v -0.066789 0.003662 0.140110
v -0.066703 0.002940 0.145773
v -0.067084 0.003123 0.140067
v -0.066808 0.002748 0.145757
v -0.068000 0.005738 0.150991
v -0.067717 0.006280 0.150915
v -0.069779 0.007843 0.156005
v -0.069879 0.007650 0.156032
v -0.068119 0.006670 0.150657
v -0.069921 0.007981 0.155913
v -0.068650 0.006367 0.150573
v -0.070110 0.007874 0.155883
v -0.068576 0.005792 0.150780
v -0.070084 0.007669 0.155957
v -0.063983 -0.003099 0.111079
v -0.063473 -0.002171 0.110912
v -0.070528 0.012188 0.191266
v -0.070751 0.011782 0.191339
v -0.064208 -0.001425 0.110683
v -0.070850 0.012514 0.191166
v -0.065173 -0.001892 0.110710
v -0.071272 0.012310 0.191178
v -0.065033 -0.002927 0.110955
v -0.071211 0.011857 0.191284
v -0.070142 0.012800 0.193068
v -0.070253 0.012620 0.193122
v -0.070286 0.012964 0.193043
v -0.070487 0.012884 0.193081
v -0.070466 0.012671 0.193130
v -0.081003 0.004192 0.121887
v -0.080574 0.004419 0.122267
v -0.084698 0.007448 0.124801
v -0.084850 0.007368 0.124666
v -0.080366 0.004947 0.122024
v -0.084624 0.007636 0.124715
v -0.080666 0.005045 0.121495
v -0.084730 0.007671 0.124527
v -0.081060 0.004579 0.121410
v -0.084870 0.007505 0.124497
v -0.094408 0.005979 0.127635
v -0.094329 0.006544 0.127868
v -0.099662 0.006236 0.129884
v -0.099690 0.006035 0.129802
v -0.094534 0.006950 0.127451
v -0.099735 0.006380 0.129736
v -0.094737 0.006636 0.126962
v -0.099807 0.006269 0.129563
v -0.094660 0.006035 0.127076
v -0.099780 0.006055 0.129603
v -0.102652 0.027577 0.165845
v -0.102279 0.028181 0.165546
v -0.093433 0.058355 0.241229
v -0.093540 0.058184 0.241314
v -0.102798 0.028726 0.165382
v -0.093581 0.058511 0.241183
v -0.103493 0.028459 0.165579
v -0.093779 0.058435 0.241239
v -0.103404 0.027749 0.165866
v -0.093753 0.058233 0.241320
v 0.089115 0.084827 -0.044652
v 0.088635 0.085429 -0.044636
v 0.119689 0.110145 -0.116340
v 0.119826 0.109974 -0.116344
v 0.088991 0.086009 -0.044273
v 0.119790 0.110309 -0.116237
v 0.089691 0.085764 -0.044064
v 0.119989 0.110240 -0.116177
v 0.089768 0.085034 -0.044298
v 0.120011 0.110033 -0.116244
v -0.068794 0.103085 0.101395
v -0.068275 0.103613 0.101609
v -0.129490 0.150951 0.128600
v -0.129638 0.150801 0.128539
v -0.068160 0.104089 0.101014
v -0.129458 0.151087 0.128431
v -0.068609 0.103855 0.100432
v -0.129585 0.151020 0.128265
v -0.069000 0.103235 0.100668
v -0.129696 0.150844 0.128332
v -0.053209 0.109230 -0.071931
v -0.053017 0.109823 -0.071478
v -0.126463 0.143013 -0.086335
v -0.126518 0.142845 -0.086464
v -0.052678 0.110358 -0.071917
v -0.126367 0.143166 -0.086460
v -0.052660 0.110096 -0.072642
v -0.126362 0.143091 -0.086666
v -0.052988 0.109399 -0.072650
v -0.126455 0.142893 -0.086668
v -0.055533 0.112930 -0.077018
v -0.056250 0.113211 -0.077020
v -0.037526 0.158276 -0.142859
v -0.037322 0.158196 -0.142858
v -0.056260 0.113842 -0.076579
v -0.037529 0.158456 -0.142733
v -0.055549 0.113952 -0.076304
v -0.037327 0.158487 -0.142655
v -0.055099 0.113388 -0.076576
v -0.037199 0.158326 -0.142732
v 0.002862 0.204904 0.018255
v 0.002957 0.205087 0.019016
v -0.031090 0.262012 0.009158
v -0.031117 0.261960 0.008947
v 0.003624 0.205502 0.019085
v -0.030905 0.262126 0.009177
v 0.003941 0.205575 0.018367
v -0.030817 0.262147 0.008978
v 0.003471 0.205204 0.017854
v -0.030948 0.262044 0.008835
v 0.004094 0.299809 0.018679
v 0.003455 0.300271 0.018670
v 0.038887 0.348271 -0.011945
v 0.039064 0.348143 -0.011943
v 0.003454 0.300698 0.019333
v 0.038886 0.348389 -0.011761
v 0.004093 0.300502 0.019751
v 0.039064 0.348335 -0.011645
v 0.004488 0.299952 0.019347
v 0.039174 0.348182 -0.011757
v 0.003609 0.311063 0.019658
v 0.004366 0.311261 0.019757
v -0.014695 0.367783 0.050394
v -0.014905 0.367728 0.050367
v 0.004591 0.311681 0.019129
v -0.014632 0.367900 0.050220
v 0.003974 0.311743 0.018643
v -0.014804 0.367917 0.050085
v 0.003367 0.311361 0.018970
v -0.014972 0.367811 0.050176
v 0.003987 0.322397 0.018670
v 0.003393 0.322519 0.019173
v 0.000279 0.386535 -0.000552
v 0.000444 0.386501 -0.000692
v 0.003700 0.322750 0.019861
v 0.000365 0.386599 -0.000361
v 0.004485 0.322770 0.019783
v 0.000583 0.386604 -0.000383
v 0.004662 0.322552 0.019047
v 0.000632 0.386544 -0.000587
v -0.077637 -0.121470 -0.180723
v -0.077951 -0.121274 -0.180661
v -0.078572 -0.121536 -0.183433
v -0.078389 -0.121650 -0.183470
v -0.077876 -0.120912 -0.180722
v -0.078528 -0.121324 -0.183469
v -0.077516 -0.120883 -0.180823
v -0.078318 -0.121308 -0.183528
v -0.077368 -0.121228 -0.180823
v -0.078232 -0.121509 -0.183528
v -0.076966 -0.123286 -0.195398
v -0.077251 -0.123142 -0.195597
v -0.076136 -0.124358 -0.197924
v -0.075970 -0.124442 -0.197808
v -0.077141 -0.122809 -0.195731
v -0.076072 -0.124164 -0.198003
v -0.076790 -0.122747 -0.195615
v -0.075867 -0.124127 -0.197936
v -0.076682 -0.123041 -0.195410
v -0.075803 -0.124299 -0.197815
v -0.077493 -0.123819 -0.206757
v -0.077642 -0.123475 -0.206740
v -0.077366 -0.123304 -0.209575
v -0.077279 -0.123505 -0.209585
v -0.077362 -0.123228 -0.206709
v -0.077202 -0.123160 -0.209557
v -0.077039 -0.123419 -0.206706
v -0.077013 -0.123272 -0.209555
v -0.077120 -0.123784 -0.206736
v -0.077061 -0.123485 -0.209572
v -0.163214 -0.085093 -0.158740
v -0.163053 -0.084775 -0.158621
v -0.165667 -0.083698 -0.158232
v -0.165760 -0.083883 -0.158302
v -0.163015 -0.084547 -0.158917
v -0.165644 -0.083565 -0.158404
v -0.163151 -0.084723 -0.159218
v -0.165723 -0.083668 -0.158581
v -0.163273 -0.085061 -0.159110
v -0.165795 -0.083865 -0.158517
v -0.176005 -0.083385 -0.166187
v -0.176180 -0.083083 -0.166049
v -0.178413 -0.083716 -0.167708
v -0.178311 -0.083892 -0.167788
v -0.176106 -0.082793 -0.166276
v -0.178371 -0.083546 -0.167840
v -0.175887 -0.082916 -0.166554
v -0.178242 -0.083618 -0.168003
v -0.175824 -0.083282 -0.166499
v -0.178206 -0.083831 -0.167970
v 0.154710 -0.106277 0.105732
v 0.154742 -0.105934 0.105584
v 0.156911 -0.105449 0.107374
v 0.156891 -0.105650 0.107461
v 0.154534 -0.105699 0.105789
v 0.156789 -0.105312 0.107494
v 0.154373 -0.105896 0.106064
v 0.156694 -0.105427 0.107655
v 0.154482 -0.106254 0.106029
v 0.156758 -0.105636 0.107634
v 0.163419 -0.106831 0.117713
v 0.163643 -0.106530 0.117733
v 0.164972 -0.107764 0.119936
v 0.164842 -0.107939 0.119924
v 0.163488 -0.106288 0.117976
v 0.164882 -0.107622 0.120077
v 0.163170 -0.106440 0.118104
v 0.164696 -0.107711 0.120152
v 0.163127 -0.106776 0.117942
v 0.164672 -0.107907 0.120057
v 0.170067 -0.106140 0.126895
v 0.170357 -0.105946 0.126757
v 0.171147 -0.105365 0.129436
v 0.170977 -0.105477 0.129517
v 0.170252 -0.105588 0.126721
v 0.171085 -0.105155 0.129415
v 0.169896 -0.105560 0.126838
v 0.170877 -0.105139 0.129483
v 0.169782 -0.105901 0.126946
v 0.170811 -0.105338 0.129546
v 0.173418 -0.090790 0.083179
v 0.173397 -0.090380 0.082953
v 0.204880 -0.076613 0.105282
v 0.204890 -0.076805 0.105387
v 0.173107 -0.090098 0.083191
v 0.204745 -0.076481 0.105393
v 0.172949 -0.090335 0.083564
v 0.204671 -0.076592 0.105567
v 0.173141 -0.090763 0.083556
v 0.204761 -0.076791 0.105563
v 0.179058 -0.088740 0.085359
v 0.178936 -0.088341 0.085144
v 0.218245 -0.076763 0.084835
v 0.218301 -0.076949 0.084935
v 0.178846 -0.088021 0.085474
v 0.218203 -0.076613 0.084988
v 0.178911 -0.088221 0.085893
v 0.218233 -0.076707 0.085184
v 0.179042 -0.088666 0.085822
v 0.218294 -0.076915 0.085151
v -0.148194 0.029963 -0.118093
v -0.148230 0.030280 -0.117895
v -0.150845 0.030579 -0.118994
v -0.150824 0.030395 -0.119110
v -0.148117 0.030565 -0.118111
v -0.150780 0.030746 -0.119120
v -0.148012 0.030425 -0.118442
v -0.150718 0.030664 -0.119314
v -0.148059 0.030053 -0.118432
v -0.150746 0.030447 -0.119308
v -0.156990 0.035185 -0.122911
v -0.157131 0.035332 -0.122597
v -0.159077 0.036675 -0.124193
v -0.158995 0.036590 -0.124377
v -0.156966 0.035664 -0.122539
v -0.158980 0.036869 -0.124160
v -0.156721 0.035722 -0.122818
v -0.158838 0.036903 -0.124323
v -0.156737 0.035425 -0.123048
v -0.158846 0.036730 -0.124457
v -0.161321 0.046626 -0.144375
v -0.161446 0.046822 -0.143968
v -0.194583 0.062797 -0.162024
v -0.194525 0.062705 -0.162214
v -0.161252 0.047249 -0.143949
v -0.194493 0.062996 -0.162015
v -0.161008 0.047316 -0.144343
v -0.194379 0.063027 -0.162199
v -0.161050 0.046930 -0.144607
v -0.194398 0.062847 -0.162323
v 0.124746 -0.005235 -0.015224
v 0.124488 -0.004963 -0.015223
v 0.126308 -0.003336 -0.016698
v 0.126459 -0.003495 -0.016699
v 0.124551 -0.004745 -0.014924
v 0.126345 -0.003209 -0.016524
v 0.124847 -0.004882 -0.014741
v 0.126518 -0.003289 -0.016417
v 0.124969 -0.005185 -0.014926
v 0.126589 -0.003465 -0.016525
v 0.137331 -0.000993 -0.021747
v 0.137131 -0.000796 -0.021996
v 0.139432 -0.000731 -0.023681
v 0.139549 -0.000846 -0.023536
v 0.137184 -0.000432 -0.021926
v 0.139463 -0.000518 -0.023640
v 0.137418 -0.000403 -0.021634
v 0.139600 -0.000501 -0.023470
v 0.137509 -0.000750 -0.021523
v 0.139652 -0.000704 -0.023406
v 0.146775 0.003506 -0.026175
v 0.146691 0.003632 -0.026518
v 0.148887 0.005440 -0.026303
v 0.148936 0.005366 -0.026103
v 0.146460 0.003925 -0.026480
v 0.148753 0.005611 -0.026281
v 0.146400 0.003980 -0.026114
v 0.148718 0.005643 -0.026067
v 0.146595 0.003720 -0.025925
v 0.148832 0.005492 -0.025957
v 0.131786 -0.001184 -0.007524
v 0.131648 -0.001026 -0.007835
v 0.133907 0.000717 -0.007862
v 0.133987 0.000625 -0.007680
v 0.131436 -0.000733 -0.007732
v 0.133783 0.000888 -0.007802
v 0.131444 -0.000710 -0.007358
v 0.133787 0.000901 -0.007583
v 0.131660 -0.000989 -0.007229
v 0.133914 0.000739 -0.007508
v 0.145194 0.004429 -0.004966
v 0.145176 0.004589 -0.005305
v 0.148022 0.004792 -0.005274
v 0.148032 0.004698 -0.005076
v 0.145159 0.004960 -0.005257
v 0.148012 0.005009 -0.005246
v 0.145167 0.005030 -0.004888
v 0.148016 0.005049 -0.005031
v 0.145188 0.004701 -0.004709
v 0.148029 0.004857 -0.004926
v 0.155022 0.009839 -0.002807
v 0.154969 0.010111 -0.003059
v 0.156541 0.011832 -0.001413
v 0.156572 0.011673 -0.001266
v 0.154666 0.010307 -0.002956
v 0.156364 0.011946 -0.001353
v 0.154531 0.010155 -0.002641
v 0.156286 0.011858 -0.001169
v 0.154752 0.009866 -0.002548
v 0.156414 0.011688 -0.001115
v 0.171598 0.018737 -0.021308
v 0.171450 0.019087 -0.021582
v 0.208547 0.036344 -0.019265
v 0.208615 0.036180 -0.019137
v 0.171278 0.019425 -0.021306
v 0.208466 0.036501 -0.019136
v 0.171319 0.019282 -0.020861
v 0.208486 0.036435 -0.018929
v 0.171517 0.018857 -0.020862
v 0.208578 0.036236 -0.018929
v -0.068293 0.008427 0.165606
v -0.068117 0.008706 0.165428
v -0.067652 0.009932 0.167962
v -0.067755 0.009769 0.168066
v -0.068369 0.008975 0.165356
v -0.067800 0.010088 0.167920
v -0.068700 0.008861 0.165490
v -0.067993 0.010022 0.167998
v -0.068653 0.008523 0.165644
v -0.067966 0.009824 0.168089
v -0.131350 0.013794 0.143588
v -0.131270 0.014112 0.143770
v -0.133920 0.014094 0.144825
v -0.133967 0.013908 0.144719
v -0.131370 0.014400 0.143551
v -0.133979 0.014261 0.144697
v -0.131513 0.014259 0.143233
v -0.134062 0.014179 0.144512
v -0.131501 0.013884 0.143257
v -0.134056 0.013961 0.144525
v -0.141677 0.016250 0.147390
v -0.141702 0.016402 0.147732
v -0.144175 0.017584 0.146943
v -0.144161 0.017496 0.146743
v -0.141547 0.016743 0.147720
v -0.144085 0.017784 0.146935
v -0.141425 0.016803 0.147370
v -0.144014 0.017818 0.146731
v -0.141506 0.016498 0.147166
v -0.144061 0.017640 0.146612
v -0.100988 0.034050 0.179247
v -0.100680 0.034190 0.179085
v -0.100234 0.035736 0.181440
v -0.100413 0.035655 0.181535
v -0.100777 0.034507 0.178908
v -0.100291 0.035922 0.181337
v -0.101144 0.034562 0.178961
v -0.100505 0.035954 0.181368
v -0.101275 0.034279 0.179172
v -0.100581 0.035789 0.181491
v -0.099378 0.038710 0.193178
v -0.099058 0.038881 0.193080
v -0.098385 0.039035 0.195848
v -0.098572 0.038935 0.195905
v -0.099119 0.039251 0.193084
v -0.098420 0.039251 0.195851
v -0.099475 0.039309 0.193186
v -0.098628 0.039284 0.195909
v -0.099635 0.038974 0.193243
v -0.098722 0.039089 0.195943
v -0.134400 0.053407 0.210679
v -0.134119 0.053780 0.210632
v -0.148066 0.068624 0.246191
v -0.148197 0.068450 0.246212
v -0.134357 0.054112 0.210402
v -0.148177 0.068779 0.246083
v -0.134784 0.053945 0.210306
v -0.148376 0.068701 0.246039
v -0.134811 0.053509 0.210477
v -0.148389 0.068498 0.246119
v -0.138039 0.056198 0.215329
v -0.137796 0.056411 0.215669
v -0.172544 0.072499 0.230265
v -0.172658 0.072399 0.230106
v -0.137668 0.056834 0.215511
v -0.172485 0.072696 0.230192
v -0.137832 0.056883 0.215074
v -0.172561 0.072718 0.229987
v -0.138062 0.056489 0.214961
v -0.172668 0.072535 0.229935
v 0.100189 0.093990 -0.070684
v 0.099989 0.094305 -0.070714
v 0.101110 0.094679 -0.073311
v 0.101227 0.094495 -0.073294
v 0.100201 0.094590 -0.070593
v 0.101233 0.094845 -0.073240
v 0.100533 0.094451 -0.070488
v 0.101427 0.094764 -0.073179
v 0.100526 0.094080 -0.070544
v 0.101423 0.094547 -0.073212
v 0.104965 0.097894 -0.080112
v 0.104667 0.098047 -0.080281
v 0.106434 0.099151 -0.082229
v 0.106608 0.099062 -0.082131
v 0.104621 0.098392 -0.080141
v 0.106406 0.099353 -0.082148
v 0.104890 0.098452 -0.079888
v 0.106564 0.099389 -0.082000
v 0.105103 0.098144 -0.079870
v 0.106688 0.099209 -0.081989
v 0.139564 0.125048 -0.080322
v 0.139267 0.125399 -0.080228
v 0.151961 0.145008 -0.113897
v 0.152100 0.144845 -0.113941
v 0.139493 0.125712 -0.079962
v 0.152068 0.145155 -0.113772
v 0.139930 0.125555 -0.079892
v 0.152271 0.145082 -0.113740
v 0.139973 0.125144 -0.080115
v 0.152291 0.144890 -0.113844
v -0.079372 0.112558 0.106264
v -0.079046 0.112659 0.106419
v -0.080363 0.114946 0.107503
v -0.080553 0.114887 0.107412
v -0.078869 0.112887 0.106179
v -0.080259 0.115079 0.107363
v -0.079086 0.112927 0.105876
v -0.080386 0.115103 0.107186
v -0.079396 0.112723 0.105928
v -0.080567 0.114983 0.107216
v -0.090856 0.120331 0.110983
v -0.090728 0.120502 0.111292
v -0.093377 0.120404 0.112348
v -0.093451 0.120304 0.112168
v -0.090772 0.120872 0.111246
v -0.093402 0.120619 0.112321
v -0.090926 0.120930 0.110909
v -0.093492 0.120653 0.112124
v -0.090978 0.120596 0.110746
v -0.093523 0.120458 0.112030
v -0.100848 0.137714 0.139239
v -0.100538 0.138048 0.139348
v -0.130666 0.160572 0.155603
v -0.130811 0.160416 0.155552
v -0.100512 0.138346 0.138986
v -0.130654 0.160711 0.155434
v -0.100806 0.138197 0.138654
v -0.130792 0.160642 0.155279
v -0.101014 0.137806 0.138809
v -0.130889 0.160459 0.155351
v -0.104323 0.141426 0.143259
v -0.103900 0.141622 0.143311
v -0.118122 0.163691 0.174775
v -0.118319 0.163600 0.174751
v -0.103885 0.142009 0.143047
v -0.118115 0.163872 0.174652
v -0.104300 0.142054 0.142832
v -0.118309 0.163892 0.174552
v -0.104570 0.141693 0.142963
v -0.118435 0.163724 0.174612
v -0.066277 0.116149 -0.074330
v -0.066167 0.116284 -0.073998
v -0.068469 0.117968 -0.074008
v -0.068534 0.117889 -0.074201
v -0.065957 0.116588 -0.074061
v -0.068347 0.118146 -0.074044
v -0.065937 0.116642 -0.074432
v -0.068335 0.118177 -0.074260
v -0.066135 0.116370 -0.074598
v -0.068451 0.118018 -0.074358
v -0.079732 0.121441 -0.077226
v -0.079737 0.121613 -0.076892
v -0.082583 0.121697 -0.077062
v -0.082581 0.121597 -0.077257
v -0.079732 0.121983 -0.076951
v -0.082581 0.121913 -0.077097
v -0.079726 0.122041 -0.077321
v -0.082577 0.121947 -0.077313
v -0.079725 0.121706 -0.077491
v -0.082577 0.121752 -0.077412
v -0.052976 0.121937 -0.088735
v -0.053203 0.122044 -0.088456
v -0.053945 0.124305 -0.090028
v -0.053813 0.124243 -0.090191
v -0.053010 0.122276 -0.088232
v -0.053833 0.124441 -0.089897
v -0.052665 0.122312 -0.088373
v -0.053631 0.124462 -0.089980
v -0.052644 0.122103 -0.088684
v -0.053618 0.124340 -0.090161
v -0.046229 0.136017 -0.109633
v -0.046507 0.136269 -0.109617
v -0.044904 0.138016 -0.111205
v -0.044742 0.137869 -0.111214
v -0.046443 0.136494 -0.109324
v -0.044867 0.138148 -0.111034
v -0.046126 0.136381 -0.109158
v -0.044682 0.138082 -0.110937
v -0.045994 0.136087 -0.109349
v -0.044605 0.137910 -0.111049
v -0.081871 0.147622 -0.119218
v -0.082157 0.147753 -0.119198
v -0.074303 0.170089 -0.152644
v -0.074103 0.169998 -0.152659
v -0.082133 0.148012 -0.119020
v -0.074286 0.170269 -0.152520
v -0.081832 0.148042 -0.118930
v -0.074077 0.170290 -0.152458
v -0.081670 0.147801 -0.119052
v -0.073964 0.170122 -0.152543
v -0.084825 0.151419 -0.123716
v -0.084865 0.151494 -0.123514
v -0.115032 0.175085 -0.138094
v -0.114992 0.175010 -0.138297
v -0.084741 0.151671 -0.123481
v -0.114909 0.175262 -0.138062
v -0.084625 0.151707 -0.123664
v -0.114793 0.175298 -0.138245
v -0.084677 0.151551 -0.123808
v -0.114845 0.175143 -0.138389
v -0.023805 0.188673 0.114917
v -0.023550 0.188980 0.114671
v -0.025040 0.215255 0.146083
v -0.025159 0.215112 0.146198
v -0.023845 0.189254 0.114430
v -0.025178 0.215382 0.145970
v -0.024283 0.189116 0.114527
v -0.025382 0.215318 0.146016
v -0.024258 0.188757 0.114828
v -0.025370 0.215151 0.146156
v -0.025538 0.192655 0.119716
v -0.025199 0.192842 0.119980
v -0.052762 0.217285 0.137927
v -0.052921 0.217198 0.137803
v -0.025022 0.193211 0.119751
v -0.052680 0.217457 0.137820
v -0.025253 0.193253 0.119345
v -0.052787 0.217477 0.137630
v -0.025572 0.192910 0.119323
v -0.052936 0.217316 0.137620
v 0.091671 0.222536 0.035389
v 0.091361 0.222700 0.035077
v 0.120998 0.244884 0.017503
v 0.121142 0.244807 0.017649
v 0.091173 0.223092 0.035251
v 0.120910 0.245067 0.017585
v 0.091366 0.223171 0.035671
v 0.121000 0.245103 0.017781
v 0.091673 0.222828 0.035756
v 0.121144 0.244943 0.017820
v 0.096265 0.227205 0.036287
v 0.096115 0.227490 0.035946
v 0.123319 0.255790 0.047707
v 0.123389 0.255657 0.047866
v 0.095768 0.227753 0.036120
v 0.123157 0.255913 0.047787
v 0.095704 0.227632 0.036568
v 0.123127 0.255857 0.047997
v 0.096011 0.227293 0.036672
v 0.123270 0.255698 0.048045
v -0.027701 0.256371 0.009739
v -0.027895 0.256466 0.009968
v -0.038644 0.288801 -0.012795
v -0.038509 0.288734 -0.012954
v -0.027733 0.256656 0.010161
v -0.038532 0.288933 -0.012662
v -0.027439 0.256678 0.010051
v -0.038327 0.288948 -0.012738
v -0.027418 0.256501 0.009791
v -0.038313 0.288826 -0.012919
v -0.031086 0.261911 0.009050
v -0.030929 0.261984 0.009183
v -0.058009 0.286442 0.027830
v -0.058167 0.286369 0.027697
v -0.030836 0.262159 0.009089
v -0.057916 0.286617 0.027736
v -0.030936 0.262194 0.008898
v -0.058016 0.286651 0.027545
v -0.031091 0.262041 0.008874
v -0.058171 0.286499 0.027520
v 0.031455 0.269434 0.010506
v 0.031310 0.269535 0.010071
v 0.052443 0.304624 0.011278
v 0.052511 0.304577 0.011481
v 0.030910 0.269776 0.010105
v 0.052256 0.304737 0.011293
v 0.030807 0.269825 0.010560
v 0.052208 0.304760 0.011506
v 0.031145 0.269614 0.010808
v 0.052365 0.304661 0.011622
v 0.034172 0.275166 0.009183
v 0.033774 0.275373 0.009321
v 0.045871 0.310182 -0.008602
v 0.046057 0.310086 -0.008666
v 0.033850 0.275565 0.009742
v 0.045906 0.310272 -0.008405
v 0.034294 0.275477 0.009865
v 0.046114 0.310231 -0.008348
v 0.034493 0.275230 0.009519
v 0.046207 0.310115 -0.008509
v -0.014598 0.271058 0.056682
v -0.014271 0.271373 0.056800
v -0.043476 0.295966 0.071684
v -0.043629 0.295819 0.071629
v -0.014212 0.271664 0.056438
v -0.043449 0.296103 0.071515
v -0.014503 0.271530 0.056095
v -0.043585 0.296040 0.071354
v -0.014742 0.271155 0.056246
v -0.043696 0.295865 0.071425
v -0.016407 0.275793 0.060831
v -0.016029 0.275939 0.060595
v -0.011181 0.306478 0.087486
v -0.011357 0.306411 0.087596
v -0.016170 0.276248 0.060271
v -0.011247 0.306623 0.087335
v -0.016635 0.276293 0.060307
v -0.011464 0.306644 0.087352
v -0.016782 0.276013 0.060653
v -0.011532 0.306512 0.087513
v -0.095393 -0.113287 -0.156489
v -0.092028 -0.100918 -0.156760
v -0.088710 -0.121070 -0.165444
v -0.077943 -0.106548 -0.165944
v -0.093905 -0.110933 -0.147810
v -0.097793 -0.109406 -0.138421
v -0.089146 -0.102673 -0.150618
v -0.090168 -0.095031 -0.136750
v -0.089061 -0.102656 -0.150749
v -0.087191 -0.118364 -0.141573
v -0.087461 -0.131224 -0.140920
v -0.090127 -0.115034 -0.133943
v -0.088571 -0.128563 -0.124251
v -0.081771 -0.121082 -0.145168
v -0.074663 -0.124215 -0.153234
v -0.082284 -0.130147 -0.142379
v -0.074043 -0.138064 -0.150509
v -0.074602 -0.115536 -0.143181
v -0.070606 -0.103332 -0.143159
v -0.067302 -0.123396 -0.151805
v -0.055997 -0.108937 -0.151901
v -0.078053 -0.134151 -0.177052
v -0.066361 -0.138687 -0.174388
v -0.088201 -0.141269 -0.171413
v -0.074519 -0.147844 -0.161582
v -0.073147 -0.126945 -0.174395
v -0.068817 -0.117968 -0.176898
v -0.066141 -0.132840 -0.170531
v -0.054612 -0.121960 -0.169836
v -0.066165 -0.132981 -0.170467
v -0.078296 -0.119896 -0.166457
v -0.090334 -0.115345 -0.165983
v -0.072787 -0.113270 -0.168374
v -0.082686 -0.100310 -0.164705
v -0.081979 -0.123311 -0.161510
v -0.087426 -0.131068 -0.155549
v -0.089750 -0.117863 -0.161144
v -0.099770 -0.124411 -0.153836
v -0.076081 -0.124259 -0.154410
v -0.064454 -0.128569 -0.151070
v -0.086199 -0.131140 -0.148107
v -0.072452 -0.137402 -0.137681
v 0.155389 -0.118311 0.106030
v 0.156673 -0.129171 0.099335
v 0.164588 -0.108754 0.102948
v 0.167006 -0.119529 0.088626
v 0.147057 -0.120304 0.102919
v 0.137399 -0.123074 0.105075
v 0.150792 -0.126778 0.096369
v 0.137316 -0.134659 0.093527
v 0.150931 -0.126767 0.096299
v 0.141193 -0.111372 0.097915
v 0.139837 -0.099155 0.101760
v 0.133479 -0.115558 0.098858
v 0.123309 -0.102349 0.100092
v 0.145201 -0.107132 0.093959
v 0.153807 -0.101921 0.089042
v 0.141899 -0.098660 0.096701
v 0.150438 -0.088540 0.092078
v 0.144290 -0.110406 0.085324
v 0.145342 -0.120931 0.078041
v 0.153221 -0.100604 0.081638
v 0.155294 -0.111170 0.066774
v 0.155958 0.003603 -0.040413
v 0.165150 0.002503 -0.031543
v 0.152556 -0.008152 -0.046387
v 0.161578 -0.014852 -0.032219
v 0.152894 0.008096 -0.033099
v 0.150262 0.017094 -0.028889
v 0.159724 0.003797 -0.027300
v 0.158887 0.014149 -0.015305
v 0.159783 0.003652 -0.027319
v 0.141794 0.005699 -0.029900
v 0.131159 0.004560 -0.037074
v 0.141278 0.013120 -0.025147
v 0.124861 0.016024 -0.026347
v 0.140007 -0.001093 -0.030514
v 0.139770 -0.011998 -0.033044
v 0.131377 -0.000214 -0.034381
v 0.127006 -0.012691 -0.039064
v 0.141473 -0.004690 -0.022087
v 0.150206 -0.006123 -0.012781
v 0.137666 -0.016731 -0.027561
v 0.146278 -0.023611 -0.012886
v -0.096005 0.047294 0.199653
v -0.098424 0.058108 0.193204
v -0.106973 0.041728 0.205498
v -0.115404 0.053108 0.194252
v -0.091971 0.046295 0.191541
v -0.083221 0.045386 0.186230
v -0.097164 0.053878 0.187760
v -0.087842 0.056547 0.175200
v -0.097310 0.053920 0.187802
v -0.093944 0.036027 0.186075
v -0.093808 0.024010 0.190704
v -0.086938 0.037169 0.180827
v -0.082935 0.021178 0.178058
v -0.100535 0.033615 0.186736
v -0.111149 0.031958 0.189896
v -0.098799 0.024439 0.188469
v -0.110536 0.018163 0.192889
v -0.104923 0.036624 0.179134
v -0.107682 0.047062 0.172180
v -0.116194 0.030754 0.184420
v -0.124821 0.041834 0.172601
v -0.115099 0.120199 0.122293
v -0.120081 0.116226 0.111168
v -0.110923 0.110115 0.130436
v -0.112455 0.100701 0.115072
v -0.111051 0.125201 0.115839
v -0.109650 0.134463 0.111611
v -0.114092 0.118941 0.108745
v -0.112025 0.128770 0.096461
v -0.114113 0.118786 0.108762
v -0.099314 0.126076 0.116654
v -0.091858 0.128288 0.126919
v -0.099215 0.133198 0.111438
v -0.085593 0.140812 0.117427
v -0.096097 0.120124 0.118634
v -0.093831 0.109836 0.122429
v -0.089863 0.123591 0.124905
v -0.084182 0.113067 0.132231
v -0.093595 0.116038 0.110688
v -0.097926 0.111870 0.099340
v -0.088807 0.105786 0.118524
v -0.089750 0.096307 0.102836
v -0.028194 0.202089 0.125499
v -0.039753 0.203113 0.120046
v -0.027446 0.192575 0.135213
v -0.042975 0.187371 0.127544
v -0.026702 0.202074 0.116507
v -0.022708 0.206872 0.108344
v -0.036294 0.200226 0.114679
v -0.036272 0.204710 0.099458
v -0.036390 0.200142 0.114771
v -0.019432 0.193672 0.112541
v -0.008136 0.189602 0.117202
v -0.018024 0.198069 0.105017
v -0.002598 0.192666 0.101514
v -0.020231 0.187422 0.115703
v -0.023152 0.179148 0.122660
v -0.011133 0.185013 0.116982
v -0.010329 0.174047 0.125689
v -0.026024 0.182712 0.110193
v -0.037485 0.183108 0.104413
v -0.025232 0.172616 0.119513
v -0.040675 0.166912 0.111398
v 0.130662 0.265467 0.009845
v 0.136630 0.266844 0.021108
v 0.137731 0.258351 0.000635
v 0.147154 0.253774 0.015377
v 0.124514 0.263240 0.016194
v 0.115660 0.265493 0.020899
v 0.131608 0.262380 0.023101
v 0.122105 0.263309 0.035774
v 0.131756 0.262334 0.023076
v 0.118561 0.253238 0.014266
v 0.113105 0.248783 0.003484
v 0.112220 0.255606 0.019933
v 0.099287 0.247471 0.013154
v 0.122458 0.248024 0.011560
v 0.130633 0.241999 0.006844
v 0.116488 0.244722 0.004953
v 0.123308 0.235972 -0.003627
v 0.125183 0.243055 0.018908
v 0.131044 0.243739 0.030313
v 0.132140 0.235283 0.009929
v 0.141369 0.230113 0.024929
v -0.063208 0.306946 0.039101
v -0.066625 0.312220 0.027925
v -0.073332 0.300505 0.045540
v -0.080992 0.301908 0.029219
v -0.056869 0.304342 0.033091
v -0.047072 0.304814 0.030027
v -0.062673 0.306980 0.025468
v -0.051258 0.307616 0.014464
v -0.062830 0.306975 0.025465
v -0.054131 0.292866 0.033193
v -0.051919 0.284958 0.043114
v -0.046531 0.294370 0.028962
v -0.037489 0.281641 0.034932
v -0.059647 0.288581 0.034147
v -0.069780 0.284380 0.036393
v -0.055942 0.282435 0.040368
v -0.066146 0.274519 0.045836
v -0.062288 0.286192 0.025578
v -0.065759 0.290815 0.014111
v -0.072437 0.279152 0.031650
v -0.080024 0.279994 0.014958
v -0.065592 -0.131415 -0.215882
v -0.066633 -0.119719 -0.221033
v -0.054324 -0.133242 -0.208457
v -0.053977 -0.115190 -0.209468
v -0.074046 -0.128604 -0.213958
v -0.084152 -0.129837 -0.215350
v -0.071691 -0.119214 -0.216208
v -0.086520 -0.113879 -0.218048
v -0.071550 -0.119148 -0.216189
v -0.077497 -0.130057 -0.202769
v -0.076112 -0.140166 -0.194912
v -0.086001 -0.129302 -0.205015
v -0.092862 -0.138722 -0.193033
v -0.072479 -0.128740 -0.197997
v -0.062733 -0.126698 -0.192876
v -0.073817 -0.136058 -0.192092
v -0.063006 -0.136998 -0.183208
v -0.073824 -0.119895 -0.195537
v -0.074992 -0.107925 -0.200039
v -0.062738 -0.121388 -0.187518
v -0.062660 -0.103041 -0.187984
v 0.150519 -0.097789 0.088444
v 0.148890 -0.086289 0.083014
v 0.143214 -0.099674 0.099781
v 0.134564 -0.085133 0.093398
v 0.149005 -0.099415 0.079605
v 0.152672 -0.102846 0.070638
v 0.145541 -0.090198 0.078258
v 0.147019 -0.089854 0.062463
v 0.145464 -0.090112 0.078365
v 0.141085 -0.107832 0.077234
v 0.139569 -0.119501 0.082468
v 0.144128 -0.108747 0.068997
v 0.140336 -0.124823 0.066429
v 0.135500 -0.107846 0.081534
v 0.128373 -0.105973 0.089965
v 0.134652 -0.117165 0.083155
v 0.125753 -0.119323 0.093778
v 0.129079 -0.102843 0.077078
v 0.126790 -0.091532 0.071444
v 0.121140 -0.104859 0.088138
v 0.111930 -0.090479 0.081411
v 0.170915 0.006246 -0.005411
v 0.171265 -0.004089 -0.012991
v 0.169893 0.018045 -0.012133
v 0.165342 0.006874 -0.025606
v 0.164844 0.000409 -0.001925
v 0.162151 -0.005717 0.005874
v 0.164863 -0.004971 -0.010281
v 0.158538 -0.018155 -0.004119
v 0.164886 -0.004915 -0.010426
v 0.154294 0.004978 0.000727
v 0.151290 0.015970 0.006728
v 0.152392 -0.001813 0.006038
v 0.142182 0.005885 0.016804
v 0.151933 0.009710 -0.003934
v 0.151044 0.017062 -0.012332
v 0.148587 0.016355 0.001970
v 0.145856 0.028098 -0.005196
v 0.146543 0.004845 -0.009712
v 0.146203 -0.005396 -0.017452
v 0.144837 0.016640 -0.016597
v 0.139616 0.005411 -0.030143
v 0.249472 0.071935 -0.036205
v 0.258552 0.065397 -0.029943
v 0.250075 0.070707 -0.049754
v 0.260842 0.056870 -0.045320
v 0.245135 0.067352 -0.029628
v 0.239724 0.067700 -0.020899
v 0.253016 0.061468 -0.028203
v 0.248886 0.056131 -0.013841
v 0.253119 0.061423 -0.028313
v 0.235439 0.061530 -0.032989
v 0.225734 0.065274 -0.040582
v 0.232544 0.061008 -0.024665
v 0.216075 0.060625 -0.027495
v 0.235966 0.058425 -0.039295
v 0.239295 0.055213 -0.049493
v 0.227508 0.060673 -0.042985
v 0.227436 0.057821 -0.056717
v 0.238558 0.049713 -0.037427
v 0.247313 0.042561 -0.031336
v 0.238873 0.047847 -0.051060
v 0.249313 0.033419 -0.046623
v 0.108980 0.097838 -0.094611
v 0.100632 0.089037 -0.098766
v 0.104003 0.110509 -0.094277
v 0.088386 0.101528 -0.095862
v 0.109345 0.091026 -0.088565
v 0.114834 0.083445 -0.084322
v 0.100844 0.087199 -0.092007
v 0.102601 0.072690 -0.085826
v 0.100724 0.087280 -0.092068
v 0.108835 0.094223 -0.077220
v 0.114899 0.103736 -0.071006
v 0.112191 0.086486 -0.074613
v 0.119770 0.091372 -0.060538
v 0.104346 0.099495 -0.075896
v 0.097243 0.108102 -0.076817
v 0.109605 0.104729 -0.069968
v 0.103622 0.117288 -0.068183
v 0.096463 0.095302 -0.073366
v 0.087744 0.086567 -0.076913
v 0.091100 0.107944 -0.072443
v 0.075179 0.098866 -0.073433
v 0.144703 0.132979 -0.086190
v 0.135428 0.134167 -0.094963
v 0.143688 0.141724 -0.075802
v 0.127009 0.143603 -0.082533
v 0.141601 0.124538 -0.087675
v 0.143458 0.115098 -0.091286
v 0.133454 0.128062 -0.092143
v 0.129376 0.114662 -0.099600
v 0.133381 0.128197 -0.092109
v 0.139308 0.118158 -0.078019
v 0.146176 0.116698 -0.067222
v 0.139540 0.110626 -0.082616
v 0.144565 0.100193 -0.070563
v 0.136360 0.121816 -0.072764
v 0.132503 0.129982 -0.066142
v 0.141311 0.118451 -0.065391
v 0.138982 0.126434 -0.054098
v 0.127233 0.120498 -0.073802
v 0.117486 0.121411 -0.082113
v 0.125710 0.128936 -0.063035
v 0.108577 0.130432 -0.069444
v -0.040604 0.145946 -0.130448
v -0.029458 0.139626 -0.129986
v -0.050718 0.138969 -0.136317
v -0.039218 0.125275 -0.133622
v -0.037640 0.146774 -0.121869
v -0.034158 0.152944 -0.114424
v -0.031085 0.139420 -0.123172
v -0.021821 0.142849 -0.110755
v -0.031103 0.139296 -0.123267
v -0.045618 0.144557 -0.113465
v -0.057902 0.148303 -0.112497
v -0.040821 0.148831 -0.107410
v -0.053098 0.153988 -0.097305
v -0.049914 0.139156 -0.114902
v -0.055528 0.130886 -0.119950
v -0.058222 0.142838 -0.112142
v -0.068726 0.134740 -0.116700
v -0.045964 0.131838 -0.110785
v -0.035088 0.125078 -0.109826
v -0.056255 0.124424 -0.116129
v -0.044891 0.110385 -0.112870
v -0.058566 0.225967 0.145463
v -0.054850 0.220048 0.156212
v -0.050303 0.236047 0.141518
v -0.039256 0.227992 0.153357
v -0.058971 0.217045 0.143645
v -0.064798 0.208868 0.141459
v -0.053458 0.214925 0.151637
v -0.057299 0.199561 0.152628
v -0.053345 0.215015 0.151697
v -0.054039 0.213669 0.133472
v -0.054839 0.218900 0.121731
v -0.058492 0.206047 0.133536
v -0.059540 0.203331 0.117075
v -0.048042 0.217026 0.131907
v -0.039420 0.224167 0.131683
v -0.049437 0.218736 0.122669
v -0.039843 0.227865 0.118053
v -0.041327 0.211478 0.135106
v -0.037065 0.205258 0.145501
v -0.032538 0.221187 0.130873
v -0.021058 0.212708 0.142412
v 0.119571 0.244316 0.019582
v 0.112489 0.254758 0.021866
v 0.127629 0.240683 0.029940
v 0.116730 0.252023 0.038865
v 0.111072 0.242134 0.017116
v 0.104567 0.239689 0.009546
v 0.107387 0.249955 0.022017
v 0.093300 0.250358 0.014727
v 0.107447 0.250018 0.022149
v 0.107094 0.231764 0.021095
v 0.112877 0.220262 0.021485
v 0.100712 0.231571 0.014998
v 0.099035 0.215027 0.013290
v 0.109040 0.230257 0.027701
v 0.113997 0.230213 0.037741
v 0.111427 0.221119 0.026706
v 0.118283 0.216756 0.038136
v 0.101955 0.233131 0.032961
v 0.094470 0.243199 0.035704
v 0.109545 0.229186 0.043743
v 0.098146 0.240205 0.052990
v 0.125916 0.259848 0.039333
v 0.129040 0.257087 0.027208
v 0.115445 0.268467 0.040556
v 0.113190 0.263948 0.023191
v 0.126621 0.250769 0.038962
v 0.131647 0.242306 0.041917
v 0.126278 0.250909 0.029031
v 0.132253 0.236400 0.026674
v 0.126199 0.251013 0.028944
v 0.117767 0.244744 0.043911
v 0.111758 0.246572 0.055155
v 0.122681 0.237429 0.044431
v 0.115639 0.230324 0.057824
v 0.111391 0.247546 0.042819
v 0.102918 0.254353 0.040127
v 0.107661 0.246670 0.051509
v 0.095854 0.254191 0.052362
v 0.108093 0.243080 0.035383
v 0.110618 0.239933 0.023192
v 0.097082 0.251264 0.036481
v 0.094370 0.246255 0.019033
v 0.025324 0.332503 -0.002406
v 0.014199 0.335085 -0.008233
v 0.027044 0.339005 0.009435
v 0.009256 0.341624 0.007491
v 0.021809 0.324421 -0.004729
v 0.022559 0.315937 -0.010479
v 0.012874 0.328486 -0.006283
v 0.006861 0.316682 -0.015017
v 0.012815 0.328610 -0.006206
v 0.021852 0.316201 0.003734
v 0.031137 0.312876 0.012017
v 0.020817 0.309728 -0.002178
v 0.028473 0.297303 0.005972
v 0.020348 0.318661 0.010167
v 0.018378 0.325239 0.019012
v 0.026902 0.314077 0.015291
v 0.027557 0.319612 0.028161
v 0.011225 0.317276 0.011151
v -0.000248 0.319483 0.005823
v 0.012540 0.323385 0.023414
v -0.005615 0.325552 0.021811
v -0.016823 0.364393 0.049962
v -0.028300 0.361645 0.044952
v -0.014117 0.357849 0.061593
v -0.028127 0.347835 0.056072
v -0.015308 0.362543 0.041167
v -0.012384 0.365977 0.031933
v -0.024272 0.358348 0.040260
v -0.025117 0.358969 0.024428
v -0.024349 0.358271 0.040373
v -0.006385 0.355147 0.038957
v 0.005490 0.354764 0.043925
v -0.005905 0.357814 0.030555
v 0.010340 0.355079 0.027722
v -0.005848 0.349810 0.043531
v -0.006975 0.343015 0.052360
v 0.003546 0.349733 0.044925
v 0.006624 0.341583 0.055916
v -0.010467 0.342816 0.039548
v -0.021712 0.339414 0.034363
v -0.007591 0.335635 0.050932
v -0.021407 0.325058 0.045090
v -0.000023 0.409901 -0.005450
v -0.009643 0.411310 0.002909
v 0.012367 0.411119 0.000068
v 0.002838 0.409021 0.015295
v -0.005629 0.402864 -0.006914
v -0.012178 0.398135 -0.013265
v -0.010234 0.404423 0.001753
v -0.023348 0.396099 -0.001489
v -0.010168 0.404480 0.001884
v -0.000465 0.392284 -0.007684
v 0.010164 0.388686 -0.014004
v -0.007519 0.388839 -0.011722
v 0.000009 0.376968 -0.020768
v 0.004838 0.391312 -0.003142
v 0.012950 0.392765 0.004439
v 0.011187 0.387141 -0.008841
v 0.023700 0.386790 -0.002517
v 0.000959 0.387064 0.004140
v -0.008498 0.387842 0.012793
v 0.013416 0.387651 0.009964
v 0.003890 0.384916 0.025412
v -0.075256 -0.127875 -0.205462
v -0.086091 -0.134691 -0.204746
v -0.077081 -0.114893 -0.209148
v -0.094200 -0.118923 -0.204935
v -0.074946 -0.132185 -0.197437
v -0.070402 -0.139264 -0.191535
v -0.084656 -0.134248 -0.197901
v -0.084696 -0.145858 -0.187085
v -0.084766 -0.134158 -0.197969
v -0.071968 -0.125525 -0.188165
v -0.062634 -0.116739 -0.186922
v -0.069872 -0.132645 -0.183386
v -0.058218 -0.125958 -0.173443
v -0.074725 -0.119038 -0.188254
v -0.079760 -0.109498 -0.191259
v -0.067164 -0.113962 -0.185558
v -0.069611 -0.100324 -0.187725
v -0.082482 -0.119700 -0.183205
v -0.093507 -0.126155 -0.181901
v -0.084536 -0.106444 -0.186284
v -0.101820 -0.110282 -0.181444
v -0.083669 -0.124631 -0.229841
v -0.073626 -0.117136 -0.232554
v -0.080847 -0.137952 -0.229896
v -0.063916 -0.131621 -0.229342
v -0.083584 -0.118176 -0.223406
v -0.088211 -0.110019 -0.219204
v -0.074262 -0.115641 -0.225737
v -0.074326 -0.101383 -0.218775
v -0.074151 -0.115738 -0.225791
v -0.084806 -0.121998 -0.212310
v -0.092940 -0.130680 -0.207380
v -0.087140 -0.113956 -0.209516
v -0.096862 -0.118238 -0.196610
v -0.081385 -0.128003 -0.210923
v -0.075693 -0.137611 -0.211740
v -0.088015 -0.132592 -0.205905
v -0.084344 -0.146045 -0.204415
v -0.073249 -0.125314 -0.207360
v -0.062917 -0.117977 -0.209438
v -0.070105 -0.138702 -0.206791
v -0.052924 -0.132356 -0.205611
v -0.156535 -0.102431 -0.163847
v -0.158163 -0.111835 -0.155285
v -0.165299 -0.092096 -0.162496
v -0.167954 -0.099987 -0.146442
v -0.148248 -0.104176 -0.160476
v -0.138739 -0.107694 -0.162151
v -0.152151 -0.109194 -0.152838
v -0.138967 -0.116989 -0.148693
v -0.152289 -0.109165 -0.152769
v -0.141963 -0.094740 -0.157212
v -0.140168 -0.083490 -0.163219
v -0.134436 -0.099348 -0.157425
v -0.123761 -0.087021 -0.161097
v -0.145743 -0.089689 -0.154067
v -0.154064 -0.083317 -0.150126
v -0.142140 -0.082000 -0.158321
v -0.150201 -0.070860 -0.155561
v -0.144848 -0.091380 -0.144987
v -0.146222 -0.100358 -0.135908
v -0.153327 -0.080706 -0.143088
v -0.155621 -0.088309 -0.126541
v -0.163212 -0.104909 -0.159543
v -0.159139 -0.101192 -0.171118
v -0.157685 -0.116564 -0.155177
v -0.146132 -0.112981 -0.168621
v -0.160951 -0.096123 -0.158670
v -0.164040 -0.086475 -0.156940
v -0.155924 -0.096320 -0.167241
v -0.155463 -0.080633 -0.169585
v -0.155847 -0.096443 -0.167300
v -0.154255 -0.093467 -0.149326
v -0.155248 -0.097275 -0.137063
v -0.156417 -0.084925 -0.149870
v -0.154968 -0.080685 -0.133766
v -0.149287 -0.098251 -0.147870
v -0.142993 -0.107506 -0.147536
v -0.150137 -0.098731 -0.138422
v -0.143007 -0.109801 -0.133595
v -0.141671 -0.095123 -0.152150
v -0.136959 -0.091245 -0.163449
v -0.135511 -0.106550 -0.147577
v -0.123396 -0.102660 -0.160805
v -0.182480 -0.067109 -0.154388
v -0.189274 -0.071779 -0.164208
v -0.185184 -0.073041 -0.142432
v -0.192832 -0.085302 -0.153305
v -0.176449 -0.068726 -0.161028
v -0.169748 -0.064899 -0.167814
v -0.182995 -0.074376 -0.165925
v -0.175730 -0.073992 -0.180026
v -0.183108 -0.074464 -0.165859
v -0.166700 -0.074525 -0.157782
v -0.159102 -0.072876 -0.147515
v -0.162388 -0.071862 -0.165010
v -0.146771 -0.071836 -0.159050
v -0.167817 -0.079671 -0.153095
v -0.172308 -0.086510 -0.145450
v -0.160546 -0.078157 -0.147176
v -0.162379 -0.085612 -0.135438
v -0.168711 -0.087365 -0.158206
v -0.175126 -0.092640 -0.168001
v -0.171054 -0.093897 -0.146320
v -0.178294 -0.106681 -0.157320
v -0.157028 -0.064154 -0.190167
v -0.146006 -0.062021 -0.196361
v -0.163766 -0.075189 -0.194438
v -0.147722 -0.078750 -0.201984
v -0.150792 -0.062667 -0.183688
v -0.147401 -0.056623 -0.176100
v -0.143384 -0.064014 -0.190175
v -0.132005 -0.057012 -0.181616
v -0.143387 -0.064110 -0.190299
v -0.150731 -0.070399 -0.174776
v -0.160522 -0.075393 -0.168065
v -0.146254 -0.064813 -0.169610
v -0.151837 -0.069806 -0.154666
v -0.151843 -0.077079 -0.176730
v -0.154405 -0.086362 -0.182445
v -0.157898 -0.079826 -0.169948
v -0.163659 -0.092122 -0.173456
v -0.143355 -0.080686 -0.177751
v -0.132040 -0.079118 -0.183619
v -0.149722 -0.092229 -0.181704
v -0.133302 -0.096208 -0.188875
v 0.194519 -0.085677 0.092659
v 0.189960 -0.089310 0.104078
v 0.199648 -0.095863 0.085218
v 0.190592 -0.105716 0.097381
v 0.186257 -0.081888 0.093349
v 0.180661 -0.073305 0.094131
v 0.183876 -0.087887 0.100905
v 0.171693 -0.079340 0.106408
v 0.183927 -0.088034 0.100925
v 0.179254 -0.083138 0.083936
v 0.181878 -0.081737 0.071405
v 0.174094 -0.076473 0.086558
v 0.168684 -0.071153 0.071664
v 0.179675 -0.089453 0.080832
v 0.182779 -0.099743 0.077691
v 0.179861 -0.086829 0.071706
v 0.183489 -0.097771 0.063719
v 0.172765 -0.094387 0.084577
v 0.167656 -0.098344 0.095674
v 0.177302 -0.104868 0.076896
v 0.167636 -0.114912 0.088835
v 0.221670 -0.067303 0.119505
v 0.212602 -0.061080 0.126095
v 0.224343 -0.079813 0.124172
v 0.208671 -0.077036 0.132756
v 0.215916 -0.063978 0.113267
v 0.214351 -0.057474 0.105466
v 0.209003 -0.062281 0.120203
v 0.200262 -0.052064 0.111777
v 0.208981 -0.062366 0.120333
v 0.212471 -0.071572 0.104921
v 0.219340 -0.080046 0.098075
v 0.209906 -0.064995 0.099620
v 0.212258 -0.072336 0.084788
v 0.211278 -0.078111 0.107270
v 0.210785 -0.087423 0.113469
v 0.215456 -0.083153 0.100391
v 0.216717 -0.096523 0.104433
v 0.202159 -0.078383 0.108968
v 0.192594 -0.072597 0.115286
v 0.204285 -0.091248 0.113372
v 0.188086 -0.088742 0.121631
v -0.091909 0.002306 -0.102572
v -0.097294 0.011966 -0.096086
v -0.079313 0.004934 -0.107028
v -0.080818 0.018445 -0.095102
v -0.095277 -0.001397 -0.094955
v -0.102113 -0.007755 -0.090659
v -0.096238 0.007554 -0.090745
v -0.106447 0.003270 -0.079378
v -0.096145 0.007678 -0.090771
v -0.087988 -0.008607 -0.089116
v -0.080262 -0.017925 -0.093512
v -0.094709 -0.012276 -0.084722
v -0.088324 -0.027506 -0.082137
v -0.081278 -0.006450 -0.088978
v -0.071627 -0.001102 -0.090879
v -0.076840 -0.014662 -0.090731
v -0.063349 -0.012206 -0.093672
v -0.080453 -0.001817 -0.080981
v -0.085391 0.007725 -0.073948
v -0.067488 0.000724 -0.084842
v -0.068713 0.014086 -0.072320
v -0.222260 0.097083 -0.201053
v -0.230439 0.096168 -0.191222
v -0.213557 0.107514 -0.200098
v -0.219344 0.107265 -0.182966
v -0.221994 0.088364 -0.198411
v -0.223979 0.078532 -0.200648
v -0.226444 0.090587 -0.189808
v -0.231084 0.075858 -0.186158
v -0.226430 0.090722 -0.189729
v -0.211217 0.083743 -0.197100
v -0.200836 0.084636 -0.204669
v -0.214399 0.075521 -0.197538
v -0.201052 0.067737 -0.203915
v -0.206509 0.088142 -0.194239
v -0.201203 0.097167 -0.190268
v -0.199015 0.086439 -0.199819
v -0.189196 0.096218 -0.197656
v -0.206660 0.086185 -0.185169
v -0.214305 0.085060 -0.174912
v -0.197496 0.096356 -0.183750
v -0.202866 0.095768 -0.166208
v 0.166400 0.020094 -0.027991
v 0.171364 0.012746 -0.037251
v 0.157767 0.029623 -0.032476
v 0.158314 0.019297 -0.047312
v 0.165399 0.011496 -0.025136
v 0.167976 0.004231 -0.018340
v 0.167145 0.008006 -0.034275
v 0.170561 -0.006901 -0.030045
v 0.167108 0.008078 -0.034410
v 0.154721 0.008699 -0.020970
v 0.146991 0.015169 -0.012954
v 0.157915 0.001609 -0.016791
v 0.147025 0.000730 -0.004140
v 0.149371 0.011565 -0.024557
v 0.143114 0.017767 -0.031468
v 0.143832 0.014354 -0.017364
v 0.133783 0.022875 -0.022170
v 0.146879 0.005055 -0.030682
v 0.151208 -0.002609 -0.040032
v 0.137671 0.014194 -0.035278
v 0.137701 0.003434 -0.050147
v 0.250245 0.059518 -0.041330
v 0.244534 0.063278 -0.052175
v 0.249146 0.068422 -0.031085
v 0.236330 0.075181 -0.041907
v 0.245251 0.052412 -0.044093
v 0.245058 0.042767 -0.047635
v 0.240106 0.058159 -0.050358
v 0.234341 0.046481 -0.059422
v 0.240071 0.058311 -0.050336
v 0.238584 0.047311 -0.035802
v 0.241463 0.044089 -0.023670
v 0.237757 0.039957 -0.040613
v 0.235883 0.028806 -0.028302
v 0.235572 0.051840 -0.031317
v 0.232730 0.060971 -0.025491
v 0.237056 0.047307 -0.023104
v 0.234279 0.055918 -0.012388
v 0.227124 0.053379 -0.034835
v 0.220772 0.057036 -0.045380
v 0.225365 0.062158 -0.024382
v 0.211930 0.068702 -0.035038
v -0.126628 0.136465 -0.081760
v -0.124421 0.148749 -0.078822
v -0.126889 0.133901 -0.095131
v -0.119103 0.150215 -0.095674
v -0.120073 0.136359 -0.075428
v -0.117242 0.133831 -0.065878
v -0.118290 0.146043 -0.076771
v -0.110538 0.148500 -0.063145
v -0.118306 0.146122 -0.076906
v -0.110787 0.129474 -0.077792
v -0.110336 0.117460 -0.082410
v -0.108353 0.129389 -0.069307
v -0.100798 0.114488 -0.068758
v -0.108769 0.129554 -0.084546
v -0.108231 0.131079 -0.095626
v -0.107241 0.120286 -0.085951
v -0.105769 0.117766 -0.099668
v -0.102049 0.135941 -0.084926
v -0.099163 0.148155 -0.082202
v -0.101620 0.133373 -0.098440
v -0.093161 0.149651 -0.099025
v 0.149366 0.283432 0.044558
v 0.150555 0.282846 0.031805
v 0.139457 0.291729 0.048848
v 0.134493 0.290354 0.031512
v 0.149738 0.274558 0.042509
v 0.154896 0.265693 0.043142
v 0.147914 0.276452 0.032925
v 0.153036 0.262570 0.027193
v 0.147827 0.276569 0.032869
v 0.141550 0.267779 0.047627
v 0.137351 0.267610 0.059800
v 0.146267 0.260473 0.046108
v 0.141103 0.251135 0.058975
v 0.135168 0.270748 0.048025
v 0.126594 0.277948 0.047886
v 0.132758 0.268361 0.056896
v 0.121441 0.275647 0.060839
v 0.130663 0.267675 0.040518
v 0.131237 0.266723 0.027724
v 0.120188 0.275567 0.044693
v 0.114745 0.273726 0.027261
v -0.068033 -0.109457 -0.190458
v -0.075975 -0.099493 -0.189033
v -0.055660 -0.107519 -0.185113
v -0.064283 -0.093885 -0.176939
v -0.075827 -0.112938 -0.187263
v -0.084023 -0.118905 -0.188941
v -0.079010 -0.103928 -0.184535
v -0.094390 -0.107609 -0.183238
v -0.078919 -0.103809 -0.184487
v -0.074745 -0.120491 -0.178264
v -0.066489 -0.130226 -0.176556
v -0.082811 -0.123778 -0.179706
v -0.080523 -0.139310 -0.173966
v -0.069826 -0.118690 -0.173547
v -0.061231 -0.113867 -0.168232
v -0.065728 -0.127133 -0.172089
v -0.053733 -0.125406 -0.165030
v -0.074449 -0.114065 -0.166963
v -0.082441 -0.104240 -0.164838
v -0.062213 -0.112231 -0.160935
v -0.071043 -0.098757 -0.152138
v -0.068879 -0.107708 -0.192145
v -0.057144 -0.105232 -0.187608
v -0.070174 -0.120029 -0.197796
v -0.054591 -0.122722 -0.189025
v -0.070114 -0.104454 -0.183721
v -0.073735 -0.096913 -0.177753
v -0.060531 -0.105881 -0.181508
v -0.059993 -0.096257 -0.168904
v -0.060440 -0.105995 -0.181565
v -0.077508 -0.110610 -0.176893
v -0.089043 -0.115655 -0.179604
v -0.078575 -0.103766 -0.171419
v -0.094044 -0.106985 -0.165966
v -0.076979 -0.117602 -0.177620
v -0.074495 -0.127917 -0.181200
v -0.086175 -0.119970 -0.177804
v -0.087541 -0.133285 -0.181994
v -0.071170 -0.120244 -0.170884
v -0.059543 -0.118233 -0.165815
v -0.072516 -0.132966 -0.175958
v -0.057020 -0.135962 -0.166589
v -0.063997 -0.136370 -0.213386
v -0.074719 -0.142731 -0.216382
v -0.062166 -0.124895 -0.220486
v -0.079646 -0.127618 -0.224240
v -0.068024 -0.138318 -0.205445
v -0.067724 -0.143509 -0.196581
v -0.076584 -0.140429 -0.210031
v -0.083179 -0.148632 -0.198157
v -0.076637 -0.140362 -0.210163
v -0.068844 -0.129372 -0.197795
v -0.060086 -0.120581 -0.194348
v -0.070171 -0.134910 -0.191051
v -0.063701 -0.125754 -0.178653
v -0.070358 -0.123157 -0.200760
v -0.072109 -0.114806 -0.208010
v -0.064319 -0.117537 -0.196054
v -0.063651 -0.105014 -0.202333
v -0.079584 -0.122412 -0.200095
v -0.090697 -0.128264 -0.202774
v -0.078199 -0.110506 -0.206860
v -0.096088 -0.112873 -0.210213
v -0.144411 -0.073873 -0.146574
v -0.152623 -0.079016 -0.138177
v -0.136052 -0.064566 -0.141195
v -0.141942 -0.072083 -0.125838
v -0.143884 -0.082889 -0.147798
v -0.145539 -0.090943 -0.153963
v -0.148461 -0.084572 -0.139139
v -0.152652 -0.099598 -0.142043
v -0.148451 -0.084482 -0.139011
v -0.132975 -0.087352 -0.148321
v -0.122576 -0.083114 -0.154629
v -0.135889 -0.094724 -0.152205
v -0.122258 -0.098789 -0.160984
v -0.128428 -0.084425 -0.143798
v -0.123439 -0.077740 -0.136328
v -0.120846 -0.083450 -0.149434
v -0.111360 -0.075208 -0.143206
v -0.128577 -0.089986 -0.136371
v -0.136250 -0.095484 -0.127665
v -0.119752 -0.081096 -0.130669
v -0.125217 -0.089082 -0.115073
v 0.178983 -0.121953 0.129673
v 0.185008 -0.111838 0.134751
v 0.168568 -0.126552 0.137143
v 0.170677 -0.110450 0.145100
v 0.179726 -0.115869 0.122928
v 0.183830 -0.113425 0.113829
v 0.181858 -0.108619 0.129382
v 0.188178 -0.098499 0.118921
v 0.181804 -0.108608 0.129529
v 0.169898 -0.113911 0.116700
v 0.161294 -0.122235 0.111952
v 0.174503 -0.110413 0.110030
v 0.164332 -0.114272 0.097338
v 0.164003 -0.113763 0.120563
v 0.156488 -0.114677 0.128814
v 0.158230 -0.118867 0.115012
v 0.146608 -0.122228 0.122106
v 0.162637 -0.104779 0.122443
v 0.168097 -0.094252 0.127370
v 0.151728 -0.108901 0.129752
v 0.153412 -0.092333 0.137467
v 0.205141 -0.105690 0.167408
v 0.208923 -0.117393 0.163782
v 0.211536 -0.095534 0.160974
v 0.216168 -0.109064 0.149905
v 0.197492 -0.110376 0.165789
v 0.188913 -0.114595 0.169559
v 0.202543 -0.117388 0.160881
v 0.191413 -0.128673 0.161613
v 0.202674 -0.117365 0.160797
v 0.189420 -0.104868 0.159180
v 0.185141 -0.092733 0.159718
v 0.183042 -0.110294 0.161973
v 0.169911 -0.100040 0.160618
v 0.192110 -0.101117 0.153852
v 0.198973 -0.095661 0.146887
v 0.186860 -0.093231 0.154532
v 0.192430 -0.083144 0.146538
v 0.191799 -0.106832 0.146548
v 0.195255 -0.118445 0.142292
v 0.197856 -0.096681 0.139497
v 0.202085 -0.110253 0.127887
v 0.247448 -0.062035 0.111610
v 0.249069 -0.072492 0.118850
v 0.252234 -0.063257 0.098920
v 0.252214 -0.080757 0.103481
v 0.239362 -0.063634 0.115499
v 0.232102 -0.060519 0.122072
v 0.242121 -0.072846 0.118005
v 0.230994 -0.075271 0.129055
v 0.242220 -0.072938 0.117924
v 0.230049 -0.063295 0.108263
v 0.227029 -0.054843 0.099027
v 0.224486 -0.062263 0.115039
v 0.212353 -0.053702 0.107363
v 0.231210 -0.066132 0.101915
v 0.235938 -0.070526 0.092766
v 0.227010 -0.059651 0.096387
v 0.230522 -0.061878 0.082993
v 0.228234 -0.074890 0.102665
v 0.229356 -0.085689 0.109523
v 0.232507 -0.076494 0.089680
v 0.231933 -0.094317 0.094026
v -0.084776 0.022548 -0.117088
v -0.072755 0.021856 -0.121491
v -0.094029 0.016769 -0.125238
v -0.079142 0.009515 -0.132505
v -0.079748 0.019546 -0.110104
v -0.075940 0.021328 -0.100726
v -0.072208 0.017315 -0.116182
v -0.060917 0.016521 -0.105062
v -0.072221 0.017268 -0.116331
v -0.084075 0.010216 -0.104323
v -0.096069 0.007775 -0.100317
v -0.078977 0.011863 -0.097307
v -0.088653 0.005418 -0.085296
v -0.087074 0.005372 -0.108475
v -0.091608 -0.000103 -0.117127
v -0.094863 0.003408 -0.103409
v -0.103805 -0.004075 -0.111203
v -0.080359 -0.000822 -0.110105
v -0.068327 -0.002216 -0.114374
v -0.089509 -0.007281 -0.118104
v -0.074495 -0.015155 -0.125135
v -0.165194 0.046736 -0.147350
v -0.166941 0.056301 -0.138993
v -0.155063 0.048858 -0.156198
v -0.150869 0.061703 -0.144180
v -0.165702 0.042797 -0.139146
v -0.170875 0.036619 -0.132767
v -0.164289 0.051523 -0.134606
v -0.169728 0.047196 -0.120342
v -0.164203 0.051643 -0.134660
v -0.157334 0.034826 -0.136771
v -0.152609 0.025335 -0.144084
v -0.162152 0.031315 -0.130260
v -0.156481 0.015600 -0.130802
v -0.150926 0.036561 -0.139142
v -0.142328 0.041420 -0.144418
v -0.148143 0.028215 -0.142720
v -0.136627 0.030022 -0.150517
v -0.146768 0.040653 -0.131925
v -0.147906 0.050041 -0.123238
v -0.136080 0.042631 -0.140368
v -0.131412 0.055275 -0.127911
v 0.164926 0.014482 0.004637
v 0.171830 0.007389 -0.003513
v 0.161229 0.026621 -0.000304
v 0.166087 0.018758 -0.015848
v 0.161069 0.006223 0.004658
v 0.158903 -0.002354 0.009888
v 0.165877 0.003695 -0.003664
v 0.164021 -0.012003 -0.002289
v 0.165917 0.003793 -0.003780
v 0.149322 0.006061 0.003563
v 0.140356 0.013290 0.009325
v 0.148873 -0.002161 0.006747
v 0.133632 -0.001635 0.013592
v 0.146770 0.010817 -0.000971
v 0.145543 0.019460 -0.007983
v 0.139341 0.014045 0.003987
v 0.134339 0.025682 -0.002034
v 0.145938 0.006224 -0.008991
v 0.152261 -0.000972 -0.017543
v 0.141706 0.018175 -0.014349
v 0.146037 0.010055 -0.030229
v -0.113246 0.160337 0.175686
v -0.102736 0.167474 0.173960
v -0.124589 0.165785 0.170481
v -0.112469 0.176130 0.161928
v -0.106898 0.154656 0.172447
v -0.100808 0.146549 0.174121
v -0.101239 0.162276 0.169503
v -0.087670 0.154179 0.168058
v -0.101291 0.162416 0.169454
v -0.110342 0.147639 0.163609
v -0.121145 0.140770 0.162204
v -0.103588 0.142127 0.164998
v -0.110488 0.127896 0.159588
v -0.114596 0.150753 0.158929
v -0.121475 0.157835 0.153646
v -0.121041 0.143887 0.157691
v -0.132117 0.148997 0.150771
v -0.108936 0.153705 0.152194
v -0.098434 0.160686 0.149769
v -0.120192 0.159004 0.146306
v -0.107935 0.169127 0.137131
v -0.088740 0.122476 -0.065978
v -0.084419 0.134127 -0.062821
v -0.093507 0.121567 -0.078701
v -0.084608 0.137230 -0.080278
v -0.080563 0.121141 -0.062179
v -0.075131 0.117285 -0.054354
v -0.078279 0.130764 -0.063145
v -0.066384 0.131003 -0.052646
v -0.078329 0.130859 -0.063260
v -0.073299 0.113947 -0.068069
v -0.075621 0.102575 -0.073652
v -0.068319 0.112666 -0.060894
v -0.062613 0.097307 -0.064206
v -0.073535 0.114695 -0.075074
v -0.076387 0.117502 -0.085533
v -0.073529 0.105579 -0.077738
v -0.076769 0.104632 -0.091350
v -0.066644 0.120587 -0.077051
v -0.061759 0.132146 -0.074326
v -0.070808 0.119641 -0.090136
v -0.061291 0.135227 -0.091977
v -0.081599 0.150698 -0.123001
v -0.072251 0.146346 -0.130621
v -0.092934 0.143156 -0.123237
v -0.081678 0.131333 -0.131020
v -0.074061 0.150624 -0.117879
v -0.066996 0.156015 -0.112718
v -0.069388 0.144779 -0.124419
v -0.054614 0.147677 -0.119408
v -0.069455 0.144671 -0.124510
v -0.075193 0.145781 -0.107181
v -0.084480 0.147209 -0.098373
v -0.067863 0.149772 -0.104305
v -0.071637 0.151107 -0.088076
v -0.079277 0.140037 -0.107020
v -0.086498 0.131862 -0.109551
v -0.084319 0.141782 -0.099162
v -0.095125 0.132874 -0.098408
v -0.073374 0.132921 -0.107811
v -0.063921 0.128017 -0.114987
v -0.084514 0.124841 -0.107636
v -0.073010 0.112569 -0.114979
v 0.132472 0.262961 0.053183
v 0.141221 0.253660 0.052033
v 0.130945 0.270578 0.041998
v 0.139951 0.256741 0.034617
v 0.128455 0.255385 0.056270
v 0.124459 0.250290 0.064250
v 0.135447 0.249691 0.052094
v 0.132621 0.236594 0.060594
v 0.135525 0.249723 0.051961
v 0.117593 0.253313 0.052153
v 0.107609 0.261317 0.050703
v 0.115865 0.247725 0.058765
v 0.099303 0.249728 0.059808
v 0.116730 0.254892 0.045337
v 0.118037 0.258767 0.034913
v 0.108288 0.259229 0.045676
v 0.105823 0.265726 0.033494
v 0.118175 0.246893 0.040860
v 0.126488 0.237236 0.039271
v 0.116257 0.254079 0.029279
v 0.124852 0.239792 0.021606
v -0.019630 0.277217 0.072918
v -0.007413 0.277598 0.076790
v -0.023429 0.287933 0.065424
v -0.005513 0.290191 0.064452
v -0.016146 0.269032 0.070936
v -0.016134 0.258914 0.072735
v -0.006879 0.272434 0.072083
v 0.000182 0.258322 0.073744
v -0.006831 0.272580 0.072052
v -0.018391 0.265010 0.060073
v -0.029363 0.265030 0.053328
v -0.016495 0.256726 0.062460
v -0.026335 0.248459 0.051771
v -0.018132 0.269947 0.055047
v -0.017699 0.279643 0.049464
v -0.025845 0.267625 0.050015
v -0.028871 0.277924 0.040987
v -0.009502 0.269431 0.051676
v 0.002932 0.269688 0.054878
v -0.013014 0.279979 0.043562
v 0.005166 0.281978 0.042023
v -0.083515 -0.097450 -0.120171
v -0.075415 -0.103228 -0.128258
v -0.096196 -0.102401 -0.120512
v -0.087821 -0.115862 -0.129213
v -0.076091 -0.099413 -0.115261
v -0.067969 -0.095945 -0.110006
v -0.072862 -0.105723 -0.122227
v -0.057738 -0.106307 -0.117460
v -0.072952 -0.105809 -0.122322
v -0.078071 -0.104522 -0.104812
v -0.086715 -0.101679 -0.095699
v -0.070020 -0.102343 -0.101922
v -0.073189 -0.101187 -0.085550
v -0.083279 -0.109272 -0.104852
v -0.092107 -0.115577 -0.107628
v -0.087722 -0.106961 -0.096783
v -0.100161 -0.113414 -0.096223
v -0.079034 -0.117416 -0.106182
v -0.070943 -0.123781 -0.113858
v -0.091633 -0.122957 -0.106146
v -0.083105 -0.136934 -0.114440
v -0.084134 -0.110142 -0.166539
v -0.093166 -0.119230 -0.167001
v -0.088626 -0.098050 -0.162176
v -0.102598 -0.108201 -0.156813
v -0.080539 -0.117421 -0.162397
v -0.073429 -0.124841 -0.162466
v -0.089488 -0.121657 -0.161552
v -0.084396 -0.136459 -0.158951
v -0.089625 -0.121582 -0.161534
v -0.075299 -0.115341 -0.152033
v -0.067206 -0.105939 -0.148573
v -0.070853 -0.122956 -0.152450
v -0.057316 -0.118731 -0.143600
v -0.078646 -0.110635 -0.147989
v -0.085483 -0.102646 -0.144140
v -0.071262 -0.105521 -0.144903
v -0.075877 -0.093763 -0.138808
v -0.084013 -0.115729 -0.142390
v -0.093057 -0.124842 -0.142137
v -0.088537 -0.103754 -0.137333
v -0.102465 -0.114084 -0.131319
v -0.066300 -0.112344 -0.189623
v -0.054667 -0.112262 -0.184235
v -0.070146 -0.124511 -0.194378
v -0.056339 -0.129914 -0.184022
v -0.067300 -0.108074 -0.181633
v -0.069395 -0.099340 -0.176639
v -0.058531 -0.111490 -0.178441
v -0.056563 -0.101065 -0.166641
v -0.058466 -0.111627 -0.178480
v -0.076429 -0.111612 -0.175049
v -0.088623 -0.114043 -0.178405
v -0.076186 -0.104202 -0.170257
v -0.092320 -0.103136 -0.166014
v -0.077563 -0.118568 -0.175170
v -0.077410 -0.129480 -0.177679
v -0.087022 -0.118713 -0.176013
v -0.091279 -0.131679 -0.179245
v -0.073058 -0.121823 -0.167739
v -0.061678 -0.122114 -0.161796
v -0.077090 -0.134310 -0.171894
v -0.063484 -0.139926 -0.160930
v -0.078219 -0.126195 -0.245326
v -0.089391 -0.119911 -0.245042
v -0.067278 -0.118090 -0.245509
v -0.079601 -0.105856 -0.240455
v -0.083088 -0.130095 -0.238680
v -0.087989 -0.138447 -0.235241
v -0.089425 -0.122441 -0.238508
v -0.101218 -0.129855 -0.230908
v -0.089390 -0.122292 -0.238539
v -0.077405 -0.131755 -0.228475
v -0.065562 -0.136286 -0.226220
v -0.083329 -0.137749 -0.225845
v -0.073594 -0.147102 -0.215988
v -0.073099 -0.126475 -0.226665
v -0.066772 -0.117236 -0.226659
v -0.065543 -0.131409 -0.223708
v -0.054575 -0.122800 -0.222197
v -0.078183 -0.121096 -0.221068
v -0.089228 -0.114614 -0.220109
v -0.067211 -0.112801 -0.220574
v -0.079547 -0.100475 -0.214850
v 0.157978 -0.124680 0.094594
v 0.165232 -0.114732 0.098171
v 0.149800 -0.129413 0.104399
v 0.154088 -0.113532 0.111911
v 0.157020 -0.118429 0.088031
v 0.158656 -0.115775 0.078239
v 0.160837 -0.111359 0.093880
v 0.164351 -0.101009 0.082377
v 0.160823 -0.111351 0.094035
v 0.145939 -0.116259 0.084612
v 0.136301 -0.124412 0.082063
v 0.148700 -0.112617 0.077059
v 0.135543 -0.116094 0.067352
v 0.141248 -0.116179 0.089874
v 0.136116 -0.117264 0.099766
v 0.134174 -0.121108 0.085891
v 0.124747 -0.124588 0.095675
v 0.140522 -0.107239 0.092252
v 0.147196 -0.096871 0.095840
v 0.131830 -0.111489 0.102041
v 0.135651 -0.095133 0.109441
v 0.174606 -0.094503 0.119160
v 0.169949 -0.098983 0.130234
v 0.183459 -0.102860 0.113060
v 0.176329 -0.114613 0.124810
v 0.165569 -0.093416 0.118670
v 0.157597 -0.086946 0.118228
v 0.164170 -0.099604 0.126318
v 0.149387 -0.095036 0.129835
v 0.164260 -0.099727 0.126354
v 0.160514 -0.097066 0.108654
v 0.164154 -0.095340 0.096421
v 0.153299 -0.092226 0.110219
v 0.148463 -0.089320 0.094484
v 0.163204 -0.103045 0.106064
v 0.169631 -0.111982 0.104011
v 0.163742 -0.100794 0.096854
v 0.171473 -0.110349 0.090098
v 0.157685 -0.109737 0.109361
v 0.152646 -0.114705 0.120077
v 0.166097 -0.118565 0.102978
v 0.158478 -0.130694 0.114454
v 0.173986 -0.120565 0.137959
v 0.162986 -0.119172 0.144397
v 0.174298 -0.131433 0.129760
v 0.156465 -0.130796 0.132701
v 0.171538 -0.111859 0.136827
v 0.173558 -0.101948 0.138641
v 0.162305 -0.113802 0.139946
v 0.158155 -0.098832 0.143181
v 0.162227 -0.113937 0.139926
v 0.172030 -0.107805 0.125758
v 0.181151 -0.109279 0.116785
v 0.172063 -0.099428 0.128545
v 0.180597 -0.092389 0.116014
v 0.169901 -0.112430 0.120883
v 0.166711 -0.121702 0.115476
v 0.176630 -0.111151 0.114304
v 0.175937 -0.121422 0.104779
v 0.160951 -0.110424 0.119475
v 0.149619 -0.108847 0.125306
v 0.160881 -0.121054 0.110734
v 0.142716 -0.120098 0.113181
v -0.090785 -0.021032 -0.114672
v -0.097628 -0.011302 -0.119456
v -0.078160 -0.021952 -0.119689
v -0.082006 -0.005149 -0.125158
v -0.094436 -0.016795 -0.107475
v -0.100975 -0.017166 -0.099556
v -0.096624 -0.008817 -0.112982
v -0.107330 -0.002517 -0.103109
v -0.096542 -0.008764 -0.113104
v -0.087025 -0.014510 -0.098583
v -0.078078 -0.021988 -0.093116
v -0.093719 -0.013432 -0.092929
v -0.086143 -0.018073 -0.078771
v -0.080594 -0.012472 -0.100625
v -0.071375 -0.010206 -0.106563
v -0.075245 -0.017542 -0.094634
v -0.061849 -0.017141 -0.098766
v -0.080925 -0.003198 -0.100559
v -0.087362 0.006996 -0.104981
v -0.067979 -0.003608 -0.105212
v -0.071586 0.013666 -0.110260
v 0.167587 0.008814 -0.036323
v 0.173051 0.007361 -0.024815
v 0.166796 -0.002671 -0.043597
v 0.170345 -0.009967 -0.027434
v 0.162024 0.012942 -0.030399
v 0.157865 0.021716 -0.027034
v 0.166444 0.008420 -0.022732
v 0.161166 0.018196 -0.011404
v 0.166509 0.008277 -0.022735
v 0.150569 0.010325 -0.031462
v 0.143205 0.009453 -0.041992
v 0.148231 0.017513 -0.026902
v 0.133249 0.020364 -0.033745
v 0.149271 0.003558 -0.032952
v 0.150195 -0.007218 -0.035849
v 0.142559 0.004560 -0.039597
v 0.140422 -0.007712 -0.046040
v 0.147729 -0.000419 -0.024711
v 0.152616 -0.002227 -0.012974
v 0.146388 -0.012215 -0.031673
v 0.149379 -0.019716 -0.015191
v 0.179334 0.014628 -0.043947
v 0.173694 0.025340 -0.048167
v 0.185089 0.015836 -0.031665
v 0.174867 0.030750 -0.031321
v 0.171066 0.012102 -0.046834
v 0.165468 0.006787 -0.053618
v 0.167946 0.021538 -0.046898
v 0.155343 0.019354 -0.056289
v 0.167994 0.021651 -0.046801
v 0.164980 0.005163 -0.039485
v 0.168786 -0.005121 -0.032732
v 0.159631 0.002515 -0.045990
v 0.155686 -0.012696 -0.040292
v 0.165657 0.006857 -0.032676
v 0.168987 0.011268 -0.022938
v 0.166722 -0.001789 -0.028893
v 0.171029 -0.000630 -0.015597
v 0.158396 0.012348 -0.030877
v 0.152236 0.022980 -0.034612
v 0.163582 0.013517 -0.018182
v 0.152774 0.028335 -0.017515
v 0.171049 0.023772 0.010056
v 0.166234 0.034328 0.004598
v 0.164736 0.020071 0.021540
v 0.152318 0.031614 0.015248
v 0.169891 0.021703 0.001255
v 0.174205 0.019318 -0.007761
v 0.164007 0.029601 -0.000072
v 0.165065 0.030176 -0.015894
v 0.163911 0.029664 0.000035
v 0.164547 0.011412 -0.000920
v 0.166380 -0.000171 0.004403
v 0.167583 0.011283 -0.009208
v 0.168308 -0.005242 -0.011620
v 0.159253 0.009910 0.003486
v 0.152030 0.009842 0.012042
v 0.161024 0.000732 0.005171
v 0.153241 -0.003675 0.015973
v 0.151631 0.012913 -0.000873
v 0.146230 0.023103 -0.006520
v 0.144739 0.008909 0.010348
v 0.131822 0.020140 0.003723
v 0.169238 0.031907 0.001260
v 0.162898 0.034421 0.012117
v 0.180416 0.024321 0.002973
v 0.172645 0.021317 0.019024
v 0.160498 0.029986 -0.000473
v 0.151954 0.032294 -0.005696
v 0.158334 0.029956 0.009227
v 0.142622 0.031575 0.007720
v 0.158431 0.029913 0.009343
v 0.158489 0.019650 -0.005794
v 0.164534 0.014130 -0.015736
v 0.150460 0.022243 -0.008389
v 0.148982 0.013113 -0.022313
v 0.162575 0.014377 -0.003514
v 0.170580 0.008287 0.001407
v 0.164866 0.010328 -0.011794
v 0.175297 0.001159 -0.009843
v 0.157526 0.010131 0.003011
v 0.150975 0.011962 0.013903
v 0.168417 0.001907 0.004799
v 0.160295 -0.001675 0.020864
v -0.063749 0.017167 0.144492
v -0.066491 0.026837 0.136531
v -0.074700 0.011034 0.149774
v -0.082859 0.020020 0.136369
v -0.058690 0.015755 0.137044
v -0.049318 0.015297 0.132851
v -0.064153 0.022206 0.131819
v -0.053720 0.024541 0.120093
v -0.064306 0.022235 0.131839
v -0.058911 0.004782 0.132714
v -0.058078 -0.006545 0.138784
v -0.051483 0.006151 0.128143
v -0.045530 -0.009466 0.127820
v -0.065245 0.001699 0.132959
v -0.075931 -0.000834 0.135148
v -0.062782 -0.006958 0.135992
v -0.074246 -0.014042 0.139875
v -0.068979 0.003307 0.124617
v -0.071955 0.012508 0.116169
v -0.080128 -0.003225 0.129355
v -0.088381 0.005378 0.115400
v -0.076406 0.013584 0.203123
v -0.068099 0.004391 0.206421
v -0.070991 0.026070 0.202652
v -0.055652 0.016492 0.202807
v -0.077506 0.006933 0.196988
v -0.083598 -0.000341 0.193042
v -0.068913 0.002720 0.199664
v -0.071704 -0.011567 0.193349
v -0.068785 0.002795 0.199717
v -0.077770 0.010374 0.185706
v -0.083936 0.020243 0.180188
v -0.081612 0.002826 0.183217
v -0.090085 0.008312 0.169892
v -0.073200 0.015507 0.184136
v -0.065724 0.023826 0.184664
v -0.078705 0.021067 0.178753
v -0.072407 0.033437 0.176754
v -0.065707 0.011090 0.180902
v -0.057076 0.001962 0.183567
v -0.059955 0.023545 0.179813
v -0.044363 0.013873 0.179350
v -0.067236 0.018776 0.213998
v -0.078928 0.024036 0.214144
v -0.067009 0.005620 0.217509
v -0.084765 0.007296 0.214518
v -0.068067 0.023189 0.206066
v -0.064950 0.030904 0.200036
v -0.077914 0.023882 0.207212
v -0.080282 0.035512 0.196680
v -0.078006 0.023778 0.207285
v -0.064842 0.017124 0.196474
v -0.054496 0.009731 0.194429
v -0.064072 0.024526 0.191726
v -0.052315 0.019643 0.180895
v -0.066670 0.010317 0.196602
v -0.070132 0.000135 0.199720
v -0.058685 0.006372 0.193305
v -0.059085 -0.007501 0.195327
v -0.074770 0.009964 0.192088
v -0.086639 0.014847 0.191653
v -0.074771 -0.003487 0.195003
v -0.092706 -0.002016 0.191393
v -0.200041 0.026511 0.173729
v -0.204101 0.031397 0.162593
v -0.201614 0.013027 0.174794
v -0.203903 0.014596 0.156924
v -0.193292 0.031875 0.170770
v -0.187688 0.040375 0.172163
v -0.197200 0.032154 0.161636
v -0.189337 0.044963 0.156549
v -0.197282 0.032039 0.161568
v -0.182480 0.027168 0.171140
v -0.176708 0.020374 0.180435
v -0.178705 0.035132 0.170632
v -0.164504 0.031983 0.178865
v -0.182225 0.020354 0.169352
v -0.184832 0.009769 0.166793
v -0.176362 0.017074 0.176065
v -0.176599 0.003052 0.176105
v -0.180125 0.020363 0.160313
v -0.183631 0.024945 0.148840
v -0.181156 0.006655 0.160989
v -0.182878 0.008096 0.142773
v -0.135797 0.050851 0.216469
v -0.124457 0.052584 0.222196
v -0.140566 0.061907 0.210110
v -0.123417 0.067230 0.212255
v -0.130615 0.043812 0.213885
v -0.128929 0.033679 0.214181
v -0.122373 0.048456 0.216931
v -0.113052 0.035632 0.217602
v -0.122349 0.048611 0.216930
v -0.130675 0.041383 0.202340
v -0.140514 0.040733 0.194055
v -0.127572 0.033242 0.203766
v -0.134254 0.025402 0.190602
v -0.130716 0.047076 0.198182
v -0.131412 0.057517 0.194197
v -0.137158 0.044401 0.191736
v -0.140901 0.055439 0.183937
v -0.121788 0.048576 0.196147
v -0.110130 0.050338 0.201235
v -0.126168 0.059621 0.189201
v -0.108641 0.064832 0.190797
v -0.096980 0.126863 0.113378
v -0.088332 0.136259 0.114522
v -0.102574 0.125926 0.100998
v -0.088490 0.136461 0.096792
v -0.089699 0.123062 0.117330
v -0.085642 0.118657 0.125681
v -0.083980 0.130771 0.114756
v -0.072223 0.127990 0.125041
v -0.083997 0.130859 0.114626
v -0.086150 0.112799 0.112720
v -0.093011 0.102506 0.109133
v -0.081568 0.110808 0.119998
v -0.082403 0.094128 0.119304
v -0.086551 0.112490 0.105688
v -0.088808 0.114534 0.094913
v -0.090209 0.103793 0.104595
v -0.094469 0.102092 0.091343
v -0.078080 0.114864 0.102735
v -0.068977 0.123892 0.103469
v -0.083157 0.113603 0.090005
v -0.068551 0.123787 0.085551
v -0.093552 0.121047 0.132728
v -0.083186 0.121049 0.140273
v -0.095879 0.132913 0.126466
v -0.078812 0.135908 0.131643
v -0.088877 0.113542 0.130517
v -0.088463 0.103275 0.130384
v -0.080762 0.116950 0.135133
v -0.073248 0.103030 0.136387
v -0.080720 0.117101 0.135146
v -0.087321 0.111700 0.118968
v -0.095670 0.112704 0.109214
v -0.085472 0.103172 0.120306
v -0.090769 0.096887 0.105752
v -0.086009 0.117546 0.115255
v -0.084810 0.128171 0.111930
v -0.091570 0.116024 0.107707
v -0.092658 0.127812 0.100187
v -0.076754 0.117998 0.114757
v -0.065967 0.118020 0.121724
v -0.078604 0.129833 0.107977
v -0.061091 0.132696 0.112663
v -0.129604 0.174833 0.192496
v -0.139594 0.176901 0.184730
v -0.130117 0.162983 0.199186
v -0.142727 0.159558 0.186684
v -0.126044 0.177442 0.184522
v -0.120797 0.184524 0.179239
v -0.134670 0.175805 0.179865
v -0.131560 0.184440 0.166921
v -0.134776 0.175696 0.179903
v -0.117159 0.170819 0.180474
v -0.106900 0.166050 0.186629
v -0.114514 0.177232 0.175014
v -0.098196 0.173680 0.174292
v -0.117983 0.163901 0.181546
v -0.121525 0.153876 0.185060
v -0.109233 0.161596 0.184434
v -0.109293 0.148646 0.189817
v -0.121756 0.160727 0.173685
v -0.131504 0.162290 0.165473
v -0.122068 0.148434 0.179867
v -0.134434 0.144660 0.166838
v -0.154075 0.192089 0.199840
v -0.164190 0.186917 0.193898
v -0.149144 0.184527 0.210035
v -0.159350 0.171923 0.202034
v -0.152260 0.192639 0.190925
v -0.150806 0.198620 0.182696
v -0.159434 0.186092 0.188819
v -0.160811 0.189609 0.173407
v -0.159479 0.185973 0.188910
v -0.141498 0.189067 0.187666
v -0.130006 0.191474 0.192958
v -0.142095 0.193393 0.179994
v -0.125900 0.196590 0.177366
v -0.139175 0.183365 0.191099
v -0.137862 0.174924 0.198338
v -0.130218 0.185993 0.192850
v -0.124437 0.177191 0.202113
v -0.141413 0.176228 0.185608
v -0.151104 0.170560 0.179374
v -0.136123 0.168180 0.195441
v -0.145975 0.155183 0.187021
v -0.088118 0.127045 -0.082248
v -0.094025 0.122956 -0.071628
v -0.082533 0.139411 -0.081097
v -0.085159 0.136004 -0.063532
v -0.085071 0.118573 -0.080823
v -0.084655 0.108822 -0.084040
v -0.088492 0.118657 -0.071493
v -0.088306 0.102956 -0.069213
v -0.088502 0.118783 -0.071399
v -0.073382 0.117150 -0.081557
v -0.065010 0.121652 -0.090248
v -0.074244 0.108431 -0.082639
v -0.060514 0.105407 -0.091681
v -0.069640 0.122447 -0.078794
v -0.066404 0.132232 -0.074415
v -0.062980 0.123469 -0.085486
v -0.055964 0.135428 -0.083381
v -0.067773 0.119741 -0.070116
v -0.073046 0.115568 -0.059175
v -0.061604 0.131951 -0.068604
v -0.063676 0.128305 -0.050735
v -0.057029 0.142720 -0.101641
v -0.052807 0.149643 -0.091710
v -0.047240 0.138817 -0.110266
v -0.036776 0.143635 -0.096326
v -0.060790 0.138974 -0.094232
v -0.069331 0.136972 -0.088878
v -0.054406 0.143739 -0.088291
v -0.062673 0.142106 -0.074845
v -0.054258 0.143776 -0.088327
v -0.060050 0.127221 -0.093505
v -0.062105 0.118213 -0.102477
v -0.066577 0.126911 -0.087569
v -0.072683 0.111729 -0.090979
v -0.053907 0.124564 -0.095716
v -0.043791 0.123157 -0.100307
v -0.057007 0.117138 -0.100760
v -0.046494 0.111926 -0.108442
v -0.048794 0.123719 -0.088018
v -0.044267 0.130059 -0.077808
v -0.038724 0.119280 -0.096283
v -0.028082 0.123572 -0.081958
v -0.089110 0.159052 -0.130225
v -0.097640 0.162433 -0.121270
v -0.077669 0.166436 -0.130082
v -0.084075 0.171091 -0.113823
v -0.091678 0.151292 -0.126193
v -0.096490 0.142248 -0.127000
v -0.095637 0.156285 -0.118568
v -0.104769 0.144528 -0.113077
v -0.095585 0.156422 -0.118511
v -0.082931 0.144024 -0.123050
v -0.072427 0.140391 -0.129555
v -0.088471 0.137175 -0.122475
v -0.077886 0.124756 -0.126101
v -0.077240 0.147287 -0.120470
v -0.069606 0.154916 -0.117489
v -0.070376 0.142443 -0.124899
v -0.058135 0.149112 -0.123351
v -0.078428 0.147181 -0.111267
v -0.086535 0.150286 -0.101805
v -0.066651 0.154272 -0.110579
v -0.072786 0.158562 -0.093820
v 0.111599 0.235873 0.036958
v 0.111596 0.237111 0.024197
v 0.104341 0.245376 0.043473
v 0.097831 0.247982 0.026803
v 0.109669 0.227596 0.033666
v 0.112585 0.217816 0.032461
v 0.107598 0.231379 0.024713
v 0.108770 0.217820 0.016554
v 0.107537 0.231521 0.024685
v 0.100528 0.222091 0.038699
v 0.097392 0.220898 0.051133
v 0.103221 0.214258 0.035646
v 0.097007 0.204360 0.047597
v 0.095097 0.226314 0.040240
v 0.088515 0.235180 0.042092
v 0.092897 0.223123 0.048911
v 0.084007 0.232027 0.055105
v 0.089404 0.225591 0.032947
v 0.088716 0.226623 0.020166
v 0.081493 0.234851 0.039358
v 0.074399 0.237133 0.022584
v 0.066840 0.323214 0.015343
v 0.063352 0.323212 0.027680
v 0.077470 0.315170 0.012563
v 0.073329 0.308603 0.028897
v 0.057810 0.321977 0.015365
v 0.048517 0.325674 0.013002
v 0.057909 0.319680 0.025033
v 0.042446 0.321995 0.027739
v 0.058026 0.319609 0.025109
v 0.053823 0.313265 0.008479
v 0.056992 0.310138 -0.003606
v 0.045649 0.316599 0.008540
v 0.040322 0.311102 -0.006320
v 0.057883 0.307503 0.008458
v 0.066281 0.300220 0.009807
v 0.057903 0.305497 -0.000825
v 0.067734 0.295876 -0.003559
v 0.054123 0.301943 0.014866
v 0.050383 0.301274 0.027132
v 0.064439 0.293268 0.012081
v 0.059914 0.286147 0.028381
v 0.055259 0.330037 -0.018004
v 0.063901 0.330432 -0.008541
v 0.059173 0.322739 -0.028814
v 0.071450 0.316769 -0.016952
v 0.050672 0.328076 -0.010376
v 0.043484 0.330872 -0.003585
v 0.059129 0.326330 -0.005456
v 0.053141 0.327531 0.009189
v 0.059261 0.326273 -0.005518
v 0.043530 0.318703 -0.010968
v 0.035216 0.315181 -0.020151
v 0.039014 0.321362 -0.003864
v 0.024121 0.314642 -0.007392
v 0.046148 0.313296 -0.014656
v 0.052329 0.306802 -0.021364
v 0.038465 0.310790 -0.019645
v 0.042142 0.301861 -0.029815
v 0.050116 0.307812 -0.008309
v 0.058625 0.307519 0.001305
v 0.053919 0.299860 -0.018880
v 0.066016 0.293305 -0.006732
v -0.057338 0.299435 0.066988
v -0.061826 0.289924 0.074322
v -0.052256 0.309945 0.073997
v -0.052748 0.297781 0.087371
v -0.053751 0.291777 0.063585
v -0.053230 0.285148 0.055751
v -0.056113 0.286733 0.071815
v -0.054926 0.272187 0.065586
v -0.056119 0.286791 0.071960
v -0.042162 0.292090 0.061398
v -0.035033 0.301206 0.055747
v -0.042721 0.285121 0.056007
v -0.029953 0.288524 0.045770
v -0.038393 0.295561 0.066240
v -0.035161 0.301984 0.074823
v -0.032575 0.300517 0.060602
v -0.025946 0.310332 0.068114
v -0.035446 0.288990 0.072092
v -0.039264 0.279306 0.079612
v -0.029736 0.299240 0.079288
v -0.029633 0.286771 0.092756
v -0.040662 0.333469 0.107135
v -0.052550 0.330800 0.103142
v -0.036958 0.326814 0.118423
v -0.051439 0.316890 0.114083
v -0.039942 0.331694 0.098224
v -0.037837 0.335201 0.088797
v -0.048966 0.327532 0.098082
v -0.051213 0.328297 0.082394
v -0.049033 0.327455 0.098201
v -0.031278 0.324292 0.095167
v -0.019010 0.323830 0.099056
v -0.031537 0.327032 0.086779
v -0.015618 0.324276 0.082489
v -0.030357 0.318912 0.099628
v -0.030719 0.312043 0.108464
v -0.020876 0.318795 0.100181
v -0.016864 0.310539 0.110784
v -0.035337 0.311967 0.096012
v -0.047011 0.308645 0.091818
v -0.031487 0.304677 0.107032
v -0.045806 0.294193 0.102351
v 0.002358 0.385433 0.004091
v 0.014939 0.384722 0.001727
v -0.005477 0.383777 -0.006923
v 0.010060 0.377477 -0.013705
v 0.005739 0.379743 0.010358
v 0.007757 0.377923 0.020269
v 0.014162 0.378681 0.005193
v 0.023008 0.372957 0.017058
v 0.014175 0.378686 0.005037
v -0.000197 0.369656 0.011843
v -0.012869 0.367552 0.012780
v 0.003534 0.368312 0.019730
v -0.008670 0.359583 0.027099
v -0.002626 0.366818 0.005865
v -0.005725 0.365029 -0.004745
v -0.011358 0.364302 0.008628
v -0.019062 0.360895 -0.002585
v 0.003881 0.360703 0.003341
v 0.016402 0.359288 0.000865
v -0.003924 0.358348 -0.007748
v 0.011653 0.351374 -0.014500
v -0.003670 -0.532257 0.004862
v -0.010004 -0.532279 0.013580
v 0.004406 0.417590 0.019948
v 0.004534 0.417591 0.019771
v -0.003670 -0.532373 0.022298
v 0.004534 0.417589 0.020125
v 0.006577 -0.532409 0.018968
v 0.004743 0.417588 0.020058
v 0.006578 -0.532338 0.008192
v 0.004743 0.417589 0.019839
v -0.000100 -0.164487 0.016641
v -0.076700 -0.118544 -0.083382
v -0.076340 -0.119528 -0.084118
v -0.152908 -0.073670 -0.184204
v -0.076309 -0.119612 -0.084181
v 0.000367 -0.162543 0.017189
v -0.075801 -0.117502 -0.083587
v -0.076629 -0.118462 -0.083398
v -0.152868 -0.073504 -0.184157
v 0.002066 -0.161974 0.016147
v -0.074855 -0.117927 -0.084513
v -0.075727 -0.117536 -0.083659
v -0.152723 -0.073455 -0.184246
v 0.002649 -0.163567 0.014955
v -0.075169 -0.119231 -0.084880
v -0.074880 -0.118030 -0.084542
v -0.152673 -0.073591 -0.184348
v 0.001310 -0.165120 0.015260
v -0.075258 -0.119261 -0.084825
v -0.152788 -0.073724 -0.184322
v 0.002083 -0.153877 0.015628
v 0.120235 -0.110061 0.061484
v 0.119974 -0.110561 0.062634
v 0.238105 -0.066787 0.108588
v 0.119952 -0.110603 0.062732
v 0.001899 -0.152177 0.014457
v 0.119753 -0.108758 0.061462
v 0.120198 -0.109959 0.061482
v 0.238089 -0.066642 0.108488
v 0.000918 -0.150733 0.015575
v 0.119171 -0.108494 0.062697
v 0.119707 -0.108737 0.061559
v 0.238006 -0.066519 0.108583
v 0.000496 -0.151542 0.017436
v 0.119294 -0.109635 0.063482
v 0.119180 -0.108584 0.062759
v 0.237969 -0.066588 0.108742
v 0.001216 -0.153485 0.017469
v 0.119346 -0.109711 0.063423
v 0.238031 -0.066754 0.108745
v 0.000278 -0.081319 0.016757
v -0.103584 0.001446 -0.085498
v -0.102936 0.000731 -0.086745
v -0.206753 0.083446 -0.189087
v -0.102891 0.000681 -0.086832
v 0.000438 -0.079280 0.018281
v -0.102720 0.002863 -0.085202
v -0.103528 0.001538 -0.085479
v -0.206742 0.083588 -0.188981
v 0.002394 -0.077850 0.017481
v -0.101493 0.002974 -0.086353
v -0.102640 0.002870 -0.085277
v -0.206607 0.083687 -0.189037
v 0.003442 -0.079007 0.015464
v -0.101599 0.001626 -0.087360
v -0.101499 0.002887 -0.086419
v -0.206534 0.083607 -0.189177
v 0.002134 -0.081151 0.015016
v -0.101683 0.001564 -0.087326
v -0.206624 0.083458 -0.189208
v 0.001947 -0.069449 0.015168
v 0.118320 -0.007974 -0.010542
v 0.118953 -0.008902 -0.009925
v 0.235381 0.052494 -0.035582
v 0.119007 -0.008981 -0.009872
v 0.001018 -0.067611 0.015402
v 0.117999 -0.006986 -0.009618
v 0.118295 -0.007897 -0.010469
v 0.235301 0.052651 -0.035562
v 0.001171 -0.067065 0.017395
v 0.118487 -0.007382 -0.008378
v 0.118037 -0.007017 -0.009521
v 0.235314 0.052697 -0.035391
v 0.002195 -0.068566 0.018393
v 0.119110 -0.008615 -0.008535
v 0.118536 -0.007479 -0.008390
v 0.235402 0.052569 -0.035306
v 0.002674 -0.070039 0.017016
v 0.119102 -0.008644 -0.008640
v 0.235443 0.052443 -0.035423
v 0.003274 -0.058142 0.018209
v -0.084121 0.014594 0.141357
v -0.085002 0.013297 0.141522
v -0.172458 0.085943 0.264682
v -0.085063 0.013207 0.141534
v 0.003454 -0.055911 0.016984
v -0.084871 0.015593 0.140224
v -0.084170 0.014659 0.141283
v -0.172446 0.086098 0.264596
v 0.001438 -0.055697 0.015436
v -0.086277 0.014823 0.139700
v -0.084962 0.015543 0.140190
v -0.172586 0.086113 0.264488
v 0.000012 -0.057795 0.015703
v -0.086396 0.013349 0.140510
v -0.086284 0.014728 0.139753
v -0.172685 0.085968 0.264507
v 0.001147 -0.059306 0.017417
v -0.086309 0.013340 0.140576
v -0.172606 0.085863 0.264627
v 0.002496 0.013986 0.016049
v 0.093383 0.088413 -0.048631
v 0.094313 0.087903 -0.047911
v 0.185279 0.162287 -0.112529
v 0.094392 0.087860 -0.047850
v 0.001131 0.015541 0.015928
v 0.092910 0.089548 -0.047980
v 0.093346 0.088502 -0.048579
v 0.185162 0.162420 -0.112539
v 0.001355 0.016722 0.017617
v 0.093626 0.089695 -0.046798
v 0.092966 0.089559 -0.047887
v 0.185181 0.162521 -0.112395
v 0.002859 0.015897 0.018781
v 0.094543 0.088652 -0.046717
v 0.093699 0.089613 -0.046792
v 0.185310 0.162450 -0.112296
v 0.003564 0.014206 0.017812
v 0.094531 0.088590 -0.046806
v 0.185371 0.162306 -0.112379
v 0.002385 0.025179 0.018538
v -0.067999 0.103054 0.101994
v -0.069089 0.102569 0.101528
v -0.139565 0.180403 0.184944
v -0.069182 0.102527 0.101488
v 0.003784 0.026690 0.018302
v -0.067663 0.104167 0.101232
v -0.067972 0.103142 0.101934
v -0.139446 0.180532 0.184924
v 0.003194 0.027863 0.016698
v -0.068639 0.104328 0.100254
v -0.067740 0.104180 0.101155
v -0.139496 0.180632 0.184787
v 0.001431 0.027078 0.015944
v -0.069578 0.103315 0.100413
v -0.068713 0.104248 0.100266
v -0.139647 0.180565 0.184723
v 0.000930 0.025419 0.017081
v -0.069546 0.103253 0.100497
v -0.139690 0.180423 0.184820
v -0.076847 -0.117157 -0.099047
v -0.078106 -0.114756 -0.102370
v -0.077782 -0.114935 -0.102587
v -0.078958 -0.112579 -0.105965
v -0.077699 -0.114980 -0.102642
v -0.077029 -0.116613 -0.098657
v -0.077928 -0.114297 -0.102152
v -0.078070 -0.114663 -0.102325
v -0.079005 -0.112440 -0.105865
v -0.076476 -0.116200 -0.098594
v -0.077411 -0.114237 -0.102291
v -0.077823 -0.114285 -0.102181
v -0.078863 -0.112335 -0.105849
v -0.075952 -0.116488 -0.098944
v -0.077270 -0.114660 -0.102593
v -0.077382 -0.114323 -0.102352
v -0.078729 -0.112409 -0.105939
v -0.076181 -0.117080 -0.099224
v -0.077357 -0.114725 -0.102603
v -0.078788 -0.112560 -0.106011
v -0.076578 -0.118870 -0.084084
v -0.077560 -0.123428 -0.165716
v -0.077244 -0.124036 -0.165753
v -0.078175 -0.128691 -0.247391
v -0.077193 -0.124133 -0.165759
v -0.076412 -0.117773 -0.084027
v -0.077000 -0.122861 -0.165693
v -0.077483 -0.123350 -0.165713
v -0.078148 -0.128516 -0.247382
v -0.075315 -0.117591 -0.084033
v -0.076288 -0.123217 -0.165722
v -0.076902 -0.122910 -0.165697
v -0.077973 -0.128487 -0.247383
v -0.074804 -0.118576 -0.084093
v -0.076408 -0.124003 -0.165763
v -0.076305 -0.123325 -0.165728
v -0.077892 -0.128644 -0.247392
v -0.075585 -0.119366 -0.084124
v -0.076516 -0.124021 -0.165762
v -0.078016 -0.128770 -0.247397
v -0.114618 -0.096578 -0.133842
v -0.168230 -0.085420 -0.161673
v -0.168239 -0.085777 -0.161841
v -0.221852 -0.074718 -0.189718
v -0.168241 -0.085876 -0.161887
v -0.114418 -0.095977 -0.133916
v -0.167985 -0.085108 -0.161982
v -0.168176 -0.085352 -0.161740
v -0.221797 -0.074551 -0.189739
v -0.114118 -0.095938 -0.134477
v -0.167845 -0.085370 -0.162389
v -0.167955 -0.085165 -0.162071
v -0.221713 -0.074540 -0.189894
v -0.114132 -0.096515 -0.134749
v -0.168004 -0.085845 -0.162330
v -0.167880 -0.085474 -0.162376
v -0.221717 -0.074700 -0.189970
v -0.114442 -0.096910 -0.134356
v -0.168055 -0.085851 -0.162234
v -0.221803 -0.074810 -0.189861
v 0.119951 -0.110025 0.062179
v 0.158086 -0.107869 0.110279
v 0.157730 -0.108125 0.110588
v 0.195792 -0.106022 0.158750
v 0.157658 -0.108178 0.110651
v 0.120201 -0.109244 0.061897
v 0.157958 -0.107237 0.110311
v 0.158064 -0.107762 0.110284
v 0.195843 -0.105863 0.158693
v 0.119675 -0.108651 0.062248
v 0.157452 -0.107155 0.110702
v 0.157873 -0.107223 0.110377
v 0.195735 -0.105742 0.158765
v 0.119099 -0.109065 0.062747
v 0.157266 -0.107736 0.110912
v 0.157420 -0.107254 0.110737
v 0.195618 -0.105826 0.158867
v 0.119270 -0.109914 0.062705
v 0.157332 -0.107811 0.110867
v 0.195653 -0.106000 0.158858
v -0.067769 -0.000201 0.116131
v -0.123010 0.011426 0.140334
v -0.123253 0.011152 0.139942
v -0.178544 0.022723 0.164065
v -0.123303 0.011096 0.139862
v -0.067462 0.000578 0.116357
v -0.122934 0.012035 0.140135
v -0.122997 0.011529 0.140300
v -0.178482 0.022882 0.164112
v -0.067604 0.001124 0.115698
v -0.123181 0.012082 0.139540
v -0.122976 0.012043 0.140034
v -0.178511 0.022993 0.163977
v -0.067999 0.000681 0.115064
v -0.123409 0.011502 0.139372
v -0.123220 0.011984 0.139512
v -0.178591 0.022903 0.163848
v -0.068100 -0.000138 0.115332
v -0.123391 0.011433 0.139455
v -0.178612 0.022736 0.163902
v 0.001186 0.037219 0.017814
v -0.041864 0.094791 -0.052536
v -0.041836 0.094036 -0.053169
v -0.084883 0.151524 -0.123589
v -0.041833 0.093952 -0.053239
v 0.001995 0.038485 0.018348
v -0.040934 0.095359 -0.052646
v -0.041770 0.094847 -0.052547
v -0.084793 0.151665 -0.123530
v 0.003375 0.038558 0.017555
v -0.040329 0.094872 -0.053417
v -0.040874 0.095310 -0.052723
v -0.084639 0.151673 -0.123618
v 0.003420 0.037337 0.016530
v -0.040885 0.094002 -0.053784
v -0.040385 0.094785 -0.053454
v -0.084634 0.151537 -0.123732
v 0.002067 0.036509 0.016691
v -0.040979 0.093997 -0.053729
v -0.084785 0.151445 -0.123714
v 0.003320 0.109357 0.018757
v -0.017493 0.172101 0.094566
v -0.018387 0.171696 0.094652
v -0.039299 0.234395 0.170470
v -0.018486 0.171651 0.094661
v 0.004148 0.110513 0.018036
v -0.017566 0.172936 0.093859
v -0.017500 0.172185 0.094495
v -0.039207 0.234524 0.170389
v 0.003148 0.111322 0.017094
v -0.018604 0.173000 0.093519
v -0.017669 0.172942 0.093826
v -0.039318 0.234614 0.170285
v 0.001702 0.110666 0.017233
v -0.019173 0.172207 0.094014
v -0.018661 0.172921 0.093568
v -0.039478 0.234541 0.170300
v 0.001808 0.109452 0.018261
v -0.019104 0.172151 0.094079
v -0.039467 0.234406 0.170414
v 0.002199 0.120933 0.017539
v -0.016808 0.175407 -0.016638
v -0.016376 0.175233 -0.017148
v -0.035315 0.229679 -0.051406
v -0.016308 0.175205 -0.017229
v 0.002111 0.121509 0.018491
v -0.016410 0.175872 -0.016126
v -0.016753 0.175470 -0.016568
v -0.035329 0.229770 -0.051255
v 0.003099 0.121987 0.018697
v -0.015664 0.175960 -0.016399
v -0.016308 0.175885 -0.016163
v -0.035172 0.229846 -0.051222
v 0.003797 0.121706 0.017873
v -0.015601 0.175548 -0.017081
v -0.015655 0.175904 -0.016493
v -0.035061 0.229802 -0.051353
v 0.003241 0.121055 0.017157
v -0.015698 0.175501 -0.017101
v -0.035149 0.229698 -0.051467
v 0.003567 0.132237 0.016877
v 0.072684 0.203970 0.030813
v 0.073240 0.203334 0.031319
v 0.142418 0.274997 0.045311
v 0.073302 0.203264 0.031375
v 0.002415 0.133330 0.017009
v 0.072022 0.204478 0.031522
v 0.072618 0.204021 0.030884
v 0.142291 0.275118 0.045326
v 0.002007 0.133433 0.018547
v 0.072230 0.204085 0.032522
v 0.072042 0.204439 0.031622
v 0.142245 0.275130 0.045497
v 0.002907 0.132403 0.019366
v 0.073022 0.203334 0.032432
v 0.072310 0.204010 0.032513
v 0.142345 0.275016 0.045588
v 0.003872 0.131664 0.018334
v 0.073050 0.203327 0.032326
v 0.142452 0.274934 0.045473
v 0.004025 0.216028 0.017966
v 0.034219 0.275207 0.008864
v 0.034658 0.275057 0.009374
v 0.064922 0.334213 0.000353
v 0.034728 0.275034 0.009455
v 0.003042 0.216502 0.017730
v 0.033589 0.275583 0.009182
v 0.034133 0.275258 0.008908
v 0.064766 0.334288 0.000316
v 0.002602 0.216877 0.018684
v 0.033709 0.275642 0.009970
v 0.033606 0.275591 0.009290
v 0.064696 0.334347 0.000468
v 0.003313 0.216635 0.019510
v 0.034412 0.275302 0.010139
v 0.033805 0.275595 0.009993
v 0.064809 0.334309 0.000599
v 0.004192 0.216110 0.019066
v 0.034456 0.275265 0.010045
v 0.064948 0.334226 0.000528
v 0.003633 0.227024 0.019405
v -0.015958 0.275830 0.061008
v -0.016609 0.275610 0.060954
v -0.036304 0.324381 0.102549
v -0.016713 0.275575 0.060945
v 0.004393 0.227714 0.018966
v -0.015832 0.276374 0.060437
v -0.015941 0.275905 0.060930
v -0.036183 0.324491 0.102479
v 0.003918 0.228254 0.018113
v -0.016509 0.276456 0.060020
v -0.015925 0.276385 0.060380
v -0.036259 0.324576 0.102343
v 0.002864 0.227898 0.018024
v -0.017054 0.275962 0.060334
v -0.016584 0.276388 0.060063
v -0.036426 0.324520 0.102329
v 0.002688 0.227138 0.018823
v -0.017007 0.275909 0.060418
v -0.036454 0.324399 0.102456
v -0.077559 -0.117761 -0.139789
v -0.078945 -0.116718 -0.142064
v -0.078839 -0.116965 -0.142214
v -0.080187 -0.116010 -0.144542
v -0.078801 -0.117053 -0.142268
v -0.077465 -0.117283 -0.139681
v -0.078674 -0.116405 -0.142121
v -0.078874 -0.116636 -0.142079
v -0.080154 -0.115840 -0.144504
v -0.077035 -0.117158 -0.139900
v -0.078362 -0.116548 -0.142360
v -0.078592 -0.116443 -0.142184
v -0.080001 -0.115795 -0.144581
v -0.076863 -0.117558 -0.140143
v -0.078441 -0.116948 -0.142450
v -0.078383 -0.116653 -0.142384
v -0.079940 -0.115938 -0.144667
v -0.077187 -0.117931 -0.140075
v -0.078535 -0.116976 -0.142403
v -0.080055 -0.116070 -0.144643
v -0.077216 -0.119729 -0.154641
v -0.077357 -0.120829 -0.157278
v -0.077234 -0.121083 -0.157154
v -0.077332 -0.122274 -0.159747
v -0.077191 -0.121174 -0.157110
v -0.077108 -0.119300 -0.154873
v -0.077045 -0.120593 -0.157424
v -0.077275 -0.120768 -0.157316
v -0.077294 -0.122122 -0.159829
v -0.076613 -0.119272 -0.154924
v -0.076686 -0.120791 -0.157347
v -0.076951 -0.120645 -0.157404
v -0.077118 -0.122112 -0.159847
v -0.076415 -0.119684 -0.154723
v -0.076776 -0.121151 -0.157152
v -0.076710 -0.120886 -0.157296
v -0.077047 -0.122258 -0.159776
v -0.076787 -0.119966 -0.154549
v -0.076885 -0.121157 -0.157141
v -0.077180 -0.122359 -0.159714
v -0.076830 -0.119387 -0.166160
v -0.075965 -0.118157 -0.168594
v -0.075800 -0.118413 -0.168639
v -0.074877 -0.117274 -0.171089
v -0.075741 -0.118504 -0.168655
v -0.076816 -0.118925 -0.165973
v -0.075723 -0.117878 -0.168401
v -0.075902 -0.118084 -0.168543
v -0.074872 -0.117110 -0.171022
v -0.076361 -0.118848 -0.165786
v -0.075348 -0.118052 -0.168341
v -0.075625 -0.117923 -0.168385
v -0.074710 -0.117082 -0.170955
v -0.076093 -0.119262 -0.165858
v -0.075360 -0.118439 -0.168498
v -0.075351 -0.118154 -0.168382
v -0.074615 -0.117229 -0.170981
v -0.076383 -0.119595 -0.166089
v -0.075460 -0.118456 -0.168539
v -0.074718 -0.117348 -0.171063
v -0.127396 -0.092320 -0.140203
v -0.129117 -0.090044 -0.140418
v -0.129303 -0.090228 -0.140582
v -0.131089 -0.088018 -0.140855
v -0.129368 -0.090293 -0.140640
v -0.127025 -0.091988 -0.140237
v -0.128866 -0.089844 -0.140685
v -0.129051 -0.089992 -0.140488
v -0.130957 -0.087900 -0.140866
v -0.126911 -0.091933 -0.140719
v -0.128962 -0.089969 -0.141072
v -0.128891 -0.089876 -0.140786
v -0.130916 -0.087880 -0.141037
v -0.127211 -0.092231 -0.140984
v -0.129272 -0.090247 -0.141043
v -0.129043 -0.090042 -0.141064
v -0.131023 -0.087986 -0.141131
v -0.127511 -0.092470 -0.140665
v -0.129297 -0.090259 -0.140938
v -0.131129 -0.088071 -0.141018
v -0.140277 -0.090851 -0.147354
v -0.142766 -0.091902 -0.148296
v -0.142598 -0.092047 -0.148510
v -0.145026 -0.093149 -0.149528
v -0.142538 -0.092099 -0.148586
v -0.140538 -0.090437 -0.147258
v -0.142892 -0.091537 -0.148456
v -0.142799 -0.091806 -0.148338
v -0.145119 -0.093002 -0.149494
v -0.140520 -0.090147 -0.147664
v -0.142741 -0.091509 -0.148845
v -0.142852 -0.091530 -0.148558
v -0.145113 -0.092899 -0.149638
v -0.140248 -0.090382 -0.148010
v -0.142523 -0.091856 -0.148925
v -0.142684 -0.091600 -0.148866
v -0.145016 -0.092983 -0.149761
v -0.140098 -0.090817 -0.147818
v -0.142527 -0.091919 -0.148836
v -0.144962 -0.093137 -0.149693
v 0.129447 -0.107823 0.073566
v 0.131581 -0.106546 0.074980
v 0.131463 -0.106679 0.075232
v 0.133555 -0.105449 0.076736
v 0.131421 -0.106727 0.075322
v 0.129441 -0.107409 0.073289
v 0.131414 -0.106165 0.074946
v 0.131537 -0.106446 0.074971
v 0.133553 -0.105302 0.076637
v 0.129124 -0.107087 0.073500
v 0.131151 -0.106109 0.075266
v 0.131345 -0.106150 0.075030
v 0.133441 -0.105187 0.076712
v 0.128934 -0.107302 0.073908
v 0.131156 -0.106457 0.075499
v 0.131152 -0.106200 0.075327
v 0.133373 -0.105264 0.076857
v 0.129133 -0.107758 0.073949
v 0.131226 -0.106528 0.075452
v 0.133444 -0.105426 0.076872
v 0.138444 -0.108051 0.085308
v 0.140307 -0.108891 0.087310
v 0.140153 -0.109157 0.087310
v 0.141961 -0.110091 0.089312
v 0.140098 -0.109252 0.087310
v 0.138478 -0.107604 0.085527
v 0.140143 -0.108646 0.087606
v 0.140264 -0.108827 0.087388
v 0.141973 -0.109933 0.089390
v 0.138127 -0.107578 0.085880
v 0.139832 -0.108856 0.087789
v 0.140062 -0.108701 0.087654
v 0.141848 -0.109924 0.089515
v 0.137877 -0.108009 0.085880
v 0.139804 -0.109230 0.087607
v 0.139825 -0.108954 0.087742
v 0.141759 -0.110077 0.089516
v 0.138073 -0.108302 0.085527
v 0.139881 -0.109236 0.087529
v 0.141829 -0.110180 0.089390
v -0.082207 -0.008565 -0.079399
v -0.082639 -0.006422 -0.081244
v -0.082547 -0.006621 -0.081461
v -0.082946 -0.004548 -0.083383
v -0.082514 -0.006691 -0.081538
v -0.082053 -0.008207 -0.079087
v -0.082306 -0.006206 -0.081115
v -0.082552 -0.006366 -0.081210
v -0.082892 -0.004421 -0.083272
v -0.081562 -0.008148 -0.079150
v -0.081974 -0.006341 -0.081330
v -0.082219 -0.006241 -0.081171
v -0.082717 -0.004400 -0.083295
v -0.081412 -0.008469 -0.079501
v -0.082103 -0.006641 -0.081591
v -0.082008 -0.006420 -0.081399
v -0.082664 -0.004513 -0.083420
v -0.081811 -0.008727 -0.079655
v -0.082210 -0.006654 -0.081577
v -0.082806 -0.004605 -0.083475
v -0.081960 -0.005619 -0.093871
v -0.082594 -0.006214 -0.096597
v -0.082328 -0.006369 -0.096602
v -0.082867 -0.007019 -0.099329
v -0.082233 -0.006424 -0.096603
v -0.082171 -0.005177 -0.093964
v -0.082519 -0.005824 -0.096729
v -0.082574 -0.006111 -0.096631
v -0.082941 -0.006861 -0.099362
v -0.081816 -0.004867 -0.094127
v -0.082112 -0.005794 -0.096817
v -0.082412 -0.005817 -0.096752
v -0.082815 -0.006751 -0.099419
v -0.081385 -0.005118 -0.094134
v -0.081935 -0.006165 -0.096738
v -0.082065 -0.005891 -0.096796
v -0.082662 -0.006841 -0.099421
v -0.081474 -0.005583 -0.093976
v -0.082013 -0.006233 -0.096703
v -0.082694 -0.007006 -0.099366
v -0.082145 -0.014261 -0.065609
v -0.082269 -0.007514 -0.084948
v -0.082073 -0.007985 -0.085111
v -0.082056 -0.001577 -0.104567
v -0.081931 -0.008324 -0.085228
v -0.081928 -0.013467 -0.065335
v -0.081560 -0.006959 -0.084758
v -0.081973 -0.007282 -0.084869
v -0.081901 -0.001006 -0.104371
v -0.081063 -0.013415 -0.065320
v -0.080782 -0.007425 -0.084921
v -0.081234 -0.007154 -0.084826
v -0.081279 -0.000969 -0.104360
v -0.080744 -0.014177 -0.065583
v -0.081011 -0.008269 -0.085211
v -0.080878 -0.007778 -0.085043
v -0.081049 -0.001517 -0.104549
v -0.081413 -0.014700 -0.065762
v -0.081396 -0.008292 -0.085218
v -0.081530 -0.001893 -0.104678
v -0.082055 0.000383 -0.105719
v -0.081913 0.000044 -0.105837
v -0.081815 0.001970 -0.107027
v -0.081816 0.000011 -0.105875
v -0.081740 0.000691 -0.105564
v -0.082037 0.000459 -0.105643
v -0.081894 0.002079 -0.106912
v -0.081307 0.000510 -0.105622
v -0.081632 0.000705 -0.105554
v -0.081768 0.002169 -0.106826
v -0.081353 0.000090 -0.105815
v -0.081257 0.000443 -0.105694
v -0.081611 0.002116 -0.106888
v -0.081431 0.000034 -0.105868
v -0.081639 0.001993 -0.107013
v -0.123787 0.017495 -0.106663
v -0.157390 0.035128 -0.122112
v -0.157426 0.034843 -0.122369
v -0.191039 0.052395 -0.137890
v -0.157436 0.034762 -0.122441
v -0.123532 0.018055 -0.106564
v -0.157109 0.035480 -0.122315
v -0.157328 0.035206 -0.122157
v -0.190967 0.052554 -0.137863
v -0.123212 0.018214 -0.107075
v -0.156980 0.035332 -0.122768
v -0.157080 0.035448 -0.122415
v -0.190876 0.052599 -0.138008
v -0.123270 0.017752 -0.107490
v -0.157183 0.034887 -0.122847
v -0.157025 0.035234 -0.122786
v -0.190893 0.052468 -0.138125
v -0.123626 0.017307 -0.107235
v -0.157239 0.034860 -0.122757
v -0.190994 0.052342 -0.138053
v 0.112644 -0.010936 -0.008569
v 0.146380 0.003317 -0.026939
v 0.146561 0.002983 -0.026876
v 0.180348 0.017141 -0.045229
v 0.146612 0.002888 -0.026859
v 0.112529 -0.010372 -0.008329
v 0.146464 0.003612 -0.026551
v 0.146399 0.003382 -0.026853
v 0.180315 0.017301 -0.045161
v 0.112816 -0.010336 -0.007777
v 0.146748 0.003364 -0.026230
v 0.146527 0.003557 -0.026480
v 0.180396 0.017311 -0.045004
v 0.113108 -0.010877 -0.007675
v 0.146839 0.002916 -0.026420
v 0.146768 0.003265 -0.026272
v 0.180479 0.017157 -0.044975
v 0.113002 -0.011248 -0.008164
v 0.146789 0.002910 -0.026517
v 0.180449 0.017052 -0.045115
v 0.118713 -0.008092 -0.009822
v 0.155101 0.009653 -0.003513
v 0.155220 0.009346 -0.003312
v 0.191642 0.027004 0.003054
v 0.155254 0.009259 -0.003255
v 0.118430 -0.007539 -0.009777
v 0.154889 0.009970 -0.003197
v 0.155054 0.009723 -0.003443
v 0.191561 0.027162 0.003066
v 0.118281 -0.007447 -0.009178
v 0.154911 0.009771 -0.002745
v 0.154894 0.009925 -0.003097
v 0.191519 0.027188 0.003236
v 0.118473 -0.007943 -0.008853
v 0.155136 0.009332 -0.002780
v 0.154961 0.009674 -0.002752
v 0.191574 0.027046 0.003329
v 0.118740 -0.008342 -0.009251
v 0.155162 0.009316 -0.002885
v 0.191650 0.026933 0.003216
v -0.064895 0.001381 0.125399
v -0.064380 0.003247 0.127506
v -0.064620 0.003117 0.127649
v -0.064190 0.004937 0.129807
v -0.064705 0.003070 0.127700
v -0.064760 0.001753 0.125096
v -0.064523 0.003575 0.127289
v -0.064418 0.003333 0.127449
v -0.064143 0.005069 0.129698
v -0.065170 0.002014 0.124981
v -0.064935 0.003600 0.127349
v -0.064631 0.003582 0.127305
v -0.064288 0.005161 0.129657
v -0.065558 0.001802 0.125213
v -0.065048 0.003288 0.127604
v -0.064965 0.003518 0.127416
v -0.064426 0.005086 0.129740
v -0.065388 0.001411 0.125471
v -0.064958 0.003231 0.127629
v -0.064365 0.004947 0.129833
v -0.066383 0.002807 0.140051
v -0.066282 0.002810 0.142910
v -0.066561 0.002679 0.142898
v -0.066559 0.002636 0.145752
v -0.066660 0.002632 0.142893
v -0.066144 0.003243 0.140085
v -0.066336 0.003224 0.142940
v -0.066296 0.002919 0.142918
v -0.066474 0.002791 0.145765
v -0.066486 0.003605 0.140109
v -0.066746 0.003301 0.142942
v -0.066443 0.003244 0.142940
v -0.066596 0.002920 0.145773
v -0.066937 0.003393 0.140089
v -0.066946 0.002936 0.142912
v -0.066799 0.003205 0.142934
v -0.066756 0.002844 0.145765
v -0.066873 0.002899 0.140053
v -0.066871 0.002856 0.142907
v -0.066733 0.002669 0.145752
v -0.067859 0.006009 0.150953
v -0.068748 0.007062 0.153460
v -0.068890 0.006791 0.153498
v -0.069829 0.007747 0.156019
v -0.068940 0.006694 0.153512
v -0.067918 0.006475 0.150786
v -0.069020 0.007326 0.153285
v -0.068819 0.007131 0.153414
v -0.069850 0.007912 0.155959
v -0.068385 0.006519 0.150615
v -0.069380 0.007121 0.153228
v -0.069115 0.007272 0.153270
v -0.070016 0.007928 0.155898
v -0.068613 0.006080 0.150677
v -0.069330 0.006731 0.153369
v -0.069367 0.007018 0.153265
v -0.070097 0.007772 0.155920
v -0.068288 0.005765 0.150886
v -0.069228 0.006721 0.153406
v -0.069982 0.007660 0.155995
v -0.063728 -0.002635 0.110996
v -0.067001 0.005009 0.151089
v -0.067256 0.004545 0.151173
v -0.070640 0.011985 0.191303
v -0.067367 0.004342 0.151209
v -0.063841 -0.001798 0.110798
v -0.067529 0.005545 0.150925
v -0.067162 0.005172 0.151039
v -0.070689 0.012351 0.191216
v -0.064691 -0.001658 0.110697
v -0.068223 0.005209 0.150944
v -0.067740 0.005443 0.150931
v -0.071061 0.012412 0.191172
v -0.065103 -0.002409 0.110833
v -0.068122 0.004465 0.151120
v -0.068192 0.004983 0.150997
v -0.071242 0.012084 0.191231
v -0.064508 -0.003013 0.111017
v -0.067892 0.004428 0.151147
v -0.070981 0.011820 0.191312
v -0.070335 0.012494 0.192167
v -0.070447 0.012291 0.192204
v -0.070198 0.012710 0.193095
v -0.070502 0.012201 0.192231
v -0.070568 0.012739 0.192105
v -0.070407 0.012576 0.192155
v -0.070214 0.012882 0.193056
v -0.070880 0.012597 0.192130
v -0.070669 0.012699 0.192124
v -0.070387 0.012924 0.193062
v -0.070839 0.012264 0.192207
v -0.070869 0.012491 0.192154
v -0.070477 0.012778 0.193106
v -0.070732 0.012239 0.192203
v -0.070360 0.012646 0.193126
v -0.080789 0.004306 0.122077
v -0.082636 0.005934 0.123534
v -0.082851 0.005820 0.123344
v -0.084774 0.007408 0.124734
v -0.082927 0.005780 0.123277
v -0.080470 0.004683 0.122146
v -0.082495 0.006292 0.123370
v -0.082599 0.006028 0.123491
v -0.084661 0.007542 0.124758
v -0.080516 0.004996 0.121760
v -0.082698 0.006358 0.123011
v -0.082548 0.006309 0.123276
v -0.084677 0.007654 0.124621
v -0.080863 0.004812 0.121453
v -0.082965 0.006042 0.122954
v -0.082768 0.006275 0.122996
v -0.084800 0.007588 0.124512
v -0.081032 0.004386 0.121649
v -0.082955 0.005974 0.123038
v -0.084860 0.007437 0.124582
v -0.094369 0.006262 0.127752
v -0.096996 0.006390 0.128876
v -0.097035 0.006108 0.128760
v -0.099676 0.006136 0.129843
v -0.097049 0.006007 0.128719
v -0.094432 0.006747 0.127660
v -0.097135 0.006665 0.128594
v -0.097032 0.006462 0.128802
v -0.099699 0.006308 0.129810
v -0.094636 0.006793 0.127207
v -0.097272 0.006453 0.128263
v -0.097171 0.006610 0.128507
v -0.099771 0.006325 0.129650
v -0.094699 0.006336 0.127019
v -0.097220 0.006045 0.128340
v -0.097259 0.006346 0.128283
v -0.099794 0.006162 0.129583
v -0.094534 0.006007 0.127356
v -0.097175 0.006035 0.128439
v -0.099735 0.006045 0.129703
v -0.102466 0.027879 0.165696
v -0.097856 0.043268 0.203388
v -0.098043 0.042966 0.203537
v -0.093487 0.058270 0.241272
v -0.098096 0.042881 0.203580
v -0.102539 0.028454 0.165464
v -0.098190 0.043619 0.203283
v -0.097930 0.043346 0.203365
v -0.093507 0.058433 0.241206
v -0.103146 0.028593 0.165481
v -0.098636 0.043447 0.203409
v -0.098289 0.043581 0.203311
v -0.093680 0.058473 0.241211
v -0.103449 0.028104 0.165723
v -0.098579 0.042991 0.203593
v -0.098623 0.043346 0.203450
v -0.093766 0.058334 0.241280
v -0.103028 0.027663 0.165856
v -0.098472 0.042967 0.203590
v -0.093647 0.058209 0.241317
v 0.088875 0.085128 -0.044644
v 0.104162 0.097787 -0.080488
v 0.104402 0.097486 -0.080496
v 0.119757 0.110060 -0.116342
v 0.104470 0.097401 -0.080498
v 0.088813 0.085719 -0.044454
v 0.104390 0.098159 -0.080255
v 0.104212 0.097869 -0.080436
v 0.119739 0.110227 -0.116288
v 0.089341 0.085887 -0.044168
v 0.104840 0.098002 -0.080120
v 0.104490 0.098125 -0.080225
v 0.119889 0.110275 -0.116207
v 0.089729 0.085399 -0.044181
v 0.104889 0.097534 -0.080271
v 0.104851 0.097899 -0.080154
v 0.120000 0.110137 -0.116210
v 0.089441 0.084931 -0.044475
v 0.104797 0.097504 -0.080321
v 0.119918 0.110004 -0.116294
v -0.068535 0.103349 0.101502
v -0.098883 0.127282 0.115105
v -0.099142 0.127018 0.114998
v -0.129564 0.150876 0.128570
v -0.099216 0.126943 0.114967
v -0.068218 0.103851 0.101312
v -0.098809 0.127588 0.114723
v -0.098867 0.127350 0.115020
v -0.129474 0.151019 0.128516
v -0.068385 0.103972 0.100723
v -0.099097 0.127438 0.114349
v -0.098873 0.127555 0.114640
v -0.129522 0.151054 0.128348
v -0.068805 0.103545 0.100550
v -0.099348 0.127040 0.114500
v -0.099153 0.127350 0.114382
v -0.129641 0.150932 0.128299
v -0.068897 0.103160 0.101032
v -0.099319 0.127018 0.114604
v -0.129667 0.150823 0.128436
v -0.053113 0.109527 -0.071704
v -0.089740 0.126418 -0.078906
v -0.089836 0.126122 -0.079133
v -0.126491 0.142929 -0.086399
v -0.089864 0.126038 -0.079197
v -0.052848 0.110091 -0.071697
v -0.089523 0.126762 -0.079188
v -0.089692 0.126495 -0.078969
v -0.126415 0.143090 -0.086397
v -0.052669 0.110227 -0.072279
v -0.089511 0.126594 -0.079654
v -0.089520 0.126725 -0.079291
v -0.126365 0.143129 -0.086563
v -0.052824 0.109748 -0.072646
v -0.089722 0.126146 -0.079659
v -0.089558 0.126495 -0.079655
v -0.126409 0.142992 -0.086667
v -0.053099 0.109315 -0.072290
v -0.089753 0.126122 -0.079557
v -0.126487 0.142869 -0.086566
v -0.055892 0.113071 -0.077019
v -0.046888 0.135744 -0.109939
v -0.046530 0.135603 -0.109938
v -0.037424 0.158236 -0.142858
v -0.046428 0.135563 -0.109938
v -0.056255 0.113527 -0.076799
v -0.046895 0.136149 -0.109656
v -0.046890 0.135834 -0.109876
v -0.037528 0.158366 -0.142796
v -0.055905 0.113897 -0.076441
v -0.046438 0.136220 -0.109479
v -0.046794 0.136165 -0.109617
v -0.037428 0.158472 -0.142694
v -0.055324 0.113670 -0.076440
v -0.046149 0.135857 -0.109654
v -0.046374 0.136139 -0.109518
v -0.037263 0.158407 -0.142693
v -0.055316 0.113159 -0.076797
v -0.046211 0.135792 -0.109717
v -0.037261 0.158261 -0.142795
v 0.002909 0.204996 0.018636
v -0.014067 0.233550 0.014087
v -0.014114 0.233458 0.013707
v -0.031104 0.261986 0.009053
v -0.014128 0.233432 0.013601
v 0.003290 0.205295 0.019051
v -0.013641 0.233814 0.014131
v -0.013974 0.233607 0.014097
v -0.030998 0.262069 0.009168
v 0.003782 0.205539 0.018726
v -0.013438 0.233861 0.013673
v -0.013597 0.233825 0.014032
v -0.030861 0.262137 0.009078
v 0.003706 0.205390 0.018111
v -0.013739 0.233624 0.013345
v -0.013504 0.233810 0.013601
v -0.030883 0.262096 0.008907
v 0.003166 0.205054 0.018055
v -0.013823 0.233582 0.013401
v -0.031033 0.262002 0.008891
v 0.003774 0.300040 0.018675
v 0.021171 0.324271 0.003363
v 0.021490 0.324040 0.003367
v 0.038975 0.348207 -0.011944
v 0.021579 0.323976 0.003368
v 0.003454 0.300485 0.019002
v 0.021170 0.324544 0.003786
v 0.021170 0.324330 0.003455
v 0.038886 0.348330 -0.011853
v 0.003773 0.300600 0.019542
v 0.021578 0.324419 0.004053
v 0.021259 0.324517 0.003844
v 0.038975 0.348362 -0.011703
v 0.004290 0.300227 0.019549
v 0.021831 0.324067 0.003795
v 0.021633 0.324342 0.003997
v 0.039119 0.348259 -0.011701
v 0.004291 0.299881 0.019013
v 0.021776 0.324048 0.003702
v 0.039119 0.348163 -0.011850
v 0.003987 0.311162 0.019708
v -0.005165 0.339522 0.035076
v -0.005543 0.339423 0.035026
v -0.014800 0.367756 0.050381
v -0.005648 0.339396 0.035013
v 0.004478 0.311471 0.019443
v -0.005021 0.339791 0.034675
v -0.005133 0.339581 0.034989
v -0.014664 0.367842 0.050307
v 0.004282 0.311712 0.018886
v -0.005415 0.339830 0.034364
v -0.005107 0.339799 0.034607
v -0.014718 0.367909 0.050153
v 0.003670 0.311552 0.018807
v -0.005803 0.339586 0.034573
v -0.005499 0.339777 0.034410
v -0.014888 0.367864 0.050131
v 0.003488 0.311212 0.019314
v -0.005769 0.339545 0.034669
v -0.014939 0.367770 0.050272
v 0.003690 0.322458 0.018922
v 0.001836 0.354527 0.009311
v 0.002133 0.354466 0.009059
v 0.000361 0.386518 -0.000622
v 0.002215 0.354449 0.008989
v 0.003546 0.322635 0.019517
v 0.002032 0.354675 0.009750
v 0.001879 0.354559 0.009406
v 0.000322 0.386567 -0.000456
v 0.004092 0.322760 0.019822
v 0.002534 0.354687 0.009700
v 0.002141 0.354677 0.009739
v 0.000474 0.386602 -0.000372
v 0.004573 0.322661 0.019415
v 0.002647 0.354548 0.009230
v 0.002558 0.354657 0.009598
v 0.000607 0.386574 -0.000485
v 0.004324 0.322475 0.018859
v 0.002553 0.354527 0.009178
v 0.000538 0.386523 -0.000639
v -0.077794 -0.121372 -0.180692
v -0.078262 -0.121405 -0.182047
v -0.078105 -0.121503 -0.182078
v -0.078481 -0.121593 -0.183451
v -0.078013 -0.121560 -0.182096
v -0.077914 -0.121093 -0.180691
v -0.078202 -0.121118 -0.182095
v -0.078240 -0.121299 -0.182065
v -0.078550 -0.121430 -0.183451
v -0.077696 -0.120897 -0.180772
v -0.077917 -0.121095 -0.182175
v -0.078097 -0.121110 -0.182125
v -0.078423 -0.121316 -0.183498
v -0.077442 -0.121055 -0.180823
v -0.077800 -0.121368 -0.182175
v -0.077874 -0.121196 -0.182175
v -0.078275 -0.121408 -0.183528
v -0.077503 -0.121349 -0.180773
v -0.077879 -0.121439 -0.182146
v -0.078311 -0.121579 -0.183499
v -0.077109 -0.123214 -0.195497
v -0.076694 -0.123750 -0.196760
v -0.076551 -0.123822 -0.196661
v -0.076053 -0.124400 -0.197866
v -0.076468 -0.123864 -0.196603
v -0.077196 -0.122975 -0.195664
v -0.076607 -0.123486 -0.196867
v -0.076662 -0.123653 -0.196800
v -0.076104 -0.124261 -0.197963
v -0.076966 -0.122778 -0.195673
v -0.076329 -0.123437 -0.196775
v -0.076504 -0.123468 -0.196833
v -0.075970 -0.124145 -0.197969
v -0.076736 -0.122894 -0.195512
v -0.076243 -0.123670 -0.196612
v -0.076297 -0.123523 -0.196715
v -0.075835 -0.124213 -0.197875
v -0.076824 -0.123163 -0.195404
v -0.076326 -0.123741 -0.196609
v -0.075887 -0.124370 -0.197811
v -0.077568 -0.123647 -0.206748
v -0.077504 -0.123389 -0.208157
v -0.077430 -0.123561 -0.208166
v -0.077323 -0.123404 -0.209580
v -0.077386 -0.123662 -0.208171
v -0.077502 -0.123351 -0.206724
v -0.077282 -0.123194 -0.208133
v -0.077422 -0.123317 -0.208148
v -0.077284 -0.123232 -0.209566
v -0.077201 -0.123323 -0.206707
v -0.077026 -0.123345 -0.208130
v -0.077188 -0.123250 -0.208132
v -0.077108 -0.123216 -0.209556
v -0.077080 -0.123601 -0.206721
v -0.077091 -0.123634 -0.208154
v -0.077050 -0.123452 -0.208139
v -0.077037 -0.123378 -0.209563
v -0.077307 -0.123801 -0.206746
v -0.077200 -0.123644 -0.208160
v -0.077170 -0.123495 -0.209578
v -0.163134 -0.084934 -0.158680
v -0.164360 -0.084236 -0.158426
v -0.164441 -0.084395 -0.158486
v -0.165714 -0.083790 -0.158267
v -0.164487 -0.084488 -0.158521
v -0.163034 -0.084661 -0.158769
v -0.164330 -0.084056 -0.158660
v -0.164349 -0.084170 -0.158512
v -0.165656 -0.083631 -0.158318
v -0.163083 -0.084635 -0.159067
v -0.164437 -0.084195 -0.158899
v -0.164369 -0.084107 -0.158749
v -0.165684 -0.083616 -0.158492
v -0.163212 -0.084892 -0.159164
v -0.164534 -0.084463 -0.158813
v -0.164473 -0.084294 -0.158867
v -0.165759 -0.083766 -0.158549
v -0.163244 -0.085077 -0.158925
v -0.164517 -0.084472 -0.158706
v -0.165778 -0.083874 -0.158409
v -0.176093 -0.083234 -0.166118
v -0.177297 -0.083399 -0.166878
v -0.177209 -0.083550 -0.166947
v -0.178362 -0.083804 -0.167748
v -0.177158 -0.083638 -0.166987
v -0.176143 -0.082938 -0.166162
v -0.177239 -0.083169 -0.167058
v -0.177276 -0.083314 -0.166944
v -0.178392 -0.083631 -0.167774
v -0.175997 -0.082854 -0.166415
v -0.177065 -0.083267 -0.167278
v -0.177174 -0.083205 -0.167139
v -0.178307 -0.083582 -0.167921
v -0.175856 -0.083099 -0.166526
v -0.177015 -0.083556 -0.167234
v -0.177047 -0.083373 -0.167262
v -0.178224 -0.083724 -0.167986
v -0.175915 -0.083333 -0.166343
v -0.177068 -0.083587 -0.167143
v -0.178259 -0.083861 -0.167879
v 0.154726 -0.106105 0.105658
v 0.155826 -0.105691 0.106479
v 0.155810 -0.105863 0.106553
v 0.156901 -0.105549 0.107418
v 0.155800 -0.105963 0.106597
v 0.154638 -0.105816 0.105687
v 0.155661 -0.105505 0.106642
v 0.155765 -0.105623 0.106539
v 0.156850 -0.105380 0.107434
v 0.154453 -0.105797 0.105927
v 0.155533 -0.105661 0.106860
v 0.155614 -0.105563 0.106722
v 0.156741 -0.105369 0.107575
v 0.154427 -0.106075 0.106047
v 0.155620 -0.105945 0.106832
v 0.155565 -0.105766 0.106849
v 0.156726 -0.105531 0.107645
v 0.154596 -0.106265 0.105881
v 0.155686 -0.105952 0.106745
v 0.156824 -0.105643 0.107548
v 0.163531 -0.106680 0.117723
v 0.164307 -0.107147 0.118835
v 0.164195 -0.107297 0.118825
v 0.164907 -0.107851 0.119930
v 0.164130 -0.107385 0.118819
v 0.163565 -0.106409 0.117855
v 0.164185 -0.106955 0.119027
v 0.164262 -0.107076 0.118905
v 0.164927 -0.107693 0.120007
v 0.163329 -0.106364 0.118040
v 0.163933 -0.107075 0.119128
v 0.164092 -0.106999 0.119064
v 0.164789 -0.107666 0.120115
v 0.163148 -0.106608 0.118023
v 0.163899 -0.107341 0.119000
v 0.163921 -0.107173 0.119081
v 0.164684 -0.107809 0.120105
v 0.163273 -0.106803 0.117828
v 0.163984 -0.107357 0.118933
v 0.164757 -0.107923 0.119991
v 0.170212 -0.106043 0.126826
v 0.170752 -0.105655 0.128097
v 0.170607 -0.105752 0.128166
v 0.171062 -0.105421 0.129477
v 0.170522 -0.105808 0.128206
v 0.170304 -0.105767 0.126739
v 0.170668 -0.105371 0.128068
v 0.170721 -0.105550 0.128086
v 0.171116 -0.105260 0.129426
v 0.170074 -0.105574 0.126780
v 0.170386 -0.105349 0.128161
v 0.170564 -0.105363 0.128102
v 0.170981 -0.105147 0.129449
v 0.169839 -0.105730 0.126892
v 0.170296 -0.105619 0.128246
v 0.170353 -0.105449 0.128192
v 0.170844 -0.105238 0.129515
v 0.169924 -0.106020 0.126921
v 0.170379 -0.105689 0.128232
v 0.170894 -0.105407 0.129532
v 0.173407 -0.090585 0.083066
v 0.189138 -0.083496 0.094118
v 0.189149 -0.083701 0.094231
v 0.204885 -0.076709 0.105335
v 0.189154 -0.083797 0.094283
v 0.173252 -0.090239 0.083072
v 0.188926 -0.083289 0.094292
v 0.189071 -0.083430 0.094173
v 0.204812 -0.076547 0.105338
v 0.173028 -0.090216 0.083378
v 0.188810 -0.083463 0.094566
v 0.188889 -0.083345 0.094379
v 0.204708 -0.076536 0.105480
v 0.173045 -0.090549 0.083560
v 0.188951 -0.083777 0.094560
v 0.188855 -0.083563 0.094564
v 0.204716 -0.076691 0.105565
v 0.173279 -0.090776 0.083368
v 0.189015 -0.083784 0.094472
v 0.204825 -0.076798 0.105475
v 0.178997 -0.088540 0.085252
v 0.198590 -0.082552 0.084990
v 0.198651 -0.082751 0.085097
v 0.218273 -0.076856 0.084885
v 0.198679 -0.082844 0.085147
v 0.178891 -0.088181 0.085309
v 0.198524 -0.082317 0.085231
v 0.198569 -0.082477 0.085066
v 0.218224 -0.076688 0.084912
v 0.178878 -0.088121 0.085684
v 0.198572 -0.082464 0.085539
v 0.198539 -0.082364 0.085329
v 0.218218 -0.076660 0.085086
v 0.178976 -0.088443 0.085858
v 0.198668 -0.082790 0.085487
v 0.198602 -0.082568 0.085522
v 0.218263 -0.076811 0.085168
v 0.179050 -0.088703 0.085591
v 0.198671 -0.082807 0.085379
v 0.218297 -0.076932 0.085043
v -0.148212 0.030122 -0.117994
v -0.149538 0.030430 -0.118444
v -0.149520 0.030271 -0.118543
v -0.150835 0.030487 -0.119052
v -0.149509 0.030179 -0.118601
v -0.148174 0.030423 -0.118003
v -0.149449 0.030656 -0.118615
v -0.149505 0.030513 -0.118507
v -0.150813 0.030663 -0.119057
v -0.148065 0.030495 -0.118276
v -0.149365 0.030545 -0.118878
v -0.149418 0.030615 -0.118712
v -0.150749 0.030705 -0.119217
v -0.148036 0.030239 -0.118437
v -0.149403 0.030250 -0.118870
v -0.149379 0.030436 -0.118875
v -0.150732 0.030556 -0.119311
v -0.148127 0.030008 -0.118262
v -0.149442 0.030224 -0.118771
v -0.150785 0.030421 -0.119209
v -0.157061 0.035259 -0.122754
v -0.158104 0.036004 -0.123395
v -0.158034 0.035930 -0.123552
v -0.159036 0.036633 -0.124285
v -0.157993 0.035888 -0.123644
v -0.157049 0.035498 -0.122568
v -0.157973 0.036267 -0.123349
v -0.158056 0.036101 -0.123378
v -0.159029 0.036772 -0.124176
v -0.156844 0.035693 -0.122678
v -0.157780 0.036313 -0.123570
v -0.157902 0.036284 -0.123431
v -0.158909 0.036886 -0.124241
v -0.156729 0.035574 -0.122933
v -0.157792 0.036078 -0.123752
v -0.157784 0.036226 -0.123637
v -0.158842 0.036817 -0.124390
v -0.156864 0.035305 -0.122979
v -0.157866 0.036008 -0.123712
v -0.158921 0.036660 -0.124417
v -0.161384 0.046724 -0.144171
v -0.178015 0.054810 -0.152996
v -0.177952 0.054712 -0.153199
v -0.194554 0.062751 -0.162119
v -0.177923 0.054666 -0.153294
v -0.161349 0.047036 -0.143958
v -0.177873 0.055123 -0.152982
v -0.177970 0.054909 -0.152991
v -0.194538 0.062897 -0.162019
v -0.161130 0.047283 -0.144146
v -0.177694 0.055172 -0.153271
v -0.177816 0.055138 -0.153074
v -0.194436 0.063012 -0.162107
v -0.161029 0.047123 -0.144475
v -0.177724 0.054889 -0.153465
v -0.177703 0.055082 -0.153333
v -0.194389 0.062937 -0.162261
v -0.161186 0.046778 -0.144491
v -0.177788 0.054818 -0.153410
v -0.194462 0.062776 -0.162268
v 0.124617 -0.005099 -0.015223
v 0.125398 -0.004149 -0.015960
v 0.125527 -0.004285 -0.015961
v 0.126383 -0.003415 -0.016698
v 0.125602 -0.004365 -0.015961
v 0.124519 -0.004854 -0.015073
v 0.125448 -0.003977 -0.015724
v 0.125416 -0.004086 -0.015873
v 0.126326 -0.003272 -0.016611
v 0.124699 -0.004813 -0.014832
v 0.125682 -0.004085 -0.015579
v 0.125534 -0.004017 -0.015670
v 0.126431 -0.003249 -0.016470
v 0.124908 -0.005033 -0.014833
v 0.125779 -0.004325 -0.015725
v 0.125718 -0.004173 -0.015633
v 0.126553 -0.003377 -0.016471
v 0.124857 -0.005210 -0.015075
v 0.125714 -0.004340 -0.015812
v 0.126524 -0.003480 -0.016612
v 0.137231 -0.000894 -0.021871
v 0.138281 -0.000763 -0.022838
v 0.138381 -0.000862 -0.022714
v 0.139490 -0.000788 -0.023608
v 0.138440 -0.000919 -0.022641
v 0.137157 -0.000614 -0.021961
v 0.138323 -0.000475 -0.022783
v 0.138297 -0.000657 -0.022818
v 0.139447 -0.000624 -0.023660
v 0.137301 -0.000417 -0.021780
v 0.138509 -0.000452 -0.022552
v 0.138392 -0.000466 -0.022698
v 0.139531 -0.000509 -0.023555
v 0.137463 -0.000576 -0.021578
v 0.138580 -0.000727 -0.022464
v 0.138535 -0.000553 -0.022520
v 0.139626 -0.000602 -0.023438
v 0.137420 -0.000871 -0.021635
v 0.138529 -0.000798 -0.022529
v 0.139600 -0.000775 -0.023471
v 0.146733 0.003569 -0.026346
v 0.147789 0.004536 -0.026410
v 0.147831 0.004473 -0.026239
v 0.148911 0.005403 -0.026203
v 0.147855 0.004436 -0.026139
v 0.146575 0.003779 -0.026499
v 0.147606 0.004768 -0.026380
v 0.147722 0.004622 -0.026399
v 0.148820 0.005526 -0.026292
v 0.146430 0.003953 -0.026297
v 0.147559 0.004812 -0.026090
v 0.147589 0.004784 -0.026273
v 0.148735 0.005627 -0.026174
v 0.146497 0.003850 -0.026019
v 0.147713 0.004606 -0.025941
v 0.147616 0.004736 -0.026035
v 0.148775 0.005568 -0.026012
v 0.146685 0.003613 -0.026050
v 0.147765 0.004543 -0.026014
v 0.148884 0.005429 -0.026030
v 0.131717 -0.001105 -0.007679
v 0.132777 -0.000154 -0.007848
v 0.132846 -0.000233 -0.007693
v 0.133947 0.000671 -0.007771
v 0.132886 -0.000279 -0.007602
v 0.131542 -0.000879 -0.007783
v 0.132609 0.000078 -0.007767
v 0.132715 -0.000069 -0.007818
v 0.133845 0.000803 -0.007832
v 0.131440 -0.000721 -0.007545
v 0.132615 0.000096 -0.007470
v 0.132611 0.000084 -0.007657
v 0.133785 0.000895 -0.007692
v 0.131552 -0.000849 -0.007293
v 0.132787 -0.000125 -0.007368
v 0.132679 0.000015 -0.007433
v 0.133850 0.000820 -0.007545
v 0.131723 -0.001086 -0.007376
v 0.132823 -0.000182 -0.007454
v 0.133950 0.000682 -0.007594
v 0.145185 0.004509 -0.005135
v 0.146599 0.004691 -0.005289
v 0.146608 0.004611 -0.005120
v 0.148027 0.004745 -0.005175
v 0.146613 0.004564 -0.005021
v 0.145167 0.004775 -0.005281
v 0.146585 0.004985 -0.005251
v 0.146594 0.004799 -0.005275
v 0.148017 0.004901 -0.005260
v 0.145163 0.004995 -0.005072
v 0.146591 0.005040 -0.004959
v 0.146587 0.005005 -0.005144
v 0.148014 0.005029 -0.005138
v 0.145177 0.004866 -0.004798
v 0.146608 0.004779 -0.004817
v 0.146598 0.004944 -0.004907
v 0.148022 0.004953 -0.004978
v 0.145191 0.004565 -0.004837
v 0.146610 0.004700 -0.004892
v 0.148030 0.004778 -0.005001
v 0.154995 0.009975 -0.002933
v 0.155755 0.010972 -0.002236
v 0.155781 0.010836 -0.002110
v 0.156556 0.011753 -0.001339
v 0.155797 0.010756 -0.002036
v 0.154817 0.010209 -0.003007
v 0.155515 0.011127 -0.002154
v 0.155666 0.011029 -0.002206
v 0.156452 0.011889 -0.001383
v 0.154598 0.010231 -0.002798
v 0.155408 0.011007 -0.001905
v 0.155476 0.011083 -0.002062
v 0.156325 0.011902 -0.001261
v 0.154641 0.010011 -0.002594
v 0.155583 0.010777 -0.001831
v 0.155472 0.010922 -0.001878
v 0.156350 0.011773 -0.001142
v 0.154887 0.009853 -0.002677
v 0.155662 0.010770 -0.001907
v 0.156493 0.011681 -0.001190
v 0.171524 0.018912 -0.021445
v 0.189998 0.027716 -0.020423
v 0.190072 0.027541 -0.020286
v 0.208581 0.036262 -0.019201
v 0.190106 0.027459 -0.020222
v 0.171364 0.019256 -0.021444
v 0.189872 0.027963 -0.020221
v 0.189958 0.027794 -0.020359
v 0.208506 0.036423 -0.019200
v 0.171298 0.019354 -0.021083
v 0.189902 0.027859 -0.019895
v 0.189882 0.027930 -0.020117
v 0.208476 0.036468 -0.019032
v 0.171418 0.019070 -0.020861
v 0.190047 0.027547 -0.019895
v 0.189948 0.027759 -0.019895
v 0.208532 0.036336 -0.018929
v 0.171557 0.018797 -0.021085
v 0.190066 0.027519 -0.019999
v 0.208596 0.036208 -0.019033
v -0.068205 0.008567 0.165517
v -0.067885 0.009319 0.166695
v -0.067973 0.009180 0.166784
v -0.067704 0.009851 0.168014
v -0.068024 0.009098 0.166836
v -0.068243 0.008841 0.165392
v -0.068085 0.009532 0.166638
v -0.067959 0.009397 0.166674
v -0.067726 0.010010 0.167941
v -0.068535 0.008918 0.165423
v -0.068347 0.009442 0.166744
v -0.068181 0.009499 0.166677
v -0.067897 0.010055 0.167959
v -0.068677 0.008692 0.165567
v -0.068310 0.009174 0.166867
v -0.068333 0.009343 0.166790
v -0.067980 0.009923 0.168044
v -0.068473 0.008475 0.165625
v -0.068204 0.009146 0.166855
v -0.067861 0.009797 0.168078
v -0.131310 0.013953 0.143679
v -0.132595 0.014103 0.144298
v -0.132635 0.013944 0.144207
v -0.133944 0.014001 0.144772
v -0.132659 0.013851 0.144154
v -0.131320 0.014256 0.143661
v -0.132675 0.014331 0.144124
v -0.132625 0.014187 0.144234
v -0.133950 0.014178 0.144761
v -0.131442 0.014330 0.143392
v -0.132788 0.014219 0.143873
v -0.132716 0.014290 0.144032
v -0.134021 0.014220 0.144605
v -0.131507 0.014072 0.143245
v -0.132779 0.013923 0.143891
v -0.132785 0.014110 0.143879
v -0.134059 0.014070 0.144519
v -0.131426 0.013839 0.143423
v -0.132734 0.013896 0.143988
v -0.134012 0.013935 0.144622
v -0.141690 0.016326 0.147561
v -0.142939 0.016993 0.147338
v -0.142926 0.016917 0.147167
v -0.144168 0.017540 0.146843
v -0.142919 0.016873 0.147067
v -0.141625 0.016573 0.147726
v -0.142816 0.017264 0.147328
v -0.142894 0.017093 0.147334
v -0.144130 0.017684 0.146939
v -0.141486 0.016773 0.147545
v -0.142720 0.017311 0.147051
v -0.142781 0.017281 0.147226
v -0.144050 0.017801 0.146833
v -0.141466 0.016651 0.147268
v -0.142784 0.017069 0.146889
v -0.142743 0.017222 0.146991
v -0.144038 0.017729 0.146672
v -0.141592 0.016374 0.147278
v -0.142834 0.016997 0.146955
v -0.144111 0.017568 0.146678
v -0.100834 0.034120 0.179166
v -0.100457 0.034963 0.180263
v -0.100611 0.034893 0.180344
v -0.100324 0.035696 0.181488
v -0.100701 0.034853 0.180391
v -0.100729 0.034349 0.178997
v -0.100534 0.035215 0.180123
v -0.100486 0.035056 0.180211
v -0.100263 0.035829 0.181389
v -0.100961 0.034535 0.178935
v -0.100825 0.035258 0.180165
v -0.100641 0.035231 0.180138
v -0.100398 0.035938 0.181353
v -0.101210 0.034421 0.179067
v -0.100928 0.035034 0.180332
v -0.100863 0.035176 0.180226
v -0.100543 0.035872 0.181430
v -0.101132 0.034165 0.179210
v -0.100844 0.034967 0.180354
v -0.100497 0.035722 0.181513
v -0.099218 0.038796 0.193129
v -0.098722 0.038958 0.194464
v -0.098882 0.038873 0.194513
v -0.098479 0.038985 0.195877
v -0.098975 0.038823 0.194542
v -0.099089 0.039066 0.193082
v -0.098770 0.039251 0.194468
v -0.098739 0.039066 0.194466
v -0.098403 0.039143 0.195850
v -0.099297 0.039280 0.193135
v -0.099052 0.039297 0.194548
v -0.098874 0.039268 0.194497
v -0.098524 0.039268 0.195880
v -0.099555 0.039142 0.193215
v -0.099179 0.039032 0.194593
v -0.099099 0.039199 0.194565
v -0.098675 0.039187 0.195926
v -0.099507 0.038842 0.193211
v -0.099104 0.038955 0.194574
v -0.098647 0.039012 0.195924
v -0.134260 0.053594 0.210656
v -0.141093 0.061202 0.228412
v -0.141233 0.061016 0.228435
v -0.148132 0.068537 0.246202
v -0.141299 0.060929 0.228446
v -0.134238 0.053946 0.210517
v -0.141267 0.061446 0.228243
v -0.141148 0.061280 0.228358
v -0.148122 0.068702 0.246137
v -0.134571 0.054029 0.210354
v -0.141580 0.061323 0.228173
v -0.141367 0.061407 0.228221
v -0.148277 0.068740 0.246061
v -0.134798 0.053727 0.210392
v -0.141600 0.061004 0.228298
v -0.141587 0.061222 0.228213
v -0.148383 0.068600 0.246079
v -0.134606 0.053458 0.210578
v -0.141504 0.060980 0.228345
v -0.148293 0.068474 0.246166
v -0.137918 0.056305 0.215499
v -0.155170 0.064455 0.222967
v -0.155292 0.064349 0.222797
v -0.172601 0.072449 0.230186
v -0.155349 0.064299 0.222718
v -0.137732 0.056623 0.215590
v -0.155077 0.064765 0.222852
v -0.155141 0.064554 0.222931
v -0.172515 0.072598 0.230229
v -0.137750 0.056859 0.215293
v -0.155197 0.064801 0.222531
v -0.155115 0.064776 0.222749
v -0.172523 0.072707 0.230090
v -0.137947 0.056686 0.215018
v -0.155365 0.064512 0.222448
v -0.155250 0.064709 0.222505
v -0.172615 0.072627 0.229961
v -0.138051 0.056344 0.215145
v -0.155360 0.064444 0.222534
v -0.172663 0.072467 0.230021
v 0.100089 0.094148 -0.070699
v 0.100549 0.094492 -0.072012
v 0.100649 0.094335 -0.071997
v 0.101168 0.094587 -0.073302
v 0.100708 0.094243 -0.071989
v 0.100095 0.094448 -0.070653
v 0.100717 0.094718 -0.071916
v 0.100611 0.094575 -0.071977
v 0.101171 0.094762 -0.073275
v 0.100367 0.094521 -0.070540
v 0.100980 0.094608 -0.071833
v 0.100814 0.094677 -0.071886
v 0.101330 0.094805 -0.073209
v 0.100529 0.094266 -0.070516
v 0.100974 0.094314 -0.071878
v 0.100978 0.094499 -0.071850
v 0.101425 0.094656 -0.073195
v 0.100357 0.094035 -0.070614
v 0.100876 0.094288 -0.071919
v 0.101325 0.094521 -0.073253
v 0.104816 0.097971 -0.080196
v 0.105550 0.098599 -0.081255
v 0.105699 0.098523 -0.081170
v 0.106521 0.099107 -0.082180
v 0.105786 0.098478 -0.081121
v 0.104644 0.098220 -0.080211
v 0.105513 0.098873 -0.081144
v 0.105536 0.098700 -0.081214
v 0.106420 0.099252 -0.082188
v 0.104755 0.098422 -0.080014
v 0.105727 0.098921 -0.080944
v 0.105592 0.098891 -0.081070
v 0.106485 0.099371 -0.082074
v 0.104996 0.098298 -0.079879
v 0.105895 0.098677 -0.080929
v 0.105789 0.098831 -0.080938
v 0.106626 0.099299 -0.081994
v 0.105034 0.098019 -0.079991
v 0.105855 0.098603 -0.081000
v 0.106648 0.099136 -0.082060
v 0.139415 0.125224 -0.080275
v 0.145614 0.135204 -0.097062
v 0.145762 0.135028 -0.097109
v 0.152030 0.144927 -0.113919
v 0.145832 0.134947 -0.097131
v 0.139380 0.125556 -0.080095
v 0.145780 0.135434 -0.096867
v 0.145667 0.135277 -0.097000
v 0.152014 0.145082 -0.113834
v 0.139711 0.125634 -0.079927
v 0.146100 0.135319 -0.096816
v 0.145882 0.135397 -0.096851
v 0.152169 0.145119 -0.113756
v 0.139951 0.125350 -0.080003
v 0.146132 0.135017 -0.096979
v 0.146110 0.135223 -0.096868
v 0.152281 0.144986 -0.113792
v 0.139768 0.125096 -0.080218
v 0.146036 0.134995 -0.097028
v 0.152195 0.144868 -0.113892
v -0.079209 0.112609 0.106342
v -0.079705 0.113803 0.106961
v -0.079868 0.113752 0.106884
v -0.080458 0.114917 0.107458
v -0.079963 0.113723 0.106838
v -0.078958 0.112773 0.106299
v -0.079564 0.113983 0.106771
v -0.079653 0.113869 0.106891
v -0.080311 0.115013 0.107433
v -0.078978 0.112907 0.106028
v -0.079736 0.114015 0.106531
v -0.079628 0.113995 0.106683
v -0.080323 0.115091 0.107275
v -0.079241 0.112825 0.105902
v -0.079982 0.113853 0.106572
v -0.079827 0.113955 0.106546
v -0.080477 0.115043 0.107201
v -0.079384 0.112641 0.106096
v -0.079975 0.113805 0.106670
v -0.080560 0.114935 0.107314
v -0.090792 0.120417 0.111138
v -0.092053 0.120453 0.111820
v -0.092117 0.120368 0.111666
v -0.093414 0.120354 0.112258
v -0.092154 0.120318 0.111576
v -0.090750 0.120687 0.111269
v -0.092087 0.120746 0.111784
v -0.092065 0.120561 0.111807
v -0.093390 0.120512 0.112335
v -0.090849 0.120901 0.111078
v -0.092209 0.120792 0.111517
v -0.092132 0.120763 0.111685
v -0.093447 0.120636 0.112223
v -0.090952 0.120763 0.110828
v -0.092251 0.120527 0.111388
v -0.092225 0.120694 0.111470
v -0.093508 0.120556 0.112077
v -0.090917 0.120464 0.110865
v -0.092215 0.120450 0.111457
v -0.093487 0.120381 0.112099
v -0.100693 0.137881 0.139294
v -0.115602 0.149310 0.147476
v -0.115757 0.149143 0.147421
v -0.130739 0.160494 0.155578
v -0.115830 0.149065 0.147396
v -0.100525 0.138197 0.139167
v -0.115583 0.149529 0.147210
v -0.115596 0.149380 0.147391
v -0.130660 0.160642 0.155519
v -0.100659 0.138272 0.138820
v -0.115799 0.149420 0.146967
v -0.115652 0.149494 0.147133
v -0.130723 0.160677 0.155357
v -0.100910 0.138002 0.138732
v -0.115952 0.149133 0.147080
v -0.115848 0.149328 0.147003
v -0.130841 0.160551 0.155315
v -0.100931 0.137760 0.139024
v -0.115913 0.149111 0.147181
v -0.130850 0.160438 0.155452
v -0.104112 0.141524 0.143285
v -0.111011 0.152657 0.159043
v -0.111223 0.152559 0.159017
v -0.118221 0.163646 0.174763
v -0.111321 0.152513 0.159005
v -0.103893 0.141816 0.143179
v -0.111000 0.152941 0.158850
v -0.111008 0.152747 0.158982
v -0.118119 0.163782 0.174714
v -0.104093 0.142032 0.142940
v -0.111305 0.152973 0.158692
v -0.111097 0.152951 0.158800
v -0.118212 0.163882 0.174602
v -0.104435 0.141874 0.142898
v -0.111503 0.152709 0.158788
v -0.111368 0.152889 0.158722
v -0.118372 0.163808 0.174582
v -0.104447 0.141560 0.143111
v -0.111445 0.152647 0.158857
v -0.118377 0.163662 0.174682
v -0.066222 0.116217 -0.074164
v -0.067318 0.117126 -0.074003
v -0.067373 0.117059 -0.074169
v -0.068502 0.117929 -0.074104
v -0.067406 0.117019 -0.074265
v -0.066062 0.116436 -0.074029
v -0.067152 0.117367 -0.074052
v -0.067257 0.117215 -0.074021
v -0.068408 0.118057 -0.074026
v -0.065947 0.116615 -0.074246
v -0.067136 0.117410 -0.074346
v -0.067146 0.117383 -0.074160
v -0.068341 0.118162 -0.074152
v -0.066036 0.116506 -0.074515
v -0.067293 0.117194 -0.074478
v -0.067194 0.117330 -0.074395
v -0.068393 0.118098 -0.074309
v -0.066206 0.116260 -0.074464
v -0.067335 0.117130 -0.074399
v -0.068493 0.117954 -0.074279
v -0.079735 0.121527 -0.077059
v -0.081160 0.121655 -0.076977
v -0.081158 0.121569 -0.077144
v -0.082582 0.121647 -0.077159
v -0.081157 0.121519 -0.077241
v -0.079735 0.121798 -0.076921
v -0.081157 0.121948 -0.077024
v -0.081159 0.121763 -0.076994
v -0.082582 0.121805 -0.077079
v -0.079729 0.122012 -0.077136
v -0.081152 0.121994 -0.077317
v -0.081155 0.121965 -0.077132
v -0.082579 0.121930 -0.077205
v -0.079726 0.121874 -0.077406
v -0.081151 0.121729 -0.077451
v -0.081152 0.121897 -0.077366
v -0.082577 0.121850 -0.077362
v -0.079729 0.121574 -0.077358
v -0.081153 0.121652 -0.077374
v -0.082579 0.121675 -0.077334
v -0.053090 0.121991 -0.088595
v -0.053574 0.123175 -0.089242
v -0.053461 0.123121 -0.089381
v -0.053879 0.124274 -0.090109
v -0.053395 0.123090 -0.089463
v -0.053107 0.122160 -0.088344
v -0.053422 0.123359 -0.089064
v -0.053518 0.123243 -0.089176
v -0.053889 0.124373 -0.089962
v -0.052838 0.122294 -0.088302
v -0.053148 0.123387 -0.089176
v -0.053321 0.123369 -0.089106
v -0.053732 0.124452 -0.089938
v -0.052655 0.122208 -0.088528
v -0.053131 0.123222 -0.089422
v -0.053142 0.123326 -0.089267
v -0.053625 0.124401 -0.090070
v -0.052810 0.122020 -0.088709
v -0.053229 0.123173 -0.089437
v -0.053716 0.124292 -0.090176
v -0.046368 0.136143 -0.109625
v -0.045706 0.137143 -0.110411
v -0.045567 0.137017 -0.110419
v -0.044823 0.137943 -0.111209
v -0.045486 0.136943 -0.110423
v -0.046475 0.136382 -0.109470
v -0.045655 0.137321 -0.110179
v -0.045687 0.137209 -0.110325
v -0.044886 0.138082 -0.111119
v -0.046285 0.136438 -0.109241
v -0.045404 0.137232 -0.110047
v -0.045563 0.137288 -0.110130
v -0.044775 0.138115 -0.110985
v -0.046060 0.136234 -0.109253
v -0.045300 0.136999 -0.110199
v -0.045366 0.137146 -0.110103
v -0.044644 0.137996 -0.110993
v -0.046112 0.136052 -0.109491
v -0.045368 0.136978 -0.110281
v -0.044674 0.137890 -0.111131
v -0.082014 0.147688 -0.119208
v -0.078230 0.158921 -0.135921
v -0.078087 0.158856 -0.135931
v -0.074203 0.170044 -0.152651
v -0.077987 0.158810 -0.135938
v -0.082145 0.147883 -0.119109
v -0.078210 0.159141 -0.135770
v -0.078222 0.159011 -0.135859
v -0.074295 0.170179 -0.152582
v -0.081983 0.148027 -0.118975
v -0.077955 0.159166 -0.135694
v -0.078105 0.159151 -0.135739
v -0.074182 0.170280 -0.152489
v -0.081751 0.147922 -0.118991
v -0.077817 0.158962 -0.135797
v -0.077898 0.159082 -0.135736
v -0.074021 0.170206 -0.152500
v -0.081771 0.147712 -0.119135
v -0.077887 0.158900 -0.135855
v -0.074034 0.170060 -0.152601
v -0.084845 0.151457 -0.123615
v -0.099949 0.163290 -0.130804
v -0.099929 0.163252 -0.130905
v -0.115012 0.175048 -0.138195
v -0.099909 0.163215 -0.131006
v -0.084803 0.151583 -0.123497
v -0.099825 0.163467 -0.130771
v -0.099887 0.163378 -0.130788
v -0.114971 0.175174 -0.138078
v -0.084683 0.151689 -0.123572
v -0.099709 0.163503 -0.130954
v -0.099767 0.163485 -0.130863
v -0.114851 0.175280 -0.138153
v -0.084651 0.151629 -0.123736
v -0.099761 0.163347 -0.131098
v -0.099735 0.163425 -0.131026
v -0.114819 0.175221 -0.138317
v -0.084751 0.151485 -0.123762
v -0.099835 0.163281 -0.131052
v -0.114919 0.175077 -0.138343
v -0.023678 0.188827 0.114794
v -0.024295 0.202118 0.130377
v -0.024423 0.201964 0.130500
v -0.025100 0.215184 0.146141
v -0.024482 0.201893 0.130558
v -0.023698 0.189117 0.114551
v -0.024512 0.202318 0.130200
v -0.024364 0.202181 0.130321
v -0.025109 0.215319 0.146027
v -0.024064 0.189185 0.114479
v -0.024833 0.202217 0.130272
v -0.024614 0.202286 0.130223
v -0.025280 0.215350 0.145993
v -0.024271 0.188937 0.114678
v -0.024814 0.201954 0.130492
v -0.024827 0.202134 0.130342
v -0.025376 0.215235 0.146086
v -0.024032 0.188715 0.114873
v -0.024709 0.201935 0.130513
v -0.025265 0.215132 0.146177
v -0.025369 0.192749 0.119848
v -0.038981 0.205064 0.128954
v -0.039150 0.204970 0.128822
v -0.052842 0.217242 0.137865
v -0.039230 0.204927 0.128760
v -0.025111 0.193027 0.119866
v -0.038851 0.205334 0.128786
v -0.038940 0.205150 0.128900
v -0.052721 0.217371 0.137874
v -0.025138 0.193232 0.119548
v -0.039020 0.205365 0.128488
v -0.038905 0.205344 0.128691
v -0.052734 0.217467 0.137725
v -0.025413 0.193082 0.119334
v -0.039254 0.205113 0.128472
v -0.039095 0.205285 0.128483
v -0.052862 0.217397 0.137625
v -0.025555 0.192783 0.119520
v -0.039247 0.205054 0.128563
v -0.052929 0.217257 0.137712
v 0.091516 0.222618 0.035233
v 0.106179 0.233792 0.026290
v 0.106334 0.233710 0.026446
v 0.121070 0.244846 0.017576
v 0.106406 0.233672 0.026519
v 0.091267 0.222896 0.035164
v 0.106041 0.234080 0.026418
v 0.106135 0.233884 0.026331
v 0.120954 0.244976 0.017544
v 0.091269 0.223132 0.035461
v 0.106183 0.234137 0.026726
v 0.106086 0.234098 0.026516
v 0.120955 0.245085 0.017683
v 0.091519 0.223000 0.035714
v 0.106408 0.233886 0.026788
v 0.106255 0.234057 0.026746
v 0.121072 0.245023 0.017801
v 0.091672 0.222682 0.035573
v 0.106407 0.233818 0.026703
v 0.121143 0.244875 0.017735
v 0.096190 0.227348 0.036117
v 0.109717 0.241640 0.041827
v 0.109792 0.241498 0.041997
v 0.123354 0.255724 0.047787
v 0.109827 0.241431 0.042077
v 0.095941 0.227622 0.036033
v 0.109462 0.241833 0.041954
v 0.109636 0.241702 0.041867
v 0.123238 0.255852 0.047747
v 0.095736 0.227693 0.036344
v 0.109415 0.241745 0.042283
v 0.109447 0.241805 0.042059
v 0.123142 0.255885 0.047892
v 0.095857 0.227463 0.036620
v 0.109640 0.241496 0.042359
v 0.109487 0.241665 0.042307
v 0.123198 0.255778 0.048021
v 0.096138 0.227249 0.036480
v 0.109700 0.241475 0.042269
v 0.123329 0.255678 0.047956
v -0.027798 0.256419 0.009854
v -0.033270 0.272634 -0.001413
v -0.033173 0.272586 -0.001528
v -0.038577 0.288768 -0.012874
v -0.033105 0.272553 -0.001607
v -0.027814 0.256561 0.010065
v -0.033133 0.272795 -0.001250
v -0.033214 0.272700 -0.001347
v -0.038588 0.288867 -0.012728
v -0.027586 0.256667 0.010106
v -0.032883 0.272813 -0.001343
v -0.033030 0.272802 -0.001288
v -0.038430 0.288941 -0.012700
v -0.027429 0.256590 0.009921
v -0.032866 0.272664 -0.001564
v -0.032876 0.272752 -0.001434
v -0.038320 0.288887 -0.012828
v -0.027560 0.256436 0.009765
v -0.032964 0.272618 -0.001581
v -0.038411 0.288780 -0.012936
v -0.031008 0.261948 0.009117
v -0.044469 0.274213 0.018507
v -0.044548 0.274177 0.018440
v -0.058088 0.286406 0.027764
v -0.044627 0.274140 0.018374
v -0.030883 0.262072 0.009136
v -0.044376 0.274388 0.018413
v -0.044423 0.274301 0.018460
v -0.057963 0.286530 0.027783
v -0.030886 0.262177 0.008994
v -0.044476 0.274423 0.018222
v -0.044426 0.274405 0.018317
v -0.057966 0.286634 0.027641
v -0.031014 0.262118 0.008886
v -0.044631 0.274270 0.018197
v -0.044554 0.274347 0.018209
v -0.058094 0.286575 0.027533
v -0.031089 0.261976 0.008962
v -0.044629 0.274205 0.018286
v -0.058169 0.286434 0.027609
v 0.031382 0.269485 0.010289
v 0.041876 0.287080 0.010675
v 0.041949 0.287029 0.010892
v 0.052477 0.304601 0.011380
v 0.041983 0.287006 0.010994
v 0.031110 0.269656 0.010088
v 0.041583 0.287257 0.010699
v 0.041783 0.287136 0.010682
v 0.052349 0.304681 0.011286
v 0.030858 0.269801 0.010333
v 0.041507 0.287293 0.011033
v 0.041559 0.287268 0.010806
v 0.052232 0.304749 0.011400
v 0.030976 0.269720 0.010684
v 0.041755 0.287138 0.011215
v 0.041586 0.287243 0.011091
v 0.052286 0.304711 0.011564
v 0.031300 0.269524 0.010657
v 0.041828 0.287096 0.011145
v 0.052438 0.304619 0.011552
v 0.033973 0.275270 0.009252
v 0.039822 0.292778 0.000360
v 0.040021 0.292674 0.000291
v 0.045964 0.310134 -0.008634
v 0.040114 0.292626 0.000259
v 0.033812 0.275469 0.009532
v 0.039878 0.292919 0.000669
v 0.039840 0.292823 0.000458
v 0.045888 0.310227 -0.008503
v 0.034072 0.275521 0.009804
v 0.040204 0.292854 0.000759
v 0.039982 0.292898 0.000697
v 0.046010 0.310252 -0.008376
v 0.034393 0.275354 0.009692
v 0.040350 0.292673 0.000505
v 0.040250 0.292796 0.000678
v 0.046160 0.310173 -0.008428
v 0.034332 0.275198 0.009351
v 0.040275 0.292658 0.000427
v 0.046132 0.310101 -0.008587
v -0.014435 0.271216 0.056741
v -0.028874 0.283670 0.064242
v -0.029037 0.283512 0.064183
v -0.043553 0.295893 0.071657
v -0.029114 0.283439 0.064156
v -0.014242 0.271519 0.056619
v -0.028831 0.283884 0.063977
v -0.028860 0.283738 0.064158
v -0.043463 0.296035 0.071600
v -0.014358 0.271597 0.056267
v -0.029044 0.283785 0.063725
v -0.028899 0.283852 0.063896
v -0.043517 0.296072 0.071435
v -0.014623 0.271343 0.056171
v -0.029219 0.283510 0.063836
v -0.029100 0.283698 0.063760
v -0.043641 0.295953 0.071390
v -0.014670 0.271107 0.056464
v -0.029186 0.283487 0.063938
v -0.043663 0.295842 0.071527
v -0.016218 0.275866 0.060713
v -0.013605 0.291209 0.074041
v -0.013794 0.291136 0.074159
v -0.011269 0.306445 0.087541
v -0.013882 0.291102 0.074214
v -0.016100 0.276094 0.060433
v -0.013709 0.291436 0.073803
v -0.013638 0.291281 0.073965
v -0.011214 0.306551 0.087411
v -0.016403 0.276271 0.060289
v -0.014050 0.291469 0.073830
v -0.013817 0.291446 0.073812
v -0.011356 0.306634 0.087344
v -0.016709 0.276153 0.060480
v -0.014157 0.291263 0.074083
v -0.014084 0.291403 0.073910
v -0.011498 0.306578 0.087433
v -0.016595 0.275903 0.060742
v -0.014070 0.291212 0.074125
v -0.011445 0.306462 0.087555
v -0.093711 -0.107102 -0.156624
v -0.090369 -0.110994 -0.161102
v -0.092052 -0.117178 -0.160966
v -0.084986 -0.103733 -0.161352
v -0.083327 -0.113809 -0.165694
v -0.095849 -0.110169 -0.143115
v -0.093470 -0.106039 -0.144519
v -0.091526 -0.106803 -0.149214
v -0.093981 -0.102218 -0.137585
v -0.089615 -0.098843 -0.143749
v -0.093427 -0.106031 -0.144585
v -0.087326 -0.124794 -0.141246
v -0.088794 -0.123129 -0.137431
v -0.088659 -0.116699 -0.137758
v -0.088016 -0.129893 -0.132585
v -0.089349 -0.121798 -0.129097
v -0.078217 -0.122648 -0.149201
v -0.078474 -0.127181 -0.147806
v -0.082028 -0.125614 -0.143773
v -0.074353 -0.131139 -0.151871
v -0.078164 -0.134105 -0.146444
v -0.072604 -0.109434 -0.143170
v -0.068954 -0.113364 -0.147482
v -0.070952 -0.119466 -0.147493
v -0.063302 -0.106134 -0.147530
v -0.061650 -0.116166 -0.151853
v -0.072207 -0.136419 -0.175720
v -0.077281 -0.139978 -0.172900
v -0.083127 -0.137710 -0.174232
v -0.070440 -0.143265 -0.167985
v -0.081360 -0.144556 -0.166497
v -0.070982 -0.122456 -0.175646
v -0.067479 -0.125404 -0.173714
v -0.069644 -0.129892 -0.172463
v -0.061715 -0.119964 -0.173367
v -0.060389 -0.127470 -0.170151
v -0.067491 -0.125474 -0.173682
v -0.084315 -0.117620 -0.166220
v -0.081561 -0.114307 -0.167178
v -0.075542 -0.116583 -0.167415
v -0.086510 -0.107827 -0.165344
v -0.077737 -0.106790 -0.166539
v -0.084703 -0.127189 -0.158529
v -0.088588 -0.124465 -0.158346
v -0.085865 -0.120587 -0.161327
v -0.093598 -0.127739 -0.154692
v -0.094760 -0.121137 -0.157490
v -0.070268 -0.126414 -0.152740
v -0.075327 -0.129854 -0.149588
v -0.081140 -0.127699 -0.151258
v -0.068453 -0.132985 -0.144375
v -0.079326 -0.134271 -0.142894
v 0.156031 -0.123741 0.102683
v 0.160630 -0.118962 0.101142
v 0.159988 -0.113532 0.104489
v 0.161839 -0.124350 0.093981
v 0.165797 -0.114141 0.095787
v 0.142228 -0.121689 0.103997
v 0.144095 -0.124926 0.100722
v 0.148924 -0.123541 0.099644
v 0.137357 -0.128866 0.099301
v 0.144123 -0.130713 0.094913
v 0.144165 -0.124920 0.100687
v 0.140515 -0.105263 0.099838
v 0.136658 -0.107356 0.100309
v 0.137336 -0.113465 0.098387
v 0.131573 -0.100752 0.100926
v 0.128394 -0.108953 0.099475
v 0.149504 -0.104526 0.091501
v 0.147853 -0.100290 0.092872
v 0.143550 -0.102896 0.095330
v 0.152122 -0.095230 0.090560
v 0.146168 -0.093600 0.094390
v 0.144816 -0.115668 0.081683
v 0.149281 -0.110767 0.079840
v 0.148755 -0.105505 0.083481
v 0.150318 -0.116050 0.072408
v 0.154257 -0.105887 0.074206
v 0.160554 0.003053 -0.035978
v 0.158853 -0.002824 -0.038965
v 0.154257 -0.002274 -0.043400
v 0.163364 -0.006174 -0.031881
v 0.157067 -0.011502 -0.039303
v 0.151578 0.012595 -0.030994
v 0.154993 0.010446 -0.028094
v 0.156309 0.005947 -0.030199
v 0.154574 0.015622 -0.022097
v 0.159335 0.008901 -0.021312
v 0.155022 0.010373 -0.028104
v 0.136476 0.005130 -0.033487
v 0.136218 0.008840 -0.031110
v 0.141536 0.009410 -0.027523
v 0.128010 0.010292 -0.031710
v 0.133069 0.014572 -0.025747
v 0.139888 -0.006545 -0.031779
v 0.135573 -0.006106 -0.033712
v 0.135692 -0.000653 -0.032447
v 0.133388 -0.012344 -0.036054
v 0.129191 -0.006452 -0.036722
v 0.145839 -0.005406 -0.017434
v 0.143936 -0.011427 -0.020171
v 0.139569 -0.010710 -0.024824
v 0.148242 -0.014867 -0.012833
v 0.141972 -0.020171 -0.020223
v -0.097215 0.052701 0.196429
v -0.102699 0.049918 0.199351
v -0.101489 0.044511 0.202576
v -0.106914 0.055608 0.193728
v -0.111189 0.047418 0.199875
v -0.087596 0.045841 0.188886
v -0.090193 0.049632 0.186995
v -0.094568 0.050087 0.189651
v -0.085532 0.050967 0.180715
v -0.092576 0.055234 0.181501
v -0.090266 0.049653 0.187016
v -0.093876 0.030019 0.188390
v -0.090373 0.030590 0.185766
v -0.090441 0.036598 0.183451
v -0.088372 0.022594 0.184381
v -0.084937 0.029174 0.179443
v -0.105842 0.032787 0.188316
v -0.104974 0.028199 0.189183
v -0.099667 0.029027 0.187603
v -0.110843 0.025061 0.191393
v -0.104668 0.021301 0.190679
v -0.106303 0.041843 0.175657
v -0.111938 0.038908 0.178300
v -0.110559 0.033689 0.181777
v -0.116252 0.044448 0.172391
v -0.120508 0.036294 0.178511
v -0.117590 0.118213 0.116731
v -0.115502 0.113171 0.120802
v -0.113011 0.115157 0.126365
v -0.116268 0.108464 0.113120
v -0.111689 0.105408 0.122754
v -0.110351 0.129832 0.113725
v -0.111871 0.126702 0.110178
v -0.112572 0.122071 0.112292
v -0.110838 0.131617 0.104036
v -0.113069 0.123778 0.102612
v -0.111882 0.126625 0.110187
v -0.095586 0.127182 0.121787
v -0.095537 0.130743 0.119179
v -0.099265 0.129637 0.114046
v -0.088726 0.134550 0.122173
v -0.092404 0.137005 0.114433
v -0.094964 0.114980 0.120532
v -0.091847 0.116714 0.123667
v -0.092980 0.121858 0.121770
v -0.089007 0.111452 0.127330
v -0.087023 0.118329 0.128568
v -0.095761 0.113954 0.105014
v -0.093367 0.108828 0.108932
v -0.091201 0.110912 0.114606
v -0.093838 0.104089 0.101088
v -0.089279 0.101047 0.110680
v -0.033974 0.202601 0.122773
v -0.033600 0.197844 0.127630
v -0.027820 0.197332 0.130356
v -0.041364 0.195242 0.123795
v -0.035211 0.189973 0.131379
v -0.024705 0.204473 0.112426
v -0.029501 0.203549 0.111512
v -0.031498 0.201150 0.115593
v -0.029490 0.205791 0.103901
v -0.036331 0.202426 0.107115
v -0.029549 0.203507 0.111558
v -0.013784 0.191637 0.114872
v -0.013080 0.193836 0.111110
v -0.018728 0.195871 0.108779
v -0.005367 0.191134 0.109358
v -0.010311 0.195368 0.103266
v -0.021692 0.183285 0.119182
v -0.017143 0.182081 0.119821
v -0.015682 0.186218 0.116343
v -0.016741 0.176598 0.124175
v -0.010731 0.179530 0.121336
v -0.031755 0.182910 0.107303
v -0.031359 0.177862 0.111963
v -0.025628 0.177664 0.114853
v -0.039080 0.175010 0.107906
v -0.032954 0.169764 0.115456
v 0.133646 0.266156 0.015477
v 0.137180 0.262598 0.010872
v 0.134196 0.261909 0.005240
v 0.141892 0.260309 0.018243
v 0.142442 0.256063 0.008006
v 0.120087 0.264367 0.018547
v 0.123634 0.263937 0.022000
v 0.128061 0.262810 0.019648
v 0.118882 0.264401 0.028337
v 0.126930 0.262822 0.029425
v 0.123708 0.263914 0.021988
v 0.115833 0.251011 0.008875
v 0.112662 0.252195 0.011709
v 0.115390 0.254422 0.017100
v 0.106196 0.248127 0.008319
v 0.105753 0.251539 0.016544
v 0.126545 0.245012 0.009202
v 0.123560 0.243361 0.005899
v 0.119473 0.246373 0.008257
v 0.126970 0.238986 0.001609
v 0.119898 0.240347 0.000663
v 0.128113 0.243397 0.024611
v 0.131592 0.239511 0.020121
v 0.128661 0.239169 0.014419
v 0.136206 0.236926 0.027621
v 0.136754 0.232698 0.017429
v -0.064917 0.309583 0.033513
v -0.069979 0.306363 0.036733
v -0.068270 0.303726 0.042321
v -0.073809 0.307064 0.028572
v -0.077162 0.301207 0.037380
v -0.051971 0.304578 0.031559
v -0.054873 0.305897 0.027748
v -0.059771 0.305661 0.029280
v -0.049165 0.306215 0.022246
v -0.057044 0.307296 0.019965
v -0.054951 0.305895 0.027746
v -0.053025 0.288912 0.038154
v -0.049225 0.289664 0.036038
v -0.050331 0.293618 0.031078
v -0.044704 0.283300 0.039023
v -0.042010 0.288006 0.031947
v -0.064714 0.286481 0.035270
v -0.062861 0.283408 0.038381
v -0.057795 0.285508 0.037258
v -0.067963 0.279450 0.041115
v -0.061044 0.278477 0.043102
v -0.064024 0.288504 0.019845
v -0.069098 0.284984 0.022881
v -0.067363 0.282672 0.028614
v -0.072892 0.285405 0.014535
v -0.076231 0.279573 0.023304
v -0.066113 -0.125567 -0.218457
v -0.060479 -0.126480 -0.214745
v -0.059958 -0.132328 -0.212169
v -0.060305 -0.117454 -0.215250
v -0.054151 -0.124216 -0.208962
v -0.079099 -0.129220 -0.214654
v -0.077922 -0.124525 -0.215779
v -0.072869 -0.123909 -0.215083
v -0.085336 -0.121858 -0.216699
v -0.079035 -0.116513 -0.217118
v -0.077851 -0.124492 -0.215769
v -0.076805 -0.135111 -0.198840
v -0.081057 -0.134734 -0.199963
v -0.081749 -0.129679 -0.203892
v -0.084487 -0.139444 -0.193972
v -0.089432 -0.134012 -0.199024
v -0.067606 -0.127719 -0.195436
v -0.068275 -0.131378 -0.192484
v -0.073148 -0.132399 -0.195044
v -0.062870 -0.131848 -0.188042
v -0.068412 -0.136528 -0.187650
v -0.074408 -0.113910 -0.197788
v -0.068865 -0.114656 -0.193778
v -0.068281 -0.120641 -0.191527
v -0.068826 -0.105483 -0.194011
v -0.062699 -0.112214 -0.187751
v 0.149704 -0.092039 0.085729
v 0.146052 -0.092981 0.091398
v 0.146866 -0.098731 0.094113
v 0.141727 -0.085711 0.088206
v 0.138889 -0.092403 0.096590
v 0.150838 -0.101130 0.075122
v 0.149106 -0.096522 0.074448
v 0.147273 -0.094806 0.078932
v 0.149845 -0.096350 0.066551
v 0.146241 -0.089983 0.070414
v 0.149068 -0.096479 0.074502
v 0.140327 -0.113666 0.079851
v 0.141848 -0.114124 0.075733
v 0.142606 -0.108289 0.073116
v 0.139952 -0.122162 0.074449
v 0.142232 -0.116785 0.067713
v 0.131936 -0.106909 0.085750
v 0.131512 -0.111569 0.086560
v 0.135076 -0.112505 0.082345
v 0.127063 -0.112648 0.091872
v 0.130202 -0.118244 0.088467
v 0.127934 -0.097187 0.074261
v 0.123965 -0.098195 0.079791
v 0.125109 -0.103851 0.082608
v 0.119360 -0.091005 0.076428
v 0.116535 -0.097669 0.084775
v 0.171090 0.001079 -0.009201
v 0.170579 0.006978 -0.012562
v 0.170404 0.012146 -0.008772
v 0.168303 0.001393 -0.019298
v 0.167617 0.012460 -0.018869
v 0.163497 -0.002654 0.001975
v 0.163507 -0.005344 -0.002203
v 0.164853 -0.002281 -0.006103
v 0.160344 -0.011936 0.000878
v 0.161712 -0.011535 -0.007272
v 0.163518 -0.005316 -0.002276
v 0.152792 0.010474 0.003728
v 0.151841 0.007079 0.006383
v 0.153343 0.001583 0.003383
v 0.146736 0.010928 0.011766
v 0.147287 0.002036 0.011421
v 0.151488 0.013386 -0.008133
v 0.149815 0.016709 -0.005181
v 0.150260 0.013033 -0.000982
v 0.148450 0.022580 -0.008764
v 0.147221 0.022227 -0.001613
v 0.146373 -0.000275 -0.013582
v 0.145520 0.005622 -0.017024
v 0.145690 0.010743 -0.013154
v 0.142909 0.000008 -0.023797
v 0.142226 0.011026 -0.023370
v 0.254012 0.068666 -0.033074
v 0.254313 0.068052 -0.039848
v 0.249773 0.071321 -0.042979
v 0.259697 0.061134 -0.037631
v 0.255458 0.063789 -0.047537
v 0.242429 0.067526 -0.025263
v 0.246370 0.064584 -0.024551
v 0.249075 0.064410 -0.028915
v 0.244305 0.061916 -0.017370
v 0.251002 0.058777 -0.021077
v 0.246421 0.064562 -0.024606
v 0.230586 0.063402 -0.036785
v 0.229139 0.063141 -0.032623
v 0.233991 0.061269 -0.028827
v 0.220904 0.062950 -0.034038
v 0.224309 0.060817 -0.026080
v 0.237630 0.056819 -0.044394
v 0.233401 0.057943 -0.046239
v 0.231737 0.059549 -0.041140
v 0.233365 0.056517 -0.053105
v 0.227472 0.059247 -0.049851
v 0.242935 0.046137 -0.034381
v 0.243093 0.045204 -0.041198
v 0.238715 0.048780 -0.044243
v 0.248313 0.037990 -0.038979
v 0.244093 0.040633 -0.048841
v 0.104806 0.093438 -0.096688
v 0.102317 0.099773 -0.096521
v 0.106491 0.104174 -0.094444
v 0.094509 0.095283 -0.097314
v 0.096194 0.106019 -0.095069
v 0.112089 0.087236 -0.086443
v 0.107839 0.085322 -0.088164
v 0.105094 0.089113 -0.090286
v 0.108717 0.078068 -0.085074
v 0.101662 0.079985 -0.088947
v 0.107779 0.085363 -0.088195
v 0.111867 0.098980 -0.074113
v 0.113545 0.095111 -0.072809
v 0.110513 0.090355 -0.075916
v 0.117334 0.097554 -0.065772
v 0.115980 0.088929 -0.067575
v 0.100794 0.103799 -0.076356
v 0.103424 0.106416 -0.073392
v 0.106975 0.102112 -0.072932
v 0.100432 0.112695 -0.072500
v 0.106613 0.111009 -0.069075
v 0.092103 0.090935 -0.075139
v 0.089422 0.097256 -0.074678
v 0.093781 0.101623 -0.072904
v 0.081461 0.092717 -0.075173
v 0.083139 0.103405 -0.072938
v 0.140065 0.133573 -0.090576
v 0.139558 0.137946 -0.085382
v 0.144195 0.137352 -0.080996
v 0.131218 0.138885 -0.088748
v 0.135348 0.142664 -0.079167
v 0.142529 0.119818 -0.089480
v 0.138456 0.121580 -0.091714
v 0.137527 0.126300 -0.089909
v 0.136417 0.114880 -0.095443
v 0.131378 0.121430 -0.095854
v 0.138419 0.121648 -0.091697
v 0.142742 0.117428 -0.072620
v 0.142858 0.113662 -0.074919
v 0.139424 0.114392 -0.080317
v 0.145370 0.108446 -0.068892
v 0.142052 0.105410 -0.076589
v 0.134431 0.125899 -0.069453
v 0.136907 0.124217 -0.065766
v 0.138835 0.120134 -0.069077
v 0.135742 0.128208 -0.060120
v 0.140146 0.122443 -0.059744
v 0.122359 0.120955 -0.077957
v 0.121598 0.125174 -0.072574
v 0.126471 0.124717 -0.068418
v 0.113031 0.125922 -0.075778
v 0.117143 0.129684 -0.066239
v -0.035031 0.142786 -0.130217
v -0.040088 0.139298 -0.133151
v -0.045661 0.142458 -0.133382
v -0.034338 0.132451 -0.131804
v -0.044968 0.132122 -0.134969
v -0.035899 0.149859 -0.118146
v -0.032622 0.146182 -0.118798
v -0.034363 0.143097 -0.122520
v -0.027990 0.147897 -0.112589
v -0.026462 0.141073 -0.117011
v -0.032631 0.146120 -0.118845
v -0.051760 0.146430 -0.112981
v -0.049362 0.148567 -0.109953
v -0.043220 0.146694 -0.110437
v -0.055500 0.151146 -0.104901
v -0.046960 0.151410 -0.102357
v -0.052721 0.135021 -0.117426
v -0.056875 0.136862 -0.116046
v -0.054068 0.140997 -0.113522
v -0.062127 0.132813 -0.118325
v -0.063474 0.138789 -0.114421
v -0.040526 0.128458 -0.110305
v -0.045672 0.124751 -0.112977
v -0.051110 0.128131 -0.113457
v -0.039990 0.117732 -0.111348
v -0.050573 0.117405 -0.114499
v -0.056708 0.223008 0.150838
v -0.052577 0.228048 0.148865
v -0.054435 0.231007 0.143491
v -0.047053 0.224020 0.154785
v -0.044780 0.232020 0.147438
v -0.061885 0.212957 0.142552
v -0.059128 0.211897 0.146548
v -0.056215 0.215985 0.147641
v -0.061049 0.204215 0.147044
v -0.055322 0.207288 0.152163
v -0.059072 0.211942 0.146578
v -0.054439 0.216285 0.127602
v -0.056666 0.212474 0.127634
v -0.056266 0.209858 0.133504
v -0.057190 0.211116 0.119403
v -0.059016 0.204689 0.125306
v -0.043731 0.220597 0.131795
v -0.044429 0.221452 0.127176
v -0.048740 0.217881 0.127288
v -0.039632 0.226016 0.124868
v -0.044640 0.223301 0.120361
v -0.039196 0.208368 0.140304
v -0.034802 0.213223 0.138187
v -0.036933 0.216333 0.132990
v -0.029062 0.208983 0.143957
v -0.026798 0.216948 0.136643
v 0.116030 0.249537 0.020724
v 0.120059 0.247721 0.025903
v 0.123600 0.242500 0.024761
v 0.114609 0.253391 0.030366
v 0.122179 0.246353 0.034403
v 0.107819 0.240912 0.013331
v 0.105977 0.244822 0.015782
v 0.109229 0.246045 0.019567
v 0.098933 0.245024 0.012137
v 0.100373 0.250188 0.018438
v 0.106007 0.244854 0.015848
v 0.109985 0.226013 0.021290
v 0.106794 0.225917 0.018242
v 0.103903 0.231668 0.018047
v 0.105956 0.217645 0.017388
v 0.099873 0.223299 0.014144
v 0.111518 0.230235 0.032721
v 0.112712 0.225666 0.032224
v 0.110233 0.225688 0.027204
v 0.116140 0.223485 0.037939
v 0.114855 0.218938 0.032421
v 0.098212 0.238165 0.034333
v 0.102007 0.236193 0.039724
v 0.105750 0.231159 0.038352
v 0.096308 0.241702 0.044347
v 0.103845 0.234696 0.048367
v 0.127478 0.258468 0.033271
v 0.122242 0.262777 0.033882
v 0.120680 0.264158 0.039945
v 0.121115 0.260518 0.025200
v 0.114317 0.266208 0.031874
v 0.129134 0.246538 0.040440
v 0.128962 0.246608 0.035474
v 0.126449 0.250839 0.033997
v 0.131950 0.239353 0.034296
v 0.129226 0.243707 0.027809
v 0.128923 0.246660 0.035431
v 0.114762 0.245658 0.049533
v 0.117219 0.242001 0.049793
v 0.120224 0.241087 0.044171
v 0.113698 0.238448 0.056490
v 0.119160 0.233877 0.051128
v 0.107154 0.250950 0.041473
v 0.105289 0.250512 0.045818
v 0.109526 0.247108 0.047164
v 0.099386 0.254272 0.046245
v 0.101757 0.250431 0.051936
v 0.109355 0.241507 0.029288
v 0.103850 0.245599 0.029837
v 0.102587 0.247172 0.035932
v 0.102494 0.243094 0.021113
v 0.095726 0.248760 0.027757
v 0.019761 0.333794 -0.005319
v 0.020621 0.337045 0.000601
v 0.026184 0.335754 0.003515
v 0.011727 0.338355 -0.000371
v 0.018150 0.340315 0.008463
v 0.022184 0.320179 -0.007604
v 0.017716 0.322212 -0.008381
v 0.017341 0.326454 -0.005506
v 0.014710 0.316310 -0.012748
v 0.009838 0.322646 -0.010611
v 0.017687 0.322274 -0.008342
v 0.026494 0.314539 0.007876
v 0.025977 0.311302 0.004920
v 0.021334 0.312965 0.000778
v 0.029805 0.305090 0.008995
v 0.024645 0.303516 0.001897
v 0.019363 0.321950 0.014590
v 0.022640 0.319658 0.017152
v 0.023625 0.316369 0.012729
v 0.022967 0.322426 0.023587
v 0.027229 0.316845 0.021726
v 0.005488 0.318380 0.008487
v 0.006146 0.321434 0.014619
v 0.011882 0.320331 0.017283
v -0.002932 0.322518 0.013817
v 0.003462 0.324469 0.022613
v -0.022562 0.363019 0.047457
v -0.021209 0.359747 0.053273
v -0.015470 0.361121 0.055778
v -0.028214 0.354740 0.050512
v -0.021122 0.352842 0.058833
v -0.013846 0.364260 0.036550
v -0.018328 0.362163 0.036097
v -0.019790 0.360446 0.040714
v -0.018751 0.362473 0.028181
v -0.024733 0.358620 0.032401
v -0.018367 0.362124 0.036153
v -0.000448 0.354956 0.041441
v -0.000208 0.356289 0.037240
v -0.006145 0.356481 0.034756
v 0.007915 0.354922 0.035824
v 0.002217 0.356447 0.029139
v -0.006412 0.346413 0.047946
v -0.001715 0.346374 0.048643
v -0.001151 0.349772 0.044228
v -0.000176 0.342299 0.054138
v 0.005085 0.345658 0.050421
v -0.016090 0.341115 0.036956
v -0.014652 0.337525 0.042648
v -0.009029 0.339226 0.045240
v -0.021560 0.332236 0.039727
v -0.014499 0.330347 0.048011
v -0.004833 0.410606 -0.001270
v 0.001362 0.411215 0.001489
v 0.006172 0.410510 -0.002691
v -0.003403 0.410166 0.009102
v 0.007602 0.410070 0.007682
v -0.008904 0.400500 -0.010089
v -0.011206 0.401279 -0.005756
v -0.007932 0.403644 -0.002580
v -0.017763 0.397117 -0.007377
v -0.016758 0.400290 0.000198
v -0.011173 0.401308 -0.005690
v 0.004849 0.390485 -0.010844
v 0.001322 0.388763 -0.012863
v -0.003992 0.390562 -0.009703
v 0.005086 0.382827 -0.017386
v -0.003755 0.382904 -0.016245
v 0.008894 0.392039 0.000649
v 0.012068 0.389953 -0.002201
v 0.008012 0.389227 -0.005991
v 0.018325 0.389778 0.000961
v 0.017443 0.386966 -0.005679
v -0.003770 0.387453 0.008467
v 0.002459 0.387747 0.011379
v 0.007187 0.387358 0.007052
v -0.002304 0.386379 0.019103
v 0.008653 0.386284 0.017688
v -0.080674 -0.131283 -0.205104
v -0.081586 -0.124792 -0.206947
v -0.076169 -0.121384 -0.207305
v -0.090146 -0.126807 -0.204840
v -0.085641 -0.116908 -0.207041
v -0.072674 -0.135724 -0.194486
v -0.077529 -0.136756 -0.194718
v -0.079801 -0.133216 -0.197669
v -0.077549 -0.142561 -0.189310
v -0.084731 -0.140008 -0.192527
v -0.077584 -0.136711 -0.194752
v -0.067301 -0.121132 -0.187543
v -0.066253 -0.124692 -0.185154
v -0.070920 -0.129085 -0.185775
v -0.060426 -0.121348 -0.180182
v -0.064045 -0.129301 -0.178414
v -0.077243 -0.114268 -0.189756
v -0.073462 -0.111730 -0.188408
v -0.070945 -0.116500 -0.186906
v -0.074686 -0.104911 -0.189492
v -0.068388 -0.107143 -0.186641
v -0.087995 -0.122927 -0.182553
v -0.089022 -0.116299 -0.184092
v -0.083509 -0.113072 -0.184744
v -0.097664 -0.118218 -0.181672
v -0.093178 -0.108363 -0.183864
v -0.078648 -0.120883 -0.231197
v -0.077237 -0.127544 -0.231225
v -0.082258 -0.131291 -0.229868
v -0.068771 -0.124378 -0.230948
v -0.072382 -0.134786 -0.229619
v -0.085898 -0.114097 -0.221305
v -0.081237 -0.112830 -0.222470
v -0.078923 -0.116908 -0.224571
v -0.081269 -0.105701 -0.218989
v -0.074239 -0.108560 -0.222283
v -0.081181 -0.112878 -0.222497
v -0.088873 -0.126339 -0.209845
v -0.090040 -0.122318 -0.208448
v -0.085973 -0.117977 -0.210913
v -0.094901 -0.124459 -0.201995
v -0.092001 -0.116097 -0.203063
v -0.078539 -0.132807 -0.211331
v -0.081854 -0.135101 -0.208822
v -0.084700 -0.130297 -0.208414
v -0.080019 -0.141828 -0.208077
v -0.086180 -0.139318 -0.205160
v -0.068083 -0.121645 -0.208399
v -0.066511 -0.128339 -0.208114
v -0.071677 -0.132008 -0.207075
v -0.057921 -0.125166 -0.207524
v -0.061515 -0.135529 -0.206201
v -0.157349 -0.107133 -0.159566
v -0.161731 -0.101965 -0.158890
v -0.160917 -0.097263 -0.163171
v -0.163059 -0.105911 -0.150863
v -0.166627 -0.096041 -0.154469
v -0.143494 -0.105935 -0.161313
v -0.145445 -0.108444 -0.157494
v -0.150200 -0.106685 -0.156657
v -0.138853 -0.112341 -0.155422
v -0.145628 -0.113077 -0.150731
v -0.145514 -0.108429 -0.157460
v -0.141066 -0.089115 -0.160215
v -0.137302 -0.091419 -0.160322
v -0.138200 -0.097044 -0.157318
v -0.131965 -0.085255 -0.162158
v -0.129099 -0.093184 -0.159261
v -0.149904 -0.086503 -0.152096
v -0.148102 -0.082658 -0.154223
v -0.143942 -0.085844 -0.156194
v -0.152133 -0.077088 -0.152843
v -0.146171 -0.076430 -0.156941
v -0.145535 -0.095869 -0.140447
v -0.149775 -0.090532 -0.139498
v -0.149088 -0.086043 -0.144037
v -0.150922 -0.094333 -0.131224
v -0.154474 -0.084507 -0.134814
v -0.161176 -0.103050 -0.165330
v -0.158412 -0.108878 -0.163147
v -0.160449 -0.110736 -0.157360
v -0.152636 -0.107086 -0.169869
v -0.151909 -0.114772 -0.161899
v -0.162496 -0.091299 -0.157805
v -0.159982 -0.091397 -0.162090
v -0.158438 -0.096221 -0.162955
v -0.159752 -0.083554 -0.163262
v -0.155655 -0.088538 -0.168442
v -0.159944 -0.091459 -0.162120
v -0.154752 -0.095371 -0.143194
v -0.155833 -0.091100 -0.143466
v -0.155336 -0.089196 -0.149598
v -0.155108 -0.088980 -0.135414
v -0.155693 -0.082805 -0.141818
v -0.146140 -0.102878 -0.147703
v -0.146565 -0.103118 -0.142979
v -0.149712 -0.098491 -0.143146
v -0.143000 -0.108653 -0.140565
v -0.146572 -0.104266 -0.136008
v -0.139315 -0.093184 -0.157799
v -0.136235 -0.098897 -0.155513
v -0.138591 -0.100836 -0.149863
v -0.130178 -0.096952 -0.162127
v -0.129454 -0.104605 -0.154191
v -0.185877 -0.069444 -0.159298
v -0.187229 -0.072410 -0.153320
v -0.183832 -0.070075 -0.148410
v -0.191053 -0.078540 -0.158756
v -0.189008 -0.079171 -0.147868
v -0.173099 -0.066812 -0.164421
v -0.176372 -0.069637 -0.166869
v -0.179722 -0.071551 -0.163476
v -0.172739 -0.069445 -0.173920
v -0.179419 -0.074228 -0.172942
v -0.176428 -0.069681 -0.166836
v -0.162901 -0.073700 -0.152648
v -0.160745 -0.072369 -0.156262
v -0.164544 -0.073193 -0.161396
v -0.152937 -0.072356 -0.153282
v -0.154580 -0.071849 -0.162030
v -0.170063 -0.083090 -0.149272
v -0.166427 -0.082333 -0.146313
v -0.164182 -0.078914 -0.150135
v -0.167344 -0.086061 -0.140444
v -0.161463 -0.081884 -0.141307
v -0.171919 -0.090002 -0.163103
v -0.173090 -0.093268 -0.157160
v -0.169883 -0.090631 -0.152263
v -0.176710 -0.099660 -0.162660
v -0.174674 -0.100289 -0.151820
v -0.151517 -0.063087 -0.193264
v -0.154886 -0.068605 -0.195399
v -0.160397 -0.069671 -0.192302
v -0.146864 -0.070385 -0.199172
v -0.155744 -0.076969 -0.198211
v -0.149097 -0.059645 -0.179894
v -0.145393 -0.060318 -0.183137
v -0.147088 -0.063340 -0.186931
v -0.139703 -0.056817 -0.178858
v -0.137696 -0.060561 -0.185957
v -0.145394 -0.060366 -0.183199
v -0.155627 -0.072896 -0.171420
v -0.153388 -0.070103 -0.168837
v -0.148493 -0.067606 -0.172193
v -0.156180 -0.072599 -0.161365
v -0.149046 -0.067309 -0.162138
v -0.153124 -0.081720 -0.179587
v -0.156152 -0.083094 -0.176196
v -0.154871 -0.078452 -0.173339
v -0.159032 -0.089242 -0.177950
v -0.160779 -0.085974 -0.171702
v -0.137698 -0.079902 -0.180685
v -0.140881 -0.085673 -0.182661
v -0.146539 -0.086457 -0.179727
v -0.132671 -0.087663 -0.186247
v -0.141512 -0.094218 -0.185289
v 0.192239 -0.087493 0.098369
v 0.194804 -0.092586 0.094648
v 0.197083 -0.090770 0.088939
v 0.190276 -0.097513 0.100730
v 0.195120 -0.100789 0.091300
v 0.183459 -0.077596 0.093740
v 0.182268 -0.080596 0.097518
v 0.185066 -0.084887 0.097127
v 0.176177 -0.076322 0.100270
v 0.177810 -0.083687 0.103667
v 0.182294 -0.080669 0.097528
v 0.180566 -0.082437 0.077671
v 0.177986 -0.079105 0.078982
v 0.176674 -0.079805 0.085247
v 0.175281 -0.076445 0.071535
v 0.171389 -0.073813 0.079111
v 0.181227 -0.094598 0.079262
v 0.181320 -0.093286 0.074699
v 0.179768 -0.088141 0.076269
v 0.183134 -0.098757 0.070705
v 0.181675 -0.092300 0.067713
v 0.170210 -0.096365 0.090126
v 0.172479 -0.101606 0.086285
v 0.175033 -0.099627 0.080737
v 0.167646 -0.106628 0.092255
v 0.172469 -0.109890 0.082866
v 0.217136 -0.064191 0.122800
v 0.218472 -0.070446 0.125134
v 0.223006 -0.073558 0.121839
v 0.210636 -0.069058 0.129426
v 0.216507 -0.078424 0.128464
v 0.215133 -0.060726 0.109367
v 0.211677 -0.059877 0.112835
v 0.212459 -0.063129 0.116735
v 0.207306 -0.054769 0.108622
v 0.204621 -0.057215 0.116055
v 0.211666 -0.059920 0.112900
v 0.215905 -0.075809 0.101498
v 0.214623 -0.072520 0.098848
v 0.211188 -0.068283 0.102271
v 0.215799 -0.076191 0.091432
v 0.211082 -0.068665 0.092204
v 0.211031 -0.082767 0.110370
v 0.213120 -0.085288 0.106930
v 0.213367 -0.080632 0.103831
v 0.213751 -0.091973 0.108951
v 0.216086 -0.089838 0.102412
v 0.197376 -0.075490 0.112127
v 0.198439 -0.081922 0.114329
v 0.203222 -0.084815 0.111170
v 0.190340 -0.080669 0.118459
v 0.196185 -0.089995 0.117502
v -0.094602 0.007136 -0.099329
v -0.088304 0.008450 -0.101557
v -0.085611 0.003620 -0.104800
v -0.089056 0.015206 -0.095594
v -0.080066 0.011690 -0.101065
v -0.098695 -0.004576 -0.092807
v -0.099176 -0.000100 -0.090702
v -0.095758 0.003079 -0.092850
v -0.104280 -0.002242 -0.085018
v -0.101296 0.005474 -0.085074
v -0.099129 -0.000038 -0.090715
v -0.084125 -0.013266 -0.091314
v -0.087486 -0.015100 -0.089117
v -0.091349 -0.010441 -0.086919
v -0.084293 -0.022715 -0.087824
v -0.091517 -0.019891 -0.083429
v -0.076453 -0.003776 -0.089928
v -0.074234 -0.007882 -0.090805
v -0.079059 -0.010556 -0.089854
v -0.067488 -0.006654 -0.092275
v -0.070095 -0.013434 -0.092201
v -0.082922 0.002954 -0.077464
v -0.076440 0.004225 -0.079395
v -0.073971 -0.000546 -0.082911
v -0.077052 0.010906 -0.073134
v -0.068101 0.007405 -0.078581
v -0.226350 0.096626 -0.196137
v -0.221998 0.101841 -0.195660
v -0.217909 0.102299 -0.200575
v -0.224892 0.101717 -0.187094
v -0.216451 0.107390 -0.191532
v -0.222987 0.083448 -0.199529
v -0.225212 0.084560 -0.195228
v -0.224219 0.089476 -0.194109
v -0.227532 0.077195 -0.193403
v -0.228757 0.083290 -0.187943
v -0.225205 0.084627 -0.195188
v -0.206027 0.084190 -0.200884
v -0.207618 0.080079 -0.201103
v -0.212808 0.079632 -0.197319
v -0.200944 0.076187 -0.204292
v -0.207726 0.071629 -0.200726
v -0.203856 0.092655 -0.192253
v -0.200109 0.091803 -0.195043
v -0.202762 0.087291 -0.197029
v -0.195200 0.096693 -0.193962
v -0.194106 0.091329 -0.198737
v -0.210483 0.085623 -0.180040
v -0.205901 0.090708 -0.179331
v -0.202078 0.091271 -0.184459
v -0.208586 0.090414 -0.170560
v -0.200181 0.096062 -0.174979
v 0.168882 0.016420 -0.032621
v 0.164565 0.021185 -0.034863
v 0.162083 0.024859 -0.030233
v 0.164839 0.016022 -0.042281
v 0.158040 0.024460 -0.039894
v 0.166687 0.007864 -0.021738
v 0.167560 0.006119 -0.026307
v 0.166272 0.009751 -0.029705
v 0.169268 -0.001335 -0.024192
v 0.168834 0.000589 -0.032227
v 0.167542 0.006155 -0.026375
v 0.150856 0.011934 -0.016962
v 0.152453 0.008389 -0.014872
v 0.156318 0.005154 -0.018880
v 0.147008 0.007950 -0.008547
v 0.152470 0.001170 -0.010465
v 0.146242 0.014666 -0.028012
v 0.143473 0.016061 -0.024416
v 0.146601 0.012960 -0.020960
v 0.138448 0.020321 -0.026819
v 0.138807 0.018615 -0.019767
v 0.149043 0.001223 -0.035357
v 0.144439 0.005793 -0.037655
v 0.142275 0.009625 -0.032980
v 0.144454 0.000413 -0.045089
v 0.137686 0.008814 -0.042712
v 0.247389 0.061398 -0.046752
v 0.246840 0.065850 -0.041630
v 0.249695 0.063970 -0.036207
v 0.240432 0.069230 -0.047041
v 0.242738 0.071802 -0.036496
v 0.245154 0.047590 -0.045864
v 0.242582 0.050463 -0.048996
v 0.242678 0.055286 -0.047225
v 0.239699 0.044624 -0.053528
v 0.237206 0.052396 -0.054879
v 0.242564 0.050539 -0.048985
v 0.240023 0.045700 -0.029736
v 0.239610 0.042023 -0.032141
v 0.238170 0.043634 -0.038207
v 0.238673 0.036448 -0.025986
v 0.236820 0.034382 -0.034457
v 0.234151 0.056406 -0.028404
v 0.234893 0.054139 -0.024297
v 0.236314 0.049574 -0.027210
v 0.233504 0.058445 -0.018939
v 0.235667 0.051613 -0.017746
v 0.223948 0.055208 -0.040107
v 0.223068 0.059597 -0.034881
v 0.226244 0.057769 -0.029608
v 0.216351 0.062869 -0.040209
v 0.218647 0.065430 -0.029710
v -0.125525 0.142607 -0.080291
v -0.125655 0.141325 -0.086976
v -0.126759 0.135183 -0.088445
v -0.121762 0.149482 -0.087248
v -0.122996 0.142058 -0.095402
v -0.118658 0.135095 -0.070653
v -0.117766 0.139937 -0.071324
v -0.119182 0.141201 -0.076099
v -0.113890 0.141166 -0.064511
v -0.114422 0.147311 -0.070025
v -0.117774 0.139977 -0.071392
v -0.110562 0.123467 -0.080101
v -0.109345 0.123425 -0.075858
v -0.109570 0.129432 -0.073549
v -0.105567 0.115974 -0.075584
v -0.104576 0.121939 -0.069032
v -0.108500 0.130317 -0.090086
v -0.107736 0.125683 -0.090788
v -0.108005 0.124920 -0.085248
v -0.107000 0.124423 -0.097647
v -0.106505 0.119026 -0.092809
v -0.100606 0.142048 -0.083564
v -0.100392 0.140764 -0.090321
v -0.101835 0.134657 -0.091683
v -0.096162 0.148903 -0.090613
v -0.097391 0.141512 -0.098732
v 0.149960 0.283139 0.038182
v 0.145006 0.287288 0.040327
v 0.144411 0.287581 0.046703
v 0.142524 0.286600 0.031659
v 0.136975 0.291042 0.040180
v 0.152317 0.270126 0.042826
v 0.151405 0.271073 0.038034
v 0.148826 0.275505 0.037717
v 0.153966 0.264132 0.035168
v 0.150431 0.269570 0.030031
v 0.151361 0.271131 0.038006
v 0.139450 0.267695 0.053714
v 0.141809 0.264042 0.052954
v 0.143908 0.264126 0.046868
v 0.139227 0.259373 0.059388
v 0.143685 0.255804 0.052542
v 0.130881 0.274348 0.047956
v 0.129676 0.273155 0.052391
v 0.133963 0.269555 0.052461
v 0.124017 0.276798 0.054363
v 0.127099 0.272004 0.058868
v 0.130950 0.267199 0.034121
v 0.125712 0.271145 0.036209
v 0.125425 0.271621 0.042606
v 0.122991 0.270225 0.027493
v 0.117466 0.274647 0.035977
v -0.072004 -0.104475 -0.189745
v -0.065818 -0.103506 -0.187073
v -0.061847 -0.108488 -0.187785
v -0.070129 -0.096689 -0.182986
v -0.059972 -0.100702 -0.181026
v -0.079925 -0.115921 -0.188102
v -0.081517 -0.111416 -0.186738
v -0.077419 -0.108433 -0.185899
v -0.089207 -0.113257 -0.186089
v -0.086655 -0.105709 -0.183862
v -0.081471 -0.111357 -0.186714
v -0.070617 -0.125358 -0.177410
v -0.074650 -0.127002 -0.178131
v -0.078778 -0.122134 -0.178985
v -0.073506 -0.134768 -0.175261
v -0.081667 -0.131544 -0.176836
v -0.065529 -0.116278 -0.170889
v -0.063480 -0.120500 -0.170160
v -0.067777 -0.122911 -0.172818
v -0.057482 -0.119636 -0.166631
v -0.059731 -0.126269 -0.168559
v -0.078445 -0.109152 -0.165900
v -0.072327 -0.108235 -0.162886
v -0.068331 -0.113148 -0.163949
v -0.076742 -0.101498 -0.158488
v -0.066628 -0.105494 -0.156536
v -0.063012 -0.106470 -0.189876
v -0.063659 -0.112630 -0.192702
v -0.069527 -0.113868 -0.194970
v -0.055868 -0.113977 -0.188316
v -0.062383 -0.121375 -0.193410
v -0.071925 -0.100683 -0.180737
v -0.067133 -0.101397 -0.179630
v -0.065323 -0.105167 -0.182614
v -0.066864 -0.096585 -0.173328
v -0.060217 -0.101126 -0.175234
v -0.067088 -0.101454 -0.179659
v -0.083276 -0.113132 -0.178248
v -0.083809 -0.109710 -0.175511
v -0.078042 -0.107188 -0.174156
v -0.091544 -0.111320 -0.172785
v -0.086310 -0.105375 -0.168692
v -0.075737 -0.122759 -0.179410
v -0.080335 -0.123943 -0.179502
v -0.081577 -0.118786 -0.177712
v -0.081018 -0.130601 -0.181597
v -0.086858 -0.126627 -0.179899
v -0.065357 -0.119238 -0.168349
v -0.066030 -0.125599 -0.170886
v -0.071843 -0.126605 -0.173421
v -0.058282 -0.127097 -0.166202
v -0.064768 -0.134464 -0.171273
v -0.069358 -0.139550 -0.214884
v -0.068443 -0.133813 -0.218434
v -0.063082 -0.130632 -0.216936
v -0.077183 -0.135174 -0.220311
v -0.070906 -0.126256 -0.222363
v -0.067874 -0.140913 -0.201013
v -0.072154 -0.141969 -0.203306
v -0.072304 -0.139373 -0.207738
v -0.075452 -0.146070 -0.197369
v -0.079908 -0.144497 -0.204160
v -0.072181 -0.141935 -0.203372
v -0.064465 -0.124976 -0.196071
v -0.065129 -0.127745 -0.192699
v -0.069508 -0.132141 -0.194423
v -0.061894 -0.123167 -0.186500
v -0.066936 -0.130332 -0.184852
v -0.071234 -0.118981 -0.204385
v -0.068214 -0.116171 -0.202032
v -0.067339 -0.120347 -0.198407
v -0.067880 -0.109910 -0.205171
v -0.063985 -0.111275 -0.199193
v -0.085141 -0.125338 -0.201434
v -0.084448 -0.119385 -0.204817
v -0.078892 -0.116459 -0.203477
v -0.093393 -0.120568 -0.206493
v -0.087144 -0.111689 -0.208536
v -0.148517 -0.076444 -0.142375
v -0.144338 -0.071791 -0.139686
v -0.140232 -0.069219 -0.143884
v -0.147283 -0.075549 -0.132007
v -0.138997 -0.068324 -0.133516
v -0.144712 -0.086916 -0.150880
v -0.147000 -0.087757 -0.146551
v -0.146173 -0.083730 -0.143468
v -0.149096 -0.095270 -0.148003
v -0.150552 -0.092040 -0.140527
v -0.146995 -0.087712 -0.146487
v -0.127776 -0.085233 -0.151475
v -0.129233 -0.088919 -0.153417
v -0.134432 -0.091038 -0.150263
v -0.122417 -0.090951 -0.157806
v -0.129074 -0.096756 -0.156594
v -0.125934 -0.081082 -0.140063
v -0.122143 -0.080595 -0.142881
v -0.124637 -0.083937 -0.146616
v -0.117400 -0.076474 -0.139767
v -0.116103 -0.079329 -0.146320
v -0.132414 -0.092735 -0.132018
v -0.128001 -0.088290 -0.129167
v -0.124165 -0.085541 -0.133520
v -0.130734 -0.092283 -0.121369
v -0.122485 -0.085089 -0.122871
v 0.181995 -0.116895 0.132212
v 0.176788 -0.119195 0.135947
v 0.173775 -0.124252 0.133408
v 0.177842 -0.111144 0.139926
v 0.169622 -0.118501 0.141122
v 0.181778 -0.114647 0.118379
v 0.182844 -0.111022 0.121606
v 0.180792 -0.112244 0.126155
v 0.186004 -0.105962 0.116375
v 0.184991 -0.103553 0.124225
v 0.182817 -0.111016 0.121679
v 0.165596 -0.118073 0.114326
v 0.167898 -0.116324 0.110991
v 0.172200 -0.112162 0.113365
v 0.162813 -0.118253 0.104645
v 0.169417 -0.112342 0.103684
v 0.160245 -0.114220 0.124689
v 0.157359 -0.116772 0.121913
v 0.161116 -0.116315 0.117788
v 0.151548 -0.118452 0.125460
v 0.152419 -0.120547 0.118559
v 0.165367 -0.099515 0.124907
v 0.159912 -0.101576 0.128561
v 0.157182 -0.106840 0.126098
v 0.160754 -0.093292 0.132419
v 0.152570 -0.100617 0.133610
v 0.207032 -0.111541 0.165595
v 0.210229 -0.106463 0.162378
v 0.208338 -0.100612 0.164191
v 0.212545 -0.113228 0.156844
v 0.213852 -0.102299 0.155440
v 0.193202 -0.112485 0.167674
v 0.195728 -0.115991 0.165220
v 0.200017 -0.113882 0.163335
v 0.190163 -0.121634 0.165586
v 0.197043 -0.123019 0.161205
v 0.195793 -0.115980 0.165178
v 0.187280 -0.098800 0.159449
v 0.184091 -0.101513 0.160846
v 0.186231 -0.107581 0.160577
v 0.177526 -0.096386 0.160168
v 0.176476 -0.105167 0.161296
v 0.195541 -0.098389 0.150370
v 0.192916 -0.094446 0.150710
v 0.189485 -0.097174 0.154192
v 0.195701 -0.089402 0.146713
v 0.189645 -0.088187 0.150535
v 0.193527 -0.112638 0.144420
v 0.196555 -0.107563 0.140895
v 0.194827 -0.101756 0.143023
v 0.198670 -0.114349 0.135090
v 0.199970 -0.103467 0.133692
v 0.248258 -0.067263 0.115230
v 0.250651 -0.067874 0.108885
v 0.249841 -0.062646 0.105265
v 0.250641 -0.076624 0.111166
v 0.252224 -0.072007 0.101201
v 0.235732 -0.062076 0.118786
v 0.237111 -0.066682 0.120039
v 0.240741 -0.068240 0.116752
v 0.231548 -0.067895 0.125564
v 0.236607 -0.074104 0.123490
v 0.237161 -0.066728 0.119998
v 0.228539 -0.059069 0.103645
v 0.225757 -0.058553 0.107033
v 0.227267 -0.062779 0.111651
v 0.219691 -0.054272 0.103195
v 0.218419 -0.057982 0.111201
v 0.233574 -0.068329 0.097341
v 0.231474 -0.065088 0.094577
v 0.229110 -0.062891 0.099151
v 0.233230 -0.066202 0.087880
v 0.228766 -0.060764 0.089690
v 0.228795 -0.080289 0.106094
v 0.230931 -0.081091 0.099602
v 0.230370 -0.075692 0.096173
v 0.230644 -0.090003 0.101775
v 0.232220 -0.085405 0.091853
v -0.078766 0.022202 -0.119289
v -0.083392 0.019313 -0.123364
v -0.089403 0.019659 -0.121163
v -0.075949 0.015686 -0.126998
v -0.086586 0.013142 -0.128871
v -0.077844 0.020437 -0.105415
v -0.074074 0.019322 -0.108454
v -0.075978 0.018431 -0.113143
v -0.068429 0.018925 -0.102894
v -0.066569 0.016895 -0.110696
v -0.074081 0.019298 -0.108528
v -0.090072 0.008996 -0.102320
v -0.087523 0.009819 -0.098812
v -0.081526 0.011040 -0.100815
v -0.092361 0.006597 -0.092806
v -0.083815 0.008641 -0.091301
v -0.089341 0.002635 -0.112801
v -0.093236 0.001653 -0.110268
v -0.090969 0.004390 -0.105942
v -0.097707 -0.002089 -0.114165
v -0.099334 -0.000333 -0.107306
v -0.074343 -0.001519 -0.112239
v -0.078918 -0.004748 -0.116239
v -0.084934 -0.004051 -0.114104
v -0.071411 -0.008685 -0.119754
v -0.082002 -0.011218 -0.121619
v -0.166068 0.051519 -0.143171
v -0.161002 0.052580 -0.147595
v -0.160129 0.047797 -0.151774
v -0.158905 0.059002 -0.141586
v -0.152966 0.055281 -0.150189
v -0.168289 0.039708 -0.135956
v -0.167582 0.044071 -0.133686
v -0.164996 0.047160 -0.136876
v -0.170302 0.041908 -0.126554
v -0.166966 0.049420 -0.127501
v -0.167539 0.044131 -0.133713
v -0.154972 0.030081 -0.140427
v -0.157381 0.028325 -0.137172
v -0.159743 0.033071 -0.133515
v -0.154545 0.020468 -0.137443
v -0.159317 0.023458 -0.130531
v -0.146627 0.038991 -0.141780
v -0.145236 0.034818 -0.143569
v -0.149535 0.032388 -0.140931
v -0.139478 0.035721 -0.147467
v -0.142385 0.029119 -0.146618
v -0.147337 0.045347 -0.127581
v -0.141993 0.046336 -0.131803
v -0.141424 0.041642 -0.136146
v -0.139659 0.052658 -0.125574
v -0.133746 0.048953 -0.134139
v 0.168378 0.010936 0.000562
v 0.166529 0.017005 -0.001908
v 0.163077 0.020552 0.002167
v 0.168958 0.013074 -0.009680
v 0.163658 0.022690 -0.008076
v 0.159986 0.001935 0.007273
v 0.162390 0.000671 0.003112
v 0.163473 0.004959 0.000497
v 0.161462 -0.007178 0.003800
v 0.164969 -0.004105 -0.003034
v 0.162410 0.000720 0.003054
v 0.144839 0.009676 0.006444
v 0.144614 0.005565 0.008036
v 0.149097 0.001950 0.005155
v 0.136994 0.005828 0.011459
v 0.141252 -0.001898 0.010170
v 0.146156 0.015139 -0.004477
v 0.142442 0.016753 -0.001998
v 0.143055 0.012431 0.001508
v 0.139941 0.022571 -0.005008
v 0.136840 0.019864 0.000977
v 0.149099 0.002626 -0.013267
v 0.146983 0.008602 -0.015946
v 0.143822 0.012200 -0.011670
v 0.149149 0.004542 -0.023886
v 0.143871 0.014115 -0.022289
v -0.107991 0.163906 0.174823
v -0.113663 0.166630 0.172221
v -0.118918 0.163061 0.173084
v -0.107603 0.171802 0.167944
v -0.118529 0.170958 0.166205
v -0.103853 0.150603 0.173284
v -0.101024 0.154413 0.171812
v -0.104069 0.158466 0.170975
v -0.094239 0.150364 0.171090
v -0.094481 0.158298 0.168756
v -0.101050 0.154483 0.171788
v -0.115744 0.144205 0.162907
v -0.112367 0.141449 0.163601
v -0.106965 0.144883 0.164304
v -0.115817 0.134333 0.160896
v -0.107038 0.135012 0.162293
v -0.118036 0.154294 0.156288
v -0.121258 0.150861 0.155669
v -0.117819 0.147320 0.158310
v -0.126796 0.153416 0.152209
v -0.126579 0.146442 0.154231
v -0.103685 0.157196 0.150982
v -0.109313 0.159845 0.148038
v -0.114564 0.156355 0.149250
v -0.103185 0.164907 0.143450
v -0.114064 0.164066 0.141719
v -0.086580 0.128302 -0.064399
v -0.088963 0.127847 -0.070761
v -0.091124 0.122022 -0.072339
v -0.084514 0.135679 -0.071549
v -0.089058 0.129399 -0.079489
v -0.077847 0.119213 -0.058266
v -0.076705 0.124025 -0.058749
v -0.079421 0.125953 -0.062662
v -0.070758 0.124144 -0.053500
v -0.072357 0.130931 -0.057953
v -0.076730 0.124072 -0.058807
v -0.074460 0.108261 -0.070860
v -0.071970 0.107621 -0.067273
v -0.070809 0.113307 -0.064481
v -0.069117 0.099941 -0.068929
v -0.065466 0.104987 -0.062550
v -0.074961 0.116099 -0.080303
v -0.074958 0.111541 -0.081635
v -0.073532 0.110137 -0.076406
v -0.076578 0.111067 -0.088441
v -0.075149 0.105106 -0.084544
v -0.064202 0.126367 -0.075688
v -0.066284 0.125894 -0.082231
v -0.068726 0.120114 -0.083593
v -0.061525 0.133687 -0.083151
v -0.066050 0.127434 -0.091056
v -0.076925 0.148522 -0.126811
v -0.082593 0.144751 -0.126929
v -0.087267 0.146927 -0.123119
v -0.076965 0.138840 -0.130820
v -0.087306 0.137245 -0.127128
v -0.070529 0.153320 -0.115298
v -0.068192 0.150397 -0.118568
v -0.071725 0.147702 -0.121149
v -0.060805 0.151846 -0.116063
v -0.062035 0.146174 -0.121959
v -0.068226 0.150343 -0.118614
v -0.079837 0.146495 -0.102777
v -0.076172 0.148491 -0.101339
v -0.071528 0.147777 -0.105743
v -0.078059 0.149158 -0.093224
v -0.069750 0.150440 -0.096190
v -0.082888 0.135950 -0.108285
v -0.085409 0.136822 -0.104356
v -0.081798 0.140910 -0.103091
v -0.090812 0.132368 -0.103979
v -0.089722 0.137328 -0.098785
v -0.068648 0.130469 -0.111399
v -0.074218 0.126429 -0.111311
v -0.078944 0.128881 -0.107723
v -0.068466 0.120293 -0.114983
v -0.078762 0.118705 -0.111307
v 0.136846 0.258311 0.052608
v 0.136083 0.262119 0.047016
v 0.131708 0.266770 0.047591
v 0.140586 0.255201 0.043325
v 0.135448 0.263660 0.038308
v 0.126457 0.252838 0.060260
v 0.129953 0.249991 0.058172
v 0.131951 0.252538 0.054182
v 0.128540 0.243442 0.062422
v 0.134073 0.243159 0.056278
v 0.129992 0.250007 0.058106
v 0.112601 0.257315 0.051428
v 0.111737 0.254521 0.054734
v 0.116729 0.250519 0.055459
v 0.103456 0.255523 0.055256
v 0.107584 0.248727 0.059287
v 0.117383 0.256830 0.040125
v 0.113162 0.258998 0.040295
v 0.112509 0.257061 0.045507
v 0.111930 0.262247 0.034204
v 0.107055 0.262478 0.039585
v 0.122331 0.242065 0.040066
v 0.121372 0.245658 0.034275
v 0.117216 0.250486 0.035070
v 0.125670 0.238514 0.030439
v 0.120554 0.246936 0.025443
v -0.013522 0.277408 0.074854
v -0.015421 0.282766 0.071107
v -0.021530 0.282575 0.069171
v -0.006463 0.283895 0.070621
v -0.014471 0.289062 0.064938
v -0.016140 0.263973 0.071836
v -0.011507 0.265674 0.072409
v -0.011513 0.270733 0.071510
v -0.007976 0.258618 0.073240
v -0.003325 0.265451 0.072898
v -0.011483 0.265747 0.072394
v -0.023877 0.265020 0.056701
v -0.022929 0.260878 0.057894
v -0.017443 0.260868 0.061267
v -0.027849 0.256745 0.052550
v -0.021415 0.252593 0.057116
v -0.017916 0.274795 0.052256
v -0.021772 0.273634 0.049740
v -0.021989 0.268786 0.052531
v -0.023285 0.278784 0.045226
v -0.027358 0.272775 0.045501
v -0.003285 0.269560 0.053277
v -0.005041 0.274834 0.049220
v -0.011258 0.274705 0.047619
v 0.004049 0.275833 0.048451
v -0.003924 0.280979 0.042793
v -0.079465 -0.100339 -0.124214
v -0.085806 -0.102814 -0.124385
v -0.089856 -0.099925 -0.120341
v -0.081618 -0.109545 -0.128735
v -0.092009 -0.109131 -0.124862
v -0.072030 -0.097679 -0.112633
v -0.070416 -0.100834 -0.116116
v -0.074477 -0.102568 -0.118744
v -0.062854 -0.101126 -0.113733
v -0.065345 -0.106058 -0.119891
v -0.070461 -0.100877 -0.116164
v -0.082393 -0.103100 -0.100255
v -0.078368 -0.102011 -0.098810
v -0.074046 -0.103432 -0.103367
v -0.079952 -0.101433 -0.090624
v -0.071605 -0.101765 -0.093736
v -0.087693 -0.112424 -0.106240
v -0.089915 -0.111269 -0.102205
v -0.085501 -0.108116 -0.100817
v -0.096134 -0.114495 -0.101925
v -0.093942 -0.110187 -0.096503
v -0.074989 -0.120598 -0.110020
v -0.081288 -0.123369 -0.110002
v -0.085334 -0.120186 -0.106164
v -0.077024 -0.130357 -0.114149
v -0.087369 -0.129945 -0.110293
v -0.088650 -0.114686 -0.166770
v -0.090896 -0.108640 -0.164588
v -0.086380 -0.104096 -0.164357
v -0.097882 -0.113715 -0.161907
v -0.095612 -0.103125 -0.159494
v -0.076984 -0.121131 -0.162431
v -0.081459 -0.123249 -0.162009
v -0.085014 -0.119539 -0.161974
v -0.078913 -0.130650 -0.160708
v -0.087011 -0.129020 -0.160242
v -0.081527 -0.123211 -0.162000
v -0.071253 -0.110640 -0.150303
v -0.069030 -0.114447 -0.150511
v -0.073076 -0.119148 -0.152241
v -0.062261 -0.112335 -0.146086
v -0.064085 -0.120843 -0.148025
v -0.082065 -0.106640 -0.146064
v -0.078373 -0.104083 -0.144521
v -0.074954 -0.108078 -0.146446
v -0.080680 -0.098204 -0.141474
v -0.073570 -0.099642 -0.141855
v -0.088535 -0.120285 -0.142263
v -0.090797 -0.114298 -0.139735
v -0.086275 -0.109741 -0.139861
v -0.097761 -0.119463 -0.136728
v -0.095501 -0.108919 -0.134326
v -0.060484 -0.112303 -0.186929
v -0.062407 -0.118386 -0.189306
v -0.068223 -0.118427 -0.192000
v -0.055503 -0.121088 -0.184128
v -0.063243 -0.127212 -0.189200
v -0.068348 -0.103707 -0.179136
v -0.063963 -0.105415 -0.177540
v -0.062916 -0.109782 -0.180037
v -0.062979 -0.100202 -0.171640
v -0.057515 -0.106346 -0.172560
v -0.063931 -0.105483 -0.177559
v -0.082526 -0.112827 -0.176727
v -0.082405 -0.109122 -0.174331
v -0.076308 -0.107907 -0.172653
v -0.090472 -0.108589 -0.172209
v -0.084253 -0.103669 -0.168135
v -0.077487 -0.124024 -0.176424
v -0.082216 -0.124096 -0.176846
v -0.082293 -0.118640 -0.175591
v -0.084345 -0.130579 -0.178462
v -0.089151 -0.125196 -0.177629
v -0.067368 -0.121968 -0.164767
v -0.069384 -0.128212 -0.166845
v -0.075074 -0.128066 -0.169816
v -0.062581 -0.131020 -0.161363
v -0.070287 -0.137118 -0.166412
v -0.083805 -0.123053 -0.245184
v -0.078335 -0.119000 -0.245275
v -0.072749 -0.122142 -0.245417
v -0.084496 -0.112883 -0.242748
v -0.073440 -0.111973 -0.242982
v -0.085539 -0.134271 -0.236960
v -0.088707 -0.130444 -0.236874
v -0.086257 -0.126268 -0.238594
v -0.094604 -0.134151 -0.233074
v -0.095304 -0.126073 -0.234723
v -0.088690 -0.130369 -0.236890
v -0.071484 -0.134020 -0.227347
v -0.074446 -0.137017 -0.226032
v -0.080367 -0.134752 -0.227160
v -0.069578 -0.141694 -0.221104
v -0.078462 -0.142425 -0.220916
v -0.069936 -0.121855 -0.226662
v -0.066158 -0.124322 -0.225183
v -0.069321 -0.128942 -0.225186
v -0.060674 -0.120018 -0.224428
v -0.060059 -0.127104 -0.222952
v -0.083706 -0.117855 -0.220588
v -0.078220 -0.113707 -0.220341
v -0.072697 -0.116948 -0.220821
v -0.084388 -0.107544 -0.217479
v -0.073379 -0.106638 -0.217712
v 0.161605 -0.119706 0.096383
v 0.157516 -0.122072 0.101285
v 0.153889 -0.127046 0.099497
v 0.159660 -0.114132 0.105041
v 0.151944 -0.121472 0.108155
v 0.157838 -0.117102 0.083135
v 0.159746 -0.113567 0.086060
v 0.158928 -0.114894 0.090956
v 0.161503 -0.108392 0.080308
v 0.162587 -0.106180 0.088206
v 0.159739 -0.113563 0.086137
v 0.141120 -0.120335 0.083338
v 0.142500 -0.118514 0.079561
v 0.147319 -0.114438 0.080836
v 0.135922 -0.120253 0.074708
v 0.142121 -0.114355 0.072206
v 0.138682 -0.116721 0.094820
v 0.135145 -0.119186 0.092829
v 0.137711 -0.118643 0.087883
v 0.130431 -0.120926 0.097721
v 0.129460 -0.122848 0.090783
v 0.143859 -0.102055 0.094046
v 0.139513 -0.104180 0.098941
v 0.136176 -0.109364 0.097147
v 0.141423 -0.096002 0.102641
v 0.133740 -0.103311 0.105741
v 0.172277 -0.096743 0.124697
v 0.176704 -0.100921 0.121647
v 0.179032 -0.098681 0.116110
v 0.173139 -0.106798 0.127522
v 0.179894 -0.108736 0.118935
v 0.161583 -0.090181 0.118449
v 0.160883 -0.093275 0.122273
v 0.164869 -0.096510 0.122494
v 0.153492 -0.090991 0.124032
v 0.156823 -0.097381 0.128095
v 0.160928 -0.093336 0.122291
v 0.162334 -0.096203 0.102538
v 0.158726 -0.093783 0.103320
v 0.156906 -0.094646 0.109437
v 0.156308 -0.092330 0.095453
v 0.150881 -0.090773 0.102352
v 0.166417 -0.107513 0.105038
v 0.166686 -0.106388 0.100433
v 0.163473 -0.101919 0.101459
v 0.170552 -0.111165 0.097055
v 0.167607 -0.105571 0.093476
v 0.155165 -0.112221 0.114719
v 0.159371 -0.116635 0.111528
v 0.161891 -0.114151 0.106170
v 0.155562 -0.122699 0.117266
v 0.162287 -0.124629 0.108716
v 0.168486 -0.119868 0.141178
v 0.168642 -0.125302 0.137079
v 0.174142 -0.125999 0.133860
v 0.159725 -0.124984 0.138549
v 0.165381 -0.131114 0.131231
v 0.172548 -0.106903 0.137734
v 0.167931 -0.107875 0.139294
v 0.166921 -0.112830 0.138387
v 0.165856 -0.100390 0.140911
v 0.160191 -0.106384 0.141554
v 0.167892 -0.107942 0.139284
v 0.176590 -0.108542 0.121272
v 0.176607 -0.104353 0.122665
v 0.172046 -0.103616 0.127152
v 0.180874 -0.100834 0.116400
v 0.176330 -0.095908 0.122280
v 0.168306 -0.117066 0.118180
v 0.171670 -0.116426 0.114890
v 0.173265 -0.111790 0.117594
v 0.171324 -0.121562 0.110128
v 0.176283 -0.116286 0.109542
v 0.155285 -0.109635 0.122391
v 0.155250 -0.114950 0.118020
v 0.160916 -0.115739 0.115105
v 0.146167 -0.114472 0.119244
v 0.151798 -0.120576 0.111958
v -0.094207 -0.016167 -0.117064
v -0.087894 -0.016627 -0.119572
v -0.084473 -0.021492 -0.117180
v -0.089817 -0.008225 -0.122307
v -0.080083 -0.013550 -0.122423
v -0.097706 -0.016980 -0.103515
v -0.098800 -0.012991 -0.106269
v -0.095530 -0.012806 -0.110228
v -0.104153 -0.009841 -0.101332
v -0.101936 -0.005640 -0.108106
v -0.098759 -0.012965 -0.106330
v -0.082552 -0.018249 -0.095849
v -0.085899 -0.017710 -0.093022
v -0.090372 -0.013971 -0.095756
v -0.082111 -0.020030 -0.085943
v -0.089931 -0.015752 -0.085850
v -0.075985 -0.011339 -0.103594
v -0.073310 -0.013874 -0.100598
v -0.077920 -0.015007 -0.097629
v -0.066612 -0.013673 -0.102664
v -0.068547 -0.017341 -0.096700
v -0.084144 0.001899 -0.102770
v -0.077671 0.001694 -0.105096
v -0.074452 -0.003403 -0.102885
v -0.079474 0.010331 -0.107620
v -0.069783 0.005029 -0.107736
v 0.170319 0.008088 -0.030569
v 0.169923 0.002345 -0.034206
v 0.167191 0.003072 -0.039960
v 0.171698 -0.001303 -0.026124
v 0.168570 -0.006319 -0.035515
v 0.159944 0.017329 -0.028716
v 0.162154 0.015068 -0.024883
v 0.164234 0.010681 -0.026565
v 0.159515 0.019956 -0.019219
v 0.163837 0.013237 -0.017069
v 0.162187 0.014997 -0.024884
v 0.146887 0.009889 -0.036727
v 0.145718 0.013483 -0.034447
v 0.149400 0.013919 -0.029182
v 0.138227 0.014909 -0.037868
v 0.140740 0.018939 -0.030323
v 0.149733 -0.001830 -0.034400
v 0.146377 -0.001329 -0.037723
v 0.145915 0.004059 -0.036274
v 0.145308 -0.007465 -0.040944
v 0.141490 -0.001576 -0.042818
v 0.150172 -0.001323 -0.018842
v 0.149502 -0.007221 -0.022323
v 0.147058 -0.006317 -0.028192
v 0.150997 -0.010971 -0.014082
v 0.147883 -0.015965 -0.023432
v 0.176514 0.019984 -0.046057
v 0.179391 0.020588 -0.039916
v 0.182211 0.015232 -0.037806
v 0.174280 0.028045 -0.039744
v 0.179978 0.023293 -0.031493
v 0.168267 0.009445 -0.050226
v 0.166707 0.014163 -0.050258
v 0.169506 0.016820 -0.046866
v 0.160405 0.013071 -0.054953
v 0.161668 0.020503 -0.051545
v 0.166731 0.014219 -0.050209
v 0.166883 0.000021 -0.036108
v 0.164208 -0.001303 -0.039361
v 0.162305 0.003839 -0.042737
v 0.162236 -0.008908 -0.036512
v 0.157658 -0.005090 -0.043141
v 0.167322 0.009063 -0.027807
v 0.167854 0.004740 -0.025915
v 0.166189 0.002534 -0.030784
v 0.170008 0.005319 -0.019267
v 0.168875 -0.001209 -0.022245
v 0.155316 0.017664 -0.032744
v 0.157909 0.018249 -0.026397
v 0.160989 0.012933 -0.024529
v 0.152505 0.025658 -0.026063
v 0.158178 0.020926 -0.017848
v 0.168641 0.029050 0.007327
v 0.165485 0.027200 0.013069
v 0.167892 0.021922 0.015798
v 0.159276 0.032971 0.009923
v 0.158527 0.025843 0.018394
v 0.172048 0.020511 -0.003253
v 0.169106 0.024460 -0.003916
v 0.166949 0.025652 0.000592
v 0.169635 0.024747 -0.011827
v 0.164488 0.029920 -0.007929
v 0.169058 0.024491 -0.003863
v 0.165463 0.005621 0.001742
v 0.166981 0.005556 -0.002402
v 0.166065 0.011348 -0.005064
v 0.167344 -0.002706 -0.003608
v 0.167945 0.003021 -0.010414
v 0.155641 0.009876 0.007764
v 0.156527 0.005287 0.008607
v 0.160138 0.005321 0.004329
v 0.152635 0.003084 0.014008
v 0.157132 -0.001471 0.010572
v 0.148930 0.018008 -0.003696
v 0.145484 0.016006 0.001914
v 0.148185 0.010911 0.004738
v 0.139026 0.021622 -0.001398
v 0.138280 0.014525 0.007036
v 0.166068 0.033164 0.006689
v 0.171657 0.029371 0.007545
v 0.174827 0.028114 0.002117
v 0.167771 0.027869 0.015571
v 0.176530 0.022819 0.010999
v 0.156226 0.031140 -0.003084
v 0.155144 0.031125 0.001766
v 0.159416 0.029971 0.004377
v 0.147288 0.031935 0.001012
v 0.150526 0.030744 0.008532
v 0.155192 0.031104 0.001824
v 0.161511 0.016890 -0.010765
v 0.157497 0.018187 -0.012062
v 0.154474 0.020947 -0.007091
v 0.156758 0.013622 -0.019024
v 0.149721 0.017678 -0.015351
v 0.166577 0.011332 -0.001053
v 0.167723 0.009308 -0.005193
v 0.163720 0.012353 -0.007654
v 0.172938 0.004723 -0.004218
v 0.170081 0.005744 -0.010818
v 0.154250 0.011047 0.008457
v 0.159696 0.006935 0.009351
v 0.162971 0.006019 0.003905
v 0.155635 0.005144 0.017384
v 0.164356 0.000116 0.012832
v -0.065120 0.022002 0.140512
v -0.070596 0.018936 0.143153
v -0.069225 0.014101 0.147133
v -0.074675 0.023429 0.136450
v -0.078780 0.015527 0.143072
v -0.054004 0.015526 0.134948
v -0.056736 0.018752 0.132335
v -0.061422 0.018981 0.134432
v -0.051519 0.019919 0.126472
v -0.059013 0.023388 0.125966
v -0.056812 0.018766 0.132345
v -0.058495 -0.000881 0.135749
v -0.054781 -0.000197 0.133464
v -0.055197 0.005467 0.130429
v -0.051804 -0.008005 0.133302
v -0.048507 -0.001657 0.127982
v -0.070588 0.000433 0.134054
v -0.069357 -0.003896 0.135570
v -0.064014 -0.002629 0.134476
v -0.075089 -0.007438 0.137512
v -0.068514 -0.010500 0.137934
v -0.070467 0.007908 0.120393
v -0.076042 0.004642 0.122762
v -0.074554 0.000041 0.126986
v -0.080168 0.008943 0.115785
v -0.084255 0.001077 0.122378
v -0.072253 0.008988 0.204772
v -0.069545 0.015231 0.204537
v -0.073699 0.019827 0.202888
v -0.061876 0.010442 0.204614
v -0.063322 0.021281 0.202730
v -0.080552 0.003296 0.195015
v -0.076256 0.001190 0.196353
v -0.073210 0.004827 0.198326
v -0.077651 -0.005954 0.193196
v -0.070245 -0.004386 0.196533
v -0.076192 0.001227 0.196380
v -0.080853 0.015309 0.182947
v -0.082774 0.011535 0.181703
v -0.079691 0.006600 0.184462
v -0.087011 0.014278 0.175040
v -0.085849 0.005569 0.176555
v -0.069462 0.019667 0.184400
v -0.072215 0.022447 0.181709
v -0.075953 0.018287 0.181445
v -0.069066 0.028632 0.180709
v -0.075556 0.027252 0.177754
v -0.061392 0.006526 0.182235
v -0.058516 0.012754 0.181690
v -0.062831 0.017318 0.180358
v -0.050720 0.007918 0.181459
v -0.052159 0.018709 0.179582
v -0.073082 0.021406 0.214071
v -0.072969 0.014828 0.215827
v -0.067123 0.012198 0.215754
v -0.081847 0.015666 0.214331
v -0.075887 0.006458 0.216014
v -0.066509 0.027047 0.203051
v -0.071432 0.027393 0.203624
v -0.072991 0.023536 0.206639
v -0.072616 0.033208 0.198358
v -0.079144 0.029645 0.201983
v -0.071478 0.027341 0.203661
v -0.059669 0.013428 0.195452
v -0.059284 0.017129 0.193078
v -0.064457 0.020825 0.194100
v -0.053406 0.014687 0.187662
v -0.058194 0.022085 0.186311
v -0.068401 0.005226 0.198161
v -0.064409 0.003254 0.196513
v -0.062678 0.008345 0.194954
v -0.064609 -0.003683 0.197524
v -0.058885 -0.000564 0.194316
v -0.080705 0.012406 0.191871
v -0.080705 0.005680 0.193328
v -0.074771 0.003239 0.193546
v -0.089673 0.006416 0.191523
v -0.083739 -0.002751 0.193198
v -0.202071 0.028954 0.168161
v -0.202858 0.022212 0.168694
v -0.200828 0.019769 0.174262
v -0.204002 0.022997 0.159759
v -0.202759 0.013812 0.165859
v -0.190490 0.036125 0.171467
v -0.192444 0.036265 0.166900
v -0.195246 0.032015 0.166203
v -0.188513 0.042669 0.164356
v -0.193310 0.038501 0.159059
v -0.192485 0.036207 0.166866
v -0.179594 0.023771 0.175788
v -0.177707 0.027753 0.175534
v -0.180593 0.031150 0.170886
v -0.170606 0.026179 0.179650
v -0.171605 0.033558 0.174749
v -0.183529 0.015062 0.168073
v -0.180597 0.013422 0.171429
v -0.179294 0.018714 0.172709
v -0.180716 0.006411 0.171449
v -0.176481 0.010063 0.176085
v -0.181878 0.022654 0.154577
v -0.182394 0.015800 0.154915
v -0.180641 0.013509 0.160651
v -0.183255 0.016521 0.145807
v -0.182017 0.007376 0.151881
v -0.130127 0.051718 0.219333
v -0.132512 0.057246 0.216153
v -0.138182 0.056379 0.213290
v -0.123937 0.059907 0.217226
v -0.131992 0.064569 0.211183
v -0.129772 0.038746 0.214033
v -0.125651 0.041068 0.215556
v -0.126494 0.046134 0.215408
v -0.120991 0.034656 0.215892
v -0.117701 0.042122 0.217266
v -0.125639 0.041145 0.215556
v -0.135595 0.041058 0.198198
v -0.134043 0.036988 0.198911
v -0.129124 0.037313 0.203053
v -0.137384 0.033068 0.192329
v -0.130913 0.029322 0.197184
v -0.131064 0.052297 0.196190
v -0.134285 0.050959 0.192967
v -0.133937 0.045739 0.194959
v -0.136157 0.056478 0.189067
v -0.139030 0.049920 0.187837
v -0.115959 0.049457 0.198691
v -0.118149 0.054980 0.195218
v -0.123978 0.054099 0.192674
v -0.109386 0.057585 0.196016
v -0.117405 0.062227 0.189999
v -0.092656 0.131561 0.113950
v -0.095453 0.131093 0.107760
v -0.099777 0.126395 0.107188
v -0.088411 0.136360 0.105657
v -0.095532 0.131194 0.098895
v -0.087671 0.120860 0.121506
v -0.084811 0.124714 0.120219
v -0.086840 0.126917 0.116043
v -0.078933 0.123324 0.125361
v -0.078110 0.129425 0.119834
v -0.084820 0.124758 0.120154
v -0.089581 0.107653 0.110927
v -0.087290 0.106657 0.114566
v -0.083859 0.111804 0.116359
v -0.087707 0.098317 0.114219
v -0.081986 0.102468 0.119651
v -0.087680 0.113512 0.100301
v -0.089509 0.109164 0.099754
v -0.088380 0.108142 0.105142
v -0.091639 0.108313 0.093128
v -0.092339 0.102943 0.097969
v -0.073529 0.119378 0.103102
v -0.076067 0.118748 0.096737
v -0.080619 0.114234 0.096370
v -0.068764 0.123840 0.094510
v -0.075854 0.118695 0.087778
v -0.088369 0.121048 0.136501
v -0.089533 0.126981 0.133370
v -0.094716 0.126980 0.129597
v -0.080999 0.128479 0.135958
v -0.087346 0.134411 0.129055
v -0.088670 0.108409 0.130451
v -0.084613 0.110113 0.132759
v -0.084820 0.115246 0.132825
v -0.080856 0.103153 0.133386
v -0.076984 0.110066 0.135767
v -0.084592 0.110188 0.132765
v -0.091496 0.112202 0.114091
v -0.090571 0.107938 0.114760
v -0.086397 0.107436 0.119637
v -0.093220 0.104796 0.107483
v -0.088121 0.100030 0.113029
v -0.085410 0.122859 0.113593
v -0.088190 0.122098 0.109819
v -0.088790 0.116785 0.111481
v -0.088734 0.127992 0.106059
v -0.092114 0.121918 0.103947
v -0.071361 0.118009 0.118241
v -0.072286 0.123927 0.114851
v -0.077679 0.123916 0.111367
v -0.063529 0.125358 0.117194
v -0.069848 0.131265 0.110320
v -0.134599 0.175867 0.188613
v -0.134856 0.169942 0.191958
v -0.129861 0.168908 0.195841
v -0.141161 0.168230 0.185707
v -0.136422 0.161271 0.192935
v -0.123421 0.180983 0.181881
v -0.127734 0.180165 0.179552
v -0.130357 0.176624 0.182194
v -0.126179 0.184482 0.173080
v -0.133168 0.180068 0.173412
v -0.127787 0.180110 0.179571
v -0.112030 0.168435 0.183552
v -0.110707 0.171641 0.180822
v -0.115837 0.174026 0.177744
v -0.102548 0.169865 0.180461
v -0.106355 0.175456 0.174653
v -0.119754 0.158889 0.183303
v -0.115379 0.157736 0.184747
v -0.113608 0.162749 0.182990
v -0.115409 0.151261 0.187439
v -0.109263 0.155121 0.187126
v -0.126630 0.161509 0.169579
v -0.126786 0.155362 0.172670
v -0.121912 0.154581 0.176776
v -0.132969 0.153475 0.166156
v -0.128251 0.146547 0.173353
v -0.159133 0.189503 0.196869
v -0.156667 0.185722 0.201967
v -0.151610 0.188308 0.204938
v -0.161770 0.179420 0.197966
v -0.154247 0.178225 0.206035
v -0.151533 0.195630 0.186811
v -0.155120 0.192356 0.185758
v -0.155847 0.189366 0.189872
v -0.155809 0.194115 0.178052
v -0.160145 0.187791 0.181159
v -0.155143 0.192297 0.185803
v -0.135752 0.190271 0.190312
v -0.136051 0.192434 0.186476
v -0.141797 0.191230 0.183830
v -0.127953 0.194032 0.185162
v -0.133998 0.194992 0.178680
v -0.138519 0.179145 0.194719
v -0.134040 0.180459 0.195594
v -0.134697 0.184679 0.191975
v -0.131150 0.176058 0.200226
v -0.127328 0.181592 0.197482
v -0.146259 0.173394 0.182491
v -0.143614 0.169370 0.187408
v -0.138768 0.172204 0.190525
v -0.148540 0.162872 0.183198
v -0.141049 0.161682 0.191231
v -0.091072 0.125001 -0.076938
v -0.088279 0.131184 -0.076362
v -0.085326 0.133228 -0.081672
v -0.089592 0.129480 -0.067580
v -0.083846 0.137708 -0.072314
v -0.084863 0.113698 -0.082431
v -0.086574 0.113740 -0.077766
v -0.086782 0.118615 -0.076158
v -0.086481 0.105889 -0.076626
v -0.088404 0.110870 -0.070306
v -0.086579 0.113803 -0.077719
v -0.069196 0.119401 -0.085902
v -0.069627 0.115042 -0.086443
v -0.073813 0.112791 -0.082098
v -0.062762 0.113530 -0.090964
v -0.067379 0.106919 -0.087160
v -0.068022 0.127340 -0.076604
v -0.064692 0.127851 -0.079950
v -0.066310 0.122958 -0.082140
v -0.061184 0.133830 -0.078898
v -0.059472 0.129449 -0.084433
v -0.070410 0.117655 -0.064645
v -0.067325 0.123760 -0.063889
v -0.064689 0.125846 -0.069360
v -0.068361 0.121937 -0.054955
v -0.062640 0.130128 -0.059669
v -0.054918 0.146182 -0.096675
v -0.050024 0.144230 -0.100988
v -0.052135 0.140769 -0.105953
v -0.044792 0.146639 -0.094018
v -0.042008 0.141226 -0.103296
v -0.065061 0.137973 -0.091555
v -0.061869 0.140356 -0.088584
v -0.057598 0.141357 -0.091261
v -0.066002 0.139539 -0.081861
v -0.058466 0.142941 -0.081586
v -0.061795 0.140374 -0.088602
v -0.061078 0.122717 -0.097991
v -0.064341 0.122562 -0.095023
v -0.063314 0.127066 -0.090537
v -0.067394 0.114971 -0.096728
v -0.069630 0.119320 -0.089274
v -0.048849 0.123861 -0.098011
v -0.050399 0.120148 -0.100533
v -0.055457 0.120851 -0.098238
v -0.045143 0.117542 -0.104374
v -0.051751 0.114532 -0.104601
v -0.046531 0.126889 -0.082913
v -0.041496 0.124670 -0.087045
v -0.043759 0.121500 -0.092150
v -0.036175 0.126816 -0.079883
v -0.033403 0.121426 -0.089120
v -0.093375 0.160743 -0.125747
v -0.087655 0.164435 -0.125676
v -0.083390 0.162744 -0.130153
v -0.090858 0.166762 -0.117546
v -0.080872 0.168764 -0.121952
v -0.094084 0.146770 -0.126596
v -0.096064 0.149267 -0.122784
v -0.093658 0.153789 -0.122380
v -0.100630 0.143388 -0.120038
v -0.100177 0.150475 -0.115794
v -0.096038 0.149335 -0.122755
v -0.077679 0.142208 -0.126302
v -0.080449 0.138783 -0.126015
v -0.085701 0.140600 -0.122762
v -0.075157 0.132574 -0.127828
v -0.083179 0.130966 -0.124288
v -0.073423 0.151102 -0.118979
v -0.069991 0.148680 -0.121194
v -0.073808 0.144865 -0.122684
v -0.063871 0.152014 -0.120420
v -0.064256 0.145778 -0.124125
v -0.082482 0.148734 -0.106536
v -0.076593 0.152279 -0.106192
v -0.072540 0.150727 -0.110923
v -0.079661 0.154424 -0.097812
v -0.069719 0.156417 -0.102199
v 0.111597 0.236492 0.030578
v 0.107968 0.241244 0.033835
v 0.107970 0.240625 0.040216
v 0.104713 0.242547 0.025500
v 0.101086 0.246679 0.035138
v 0.111127 0.222706 0.033064
v 0.110091 0.224598 0.028587
v 0.108633 0.229488 0.029190
v 0.110677 0.217818 0.024508
v 0.108153 0.224671 0.020620
v 0.110061 0.224669 0.028573
v 0.098960 0.221495 0.044916
v 0.100306 0.217578 0.043390
v 0.101874 0.218175 0.037173
v 0.097199 0.212629 0.049365
v 0.100114 0.209309 0.041622
v 0.091806 0.230747 0.041166
v 0.090706 0.229152 0.045502
v 0.093997 0.224719 0.044576
v 0.086261 0.233604 0.048599
v 0.088452 0.227575 0.052008
v 0.089060 0.226107 0.026557
v 0.085104 0.230737 0.029762
v 0.085448 0.230221 0.036153
v 0.081557 0.231878 0.021375
v 0.077946 0.235992 0.030971
v 0.065096 0.323213 0.021512
v 0.070411 0.319191 0.020122
v 0.072155 0.319192 0.013953
v 0.068340 0.315908 0.028289
v 0.075399 0.311887 0.020730
v 0.053163 0.323826 0.014184
v 0.053213 0.322677 0.019018
v 0.057859 0.320829 0.020199
v 0.045481 0.323835 0.020371
v 0.050236 0.320802 0.026424
v 0.053271 0.322642 0.019056
v 0.055407 0.311702 0.002437
v 0.051320 0.313369 0.002467
v 0.049736 0.314932 0.008510
v 0.048657 0.310620 -0.004963
v 0.042985 0.313851 0.001110
v 0.062082 0.303862 0.009133
v 0.062092 0.302859 0.004491
v 0.057893 0.306500 0.003817
v 0.067007 0.298048 0.003124
v 0.062818 0.300687 -0.002192
v 0.052253 0.301609 0.020999
v 0.057411 0.297271 0.019607
v 0.059281 0.297606 0.013474
v 0.055148 0.293711 0.027757
v 0.062176 0.289708 0.020231
v 0.059580 0.330235 -0.013272
v 0.061537 0.326586 -0.018677
v 0.057216 0.326388 -0.023409
v 0.067675 0.323601 -0.012746
v 0.065311 0.319754 -0.022883
v 0.047078 0.329474 -0.006980
v 0.051306 0.328601 -0.004520
v 0.054900 0.327203 -0.007916
v 0.048312 0.329202 0.002802
v 0.056201 0.326902 0.001836
v 0.051372 0.328573 -0.004551
v 0.039373 0.316942 -0.015559
v 0.037115 0.318272 -0.012007
v 0.041272 0.320033 -0.007416
v 0.029668 0.314912 -0.013771
v 0.031567 0.318002 -0.005628
v 0.049238 0.310049 -0.018010
v 0.045397 0.308796 -0.020504
v 0.042306 0.312043 -0.017150
v 0.047235 0.304332 -0.025589
v 0.040303 0.306326 -0.024730
v 0.054370 0.307666 -0.003502
v 0.056272 0.303690 -0.008787
v 0.052017 0.303836 -0.013594
v 0.062320 0.300412 -0.002713
v 0.059967 0.296583 -0.012806
v -0.059582 0.294680 0.070655
v -0.057041 0.299935 0.074160
v -0.054797 0.304690 0.070493
v -0.057287 0.293853 0.080847
v -0.052502 0.303863 0.080684
v -0.053491 0.288463 0.059668
v -0.054672 0.285941 0.063783
v -0.054932 0.289255 0.067700
v -0.054078 0.278668 0.060669
v -0.055523 0.279489 0.068773
v -0.054675 0.285970 0.063856
v -0.038598 0.296648 0.058573
v -0.038877 0.293164 0.055877
v -0.042442 0.288606 0.058703
v -0.032493 0.294865 0.050759
v -0.036337 0.286823 0.050889
v -0.036777 0.298773 0.070532
v -0.033868 0.301251 0.067713
v -0.035484 0.298039 0.063421
v -0.030554 0.306158 0.071469
v -0.029261 0.305425 0.064358
v -0.037355 0.284148 0.075852
v -0.034500 0.289273 0.079450
v -0.032591 0.294115 0.075690
v -0.034449 0.283039 0.086184
v -0.029685 0.293006 0.086022
v -0.046606 0.332135 0.105139
v -0.044754 0.328807 0.110783
v -0.038810 0.330142 0.112779
v -0.051995 0.323845 0.108613
v -0.044199 0.321852 0.116253
v -0.038890 0.333448 0.093511
v -0.043402 0.331367 0.093440
v -0.044454 0.329613 0.098153
v -0.044525 0.331749 0.085596
v -0.050123 0.327876 0.090298
v -0.043435 0.331328 0.093499
v -0.025144 0.324061 0.097112
v -0.025274 0.325431 0.092918
v -0.031408 0.325662 0.090973
v -0.017314 0.324053 0.090773
v -0.023578 0.325654 0.084634
v -0.030538 0.315478 0.104046
v -0.025798 0.315419 0.104323
v -0.025617 0.318854 0.099905
v -0.023792 0.311291 0.109624
v -0.018870 0.314667 0.105483
v -0.041174 0.310306 0.093915
v -0.039249 0.306661 0.099425
v -0.033412 0.308322 0.101522
v -0.046409 0.301419 0.097085
v -0.038647 0.299435 0.104692
v 0.008648 0.385078 0.002909
v 0.004731 0.384250 -0.002598
v -0.001560 0.384605 -0.001416
v 0.012499 0.381100 -0.005989
v 0.002291 0.380627 -0.010314
v 0.006748 0.378833 0.015314
v 0.010959 0.378302 0.012731
v 0.009950 0.379212 0.007776
v 0.015382 0.375440 0.018664
v 0.018591 0.375822 0.011048
v 0.010966 0.378305 0.012653
v -0.006533 0.368604 0.012312
v -0.004668 0.367932 0.016255
v 0.001668 0.368984 0.015787
v -0.010770 0.363568 0.019940
v -0.002568 0.363948 0.023415
v -0.004176 0.365924 0.000560
v -0.008542 0.364666 0.001942
v -0.006992 0.365560 0.007247
v -0.012394 0.362962 -0.003665
v -0.015210 0.362599 0.003022
v 0.010141 0.359996 0.002103
v 0.006239 0.358818 -0.003441
v -0.000022 0.359526 -0.002203
v 0.014027 0.355331 -0.006817
v 0.003864 0.354861 -0.011124
v -0.006837 -0.532268 0.009221
v -0.002799 -0.057344 0.016764
v 0.000368 -0.057333 0.012405
v 0.004470 0.417591 0.019860
v 0.000432 -0.057333 0.012317
v -0.006837 -0.532326 0.017939
v 0.000432 -0.057392 0.021212
v -0.002735 -0.057345 0.016853
v 0.004470 0.417590 0.020037
v 0.001453 -0.532391 0.020633
v 0.005660 -0.057410 0.019513
v 0.000536 -0.057392 0.021178
v 0.004638 0.417589 0.020092
v 0.006577 -0.532373 0.013580
v 0.005660 -0.057374 0.014016
v 0.005660 -0.057410 0.019404
v 0.004743 0.417589 0.019949
v 0.001454 -0.532297 0.006527
v 0.005556 -0.057373 0.013982
v 0.004638 0.417590 0.019805
f 1 2682 2684
f 2682 2 2683
f 2683 3 2684
f 2682 2683 2684
f 3 2685 2684
f 2685 4 2686
f 2686 1 2684
f 2685 2686 2684
f 2 2687 2689
f 2687 5 2688
f 2688 6 2689
f 2687 2688 2689
f 6 2690 2689
f 2690 3 2683
f 2683 2 2689
f 2690 2683 2689
f 5 2691 2693
f 2691 7 2692
f 2692 8 2693
f 2691 2692 2693
f 8 2694 2693
f 2694 6 2688
f 2688 5 2693
f 2694 2688 2693
f 7 2695 2697
f 2695 9 2696
f 2696 10 2697
f 2695 2696 2697
f 10 2698 2697
f 2698 8 2692
f 2692 7 2697
f 2698 2692 2697
f 9 2699 2700
f 2699 1 2686
f 2686 4 2700
f 2699 2686 2700
f 4 2701 2700
f 2701 10 2696
f 2696 9 2700
f 2701 2696 2700
f 11 2702 2704
f 2702 12 2703
f 2703 13 2704
f 2702 2703 2704
f 13 2705 2704
f 2705 14 2706
f 2706 11 2704
f 2705 2706 2704
f 12 2707 2709
f 2707 15 2708
f 2708 16 2709
f 2707 2708 2709
f 16 2710 2709
f 2710 13 2703
f 2703 12 2709
f 2710 2703 2709
f 15 2711 2713
f 2711 17 2712
f 2712 18 2713
f 2711 2712 2713
f 18 2714 2713
f 2714 16 2708
f 2708 15 2713
f 2714 2708 2713
f 17 2715 2717
f 2715 19 2716
f 2716 20 2717
f 2715 2716 2717
f 20 2718 2717
f 2718 18 2712
f 2712 17 2717
f 2718 2712 2717
f 19 2719 2720
f 2719 11 2706
f 2706 14 2720
f 2719 2706 2720
f 14 2721 2720
f 2721 20 2716
f 2716 19 2720
f 2721 2716 2720
f 21 2722 2724
f 2722 22 2723
f 2723 23 2724
f 2722 2723 2724
f 23 2725 2724
f 2725 24 2726
f 2726 21 2724
f 2725 2726 2724
f 22 2727 2729
f 2727 25 2728
f 2728 26 2729
f 2727 2728 2729
f 26 2730 2729
f 2730 23 2723
f 2723 22 2729
f 2730 2723 2729
f 25 2731 2733
f 2731 27 2732
f 2732 28 2733
f 2731 2732 2733
f 28 2734 2733
f 2734 26 2728
f 2728 25 2733
f 2734 2728 2733
f 27 2735 2737
f 2735 29 2736
f 2736 30 2737
f 2735 2736 2737
f 30 2738 2737
f 2738 28 2732
f 2732 27 2737
f 2738 2732 2737
f 29 2739 2740
f 2739 21 2726
f 2726 24 2740
f 2739 2726 2740
f 24 2741 2740
f 2741 30 2736
f 2736 29 2740
f 2741 2736 2740
f 31 2742 2744
f 2742 32 2743
f 2743 33 2744
f 2742 2743 2744
f 33 2745 2744
f 2745 34 2746
f 2746 31 2744
f 2745 2746 2744
f 32 2747 2749
f 2747 35 2748
f 2748 36 2749
f 2747 2748 2749
f 36 2750 2749
f 2750 33 2743
f 2743 32 2749
f 2750 2743 2749
f 35 2751 2753
f 2751 37 2752
f 2752 38 2753
f 2751 2752 2753
f 38 2754 2753
f 2754 36 2748
f 2748 35 2753
f 2754 2748 2753
f 37 2755 2757
f 2755 39 2756
f 2756 40 2757
f 2755 2756 2757
f 40 2758 2757
f 2758 38 2752
f 2752 37 2757
f 2758 2752 2757
f 39 2759 2760
f 2759 31 2746
f 2746 34 2760
f 2759 2746 2760
f 34 2761 2760
f 2761 40 2756
f 2756 39 2760
f 2761 2756 2760
f 41 2762 2764
f 2762 42 2763
f 2763 43 2764
f 2762 2763 2764
f 43 2765 2764
f 2765 44 2766
f 2766 41 2764
f 2765 2766 2764
f 42 2767 2769
f 2767 45 2768
f 2768 46 2769
f 2767 2768 2769
f 46 2770 2769
f 2770 43 2763
f 2763 42 2769
f 2770 2763 2769
f 45 2771 2773
f 2771 47 2772
f 2772 48 2773
f 2771 2772 2773
f 48 2774 2773
f 2774 46 2768
f 2768 45 2773
f 2774 2768 2773
f 47 2775 2777
f 2775 49 2776
f 2776 50 2777
f 2775 2776 2777
f 50 2778 2777
f 2778 48 2772
f 2772 47 2777
f 2778 2772 2777
f 49 2779 2780
f 2779 41 2766
f 2766 44 2780
f 2779 2766 2780
f 44 2781 2780
f 2781 50 2776
f 2776 49 2780
f 2781 2776 2780
f 51 2782 2784
f 2782 52 2783
f 2783 53 2784
f 2782 2783 2784
f 53 2785 2784
f 2785 54 2786
f 2786 51 2784
f 2785 2786 2784
f 52 2787 2789
f 2787 55 2788
f 2788 56 2789
f 2787 2788 2789
f 56 2790 2789
f 2790 53 2783
f 2783 52 2789
f 2790 2783 2789
f 55 2791 2793
f 2791 57 2792
f 2792 58 2793
f 2791 2792 2793
f 58 2794 2793
f 2794 56 2788
f 2788 55 2793
f 2794 2788 2793
f 57 2795 2797
f 2795 59 2796
f 2796 60 2797
f 2795 2796 2797
f 60 2798 2797
f 2798 58 2792
f 2792 57 2797
f 2798 2792 2797
f 59 2799 2800
f 2799 51 2786
f 2786 54 2800
f 2799 2786 2800
f 54 2801 2800
f 2801 60 2796
f 2796 59 2800
f 2801 2796 2800
f 61 2802 2804
f 2802 62 2803
f 2803 63 2804
f 2802 2803 2804
f 63 2805 2804
f 2805 64 2806
f 2806 61 2804
f 2805 2806 2804
f 62 2807 2809
f 2807 65 2808
f 2808 66 2809
f 2807 2808 2809
f 66 2810 2809
f 2810 63 2803
f 2803 62 2809
f 2810 2803 2809
f 65 2811 2813
f 2811 67 2812
f 2812 68 2813
f 2811 2812 2813
f 68 2814 2813
f 2814 66 2808
f 2808 65 2813
f 2814 2808 2813
f 67 2815 2817
f 2815 69 2816
f 2816 70 2817
f 2815 2816 2817
f 70 2818 2817
f 2818 68 2812
f 2812 67 2817
f 2818 2812 2817
f 69 2819 2820
f 2819 61 2806
f 2806 64 2820
f 2819 2806 2820
f 64 2821 2820
f 2821 70 2816
f 2816 69 2820
f 2821 2816 2820
f 71 2822 2824
f 2822 72 2823
f 2823 73 2824
f 2822 2823 2824
f 73 2825 2824
f 2825 74 2826
f 2826 71 2824
f 2825 2826 2824
f 72 2827 2829
f 2827 75 2828
f 2828 76 2829
f 2827 2828 2829
f 76 2830 2829
f 2830 73 2823
f 2823 72 2829
f 2830 2823 2829
f 75 2831 2833
f 2831 77 2832
f 2832 78 2833
f 2831 2832 2833
f 78 2834 2833
f 2834 76 2828
f 2828 75 2833
f 2834 2828 2833
f 77 2835 2837
f 2835 79 2836
f 2836 80 2837
f 2835 2836 2837
f 80 2838 2837
f 2838 78 2832
f 2832 77 2837
f 2838 2832 2837
f 79 2839 2840
f 2839 71 2826
f 2826 74 2840
f 2839 2826 2840
f 74 2841 2840
f 2841 80 2836
f 2836 79 2840
f 2841 2836 2840
f 81 2842 2844
f 2842 82 2843
f 2843 83 2844
f 2842 2843 2844
f 83 2845 2844
f 2845 84 2846
f 2846 81 2844
f 2845 2846 2844
f 82 2847 2849
f 2847 85 2848
f 2848 86 2849
f 2847 2848 2849
f 86 2850 2849
f 2850 83 2843
f 2843 82 2849
f 2850 2843 2849
f 85 2851 2853
f 2851 87 2852
f 2852 88 2853
f 2851 2852 2853
f 88 2854 2853
f 2854 86 2848
f 2848 85 2853
f 2854 2848 2853
f 87 2855 2857
f 2855 89 2856
f 2856 90 2857
f 2855 2856 2857
f 90 2858 2857
f 2858 88 2852
f 2852 87 2857
f 2858 2852 2857
f 89 2859 2860
f 2859 81 2846
f 2846 84 2860
f 2859 2846 2860
f 84 2861 2860
f 2861 90 2856
f 2856 89 2860
f 2861 2856 2860
f 91 2862 2864
f 2862 92 2863
f 2863 93 2864
f 2862 2863 2864
f 93 2865 2864
f 2865 94 2866
f 2866 91 2864
f 2865 2866 2864
f 92 2867 2869
f 2867 95 2868
f 2868 96 2869
f 2867 2868 2869
f 96 2870 2869
f 2870 93 2863
f 2863 92 2869
f 2870 2863 2869
f 95 2871 2873
f 2871 97 2872
f 2872 98 2873
f 2871 2872 2873
f 98 2874 2873
f 2874 96 2868
f 2868 95 2873
f 2874 2868 2873
f 97 2875 2877
f 2875 99 2876
f 2876 100 2877
f 2875 2876 2877
f 100 2878 2877
f 2878 98 2872
f 2872 97 2877
f 2878 2872 2877
f 99 2879 2880
f 2879 91 2866
f 2866 94 2880
f 2879 2866 2880
f 94 2881 2880
f 2881 100 2876
f 2876 99 2880
f 2881 2876 2880
f 101 2882 2884
f 2882 102 2883
f 2883 103 2884
f 2882 2883 2884
f 103 2885 2884
f 2885 104 2886
f 2886 101 2884
f 2885 2886 2884
f 102 2887 2889
f 2887 105 2888
f 2888 106 2889
f 2887 2888 2889
f 106 2890 2889
f 2890 103 2883
f 2883 102 2889
f 2890 2883 2889
f 105 2891 2893
f 2891 107 2892
f 2892 108 2893
f 2891 2892 2893
f 108 2894 2893
f 2894 106 2888
f 2888 105 2893
f 2894 2888 2893
f 107 2895 2897
f 2895 109 2896
f 2896 110 2897
f 2895 2896 2897
f 110 2898 2897
f 2898 108 2892
f 2892 107 2897
f 2898 2892 2897
f 109 2899 2900
f 2899 101 2886
f 2886 104 2900
f 2899 2886 2900
f 104 2901 2900
f 2901 110 2896
f 2896 109 2900
f 2901 2896 2900
f 111 2902 2904
f 2902 112 2903
f 2903 113 2904
f 2902 2903 2904
f 113 2905 2904
f 2905 114 2906
f 2906 111 2904
f 2905 2906 2904
f 112 2907 2909
f 2907 115 2908
f 2908 116 2909
f 2907 2908 2909
f 116 2910 2909
f 2910 113 2903
f 2903 112 2909
f 2910 2903 2909
f 115 2911 2913
f 2911 117 2912
f 2912 118 2913
f 2911 2912 2913
f 118 2914 2913
f 2914 116 2908
f 2908 115 2913
f 2914 2908 2913
f 117 2915 2917
f 2915 119 2916
f 2916 120 2917
f 2915 2916 2917
f 120 2918 2917
f 2918 118 2912
f 2912 117 2917
f 2918 2912 2917
f 119 2919 2920
f 2919 111 2906
f 2906 114 2920
f 2919 2906 2920
f 114 2921 2920
f 2921 120 2916
f 2916 119 2920
f 2921 2916 2920
f 121 2922 2924
f 2922 122 2923
f 2923 123 2924
f 2922 2923 2924
f 123 2925 2924
f 2925 124 2926
f 2926 121 2924
f 2925 2926 2924
f 122 2927 2929
f 2927 125 2928
f 2928 126 2929
f 2927 2928 2929
f 126 2930 2929
f 2930 123 2923
f 2923 122 2929
f 2930 2923 2929
f 125 2931 2933
f 2931 127 2932
f 2932 128 2933
f 2931 2932 2933
f 128 2934 2933
f 2934 126 2928
f 2928 125 2933
f 2934 2928 2933
f 127 2935 2937
f 2935 129 2936
f 2936 130 2937
f 2935 2936 2937
f 130 2938 2937
f 2938 128 2932
f 2932 127 2937
f 2938 2932 2937
f 129 2939 2940
f 2939 121 2926
f 2926 124 2940
f 2939 2926 2940
f 124 2941 2940
f 2941 130 2936
f 2936 129 2940
f 2941 2936 2940
f 131 2942 2944
f 2942 132 2943
f 2943 133 2944
f 2942 2943 2944
f 133 2945 2944
f 2945 134 2946
f 2946 131 2944
f 2945 2946 2944
f 132 2947 2949
f 2947 135 2948
f 2948 136 2949
f 2947 2948 2949
f 136 2950 2949
f 2950 133 2943
f 2943 132 2949
f 2950 2943 2949
f 135 2951 2953
f 2951 137 2952
f 2952 138 2953
f 2951 2952 2953
f 138 2954 2953
f 2954 136 2948
f 2948 135 2953
f 2954 2948 2953
f 137 2955 2957
f 2955 139 2956
f 2956 140 2957
f 2955 2956 2957
f 140 2958 2957
f 2958 138 2952
f 2952 137 2957
f 2958 2952 2957
f 139 2959 2960
f 2959 131 2946
f 2946 134 2960
f 2959 2946 2960
f 134 2961 2960
f 2961 140 2956
f 2956 139 2960
f 2961 2956 2960
f 141 2962 2964
f 2962 142 2963
f 2963 143 2964
f 2962 2963 2964
f 143 2965 2964
f 2965 144 2966
f 2966 141 2964
f 2965 2966 2964
f 142 2967 2969
f 2967 145 2968
f 2968 146 2969
f 2967 2968 2969
f 146 2970 2969
f 2970 143 2963
f 2963 142 2969
f 2970 2963 2969
f 145 2971 2973
f 2971 147 2972
f 2972 148 2973
f 2971 2972 2973
f 148 2974 2973
f 2974 146 2968
f 2968 145 2973
f 2974 2968 2973
f 147 2975 2977
f 2975 149 2976
f 2976 150 2977
f 2975 2976 2977
f 150 2978 2977
f 2978 148 2972
f 2972 147 2977
f 2978 2972 2977
f 149 2979 2980
f 2979 141 2966
f 2966 144 2980
f 2979 2966 2980
f 144 2981 2980
f 2981 150 2976
f 2976 149 2980
f 2981 2976 2980
f 151 2982 2984
f 2982 152 2983
f 2983 153 2984
f 2982 2983 2984
f 153 2985 2984
f 2985 154 2986
f 2986 151 2984
f 2985 2986 2984
f 152 2987 2989
f 2987 155 2988
f 2988 156 2989
f 2987 2988 2989
f 156 2990 2989
f 2990 153 2983
f 2983 152 2989
f 2990 2983 2989
f 155 2991 2993
f 2991 157 2992
f 2992 158 2993
f 2991 2992 2993
f 158 2994 2993
f 2994 156 2988
f 2988 155 2993
f 2994 2988 2993
f 157 2995 2997
f 2995 159 2996
f 2996 160 2997
f 2995 2996 2997
f 160 2998 2997
f 2998 158 2992
f 2992 157 2997
f 2998 2992 2997
f 159 2999 3000
f 2999 151 2986
f 2986 154 3000
f 2999 2986 3000
f 154 3001 3000
f 3001 160 2996
f 2996 159 3000
f 3001 2996 3000
f 161 3002 3004
f 3002 162 3003
f 3003 163 3004
f 3002 3003 3004
f 163 3005 3004
f 3005 164 3006
f 3006 161 3004
f 3005 3006 3004
f 162 3007 3009
f 3007 165 3008
f 3008 166 3009
f 3007 3008 3009
f 166 3010 3009
f 3010 163 3003
f 3003 162 3009
f 3010 3003 3009
f 165 3011 3013
f 3011 167 3012
f 3012 168 3013
f 3011 3012 3013
f 168 3014 3013
f 3014 166 3008
f 3008 165 3013
f 3014 3008 3013
f 167 3015 3017
f 3015 169 3016
f 3016 170 3017
f 3015 3016 3017
f 170 3018 3017
f 3018 168 3012
f 3012 167 3017
f 3018 3012 3017
f 169 3019 3020
f 3019 161 3006
f 3006 164 3020
f 3019 3006 3020
f 164 3021 3020
f 3021 170 3016
f 3016 169 3020
f 3021 3016 3020
f 171 3022 3024
f 3022 172 3023
f 3023 173 3024
f 3022 3023 3024
f 173 3025 3024
f 3025 174 3026
f 3026 171 3024
f 3025 3026 3024
f 172 3027 3029
f 3027 175 3028
f 3028 176 3029
f 3027 3028 3029
f 176 3030 3029
f 3030 173 3023
f 3023 172 3029
f 3030 3023 3029
f 175 3031 3033
f 3031 177 3032
f 3032 178 3033
f 3031 3032 3033
f 178 3034 3033
f 3034 176 3028
f 3028 175 3033
f 3034 3028 3033
f 177 3035 3037
f 3035 179 3036
f 3036 180 3037
f 3035 3036 3037
f 180 3038 3037
f 3038 178 3032
f 3032 177 3037
f 3038 3032 3037
f 179 3039 3040
f 3039 171 3026
f 3026 174 3040
f 3039 3026 3040
f 174 3041 3040
f 3041 180 3036
f 3036 179 3040
f 3041 3036 3040
f 181 3042 3044
f 3042 182 3043
f 3043 183 3044
f 3042 3043 3044
f 183 3045 3044
f 3045 184 3046
f 3046 181 3044
f 3045 3046 3044
f 182 3047 3049
f 3047 185 3048
f 3048 186 3049
f 3047 3048 3049
f 186 3050 3049
f 3050 183 3043
f 3043 182 3049
f 3050 3043 3049
f 185 3051 3053
f 3051 187 3052
f 3052 188 3053
f 3051 3052 3053
f 188 3054 3053
f 3054 186 3048
f 3048 185 3053
f 3054 3048 3053
f 187 3055 3057
f 3055 189 3056
f 3056 190 3057
f 3055 3056 3057
f 190 3058 3057
f 3058 188 3052
f 3052 187 3057
f 3058 3052 3057
f 189 3059 3060
f 3059 181 3046
f 3046 184 3060
f 3059 3046 3060
f 184 3061 3060
f 3061 190 3056
f 3056 189 3060
f 3061 3056 3060
f 191 3062 3064
f 3062 192 3063
f 3063 193 3064
f 3062 3063 3064
f 193 3065 3064
f 3065 194 3066
f 3066 191 3064
f 3065 3066 3064
f 192 3067 3069
f 3067 195 3068
f 3068 196 3069
f 3067 3068 3069
f 196 3070 3069
f 3070 193 3063
f 3063 192 3069
f 3070 3063 3069
f 195 3071 3073
f 3071 197 3072
f 3072 198 3073
f 3071 3072 3073
f 198 3074 3073
f 3074 196 3068
f 3068 195 3073
f 3074 3068 3073
f 197 3075 3077
f 3075 199 3076
f 3076 200 3077
f 3075 3076 3077
f 200 3078 3077
f 3078 198 3072
f 3072 197 3077
f 3078 3072 3077
f 199 3079 3080
f 3079 191 3066
f 3066 194 3080
f 3079 3066 3080
f 194 3081 3080
f 3081 200 3076
f 3076 199 3080
f 3081 3076 3080
f 201 3082 3084
f 3082 202 3083
f 3083 203 3084
f 3082 3083 3084
f 203 3085 3084
f 3085 204 3086
f 3086 201 3084
f 3085 3086 3084
f 202 3087 3089
f 3087 205 3088
f 3088 206 3089
f 3087 3088 3089
f 206 3090 3089
f 3090 203 3083
f 3083 202 3089
f 3090 3083 3089
f 205 3091 3093
f 3091 207 3092
f 3092 208 3093
f 3091 3092 3093
f 208 3094 3093
f 3094 206 3088
f 3088 205 3093
f 3094 3088 3093
f 207 3095 3097
f 3095 209 3096
f 3096 210 3097
f 3095 3096 3097
f 210 3098 3097
f 3098 208 3092
f 3092 207 3097
f 3098 3092 3097
f 209 3099 3100
f 3099 201 3086
f 3086 204 3100
f 3099 3086 3100
f 204 3101 3100
f 3101 210 3096
f 3096 209 3100
f 3101 3096 3100
f 211 3102 3104
f 3102 212 3103
f 3103 213 3104
f 3102 3103 3104
f 213 3105 3104
f 3105 214 3106
f 3106 211 3104
f 3105 3106 3104
f 212 3107 3109
f 3107 215 3108
f 3108 216 3109
f 3107 3108 3109
f 216 3110 3109
f 3110 213 3103
f 3103 212 3109
f 3110 3103 3109
f 215 3111 3113
f 3111 217 3112
f 3112 218 3113
f 3111 3112 3113
f 218 3114 3113
f 3114 216 3108
f 3108 215 3113
f 3114 3108 3113
f 217 3115 3117
f 3115 219 3116
f 3116 220 3117
f 3115 3116 3117
f 220 3118 3117
f 3118 218 3112
f 3112 217 3117
f 3118 3112 3117
f 219 3119 3120
f 3119 211 3106
f 3106 214 3120
f 3119 3106 3120
f 214 3121 3120
f 3121 220 3116
f 3116 219 3120
f 3121 3116 3120
f 221 3122 3124
f 3122 222 3123
f 3123 223 3124
f 3122 3123 3124
f 223 3125 3124
f 3125 224 3126
f 3126 221 3124
f 3125 3126 3124
f 222 3127 3129
f 3127 225 3128
f 3128 226 3129
f 3127 3128 3129
f 226 3130 3129
f 3130 223 3123
f 3123 222 3129
f 3130 3123 3129
f 225 3131 3133
f 3131 227 3132
f 3132 228 3133
f 3131 3132 3133
f 228 3134 3133
f 3134 226 3128
f 3128 225 3133
f 3134 3128 3133
f 227 3135 3137
f 3135 229 3136
f 3136 230 3137
f 3135 3136 3137
f 230 3138 3137
f 3138 228 3132
f 3132 227 3137
f 3138 3132 3137
f 229 3139 3140
f 3139 221 3126
f 3126 224 3140
f 3139 3126 3140
f 224 3141 3140
f 3141 230 3136
f 3136 229 3140
f 3141 3136 3140
f 231 3142 3144
f 3142 232 3143
f 3143 233 3144
f 3142 3143 3144
f 233 3145 3144
f 3145 234 3146
f 3146 231 3144
f 3145 3146 3144
f 232 3147 3149
f 3147 235 3148
f 3148 236 3149
f 3147 3148 3149
f 236 3150 3149
f 3150 233 3143
f 3143 232 3149
f 3150 3143 3149
f 235 3151 3153
f 3151 237 3152
f 3152 238 3153
f 3151 3152 3153
f 238 3154 3153
f 3154 236 3148
f 3148 235 3153
f 3154 3148 3153
f 237 3155 3157
f 3155 239 3156
f 3156 240 3157
f 3155 3156 3157
f 240 3158 3157
f 3158 238 3152
f 3152 237 3157
f 3158 3152 3157
f 239 3159 3160
f 3159 231 3146
f 3146 234 3160
f 3159 3146 3160
f 234 3161 3160
f 3161 240 3156
f 3156 239 3160
f 3161 3156 3160
f 241 3162 3164
f 3162 242 3163
f 3163 243 3164
f 3162 3163 3164
f 243 3165 3164
f 3165 244 3166
f 3166 241 3164
f 3165 3166 3164
f 242 3167 3169
f 3167 245 3168
f 3168 246 3169
f 3167 3168 3169
f 246 3170 3169
f 3170 243 3163
f 3163 242 3169
f 3170 3163 3169
f 245 3171 3173
f 3171 247 3172
f 3172 248 3173
f 3171 3172 3173
f 248 3174 3173
f 3174 246 3168
f 3168 245 3173
f 3174 3168 3173
f 247 3175 3177
f 3175 249 3176
f 3176 250 3177
f 3175 3176 3177
f 250 3178 3177
f 3178 248 3172
f 3172 247 3177
f 3178 3172 3177
f 249 3179 3180
f 3179 241 3166
f 3166 244 3180
f 3179 3166 3180
f 244 3181 3180
f 3181 250 3176
f 3176 249 3180
f 3181 3176 3180
f 251 3182 3184
f 3182 252 3183
f 3183 253 3184
f 3182 3183 3184
f 253 3185 3184
f 3185 254 3186
f 3186 251 3184
f 3185 3186 3184
f 252 3187 3189
f 3187 255 3188
f 3188 256 3189
f 3187 3188 3189
f 256 3190 3189
f 3190 253 3183
f 3183 252 3189
f 3190 3183 3189
f 255 3191 3193
f 3191 257 3192
f 3192 258 3193
f 3191 3192 3193
f 258 3194 3193
f 3194 256 3188
f 3188 255 3193
f 3194 3188 3193
f 257 3195 3197
f 3195 259 3196
f 3196 260 3197
f 3195 3196 3197
f 260 3198 3197
f 3198 258 3192
f 3192 257 3197
f 3198 3192 3197
f 259 3199 3200
f 3199 251 3186
f 3186 254 3200
f 3199 3186 3200
f 254 3201 3200
f 3201 260 3196
f 3196 259 3200
f 3201 3196 3200
f 261 3202 3204
f 3202 262 3203
f 3203 263 3204
f 3202 3203 3204
f 263 3205 3204
f 3205 264 3206
f 3206 261 3204
f 3205 3206 3204
f 262 3207 3209
f 3207 265 3208
f 3208 266 3209
f 3207 3208 3209
f 266 3210 3209
f 3210 263 3203
f 3203 262 3209
f 3210 3203 3209
f 265 3211 3213
f 3211 267 3212
f 3212 268 3213
f 3211 3212 3213
f 268 3214 3213
f 3214 266 3208
f 3208 265 3213
f 3214 3208 3213
f 267 3215 3217
f 3215 269 3216
f 3216 270 3217
f 3215 3216 3217
f 270 3218 3217
f 3218 268 3212
f 3212 267 3217
f 3218 3212 3217
f 269 3219 3220
f 3219 261 3206
f 3206 264 3220
f 3219 3206 3220
f 264 3221 3220
f 3221 270 3216
f 3216 269 3220
f 3221 3216 3220
f 271 3222 3224
f 3222 272 3223
f 3223 273 3224
f 3222 3223 3224
f 273 3225 3224
f 3225 274 3226
f 3226 271 3224
f 3225 3226 3224
f 272 3227 3229
f 3227 275 3228
f 3228 276 3229
f 3227 3228 3229
f 276 3230 3229
f 3230 273 3223
f 3223 272 3229
f 3230 3223 3229
f 275 3231 3233
f 3231 277 3232
f 3232 278 3233
f 3231 3232 3233
f 278 3234 3233
f 3234 276 3228
f 3228 275 3233
f 3234 3228 3233
f 277 3235 3237
f 3235 279 3236
f 3236 280 3237
f 3235 3236 3237
f 280 3238 3237
f 3238 278 3232
f 3232 277 3237
f 3238 3232 3237
f 279 3239 3240
f 3239 271 3226
f 3226 274 3240
f 3239 3226 3240
f 274 3241 3240
f 3241 280 3236
f 3236 279 3240
f 3241 3236 3240
f 274 3225 3243
f 3225 273 3242
f 3242 281 3243
f 3225 3242 3243
f 281 3244 3243
f 3244 282 3245
f 3245 274 3243
f 3244 3245 3243
f 273 3230 3247
f 3230 276 3246
f 3246 283 3247
f 3230 3246 3247
f 283 3248 3247
f 3248 281 3242
f 3242 273 3247
f 3248 3242 3247
f 276 3234 3250
f 3234 278 3249
f 3249 284 3250
f 3234 3249 3250
f 284 3251 3250
f 3251 283 3246
f 3246 276 3250
f 3251 3246 3250
f 278 3238 3253
f 3238 280 3252
f 3252 285 3253
f 3238 3252 3253
f 285 3254 3253
f 3254 284 3249
f 3249 278 3253
f 3254 3249 3253
f 280 3241 3255
f 3241 274 3245
f 3245 282 3255
f 3241 3245 3255
f 282 3256 3255
f 3256 285 3252
f 3252 280 3255
f 3256 3252 3255
f 286 3257 3259
f 3257 287 3258
f 3258 288 3259
f 3257 3258 3259
f 288 3260 3259
f 3260 289 3261
f 3261 286 3259
f 3260 3261 3259
f 287 3262 3264
f 3262 290 3263
f 3263 291 3264
f 3262 3263 3264
f 291 3265 3264
f 3265 288 3258
f 3258 287 3264
f 3265 3258 3264
f 290 3266 3268
f 3266 292 3267
f 3267 293 3268
f 3266 3267 3268
f 293 3269 3268
f 3269 291 3263
f 3263 290 3268
f 3269 3263 3268
f 292 3270 3272
f 3270 294 3271
f 3271 295 3272
f 3270 3271 3272
f 295 3273 3272
f 3273 293 3267
f 3267 292 3272
f 3273 3267 3272
f 294 3274 3275
f 3274 286 3261
f 3261 289 3275
f 3274 3261 3275
f 289 3276 3275
f 3276 295 3271
f 3271 294 3275
f 3276 3271 3275
f 296 3277 3279
f 3277 297 3278
f 3278 298 3279
f 3277 3278 3279
f 298 3280 3279
f 3280 299 3281
f 3281 296 3279
f 3280 3281 3279
f 297 3282 3284
f 3282 300 3283
f 3283 301 3284
f 3282 3283 3284
f 301 3285 3284
f 3285 298 3278
f 3278 297 3284
f 3285 3278 3284
f 300 3286 3288
f 3286 302 3287
f 3287 303 3288
f 3286 3287 3288
f 303 3289 3288
f 3289 301 3283
f 3283 300 3288
f 3289 3283 3288
f 302 3290 3292
f 3290 304 3291
f 3291 305 3292
f 3290 3291 3292
f 305 3293 3292
f 3293 303 3287
f 3287 302 3292
f 3293 3287 3292
f 304 3294 3295
f 3294 296 3281
f 3281 299 3295
f 3294 3281 3295
f 299 3296 3295
f 3296 305 3291
f 3291 304 3295
f 3296 3291 3295
f 306 3297 3299
f 3297 307 3298
f 3298 308 3299
f 3297 3298 3299
f 308 3300 3299
f 3300 309 3301
f 3301 306 3299
f 3300 3301 3299
f 307 3302 3304
f 3302 310 3303
f 3303 311 3304
f 3302 3303 3304
f 311 3305 3304
f 3305 308 3298
f 3298 307 3304
f 3305 3298 3304
f 310 3306 3308
f 3306 312 3307
f 3307 313 3308
f 3306 3307 3308
f 313 3309 3308
f 3309 311 3303
f 3303 310 3308
f 3309 3303 3308
f 312 3310 3312
f 3310 314 3311
f 3311 315 3312
f 3310 3311 3312
f 315 3313 3312
f 3313 313 3307
f 3307 312 3312
f 3313 3307 3312
f 314 3314 3315
f 3314 306 3301
f 3301 309 3315
f 3314 3301 3315
f 309 3316 3315
f 3316 315 3311
f 3311 314 3315
f 3316 3311 3315
f 316 3317 3319
f 3317 317 3318
f 3318 318 3319
f 3317 3318 3319
f 318 3320 3319
f 3320 319 3321
f 3321 316 3319
f 3320 3321 3319
f 317 3322 3324
f 3322 320 3323
f 3323 321 3324
f 3322 3323 3324
f 321 3325 3324
f 3325 318 3318
f 3318 317 3324
f 3325 3318 3324
f 320 3326 3328
f 3326 322 3327
f 3327 323 3328
f 3326 3327 3328
f 323 3329 3328
f 3329 321 3323
f 3323 320 3328
f 3329 3323 3328
f 322 3330 3332
f 3330 324 3331
f 3331 325 3332
f 3330 3331 3332
f 325 3333 3332
f 3333 323 3327
f 3327 322 3332
f 3333 3327 3332
f 324 3334 3335
f 3334 316 3321
f 3321 319 3335
f 3334 3321 3335
f 319 3336 3335
f 3336 325 3331
f 3331 324 3335
f 3336 3331 3335
f 326 3337 3339
f 3337 327 3338
f 3338 328 3339
f 3337 3338 3339
f 328 3340 3339
f 3340 329 3341
f 3341 326 3339
f 3340 3341 3339
f 327 3342 3344
f 3342 330 3343
f 3343 331 3344
f 3342 3343 3344
f 331 3345 3344
f 3345 328 3338
f 3338 327 3344
f 3345 3338 3344
f 330 3346 3348
f 3346 332 3347
f 3347 333 3348
f 3346 3347 3348
f 333 3349 3348
f 3349 331 3343
f 3343 330 3348
f 3349 3343 3348
f 332 3350 3352
f 3350 334 3351
f 3351 335 3352
f 3350 3351 3352
f 335 3353 3352
f 3353 333 3347
f 3347 332 3352
f 3353 3347 3352
f 334 3354 3355
f 3354 326 3341
f 3341 329 3355
f 3354 3341 3355
f 329 3356 3355
f 3356 335 3351
f 3351 334 3355
f 3356 3351 3355
f 336 3357 3359
f 3357 337 3358
f 3358 338 3359
f 3357 3358 3359
f 338 3360 3359
f 3360 339 3361
f 3361 336 3359
f 3360 3361 3359
f 337 3362 3364
f 3362 340 3363
f 3363 341 3364
f 3362 3363 3364
f 341 3365 3364
f 3365 338 3358
f 3358 337 3364
f 3365 3358 3364
f 340 3366 3368
f 3366 342 3367
f 3367 343 3368
f 3366 3367 3368
f 343 3369 3368
f 3369 341 3363
f 3363 340 3368
f 3369 3363 3368
f 342 3370 3372
f 3370 344 3371
f 3371 345 3372
f 3370 3371 3372
f 345 3373 3372
f 3373 343 3367
f 3367 342 3372
f 3373 3367 3372
f 344 3374 3375
f 3374 336 3361
f 3361 339 3375
f 3374 3361 3375
f 339 3376 3375
f 3376 345 3371
f 3371 344 3375
f 3376 3371 3375
f 346 3377 3379
f 3377 347 3378
f 3378 348 3379
f 3377 3378 3379
f 348 3380 3379
f 3380 349 3381
f 3381 346 3379
f 3380 3381 3379
f 347 3382 3384
f 3382 350 3383
f 3383 351 3384
f 3382 3383 3384
f 351 3385 3384
f 3385 348 3378
f 3378 347 3384
f 3385 3378 3384
f 350 3386 3388
f 3386 352 3387
f 3387 353 3388
f 3386 3387 3388
f 353 3389 3388
f 3389 351 3383
f 3383 350 3388
f 3389 3383 3388
f 352 3390 3392
f 3390 354 3391
f 3391 355 3392
f 3390 3391 3392
f 355 3393 3392
f 3393 353 3387
f 3387 352 3392
f 3393 3387 3392
f 354 3394 3395
f 3394 346 3381
f 3381 349 3395
f 3394 3381 3395
f 349 3396 3395
f 3396 355 3391
f 3391 354 3395
f 3396 3391 3395
f 349 3380 3398
f 3380 348 3397
f 3397 356 3398
f 3380 3397 3398
f 356 3399 3398
f 3399 357 3400
f 3400 349 3398
f 3399 3400 3398
f 348 3385 3402
f 3385 351 3401
f 3401 358 3402
f 3385 3401 3402
f 358 3403 3402
f 3403 356 3397
f 3397 348 3402
f 3403 3397 3402
f 351 3389 3405
f 3389 353 3404
f 3404 359 3405
f 3389 3404 3405
f 359 3406 3405
f 3406 358 3401
f 3401 351 3405
f 3406 3401 3405
f 353 3393 3408
f 3393 355 3407
f 3407 360 3408
f 3393 3407 3408
f 360 3409 3408
f 3409 359 3404
f 3404 353 3408
f 3409 3404 3408
f 355 3396 3410
f 3396 349 3400
f 3400 357 3410
f 3396 3400 3410
f 357 3411 3410
f 3411 360 3407
f 3407 355 3410
f 3411 3407 3410
f 361 3412 3414
f 3412 362 3413
f 3413 363 3414
f 3412 3413 3414
f 363 3415 3414
f 3415 364 3416
f 3416 361 3414
f 3415 3416 3414
f 362 3417 3419
f 3417 365 3418
f 3418 366 3419
f 3417 3418 3419
f 366 3420 3419
f 3420 363 3413
f 3413 362 3419
f 3420 3413 3419
f 365 3421 3423
f 3421 367 3422
f 3422 368 3423
f 3421 3422 3423
f 368 3424 3423
f 3424 366 3418
f 3418 365 3423
f 3424 3418 3423
f 367 3425 3427
f 3425 369 3426
f 3426 370 3427
f 3425 3426 3427
f 370 3428 3427
f 3428 368 3422
f 3422 367 3427
f 3428 3422 3427
f 369 3429 3430
f 3429 361 3416
f 3416 364 3430
f 3429 3416 3430
f 364 3431 3430
f 3431 370 3426
f 3426 369 3430
f 3431 3426 3430
f 371 3432 3434
f 3432 372 3433
f 3433 373 3434
f 3432 3433 3434
f 373 3435 3434
f 3435 374 3436
f 3436 371 3434
f 3435 3436 3434
f 372 3437 3439
f 3437 375 3438
f 3438 376 3439
f 3437 3438 3439
f 376 3440 3439
f 3440 373 3433
f 3433 372 3439
f 3440 3433 3439
f 375 3441 3443
f 3441 377 3442
f 3442 378 3443
f 3441 3442 3443
f 378 3444 3443
f 3444 376 3438
f 3438 375 3443
f 3444 3438 3443
f 377 3445 3447
f 3445 379 3446
f 3446 380 3447
f 3445 3446 3447
f 380 3448 3447
f 3448 378 3442
f 3442 377 3447
f 3448 3442 3447
f 379 3449 3450
f 3449 371 3436
f 3436 374 3450
f 3449 3436 3450
f 374 3451 3450
f 3451 380 3446
f 3446 379 3450
f 3451 3446 3450
f 381 3452 3454
f 3452 382 3453
f 3453 383 3454
f 3452 3453 3454
f 383 3455 3454
f 3455 384 3456
f 3456 381 3454
f 3455 3456 3454
f 382 3457 3459
f 3457 385 3458
f 3458 386 3459
f 3457 3458 3459
f 386 3460 3459
f 3460 383 3453
f 3453 382 3459
f 3460 3453 3459
f 385 3461 3463
f 3461 387 3462
f 3462 388 3463
f 3461 3462 3463
f 388 3464 3463
f 3464 386 3458
f 3458 385 3463
f 3464 3458 3463
f 387 3465 3467
f 3465 389 3466
f 3466 390 3467
f 3465 3466 3467
f 390 3468 3467
f 3468 388 3462
f 3462 387 3467
f 3468 3462 3467
f 389 3469 3470
f 3469 381 3456
f 3456 384 3470
f 3469 3456 3470
f 384 3471 3470
f 3471 390 3466
f 3466 389 3470
f 3471 3466 3470
f 391 3472 3474
f 3472 392 3473
f 3473 393 3474
f 3472 3473 3474
f 393 3475 3474
f 3475 394 3476
f 3476 391 3474
f 3475 3476 3474
f 392 3477 3479
f 3477 395 3478
f 3478 396 3479
f 3477 3478 3479
f 396 3480 3479
f 3480 393 3473
f 3473 392 3479
f 3480 3473 3479
f 395 3481 3483
f 3481 397 3482
f 3482 398 3483
f 3481 3482 3483
f 398 3484 3483
f 3484 396 3478
f 3478 395 3483
f 3484 3478 3483
f 397 3485 3487
f 3485 399 3486
f 3486 400 3487
f 3485 3486 3487
f 400 3488 3487
f 3488 398 3482
f 3482 397 3487
f 3488 3482 3487
f 399 3489 3490
f 3489 391 3476
f 3476 394 3490
f 3489 3476 3490
f 394 3491 3490
f 3491 400 3486
f 3486 399 3490
f 3491 3486 3490
f 401 3492 3494
f 3492 402 3493
f 3493 403 3494
f 3492 3493 3494
f 403 3495 3494
f 3495 404 3496
f 3496 401 3494
f 3495 3496 3494
f 402 3497 3499
f 3497 405 3498
f 3498 406 3499
f 3497 3498 3499
f 406 3500 3499
f 3500 403 3493
f 3493 402 3499
f 3500 3493 3499
f 405 3501 3503
f 3501 407 3502
f 3502 408 3503
f 3501 3502 3503
f 408 3504 3503
f 3504 406 3498
f 3498 405 3503
f 3504 3498 3503
f 407 3505 3507
f 3505 409 3506
f 3506 410 3507
f 3505 3506 3507
f 410 3508 3507
f 3508 408 3502
f 3502 407 3507
f 3508 3502 3507
f 409 3509 3510
f 3509 401 3496
f 3496 404 3510
f 3509 3496 3510
f 404 3511 3510
f 3511 410 3506
f 3506 409 3510
f 3511 3506 3510
f 411 3512 3514
f 3512 412 3513
f 3513 413 3514
f 3512 3513 3514
f 413 3515 3514
f 3515 414 3516
f 3516 411 3514
f 3515 3516 3514
f 412 3517 3519
f 3517 415 3518
f 3518 416 3519
f 3517 3518 3519
f 416 3520 3519
f 3520 413 3513
f 3513 412 3519
f 3520 3513 3519
f 415 3521 3523
f 3521 417 3522
f 3522 418 3523
f 3521 3522 3523
f 418 3524 3523
f 3524 416 3518
f 3518 415 3523
f 3524 3518 3523
f 417 3525 3527
f 3525 419 3526
f 3526 420 3527
f 3525 3526 3527
f 420 3528 3527
f 3528 418 3522
f 3522 417 3527
f 3528 3522 3527
f 419 3529 3530
f 3529 411 3516
f 3516 414 3530
f 3529 3516 3530
f 414 3531 3530
f 3531 420 3526
f 3526 419 3530
f 3531 3526 3530
f 421 3532 3534
f 3532 422 3533
f 3533 423 3534
f 3532 3533 3534
f 423 3535 3534
f 3535 424 3536
f 3536 421 3534
f 3535 3536 3534
f 422 3537 3539
f 3537 425 3538
f 3538 426 3539
f 3537 3538 3539
f 426 3540 3539
f 3540 423 3533
f 3533 422 3539
f 3540 3533 3539
f 425 3541 3543
f 3541 427 3542
f 3542 428 3543
f 3541 3542 3543
f 428 3544 3543
f 3544 426 3538
f 3538 425 3543
f 3544 3538 3543
f 427 3545 3547
f 3545 429 3546
f 3546 430 3547
f 3545 3546 3547
f 430 3548 3547
f 3548 428 3542
f 3542 427 3547
f 3548 3542 3547
f 429 3549 3550
f 3549 421 3536
f 3536 424 3550
f 3549 3536 3550
f 424 3551 3550
f 3551 430 3546
f 3546 429 3550
f 3551 3546 3550
f 431 3552 3554
f 3552 432 3553
f 3553 433 3554
f 3552 3553 3554
f 433 3555 3554
f 3555 434 3556
f 3556 431 3554
f 3555 3556 3554
f 432 3557 3559
f 3557 435 3558
f 3558 436 3559
f 3557 3558 3559
f 436 3560 3559
f 3560 433 3553
f 3553 432 3559
f 3560 3553 3559
f 435 3561 3563
f 3561 437 3562
f 3562 438 3563
f 3561 3562 3563
f 438 3564 3563
f 3564 436 3558
f 3558 435 3563
f 3564 3558 3563
f 437 3565 3567
f 3565 439 3566
f 3566 440 3567
f 3565 3566 3567
f 440 3568 3567
f 3568 438 3562
f 3562 437 3567
f 3568 3562 3567
f 439 3569 3570
f 3569 431 3556
f 3556 434 3570
f 3569 3556 3570
f 434 3571 3570
f 3571 440 3566
f 3566 439 3570
f 3571 3566 3570
f 441 3572 3574
f 3572 442 3573
f 3573 443 3574
f 3572 3573 3574
f 443 3575 3574
f 3575 444 3576
f 3576 441 3574
f 3575 3576 3574
f 442 3577 3579
f 3577 445 3578
f 3578 446 3579
f 3577 3578 3579
f 446 3580 3579
f 3580 443 3573
f 3573 442 3579
f 3580 3573 3579
f 445 3581 3583
f 3581 447 3582
f 3582 448 3583
f 3581 3582 3583
f 448 3584 3583
f 3584 446 3578
f 3578 445 3583
f 3584 3578 3583
f 447 3585 3587
f 3585 449 3586
f 3586 450 3587
f 3585 3586 3587
f 450 3588 3587
f 3588 448 3582
f 3582 447 3587
f 3588 3582 3587
f 449 3589 3590
f 3589 441 3576
f 3576 444 3590
f 3589 3576 3590
f 444 3591 3590
f 3591 450 3586
f 3586 449 3590
f 3591 3586 3590
f 451 3592 3594
f 3592 452 3593
f 3593 453 3594
f 3592 3593 3594
f 453 3595 3594
f 3595 454 3596
f 3596 451 3594
f 3595 3596 3594
f 452 3597 3599
f 3597 455 3598
f 3598 456 3599
f 3597 3598 3599
f 456 3600 3599
f 3600 453 3593
f 3593 452 3599
f 3600 3593 3599
f 455 3601 3603
f 3601 457 3602
f 3602 458 3603
f 3601 3602 3603
f 458 3604 3603
f 3604 456 3598
f 3598 455 3603
f 3604 3598 3603
f 457 3605 3607
f 3605 459 3606
f 3606 460 3607
f 3605 3606 3607
f 460 3608 3607
f 3608 458 3602
f 3602 457 3607
f 3608 3602 3607
f 459 3609 3610
f 3609 451 3596
f 3596 454 3610
f 3609 3596 3610
f 454 3611 3610
f 3611 460 3606
f 3606 459 3610
f 3611 3606 3610
f 461 3612 3614
f 3612 462 3613
f 3613 463 3614
f 3612 3613 3614
f 463 3615 3614
f 3615 464 3616
f 3616 461 3614
f 3615 3616 3614
f 462 3617 3619
f 3617 465 3618
f 3618 466 3619
f 3617 3618 3619
f 466 3620 3619
f 3620 463 3613
f 3613 462 3619
f 3620 3613 3619
f 465 3621 3623
f 3621 467 3622
f 3622 468 3623
f 3621 3622 3623
f 468 3624 3623
f 3624 466 3618
f 3618 465 3623
f 3624 3618 3623
f 467 3625 3627
f 3625 469 3626
f 3626 470 3627
f 3625 3626 3627
f 470 3628 3627
f 3628 468 3622
f 3622 467 3627
f 3628 3622 3627
f 469 3629 3630
f 3629 461 3616
f 3616 464 3630
f 3629 3616 3630
f 464 3631 3630
f 3631 470 3626
f 3626 469 3630
f 3631 3626 3630
f 471 3632 3634
f 3632 472 3633
f 3633 473 3634
f 3632 3633 3634
f 473 3635 3634
f 3635 474 3636
f 3636 471 3634
f 3635 3636 3634
f 472 3637 3639
f 3637 475 3638
f 3638 476 3639
f 3637 3638 3639
f 476 3640 3639
f 3640 473 3633
f 3633 472 3639
f 3640 3633 3639
f 475 3641 3643
f 3641 477 3642
f 3642 478 3643
f 3641 3642 3643
f 478 3644 3643
f 3644 476 3638
f 3638 475 3643
f 3644 3638 3643
f 477 3645 3647
f 3645 479 3646
f 3646 480 3647
f 3645 3646 3647
f 480 3648 3647
f 3648 478 3642
f 3642 477 3647
f 3648 3642 3647
f 479 3649 3650
f 3649 471 3636
f 3636 474 3650
f 3649 3636 3650
f 474 3651 3650
f 3651 480 3646
f 3646 479 3650
f 3651 3646 3650
f 481 3652 3654
f 3652 482 3653
f 3653 483 3654
f 3652 3653 3654
f 483 3655 3654
f 3655 484 3656
f 3656 481 3654
f 3655 3656 3654
f 482 3657 3659
f 3657 485 3658
f 3658 486 3659
f 3657 3658 3659
f 486 3660 3659
f 3660 483 3653
f 3653 482 3659
f 3660 3653 3659
f 485 3661 3663
f 3661 487 3662
f 3662 488 3663
f 3661 3662 3663
f 488 3664 3663
f 3664 486 3658
f 3658 485 3663
f 3664 3658 3663
f 487 3665 3667
f 3665 489 3666
f 3666 490 3667
f 3665 3666 3667
f 490 3668 3667
f 3668 488 3662
f 3662 487 3667
f 3668 3662 3667
f 489 3669 3670
f 3669 481 3656
f 3656 484 3670
f 3669 3656 3670
f 484 3671 3670
f 3671 490 3666
f 3666 489 3670
f 3671 3666 3670
f 491 3672 3674
f 3672 492 3673
f 3673 493 3674
f 3672 3673 3674
f 493 3675 3674
f 3675 494 3676
f 3676 491 3674
f 3675 3676 3674
f 492 3677 3679
f 3677 495 3678
f 3678 496 3679
f 3677 3678 3679
f 496 3680 3679
f 3680 493 3673
f 3673 492 3679
f 3680 3673 3679
f 495 3681 3683
f 3681 497 3682
f 3682 498 3683
f 3681 3682 3683
f 498 3684 3683
f 3684 496 3678
f 3678 495 3683
f 3684 3678 3683
f 497 3685 3687
f 3685 499 3686
f 3686 500 3687
f 3685 3686 3687
f 500 3688 3687
f 3688 498 3682
f 3682 497 3687
f 3688 3682 3687
f 499 3689 3690
f 3689 491 3676
f 3676 494 3690
f 3689 3676 3690
f 494 3691 3690
f 3691 500 3686
f 3686 499 3690
f 3691 3686 3690
f 501 3692 3694
f 3692 502 3693
f 3693 503 3694
f 3692 3693 3694
f 503 3695 3694
f 3695 504 3696
f 3696 501 3694
f 3695 3696 3694
f 502 3697 3699
f 3697 505 3698
f 3698 506 3699
f 3697 3698 3699
f 506 3700 3699
f 3700 503 3693
f 3693 502 3699
f 3700 3693 3699
f 505 3701 3703
f 3701 507 3702
f 3702 508 3703
f 3701 3702 3703
f 508 3704 3703
f 3704 506 3698
f 3698 505 3703
f 3704 3698 3703
f 507 3705 3707
f 3705 509 3706
f 3706 510 3707
f 3705 3706 3707
f 510 3708 3707
f 3708 508 3702
f 3702 507 3707
f 3708 3702 3707
f 509 3709 3710
f 3709 501 3696
f 3696 504 3710
f 3709 3696 3710
f 504 3711 3710
f 3711 510 3706
f 3706 509 3710
f 3711 3706 3710
f 511 3712 3714
f 3712 512 3713
f 3713 513 3714
f 3712 3713 3714
f 513 3715 3714
f 3715 514 3716
f 3716 511 3714
f 3715 3716 3714
f 512 3717 3719
f 3717 515 3718
f 3718 516 3719
f 3717 3718 3719
f 516 3720 3719
f 3720 513 3713
f 3713 512 3719
f 3720 3713 3719
f 515 3721 3723
f 3721 517 3722
f 3722 518 3723
f 3721 3722 3723
f 518 3724 3723
f 3724 516 3718
f 3718 515 3723
f 3724 3718 3723
f 517 3725 3727
f 3725 519 3726
f 3726 520 3727
f 3725 3726 3727
f 520 3728 3727
f 3728 518 3722
f 3722 517 3727
f 3728 3722 3727
f 519 3729 3730
f 3729 511 3716
f 3716 514 3730
f 3729 3716 3730
f 514 3731 3730
f 3731 520 3726
f 3726 519 3730
f 3731 3726 3730
f 521 3732 3734
f 3732 522 3733
f 3733 523 3734
f 3732 3733 3734
f 523 3735 3734
f 3735 524 3736
f 3736 521 3734
f 3735 3736 3734
f 522 3737 3739
f 3737 525 3738
f 3738 526 3739
f 3737 3738 3739
f 526 3740 3739
f 3740 523 3733
f 3733 522 3739
f 3740 3733 3739
f 525 3741 3743
f 3741 527 3742
f 3742 528 3743
f 3741 3742 3743
f 528 3744 3743
f 3744 526 3738
f 3738 525 3743
f 3744 3738 3743
f 527 3745 3747
f 3745 529 3746
f 3746 530 3747
f 3745 3746 3747
f 530 3748 3747
f 3748 528 3742
f 3742 527 3747
f 3748 3742 3747
f 529 3749 3750
f 3749 521 3736
f 3736 524 3750
f 3749 3736 3750
f 524 3751 3750
f 3751 530 3746
f 3746 529 3750
f 3751 3746 3750
f 531 3752 3754
f 3752 532 3753
f 3753 533 3754
f 3752 3753 3754
f 533 3755 3754
f 3755 534 3756
f 3756 531 3754
f 3755 3756 3754
f 532 3757 3759
f 3757 535 3758
f 3758 536 3759
f 3757 3758 3759
f 536 3760 3759
f 3760 533 3753
f 3753 532 3759
f 3760 3753 3759
f 535 3761 3763
f 3761 537 3762
f 3762 538 3763
f 3761 3762 3763
f 538 3764 3763
f 3764 536 3758
f 3758 535 3763
f 3764 3758 3763
f 537 3765 3767
f 3765 539 3766
f 3766 540 3767
f 3765 3766 3767
f 540 3768 3767
f 3768 538 3762
f 3762 537 3767
f 3768 3762 3767
f 539 3769 3770
f 3769 531 3756
f 3756 534 3770
f 3769 3756 3770
f 534 3771 3770
f 3771 540 3766
f 3766 539 3770
f 3771 3766 3770
f 541 3772 3774
f 3772 542 3773
f 3773 543 3774
f 3772 3773 3774
f 543 3775 3774
f 3775 544 3776
f 3776 541 3774
f 3775 3776 3774
f 542 3777 3779
f 3777 545 3778
f 3778 546 3779
f 3777 3778 3779
f 546 3780 3779
f 3780 543 3773
f 3773 542 3779
f 3780 3773 3779
f 545 3781 3783
f 3781 547 3782
f 3782 548 3783
f 3781 3782 3783
f 548 3784 3783
f 3784 546 3778
f 3778 545 3783
f 3784 3778 3783
f 547 3785 3787
f 3785 549 3786
f 3786 550 3787
f 3785 3786 3787
f 550 3788 3787
f 3788 548 3782
f 3782 547 3787
f 3788 3782 3787
f 549 3789 3790
f 3789 541 3776
f 3776 544 3790
f 3789 3776 3790
f 544 3791 3790
f 3791 550 3786
f 3786 549 3790
f 3791 3786 3790
f 551 3792 3794
f 3792 552 3793
f 3793 553 3794
f 3792 3793 3794
f 553 3795 3794
f 3795 554 3796
f 3796 551 3794
f 3795 3796 3794
f 552 3797 3799
f 3797 555 3798
f 3798 556 3799
f 3797 3798 3799
f 556 3800 3799
f 3800 553 3793
f 3793 552 3799
f 3800 3793 3799
f 555 3801 3803
f 3801 557 3802
f 3802 558 3803
f 3801 3802 3803
f 558 3804 3803
f 3804 556 3798
f 3798 555 3803
f 3804 3798 3803
f 557 3805 3807
f 3805 559 3806
f 3806 560 3807
f 3805 3806 3807
f 560 3808 3807
f 3808 558 3802
f 3802 557 3807
f 3808 3802 3807
f 559 3809 3810
f 3809 551 3796
f 3796 554 3810
f 3809 3796 3810
f 554 3811 3810
f 3811 560 3806
f 3806 559 3810
f 3811 3806 3810
f 561 3812 3814
f 3812 562 3813
f 3813 563 3814
f 3812 3813 3814
f 563 3815 3814
f 3815 564 3816
f 3816 561 3814
f 3815 3816 3814
f 562 3817 3819
f 3817 565 3818
f 3818 566 3819
f 3817 3818 3819
f 566 3820 3819
f 3820 563 3813
f 3813 562 3819
f 3820 3813 3819
f 565 3821 3823
f 3821 567 3822
f 3822 568 3823
f 3821 3822 3823
f 568 3824 3823
f 3824 566 3818
f 3818 565 3823
f 3824 3818 3823
f 567 3825 3827
f 3825 569 3826
f 3826 570 3827
f 3825 3826 3827
f 570 3828 3827
f 3828 568 3822
f 3822 567 3827
f 3828 3822 3827
f 569 3829 3830
f 3829 561 3816
f 3816 564 3830
f 3829 3816 3830
f 564 3831 3830
f 3831 570 3826
f 3826 569 3830
f 3831 3826 3830
f 571 3832 3834
f 3832 572 3833
f 3833 573 3834
f 3832 3833 3834
f 573 3835 3834
f 3835 574 3836
f 3836 571 3834
f 3835 3836 3834
f 572 3837 3839
f 3837 575 3838
f 3838 576 3839
f 3837 3838 3839
f 576 3840 3839
f 3840 573 3833
f 3833 572 3839
f 3840 3833 3839
f 575 3841 3843
f 3841 577 3842
f 3842 578 3843
f 3841 3842 3843
f 578 3844 3843
f 3844 576 3838
f 3838 575 3843
f 3844 3838 3843
f 577 3845 3847
f 3845 579 3846
f 3846 580 3847
f 3845 3846 3847
f 580 3848 3847
f 3848 578 3842
f 3842 577 3847
f 3848 3842 3847
f 579 3849 3850
f 3849 571 3836
f 3836 574 3850
f 3849 3836 3850
f 574 3851 3850
f 3851 580 3846
f 3846 579 3850
f 3851 3846 3850
f 581 3852 3854
f 3852 582 3853
f 3853 583 3854
f 3852 3853 3854
f 583 3855 3854
f 3855 584 3856
f 3856 581 3854
f 3855 3856 3854
f 582 3857 3859
f 3857 585 3858
f 3858 586 3859
f 3857 3858 3859
f 586 3860 3859
f 3860 583 3853
f 3853 582 3859
f 3860 3853 3859
f 585 3861 3863
f 3861 587 3862
f 3862 588 3863
f 3861 3862 3863
f 588 3864 3863
f 3864 586 3858
f 3858 585 3863
f 3864 3858 3863
f 587 3865 3867
f 3865 589 3866
f 3866 590 3867
f 3865 3866 3867
f 590 3868 3867
f 3868 588 3862
f 3862 587 3867
f 3868 3862 3867
f 589 3869 3870
f 3869 581 3856
f 3856 584 3870
f 3869 3856 3870
f 584 3871 3870
f 3871 590 3866
f 3866 589 3870
f 3871 3866 3870
f 591 3872 3874
f 3872 592 3873
f 3873 593 3874
f 3872 3873 3874
f 593 3875 3874
f 3875 594 3876
f 3876 591 3874
f 3875 3876 3874
f 592 3877 3879
f 3877 595 3878
f 3878 596 3879
f 3877 3878 3879
f 596 3880 3879
f 3880 593 3873
f 3873 592 3879
f 3880 3873 3879
f 595 3881 3883
f 3881 597 3882
f 3882 598 3883
f 3881 3882 3883
f 598 3884 3883
f 3884 596 3878
f 3878 595 3883
f 3884 3878 3883
f 597 3885 3887
f 3885 599 3886
f 3886 600 3887
f 3885 3886 3887
f 600 3888 3887
f 3888 598 3882
f 3882 597 3887
f 3888 3882 3887
f 599 3889 3890
f 3889 591 3876
f 3876 594 3890
f 3889 3876 3890
f 594 3891 3890
f 3891 600 3886
f 3886 599 3890
f 3891 3886 3890
f 601 3892 3894
f 3892 602 3893
f 3893 603 3894
f 3892 3893 3894
f 603 3895 3894
f 3895 604 3896
f 3896 601 3894
f 3895 3896 3894
f 602 3897 3899
f 3897 605 3898
f 3898 606 3899
f 3897 3898 3899
f 606 3900 3899
f 3900 603 3893
f 3893 602 3899
f 3900 3893 3899
f 605 3901 3903
f 3901 607 3902
f 3902 608 3903
f 3901 3902 3903
f 608 3904 3903
f 3904 606 3898
f 3898 605 3903
f 3904 3898 3903
f 607 3905 3907
f 3905 609 3906
f 3906 610 3907
f 3905 3906 3907
f 610 3908 3907
f 3908 608 3902
f 3902 607 3907
f 3908 3902 3907
f 609 3909 3910
f 3909 601 3896
f 3896 604 3910
f 3909 3896 3910
f 604 3911 3910
f 3911 610 3906
f 3906 609 3910
f 3911 3906 3910
f 611 3912 3914
f 3912 612 3913
f 3913 613 3914
f 3912 3913 3914
f 613 3915 3914
f 3915 614 3916
f 3916 611 3914
f 3915 3916 3914
f 612 3917 3919
f 3917 615 3918
f 3918 616 3919
f 3917 3918 3919
f 616 3920 3919
f 3920 613 3913
f 3913 612 3919
f 3920 3913 3919
f 615 3921 3923
f 3921 617 3922
f 3922 618 3923
f 3921 3922 3923
f 618 3924 3923
f 3924 616 3918
f 3918 615 3923
f 3924 3918 3923
f 617 3925 3927
f 3925 619 3926
f 3926 620 3927
f 3925 3926 3927
f 620 3928 3927
f 3928 618 3922
f 3922 617 3927
f 3928 3922 3927
f 619 3929 3930
f 3929 611 3916
f 3916 614 3930
f 3929 3916 3930
f 614 3931 3930
f 3931 620 3926
f 3926 619 3930
f 3931 3926 3930
f 621 3932 3934
f 3932 622 3933
f 3933 623 3934
f 3932 3933 3934
f 623 3935 3934
f 3935 624 3936
f 3936 621 3934
f 3935 3936 3934
f 622 3937 3939
f 3937 625 3938
f 3938 626 3939
f 3937 3938 3939
f 626 3940 3939
f 3940 623 3933
f 3933 622 3939
f 3940 3933 3939
f 625 3941 3943
f 3941 627 3942
f 3942 628 3943
f 3941 3942 3943
f 628 3944 3943
f 3944 626 3938
f 3938 625 3943
f 3944 3938 3943
f 627 3945 3947
f 3945 629 3946
f 3946 630 3947
f 3945 3946 3947
f 630 3948 3947
f 3948 628 3942
f 3942 627 3947
f 3948 3942 3947
f 629 3949 3950
f 3949 621 3936
f 3936 624 3950
f 3949 3936 3950
f 624 3951 3950
f 3951 630 3946
f 3946 629 3950
f 3951 3946 3950
f 631 3952 3954
f 3952 632 3953
f 3953 633 3954
f 3952 3953 3954
f 633 3955 3954
f 3955 634 3956
f 3956 631 3954
f 3955 3956 3954
f 632 3957 3959
f 3957 635 3958
f 3958 636 3959
f 3957 3958 3959
f 636 3960 3959
f 3960 633 3953
f 3953 632 3959
f 3960 3953 3959
f 635 3961 3963
f 3961 637 3962
f 3962 638 3963
f 3961 3962 3963
f 638 3964 3963
f 3964 636 3958
f 3958 635 3963
f 3964 3958 3963
f 637 3965 3967
f 3965 639 3966
f 3966 640 3967
f 3965 3966 3967
f 640 3968 3967
f 3968 638 3962
f 3962 637 3967
f 3968 3962 3967
f 639 3969 3970
f 3969 631 3956
f 3956 634 3970
f 3969 3956 3970
f 634 3971 3970
f 3971 640 3966
f 3966 639 3970
f 3971 3966 3970
f 641 3972 3974
f 3972 642 3973
f 3973 643 3974
f 3972 3973 3974
f 643 3975 3974
f 3975 644 3976
f 3976 641 3974
f 3975 3976 3974
f 642 3977 3979
f 3977 645 3978
f 3978 646 3979
f 3977 3978 3979
f 646 3980 3979
f 3980 643 3973
f 3973 642 3979
f 3980 3973 3979
f 645 3981 3983
f 3981 647 3982
f 3982 648 3983
f 3981 3982 3983
f 648 3984 3983
f 3984 646 3978
f 3978 645 3983
f 3984 3978 3983
f 647 3985 3987
f 3985 649 3986
f 3986 650 3987
f 3985 3986 3987
f 650 3988 3987
f 3988 648 3982
f 3982 647 3987
f 3988 3982 3987
f 649 3989 3990
f 3989 641 3976
f 3976 644 3990
f 3989 3976 3990
f 644 3991 3990
f 3991 650 3986
f 3986 649 3990
f 3991 3986 3990
f 651 3992 3994
f 3992 652 3993
f 3993 653 3994
f 3992 3993 3994
f 653 3995 3994
f 3995 654 3996
f 3996 651 3994
f 3995 3996 3994
f 652 3997 3999
f 3997 655 3998
f 3998 656 3999
f 3997 3998 3999
f 656 4000 3999
f 4000 653 3993
f 3993 652 3999
f 4000 3993 3999
f 655 4001 4003
f 4001 657 4002
f 4002 658 4003
f 4001 4002 4003
f 658 4004 4003
f 4004 656 3998
f 3998 655 4003
f 4004 3998 4003
f 657 4005 4007
f 4005 659 4006
f 4006 660 4007
f 4005 4006 4007
f 660 4008 4007
f 4008 658 4002
f 4002 657 4007
f 4008 4002 4007
f 659 4009 4010
f 4009 651 3996
f 3996 654 4010
f 4009 3996 4010
f 654 4011 4010
f 4011 660 4006
f 4006 659 4010
f 4011 4006 4010
f 661 4012 4014
f 4012 662 4013
f 4013 663 4014
f 4012 4013 4014
f 663 4015 4014
f 4015 664 4016
f 4016 661 4014
f 4015 4016 4014
f 662 4017 4019
f 4017 665 4018
f 4018 666 4019
f 4017 4018 4019
f 666 4020 4019
f 4020 663 4013
f 4013 662 4019
f 4020 4013 4019
f 665 4021 4023
f 4021 667 4022
f 4022 668 4023
f 4021 4022 4023
f 668 4024 4023
f 4024 666 4018
f 4018 665 4023
f 4024 4018 4023
f 667 4025 4027
f 4025 669 4026
f 4026 670 4027
f 4025 4026 4027
f 670 4028 4027
f 4028 668 4022
f 4022 667 4027
f 4028 4022 4027
f 669 4029 4030
f 4029 661 4016
f 4016 664 4030
f 4029 4016 4030
f 664 4031 4030
f 4031 670 4026
f 4026 669 4030
f 4031 4026 4030
f 671 4032 4034
f 4032 672 4033
f 4033 673 4034
f 4032 4033 4034
f 673 4035 4034
f 4035 674 4036
f 4036 671 4034
f 4035 4036 4034
f 672 4037 4039
f 4037 675 4038
f 4038 676 4039
f 4037 4038 4039
f 676 4040 4039
f 4040 673 4033
f 4033 672 4039
f 4040 4033 4039
f 675 4041 4043
f 4041 677 4042
f 4042 678 4043
f 4041 4042 4043
f 678 4044 4043
f 4044 676 4038
f 4038 675 4043
f 4044 4038 4043
f 677 4045 4047
f 4045 679 4046
f 4046 680 4047
f 4045 4046 4047
f 680 4048 4047
f 4048 678 4042
f 4042 677 4047
f 4048 4042 4047
f 679 4049 4050
f 4049 671 4036
f 4036 674 4050
f 4049 4036 4050
f 674 4051 4050
f 4051 680 4046
f 4046 679 4050
f 4051 4046 4050
f 681 4052 4054
f 4052 682 4053
f 4053 683 4054
f 4052 4053 4054
f 683 4055 4054
f 4055 684 4056
f 4056 681 4054
f 4055 4056 4054
f 682 4057 4059
f 4057 685 4058
f 4058 686 4059
f 4057 4058 4059
f 686 4060 4059
f 4060 683 4053
f 4053 682 4059
f 4060 4053 4059
f 685 4061 4063
f 4061 687 4062
f 4062 688 4063
f 4061 4062 4063
f 688 4064 4063
f 4064 686 4058
f 4058 685 4063
f 4064 4058 4063
f 687 4065 4067
f 4065 689 4066
f 4066 690 4067
f 4065 4066 4067
f 690 4068 4067
f 4068 688 4062
f 4062 687 4067
f 4068 4062 4067
f 689 4069 4070
f 4069 681 4056
f 4056 684 4070
f 4069 4056 4070
f 684 4071 4070
f 4071 690 4066
f 4066 689 4070
f 4071 4066 4070
f 691 4072 4074
f 4072 692 4073
f 4073 693 4074
f 4072 4073 4074
f 693 4075 4074
f 4075 694 4076
f 4076 691 4074
f 4075 4076 4074
f 692 4077 4079
f 4077 695 4078
f 4078 696 4079
f 4077 4078 4079
f 696 4080 4079
f 4080 693 4073
f 4073 692 4079
f 4080 4073 4079
f 695 4081 4083
f 4081 697 4082
f 4082 698 4083
f 4081 4082 4083
f 698 4084 4083
f 4084 696 4078
f 4078 695 4083
f 4084 4078 4083
f 697 4085 4087
f 4085 699 4086
f 4086 700 4087
f 4085 4086 4087
f 700 4088 4087
f 4088 698 4082
f 4082 697 4087
f 4088 4082 4087
f 699 4089 4090
f 4089 691 4076
f 4076 694 4090
f 4089 4076 4090
f 694 4091 4090
f 4091 700 4086
f 4086 699 4090
f 4091 4086 4090
f 701 4092 4094
f 4092 702 4093
f 4093 703 4094
f 4092 4093 4094
f 703 4095 4094
f 4095 704 4096
f 4096 701 4094
f 4095 4096 4094
f 702 4097 4099
f 4097 705 4098
f 4098 706 4099
f 4097 4098 4099
f 706 4100 4099
f 4100 703 4093
f 4093 702 4099
f 4100 4093 4099
f 705 4101 4103
f 4101 707 4102
f 4102 708 4103
f 4101 4102 4103
f 708 4104 4103
f 4104 706 4098
f 4098 705 4103
f 4104 4098 4103
f 707 4105 4107
f 4105 709 4106
f 4106 710 4107
f 4105 4106 4107
f 710 4108 4107
f 4108 708 4102
f 4102 707 4107
f 4108 4102 4107
f 709 4109 4110
f 4109 701 4096
f 4096 704 4110
f 4109 4096 4110
f 704 4111 4110
f 4111 710 4106
f 4106 709 4110
f 4111 4106 4110
f 711 4112 4114
f 4112 712 4113
f 4113 713 4114
f 4112 4113 4114
f 713 4115 4114
f 4115 714 4116
f 4116 711 4114
f 4115 4116 4114
f 712 4117 4119
f 4117 715 4118
f 4118 716 4119
f 4117 4118 4119
f 716 4120 4119
f 4120 713 4113
f 4113 712 4119
f 4120 4113 4119
f 715 4121 4123
f 4121 717 4122
f 4122 718 4123
f 4121 4122 4123
f 718 4124 4123
f 4124 716 4118
f 4118 715 4123
f 4124 4118 4123
f 717 4125 4127
f 4125 719 4126
f 4126 720 4127
f 4125 4126 4127
f 720 4128 4127
f 4128 718 4122
f 4122 717 4127
f 4128 4122 4127
f 719 4129 4130
f 4129 711 4116
f 4116 714 4130
f 4129 4116 4130
f 714 4131 4130
f 4131 720 4126
f 4126 719 4130
f 4131 4126 4130
f 721 4132 4134
f 4132 722 4133
f 4133 723 4134
f 4132 4133 4134
f 723 4135 4134
f 4135 724 4136
f 4136 721 4134
f 4135 4136 4134
f 722 4137 4139
f 4137 725 4138
f 4138 726 4139
f 4137 4138 4139
f 726 4140 4139
f 4140 723 4133
f 4133 722 4139
f 4140 4133 4139
f 725 4141 4143
f 4141 727 4142
f 4142 728 4143
f 4141 4142 4143
f 728 4144 4143
f 4144 726 4138
f 4138 725 4143
f 4144 4138 4143
f 727 4145 4147
f 4145 729 4146
f 4146 730 4147
f 4145 4146 4147
f 730 4148 4147
f 4148 728 4142
f 4142 727 4147
f 4148 4142 4147
f 729 4149 4150
f 4149 721 4136
f 4136 724 4150
f 4149 4136 4150
f 724 4151 4150
f 4151 730 4146
f 4146 729 4150
f 4151 4146 4150
f 731 4152 4154
f 4152 732 4153
f 4153 733 4154
f 4152 4153 4154
f 733 4155 4154
f 4155 734 4156
f 4156 731 4154
f 4155 4156 4154
f 732 4157 4159
f 4157 735 4158
f 4158 736 4159
f 4157 4158 4159
f 736 4160 4159
f 4160 733 4153
f 4153 732 4159
f 4160 4153 4159
f 735 4161 4163
f 4161 737 4162
f 4162 738 4163
f 4161 4162 4163
f 738 4164 4163
f 4164 736 4158
f 4158 735 4163
f 4164 4158 4163
f 737 4165 4167
f 4165 739 4166
f 4166 740 4167
f 4165 4166 4167
f 740 4168 4167
f 4168 738 4162
f 4162 737 4167
f 4168 4162 4167
f 739 4169 4170
f 4169 731 4156
f 4156 734 4170
f 4169 4156 4170
f 734 4171 4170
f 4171 740 4166
f 4166 739 4170
f 4171 4166 4170
f 741 4172 4174
f 4172 742 4173
f 4173 743 4174
f 4172 4173 4174
f 743 4175 4174
f 4175 744 4176
f 4176 741 4174
f 4175 4176 4174
f 742 4177 4179
f 4177 745 4178
f 4178 746 4179
f 4177 4178 4179
f 746 4180 4179
f 4180 743 4173
f 4173 742 4179
f 4180 4173 4179
f 745 4181 4183
f 4181 747 4182
f 4182 748 4183
f 4181 4182 4183
f 748 4184 4183
f 4184 746 4178
f 4178 745 4183
f 4184 4178 4183
f 747 4185 4187
f 4185 749 4186
f 4186 750 4187
f 4185 4186 4187
f 750 4188 4187
f 4188 748 4182
f 4182 747 4187
f 4188 4182 4187
f 749 4189 4190
f 4189 741 4176
f 4176 744 4190
f 4189 4176 4190
f 744 4191 4190
f 4191 750 4186
f 4186 749 4190
f 4191 4186 4190
f 751 4192 4194
f 4192 752 4193
f 4193 753 4194
f 4192 4193 4194
f 753 4195 4194
f 4195 754 4196
f 4196 751 4194
f 4195 4196 4194
f 752 4197 4199
f 4197 755 4198
f 4198 756 4199
f 4197 4198 4199
f 756 4200 4199
f 4200 753 4193
f 4193 752 4199
f 4200 4193 4199
f 755 4201 4203
f 4201 757 4202
f 4202 758 4203
f 4201 4202 4203
f 758 4204 4203
f 4204 756 4198
f 4198 755 4203
f 4204 4198 4203
f 757 4205 4207
f 4205 759 4206
f 4206 760 4207
f 4205 4206 4207
f 760 4208 4207
f 4208 758 4202
f 4202 757 4207
f 4208 4202 4207
f 759 4209 4210
f 4209 751 4196
f 4196 754 4210
f 4209 4196 4210
f 754 4211 4210
f 4211 760 4206
f 4206 759 4210
f 4211 4206 4210
f 761 4212 4214
f 4212 762 4213
f 4213 763 4214
f 4212 4213 4214
f 763 4215 4214
f 4215 764 4216
f 4216 761 4214
f 4215 4216 4214
f 762 4217 4219
f 4217 765 4218
f 4218 766 4219
f 4217 4218 4219
f 766 4220 4219
f 4220 763 4213
f 4213 762 4219
f 4220 4213 4219
f 765 4221 4223
f 4221 767 4222
f 4222 768 4223
f 4221 4222 4223
f 768 4224 4223
f 4224 766 4218
f 4218 765 4223
f 4224 4218 4223
f 767 4225 4227
f 4225 769 4226
f 4226 770 4227
f 4225 4226 4227
f 770 4228 4227
f 4228 768 4222
f 4222 767 4227
f 4228 4222 4227
f 769 4229 4230
f 4229 761 4216
f 4216 764 4230
f 4229 4216 4230
f 764 4231 4230
f 4231 770 4226
f 4226 769 4230
f 4231 4226 4230
f 771 4232 4234
f 4232 772 4233
f 4233 773 4234
f 4232 4233 4234
f 773 4235 4234
f 4235 774 4236
f 4236 771 4234
f 4235 4236 4234
f 772 4237 4239
f 4237 775 4238
f 4238 776 4239
f 4237 4238 4239
f 776 4240 4239
f 4240 773 4233
f 4233 772 4239
f 4240 4233 4239
f 775 4241 4243
f 4241 777 4242
f 4242 778 4243
f 4241 4242 4243
f 778 4244 4243
f 4244 776 4238
f 4238 775 4243
f 4244 4238 4243
f 777 4245 4247
f 4245 779 4246
f 4246 780 4247
f 4245 4246 4247
f 780 4248 4247
f 4248 778 4242
f 4242 777 4247
f 4248 4242 4247
f 779 4249 4250
f 4249 771 4236
f 4236 774 4250
f 4249 4236 4250
f 774 4251 4250
f 4251 780 4246
f 4246 779 4250
f 4251 4246 4250
f 781 4252 4254
f 4252 782 4253
f 4253 783 4254
f 4252 4253 4254
f 783 4255 4254
f 4255 784 4256
f 4256 781 4254
f 4255 4256 4254
f 782 4257 4259
f 4257 785 4258
f 4258 786 4259
f 4257 4258 4259
f 786 4260 4259
f 4260 783 4253
f 4253 782 4259
f 4260 4253 4259
f 785 4261 4263
f 4261 787 4262
f 4262 788 4263
f 4261 4262 4263
f 788 4264 4263
f 4264 786 4258
f 4258 785 4263
f 4264 4258 4263
f 787 4265 4267
f 4265 789 4266
f 4266 790 4267
f 4265 4266 4267
f 790 4268 4267
f 4268 788 4262
f 4262 787 4267
f 4268 4262 4267
f 789 4269 4270
f 4269 781 4256
f 4256 784 4270
f 4269 4256 4270
f 784 4271 4270
f 4271 790 4266
f 4266 789 4270
f 4271 4266 4270
f 791 4272 4274
f 4272 792 4273
f 4273 793 4274
f 4272 4273 4274
f 793 4275 4274
f 4275 794 4276
f 4276 791 4274
f 4275 4276 4274
f 792 4277 4279
f 4277 795 4278
f 4278 796 4279
f 4277 4278 4279
f 796 4280 4279
f 4280 793 4273
f 4273 792 4279
f 4280 4273 4279
f 795 4281 4283
f 4281 797 4282
f 4282 798 4283
f 4281 4282 4283
f 798 4284 4283
f 4284 796 4278
f 4278 795 4283
f 4284 4278 4283
f 797 4285 4287
f 4285 799 4286
f 4286 800 4287
f 4285 4286 4287
f 800 4288 4287
f 4288 798 4282
f 4282 797 4287
f 4288 4282 4287
f 799 4289 4290
f 4289 791 4276
f 4276 794 4290
f 4289 4276 4290
f 794 4291 4290
f 4291 800 4286
f 4286 799 4290
f 4291 4286 4290
f 801 4292 4294
f 4292 802 4293
f 4293 803 4294
f 4292 4293 4294
f 803 4295 4294
f 4295 804 4296
f 4296 801 4294
f 4295 4296 4294
f 802 4297 4299
f 4297 805 4298
f 4298 806 4299
f 4297 4298 4299
f 806 4300 4299
f 4300 803 4293
f 4293 802 4299
f 4300 4293 4299
f 805 4301 4303
f 4301 807 4302
f 4302 808 4303
f 4301 4302 4303
f 808 4304 4303
f 4304 806 4298
f 4298 805 4303
f 4304 4298 4303
f 807 4305 4307
f 4305 809 4306
f 4306 810 4307
f 4305 4306 4307
f 810 4308 4307
f 4308 808 4302
f 4302 807 4307
f 4308 4302 4307
f 809 4309 4310
f 4309 801 4296
f 4296 804 4310
f 4309 4296 4310
f 804 4311 4310
f 4311 810 4306
f 4306 809 4310
f 4311 4306 4310
f 811 4312 4314
f 4312 812 4313
f 4313 813 4314
f 4312 4313 4314
f 813 4315 4314
f 4315 814 4316
f 4316 811 4314
f 4315 4316 4314
f 812 4317 4319
f 4317 815 4318
f 4318 816 4319
f 4317 4318 4319
f 816 4320 4319
f 4320 813 4313
f 4313 812 4319
f 4320 4313 4319
f 815 4321 4323
f 4321 817 4322
f 4322 818 4323
f 4321 4322 4323
f 818 4324 4323
f 4324 816 4318
f 4318 815 4323
f 4324 4318 4323
f 817 4325 4327
f 4325 819 4326
f 4326 820 4327
f 4325 4326 4327
f 820 4328 4327
f 4328 818 4322
f 4322 817 4327
f 4328 4322 4327
f 819 4329 4330
f 4329 811 4316
f 4316 814 4330
f 4329 4316 4330
f 814 4331 4330
f 4331 820 4326
f 4326 819 4330
f 4331 4326 4330
f 821 4332 4334
f 4332 822 4333
f 4333 823 4334
f 4332 4333 4334
f 823 4335 4334
f 4335 824 4336
f 4336 821 4334
f 4335 4336 4334
f 822 4337 4339
f 4337 825 4338
f 4338 826 4339
f 4337 4338 4339
f 826 4340 4339
f 4340 823 4333
f 4333 822 4339
f 4340 4333 4339
f 825 4341 4343
f 4341 827 4342
f 4342 828 4343
f 4341 4342 4343
f 828 4344 4343
f 4344 826 4338
f 4338 825 4343
f 4344 4338 4343
f 827 4345 4347
f 4345 829 4346
f 4346 830 4347
f 4345 4346 4347
f 830 4348 4347
f 4348 828 4342
f 4342 827 4347
f 4348 4342 4347
f 829 4349 4350
f 4349 821 4336
f 4336 824 4350
f 4349 4336 4350
f 824 4351 4350
f 4351 830 4346
f 4346 829 4350
f 4351 4346 4350
f 831 4352 4354
f 4352 832 4353
f 4353 833 4354
f 4352 4353 4354
f 833 4355 4354
f 4355 834 4356
f 4356 831 4354
f 4355 4356 4354
f 832 4357 4359
f 4357 835 4358
f 4358 836 4359
f 4357 4358 4359
f 836 4360 4359
f 4360 833 4353
f 4353 832 4359
f 4360 4353 4359
f 835 4361 4363
f 4361 837 4362
f 4362 838 4363
f 4361 4362 4363
f 838 4364 4363
f 4364 836 4358
f 4358 835 4363
f 4364 4358 4363
f 837 4365 4367
f 4365 839 4366
f 4366 840 4367
f 4365 4366 4367
f 840 4368 4367
f 4368 838 4362
f 4362 837 4367
f 4368 4362 4367
f 839 4369 4370
f 4369 831 4356
f 4356 834 4370
f 4369 4356 4370
f 834 4371 4370
f 4371 840 4366
f 4366 839 4370
f 4371 4366 4370
f 841 4372 4374
f 4372 842 4373
f 4373 843 4374
f 4372 4373 4374
f 843 4375 4374
f 4375 844 4376
f 4376 841 4374
f 4375 4376 4374
f 842 4377 4379
f 4377 845 4378
f 4378 846 4379
f 4377 4378 4379
f 846 4380 4379
f 4380 843 4373
f 4373 842 4379
f 4380 4373 4379
f 845 4381 4383
f 4381 847 4382
f 4382 848 4383
f 4381 4382 4383
f 848 4384 4383
f 4384 846 4378
f 4378 845 4383
f 4384 4378 4383
f 847 4385 4387
f 4385 849 4386
f 4386 850 4387
f 4385 4386 4387
f 850 4388 4387
f 4388 848 4382
f 4382 847 4387
f 4388 4382 4387
f 849 4389 4390
f 4389 841 4376
f 4376 844 4390
f 4389 4376 4390
f 844 4391 4390
f 4391 850 4386
f 4386 849 4390
f 4391 4386 4390
f 851 4392 4394
f 4392 852 4393
f 4393 853 4394
f 4392 4393 4394
f 853 4395 4394
f 4395 854 4396
f 4396 851 4394
f 4395 4396 4394
f 852 4397 4399
f 4397 855 4398
f 4398 856 4399
f 4397 4398 4399
f 856 4400 4399
f 4400 853 4393
f 4393 852 4399
f 4400 4393 4399
f 855 4401 4403
f 4401 857 4402
f 4402 858 4403
f 4401 4402 4403
f 858 4404 4403
f 4404 856 4398
f 4398 855 4403
f 4404 4398 4403
f 857 4405 4407
f 4405 859 4406
f 4406 860 4407
f 4405 4406 4407
f 860 4408 4407
f 4408 858 4402
f 4402 857 4407
f 4408 4402 4407
f 859 4409 4410
f 4409 851 4396
f 4396 854 4410
f 4409 4396 4410
f 854 4411 4410
f 4411 860 4406
f 4406 859 4410
f 4411 4406 4410
f 861 4412 4414
f 4412 862 4413
f 4413 863 4414
f 4412 4413 4414
f 863 4415 4414
f 4415 864 4416
f 4416 861 4414
f 4415 4416 4414
f 862 4417 4419
f 4417 865 4418
f 4418 866 4419
f 4417 4418 4419
f 866 4420 4419
f 4420 863 4413
f 4413 862 4419
f 4420 4413 4419
f 865 4421 4423
f 4421 867 4422
f 4422 868 4423
f 4421 4422 4423
f 868 4424 4423
f 4424 866 4418
f 4418 865 4423
f 4424 4418 4423
f 867 4425 4427
f 4425 869 4426
f 4426 870 4427
f 4425 4426 4427
f 870 4428 4427
f 4428 868 4422
f 4422 867 4427
f 4428 4422 4427
f 869 4429 4430
f 4429 861 4416
f 4416 864 4430
f 4429 4416 4430
f 864 4431 4430
f 4431 870 4426
f 4426 869 4430
f 4431 4426 4430
f 871 4432 4434
f 4432 872 4433
f 4433 873 4434
f 4432 4433 4434
f 873 4435 4434
f 4435 874 4436
f 4436 871 4434
f 4435 4436 4434
f 872 4437 4439
f 4437 875 4438
f 4438 876 4439
f 4437 4438 4439
f 876 4440 4439
f 4440 873 4433
f 4433 872 4439
f 4440 4433 4439
f 875 4441 4443
f 4441 877 4442
f 4442 878 4443
f 4441 4442 4443
f 878 4444 4443
f 4444 876 4438
f 4438 875 4443
f 4444 4438 4443
f 877 4445 4447
f 4445 879 4446
f 4446 880 4447
f 4445 4446 4447
f 880 4448 4447
f 4448 878 4442
f 4442 877 4447
f 4448 4442 4447
f 879 4449 4450
f 4449 871 4436
f 4436 874 4450
f 4449 4436 4450
f 874 4451 4450
f 4451 880 4446
f 4446 879 4450
f 4451 4446 4450
f 881 4452 4454
f 4452 882 4453
f 4453 883 4454
f 4452 4453 4454
f 883 4455 4454
f 4455 884 4456
f 4456 881 4454
f 4455 4456 4454
f 882 4457 4459
f 4457 885 4458
f 4458 886 4459
f 4457 4458 4459
f 886 4460 4459
f 4460 883 4453
f 4453 882 4459
f 4460 4453 4459
f 885 4461 4463
f 4461 887 4462
f 4462 888 4463
f 4461 4462 4463
f 888 4464 4463
f 4464 886 4458
f 4458 885 4463
f 4464 4458 4463
f 887 4465 4467
f 4465 889 4466
f 4466 890 4467
f 4465 4466 4467
f 890 4468 4467
f 4468 888 4462
f 4462 887 4467
f 4468 4462 4467
f 889 4469 4470
f 4469 881 4456
f 4456 884 4470
f 4469 4456 4470
f 884 4471 4470
f 4471 890 4466
f 4466 889 4470
f 4471 4466 4470
f 891 4472 4474
f 4472 892 4473
f 4473 893 4474
f 4472 4473 4474
f 893 4475 4474
f 4475 894 4476
f 4476 891 4474
f 4475 4476 4474
f 892 4477 4479
f 4477 895 4478
f 4478 896 4479
f 4477 4478 4479
f 896 4480 4479
f 4480 893 4473
f 4473 892 4479
f 4480 4473 4479
f 895 4481 4483
f 4481 897 4482
f 4482 898 4483
f 4481 4482 4483
f 898 4484 4483
f 4484 896 4478
f 4478 895 4483
f 4484 4478 4483
f 897 4485 4487
f 4485 899 4486
f 4486 900 4487
f 4485 4486 4487
f 900 4488 4487
f 4488 898 4482
f 4482 897 4487
f 4488 4482 4487
f 899 4489 4490
f 4489 891 4476
f 4476 894 4490
f 4489 4476 4490
f 894 4491 4490
f 4491 900 4486
f 4486 899 4490
f 4491 4486 4490
f 901 4492 4494
f 4492 902 4493
f 4493 903 4494
f 4492 4493 4494
f 903 4495 4494
f 4495 904 4496
f 4496 901 4494
f 4495 4496 4494
f 902 4497 4499
f 4497 905 4498
f 4498 906 4499
f 4497 4498 4499
f 906 4500 4499
f 4500 903 4493
f 4493 902 4499
f 4500 4493 4499
f 905 4501 4503
f 4501 907 4502
f 4502 908 4503
f 4501 4502 4503
f 908 4504 4503
f 4504 906 4498
f 4498 905 4503
f 4504 4498 4503
f 907 4505 4507
f 4505 909 4506
f 4506 910 4507
f 4505 4506 4507
f 910 4508 4507
f 4508 908 4502
f 4502 907 4507
f 4508 4502 4507
f 909 4509 4510
f 4509 901 4496
f 4496 904 4510
f 4509 4496 4510
f 904 4511 4510
f 4511 910 4506
f 4506 909 4510
f 4511 4506 4510
f 911 4512 4514
f 4512 912 4513
f 4513 913 4514
f 4512 4513 4514
f 913 4515 4514
f 4515 914 4516
f 4516 911 4514
f 4515 4516 4514
f 912 4517 4519
f 4517 915 4518
f 4518 916 4519
f 4517 4518 4519
f 916 4520 4519
f 4520 913 4513
f 4513 912 4519
f 4520 4513 4519
f 915 4521 4523
f 4521 917 4522
f 4522 918 4523
f 4521 4522 4523
f 918 4524 4523
f 4524 916 4518
f 4518 915 4523
f 4524 4518 4523
f 917 4525 4527
f 4525 919 4526
f 4526 920 4527
f 4525 4526 4527
f 920 4528 4527
f 4528 918 4522
f 4522 917 4527
f 4528 4522 4527
f 919 4529 4530
f 4529 911 4516
f 4516 914 4530
f 4529 4516 4530
f 914 4531 4530
f 4531 920 4526
f 4526 919 4530
f 4531 4526 4530
f 921 4532 4534
f 4532 922 4533
f 4533 923 4534
f 4532 4533 4534
f 923 4535 4534
f 4535 924 4536
f 4536 921 4534
f 4535 4536 4534
f 922 4537 4539
f 4537 925 4538
f 4538 926 4539
f 4537 4538 4539
f 926 4540 4539
f 4540 923 4533
f 4533 922 4539
f 4540 4533 4539
f 925 4541 4543
f 4541 927 4542
f 4542 928 4543
f 4541 4542 4543
f 928 4544 4543
f 4544 926 4538
f 4538 925 4543
f 4544 4538 4543
f 927 4545 4547
f 4545 929 4546
f 4546 930 4547
f 4545 4546 4547
f 930 4548 4547
f 4548 928 4542
f 4542 927 4547
f 4548 4542 4547
f 929 4549 4550
f 4549 921 4536
f 4536 924 4550
f 4549 4536 4550
f 924 4551 4550
f 4551 930 4546
f 4546 929 4550
f 4551 4546 4550
f 931 4552 4554
f 4552 932 4553
f 4553 933 4554
f 4552 4553 4554
f 933 4555 4554
f 4555 934 4556
f 4556 931 4554
f 4555 4556 4554
f 932 4557 4559
f 4557 935 4558
f 4558 936 4559
f 4557 4558 4559
f 936 4560 4559
f 4560 933 4553
f 4553 932 4559
f 4560 4553 4559
f 935 4561 4563
f 4561 937 4562
f 4562 938 4563
f 4561 4562 4563
f 938 4564 4563
f 4564 936 4558
f 4558 935 4563
f 4564 4558 4563
f 937 4565 4567
f 4565 939 4566
f 4566 940 4567
f 4565 4566 4567
f 940 4568 4567
f 4568 938 4562
f 4562 937 4567
f 4568 4562 4567
f 939 4569 4570
f 4569 931 4556
f 4556 934 4570
f 4569 4556 4570
f 934 4571 4570
f 4571 940 4566
f 4566 939 4570
f 4571 4566 4570
f 941 4572 4574
f 4572 942 4573
f 4573 943 4574
f 4572 4573 4574
f 943 4575 4574
f 4575 944 4576
f 4576 941 4574
f 4575 4576 4574
f 942 4577 4579
f 4577 945 4578
f 4578 946 4579
f 4577 4578 4579
f 946 4580 4579
f 4580 943 4573
f 4573 942 4579
f 4580 4573 4579
f 945 4581 4583
f 4581 947 4582
f 4582 948 4583
f 4581 4582 4583
f 948 4584 4583
f 4584 946 4578
f 4578 945 4583
f 4584 4578 4583
f 947 4585 4587
f 4585 949 4586
f 4586 950 4587
f 4585 4586 4587
f 950 4588 4587
f 4588 948 4582
f 4582 947 4587
f 4588 4582 4587
f 949 4589 4590
f 4589 941 4576
f 4576 944 4590
f 4589 4576 4590
f 944 4591 4590
f 4591 950 4586
f 4586 949 4590
f 4591 4586 4590
f 951 4592 4594
f 4592 952 4593
f 4593 953 4594
f 4592 4593 4594
f 953 4595 4594
f 4595 954 4596
f 4596 951 4594
f 4595 4596 4594
f 952 4597 4599
f 4597 955 4598
f 4598 956 4599
f 4597 4598 4599
f 956 4600 4599
f 4600 953 4593
f 4593 952 4599
f 4600 4593 4599
f 955 4601 4603
f 4601 957 4602
f 4602 958 4603
f 4601 4602 4603
f 958 4604 4603
f 4604 956 4598
f 4598 955 4603
f 4604 4598 4603
f 957 4605 4607
f 4605 959 4606
f 4606 960 4607
f 4605 4606 4607
f 960 4608 4607
f 4608 958 4602
f 4602 957 4607
f 4608 4602 4607
f 959 4609 4610
f 4609 951 4596
f 4596 954 4610
f 4609 4596 4610
f 954 4611 4610
f 4611 960 4606
f 4606 959 4610
f 4611 4606 4610
f 961 4612 4614
f 4612 962 4613
f 4613 963 4614
f 4612 4613 4614
f 963 4615 4614
f 4615 964 4616
f 4616 961 4614
f 4615 4616 4614
f 962 4617 4619
f 4617 965 4618
f 4618 966 4619
f 4617 4618 4619
f 966 4620 4619
f 4620 963 4613
f 4613 962 4619
f 4620 4613 4619
f 965 4621 4623
f 4621 967 4622
f 4622 968 4623
f 4621 4622 4623
f 968 4624 4623
f 4624 966 4618
f 4618 965 4623
f 4624 4618 4623
f 967 4625 4627
f 4625 969 4626
f 4626 970 4627
f 4625 4626 4627
f 970 4628 4627
f 4628 968 4622
f 4622 967 4627
f 4628 4622 4627
f 969 4629 4630
f 4629 961 4616
f 4616 964 4630
f 4629 4616 4630
f 964 4631 4630
f 4631 970 4626
f 4626 969 4630
f 4631 4626 4630
f 971 4632 4634
f 4632 972 4633
f 4633 973 4634
f 4632 4633 4634
f 972 4635 4633
f 4635 974 4636
f 4636 973 4633
f 4635 4636 4633
f 975 4637 4639
f 4637 976 4638
f 4638 977 4639
f 4637 4638 4639
f 976 4640 4642
f 4640 978 4641
f 4641 979 4642
f 4640 4641 4642
f 980 4643 4645
f 4643 981 4644
f 4644 982 4645
f 4643 4644 4645
f 981 4646 4644
f 4646 983 4647
f 4647 982 4644
f 4646 4647 4644
f 984 4648 4650
f 4648 985 4649
f 4649 986 4650
f 4648 4649 4650
f 985 4651 4649
f 4651 987 4652
f 4652 986 4649
f 4651 4652 4649
f 988 4653 4655
f 4653 989 4654
f 4654 990 4655
f 4653 4654 4655
f 989 4656 4654
f 4656 991 4657
f 4657 990 4654
f 4656 4657 4654
f 992 4658 4660
f 4658 993 4659
f 4659 994 4660
f 4658 4659 4660
f 993 4661 4659
f 4661 995 4662
f 4662 994 4659
f 4661 4662 4659
f 996 4663 4665
f 4663 997 4664
f 4664 998 4665
f 4663 4664 4665
f 997 4666 4668
f 4666 999 4667
f 4667 1000 4668
f 4666 4667 4668
f 1001 4669 4671
f 4669 1002 4670
f 4670 1003 4671
f 4669 4670 4671
f 1002 4672 4670
f 4672 1004 4673
f 4673 1003 4670
f 4672 4673 4670
f 1005 4674 4676
f 4674 1006 4675
f 4675 1007 4676
f 4674 4675 4676
f 1006 4677 4675
f 4677 1008 4678
f 4678 1007 4675
f 4677 4678 4675
f 1009 4679 4681
f 4679 1010 4680
f 4680 1011 4681
f 4679 4680 4681
f 1010 4682 4680
f 4682 1012 4683
f 4683 1011 4680
f 4682 4683 4680
f 1013 4684 4686
f 4684 1014 4685
f 4685 1015 4686
f 4684 4685 4686
f 1014 4687 4685
f 4687 1016 4688
f 4688 1015 4685
f 4687 4688 4685
f 1017 4689 4691
f 4689 1018 4690
f 4690 1019 4691
f 4689 4690 4691
f 1018 4692 4694
f 4692 1020 4693
f 4693 1021 4694
f 4692 4693 4694
f 1022 4695 4697
f 4695 1023 4696
f 4696 1024 4697
f 4695 4696 4697
f 1023 4698 4696
f 4698 1025 4699
f 4699 1024 4696
f 4698 4699 4696
f 1026 4700 4702
f 4700 1027 4701
f 4701 1028 4702
f 4700 4701 4702
f 1027 4703 4701
f 4703 1029 4704
f 4704 1028 4701
f 4703 4704 4701
f 1030 4705 4707
f 4705 1031 4706
f 4706 1032 4707
f 4705 4706 4707
f 1031 4708 4706
f 4708 1033 4709
f 4709 1032 4706
f 4708 4709 4706
f 1034 4710 4712
f 4710 1035 4711
f 4711 1036 4712
f 4710 4711 4712
f 1035 4713 4711
f 4713 1037 4714
f 4714 1036 4711
f 4713 4714 4711
f 1038 4715 4717
f 4715 1039 4716
f 4716 1040 4717
f 4715 4716 4717
f 1039 4718 4720
f 4718 1041 4719
f 4719 1042 4720
f 4718 4719 4720
f 1043 4721 4723
f 4721 1044 4722
f 4722 1045 4723
f 4721 4722 4723
f 1044 4724 4722
f 4724 1046 4725
f 4725 1045 4722
f 4724 4725 4722
f 1047 4726 4728
f 4726 1048 4727
f 4727 1049 4728
f 4726 4727 4728
f 1048 4729 4727
f 4729 1050 4730
f 4730 1049 4727
f 4729 4730 4727
f 1051 4731 4733
f 4731 1052 4732
f 4732 1053 4733
f 4731 4732 4733
f 1052 4734 4732
f 4734 1054 4735
f 4735 1053 4732
f 4734 4735 4732
f 1055 4736 4738
f 4736 1056 4737
f 4737 1057 4738
f 4736 4737 4738
f 1056 4739 4737
f 4739 1058 4740
f 4740 1057 4737
f 4739 4740 4737
f 1059 4741 4743
f 4741 1060 4742
f 4742 1061 4743
f 4741 4742 4743
f 1060 4744 4746
f 4744 1062 4745
f 4745 1063 4746
f 4744 4745 4746
f 1064 4747 4749
f 4747 1065 4748
f 4748 1066 4749
f 4747 4748 4749
f 1065 4750 4748
f 4750 1067 4751
f 4751 1066 4748
f 4750 4751 4748
f 1068 4752 4754
f 4752 1069 4753
f 4753 1070 4754
f 4752 4753 4754
f 1069 4755 4753
f 4755 1071 4756
f 4756 1070 4753
f 4755 4756 4753
f 1072 4757 4759
f 4757 1073 4758
f 4758 1074 4759
f 4757 4758 4759
f 1073 4760 4758
f 4760 1075 4761
f 4761 1074 4758
f 4760 4761 4758
f 1076 4762 4764
f 4762 1077 4763
f 4763 1078 4764
f 4762 4763 4764
f 1077 4765 4763
f 4765 1079 4766
f 4766 1078 4763
f 4765 4766 4763
f 1080 4767 4769
f 4767 1081 4768
f 4768 1082 4769
f 4767 4768 4769
f 1081 4770 4772
f 4770 1083 4771
f 4771 1084 4772
f 4770 4771 4772
f 1085 4773 4775
f 4773 1086 4774
f 4774 1087 4775
f 4773 4774 4775
f 1086 4776 4774
f 4776 1088 4777
f 4777 1087 4774
f 4776 4777 4774
f 1089 4778 4780
f 4778 1090 4779
f 4779 1091 4780
f 4778 4779 4780
f 1090 4781 4779
f 4781 1092 4782
f 4782 1091 4779
f 4781 4782 4779
f 1093 4783 4785
f 4783 1094 4784
f 4784 1095 4785
f 4783 4784 4785
f 1094 4786 4784
f 4786 1096 4787
f 4787 1095 4784
f 4786 4787 4784
f 1097 4788 4790
f 4788 1098 4789
f 4789 1099 4790
f 4788 4789 4790
f 1098 4791 4789
f 4791 1100 4792
f 4792 1099 4789
f 4791 4792 4789
f 1101 4793 4795
f 4793 1102 4794
f 4794 1103 4795
f 4793 4794 4795
f 1102 4796 4798
f 4796 1104 4797
f 4797 1105 4798
f 4796 4797 4798
f 1106 4799 4801
f 4799 1107 4800
f 4800 1108 4801
f 4799 4800 4801
f 1107 4802 4800
f 4802 1109 4803
f 4803 1108 4800
f 4802 4803 4800
f 1110 4804 4806
f 4804 1111 4805
f 4805 1112 4806
f 4804 4805 4806
f 1111 4807 4805
f 4807 1113 4808
f 4808 1112 4805
f 4807 4808 4805
f 1114 4809 4811
f 4809 1115 4810
f 4810 1116 4811
f 4809 4810 4811
f 1115 4812 4810
f 4812 1117 4813
f 4813 1116 4810
f 4812 4813 4810
f 1118 4814 4816
f 4814 1119 4815
f 4815 1120 4816
f 4814 4815 4816
f 1119 4817 4815
f 4817 1121 4818
f 4818 1120 4815
f 4817 4818 4815
f 1122 4819 4821
f 4819 1123 4820
f 4820 1124 4821
f 4819 4820 4821
f 1123 4822 4824
f 4822 1125 4823
f 4823 1126 4824
f 4822 4823 4824
f 1127 4825 4827
f 4825 1128 4826
f 4826 1129 4827
f 4825 4826 4827
f 1128 4828 4826
f 4828 1130 4829
f 4829 1129 4826
f 4828 4829 4826
f 1131 4830 4832
f 4830 1132 4831
f 4831 1133 4832
f 4830 4831 4832
f 1132 4833 4831
f 4833 1134 4834
f 4834 1133 4831
f 4833 4834 4831
f 1135 4835 4837
f 4835 1136 4836
f 4836 1137 4837
f 4835 4836 4837
f 1136 4838 4836
f 4838 1138 4839
f 4839 1137 4836
f 4838 4839 4836
f 1139 4840 4842
f 4840 1140 4841
f 4841 1141 4842
f 4840 4841 4842
f 1140 4843 4841
f 4843 1142 4844
f 4844 1141 4841
f 4843 4844 4841
f 1143 4845 4847
f 4845 1144 4846
f 4846 1145 4847
f 4845 4846 4847
f 1144 4848 4850
f 4848 1146 4849
f 4849 1147 4850
f 4848 4849 4850
f 1148 4851 4853
f 4851 1149 4852
f 4852 1150 4853
f 4851 4852 4853
f 1149 4854 4852
f 4854 1151 4855
f 4855 1150 4852
f 4854 4855 4852
f 1152 4856 4858
f 4856 1153 4857
f 4857 1154 4858
f 4856 4857 4858
f 1153 4859 4857
f 4859 1155 4860
f 4860 1154 4857
f 4859 4860 4857
f 1156 4861 4863
f 4861 1157 4862
f 4862 1158 4863
f 4861 4862 4863
f 1157 4864 4862
f 4864 1159 4865
f 4865 1158 4862
f 4864 4865 4862
f 1160 4866 4868
f 4866 1161 4867
f 4867 1162 4868
f 4866 4867 4868
f 1161 4869 4867
f 4869 1163 4870
f 4870 1162 4867
f 4869 4870 4867
f 1164 4871 4873
f 4871 1165 4872
f 4872 1166 4873
f 4871 4872 4873
f 1165 4874 4876
f 4874 1167 4875
f 4875 1168 4876
f 4874 4875 4876
f 1169 4877 4879
f 4877 1170 4878
f 4878 1171 4879
f 4877 4878 4879
f 1170 4880 4878
f 4880 1172 4881
f 4881 1171 4878
f 4880 4881 4878
f 1173 4882 4884
f 4882 1174 4883
f 4883 1175 4884
f 4882 4883 4884
f 1174 4885 4883
f 4885 1176 4886
f 4886 1175 4883
f 4885 4886 4883
f 1177 4887 4889
f 4887 1178 4888
f 4888 1179 4889
f 4887 4888 4889
f 1178 4890 4888
f 4890 1180 4891
f 4891 1179 4888
f 4890 4891 4888
f 1181 4892 4894
f 4892 1182 4893
f 4893 1183 4894
f 4892 4893 4894
f 1182 4895 4893
f 4895 1184 4896
f 4896 1183 4893
f 4895 4896 4893
f 1185 4897 4899
f 4897 1186 4898
f 4898 1187 4899
f 4897 4898 4899
f 1186 4900 4902
f 4900 1188 4901
f 4901 1189 4902
f 4900 4901 4902
f 1190 4903 4905
f 4903 1191 4904
f 4904 1192 4905
f 4903 4904 4905
f 1191 4906 4904
f 4906 1193 4907
f 4907 1192 4904
f 4906 4907 4904
f 1194 4908 4910
f 4908 1195 4909
f 4909 1196 4910
f 4908 4909 4910
f 1195 4911 4909
f 4911 1197 4912
f 4912 1196 4909
f 4911 4912 4909
f 1198 4913 4915
f 4913 1199 4914
f 4914 1200 4915
f 4913 4914 4915
f 1199 4916 4914
f 4916 1201 4917
f 4917 1200 4914
f 4916 4917 4914
f 1202 4918 4920
f 4918 1203 4919
f 4919 1204 4920
f 4918 4919 4920
f 1203 4921 4919
f 4921 1205 4922
f 4922 1204 4919
f 4921 4922 4919
f 1206 4923 4925
f 4923 1207 4924
f 4924 1208 4925
f 4923 4924 4925
f 1207 4926 4928
f 4926 1209 4927
f 4927 1210 4928
f 4926 4927 4928
f 1211 4929 4931
f 4929 1212 4930
f 4930 1213 4931
f 4929 4930 4931
f 1212 4932 4930
f 4932 1214 4933
f 4933 1213 4930
f 4932 4933 4930
f 1215 4934 4936
f 4934 1216 4935
f 4935 1217 4936
f 4934 4935 4936
f 1216 4937 4935
f 4937 1218 4938
f 4938 1217 4935
f 4937 4938 4935
f 1219 4939 4941
f 4939 1220 4940
f 4940 1221 4941
f 4939 4940 4941
f 1220 4942 4940
f 4942 1222 4943
f 4943 1221 4940
f 4942 4943 4940
f 1223 4944 4946
f 4944 1224 4945
f 4945 1225 4946
f 4944 4945 4946
f 1224 4947 4945
f 4947 1226 4948
f 4948 1225 4945
f 4947 4948 4945
f 1227 4949 4951
f 4949 1228 4950
f 4950 1229 4951
f 4949 4950 4951
f 1228 4952 4954
f 4952 1230 4953
f 4953 1231 4954
f 4952 4953 4954
f 1232 4955 4957
f 4955 1233 4956
f 4956 1234 4957
f 4955 4956 4957
f 1233 4958 4956
f 4958 1235 4959
f 4959 1234 4956
f 4958 4959 4956
f 1236 4960 4962
f 4960 1237 4961
f 4961 1238 4962
f 4960 4961 4962
f 1237 4963 4961
f 4963 1239 4964
f 4964 1238 4961
f 4963 4964 4961
f 1240 4965 4967
f 4965 1241 4966
f 4966 1242 4967
f 4965 4966 4967
f 1241 4968 4966
f 4968 1243 4969
f 4969 1242 4966
f 4968 4969 4966
f 1244 4970 4972
f 4970 1245 4971
f 4971 1246 4972
f 4970 4971 4972
f 1245 4973 4971
f 4973 1247 4974
f 4974 1246 4971
f 4973 4974 4971
f 1248 4975 4977
f 4975 1249 4976
f 4976 1250 4977
f 4975 4976 4977
f 1249 4978 4980
f 4978 1251 4979
f 4979 1252 4980
f 4978 4979 4980
f 1253 4981 4983
f 4981 1254 4982
f 4982 1255 4983
f 4981 4982 4983
f 1254 4984 4982
f 4984 1256 4985
f 4985 1255 4982
f 4984 4985 4982
f 1257 4986 4988
f 4986 1258 4987
f 4987 1259 4988
f 4986 4987 4988
f 1258 4989 4987
f 4989 1260 4990
f 4990 1259 4987
f 4989 4990 4987
f 1261 4991 4993
f 4991 1262 4992
f 4992 1263 4993
f 4991 4992 4993
f 1262 4994 4992
f 4994 1264 4995
f 4995 1263 4992
f 4994 4995 4992
f 1265 4996 4998
f 4996 1266 4997
f 4997 1267 4998
f 4996 4997 4998
f 1266 4999 4997
f 4999 1268 5000
f 5000 1267 4997
f 4999 5000 4997
f 1269 5001 5003
f 5001 1270 5002
f 5002 1271 5003
f 5001 5002 5003
f 1270 5004 5006
f 5004 1272 5005
f 5005 1273 5006
f 5004 5005 5006
f 1274 5007 5009
f 5007 1275 5008
f 5008 1276 5009
f 5007 5008 5009
f 1275 5010 5008
f 5010 1277 5011
f 5011 1276 5008
f 5010 5011 5008
f 1278 5012 5014
f 5012 1279 5013
f 5013 1280 5014
f 5012 5013 5014
f 1279 5015 5013
f 5015 1281 5016
f 5016 1280 5013
f 5015 5016 5013
f 1282 5017 5019
f 5017 1283 5018
f 5018 1284 5019
f 5017 5018 5019
f 1283 5020 5018
f 5020 1285 5021
f 5021 1284 5018
f 5020 5021 5018
f 1286 5022 5024
f 5022 1287 5023
f 5023 1288 5024
f 5022 5023 5024
f 1287 5025 5023
f 5025 1289 5026
f 5026 1288 5023
f 5025 5026 5023
f 1290 5027 5029
f 5027 1291 5028
f 5028 1292 5029
f 5027 5028 5029
f 1291 5030 5032
f 5030 1293 5031
f 5031 1294 5032
f 5030 5031 5032
f 1295 5033 5035
f 5033 1296 5034
f 5034 1297 5035
f 5033 5034 5035
f 1296 5036 5034
f 5036 1298 5037
f 5037 1297 5034
f 5036 5037 5034
f 1299 5038 5040
f 5038 1300 5039
f 5039 1301 5040
f 5038 5039 5040
f 1300 5041 5039
f 5041 1302 5042
f 5042 1301 5039
f 5041 5042 5039
f 1303 5043 5045
f 5043 1304 5044
f 5044 1305 5045
f 5043 5044 5045
f 1304 5046 5044
f 5046 1306 5047
f 5047 1305 5044
f 5046 5047 5044
f 1307 5048 5050
f 5048 1308 5049
f 5049 1309 5050
f 5048 5049 5050
f 1308 5051 5049
f 5051 1310 5052
f 5052 1309 5049
f 5051 5052 5049
f 1311 5053 5055
f 5053 1312 5054
f 5054 1313 5055
f 5053 5054 5055
f 1312 5056 5058
f 5056 1314 5057
f 5057 1315 5058
f 5056 5057 5058
f 1316 5059 5061
f 5059 1317 5060
f 5060 1318 5061
f 5059 5060 5061
f 1317 5062 5060
f 5062 1319 5063
f 5063 1318 5060
f 5062 5063 5060
f 1320 5064 5066
f 5064 1321 5065
f 5065 1322 5066
f 5064 5065 5066
f 1321 5067 5065
f 5067 1323 5068
f 5068 1322 5065
f 5067 5068 5065
f 1324 5069 5071
f 5069 1325 5070
f 5070 1326 5071
f 5069 5070 5071
f 1325 5072 5070
f 5072 1327 5073
f 5073 1326 5070
f 5072 5073 5070
f 1328 5074 5076
f 5074 1329 5075
f 5075 1330 5076
f 5074 5075 5076
f 1329 5077 5075
f 5077 1331 5078
f 5078 1330 5075
f 5077 5078 5075
f 1332 5079 5081
f 5079 1333 5080
f 5080 1334 5081
f 5079 5080 5081
f 1333 5082 5084
f 5082 1335 5083
f 5083 1336 5084
f 5082 5083 5084
f 1337 5085 5087
f 5085 1338 5086
f 5086 1339 5087
f 5085 5086 5087
f 1338 5088 5086
f 5088 1340 5089
f 5089 1339 5086
f 5088 5089 5086
f 1341 5090 5092
f 5090 1342 5091
f 5091 1343 5092
f 5090 5091 5092
f 1342 5093 5091
f 5093 1344 5094
f 5094 1343 5091
f 5093 5094 5091
f 1345 5095 5097
f 5095 1346 5096
f 5096 1347 5097
f 5095 5096 5097
f 1346 5098 5096
f 5098 1348 5099
f 5099 1347 5096
f 5098 5099 5096
f 1349 5100 5102
f 5100 1350 5101
f 5101 1351 5102
f 5100 5101 5102
f 1350 5103 5101
f 5103 1352 5104
f 5104 1351 5101
f 5103 5104 5101
f 1353 5105 5107
f 5105 1354 5106
f 5106 1355 5107
f 5105 5106 5107
f 1354 5108 5110
f 5108 1356 5109
f 5109 1357 5110
f 5108 5109 5110
f 1358 5111 5113
f 5111 1359 5112
f 5112 1360 5113
f 5111 5112 5113
f 1359 5114 5112
f 5114 1361 5115
f 5115 1360 5112
f 5114 5115 5112
f 1362 5116 5118
f 5116 1363 5117
f 5117 1364 5118
f 5116 5117 5118
f 1363 5119 5117
f 5119 1365 5120
f 5120 1364 5117
f 5119 5120 5117
f 1366 5121 5123
f 5121 1367 5122
f 5122 1368 5123
f 5121 5122 5123
f 1367 5124 5122
f 5124 1369 5125
f 5125 1368 5122
f 5124 5125 5122
f 1370 5126 5128
f 5126 1371 5127
f 5127 1372 5128
f 5126 5127 5128
f 1371 5129 5127
f 5129 1373 5130
f 5130 1372 5127
f 5129 5130 5127
f 1374 5131 5133
f 5131 1375 5132
f 5132 1376 5133
f 5131 5132 5133
f 1375 5134 5136
f 5134 1377 5135
f 5135 1378 5136
f 5134 5135 5136
f 1379 5137 5139
f 5137 1380 5138
f 5138 1381 5139
f 5137 5138 5139
f 1380 5140 5138
f 5140 1382 5141
f 5141 1381 5138
f 5140 5141 5138
f 1383 5142 5144
f 5142 1384 5143
f 5143 1385 5144
f 5142 5143 5144
f 1384 5145 5143
f 5145 1386 5146
f 5146 1385 5143
f 5145 5146 5143
f 1387 5147 5149
f 5147 1388 5148
f 5148 1389 5149
f 5147 5148 5149
f 1388 5150 5148
f 5150 1390 5151
f 5151 1389 5148
f 5150 5151 5148
f 1391 5152 5154
f 5152 1392 5153
f 5153 1393 5154
f 5152 5153 5154
f 1392 5155 5153
f 5155 1394 5156
f 5156 1393 5153
f 5155 5156 5153
f 1395 5157 5159
f 5157 1396 5158
f 5158 1397 5159
f 5157 5158 5159
f 1396 5160 5162
f 5160 1398 5161
f 5161 1399 5162
f 5160 5161 5162
f 1400 5163 5165
f 5163 1401 5164
f 5164 1402 5165
f 5163 5164 5165
f 1401 5166 5164
f 5166 1403 5167
f 5167 1402 5164
f 5166 5167 5164
f 1404 5168 5170
f 5168 1405 5169
f 5169 1406 5170
f 5168 5169 5170
f 1405 5171 5169
f 5171 1407 5172
f 5172 1406 5169
f 5171 5172 5169
f 1408 5173 5175
f 5173 1409 5174
f 5174 1410 5175
f 5173 5174 5175
f 1409 5176 5174
f 5176 1411 5177
f 5177 1410 5174
f 5176 5177 5174
f 1412 5178 5180
f 5178 1413 5179
f 5179 1414 5180
f 5178 5179 5180
f 1413 5181 5179
f 5181 1415 5182
f 5182 1414 5179
f 5181 5182 5179
f 1416 5183 5185
f 5183 1417 5184
f 5184 1418 5185
f 5183 5184 5185
f 1417 5186 5188
f 5186 1419 5187
f 5187 1420 5188
f 5186 5187 5188
f 1421 5189 5191
f 5189 1422 5190
f 5190 1423 5191
f 5189 5190 5191
f 1422 5192 5190
f 5192 1424 5193
f 5193 1423 5190
f 5192 5193 5190
f 1425 5194 5196
f 5194 1426 5195
f 5195 1427 5196
f 5194 5195 5196
f 1426 5197 5195
f 5197 1428 5198
f 5198 1427 5195
f 5197 5198 5195
f 1429 5199 5201
f 5199 1430 5200
f 5200 1431 5201
f 5199 5200 5201
f 1430 5202 5200
f 5202 1432 5203
f 5203 1431 5200
f 5202 5203 5200
f 1433 5204 5206
f 5204 1434 5205
f 5205 1435 5206
f 5204 5205 5206
f 1434 5207 5205
f 5207 1436 5208
f 5208 1435 5205
f 5207 5208 5205
f 1437 5209 5211
f 5209 1438 5210
f 5210 1439 5211
f 5209 5210 5211
f 1438 5212 5214
f 5212 1440 5213
f 5213 1441 5214
f 5212 5213 5214
f 1442 5215 5217
f 5215 1443 5216
f 5216 1444 5217
f 5215 5216 5217
f 1443 5218 5216
f 5218 1445 5219
f 5219 1444 5216
f 5218 5219 5216
f 1446 5220 5222
f 5220 1447 5221
f 5221 1448 5222
f 5220 5221 5222
f 1447 5223 5221
f 5223 1449 5224
f 5224 1448 5221
f 5223 5224 5221
f 1450 5225 5227
f 5225 1451 5226
f 5226 1452 5227
f 5225 5226 5227
f 1451 5228 5226
f 5228 1453 5229
f 5229 1452 5226
f 5228 5229 5226
f 1454 5230 5232
f 5230 1455 5231
f 5231 1456 5232
f 5230 5231 5232
f 1455 5233 5231
f 5233 1457 5234
f 5234 1456 5231
f 5233 5234 5231
f 1458 5235 5237
f 5235 1459 5236
f 5236 1460 5237
f 5235 5236 5237
f 1459 5238 5240
f 5238 1461 5239
f 5239 1462 5240
f 5238 5239 5240
f 1463 5241 5243
f 5241 1464 5242
f 5242 1465 5243
f 5241 5242 5243
f 1464 5244 5242
f 5244 1466 5245
f 5245 1465 5242
f 5244 5245 5242
f 1467 5246 5248
f 5246 1468 5247
f 5247 1469 5248
f 5246 5247 5248
f 1468 5249 5247
f 5249 1470 5250
f 5250 1469 5247
f 5249 5250 5247
f 1471 5251 5253
f 5251 1472 5252
f 5252 1473 5253
f 5251 5252 5253
f 1472 5254 5252
f 5254 1474 5255
f 5255 1473 5252
f 5254 5255 5252
f 1475 5256 5258
f 5256 1476 5257
f 5257 1477 5258
f 5256 5257 5258
f 1476 5259 5257
f 5259 1478 5260
f 5260 1477 5257
f 5259 5260 5257
f 1479 5261 5263
f 5261 1480 5262
f 5262 1481 5263
f 5261 5262 5263
f 1480 5264 5266
f 5264 1482 5265
f 5265 1483 5266
f 5264 5265 5266
f 1484 5267 5269
f 5267 1485 5268
f 5268 1486 5269
f 5267 5268 5269
f 1485 5270 5268
f 5270 1487 5271
f 5271 1486 5268
f 5270 5271 5268
f 1488 5272 5274
f 5272 1489 5273
f 5273 1490 5274
f 5272 5273 5274
f 1489 5275 5273
f 5275 1491 5276
f 5276 1490 5273
f 5275 5276 5273
f 1492 5277 5279
f 5277 1493 5278
f 5278 1494 5279
f 5277 5278 5279
f 1493 5280 5278
f 5280 1495 5281
f 5281 1494 5278
f 5280 5281 5278
f 1496 5282 5284
f 5282 1497 5283
f 5283 1498 5284
f 5282 5283 5284
f 1497 5285 5283
f 5285 1499 5286
f 5286 1498 5283
f 5285 5286 5283
f 1500 5287 5289
f 5287 1501 5288
f 5288 1502 5289
f 5287 5288 5289
f 1501 5290 5292
f 5290 1503 5291
f 5291 1504 5292
f 5290 5291 5292
f 1505 5293 5295
f 5293 1506 5294
f 5294 1507 5295
f 5293 5294 5295
f 1506 5296 5294
f 5296 1508 5297
f 5297 1507 5294
f 5296 5297 5294
f 1509 5298 5300
f 5298 1510 5299
f 5299 1511 5300
f 5298 5299 5300
f 1510 5301 5299
f 5301 1512 5302
f 5302 1511 5299
f 5301 5302 5299
f 1513 5303 5305
f 5303 1514 5304
f 5304 1515 5305
f 5303 5304 5305
f 1514 5306 5304
f 5306 1516 5307
f 5307 1515 5304
f 5306 5307 5304
f 1517 5308 5310
f 5308 1518 5309
f 5309 1519 5310
f 5308 5309 5310
f 1518 5311 5309
f 5311 1520 5312
f 5312 1519 5309
f 5311 5312 5309
f 1521 5313 5315
f 5313 1522 5314
f 5314 1523 5315
f 5313 5314 5315
f 1522 5316 5318
f 5316 1524 5317
f 5317 1525 5318
f 5316 5317 5318
f 1526 5319 5321
f 5319 1527 5320
f 5320 1528 5321
f 5319 5320 5321
f 1527 5322 5320
f 5322 1529 5323
f 5323 1528 5320
f 5322 5323 5320
f 1530 5324 5326
f 5324 1531 5325
f 5325 1532 5326
f 5324 5325 5326
f 1531 5327 5325
f 5327 1533 5328
f 5328 1532 5325
f 5327 5328 5325
f 1534 5329 5331
f 5329 1535 5330
f 5330 1536 5331
f 5329 5330 5331
f 1535 5332 5330
f 5332 1537 5333
f 5333 1536 5330
f 5332 5333 5330
f 1538 5334 5336
f 5334 1539 5335
f 5335 1540 5336
f 5334 5335 5336
f 1539 5337 5335
f 5337 1541 5338
f 5338 1540 5335
f 5337 5338 5335
f 1542 5339 5341
f 5339 1543 5340
f 5340 1544 5341
f 5339 5340 5341
f 1543 5342 5344
f 5342 1545 5343
f 5343 1546 5344
f 5342 5343 5344
f 1547 5345 5347
f 5345 1548 5346
f 5346 1549 5347
f 5345 5346 5347
f 1548 5348 5346
f 5348 1550 5349
f 5349 1549 5346
f 5348 5349 5346
f 1551 5350 5352
f 5350 1552 5351
f 5351 1553 5352
f 5350 5351 5352
f 1552 5353 5351
f 5353 1554 5354
f 5354 1553 5351
f 5353 5354 5351
f 1555 5355 5357
f 5355 1556 5356
f 5356 1557 5357
f 5355 5356 5357
f 1556 5358 5356
f 5358 1558 5359
f 5359 1557 5356
f 5358 5359 5356
f 1559 5360 5362
f 5360 1560 5361
f 5361 1561 5362
f 5360 5361 5362
f 1560 5363 5361
f 5363 1562 5364
f 5364 1561 5361
f 5363 5364 5361
f 1563 5365 5367
f 5365 1564 5366
f 5366 1565 5367
f 5365 5366 5367
f 1564 5368 5370
f 5368 1566 5369
f 5369 1567 5370
f 5368 5369 5370
f 1568 5371 5373
f 5371 1569 5372
f 5372 1570 5373
f 5371 5372 5373
f 1569 5374 5372
f 5374 1571 5375
f 5375 1570 5372
f 5374 5375 5372
f 1572 5376 5378
f 5376 1573 5377
f 5377 1574 5378
f 5376 5377 5378
f 1573 5379 5377
f 5379 1575 5380
f 5380 1574 5377
f 5379 5380 5377
f 1576 5381 5383
f 5381 1577 5382
f 5382 1578 5383
f 5381 5382 5383
f 1577 5384 5382
f 5384 1579 5385
f 5385 1578 5382
f 5384 5385 5382
f 1580 5386 5388
f 5386 1581 5387
f 5387 1582 5388
f 5386 5387 5388
f 1581 5389 5387
f 5389 1583 5390
f 5390 1582 5387
f 5389 5390 5387
f 1584 5391 5393
f 5391 1585 5392
f 5392 1586 5393
f 5391 5392 5393
f 1585 5394 5396
f 5394 1587 5395
f 5395 1588 5396
f 5394 5395 5396
f 1589 5397 5399
f 5397 1590 5398
f 5398 1591 5399
f 5397 5398 5399
f 1590 5400 5398
f 5400 1592 5401
f 5401 1591 5398
f 5400 5401 5398
f 1593 5402 5404
f 5402 1594 5403
f 5403 1595 5404
f 5402 5403 5404
f 1594 5405 5403
f 5405 1596 5406
f 5406 1595 5403
f 5405 5406 5403
f 1597 5407 5409
f 5407 1598 5408
f 5408 1599 5409
f 5407 5408 5409
f 1598 5410 5408
f 5410 1600 5411
f 5411 1599 5408
f 5410 5411 5408
f 1601 5412 5414
f 5412 1602 5413
f 5413 1603 5414
f 5412 5413 5414
f 1602 5415 5413
f 5415 1604 5416
f 5416 1603 5413
f 5415 5416 5413
f 1605 5417 5419
f 5417 1606 5418
f 5418 1607 5419
f 5417 5418 5419
f 1606 5420 5422
f 5420 1608 5421
f 5421 1609 5422
f 5420 5421 5422
f 1610 5423 5425
f 5423 1611 5424
f 5424 1612 5425
f 5423 5424 5425
f 1611 5426 5424
f 5426 1613 5427
f 5427 1612 5424
f 5426 5427 5424
f 1614 5428 5430
f 5428 1615 5429
f 5429 1616 5430
f 5428 5429 5430
f 1615 5431 5429
f 5431 1617 5432
f 5432 1616 5429
f 5431 5432 5429
f 1618 5433 5435
f 5433 1619 5434
f 5434 1620 5435
f 5433 5434 5435
f 1619 5436 5434
f 5436 1621 5437
f 5437 1620 5434
f 5436 5437 5434
f 1622 5438 5440
f 5438 1623 5439
f 5439 1624 5440
f 5438 5439 5440
f 1623 5441 5439
f 5441 1625 5442
f 5442 1624 5439
f 5441 5442 5439
f 1626 5443 5445
f 5443 1627 5444
f 5444 1628 5445
f 5443 5444 5445
f 1627 5446 5448
f 5446 1629 5447
f 5447 1630 5448
f 5446 5447 5448
f 1631 5449 5451
f 5449 1632 5450
f 5450 1633 5451
f 5449 5450 5451
f 1632 5452 5450
f 5452 1634 5453
f 5453 1633 5450
f 5452 5453 5450
f 1635 5454 5456
f 5454 1636 5455
f 5455 1637 5456
f 5454 5455 5456
f 1636 5457 5455
f 5457 1638 5458
f 5458 1637 5455
f 5457 5458 5455
f 1639 5459 5461
f 5459 1640 5460
f 5460 1641 5461
f 5459 5460 5461
f 1640 5462 5460
f 5462 1642 5463
f 5463 1641 5460
f 5462 5463 5460
f 1643 5464 5466
f 5464 1644 5465
f 5465 1645 5466
f 5464 5465 5466
f 1644 5467 5465
f 5467 1646 5468
f 5468 1645 5465
f 5467 5468 5465
f 1647 5469 5471
f 5469 1648 5470
f 5470 1649 5471
f 5469 5470 5471
f 1648 5472 5474
f 5472 1650 5473
f 5473 1651 5474
f 5472 5473 5474
f 1652 5475 5477
f 5475 1653 5476
f 5476 1654 5477
f 5475 5476 5477
f 1653 5478 5476
f 5478 1655 5479
f 5479 1654 5476
f 5478 5479 5476
f 1656 5480 5482
f 5480 1657 5481
f 5481 1658 5482
f 5480 5481 5482
f 1657 5483 5481
f 5483 1659 5484
f 5484 1658 5481
f 5483 5484 5481
f 1660 5485 5487
f 5485 1661 5486
f 5486 1662 5487
f 5485 5486 5487
f 1661 5488 5486
f 5488 1663 5489
f 5489 1662 5486
f 5488 5489 5486
f 1664 5490 5492
f 5490 1665 5491
f 5491 1666 5492
f 5490 5491 5492
f 1665 5493 5491
f 5493 1667 5494
f 5494 1666 5491
f 5493 5494 5491
f 1668 5495 5497
f 5495 1669 5496
f 5496 1670 5497
f 5495 5496 5497
f 1669 5498 5500
f 5498 1671 5499
f 5499 1672 5500
f 5498 5499 5500
f 1673 5501 5503
f 5501 1674 5502
f 5502 1675 5503
f 5501 5502 5503
f 1674 5504 5502
f 5504 1676 5505
f 5505 1675 5502
f 5504 5505 5502
f 1677 5506 5508
f 5506 1678 5507
f 5507 1679 5508
f 5506 5507 5508
f 1678 5509 5507
f 5509 1680 5510
f 5510 1679 5507
f 5509 5510 5507
f 1681 5511 5513
f 5511 1682 5512
f 5512 1683 5513
f 5511 5512 5513
f 1682 5514 5512
f 5514 1684 5515
f 5515 1683 5512
f 5514 5515 5512
f 1685 5516 5518
f 5516 1686 5517
f 5517 1687 5518
f 5516 5517 5518
f 1686 5519 5517
f 5519 1688 5520
f 5520 1687 5517
f 5519 5520 5517
f 1689 5521 5523
f 5521 1690 5522
f 5522 1691 5523
f 5521 5522 5523
f 1690 5524 5526
f 5524 1692 5525
f 5525 1693 5526
f 5524 5525 5526
f 1694 5527 5529
f 5527 1695 5528
f 5528 1696 5529
f 5527 5528 5529
f 1695 5530 5528
f 5530 1697 5531
f 5531 1696 5528
f 5530 5531 5528
f 1698 5532 5534
f 5532 1699 5533
f 5533 1700 5534
f 5532 5533 5534
f 1699 5535 5533
f 5535 1701 5536
f 5536 1700 5533
f 5535 5536 5533
f 1702 5537 5539
f 5537 1703 5538
f 5538 1704 5539
f 5537 5538 5539
f 1703 5540 5538
f 5540 1705 5541
f 5541 1704 5538
f 5540 5541 5538
f 1706 5542 5544
f 5542 1707 5543
f 5543 1708 5544
f 5542 5543 5544
f 1707 5545 5543
f 5545 1709 5546
f 5546 1708 5543
f 5545 5546 5543
f 1710 5547 5549
f 5547 1711 5548
f 5548 1712 5549
f 5547 5548 5549
f 1711 5550 5552
f 5550 1713 5551
f 5551 1714 5552
f 5550 5551 5552
f 1715 5553 5555
f 5553 1716 5554
f 5554 1717 5555
f 5553 5554 5555
f 1716 5556 5554
f 5556 1718 5557
f 5557 1717 5554
f 5556 5557 5554
f 1719 5558 5560
f 5558 1720 5559
f 5559 1721 5560
f 5558 5559 5560
f 1720 5561 5559
f 5561 1722 5562
f 5562 1721 5559
f 5561 5562 5559
f 1723 5563 5565
f 5563 1724 5564
f 5564 1725 5565
f 5563 5564 5565
f 1724 5566 5564
f 5566 1726 5567
f 5567 1725 5564
f 5566 5567 5564
f 1727 5568 5570
f 5568 1728 5569
f 5569 1729 5570
f 5568 5569 5570
f 1728 5571 5569
f 5571 1730 5572
f 5572 1729 5569
f 5571 5572 5569
f 1731 5573 5575
f 5573 1732 5574
f 5574 1733 5575
f 5573 5574 5575
f 1732 5576 5578
f 5576 1734 5577
f 5577 1735 5578
f 5576 5577 5578
f 1736 5579 5581
f 5579 1737 5580
f 5580 1738 5581
f 5579 5580 5581
f 1737 5582 5580
f 5582 1739 5583
f 5583 1738 5580
f 5582 5583 5580
f 1740 5584 5586
f 5584 1741 5585
f 5585 1742 5586
f 5584 5585 5586
f 1741 5587 5585
f 5587 1743 5588
f 5588 1742 5585
f 5587 5588 5585
f 1744 5589 5591
f 5589 1745 5590
f 5590 1746 5591
f 5589 5590 5591
f 1745 5592 5590
f 5592 1747 5593
f 5593 1746 5590
f 5592 5593 5590
f 1748 5594 5596
f 5594 1749 5595
f 5595 1750 5596
f 5594 5595 5596
f 1749 5597 5595
f 5597 1751 5598
f 5598 1750 5595
f 5597 5598 5595
f 1752 5599 5601
f 5599 1753 5600
f 5600 1754 5601
f 5599 5600 5601
f 1753 5602 5604
f 5602 1755 5603
f 5603 1756 5604
f 5602 5603 5604
f 1757 5605 5607
f 5605 1758 5606
f 5606 1759 5607
f 5605 5606 5607
f 1758 5608 5606
f 5608 1760 5609
f 5609 1759 5606
f 5608 5609 5606
f 1761 5610 5612
f 5610 1762 5611
f 5611 1763 5612
f 5610 5611 5612
f 1762 5613 5611
f 5613 1764 5614
f 5614 1763 5611
f 5613 5614 5611
f 1765 5615 5617
f 5615 1766 5616
f 5616 1767 5617
f 5615 5616 5617
f 1766 5618 5616
f 5618 1768 5619
f 5619 1767 5616
f 5618 5619 5616
f 1769 5620 5622
f 5620 1770 5621
f 5621 1771 5622
f 5620 5621 5622
f 1770 5623 5621
f 5623 1772 5624
f 5624 1771 5621
f 5623 5624 5621
f 1773 5625 5627
f 5625 1774 5626
f 5626 1775 5627
f 5625 5626 5627
f 1774 5628 5630
f 5628 1776 5629
f 5629 1777 5630
f 5628 5629 5630
f 1778 5631 5633
f 5631 1779 5632
f 5632 1780 5633
f 5631 5632 5633
f 1779 5634 5632
f 5634 1781 5635
f 5635 1780 5632
f 5634 5635 5632
f 1782 5636 5638
f 5636 1783 5637
f 5637 1784 5638
f 5636 5637 5638
f 1783 5639 5637
f 5639 1785 5640
f 5640 1784 5637
f 5639 5640 5637
f 1786 5641 5643
f 5641 1787 5642
f 5642 1788 5643
f 5641 5642 5643
f 1787 5644 5642
f 5644 1789 5645
f 5645 1788 5642
f 5644 5645 5642
f 1790 5646 5648
f 5646 1791 5647
f 5647 1792 5648
f 5646 5647 5648
f 1791 5649 5647
f 5649 1793 5650
f 5650 1792 5647
f 5649 5650 5647
f 1794 5651 5653
f 5651 1795 5652
f 5652 1796 5653
f 5651 5652 5653
f 1795 5654 5656
f 5654 1797 5655
f 5655 1798 5656
f 5654 5655 5656
f 1799 5657 5659
f 5657 1800 5658
f 5658 1801 5659
f 5657 5658 5659
f 1800 5660 5658
f 5660 1802 5661
f 5661 1801 5658
f 5660 5661 5658
f 1803 5662 5664
f 5662 1804 5663
f 5663 1805 5664
f 5662 5663 5664
f 1804 5665 5663
f 5665 1806 5666
f 5666 1805 5663
f 5665 5666 5663
f 1807 5667 5669
f 5667 1808 5668
f 5668 1809 5669
f 5667 5668 5669
f 1808 5670 5668
f 5670 1810 5671
f 5671 1809 5668
f 5670 5671 5668
f 1811 5672 5674
f 5672 1812 5673
f 5673 1813 5674
f 5672 5673 5674
f 1812 5675 5673
f 5675 1814 5676
f 5676 1813 5673
f 5675 5676 5673
f 1815 5677 5679
f 5677 1816 5678
f 5678 1817 5679
f 5677 5678 5679
f 1816 5680 5682
f 5680 1818 5681
f 5681 1819 5682
f 5680 5681 5682
f 1820 5683 5685
f 5683 1821 5684
f 5684 1822 5685
f 5683 5684 5685
f 1821 5686 5684
f 5686 1823 5687
f 5687 1822 5684
f 5686 5687 5684
f 1824 5688 5690
f 5688 1825 5689
f 5689 1826 5690
f 5688 5689 5690
f 1825 5691 5689
f 5691 1827 5692
f 5692 1826 5689
f 5691 5692 5689
f 1828 5693 5695
f 5693 1829 5694
f 5694 1830 5695
f 5693 5694 5695
f 1829 5696 5694
f 5696 1831 5697
f 5697 1830 5694
f 5696 5697 5694
f 1832 5698 5700
f 5698 1833 5699
f 5699 1834 5700
f 5698 5699 5700
f 1833 5701 5699
f 5701 1835 5702
f 5702 1834 5699
f 5701 5702 5699
f 1836 5703 5705
f 5703 1837 5704
f 5704 1838 5705
f 5703 5704 5705
f 1837 5706 5708
f 5706 1839 5707
f 5707 1840 5708
f 5706 5707 5708
f 1841 5709 5711
f 5709 1842 5710
f 5710 1843 5711
f 5709 5710 5711
f 1842 5712 5710
f 5712 1844 5713
f 5713 1843 5710
f 5712 5713 5710
f 1845 5714 5716
f 5714 1846 5715
f 5715 1847 5716
f 5714 5715 5716
f 1846 5717 5715
f 5717 1848 5718
f 5718 1847 5715
f 5717 5718 5715
f 1849 5719 5721
f 5719 1850 5720
f 5720 1851 5721
f 5719 5720 5721
f 1850 5722 5720
f 5722 1852 5723
f 5723 1851 5720
f 5722 5723 5720
f 1853 5724 5726
f 5724 1854 5725
f 5725 1855 5726
f 5724 5725 5726
f 1854 5727 5725
f 5727 1856 5728
f 5728 1855 5725
f 5727 5728 5725
f 1857 5729 5731
f 5729 1858 5730
f 5730 1859 5731
f 5729 5730 5731
f 1858 5732 5734
f 5732 1860 5733
f 5733 1861 5734
f 5732 5733 5734
f 1862 5735 5737
f 5735 1863 5736
f 5736 1864 5737
f 5735 5736 5737
f 1863 5738 5736
f 5738 1865 5739
f 5739 1864 5736
f 5738 5739 5736
f 1866 5740 5742
f 5740 1867 5741
f 5741 1868 5742
f 5740 5741 5742
f 1867 5743 5741
f 5743 1869 5744
f 5744 1868 5741
f 5743 5744 5741
f 1870 5745 5747
f 5745 1871 5746
f 5746 1872 5747
f 5745 5746 5747
f 1871 5748 5746
f 5748 1873 5749
f 5749 1872 5746
f 5748 5749 5746
f 1874 5750 5752
f 5750 1875 5751
f 5751 1876 5752
f 5750 5751 5752
f 1875 5753 5751
f 5753 1877 5754
f 5754 1876 5751
f 5753 5754 5751
f 1878 5755 5757
f 5755 1879 5756
f 5756 1880 5757
f 5755 5756 5757
f 1879 5758 5760
f 5758 1881 5759
f 5759 1882 5760
f 5758 5759 5760
f 1883 5761 5763
f 5761 1884 5762
f 5762 1885 5763
f 5761 5762 5763
f 1884 5764 5762
f 5764 1886 5765
f 5765 1885 5762
f 5764 5765 5762
f 1887 5766 5768
f 5766 1888 5767
f 5767 1889 5768
f 5766 5767 5768
f 1888 5769 5767
f 5769 1890 5770
f 5770 1889 5767
f 5769 5770 5767
f 1891 5771 5773
f 5771 1892 5772
f 5772 1893 5773
f 5771 5772 5773
f 1892 5774 5772
f 5774 1894 5775
f 5775 1893 5772
f 5774 5775 5772
f 1895 5776 5778
f 5776 1896 5777
f 5777 1897 5778
f 5776 5777 5778
f 1896 5779 5777
f 5779 1898 5780
f 5780 1897 5777
f 5779 5780 5777
f 1899 5781 5783
f 5781 1900 5782
f 5782 1901 5783
f 5781 5782 5783
f 1900 5784 5786
f 5784 1902 5785
f 5785 1903 5786
f 5784 5785 5786
f 1904 5787 5789
f 5787 1905 5788
f 5788 1906 5789
f 5787 5788 5789
f 1905 5790 5788
f 5790 1907 5791
f 5791 1906 5788
f 5790 5791 5788
f 1908 5792 5794
f 5792 1909 5793
f 5793 1910 5794
f 5792 5793 5794
f 1909 5795 5793
f 5795 1911 5796
f 5796 1910 5793
f 5795 5796 5793
f 1912 5797 5799
f 5797 1913 5798
f 5798 1914 5799
f 5797 5798 5799
f 1913 5800 5798
f 5800 1915 5801
f 5801 1914 5798
f 5800 5801 5798
f 1916 5802 5804
f 5802 1917 5803
f 5803 1918 5804
f 5802 5803 5804
f 1917 5805 5803
f 5805 1919 5806
f 5806 1918 5803
f 5805 5806 5803
f 1920 5807 5809
f 5807 1921 5808
f 5808 1922 5809
f 5807 5808 5809
f 1921 5810 5812
f 5810 1923 5811
f 5811 1924 5812
f 5810 5811 5812
f 1925 5813 5815
f 5813 1926 5814
f 5814 1927 5815
f 5813 5814 5815
f 1926 5816 5814
f 5816 1928 5817
f 5817 1927 5814
f 5816 5817 5814
f 1929 5818 5820
f 5818 1930 5819
f 5819 1931 5820
f 5818 5819 5820
f 1930 5821 5819
f 5821 1932 5822
f 5822 1931 5819
f 5821 5822 5819
f 1933 5823 5825
f 5823 1934 5824
f 5824 1935 5825
f 5823 5824 5825
f 1934 5826 5824
f 5826 1936 5827
f 5827 1935 5824
f 5826 5827 5824
f 1937 5828 5830
f 5828 1938 5829
f 5829 1939 5830
f 5828 5829 5830
f 1938 5831 5829
f 5831 1940 5832
f 5832 1939 5829
f 5831 5832 5829
f 1941 5833 5835
f 5833 1942 5834
f 5834 1943 5835
f 5833 5834 5835
f 1942 5836 5838
f 5836 1944 5837
f 5837 1945 5838
f 5836 5837 5838
f 1946 5839 5841
f 5839 1947 5840
f 5840 1948 5841
f 5839 5840 5841
f 1947 5842 5840
f 5842 1949 5843
f 5843 1948 5840
f 5842 5843 5840
f 1950 5844 5846
f 5844 1951 5845
f 5845 1952 5846
f 5844 5845 5846
f 1951 5847 5845
f 5847 1953 5848
f 5848 1952 5845
f 5847 5848 5845
f 1954 5849 5851
f 5849 1955 5850
f 5850 1956 5851
f 5849 5850 5851
f 1955 5852 5850
f 5852 1957 5853
f 5853 1956 5850
f 5852 5853 5850
f 1958 5854 5856
f 5854 1959 5855
f 5855 1960 5856
f 5854 5855 5856
f 1959 5857 5855
f 5857 1961 5858
f 5858 1960 5855
f 5857 5858 5855
f 1962 5859 5861
f 5859 1963 5860
f 5860 1964 5861
f 5859 5860 5861
f 1963 5862 5864
f 5862 1965 5863
f 5863 1966 5864
f 5862 5863 5864
f 1967 5865 5867
f 5865 1968 5866
f 5866 1969 5867
f 5865 5866 5867
f 1968 5868 5866
f 5868 1970 5869
f 5869 1969 5866
f 5868 5869 5866
f 1971 5870 5872
f 5870 1972 5871
f 5871 1973 5872
f 5870 5871 5872
f 1972 5873 5871
f 5873 1974 5874
f 5874 1973 5871
f 5873 5874 5871
f 1975 5875 5877
f 5875 1976 5876
f 5876 1977 5877
f 5875 5876 5877
f 1976 5878 5876
f 5878 1978 5879
f 5879 1977 5876
f 5878 5879 5876
f 1979 5880 5882
f 5880 1980 5881
f 5881 1981 5882
f 5880 5881 5882
f 1980 5883 5881
f 5883 1982 5884
f 5884 1981 5881
f 5883 5884 5881
f 1983 5885 5887
f 5885 1984 5886
f 5886 1985 5887
f 5885 5886 5887
f 1984 5888 5890
f 5888 1986 5889
f 5889 1987 5890
f 5888 5889 5890
f 1988 5891 5893
f 5891 1989 5892
f 5892 1990 5893
f 5891 5892 5893
f 1989 5894 5892
f 5894 1991 5895
f 5895 1990 5892
f 5894 5895 5892
f 1992 5896 5898
f 5896 1993 5897
f 5897 1994 5898
f 5896 5897 5898
f 1993 5899 5897
f 5899 1995 5900
f 5900 1994 5897
f 5899 5900 5897
f 1996 5901 5903
f 5901 1997 5902
f 5902 1998 5903
f 5901 5902 5903
f 1997 5904 5902
f 5904 1999 5905
f 5905 1998 5902
f 5904 5905 5902
f 2000 5906 5908
f 5906 2001 5907
f 5907 2002 5908
f 5906 5907 5908
f 2001 5909 5907
f 5909 2003 5910
f 5910 2002 5907
f 5909 5910 5907
f 2004 5911 5913
f 5911 2005 5912
f 5912 2006 5913
f 5911 5912 5913
f 2005 5914 5916
f 5914 2007 5915
f 5915 2008 5916
f 5914 5915 5916
f 2009 5917 5919
f 5917 2010 5918
f 5918 2011 5919
f 5917 5918 5919
f 2010 5920 5918
f 5920 2012 5921
f 5921 2011 5918
f 5920 5921 5918
f 2013 5922 5924
f 5922 2014 5923
f 5923 2015 5924
f 5922 5923 5924
f 2014 5925 5923
f 5925 2016 5926
f 5926 2015 5923
f 5925 5926 5923
f 2017 5927 5929
f 5927 2018 5928
f 5928 2019 5929
f 5927 5928 5929
f 2018 5930 5928
f 5930 2020 5931
f 5931 2019 5928
f 5930 5931 5928
f 2021 5932 5934
f 5932 2022 5933
f 5933 2023 5934
f 5932 5933 5934
f 2022 5935 5933
f 5935 2024 5936
f 5936 2023 5933
f 5935 5936 5933
f 2025 5937 5939
f 5937 2026 5938
f 5938 2027 5939
f 5937 5938 5939
f 2026 5940 5942
f 5940 2028 5941
f 5941 2029 5942
f 5940 5941 5942
f 2030 5943 5945
f 5943 2031 5944
f 5944 2032 5945
f 5943 5944 5945
f 2031 5946 5944
f 5946 2033 5947
f 5947 2032 5944
f 5946 5947 5944
f 2034 5948 5950
f 5948 2035 5949
f 5949 2036 5950
f 5948 5949 5950
f 2035 5951 5949
f 5951 2037 5952
f 5952 2036 5949
f 5951 5952 5949
f 2038 5953 5955
f 5953 2039 5954
f 5954 2040 5955
f 5953 5954 5955
f 2039 5956 5954
f 5956 2041 5957
f 5957 2040 5954
f 5956 5957 5954
f 2042 5958 5960
f 5958 2043 5959
f 5959 2044 5960
f 5958 5959 5960
f 2043 5961 5959
f 5961 2045 5962
f 5962 2044 5959
f 5961 5962 5959
f 2046 5963 5965
f 5963 2047 5964
f 5964 2048 5965
f 5963 5964 5965
f 2047 5966 5968
f 5966 2049 5967
f 5967 2050 5968
f 5966 5967 5968
f 2051 5969 5971
f 5969 2052 5970
f 5970 2053 5971
f 5969 5970 5971
f 2052 5972 5970
f 5972 2054 5973
f 5973 2053 5970
f 5972 5973 5970
f 2055 5974 5976
f 5974 2056 5975
f 5975 2057 5976
f 5974 5975 5976
f 2056 5977 5975
f 5977 2058 5978
f 5978 2057 5975
f 5977 5978 5975
f 2059 5979 5981
f 5979 2060 5980
f 5980 2061 5981
f 5979 5980 5981
f 2060 5982 5980
f 5982 2062 5983
f 5983 2061 5980
f 5982 5983 5980
f 2063 5984 5986
f 5984 2064 5985
f 5985 2065 5986
f 5984 5985 5986
f 2064 5987 5985
f 5987 2066 5988
f 5988 2065 5985
f 5987 5988 5985
f 2067 5989 5991
f 5989 2068 5990
f 5990 2069 5991
f 5989 5990 5991
f 2068 5992 5994
f 5992 2070 5993
f 5993 2071 5994
f 5992 5993 5994
f 2072 5995 5997
f 5995 2073 5996
f 5996 2074 5997
f 5995 5996 5997
f 2073 5998 5996
f 5998 2075 5999
f 5999 2074 5996
f 5998 5999 5996
f 2076 6000 6002
f 6000 2077 6001
f 6001 2078 6002
f 6000 6001 6002
f 2077 6003 6001
f 6003 2079 6004
f 6004 2078 6001
f 6003 6004 6001
f 2080 6005 6007
f 6005 2081 6006
f 6006 2082 6007
f 6005 6006 6007
f 2081 6008 6006
f 6008 2083 6009
f 6009 2082 6006
f 6008 6009 6006
f 2084 6010 6012
f 6010 2085 6011
f 6011 2086 6012
f 6010 6011 6012
f 2085 6013 6011
f 6013 2087 6014
f 6014 2086 6011
f 6013 6014 6011
f 2088 6015 6017
f 6015 2089 6016
f 6016 2090 6017
f 6015 6016 6017
f 2089 6018 6020
f 6018 2091 6019
f 6019 2092 6020
f 6018 6019 6020
f 2093 6021 6023
f 6021 2094 6022
f 6022 2095 6023
f 6021 6022 6023
f 2094 6024 6022
f 6024 2096 6025
f 6025 2095 6022
f 6024 6025 6022
f 2097 6026 6028
f 6026 2098 6027
f 6027 2099 6028
f 6026 6027 6028
f 2098 6029 6027
f 6029 2100 6030
f 6030 2099 6027
f 6029 6030 6027
f 2101 6031 6033
f 6031 2102 6032
f 6032 2103 6033
f 6031 6032 6033
f 2102 6034 6032
f 6034 2104 6035
f 6035 2103 6032
f 6034 6035 6032
f 2105 6036 6038
f 6036 2106 6037
f 6037 2107 6038
f 6036 6037 6038
f 2106 6039 6037
f 6039 2108 6040
f 6040 2107 6037
f 6039 6040 6037
f 2109 6041 6043
f 6041 2110 6042
f 6042 2111 6043
f 6041 6042 6043
f 2110 6044 6046
f 6044 2112 6045
f 6045 2113 6046
f 6044 6045 6046
f 2114 6047 6049
f 6047 2115 6048
f 6048 2116 6049
f 6047 6048 6049
f 2115 6050 6048
f 6050 2117 6051
f 6051 2116 6048
f 6050 6051 6048
f 2118 6052 6054
f 6052 2119 6053
f 6053 2120 6054
f 6052 6053 6054
f 2119 6055 6053
f 6055 2121 6056
f 6056 2120 6053
f 6055 6056 6053
f 2122 6057 6059
f 6057 2123 6058
f 6058 2124 6059
f 6057 6058 6059
f 2123 6060 6058
f 6060 2125 6061
f 6061 2124 6058
f 6060 6061 6058
f 2126 6062 6064
f 6062 2127 6063
f 6063 2128 6064
f 6062 6063 6064
f 2127 6065 6063
f 6065 2129 6066
f 6066 2128 6063
f 6065 6066 6063
f 2130 6067 6069
f 6067 2131 6068
f 6068 2132 6069
f 6067 6068 6069
f 2131 6070 6072
f 6070 2133 6071
f 6071 2134 6072
f 6070 6071 6072
f 2135 6073 6075
f 6073 2136 6074
f 6074 2137 6075
f 6073 6074 6075
f 2136 6076 6074
f 6076 2138 6077
f 6077 2137 6074
f 6076 6077 6074
f 2139 6078 6080
f 6078 2140 6079
f 6079 2141 6080
f 6078 6079 6080
f 2140 6081 6079
f 6081 2142 6082
f 6082 2141 6079
f 6081 6082 6079
f 2143 6083 6085
f 6083 2144 6084
f 6084 2145 6085
f 6083 6084 6085
f 2144 6086 6084
f 6086 2146 6087
f 6087 2145 6084
f 6086 6087 6084
f 2147 6088 6090
f 6088 2148 6089
f 6089 2149 6090
f 6088 6089 6090
f 2148 6091 6089
f 6091 2150 6092
f 6092 2149 6089
f 6091 6092 6089
f 2151 6093 6095
f 6093 2152 6094
f 6094 2153 6095
f 6093 6094 6095
f 2152 6096 6098
f 6096 2154 6097
f 6097 2155 6098
f 6096 6097 6098
f 2156 6099 6101
f 6099 2157 6100
f 6100 2158 6101
f 6099 6100 6101
f 2157 6102 6100
f 6102 2159 6103
f 6103 2158 6100
f 6102 6103 6100
f 2160 6104 6106
f 6104 2161 6105
f 6105 2162 6106
f 6104 6105 6106
f 2161 6107 6105
f 6107 2163 6108
f 6108 2162 6105
f 6107 6108 6105
f 2164 6109 6111
f 6109 2165 6110
f 6110 2166 6111
f 6109 6110 6111
f 2165 6112 6110
f 6112 2167 6113
f 6113 2166 6110
f 6112 6113 6110
f 2168 6114 6116
f 6114 2169 6115
f 6115 2170 6116
f 6114 6115 6116
f 2169 6117 6115
f 6117 2171 6118
f 6118 2170 6115
f 6117 6118 6115
f 2172 6119 6121
f 6119 2173 6120
f 6120 2174 6121
f 6119 6120 6121
f 2173 6122 6124
f 6122 2175 6123
f 6123 2176 6124
f 6122 6123 6124
f 2177 6125 6127
f 6125 2178 6126
f 6126 2179 6127
f 6125 6126 6127
f 2178 6128 6126
f 6128 2180 6129
f 6129 2179 6126
f 6128 6129 6126
f 2181 6130 6132
f 6130 2182 6131
f 6131 2183 6132
f 6130 6131 6132
f 2182 6133 6131
f 6133 2184 6134
f 6134 2183 6131
f 6133 6134 6131
f 2185 6135 6137
f 6135 2186 6136
f 6136 2187 6137
f 6135 6136 6137
f 2186 6138 6136
f 6138 2188 6139
f 6139 2187 6136
f 6138 6139 6136
f 2189 6140 6142
f 6140 2190 6141
f 6141 2191 6142
f 6140 6141 6142
f 2190 6143 6141
f 6143 2192 6144
f 6144 2191 6141
f 6143 6144 6141
f 2193 6145 6147
f 6145 2194 6146
f 6146 2195 6147
f 6145 6146 6147
f 2194 6148 6150
f 6148 2196 6149
f 6149 2197 6150
f 6148 6149 6150
f 2198 6151 6153
f 6151 2199 6152
f 6152 2200 6153
f 6151 6152 6153
f 2199 6154 6152
f 6154 2201 6155
f 6155 2200 6152
f 6154 6155 6152
f 2202 6156 6158
f 6156 2203 6157
f 6157 2204 6158
f 6156 6157 6158
f 2203 6159 6157
f 6159 2205 6160
f 6160 2204 6157
f 6159 6160 6157
f 2206 6161 6163
f 6161 2207 6162
f 6162 2208 6163
f 6161 6162 6163
f 2207 6164 6162
f 6164 2209 6165
f 6165 2208 6162
f 6164 6165 6162
f 2210 6166 6168
f 6166 2211 6167
f 6167 2212 6168
f 6166 6167 6168
f 2211 6169 6167
f 6169 2213 6170
f 6170 2212 6167
f 6169 6170 6167
f 2214 6171 6173
f 6171 2215 6172
f 6172 2216 6173
f 6171 6172 6173
f 2215 6174 6176
f 6174 2217 6175
f 6175 2218 6176
f 6174 6175 6176
f 2219 6177 6179
f 6177 2220 6178
f 6178 2221 6179
f 6177 6178 6179
f 2220 6180 6178
f 6180 2222 6181
f 6181 2221 6178
f 6180 6181 6178
f 2223 6182 6184
f 6182 2224 6183
f 6183 2225 6184
f 6182 6183 6184
f 2224 6185 6183
f 6185 2226 6186
f 6186 2225 6183
f 6185 6186 6183
f 2227 6187 6189
f 6187 2228 6188
f 6188 2229 6189
f 6187 6188 6189
f 2228 6190 6188
f 6190 2230 6191
f 6191 2229 6188
f 6190 6191 6188
f 2231 6192 6194
f 6192 2232 6193
f 6193 2233 6194
f 6192 6193 6194
f 2232 6195 6193
f 6195 2234 6196
f 6196 2233 6193
f 6195 6196 6193
f 2235 6197 6199
f 6197 2236 6198
f 6198 2237 6199
f 6197 6198 6199
f 2236 6200 6202
f 6200 2238 6201
f 6201 2239 6202
f 6200 6201 6202
f 2240 6203 6205
f 6203 2241 6204
f 6204 2242 6205
f 6203 6204 6205
f 2241 6206 6204
f 6206 2243 6207
f 6207 2242 6204
f 6206 6207 6204
f 2244 6208 6210
f 6208 2245 6209
f 6209 2246 6210
f 6208 6209 6210
f 2245 6211 6209
f 6211 2247 6212
f 6212 2246 6209
f 6211 6212 6209
f 2248 6213 6215
f 6213 2249 6214
f 6214 2250 6215
f 6213 6214 6215
f 2249 6216 6214
f 6216 2251 6217
f 6217 2250 6214
f 6216 6217 6214
f 2252 6218 6220
f 6218 2253 6219
f 6219 2254 6220
f 6218 6219 6220
f 2253 6221 6219
f 6221 2255 6222
f 6222 2254 6219
f 6221 6222 6219
f 2256 6223 6225
f 6223 2257 6224
f 6224 2258 6225
f 6223 6224 6225
f 2257 6226 6228
f 6226 2259 6227
f 6227 2260 6228
f 6226 6227 6228
f 2261 6229 6231
f 6229 2262 6230
f 6230 2263 6231
f 6229 6230 6231
f 2262 6232 6230
f 6232 2264 6233
f 6233 2263 6230
f 6232 6233 6230
f 2265 6234 6236
f 6234 2266 6235
f 6235 2267 6236
f 6234 6235 6236
f 2266 6237 6235
f 6237 2268 6238
f 6238 2267 6235
f 6237 6238 6235
f 2269 6239 6241
f 6239 2270 6240
f 6240 2271 6241
f 6239 6240 6241
f 2270 6242 6240
f 6242 2272 6243
f 6243 2271 6240
f 6242 6243 6240
f 2273 6244 6246
f 6244 2274 6245
f 6245 2275 6246
f 6244 6245 6246
f 2274 6247 6245
f 6247 2276 6248
f 6248 2275 6245
f 6247 6248 6245
f 2277 6249 6251
f 6249 2278 6250
f 6250 2279 6251
f 6249 6250 6251
f 2278 6252 6254
f 6252 2280 6253
f 6253 2281 6254
f 6252 6253 6254
f 2282 6255 6257
f 6255 2283 6256
f 6256 2284 6257
f 6255 6256 6257
f 2283 6258 6256
f 6258 2285 6259
f 6259 2284 6256
f 6258 6259 6256
f 2286 6260 6262
f 6260 2287 6261
f 6261 2288 6262
f 6260 6261 6262
f 2287 6263 6261
f 6263 2289 6264
f 6264 2288 6261
f 6263 6264 6261
f 2290 6265 6267
f 6265 2291 6266
f 6266 2292 6267
f 6265 6266 6267
f 2291 6268 6266
f 6268 2293 6269
f 6269 2292 6266
f 6268 6269 6266
f 2294 6270 6272
f 6270 2295 6271
f 6271 2296 6272
f 6270 6271 6272
f 2295 6273 6271
f 6273 2297 6274
f 6274 2296 6271
f 6273 6274 6271
f 2298 6275 6277
f 6275 2299 6276
f 6276 2300 6277
f 6275 6276 6277
f 2299 6278 6280
f 6278 2301 6279
f 6279 2302 6280
f 6278 6279 6280
f 2303 6281 6283
f 6281 2304 6282
f 6282 2305 6283
f 6281 6282 6283
f 2304 6284 6282
f 6284 2306 6285
f 6285 2305 6282
f 6284 6285 6282
f 2307 6286 6288
f 6286 2308 6287
f 6287 2309 6288
f 6286 6287 6288
f 2308 6289 6287
f 6289 2310 6290
f 6290 2309 6287
f 6289 6290 6287
f 2311 6291 6293
f 6291 2312 6292
f 6292 2313 6293
f 6291 6292 6293
f 2312 6294 6292
f 6294 2314 6295
f 6295 2313 6292
f 6294 6295 6292
f 2315 6296 6298
f 6296 2316 6297
f 6297 2317 6298
f 6296 6297 6298
f 2316 6299 6297
f 6299 2318 6300
f 6300 2317 6297
f 6299 6300 6297
f 2319 6301 6303
f 6301 2320 6302
f 6302 2321 6303
f 6301 6302 6303
f 2320 6304 6306
f 6304 2322 6305
f 6305 2323 6306
f 6304 6305 6306
f 2324 6307 6309
f 6307 2325 6308
f 6308 2326 6309
f 6307 6308 6309
f 2325 6310 6308
f 6310 2327 6311
f 6311 2326 6308
f 6310 6311 6308
f 2328 6312 6314
f 6312 2329 6313
f 6313 2330 6314
f 6312 6313 6314
f 2329 6315 6313
f 6315 2331 6316
f 6316 2330 6313
f 6315 6316 6313
f 2332 6317 6319
f 6317 2333 6318
f 6318 2334 6319
f 6317 6318 6319
f 2333 6320 6318
f 6320 2335 6321
f 6321 2334 6318
f 6320 6321 6318
f 2336 6322 6324
f 6322 2337 6323
f 6323 2338 6324
f 6322 6323 6324
f 2337 6325 6323
f 6325 2339 6326
f 6326 2338 6323
f 6325 6326 6323
f 2340 6327 6329
f 6327 2341 6328
f 6328 2342 6329
f 6327 6328 6329
f 2341 6330 6332
f 6330 2343 6331
f 6331 2344 6332
f 6330 6331 6332
f 2345 6333 6335
f 6333 2346 6334
f 6334 2347 6335
f 6333 6334 6335
f 2346 6336 6334
f 6336 2348 6337
f 6337 2347 6334
f 6336 6337 6334
f 2349 6338 6340
f 6338 2350 6339
f 6339 2351 6340
f 6338 6339 6340
f 2350 6341 6339
f 6341 2352 6342
f 6342 2351 6339
f 6341 6342 6339
f 2353 6343 6345
f 6343 2354 6344
f 6344 2355 6345
f 6343 6344 6345
f 2354 6346 6344
f 6346 2356 6347
f 6347 2355 6344
f 6346 6347 6344
f 2357 6348 6350
f 6348 2358 6349
f 6349 2359 6350
f 6348 6349 6350
f 2358 6351 6349
f 6351 2360 6352
f 6352 2359 6349
f 6351 6352 6349
f 2361 6353 6355
f 6353 2362 6354
f 6354 2363 6355
f 6353 6354 6355
f 2362 6356 6358
f 6356 2364 6357
f 6357 2365 6358
f 6356 6357 6358
f 2366 6359 6361
f 6359 2367 6360
f 6360 2368 6361
f 6359 6360 6361
f 2367 6362 6360
f 6362 2369 6363
f 6363 2368 6360
f 6362 6363 6360
f 2370 6364 6366
f 6364 2371 6365
f 6365 2372 6366
f 6364 6365 6366
f 2371 6367 6365
f 6367 2373 6368
f 6368 2372 6365
f 6367 6368 6365
f 2374 6369 6371
f 6369 2375 6370
f 6370 2376 6371
f 6369 6370 6371
f 2375 6372 6370
f 6372 2377 6373
f 6373 2376 6370
f 6372 6373 6370
f 2378 6374 6376
f 6374 2379 6375
f 6375 2380 6376
f 6374 6375 6376
f 2379 6377 6375
f 6377 2381 6378
f 6378 2380 6375
f 6377 6378 6375
f 2382 6379 6381
f 6379 2383 6380
f 6380 2384 6381
f 6379 6380 6381
f 2383 6382 6384
f 6382 2385 6383
f 6383 2386 6384
f 6382 6383 6384
f 2387 6385 6387
f 6385 2388 6386
f 6386 2389 6387
f 6385 6386 6387
f 2388 6388 6386
f 6388 2390 6389
f 6389 2389 6386
f 6388 6389 6386
f 2391 6390 6392
f 6390 2392 6391
f 6391 2393 6392
f 6390 6391 6392
f 2392 6393 6391
f 6393 2394 6394
f 6394 2393 6391
f 6393 6394 6391
f 2395 6395 6397
f 6395 2396 6396
f 6396 2397 6397
f 6395 6396 6397
f 2396 6398 6396
f 6398 2398 6399
f 6399 2397 6396
f 6398 6399 6396
f 2399 6400 6402
f 6400 2400 6401
f 6401 2401 6402
f 6400 6401 6402
f 2400 6403 6401
f 6403 2402 6404
f 6404 2401 6401
f 6403 6404 6401
f 2403 6405 6407
f 6405 2404 6406
f 6406 2405 6407
f 6405 6406 6407
f 2404 6408 6410
f 6408 2406 6409
f 6409 2407 6410
f 6408 6409 6410
f 2408 6411 6413
f 6411 2409 6412
f 6412 2410 6413
f 6411 6412 6413
f 2409 6414 6412
f 6414 2411 6415
f 6415 2410 6412
f 6414 6415 6412
f 2412 6416 6418
f 6416 2413 6417
f 6417 2414 6418
f 6416 6417 6418
f 2413 6419 6417
f 6419 2415 6420
f 6420 2414 6417
f 6419 6420 6417
f 2416 6421 6423
f 6421 2417 6422
f 6422 2418 6423
f 6421 6422 6423
f 2417 6424 6422
f 6424 2419 6425
f 6425 2418 6422
f 6424 6425 6422
f 2420 6426 6428
f 6426 2421 6427
f 6427 2422 6428
f 6426 6427 6428
f 2421 6429 6427
f 6429 2423 6430
f 6430 2422 6427
f 6429 6430 6427
f 2424 6431 6433
f 6431 2425 6432
f 6432 2426 6433
f 6431 6432 6433
f 2425 6434 6436
f 6434 2427 6435
f 6435 2428 6436
f 6434 6435 6436
f 2429 6437 6439
f 6437 2430 6438
f 6438 2431 6439
f 6437 6438 6439
f 2430 6440 6438
f 6440 2432 6441
f 6441 2431 6438
f 6440 6441 6438
f 2433 6442 6444
f 6442 2434 6443
f 6443 2435 6444
f 6442 6443 6444
f 2434 6445 6443
f 6445 2436 6446
f 6446 2435 6443
f 6445 6446 6443
f 2437 6447 6449
f 6447 2438 6448
f 6448 2439 6449
f 6447 6448 6449
f 2438 6450 6448
f 6450 2440 6451
f 6451 2439 6448
f 6450 6451 6448
f 2441 6452 6454
f 6452 2442 6453
f 6453 2443 6454
f 6452 6453 6454
f 2442 6455 6453
f 6455 2444 6456
f 6456 2443 6453
f 6455 6456 6453
f 2445 6457 6459
f 6457 2446 6458
f 6458 2447 6459
f 6457 6458 6459
f 2446 6460 6462
f 6460 2448 6461
f 6461 2449 6462
f 6460 6461 6462
f 2450 6463 6465
f 6463 2451 6464
f 6464 2452 6465
f 6463 6464 6465
f 2451 6466 6464
f 6466 2453 6467
f 6467 2452 6464
f 6466 6467 6464
f 2454 6468 6470
f 6468 2455 6469
f 6469 2456 6470
f 6468 6469 6470
f 2455 6471 6469
f 6471 2457 6472
f 6472 2456 6469
f 6471 6472 6469
f 2458 6473 6475
f 6473 2459 6474
f 6474 2460 6475
f 6473 6474 6475
f 2459 6476 6474
f 6476 2461 6477
f 6477 2460 6474
f 6476 6477 6474
f 2462 6478 6480
f 6478 2463 6479
f 6479 2464 6480
f 6478 6479 6480
f 2463 6481 6479
f 6481 2465 6482
f 6482 2464 6479
f 6481 6482 6479
f 2466 6483 6485
f 6483 2467 6484
f 6484 2468 6485
f 6483 6484 6485
f 2467 6486 6488
f 6486 2469 6487
f 6487 2470 6488
f 6486 6487 6488
f 2471 6489 6491
f 6489 2472 6490
f 6490 2473 6491
f 6489 6490 6491
f 2472 6492 6490
f 6492 2474 6493
f 6493 2473 6490
f 6492 6493 6490
f 2475 6494 6496
f 6494 2476 6495
f 6495 2477 6496
f 6494 6495 6496
f 2476 6497 6495
f 6497 2478 6498
f 6498 2477 6495
f 6497 6498 6495
f 2479 6499 6501
f 6499 2480 6500
f 6500 2481 6501
f 6499 6500 6501
f 2480 6502 6500
f 6502 2482 6503
f 6503 2481 6500
f 6502 6503 6500
f 2483 6504 6506
f 6504 2484 6505
f 6505 2485 6506
f 6504 6505 6506
f 2484 6507 6505
f 6507 2486 6508
f 6508 2485 6505
f 6507 6508 6505
f 2487 6509 6511
f 6509 2488 6510
f 6510 2489 6511
f 6509 6510 6511
f 2488 6512 6514
f 6512 2490 6513
f 6513 2491 6514
f 6512 6513 6514
f 2492 6515 6517
f 6515 2493 6516
f 6516 2494 6517
f 6515 6516 6517
f 2493 6518 6516
f 6518 2495 6519
f 6519 2494 6516
f 6518 6519 6516
f 2496 6520 6522
f 6520 2497 6521
f 6521 2498 6522
f 6520 6521 6522
f 2497 6523 6521
f 6523 2499 6524
f 6524 2498 6521
f 6523 6524 6521
f 2500 6525 6527
f 6525 2501 6526
f 6526 2502 6527
f 6525 6526 6527
f 2501 6528 6526
f 6528 2503 6529
f 6529 2502 6526
f 6528 6529 6526
f 2504 6530 6532
f 6530 2505 6531
f 6531 2506 6532
f 6530 6531 6532
f 2505 6533 6531
f 6533 2507 6534
f 6534 2506 6531
f 6533 6534 6531
f 2508 6535 6537
f 6535 2509 6536
f 6536 2510 6537
f 6535 6536 6537
f 2509 6538 6540
f 6538 2511 6539
f 6539 2512 6540
f 6538 6539 6540
f 2513 6541 6543
f 6541 2514 6542
f 6542 2515 6543
f 6541 6542 6543
f 2514 6544 6542
f 6544 2516 6545
f 6545 2515 6542
f 6544 6545 6542
f 2517 6546 6548
f 6546 2518 6547
f 6547 2519 6548
f 6546 6547 6548
f 2518 6549 6547
f 6549 2520 6550
f 6550 2519 6547
f 6549 6550 6547
f 2521 6551 6553
f 6551 2522 6552
f 6552 2523 6553
f 6551 6552 6553
f 2522 6554 6552
f 6554 2524 6555
f 6555 2523 6552
f 6554 6555 6552
f 2525 6556 6558
f 6556 2526 6557
f 6557 2527 6558
f 6556 6557 6558
f 2526 6559 6557
f 6559 2528 6560
f 6560 2527 6557
f 6559 6560 6557
f 2529 6561 6563
f 6561 2530 6562
f 6562 2531 6563
f 6561 6562 6563
f 2530 6564 6566
f 6564 2532 6565
f 6565 2533 6566
f 6564 6565 6566
f 2534 6567 6569
f 6567 2535 6568
f 6568 2536 6569
f 6567 6568 6569
f 2535 6570 6568
f 6570 2537 6571
f 6571 2536 6568
f 6570 6571 6568
f 2538 6572 6574
f 6572 2539 6573
f 6573 2540 6574
f 6572 6573 6574
f 2539 6575 6573
f 6575 2541 6576
f 6576 2540 6573
f 6575 6576 6573
f 2542 6577 6579
f 6577 2543 6578
f 6578 2544 6579
f 6577 6578 6579
f 2543 6580 6578
f 6580 2545 6581
f 6581 2544 6578
f 6580 6581 6578
f 2546 6582 6584
f 6582 2547 6583
f 6583 2548 6584
f 6582 6583 6584
f 2547 6585 6583
f 6585 2549 6586
f 6586 2548 6583
f 6585 6586 6583
f 2550 6587 6589
f 6587 2551 6588
f 6588 2552 6589
f 6587 6588 6589
f 2551 6590 6592
f 6590 2553 6591
f 6591 2554 6592
f 6590 6591 6592
f 2555 6593 6595
f 6593 2556 6594
f 6594 2557 6595
f 6593 6594 6595
f 2556 6596 6594
f 6596 2558 6597
f 6597 2557 6594
f 6596 6597 6594
f 2559 6598 6600
f 6598 2560 6599
f 6599 2561 6600
f 6598 6599 6600
f 2560 6601 6599
f 6601 2562 6602
f 6602 2561 6599
f 6601 6602 6599
f 2563 6603 6605
f 6603 2564 6604
f 6604 2565 6605
f 6603 6604 6605
f 2564 6606 6604
f 6606 2566 6607
f 6607 2565 6604
f 6606 6607 6604
f 2567 6608 6610
f 6608 2568 6609
f 6609 2569 6610
f 6608 6609 6610
f 2568 6611 6609
f 6611 2570 6612
f 6612 2569 6609
f 6611 6612 6609
f 2571 6613 6615
f 6613 2572 6614
f 6614 2573 6615
f 6613 6614 6615
f 2572 6616 6618
f 6616 2574 6617
f 6617 2575 6618
f 6616 6617 6618
f 2576 6619 6621
f 6619 2577 6620
f 6620 2578 6621
f 6619 6620 6621
f 2577 6622 6620
f 6622 2579 6623
f 6623 2578 6620
f 6622 6623 6620
f 2580 6624 6626
f 6624 2581 6625
f 6625 2582 6626
f 6624 6625 6626
f 2581 6627 6625
f 6627 2583 6628
f 6628 2582 6625
f 6627 6628 6625
f 2584 6629 6631
f 6629 2585 6630
f 6630 2586 6631
f 6629 6630 6631
f 2585 6632 6630
f 6632 2587 6633
f 6633 2586 6630
f 6632 6633 6630
f 2588 6634 6636
f 6634 2589 6635
f 6635 2590 6636
f 6634 6635 6636
f 2589 6637 6635
f 6637 2591 6638
f 6638 2590 6635
f 6637 6638 6635
f 2592 6639 6641
f 6639 2593 6640
f 6640 2594 6641
f 6639 6640 6641
f 2593 6642 6644
f 6642 2595 6643
f 6643 2596 6644
f 6642 6643 6644
f 2597 6645 6647
f 6645 2598 6646
f 6646 2599 6647
f 6645 6646 6647
f 2598 6648 6646
f 6648 2600 6649
f 6649 2599 6646
f 6648 6649 6646
f 2601 6650 6652
f 6650 2602 6651
f 6651 2603 6652
f 6650 6651 6652
f 2602 6653 6651
f 6653 2604 6654
f 6654 2603 6651
f 6653 6654 6651
f 2605 6655 6657
f 6655 2606 6656
f 6656 2607 6657
f 6655 6656 6657
f 2606 6658 6656
f 6658 2608 6659
f 6659 2607 6656
f 6658 6659 6656
f 2609 6660 6662
f 6660 2610 6661
f 6661 2611 6662
f 6660 6661 6662
f 2610 6663 6661
f 6663 2612 6664
f 6664 2611 6661
f 6663 6664 6661
f 2613 6665 6667
f 6665 2614 6666
f 6666 2615 6667
f 6665 6666 6667
f 2614 6668 6670
f 6668 2616 6669
f 6669 2617 6670
f 6668 6669 6670
f 2618 6671 6673
f 6671 2619 6672
f 6672 2620 6673
f 6671 6672 6673
f 2619 6674 6672
f 6674 2621 6675
f 6675 2620 6672
f 6674 6675 6672
f 2622 6676 6678
f 6676 2623 6677
f 6677 2624 6678
f 6676 6677 6678
f 2623 6679 6677
f 6679 2625 6680
f 6680 2624 6677
f 6679 6680 6677
f 2626 6681 6683
f 6681 2627 6682
f 6682 2628 6683
f 6681 6682 6683
f 2627 6684 6682
f 6684 2629 6685
f 6685 2628 6682
f 6684 6685 6682
f 2630 6686 6688
f 6686 2631 6687
f 6687 2632 6688
f 6686 6687 6688
f 2631 6689 6687
f 6689 2633 6690
f 6690 2632 6687
f 6689 6690 6687
f 2634 6691 6693
f 6691 2635 6692
f 6692 2636 6693
f 6691 6692 6693
f 2635 6694 6696
f 6694 2637 6695
f 6695 2638 6696
f 6694 6695 6696
f 2639 6697 6699
f 6697 2640 6698
f 6698 2641 6699
f 6697 6698 6699
f 2640 6700 6698
f 6700 2642 6701
f 6701 2641 6698
f 6700 6701 6698
f 2643 6702 6704
f 6702 2644 6703
f 6703 2645 6704
f 6702 6703 6704
f 2644 6705 6703
f 6705 2646 6706
f 6706 2645 6703
f 6705 6706 6703
f 2647 6707 6709
f 6707 2648 6708
f 6708 2649 6709
f 6707 6708 6709
f 2648 6710 6708
f 6710 2650 6711
f 6711 2649 6708
f 6710 6711 6708
f 2651 6712 6714
f 6712 2652 6713
f 6713 2653 6714
f 6712 6713 6714
f 2652 6715 6713
f 6715 2654 6716
f 6716 2653 6713
f 6715 6716 6713
f 2655 6717 6719
f 6717 2656 6718
f 6718 2657 6719
f 6717 6718 6719
f 2656 6720 6722
f 6720 2658 6721
f 6721 2659 6722
f 6720 6721 6722
f 2660 6723 6725
f 6723 2661 6724
f 6724 2662 6725
f 6723 6724 6725
f 2661 6726 6724
f 6726 2663 6727
f 6727 2662 6724
f 6726 6727 6724
f 2664 6728 6730
f 6728 2665 6729
f 6729 2666 6730
f 6728 6729 6730
f 2665 6731 6729
f 6731 2667 6732
f 6732 2666 6729
f 6731 6732 6729
f 2668 6733 6735
f 6733 2669 6734
f 6734 2670 6735
f 6733 6734 6735
f 2669 6736 6734
f 6736 2671 6737
f 6737 2670 6734
f 6736 6737 6734
f 2672 6738 6740
f 6738 2673 6739
f 6739 2674 6740
f 6738 6739 6740
f 2674 6741 6740
f 6741 2675 6742
f 6742 2672 6740
f 6741 6742 6740
f 2673 6743 6745
f 6743 2676 6744
f 6744 2677 6745
f 6743 6744 6745
f 2677 6746 6745
f 6746 2674 6739
f 6739 2673 6745
f 6746 6739 6745
f 2676 6747 6749
f 6747 2678 6748
f 6748 2679 6749
f 6747 6748 6749
f 2679 6750 6749
f 6750 2677 6744
f 6744 2676 6749
f 6750 6744 6749
f 2678 6751 6753
f 6751 2680 6752
f 6752 2681 6753
f 6751 6752 6753
f 2681 6754 6753
f 6754 2679 6748
f 6748 2678 6753
f 6754 6748 6753
f 2680 6755 6756
f 6755 2672 6742
f 6742 2675 6756
f 6755 6742 6756
f 2675 6757 6756
f 6757 2681 6752
f 6752 2680 6756
f 6757 6752 6756
