# After flipping: m920.obj
# Applied moment test for consistent orientation
# All moment test values forced positive
# Generated on 2025-10-03 22:33:05

v -0.169060 0.372957 -0.059394
v -0.150433 0.422330 -0.060330
v 0.392761 0.217484 -0.055419
v 0.374134 0.168111 -0.054483
v 0.423515 0.149489 -0.054037
v 0.218613 -0.393608 -0.043739
v 0.169232 -0.374986 -0.044185
v 0.150604 -0.424358 -0.043249
v -0.392590 -0.219513 -0.048159
v -0.373962 -0.170140 -0.049096
v -0.423344 -0.151518 -0.049542
v -0.218442 0.391579 -0.059840
v -0.423394 -0.150923 -0.019201
v -0.320893 0.120031 -0.054691
v -0.320943 0.120625 -0.024350
v -0.218492 0.392174 -0.029499
v -0.423444 -0.150329 0.011140
v -0.320993 0.121219 0.005991
v -0.218542 0.392768 0.000842
v -0.150533 0.423518 0.000352
v 0.392661 0.218673 0.005263
v 0.218513 -0.392419 0.016944
v 0.423415 0.150678 0.006646
v -0.392690 -0.218324 0.012523
v 0.150504 -0.423170 0.017433
v -0.451285 -0.225576 -0.048138
v 0.286479 -0.550971 -0.040544
v 0.274226 -0.564032 -0.040309
v 0.563220 0.273092 -0.056226
v 0.572667 0.257878 -0.055913
v 0.550156 0.285342 -0.056488
v 0.577853 0.240738 -0.055569
v 0.534366 0.293795 -0.056680
v 0.578426 0.222840 -0.055217
v 0.468182 0.203141 -0.055014
v 0.574346 0.205402 -0.054882
v -0.258838 0.571450 -0.063430
v 0.451456 0.223547 -0.055441
v -0.274054 0.562004 -0.063270
v -0.190501 0.465637 -0.061244
v -0.286308 0.548942 -0.063034
v -0.204093 0.466986 -0.061293
v -0.294763 0.533155 -0.062739
v -0.468010 -0.205169 -0.048565
v -0.534195 -0.295824 -0.046899
v -0.466661 -0.191580 -0.048829
v -0.549985 -0.287371 -0.047091
v -0.224504 0.450263 -0.061000
v -0.563048 -0.275120 -0.047352
v 0.462553 0.215585 -0.055267
v -0.206352 0.573130 -0.063376
v -0.223792 0.577208 -0.063485
v -0.241694 0.576635 -0.063503
v -0.216540 0.461358 -0.061204
v -0.574174 -0.207431 -0.048696
v -0.578254 -0.224868 -0.048362
v -0.572496 -0.259907 -0.047666
v -0.577682 -0.242767 -0.048010
v 0.294934 -0.535183 -0.040839
v 0.190672 -0.467666 -0.042334
v 0.204265 -0.469014 -0.042285
v 0.216711 -0.463387 -0.042375
v 0.224675 -0.452291 -0.042579
v 0.466832 0.189551 -0.054750
v -0.462382 -0.217613 -0.048312
v 0.206523 -0.575158 -0.040203
v 0.223963 -0.579237 -0.040094
v 0.259009 -0.573478 -0.040149
v 0.241866 -0.578664 -0.040076
v 0.304841 -0.539270 -0.059219
v 0.304828 -0.539115 -0.051304
v 0.444547 -0.168977 -0.066240
v 0.444534 -0.168822 -0.058326
v 0.584253 0.201316 -0.073261
v 0.584240 0.201471 -0.065347
v 0.304854 -0.539425 -0.067134
v 0.444560 -0.169132 -0.074156
v 0.584266 0.201161 -0.081177
v 0.538109 0.303464 -0.067421
v 0.538135 0.303154 -0.083251
v 0.556328 0.293711 -0.067200
v 0.556355 0.293401 -0.083030
v 0.571402 0.279575 -0.066898
v 0.571428 0.279265 -0.082728
v 0.582303 0.262020 -0.066536
v 0.582329 0.261710 -0.082366
v 0.588287 0.242243 -0.066139
v 0.588313 0.241933 -0.081969
v 0.588948 0.221591 -0.065733
v 0.588974 0.221281 -0.081563
v -0.202582 0.582488 -0.089947
v 0.167776 0.442821 -0.086599
v -0.202596 0.582643 -0.082032
v 0.167763 0.442976 -0.078684
v -0.202609 0.582798 -0.074117
v 0.167750 0.443131 -0.070769
v 0.538122 0.303309 -0.075335
v -0.304622 0.536672 -0.073383
v -0.304596 0.536362 -0.089212
v -0.294867 0.554889 -0.073723
v -0.294841 0.554579 -0.089553
v -0.280728 0.569960 -0.073995
v -0.280702 0.569650 -0.089825
v -0.263170 0.580859 -0.074179
v -0.263143 0.580549 -0.090009
v -0.243388 0.586843 -0.074264
v -0.243362 0.586533 -0.090094
v -0.222732 0.587505 -0.074243
v -0.222706 0.587195 -0.090073
v -0.584034 -0.203913 -0.059340
v -0.584020 -0.204068 -0.067254
v -0.444328 0.166380 -0.066361
v -0.444315 0.166225 -0.074276
v -0.304609 0.536517 -0.081297
v -0.584007 -0.204223 -0.075170
v -0.444302 0.166070 -0.082191
v -0.537903 -0.305906 -0.057266
v -0.537877 -0.306216 -0.073096
v -0.556122 -0.296153 -0.057487
v -0.556096 -0.296463 -0.073317
v -0.571196 -0.282017 -0.057789
v -0.571170 -0.282327 -0.073619
v -0.582096 -0.264463 -0.058150
v -0.582070 -0.264773 -0.073980
v -0.588081 -0.244685 -0.058548
v -0.588055 -0.244995 -0.074378
v -0.588742 -0.224033 -0.058953
v -0.588716 -0.224343 -0.074783
v -0.537890 -0.306061 -0.065180
v -0.167518 -0.445883 -0.069748
v -0.167531 -0.445728 -0.061832
v 0.202841 -0.585550 -0.066399
v 0.202828 -0.585395 -0.058484
v -0.167544 -0.445573 -0.053918
v 0.202815 -0.585240 -0.050569
v 0.168215 -0.362945 0.570557
v 0.149587 -0.412318 0.571493
v 0.217596 -0.381568 0.571004
v -0.169569 0.378977 0.247977
v -0.170077 0.384997 0.555349
v -0.160255 0.403663 0.247509
v -0.160763 0.409684 0.554880
v -0.150941 0.428350 0.247041
v -0.151450 0.434370 0.554412
v -0.159746 0.397643 -0.059862
v -0.185099 0.436553 0.000040
v -0.186016 0.447405 0.554100
v 0.537645 0.301727 -0.088503
v -0.203073 0.581062 -0.095199
v 0.536287 0.298037 -0.092297
v -0.204430 0.577371 -0.098993
v 0.534427 0.293072 -0.093618
v -0.206291 0.572406 -0.100314
v 0.574407 0.204679 -0.091820
v 0.576122 0.204035 -0.091644
v 0.578487 0.222116 -0.092155
v 0.580311 0.221938 -0.091987
v 0.577914 0.240015 -0.092506
v 0.579723 0.240314 -0.092348
v 0.572728 0.257155 -0.092851
v 0.574398 0.257913 -0.092702
v 0.563281 0.272368 -0.093164
v 0.564698 0.273534 -0.093024
v 0.550217 0.284619 -0.093426
v 0.551285 0.286112 -0.093292
v 0.535074 0.294790 -0.093489
v 0.581966 0.201900 -0.087982
v 0.586528 0.221392 -0.088356
v 0.585887 0.241400 -0.088749
v 0.580089 0.260560 -0.089134
v 0.569529 0.277567 -0.089484
v 0.554926 0.291261 -0.089777
v 0.537275 0.300710 -0.089991
v 0.584087 0.201563 -0.063516
v 0.588785 0.221643 -0.063901
v 0.588126 0.242252 -0.064306
v 0.582153 0.261990 -0.064702
v 0.571274 0.279509 -0.065064
v 0.556232 0.293615 -0.065365
v 0.538049 0.303350 -0.065585
v 0.580699 0.202960 -0.057294
v 0.585182 0.222121 -0.057662
v 0.584552 0.241790 -0.058049
v 0.578853 0.260625 -0.058427
v 0.568472 0.277343 -0.058772
v 0.554116 0.290806 -0.059059
v 0.536765 0.300095 -0.059270
v 0.451364 0.224632 -0.000035
v 0.449493 0.219799 0.005335
v -0.190592 0.466722 -0.005838
v -0.192464 0.461889 -0.000469
v 0.436454 0.185238 0.005990
v 0.435537 0.196090 0.560050
v 0.437263 0.193393 0.005832
v 0.436346 0.204245 0.559892
v 0.433886 0.200859 0.005680
v 0.432969 0.211710 0.559740
v 0.427227 0.205637 0.005575
v 0.426311 0.216489 0.559635
v -0.574113 -0.208155 -0.085634
v -0.578193 -0.225592 -0.085299
v -0.294702 0.532431 -0.099677
v -0.577621 -0.243490 -0.084948
v -0.286247 0.548218 -0.099972
v -0.572435 -0.260631 -0.084604
v -0.273993 0.561280 -0.100208
v -0.562987 -0.275844 -0.084290
v -0.258777 0.570726 -0.100368
v -0.549923 -0.288095 -0.084029
v -0.241633 0.575912 -0.100441
v -0.534133 -0.296547 -0.083837
v -0.223731 0.576485 -0.100423
v 0.206584 -0.575882 -0.077141
v 0.224025 -0.579960 -0.077032
v 0.241927 -0.579388 -0.077013
v 0.259070 -0.574202 -0.077087
v 0.274287 -0.564756 -0.077247
v 0.286540 -0.551694 -0.077482
v 0.294995 -0.535907 -0.077777
v 0.373117 0.180152 0.560259
v 0.373625 0.174132 0.252887
v 0.382431 0.204838 0.559791
v 0.382939 0.198818 0.252419
v 0.391744 0.229524 0.559323
v 0.392253 0.223504 0.251951
v 0.383447 0.192798 -0.054951
v -0.537369 -0.304996 -0.078398
v 0.203349 -0.584331 -0.071701
v -0.535999 -0.301457 -0.082329
v 0.204719 -0.580792 -0.075632
v -0.193256 0.437362 0.000011
v -0.194172 0.448214 0.554071
v -0.200723 0.433986 0.000064
v -0.201640 0.444837 0.554124
v -0.205503 0.427328 0.000187
v -0.206419 0.438180 0.554247
v -0.451376 -0.224491 0.007269
v -0.462473 -0.216528 0.007094
v -0.468102 -0.204084 0.006841
v -0.466753 -0.190494 0.006577
v 0.458370 0.213428 0.005474
v 0.462873 0.203473 0.005677
v 0.461795 0.192601 0.005888
v 0.205474 -0.426980 0.017599
v 0.219637 -0.449241 0.018058
v 0.200694 -0.433637 0.017721
v 0.193226 -0.437014 0.017775
v -0.437292 -0.193044 0.011954
v -0.433915 -0.200510 0.012106
v -0.449523 -0.219451 0.012451
v -0.427257 -0.205289 0.012210
v 0.192434 -0.461541 0.018254
v 0.203308 -0.462619 0.018293
v 0.185070 -0.436205 0.017746
v 0.213265 -0.458117 0.018222
v -0.203338 0.462967 -0.000508
v -0.219667 0.449589 -0.000273
v -0.213295 0.458465 -0.000436
v -0.461824 -0.192253 0.011898
v -0.462902 -0.203125 0.012109
v -0.436483 -0.184889 0.011796
v -0.458400 -0.213080 0.012311
v -0.374979 -0.158100 0.565647
v -0.424361 -0.139477 0.565200
v -0.303264 0.535760 -0.094477
v -0.582676 -0.204825 -0.080435
v -0.299642 0.534321 -0.098307
v -0.579054 -0.206265 -0.084264
v -0.537849 -0.305720 -0.055436
v -0.583887 -0.203934 -0.057506
v -0.536585 -0.302221 -0.049248
v -0.553937 -0.292931 -0.049459
v -0.556032 -0.295986 -0.055657
v -0.568292 -0.279469 -0.049746
v -0.571074 -0.281880 -0.055958
v -0.578673 -0.262750 -0.050091
v -0.588584 -0.224013 -0.057120
v -0.585002 -0.224247 -0.050855
v -0.587925 -0.244623 -0.056715
v -0.584373 -0.243915 -0.050469
v -0.581953 -0.264360 -0.056319
v -0.580520 -0.205085 -0.051223
v 0.190580 -0.466581 0.013072
v -0.437400 -0.174038 0.565856
v -0.438208 -0.182193 0.566014
v -0.434832 -0.189658 0.566166
v -0.428173 -0.194437 0.566270
v -0.224596 0.451348 -0.005593
v -0.216631 0.462443 -0.005797
v -0.204185 0.468071 -0.005887
v -0.451330 -0.225033 -0.020435
v -0.130306 -0.346621 -0.045236
v -0.130352 -0.346078 -0.017533
v 0.190626 -0.467123 -0.014632
v -0.130398 -0.345536 0.010170
v 0.224584 -0.451206 0.012827
v 0.216619 -0.462302 0.013031
v 0.204173 -0.467929 0.013121
v 0.422498 0.161529 0.560706
v 0.204557 -0.416128 0.571659
v -0.205644 0.574124 -0.100185
v -0.223550 0.578312 -0.100297
v -0.241930 0.577724 -0.100316
v -0.259532 0.572399 -0.100241
v -0.275156 0.562701 -0.100077
v -0.287737 0.549290 -0.099835
v -0.296417 0.533081 -0.099532
v -0.203443 0.580044 -0.096687
v -0.222939 0.584604 -0.096809
v -0.242950 0.583963 -0.096829
v -0.262114 0.578166 -0.096747
v -0.279125 0.567607 -0.096569
v -0.292823 0.553006 -0.096305
v -0.302275 0.535358 -0.095975
v 0.303540 -0.539029 -0.072423
v 0.582952 0.201557 -0.086466
v 0.299931 -0.537741 -0.076318
v 0.579343 0.202844 -0.090361
v 0.205937 -0.577593 -0.076947
v 0.223843 -0.581781 -0.076835
v 0.242223 -0.581193 -0.076817
v 0.259825 -0.575868 -0.076892
v 0.275449 -0.566170 -0.077056
v 0.288030 -0.552759 -0.077298
v 0.296710 -0.536550 -0.077601
v 0.203724 -0.583373 -0.073227
v 0.223220 -0.587932 -0.073105
v 0.243232 -0.587291 -0.073085
v 0.262395 -0.581493 -0.073167
v 0.279406 -0.570935 -0.073345
v 0.293104 -0.556334 -0.073609
v 0.302555 -0.538686 -0.073939
v 0.222964 -0.590257 -0.066274
v 0.243621 -0.589595 -0.066253
v 0.263402 -0.583611 -0.066337
v 0.280960 -0.572712 -0.066522
v 0.295099 -0.557641 -0.066793
v 0.203305 -0.583814 -0.045318
v -0.537412 -0.304480 -0.052014
v 0.204663 -0.580123 -0.041523
v -0.536055 -0.300789 -0.048219
v 0.582908 0.202073 -0.060082
v 0.303497 -0.538512 -0.046039
v 0.579286 0.203512 -0.056251
v 0.299875 -0.537073 -0.042209
v 0.466741 0.190636 0.000657
v 0.468090 0.204226 0.000393
v 0.462462 0.216670 0.000140
v 0.224629 -0.451749 -0.014877
v 0.345708 -0.130828 -0.020962
v 0.345662 -0.130285 0.006742
v 0.466787 0.190093 -0.027047
v 0.345754 -0.131370 -0.048664
v 0.199777 -0.422785 0.571781
v 0.192310 -0.426162 0.571835
v 0.184154 -0.425353 0.571806
v -0.582719 -0.204309 -0.054051
v -0.303308 0.536277 -0.068094
v -0.579110 -0.205596 -0.050155
v -0.299699 0.534989 -0.064198
v -0.393607 -0.207472 0.566583
v -0.436941 -0.179464 0.288826
v -0.430880 -0.156758 0.565528
v -0.430422 -0.162183 0.288498
v -0.423902 -0.144903 0.288171
v -0.429964 -0.167609 0.011468
v 0.398824 0.158800 -0.054260
v 0.398316 0.164820 0.253111
v 0.423007 0.155509 0.253334
v 0.397807 0.170841 0.560482
v -0.219458 0.403620 0.554902
v -0.202668 0.582684 -0.072282
v -0.222752 0.587380 -0.072407
v -0.243365 0.586720 -0.072428
v -0.263106 0.580748 -0.072344
v -0.280629 0.569871 -0.072160
v -0.294738 0.554831 -0.071889
v -0.304475 0.536652 -0.071549
v -0.203953 0.579429 -0.065966
v -0.223118 0.583911 -0.066085
v -0.242790 0.583281 -0.066106
v -0.261629 0.577582 -0.066025
v -0.278351 0.567202 -0.065849
v -0.291816 0.552849 -0.065591
v -0.301108 0.535501 -0.065266
v -0.203116 0.581578 -0.068815
v 0.537601 0.302244 -0.062119
v -0.204487 0.578039 -0.064883
v 0.536231 0.298705 -0.058187
v 0.202868 -0.585054 -0.048740
v 0.222938 -0.589947 -0.050444
v 0.222952 -0.589750 -0.048614
v 0.243595 -0.589285 -0.050423
v 0.243565 -0.589091 -0.048593
v 0.263376 -0.583301 -0.050507
v 0.263306 -0.583118 -0.048678
v 0.280934 -0.572402 -0.050692
v 0.280830 -0.572242 -0.048862
v 0.295073 -0.557331 -0.050963
v 0.294939 -0.557202 -0.049133
v 0.304676 -0.539022 -0.049473
v 0.204132 -0.581555 -0.042552
v 0.223297 -0.586036 -0.042432
v 0.242969 -0.585406 -0.042412
v 0.261808 -0.579707 -0.042493
v 0.278531 -0.569327 -0.042668
v 0.291996 -0.554974 -0.042927
v 0.301288 -0.537626 -0.043252
v -0.218950 0.397599 0.247530
v -0.194259 0.388288 0.247754
v -0.194768 0.394308 0.555125
v -0.193751 0.382268 -0.059617
v -0.550992 -0.289581 -0.083840
v -0.534781 -0.298259 -0.083643
v -0.564405 -0.277003 -0.084109
v -0.574105 -0.261382 -0.084431
v -0.579430 -0.243784 -0.084784
v -0.580018 -0.225407 -0.085145
v -0.575829 -0.207505 -0.085489
v -0.569248 -0.280895 -0.080430
v -0.554645 -0.294589 -0.080137
v -0.536994 -0.304039 -0.079923
v -0.581686 -0.205227 -0.081932
v -0.586246 -0.224720 -0.081558
v -0.585606 -0.244728 -0.081165
v -0.579808 -0.263888 -0.080780
v -0.159746 0.397643 -0.059862
v 0.121164 0.319907 -0.057875
v 0.111850 0.295220 -0.057407
v 0.398824 0.158800 -0.054260
v 0.321064 -0.122059 -0.048888
v 0.296373 -0.112748 -0.049111
v 0.159918 -0.399672 -0.043717
v -0.120993 -0.321935 -0.045704
v -0.111679 -0.297249 -0.046172
v -0.398653 -0.160829 -0.049319
v -0.320893 0.120031 -0.054691
v -0.296202 0.110720 -0.054468
v 0.383447 0.192798 -0.054951
v 0.102537 0.270534 -0.056938
v 0.024776 -0.010326 -0.051566
v 0.000086 -0.001014 -0.051789
v -0.193751 0.382268 -0.059617
v 0.193922 -0.384297 -0.043962
v -0.024605 0.008297 -0.052013
v -0.102365 -0.272563 -0.046640
v -0.383276 -0.194826 -0.048627
v -0.423369 -0.151221 -0.034371
v -0.372143 -0.015446 -0.036946
v -0.372118 -0.015743 -0.052117
v -0.372168 -0.015149 -0.021775
v -0.320918 0.120328 -0.039521
v -0.269692 0.256102 -0.042095
v -0.269667 0.255805 -0.057266
v -0.269717 0.256399 -0.026924
v -0.218467 0.391876 -0.044670
v -0.423419 -0.150626 -0.004030
v -0.372193 -0.014852 -0.006605
v -0.372219 -0.014555 0.008566
v -0.320968 0.120922 -0.009179
v -0.269742 0.256696 -0.011754
v -0.269768 0.256994 0.003417
v -0.218517 0.392471 -0.014328
v 0.121064 0.321095 0.002808
v 0.121114 0.320501 -0.027533
v -0.150483 0.422924 -0.029989
v 0.392711 0.218078 -0.025078
v 0.321014 -0.121465 -0.018547
v 0.218563 -0.393014 -0.013397
v 0.423465 0.150083 -0.023696
v 0.320964 -0.120871 0.011795
v -0.392640 -0.218918 -0.017818
v -0.121043 -0.321341 -0.015363
v -0.121093 -0.320747 0.014978
v 0.150554 -0.423764 -0.012908
v -0.082403 -0.388273 -0.044341
v 0.280352 -0.557501 -0.040426
v -0.088529 -0.394804 -0.044223
v 0.567944 0.265485 -0.056070
v 0.561412 0.271610 -0.056200
v 0.556688 0.279217 -0.056357
v 0.575260 0.249308 -0.055741
v 0.564005 0.263040 -0.056028
v 0.556110 0.267267 -0.056124
v 0.542261 0.289569 -0.056584
v 0.578139 0.231789 -0.055393
v 0.556396 0.258317 -0.055948
v 0.523304 0.212990 -0.055115
v 0.501274 0.248468 -0.055847
v 0.576386 0.214121 -0.055050
v 0.521264 0.204272 -0.054948
v 0.096309 0.397498 -0.059435
v 0.088701 0.392775 -0.059356
v -0.266446 0.566727 -0.063350
v 0.130478 0.344592 -0.058343
v -0.232278 0.513821 -0.062257
v -0.238404 0.507290 -0.062139
v -0.280181 0.555473 -0.063152
v -0.197297 0.466312 -0.061269
v -0.245200 0.507964 -0.062164
v -0.249428 0.500070 -0.062016
v -0.290535 0.541048 -0.062887
v -0.501102 -0.250497 -0.047732
v -0.500428 -0.243702 -0.047864
v -0.467336 -0.198375 -0.048697
v -0.542090 -0.291598 -0.046995
v -0.508323 -0.239475 -0.047960
v -0.387244 0.081446 -0.054045
v -0.345582 0.129342 -0.054914
v -0.556517 -0.281246 -0.047221
v -0.393776 0.087571 -0.054176
v 0.465367 0.209363 -0.055140
v 0.498460 0.254690 -0.055973
v 0.457005 0.219566 -0.055354
v 0.492911 0.258671 -0.056060
v 0.122552 0.398338 -0.059408
v 0.164007 0.433463 -0.060028
v -0.232595 0.572290 -0.063403
v -0.241315 0.574329 -0.063457
v -0.215072 0.575169 -0.063430
v -0.250266 0.574043 -0.063467
v -0.232743 0.576922 -0.063494
v -0.210316 0.464172 -0.061249
v -0.255651 0.497256 -0.061971
v -0.220522 0.455810 -0.061102
v -0.259633 0.491709 -0.061869
v -0.399339 0.121416 -0.054848
v -0.434469 0.162862 -0.055718
v -0.568611 -0.241276 -0.048024
v -0.570651 -0.249994 -0.047857
v -0.576214 -0.216150 -0.048529
v -0.567772 -0.267514 -0.047509
v -0.575375 -0.242388 -0.048014
v -0.575089 -0.251337 -0.047838
v -0.577968 -0.233818 -0.048186
v -0.078175 -0.380379 -0.044489
v 0.290707 -0.543077 -0.040692
v -0.130306 -0.346621 -0.045236
v 0.242803 -0.501425 -0.041587
v 0.197468 -0.468340 -0.042310
v 0.249599 -0.502099 -0.041562
v 0.210488 -0.466201 -0.042330
v 0.255823 -0.499285 -0.041607
v 0.220693 -0.457839 -0.042477
v 0.259805 -0.493737 -0.041709
v 0.399510 -0.123445 -0.048731
v 0.434640 -0.164890 -0.047861
v 0.345754 -0.131370 -0.048664
v 0.520589 0.197477 -0.054816
v 0.467507 0.196346 -0.054882
v -0.465196 -0.211391 -0.048439
v -0.498288 -0.256719 -0.047606
v -0.456833 -0.221595 -0.048225
v -0.492740 -0.260700 -0.047518
v -0.122381 -0.400367 -0.044170
v -0.163836 -0.435491 -0.043551
v 0.240374 -0.569595 -0.040256
v 0.249095 -0.571635 -0.040201
v 0.215243 -0.577198 -0.040148
v 0.266617 -0.568755 -0.040229
v 0.241486 -0.576358 -0.040121
v 0.250437 -0.576071 -0.040112
v 0.232914 -0.578951 -0.040085
v 0.304835 -0.539192 -0.055261
v 0.374688 -0.354046 -0.058772
v 0.374694 -0.354123 -0.062729
v 0.374681 -0.353968 -0.054815
v 0.444541 -0.168899 -0.062283
v 0.514393 0.016247 -0.065794
v 0.514400 0.016170 -0.069751
v 0.514387 0.016325 -0.061836
v 0.584246 0.201394 -0.069304
v 0.304848 -0.539347 -0.063176
v 0.374701 -0.354201 -0.066687
v 0.374707 -0.354278 -0.070645
v 0.444554 -0.169054 -0.070198
v 0.514407 0.016092 -0.073709
v 0.514413 0.016015 -0.077666
v 0.584259 0.201239 -0.077219
v 0.538122 0.303309 -0.075336
v 0.547232 0.298432 -0.075225
v 0.547219 0.298587 -0.067310
v 0.547245 0.298277 -0.083140
v 0.556342 0.293556 -0.075115
v 0.563878 0.286488 -0.074964
v 0.563865 0.286643 -0.067049
v 0.563891 0.286333 -0.082879
v 0.571415 0.279420 -0.074813
v 0.576866 0.270643 -0.074632
v 0.576852 0.270798 -0.066717
v 0.576879 0.270488 -0.082547
v 0.582316 0.261865 -0.074451
v 0.585308 0.251977 -0.074252
v 0.585295 0.252132 -0.066337
v 0.585321 0.251822 -0.082167
v 0.588300 0.242088 -0.074054
v 0.588631 0.231762 -0.073851
v 0.588618 0.231917 -0.065936
v 0.588644 0.231607 -0.081766
v 0.588961 0.221436 -0.073648
v 0.586607 0.211376 -0.073455
v 0.586594 0.211531 -0.065540
v 0.586620 0.211221 -0.081370
v 0.584253 0.201316 -0.073262
v -0.017403 0.512654 -0.088273
v -0.017410 0.512732 -0.084315
v -0.202589 0.582565 -0.085989
v 0.167770 0.442898 -0.082641
v -0.017416 0.512809 -0.080358
v -0.017423 0.512887 -0.076400
v -0.202602 0.582720 -0.078074
v 0.167757 0.443053 -0.074726
v -0.017429 0.512964 -0.072443
v 0.352956 0.372987 -0.084925
v 0.352949 0.373065 -0.080967
v 0.538129 0.303231 -0.079293
v 0.352943 0.373142 -0.077009
v 0.352936 0.373220 -0.073052
v 0.538116 0.303386 -0.071378
v 0.352930 0.373297 -0.069095
v -0.304609 0.536517 -0.081297
v -0.299731 0.545626 -0.081468
v -0.299744 0.545781 -0.073553
v -0.299718 0.545471 -0.089383
v -0.294854 0.554734 -0.081638
v -0.287784 0.562269 -0.081774
v -0.287797 0.562424 -0.073859
v -0.287771 0.562114 -0.089689
v -0.280715 0.569805 -0.081910
v -0.271936 0.575255 -0.082002
v -0.271949 0.575410 -0.074087
v -0.271923 0.575100 -0.089917
v -0.263157 0.580704 -0.082094
v -0.253266 0.583696 -0.082137
v -0.253279 0.583851 -0.074222
v -0.253253 0.583541 -0.090052
v -0.243375 0.586688 -0.082179
v -0.233047 0.587019 -0.082168
v -0.233060 0.587174 -0.074253
v -0.233034 0.586864 -0.090083
v -0.222719 0.587350 -0.082158
v -0.212657 0.584996 -0.082095
v -0.212670 0.585151 -0.074180
v -0.212644 0.584841 -0.090010
v -0.202596 0.582643 -0.082032
v -0.584027 -0.203991 -0.063297
v -0.514174 -0.018844 -0.066808
v -0.514181 -0.018767 -0.062850
v -0.514168 -0.018922 -0.070765
v -0.444321 0.166302 -0.070318
v -0.374468 0.351449 -0.073829
v -0.374475 0.351526 -0.069872
v -0.374462 0.351371 -0.077786
v -0.304616 0.536595 -0.077340
v -0.584014 -0.204146 -0.071212
v -0.514161 -0.018999 -0.074723
v -0.514155 -0.019077 -0.078680
v -0.444308 0.166147 -0.078233
v -0.374455 0.351294 -0.081744
v -0.374449 0.351216 -0.085702
v -0.304602 0.536440 -0.085255
v -0.537890 -0.306061 -0.065181
v -0.546999 -0.301184 -0.065291
v -0.547012 -0.301029 -0.057376
v -0.546986 -0.301339 -0.073206
v -0.556109 -0.296308 -0.065402
v -0.563646 -0.289240 -0.065553
v -0.563659 -0.289085 -0.057638
v -0.563633 -0.289395 -0.073468
v -0.571183 -0.282172 -0.065704
v -0.576633 -0.273395 -0.065885
v -0.576646 -0.273240 -0.057970
v -0.576620 -0.273550 -0.073800
v -0.582083 -0.264618 -0.066065
v -0.585076 -0.254729 -0.066264
v -0.585089 -0.254574 -0.058349
v -0.585062 -0.254884 -0.074179
v -0.588068 -0.244840 -0.066463
v -0.588398 -0.234514 -0.066666
v -0.588411 -0.234359 -0.058751
v -0.588385 -0.234669 -0.074581
v -0.588729 -0.224188 -0.066868
v -0.586375 -0.214128 -0.067061
v -0.586388 -0.213973 -0.059146
v -0.586362 -0.214283 -0.074976
v -0.584020 -0.204068 -0.067255
v -0.537883 -0.306138 -0.069138
v -0.352704 -0.375972 -0.067464
v -0.352697 -0.376049 -0.071422
v -0.352710 -0.375894 -0.063506
v -0.167524 -0.445805 -0.065790
v 0.017655 -0.515639 -0.064116
v 0.017662 -0.515716 -0.068073
v 0.017649 -0.515561 -0.060158
v 0.202835 -0.585473 -0.062442
v -0.537896 -0.305983 -0.061223
v -0.352717 -0.375817 -0.059549
v -0.352723 -0.375739 -0.055592
v -0.167537 -0.445650 -0.057875
v 0.017642 -0.515484 -0.056201
v 0.017635 -0.515406 -0.052244
v 0.202821 -0.585317 -0.054527
v 0.159868 -0.399078 -0.013376
v 0.168723 -0.368965 0.263186
v 0.159359 -0.393058 0.293995
v 0.158901 -0.387632 0.571025
v 0.150045 -0.417744 0.294463
v 0.192905 -0.372256 0.570780
v 0.193364 -0.377682 0.293750
v 0.218054 -0.386994 0.293974
v 0.193872 -0.383703 -0.013621
v -0.169823 0.381987 0.401663
v -0.165166 0.394330 0.401429
v -0.164912 0.391320 0.247743
v -0.165420 0.397340 0.555114
v -0.160509 0.406673 0.401195
v -0.155852 0.419017 0.400961
v -0.155598 0.416007 0.247275
v -0.156106 0.422027 0.554646
v -0.151195 0.431360 0.400727
v -0.169314 0.375967 0.094292
v -0.164658 0.388310 0.094058
v -0.164403 0.385300 -0.059628
v -0.160001 0.400653 0.093823
v -0.155344 0.412996 0.093589
v -0.155090 0.409986 -0.060096
v -0.150687 0.425340 0.093355
v -0.167816 0.430036 0.000196
v -0.168274 0.435462 0.277226
v -0.185558 0.441979 0.277070
v -0.150991 0.428944 0.277382
v -0.168733 0.440888 0.554256
v 0.167776 0.442821 -0.086599
v 0.167531 0.442108 -0.089225
v 0.537890 0.302440 -0.085877
v -0.202828 0.581775 -0.092573
v 0.167286 0.441395 -0.091851
v 0.166607 0.439549 -0.093748
v 0.536966 0.299882 -0.090400
v -0.203751 0.579217 -0.097096
v 0.165929 0.437704 -0.095645
v 0.164998 0.435222 -0.096305
v 0.535357 0.295554 -0.092957
v -0.205360 0.574889 -0.099653
v 0.164068 0.432739 -0.096966
v 0.575264 0.204357 -0.091732
v 0.577304 0.213076 -0.091899
v 0.576447 0.213397 -0.091988
v 0.578216 0.212987 -0.091816
v 0.579399 0.222027 -0.092071
v 0.579113 0.230976 -0.092247
v 0.578201 0.231065 -0.092331
v 0.580017 0.231126 -0.092168
v 0.578819 0.240165 -0.092427
v 0.576226 0.248735 -0.092600
v 0.575321 0.248585 -0.092679
v 0.577061 0.249114 -0.092525
v 0.573563 0.257534 -0.092776
v 0.568839 0.265141 -0.092933
v 0.568005 0.264762 -0.093008
v 0.569548 0.265723 -0.092863
v 0.563990 0.272951 -0.093094
v 0.557458 0.279076 -0.093225
v 0.556749 0.278494 -0.093295
v 0.557992 0.279823 -0.093158
v 0.550751 0.285365 -0.093359
v 0.542856 0.289592 -0.093455
v 0.542322 0.288845 -0.093522
v 0.543179 0.290451 -0.093391
v 0.534750 0.293931 -0.093553
v 0.579044 0.202967 -0.089813
v 0.581139 0.211919 -0.089984
v 0.584247 0.211646 -0.088169
v 0.583419 0.221665 -0.090172
v 0.583125 0.230853 -0.090352
v 0.586207 0.231396 -0.088552
v 0.582805 0.240857 -0.090549
v 0.580143 0.249656 -0.090725
v 0.582988 0.250980 -0.088941
v 0.577243 0.259236 -0.090918
v 0.572394 0.267047 -0.091079
v 0.574809 0.269063 -0.089309
v 0.567114 0.275550 -0.091254
v 0.560407 0.281839 -0.091388
v 0.562227 0.284414 -0.089630
v 0.553106 0.288686 -0.091534
v 0.545000 0.293026 -0.091633
v 0.546100 0.295986 -0.089884
v 0.536174 0.297750 -0.091740
v 0.583116 0.201530 -0.084579
v 0.585397 0.211276 -0.084766
v 0.587751 0.221336 -0.084960
v 0.587431 0.231340 -0.085156
v 0.587100 0.241666 -0.085359
v 0.584201 0.251246 -0.085551
v 0.581209 0.261135 -0.085750
v 0.575929 0.269639 -0.085925
v 0.570479 0.278416 -0.086106
v 0.563177 0.285263 -0.086252
v 0.555640 0.292331 -0.086403
v 0.546815 0.297055 -0.086510
v 0.537705 0.301932 -0.086621
v 0.584163 0.201517 -0.064431
v 0.586518 0.211577 -0.064625
v 0.586436 0.211603 -0.063708
v 0.588866 0.221617 -0.064817
v 0.588536 0.231943 -0.065020
v 0.588455 0.231948 -0.064104
v 0.588206 0.242248 -0.065222
v 0.585214 0.252136 -0.065421
v 0.585139 0.252121 -0.064504
v 0.582228 0.262005 -0.065619
v 0.576777 0.270782 -0.065800
v 0.576714 0.270750 -0.064883
v 0.571338 0.279542 -0.065981
v 0.563801 0.286610 -0.066132
v 0.563753 0.286562 -0.065214
v 0.556280 0.293663 -0.066282
v 0.547170 0.298539 -0.066393
v 0.547141 0.298482 -0.065475
v 0.538079 0.303407 -0.066503
v 0.582393 0.202261 -0.060405
v 0.584742 0.212301 -0.060598
v 0.582940 0.212540 -0.057478
v 0.586983 0.221882 -0.060782
v 0.586654 0.232187 -0.060984
v 0.584867 0.231955 -0.057855
v 0.586339 0.242021 -0.061177
v 0.583353 0.251890 -0.061376
v 0.581702 0.251207 -0.058238
v 0.580503 0.261307 -0.061565
v 0.575063 0.270067 -0.061745
v 0.573662 0.268984 -0.058599
v 0.569873 0.278426 -0.061918
v 0.562352 0.285479 -0.062068
v 0.561294 0.284075 -0.058915
v 0.555174 0.292210 -0.062212
v 0.546083 0.297078 -0.062322
v 0.545441 0.295450 -0.059164
v 0.537407 0.301722 -0.062428
v 0.577522 0.204181 -0.056088
v 0.579764 0.213762 -0.056272
v 0.581804 0.222480 -0.056440
v 0.581489 0.232315 -0.056633
v 0.581203 0.241264 -0.056809
v 0.578353 0.250682 -0.056998
v 0.575760 0.259252 -0.057170
v 0.570569 0.267611 -0.057342
v 0.565846 0.275218 -0.057499
v 0.558668 0.281949 -0.057643
v 0.552136 0.288074 -0.057774
v 0.543460 0.292719 -0.057879
v 0.535565 0.296945 -0.057975
v 0.450429 0.222216 0.002650
v 0.129450 0.343261 -0.000252
v 0.130386 0.345677 -0.002936
v 0.128515 0.340844 0.002433
v -0.191528 0.464306 -0.003153
v 0.435995 0.190664 0.283020
v 0.436400 0.194741 0.282941
v 0.436858 0.189315 0.005911
v 0.435942 0.200167 0.559971
v 0.436804 0.198819 0.282862
v 0.435116 0.202552 0.282786
v 0.435574 0.197126 0.005756
v 0.434658 0.207977 0.559816
v 0.433428 0.206284 0.282710
v 0.430098 0.208674 0.282658
v 0.430556 0.203248 0.005628
v 0.429640 0.214100 0.559688
v 0.426769 0.211063 0.282605
v -0.576153 -0.216873 -0.085467
v -0.436447 0.153420 -0.092488
v -0.434407 0.162138 -0.092656
v -0.577907 -0.234541 -0.085124
v -0.436161 0.144470 -0.092313
v -0.431934 0.152364 -0.092460
v -0.290474 0.540325 -0.099825
v -0.575028 -0.252060 -0.084776
v -0.429341 0.143794 -0.092288
v -0.423214 0.150325 -0.092406
v -0.280120 0.554749 -0.100090
v -0.567711 -0.268237 -0.084447
v -0.418490 0.142718 -0.092249
v -0.410882 0.147441 -0.092329
v -0.266385 0.566003 -0.100288
v -0.556455 -0.281969 -0.084159
v -0.404350 0.141316 -0.092198
v -0.395778 0.143909 -0.092235
v -0.250205 0.573319 -0.100404
v -0.542028 -0.292321 -0.083933
v -0.387883 0.139682 -0.092139
v -0.378932 0.139969 -0.092130
v -0.232682 0.576198 -0.100432
v -0.163775 -0.436215 -0.080489
v -0.008573 0.000302 -0.088782
v 0.000147 -0.001738 -0.088727
v -0.215011 0.574446 -0.100368
v 0.215304 -0.577921 -0.077086
v 0.008867 -0.003777 -0.088673
v 0.379226 -0.143444 -0.085325
v 0.232976 -0.579674 -0.077023
v 0.388177 -0.143158 -0.085316
v 0.396072 -0.147384 -0.085220
v 0.250498 -0.576795 -0.077050
v 0.404644 -0.144791 -0.085256
v 0.411176 -0.150917 -0.085126
v 0.266679 -0.569479 -0.077167
v 0.418784 -0.146194 -0.085205
v 0.423508 -0.153800 -0.085049
v 0.280414 -0.558225 -0.077364
v 0.429634 -0.147270 -0.085166
v 0.432227 -0.155840 -0.084994
v 0.290768 -0.543800 -0.077630
v 0.436455 -0.147946 -0.085142
v 0.436741 -0.156895 -0.084966
v 0.434701 -0.165614 -0.084799
v -0.190547 0.466180 -0.033541
v 0.130432 0.345135 -0.030640
v 0.451410 0.224090 -0.027738
v 0.373371 0.177142 0.406573
v 0.378028 0.189485 0.406339
v 0.377774 0.192495 0.560025
v 0.378282 0.186475 0.252653
v 0.382685 0.201828 0.406105
v 0.387342 0.214171 0.405871
v 0.387087 0.217181 0.559557
v 0.387596 0.211161 0.252185
v 0.391998 0.226514 0.405637
v 0.373879 0.171121 0.099202
v 0.378536 0.183465 0.098968
v 0.378790 0.180455 -0.054717
v 0.383193 0.195808 0.098734
v 0.387850 0.208151 0.098500
v 0.388104 0.205141 -0.055185
v 0.392507 0.220494 0.098266
v -0.167518 -0.445883 -0.069748
v -0.167264 -0.445273 -0.072399
v -0.537623 -0.305606 -0.075747
v 0.203095 -0.584940 -0.069050
v -0.167010 -0.444663 -0.075050
v -0.166325 -0.442894 -0.077015
v -0.536684 -0.303227 -0.080363
v 0.204034 -0.582561 -0.073667
v -0.165640 -0.441124 -0.078980
v -0.164707 -0.438670 -0.079735
v -0.535066 -0.299002 -0.083083
v 0.205652 -0.578337 -0.076386
v -0.189636 0.442384 0.277055
v -0.189178 0.436958 0.000025
v -0.190094 0.447809 0.554085
v -0.193714 0.442788 0.277041
v -0.197448 0.441100 0.277067
v -0.196990 0.435674 0.000037
v -0.197906 0.446525 0.554097
v -0.201181 0.439411 0.277094
v -0.203571 0.436083 0.277156
v -0.203113 0.430657 0.000126
v -0.204030 0.441509 0.554186
v -0.205961 0.432754 0.277217
v -0.451330 -0.225033 -0.020435
v -0.456879 -0.221052 -0.020522
v -0.456925 -0.220509 0.007181
v -0.462428 -0.217071 -0.020609
v -0.465242 -0.210849 -0.020735
v -0.465288 -0.210306 0.006968
v -0.468056 -0.204627 -0.020862
v -0.467381 -0.197832 -0.020994
v -0.467427 -0.197289 0.006709
v -0.466707 -0.191037 -0.021126
v 0.443378 0.206596 0.005583
v 0.442973 0.202518 0.005663
v 0.453932 0.216614 0.005405
v 0.447412 0.199333 0.005732
v 0.440893 0.182053 0.006060
v 0.429934 0.167958 0.006318
v 0.460622 0.208451 0.005576
v 0.443144 0.177076 0.006161
v 0.340693 -0.094473 0.011310
v 0.462334 0.198037 0.005782
v 0.340154 -0.099909 0.011416
v 0.333634 -0.117189 0.011743
v 0.211993 -0.409700 0.017271
v 0.340716 -0.128320 0.011973
v 0.212555 -0.438110 0.017829
v 0.210166 -0.441439 0.017890
v 0.203084 -0.430308 0.017660
v 0.206432 -0.443127 0.017917
v 0.196960 -0.435325 0.017748
v -0.435604 -0.196777 0.012030
v -0.441719 -0.209980 0.012278
v -0.443407 -0.206248 0.012202
v -0.430586 -0.202899 0.012158
v -0.438390 -0.212370 0.012331
v -0.117411 -0.333415 0.015232
v -0.128544 -0.340496 0.015353
v -0.111974 -0.333954 0.015252
v 0.197871 -0.462080 0.018274
v 0.202354 -0.442723 0.017902
v 0.189148 -0.436609 0.017761
v 0.216451 -0.453679 0.018140
v 0.199168 -0.447161 0.017984
v 0.181884 -0.440643 0.017828
v 0.167787 -0.429687 0.017590
v -0.106996 -0.331703 0.015216
v 0.208287 -0.460368 0.018258
v -0.409973 -0.211806 0.012367
v -0.089712 -0.338220 0.015372
v 0.441689 0.210329 0.005507
v 0.438360 0.212718 0.005455
v 0.117382 0.333763 0.002553
v 0.111945 0.334302 0.002534
v -0.197901 0.462428 -0.000488
v -0.206461 0.443476 -0.000131
v -0.202383 0.443071 -0.000116
v -0.216481 0.454027 -0.000354
v -0.199197 0.447509 -0.000198
v -0.181914 0.440992 -0.000042
v 0.106966 0.332051 0.002570
v -0.208316 0.460716 -0.000472
v 0.409944 0.212155 0.005419
v 0.089683 0.338569 0.002413
v -0.210195 0.441787 -0.000104
v -0.212585 0.438459 -0.000043
v -0.333663 0.117538 0.006042
v -0.340745 0.128668 0.005813
v -0.334203 0.112102 0.006148
v -0.462363 -0.197689 0.012003
v -0.443003 -0.202170 0.012123
v -0.436888 -0.188967 0.011875
v -0.453961 -0.216265 0.012381
v -0.447441 -0.198985 0.012054
v -0.440922 -0.181705 0.011726
v -0.429964 -0.167609 0.011468
v -0.331951 0.107124 0.006249
v -0.460651 -0.208103 0.012210
v -0.212022 0.410048 0.000514
v -0.338471 0.089844 0.006577
v -0.320993 0.121219 0.005991
v -0.398703 -0.160235 -0.018978
v -0.423394 -0.150923 -0.019201
v -0.374471 -0.164120 0.258276
v -0.399212 -0.154215 0.288393
v -0.399670 -0.148789 0.565423
v -0.423902 -0.144903 0.288170
v -0.444302 0.166070 -0.082191
v -0.443636 0.165768 -0.084824
v -0.303930 0.536061 -0.091845
v -0.583342 -0.204524 -0.077802
v -0.442970 0.165467 -0.087456
v -0.441159 0.164748 -0.089371
v -0.301453 0.535041 -0.096392
v -0.580865 -0.205545 -0.082349
v -0.439348 0.164028 -0.091286
v -0.436878 0.163083 -0.091971
v -0.297172 0.533376 -0.098992
v -0.576584 -0.207210 -0.084949
v -0.537876 -0.305813 -0.056351
v -0.546986 -0.300936 -0.056461
v -0.583960 -0.203923 -0.058423
v -0.586314 -0.213983 -0.058230
v -0.537217 -0.303970 -0.052342
v -0.545893 -0.299326 -0.052447
v -0.545261 -0.297576 -0.049353
v -0.546941 -0.300853 -0.055546
v -0.554984 -0.294458 -0.052558
v -0.562162 -0.287727 -0.052701
v -0.561114 -0.286200 -0.049603
v -0.563553 -0.288933 -0.055807
v -0.569683 -0.280674 -0.052852
v -0.574874 -0.272315 -0.053024
v -0.573483 -0.271110 -0.049919
v -0.586793 -0.224130 -0.053988
v -0.586464 -0.234435 -0.053785
v -0.588255 -0.234318 -0.056918
v -0.584688 -0.234081 -0.050662
v -0.586149 -0.244269 -0.053592
v -0.583163 -0.254138 -0.053394
v -0.584939 -0.254491 -0.056517
v -0.575584 -0.261329 -0.048878
v -0.578177 -0.252759 -0.049050
v -0.570861 -0.268935 -0.048722
v -0.565670 -0.277295 -0.048549
v -0.559138 -0.283420 -0.048418
v -0.551961 -0.290151 -0.048275
v -0.544066 -0.294378 -0.048179
v -0.535390 -0.299022 -0.048074
v -0.581628 -0.224557 -0.049609
v -0.579588 -0.215839 -0.049776
v -0.581342 -0.233507 -0.049433
v -0.581027 -0.243341 -0.049240
v -0.581523 -0.253333 -0.050280
v -0.580313 -0.263555 -0.053205
v -0.576513 -0.273120 -0.056138
v -0.556077 -0.296069 -0.056572
v -0.563614 -0.289001 -0.056723
v -0.571135 -0.281948 -0.056873
v -0.576585 -0.273171 -0.057054
v -0.582024 -0.264411 -0.057235
v -0.585017 -0.254523 -0.057433
v -0.588003 -0.244654 -0.057632
v -0.588334 -0.234328 -0.057834
v -0.588663 -0.224023 -0.058037
v -0.586236 -0.213974 -0.057313
v -0.584445 -0.214090 -0.054181
v -0.582203 -0.204509 -0.054364
v -0.582761 -0.214666 -0.051039
v -0.577347 -0.206258 -0.049960
v -0.464288 -0.191374 0.009238
v -0.464963 -0.198169 0.009370
v -0.465502 -0.203605 0.009475
v -0.462688 -0.209827 0.009602
v -0.460437 -0.214804 0.009703
v -0.454888 -0.218785 0.009790
v -0.450449 -0.221971 0.009860
v 0.191507 -0.464061 0.015663
v -0.129471 -0.343016 0.012761
v -0.130398 -0.345536 0.010170
v -0.436941 -0.179464 0.288826
v -0.437346 -0.183541 0.288905
v -0.437804 -0.178115 0.565935
v -0.437750 -0.187618 0.288984
v -0.436062 -0.191351 0.289060
v -0.436520 -0.185925 0.566090
v -0.434373 -0.195084 0.289136
v -0.431044 -0.197474 0.289188
v -0.431502 -0.192048 0.566218
v -0.427715 -0.199863 0.289240
v -0.224550 0.450805 -0.033296
v -0.220568 0.456353 -0.033398
v -0.220613 0.456896 -0.005695
v -0.216585 0.461901 -0.033501
v -0.210362 0.464715 -0.033545
v -0.210408 0.465257 -0.005842
v -0.204139 0.467528 -0.033590
v -0.197343 0.466854 -0.033566
v -0.197389 0.467397 -0.005863
v -0.451308 -0.225304 -0.034286
v -0.290818 -0.285827 -0.032836
v -0.290795 -0.286098 -0.046687
v -0.290841 -0.285556 -0.018984
v -0.130329 -0.346350 -0.031385
v 0.030160 -0.406872 -0.029934
v 0.030183 -0.407143 -0.043785
v 0.030137 -0.406601 -0.016083
v 0.190649 -0.467395 -0.028483
v -0.451353 -0.224762 -0.006583
v -0.290864 -0.285284 -0.005132
v -0.290887 -0.285013 0.008719
v -0.130375 -0.345807 -0.003682
v 0.030114 -0.406330 -0.002231
v 0.030091 -0.406058 0.011621
v 0.190603 -0.466852 -0.000780
v 0.224629 -0.451749 -0.014876
v 0.220647 -0.457297 -0.014774
v 0.220601 -0.456754 0.012929
v 0.216665 -0.462844 -0.014672
v 0.210442 -0.465658 -0.014627
v 0.210396 -0.465115 0.013076
v 0.204219 -0.468472 -0.014582
v 0.197422 -0.467798 -0.014607
v 0.197377 -0.467255 0.013096
v 0.190626 -0.467123 -0.014631
v 0.431328 0.210367 0.559764
v 0.430924 0.206289 0.559843
v 0.413641 0.212807 0.559687
v 0.409027 0.223007 0.559479
v 0.429018 0.178809 0.560378
v 0.407121 0.195527 0.560014
v 0.397807 0.170841 0.560482
v 0.382431 0.204838 0.559791
v 0.211077 -0.398848 0.571331
v 0.211535 -0.404274 0.294301
v 0.205015 -0.421554 0.294629
v -0.205967 0.573265 -0.100250
v -0.214687 0.575304 -0.100304
v -0.214597 0.576218 -0.100241
v -0.223640 0.577398 -0.100360
v -0.232591 0.577112 -0.100369
v -0.232740 0.578018 -0.100306
v -0.241782 0.576818 -0.100378
v -0.250353 0.574225 -0.100342
v -0.250731 0.575061 -0.100278
v -0.259154 0.571563 -0.100304
v -0.266763 0.566840 -0.100224
v -0.267344 0.567550 -0.100159
v -0.274575 0.561990 -0.100142
v -0.280701 0.555459 -0.100024
v -0.281446 0.555995 -0.099956
v -0.286992 0.548754 -0.099904
v -0.291219 0.540860 -0.099756
v -0.292077 0.541185 -0.099683
v -0.295559 0.532756 -0.099604
v -0.204543 0.577084 -0.098436
v -0.213496 0.579178 -0.098492
v -0.213191 0.582324 -0.096748
v -0.223244 0.581458 -0.098553
v -0.232434 0.581164 -0.098562
v -0.232945 0.584284 -0.096819
v -0.242440 0.580844 -0.098573
v -0.251241 0.578181 -0.098535
v -0.252532 0.581064 -0.096788
v -0.260823 0.575282 -0.098494
v -0.268635 0.570433 -0.098412
v -0.270620 0.572886 -0.096658
v -0.277141 0.565154 -0.098323
v -0.283431 0.558449 -0.098202
v -0.285974 0.560307 -0.096437
v -0.290280 0.551148 -0.098070
v -0.294620 0.543044 -0.097918
v -0.297549 0.544182 -0.096140
v -0.299346 0.534220 -0.097753
v -0.203013 0.581266 -0.093317
v -0.212761 0.583546 -0.093378
v -0.222822 0.585899 -0.093441
v -0.232828 0.585579 -0.093451
v -0.243156 0.585248 -0.093461
v -0.252738 0.582349 -0.093421
v -0.262629 0.579357 -0.093378
v -0.271134 0.574078 -0.093289
v -0.279913 0.568629 -0.093197
v -0.286762 0.561328 -0.093065
v -0.293832 0.553792 -0.092929
v -0.298558 0.544969 -0.092764
v -0.303435 0.535860 -0.092594
v 0.444560 -0.169132 -0.074156
v 0.443903 -0.168934 -0.076800
v 0.304197 -0.539227 -0.069779
v 0.583609 0.201359 -0.083821
v 0.443246 -0.168736 -0.079444
v 0.441442 -0.168092 -0.081392
v 0.301736 -0.538385 -0.074370
v 0.581147 0.202200 -0.088413
v 0.439637 -0.167449 -0.083339
v 0.437169 -0.166531 -0.084069
v 0.297463 -0.536824 -0.077048
v 0.576875 0.203762 -0.091091
v 0.206261 -0.576738 -0.077044
v 0.214981 -0.578777 -0.076989
v 0.214890 -0.579687 -0.076891
v 0.223934 -0.580871 -0.076934
v 0.232885 -0.580584 -0.076924
v 0.233033 -0.581487 -0.076826
v 0.242075 -0.580290 -0.076915
v 0.250647 -0.577698 -0.076952
v 0.251024 -0.578531 -0.076854
v 0.259448 -0.575035 -0.076989
v 0.267056 -0.570312 -0.077069
v 0.267637 -0.571019 -0.076974
v 0.274868 -0.565463 -0.077151
v 0.280995 -0.558932 -0.077269
v 0.281739 -0.559465 -0.077177
v 0.287285 -0.552227 -0.077390
v 0.291512 -0.544333 -0.077538
v 0.292370 -0.544655 -0.077449
v 0.295853 -0.536229 -0.077689
v 0.204830 -0.580483 -0.075087
v 0.213783 -0.582577 -0.075031
v 0.213472 -0.585653 -0.073166
v 0.223531 -0.584857 -0.074970
v 0.232721 -0.584563 -0.074961
v 0.233226 -0.587612 -0.073095
v 0.242727 -0.584242 -0.074951
v 0.251528 -0.581580 -0.074988
v 0.252813 -0.584392 -0.073126
v 0.261110 -0.578681 -0.075029
v 0.268922 -0.573832 -0.075111
v 0.270901 -0.576214 -0.073256
v 0.277428 -0.568553 -0.075201
v 0.283718 -0.561847 -0.075322
v 0.286255 -0.563635 -0.073477
v 0.290567 -0.554547 -0.075453
v 0.294907 -0.546442 -0.075605
v 0.297829 -0.547510 -0.073774
v 0.299632 -0.537618 -0.075770
v 0.203282 -0.584462 -0.069813
v 0.213030 -0.586741 -0.069752
v 0.212903 -0.587903 -0.066337
v 0.223092 -0.589094 -0.069690
v 0.233098 -0.588774 -0.069679
v 0.233293 -0.589926 -0.066263
v 0.243426 -0.588443 -0.069669
v 0.253008 -0.585544 -0.069710
v 0.253511 -0.586603 -0.066295
v 0.262899 -0.582552 -0.069752
v 0.271404 -0.577273 -0.069841
v 0.272181 -0.578162 -0.066429
v 0.280183 -0.571824 -0.069933
v 0.287032 -0.564523 -0.070065
v 0.288030 -0.565177 -0.066658
v 0.294101 -0.556988 -0.070201
v 0.298827 -0.548163 -0.070366
v 0.299977 -0.548533 -0.066964
v 0.303705 -0.539055 -0.070536
v -0.167544 -0.445573 -0.053918
v -0.167299 -0.444860 -0.051292
v 0.203060 -0.584527 -0.047943
v -0.537658 -0.305193 -0.054640
v -0.167054 -0.444147 -0.048666
v -0.166375 -0.442302 -0.046768
v 0.203984 -0.581969 -0.043420
v -0.536734 -0.302634 -0.050116
v -0.165696 -0.440456 -0.044871
v -0.164766 -0.437974 -0.044211
v 0.205593 -0.577641 -0.040863
v -0.535125 -0.298307 -0.047559
v 0.444534 -0.168822 -0.058326
v 0.443868 -0.168521 -0.055693
v 0.583574 0.201772 -0.062714
v 0.304162 -0.538813 -0.048672
v 0.443202 -0.168220 -0.053061
v 0.441391 -0.167500 -0.051145
v 0.581097 0.202793 -0.058167
v 0.301686 -0.537793 -0.044124
v 0.439581 -0.166780 -0.049230
v 0.437110 -0.165835 -0.048545
v 0.576816 0.204457 -0.055567
v 0.297405 -0.536128 -0.041524
v -0.198324 0.464980 -0.003178
v -0.203761 0.465519 -0.003197
v -0.209984 0.462705 -0.003153
v -0.214963 0.460454 -0.003117
v -0.218945 0.454907 -0.003015
v -0.222131 0.450469 -0.002933
v 0.464268 0.191619 0.003272
v 0.464942 0.198414 0.003140
v 0.467415 0.197431 0.000525
v 0.465481 0.203850 0.003035
v 0.462667 0.210072 0.002908
v 0.465276 0.210448 0.000266
v 0.460416 0.215049 0.002807
v 0.454867 0.219030 0.002720
v 0.456913 0.220651 0.000052
v 0.343189 -0.129302 0.009358
v 0.345662 -0.130285 0.006742
v 0.222110 -0.450224 0.015443
v 0.224606 -0.451478 -0.001025
v 0.285146 -0.291017 -0.004067
v 0.285169 -0.291288 -0.017919
v 0.285123 -0.290746 0.009784
v 0.345685 -0.130556 -0.007110
v 0.406224 0.029904 -0.010153
v 0.406247 0.029633 -0.024004
v 0.406201 0.030175 0.003699
v 0.466764 0.190365 -0.013195
v 0.224652 -0.452020 -0.028728
v 0.285192 -0.291560 -0.031770
v 0.285214 -0.291831 -0.045622
v 0.345731 -0.131099 -0.034813
v 0.406270 0.029362 -0.037856
v 0.406293 0.029090 -0.051707
v 0.466809 0.189822 -0.040898
v 0.196044 -0.424474 0.571808
v 0.198434 -0.421145 0.571747
v 0.202167 -0.419457 0.571720
v 0.188232 -0.425758 0.571821
v 0.194355 -0.420741 0.571732
v 0.200875 -0.403461 0.571405
v 0.166870 -0.418836 0.571650
v 0.183592 -0.396943 0.571249
v -0.444328 0.166380 -0.066361
v -0.443671 0.166182 -0.063717
v -0.583376 -0.204111 -0.056695
v -0.303965 0.536475 -0.070738
v -0.443014 0.165984 -0.061072
v -0.441209 0.165340 -0.059124
v -0.580915 -0.204953 -0.052103
v -0.301503 0.535633 -0.066146
v -0.439405 0.164696 -0.057176
v -0.436937 0.163779 -0.056447
v -0.576642 -0.206514 -0.049426
v -0.297231 0.534072 -0.063468
v -0.343210 0.129547 0.003152
v -0.345674 0.130427 0.000492
v -0.384293 -0.182786 0.566115
v -0.383835 -0.188212 0.289085
v -0.393148 -0.212898 0.289553
v -0.383326 -0.194232 -0.018286
v -0.437170 -0.176751 0.427341
v -0.433911 -0.168111 0.427177
v -0.434140 -0.165398 0.565692
v -0.433682 -0.170823 0.288662
v -0.430651 -0.159470 0.427013
v -0.427391 -0.150830 0.426849
v -0.427620 -0.148117 0.565364
v -0.427162 -0.153543 0.288335
v -0.424131 -0.142190 0.426685
v -0.436712 -0.182177 0.150311
v -0.433452 -0.173536 0.150147
v -0.433223 -0.176249 0.011632
v -0.430193 -0.164896 0.149983
v -0.426933 -0.156256 0.149819
v -0.426704 -0.158969 0.011304
v -0.423673 -0.147616 0.149656
v 0.429476 0.173384 0.283348
v 0.422956 0.156103 0.283676
v 0.386225 0.166466 0.099314
v 0.386479 0.163456 -0.054372
v 0.385971 0.169476 0.252999
v 0.398570 0.161810 0.099425
v 0.410915 0.157155 0.099537
v 0.411170 0.154145 -0.054148
v 0.410661 0.160165 0.253222
v 0.423261 0.152499 0.099649
v 0.385716 0.172486 0.406685
v 0.385462 0.175496 0.560371
v 0.398062 0.167830 0.406797
v 0.410407 0.163175 0.406908
v 0.410153 0.166185 0.560594
v 0.422752 0.158519 0.407020
v -0.212939 0.420900 0.554574
v -0.212481 0.415474 0.277544
v -0.219000 0.398194 0.277872
v -0.202638 0.582741 -0.073199
v -0.212700 0.585094 -0.073262
v -0.212710 0.585032 -0.072344
v -0.222742 0.587442 -0.073325
v -0.233070 0.587112 -0.073335
v -0.233058 0.587050 -0.072418
v -0.243377 0.586782 -0.073346
v -0.253267 0.583790 -0.073304
v -0.253236 0.583734 -0.072386
v -0.263138 0.580804 -0.073262
v -0.271917 0.575354 -0.073169
v -0.271868 0.575310 -0.072252
v -0.280679 0.569916 -0.073077
v -0.287748 0.562380 -0.072941
v -0.287684 0.562351 -0.072024
v -0.294803 0.554860 -0.072806
v -0.299680 0.545752 -0.072636
v -0.299607 0.545742 -0.071719
v -0.304549 0.536662 -0.072466
v -0.203310 0.581057 -0.069124
v -0.213352 0.583405 -0.069186
v -0.213535 0.581670 -0.066026
v -0.222935 0.585645 -0.069246
v -0.233241 0.585316 -0.069257
v -0.232954 0.583596 -0.066095
v -0.243077 0.585001 -0.069267
v -0.252948 0.582014 -0.069225
v -0.252209 0.580431 -0.066065
v -0.262368 0.579165 -0.069184
v -0.271129 0.573726 -0.069092
v -0.269990 0.572392 -0.065937
v -0.279490 0.568537 -0.069005
v -0.286545 0.561017 -0.068869
v -0.285084 0.560025 -0.065720
v -0.293277 0.553840 -0.068740
v -0.298146 0.544750 -0.068570
v -0.296462 0.544175 -0.065428
v -0.302792 0.536076 -0.068407
v -0.205152 0.576280 -0.064671
v -0.214735 0.578520 -0.064731
v -0.223455 0.580559 -0.064785
v -0.233291 0.580245 -0.064795
v -0.242242 0.579958 -0.064804
v -0.251662 0.577108 -0.064764
v -0.260233 0.574516 -0.064728
v -0.268594 0.569326 -0.064640
v -0.276203 0.564603 -0.064560
v -0.282935 0.557426 -0.064430
v -0.289062 0.550895 -0.064313
v -0.293708 0.542221 -0.064150
v -0.297935 0.534328 -0.064003
v 0.167750 0.443131 -0.070769
v 0.167496 0.442521 -0.068118
v -0.202863 0.582188 -0.071466
v 0.537855 0.302854 -0.064770
v 0.167242 0.441911 -0.065467
v 0.166557 0.440142 -0.063501
v -0.203802 0.579809 -0.066849
v 0.536916 0.300475 -0.060153
v 0.165872 0.438372 -0.061535
v 0.164940 0.435917 -0.060782
v -0.205419 0.575585 -0.064130
v 0.535298 0.296250 -0.057433
v 0.202842 -0.585147 -0.049655
v 0.212903 -0.587501 -0.049592
v 0.212877 -0.587593 -0.050507
v 0.212910 -0.587402 -0.048677
v 0.222945 -0.589849 -0.049529
v 0.233273 -0.589518 -0.049519
v 0.233266 -0.589616 -0.050433
v 0.233258 -0.589421 -0.048604
v 0.243580 -0.589188 -0.049508
v 0.253470 -0.586196 -0.049550
v 0.253485 -0.586293 -0.050465
v 0.253436 -0.586105 -0.048635
v 0.263341 -0.583210 -0.049592
v 0.272120 -0.577760 -0.049685
v 0.272155 -0.577852 -0.050599
v 0.272068 -0.577680 -0.048770
v 0.280882 -0.572322 -0.049777
v 0.287951 -0.564786 -0.049913
v 0.288004 -0.564867 -0.050828
v 0.287884 -0.564722 -0.048997
v 0.295006 -0.557266 -0.050048
v 0.299883 -0.548158 -0.050218
v 0.299951 -0.548223 -0.051134
v 0.299807 -0.548112 -0.049303
v 0.304752 -0.539068 -0.050388
v 0.203500 -0.583305 -0.045646
v 0.213542 -0.585653 -0.045583
v 0.213715 -0.583795 -0.042492
v 0.223125 -0.587893 -0.045523
v 0.233431 -0.587563 -0.045513
v 0.233133 -0.585721 -0.042422
v 0.243267 -0.587248 -0.045503
v 0.253138 -0.584262 -0.045545
v 0.252389 -0.582557 -0.042452
v 0.262557 -0.581413 -0.045585
v 0.271319 -0.575974 -0.045677
v 0.270169 -0.574517 -0.042581
v 0.279680 -0.570784 -0.045765
v 0.286735 -0.563264 -0.045901
v 0.285263 -0.562151 -0.042798
v 0.293467 -0.556088 -0.046030
v 0.298336 -0.546998 -0.046200
v 0.296642 -0.546300 -0.043089
v 0.302982 -0.538324 -0.046362
v 0.205328 -0.578357 -0.041377
v 0.214910 -0.580597 -0.041318
v 0.223630 -0.582637 -0.041263
v 0.233466 -0.582322 -0.041253
v 0.242417 -0.582035 -0.041244
v 0.251837 -0.579185 -0.041284
v 0.260409 -0.576593 -0.041321
v 0.268770 -0.571403 -0.041409
v 0.276378 -0.566680 -0.041488
v 0.283111 -0.559503 -0.041618
v 0.289237 -0.552972 -0.041736
v 0.293883 -0.544298 -0.041898
v 0.298111 -0.536405 -0.042046
v 0.184612 -0.430779 0.294776
v 0.188690 -0.431183 0.294791
v 0.192768 -0.431588 0.294805
v 0.196502 -0.429899 0.294778
v 0.200236 -0.428211 0.294751
v 0.202625 -0.424883 0.294690
v 0.304841 -0.539270 -0.059219
v 0.299964 -0.548378 -0.059049
v 0.295086 -0.557486 -0.058878
v 0.288017 -0.565022 -0.058743
v 0.280947 -0.572557 -0.058607
v 0.272168 -0.578007 -0.058514
v 0.263389 -0.583456 -0.058422
v 0.253498 -0.586448 -0.058380
v 0.243608 -0.589440 -0.058338
v 0.233280 -0.589771 -0.058348
v 0.222951 -0.590102 -0.058359
v 0.212890 -0.587748 -0.058422
v 0.202828 -0.585395 -0.058484
v 0.456959 0.220108 -0.027651
v 0.462507 0.216127 -0.027564
v 0.465322 0.209905 -0.027437
v 0.468136 0.203683 -0.027310
v 0.467461 0.196888 -0.027179
v 0.466787 0.190093 -0.027047
v -0.345628 0.129884 -0.027211
v -0.219204 0.400610 0.401216
v -0.206859 0.395954 0.401328
v -0.206605 0.392944 0.247642
v -0.207113 0.398964 0.555014
v -0.194514 0.391298 0.401440
v -0.182168 0.386643 0.401551
v -0.181914 0.383633 0.247865
v -0.182422 0.389653 0.555237
v -0.218696 0.394589 0.093845
v -0.206350 0.389934 0.093957
v -0.206096 0.386924 -0.059729
v -0.194005 0.385278 0.094068
v -0.181660 0.380623 0.094180
v -0.181406 0.377613 -0.059505
v -0.410890 -0.200955 0.566427
v -0.410432 -0.206381 0.289397
v -0.433191 -0.188315 0.566142
v -0.432786 -0.184237 0.566063
v -0.415503 -0.190755 0.566219
v -0.430880 -0.156758 0.565528
v -0.408984 -0.173475 0.565892
v 0.409486 0.217581 0.282449
v 0.392203 0.224098 0.282293
v 0.167329 -0.424262 0.294620
v -0.200296 0.443197 0.554159
v -0.196218 0.442793 0.554173
v -0.202737 0.425512 0.554501
v -0.185454 0.418995 0.554657
v -0.160763 0.409684 0.554880
v -0.194768 0.394308 0.555125
v -0.542886 -0.293920 -0.083742
v -0.534457 -0.297403 -0.083740
v -0.542563 -0.293064 -0.083839
v -0.563696 -0.276424 -0.084199
v -0.557164 -0.282549 -0.084069
v -0.568420 -0.268817 -0.084356
v -0.573270 -0.261006 -0.084517
v -0.569255 -0.269193 -0.084270
v -0.575863 -0.252436 -0.084689
v -0.578525 -0.243637 -0.084866
v -0.576768 -0.252583 -0.084607
v -0.578812 -0.234688 -0.085042
v -0.579106 -0.225499 -0.085222
v -0.579724 -0.234595 -0.084965
v -0.577066 -0.216781 -0.085390
v -0.574971 -0.207830 -0.085562
v -0.577923 -0.216456 -0.085317
v -0.561946 -0.287742 -0.080284
v -0.552818 -0.292085 -0.081989
v -0.560120 -0.285238 -0.082135
v -0.545819 -0.299314 -0.080030
v -0.543993 -0.296810 -0.081882
v -0.535887 -0.301149 -0.081783
v -0.578757 -0.206366 -0.083711
v -0.580852 -0.215317 -0.083539
v -0.583966 -0.214973 -0.081745
v -0.583132 -0.225063 -0.083352
v -0.582838 -0.234252 -0.083171
v -0.585926 -0.234724 -0.081362
v -0.582518 -0.244256 -0.082975
v -0.579856 -0.253055 -0.082798
v -0.582707 -0.254308 -0.080973
v -0.576956 -0.262635 -0.082606
v -0.572106 -0.270445 -0.082445
v -0.537435 -0.305127 -0.076509
v -0.546545 -0.300251 -0.076620
v -0.555370 -0.295526 -0.076727
v -0.562907 -0.288458 -0.076878
v -0.570209 -0.281611 -0.077024
v -0.575659 -0.272834 -0.077205
v -0.550458 -0.288838 -0.083934
v -0.557699 -0.283292 -0.083974
v -0.566827 -0.278949 -0.082269
v -0.574528 -0.272391 -0.080605
v -0.580939 -0.264330 -0.077380
v -0.583838 -0.254750 -0.077573
v -0.586831 -0.244862 -0.077771
v -0.587151 -0.234858 -0.077968
v -0.587481 -0.224531 -0.078171
v -0.585201 -0.214785 -0.078358
v -0.582847 -0.204725 -0.078551
v 0.198303 -0.464735 0.015688
v 0.203741 -0.465274 0.015707
v 0.209964 -0.462460 0.015662
v 0.214942 -0.460209 0.015627
v 0.218924 -0.454661 0.015524
v -0.164403 0.385300 -0.059628
v -0.023948 0.346432 -0.058634
v -0.028605 0.334089 -0.058400
v -0.155090 0.409986 -0.060096
v -0.014634 0.371118 -0.059102
v -0.019291 0.358775 -0.058868
v 0.256963 0.268695 -0.056647
v 0.252306 0.256352 -0.056413
v 0.116507 0.307564 -0.057641
v 0.386479 0.163456 -0.054372
v 0.347599 0.023026 -0.051685
v 0.335253 0.027682 -0.051797
v 0.411170 0.154145 -0.054148
v 0.372289 0.013715 -0.051462
v 0.359944 0.018370 -0.051574
v 0.269838 -0.257834 -0.046313
v 0.257493 -0.253178 -0.046425
v 0.308719 -0.117404 -0.048999
v 0.164575 -0.387329 -0.043951
v 0.024119 -0.348461 -0.044945
v 0.028776 -0.336117 -0.045179
v 0.155261 -0.412015 -0.043483
v 0.014806 -0.373147 -0.044476
v 0.019462 -0.360804 -0.044710
v -0.256791 -0.270724 -0.046932
v -0.252134 -0.258381 -0.047166
v -0.116336 -0.309592 -0.045938
v -0.386308 -0.165485 -0.049207
v -0.347427 -0.025055 -0.051893
v -0.335082 -0.029710 -0.051782
v -0.410998 -0.156173 -0.049430
v -0.372118 -0.015743 -0.052117
v -0.359773 -0.020399 -0.052005
v -0.269667 0.255805 -0.057266
v -0.257322 0.251149 -0.057154
v -0.308547 0.115375 -0.054579
v 0.388104 0.205141 -0.055185
v 0.247649 0.244009 -0.056179
v 0.378790 0.180455 -0.054717
v 0.238335 0.219323 -0.055711
v 0.242992 0.231666 -0.055945
v -0.033262 0.321746 -0.058166
v 0.107194 0.282877 -0.057172
v 0.063657 0.130104 -0.054252
v -0.072142 0.181316 -0.055480
v 0.199455 0.078893 -0.053025
v 0.121695 -0.201967 -0.047652
v 0.160575 -0.061537 -0.050339
v -0.084487 0.185971 -0.055592
v -0.181406 0.377613 -0.059505
v 0.109349 -0.197311 -0.047764
v 0.012431 -0.005670 -0.051678
v -0.109178 0.195282 -0.055815
v -0.206096 0.386924 -0.059729
v -0.096833 0.190627 -0.055703
v -0.012260 0.003641 -0.051901
v -0.121523 0.199938 -0.055926
v 0.206268 -0.388952 -0.043850
v 0.097004 -0.192656 -0.047876
v 0.181577 -0.379641 -0.044073
v 0.072313 -0.183344 -0.048099
v 0.084659 -0.188000 -0.047987
v -0.160404 0.059508 -0.053240
v 0.033433 -0.323774 -0.045413
v -0.063485 -0.132133 -0.049326
v -0.238164 -0.221351 -0.047868
v -0.199284 -0.080922 -0.050554
v -0.242821 -0.233695 -0.047634
v -0.378619 -0.182483 -0.048862
v -0.107022 -0.284906 -0.046406
v -0.387933 -0.207170 -0.048393
v -0.247478 -0.246038 -0.047400
v -0.423356 -0.151369 -0.041957
v -0.397743 -0.083482 -0.043244
v -0.397731 -0.083631 -0.050829
v -0.423381 -0.151072 -0.026786
v -0.397769 -0.083185 -0.028073
v -0.397756 -0.083333 -0.035659
v -0.346518 0.052292 -0.045819
v -0.346505 0.052144 -0.053404
v -0.372131 -0.015595 -0.044531
v -0.346531 0.052441 -0.038233
v -0.320905 0.120179 -0.047106
v -0.397781 -0.083036 -0.020488
v -0.372156 -0.015298 -0.029361
v -0.346556 0.052738 -0.023063
v -0.320930 0.120476 -0.031935
v -0.346543 0.052589 -0.030648
v -0.295292 0.188066 -0.048393
v -0.295280 0.187918 -0.055978
v -0.295318 0.188364 -0.033223
v -0.295305 0.188215 -0.040808
v -0.244067 0.323841 -0.050968
v -0.244054 0.323692 -0.058553
v -0.269680 0.255954 -0.049680
v -0.244079 0.323989 -0.043382
v -0.218454 0.391728 -0.052255
v -0.295330 0.188512 -0.025637
v -0.269705 0.256251 -0.034510
v -0.244105 0.324286 -0.028212
v -0.218479 0.392025 -0.037084
v -0.244092 0.324138 -0.035797
v -0.423406 -0.150775 -0.011616
v -0.397794 -0.082888 -0.012903
v -0.423432 -0.150478 0.003555
v -0.397819 -0.082591 0.002268
v -0.397806 -0.082739 -0.005318
v -0.346568 0.052886 -0.015477
v -0.372181 -0.015001 -0.014190
v -0.346581 0.053035 -0.007892
v -0.320955 0.120774 -0.016765
v -0.397831 -0.082442 0.009853
v -0.372206 -0.014704 0.000980
v -0.346606 0.053332 0.007278
v -0.320980 0.121071 -0.001594
v -0.346593 0.053184 -0.000307
v -0.295343 0.188661 -0.018052
v -0.295368 0.188958 -0.002881
v -0.295355 0.188809 -0.010467
v -0.244117 0.324435 -0.020626
v -0.269730 0.256548 -0.019339
v -0.244130 0.324584 -0.013041
v -0.218504 0.392322 -0.021914
v -0.295380 0.189106 0.004704
v -0.269755 0.256845 -0.004169
v -0.244155 0.324881 0.002129
v -0.218529 0.392619 -0.006743
v -0.244142 0.324732 -0.005456
v -0.014735 0.372307 0.001580
v -0.014709 0.372010 -0.013591
v -0.150508 0.423221 -0.014818
v 0.256862 0.269884 0.004035
v 0.256887 0.269587 -0.011135
v 0.121089 0.320798 -0.012363
v -0.014659 0.371415 -0.043932
v -0.150458 0.422627 -0.045159
v -0.014684 0.371712 -0.028761
v 0.121139 0.320204 -0.042704
v 0.392686 0.218375 -0.009908
v 0.256912 0.269290 -0.026306
v 0.392736 0.217781 -0.040249
v 0.256938 0.268993 -0.041476
v 0.269813 -0.257537 -0.031143
v 0.218588 -0.393311 -0.028568
v 0.372264 0.014012 -0.036292
v 0.321039 -0.121762 -0.033717
v 0.269763 -0.256942 -0.000801
v 0.218538 -0.392717 0.001773
v 0.269788 -0.257239 -0.015972
v 0.320989 -0.121168 -0.003376
v 0.269738 -0.256645 0.014369
v 0.423490 0.149786 -0.038866
v 0.372239 0.014309 -0.021121
v 0.423440 0.150380 -0.008525
v 0.372189 0.014903 0.009220
v 0.372214 0.014606 -0.005950
v -0.392665 -0.218621 -0.002648
v -0.256867 -0.269833 -0.001420
v -0.256892 -0.269536 0.013751
v -0.392615 -0.219216 -0.032989
v -0.256816 -0.270427 -0.031761
v -0.256842 -0.270130 -0.016591
v 0.014730 -0.372255 0.001035
v 0.014705 -0.371958 0.016206
v -0.121068 -0.321044 -0.000192
v 0.014755 -0.372553 -0.014135
v 0.150529 -0.423467 0.002263
v -0.121018 -0.321638 -0.030534
v 0.150579 -0.424061 -0.028078
v 0.014780 -0.372850 -0.029306
v -0.266844 -0.306924 -0.046239
v -0.085466 -0.391539 -0.044282
v -0.269907 -0.310190 -0.046180
v 0.102038 -0.469622 -0.042443
v 0.283416 -0.554236 -0.040485
v 0.098975 -0.472887 -0.042384
v 0.277289 -0.560767 -0.040368
v 0.092848 -0.479418 -0.042266
v 0.095912 -0.476153 -0.042325
v 0.565582 0.269288 -0.056148
v 0.562316 0.272351 -0.056213
v 0.559954 0.276154 -0.056292
v 0.570305 0.261682 -0.055991
v 0.567039 0.264744 -0.056057
v 0.564678 0.268548 -0.056135
v 0.555784 0.278476 -0.056344
v 0.553422 0.282280 -0.056423
v 0.559050 0.275414 -0.056279
v 0.562708 0.267325 -0.056114
v 0.557080 0.274191 -0.056258
v 0.573964 0.253593 -0.055827
v 0.568336 0.260459 -0.055971
v 0.576557 0.245023 -0.055655
v 0.570929 0.251889 -0.055798
v 0.569632 0.256174 -0.055885
v 0.553133 0.276305 -0.056306
v 0.546208 0.287456 -0.056536
v 0.566981 0.254002 -0.055846
v 0.560057 0.265154 -0.056076
v 0.545238 0.280531 -0.056402
v 0.538313 0.291682 -0.056632
v 0.549185 0.278418 -0.056354
v 0.556253 0.262792 -0.056036
v 0.545381 0.276056 -0.056314
v 0.577996 0.236264 -0.055481
v 0.567125 0.249528 -0.055759
v 0.578283 0.227314 -0.055305
v 0.567411 0.240578 -0.055583
v 0.567268 0.245053 -0.055671
v 0.528835 0.253393 -0.055898
v 0.517820 0.271132 -0.056263
v 0.550865 0.217915 -0.055166
v 0.539850 0.235654 -0.055532
v 0.495743 0.208065 -0.055065
v 0.484728 0.225804 -0.055430
v 0.512289 0.230729 -0.055481
v 0.522284 0.208631 -0.055032
v 0.494723 0.203706 -0.054981
v 0.577406 0.218480 -0.055133
v 0.549845 0.213556 -0.055083
v 0.575366 0.209762 -0.054966
v 0.547805 0.204837 -0.054915
v 0.548825 0.209196 -0.054999
v -0.081264 0.484474 -0.061433
v -0.085069 0.482113 -0.061393
v -0.262642 0.569088 -0.063390
v 0.273883 0.310523 -0.057438
v 0.270078 0.308161 -0.057398
v 0.092505 0.395137 -0.059395
v -0.092677 0.477390 -0.061313
v -0.270250 0.564365 -0.063310
v -0.088873 0.479751 -0.061353
v -0.071788 0.453298 -0.060806
v -0.253166 0.537912 -0.062764
v 0.290967 0.284070 -0.056892
v 0.109589 0.368684 -0.058849
v -0.030012 0.405115 -0.059794
v -0.211389 0.489729 -0.061751
v -0.050900 0.429206 -0.060300
v -0.256229 0.534647 -0.062705
v -0.277118 0.558738 -0.063211
v -0.214452 0.486463 -0.061692
v -0.235341 0.510555 -0.062198
v -0.262356 0.528116 -0.062587
v -0.283244 0.552207 -0.063093
v -0.259293 0.531381 -0.062646
v -0.241802 0.507627 -0.062152
v -0.265754 0.528453 -0.062599
v -0.193899 0.465974 -0.061257
v -0.217851 0.486801 -0.061704
v -0.200695 0.466649 -0.061281
v -0.224647 0.487475 -0.061729
v -0.221249 0.487138 -0.061716
v -0.267868 0.524506 -0.062525
v -0.288422 0.544995 -0.062961
v -0.226761 0.483528 -0.061655
v -0.247314 0.504017 -0.062090
v -0.272095 0.516612 -0.062378
v -0.292649 0.537101 -0.062813
v -0.269982 0.520559 -0.062452
v -0.484556 -0.227833 -0.048149
v -0.484219 -0.224436 -0.048215
v -0.467673 -0.201772 -0.048631
v -0.517648 -0.273160 -0.047316
v -0.517311 -0.269763 -0.047382
v -0.500765 -0.247099 -0.047798
v -0.483544 -0.217641 -0.048347
v -0.466998 -0.194977 -0.048763
v -0.483882 -0.221038 -0.048281
v -0.504375 -0.241589 -0.047912
v -0.487492 -0.215527 -0.048394
v -0.538142 -0.293711 -0.046947
v -0.521259 -0.267650 -0.047429
v -0.546037 -0.289484 -0.047043
v -0.529154 -0.263423 -0.047525
v -0.525206 -0.265536 -0.047477
v -0.426953 -0.055067 -0.051437
v -0.406122 -0.031119 -0.051872
v -0.468614 -0.102963 -0.050568
v -0.447783 -0.079015 -0.051002
v -0.305874 0.265854 -0.057522
v -0.285043 0.289802 -0.057957
v -0.366413 0.105394 -0.054480
v -0.390510 0.084508 -0.054110
v -0.309140 0.268917 -0.057588
v -0.553251 -0.284308 -0.047156
v -0.471880 -0.099900 -0.050633
v -0.559782 -0.278183 -0.047287
v -0.478412 -0.093775 -0.050764
v -0.475146 -0.096837 -0.050699
v 0.466774 0.206252 -0.055077
v 0.483321 0.228915 -0.055493
v 0.463960 0.212474 -0.055203
v 0.480506 0.235137 -0.055620
v 0.481913 0.232026 -0.055557
v 0.516413 0.274243 -0.056326
v 0.499867 0.251579 -0.055910
v 0.495685 0.256681 -0.056017
v 0.513638 0.276233 -0.056370
v 0.459779 0.217575 -0.055310
v 0.477732 0.237128 -0.055664
v 0.454230 0.221556 -0.055397
v 0.472183 0.241109 -0.055751
v 0.474958 0.239119 -0.055707
v 0.328459 0.346067 -0.058044
v 0.349186 0.363629 -0.058354
v 0.287004 0.310943 -0.057425
v 0.307732 0.328505 -0.057734
v -0.041900 0.485734 -0.061392
v -0.021172 0.503296 -0.061702
v 0.143280 0.415900 -0.059718
v -0.055021 0.485314 -0.061406
v -0.219473 0.572710 -0.063389
v 0.109431 0.397918 -0.059422
v -0.245716 0.571870 -0.063416
v -0.068143 0.484894 -0.061419
v -0.223833 0.573729 -0.063417
v -0.210712 0.574149 -0.063403
v -0.250076 0.572889 -0.063444
v -0.236955 0.573309 -0.063430
v -0.232554 0.575769 -0.063471
v -0.219432 0.576189 -0.063458
v -0.228193 0.574749 -0.063444
v -0.237029 0.575625 -0.063476
v -0.228268 0.577065 -0.063489
v -0.254552 0.572746 -0.063448
v -0.245790 0.574186 -0.063462
v -0.245980 0.575339 -0.063485
v -0.237219 0.576779 -0.063499
v -0.241505 0.575482 -0.063480
v -0.207205 0.465579 -0.061271
v -0.229872 0.482121 -0.061632
v -0.213428 0.462765 -0.061226
v -0.236095 0.479307 -0.061588
v -0.232984 0.480714 -0.061610
v -0.275207 0.515205 -0.062355
v -0.252540 0.498663 -0.061994
v -0.257642 0.494483 -0.061920
v -0.277198 0.512432 -0.062304
v -0.218531 0.458584 -0.061153
v -0.238086 0.476533 -0.061537
v -0.222513 0.453037 -0.061051
v -0.242069 0.470986 -0.061434
v -0.240078 0.473760 -0.061486
v -0.347051 0.327285 -0.058794
v -0.364616 0.348008 -0.059229
v -0.311921 0.285839 -0.057924
v -0.329486 0.306562 -0.058359
v -0.486757 -0.043008 -0.051772
v -0.504321 -0.022285 -0.052207
v -0.416904 0.142139 -0.055283
v -0.483975 -0.059930 -0.051436
v -0.571393 -0.224353 -0.048360
v -0.396558 0.104493 -0.054512
v -0.565830 -0.258198 -0.047688
v -0.481194 -0.076852 -0.051100
v -0.572413 -0.228713 -0.048277
v -0.575194 -0.211790 -0.048613
v -0.566850 -0.262557 -0.047605
v -0.569631 -0.245635 -0.047941
v -0.574453 -0.237431 -0.048109
v -0.577234 -0.220509 -0.048445
v -0.573433 -0.233072 -0.048193
v -0.573013 -0.246191 -0.047935
v -0.576815 -0.233628 -0.048188
v -0.565410 -0.271317 -0.047431
v -0.569212 -0.258754 -0.047683
v -0.570134 -0.263710 -0.047587
v -0.573935 -0.251147 -0.047840
v -0.571574 -0.254951 -0.047761
v -0.576672 -0.238103 -0.048100
v -0.578111 -0.229343 -0.048274
v -0.573792 -0.255622 -0.047752
v -0.575232 -0.246862 -0.047926
v -0.576385 -0.247052 -0.047924
v -0.577825 -0.238292 -0.048098
v -0.576529 -0.242577 -0.048012
v 0.104152 -0.465675 -0.042516
v 0.288593 -0.547024 -0.040618
v -0.264730 -0.302978 -0.046313
v -0.080289 -0.384326 -0.044415
v 0.108379 -0.457781 -0.042664
v 0.292820 -0.539130 -0.040766
v 0.106266 -0.461728 -0.042590
v 0.082314 -0.440902 -0.043038
v 0.268869 -0.518304 -0.041213
v -0.290795 -0.286098 -0.046687
v -0.104241 -0.363500 -0.044862
v 0.030183 -0.407143 -0.043785
v 0.216738 -0.484545 -0.041961
v 0.056248 -0.424023 -0.043411
v 0.246201 -0.501762 -0.041575
v 0.272267 -0.518641 -0.041201
v 0.194070 -0.468003 -0.042322
v 0.220136 -0.484882 -0.041948
v 0.200866 -0.468677 -0.042298
v 0.226932 -0.485557 -0.041924
v 0.223534 -0.485220 -0.041936
v 0.207376 -0.467608 -0.042308
v 0.230044 -0.484150 -0.041946
v 0.213599 -0.464794 -0.042353
v 0.236267 -0.481336 -0.041991
v 0.233155 -0.482743 -0.041969
v 0.275378 -0.517234 -0.041223
v 0.252711 -0.500692 -0.041585
v 0.257814 -0.496511 -0.041658
v 0.277369 -0.514460 -0.041274
v 0.218702 -0.460613 -0.042426
v 0.238258 -0.478562 -0.042042
v 0.222684 -0.455065 -0.042528
v 0.242240 -0.473014 -0.042144
v 0.240249 -0.475788 -0.042093
v 0.347222 -0.329314 -0.044785
v 0.364787 -0.350037 -0.044350
v 0.312093 -0.287868 -0.045655
v 0.329658 -0.308591 -0.045220
v 0.486928 0.040979 -0.051807
v 0.504493 0.020256 -0.051372
v 0.417075 -0.144167 -0.048296
v 0.460050 0.037016 -0.051773
v 0.547467 0.201439 -0.054849
v 0.285214 -0.291831 -0.045622
v 0.372632 -0.127407 -0.048698
v 0.406293 0.029090 -0.051707
v 0.493711 0.193514 -0.054783
v 0.433171 0.033053 -0.051740
v 0.520926 0.200874 -0.054882
v 0.467170 0.192948 -0.054816
v 0.494048 0.196911 -0.054849
v 0.467844 0.199743 -0.054948
v 0.494385 0.200309 -0.054915
v -0.466603 -0.208280 -0.048502
v -0.483149 -0.230944 -0.048085
v -0.463789 -0.214502 -0.048375
v -0.480335 -0.237166 -0.047959
v -0.481742 -0.234055 -0.048022
v -0.516241 -0.276271 -0.047252
v -0.499695 -0.253608 -0.047669
v -0.495514 -0.258709 -0.047562
v -0.513467 -0.278262 -0.047209
v -0.459608 -0.219604 -0.048268
v -0.477561 -0.239157 -0.047915
v -0.454059 -0.223585 -0.048181
v -0.472012 -0.243138 -0.047828
v -0.474786 -0.241147 -0.047872
v -0.328288 -0.348096 -0.045535
v -0.349015 -0.365658 -0.045225
v -0.286833 -0.312971 -0.046154
v -0.307560 -0.330533 -0.045844
v 0.042071 -0.487763 -0.042186
v 0.021344 -0.505325 -0.041877
v -0.143108 -0.417929 -0.043861
v 0.058997 -0.484981 -0.042213
v 0.223449 -0.572377 -0.040229
v -0.105455 -0.397586 -0.044197
v 0.257300 -0.566814 -0.040282
v 0.075922 -0.482200 -0.042239
v 0.227809 -0.573397 -0.040202
v 0.210883 -0.576178 -0.040176
v 0.261660 -0.567834 -0.040255
v 0.244735 -0.570615 -0.040229
v 0.236529 -0.575436 -0.040148
v 0.219603 -0.578217 -0.040121
v 0.232169 -0.574416 -0.040175
v 0.245290 -0.573996 -0.040161
v 0.232725 -0.577797 -0.040108
v 0.270422 -0.566394 -0.040269
v 0.257856 -0.570195 -0.040215
v 0.262813 -0.571117 -0.040189
v 0.250248 -0.574918 -0.040135
v 0.254052 -0.572557 -0.040175
v 0.237200 -0.577654 -0.040103
v 0.228439 -0.579094 -0.040089
v 0.254723 -0.574775 -0.040131
v 0.245962 -0.576215 -0.040117
v 0.246151 -0.577368 -0.040094
v 0.237390 -0.578807 -0.040080
v 0.241676 -0.577511 -0.040099
v 0.304838 -0.539231 -0.057240
v 0.339765 -0.446658 -0.058995
v 0.339768 -0.446696 -0.060974
v 0.304832 -0.539153 -0.053283
v 0.339758 -0.446580 -0.055038
v 0.339761 -0.446619 -0.057017
v 0.409617 -0.261511 -0.062506
v 0.409621 -0.261550 -0.064485
v 0.374691 -0.354084 -0.060751
v 0.409614 -0.261472 -0.060527
v 0.444544 -0.168938 -0.064261
v 0.339755 -0.446541 -0.053059
v 0.374684 -0.354007 -0.056793
v 0.409608 -0.261395 -0.056570
v 0.444537 -0.168861 -0.060304
v 0.409611 -0.261434 -0.058549
v 0.479470 -0.076365 -0.066017
v 0.479474 -0.076404 -0.067995
v 0.479464 -0.076287 -0.062060
v 0.479467 -0.076326 -0.064038
v 0.549323 0.108782 -0.069528
v 0.549326 0.108743 -0.071506
v 0.514397 0.016208 -0.067772
v 0.549320 0.108820 -0.067549
v 0.584250 0.201355 -0.071283
v 0.479460 -0.076249 -0.060081
v 0.514390 0.016286 -0.063815
v 0.549313 0.108898 -0.063592
v 0.584243 0.201432 -0.067326
v 0.549317 0.108859 -0.065570
v 0.304851 -0.539386 -0.065155
v 0.339778 -0.446813 -0.066911
v 0.339781 -0.446851 -0.068889
v 0.304845 -0.539308 -0.061197
v 0.339771 -0.446735 -0.062953
v 0.339774 -0.446774 -0.064932
v 0.409631 -0.261666 -0.070421
v 0.409634 -0.261705 -0.072400
v 0.374704 -0.354239 -0.068666
v 0.409627 -0.261628 -0.068442
v 0.444557 -0.169093 -0.072177
v 0.374698 -0.354162 -0.064708
v 0.444550 -0.169016 -0.068219
v 0.409624 -0.261589 -0.066464
v 0.479483 -0.076520 -0.073932
v 0.479487 -0.076559 -0.075911
v 0.479477 -0.076442 -0.069974
v 0.479480 -0.076481 -0.071953
v 0.549336 0.108627 -0.077443
v 0.549340 0.108588 -0.079422
v 0.514410 0.016053 -0.075687
v 0.549333 0.108665 -0.075464
v 0.584263 0.201200 -0.079198
v 0.514403 0.016131 -0.071730
v 0.584256 0.201277 -0.075240
v 0.549330 0.108704 -0.073485
v 0.538116 0.303386 -0.071378
v 0.542670 0.300948 -0.071323
v 0.542664 0.301025 -0.067366
v 0.538129 0.303231 -0.079293
v 0.542683 0.300793 -0.079238
v 0.542677 0.300870 -0.075281
v 0.551780 0.296071 -0.071213
v 0.551774 0.296149 -0.067255
v 0.547225 0.298510 -0.071268
v 0.551787 0.295994 -0.075170
v 0.556335 0.293633 -0.071157
v 0.542690 0.300715 -0.083196
v 0.547238 0.298355 -0.079183
v 0.551800 0.295839 -0.083085
v 0.556348 0.293478 -0.079072
v 0.551793 0.295916 -0.079128
v 0.560103 0.290099 -0.071082
v 0.560097 0.290177 -0.067124
v 0.560117 0.289944 -0.078997
v 0.560110 0.290022 -0.075039
v 0.567640 0.283031 -0.070931
v 0.567634 0.283109 -0.066973
v 0.563872 0.286565 -0.071006
v 0.567647 0.282954 -0.074888
v 0.571409 0.279497 -0.070855
v 0.560123 0.289867 -0.082954
v 0.563885 0.286410 -0.078921
v 0.567660 0.282799 -0.082803
v 0.571422 0.279342 -0.078770
v 0.567653 0.282876 -0.078846
v 0.574134 0.275109 -0.070765
v 0.574127 0.275186 -0.066808
v 0.574147 0.274954 -0.078680
v 0.574140 0.275031 -0.074722
v 0.579584 0.266332 -0.070584
v 0.579578 0.266409 -0.066627
v 0.576859 0.270720 -0.070675
v 0.579591 0.266254 -0.074542
v 0.582309 0.261943 -0.070494
v 0.574154 0.274876 -0.082637
v 0.576872 0.270565 -0.078590
v 0.579604 0.266099 -0.082457
v 0.582322 0.261788 -0.078409
v 0.579597 0.266177 -0.078499
v 0.583805 0.256999 -0.070394
v 0.583799 0.257076 -0.066437
v 0.583818 0.256844 -0.078309
v 0.583812 0.256921 -0.074352
v 0.586798 0.247110 -0.070196
v 0.586791 0.247188 -0.066238
v 0.585301 0.252054 -0.070295
v 0.586804 0.247033 -0.074153
v 0.588294 0.242166 -0.070096
v 0.583825 0.256766 -0.082267
v 0.585315 0.251899 -0.078210
v 0.586817 0.246877 -0.082068
v 0.588307 0.242011 -0.078011
v 0.586811 0.246955 -0.078111
v 0.588459 0.237003 -0.069995
v 0.588452 0.237080 -0.066037
v 0.588472 0.236848 -0.077910
v 0.588466 0.236925 -0.073952
v 0.588789 0.226676 -0.069792
v 0.588783 0.226754 -0.065835
v 0.588624 0.231839 -0.069894
v 0.588796 0.226599 -0.073750
v 0.588955 0.221513 -0.069691
v 0.588479 0.236770 -0.081867
v 0.588637 0.231684 -0.077809
v 0.588809 0.226444 -0.081665
v 0.588968 0.221358 -0.077606
v 0.588803 0.226521 -0.077707
v 0.587778 0.216483 -0.069594
v 0.587771 0.216561 -0.065637
v 0.587791 0.216328 -0.077509
v 0.587784 0.216406 -0.073552
v 0.585423 0.206423 -0.069401
v 0.585417 0.206501 -0.065444
v 0.586601 0.211453 -0.069498
v 0.585430 0.206346 -0.073359
v 0.584246 0.201394 -0.069304
v 0.587797 0.216251 -0.081467
v 0.586614 0.211298 -0.077413
v 0.585443 0.206191 -0.081274
v 0.584259 0.201239 -0.077219
v 0.585437 0.206268 -0.077316
v -0.109993 0.547571 -0.089110
v -0.109996 0.547610 -0.087131
v -0.202586 0.582527 -0.087968
v 0.075187 0.477737 -0.087436
v 0.075183 0.477776 -0.085457
v -0.017406 0.512693 -0.086294
v -0.110003 0.547687 -0.083174
v -0.202592 0.582604 -0.084011
v -0.109999 0.547649 -0.085152
v -0.017413 0.512771 -0.082336
v -0.110006 0.547726 -0.081195
v 0.167773 0.442859 -0.084620
v 0.075180 0.477815 -0.083478
v 0.167767 0.442937 -0.080662
v 0.075174 0.477892 -0.079521
v 0.075177 0.477854 -0.081499
v -0.110009 0.547765 -0.079216
v -0.202599 0.582682 -0.080053
v 0.075170 0.477931 -0.077542
v -0.017419 0.512848 -0.078379
v -0.110016 0.547842 -0.075259
v -0.202605 0.582759 -0.076096
v -0.110012 0.547804 -0.077237
v -0.017426 0.512926 -0.074422
v -0.110019 0.547881 -0.073280
v 0.167760 0.443014 -0.076705
v 0.075167 0.477970 -0.075563
v 0.167753 0.443092 -0.072748
v 0.075160 0.478047 -0.071606
v 0.075164 0.478009 -0.073585
v 0.260366 0.407904 -0.085762
v 0.260363 0.407943 -0.083783
v 0.445545 0.338070 -0.084088
v 0.445542 0.338109 -0.082109
v 0.352952 0.373026 -0.082946
v 0.260356 0.408020 -0.079825
v 0.260360 0.407981 -0.081804
v 0.352946 0.373103 -0.078988
v 0.260353 0.408059 -0.077847
v 0.538132 0.303192 -0.081272
v 0.445539 0.338148 -0.080130
v 0.538125 0.303270 -0.077314
v 0.445532 0.338225 -0.076172
v 0.445536 0.338187 -0.078151
v 0.260350 0.408098 -0.075868
v 0.445529 0.338264 -0.074194
v 0.352939 0.373181 -0.075031
v 0.260343 0.408175 -0.071911
v 0.260346 0.408136 -0.073889
v 0.352933 0.373258 -0.071074
v 0.260340 0.408214 -0.069932
v 0.538119 0.303347 -0.073357
v 0.445526 0.338303 -0.072215
v 0.538112 0.303425 -0.069400
v 0.445519 0.338380 -0.068258
v 0.445523 0.338342 -0.070237
v -0.304616 0.536595 -0.077340
v -0.302177 0.541149 -0.077425
v -0.302183 0.541227 -0.073468
v -0.304602 0.536440 -0.085255
v -0.302164 0.540994 -0.085340
v -0.302170 0.541072 -0.081383
v -0.297299 0.550257 -0.077595
v -0.297306 0.550335 -0.073638
v -0.299738 0.545703 -0.077510
v -0.297293 0.550180 -0.081553
v -0.294860 0.554811 -0.077681
v -0.302157 0.540917 -0.089298
v -0.299725 0.545548 -0.085425
v -0.297279 0.550025 -0.089468
v -0.294847 0.554656 -0.085596
v -0.297286 0.550102 -0.085510
v -0.291326 0.558579 -0.077749
v -0.291332 0.558657 -0.073791
v -0.291312 0.558424 -0.085664
v -0.291319 0.558502 -0.081706
v -0.284256 0.566115 -0.077884
v -0.284263 0.566192 -0.073927
v -0.287791 0.562347 -0.077817
v -0.284249 0.566037 -0.081842
v -0.280721 0.569883 -0.077952
v -0.291306 0.558347 -0.089621
v -0.287778 0.562192 -0.085732
v -0.284236 0.565882 -0.089757
v -0.280708 0.569728 -0.085867
v -0.284243 0.565960 -0.085799
v -0.276332 0.572607 -0.077999
v -0.276338 0.572685 -0.074041
v -0.276319 0.572452 -0.085914
v -0.276325 0.572530 -0.081956
v -0.267553 0.578057 -0.078091
v -0.267559 0.578134 -0.074133
v -0.271942 0.575332 -0.078045
v -0.267546 0.577979 -0.082048
v -0.263163 0.580782 -0.078137
v -0.276312 0.572375 -0.089871
v -0.271929 0.575177 -0.085960
v -0.267533 0.577824 -0.089963
v -0.263150 0.580627 -0.086052
v -0.267540 0.577902 -0.086006
v -0.258218 0.582278 -0.078158
v -0.258224 0.582355 -0.074200
v -0.258205 0.582123 -0.086073
v -0.258211 0.582200 -0.082115
v -0.248327 0.585270 -0.078200
v -0.248334 0.585347 -0.074243
v -0.253272 0.583774 -0.078179
v -0.248321 0.585192 -0.082158
v -0.243382 0.586766 -0.078221
v -0.258198 0.582045 -0.090030
v -0.253259 0.583619 -0.086094
v -0.248308 0.585037 -0.090073
v -0.243369 0.586611 -0.086136
v -0.248314 0.585115 -0.086115
v -0.238218 0.586931 -0.078216
v -0.238224 0.587009 -0.074259
v -0.238205 0.586776 -0.086131
v -0.238211 0.586853 -0.082174
v -0.227889 0.587262 -0.078205
v -0.227896 0.587339 -0.074248
v -0.233054 0.587096 -0.078211
v -0.227883 0.587184 -0.082163
v -0.222725 0.587427 -0.078200
v -0.238198 0.586698 -0.090089
v -0.233041 0.586941 -0.086126
v -0.227870 0.587029 -0.090078
v -0.222712 0.587272 -0.086115
v -0.227876 0.587107 -0.086120
v -0.217695 0.586250 -0.078169
v -0.217701 0.586328 -0.074211
v -0.217681 0.586095 -0.086084
v -0.217688 0.586173 -0.082126
v -0.207633 0.583897 -0.078106
v -0.207639 0.583975 -0.074149
v -0.212664 0.585074 -0.078137
v -0.207626 0.583820 -0.082064
v -0.202602 0.582720 -0.078075
v -0.217675 0.586018 -0.090041
v -0.212651 0.584919 -0.086052
v -0.207613 0.583665 -0.089979
v -0.202589 0.582565 -0.085990
v -0.207620 0.583742 -0.086021
v -0.584030 -0.203952 -0.061318
v -0.549104 -0.111379 -0.063074
v -0.549107 -0.111340 -0.061095
v -0.584024 -0.204029 -0.065275
v -0.549097 -0.111456 -0.067031
v -0.549101 -0.111417 -0.065052
v -0.479251 0.073768 -0.066584
v -0.479254 0.073806 -0.064606
v -0.514177 -0.018805 -0.064829
v -0.479248 0.073729 -0.068563
v -0.444325 0.166341 -0.068340
v -0.549094 -0.111495 -0.069009
v -0.514171 -0.018883 -0.068786
v -0.479241 0.073651 -0.072520
v -0.444318 0.166263 -0.072297
v -0.479244 0.073690 -0.070542
v -0.409398 0.258914 -0.070095
v -0.409401 0.258953 -0.068116
v -0.409392 0.258837 -0.074052
v -0.409395 0.258875 -0.072074
v -0.339545 0.444061 -0.073606
v -0.339549 0.444099 -0.071627
v -0.374472 0.351487 -0.071850
v -0.339542 0.444022 -0.075584
v -0.304619 0.536634 -0.075361
v -0.409388 0.258798 -0.076031
v -0.374465 0.351410 -0.075808
v -0.339535 0.443944 -0.079542
v -0.304612 0.536556 -0.079318
v -0.339539 0.443983 -0.077563
v -0.584017 -0.204107 -0.069233
v -0.549091 -0.111534 -0.070988
v -0.584011 -0.204184 -0.073191
v -0.549084 -0.111611 -0.074946
v -0.549088 -0.111572 -0.072967
v -0.479238 0.073613 -0.074499
v -0.514164 -0.018961 -0.072744
v -0.479235 0.073574 -0.076478
v -0.444311 0.166186 -0.076254
v -0.549081 -0.111650 -0.076925
v -0.514158 -0.019038 -0.076701
v -0.479228 0.073496 -0.080436
v -0.444305 0.166108 -0.080212
v -0.479231 0.073535 -0.078457
v -0.409385 0.258759 -0.078010
v -0.409378 0.258682 -0.081968
v -0.409382 0.258720 -0.079989
v -0.339532 0.443906 -0.081521
v -0.374459 0.351332 -0.079765
v -0.339529 0.443867 -0.083499
v -0.304606 0.536479 -0.083276
v -0.409375 0.258643 -0.083946
v -0.374452 0.351255 -0.083723
v -0.339522 0.443789 -0.087457
v -0.304599 0.536401 -0.087234
v -0.339526 0.443828 -0.085478
v -0.537896 -0.305983 -0.061223
v -0.542451 -0.303545 -0.061278
v -0.542458 -0.303467 -0.057321
v -0.537883 -0.306138 -0.069138
v -0.542438 -0.303700 -0.069193
v -0.542444 -0.303622 -0.065236
v -0.551561 -0.298669 -0.061389
v -0.551567 -0.298591 -0.057432
v -0.547006 -0.301107 -0.061334
v -0.551554 -0.298746 -0.065347
v -0.556116 -0.296230 -0.061444
v -0.542431 -0.303778 -0.073151
v -0.546993 -0.301262 -0.069249
v -0.551541 -0.298901 -0.073262
v -0.556103 -0.296385 -0.069359
v -0.551548 -0.298824 -0.069304
v -0.559884 -0.292696 -0.061520
v -0.559891 -0.292619 -0.057562
v -0.559871 -0.292851 -0.069435
v -0.559878 -0.292774 -0.065477
v -0.567421 -0.285628 -0.061671
v -0.567427 -0.285551 -0.057713
v -0.563653 -0.289162 -0.061595
v -0.567414 -0.285706 -0.065628
v -0.571189 -0.282095 -0.061746
v -0.559864 -0.292929 -0.073392
v -0.563639 -0.289317 -0.069510
v -0.567401 -0.285861 -0.073543
v -0.571176 -0.282250 -0.069661
v -0.567408 -0.285783 -0.069586
v -0.573915 -0.277706 -0.061837
v -0.573921 -0.277628 -0.057879
v -0.573901 -0.277861 -0.069752
v -0.573908 -0.277783 -0.065794
v -0.579365 -0.268929 -0.062018
v -0.579371 -0.268851 -0.058060
v -0.576640 -0.273317 -0.061927
v -0.579358 -0.269006 -0.065975
v -0.582090 -0.264540 -0.062108
v -0.573895 -0.277938 -0.073709
v -0.576627 -0.273472 -0.069842
v -0.579345 -0.269161 -0.073890
v -0.582077 -0.264695 -0.070023
v -0.579352 -0.269084 -0.069933
v -0.583586 -0.259596 -0.062207
v -0.583593 -0.259518 -0.058250
v -0.583573 -0.259751 -0.070122
v -0.583579 -0.259673 -0.066165
v -0.586578 -0.249707 -0.062406
v -0.586585 -0.249630 -0.058448
v -0.585082 -0.254651 -0.062307
v -0.586572 -0.249785 -0.066363
v -0.588074 -0.244763 -0.062505
v -0.583566 -0.259828 -0.074080
v -0.585069 -0.254806 -0.070222
v -0.586559 -0.249940 -0.074278
v -0.588061 -0.244918 -0.070420
v -0.586565 -0.249862 -0.070321
v -0.588240 -0.239600 -0.062607
v -0.588246 -0.239522 -0.058649
v -0.588227 -0.239755 -0.070522
v -0.588233 -0.239677 -0.066564
v -0.588570 -0.229273 -0.062809
v -0.588577 -0.229196 -0.058852
v -0.588405 -0.234437 -0.062708
v -0.588564 -0.229351 -0.066767
v -0.588735 -0.224110 -0.062911
v -0.588220 -0.239832 -0.074479
v -0.588392 -0.234592 -0.070623
v -0.588550 -0.229506 -0.074682
v -0.588722 -0.224265 -0.070826
v -0.588557 -0.229428 -0.070724
v -0.587558 -0.219080 -0.063007
v -0.587565 -0.219003 -0.059050
v -0.587545 -0.219235 -0.070922
v -0.587552 -0.219158 -0.066965
v -0.585204 -0.209021 -0.063201
v -0.585211 -0.208943 -0.059243
v -0.586381 -0.214050 -0.063104
v -0.585198 -0.209098 -0.067158
v -0.584027 -0.203991 -0.063297
v -0.587539 -0.219313 -0.074880
v -0.586368 -0.214205 -0.071019
v -0.585184 -0.209253 -0.075073
v -0.584014 -0.204146 -0.071212
v -0.585191 -0.209176 -0.071116
v -0.537880 -0.306177 -0.071117
v -0.445290 -0.341094 -0.070280
v -0.445287 -0.341132 -0.072259
v -0.537886 -0.306099 -0.067159
v -0.445297 -0.341016 -0.066322
v -0.445293 -0.341055 -0.068301
v -0.260111 -0.410927 -0.068606
v -0.260107 -0.410966 -0.070585
v -0.352700 -0.376011 -0.069443
v -0.260114 -0.410889 -0.066627
v -0.167521 -0.445844 -0.067769
v -0.445300 -0.340977 -0.064343
v -0.352707 -0.375933 -0.065485
v -0.260121 -0.410811 -0.062669
v -0.167528 -0.445767 -0.063811
v -0.260117 -0.410850 -0.064648
v -0.074931 -0.480761 -0.066932
v -0.074928 -0.480800 -0.068910
v -0.074938 -0.480683 -0.062974
v -0.074935 -0.480722 -0.064953
v 0.110248 -0.550594 -0.065258
v 0.110251 -0.550633 -0.067236
v 0.017658 -0.515678 -0.066095
v 0.110245 -0.550556 -0.063279
v 0.202838 -0.585511 -0.064421
v -0.074941 -0.480645 -0.060995
v 0.017652 -0.515600 -0.062137
v 0.110238 -0.550478 -0.059321
v 0.202831 -0.585434 -0.060463
v 0.110242 -0.550517 -0.061300
v -0.537893 -0.306022 -0.063202
v -0.445303 -0.340939 -0.062365
v -0.537899 -0.305944 -0.059244
v -0.445310 -0.340861 -0.058407
v -0.445306 -0.340900 -0.060386
v -0.260124 -0.410772 -0.060690
v -0.352714 -0.375856 -0.061528
v -0.260127 -0.410734 -0.058712
v -0.167534 -0.445689 -0.059853
v -0.445313 -0.340822 -0.056429
v -0.352720 -0.375778 -0.057570
v -0.260134 -0.410656 -0.054755
v -0.167541 -0.445612 -0.055896
v -0.260130 -0.410695 -0.056733
v -0.074944 -0.480606 -0.059016
v -0.074951 -0.480528 -0.055059
v -0.074948 -0.480567 -0.057038
v 0.110235 -0.550439 -0.057342
v 0.017645 -0.515523 -0.058179
v 0.110232 -0.550401 -0.055364
v 0.202825 -0.585356 -0.056505
v -0.074954 -0.480490 -0.053081
v 0.017639 -0.515445 -0.054222
v 0.110225 -0.550323 -0.051406
v 0.202818 -0.585279 -0.052548
v 0.110228 -0.550362 -0.053385
v 0.155236 -0.411718 -0.028312
v 0.164550 -0.387032 -0.028780
v 0.159893 -0.399375 -0.028546
v 0.155186 -0.411124 0.002029
v 0.155211 -0.411421 -0.013142
v 0.159613 -0.396068 0.140310
v 0.154931 -0.408114 0.155714
v 0.168977 -0.371976 0.109501
v 0.164295 -0.384022 0.124905
v 0.168469 -0.365955 0.416872
v 0.163787 -0.378001 0.432276
v 0.164041 -0.381011 0.278591
v 0.154702 -0.405401 0.294229
v 0.150274 -0.420457 0.155948
v 0.163558 -0.375288 0.570791
v 0.159130 -0.390345 0.432510
v 0.154244 -0.399975 0.571259
v 0.149816 -0.415031 0.432978
v 0.154473 -0.402688 0.432744
v 0.205251 -0.376912 0.570892
v 0.205480 -0.379625 0.432377
v 0.217825 -0.384281 0.432489
v 0.180560 -0.367601 0.570669
v 0.180789 -0.370314 0.432154
v 0.193134 -0.374969 0.432265
v 0.205938 -0.385051 0.155347
v 0.218283 -0.389707 0.155459
v 0.205709 -0.382338 0.293862
v 0.193618 -0.380692 0.140065
v 0.206192 -0.388061 0.001662
v 0.181043 -0.373324 0.278468
v 0.181552 -0.379344 -0.028903
v 0.181298 -0.376334 0.124783
v 0.206217 -0.388358 -0.013509
v 0.193897 -0.384000 -0.028791
v 0.206242 -0.388655 -0.028680
v -0.169696 0.380482 0.324820
v -0.167367 0.386654 0.324703
v -0.167240 0.385149 0.247860
v -0.169950 0.383492 0.478506
v -0.167621 0.389664 0.478389
v -0.167494 0.388159 0.401546
v -0.162710 0.398997 0.324469
v -0.162583 0.397492 0.247626
v -0.165039 0.392825 0.324586
v -0.162838 0.400502 0.401312
v -0.160382 0.405168 0.324352
v -0.167749 0.391169 0.555231
v -0.165293 0.395835 0.478272
v -0.163092 0.403512 0.554997
v -0.160636 0.408178 0.478038
v -0.162965 0.402007 0.478155
v -0.158054 0.411340 0.324235
v -0.157926 0.409835 0.247392
v -0.158308 0.414350 0.477920
v -0.158181 0.412845 0.401078
v -0.153397 0.423683 0.324001
v -0.153270 0.422178 0.247158
v -0.155725 0.417512 0.324118
v -0.153524 0.425188 0.400844
v -0.151068 0.429855 0.323884
v -0.158435 0.415855 0.554763
v -0.155979 0.420522 0.477803
v -0.153778 0.428198 0.554529
v -0.151322 0.432865 0.477569
v -0.153651 0.426693 0.477686
v -0.169187 0.374462 0.017449
v -0.166859 0.380634 0.017332
v -0.166732 0.379128 -0.059511
v -0.169442 0.377472 0.171134
v -0.167113 0.383644 0.171017
v -0.166986 0.382139 0.094175
v -0.162202 0.392977 0.017098
v -0.162075 0.391472 -0.059745
v -0.164530 0.386805 0.017215
v -0.162329 0.394482 0.093941
v -0.159874 0.399148 0.016981
v -0.164785 0.389815 0.170900
v -0.160128 0.402158 0.170666
v -0.162456 0.395987 0.170783
v -0.157545 0.405320 0.016864
v -0.157418 0.403815 -0.059979
v -0.157799 0.408330 0.170549
v -0.157672 0.406825 0.093706
v -0.152888 0.417663 0.016630
v -0.152761 0.416158 -0.060213
v -0.155217 0.411491 0.016747
v -0.153015 0.419168 0.093472
v -0.150560 0.423835 0.016513
v -0.155471 0.414501 0.170432
v -0.150814 0.426845 0.170198
v -0.153142 0.420673 0.170315
v -0.176458 0.433295 0.000118
v -0.176687 0.436008 0.138633
v -0.185329 0.439266 0.138555
v -0.159175 0.426777 0.000274
v -0.159404 0.429490 0.138789
v -0.168045 0.432749 0.138711
v -0.177145 0.441433 0.415663
v -0.185787 0.444692 0.415585
v -0.176916 0.438721 0.277148
v -0.168504 0.438175 0.415741
v -0.177374 0.444146 0.554178
v -0.150762 0.426231 0.138867
v -0.159633 0.432203 0.277304
v -0.151220 0.431657 0.415897
v -0.160091 0.437629 0.554334
v -0.159862 0.434916 0.415819
v 0.352956 0.372987 -0.084925
v 0.352833 0.372631 -0.086238
v 0.538013 0.302797 -0.084564
v -0.017403 0.512654 -0.088273
v -0.017526 0.512298 -0.089586
v 0.167654 0.442464 -0.087912
v 0.352588 0.371917 -0.088864
v 0.537767 0.302084 -0.087190
v 0.352711 0.372274 -0.087551
v 0.167409 0.441751 -0.090538
v 0.352465 0.371561 -0.090177
v -0.202705 0.582131 -0.091260
v -0.017648 0.511941 -0.090899
v -0.202950 0.581418 -0.093886
v -0.017893 0.511228 -0.093525
v -0.017771 0.511585 -0.092212
v 0.352126 0.370638 -0.091125
v 0.537305 0.300805 -0.089451
v -0.018233 0.510306 -0.094473
v 0.166947 0.440472 -0.092799
v 0.351447 0.368793 -0.093022
v 0.536627 0.298960 -0.091348
v 0.351787 0.369716 -0.092074
v 0.166268 0.438627 -0.094696
v 0.351108 0.367871 -0.093971
v -0.203412 0.580139 -0.096147
v -0.018572 0.509383 -0.095422
v -0.204091 0.578294 -0.098044
v -0.019251 0.507538 -0.097319
v -0.018911 0.508460 -0.096370
v 0.350643 0.366629 -0.094301
v 0.535822 0.296796 -0.092627
v -0.019716 0.506296 -0.097649
v 0.165464 0.436463 -0.095975
v 0.349713 0.364147 -0.094961
v 0.534892 0.294313 -0.093287
v 0.350178 0.365388 -0.094631
v 0.164533 0.433980 -0.096635
v 0.349248 0.362905 -0.095292
v -0.204895 0.576130 -0.099323
v -0.020181 0.505055 -0.097979
v -0.205826 0.573647 -0.099984
v -0.021111 0.502573 -0.098640
v -0.020646 0.503814 -0.098310
v 0.574835 0.204518 -0.091776
v 0.575855 0.208877 -0.091860
v 0.575427 0.209038 -0.091904
v 0.575693 0.204196 -0.091688
v 0.576713 0.208555 -0.091772
v 0.576284 0.208716 -0.091816
v 0.577895 0.217596 -0.092027
v 0.577467 0.217757 -0.092071
v 0.576875 0.213237 -0.091943
v 0.578351 0.217551 -0.091985
v 0.578943 0.222071 -0.092113
v 0.577169 0.208511 -0.091730
v 0.577760 0.213031 -0.091857
v 0.579264 0.217462 -0.091901
v 0.579855 0.221982 -0.092029
v 0.578808 0.217507 -0.091943
v 0.578800 0.226546 -0.092201
v 0.578344 0.226591 -0.092243
v 0.579712 0.226457 -0.092117
v 0.579256 0.226502 -0.092159
v 0.578513 0.235495 -0.092377
v 0.578057 0.235540 -0.092419
v 0.578657 0.231021 -0.092289
v 0.578966 0.235570 -0.092337
v 0.578367 0.240090 -0.092467
v 0.580164 0.226532 -0.092078
v 0.579565 0.231051 -0.092207
v 0.579870 0.235720 -0.092258
v 0.579271 0.240240 -0.092388
v 0.579418 0.235645 -0.092298
v 0.577070 0.244375 -0.092553
v 0.576618 0.244300 -0.092593
v 0.577974 0.244525 -0.092474
v 0.577522 0.244450 -0.092513
v 0.574477 0.252945 -0.092725
v 0.574025 0.252870 -0.092765
v 0.575774 0.248660 -0.092639
v 0.574894 0.253134 -0.092688
v 0.573146 0.257344 -0.092814
v 0.578392 0.244714 -0.092437
v 0.576643 0.248924 -0.092562
v 0.575729 0.253513 -0.092613
v 0.573981 0.257724 -0.092739
v 0.575312 0.253324 -0.092651
v 0.570784 0.261148 -0.092892
v 0.570366 0.260958 -0.092929
v 0.571619 0.261527 -0.092817
v 0.571201 0.261337 -0.092855
v 0.566060 0.268755 -0.093049
v 0.565643 0.268565 -0.093086
v 0.568422 0.264951 -0.092970
v 0.566415 0.269046 -0.093014
v 0.563635 0.272660 -0.093129
v 0.571973 0.261818 -0.092782
v 0.569194 0.265432 -0.092898
v 0.567123 0.269629 -0.092943
v 0.564344 0.273242 -0.093059
v 0.566769 0.269337 -0.092978
v 0.560369 0.275722 -0.093195
v 0.560015 0.275431 -0.093230
v 0.561078 0.276305 -0.093124
v 0.560724 0.276014 -0.093159
v 0.553837 0.281848 -0.093325
v 0.553483 0.281556 -0.093361
v 0.557103 0.278785 -0.093260
v 0.554104 0.282221 -0.093292
v 0.550484 0.284992 -0.093393
v 0.561345 0.276678 -0.093091
v 0.557725 0.279450 -0.093191
v 0.554638 0.282967 -0.093225
v 0.551018 0.285738 -0.093326
v 0.554371 0.282594 -0.093259
v 0.546537 0.287105 -0.093440
v 0.546269 0.286732 -0.093474
v 0.547071 0.287852 -0.093374
v 0.546804 0.287479 -0.093407
v 0.538642 0.291332 -0.093536
v 0.538374 0.290959 -0.093570
v 0.542589 0.289219 -0.093488
v 0.538803 0.291761 -0.093504
v 0.534589 0.293501 -0.093585
v 0.547232 0.288281 -0.093342
v 0.543018 0.290021 -0.093423
v 0.539127 0.292620 -0.093440
v 0.534912 0.294360 -0.093521
v 0.538965 0.292191 -0.093472
v 0.577583 0.203501 -0.090728
v 0.578630 0.207977 -0.090814
v 0.580505 0.202434 -0.088897
v 0.581552 0.206909 -0.088983
v 0.580091 0.207443 -0.089899
v 0.580725 0.216928 -0.090986
v 0.579677 0.212453 -0.090900
v 0.582279 0.216792 -0.090078
v 0.581865 0.221801 -0.091080
v 0.583107 0.206773 -0.088075
v 0.582693 0.211782 -0.089077
v 0.585387 0.216519 -0.088262
v 0.584973 0.221528 -0.089264
v 0.583833 0.216655 -0.089170
v 0.581718 0.226395 -0.091170
v 0.584826 0.226122 -0.089354
v 0.583272 0.226259 -0.090262
v 0.581424 0.235584 -0.091350
v 0.581571 0.230990 -0.091260
v 0.582965 0.235855 -0.090450
v 0.581264 0.240586 -0.091448
v 0.586368 0.226394 -0.088454
v 0.584666 0.231124 -0.089452
v 0.586047 0.236398 -0.088650
v 0.584346 0.241128 -0.089649
v 0.584506 0.236126 -0.089550
v 0.579933 0.244985 -0.091537
v 0.583015 0.245528 -0.089737
v 0.581474 0.245257 -0.090637
v 0.577270 0.253785 -0.091714
v 0.578602 0.249385 -0.091625
v 0.578693 0.254446 -0.090821
v 0.575821 0.258575 -0.091810
v 0.584438 0.246190 -0.088845
v 0.581565 0.250318 -0.089833
v 0.581539 0.255770 -0.089037
v 0.578666 0.259898 -0.090026
v 0.580116 0.255108 -0.089929
v 0.573396 0.262480 -0.091890
v 0.576241 0.263803 -0.090106
v 0.574819 0.263142 -0.090998
v 0.568546 0.270290 -0.092051
v 0.570971 0.266385 -0.091971
v 0.569754 0.271299 -0.091166
v 0.565906 0.274542 -0.092139
v 0.577449 0.264811 -0.089221
v 0.573601 0.268055 -0.090194
v 0.572169 0.273315 -0.089397
v 0.568321 0.276559 -0.090369
v 0.570961 0.272307 -0.090281
v 0.562553 0.277687 -0.092206
v 0.564968 0.279703 -0.090436
v 0.563760 0.278695 -0.091321
v 0.555846 0.283975 -0.092340
v 0.559199 0.280831 -0.092273
v 0.556756 0.285263 -0.091461
v 0.552195 0.287399 -0.092413
v 0.565878 0.280990 -0.089557
v 0.561317 0.283127 -0.090509
v 0.558577 0.287838 -0.089703
v 0.554016 0.289974 -0.090655
v 0.557667 0.286550 -0.090582
v 0.548142 0.289569 -0.092463
v 0.549963 0.292143 -0.090705
v 0.549053 0.290856 -0.091584
v 0.540037 0.293908 -0.092561
v 0.544090 0.291738 -0.092512
v 0.540587 0.295388 -0.091686
v 0.535624 0.296270 -0.092615
v 0.550513 0.293623 -0.089830
v 0.545550 0.294506 -0.090758
v 0.541687 0.298348 -0.089937
v 0.536724 0.299230 -0.090865
v 0.541137 0.296868 -0.090812
v 0.582541 0.201715 -0.086280
v 0.583681 0.206588 -0.086374
v 0.583691 0.201346 -0.082878
v 0.584831 0.206219 -0.082972
v 0.584256 0.206403 -0.084673
v 0.585962 0.216334 -0.086561
v 0.584822 0.211461 -0.086468
v 0.586574 0.216306 -0.084863
v 0.587139 0.221364 -0.086658
v 0.586008 0.211249 -0.083068
v 0.588363 0.221308 -0.083261
v 0.587186 0.216278 -0.083165
v 0.586979 0.226366 -0.086756
v 0.588203 0.226310 -0.083360
v 0.587591 0.226338 -0.085058
v 0.586659 0.236370 -0.086952
v 0.586819 0.231368 -0.086854
v 0.587266 0.236503 -0.085257
v 0.586494 0.241533 -0.087054
v 0.588037 0.231474 -0.083461
v 0.587707 0.241800 -0.083664
v 0.587872 0.236637 -0.083562
v 0.585044 0.246323 -0.087150
v 0.586257 0.246590 -0.083760
v 0.585651 0.246456 -0.085455
v 0.582145 0.255903 -0.087342
v 0.583595 0.251113 -0.087246
v 0.582705 0.256191 -0.085651
v 0.580649 0.260847 -0.087442
v 0.584761 0.251534 -0.083859
v 0.581769 0.261423 -0.084058
v 0.583265 0.256478 -0.083959
v 0.578009 0.265099 -0.087529
v 0.579129 0.265674 -0.084146
v 0.578569 0.265387 -0.085837
v 0.572729 0.273603 -0.087705
v 0.575369 0.269351 -0.087617
v 0.573204 0.274027 -0.086016
v 0.570004 0.277991 -0.087795
v 0.576404 0.270063 -0.084236
v 0.570954 0.278840 -0.084417
v 0.573679 0.274452 -0.084327
v 0.566353 0.281415 -0.087868
v 0.567303 0.282264 -0.084490
v 0.566828 0.281839 -0.086179
v 0.559051 0.288262 -0.088014
v 0.562702 0.284839 -0.087941
v 0.559409 0.288797 -0.086328
v 0.555283 0.291796 -0.088090
v 0.563534 0.285798 -0.084566
v 0.555997 0.292866 -0.084716
v 0.559766 0.289332 -0.084641
v 0.550870 0.294158 -0.088143
v 0.551585 0.295228 -0.084770
v 0.551227 0.294693 -0.086457
v 0.542045 0.298883 -0.088251
v 0.546457 0.296521 -0.088197
v 0.542260 0.299494 -0.086566
v 0.537490 0.301321 -0.088306
v 0.547030 0.297666 -0.084825
v 0.537920 0.302543 -0.084936
v 0.542475 0.300104 -0.084881
v 0.584202 0.201494 -0.064889
v 0.585379 0.206524 -0.064986
v 0.584125 0.201540 -0.063974
v 0.585302 0.206570 -0.064070
v 0.585341 0.206547 -0.064528
v 0.587733 0.216584 -0.065179
v 0.586556 0.211554 -0.065082
v 0.587692 0.216597 -0.064721
v 0.588907 0.221604 -0.065275
v 0.585261 0.206583 -0.063612
v 0.586477 0.211590 -0.064166
v 0.587610 0.216623 -0.063805
v 0.588826 0.221630 -0.064359
v 0.587651 0.216610 -0.064263
v 0.588742 0.226767 -0.065377
v 0.588660 0.226793 -0.064461
v 0.588701 0.226780 -0.064919
v 0.588412 0.237093 -0.065579
v 0.588577 0.231930 -0.065478
v 0.588371 0.237096 -0.065121
v 0.588247 0.242246 -0.065681
v 0.588620 0.226795 -0.064002
v 0.588496 0.231945 -0.064562
v 0.588290 0.237100 -0.064205
v 0.588166 0.242250 -0.064764
v 0.588331 0.237098 -0.064663
v 0.586751 0.247190 -0.065780
v 0.586670 0.247194 -0.064864
v 0.586710 0.247192 -0.065322
v 0.583758 0.257078 -0.065979
v 0.585255 0.252134 -0.065879
v 0.583721 0.257071 -0.065520
v 0.582265 0.262013 -0.066078
v 0.586632 0.247187 -0.064405
v 0.585177 0.252129 -0.064963
v 0.583646 0.257056 -0.064603
v 0.582190 0.261998 -0.065161
v 0.583683 0.257063 -0.065062
v 0.579540 0.266401 -0.066168
v 0.579465 0.266386 -0.065251
v 0.579503 0.266394 -0.065710
v 0.574090 0.275179 -0.066349
v 0.576815 0.270790 -0.066259
v 0.574058 0.275162 -0.065890
v 0.571370 0.279559 -0.066439
v 0.579433 0.266370 -0.064793
v 0.576746 0.270766 -0.065342
v 0.573994 0.275129 -0.064973
v 0.571306 0.279526 -0.065522
v 0.574026 0.275146 -0.065432
v 0.567602 0.283092 -0.066515
v 0.567538 0.283060 -0.065598
v 0.567570 0.283076 -0.066056
v 0.560065 0.290160 -0.066666
v 0.563833 0.286626 -0.066590
v 0.560041 0.290137 -0.066207
v 0.556304 0.293687 -0.066741
v 0.567514 0.283036 -0.065139
v 0.563777 0.286586 -0.065673
v 0.559993 0.290089 -0.065289
v 0.556256 0.293639 -0.065823
v 0.560017 0.290113 -0.065748
v 0.551749 0.296125 -0.066796
v 0.551701 0.296077 -0.065879
v 0.551725 0.296101 -0.066338
v 0.542640 0.301001 -0.066907
v 0.547195 0.298563 -0.066852
v 0.542625 0.300973 -0.066448
v 0.538094 0.303435 -0.066962
v 0.551686 0.296049 -0.065420
v 0.547156 0.298511 -0.065934
v 0.542595 0.300916 -0.065530
v 0.538064 0.303378 -0.066044
v 0.542610 0.300945 -0.065989
v 0.583240 0.201912 -0.061960
v 0.584414 0.206932 -0.062057
v 0.581546 0.202611 -0.058850
v 0.582720 0.207630 -0.058946
v 0.583567 0.207281 -0.060501
v 0.586763 0.216972 -0.062250
v 0.585589 0.211952 -0.062153
v 0.585863 0.217092 -0.060690
v 0.587884 0.221763 -0.062342
v 0.581820 0.207750 -0.057386
v 0.583841 0.212421 -0.059038
v 0.584061 0.217331 -0.057570
v 0.586082 0.222002 -0.059222
v 0.584962 0.217211 -0.059130
v 0.587719 0.226915 -0.062443
v 0.585918 0.227154 -0.059323
v 0.586818 0.227035 -0.060883
v 0.587390 0.237220 -0.062645
v 0.587554 0.232067 -0.062544
v 0.586496 0.237104 -0.061081
v 0.587232 0.242137 -0.062742
v 0.585024 0.227038 -0.057759
v 0.585760 0.232071 -0.059420
v 0.584710 0.236873 -0.057952
v 0.585446 0.241905 -0.059613
v 0.585603 0.236988 -0.059516
v 0.585739 0.247071 -0.062841
v 0.583952 0.246840 -0.059712
v 0.584846 0.246955 -0.061276
v 0.582753 0.256940 -0.063039
v 0.584246 0.252005 -0.062940
v 0.581928 0.256599 -0.061470
v 0.581328 0.261649 -0.063134
v 0.583127 0.246498 -0.058143
v 0.582528 0.251549 -0.059807
v 0.580278 0.255916 -0.058332
v 0.579678 0.260966 -0.059996
v 0.581103 0.256257 -0.059901
v 0.578608 0.266029 -0.063224
v 0.576958 0.265346 -0.060086
v 0.577783 0.265687 -0.061655
v 0.573169 0.274788 -0.063404
v 0.575889 0.270408 -0.063314
v 0.572468 0.274247 -0.061831
v 0.570574 0.278968 -0.063491
v 0.576257 0.264805 -0.058513
v 0.574363 0.269526 -0.060172
v 0.571067 0.273164 -0.058685
v 0.569172 0.277885 -0.060345
v 0.571767 0.273705 -0.060258
v 0.566813 0.282494 -0.063566
v 0.565412 0.281411 -0.060420
v 0.566112 0.281953 -0.061993
v 0.559292 0.289547 -0.063716
v 0.563052 0.286021 -0.063641
v 0.558763 0.288845 -0.062140
v 0.555703 0.292913 -0.063788
v 0.564883 0.280709 -0.058843
v 0.561823 0.284777 -0.060492
v 0.557705 0.287440 -0.058987
v 0.554645 0.291508 -0.060635
v 0.558234 0.288142 -0.060564
v 0.551157 0.295346 -0.063843
v 0.550099 0.293942 -0.060691
v 0.550628 0.294644 -0.062267
v 0.542066 0.300214 -0.063954
v 0.546612 0.297780 -0.063899
v 0.541745 0.299400 -0.062375
v 0.537728 0.302536 -0.064007
v 0.549778 0.293128 -0.059112
v 0.545762 0.296264 -0.060743
v 0.541103 0.297773 -0.059217
v 0.537086 0.300909 -0.060849
v 0.541424 0.298586 -0.060796
v 0.579111 0.203570 -0.056691
v 0.580231 0.208361 -0.056783
v 0.575934 0.204792 -0.055485
v 0.577055 0.209582 -0.055577
v 0.578643 0.208971 -0.056180
v 0.582473 0.217942 -0.056967
v 0.581352 0.213151 -0.056875
v 0.580784 0.218121 -0.056356
v 0.583493 0.222301 -0.057051
v 0.578075 0.213941 -0.055661
v 0.580115 0.222660 -0.055828
v 0.579095 0.218301 -0.055745
v 0.583335 0.227218 -0.057148
v 0.579957 0.227577 -0.055925
v 0.581646 0.227398 -0.056536
v 0.583021 0.237052 -0.057341
v 0.583178 0.232135 -0.057244
v 0.581346 0.236789 -0.056721
v 0.582878 0.241527 -0.057429
v 0.579814 0.232052 -0.056013
v 0.579528 0.241001 -0.056189
v 0.579671 0.236526 -0.056101
v 0.581453 0.246236 -0.057523
v 0.578103 0.245710 -0.056283
v 0.579778 0.245973 -0.056903
v 0.578603 0.255653 -0.057712
v 0.580028 0.250944 -0.057618
v 0.577056 0.254967 -0.057084
v 0.577306 0.259938 -0.057798
v 0.576807 0.249995 -0.056369
v 0.574214 0.258565 -0.056541
v 0.575510 0.254280 -0.056455
v 0.574711 0.264118 -0.057885
v 0.571618 0.262745 -0.056628
v 0.573165 0.263431 -0.057256
v 0.569520 0.272477 -0.058057
v 0.572116 0.268298 -0.057971
v 0.568208 0.271414 -0.057421
v 0.567159 0.276281 -0.058135
v 0.569256 0.266548 -0.056706
v 0.564533 0.274155 -0.056863
v 0.566895 0.270351 -0.056784
v 0.563570 0.279646 -0.058207
v 0.560944 0.277520 -0.056935
v 0.562257 0.278583 -0.057571
v 0.556392 0.286377 -0.058351
v 0.559981 0.283012 -0.058279
v 0.555402 0.285011 -0.057708
v 0.553126 0.289440 -0.058416
v 0.557678 0.280583 -0.057000
v 0.551146 0.286708 -0.057131
v 0.554412 0.283646 -0.057065
v 0.548788 0.291762 -0.058469
v 0.546808 0.289031 -0.057183
v 0.547798 0.290396 -0.057826
v 0.540113 0.296407 -0.058574
v 0.544450 0.294085 -0.058522
v 0.539513 0.294832 -0.057927
v 0.536165 0.298520 -0.058622
v 0.542861 0.291144 -0.057231
v 0.534966 0.295370 -0.057327
v 0.538913 0.293257 -0.057279
v 0.450897 0.223424 0.001308
v 0.290407 0.283946 -0.000143
v 0.290875 0.285155 -0.001486
v 0.449961 0.221007 0.003992
v 0.289472 0.281530 0.002542
v 0.289940 0.282738 0.001199
v -0.030571 0.404992 -0.003045
v -0.030103 0.406200 -0.004387
v 0.129918 0.344469 -0.001594
v -0.031039 0.403783 -0.001702
v -0.191060 0.465514 -0.004496
v 0.289004 0.280322 0.003884
v 0.128983 0.342052 0.001091
v -0.031974 0.401367 0.000982
v -0.191996 0.463098 -0.001811
v -0.031507 0.402575 -0.000360
v 0.436225 0.187951 0.144505
v 0.436427 0.189990 0.144466
v 0.436656 0.187277 0.005951
v 0.435766 0.193377 0.421535
v 0.435969 0.195415 0.421496
v 0.436198 0.192702 0.282981
v 0.436831 0.194067 0.144386
v 0.437060 0.191354 0.005871
v 0.436629 0.192028 0.144426
v 0.436602 0.196780 0.282901
v 0.437033 0.196106 0.144347
v 0.435739 0.198128 0.560011
v 0.436171 0.197454 0.421456
v 0.436144 0.202206 0.559931
v 0.436575 0.201532 0.421377
v 0.436373 0.199493 0.421416
v 0.436189 0.197972 0.144309
v 0.436418 0.195259 0.005794
v 0.435731 0.203398 0.421339
v 0.435960 0.200685 0.282824
v 0.434501 0.201705 0.144233
v 0.434730 0.198992 0.005718
v 0.435345 0.199839 0.144271
v 0.434272 0.204418 0.282748
v 0.433657 0.203571 0.144195
v 0.435502 0.206111 0.559854
v 0.434887 0.205264 0.421301
v 0.433813 0.209844 0.559778
v 0.433198 0.208997 0.421225
v 0.434043 0.207131 0.421263
v 0.431992 0.204766 0.144169
v 0.432221 0.202053 0.005654
v 0.431534 0.210192 0.421199
v 0.431763 0.207479 0.282684
v 0.428663 0.207155 0.144117
v 0.428892 0.204442 0.005602
v 0.430327 0.205961 0.144143
v 0.428434 0.209868 0.282632
v 0.426998 0.208350 0.144090
v 0.431305 0.212905 0.559714
v 0.429869 0.211387 0.421173
v 0.427975 0.215294 0.559662
v 0.426540 0.213776 0.421120
v 0.428204 0.212581 0.421147
v -0.575133 -0.212514 -0.085551
v -0.505280 -0.027367 -0.089061
v -0.504260 -0.023008 -0.089145
v -0.577173 -0.221232 -0.085383
v -0.507320 -0.036086 -0.088894
v -0.506300 -0.031727 -0.088978
v -0.365575 0.342925 -0.096083
v -0.364555 0.347285 -0.096166
v -0.435427 0.157779 -0.092572
v -0.436304 0.148945 -0.092400
v -0.365432 0.338451 -0.095995
v -0.578050 -0.230066 -0.085212
v -0.507177 -0.040561 -0.088806
v -0.577764 -0.239016 -0.085036
v -0.506891 -0.049510 -0.088630
v -0.507034 -0.045035 -0.088718
v -0.363318 0.342398 -0.096069
v -0.292588 0.536378 -0.099751
v -0.504777 -0.045563 -0.088704
v -0.434048 0.148417 -0.092386
v -0.359090 0.350291 -0.096216
v -0.288360 0.544272 -0.099899
v -0.361204 0.346344 -0.096142
v -0.430637 0.148079 -0.092374
v -0.357794 0.346006 -0.096130
v -0.576324 -0.247775 -0.084862
v -0.503481 -0.049848 -0.088618
v -0.573731 -0.256345 -0.084690
v -0.500888 -0.058418 -0.088446
v -0.502184 -0.054133 -0.088532
v -0.354730 0.349272 -0.096189
v -0.283183 0.551484 -0.100031
v -0.497824 -0.055153 -0.088505
v -0.426277 0.147059 -0.092347
v -0.348604 0.355803 -0.096307
v -0.277057 0.558015 -0.100149
v -0.351667 0.352537 -0.096248
v -0.420852 0.146522 -0.092327
v -0.346242 0.351999 -0.096228
v -0.570073 -0.264434 -0.084525
v -0.495463 -0.058956 -0.088426
v -0.565349 -0.272041 -0.084368
v -0.490739 -0.066563 -0.088270
v -0.493101 -0.062760 -0.088348
v -0.342438 0.354361 -0.096268
v -0.270189 0.563642 -0.100248
v -0.486935 -0.064201 -0.088309
v -0.414686 0.145080 -0.092289
v -0.334829 0.359084 -0.096348
v -0.262581 0.568365 -0.100328
v -0.338634 0.356722 -0.096308
v -0.407616 0.144379 -0.092264
v -0.331563 0.356021 -0.096283
v -0.559721 -0.278907 -0.084225
v -0.483669 -0.067264 -0.088244
v -0.553189 -0.285032 -0.084094
v -0.477137 -0.073389 -0.088113
v -0.480403 -0.070327 -0.088179
v -0.327277 0.357318 -0.096301
v -0.254491 0.572023 -0.100386
v -0.472851 -0.072093 -0.088132
v -0.400064 0.142612 -0.092216
v -0.318706 0.359910 -0.096338
v -0.245919 0.574616 -0.100423
v -0.322992 0.358614 -0.096320
v -0.391831 0.141795 -0.092187
v -0.314758 0.357797 -0.096290
v -0.545976 -0.290208 -0.083981
v -0.468903 -0.074206 -0.088084
v -0.538081 -0.294434 -0.083885
v -0.461008 -0.078433 -0.087988
v -0.464956 -0.076319 -0.088036
v -0.310283 0.357940 -0.096285
v -0.237158 0.576055 -0.100436
v -0.456533 -0.078289 -0.087983
v -0.383408 0.139825 -0.092134
v -0.301332 0.358227 -0.096276
v -0.228207 0.576342 -0.100427
v -0.305807 0.358084 -0.096281
v -0.193753 0.070135 -0.090456
v -0.116152 0.288393 -0.094602
v -0.348954 -0.366381 -0.082163
v -0.271353 -0.148123 -0.086309
v 0.021405 -0.506048 -0.078815
v 0.099005 -0.287790 -0.082961
v -0.086174 -0.217957 -0.084635
v -0.111792 0.287374 -0.094575
v -0.219371 0.575465 -0.100395
v 0.103365 -0.288810 -0.082934
v -0.004213 -0.000718 -0.088754
v -0.103072 0.285334 -0.094521
v -0.210651 0.573426 -0.100341
v -0.107432 0.286354 -0.094548
v 0.004507 -0.002757 -0.088700
v -0.098712 0.284315 -0.094493
v 0.210944 -0.576901 -0.077113
v 0.107726 -0.289829 -0.082907
v 0.219664 -0.578941 -0.077059
v 0.116446 -0.291869 -0.082852
v 0.112086 -0.290849 -0.082880
v 0.086468 0.214481 -0.092819
v 0.301625 -0.361702 -0.081178
v 0.194046 -0.073611 -0.086999
v 0.456826 0.074814 -0.089471
v 0.271647 0.144647 -0.091145
v 0.383701 -0.143301 -0.085320
v 0.461302 0.074957 -0.089467
v 0.228500 -0.579817 -0.077027
v 0.306101 -0.361559 -0.081174
v 0.237451 -0.579531 -0.077018
v 0.315052 -0.361273 -0.081164
v 0.310576 -0.361416 -0.081169
v 0.465249 0.072844 -0.089419
v 0.318999 -0.363386 -0.081117
v 0.392124 -0.145271 -0.085268
v 0.473144 0.068617 -0.089323
v 0.469197 0.070731 -0.089371
v 0.400358 -0.146088 -0.085238
v 0.477430 0.069914 -0.089341
v 0.246213 -0.578091 -0.077032
v 0.323285 -0.362090 -0.081135
v 0.254784 -0.575498 -0.077068
v 0.331857 -0.359497 -0.081171
v 0.327571 -0.360793 -0.081153
v 0.480696 0.066851 -0.089276
v 0.335123 -0.362559 -0.081106
v 0.407910 -0.147854 -0.085191
v 0.487228 0.060726 -0.089145
v 0.483962 0.063788 -0.089210
v 0.414980 -0.148555 -0.085165
v 0.491032 0.063087 -0.089185
v 0.262874 -0.571840 -0.077127
v 0.338927 -0.360198 -0.081146
v 0.270483 -0.567117 -0.077207
v 0.346535 -0.355475 -0.081226
v 0.342731 -0.357836 -0.081186
v 0.493394 0.059284 -0.089106
v 0.348897 -0.359278 -0.081148
v 0.421146 -0.149997 -0.085127
v 0.498118 0.051677 -0.088950
v 0.495756 0.055481 -0.089028
v 0.426571 -0.150535 -0.085108
v 0.501181 0.054943 -0.089009
v 0.277350 -0.561490 -0.077305
v 0.351961 -0.356013 -0.081206
v 0.283477 -0.554959 -0.077423
v 0.358087 -0.349482 -0.081324
v 0.355024 -0.352747 -0.081265
v 0.502478 0.050658 -0.088923
v 0.359384 -0.353767 -0.081238
v 0.430931 -0.151555 -0.085080
v 0.505071 0.042088 -0.088750
v 0.503774 0.046373 -0.088836
v 0.434341 -0.151893 -0.085068
v 0.507185 0.046034 -0.088824
v 0.288654 -0.547747 -0.077556
v 0.361498 -0.349820 -0.081312
v 0.292882 -0.539854 -0.077703
v 0.365725 -0.341926 -0.081460
v 0.363611 -0.345873 -0.081386
v 0.507328 0.041560 -0.088736
v 0.365868 -0.346401 -0.081372
v 0.436598 -0.152421 -0.085054
v 0.507614 0.032610 -0.088561
v 0.507471 0.037085 -0.088648
v 0.506594 0.028251 -0.088477
v 0.364848 -0.350760 -0.081288
v 0.435721 -0.161255 -0.084882
v 0.504554 0.019532 -0.088309
v 0.505574 0.023892 -0.088393
v -0.190569 0.466451 -0.019690
v -0.030080 0.405929 -0.018239
v -0.190524 0.465909 -0.047393
v -0.030034 0.405386 -0.045942
v -0.030057 0.405657 -0.032090
v 0.290898 0.284883 -0.015337
v 0.130409 0.345406 -0.016788
v 0.290921 0.284612 -0.029189
v 0.451387 0.224361 -0.013886
v 0.130455 0.344863 -0.044491
v 0.451433 0.223818 -0.041589
v 0.290944 0.284341 -0.043040
v 0.373244 0.178647 0.483416
v 0.375572 0.184818 0.483299
v 0.375445 0.186323 0.560142
v 0.373498 0.175637 0.329730
v 0.375827 0.181808 0.329613
v 0.375699 0.183313 0.406456
v 0.380229 0.197161 0.483065
v 0.380102 0.198666 0.559908
v 0.377901 0.190990 0.483182
v 0.380356 0.195656 0.406222
v 0.382558 0.203333 0.482948
v 0.375954 0.180303 0.252770
v 0.378155 0.187980 0.329496
v 0.380611 0.192646 0.252536
v 0.382812 0.200323 0.329262
v 0.380483 0.194151 0.329379
v 0.384886 0.209505 0.482831
v 0.384759 0.211010 0.559674
v 0.385140 0.206494 0.329145
v 0.385013 0.208000 0.405988
v 0.389543 0.221848 0.482597
v 0.389416 0.223353 0.559440
v 0.387215 0.215676 0.482714
v 0.389670 0.220343 0.405754
v 0.391871 0.228019 0.482480
v 0.385267 0.204989 0.252302
v 0.387469 0.212666 0.329028
v 0.389924 0.217333 0.252068
v 0.392126 0.225009 0.328794
v 0.389797 0.218838 0.328911
v 0.373752 0.172627 0.176045
v 0.376081 0.178798 0.175928
v 0.374007 0.169616 0.022360
v 0.376335 0.175788 0.022243
v 0.376208 0.177293 0.099085
v 0.380738 0.191141 0.175694
v 0.378409 0.184970 0.175811
v 0.380865 0.189636 0.098851
v 0.383066 0.197313 0.175577
v 0.376462 0.174283 -0.054600
v 0.378663 0.181960 0.022125
v 0.381119 0.186626 -0.054834
v 0.383320 0.194303 0.021891
v 0.380992 0.188131 0.022008
v 0.385394 0.203484 0.175460
v 0.385649 0.200474 0.021774
v 0.385522 0.201979 0.098617
v 0.390051 0.215828 0.175226
v 0.387723 0.209656 0.175343
v 0.390178 0.214323 0.098383
v 0.392380 0.221999 0.175109
v 0.385776 0.198969 -0.055068
v 0.387977 0.206646 0.021657
v 0.390433 0.211312 -0.055302
v 0.392634 0.218989 0.021423
v 0.390306 0.212817 0.021540
v -0.352697 -0.376049 -0.071422
v -0.352570 -0.375744 -0.072747
v -0.537750 -0.305911 -0.074421
v 0.017662 -0.515716 -0.068073
v 0.017789 -0.515412 -0.069399
v -0.167391 -0.445578 -0.071073
v -0.352316 -0.375135 -0.075398
v -0.537496 -0.305301 -0.077072
v -0.352443 -0.375440 -0.074073
v -0.167137 -0.444968 -0.073724
v -0.352189 -0.374830 -0.076724
v 0.202968 -0.585245 -0.067725
v 0.017916 -0.515107 -0.070724
v 0.203222 -0.584635 -0.070376
v 0.018169 -0.514497 -0.073376
v 0.018043 -0.514802 -0.072050
v -0.351847 -0.373945 -0.077706
v -0.537026 -0.304112 -0.079380
v 0.018512 -0.513612 -0.074358
v -0.166667 -0.443779 -0.076032
v -0.351162 -0.372176 -0.079672
v -0.536341 -0.302342 -0.081346
v -0.351504 -0.373060 -0.078689
v -0.165982 -0.442009 -0.077998
v -0.350819 -0.371291 -0.080654
v 0.203691 -0.583446 -0.072684
v 0.018855 -0.512727 -0.075341
v 0.204376 -0.581676 -0.074650
v 0.019540 -0.510958 -0.077306
v 0.019197 -0.511843 -0.076324
v -0.350353 -0.370063 -0.081032
v -0.535532 -0.300230 -0.082706
v 0.020006 -0.509731 -0.077683
v -0.165173 -0.439897 -0.079357
v -0.349420 -0.367608 -0.081786
v -0.534600 -0.297775 -0.083460
v -0.349887 -0.368836 -0.081409
v -0.164241 -0.437442 -0.080112
v 0.205185 -0.579564 -0.076009
v 0.020472 -0.508503 -0.078061
v 0.206118 -0.577109 -0.076764
v 0.020938 -0.507276 -0.078438
v -0.187368 0.439469 0.138548
v -0.187139 0.436756 0.000033
v -0.187826 0.444894 0.415578
v -0.187597 0.442181 0.277063
v -0.191446 0.439873 0.138533
v -0.191217 0.437160 0.000018
v -0.189407 0.439671 0.138540
v -0.191675 0.442586 0.277048
v -0.193485 0.440075 0.138526
v -0.188055 0.447607 0.554093
v -0.189865 0.445097 0.415570
v -0.192133 0.448012 0.554078
v -0.193943 0.445501 0.415556
v -0.191904 0.445299 0.415563
v -0.195352 0.439231 0.138539
v -0.195123 0.436518 0.000024
v -0.195810 0.444657 0.415569
v -0.195581 0.441944 0.277054
v -0.199086 0.437543 0.138566
v -0.198856 0.434830 0.000051
v -0.197219 0.438387 0.138552
v -0.199315 0.440255 0.277081
v -0.200952 0.436698 0.138579
v -0.196039 0.447370 0.554084
v -0.197677 0.443813 0.415582
v -0.199773 0.445681 0.554111
v -0.201411 0.442124 0.415609
v -0.199544 0.442968 0.415596
v -0.202147 0.435034 0.138610
v -0.201918 0.432321 0.000095
v -0.202606 0.440460 0.415640
v -0.202376 0.437747 0.277125
v -0.204537 0.431705 0.138671
v -0.204308 0.428992 0.000156
v -0.203342 0.433370 0.138641
v -0.204766 0.434418 0.277186
v -0.205732 0.430041 0.138702
v -0.202835 0.443173 0.554155
v -0.203800 0.438796 0.415671
v -0.205224 0.439844 0.554216
v -0.206190 0.435467 0.415732
v -0.204995 0.437131 0.415701
v -0.451353 -0.224762 -0.006583
v -0.454128 -0.222771 -0.006627
v -0.454151 -0.222500 0.007225
v -0.451308 -0.225304 -0.034286
v -0.454082 -0.223314 -0.034330
v -0.454105 -0.223043 -0.020478
v -0.459676 -0.218790 -0.006714
v -0.459699 -0.218519 0.007138
v -0.456902 -0.220781 -0.006670
v -0.459653 -0.219061 -0.020565
v -0.462451 -0.216799 -0.006757
v -0.456856 -0.221323 -0.034373
v -0.462405 -0.217342 -0.034460
v -0.459630 -0.219333 -0.034417
v -0.463858 -0.213689 -0.006821
v -0.463881 -0.213417 0.007031
v -0.463812 -0.214231 -0.034524
v -0.463835 -0.213960 -0.020672
v -0.466672 -0.207467 -0.006947
v -0.466695 -0.207195 0.006904
v -0.465265 -0.210578 -0.006884
v -0.466649 -0.207738 -0.020799
v -0.468079 -0.204356 -0.007010
v -0.465219 -0.211120 -0.034587
v -0.468033 -0.204898 -0.034714
v -0.466626 -0.208009 -0.034650
v -0.467742 -0.200958 -0.007076
v -0.467765 -0.200687 0.006775
v -0.467696 -0.201501 -0.034779
v -0.467719 -0.201229 -0.020928
v -0.467067 -0.194163 -0.007208
v -0.467090 -0.193892 0.006643
v -0.467404 -0.197561 -0.007142
v -0.467044 -0.194434 -0.021060
v -0.466730 -0.190766 -0.007274
v -0.467359 -0.198103 -0.034845
v -0.466684 -0.191308 -0.034977
v -0.467021 -0.194706 -0.034911
v 0.440320 0.199994 0.005708
v 0.440118 0.197956 0.005747
v 0.446435 0.213197 0.005459
v 0.446233 0.211159 0.005499
v 0.443176 0.204557 0.005623
v 0.439714 0.193878 0.005826
v 0.439916 0.195917 0.005787
v 0.445193 0.200926 0.005697
v 0.441933 0.192285 0.005861
v 0.451712 0.218206 0.005370
v 0.448453 0.209566 0.005534
v 0.456151 0.215021 0.005439
v 0.452891 0.206381 0.005603
v 0.450672 0.207973 0.005568
v 0.438673 0.183645 0.006025
v 0.433194 0.176598 0.006154
v 0.449631 0.197741 0.005767
v 0.444152 0.190693 0.005896
v 0.432154 0.166365 0.006353
v 0.426674 0.159318 0.006482
v 0.435413 0.175005 0.006189
v 0.442018 0.179564 0.006111
v 0.433279 0.163877 0.006403
v 0.459496 0.210940 0.005525
v 0.450757 0.195252 0.005818
v 0.461747 0.205962 0.005626
v 0.453008 0.190274 0.005919
v 0.451883 0.192763 0.005868
v 0.382054 0.028102 0.008978
v 0.401783 0.054500 0.008493
v 0.391918 0.041301 0.008736
v 0.279603 -0.243446 0.014127
v 0.330828 -0.107672 0.011552
v 0.340423 -0.097191 0.011363
v 0.279333 -0.246164 0.014180
v 0.462603 0.200755 0.005730
v 0.401513 0.051782 0.008546
v 0.462064 0.195319 0.005835
v 0.400974 0.046346 0.008652
v 0.401244 0.049064 0.008599
v 0.276073 -0.254804 0.014344
v 0.215253 -0.401060 0.017108
v 0.397714 0.037706 0.008816
v 0.336894 -0.108549 0.011580
v 0.269554 -0.272084 0.014671
v 0.208733 -0.418340 0.017435
v 0.272814 -0.263444 0.014507
v 0.273095 -0.277650 0.014786
v 0.209014 -0.432545 0.017714
v 0.401255 0.032141 0.008931
v 0.337175 -0.122755 0.011858
v 0.280177 -0.288780 0.015016
v 0.216096 -0.443676 0.017944
v 0.276636 -0.283215 0.014901
v 0.207820 -0.434209 0.017744
v 0.204279 -0.428644 0.017630
v 0.214902 -0.445340 0.017974
v 0.211361 -0.439775 0.017859
v 0.205430 -0.437538 0.017806
v 0.201889 -0.431973 0.017691
v 0.206625 -0.435874 0.017775
v 0.203563 -0.438382 0.017819
v 0.198827 -0.434481 0.017735
v 0.213035 -0.446184 0.017988
v 0.208299 -0.442283 0.017903
v 0.199829 -0.440070 0.017846
v 0.195093 -0.436169 0.017762
v 0.201696 -0.439226 0.017833
v -0.436448 -0.194911 0.011992
v -0.439505 -0.201512 0.012116
v -0.440350 -0.199646 0.012078
v -0.434759 -0.198644 0.012068
v -0.437817 -0.205245 0.012192
v -0.438661 -0.203379 0.012154
v -0.445621 -0.214716 0.012365
v -0.446465 -0.212849 0.012327
v -0.442563 -0.208114 0.012240
v -0.440054 -0.211175 0.012304
v -0.443956 -0.215910 0.012391
v -0.432250 -0.201705 0.012132
v -0.436152 -0.206440 0.012218
v -0.428921 -0.204094 0.012184
v -0.432823 -0.208829 0.012271
v -0.434488 -0.207635 0.012244
v -0.283467 -0.276433 0.013842
v -0.289033 -0.279973 0.013902
v -0.272334 -0.269352 0.013721
v -0.277900 -0.272892 0.013782
v 0.037511 -0.397478 0.016743
v 0.031945 -0.401018 0.016803
v -0.122978 -0.336955 0.015293
v 0.040230 -0.397747 0.016753
v 0.195153 -0.461810 0.018264
v -0.269615 -0.269621 0.013731
v -0.114693 -0.333684 0.015242
v 0.045667 -0.398286 0.016773
v 0.200590 -0.462349 0.018284
v 0.042949 -0.398017 0.016763
v 0.197790 -0.439868 0.017839
v 0.191187 -0.436811 0.017768
v 0.210996 -0.445982 0.017980
v 0.204393 -0.442925 0.017910
v 0.193712 -0.439464 0.017824
v 0.187109 -0.436407 0.017753
v 0.195751 -0.439666 0.017831
v 0.200761 -0.444942 0.017943
v 0.192119 -0.441683 0.017865
v 0.218044 -0.451460 0.018099
v 0.209403 -0.448201 0.018021
v 0.214858 -0.455898 0.018181
v 0.206216 -0.452639 0.018103
v 0.207809 -0.450420 0.018062
v 0.183477 -0.438424 0.017787
v 0.176428 -0.432946 0.017668
v 0.197575 -0.449380 0.018025
v 0.190526 -0.443902 0.017906
v 0.166194 -0.431906 0.017631
v 0.159145 -0.426429 0.017512
v 0.174836 -0.435165 0.017709
v 0.048156 -0.397161 0.016755
v 0.205798 -0.461493 0.018276
v -0.267126 -0.268496 0.013713
v -0.109485 -0.332828 0.015234
v 0.053135 -0.394910 0.016719
v 0.210776 -0.459242 0.018240
v 0.050646 -0.396035 0.016737
v -0.098354 -0.334962 0.015294
v 0.061776 -0.398169 0.016797
v -0.418615 -0.208548 0.012288
v -0.258485 -0.271755 0.013791
v -0.401332 -0.215065 0.012445
v -0.241201 -0.278272 0.013948
v -0.249843 -0.275013 0.013869
v 0.046086 -0.389432 0.016600
v -0.105403 -0.329484 0.015175
v 0.030396 -0.380695 0.016403
v 0.439476 0.201861 0.005670
v 0.437788 0.205594 0.005594
v 0.438632 0.203727 0.005632
v 0.445591 0.215064 0.005421
v 0.442534 0.208462 0.005545
v 0.440025 0.211523 0.005481
v 0.443927 0.216259 0.005395
v 0.436123 0.206788 0.005568
v 0.432794 0.209178 0.005515
v 0.434458 0.207983 0.005541
v 0.283437 0.276781 0.003944
v 0.272305 0.269700 0.004064
v 0.277871 0.273241 0.004004
v -0.037541 0.397826 0.001042
v 0.122948 0.337304 0.002493
v -0.040259 0.398096 0.001033
v -0.195182 0.462159 -0.000478
v 0.269586 0.269970 0.004055
v 0.114663 0.334033 0.002544
v -0.045696 0.398635 0.001013
v -0.200619 0.462698 -0.000498
v -0.042978 0.398365 0.001023
v -0.199859 0.440419 -0.000060
v -0.197820 0.440217 -0.000053
v -0.213064 0.446532 -0.000202
v -0.211025 0.446330 -0.000195
v -0.204422 0.443273 -0.000124
v -0.193741 0.439812 -0.000038
v -0.195780 0.440015 -0.000046
v -0.200790 0.445290 -0.000157
v -0.192148 0.442031 -0.000079
v -0.218074 0.451808 -0.000313
v -0.209432 0.448549 -0.000235
v -0.214888 0.456246 -0.000395
v -0.206246 0.452987 -0.000317
v -0.207839 0.450768 -0.000276
v -0.183507 0.438773 -0.000001
v -0.197604 0.449728 -0.000239
v -0.190555 0.444250 -0.000120
v -0.166223 0.432255 0.000155
v -0.174865 0.435514 0.000077
v -0.048186 0.397509 0.001031
v -0.205827 0.461842 -0.000490
v 0.267097 0.268844 0.004073
v 0.109456 0.333177 0.002552
v -0.053164 0.395258 0.001067
v -0.210805 0.459591 -0.000454
v -0.050675 0.396384 0.001049
v 0.098325 0.335310 0.002492
v -0.061806 0.398517 0.000989
v 0.418586 0.208896 0.005497
v 0.258455 0.272103 0.003994
v 0.401302 0.215414 0.005341
v 0.241172 0.278621 0.003838
v 0.249814 0.275362 0.003916
v -0.046115 0.389780 0.001186
v 0.105373 0.329832 0.002611
v -0.030425 0.381043 0.001383
v -0.201725 0.439575 -0.000047
v -0.205459 0.437886 -0.000020
v -0.203592 0.438731 -0.000033
v -0.214931 0.445688 -0.000188
v -0.208328 0.442631 -0.000118
v -0.211390 0.440123 -0.000074
v -0.216126 0.444024 -0.000158
v -0.206654 0.436222 0.000011
v -0.209044 0.432893 0.000072
v -0.207849 0.434558 0.000041
v -0.276665 0.283563 0.002885
v -0.280206 0.289129 0.002770
v -0.269583 0.272433 0.003115
v -0.273124 0.277998 0.003000
v -0.397744 -0.037358 0.008970
v -0.401285 -0.031792 0.008855
v -0.337204 0.123103 0.005927
v -0.398013 -0.040076 0.009023
v -0.462094 -0.194971 0.011951
v -0.269853 0.269715 0.003167
v -0.333933 0.114820 0.006095
v -0.398552 -0.045512 0.009128
v -0.462633 -0.200407 0.012056
v -0.398283 -0.042794 0.009076
v -0.440147 -0.197607 0.012039
v -0.437090 -0.191006 0.011914
v -0.446263 -0.210810 0.012287
v -0.443205 -0.204209 0.012163
v -0.439743 -0.193530 0.011959
v -0.436685 -0.186928 0.011835
v -0.439945 -0.195568 0.011999
v -0.445222 -0.200577 0.012088
v -0.441962 -0.191937 0.011925
v -0.451742 -0.217858 0.012416
v -0.448482 -0.209218 0.012252
v -0.456180 -0.214673 0.012346
v -0.452921 -0.206032 0.012182
v -0.450701 -0.207625 0.012217
v -0.438703 -0.183297 0.011761
v -0.433223 -0.176249 0.011632
v -0.449661 -0.197392 0.012019
v -0.444182 -0.190345 0.011890
v -0.432183 -0.166017 0.011433
v -0.426704 -0.158969 0.011304
v -0.435443 -0.174657 0.011597
v -0.397427 -0.048001 0.009179
v -0.461777 -0.205614 0.012160
v -0.268727 0.267226 0.003218
v -0.333077 0.109613 0.006199
v -0.395176 -0.052978 0.009280
v -0.459525 -0.210591 0.012261
v -0.396301 -0.050489 0.009230
v -0.335211 0.098484 0.006413
v -0.398435 -0.061618 0.009444
v -0.208763 0.418688 0.000351
v -0.271987 0.258586 0.003382
v -0.215282 0.401408 0.000678
v -0.278506 0.241306 0.003709
v -0.275247 0.249946 0.003546
v -0.389696 -0.045930 0.009151
v -0.269768 0.256994 0.003417
v -0.329732 0.105532 0.006284
v -0.372219 -0.014555 0.008566
v -0.380957 -0.030243 0.008859
v -0.411023 -0.155876 -0.034260
v -0.423369 -0.151221 -0.034371
v -0.386333 -0.165187 -0.034037
v -0.398678 -0.160532 -0.034148
v -0.411074 -0.155282 -0.003919
v -0.423419 -0.150626 -0.004030
v -0.411049 -0.155579 -0.019089
v -0.398957 -0.157225 0.134708
v -0.411328 -0.152272 0.149767
v -0.374216 -0.167130 0.104590
v -0.386587 -0.162177 0.119649
v -0.374725 -0.161110 0.411961
v -0.387095 -0.156157 0.427020
v -0.386841 -0.159167 0.273334
v -0.411557 -0.149559 0.288282
v -0.423673 -0.147616 0.149655
v -0.387324 -0.153444 0.565535
v -0.399441 -0.151502 0.426908
v -0.412015 -0.144133 0.565312
v -0.424131 -0.142190 0.426685
v -0.411786 -0.146846 0.426797
v -0.374449 0.351216 -0.085702
v -0.374116 0.351065 -0.087018
v -0.304263 0.536212 -0.090529
v -0.514155 -0.019077 -0.078680
v -0.513822 -0.019227 -0.079997
v -0.443969 0.165919 -0.083507
v -0.373450 0.350764 -0.089651
v -0.303597 0.535911 -0.093161
v -0.373783 0.350915 -0.088334
v -0.443303 0.165618 -0.086140
v -0.373117 0.350614 -0.090967
v -0.583674 -0.204374 -0.076486
v -0.513489 -0.019378 -0.081313
v -0.583009 -0.204675 -0.079118
v -0.512823 -0.019679 -0.083945
v -0.513156 -0.019528 -0.082629
v -0.372212 0.350254 -0.091924
v -0.302359 0.535400 -0.095435
v -0.511917 -0.020039 -0.084903
v -0.442064 0.165108 -0.088413
v -0.370401 0.349534 -0.093839
v -0.300548 0.534681 -0.097350
v -0.371306 0.349894 -0.092882
v -0.440254 0.164388 -0.090328
v -0.369495 0.349175 -0.094796
v -0.581770 -0.205185 -0.081392
v -0.511012 -0.020399 -0.085860
v -0.579959 -0.205905 -0.083307
v -0.509201 -0.021118 -0.087775
v -0.510106 -0.020758 -0.086818
v -0.368260 0.348702 -0.095139
v -0.298407 0.533849 -0.098650
v -0.507966 -0.021591 -0.088117
v -0.438113 0.163556 -0.091628
v -0.365790 0.347757 -0.095824
v -0.295937 0.532904 -0.099335
v -0.367025 0.348230 -0.095481
v -0.435643 0.162611 -0.092313
v -0.577819 -0.206737 -0.084607
v -0.506731 -0.022063 -0.088460
v -0.575348 -0.207682 -0.085292
v -0.505496 -0.022536 -0.088802
v -0.537863 -0.305766 -0.055893
v -0.542431 -0.303375 -0.056406
v -0.542417 -0.303328 -0.055949
v -0.537889 -0.305859 -0.056808
v -0.542444 -0.303421 -0.056864
v -0.551554 -0.298545 -0.056974
v -0.546999 -0.300983 -0.056919
v -0.586351 -0.213978 -0.058688
v -0.587528 -0.219008 -0.058591
v -0.583997 -0.203918 -0.058881
v -0.585174 -0.208948 -0.058785
v -0.583924 -0.203929 -0.057964
v -0.585101 -0.208958 -0.057868
v -0.585137 -0.208953 -0.058326
v -0.536901 -0.303095 -0.050795
v -0.541239 -0.300773 -0.050848
v -0.540923 -0.299898 -0.049301
v -0.537533 -0.304845 -0.053889
v -0.541871 -0.302523 -0.053942
v -0.541555 -0.301648 -0.052395
v -0.549915 -0.296128 -0.050953
v -0.549599 -0.295253 -0.049406
v -0.545577 -0.298451 -0.050900
v -0.550439 -0.296892 -0.052503
v -0.554460 -0.293695 -0.051008
v -0.542395 -0.303286 -0.055491
v -0.546417 -0.300089 -0.053997
v -0.551486 -0.298419 -0.055601
v -0.555508 -0.295222 -0.054107
v -0.550962 -0.297656 -0.054052
v -0.558049 -0.290329 -0.051080
v -0.557525 -0.289565 -0.049531
v -0.559097 -0.291856 -0.054179
v -0.558573 -0.291093 -0.052630
v -0.565227 -0.283598 -0.051224
v -0.564703 -0.282834 -0.049674
v -0.561638 -0.286964 -0.051152
v -0.565922 -0.284201 -0.052777
v -0.568988 -0.280072 -0.051299
v -0.559792 -0.292459 -0.055732
v -0.562857 -0.288330 -0.054254
v -0.567314 -0.285406 -0.055883
v -0.570379 -0.281277 -0.054405
v -0.566618 -0.284803 -0.054330
v -0.571583 -0.275892 -0.051385
v -0.570887 -0.275289 -0.049832
v -0.572974 -0.277097 -0.054491
v -0.572278 -0.276495 -0.052938
v -0.576773 -0.267533 -0.051558
v -0.576078 -0.266930 -0.050005
v -0.574178 -0.271712 -0.051471
v -0.587689 -0.224072 -0.055554
v -0.587524 -0.229224 -0.055453
v -0.588420 -0.229166 -0.057019
v -0.585898 -0.224188 -0.052422
v -0.585733 -0.229341 -0.052320
v -0.586629 -0.229282 -0.053887
v -0.587195 -0.239529 -0.055250
v -0.588090 -0.239470 -0.056817
v -0.587359 -0.234376 -0.055352
v -0.586306 -0.239352 -0.053689
v -0.587037 -0.244446 -0.055154
v -0.584845 -0.229164 -0.050759
v -0.585576 -0.234258 -0.052224
v -0.584530 -0.238998 -0.050566
v -0.585261 -0.244092 -0.052031
v -0.585418 -0.239175 -0.052127
v -0.585544 -0.249380 -0.055055
v -0.586432 -0.249557 -0.056616
v -0.583768 -0.249026 -0.051932
v -0.584656 -0.249203 -0.053493
v -0.582558 -0.259249 -0.054857
v -0.583446 -0.259426 -0.056418
v -0.584051 -0.254315 -0.054956
v -0.576633 -0.252048 -0.048444
v -0.577930 -0.247763 -0.048530
v -0.574040 -0.260618 -0.048272
v -0.575337 -0.256333 -0.048358
v -0.577129 -0.262039 -0.049485
v -0.578425 -0.257754 -0.049571
v -0.576881 -0.257044 -0.048964
v -0.573223 -0.265132 -0.048800
v -0.574767 -0.265843 -0.049406
v -0.571678 -0.264421 -0.048194
v -0.566955 -0.272028 -0.048037
v -0.569316 -0.268225 -0.048115
v -0.572172 -0.270022 -0.049320
v -0.564359 -0.276208 -0.047951
v -0.568266 -0.273115 -0.048635
v -0.566981 -0.278382 -0.049148
v -0.569576 -0.274202 -0.049234
v -0.562404 -0.280357 -0.048484
v -0.563715 -0.281444 -0.049082
v -0.561093 -0.279270 -0.047885
v -0.554561 -0.285396 -0.047755
v -0.557827 -0.282333 -0.047820
v -0.560126 -0.284810 -0.049010
v -0.550973 -0.288761 -0.047683
v -0.555549 -0.286786 -0.048347
v -0.552949 -0.291541 -0.048867
v -0.556537 -0.288175 -0.048939
v -0.548013 -0.292264 -0.048227
v -0.549001 -0.293654 -0.048819
v -0.547025 -0.290874 -0.047635
v -0.539130 -0.295101 -0.047539
v -0.543078 -0.292988 -0.047587
v -0.544663 -0.295977 -0.048766
v -0.534792 -0.297423 -0.047486
v -0.539728 -0.296700 -0.048126
v -0.535988 -0.300621 -0.048661
v -0.540326 -0.298299 -0.048714
v -0.577901 -0.215994 -0.049152
v -0.576881 -0.211635 -0.049236
v -0.579941 -0.224713 -0.048985
v -0.578921 -0.220354 -0.049069
v -0.583315 -0.224402 -0.050232
v -0.582295 -0.220043 -0.050316
v -0.580608 -0.220198 -0.049692
v -0.581485 -0.229032 -0.049521
v -0.583172 -0.228877 -0.050144
v -0.579798 -0.229188 -0.048897
v -0.579512 -0.238137 -0.048721
v -0.579655 -0.233662 -0.048809
v -0.583015 -0.233794 -0.050048
v -0.579355 -0.243054 -0.048625
v -0.581185 -0.238424 -0.049336
v -0.582700 -0.243628 -0.049854
v -0.582857 -0.238711 -0.049951
v -0.581275 -0.248337 -0.049760
v -0.582948 -0.248624 -0.050375
v -0.579602 -0.248050 -0.049145
v -0.580098 -0.258041 -0.050185
v -0.579850 -0.253046 -0.049665
v -0.582343 -0.253735 -0.051837
v -0.579493 -0.263153 -0.051648
v -0.580918 -0.258444 -0.051742
v -0.581133 -0.263958 -0.054762
v -0.581738 -0.258846 -0.053299
v -0.578413 -0.268338 -0.054672
v -0.579233 -0.268740 -0.056229
v -0.577593 -0.267935 -0.053115
v -0.573794 -0.277500 -0.056048
v -0.575693 -0.272717 -0.054581
v -0.546963 -0.300895 -0.056004
v -0.556100 -0.296111 -0.057029
v -0.551531 -0.298503 -0.056517
v -0.556054 -0.296027 -0.056114
v -0.551509 -0.298461 -0.056059
v -0.559845 -0.292535 -0.056647
v -0.559823 -0.292493 -0.056190
v -0.559868 -0.292577 -0.057105
v -0.567405 -0.285509 -0.057256
v -0.563636 -0.289043 -0.057180
v -0.563583 -0.288967 -0.056265
v -0.571165 -0.281983 -0.057331
v -0.567374 -0.285475 -0.056798
v -0.571105 -0.281914 -0.056416
v -0.567344 -0.285440 -0.056340
v -0.573860 -0.277560 -0.056964
v -0.573830 -0.277525 -0.056506
v -0.573891 -0.277594 -0.057421
v -0.579341 -0.268817 -0.057602
v -0.576616 -0.273205 -0.057512
v -0.576549 -0.273146 -0.056596
v -0.582060 -0.264437 -0.057693
v -0.579305 -0.268791 -0.057144
v -0.581989 -0.264386 -0.056777
v -0.579269 -0.268766 -0.056687
v -0.583521 -0.259467 -0.057334
v -0.583485 -0.259442 -0.056876
v -0.583557 -0.259493 -0.057792
v -0.586549 -0.249604 -0.057991
v -0.585053 -0.254548 -0.057891
v -0.584978 -0.254507 -0.056975
v -0.588042 -0.244670 -0.058090
v -0.586510 -0.249588 -0.057532
v -0.587964 -0.244638 -0.057173
v -0.586471 -0.249573 -0.057074
v -0.588168 -0.239491 -0.057733
v -0.588129 -0.239475 -0.057275
v -0.588207 -0.239507 -0.058191
v -0.588538 -0.229180 -0.058394
v -0.588372 -0.234343 -0.058292
v -0.588294 -0.234323 -0.057376
v -0.588703 -0.224028 -0.058495
v -0.588498 -0.229175 -0.057936
v -0.588624 -0.224018 -0.057578
v -0.588459 -0.229171 -0.057477
v -0.587449 -0.218998 -0.057675
v -0.587410 -0.218994 -0.057217
v -0.587489 -0.219003 -0.058133
v -0.585061 -0.208954 -0.057409
v -0.586275 -0.213978 -0.057771
v -0.586515 -0.219052 -0.055650
v -0.584166 -0.209012 -0.055843
v -0.585340 -0.214032 -0.055747
v -0.584723 -0.219168 -0.052518
v -0.585619 -0.219110 -0.054084
v -0.583603 -0.214378 -0.052610
v -0.583882 -0.219456 -0.050947
v -0.583045 -0.204222 -0.055935
v -0.583324 -0.209300 -0.054273
v -0.581361 -0.204797 -0.052794
v -0.581640 -0.209875 -0.051131
v -0.582482 -0.209588 -0.052702
v -0.581175 -0.215252 -0.050408
v -0.578933 -0.205672 -0.050592
v -0.580054 -0.210462 -0.050500
v -0.575761 -0.206845 -0.049328
v -0.578468 -0.211048 -0.049868
v -0.465520 -0.190934 0.007907
v -0.465858 -0.194331 0.007973
v -0.463056 -0.191813 0.010568
v -0.463393 -0.195211 0.010634
v -0.464626 -0.194771 0.009304
v -0.466532 -0.201126 0.008105
v -0.466195 -0.197729 0.008039
v -0.465232 -0.200887 0.009422
v -0.466802 -0.203845 0.008158
v -0.463663 -0.197929 0.010687
v -0.464202 -0.203365 0.010792
v -0.463933 -0.200647 0.010739
v -0.465395 -0.206955 0.008221
v -0.462795 -0.206476 0.010855
v -0.464095 -0.206716 0.009538
v -0.462581 -0.213177 0.008348
v -0.463988 -0.210066 0.008285
v -0.461562 -0.212315 0.009652
v -0.461455 -0.215666 0.008399
v -0.461669 -0.208965 0.010906
v -0.459418 -0.213942 0.011007
v -0.460544 -0.211453 0.010957
v -0.458681 -0.217657 0.008442
v -0.456644 -0.215933 0.011051
v -0.457662 -0.216795 0.009746
v -0.453132 -0.221638 0.008529
v -0.455906 -0.219647 0.008486
v -0.452669 -0.220378 0.009825
v -0.450913 -0.223231 0.008564
v -0.454425 -0.217525 0.011086
v -0.449986 -0.220711 0.011155
v -0.452205 -0.219118 0.011120
v 0.191971 -0.462801 0.016959
v 0.031482 -0.402278 0.015508
v 0.191044 -0.465321 0.014368
v 0.030555 -0.404798 0.012917
v 0.031018 -0.403538 0.014212
v -0.289497 -0.281233 0.012606
v -0.129008 -0.341756 0.014057
v -0.289960 -0.282493 0.011311
v 0.030091 -0.406058 0.011621
v -0.129935 -0.344276 0.011466
v -0.290887 -0.285013 0.008719
v -0.290424 -0.283753 0.010015
v -0.436712 -0.182177 0.150311
v -0.436914 -0.184215 0.150350
v -0.437170 -0.176751 0.427341
v -0.437373 -0.178789 0.427380
v -0.437144 -0.181502 0.288865
v -0.437319 -0.188293 0.150429
v -0.437117 -0.186254 0.150390
v -0.437548 -0.185580 0.288944
v -0.437521 -0.190331 0.150469
v -0.437602 -0.176076 0.565895
v -0.437575 -0.180828 0.427420
v -0.438006 -0.180154 0.565974
v -0.437979 -0.184906 0.427499
v -0.437777 -0.182867 0.427459
v -0.436677 -0.192198 0.150507
v -0.437135 -0.186772 0.427537
v -0.436906 -0.189485 0.289022
v -0.434988 -0.195931 0.150583
v -0.435833 -0.194064 0.150545
v -0.435218 -0.193218 0.289098
v -0.434144 -0.197797 0.150621
v -0.437364 -0.184059 0.566052
v -0.436291 -0.188638 0.427575
v -0.435676 -0.187792 0.566128
v -0.434602 -0.192371 0.427651
v -0.435447 -0.190505 0.427613
v -0.432480 -0.198992 0.150647
v -0.432938 -0.193566 0.427677
v -0.432709 -0.196279 0.289162
v -0.429150 -0.201381 0.150699
v -0.430815 -0.200187 0.150673
v -0.429379 -0.198668 0.289214
v -0.427486 -0.202576 0.150725
v -0.433167 -0.190853 0.566192
v -0.431273 -0.194761 0.427703
v -0.429838 -0.193242 0.566244
v -0.427944 -0.197150 0.427755
v -0.429609 -0.195955 0.427729
v -0.224573 0.451077 -0.019445
v -0.222582 0.453850 -0.019496
v -0.222604 0.454122 -0.005644
v -0.224527 0.450534 -0.047148
v -0.222536 0.453308 -0.047199
v -0.222559 0.453579 -0.033347
v -0.218599 0.459398 -0.019598
v -0.218622 0.459669 -0.005746
v -0.220590 0.456624 -0.019547
v -0.218577 0.459127 -0.033450
v -0.216608 0.462172 -0.019649
v -0.220545 0.456082 -0.047250
v -0.216563 0.461629 -0.047352
v -0.218554 0.458856 -0.047301
v -0.213497 0.463579 -0.019671
v -0.213520 0.463850 -0.005820
v -0.213451 0.463036 -0.047375
v -0.213474 0.463308 -0.033523
v -0.207274 0.466393 -0.019716
v -0.207296 0.466664 -0.005865
v -0.210385 0.464986 -0.019694
v -0.207251 0.466121 -0.033568
v -0.204162 0.467800 -0.019739
v -0.210339 0.464443 -0.047397
v -0.204116 0.467257 -0.047442
v -0.207228 0.465850 -0.047419
v -0.200764 0.467463 -0.019726
v -0.200787 0.467734 -0.005875
v -0.200718 0.466920 -0.047430
v -0.200741 0.467191 -0.033578
v -0.193968 0.466788 -0.019702
v -0.193990 0.467060 -0.005850
v -0.197366 0.467125 -0.019714
v -0.193945 0.466517 -0.033553
v -0.197320 0.466583 -0.047417
v -0.193922 0.466246 -0.047405
v -0.451296 -0.225440 -0.041212
v -0.371052 -0.255701 -0.040487
v -0.371040 -0.255837 -0.047412
v -0.451319 -0.225169 -0.027361
v -0.371074 -0.255430 -0.026635
v -0.371063 -0.255566 -0.033561
v -0.210562 -0.316224 -0.039036
v -0.210551 -0.316360 -0.045961
v -0.290807 -0.285963 -0.039761
v -0.210574 -0.316088 -0.032110
v -0.130318 -0.346485 -0.038310
v -0.371086 -0.255294 -0.019710
v -0.290830 -0.285691 -0.025910
v -0.210597 -0.315817 -0.018259
v -0.130341 -0.346214 -0.024459
v -0.210585 -0.315953 -0.025184
v -0.050073 -0.376746 -0.037585
v -0.050062 -0.376882 -0.044511
v -0.050096 -0.376475 -0.023734
v -0.050085 -0.376611 -0.030659
v 0.110416 -0.437269 -0.036134
v 0.110427 -0.437405 -0.043060
v 0.030171 -0.407008 -0.036859
v 0.110405 -0.437133 -0.029208
v 0.190661 -0.467530 -0.035409
v -0.050108 -0.376340 -0.016808
v 0.030148 -0.406736 -0.023008
v 0.110382 -0.436862 -0.015357
v 0.190638 -0.467259 -0.021557
v 0.110393 -0.436998 -0.022283
v -0.451342 -0.224897 -0.013509
v -0.371097 -0.255159 -0.012784
v -0.451365 -0.224626 0.000343
v -0.371120 -0.254887 0.001068
v -0.371109 -0.255023 -0.005858
v -0.210608 -0.315681 -0.011333
v -0.290853 -0.285420 -0.012058
v -0.210620 -0.315546 -0.004407
v -0.130364 -0.345943 -0.010607
v -0.371132 -0.254752 0.007994
v -0.290876 -0.285149 0.001794
v -0.210643 -0.315274 0.009445
v -0.130387 -0.345671 0.003244
v -0.210631 -0.315410 0.002519
v -0.050119 -0.376204 -0.009882
v -0.050142 -0.375933 0.003970
v -0.050130 -0.376068 -0.002956
v 0.110370 -0.436726 -0.008431
v 0.030126 -0.406465 -0.009157
v 0.110359 -0.436591 -0.001505
v 0.190615 -0.466988 -0.007706
v -0.050153 -0.375797 0.010896
v 0.030103 -0.406194 0.004695
v 0.110336 -0.436320 0.012347
v 0.190592 -0.466716 0.006146
v 0.110347 -0.436455 0.005421
v 0.224606 -0.451478 -0.001024
v 0.222615 -0.454251 -0.000973
v 0.222592 -0.453980 0.012878
v 0.224652 -0.452020 -0.028728
v 0.222661 -0.454794 -0.028677
v 0.222638 -0.454523 -0.014825
v 0.218633 -0.459799 -0.000871
v 0.218610 -0.459528 0.012980
v 0.220624 -0.457025 -0.000922
v 0.218656 -0.460070 -0.014723
v 0.216642 -0.462573 -0.000820
v 0.220670 -0.457568 -0.028626
v 0.216688 -0.463116 -0.028523
v 0.218679 -0.460342 -0.028574
v 0.213531 -0.463980 -0.000798
v 0.213508 -0.463709 0.013054
v 0.213576 -0.464522 -0.028501
v 0.213554 -0.464251 -0.014649
v 0.207307 -0.466794 -0.000753
v 0.207285 -0.466522 0.013098
v 0.210419 -0.465387 -0.000775
v 0.207330 -0.467065 -0.014605
v 0.204196 -0.468201 -0.000731
v 0.210465 -0.465929 -0.028479
v 0.204242 -0.468743 -0.028434
v 0.207353 -0.467336 -0.028456
v 0.200798 -0.467863 -0.000743
v 0.200775 -0.467592 0.013109
v 0.200843 -0.468406 -0.028446
v 0.200821 -0.468135 -0.014594
v 0.194001 -0.467189 -0.000767
v 0.193978 -0.466918 0.013084
v 0.197400 -0.467526 -0.000755
v 0.194024 -0.467461 -0.014619
v 0.190603 -0.466852 -0.000780
v 0.197445 -0.468069 -0.028458
v 0.190649 -0.467395 -0.028483
v 0.194047 -0.467732 -0.028470
v 0.432149 0.211039 0.559752
v 0.433837 0.207306 0.559828
v 0.432993 0.209172 0.559790
v 0.428820 0.213428 0.559700
v 0.430484 0.212233 0.559726
v 0.431126 0.208328 0.559803
v 0.428617 0.211389 0.559739
v 0.433635 0.205267 0.559867
v 0.433231 0.201189 0.559947
v 0.433433 0.203228 0.559907
v 0.419976 0.214648 0.559661
v 0.417669 0.219748 0.559557
v 0.424589 0.204448 0.559868
v 0.422282 0.209548 0.559765
v 0.402693 0.221166 0.559505
v 0.400386 0.226265 0.559401
v 0.411334 0.217907 0.559583
v 0.410381 0.204167 0.559850
v 0.399433 0.212526 0.559669
v 0.432277 0.187450 0.560214
v 0.421329 0.195808 0.560032
v 0.425758 0.170169 0.560542
v 0.414810 0.178528 0.560360
v 0.418069 0.187168 0.560196
v 0.394776 0.200182 0.559903
v 0.387087 0.217181 0.559557
v 0.410153 0.166185 0.560594
v 0.402464 0.183184 0.560248
v 0.385462 0.175496 0.560371
v 0.377774 0.192495 0.560025
v 0.390119 0.187839 0.560137
v 0.207817 -0.407488 0.571495
v 0.208046 -0.410201 0.432980
v 0.204786 -0.418841 0.433144
v 0.214336 -0.390208 0.571168
v 0.214565 -0.392921 0.432653
v 0.211306 -0.401561 0.432816
v 0.208504 -0.415627 0.155950
v 0.205244 -0.424267 0.156114
v 0.208275 -0.412914 0.294465
v 0.211764 -0.406987 0.155786
v 0.214795 -0.395634 0.294138
v 0.215024 -0.398347 0.155623
v -0.206129 0.572836 -0.100282
v -0.210489 0.573855 -0.100309
v -0.205806 0.573695 -0.100218
v -0.210166 0.574714 -0.100245
v -0.210327 0.574285 -0.100277
v -0.219209 0.575895 -0.100363
v -0.214849 0.574875 -0.100336
v -0.219164 0.576351 -0.100332
v -0.223686 0.576942 -0.100391
v -0.210120 0.575171 -0.100213
v -0.214642 0.575761 -0.100273
v -0.219073 0.577265 -0.100269
v -0.223595 0.577855 -0.100328
v -0.219119 0.576808 -0.100301
v -0.228161 0.576798 -0.100396
v -0.228071 0.577712 -0.100333
v -0.228116 0.577255 -0.100364
v -0.237112 0.576512 -0.100405
v -0.232637 0.576655 -0.100400
v -0.237186 0.576965 -0.100374
v -0.241707 0.576365 -0.100410
v -0.228145 0.578165 -0.100302
v -0.232666 0.577565 -0.100338
v -0.237335 0.577871 -0.100311
v -0.241856 0.577271 -0.100347
v -0.237261 0.577418 -0.100342
v -0.245993 0.575069 -0.100391
v -0.246142 0.575974 -0.100329
v -0.246067 0.575521 -0.100360
v -0.254565 0.572476 -0.100355
v -0.250279 0.573772 -0.100373
v -0.254754 0.572894 -0.100323
v -0.258966 0.571145 -0.100336
v -0.246330 0.576393 -0.100297
v -0.250542 0.574643 -0.100310
v -0.255132 0.573730 -0.100260
v -0.259343 0.571981 -0.100272
v -0.254943 0.573312 -0.100291
v -0.262770 0.568783 -0.100296
v -0.263147 0.569619 -0.100233
v -0.262959 0.569201 -0.100264
v -0.270378 0.564060 -0.100216
v -0.266574 0.566422 -0.100256
v -0.270669 0.564415 -0.100183
v -0.274284 0.561635 -0.100175
v -0.263438 0.569975 -0.100200
v -0.267053 0.567195 -0.100192
v -0.271250 0.565125 -0.100118
v -0.274865 0.562346 -0.100109
v -0.270959 0.564770 -0.100150
v -0.277347 0.558370 -0.100116
v -0.277929 0.559080 -0.100051
v -0.277638 0.558725 -0.100083
v -0.283474 0.551839 -0.099998
v -0.280411 0.555104 -0.100057
v -0.283847 0.552107 -0.099964
v -0.286619 0.548486 -0.099938
v -0.278301 0.559348 -0.100016
v -0.281074 0.555727 -0.099990
v -0.284592 0.552643 -0.099895
v -0.287364 0.549022 -0.099869
v -0.284219 0.552375 -0.099930
v -0.288733 0.544539 -0.099864
v -0.289478 0.545075 -0.099795
v -0.289105 0.544807 -0.099830
v -0.292960 0.536646 -0.099717
v -0.290847 0.540593 -0.099790
v -0.293389 0.536808 -0.099680
v -0.295131 0.532594 -0.099641
v -0.289907 0.545238 -0.099759
v -0.291648 0.541023 -0.099720
v -0.294247 0.537133 -0.099607
v -0.295988 0.532919 -0.099568
v -0.293818 0.536971 -0.099644
v -0.205094 0.575604 -0.099311
v -0.209570 0.576651 -0.099339
v -0.203993 0.578564 -0.097562
v -0.208470 0.579611 -0.097590
v -0.209020 0.578131 -0.098464
v -0.218523 0.578745 -0.099395
v -0.214047 0.577698 -0.099367
v -0.218370 0.580318 -0.098522
v -0.223397 0.579885 -0.099425
v -0.208317 0.581184 -0.096717
v -0.213344 0.580751 -0.097620
v -0.218065 0.583464 -0.096778
v -0.223091 0.583031 -0.097681
v -0.218218 0.581891 -0.097650
v -0.227992 0.579738 -0.099430
v -0.227686 0.582884 -0.097685
v -0.227839 0.581311 -0.098558
v -0.237182 0.579444 -0.099439
v -0.232587 0.579591 -0.099434
v -0.237437 0.581004 -0.098567
v -0.242185 0.579284 -0.099444
v -0.227942 0.584444 -0.096814
v -0.232689 0.582724 -0.097691
v -0.237948 0.584124 -0.096824
v -0.242695 0.582404 -0.097701
v -0.237692 0.582564 -0.097696
v -0.246586 0.577953 -0.099425
v -0.247096 0.581072 -0.097682
v -0.246841 0.579512 -0.098554
v -0.255387 0.575290 -0.099388
v -0.250986 0.576621 -0.099407
v -0.256032 0.576732 -0.098514
v -0.260178 0.573841 -0.099367
v -0.247741 0.582514 -0.096809
v -0.251887 0.579623 -0.097662
v -0.257323 0.579615 -0.096768
v -0.261469 0.576724 -0.097621
v -0.256678 0.578173 -0.097641
v -0.264084 0.571416 -0.099326
v -0.265375 0.574299 -0.097580
v -0.264729 0.572858 -0.098453
v -0.271896 0.566567 -0.099244
v -0.267990 0.568991 -0.099285
v -0.272888 0.567793 -0.098367
v -0.276148 0.563927 -0.099200
v -0.266367 0.575526 -0.096703
v -0.269627 0.571660 -0.097535
v -0.274872 0.570247 -0.096613
v -0.278133 0.566381 -0.097446
v -0.273880 0.569020 -0.097490
v -0.279293 0.560575 -0.099139
v -0.281278 0.563028 -0.097385
v -0.280286 0.561801 -0.098262
v -0.285584 0.553869 -0.099018
v -0.282439 0.557222 -0.099079
v -0.286855 0.554798 -0.098136
v -0.289008 0.550219 -0.098952
v -0.282549 0.563957 -0.096503
v -0.284702 0.559378 -0.097319
v -0.289398 0.556656 -0.096371
v -0.291551 0.552077 -0.097188
v -0.288127 0.555727 -0.097254
v -0.291178 0.546167 -0.098877
v -0.293721 0.548025 -0.097112
v -0.292450 0.547096 -0.097994
v -0.295518 0.538062 -0.098725
v -0.293348 0.542115 -0.098801
v -0.296983 0.538632 -0.097836
v -0.297881 0.533650 -0.098643
v -0.295186 0.548594 -0.096223
v -0.296084 0.543613 -0.097029
v -0.299912 0.539770 -0.096058
v -0.300810 0.534789 -0.096864
v -0.298447 0.539201 -0.096947
v -0.203228 0.580655 -0.095002
v -0.208102 0.581795 -0.095032
v -0.202798 0.581877 -0.091632
v -0.207672 0.583017 -0.091663
v -0.207887 0.582406 -0.093347
v -0.217850 0.584075 -0.095093
v -0.212976 0.582935 -0.095063
v -0.217791 0.584723 -0.093409
v -0.222880 0.585252 -0.095125
v -0.212702 0.584194 -0.091694
v -0.222764 0.586547 -0.091757
v -0.217733 0.585370 -0.091725
v -0.227883 0.585092 -0.095130
v -0.227767 0.586387 -0.091762
v -0.227825 0.585739 -0.093446
v -0.237889 0.584771 -0.095140
v -0.232886 0.584931 -0.095135
v -0.237992 0.585414 -0.093456
v -0.243053 0.584606 -0.095145
v -0.232931 0.586221 -0.091767
v -0.243259 0.585891 -0.091778
v -0.238095 0.586056 -0.091772
v -0.247844 0.583156 -0.095125
v -0.248050 0.584441 -0.091757
v -0.247947 0.583799 -0.093441
v -0.257426 0.580257 -0.095084
v -0.252635 0.581707 -0.095104
v -0.257684 0.580853 -0.093399
v -0.262372 0.578761 -0.095063
v -0.252996 0.582945 -0.091736
v -0.262886 0.579953 -0.091694
v -0.257941 0.581449 -0.091715
v -0.266624 0.576122 -0.095018
v -0.267139 0.577314 -0.091649
v -0.266882 0.576718 -0.093334
v -0.275130 0.570843 -0.094929
v -0.270877 0.573482 -0.094973
v -0.275524 0.571353 -0.093243
v -0.279519 0.568118 -0.094883
v -0.271528 0.574589 -0.091603
v -0.280307 0.569139 -0.091511
v -0.275918 0.571864 -0.091557
v -0.282943 0.564468 -0.094817
v -0.283732 0.565489 -0.091445
v -0.283338 0.564978 -0.093131
v -0.289792 0.557167 -0.094685
v -0.286368 0.560817 -0.094751
v -0.290297 0.557560 -0.092997
v -0.293327 0.553399 -0.094617
v -0.287267 0.561721 -0.091377
v -0.294336 0.554186 -0.091241
v -0.290801 0.557953 -0.091309
v -0.295690 0.548987 -0.094535
v -0.296699 0.549774 -0.091159
v -0.296195 0.549381 -0.092847
v -0.300416 0.540163 -0.094370
v -0.298053 0.544575 -0.094452
v -0.300996 0.540415 -0.092679
v -0.302855 0.535609 -0.094285
v -0.299138 0.545220 -0.091074
v -0.304016 0.536111 -0.090903
v -0.301577 0.540666 -0.090988
v 0.374707 -0.354278 -0.070645
v 0.374379 -0.354179 -0.071967
v 0.304526 -0.539326 -0.068456
v 0.514413 0.016015 -0.077666
v 0.514085 0.016113 -0.078988
v 0.444232 -0.169033 -0.075478
v 0.373722 -0.353982 -0.074611
v 0.303869 -0.539128 -0.071101
v 0.374050 -0.354080 -0.073289
v 0.443575 -0.168835 -0.078122
v 0.373393 -0.353883 -0.075934
v 0.583937 0.201260 -0.082499
v 0.513756 0.016212 -0.080311
v 0.583280 0.201458 -0.085144
v 0.513099 0.016410 -0.082955
v 0.513427 0.016311 -0.081633
v 0.372491 -0.353561 -0.076907
v 0.302638 -0.538707 -0.073397
v 0.512197 0.016732 -0.083929
v 0.442344 -0.168414 -0.080418
v 0.370686 -0.352917 -0.078855
v 0.300834 -0.538063 -0.075344
v 0.371589 -0.353239 -0.077881
v 0.440539 -0.167770 -0.082366
v 0.369784 -0.352595 -0.079829
v 0.582049 0.201878 -0.087440
v 0.511294 0.017054 -0.084903
v 0.580245 0.202522 -0.089387
v 0.509490 0.017698 -0.086850
v 0.510392 0.017376 -0.085876
v 0.368550 -0.352136 -0.080194
v 0.298697 -0.537283 -0.076683
v 0.508256 0.018157 -0.087215
v 0.438403 -0.166990 -0.083704
v 0.366082 -0.351219 -0.080923
v 0.296229 -0.536365 -0.077412
v 0.367316 -0.351678 -0.080558
v 0.435935 -0.166073 -0.084434
v 0.578109 0.203303 -0.090726
v 0.507022 0.018615 -0.087580
v 0.575641 0.204220 -0.091455
v 0.505788 0.019074 -0.087945
v 0.206422 -0.576310 -0.077092
v 0.210782 -0.577329 -0.077065
v 0.206099 -0.577165 -0.076995
v 0.210459 -0.578185 -0.076968
v 0.210621 -0.577757 -0.077017
v 0.219503 -0.579369 -0.077011
v 0.215143 -0.578349 -0.077038
v 0.219457 -0.579824 -0.076962
v 0.223979 -0.580416 -0.076983
v 0.210413 -0.578640 -0.076919
v 0.214935 -0.579232 -0.076940
v 0.219366 -0.580734 -0.076863
v 0.223888 -0.581326 -0.076885
v 0.219412 -0.580279 -0.076912
v 0.228455 -0.580272 -0.076978
v 0.228364 -0.581183 -0.076880
v 0.228409 -0.580728 -0.076929
v 0.237406 -0.579986 -0.076969
v 0.232930 -0.580129 -0.076974
v 0.237480 -0.580437 -0.076920
v 0.242001 -0.579839 -0.076964
v 0.228438 -0.581634 -0.076831
v 0.232959 -0.581036 -0.076875
v 0.237628 -0.581340 -0.076821
v 0.242149 -0.580742 -0.076866
v 0.237554 -0.580889 -0.076871
v 0.246287 -0.578543 -0.076983
v 0.246435 -0.579445 -0.076884
v 0.246361 -0.578994 -0.076933
v 0.254858 -0.575950 -0.077019
v 0.250573 -0.577246 -0.077001
v 0.255047 -0.576366 -0.076970
v 0.259259 -0.574619 -0.077038
v 0.246624 -0.579862 -0.076835
v 0.250835 -0.578114 -0.076903
v 0.255425 -0.577200 -0.076873
v 0.259636 -0.575452 -0.076940
v 0.255236 -0.576783 -0.076922
v 0.263063 -0.572257 -0.077078
v 0.263441 -0.573090 -0.076980
v 0.263252 -0.572674 -0.077029
v 0.270671 -0.567534 -0.077158
v 0.266867 -0.569896 -0.077118
v 0.270962 -0.567888 -0.077110
v 0.274577 -0.565109 -0.077199
v 0.263731 -0.573444 -0.076933
v 0.267347 -0.570666 -0.077021
v 0.271543 -0.568595 -0.077015
v 0.275159 -0.565816 -0.077104
v 0.271253 -0.568241 -0.077063
v 0.277641 -0.561844 -0.077258
v 0.278222 -0.562551 -0.077162
v 0.277931 -0.562197 -0.077210
v 0.283767 -0.555313 -0.077376
v 0.280704 -0.558578 -0.077317
v 0.284140 -0.555579 -0.077329
v 0.286913 -0.551960 -0.077436
v 0.278594 -0.562817 -0.077116
v 0.281367 -0.559198 -0.077223
v 0.284885 -0.556112 -0.077237
v 0.287657 -0.552493 -0.077344
v 0.284512 -0.555846 -0.077283
v 0.289026 -0.548013 -0.077510
v 0.289771 -0.548546 -0.077418
v 0.289399 -0.548280 -0.077464
v 0.293254 -0.540120 -0.077657
v 0.291140 -0.544067 -0.077584
v 0.293683 -0.540281 -0.077613
v 0.295424 -0.536068 -0.077733
v 0.290200 -0.548707 -0.077374
v 0.291941 -0.544494 -0.077493
v 0.294540 -0.540603 -0.077525
v 0.296281 -0.536389 -0.077645
v 0.294111 -0.540442 -0.077569
v 0.205384 -0.579038 -0.076017
v 0.209860 -0.580085 -0.075989
v 0.204277 -0.581928 -0.074157
v 0.208753 -0.582975 -0.074129
v 0.209307 -0.581530 -0.075059
v 0.218813 -0.582179 -0.075933
v 0.214337 -0.581132 -0.075961
v 0.218657 -0.583717 -0.075001
v 0.223687 -0.583319 -0.075903
v 0.208598 -0.584513 -0.073197
v 0.213627 -0.584115 -0.074099
v 0.218346 -0.586792 -0.073136
v 0.223376 -0.586394 -0.074038
v 0.218501 -0.585255 -0.074068
v 0.228282 -0.583172 -0.075898
v 0.227971 -0.586247 -0.074033
v 0.228126 -0.584710 -0.074966
v 0.237472 -0.582878 -0.075889
v 0.232877 -0.583025 -0.075894
v 0.237724 -0.584402 -0.074956
v 0.242475 -0.582718 -0.075884
v 0.228223 -0.587772 -0.073100
v 0.232974 -0.586087 -0.074028
v 0.238229 -0.587452 -0.073090
v 0.242979 -0.585767 -0.074018
v 0.237976 -0.585927 -0.074023
v 0.246876 -0.581387 -0.075902
v 0.247380 -0.584436 -0.074037
v 0.247128 -0.582911 -0.074970
v 0.255677 -0.578724 -0.075940
v 0.251276 -0.580055 -0.075921
v 0.256319 -0.580130 -0.075009
v 0.260468 -0.577275 -0.075960
v 0.248022 -0.585842 -0.073105
v 0.252171 -0.582986 -0.074057
v 0.257604 -0.582943 -0.073146
v 0.261753 -0.580087 -0.074098
v 0.256962 -0.581537 -0.074077
v 0.264374 -0.574850 -0.076002
v 0.265659 -0.577663 -0.074139
v 0.265016 -0.576256 -0.075070
v 0.272186 -0.570001 -0.076084
v 0.268280 -0.572425 -0.076043
v 0.273175 -0.571192 -0.075156
v 0.276438 -0.567361 -0.076128
v 0.266648 -0.578854 -0.073211
v 0.269911 -0.575023 -0.074184
v 0.275153 -0.573575 -0.073301
v 0.278417 -0.569744 -0.074273
v 0.274164 -0.572383 -0.074228
v 0.279583 -0.564009 -0.076189
v 0.281562 -0.566391 -0.074333
v 0.280573 -0.565200 -0.075261
v 0.285874 -0.557303 -0.076310
v 0.282729 -0.560656 -0.076249
v 0.287142 -0.558197 -0.075387
v 0.289298 -0.553653 -0.076375
v 0.282830 -0.567285 -0.073411
v 0.284986 -0.562741 -0.074399
v 0.289679 -0.559984 -0.073543
v 0.291835 -0.555440 -0.074531
v 0.288411 -0.559091 -0.074465
v 0.291468 -0.549601 -0.076451
v 0.294005 -0.551388 -0.074607
v 0.292737 -0.550494 -0.075529
v 0.295808 -0.541496 -0.076603
v 0.293638 -0.545548 -0.076527
v 0.297270 -0.542030 -0.075687
v 0.298171 -0.537084 -0.076685
v 0.295466 -0.551922 -0.073691
v 0.296368 -0.546976 -0.074689
v 0.300192 -0.543098 -0.073856
v 0.301094 -0.538152 -0.074854
v 0.298731 -0.542564 -0.074772
v 0.203503 -0.583917 -0.071520
v 0.208377 -0.585057 -0.071490
v 0.203062 -0.585006 -0.068106
v 0.207936 -0.586146 -0.068076
v 0.208156 -0.585601 -0.069783
v 0.218125 -0.587337 -0.071429
v 0.213251 -0.586197 -0.071459
v 0.218061 -0.587918 -0.069721
v 0.223156 -0.588513 -0.071398
v 0.207872 -0.586727 -0.066368
v 0.212967 -0.587322 -0.068045
v 0.217934 -0.589080 -0.066305
v 0.223028 -0.589676 -0.067982
v 0.217997 -0.588499 -0.068013
v 0.228159 -0.588353 -0.071392
v 0.228031 -0.589515 -0.067977
v 0.228095 -0.588934 -0.069685
v 0.238165 -0.588033 -0.071382
v 0.233162 -0.588193 -0.071387
v 0.238262 -0.588609 -0.069674
v 0.243329 -0.587867 -0.071377
v 0.228128 -0.590091 -0.066269
v 0.233195 -0.589350 -0.067971
v 0.238457 -0.589761 -0.066258
v 0.243524 -0.589019 -0.067961
v 0.238359 -0.589185 -0.067966
v 0.248120 -0.586418 -0.071397
v 0.248315 -0.587570 -0.067981
v 0.248217 -0.586994 -0.069689
v 0.257702 -0.583519 -0.071438
v 0.252911 -0.584968 -0.071418
v 0.257953 -0.584048 -0.069731
v 0.262647 -0.582023 -0.071459
v 0.248566 -0.588099 -0.066274
v 0.253260 -0.586074 -0.068002
v 0.258457 -0.585107 -0.066316
v 0.263150 -0.583082 -0.068045
v 0.258205 -0.584578 -0.068023
v 0.266900 -0.579383 -0.071504
v 0.267403 -0.580442 -0.068089
v 0.267151 -0.579913 -0.069797
v 0.275405 -0.574104 -0.071593
v 0.271152 -0.576744 -0.071549
v 0.275794 -0.574548 -0.069887
v 0.279795 -0.571379 -0.071639
v 0.267792 -0.580887 -0.066383
v 0.271793 -0.577717 -0.068135
v 0.276571 -0.575437 -0.066476
v 0.280572 -0.572268 -0.068228
v 0.276182 -0.574993 -0.068181
v 0.283219 -0.567729 -0.071705
v 0.283996 -0.568618 -0.068293
v 0.283608 -0.568173 -0.069999
v 0.290068 -0.560429 -0.071837
v 0.286643 -0.564079 -0.071771
v 0.290567 -0.560755 -0.070133
v 0.293603 -0.556661 -0.071905
v 0.284495 -0.568944 -0.066590
v 0.287531 -0.564850 -0.068361
v 0.291565 -0.561409 -0.066725
v 0.294600 -0.557314 -0.068497
v 0.291066 -0.561082 -0.068429
v 0.295965 -0.552249 -0.071987
v 0.296963 -0.552902 -0.068580
v 0.296464 -0.552576 -0.070284
v 0.300691 -0.543425 -0.072152
v 0.298328 -0.547837 -0.072070
v 0.301266 -0.543609 -0.070451
v 0.303130 -0.538871 -0.072238
v 0.297538 -0.553087 -0.066879
v 0.299402 -0.548348 -0.068665
v 0.302416 -0.543979 -0.067049
v 0.304280 -0.539240 -0.068835
v 0.301841 -0.543794 -0.068750
v 0.017635 -0.515406 -0.052244
v 0.017758 -0.515050 -0.050931
v 0.202937 -0.584883 -0.049256
v -0.352723 -0.375739 -0.055592
v -0.352601 -0.375383 -0.054279
v -0.167421 -0.445216 -0.052605
v 0.018003 -0.514337 -0.048305
v 0.203183 -0.584170 -0.046631
v 0.017881 -0.514693 -0.049618
v -0.167176 -0.444503 -0.049979
v 0.018126 -0.513980 -0.046992
v -0.537780 -0.305549 -0.055953
v -0.352478 -0.375026 -0.052966
v -0.537535 -0.304836 -0.053327
v -0.352233 -0.374313 -0.050340
v -0.352356 -0.374670 -0.051653
v 0.018465 -0.513058 -0.046043
v 0.203645 -0.582891 -0.044369
v -0.351894 -0.373391 -0.049391
v -0.166714 -0.443224 -0.047717
v 0.019144 -0.511212 -0.044146
v 0.204323 -0.581046 -0.042472
v 0.018805 -0.512135 -0.045094
v -0.166036 -0.441379 -0.045820
v 0.019483 -0.510290 -0.043197
v -0.537073 -0.303557 -0.051065
v -0.351554 -0.372468 -0.048442
v -0.536394 -0.301712 -0.049168
v -0.350876 -0.370623 -0.046545
v -0.351215 -0.371545 -0.047494
v 0.019948 -0.509049 -0.042867
v 0.205128 -0.578882 -0.041193
v -0.350410 -0.369381 -0.046215
v -0.165231 -0.439215 -0.044541
v 0.020879 -0.506566 -0.042207
v 0.206058 -0.576400 -0.040533
v 0.020413 -0.507807 -0.042537
v -0.164301 -0.436732 -0.043881
v -0.535590 -0.299548 -0.047889
v -0.349945 -0.368140 -0.045885
v -0.534660 -0.297065 -0.047229
v -0.349480 -0.366899 -0.045555
v 0.514387 0.016325 -0.061836
v 0.514054 0.016475 -0.060520
v 0.583907 0.201622 -0.064031
v 0.374681 -0.353968 -0.054815
v 0.374348 -0.353818 -0.053499
v 0.444201 -0.168671 -0.057009
v 0.513388 0.016776 -0.057888
v 0.583241 0.201923 -0.061398
v 0.513721 0.016626 -0.059204
v 0.443535 -0.168370 -0.054377
v 0.513055 0.016927 -0.056571
v 0.304495 -0.538964 -0.049988
v 0.374015 -0.353667 -0.052182
v 0.303830 -0.538663 -0.047355
v 0.373349 -0.353366 -0.049550
v 0.373682 -0.353516 -0.050866
v 0.512150 0.017287 -0.055614
v 0.582003 0.202433 -0.059124
v 0.372444 -0.353006 -0.048592
v 0.442297 -0.167860 -0.052103
v 0.510339 0.018006 -0.053698
v 0.580192 0.203153 -0.057209
v 0.511244 0.017646 -0.054656
v 0.440486 -0.167140 -0.050188
v 0.509433 0.018366 -0.052741
v 0.302591 -0.538153 -0.045081
v 0.371539 -0.352646 -0.047635
v 0.300780 -0.537433 -0.043166
v 0.369728 -0.351927 -0.045719
v 0.370633 -0.352287 -0.046677
v 0.508198 0.018838 -0.052398
v 0.578051 0.203985 -0.055909
v 0.368493 -0.351454 -0.045377
v 0.438345 -0.166308 -0.048888
v 0.505728 0.019783 -0.051714
v 0.575581 0.204930 -0.055225
v 0.506963 0.019311 -0.052056
v 0.435875 -0.165363 -0.048203
v 0.298640 -0.536601 -0.041866
v 0.367257 -0.350982 -0.045035
v 0.296169 -0.535656 -0.041182
v 0.366022 -0.350509 -0.044692
v -0.194458 0.465851 -0.004508
v -0.195394 0.463435 -0.001823
v -0.194926 0.464643 -0.003166
v -0.201255 0.466526 -0.004532
v -0.197856 0.466188 -0.004520
v -0.201043 0.465250 -0.003188
v -0.203973 0.466795 -0.004542
v -0.198112 0.463704 -0.001833
v -0.203549 0.464243 -0.001852
v -0.200831 0.463974 -0.001843
v -0.207085 0.465388 -0.004520
v -0.206661 0.462836 -0.001830
v -0.206873 0.464112 -0.003175
v -0.213308 0.462574 -0.004475
v -0.210196 0.463981 -0.004497
v -0.212474 0.461580 -0.003135
v -0.215797 0.461449 -0.004457
v -0.209150 0.461711 -0.001812
v -0.214129 0.459460 -0.001776
v -0.211640 0.460585 -0.001794
v -0.217788 0.458675 -0.004406
v -0.216120 0.456686 -0.001725
v -0.216954 0.457680 -0.003066
v -0.221770 0.453127 -0.004304
v -0.219779 0.455901 -0.004355
v -0.220538 0.452688 -0.002974
v -0.223363 0.450908 -0.004263
v -0.217713 0.454467 -0.001684
v -0.220899 0.450029 -0.001603
v -0.219306 0.452248 -0.001644
v 0.465504 0.191127 0.001964
v 0.465841 0.194525 0.001898
v 0.467078 0.194034 0.000591
v 0.463031 0.192110 0.004580
v 0.463368 0.195507 0.004514
v 0.464605 0.195016 0.003206
v 0.466516 0.201320 0.001766
v 0.467753 0.200829 0.000459
v 0.466179 0.197922 0.001832
v 0.465212 0.201132 0.003087
v 0.466786 0.204038 0.001714
v 0.463638 0.198226 0.004461
v 0.464177 0.203662 0.004356
v 0.463908 0.200944 0.004409
v 0.465379 0.207149 0.001650
v 0.466683 0.207337 0.000329
v 0.462770 0.206773 0.004292
v 0.464074 0.206961 0.002971
v 0.462564 0.213371 0.001524
v 0.463869 0.213559 0.000203
v 0.463971 0.210260 0.001587
v 0.461542 0.212560 0.002858
v 0.461439 0.215859 0.001473
v 0.461644 0.209261 0.004242
v 0.459393 0.214239 0.004141
v 0.460519 0.211750 0.004191
v 0.458664 0.217850 0.001430
v 0.459687 0.218660 0.000096
v 0.456619 0.216229 0.004097
v 0.457642 0.217040 0.002763
v 0.453116 0.221831 0.001343
v 0.454139 0.222642 0.000009
v 0.455890 0.219841 0.001386
v 0.452648 0.220623 0.002685
v 0.454400 0.217822 0.004062
v 0.452180 0.219415 0.004027
v 0.402492 0.031649 0.007623
v 0.404965 0.030667 0.005007
v 0.403728 0.031158 0.006315
v 0.281413 -0.289272 0.013708
v 0.341953 -0.128811 0.010665
v 0.282650 -0.289763 0.012400
v 0.220874 -0.449732 0.016751
v 0.406201 0.030175 0.003699
v 0.344426 -0.129794 0.008050
v 0.285123 -0.290746 0.009784
v 0.223347 -0.450715 0.014135
v 0.283886 -0.290254 0.011092
v 0.224618 -0.451613 -0.007951
v 0.254888 -0.371383 -0.009472
v 0.254899 -0.371519 -0.016398
v 0.224595 -0.451342 0.005901
v 0.254865 -0.371112 0.004380
v 0.254876 -0.371247 -0.002546
v 0.315427 -0.210922 -0.012515
v 0.315438 -0.211058 -0.019440
v 0.285157 -0.291153 -0.010993
v 0.315415 -0.210787 -0.005589
v 0.345696 -0.130692 -0.014036
v 0.254853 -0.370976 0.011306
v 0.285134 -0.290881 0.002859
v 0.315392 -0.210515 0.008263
v 0.345674 -0.130421 -0.000184
v 0.315404 -0.210651 0.001337
v 0.375966 -0.050462 -0.015557
v 0.375978 -0.050597 -0.022483
v 0.375943 -0.050190 -0.001705
v 0.375955 -0.050326 -0.008631
v 0.436505 0.109999 -0.018600
v 0.436517 0.109863 -0.025526
v 0.406236 0.029768 -0.017079
v 0.436494 0.110134 -0.011674
v 0.466775 0.190229 -0.020121
v 0.375932 -0.050055 0.005221
v 0.406213 0.030040 -0.003227
v 0.436471 0.110406 0.002178
v 0.466752 0.190500 -0.006269
v 0.436482 0.110270 -0.004748
v 0.224664 -0.452156 -0.035654
v 0.254933 -0.371926 -0.037175
v 0.254945 -0.372061 -0.044100
v 0.224641 -0.451885 -0.021802
v 0.254910 -0.371654 -0.023324
v 0.254922 -0.371790 -0.030249
v 0.315473 -0.211465 -0.040217
v 0.315484 -0.211601 -0.047143
v 0.285203 -0.291695 -0.038696
v 0.315461 -0.211329 -0.033292
v 0.345742 -0.131235 -0.041739
v 0.285180 -0.291424 -0.024845
v 0.345719 -0.130963 -0.027887
v 0.315450 -0.211194 -0.026366
v 0.376012 -0.051004 -0.043260
v 0.376023 -0.051140 -0.050186
v 0.375989 -0.050733 -0.029409
v 0.376000 -0.050869 -0.036334
v 0.436551 0.109456 -0.046303
v 0.436563 0.109321 -0.053228
v 0.406282 0.029226 -0.044781
v 0.436540 0.109592 -0.039377
v 0.466821 0.189686 -0.047824
v 0.406259 0.029497 -0.030930
v 0.466798 0.189958 -0.033973
v 0.436528 0.109727 -0.032451
v 0.197911 -0.423629 0.571795
v 0.199105 -0.421965 0.571764
v 0.200972 -0.421121 0.571751
v 0.194177 -0.425318 0.571822
v 0.195372 -0.423653 0.571791
v 0.197239 -0.422809 0.571778
v 0.201495 -0.418636 0.571703
v 0.203362 -0.417792 0.571690
v 0.200300 -0.420301 0.571734
v 0.196394 -0.420943 0.571740
v 0.199456 -0.418434 0.571696
v 0.190271 -0.425960 0.571828
v 0.193333 -0.423451 0.571784
v 0.186193 -0.425555 0.571813
v 0.189254 -0.423047 0.571769
v 0.191294 -0.423249 0.571777
v 0.202716 -0.409794 0.571532
v 0.192514 -0.414407 0.571605
v 0.197615 -0.412101 0.571569
v 0.209235 -0.392514 0.571204
v 0.205976 -0.401154 0.571368
v 0.192233 -0.400202 0.571327
v 0.200594 -0.389255 0.571126
v 0.175512 -0.422095 0.571728
v 0.183873 -0.411148 0.571527
v 0.158229 -0.415577 0.571572
v 0.166589 -0.404630 0.571371
v 0.175231 -0.407889 0.571449
v 0.188248 -0.384600 0.571015
v 0.171246 -0.392287 0.571137
v 0.175903 -0.379944 0.570903
v -0.514181 -0.018767 -0.062850
v -0.513852 -0.018866 -0.061528
v -0.583705 -0.204012 -0.058017
v -0.374475 0.351526 -0.069872
v -0.374146 0.351427 -0.068550
v -0.443999 0.166281 -0.065039
v -0.513195 -0.019063 -0.058884
v -0.583048 -0.204210 -0.055373
v -0.513524 -0.018965 -0.060206
v -0.443342 0.166083 -0.062394
v -0.512866 -0.019162 -0.057561
v -0.304294 0.536574 -0.072060
v -0.373818 0.351328 -0.067227
v -0.303636 0.536376 -0.069416
v -0.373161 0.351131 -0.064583
v -0.373489 0.351229 -0.065905
v -0.511964 -0.019484 -0.056587
v -0.581817 -0.204631 -0.053077
v -0.372258 0.350809 -0.063609
v -0.442111 0.165662 -0.060098
v -0.510160 -0.020128 -0.054639
v -0.580013 -0.205275 -0.051129
v -0.511062 -0.019806 -0.055613
v -0.440307 0.165018 -0.058150
v -0.509257 -0.020450 -0.053665
v -0.302406 0.535955 -0.067120
v -0.371356 0.350487 -0.062635
v -0.300601 0.535311 -0.065172
v -0.369552 0.349843 -0.060687
v -0.370454 0.350165 -0.061661
v -0.508023 -0.020909 -0.053301
v -0.577876 -0.206055 -0.049790
v -0.368318 0.349384 -0.060322
v -0.438171 0.164238 -0.056812
v -0.505555 -0.021826 -0.052572
v -0.575408 -0.206972 -0.049061
v -0.506789 -0.021367 -0.052936
v -0.435703 0.163320 -0.056082
v -0.298465 0.534531 -0.063833
v -0.367084 0.348925 -0.059958
v -0.295997 0.533613 -0.063104
v -0.365850 0.348467 -0.059593
v -0.402517 -0.031353 0.007525
v -0.404981 -0.030473 0.004865
v -0.403749 -0.030913 0.006195
v -0.281438 0.289568 0.001440
v -0.341978 0.129108 0.004482
v -0.282670 0.290008 0.000110
v -0.406213 -0.030034 0.003535
v -0.344442 0.129987 0.001822
v -0.285135 0.290887 -0.002551
v -0.283903 0.290448 -0.001220
v -0.388950 -0.195129 0.566349
v -0.388721 -0.197842 0.427834
v -0.393378 -0.210185 0.428068
v -0.379636 -0.170443 0.565881
v -0.379407 -0.173156 0.427366
v -0.384064 -0.185499 0.427600
v -0.388262 -0.203268 0.150804
v -0.392919 -0.215611 0.151038
v -0.388492 -0.200555 0.289319
v -0.383580 -0.191222 0.135399
v -0.388008 -0.206278 -0.002882
v -0.379153 -0.176166 0.273680
v -0.378644 -0.182186 -0.033691
v -0.378898 -0.179176 0.119995
v -0.387983 -0.206575 -0.018052
v -0.383301 -0.194529 -0.033457
v -0.387958 -0.206872 -0.033223
v -0.437285 -0.175394 0.496598
v -0.435655 -0.171074 0.496516
v -0.435770 -0.169718 0.565774
v -0.437056 -0.178107 0.358083
v -0.435426 -0.173787 0.358002
v -0.435541 -0.172431 0.427259
v -0.432395 -0.162434 0.496352
v -0.432510 -0.161078 0.565610
v -0.434025 -0.166754 0.496434
v -0.432281 -0.163790 0.427095
v -0.430766 -0.158114 0.496271
v -0.435311 -0.175144 0.288744
v -0.433796 -0.169467 0.357920
v -0.432052 -0.166503 0.288580
v -0.430536 -0.160827 0.357756
v -0.432166 -0.165147 0.357838
v -0.429136 -0.153794 0.496189
v -0.429250 -0.152437 0.565446
v -0.428907 -0.156507 0.357674
v -0.429021 -0.155150 0.426931
v -0.425876 -0.145154 0.496025
v -0.425990 -0.143797 0.565282
v -0.427506 -0.149474 0.496107
v -0.425761 -0.146510 0.426767
v -0.424246 -0.140834 0.495943
v -0.428792 -0.157863 0.288417
v -0.427277 -0.152187 0.357592
v -0.425532 -0.149223 0.288253
v -0.424017 -0.143547 0.357428
v -0.425647 -0.147867 0.357510
v -0.436827 -0.180820 0.219568
v -0.435197 -0.176500 0.219487
v -0.436598 -0.183533 0.081053
v -0.434968 -0.179213 0.080971
v -0.435082 -0.177856 0.150229
v -0.431937 -0.167860 0.219323
v -0.433567 -0.172180 0.219405
v -0.431823 -0.169216 0.150065
v -0.430307 -0.163540 0.219241
v -0.434853 -0.180569 0.011714
v -0.433338 -0.174893 0.080889
v -0.431593 -0.171929 0.011550
v -0.430078 -0.166253 0.080726
v -0.431708 -0.170573 0.080807
v -0.428677 -0.159220 0.219159
v -0.428448 -0.161933 0.080644
v -0.428563 -0.160576 0.149901
v -0.425418 -0.150580 0.218995
v -0.427048 -0.154900 0.219077
v -0.425303 -0.151936 0.149737
v -0.423788 -0.146260 0.218913
v -0.428334 -0.163289 0.011386
v -0.426818 -0.157613 0.080562
v -0.425074 -0.154649 0.011222
v -0.423559 -0.148973 0.080398
v -0.425189 -0.153293 0.080480
v 0.432965 0.179311 0.144669
v 0.426445 0.162031 0.144997
v 0.429705 0.170671 0.144833
v 0.432507 0.184737 0.421699
v 0.432736 0.182024 0.283184
v 0.429247 0.176097 0.421863
v 0.423186 0.153391 0.145161
v 0.426216 0.164744 0.283512
v 0.422727 0.158816 0.422191
v 0.425987 0.167456 0.422027
v 0.380179 0.167289 0.022415
v 0.380306 0.165784 -0.054427
v 0.379925 0.170299 0.176101
v 0.380052 0.168794 0.099258
v 0.392525 0.162633 0.022527
v 0.392652 0.161128 -0.054316
v 0.386352 0.164961 0.022471
v 0.392397 0.164138 0.099370
v 0.398697 0.160305 0.022583
v 0.379798 0.171804 0.252943
v 0.386098 0.167971 0.176156
v 0.392143 0.167148 0.253055
v 0.398443 0.163315 0.176268
v 0.392270 0.165643 0.176212
v 0.404870 0.157977 0.022639
v 0.404997 0.156472 -0.054204
v 0.404616 0.160988 0.176324
v 0.404743 0.159483 0.099481
v 0.417215 0.153322 0.022750
v 0.417342 0.151817 -0.054093
v 0.411043 0.155650 0.022694
v 0.417088 0.154827 0.099593
v 0.423388 0.150994 0.022806
v 0.404489 0.162493 0.253167
v 0.410788 0.158660 0.176380
v 0.416834 0.157837 0.253278
v 0.423134 0.154004 0.176491
v 0.416961 0.156332 0.176435
v 0.379671 0.173309 0.329786
v 0.379417 0.176319 0.483472
v 0.379544 0.174814 0.406629
v 0.392016 0.168653 0.329898
v 0.385843 0.170981 0.329842
v 0.391889 0.170158 0.406741
v 0.398189 0.166325 0.329954
v 0.379289 0.177824 0.560315
v 0.385589 0.173991 0.483528
v 0.391635 0.173168 0.560427
v 0.397935 0.169335 0.483639
v 0.391762 0.171663 0.483584
v 0.404361 0.163998 0.330009
v 0.404107 0.167008 0.483695
v 0.404234 0.165503 0.406852
v 0.416707 0.159342 0.330121
v 0.410534 0.161670 0.330065
v 0.416580 0.160847 0.406964
v 0.422879 0.157014 0.330177
v 0.403980 0.168513 0.560538
v 0.410280 0.164680 0.483751
v 0.416325 0.163857 0.560650
v 0.422625 0.160024 0.483863
v 0.416453 0.162352 0.483807
v -0.209679 0.429540 0.554411
v -0.209450 0.426827 0.415896
v -0.216199 0.412260 0.554738
v -0.215970 0.409547 0.416223
v -0.212710 0.418187 0.416059
v -0.208992 0.421401 0.138866
v -0.209221 0.424114 0.277381
v -0.212252 0.412761 0.139029
v -0.219229 0.400907 0.416387
v -0.215740 0.406834 0.277708
v -0.218771 0.395481 0.139357
v -0.215511 0.404121 0.139193
v -0.202624 0.582769 -0.073658
v -0.207654 0.583946 -0.073690
v -0.202653 0.582713 -0.072741
v -0.207684 0.583889 -0.072772
v -0.207669 0.583918 -0.073231
v -0.217716 0.586299 -0.073752
v -0.212685 0.585123 -0.073721
v -0.217721 0.586268 -0.073293
v -0.222737 0.587474 -0.073784
v -0.207689 0.583858 -0.072313
v -0.212705 0.585063 -0.072803
v -0.217731 0.586206 -0.072376
v -0.222747 0.587411 -0.072866
v -0.217726 0.586237 -0.072835
v -0.227901 0.587308 -0.073789
v -0.227911 0.587246 -0.072871
v -0.227906 0.587277 -0.073330
v -0.238229 0.586977 -0.073800
v -0.233065 0.587143 -0.073794
v -0.238223 0.586947 -0.073341
v -0.243383 0.586812 -0.073805
v -0.227905 0.587215 -0.072412
v -0.233064 0.587081 -0.072876
v -0.238211 0.586885 -0.072423
v -0.243371 0.586751 -0.072887
v -0.238217 0.586916 -0.072882
v -0.248328 0.585316 -0.073784
v -0.248316 0.585255 -0.072866
v -0.248322 0.585286 -0.073325
v -0.258218 0.582324 -0.073742
v -0.253273 0.583820 -0.073763
v -0.258203 0.582297 -0.073283
v -0.263154 0.580831 -0.073720
v -0.248300 0.585227 -0.072407
v -0.253251 0.583762 -0.072845
v -0.258171 0.582241 -0.072365
v -0.263122 0.580776 -0.072803
v -0.258187 0.582269 -0.072824
v -0.267543 0.578107 -0.073674
v -0.267512 0.578051 -0.072757
v -0.267527 0.578079 -0.073215
v -0.276322 0.572657 -0.073582
v -0.271933 0.575382 -0.073628
v -0.276298 0.572635 -0.073123
v -0.280703 0.569938 -0.073536
v -0.267487 0.578029 -0.072298
v -0.271892 0.575332 -0.072711
v -0.276249 0.572590 -0.072206
v -0.280654 0.569893 -0.072619
v -0.276273 0.572613 -0.072665
v -0.284238 0.566170 -0.073468
v -0.284189 0.566126 -0.072551
v -0.284213 0.566148 -0.073009
v -0.291307 0.558634 -0.073332
v -0.287773 0.562402 -0.073400
v -0.291275 0.558620 -0.072874
v -0.294835 0.554874 -0.073264
v -0.284157 0.566111 -0.072092
v -0.287716 0.562366 -0.072483
v -0.291211 0.558591 -0.071956
v -0.294771 0.554846 -0.072347
v -0.291243 0.558606 -0.072415
v -0.297274 0.550320 -0.073179
v -0.297209 0.550292 -0.072262
v -0.297241 0.550306 -0.072721
v -0.302151 0.541212 -0.073009
v -0.299712 0.545766 -0.073094
v -0.302114 0.541207 -0.072551
v -0.304585 0.536667 -0.072924
v -0.297173 0.550286 -0.071804
v -0.299644 0.545747 -0.072177
v -0.302041 0.541197 -0.071634
v -0.304512 0.536657 -0.072007
v -0.302078 0.541202 -0.072092
v -0.202989 0.581870 -0.070703
v -0.208010 0.583044 -0.070734
v -0.203631 0.580243 -0.067545
v -0.208652 0.581417 -0.067576
v -0.208331 0.582231 -0.069155
v -0.218052 0.585392 -0.070797
v -0.213031 0.584218 -0.070765
v -0.218143 0.584525 -0.069216
v -0.222843 0.586513 -0.070827
v -0.208744 0.580550 -0.065996
v -0.213444 0.582537 -0.067606
v -0.218326 0.582790 -0.066055
v -0.223026 0.584778 -0.067666
v -0.218235 0.583658 -0.067636
v -0.227996 0.586348 -0.070832
v -0.228180 0.584613 -0.067671
v -0.228088 0.585480 -0.069251
v -0.238303 0.586018 -0.070842
v -0.233150 0.586183 -0.070837
v -0.238159 0.585158 -0.069262
v -0.243221 0.585861 -0.070847
v -0.228036 0.583753 -0.066090
v -0.233098 0.584456 -0.067676
v -0.237872 0.583438 -0.066101
v -0.242934 0.584141 -0.067686
v -0.238016 0.584298 -0.067681
v -0.248156 0.584367 -0.070826
v -0.247869 0.582648 -0.067665
v -0.248013 0.583508 -0.069246
v -0.258027 0.581381 -0.070784
v -0.253092 0.582874 -0.070805
v -0.257658 0.580590 -0.069205
v -0.262737 0.579956 -0.070764
v -0.247500 0.581856 -0.066085
v -0.252579 0.581223 -0.067645
v -0.256919 0.579006 -0.066045
v -0.261998 0.578373 -0.067605
v -0.257288 0.579798 -0.067625
v -0.267118 0.577237 -0.070718
v -0.266379 0.575654 -0.067559
v -0.266748 0.576446 -0.069138
v -0.275879 0.571799 -0.070626
v -0.271498 0.574518 -0.070672
v -0.275310 0.571131 -0.069049
v -0.280060 0.569204 -0.070582
v -0.265809 0.574987 -0.065981
v -0.270560 0.573059 -0.067515
v -0.274170 0.569797 -0.065893
v -0.278921 0.567869 -0.067427
v -0.274740 0.570464 -0.067471
v -0.283587 0.565444 -0.070514
v -0.282448 0.564109 -0.067359
v -0.283017 0.564777 -0.068937
v -0.290642 0.557924 -0.070379
v -0.287114 0.561684 -0.070447
v -0.289911 0.557428 -0.068804
v -0.294008 0.554336 -0.070314
v -0.281717 0.563614 -0.065785
v -0.285814 0.560521 -0.067295
v -0.288450 0.556437 -0.065655
v -0.292547 0.553344 -0.067165
v -0.289180 0.556933 -0.067230
v -0.296442 0.549791 -0.070229
v -0.294981 0.548800 -0.067080
v -0.295712 0.549295 -0.068655
v -0.301311 0.540701 -0.070059
v -0.298876 0.545246 -0.070144
v -0.300469 0.540413 -0.068488
v -0.303634 0.536364 -0.069978
v -0.294139 0.548512 -0.065510
v -0.297304 0.544462 -0.066999
v -0.298785 0.539838 -0.065347
v -0.301950 0.535788 -0.066837
v -0.299627 0.540125 -0.066918
v -0.204552 0.577855 -0.065318
v -0.209344 0.578975 -0.065348
v -0.205752 0.574705 -0.064023
v -0.210543 0.575825 -0.064053
v -0.209943 0.577400 -0.064701
v -0.218926 0.581215 -0.065408
v -0.214135 0.580095 -0.065378
v -0.219095 0.579540 -0.064758
v -0.223286 0.582235 -0.065435
v -0.214903 0.576845 -0.064081
v -0.223624 0.578884 -0.064135
v -0.219263 0.577864 -0.064108
v -0.228204 0.582078 -0.065440
v -0.228542 0.578726 -0.064140
v -0.228373 0.580402 -0.064790
v -0.238040 0.581763 -0.065450
v -0.233122 0.581920 -0.065445
v -0.237767 0.580101 -0.064800
v -0.242516 0.581619 -0.065455
v -0.233017 0.578583 -0.064145
v -0.241968 0.578297 -0.064154
v -0.237493 0.578440 -0.064149
v -0.247226 0.580195 -0.065435
v -0.246678 0.576872 -0.064134
v -0.246952 0.578533 -0.064784
v -0.256645 0.577345 -0.065395
v -0.251935 0.578770 -0.065415
v -0.255947 0.575812 -0.064746
v -0.260931 0.576049 -0.065376
v -0.250964 0.575576 -0.064115
v -0.259536 0.572983 -0.064079
v -0.255250 0.574279 -0.064097
v -0.265112 0.573454 -0.065332
v -0.263716 0.570388 -0.064035
v -0.264414 0.571921 -0.064684
v -0.273473 0.568264 -0.065245
v -0.269292 0.570859 -0.065288
v -0.272399 0.566964 -0.064600
v -0.277277 0.565902 -0.065205
v -0.267520 0.568026 -0.063995
v -0.275129 0.563303 -0.063915
v -0.271324 0.565665 -0.063955
v -0.280643 0.562314 -0.065140
v -0.278495 0.559715 -0.063850
v -0.279569 0.561014 -0.064495
v -0.287376 0.555137 -0.065010
v -0.284009 0.558726 -0.065075
v -0.285999 0.554161 -0.064371
v -0.290439 0.551872 -0.064952
v -0.281558 0.556449 -0.063791
v -0.287685 0.549919 -0.063674
v -0.284622 0.553184 -0.063732
v -0.292762 0.547535 -0.064870
v -0.290008 0.545582 -0.063592
v -0.291385 0.546558 -0.064231
v -0.297408 0.538861 -0.064708
v -0.295085 0.543198 -0.064789
v -0.295822 0.538274 -0.064077
v -0.299522 0.534914 -0.064634
v -0.292122 0.541635 -0.063519
v -0.296349 0.533741 -0.063371
v -0.294235 0.537688 -0.063445
v -0.017429 0.512964 -0.072443
v -0.017556 0.512659 -0.071118
v -0.202736 0.582493 -0.072792
v 0.352930 0.373297 -0.069095
v 0.352803 0.372992 -0.067769
v 0.167623 0.442826 -0.069444
v -0.017810 0.512050 -0.068467
v -0.202989 0.581883 -0.070141
v -0.017683 0.512355 -0.069792
v 0.167369 0.442216 -0.066793
v -0.017937 0.511745 -0.067141
v 0.537982 0.303159 -0.066095
v 0.352676 0.372687 -0.066444
v 0.537728 0.302549 -0.063444
v 0.352422 0.372078 -0.063793
v 0.352549 0.372383 -0.065118
v -0.018280 0.510860 -0.066158
v -0.203459 0.580694 -0.067832
v 0.352079 0.371193 -0.062810
v 0.166900 0.441027 -0.064484
v -0.018965 0.509091 -0.064192
v -0.204144 0.578924 -0.065866
v -0.018622 0.509975 -0.065175
v 0.166215 0.439257 -0.062518
v -0.019307 0.508206 -0.063209
v 0.537259 0.301359 -0.061136
v 0.351737 0.370308 -0.061827
v 0.536574 0.299590 -0.059170
v 0.351052 0.368539 -0.059861
v 0.351394 0.369423 -0.060844
v -0.019773 0.506978 -0.062832
v -0.204953 0.576812 -0.064506
v 0.350585 0.367311 -0.059484
v 0.165406 0.437145 -0.061158
v -0.020706 0.504524 -0.062079
v -0.205885 0.574357 -0.063753
v -0.020240 0.505751 -0.062456
v 0.164473 0.434690 -0.060405
v 0.535765 0.297478 -0.057810
v 0.350119 0.366084 -0.059107
v 0.534832 0.295023 -0.057057
v 0.349653 0.364856 -0.058731
v 0.202828 -0.585194 -0.050112
v 0.207859 -0.586370 -0.050081
v 0.207846 -0.586417 -0.050538
v 0.202855 -0.585101 -0.049197
v 0.207886 -0.586277 -0.049166
v 0.207872 -0.586324 -0.049623
v 0.217921 -0.588724 -0.050018
v 0.217907 -0.588770 -0.050475
v 0.212890 -0.587547 -0.050049
v 0.217924 -0.588675 -0.049561
v 0.222942 -0.589898 -0.049987
v 0.207889 -0.586228 -0.048708
v 0.212907 -0.587451 -0.049134
v 0.217931 -0.588576 -0.048646
v 0.222948 -0.589800 -0.049072
v 0.217928 -0.588625 -0.049103
v 0.228106 -0.589732 -0.049981
v 0.228102 -0.589781 -0.050439
v 0.228113 -0.589634 -0.049067
v 0.228109 -0.589683 -0.049524
v 0.238434 -0.589402 -0.049971
v 0.238431 -0.589451 -0.050428
v 0.233270 -0.589567 -0.049976
v 0.238427 -0.589353 -0.049513
v 0.243587 -0.589237 -0.049965
v 0.228105 -0.589586 -0.048609
v 0.233266 -0.589469 -0.049061
v 0.238412 -0.589256 -0.048599
v 0.243572 -0.589139 -0.049051
v 0.238419 -0.589304 -0.049056
v 0.248533 -0.587741 -0.049987
v 0.248540 -0.587789 -0.050444
v 0.248518 -0.587643 -0.049072
v 0.248525 -0.587692 -0.049529
v 0.258423 -0.584749 -0.050029
v 0.258431 -0.584797 -0.050486
v 0.253478 -0.586245 -0.050008
v 0.258406 -0.584703 -0.049571
v 0.263359 -0.583256 -0.050050
v 0.248500 -0.587598 -0.048614
v 0.253453 -0.586150 -0.049093
v 0.258371 -0.584612 -0.048657
v 0.263324 -0.583164 -0.049135
v 0.258388 -0.584657 -0.049114
v 0.267748 -0.580531 -0.050096
v 0.267765 -0.580576 -0.050553
v 0.267713 -0.580439 -0.049181
v 0.267731 -0.580485 -0.049639
v 0.276527 -0.575081 -0.050188
v 0.276545 -0.575127 -0.050646
v 0.272138 -0.577806 -0.050142
v 0.276501 -0.575041 -0.049731
v 0.280908 -0.572362 -0.050234
v 0.267687 -0.580399 -0.048724
v 0.272094 -0.577720 -0.049227
v 0.276449 -0.574961 -0.048816
v 0.280856 -0.572282 -0.049319
v 0.276475 -0.575001 -0.049273
v 0.284443 -0.568594 -0.050302
v 0.284469 -0.568634 -0.050760
v 0.284390 -0.568514 -0.049387
v 0.284417 -0.568554 -0.049845
v 0.291512 -0.561059 -0.050438
v 0.291538 -0.561099 -0.050896
v 0.287977 -0.564826 -0.050370
v 0.291479 -0.561026 -0.049980
v 0.295039 -0.557299 -0.050506
v 0.284357 -0.568482 -0.048929
v 0.287918 -0.564754 -0.049455
v 0.291411 -0.560962 -0.049065
v 0.294972 -0.557234 -0.049591
v 0.291445 -0.560994 -0.049523
v 0.297478 -0.552745 -0.050591
v 0.297512 -0.552777 -0.051049
v 0.297411 -0.552680 -0.049676
v 0.297445 -0.552712 -0.050133
v 0.302356 -0.543636 -0.050761
v 0.302390 -0.543669 -0.051219
v 0.299917 -0.548190 -0.050676
v 0.302318 -0.543613 -0.050303
v 0.304790 -0.539092 -0.050846
v 0.297373 -0.552657 -0.049218
v 0.299845 -0.548135 -0.049761
v 0.302241 -0.543567 -0.049388
v 0.304714 -0.539045 -0.049931
v 0.302280 -0.543590 -0.049846
v 0.203184 -0.584179 -0.047193
v 0.208205 -0.585354 -0.047161
v 0.203816 -0.582430 -0.044099
v 0.208837 -0.583604 -0.044068
v 0.208521 -0.584479 -0.045614
v 0.218247 -0.587702 -0.047099
v 0.213226 -0.586528 -0.047130
v 0.218333 -0.586773 -0.045553
v 0.223038 -0.588822 -0.047069
v 0.208923 -0.582675 -0.042522
v 0.213628 -0.584724 -0.044038
v 0.218506 -0.584916 -0.042462
v 0.223211 -0.586965 -0.043978
v 0.218420 -0.585844 -0.044008
v 0.228191 -0.588657 -0.047064
v 0.228364 -0.586800 -0.043973
v 0.228278 -0.587728 -0.045518
v 0.238498 -0.588327 -0.047053
v 0.233345 -0.588492 -0.047058
v 0.238349 -0.587406 -0.045508
v 0.243416 -0.588170 -0.047048
v 0.228215 -0.585879 -0.042427
v 0.233282 -0.586642 -0.043968
v 0.238051 -0.585564 -0.042417
v 0.243118 -0.586327 -0.043957
v 0.238200 -0.586485 -0.043963
v 0.248351 -0.586677 -0.047069
v 0.248054 -0.584834 -0.043979
v 0.248203 -0.585755 -0.045524
v 0.258222 -0.583690 -0.047111
v 0.253287 -0.585183 -0.047090
v 0.257848 -0.582838 -0.045565
v 0.262932 -0.582266 -0.047131
v 0.247679 -0.583981 -0.042432
v 0.252763 -0.583409 -0.043999
v 0.257099 -0.581132 -0.042473
v 0.262183 -0.580560 -0.044039
v 0.257473 -0.581985 -0.044019
v 0.267313 -0.579546 -0.047177
v 0.266564 -0.577841 -0.044085
v 0.266938 -0.578693 -0.045631
v 0.276074 -0.574108 -0.047269
v 0.271694 -0.576827 -0.047223
v 0.275500 -0.573379 -0.045721
v 0.280255 -0.571513 -0.047313
v 0.265989 -0.577112 -0.042537
v 0.270744 -0.575246 -0.044129
v 0.274350 -0.571922 -0.042624
v 0.279105 -0.570056 -0.044217
v 0.274925 -0.572651 -0.044173
v 0.283782 -0.567753 -0.047381
v 0.282633 -0.566296 -0.044284
v 0.283207 -0.567024 -0.045833
v 0.290837 -0.560233 -0.047517
v 0.287309 -0.563993 -0.047449
v 0.290101 -0.559676 -0.045965
v 0.294203 -0.556645 -0.047581
v 0.281897 -0.565739 -0.042733
v 0.285999 -0.562708 -0.044349
v 0.288629 -0.558562 -0.042862
v 0.292731 -0.555531 -0.044479
v 0.289365 -0.559119 -0.044414
v 0.296637 -0.552100 -0.047666
v 0.295166 -0.550986 -0.044564
v 0.295901 -0.551543 -0.046115
v 0.301506 -0.543010 -0.047836
v 0.299071 -0.547555 -0.047751
v 0.300659 -0.542661 -0.046281
v 0.303829 -0.538673 -0.047918
v 0.294319 -0.550637 -0.043008
v 0.297489 -0.546649 -0.044645
v 0.298965 -0.541963 -0.043170
v 0.302135 -0.537975 -0.044807
v 0.299812 -0.542312 -0.044726
v 0.204730 -0.579956 -0.041965
v 0.209521 -0.581076 -0.041935
v 0.205925 -0.576757 -0.040790
v 0.210717 -0.577878 -0.040760
v 0.210119 -0.579477 -0.041347
v 0.219104 -0.583317 -0.041875
v 0.214312 -0.582196 -0.041905
v 0.219270 -0.581617 -0.041290
v 0.223464 -0.584336 -0.041848
v 0.215077 -0.578897 -0.040733
v 0.223797 -0.580937 -0.040679
v 0.219437 -0.579917 -0.040706
v 0.228382 -0.584179 -0.041843
v 0.228715 -0.580779 -0.040674
v 0.228548 -0.582479 -0.041258
v 0.238218 -0.583864 -0.041833
v 0.233300 -0.584021 -0.041838
v 0.237942 -0.582178 -0.041249
v 0.242693 -0.583721 -0.041828
v 0.233190 -0.580636 -0.040669
v 0.242142 -0.580350 -0.040660
v 0.237666 -0.580493 -0.040664
v 0.247403 -0.582296 -0.041848
v 0.246851 -0.578925 -0.040680
v 0.247127 -0.580610 -0.041264
v 0.256823 -0.579446 -0.041888
v 0.252113 -0.580871 -0.041868
v 0.256123 -0.577889 -0.041302
v 0.261109 -0.578150 -0.041907
v 0.251137 -0.577628 -0.040698
v 0.259709 -0.575036 -0.040735
v 0.255423 -0.576332 -0.040716
v 0.265289 -0.575555 -0.041951
v 0.263889 -0.572441 -0.040779
v 0.264589 -0.573998 -0.041365
v 0.273650 -0.570365 -0.042038
v 0.269470 -0.572960 -0.041995
v 0.272574 -0.569041 -0.041449
v 0.277454 -0.568004 -0.042078
v 0.267694 -0.570079 -0.040819
v 0.275302 -0.565356 -0.040899
v 0.271498 -0.567718 -0.040859
v 0.280821 -0.564415 -0.042143
v 0.278668 -0.561768 -0.040963
v 0.279744 -0.563092 -0.041553
v 0.287553 -0.557239 -0.042273
v 0.284187 -0.560827 -0.042208
v 0.286174 -0.556238 -0.041677
v 0.290617 -0.553973 -0.042331
v 0.281732 -0.558502 -0.041022
v 0.287858 -0.551971 -0.041140
v 0.284795 -0.555237 -0.041081
v 0.292940 -0.549636 -0.042413
v 0.290181 -0.547634 -0.041221
v 0.291560 -0.548635 -0.041817
v 0.297585 -0.540962 -0.042575
v 0.295262 -0.545299 -0.042494
v 0.295997 -0.540351 -0.041972
v 0.299699 -0.537015 -0.042649
v 0.292295 -0.543688 -0.041295
v 0.296523 -0.535794 -0.041442
v 0.294409 -0.539741 -0.041369
v 0.184841 -0.433492 0.156261
v 0.186880 -0.433694 0.156268
v 0.184383 -0.428066 0.433291
v 0.186422 -0.428268 0.433298
v 0.186651 -0.430981 0.294783
v 0.190958 -0.434098 0.156283
v 0.188919 -0.433896 0.156276
v 0.190729 -0.431386 0.294798
v 0.192997 -0.434301 0.156290
v 0.188461 -0.428470 0.433306
v 0.192539 -0.428875 0.433320
v 0.190500 -0.428673 0.433313
v 0.194864 -0.433456 0.156277
v 0.194406 -0.428031 0.433307
v 0.194635 -0.430744 0.294792
v 0.198598 -0.431768 0.156250
v 0.196731 -0.432612 0.156263
v 0.198369 -0.429055 0.294765
v 0.200465 -0.430924 0.156236
v 0.196273 -0.427186 0.433293
v 0.200006 -0.425498 0.433266
v 0.198140 -0.426342 0.433280
v 0.201660 -0.429260 0.156206
v 0.201201 -0.423834 0.433236
v 0.201431 -0.426547 0.294721
v 0.204049 -0.425931 0.156145
v 0.202855 -0.427595 0.156175
v 0.203820 -0.423218 0.294660
v 0.202396 -0.422170 0.433205
v 0.203591 -0.420505 0.433175
v 0.304835 -0.539192 -0.055262
v 0.302396 -0.543746 -0.055176
v 0.304848 -0.539347 -0.063177
v 0.302409 -0.543901 -0.063091
v 0.302403 -0.543824 -0.059134
v 0.297518 -0.552854 -0.055006
v 0.299957 -0.548300 -0.055091
v 0.297525 -0.552932 -0.058964
v 0.295080 -0.557408 -0.054921
v 0.299970 -0.548455 -0.063006
v 0.295093 -0.557563 -0.062836
v 0.297532 -0.553009 -0.062921
v 0.291545 -0.561176 -0.054853
v 0.291558 -0.561331 -0.062768
v 0.291551 -0.561254 -0.058810
v 0.284475 -0.568712 -0.054717
v 0.288010 -0.564944 -0.054785
v 0.284482 -0.568789 -0.058675
v 0.280941 -0.572480 -0.054649
v 0.288023 -0.565099 -0.062700
v 0.280954 -0.572635 -0.062564
v 0.284488 -0.568867 -0.062632
v 0.276551 -0.575205 -0.054603
v 0.276564 -0.575360 -0.062518
v 0.276558 -0.575282 -0.058561
v 0.267772 -0.580654 -0.054511
v 0.272162 -0.577929 -0.054557
v 0.267779 -0.580731 -0.058468
v 0.263382 -0.583379 -0.054465
v 0.272175 -0.578084 -0.062472
v 0.263396 -0.583534 -0.062380
v 0.267785 -0.580809 -0.062426
v 0.258437 -0.584875 -0.054444
v 0.258450 -0.585030 -0.062359
v 0.258444 -0.584952 -0.058401
v 0.248547 -0.587867 -0.054401
v 0.253492 -0.586371 -0.054422
v 0.248553 -0.587944 -0.058359
v 0.243601 -0.589363 -0.054380
v 0.253505 -0.586526 -0.062337
v 0.243614 -0.589518 -0.062295
v 0.248560 -0.588022 -0.062316
v 0.238437 -0.589528 -0.054386
v 0.238450 -0.589683 -0.062301
v 0.238444 -0.589606 -0.058343
v 0.228109 -0.589859 -0.054396
v 0.233273 -0.589693 -0.054391
v 0.228115 -0.589936 -0.058354
v 0.222945 -0.590024 -0.054401
v 0.233286 -0.589848 -0.062306
v 0.222958 -0.590179 -0.062316
v 0.228122 -0.590014 -0.062311
v 0.217914 -0.588848 -0.054433
v 0.217927 -0.589003 -0.062348
v 0.217920 -0.588925 -0.058390
v 0.207852 -0.586494 -0.054496
v 0.212883 -0.587671 -0.054464
v 0.207859 -0.586572 -0.058453
v 0.202821 -0.585317 -0.054527
v 0.212896 -0.587826 -0.062379
v 0.202835 -0.585473 -0.062442
v 0.207865 -0.586649 -0.062411
v 0.454162 0.222370 -0.013843
v 0.454207 0.221828 -0.041546
v 0.454184 0.222099 -0.027694
v 0.459710 0.218389 -0.013756
v 0.456936 0.220380 -0.013799
v 0.459733 0.218118 -0.027607
v 0.462484 0.216399 -0.013712
v 0.456982 0.219837 -0.041502
v 0.462530 0.215856 -0.041415
v 0.459756 0.217847 -0.041459
v 0.463892 0.213288 -0.013649
v 0.463937 0.212745 -0.041352
v 0.463914 0.213016 -0.027500
v 0.466706 0.207066 -0.013522
v 0.465299 0.210177 -0.013585
v 0.466729 0.206794 -0.027374
v 0.468113 0.203955 -0.013459
v 0.465344 0.209634 -0.041289
v 0.468159 0.203412 -0.041162
v 0.466752 0.206523 -0.041225
v 0.467775 0.200557 -0.013393
v 0.467821 0.200015 -0.041096
v 0.467798 0.200286 -0.027245
v 0.467101 0.193762 -0.013261
v 0.467438 0.197160 -0.013327
v 0.467124 0.193491 -0.027113
v 0.466764 0.190365 -0.013195
v 0.467484 0.196617 -0.041030
v 0.466809 0.189822 -0.040898
v 0.467147 0.193220 -0.040964
v -0.406190 -0.030305 -0.010317
v -0.406145 -0.030848 -0.038020
v -0.406168 -0.030576 -0.024168
v -0.285112 0.290616 -0.016402
v -0.345651 0.130155 -0.013360
v -0.285089 0.290345 -0.030254
v -0.345605 0.129613 -0.041063
v -0.285066 0.290073 -0.044105
v -0.219077 0.399104 0.324373
v -0.212904 0.396777 0.324429
v -0.212777 0.395272 0.247586
v -0.219331 0.402115 0.478059
v -0.213159 0.399787 0.478115
v -0.213032 0.398282 0.401272
v -0.200559 0.392121 0.324541
v -0.200432 0.390616 0.247698
v -0.206732 0.394449 0.324485
v -0.200686 0.393626 0.401384
v -0.194386 0.389793 0.324597
v -0.213286 0.401292 0.554958
v -0.206986 0.397459 0.478171
v -0.200940 0.396636 0.555070
v -0.194641 0.392803 0.478282
v -0.200813 0.395131 0.478227
v -0.188214 0.387465 0.324652
v -0.188087 0.385960 0.247809
v -0.188468 0.390476 0.478338
v -0.188341 0.388971 0.401495
v -0.175868 0.382810 0.324764
v -0.175741 0.381305 0.247921
v -0.182041 0.385138 0.324708
v -0.175996 0.384315 0.401607
v -0.188595 0.391981 0.555181
v -0.182295 0.388148 0.478394
v -0.176250 0.387325 0.555293
v -0.176123 0.385820 0.478450
v -0.218569 0.393084 0.017003
v -0.212396 0.390757 0.017058
v -0.212269 0.389251 -0.059784
v -0.218823 0.396094 0.170688
v -0.212650 0.393767 0.170744
v -0.212523 0.392262 0.093901
v -0.200051 0.386101 0.017170
v -0.199924 0.384596 -0.059673
v -0.206223 0.388429 0.017114
v -0.200178 0.387606 0.094013
v -0.193878 0.383773 0.017226
v -0.206478 0.391439 0.170799
v -0.194132 0.386783 0.170911
v -0.200305 0.389111 0.170855
v -0.187705 0.381445 0.017282
v -0.187578 0.379940 -0.059561
v -0.187960 0.384455 0.170967
v -0.187832 0.382950 0.094124
v -0.175360 0.376790 0.017393
v -0.175233 0.375285 -0.059450
v -0.181533 0.379118 0.017337
v -0.175487 0.378295 0.094236
v -0.181787 0.382128 0.171023
v -0.175614 0.379800 0.171078
v -0.419531 -0.197696 0.566348
v -0.419302 -0.200409 0.427833
v -0.402248 -0.204214 0.566505
v -0.402019 -0.206927 0.427990
v -0.410661 -0.203668 0.427912
v -0.418844 -0.205835 0.150803
v -0.419073 -0.203122 0.289318
v -0.410203 -0.209094 0.150882
v -0.401790 -0.209639 0.289475
v -0.401561 -0.212352 0.150960
v -0.434011 -0.188987 0.566154
v -0.435700 -0.185254 0.566078
v -0.434855 -0.187120 0.566116
v -0.430682 -0.191376 0.566206
v -0.432347 -0.190181 0.566180
v -0.432989 -0.186276 0.566103
v -0.430480 -0.189337 0.566167
v -0.435497 -0.183215 0.566038
v -0.435093 -0.179137 0.565959
v -0.435295 -0.181176 0.565999
v -0.421838 -0.192596 0.566245
v -0.426451 -0.182396 0.566037
v -0.424145 -0.187496 0.566141
v -0.404555 -0.199114 0.566401
v -0.413197 -0.195855 0.566323
v -0.412243 -0.182115 0.566055
v -0.401295 -0.190474 0.566237
v -0.434140 -0.165398 0.565692
v -0.423192 -0.173756 0.565874
v -0.427620 -0.148117 0.565364
v -0.416672 -0.156476 0.565546
v -0.419932 -0.165116 0.565710
v -0.396638 -0.178131 0.566003
v -0.404327 -0.161132 0.565657
v -0.391981 -0.165787 0.565769
v 0.417898 0.217035 0.421042
v 0.400615 0.223553 0.420886
v 0.409257 0.220294 0.420964
v 0.418356 0.211609 0.144012
v 0.418127 0.214322 0.282527
v 0.409715 0.214868 0.143934
v 0.391973 0.226811 0.420808
v 0.400844 0.220840 0.282371
v 0.392432 0.221385 0.143778
v 0.401073 0.218127 0.143856
v 0.176199 -0.430233 0.156183
v 0.158916 -0.423716 0.156027
v 0.167558 -0.426974 0.156105
v 0.175741 -0.424807 0.433213
v 0.175970 -0.427520 0.294698
v 0.167099 -0.421549 0.433135
v 0.158687 -0.421003 0.294542
v 0.158458 -0.418290 0.433057
v -0.200968 0.444017 0.554141
v -0.197234 0.445705 0.554115
v -0.199101 0.444861 0.554128
v -0.203358 0.440688 0.554203
v -0.202163 0.442353 0.554172
v -0.198257 0.442995 0.554166
v -0.201319 0.440486 0.554210
v -0.195195 0.445503 0.554122
v -0.191117 0.445099 0.554137
v -0.193156 0.445301 0.554129
v -0.204578 0.431846 0.554374
v -0.194377 0.436459 0.554300
v -0.199477 0.434153 0.554337
v -0.211098 0.414566 0.554702
v -0.207838 0.423206 0.554538
v -0.194096 0.422254 0.554579
v -0.202456 0.411307 0.554780
v -0.185735 0.433200 0.554379
v -0.168452 0.426682 0.554535
v -0.177093 0.429941 0.554457
v -0.190111 0.406652 0.554891
v -0.207113 0.398964 0.555014
v -0.156106 0.422027 0.554646
v -0.173109 0.414339 0.554769
v -0.165420 0.397340 0.555114
v -0.182422 0.389653 0.555237
v -0.177766 0.401996 0.555003
v -0.546939 -0.291750 -0.083791
v -0.542725 -0.293492 -0.083790
v -0.546778 -0.291323 -0.083839
v -0.538834 -0.296090 -0.083693
v -0.534619 -0.297831 -0.083692
v -0.538672 -0.295662 -0.083741
v -0.534295 -0.296975 -0.083788
v -0.538348 -0.294806 -0.083838
v -0.538510 -0.295234 -0.083789
v -0.556810 -0.282259 -0.084114
v -0.553544 -0.285322 -0.084049
v -0.563342 -0.276134 -0.084245
v -0.560076 -0.279196 -0.084179
v -0.564051 -0.276713 -0.084154
v -0.560785 -0.279776 -0.084089
v -0.560430 -0.279486 -0.084134
v -0.566058 -0.272620 -0.084278
v -0.566413 -0.272910 -0.084232
v -0.565704 -0.272330 -0.084323
v -0.570427 -0.264724 -0.084480
v -0.568066 -0.268527 -0.084402
v -0.568838 -0.269005 -0.084313
v -0.566830 -0.273098 -0.084189
v -0.572852 -0.260819 -0.084560
v -0.570845 -0.264912 -0.084437
v -0.573687 -0.261194 -0.084474
v -0.571680 -0.265288 -0.084350
v -0.571262 -0.265100 -0.084393
v -0.574566 -0.256721 -0.084603
v -0.574984 -0.256909 -0.084560
v -0.574149 -0.256533 -0.084646
v -0.576742 -0.247963 -0.084819
v -0.575445 -0.252248 -0.084733
v -0.576315 -0.252510 -0.084648
v -0.575436 -0.256983 -0.084519
v -0.578073 -0.243564 -0.084907
v -0.577194 -0.248037 -0.084778
v -0.578978 -0.243710 -0.084825
v -0.578099 -0.248183 -0.084696
v -0.577647 -0.248110 -0.084737
v -0.578669 -0.239162 -0.084954
v -0.579121 -0.239236 -0.084913
v -0.578216 -0.239089 -0.084995
v -0.578502 -0.230140 -0.085171
v -0.578359 -0.234614 -0.085083
v -0.579268 -0.234642 -0.085003
v -0.579577 -0.239190 -0.084874
v -0.578649 -0.225546 -0.085261
v -0.578959 -0.230094 -0.085132
v -0.579562 -0.225453 -0.085184
v -0.579871 -0.230001 -0.085055
v -0.579415 -0.230047 -0.085093
v -0.578086 -0.221140 -0.085306
v -0.578542 -0.221094 -0.085267
v -0.577629 -0.221186 -0.085345
v -0.575589 -0.212468 -0.085512
v -0.576609 -0.216827 -0.085428
v -0.577494 -0.216618 -0.085353
v -0.578971 -0.220931 -0.085231
v -0.574542 -0.207992 -0.085598
v -0.576018 -0.212305 -0.085476
v -0.575400 -0.207667 -0.085525
v -0.576876 -0.211980 -0.085403
v -0.576447 -0.212143 -0.085439
v -0.565597 -0.284318 -0.080357
v -0.561033 -0.286490 -0.081209
v -0.564684 -0.283066 -0.081282
v -0.558296 -0.291166 -0.080211
v -0.553732 -0.293337 -0.081063
v -0.557382 -0.289914 -0.081136
v -0.551905 -0.290833 -0.082914
v -0.555556 -0.287409 -0.082988
v -0.556469 -0.288661 -0.082062
v -0.548406 -0.294447 -0.081935
v -0.547493 -0.293195 -0.082861
v -0.550232 -0.296952 -0.080084
v -0.549319 -0.295700 -0.081010
v -0.541407 -0.301676 -0.079977
v -0.540493 -0.300424 -0.080902
v -0.544906 -0.298062 -0.080956
v -0.543440 -0.295365 -0.082812
v -0.536441 -0.302594 -0.080853
v -0.539940 -0.298979 -0.081832
v -0.535334 -0.299704 -0.082713
v -0.539387 -0.297534 -0.082763
v -0.577293 -0.206935 -0.084600
v -0.578340 -0.211411 -0.084514
v -0.580222 -0.205797 -0.082822
v -0.581269 -0.210272 -0.082736
v -0.579805 -0.210842 -0.083625
v -0.580435 -0.220362 -0.084342
v -0.579388 -0.215886 -0.084428
v -0.581992 -0.220190 -0.083445
v -0.581575 -0.225235 -0.084248
v -0.582826 -0.210100 -0.081839
v -0.582409 -0.215145 -0.082642
v -0.585106 -0.219847 -0.081652
v -0.584689 -0.224892 -0.082455
v -0.583549 -0.220018 -0.082548
v -0.581428 -0.229829 -0.084158
v -0.584542 -0.229486 -0.082365
v -0.582985 -0.229658 -0.083261
v -0.581134 -0.239018 -0.083978
v -0.581281 -0.234424 -0.084068
v -0.582678 -0.239254 -0.083073
v -0.580974 -0.244020 -0.083879
v -0.586086 -0.229722 -0.081460
v -0.584382 -0.234488 -0.082266
v -0.585766 -0.239726 -0.081263
v -0.584062 -0.244492 -0.082070
v -0.584222 -0.239490 -0.082168
v -0.579643 -0.248419 -0.083791
v -0.582731 -0.248891 -0.081982
v -0.581187 -0.248655 -0.082886
v -0.576980 -0.257219 -0.083614
v -0.578312 -0.252819 -0.083703
v -0.578406 -0.257845 -0.082702
v -0.575531 -0.262009 -0.083518
v -0.584157 -0.249518 -0.081069
v -0.581281 -0.253681 -0.081885
v -0.581257 -0.259098 -0.080877
v -0.578382 -0.263261 -0.081693
v -0.579832 -0.258471 -0.081789
v -0.573106 -0.265914 -0.083438
v -0.575957 -0.267166 -0.081612
v -0.574531 -0.266540 -0.082525
v -0.568256 -0.273724 -0.083277
v -0.570681 -0.269819 -0.083357
v -0.537656 -0.305672 -0.074803
v -0.542211 -0.303233 -0.074858
v -0.537215 -0.304583 -0.078216
v -0.541769 -0.302145 -0.078272
v -0.541990 -0.302689 -0.076565
v -0.551320 -0.298357 -0.074968
v -0.546766 -0.300795 -0.074913
v -0.550958 -0.297888 -0.076674
v -0.555733 -0.295994 -0.075022
v -0.546182 -0.299782 -0.078325
v -0.555008 -0.295058 -0.078432
v -0.550595 -0.297420 -0.078379
v -0.559502 -0.292461 -0.075097
v -0.558776 -0.291524 -0.078508
v -0.559139 -0.291992 -0.076803
v -0.567039 -0.285393 -0.075248
v -0.563270 -0.288927 -0.075173
v -0.566558 -0.285035 -0.076951
v -0.570689 -0.281969 -0.075321
v -0.562427 -0.288100 -0.078581
v -0.569728 -0.281253 -0.078727
v -0.566078 -0.284676 -0.078654
v -0.573414 -0.277580 -0.075412
v -0.572454 -0.276864 -0.078817
v -0.572934 -0.277222 -0.077115
v -0.578865 -0.268803 -0.075593
v -0.576140 -0.273192 -0.075502
v -0.542296 -0.292693 -0.083886
v -0.550191 -0.288466 -0.083981
v -0.546243 -0.290579 -0.083934
v -0.550725 -0.289209 -0.083887
v -0.546510 -0.290951 -0.083886
v -0.554078 -0.286065 -0.083954
v -0.554345 -0.286436 -0.083907
v -0.553811 -0.285693 -0.084001
v -0.561052 -0.280148 -0.084042
v -0.557432 -0.282920 -0.084022
v -0.558909 -0.284265 -0.083055
v -0.565616 -0.277976 -0.083189
v -0.562263 -0.281120 -0.083122
v -0.568037 -0.279922 -0.081350
v -0.563473 -0.282093 -0.082202
v -0.570677 -0.275670 -0.081437
v -0.571888 -0.276643 -0.080517
v -0.569467 -0.274697 -0.082357
v -0.577168 -0.268139 -0.080693
v -0.573317 -0.271418 -0.081525
v -0.575094 -0.272612 -0.078905
v -0.580373 -0.264109 -0.079080
v -0.577733 -0.268361 -0.078993
v -0.581505 -0.264551 -0.075680
v -0.578299 -0.268582 -0.077293
v -0.582389 -0.259540 -0.077477
v -0.582954 -0.259761 -0.075777
v -0.581823 -0.259319 -0.079177
v -0.584722 -0.249739 -0.079369
v -0.583273 -0.254529 -0.079273
v -0.584450 -0.254817 -0.075876
v -0.586218 -0.244795 -0.079468
v -0.585334 -0.249806 -0.077672
v -0.587443 -0.244928 -0.076075
v -0.585946 -0.249873 -0.075975
v -0.586991 -0.239860 -0.077870
v -0.587603 -0.239926 -0.076173
v -0.586378 -0.239793 -0.079567
v -0.586699 -0.229789 -0.079763
v -0.586539 -0.234791 -0.079665
v -0.587768 -0.234763 -0.076274
v -0.586864 -0.224625 -0.079864
v -0.587316 -0.229694 -0.078069
v -0.588098 -0.224437 -0.076477
v -0.587933 -0.229600 -0.076376
v -0.586341 -0.219658 -0.078264
v -0.586958 -0.219564 -0.076571
v -0.585724 -0.219752 -0.079958
v -0.583443 -0.210006 -0.080145
v -0.584584 -0.214879 -0.080052
v -0.585781 -0.214534 -0.076667
v -0.582266 -0.204976 -0.080242
v -0.584024 -0.209755 -0.078454
v -0.583427 -0.204474 -0.076860
v -0.584604 -0.209504 -0.076764
v 0.194442 -0.465658 0.014380
v 0.195369 -0.463138 0.016971
v 0.194905 -0.464398 0.015675
v 0.201238 -0.466332 0.014404
v 0.197840 -0.465995 0.014392
v 0.201022 -0.465005 0.015697
v 0.203957 -0.466602 0.014414
v 0.198087 -0.463407 0.016981
v 0.203524 -0.463946 0.017000
v 0.200806 -0.463677 0.016991
v 0.207068 -0.465195 0.014392
v 0.206636 -0.462539 0.016978
v 0.206852 -0.463867 0.015685
v 0.213292 -0.462381 0.014347
v 0.210180 -0.463788 0.014369
v 0.212453 -0.461335 0.015644
v 0.215781 -0.461255 0.014329
v 0.209125 -0.461414 0.016960
v 0.214104 -0.459163 0.016924
v 0.211615 -0.460288 0.016942
v 0.217772 -0.458482 0.014278
v 0.216095 -0.456389 0.016873
v 0.216933 -0.457435 0.015575
v 0.221754 -0.452934 0.014176
v 0.219763 -0.455708 0.014227
v 0.220517 -0.452443 0.015484
v 0.217688 -0.454170 0.016832
v 0.219281 -0.451951 0.016791
f 1 1646 1648
f 1646 427 1647
f 1647 429 1648
f 1646 1647 1648
f 427 1649 1651
f 1649 2 1650
f 1650 428 1651
f 1649 1650 1651
f 428 1652 1654
f 1652 3 1653
f 1653 429 1654
f 1652 1653 1654
f 427 1651 1647
f 1651 428 1654
f 1654 429 1647
f 1651 1654 1647
f 4 1655 1657
f 1655 430 1656
f 1656 432 1657
f 1655 1656 1657
f 430 1658 1660
f 1658 5 1659
f 1659 431 1660
f 1658 1659 1660
f 431 1661 1663
f 1661 6 1662
f 1662 432 1663
f 1661 1662 1663
f 430 1660 1656
f 1660 431 1663
f 1663 432 1656
f 1660 1663 1656
f 7 1664 1666
f 1664 433 1665
f 1665 435 1666
f 1664 1665 1666
f 433 1667 1669
f 1667 8 1668
f 1668 434 1669
f 1667 1668 1669
f 434 1670 1672
f 1670 9 1671
f 1671 435 1672
f 1670 1671 1672
f 433 1669 1665
f 1669 434 1672
f 1672 435 1665
f 1669 1672 1665
f 10 1673 1675
f 1673 436 1674
f 1674 438 1675
f 1673 1674 1675
f 436 1676 1678
f 1676 11 1677
f 1677 437 1678
f 1676 1677 1678
f 437 1679 1681
f 1679 12 1680
f 1680 438 1681
f 1679 1680 1681
f 436 1678 1674
f 1678 437 1681
f 1681 438 1674
f 1678 1681 1674
f 3 1682 1653
f 1682 439 1683
f 1683 429 1653
f 1682 1683 1653
f 439 1684 1686
f 1684 4 1685
f 1685 440 1686
f 1684 1685 1686
f 440 1687 1688
f 1687 1 1648
f 1648 429 1688
f 1687 1648 1688
f 439 1686 1683
f 1686 440 1688
f 1688 429 1683
f 1686 1688 1683
f 1 1687 1690
f 1687 440 1689
f 1689 441 1690
f 1687 1689 1690
f 440 1685 1691
f 1685 4 1657
f 1657 432 1691
f 1685 1657 1691
f 432 1662 1693
f 1662 6 1692
f 1692 441 1693
f 1662 1692 1693
f 440 1691 1689
f 1691 432 1693
f 1693 441 1689
f 1691 1693 1689
f 1 1690 1695
f 1690 441 1694
f 1694 443 1695
f 1690 1694 1695
f 441 1692 1697
f 1692 6 1696
f 1696 442 1697
f 1692 1696 1697
f 442 1698 1700
f 1698 12 1699
f 1699 443 1700
f 1698 1699 1700
f 441 1697 1694
f 1697 442 1700
f 1700 443 1694
f 1697 1700 1694
f 12 1698 1702
f 1698 442 1701
f 1701 445 1702
f 1698 1701 1702
f 442 1696 1704
f 1696 6 1703
f 1703 444 1704
f 1696 1703 1704
f 444 1705 1707
f 1705 7 1706
f 1706 445 1707
f 1705 1706 1707
f 442 1704 1701
f 1704 444 1707
f 1707 445 1701
f 1704 1707 1701
f 12 1702 1680
f 1702 445 1708
f 1708 438 1680
f 1702 1708 1680
f 445 1706 1710
f 1706 7 1709
f 1709 446 1710
f 1706 1709 1710
f 446 1711 1712
f 1711 10 1675
f 1675 438 1712
f 1711 1675 1712
f 445 1710 1708
f 1710 446 1712
f 1712 438 1708
f 1710 1712 1708
f 10 1711 1714
f 1711 446 1713
f 1713 447 1714
f 1711 1713 1714
f 446 1709 1715
f 1709 7 1666
f 1666 435 1715
f 1709 1666 1715
f 435 1671 1717
f 1671 9 1716
f 1716 447 1717
f 1671 1716 1717
f 446 1715 1713
f 1715 435 1717
f 1717 447 1713
f 1715 1717 1713
f 11 1718 1720
f 1718 448 1719
f 1719 450 1720
f 1718 1719 1720
f 448 1721 1723
f 1721 13 1722
f 1722 449 1723
f 1721 1722 1723
f 449 1724 1726
f 1724 14 1725
f 1725 450 1726
f 1724 1725 1726
f 448 1723 1719
f 1723 449 1726
f 1726 450 1719
f 1723 1726 1719
f 14 1724 1728
f 1724 449 1727
f 1727 452 1728
f 1724 1727 1728
f 449 1722 1730
f 1722 13 1729
f 1729 451 1730
f 1722 1729 1730
f 451 1731 1733
f 1731 15 1732
f 1732 452 1733
f 1731 1732 1733
f 449 1730 1727
f 1730 451 1733
f 1733 452 1727
f 1730 1733 1727
f 14 1728 1735
f 1728 452 1734
f 1734 454 1735
f 1728 1734 1735
f 452 1732 1737
f 1732 15 1736
f 1736 453 1737
f 1732 1736 1737
f 453 1738 1740
f 1738 12 1739
f 1739 454 1740
f 1738 1739 1740
f 452 1737 1734
f 1737 453 1740
f 1740 454 1734
f 1737 1740 1734
f 12 1738 1742
f 1738 453 1741
f 1741 456 1742
f 1738 1741 1742
f 453 1736 1744
f 1736 15 1743
f 1743 455 1744
f 1736 1743 1744
f 455 1745 1747
f 1745 16 1746
f 1746 456 1747
f 1745 1746 1747
f 453 1744 1741
f 1744 455 1747
f 1747 456 1741
f 1744 1747 1741
f 13 1748 1729
f 1748 457 1749
f 1749 451 1729
f 1748 1749 1729
f 457 1750 1752
f 1750 17 1751
f 1751 458 1752
f 1750 1751 1752
f 458 1753 1754
f 1753 15 1731
f 1731 451 1754
f 1753 1731 1754
f 457 1752 1749
f 1752 458 1754
f 1754 451 1749
f 1752 1754 1749
f 15 1753 1756
f 1753 458 1755
f 1755 460 1756
f 1753 1755 1756
f 458 1751 1758
f 1751 17 1757
f 1757 459 1758
f 1751 1757 1758
f 459 1759 1761
f 1759 18 1760
f 1760 460 1761
f 1759 1760 1761
f 458 1758 1755
f 1758 459 1761
f 1761 460 1755
f 1758 1761 1755
f 15 1756 1743
f 1756 460 1762
f 1762 455 1743
f 1756 1762 1743
f 460 1760 1764
f 1760 18 1763
f 1763 461 1764
f 1760 1763 1764
f 461 1765 1766
f 1765 16 1745
f 1745 455 1766
f 1765 1745 1766
f 460 1764 1762
f 1764 461 1766
f 1766 455 1762
f 1764 1766 1762
f 16 1765 1768
f 1765 461 1767
f 1767 463 1768
f 1765 1767 1768
f 461 1763 1770
f 1763 18 1769
f 1769 462 1770
f 1763 1769 1770
f 462 1771 1773
f 1771 19 1772
f 1772 463 1773
f 1771 1772 1773
f 461 1770 1767
f 1770 462 1773
f 1773 463 1767
f 1770 1773 1767
f 20 1774 1776
f 1774 464 1775
f 1775 466 1776
f 1774 1775 1776
f 464 1777 1779
f 1777 21 1778
f 1778 465 1779
f 1777 1778 1779
f 465 1780 1782
f 1780 2 1781
f 1781 466 1782
f 1780 1781 1782
f 464 1779 1775
f 1779 465 1782
f 1782 466 1775
f 1779 1782 1775
f 2 1780 1650
f 1780 465 1783
f 1783 428 1650
f 1780 1783 1650
f 465 1778 1785
f 1778 21 1784
f 1784 467 1785
f 1778 1784 1785
f 467 1786 1787
f 1786 3 1652
f 1652 428 1787
f 1786 1652 1787
f 465 1785 1783
f 1785 467 1787
f 1787 428 1783
f 1785 1787 1783
f 6 1661 1789
f 1661 431 1788
f 1788 469 1789
f 1661 1788 1789
f 431 1659 1791
f 1659 5 1790
f 1790 468 1791
f 1659 1790 1791
f 468 1792 1794
f 1792 22 1793
f 1793 469 1794
f 1792 1793 1794
f 431 1791 1788
f 1791 468 1794
f 1794 469 1788
f 1791 1794 1788
f 22 1792 1796
f 1792 468 1795
f 1795 471 1796
f 1792 1795 1796
f 468 1790 1798
f 1790 5 1797
f 1797 470 1798
f 1790 1797 1798
f 470 1799 1801
f 1799 23 1800
f 1800 471 1801
f 1799 1800 1801
f 468 1798 1795
f 1798 470 1801
f 1801 471 1795
f 1798 1801 1795
f 24 1802 1804
f 1802 472 1803
f 1803 474 1804
f 1802 1803 1804
f 472 1805 1807
f 1805 9 1806
f 1806 473 1807
f 1805 1806 1807
f 473 1808 1810
f 1808 25 1809
f 1809 474 1810
f 1808 1809 1810
f 472 1807 1803
f 1807 473 1810
f 1810 474 1803
f 1807 1810 1803
f 25 1808 1812
f 1808 473 1811
f 1811 475 1812
f 1808 1811 1812
f 473 1806 1813
f 1806 9 1670
f 1670 434 1813
f 1806 1670 1813
f 434 1668 1815
f 1668 8 1814
f 1814 475 1815
f 1668 1814 1815
f 473 1813 1811
f 1813 434 1815
f 1815 475 1811
f 1813 1815 1811
f 26 1816 1818
f 1816 476 1817
f 1817 478 1818
f 1816 1817 1818
f 476 1819 1821
f 1819 27 1820
f 1820 477 1821
f 1819 1820 1821
f 477 1822 1824
f 1822 28 1823
f 1823 478 1824
f 1822 1823 1824
f 476 1821 1817
f 1821 477 1824
f 1824 478 1817
f 1821 1824 1817
f 29 1825 1827
f 1825 479 1826
f 1826 481 1827
f 1825 1826 1827
f 479 1828 1830
f 1828 30 1829
f 1829 480 1830
f 1828 1829 1830
f 480 1831 1833
f 1831 31 1832
f 1832 481 1833
f 1831 1832 1833
f 479 1830 1826
f 1830 480 1833
f 1833 481 1826
f 1830 1833 1826
f 31 1831 1835
f 1831 480 1834
f 1834 483 1835
f 1831 1834 1835
f 480 1829 1837
f 1829 30 1836
f 1836 482 1837
f 1829 1836 1837
f 482 1838 1840
f 1838 32 1839
f 1839 483 1840
f 1838 1839 1840
f 480 1837 1834
f 1837 482 1840
f 1840 483 1834
f 1837 1840 1834
f 31 1835 1842
f 1835 483 1841
f 1841 485 1842
f 1835 1841 1842
f 483 1839 1844
f 1839 32 1843
f 1843 484 1844
f 1839 1843 1844
f 484 1845 1847
f 1845 33 1846
f 1846 485 1847
f 1845 1846 1847
f 483 1844 1841
f 1844 484 1847
f 1847 485 1841
f 1844 1847 1841
f 33 1845 1849
f 1845 484 1848
f 1848 487 1849
f 1845 1848 1849
f 484 1843 1851
f 1843 32 1850
f 1850 486 1851
f 1843 1850 1851
f 486 1852 1854
f 1852 34 1853
f 1853 487 1854
f 1852 1853 1854
f 484 1851 1848
f 1851 486 1854
f 1854 487 1848
f 1851 1854 1848
f 33 1849 1856
f 1849 487 1855
f 1855 489 1856
f 1849 1855 1856
f 487 1853 1858
f 1853 34 1857
f 1857 488 1858
f 1853 1857 1858
f 488 1859 1861
f 1859 35 1860
f 1860 489 1861
f 1859 1860 1861
f 487 1858 1855
f 1858 488 1861
f 1861 489 1855
f 1858 1861 1855
f 35 1859 1863
f 1859 488 1862
f 1862 491 1863
f 1859 1862 1863
f 488 1857 1865
f 1857 34 1864
f 1864 490 1865
f 1857 1864 1865
f 490 1866 1868
f 1866 36 1867
f 1867 491 1868
f 1866 1867 1868
f 488 1865 1862
f 1865 490 1868
f 1868 491 1862
f 1865 1868 1862
f 37 1869 1871
f 1869 492 1870
f 1870 494 1871
f 1869 1870 1871
f 492 1872 1874
f 1872 38 1873
f 1873 493 1874
f 1872 1873 1874
f 493 1875 1877
f 1875 39 1876
f 1876 494 1877
f 1875 1876 1877
f 492 1874 1870
f 1874 493 1877
f 1877 494 1870
f 1874 1877 1870
f 39 1875 1879
f 1875 493 1878
f 1878 496 1879
f 1875 1878 1879
f 493 1873 1881
f 1873 38 1880
f 1880 495 1881
f 1873 1880 1881
f 495 1882 1884
f 1882 40 1883
f 1883 496 1884
f 1882 1883 1884
f 493 1881 1878
f 1881 495 1884
f 1884 496 1878
f 1881 1884 1878
f 39 1879 1886
f 1879 496 1885
f 1885 498 1886
f 1879 1885 1886
f 496 1883 1888
f 1883 40 1887
f 1887 497 1888
f 1883 1887 1888
f 497 1889 1891
f 1889 41 1890
f 1890 498 1891
f 1889 1890 1891
f 496 1888 1885
f 1888 497 1891
f 1891 498 1885
f 1888 1891 1885
f 41 1889 1893
f 1889 497 1892
f 1892 500 1893
f 1889 1892 1893
f 497 1887 1895
f 1887 40 1894
f 1894 499 1895
f 1887 1894 1895
f 499 1896 1898
f 1896 42 1897
f 1897 500 1898
f 1896 1897 1898
f 497 1895 1892
f 1895 499 1898
f 1898 500 1892
f 1895 1898 1892
f 41 1893 1900
f 1893 500 1899
f 1899 502 1900
f 1893 1899 1900
f 500 1897 1902
f 1897 42 1901
f 1901 501 1902
f 1897 1901 1902
f 501 1903 1905
f 1903 43 1904
f 1904 502 1905
f 1903 1904 1905
f 500 1902 1899
f 1902 501 1905
f 1905 502 1899
f 1902 1905 1899
f 44 1906 1908
f 1906 503 1907
f 1907 505 1908
f 1906 1907 1908
f 503 1909 1911
f 1909 45 1910
f 1910 504 1911
f 1909 1910 1911
f 504 1912 1914
f 1912 46 1913
f 1913 505 1914
f 1912 1913 1914
f 503 1911 1907
f 1911 504 1914
f 1914 505 1907
f 1911 1914 1907
f 46 1912 1916
f 1912 504 1915
f 1915 507 1916
f 1912 1915 1916
f 504 1910 1918
f 1910 45 1917
f 1917 506 1918
f 1910 1917 1918
f 506 1919 1921
f 1919 47 1920
f 1920 507 1921
f 1919 1920 1921
f 504 1918 1915
f 1918 506 1921
f 1921 507 1915
f 1918 1921 1915
f 46 1916 1923
f 1916 507 1922
f 1922 509 1923
f 1916 1922 1923
f 507 1920 1925
f 1920 47 1924
f 1924 508 1925
f 1920 1924 1925
f 508 1926 1928
f 1926 48 1927
f 1927 509 1928
f 1926 1927 1928
f 507 1925 1922
f 1925 508 1928
f 1928 509 1922
f 1925 1928 1922
f 48 1926 1930
f 1926 508 1929
f 1929 511 1930
f 1926 1929 1930
f 508 1924 1932
f 1924 47 1931
f 1931 510 1932
f 1924 1931 1932
f 510 1933 1935
f 1933 49 1934
f 1934 511 1935
f 1933 1934 1935
f 508 1932 1929
f 1932 510 1935
f 1935 511 1929
f 1932 1935 1929
f 35 1936 1860
f 1936 512 1937
f 1937 489 1860
f 1936 1937 1860
f 512 1938 1940
f 1938 50 1939
f 1939 513 1940
f 1938 1939 1940
f 513 1941 1942
f 1941 33 1856
f 1856 489 1942
f 1941 1856 1942
f 512 1940 1937
f 1940 513 1942
f 1942 489 1937
f 1940 1942 1937
f 33 1941 1944
f 1941 513 1943
f 1943 515 1944
f 1941 1943 1944
f 513 1939 1946
f 1939 50 1945
f 1945 514 1946
f 1939 1945 1946
f 514 1947 1949
f 1947 38 1948
f 1948 515 1949
f 1947 1948 1949
f 513 1946 1943
f 1946 514 1949
f 1949 515 1943
f 1946 1949 1943
f 33 1944 1951
f 1944 515 1950
f 1950 517 1951
f 1944 1950 1951
f 515 1948 1953
f 1948 38 1952
f 1952 516 1953
f 1948 1952 1953
f 516 1954 1956
f 1954 51 1955
f 1955 517 1956
f 1954 1955 1956
f 515 1953 1950
f 1953 516 1956
f 1956 517 1950
f 1953 1956 1950
f 51 1954 1958
f 1954 516 1957
f 1957 518 1958
f 1954 1957 1958
f 516 1952 1959
f 1952 38 1872
f 1872 492 1959
f 1952 1872 1959
f 492 1869 1961
f 1869 37 1960
f 1960 518 1961
f 1869 1960 1961
f 516 1959 1957
f 1959 492 1961
f 1961 518 1957
f 1959 1961 1957
f 51 1958 1963
f 1958 518 1962
f 1962 520 1963
f 1958 1962 1963
f 518 1960 1965
f 1960 37 1964
f 1964 519 1965
f 1960 1964 1965
f 519 1966 1968
f 1966 52 1967
f 1967 520 1968
f 1966 1967 1968
f 518 1965 1962
f 1965 519 1968
f 1968 520 1962
f 1965 1968 1962
f 52 1966 1970
f 1966 519 1969
f 1969 522 1970
f 1966 1969 1970
f 519 1964 1972
f 1964 37 1971
f 1971 521 1972
f 1964 1971 1972
f 521 1973 1975
f 1973 53 1974
f 1974 522 1975
f 1973 1974 1975
f 519 1972 1969
f 1972 521 1975
f 1975 522 1969
f 1972 1975 1969
f 42 1976 1901
f 1976 523 1977
f 1977 501 1901
f 1976 1977 1901
f 523 1978 1980
f 1978 54 1979
f 1979 524 1980
f 1978 1979 1980
f 524 1981 1982
f 1981 43 1903
f 1903 501 1982
f 1981 1903 1982
f 523 1980 1977
f 1980 524 1982
f 1982 501 1977
f 1980 1982 1977
f 43 1981 1984
f 1981 524 1983
f 1983 526 1984
f 1981 1983 1984
f 524 1979 1986
f 1979 54 1985
f 1985 525 1986
f 1979 1985 1986
f 525 1987 1989
f 1987 48 1988
f 1988 526 1989
f 1987 1988 1989
f 524 1986 1983
f 1986 525 1989
f 1989 526 1983
f 1986 1989 1983
f 43 1984 1991
f 1984 526 1990
f 1990 528 1991
f 1984 1990 1991
f 526 1988 1993
f 1988 48 1992
f 1992 527 1993
f 1988 1992 1993
f 527 1994 1996
f 1994 55 1995
f 1995 528 1996
f 1994 1995 1996
f 526 1993 1990
f 1993 527 1996
f 1996 528 1990
f 1993 1996 1990
f 55 1994 1998
f 1994 527 1997
f 1997 529 1998
f 1994 1997 1998
f 527 1992 1999
f 1992 48 1930
f 1930 511 1999
f 1992 1930 1999
f 511 1934 2001
f 1934 49 2000
f 2000 529 2001
f 1934 2000 2001
f 527 1999 1997
f 1999 511 2001
f 2001 529 1997
f 1999 2001 1997
f 55 1998 2003
f 1998 529 2002
f 2002 531 2003
f 1998 2002 2003
f 529 2000 2005
f 2000 49 2004
f 2004 530 2005
f 2000 2004 2005
f 530 2006 2008
f 2006 56 2007
f 2007 531 2008
f 2006 2007 2008
f 529 2005 2002
f 2005 530 2008
f 2008 531 2002
f 2005 2008 2002
f 56 2006 2010
f 2006 530 2009
f 2009 533 2010
f 2006 2009 2010
f 530 2004 2012
f 2004 49 2011
f 2011 532 2012
f 2004 2011 2012
f 532 2013 2015
f 2013 57 2014
f 2014 533 2015
f 2013 2014 2015
f 530 2012 2009
f 2012 532 2015
f 2015 533 2009
f 2012 2015 2009
f 56 2010 2017
f 2010 533 2016
f 2016 535 2017
f 2010 2016 2017
f 533 2014 2019
f 2014 57 2018
f 2018 534 2019
f 2014 2018 2019
f 534 2020 2022
f 2020 58 2021
f 2021 535 2022
f 2020 2021 2022
f 533 2019 2016
f 2019 534 2022
f 2022 535 2016
f 2019 2022 2016
f 27 1819 2024
f 1819 476 2023
f 2023 537 2024
f 1819 2023 2024
f 476 1816 2026
f 1816 26 2025
f 2025 536 2026
f 1816 2025 2026
f 536 2027 2029
f 2027 59 2028
f 2028 537 2029
f 2027 2028 2029
f 476 2026 2023
f 2026 536 2029
f 2029 537 2023
f 2026 2029 2023
f 59 2027 2031
f 2027 536 2030
f 2030 539 2031
f 2027 2030 2031
f 536 2025 2033
f 2025 26 2032
f 2032 538 2033
f 2025 2032 2033
f 538 2034 2036
f 2034 60 2035
f 2035 539 2036
f 2034 2035 2036
f 536 2033 2030
f 2033 538 2036
f 2036 539 2030
f 2033 2036 2030
f 59 2031 2038
f 2031 539 2037
f 2037 541 2038
f 2031 2037 2038
f 539 2035 2040
f 2035 60 2039
f 2039 540 2040
f 2035 2039 2040
f 540 2041 2043
f 2041 61 2042
f 2042 541 2043
f 2041 2042 2043
f 539 2040 2037
f 2040 540 2043
f 2043 541 2037
f 2040 2043 2037
f 61 2044 2042
f 2044 542 2045
f 2045 541 2042
f 2044 2045 2042
f 542 2046 2048
f 2046 62 2047
f 2047 543 2048
f 2046 2047 2048
f 543 2049 2050
f 2049 59 2038
f 2038 541 2050
f 2049 2038 2050
f 542 2048 2045
f 2048 543 2050
f 2050 541 2045
f 2048 2050 2045
f 59 2049 2052
f 2049 543 2051
f 2051 545 2052
f 2049 2051 2052
f 543 2047 2054
f 2047 62 2053
f 2053 544 2054
f 2047 2053 2054
f 544 2055 2057
f 2055 63 2056
f 2056 545 2057
f 2055 2056 2057
f 543 2054 2051
f 2054 544 2057
f 2057 545 2051
f 2054 2057 2051
f 59 2052 2059
f 2052 545 2058
f 2058 547 2059
f 2052 2058 2059
f 545 2056 2061
f 2056 63 2060
f 2060 546 2061
f 2056 2060 2061
f 546 2062 2064
f 2062 36 2063
f 2063 547 2064
f 2062 2063 2064
f 545 2061 2058
f 2061 546 2064
f 2064 547 2058
f 2061 2064 2058
f 36 2062 2066
f 2062 546 2065
f 2065 549 2066
f 2062 2065 2066
f 546 2060 2068
f 2060 63 2067
f 2067 548 2068
f 2060 2067 2068
f 548 2069 2071
f 2069 64 2070
f 2070 549 2071
f 2069 2070 2071
f 546 2068 2065
f 2068 548 2071
f 2071 549 2065
f 2068 2071 2065
f 36 2066 1867
f 2066 549 2072
f 2072 491 1867
f 2066 2072 1867
f 549 2070 2074
f 2070 64 2073
f 2073 550 2074
f 2070 2073 2074
f 550 2075 2076
f 2075 35 1863
f 1863 491 2076
f 2075 1863 2076
f 549 2074 2072
f 2074 550 2076
f 2076 491 2072
f 2074 2076 2072
f 44 2077 1906
f 2077 551 2078
f 2078 503 1906
f 2077 2078 1906
f 551 2079 2081
f 2079 65 2080
f 2080 552 2081
f 2079 2080 2081
f 552 2082 2083
f 2082 45 1909
f 1909 503 2083
f 2082 1909 2083
f 551 2081 2078
f 2081 552 2083
f 2083 503 2078
f 2081 2083 2078
f 45 2082 2085
f 2082 552 2084
f 2084 554 2085
f 2082 2084 2085
f 552 2080 2087
f 2080 65 2086
f 2086 553 2087
f 2080 2086 2087
f 553 2088 2090
f 2088 26 2089
f 2089 554 2090
f 2088 2089 2090
f 552 2087 2084
f 2087 553 2090
f 2090 554 2084
f 2087 2090 2084
f 45 2085 2092
f 2085 554 2091
f 2091 556 2092
f 2085 2091 2092
f 554 2089 2094
f 2089 26 2093
f 2093 555 2094
f 2089 2093 2094
f 555 2095 2097
f 2095 66 2096
f 2096 556 2097
f 2095 2096 2097
f 554 2094 2091
f 2094 555 2097
f 2097 556 2091
f 2094 2097 2091
f 66 2095 2099
f 2095 555 2098
f 2098 557 2099
f 2095 2098 2099
f 555 2093 2100
f 2093 26 1818
f 1818 478 2100
f 2093 1818 2100
f 478 1823 2102
f 1823 28 2101
f 2101 557 2102
f 1823 2101 2102
f 555 2100 2098
f 2100 478 2102
f 2102 557 2098
f 2100 2102 2098
f 66 2099 2104
f 2099 557 2103
f 2103 559 2104
f 2099 2103 2104
f 557 2101 2106
f 2101 28 2105
f 2105 558 2106
f 2101 2105 2106
f 558 2107 2109
f 2107 67 2108
f 2108 559 2109
f 2107 2108 2109
f 557 2106 2103
f 2106 558 2109
f 2109 559 2103
f 2106 2109 2103
f 67 2107 2111
f 2107 558 2110
f 2110 561 2111
f 2107 2110 2111
f 558 2105 2113
f 2105 28 2112
f 2112 560 2113
f 2105 2112 2113
f 560 2114 2116
f 2114 68 2115
f 2115 561 2116
f 2114 2115 2116
f 558 2113 2110
f 2113 560 2116
f 2116 561 2110
f 2113 2116 2110
f 67 2111 2118
f 2111 561 2117
f 2117 563 2118
f 2111 2117 2118
f 561 2115 2120
f 2115 68 2119
f 2119 562 2120
f 2115 2119 2120
f 562 2121 2123
f 2121 69 2122
f 2122 563 2123
f 2121 2122 2123
f 561 2120 2117
f 2120 562 2123
f 2123 563 2117
f 2120 2123 2117
f 70 2124 2126
f 2124 564 2125
f 2125 566 2126
f 2124 2125 2126
f 564 2127 2129
f 2127 71 2128
f 2128 565 2129
f 2127 2128 2129
f 565 2130 2132
f 2130 72 2131
f 2131 566 2132
f 2130 2131 2132
f 564 2129 2125
f 2129 565 2132
f 2132 566 2125
f 2129 2132 2125
f 72 2130 2134
f 2130 565 2133
f 2133 568 2134
f 2130 2133 2134
f 565 2128 2136
f 2128 71 2135
f 2135 567 2136
f 2128 2135 2136
f 567 2137 2139
f 2137 73 2138
f 2138 568 2139
f 2137 2138 2139
f 565 2136 2133
f 2136 567 2139
f 2139 568 2133
f 2136 2139 2133
f 72 2134 2141
f 2134 568 2140
f 2140 570 2141
f 2134 2140 2141
f 568 2138 2143
f 2138 73 2142
f 2142 569 2143
f 2138 2142 2143
f 569 2144 2146
f 2144 74 2145
f 2145 570 2146
f 2144 2145 2146
f 568 2143 2140
f 2143 569 2146
f 2146 570 2140
f 2143 2146 2140
f 74 2144 2148
f 2144 569 2147
f 2147 572 2148
f 2144 2147 2148
f 569 2142 2150
f 2142 73 2149
f 2149 571 2150
f 2142 2149 2150
f 571 2151 2153
f 2151 75 2152
f 2152 572 2153
f 2151 2152 2153
f 569 2150 2147
f 2150 571 2153
f 2153 572 2147
f 2150 2153 2147
f 76 2154 2156
f 2154 573 2155
f 2155 575 2156
f 2154 2155 2156
f 573 2157 2159
f 2157 70 2158
f 2158 574 2159
f 2157 2158 2159
f 574 2160 2162
f 2160 77 2161
f 2161 575 2162
f 2160 2161 2162
f 573 2159 2155
f 2159 574 2162
f 2162 575 2155
f 2159 2162 2155
f 77 2160 2164
f 2160 574 2163
f 2163 576 2164
f 2160 2163 2164
f 574 2158 2165
f 2158 70 2126
f 2126 566 2165
f 2158 2126 2165
f 566 2131 2167
f 2131 72 2166
f 2166 576 2167
f 2131 2166 2167
f 574 2165 2163
f 2165 566 2167
f 2167 576 2163
f 2165 2167 2163
f 77 2164 2169
f 2164 576 2168
f 2168 578 2169
f 2164 2168 2169
f 576 2166 2171
f 2166 72 2170
f 2170 577 2171
f 2166 2170 2171
f 577 2172 2174
f 2172 78 2173
f 2173 578 2174
f 2172 2173 2174
f 576 2171 2168
f 2171 577 2174
f 2174 578 2168
f 2171 2174 2168
f 78 2172 2176
f 2172 577 2175
f 2175 579 2176
f 2172 2175 2176
f 577 2170 2177
f 2170 72 2141
f 2141 570 2177
f 2170 2141 2177
f 570 2145 2179
f 2145 74 2178
f 2178 579 2179
f 2145 2178 2179
f 577 2177 2175
f 2177 570 2179
f 2179 579 2175
f 2177 2179 2175
f 79 2180 2182
f 2180 580 2181
f 2181 582 2182
f 2180 2181 2182
f 580 2183 2185
f 2183 80 2184
f 2184 581 2185
f 2183 2184 2185
f 581 2186 2188
f 2186 81 2187
f 2187 582 2188
f 2186 2187 2188
f 580 2185 2181
f 2185 581 2188
f 2188 582 2181
f 2185 2188 2181
f 81 2186 2190
f 2186 581 2189
f 2189 584 2190
f 2186 2189 2190
f 581 2184 2192
f 2184 80 2191
f 2191 583 2192
f 2184 2191 2192
f 583 2193 2195
f 2193 82 2194
f 2194 584 2195
f 2193 2194 2195
f 581 2192 2189
f 2192 583 2195
f 2195 584 2189
f 2192 2195 2189
f 81 2190 2197
f 2190 584 2196
f 2196 586 2197
f 2190 2196 2197
f 584 2194 2199
f 2194 82 2198
f 2198 585 2199
f 2194 2198 2199
f 585 2200 2202
f 2200 83 2201
f 2201 586 2202
f 2200 2201 2202
f 584 2199 2196
f 2199 585 2202
f 2202 586 2196
f 2199 2202 2196
f 83 2200 2204
f 2200 585 2203
f 2203 588 2204
f 2200 2203 2204
f 585 2198 2206
f 2198 82 2205
f 2205 587 2206
f 2198 2205 2206
f 587 2207 2209
f 2207 84 2208
f 2208 588 2209
f 2207 2208 2209
f 585 2206 2203
f 2206 587 2209
f 2209 588 2203
f 2206 2209 2203
f 83 2204 2211
f 2204 588 2210
f 2210 590 2211
f 2204 2210 2211
f 588 2208 2213
f 2208 84 2212
f 2212 589 2213
f 2208 2212 2213
f 589 2214 2216
f 2214 85 2215
f 2215 590 2216
f 2214 2215 2216
f 588 2213 2210
f 2213 589 2216
f 2216 590 2210
f 2213 2216 2210
f 85 2214 2218
f 2214 589 2217
f 2217 592 2218
f 2214 2217 2218
f 589 2212 2220
f 2212 84 2219
f 2219 591 2220
f 2212 2219 2220
f 591 2221 2223
f 2221 86 2222
f 2222 592 2223
f 2221 2222 2223
f 589 2220 2217
f 2220 591 2223
f 2223 592 2217
f 2220 2223 2217
f 85 2218 2225
f 2218 592 2224
f 2224 594 2225
f 2218 2224 2225
f 592 2222 2227
f 2222 86 2226
f 2226 593 2227
f 2222 2226 2227
f 593 2228 2230
f 2228 87 2229
f 2229 594 2230
f 2228 2229 2230
f 592 2227 2224
f 2227 593 2230
f 2230 594 2224
f 2227 2230 2224
f 87 2228 2232
f 2228 593 2231
f 2231 596 2232
f 2228 2231 2232
f 593 2226 2234
f 2226 86 2233
f 2233 595 2234
f 2226 2233 2234
f 595 2235 2237
f 2235 88 2236
f 2236 596 2237
f 2235 2236 2237
f 593 2234 2231
f 2234 595 2237
f 2237 596 2231
f 2234 2237 2231
f 87 2232 2239
f 2232 596 2238
f 2238 598 2239
f 2232 2238 2239
f 596 2236 2241
f 2236 88 2240
f 2240 597 2241
f 2236 2240 2241
f 597 2242 2244
f 2242 89 2243
f 2243 598 2244
f 2242 2243 2244
f 596 2241 2238
f 2241 597 2244
f 2244 598 2238
f 2241 2244 2238
f 89 2242 2246
f 2242 597 2245
f 2245 600 2246
f 2242 2245 2246
f 597 2240 2248
f 2240 88 2247
f 2247 599 2248
f 2240 2247 2248
f 599 2249 2251
f 2249 90 2250
f 2250 600 2251
f 2249 2250 2251
f 597 2248 2245
f 2248 599 2251
f 2251 600 2245
f 2248 2251 2245
f 89 2246 2253
f 2246 600 2252
f 2252 602 2253
f 2246 2252 2253
f 600 2250 2255
f 2250 90 2254
f 2254 601 2255
f 2250 2254 2255
f 601 2256 2258
f 2256 75 2257
f 2257 602 2258
f 2256 2257 2258
f 600 2255 2252
f 2255 601 2258
f 2258 602 2252
f 2255 2258 2252
f 75 2256 2260
f 2256 601 2259
f 2259 604 2260
f 2256 2259 2260
f 601 2254 2262
f 2254 90 2261
f 2261 603 2262
f 2254 2261 2262
f 603 2263 2265
f 2263 78 2264
f 2264 604 2265
f 2263 2264 2265
f 601 2262 2259
f 2262 603 2265
f 2265 604 2259
f 2262 2265 2259
f 91 2266 2268
f 2266 605 2267
f 2267 607 2268
f 2266 2267 2268
f 605 2269 2271
f 2269 92 2270
f 2270 606 2271
f 2269 2270 2271
f 606 2272 2274
f 2272 93 2273
f 2273 607 2274
f 2272 2273 2274
f 605 2271 2267
f 2271 606 2274
f 2274 607 2267
f 2271 2274 2267
f 93 2272 2276
f 2272 606 2275
f 2275 609 2276
f 2272 2275 2276
f 606 2270 2278
f 2270 92 2277
f 2277 608 2278
f 2270 2277 2278
f 608 2279 2281
f 2279 94 2280
f 2280 609 2281
f 2279 2280 2281
f 606 2278 2275
f 2278 608 2281
f 2281 609 2275
f 2278 2281 2275
f 93 2276 2283
f 2276 609 2282
f 2282 611 2283
f 2276 2282 2283
f 609 2280 2285
f 2280 94 2284
f 2284 610 2285
f 2280 2284 2285
f 610 2286 2288
f 2286 95 2287
f 2287 611 2288
f 2286 2287 2288
f 609 2285 2282
f 2285 610 2288
f 2288 611 2282
f 2285 2288 2282
f 95 2286 2290
f 2286 610 2289
f 2289 613 2290
f 2286 2289 2290
f 610 2284 2292
f 2284 94 2291
f 2291 612 2292
f 2284 2291 2292
f 612 2293 2295
f 2293 96 2294
f 2294 613 2295
f 2293 2294 2295
f 610 2292 2289
f 2292 612 2295
f 2295 613 2289
f 2292 2295 2289
f 92 2296 2277
f 2296 614 2297
f 2297 608 2277
f 2296 2297 2277
f 614 2298 2300
f 2298 80 2299
f 2299 615 2300
f 2298 2299 2300
f 615 2301 2302
f 2301 94 2279
f 2279 608 2302
f 2301 2279 2302
f 614 2300 2297
f 2300 615 2302
f 2302 608 2297
f 2300 2302 2297
f 94 2301 2304
f 2301 615 2303
f 2303 617 2304
f 2301 2303 2304
f 615 2299 2306
f 2299 80 2305
f 2305 616 2306
f 2299 2305 2306
f 616 2307 2309
f 2307 97 2308
f 2308 617 2309
f 2307 2308 2309
f 615 2306 2303
f 2306 616 2309
f 2309 617 2303
f 2306 2309 2303
f 94 2304 2291
f 2304 617 2310
f 2310 612 2291
f 2304 2310 2291
f 617 2308 2312
f 2308 97 2311
f 2311 618 2312
f 2308 2311 2312
f 618 2313 2314
f 2313 96 2293
f 2293 612 2314
f 2313 2293 2314
f 617 2312 2310
f 2312 618 2314
f 2314 612 2310
f 2312 2314 2310
f 96 2313 2316
f 2313 618 2315
f 2315 620 2316
f 2313 2315 2316
f 618 2311 2318
f 2311 97 2317
f 2317 619 2318
f 2311 2317 2318
f 619 2319 2321
f 2319 79 2320
f 2320 620 2321
f 2319 2320 2321
f 618 2318 2315
f 2318 619 2321
f 2321 620 2315
f 2318 2321 2315
f 98 2322 2324
f 2322 621 2323
f 2323 623 2324
f 2322 2323 2324
f 621 2325 2327
f 2325 99 2326
f 2326 622 2327
f 2325 2326 2327
f 622 2328 2330
f 2328 100 2329
f 2329 623 2330
f 2328 2329 2330
f 621 2327 2323
f 2327 622 2330
f 2330 623 2323
f 2327 2330 2323
f 100 2328 2332
f 2328 622 2331
f 2331 625 2332
f 2328 2331 2332
f 622 2326 2334
f 2326 99 2333
f 2333 624 2334
f 2326 2333 2334
f 624 2335 2337
f 2335 101 2336
f 2336 625 2337
f 2335 2336 2337
f 622 2334 2331
f 2334 624 2337
f 2337 625 2331
f 2334 2337 2331
f 100 2332 2339
f 2332 625 2338
f 2338 627 2339
f 2332 2338 2339
f 625 2336 2341
f 2336 101 2340
f 2340 626 2341
f 2336 2340 2341
f 626 2342 2344
f 2342 102 2343
f 2343 627 2344
f 2342 2343 2344
f 625 2341 2338
f 2341 626 2344
f 2344 627 2338
f 2341 2344 2338
f 102 2342 2346
f 2342 626 2345
f 2345 629 2346
f 2342 2345 2346
f 626 2340 2348
f 2340 101 2347
f 2347 628 2348
f 2340 2347 2348
f 628 2349 2351
f 2349 103 2350
f 2350 629 2351
f 2349 2350 2351
f 626 2348 2345
f 2348 628 2351
f 2351 629 2345
f 2348 2351 2345
f 102 2346 2353
f 2346 629 2352
f 2352 631 2353
f 2346 2352 2353
f 629 2350 2355
f 2350 103 2354
f 2354 630 2355
f 2350 2354 2355
f 630 2356 2358
f 2356 104 2357
f 2357 631 2358
f 2356 2357 2358
f 629 2355 2352
f 2355 630 2358
f 2358 631 2352
f 2355 2358 2352
f 104 2356 2360
f 2356 630 2359
f 2359 633 2360
f 2356 2359 2360
f 630 2354 2362
f 2354 103 2361
f 2361 632 2362
f 2354 2361 2362
f 632 2363 2365
f 2363 105 2364
f 2364 633 2365
f 2363 2364 2365
f 630 2362 2359
f 2362 632 2365
f 2365 633 2359
f 2362 2365 2359
f 104 2360 2367
f 2360 633 2366
f 2366 635 2367
f 2360 2366 2367
f 633 2364 2369
f 2364 105 2368
f 2368 634 2369
f 2364 2368 2369
f 634 2370 2372
f 2370 106 2371
f 2371 635 2372
f 2370 2371 2372
f 633 2369 2366
f 2369 634 2372
f 2372 635 2366
f 2369 2372 2366
f 106 2370 2374
f 2370 634 2373
f 2373 637 2374
f 2370 2373 2374
f 634 2368 2376
f 2368 105 2375
f 2375 636 2376
f 2368 2375 2376
f 636 2377 2379
f 2377 107 2378
f 2378 637 2379
f 2377 2378 2379
f 634 2376 2373
f 2376 636 2379
f 2379 637 2373
f 2376 2379 2373
f 106 2374 2381
f 2374 637 2380
f 2380 639 2381
f 2374 2380 2381
f 637 2378 2383
f 2378 107 2382
f 2382 638 2383
f 2378 2382 2383
f 638 2384 2386
f 2384 108 2385
f 2385 639 2386
f 2384 2385 2386
f 637 2383 2380
f 2383 638 2386
f 2386 639 2380
f 2383 2386 2380
f 108 2384 2388
f 2384 638 2387
f 2387 641 2388
f 2384 2387 2388
f 638 2382 2390
f 2382 107 2389
f 2389 640 2390
f 2382 2389 2390
f 640 2391 2393
f 2391 109 2392
f 2392 641 2393
f 2391 2392 2393
f 638 2390 2387
f 2390 640 2393
f 2393 641 2387
f 2390 2393 2387
f 108 2388 2395
f 2388 641 2394
f 2394 643 2395
f 2388 2394 2395
f 641 2392 2397
f 2392 109 2396
f 2396 642 2397
f 2392 2396 2397
f 642 2398 2400
f 2398 95 2399
f 2399 643 2400
f 2398 2399 2400
f 641 2397 2394
f 2397 642 2400
f 2400 643 2394
f 2397 2400 2394
f 95 2398 2402
f 2398 642 2401
f 2401 645 2402
f 2398 2401 2402
f 642 2396 2404
f 2396 109 2403
f 2403 644 2404
f 2396 2403 2404
f 644 2405 2407
f 2405 91 2406
f 2406 645 2407
f 2405 2406 2407
f 642 2404 2401
f 2404 644 2407
f 2407 645 2401
f 2404 2407 2401
f 110 2408 2410
f 2408 646 2409
f 2409 648 2410
f 2408 2409 2410
f 646 2411 2413
f 2411 111 2412
f 2412 647 2413
f 2411 2412 2413
f 647 2414 2416
f 2414 112 2415
f 2415 648 2416
f 2414 2415 2416
f 646 2413 2409
f 2413 647 2416
f 2416 648 2409
f 2413 2416 2409
f 112 2414 2418
f 2414 647 2417
f 2417 650 2418
f 2414 2417 2418
f 647 2412 2420
f 2412 111 2419
f 2419 649 2420
f 2412 2419 2420
f 649 2421 2423
f 2421 113 2422
f 2422 650 2423
f 2421 2422 2423
f 647 2420 2417
f 2420 649 2423
f 2423 650 2417
f 2420 2423 2417
f 112 2418 2425
f 2418 650 2424
f 2424 652 2425
f 2418 2424 2425
f 650 2422 2427
f 2422 113 2426
f 2426 651 2427
f 2422 2426 2427
f 651 2428 2430
f 2428 98 2429
f 2429 652 2430
f 2428 2429 2430
f 650 2427 2424
f 2427 651 2430
f 2430 652 2424
f 2427 2430 2424
f 98 2428 2432
f 2428 651 2431
f 2431 654 2432
f 2428 2431 2432
f 651 2426 2434
f 2426 113 2433
f 2433 653 2434
f 2426 2433 2434
f 653 2435 2437
f 2435 114 2436
f 2436 654 2437
f 2435 2436 2437
f 651 2434 2431
f 2434 653 2437
f 2437 654 2431
f 2434 2437 2431
f 111 2438 2419
f 2438 655 2439
f 2439 649 2419
f 2438 2439 2419
f 655 2440 2442
f 2440 115 2441
f 2441 656 2442
f 2440 2441 2442
f 656 2443 2444
f 2443 113 2421
f 2421 649 2444
f 2443 2421 2444
f 655 2442 2439
f 2442 656 2444
f 2444 649 2439
f 2442 2444 2439
f 113 2443 2446
f 2443 656 2445
f 2445 658 2446
f 2443 2445 2446
f 656 2441 2448
f 2441 115 2447
f 2447 657 2448
f 2441 2447 2448
f 657 2449 2451
f 2449 116 2450
f 2450 658 2451
f 2449 2450 2451
f 656 2448 2445
f 2448 657 2451
f 2451 658 2445
f 2448 2451 2445
f 113 2446 2433
f 2446 658 2452
f 2452 653 2433
f 2446 2452 2433
f 658 2450 2454
f 2450 116 2453
f 2453 659 2454
f 2450 2453 2454
f 659 2455 2456
f 2455 114 2435
f 2435 653 2456
f 2455 2435 2456
f 658 2454 2452
f 2454 659 2456
f 2456 653 2452
f 2454 2456 2452
f 114 2455 2458
f 2455 659 2457
f 2457 661 2458
f 2455 2457 2458
f 659 2453 2460
f 2453 116 2459
f 2459 660 2460
f 2453 2459 2460
f 660 2461 2463
f 2461 99 2462
f 2462 661 2463
f 2461 2462 2463
f 659 2460 2457
f 2460 660 2463
f 2463 661 2457
f 2460 2463 2457
f 117 2464 2466
f 2464 662 2465
f 2465 664 2466
f 2464 2465 2466
f 662 2467 2469
f 2467 118 2468
f 2468 663 2469
f 2467 2468 2469
f 663 2470 2472
f 2470 119 2471
f 2471 664 2472
f 2470 2471 2472
f 662 2469 2465
f 2469 663 2472
f 2472 664 2465
f 2469 2472 2465
f 119 2470 2474
f 2470 663 2473
f 2473 666 2474
f 2470 2473 2474
f 663 2468 2476
f 2468 118 2475
f 2475 665 2476
f 2468 2475 2476
f 665 2477 2479
f 2477 120 2478
f 2478 666 2479
f 2477 2478 2479
f 663 2476 2473
f 2476 665 2479
f 2479 666 2473
f 2476 2479 2473
f 119 2474 2481
f 2474 666 2480
f 2480 668 2481
f 2474 2480 2481
f 666 2478 2483
f 2478 120 2482
f 2482 667 2483
f 2478 2482 2483
f 667 2484 2486
f 2484 121 2485
f 2485 668 2486
f 2484 2485 2486
f 666 2483 2480
f 2483 667 2486
f 2486 668 2480
f 2483 2486 2480
f 121 2484 2488
f 2484 667 2487
f 2487 670 2488
f 2484 2487 2488
f 667 2482 2490
f 2482 120 2489
f 2489 669 2490
f 2482 2489 2490
f 669 2491 2493
f 2491 122 2492
f 2492 670 2493
f 2491 2492 2493
f 667 2490 2487
f 2490 669 2493
f 2493 670 2487
f 2490 2493 2487
f 121 2488 2495
f 2488 670 2494
f 2494 672 2495
f 2488 2494 2495
f 670 2492 2497
f 2492 122 2496
f 2496 671 2497
f 2492 2496 2497
f 671 2498 2500
f 2498 123 2499
f 2499 672 2500
f 2498 2499 2500
f 670 2497 2494
f 2497 671 2500
f 2500 672 2494
f 2497 2500 2494
f 123 2498 2502
f 2498 671 2501
f 2501 674 2502
f 2498 2501 2502
f 671 2496 2504
f 2496 122 2503
f 2503 673 2504
f 2496 2503 2504
f 673 2505 2507
f 2505 124 2506
f 2506 674 2507
f 2505 2506 2507
f 671 2504 2501
f 2504 673 2507
f 2507 674 2501
f 2504 2507 2501
f 123 2502 2509
f 2502 674 2508
f 2508 676 2509
f 2502 2508 2509
f 674 2506 2511
f 2506 124 2510
f 2510 675 2511
f 2506 2510 2511
f 675 2512 2514
f 2512 125 2513
f 2513 676 2514
f 2512 2513 2514
f 674 2511 2508
f 2511 675 2514
f 2514 676 2508
f 2511 2514 2508
f 125 2512 2516
f 2512 675 2515
f 2515 678 2516
f 2512 2515 2516
f 675 2510 2518
f 2510 124 2517
f 2517 677 2518
f 2510 2517 2518
f 677 2519 2521
f 2519 126 2520
f 2520 678 2521
f 2519 2520 2521
f 675 2518 2515
f 2518 677 2521
f 2521 678 2515
f 2518 2521 2515
f 125 2516 2523
f 2516 678 2522
f 2522 680 2523
f 2516 2522 2523
f 678 2520 2525
f 2520 126 2524
f 2524 679 2525
f 2520 2524 2525
f 679 2526 2528
f 2526 127 2527
f 2527 680 2528
f 2526 2527 2528
f 678 2525 2522
f 2525 679 2528
f 2528 680 2522
f 2525 2528 2522
f 127 2526 2530
f 2526 679 2529
f 2529 682 2530
f 2526 2529 2530
f 679 2524 2532
f 2524 126 2531
f 2531 681 2532
f 2524 2531 2532
f 681 2533 2535
f 2533 128 2534
f 2534 682 2535
f 2533 2534 2535
f 679 2532 2529
f 2532 681 2535
f 2535 682 2529
f 2532 2535 2529
f 127 2530 2537
f 2530 682 2536
f 2536 684 2537
f 2530 2536 2537
f 682 2534 2539
f 2534 128 2538
f 2538 683 2539
f 2534 2538 2539
f 683 2540 2542
f 2540 110 2541
f 2541 684 2542
f 2540 2541 2542
f 682 2539 2536
f 2539 683 2542
f 2542 684 2536
f 2539 2542 2536
f 110 2540 2544
f 2540 683 2543
f 2543 686 2544
f 2540 2543 2544
f 683 2538 2546
f 2538 128 2545
f 2545 685 2546
f 2538 2545 2546
f 685 2547 2549
f 2547 115 2548
f 2548 686 2549
f 2547 2548 2549
f 683 2546 2543
f 2546 685 2549
f 2549 686 2543
f 2546 2549 2543
f 118 2550 2552
f 2550 687 2551
f 2551 689 2552
f 2550 2551 2552
f 687 2553 2555
f 2553 129 2554
f 2554 688 2555
f 2553 2554 2555
f 688 2556 2558
f 2556 130 2557
f 2557 689 2558
f 2556 2557 2558
f 687 2555 2551
f 2555 688 2558
f 2558 689 2551
f 2555 2558 2551
f 130 2556 2560
f 2556 688 2559
f 2559 691 2560
f 2556 2559 2560
f 688 2554 2562
f 2554 129 2561
f 2561 690 2562
f 2554 2561 2562
f 690 2563 2565
f 2563 131 2564
f 2564 691 2565
f 2563 2564 2565
f 688 2562 2559
f 2562 690 2565
f 2565 691 2559
f 2562 2565 2559
f 130 2560 2567
f 2560 691 2566
f 2566 693 2567
f 2560 2566 2567
f 691 2564 2569
f 2564 131 2568
f 2568 692 2569
f 2564 2568 2569
f 692 2570 2572
f 2570 132 2571
f 2571 693 2572
f 2570 2571 2572
f 691 2569 2566
f 2569 692 2572
f 2572 693 2566
f 2569 2572 2566
f 132 2570 2574
f 2570 692 2573
f 2573 695 2574
f 2570 2573 2574
f 692 2568 2576
f 2568 131 2575
f 2575 694 2576
f 2568 2575 2576
f 694 2577 2579
f 2577 133 2578
f 2578 695 2579
f 2577 2578 2579
f 692 2576 2573
f 2576 694 2579
f 2579 695 2573
f 2576 2579 2573
f 129 2580 2561
f 2580 696 2581
f 2581 690 2561
f 2580 2581 2561
f 696 2582 2584
f 2582 117 2583
f 2583 697 2584
f 2582 2583 2584
f 697 2585 2586
f 2585 131 2563
f 2563 690 2586
f 2585 2563 2586
f 696 2584 2581
f 2584 697 2586
f 2586 690 2581
f 2584 2586 2581
f 131 2585 2588
f 2585 697 2587
f 2587 699 2588
f 2585 2587 2588
f 697 2583 2590
f 2583 117 2589
f 2589 698 2590
f 2583 2589 2590
f 698 2591 2593
f 2591 134 2592
f 2592 699 2593
f 2591 2592 2593
f 697 2590 2587
f 2590 698 2593
f 2593 699 2587
f 2590 2593 2587
f 131 2588 2575
f 2588 699 2594
f 2594 694 2575
f 2588 2594 2575
f 699 2592 2596
f 2592 134 2595
f 2595 700 2596
f 2592 2595 2596
f 700 2597 2598
f 2597 133 2577
f 2577 694 2598
f 2597 2577 2598
f 699 2596 2594
f 2596 700 2598
f 2598 694 2594
f 2596 2598 2594
f 133 2597 2600
f 2597 700 2599
f 2599 702 2600
f 2597 2599 2600
f 700 2595 2602
f 2595 134 2601
f 2601 701 2602
f 2595 2601 2602
f 701 2603 2605
f 2603 135 2604
f 2604 702 2605
f 2603 2604 2605
f 700 2602 2599
f 2602 701 2605
f 2605 702 2599
f 2602 2605 2599
f 8 1667 1814
f 1667 433 2606
f 2606 475 1814
f 1667 2606 1814
f 433 1664 2608
f 1664 7 2607
f 2607 703 2608
f 1664 2607 2608
f 703 2609 2610
f 2609 25 1812
f 1812 475 2610
f 2609 1812 2610
f 433 2608 2606
f 2608 703 2610
f 2610 475 2606
f 2608 2610 2606
f 25 2609 2612
f 2609 703 2611
f 2611 705 2612
f 2609 2611 2612
f 703 2607 2614
f 2607 7 2613
f 2613 704 2614
f 2607 2613 2614
f 704 2615 2617
f 2615 136 2616
f 2616 705 2617
f 2615 2616 2617
f 703 2614 2611
f 2614 704 2617
f 2617 705 2611
f 2614 2617 2611
f 25 2612 2619
f 2612 705 2618
f 2618 707 2619
f 2612 2618 2619
f 705 2616 2621
f 2616 136 2620
f 2620 706 2621
f 2616 2620 2621
f 706 2622 2624
f 2622 137 2623
f 2623 707 2624
f 2622 2623 2624
f 705 2621 2618
f 2621 706 2624
f 2624 707 2618
f 2621 2624 2618
f 138 2625 2627
f 2625 708 2626
f 2626 710 2627
f 2625 2626 2627
f 708 2628 2630
f 2628 136 2629
f 2629 709 2630
f 2628 2629 2630
f 709 2631 2633
f 2631 22 2632
f 2632 710 2633
f 2631 2632 2633
f 708 2630 2626
f 2630 709 2633
f 2633 710 2626
f 2630 2633 2626
f 22 2631 2635
f 2631 709 2634
f 2634 711 2635
f 2631 2634 2635
f 709 2629 2636
f 2629 136 2615
f 2615 704 2636
f 2629 2615 2636
f 704 2613 2638
f 2613 7 2637
f 2637 711 2638
f 2613 2637 2638
f 709 2636 2634
f 2636 704 2638
f 2638 711 2634
f 2636 2638 2634
f 22 2635 1793
f 2635 711 2639
f 2639 469 1793
f 2635 2639 1793
f 711 2637 2640
f 2637 7 1705
f 1705 444 2640
f 2637 1705 2640
f 444 1703 2641
f 1703 6 1789
f 1789 469 2641
f 1703 1789 2641
f 711 2640 2639
f 2640 444 2641
f 2641 469 2639
f 2640 2641 2639
f 139 2642 2644
f 2642 712 2643
f 2643 714 2644
f 2642 2643 2644
f 712 2645 2647
f 2645 140 2646
f 2646 713 2647
f 2645 2646 2647
f 713 2648 2650
f 2648 141 2649
f 2649 714 2650
f 2648 2649 2650
f 712 2647 2643
f 2647 713 2650
f 2650 714 2643
f 2647 2650 2643
f 141 2648 2652
f 2648 713 2651
f 2651 716 2652
f 2648 2651 2652
f 713 2646 2654
f 2646 140 2653
f 2653 715 2654
f 2646 2653 2654
f 715 2655 2657
f 2655 142 2656
f 2656 716 2657
f 2655 2656 2657
f 713 2654 2651
f 2654 715 2657
f 2657 716 2651
f 2654 2657 2651
f 141 2652 2659
f 2652 716 2658
f 2658 718 2659
f 2652 2658 2659
f 716 2656 2661
f 2656 142 2660
f 2660 717 2661
f 2656 2660 2661
f 717 2662 2664
f 2662 143 2663
f 2663 718 2664
f 2662 2663 2664
f 716 2661 2658
f 2661 717 2664
f 2664 718 2658
f 2661 2664 2658
f 143 2662 2666
f 2662 717 2665
f 2665 720 2666
f 2662 2665 2666
f 717 2660 2668
f 2660 142 2667
f 2667 719 2668
f 2660 2667 2668
f 719 2669 2671
f 2669 144 2670
f 2670 720 2671
f 2669 2670 2671
f 717 2668 2665
f 2668 719 2671
f 2671 720 2665
f 2668 2671 2665
f 1 2672 2674
f 2672 721 2673
f 2673 723 2674
f 2672 2673 2674
f 721 2675 2677
f 2675 139 2676
f 2676 722 2677
f 2675 2676 2677
f 722 2678 2680
f 2678 145 2679
f 2679 723 2680
f 2678 2679 2680
f 721 2677 2673
f 2677 722 2680
f 2680 723 2673
f 2677 2680 2673
f 145 2678 2682
f 2678 722 2681
f 2681 724 2682
f 2678 2681 2682
f 722 2676 2683
f 2676 139 2644
f 2644 714 2683
f 2676 2644 2683
f 714 2649 2685
f 2649 141 2684
f 2684 724 2685
f 2649 2684 2685
f 722 2683 2681
f 2683 714 2685
f 2685 724 2681
f 2683 2685 2681
f 145 2682 2687
f 2682 724 2686
f 2686 726 2687
f 2682 2686 2687
f 724 2684 2689
f 2684 141 2688
f 2688 725 2689
f 2684 2688 2689
f 725 2690 2692
f 2690 2 2691
f 2691 726 2692
f 2690 2691 2692
f 724 2689 2686
f 2689 725 2692
f 2692 726 2686
f 2689 2692 2686
f 2 2690 2694
f 2690 725 2693
f 2693 727 2694
f 2690 2693 2694
f 725 2688 2695
f 2688 141 2659
f 2659 718 2695
f 2688 2659 2695
f 718 2663 2697
f 2663 143 2696
f 2696 727 2697
f 2663 2696 2697
f 725 2695 2693
f 2695 718 2697
f 2697 727 2693
f 2695 2697 2693
f 146 2698 2700
f 2698 728 2699
f 2699 730 2700
f 2698 2699 2700
f 728 2701 2703
f 2701 20 2702
f 2702 729 2703
f 2701 2702 2703
f 729 2704 2706
f 2704 147 2705
f 2705 730 2706
f 2704 2705 2706
f 728 2703 2699
f 2703 729 2706
f 2706 730 2699
f 2703 2706 2699
f 147 2704 2708
f 2704 729 2707
f 2707 732 2708
f 2704 2707 2708
f 729 2702 2710
f 2702 20 2709
f 2709 731 2710
f 2702 2709 2710
f 731 2711 2713
f 2711 144 2712
f 2712 732 2713
f 2711 2712 2713
f 729 2710 2707
f 2710 731 2713
f 2713 732 2707
f 2710 2713 2707
f 80 2714 2716
f 2714 733 2715
f 2715 735 2716
f 2714 2715 2716
f 733 2717 2719
f 2717 91 2718
f 2718 734 2719
f 2717 2718 2719
f 734 2720 2722
f 2720 148 2721
f 2721 735 2722
f 2720 2721 2722
f 733 2719 2715
f 2719 734 2722
f 2722 735 2715
f 2719 2722 2715
f 148 2720 2724
f 2720 734 2723
f 2723 737 2724
f 2720 2723 2724
f 734 2718 2726
f 2718 91 2725
f 2725 736 2726
f 2718 2725 2726
f 736 2727 2729
f 2727 149 2728
f 2728 737 2729
f 2727 2728 2729
f 734 2726 2723
f 2726 736 2729
f 2729 737 2723
f 2726 2729 2723
f 148 2724 2731
f 2724 737 2730
f 2730 739 2731
f 2724 2730 2731
f 737 2728 2733
f 2728 149 2732
f 2732 738 2733
f 2728 2732 2733
f 738 2734 2736
f 2734 150 2735
f 2735 739 2736
f 2734 2735 2736
f 737 2733 2730
f 2733 738 2736
f 2736 739 2730
f 2733 2736 2730
f 150 2734 2738
f 2734 738 2737
f 2737 741 2738
f 2734 2737 2738
f 738 2732 2740
f 2732 149 2739
f 2739 740 2740
f 2732 2739 2740
f 740 2741 2743
f 2741 151 2742
f 2742 741 2743
f 2741 2742 2743
f 738 2740 2737
f 2740 740 2743
f 2743 741 2737
f 2740 2743 2737
f 150 2738 2745
f 2738 741 2744
f 2744 743 2745
f 2738 2744 2745
f 741 2742 2747
f 2742 151 2746
f 2746 742 2747
f 2742 2746 2747
f 742 2748 2750
f 2748 152 2749
f 2749 743 2750
f 2748 2749 2750
f 741 2747 2744
f 2747 742 2750
f 2750 743 2744
f 2747 2750 2744
f 152 2748 2752
f 2748 742 2751
f 2751 745 2752
f 2748 2751 2752
f 742 2746 2754
f 2746 151 2753
f 2753 744 2754
f 2746 2753 2754
f 744 2755 2757
f 2755 153 2756
f 2756 745 2757
f 2755 2756 2757
f 742 2754 2751
f 2754 744 2757
f 2757 745 2751
f 2754 2757 2751
f 154 2758 2760
f 2758 746 2759
f 2759 748 2760
f 2758 2759 2760
f 746 2761 2763
f 2761 155 2762
f 2762 747 2763
f 2761 2762 2763
f 747 2764 2766
f 2764 156 2765
f 2765 748 2766
f 2764 2765 2766
f 746 2763 2759
f 2763 747 2766
f 2766 748 2759
f 2763 2766 2759
f 156 2764 2768
f 2764 747 2767
f 2767 750 2768
f 2764 2767 2768
f 747 2762 2770
f 2762 155 2769
f 2769 749 2770
f 2762 2769 2770
f 749 2771 2773
f 2771 157 2772
f 2772 750 2773
f 2771 2772 2773
f 747 2770 2767
f 2770 749 2773
f 2773 750 2767
f 2770 2773 2767
f 156 2768 2775
f 2768 750 2774
f 2774 752 2775
f 2768 2774 2775
f 750 2772 2777
f 2772 157 2776
f 2776 751 2777
f 2772 2776 2777
f 751 2778 2780
f 2778 158 2779
f 2779 752 2780
f 2778 2779 2780
f 750 2777 2774
f 2777 751 2780
f 2780 752 2774
f 2777 2780 2774
f 158 2778 2782
f 2778 751 2781
f 2781 754 2782
f 2778 2781 2782
f 751 2776 2784
f 2776 157 2783
f 2783 753 2784
f 2776 2783 2784
f 753 2785 2787
f 2785 159 2786
f 2786 754 2787
f 2785 2786 2787
f 751 2784 2781
f 2784 753 2787
f 2787 754 2781
f 2784 2787 2781
f 158 2782 2789
f 2782 754 2788
f 2788 756 2789
f 2782 2788 2789
f 754 2786 2791
f 2786 159 2790
f 2790 755 2791
f 2786 2790 2791
f 755 2792 2794
f 2792 160 2793
f 2793 756 2794
f 2792 2793 2794
f 754 2791 2788
f 2791 755 2794
f 2794 756 2788
f 2791 2794 2788
f 160 2792 2796
f 2792 755 2795
f 2795 758 2796
f 2792 2795 2796
f 755 2790 2798
f 2790 159 2797
f 2797 757 2798
f 2790 2797 2798
f 757 2799 2801
f 2799 161 2800
f 2800 758 2801
f 2799 2800 2801
f 755 2798 2795
f 2798 757 2801
f 2801 758 2795
f 2798 2801 2795
f 160 2796 2803
f 2796 758 2802
f 2802 760 2803
f 2796 2802 2803
f 758 2800 2805
f 2800 161 2804
f 2804 759 2805
f 2800 2804 2805
f 759 2806 2808
f 2806 162 2807
f 2807 760 2808
f 2806 2807 2808
f 758 2805 2802
f 2805 759 2808
f 2808 760 2802
f 2805 2808 2802
f 162 2806 2810
f 2806 759 2809
f 2809 762 2810
f 2806 2809 2810
f 759 2804 2812
f 2804 161 2811
f 2811 761 2812
f 2804 2811 2812
f 761 2813 2815
f 2813 163 2814
f 2814 762 2815
f 2813 2814 2815
f 759 2812 2809
f 2812 761 2815
f 2815 762 2809
f 2812 2815 2809
f 162 2810 2817
f 2810 762 2816
f 2816 764 2817
f 2810 2816 2817
f 762 2814 2819
f 2814 163 2818
f 2818 763 2819
f 2814 2818 2819
f 763 2820 2822
f 2820 164 2821
f 2821 764 2822
f 2820 2821 2822
f 762 2819 2816
f 2819 763 2822
f 2822 764 2816
f 2819 2822 2816
f 164 2820 2824
f 2820 763 2823
f 2823 766 2824
f 2820 2823 2824
f 763 2818 2826
f 2818 163 2825
f 2825 765 2826
f 2818 2825 2826
f 765 2827 2829
f 2827 165 2828
f 2828 766 2829
f 2827 2828 2829
f 763 2826 2823
f 2826 765 2829
f 2829 766 2823
f 2826 2829 2823
f 164 2824 2831
f 2824 766 2830
f 2830 768 2831
f 2824 2830 2831
f 766 2828 2833
f 2828 165 2832
f 2832 767 2833
f 2828 2832 2833
f 767 2834 2836
f 2834 152 2835
f 2835 768 2836
f 2834 2835 2836
f 766 2833 2830
f 2833 767 2836
f 2836 768 2830
f 2833 2836 2830
f 152 2834 2838
f 2834 767 2837
f 2837 770 2838
f 2834 2837 2838
f 767 2832 2840
f 2832 165 2839
f 2839 769 2840
f 2832 2839 2840
f 769 2841 2843
f 2841 166 2842
f 2842 770 2843
f 2841 2842 2843
f 767 2840 2837
f 2840 769 2843
f 2843 770 2837
f 2840 2843 2837
f 155 2844 2769
f 2844 771 2845
f 2845 749 2769
f 2844 2845 2769
f 771 2846 2848
f 2846 167 2847
f 2847 772 2848
f 2846 2847 2848
f 772 2849 2850
f 2849 157 2771
f 2771 749 2850
f 2849 2771 2850
f 771 2848 2845
f 2848 772 2850
f 2850 749 2845
f 2848 2850 2845
f 157 2849 2852
f 2849 772 2851
f 2851 774 2852
f 2849 2851 2852
f 772 2847 2854
f 2847 167 2853
f 2853 773 2854
f 2847 2853 2854
f 773 2855 2857
f 2855 168 2856
f 2856 774 2857
f 2855 2856 2857
f 772 2854 2851
f 2854 773 2857
f 2857 774 2851
f 2854 2857 2851
f 157 2852 2783
f 2852 774 2858
f 2858 753 2783
f 2852 2858 2783
f 774 2856 2860
f 2856 168 2859
f 2859 775 2860
f 2856 2859 2860
f 775 2861 2862
f 2861 159 2785
f 2785 753 2862
f 2861 2785 2862
f 774 2860 2858
f 2860 775 2862
f 2862 753 2858
f 2860 2862 2858
f 159 2861 2864
f 2861 775 2863
f 2863 777 2864
f 2861 2863 2864
f 775 2859 2866
f 2859 168 2865
f 2865 776 2866
f 2859 2865 2866
f 776 2867 2869
f 2867 169 2868
f 2868 777 2869
f 2867 2868 2869
f 775 2866 2863
f 2866 776 2869
f 2869 777 2863
f 2866 2869 2863
f 159 2864 2797
f 2864 777 2870
f 2870 757 2797
f 2864 2870 2797
f 777 2868 2872
f 2868 169 2871
f 2871 778 2872
f 2868 2871 2872
f 778 2873 2874
f 2873 161 2799
f 2799 757 2874
f 2873 2799 2874
f 777 2872 2870
f 2872 778 2874
f 2874 757 2870
f 2872 2874 2870
f 161 2873 2876
f 2873 778 2875
f 2875 780 2876
f 2873 2875 2876
f 778 2871 2878
f 2871 169 2877
f 2877 779 2878
f 2871 2877 2878
f 779 2879 2881
f 2879 170 2880
f 2880 780 2881
f 2879 2880 2881
f 778 2878 2875
f 2878 779 2881
f 2881 780 2875
f 2878 2881 2875
f 161 2876 2811
f 2876 780 2882
f 2882 761 2811
f 2876 2882 2811
f 780 2880 2884
f 2880 170 2883
f 2883 781 2884
f 2880 2883 2884
f 781 2885 2886
f 2885 163 2813
f 2813 761 2886
f 2885 2813 2886
f 780 2884 2882
f 2884 781 2886
f 2886 761 2882
f 2884 2886 2882
f 163 2885 2888
f 2885 781 2887
f 2887 783 2888
f 2885 2887 2888
f 781 2883 2890
f 2883 170 2889
f 2889 782 2890
f 2883 2889 2890
f 782 2891 2893
f 2891 171 2892
f 2892 783 2893
f 2891 2892 2893
f 781 2890 2887
f 2890 782 2893
f 2893 783 2887
f 2890 2893 2887
f 163 2888 2825
f 2888 783 2894
f 2894 765 2825
f 2888 2894 2825
f 783 2892 2896
f 2892 171 2895
f 2895 784 2896
f 2892 2895 2896
f 784 2897 2898
f 2897 165 2827
f 2827 765 2898
f 2897 2827 2898
f 783 2896 2894
f 2896 784 2898
f 2898 765 2894
f 2896 2898 2894
f 165 2897 2900
f 2897 784 2899
f 2899 786 2900
f 2897 2899 2900
f 784 2895 2902
f 2895 171 2901
f 2901 785 2902
f 2895 2901 2902
f 785 2903 2905
f 2903 172 2904
f 2904 786 2905
f 2903 2904 2905
f 784 2902 2899
f 2902 785 2905
f 2905 786 2899
f 2902 2905 2899
f 165 2900 2839
f 2900 786 2906
f 2906 769 2839
f 2900 2906 2839
f 786 2904 2908
f 2904 172 2907
f 2907 787 2908
f 2904 2907 2908
f 787 2909 2910
f 2909 166 2841
f 2841 769 2910
f 2909 2841 2910
f 786 2908 2906
f 2908 787 2910
f 2910 769 2906
f 2908 2910 2906
f 166 2909 2912
f 2909 787 2911
f 2911 789 2912
f 2909 2911 2912
f 787 2907 2914
f 2907 172 2913
f 2913 788 2914
f 2907 2913 2914
f 788 2915 2917
f 2915 173 2916
f 2916 789 2917
f 2915 2916 2917
f 787 2914 2911
f 2914 788 2917
f 2917 789 2911
f 2914 2917 2911
f 167 2918 2853
f 2918 790 2919
f 2919 773 2853
f 2918 2919 2853
f 790 2920 2922
f 2920 78 2921
f 2921 791 2922
f 2920 2921 2922
f 791 2923 2924
f 2923 168 2855
f 2855 773 2924
f 2923 2855 2924
f 790 2922 2919
f 2922 791 2924
f 2924 773 2919
f 2922 2924 2919
f 168 2923 2926
f 2923 791 2925
f 2925 792 2926
f 2923 2925 2926
f 791 2921 2927
f 2921 78 2263
f 2263 603 2927
f 2921 2263 2927
f 603 2261 2929
f 2261 90 2928
f 2928 792 2929
f 2261 2928 2929
f 791 2927 2925
f 2927 603 2929
f 2929 792 2925
f 2927 2929 2925
f 168 2926 2865
f 2926 792 2930
f 2930 776 2865
f 2926 2930 2865
f 792 2928 2932
f 2928 90 2931
f 2931 793 2932
f 2928 2931 2932
f 793 2933 2934
f 2933 169 2867
f 2867 776 2934
f 2933 2867 2934
f 792 2932 2930
f 2932 793 2934
f 2934 776 2930
f 2932 2934 2930
f 169 2933 2936
f 2933 793 2935
f 2935 794 2936
f 2933 2935 2936
f 793 2931 2937
f 2931 90 2249
f 2249 599 2937
f 2931 2249 2937
f 599 2247 2939
f 2247 88 2938
f 2938 794 2939
f 2247 2938 2939
f 793 2937 2935
f 2937 599 2939
f 2939 794 2935
f 2937 2939 2935
f 169 2936 2877
f 2936 794 2940
f 2940 779 2877
f 2936 2940 2877
f 794 2938 2942
f 2938 88 2941
f 2941 795 2942
f 2938 2941 2942
f 795 2943 2944
f 2943 170 2879
f 2879 779 2944
f 2943 2879 2944
f 794 2942 2940
f 2942 795 2944
f 2944 779 2940
f 2942 2944 2940
f 170 2943 2946
f 2943 795 2945
f 2945 796 2946
f 2943 2945 2946
f 795 2941 2947
f 2941 88 2235
f 2235 595 2947
f 2941 2235 2947
f 595 2233 2949
f 2233 86 2948
f 2948 796 2949
f 2233 2948 2949
f 795 2947 2945
f 2947 595 2949
f 2949 796 2945
f 2947 2949 2945
f 170 2946 2889
f 2946 796 2950
f 2950 782 2889
f 2946 2950 2889
f 796 2948 2952
f 2948 86 2951
f 2951 797 2952
f 2948 2951 2952
f 797 2953 2954
f 2953 171 2891
f 2891 782 2954
f 2953 2891 2954
f 796 2952 2950
f 2952 797 2954
f 2954 782 2950
f 2952 2954 2950
f 171 2953 2956
f 2953 797 2955
f 2955 798 2956
f 2953 2955 2956
f 797 2951 2957
f 2951 86 2221
f 2221 591 2957
f 2951 2221 2957
f 591 2219 2959
f 2219 84 2958
f 2958 798 2959
f 2219 2958 2959
f 797 2957 2955
f 2957 591 2959
f 2959 798 2955
f 2957 2959 2955
f 171 2956 2901
f 2956 798 2960
f 2960 785 2901
f 2956 2960 2901
f 798 2958 2962
f 2958 84 2961
f 2961 799 2962
f 2958 2961 2962
f 799 2963 2964
f 2963 172 2903
f 2903 785 2964
f 2963 2903 2964
f 798 2962 2960
f 2962 799 2964
f 2964 785 2960
f 2962 2964 2960
f 172 2963 2966
f 2963 799 2965
f 2965 800 2966
f 2963 2965 2966
f 799 2961 2967
f 2961 84 2207
f 2207 587 2967
f 2961 2207 2967
f 587 2205 2969
f 2205 82 2968
f 2968 800 2969
f 2205 2968 2969
f 799 2967 2965
f 2967 587 2969
f 2969 800 2965
f 2967 2969 2965
f 172 2966 2913
f 2966 800 2970
f 2970 788 2913
f 2966 2970 2913
f 800 2968 2972
f 2968 82 2971
f 2971 801 2972
f 2968 2971 2972
f 801 2973 2974
f 2973 173 2915
f 2915 788 2974
f 2973 2915 2974
f 800 2972 2970
f 2972 801 2974
f 2974 788 2970
f 2972 2974 2970
f 173 2973 2976
f 2973 801 2975
f 2975 802 2976
f 2973 2975 2976
f 801 2971 2977
f 2971 82 2193
f 2193 583 2977
f 2971 2193 2977
f 583 2191 2979
f 2191 80 2978
f 2978 802 2979
f 2191 2978 2979
f 801 2977 2975
f 2977 583 2979
f 2979 802 2975
f 2977 2979 2975
f 75 2980 2257
f 2980 803 2981
f 2981 602 2257
f 2980 2981 2257
f 803 2982 2984
f 2982 174 2983
f 2983 804 2984
f 2982 2983 2984
f 804 2985 2986
f 2985 89 2253
f 2253 602 2986
f 2985 2253 2986
f 803 2984 2981
f 2984 804 2986
f 2986 602 2981
f 2984 2986 2981
f 89 2985 2988
f 2985 804 2987
f 2987 806 2988
f 2985 2987 2988
f 804 2983 2990
f 2983 174 2989
f 2989 805 2990
f 2983 2989 2990
f 805 2991 2993
f 2991 175 2992
f 2992 806 2993
f 2991 2992 2993
f 804 2990 2987
f 2990 805 2993
f 2993 806 2987
f 2990 2993 2987
f 89 2988 2243
f 2988 806 2994
f 2994 598 2243
f 2988 2994 2243
f 806 2992 2996
f 2992 175 2995
f 2995 807 2996
f 2992 2995 2996
f 807 2997 2998
f 2997 87 2239
f 2239 598 2998
f 2997 2239 2998
f 806 2996 2994
f 2996 807 2998
f 2998 598 2994
f 2996 2998 2994
f 87 2997 3000
f 2997 807 2999
f 2999 809 3000
f 2997 2999 3000
f 807 2995 3002
f 2995 175 3001
f 3001 808 3002
f 2995 3001 3002
f 808 3003 3005
f 3003 176 3004
f 3004 809 3005
f 3003 3004 3005
f 807 3002 2999
f 3002 808 3005
f 3005 809 2999
f 3002 3005 2999
f 87 3000 2229
f 3000 809 3006
f 3006 594 2229
f 3000 3006 2229
f 809 3004 3008
f 3004 176 3007
f 3007 810 3008
f 3004 3007 3008
f 810 3009 3010
f 3009 85 2225
f 2225 594 3010
f 3009 2225 3010
f 809 3008 3006
f 3008 810 3010
f 3010 594 3006
f 3008 3010 3006
f 85 3009 3012
f 3009 810 3011
f 3011 812 3012
f 3009 3011 3012
f 810 3007 3014
f 3007 176 3013
f 3013 811 3014
f 3007 3013 3014
f 811 3015 3017
f 3015 177 3016
f 3016 812 3017
f 3015 3016 3017
f 810 3014 3011
f 3014 811 3017
f 3017 812 3011
f 3014 3017 3011
f 85 3012 2215
f 3012 812 3018
f 3018 590 2215
f 3012 3018 2215
f 812 3016 3020
f 3016 177 3019
f 3019 813 3020
f 3016 3019 3020
f 813 3021 3022
f 3021 83 2211
f 2211 590 3022
f 3021 2211 3022
f 812 3020 3018
f 3020 813 3022
f 3022 590 3018
f 3020 3022 3018
f 83 3021 3024
f 3021 813 3023
f 3023 815 3024
f 3021 3023 3024
f 813 3019 3026
f 3019 177 3025
f 3025 814 3026
f 3019 3025 3026
f 814 3027 3029
f 3027 178 3028
f 3028 815 3029
f 3027 3028 3029
f 813 3026 3023
f 3026 814 3029
f 3029 815 3023
f 3026 3029 3023
f 83 3024 2201
f 3024 815 3030
f 3030 586 2201
f 3024 3030 2201
f 815 3028 3032
f 3028 178 3031
f 3031 816 3032
f 3028 3031 3032
f 816 3033 3034
f 3033 81 2197
f 2197 586 3034
f 3033 2197 3034
f 815 3032 3030
f 3032 816 3034
f 3034 586 3030
f 3032 3034 3030
f 81 3033 3036
f 3033 816 3035
f 3035 818 3036
f 3033 3035 3036
f 816 3031 3038
f 3031 178 3037
f 3037 817 3038
f 3031 3037 3038
f 817 3039 3041
f 3039 179 3040
f 3040 818 3041
f 3039 3040 3041
f 816 3038 3035
f 3038 817 3041
f 3041 818 3035
f 3038 3041 3035
f 81 3036 2187
f 3036 818 3042
f 3042 582 2187
f 3036 3042 2187
f 818 3040 3044
f 3040 179 3043
f 3043 819 3044
f 3040 3043 3044
f 819 3045 3046
f 3045 79 2182
f 2182 582 3046
f 3045 2182 3046
f 818 3044 3042
f 3044 819 3046
f 3046 582 3042
f 3044 3046 3042
f 79 3045 3048
f 3045 819 3047
f 3047 821 3048
f 3045 3047 3048
f 819 3043 3050
f 3043 179 3049
f 3049 820 3050
f 3043 3049 3050
f 820 3051 3053
f 3051 180 3052
f 3052 821 3053
f 3051 3052 3053
f 819 3050 3047
f 3050 820 3053
f 3053 821 3047
f 3050 3053 3047
f 174 3054 2989
f 3054 822 3055
f 3055 805 2989
f 3054 3055 2989
f 822 3056 3058
f 3056 181 3057
f 3057 823 3058
f 3056 3057 3058
f 823 3059 3060
f 3059 175 2991
f 2991 805 3060
f 3059 2991 3060
f 822 3058 3055
f 3058 823 3060
f 3060 805 3055
f 3058 3060 3055
f 175 3059 3062
f 3059 823 3061
f 3061 825 3062
f 3059 3061 3062
f 823 3057 3064
f 3057 181 3063
f 3063 824 3064
f 3057 3063 3064
f 824 3065 3067
f 3065 182 3066
f 3066 825 3067
f 3065 3066 3067
f 823 3064 3061
f 3064 824 3067
f 3067 825 3061
f 3064 3067 3061
f 175 3062 3001
f 3062 825 3068
f 3068 808 3001
f 3062 3068 3001
f 825 3066 3070
f 3066 182 3069
f 3069 826 3070
f 3066 3069 3070
f 826 3071 3072
f 3071 176 3003
f 3003 808 3072
f 3071 3003 3072
f 825 3070 3068
f 3070 826 3072
f 3072 808 3068
f 3070 3072 3068
f 176 3071 3074
f 3071 826 3073
f 3073 828 3074
f 3071 3073 3074
f 826 3069 3076
f 3069 182 3075
f 3075 827 3076
f 3069 3075 3076
f 827 3077 3079
f 3077 183 3078
f 3078 828 3079
f 3077 3078 3079
f 826 3076 3073
f 3076 827 3079
f 3079 828 3073
f 3076 3079 3073
f 176 3074 3013
f 3074 828 3080
f 3080 811 3013
f 3074 3080 3013
f 828 3078 3082
f 3078 183 3081
f 3081 829 3082
f 3078 3081 3082
f 829 3083 3084
f 3083 177 3015
f 3015 811 3084
f 3083 3015 3084
f 828 3082 3080
f 3082 829 3084
f 3084 811 3080
f 3082 3084 3080
f 177 3083 3086
f 3083 829 3085
f 3085 831 3086
f 3083 3085 3086
f 829 3081 3088
f 3081 183 3087
f 3087 830 3088
f 3081 3087 3088
f 830 3089 3091
f 3089 184 3090
f 3090 831 3091
f 3089 3090 3091
f 829 3088 3085
f 3088 830 3091
f 3091 831 3085
f 3088 3091 3085
f 177 3086 3025
f 3086 831 3092
f 3092 814 3025
f 3086 3092 3025
f 831 3090 3094
f 3090 184 3093
f 3093 832 3094
f 3090 3093 3094
f 832 3095 3096
f 3095 178 3027
f 3027 814 3096
f 3095 3027 3096
f 831 3094 3092
f 3094 832 3096
f 3096 814 3092
f 3094 3096 3092
f 178 3095 3098
f 3095 832 3097
f 3097 834 3098
f 3095 3097 3098
f 832 3093 3100
f 3093 184 3099
f 3099 833 3100
f 3093 3099 3100
f 833 3101 3103
f 3101 185 3102
f 3102 834 3103
f 3101 3102 3103
f 832 3100 3097
f 3100 833 3103
f 3103 834 3097
f 3100 3103 3097
f 178 3098 3037
f 3098 834 3104
f 3104 817 3037
f 3098 3104 3037
f 834 3102 3106
f 3102 185 3105
f 3105 835 3106
f 3102 3105 3106
f 835 3107 3108
f 3107 179 3039
f 3039 817 3108
f 3107 3039 3108
f 834 3106 3104
f 3106 835 3108
f 3108 817 3104
f 3106 3108 3104
f 179 3107 3110
f 3107 835 3109
f 3109 837 3110
f 3107 3109 3110
f 835 3105 3112
f 3105 185 3111
f 3111 836 3112
f 3105 3111 3112
f 836 3113 3115
f 3113 186 3114
f 3114 837 3115
f 3113 3114 3115
f 835 3112 3109
f 3112 836 3115
f 3115 837 3109
f 3112 3115 3109
f 179 3110 3049
f 3110 837 3116
f 3116 820 3049
f 3110 3116 3049
f 837 3114 3118
f 3114 186 3117
f 3117 838 3118
f 3114 3117 3118
f 838 3119 3120
f 3119 180 3051
f 3051 820 3120
f 3119 3051 3120
f 837 3118 3116
f 3118 838 3120
f 3120 820 3116
f 3118 3120 3116
f 180 3119 3122
f 3119 838 3121
f 3121 840 3122
f 3119 3121 3122
f 838 3117 3124
f 3117 186 3123
f 3123 839 3124
f 3117 3123 3124
f 839 3125 3127
f 3125 187 3126
f 3126 840 3127
f 3125 3126 3127
f 838 3124 3121
f 3124 839 3127
f 3127 840 3121
f 3124 3127 3121
f 181 3128 3063
f 3128 841 3129
f 3129 824 3063
f 3128 3129 3063
f 841 3130 3132
f 3130 36 3131
f 3131 842 3132
f 3130 3131 3132
f 842 3133 3134
f 3133 182 3065
f 3065 824 3134
f 3133 3065 3134
f 841 3132 3129
f 3132 842 3134
f 3134 824 3129
f 3132 3134 3129
f 182 3133 3136
f 3133 842 3135
f 3135 843 3136
f 3133 3135 3136
f 842 3131 3137
f 3131 36 1866
f 1866 490 3137
f 3131 1866 3137
f 490 1864 3139
f 1864 34 3138
f 3138 843 3139
f 1864 3138 3139
f 842 3137 3135
f 3137 490 3139
f 3139 843 3135
f 3137 3139 3135
f 182 3136 3075
f 3136 843 3140
f 3140 827 3075
f 3136 3140 3075
f 843 3138 3142
f 3138 34 3141
f 3141 844 3142
f 3138 3141 3142
f 844 3143 3144
f 3143 183 3077
f 3077 827 3144
f 3143 3077 3144
f 843 3142 3140
f 3142 844 3144
f 3144 827 3140
f 3142 3144 3140
f 183 3143 3146
f 3143 844 3145
f 3145 845 3146
f 3143 3145 3146
f 844 3141 3147
f 3141 34 1852
f 1852 486 3147
f 3141 1852 3147
f 486 1850 3149
f 1850 32 3148
f 3148 845 3149
f 1850 3148 3149
f 844 3147 3145
f 3147 486 3149
f 3149 845 3145
f 3147 3149 3145
f 183 3146 3087
f 3146 845 3150
f 3150 830 3087
f 3146 3150 3087
f 845 3148 3152
f 3148 32 3151
f 3151 846 3152
f 3148 3151 3152
f 846 3153 3154
f 3153 184 3089
f 3089 830 3154
f 3153 3089 3154
f 845 3152 3150
f 3152 846 3154
f 3154 830 3150
f 3152 3154 3150
f 184 3153 3156
f 3153 846 3155
f 3155 847 3156
f 3153 3155 3156
f 846 3151 3157
f 3151 32 1838
f 1838 482 3157
f 3151 1838 3157
f 482 1836 3159
f 1836 30 3158
f 3158 847 3159
f 1836 3158 3159
f 846 3157 3155
f 3157 482 3159
f 3159 847 3155
f 3157 3159 3155
f 184 3156 3099
f 3156 847 3160
f 3160 833 3099
f 3156 3160 3099
f 847 3158 3162
f 3158 30 3161
f 3161 848 3162
f 3158 3161 3162
f 848 3163 3164
f 3163 185 3101
f 3101 833 3164
f 3163 3101 3164
f 847 3162 3160
f 3162 848 3164
f 3164 833 3160
f 3162 3164 3160
f 185 3163 3166
f 3163 848 3165
f 3165 849 3166
f 3163 3165 3166
f 848 3161 3167
f 3161 30 1828
f 1828 479 3167
f 3161 1828 3167
f 479 1825 3169
f 1825 29 3168
f 3168 849 3169
f 1825 3168 3169
f 848 3167 3165
f 3167 479 3169
f 3169 849 3165
f 3167 3169 3165
f 185 3166 3111
f 3166 849 3170
f 3170 836 3111
f 3166 3170 3111
f 849 3168 3172
f 3168 29 3171
f 3171 850 3172
f 3168 3171 3172
f 850 3173 3174
f 3173 186 3113
f 3113 836 3174
f 3173 3113 3174
f 849 3172 3170
f 3172 850 3174
f 3174 836 3170
f 3172 3174 3170
f 186 3173 3176
f 3173 850 3175
f 3175 851 3176
f 3173 3175 3176
f 850 3171 3177
f 3171 29 1827
f 1827 481 3177
f 3171 1827 3177
f 481 1832 3179
f 1832 31 3178
f 3178 851 3179
f 1832 3178 3179
f 850 3177 3175
f 3177 481 3179
f 3179 851 3175
f 3177 3179 3175
f 186 3176 3123
f 3176 851 3180
f 3180 839 3123
f 3176 3180 3123
f 851 3178 3182
f 3178 31 3181
f 3181 852 3182
f 3178 3181 3182
f 852 3183 3184
f 3183 187 3125
f 3125 839 3184
f 3183 3125 3184
f 851 3182 3180
f 3182 852 3184
f 3184 839 3180
f 3182 3184 3180
f 187 3183 3186
f 3183 852 3185
f 3185 853 3186
f 3183 3185 3186
f 852 3181 3187
f 3181 31 1842
f 1842 485 3187
f 3181 1842 3187
f 485 1846 3189
f 1846 33 3188
f 3188 853 3189
f 1846 3188 3189
f 852 3187 3185
f 3187 485 3189
f 3189 853 3185
f 3187 3189 3185
f 188 3190 3192
f 3190 854 3191
f 3191 856 3192
f 3190 3191 3192
f 854 3193 3195
f 3193 189 3194
f 3194 855 3195
f 3193 3194 3195
f 855 3196 3198
f 3196 190 3197
f 3197 856 3198
f 3196 3197 3198
f 854 3195 3191
f 3195 855 3198
f 3198 856 3191
f 3195 3198 3191
f 190 3196 3200
f 3196 855 3199
f 3199 858 3200
f 3196 3199 3200
f 855 3194 3202
f 3194 189 3201
f 3201 857 3202
f 3194 3201 3202
f 857 3203 3205
f 3203 191 3204
f 3204 858 3205
f 3203 3204 3205
f 855 3202 3199
f 3202 857 3205
f 3205 858 3199
f 3202 3205 3199
f 192 3206 3208
f 3206 859 3207
f 3207 861 3208
f 3206 3207 3208
f 859 3209 3211
f 3209 193 3210
f 3210 860 3211
f 3209 3210 3211
f 860 3212 3214
f 3212 194 3213
f 3213 861 3214
f 3212 3213 3214
f 859 3211 3207
f 3211 860 3214
f 3214 861 3207
f 3211 3214 3207
f 194 3212 3216
f 3212 860 3215
f 3215 863 3216
f 3212 3215 3216
f 860 3210 3218
f 3210 193 3217
f 3217 862 3218
f 3210 3217 3218
f 862 3219 3221
f 3219 195 3220
f 3220 863 3221
f 3219 3220 3221
f 860 3218 3215
f 3218 862 3221
f 3221 863 3215
f 3218 3221 3215
f 194 3216 3223
f 3216 863 3222
f 3222 865 3223
f 3216 3222 3223
f 863 3220 3225
f 3220 195 3224
f 3224 864 3225
f 3220 3224 3225
f 864 3226 3228
f 3226 196 3227
f 3227 865 3228
f 3226 3227 3228
f 863 3225 3222
f 3225 864 3228
f 3228 865 3222
f 3225 3228 3222
f 196 3226 3230
f 3226 864 3229
f 3229 867 3230
f 3226 3229 3230
f 864 3224 3232
f 3224 195 3231
f 3231 866 3232
f 3224 3231 3232
f 866 3233 3235
f 3233 197 3234
f 3234 867 3235
f 3233 3234 3235
f 864 3232 3229
f 3232 866 3235
f 3235 867 3229
f 3232 3235 3229
f 196 3230 3237
f 3230 867 3236
f 3236 869 3237
f 3230 3236 3237
f 867 3234 3239
f 3234 197 3238
f 3238 868 3239
f 3234 3238 3239
f 868 3240 3242
f 3240 198 3241
f 3241 869 3242
f 3240 3241 3242
f 867 3239 3236
f 3239 868 3242
f 3242 869 3236
f 3239 3242 3236
f 198 3240 3244
f 3240 868 3243
f 3243 871 3244
f 3240 3243 3244
f 868 3238 3246
f 3238 197 3245
f 3245 870 3246
f 3238 3245 3246
f 870 3247 3249
f 3247 199 3248
f 3248 871 3249
f 3247 3248 3249
f 868 3246 3243
f 3246 870 3249
f 3249 871 3243
f 3246 3249 3243
f 200 3250 3252
f 3250 872 3251
f 3251 874 3252
f 3250 3251 3252
f 872 3253 3255
f 3253 201 3254
f 3254 873 3255
f 3253 3254 3255
f 873 3256 3258
f 3256 202 3257
f 3257 874 3258
f 3256 3257 3258
f 872 3255 3251
f 3255 873 3258
f 3258 874 3251
f 3255 3258 3251
f 202 3256 3260
f 3256 873 3259
f 3259 876 3260
f 3256 3259 3260
f 873 3254 3262
f 3254 201 3261
f 3261 875 3262
f 3254 3261 3262
f 875 3263 3265
f 3263 203 3264
f 3264 876 3265
f 3263 3264 3265
f 873 3262 3259
f 3262 875 3265
f 3265 876 3259
f 3262 3265 3259
f 202 3260 3267
f 3260 876 3266
f 3266 878 3267
f 3260 3266 3267
f 876 3264 3269
f 3264 203 3268
f 3268 877 3269
f 3264 3268 3269
f 877 3270 3272
f 3270 204 3271
f 3271 878 3272
f 3270 3271 3272
f 876 3269 3266
f 3269 877 3272
f 3272 878 3266
f 3269 3272 3266
f 204 3270 3274
f 3270 877 3273
f 3273 880 3274
f 3270 3273 3274
f 877 3268 3276
f 3268 203 3275
f 3275 879 3276
f 3268 3275 3276
f 879 3277 3279
f 3277 205 3278
f 3278 880 3279
f 3277 3278 3279
f 877 3276 3273
f 3276 879 3279
f 3279 880 3273
f 3276 3279 3273
f 204 3274 3281
f 3274 880 3280
f 3280 882 3281
f 3274 3280 3281
f 880 3278 3283
f 3278 205 3282
f 3282 881 3283
f 3278 3282 3283
f 881 3284 3286
f 3284 206 3285
f 3285 882 3286
f 3284 3285 3286
f 880 3283 3280
f 3283 881 3286
f 3286 882 3280
f 3283 3286 3280
f 206 3284 3288
f 3284 881 3287
f 3287 884 3288
f 3284 3287 3288
f 881 3282 3290
f 3282 205 3289
f 3289 883 3290
f 3282 3289 3290
f 883 3291 3293
f 3291 207 3292
f 3292 884 3293
f 3291 3292 3293
f 881 3290 3287
f 3290 883 3293
f 3293 884 3287
f 3290 3293 3287
f 206 3288 3295
f 3288 884 3294
f 3294 886 3295
f 3288 3294 3295
f 884 3292 3297
f 3292 207 3296
f 3296 885 3297
f 3292 3296 3297
f 885 3298 3300
f 3298 208 3299
f 3299 886 3300
f 3298 3299 3300
f 884 3297 3294
f 3297 885 3300
f 3300 886 3294
f 3297 3300 3294
f 208 3298 3302
f 3298 885 3301
f 3301 888 3302
f 3298 3301 3302
f 885 3296 3304
f 3296 207 3303
f 3303 887 3304
f 3296 3303 3304
f 887 3305 3307
f 3305 209 3306
f 3306 888 3307
f 3305 3306 3307
f 885 3304 3301
f 3304 887 3307
f 3307 888 3301
f 3304 3307 3301
f 208 3302 3309
f 3302 888 3308
f 3308 890 3309
f 3302 3308 3309
f 888 3306 3311
f 3306 209 3310
f 3310 889 3311
f 3306 3310 3311
f 889 3312 3314
f 3312 210 3313
f 3313 890 3314
f 3312 3313 3314
f 888 3311 3308
f 3311 889 3314
f 3314 890 3308
f 3311 3314 3308
f 210 3312 3316
f 3312 889 3315
f 3315 892 3316
f 3312 3315 3316
f 889 3310 3318
f 3310 209 3317
f 3317 891 3318
f 3310 3317 3318
f 891 3319 3321
f 3319 211 3320
f 3320 892 3321
f 3319 3320 3321
f 889 3318 3315
f 3318 891 3321
f 3321 892 3315
f 3318 3321 3315
f 210 3316 3323
f 3316 892 3322
f 3322 894 3323
f 3316 3322 3323
f 892 3320 3325
f 3320 211 3324
f 3324 893 3325
f 3320 3324 3325
f 893 3326 3328
f 3326 212 3327
f 3327 894 3328
f 3326 3327 3328
f 892 3325 3322
f 3325 893 3328
f 3328 894 3322
f 3325 3328 3322
f 212 3326 3330
f 3326 893 3329
f 3329 896 3330
f 3326 3329 3330
f 893 3324 3332
f 3324 211 3331
f 3331 895 3332
f 3324 3331 3332
f 895 3333 3335
f 3333 213 3334
f 3334 896 3335
f 3333 3334 3335
f 893 3332 3329
f 3332 895 3335
f 3335 896 3329
f 3332 3335 3329
f 212 3330 3337
f 3330 896 3336
f 3336 898 3337
f 3330 3336 3337
f 896 3334 3339
f 3334 213 3338
f 3338 897 3339
f 3334 3338 3339
f 897 3340 3342
f 3340 153 3341
f 3341 898 3342
f 3340 3341 3342
f 896 3339 3336
f 3339 897 3342
f 3342 898 3336
f 3339 3342 3336
f 153 3340 3344
f 3340 897 3343
f 3343 900 3344
f 3340 3343 3344
f 897 3338 3346
f 3338 213 3345
f 3345 899 3346
f 3338 3345 3346
f 899 3347 3349
f 3347 214 3348
f 3348 900 3349
f 3347 3348 3349
f 897 3346 3343
f 3346 899 3349
f 3349 900 3343
f 3346 3349 3343
f 153 3344 2756
f 3344 900 3350
f 3350 745 2756
f 3344 3350 2756
f 900 3348 3352
f 3348 214 3351
f 3351 901 3352
f 3348 3351 3352
f 901 3353 3354
f 3353 152 2752
f 2752 745 3354
f 3353 2752 3354
f 900 3352 3350
f 3352 901 3354
f 3354 745 3350
f 3352 3354 3350
f 152 3353 3356
f 3353 901 3355
f 3355 903 3356
f 3353 3355 3356
f 901 3351 3358
f 3351 214 3357
f 3357 902 3358
f 3351 3357 3358
f 902 3359 3361
f 3359 215 3360
f 3360 903 3361
f 3359 3360 3361
f 901 3358 3355
f 3358 902 3361
f 3361 903 3355
f 3358 3361 3355
f 152 3356 2835
f 3356 903 3362
f 3362 768 2835
f 3356 3362 2835
f 903 3360 3364
f 3360 215 3363
f 3363 904 3364
f 3360 3363 3364
f 904 3365 3366
f 3365 164 2831
f 2831 768 3366
f 3365 2831 3366
f 903 3364 3362
f 3364 904 3366
f 3366 768 3362
f 3364 3366 3362
f 164 3365 3368
f 3365 904 3367
f 3367 906 3368
f 3365 3367 3368
f 904 3363 3370
f 3363 215 3369
f 3369 905 3370
f 3363 3369 3370
f 905 3371 3373
f 3371 216 3372
f 3372 906 3373
f 3371 3372 3373
f 904 3370 3367
f 3370 905 3373
f 3373 906 3367
f 3370 3373 3367
f 164 3368 2821
f 3368 906 3374
f 3374 764 2821
f 3368 3374 2821
f 906 3372 3376
f 3372 216 3375
f 3375 907 3376
f 3372 3375 3376
f 907 3377 3378
f 3377 162 2817
f 2817 764 3378
f 3377 2817 3378
f 906 3376 3374
f 3376 907 3378
f 3378 764 3374
f 3376 3378 3374
f 162 3377 3380
f 3377 907 3379
f 3379 909 3380
f 3377 3379 3380
f 907 3375 3382
f 3375 216 3381
f 3381 908 3382
f 3375 3381 3382
f 908 3383 3385
f 3383 217 3384
f 3384 909 3385
f 3383 3384 3385
f 907 3382 3379
f 3382 908 3385
f 3385 909 3379
f 3382 3385 3379
f 162 3380 2807
f 3380 909 3386
f 3386 760 2807
f 3380 3386 2807
f 909 3384 3388
f 3384 217 3387
f 3387 910 3388
f 3384 3387 3388
f 910 3389 3390
f 3389 160 2803
f 2803 760 3390
f 3389 2803 3390
f 909 3388 3386
f 3388 910 3390
f 3390 760 3386
f 3388 3390 3386
f 160 3389 3392
f 3389 910 3391
f 3391 912 3392
f 3389 3391 3392
f 910 3387 3394
f 3387 217 3393
f 3393 911 3394
f 3387 3393 3394
f 911 3395 3397
f 3395 218 3396
f 3396 912 3397
f 3395 3396 3397
f 910 3394 3391
f 3394 911 3397
f 3397 912 3391
f 3394 3397 3391
f 160 3392 2793
f 3392 912 3398
f 3398 756 2793
f 3392 3398 2793
f 912 3396 3400
f 3396 218 3399
f 3399 913 3400
f 3396 3399 3400
f 913 3401 3402
f 3401 158 2789
f 2789 756 3402
f 3401 2789 3402
f 912 3400 3398
f 3400 913 3402
f 3402 756 3398
f 3400 3402 3398
f 158 3401 3404
f 3401 913 3403
f 3403 915 3404
f 3401 3403 3404
f 913 3399 3406
f 3399 218 3405
f 3405 914 3406
f 3399 3405 3406
f 914 3407 3409
f 3407 219 3408
f 3408 915 3409
f 3407 3408 3409
f 913 3406 3403
f 3406 914 3409
f 3409 915 3403
f 3406 3409 3403
f 158 3404 2779
f 3404 915 3410
f 3410 752 2779
f 3404 3410 2779
f 915 3408 3412
f 3408 219 3411
f 3411 916 3412
f 3408 3411 3412
f 916 3413 3414
f 3413 156 2775
f 2775 752 3414
f 3413 2775 3414
f 915 3412 3410
f 3412 916 3414
f 3414 752 3410
f 3412 3414 3410
f 156 3413 2765
f 3413 916 3415
f 3415 748 2765
f 3413 3415 2765
f 916 3411 3417
f 3411 219 3416
f 3416 917 3417
f 3411 3416 3417
f 917 3418 3419
f 3418 154 2760
f 2760 748 3419
f 3418 2760 3419
f 916 3417 3415
f 3417 917 3419
f 3419 748 3415
f 3417 3419 3415
f 190 3420 3197
f 3420 918 3421
f 3421 856 3197
f 3420 3421 3197
f 918 3422 3424
f 3422 40 3423
f 3423 919 3424
f 3422 3423 3424
f 919 3425 3426
f 3425 188 3192
f 3192 856 3426
f 3425 3192 3426
f 918 3424 3421
f 3424 919 3426
f 3426 856 3421
f 3424 3426 3421
f 188 3425 3428
f 3425 919 3427
f 3427 920 3428
f 3425 3427 3428
f 919 3423 3429
f 3423 40 1882
f 1882 495 3429
f 3423 1882 3429
f 495 1880 3431
f 1880 38 3430
f 3430 920 3431
f 1880 3430 3431
f 919 3429 3427
f 3429 495 3431
f 3431 920 3427
f 3429 3431 3427
f 220 3432 3434
f 3432 921 3433
f 3433 923 3434
f 3432 3433 3434
f 921 3435 3437
f 3435 221 3436
f 3436 922 3437
f 3435 3436 3437
f 922 3438 3440
f 3438 222 3439
f 3439 923 3440
f 3438 3439 3440
f 921 3437 3433
f 3437 922 3440
f 3440 923 3433
f 3437 3440 3433
f 222 3438 3442
f 3438 922 3441
f 3441 925 3442
f 3438 3441 3442
f 922 3436 3444
f 3436 221 3443
f 3443 924 3444
f 3436 3443 3444
f 924 3445 3447
f 3445 223 3446
f 3446 925 3447
f 3445 3446 3447
f 922 3444 3441
f 3444 924 3447
f 3447 925 3441
f 3444 3447 3441
f 222 3442 3449
f 3442 925 3448
f 3448 927 3449
f 3442 3448 3449
f 925 3446 3451
f 3446 223 3450
f 3450 926 3451
f 3446 3450 3451
f 926 3452 3454
f 3452 224 3453
f 3453 927 3454
f 3452 3453 3454
f 925 3451 3448
f 3451 926 3454
f 3454 927 3448
f 3451 3454 3448
f 224 3452 3456
f 3452 926 3455
f 3455 929 3456
f 3452 3455 3456
f 926 3450 3458
f 3450 223 3457
f 3457 928 3458
f 3450 3457 3458
f 928 3459 3461
f 3459 225 3460
f 3460 929 3461
f 3459 3460 3461
f 926 3458 3455
f 3458 928 3461
f 3461 929 3455
f 3458 3461 3455
f 221 3462 3443
f 3462 930 3463
f 3463 924 3443
f 3462 3463 3443
f 930 3464 3466
f 3464 4 3465
f 3465 931 3466
f 3464 3465 3466
f 931 3467 3468
f 3467 223 3445
f 3445 924 3468
f 3467 3445 3468
f 930 3466 3463
f 3466 931 3468
f 3468 924 3463
f 3466 3468 3463
f 223 3467 3470
f 3467 931 3469
f 3469 933 3470
f 3467 3469 3470
f 931 3465 3472
f 3465 4 3471
f 3471 932 3472
f 3465 3471 3472
f 932 3473 3475
f 3473 226 3474
f 3474 933 3475
f 3473 3474 3475
f 931 3472 3469
f 3472 932 3475
f 3475 933 3469
f 3472 3475 3469
f 223 3470 3457
f 3470 933 3476
f 3476 928 3457
f 3470 3476 3457
f 933 3474 3478
f 3474 226 3477
f 3477 934 3478
f 3474 3477 3478
f 934 3479 3480
f 3479 225 3459
f 3459 928 3480
f 3479 3459 3480
f 933 3478 3476
f 3478 934 3480
f 3480 928 3476
f 3478 3480 3476
f 225 3479 3482
f 3479 934 3481
f 3481 936 3482
f 3479 3481 3482
f 934 3477 3484
f 3477 226 3483
f 3483 935 3484
f 3477 3483 3484
f 935 3485 3487
f 3485 3 3486
f 3486 936 3487
f 3485 3486 3487
f 934 3484 3481
f 3484 935 3487
f 3487 936 3481
f 3484 3487 3481
f 118 3488 3490
f 3488 937 3489
f 3489 939 3490
f 3488 3489 3490
f 937 3491 3493
f 3491 132 3492
f 3492 938 3493
f 3491 3492 3493
f 938 3494 3496
f 3494 227 3495
f 3495 939 3496
f 3494 3495 3496
f 937 3493 3489
f 3493 938 3496
f 3496 939 3489
f 3493 3496 3489
f 227 3494 3498
f 3494 938 3497
f 3497 941 3498
f 3494 3497 3498
f 938 3492 3500
f 3492 132 3499
f 3499 940 3500
f 3492 3499 3500
f 940 3501 3503
f 3501 228 3502
f 3502 941 3503
f 3501 3502 3503
f 938 3500 3497
f 3500 940 3503
f 3503 941 3497
f 3500 3503 3497
f 227 3498 3505
f 3498 941 3504
f 3504 943 3505
f 3498 3504 3505
f 941 3502 3507
f 3502 228 3506
f 3506 942 3507
f 3502 3506 3507
f 942 3508 3510
f 3508 229 3509
f 3509 943 3510
f 3508 3509 3510
f 941 3507 3504
f 3507 942 3510
f 3510 943 3504
f 3507 3510 3504
f 229 3508 3512
f 3508 942 3511
f 3511 945 3512
f 3508 3511 3512
f 942 3506 3514
f 3506 228 3513
f 3513 944 3514
f 3506 3513 3514
f 944 3515 3517
f 3515 230 3516
f 3516 945 3517
f 3515 3516 3517
f 942 3514 3511
f 3514 944 3517
f 3517 945 3511
f 3514 3517 3511
f 229 3512 3519
f 3512 945 3518
f 3518 947 3519
f 3512 3518 3519
f 945 3516 3521
f 3516 230 3520
f 3520 946 3521
f 3516 3520 3521
f 946 3522 3524
f 3522 211 3523
f 3523 947 3524
f 3522 3523 3524
f 945 3521 3518
f 3521 946 3524
f 3524 947 3518
f 3521 3524 3518
f 211 3522 3331
f 3522 946 3525
f 3525 895 3331
f 3522 3525 3331
f 946 3520 3527
f 3520 230 3526
f 3526 948 3527
f 3520 3526 3527
f 948 3528 3529
f 3528 213 3333
f 3333 895 3529
f 3528 3333 3529
f 946 3527 3525
f 3527 948 3529
f 3529 895 3525
f 3527 3529 3525
f 146 2700 3531
f 2700 730 3530
f 3530 950 3531
f 2700 3530 3531
f 730 2705 3533
f 2705 147 3532
f 3532 949 3533
f 2705 3532 3533
f 949 3534 3536
f 3534 231 3535
f 3535 950 3536
f 3534 3535 3536
f 730 3533 3530
f 3533 949 3536
f 3536 950 3530
f 3533 3536 3530
f 231 3534 3538
f 3534 949 3537
f 3537 952 3538
f 3534 3537 3538
f 949 3532 3540
f 3532 147 3539
f 3539 951 3540
f 3532 3539 3540
f 951 3541 3543
f 3541 232 3542
f 3542 952 3543
f 3541 3542 3543
f 949 3540 3537
f 3540 951 3543
f 3543 952 3537
f 3540 3543 3537
f 231 3538 3545
f 3538 952 3544
f 3544 954 3545
f 3538 3544 3545
f 952 3542 3547
f 3542 232 3546
f 3546 953 3547
f 3542 3546 3547
f 953 3548 3550
f 3548 233 3549
f 3549 954 3550
f 3548 3549 3550
f 952 3547 3544
f 3547 953 3550
f 3550 954 3544
f 3547 3550 3544
f 233 3548 3552
f 3548 953 3551
f 3551 956 3552
f 3548 3551 3552
f 953 3546 3554
f 3546 232 3553
f 3553 955 3554
f 3546 3553 3554
f 955 3555 3557
f 3555 234 3556
f 3556 956 3557
f 3555 3556 3557
f 953 3554 3551
f 3554 955 3557
f 3557 956 3551
f 3554 3557 3551
f 233 3552 3559
f 3552 956 3558
f 3558 958 3559
f 3552 3558 3559
f 956 3556 3561
f 3556 234 3560
f 3560 957 3561
f 3556 3560 3561
f 957 3562 3564
f 3562 235 3563
f 3563 958 3564
f 3562 3563 3564
f 956 3561 3558
f 3561 957 3564
f 3564 958 3558
f 3561 3564 3558
f 235 3562 3566
f 3562 957 3565
f 3565 960 3566
f 3562 3565 3566
f 957 3560 3568
f 3560 234 3567
f 3567 959 3568
f 3560 3567 3568
f 959 3569 3571
f 3569 236 3570
f 3570 960 3571
f 3569 3570 3571
f 957 3568 3565
f 3568 959 3571
f 3571 960 3565
f 3568 3571 3565
f 237 3572 3574
f 3572 961 3573
f 3573 963 3574
f 3572 3573 3574
f 961 3575 3577
f 3575 26 3576
f 3576 962 3577
f 3575 3576 3577
f 962 3578 3580
f 3578 238 3579
f 3579 963 3580
f 3578 3579 3580
f 961 3577 3573
f 3577 962 3580
f 3580 963 3573
f 3577 3580 3573
f 238 3578 3582
f 3578 962 3581
f 3581 964 3582
f 3578 3581 3582
f 962 3576 3583
f 3576 26 2088
f 2088 553 3583
f 3576 2088 3583
f 553 2086 3585
f 2086 65 3584
f 3584 964 3585
f 2086 3584 3585
f 962 3583 3581
f 3583 553 3585
f 3585 964 3581
f 3583 3585 3581
f 238 3582 3587
f 3582 964 3586
f 3586 966 3587
f 3582 3586 3587
f 964 3584 3589
f 3584 65 3588
f 3588 965 3589
f 3584 3588 3589
f 965 3590 3592
f 3590 239 3591
f 3591 966 3592
f 3590 3591 3592
f 964 3589 3586
f 3589 965 3592
f 3592 966 3586
f 3589 3592 3586
f 239 3590 3594
f 3590 965 3593
f 3593 967 3594
f 3590 3593 3594
f 965 3588 3595
f 3588 65 2079
f 2079 551 3595
f 3588 2079 3595
f 551 2077 3597
f 2077 44 3596
f 3596 967 3597
f 2077 3596 3597
f 965 3595 3593
f 3595 551 3597
f 3597 967 3593
f 3595 3597 3593
f 239 3594 3599
f 3594 967 3598
f 3598 969 3599
f 3594 3598 3599
f 967 3596 3601
f 3596 44 3600
f 3600 968 3601
f 3596 3600 3601
f 968 3602 3604
f 3602 240 3603
f 3603 969 3604
f 3602 3603 3604
f 967 3601 3598
f 3601 968 3604
f 3604 969 3598
f 3601 3604 3598
f 240 3602 3606
f 3602 968 3605
f 3605 970 3606
f 3602 3605 3606
f 968 3600 3607
f 3600 44 1908
f 1908 505 3607
f 3600 1908 3607
f 505 1913 3609
f 1913 46 3608
f 3608 970 3609
f 1913 3608 3609
f 968 3607 3605
f 3607 505 3609
f 3609 970 3605
f 3607 3609 3605
f 194 3610 3213
f 3610 971 3611
f 3611 861 3213
f 3610 3611 3213
f 971 3612 3614
f 3612 189 3613
f 3613 972 3614
f 3612 3613 3614
f 972 3615 3616
f 3615 192 3208
f 3208 861 3616
f 3615 3208 3616
f 971 3614 3611
f 3614 972 3616
f 3616 861 3611
f 3614 3616 3611
f 192 3615 3618
f 3615 972 3617
f 3617 974 3618
f 3615 3617 3618
f 972 3613 3620
f 3613 189 3619
f 3619 973 3620
f 3613 3619 3620
f 973 3621 3623
f 3621 241 3622
f 3622 974 3623
f 3621 3622 3623
f 972 3620 3617
f 3620 973 3623
f 3623 974 3617
f 3620 3623 3617
f 192 3618 3625
f 3618 974 3624
f 3624 976 3625
f 3618 3624 3625
f 974 3622 3627
f 3622 241 3626
f 3626 975 3627
f 3622 3626 3627
f 975 3628 3630
f 3628 23 3629
f 3629 976 3630
f 3628 3629 3630
f 974 3627 3624
f 3627 975 3630
f 3630 976 3624
f 3627 3630 3624
f 23 3628 3632
f 3628 975 3631
f 3631 978 3632
f 3628 3631 3632
f 975 3626 3634
f 3626 241 3633
f 3633 977 3634
f 3626 3633 3634
f 977 3635 3637
f 3635 242 3636
f 3636 978 3637
f 3635 3636 3637
f 975 3634 3631
f 3634 977 3637
f 3637 978 3631
f 3634 3637 3631
f 23 3632 1800
f 3632 978 3638
f 3638 471 1800
f 3632 3638 1800
f 978 3636 3640
f 3636 242 3639
f 3639 979 3640
f 3636 3639 3640
f 979 3641 3642
f 3641 22 1796
f 1796 471 3642
f 3641 1796 3642
f 978 3640 3638
f 3640 979 3642
f 3642 471 3638
f 3640 3642 3638
f 22 3641 3644
f 3641 979 3643
f 3643 981 3644
f 3641 3643 3644
f 979 3639 3646
f 3639 242 3645
f 3645 980 3646
f 3639 3645 3646
f 980 3647 3649
f 3647 243 3648
f 3648 981 3649
f 3647 3648 3649
f 979 3646 3643
f 3646 980 3649
f 3649 981 3643
f 3646 3649 3643
f 22 3644 3651
f 3644 981 3650
f 3650 983 3651
f 3644 3650 3651
f 981 3648 3653
f 3648 243 3652
f 3652 982 3653
f 3648 3652 3653
f 982 3654 3656
f 3654 244 3655
f 3655 983 3656
f 3654 3655 3656
f 981 3653 3650
f 3653 982 3656
f 3656 983 3650
f 3653 3656 3650
f 244 3654 3658
f 3654 982 3657
f 3657 985 3658
f 3654 3657 3658
f 982 3652 3660
f 3652 243 3659
f 3659 984 3660
f 3652 3659 3660
f 984 3661 3663
f 3661 245 3662
f 3662 985 3663
f 3661 3662 3663
f 982 3660 3657
f 3660 984 3663
f 3663 985 3657
f 3660 3663 3657
f 244 3658 3665
f 3658 985 3664
f 3664 987 3665
f 3658 3664 3665
f 985 3662 3667
f 3662 245 3666
f 3666 986 3667
f 3662 3666 3667
f 986 3668 3670
f 3668 246 3669
f 3669 987 3670
f 3668 3669 3670
f 985 3667 3664
f 3667 986 3670
f 3670 987 3664
f 3667 3670 3664
f 246 3668 3672
f 3668 986 3671
f 3671 989 3672
f 3668 3671 3672
f 986 3666 3674
f 3666 245 3673
f 3673 988 3674
f 3666 3673 3674
f 988 3675 3677
f 3675 247 3676
f 3676 989 3677
f 3675 3676 3677
f 986 3674 3671
f 3674 988 3677
f 3677 989 3671
f 3674 3677 3671
f 248 3678 3680
f 3678 990 3679
f 3679 992 3680
f 3678 3679 3680
f 990 3681 3683
f 3681 249 3682
f 3682 991 3683
f 3681 3682 3683
f 991 3684 3686
f 3684 250 3685
f 3685 992 3686
f 3684 3685 3686
f 990 3683 3679
f 3683 991 3686
f 3686 992 3679
f 3683 3686 3679
f 250 3684 3688
f 3684 991 3687
f 3687 994 3688
f 3684 3687 3688
f 991 3682 3690
f 3682 249 3689
f 3689 993 3690
f 3682 3689 3690
f 993 3691 3693
f 3691 251 3692
f 3692 994 3693
f 3691 3692 3693
f 991 3690 3687
f 3690 993 3693
f 3693 994 3687
f 3690 3693 3687
f 250 3688 3695
f 3688 994 3694
f 3694 996 3695
f 3688 3694 3695
f 994 3692 3697
f 3692 251 3696
f 3696 995 3697
f 3692 3696 3697
f 995 3698 3700
f 3698 252 3699
f 3699 996 3700
f 3698 3699 3700
f 994 3697 3694
f 3697 995 3700
f 3700 996 3694
f 3697 3700 3694
f 252 3698 3702
f 3698 995 3701
f 3701 998 3702
f 3698 3701 3702
f 995 3696 3704
f 3696 251 3703
f 3703 997 3704
f 3696 3703 3704
f 997 3705 3707
f 3705 253 3706
f 3706 998 3707
f 3705 3706 3707
f 995 3704 3701
f 3704 997 3707
f 3707 998 3701
f 3704 3707 3701
f 247 3675 3709
f 3675 988 3708
f 3708 1000 3709
f 3675 3708 3709
f 988 3673 3711
f 3673 245 3710
f 3710 999 3711
f 3673 3710 3711
f 999 3712 3714
f 3712 254 3713
f 3713 1000 3714
f 3712 3713 3714
f 988 3711 3708
f 3711 999 3714
f 3714 1000 3708
f 3711 3714 3708
f 254 3712 3716
f 3712 999 3715
f 3715 1002 3716
f 3712 3715 3716
f 999 3710 3718
f 3710 245 3717
f 3717 1001 3718
f 3710 3717 3718
f 1001 3719 3721
f 3719 255 3720
f 3720 1002 3721
f 3719 3720 3721
f 999 3718 3715
f 3718 1001 3721
f 3721 1002 3715
f 3718 3721 3715
f 254 3716 3723
f 3716 1002 3722
f 3722 1004 3723
f 3716 3722 3723
f 1002 3720 3725
f 3720 255 3724
f 3724 1003 3725
f 3720 3724 3725
f 1003 3726 3728
f 3726 25 3727
f 3727 1004 3728
f 3726 3727 3728
f 1002 3725 3722
f 3725 1003 3728
f 3728 1004 3722
f 3725 3728 3722
f 253 3705 3730
f 3705 997 3729
f 3729 1006 3730
f 3705 3729 3730
f 997 3703 3732
f 3703 251 3731
f 3731 1005 3732
f 3703 3731 3732
f 1005 3733 3735
f 3733 255 3734
f 3734 1006 3735
f 3733 3734 3735
f 997 3732 3729
f 3732 1005 3735
f 3735 1006 3729
f 3732 3735 3729
f 255 3733 3737
f 3733 1005 3736
f 3736 1008 3737
f 3733 3736 3737
f 1005 3731 3739
f 3731 251 3738
f 3738 1007 3739
f 3731 3738 3739
f 1007 3740 3742
f 3740 24 3741
f 3741 1008 3742
f 3740 3741 3742
f 1005 3739 3736
f 3739 1007 3742
f 3742 1008 3736
f 3739 3742 3736
f 255 3737 3724
f 3737 1008 3743
f 3743 1003 3724
f 3737 3743 3724
f 1008 3741 3744
f 3741 24 1804
f 1804 474 3744
f 3741 1804 3744
f 474 1809 3745
f 1809 25 3726
f 3726 1003 3745
f 1809 3726 3745
f 1008 3744 3743
f 3744 474 3745
f 3745 1003 3743
f 3744 3745 3743
f 194 3223 3610
f 3223 865 3746
f 3746 971 3610
f 3223 3746 3610
f 865 3227 3748
f 3227 196 3747
f 3747 1009 3748
f 3227 3747 3748
f 1009 3749 3750
f 3749 189 3612
f 3612 971 3750
f 3749 3612 3750
f 865 3748 3746
f 3748 1009 3750
f 3750 971 3746
f 3748 3750 3746
f 189 3749 3752
f 3749 1009 3751
f 3751 1010 3752
f 3749 3751 3752
f 1009 3747 3753
f 3747 196 3237
f 3237 869 3753
f 3747 3237 3753
f 869 3241 3755
f 3241 198 3754
f 3754 1010 3755
f 3241 3754 3755
f 1009 3753 3751
f 3753 869 3755
f 3755 1010 3751
f 3753 3755 3751
f 189 3752 3201
f 3752 1010 3756
f 3756 857 3201
f 3752 3756 3201
f 1010 3754 3758
f 3754 198 3757
f 3757 1011 3758
f 3754 3757 3758
f 1011 3759 3760
f 3759 191 3203
f 3203 857 3760
f 3759 3203 3760
f 1010 3758 3756
f 3758 1011 3760
f 3760 857 3756
f 3758 3760 3756
f 191 3759 3762
f 3759 1011 3761
f 3761 1013 3762
f 3759 3761 3762
f 1011 3757 3764
f 3757 198 3763
f 3763 1012 3764
f 3757 3763 3764
f 1012 3765 3767
f 3765 256 3766
f 3766 1013 3767
f 3765 3766 3767
f 1011 3764 3761
f 3764 1012 3767
f 3767 1013 3761
f 3764 3767 3761
f 231 3768 3535
f 3768 1014 3769
f 3769 950 3535
f 3768 3769 3535
f 1014 3770 3772
f 3770 257 3771
f 3771 1015 3772
f 3770 3771 3772
f 1015 3773 3774
f 3773 146 3531
f 3531 950 3774
f 3773 3531 3774
f 1014 3772 3769
f 3772 1015 3774
f 3774 950 3769
f 3772 3774 3769
f 146 3773 3776
f 3773 1015 3775
f 3775 1017 3776
f 3773 3775 3776
f 1015 3771 3778
f 3771 257 3777
f 3777 1016 3778
f 3771 3777 3778
f 1016 3779 3781
f 3779 258 3780
f 3780 1017 3781
f 3779 3780 3781
f 1015 3778 3775
f 3778 1016 3781
f 3781 1017 3775
f 3778 3781 3775
f 146 3776 2698
f 3776 1017 3782
f 3782 728 2698
f 3776 3782 2698
f 1017 3780 3784
f 3780 258 3783
f 3783 1018 3784
f 3780 3783 3784
f 1018 3785 3786
f 3785 20 2701
f 2701 728 3786
f 3785 2701 3786
f 1017 3784 3782
f 3784 1018 3786
f 3786 728 3782
f 3784 3786 3782
f 256 3765 3788
f 3765 1012 3787
f 3787 1020 3788
f 3765 3787 3788
f 1012 3763 3790
f 3763 198 3789
f 3789 1019 3790
f 3763 3789 3790
f 1019 3791 3793
f 3791 258 3792
f 3792 1020 3793
f 3791 3792 3793
f 1012 3790 3787
f 3790 1019 3793
f 3793 1020 3787
f 3790 3793 3787
f 258 3791 3795
f 3791 1019 3794
f 3794 1022 3795
f 3791 3794 3795
f 1019 3789 3797
f 3789 198 3796
f 3796 1021 3797
f 3789 3796 3797
f 1021 3798 3800
f 3798 21 3799
f 3799 1022 3800
f 3798 3799 3800
f 1019 3797 3794
f 3797 1021 3800
f 3800 1022 3794
f 3797 3800 3794
f 258 3795 3783
f 3795 1022 3801
f 3801 1018 3783
f 3795 3801 3783
f 1022 3799 3802
f 3799 21 1777
f 1777 464 3802
f 3799 1777 3802
f 464 1774 3803
f 1774 20 3785
f 3785 1018 3803
f 1774 3785 3803
f 1022 3802 3801
f 3802 464 3803
f 3803 1018 3801
f 3802 3803 3801
f 231 3545 3768
f 3545 954 3804
f 3804 1014 3768
f 3545 3804 3768
f 954 3549 3806
f 3549 233 3805
f 3805 1023 3806
f 3549 3805 3806
f 1023 3807 3808
f 3807 257 3770
f 3770 1014 3808
f 3807 3770 3808
f 954 3806 3804
f 3806 1023 3808
f 3808 1014 3804
f 3806 3808 3804
f 257 3807 3810
f 3807 1023 3809
f 3809 1024 3810
f 3807 3809 3810
f 1023 3805 3811
f 3805 233 3559
f 3559 958 3811
f 3805 3559 3811
f 958 3563 3813
f 3563 235 3812
f 3812 1024 3813
f 3563 3812 3813
f 1023 3811 3809
f 3811 958 3813
f 3813 1024 3809
f 3811 3813 3809
f 257 3810 3815
f 3810 1024 3814
f 3814 1026 3815
f 3810 3814 3815
f 1024 3812 3817
f 3812 235 3816
f 3816 1025 3817
f 3812 3816 3817
f 1025 3818 3820
f 3818 259 3819
f 3819 1026 3820
f 3818 3819 3820
f 1024 3817 3814
f 3817 1025 3820
f 3820 1026 3814
f 3817 3820 3814
f 259 3818 3822
f 3818 1025 3821
f 3821 1028 3822
f 3818 3821 3822
f 1025 3816 3824
f 3816 235 3823
f 3823 1027 3824
f 3816 3823 3824
f 1027 3825 3827
f 3825 260 3826
f 3826 1028 3827
f 3825 3826 3827
f 1025 3824 3821
f 3824 1027 3827
f 3827 1028 3821
f 3824 3827 3821
f 248 3680 3829
f 3680 992 3828
f 3828 1030 3829
f 3680 3828 3829
f 992 3685 3831
f 3685 250 3830
f 3830 1029 3831
f 3685 3830 3831
f 1029 3832 3834
f 3832 261 3833
f 3833 1030 3834
f 3832 3833 3834
f 992 3831 3828
f 3831 1029 3834
f 3834 1030 3828
f 3831 3834 3828
f 261 3832 3836
f 3832 1029 3835
f 3835 1032 3836
f 3832 3835 3836
f 1029 3830 3838
f 3830 250 3837
f 3837 1031 3838
f 3830 3837 3838
f 1031 3839 3841
f 3839 262 3840
f 3840 1032 3841
f 3839 3840 3841
f 1029 3838 3835
f 3838 1031 3841
f 3841 1032 3835
f 3838 3841 3835
f 261 3836 3843
f 3836 1032 3842
f 3842 1034 3843
f 3836 3842 3843
f 1032 3840 3845
f 3840 262 3844
f 3844 1033 3845
f 3840 3844 3845
f 1033 3846 3848
f 3846 17 3847
f 3847 1034 3848
f 3846 3847 3848
f 1032 3845 3842
f 3845 1033 3848
f 3848 1034 3842
f 3845 3848 3842
f 260 3825 3850
f 3825 1027 3849
f 3849 1036 3850
f 3825 3849 3850
f 1027 3823 3852
f 3823 235 3851
f 3851 1035 3852
f 3823 3851 3852
f 1035 3853 3855
f 3853 262 3854
f 3854 1036 3855
f 3853 3854 3855
f 1027 3852 3849
f 3852 1035 3855
f 3855 1036 3849
f 3852 3855 3849
f 262 3853 3857
f 3853 1035 3856
f 3856 1038 3857
f 3853 3856 3857
f 1035 3851 3859
f 3851 235 3858
f 3858 1037 3859
f 3851 3858 3859
f 1037 3860 3862
f 3860 19 3861
f 3861 1038 3862
f 3860 3861 3862
f 1035 3859 3856
f 3859 1037 3862
f 3862 1038 3856
f 3859 3862 3856
f 262 3857 3844
f 3857 1038 3863
f 3863 1033 3844
f 3857 3863 3844
f 1038 3861 3865
f 3861 19 3864
f 3864 1039 3865
f 3861 3864 3865
f 1039 3866 3867
f 3866 17 3846
f 3846 1033 3867
f 3866 3846 3867
f 1038 3865 3863
f 3865 1039 3867
f 3867 1033 3863
f 3865 3867 3863
f 11 1676 3869
f 1676 436 3868
f 3868 1041 3869
f 1676 3868 3869
f 436 1673 3871
f 1673 10 3870
f 3870 1040 3871
f 1673 3870 3871
f 1040 3872 3874
f 3872 17 3873
f 3873 1041 3874
f 3872 3873 3874
f 436 3871 3868
f 3871 1040 3874
f 3874 1041 3868
f 3871 3874 3868
f 17 3872 3876
f 3872 1040 3875
f 3875 1043 3876
f 3872 3875 3876
f 1040 3870 3878
f 3870 10 3877
f 3877 1042 3878
f 3870 3877 3878
f 1042 3879 3881
f 3879 263 3880
f 3880 1043 3881
f 3879 3880 3881
f 1040 3878 3875
f 3878 1042 3881
f 3881 1043 3875
f 3878 3881 3875
f 17 3876 3883
f 3876 1043 3882
f 3882 1045 3883
f 3876 3882 3883
f 1043 3880 3885
f 3880 263 3884
f 3884 1044 3885
f 3880 3884 3885
f 1044 3886 3888
f 3886 264 3887
f 3887 1045 3888
f 3886 3887 3888
f 1043 3885 3882
f 3885 1044 3888
f 3888 1045 3882
f 3885 3888 3882
f 99 3889 3891
f 3889 1046 3890
f 3890 1048 3891
f 3889 3890 3891
f 1046 3892 3894
f 3892 115 3893
f 3893 1047 3894
f 3892 3893 3894
f 1047 3895 3897
f 3895 265 3896
f 3896 1048 3897
f 3895 3896 3897
f 1046 3894 3890
f 3894 1047 3897
f 3897 1048 3890
f 3894 3897 3890
f 265 3895 3899
f 3895 1047 3898
f 3898 1050 3899
f 3895 3898 3899
f 1047 3893 3901
f 3893 115 3900
f 3900 1049 3901
f 3893 3900 3901
f 1049 3902 3904
f 3902 266 3903
f 3903 1050 3904
f 3902 3903 3904
f 1047 3901 3898
f 3901 1049 3904
f 3904 1050 3898
f 3901 3904 3898
f 265 3899 3906
f 3899 1050 3905
f 3905 1052 3906
f 3899 3905 3906
f 1050 3903 3908
f 3903 266 3907
f 3907 1051 3908
f 3903 3907 3908
f 1051 3909 3911
f 3909 267 3910
f 3910 1052 3911
f 3909 3910 3911
f 1050 3908 3905
f 3908 1051 3911
f 3911 1052 3905
f 3908 3911 3905
f 267 3909 3913
f 3909 1051 3912
f 3912 1054 3913
f 3909 3912 3913
f 1051 3907 3915
f 3907 266 3914
f 3914 1053 3915
f 3907 3914 3915
f 1053 3916 3918
f 3916 268 3917
f 3917 1054 3918
f 3916 3917 3918
f 1051 3915 3912
f 3915 1053 3918
f 3918 1054 3912
f 3915 3918 3912
f 267 3913 3920
f 3913 1054 3919
f 3919 1056 3920
f 3913 3919 3920
f 1054 3917 3922
f 3917 268 3921
f 3921 1055 3922
f 3917 3921 3922
f 1055 3923 3925
f 3923 202 3924
f 3924 1056 3925
f 3923 3924 3925
f 1054 3922 3919
f 3922 1055 3925
f 3925 1056 3919
f 3922 3925 3919
f 202 3923 3257
f 3923 1055 3926
f 3926 874 3257
f 3923 3926 3257
f 1055 3921 3928
f 3921 268 3927
f 3927 1057 3928
f 3921 3927 3928
f 1057 3929 3930
f 3929 200 3252
f 3252 874 3930
f 3929 3252 3930
f 1055 3928 3926
f 3928 1057 3930
f 3930 874 3926
f 3928 3930 3926
f 269 3931 3933
f 3931 1058 3932
f 3932 1059 3933
f 3931 3932 3933
f 1058 3934 3935
f 3934 117 2466
f 2466 664 3935
f 3934 2466 3935
f 664 2471 3937
f 2471 119 3936
f 3936 1059 3937
f 2471 3936 3937
f 1058 3935 3932
f 3935 664 3937
f 3937 1059 3932
f 3935 3937 3932
f 127 2537 3939
f 2537 684 3938
f 3938 1061 3939
f 2537 3938 3939
f 684 2541 3941
f 2541 110 3940
f 3940 1060 3941
f 2541 3940 3941
f 1060 3942 3944
f 3942 270 3943
f 3943 1061 3944
f 3942 3943 3944
f 684 3941 3938
f 3941 1060 3944
f 3944 1061 3938
f 3941 3944 3938
f 271 3945 3947
f 3945 1062 3946
f 3946 1064 3947
f 3945 3946 3947
f 1062 3948 3950
f 3948 269 3949
f 3949 1063 3950
f 3948 3949 3950
f 1063 3951 3953
f 3951 272 3952
f 3952 1064 3953
f 3951 3952 3953
f 1062 3950 3946
f 3950 1063 3953
f 3953 1064 3946
f 3950 3953 3946
f 272 3951 3955
f 3951 1063 3954
f 3954 1066 3955
f 3951 3954 3955
f 1063 3949 3957
f 3949 269 3956
f 3956 1065 3957
f 3949 3956 3957
f 1065 3958 3960
f 3958 273 3959
f 3959 1066 3960
f 3958 3959 3960
f 1063 3957 3954
f 3957 1065 3960
f 3960 1066 3954
f 3957 3960 3954
f 272 3955 3962
f 3955 1066 3961
f 3961 1068 3962
f 3955 3961 3962
f 1066 3959 3964
f 3959 273 3963
f 3963 1067 3964
f 3959 3963 3964
f 1067 3965 3967
f 3965 274 3966
f 3966 1068 3967
f 3965 3966 3967
f 1066 3964 3961
f 3964 1067 3967
f 3967 1068 3961
f 3964 3967 3961
f 274 3965 3969
f 3965 1067 3968
f 3968 1070 3969
f 3965 3968 3969
f 1067 3963 3971
f 3963 273 3970
f 3970 1069 3971
f 3963 3970 3971
f 1069 3972 3974
f 3972 275 3973
f 3973 1070 3974
f 3972 3973 3974
f 1067 3971 3968
f 3971 1069 3974
f 3974 1070 3968
f 3971 3974 3968
f 274 3969 3976
f 3969 1070 3975
f 3975 1072 3976
f 3969 3975 3976
f 1070 3973 3978
f 3973 275 3977
f 3977 1071 3978
f 3973 3977 3978
f 1071 3979 3981
f 3979 276 3980
f 3980 1072 3981
f 3979 3980 3981
f 1070 3978 3975
f 3978 1071 3981
f 3981 1072 3975
f 3978 3981 3975
f 277 3982 3984
f 3982 1073 3983
f 3983 1075 3984
f 3982 3983 3984
f 1073 3985 3987
f 3985 278 3986
f 3986 1074 3987
f 3985 3986 3987
f 1074 3988 3990
f 3988 279 3989
f 3989 1075 3990
f 3988 3989 3990
f 1073 3987 3983
f 3987 1074 3990
f 3990 1075 3983
f 3987 3990 3983
f 279 3988 3992
f 3988 1074 3991
f 3991 1077 3992
f 3988 3991 3992
f 1074 3986 3994
f 3986 278 3993
f 3993 1076 3994
f 3986 3993 3994
f 1076 3995 3997
f 3995 280 3996
f 3996 1077 3997
f 3995 3996 3997
f 1074 3994 3991
f 3994 1076 3997
f 3997 1077 3991
f 3994 3997 3991
f 279 3992 3999
f 3992 1077 3998
f 3998 1079 3999
f 3992 3998 3999
f 1077 3996 4001
f 3996 280 4000
f 4000 1078 4001
f 3996 4000 4001
f 1078 4002 4004
f 4002 281 4003
f 4003 1079 4004
f 4002 4003 4004
f 1077 4001 3998
f 4001 1078 4004
f 4004 1079 3998
f 4001 4004 3998
f 58 2020 4006
f 2020 534 4005
f 4005 1081 4006
f 2020 4005 4006
f 534 2018 4008
f 2018 57 4007
f 4007 1080 4008
f 2018 4007 4008
f 1080 4009 4011
f 4009 276 4010
f 4010 1081 4011
f 4009 4010 4011
f 534 4008 4005
f 4008 1080 4011
f 4011 1081 4005
f 4008 4011 4005
f 276 4009 4013
f 4009 1080 4012
f 4012 1082 4013
f 4009 4012 4013
f 1080 4007 4014
f 4007 57 2013
f 2013 532 4014
f 4007 2013 4014
f 532 2011 4016
f 2011 49 4015
f 4015 1082 4016
f 2011 4015 4016
f 1080 4014 4012
f 4014 532 4016
f 4016 1082 4012
f 4014 4016 4012
f 276 4013 3980
f 4013 1082 4017
f 4017 1072 3980
f 4013 4017 3980
f 1082 4015 4019
f 4015 49 4018
f 4018 1083 4019
f 4015 4018 4019
f 1083 4020 4021
f 4020 274 3976
f 3976 1072 4021
f 4020 3976 4021
f 1082 4019 4017
f 4019 1083 4021
f 4021 1072 4017
f 4019 4021 4017
f 274 4020 4023
f 4020 1083 4022
f 4022 1084 4023
f 4020 4022 4023
f 1083 4018 4024
f 4018 49 1933
f 1933 510 4024
f 4018 1933 4024
f 510 1931 4026
f 1931 47 4025
f 4025 1084 4026
f 1931 4025 4026
f 1083 4024 4022
f 4024 510 4026
f 4026 1084 4022
f 4024 4026 4022
f 274 4023 3966
f 4023 1084 4027
f 4027 1068 3966
f 4023 4027 3966
f 1084 4025 4029
f 4025 47 4028
f 4028 1085 4029
f 4025 4028 4029
f 1085 4030 4031
f 4030 272 3962
f 3962 1068 4031
f 4030 3962 4031
f 1084 4029 4027
f 4029 1085 4031
f 4031 1068 4027
f 4029 4031 4027
f 272 4030 4033
f 4030 1085 4032
f 4032 1086 4033
f 4030 4032 4033
f 1085 4028 4034
f 4028 47 1919
f 1919 506 4034
f 4028 1919 4034
f 506 1917 4036
f 1917 45 4035
f 4035 1086 4036
f 1917 4035 4036
f 1085 4034 4032
f 4034 506 4036
f 4036 1086 4032
f 4034 4036 4032
f 272 4033 3952
f 4033 1086 4037
f 4037 1064 3952
f 4033 4037 3952
f 1086 4035 4039
f 4035 45 4038
f 4038 1087 4039
f 4035 4038 4039
f 1087 4040 4041
f 4040 271 3947
f 3947 1064 4041
f 4040 3947 4041
f 1086 4039 4037
f 4039 1087 4041
f 4041 1064 4037
f 4039 4041 4037
f 55 2003 4043
f 2003 531 4042
f 4042 1089 4043
f 2003 4042 4043
f 531 2007 4045
f 2007 56 4044
f 4044 1088 4045
f 2007 4044 4045
f 1088 4046 4048
f 4046 278 4047
f 4047 1089 4048
f 4046 4047 4048
f 531 4045 4042
f 4045 1088 4048
f 4048 1089 4042
f 4045 4048 4042
f 278 4046 4050
f 4046 1088 4049
f 4049 1090 4050
f 4046 4049 4050
f 1088 4044 4051
f 4044 56 2017
f 2017 535 4051
f 4044 2017 4051
f 535 2021 4053
f 2021 58 4052
f 4052 1090 4053
f 2021 4052 4053
f 1088 4051 4049
f 4051 535 4053
f 4053 1090 4049
f 4051 4053 4049
f 278 4050 3993
f 4050 1090 4054
f 4054 1076 3993
f 4050 4054 3993
f 1090 4052 4056
f 4052 58 4055
f 4055 1091 4056
f 4052 4055 4056
f 1091 4057 4058
f 4057 280 3995
f 3995 1076 4058
f 4057 3995 4058
f 1090 4056 4054
f 4056 1091 4058
f 4058 1076 4054
f 4056 4058 4054
f 280 4057 4060
f 4057 1091 4059
f 4059 1092 4060
f 4057 4059 4060
f 1091 4055 4061
f 4055 58 4006
f 4006 1081 4061
f 4055 4006 4061
f 1081 4010 4063
f 4010 276 4062
f 4062 1092 4063
f 4010 4062 4063
f 1091 4061 4059
f 4061 1081 4063
f 4063 1092 4059
f 4061 4063 4059
f 280 4060 4000
f 4060 1092 4064
f 4064 1078 4000
f 4060 4064 4000
f 1092 4062 4066
f 4062 276 4065
f 4065 1093 4066
f 4062 4065 4066
f 1093 4067 4068
f 4067 281 4002
f 4002 1078 4068
f 4067 4002 4068
f 1092 4066 4064
f 4066 1093 4068
f 4068 1078 4064
f 4066 4068 4064
f 281 4067 4070
f 4067 1093 4069
f 4069 1094 4070
f 4067 4069 4070
f 1093 4065 4071
f 4065 276 3979
f 3979 1071 4071
f 4065 3979 4071
f 1071 3977 4073
f 3977 275 4072
f 4072 1094 4073
f 3977 4072 4073
f 1093 4071 4069
f 4071 1071 4073
f 4073 1094 4069
f 4071 4073 4069
f 269 3933 3956
f 3933 1059 4074
f 4074 1065 3956
f 3933 4074 3956
f 1059 3936 4076
f 3936 119 4075
f 4075 1095 4076
f 3936 4075 4076
f 1095 4077 4078
f 4077 273 3958
f 3958 1065 4078
f 4077 3958 4078
f 1059 4076 4074
f 4076 1095 4078
f 4078 1065 4074
f 4076 4078 4074
f 273 4077 4080
f 4077 1095 4079
f 4079 1096 4080
f 4077 4079 4080
f 1095 4075 4081
f 4075 119 2481
f 2481 668 4081
f 4075 2481 4081
f 668 2485 4083
f 2485 121 4082
f 4082 1096 4083
f 2485 4082 4083
f 1095 4081 4079
f 4081 668 4083
f 4083 1096 4079
f 4081 4083 4079
f 273 4080 3970
f 4080 1096 4084
f 4084 1069 3970
f 4080 4084 3970
f 1096 4082 4086
f 4082 121 4085
f 4085 1097 4086
f 4082 4085 4086
f 1097 4087 4088
f 4087 275 3972
f 3972 1069 4088
f 4087 3972 4088
f 1096 4086 4084
f 4086 1097 4088
f 4088 1069 4084
f 4086 4088 4084
f 275 4087 4090
f 4087 1097 4089
f 4089 1098 4090
f 4087 4089 4090
f 1097 4085 4091
f 4085 121 2495
f 2495 672 4091
f 4085 2495 4091
f 672 2499 4093
f 2499 123 4092
f 4092 1098 4093
f 2499 4092 4093
f 1097 4091 4089
f 4091 672 4093
f 4093 1098 4089
f 4091 4093 4089
f 275 4090 4072
f 4090 1098 4094
f 4094 1094 4072
f 4090 4094 4072
f 1098 4092 4096
f 4092 123 4095
f 4095 1099 4096
f 4092 4095 4096
f 1099 4097 4098
f 4097 281 4070
f 4070 1094 4098
f 4097 4070 4098
f 1098 4096 4094
f 4096 1099 4098
f 4098 1094 4094
f 4096 4098 4094
f 281 4097 4100
f 4097 1099 4099
f 4099 1100 4100
f 4097 4099 4100
f 1099 4095 4101
f 4095 123 2509
f 2509 676 4101
f 4095 2509 4101
f 676 2513 4103
f 2513 125 4102
f 4102 1100 4103
f 2513 4102 4103
f 1099 4101 4099
f 4101 676 4103
f 4103 1100 4099
f 4101 4103 4099
f 281 4100 4003
f 4100 1100 4104
f 4104 1079 4003
f 4100 4104 4003
f 1100 4102 4106
f 4102 125 4105
f 4105 1101 4106
f 4102 4105 4106
f 1101 4107 4108
f 4107 279 3999
f 3999 1079 4108
f 4107 3999 4108
f 1100 4106 4104
f 4106 1101 4108
f 4108 1079 4104
f 4106 4108 4104
f 279 4107 4110
f 4107 1101 4109
f 4109 1102 4110
f 4107 4109 4110
f 1101 4105 4111
f 4105 125 2523
f 2523 680 4111
f 4105 2523 4111
f 680 2527 4113
f 2527 127 4112
f 4112 1102 4113
f 2527 4112 4113
f 1101 4111 4109
f 4111 680 4113
f 4113 1102 4109
f 4111 4113 4109
f 279 4110 3989
f 4110 1102 4114
f 4114 1075 3989
f 4110 4114 3989
f 1102 4112 4116
f 4112 127 4115
f 4115 1103 4116
f 4112 4115 4116
f 1103 4117 4118
f 4117 277 3984
f 3984 1075 4118
f 4117 3984 4118
f 1102 4116 4114
f 4116 1103 4118
f 4118 1075 4114
f 4116 4118 4114
f 277 4117 4120
f 4117 1103 4119
f 4119 1104 4120
f 4117 4119 4120
f 1103 4115 4121
f 4115 127 3939
f 3939 1061 4121
f 4115 3939 4121
f 1061 3943 4123
f 3943 270 4122
f 4122 1104 4123
f 3943 4122 4123
f 1103 4121 4119
f 4121 1061 4123
f 4123 1104 4119
f 4121 4123 4119
f 277 4120 3982
f 4120 1104 4124
f 4124 1073 3982
f 4120 4124 3982
f 1104 4122 4126
f 4122 270 4125
f 4125 1105 4126
f 4122 4125 4126
f 1105 4127 4128
f 4127 278 3985
f 3985 1073 4128
f 4127 3985 4128
f 1104 4126 4124
f 4126 1105 4128
f 4128 1073 4124
f 4126 4128 4124
f 278 4127 4130
f 4127 1105 4129
f 4129 1107 4130
f 4127 4129 4130
f 1105 4125 4132
f 4125 270 4131
f 4131 1106 4132
f 4125 4131 4132
f 1106 4133 4135
f 4133 282 4134
f 4134 1107 4135
f 4133 4134 4135
f 1105 4132 4129
f 4132 1106 4135
f 4135 1107 4129
f 4132 4135 4129
f 278 4130 4047
f 4130 1107 4136
f 4136 1089 4047
f 4130 4136 4047
f 1107 4134 4138
f 4134 282 4137
f 4137 1108 4138
f 4134 4137 4138
f 1108 4139 4140
f 4139 55 4043
f 4043 1089 4140
f 4139 4043 4140
f 1107 4138 4136
f 4138 1108 4140
f 4140 1089 4136
f 4138 4140 4136
f 240 4141 3603
f 4141 1109 4142
f 4142 969 3603
f 4141 4142 3603
f 1109 4143 4145
f 4143 259 4144
f 4144 1110 4145
f 4143 4144 4145
f 1110 4146 4147
f 4146 239 3599
f 3599 969 4147
f 4146 3599 4147
f 1109 4145 4142
f 4145 1110 4147
f 4147 969 4142
f 4145 4147 4142
f 239 4146 4149
f 4146 1110 4148
f 4148 1111 4149
f 4146 4148 4149
f 1110 4144 4150
f 4144 259 3822
f 3822 1028 4150
f 4144 3822 4150
f 1028 3826 4152
f 3826 260 4151
f 4151 1111 4152
f 3826 4151 4152
f 1110 4150 4148
f 4150 1028 4152
f 4152 1111 4148
f 4150 4152 4148
f 239 4149 3591
f 4149 1111 4153
f 4153 966 3591
f 4149 4153 3591
f 1111 4151 4155
f 4151 260 4154
f 4154 1112 4155
f 4151 4154 4155
f 1112 4156 4157
f 4156 238 3587
f 3587 966 4157
f 4156 3587 4157
f 1111 4155 4153
f 4155 1112 4157
f 4157 966 4153
f 4155 4157 4153
f 238 4156 4159
f 4156 1112 4158
f 4158 1113 4159
f 4156 4158 4159
f 1112 4154 4160
f 4154 260 3850
f 3850 1036 4160
f 4154 3850 4160
f 1036 3854 4162
f 3854 262 4161
f 4161 1113 4162
f 3854 4161 4162
f 1112 4160 4158
f 4160 1036 4162
f 4162 1113 4158
f 4160 4162 4158
f 238 4159 3579
f 4159 1113 4163
f 4163 963 3579
f 4159 4163 3579
f 1113 4161 4165
f 4161 262 4164
f 4164 1114 4165
f 4161 4164 4165
f 1114 4166 4167
f 4166 237 3574
f 3574 963 4167
f 4166 3574 4167
f 1113 4165 4163
f 4165 1114 4167
f 4167 963 4163
f 4165 4167 4163
f 237 4166 4169
f 4166 1114 4168
f 4168 1115 4169
f 4166 4168 4169
f 1114 4164 4170
f 4164 262 3839
f 3839 1031 4170
f 4164 3839 4170
f 1031 3837 4172
f 3837 250 4171
f 4171 1115 4172
f 3837 4171 4172
f 1114 4170 4168
f 4170 1031 4172
f 4172 1115 4168
f 4170 4172 4168
f 252 4173 3699
f 4173 1116 4174
f 4174 996 3699
f 4173 4174 3699
f 1116 4175 4177
f 4175 283 4176
f 4176 1117 4177
f 4175 4176 4177
f 1117 4178 4179
f 4178 250 3695
f 3695 996 4179
f 4178 3695 4179
f 1116 4177 4174
f 4177 1117 4179
f 4179 996 4174
f 4177 4179 4174
f 250 4178 4171
f 4178 1117 4180
f 4180 1115 4171
f 4178 4180 4171
f 1117 4176 4182
f 4176 283 4181
f 4181 1118 4182
f 4176 4181 4182
f 1118 4183 4184
f 4183 237 4169
f 4169 1115 4184
f 4183 4169 4184
f 1117 4182 4180
f 4182 1118 4184
f 4184 1115 4180
f 4182 4184 4180
f 261 4185 3833
f 4185 1119 4186
f 4186 1030 3833
f 4185 4186 3833
f 1119 4187 4189
f 4187 284 4188
f 4188 1120 4189
f 4187 4188 4189
f 1120 4190 4191
f 4190 248 3829
f 3829 1030 4191
f 4190 3829 4191
f 1119 4189 4186
f 4189 1120 4191
f 4191 1030 4186
f 4189 4191 4186
f 248 4190 4193
f 4190 1120 4192
f 4192 1122 4193
f 4190 4192 4193
f 1120 4188 4195
f 4188 284 4194
f 4194 1121 4195
f 4188 4194 4195
f 1121 4196 4198
f 4196 285 4197
f 4197 1122 4198
f 4196 4197 4198
f 1120 4195 4192
f 4195 1121 4198
f 4198 1122 4192
f 4195 4198 4192
f 248 4193 3678
f 4193 1122 4199
f 4199 990 3678
f 4193 4199 3678
f 1122 4197 4201
f 4197 285 4200
f 4200 1123 4201
f 4197 4200 4201
f 1123 4202 4203
f 4202 249 3681
f 3681 990 4203
f 4202 3681 4203
f 1122 4201 4199
f 4201 1123 4203
f 4203 990 4199
f 4201 4203 4199
f 249 4202 4205
f 4202 1123 4204
f 4204 1125 4205
f 4202 4204 4205
f 1123 4200 4207
f 4200 285 4206
f 4206 1124 4207
f 4200 4206 4207
f 1124 4208 4210
f 4208 286 4209
f 4209 1125 4210
f 4208 4209 4210
f 1123 4207 4204
f 4207 1124 4210
f 4210 1125 4204
f 4207 4210 4204
f 249 4205 3689
f 4205 1125 4211
f 4211 993 3689
f 4205 4211 3689
f 1125 4209 4213
f 4209 286 4212
f 4212 1126 4213
f 4209 4212 4213
f 1126 4214 4215
f 4214 251 3691
f 3691 993 4215
f 4214 3691 4215
f 1125 4213 4211
f 4213 1126 4215
f 4215 993 4211
f 4213 4215 4211
f 251 4214 4217
f 4214 1126 4216
f 4216 1128 4217
f 4214 4216 4217
f 1126 4212 4219
f 4212 286 4218
f 4218 1127 4219
f 4212 4218 4219
f 1127 4220 4222
f 4220 287 4221
f 4221 1128 4222
f 4220 4221 4222
f 1126 4219 4216
f 4219 1127 4222
f 4222 1128 4216
f 4219 4222 4216
f 288 4223 4225
f 4223 1129 4224
f 4224 1131 4225
f 4223 4224 4225
f 1129 4226 4228
f 4226 48 4227
f 4227 1130 4228
f 4226 4227 4228
f 1130 4229 4231
f 4229 289 4230
f 4230 1131 4231
f 4229 4230 4231
f 1129 4228 4224
f 4228 1130 4231
f 4231 1131 4224
f 4228 4231 4224
f 289 4229 4233
f 4229 1130 4232
f 4232 1132 4233
f 4229 4232 4233
f 1130 4227 4234
f 4227 48 1987
f 1987 525 4234
f 4227 1987 4234
f 525 1985 4236
f 1985 54 4235
f 4235 1132 4236
f 1985 4235 4236
f 1130 4234 4232
f 4234 525 4236
f 4236 1132 4232
f 4234 4236 4232
f 289 4233 4238
f 4233 1132 4237
f 4237 1134 4238
f 4233 4237 4238
f 1132 4235 4240
f 4235 54 4239
f 4239 1133 4240
f 4235 4239 4240
f 1133 4241 4243
f 4241 290 4242
f 4242 1134 4243
f 4241 4242 4243
f 1132 4240 4237
f 4240 1133 4243
f 4243 1134 4237
f 4240 4243 4237
f 290 4241 4245
f 4241 1133 4244
f 4244 1135 4245
f 4241 4244 4245
f 1133 4239 4246
f 4239 54 1978
f 1978 523 4246
f 4239 1978 4246
f 523 1976 4248
f 1976 42 4247
f 4247 1135 4248
f 1976 4247 4248
f 1133 4246 4244
f 4246 523 4248
f 4248 1135 4244
f 4246 4248 4244
f 290 4245 4250
f 4245 1135 4249
f 4249 1137 4250
f 4245 4249 4250
f 1135 4247 4252
f 4247 42 4251
f 4251 1136 4252
f 4247 4251 4252
f 1136 4253 4255
f 4253 190 4254
f 4254 1137 4255
f 4253 4254 4255
f 1135 4252 4249
f 4252 1136 4255
f 4255 1137 4249
f 4252 4255 4249
f 190 4253 3420
f 4253 1136 4256
f 4256 918 3420
f 4253 4256 3420
f 1136 4251 4257
f 4251 42 1896
f 1896 499 4257
f 4251 1896 4257
f 499 1894 4258
f 1894 40 3422
f 3422 918 4258
f 1894 3422 4258
f 1136 4257 4256
f 4257 499 4258
f 4258 918 4256
f 4257 4258 4256
f 26 4259 4261
f 4259 1138 4260
f 4260 1140 4261
f 4259 4260 4261
f 1138 4262 4264
f 4262 291 4263
f 4263 1139 4264
f 4262 4263 4264
f 1139 4265 4267
f 4265 292 4266
f 4266 1140 4267
f 4265 4266 4267
f 1138 4264 4260
f 4264 1139 4267
f 4267 1140 4260
f 4264 4267 4260
f 292 4265 4269
f 4265 1139 4268
f 4268 1142 4269
f 4265 4268 4269
f 1139 4263 4271
f 4263 291 4270
f 4270 1141 4271
f 4263 4270 4271
f 1141 4272 4274
f 4272 293 4273
f 4273 1142 4274
f 4272 4273 4274
f 1139 4271 4268
f 4271 1141 4274
f 4274 1142 4268
f 4271 4274 4268
f 292 4269 4276
f 4269 1142 4275
f 4275 1144 4276
f 4269 4275 4276
f 1142 4273 4278
f 4273 293 4277
f 4277 1143 4278
f 4273 4277 4278
f 1143 4279 4281
f 4279 60 4280
f 4280 1144 4281
f 4279 4280 4281
f 1142 4278 4275
f 4278 1143 4281
f 4281 1144 4275
f 4278 4281 4275
f 60 4279 4283
f 4279 1143 4282
f 4282 1146 4283
f 4279 4282 4283
f 1143 4277 4285
f 4277 293 4284
f 4284 1145 4285
f 4277 4284 4285
f 1145 4286 4288
f 4286 294 4287
f 4287 1146 4288
f 4286 4287 4288
f 1143 4285 4282
f 4285 1145 4288
f 4288 1146 4282
f 4285 4288 4282
f 291 4289 4270
f 4289 1147 4290
f 4290 1141 4270
f 4289 4290 4270
f 1147 4291 4293
f 4291 237 4292
f 4292 1148 4293
f 4291 4292 4293
f 1148 4294 4295
f 4294 293 4272
f 4272 1141 4295
f 4294 4272 4295
f 1147 4293 4290
f 4293 1148 4295
f 4295 1141 4290
f 4293 4295 4290
f 293 4294 4297
f 4294 1148 4296
f 4296 1150 4297
f 4294 4296 4297
f 1148 4292 4299
f 4292 237 4298
f 4298 1149 4299
f 4292 4298 4299
f 1149 4300 4302
f 4300 295 4301
f 4301 1150 4302
f 4300 4301 4302
f 1148 4299 4296
f 4299 1149 4302
f 4302 1150 4296
f 4299 4302 4296
f 293 4297 4284
f 4297 1150 4303
f 4303 1145 4284
f 4297 4303 4284
f 1150 4301 4305
f 4301 295 4304
f 4304 1151 4305
f 4301 4304 4305
f 1151 4306 4307
f 4306 294 4286
f 4286 1145 4307
f 4306 4286 4307
f 1150 4305 4303
f 4305 1151 4307
f 4307 1145 4303
f 4305 4307 4303
f 294 4306 4309
f 4306 1151 4308
f 4308 1153 4309
f 4306 4308 4309
f 1151 4304 4311
f 4304 295 4310
f 4310 1152 4311
f 4304 4310 4311
f 1152 4312 4314
f 4312 283 4313
f 4313 1153 4314
f 4312 4313 4314
f 1151 4311 4308
f 4311 1152 4314
f 4314 1153 4308
f 4311 4314 4308
f 296 4315 4317
f 4315 1154 4316
f 4316 1156 4317
f 4315 4316 4317
f 1154 4318 4320
f 4318 63 4319
f 4319 1155 4320
f 4318 4319 4320
f 1155 4321 4323
f 4321 297 4322
f 4322 1156 4323
f 4321 4322 4323
f 1154 4320 4316
f 4320 1155 4323
f 4323 1156 4316
f 4320 4323 4316
f 297 4321 4325
f 4321 1155 4324
f 4324 1157 4325
f 4321 4324 4325
f 1155 4319 4326
f 4319 63 2055
f 2055 544 4326
f 4319 2055 4326
f 544 2053 4328
f 2053 62 4327
f 4327 1157 4328
f 2053 4327 4328
f 1155 4326 4324
f 4326 544 4328
f 4328 1157 4324
f 4326 4328 4324
f 297 4325 4330
f 4325 1157 4329
f 4329 1159 4330
f 4325 4329 4330
f 1157 4327 4332
f 4327 62 4331
f 4331 1158 4332
f 4327 4331 4332
f 1158 4333 4335
f 4333 298 4334
f 4334 1159 4335
f 4333 4334 4335
f 1157 4332 4329
f 4332 1158 4335
f 4335 1159 4329
f 4332 4335 4329
f 298 4333 4337
f 4333 1158 4336
f 4336 1160 4337
f 4333 4336 4337
f 1158 4331 4338
f 4331 62 2046
f 2046 542 4338
f 4331 2046 4338
f 542 2044 4340
f 2044 61 4339
f 4339 1160 4340
f 2044 4339 4340
f 1158 4338 4336
f 4338 542 4340
f 4340 1160 4336
f 4338 4340 4336
f 298 4337 4342
f 4337 1160 4341
f 4341 1162 4342
f 4337 4341 4342
f 1160 4339 4344
f 4339 61 4343
f 4343 1161 4344
f 4339 4343 4344
f 1161 4345 4347
f 4345 283 4346
f 4346 1162 4347
f 4345 4346 4347
f 1160 4344 4341
f 4344 1161 4347
f 4347 1162 4341
f 4344 4347 4341
f 283 4345 4349
f 4345 1161 4348
f 4348 1163 4349
f 4345 4348 4349
f 1161 4343 4350
f 4343 61 2041
f 2041 540 4350
f 4343 2041 4350
f 540 2039 4352
f 2039 60 4351
f 4351 1163 4352
f 2039 4351 4352
f 1161 4350 4348
f 4350 540 4352
f 4352 1163 4348
f 4350 4352 4348
f 197 3233 3245
f 3233 866 4353
f 4353 870 3245
f 3233 4353 3245
f 866 3231 4355
f 3231 195 4354
f 4354 1164 4355
f 3231 4354 4355
f 1164 4356 4357
f 4356 199 3247
f 3247 870 4357
f 4356 3247 4357
f 866 4355 4353
f 4355 1164 4357
f 4357 870 4353
f 4355 4357 4353
f 199 4356 4359
f 4356 1164 4358
f 4358 1165 4359
f 4356 4358 4359
f 1164 4354 4360
f 4354 195 3219
f 3219 862 4360
f 4354 3219 4360
f 862 3217 4362
f 3217 193 4361
f 4361 1165 4362
f 3217 4361 4362
f 1164 4360 4358
f 4360 862 4362
f 4362 1165 4358
f 4360 4362 4358
f 199 4359 4364
f 4359 1165 4363
f 4363 1167 4364
f 4359 4363 4364
f 1165 4361 4366
f 4361 193 4365
f 4365 1166 4366
f 4361 4365 4366
f 1166 4367 4369
f 4367 224 4368
f 4368 1167 4369
f 4367 4368 4369
f 1165 4366 4363
f 4366 1166 4369
f 4369 1167 4363
f 4366 4369 4363
f 224 4367 4371
f 4367 1166 4370
f 4370 1169 4371
f 4367 4370 4371
f 1166 4365 4373
f 4365 193 4372
f 4372 1168 4373
f 4365 4372 4373
f 1168 4374 4376
f 4374 299 4375
f 4375 1169 4376
f 4374 4375 4376
f 1166 4373 4370
f 4373 1168 4376
f 4376 1169 4370
f 4373 4376 4370
f 224 4371 4378
f 4371 1169 4377
f 4377 1171 4378
f 4371 4377 4378
f 1169 4375 4380
f 4375 299 4379
f 4379 1170 4380
f 4375 4379 4380
f 1170 4381 4383
f 4381 220 4382
f 4382 1171 4383
f 4381 4382 4383
f 1169 4380 4377
f 4380 1170 4383
f 4383 1171 4377
f 4380 4383 4377
f 300 4384 4386
f 4384 1172 4385
f 4385 1174 4386
f 4384 4385 4386
f 1172 4387 4389
f 4387 138 4388
f 4388 1173 4389
f 4387 4388 4389
f 1173 4390 4392
f 4390 244 4391
f 4391 1174 4392
f 4390 4391 4392
f 1172 4389 4385
f 4389 1173 4392
f 4392 1174 4385
f 4389 4392 4385
f 244 4390 3655
f 4390 1173 4393
f 4393 983 3655
f 4390 4393 3655
f 1173 4388 4394
f 4388 138 2627
f 2627 710 4394
f 4388 2627 4394
f 710 2632 4395
f 2632 22 3651
f 3651 983 4395
f 2632 3651 4395
f 1173 4394 4393
f 4394 710 4395
f 4395 983 4393
f 4394 4395 4393
f 153 4396 3341
f 4396 1175 4397
f 4397 898 3341
f 4396 4397 3341
f 1175 4398 4400
f 4398 301 4399
f 4399 1176 4400
f 4398 4399 4400
f 1176 4401 4402
f 4401 212 3337
f 3337 898 4402
f 4401 3337 4402
f 1175 4400 4397
f 4400 1176 4402
f 4402 898 4397
f 4400 4402 4397
f 212 4401 4404
f 4401 1176 4403
f 4403 1178 4404
f 4401 4403 4404
f 1176 4399 4406
f 4399 301 4405
f 4405 1177 4406
f 4399 4405 4406
f 1177 4407 4409
f 4407 302 4408
f 4408 1178 4409
f 4407 4408 4409
f 1176 4406 4403
f 4406 1177 4409
f 4409 1178 4403
f 4406 4409 4403
f 212 4404 3327
f 4404 1178 4410
f 4410 894 3327
f 4404 4410 3327
f 1178 4408 4412
f 4408 302 4411
f 4411 1179 4412
f 4408 4411 4412
f 1179 4413 4414
f 4413 210 3323
f 3323 894 4414
f 4413 3323 4414
f 1178 4412 4410
f 4412 1179 4414
f 4414 894 4410
f 4412 4414 4410
f 210 4413 4416
f 4413 1179 4415
f 4415 1181 4416
f 4413 4415 4416
f 1179 4411 4418
f 4411 302 4417
f 4417 1180 4418
f 4411 4417 4418
f 1180 4419 4421
f 4419 303 4420
f 4420 1181 4421
f 4419 4420 4421
f 1179 4418 4415
f 4418 1180 4421
f 4421 1181 4415
f 4418 4421 4415
f 210 4416 3313
f 4416 1181 4422
f 4422 890 3313
f 4416 4422 3313
f 1181 4420 4424
f 4420 303 4423
f 4423 1182 4424
f 4420 4423 4424
f 1182 4425 4426
f 4425 208 3309
f 3309 890 4426
f 4425 3309 4426
f 1181 4424 4422
f 4424 1182 4426
f 4426 890 4422
f 4424 4426 4422
f 208 4425 4428
f 4425 1182 4427
f 4427 1184 4428
f 4425 4427 4428
f 1182 4423 4430
f 4423 303 4429
f 4429 1183 4430
f 4423 4429 4430
f 1183 4431 4433
f 4431 304 4432
f 4432 1184 4433
f 4431 4432 4433
f 1182 4430 4427
f 4430 1183 4433
f 4433 1184 4427
f 4430 4433 4427
f 208 4428 3299
f 4428 1184 4434
f 4434 886 3299
f 4428 4434 3299
f 1184 4432 4436
f 4432 304 4435
f 4435 1185 4436
f 4432 4435 4436
f 1185 4437 4438
f 4437 206 3295
f 3295 886 4438
f 4437 3295 4438
f 1184 4436 4434
f 4436 1185 4438
f 4438 886 4434
f 4436 4438 4434
f 206 4437 4440
f 4437 1185 4439
f 4439 1187 4440
f 4437 4439 4440
f 1185 4435 4442
f 4435 304 4441
f 4441 1186 4442
f 4435 4441 4442
f 1186 4443 4445
f 4443 305 4444
f 4444 1187 4445
f 4443 4444 4445
f 1185 4442 4439
f 4442 1186 4445
f 4445 1187 4439
f 4442 4445 4439
f 206 4440 3285
f 4440 1187 4446
f 4446 882 3285
f 4440 4446 3285
f 1187 4444 4448
f 4444 305 4447
f 4447 1188 4448
f 4444 4447 4448
f 1188 4449 4450
f 4449 204 3281
f 3281 882 4450
f 4449 3281 4450
f 1187 4448 4446
f 4448 1188 4450
f 4450 882 4446
f 4448 4450 4446
f 204 4449 4452
f 4449 1188 4451
f 4451 1190 4452
f 4449 4451 4452
f 1188 4447 4454
f 4447 305 4453
f 4453 1189 4454
f 4447 4453 4454
f 1189 4455 4457
f 4455 306 4456
f 4456 1190 4457
f 4455 4456 4457
f 1188 4454 4451
f 4454 1189 4457
f 4457 1190 4451
f 4454 4457 4451
f 204 4452 3271
f 4452 1190 4458
f 4458 878 3271
f 4452 4458 3271
f 1190 4456 4460
f 4456 306 4459
f 4459 1191 4460
f 4456 4459 4460
f 1191 4461 4462
f 4461 202 3267
f 3267 878 4462
f 4461 3267 4462
f 1190 4460 4458
f 4460 1191 4462
f 4462 878 4458
f 4460 4462 4458
f 202 4461 4464
f 4461 1191 4463
f 4463 1193 4464
f 4461 4463 4464
f 1191 4459 4466
f 4459 306 4465
f 4465 1192 4466
f 4459 4465 4466
f 1192 4467 4469
f 4467 307 4468
f 4468 1193 4469
f 4467 4468 4469
f 1191 4466 4463
f 4466 1192 4469
f 4469 1193 4463
f 4466 4469 4463
f 301 4470 4405
f 4470 1194 4471
f 4471 1177 4405
f 4470 4471 4405
f 1194 4472 4474
f 4472 308 4473
f 4473 1195 4474
f 4472 4473 4474
f 1195 4475 4476
f 4475 302 4407
f 4407 1177 4476
f 4475 4407 4476
f 1194 4474 4471
f 4474 1195 4476
f 4476 1177 4471
f 4474 4476 4471
f 302 4475 4478
f 4475 1195 4477
f 4477 1197 4478
f 4475 4477 4478
f 1195 4473 4480
f 4473 308 4479
f 4479 1196 4480
f 4473 4479 4480
f 1196 4481 4483
f 4481 309 4482
f 4482 1197 4483
f 4481 4482 4483
f 1195 4480 4477
f 4480 1196 4483
f 4483 1197 4477
f 4480 4483 4477
f 302 4478 4417
f 4478 1197 4484
f 4484 1180 4417
f 4478 4484 4417
f 1197 4482 4486
f 4482 309 4485
f 4485 1198 4486
f 4482 4485 4486
f 1198 4487 4488
f 4487 303 4419
f 4419 1180 4488
f 4487 4419 4488
f 1197 4486 4484
f 4486 1198 4488
f 4488 1180 4484
f 4486 4488 4484
f 303 4487 4490
f 4487 1198 4489
f 4489 1200 4490
f 4487 4489 4490
f 1198 4485 4492
f 4485 309 4491
f 4491 1199 4492
f 4485 4491 4492
f 1199 4493 4495
f 4493 310 4494
f 4494 1200 4495
f 4493 4494 4495
f 1198 4492 4489
f 4492 1199 4495
f 4495 1200 4489
f 4492 4495 4489
f 303 4490 4429
f 4490 1200 4496
f 4496 1183 4429
f 4490 4496 4429
f 1200 4494 4498
f 4494 310 4497
f 4497 1201 4498
f 4494 4497 4498
f 1201 4499 4500
f 4499 304 4431
f 4431 1183 4500
f 4499 4431 4500
f 1200 4498 4496
f 4498 1201 4500
f 4500 1183 4496
f 4498 4500 4496
f 304 4499 4502
f 4499 1201 4501
f 4501 1203 4502
f 4499 4501 4502
f 1201 4497 4504
f 4497 310 4503
f 4503 1202 4504
f 4497 4503 4504
f 1202 4505 4507
f 4505 311 4506
f 4506 1203 4507
f 4505 4506 4507
f 1201 4504 4501
f 4504 1202 4507
f 4507 1203 4501
f 4504 4507 4501
f 304 4502 4441
f 4502 1203 4508
f 4508 1186 4441
f 4502 4508 4441
f 1203 4506 4510
f 4506 311 4509
f 4509 1204 4510
f 4506 4509 4510
f 1204 4511 4512
f 4511 305 4443
f 4443 1186 4512
f 4511 4443 4512
f 1203 4510 4508
f 4510 1204 4512
f 4512 1186 4508
f 4510 4512 4508
f 305 4511 4514
f 4511 1204 4513
f 4513 1206 4514
f 4511 4513 4514
f 1204 4509 4516
f 4509 311 4515
f 4515 1205 4516
f 4509 4515 4516
f 1205 4517 4519
f 4517 312 4518
f 4518 1206 4519
f 4517 4518 4519
f 1204 4516 4513
f 4516 1205 4519
f 4519 1206 4513
f 4516 4519 4513
f 305 4514 4453
f 4514 1206 4520
f 4520 1189 4453
f 4514 4520 4453
f 1206 4518 4522
f 4518 312 4521
f 4521 1207 4522
f 4518 4521 4522
f 1207 4523 4524
f 4523 306 4455
f 4455 1189 4524
f 4523 4455 4524
f 1206 4522 4520
f 4522 1207 4524
f 4524 1189 4520
f 4522 4524 4520
f 306 4523 4526
f 4523 1207 4525
f 4525 1209 4526
f 4523 4525 4526
f 1207 4521 4528
f 4521 312 4527
f 4527 1208 4528
f 4521 4527 4528
f 1208 4529 4531
f 4529 313 4530
f 4530 1209 4531
f 4529 4530 4531
f 1207 4528 4525
f 4528 1208 4531
f 4531 1209 4525
f 4528 4531 4525
f 306 4526 4465
f 4526 1209 4532
f 4532 1192 4465
f 4526 4532 4465
f 1209 4530 4534
f 4530 313 4533
f 4533 1210 4534
f 4530 4533 4534
f 1210 4535 4536
f 4535 307 4467
f 4467 1192 4536
f 4535 4467 4536
f 1209 4534 4532
f 4534 1210 4536
f 4536 1192 4532
f 4534 4536 4532
f 307 4535 4538
f 4535 1210 4537
f 4537 1212 4538
f 4535 4537 4538
f 1210 4533 4540
f 4533 313 4539
f 4539 1211 4540
f 4533 4539 4540
f 1211 4541 4543
f 4541 314 4542
f 4542 1212 4543
f 4541 4542 4543
f 1210 4540 4537
f 4540 1211 4543
f 4543 1212 4537
f 4540 4543 4537
f 308 4544 4479
f 4544 1213 4545
f 4545 1196 4479
f 4544 4545 4479
f 1213 4546 4548
f 4546 91 4547
f 4547 1214 4548
f 4546 4547 4548
f 1214 4549 4550
f 4549 309 4481
f 4481 1196 4550
f 4549 4481 4550
f 1213 4548 4545
f 4548 1214 4550
f 4550 1196 4545
f 4548 4550 4545
f 309 4549 4552
f 4549 1214 4551
f 4551 1215 4552
f 4549 4551 4552
f 1214 4547 4553
f 4547 91 2405
f 2405 644 4553
f 4547 2405 4553
f 644 2403 4555
f 2403 109 4554
f 4554 1215 4555
f 2403 4554 4555
f 1214 4553 4551
f 4553 644 4555
f 4555 1215 4551
f 4553 4555 4551
f 309 4552 4491
f 4552 1215 4556
f 4556 1199 4491
f 4552 4556 4491
f 1215 4554 4558
f 4554 109 4557
f 4557 1216 4558
f 4554 4557 4558
f 1216 4559 4560
f 4559 310 4493
f 4493 1199 4560
f 4559 4493 4560
f 1215 4558 4556
f 4558 1216 4560
f 4560 1199 4556
f 4558 4560 4556
f 310 4559 4562
f 4559 1216 4561
f 4561 1217 4562
f 4559 4561 4562
f 1216 4557 4563
f 4557 109 2391
f 2391 640 4563
f 4557 2391 4563
f 640 2389 4565
f 2389 107 4564
f 4564 1217 4565
f 2389 4564 4565
f 1216 4563 4561
f 4563 640 4565
f 4565 1217 4561
f 4563 4565 4561
f 310 4562 4503
f 4562 1217 4566
f 4566 1202 4503
f 4562 4566 4503
f 1217 4564 4568
f 4564 107 4567
f 4567 1218 4568
f 4564 4567 4568
f 1218 4569 4570
f 4569 311 4505
f 4505 1202 4570
f 4569 4505 4570
f 1217 4568 4566
f 4568 1218 4570
f 4570 1202 4566
f 4568 4570 4566
f 311 4569 4572
f 4569 1218 4571
f 4571 1219 4572
f 4569 4571 4572
f 1218 4567 4573
f 4567 107 2377
f 2377 636 4573
f 4567 2377 4573
f 636 2375 4575
f 2375 105 4574
f 4574 1219 4575
f 2375 4574 4575
f 1218 4573 4571
f 4573 636 4575
f 4575 1219 4571
f 4573 4575 4571
f 311 4572 4515
f 4572 1219 4576
f 4576 1205 4515
f 4572 4576 4515
f 1219 4574 4578
f 4574 105 4577
f 4577 1220 4578
f 4574 4577 4578
f 1220 4579 4580
f 4579 312 4517
f 4517 1205 4580
f 4579 4517 4580
f 1219 4578 4576
f 4578 1220 4580
f 4580 1205 4576
f 4578 4580 4576
f 312 4579 4582
f 4579 1220 4581
f 4581 1221 4582
f 4579 4581 4582
f 1220 4577 4583
f 4577 105 2363
f 2363 632 4583
f 4577 2363 4583
f 632 2361 4585
f 2361 103 4584
f 4584 1221 4585
f 2361 4584 4585
f 1220 4583 4581
f 4583 632 4585
f 4585 1221 4581
f 4583 4585 4581
f 312 4582 4527
f 4582 1221 4586
f 4586 1208 4527
f 4582 4586 4527
f 1221 4584 4588
f 4584 103 4587
f 4587 1222 4588
f 4584 4587 4588
f 1222 4589 4590
f 4589 313 4529
f 4529 1208 4590
f 4589 4529 4590
f 1221 4588 4586
f 4588 1222 4590
f 4590 1208 4586
f 4588 4590 4586
f 313 4589 4592
f 4589 1222 4591
f 4591 1223 4592
f 4589 4591 4592
f 1222 4587 4593
f 4587 103 2349
f 2349 628 4593
f 4587 2349 4593
f 628 2347 4595
f 2347 101 4594
f 4594 1223 4595
f 2347 4594 4595
f 1222 4593 4591
f 4593 628 4595
f 4595 1223 4591
f 4593 4595 4591
f 313 4592 4539
f 4592 1223 4596
f 4596 1211 4539
f 4592 4596 4539
f 1223 4594 4598
f 4594 101 4597
f 4597 1224 4598
f 4594 4597 4598
f 1224 4599 4600
f 4599 314 4541
f 4541 1211 4600
f 4599 4541 4600
f 1223 4598 4596
f 4598 1224 4600
f 4600 1211 4596
f 4598 4600 4596
f 314 4599 4602
f 4599 1224 4601
f 4601 1225 4602
f 4599 4601 4602
f 1224 4597 4603
f 4597 101 2335
f 2335 624 4603
f 4597 2335 4603
f 624 2333 4605
f 2333 99 4604
f 4604 1225 4605
f 2333 4604 4605
f 1224 4603 4601
f 4603 624 4605
f 4605 1225 4601
f 4603 4605 4601
f 76 4606 4608
f 4606 1226 4607
f 4607 1228 4608
f 4606 4607 4608
f 1226 4609 4611
f 4609 78 4610
f 4610 1227 4611
f 4609 4610 4611
f 1227 4612 4614
f 4612 315 4613
f 4613 1228 4614
f 4612 4613 4614
f 1226 4611 4607
f 4611 1227 4614
f 4614 1228 4607
f 4611 4614 4607
f 315 4612 4616
f 4612 1227 4615
f 4615 1230 4616
f 4612 4615 4616
f 1227 4610 4618
f 4610 78 4617
f 4617 1229 4618
f 4610 4617 4618
f 1229 4619 4621
f 4619 316 4620
f 4620 1230 4621
f 4619 4620 4621
f 1227 4618 4615
f 4618 1229 4621
f 4621 1230 4615
f 4618 4621 4615
f 315 4616 4623
f 4616 1230 4622
f 4622 1232 4623
f 4616 4622 4623
f 1230 4620 4625
f 4620 316 4624
f 4624 1231 4625
f 4620 4624 4625
f 1231 4626 4628
f 4626 317 4627
f 4627 1232 4628
f 4626 4627 4628
f 1230 4625 4622
f 4625 1231 4628
f 4628 1232 4622
f 4625 4628 4622
f 317 4626 4630
f 4626 1231 4629
f 4629 1234 4630
f 4626 4629 4630
f 1231 4624 4632
f 4624 316 4631
f 4631 1233 4632
f 4624 4631 4632
f 1233 4633 4635
f 4633 318 4634
f 4634 1234 4635
f 4633 4634 4635
f 1231 4632 4629
f 4632 1233 4635
f 4635 1234 4629
f 4632 4635 4629
f 317 4630 4637
f 4630 1234 4636
f 4636 1236 4637
f 4630 4636 4637
f 1234 4634 4639
f 4634 318 4638
f 4638 1235 4639
f 4634 4638 4639
f 1235 4640 4642
f 4640 219 4641
f 4641 1236 4642
f 4640 4641 4642
f 1234 4639 4636
f 4639 1235 4642
f 4642 1236 4636
f 4639 4642 4636
f 219 4640 3416
f 4640 1235 4643
f 4643 917 3416
f 4640 4643 3416
f 1235 4638 4645
f 4638 318 4644
f 4644 1237 4645
f 4638 4644 4645
f 1237 4646 4647
f 4646 154 3418
f 3418 917 4647
f 4646 3418 4647
f 1235 4645 4643
f 4645 1237 4647
f 4647 917 4643
f 4645 4647 4643
f 213 4648 3345
f 4648 1238 4649
f 4649 899 3345
f 4648 4649 3345
f 1238 4650 4652
f 4650 319 4651
f 4651 1239 4652
f 4650 4651 4652
f 1239 4653 4654
f 4653 214 3347
f 3347 899 4654
f 4653 3347 4654
f 1238 4652 4649
f 4652 1239 4654
f 4654 899 4649
f 4652 4654 4649
f 214 4653 4656
f 4653 1239 4655
f 4655 1241 4656
f 4653 4655 4656
f 1239 4651 4658
f 4651 319 4657
f 4657 1240 4658
f 4651 4657 4658
f 1240 4659 4661
f 4659 320 4660
f 4660 1241 4661
f 4659 4660 4661
f 1239 4658 4655
f 4658 1240 4661
f 4661 1241 4655
f 4658 4661 4655
f 214 4656 3357
f 4656 1241 4662
f 4662 902 3357
f 4656 4662 3357
f 1241 4660 4664
f 4660 320 4663
f 4663 1242 4664
f 4660 4663 4664
f 1242 4665 4666
f 4665 215 3359
f 3359 902 4666
f 4665 3359 4666
f 1241 4664 4662
f 4664 1242 4666
f 4666 902 4662
f 4664 4666 4662
f 215 4665 4668
f 4665 1242 4667
f 4667 1244 4668
f 4665 4667 4668
f 1242 4663 4670
f 4663 320 4669
f 4669 1243 4670
f 4663 4669 4670
f 1243 4671 4673
f 4671 321 4672
f 4672 1244 4673
f 4671 4672 4673
f 1242 4670 4667
f 4670 1243 4673
f 4673 1244 4667
f 4670 4673 4667
f 215 4668 3369
f 4668 1244 4674
f 4674 905 3369
f 4668 4674 3369
f 1244 4672 4676
f 4672 321 4675
f 4675 1245 4676
f 4672 4675 4676
f 1245 4677 4678
f 4677 216 3371
f 3371 905 4678
f 4677 3371 4678
f 1244 4676 4674
f 4676 1245 4678
f 4678 905 4674
f 4676 4678 4674
f 216 4677 4680
f 4677 1245 4679
f 4679 1247 4680
f 4677 4679 4680
f 1245 4675 4682
f 4675 321 4681
f 4681 1246 4682
f 4675 4681 4682
f 1246 4683 4685
f 4683 322 4684
f 4684 1247 4685
f 4683 4684 4685
f 1245 4682 4679
f 4682 1246 4685
f 4685 1247 4679
f 4682 4685 4679
f 216 4680 3381
f 4680 1247 4686
f 4686 908 3381
f 4680 4686 3381
f 1247 4684 4688
f 4684 322 4687
f 4687 1248 4688
f 4684 4687 4688
f 1248 4689 4690
f 4689 217 3383
f 3383 908 4690
f 4689 3383 4690
f 1247 4688 4686
f 4688 1248 4690
f 4690 908 4686
f 4688 4690 4686
f 217 4689 4692
f 4689 1248 4691
f 4691 1250 4692
f 4689 4691 4692
f 1248 4687 4694
f 4687 322 4693
f 4693 1249 4694
f 4687 4693 4694
f 1249 4695 4697
f 4695 323 4696
f 4696 1250 4697
f 4695 4696 4697
f 1248 4694 4691
f 4694 1249 4697
f 4697 1250 4691
f 4694 4697 4691
f 217 4692 3393
f 4692 1250 4698
f 4698 911 3393
f 4692 4698 3393
f 1250 4696 4700
f 4696 323 4699
f 4699 1251 4700
f 4696 4699 4700
f 1251 4701 4702
f 4701 218 3395
f 3395 911 4702
f 4701 3395 4702
f 1250 4700 4698
f 4700 1251 4702
f 4702 911 4698
f 4700 4702 4698
f 218 4701 4704
f 4701 1251 4703
f 4703 1253 4704
f 4701 4703 4704
f 1251 4699 4706
f 4699 323 4705
f 4705 1252 4706
f 4699 4705 4706
f 1252 4707 4709
f 4707 324 4708
f 4708 1253 4709
f 4707 4708 4709
f 1251 4706 4703
f 4706 1252 4709
f 4709 1253 4703
f 4706 4709 4703
f 218 4704 3405
f 4704 1253 4710
f 4710 914 3405
f 4704 4710 3405
f 1253 4708 4712
f 4708 324 4711
f 4711 1254 4712
f 4708 4711 4712
f 1254 4713 4714
f 4713 219 3407
f 3407 914 4714
f 4713 3407 4714
f 1253 4712 4710
f 4712 1254 4714
f 4714 914 4710
f 4712 4714 4710
f 219 4713 4716
f 4713 1254 4715
f 4715 1256 4716
f 4713 4715 4716
f 1254 4711 4718
f 4711 324 4717
f 4717 1255 4718
f 4711 4717 4718
f 1255 4719 4721
f 4719 325 4720
f 4720 1256 4721
f 4719 4720 4721
f 1254 4718 4715
f 4718 1255 4721
f 4721 1256 4715
f 4718 4721 4715
f 319 4722 4657
f 4722 1257 4723
f 4723 1240 4657
f 4722 4723 4657
f 1257 4724 4726
f 4724 326 4725
f 4725 1258 4726
f 4724 4725 4726
f 1258 4727 4728
f 4727 320 4659
f 4659 1240 4728
f 4727 4659 4728
f 1257 4726 4723
f 4726 1258 4728
f 4728 1240 4723
f 4726 4728 4723
f 320 4727 4730
f 4727 1258 4729
f 4729 1260 4730
f 4727 4729 4730
f 1258 4725 4732
f 4725 326 4731
f 4731 1259 4732
f 4725 4731 4732
f 1259 4733 4735
f 4733 327 4734
f 4734 1260 4735
f 4733 4734 4735
f 1258 4732 4729
f 4732 1259 4735
f 4735 1260 4729
f 4732 4735 4729
f 320 4730 4669
f 4730 1260 4736
f 4736 1243 4669
f 4730 4736 4669
f 1260 4734 4738
f 4734 327 4737
f 4737 1261 4738
f 4734 4737 4738
f 1261 4739 4740
f 4739 321 4671
f 4671 1243 4740
f 4739 4671 4740
f 1260 4738 4736
f 4738 1261 4740
f 4740 1243 4736
f 4738 4740 4736
f 321 4739 4742
f 4739 1261 4741
f 4741 1263 4742
f 4739 4741 4742
f 1261 4737 4744
f 4737 327 4743
f 4743 1262 4744
f 4737 4743 4744
f 1262 4745 4747
f 4745 328 4746
f 4746 1263 4747
f 4745 4746 4747
f 1261 4744 4741
f 4744 1262 4747
f 4747 1263 4741
f 4744 4747 4741
f 321 4742 4681
f 4742 1263 4748
f 4748 1246 4681
f 4742 4748 4681
f 1263 4746 4750
f 4746 328 4749
f 4749 1264 4750
f 4746 4749 4750
f 1264 4751 4752
f 4751 322 4683
f 4683 1246 4752
f 4751 4683 4752
f 1263 4750 4748
f 4750 1264 4752
f 4752 1246 4748
f 4750 4752 4748
f 322 4751 4754
f 4751 1264 4753
f 4753 1266 4754
f 4751 4753 4754
f 1264 4749 4756
f 4749 328 4755
f 4755 1265 4756
f 4749 4755 4756
f 1265 4757 4759
f 4757 329 4758
f 4758 1266 4759
f 4757 4758 4759
f 1264 4756 4753
f 4756 1265 4759
f 4759 1266 4753
f 4756 4759 4753
f 322 4754 4693
f 4754 1266 4760
f 4760 1249 4693
f 4754 4760 4693
f 1266 4758 4762
f 4758 329 4761
f 4761 1267 4762
f 4758 4761 4762
f 1267 4763 4764
f 4763 323 4695
f 4695 1249 4764
f 4763 4695 4764
f 1266 4762 4760
f 4762 1267 4764
f 4764 1249 4760
f 4762 4764 4760
f 323 4763 4766
f 4763 1267 4765
f 4765 1269 4766
f 4763 4765 4766
f 1267 4761 4768
f 4761 329 4767
f 4767 1268 4768
f 4761 4767 4768
f 1268 4769 4771
f 4769 330 4770
f 4770 1269 4771
f 4769 4770 4771
f 1267 4768 4765
f 4768 1268 4771
f 4771 1269 4765
f 4768 4771 4765
f 323 4766 4705
f 4766 1269 4772
f 4772 1252 4705
f 4766 4772 4705
f 1269 4770 4774
f 4770 330 4773
f 4773 1270 4774
f 4770 4773 4774
f 1270 4775 4776
f 4775 324 4707
f 4707 1252 4776
f 4775 4707 4776
f 1269 4774 4772
f 4774 1270 4776
f 4776 1252 4772
f 4774 4776 4772
f 324 4775 4778
f 4775 1270 4777
f 4777 1272 4778
f 4775 4777 4778
f 1270 4773 4780
f 4773 330 4779
f 4779 1271 4780
f 4773 4779 4780
f 1271 4781 4783
f 4781 331 4782
f 4782 1272 4783
f 4781 4782 4783
f 1270 4780 4777
f 4780 1271 4783
f 4783 1272 4777
f 4780 4783 4777
f 324 4778 4717
f 4778 1272 4784
f 4784 1255 4717
f 4778 4784 4717
f 1272 4782 4786
f 4782 331 4785
f 4785 1273 4786
f 4782 4785 4786
f 1273 4787 4788
f 4787 325 4719
f 4719 1255 4788
f 4787 4719 4788
f 1272 4786 4784
f 4786 1273 4788
f 4788 1255 4784
f 4786 4788 4784
f 325 4787 4790
f 4787 1273 4789
f 4789 1275 4790
f 4787 4789 4790
f 1273 4785 4792
f 4785 331 4791
f 4791 1274 4792
f 4785 4791 4792
f 1274 4793 4795
f 4793 332 4794
f 4794 1275 4795
f 4793 4794 4795
f 1273 4792 4789
f 4792 1274 4795
f 4795 1275 4789
f 4792 4795 4789
f 326 4796 4731
f 4796 1276 4797
f 4797 1259 4731
f 4796 4797 4731
f 1276 4798 4800
f 4798 132 4799
f 4799 1277 4800
f 4798 4799 4800
f 1277 4801 4802
f 4801 327 4733
f 4733 1259 4802
f 4801 4733 4802
f 1276 4800 4797
f 4800 1277 4802
f 4802 1259 4797
f 4800 4802 4797
f 327 4801 4804
f 4801 1277 4803
f 4803 1279 4804
f 4801 4803 4804
f 1277 4799 4806
f 4799 132 4805
f 4805 1278 4806
f 4799 4805 4806
f 1278 4807 4809
f 4807 333 4808
f 4808 1279 4809
f 4807 4808 4809
f 1277 4806 4803
f 4806 1278 4809
f 4809 1279 4803
f 4806 4809 4803
f 327 4804 4743
f 4804 1279 4810
f 4810 1262 4743
f 4804 4810 4743
f 1279 4808 4812
f 4808 333 4811
f 4811 1280 4812
f 4808 4811 4812
f 1280 4813 4814
f 4813 328 4745
f 4745 1262 4814
f 4813 4745 4814
f 1279 4812 4810
f 4812 1280 4814
f 4814 1262 4810
f 4812 4814 4810
f 328 4813 4816
f 4813 1280 4815
f 4815 1282 4816
f 4813 4815 4816
f 1280 4811 4818
f 4811 333 4817
f 4817 1281 4818
f 4811 4817 4818
f 1281 4819 4821
f 4819 334 4820
f 4820 1282 4821
f 4819 4820 4821
f 1280 4818 4815
f 4818 1281 4821
f 4821 1282 4815
f 4818 4821 4815
f 328 4816 4755
f 4816 1282 4822
f 4822 1265 4755
f 4816 4822 4755
f 1282 4820 4824
f 4820 334 4823
f 4823 1283 4824
f 4820 4823 4824
f 1283 4825 4826
f 4825 329 4757
f 4757 1265 4826
f 4825 4757 4826
f 1282 4824 4822
f 4824 1283 4826
f 4826 1265 4822
f 4824 4826 4822
f 329 4825 4828
f 4825 1283 4827
f 4827 1285 4828
f 4825 4827 4828
f 1283 4823 4830
f 4823 334 4829
f 4829 1284 4830
f 4823 4829 4830
f 1284 4831 4833
f 4831 335 4832
f 4832 1285 4833
f 4831 4832 4833
f 1283 4830 4827
f 4830 1284 4833
f 4833 1285 4827
f 4830 4833 4827
f 329 4828 4767
f 4828 1285 4834
f 4834 1268 4767
f 4828 4834 4767
f 1285 4832 4836
f 4832 335 4835
f 4835 1286 4836
f 4832 4835 4836
f 1286 4837 4838
f 4837 330 4769
f 4769 1268 4838
f 4837 4769 4838
f 1285 4836 4834
f 4836 1286 4838
f 4838 1268 4834
f 4836 4838 4834
f 330 4837 4840
f 4837 1286 4839
f 4839 1288 4840
f 4837 4839 4840
f 1286 4835 4842
f 4835 335 4841
f 4841 1287 4842
f 4835 4841 4842
f 1287 4843 4845
f 4843 336 4844
f 4844 1288 4845
f 4843 4844 4845
f 1286 4842 4839
f 4842 1287 4845
f 4845 1288 4839
f 4842 4845 4839
f 330 4840 4779
f 4840 1288 4846
f 4846 1271 4779
f 4840 4846 4779
f 1288 4844 4848
f 4844 336 4847
f 4847 1289 4848
f 4844 4847 4848
f 1289 4849 4850
f 4849 331 4781
f 4781 1271 4850
f 4849 4781 4850
f 1288 4848 4846
f 4848 1289 4850
f 4850 1271 4846
f 4848 4850 4846
f 331 4849 4852
f 4849 1289 4851
f 4851 1291 4852
f 4849 4851 4852
f 1289 4847 4854
f 4847 336 4853
f 4853 1290 4854
f 4847 4853 4854
f 1290 4855 4857
f 4855 337 4856
f 4856 1291 4857
f 4855 4856 4857
f 1289 4854 4851
f 4854 1290 4857
f 4857 1291 4851
f 4854 4857 4851
f 331 4852 4791
f 4852 1291 4858
f 4858 1274 4791
f 4852 4858 4791
f 1291 4856 4860
f 4856 337 4859
f 4859 1292 4860
f 4856 4859 4860
f 1292 4861 4862
f 4861 332 4793
f 4793 1274 4862
f 4861 4793 4862
f 1291 4860 4858
f 4860 1292 4862
f 4862 1274 4858
f 4860 4862 4858
f 332 4861 4864
f 4861 1292 4863
f 4863 1294 4864
f 4861 4863 4864
f 1292 4859 4866
f 4859 337 4865
f 4865 1293 4866
f 4859 4865 4866
f 1293 4867 4869
f 4867 76 4868
f 4868 1294 4869
f 4867 4868 4869
f 1292 4866 4863
f 4866 1293 4869
f 4869 1294 4863
f 4866 4869 4863
f 135 4870 4872
f 4870 1295 4871
f 4871 1297 4872
f 4870 4871 4872
f 1295 4873 4875
f 4873 117 4874
f 4874 1296 4875
f 4873 4874 4875
f 1296 4876 4878
f 4876 338 4877
f 4877 1297 4878
f 4876 4877 4878
f 1295 4875 4871
f 4875 1296 4878
f 4878 1297 4871
f 4875 4878 4871
f 338 4876 4880
f 4876 1296 4879
f 4879 1299 4880
f 4876 4879 4880
f 1296 4874 4882
f 4874 117 4881
f 4881 1298 4882
f 4874 4881 4882
f 1298 4883 4885
f 4883 339 4884
f 4884 1299 4885
f 4883 4884 4885
f 1296 4882 4879
f 4882 1298 4885
f 4885 1299 4879
f 4882 4885 4879
f 338 4880 4887
f 4880 1299 4886
f 4886 1301 4887
f 4880 4886 4887
f 1299 4884 4889
f 4884 339 4888
f 4888 1300 4889
f 4884 4888 4889
f 1300 4890 4892
f 4890 340 4891
f 4891 1301 4892
f 4890 4891 4892
f 1299 4889 4886
f 4889 1300 4892
f 4892 1301 4886
f 4889 4892 4886
f 340 4890 4894
f 4890 1300 4893
f 4893 1303 4894
f 4890 4893 4894
f 1300 4888 4896
f 4888 339 4895
f 4895 1302 4896
f 4888 4895 4896
f 1302 4897 4899
f 4897 341 4898
f 4898 1303 4899
f 4897 4898 4899
f 1300 4896 4893
f 4896 1302 4899
f 4899 1303 4893
f 4896 4899 4893
f 340 4894 4901
f 4894 1303 4900
f 4900 1305 4901
f 4894 4900 4901
f 1303 4898 4903
f 4898 341 4902
f 4902 1304 4903
f 4898 4902 4903
f 1304 4904 4906
f 4904 66 4905
f 4905 1305 4906
f 4904 4905 4906
f 1303 4903 4900
f 4903 1304 4906
f 4906 1305 4900
f 4903 4906 4900
f 66 4904 2096
f 4904 1304 4907
f 4907 556 2096
f 4904 4907 2096
f 1304 4902 4909
f 4902 341 4908
f 4908 1306 4909
f 4902 4908 4909
f 1306 4910 4911
f 4910 45 2092
f 2092 556 4911
f 4910 2092 4911
f 1304 4909 4907
f 4909 1306 4911
f 4911 556 4907
f 4909 4911 4907
f 75 4912 4914
f 4912 1307 4913
f 4913 1309 4914
f 4912 4913 4914
f 1307 4915 4917
f 4915 71 4916
f 4916 1308 4917
f 4915 4916 4917
f 1308 4918 4920
f 4918 342 4919
f 4919 1309 4920
f 4918 4919 4920
f 1307 4917 4913
f 4917 1308 4920
f 4920 1309 4913
f 4917 4920 4913
f 342 4918 4922
f 4918 1308 4921
f 4921 1311 4922
f 4918 4921 4922
f 1308 4916 4924
f 4916 71 4923
f 4923 1310 4924
f 4916 4923 4924
f 1310 4925 4927
f 4925 343 4926
f 4926 1311 4927
f 4925 4926 4927
f 1308 4924 4921
f 4924 1310 4927
f 4927 1311 4921
f 4924 4927 4921
f 342 4922 4929
f 4922 1311 4928
f 4928 1313 4929
f 4922 4928 4929
f 1311 4926 4931
f 4926 343 4930
f 4930 1312 4931
f 4926 4930 4931
f 1312 4932 4934
f 4932 344 4933
f 4933 1313 4934
f 4932 4933 4934
f 1311 4931 4928
f 4931 1312 4934
f 4934 1313 4928
f 4931 4934 4928
f 344 4932 4936
f 4932 1312 4935
f 4935 1315 4936
f 4932 4935 4936
f 1312 4930 4938
f 4930 343 4937
f 4937 1314 4938
f 4930 4937 4938
f 1314 4939 4941
f 4939 345 4940
f 4940 1315 4941
f 4939 4940 4941
f 1312 4938 4935
f 4938 1314 4941
f 4941 1315 4935
f 4938 4941 4935
f 344 4936 4943
f 4936 1315 4942
f 4942 1317 4943
f 4936 4942 4943
f 1315 4940 4945
f 4940 345 4944
f 4944 1316 4945
f 4940 4944 4945
f 1316 4946 4948
f 4946 36 4947
f 4947 1317 4948
f 4946 4947 4948
f 1315 4945 4942
f 4945 1316 4948
f 4948 1317 4942
f 4945 4948 4942
f 36 4946 2063
f 4946 1316 4949
f 4949 547 2063
f 4946 4949 2063
f 1316 4944 4951
f 4944 345 4950
f 4950 1318 4951
f 4944 4950 4951
f 1318 4952 4953
f 4952 59 2059
f 2059 547 4953
f 4952 2059 4953
f 1316 4951 4949
f 4951 1318 4953
f 4953 547 4949
f 4951 4953 4949
f 190 3200 4254
f 3200 858 4954
f 4954 1137 4254
f 3200 4954 4254
f 858 3204 4956
f 3204 191 4955
f 4955 1319 4956
f 3204 4955 4956
f 1319 4957 4958
f 4957 290 4250
f 4250 1137 4958
f 4957 4250 4958
f 858 4956 4954
f 4956 1319 4958
f 4958 1137 4954
f 4956 4958 4954
f 290 4957 4960
f 4957 1319 4959
f 4959 1320 4960
f 4957 4959 4960
f 1319 4955 4961
f 4955 191 3762
f 3762 1013 4961
f 4955 3762 4961
f 1013 3766 4963
f 3766 256 4962
f 4962 1320 4963
f 3766 4962 4963
f 1319 4961 4959
f 4961 1013 4963
f 4963 1320 4959
f 4961 4963 4959
f 290 4960 4242
f 4960 1320 4964
f 4964 1134 4242
f 4960 4964 4242
f 1320 4962 4966
f 4962 256 4965
f 4965 1321 4966
f 4962 4965 4966
f 1321 4967 4968
f 4967 289 4238
f 4238 1134 4968
f 4967 4238 4968
f 1320 4966 4964
f 4966 1321 4968
f 4968 1134 4964
f 4966 4968 4964
f 289 4967 4970
f 4967 1321 4969
f 4969 1322 4970
f 4967 4969 4970
f 1321 4965 4971
f 4965 256 3788
f 3788 1020 4971
f 4965 3788 4971
f 1020 3792 4973
f 3792 258 4972
f 4972 1322 4973
f 3792 4972 4973
f 1321 4971 4969
f 4971 1020 4973
f 4973 1322 4969
f 4971 4973 4969
f 289 4970 4230
f 4970 1322 4974
f 4974 1131 4230
f 4970 4974 4230
f 1322 4972 4976
f 4972 258 4975
f 4975 1323 4976
f 4972 4975 4976
f 1323 4977 4978
f 4977 288 4225
f 4225 1131 4978
f 4977 4225 4978
f 1322 4976 4974
f 4976 1323 4978
f 4978 1131 4974
f 4976 4978 4974
f 288 4977 4980
f 4977 1323 4979
f 4979 1324 4980
f 4977 4979 4980
f 1323 4975 4981
f 4975 258 3779
f 3779 1016 4981
f 4975 3779 4981
f 1016 3777 4983
f 3777 257 4982
f 4982 1324 4983
f 3777 4982 4983
f 1323 4981 4979
f 4981 1016 4983
f 4983 1324 4979
f 4981 4983 4979
f 346 4984 4986
f 4984 1325 4985
f 4985 1327 4986
f 4984 4985 4986
f 1325 4987 4989
f 4987 243 4988
f 4988 1326 4989
f 4987 4988 4989
f 1326 4990 4992
f 4990 347 4991
f 4991 1327 4992
f 4990 4991 4992
f 1325 4989 4985
f 4989 1326 4992
f 4992 1327 4985
f 4989 4992 4985
f 347 4990 4994
f 4990 1326 4993
f 4993 1328 4994
f 4990 4993 4994
f 1326 4988 4995
f 4988 243 3647
f 3647 980 4995
f 4988 3647 4995
f 980 3645 4997
f 3645 242 4996
f 4996 1328 4997
f 3645 4996 4997
f 1326 4995 4993
f 4995 980 4997
f 4997 1328 4993
f 4995 4997 4993
f 347 4994 4999
f 4994 1328 4998
f 4998 1330 4999
f 4994 4998 4999
f 1328 4996 5001
f 4996 242 5000
f 5000 1329 5001
f 4996 5000 5001
f 1329 5002 5004
f 5002 348 5003
f 5003 1330 5004
f 5002 5003 5004
f 1328 5001 4998
f 5001 1329 5004
f 5004 1330 4998
f 5001 5004 4998
f 348 5002 5006
f 5002 1329 5005
f 5005 1331 5006
f 5002 5005 5006
f 1329 5000 5007
f 5000 242 3635
f 3635 977 5007
f 5000 3635 5007
f 977 3633 5009
f 3633 241 5008
f 5008 1331 5009
f 3633 5008 5009
f 1329 5007 5005
f 5007 977 5009
f 5009 1331 5005
f 5007 5009 5005
f 348 5006 5011
f 5006 1331 5010
f 5010 1333 5011
f 5006 5010 5011
f 1331 5008 5013
f 5008 241 5012
f 5012 1332 5013
f 5008 5012 5013
f 1332 5014 5016
f 5014 188 5015
f 5015 1333 5016
f 5014 5015 5016
f 1331 5013 5010
f 5013 1332 5016
f 5016 1333 5010
f 5013 5016 5010
f 188 5014 3190
f 5014 1332 5017
f 5017 854 3190
f 5014 5017 3190
f 1332 5012 5018
f 5012 241 3621
f 3621 973 5018
f 5012 3621 5018
f 973 3619 5019
f 3619 189 3193
f 3193 854 5019
f 3619 3193 5019
f 1332 5018 5017
f 5018 973 5019
f 5019 854 5017
f 5018 5019 5017
f 243 4987 3659
f 4987 1325 5020
f 5020 984 3659
f 4987 5020 3659
f 1325 4984 5022
f 4984 346 5021
f 5021 1334 5022
f 4984 5021 5022
f 1334 5023 5024
f 5023 245 3661
f 3661 984 5024
f 5023 3661 5024
f 1325 5022 5020
f 5022 1334 5024
f 5024 984 5020
f 5022 5024 5020
f 245 5023 5026
f 5023 1334 5025
f 5025 1336 5026
f 5023 5025 5026
f 1334 5021 5028
f 5021 346 5027
f 5027 1335 5028
f 5021 5027 5028
f 1335 5029 5031
f 5029 296 5030
f 5030 1336 5031
f 5029 5030 5031
f 1334 5028 5025
f 5028 1335 5031
f 5031 1336 5025
f 5028 5031 5025
f 349 5032 5034
f 5032 1337 5033
f 5033 1339 5034
f 5032 5033 5034
f 1337 5035 5037
f 5035 296 5036
f 5036 1338 5037
f 5035 5036 5037
f 1338 5038 5040
f 5038 350 5039
f 5039 1339 5040
f 5038 5039 5040
f 1337 5037 5033
f 5037 1338 5040
f 5040 1339 5033
f 5037 5040 5033
f 350 5038 5042
f 5038 1338 5041
f 5041 1341 5042
f 5038 5041 5042
f 1338 5036 5044
f 5036 296 5043
f 5043 1340 5044
f 5036 5043 5044
f 1340 5045 5047
f 5045 351 5046
f 5046 1341 5047
f 5045 5046 5047
f 1338 5044 5041
f 5044 1340 5047
f 5047 1341 5041
f 5044 5047 5041
f 350 5042 5049
f 5042 1341 5048
f 5048 1343 5049
f 5042 5048 5049
f 1341 5046 5051
f 5046 351 5050
f 5050 1342 5051
f 5046 5050 5051
f 1342 5052 5054
f 5052 352 5053
f 5053 1343 5054
f 5052 5053 5054
f 1341 5051 5048
f 5051 1342 5054
f 5054 1343 5048
f 5051 5054 5048
f 352 5052 5056
f 5052 1342 5055
f 5055 1345 5056
f 5052 5055 5056
f 1342 5050 5058
f 5050 351 5057
f 5057 1344 5058
f 5050 5057 5058
f 1344 5059 5061
f 5059 346 5060
f 5060 1345 5061
f 5059 5060 5061
f 1342 5058 5055
f 5058 1344 5061
f 5061 1345 5055
f 5058 5061 5055
f 63 5062 5064
f 5062 1346 5063
f 5063 1348 5064
f 5062 5063 5064
f 1346 5065 5067
f 5065 349 5066
f 5066 1347 5067
f 5065 5066 5067
f 1347 5068 5070
f 5068 353 5069
f 5069 1348 5070
f 5068 5069 5070
f 1346 5067 5063
f 5067 1347 5070
f 5070 1348 5063
f 5067 5070 5063
f 353 5068 5072
f 5068 1347 5071
f 5071 1349 5072
f 5068 5071 5072
f 1347 5066 5073
f 5066 349 5034
f 5034 1339 5073
f 5066 5034 5073
f 1339 5039 5075
f 5039 350 5074
f 5074 1349 5075
f 5039 5074 5075
f 1347 5073 5071
f 5073 1339 5075
f 5075 1349 5071
f 5073 5075 5071
f 353 5072 5077
f 5072 1349 5076
f 5076 1351 5077
f 5072 5076 5077
f 1349 5074 5079
f 5074 350 5078
f 5078 1350 5079
f 5074 5078 5079
f 1350 5080 5082
f 5080 64 5081
f 5081 1351 5082
f 5080 5081 5082
f 1349 5079 5076
f 5079 1350 5082
f 5082 1351 5076
f 5079 5082 5076
f 64 5080 5084
f 5080 1350 5083
f 5083 1352 5084
f 5080 5083 5084
f 1350 5078 5085
f 5078 350 5049
f 5049 1343 5085
f 5078 5049 5085
f 1343 5053 5087
f 5053 352 5086
f 5086 1352 5087
f 5053 5086 5087
f 1350 5085 5083
f 5085 1343 5087
f 5087 1352 5083
f 5085 5087 5083
f 354 5088 5090
f 5088 1353 5089
f 5089 1355 5090
f 5088 5089 5090
f 1353 5091 5093
f 5091 355 5092
f 5092 1354 5093
f 5091 5092 5093
f 1354 5094 5096
f 5094 300 5095
f 5095 1355 5096
f 5094 5095 5096
f 1353 5093 5089
f 5093 1354 5096
f 5096 1355 5089
f 5093 5096 5089
f 300 5094 5098
f 5094 1354 5097
f 5097 1357 5098
f 5094 5097 5098
f 1354 5092 5100
f 5092 355 5099
f 5099 1356 5100
f 5092 5099 5100
f 1356 5101 5103
f 5101 356 5102
f 5102 1357 5103
f 5101 5102 5103
f 1354 5100 5097
f 5100 1356 5103
f 5103 1357 5097
f 5100 5103 5097
f 300 5098 4384
f 5098 1357 5104
f 5104 1172 4384
f 5098 5104 4384
f 1357 5102 5106
f 5102 356 5105
f 5105 1358 5106
f 5102 5105 5106
f 1358 5107 5108
f 5107 138 4387
f 4387 1172 5108
f 5107 4387 5108
f 1357 5106 5104
f 5106 1358 5108
f 5108 1172 5104
f 5106 5108 5104
f 138 5107 5110
f 5107 1358 5109
f 5109 1360 5110
f 5107 5109 5110
f 1358 5105 5112
f 5105 356 5111
f 5111 1359 5112
f 5105 5111 5112
f 1359 5113 5115
f 5113 137 5114
f 5114 1360 5115
f 5113 5114 5115
f 1358 5112 5109
f 5112 1359 5115
f 5115 1360 5109
f 5112 5115 5109
f 138 5110 2625
f 5110 1360 5116
f 5116 708 2625
f 5110 5116 2625
f 1360 5114 5117
f 5114 137 2622
f 2622 706 5117
f 5114 2622 5117
f 706 2620 5118
f 2620 136 2628
f 2628 708 5118
f 2620 2628 5118
f 1360 5117 5116
f 5117 706 5118
f 5118 708 5116
f 5117 5118 5116
f 110 5119 5121
f 5119 1361 5120
f 5120 1363 5121
f 5119 5120 5121
f 1361 5122 5124
f 5122 98 5123
f 5123 1362 5124
f 5122 5123 5124
f 1362 5125 5127
f 5125 357 5126
f 5126 1363 5127
f 5125 5126 5127
f 1361 5124 5120
f 5124 1362 5127
f 5127 1363 5120
f 5124 5127 5120
f 357 5125 5129
f 5125 1362 5128
f 5128 1365 5129
f 5125 5128 5129
f 1362 5123 5131
f 5123 98 5130
f 5130 1364 5131
f 5123 5130 5131
f 1364 5132 5134
f 5132 358 5133
f 5133 1365 5134
f 5132 5133 5134
f 1362 5131 5128
f 5131 1364 5134
f 5134 1365 5128
f 5131 5134 5128
f 357 5129 5136
f 5129 1365 5135
f 5135 1367 5136
f 5129 5135 5136
f 1365 5133 5138
f 5133 358 5137
f 5137 1366 5138
f 5133 5137 5138
f 1366 5139 5141
f 5139 359 5140
f 5140 1367 5141
f 5139 5140 5141
f 1365 5138 5135
f 5138 1366 5141
f 5141 1367 5135
f 5138 5141 5135
f 359 5139 5143
f 5139 1366 5142
f 5142 1369 5143
f 5139 5142 5143
f 1366 5137 5145
f 5137 358 5144
f 5144 1368 5145
f 5137 5144 5145
f 1368 5146 5148
f 5146 360 5147
f 5147 1369 5148
f 5146 5147 5148
f 1366 5145 5142
f 5145 1368 5148
f 5148 1369 5142
f 5145 5148 5142
f 359 5143 5150
f 5143 1369 5149
f 5149 1371 5150
f 5143 5149 5150
f 1369 5147 5152
f 5147 360 5151
f 5151 1370 5152
f 5147 5151 5152
f 1370 5153 5155
f 5153 55 5154
f 5154 1371 5155
f 5153 5154 5155
f 1369 5152 5149
f 5152 1370 5155
f 5155 1371 5149
f 5152 5155 5149
f 55 5153 1995
f 5153 1370 5156
f 5156 528 1995
f 5153 5156 1995
f 1370 5151 5158
f 5151 360 5157
f 5157 1372 5158
f 5151 5157 5158
f 1372 5159 5160
f 5159 43 1991
f 1991 528 5160
f 5159 1991 5160
f 1370 5158 5156
f 5158 1372 5160
f 5160 528 5156
f 5158 5160 5156
f 259 4143 3819
f 4143 1109 5161
f 5161 1026 3819
f 4143 5161 3819
f 1109 4141 5163
f 4141 240 5162
f 5162 1373 5163
f 4141 5162 5163
f 1373 5164 5165
f 5164 257 3815
f 3815 1026 5165
f 5164 3815 5165
f 1109 5163 5161
f 5163 1373 5165
f 5165 1026 5161
f 5163 5165 5161
f 257 5164 4982
f 5164 1373 5166
f 5166 1324 4982
f 5164 5166 4982
f 1373 5162 5168
f 5162 240 5167
f 5167 1374 5168
f 5162 5167 5168
f 1374 5169 5170
f 5169 288 4980
f 4980 1324 5170
f 5169 4980 5170
f 1373 5168 5166
f 5168 1374 5170
f 5170 1324 5166
f 5168 5170 5166
f 361 5171 5173
f 5171 1375 5172
f 5172 1377 5173
f 5171 5172 5173
f 1375 5174 5176
f 5174 263 5175
f 5175 1376 5176
f 5174 5175 5176
f 1376 5177 5179
f 5177 24 5178
f 5178 1377 5179
f 5177 5178 5179
f 1375 5176 5172
f 5176 1376 5179
f 5179 1377 5172
f 5176 5179 5172
f 24 5177 5181
f 5177 1376 5180
f 5180 1378 5181
f 5177 5180 5181
f 1376 5175 5182
f 5175 263 3879
f 3879 1042 5182
f 5175 3879 5182
f 1042 3877 5184
f 3877 10 5183
f 5183 1378 5184
f 3877 5183 5184
f 1376 5182 5180
f 5182 1042 5184
f 5184 1378 5180
f 5182 5184 5180
f 24 5181 1802
f 5181 1378 5185
f 5185 472 1802
f 5181 5185 1802
f 1378 5183 5186
f 5183 10 1714
f 1714 447 5186
f 5183 1714 5186
f 447 1716 5187
f 1716 9 1805
f 1805 472 5187
f 1716 1805 5187
f 1378 5186 5185
f 5186 447 5187
f 5187 472 5185
f 5186 5187 5185
f 284 5188 5190
f 5188 1379 5189
f 5189 1381 5190
f 5188 5189 5190
f 1379 5191 5193
f 5191 362 5192
f 5192 1380 5193
f 5191 5192 5193
f 1380 5194 5196
f 5194 363 5195
f 5195 1381 5196
f 5194 5195 5196
f 1379 5193 5189
f 5193 1380 5196
f 5196 1381 5189
f 5193 5196 5189
f 363 5194 5198
f 5194 1380 5197
f 5197 1383 5198
f 5194 5197 5198
f 1380 5192 5200
f 5192 362 5199
f 5199 1382 5200
f 5192 5199 5200
f 1382 5201 5203
f 5201 364 5202
f 5202 1383 5203
f 5201 5202 5203
f 1380 5200 5197
f 5200 1382 5203
f 5203 1383 5197
f 5200 5203 5197
f 363 5198 5205
f 5198 1383 5204
f 5204 1385 5205
f 5198 5204 5205
f 1383 5202 5207
f 5202 364 5206
f 5206 1384 5207
f 5202 5206 5207
f 1384 5208 5210
f 5208 264 5209
f 5209 1385 5210
f 5208 5209 5210
f 1383 5207 5204
f 5207 1384 5210
f 5210 1385 5204
f 5207 5210 5204
f 264 5208 5212
f 5208 1384 5211
f 5211 1387 5212
f 5208 5211 5212
f 1384 5206 5214
f 5206 364 5213
f 5213 1386 5214
f 5206 5213 5214
f 1386 5215 5217
f 5215 365 5216
f 5216 1387 5217
f 5215 5216 5217
f 1384 5214 5211
f 5214 1386 5217
f 5217 1387 5211
f 5214 5217 5211
f 362 5218 5199
f 5218 1388 5219
f 5219 1382 5199
f 5218 5219 5199
f 1388 5220 5222
f 5220 261 5221
f 5221 1389 5222
f 5220 5221 5222
f 1389 5223 5224
f 5223 364 5201
f 5201 1382 5224
f 5223 5201 5224
f 1388 5222 5219
f 5222 1389 5224
f 5224 1382 5219
f 5222 5224 5219
f 364 5223 5226
f 5223 1389 5225
f 5225 1391 5226
f 5223 5225 5226
f 1389 5221 5228
f 5221 261 5227
f 5227 1390 5228
f 5221 5227 5228
f 1390 5229 5231
f 5229 366 5230
f 5230 1391 5231
f 5229 5230 5231
f 1389 5228 5225
f 5228 1390 5231
f 5231 1391 5225
f 5228 5231 5225
f 364 5226 5213
f 5226 1391 5232
f 5232 1386 5213
f 5226 5232 5213
f 1391 5230 5234
f 5230 366 5233
f 5233 1392 5234
f 5230 5233 5234
f 1392 5235 5236
f 5235 365 5215
f 5215 1386 5236
f 5235 5215 5236
f 1391 5234 5232
f 5234 1392 5236
f 5236 1386 5232
f 5234 5236 5232
f 365 5235 5238
f 5235 1392 5237
f 5237 1394 5238
f 5235 5237 5238
f 1392 5233 5240
f 5233 366 5239
f 5239 1393 5240
f 5233 5239 5240
f 1393 5241 5243
f 5241 17 5242
f 5242 1394 5243
f 5241 5242 5243
f 1392 5240 5237
f 5240 1393 5243
f 5243 1394 5237
f 5240 5243 5237
f 192 3625 3206
f 3625 976 5244
f 5244 859 3206
f 3625 5244 3206
f 976 3629 5246
f 3629 23 5245
f 5245 1395 5246
f 3629 5245 5246
f 1395 5247 5248
f 5247 193 3209
f 3209 859 5248
f 5247 3209 5248
f 976 5246 5244
f 5246 1395 5248
f 5248 859 5244
f 5246 5248 5244
f 193 5247 4372
f 5247 1395 5249
f 5249 1168 4372
f 5247 5249 4372
f 1395 5245 5251
f 5245 23 5250
f 5250 1396 5251
f 5245 5250 5251
f 1396 5252 5253
f 5252 299 4374
f 4374 1168 5253
f 5252 4374 5253
f 1395 5251 5249
f 5251 1396 5253
f 5253 1168 5249
f 5251 5253 5249
f 4 3464 5255
f 3464 930 5254
f 5254 1398 5255
f 3464 5254 5255
f 930 3462 5257
f 3462 221 5256
f 5256 1397 5257
f 3462 5256 5257
f 1397 5258 5260
f 5258 367 5259
f 5259 1398 5260
f 5258 5259 5260
f 930 5257 5254
f 5257 1397 5260
f 5260 1398 5254
f 5257 5260 5254
f 367 5258 5262
f 5258 1397 5261
f 5261 1400 5262
f 5258 5261 5262
f 1397 5256 5264
f 5256 221 5263
f 5263 1399 5264
f 5256 5263 5264
f 1399 5265 5267
f 5265 368 5266
f 5266 1400 5267
f 5265 5266 5267
f 1397 5264 5261
f 5264 1399 5267
f 5267 1400 5261
f 5264 5267 5261
f 367 5262 5269
f 5262 1400 5268
f 5268 1402 5269
f 5262 5268 5269
f 1400 5266 5271
f 5266 368 5270
f 5270 1401 5271
f 5266 5270 5271
f 1401 5272 5274
f 5272 5 5273
f 5273 1402 5274
f 5272 5273 5274
f 1400 5271 5268
f 5271 1401 5274
f 5274 1402 5268
f 5271 5274 5268
f 5 5272 5276
f 5272 1401 5275
f 5275 1404 5276
f 5272 5275 5276
f 1401 5270 5278
f 5270 368 5277
f 5277 1403 5278
f 5270 5277 5278
f 1403 5279 5281
f 5279 369 5280
f 5280 1404 5281
f 5279 5280 5281
f 1401 5278 5275
f 5278 1403 5281
f 5281 1404 5275
f 5278 5281 5275
f 221 3435 5263
f 3435 921 5282
f 5282 1399 5263
f 3435 5282 5263
f 921 3432 5284
f 3432 220 5283
f 5283 1405 5284
f 3432 5283 5284
f 1405 5285 5286
f 5285 368 5265
f 5265 1399 5286
f 5285 5265 5286
f 921 5284 5282
f 5284 1405 5286
f 5286 1399 5282
f 5284 5286 5282
f 368 5285 5288
f 5285 1405 5287
f 5287 1407 5288
f 5285 5287 5288
f 1405 5283 5290
f 5283 220 5289
f 5289 1406 5290
f 5283 5289 5290
f 1406 5291 5293
f 5291 370 5292
f 5292 1407 5293
f 5291 5292 5293
f 1405 5290 5287
f 5290 1406 5293
f 5293 1407 5287
f 5290 5293 5287
f 368 5288 5277
f 5288 1407 5294
f 5294 1403 5277
f 5288 5294 5277
f 1407 5292 5296
f 5292 370 5295
f 5295 1408 5296
f 5292 5295 5296
f 1408 5297 5298
f 5297 369 5279
f 5279 1403 5298
f 5297 5279 5298
f 1407 5296 5294
f 5296 1408 5298
f 5298 1403 5294
f 5296 5298 5294
f 369 5297 5300
f 5297 1408 5299
f 5299 1410 5300
f 5297 5299 5300
f 1408 5295 5302
f 5295 370 5301
f 5301 1409 5302
f 5295 5301 5302
f 1409 5303 5305
f 5303 299 5304
f 5304 1410 5305
f 5303 5304 5305
f 1408 5302 5299
f 5302 1409 5305
f 5305 1410 5299
f 5302 5305 5299
f 236 5306 3570
f 5306 1411 5307
f 5307 960 3570
f 5306 5307 3570
f 1411 5308 5310
f 5308 371 5309
f 5309 1412 5310
f 5308 5309 5310
f 1412 5311 5312
f 5311 235 3566
f 3566 960 5312
f 5311 3566 5312
f 1411 5310 5307
f 5310 1412 5312
f 5312 960 5307
f 5310 5312 5307
f 235 5311 3858
f 5311 1412 5313
f 5313 1037 3858
f 5311 5313 3858
f 1412 5309 5315
f 5309 371 5314
f 5314 1413 5315
f 5309 5314 5315
f 1413 5316 5317
f 5316 19 3860
f 3860 1037 5317
f 5316 3860 5317
f 1412 5315 5313
f 5315 1413 5317
f 5317 1037 5313
f 5315 5317 5313
f 95 5318 2399
f 5318 1414 5319
f 5319 643 2399
f 5318 5319 2399
f 1414 5320 5322
f 5320 372 5321
f 5321 1415 5322
f 5320 5321 5322
f 1415 5323 5324
f 5323 108 2395
f 2395 643 5324
f 5323 2395 5324
f 1414 5322 5319
f 5322 1415 5324
f 5324 643 5319
f 5322 5324 5319
f 108 5323 5326
f 5323 1415 5325
f 5325 1417 5326
f 5323 5325 5326
f 1415 5321 5328
f 5321 372 5327
f 5327 1416 5328
f 5321 5327 5328
f 1416 5329 5331
f 5329 373 5330
f 5330 1417 5331
f 5329 5330 5331
f 1415 5328 5325
f 5328 1416 5331
f 5331 1417 5325
f 5328 5331 5325
f 108 5326 2385
f 5326 1417 5332
f 5332 639 2385
f 5326 5332 2385
f 1417 5330 5334
f 5330 373 5333
f 5333 1418 5334
f 5330 5333 5334
f 1418 5335 5336
f 5335 106 2381
f 2381 639 5336
f 5335 2381 5336
f 1417 5334 5332
f 5334 1418 5336
f 5336 639 5332
f 5334 5336 5332
f 106 5335 5338
f 5335 1418 5337
f 5337 1420 5338
f 5335 5337 5338
f 1418 5333 5340
f 5333 373 5339
f 5339 1419 5340
f 5333 5339 5340
f 1419 5341 5343
f 5341 374 5342
f 5342 1420 5343
f 5341 5342 5343
f 1418 5340 5337
f 5340 1419 5343
f 5343 1420 5337
f 5340 5343 5337
f 106 5338 2371
f 5338 1420 5344
f 5344 635 2371
f 5338 5344 2371
f 1420 5342 5346
f 5342 374 5345
f 5345 1421 5346
f 5342 5345 5346
f 1421 5347 5348
f 5347 104 2367
f 2367 635 5348
f 5347 2367 5348
f 1420 5346 5344
f 5346 1421 5348
f 5348 635 5344
f 5346 5348 5344
f 104 5347 5350
f 5347 1421 5349
f 5349 1423 5350
f 5347 5349 5350
f 1421 5345 5352
f 5345 374 5351
f 5351 1422 5352
f 5345 5351 5352
f 1422 5353 5355
f 5353 375 5354
f 5354 1423 5355
f 5353 5354 5355
f 1421 5352 5349
f 5352 1422 5355
f 5355 1423 5349
f 5352 5355 5349
f 104 5350 2357
f 5350 1423 5356
f 5356 631 2357
f 5350 5356 2357
f 1423 5354 5358
f 5354 375 5357
f 5357 1424 5358
f 5354 5357 5358
f 1424 5359 5360
f 5359 102 2353
f 2353 631 5360
f 5359 2353 5360
f 1423 5358 5356
f 5358 1424 5360
f 5360 631 5356
f 5358 5360 5356
f 102 5359 5362
f 5359 1424 5361
f 5361 1426 5362
f 5359 5361 5362
f 1424 5357 5364
f 5357 375 5363
f 5363 1425 5364
f 5357 5363 5364
f 1425 5365 5367
f 5365 376 5366
f 5366 1426 5367
f 5365 5366 5367
f 1424 5364 5361
f 5364 1425 5367
f 5367 1426 5361
f 5364 5367 5361
f 102 5362 2343
f 5362 1426 5368
f 5368 627 2343
f 5362 5368 2343
f 1426 5366 5370
f 5366 376 5369
f 5369 1427 5370
f 5366 5369 5370
f 1427 5371 5372
f 5371 100 2339
f 2339 627 5372
f 5371 2339 5372
f 1426 5370 5368
f 5370 1427 5372
f 5372 627 5368
f 5370 5372 5368
f 100 5371 5374
f 5371 1427 5373
f 5373 1429 5374
f 5371 5373 5374
f 1427 5369 5376
f 5369 376 5375
f 5375 1428 5376
f 5369 5375 5376
f 1428 5377 5379
f 5377 377 5378
f 5378 1429 5379
f 5377 5378 5379
f 1427 5376 5373
f 5376 1428 5379
f 5379 1429 5373
f 5376 5379 5373
f 100 5374 2329
f 5374 1429 5380
f 5380 623 2329
f 5374 5380 2329
f 1429 5378 5382
f 5378 377 5381
f 5381 1430 5382
f 5378 5381 5382
f 1430 5383 5384
f 5383 98 2324
f 2324 623 5384
f 5383 2324 5384
f 1429 5382 5380
f 5382 1430 5384
f 5384 623 5380
f 5382 5384 5380
f 98 5383 5386
f 5383 1430 5385
f 5385 1432 5386
f 5383 5385 5386
f 1430 5381 5388
f 5381 377 5387
f 5387 1431 5388
f 5381 5387 5388
f 1431 5389 5391
f 5389 378 5390
f 5390 1432 5391
f 5389 5390 5391
f 1430 5388 5385
f 5388 1431 5391
f 5391 1432 5385
f 5388 5391 5385
f 372 5392 5327
f 5392 1433 5393
f 5393 1416 5327
f 5392 5393 5327
f 1433 5394 5396
f 5394 379 5395
f 5395 1434 5396
f 5394 5395 5396
f 1434 5397 5398
f 5397 373 5329
f 5329 1416 5398
f 5397 5329 5398
f 1433 5396 5393
f 5396 1434 5398
f 5398 1416 5393
f 5396 5398 5393
f 373 5397 5400
f 5397 1434 5399
f 5399 1436 5400
f 5397 5399 5400
f 1434 5395 5402
f 5395 379 5401
f 5401 1435 5402
f 5395 5401 5402
f 1435 5403 5405
f 5403 380 5404
f 5404 1436 5405
f 5403 5404 5405
f 1434 5402 5399
f 5402 1435 5405
f 5405 1436 5399
f 5402 5405 5399
f 373 5400 5339
f 5400 1436 5406
f 5406 1419 5339
f 5400 5406 5339
f 1436 5404 5408
f 5404 380 5407
f 5407 1437 5408
f 5404 5407 5408
f 1437 5409 5410
f 5409 374 5341
f 5341 1419 5410
f 5409 5341 5410
f 1436 5408 5406
f 5408 1437 5410
f 5410 1419 5406
f 5408 5410 5406
f 374 5409 5412
f 5409 1437 5411
f 5411 1439 5412
f 5409 5411 5412
f 1437 5407 5414
f 5407 380 5413
f 5413 1438 5414
f 5407 5413 5414
f 1438 5415 5417
f 5415 381 5416
f 5416 1439 5417
f 5415 5416 5417
f 1437 5414 5411
f 5414 1438 5417
f 5417 1439 5411
f 5414 5417 5411
f 374 5412 5351
f 5412 1439 5418
f 5418 1422 5351
f 5412 5418 5351
f 1439 5416 5420
f 5416 381 5419
f 5419 1440 5420
f 5416 5419 5420
f 1440 5421 5422
f 5421 375 5353
f 5353 1422 5422
f 5421 5353 5422
f 1439 5420 5418
f 5420 1440 5422
f 5422 1422 5418
f 5420 5422 5418
f 375 5421 5424
f 5421 1440 5423
f 5423 1442 5424
f 5421 5423 5424
f 1440 5419 5426
f 5419 381 5425
f 5425 1441 5426
f 5419 5425 5426
f 1441 5427 5429
f 5427 382 5428
f 5428 1442 5429
f 5427 5428 5429
f 1440 5426 5423
f 5426 1441 5429
f 5429 1442 5423
f 5426 5429 5423
f 375 5424 5363
f 5424 1442 5430
f 5430 1425 5363
f 5424 5430 5363
f 1442 5428 5432
f 5428 382 5431
f 5431 1443 5432
f 5428 5431 5432
f 1443 5433 5434
f 5433 376 5365
f 5365 1425 5434
f 5433 5365 5434
f 1442 5432 5430
f 5432 1443 5434
f 5434 1425 5430
f 5432 5434 5430
f 376 5433 5436
f 5433 1443 5435
f 5435 1445 5436
f 5433 5435 5436
f 1443 5431 5438
f 5431 382 5437
f 5437 1444 5438
f 5431 5437 5438
f 1444 5439 5441
f 5439 383 5440
f 5440 1445 5441
f 5439 5440 5441
f 1443 5438 5435
f 5438 1444 5441
f 5441 1445 5435
f 5438 5441 5435
f 376 5436 5375
f 5436 1445 5442
f 5442 1428 5375
f 5436 5442 5375
f 1445 5440 5444
f 5440 383 5443
f 5443 1446 5444
f 5440 5443 5444
f 1446 5445 5446
f 5445 377 5377
f 5377 1428 5446
f 5445 5377 5446
f 1445 5444 5442
f 5444 1446 5446
f 5446 1428 5442
f 5444 5446 5442
f 377 5445 5448
f 5445 1446 5447
f 5447 1448 5448
f 5445 5447 5448
f 1446 5443 5450
f 5443 383 5449
f 5449 1447 5450
f 5443 5449 5450
f 1447 5451 5453
f 5451 384 5452
f 5452 1448 5453
f 5451 5452 5453
f 1446 5450 5447
f 5450 1447 5453
f 5453 1448 5447
f 5450 5453 5447
f 377 5448 5387
f 5448 1448 5454
f 5454 1431 5387
f 5448 5454 5387
f 1448 5452 5456
f 5452 384 5455
f 5455 1449 5456
f 5452 5455 5456
f 1449 5457 5458
f 5457 378 5389
f 5389 1431 5458
f 5457 5389 5458
f 1448 5456 5454
f 5456 1449 5458
f 5458 1431 5454
f 5456 5458 5454
f 378 5457 5460
f 5457 1449 5459
f 5459 1451 5460
f 5457 5459 5460
f 1449 5455 5462
f 5455 384 5461
f 5461 1450 5462
f 5455 5461 5462
f 1450 5463 5465
f 5463 385 5464
f 5464 1451 5465
f 5463 5464 5465
f 1449 5462 5459
f 5462 1450 5465
f 5465 1451 5459
f 5462 5465 5459
f 379 5466 5401
f 5466 1452 5467
f 5467 1435 5401
f 5466 5467 5401
f 1452 5468 5470
f 5468 51 5469
f 5469 1453 5470
f 5468 5469 5470
f 1453 5471 5472
f 5471 380 5403
f 5403 1435 5472
f 5471 5403 5472
f 1452 5470 5467
f 5470 1453 5472
f 5472 1435 5467
f 5470 5472 5467
f 380 5471 5474
f 5471 1453 5473
f 5473 1454 5474
f 5471 5473 5474
f 1453 5469 5475
f 5469 51 1963
f 1963 520 5475
f 5469 1963 5475
f 520 1967 5477
f 1967 52 5476
f 5476 1454 5477
f 1967 5476 5477
f 1453 5475 5473
f 5475 520 5477
f 5477 1454 5473
f 5475 5477 5473
f 380 5474 5413
f 5474 1454 5478
f 5478 1438 5413
f 5474 5478 5413
f 1454 5476 5480
f 5476 52 5479
f 5479 1455 5480
f 5476 5479 5480
f 1455 5481 5482
f 5481 381 5415
f 5415 1438 5482
f 5481 5415 5482
f 1454 5480 5478
f 5480 1455 5482
f 5482 1438 5478
f 5480 5482 5478
f 381 5481 5484
f 5481 1455 5483
f 5483 1456 5484
f 5481 5483 5484
f 1455 5479 5485
f 5479 52 1970
f 1970 522 5485
f 5479 1970 5485
f 522 1974 5487
f 1974 53 5486
f 5486 1456 5487
f 1974 5486 5487
f 1455 5485 5483
f 5485 522 5487
f 5487 1456 5483
f 5485 5487 5483
f 381 5484 5425
f 5484 1456 5488
f 5488 1441 5425
f 5484 5488 5425
f 1456 5486 5490
f 5486 53 5489
f 5489 1457 5490
f 5486 5489 5490
f 1457 5491 5492
f 5491 382 5427
f 5427 1441 5492
f 5491 5427 5492
f 1456 5490 5488
f 5490 1457 5492
f 5492 1441 5488
f 5490 5492 5488
f 382 5491 5494
f 5491 1457 5493
f 5493 1458 5494
f 5491 5493 5494
f 1457 5489 5495
f 5489 53 1973
f 1973 521 5495
f 5489 1973 5495
f 521 1971 5497
f 1971 37 5496
f 5496 1458 5497
f 1971 5496 5497
f 1457 5495 5493
f 5495 521 5497
f 5497 1458 5493
f 5495 5497 5493
f 382 5494 5437
f 5494 1458 5498
f 5498 1444 5437
f 5494 5498 5437
f 1458 5496 5500
f 5496 37 5499
f 5499 1459 5500
f 5496 5499 5500
f 1459 5501 5502
f 5501 383 5439
f 5439 1444 5502
f 5501 5439 5502
f 1458 5500 5498
f 5500 1459 5502
f 5502 1444 5498
f 5500 5502 5498
f 383 5501 5504
f 5501 1459 5503
f 5503 1460 5504
f 5501 5503 5504
f 1459 5499 5505
f 5499 37 1871
f 1871 494 5505
f 5499 1871 5505
f 494 1876 5507
f 1876 39 5506
f 5506 1460 5507
f 1876 5506 5507
f 1459 5505 5503
f 5505 494 5507
f 5507 1460 5503
f 5505 5507 5503
f 383 5504 5449
f 5504 1460 5508
f 5508 1447 5449
f 5504 5508 5449
f 1460 5506 5510
f 5506 39 5509
f 5509 1461 5510
f 5506 5509 5510
f 1461 5511 5512
f 5511 384 5451
f 5451 1447 5512
f 5511 5451 5512
f 1460 5510 5508
f 5510 1461 5512
f 5512 1447 5508
f 5510 5512 5508
f 384 5511 5514
f 5511 1461 5513
f 5513 1462 5514
f 5511 5513 5514
f 1461 5509 5515
f 5509 39 1886
f 1886 498 5515
f 5509 1886 5515
f 498 1890 5517
f 1890 41 5516
f 5516 1462 5517
f 1890 5516 5517
f 1461 5515 5513
f 5515 498 5517
f 5517 1462 5513
f 5515 5517 5513
f 384 5514 5461
f 5514 1462 5518
f 5518 1450 5461
f 5514 5518 5461
f 1462 5516 5520
f 5516 41 5519
f 5519 1463 5520
f 5516 5519 5520
f 1463 5521 5522
f 5521 385 5463
f 5463 1450 5522
f 5521 5463 5522
f 1462 5520 5518
f 5520 1463 5522
f 5522 1450 5518
f 5520 5522 5518
f 385 5521 5524
f 5521 1463 5523
f 5523 1464 5524
f 5521 5523 5524
f 1463 5519 5525
f 5519 41 1900
f 1900 502 5525
f 5519 1900 5525
f 502 1904 5527
f 1904 43 5526
f 5526 1464 5527
f 1904 5526 5527
f 1463 5525 5523
f 5525 502 5527
f 5527 1464 5523
f 5525 5527 5523
f 95 5528 5530
f 5528 1465 5529
f 5529 1467 5530
f 5528 5529 5530
f 1465 5531 5533
f 5531 79 5532
f 5532 1466 5533
f 5531 5532 5533
f 1466 5534 5536
f 5534 386 5535
f 5535 1467 5536
f 5534 5535 5536
f 1465 5533 5529
f 5533 1466 5536
f 5536 1467 5529
f 5533 5536 5529
f 386 5534 5538
f 5534 1466 5537
f 5537 1469 5538
f 5534 5537 5538
f 1466 5532 5540
f 5532 79 5539
f 5539 1468 5540
f 5532 5539 5540
f 1468 5541 5543
f 5541 387 5542
f 5542 1469 5543
f 5541 5542 5543
f 1466 5540 5537
f 5540 1468 5543
f 5543 1469 5537
f 5540 5543 5537
f 386 5538 5545
f 5538 1469 5544
f 5544 1471 5545
f 5538 5544 5545
f 1469 5542 5547
f 5542 387 5546
f 5546 1470 5547
f 5542 5546 5547
f 1470 5548 5550
f 5548 388 5549
f 5549 1471 5550
f 5548 5549 5550
f 1469 5547 5544
f 5547 1470 5550
f 5550 1471 5544
f 5547 5550 5544
f 388 5548 5552
f 5548 1470 5551
f 5551 1473 5552
f 5548 5551 5552
f 1470 5546 5554
f 5546 387 5553
f 5553 1472 5554
f 5546 5553 5554
f 1472 5555 5557
f 5555 389 5556
f 5556 1473 5557
f 5555 5556 5557
f 1470 5554 5551
f 5554 1472 5557
f 5557 1473 5551
f 5554 5557 5551
f 388 5552 5559
f 5552 1473 5558
f 5558 1475 5559
f 5552 5558 5559
f 1473 5556 5561
f 5556 389 5560
f 5560 1474 5561
f 5556 5560 5561
f 1474 5562 5564
f 5562 51 5563
f 5563 1475 5564
f 5562 5563 5564
f 1473 5561 5558
f 5561 1474 5564
f 5564 1475 5558
f 5561 5564 5558
f 51 5562 1955
f 5562 1474 5565
f 5565 517 1955
f 5562 5565 1955
f 1474 5560 5567
f 5560 389 5566
f 5566 1476 5567
f 5560 5566 5567
f 1476 5568 5569
f 5568 33 1951
f 1951 517 5569
f 5568 1951 5569
f 1474 5567 5565
f 5567 1476 5569
f 5569 517 5565
f 5567 5569 5565
f 135 5570 5572
f 5570 1477 5571
f 5571 1479 5572
f 5570 5571 5572
f 1477 5573 5575
f 5573 390 5574
f 5574 1478 5575
f 5573 5574 5575
f 1478 5576 5578
f 5576 391 5577
f 5577 1479 5578
f 5576 5577 5578
f 1477 5575 5571
f 5575 1478 5578
f 5578 1479 5571
f 5575 5578 5571
f 391 5576 5580
f 5576 1478 5579
f 5579 1481 5580
f 5576 5579 5580
f 1478 5574 5582
f 5574 390 5581
f 5581 1480 5582
f 5574 5581 5582
f 1480 5583 5585
f 5583 392 5584
f 5584 1481 5585
f 5583 5584 5585
f 1478 5582 5579
f 5582 1480 5585
f 5585 1481 5579
f 5582 5585 5579
f 391 5580 5587
f 5580 1481 5586
f 5586 1483 5587
f 5580 5586 5587
f 1481 5584 5589
f 5584 392 5588
f 5588 1482 5589
f 5584 5588 5589
f 1482 5590 5592
f 5590 393 5591
f 5591 1483 5592
f 5590 5591 5592
f 1481 5589 5586
f 5589 1482 5592
f 5592 1483 5586
f 5589 5592 5586
f 393 5590 5594
f 5590 1482 5593
f 5593 1485 5594
f 5590 5593 5594
f 1482 5588 5596
f 5588 392 5595
f 5595 1484 5596
f 5588 5595 5596
f 1484 5597 5599
f 5597 394 5598
f 5598 1485 5599
f 5597 5598 5599
f 1482 5596 5593
f 5596 1484 5599
f 5599 1485 5593
f 5596 5599 5593
f 393 5594 5601
f 5594 1485 5600
f 5600 1487 5601
f 5594 5600 5601
f 1485 5598 5603
f 5598 394 5602
f 5602 1486 5603
f 5598 5602 5603
f 1486 5604 5606
f 5604 395 5605
f 5605 1487 5606
f 5604 5605 5606
f 1485 5603 5600
f 5603 1486 5606
f 5606 1487 5600
f 5603 5606 5600
f 395 5604 5608
f 5604 1486 5607
f 5607 1489 5608
f 5604 5607 5608
f 1486 5602 5610
f 5602 394 5609
f 5609 1488 5610
f 5602 5609 5610
f 1488 5611 5613
f 5611 396 5612
f 5612 1489 5613
f 5611 5612 5613
f 1486 5610 5607
f 5610 1488 5613
f 5613 1489 5607
f 5610 5613 5607
f 395 5608 5615
f 5608 1489 5614
f 5614 1491 5615
f 5608 5614 5615
f 1489 5612 5617
f 5612 396 5616
f 5616 1490 5617
f 5612 5616 5617
f 1490 5618 5620
f 5618 397 5619
f 5619 1491 5620
f 5618 5619 5620
f 1489 5617 5614
f 5617 1490 5620
f 5620 1491 5614
f 5617 5620 5614
f 397 5618 5622
f 5618 1490 5621
f 5621 1493 5622
f 5618 5621 5622
f 1490 5616 5624
f 5616 396 5623
f 5623 1492 5624
f 5616 5623 5624
f 1492 5625 5627
f 5625 398 5626
f 5626 1493 5627
f 5625 5626 5627
f 1490 5624 5621
f 5624 1492 5627
f 5627 1493 5621
f 5624 5627 5621
f 397 5622 5629
f 5622 1493 5628
f 5628 1495 5629
f 5622 5628 5629
f 1493 5626 5631
f 5626 398 5630
f 5630 1494 5631
f 5626 5630 5631
f 1494 5632 5634
f 5632 399 5633
f 5633 1495 5634
f 5632 5633 5634
f 1493 5631 5628
f 5631 1494 5634
f 5634 1495 5628
f 5631 5634 5628
f 399 5632 5636
f 5632 1494 5635
f 5635 1497 5636
f 5632 5635 5636
f 1494 5630 5638
f 5630 398 5637
f 5637 1496 5638
f 5630 5637 5638
f 1496 5639 5641
f 5639 400 5640
f 5640 1497 5641
f 5639 5640 5641
f 1494 5638 5635
f 5638 1496 5641
f 5641 1497 5635
f 5638 5641 5635
f 399 5636 5643
f 5636 1497 5642
f 5642 1499 5643
f 5636 5642 5643
f 1497 5640 5645
f 5640 400 5644
f 5644 1498 5645
f 5640 5644 5645
f 1498 5646 5648
f 5646 71 5647
f 5647 1499 5648
f 5646 5647 5648
f 1497 5645 5642
f 5645 1498 5648
f 5648 1499 5642
f 5645 5648 5642
f 71 5646 5650
f 5646 1498 5649
f 5649 1501 5650
f 5646 5649 5650
f 1498 5644 5652
f 5644 400 5651
f 5651 1500 5652
f 5644 5651 5652
f 1500 5653 5655
f 5653 401 5654
f 5654 1501 5655
f 5653 5654 5655
f 1498 5652 5649
f 5652 1500 5655
f 5655 1501 5649
f 5652 5655 5649
f 390 5656 5581
f 5656 1502 5657
f 5657 1480 5581
f 5656 5657 5581
f 1502 5658 5660
f 5658 402 5659
f 5659 1503 5660
f 5658 5659 5660
f 1503 5661 5662
f 5661 392 5583
f 5583 1480 5662
f 5661 5583 5662
f 1502 5660 5657
f 5660 1503 5662
f 5662 1480 5657
f 5660 5662 5657
f 392 5661 5664
f 5661 1503 5663
f 5663 1505 5664
f 5661 5663 5664
f 1503 5659 5666
f 5659 402 5665
f 5665 1504 5666
f 5659 5665 5666
f 1504 5667 5669
f 5667 403 5668
f 5668 1505 5669
f 5667 5668 5669
f 1503 5666 5663
f 5666 1504 5669
f 5669 1505 5663
f 5666 5669 5663
f 392 5664 5595
f 5664 1505 5670
f 5670 1484 5595
f 5664 5670 5595
f 1505 5668 5672
f 5668 403 5671
f 5671 1506 5672
f 5668 5671 5672
f 1506 5673 5674
f 5673 394 5597
f 5597 1484 5674
f 5673 5597 5674
f 1505 5672 5670
f 5672 1506 5674
f 5674 1484 5670
f 5672 5674 5670
f 394 5673 5676
f 5673 1506 5675
f 5675 1508 5676
f 5673 5675 5676
f 1506 5671 5678
f 5671 403 5677
f 5677 1507 5678
f 5671 5677 5678
f 1507 5679 5681
f 5679 404 5680
f 5680 1508 5681
f 5679 5680 5681
f 1506 5678 5675
f 5678 1507 5681
f 5681 1508 5675
f 5678 5681 5675
f 394 5676 5609
f 5676 1508 5682
f 5682 1488 5609
f 5676 5682 5609
f 1508 5680 5684
f 5680 404 5683
f 5683 1509 5684
f 5680 5683 5684
f 1509 5685 5686
f 5685 396 5611
f 5611 1488 5686
f 5685 5611 5686
f 1508 5684 5682
f 5684 1509 5686
f 5686 1488 5682
f 5684 5686 5682
f 396 5685 5688
f 5685 1509 5687
f 5687 1511 5688
f 5685 5687 5688
f 1509 5683 5690
f 5683 404 5689
f 5689 1510 5690
f 5683 5689 5690
f 1510 5691 5693
f 5691 405 5692
f 5692 1511 5693
f 5691 5692 5693
f 1509 5690 5687
f 5690 1510 5693
f 5693 1511 5687
f 5690 5693 5687
f 396 5688 5623
f 5688 1511 5694
f 5694 1492 5623
f 5688 5694 5623
f 1511 5692 5696
f 5692 405 5695
f 5695 1512 5696
f 5692 5695 5696
f 1512 5697 5698
f 5697 398 5625
f 5625 1492 5698
f 5697 5625 5698
f 1511 5696 5694
f 5696 1512 5698
f 5698 1492 5694
f 5696 5698 5694
f 398 5697 5700
f 5697 1512 5699
f 5699 1514 5700
f 5697 5699 5700
f 1512 5695 5702
f 5695 405 5701
f 5701 1513 5702
f 5695 5701 5702
f 1513 5703 5705
f 5703 406 5704
f 5704 1514 5705
f 5703 5704 5705
f 1512 5702 5699
f 5702 1513 5705
f 5705 1514 5699
f 5702 5705 5699
f 398 5700 5637
f 5700 1514 5706
f 5706 1496 5637
f 5700 5706 5637
f 1514 5704 5708
f 5704 406 5707
f 5707 1515 5708
f 5704 5707 5708
f 1515 5709 5710
f 5709 400 5639
f 5639 1496 5710
f 5709 5639 5710
f 1514 5708 5706
f 5708 1515 5710
f 5710 1496 5706
f 5708 5710 5706
f 400 5709 5712
f 5709 1515 5711
f 5711 1517 5712
f 5709 5711 5712
f 1515 5707 5714
f 5707 406 5713
f 5713 1516 5714
f 5707 5713 5714
f 1516 5715 5717
f 5715 407 5716
f 5716 1517 5717
f 5715 5716 5717
f 1515 5714 5711
f 5714 1516 5717
f 5717 1517 5711
f 5714 5717 5711
f 400 5712 5651
f 5712 1517 5718
f 5718 1500 5651
f 5712 5718 5651
f 1517 5716 5720
f 5716 407 5719
f 5719 1518 5720
f 5716 5719 5720
f 1518 5721 5722
f 5721 401 5653
f 5653 1500 5722
f 5721 5653 5722
f 1517 5720 5718
f 5720 1518 5722
f 5722 1500 5718
f 5720 5722 5718
f 401 5721 5724
f 5721 1518 5723
f 5723 1520 5724
f 5721 5723 5724
f 1518 5719 5726
f 5719 407 5725
f 5725 1519 5726
f 5719 5725 5726
f 1519 5727 5729
f 5727 408 5728
f 5728 1520 5729
f 5727 5728 5729
f 1518 5726 5723
f 5726 1519 5729
f 5729 1520 5723
f 5726 5729 5723
f 402 5730 5665
f 5730 1521 5731
f 5731 1504 5665
f 5730 5731 5665
f 1521 5732 5734
f 5732 66 5733
f 5733 1522 5734
f 5732 5733 5734
f 1522 5735 5736
f 5735 403 5667
f 5667 1504 5736
f 5735 5667 5736
f 1521 5734 5731
f 5734 1522 5736
f 5736 1504 5731
f 5734 5736 5731
f 403 5735 5738
f 5735 1522 5737
f 5737 1523 5738
f 5735 5737 5738
f 1522 5733 5739
f 5733 66 2104
f 2104 559 5739
f 5733 2104 5739
f 559 2108 5741
f 2108 67 5740
f 5740 1523 5741
f 2108 5740 5741
f 1522 5739 5737
f 5739 559 5741
f 5741 1523 5737
f 5739 5741 5737
f 403 5738 5677
f 5738 1523 5742
f 5742 1507 5677
f 5738 5742 5677
f 1523 5740 5744
f 5740 67 5743
f 5743 1524 5744
f 5740 5743 5744
f 1524 5745 5746
f 5745 404 5679
f 5679 1507 5746
f 5745 5679 5746
f 1523 5744 5742
f 5744 1524 5746
f 5746 1507 5742
f 5744 5746 5742
f 404 5745 5748
f 5745 1524 5747
f 5747 1525 5748
f 5745 5747 5748
f 1524 5743 5749
f 5743 67 2118
f 2118 563 5749
f 5743 2118 5749
f 563 2122 5751
f 2122 69 5750
f 5750 1525 5751
f 2122 5750 5751
f 1524 5749 5747
f 5749 563 5751
f 5751 1525 5747
f 5749 5751 5747
f 404 5748 5689
f 5748 1525 5752
f 5752 1510 5689
f 5748 5752 5689
f 1525 5750 5754
f 5750 69 5753
f 5753 1526 5754
f 5750 5753 5754
f 1526 5755 5756
f 5755 405 5691
f 5691 1510 5756
f 5755 5691 5756
f 1525 5754 5752
f 5754 1526 5756
f 5756 1510 5752
f 5754 5756 5752
f 405 5755 5758
f 5755 1526 5757
f 5757 1527 5758
f 5755 5757 5758
f 1526 5753 5759
f 5753 69 2121
f 2121 562 5759
f 5753 2121 5759
f 562 2119 5761
f 2119 68 5760
f 5760 1527 5761
f 2119 5760 5761
f 1526 5759 5757
f 5759 562 5761
f 5761 1527 5757
f 5759 5761 5757
f 405 5758 5701
f 5758 1527 5762
f 5762 1513 5701
f 5758 5762 5701
f 1527 5760 5764
f 5760 68 5763
f 5763 1528 5764
f 5760 5763 5764
f 1528 5765 5766
f 5765 406 5703
f 5703 1513 5766
f 5765 5703 5766
f 1527 5764 5762
f 5764 1528 5766
f 5766 1513 5762
f 5764 5766 5762
f 406 5765 5768
f 5765 1528 5767
f 5767 1529 5768
f 5765 5767 5768
f 1528 5763 5769
f 5763 68 2114
f 2114 560 5769
f 5763 2114 5769
f 560 2112 5771
f 2112 28 5770
f 5770 1529 5771
f 2112 5770 5771
f 1528 5769 5767
f 5769 560 5771
f 5771 1529 5767
f 5769 5771 5767
f 406 5768 5713
f 5768 1529 5772
f 5772 1516 5713
f 5768 5772 5713
f 1529 5770 5774
f 5770 28 5773
f 5773 1530 5774
f 5770 5773 5774
f 1530 5775 5776
f 5775 407 5715
f 5715 1516 5776
f 5775 5715 5776
f 1529 5774 5772
f 5774 1530 5776
f 5776 1516 5772
f 5774 5776 5772
f 407 5775 5778
f 5775 1530 5777
f 5777 1531 5778
f 5775 5777 5778
f 1530 5773 5779
f 5773 28 1822
f 1822 477 5779
f 5773 1822 5779
f 477 1820 5781
f 1820 27 5780
f 5780 1531 5781
f 1820 5780 5781
f 1530 5779 5777
f 5779 477 5781
f 5781 1531 5777
f 5779 5781 5777
f 407 5778 5725
f 5778 1531 5782
f 5782 1519 5725
f 5778 5782 5725
f 1531 5780 5784
f 5780 27 5783
f 5783 1532 5784
f 5780 5783 5784
f 1532 5785 5786
f 5785 408 5727
f 5727 1519 5786
f 5785 5727 5786
f 1531 5784 5782
f 5784 1532 5786
f 5786 1519 5782
f 5784 5786 5782
f 408 5785 5788
f 5785 1532 5787
f 5787 1533 5788
f 5785 5787 5788
f 1532 5783 5789
f 5783 27 2024
f 2024 537 5789
f 5783 2024 5789
f 537 2028 5791
f 2028 59 5790
f 5790 1533 5791
f 2028 5790 5791
f 1532 5789 5787
f 5789 537 5791
f 5791 1533 5787
f 5789 5791 5787
f 254 5792 3713
f 5792 1534 5793
f 5793 1000 3713
f 5792 5793 3713
f 1534 5794 5796
f 5794 356 5795
f 5795 1535 5796
f 5794 5795 5796
f 1535 5797 5798
f 5797 247 3709
f 3709 1000 5798
f 5797 3709 5798
f 1534 5796 5793
f 5796 1535 5798
f 5798 1000 5793
f 5796 5798 5793
f 247 5797 5800
f 5797 1535 5799
f 5799 1536 5800
f 5797 5799 5800
f 1535 5795 5801
f 5795 356 5101
f 5101 1356 5801
f 5795 5101 5801
f 1356 5099 5803
f 5099 355 5802
f 5802 1536 5803
f 5099 5802 5803
f 1535 5801 5799
f 5801 1356 5803
f 5803 1536 5799
f 5801 5803 5799
f 247 5800 3676
f 5800 1536 5804
f 5804 989 3676
f 5800 5804 3676
f 1536 5802 5806
f 5802 355 5805
f 5805 1537 5806
f 5802 5805 5806
f 1537 5807 5808
f 5807 246 3672
f 3672 989 5808
f 5807 3672 5808
f 1536 5806 5804
f 5806 1537 5808
f 5808 989 5804
f 5806 5808 5804
f 246 5807 5810
f 5807 1537 5809
f 5809 1538 5810
f 5807 5809 5810
f 1537 5805 5811
f 5805 355 5091
f 5091 1353 5811
f 5805 5091 5811
f 1353 5088 5813
f 5088 354 5812
f 5812 1538 5813
f 5088 5812 5813
f 1537 5811 5809
f 5811 1353 5813
f 5813 1538 5809
f 5811 5813 5809
f 246 5810 3669
f 5810 1538 5814
f 5814 987 3669
f 5810 5814 3669
f 1538 5812 5816
f 5812 354 5815
f 5815 1539 5816
f 5812 5815 5816
f 1539 5817 5818
f 5817 244 3665
f 3665 987 5818
f 5817 3665 5818
f 1538 5816 5814
f 5816 1539 5818
f 5818 987 5814
f 5816 5818 5814
f 244 5817 4391
f 5817 1539 5819
f 5819 1174 4391
f 5817 5819 4391
f 1539 5815 5820
f 5815 354 5090
f 5090 1355 5820
f 5815 5090 5820
f 1355 5095 5821
f 5095 300 4386
f 4386 1174 5821
f 5095 4386 5821
f 1539 5820 5819
f 5820 1355 5821
f 5821 1174 5819
f 5820 5821 5819
f 71 5822 5647
f 5822 1540 5823
f 5823 1499 5647
f 5822 5823 5647
f 1540 5824 5826
f 5824 76 5825
f 5825 1541 5826
f 5824 5825 5826
f 1541 5827 5828
f 5827 399 5643
f 5643 1499 5828
f 5827 5643 5828
f 1540 5826 5823
f 5826 1541 5828
f 5828 1499 5823
f 5826 5828 5823
f 399 5827 5830
f 5827 1541 5829
f 5829 1542 5830
f 5827 5829 5830
f 1541 5825 5831
f 5825 76 4867
f 4867 1293 5831
f 5825 4867 5831
f 1293 4865 5833
f 4865 337 5832
f 5832 1542 5833
f 4865 5832 5833
f 1541 5831 5829
f 5831 1293 5833
f 5833 1542 5829
f 5831 5833 5829
f 399 5830 5633
f 5830 1542 5834
f 5834 1495 5633
f 5830 5834 5633
f 1542 5832 5836
f 5832 337 5835
f 5835 1543 5836
f 5832 5835 5836
f 1543 5837 5838
f 5837 397 5629
f 5629 1495 5838
f 5837 5629 5838
f 1542 5836 5834
f 5836 1543 5838
f 5838 1495 5834
f 5836 5838 5834
f 397 5837 5840
f 5837 1543 5839
f 5839 1544 5840
f 5837 5839 5840
f 1543 5835 5841
f 5835 337 4855
f 4855 1290 5841
f 5835 4855 5841
f 1290 4853 5843
f 4853 336 5842
f 5842 1544 5843
f 4853 5842 5843
f 1543 5841 5839
f 5841 1290 5843
f 5843 1544 5839
f 5841 5843 5839
f 397 5840 5619
f 5840 1544 5844
f 5844 1491 5619
f 5840 5844 5619
f 1544 5842 5846
f 5842 336 5845
f 5845 1545 5846
f 5842 5845 5846
f 1545 5847 5848
f 5847 395 5615
f 5615 1491 5848
f 5847 5615 5848
f 1544 5846 5844
f 5846 1545 5848
f 5848 1491 5844
f 5846 5848 5844
f 395 5847 5850
f 5847 1545 5849
f 5849 1546 5850
f 5847 5849 5850
f 1545 5845 5851
f 5845 336 4843
f 4843 1287 5851
f 5845 4843 5851
f 1287 4841 5853
f 4841 335 5852
f 5852 1546 5853
f 4841 5852 5853
f 1545 5851 5849
f 5851 1287 5853
f 5853 1546 5849
f 5851 5853 5849
f 395 5850 5605
f 5850 1546 5854
f 5854 1487 5605
f 5850 5854 5605
f 1546 5852 5856
f 5852 335 5855
f 5855 1547 5856
f 5852 5855 5856
f 1547 5857 5858
f 5857 393 5601
f 5601 1487 5858
f 5857 5601 5858
f 1546 5856 5854
f 5856 1547 5858
f 5858 1487 5854
f 5856 5858 5854
f 393 5857 5860
f 5857 1547 5859
f 5859 1548 5860
f 5857 5859 5860
f 1547 5855 5861
f 5855 335 4831
f 4831 1284 5861
f 5855 4831 5861
f 1284 4829 5863
f 4829 334 5862
f 5862 1548 5863
f 4829 5862 5863
f 1547 5861 5859
f 5861 1284 5863
f 5863 1548 5859
f 5861 5863 5859
f 393 5860 5591
f 5860 1548 5864
f 5864 1483 5591
f 5860 5864 5591
f 1548 5862 5866
f 5862 334 5865
f 5865 1549 5866
f 5862 5865 5866
f 1549 5867 5868
f 5867 391 5587
f 5587 1483 5868
f 5867 5587 5868
f 1548 5866 5864
f 5866 1549 5868
f 5868 1483 5864
f 5866 5868 5864
f 391 5867 5870
f 5867 1549 5869
f 5869 1550 5870
f 5867 5869 5870
f 1549 5865 5871
f 5865 334 4819
f 4819 1281 5871
f 5865 4819 5871
f 1281 4817 5873
f 4817 333 5872
f 5872 1550 5873
f 4817 5872 5873
f 1549 5871 5869
f 5871 1281 5873
f 5873 1550 5869
f 5871 5873 5869
f 391 5870 5577
f 5870 1550 5874
f 5874 1479 5577
f 5870 5874 5577
f 1550 5872 5876
f 5872 333 5875
f 5875 1551 5876
f 5872 5875 5876
f 1551 5877 5878
f 5877 135 5572
f 5572 1479 5878
f 5877 5572 5878
f 1550 5876 5874
f 5876 1551 5878
f 5878 1479 5874
f 5876 5878 5874
f 135 5877 5880
f 5877 1551 5879
f 5879 1552 5880
f 5877 5879 5880
f 1551 5875 5881
f 5875 333 4807
f 4807 1278 5881
f 5875 4807 5881
f 1278 4805 5883
f 4805 132 5882
f 5882 1552 5883
f 4805 5882 5883
f 1551 5881 5879
f 5881 1278 5883
f 5883 1552 5879
f 5881 5883 5879
f 188 3428 5015
f 3428 920 5884
f 5884 1333 5015
f 3428 5884 5015
f 920 3430 5886
f 3430 38 5885
f 5885 1553 5886
f 3430 5885 5886
f 1553 5887 5888
f 5887 348 5011
f 5011 1333 5888
f 5887 5011 5888
f 920 5886 5884
f 5886 1553 5888
f 5888 1333 5884
f 5886 5888 5884
f 348 5887 5890
f 5887 1553 5889
f 5889 1554 5890
f 5887 5889 5890
f 1553 5885 5891
f 5885 38 1947
f 1947 514 5891
f 5885 1947 5891
f 514 1945 5893
f 1945 50 5892
f 5892 1554 5893
f 1945 5892 5893
f 1553 5891 5889
f 5891 514 5893
f 5893 1554 5889
f 5891 5893 5889
f 348 5890 5003
f 5890 1554 5894
f 5894 1330 5003
f 5890 5894 5003
f 1554 5892 5896
f 5892 50 5895
f 5895 1555 5896
f 5892 5895 5896
f 1555 5897 5898
f 5897 347 4999
f 4999 1330 5898
f 5897 4999 5898
f 1554 5896 5894
f 5896 1555 5898
f 5898 1330 5894
f 5896 5898 5894
f 347 5897 5900
f 5897 1555 5899
f 5899 1556 5900
f 5897 5899 5900
f 1555 5895 5901
f 5895 50 1938
f 1938 512 5901
f 5895 1938 5901
f 512 1936 5903
f 1936 35 5902
f 5902 1556 5903
f 1936 5902 5903
f 1555 5901 5899
f 5901 512 5903
f 5903 1556 5899
f 5901 5903 5899
f 347 5900 4991
f 5900 1556 5904
f 5904 1327 4991
f 5900 5904 4991
f 1556 5902 5906
f 5902 35 5905
f 5905 1557 5906
f 5902 5905 5906
f 1557 5907 5908
f 5907 346 4986
f 4986 1327 5908
f 5907 4986 5908
f 1556 5906 5904
f 5906 1557 5908
f 5908 1327 5904
f 5906 5908 5904
f 346 5907 5910
f 5907 1557 5909
f 5909 1558 5910
f 5907 5909 5910
f 1557 5905 5911
f 5905 35 2075
f 2075 550 5911
f 5905 2075 5911
f 550 2073 5913
f 2073 64 5912
f 5912 1558 5913
f 2073 5912 5913
f 1557 5911 5909
f 5911 550 5913
f 5913 1558 5909
f 5911 5913 5909
f 240 3606 5167
f 3606 970 5914
f 5914 1374 5167
f 3606 5914 5167
f 970 3608 5916
f 3608 46 5915
f 5915 1559 5916
f 3608 5915 5916
f 1559 5917 5918
f 5917 288 5169
f 5169 1374 5918
f 5917 5169 5918
f 970 5916 5914
f 5916 1559 5918
f 5918 1374 5914
f 5916 5918 5914
f 288 5917 4223
f 5917 1559 5919
f 5919 1129 4223
f 5917 5919 4223
f 1559 5915 5920
f 5915 46 1923
f 1923 509 5920
f 5915 1923 5920
f 509 1927 5921
f 1927 48 4226
f 4226 1129 5921
f 1927 4226 5921
f 1559 5920 5919
f 5920 509 5921
f 5921 1129 5919
f 5920 5921 5919
f 409 5922 5924
f 5922 1560 5923
f 5923 1562 5924
f 5922 5923 5924
f 1560 5925 5927
f 5925 371 5926
f 5926 1561 5927
f 5925 5926 5927
f 1561 5928 5930
f 5928 410 5929
f 5929 1562 5930
f 5928 5929 5930
f 1560 5927 5923
f 5927 1561 5930
f 5930 1562 5923
f 5927 5930 5923
f 410 5928 5932
f 5928 1561 5931
f 5931 1564 5932
f 5928 5931 5932
f 1561 5926 5934
f 5926 371 5933
f 5933 1563 5934
f 5926 5933 5934
f 1563 5935 5937
f 5935 411 5936
f 5936 1564 5937
f 5935 5936 5937
f 1561 5934 5931
f 5934 1563 5937
f 5937 1564 5931
f 5934 5937 5931
f 410 5932 5939
f 5932 1564 5938
f 5938 1566 5939
f 5932 5938 5939
f 1564 5936 5941
f 5936 411 5940
f 5940 1565 5941
f 5936 5940 5941
f 1565 5942 5944
f 5942 139 5943
f 5943 1566 5944
f 5942 5943 5944
f 1564 5941 5938
f 5941 1565 5944
f 5944 1566 5938
f 5941 5944 5938
f 139 5942 2642
f 5942 1565 5945
f 5945 712 2642
f 5942 5945 2642
f 1565 5940 5947
f 5940 411 5946
f 5946 1567 5947
f 5940 5946 5947
f 1567 5948 5949
f 5948 140 2645
f 2645 712 5949
f 5948 2645 5949
f 1565 5947 5945
f 5947 1567 5949
f 5949 712 5945
f 5947 5949 5945
f 12 5950 5952
f 5950 1568 5951
f 5951 1570 5952
f 5950 5951 5952
f 1568 5953 5955
f 5953 409 5954
f 5954 1569 5955
f 5953 5954 5955
f 1569 5956 5958
f 5956 412 5957
f 5957 1570 5958
f 5956 5957 5958
f 1568 5955 5951
f 5955 1569 5958
f 5958 1570 5951
f 5955 5958 5951
f 412 5956 5960
f 5956 1569 5959
f 5959 1571 5960
f 5956 5959 5960
f 1569 5954 5961
f 5954 409 5924
f 5924 1562 5961
f 5954 5924 5961
f 1562 5929 5963
f 5929 410 5962
f 5962 1571 5963
f 5929 5962 5963
f 1569 5961 5959
f 5961 1562 5963
f 5963 1571 5959
f 5961 5963 5959
f 412 5960 5965
f 5960 1571 5964
f 5964 1573 5965
f 5960 5964 5965
f 1571 5962 5967
f 5962 410 5966
f 5966 1572 5967
f 5962 5966 5967
f 1572 5968 5970
f 5968 1 5969
f 5969 1573 5970
f 5968 5969 5970
f 1571 5967 5964
f 5967 1572 5970
f 5970 1573 5964
f 5967 5970 5964
f 1 5968 2672
f 5968 1572 5971
f 5971 721 2672
f 5968 5971 2672
f 1572 5966 5972
f 5966 410 5939
f 5939 1566 5972
f 5966 5939 5972
f 1566 5943 5973
f 5943 139 2675
f 2675 721 5973
f 5943 2675 5973
f 1572 5972 5971
f 5972 1566 5973
f 5973 721 5971
f 5972 5973 5971
f 287 5974 4221
f 5974 1574 5975
f 5975 1128 4221
f 5974 5975 4221
f 1574 5976 5978
f 5976 361 5977
f 5977 1575 5978
f 5976 5977 5978
f 1575 5979 5980
f 5979 251 4217
f 4217 1128 5980
f 5979 4217 5980
f 1574 5978 5975
f 5978 1575 5980
f 5980 1128 5975
f 5978 5980 5975
f 251 5979 3738
f 5979 1575 5981
f 5981 1007 3738
f 5979 5981 3738
f 1575 5977 5982
f 5977 361 5173
f 5173 1377 5982
f 5977 5173 5982
f 1377 5178 5983
f 5178 24 3740
f 3740 1007 5983
f 5178 3740 5983
f 1575 5982 5981
f 5982 1377 5983
f 5983 1007 5981
f 5982 5983 5981
f 286 4208 4218
f 4208 1124 5984
f 5984 1127 4218
f 4208 5984 4218
f 1124 4206 5986
f 4206 285 5985
f 5985 1576 5986
f 4206 5985 5986
f 1576 5987 5988
f 5987 287 4220
f 4220 1127 5988
f 5987 4220 5988
f 1124 5986 5984
f 5986 1576 5988
f 5988 1127 5984
f 5986 5988 5984
f 287 5987 5990
f 5987 1576 5989
f 5989 1577 5990
f 5987 5989 5990
f 1576 5985 5991
f 5985 285 4196
f 4196 1121 5991
f 5985 4196 5991
f 1121 4194 5993
f 4194 284 5992
f 5992 1577 5993
f 4194 5992 5993
f 1576 5991 5989
f 5991 1121 5993
f 5993 1577 5989
f 5991 5993 5989
f 287 5990 5974
f 5990 1577 5994
f 5994 1574 5974
f 5990 5994 5974
f 1577 5992 5996
f 5992 284 5995
f 5995 1578 5996
f 5992 5995 5996
f 1578 5997 5998
f 5997 361 5976
f 5976 1574 5998
f 5997 5976 5998
f 1577 5996 5994
f 5996 1578 5998
f 5998 1574 5994
f 5996 5998 5994
f 361 5997 6000
f 5997 1578 5999
f 5999 1580 6000
f 5997 5999 6000
f 1578 5995 6002
f 5995 284 6001
f 6001 1579 6002
f 5995 6001 6002
f 1579 6003 6005
f 6003 264 6004
f 6004 1580 6005
f 6003 6004 6005
f 1578 6002 5999
f 6002 1579 6005
f 6005 1580 5999
f 6002 6005 5999
f 361 6000 5171
f 6000 1580 6006
f 6006 1375 5171
f 6000 6006 5171
f 1580 6004 6007
f 6004 264 3886
f 3886 1044 6007
f 6004 3886 6007
f 1044 3884 6008
f 3884 263 5174
f 5174 1375 6008
f 3884 5174 6008
f 1580 6007 6006
f 6007 1044 6008
f 6008 1375 6006
f 6007 6008 6006
f 199 4364 3248
f 4364 1167 6009
f 6009 871 3248
f 4364 6009 3248
f 1167 4368 6011
f 4368 224 6010
f 6010 1581 6011
f 4368 6010 6011
f 1581 6012 6013
f 6012 198 3244
f 3244 871 6013
f 6012 3244 6013
f 1167 6011 6009
f 6011 1581 6013
f 6013 871 6009
f 6011 6013 6009
f 198 6012 3796
f 6012 1581 6014
f 6014 1021 3796
f 6012 6014 3796
f 1581 6010 6016
f 6010 224 6015
f 6015 1582 6016
f 6010 6015 6016
f 1582 6017 6018
f 6017 21 3798
f 3798 1021 6018
f 6017 3798 6018
f 1581 6016 6014
f 6016 1582 6018
f 6018 1021 6014
f 6016 6018 6014
f 254 3723 5792
f 3723 1004 6019
f 6019 1534 5792
f 3723 6019 5792
f 1004 3727 6021
f 3727 25 6020
f 6020 1583 6021
f 3727 6020 6021
f 1583 6022 6023
f 6022 356 5794
f 5794 1534 6023
f 6022 5794 6023
f 1004 6021 6019
f 6021 1583 6023
f 6023 1534 6019
f 6021 6023 6019
f 356 6022 5111
f 6022 1583 6024
f 6024 1359 5111
f 6022 6024 5111
f 1583 6020 6025
f 6020 25 2619
f 2619 707 6025
f 6020 2619 6025
f 707 2623 6026
f 2623 137 5113
f 5113 1359 6026
f 2623 5113 6026
f 1583 6025 6024
f 6025 707 6026
f 6026 1359 6024
f 6025 6026 6024
f 234 3555 3567
f 3555 955 6027
f 6027 959 3567
f 3555 6027 3567
f 955 3553 6029
f 3553 232 6028
f 6028 1584 6029
f 3553 6028 6029
f 1584 6030 6031
f 6030 236 3569
f 3569 959 6031
f 6030 3569 6031
f 955 6029 6027
f 6029 1584 6031
f 6031 959 6027
f 6029 6031 6027
f 236 6030 6033
f 6030 1584 6032
f 6032 1585 6033
f 6030 6032 6033
f 1584 6028 6034
f 6028 232 3541
f 3541 951 6034
f 6028 3541 6034
f 951 3539 6036
f 3539 147 6035
f 6035 1585 6036
f 3539 6035 6036
f 1584 6034 6032
f 6034 951 6036
f 6036 1585 6032
f 6034 6036 6032
f 236 6033 5306
f 6033 1585 6037
f 6037 1411 5306
f 6033 6037 5306
f 1585 6035 6039
f 6035 147 6038
f 6038 1586 6039
f 6035 6038 6039
f 1586 6040 6041
f 6040 371 5308
f 5308 1411 6041
f 6040 5308 6041
f 1585 6039 6037
f 6039 1586 6041
f 6041 1411 6037
f 6039 6041 6037
f 371 6040 6043
f 6040 1586 6042
f 6042 1587 6043
f 6040 6042 6043
f 1586 6038 6044
f 6038 147 2708
f 2708 732 6044
f 6038 2708 6044
f 732 2712 6046
f 2712 144 6045
f 6045 1587 6046
f 2712 6045 6046
f 1586 6044 6042
f 6044 732 6046
f 6046 1587 6042
f 6044 6046 6042
f 371 6043 6048
f 6043 1587 6047
f 6047 1589 6048
f 6043 6047 6048
f 1587 6045 6050
f 6045 144 6049
f 6049 1588 6050
f 6045 6049 6050
f 1588 6051 6053
f 6051 140 6052
f 6052 1589 6053
f 6051 6052 6053
f 1587 6050 6047
f 6050 1588 6053
f 6053 1589 6047
f 6050 6053 6047
f 413 6054 6056
f 6054 1590 6055
f 6055 1592 6056
f 6054 6055 6056
f 1590 6057 6059
f 6057 414 6058
f 6058 1591 6059
f 6057 6058 6059
f 1591 6060 6062
f 6060 211 6061
f 6061 1592 6062
f 6060 6061 6062
f 1590 6059 6055
f 6059 1591 6062
f 6062 1592 6055
f 6059 6062 6055
f 209 3305 6064
f 3305 887 6063
f 6063 1594 6064
f 3305 6063 6064
f 887 3303 6066
f 3303 207 6065
f 6065 1593 6066
f 3303 6065 6066
f 1593 6067 6069
f 6067 415 6068
f 6068 1594 6069
f 6067 6068 6069
f 887 6066 6063
f 6066 1593 6069
f 6069 1594 6063
f 6066 6069 6063
f 415 6067 6071
f 6067 1593 6070
f 6070 1595 6071
f 6067 6070 6071
f 1593 6065 6072
f 6065 207 3291
f 3291 883 6072
f 6065 3291 6072
f 883 3289 6074
f 3289 205 6073
f 6073 1595 6074
f 3289 6073 6074
f 1593 6072 6070
f 6072 883 6074
f 6074 1595 6070
f 6072 6074 6070
f 415 6071 6076
f 6071 1595 6075
f 6075 1597 6076
f 6071 6075 6076
f 1595 6073 6078
f 6073 205 6077
f 6077 1596 6078
f 6073 6077 6078
f 1596 6079 6081
f 6079 416 6080
f 6080 1597 6081
f 6079 6080 6081
f 1595 6078 6075
f 6078 1596 6081
f 6081 1597 6075
f 6078 6081 6075
f 416 6079 6083
f 6079 1596 6082
f 6082 1598 6083
f 6079 6082 6083
f 1596 6077 6084
f 6077 205 3277
f 3277 879 6084
f 6077 3277 6084
f 879 3275 6086
f 3275 203 6085
f 6085 1598 6086
f 3275 6085 6086
f 1596 6084 6082
f 6084 879 6086
f 6086 1598 6082
f 6084 6086 6082
f 416 6083 6088
f 6083 1598 6087
f 6087 1600 6088
f 6083 6087 6088
f 1598 6085 6090
f 6085 203 6089
f 6089 1599 6090
f 6085 6089 6090
f 1599 6091 6093
f 6091 417 6092
f 6092 1600 6093
f 6091 6092 6093
f 1598 6090 6087
f 6090 1599 6093
f 6093 1600 6087
f 6090 6093 6087
f 417 6091 6095
f 6091 1599 6094
f 6094 1601 6095
f 6091 6094 6095
f 1599 6089 6096
f 6089 203 3263
f 3263 875 6096
f 6089 3263 6096
f 875 3261 6098
f 3261 201 6097
f 6097 1601 6098
f 3261 6097 6098
f 1599 6096 6094
f 6096 875 6098
f 6098 1601 6094
f 6096 6098 6094
f 417 6095 6100
f 6095 1601 6099
f 6099 1603 6100
f 6095 6099 6100
f 1601 6097 6102
f 6097 201 6101
f 6101 1602 6102
f 6097 6101 6102
f 1602 6103 6105
f 6103 418 6104
f 6104 1603 6105
f 6103 6104 6105
f 1601 6102 6099
f 6102 1602 6105
f 6105 1603 6099
f 6102 6105 6099
f 418 6103 6107
f 6103 1602 6106
f 6106 1604 6107
f 6103 6106 6107
f 1602 6101 6108
f 6101 201 3253
f 3253 872 6108
f 6101 3253 6108
f 872 3250 6110
f 3250 200 6109
f 6109 1604 6110
f 3250 6109 6110
f 1602 6108 6106
f 6108 872 6110
f 6110 1604 6106
f 6108 6110 6106
f 418 6107 6112
f 6107 1604 6111
f 6111 1606 6112
f 6107 6111 6112
f 1604 6109 6114
f 6109 200 6113
f 6113 1605 6114
f 6109 6113 6114
f 1605 6115 6117
f 6115 419 6116
f 6116 1606 6117
f 6115 6116 6117
f 1604 6114 6111
f 6114 1605 6117
f 6117 1606 6111
f 6114 6117 6111
f 420 6118 6120
f 6118 1607 6119
f 6119 1609 6120
f 6118 6119 6120
f 1607 6121 6123
f 6121 421 6122
f 6122 1608 6123
f 6121 6122 6123
f 1608 6124 6126
f 6124 413 6125
f 6125 1609 6126
f 6124 6125 6126
f 1607 6123 6119
f 6123 1608 6126
f 6126 1609 6119
f 6123 6126 6119
f 413 6124 6128
f 6124 1608 6127
f 6127 1611 6128
f 6124 6127 6128
f 1608 6122 6130
f 6122 421 6129
f 6129 1610 6130
f 6122 6129 6130
f 1610 6131 6133
f 6131 422 6132
f 6132 1611 6133
f 6131 6132 6133
f 1608 6130 6127
f 6130 1610 6133
f 6133 1611 6127
f 6130 6133 6127
f 413 6128 6054
f 6128 1611 6134
f 6134 1590 6054
f 6128 6134 6054
f 1611 6132 6136
f 6132 422 6135
f 6135 1612 6136
f 6132 6135 6136
f 1612 6137 6138
f 6137 414 6057
f 6057 1590 6138
f 6137 6057 6138
f 1611 6136 6134
f 6136 1612 6138
f 6138 1590 6134
f 6136 6138 6134
f 419 6139 6116
f 6139 1613 6140
f 6140 1606 6116
f 6139 6140 6116
f 1613 6141 6143
f 6141 423 6142
f 6142 1614 6143
f 6141 6142 6143
f 1614 6144 6145
f 6144 418 6112
f 6112 1606 6145
f 6144 6112 6145
f 1613 6143 6140
f 6143 1614 6145
f 6145 1606 6140
f 6143 6145 6140
f 418 6144 6147
f 6144 1614 6146
f 6146 1616 6147
f 6144 6146 6147
f 1614 6142 6149
f 6142 423 6148
f 6148 1615 6149
f 6142 6148 6149
f 1615 6150 6152
f 6150 424 6151
f 6151 1616 6152
f 6150 6151 6152
f 1614 6149 6146
f 6149 1615 6152
f 6152 1616 6146
f 6149 6152 6146
f 418 6147 6104
f 6147 1616 6153
f 6153 1603 6104
f 6147 6153 6104
f 1616 6151 6155
f 6151 424 6154
f 6154 1617 6155
f 6151 6154 6155
f 1617 6156 6157
f 6156 417 6100
f 6100 1603 6157
f 6156 6100 6157
f 1616 6155 6153
f 6155 1617 6157
f 6157 1603 6153
f 6155 6157 6153
f 417 6156 6159
f 6156 1617 6158
f 6158 1619 6159
f 6156 6158 6159
f 1617 6154 6161
f 6154 424 6160
f 6160 1618 6161
f 6154 6160 6161
f 1618 6162 6164
f 6162 425 6163
f 6163 1619 6164
f 6162 6163 6164
f 1617 6161 6158
f 6161 1618 6164
f 6164 1619 6158
f 6161 6164 6158
f 417 6159 6092
f 6159 1619 6165
f 6165 1600 6092
f 6159 6165 6092
f 1619 6163 6167
f 6163 425 6166
f 6166 1620 6167
f 6163 6166 6167
f 1620 6168 6169
f 6168 416 6088
f 6088 1600 6169
f 6168 6088 6169
f 1619 6167 6165
f 6167 1620 6169
f 6169 1600 6165
f 6167 6169 6165
f 416 6168 6171
f 6168 1620 6170
f 6170 1622 6171
f 6168 6170 6171
f 1620 6166 6173
f 6166 425 6172
f 6172 1621 6173
f 6166 6172 6173
f 1621 6174 6176
f 6174 426 6175
f 6175 1622 6176
f 6174 6175 6176
f 1620 6173 6170
f 6173 1621 6176
f 6176 1622 6170
f 6173 6176 6170
f 416 6171 6080
f 6171 1622 6177
f 6177 1597 6080
f 6171 6177 6080
f 1622 6175 6179
f 6175 426 6178
f 6178 1623 6179
f 6175 6178 6179
f 1623 6180 6181
f 6180 415 6076
f 6076 1597 6181
f 6180 6076 6181
f 1622 6179 6177
f 6179 1623 6181
f 6181 1597 6177
f 6179 6181 6177
f 118 6182 2475
f 6182 1624 6183
f 6183 665 2475
f 6182 6183 2475
f 1624 6184 6186
f 6184 422 6185
f 6185 1625 6186
f 6184 6185 6186
f 1625 6187 6188
f 6187 120 2477
f 2477 665 6188
f 6187 2477 6188
f 1624 6186 6183
f 6186 1625 6188
f 6188 665 6183
f 6186 6188 6183
f 120 6187 6190
f 6187 1625 6189
f 6189 1626 6190
f 6187 6189 6190
f 1625 6185 6191
f 6185 422 6131
f 6131 1610 6191
f 6185 6131 6191
f 1610 6129 6193
f 6129 421 6192
f 6192 1626 6193
f 6129 6192 6193
f 1625 6191 6189
f 6191 1610 6193
f 6193 1626 6189
f 6191 6193 6189
f 120 6190 2489
f 6190 1626 6194
f 6194 669 2489
f 6190 6194 2489
f 1626 6192 6196
f 6192 421 6195
f 6195 1627 6196
f 6192 6195 6196
f 1627 6197 6198
f 6197 122 2491
f 2491 669 6198
f 6197 2491 6198
f 1626 6196 6194
f 6196 1627 6198
f 6198 669 6194
f 6196 6198 6194
f 122 6197 6200
f 6197 1627 6199
f 6199 1628 6200
f 6197 6199 6200
f 1627 6195 6201
f 6195 421 6121
f 6121 1607 6201
f 6195 6121 6201
f 1607 6118 6203
f 6118 420 6202
f 6202 1628 6203
f 6118 6202 6203
f 1627 6201 6199
f 6201 1607 6203
f 6203 1628 6199
f 6201 6203 6199
f 122 6200 2503
f 6200 1628 6204
f 6204 673 2503
f 6200 6204 2503
f 1628 6202 6206
f 6202 420 6205
f 6205 1629 6206
f 6202 6205 6206
f 1629 6207 6208
f 6207 124 2505
f 2505 673 6208
f 6207 2505 6208
f 1628 6206 6204
f 6206 1629 6208
f 6208 673 6204
f 6206 6208 6204
f 211 3319 6061
f 3319 891 6209
f 6209 1592 6061
f 3319 6209 6061
f 891 3317 6211
f 3317 209 6210
f 6210 1630 6211
f 3317 6210 6211
f 1630 6212 6213
f 6212 413 6056
f 6056 1592 6213
f 6212 6056 6213
f 891 6211 6209
f 6211 1630 6213
f 6213 1592 6209
f 6211 6213 6209
f 413 6212 6215
f 6212 1630 6214
f 6214 1631 6215
f 6212 6214 6215
f 1630 6210 6216
f 6210 209 6064
f 6064 1594 6216
f 6210 6064 6216
f 1594 6068 6218
f 6068 415 6217
f 6217 1631 6218
f 6068 6217 6218
f 1630 6216 6214
f 6216 1594 6218
f 6218 1631 6214
f 6216 6218 6214
f 413 6215 6125
f 6215 1631 6219
f 6219 1609 6125
f 6215 6219 6125
f 1631 6217 6221
f 6217 415 6220
f 6220 1632 6221
f 6217 6220 6221
f 1632 6222 6223
f 6222 420 6120
f 6120 1609 6223
f 6222 6120 6223
f 1631 6221 6219
f 6221 1632 6223
f 6223 1609 6219
f 6221 6223 6219
f 420 6222 6225
f 6222 1632 6224
f 6224 1633 6225
f 6222 6224 6225
f 1632 6220 6226
f 6220 415 6180
f 6180 1623 6226
f 6220 6180 6226
f 1623 6178 6228
f 6178 426 6227
f 6227 1633 6228
f 6178 6227 6228
f 1632 6226 6224
f 6226 1623 6228
f 6228 1633 6224
f 6226 6228 6224
f 420 6225 6205
f 6225 1633 6229
f 6229 1629 6205
f 6225 6229 6205
f 1633 6227 6231
f 6227 426 6230
f 6230 1634 6231
f 6227 6230 6231
f 1634 6232 6233
f 6232 124 6207
f 6207 1629 6233
f 6232 6207 6233
f 1633 6231 6229
f 6231 1634 6233
f 6233 1629 6229
f 6231 6233 6229
f 124 6232 6235
f 6232 1634 6234
f 6234 1635 6235
f 6232 6234 6235
f 1634 6230 6236
f 6230 426 6174
f 6174 1621 6236
f 6230 6174 6236
f 1621 6172 6238
f 6172 425 6237
f 6237 1635 6238
f 6172 6237 6238
f 1634 6236 6234
f 6236 1621 6238
f 6238 1635 6234
f 6236 6238 6234
f 124 6235 2517
f 6235 1635 6239
f 6239 677 2517
f 6235 6239 2517
f 1635 6237 6241
f 6237 425 6240
f 6240 1636 6241
f 6237 6240 6241
f 1636 6242 6243
f 6242 126 2519
f 2519 677 6243
f 6242 2519 6243
f 1635 6241 6239
f 6241 1636 6243
f 6243 677 6239
f 6241 6243 6239
f 126 6242 6245
f 6242 1636 6244
f 6244 1637 6245
f 6242 6244 6245
f 1636 6240 6246
f 6240 425 6162
f 6162 1618 6246
f 6240 6162 6246
f 1618 6160 6248
f 6160 424 6247
f 6247 1637 6248
f 6160 6247 6248
f 1636 6246 6244
f 6246 1618 6248
f 6248 1637 6244
f 6246 6248 6244
f 126 6245 2531
f 6245 1637 6249
f 6249 681 2531
f 6245 6249 2531
f 1637 6247 6251
f 6247 424 6250
f 6250 1638 6251
f 6247 6250 6251
f 1638 6252 6253
f 6252 128 2533
f 2533 681 6253
f 6252 2533 6253
f 1637 6251 6249
f 6251 1638 6253
f 6253 681 6249
f 6251 6253 6249
f 128 6252 6255
f 6252 1638 6254
f 6254 1639 6255
f 6252 6254 6255
f 1638 6250 6256
f 6250 424 6150
f 6150 1615 6256
f 6250 6150 6256
f 1615 6148 6258
f 6148 423 6257
f 6257 1639 6258
f 6148 6257 6258
f 1638 6256 6254
f 6256 1615 6258
f 6258 1639 6254
f 6256 6258 6254
f 128 6255 2545
f 6255 1639 6259
f 6259 685 2545
f 6255 6259 2545
f 1639 6257 6261
f 6257 423 6260
f 6260 1640 6261
f 6257 6260 6261
f 1640 6262 6263
f 6262 115 2547
f 2547 685 6263
f 6262 2547 6263
f 1639 6261 6259
f 6261 1640 6263
f 6263 685 6259
f 6261 6263 6259
f 283 4175 4346
f 4175 1116 6264
f 6264 1162 4346
f 4175 6264 4346
f 1116 4173 6266
f 4173 252 6265
f 6265 1641 6266
f 4173 6265 6266
f 1641 6267 6268
f 6267 298 4342
f 4342 1162 6268
f 6267 4342 6268
f 1116 6266 6264
f 6266 1641 6268
f 6268 1162 6264
f 6266 6268 6264
f 298 6267 6270
f 6267 1641 6269
f 6269 1642 6270
f 6267 6269 6270
f 1641 6265 6271
f 6265 252 3702
f 3702 998 6271
f 6265 3702 6271
f 998 3706 6273
f 3706 253 6272
f 6272 1642 6273
f 3706 6272 6273
f 1641 6271 6269
f 6271 998 6273
f 6273 1642 6269
f 6271 6273 6269
f 298 6270 4334
f 6270 1642 6274
f 6274 1159 4334
f 6270 6274 4334
f 1642 6272 6276
f 6272 253 6275
f 6275 1643 6276
f 6272 6275 6276
f 1643 6277 6278
f 6277 297 4330
f 4330 1159 6278
f 6277 4330 6278
f 1642 6276 6274
f 6276 1643 6278
f 6278 1159 6274
f 6276 6278 6274
f 297 6277 6280
f 6277 1643 6279
f 6279 1644 6280
f 6277 6279 6280
f 1643 6275 6281
f 6275 253 3730
f 3730 1006 6281
f 6275 3730 6281
f 1006 3734 6283
f 3734 255 6282
f 6282 1644 6283
f 3734 6282 6283
f 1643 6281 6279
f 6281 1006 6283
f 6283 1644 6279
f 6281 6283 6279
f 297 6280 4322
f 6280 1644 6284
f 6284 1156 4322
f 6280 6284 4322
f 1644 6282 6286
f 6282 255 6285
f 6285 1645 6286
f 6282 6285 6286
f 1645 6287 6288
f 6287 296 4317
f 4317 1156 6288
f 6287 4317 6288
f 1644 6286 6284
f 6286 1645 6288
f 6288 1156 6284
f 6286 6288 6284
f 296 6287 5030
f 6287 1645 6289
f 6289 1336 5030
f 6287 6289 5030
f 1645 6285 6290
f 6285 255 3719
f 3719 1001 6290
f 6285 3719 6290
f 1001 3717 6291
f 3717 245 5026
f 5026 1336 6291
f 3717 5026 6291
f 1645 6290 6289
f 6290 1001 6291
f 6291 1336 6289
f 6290 6291 6289
